
================================================================================
🧪 TEST AGENT MAGEN V22 - ARC-AGI-3 LOCAL
================================================================================
Architecture: TLE + PatternMatcher + ObjectExtractor + MetaArbiter + C17+C18+C19
Score baseline: 174/400 (43.5%) sur puzzles statiques
Test: 3 jeux avec max 100 actions par jeu
================================================================================

[TLE] Action space initialized: 5 actions
[MAGEN] Agent ARC-AGI-3 initialisé avec architecture complète
[MAGEN] Composants: TLE, PatternMatcher, ObjectExtractor, MetaArbiter, C17+C18+C19
================================================================================
🧠 MAGEN V22 - AGENT COMPLET POUR ARC-AGI-3
================================================================================
Session ID: 20260614_020641
API Key: b6ebc9c5...55d4
Mode: 🔒 PRIVÉ (aucune soumission publique)
Architecture: TLE + PatternMatcher + ObjectExtractor + MetaArbiter + C17+C18+C19
Score baseline MAGEN: 174/400 (43.5%) sur puzzles statiques
================================================================================

🚀 Lancement test sur 3 jeux...


📡 Initialisation ARC-AGI Arcade...
INFO:arc_agi.scorecard:Initialized ScorecardManager with idle_for=0:15:00 and max_open_for=3 days, 0:00:00
2026-06-14 02:06:42 | INFO | Successfully fetched 25 environment(s) from API
2026-06-14 02:06:42 | INFO | Created new scorecard: 0ab5e719-94b6-485a-9325-5b8d565a8362
✅ Arcade initialisé (scorecard: 0ab5e719...)
🔒 Mode: PRIVÉ (pas de leaderboard public)

🎮 Récupération liste des jeux...
✅ 31 jeux disponibles

🎯 Compétition: 3 jeux
🔒 Mode: PRIVÉ (pas de leaderboard public)
⏱️  Début: 2026-06-14T02:06:41.542245

================================================================================
📍 Progression: 1/3 (33.3%)
================================================================================

================================================================================
🎮 Jeu: ar25-0c556536
================================================================================
2026-06-14 02:06:42 | INFO | Created new scorecard: bd82d1f0-8956-47f4-b4c7-ff54f0efa47d
2026-06-14 02:06:43 | INFO | Successfully fetched metadata for game ar25
2026-06-14 02:06:43 | INFO | Successfully reset game ar25-0c556536, guid=4db7abb0-d961-44fe-82ff-c826a5f5d78f, scorecard_id=bd82d1f0-8956-47f4-b4c7-ff54f0efa47d

[MAGEN] Début jeu - Max actions: 100
2026-06-14 02:06:43 | INFO | Successfully reset game ar25-0c556536, guid=4db7abb0-d961-44fe-82ff-c826a5f5d78f, scorecard_id=bd82d1f0-8956-47f4-b4c7-ff54f0efa47d
[ObjectExtractor] Extracted 0 structured objects
[C18 BUDGET] Allocation rotate_90:
  Réputation: 0.600 → multiplier=0.600
  Contexte: grid=100, colors=1 → multiplier=1.100
  Budget alloué: 7 (min=3, max=30)
[C18 BUDGET] Allocation rotate_180:
  Réputation: 0.600 → multiplier=0.600
  Contexte: grid=100, colors=1 → multiplier=1.100
  Budget alloué: 7 (min=3, max=30)
[C18 BUDGET] Allocation mirror_horizontal:
  Réputation: 0.600 → multiplier=0.600
  Contexte: grid=100, colors=1 → multiplier=1.100
  Budget alloué: 7 (min=3, max=30)
[C18 BUDGET] Allocation mirror_vertical:
  Réputation: 0.600 → multiplier=0.600
  Contexte: grid=100, colors=1 → multiplier=1.100
  Budget alloué: 7 (min=3, max=30)
[C18 BUDGET] Allocation identity:
  Réputation: 0.600 → multiplier=0.600
  Contexte: grid=100, colors=1 → multiplier=1.100
  Budget alloué: 7 (min=3, max=30)
[MAGEN] Décision: ACTION1 (rotate_90) - Stratégie: transformation_learning, Score: 0.60, Budget: 7.0
[ObjectExtractor] Extracted 0 structured objects
[PatternMatcher] Candidat AVANCÉ: object_counting (conf=1.0)
[PatternMatcher] Candidat AVANCÉ: diagonal_symmetry (conf=1.0)
[PatternMatcher] Candidat AVANCÉ: grid_tiling (conf=0.9)
[PatternMatcher] ✅ SÉLECTIONNÉ: object_counting (conf=1.0)
[MAGEN] Pattern détecté: object_counting (conf=1.00)
[MAGEN] Décision: ACTION2 (rotate_180) - Stratégie: transformation_learning, Score: 0.60, Budget: 7.0
[ObjectExtractor] Extracted 0 structured objects
[PatternMatcher] Candidat AVANCÉ: object_counting (conf=1.0)
[PatternMatcher] Candidat AVANCÉ: diagonal_symmetry (conf=1.0)
[PatternMatcher] Candidat AVANCÉ: grid_tiling (conf=0.9)
[PatternMatcher] ✅ SÉLECTIONNÉ: object_counting (conf=1.0)
[MAGEN] Pattern détecté: object_counting (conf=1.00)
[MAGEN] Décision: ACTION3 (mirror_horizontal) - Stratégie: transformation_learning, Score: 0.60, Budget: 7.0
[ObjectExtractor] Extracted 0 structured objects
[PatternMatcher] Candidat AVANCÉ: object_counting (conf=1.0)
[PatternMatcher] Candidat AVANCÉ: diagonal_symmetry (conf=1.0)
[PatternMatcher] Candidat AVANCÉ: grid_tiling (conf=0.9)
[PatternMatcher] ✅ SÉLECTIONNÉ: object_counting (conf=1.0)
[MAGEN] Pattern détecté: object_counting (conf=1.00)
[MAGEN] Décision: ACTION4 (mirror_vertical) - Stratégie: transformation_learning, Score: 0.60, Budget: 7.0
[ObjectExtractor] Extracted 0 structured objects
[PatternMatcher] Candidat AVANCÉ: object_counting (conf=1.0)
[PatternMatcher] Candidat AVANCÉ: diagonal_symmetry (conf=1.0)
[PatternMatcher] Candidat AVANCÉ: grid_tiling (conf=0.9)
[PatternMatcher] ✅ SÉLECTIONNÉ: object_counting (conf=1.0)
[MAGEN] Pattern détecté: object_counting (conf=1.00)
[MAGEN] Décision: ACTION5 (identity) - Stratégie: transformation_learning, Score: 0.60, Budget: 7.0
[ObjectExtractor] Extracted 0 structured objects
[PatternMatcher] Candidat AVANCÉ: object_counting (conf=1.0)
[PatternMatcher] Candidat AVANCÉ: diagonal_symmetry (conf=1.0)
[PatternMatcher] Candidat AVANCÉ: grid_tiling (conf=0.9)
[PatternMatcher] ✅ SÉLECTIONNÉ: object_counting (conf=1.0)
[MAGEN] Pattern détecté: object_counting (conf=1.00)
[MAGEN] Décision: ACTION1 (rotate_90) - Stratégie: transformation_learning, Score: 0.07, Budget: 7.0
[ObjectExtractor] Extracted 0 structured objects
[PatternMatcher] Candidat AVANCÉ: object_counting (conf=1.0)
[PatternMatcher] Candidat AVANCÉ: diagonal_symmetry (conf=1.0)
[PatternMatcher] Candidat AVANCÉ: grid_tiling (conf=0.9)
[PatternMatcher] ✅ SÉLECTIONNÉ: object_counting (conf=1.0)
[MAGEN] Pattern détecté: object_counting (conf=1.00)
[MAGEN] Décision: ACTION2 (rotate_180) - Stratégie: transformation_learning, Score: 0.07, Budget: 7.0
[ObjectExtractor] Extracted 0 structured objects
[PatternMatcher] Candidat AVANCÉ: object_counting (conf=1.0)
[PatternMatcher] Candidat AVANCÉ: diagonal_symmetry (conf=1.0)
[PatternMatcher] Candidat AVANCÉ: grid_tiling (conf=0.9)
[PatternMatcher] ✅ SÉLECTIONNÉ: object_counting (conf=1.0)
[MAGEN] Pattern détecté: object_counting (conf=1.00)
[MAGEN] Décision: ACTION3 (mirror_horizontal) - Stratégie: transformation_learning, Score: 0.07, Budget: 7.0
[ObjectExtractor] Extracted 0 structured objects
[PatternMatcher] Candidat AVANCÉ: object_counting (conf=1.0)
[PatternMatcher] Candidat AVANCÉ: diagonal_symmetry (conf=1.0)
[PatternMatcher] Candidat AVANCÉ: grid_tiling (conf=0.9)
[PatternMatcher] ✅ SÉLECTIONNÉ: object_counting (conf=1.0)
[MAGEN] Pattern détecté: object_counting (conf=1.00)
[MAGEN] Décision: ACTION4 (mirror_vertical) - Stratégie: transformation_learning, Score: 0.07, Budget: 7.0
[ObjectExtractor] Extracted 0 structured objects
[PatternMatcher] Candidat AVANCÉ: object_counting (conf=1.0)
[PatternMatcher] Candidat AVANCÉ: diagonal_symmetry (conf=1.0)
[PatternMatcher] Candidat AVANCÉ: grid_tiling (conf=0.9)
[PatternMatcher] ✅ SÉLECTIONNÉ: object_counting (conf=1.0)
[MAGEN] Pattern détecté: object_counting (conf=1.00)
[MAGEN] Décision: ACTION5 (identity) - Stratégie: transformation_learning, Score: 0.07, Budget: 7.0
[ObjectExtractor] Extracted 0 structured objects
[PatternMatcher] Candidat AVANCÉ: object_counting (conf=1.0)
[PatternMatcher] Candidat AVANCÉ: diagonal_symmetry (conf=1.0)
[PatternMatcher] Candidat AVANCÉ: grid_tiling (conf=0.9)
[PatternMatcher] ✅ SÉLECTIONNÉ: object_counting (conf=1.0)
[MAGEN] Pattern détecté: object_counting (conf=1.00)
[MAGEN] Actions: 10/100 | Niveaux: 0 | État: NOT_FINISHED
[MAGEN] Décision: ACTION1 (rotate_90) - Stratégie: transformation_learning, Score: 0.06, Budget: 7.0
[ObjectExtractor] Extracted 0 structured objects
[PatternMatcher] Candidat AVANCÉ: object_counting (conf=1.0)
[PatternMatcher] Candidat AVANCÉ: diagonal_symmetry (conf=1.0)
[PatternMatcher] Candidat AVANCÉ: grid_tiling (conf=0.9)
[PatternMatcher] ✅ SÉLECTIONNÉ: object_counting (conf=1.0)
[MAGEN] Pattern détecté: object_counting (conf=1.00)
[MAGEN] Décision: ACTION2 (rotate_180) - Stratégie: transformation_learning, Score: 0.06, Budget: 7.0
[ObjectExtractor] Extracted 0 structured objects
[PatternMatcher] Candidat AVANCÉ: object_counting (conf=1.0)
[PatternMatcher] Candidat AVANCÉ: diagonal_symmetry (conf=1.0)
[PatternMatcher] Candidat AVANCÉ: grid_tiling (conf=0.9)
[PatternMatcher] ✅ SÉLECTIONNÉ: object_counting (conf=1.0)
[MAGEN] Pattern détecté: object_counting (conf=1.00)
[MAGEN] Décision: ACTION3 (mirror_horizontal) - Stratégie: transformation_learning, Score: 0.06, Budget: 7.0
[ObjectExtractor] Extracted 0 structured objects
[PatternMatcher] Candidat AVANCÉ: object_counting (conf=1.0)
[PatternMatcher] Candidat AVANCÉ: diagonal_symmetry (conf=1.0)
[PatternMatcher] Candidat AVANCÉ: grid_tiling (conf=0.9)
[PatternMatcher] ✅ SÉLECTIONNÉ: object_counting (conf=1.0)
[MAGEN] Pattern détecté: object_counting (conf=1.00)
[MAGEN] Décision: ACTION4 (mirror_vertical) - Stratégie: transformation_learning, Score: 0.06, Budget: 7.0
[ObjectExtractor] Extracted 0 structured objects
[PatternMatcher] Candidat AVANCÉ: object_counting (conf=1.0)
[PatternMatcher] Candidat AVANCÉ: diagonal_symmetry (conf=1.0)
[PatternMatcher] Candidat AVANCÉ: grid_tiling (conf=0.9)
[PatternMatcher] ✅ SÉLECTIONNÉ: object_counting (conf=1.0)
[MAGEN] Pattern détecté: object_counting (conf=1.00)
[MAGEN] Décision: ACTION5 (identity) - Stratégie: transformation_learning, Score: 0.06, Budget: 7.0
[ObjectExtractor] Extracted 0 structured objects
[PatternMatcher] Candidat AVANCÉ: object_counting (conf=1.0)
[PatternMatcher] Candidat AVANCÉ: diagonal_symmetry (conf=1.0)
[PatternMatcher] Candidat AVANCÉ: grid_tiling (conf=0.9)
[PatternMatcher] ✅ SÉLECTIONNÉ: object_counting (conf=1.0)
[MAGEN] Pattern détecté: object_counting (conf=1.00)
[MAGEN] Décision: ACTION1 (rotate_90) - Stratégie: transformation_learning, Score: 0.05, Budget: 7.0
[ObjectExtractor] Extracted 0 structured objects
[PatternMatcher] Candidat AVANCÉ: object_counting (conf=1.0)
[PatternMatcher] Candidat AVANCÉ: diagonal_symmetry (conf=1.0)
[PatternMatcher] Candidat AVANCÉ: grid_tiling (conf=0.9)
[PatternMatcher] ✅ SÉLECTIONNÉ: object_counting (conf=1.0)
[MAGEN] Pattern détecté: object_counting (conf=1.00)
[MAGEN] Décision: ACTION2 (rotate_180) - Stratégie: transformation_learning, Score: 0.05, Budget: 7.0
[ObjectExtractor] Extracted 0 structured objects
[PatternMatcher] Candidat AVANCÉ: object_counting (conf=1.0)
[PatternMatcher] Candidat AVANCÉ: diagonal_symmetry (conf=1.0)
[PatternMatcher] Candidat AVANCÉ: grid_tiling (conf=0.9)
[PatternMatcher] ✅ SÉLECTIONNÉ: object_counting (conf=1.0)
[MAGEN] Pattern détecté: object_counting (conf=1.00)
[MAGEN] Décision: ACTION3 (mirror_horizontal) - Stratégie: transformation_learning, Score: 0.05, Budget: 7.0
[ObjectExtractor] Extracted 0 structured objects
[PatternMatcher] Candidat AVANCÉ: object_counting (conf=1.0)
[PatternMatcher] Candidat AVANCÉ: diagonal_symmetry (conf=1.0)
[PatternMatcher] Candidat AVANCÉ: grid_tiling (conf=0.9)
[PatternMatcher] ✅ SÉLECTIONNÉ: object_counting (conf=1.0)
[MAGEN] Pattern détecté: object_counting (conf=1.00)
[MAGEN] Décision: ACTION4 (mirror_vertical) - Stratégie: transformation_learning, Score: 0.05, Budget: 7.0
[ObjectExtractor] Extracted 0 structured objects
[PatternMatcher] Candidat AVANCÉ: object_counting (conf=1.0)
[PatternMatcher] Candidat AVANCÉ: diagonal_symmetry (conf=1.0)
[PatternMatcher] Candidat AVANCÉ: grid_tiling (conf=0.9)
[PatternMatcher] ✅ SÉLECTIONNÉ: object_counting (conf=1.0)
[MAGEN] Pattern détecté: object_counting (conf=1.00)
[MAGEN] Décision: ACTION5 (identity) - Stratégie: transformation_learning, Score: 0.05, Budget: 7.0
[ObjectExtractor] Extracted 0 structured objects
[PatternMatcher] Candidat AVANCÉ: object_counting (conf=1.0)
[PatternMatcher] Candidat AVANCÉ: diagonal_symmetry (conf=1.0)
[PatternMatcher] Candidat AVANCÉ: grid_tiling (conf=0.9)
[PatternMatcher] ✅ SÉLECTIONNÉ: object_counting (conf=1.0)
[MAGEN] Pattern détecté: object_counting (conf=1.00)
[MAGEN] Actions: 20/100 | Niveaux: 0 | État: NOT_FINISHED
[MAGEN] Décision: ACTION1 (rotate_90) - Stratégie: transformation_learning, Score: 0.04, Budget: 7.0
[ObjectExtractor] Extracted 0 structured objects
[PatternMatcher] Candidat AVANCÉ: object_counting (conf=1.0)
[PatternMatcher] Candidat AVANCÉ: diagonal_symmetry (conf=1.0)
[PatternMatcher] Candidat AVANCÉ: grid_tiling (conf=0.9)
[PatternMatcher] ✅ SÉLECTIONNÉ: object_counting (conf=1.0)
[MAGEN] Pattern détecté: object_counting (conf=1.00)
[MAGEN] Décision: ACTION2 (rotate_180) - Stratégie: transformation_learning, Score: 0.04, Budget: 7.0
[ObjectExtractor] Extracted 0 structured objects
[PatternMatcher] Candidat AVANCÉ: object_counting (conf=1.0)
[PatternMatcher] Candidat AVANCÉ: diagonal_symmetry (conf=1.0)
[PatternMatcher] Candidat AVANCÉ: grid_tiling (conf=0.9)
[PatternMatcher] ✅ SÉLECTIONNÉ: object_counting (conf=1.0)
[MAGEN] Pattern détecté: object_counting (conf=1.00)
[MAGEN] Décision: ACTION3 (mirror_horizontal) - Stratégie: transformation_learning, Score: 0.04, Budget: 7.0
[ObjectExtractor] Extracted 0 structured objects
[PatternMatcher] Candidat AVANCÉ: object_counting (conf=1.0)
[PatternMatcher] Candidat AVANCÉ: diagonal_symmetry (conf=1.0)
[PatternMatcher] Candidat AVANCÉ: grid_tiling (conf=0.9)
[PatternMatcher] ✅ SÉLECTIONNÉ: object_counting (conf=1.0)
[MAGEN] Pattern détecté: object_counting (conf=1.00)
[MAGEN] Décision: ACTION4 (mirror_vertical) - Stratégie: transformation_learning, Score: 0.04, Budget: 7.0
[ObjectExtractor] Extracted 0 structured objects
[PatternMatcher] Candidat AVANCÉ: object_counting (conf=1.0)
[PatternMatcher] Candidat AVANCÉ: diagonal_symmetry (conf=1.0)
[PatternMatcher] Candidat AVANCÉ: grid_tiling (conf=0.9)
[PatternMatcher] ✅ SÉLECTIONNÉ: object_counting (conf=1.0)
[MAGEN] Pattern détecté: object_counting (conf=1.00)
[MAGEN] Décision: ACTION5 (identity) - Stratégie: transformation_learning, Score: 0.04, Budget: 7.0
[ObjectExtractor] Extracted 0 structured objects
[PatternMatcher] Candidat AVANCÉ: object_counting (conf=1.0)
[PatternMatcher] Candidat AVANCÉ: diagonal_symmetry (conf=1.0)
[PatternMatcher] Candidat AVANCÉ: grid_tiling (conf=0.9)
[PatternMatcher] ✅ SÉLECTIONNÉ: object_counting (conf=1.0)
[MAGEN] Pattern détecté: object_counting (conf=1.00)
[MAGEN] Décision: ACTION1 (rotate_90) - Stratégie: transformation_learning, Score: 0.04, Budget: 7.0
[ObjectExtractor] Extracted 0 structured objects
[PatternMatcher] Candidat AVANCÉ: object_counting (conf=1.0)
[PatternMatcher] Candidat AVANCÉ: diagonal_symmetry (conf=1.0)
[PatternMatcher] Candidat AVANCÉ: grid_tiling (conf=0.9)
[PatternMatcher] ✅ SÉLECTIONNÉ: object_counting (conf=1.0)
[MAGEN] Pattern détecté: object_counting (conf=1.00)
[MAGEN] Décision: ACTION2 (rotate_180) - Stratégie: transformation_learning, Score: 0.04, Budget: 7.0
[ObjectExtractor] Extracted 0 structured objects
[PatternMatcher] Candidat AVANCÉ: object_counting (conf=1.0)
[PatternMatcher] Candidat AVANCÉ: diagonal_symmetry (conf=1.0)
[PatternMatcher] Candidat AVANCÉ: grid_tiling (conf=0.9)
[PatternMatcher] ✅ SÉLECTIONNÉ: object_counting (conf=1.0)
[MAGEN] Pattern détecté: object_counting (conf=1.00)
[MAGEN] Décision: ACTION3 (mirror_horizontal) - Stratégie: transformation_learning, Score: 0.04, Budget: 7.0
[ObjectExtractor] Extracted 0 structured objects
[PatternMatcher] Candidat AVANCÉ: object_counting (conf=1.0)
[PatternMatcher] Candidat AVANCÉ: diagonal_symmetry (conf=1.0)
[PatternMatcher] Candidat AVANCÉ: grid_tiling (conf=0.9)
[PatternMatcher] ✅ SÉLECTIONNÉ: object_counting (conf=1.0)
[MAGEN] Pattern détecté: object_counting (conf=1.00)
[MAGEN] Décision: ACTION4 (mirror_vertical) - Stratégie: transformation_learning, Score: 0.04, Budget: 7.0
[ObjectExtractor] Extracted 0 structured objects
[PatternMatcher] Candidat AVANCÉ: object_counting (conf=1.0)
[PatternMatcher] Candidat AVANCÉ: diagonal_symmetry (conf=1.0)
[PatternMatcher] Candidat AVANCÉ: grid_tiling (conf=0.9)
[PatternMatcher] ✅ SÉLECTIONNÉ: object_counting (conf=1.0)
[MAGEN] Pattern détecté: object_counting (conf=1.00)
[MAGEN] Décision: ACTION5 (identity) - Stratégie: transformation_learning, Score: 0.04, Budget: 7.0
[ObjectExtractor] Extracted 0 structured objects
[PatternMatcher] Candidat AVANCÉ: object_counting (conf=1.0)
[PatternMatcher] Candidat AVANCÉ: diagonal_symmetry (conf=1.0)
[PatternMatcher] Candidat AVANCÉ: grid_tiling (conf=0.9)
[PatternMatcher] ✅ SÉLECTIONNÉ: object_counting (conf=1.0)
[MAGEN] Pattern détecté: object_counting (conf=1.00)
[MAGEN] Actions: 30/100 | Niveaux: 0 | État: NOT_FINISHED
[MAGEN] Décision: ACTION1 (rotate_90) - Stratégie: transformation_learning, Score: 0.04, Budget: 7.0
[ObjectExtractor] Extracted 0 structured objects
[PatternMatcher] Candidat AVANCÉ: object_counting (conf=1.0)
[PatternMatcher] Candidat AVANCÉ: diagonal_symmetry (conf=1.0)
[PatternMatcher] Candidat AVANCÉ: grid_tiling (conf=0.9)
[PatternMatcher] ✅ SÉLECTIONNÉ: object_counting (conf=1.0)
[MAGEN] Pattern détecté: object_counting (conf=1.00)
[MAGEN] Décision: ACTION2 (rotate_180) - Stratégie: transformation_learning, Score: 0.04, Budget: 7.0
[ObjectExtractor] Extracted 0 structured objects
[PatternMatcher] Candidat AVANCÉ: object_counting (conf=1.0)
[PatternMatcher] Candidat AVANCÉ: diagonal_symmetry (conf=1.0)
[PatternMatcher] Candidat AVANCÉ: grid_tiling (conf=0.9)
[PatternMatcher] ✅ SÉLECTIONNÉ: object_counting (conf=1.0)
[MAGEN] Pattern détecté: object_counting (conf=1.00)
[MAGEN] Décision: ACTION3 (mirror_horizontal) - Stratégie: transformation_learning, Score: 0.04, Budget: 7.0
[ObjectExtractor] Extracted 0 structured objects
[PatternMatcher] Candidat AVANCÉ: object_counting (conf=1.0)
[PatternMatcher] Candidat AVANCÉ: diagonal_symmetry (conf=1.0)
[PatternMatcher] Candidat AVANCÉ: grid_tiling (conf=0.9)
[PatternMatcher] ✅ SÉLECTIONNÉ: object_counting (conf=1.0)
[MAGEN] Pattern détecté: object_counting (conf=1.00)
[MAGEN] Décision: ACTION4 (mirror_vertical) - Stratégie: transformation_learning, Score: 0.04, Budget: 7.0
[ObjectExtractor] Extracted 0 structured objects
[PatternMatcher] Candidat AVANCÉ: object_counting (conf=1.0)
[PatternMatcher] Candidat AVANCÉ: diagonal_symmetry (conf=1.0)
[PatternMatcher] Candidat AVANCÉ: grid_tiling (conf=0.9)
[PatternMatcher] ✅ SÉLECTIONNÉ: object_counting (conf=1.0)
[MAGEN] Pattern détecté: object_counting (conf=1.00)
[MAGEN] Décision: ACTION5 (identity) - Stratégie: transformation_learning, Score: 0.04, Budget: 7.0
[ObjectExtractor] Extracted 0 structured objects
[PatternMatcher] Candidat AVANCÉ: object_counting (conf=1.0)
[PatternMatcher] Candidat AVANCÉ: diagonal_symmetry (conf=1.0)
[PatternMatcher] Candidat AVANCÉ: grid_tiling (conf=0.9)
[PatternMatcher] ✅ SÉLECTIONNÉ: object_counting (conf=1.0)
[MAGEN] Pattern détecté: object_counting (conf=1.00)
[MAGEN] Décision: ACTION1 (rotate_90) - Stratégie: transformation_learning, Score: 0.04, Budget: 7.0
[ObjectExtractor] Extracted 0 structured objects
[PatternMatcher] Candidat AVANCÉ: object_counting (conf=1.0)
[PatternMatcher] Candidat AVANCÉ: diagonal_symmetry (conf=1.0)
[PatternMatcher] Candidat AVANCÉ: grid_tiling (conf=0.9)
[PatternMatcher] ✅ SÉLECTIONNÉ: object_counting (conf=1.0)
[MAGEN] Pattern détecté: object_counting (conf=1.00)
[MAGEN] Décision: ACTION2 (rotate_180) - Stratégie: transformation_learning, Score: 0.04, Budget: 7.0
[ObjectExtractor] Extracted 0 structured objects
[PatternMatcher] Candidat AVANCÉ: object_counting (conf=1.0)
[PatternMatcher] Candidat AVANCÉ: diagonal_symmetry (conf=1.0)
[PatternMatcher] Candidat AVANCÉ: grid_tiling (conf=0.9)
[PatternMatcher] ✅ SÉLECTIONNÉ: object_counting (conf=1.0)
[MAGEN] Pattern détecté: object_counting (conf=1.00)
[MAGEN] Décision: ACTION3 (mirror_horizontal) - Stratégie: transformation_learning, Score: 0.04, Budget: 7.0
[ObjectExtractor] Extracted 0 structured objects
[PatternMatcher] Candidat AVANCÉ: object_counting (conf=1.0)
[PatternMatcher] Candidat AVANCÉ: diagonal_symmetry (conf=1.0)
[PatternMatcher] Candidat AVANCÉ: grid_tiling (conf=0.9)
[PatternMatcher] ✅ SÉLECTIONNÉ: object_counting (conf=1.0)
[MAGEN] Pattern détecté: object_counting (conf=1.00)
[MAGEN] Décision: ACTION4 (mirror_vertical) - Stratégie: transformation_learning, Score: 0.04, Budget: 7.0
[ObjectExtractor] Extracted 0 structured objects
[PatternMatcher] Candidat AVANCÉ: object_counting (conf=1.0)
[PatternMatcher] Candidat AVANCÉ: diagonal_symmetry (conf=1.0)
[PatternMatcher] Candidat AVANCÉ: grid_tiling (conf=0.9)
[PatternMatcher] ✅ SÉLECTIONNÉ: object_counting (conf=1.0)
[MAGEN] Pattern détecté: object_counting (conf=1.00)
[MAGEN] Décision: ACTION5 (identity) - Stratégie: transformation_learning, Score: 0.04, Budget: 7.0
[ObjectExtractor] Extracted 0 structured objects
[PatternMatcher] Candidat AVANCÉ: object_counting (conf=1.0)
[PatternMatcher] Candidat AVANCÉ: diagonal_symmetry (conf=1.0)
[PatternMatcher] Candidat AVANCÉ: grid_tiling (conf=0.9)
[PatternMatcher] ✅ SÉLECTIONNÉ: object_counting (conf=1.0)
[MAGEN] Pattern détecté: object_counting (conf=1.00)
[MAGEN] Actions: 40/100 | Niveaux: 0 | État: NOT_FINISHED
[MAGEN] Décision: ACTION1 (rotate_90) - Stratégie: transformation_learning, Score: 0.03, Budget: 7.0
[ObjectExtractor] Extracted 0 structured objects
[PatternMatcher] Candidat AVANCÉ: object_counting (conf=1.0)
[PatternMatcher] Candidat AVANCÉ: diagonal_symmetry (conf=1.0)
[PatternMatcher] Candidat AVANCÉ: grid_tiling (conf=0.9)
[PatternMatcher] ✅ SÉLECTIONNÉ: object_counting (conf=1.0)
[MAGEN] Pattern détecté: object_counting (conf=1.00)
[MAGEN] Décision: ACTION2 (rotate_180) - Stratégie: transformation_learning, Score: 0.03, Budget: 7.0
[ObjectExtractor] Extracted 0 structured objects
[PatternMatcher] Candidat AVANCÉ: object_counting (conf=1.0)
[PatternMatcher] Candidat AVANCÉ: diagonal_symmetry (conf=1.0)
[PatternMatcher] Candidat AVANCÉ: grid_tiling (conf=0.9)
[PatternMatcher] ✅ SÉLECTIONNÉ: object_counting (conf=1.0)
[MAGEN] Pattern détecté: object_counting (conf=1.00)
[MAGEN] Décision: ACTION3 (mirror_horizontal) - Stratégie: transformation_learning, Score: 0.03, Budget: 7.0
[ObjectExtractor] Extracted 0 structured objects
[PatternMatcher] Candidat AVANCÉ: object_counting (conf=1.0)
[PatternMatcher] Candidat AVANCÉ: diagonal_symmetry (conf=1.0)
[PatternMatcher] Candidat AVANCÉ: grid_tiling (conf=0.9)
[PatternMatcher] ✅ SÉLECTIONNÉ: object_counting (conf=1.0)
[MAGEN] Pattern détecté: object_counting (conf=1.00)
[MAGEN] Décision: ACTION4 (mirror_vertical) - Stratégie: transformation_learning, Score: 0.03, Budget: 7.0
[ObjectExtractor] Extracted 0 structured objects
[PatternMatcher] Candidat AVANCÉ: object_counting (conf=1.0)
[PatternMatcher] Candidat AVANCÉ: diagonal_symmetry (conf=1.0)
[PatternMatcher] Candidat AVANCÉ: grid_tiling (conf=0.9)
[PatternMatcher] ✅ SÉLECTIONNÉ: object_counting (conf=1.0)
[MAGEN] Pattern détecté: object_counting (conf=1.00)
[MAGEN] Décision: ACTION5 (identity) - Stratégie: transformation_learning, Score: 0.03, Budget: 7.0
[ObjectExtractor] Extracted 0 structured objects
[PatternMatcher] Candidat AVANCÉ: object_counting (conf=1.0)
[PatternMatcher] Candidat AVANCÉ: diagonal_symmetry (conf=1.0)
[PatternMatcher] Candidat AVANCÉ: grid_tiling (conf=0.9)
[PatternMatcher] ✅ SÉLECTIONNÉ: object_counting (conf=1.0)
[MAGEN] Pattern détecté: object_counting (conf=1.00)
[MAGEN] Décision: ACTION1 (rotate_90) - Stratégie: transformation_learning, Score: 0.03, Budget: 7.0
[ObjectExtractor] Extracted 0 structured objects
[PatternMatcher] Candidat AVANCÉ: object_counting (conf=1.0)
[PatternMatcher] Candidat AVANCÉ: diagonal_symmetry (conf=1.0)
[PatternMatcher] Candidat AVANCÉ: grid_tiling (conf=0.9)
[PatternMatcher] ✅ SÉLECTIONNÉ: object_counting (conf=1.0)
[MAGEN] Pattern détecté: object_counting (conf=1.00)
[MAGEN] Décision: ACTION2 (rotate_180) - Stratégie: transformation_learning, Score: 0.03, Budget: 7.0
[ObjectExtractor] Extracted 0 structured objects
[PatternMatcher] Candidat AVANCÉ: object_counting (conf=1.0)
[PatternMatcher] Candidat AVANCÉ: diagonal_symmetry (conf=1.0)
[PatternMatcher] Candidat AVANCÉ: grid_tiling (conf=0.9)
[PatternMatcher] ✅ SÉLECTIONNÉ: object_counting (conf=1.0)
[MAGEN] Pattern détecté: object_counting (conf=1.00)
[MAGEN] Décision: ACTION3 (mirror_horizontal) - Stratégie: transformation_learning, Score: 0.03, Budget: 7.0
[ObjectExtractor] Extracted 0 structured objects
[PatternMatcher] Candidat AVANCÉ: object_counting (conf=1.0)
[PatternMatcher] Candidat AVANCÉ: diagonal_symmetry (conf=1.0)
[PatternMatcher] Candidat AVANCÉ: grid_tiling (conf=0.9)
[PatternMatcher] ✅ SÉLECTIONNÉ: object_counting (conf=1.0)
[MAGEN] Pattern détecté: object_counting (conf=1.00)
[MAGEN] Décision: ACTION4 (mirror_vertical) - Stratégie: transformation_learning, Score: 0.03, Budget: 7.0
[ObjectExtractor] Extracted 0 structured objects
[PatternMatcher] Candidat AVANCÉ: object_counting (conf=1.0)
[PatternMatcher] Candidat AVANCÉ: diagonal_symmetry (conf=1.0)
[PatternMatcher] Candidat AVANCÉ: grid_tiling (conf=0.9)
[PatternMatcher] ✅ SÉLECTIONNÉ: object_counting (conf=1.0)
[MAGEN] Pattern détecté: object_counting (conf=1.00)
[MAGEN] Décision: ACTION5 (identity) - Stratégie: transformation_learning, Score: 0.03, Budget: 7.0
[ObjectExtractor] Extracted 0 structured objects
[PatternMatcher] Candidat AVANCÉ: object_counting (conf=1.0)
[PatternMatcher] Candidat AVANCÉ: diagonal_symmetry (conf=1.0)
[PatternMatcher] Candidat AVANCÉ: grid_tiling (conf=0.9)
[PatternMatcher] ✅ SÉLECTIONNÉ: object_counting (conf=1.0)
[MAGEN] Pattern détecté: object_counting (conf=1.00)
[MAGEN] Actions: 50/100 | Niveaux: 0 | État: NOT_FINISHED
[MAGEN] Décision: ACTION1 (rotate_90) - Stratégie: transformation_learning, Score: 0.03, Budget: 7.0
[ObjectExtractor] Extracted 0 structured objects
[PatternMatcher] Candidat AVANCÉ: object_counting (conf=1.0)
[PatternMatcher] Candidat AVANCÉ: diagonal_symmetry (conf=1.0)
[PatternMatcher] Candidat AVANCÉ: grid_tiling (conf=0.9)
[PatternMatcher] ✅ SÉLECTIONNÉ: object_counting (conf=1.0)
[MAGEN] Pattern détecté: object_counting (conf=1.00)
[MAGEN] Décision: ACTION2 (rotate_180) - Stratégie: transformation_learning, Score: 0.03, Budget: 7.0
[ObjectExtractor] Extracted 0 structured objects
[PatternMatcher] Candidat AVANCÉ: object_counting (conf=1.0)
[PatternMatcher] Candidat AVANCÉ: diagonal_symmetry (conf=1.0)
[PatternMatcher] Candidat AVANCÉ: grid_tiling (conf=0.9)
[PatternMatcher] ✅ SÉLECTIONNÉ: object_counting (conf=1.0)
[MAGEN] Pattern détecté: object_counting (conf=1.00)
[MAGEN] Décision: ACTION3 (mirror_horizontal) - Stratégie: transformation_learning, Score: 0.03, Budget: 7.0
[ObjectExtractor] Extracted 0 structured objects
[PatternMatcher] Candidat AVANCÉ: object_counting (conf=1.0)
[PatternMatcher] Candidat AVANCÉ: diagonal_symmetry (conf=1.0)
[PatternMatcher] Candidat AVANCÉ: grid_tiling (conf=0.9)
[PatternMatcher] ✅ SÉLECTIONNÉ: object_counting (conf=1.0)
[MAGEN] Pattern détecté: object_counting (conf=1.00)
[MAGEN] Décision: ACTION4 (mirror_vertical) - Stratégie: transformation_learning, Score: 0.03, Budget: 7.0
[ObjectExtractor] Extracted 0 structured objects
[PatternMatcher] Candidat AVANCÉ: object_counting (conf=1.0)
[PatternMatcher] Candidat AVANCÉ: diagonal_symmetry (conf=1.0)
[PatternMatcher] Candidat AVANCÉ: grid_tiling (conf=0.9)
[PatternMatcher] ✅ SÉLECTIONNÉ: object_counting (conf=1.0)
[MAGEN] Pattern détecté: object_counting (conf=1.00)
[MAGEN] Décision: ACTION5 (identity) - Stratégie: transformation_learning, Score: 0.03, Budget: 7.0
[ObjectExtractor] Extracted 0 structured objects
[PatternMatcher] Candidat AVANCÉ: object_counting (conf=1.0)
[PatternMatcher] Candidat AVANCÉ: diagonal_symmetry (conf=1.0)
[PatternMatcher] Candidat AVANCÉ: grid_tiling (conf=0.9)
[PatternMatcher] ✅ SÉLECTIONNÉ: object_counting (conf=1.0)
[MAGEN] Pattern détecté: object_counting (conf=1.00)
[MAGEN] Décision: ACTION1 (rotate_90) - Stratégie: transformation_learning, Score: 0.03, Budget: 7.0
[ObjectExtractor] Extracted 0 structured objects
[PatternMatcher] Candidat AVANCÉ: object_counting (conf=1.0)
[PatternMatcher] Candidat AVANCÉ: diagonal_symmetry (conf=1.0)
[PatternMatcher] Candidat AVANCÉ: grid_tiling (conf=0.9)
[PatternMatcher] ✅ SÉLECTIONNÉ: object_counting (conf=1.0)
[MAGEN] Pattern détecté: object_counting (conf=1.00)
[MAGEN] Décision: ACTION2 (rotate_180) - Stratégie: transformation_learning, Score: 0.03, Budget: 7.0
[ObjectExtractor] Extracted 0 structured objects
[PatternMatcher] Candidat AVANCÉ: object_counting (conf=1.0)
[PatternMatcher] Candidat AVANCÉ: diagonal_symmetry (conf=1.0)
[PatternMatcher] Candidat AVANCÉ: grid_tiling (conf=0.9)
[PatternMatcher] ✅ SÉLECTIONNÉ: object_counting (conf=1.0)
[MAGEN] Pattern détecté: object_counting (conf=1.00)
[MAGEN] Décision: ACTION3 (mirror_horizontal) - Stratégie: transformation_learning, Score: 0.03, Budget: 7.0
[ObjectExtractor] Extracted 0 structured objects
[PatternMatcher] Candidat AVANCÉ: object_counting (conf=1.0)
[PatternMatcher] Candidat AVANCÉ: diagonal_symmetry (conf=1.0)
[PatternMatcher] Candidat AVANCÉ: grid_tiling (conf=0.9)
[PatternMatcher] ✅ SÉLECTIONNÉ: object_counting (conf=1.0)
[MAGEN] Pattern détecté: object_counting (conf=1.00)
[MAGEN] Décision: ACTION4 (mirror_vertical) - Stratégie: transformation_learning, Score: 0.03, Budget: 7.0
[ObjectExtractor] Extracted 0 structured objects
[PatternMatcher] Candidat AVANCÉ: object_counting (conf=1.0)
[PatternMatcher] Candidat AVANCÉ: diagonal_symmetry (conf=1.0)
[PatternMatcher] Candidat AVANCÉ: grid_tiling (conf=0.9)
[PatternMatcher] ✅ SÉLECTIONNÉ: object_counting (conf=1.0)
[MAGEN] Pattern détecté: object_counting (conf=1.00)
[MAGEN] Décision: ACTION5 (identity) - Stratégie: transformation_learning, Score: 0.03, Budget: 7.0
[ObjectExtractor] Extracted 0 structured objects
[PatternMatcher] Candidat AVANCÉ: object_counting (conf=1.0)
[PatternMatcher] Candidat AVANCÉ: diagonal_symmetry (conf=1.0)
[PatternMatcher] Candidat AVANCÉ: grid_tiling (conf=0.9)
[PatternMatcher] ✅ SÉLECTIONNÉ: object_counting (conf=1.0)
[MAGEN] Pattern détecté: object_counting (conf=1.00)
[MAGEN] Actions: 60/100 | Niveaux: 0 | État: NOT_FINISHED
[MAGEN] Décision: ACTION1 (rotate_90) - Stratégie: transformation_learning, Score: 0.03, Budget: 7.0
[ObjectExtractor] Extracted 0 structured objects
[PatternMatcher] Candidat AVANCÉ: object_counting (conf=1.0)
[PatternMatcher] Candidat AVANCÉ: diagonal_symmetry (conf=1.0)
[PatternMatcher] Candidat AVANCÉ: grid_tiling (conf=0.9)
[PatternMatcher] ✅ SÉLECTIONNÉ: object_counting (conf=1.0)
[MAGEN] Pattern détecté: object_counting (conf=1.00)
[MAGEN] Décision: ACTION2 (rotate_180) - Stratégie: transformation_learning, Score: 0.03, Budget: 7.0
[ObjectExtractor] Extracted 0 structured objects
[PatternMatcher] Candidat AVANCÉ: object_counting (conf=1.0)
[PatternMatcher] Candidat AVANCÉ: diagonal_symmetry (conf=1.0)
[PatternMatcher] Candidat AVANCÉ: grid_tiling (conf=0.9)
[PatternMatcher] ✅ SÉLECTIONNÉ: object_counting (conf=1.0)
[MAGEN] Pattern détecté: object_counting (conf=1.00)
[MAGEN] Décision: ACTION3 (mirror_horizontal) - Stratégie: transformation_learning, Score: 0.03, Budget: 7.0
[ObjectExtractor] Extracted 0 structured objects
[PatternMatcher] Candidat AVANCÉ: object_counting (conf=1.0)
[PatternMatcher] Candidat AVANCÉ: diagonal_symmetry (conf=1.0)
[PatternMatcher] Candidat AVANCÉ: grid_tiling (conf=0.9)
[PatternMatcher] ✅ SÉLECTIONNÉ: object_counting (conf=1.0)
[MAGEN] Pattern détecté: object_counting (conf=1.00)
[MAGEN] Décision: ACTION4 (mirror_vertical) - Stratégie: transformation_learning, Score: 0.03, Budget: 7.0
[ObjectExtractor] Extracted 0 structured objects
[PatternMatcher] Candidat AVANCÉ: object_counting (conf=1.0)
[PatternMatcher] Candidat AVANCÉ: diagonal_symmetry (conf=1.0)
[PatternMatcher] Candidat AVANCÉ: grid_tiling (conf=0.9)
[PatternMatcher] ✅ SÉLECTIONNÉ: object_counting (conf=1.0)
[MAGEN] Pattern détecté: object_counting (conf=1.00)
[MAGEN] Jeu terminé: GAME_OVER

[MAGEN] Résultats finaux:
  Niveaux complétés: 0
  Actions: 64
  Succès: False
  État final: GAME_OVER

[MAGEN] Statistiques:
  total_actions: 64
  successful_actions: 0
  patterns_detected: 64
  objects_extracted: 0
  strategy_switches: 0
  learning_updates: 64

📊 STATISTIQUES MAGEN:
   Taux succès: 0.0%
   Reward moyen: 0.00
   Patterns détectés: 64
   Objets extraits: 0

================================================================================
📍 Progression: 2/3 (66.7%)
================================================================================

================================================================================
🎮 Jeu: ar25-0c556536
================================================================================
2026-06-14 02:07:05 | INFO | Successfully fetched metadata for game ar25
2026-06-14 02:07:06 | INFO | Successfully reset game ar25-0c556536, guid=8bac2230-ecd8-47f8-8f65-bc0f0c5f3216, scorecard_id=bd82d1f0-8956-47f4-b4c7-ff54f0efa47d

[MAGEN] Début jeu - Max actions: 100
2026-06-14 02:07:06 | INFO | Successfully reset game ar25-0c556536, guid=8bac2230-ecd8-47f8-8f65-bc0f0c5f3216, scorecard_id=bd82d1f0-8956-47f4-b4c7-ff54f0efa47d
[ObjectExtractor] Extracted 0 structured objects
[MAGEN] Décision: ACTION5 (identity) - Stratégie: transformation_learning, Score: 0.03, Budget: 7.0
[ObjectExtractor] Extracted 0 structured objects
[PatternMatcher] Candidat AVANCÉ: object_counting (conf=1.0)
[PatternMatcher] Candidat AVANCÉ: diagonal_symmetry (conf=1.0)
[PatternMatcher] Candidat AVANCÉ: grid_tiling (conf=0.9)
[PatternMatcher] ✅ SÉLECTIONNÉ: object_counting (conf=1.0)
[MAGEN] Pattern détecté: object_counting (conf=1.00)
[MAGEN] Décision: ACTION1 (rotate_90) - Stratégie: transformation_learning, Score: 0.03, Budget: 7.0
[ObjectExtractor] Extracted 0 structured objects
[PatternMatcher] Candidat AVANCÉ: object_counting (conf=1.0)
[PatternMatcher] Candidat AVANCÉ: diagonal_symmetry (conf=1.0)
[PatternMatcher] Candidat AVANCÉ: grid_tiling (conf=0.9)
[PatternMatcher] ✅ SÉLECTIONNÉ: object_counting (conf=1.0)
[MAGEN] Pattern détecté: object_counting (conf=1.00)
[MAGEN] Décision: ACTION2 (rotate_180) - Stratégie: transformation_learning, Score: 0.03, Budget: 7.0
[ObjectExtractor] Extracted 0 structured objects
[PatternMatcher] Candidat AVANCÉ: object_counting (conf=1.0)
[PatternMatcher] Candidat AVANCÉ: diagonal_symmetry (conf=1.0)
[PatternMatcher] Candidat AVANCÉ: grid_tiling (conf=0.9)
[PatternMatcher] ✅ SÉLECTIONNÉ: object_counting (conf=1.0)
[MAGEN] Pattern détecté: object_counting (conf=1.00)
[MAGEN] Décision: ACTION3 (mirror_horizontal) - Stratégie: transformation_learning, Score: 0.03, Budget: 7.0
[ObjectExtractor] Extracted 0 structured objects
[PatternMatcher] Candidat AVANCÉ: object_counting (conf=1.0)
[PatternMatcher] Candidat AVANCÉ: diagonal_symmetry (conf=1.0)
[PatternMatcher] Candidat AVANCÉ: grid_tiling (conf=0.9)
[PatternMatcher] ✅ SÉLECTIONNÉ: object_counting (conf=1.0)
[MAGEN] Pattern détecté: object_counting (conf=1.00)
[MAGEN] Décision: ACTION4 (mirror_vertical) - Stratégie: transformation_learning, Score: 0.03, Budget: 7.0
[ObjectExtractor] Extracted 0 structured objects
[PatternMatcher] Candidat AVANCÉ: object_counting (conf=1.0)
[PatternMatcher] Candidat AVANCÉ: diagonal_symmetry (conf=1.0)
[PatternMatcher] Candidat AVANCÉ: grid_tiling (conf=0.9)
[PatternMatcher] ✅ SÉLECTIONNÉ: object_counting (conf=1.0)
[MAGEN] Pattern détecté: object_counting (conf=1.00)
[MAGEN] Décision: ACTION5 (identity) - Stratégie: transformation_learning, Score: 0.03, Budget: 7.0
[ObjectExtractor] Extracted 0 structured objects
[PatternMatcher] Candidat AVANCÉ: object_counting (conf=1.0)
[PatternMatcher] Candidat AVANCÉ: diagonal_symmetry (conf=1.0)
[PatternMatcher] Candidat AVANCÉ: grid_tiling (conf=0.9)
[PatternMatcher] ✅ SÉLECTIONNÉ: object_counting (conf=1.0)
[MAGEN] Pattern détecté: object_counting (conf=1.00)
[MAGEN] Décision: ACTION1 (rotate_90) - Stratégie: transformation_learning, Score: 0.03, Budget: 7.0
[ObjectExtractor] Extracted 0 structured objects
[PatternMatcher] Candidat AVANCÉ: object_counting (conf=1.0)
[PatternMatcher] Candidat AVANCÉ: diagonal_symmetry (conf=1.0)
[PatternMatcher] Candidat AVANCÉ: grid_tiling (conf=0.9)
[PatternMatcher] ✅ SÉLECTIONNÉ: object_counting (conf=1.0)
[MAGEN] Pattern détecté: object_counting (conf=1.00)
[MAGEN] Décision: ACTION2 (rotate_180) - Stratégie: transformation_learning, Score: 0.03, Budget: 7.0
[ObjectExtractor] Extracted 0 structured objects
[PatternMatcher] Candidat AVANCÉ: object_counting (conf=1.0)
[PatternMatcher] Candidat AVANCÉ: diagonal_symmetry (conf=1.0)
[PatternMatcher] Candidat AVANCÉ: grid_tiling (conf=0.9)
[PatternMatcher] ✅ SÉLECTIONNÉ: object_counting (conf=1.0)
[MAGEN] Pattern détecté: object_counting (conf=1.00)
[MAGEN] Décision: ACTION3 (mirror_horizontal) - Stratégie: transformation_learning, Score: 0.03, Budget: 7.0
[ObjectExtractor] Extracted 0 structured objects
[PatternMatcher] Candidat AVANCÉ: object_counting (conf=1.0)
[PatternMatcher] Candidat AVANCÉ: diagonal_symmetry (conf=1.0)
[PatternMatcher] Candidat AVANCÉ: grid_tiling (conf=0.9)
[PatternMatcher] ✅ SÉLECTIONNÉ: object_counting (conf=1.0)
[MAGEN] Pattern détecté: object_counting (conf=1.00)
[MAGEN] Décision: ACTION4 (mirror_vertical) - Stratégie: transformation_learning, Score: 0.03, Budget: 7.0
[ObjectExtractor] Extracted 0 structured objects
[PatternMatcher] Candidat AVANCÉ: object_counting (conf=1.0)
[PatternMatcher] Candidat AVANCÉ: diagonal_symmetry (conf=1.0)
[PatternMatcher] Candidat AVANCÉ: grid_tiling (conf=0.9)
[PatternMatcher] ✅ SÉLECTIONNÉ: object_counting (conf=1.0)
[MAGEN] Pattern détecté: object_counting (conf=1.00)
[MAGEN] Actions: 10/100 | Niveaux: 0 | État: NOT_FINISHED
[MAGEN] Décision: ACTION5 (identity) - Stratégie: transformation_learning, Score: 0.03, Budget: 7.0
[ObjectExtractor] Extracted 0 structured objects
[PatternMatcher] Candidat AVANCÉ: object_counting (conf=1.0)
[PatternMatcher] Candidat AVANCÉ: diagonal_symmetry (conf=1.0)
[PatternMatcher] Candidat AVANCÉ: grid_tiling (conf=0.9)
[PatternMatcher] ✅ SÉLECTIONNÉ: object_counting (conf=1.0)
[MAGEN] Pattern détecté: object_counting (conf=1.00)
[MAGEN] Décision: ACTION1 (rotate_90) - Stratégie: transformation_learning, Score: 0.03, Budget: 7.0
[ObjectExtractor] Extracted 0 structured objects
[PatternMatcher] Candidat AVANCÉ: object_counting (conf=1.0)
[PatternMatcher] Candidat AVANCÉ: diagonal_symmetry (conf=1.0)
[PatternMatcher] Candidat AVANCÉ: grid_tiling (conf=0.9)
[PatternMatcher] ✅ SÉLECTIONNÉ: object_counting (conf=1.0)
[MAGEN] Pattern détecté: object_counting (conf=1.00)
[MAGEN] Décision: ACTION2 (rotate_180) - Stratégie: transformation_learning, Score: 0.03, Budget: 7.0
[ObjectExtractor] Extracted 0 structured objects
[PatternMatcher] Candidat AVANCÉ: object_counting (conf=1.0)
[PatternMatcher] Candidat AVANCÉ: diagonal_symmetry (conf=1.0)
[PatternMatcher] Candidat AVANCÉ: grid_tiling (conf=0.9)
[PatternMatcher] ✅ SÉLECTIONNÉ: object_counting (conf=1.0)
[MAGEN] Pattern détecté: object_counting (conf=1.00)
[MAGEN] Décision: ACTION3 (mirror_horizontal) - Stratégie: transformation_learning, Score: 0.03, Budget: 7.0
[ObjectExtractor] Extracted 0 structured objects
[PatternMatcher] Candidat AVANCÉ: object_counting (conf=1.0)
[PatternMatcher] Candidat AVANCÉ: diagonal_symmetry (conf=1.0)
[PatternMatcher] Candidat AVANCÉ: grid_tiling (conf=0.9)
[PatternMatcher] ✅ SÉLECTIONNÉ: object_counting (conf=1.0)
[MAGEN] Pattern détecté: object_counting (conf=1.00)
[MAGEN] Décision: ACTION4 (mirror_vertical) - Stratégie: transformation_learning, Score: 0.03, Budget: 7.0
[ObjectExtractor] Extracted 0 structured objects
[PatternMatcher] Candidat AVANCÉ: object_counting (conf=1.0)
[PatternMatcher] Candidat AVANCÉ: diagonal_symmetry (conf=1.0)
[PatternMatcher] Candidat AVANCÉ: grid_tiling (conf=0.9)
[PatternMatcher] ✅ SÉLECTIONNÉ: object_counting (conf=1.0)
[MAGEN] Pattern détecté: object_counting (conf=1.00)
[MAGEN] Décision: ACTION5 (identity) - Stratégie: transformation_learning, Score: 0.03, Budget: 7.0
[ObjectExtractor] Extracted 0 structured objects
[PatternMatcher] Candidat AVANCÉ: object_counting (conf=1.0)
[PatternMatcher] Candidat AVANCÉ: diagonal_symmetry (conf=1.0)
[PatternMatcher] Candidat AVANCÉ: grid_tiling (conf=0.9)
[PatternMatcher] ✅ SÉLECTIONNÉ: object_counting (conf=1.0)
[MAGEN] Pattern détecté: object_counting (conf=1.00)
[MAGEN] Décision: ACTION1 (rotate_90) - Stratégie: transformation_learning, Score: 0.02, Budget: 7.0
[ObjectExtractor] Extracted 0 structured objects
[PatternMatcher] Candidat AVANCÉ: object_counting (conf=1.0)
[PatternMatcher] Candidat AVANCÉ: diagonal_symmetry (conf=1.0)
[PatternMatcher] Candidat AVANCÉ: grid_tiling (conf=0.9)
[PatternMatcher] ✅ SÉLECTIONNÉ: object_counting (conf=1.0)
[MAGEN] Pattern détecté: object_counting (conf=1.00)
[MAGEN] Décision: ACTION2 (rotate_180) - Stratégie: transformation_learning, Score: 0.02, Budget: 7.0
[ObjectExtractor] Extracted 0 structured objects
[PatternMatcher] Candidat AVANCÉ: object_counting (conf=1.0)
[PatternMatcher] Candidat AVANCÉ: diagonal_symmetry (conf=1.0)
[PatternMatcher] Candidat AVANCÉ: grid_tiling (conf=0.9)
[PatternMatcher] ✅ SÉLECTIONNÉ: object_counting (conf=1.0)
[MAGEN] Pattern détecté: object_counting (conf=1.00)
[MAGEN] Décision: ACTION3 (mirror_horizontal) - Stratégie: transformation_learning, Score: 0.02, Budget: 7.0
[ObjectExtractor] Extracted 0 structured objects
[PatternMatcher] Candidat AVANCÉ: object_counting (conf=1.0)
[PatternMatcher] Candidat AVANCÉ: diagonal_symmetry (conf=1.0)
[PatternMatcher] Candidat AVANCÉ: grid_tiling (conf=0.9)
[PatternMatcher] ✅ SÉLECTIONNÉ: object_counting (conf=1.0)
[MAGEN] Pattern détecté: object_counting (conf=1.00)
[MAGEN] Décision: ACTION4 (mirror_vertical) - Stratégie: transformation_learning, Score: 0.02, Budget: 7.0
[ObjectExtractor] Extracted 0 structured objects
[PatternMatcher] Candidat AVANCÉ: object_counting (conf=1.0)
[PatternMatcher] Candidat AVANCÉ: diagonal_symmetry (conf=1.0)
[PatternMatcher] Candidat AVANCÉ: grid_tiling (conf=0.9)
[PatternMatcher] ✅ SÉLECTIONNÉ: object_counting (conf=1.0)
[MAGEN] Pattern détecté: object_counting (conf=1.00)
[MAGEN] Actions: 20/100 | Niveaux: 0 | État: NOT_FINISHED
[MAGEN] Décision: ACTION5 (identity) - Stratégie: transformation_learning, Score: 0.02, Budget: 7.0
[ObjectExtractor] Extracted 0 structured objects
[PatternMatcher] Candidat AVANCÉ: object_counting (conf=1.0)
[PatternMatcher] Candidat AVANCÉ: diagonal_symmetry (conf=1.0)
[PatternMatcher] Candidat AVANCÉ: grid_tiling (conf=0.9)
[PatternMatcher] ✅ SÉLECTIONNÉ: object_counting (conf=1.0)
[MAGEN] Pattern détecté: object_counting (conf=1.00)
[MAGEN] Décision: ACTION1 (rotate_90) - Stratégie: transformation_learning, Score: 0.02, Budget: 7.0
[ObjectExtractor] Extracted 0 structured objects
[PatternMatcher] Candidat AVANCÉ: object_counting (conf=1.0)
[PatternMatcher] Candidat AVANCÉ: diagonal_symmetry (conf=1.0)
[PatternMatcher] Candidat AVANCÉ: grid_tiling (conf=0.9)
[PatternMatcher] ✅ SÉLECTIONNÉ: object_counting (conf=1.0)
[MAGEN] Pattern détecté: object_counting (conf=1.00)
[MAGEN] Décision: ACTION2 (rotate_180) - Stratégie: transformation_learning, Score: 0.02, Budget: 7.0
[ObjectExtractor] Extracted 0 structured objects
[PatternMatcher] Candidat AVANCÉ: object_counting (conf=1.0)
[PatternMatcher] Candidat AVANCÉ: diagonal_symmetry (conf=1.0)
[PatternMatcher] Candidat AVANCÉ: grid_tiling (conf=0.9)
[PatternMatcher] ✅ SÉLECTIONNÉ: object_counting (conf=1.0)
[MAGEN] Pattern détecté: object_counting (conf=1.00)
[MAGEN] Décision: ACTION3 (mirror_horizontal) - Stratégie: transformation_learning, Score: 0.02, Budget: 7.0
[ObjectExtractor] Extracted 0 structured objects
[PatternMatcher] Candidat AVANCÉ: object_counting (conf=1.0)
[PatternMatcher] Candidat AVANCÉ: diagonal_symmetry (conf=1.0)
[PatternMatcher] Candidat AVANCÉ: grid_tiling (conf=0.9)
[PatternMatcher] ✅ SÉLECTIONNÉ: object_counting (conf=1.0)
[MAGEN] Pattern détecté: object_counting (conf=1.00)
[MAGEN] Décision: ACTION4 (mirror_vertical) - Stratégie: transformation_learning, Score: 0.02, Budget: 7.0
[ObjectExtractor] Extracted 0 structured objects
[PatternMatcher] Candidat AVANCÉ: object_counting (conf=1.0)
[PatternMatcher] Candidat AVANCÉ: diagonal_symmetry (conf=1.0)
[PatternMatcher] Candidat AVANCÉ: grid_tiling (conf=0.9)
[PatternMatcher] ✅ SÉLECTIONNÉ: object_counting (conf=1.0)
[MAGEN] Pattern détecté: object_counting (conf=1.00)
[MAGEN] Décision: ACTION5 (identity) - Stratégie: transformation_learning, Score: 0.02, Budget: 7.0
[ObjectExtractor] Extracted 0 structured objects
[PatternMatcher] Candidat AVANCÉ: object_counting (conf=1.0)
[PatternMatcher] Candidat AVANCÉ: diagonal_symmetry (conf=1.0)
[PatternMatcher] Candidat AVANCÉ: grid_tiling (conf=0.9)
[PatternMatcher] ✅ SÉLECTIONNÉ: object_counting (conf=1.0)
[MAGEN] Pattern détecté: object_counting (conf=1.00)
[MAGEN] Décision: ACTION1 (rotate_90) - Stratégie: transformation_learning, Score: 0.02, Budget: 7.0
[ObjectExtractor] Extracted 0 structured objects
[PatternMatcher] Candidat AVANCÉ: object_counting (conf=1.0)
[PatternMatcher] Candidat AVANCÉ: diagonal_symmetry (conf=1.0)
[PatternMatcher] Candidat AVANCÉ: grid_tiling (conf=0.9)
[PatternMatcher] ✅ SÉLECTIONNÉ: object_counting (conf=1.0)
[MAGEN] Pattern détecté: object_counting (conf=1.00)
[MAGEN] Décision: ACTION2 (rotate_180) - Stratégie: transformation_learning, Score: 0.02, Budget: 7.0
[ObjectExtractor] Extracted 0 structured objects
[PatternMatcher] Candidat AVANCÉ: object_counting (conf=1.0)
[PatternMatcher] Candidat AVANCÉ: diagonal_symmetry (conf=1.0)
[PatternMatcher] Candidat AVANCÉ: grid_tiling (conf=0.9)
[PatternMatcher] ✅ SÉLECTIONNÉ: object_counting (conf=1.0)
[MAGEN] Pattern détecté: object_counting (conf=1.00)
[MAGEN] Décision: ACTION3 (mirror_horizontal) - Stratégie: transformation_learning, Score: 0.02, Budget: 7.0
[ObjectExtractor] Extracted 0 structured objects
[PatternMatcher] Candidat AVANCÉ: object_counting (conf=1.0)
[PatternMatcher] Candidat AVANCÉ: diagonal_symmetry (conf=1.0)
[PatternMatcher] Candidat AVANCÉ: grid_tiling (conf=0.9)
[PatternMatcher] ✅ SÉLECTIONNÉ: object_counting (conf=1.0)
[MAGEN] Pattern détecté: object_counting (conf=1.00)
[MAGEN] Décision: ACTION4 (mirror_vertical) - Stratégie: transformation_learning, Score: 0.02, Budget: 7.0
[ObjectExtractor] Extracted 0 structured objects
[PatternMatcher] Candidat AVANCÉ: object_counting (conf=1.0)
[PatternMatcher] Candidat AVANCÉ: diagonal_symmetry (conf=1.0)
[PatternMatcher] Candidat AVANCÉ: grid_tiling (conf=0.9)
[PatternMatcher] ✅ SÉLECTIONNÉ: object_counting (conf=1.0)
[MAGEN] Pattern détecté: object_counting (conf=1.00)
[MAGEN] Actions: 30/100 | Niveaux: 0 | État: NOT_FINISHED
[MAGEN] Décision: ACTION5 (identity) - Stratégie: transformation_learning, Score: 0.02, Budget: 7.0
[ObjectExtractor] Extracted 0 structured objects
[PatternMatcher] Candidat AVANCÉ: object_counting (conf=1.0)
[PatternMatcher] Candidat AVANCÉ: diagonal_symmetry (conf=1.0)
[PatternMatcher] Candidat AVANCÉ: grid_tiling (conf=0.9)
[PatternMatcher] ✅ SÉLECTIONNÉ: object_counting (conf=1.0)
[MAGEN] Pattern détecté: object_counting (conf=1.00)
[MAGEN] Décision: ACTION1 (rotate_90) - Stratégie: transformation_learning, Score: 0.02, Budget: 7.0
[ObjectExtractor] Extracted 0 structured objects
[PatternMatcher] Candidat AVANCÉ: object_counting (conf=1.0)
[PatternMatcher] Candidat AVANCÉ: diagonal_symmetry (conf=1.0)
[PatternMatcher] Candidat AVANCÉ: grid_tiling (conf=0.9)
[PatternMatcher] ✅ SÉLECTIONNÉ: object_counting (conf=1.0)
[MAGEN] Pattern détecté: object_counting (conf=1.00)
[MAGEN] Décision: ACTION2 (rotate_180) - Stratégie: transformation_learning, Score: 0.02, Budget: 7.0
[ObjectExtractor] Extracted 0 structured objects
[PatternMatcher] Candidat AVANCÉ: object_counting (conf=1.0)
[PatternMatcher] Candidat AVANCÉ: diagonal_symmetry (conf=1.0)
[PatternMatcher] Candidat AVANCÉ: grid_tiling (conf=0.9)
[PatternMatcher] ✅ SÉLECTIONNÉ: object_counting (conf=1.0)
[MAGEN] Pattern détecté: object_counting (conf=1.00)
[MAGEN] Décision: ACTION3 (mirror_horizontal) - Stratégie: transformation_learning, Score: 0.02, Budget: 7.0
[ObjectExtractor] Extracted 0 structured objects
[PatternMatcher] Candidat AVANCÉ: object_counting (conf=1.0)
[PatternMatcher] Candidat AVANCÉ: diagonal_symmetry (conf=1.0)
[PatternMatcher] Candidat AVANCÉ: grid_tiling (conf=0.9)
[PatternMatcher] ✅ SÉLECTIONNÉ: object_counting (conf=1.0)
[MAGEN] Pattern détecté: object_counting (conf=1.00)
[MAGEN] Décision: ACTION4 (mirror_vertical) - Stratégie: transformation_learning, Score: 0.02, Budget: 7.0
[ObjectExtractor] Extracted 0 structured objects
[PatternMatcher] Candidat AVANCÉ: object_counting (conf=1.0)
[PatternMatcher] Candidat AVANCÉ: diagonal_symmetry (conf=1.0)
[PatternMatcher] Candidat AVANCÉ: grid_tiling (conf=0.9)
[PatternMatcher] ✅ SÉLECTIONNÉ: object_counting (conf=1.0)
[MAGEN] Pattern détecté: object_counting (conf=1.00)
[MAGEN] Décision: ACTION5 (identity) - Stratégie: transformation_learning, Score: 0.02, Budget: 7.0
[ObjectExtractor] Extracted 0 structured objects
[PatternMatcher] Candidat AVANCÉ: object_counting (conf=1.0)
[PatternMatcher] Candidat AVANCÉ: diagonal_symmetry (conf=1.0)
[PatternMatcher] Candidat AVANCÉ: grid_tiling (conf=0.9)
[PatternMatcher] ✅ SÉLECTIONNÉ: object_counting (conf=1.0)
[MAGEN] Pattern détecté: object_counting (conf=1.00)
[MAGEN] Décision: ACTION1 (rotate_90) - Stratégie: transformation_learning, Score: 0.02, Budget: 7.0
[ObjectExtractor] Extracted 0 structured objects
[PatternMatcher] Candidat AVANCÉ: object_counting (conf=1.0)
[PatternMatcher] Candidat AVANCÉ: diagonal_symmetry (conf=1.0)
[PatternMatcher] Candidat AVANCÉ: grid_tiling (conf=0.9)
[PatternMatcher] ✅ SÉLECTIONNÉ: object_counting (conf=1.0)
[MAGEN] Pattern détecté: object_counting (conf=1.00)
[MAGEN] Décision: ACTION2 (rotate_180) - Stratégie: transformation_learning, Score: 0.02, Budget: 7.0
[ObjectExtractor] Extracted 0 structured objects
[PatternMatcher] Candidat AVANCÉ: object_counting (conf=1.0)
[PatternMatcher] Candidat AVANCÉ: diagonal_symmetry (conf=1.0)
[PatternMatcher] Candidat AVANCÉ: grid_tiling (conf=0.9)
[PatternMatcher] ✅ SÉLECTIONNÉ: object_counting (conf=1.0)
[MAGEN] Pattern détecté: object_counting (conf=1.00)
[MAGEN] Décision: ACTION3 (mirror_horizontal) - Stratégie: transformation_learning, Score: 0.02, Budget: 7.0
[ObjectExtractor] Extracted 0 structured objects
[PatternMatcher] Candidat AVANCÉ: object_counting (conf=1.0)
[PatternMatcher] Candidat AVANCÉ: diagonal_symmetry (conf=1.0)
[PatternMatcher] Candidat AVANCÉ: grid_tiling (conf=0.9)
[PatternMatcher] ✅ SÉLECTIONNÉ: object_counting (conf=1.0)
[MAGEN] Pattern détecté: object_counting (conf=1.00)
[MAGEN] Décision: ACTION4 (mirror_vertical) - Stratégie: transformation_learning, Score: 0.02, Budget: 7.0
[ObjectExtractor] Extracted 0 structured objects
[PatternMatcher] Candidat AVANCÉ: object_counting (conf=1.0)
[PatternMatcher] Candidat AVANCÉ: diagonal_symmetry (conf=1.0)
[PatternMatcher] Candidat AVANCÉ: grid_tiling (conf=0.9)
[PatternMatcher] ✅ SÉLECTIONNÉ: object_counting (conf=1.0)
[MAGEN] Pattern détecté: object_counting (conf=1.00)
[MAGEN] Actions: 40/100 | Niveaux: 0 | État: NOT_FINISHED
[MAGEN] Décision: ACTION5 (identity) - Stratégie: transformation_learning, Score: 0.02, Budget: 7.0
[ObjectExtractor] Extracted 0 structured objects
[PatternMatcher] Candidat AVANCÉ: object_counting (conf=1.0)
[PatternMatcher] Candidat AVANCÉ: diagonal_symmetry (conf=1.0)
[PatternMatcher] Candidat AVANCÉ: grid_tiling (conf=0.9)
[PatternMatcher] ✅ SÉLECTIONNÉ: object_counting (conf=1.0)
[MAGEN] Pattern détecté: object_counting (conf=1.00)
[MAGEN] Décision: ACTION1 (rotate_90) - Stratégie: transformation_learning, Score: 0.02, Budget: 7.0
[ObjectExtractor] Extracted 0 structured objects
[PatternMatcher] Candidat AVANCÉ: object_counting (conf=1.0)
[PatternMatcher] Candidat AVANCÉ: diagonal_symmetry (conf=1.0)
[PatternMatcher] Candidat AVANCÉ: grid_tiling (conf=0.9)
[PatternMatcher] ✅ SÉLECTIONNÉ: object_counting (conf=1.0)
[MAGEN] Pattern détecté: object_counting (conf=1.00)
[MAGEN] Décision: ACTION2 (rotate_180) - Stratégie: transformation_learning, Score: 0.02, Budget: 7.0
[ObjectExtractor] Extracted 0 structured objects
[PatternMatcher] Candidat AVANCÉ: object_counting (conf=1.0)
[PatternMatcher] Candidat AVANCÉ: diagonal_symmetry (conf=1.0)
[PatternMatcher] Candidat AVANCÉ: grid_tiling (conf=0.9)
[PatternMatcher] ✅ SÉLECTIONNÉ: object_counting (conf=1.0)
[MAGEN] Pattern détecté: object_counting (conf=1.00)
[MAGEN] Décision: ACTION3 (mirror_horizontal) - Stratégie: transformation_learning, Score: 0.02, Budget: 7.0
[ObjectExtractor] Extracted 0 structured objects
[PatternMatcher] Candidat AVANCÉ: object_counting (conf=1.0)
[PatternMatcher] Candidat AVANCÉ: diagonal_symmetry (conf=1.0)
[PatternMatcher] Candidat AVANCÉ: grid_tiling (conf=0.9)
[PatternMatcher] ✅ SÉLECTIONNÉ: object_counting (conf=1.0)
[MAGEN] Pattern détecté: object_counting (conf=1.00)
[MAGEN] Décision: ACTION4 (mirror_vertical) - Stratégie: transformation_learning, Score: 0.02, Budget: 7.0
[ObjectExtractor] Extracted 0 structured objects
[PatternMatcher] Candidat AVANCÉ: object_counting (conf=1.0)
[PatternMatcher] Candidat AVANCÉ: diagonal_symmetry (conf=1.0)
[PatternMatcher] Candidat AVANCÉ: grid_tiling (conf=0.9)
[PatternMatcher] ✅ SÉLECTIONNÉ: object_counting (conf=1.0)
[MAGEN] Pattern détecté: object_counting (conf=1.00)
[MAGEN] Décision: ACTION5 (identity) - Stratégie: transformation_learning, Score: 0.02, Budget: 7.0
[ObjectExtractor] Extracted 0 structured objects
[PatternMatcher] Candidat AVANCÉ: object_counting (conf=1.0)
[PatternMatcher] Candidat AVANCÉ: diagonal_symmetry (conf=1.0)
[PatternMatcher] Candidat AVANCÉ: grid_tiling (conf=0.9)
[PatternMatcher] ✅ SÉLECTIONNÉ: object_counting (conf=1.0)
[MAGEN] Pattern détecté: object_counting (conf=1.00)
[MAGEN] Décision: ACTION1 (rotate_90) - Stratégie: transformation_learning, Score: 0.02, Budget: 7.0
[ObjectExtractor] Extracted 0 structured objects
[PatternMatcher] Candidat AVANCÉ: object_counting (conf=1.0)
[PatternMatcher] Candidat AVANCÉ: diagonal_symmetry (conf=1.0)
[PatternMatcher] Candidat AVANCÉ: grid_tiling (conf=0.9)
[PatternMatcher] ✅ SÉLECTIONNÉ: object_counting (conf=1.0)
[MAGEN] Pattern détecté: object_counting (conf=1.00)
[MAGEN] Décision: ACTION2 (rotate_180) - Stratégie: transformation_learning, Score: 0.02, Budget: 7.0
[ObjectExtractor] Extracted 0 structured objects
[PatternMatcher] Candidat AVANCÉ: object_counting (conf=1.0)
[PatternMatcher] Candidat AVANCÉ: diagonal_symmetry (conf=1.0)
[PatternMatcher] Candidat AVANCÉ: grid_tiling (conf=0.9)
[PatternMatcher] ✅ SÉLECTIONNÉ: object_counting (conf=1.0)
[MAGEN] Pattern détecté: object_counting (conf=1.00)
[MAGEN] Décision: ACTION3 (mirror_horizontal) - Stratégie: transformation_learning, Score: 0.02, Budget: 7.0
[ObjectExtractor] Extracted 0 structured objects
[PatternMatcher] Candidat AVANCÉ: object_counting (conf=1.0)
[PatternMatcher] Candidat AVANCÉ: diagonal_symmetry (conf=1.0)
[PatternMatcher] Candidat AVANCÉ: grid_tiling (conf=0.9)
[PatternMatcher] ✅ SÉLECTIONNÉ: object_counting (conf=1.0)
[MAGEN] Pattern détecté: object_counting (conf=1.00)
[MAGEN] Décision: ACTION4 (mirror_vertical) - Stratégie: transformation_learning, Score: 0.02, Budget: 7.0
[ObjectExtractor] Extracted 0 structured objects
[PatternMatcher] Candidat AVANCÉ: object_counting (conf=1.0)
[PatternMatcher] Candidat AVANCÉ: diagonal_symmetry (conf=1.0)
[PatternMatcher] Candidat AVANCÉ: grid_tiling (conf=0.9)
[PatternMatcher] ✅ SÉLECTIONNÉ: object_counting (conf=1.0)
[MAGEN] Pattern détecté: object_counting (conf=1.00)
[MAGEN] Actions: 50/100 | Niveaux: 0 | État: NOT_FINISHED
[MAGEN] Décision: ACTION5 (identity) - Stratégie: transformation_learning, Score: 0.02, Budget: 7.0
[ObjectExtractor] Extracted 0 structured objects
[PatternMatcher] Candidat AVANCÉ: object_counting (conf=1.0)
[PatternMatcher] Candidat AVANCÉ: diagonal_symmetry (conf=1.0)
[PatternMatcher] Candidat AVANCÉ: grid_tiling (conf=0.9)
[PatternMatcher] ✅ SÉLECTIONNÉ: object_counting (conf=1.0)
[MAGEN] Pattern détecté: object_counting (conf=1.00)
[MAGEN] Décision: ACTION1 (rotate_90) - Stratégie: transformation_learning, Score: 0.02, Budget: 7.0
[ObjectExtractor] Extracted 0 structured objects
[PatternMatcher] Candidat AVANCÉ: object_counting (conf=1.0)
[PatternMatcher] Candidat AVANCÉ: diagonal_symmetry (conf=1.0)
[PatternMatcher] Candidat AVANCÉ: grid_tiling (conf=0.9)
[PatternMatcher] ✅ SÉLECTIONNÉ: object_counting (conf=1.0)
[MAGEN] Pattern détecté: object_counting (conf=1.00)
[MAGEN] Décision: ACTION2 (rotate_180) - Stratégie: transformation_learning, Score: 0.02, Budget: 7.0
[ObjectExtractor] Extracted 0 structured objects
[PatternMatcher] Candidat AVANCÉ: object_counting (conf=1.0)
[PatternMatcher] Candidat AVANCÉ: diagonal_symmetry (conf=1.0)
[PatternMatcher] Candidat AVANCÉ: grid_tiling (conf=0.9)
[PatternMatcher] ✅ SÉLECTIONNÉ: object_counting (conf=1.0)
[MAGEN] Pattern détecté: object_counting (conf=1.00)
[MAGEN] Décision: ACTION3 (mirror_horizontal) - Stratégie: transformation_learning, Score: 0.02, Budget: 7.0
[ObjectExtractor] Extracted 0 structured objects
[PatternMatcher] Candidat AVANCÉ: object_counting (conf=1.0)
[PatternMatcher] Candidat AVANCÉ: diagonal_symmetry (conf=1.0)
[PatternMatcher] Candidat AVANCÉ: grid_tiling (conf=0.9)
[PatternMatcher] ✅ SÉLECTIONNÉ: object_counting (conf=1.0)
[MAGEN] Pattern détecté: object_counting (conf=1.00)
[MAGEN] Décision: ACTION4 (mirror_vertical) - Stratégie: transformation_learning, Score: 0.02, Budget: 7.0
[ObjectExtractor] Extracted 0 structured objects
[PatternMatcher] Candidat AVANCÉ: object_counting (conf=1.0)
[PatternMatcher] Candidat AVANCÉ: diagonal_symmetry (conf=1.0)
[PatternMatcher] Candidat AVANCÉ: grid_tiling (conf=0.9)
[PatternMatcher] ✅ SÉLECTIONNÉ: object_counting (conf=1.0)
[MAGEN] Pattern détecté: object_counting (conf=1.00)
[MAGEN] Décision: ACTION5 (identity) - Stratégie: transformation_learning, Score: 0.02, Budget: 7.0
[ObjectExtractor] Extracted 0 structured objects
[PatternMatcher] Candidat AVANCÉ: object_counting (conf=1.0)
[PatternMatcher] Candidat AVANCÉ: diagonal_symmetry (conf=1.0)
[PatternMatcher] Candidat AVANCÉ: grid_tiling (conf=0.9)
[PatternMatcher] ✅ SÉLECTIONNÉ: object_counting (conf=1.0)
[MAGEN] Pattern détecté: object_counting (conf=1.00)
[MAGEN] Décision: ACTION1 (rotate_90) - Stratégie: transformation_learning, Score: 0.02, Budget: 7.0
[ObjectExtractor] Extracted 0 structured objects
[PatternMatcher] Candidat AVANCÉ: object_counting (conf=1.0)
[PatternMatcher] Candidat AVANCÉ: diagonal_symmetry (conf=1.0)
[PatternMatcher] Candidat AVANCÉ: grid_tiling (conf=0.9)
[PatternMatcher] ✅ SÉLECTIONNÉ: object_counting (conf=1.0)
[MAGEN] Pattern détecté: object_counting (conf=1.00)
[MAGEN] Décision: ACTION2 (rotate_180) - Stratégie: transformation_learning, Score: 0.02, Budget: 7.0
[ObjectExtractor] Extracted 0 structured objects
[PatternMatcher] Candidat AVANCÉ: object_counting (conf=1.0)
[PatternMatcher] Candidat AVANCÉ: diagonal_symmetry (conf=1.0)
[PatternMatcher] Candidat AVANCÉ: grid_tiling (conf=0.9)
[PatternMatcher] ✅ SÉLECTIONNÉ: object_counting (conf=1.0)
[MAGEN] Pattern détecté: object_counting (conf=1.00)
[MAGEN] Décision: ACTION3 (mirror_horizontal) - Stratégie: transformation_learning, Score: 0.02, Budget: 7.0
[ObjectExtractor] Extracted 0 structured objects
[PatternMatcher] Candidat AVANCÉ: object_counting (conf=1.0)
[PatternMatcher] Candidat AVANCÉ: diagonal_symmetry (conf=1.0)
[PatternMatcher] Candidat AVANCÉ: grid_tiling (conf=0.9)
[PatternMatcher] ✅ SÉLECTIONNÉ: object_counting (conf=1.0)
[MAGEN] Pattern détecté: object_counting (conf=1.00)
[MAGEN] Décision: ACTION4 (mirror_vertical) - Stratégie: transformation_learning, Score: 0.02, Budget: 7.0
[ObjectExtractor] Extracted 0 structured objects
[PatternMatcher] Candidat AVANCÉ: object_counting (conf=1.0)
[PatternMatcher] Candidat AVANCÉ: diagonal_symmetry (conf=1.0)
[PatternMatcher] Candidat AVANCÉ: grid_tiling (conf=0.9)
[PatternMatcher] ✅ SÉLECTIONNÉ: object_counting (conf=1.0)
[MAGEN] Pattern détecté: object_counting (conf=1.00)
[MAGEN] Actions: 60/100 | Niveaux: 0 | État: NOT_FINISHED
[MAGEN] Décision: ACTION5 (identity) - Stratégie: transformation_learning, Score: 0.02, Budget: 7.0
[ObjectExtractor] Extracted 0 structured objects
[PatternMatcher] Candidat AVANCÉ: object_counting (conf=1.0)
[PatternMatcher] Candidat AVANCÉ: diagonal_symmetry (conf=1.0)
[PatternMatcher] Candidat AVANCÉ: grid_tiling (conf=0.9)
[PatternMatcher] ✅ SÉLECTIONNÉ: object_counting (conf=1.0)
[MAGEN] Pattern détecté: object_counting (conf=1.00)
[MAGEN] Décision: ACTION1 (rotate_90) - Stratégie: transformation_learning, Score: 0.02, Budget: 7.0
[ObjectExtractor] Extracted 0 structured objects
[PatternMatcher] Candidat AVANCÉ: object_counting (conf=1.0)
[PatternMatcher] Candidat AVANCÉ: diagonal_symmetry (conf=1.0)
[PatternMatcher] Candidat AVANCÉ: grid_tiling (conf=0.9)
[PatternMatcher] ✅ SÉLECTIONNÉ: object_counting (conf=1.0)
[MAGEN] Pattern détecté: object_counting (conf=1.00)
[MAGEN] Décision: ACTION2 (rotate_180) - Stratégie: transformation_learning, Score: 0.02, Budget: 7.0
[ObjectExtractor] Extracted 0 structured objects
[PatternMatcher] Candidat AVANCÉ: object_counting (conf=1.0)
[PatternMatcher] Candidat AVANCÉ: diagonal_symmetry (conf=1.0)
[PatternMatcher] Candidat AVANCÉ: grid_tiling (conf=0.9)
[PatternMatcher] ✅ SÉLECTIONNÉ: object_counting (conf=1.0)
[MAGEN] Pattern détecté: object_counting (conf=1.00)
[MAGEN] Décision: ACTION3 (mirror_horizontal) - Stratégie: transformation_learning, Score: 0.02, Budget: 7.0
[ObjectExtractor] Extracted 0 structured objects
[PatternMatcher] Candidat AVANCÉ: object_counting (conf=1.0)
[PatternMatcher] Candidat AVANCÉ: diagonal_symmetry (conf=1.0)
[PatternMatcher] Candidat AVANCÉ: grid_tiling (conf=0.9)
[PatternMatcher] ✅ SÉLECTIONNÉ: object_counting (conf=1.0)
[MAGEN] Pattern détecté: object_counting (conf=1.00)
[MAGEN] Jeu terminé: GAME_OVER

[MAGEN] Résultats finaux:
  Niveaux complétés: 0
  Actions: 64
  Succès: False
  État final: GAME_OVER

[MAGEN] Statistiques:
  total_actions: 128
  successful_actions: 0
  patterns_detected: 128
  objects_extracted: 0
  strategy_switches: 0
  learning_updates: 128

📊 STATISTIQUES MAGEN:
   Taux succès: 0.0%
   Reward moyen: 0.00
   Patterns détectés: 128
   Objets extraits: 0

================================================================================
📍 Progression: 3/3 (100.0%)
================================================================================

================================================================================
🎮 Jeu: cd82-fb555c5d
================================================================================
2026-06-14 02:07:27 | INFO | Successfully fetched metadata for game cd82
2026-06-14 02:07:28 | INFO | Successfully reset game cd82-fb555c5d, guid=b1474d1a-2f71-423b-9425-013a05025407, scorecard_id=bd82d1f0-8956-47f4-b4c7-ff54f0efa47d

[MAGEN] Début jeu - Max actions: 100
2026-06-14 02:07:28 | INFO | Successfully reset game cd82-fb555c5d, guid=b1474d1a-2f71-423b-9425-013a05025407, scorecard_id=bd82d1f0-8956-47f4-b4c7-ff54f0efa47d
[ObjectExtractor] Extracted 0 structured objects
[MAGEN] Décision: ACTION4 (mirror_vertical) - Stratégie: transformation_learning, Score: 0.02, Budget: 7.0
[ObjectExtractor] Extracted 0 structured objects
[PatternMatcher] Candidat AVANCÉ: object_counting (conf=1.0)
[PatternMatcher] Candidat AVANCÉ: diagonal_symmetry (conf=1.0)
[PatternMatcher] Candidat AVANCÉ: grid_tiling (conf=0.9)
[PatternMatcher] ✅ SÉLECTIONNÉ: object_counting (conf=1.0)
[MAGEN] Pattern détecté: object_counting (conf=1.00)
[MAGEN] Décision: ACTION5 (identity) - Stratégie: transformation_learning, Score: 0.02, Budget: 7.0
[ObjectExtractor] Extracted 0 structured objects
[PatternMatcher] Candidat AVANCÉ: object_counting (conf=1.0)
[PatternMatcher] Candidat AVANCÉ: diagonal_symmetry (conf=1.0)
[PatternMatcher] Candidat AVANCÉ: grid_tiling (conf=0.9)
[PatternMatcher] ✅ SÉLECTIONNÉ: object_counting (conf=1.0)
[MAGEN] Pattern détecté: object_counting (conf=1.00)
[MAGEN] Décision: ACTION1 (rotate_90) - Stratégie: transformation_learning, Score: 0.02, Budget: 7.0
[ObjectExtractor] Extracted 0 structured objects
[PatternMatcher] Candidat AVANCÉ: object_counting (conf=1.0)
[PatternMatcher] Candidat AVANCÉ: diagonal_symmetry (conf=1.0)
[PatternMatcher] Candidat AVANCÉ: grid_tiling (conf=0.9)
[PatternMatcher] ✅ SÉLECTIONNÉ: object_counting (conf=1.0)
[MAGEN] Pattern détecté: object_counting (conf=1.00)
[MAGEN] Décision: ACTION2 (rotate_180) - Stratégie: transformation_learning, Score: 0.02, Budget: 7.0
[ObjectExtractor] Extracted 0 structured objects
[PatternMatcher] Candidat AVANCÉ: object_counting (conf=1.0)
[PatternMatcher] Candidat AVANCÉ: diagonal_symmetry (conf=1.0)
[PatternMatcher] Candidat AVANCÉ: grid_tiling (conf=0.9)
[PatternMatcher] ✅ SÉLECTIONNÉ: object_counting (conf=1.0)
[MAGEN] Pattern détecté: object_counting (conf=1.00)
[MAGEN] Décision: ACTION3 (mirror_horizontal) - Stratégie: transformation_learning, Score: 0.02, Budget: 7.0
[ObjectExtractor] Extracted 0 structured objects
[PatternMatcher] Candidat AVANCÉ: object_counting (conf=1.0)
[PatternMatcher] Candidat AVANCÉ: diagonal_symmetry (conf=1.0)
[PatternMatcher] Candidat AVANCÉ: grid_tiling (conf=0.9)
[PatternMatcher] ✅ SÉLECTIONNÉ: object_counting (conf=1.0)
[MAGEN] Pattern détecté: object_counting (conf=1.00)
[MAGEN] Décision: ACTION4 (mirror_vertical) - Stratégie: transformation_learning, Score: 0.02, Budget: 7.0
[ObjectExtractor] Extracted 0 structured objects
[PatternMatcher] Candidat AVANCÉ: object_counting (conf=1.0)
[PatternMatcher] Candidat AVANCÉ: diagonal_symmetry (conf=1.0)
[PatternMatcher] Candidat AVANCÉ: grid_tiling (conf=0.9)
[PatternMatcher] ✅ SÉLECTIONNÉ: object_counting (conf=1.0)
[MAGEN] Pattern détecté: object_counting (conf=1.00)
[MAGEN] Décision: ACTION5 (identity) - Stratégie: transformation_learning, Score: 0.02, Budget: 7.0
[ObjectExtractor] Extracted 0 structured objects
[PatternMatcher] Candidat AVANCÉ: object_counting (conf=1.0)
[PatternMatcher] Candidat AVANCÉ: diagonal_symmetry (conf=1.0)
[PatternMatcher] Candidat AVANCÉ: grid_tiling (conf=0.9)
[PatternMatcher] ✅ SÉLECTIONNÉ: object_counting (conf=1.0)
[MAGEN] Pattern détecté: object_counting (conf=1.00)
[MAGEN] Décision: ACTION1 (rotate_90) - Stratégie: transformation_learning, Score: 0.02, Budget: 7.0
[ObjectExtractor] Extracted 0 structured objects
[PatternMatcher] Candidat AVANCÉ: object_counting (conf=1.0)
[PatternMatcher] Candidat AVANCÉ: diagonal_symmetry (conf=1.0)
[PatternMatcher] Candidat AVANCÉ: grid_tiling (conf=0.9)
[PatternMatcher] ✅ SÉLECTIONNÉ: object_counting (conf=1.0)
[MAGEN] Pattern détecté: object_counting (conf=1.00)
[MAGEN] Décision: ACTION2 (rotate_180) - Stratégie: transformation_learning, Score: 0.02, Budget: 7.0
[ObjectExtractor] Extracted 0 structured objects
[PatternMatcher] Candidat AVANCÉ: object_counting (conf=1.0)
[PatternMatcher] Candidat AVANCÉ: diagonal_symmetry (conf=1.0)
[PatternMatcher] Candidat AVANCÉ: grid_tiling (conf=0.9)
[PatternMatcher] ✅ SÉLECTIONNÉ: object_counting (conf=1.0)
[MAGEN] Pattern détecté: object_counting (conf=1.00)
[MAGEN] Décision: ACTION3 (mirror_horizontal) - Stratégie: transformation_learning, Score: 0.02, Budget: 7.0
[ObjectExtractor] Extracted 0 structured objects
[PatternMatcher] Candidat AVANCÉ: object_counting (conf=1.0)
[PatternMatcher] Candidat AVANCÉ: diagonal_symmetry (conf=1.0)
[PatternMatcher] Candidat AVANCÉ: grid_tiling (conf=0.9)
[PatternMatcher] ✅ SÉLECTIONNÉ: object_counting (conf=1.0)
[MAGEN] Pattern détecté: object_counting (conf=1.00)
[MAGEN] Actions: 10/100 | Niveaux: 0 | État: NOT_FINISHED
[MAGEN] Décision: ACTION4 (mirror_vertical) - Stratégie: transformation_learning, Score: 0.02, Budget: 7.0
[ObjectExtractor] Extracted 0 structured objects
[PatternMatcher] Candidat AVANCÉ: object_counting (conf=1.0)
[PatternMatcher] Candidat AVANCÉ: diagonal_symmetry (conf=1.0)
[PatternMatcher] Candidat AVANCÉ: grid_tiling (conf=0.9)
[PatternMatcher] ✅ SÉLECTIONNÉ: object_counting (conf=1.0)
[MAGEN] Pattern détecté: object_counting (conf=1.00)
[MAGEN] Décision: ACTION5 (identity) - Stratégie: transformation_learning, Score: 0.02, Budget: 7.0
[ObjectExtractor] Extracted 0 structured objects
[PatternMatcher] Candidat AVANCÉ: object_counting (conf=1.0)
[PatternMatcher] Candidat AVANCÉ: diagonal_symmetry (conf=1.0)
[PatternMatcher] Candidat AVANCÉ: grid_tiling (conf=0.9)
[PatternMatcher] ✅ SÉLECTIONNÉ: object_counting (conf=1.0)
[MAGEN] Pattern détecté: object_counting (conf=1.00)
[MAGEN] Décision: ACTION1 (rotate_90) - Stratégie: transformation_learning, Score: 0.02, Budget: 7.0
[ObjectExtractor] Extracted 0 structured objects
[PatternMatcher] Candidat AVANCÉ: object_counting (conf=1.0)
[PatternMatcher] Candidat AVANCÉ: diagonal_symmetry (conf=1.0)
[PatternMatcher] Candidat AVANCÉ: grid_tiling (conf=0.9)
[PatternMatcher] ✅ SÉLECTIONNÉ: object_counting (conf=1.0)
[MAGEN] Pattern détecté: object_counting (conf=1.00)
[MAGEN] Décision: ACTION2 (rotate_180) - Stratégie: transformation_learning, Score: 0.02, Budget: 7.0
[ObjectExtractor] Extracted 0 structured objects
[PatternMatcher] Candidat AVANCÉ: object_counting (conf=1.0)
[PatternMatcher] Candidat AVANCÉ: diagonal_symmetry (conf=1.0)
[PatternMatcher] Candidat AVANCÉ: grid_tiling (conf=0.9)
[PatternMatcher] ✅ SÉLECTIONNÉ: object_counting (conf=1.0)
[MAGEN] Pattern détecté: object_counting (conf=1.00)
[MAGEN] Décision: ACTION3 (mirror_horizontal) - Stratégie: transformation_learning, Score: 0.02, Budget: 7.0
[ObjectExtractor] Extracted 0 structured objects
[PatternMatcher] Candidat AVANCÉ: object_counting (conf=1.0)
[PatternMatcher] Candidat AVANCÉ: diagonal_symmetry (conf=1.0)
[PatternMatcher] Candidat AVANCÉ: grid_tiling (conf=0.9)
[PatternMatcher] ✅ SÉLECTIONNÉ: object_counting (conf=1.0)
[MAGEN] Pattern détecté: object_counting (conf=1.00)
[MAGEN] Décision: ACTION4 (mirror_vertical) - Stratégie: transformation_learning, Score: 0.02, Budget: 7.0
[ObjectExtractor] Extracted 0 structured objects
[PatternMatcher] Candidat AVANCÉ: object_counting (conf=1.0)
[PatternMatcher] Candidat AVANCÉ: diagonal_symmetry (conf=1.0)
[PatternMatcher] Candidat AVANCÉ: grid_tiling (conf=0.9)
[PatternMatcher] ✅ SÉLECTIONNÉ: object_counting (conf=1.0)
[MAGEN] Pattern détecté: object_counting (conf=1.00)
[MAGEN] Décision: ACTION5 (identity) - Stratégie: transformation_learning, Score: 0.02, Budget: 7.0
[ObjectExtractor] Extracted 0 structured objects
[PatternMatcher] Candidat AVANCÉ: object_counting (conf=1.0)
[PatternMatcher] Candidat AVANCÉ: diagonal_symmetry (conf=1.0)
[PatternMatcher] Candidat AVANCÉ: grid_tiling (conf=0.9)
[PatternMatcher] ✅ SÉLECTIONNÉ: object_counting (conf=1.0)
[MAGEN] Pattern détecté: object_counting (conf=1.00)
[MAGEN] Décision: ACTION1 (rotate_90) - Stratégie: transformation_learning, Score: 0.02, Budget: 7.0
[ObjectExtractor] Extracted 0 structured objects
[PatternMatcher] Candidat AVANCÉ: object_counting (conf=1.0)
[PatternMatcher] Candidat AVANCÉ: diagonal_symmetry (conf=1.0)
[PatternMatcher] Candidat AVANCÉ: grid_tiling (conf=0.9)
[PatternMatcher] ✅ SÉLECTIONNÉ: object_counting (conf=1.0)
[MAGEN] Pattern détecté: object_counting (conf=1.00)
[MAGEN] Décision: ACTION2 (rotate_180) - Stratégie: transformation_learning, Score: 0.02, Budget: 7.0
[ObjectExtractor] Extracted 0 structured objects
[PatternMatcher] Candidat AVANCÉ: object_counting (conf=1.0)
[PatternMatcher] Candidat AVANCÉ: diagonal_symmetry (conf=1.0)
[PatternMatcher] Candidat AVANCÉ: grid_tiling (conf=0.9)
[PatternMatcher] ✅ SÉLECTIONNÉ: object_counting (conf=1.0)
[MAGEN] Pattern détecté: object_counting (conf=1.00)
[MAGEN] Décision: ACTION3 (mirror_horizontal) - Stratégie: transformation_learning, Score: 0.02, Budget: 7.0
[ObjectExtractor] Extracted 0 structured objects
[PatternMatcher] Candidat AVANCÉ: object_counting (conf=1.0)
[PatternMatcher] Candidat AVANCÉ: diagonal_symmetry (conf=1.0)
[PatternMatcher] Candidat AVANCÉ: grid_tiling (conf=0.9)
[PatternMatcher] ✅ SÉLECTIONNÉ: object_counting (conf=1.0)
[MAGEN] Pattern détecté: object_counting (conf=1.00)
[MAGEN] Actions: 20/100 | Niveaux: 0 | État: NOT_FINISHED
[MAGEN] Décision: ACTION4 (mirror_vertical) - Stratégie: transformation_learning, Score: 0.02, Budget: 7.0
[ObjectExtractor] Extracted 0 structured objects
[PatternMatcher] Candidat AVANCÉ: object_counting (conf=1.0)
[PatternMatcher] Candidat AVANCÉ: diagonal_symmetry (conf=1.0)
[PatternMatcher] Candidat AVANCÉ: grid_tiling (conf=0.9)
[PatternMatcher] ✅ SÉLECTIONNÉ: object_counting (conf=1.0)
[MAGEN] Pattern détecté: object_counting (conf=1.00)
[MAGEN] Décision: ACTION5 (identity) - Stratégie: transformation_learning, Score: 0.02, Budget: 7.0
[ObjectExtractor] Extracted 0 structured objects
[PatternMatcher] Candidat AVANCÉ: object_counting (conf=1.0)
[PatternMatcher] Candidat AVANCÉ: diagonal_symmetry (conf=1.0)
[PatternMatcher] Candidat AVANCÉ: grid_tiling (conf=0.9)
[PatternMatcher] ✅ SÉLECTIONNÉ: object_counting (conf=1.0)
[MAGEN] Pattern détecté: object_counting (conf=1.00)
[MAGEN] Décision: ACTION1 (rotate_90) - Stratégie: transformation_learning, Score: 0.02, Budget: 7.0
[ObjectExtractor] Extracted 0 structured objects
[PatternMatcher] Candidat AVANCÉ: object_counting (conf=1.0)
[PatternMatcher] Candidat AVANCÉ: diagonal_symmetry (conf=1.0)
[PatternMatcher] Candidat AVANCÉ: grid_tiling (conf=0.9)
[PatternMatcher] ✅ SÉLECTIONNÉ: object_counting (conf=1.0)
[MAGEN] Pattern détecté: object_counting (conf=1.00)
[MAGEN] Décision: ACTION2 (rotate_180) - Stratégie: transformation_learning, Score: 0.02, Budget: 7.0
[ObjectExtractor] Extracted 0 structured objects
[PatternMatcher] Candidat AVANCÉ: object_counting (conf=1.0)
[PatternMatcher] Candidat AVANCÉ: diagonal_symmetry (conf=1.0)
[PatternMatcher] Candidat AVANCÉ: grid_tiling (conf=0.9)
[PatternMatcher] ✅ SÉLECTIONNÉ: object_counting (conf=1.0)
[MAGEN] Pattern détecté: object_counting (conf=1.00)
[MAGEN] Décision: ACTION3 (mirror_horizontal) - Stratégie: transformation_learning, Score: 0.02, Budget: 7.0
[ObjectExtractor] Extracted 0 structured objects
[PatternMatcher] Candidat AVANCÉ: object_counting (conf=1.0)
[PatternMatcher] Candidat AVANCÉ: diagonal_symmetry (conf=1.0)
[PatternMatcher] Candidat AVANCÉ: grid_tiling (conf=0.9)
[PatternMatcher] ✅ SÉLECTIONNÉ: object_counting (conf=1.0)
[MAGEN] Pattern détecté: object_counting (conf=1.00)
[MAGEN] Décision: ACTION4 (mirror_vertical) - Stratégie: transformation_learning, Score: 0.02, Budget: 7.0
[ObjectExtractor] Extracted 0 structured objects
[PatternMatcher] Candidat AVANCÉ: object_counting (conf=1.0)
[PatternMatcher] Candidat AVANCÉ: diagonal_symmetry (conf=1.0)
[PatternMatcher] Candidat AVANCÉ: grid_tiling (conf=0.9)
[PatternMatcher] ✅ SÉLECTIONNÉ: object_counting (conf=1.0)
[MAGEN] Pattern détecté: object_counting (conf=1.00)
[MAGEN] Décision: ACTION5 (identity) - Stratégie: transformation_learning, Score: 0.02, Budget: 7.0
[ObjectExtractor] Extracted 0 structured objects
[PatternMatcher] Candidat AVANCÉ: object_counting (conf=1.0)
[PatternMatcher] Candidat AVANCÉ: diagonal_symmetry (conf=1.0)
[PatternMatcher] Candidat AVANCÉ: grid_tiling (conf=0.9)
[PatternMatcher] ✅ SÉLECTIONNÉ: object_counting (conf=1.0)
[MAGEN] Pattern détecté: object_counting (conf=1.00)
[MAGEN] Décision: ACTION1 (rotate_90) - Stratégie: transformation_learning, Score: 0.02, Budget: 7.0
[ObjectExtractor] Extracted 0 structured objects
[PatternMatcher] Candidat AVANCÉ: object_counting (conf=1.0)
[PatternMatcher] Candidat AVANCÉ: diagonal_symmetry (conf=1.0)
[PatternMatcher] Candidat AVANCÉ: grid_tiling (conf=0.9)
[PatternMatcher] ✅ SÉLECTIONNÉ: object_counting (conf=1.0)
[MAGEN] Pattern détecté: object_counting (conf=1.00)
[MAGEN] Décision: ACTION2 (rotate_180) - Stratégie: transformation_learning, Score: 0.02, Budget: 7.0
[ObjectExtractor] Extracted 0 structured objects
[PatternMatcher] Candidat AVANCÉ: object_counting (conf=1.0)
[PatternMatcher] Candidat AVANCÉ: diagonal_symmetry (conf=1.0)
[PatternMatcher] Candidat AVANCÉ: grid_tiling (conf=0.9)
[PatternMatcher] ✅ SÉLECTIONNÉ: object_counting (conf=1.0)
[MAGEN] Pattern détecté: object_counting (conf=1.00)
[MAGEN] Décision: ACTION3 (mirror_horizontal) - Stratégie: transformation_learning, Score: 0.02, Budget: 7.0
[ObjectExtractor] Extracted 0 structured objects
[PatternMatcher] Candidat AVANCÉ: object_counting (conf=1.0)
[PatternMatcher] Candidat AVANCÉ: diagonal_symmetry (conf=1.0)
[PatternMatcher] Candidat AVANCÉ: grid_tiling (conf=0.9)
[PatternMatcher] ✅ SÉLECTIONNÉ: object_counting (conf=1.0)
[MAGEN] Pattern détecté: object_counting (conf=1.00)
[MAGEN] Actions: 30/100 | Niveaux: 0 | État: NOT_FINISHED
[MAGEN] Décision: ACTION4 (mirror_vertical) - Stratégie: transformation_learning, Score: 0.02, Budget: 7.0
[ObjectExtractor] Extracted 0 structured objects
[PatternMatcher] Candidat AVANCÉ: object_counting (conf=1.0)
[PatternMatcher] Candidat AVANCÉ: diagonal_symmetry (conf=1.0)
[PatternMatcher] Candidat AVANCÉ: grid_tiling (conf=0.9)
[PatternMatcher] ✅ SÉLECTIONNÉ: object_counting (conf=1.0)
[MAGEN] Pattern détecté: object_counting (conf=1.00)
[MAGEN] Décision: ACTION5 (identity) - Stratégie: transformation_learning, Score: 0.02, Budget: 7.0
[ObjectExtractor] Extracted 0 structured objects
[PatternMatcher] Candidat AVANCÉ: object_counting (conf=1.0)
[PatternMatcher] Candidat AVANCÉ: diagonal_symmetry (conf=1.0)
[PatternMatcher] Candidat AVANCÉ: grid_tiling (conf=0.9)
[PatternMatcher] ✅ SÉLECTIONNÉ: object_counting (conf=1.0)
[MAGEN] Pattern détecté: object_counting (conf=1.00)
[MAGEN] Décision: ACTION1 (rotate_90) - Stratégie: transformation_learning, Score: 0.02, Budget: 7.0
[ObjectExtractor] Extracted 0 structured objects
[PatternMatcher] Candidat AVANCÉ: object_counting (conf=1.0)
[PatternMatcher] Candidat AVANCÉ: diagonal_symmetry (conf=1.0)
[PatternMatcher] Candidat AVANCÉ: grid_tiling (conf=0.9)
[PatternMatcher] ✅ SÉLECTIONNÉ: object_counting (conf=1.0)
[MAGEN] Pattern détecté: object_counting (conf=1.00)
[MAGEN] Décision: ACTION2 (rotate_180) - Stratégie: transformation_learning, Score: 0.02, Budget: 7.0
[ObjectExtractor] Extracted 0 structured objects
[PatternMatcher] Candidat AVANCÉ: object_counting (conf=1.0)
[PatternMatcher] Candidat AVANCÉ: diagonal_symmetry (conf=1.0)
[PatternMatcher] Candidat AVANCÉ: grid_tiling (conf=0.9)
[PatternMatcher] ✅ SÉLECTIONNÉ: object_counting (conf=1.0)
[MAGEN] Pattern détecté: object_counting (conf=1.00)
[MAGEN] Décision: ACTION3 (mirror_horizontal) - Stratégie: transformation_learning, Score: 0.02, Budget: 7.0
[ObjectExtractor] Extracted 0 structured objects
[PatternMatcher] Candidat AVANCÉ: object_counting (conf=1.0)
[PatternMatcher] Candidat AVANCÉ: diagonal_symmetry (conf=1.0)
[PatternMatcher] Candidat AVANCÉ: grid_tiling (conf=0.9)
[PatternMatcher] ✅ SÉLECTIONNÉ: object_counting (conf=1.0)
[MAGEN] Pattern détecté: object_counting (conf=1.00)
[MAGEN] Décision: ACTION4 (mirror_vertical) - Stratégie: transformation_learning, Score: 0.02, Budget: 7.0
[ObjectExtractor] Extracted 0 structured objects
[PatternMatcher] Candidat AVANCÉ: object_counting (conf=1.0)
[PatternMatcher] Candidat AVANCÉ: diagonal_symmetry (conf=1.0)
[PatternMatcher] Candidat AVANCÉ: grid_tiling (conf=0.9)
[PatternMatcher] ✅ SÉLECTIONNÉ: object_counting (conf=1.0)
[MAGEN] Pattern détecté: object_counting (conf=1.00)
[MAGEN] Décision: ACTION5 (identity) - Stratégie: transformation_learning, Score: 0.02, Budget: 7.0
[ObjectExtractor] Extracted 0 structured objects
[PatternMatcher] Candidat AVANCÉ: object_counting (conf=1.0)
[PatternMatcher] Candidat AVANCÉ: diagonal_symmetry (conf=1.0)
[PatternMatcher] Candidat AVANCÉ: grid_tiling (conf=0.9)
[PatternMatcher] ✅ SÉLECTIONNÉ: object_counting (conf=1.0)
[MAGEN] Pattern détecté: object_counting (conf=1.00)
[MAGEN] Décision: ACTION1 (rotate_90) - Stratégie: transformation_learning, Score: 0.02, Budget: 7.0
[ObjectExtractor] Extracted 0 structured objects
[PatternMatcher] Candidat AVANCÉ: object_counting (conf=1.0)
[PatternMatcher] Candidat AVANCÉ: diagonal_symmetry (conf=1.0)
[PatternMatcher] Candidat AVANCÉ: grid_tiling (conf=0.9)
[PatternMatcher] ✅ SÉLECTIONNÉ: object_counting (conf=1.0)
[MAGEN] Pattern détecté: object_counting (conf=1.00)
[MAGEN] Décision: ACTION2 (rotate_180) - Stratégie: transformation_learning, Score: 0.02, Budget: 7.0
[ObjectExtractor] Extracted 0 structured objects
[PatternMatcher] Candidat AVANCÉ: object_counting (conf=1.0)
[PatternMatcher] Candidat AVANCÉ: diagonal_symmetry (conf=1.0)
[PatternMatcher] Candidat AVANCÉ: grid_tiling (conf=0.9)
[PatternMatcher] ✅ SÉLECTIONNÉ: object_counting (conf=1.0)
[MAGEN] Pattern détecté: object_counting (conf=1.00)
[MAGEN] Décision: ACTION3 (mirror_horizontal) - Stratégie: transformation_learning, Score: 0.02, Budget: 7.0
[ObjectExtractor] Extracted 0 structured objects
[PatternMatcher] Candidat AVANCÉ: object_counting (conf=1.0)
[PatternMatcher] Candidat AVANCÉ: diagonal_symmetry (conf=1.0)
[PatternMatcher] Candidat AVANCÉ: grid_tiling (conf=0.9)
[PatternMatcher] ✅ SÉLECTIONNÉ: object_counting (conf=1.0)
[MAGEN] Pattern détecté: object_counting (conf=1.00)
[MAGEN] Actions: 40/100 | Niveaux: 0 | État: NOT_FINISHED
[MAGEN] Décision: ACTION4 (mirror_vertical) - Stratégie: transformation_learning, Score: 0.02, Budget: 7.0
[ObjectExtractor] Extracted 0 structured objects
[PatternMatcher] Candidat AVANCÉ: object_counting (conf=1.0)
[PatternMatcher] Candidat AVANCÉ: diagonal_symmetry (conf=1.0)
[PatternMatcher] Candidat AVANCÉ: grid_tiling (conf=0.9)
[PatternMatcher] ✅ SÉLECTIONNÉ: object_counting (conf=1.0)
[MAGEN] Pattern détecté: object_counting (conf=1.00)
[MAGEN] Décision: ACTION5 (identity) - Stratégie: transformation_learning, Score: 0.02, Budget: 7.0
[ObjectExtractor] Extracted 0 structured objects
[PatternMatcher] Candidat AVANCÉ: object_counting (conf=1.0)
[PatternMatcher] Candidat AVANCÉ: diagonal_symmetry (conf=1.0)
[PatternMatcher] Candidat AVANCÉ: grid_tiling (conf=0.9)
[PatternMatcher] ✅ SÉLECTIONNÉ: object_counting (conf=1.0)
[MAGEN] Pattern détecté: object_counting (conf=1.00)
[MAGEN] Décision: ACTION1 (rotate_90) - Stratégie: transformation_learning, Score: 0.02, Budget: 7.0
[ObjectExtractor] Extracted 0 structured objects
[PatternMatcher] Candidat AVANCÉ: object_counting (conf=1.0)
[PatternMatcher] Candidat AVANCÉ: diagonal_symmetry (conf=1.0)
[PatternMatcher] Candidat AVANCÉ: grid_tiling (conf=0.9)
[PatternMatcher] ✅ SÉLECTIONNÉ: object_counting (conf=1.0)
[MAGEN] Pattern détecté: object_counting (conf=1.00)
[MAGEN] Décision: ACTION2 (rotate_180) - Stratégie: transformation_learning, Score: 0.02, Budget: 7.0
[ObjectExtractor] Extracted 0 structured objects
[PatternMatcher] Candidat AVANCÉ: object_counting (conf=1.0)
[PatternMatcher] Candidat AVANCÉ: diagonal_symmetry (conf=1.0)
[PatternMatcher] Candidat AVANCÉ: grid_tiling (conf=0.9)
[PatternMatcher] ✅ SÉLECTIONNÉ: object_counting (conf=1.0)
[MAGEN] Pattern détecté: object_counting (conf=1.00)
[MAGEN] Décision: ACTION3 (mirror_horizontal) - Stratégie: transformation_learning, Score: 0.02, Budget: 7.0
[ObjectExtractor] Extracted 0 structured objects
[PatternMatcher] Candidat AVANCÉ: object_counting (conf=1.0)
[PatternMatcher] Candidat AVANCÉ: diagonal_symmetry (conf=1.0)
[PatternMatcher] Candidat AVANCÉ: grid_tiling (conf=0.9)
[PatternMatcher] ✅ SÉLECTIONNÉ: object_counting (conf=1.0)
[MAGEN] Pattern détecté: object_counting (conf=1.00)
[MAGEN] Décision: ACTION4 (mirror_vertical) - Stratégie: transformation_learning, Score: 0.02, Budget: 7.0
[ObjectExtractor] Extracted 0 structured objects
[PatternMatcher] Candidat AVANCÉ: object_counting (conf=1.0)
[PatternMatcher] Candidat AVANCÉ: diagonal_symmetry (conf=1.0)
[PatternMatcher] Candidat AVANCÉ: grid_tiling (conf=0.9)
[PatternMatcher] ✅ SÉLECTIONNÉ: object_counting (conf=1.0)
[MAGEN] Pattern détecté: object_counting (conf=1.00)
[MAGEN] Décision: ACTION5 (identity) - Stratégie: transformation_learning, Score: 0.02, Budget: 7.0
[ObjectExtractor] Extracted 0 structured objects
[PatternMatcher] Candidat AVANCÉ: object_counting (conf=1.0)
[PatternMatcher] Candidat AVANCÉ: diagonal_symmetry (conf=1.0)
[PatternMatcher] Candidat AVANCÉ: grid_tiling (conf=0.9)
[PatternMatcher] ✅ SÉLECTIONNÉ: object_counting (conf=1.0)
[MAGEN] Pattern détecté: object_counting (conf=1.00)
[MAGEN] Décision: ACTION1 (rotate_90) - Stratégie: transformation_learning, Score: 0.02, Budget: 7.0
[ObjectExtractor] Extracted 0 structured objects
[PatternMatcher] Candidat AVANCÉ: object_counting (conf=1.0)
[PatternMatcher] Candidat AVANCÉ: diagonal_symmetry (conf=1.0)
[PatternMatcher] Candidat AVANCÉ: grid_tiling (conf=0.9)
[PatternMatcher] ✅ SÉLECTIONNÉ: object_counting (conf=1.0)
[MAGEN] Pattern détecté: object_counting (conf=1.00)
[MAGEN] Décision: ACTION2 (rotate_180) - Stratégie: transformation_learning, Score: 0.02, Budget: 7.0
[ObjectExtractor] Extracted 0 structured objects
[PatternMatcher] Candidat AVANCÉ: object_counting (conf=1.0)
[PatternMatcher] Candidat AVANCÉ: diagonal_symmetry (conf=1.0)
[PatternMatcher] Candidat AVANCÉ: grid_tiling (conf=0.9)
[PatternMatcher] ✅ SÉLECTIONNÉ: object_counting (conf=1.0)
[MAGEN] Pattern détecté: object_counting (conf=1.00)
[MAGEN] Décision: ACTION3 (mirror_horizontal) - Stratégie: transformation_learning, Score: 0.02, Budget: 7.0
[ObjectExtractor] Extracted 0 structured objects
[PatternMatcher] Candidat AVANCÉ: object_counting (conf=1.0)
[PatternMatcher] Candidat AVANCÉ: diagonal_symmetry (conf=1.0)
[PatternMatcher] Candidat AVANCÉ: grid_tiling (conf=0.9)
[PatternMatcher] ✅ SÉLECTIONNÉ: object_counting (conf=1.0)
[MAGEN] Pattern détecté: object_counting (conf=1.00)
[MAGEN] Actions: 50/100 | Niveaux: 0 | État: NOT_FINISHED
[MAGEN] Décision: ACTION4 (mirror_vertical) - Stratégie: transformation_learning, Score: 0.02, Budget: 7.0
[ObjectExtractor] Extracted 0 structured objects
[PatternMatcher] Candidat AVANCÉ: object_counting (conf=1.0)
[PatternMatcher] Candidat AVANCÉ: diagonal_symmetry (conf=1.0)
[PatternMatcher] Candidat AVANCÉ: grid_tiling (conf=0.9)
[PatternMatcher] ✅ SÉLECTIONNÉ: object_counting (conf=1.0)
[MAGEN] Pattern détecté: object_counting (conf=1.00)
[MAGEN] Décision: ACTION5 (identity) - Stratégie: transformation_learning, Score: 0.02, Budget: 7.0
[ObjectExtractor] Extracted 0 structured objects
[PatternMatcher] Candidat AVANCÉ: object_counting (conf=1.0)
[PatternMatcher] Candidat AVANCÉ: diagonal_symmetry (conf=1.0)
[PatternMatcher] Candidat AVANCÉ: grid_tiling (conf=0.9)
[PatternMatcher] ✅ SÉLECTIONNÉ: object_counting (conf=1.0)
[MAGEN] Pattern détecté: object_counting (conf=1.00)
[MAGEN] Décision: ACTION1 (rotate_90) - Stratégie: transformation_learning, Score: 0.02, Budget: 7.0
[ObjectExtractor] Extracted 0 structured objects
[PatternMatcher] Candidat AVANCÉ: object_counting (conf=1.0)
[PatternMatcher] Candidat AVANCÉ: diagonal_symmetry (conf=1.0)
[PatternMatcher] Candidat AVANCÉ: grid_tiling (conf=0.9)
[PatternMatcher] ✅ SÉLECTIONNÉ: object_counting (conf=1.0)
[MAGEN] Pattern détecté: object_counting (conf=1.00)
[MAGEN] Décision: ACTION2 (rotate_180) - Stratégie: transformation_learning, Score: 0.02, Budget: 7.0
[ObjectExtractor] Extracted 0 structured objects
[PatternMatcher] Candidat AVANCÉ: object_counting (conf=1.0)
[PatternMatcher] Candidat AVANCÉ: diagonal_symmetry (conf=1.0)
[PatternMatcher] Candidat AVANCÉ: grid_tiling (conf=0.9)
[PatternMatcher] ✅ SÉLECTIONNÉ: object_counting (conf=1.0)
[MAGEN] Pattern détecté: object_counting (conf=1.00)
[MAGEN] Décision: ACTION3 (mirror_horizontal) - Stratégie: transformation_learning, Score: 0.02, Budget: 7.0
[ObjectExtractor] Extracted 0 structured objects
[PatternMatcher] Candidat AVANCÉ: object_counting (conf=1.0)
[PatternMatcher] Candidat AVANCÉ: diagonal_symmetry (conf=1.0)
[PatternMatcher] Candidat AVANCÉ: grid_tiling (conf=0.9)
[PatternMatcher] ✅ SÉLECTIONNÉ: object_counting (conf=1.0)
[MAGEN] Pattern détecté: object_counting (conf=1.00)
[MAGEN] Décision: ACTION4 (mirror_vertical) - Stratégie: transformation_learning, Score: 0.02, Budget: 7.0
[ObjectExtractor] Extracted 0 structured objects
[PatternMatcher] Candidat AVANCÉ: object_counting (conf=1.0)
[PatternMatcher] Candidat AVANCÉ: diagonal_symmetry (conf=1.0)
[PatternMatcher] Candidat AVANCÉ: grid_tiling (conf=0.9)
[PatternMatcher] ✅ SÉLECTIONNÉ: object_counting (conf=1.0)
[MAGEN] Pattern détecté: object_counting (conf=1.00)
[MAGEN] Décision: ACTION5 (identity) - Stratégie: transformation_learning, Score: 0.02, Budget: 7.0
[ObjectExtractor] Extracted 0 structured objects
[PatternMatcher] Candidat AVANCÉ: object_counting (conf=1.0)
[PatternMatcher] Candidat AVANCÉ: diagonal_symmetry (conf=1.0)
[PatternMatcher] Candidat AVANCÉ: grid_tiling (conf=0.9)
[PatternMatcher] ✅ SÉLECTIONNÉ: object_counting (conf=1.0)
[MAGEN] Pattern détecté: object_counting (conf=1.00)
[MAGEN] Décision: ACTION1 (rotate_90) - Stratégie: transformation_learning, Score: 0.02, Budget: 7.0
[ObjectExtractor] Extracted 0 structured objects
[PatternMatcher] Candidat AVANCÉ: object_counting (conf=1.0)
[PatternMatcher] Candidat AVANCÉ: diagonal_symmetry (conf=1.0)
[PatternMatcher] Candidat AVANCÉ: grid_tiling (conf=0.9)
[PatternMatcher] ✅ SÉLECTIONNÉ: object_counting (conf=1.0)
[MAGEN] Pattern détecté: object_counting (conf=1.00)
[MAGEN] Décision: ACTION2 (rotate_180) - Stratégie: transformation_learning, Score: 0.02, Budget: 7.0
[ObjectExtractor] Extracted 0 structured objects
[PatternMatcher] Candidat AVANCÉ: object_counting (conf=1.0)
[PatternMatcher] Candidat AVANCÉ: diagonal_symmetry (conf=1.0)
[PatternMatcher] Candidat AVANCÉ: grid_tiling (conf=0.9)
[PatternMatcher] ✅ SÉLECTIONNÉ: object_counting (conf=1.0)
[MAGEN] Pattern détecté: object_counting (conf=1.00)
[MAGEN] Décision: ACTION3 (mirror_horizontal) - Stratégie: transformation_learning, Score: 0.02, Budget: 7.0
[ObjectExtractor] Extracted 0 structured objects
[PatternMatcher] Candidat AVANCÉ: object_counting (conf=1.0)
[PatternMatcher] Candidat AVANCÉ: diagonal_symmetry (conf=1.0)
[PatternMatcher] Candidat AVANCÉ: grid_tiling (conf=0.9)
[PatternMatcher] ✅ SÉLECTIONNÉ: object_counting (conf=1.0)
[MAGEN] Pattern détecté: object_counting (conf=1.00)
[MAGEN] Actions: 60/100 | Niveaux: 0 | État: NOT_FINISHED
[MAGEN] Décision: ACTION4 (mirror_vertical) - Stratégie: transformation_learning, Score: 0.02, Budget: 7.0
[ObjectExtractor] Extracted 0 structured objects
[PatternMatcher] Candidat AVANCÉ: object_counting (conf=1.0)
[PatternMatcher] Candidat AVANCÉ: diagonal_symmetry (conf=1.0)
[PatternMatcher] Candidat AVANCÉ: grid_tiling (conf=0.9)
[PatternMatcher] ✅ SÉLECTIONNÉ: object_counting (conf=1.0)
[MAGEN] Pattern détecté: object_counting (conf=1.00)
[MAGEN] Décision: ACTION5 (identity) - Stratégie: transformation_learning, Score: 0.02, Budget: 7.0
[ObjectExtractor] Extracted 0 structured objects
[PatternMatcher] Candidat AVANCÉ: object_counting (conf=1.0)
[PatternMatcher] Candidat AVANCÉ: diagonal_symmetry (conf=1.0)
[PatternMatcher] Candidat AVANCÉ: grid_tiling (conf=0.9)
[PatternMatcher] ✅ SÉLECTIONNÉ: object_counting (conf=1.0)
[MAGEN] Pattern détecté: object_counting (conf=1.00)
[MAGEN] Décision: ACTION1 (rotate_90) - Stratégie: transformation_learning, Score: 0.02, Budget: 7.0
[ObjectExtractor] Extracted 0 structured objects
[PatternMatcher] Candidat AVANCÉ: object_counting (conf=1.0)
[PatternMatcher] Candidat AVANCÉ: diagonal_symmetry (conf=1.0)
[PatternMatcher] Candidat AVANCÉ: grid_tiling (conf=0.9)
[PatternMatcher] ✅ SÉLECTIONNÉ: object_counting (conf=1.0)
[MAGEN] Pattern détecté: object_counting (conf=1.00)
[MAGEN] Décision: ACTION2 (rotate_180) - Stratégie: transformation_learning, Score: 0.02, Budget: 7.0
[ObjectExtractor] Extracted 0 structured objects
[PatternMatcher] Candidat AVANCÉ: object_counting (conf=1.0)
[PatternMatcher] Candidat AVANCÉ: diagonal_symmetry (conf=1.0)
[PatternMatcher] Candidat AVANCÉ: grid_tiling (conf=0.9)
[PatternMatcher] ✅ SÉLECTIONNÉ: object_counting (conf=1.0)
[MAGEN] Pattern détecté: object_counting (conf=1.00)
[MAGEN] Décision: ACTION3 (mirror_horizontal) - Stratégie: transformation_learning, Score: 0.02, Budget: 7.0
[ObjectExtractor] Extracted 0 structured objects
[PatternMatcher] Candidat AVANCÉ: object_counting (conf=1.0)
[PatternMatcher] Candidat AVANCÉ: diagonal_symmetry (conf=1.0)
[PatternMatcher] Candidat AVANCÉ: grid_tiling (conf=0.9)
[PatternMatcher] ✅ SÉLECTIONNÉ: object_counting (conf=1.0)
[MAGEN] Pattern détecté: object_counting (conf=1.00)
[MAGEN] Décision: ACTION4 (mirror_vertical) - Stratégie: transformation_learning, Score: 0.02, Budget: 7.0
[ObjectExtractor] Extracted 0 structured objects
[PatternMatcher] Candidat AVANCÉ: object_counting (conf=1.0)
[PatternMatcher] Candidat AVANCÉ: diagonal_symmetry (conf=1.0)
[PatternMatcher] Candidat AVANCÉ: grid_tiling (conf=0.9)
[PatternMatcher] ✅ SÉLECTIONNÉ: object_counting (conf=1.0)
[MAGEN] Pattern détecté: object_counting (conf=1.00)
[MAGEN] Décision: ACTION5 (identity) - Stratégie: transformation_learning, Score: 0.02, Budget: 7.0
[ObjectExtractor] Extracted 0 structured objects
[PatternMatcher] Candidat AVANCÉ: object_counting (conf=1.0)
[PatternMatcher] Candidat AVANCÉ: diagonal_symmetry (conf=1.0)
[PatternMatcher] Candidat AVANCÉ: grid_tiling (conf=0.9)
[PatternMatcher] ✅ SÉLECTIONNÉ: object_counting (conf=1.0)
[MAGEN] Pattern détecté: object_counting (conf=1.00)
[MAGEN] Décision: ACTION1 (rotate_90) - Stratégie: transformation_learning, Score: 0.02, Budget: 7.0
[ObjectExtractor] Extracted 0 structured objects
[PatternMatcher] Candidat AVANCÉ: object_counting (conf=1.0)
[PatternMatcher] Candidat AVANCÉ: diagonal_symmetry (conf=1.0)
[PatternMatcher] Candidat AVANCÉ: grid_tiling (conf=0.9)
[PatternMatcher] ✅ SÉLECTIONNÉ: object_counting (conf=1.0)
[MAGEN] Pattern détecté: object_counting (conf=1.00)
[MAGEN] Décision: ACTION2 (rotate_180) - Stratégie: transformation_learning, Score: 0.02, Budget: 7.0
[ObjectExtractor] Extracted 0 structured objects
[PatternMatcher] Candidat AVANCÉ: object_counting (conf=1.0)
[PatternMatcher] Candidat AVANCÉ: diagonal_symmetry (conf=1.0)
[PatternMatcher] Candidat AVANCÉ: grid_tiling (conf=0.9)
[PatternMatcher] ✅ SÉLECTIONNÉ: object_counting (conf=1.0)
[MAGEN] Pattern détecté: object_counting (conf=1.00)
[MAGEN] Décision: ACTION3 (mirror_horizontal) - Stratégie: transformation_learning, Score: 0.02, Budget: 7.0
[ObjectExtractor] Extracted 0 structured objects
[PatternMatcher] Candidat AVANCÉ: object_counting (conf=1.0)
[PatternMatcher] Candidat AVANCÉ: diagonal_symmetry (conf=1.0)
[PatternMatcher] Candidat AVANCÉ: grid_tiling (conf=0.9)
[PatternMatcher] ✅ SÉLECTIONNÉ: object_counting (conf=1.0)
[MAGEN] Pattern détecté: object_counting (conf=1.00)
[MAGEN] Actions: 70/100 | Niveaux: 0 | État: NOT_FINISHED
[MAGEN] Décision: ACTION4 (mirror_vertical) - Stratégie: transformation_learning, Score: 0.02, Budget: 7.0
[ObjectExtractor] Extracted 0 structured objects
[PatternMatcher] Candidat AVANCÉ: object_counting (conf=1.0)
[PatternMatcher] Candidat AVANCÉ: diagonal_symmetry (conf=1.0)
[PatternMatcher] Candidat AVANCÉ: grid_tiling (conf=0.9)
[PatternMatcher] ✅ SÉLECTIONNÉ: object_counting (conf=1.0)
[MAGEN] Pattern détecté: object_counting (conf=1.00)
[MAGEN] Décision: ACTION5 (identity) - Stratégie: transformation_learning, Score: 0.02, Budget: 7.0
[ObjectExtractor] Extracted 0 structured objects
[PatternMatcher] Candidat AVANCÉ: object_counting (conf=1.0)
[PatternMatcher] Candidat AVANCÉ: diagonal_symmetry (conf=1.0)
[PatternMatcher] Candidat AVANCÉ: grid_tiling (conf=0.9)
[PatternMatcher] ✅ SÉLECTIONNÉ: object_counting (conf=1.0)
[MAGEN] Pattern détecté: object_counting (conf=1.00)
[MAGEN] Décision: ACTION1 (rotate_90) - Stratégie: transformation_learning, Score: 0.02, Budget: 7.0
[ObjectExtractor] Extracted 0 structured objects
[PatternMatcher] Candidat AVANCÉ: object_counting (conf=1.0)
[PatternMatcher] Candidat AVANCÉ: diagonal_symmetry (conf=1.0)
[PatternMatcher] Candidat AVANCÉ: grid_tiling (conf=0.9)
[PatternMatcher] ✅ SÉLECTIONNÉ: object_counting (conf=1.0)
[MAGEN] Pattern détecté: object_counting (conf=1.00)
[MAGEN] Décision: ACTION2 (rotate_180) - Stratégie: transformation_learning, Score: 0.02, Budget: 7.0
[ObjectExtractor] Extracted 0 structured objects
[PatternMatcher] Candidat AVANCÉ: object_counting (conf=1.0)
[PatternMatcher] Candidat AVANCÉ: diagonal_symmetry (conf=1.0)
[PatternMatcher] Candidat AVANCÉ: grid_tiling (conf=0.9)
[PatternMatcher] ✅ SÉLECTIONNÉ: object_counting (conf=1.0)
[MAGEN] Pattern détecté: object_counting (conf=1.00)
[MAGEN] Décision: ACTION3 (mirror_horizontal) - Stratégie: transformation_learning, Score: 0.02, Budget: 7.0
[ObjectExtractor] Extracted 0 structured objects
[PatternMatcher] Candidat AVANCÉ: object_counting (conf=1.0)
[PatternMatcher] Candidat AVANCÉ: diagonal_symmetry (conf=1.0)
[PatternMatcher] Candidat AVANCÉ: grid_tiling (conf=0.9)
[PatternMatcher] ✅ SÉLECTIONNÉ: object_counting (conf=1.0)
[MAGEN] Pattern détecté: object_counting (conf=1.00)
[MAGEN] Décision: ACTION4 (mirror_vertical) - Stratégie: transformation_learning, Score: 0.02, Budget: 7.0
[ObjectExtractor] Extracted 0 structured objects
[PatternMatcher] Candidat AVANCÉ: object_counting (conf=1.0)
[PatternMatcher] Candidat AVANCÉ: diagonal_symmetry (conf=1.0)
[PatternMatcher] Candidat AVANCÉ: grid_tiling (conf=0.9)
[PatternMatcher] ✅ SÉLECTIONNÉ: object_counting (conf=1.0)
[MAGEN] Pattern détecté: object_counting (conf=1.00)
[MAGEN] Décision: ACTION5 (identity) - Stratégie: transformation_learning, Score: 0.02, Budget: 7.0
[ObjectExtractor] Extracted 0 structured objects
[PatternMatcher] Candidat AVANCÉ: object_counting (conf=1.0)
[PatternMatcher] Candidat AVANCÉ: diagonal_symmetry (conf=1.0)
[PatternMatcher] Candidat AVANCÉ: grid_tiling (conf=0.9)
[PatternMatcher] ✅ SÉLECTIONNÉ: object_counting (conf=1.0)
[MAGEN] Pattern détecté: object_counting (conf=1.00)
[MAGEN] Décision: ACTION1 (rotate_90) - Stratégie: transformation_learning, Score: 0.02, Budget: 7.0
[ObjectExtractor] Extracted 0 structured objects
[PatternMatcher] Candidat AVANCÉ: object_counting (conf=1.0)
[PatternMatcher] Candidat AVANCÉ: diagonal_symmetry (conf=1.0)
[PatternMatcher] Candidat AVANCÉ: grid_tiling (conf=0.9)
[PatternMatcher] ✅ SÉLECTIONNÉ: object_counting (conf=1.0)
[MAGEN] Pattern détecté: object_counting (conf=1.00)
[MAGEN] Décision: ACTION2 (rotate_180) - Stratégie: transformation_learning, Score: 0.02, Budget: 7.0
[ObjectExtractor] Extracted 0 structured objects
[PatternMatcher] Candidat AVANCÉ: object_counting (conf=1.0)
[PatternMatcher] Candidat AVANCÉ: diagonal_symmetry (conf=1.0)
[PatternMatcher] Candidat AVANCÉ: grid_tiling (conf=0.9)
[PatternMatcher] ✅ SÉLECTIONNÉ: object_counting (conf=1.0)
[MAGEN] Pattern détecté: object_counting (conf=1.00)
[MAGEN] Décision: ACTION3 (mirror_horizontal) - Stratégie: transformation_learning, Score: 0.02, Budget: 7.0
[ObjectExtractor] Extracted 0 structured objects
[PatternMatcher] Candidat AVANCÉ: object_counting (conf=1.0)
[PatternMatcher] Candidat AVANCÉ: diagonal_symmetry (conf=1.0)
[PatternMatcher] Candidat AVANCÉ: grid_tiling (conf=0.9)
[PatternMatcher] ✅ SÉLECTIONNÉ: object_counting (conf=1.0)
[MAGEN] Pattern détecté: object_counting (conf=1.00)
[MAGEN] Actions: 80/100 | Niveaux: 0 | État: NOT_FINISHED
[MAGEN] Décision: ACTION4 (mirror_vertical) - Stratégie: transformation_learning, Score: 0.02, Budget: 7.0
[ObjectExtractor] Extracted 0 structured objects
[PatternMatcher] Candidat AVANCÉ: object_counting (conf=1.0)
[PatternMatcher] Candidat AVANCÉ: diagonal_symmetry (conf=1.0)
[PatternMatcher] Candidat AVANCÉ: grid_tiling (conf=0.9)
[PatternMatcher] ✅ SÉLECTIONNÉ: object_counting (conf=1.0)
[MAGEN] Pattern détecté: object_counting (conf=1.00)
[MAGEN] Décision: ACTION5 (identity) - Stratégie: transformation_learning, Score: 0.02, Budget: 7.0
[ObjectExtractor] Extracted 0 structured objects
[PatternMatcher] Candidat AVANCÉ: object_counting (conf=1.0)
[PatternMatcher] Candidat AVANCÉ: diagonal_symmetry (conf=1.0)
[PatternMatcher] Candidat AVANCÉ: grid_tiling (conf=0.9)
[PatternMatcher] ✅ SÉLECTIONNÉ: object_counting (conf=1.0)
[MAGEN] Pattern détecté: object_counting (conf=1.00)
[MAGEN] Décision: ACTION1 (rotate_90) - Stratégie: transformation_learning, Score: 0.02, Budget: 7.0
[ObjectExtractor] Extracted 0 structured objects
[PatternMatcher] Candidat AVANCÉ: object_counting (conf=1.0)
[PatternMatcher] Candidat AVANCÉ: diagonal_symmetry (conf=1.0)
[PatternMatcher] Candidat AVANCÉ: grid_tiling (conf=0.9)
[PatternMatcher] ✅ SÉLECTIONNÉ: object_counting (conf=1.0)
[MAGEN] Pattern détecté: object_counting (conf=1.00)
[MAGEN] Décision: ACTION2 (rotate_180) - Stratégie: transformation_learning, Score: 0.02, Budget: 7.0
[ObjectExtractor] Extracted 0 structured objects
[PatternMatcher] Candidat AVANCÉ: object_counting (conf=1.0)
[PatternMatcher] Candidat AVANCÉ: diagonal_symmetry (conf=1.0)
[PatternMatcher] Candidat AVANCÉ: grid_tiling (conf=0.9)
[PatternMatcher] ✅ SÉLECTIONNÉ: object_counting (conf=1.0)
[MAGEN] Pattern détecté: object_counting (conf=1.00)
[MAGEN] Décision: ACTION3 (mirror_horizontal) - Stratégie: transformation_learning, Score: 0.02, Budget: 7.0
[ObjectExtractor] Extracted 0 structured objects
[PatternMatcher] Candidat AVANCÉ: object_counting (conf=1.0)
[PatternMatcher] Candidat AVANCÉ: diagonal_symmetry (conf=1.0)
[PatternMatcher] Candidat AVANCÉ: grid_tiling (conf=0.9)
[PatternMatcher] ✅ SÉLECTIONNÉ: object_counting (conf=1.0)
[MAGEN] Pattern détecté: object_counting (conf=1.00)
[MAGEN] Décision: ACTION4 (mirror_vertical) - Stratégie: transformation_learning, Score: 0.02, Budget: 7.0
[ObjectExtractor] Extracted 0 structured objects
[PatternMatcher] Candidat AVANCÉ: object_counting (conf=1.0)
[PatternMatcher] Candidat AVANCÉ: diagonal_symmetry (conf=1.0)
[PatternMatcher] Candidat AVANCÉ: grid_tiling (conf=0.9)
[PatternMatcher] ✅ SÉLECTIONNÉ: object_counting (conf=1.0)
[MAGEN] Pattern détecté: object_counting (conf=1.00)
[MAGEN] Décision: ACTION5 (identity) - Stratégie: transformation_learning, Score: 0.02, Budget: 7.0
[ObjectExtractor] Extracted 0 structured objects
[PatternMatcher] Candidat AVANCÉ: object_counting (conf=1.0)
[PatternMatcher] Candidat AVANCÉ: diagonal_symmetry (conf=1.0)
[PatternMatcher] Candidat AVANCÉ: grid_tiling (conf=0.9)
[PatternMatcher] ✅ SÉLECTIONNÉ: object_counting (conf=1.0)
[MAGEN] Pattern détecté: object_counting (conf=1.00)
[MAGEN] Décision: ACTION1 (rotate_90) - Stratégie: transformation_learning, Score: 0.02, Budget: 7.0
[ObjectExtractor] Extracted 0 structured objects
[PatternMatcher] Candidat AVANCÉ: object_counting (conf=1.0)
[PatternMatcher] Candidat AVANCÉ: diagonal_symmetry (conf=1.0)
[PatternMatcher] Candidat AVANCÉ: grid_tiling (conf=0.9)
[PatternMatcher] ✅ SÉLECTIONNÉ: object_counting (conf=1.0)
[MAGEN] Pattern détecté: object_counting (conf=1.00)
[MAGEN] Décision: ACTION2 (rotate_180) - Stratégie: transformation_learning, Score: 0.02, Budget: 7.0
[ObjectExtractor] Extracted 0 structured objects
[PatternMatcher] Candidat AVANCÉ: object_counting (conf=1.0)
[PatternMatcher] Candidat AVANCÉ: diagonal_symmetry (conf=1.0)
[PatternMatcher] Candidat AVANCÉ: grid_tiling (conf=0.9)
[PatternMatcher] ✅ SÉLECTIONNÉ: object_counting (conf=1.0)
[MAGEN] Pattern détecté: object_counting (conf=1.00)
[MAGEN] Décision: ACTION3 (mirror_horizontal) - Stratégie: transformation_learning, Score: 0.02, Budget: 7.0
[ObjectExtractor] Extracted 0 structured objects
[PatternMatcher] Candidat AVANCÉ: object_counting (conf=1.0)
[PatternMatcher] Candidat AVANCÉ: diagonal_symmetry (conf=1.0)
[PatternMatcher] Candidat AVANCÉ: grid_tiling (conf=0.9)
[PatternMatcher] ✅ SÉLECTIONNÉ: object_counting (conf=1.0)
[MAGEN] Pattern détecté: object_counting (conf=1.00)
[MAGEN] Actions: 90/100 | Niveaux: 0 | État: NOT_FINISHED
[MAGEN] Décision: ACTION4 (mirror_vertical) - Stratégie: transformation_learning, Score: 0.02, Budget: 7.0
[ObjectExtractor] Extracted 0 structured objects
[PatternMatcher] Candidat AVANCÉ: object_counting (conf=1.0)
[PatternMatcher] Candidat AVANCÉ: diagonal_symmetry (conf=1.0)
[PatternMatcher] Candidat AVANCÉ: grid_tiling (conf=0.9)
[PatternMatcher] ✅ SÉLECTIONNÉ: object_counting (conf=1.0)
[MAGEN] Pattern détecté: object_counting (conf=1.00)
[MAGEN] Décision: ACTION5 (identity) - Stratégie: transformation_learning, Score: 0.02, Budget: 7.0
[ObjectExtractor] Extracted 0 structured objects
[PatternMatcher] Candidat AVANCÉ: object_counting (conf=1.0)
[PatternMatcher] Candidat AVANCÉ: diagonal_symmetry (conf=1.0)
[PatternMatcher] Candidat AVANCÉ: grid_tiling (conf=0.9)
[PatternMatcher] ✅ SÉLECTIONNÉ: object_counting (conf=1.0)
[MAGEN] Pattern détecté: object_counting (conf=1.00)
[MAGEN] Décision: ACTION1 (rotate_90) - Stratégie: transformation_learning, Score: 0.01, Budget: 7.0
[ObjectExtractor] Extracted 0 structured objects
[PatternMatcher] Candidat AVANCÉ: object_counting (conf=1.0)
[PatternMatcher] Candidat AVANCÉ: diagonal_symmetry (conf=1.0)
[PatternMatcher] Candidat AVANCÉ: grid_tiling (conf=0.9)
[PatternMatcher] ✅ SÉLECTIONNÉ: object_counting (conf=1.0)
[MAGEN] Pattern détecté: object_counting (conf=1.00)
[MAGEN] Décision: ACTION2 (rotate_180) - Stratégie: transformation_learning, Score: 0.01, Budget: 7.0
[ObjectExtractor] Extracted 0 structured objects
[PatternMatcher] Candidat AVANCÉ: object_counting (conf=1.0)
[PatternMatcher] Candidat AVANCÉ: diagonal_symmetry (conf=1.0)
[PatternMatcher] Candidat AVANCÉ: grid_tiling (conf=0.9)
[PatternMatcher] ✅ SÉLECTIONNÉ: object_counting (conf=1.0)
[MAGEN] Pattern détecté: object_counting (conf=1.00)
[MAGEN] Décision: ACTION3 (mirror_horizontal) - Stratégie: transformation_learning, Score: 0.01, Budget: 7.0
[ObjectExtractor] Extracted 0 structured objects
[PatternMatcher] Candidat AVANCÉ: object_counting (conf=1.0)
[PatternMatcher] Candidat AVANCÉ: diagonal_symmetry (conf=1.0)
[PatternMatcher] Candidat AVANCÉ: grid_tiling (conf=0.9)
[PatternMatcher] ✅ SÉLECTIONNÉ: object_counting (conf=1.0)
[MAGEN] Pattern détecté: object_counting (conf=1.00)
[MAGEN] Décision: ACTION4 (mirror_vertical) - Stratégie: transformation_learning, Score: 0.01, Budget: 7.0
[ObjectExtractor] Extracted 0 structured objects
[PatternMatcher] Candidat AVANCÉ: object_counting (conf=1.0)
[PatternMatcher] Candidat AVANCÉ: diagonal_symmetry (conf=1.0)
[PatternMatcher] Candidat AVANCÉ: grid_tiling (conf=0.9)
[PatternMatcher] ✅ SÉLECTIONNÉ: object_counting (conf=1.0)
[MAGEN] Pattern détecté: object_counting (conf=1.00)
[MAGEN] Décision: ACTION5 (identity) - Stratégie: transformation_learning, Score: 0.01, Budget: 7.0
[ObjectExtractor] Extracted 0 structured objects
[PatternMatcher] Candidat AVANCÉ: object_counting (conf=1.0)
[PatternMatcher] Candidat AVANCÉ: diagonal_symmetry (conf=1.0)
[PatternMatcher] Candidat AVANCÉ: grid_tiling (conf=0.9)
[PatternMatcher] ✅ SÉLECTIONNÉ: object_counting (conf=1.0)
[MAGEN] Pattern détecté: object_counting (conf=1.00)
[MAGEN] Décision: ACTION1 (rotate_90) - Stratégie: transformation_learning, Score: 0.01, Budget: 7.0
[ObjectExtractor] Extracted 0 structured objects
[PatternMatcher] Candidat AVANCÉ: object_counting (conf=1.0)
[PatternMatcher] Candidat AVANCÉ: diagonal_symmetry (conf=1.0)
[PatternMatcher] Candidat AVANCÉ: grid_tiling (conf=0.9)
[PatternMatcher] ✅ SÉLECTIONNÉ: object_counting (conf=1.0)
[MAGEN] Pattern détecté: object_counting (conf=1.00)
[MAGEN] Décision: ACTION2 (rotate_180) - Stratégie: transformation_learning, Score: 0.01, Budget: 7.0
[ObjectExtractor] Extracted 0 structured objects
[PatternMatcher] Candidat AVANCÉ: object_counting (conf=1.0)
[PatternMatcher] Candidat AVANCÉ: diagonal_symmetry (conf=1.0)
[PatternMatcher] Candidat AVANCÉ: grid_tiling (conf=0.9)
[PatternMatcher] ✅ SÉLECTIONNÉ: object_counting (conf=1.0)
[MAGEN] Pattern détecté: object_counting (conf=1.00)
[MAGEN] Décision: ACTION3 (mirror_horizontal) - Stratégie: transformation_learning, Score: 0.01, Budget: 7.0
[ObjectExtractor] Extracted 0 structured objects
[PatternMatcher] Candidat AVANCÉ: object_counting (conf=1.0)
[PatternMatcher] Candidat AVANCÉ: diagonal_symmetry (conf=1.0)
[PatternMatcher] Candidat AVANCÉ: grid_tiling (conf=0.9)
[PatternMatcher] ✅ SÉLECTIONNÉ: object_counting (conf=1.0)
[MAGEN] Pattern détecté: object_counting (conf=1.00)
[MAGEN] Actions: 100/100 | Niveaux: 0 | État: GAME_OVER

[MAGEN] Résultats finaux:
  Niveaux complétés: 0
  Actions: 100
  Succès: False
  État final: GAME_OVER

[MAGEN] Statistiques:
  total_actions: 228
  successful_actions: 0
  patterns_detected: 228
  objects_extracted: 0
  strategy_switches: 0
  learning_updates: 228

📊 STATISTIQUES MAGEN:
   Taux succès: 0.0%
   Reward moyen: 0.00
   Patterns détectés: 228
   Objets extraits: 0
2026-06-14 02:08:09 | INFO | Closed scorecard: bd82d1f0-8956-47f4-b4c7-ff54f0efa47d

================================================================================
🏆 SCORECARD FINAL
================================================================================
Score: 0.00
Scorecard ID: 0ab5e719-94b6-485a-9325-5b8d565a8362
================================================================================

💾 Résultats sauvegardés: results/arc_agi_3/private_submission_20260614_020641.json

================================================================================
📊 RÉSUMÉ FINAL - MODE PRIVÉ
================================================================================
Session: 20260614_020641
Jeux joués: 3
Score total: 0.00
Score scorecard: 0.00
Début: 2026-06-14T02:06:41.542245
Fin: 2026-06-14T02:08:09.270006
================================================================================
🔒 Mode: PRIVÉ (aucune soumission publique)
================================================================================

================================================================================
✅ TEST TERMINÉ
================================================================================
Résultats sauvegardés dans: results_magen_v22_20260614_020641.json
Logs forensiques disponibles dans le répertoire forensic/
================================================================================

