{
  "mode": "deterministic_seeded",
  "seed": 3,
  "scenarios": 360,
  "steps": 1400,
  "nqubits_simulated": 504000,
  "nqubits_per_sec": 8300836.957,
  "nqubit_avg_score": 0.961350553693,
  "baseline_qubit_avg_score": 0.940048574945,
  "nqubit_win_rate": 0.644444444444,
  "nqubit_wins": 232,
  "baseline_wins": 128,
  "elapsed_ns": 60716769,
  "used_hardware_entropy": false,
  "latency_p50_ns": 162720,
  "latency_p95_ns": 199790,
  "latency_p99_ns": 209490
}
