{
  "mode": "deterministic_seeded",
  "seed": 26,
  "scenarios": 360,
  "steps": 1400,
  "nqubits_simulated": 504000,
  "nqubits_per_sec": 8056703.849,
  "nqubit_avg_score": 0.959168777685,
  "baseline_qubit_avg_score": 0.933196221966,
  "nqubit_win_rate": 0.658333333333,
  "nqubit_wins": 237,
  "baseline_wins": 123,
  "elapsed_ns": 62556600,
  "used_hardware_entropy": false,
  "latency_p50_ns": 176640,
  "latency_p95_ns": 200200,
  "latency_p99_ns": 226650
}
