{
  "mode": "deterministic_seeded",
  "seed": 20,
  "scenarios": 360,
  "steps": 1400,
  "nqubits_simulated": 504000,
  "nqubits_per_sec": 8602862.818,
  "nqubit_avg_score": 0.963390143571,
  "baseline_qubit_avg_score": 0.937210184421,
  "nqubit_win_rate": 0.697222222222,
  "nqubit_wins": 251,
  "baseline_wins": 109,
  "elapsed_ns": 58585149,
  "used_hardware_entropy": false,
  "latency_p50_ns": 147280,
  "latency_p95_ns": 187890,
  "latency_p99_ns": 213170
}
