{
  "mode": "deterministic_seeded",
  "seed": 10,
  "scenarios": 360,
  "steps": 1400,
  "nqubits_simulated": 504000,
  "nqubits_per_sec": 7958711.971,
  "nqubit_avg_score": 0.962068006452,
  "baseline_qubit_avg_score": 0.943077058577,
  "nqubit_win_rate": 0.638888888889,
  "nqubit_wins": 230,
  "baseline_wins": 130,
  "elapsed_ns": 63326830,
  "used_hardware_entropy": false,
  "latency_p50_ns": 174800,
  "latency_p95_ns": 199110,
  "latency_p99_ns": 223030
}
