{
  "mode": "hardware_preferred",
  "seed": 0,
  "scenarios": 360,
  "steps": 1400,
  "nqubits_simulated": 504000,
  "nqubits_per_sec": 9168073.878,
  "nqubit_avg_score": 0.959936718235,
  "baseline_qubit_avg_score": 0.940461844016,
  "nqubit_win_rate": 0.633333333333,
  "nqubit_wins": 228,
  "baseline_wins": 132,
  "elapsed_ns": 54973379,
  "used_hardware_entropy": true,
  "latency_p50_ns": 130430,
  "latency_p95_ns": 187400,
  "latency_p99_ns": 201840
}
