{
  "mode": "hardware_preferred",
  "seed": 0,
  "scenarios": 360,
  "steps": 1400,
  "nqubits_simulated": 504000,
  "nqubits_per_sec": 8478096.124,
  "nqubit_avg_score": 0.961578514490,
  "baseline_qubit_avg_score": 0.936896655422,
  "nqubit_win_rate": 0.663888888889,
  "nqubit_wins": 239,
  "baseline_wins": 121,
  "elapsed_ns": 59447309,
  "used_hardware_entropy": true,
  "latency_p50_ns": 143750,
  "latency_p95_ns": 207530,
  "latency_p99_ns": 218100
}
