{
  "mode": "hardware_preferred",
  "seed": 0,
  "scenarios": 360,
  "steps": 1400,
  "nqubits_simulated": 504000,
  "nqubits_per_sec": 9040720.535,
  "nqubit_avg_score": 0.962364722903,
  "baseline_qubit_avg_score": 0.940579426685,
  "nqubit_win_rate": 0.644444444444,
  "nqubit_wins": 232,
  "baseline_wins": 128,
  "elapsed_ns": 55747769,
  "used_hardware_entropy": true,
  "latency_p50_ns": 131760,
  "latency_p95_ns": 185860,
  "latency_p99_ns": 216970
}
