{
  "mode": "hardware_preferred",
  "seed": 0,
  "scenarios": 360,
  "steps": 1400,
  "nqubits_simulated": 504000,
  "nqubits_per_sec": 8010128.490,
  "nqubit_avg_score": 0.963493243748,
  "baseline_qubit_avg_score": 0.937841288176,
  "nqubit_win_rate": 0.647222222222,
  "nqubit_wins": 233,
  "baseline_wins": 127,
  "elapsed_ns": 62920339,
  "used_hardware_entropy": true,
  "latency_p50_ns": 173190,
  "latency_p95_ns": 216800,
  "latency_p99_ns": 227990
}
