{
  "mode": "hardware_preferred",
  "seed": 0,
  "scenarios": 360,
  "steps": 1400,
  "nqubits_simulated": 504000,
  "nqubits_per_sec": 8572475.492,
  "nqubit_avg_score": 0.964485101395,
  "baseline_qubit_avg_score": 0.936740447464,
  "nqubit_win_rate": 0.683333333333,
  "nqubit_wins": 246,
  "baseline_wins": 114,
  "elapsed_ns": 58792819,
  "used_hardware_entropy": true,
  "latency_p50_ns": 142350,
  "latency_p95_ns": 198380,
  "latency_p99_ns": 236400
}
