{
  "mode": "hardware_preferred",
  "seed": 0,
  "scenarios": 360,
  "steps": 1400,
  "nqubits_simulated": 504000,
  "nqubits_per_sec": 8687827.883,
  "nqubit_avg_score": 0.961215774480,
  "baseline_qubit_avg_score": 0.938684088363,
  "nqubit_win_rate": 0.638888888889,
  "nqubit_wins": 230,
  "baseline_wins": 130,
  "elapsed_ns": 58012199,
  "used_hardware_entropy": true,
  "latency_p50_ns": 140490,
  "latency_p95_ns": 194180,
  "latency_p99_ns": 216370
}
