{
  "mode": "hardware_preferred",
  "seed": 0,
  "scenarios": 360,
  "steps": 1400,
  "nqubits_simulated": 504000,
  "nqubits_per_sec": 8127608.616,
  "nqubit_avg_score": 0.962729950929,
  "baseline_qubit_avg_score": 0.938719049487,
  "nqubit_win_rate": 0.680555555556,
  "nqubit_wins": 245,
  "baseline_wins": 115,
  "elapsed_ns": 62010860,
  "used_hardware_entropy": true,
  "latency_p50_ns": 177420,
  "latency_p95_ns": 214260,
  "latency_p99_ns": 220360
}
