{
  "mode": "hardware_preferred",
  "seed": 0,
  "scenarios": 360,
  "steps": 1400,
  "nqubits_simulated": 504000,
  "nqubits_per_sec": 8190021.499,
  "nqubit_avg_score": 0.963192560389,
  "baseline_qubit_avg_score": 0.938678937317,
  "nqubit_win_rate": 0.666666666667,
  "nqubit_wins": 240,
  "baseline_wins": 120,
  "elapsed_ns": 61538300,
  "used_hardware_entropy": true,
  "latency_p50_ns": 161020,
  "latency_p95_ns": 209690,
  "latency_p99_ns": 225190
}
