{
  "mode": "hardware_preferred",
  "seed": 0,
  "scenarios": 360,
  "steps": 1400,
  "nqubits_simulated": 504000,
  "nqubits_per_sec": 8344174.828,
  "nqubit_avg_score": 0.961280735757,
  "baseline_qubit_avg_score": 0.936978914258,
  "nqubit_win_rate": 0.661111111111,
  "nqubit_wins": 238,
  "baseline_wins": 122,
  "elapsed_ns": 60401419,
  "used_hardware_entropy": true,
  "latency_p50_ns": 155789,
  "latency_p95_ns": 210920,
  "latency_p99_ns": 232590
}
