{
  "mode": "hardware_preferred",
  "seed": 0,
  "scenarios": 360,
  "steps": 1400,
  "nqubits_simulated": 504000,
  "nqubits_per_sec": 8224748.565,
  "nqubit_avg_score": 0.965095031304,
  "baseline_qubit_avg_score": 0.938269615293,
  "nqubit_win_rate": 0.686111111111,
  "nqubit_wins": 247,
  "baseline_wins": 113,
  "elapsed_ns": 61278469,
  "used_hardware_entropy": true,
  "latency_p50_ns": 162080,
  "latency_p95_ns": 216560,
  "latency_p99_ns": 223400
}
