{
  "mode": "hardware_preferred",
  "seed": 0,
  "scenarios": 360,
  "steps": 1400,
  "nqubits_simulated": 504000,
  "nqubits_per_sec": 9450434.720,
  "nqubit_avg_score": 0.961863998953,
  "baseline_qubit_avg_score": 0.940713681775,
  "nqubit_win_rate": 0.630555555556,
  "nqubit_wins": 227,
  "baseline_wins": 133,
  "elapsed_ns": 53330880,
  "used_hardware_entropy": true,
  "latency_p50_ns": 129450,
  "latency_p95_ns": 174540,
  "latency_p99_ns": 186760
}
