{
  "mode": "hardware_preferred",
  "seed": 0,
  "scenarios": 360,
  "steps": 1400,
  "nqubits_simulated": 504000,
  "nqubits_per_sec": 8783478.013,
  "nqubit_avg_score": 0.963712270515,
  "baseline_qubit_avg_score": 0.938683411538,
  "nqubit_win_rate": 0.652777777778,
  "nqubit_wins": 235,
  "baseline_wins": 125,
  "elapsed_ns": 57380459,
  "used_hardware_entropy": true,
  "latency_p50_ns": 137940,
  "latency_p95_ns": 198820,
  "latency_p99_ns": 221050
}
