{
  "mode": "hardware_preferred",
  "seed": 0,
  "scenarios": 360,
  "steps": 1400,
  "nqubits_simulated": 504000,
  "nqubits_per_sec": 7885874.004,
  "nqubit_avg_score": 0.963080065746,
  "baseline_qubit_avg_score": 0.935898828035,
  "nqubit_win_rate": 0.697222222222,
  "nqubit_wins": 251,
  "baseline_wins": 109,
  "elapsed_ns": 63911749,
  "used_hardware_entropy": true,
  "latency_p50_ns": 173620,
  "latency_p95_ns": 210380,
  "latency_p99_ns": 220560
}
