{
  "mode": "hardware_preferred",
  "seed": 0,
  "scenarios": 360,
  "steps": 1400,
  "nqubits_simulated": 504000,
  "nqubits_per_sec": 9036097.758,
  "nqubit_avg_score": 0.959346094230,
  "baseline_qubit_avg_score": 0.936669502465,
  "nqubit_win_rate": 0.655555555556,
  "nqubit_wins": 236,
  "baseline_wins": 124,
  "elapsed_ns": 55776289,
  "used_hardware_entropy": true,
  "latency_p50_ns": 131110,
  "latency_p95_ns": 186030,
  "latency_p99_ns": 215440
}
