{
  "mode": "hardware_preferred",
  "seed": 0,
  "scenarios": 360,
  "steps": 1400,
  "nqubits_simulated": 504000,
  "nqubits_per_sec": 9578170.892,
  "nqubit_avg_score": 0.962421348518,
  "baseline_qubit_avg_score": 0.934465244927,
  "nqubit_win_rate": 0.688888888889,
  "nqubit_wins": 248,
  "baseline_wins": 112,
  "elapsed_ns": 52619650,
  "used_hardware_entropy": true,
  "latency_p50_ns": 127140,
  "latency_p95_ns": 176130,
  "latency_p99_ns": 188640
}
