{
  "mode": "hardware_preferred",
  "seed": 0,
  "scenarios": 360,
  "steps": 1400,
  "nqubits_simulated": 504000,
  "nqubits_per_sec": 8343902.552,
  "nqubit_avg_score": 0.960296340841,
  "baseline_qubit_avg_score": 0.934517106938,
  "nqubit_win_rate": 0.680555555556,
  "nqubit_wins": 245,
  "baseline_wins": 115,
  "elapsed_ns": 60403390,
  "used_hardware_entropy": true,
  "latency_p50_ns": 170300,
  "latency_p95_ns": 193680,
  "latency_p99_ns": 219930
}
