{
  "mode": "hardware_preferred",
  "seed": 0,
  "scenarios": 360,
  "steps": 1400,
  "nqubits_simulated": 504000,
  "nqubits_per_sec": 8477713.932,
  "nqubit_avg_score": 0.962141350451,
  "baseline_qubit_avg_score": 0.938419747484,
  "nqubit_win_rate": 0.672222222222,
  "nqubit_wins": 242,
  "baseline_wins": 118,
  "elapsed_ns": 59449989,
  "used_hardware_entropy": true,
  "latency_p50_ns": 145610,
  "latency_p95_ns": 196870,
  "latency_p99_ns": 220100
}
