{
  "mode": "hardware_preferred",
  "seed": 0,
  "scenarios": 360,
  "steps": 1400,
  "nqubits_simulated": 504000,
  "nqubits_per_sec": 9374067.127,
  "nqubit_avg_score": 0.960247151806,
  "baseline_qubit_avg_score": 0.938366823130,
  "nqubit_win_rate": 0.658333333333,
  "nqubit_wins": 237,
  "baseline_wins": 123,
  "elapsed_ns": 53765350,
  "used_hardware_entropy": true,
  "latency_p50_ns": 129370,
  "latency_p95_ns": 181300,
  "latency_p99_ns": 206250
}
