{
  "mode": "hardware_preferred",
  "seed": 0,
  "scenarios": 360,
  "steps": 1400,
  "nqubits_simulated": 504000,
  "nqubits_per_sec": 8551147.228,
  "nqubit_avg_score": 0.961461083020,
  "baseline_qubit_avg_score": 0.942752187467,
  "nqubit_win_rate": 0.636111111111,
  "nqubit_wins": 229,
  "baseline_wins": 131,
  "elapsed_ns": 58939460,
  "used_hardware_entropy": true,
  "latency_p50_ns": 139350,
  "latency_p95_ns": 215760,
  "latency_p99_ns": 222900
}
