{
  "mode": "hardware_preferred",
  "seed": 0,
  "scenarios": 360,
  "steps": 1400,
  "nqubits_simulated": 504000,
  "nqubits_per_sec": 8698169.030,
  "nqubit_avg_score": 0.962987026710,
  "baseline_qubit_avg_score": 0.938657407141,
  "nqubit_win_rate": 0.658333333333,
  "nqubit_wins": 237,
  "baseline_wins": 123,
  "elapsed_ns": 57943229,
  "used_hardware_entropy": true,
  "latency_p50_ns": 139970,
  "latency_p95_ns": 189620,
  "latency_p99_ns": 221510
}
