{
  "mode": "hardware_preferred",
  "seed": 0,
  "scenarios": 360,
  "steps": 1400,
  "nqubits_simulated": 504000,
  "nqubits_per_sec": 8584462.940,
  "nqubit_avg_score": 0.963084269251,
  "baseline_qubit_avg_score": 0.938165122640,
  "nqubit_win_rate": 0.680555555556,
  "nqubit_wins": 245,
  "baseline_wins": 115,
  "elapsed_ns": 58710720,
  "used_hardware_entropy": true,
  "latency_p50_ns": 146950,
  "latency_p95_ns": 194090,
  "latency_p99_ns": 219370
}
