{
  "mode": "hardware_preferred",
  "seed": 0,
  "scenarios": 360,
  "steps": 1400,
  "nqubits_simulated": 504000,
  "nqubits_per_sec": 8500953.212,
  "nqubit_avg_score": 0.962529612150,
  "baseline_qubit_avg_score": 0.939559955928,
  "nqubit_win_rate": 0.658333333333,
  "nqubit_wins": 237,
  "baseline_wins": 123,
  "elapsed_ns": 59287469,
  "used_hardware_entropy": true,
  "latency_p50_ns": 147470,
  "latency_p95_ns": 198670,
  "latency_p99_ns": 221590
}
