{
  "mode": "hardware_preferred",
  "seed": 0,
  "scenarios": 360,
  "steps": 1400,
  "nqubits_simulated": 504000,
  "nqubits_per_sec": 9335639.755,
  "nqubit_avg_score": 0.959155499734,
  "baseline_qubit_avg_score": 0.939622858961,
  "nqubit_win_rate": 0.619444444444,
  "nqubit_wins": 223,
  "baseline_wins": 137,
  "elapsed_ns": 53986659,
  "used_hardware_entropy": true,
  "latency_p50_ns": 129720,
  "latency_p95_ns": 181130,
  "latency_p99_ns": 196000
}
