{
  "mode": "hardware_preferred",
  "seed": 0,
  "scenarios": 360,
  "steps": 1400,
  "nqubits_simulated": 504000,
  "nqubits_per_sec": 8213130.877,
  "nqubit_avg_score": 0.963774069725,
  "baseline_qubit_avg_score": 0.938141389662,
  "nqubit_win_rate": 0.672222222222,
  "nqubit_wins": 242,
  "baseline_wins": 118,
  "elapsed_ns": 61365149,
  "used_hardware_entropy": true,
  "latency_p50_ns": 160400,
  "latency_p95_ns": 215260,
  "latency_p99_ns": 236280
}
