{
  "mode": "hardware_preferred",
  "seed": 0,
  "scenarios": 360,
  "steps": 1400,
  "nqubits_simulated": 504000,
  "nqubits_per_sec": 8964444.930,
  "nqubit_avg_score": 0.959603349356,
  "baseline_qubit_avg_score": 0.936295793575,
  "nqubit_win_rate": 0.672222222222,
  "nqubit_wins": 242,
  "baseline_wins": 118,
  "elapsed_ns": 56222109,
  "used_hardware_entropy": true,
  "latency_p50_ns": 135500,
  "latency_p95_ns": 186120,
  "latency_p99_ns": 217190
}
