360556 execve("./test_c452_opencl_trace", ["./test_c452_opencl_trace"], ["PATH=/usr/local/sbin:/usr/local/bin:/usr/sbin:/usr/bin:/sbin:/bin:/snap/bin", "DISPLAY=:0", "LANG=en_US.UTF-8", "XDG_CURRENT_DESKTOP=ubuntu:GNOME", "XAUTHORITY=/run/user/1000/.mutter-Xwaylandauth.5RT8P3", "LC_ALL=en_US.UTF-8", "MAIL=/var/mail/root", "LOGNAME=root", "USER=root", "HOME=/root", "SHELL=/bin/bash", "TERM=unknown", "SUDO_COMMAND=/usr/bin/strace -f -v -s 4096 -o ../logs/c454_full_opencl_trace.log ./test_c452_opencl_trace", "SUDO_USER=lvx", "SUDO_UID=1000", "SUDO_GID=1000"]) = 0
360556 brk(NULL)                        = 0x569258f25000
360556 mmap(NULL, 8192, PROT_READ|PROT_WRITE, MAP_PRIVATE|MAP_ANONYMOUS, -1, 0) = 0x771767082000
360556 access("/etc/ld.so.preload", R_OK) = 0
360556 openat(AT_FDCWD, "/etc/ld.so.preload", O_RDONLY|O_CLOEXEC) = 3
360556 fstat(3, {st_dev=makedev(0x103, 0x2), st_ino=9964463, st_mode=S_IFREG|0644, st_nlink=1, st_uid=0, st_gid=0, st_blksize=4096, st_blocks=8, st_size=75, st_atime=1779475189 /* 2026-05-22T20:39:49.639478884+0200 */, st_atime_nsec=639478884, st_mtime=1776207300 /* 2026-04-15T00:55:00.270630883+0200 */, st_mtime_nsec=270630883, st_ctime=1776207300 /* 2026-04-15T00:55:00.272630881+0200 */, st_ctime_nsec=272630881}) = 0
360556 mmap(NULL, 75, PROT_READ|PROT_WRITE, MAP_PRIVATE, 3, 0) = 0x771767081000
360556 close(3)                         = 0
360556 openat(AT_FDCWD, "/opt/datadog-packages/datadog-apm-inject/stable/inject/launcher.preload.so", O_RDONLY|O_CLOEXEC) = 3
360556 read(3, "\177ELF\2\1\1\0\0\0\0\0\0\0\0\0\3\0>\0\1\0\0\0\0\0\0\0\0\0\0\0@\0\0\0\0\0\0\0\300/\v\0\0\0\0\0\0\0\0\0@\08\0\f\0@\0#\0\35\0\1\0\0\0\4\0\0\0\0\0\0\0\0\0\0\0\0\0\0\0\0\0\0\0\0\0\0\0\0\0\0\0@K\0\0\0\0\0\0@K\0\0\0\0\0\0\0\20\0\0\0\0\0\0Q\345td\6\0\0\0\0\0\0\0\0\0\0\0\0\0\0\0\0\0\0\0\0\0\0\0\0\0\0\0\0\0\0\0\0\0\0\0\0\0\0\0\0\0\0\0\20\0\0\0\0\0\0\0\1\0\0\0\5\0\0\0\0P\0\0\0\0\0\0\0P\0\0\0\0\0\0\0P\0\0\0\0\0\0\215\220\5\0\0\0\0\0\215\220\5\0\0\0\0\0\0\20\0\0\0\0\0\0\1\0\0\0\4\0\0\0\0\360\5\0\0\0\0\0\0\360\5\0\0\0\0\0\0\360\5\0\0\0\0\0\0\200\1\0\0\0\0\0\0\200\1\0\0\0\0\0\0\20\0\0\0\0\0\0P\345td\4\0\0\0\200\216\6\0\0\0\0\0\200\216\6\0\0\0\0\0\200\216\6\0\0\0\0\0\274'\0\0\0\0\0\0\274'\0\0\0\0\0\0\4\0\0\0\0\0\0\0\1\0\0\0\6\0\0\0Hp\7\0\0\0\0\0Hp\7\0\0\0\0\0Hp\7\0\0\0\0\0\2709\0\0\0\0\0\0`\10\2\0\0\0\0\0\0\20\0\0\0\0\0\0R\345td\4\0\0\0Hp\7\0\0\0\0\0Hp\7\0\0\0\0\0Hp\7\0\0\0\0\0\270\37\0\0\0\0\0\0\270\37\0\0\0\0\0\0\1\0\0\0\0\0\0\0\2\0\0\0\6\0\0\0 \212\7\0\0\0\0\0 \212\7\0\0\0\0\0 \212\7\0\0\0\0\0\260\1\0\0\0\0\0\0\260\1\0\0\0\0\0\0\10\0\0\0\0\0\0\0\4\0\0\0\4\0\0\0\0@\v\0\0\0\0\0\0\200\t\0\0\0\0\0\0\200\t\0\0\0\0\0000\0\0\0\0\0\0\0000\0\0\0\0\0\0\0\10\0\0\0\0\0\0\0S\345td\4\0\0\0\0@\v\0\0\0\0\0\0\200\t\0\0\0\0\0\0\200\t\0\0\0\0\0000\0\0\0\0\0\0\0000\0\0\0\0\0\0\0\10\0\0\0\0\0\0\0\1\0\0\0\6\0\0\0\0@\v\0\0\0\0\0\0\200\t\0\0\0\0\0\0\200\t\0\0\0\0\0\310\21\0\0\0\0\0\0\310\21\0\0\0\0\0\0\0\20\0\0\0\0\0\0\4\0\0\0\4\0\0\0000@\v\0\0\0\0\0000\200\t\0\0\0\0\0000\200\t\0\0\0\0\0$\0\0\0\0\0\0\0$\0\0\0\0\0\0\0\4\0\0\0\0\0\0\0ZZZZZZZZZZZZZZZZZZZZZZZZZZZZ\0\0\0\0ZZZZZZZZZZZZZZZZZZZZZZZZZZZZZZZZZZZZZZZZZZZZZZZZZZZZZZZZZZZZZZZZ", 832) = 832
360556 fstat(3, {st_dev=makedev(0x103, 0x2), st_ino=3823039, st_mode=S_IFREG|0755, st_nlink=1, st_uid=0, st_gid=0, st_blksize=4096, st_blocks=1456, st_size=741833, st_atime=1779475189 /* 2026-05-22T20:39:49.640478884+0200 */, st_atime_nsec=640478884, st_mtime=1776207295 /* 2026-04-15T00:54:55.335636047+0200 */, st_mtime_nsec=335636047, st_ctime=1776207295 /* 2026-04-15T00:54:55.335636047+0200 */, st_ctime_nsec=335636047}) = 0
360556 mmap(NULL, 627144, PROT_READ, MAP_PRIVATE|MAP_DENYWRITE, 3, 0) = 0x771766fe7000
360556 mprotect(0x771766fec000, 602112, PROT_NONE) = 0
360556 mmap(0x771766fec000, 368640, PROT_READ|PROT_EXEC, MAP_PRIVATE|MAP_FIXED|MAP_DENYWRITE, 3, 0x5000) = 0x771766fec000
360556 mmap(0x771767046000, 98304, PROT_READ, MAP_PRIVATE|MAP_FIXED|MAP_DENYWRITE, 3, 0x5f000) = 0x771767046000
360556 mmap(0x77176705e000, 16384, PROT_READ|PROT_WRITE, MAP_PRIVATE|MAP_FIXED|MAP_DENYWRITE, 3, 0x77000) = 0x77176705e000
360556 mmap(0x771767062000, 116904, PROT_READ|PROT_WRITE, MAP_PRIVATE|MAP_FIXED|MAP_ANONYMOUS, -1, 0) = 0x771767062000
360556 mmap(0x77176707f000, 8192, PROT_READ|PROT_WRITE, MAP_PRIVATE|MAP_FIXED|MAP_DENYWRITE, 3, 0xb4000) = 0x77176707f000
360556 close(3)                         = 0
360556 munmap(0x771767081000, 75)       = 0
360556 openat(AT_FDCWD, "/etc/ld.so.cache", O_RDONLY|O_CLOEXEC) = 3
360556 fstat(3, {st_dev=makedev(0x103, 0x2), st_ino=9964283, st_mode=S_IFREG|0644, st_nlink=1, st_uid=0, st_gid=0, st_blksize=4096, st_blocks=168, st_size=85275, st_atime=1779536083 /* 2026-05-23T13:34:43.113101225+0200 */, st_atime_nsec=113101225, st_mtime=1779536083 /* 2026-05-23T13:34:43.101709256+0200 */, st_mtime_nsec=101709256, st_ctime=1779536083 /* 2026-05-23T13:34:43.103709256+0200 */, st_ctime_nsec=103709256}) = 0
360556 mmap(NULL, 85275, PROT_READ, MAP_PRIVATE, 3, 0) = 0x771766fd2000
360556 close(3)                         = 0
360556 openat(AT_FDCWD, "/lib/x86_64-linux-gnu/libOpenCL.so.1", O_RDONLY|O_CLOEXEC) = 3
360556 read(3, "\177ELF\2\1\1\0\0\0\0\0\0\0\0\0\3\0>\0\1\0\0\0\0\0\0\0\0\0\0\0@\0\0\0\0\0\0\0(\27\1\0\0\0\0\0\0\0\0\0@\08\0\f\0@\0\36\0\35\0\1\0\0\0\4\0\0\0\0\0\0\0\0\0\0\0\0\0\0\0\0\0\0\0\0\0\0\0\0\0\0\0\250P\0\0\0\0\0\0\250P\0\0\0\0\0\0\0\20\0\0\0\0\0\0\1\0\0\0\5\0\0\0\0`\0\0\0\0\0\0\0`\0\0\0\0\0\0\0`\0\0\0\0\0\0\315c\0\0\0\0\0\0\315c\0\0\0\0\0\0\0\20\0\0\0\0\0\0\1\0\0\0\4\0\0\0\0\320\0\0\0\0\0\0\0\320\0\0\0\0\0\0\0\320\0\0\0\0\0\0@3\0\0\0\0\0\0@3\0\0\0\0\0\0\0\20\0\0\0\0\0\0\1\0\0\0\6\0\0\0000\4\1\0\0\0\0\0000\24\1\0\0\0\0\0000\24\1\0\0\0\0\0\250\21\0\0\0\0\0\0\360\21\0\0\0\0\0\0\0\20\0\0\0\0\0\0\2\0\0\0\6\0\0\0\240\f\1\0\0\0\0\0\240\34\1\0\0\0\0\0\240\34\1\0\0\0\0\0 \2\0\0\0\0\0\0 \2\0\0\0\0\0\0\10\0\0\0\0\0\0\0\4\0\0\0\4\0\0\0\340\2\0\0\0\0\0\0\340\2\0\0\0\0\0\0\340\2\0\0\0\0\0\0 \0\0\0\0\0\0\0 \0\0\0\0\0\0\0\10\0\0\0\0\0\0\0\4\0\0\0\4\0\0\0\0\3\0\0\0\0\0\0\0\3\0\0\0\0\0\0\0\3\0\0\0\0\0\0$\0\0\0\0\0\0\0$\0\0\0\0\0\0\0\4\0\0\0\0\0\0\0\7\0\0\0\4\0\0\0000\4\1\0\0\0\0\0000\24\1\0\0\0\0\0000\24\1\0\0\0\0\0\0\0\0\0\0\0\0\0\4\0\0\0\0\0\0\0\4\0\0\0\0\0\0\0S\345td\4\0\0\0\340\2\0\0\0\0\0\0\340\2\0\0\0\0\0\0\340\2\0\0\0\0\0\0 \0\0\0\0\0\0\0 \0\0\0\0\0\0\0\10\0\0\0\0\0\0\0P\345td\4\0\0\0d\334\0\0\0\0\0\0d\334\0\0\0\0\0\0d\334\0\0\0\0\0\0\274\10\0\0\0\0\0\0\274\10\0\0\0\0\0\0\4\0\0\0\0\0\0\0Q\345td\6\0\0\0\0\0\0\0\0\0\0\0\0\0\0\0\0\0\0\0\0\0\0\0\0\0\0\0\0\0\0\0\0\0\0\0\0\0\0\0\0\0\0\0\20\0\0\0\0\0\0\0R\345td\4\0\0\0000\4\1\0\0\0\0\0000\24\1\0\0\0\0\0000\24\1\0\0\0\0\0\320\v\0\0\0\0\0\0\320\v\0\0\0\0\0\0\1\0\0\0\0\0\0\0\4\0\0\0\20\0\0\0\5\0\0\0GNU\0\2\0\0\300\4\0\0\0\3\0\0\0\0\0\0\0\4\0\0\0\24\0\0\0\3\0\0\0GNU\0\322E-!\303\2524\376\247\7-\242\10t\235\371\251\217W*\0\0\0\0\203\0\0\0!\0\0\0\20\0\0\0\n\0\0\0\nZA,\1##\10", 832) = 832
360556 fstat(3, {st_dev=makedev(0x103, 0x2), st_ino=8398104, st_mode=S_IFREG|0644, st_nlink=1, st_uid=0, st_gid=0, st_blksize=4096, st_blocks=144, st_size=73384, st_atime=1779484132 /* 2026-05-22T23:08:52.597065260+0200 */, st_atime_nsec=597065260, st_mtime=1713462467 /* 2024-04-18T19:47:47+0200 */, st_mtime_nsec=0, st_ctime=1774615491 /* 2026-03-27T13:44:51.323747367+0100 */, st_ctime_nsec=323747367}) = 0
360556 mmap(NULL, 75296, PROT_READ, MAP_PRIVATE|MAP_DENYWRITE, 3, 0) = 0x771766fbf000
360556 mmap(0x771766fc5000, 28672, PROT_READ|PROT_EXEC, MAP_PRIVATE|MAP_FIXED|MAP_DENYWRITE, 3, 0x6000) = 0x771766fc5000
360556 mmap(0x771766fcc000, 16384, PROT_READ, MAP_PRIVATE|MAP_FIXED|MAP_DENYWRITE, 3, 0xd000) = 0x771766fcc000
360556 mmap(0x771766fd0000, 8192, PROT_READ|PROT_WRITE, MAP_PRIVATE|MAP_FIXED|MAP_DENYWRITE, 3, 0x10000) = 0x771766fd0000
360556 close(3)                         = 0
360556 openat(AT_FDCWD, "/lib/x86_64-linux-gnu/libc.so.6", O_RDONLY|O_CLOEXEC) = 3
360556 read(3, "\177ELF\2\1\1\3\0\0\0\0\0\0\0\0\3\0>\0\1\0\0\0\220\243\2\0\0\0\0\0@\0\0\0\0\0\0\0\20^ \0\0\0\0\0\0\0\0\0@\08\0\16\0@\0@\0?\0\6\0\0\0\4\0\0\0@\0\0\0\0\0\0\0@\0\0\0\0\0\0\0@\0\0\0\0\0\0\0\20\3\0\0\0\0\0\0\20\3\0\0\0\0\0\0\10\0\0\0\0\0\0\0\3\0\0\0\4\0\0\0\240g\35\0\0\0\0\0\240g\35\0\0\0\0\0\240g\35\0\0\0\0\0\34\0\0\0\0\0\0\0\34\0\0\0\0\0\0\0\20\0\0\0\0\0\0\0\1\0\0\0\4\0\0\0\0\0\0\0\0\0\0\0\0\0\0\0\0\0\0\0\0\0\0\0\0\0\0\0\220s\2\0\0\0\0\0\220s\2\0\0\0\0\0\0\20\0\0\0\0\0\0\1\0\0\0\5\0\0\0\0\200\2\0\0\0\0\0\0\200\2\0\0\0\0\0\0\200\2\0\0\0\0\09}\30\0\0\0\0\09}\30\0\0\0\0\0\0\20\0\0\0\0\0\0\1\0\0\0\4\0\0\0\0\0\33\0\0\0\0\0\0\0\33\0\0\0\0\0\0\0\33\0\0\0\0\0\202\340\4\0\0\0\0\0\202\340\4\0\0\0\0\0\0\20\0\0\0\0\0\0\1\0\0\0\6\0\0\0`\354\37\0\0\0\0\0`\374\37\0\0\0\0\0`\374\37\0\0\0\0\0hJ\0\0\0\0\0\0000!\1\0\0\0\0\0\0\20\0\0\0\0\0\0\2\0\0\0\6\0\0\0@\31 \0\0\0\0\0@) \0\0\0\0\0@) \0\0\0\0\0@\2\0\0\0\0\0\0@\2\0\0\0\0\0\0\10\0\0\0\0\0\0\0\4\0\0\0\4\0\0\0P\3\0\0\0\0\0\0P\3\0\0\0\0\0\0P\3\0\0\0\0\0\0000\0\0\0\0\0\0\0000\0\0\0\0\0\0\0\10\0\0\0\0\0\0\0\4\0\0\0\4\0\0\0\200\3\0\0\0\0\0\0\200\3\0\0\0\0\0\0\200\3\0\0\0\0\0\0D\0\0\0\0\0\0\0D\0\0\0\0\0\0\0\4\0\0\0\0\0\0\0\7\0\0\0\4\0\0\0`\354\37\0\0\0\0\0`\374\37\0\0\0\0\0`\374\37\0\0\0\0\0\20\0\0\0\0\0\0\0\210\0\0\0\0\0\0\0\10\0\0\0\0\0\0\0S\345td\4\0\0\0P\3\0\0\0\0\0\0P\3\0\0\0\0\0\0P\3\0\0\0\0\0\0000\0\0\0\0\0\0\0000\0\0\0\0\0\0\0\10\0\0\0\0\0\0\0P\345td\4\0\0\0\274g\35\0\0\0\0\0\274g\35\0\0\0\0\0\274g\35\0\0\0\0\0lv\0\0\0\0\0\0lv\0\0\0\0\0\0\4\0\0\0\0\0\0\0Q\345td\6\0\0\0\0\0\0\0\0\0\0\0\0\0\0\0\0\0\0\0\0\0\0\0\0\0\0\0\0\0\0\0\0\0\0\0\0\0\0\0\0\0\0\0\20\0\0\0\0\0\0\0R\345td\4\0\0\0`\354\37\0\0\0\0\0`\374\37\0\0\0\0\0`\374\37\0\0\0\0\0\2403\0\0\0\0\0\0", 832) = 832
360556 pread64(3, "\6\0\0\0\4\0\0\0@\0\0\0\0\0\0\0@\0\0\0\0\0\0\0@\0\0\0\0\0\0\0\20\3\0\0\0\0\0\0\20\3\0\0\0\0\0\0\10\0\0\0\0\0\0\0\3\0\0\0\4\0\0\0\240g\35\0\0\0\0\0\240g\35\0\0\0\0\0\240g\35\0\0\0\0\0\34\0\0\0\0\0\0\0\34\0\0\0\0\0\0\0\20\0\0\0\0\0\0\0\1\0\0\0\4\0\0\0\0\0\0\0\0\0\0\0\0\0\0\0\0\0\0\0\0\0\0\0\0\0\0\0\220s\2\0\0\0\0\0\220s\2\0\0\0\0\0\0\20\0\0\0\0\0\0\1\0\0\0\5\0\0\0\0\200\2\0\0\0\0\0\0\200\2\0\0\0\0\0\0\200\2\0\0\0\0\09}\30\0\0\0\0\09}\30\0\0\0\0\0\0\20\0\0\0\0\0\0\1\0\0\0\4\0\0\0\0\0\33\0\0\0\0\0\0\0\33\0\0\0\0\0\0\0\33\0\0\0\0\0\202\340\4\0\0\0\0\0\202\340\4\0\0\0\0\0\0\20\0\0\0\0\0\0\1\0\0\0\6\0\0\0`\354\37\0\0\0\0\0`\374\37\0\0\0\0\0`\374\37\0\0\0\0\0hJ\0\0\0\0\0\0000!\1\0\0\0\0\0\0\20\0\0\0\0\0\0\2\0\0\0\6\0\0\0@\31 \0\0\0\0\0@) \0\0\0\0\0@) \0\0\0\0\0@\2\0\0\0\0\0\0@\2\0\0\0\0\0\0\10\0\0\0\0\0\0\0\4\0\0\0\4\0\0\0P\3\0\0\0\0\0\0P\3\0\0\0\0\0\0P\3\0\0\0\0\0\0000\0\0\0\0\0\0\0000\0\0\0\0\0\0\0\10\0\0\0\0\0\0\0\4\0\0\0\4\0\0\0\200\3\0\0\0\0\0\0\200\3\0\0\0\0\0\0\200\3\0\0\0\0\0\0D\0\0\0\0\0\0\0D\0\0\0\0\0\0\0\4\0\0\0\0\0\0\0\7\0\0\0\4\0\0\0`\354\37\0\0\0\0\0`\374\37\0\0\0\0\0`\374\37\0\0\0\0\0\20\0\0\0\0\0\0\0\210\0\0\0\0\0\0\0\10\0\0\0\0\0\0\0S\345td\4\0\0\0P\3\0\0\0\0\0\0P\3\0\0\0\0\0\0P\3\0\0\0\0\0\0000\0\0\0\0\0\0\0000\0\0\0\0\0\0\0\10\0\0\0\0\0\0\0P\345td\4\0\0\0\274g\35\0\0\0\0\0\274g\35\0\0\0\0\0\274g\35\0\0\0\0\0lv\0\0\0\0\0\0lv\0\0\0\0\0\0\4\0\0\0\0\0\0\0Q\345td\6\0\0\0\0\0\0\0\0\0\0\0\0\0\0\0\0\0\0\0\0\0\0\0\0\0\0\0\0\0\0\0\0\0\0\0\0\0\0\0\0\0\0\0\20\0\0\0\0\0\0\0R\345td\4\0\0\0`\354\37\0\0\0\0\0`\374\37\0\0\0\0\0`\374\37\0\0\0\0\0\2403\0\0\0\0\0\0\2403\0\0\0\0\0\0\1\0\0\0\0\0\0\0", 784, 64) = 784
360556 fstat(3, {st_dev=makedev(0x103, 0x2), st_ino=8400154, st_mode=S_IFREG|0755, st_nlink=1, st_uid=0, st_gid=0, st_blksize=4096, st_blocks=4152, st_size=2125328, st_atime=1779475189 /* 2026-05-22T20:39:49.642478884+0200 */, st_atime_nsec=642478884, st_mtime=1769761674 /* 2026-01-30T09:27:54+0100 */, st_mtime_nsec=0, st_ctime=1774612999 /* 2026-03-27T13:03:19.194280346+0100 */, st_ctime_nsec=194280346}) = 0
360556 pread64(3, "\6\0\0\0\4\0\0\0@\0\0\0\0\0\0\0@\0\0\0\0\0\0\0@\0\0\0\0\0\0\0\20\3\0\0\0\0\0\0\20\3\0\0\0\0\0\0\10\0\0\0\0\0\0\0\3\0\0\0\4\0\0\0\240g\35\0\0\0\0\0\240g\35\0\0\0\0\0\240g\35\0\0\0\0\0\34\0\0\0\0\0\0\0\34\0\0\0\0\0\0\0\20\0\0\0\0\0\0\0\1\0\0\0\4\0\0\0\0\0\0\0\0\0\0\0\0\0\0\0\0\0\0\0\0\0\0\0\0\0\0\0\220s\2\0\0\0\0\0\220s\2\0\0\0\0\0\0\20\0\0\0\0\0\0\1\0\0\0\5\0\0\0\0\200\2\0\0\0\0\0\0\200\2\0\0\0\0\0\0\200\2\0\0\0\0\09}\30\0\0\0\0\09}\30\0\0\0\0\0\0\20\0\0\0\0\0\0\1\0\0\0\4\0\0\0\0\0\33\0\0\0\0\0\0\0\33\0\0\0\0\0\0\0\33\0\0\0\0\0\202\340\4\0\0\0\0\0\202\340\4\0\0\0\0\0\0\20\0\0\0\0\0\0\1\0\0\0\6\0\0\0`\354\37\0\0\0\0\0`\374\37\0\0\0\0\0`\374\37\0\0\0\0\0hJ\0\0\0\0\0\0000!\1\0\0\0\0\0\0\20\0\0\0\0\0\0\2\0\0\0\6\0\0\0@\31 \0\0\0\0\0@) \0\0\0\0\0@) \0\0\0\0\0@\2\0\0\0\0\0\0@\2\0\0\0\0\0\0\10\0\0\0\0\0\0\0\4\0\0\0\4\0\0\0P\3\0\0\0\0\0\0P\3\0\0\0\0\0\0P\3\0\0\0\0\0\0000\0\0\0\0\0\0\0000\0\0\0\0\0\0\0\10\0\0\0\0\0\0\0\4\0\0\0\4\0\0\0\200\3\0\0\0\0\0\0\200\3\0\0\0\0\0\0\200\3\0\0\0\0\0\0D\0\0\0\0\0\0\0D\0\0\0\0\0\0\0\4\0\0\0\0\0\0\0\7\0\0\0\4\0\0\0`\354\37\0\0\0\0\0`\374\37\0\0\0\0\0`\374\37\0\0\0\0\0\20\0\0\0\0\0\0\0\210\0\0\0\0\0\0\0\10\0\0\0\0\0\0\0S\345td\4\0\0\0P\3\0\0\0\0\0\0P\3\0\0\0\0\0\0P\3\0\0\0\0\0\0000\0\0\0\0\0\0\0000\0\0\0\0\0\0\0\10\0\0\0\0\0\0\0P\345td\4\0\0\0\274g\35\0\0\0\0\0\274g\35\0\0\0\0\0\274g\35\0\0\0\0\0lv\0\0\0\0\0\0lv\0\0\0\0\0\0\4\0\0\0\0\0\0\0Q\345td\6\0\0\0\0\0\0\0\0\0\0\0\0\0\0\0\0\0\0\0\0\0\0\0\0\0\0\0\0\0\0\0\0\0\0\0\0\0\0\0\0\0\0\0\20\0\0\0\0\0\0\0R\345td\4\0\0\0`\354\37\0\0\0\0\0`\374\37\0\0\0\0\0`\374\37\0\0\0\0\0\2403\0\0\0\0\0\0\2403\0\0\0\0\0\0\1\0\0\0\0\0\0\0", 784, 64) = 784
360556 mmap(NULL, 2170256, PROT_READ, MAP_PRIVATE|MAP_DENYWRITE, 3, 0) = 0x771766c00000
360556 mmap(0x771766c28000, 1605632, PROT_READ|PROT_EXEC, MAP_PRIVATE|MAP_FIXED|MAP_DENYWRITE, 3, 0x28000) = 0x771766c28000
360556 mmap(0x771766db0000, 323584, PROT_READ, MAP_PRIVATE|MAP_FIXED|MAP_DENYWRITE, 3, 0x1b0000) = 0x771766db0000
360556 mmap(0x771766dff000, 24576, PROT_READ|PROT_WRITE, MAP_PRIVATE|MAP_FIXED|MAP_DENYWRITE, 3, 0x1fe000) = 0x771766dff000
360556 mmap(0x771766e05000, 52624, PROT_READ|PROT_WRITE, MAP_PRIVATE|MAP_FIXED|MAP_ANONYMOUS, -1, 0) = 0x771766e05000
360556 close(3)                         = 0
360556 mmap(NULL, 12288, PROT_READ|PROT_WRITE, MAP_PRIVATE|MAP_ANONYMOUS, -1, 0) = 0x771766fbc000
360556 arch_prctl(ARCH_SET_FS, 0x771766fbc740) = 0
360556 set_tid_address(0x771766fbca10)  = 360556
360556 set_robust_list(0x771766fbca20, 24) = 0
360556 rseq(0x771766fbd060, 0x20, 0, 0x53053053) = 0
360556 mprotect(0x771766dff000, 16384, PROT_READ) = 0
360556 mprotect(0x771766fd0000, 4096, PROT_READ) = 0
360556 mprotect(0x77176705e000, 8192, PROT_READ) = 0
360556 mprotect(0x56924c205000, 4096, PROT_READ) = 0
360556 mprotect(0x7717670c2000, 8192, PROT_READ) = 0
360556 prlimit64(0, RLIMIT_STACK, NULL, {rlim_cur=8192*1024, rlim_max=RLIM64_INFINITY}) = 0
360556 munmap(0x771766fd2000, 85275)    = 0
360556 rt_sigaction(SIGSEGV, NULL, {sa_handler=SIG_DFL, sa_mask=[], sa_flags=0}, 8) = 0
360556 rt_sigaction(SIGSEGV, {sa_handler=0x77176700e22a, sa_mask=[], sa_flags=SA_RESTORER|SA_SIGINFO, sa_restorer=0x771766c45330}, {sa_handler=SIG_DFL, sa_mask=[], sa_flags=0}, 8) = 0
360556 rt_sigaction(SIGABRT, NULL, {sa_handler=SIG_DFL, sa_mask=[], sa_flags=0}, 8) = 0
360556 rt_sigaction(SIGABRT, {sa_handler=0x77176700e22a, sa_mask=[], sa_flags=SA_RESTORER|SA_SIGINFO, sa_restorer=0x771766c45330}, {sa_handler=SIG_DFL, sa_mask=[], sa_flags=0}, 8) = 0
360556 rt_sigaction(SIGBUS, NULL, {sa_handler=SIG_DFL, sa_mask=[], sa_flags=0}, 8) = 0
360556 rt_sigaction(SIGBUS, {sa_handler=0x77176700e22a, sa_mask=[], sa_flags=SA_RESTORER|SA_SIGINFO, sa_restorer=0x771766c45330}, {sa_handler=SIG_DFL, sa_mask=[], sa_flags=0}, 8) = 0
360556 getrandom("\x9b\xb6\x0e\xb6\x1b\x4c\xb0\x77", 8, GRND_NONBLOCK) = 8
360556 brk(NULL)                        = 0x569258f25000
360556 brk(0x569258f46000)              = 0x569258f46000
360556 openat(AT_FDCWD, "/etc/datadog-agent/managed/rc-orgwide-wls-policy.bin", O_RDONLY|O_CLOEXEC) = -1 ENOENT (No such file or directory)
360556 openat(AT_FDCWD, "/etc/datadog-agent/user-wls-policy.bin", O_RDONLY|O_CLOEXEC) = -1 ENOENT (No such file or directory)
360556 openat(AT_FDCWD, "/etc/datadog-agent/managed/rc-targeted-wls-policy.bin", O_RDONLY|O_CLOEXEC) = -1 ENOENT (No such file or directory)
360556 getrandom("\xef\x9b\x81\xa5\x3f\x96\x13\x22\x97\xef\x14\xaf\x96\x32\xf6\xf4", 16, GRND_NONBLOCK) = 16
360556 openat(AT_FDCWD, "/etc/os-release", O_RDONLY|O_CLOEXEC) = 3
360556 read(3, "PRETTY_NAME=\"Ubuntu 24.04.4 LTS\"\nNAME=\"Ubuntu\"\nVERSION_ID=\"24.04\"\nVERSION=\"24.04.4 LTS (Noble Numbat)\"\nVERSION_CODENAME=noble\nID=ubuntu\nID_LIKE=debian\nHOME_URL=\"https://www.ubuntu.com/\"\nSUPPORT_URL=\"https://help.ubuntu.com/\"\nBUG_REPORT_URL=\"https://bugs.launchpad.net/ubuntu/\"\nPRIVACY_POLICY_URL=\"https://www.ubuntu.com/legal/terms-and-policies/privacy-policy\"\nUBUNTU_CODENAME=noble\nLOGO=ubuntu-logo\n", 4095) = 400
360556 close(3)                         = 0
360556 uname({sysname="Linux", nodename="lvx-Vostro-5481", release="6.17.0-29-generic", version="#29~24.04.1-Ubuntu SMP PREEMPT_DYNAMIC Mon May 11 10:30:58 UTC 2", machine="x86_64", domainname="(none)"}) = 0
360556 uname({sysname="Linux", nodename="lvx-Vostro-5481", release="6.17.0-29-generic", version="#29~24.04.1-Ubuntu SMP PREEMPT_DYNAMIC Mon May 11 10:30:58 UTC 2", machine="x86_64", domainname="(none)"}) = 0
360556 readlink("/proc/self/exe", "/home/lvx/LVX/lumvorax2/src/advanced_calculations/bitcoin_quantum_mining/level_zero_native/tests/test_c452_opencl_trace", 4095) = 119
360556 prlimit64(0, RLIMIT_STACK, NULL, {rlim_cur=8192*1024, rlim_max=RLIM64_INFINITY}) = 0
360556 prlimit64(0, RLIMIT_STACK, NULL, {rlim_cur=8192*1024, rlim_max=RLIM64_INFINITY}) = 0
360556 prlimit64(0, RLIMIT_STACK, NULL, {rlim_cur=8192*1024, rlim_max=RLIM64_INFINITY}) = 0
360556 getcwd("/home/lvx/LVX/lumvorax2/src/advanced_calculations/bitcoin_quantum_mining/level_zero_native/tests", 4096) = 97
360556 memfd_create("dd_language_detected", MFD_CLOEXEC|MFD_ALLOW_SEALING) = 3
360556 write(3, "", 0)                  = 0
360556 fcntl(3, F_ADD_SEALS, F_SEAL_SHRINK|F_SEAL_GROW|F_SEAL_WRITE) = 0
360556 memfd_create("dd_inject_info", MFD_CLOEXEC|MFD_ALLOW_SEALING) = 4
360556 write(4, "{\n    \"runtime_id\": \"ef9b81a5-3f96-4322-97ef-14af9632f6f4\",\n    \"language_name\": \"\",\n    \"language_version\": \"\"\n}\n", 114) = 114
360556 fcntl(4, F_ADD_SEALS, F_SEAL_SHRINK|F_SEAL_GROW|F_SEAL_WRITE) = 0
360556 pipe2([5, 6], 0)                 = 0
360556 clone(child_stack=NULL, flags=CLONE_CHILD_CLEARTID|CLONE_CHILD_SETTID|SIGCHLD, child_tidptr=0x771766fbca10) = 360557
360557 set_robust_list(0x771766fbca20, 24 <unfinished ...>
360556 close(6 <unfinished ...>
360557 <... set_robust_list resumed>)   = 0
360556 <... close resumed>)             = 0
360556 read(5,  <unfinished ...>
360557 close(5)                         = 0
360557 close(0)                         = 0
360557 dup2(6, 1)                       = 1
360557 openat(AT_FDCWD, "/dev/null", O_RDONLY|O_CLOEXEC) = 0
360557 dup2(0, 2)                       = 2
360557 execve("/opt/datadog-packages/datadog-apm-inject/0.58.0/inject/process", ["/opt/datadog-packages/datadog-apm-inject/0.58.0/inject/process", "inject", "glibc 2.39", "", "", "ef9b81a5-3f96-4322-97ef-14af9632f6f4"], ["PATH=/usr/local/sbin:/usr/local/bin:/usr/sbin:/usr/bin:/sbin:/bin:/snap/bin", "DISPLAY=:0", "LANG=en_US.UTF-8", "XDG_CURRENT_DESKTOP=ubuntu:GNOME", "XAUTHORITY=/run/user/1000/.mutter-Xwaylandauth.5RT8P3", "LC_ALL=en_US.UTF-8", "MAIL=/var/mail/root", "LOGNAME=root", "USER=root", "HOME=/root", "SHELL=/bin/bash", "TERM=unknown", "SUDO_COMMAND=/usr/bin/strace -f -v -s 4096 -o ../logs/c454_full_opencl_trace.log ./test_c452_opencl_trace", "SUDO_USER=lvx", "SUDO_UID=1000", "SUDO_GID=1000", "DD_INSTRUMENT_SERVICE_WITH_APM=false"]) = 0
360557 arch_prctl(ARCH_SET_FS, 0xe3bee8) = 0
360557 sched_getaffinity(0, 8192, [0 1 2 3 4 5 6 7]) = 8
360557 openat(AT_FDCWD, "/sys/kernel/mm/transparent_hugepage/hpage_pmd_size", O_RDONLY) = 0
360557 read(0, "2097152\n", 20)         = 8
360557 close(0)                         = 0
360557 mmap(NULL, 262144, PROT_READ|PROT_WRITE, MAP_PRIVATE|MAP_ANONYMOUS, -1, 0) = 0x7de2541b4000
360557 prctl(PR_SET_VMA, PR_SET_VMA_ANON_NAME, 0x7de2541b4000, 262144, " Go: immortal metadata") = 0
360557 mmap(NULL, 131072, PROT_NONE, MAP_PRIVATE|MAP_ANONYMOUS, -1, 0) = 0x7de254194000
360557 prctl(PR_SET_VMA, PR_SET_VMA_ANON_NAME, 0x7de254194000, 131072, " Go: page summary") = 0
360557 mmap(NULL, 1048576, PROT_NONE, MAP_PRIVATE|MAP_ANONYMOUS, -1, 0) = 0x7de254094000
360557 prctl(PR_SET_VMA, PR_SET_VMA_ANON_NAME, 0x7de254094000, 1048576, " Go: page summary") = 0
360557 mmap(NULL, 8388608, PROT_NONE, MAP_PRIVATE|MAP_ANONYMOUS, -1, 0) = 0x7de253800000
360557 prctl(PR_SET_VMA, PR_SET_VMA_ANON_NAME, 0x7de253800000, 8388608, " Go: page summary") = 0
360557 mmap(NULL, 67108864, PROT_NONE, MAP_PRIVATE|MAP_ANONYMOUS, -1, 0) = 0x7de24f800000
360557 prctl(PR_SET_VMA, PR_SET_VMA_ANON_NAME, 0x7de24f800000, 67108864, " Go: page summary") = 0
360557 mmap(NULL, 536870912, PROT_NONE, MAP_PRIVATE|MAP_ANONYMOUS, -1, 0) = 0x7de22f800000
360557 prctl(PR_SET_VMA, PR_SET_VMA_ANON_NAME, 0x7de22f800000, 536870912, " Go: page summary") = 0
360557 mmap(NULL, 536870912, PROT_NONE, MAP_PRIVATE|MAP_ANONYMOUS, -1, 0) = 0x7de20f800000
360557 prctl(PR_SET_VMA, PR_SET_VMA_ANON_NAME, 0x7de20f800000, 536870912, " Go: scavenge index") = 0
360557 mmap(0xf2418000000, 67108864, PROT_NONE, MAP_PRIVATE|MAP_ANONYMOUS, -1, 0) = 0xf2418000000
360557 prctl(PR_SET_VMA, PR_SET_VMA_ANON_NAME, 0xf2418000000, 67108864, " Go: heap reservation") = 0
360557 mmap(NULL, 33554432, PROT_READ|PROT_WRITE, MAP_PRIVATE|MAP_ANONYMOUS, -1, 0) = 0x7de20d800000
360557 prctl(PR_SET_VMA, PR_SET_VMA_ANON_NAME, 0x7de20d800000, 33554432, " Go: heap index") = 0
360557 madvise(0x7de20d800000, 33554432, MADV_NOHUGEPAGE) = 0
360557 mmap(NULL, 69648, PROT_READ|PROT_WRITE, MAP_PRIVATE|MAP_ANONYMOUS, -1, 0) = 0x7de254082000
360557 prctl(PR_SET_VMA, PR_SET_VMA_ANON_NAME, 0x7de254082000, 69648, " Go: immortal metadata") = 0
360557 mmap(0xf241b000000, 4194304, PROT_READ|PROT_WRITE, MAP_PRIVATE|MAP_FIXED|MAP_ANONYMOUS, -1, 0) = 0xf241b000000
360557 prctl(PR_SET_VMA, PR_SET_VMA_ANON_NAME, 0xf241b000000, 4194304, " Go: heap") = 0
360557 mmap(0x7de254194000, 131072, PROT_READ|PROT_WRITE, MAP_PRIVATE|MAP_FIXED|MAP_ANONYMOUS, -1, 0) = 0x7de254194000
360557 prctl(PR_SET_VMA, PR_SET_VMA_ANON_NAME, 0x7de254194000, 131072, " Go: page alloc") = 0
360557 mmap(0x7de254123000, 4096, PROT_READ|PROT_WRITE, MAP_PRIVATE|MAP_FIXED|MAP_ANONYMOUS, -1, 0) = 0x7de254123000
360557 prctl(PR_SET_VMA, PR_SET_VMA_ANON_NAME, 0x7de254123000, 4096, " Go: page alloc") = 0
360557 mmap(0x7de253c79000, 4096, PROT_READ|PROT_WRITE, MAP_PRIVATE|MAP_FIXED|MAP_ANONYMOUS, -1, 0) = 0x7de253c79000
360557 prctl(PR_SET_VMA, PR_SET_VMA_ANON_NAME, 0x7de253c79000, 4096, " Go: page alloc") = 0
360557 mmap(0x7de251bc9000, 4096, PROT_READ|PROT_WRITE, MAP_PRIVATE|MAP_FIXED|MAP_ANONYMOUS, -1, 0) = 0x7de251bc9000
360557 prctl(PR_SET_VMA, PR_SET_VMA_ANON_NAME, 0x7de251bc9000, 4096, " Go: page alloc") = 0
360557 mmap(0x7de241648000, 4096, PROT_READ|PROT_WRITE, MAP_PRIVATE|MAP_FIXED|MAP_ANONYMOUS, -1, 0) = 0x7de241648000
360557 prctl(PR_SET_VMA, PR_SET_VMA_ANON_NAME, 0x7de241648000, 4096, " Go: page alloc") = 0
360557 mmap(0x7de221648000, 4096, PROT_READ|PROT_WRITE, MAP_PRIVATE|MAP_FIXED|MAP_ANONYMOUS, -1, 0) = 0x7de221648000
360557 prctl(PR_SET_VMA, PR_SET_VMA_ANON_NAME, 0x7de221648000, 4096, " Go: scavenge index") = 0
360557 mmap(NULL, 1048576, PROT_READ|PROT_WRITE, MAP_PRIVATE|MAP_ANONYMOUS, -1, 0) = 0x7de20d700000
360557 prctl(PR_SET_VMA, PR_SET_VMA_ANON_NAME, 0x7de20d700000, 1048576, " Go: page alloc index") = 0
360557 madvise(0x7de20d700000, 1048576, MADV_NOHUGEPAGE) = 0
360557 mmap(NULL, 65536, PROT_READ|PROT_WRITE, MAP_PRIVATE|MAP_ANONYMOUS, -1, 0) = 0x7de254072000
360557 prctl(PR_SET_VMA, PR_SET_VMA_ANON_NAME, 0x7de254072000, 65536, " Go: allspans array") = 0
360557 mmap(NULL, 65536, PROT_READ|PROT_WRITE, MAP_PRIVATE|MAP_ANONYMOUS, -1, 0) = 0x7de254062000
360557 prctl(PR_SET_VMA, PR_SET_VMA_ANON_NAME, 0x7de254062000, 65536, " Go: gc bits") = 0
360557 rt_sigprocmask(SIG_SETMASK, NULL, [], 8) = 0
360557 fcntl(0, F_GETFD)                = -1 EBADF (Bad file descriptor)
360557 openat(AT_FDCWD, "/dev/null", O_RDWR) = 0
360557 fcntl(1, F_GETFD)                = 0
360557 fcntl(2, F_GETFD)                = 0
360557 mmap(NULL, 1439992, PROT_READ|PROT_WRITE, MAP_PRIVATE|MAP_ANONYMOUS, -1, 0) = 0x7de20d5a0000
360557 prctl(PR_SET_VMA, PR_SET_VMA_ANON_NAME, 0x7de20d5a0000, 1439992, " Go: profiler hash buckets") = 0
360557 openat(AT_FDCWD, "/proc/self/cgroup", O_RDONLY|O_CLOEXEC) = 3
360557 read(3, "0::/user.slice/user-1000.slice/user@1000.service/app.slice/app-org.chromium.Chromium-73254.scope\n", 65536) = 97
360557 read(3, "", 65536)               = 0
360557 close(3)                         = 0
360557 openat(AT_FDCWD, "/proc/self/mountinfo", O_RDONLY|O_CLOEXEC) = 3
360557 read(3, "27 32 0:24 / /sys rw,nosuid,nodev,noexec,relatime shared:7 - sysfs sysfs rw\n28 32 0:25 / /proc rw,nosuid,nodev,noexec,relatime shared:13 - proc proc rw\n29 32 0:6 / /dev rw,nosuid,relatime shared:2 - devtmpfs udev rw,size=3860172k,nr_inodes=965043,mode=755,inode64\n30 29 0:26 / /dev/pts rw,nosuid,noexec,relatime shared:3 - devpts devpts rw,gid=5,mode=620,ptmxmode=000\n31 32 0:27 / /run rw,nosuid,nodev,noexec,relatime shared:5 - tmpfs tmpfs rw,size=780544k,mode=755,inode64\n32 2 259:2 / / rw,relatime shared:1 - ext4 /dev/nvme0n1p2 rw\n33 27 0:7 / /sys/kernel/security rw,nosuid,nodev,noexec,relatime shared:8 - securityfs securityfs rw\n34 29 0:28 / /dev/shm rw,nosuid,nodev shared:4 - tmpfs tmpfs rw,inode64\n35 31 0:29 / /run/lock rw,nosuid,nodev,noexec,relatime shared:6 - tmpfs tmpfs rw,size=5120k,inode64\n36 27 0:30 / /sys/fs/cgroup rw,nosuid,nodev,noexec,relatime shared:9 - cgroup2 cgroup2 rw,nsdelegate,memory_recursiveprot\n37 27 0:31 / /sys/fs/pstore rw,nosuid,nodev,noexec,relatime shared:10 - pstore none rw\n38 27 0:32 / /sys/firmware/efi/efivars rw,nosuid,nodev,noexec,relatime shared:11 - efivarfs efivarfs rw\n39 27 0:33 / /sys/fs/bpf rw,nosuid,nodev,noexec,relatime shared:12 - bpf bpf rw,mode=700\n40 28 0:34 / /proc/sys/fs/binfmt_misc rw,relatime shared:14 - autofs systemd-1 rw,fd=34,pgrp=1,timeout=0,minproto=5,maxproto=5,direct,pipe_ino=6076\n41 29 0:35 / /dev/hugepages rw,nosuid,nodev,relatime shared:15 - hugetlbfs hugetlbfs rw,pagesize=2M\n42 27 0:13 / /sys/kernel/tracing rw,nosuid,nodev,noexec,relatime shared:16 - tracefs tracefs rw\n43 27 0:8 / /sys/kernel/debug rw,nosuid,nodev,noexec,relatime shared:17 - debugfs debugfs rw\n44 29 0:22 / /dev/mqueue rw,nosuid,nodev,noexec,relatime shared:18 - mqueue mqueue rw\n64 27 0:20 / /sys/kernel/config rw,nosuid,nodev,noexec,relatime shared:19 - configfs configfs rw\n66 27 0:36 / /sys/fs/fuse/connections rw,nosuid,nodev,noexec,relatime shared:20 - fusectl fusectl rw\n46 32 7:0 / /snap/bare/5 ro,nodev,relatime shared:30 - squashfs /dev/loop0 ro,errors=continue,threads=single\n48 32 7:1 / /snap/blender/7360 ro,nodev,relatime shared:46 - squashfs /dev/loop1 ro,errors=continue,threads=single\n50 32 7:2 / /snap/code/240 ro,nodev,relatime shared:48 - squashfs /dev/loop2 ro,errors=continue,threads=single\n52 32 7:3 / /snap/core24/1643 ro,nodev,relatime shared:50 - squashfs /dev/loop3 ro,errors=continue,threads=single\n54 32 7:4 / /snap/core20/2866 ro,nodev,relatime shared:52 - squashfs /dev/loop4 ro,errors=continue,threads=single\n56 32 7:5 / /snap/core24/1587 ro,nodev,relatime shared:54 - squashfs /dev/loop5 ro,errors=continue,threads=single\n58 32 7:6 / /snap/code/238 ro,nodev,relatime shared:56 - squashfs /dev/loop6 ro,errors=continue,threads=single\n60 32 7:13 / /snap/claudeai-desktop/1 ro,nodev,relatime shared:58 - squashfs /dev/loop13 ro,errors=continue,threads=single\n62 32 7:18 / /snap/mesa-2404/1165 ro,nodev,relatime shared:60 - squashfs /dev/loop18 ro,errors=continue,threads=single\n65 32 7:15 / /snap/gtk-common-themes/1535 ro,nodev,relatime shared:62 - squashfs /dev/loop15 ro,errors=continue,threads=single\n92 32 7:8 / /snap/gnome-42-2204/247 ro,nodev,relatime shared:64 - squashfs /dev/loop8 ro,errors=continue,threads=single\n94 32 7:26 / /snap/powershell/351 ro,nodev,relatime shared:66 - squashfs /dev/loop26 ro,errors=continue,threads=single\n96 32 7:25 / /snap/ngrok/390 ro,nodev,relatime shared:68 - squashfs /dev/loop25 ro,errors=continue,threads=single\n98 32 7:7 / /snap/core22/2292 ro,nodev,relatime shared:70 - squashfs /dev/loop7 ro,errors=continue,threads=single\n100 32 7:10 / /snap/firefox/8247 ro,nodev,relatime shared:72 - squashfs /dev/loop10 ro,errors=continue,threads=single\n102 32 7:22 / /snap/discord/284 ro,nodev,relatime shared:74 - squashfs /dev/loop22 ro,errors=continue,threads=single\n104 32 7:12 / /snap/firmware-updater/224 ro,nodev,relatime shared:76 - squashfs /dev/loop12 ro,errors=continue,threads=single\n106 32 7:24 / /snap/gnome-3-28-1804/198 ro,nodev,relatime shared:78 - squashfs /dev/loop24 ro,errors=continue,threads=single\n", 65536) = 4041
360557 close(3)                         = 0
360557 openat(AT_FDCWD, "/sys/fs/cgroup/user.slice/user-1000.slice/user@1000.service/app.slice/app-org.chromium.Chromium-73254.scope/cpu.max", O_RDONLY|O_CLOEXEC) = -1 ENOENT (No such file or directory)
360557 sigaltstack(NULL, {ss_sp=NULL, ss_flags=SS_DISABLE, ss_size=0}) = 0
360557 sigaltstack({ss_sp=0xf241b074000, ss_flags=0, ss_size=32768}, NULL) = 0
360557 rt_sigprocmask(SIG_SETMASK, [], NULL, 8) = 0
360557 gettid()                         = 360557
360557 rt_sigaction(SIGHUP, NULL, {sa_handler=SIG_DFL, sa_mask=[], sa_flags=0}, 8) = 0
360557 rt_sigaction(SIGHUP, {sa_handler=0x48fc40, sa_mask=~[], sa_flags=SA_RESTORER|SA_ONSTACK|SA_RESTART|SA_SIGINFO, sa_restorer=0x48fd80}, NULL, 8) = 0
360557 rt_sigaction(SIGINT, NULL, {sa_handler=SIG_DFL, sa_mask=[], sa_flags=0}, 8) = 0
360557 rt_sigaction(SIGINT, {sa_handler=0x48fc40, sa_mask=~[], sa_flags=SA_RESTORER|SA_ONSTACK|SA_RESTART|SA_SIGINFO, sa_restorer=0x48fd80}, NULL, 8) = 0
360557 rt_sigaction(SIGQUIT, NULL, {sa_handler=SIG_DFL, sa_mask=[], sa_flags=0}, 8) = 0
360557 rt_sigaction(SIGQUIT, {sa_handler=0x48fc40, sa_mask=~[], sa_flags=SA_RESTORER|SA_ONSTACK|SA_RESTART|SA_SIGINFO, sa_restorer=0x48fd80}, NULL, 8) = 0
360557 rt_sigaction(SIGILL, NULL, {sa_handler=SIG_DFL, sa_mask=[], sa_flags=0}, 8) = 0
360557 rt_sigaction(SIGILL, {sa_handler=0x48fc40, sa_mask=~[], sa_flags=SA_RESTORER|SA_ONSTACK|SA_RESTART|SA_SIGINFO, sa_restorer=0x48fd80}, NULL, 8) = 0
360557 rt_sigaction(SIGTRAP, NULL, {sa_handler=SIG_DFL, sa_mask=[], sa_flags=0}, 8) = 0
360557 rt_sigaction(SIGTRAP, {sa_handler=0x48fc40, sa_mask=~[], sa_flags=SA_RESTORER|SA_ONSTACK|SA_RESTART|SA_SIGINFO, sa_restorer=0x48fd80}, NULL, 8) = 0
360557 rt_sigaction(SIGABRT, NULL, {sa_handler=SIG_DFL, sa_mask=[], sa_flags=0}, 8) = 0
360557 rt_sigaction(SIGABRT, {sa_handler=0x48fc40, sa_mask=~[], sa_flags=SA_RESTORER|SA_ONSTACK|SA_RESTART|SA_SIGINFO, sa_restorer=0x48fd80}, NULL, 8) = 0
360557 rt_sigaction(SIGBUS, NULL, {sa_handler=SIG_DFL, sa_mask=[], sa_flags=0}, 8) = 0
360557 rt_sigaction(SIGBUS, {sa_handler=0x48fc40, sa_mask=~[], sa_flags=SA_RESTORER|SA_ONSTACK|SA_RESTART|SA_SIGINFO, sa_restorer=0x48fd80}, NULL, 8) = 0
360557 rt_sigaction(SIGFPE, NULL, {sa_handler=SIG_DFL, sa_mask=[], sa_flags=0}, 8) = 0
360557 rt_sigaction(SIGFPE, {sa_handler=0x48fc40, sa_mask=~[], sa_flags=SA_RESTORER|SA_ONSTACK|SA_RESTART|SA_SIGINFO, sa_restorer=0x48fd80}, NULL, 8) = 0
360557 rt_sigaction(SIGUSR1, NULL, {sa_handler=SIG_DFL, sa_mask=[], sa_flags=0}, 8) = 0
360557 rt_sigaction(SIGUSR1, {sa_handler=0x48fc40, sa_mask=~[], sa_flags=SA_RESTORER|SA_ONSTACK|SA_RESTART|SA_SIGINFO, sa_restorer=0x48fd80}, NULL, 8) = 0
360557 rt_sigaction(SIGSEGV, NULL, {sa_handler=SIG_DFL, sa_mask=[], sa_flags=0}, 8) = 0
360557 rt_sigaction(SIGSEGV, {sa_handler=0x48fc40, sa_mask=~[], sa_flags=SA_RESTORER|SA_ONSTACK|SA_RESTART|SA_SIGINFO, sa_restorer=0x48fd80}, NULL, 8) = 0
360557 rt_sigaction(SIGUSR2, NULL, {sa_handler=SIG_DFL, sa_mask=[], sa_flags=0}, 8) = 0
360557 rt_sigaction(SIGUSR2, {sa_handler=0x48fc40, sa_mask=~[], sa_flags=SA_RESTORER|SA_ONSTACK|SA_RESTART|SA_SIGINFO, sa_restorer=0x48fd80}, NULL, 8) = 0
360557 rt_sigaction(SIGPIPE, NULL, {sa_handler=SIG_DFL, sa_mask=[], sa_flags=0}, 8) = 0
360557 rt_sigaction(SIGPIPE, {sa_handler=0x48fc40, sa_mask=~[], sa_flags=SA_RESTORER|SA_ONSTACK|SA_RESTART|SA_SIGINFO, sa_restorer=0x48fd80}, NULL, 8) = 0
360557 rt_sigaction(SIGALRM, NULL, {sa_handler=SIG_DFL, sa_mask=[], sa_flags=0}, 8) = 0
360557 rt_sigaction(SIGALRM, {sa_handler=0x48fc40, sa_mask=~[], sa_flags=SA_RESTORER|SA_ONSTACK|SA_RESTART|SA_SIGINFO, sa_restorer=0x48fd80}, NULL, 8) = 0
360557 rt_sigaction(SIGTERM, NULL, {sa_handler=SIG_DFL, sa_mask=[], sa_flags=0}, 8) = 0
360557 rt_sigaction(SIGTERM, {sa_handler=0x48fc40, sa_mask=~[], sa_flags=SA_RESTORER|SA_ONSTACK|SA_RESTART|SA_SIGINFO, sa_restorer=0x48fd80}, NULL, 8) = 0
360557 rt_sigaction(SIGSTKFLT, NULL, {sa_handler=SIG_DFL, sa_mask=[], sa_flags=0}, 8) = 0
360557 rt_sigaction(SIGSTKFLT, {sa_handler=0x48fc40, sa_mask=~[], sa_flags=SA_RESTORER|SA_ONSTACK|SA_RESTART|SA_SIGINFO, sa_restorer=0x48fd80}, NULL, 8) = 0
360557 rt_sigaction(SIGCHLD, NULL, {sa_handler=SIG_DFL, sa_mask=[], sa_flags=0}, 8) = 0
360557 rt_sigaction(SIGCHLD, {sa_handler=0x48fc40, sa_mask=~[], sa_flags=SA_RESTORER|SA_ONSTACK|SA_RESTART|SA_SIGINFO, sa_restorer=0x48fd80}, NULL, 8) = 0
360557 rt_sigaction(SIGURG, NULL, {sa_handler=SIG_DFL, sa_mask=[], sa_flags=0}, 8) = 0
360557 rt_sigaction(SIGURG, {sa_handler=0x48fc40, sa_mask=~[], sa_flags=SA_RESTORER|SA_ONSTACK|SA_RESTART|SA_SIGINFO, sa_restorer=0x48fd80}, NULL, 8) = 0
360557 rt_sigaction(SIGXCPU, NULL, {sa_handler=SIG_DFL, sa_mask=[], sa_flags=0}, 8) = 0
360557 rt_sigaction(SIGXCPU, {sa_handler=0x48fc40, sa_mask=~[], sa_flags=SA_RESTORER|SA_ONSTACK|SA_RESTART|SA_SIGINFO, sa_restorer=0x48fd80}, NULL, 8) = 0
360557 rt_sigaction(SIGXFSZ, NULL, {sa_handler=SIG_DFL, sa_mask=[], sa_flags=0}, 8) = 0
360557 rt_sigaction(SIGXFSZ, {sa_handler=0x48fc40, sa_mask=~[], sa_flags=SA_RESTORER|SA_ONSTACK|SA_RESTART|SA_SIGINFO, sa_restorer=0x48fd80}, NULL, 8) = 0
360557 rt_sigaction(SIGVTALRM, NULL, {sa_handler=SIG_DFL, sa_mask=[], sa_flags=0}, 8) = 0
360557 rt_sigaction(SIGVTALRM, {sa_handler=0x48fc40, sa_mask=~[], sa_flags=SA_RESTORER|SA_ONSTACK|SA_RESTART|SA_SIGINFO, sa_restorer=0x48fd80}, NULL, 8) = 0
360557 rt_sigaction(SIGPROF, NULL, {sa_handler=SIG_DFL, sa_mask=[], sa_flags=0}, 8) = 0
360557 rt_sigaction(SIGPROF, {sa_handler=0x48fc40, sa_mask=~[], sa_flags=SA_RESTORER|SA_ONSTACK|SA_RESTART|SA_SIGINFO, sa_restorer=0x48fd80}, NULL, 8) = 0
360557 rt_sigaction(SIGWINCH, NULL, {sa_handler=SIG_DFL, sa_mask=[], sa_flags=0}, 8) = 0
360557 rt_sigaction(SIGWINCH, {sa_handler=0x48fc40, sa_mask=~[], sa_flags=SA_RESTORER|SA_ONSTACK|SA_RESTART|SA_SIGINFO, sa_restorer=0x48fd80}, NULL, 8) = 0
360557 rt_sigaction(SIGIO, NULL, {sa_handler=SIG_DFL, sa_mask=[], sa_flags=0}, 8) = 0
360557 rt_sigaction(SIGIO, {sa_handler=0x48fc40, sa_mask=~[], sa_flags=SA_RESTORER|SA_ONSTACK|SA_RESTART|SA_SIGINFO, sa_restorer=0x48fd80}, NULL, 8) = 0
360557 rt_sigaction(SIGPWR, NULL, {sa_handler=SIG_DFL, sa_mask=[], sa_flags=0}, 8) = 0
360557 rt_sigaction(SIGPWR, {sa_handler=0x48fc40, sa_mask=~[], sa_flags=SA_RESTORER|SA_ONSTACK|SA_RESTART|SA_SIGINFO, sa_restorer=0x48fd80}, NULL, 8) = 0
360557 rt_sigaction(SIGSYS, NULL, {sa_handler=SIG_DFL, sa_mask=[], sa_flags=0}, 8) = 0
360557 rt_sigaction(SIGSYS, {sa_handler=0x48fc40, sa_mask=~[], sa_flags=SA_RESTORER|SA_ONSTACK|SA_RESTART|SA_SIGINFO, sa_restorer=0x48fd80}, NULL, 8) = 0
360557 rt_sigaction(SIGRTMIN, NULL, {sa_handler=SIG_DFL, sa_mask=[], sa_flags=0}, 8) = 0
360557 rt_sigaction(SIGRT_1, NULL, {sa_handler=SIG_DFL, sa_mask=[], sa_flags=0}, 8) = 0
360557 rt_sigaction(SIGRT_1, {sa_handler=0x48fc40, sa_mask=~[], sa_flags=SA_RESTORER|SA_ONSTACK|SA_RESTART|SA_SIGINFO, sa_restorer=0x48fd80}, NULL, 8) = 0
360557 rt_sigaction(SIGRT_2, NULL, {sa_handler=SIG_DFL, sa_mask=[], sa_flags=0}, 8) = 0
360557 rt_sigaction(SIGRT_3, NULL, {sa_handler=SIG_DFL, sa_mask=[], sa_flags=0}, 8) = 0
360557 rt_sigaction(SIGRT_3, {sa_handler=0x48fc40, sa_mask=~[], sa_flags=SA_RESTORER|SA_ONSTACK|SA_RESTART|SA_SIGINFO, sa_restorer=0x48fd80}, NULL, 8) = 0
360557 rt_sigaction(SIGRT_4, NULL, {sa_handler=SIG_DFL, sa_mask=[], sa_flags=0}, 8) = 0
360557 rt_sigaction(SIGRT_4, {sa_handler=0x48fc40, sa_mask=~[], sa_flags=SA_RESTORER|SA_ONSTACK|SA_RESTART|SA_SIGINFO, sa_restorer=0x48fd80}, NULL, 8) = 0
360557 rt_sigaction(SIGRT_5, NULL, {sa_handler=SIG_DFL, sa_mask=[], sa_flags=0}, 8) = 0
360557 rt_sigaction(SIGRT_5, {sa_handler=0x48fc40, sa_mask=~[], sa_flags=SA_RESTORER|SA_ONSTACK|SA_RESTART|SA_SIGINFO, sa_restorer=0x48fd80}, NULL, 8) = 0
360557 rt_sigaction(SIGRT_6, NULL, {sa_handler=SIG_DFL, sa_mask=[], sa_flags=0}, 8) = 0
360557 rt_sigaction(SIGRT_6, {sa_handler=0x48fc40, sa_mask=~[], sa_flags=SA_RESTORER|SA_ONSTACK|SA_RESTART|SA_SIGINFO, sa_restorer=0x48fd80}, NULL, 8) = 0
360557 rt_sigaction(SIGRT_7, NULL, {sa_handler=SIG_DFL, sa_mask=[], sa_flags=0}, 8) = 0
360557 rt_sigaction(SIGRT_7, {sa_handler=0x48fc40, sa_mask=~[], sa_flags=SA_RESTORER|SA_ONSTACK|SA_RESTART|SA_SIGINFO, sa_restorer=0x48fd80}, NULL, 8) = 0
360557 rt_sigaction(SIGRT_8, NULL, {sa_handler=SIG_DFL, sa_mask=[], sa_flags=0}, 8) = 0
360557 rt_sigaction(SIGRT_8, {sa_handler=0x48fc40, sa_mask=~[], sa_flags=SA_RESTORER|SA_ONSTACK|SA_RESTART|SA_SIGINFO, sa_restorer=0x48fd80}, NULL, 8) = 0
360557 rt_sigaction(SIGRT_9, NULL, {sa_handler=SIG_DFL, sa_mask=[], sa_flags=0}, 8) = 0
360557 rt_sigaction(SIGRT_9, {sa_handler=0x48fc40, sa_mask=~[], sa_flags=SA_RESTORER|SA_ONSTACK|SA_RESTART|SA_SIGINFO, sa_restorer=0x48fd80}, NULL, 8) = 0
360557 rt_sigaction(SIGRT_10, NULL, {sa_handler=SIG_DFL, sa_mask=[], sa_flags=0}, 8) = 0
360557 rt_sigaction(SIGRT_10, {sa_handler=0x48fc40, sa_mask=~[], sa_flags=SA_RESTORER|SA_ONSTACK|SA_RESTART|SA_SIGINFO, sa_restorer=0x48fd80}, NULL, 8) = 0
360557 rt_sigaction(SIGRT_11, NULL, {sa_handler=SIG_DFL, sa_mask=[], sa_flags=0}, 8) = 0
360557 rt_sigaction(SIGRT_11, {sa_handler=0x48fc40, sa_mask=~[], sa_flags=SA_RESTORER|SA_ONSTACK|SA_RESTART|SA_SIGINFO, sa_restorer=0x48fd80}, NULL, 8) = 0
360557 rt_sigaction(SIGRT_12, NULL, {sa_handler=SIG_DFL, sa_mask=[], sa_flags=0}, 8) = 0
360557 rt_sigaction(SIGRT_12, {sa_handler=0x48fc40, sa_mask=~[], sa_flags=SA_RESTORER|SA_ONSTACK|SA_RESTART|SA_SIGINFO, sa_restorer=0x48fd80}, NULL, 8) = 0
360557 rt_sigaction(SIGRT_13, NULL, {sa_handler=SIG_DFL, sa_mask=[], sa_flags=0}, 8) = 0
360557 rt_sigaction(SIGRT_13, {sa_handler=0x48fc40, sa_mask=~[], sa_flags=SA_RESTORER|SA_ONSTACK|SA_RESTART|SA_SIGINFO, sa_restorer=0x48fd80}, NULL, 8) = 0
360557 rt_sigaction(SIGRT_14, NULL, {sa_handler=SIG_DFL, sa_mask=[], sa_flags=0}, 8) = 0
360557 rt_sigaction(SIGRT_14, {sa_handler=0x48fc40, sa_mask=~[], sa_flags=SA_RESTORER|SA_ONSTACK|SA_RESTART|SA_SIGINFO, sa_restorer=0x48fd80}, NULL, 8) = 0
360557 rt_sigaction(SIGRT_15, NULL, {sa_handler=SIG_DFL, sa_mask=[], sa_flags=0}, 8) = 0
360557 rt_sigaction(SIGRT_15, {sa_handler=0x48fc40, sa_mask=~[], sa_flags=SA_RESTORER|SA_ONSTACK|SA_RESTART|SA_SIGINFO, sa_restorer=0x48fd80}, NULL, 8) = 0
360557 rt_sigaction(SIGRT_16, NULL, {sa_handler=SIG_DFL, sa_mask=[], sa_flags=0}, 8) = 0
360557 rt_sigaction(SIGRT_16, {sa_handler=0x48fc40, sa_mask=~[], sa_flags=SA_RESTORER|SA_ONSTACK|SA_RESTART|SA_SIGINFO, sa_restorer=0x48fd80}, NULL, 8) = 0
360557 rt_sigaction(SIGRT_17, NULL, {sa_handler=SIG_DFL, sa_mask=[], sa_flags=0}, 8) = 0
360557 rt_sigaction(SIGRT_17, {sa_handler=0x48fc40, sa_mask=~[], sa_flags=SA_RESTORER|SA_ONSTACK|SA_RESTART|SA_SIGINFO, sa_restorer=0x48fd80}, NULL, 8) = 0
360557 rt_sigaction(SIGRT_18, NULL, {sa_handler=SIG_DFL, sa_mask=[], sa_flags=0}, 8) = 0
360557 rt_sigaction(SIGRT_18, {sa_handler=0x48fc40, sa_mask=~[], sa_flags=SA_RESTORER|SA_ONSTACK|SA_RESTART|SA_SIGINFO, sa_restorer=0x48fd80}, NULL, 8) = 0
360557 rt_sigaction(SIGRT_19, NULL, {sa_handler=SIG_DFL, sa_mask=[], sa_flags=0}, 8) = 0
360557 rt_sigaction(SIGRT_19, {sa_handler=0x48fc40, sa_mask=~[], sa_flags=SA_RESTORER|SA_ONSTACK|SA_RESTART|SA_SIGINFO, sa_restorer=0x48fd80}, NULL, 8) = 0
360557 rt_sigaction(SIGRT_20, NULL, {sa_handler=SIG_DFL, sa_mask=[], sa_flags=0}, 8) = 0
360557 rt_sigaction(SIGRT_20, {sa_handler=0x48fc40, sa_mask=~[], sa_flags=SA_RESTORER|SA_ONSTACK|SA_RESTART|SA_SIGINFO, sa_restorer=0x48fd80}, NULL, 8) = 0
360557 rt_sigaction(SIGRT_21, NULL, {sa_handler=SIG_DFL, sa_mask=[], sa_flags=0}, 8) = 0
360557 rt_sigaction(SIGRT_21, {sa_handler=0x48fc40, sa_mask=~[], sa_flags=SA_RESTORER|SA_ONSTACK|SA_RESTART|SA_SIGINFO, sa_restorer=0x48fd80}, NULL, 8) = 0
360557 rt_sigaction(SIGRT_22, NULL, {sa_handler=SIG_DFL, sa_mask=[], sa_flags=0}, 8) = 0
360557 rt_sigaction(SIGRT_22, {sa_handler=0x48fc40, sa_mask=~[], sa_flags=SA_RESTORER|SA_ONSTACK|SA_RESTART|SA_SIGINFO, sa_restorer=0x48fd80}, NULL, 8) = 0
360557 rt_sigaction(SIGRT_23, NULL, {sa_handler=SIG_DFL, sa_mask=[], sa_flags=0}, 8) = 0
360557 rt_sigaction(SIGRT_23, {sa_handler=0x48fc40, sa_mask=~[], sa_flags=SA_RESTORER|SA_ONSTACK|SA_RESTART|SA_SIGINFO, sa_restorer=0x48fd80}, NULL, 8) = 0
360557 rt_sigaction(SIGRT_24, NULL, {sa_handler=SIG_DFL, sa_mask=[], sa_flags=0}, 8) = 0
360557 rt_sigaction(SIGRT_24, {sa_handler=0x48fc40, sa_mask=~[], sa_flags=SA_RESTORER|SA_ONSTACK|SA_RESTART|SA_SIGINFO, sa_restorer=0x48fd80}, NULL, 8) = 0
360557 rt_sigaction(SIGRT_25, NULL, {sa_handler=SIG_DFL, sa_mask=[], sa_flags=0}, 8) = 0
360557 rt_sigaction(SIGRT_25, {sa_handler=0x48fc40, sa_mask=~[], sa_flags=SA_RESTORER|SA_ONSTACK|SA_RESTART|SA_SIGINFO, sa_restorer=0x48fd80}, NULL, 8) = 0
360557 rt_sigaction(SIGRT_26, NULL, {sa_handler=SIG_DFL, sa_mask=[], sa_flags=0}, 8) = 0
360557 rt_sigaction(SIGRT_26, {sa_handler=0x48fc40, sa_mask=~[], sa_flags=SA_RESTORER|SA_ONSTACK|SA_RESTART|SA_SIGINFO, sa_restorer=0x48fd80}, NULL, 8) = 0
360557 rt_sigaction(SIGRT_27, NULL, {sa_handler=SIG_DFL, sa_mask=[], sa_flags=0}, 8) = 0
360557 rt_sigaction(SIGRT_27, {sa_handler=0x48fc40, sa_mask=~[], sa_flags=SA_RESTORER|SA_ONSTACK|SA_RESTART|SA_SIGINFO, sa_restorer=0x48fd80}, NULL, 8) = 0
360557 rt_sigaction(SIGRT_28, NULL, {sa_handler=SIG_DFL, sa_mask=[], sa_flags=0}, 8) = 0
360557 rt_sigaction(SIGRT_28, {sa_handler=0x48fc40, sa_mask=~[], sa_flags=SA_RESTORER|SA_ONSTACK|SA_RESTART|SA_SIGINFO, sa_restorer=0x48fd80}, NULL, 8) = 0
360557 rt_sigaction(SIGRT_29, NULL, {sa_handler=SIG_DFL, sa_mask=[], sa_flags=0}, 8) = 0
360557 rt_sigaction(SIGRT_29, {sa_handler=0x48fc40, sa_mask=~[], sa_flags=SA_RESTORER|SA_ONSTACK|SA_RESTART|SA_SIGINFO, sa_restorer=0x48fd80}, NULL, 8) = 0
360557 rt_sigaction(SIGRT_30, NULL, {sa_handler=SIG_DFL, sa_mask=[], sa_flags=0}, 8) = 0
360557 rt_sigaction(SIGRT_30, {sa_handler=0x48fc40, sa_mask=~[], sa_flags=SA_RESTORER|SA_ONSTACK|SA_RESTART|SA_SIGINFO, sa_restorer=0x48fd80}, NULL, 8) = 0
360557 rt_sigaction(SIGRT_31, NULL, {sa_handler=SIG_DFL, sa_mask=[], sa_flags=0}, 8) = 0
360557 rt_sigaction(SIGRT_31, {sa_handler=0x48fc40, sa_mask=~[], sa_flags=SA_RESTORER|SA_ONSTACK|SA_RESTART|SA_SIGINFO, sa_restorer=0x48fd80}, NULL, 8) = 0
360557 rt_sigaction(SIGRT_32, NULL, {sa_handler=SIG_DFL, sa_mask=[], sa_flags=0}, 8) = 0
360557 rt_sigaction(SIGRT_32, {sa_handler=0x48fc40, sa_mask=~[], sa_flags=SA_RESTORER|SA_ONSTACK|SA_RESTART|SA_SIGINFO, sa_restorer=0x48fd80}, NULL, 8) = 0
360557 rt_sigprocmask(SIG_SETMASK, ~[], [], 8) = 0
360557 clone(child_stack=0xf241b0a6000, flags=CLONE_VM|CLONE_FS|CLONE_FILES|CLONE_SIGHAND|CLONE_THREAD|CLONE_SYSVSEM|CLONE_SETTLS <unfinished ...>
360558 gettid( <unfinished ...>
360557 <... clone resumed>, tls=0xf241b0d4090) = 360558
360558 <... gettid resumed>)            = 360558
360557 rt_sigprocmask(SIG_SETMASK, [],  <unfinished ...>
360558 sigaltstack(NULL,  <unfinished ...>
360557 <... rt_sigprocmask resumed>NULL, 8) = 0
360558 <... sigaltstack resumed>{ss_sp=NULL, ss_flags=SS_DISABLE, ss_size=0}) = 0
360558 sigaltstack({ss_sp=0xf241b0d6000, ss_flags=0, ss_size=32768},  <unfinished ...>
360557 mmap(NULL, 262144, PROT_READ|PROT_WRITE, MAP_PRIVATE|MAP_ANONYMOUS, -1, 0 <unfinished ...>
360558 <... sigaltstack resumed>NULL)   = 0
360558 rt_sigprocmask(SIG_SETMASK, [],  <unfinished ...>
360557 <... mmap resumed>)              = 0x7de254022000
360558 <... rt_sigprocmask resumed>NULL, 8) = 0
360557 prctl(PR_SET_VMA, PR_SET_VMA_ANON_NAME, 0x7de254022000, 262144, " Go: immortal metadata" <unfinished ...>
360558 gettid()                         = 360558
360557 <... prctl resumed>)             = 0
360558 nanosleep({tv_sec=0, tv_nsec=20000},  <unfinished ...>
360557 rt_sigprocmask(SIG_SETMASK, ~[], [], 8) = 0
360557 clone(child_stack=0xf241b0f0000, flags=CLONE_VM|CLONE_FS|CLONE_FILES|CLONE_SIGHAND|CLONE_THREAD|CLONE_SYSVSEM|CLONE_SETTLS <unfinished ...>
360559 gettid( <unfinished ...>
360557 <... clone resumed>, tls=0xf241b0d4890) = 360559
360559 <... gettid resumed>)            = 360559
360558 <... nanosleep resumed>NULL)     = 0
360559 sigaltstack(NULL,  <unfinished ...>
360557 rt_sigprocmask(SIG_SETMASK, [],  <unfinished ...>
360559 <... sigaltstack resumed>{ss_sp=NULL, ss_flags=SS_DISABLE, ss_size=0}) = 0
360558 sched_getaffinity(0, 8192,  <unfinished ...>
360559 sigaltstack({ss_sp=0xf241b0de000, ss_flags=0, ss_size=32768},  <unfinished ...>
360557 <... rt_sigprocmask resumed>NULL, 8) = 0
360559 <... sigaltstack resumed>NULL)   = 0
360558 <... sched_getaffinity resumed>[0 1 2 3 4 5 6 7]) = 8
360559 rt_sigprocmask(SIG_SETMASK, [],  <unfinished ...>
360558 nanosleep({tv_sec=0, tv_nsec=20000},  <unfinished ...>
360557 rt_sigprocmask(SIG_SETMASK, ~[],  <unfinished ...>
360559 <... rt_sigprocmask resumed>NULL, 8) = 0
360557 <... rt_sigprocmask resumed>[], 8) = 0
360559 gettid( <unfinished ...>
360557 clone(child_stack=0xf241b0ec000, flags=CLONE_VM|CLONE_FS|CLONE_FILES|CLONE_SIGHAND|CLONE_THREAD|CLONE_SYSVSEM|CLONE_SETTLS <unfinished ...>
360559 <... gettid resumed>)            = 360559
360559 mmap(NULL, 262144, PROT_READ|PROT_WRITE, MAP_PRIVATE|MAP_ANONYMOUS, -1, 0 <unfinished ...>
360560 gettid( <unfinished ...>
360557 <... clone resumed>, tls=0xf241b0d5090) = 360560
360560 <... gettid resumed>)            = 360560
360558 <... nanosleep resumed>NULL)     = 0
360560 sigaltstack(NULL,  <unfinished ...>
360559 <... mmap resumed>)              = 0x7de20d560000
360557 rt_sigprocmask(SIG_SETMASK, [],  <unfinished ...>
360560 <... sigaltstack resumed>{ss_sp=NULL, ss_flags=SS_DISABLE, ss_size=0}) = 0
360559 prctl(PR_SET_VMA, PR_SET_VMA_ANON_NAME, 0x7de20d560000, 262144, " Go: immortal metadata" <unfinished ...>
360558 nanosleep({tv_sec=0, tv_nsec=20000},  <unfinished ...>
360557 <... rt_sigprocmask resumed>NULL, 8) = 0
360560 sigaltstack({ss_sp=0xf241b0f6000, ss_flags=0, ss_size=32768},  <unfinished ...>
360559 <... prctl resumed>)             = 0
360560 <... sigaltstack resumed>NULL)   = 0
360557 futex(0xe3bfb8, FUTEX_WAIT_PRIVATE, 0, NULL <unfinished ...>
360560 rt_sigprocmask(SIG_SETMASK, [], NULL, 8) = 0
360559 rt_sigprocmask(SIG_SETMASK, ~[],  <unfinished ...>
360560 gettid( <unfinished ...>
360559 <... rt_sigprocmask resumed>[], 8) = 0
360560 <... gettid resumed>)            = 360560
360558 <... nanosleep resumed>NULL)     = 0
360560 futex(0xe3bfb8, FUTEX_WAKE_PRIVATE, 1 <unfinished ...>
360559 clone(child_stack=0xf241b118000, flags=CLONE_VM|CLONE_FS|CLONE_FILES|CLONE_SIGHAND|CLONE_THREAD|CLONE_SYSVSEM|CLONE_SETTLS <unfinished ...>
360560 <... futex resumed>)             = 1
360558 nanosleep({tv_sec=0, tv_nsec=20000},  <unfinished ...>
360557 <... futex resumed>)             = 0
360560 futex(0xf241b0d5160, FUTEX_WAIT_PRIVATE, 0, NULL) = -1 EAGAIN (Resource temporarily unavailable)
360557 futex(0xf241b0d5160, FUTEX_WAKE_PRIVATE, 1 <unfinished ...>
360561 gettid( <unfinished ...>
360560 futex(0xe3bfb8, FUTEX_WAKE_PRIVATE, 1 <unfinished ...>
360559 <... clone resumed>, tls=0xf241b100090) = 360561
360557 <... futex resumed>)             = 0
360561 <... gettid resumed>)            = 360561
360560 <... futex resumed>)             = 0
360559 rt_sigprocmask(SIG_SETMASK, [],  <unfinished ...>
360561 sigaltstack(NULL,  <unfinished ...>
360560 futex(0xf241b0d5160, FUTEX_WAIT_PRIVATE, 0, NULL <unfinished ...>
360558 <... nanosleep resumed>NULL)     = 0
360561 <... sigaltstack resumed>{ss_sp=NULL, ss_flags=SS_DISABLE, ss_size=0}) = 0
360559 <... rt_sigprocmask resumed>NULL, 8) = 0
360561 sigaltstack({ss_sp=0xf241b106000, ss_flags=0, ss_size=32768},  <unfinished ...>
360558 nanosleep({tv_sec=0, tv_nsec=20000},  <unfinished ...>
360561 <... sigaltstack resumed>NULL)   = 0
360559 nanosleep({tv_sec=0, tv_nsec=3000},  <unfinished ...>
360561 rt_sigprocmask(SIG_SETMASK, [],  <unfinished ...>
360557 prlimit64(0, RLIMIT_NOFILE, NULL,  <unfinished ...>
360561 <... rt_sigprocmask resumed>NULL, 8) = 0
360557 <... prlimit64 resumed>{rlim_cur=1024, rlim_max=1024*1024}) = 0
360561 gettid( <unfinished ...>
360557 prlimit64(0, RLIMIT_NOFILE, {rlim_cur=1048575, rlim_max=1024*1024},  <unfinished ...>
360561 <... gettid resumed>)            = 360561
360559 <... nanosleep resumed>NULL)     = 0
360558 <... nanosleep resumed>NULL)     = 0
360557 <... prlimit64 resumed>NULL)     = 0
360561 nanosleep({tv_sec=0, tv_nsec=3000},  <unfinished ...>
360559 futex(0xf241b0d4960, FUTEX_WAIT_PRIVATE, 0, NULL <unfinished ...>
360558 nanosleep({tv_sec=0, tv_nsec=20000},  <unfinished ...>
360557 fcntl(0, F_GETFL)                = 0x8002 (flags O_RDWR|O_LARGEFILE)
360557 fcntl(1, F_GETFL <unfinished ...>
360561 <... nanosleep resumed>NULL)     = 0
360557 <... fcntl resumed>)             = 0x1 (flags O_WRONLY)
360561 nanosleep({tv_sec=0, tv_nsec=3000},  <unfinished ...>
360557 fcntl(2, F_GETFL <unfinished ...>
360558 <... nanosleep resumed>NULL)     = 0
360557 <... fcntl resumed>)             = 0x8000 (flags O_RDONLY|O_LARGEFILE)
360558 nanosleep({tv_sec=0, tv_nsec=20000},  <unfinished ...>
360557 readlinkat(AT_FDCWD, "/proc/self/exe",  <unfinished ...>
360561 <... nanosleep resumed>NULL)     = 0
360561 futex(0xf241b0d4960, FUTEX_WAKE_PRIVATE, 1 <unfinished ...>
360557 <... readlinkat resumed>"/opt/datadog-packages/datadog-apm-inject/0.58.0/inject/process", 128) = 62
360561 <... futex resumed>)             = 1
360559 <... futex resumed>)             = 0
360558 <... nanosleep resumed>NULL)     = 0
360561 futex(0xf241b100160, FUTEX_WAIT_PRIVATE, 0, NULL <unfinished ...>
360557 openat(AT_FDCWD, "/opt/datadog-packages/datadog-apm-inject/0.58.0/inject/process", O_RDONLY|O_CLOEXEC <unfinished ...>
360559 futex(0xf241b0d4960, FUTEX_WAIT_PRIVATE, 0, NULL <unfinished ...>
360558 nanosleep({tv_sec=0, tv_nsec=20000},  <unfinished ...>
360557 <... openat resumed>)            = 3
360557 fcntl(3, F_GETFL)                = 0x8000 (flags O_RDONLY|O_LARGEFILE)
360557 fcntl(3, F_SETFL, O_RDONLY|O_NONBLOCK|O_LARGEFILE) = 0
360558 <... nanosleep resumed>NULL)     = 0
360557 epoll_create1(EPOLL_CLOEXEC <unfinished ...>
360558 nanosleep({tv_sec=0, tv_nsec=20000},  <unfinished ...>
360557 <... epoll_create1 resumed>)     = 4
360557 eventfd2(0, EFD_CLOEXEC|EFD_NONBLOCK) = 5
360557 epoll_ctl(4, EPOLL_CTL_ADD, 5, {events=EPOLLIN, data={u32=15056880, u64=15056880}}) = 0
360558 <... nanosleep resumed>NULL)     = 0
360558 nanosleep({tv_sec=0, tv_nsec=20000},  <unfinished ...>
360557 epoll_ctl(4, EPOLL_CTL_ADD, 3, {events=EPOLLIN|EPOLLOUT|EPOLLRDHUP|EPOLLET, data={u32=1157627905, u64=4535452484679761921}}) = -1 EPERM (Operation not permitted)
360557 fcntl(3, F_GETFL)                = 0x8800 (flags O_RDONLY|O_NONBLOCK|O_LARGEFILE)
360557 fcntl(3, F_SETFL, O_RDONLY|O_LARGEFILE) = 0
360558 <... nanosleep resumed>NULL)     = 0
360557 fstat(3,  <unfinished ...>
360558 nanosleep({tv_sec=0, tv_nsec=20000},  <unfinished ...>
360557 <... fstat resumed>{st_dev=makedev(0x103, 0x2), st_ino=3823041, st_mode=S_IFREG|0755, st_nlink=1, st_uid=0, st_gid=0, st_blksize=4096, st_blocks=20944, st_size=10719394, st_atime=1779475189 /* 2026-05-22T20:39:49.645478884+0200 */, st_atime_nsec=645478884, st_mtime=1776207296 /* 2026-04-15T00:54:56.301635036+0200 */, st_mtime_nsec=301635036, st_ctime=1776207296 /* 2026-04-15T00:54:56.301635036+0200 */, st_ctime_nsec=301635036}) = 0
360557 pread64(3, "\177ELF\2\1\1\0\0\0\0\0\0\0\0\0\2\0>\0\1\0\0\0\240\367H\0\0\0\0\0@\0\0\0\0\0\0\0\220\1\0\0\0\0\0\0\0\0\0\0@\08\0\6\0@\0\20\0\17\0", 64, 0) = 64
360558 <... nanosleep resumed>NULL)     = 0
360557 pread64(3,  <unfinished ...>
360558 nanosleep({tv_sec=0, tv_nsec=20000},  <unfinished ...>
360557 <... pread64 resumed>"\343E\17\0200E\17\0213E\17\20p\20E\17\21s\20E\17\20p\30E\17\21s\30L\211\322A\377\321H\205\300A\17\234\300H\213\214$\260\1\0\0H\213\234$\250\1\0\0L\213L$XL", 64, 1339924) = 64
360557 pread64(3, "\0\0\0H\213\264$\250\0\0\0L\213\204$\260\0\0\0L\213\220\330\1\0\0H\211\320I\211\331A\273\1\0\0\0L\211\343\350\252\2\0\0H\211D$hH\213\224$\310\0\0\0L\213\242\300\1", 64, 2679848) = 64
360557 pread64(3, "\240\0\0\0D\17\266\214$\250\0\0\0I\211\342D\17\0201E\17\0212D\17\20q\20E\17\21r\20D\17\20q E\17\21r D\17\20q0E\17\21r0D\17\20q8E\17\21r8", 64, 4019772) = 64
360558 <... nanosleep resumed>NULL)     = 0
360557 pread64(3,  <unfinished ...>
360558 nanosleep({tv_sec=0, tv_nsec=20000},  <unfinished ...>
360557 <... pread64 resumed>"r\225\0\0\0\0\0\0105\0\0\1\0\0\0\20\0\0\0\0\0\0\0\330\7\0\0 W\3\0\300\t\5\0\300\t\5\0\0\0\0\0\0\0\0\0\0\1\0\0\0\0\0\0\0\0\0\0\0\0\0\0\10", 64, 5359697) = 64
360557 pread64(3, "o.uber.org/zap.anyFieldC[bool].Any\0go.uber.org/zap.anyFieldC[go.", 64, 6699621) = 64
360557 pread64(3, "\2\n\0\0]\2l\2 \2/\2\v\7\24\0\0\22\4B\3?\4\244\1\0\0T\2\1\2\20\3\322\1\0\2\v\20\7p\204\1o\1\17\1\200\1\21o\1\17\1\200\1\6o\1\17\1\200\1\26", 64, 8039545) = 64
360558 <... nanosleep resumed>NULL)     = 0
360557 pread64(3,  <unfinished ...>
360558 nanosleep({tv_sec=0, tv_nsec=20000},  <unfinished ...>
360557 <... pread64 resumed>"\377\377\377\223\1\t\0\226\1\t\0\0\2557\0\277\265\6\0\10\0\0\0\0\0\0\0\367\223\20\0\6\224\20\0c\224\20\0\4\0\0\0:\25\0\0\1\0\0\0\27\0\0\7\377\323\7\0\26\224\20\0\35", 64, 9379469) = 64
360557 close(3)                         = 0
360558 <... nanosleep resumed>NULL)     = 0
360558 nanosleep({tv_sec=0, tv_nsec=20000}, NULL) = 0
360558 nanosleep({tv_sec=0, tv_nsec=20000}, NULL) = 0
360558 nanosleep({tv_sec=0, tv_nsec=20000},  <unfinished ...>
360557 openat(AT_FDCWD, "/proc/self/cgroup", O_RDONLY|O_CLOEXEC <unfinished ...>
360558 <... nanosleep resumed>NULL)     = 0
360558 nanosleep({tv_sec=0, tv_nsec=20000},  <unfinished ...>
360557 <... openat resumed>)            = 3
360557 fcntl(3, F_GETFL)                = 0x8000 (flags O_RDONLY|O_LARGEFILE)
360557 fcntl(3, F_SETFL, O_RDONLY|O_NONBLOCK|O_LARGEFILE) = 0
360558 <... nanosleep resumed>NULL)     = 0
360557 epoll_ctl(4, EPOLL_CTL_ADD, 3, {events=EPOLLIN|EPOLLOUT|EPOLLRDHUP|EPOLLET, data={u32=1157627906, u64=4535452484679761922}} <unfinished ...>
360558 nanosleep({tv_sec=0, tv_nsec=20000},  <unfinished ...>
360557 <... epoll_ctl resumed>)         = -1 EPERM (Operation not permitted)
360557 fcntl(3, F_GETFL)                = 0x8800 (flags O_RDONLY|O_NONBLOCK|O_LARGEFILE)
360557 fcntl(3, F_SETFL, O_RDONLY|O_LARGEFILE) = 0
360558 <... nanosleep resumed>NULL)     = 0
360557 read(3,  <unfinished ...>
360558 nanosleep({tv_sec=0, tv_nsec=20000},  <unfinished ...>
360557 <... read resumed>"0::/user.slice/user-1000.slice/user@1000.service/app.slice/app-org.chromium.Chromium-73254.scope\n", 4096) = 97
360557 read(3,  <unfinished ...>
360558 <... nanosleep resumed>NULL)     = 0
360557 <... read resumed>"", 3999)      = 0
360558 nanosleep({tv_sec=0, tv_nsec=20000},  <unfinished ...>
360557 close(3)                         = 0
360558 <... nanosleep resumed>NULL)     = 0
360558 nanosleep({tv_sec=0, tv_nsec=20000},  <unfinished ...>
360557 futex(0xf241b0d4960, FUTEX_WAKE_PRIVATE, 1) = 1
360559 <... futex resumed>)             = 0
360558 <... nanosleep resumed>NULL)     = 0
360559 nanosleep({tv_sec=0, tv_nsec=3000},  <unfinished ...>
360558 nanosleep({tv_sec=0, tv_nsec=20000},  <unfinished ...>
360557 openat(AT_FDCWD, "/proc/stat", O_RDONLY|O_CLOEXEC <unfinished ...>
360559 <... nanosleep resumed>NULL)     = 0
360557 <... openat resumed>)            = 3
360559 futex(0xf241b100160, FUTEX_WAKE_PRIVATE, 1 <unfinished ...>
360558 <... nanosleep resumed>NULL)     = 0
360561 <... futex resumed>)             = 0
360559 <... futex resumed>)             = 1
360557 fcntl(3, F_GETFL <unfinished ...>
360561 futex(0xf241b100160, FUTEX_WAIT_PRIVATE, 0, NULL <unfinished ...>
360559 futex(0xf241b0d4960, FUTEX_WAIT_PRIVATE, 0, NULL <unfinished ...>
360558 nanosleep({tv_sec=0, tv_nsec=20000},  <unfinished ...>
360557 <... fcntl resumed>)             = 0x8000 (flags O_RDONLY|O_LARGEFILE)
360557 fcntl(3, F_SETFL, O_RDONLY|O_NONBLOCK|O_LARGEFILE) = 0
360557 epoll_ctl(4, EPOLL_CTL_ADD, 3, {events=EPOLLIN|EPOLLOUT|EPOLLRDHUP|EPOLLET, data={u32=1157627907, u64=4535452484679761923}}) = 0
360558 <... nanosleep resumed>NULL)     = 0
360557 read(3,  <unfinished ...>
360558 nanosleep({tv_sec=0, tv_nsec=20000},  <unfinished ...>
360557 <... read resumed>"cpu  1796061 65218 744434 11030586 91973 0 8871 0 0 0\ncpu0 216866 8450 91965 1386823 12592 0 954 0 0 0\ncpu1 222673 8299 90774 1388191 12168 0 1081 0 0 0\ncpu2 224325 8045 91032 1391580 12188 0 702 0 0 0\ncpu3 237405 7729 96781 1313313 9101 0 956 0 0 0\ncpu4 235543 8376 90701 1381679 11973 0 745 0 0 0\ncpu5 216386 8172 99403 1388331 11119 0 1385 0 0 0\ncpu6 233467 8036 91115 1383523 12104 0 1154 0 0 0\ncpu7 209392 8107 92660 1397144 10722 0 1892 0 0 0\nintr 257095321 0 25755 0 0 0 0 0 0 0 174002 0 0 79 0 0 0 57571407 0 0 0 591 0 0 0 0 0 0 0 0 0 0 0 0 0 0 0 0 0 0 0 0 0 0 0 0 0 0 0 0 0 0 1083101 0 0 0 0 0 0 0 0 0 0 0 0 0 0 0 0 0 0 0 0 0 0 0 0 0 0 0 0 0 0 0 0 0 0 0 0 0 0 0 0 0 0 0 0 0 0 0 0 0 0 0 0 0 0 0 0 0 0 0 0 0 0 0 0 0 0 0 0 0 0 0 1 1 11570 0 0 0 0 0 0 0 0 2221375 129 887744 916768 987940 808947 951260 855582 913382 902175 55 1660 0 0 0 0 0 0 0 0 0 0 0 0 0 0 0 0 0 0 7407067 1672 0 0 0 0 0 0 0 0 0 0 0 0 0 0 0 0 0 0 0 0 0 0 0 0 0 0 0 0 0 0 0 0 0 0 0 0 0 0 0 0 0 0 0 0 0 0 0 0 0 0 0 0 0 0 0 0 0 0 0 0 0 0 0 0 0 0 0 0 0 0 0 0 0 0 0 0 0 0 0 0 0 0 0 0 0 0 0 0 0 0 0 0 0 0 0 0 0 0 0 0 0 0 0 0 0 0 0 0 0 0 0 0 0 0 0 0 0 0 0 0 0 0 0 0 0 0 0 0 0 0 0 0 0 0 0 0 0 0 0 0 0 0 0 0 0 0 0 0 0 0 0 0 0 0 0 0 0 0 0 0 0 0 0 0 0 0 0 0 0 0 0 0 0 0 0 0 0 0 0 0 0 0 0 0 0 0 0 0 0 0 0 0 0 0 0 0 0 0 0 0 0 0 0 0 0 0 0 0 0 0 0 0 0 0 0 0 0 0 0 0 0 0 0 0 0 0 0 0 0 0 0 0 0 0 0 0 0 0 0 0 0 0 0 0 0 0 0 0 0 0 0 0 0 0 0 0 0 0 0 0 0 0 0 0 0 0 0 0 0 0 0 0 0 0 0 0 0 0 0 0 0 0 0 0 0 0 0 0 0 0 0 0 0 0 0 0 0 0 0 0 0 0 0 0 0 0 0 0 0 0 0 0 0 0 0 0 0 0 0 0 0 0 0 0 0 0 0 0 0 0 0 0 0 0 0 0 0 0 0 0 0 0 0 0 0 0 0 0 0 0 0 0 0 0 0 0 0 0 0 0 0 0 0 0 0 0 0 0 0 0 0 0 0 0 0 0 0 0 0 0 0 0 0 0 0 0 0 0 0 0 0 0 0 0 0 0 0 0 0 0 0 0 0 0 0 0 0 0 0 0 0 0 0 0 0 0 0 0 0 0 0 0 0 0 0 0 0 0 0 0 0 0 0 0 0 0 0 0 0 0 0 0 0 0 0 0 0 0 0 0 0 0 0 0 0 0 0 0 0 0 0 0 0 0 0 0 0 0 0 0 0 0 0 0 0 0 0 0 0 0 0 0 0 0 0 0 0 0 0 0 0 0 0 0 0 0 0 0 0 0 0 0 0 0 0 0 0 0 0 0 0 0 0 0 0 0 0 0 0 0 0 0 0 0 0 0 0 0 0 0 0 0 0 0 0 0 0 0 0 0 0 0 0 0 0 0 0 0 0 0 0 0 0 0 0 0 0 0 0 0 0 0 0 0 0 0 0 0 0 0 0 0 0 0 0 0 0 0 0 0 0 0 0 0 0 0 0 0 0 0 0 0 0 0 0 0 0 0 0 0 0 0 0 0 0 0 0 0 0 0 0 0 0 0 0 0 0 0 0 0 0 0 0 0 0 0 0 0 0 0 0 0 0 0 0 0 0 0 0 0 0 0 0 0 0 0 0 0 0 0 0 0 0 0 0 0 0 0 0 0 0 0 0 0 0 0 0 0 0 0 0 0 0 0 0 0 0 0 0 0 0 0 0 0 0 0 0 0 0 0 0 0 0 0 0 0 0 0 0 0 0 0 0 0 0 0 0 0 0 0 0 0 0 0 0 0 0 0 0 0 0 0 0 0 0 0 0 0 0 0 0 0 0 0 0 0 0 0 0 0 0 0 0 0 0 0 0 0 0 0 0 0 0 0 0 0 0 0 0 0 0 0 0 0 0 0 0 0 0 0 0 0 0 0 0 0 0 0 0 0 0 0 0 0 0 0 0 0 0 0 0 0 0 0 0 0 0 0 0 0 0 0 0 0 0 0 0 0 0 0 0 0 0 0 0 0 0 0 0 0 0 0 0 0 0 0 0 0 0 0 0 0 0 0 0 0 0 0 0 0 0 0 0 0 0 0 0 0 0 0 0 0 0 0 0 0 0 0 0 0 0 0 0 0 0 0 0 0 0 0 0 0 0 0 0 0 0 0 0 0 0 0 0 0 0 0 0 0 0 0 0 0 0 0 0 0 0 0 0 0 0 0 0 0 0 0 0 0 0 0 0 0 0 0 0 0 0 0 0 0 0 0 0 0 0 0 0 0 0 0 0 0 0 0 0 0 0 0 0 0 0 0 0 0 0 0 0 0 0 0 0 0 0 0 0 0 0 0 0 0 0 0 0 0 0 0 0 0 0 0 0 0 0 0 0 0 0 0 0 0 0 0 0 0 0 0 0 0 0 0 0 0 0 0 0 0 0 0 0 0 0 0 0 0 0 0 0 0 0 0 0 0 0 0 0 0 0 0 0 0 0 0 0 0 0 0 0 0 0 0 0 0 0 0 0 0 0 0 0 0 0 0 0 0 0 0 0 0 0 0 0 0 0 0 0 0 0 0 0 0 0 0 0 0 0 0 0 0 0 0 0 0 0 0 0 0 0 0 0 0 0 0 0 0 0 0 0 0 0 0 0 0 0 0 0 0 0 0 0 0 0 0 0 0 0 0 0 0 0 0 0 0 0 0 0 0 0 0 0 0 0 0 0 0 0 0 0 0 0 0 0 0 0 0 0 0 0 0 0 0 0 0 0 0 0 0 0 0 0 0 0 0 0 0 0 0 0 0 0 0 0 0 0 0 0 0 0 0 0 0 0 0 0 0 0 0 0 0 0 0 0 0 0 0 0 0 0 0 0 0 0 0 0 0 0 0 0 0 0 0 0 0 0 0 0 0 0 0 0 0 0 0 0 0 0 0 0 0 0 0 0 0 0 0 0 0 0 0 0 0 0 0 0 0 0 0 0 0 0 0 0 0 0 0 0 0 0 0 0 0 0 0 0 0 0 0 0 0 0 0 0 0 0 0 0 0 0 0 0 0 0 0 0 0 0 0 0 0 0 0 0 0 0 0 0 0 0 0 0 0 0 0 0 0 0 0 0 0 0 0 0 0 0 0 0 0 0 0 0 0 0 0 0 0 0 0 0 0 0 0 0 0 0 0 0 0 0 0 0 0 0 0 0 0 0 0 0 0 0 0 0 0 0 0 0 0 0 0 0 0 0 0 0 0 0 0 0 0 0 0 0 0 0 0 0 0 0 0 0 0 0 0 0 0 0 0 0 0 0 0 0 0 0 0 0 0 0 0 0 0 0 0 0 0 0 0 0 0 0 0 0 0 0 0 0 0 0 0 0 0 0 0 0 0 0 0 0 0 0 0 0 0 0 0 0 0 0 0 0 0 0 0 0 0 0 0 0 0 0 0 0 0 0 0 0 0 0 0 0 0 0 0 0 0 0 0 0 0 0 0 0 0 0 0 0 0 0 0 0 0 0 0 0 0 0 0 0 0 0 0 0 0 0 0 0 0 0 0 0 0 0 0 0 0 0 0 0 0 0 0 0 0 0 0 0 0 0 0 0 0 0 0 0 0 0 0 0 0 0 0 0 0 0 0 0 0 0 0 0 0 0 0 0 0 0 0 0 0 0 0 0 0 0 0 0 0 0 0 0 0 0 0 0 0 0 0 0 0 0 0 0 0 0 0 0 0 0 0 0 0 0 0 0 0 0 0 0 0 0 0 0 0 0 0 0 0 0 0 0 0 0 0 0 0 0 0 0 0 0 0 0 0 0 0 0 ", 4096) = 4096
360558 <... nanosleep resumed>NULL)     = 0
360557 epoll_ctl(4, EPOLL_CTL_DEL, 3, 0xf241b1c79bc <unfinished ...>
360558 nanosleep({tv_sec=0, tv_nsec=20000},  <unfinished ...>
360557 <... epoll_ctl resumed>)         = 0
360557 close(3)                         = 0
360557 openat(AT_FDCWD, "/proc/stat", O_RDONLY|O_CLOEXEC <unfinished ...>
360558 <... nanosleep resumed>NULL)     = 0
360557 <... openat resumed>)            = 3
360558 nanosleep({tv_sec=0, tv_nsec=20000},  <unfinished ...>
360557 fcntl(3, F_GETFL)                = 0x8000 (flags O_RDONLY|O_LARGEFILE)
360557 fcntl(3, F_SETFL, O_RDONLY|O_NONBLOCK|O_LARGEFILE) = 0
360557 epoll_ctl(4, EPOLL_CTL_ADD, 3, {events=EPOLLIN|EPOLLOUT|EPOLLRDHUP|EPOLLET, data={u32=1157627908, u64=4535452484679761924}} <unfinished ...>
360558 <... nanosleep resumed>NULL)     = 0
360557 <... epoll_ctl resumed>)         = 0
360558 nanosleep({tv_sec=0, tv_nsec=20000},  <unfinished ...>
360557 read(3, "cpu  1796061 65218 744435 11030586 91973 0 8871 0 0 0\ncpu0 216866 8450 91965 1386823 12592 0 954 0 0 0\ncpu1 222673 8299 90774 1388191 12168 0 1081 0 0 0\ncpu2 224325 8045 91032 1391580 12188 0 702 0 0 0\ncpu3 237405 7729 96781 1313313 9101 0 956 0 0 0\ncpu4 235543 8376 90701 1381679 11973 0 745 0 0 0\ncpu5 216386 8172 99403 1388331 11119 0 1385 0 0 0\ncpu6 233467 8036 91115 1383523 12104 0 1154 0 0 0\ncpu7 209392 8107 92660 1397144 10722 0 1892 0 0 0\nintr 257095332 0 25755 0 0 0 0 0 0 0 174002 0 0 79 0 0 0 57571407 0 0 0 591 0 0 0 0 0 0 0 0 0 0 0 0 0 0 0 0 0 0 0 0 0 0 0 0 0 0 0 0 0 0 1083101 0 0 0 0 0 0 0 0 0 0 0 0 0 0 0 0 0 0 0 0 0 0 0 0 0 0 0 0 0 0 0 0 0 0 0 0 0 0 0 0 0 0 0 0 0 0 0 0 0 0 0 0 0 0 0 0 0 0 0 0 0 0 0 0 0 0 0 0 0 0 0 1 1 11570 0 0 0 0 0 0 0 0 2221375 129 887744 916768 987940 808947 951260 855582 913382 902175 55 1660 0 0 0 0 0 0 0 0 0 0 0 0 0 0 0 0 0 0 7407067 1672 0 0 0 0 0 0 0 0 0 0 0 0 0 0 0 0 0 0 0 0 0 0 0 0 0 0 0 0 0 0 0 0 0 0 0 0 0 0 0 0 0 0 0 0 0 0 0 0 0 0 0 0 0 0 0 0 0 0 0 0 0 0 0 0 0 0 0 0 0 0 0 0 0 0 0 0 0 0 0 0 0 0 0 0 0 0 0 0 0 0 0 0 0 0 0 0 0 0 0 0 0 0 0 0 0 0 0 0 0 0 0 0 0 0 0 0 0 0 0 0 0 0 0 0 0 0 0 0 0 0 0 0 0 0 0 0 0 0 0 0 0 0 0 0 0 0 0 0 0 0 0 0 0 0 0 0 0 0 0 0 0 0 0 0 0 0 0 0 0 0 0 0 0 0 0 0 0 0 0 0 0 0 0 0 0 0 0 0 0 0 0 0 0 0 0 0 0 0 0 0 0 0 0 0 0 0 0 0 0 0 0 0 0 0 0 0 0 0 0 0 0 0 0 0 0 0 0 0 0 0 0 0 0 0 0 0 0 0 0 0 0 0 0 0 0 0 0 0 0 0 0 0 0 0 0 0 0 0 0 0 0 0 0 0 0 0 0 0 0 0 0 0 0 0 0 0 0 0 0 0 0 0 0 0 0 0 0 0 0 0 0 0 0 0 0 0 0 0 0 0 0 0 0 0 0 0 0 0 0 0 0 0 0 0 0 0 0 0 0 0 0 0 0 0 0 0 0 0 0 0 0 0 0 0 0 0 0 0 0 0 0 0 0 0 0 0 0 0 0 0 0 0 0 0 0 0 0 0 0 0 0 0 0 0 0 0 0 0 0 0 0 0 0 0 0 0 0 0 0 0 0 0 0 0 0 0 0 0 0 0 0 0 0 0 0 0 0 0 0 0 0 0 0 0 0 0 0 0 0 0 0 0 0 0 0 0 0 0 0 0 0 0 0 0 0 0 0 0 0 0 0 0 0 0 0 0 0 0 0 0 0 0 0 0 0 0 0 0 0 0 0 0 0 0 0 0 0 0 0 0 0 0 0 0 0 0 0 0 0 0 0 0 0 0 0 0 0 0 0 0 0 0 0 0 0 0 0 0 0 0 0 0 0 0 0 0 0 0 0 0 0 0 0 0 0 0 0 0 0 0 0 0 0 0 0 0 0 0 0 0 0 0 0 0 0 0 0 0 0 0 0 0 0 0 0 0 0 0 0 0 0 0 0 0 0 0 0 0 0 0 0 0 0 0 0 0 0 0 0 0 0 0 0 0 0 0 0 0 0 0 0 0 0 0 0 0 0 0 0 0 0 0 0 0 0 0 0 0 0 0 0 0 0 0 0 0 0 0 0 0 0 0 0 0 0 0 0 0 0 0 0 0 0 0 0 0 0 0 0 0 0 0 0 0 0 0 0 0 0 0 0 0 0 0 0 0 0 0 0 0 0 0 0 0 0 0 0 0 0 0 0 0 0 0 0 0 0 0 0 0 0 0 0 0 0 0 0 0 0 0 0 0 0 0 0 0 0 0 0 0 0 0 0 0 0 0 0 0 0 0 0 0 0 0 0 0 0 0 0 0 0 0 0 0 0 0 0 0 0 0 0 0 0 0 0 0 0 0 0 0 0 0 0 0 0 0 0 0 0 0 0 0 0 0 0 0 0 0 0 0 0 0 0 0 0 0 0 0 0 0 0 0 0 0 0 0 0 0 0 0 0 0 0 0 0 0 0 0 0 0 0 0 0 0 0 0 0 0 0 0 0 0 0 0 0 0 0 0 0 0 0 0 0 0 0 0 0 0 0 0 0 0 0 0 0 0 0 0 0 0 0 0 0 0 0 0 0 0 0 0 0 0 0 0 0 0 0 0 0 0 0 0 0 0 0 0 0 0 0 0 0 0 0 0 0 0 0 0 0 0 0 0 0 0 0 0 0 0 0 0 0 0 0 0 0 0 0 0 0 0 0 0 0 0 0 0 0 0 0 0 0 0 0 0 0 0 0 0 0 0 0 0 0 0 0 0 0 0 0 0 0 0 0 0 0 0 0 0 0 0 0 0 0 0 0 0 0 0 0 0 0 0 0 0 0 0 0 0 0 0 0 0 0 0 0 0 0 0 0 0 0 0 0 0 0 0 0 0 0 0 0 0 0 0 0 0 0 0 0 0 0 0 0 0 0 0 0 0 0 0 0 0 0 0 0 0 0 0 0 0 0 0 0 0 0 0 0 0 0 0 0 0 0 0 0 0 0 0 0 0 0 0 0 0 0 0 0 0 0 0 0 0 0 0 0 0 0 0 0 0 0 0 0 0 0 0 0 0 0 0 0 0 0 0 0 0 0 0 0 0 0 0 0 0 0 0 0 0 0 0 0 0 0 0 0 0 0 0 0 0 0 0 0 0 0 0 0 0 0 0 0 0 0 0 0 0 0 0 0 0 0 0 0 0 0 0 0 0 0 0 0 0 0 0 0 0 0 0 0 0 0 0 0 0 0 0 0 0 0 0 0 0 0 0 0 0 0 0 0 0 0 0 0 0 0 0 0 0 0 0 0 0 0 0 0 0 0 0 0 0 0 0 0 0 0 0 0 0 0 0 0 0 0 0 0 0 0 0 0 0 0 0 0 0 0 0 0 0 0 0 0 0 0 0 0 0 0 0 0 0 0 0 0 0 0 0 0 0 0 0 0 0 0 0 0 0 0 0 0 0 0 0 0 0 0 0 0 0 0 0 0 0 0 0 0 0 0 0 0 0 0 0 0 0 0 0 0 0 0 0 0 0 0 0 0 0 0 0 0 0 0 0 0 0 0 0 0 0 0 0 0 0 0 0 0 0 0 0 0 0 0 0 0 0 0 0 0 0 0 0 0 0 0 0 0 0 0 0 0 0 0 0 0 0 0 0 0 0 0 0 0 0 0 0 0 0 0 0 0 0 0 0 0 0 0 0 0 0 0 0 0 0 0 0 0 0 0 0 0 0 0 0 0 0 0 0 0 0 0 0 0 0 0 0 0 0 0 0 0 0 0 0 0 0 0 0 0 0 0 0 0 0 0 0 0 0 0 0 0 0 0 0 0 0 0 0 0 0 0 0 0 0 0 0 0 0 0 0 0 0 0 0 0 0 0 0 0 0 0 0 0 0 0 0 0 0 0 0 0 0 0 0 0 0 0 0 0 0 0 0 0 0 0 0 0 0 0 0 0 0 0 0 0 0 0 0 0 0 0 0 0 0 0 0 0 0 0 0 0 0 0 0 0 0 0 0 0 0 0 0 0 0 0 0 0 0 0 0 0 0 0 0 0 0 0 0 0 0 0 0 0 0 0 0 0 0 0 0 0 0 0 0 0 0 0 0 0 0 0 0 0 0 0 0 0 0 0 0 0 0 0 0 0 0 0 0 0 0 0 0 0 0 0 0 0 0 0 0 0 0 0 0 0 0 0 0 0 0 0 0 0 0 0 0 0 0 0 0 0 0 0 0 0 0 0 0 0 0 0 0 0 0 0 0 0 0 0 0 0 0 0 0 0 0 0 0 0 0 0 0 0 0 0 0 0 0 0 0 0 0 0 0 0 0 0 0 0 0 0 0 0 0 0 0 0 0 0 0 0 0 0 0 0 0 0 ", 4096) = 4096
360558 <... nanosleep resumed>NULL)     = 0
360557 read(3,  <unfinished ...>
360558 nanosleep({tv_sec=0, tv_nsec=20000},  <unfinished ...>
360557 <... read resumed>"0 0 0 0 0 0 0 0 0 0 0 0 0 0 0 0 0 0 0 0 0 0 0 0 0 0 0 0 0 0 0 0 0 0 0 0 0 0 0 0 0 0 0 0 0 0 0 0 0 0 0 0 0 0 0 0 0 0 0 0 0 0 0 0 0 0 0 0 0 0 0 0 0 0 0 0 0 0 0 0 0 0 0 0 0 0 0 0 0 0 0 0 0 0 0 0 0 0 0 0 0 0 0 0 0 0 0 0 0 0 0 0 0 0 0 0 0 0 0 0 0 0 0 0 0 0 0 0 0 0 0 0 0 0 0 0 0 0 0 0 0 0 0 0 0 0 0 0 0 0 0 0 0 0 0 0 0 0 0 0 0 0 0 0 0 0 0 0 0 0 0 0 0 0 0 0 0 0 0 0 0 0 0 0 0 0 0 0 0 0 0 0 0 0 0 0 0 0 0 0 0 0 0 0 0 0 0 0 0 0 0 0 0 0 0 0 0 0 0 0 0 0 0 0 0", 449) = 449
360557 read(3, " 0 0 0 0 0 0 0 0 0 0 0 0 0 0 0 0 0 0 0 0 0 0 0 0 0 0 0 0 0 0 0 0 0 0 0 0 0 0 0 0 0 0 0 0 0 0 0 0 0 0 0 0\nctxt 212507010\nbtime 1779535744\nprocesses 360568\nprocs_running 5\nprocs_blocked 0\nsoftirq 69832038 10473668 6476265 21626 3997487 113359 0 87157 31932802 1096 16728578\n", 4096) = 272
360557 read(3,  <unfinished ...>
360558 <... nanosleep resumed>NULL)     = 0
360557 <... read resumed>"", 4096)      = 0
360558 nanosleep({tv_sec=0, tv_nsec=20000},  <unfinished ...>
360557 epoll_ctl(4, EPOLL_CTL_DEL, 3, 0xf241b1c79bc) = 0
360557 close(3)                         = 0
360558 <... nanosleep resumed>NULL)     = 0
360558 nanosleep({tv_sec=0, tv_nsec=20000}, NULL) = 0
360558 nanosleep({tv_sec=0, tv_nsec=20000}, NULL) = 0
360558 nanosleep({tv_sec=0, tv_nsec=20000}, NULL) = 0
360558 nanosleep({tv_sec=0, tv_nsec=20000},  <unfinished ...>
360557 futex(0xf241b0d4960, FUTEX_WAKE_PRIVATE, 1 <unfinished ...>
360559 <... futex resumed>)             = 0
360557 <... futex resumed>)             = 1
360559 nanosleep({tv_sec=0, tv_nsec=3000},  <unfinished ...>
360558 <... nanosleep resumed>NULL)     = 0
360557 openat(AT_FDCWD, "/etc/datadog-agent/inject/host_config.yaml", O_RDONLY|O_CLOEXEC <unfinished ...>
360558 nanosleep({tv_sec=0, tv_nsec=20000},  <unfinished ...>
360557 <... openat resumed>)            = -1 ENOENT (No such file or directory)
360559 <... nanosleep resumed>NULL)     = 0
360557 getppid( <unfinished ...>
360559 futex(0xf241b100160, FUTEX_WAKE_PRIVATE, 1 <unfinished ...>
360557 <... getppid resumed>)           = 360556
360561 <... futex resumed>)             = 0
360559 <... futex resumed>)             = 1
360561 futex(0xf241b100160, FUTEX_WAIT_PRIVATE, 0, NULL <unfinished ...>
360557 readlinkat(AT_FDCWD, "/proc/360556/exe",  <unfinished ...>
360558 <... nanosleep resumed>NULL)     = 0
360559 futex(0xf241b100160, FUTEX_WAKE_PRIVATE, 1 <unfinished ...>
360558 nanosleep({tv_sec=0, tv_nsec=20000},  <unfinished ...>
360557 <... readlinkat resumed>"/home/lvx/LVX/lumvorax2/src/advanced_calculations/bitcoin_quantum_mining/level_zero_native/tests/test_c452_opencl_trace", 128) = 119
360561 <... futex resumed>)             = 0
360559 <... futex resumed>)             = 1
360561 epoll_pwait(4,  <unfinished ...>
360557 getppid( <unfinished ...>
360559 futex(0xf241b0d4960, FUTEX_WAIT_PRIVATE, 0, NULL <unfinished ...>
360557 <... getppid resumed>)           = 360556
360557 openat(AT_FDCWD, "/proc/360556/cmdline", O_RDONLY|O_CLOEXEC <unfinished ...>
360558 <... nanosleep resumed>NULL)     = 0
360558 nanosleep({tv_sec=0, tv_nsec=20000},  <unfinished ...>
360557 <... openat resumed>)            = 3
360557 fcntl(3, F_GETFL)                = 0x8000 (flags O_RDONLY|O_LARGEFILE)
360557 fcntl(3, F_SETFL, O_RDONLY|O_NONBLOCK|O_LARGEFILE) = 0
360557 epoll_ctl(4, EPOLL_CTL_ADD, 3, {events=EPOLLIN|EPOLLOUT|EPOLLRDHUP|EPOLLET, data={u32=1157627909, u64=4535452484679761925}} <unfinished ...>
360558 <... nanosleep resumed>NULL)     = 0
360557 <... epoll_ctl resumed>)         = -1 EPERM (Operation not permitted)
360558 nanosleep({tv_sec=0, tv_nsec=20000},  <unfinished ...>
360557 fcntl(3, F_GETFL)                = 0x8800 (flags O_RDONLY|O_NONBLOCK|O_LARGEFILE)
360557 fcntl(3, F_SETFL, O_RDONLY|O_LARGEFILE) = 0
360557 read(3,  <unfinished ...>
360558 <... nanosleep resumed>NULL)     = 0
360557 <... read resumed>"./test_c452_opencl_trace\0", 512) = 25
360558 nanosleep({tv_sec=0, tv_nsec=20000},  <unfinished ...>
360557 read(3, "", 487)                 = 0
360557 close(3)                         = 0
360557 openat(AT_FDCWD, "/proc/360556/environ", O_RDONLY|O_CLOEXEC <unfinished ...>
360558 <... nanosleep resumed>NULL)     = 0
360558 nanosleep({tv_sec=0, tv_nsec=20000},  <unfinished ...>
360557 <... openat resumed>)            = 3
360557 fcntl(3, F_GETFL)                = 0x8000 (flags O_RDONLY|O_LARGEFILE)
360557 fcntl(3, F_SETFL, O_RDONLY|O_NONBLOCK|O_LARGEFILE) = 0
360557 epoll_ctl(4, EPOLL_CTL_ADD, 3, {events=EPOLLIN|EPOLLOUT|EPOLLRDHUP|EPOLLET, data={u32=1157627910, u64=4535452484679761926}} <unfinished ...>
360558 <... nanosleep resumed>NULL)     = 0
360557 <... epoll_ctl resumed>)         = -1 EPERM (Operation not permitted)
360558 nanosleep({tv_sec=0, tv_nsec=20000},  <unfinished ...>
360557 fcntl(3, F_GETFL)                = 0x8800 (flags O_RDONLY|O_NONBLOCK|O_LARGEFILE)
360557 fcntl(3, F_SETFL, O_RDONLY|O_LARGEFILE) = 0
360557 read(3, "PATH=/usr/local/sbin:/usr/local/bin:/usr/sbin:/usr/bin:/sbin:/bin:/snap/bin\0DISPLAY=:0\0LANG=en_US.UTF-8\0XDG_CURRENT_DESKTOP=ubuntu:GNOME\0XAUTHORITY=/run/user/1000/.mutter-Xwaylandauth.5RT8P3\0LC_ALL=en_US.UTF-8\0MAIL=/var/mail/root\0LOGNAME=root\0USER=root\0HOME=/root\0SHELL=/bin/bash\0TERM=unknown\0SUDO_COMMAND=/usr/bin/strace -f -v -s 4096 -o ../logs/c454_full_opencl_trace.log ./test_c452_opencl_trace\0SUDO_USER=lvx\0SUDO_UID=1000\0SUDO_GID=1000\0", 512) = 441
360558 <... nanosleep resumed>NULL)     = 0
360557 read(3,  <unfinished ...>
360558 nanosleep({tv_sec=0, tv_nsec=20000},  <unfinished ...>
360557 <... read resumed>"", 71)        = 0
360557 close(3)                         = 0
360557 openat(AT_FDCWD, "/etc/datadog-agent/inject/policies.binpb", O_RDONLY|O_CLOEXEC <unfinished ...>
360558 <... nanosleep resumed>NULL)     = 0
360558 nanosleep({tv_sec=0, tv_nsec=20000},  <unfinished ...>
360557 <... openat resumed>)            = -1 ENOENT (No such file or directory)
360557 getppid()                        = 360556
360557 openat(AT_FDCWD, "/proc/360556/fd", O_RDONLY|O_CLOEXEC|O_DIRECTORY <unfinished ...>
360558 <... nanosleep resumed>NULL)     = 0
360557 <... openat resumed>)            = 3
360558 nanosleep({tv_sec=0, tv_nsec=20000},  <unfinished ...>
360557 getdents64(3, [{d_ino=1774945, d_off=1, d_reclen=24, d_type=DT_DIR, d_name="."}, {d_ino=1774944, d_off=2, d_reclen=24, d_type=DT_DIR, d_name=".."}, {d_ino=1774946, d_off=3, d_reclen=24, d_type=DT_LNK, d_name="0"}, {d_ino=1770264, d_off=4, d_reclen=24, d_type=DT_LNK, d_name="1"}, {d_ino=1770265, d_off=5, d_reclen=24, d_type=DT_LNK, d_name="2"}, {d_ino=1770266, d_off=6, d_reclen=24, d_type=DT_LNK, d_name="3"}, {d_ino=1770267, d_off=7, d_reclen=24, d_type=DT_LNK, d_name="4"}, {d_ino=1770268, d_off=66, d_reclen=24, d_type=DT_LNK, d_name="5"}], 8192) = 192
360557 getdents64(3,  <unfinished ...>
360558 <... nanosleep resumed>NULL)     = 0
360557 <... getdents64 resumed>[], 8192) = 0
360558 nanosleep({tv_sec=0, tv_nsec=20000},  <unfinished ...>
360557 close(3)                         = 0
360557 readlinkat(AT_FDCWD, "/proc/360556/fd/0", "pipe:[1774246]", 128) = 14
360557 readlinkat(AT_FDCWD, "/proc/360556/fd/1",  <unfinished ...>
360558 <... nanosleep resumed>NULL)     = 0
360558 nanosleep({tv_sec=0, tv_nsec=20000},  <unfinished ...>
360557 <... readlinkat resumed>"socket:[1777829]", 128) = 16
360557 readlinkat(AT_FDCWD, "/proc/360556/fd/2", "socket:[1777829]", 128) = 16
360557 readlinkat(AT_FDCWD, "/proc/360556/fd/3", "/memfd:dd_language_detected (deleted)", 128) = 37
360558 <... nanosleep resumed>NULL)     = 0
360557 readlinkat(AT_FDCWD, "/proc/360556/fd/4",  <unfinished ...>
360558 nanosleep({tv_sec=0, tv_nsec=20000},  <unfinished ...>
360557 <... readlinkat resumed>"/memfd:dd_inject_info (deleted)", 128) = 31
360557 openat(AT_FDCWD, "/proc/360556/fd/4", O_RDONLY|O_CLOEXEC) = 3
360557 fcntl(3, F_GETFL)                = 0x8000 (flags O_RDONLY|O_LARGEFILE)
360558 <... nanosleep resumed>NULL)     = 0
360557 fcntl(3, F_SETFL, O_RDONLY|O_NONBLOCK|O_LARGEFILE <unfinished ...>
360558 nanosleep({tv_sec=0, tv_nsec=20000},  <unfinished ...>
360557 <... fcntl resumed>)             = 0
360557 epoll_ctl(4, EPOLL_CTL_ADD, 3, {events=EPOLLIN|EPOLLOUT|EPOLLRDHUP|EPOLLET, data={u32=1157627911, u64=4535452484679761927}}) = -1 EPERM (Operation not permitted)
360557 fcntl(3, F_GETFL)                = 0x8800 (flags O_RDONLY|O_NONBLOCK|O_LARGEFILE)
360557 fcntl(3, F_SETFL, O_RDONLY|O_LARGEFILE <unfinished ...>
360558 <... nanosleep resumed>NULL)     = 0
360557 <... fcntl resumed>)             = 0
360558 nanosleep({tv_sec=0, tv_nsec=20000},  <unfinished ...>
360557 fstat(3, {st_dev=makedev(0, 0x1), st_ino=104251, st_mode=S_IFREG|0777, st_nlink=0, st_uid=0, st_gid=0, st_blksize=4096, st_blocks=8, st_size=114, st_atime=1779553365 /* 2026-05-23T18:22:45.454480123+0200 */, st_atime_nsec=454480123, st_mtime=1779553365 /* 2026-05-23T18:22:45.454480123+0200 */, st_mtime_nsec=454480123, st_ctime=1779553365 /* 2026-05-23T18:22:45.454480123+0200 */, st_ctime_nsec=454480123}) = 0
360557 read(3, "{\n    \"runtime_id\": \"ef9b81a5-3f96-4322-97ef-14af9632f6f4\",\n    \"language_name\": \"\",\n    \"language_version\": \"\"\n}\n", 512) = 114
360558 <... nanosleep resumed>NULL)     = 0
360557 read(3,  <unfinished ...>
360558 nanosleep({tv_sec=0, tv_nsec=20000},  <unfinished ...>
360557 <... read resumed>"", 398)       = 0
360557 close(3)                         = 0
360557 getpid()                         = 360557
360557 pidfd_open(360557, 0 <unfinished ...>
360558 <... nanosleep resumed>NULL)     = 0
360558 nanosleep({tv_sec=0, tv_nsec=20000},  <unfinished ...>
360557 <... pidfd_open resumed>)        = 3
360557 waitid(P_PIDFD, 3, 0xf241b112df0, WEXITED, NULL) = -1 ECHILD (No child processes)
360557 pidfd_send_signal(3, 0, NULL, 0) = 0
360558 <... nanosleep resumed>NULL)     = 0
360557 clone(child_stack=NULL, flags=CLONE_VM|CLONE_PIDFD|CLONE_VFORK <unfinished ...>
360558 nanosleep({tv_sec=0, tv_nsec=40000},  <unfinished ...>
360562 exit_group(0 <unfinished ...>
360558 <... nanosleep resumed>NULL)     = 0
360562 <... exit_group resumed>)        = ?
360558 nanosleep({tv_sec=0, tv_nsec=80000},  <unfinished ...>
360557 <... clone resumed>, parent_tid=[7]) = 360562
360562 +++ exited with 0 +++
360557 waitid(P_PIDFD, 7, {si_signo=SIGCHLD, si_code=CLD_EXITED, si_pid=360562, si_uid=0, si_status=0, si_utime=0, si_stime=0}, WEXITED|__WCLONE, NULL) = 0
360557 close(7)                         = 0
360557 close(3)                         = 0
360557 pidfd_open(360556, 0)            = 3
360558 <... nanosleep resumed>NULL)     = 0
360557 newfstatat(AT_FDCWD, "/proc",  <unfinished ...>
360558 nanosleep({tv_sec=0, tv_nsec=160000},  <unfinished ...>
360557 <... newfstatat resumed>{st_dev=makedev(0, 0x19), st_ino=1, st_mode=S_IFDIR|0555, st_nlink=405, st_uid=0, st_gid=0, st_blksize=1024, st_blocks=0, st_size=0, st_atime=1779535744 /* 2026-05-23T13:29:04.592000004+0200 */, st_atime_nsec=592000004, st_mtime=1779535744 /* 2026-05-23T13:29:04.592000004+0200 */, st_mtime_nsec=592000004, st_ctime=1779535744 /* 2026-05-23T13:29:04.592000004+0200 */, st_ctime_nsec=592000004}, AT_SYMLINK_NOFOLLOW) = 0
360557 newfstatat(AT_FDCWD, "/proc", {st_dev=makedev(0, 0x19), st_ino=1, st_mode=S_IFDIR|0555, st_nlink=405, st_uid=0, st_gid=0, st_blksize=1024, st_blocks=0, st_size=0, st_atime=1779535744 /* 2026-05-23T13:29:04.592000004+0200 */, st_atime_nsec=592000004, st_mtime=1779535744 /* 2026-05-23T13:29:04.592000004+0200 */, st_mtime_nsec=592000004, st_ctime=1779535744 /* 2026-05-23T13:29:04.592000004+0200 */, st_ctime_nsec=592000004}, AT_SYMLINK_NOFOLLOW) = 0
360557 newfstatat(AT_FDCWD, "/", {st_dev=makedev(0x103, 0x2), st_ino=2, st_mode=S_IFDIR|0755, st_nlink=24, st_uid=0, st_gid=0, st_blksize=4096, st_blocks=8, st_size=4096, st_atime=1779484112 /* 2026-05-22T23:08:32.104064283+0200 */, st_atime_nsec=104064283, st_mtime=1778088651 /* 2026-05-06T19:30:51.021767856+0200 */, st_mtime_nsec=21767856, st_ctime=1778088651 /* 2026-05-06T19:30:51.021767856+0200 */, st_ctime_nsec=21767856}, AT_SYMLINK_NOFOLLOW) = 0
360557 newfstatat(AT_FDCWD, "/proc/360556", {st_dev=makedev(0, 0x19), st_ino=1774944, st_mode=S_IFDIR|0555, st_nlink=9, st_uid=0, st_gid=0, st_blksize=1024, st_blocks=0, st_size=0, st_atime=1779553365 /* 2026-05-23T18:22:45.450739040+0200 */, st_atime_nsec=450739040, st_mtime=1779553365 /* 2026-05-23T18:22:45.450739040+0200 */, st_mtime_nsec=450739040, st_ctime=1779553365 /* 2026-05-23T18:22:45.450739040+0200 */, st_ctime_nsec=450739040}, 0) = 0
360557 close(3 <unfinished ...>
360558 <... nanosleep resumed>NULL)     = 0
360557 <... close resumed>)             = 0
360558 nanosleep({tv_sec=0, tv_nsec=320000},  <unfinished ...>
360557 openat(AT_FDCWD, "/proc/360556/stat", O_RDONLY|O_CLOEXEC) = 3
360557 fcntl(3, F_GETFL)                = 0x8000 (flags O_RDONLY|O_LARGEFILE)
360557 fcntl(3, F_SETFL, O_RDONLY|O_NONBLOCK|O_LARGEFILE) = 0
360557 epoll_ctl(4, EPOLL_CTL_ADD, 3, {events=EPOLLIN|EPOLLOUT|EPOLLRDHUP|EPOLLET, data={u32=1157627912, u64=4535452484679761928}}) = -1 EPERM (Operation not permitted)
360557 fcntl(3, F_GETFL)                = 0x8800 (flags O_RDONLY|O_NONBLOCK|O_LARGEFILE)
360557 fcntl(3, F_SETFL, O_RDONLY|O_LARGEFILE) = 0
360557 fstat(3, {st_dev=makedev(0, 0x19), st_ino=1776841, st_mode=S_IFREG|0444, st_nlink=1, st_uid=0, st_gid=0, st_blksize=1024, st_blocks=0, st_size=0, st_atime=1779553365 /* 2026-05-23T18:22:45.469102311+0200 */, st_atime_nsec=469102311, st_mtime=1779553365 /* 2026-05-23T18:22:45.469102311+0200 */, st_mtime_nsec=469102311, st_ctime=1779553365 /* 2026-05-23T18:22:45.469102311+0200 */, st_ctime_nsec=469102311}) = 0
360557 read(3, "360556 (test_c452_openc) S 360547 14986 14986 0 -1 4194304 126 0 0 0 0 0 0 0 20 0 1 0 1762144 3461120 461 18446744073709551615 95186342391808 95186342393497 140736050675616 0 0 0 0 0 1120 1 0 0 17 0 0 0 0 0 0 95186342403344 95186342404112 95186557489152 140736050683405 140736050683430 140736050683430 140736050683871 0\n", 512) = 320
360557 read(3, "", 576)                 = 0
360557 close(3)                         = 0
360557 newfstatat(AT_FDCWD, "/proc/xen",  <unfinished ...>
360558 <... nanosleep resumed>NULL)     = 0
360558 nanosleep({tv_sec=0, tv_nsec=640000},  <unfinished ...>
360557 <... newfstatat resumed>0xf241b234378, 0) = -1 ENOENT (No such file or directory)
360557 newfstatat(AT_FDCWD, "/proc/modules", {st_dev=makedev(0, 0x19), st_ino=4026532092, st_mode=S_IFREG|0444, st_nlink=1, st_uid=0, st_gid=0, st_blksize=1024, st_blocks=0, st_size=0, st_atime=1779542399 /* 2026-05-23T15:19:59.524010446+0200 */, st_atime_nsec=524010446, st_mtime=1779542399 /* 2026-05-23T15:19:59.524010446+0200 */, st_mtime_nsec=524010446, st_ctime=1779542399 /* 2026-05-23T15:19:59.524010446+0200 */, st_ctime_nsec=524010446}, 0) = 0
360557 openat(AT_FDCWD, "/proc/modules", O_RDONLY|O_CLOEXEC) = 3
360557 fcntl(3, F_GETFL)                = 0x8000 (flags O_RDONLY|O_LARGEFILE)
360557 fcntl(3, F_SETFL, O_RDONLY|O_NONBLOCK|O_LARGEFILE) = 0
360557 epoll_ctl(4, EPOLL_CTL_ADD, 3, {events=EPOLLIN|EPOLLOUT|EPOLLRDHUP|EPOLLET, data={u32=1157627913, u64=4535452484679761929}}) = 0
360561 <... epoll_pwait resumed>[{events=EPOLLIN|EPOLLOUT, data={u32=1157627913, u64=4535452484679761929}}], 128, 999, NULL, 0) = 1
360557 read(3,  <unfinished ...>
360561 epoll_pwait(4,  <unfinished ...>
360557 <... read resumed>"cdc_ncm 49152 0 - Live 0xffffffffc2094000\ncdc_ether 24576 1 cdc_ncm, Live 0xffffffffc2092000\nusbnet 61440 2 cdc_ncm,cdc_ether, Live 0xffffffffc208c000\nmii 20480 1 usbnet, Live 0xffffffffc2089000\nipheth 16384 0 - Live 0xffffffffc2087000\napple_mfi_fastcharge 16384 0 - Live 0xffffffffc2085000\ncls_bpf 24576 8 - Live 0xffffffffc2083000\nsch_ingress 20480 6 - Live 0xffffffffc2081000\nrfcomm 98304 4 - Live 0xffffffffc2076000\nsnd_seq_dummy 12288 0 - Live 0xffffffffc2074000\nsnd_hrtimer 12288 1 - Live 0xffffffffc2073000\ncmac 12288 3 - Live 0xffffffffc2072000\nalgif_hash 16384 1 - Live 0xffffffffc2071000\nalgif_skcipher 12288 1 - Live 0xffffffffc2066000\naf_alg 32768 6 algif_hash,algif_skcipher, Live 0xffffffffc206e000\nsnd_hda_codec_intelhdmi 24576 1 - Live 0xffffffffc206c000\nsnd_ctl_led 24576 0 - Live 0xffffffffc2068000\nsnd_hda_codec_alc269 139264 1 - Live 0xffffffffc205d000\nsnd_hda_scodec_component 20480 1 snd_hda_codec_alc269, Live 0xffffffffc203d000\nsnd_hda_codec_realtek_lib 65536 1 snd_hda_codec_alc269, Live 0xffffffffc2056000\nsnd_hda_codec_generic 122880 2 snd_hda_codec_alc269,snd_hda_codec_realtek_lib, Live 0xffffffffc2046000\nsnd_hda_intel 61440 1 - Live 0xffffffffc203f000\nsnd_sof_pci_intel_cnl 20480 0 - Live 0xffffffffc1bfd000\nsnd_sof_intel_hda_generic 36864 1 snd_sof_pci_intel_cnl, Live 0xffffffffc203a000\nsoundwire_intel 81920 1 snd_sof_intel_hda_generic, Live 0xffffffffc1bf5000\nsnd_sof_intel_hda_sdw_bpt 20480 1 soundwire_intel, Live 0xffffffffc1bf4000\nsnd_sof_intel_hda_common 188416 3 snd_sof_pci_intel_cnl,snd_sof_intel_hda_generic,snd_sof_intel_hda_sdw_bpt, Live 0xffffffffc202a000\nsnd_soc_hdac_hda 20480 1 snd_sof_intel_hda_common, Live 0xffffffffc1bf1000\nsnd_sof_intel_hda_mlink 45056 4 snd_sof_intel_hda_generic,soundwire_intel,snd_sof_intel_hda_sdw_bpt,snd_sof_intel_hda_common, Live 0xffffffffc1bee000\nsnd_sof_intel_hda 24576 2 snd_sof_intel_hda_generic,snd_sof_intel_hda_common, Live 0xffffffffc1bdf000\nsnd_hda_codec_hdmi 65536 1 snd_hda_codec_intelhdmi, Live 0xffffffffc1be7000\nsoundwire_cadence 49152 1 soundwire_intel, Live 0xffffffffc1be3000\nsnd_sof_pci 24576 2 snd_sof_pci_intel_cnl,snd_sof_intel_hda_generic, Live 0xffffffffc1be2000\nsnd_sof_xtensa_dsp 12288 1 snd_sof_intel_hda_generic, Live 0xffffffffc1be1000\nqrtr 53248 2 - Live 0xffffffffc1bda000\nsnd_sof 401408 6 snd_sof_pci_intel_cnl,snd_sof_intel_hda_generic,snd_sof_intel_hda_sdw_bpt,snd_sof_intel_hda_common,snd_sof_intel_hda,snd_sof_pci, Live 0xffffffffc2000000\nsnd_sof_utils 16384 1 snd_sof, Live 0xffffffffc1bd8000\nsnd_soc_acpi_intel_match 139264 2 snd_sof_pci_intel_cnl,snd_sof_intel_hda_generic, Live 0xffffffffc1bd7000\nsnd_soc_acpi_intel_sdca_quirks 12288 1 snd_soc_acpi_intel_match, Live 0xffffffffc1bd6000\nsoundwire_generic_allocation 24576 1 soundwire_intel, Live 0xffffffffc1bd4000\nsnd_soc_acpi 16384 2 snd_sof_intel_hda_generic,snd_soc_acpi_intel_match, Live 0xffffffffc1bd2000\nsoundwire_bus 1175552 3 soundwire_intel,soundwire_cadence,soundwire_generic_allocation, Live 0xffffffffc1bc5000\nsnd_soc_sdca 90112 2 snd_soc_acpi_intel_sdca_quirks,soundwire_bus, Live 0xffffffffc1bbb000\nbnep 32768 2 - Live 0xffffffffc1bb6000\ncrc8 12288 1 soundwire_cadence, Live 0xffffffffc1bb4000\nsnd_soc_avs 217088 0 - Live 0xffffffffc1b9b000\nsnd_soc_hda_codec 24576 1 snd_soc_avs, Live 0xffffffffc1b99000\nsnd_hda_ext_core 32768 7 snd_sof_intel_hda_sdw_bpt,snd_sof_intel_hda_common,snd_soc_hdac_hda,snd_sof_intel_hda_mlink,snd_sof_intel_hda,snd_soc_avs,snd_soc_hda_codec, Live 0xffffffffc1b96000\nsnd_hda_codec 204800 10 snd_hda_codec_intelhdmi,snd_hda_codec_alc269,snd_hda_codec_realtek_lib,snd_hda_codec_generic,snd_hda_intel,snd_soc_hdac_hda,snd_sof_intel_hda,snd_hda_codec_hdmi,snd_soc_avs,snd_soc_hda_codec, Live 0xffffffffc1b81000\nsnd_hda_core 143360 13 snd_hda_codec_intelhdmi,snd_hda_codec_alc269,snd_hda_codec_realtek_lib,snd_hda_codec_generic,snd_hda_intel,snd_sof_intel_hda_common,snd_soc_hdac_hda,snd_sof_intel_hda,snd_hda_codec_hdmi,snd_soc_avs,snd_soc_hda_codec,snd_hda_ext_core,snd_hda_codec, Live 0xffffffffc1b74000\n", 4096) = 4013
360557 read(3, "snd_intel_dspcfg 45056 5 snd_hda_intel,snd_sof_intel_hda_generic,snd_sof_intel_hda_common,snd_sof,snd_soc_avs, Live 0xffffffffc1b72000\nsnd_intel_sdw_acpi 16384 2 snd_sof_intel_hda_generic,snd_intel_dspcfg, Live 0xffffffffc1b70000\nsnd_hwdep 24576 1 snd_hda_codec, Live 0xffffffffc1b6e000\nuvcvideo 143360 0 - Live 0xffffffffc1b5a000\nvideobuf2_vmalloc 20480 1 uvcvideo, Live 0xffffffffc1b59000\nsnd_soc_core 417792 7 soundwire_intel,snd_sof_intel_hda_common,snd_soc_hdac_hda,snd_sof,snd_soc_sdca,snd_soc_avs,snd_soc_hda_codec, Live 0xffffffffc1b2e000\nuvc 12288 1 uvcvideo, Live 0xffffffffc1b2d000\nvideobuf2_memops 16384 1 videobuf2_vmalloc, Live 0xffffffffc1b2a000\nbtusb 77824 0 - Live 0xffffffffc1b20000\nvideobuf2_v4l2 36864 1 uvcvideo, Live 0xffffffffc1b1d000\nsnd_compress 36864 2 snd_soc_avs,snd_soc_core, Live 0xffffffffc1b1a000\nbtrtl 32768 1 btusb, Live 0xffffffffc15fb000\nbtintel 69632 1 btusb, Live 0xffffffffc1b13000\nvideobuf2_common 86016 4 uvcvideo,videobuf2_vmalloc,videobuf2_memops,videobuf2_v4l2, Live 0xffffffffc1b0b000\nac97_bus 12288 1 snd_soc_core, Live 0xffffffffc0d43000\nbtbcm 24576 1 btusb, Live 0xffffffffc15f9000\nbtmtk 36864 1 btusb, Live 0xffffffffc15f6000\nsnd_pcm_dmaengine 20480 1 snd_soc_core, Live 0xffffffffc0d45000\nvideodev 364544 2 uvcvideo,videobuf2_v4l2, Live 0xffffffffc1ae5000\nbluetooth 1032192 34 rfcomm,bnep,btusb,btrtl,btintel,btbcm,btmtk, Live 0xffffffffc1a67000\nintel_uncore_frequency 12288 0 - Live 0xffffffffc0dfa000\nintel_uncore_frequency_common 20480 1 intel_uncore_frequency, Live 0xffffffffc0df6000\nmc 81920 4 uvcvideo,videobuf2_v4l2,videobuf2_common,videodev, Live 0xffffffffc0def000\nsnd_pcm 200704 14 snd_hda_intel,snd_sof_intel_hda_generic,soundwire_intel,snd_sof_intel_hda_common,snd_hda_codec_hdmi,snd_sof,snd_sof_utils,snd_soc_sdca,snd_soc_avs,snd_hda_codec,snd_hda_core,snd_soc_core,snd_compress,snd_pcm_dmaengine, Live 0xffffffffc1a50000\nintel_tcc_cooling 12288 0 - Live 0xffffffffc0d54000\nx86_pkg_temp_thermal 20480 0 - Live 0xffffffffc0d04000\nintel_powerclamp 24576 0 - Live 0xffffffffc0deb000\ncoretemp 24576 0 - Live 0xffffffffc0de9000\nsnd_seq_midi 24576 0 - Live 0xffffffffc0ded000\nkvm_intel 569344 0 - Live 0xffffffffc1a00000\nsnd_seq_midi_event 16384 1 snd_seq_midi, Live 0xffffffffc05de000\nsnd_rawmidi 57344 1 snd_seq_midi, Live 0xffffffffc0de2000\nkvm 1445888 1 kvm_intel, Live 0xffffffffc155e000\ncmdlinepart 16384 0 - Live 0xffffffffc05e3000\niwlmvm 897024 0 - Live 0xffffffffc0d6a000\nspi_nor 167936 0 - Live 0xffffffffc0d5b000\ndell_laptop 40960 0 - Live 0xffffffffc0d56000\nee1004 16384 0 - Live 0xffffffffc0d53000\nmtd 98304 3 cmdlinepart,spi_nor, Live 0xffffffffc0d46000\nintel_rapl_msr 20480 0 - Live 0xffffffffc0d44000\nmei_hdcp 28672 0 - Live 0xffffffffc0d41000\nmei_pxp 16384 0 - Live 0xffffffffc0d3f000\nbinfmt_misc 24576 1 - Live 0xffffffffc0d3d000\nirqbypass 16384 1 kvm, Live 0xffffffffc0d3b000\npolyval_clmulni 12288 0 - Live 0xffffffffc0d08000\nmac80211 1851392 1 iwlmvm, Live 0xffffffffc147b000\nsnd_seq 122880 9 snd_seq_dummy,snd_seq_midi,snd_seq_midi_event, Live 0xffffffffc0d2d000\nprocessor_thermal_device_pci_legacy 12288 0 - Live 0xffffffffc0cf6000\ndell_smm_hwmon 36864 0 - Live 0xffffffffc0d2a000\nghash_clmulni_intel 12288 0 - Live 0xffffffffc0596000\naesni_intel 98304 3 - Live 0xffffffffc0d1a000\ni915 4837376 67 - Live 0xffffffffc1200000\nprocessor_thermal_device 24576 1 processor_thermal_device_pci_legacy, Live 0xffffffffc0d17000\nlibarc4 12288 1 mac80211, Live 0xffffffffc0d16000\ndell_wmi 28672 1 dell_laptop, Live 0xffffffffc0d13000\nrapl 20480 0 - Live 0xffffffffc0d10000\nhid_sensor_magn_3d 20480 1 - Live 0xffffffffc0d0e000\nhid_sensor_custom_intel_hinge 12288 0 - Live 0xffffffffc0d0b000\nprocessor_thermal_wt_hint 16384 1 processor_thermal_device, Live 0xffffffffc0d0c000\nhid_sensor_rotation 16384 0 - Live 0xffffffffc0d09000\nsnd_seq_device 16384 3 snd_seq_midi,snd_rawmidi,snd_seq, Live 0xffffffffc0d07000\nhid_sensor_gyro_3d 16384 0 - Live 0xffffffffc0d05000\nhid_sensor_incl_3d 16384 0 - Live 0xffffffffc0d02000\nhid_sensor_accel_3d 16384 1 - Live 0xffffffffc0d01000\n", 4096) = 4036
360557 read(3, "dell_smbios 36864 2 dell_laptop,dell_wmi, Live 0xffffffffc0cfd000\nsnd_timer 53248 3 snd_hrtimer,snd_pcm,snd_seq, Live 0xffffffffc0cf7000\nintel_cstate 20480 0 - Live 0xffffffffc05ff000\nnls_iso8859_1 12288 1 - Live 0xffffffffc05f6000\ndell_wmi_sysman 49152 0 - Live 0xffffffffc0cf2000\ndcdbas 20480 1 dell_smbios, Live 0xffffffffc05a6000\nplatform_temperature_control 20480 1 processor_thermal_device, Live 0xffffffffc05d9000\niwlwifi 647168 1 iwlmvm, Live 0xffffffffc0cae000\nprocessor_thermal_soc_slider 16384 1 processor_thermal_device, Live 0xffffffffc058c000\nprocessor_thermal_rfim 40960 1 processor_thermal_device, Live 0xffffffffc05f9000\nfirmware_attributes_class 12288 1 dell_wmi_sysman, Live 0xffffffffc05b1000\nprocessor_thermal_rapl 16384 1 processor_thermal_device, Live 0xffffffffc05b0000\nhid_sensor_trigger 20480 15 hid_sensor_magn_3d,hid_sensor_custom_intel_hinge,hid_sensor_rotation,hid_sensor_gyro_3d,hid_sensor_incl_3d,hid_sensor_accel_3d, Live 0xffffffffc05af000\ndrm_buddy 28672 1 i915, Live 0xffffffffc05ab000\nindustrialio_triggered_buffer 12288 1 hid_sensor_trigger, Live 0xffffffffc05aa000\ndell_wmi_descriptor 16384 2 dell_wmi,dell_smbios, Live 0xffffffffc05a8000\nsnd 143360 21 snd_ctl_led,snd_hda_codec_alc269,snd_hda_codec_realtek_lib,snd_hda_codec_generic,snd_hda_intel,snd_hda_codec_hdmi,snd_sof,snd_soc_sdca,snd_hda_codec,snd_hwdep,snd_soc_core,snd_compress,snd_pcm,snd_rawmidi,snd_seq,snd_seq_device,snd_timer, Live 0xffffffffc0ca0000\nwmi_bmof 12288 0 - Live 0xffffffffc0558000\nintel_rapl_common 53248 2 intel_rapl_msr,processor_thermal_rapl, Live 0xffffffffc05f2000\nttm 126976 1 i915, Live 0xffffffffc05e5000\ni2c_i801 36864 0 - Live 0xffffffffc05e0000\nkfifo_buf 12288 1 industrialio_triggered_buffer, Live 0xffffffffc05df000\nspi_intel_pci 12288 0 - Live 0xffffffffc0546000\nprocessor_thermal_wt_req 12288 1 processor_thermal_device, Live 0xffffffffc05dd000\nhid_sensor_iio_common 24576 7 hid_sensor_magn_3d,hid_sensor_custom_intel_hinge,hid_sensor_rotation,hid_sensor_gyro_3d,hid_sensor_incl_3d,hid_sensor_accel_3d,hid_sensor_trigger, Live 0xffffffffc05db000\ni2c_smbus 20480 1 i2c_i801, Live 0xffffffffc05d8000\ndrm_display_helper 290816 1 i915, Live 0xffffffffc05bb000\nspi_intel 36864 1 spi_intel_pci, Live 0xffffffffc05b7000\nprocessor_thermal_power_floor 12288 1 processor_thermal_device, Live 0xffffffffc05b6000\ni2c_mux 12288 1 i2c_i801, Live 0xffffffffc05b4000\nsoundcore 16384 2 snd_ctl_led,snd, Live 0xffffffffc0560000\nindustrialio 139264 11 hid_sensor_magn_3d,hid_sensor_custom_intel_hinge,hid_sensor_rotation,hid_sensor_gyro_3d,hid_sensor_incl_3d,hid_sensor_accel_3d,hid_sensor_trigger,industrialio_triggered_buffer,kfifo_buf, Live 0xffffffffc0598000\ncfg80211 1462272 3 iwlmvm,mac80211,iwlwifi, Live 0xffffffffc0c00000\nmei_me 53248 2 - Live 0xffffffffc058f000\nprocessor_thermal_mbox 12288 4 processor_thermal_wt_hint,processor_thermal_rfim,processor_thermal_wt_req,processor_thermal_power_floor, Live 0xffffffffc058e000\ncec 98304 2 i915,drm_display_helper, Live 0xffffffffc0580000\nintel_soc_dts_iosf 16384 1 processor_thermal_device_pci_legacy, Live 0xffffffffc057f000\nrc_core 73728 1 cec, Live 0xffffffffc0577000\nmei 172032 5 mei_hdcp,mei_pxp,mei_me, Live 0xffffffffc0564000\ni2c_algo_bit 16384 1 i915, Live 0xffffffffc0562000\nplatform_profile 20480 1 processor_thermal_soc_slider, Live 0xffffffffc0552000\nintel_pch_thermal 16384 0 - Live 0xffffffffc053c000\nint3403_thermal 16384 0 - Live 0xffffffffc0545000\nsoc_button_array 20480 0 - Live 0xffffffffc0544000\nintel_pmc_core 135168 0 - Live 0xffffffffc0547000\npmt_telemetry 16384 1 intel_pmc_core, Live 0xffffffffc0543000\npmt_discovery 20480 1 pmt_telemetry, Live 0xffffffffc0538000\npmt_class 20480 2 pmt_telemetry,pmt_discovery, Live 0xffffffffc055f000\nint3402_thermal 12288 0 - Live 0xffffffffc0542000\nint340x_thermal_zone 16384 3 processor_thermal_device,int3403_thermal,int3402_thermal, Live 0xffffffffc055e000\nintel_pmc_ssram_telemetry 16384 1 intel_pmc_core, Live 0xffffffffc055c000\nint3400_thermal 24576 0 - Live 0xffffffffc0559000\nintel_hid 32768 0 - Live 0xffffffffc0556000\n", 4096) = 4057
360557 read(3, "acpi_thermal_rel 24576 1 int3400_thermal, Live 0xffffffffc0554000\nintel_vsec 24576 2 pmt_telemetry,intel_pmc_ssram_telemetry, Live 0xffffffffc0550000\nsparse_keymap 12288 2 dell_wmi,intel_hid, Live 0xffffffffc054f000\nacpi_pad 184320 0 - Live 0xffffffffc0541000\njoydev 32768 0 - Live 0xffffffffc053d000\ninput_leds 12288 0 - Live 0xffffffffc053b000\nmac_hid 12288 0 - Live 0xffffffffc053a000\nserio_raw 20480 0 - Live 0xffffffffc04e4000\nsch_fq_codel 24576 3 - Live 0xffffffffc0534000\nmsr 12288 0 - Live 0xffffffffc04d9000\nparport_pc 53248 0 - Live 0xffffffffc052e000\nppdev 24576 0 - Live 0xffffffffc052b000\nlp 32768 0 - Live 0xffffffffc0527000\nparport 73728 3 parport_pc,ppdev,lp, Live 0xffffffffc051c000\nnvme_fabrics 36864 0 - Live 0xffffffffc0523000\nefi_pstore 12288 0 - Live 0xffffffffc0493000\nnfnetlink 20480 1 - Live 0xffffffffc051a000\ndmi_sysfs 20480 0 - Live 0xffffffffc041c000\nip_tables 32768 0 - Live 0xffffffffc0516000\nx_tables 65536 1 ip_tables, Live 0xffffffffc0510000\nautofs4 57344 2 - Live 0xffffffffc050a000\nhid_sensor_custom 28672 0 - Live 0xffffffffc04d4000\nhid_sensor_hub 28672 9 hid_sensor_magn_3d,hid_sensor_custom_intel_hinge,hid_sensor_rotation,hid_sensor_gyro_3d,hid_sensor_incl_3d,hid_sensor_accel_3d,hid_sensor_trigger,hid_sensor_iio_common,hid_sensor_custom, Live 0xffffffffc048f000\nintel_ishtp_hid 32768 0 - Live 0xffffffffc0507000\nhid_multitouch 36864 0 - Live 0xffffffffc048a000\nhid_generic 12288 0 - Live 0xffffffffc0416000\nnvme 61440 2 - Live 0xffffffffc0483000\nucsi_acpi 12288 0 - Live 0xffffffffc0418000\ntypec_ucsi 69632 1 ucsi_acpi, Live 0xffffffffc04ff000\nnvme_core 233472 4 nvme_fabrics,nvme, Live 0xffffffffc04e6000\ntypec 118784 1 typec_ucsi, Live 0xffffffffc04dc000\nahci 49152 0 - Live 0xffffffffc04d7000\nintel_lpss_pci 28672 0 - Live 0xffffffffc04d6000\nvideo 77824 3 dell_laptop,i915,dell_wmi, Live 0xffffffffc04d0000\nnvme_keyring 20480 2 nvme_fabrics,nvme_core, Live 0xffffffffc04cf000\npsmouse 217088 0 - Live 0xffffffffc04b3000\nintel_ish_ipc 36864 0 - Live 0xffffffffc04ac000\nnvme_auth 28672 1 nvme_core, Live 0xffffffffc04aa000\nr8169 139264 0 - Live 0xffffffffc0496000\nintel_lpss 12288 1 intel_lpss_pci, Live 0xffffffffc0494000\ni2c_hid_acpi 12288 0 - Live 0xffffffffc0491000\nthunderbolt 540672 1 typec, Live 0xffffffffc043d000\nrealtek 49152 1 - Live 0xffffffffc0439000\nidma64 20480 0 - Live 0xffffffffc0436000\ni2c_hid 40960 1 i2c_hid_acpi, Live 0xffffffffc0430000\nintel_ishtp 73728 2 intel_ishtp_hid,intel_ish_ipc, Live 0xffffffffc040f000\nlibahci 53248 1 ahci, Live 0xffffffffc040a000\nhid 262144 6 snd_soc_sdca,hid_sensor_hub,intel_ishtp_hid,hid_multitouch,hid_generic,i2c_hid, Live 0xffffffffc041d000\nwmi 28672 7 dell_smm_hwmon,dell_wmi,dell_smbios,dell_wmi_sysman,dell_wmi_descriptor,wmi_bmof,video, Live 0xffffffffc0419000\npinctrl_cannonlake 36864 0 - Live 0xffffffffc0417000\n", 4096) = 2816
360557 read(3, "", 4096)                = 0
360557 epoll_ctl(4, EPOLL_CTL_DEL, 3, 0xf241b1127b4) = 0
360558 <... nanosleep resumed>NULL)     = 0
360557 close(3 <unfinished ...>
360558 nanosleep({tv_sec=0, tv_nsec=1280000},  <unfinished ...>
360557 <... close resumed>)             = 0
360557 newfstatat(AT_FDCWD, "/proc/cpuinfo", {st_dev=makedev(0, 0x19), st_ino=4026532019, st_mode=S_IFREG|0444, st_nlink=1, st_uid=0, st_gid=0, st_blksize=1024, st_blocks=0, st_size=0, st_atime=1779548826 /* 2026-05-23T17:07:06.602316913+0200 */, st_atime_nsec=602316913, st_mtime=1779548826 /* 2026-05-23T17:07:06.602316913+0200 */, st_mtime_nsec=602316913, st_ctime=1779548826 /* 2026-05-23T17:07:06.602316913+0200 */, st_ctime_nsec=602316913}, 0) = 0
360557 openat(AT_FDCWD, "/proc/cpuinfo", O_RDONLY|O_CLOEXEC) = 3
360557 fcntl(3, F_GETFL)                = 0x8000 (flags O_RDONLY|O_LARGEFILE)
360557 fcntl(3, F_SETFL, O_RDONLY|O_NONBLOCK|O_LARGEFILE) = 0
360557 epoll_ctl(4, EPOLL_CTL_ADD, 3, {events=EPOLLIN|EPOLLOUT|EPOLLRDHUP|EPOLLET, data={u32=1157627914, u64=4535452484679761930}}) = 0
360561 <... epoll_pwait resumed>[{events=EPOLLIN|EPOLLOUT, data={u32=1157627914, u64=4535452484679761930}}], 128, 996, NULL, 0) = 1
360557 read(3,  <unfinished ...>
360561 epoll_pwait(4,  <unfinished ...>
360557 <... read resumed>"processor\t: 0\nvendor_id\t: GenuineIntel\ncpu family\t: 6\nmodel\t\t: 142\nmodel name\t: Intel(R) Core(TM) i5-8265U CPU @ 1.60GHz\nstepping\t: 12\nmicrocode\t: 0x100\ncpu MHz\t\t: 3711.815\ncache size\t: 6144 KB\nphysical id\t: 0\nsiblings\t: 8\ncore id\t\t: 0\ncpu cores\t: 4\napicid\t\t: 0\ninitial apicid\t: 0\nfpu\t\t: yes\nfpu_exception\t: yes\ncpuid level\t: 22\nwp\t\t: yes\nflags\t\t: fpu vme de pse tsc msr pae mce cx8 apic sep mtrr pge mca cmov pat pse36 clflush dts acpi mmx fxsr sse sse2 ss ht tm pbe syscall nx pdpe1gb rdtscp lm constant_tsc art arch_perfmon pebs bts rep_good nopl xtopology nonstop_tsc cpuid aperfmperf pni pclmulqdq dtes64 monitor ds_cpl vmx est tm2 ssse3 sdbg fma cx16 xtpr pdcm pcid sse4_1 sse4_2 x2apic movbe popcnt tsc_deadline_timer aes xsave avx f16c rdrand lahf_lm abm 3dnowprefetch cpuid_fault epb ssbd ibrs ibpb stibp ibrs_enhanced tpr_shadow flexpriority ept vpid ept_ad fsgsbase tsc_adjust sgx bmi1 avx2 smep bmi2 erms invpcid mpx rdseed adx smap clflushopt intel_pt xsaveopt xsavec xgetbv1 xsaves dtherm ida arat pln pts hwp hwp_notify hwp_act_window hwp_epp vnmi md_clear flush_l1d arch_capabilities\nvmx flags\t: vnmi preemption_timer invvpid ept_x_only ept_ad ept_1gb flexpriority tsc_offset vtpr mtf vapic ept vpid unrestricted_guest ple pml ept_violation_ve ept_mode_based_exec\nbugs\t\t: spectre_v1 spectre_v2 spec_store_bypass swapgs itlb_multihit srbds mmio_stale_data retbleed eibrs_pbrsb gds bhi spectre_v2_user its vmscape\nbogomips\t: 3600.00\nclflush size\t: 64\ncache_alignment\t: 64\naddress sizes\t: 39 bits physical, 48 bits virtual\npower management:\n\nprocessor\t: 1\nvendor_id\t: GenuineIntel\ncpu family\t: 6\nmodel\t\t: 142\nmodel name\t: Intel(R) Core(TM) i5-8265U CPU @ 1.60GHz\nstepping\t: 12\nmicrocode\t: 0x100\ncpu MHz\t\t: 3700.342\ncache size\t: 6144 KB\nphysical id\t: 0\nsiblings\t: 8\ncore id\t\t: 1\ncpu cores\t: 4\napicid\t\t: 2\ninitial apicid\t: 2\nfpu\t\t: yes\nfpu_exception\t: yes\ncpuid level\t: 22\nwp\t\t: yes\nflags\t\t: fpu vme de pse tsc msr pae mce cx8 apic sep mtrr pge mca cmov pat pse36 clflush dts acpi mmx fxsr sse sse2 ss ht tm pbe syscall nx pdpe1gb rdtscp lm constant_tsc art arch_perfmon pebs bts rep_good nopl xtopology nonstop_tsc cpuid aperfmperf pni pclmulqdq dtes64 monitor ds_cpl vmx est tm2 ssse3 sdbg fma cx16 xtpr pdcm pcid sse4_1 sse4_2 x2apic movbe popcnt tsc_deadline_timer aes xsave avx f16c rdrand lahf_lm abm 3dnowprefetch cpuid_fault epb ssbd ibrs ibpb stibp ibrs_enhanced tpr_shadow flexpriority ept vpid ept_ad fsgsbase tsc_adjust sgx bmi1 avx2 smep bmi2 erms invpcid mpx rdseed adx smap clflushopt intel_pt xsaveopt xsavec xgetbv1 xsaves dtherm ida arat pln pts hwp hwp_notify hwp_act_window hwp_epp vnmi md_clear flush_l1d arch_capabilities\nvmx flags\t: vnmi preemption_timer invvpid ept_x_only ept_ad ept_1gb flexpriority tsc_offset vtpr mtf vapic ept vpid unrestricted_guest ple pml ept_violation_ve ept_mode_based_exec\nbugs\t\t: spectre_v1 spectre_v2 spec_store_bypass swapgs itlb_multihit srbds mmio_stale_data retbleed eibrs_pbrsb gds bhi spectre_v2_user its vmscape\nbogomips\t: 3600.00\nclflush size\t: 64\ncache_alignment\t: 64\naddress sizes\t: 39 bits physical, 48 bits virtual\npower management:\n\n", 4096) = 3110
360557 read(3, "processor\t: 2\nvendor_id\t: GenuineIntel\ncpu family\t: 6\nmodel\t\t: 142\nmodel name\t: Intel(R) Core(TM) i5-8265U CPU @ 1.60GHz\nstepping\t: 12\nmicrocode\t: 0x100\ncpu MHz\t\t: 3699.861\ncache size\t: 6144 KB\nphysical id\t: 0\nsiblings\t: 8\ncore id\t\t: 2\ncpu cores\t: 4\napicid\t\t: 4\ninitial apicid\t: 4\nfpu\t\t: yes\nfpu_exception\t: yes\ncpuid level\t: 22\nwp\t\t: yes\nflags\t\t: fpu vme de pse tsc msr pae mce cx8 apic sep mtrr pge mca cmov pat pse36 clflush dts acpi mmx fxsr sse sse2 ss ht tm pbe syscall nx pdpe1gb rdtscp lm constant_tsc art arch_perfmon pebs bts rep_good nopl xtopology nonstop_tsc cpuid aperfmperf pni pclmulqdq dtes64 monitor ds_cpl vmx est tm2 ssse3 sdbg fma cx16 xtpr pdcm pcid sse4_1 sse4_2 x2apic movbe popcnt tsc_deadline_timer aes xsave avx f16c rdrand lahf_lm abm 3dnowprefetch cpuid_fault epb ssbd ibrs ibpb stibp ibrs_enhanced tpr_shadow flexpriority ept vpid ept_ad fsgsbase tsc_adjust sgx bmi1 avx2 smep bmi2 erms invpcid mpx rdseed adx smap clflushopt intel_pt xsaveopt xsavec xgetbv1 xsaves dtherm ida arat pln pts hwp hwp_notify hwp_act_window hwp_epp vnmi md_clear flush_l1d arch_capabilities\nvmx flags\t: vnmi preemption_timer invvpid ept_x_only ept_ad ept_1gb flexpriority tsc_offset vtpr mtf vapic ept vpid unrestricted_guest ple pml ept_violation_ve ept_mode_based_exec\nbugs\t\t: spectre_v1 spectre_v2 spec_store_bypass swapgs itlb_multihit srbds mmio_stale_data retbleed eibrs_pbrsb gds bhi spectre_v2_user its vmscape\nbogomips\t: 3600.00\nclflush size\t: 64\ncache_alignment\t: 64\naddress sizes\t: 39 bits physical, 48 bits virtual\npower management:\n\nprocessor\t: 3\nvendor_id\t: GenuineIntel\ncpu family\t: 6\nmodel\t\t: 142\nmodel name\t: Intel(R) Core(TM) i5-8265U CPU @ 1.60GHz\nstepping\t: 12\nmicrocode\t: 0x100\ncpu MHz\t\t: 3699.749\ncache size\t: 6144 KB\nphysical id\t: 0\nsiblings\t: 8\ncore id\t\t: 3\ncpu cores\t: 4\napicid\t\t: 6\ninitial apicid\t: 6\nfpu\t\t: yes\nfpu_exception\t: yes\ncpuid level\t: 22\nwp\t\t: yes\nflags\t\t: fpu vme de pse tsc msr pae mce cx8 apic sep mtrr pge mca cmov pat pse36 clflush dts acpi mmx fxsr sse sse2 ss ht tm pbe syscall nx pdpe1gb rdtscp lm constant_tsc art arch_perfmon pebs bts rep_good nopl xtopology nonstop_tsc cpuid aperfmperf pni pclmulqdq dtes64 monitor ds_cpl vmx est tm2 ssse3 sdbg fma cx16 xtpr pdcm pcid sse4_1 sse4_2 x2apic movbe popcnt tsc_deadline_timer aes xsave avx f16c rdrand lahf_lm abm 3dnowprefetch cpuid_fault epb ssbd ibrs ibpb stibp ibrs_enhanced tpr_shadow flexpriority ept vpid ept_ad fsgsbase tsc_adjust sgx bmi1 avx2 smep bmi2 erms invpcid mpx rdseed adx smap clflushopt intel_pt xsaveopt xsavec xgetbv1 xsaves dtherm ida arat pln pts hwp hwp_notify hwp_act_window hwp_epp vnmi md_clear flush_l1d arch_capabilities\nvmx flags\t: vnmi preemption_timer invvpid ept_x_only ept_ad ept_1gb flexpriority tsc_offset vtpr mtf vapic ept vpid unrestricted_guest ple pml ept_violation_ve ept_mode_based_exec\nbugs\t\t: spectre_v1 spectre_v2 spec_store_bypass swapgs itlb_multihit srbds mmio_stale_data retbleed eibrs_pbrsb gds bhi spectre_v2_user its vmscape\nbogomips\t: 3600.00\nclflush size\t: 64\ncache_alignment\t: 64\naddress sizes\t: 39 bits physical, 48 bits virtual\npower management:\n\n", 4096) = 3110
360557 read(3, "processor\t: 4\nvendor_id\t: GenuineIntel\ncpu family\t: 6\nmodel\t\t: 142\nmodel name\t: Intel(R) Core(TM) i5-8265U CPU @ 1.60GHz\nstepping\t: 12\nmicrocode\t: 0x100\ncpu MHz\t\t: 3699.984\ncache size\t: 6144 KB\nphysical id\t: 0\nsiblings\t: 8\ncore id\t\t: 0\ncpu cores\t: 4\napicid\t\t: 1\ninitial apicid\t: 1\nfpu\t\t: yes\nfpu_exception\t: yes\ncpuid level\t: 22\nwp\t\t: yes\nflags\t\t: fpu vme de pse tsc msr pae mce cx8 apic sep mtrr pge mca cmov pat pse36 clflush dts acpi mmx fxsr sse sse2 ss ht tm pbe syscall nx pdpe1gb rdtscp lm constant_tsc art arch_perfmon pebs bts rep_good nopl xtopology nonstop_tsc cpuid aperfmperf pni pclmulqdq dtes64 monitor ds_cpl vmx est tm2 ssse3 sdbg fma cx16 xtpr pdcm pcid sse4_1 sse4_2 x2apic movbe popcnt tsc_deadline_timer aes xsave avx f16c rdrand lahf_lm abm 3dnowprefetch cpuid_fault epb ssbd ibrs ibpb stibp ibrs_enhanced tpr_shadow flexpriority ept vpid ept_ad fsgsbase tsc_adjust sgx bmi1 avx2 smep bmi2 erms invpcid mpx rdseed adx smap clflushopt intel_pt xsaveopt xsavec xgetbv1 xsaves dtherm ida arat pln pts hwp hwp_notify hwp_act_window hwp_epp vnmi md_clear flush_l1d arch_capabilities\nvmx flags\t: vnmi preemption_timer invvpid ept_x_only ept_ad ept_1gb flexpriority tsc_offset vtpr mtf vapic ept vpid unrestricted_guest ple pml ept_violation_ve ept_mode_based_exec\nbugs\t\t: spectre_v1 spectre_v2 spec_store_bypass swapgs itlb_multihit srbds mmio_stale_data retbleed eibrs_pbrsb gds bhi spectre_v2_user its vmscape\nbogomips\t: 3600.00\nclflush size\t: 64\ncache_alignment\t: 64\naddress sizes\t: 39 bits physical, 48 bits virtual\npower management:\n\nprocessor\t: 5\nvendor_id\t: GenuineIntel\ncpu family\t: 6\nmodel\t\t: 142\nmodel name\t: Intel(R) Core(TM) i5-8265U CPU @ 1.60GHz\nstepping\t: 12\nmicrocode\t: 0x100\ncpu MHz\t\t: 3701.364\ncache size\t: 6144 KB\nphysical id\t: 0\nsiblings\t: 8\ncore id\t\t: 1\ncpu cores\t: 4\napicid\t\t: 3\ninitial apicid\t: 3\nfpu\t\t: yes\nfpu_exception\t: yes\ncpuid level\t: 22\nwp\t\t: yes\nflags\t\t: fpu vme de pse tsc msr pae mce cx8 apic sep mtrr pge mca cmov pat pse36 clflush dts acpi mmx fxsr sse sse2 ss ht tm pbe syscall nx pdpe1gb rdtscp lm constant_tsc art arch_perfmon pebs bts rep_good nopl xtopology nonstop_tsc cpuid aperfmperf pni pclmulqdq dtes64 monitor ds_cpl vmx est tm2 ssse3 sdbg fma cx16 xtpr pdcm pcid sse4_1 sse4_2 x2apic movbe popcnt tsc_deadline_timer aes xsave avx f16c rdrand lahf_lm abm 3dnowprefetch cpuid_fault epb ssbd ibrs ibpb stibp ibrs_enhanced tpr_shadow flexpriority ept vpid ept_ad fsgsbase tsc_adjust sgx bmi1 avx2 smep bmi2 erms invpcid mpx rdseed adx smap clflushopt intel_pt xsaveopt xsavec xgetbv1 xsaves dtherm ida arat pln pts hwp hwp_notify hwp_act_window hwp_epp vnmi md_clear flush_l1d arch_capabilities\nvmx flags\t: vnmi preemption_timer invvpid ept_x_only ept_ad ept_1gb flexpriority tsc_offset vtpr mtf vapic ept vpid unrestricted_guest ple pml ept_violation_ve ept_mode_based_exec\nbugs\t\t: spectre_v1 spectre_v2 spec_store_bypass swapgs itlb_multihit srbds mmio_stale_data retbleed eibrs_pbrsb gds bhi spectre_v2_user its vmscape\nbogomips\t: 3600.00\nclflush size\t: 64\ncache_alignment\t: 64\naddress sizes\t: 39 bits physical, 48 bits virtual\npower management:\n\n", 4096) = 3110
360557 read(3, "processor\t: 6\nvendor_id\t: GenuineIntel\ncpu family\t: 6\nmodel\t\t: 142\nmodel name\t: Intel(R) Core(TM) i5-8265U CPU @ 1.60GHz\nstepping\t: 12\nmicrocode\t: 0x100\ncpu MHz\t\t: 3699.969\ncache size\t: 6144 KB\nphysical id\t: 0\nsiblings\t: 8\ncore id\t\t: 2\ncpu cores\t: 4\napicid\t\t: 5\ninitial apicid\t: 5\nfpu\t\t: yes\nfpu_exception\t: yes\ncpuid level\t: 22\nwp\t\t: yes\nflags\t\t: fpu vme de pse tsc msr pae mce cx8 apic sep mtrr pge mca cmov pat pse36 clflush dts acpi mmx fxsr sse sse2 ss ht tm pbe syscall nx pdpe1gb rdtscp lm constant_tsc art arch_perfmon pebs bts rep_good nopl xtopology nonstop_tsc cpuid aperfmperf pni pclmulqdq dtes64 monitor ds_cpl vmx est tm2 ssse3 sdbg fma cx16 xtpr pdcm pcid sse4_1 sse4_2 x2apic movbe popcnt tsc_deadline_timer aes xsave avx f16c rdrand lahf_lm abm 3dnowprefetch cpuid_fault epb ssbd ibrs ibpb stibp ibrs_enhanced tpr_shadow flexpriority ept vpid ept_ad fsgsbase tsc_adjust sgx bmi1 avx2 smep bmi2 erms invpcid mpx rdseed adx smap clflushopt intel_pt xsaveopt xsavec xgetbv1 xsaves dtherm ida arat pln pts hwp hwp_notify hwp_act_window hwp_epp vnmi md_clear flush_l1d arch_capabilities\nvmx flags\t: vnmi preemption_timer invvpid ept_x_only ept_ad ept_1gb flexpriority tsc_offset vtpr mtf vapic ept vpid unrestricted_guest ple pml ept_violation_ve ept_mode_based_exec\nbugs\t\t: spectre_v1 spectre_v2 spec_store_bypass swapgs itlb_multihit srbds mmio_stale_data retbleed eibrs_pbrsb gds bhi spectre_v2_user its vmscape\nbogomips\t: 3600.00\nclflush size\t: 64\ncache_alignment\t: 64\naddress sizes\t: 39 bits physical, 48 bits virtual\npower management:\n\nprocessor\t: 7\nvendor_id\t: GenuineIntel\ncpu family\t: 6\nmodel\t\t: 142\nmodel name\t: Intel(R) Core(TM) i5-8265U CPU @ 1.60GHz\nstepping\t: 12\nmicrocode\t: 0x100\ncpu MHz\t\t: 3699.989\ncache size\t: 6144 KB\nphysical id\t: 0\nsiblings\t: 8\ncore id\t\t: 3\ncpu cores\t: 4\napicid\t\t: 7\ninitial apicid\t: 7\nfpu\t\t: yes\nfpu_exception\t: yes\ncpuid level\t: 22\nwp\t\t: yes\nflags\t\t: fpu vme de pse tsc msr pae mce cx8 apic sep mtrr pge mca cmov pat pse36 clflush dts acpi mmx fxsr sse sse2 ss ht tm pbe syscall nx pdpe1gb rdtscp lm constant_tsc art arch_perfmon pebs bts rep_good nopl xtopology nonstop_tsc cpuid aperfmperf pni pclmulqdq dtes64 monitor ds_cpl vmx est tm2 ssse3 sdbg fma cx16 xtpr pdcm pcid sse4_1 sse4_2 x2apic movbe popcnt tsc_deadline_timer aes xsave avx f16c rdrand lahf_lm abm 3dnowprefetch cpuid_fault epb ssbd ibrs ibpb stibp ibrs_enhanced tpr_shadow flexpriority ept vpid ept_ad fsgsbase tsc_adjust sgx bmi1 avx2 smep bmi2 erms invpcid mpx rdseed adx smap clflushopt intel_pt xsaveopt xsavec xgetbv1 xsaves dtherm ida arat pln pts hwp hwp_notify hwp_act_window hwp_epp vnmi md_clear flush_l1d arch_capabilities\nvmx flags\t: vnmi preemption_timer invvpid ept_x_only ept_ad ept_1gb flexpriority tsc_offset vtpr mtf vapic ept vpid unrestricted_guest ple pml ept_violation_ve ept_mode_based_exec\nbugs\t\t: spectre_v1 spectre_v2 spec_store_bypass swapgs itlb_multihit srbds mmio_stale_data retbleed eibrs_pbrsb gds bhi spectre_v2_user its vmscape\nbogomips\t: 3600.00\nclflush size\t: 64\ncache_alignment\t: 64\naddress sizes\t: 39 bits physical, 48 bits virtual\npower management:\n\n", 4096) = 3110
360557 read(3, "", 4096)                = 0
360557 epoll_ctl(4, EPOLL_CTL_DEL, 3, 0xf241b1127b4) = 0
360557 close(3)                         = 0
360557 newfstatat(AT_FDCWD, "/proc/bus/pci/devices", {st_dev=makedev(0, 0x19), st_ino=4026532137, st_mode=S_IFREG|0444, st_nlink=1, st_uid=0, st_gid=0, st_blksize=1024, st_blocks=0, st_size=0, st_atime=1779552344 /* 2026-05-23T18:05:44.455484658+0200 */, st_atime_nsec=455484658, st_mtime=1779552344 /* 2026-05-23T18:05:44.455484658+0200 */, st_mtime_nsec=455484658, st_ctime=1779552344 /* 2026-05-23T18:05:44.455484658+0200 */, st_ctime_nsec=455484658}, 0) = 0
360557 openat(AT_FDCWD, "/proc/bus/pci/devices", O_RDONLY|O_CLOEXEC) = 3
360557 fcntl(3, F_GETFL)                = 0x8000 (flags O_RDONLY|O_LARGEFILE)
360557 fcntl(3, F_SETFL, O_RDONLY|O_NONBLOCK|O_LARGEFILE) = 0
360557 epoll_ctl(4, EPOLL_CTL_ADD, 3, {events=EPOLLIN|EPOLLOUT|EPOLLRDHUP|EPOLLET, data={u32=1157627915, u64=4535452484679761931}}) = 0
360561 <... epoll_pwait resumed>[{events=EPOLLIN|EPOLLOUT, data={u32=1157627915, u64=4535452484679761931}}], 128, 996, NULL, 0) = 1
360557 read(3,  <unfinished ...>
360561 epoll_pwait(4,  <unfinished ...>
360557 <... read resumed>"0000\t80863e34\t0\t               0\t               0\t               0\t               0\t               0\t               0\t               0\t               0\t               0\t               0\t               0\t               0\t               0\t               0\tskl_uncore\n0010\t80863ea0\ta4\t        a0000004\t               0\t        9000000c\t               0\t            4001\t               0\t           c0002\t         1000000\t               0\t        10000000\t               0\t              40\t               0\t           20000\ti915\n0020\t80861903\t10\t        a1310004\t               0\t               0\t               0\t               0\t               0\t               0\t            8000\t               0\t               0\t               0\t               0\t               0\t               0\tproc_thermal\n0040\t80861911\tff\t        a132e004\t               0\t               0\t               0\t               0\t               0\t               0\t            1000\t               0\t               0\t               0\t               0\t               0\t               0\t\n0090\t80869df9\t10\t        a132d004\t               0\t               0\t               0\t               0\t               0\t               0\t            1000\t               0\t               0\t               0\t               0\t               0\t               0\tintel_pch_thermal\n0098\t80869dfc\t14\t        a1324004\t               0\t               0\t               0\t               0\t               0\t               0\t            2000\t               0\t               0\t               0\t               0\t               0\t               0\tintel_ish_ipc\n00a0\t80869ded\t7d\t        a1300004\t               0\t               0\t               0\t               0\t               0\t               0\t           10000\t               0\t               0\t               0\t               0\t               0\t               0\txhci_hcd\n00a2\t80869def\t0\t        a1322004\t               0\t        a132c004\t               0\t               0\t               0\t               0\t            2000\t               0\t            1000\t               0\t               0\t               0\t               0\t\n00a3\t80869df0\t91\t        a131c004\t               0\t               0\t               0\t               0\t               0\t               0\t            4000\t               0\t               0\t               0\t               0\t               0\t               0\tiwlwifi\n00a8\t80869de8\t10\t        8e800004\t               0\t               0\t               0\t               0\t               0\t               0\t            1000\t               0\t               0\t               0\t               0\t               0\t               0\tintel-lpss\n00a9\t80869de9\t11\t        8e801004\t               0\t               0\t               0\t               0\t               0\t               0\t            1000\t               0\t               0\t               0\t               0\t               0\t               0\tintel-lpss\n00b0\t80869de0\t90\t        a1329004\t               0\t               0\t               0\t               0\t               0\t               0\t            1000\t               0\t               0\t               0\t               0\t               0\t               0\tmei_me\n00b8\t80869dd3\t85\t        a1320000\t        a1328000\t            4091\t            4081\t            4061\t        a1327000\t               0\t            2000\t             100\t               8\t               4\t              20\t             800\t               0\tahci\n00e8\t80869db0\t7b\t               0\t               0\t               0\t               0\t               0\t               0\t               0\t               0\t               0\t               0\t               0\t               0\t               0\t               0\tpcieport\n00ec\t80869db4\t7c\t               0\t               0\t               0\t               0\t               0\t               0\t               0\t               0\t               0\t               0\t               0\t               0\t               0\t               0\tpcieport\n", 4096) = 3955
360557 read(3, "00f8\t80869d84\t0\t               0\t               0\t               0\t               0\t               0\t               0\t               0\t               0\t               0\t               0\t               0\t               0\t               0\t               0\t\n00fb\t80869dc8\ta5\t        a1318004\t               0\t               0\t               0\t        a1000004\t               0\t               0\t            4000\t               0\t               0\t               0\t          100000\t               0\t               0\tsnd_hda_intel\n00fc\t80869da3\t10\t        a1326004\t               0\t               0\t               0\t            efa1\t               0\t               0\t             100\t               0\t               0\t               0\t              20\t               0\t               0\ti801_smbus\n00fd\t80869da4\t0\t        fe010000\t               0\t               0\t               0\t               0\t               0\t               0\t            1000\t               0\t               0\t               0\t               0\t               0\t               0\tintel-spi\n0100\t10ec8168\t10\t            3001\t               0\t        a1204004\t               0\t        a1200004\t               0\t               0\t             100\t               0\t            1000\t               0\t            4000\t               0\t               0\tr8169\n0200\t15b75004\t10\t        a1100004\t               0\t               0\t               0\t               0\t               0\t               0\t            4000\t               0\t               0\t               0\t               0\t               0\t               0\tnvme\n", 4096) = 1575
360557 read(3, "", 4096)                = 0
360557 epoll_ctl(4, EPOLL_CTL_DEL, 3, 0xf241b1127b4) = 0
360557 close(3)                         = 0
360557 newfstatat(AT_FDCWD, "/proc/bc/0", 0xf241b2346b8, 0) = -1 ENOENT (No such file or directory)
360557 newfstatat(AT_FDCWD, "/proc/vz", 0xf241b234788, 0) = -1 ENOENT (No such file or directory)
360557 newfstatat(AT_FDCWD, "/proc/self/status", {st_dev=makedev(0, 0x19), st_ino=1776842, st_mode=S_IFREG|0444, st_nlink=1, st_uid=0, st_gid=0, st_blksize=1024, st_blocks=0, st_size=0, st_atime=1779553365 /* 2026-05-23T18:22:45.471439551+0200 */, st_atime_nsec=471439551, st_mtime=1779553365 /* 2026-05-23T18:22:45.471439551+0200 */, st_mtime_nsec=471439551, st_ctime=1779553365 /* 2026-05-23T18:22:45.471439551+0200 */, st_ctime_nsec=471439551}, 0) = 0
360557 openat(AT_FDCWD, "/proc/self/status", O_RDONLY|O_CLOEXEC) = 3
360557 fcntl(3, F_GETFL)                = 0x8000 (flags O_RDONLY|O_LARGEFILE)
360558 <... nanosleep resumed>NULL)     = 0
360557 fcntl(3, F_SETFL, O_RDONLY|O_NONBLOCK|O_LARGEFILE <unfinished ...>
360558 nanosleep({tv_sec=0, tv_nsec=2560000},  <unfinished ...>
360557 <... fcntl resumed>)             = 0
360557 epoll_ctl(4, EPOLL_CTL_ADD, 3, {events=EPOLLIN|EPOLLOUT|EPOLLRDHUP|EPOLLET, data={u32=1157627916, u64=4535452484679761932}}) = -1 EPERM (Operation not permitted)
360557 fcntl(3, F_GETFL)                = 0x8800 (flags O_RDONLY|O_NONBLOCK|O_LARGEFILE)
360557 fcntl(3, F_SETFL, O_RDONLY|O_LARGEFILE) = 0
360557 read(3, "Name:\tprocess\nUmask:\t0022\nState:\tR (running)\nTgid:\t360557\nNgid:\t0\nPid:\t360557\nPPid:\t360556\nTracerPid:\t360547\nUid:\t0\t0\t0\t0\nGid:\t0\t0\t0\t0\nFDSize:\t64\nGroups:\t0 \nNStgid:\t360557\nNSpid:\t360557\nNSpgid:\t14986\nNSsid:\t14986\nKthread:\t0\nVmPeak:\t 1268828 kB\nVmSize:\t 1268828 kB\nVmLck:\t       0 kB\nVmPin:\t       0 kB\nVmHWM:\t    8444 kB\nVmRSS:\t    8444 kB\nRssAnon:\t    1504 kB\nRssFile:\t    6940 kB\nRssShmem:\t       0 kB\nVmData:\t   73844 kB\nVmStk:\t     132 kB\nVmExe:\t    4828 kB\nVmLib:\t       8 kB\nVmPTE:\t     108 kB\nVmSwap:\t       0 kB\nHugetlbPages:\t       0 kB\nCoreDumping:\t0\nTHP_enabled:\t1\nuntag_mask:\t0xffffffffffffffff\nThreads:\t5\nSigQ:\t2/29964\nSigPnd:\t0000000000000000\nShdPnd:\t0000000000000000\nSigBlk:\t0000000000000000\nSigIgn:\t0000000000000000\nSigCgt:\tfffffffd7fc1feff\nCapInh:\t0000000000000000\nCapPrm:\t000001ffffffffff\nCapEff:\t000001ffffffffff\nCapBnd:\t000001ffffffffff\nCapAmb:\t0000000000000000\nNoNewPrivs:\t0\nSeccomp:\t0\nSeccomp_filters:\t0\nSpeculation_Store_Bypass:\tthread vulnerable\nSpeculationIndirectBranch:\tconditional enabled\nCpus_allowed:\tff\nCpus_allowed_list:\t0-7\nMems_allowed:\t00000000,00000000,00000000,00000000,00000000,00000000,00000000,00000000,00000000,00000000,00000000,00000000,00000000,00000000,00000000,00000000,00000000,00000000,00000000,00000000,00000000,00000000,00000000,00000000,00000000,00000000,00000000,00000000,00000000,00000000,00000000,00000001\nMems_allowed_list:\t0\nvoluntary_ctxt_switches:\t737\nnonvoluntary_ctxt_switches:\t0\nx86_Thread_features:\t\nx86_Thread_features_locked:\t\n", 4096) = 1490
360557 read(3, "", 4096)                = 0
360557 close(3)                         = 0
360557 newfstatat(AT_FDCWD, "/proc/1/environ", {st_dev=makedev(0, 0x19), st_ino=280907, st_mode=S_IFREG|0400, st_nlink=1, st_uid=0, st_gid=0, st_blksize=1024, st_blocks=0, st_size=0, st_atime=1779542866 /* 2026-05-23T15:27:46.780032727+0200 */, st_atime_nsec=780032727, st_mtime=1779542866 /* 2026-05-23T15:27:46.780032727+0200 */, st_mtime_nsec=780032727, st_ctime=1779542866 /* 2026-05-23T15:27:46.780032727+0200 */, st_ctime_nsec=780032727}, 0) = 0
360557 openat(AT_FDCWD, "/proc/1/environ", O_RDONLY|O_CLOEXEC) = 3
360557 fcntl(3, F_GETFL)                = 0x8000 (flags O_RDONLY|O_LARGEFILE)
360557 fcntl(3, F_SETFL, O_RDONLY|O_NONBLOCK|O_LARGEFILE) = 0
360557 epoll_ctl(4, EPOLL_CTL_ADD, 3, {events=EPOLLIN|EPOLLOUT|EPOLLRDHUP|EPOLLET, data={u32=1157627917, u64=4535452484679761933}}) = -1 EPERM (Operation not permitted)
360557 fcntl(3, F_GETFL)                = 0x8800 (flags O_RDONLY|O_NONBLOCK|O_LARGEFILE)
360557 fcntl(3, F_SETFL, O_RDONLY|O_LARGEFILE) = 0
360557 fstat(3, {st_dev=makedev(0, 0x19), st_ino=280907, st_mode=S_IFREG|0400, st_nlink=1, st_uid=0, st_gid=0, st_blksize=1024, st_blocks=0, st_size=0, st_atime=1779542866 /* 2026-05-23T15:27:46.780032727+0200 */, st_atime_nsec=780032727, st_mtime=1779542866 /* 2026-05-23T15:27:46.780032727+0200 */, st_mtime_nsec=780032727, st_ctime=1779542866 /* 2026-05-23T15:27:46.780032727+0200 */, st_ctime_nsec=780032727}) = 0
360557 read(3, "HOME=/\0init=/sbin/init\0NETWORK_SKIP_ENSLAVED=\0TERM=linux\0drop_caps=\0PATH=/usr/local/sbin:/usr/local/bin:/usr/sbin:/usr/bin:/sbin:/bin\0PWD=/\0rootmnt=/root\0", 512) = 154
360557 read(3, "", 742)                 = 0
360557 close(3)                         = 0
360557 newfstatat(AT_FDCWD, "/proc/self/cgroup", {st_dev=makedev(0, 0x19), st_ino=1774949, st_mode=S_IFREG|0444, st_nlink=1, st_uid=0, st_gid=0, st_blksize=1024, st_blocks=0, st_size=0, st_atime=1779553365 /* 2026-05-23T18:22:45.458054096+0200 */, st_atime_nsec=458054096, st_mtime=1779553365 /* 2026-05-23T18:22:45.458054096+0200 */, st_mtime_nsec=458054096, st_ctime=1779553365 /* 2026-05-23T18:22:45.458054096+0200 */, st_ctime_nsec=458054096}, 0) = 0
360557 openat(AT_FDCWD, "/proc/self/cgroup", O_RDONLY|O_CLOEXEC) = 3
360557 fcntl(3, F_GETFL)                = 0x8000 (flags O_RDONLY|O_LARGEFILE)
360557 fcntl(3, F_SETFL, O_RDONLY|O_NONBLOCK|O_LARGEFILE) = 0
360557 epoll_ctl(4, EPOLL_CTL_ADD, 3, {events=EPOLLIN|EPOLLOUT|EPOLLRDHUP|EPOLLET, data={u32=1157627918, u64=4535452484679761934}}) = -1 EPERM (Operation not permitted)
360557 fcntl(3, F_GETFL)                = 0x8800 (flags O_RDONLY|O_NONBLOCK|O_LARGEFILE)
360557 fcntl(3, F_SETFL, O_RDONLY|O_LARGEFILE) = 0
360557 read(3, "0::/user.slice/user-1000.slice/user@1000.service/app.slice/app-org.chromium.Chromium-73254.scope\n", 4096) = 97
360557 read(3, "", 4096)                = 0
360557 close(3)                         = 0
360557 newfstatat(AT_FDCWD, "/usr/bin/lxc-version", 0xf241b234b98, 0) = -1 ENOENT (No such file or directory)
360557 newfstatat(AT_FDCWD, "/etc/os-release", {st_dev=makedev(0x103, 0x2), st_ino=8390428, st_mode=S_IFREG|0644, st_nlink=1, st_uid=0, st_gid=0, st_blksize=4096, st_blocks=8, st_size=400, st_atime=1779475187 /* 2026-05-22T20:39:47.437478779+0200 */, st_atime_nsec=437478779, st_mtime=1770362581 /* 2026-02-06T08:23:01+0100 */, st_mtime_nsec=0, st_ctime=1774612978 /* 2026-03-27T13:02:58.515964839+0100 */, st_ctime_nsec=515964839}, 0) = 0
360557 openat(AT_FDCWD, "/etc/os-release", O_RDONLY|O_CLOEXEC) = 3
360557 fcntl(3, F_GETFL)                = 0x8000 (flags O_RDONLY|O_LARGEFILE)
360557 fcntl(3, F_SETFL, O_RDONLY|O_NONBLOCK|O_LARGEFILE) = 0
360557 epoll_ctl(4, EPOLL_CTL_ADD, 3, {events=EPOLLIN|EPOLLOUT|EPOLLRDHUP|EPOLLET, data={u32=1157627919, u64=4535452484679761935}}) = -1 EPERM (Operation not permitted)
360557 fcntl(3, F_GETFL)                = 0x8800 (flags O_RDONLY|O_NONBLOCK|O_LARGEFILE)
360557 fcntl(3, F_SETFL, O_RDONLY|O_LARGEFILE) = 0
360557 read(3, "PRETTY_NAME=\"Ubuntu 24.04.4 LTS\"\nNAME=\"Ubuntu\"\nVERSION_ID=\"24.04\"\nVERSION=\"24.04.4 LTS (Noble Numbat)\"\nVERSION_CODENAME=noble\nID=ubuntu\nID_LIKE=debian\nHOME_URL=\"https://www.ubuntu.com/\"\nSUPPORT_URL=\"https://help.ubuntu.com/\"\nBUG_REPORT_URL=\"https://bugs.launchpad.net/ubuntu/\"\nPRIVACY_POLICY_URL=\"https://www.ubuntu.com/legal/terms-and-policies/privacy-policy\"\nUBUNTU_CODENAME=noble\nLOGO=ubuntu-logo\n", 4096) = 400
360557 read(3, "", 4096)                = 0
360557 close(3)                         = 0
360557 newfstatat(AT_FDCWD, "/.dockerenv", 0xf241b234d38, 0) = -1 ENOENT (No such file or directory)
360557 openat(AT_FDCWD, "/proc/stat", O_RDONLY|O_CLOEXEC) = 3
360557 fcntl(3, F_GETFL)                = 0x8000 (flags O_RDONLY|O_LARGEFILE)
360557 fcntl(3, F_SETFL, O_RDONLY|O_NONBLOCK|O_LARGEFILE) = 0
360557 epoll_ctl(4, EPOLL_CTL_ADD, 3, {events=EPOLLIN|EPOLLOUT|EPOLLRDHUP|EPOLLET, data={u32=1157627920, u64=4535452484679761936}} <unfinished ...>
360561 <... epoll_pwait resumed>[{events=EPOLLIN|EPOLLOUT, data={u32=1157627920, u64=4535452484679761936}}], 128, 995, NULL, 0) = 1
360557 <... epoll_ctl resumed>)         = 0
360557 read(3,  <unfinished ...>
360561 epoll_pwait(4,  <unfinished ...>
360557 <... read resumed>"cpu  1796063 65218 744436 11030589 91973 0 8871 0 0 0\ncpu0 216866 8450 91965 1386823 12592 0 954 0 0 0\ncpu1 222673 8299 90775 1388192 12168 0 1081 0 0 0\ncpu2 224326 8045 91032 1391580 12188 0 702 0 0 0\ncpu3 237405 7729 96781 1313313 9101 0 956 0 0 0\ncpu4 235543 8376 90702 1381679 11973 0 745 0 0 0\ncpu5 216386 8172 99403 1388331 11119 0 1385 0 0 0\ncpu6 233467 8036 91115 1383523 12104 0 1154 0 0 0\ncpu7 209393 8107 92660 1397144 10722 0 1892 0 0 0\nintr 257095508 0 25755 0 0 0 0 0 0 0 174002 0 0 79 0 0 0 57571407 0 0 0 591 0 0 0 0 0 0 0 0 0 0 0 0 0 0 0 0 0 0 0 0 0 0 0 0 0 0 0 0 0 0 1083101 0 0 0 0 0 0 0 0 0 0 0 0 0 0 0 0 0 0 0 0 0 0 0 0 0 0 0 0 0 0 0 0 0 0 0 0 0 0 0 0 0 0 0 0 0 0 0 0 0 0 0 0 0 0 0 0 0 0 0 0 0 0 0 0 0 0 0 0 0 0 0 1 1 11570 0 0 0 0 0 0 0 0 2221375 129 887744 916778 987942 808947 951260 855582 913382 902175 55 1660 0 0 0 0 0 0 0 0 0 0 0 0 0 0 0 0 0 0 7407067 1672 0 0 0 0 0 0 0 0 0 0 0 0 0 0 0 0 0 0 0 0 0 0 0 0 0 0 0 0 0 0 0 0 0 0 0 0 0 0 0 0 0 0 0 0 0 0 0 0 0 0 0 0 0 0 0 0 0 0 0 0 0 0 0 0 0 0 0 0 0 0 0 0 0 0 0 0 0 0 0 0 0 0 0 0 0 0 0 0 0 0 0 0 0 0 0 0 0 0 0 0 0 0 0 0 0 0 0 0 0 0 0 0 0 0 0 0 0 0 0 0 0 0 0 0 0 0 0 0 0 0 0 0 0 0 0 0 0 0 0 0 0 0 0 0 0 0 0 0 0 0 0 0 0 0 0 0 0 0 0 0 0 0 0 0 0 0 0 0 0 0 0 0 0 0 0 0 0 0 0 0 0 0 0 0 0 0 0 0 0 0 0 0 0 0 0 0 0 0 0 0 0 0 0 0 0 0 0 0 0 0 0 0 0 0 0 0 0 0 0 0 0 0 0 0 0 0 0 0 0 0 0 0 0 0 0 0 0 0 0 0 0 0 0 0 0 0 0 0 0 0 0 0 0 0 0 0 0 0 0 0 0 0 0 0 0 0 0 0 0 0 0 0 0 0 0 0 0 0 0 0 0 0 0 0 0 0 0 0 0 0 0 0 0 0 0 0 0 0 0 0 0 0 0 0 0 0 0 0 0 0 0 0 0 0 0 0 0 0 0 0 0 0 0 0 0 0 0 0 0 0 0 0 0 0 0 0 0 0 0 0 0 0 0 0 0 0 0 0 0 0 0 0 0 0 0 0 0 0 0 0 0 0 0 0 0 0 0 0 0 0 0 0 0 0 0 0 0 0 0 0 0 0 0 0 0 0 0 0 0 0 0 0 0 0 0 0 0 0 0 0 0 0 0 0 0 0 0 0 0 0 0 0 0 0 0 0 0 0 0 0 0 0 0 0 0 0 0 0 0 0 0 0 0 0 0 0 0 0 0 0 0 0 0 0 0 0 0 0 0 0 0 0 0 0 0 0 0 0 0 0 0 0 0 0 0 0 0 0 0 0 0 0 0 0 0 0 0 0 0 0 0 0 0 0 0 0 0 0 0 0 0 0 0 0 0 0 0 0 0 0 0 0 0 0 0 0 0 0 0 0 0 0 0 0 0 0 0 0 0 0 0 0 0 0 0 0 0 0 0 0 0 0 0 0 0 0 0 0 0 0 0 0 0 0 0 0 0 0 0 0 0 0 0 0 0 0 0 0 0 0 0 0 0 0 0 0 0 0 0 0 0 0 0 0 0 0 0 0 0 0 0 0 0 0 0 0 0 0 0 0 0 0 0 0 0 0 0 0 0 0 0 0 0 0 0 0 0 0 0 0 0 0 0 0 0 0 0 0 0 0 0 0 0 0 0 0 0 0 0 0 0 0 0 0 0 0 0 0 0 0 0 0 0 0 0 0 0 0 0 0 0 0 0 0 0 0 0 0 0 0 0 0 0 0 0 0 0 0 0 0 0 0 0 0 0 0 0 0 0 0 0 0 0 0 0 0 0 0 0 0 0 0 0 0 0 0 0 0 0 0 0 0 0 0 0 0 0 0 0 0 0 0 0 0 0 0 0 0 0 0 0 0 0 0 0 0 0 0 0 0 0 0 0 0 0 0 0 0 0 0 0 0 0 0 0 0 0 0 0 0 0 0 0 0 0 0 0 0 0 0 0 0 0 0 0 0 0 0 0 0 0 0 0 0 0 0 0 0 0 0 0 0 0 0 0 0 0 0 0 0 0 0 0 0 0 0 0 0 0 0 0 0 0 0 0 0 0 0 0 0 0 0 0 0 0 0 0 0 0 0 0 0 0 0 0 0 0 0 0 0 0 0 0 0 0 0 0 0 0 0 0 0 0 0 0 0 0 0 0 0 0 0 0 0 0 0 0 0 0 0 0 0 0 0 0 0 0 0 0 0 0 0 0 0 0 0 0 0 0 0 0 0 0 0 0 0 0 0 0 0 0 0 0 0 0 0 0 0 0 0 0 0 0 0 0 0 0 0 0 0 0 0 0 0 0 0 0 0 0 0 0 0 0 0 0 0 0 0 0 0 0 0 0 0 0 0 0 0 0 0 0 0 0 0 0 0 0 0 0 0 0 0 0 0 0 0 0 0 0 0 0 0 0 0 0 0 0 0 0 0 0 0 0 0 0 0 0 0 0 0 0 0 0 0 0 0 0 0 0 0 0 0 0 0 0 0 0 0 0 0 0 0 0 0 0 0 0 0 0 0 0 0 0 0 0 0 0 0 0 0 0 0 0 0 0 0 0 0 0 0 0 0 0 0 0 0 0 0 0 0 0 0 0 0 0 0 0 0 0 0 0 0 0 0 0 0 0 0 0 0 0 0 0 0 0 0 0 0 0 0 0 0 0 0 0 0 0 0 0 0 0 0 0 0 0 0 0 0 0 0 0 0 0 0 0 0 0 0 0 0 0 0 0 0 0 0 0 0 0 0 0 0 0 0 0 0 0 0 0 0 0 0 0 0 0 0 0 0 0 0 0 0 0 0 0 0 0 0 0 0 0 0 0 0 0 0 0 0 0 0 0 0 0 0 0 0 0 0 0 0 0 0 0 0 0 0 0 0 0 0 0 0 0 0 0 0 0 0 0 0 0 0 0 0 0 0 0 0 0 0 0 0 0 0 0 0 0 0 0 0 0 0 0 0 0 0 0 0 0 0 0 0 0 0 0 0 0 0 0 0 0 0 0 0 0 0 0 0 0 0 0 0 0 0 0 0 0 0 0 0 0 0 0 0 0 0 0 0 0 0 0 0 0 0 0 0 0 0 0 0 0 0 0 0 0 0 0 0 0 0 0 0 0 0 0 0 0 0 0 0 0 0 0 0 0 0 0 0 0 0 0 0 0 0 0 0 0 0 0 0 0 0 0 0 0 0 0 0 0 0 0 0 0 0 0 0 0 0 0 0 0 0 0 0 0 0 0 0 0 0 0 0 0 0 0 0 0 0 0 0 0 0 0 0 0 0 0 0 0 0 0 0 0 0 0 0 0 0 0 0 0 0 0 0 0 0 0 0 0 0 0 0 0 0 0 0 0 0 0 0 0 0 0 0 0 0 0 0 0 0 0 0 0 0 0 0 0 0 0 0 0 0 0 0 0 0 0 0 0 0 0 0 0 0 0 0 0 0 0 0 0 0 0 0 0 0 0 0 0 0 0 0 0 0 0 0 0 0 0 0 0 0 0 0 0 0 0 0 0 0 0 0 0 0 0 0 0 0 0 0 0 0 0 0 0 0 0 0 0 0 0 0 0 0 0 0 0 0 0 0 0 0 0 0 0 0 0 0 0 0 0 0 0 0 0 0 0 0 0 0 0 0 0 0 0 0 0 0 0 0 0 0 0 0 0 0 0 0 0 0 0 0 0 0 0 0 0 0 0 0 0 0 0 0 0 0 0 0 0 0 0 0 0 0 0 0 0 0 0 0 0 0 0 0 0 0 0 0 0 0 0 0 0 0 0 0 0 0 0 0 0 0 0 0 0 0 0 0 0 0 0 0 0 0 0 0 0 0 0 0 0 0 0 0 0 0 0 0 0 0 0 0 0 0 0 ", 4096) = 4096
360557 read(3, "0 0 0 0 0 0 0 0 0 0 0 0 0 0 0 0 0 0 0 0 0 0 0 0 0 0 0 0 0 0 0 0 0 0 0 0 0 0 0 0 0 0 0 0 0 0 0 0 0 0 0 0 0 0 0 0 0 0 0 0 0 0 0 0 0 0 0 0 0 0 0 0 0 0 0 0 0 0 0 0 0 0 0 0 0 0 0 0 0 0 0 0 0 0 0 0 0 0 0 0 0 0 0 0 0 0 0 0 0 0 0 0 0 0 0 0 0 0 0 0 0 0 0 0 0 0 0 0 0 0 0 0 0 0 0 0 0 0 0 0 0 0 0 0 0 0 0 0 0 0 0 0 0 0 0 0 0 0 0 0 0 0 0 0 0 0 0 0 0 0 0 0 0 0 0 0 0 0 0 0 0 0 0 0 0 0 0 0 0 0 0 0 0 0 0 0 0 0 0 0 0 0 0 0 0 0 0 0 0 0 0 0 0 0 0 0 0 0 0 0 0 0 0 0 0", 449) = 449
360557 read(3, " 0 0 0 0 0 0 0 0 0 0 0 0 0 0 0 0 0 0 0 0 0 0 0 0 0 0 0 0 0 0 0 0 0 0 0 0 0 0 0 0 0 0 0 0 0 0 0 0 0 0 0 0\nctxt 212509353\nbtime 1779535744\nprocesses 360569\nprocs_running 3\nprocs_blocked 1\nsoftirq 69832102 10473668 6476268 21626 3997487 113359 0 87157 31932826 1096 16728615\n", 4096) = 272
360557 epoll_ctl(4, EPOLL_CTL_DEL, 3, 0xf241b112bac) = 0
360557 close(3)                         = 0
360557 getpriority(PRIO_PROCESS, 360556) = 20
360557 openat(AT_FDCWD, "/proc/360556/cmdline", O_RDONLY|O_CLOEXEC) = 3
360557 fcntl(3, F_GETFL)                = 0x8000 (flags O_RDONLY|O_LARGEFILE)
360557 fcntl(3, F_SETFL, O_RDONLY|O_NONBLOCK|O_LARGEFILE) = 0
360557 epoll_ctl(4, EPOLL_CTL_ADD, 3, {events=EPOLLIN|EPOLLOUT|EPOLLRDHUP|EPOLLET, data={u32=1157627921, u64=4535452484679761937}}) = -1 EPERM (Operation not permitted)
360557 fcntl(3, F_GETFL)                = 0x8800 (flags O_RDONLY|O_NONBLOCK|O_LARGEFILE)
360557 fcntl(3, F_SETFL, O_RDONLY|O_LARGEFILE) = 0
360557 fstat(3, {st_dev=makedev(0, 0x19), st_ino=1776840, st_mode=S_IFREG|0444, st_nlink=1, st_uid=0, st_gid=0, st_blksize=1024, st_blocks=0, st_size=0, st_atime=1779553365 /* 2026-05-23T18:22:45.466821008+0200 */, st_atime_nsec=466821008, st_mtime=1779553365 /* 2026-05-23T18:22:45.466821008+0200 */, st_mtime_nsec=466821008, st_ctime=1779553365 /* 2026-05-23T18:22:45.466821008+0200 */, st_ctime_nsec=466821008}) = 0
360557 read(3, "./test_c452_opencl_trace\0", 512) = 25
360557 read(3, "", 871)                 = 0
360557 close(3)                         = 0
360557 write(1, "\0\0\0\0\0\0\0\0", 8)  = 8
360556 <... read resumed>"\0\0\0\0\0\0\0\0", 65536) = 8
360557 exit_group(0 <unfinished ...>
360556 read(5,  <unfinished ...>
360558 <... nanosleep resumed> <unfinished ...>) = ?
360559 <... futex resumed>)             = ?
360557 <... exit_group resumed>)        = ?
360561 <... epoll_pwait resumed> <unfinished ...>) = ?
360560 <... futex resumed>)             = ?
360559 +++ exited with 0 +++
360558 +++ exited with 0 +++
360561 +++ exited with 0 +++
360556 <... read resumed>"", 65528)     = 0
360560 +++ exited with 0 +++
360557 +++ exited with 0 +++
360556 --- SIGCHLD {si_signo=SIGCHLD, si_code=CLD_EXITED, si_pid=360557, si_uid=0, si_status=0, si_utime=0, si_stime=1 /* 0.01 s */} ---
360556 close(5)                         = 0
360556 wait4(360557, [{WIFEXITED(s) && WEXITSTATUS(s) == 0}], 0, NULL) = 360557
360556 rt_sigaction(SIGSEGV, NULL, {sa_handler=0x77176700e22a, sa_mask=[], sa_flags=SA_RESTORER|SA_SIGINFO, sa_restorer=0x771766c45330}, 8) = 0
360556 rt_sigaction(SIGSEGV, {sa_handler=SIG_DFL, sa_mask=[], sa_flags=SA_RESTORER, sa_restorer=0x771766c45330}, NULL, 8) = 0
360556 rt_sigaction(SIGABRT, NULL, {sa_handler=0x77176700e22a, sa_mask=[], sa_flags=SA_RESTORER|SA_SIGINFO, sa_restorer=0x771766c45330}, 8) = 0
360556 rt_sigaction(SIGABRT, {sa_handler=SIG_DFL, sa_mask=[], sa_flags=SA_RESTORER, sa_restorer=0x771766c45330}, NULL, 8) = 0
360556 rt_sigaction(SIGBUS, NULL, {sa_handler=0x77176700e22a, sa_mask=[], sa_flags=SA_RESTORER|SA_SIGINFO, sa_restorer=0x771766c45330}, 8) = 0
360556 rt_sigaction(SIGBUS, {sa_handler=SIG_DFL, sa_mask=[], sa_flags=SA_RESTORER, sa_restorer=0x771766c45330}, NULL, 8) = 0
360556 openat(AT_FDCWD, "/etc/OpenCL/vendors", O_RDONLY|O_NONBLOCK|O_CLOEXEC|O_DIRECTORY) = 5
360556 fstat(5, {st_dev=makedev(0x103, 0x2), st_ino=10486777, st_mode=S_IFDIR|0755, st_nlink=2, st_uid=0, st_gid=0, st_blksize=4096, st_blocks=8, st_size=4096, st_atime=1779490666 /* 2026-05-23T00:57:46.362376814+0200 */, st_atime_nsec=362376814, st_mtime=1778520589 /* 2026-05-11T19:29:49.636277080+0200 */, st_mtime_nsec=636277080, st_ctime=1778520589 /* 2026-05-11T19:29:49.636277080+0200 */, st_ctime_nsec=636277080}) = 0
360556 getdents64(5, [{d_ino=10485781, d_off=3627514904138689405, d_reclen=24, d_type=DT_DIR, d_name=".."}, {d_ino=10486778, d_off=5173101166141319179, d_reclen=32, d_type=DT_REG, d_name="intel.icd"}, {d_ino=10486777, d_off=7305490109127695894, d_reclen=24, d_type=DT_DIR, d_name="."}, {d_ino=10485783, d_off=9223372036854775807, d_reclen=32, d_type=DT_REG, d_name="intel64.icd"}], 32768) = 112
360556 getdents64(5, [], 32768)         = 0
360556 lseek(5, 0, SEEK_SET)            = 0
360556 getdents64(5, [{d_ino=10485781, d_off=3627514904138689405, d_reclen=24, d_type=DT_DIR, d_name=".."}, {d_ino=10486778, d_off=5173101166141319179, d_reclen=32, d_type=DT_REG, d_name="intel.icd"}, {d_ino=10486777, d_off=7305490109127695894, d_reclen=24, d_type=DT_DIR, d_name="."}, {d_ino=10485783, d_off=9223372036854775807, d_reclen=32, d_type=DT_REG, d_name="intel64.icd"}], 32768) = 112
360556 openat(AT_FDCWD, "/etc/OpenCL/vendors/intel.icd", O_RDONLY) = 6
360556 fstat(6, {st_dev=makedev(0x103, 0x2), st_ino=10486778, st_mode=S_IFREG|0644, st_nlink=1, st_uid=0, st_gid=0, st_blksize=4096, st_blocks=8, st_size=52, st_atime=1779490666 /* 2026-05-23T00:57:46.362376814+0200 */, st_atime_nsec=362376814, st_mtime=1713340342 /* 2024-04-17T09:52:22+0200 */, st_mtime_nsec=0, st_ctime=1776525389 /* 2026-04-18T17:16:29.728032373+0200 */, st_ctime_nsec=728032373}) = 0
360556 fstat(6, {st_dev=makedev(0x103, 0x2), st_ino=10486778, st_mode=S_IFREG|0644, st_nlink=1, st_uid=0, st_gid=0, st_blksize=4096, st_blocks=8, st_size=52, st_atime=1779490666 /* 2026-05-23T00:57:46.362376814+0200 */, st_atime_nsec=362376814, st_mtime=1713340342 /* 2024-04-17T09:52:22+0200 */, st_mtime_nsec=0, st_ctime=1776525389 /* 2026-04-18T17:16:29.728032373+0200 */, st_ctime_nsec=728032373}) = 0
360556 lseek(6, 0, SEEK_SET)            = 0
360556 read(6, "/usr/lib/x86_64-linux-gnu/intel-opencl/libigdrcl.so\n", 52) = 52
360556 lseek(6, 52, SEEK_SET)           = 52
360556 close(6)                         = 0
360556 openat(AT_FDCWD, "/usr/lib/x86_64-linux-gnu/intel-opencl/libigdrcl.so", O_RDONLY|O_CLOEXEC) = 6
360556 read(6, "\177ELF\2\1\1\0\0\0\0\0\0\0\0\0\3\0>\0\1\0\0\0\0\0\0\0\0\0\0\0@\0\0\0\0\0\0\0\360\336^\1\0\0\0\0\0\0\0\0@\08\0\f\0@\0\36\0\35\0\1\0\0\0\4\0\0\0\0\0\0\0\0\0\0\0\0\0\0\0\0\0\0\0\0\0\0\0\0\0\0\0\30\26\6\0\0\0\0\0\30\26\6\0\0\0\0\0\0\20\0\0\0\0\0\0\1\0\0\0\5\0\0\0\0 \6\0\0\0\0\0\0 \6\0\0\0\0\0\0 \6\0\0\0\0\0\205\336w\0\0\0\0\0\205\336w\0\0\0\0\0\0\20\0\0\0\0\0\0\1\0\0\0\4\0\0\0\0\0~\0\0\0\0\0\0\0~\0\0\0\0\0\0\0~\0\0\0\0\0\240J\23\0\0\0\0\0\240J\23\0\0\0\0\0\0\20\0\0\0\0\0\0\1\0\0\0\6\0\0\0\260O\221\0\0\0\0\0\260_\221\0\0\0\0\0\260_\221\0\0\0\0\0\351\215\315\0\0\0\0\0\220T\327\0\0\0\0\0\0\20\0\0\0\0\0\0\2\0\0\0\6\0\0\0\30.\223\0\0\0\0\0\30>\223\0\0\0\0\0\30>\223\0\0\0\0\0@\2\0\0\0\0\0\0@\2\0\0\0\0\0\0\10\0\0\0\0\0\0\0\4\0\0\0\4\0\0\0\340\2\0\0\0\0\0\0\340\2\0\0\0\0\0\0\340\2\0\0\0\0\0\0 \0\0\0\0\0\0\0 \0\0\0\0\0\0\0\10\0\0\0\0\0\0\0\4\0\0\0\4\0\0\0\0\3\0\0\0\0\0\0\0\3\0\0\0\0\0\0\0\3\0\0\0\0\0\0$\0\0\0\0\0\0\0$\0\0\0\0\0\0\0\4\0\0\0\0\0\0\0\7\0\0\0\4\0\0\0\260O\221\0\0\0\0\0\260_\221\0\0\0\0\0\260_\221\0\0\0\0\0\0\0\0\0\0\0\0\0\1\0\0\0\0\0\0\0\1\0\0\0\0\0\0\0S\345td\4\0\0\0\340\2\0\0\0\0\0\0\340\2\0\0\0\0\0\0\340\2\0\0\0\0\0\0 \0\0\0\0\0\0\0 \0\0\0\0\0\0\0\10\0\0\0\0\0\0\0P\345td\4\0\0\0\340\343\201\0\0\0\0\0\340\343\201\0\0\0\0\0\340\343\201\0\0\0\0\0\204,\2\0\0\0\0\0\204,\2\0\0\0\0\0\4\0\0\0\0\0\0\0Q\345td\6\0\0\0\0\0\0\0\0\0\0\0\0\0\0\0\0\0\0\0\0\0\0\0\0\0\0\0\0\0\0\0\0\0\0\0\0\0\0\0\0\0\0\0\20\0\0\0\0\0\0\0R\345td\4\0\0\0\260O\221\0\0\0\0\0\260_\221\0\0\0\0\0\260_\221\0\0\0\0\0P\20\2\0\0\0\0\0P\20\2\0\0\0\0\0\1\0\0\0\0\0\0\0\4\0\0\0\20\0\0\0\5\0\0\0GNU\0\2\0\0\300\4\0\0\0\3\0\0\0\0\0\0\0\4\0\0\0\24\0\0\0\3\0\0\0GNU\0D\246\37\25\2200P\33\vo\221\266\352\31\32\335\271\312}\212\0\0\0\0\3\0\0\0\1\1\0\0\1\0\0\0\6\0\0\0$\200\0\4\0\300  ", 832) = 832
360556 fstat(6, {st_dev=makedev(0x103, 0x2), st_ino=8786007, st_mode=S_IFREG|0644, st_nlink=1, st_uid=0, st_gid=0, st_blksize=4096, st_blocks=44920, st_size=22996592, st_atime=1779490666 /* 2026-05-23T00:57:46.363376814+0200 */, st_atime_nsec=363376814, st_mtime=1713340342 /* 2024-04-17T09:52:22+0200 */, st_mtime_nsec=0, st_ctime=1778352685 /* 2026-05-09T20:51:25.792302632+0200 */, st_ctime_nsec=792302632}) = 0
360556 mmap(NULL, 23639104, PROT_READ, MAP_PRIVATE|MAP_DENYWRITE, 6, 0) = 0x771765400000
360556 mmap(0x771765462000, 7856128, PROT_READ|PROT_EXEC, MAP_PRIVATE|MAP_FIXED|MAP_DENYWRITE, 6, 0x62000) = 0x771765462000
360556 mmap(0x771765be0000, 1265664, PROT_READ, MAP_PRIVATE|MAP_FIXED|MAP_DENYWRITE, 6, 0x7e0000) = 0x771765be0000
360556 mmap(0x771765d15000, 13475840, PROT_READ|PROT_WRITE, MAP_PRIVATE|MAP_FIXED|MAP_DENYWRITE, 6, 0x914000) = 0x771765d15000
360556 mmap(0x7717669ef000, 640064, PROT_READ|PROT_WRITE, MAP_PRIVATE|MAP_FIXED|MAP_ANONYMOUS, -1, 0) = 0x7717669ef000
360556 close(6)                         = 0
360556 openat(AT_FDCWD, "/etc/ld.so.cache", O_RDONLY|O_CLOEXEC) = 6
360556 fstat(6, {st_dev=makedev(0x103, 0x2), st_ino=9964283, st_mode=S_IFREG|0644, st_nlink=1, st_uid=0, st_gid=0, st_blksize=4096, st_blocks=168, st_size=85275, st_atime=1779536083 /* 2026-05-23T13:34:43.113101225+0200 */, st_atime_nsec=113101225, st_mtime=1779536083 /* 2026-05-23T13:34:43.101709256+0200 */, st_mtime_nsec=101709256, st_ctime=1779536083 /* 2026-05-23T13:34:43.103709256+0200 */, st_ctime_nsec=103709256}) = 0
360556 mmap(NULL, 85275, PROT_READ, MAP_PRIVATE, 6, 0) = 0x771766fd2000
360556 close(6)                         = 0
360556 openat(AT_FDCWD, "/lib/x86_64-linux-gnu/libigdgmm.so.12", O_RDONLY|O_CLOEXEC) = 6
360556 read(6, "\177ELF\2\1\1\0\0\0\0\0\0\0\0\0\3\0>\0\1\0\0\0\0\0\0\0\0\0\0\0@\0\0\0\0\0\0\0\10\262\t\0\0\0\0\0\0\0\0\0@\08\0\v\0@\0\36\0\35\0\1\0\0\0\4\0\0\0\0\0\0\0\0\0\0\0\0\0\0\0\0\0\0\0\0\0\0\0\0\0\0\0Xs\0\0\0\0\0\0Xs\0\0\0\0\0\0\0\20\0\0\0\0\0\0\1\0\0\0\5\0\0\0\0\200\0\0\0\0\0\0\0\200\0\0\0\0\0\0\0\200\0\0\0\0\0\0U\212\10\0\0\0\0\0U\212\10\0\0\0\0\0\0\20\0\0\0\0\0\0\1\0\0\0\4\0\0\0\0\20\t\0\0\0\0\0\0\20\t\0\0\0\0\0\0\20\t\0\0\0\0\0\36v\0\0\0\0\0\0\36v\0\0\0\0\0\0\0\20\0\0\0\0\0\0\1\0\0\0\6\0\0\0\370\225\t\0\0\0\0\0\370\225\t\0\0\0\0\0\370\225\t\0\0\0\0\0\270\32\0\0\0\0\0\0\310\32\0\0\0\0\0\0\0\20\0\0\0\0\0\0\2\0\0\0\6\0\0\0\300\255\t\0\0\0\0\0\300\255\t\0\0\0\0\0\300\255\t\0\0\0\0\0\360\1\0\0\0\0\0\0\360\1\0\0\0\0\0\0\10\0\0\0\0\0\0\0\4\0\0\0\4\0\0\0\250\2\0\0\0\0\0\0\250\2\0\0\0\0\0\0\250\2\0\0\0\0\0\0 \0\0\0\0\0\0\0 \0\0\0\0\0\0\0\10\0\0\0\0\0\0\0\4\0\0\0\4\0\0\0\310\2\0\0\0\0\0\0\310\2\0\0\0\0\0\0\310\2\0\0\0\0\0\0$\0\0\0\0\0\0\0$\0\0\0\0\0\0\0\4\0\0\0\0\0\0\0S\345td\4\0\0\0\250\2\0\0\0\0\0\0\250\2\0\0\0\0\0\0\250\2\0\0\0\0\0\0 \0\0\0\0\0\0\0 \0\0\0\0\0\0\0\10\0\0\0\0\0\0\0P\345td\4\0\0\0\334G\t\0\0\0\0\0\334G\t\0\0\0\0\0\334G\t\0\0\0\0\0\344\v\0\0\0\0\0\0\344\v\0\0\0\0\0\0\4\0\0\0\0\0\0\0Q\345td\6\0\0\0\0\0\0\0\0\0\0\0\0\0\0\0\0\0\0\0\0\0\0\0\0\0\0\0\0\0\0\0\0\0\0\0\0\0\0\0\0\0\0\0\20\0\0\0\0\0\0\0R\345td\4\0\0\0\370\225\t\0\0\0\0\0\370\225\t\0\0\0\0\0\370\225\t\0\0\0\0\0\10\32\0\0\0\0\0\0\10\32\0\0\0\0\0\0\1\0\0\0\0\0\0\0\4\0\0\0\20\0\0\0\5\0\0\0GNU\0\2\0\0\300\4\0\0\0\3\0\0\0\0\0\0\0\4\0\0\0\24\0\0\0\3\0\0\0GNU\0\36\24\35\203/\234\344\222d\353\216v\2719M\372\202\251:~\0\0\0\0C\0\0\0\34\0\0\0\10\0\0\0\t\0\0\0\21\200\212\31\300\0@\0\22\"P\33\240&\230\304\305\4R\f\260\36\250\3134\1R0\242@DQ\20$\0\200L\1\213)\n\320\313\224P\37%\20\264v\0\267\220\312\312\2452@e\1\7\32\302(", 832) = 832
360556 fstat(6, {st_dev=makedev(0x103, 0x2), st_ino=8404053, st_mode=S_IFREG|0644, st_nlink=1, st_uid=0, st_gid=0, st_blksize=4096, st_blocks=1248, st_size=637320, st_atime=1779483207 /* 2026-05-22T22:53:27.225021135+0200 */, st_atime_nsec=225021135, st_mtime=1768246741 /* 2026-01-12T20:39:01+0100 */, st_mtime_nsec=0, st_ctime=1774614990 /* 2026-03-27T13:36:30.949818663+0100 */, st_ctime_nsec=949818663}) = 0
360556 mmap(NULL, 635072, PROT_READ, MAP_PRIVATE|MAP_DENYWRITE, 6, 0) = 0x771766f20000
360556 mmap(0x771766f28000, 561152, PROT_READ|PROT_EXEC, MAP_PRIVATE|MAP_FIXED|MAP_DENYWRITE, 6, 0x8000) = 0x771766f28000
360556 mmap(0x771766fb1000, 32768, PROT_READ, MAP_PRIVATE|MAP_FIXED|MAP_DENYWRITE, 6, 0x91000) = 0x771766fb1000
360556 mmap(0x771766fb9000, 12288, PROT_READ|PROT_WRITE, MAP_PRIVATE|MAP_FIXED|MAP_DENYWRITE, 6, 0x99000) = 0x771766fb9000
360556 close(6)                         = 0
360556 openat(AT_FDCWD, "/lib/x86_64-linux-gnu/libstdc++.so.6", O_RDONLY|O_CLOEXEC) = 6
360556 read(6, "\177ELF\2\1\1\3\0\0\0\0\0\0\0\0\3\0>\0\1\0\0\0\0\0\0\0\0\0\0\0@\0\0\0\0\0\0\0 \205'\0\0\0\0\0\0\0\0\0@\08\0\f\0@\0#\0\"\0\1\0\0\0\4\0\0\0\0\0\0\0\0\0\0\0\0\0\0\0\0\0\0\0\0\0\0\0\0\0\0\0`\304\t\0\0\0\0\0`\304\t\0\0\0\0\0\0\20\0\0\0\0\0\0\1\0\0\0\5\0\0\0\0\320\t\0\0\0\0\0\0\320\t\0\0\0\0\0\0\320\t\0\0\0\0\0\361|\24\0\0\0\0\0\361|\24\0\0\0\0\0\0\20\0\0\0\0\0\0\1\0\0\0\4\0\0\0\0P\36\0\0\0\0\0\0P\36\0\0\0\0\0\0P\36\0\0\0\0\0\203`\10\0\0\0\0\0\203`\10\0\0\0\0\0\0\20\0\0\0\0\0\0\1\0\0\0\6\0\0\0\20\263&\0\0\0\0\0\20\303&\0\0\0\0\0\20\303&\0\0\0\0\0\220\317\0\0\0\0\0\0000\16\1\0\0\0\0\0\0\20\0\0\0\0\0\0\2\0\0\0\6\0\0\0\200M'\0\0\0\0\0\200]'\0\0\0\0\0\200]'\0\0\0\0\0 \2\0\0\0\0\0\0 \2\0\0\0\0\0\0\10\0\0\0\0\0\0\0\4\0\0\0\4\0\0\0\340\2\0\0\0\0\0\0\340\2\0\0\0\0\0\0\340\2\0\0\0\0\0\0 \0\0\0\0\0\0\0 \0\0\0\0\0\0\0\10\0\0\0\0\0\0\0\4\0\0\0\4\0\0\0\0\3\0\0\0\0\0\0\0\3\0\0\0\0\0\0\0\3\0\0\0\0\0\0\234\0\0\0\0\0\0\0\234\0\0\0\0\0\0\0\4\0\0\0\0\0\0\0\7\0\0\0\4\0\0\0\20\263&\0\0\0\0\0\20\303&\0\0\0\0\0\20\303&\0\0\0\0\0\0\0\0\0\0\0\0\0 \0\0\0\0\0\0\0\10\0\0\0\0\0\0\0S\345td\4\0\0\0\340\2\0\0\0\0\0\0\340\2\0\0\0\0\0\0\340\2\0\0\0\0\0\0 \0\0\0\0\0\0\0 \0\0\0\0\0\0\0\10\0\0\0\0\0\0\0P\345td\4\0\0\0\360\274\"\0\0\0\0\0\360\274\"\0\0\0\0\0\360\274\"\0\0\0\0\0D\240\0\0\0\0\0\0D\240\0\0\0\0\0\0\4\0\0\0\0\0\0\0Q\345td\6\0\0\0\0\0\0\0\0\0\0\0\0\0\0\0\0\0\0\0\0\0\0\0\0\0\0\0\0\0\0\0\0\0\0\0\0\0\0\0\0\0\0\0\20\0\0\0\0\0\0\0R\345td\4\0\0\0\20\263&\0\0\0\0\0\20\303&\0\0\0\0\0\20\303&\0\0\0\0\0\360\254\0\0\0\0\0\0\360\254\0\0\0\0\0\0\1\0\0\0\0\0\0\0\4\0\0\0\20\0\0\0\5\0\0\0GNU\0\2\0\0\300\4\0\0\0\3\0\0\0\0\0\0\0\4\0\0\0\24\0\0\0\3\0\0\0GNU\0u<l\206\10\266\35Ng\276\217\f\211\16\3\340\252\4k\213\4\0\0\0h\0\0\0~\32\376\312FDO\0{\"type\":\"deb", 832) = 832
360556 fstat(6, {st_dev=makedev(0x103, 0x2), st_ino=8397681, st_mode=S_IFREG|0644, st_nlink=1, st_uid=0, st_gid=0, st_blksize=4096, st_blocks=5064, st_size=2592224, st_atime=1779476708 /* 2026-05-22T21:05:08.565551312+0200 */, st_atime_nsec=565551312, st_mtime=1766093810 /* 2025-12-18T22:36:50+0100 */, st_mtime_nsec=0, st_ctime=1774615484 /* 2026-03-27T13:44:44.468772949+0100 */, st_ctime_nsec=468772949}) = 0
360556 mmap(NULL, 2609472, PROT_READ, MAP_PRIVATE|MAP_DENYWRITE, 6, 0) = 0x771765000000
360556 mmap(0x77176509d000, 1343488, PROT_READ|PROT_EXEC, MAP_PRIVATE|MAP_FIXED|MAP_DENYWRITE, 6, 0x9d000) = 0x77176509d000
360556 mmap(0x7717651e5000, 552960, PROT_READ, MAP_PRIVATE|MAP_FIXED|MAP_DENYWRITE, 6, 0x1e5000) = 0x7717651e5000
360556 mmap(0x77176526c000, 57344, PROT_READ|PROT_WRITE, MAP_PRIVATE|MAP_FIXED|MAP_DENYWRITE, 6, 0x26b000) = 0x77176526c000
360556 mmap(0x77176527a000, 12608, PROT_READ|PROT_WRITE, MAP_PRIVATE|MAP_FIXED|MAP_ANONYMOUS, -1, 0) = 0x77176527a000
360556 close(6)                         = 0
360556 openat(AT_FDCWD, "/lib/x86_64-linux-gnu/libm.so.6", O_RDONLY|O_CLOEXEC) = 6
360556 read(6, "\177ELF\2\1\1\3\0\0\0\0\0\0\0\0\3\0>\0\1\0\0\0\0\0\0\0\0\0\0\0@\0\0\0\0\0\0\0h\201\16\0\0\0\0\0\0\0\0\0@\08\0\v\0@\0\37\0\36\0\1\0\0\0\4\0\0\0\0\0\0\0\0\0\0\0\0\0\0\0\0\0\0\0\0\0\0\0\0\0\0\0\350\366\0\0\0\0\0\0\350\366\0\0\0\0\0\0\0\20\0\0\0\0\0\0\1\0\0\0\5\0\0\0\0\0\1\0\0\0\0\0\0\0\1\0\0\0\0\0\0\0\1\0\0\0\0\0\265\343\7\0\0\0\0\0\265\343\7\0\0\0\0\0\0\20\0\0\0\0\0\0\1\0\0\0\4\0\0\0\0\360\10\0\0\0\0\0\0\360\10\0\0\0\0\0\0\360\10\0\0\0\0\0P\177\5\0\0\0\0\0P\177\5\0\0\0\0\0\0\20\0\0\0\0\0\0\1\0\0\0\6\0\0\0\0|\16\0\0\0\0\0\0|\16\0\0\0\0\0\0|\16\0\0\0\0\0\f\4\0\0\0\0\0\0\30\4\0\0\0\0\0\0\0\20\0\0\0\0\0\0\2\0\0\0\6\0\0\0\20|\16\0\0\0\0\0\20|\16\0\0\0\0\0\20|\16\0\0\0\0\0\220\2\0\0\0\0\0\0\220\2\0\0\0\0\0\0\10\0\0\0\0\0\0\0\4\0\0\0\4\0\0\0\250\2\0\0\0\0\0\0\250\2\0\0\0\0\0\0\250\2\0\0\0\0\0\0000\0\0\0\0\0\0\0000\0\0\0\0\0\0\0\10\0\0\0\0\0\0\0\4\0\0\0\4\0\0\0\330\2\0\0\0\0\0\0\330\2\0\0\0\0\0\0\330\2\0\0\0\0\0\0D\0\0\0\0\0\0\0D\0\0\0\0\0\0\0\4\0\0\0\0\0\0\0S\345td\4\0\0\0\250\2\0\0\0\0\0\0\250\2\0\0\0\0\0\0\250\2\0\0\0\0\0\0000\0\0\0\0\0\0\0000\0\0\0\0\0\0\0\10\0\0\0\0\0\0\0P\345td\4\0\0\0\240\322\r\0\0\0\0\0\240\322\r\0\0\0\0\0\240\322\r\0\0\0\0\0|\33\0\0\0\0\0\0|\33\0\0\0\0\0\0\4\0\0\0\0\0\0\0Q\345td\6\0\0\0\0\0\0\0\0\0\0\0\0\0\0\0\0\0\0\0\0\0\0\0\0\0\0\0\0\0\0\0\0\0\0\0\0\0\0\0\0\0\0\0\20\0\0\0\0\0\0\0R\345td\4\0\0\0\0|\16\0\0\0\0\0\0|\16\0\0\0\0\0\0|\16\0\0\0\0\0\0\4\0\0\0\0\0\0\0\4\0\0\0\0\0\0\1\0\0\0\0\0\0\0\4\0\0\0 \0\0\0\5\0\0\0GNU\0\2\0\0\300\4\0\0\0\3\0\0\0\0\0\0\0\2\200\0\300\4\0\0\0\1\0\0\0\0\0\0\0\4\0\0\0\24\0\0\0\3\0\0\0GNU\0\5\3132\7\1g\230C\262\205:\317[b\332\243\6\352\223\17\4\0\0\0\20\0\0\0\1\0\0\0GNU\0\0\0\0\0\3\0\0\0\2\0\0\0\0\0\0\0\0\0\0\0\347\3\0\0\301\4\0\0\261\4\0\0\264\2\0\0k\1\0\0\214\4\0\0\0\0\0\0e\3\0\0", 832) = 832
360556 fstat(6, {st_dev=makedev(0x103, 0x2), st_ino=8400459, st_mode=S_IFREG|0644, st_nlink=1, st_uid=0, st_gid=0, st_blksize=4096, st_blocks=1864, st_size=952616, st_atime=1779475321 /* 2026-05-22T20:42:01.450485169+0200 */, st_atime_nsec=450485169, st_mtime=1769761674 /* 2026-01-30T09:27:54+0100 */, st_mtime_nsec=0, st_ctime=1774613012 /* 2026-03-27T13:03:32.554177451+0100 */, st_ctime_nsec=554177451}) = 0
360556 mmap(NULL, 950296, PROT_READ, MAP_PRIVATE|MAP_DENYWRITE, 6, 0) = 0x771766e37000
360556 mmap(0x771766e47000, 520192, PROT_READ|PROT_EXEC, MAP_PRIVATE|MAP_FIXED|MAP_DENYWRITE, 6, 0x10000) = 0x771766e47000
360556 mmap(0x771766ec6000, 360448, PROT_READ, MAP_PRIVATE|MAP_FIXED|MAP_DENYWRITE, 6, 0x8f000) = 0x771766ec6000
360556 mmap(0x771766f1e000, 8192, PROT_READ|PROT_WRITE, MAP_PRIVATE|MAP_FIXED|MAP_DENYWRITE, 6, 0xe7000) = 0x771766f1e000
360556 close(6)                         = 0
360556 openat(AT_FDCWD, "/lib/x86_64-linux-gnu/libgcc_s.so.1", O_RDONLY|O_CLOEXEC) = 6
360556 read(6, "\177ELF\2\1\1\0\0\0\0\0\0\0\0\0\3\0>\0\1\0\0\0\0\0\0\0\0\0\0\0@\0\0\0\0\0\0\0000\303\2\0\0\0\0\0\0\0\0\0@\08\0\f\0@\0\37\0\36\0\1\0\0\0\4\0\0\0\0\0\0\0\0\0\0\0\0\0\0\0\0\0\0\0\0\0\0\0\0\0\0\0\3406\0\0\0\0\0\0\3406\0\0\0\0\0\0\0\20\0\0\0\0\0\0\1\0\0\0\5\0\0\0\0@\0\0\0\0\0\0\0@\0\0\0\0\0\0\0@\0\0\0\0\0\0U7\2\0\0\0\0\0U7\2\0\0\0\0\0\0\20\0\0\0\0\0\0\1\0\0\0\4\0\0\0\0\200\2\0\0\0\0\0\0\200\2\0\0\0\0\0\0\200\2\0\0\0\0\0\0;\0\0\0\0\0\0\0;\0\0\0\0\0\0\0\20\0\0\0\0\0\0\1\0\0\0\6\0\0\0\220\275\2\0\0\0\0\0\220\315\2\0\0\0\0\0\220\315\2\0\0\0\0\0@\4\0\0\0\0\0\0\30\6\0\0\0\0\0\0\0\20\0\0\0\0\0\0\2\0\0\0\6\0\0\0\260\275\2\0\0\0\0\0\260\315\2\0\0\0\0\0\260\315\2\0\0\0\0\0\0\2\0\0\0\0\0\0\0\2\0\0\0\0\0\0\10\0\0\0\0\0\0\0\4\0\0\0\4\0\0\0\340\2\0\0\0\0\0\0\340\2\0\0\0\0\0\0\340\2\0\0\0\0\0\0 \0\0\0\0\0\0\0 \0\0\0\0\0\0\0\10\0\0\0\0\0\0\0\4\0\0\0\4\0\0\0\0\3\0\0\0\0\0\0\0\3\0\0\0\0\0\0\0\3\0\0\0\0\0\0\234\0\0\0\0\0\0\0\234\0\0\0\0\0\0\0\4\0\0\0\0\0\0\0\7\0\0\0\4\0\0\0\220\275\2\0\0\0\0\0\220\315\2\0\0\0\0\0\220\315\2\0\0\0\0\0\0\0\0\0\0\0\0\0\10\0\0\0\0\0\0\0\10\0\0\0\0\0\0\0S\345td\4\0\0\0\340\2\0\0\0\0\0\0\340\2\0\0\0\0\0\0\340\2\0\0\0\0\0\0 \0\0\0\0\0\0\0 \0\0\0\0\0\0\0\10\0\0\0\0\0\0\0P\345td\4\0\0\0D\213\2\0\0\0\0\0D\213\2\0\0\0\0\0D\213\2\0\0\0\0\0$\10\0\0\0\0\0\0$\10\0\0\0\0\0\0\4\0\0\0\0\0\0\0Q\345td\6\0\0\0\0\0\0\0\0\0\0\0\0\0\0\0\0\0\0\0\0\0\0\0\0\0\0\0\0\0\0\0\0\0\0\0\0\0\0\0\0\0\0\0\20\0\0\0\0\0\0\0R\345td\4\0\0\0\220\275\2\0\0\0\0\0\220\315\2\0\0\0\0\0\220\315\2\0\0\0\0\0p\2\0\0\0\0\0\0p\2\0\0\0\0\0\0\1\0\0\0\0\0\0\0\4\0\0\0\20\0\0\0\5\0\0\0GNU\0\2\0\0\300\4\0\0\0\3\0\0\0\0\0\0\0\4\0\0\0\24\0\0\0\3\0\0\0GNU\0Xsd\227\313\241\27?\354j\320\\u\351\226\332\316\375\35\357\4\0\0\0h\0\0\0~\32\376\312FDO\0{\"type\":\"deb", 832) = 832
360556 fstat(6, {st_dev=makedev(0x103, 0x2), st_ino=8397680, st_mode=S_IFREG|0644, st_nlink=1, st_uid=0, st_gid=0, st_blksize=4096, st_blocks=360, st_size=183024, st_atime=1779476576 /* 2026-05-22T21:02:56.119544997+0200 */, st_atime_nsec=119544997, st_mtime=1766093810 /* 2025-12-18T22:36:50+0100 */, st_mtime_nsec=0, st_ctime=1774615484 /* 2026-03-27T13:44:44.207774064+0100 */, st_ctime_nsec=207774064}) = 0
360556 mmap(NULL, 185256, PROT_READ, MAP_PRIVATE|MAP_DENYWRITE, 6, 0) = 0x771766bd2000
360556 mmap(0x771766bd6000, 147456, PROT_READ|PROT_EXEC, MAP_PRIVATE|MAP_FIXED|MAP_DENYWRITE, 6, 0x4000) = 0x771766bd6000
360556 mmap(0x771766bfa000, 16384, PROT_READ, MAP_PRIVATE|MAP_FIXED|MAP_DENYWRITE, 6, 0x28000) = 0x771766bfa000
360556 mmap(0x771766bfe000, 8192, PROT_READ|PROT_WRITE, MAP_PRIVATE|MAP_FIXED|MAP_DENYWRITE, 6, 0x2b000) = 0x771766bfe000
360556 close(6)                         = 0
360556 mprotect(0x771766bfe000, 4096, PROT_READ) = 0
360556 mprotect(0x771766f1e000, 4096, PROT_READ) = 0
360556 mprotect(0x77176526c000, 45056, PROT_READ) = 0
360556 mprotect(0x771766fb9000, 8192, PROT_READ) = 0
360556 mprotect(0x771765d15000, 139264, PROT_READ) = 0
360556 futex(0x77176527a7bc, FUTEX_WAKE_PRIVATE, 2147483647) = 0
360556 openat(AT_FDCWD, "igdrcl.config", O_RDONLY) = -1 ENOENT (No such file or directory)
360556 openat(AT_FDCWD, "neo.config", O_RDONLY) = -1 ENOENT (No such file or directory)
360556 brk(0x569258f67000)              = 0x569258f67000
360556 brk(0x569258f8b000)              = 0x569258f8b000
360556 brk(0x569258fb0000)              = 0x569258fb0000
360556 brk(0x569258fd4000)              = 0x569258fd4000
360556 brk(0x569258ff6000)              = 0x569258ff6000
360556 brk(0x56925901b000)              = 0x56925901b000
360556 brk(0x56925903c000)              = 0x56925903c000
360556 brk(0x569259060000)              = 0x569259060000
360556 brk(0x569259087000)              = 0x569259087000
360556 brk(0x5692590ae000)              = 0x5692590ae000
360556 brk(0x5692590d5000)              = 0x5692590d5000
360556 brk(0x5692590fc000)              = 0x5692590fc000
360556 brk(0x569259124000)              = 0x569259124000
360556 brk(0x56925914d000)              = 0x56925914d000
360556 brk(0x569259175000)              = 0x569259175000
360556 brk(0x56925919e000)              = 0x56925919e000
360556 brk(0x5692591c6000)              = 0x5692591c6000
360556 brk(0x5692591ef000)              = 0x5692591ef000
360556 brk(0x569259216000)              = 0x569259216000
360556 brk(0x56925923c000)              = 0x56925923c000
360556 brk(0x569259265000)              = 0x569259265000
360556 brk(0x56925928e000)              = 0x56925928e000
360556 brk(0x5692592b7000)              = 0x5692592b7000
360556 brk(0x5692592de000)              = 0x5692592de000
360556 brk(0x569259307000)              = 0x569259307000
360556 brk(0x56925932b000)              = 0x56925932b000
360556 brk(0x56925934f000)              = 0x56925934f000
360556 brk(0x569259373000)              = 0x569259373000
360556 brk(0x569259397000)              = 0x569259397000
360556 brk(0x5692593b8000)              = 0x5692593b8000
360556 brk(0x5692593dc000)              = 0x5692593dc000
360556 brk(0x569259409000)              = 0x569259409000
360556 brk(0x569259431000)              = 0x569259431000
360556 brk(0x569259459000)              = 0x569259459000
360556 brk(0x569259481000)              = 0x569259481000
360556 brk(0x5692594a9000)              = 0x5692594a9000
360556 brk(0x5692594ca000)              = 0x5692594ca000
360556 brk(0x5692594f2000)              = 0x5692594f2000
360556 brk(0x569259515000)              = 0x569259515000
360556 brk(0x56925953b000)              = 0x56925953b000
360556 brk(0x56925955d000)              = 0x56925955d000
360556 brk(0x569259587000)              = 0x569259587000
360556 brk(0x5692595aa000)              = 0x5692595aa000
360556 brk(0x5692595cf000)              = 0x5692595cf000
360556 brk(0x5692595f6000)              = 0x5692595f6000
360556 brk(0x56925961e000)              = 0x56925961e000
360556 brk(0x569259640000)              = 0x569259640000
360556 brk(0x569259662000)              = 0x569259662000
360556 brk(0x569259685000)              = 0x569259685000
360556 brk(0x5692596aa000)              = 0x5692596aa000
360556 brk(0x5692596cb000)              = 0x5692596cb000
360556 brk(0x5692596ef000)              = 0x5692596ef000
360556 brk(0x569259712000)              = 0x569259712000
360556 brk(0x569259734000)              = 0x569259734000
360556 brk(0x569259758000)              = 0x569259758000
360556 brk(0x56925977c000)              = 0x56925977c000
360556 brk(0x56925979d000)              = 0x56925979d000
360556 brk(0x5692597c3000)              = 0x5692597c3000
360556 brk(0x5692597e9000)              = 0x5692597e9000
360556 brk(0x56925980c000)              = 0x56925980c000
360556 brk(0x569259832000)              = 0x569259832000
360556 brk(0x569259854000)              = 0x569259854000
360556 brk(0x56925987b000)              = 0x56925987b000
360556 brk(0x5692598a3000)              = 0x5692598a3000
360556 brk(0x5692598c6000)              = 0x5692598c6000
360556 brk(0x5692598ec000)              = 0x5692598ec000
360556 brk(0x56925990e000)              = 0x56925990e000
360556 brk(0x569259933000)              = 0x569259933000
360556 brk(0x56925995b000)              = 0x56925995b000
360556 brk(0x569259983000)              = 0x569259983000
360556 brk(0x5692599aa000)              = 0x5692599aa000
360556 brk(0x5692599d3000)              = 0x5692599d3000
360556 brk(0x5692599f7000)              = 0x5692599f7000
360556 brk(0x569259a1b000)              = 0x569259a1b000
360556 brk(0x569259a3c000)              = 0x569259a3c000
360556 brk(0x569259a5f000)              = 0x569259a5f000
360556 brk(0x569259a88000)              = 0x569259a88000
360556 brk(0x569259ab3000)              = 0x569259ab3000
360556 brk(0x569259ad4000)              = 0x569259ad4000
360556 brk(0x569259af9000)              = 0x569259af9000
360556 brk(0x569259b1b000)              = 0x569259b1b000
360556 brk(0x569259b3d000)              = 0x569259b3d000
360556 brk(0x569259b61000)              = 0x569259b61000
360556 brk(0x569259b85000)              = 0x569259b85000
360556 brk(0x569259ba9000)              = 0x569259ba9000
360556 brk(0x569259bcc000)              = 0x569259bcc000
360556 brk(0x569259bf0000)              = 0x569259bf0000
360556 brk(0x569259c12000)              = 0x569259c12000
360556 brk(0x569259c34000)              = 0x569259c34000
360556 munmap(0x771766fd2000, 85275)    = 0
360556 openat(AT_FDCWD, "/etc/OpenCL/vendors/intel64.icd", O_RDONLY) = 6
360556 fstat(6, {st_dev=makedev(0x103, 0x2), st_ino=10485783, st_mode=S_IFREG|0644, st_nlink=1, st_uid=0, st_gid=0, st_blksize=4096, st_blocks=8, st_size=53, st_atime=1779490666 /* 2026-05-23T00:57:46.425376817+0200 */, st_atime_nsec=425376817, st_mtime=1778520589 /* 2026-05-11T19:29:49.636277080+0200 */, st_mtime_nsec=636277080, st_ctime=1778520589 /* 2026-05-11T19:29:49.636277080+0200 */, st_ctime_nsec=636277080}) = 0
360556 fstat(6, {st_dev=makedev(0x103, 0x2), st_ino=10485783, st_mode=S_IFREG|0644, st_nlink=1, st_uid=0, st_gid=0, st_blksize=4096, st_blocks=8, st_size=53, st_atime=1779490666 /* 2026-05-23T00:57:46.425376817+0200 */, st_atime_nsec=425376817, st_mtime=1778520589 /* 2026-05-11T19:29:49.636277080+0200 */, st_mtime_nsec=636277080, st_ctime=1778520589 /* 2026-05-11T19:29:49.636277080+0200 */, st_ctime_nsec=636277080}) = 0
360556 lseek(6, 0, SEEK_SET)            = 0
360556 read(6, "/opt/intel/oneapi/compiler/latest/lib/libintelocl.so\n", 53) = 53
360556 lseek(6, 53, SEEK_SET)           = 53
360556 close(6)                         = 0
360556 openat(AT_FDCWD, "/opt/intel/oneapi/compiler/latest/lib/libintelocl.so", O_RDONLY|O_CLOEXEC) = 6
360556 read(6, "\177ELF\2\1\1\0\0\0\0\0\0\0\0\0\3\0>\0\1\0\0\0\0\0\0\0\0\0\0\0@\0\0\0\0\0\0\0\340\n$\6\0\0\0\0\0\0\0\0@\08\0\n\0@\0+\0)\0\6\0\0\0\4\0\0\0@\0\0\0\0\0\0\0@\0\0\0\0\0\0\0@\0\0\0\0\0\0\0000\2\0\0\0\0\0\0000\2\0\0\0\0\0\0\10\0\0\0\0\0\0\0\1\0\0\0\4\0\0\0\0\0\0\0\0\0\0\0\0\0\0\0\0\0\0\0\0\0\0\0\0\0\0\0d\f`\2\0\0\0\0d\f`\2\0\0\0\0\0\20\0\0\0\0\0\0\1\0\0\0\5\0\0\0d\f`\2\0\0\0\0d\34`\2\0\0\0\0d\34`\2\0\0\0\0,\217l\2\0\0\0\0,\217l\2\0\0\0\0\0\20\0\0\0\0\0\0\1\0\0\0\6\0\0\0\300\233\314\4\0\0\0\0\300\273\314\4\0\0\0\0\300\273\314\4\0\0\0\0 \3479\0\0\0\0\0@\3649\0\0\0\0\0\0\20\0\0\0\0\0\0\1\0\0\0\6\0\0\0\340\202\6\5\0\0\0\0\340\262\6\5\0\0\0\0\340\262\6\5\0\0\0\0000u\6\0\0\0\0\0000\334\20\0\0\0\0\0\0\20\0\0\0\0\0\0\7\0\0\0\4\0\0\0\300\233\314\4\0\0\0\0\300\273\314\4\0\0\0\0\300\273\314\4\0\0\0\0\200\0\0\0\0\0\0\0\210\t\0\0\0\0\0\0@\0\0\0\0\0\0\0\2\0\0\0\6\0\0\0(q\6\5\0\0\0\0(\221\6\5\0\0\0\0(\221\6\5\0\0\0\0\260\2\0\0\0\0\0\0\260\2\0\0\0\0\0\0\10\0\0\0\0\0\0\0R\345td\4\0\0\0\300\233\314\4\0\0\0\0\300\273\314\4\0\0\0\0\300\273\314\4\0\0\0\0 \3479\0\0\0\0\0@\3649\0\0\0\0\0\1\0\0\0\0\0\0\0P\345td\4\0\0\0X\2\374\1\0\0\0\0X\2\374\1\0\0\0\0X\2\374\1\0\0\0\0\254(\16\0\0\0\0\0\254(\16\0\0\0\0\0\4\0\0\0\0\0\0\0Q\345td\6\0\0\0\0\0\0\0\0\0\0\0\0\0\0\0\0\0\0\0\0\0\0\0\0\0\0\0\0\0\0\0\0\0\0\0\0\0\0\0\0\0\0\0\0\0\0\0\0\0\0\0\0\0\0\0\0\0\0\0\0\0\0\0\0\0\0\0\0\0\0\0\0\0\0\0\1\0\0\0 \0\0\0\0\0\0\0\0\0\0\0\0\0\0\0\0\0\0\0\20\0\0\0 \0\0\0\0\0\0\0\0\0\0\0\0\0\0\0\0\0\0\0,\0\0\0 \0\0\0\0\0\0\0\0\0\0\0\0\0\0\0\0\0\0\0F\0\0\0\"\0\0\0\0\0\0\0\0\0\0\0\0\0\0\0\0\0\0\0U\0\0\0\22\0\0\0\0\0\0\0\0\0\0\0\0\0\0\0\0\0\0\0\\\0\0\0\22\0\0\0\0\0\0\0\0\0\0\0\0\0\0\0\0\0\0\0o\0\0\0\22\0\0\0\0\0\0\0\0\0\0\0\0\0\0\0\0\0\0\0\330\0\0\0\22\0\0\0\0\0\0\0\0\0\0\0", 832) = 832
360556 fstat(6, {st_dev=makedev(0x103, 0x2), st_ino=4220809, st_mode=S_IFREG|0755, st_nlink=1, st_uid=0, st_gid=0, st_blksize=4096, st_blocks=201232, st_size=103028128, st_atime=1779490666 /* 2026-05-23T00:57:46.428376817+0200 */, st_atime_nsec=428376817, st_mtime=1720718542 /* 2024-07-11T19:22:22+0200 */, st_mtime_nsec=0, st_ctime=1778520589 /* 2026-05-11T19:29:49.607867752+0200 */, st_ctime_nsec=607867752}) = 0
360556 mmap(NULL, 85430032, PROT_READ, MAP_PRIVATE|MAP_DENYWRITE, 6, 0) = 0x77175fe00000
360556 mmap(0x771762401000, 40673280, PROT_READ|PROT_EXEC, MAP_PRIVATE|MAP_FIXED|MAP_DENYWRITE, 6, 0x2600000) = 0x771762401000
360556 mmap(0x771764acb000, 3801088, PROT_READ|PROT_WRITE, MAP_PRIVATE|MAP_FIXED|MAP_DENYWRITE, 6, 0x4cc9000) = 0x771764acb000
360556 mmap(0x771764e6b000, 425984, PROT_READ|PROT_WRITE, MAP_PRIVATE|MAP_FIXED|MAP_DENYWRITE, 6, 0x5068000) = 0x771764e6b000
360556 mmap(0x771764ed3000, 679696, PROT_READ|PROT_WRITE, MAP_PRIVATE|MAP_FIXED|MAP_ANONYMOUS, -1, 0) = 0x771764ed3000
360556 close(6)                         = 0
360556 openat(AT_FDCWD, "/opt/intel/oneapi/compiler/latest/lib/glibc-hwcaps/x86-64-v3/libcommon_clang.so.2024.18.7.0", O_RDONLY|O_CLOEXEC) = -1 ENOENT (No such file or directory)
360556 newfstatat(AT_FDCWD, "/opt/intel/oneapi/compiler/latest/lib/glibc-hwcaps/x86-64-v3/", 0x7fffaa4ea690, 0) = -1 ENOENT (No such file or directory)
360556 openat(AT_FDCWD, "/opt/intel/oneapi/compiler/latest/lib/glibc-hwcaps/x86-64-v2/libcommon_clang.so.2024.18.7.0", O_RDONLY|O_CLOEXEC) = -1 ENOENT (No such file or directory)
360556 newfstatat(AT_FDCWD, "/opt/intel/oneapi/compiler/latest/lib/glibc-hwcaps/x86-64-v2/", 0x7fffaa4ea690, 0) = -1 ENOENT (No such file or directory)
360556 openat(AT_FDCWD, "/opt/intel/oneapi/compiler/latest/lib/libcommon_clang.so.2024.18.7.0", O_RDONLY|O_CLOEXEC) = 6
360556 read(6, "\177ELF\2\1\1\0\0\0\0\0\0\0\0\0\3\0>\0\1\0\0\0\0\0\0\0\0\0\0\0@\0\0\0\0\0\0\0\270\337\300\t\0\0\0\0\0\0\0\0@\08\0\n\0@\0(\0&\0\6\0\0\0\4\0\0\0@\0\0\0\0\0\0\0@\0\0\0\0\0\0\0@\0\0\0\0\0\0\0000\2\0\0\0\0\0\0000\2\0\0\0\0\0\0\10\0\0\0\0\0\0\0\1\0\0\0\4\0\0\0\0\0\0\0\0\0\0\0\0\0\0\0\0\0\0\0\0\0\0\0\0\0\0\0\309\317\1\0\0\0\0\309\317\1\0\0\0\0\0\20\0\0\0\0\0\0\1\0\0\0\5\0\0\0\309\317\1\0\0\0\0\30I\317\1\0\0\0\0\30I\317\1\0\0\0\0\10`\207\3\0\0\0\0\10`\207\3\0\0\0\0\0\20\0\0\0\0\0\0\1\0\0\0\6\0\0\0@\231V\5\0\0\0\0@\271V\5\0\0\0\0@\271V\5\0\0\0\0\2004Z\0\0\0\0\0\3006Z\0\0\0\0\0\0\20\0\0\0\0\0\0\1\0\0\0\6\0\0\0\300\315\260\5\0\0\0\0\300\375\260\5\0\0\0\0\300\375\260\5\0\0\0\0\320\316\2\2\0\0\0\0\240L\f\2\0\0\0\0\0\20\0\0\0\0\0\0\7\0\0\0\4\0\0\0@\231V\5\0\0\0\0@\271V\5\0\0\0\0@\271V\5\0\0\0\0@\0\0\0\0\0\0\0\230\0\0\0\0\0\0\0@\0\0\0\0\0\0\0\2\0\0\0\6\0\0\0\300\300\260\5\0\0\0\0\300\340\260\5\0\0\0\0\300\340\260\5\0\0\0\0\220\2\0\0\0\0\0\0\220\2\0\0\0\0\0\0\10\0\0\0\0\0\0\0R\345td\4\0\0\0@\231V\5\0\0\0\0@\271V\5\0\0\0\0@\271V\5\0\0\0\0\2004Z\0\0\0\0\0\3006Z\0\0\0\0\0\1\0\0\0\0\0\0\0P\345td\4\0\0\0@\27\17\1\0\0\0\0@\27\17\1\0\0\0\0@\27\17\1\0\0\0\0t]\31\0\0\0\0\0t]\31\0\0\0\0\0\4\0\0\0\0\0\0\0Q\345td\6\0\0\0\0\0\0\0\0\0\0\0\0\0\0\0\0\0\0\0\0\0\0\0\0\0\0\0\0\0\0\0\0\0\0\0\0\0\0\0\0\0\0\0\0\0\0\0\0\0\0\0\0\0\0\0\0\0\0\0\0\0\0\0\0\0\0\0\0\0\0\0\0\0\0\0\1\0\0\0 \0\0\0\0\0\0\0\0\0\0\0\0\0\0\0\0\0\0\0\20\0\0\0 \0\0\0\0\0\0\0\0\0\0\0\0\0\0\0\0\0\0\0,\0\0\0 \0\0\0\0\0\0\0\0\0\0\0\0\0\0\0\0\0\0\0F\0\0\0\"\0\0\0\0\0\0\0\0\0\0\0\0\0\0\0\0\0\0\0U\0\0\0\22\0\0\0\0\0\0\0\0\0\0\0\0\0\0\0\0\0\0\0n\0\0\0\22\0\0\0\0\0\0\0\0\0\0\0\0\0\0\0\0\0\0\0u\0\0\0\22\0\0\0\0\0\0\0\0\0\0\0\0\0\0\0\0\0\0\0\210\0\0\0\22\0\0\0\0\0\0\0\0\0\0\0", 832) = 832
360556 fstat(6, {st_dev=makedev(0x103, 0x2), st_ino=4220805, st_mode=S_IFREG|0755, st_nlink=1, st_uid=0, st_gid=0, st_blksize=4096, st_blocks=319616, st_size=163637688, st_atime=1779490666 /* 2026-05-23T00:57:46.430376818+0200 */, st_atime_nsec=430376818, st_mtime=1720718542 /* 2024-07-11T19:22:22+0200 */, st_mtime_nsec=0, st_ctime=1778520589 /* 2026-05-11T19:29:49.607408532+0200 */, st_ctime_nsec=607408532}) = 0
360556 mmap(NULL, 129845856, PROT_READ, MAP_PRIVATE|MAP_DENYWRITE, 6, 0) = 0x771758200000
360556 mmap(0x771759ef4000, 59207680, PROT_READ|PROT_EXEC, MAP_PRIVATE|MAP_FIXED|MAP_DENYWRITE, 6, 0x1cf3000) = 0x771759ef4000
360556 mmap(0x77175d76b000, 5914624, PROT_READ|PROT_WRITE, MAP_PRIVATE|MAP_FIXED|MAP_DENYWRITE, 6, 0x5569000) = 0x77175d76b000
360556 mmap(0x77175dd0f000, 33742848, PROT_READ|PROT_WRITE, MAP_PRIVATE|MAP_FIXED|MAP_DENYWRITE, 6, 0x5b0c000) = 0x77175dd0f000
360556 mmap(0x77175fd3d000, 621152, PROT_READ|PROT_WRITE, MAP_PRIVATE|MAP_FIXED|MAP_ANONYMOUS, -1, 0) = 0x77175fd3d000
360556 close(6)                         = 0
360556 openat(AT_FDCWD, "/opt/intel/oneapi/compiler/latest/lib/libtbb.so.12", O_RDONLY|O_CLOEXEC) = -1 ENOENT (No such file or directory)
360556 openat(AT_FDCWD, "glibc-hwcaps/x86-64-v3/libtbb.so.12", O_RDONLY|O_CLOEXEC) = -1 ENOENT (No such file or directory)
360556 openat(AT_FDCWD, "glibc-hwcaps/x86-64-v2/libtbb.so.12", O_RDONLY|O_CLOEXEC) = -1 ENOENT (No such file or directory)
360556 openat(AT_FDCWD, "libtbb.so.12", O_RDONLY|O_CLOEXEC) = -1 ENOENT (No such file or directory)
360556 openat(AT_FDCWD, "/etc/ld.so.cache", O_RDONLY|O_CLOEXEC) = 6
360556 fstat(6, {st_dev=makedev(0x103, 0x2), st_ino=9964283, st_mode=S_IFREG|0644, st_nlink=1, st_uid=0, st_gid=0, st_blksize=4096, st_blocks=168, st_size=85275, st_atime=1779536083 /* 2026-05-23T13:34:43.113101225+0200 */, st_atime_nsec=113101225, st_mtime=1779536083 /* 2026-05-23T13:34:43.101709256+0200 */, st_mtime_nsec=101709256, st_ctime=1779536083 /* 2026-05-23T13:34:43.103709256+0200 */, st_ctime_nsec=103709256}) = 0
360556 mmap(NULL, 85275, PROT_READ, MAP_PRIVATE, 6, 0) = 0x771766fd2000
360556 close(6)                         = 0
360556 openat(AT_FDCWD, "/lib/x86_64-linux-gnu/glibc-hwcaps/x86-64-v3/libtbb.so.12", O_RDONLY|O_CLOEXEC) = -1 ENOENT (No such file or directory)
360556 newfstatat(AT_FDCWD, "/lib/x86_64-linux-gnu/glibc-hwcaps/x86-64-v3/", 0x7fffaa4ea670, 0) = -1 ENOENT (No such file or directory)
360556 openat(AT_FDCWD, "/lib/x86_64-linux-gnu/glibc-hwcaps/x86-64-v2/libtbb.so.12", O_RDONLY|O_CLOEXEC) = -1 ENOENT (No such file or directory)
360556 newfstatat(AT_FDCWD, "/lib/x86_64-linux-gnu/glibc-hwcaps/x86-64-v2/", 0x7fffaa4ea670, 0) = -1 ENOENT (No such file or directory)
360556 openat(AT_FDCWD, "/lib/x86_64-linux-gnu/libtbb.so.12", O_RDONLY|O_CLOEXEC) = -1 ENOENT (No such file or directory)
360556 newfstatat(AT_FDCWD, "/lib/x86_64-linux-gnu/", {st_dev=makedev(0x103, 0x2), st_ino=8388877, st_mode=S_IFDIR|0755, st_nlink=110, st_uid=0, st_gid=0, st_blksize=4096, st_blocks=216, st_size=106496, st_atime=1779536083 /* 2026-05-23T13:34:43.067709254+0200 */, st_atime_nsec=67709254, st_mtime=1779536080 /* 2026-05-23T13:34:40.432610690+0200 */, st_mtime_nsec=432610690, st_ctime=1779536080 /* 2026-05-23T13:34:40.432610690+0200 */, st_ctime_nsec=432610690}, 0) = 0
360556 openat(AT_FDCWD, "/usr/lib/x86_64-linux-gnu/glibc-hwcaps/x86-64-v3/libtbb.so.12", O_RDONLY|O_CLOEXEC) = -1 ENOENT (No such file or directory)
360556 newfstatat(AT_FDCWD, "/usr/lib/x86_64-linux-gnu/glibc-hwcaps/x86-64-v3/", 0x7fffaa4ea670, 0) = -1 ENOENT (No such file or directory)
360556 openat(AT_FDCWD, "/usr/lib/x86_64-linux-gnu/glibc-hwcaps/x86-64-v2/libtbb.so.12", O_RDONLY|O_CLOEXEC) = -1 ENOENT (No such file or directory)
360556 newfstatat(AT_FDCWD, "/usr/lib/x86_64-linux-gnu/glibc-hwcaps/x86-64-v2/", 0x7fffaa4ea670, 0) = -1 ENOENT (No such file or directory)
360556 openat(AT_FDCWD, "/usr/lib/x86_64-linux-gnu/libtbb.so.12", O_RDONLY|O_CLOEXEC) = -1 ENOENT (No such file or directory)
360556 newfstatat(AT_FDCWD, "/usr/lib/x86_64-linux-gnu/", {st_dev=makedev(0x103, 0x2), st_ino=8388877, st_mode=S_IFDIR|0755, st_nlink=110, st_uid=0, st_gid=0, st_blksize=4096, st_blocks=216, st_size=106496, st_atime=1779536083 /* 2026-05-23T13:34:43.067709254+0200 */, st_atime_nsec=67709254, st_mtime=1779536080 /* 2026-05-23T13:34:40.432610690+0200 */, st_mtime_nsec=432610690, st_ctime=1779536080 /* 2026-05-23T13:34:40.432610690+0200 */, st_ctime_nsec=432610690}, 0) = 0
360556 openat(AT_FDCWD, "/lib/glibc-hwcaps/x86-64-v3/libtbb.so.12", O_RDONLY|O_CLOEXEC) = -1 ENOENT (No such file or directory)
360556 newfstatat(AT_FDCWD, "/lib/glibc-hwcaps/x86-64-v3/", 0x7fffaa4ea670, 0) = -1 ENOENT (No such file or directory)
360556 openat(AT_FDCWD, "/lib/glibc-hwcaps/x86-64-v2/libtbb.so.12", O_RDONLY|O_CLOEXEC) = -1 ENOENT (No such file or directory)
360556 newfstatat(AT_FDCWD, "/lib/glibc-hwcaps/x86-64-v2/", 0x7fffaa4ea670, 0) = -1 ENOENT (No such file or directory)
360556 openat(AT_FDCWD, "/lib/libtbb.so.12", O_RDONLY|O_CLOEXEC) = -1 ENOENT (No such file or directory)
360556 newfstatat(AT_FDCWD, "/lib/", {st_dev=makedev(0x103, 0x2), st_ino=8388613, st_mode=S_IFDIR|0755, st_nlink=110, st_uid=0, st_gid=0, st_blksize=4096, st_blocks=8, st_size=4096, st_atime=1779536074 /* 2026-05-23T13:34:34.418708842+0200 */, st_atime_nsec=418708842, st_mtime=1779536073 /* 2026-05-23T13:34:33.703330714+0200 */, st_mtime_nsec=703330714, st_ctime=1779536073 /* 2026-05-23T13:34:33.703330714+0200 */, st_ctime_nsec=703330714}, 0) = 0
360556 openat(AT_FDCWD, "/usr/lib/glibc-hwcaps/x86-64-v3/libtbb.so.12", O_RDONLY|O_CLOEXEC) = -1 ENOENT (No such file or directory)
360556 newfstatat(AT_FDCWD, "/usr/lib/glibc-hwcaps/x86-64-v3/", 0x7fffaa4ea670, 0) = -1 ENOENT (No such file or directory)
360556 openat(AT_FDCWD, "/usr/lib/glibc-hwcaps/x86-64-v2/libtbb.so.12", O_RDONLY|O_CLOEXEC) = -1 ENOENT (No such file or directory)
360556 newfstatat(AT_FDCWD, "/usr/lib/glibc-hwcaps/x86-64-v2/", 0x7fffaa4ea670, 0) = -1 ENOENT (No such file or directory)
360556 openat(AT_FDCWD, "/usr/lib/libtbb.so.12", O_RDONLY|O_CLOEXEC) = -1 ENOENT (No such file or directory)
360556 newfstatat(AT_FDCWD, "/usr/lib/", {st_dev=makedev(0x103, 0x2), st_ino=8388613, st_mode=S_IFDIR|0755, st_nlink=110, st_uid=0, st_gid=0, st_blksize=4096, st_blocks=8, st_size=4096, st_atime=1779536074 /* 2026-05-23T13:34:34.418708842+0200 */, st_atime_nsec=418708842, st_mtime=1779536073 /* 2026-05-23T13:34:33.703330714+0200 */, st_mtime_nsec=703330714, st_ctime=1779536073 /* 2026-05-23T13:34:33.703330714+0200 */, st_ctime_nsec=703330714}, 0) = 0
360556 munmap(0x771766fd2000, 85275)    = 0
360556 munmap(0x77175fe00000, 85430032) = 0
360556 munmap(0x771758200000, 129845856) = 0
360556 getdents64(5, [], 32768)         = 0
360556 openat(AT_FDCWD, "/dev/dri/by-path", O_RDONLY|O_NONBLOCK|O_CLOEXEC|O_DIRECTORY) = 6
360556 fstat(6, {st_dev=makedev(0, 0x6), st_ino=1062, st_mode=S_IFDIR|0755, st_nlink=2, st_uid=0, st_gid=0, st_blksize=4096, st_blocks=0, st_size=80, st_atime=1779542549 /* 2026-05-23T15:22:29.451017595+0200 */, st_atime_nsec=451017595, st_mtime=1779535749 /* 2026-05-23T13:29:09.405693344+0200 */, st_mtime_nsec=405693344, st_ctime=1779535749 /* 2026-05-23T13:29:09.405693344+0200 */, st_ctime_nsec=405693344}) = 0
360556 getdents64(6, [{d_ino=1062, d_off=1, d_reclen=24, d_type=DT_DIR, d_name="."}, {d_ino=1044, d_off=6, d_reclen=24, d_type=DT_DIR, d_name=".."}, {d_ino=1072, d_off=4, d_reclen=48, d_type=DT_LNK, d_name="pci-0000:00:02.0-card"}, {d_ino=1064, d_off=2147483647, d_reclen=48, d_type=DT_LNK, d_name="pci-0000:00:02.0-render"}], 32768) = 144
360556 getdents64(6, [], 32768)         = 0
360556 close(6)                         = 0
360556 openat(AT_FDCWD, "/dev/dri/by-path/pci-0000:00:02.0-render", O_RDWR|O_CLOEXEC) = 6
360556 ioctl(6, DRM_IOCTL_VERSION, 0x7fffaa4eb140) = 0
360556 ioctl(6, DRM_IOCTL_I915_GETPARAM, 0x7fffaa4eb3b0) = 0
360556 ioctl(6, DRM_IOCTL_I915_GETPARAM, 0x7fffaa4eb3b0) = 0
360556 openat(AT_FDCWD, "/sys/bus/pci/devices/0000:00:02.0/drm", O_RDONLY|O_NONBLOCK|O_CLOEXEC|O_DIRECTORY) = 7
360556 fstat(7, {st_dev=makedev(0, 0x18), st_ino=61982, st_mode=S_IFDIR|0755, st_nlink=4, st_uid=0, st_gid=0, st_blksize=4096, st_blocks=0, st_size=0, st_atime=1779535753 /* 2026-05-23T13:29:13.705693549+0200 */, st_atime_nsec=705693549, st_mtime=1779535749 /* 2026-05-23T13:29:09.364693342+0200 */, st_mtime_nsec=364693342, st_ctime=1779535749 /* 2026-05-23T13:29:09.364693342+0200 */, st_ctime_nsec=364693342}) = 0
360556 getdents64(7, [{d_ino=61982, d_off=1, d_reclen=24, d_type=DT_DIR, d_name="."}, {d_ino=7713, d_off=251785510, d_reclen=24, d_type=DT_DIR, d_name=".."}, {d_ino=61983, d_off=470479254, d_reclen=32, d_type=DT_DIR, d_name="renderD128"}, {d_ino=62000, d_off=1634372329, d_reclen=32, d_type=DT_DIR, d_name="card1"}, {d_ino=62049, d_off=2147483647, d_reclen=32, d_type=DT_LNK, d_name="controlD65"}], 32768) = 144
360556 getdents64(7, [], 32768)         = 0
360556 close(7)                         = 0
360556 openat(AT_FDCWD, "/sys/bus/pci/devices/0000:00:02.0/drm/card1/prelim_uapi_version", O_RDONLY) = -1 ENOENT (No such file or directory)
360556 ioctl(6, DRM_IOCTL_I915_REG_READ, 0x7fffaa4eb310) = 0
360556 ioctl(6, DRM_IOCTL_I915_QUERY, 0x7fffaa4eb2a0) = 0
360556 ioctl(6, DRM_IOCTL_I915_QUERY, 0x7fffaa4eb2a0) = 0
360556 ioctl(6, DRM_IOCTL_I915_QUERY, 0x7fffaa4eb310) = 0
360556 ioctl(6, DRM_IOCTL_I915_GETPARAM, 0x7fffaa4eb3e0) = 0
360556 ioctl(6, DRM_IOCTL_I915_GEM_CONTEXT_SETPARAM, 0x7fffaa4eb430) = -1 EINVAL (Invalid argument)
360556 ioctl(6, DRM_IOCTL_I915_QUERY, 0x7fffaa4eb310) = 0
360556 ioctl(6, DRM_IOCTL_I915_QUERY, 0x7fffaa4eb310) = 0
360556 ioctl(6, DRM_IOCTL_I915_QUERY, 0x7fffaa4eb280) = 0
360556 ioctl(6, DRM_IOCTL_I915_QUERY, 0x7fffaa4eb280) = 0
360556 futex(0x569259c29d98, FUTEX_WAKE_PRIVATE, 2147483647) = 0
360556 ioctl(6, DRM_IOCTL_I915_GEM_VM_CREATE, 0x7fffaa4eb3b0) = 0
360556 ioctl(6, DRM_IOCTL_I915_QUERY, 0x7fffaa4eab10) = 0
360556 ioctl(6, DRM_IOCTL_I915_QUERY, 0x7fffaa4eab10) = 0
360556 ioctl(6, DRM_IOCTL_I915_GEM_CONTEXT_GETPARAM, 0x7fffaa4eac10) = 0
360556 openat(AT_FDCWD, "/sys/bus/pci/devices/0000:00:02.0/drm", O_RDONLY|O_NONBLOCK|O_CLOEXEC|O_DIRECTORY) = 7
360556 fstat(7, {st_dev=makedev(0, 0x18), st_ino=61982, st_mode=S_IFDIR|0755, st_nlink=4, st_uid=0, st_gid=0, st_blksize=4096, st_blocks=0, st_size=0, st_atime=1779535753 /* 2026-05-23T13:29:13.705693549+0200 */, st_atime_nsec=705693549, st_mtime=1779535749 /* 2026-05-23T13:29:09.364693342+0200 */, st_mtime_nsec=364693342, st_ctime=1779535749 /* 2026-05-23T13:29:09.364693342+0200 */, st_ctime_nsec=364693342}) = 0
360556 brk(0x569259c5a000)              = 0x569259c5a000
360556 getdents64(7, [{d_ino=61982, d_off=1, d_reclen=24, d_type=DT_DIR, d_name="."}, {d_ino=7713, d_off=251785510, d_reclen=24, d_type=DT_DIR, d_name=".."}, {d_ino=61983, d_off=470479254, d_reclen=32, d_type=DT_DIR, d_name="renderD128"}, {d_ino=62000, d_off=1634372329, d_reclen=32, d_type=DT_DIR, d_name="card1"}, {d_ino=62049, d_off=2147483647, d_reclen=32, d_type=DT_LNK, d_name="controlD65"}], 32768) = 144
360556 getdents64(7, [], 32768)         = 0
360556 brk(0x569259c52000)              = 0x569259c52000
360556 close(7)                         = 0
360556 openat(AT_FDCWD, "/sys/bus/pci/devices/0000:00:02.0/drm/card1/gt_max_freq_mhz", O_RDONLY) = 7
360556 read(7, "1100\n", 8191)          = 5
360556 close(7)                         = 0
360556 ioctl(6, DRM_IOCTL_I915_GEM_CONTEXT_GETPARAM, 0x7fffaa4eac00) = 0
360556 ioctl(6, DRM_IOCTL_I915_GEM_CONTEXT_GETPARAM, 0x7fffaa4eac20) = 0
360556 ioctl(6, DRM_IOCTL_I915_GETPARAM, 0x7fffaa4eabb0) = 0
360556 readlink("/proc/self/exe", "/home/lvx/LVX/lumvorax2/src/advanced_calculations/bitcoin_quantum_mining/level_zero_native/tests/test_c452_opencl_trace", 511) = 119
360556 futex(0x569259c315f0, FUTEX_WAKE_PRIVATE, 2147483647) = 0
360556 ioctl(6, DRM_IOCTL_I915_GEM_CONTEXT_GETPARAM, 0x7fffaa4eb490) = 0
360556 sysinfo({uptime=17622, loads=[55232, 67616, 127936], totalram=7992745984, freeram=128393216, sharedram=550461440, bufferram=60735488, totalswap=4294963200, freeswap=57065472, procs=1789, totalhigh=0, freehigh=0, mem_unit=1}) = 0
360556 ioctl(6, DRM_IOCTL_I915_GEM_CONTEXT_GETPARAM, 0x7fffaa4eb450) = 0
360556 rt_sigaction(SIGRT_1, {sa_handler=0x771766c99530, sa_mask=[], sa_flags=SA_RESTORER|SA_ONSTACK|SA_RESTART|SA_SIGINFO, sa_restorer=0x771766c45330}, NULL, 8) = 0
360556 rt_sigprocmask(SIG_UNBLOCK, [RTMIN RT_1], NULL, 8) = 0
360556 mmap(NULL, 8392704, PROT_NONE, MAP_PRIVATE|MAP_ANONYMOUS|MAP_STACK, -1, 0) = 0x7717647ff000
360556 mprotect(0x771764800000, 8388608, PROT_READ|PROT_WRITE) = 0
360556 rt_sigprocmask(SIG_BLOCK, ~[], [], 8) = 0
360556 clone3({flags=CLONE_VM|CLONE_FS|CLONE_FILES|CLONE_SIGHAND|CLONE_THREAD|CLONE_SYSVSEM|CLONE_SETTLS|CLONE_PARENT_SETTID|CLONE_CHILD_CLEARTID, child_tid=0x771764fff990, parent_tid=0x771764fff990, exit_signal=0, stack=0x7717647ff000, stack_size=0x7fff80, tls=0x771764fff6c0} => {parent_tid=[360563]}, 88) = 360563
360563 rseq(0x771764ffffe0, 0x20, 0, 0x53053053 <unfinished ...>
360556 rt_sigprocmask(SIG_SETMASK, [],  <unfinished ...>
360563 <... rseq resumed>)              = 0
360556 <... rt_sigprocmask resumed>NULL, 8) = 0
360563 set_robust_list(0x771764fff9a0, 24 <unfinished ...>
360556 ioctl(6, DRM_IOCTL_I915_GEM_USERPTR <unfinished ...>
360563 <... set_robust_list resumed>)   = 0
360563 rt_sigprocmask(SIG_SETMASK, [],  <unfinished ...>
360556 <... ioctl resumed>, 0x7fffaa4eb440) = 0
360563 <... rt_sigprocmask resumed>NULL, 8) = 0
360563 mmap(NULL, 134217728, PROT_NONE, MAP_PRIVATE|MAP_ANONYMOUS, -1, 0 <unfinished ...>
360556 ioctl(6, DRM_IOCTL_I915_GEM_CONTEXT_CREATE_EXT <unfinished ...>
360563 <... mmap resumed>)              = 0x77175c600000
360556 <... ioctl resumed>, 0x7fffaa4eb100) = 0
360563 munmap(0x77175c600000, 60817408 <unfinished ...>
360556 ioctl(6, DRM_IOCTL_I915_GEM_CONTEXT_SETPARAM, 0x7fffaa4eb140) = 0
360563 <... munmap resumed>)            = 0
360556 ioctl(6, DRM_IOCTL_I915_GEM_CONTEXT_SETPARAM <unfinished ...>
360563 munmap(0x771764000000, 6291456 <unfinished ...>
360556 <... ioctl resumed>, 0x7fffaa4eb140) = 0
360556 ioctl(6, DRM_IOCTL_I915_GEM_CONTEXT_SETPARAM <unfinished ...>
360563 <... munmap resumed>)            = 0
360556 <... ioctl resumed>, 0x7fffaa4eb090) = 0
360563 mprotect(0x771760000000, 135168, PROT_READ|PROT_WRITE <unfinished ...>
360556 futex(0x569259c3f9cc, FUTEX_WAKE_PRIVATE, 2147483647) = 0
360563 <... mprotect resumed>)          = 0
360556 mmap(NULL, 8192, PROT_NONE, MAP_SHARED|MAP_ANONYMOUS, -1, 0 <unfinished ...>
360563 futex(0x569259c34630, FUTEX_WAIT_BITSET_PRIVATE|FUTEX_CLOCK_REALTIME, 0, NULL, FUTEX_BITSET_MATCH_ANY <unfinished ...>
360556 <... mmap resumed>)              = 0x771766fe5000
360556 ioctl(6, DRM_IOCTL_I915_GEM_CREATE_EXT, 0x7fffaa4eac00) = 0
360556 ioctl(6, DRM_IOCTL_I915_GEM_MMAP_OFFSET, 0x7fffaa4eaed0) = 0
360556 mmap(0x771766fe5000, 4096, PROT_READ|PROT_WRITE, MAP_SHARED|MAP_FIXED, 6, 0x100cbf000) = 0x771766fe5000
360556 munmap(0x771766fe6000, 4096)     = 0
360556 mmap(NULL, 10485760, PROT_NONE, MAP_SHARED|MAP_ANONYMOUS, -1, 0) = 0x77175f600000
360556 ioctl(6, DRM_IOCTL_I915_GEM_CREATE_EXT, 0x7fffaa4ead80) = 0
360556 ioctl(6, DRM_IOCTL_I915_GEM_MMAP_OFFSET, 0x7fffaa4eb050) = 0
360556 mmap(0x77175f600000, 8388608, PROT_READ|PROT_WRITE, MAP_SHARED|MAP_FIXED, 6, 0x10174b000) = 0x77175f600000
360556 munmap(0x77175fe00000, 2097152)  = 0
360556 mmap(NULL, 8192, PROT_NONE, MAP_SHARED|MAP_ANONYMOUS, -1, 0) = 0x771766fe3000
360556 ioctl(6, DRM_IOCTL_I915_GEM_CREATE_EXT, 0x7fffaa4eac00) = 0
360556 ioctl(6, DRM_IOCTL_I915_GEM_MMAP_OFFSET, 0x7fffaa4eaed0) = 0
360556 mmap(0x771766fe3000, 4096, PROT_READ|PROT_WRITE, MAP_SHARED|MAP_FIXED, 6, 0x1136bb000) = 0x771766fe3000
360556 munmap(0x771766fe4000, 4096)     = 0
360556 mmap(NULL, 10485760, PROT_NONE, MAP_SHARED|MAP_ANONYMOUS, -1, 0) = 0x77175ec00000
360556 ioctl(6, DRM_IOCTL_I915_GEM_CREATE_EXT, 0x7fffaa4ead80) = 0
360556 ioctl(6, DRM_IOCTL_I915_GEM_MMAP_OFFSET, 0x7fffaa4eb050) = 0
360556 mmap(0x77175ec00000, 8388608, PROT_READ|PROT_WRITE, MAP_SHARED|MAP_FIXED, 6, 0x11caea000) = 0x77175ec00000
360556 munmap(0x77175f400000, 2097152)  = 0
360556 brk(0x569259c74000)              = 0x569259c74000
360556 ioctl(6, DRM_IOCTL_I915_GEM_CONTEXT_CREATE_EXT, 0x7fffaa4eb100) = 0
360556 ioctl(6, DRM_IOCTL_I915_GEM_CONTEXT_SETPARAM, 0x7fffaa4eb140) = 0
360556 ioctl(6, DRM_IOCTL_I915_GEM_CONTEXT_SETPARAM, 0x7fffaa4eb140) = 0
360556 ioctl(6, DRM_IOCTL_I915_GEM_CONTEXT_SETPARAM, 0x7fffaa4eb090) = 0
360556 futex(0x569259c533ec, FUTEX_WAKE_PRIVATE, 2147483647) = 0
360556 mmap(NULL, 8192, PROT_NONE, MAP_SHARED|MAP_ANONYMOUS, -1, 0) = 0x771766fe1000
360556 ioctl(6, DRM_IOCTL_I915_GEM_CREATE_EXT, 0x7fffaa4eac00) = 0
360556 ioctl(6, DRM_IOCTL_I915_GEM_MMAP_OFFSET, 0x7fffaa4eaed0) = 0
360556 mmap(0x771766fe1000, 4096, PROT_READ|PROT_WRITE, MAP_SHARED|MAP_FIXED, 6, 0x10a969000) = 0x771766fe1000
360556 munmap(0x771766fe2000, 4096)     = 0
360556 mmap(NULL, 10485760, PROT_NONE, MAP_SHARED|MAP_ANONYMOUS, -1, 0) = 0x77175e200000
360556 ioctl(6, DRM_IOCTL_I915_GEM_CREATE_EXT, 0x7fffaa4ead80) = 0
360556 ioctl(6, DRM_IOCTL_I915_GEM_MMAP_OFFSET, 0x7fffaa4eb050) = 0
360556 mmap(0x77175e200000, 8388608, PROT_READ|PROT_WRITE, MAP_SHARED|MAP_FIXED, 6, 0x12a60a000) = 0x77175e200000
360556 munmap(0x77175ea00000, 2097152)  = 0
360556 sysinfo({uptime=17622, loads=[55232, 67616, 127936], totalram=7992745984, freeram=127787008, sharedram=550465536, bufferram=60735488, totalswap=4294963200, freeswap=57065472, procs=1790, totalhigh=0, freehigh=0, mem_unit=1}) = 0
360556 ioctl(6, DRM_IOCTL_I915_GEM_CONTEXT_GETPARAM, 0x7fffaa4eb410) = 0
360556 sysinfo({uptime=17622, loads=[55232, 67616, 127936], totalram=7992745984, freeram=127787008, sharedram=550465536, bufferram=60735488, totalswap=4294963200, freeswap=57065472, procs=1790, totalhigh=0, freehigh=0, mem_unit=1}) = 0
360556 ioctl(6, DRM_IOCTL_I915_GEM_CONTEXT_GETPARAM, 0x7fffaa4eb410) = 0
360556 ioctl(6, DRM_IOCTL_I915_GETPARAM, 0x7fffaa4eb410) = 0
360556 ioctl(6, DRM_IOCTL_I915_GETPARAM, 0x7fffaa4eb410) = 0
360556 newfstatat(AT_FDCWD, "/root/.cache/", {st_dev=makedev(0x103, 0x2), st_ino=7864322, st_mode=S_IFDIR|0700, st_nlink=3, st_uid=0, st_gid=0, st_blksize=4096, st_blocks=8, st_size=4096, st_atime=1774612968 /* 2026-03-27T13:02:48.229400160+0100 */, st_atime_nsec=229400160, st_mtime=1777938584 /* 2026-05-05T01:49:44.833057675+0200 */, st_mtime_nsec=833057675, st_ctime=1777938584 /* 2026-05-05T01:49:44.833057675+0200 */, st_ctime_nsec=833057675}, 0) = 0
360556 newfstatat(AT_FDCWD, "/root/.cache/", {st_dev=makedev(0x103, 0x2), st_ino=7864322, st_mode=S_IFDIR|0700, st_nlink=3, st_uid=0, st_gid=0, st_blksize=4096, st_blocks=8, st_size=4096, st_atime=1774612968 /* 2026-03-27T13:02:48.229400160+0100 */, st_atime_nsec=229400160, st_mtime=1777938584 /* 2026-05-05T01:49:44.833057675+0200 */, st_mtime_nsec=833057675, st_ctime=1777938584 /* 2026-05-05T01:49:44.833057675+0200 */, st_ctime_nsec=833057675}, 0) = 0
360556 newfstatat(AT_FDCWD, "/root/.cache/neo_compiler_cache", {st_dev=makedev(0x103, 0x2), st_ino=7864339, st_mode=S_IFDIR|0755, st_nlink=2, st_uid=0, st_gid=0, st_blksize=4096, st_blocks=8, st_size=4096, st_atime=1777938586 /* 2026-05-05T01:49:46.598439261+0200 */, st_atime_nsec=598439261, st_mtime=1779553354 /* 2026-05-23T18:22:34.611532826+0200 */, st_mtime_nsec=611532826, st_ctime=1779553354 /* 2026-05-23T18:22:34.611532826+0200 */, st_ctime_nsec=611532826}, 0) = 0
360556 openat(AT_FDCWD, "/etc/ld.so.cache", O_RDONLY|O_CLOEXEC) = 7
360556 fstat(7, {st_dev=makedev(0x103, 0x2), st_ino=9964283, st_mode=S_IFREG|0644, st_nlink=1, st_uid=0, st_gid=0, st_blksize=4096, st_blocks=168, st_size=85275, st_atime=1779536083 /* 2026-05-23T13:34:43.113101225+0200 */, st_atime_nsec=113101225, st_mtime=1779536083 /* 2026-05-23T13:34:43.101709256+0200 */, st_mtime_nsec=101709256, st_ctime=1779536083 /* 2026-05-23T13:34:43.103709256+0200 */, st_ctime_nsec=103709256}) = 0
360556 mmap(NULL, 85275, PROT_READ, MAP_PRIVATE, 7, 0) = 0x771766e22000
360556 close(7)                         = 0
360556 openat(AT_FDCWD, "/usr/local/lib/libigdfcl.so.1", O_RDONLY|O_CLOEXEC) = 7
360556 read(7, "\177ELF\2\1\1\3\0\0\0\0\0\0\0\0\3\0>\0\1\0\0\0\0\0\0\0\0\0\0\0@\0\0\0\0\0\0\0HX\37\0\0\0\0\0\0\0\0\0@\08\0\v\0@\0\35\0\34\0\1\0\0\0\4\0\0\0\0\0\0\0\0\0\0\0\0\0\0\0\0\0\0\0\0\0\0\0\0\0\0\0\20\316\3\0\0\0\0\0\20\316\3\0\0\0\0\0\0\20\0\0\0\0\0\0\1\0\0\0\5\0\0\0\0\320\3\0\0\0\0\0\0\320\3\0\0\0\0\0\0\320\3\0\0\0\0\0\215\264\16\0\0\0\0\0\215\264\16\0\0\0\0\0\0\20\0\0\0\0\0\0\1\0\0\0\4\0\0\0\0\220\22\0\0\0\0\0\0\220\22\0\0\0\0\0\0\220\22\0\0\0\0\0\273U\3\0\0\0\0\0\273U\3\0\0\0\0\0\0\20\0\0\0\0\0\0\1\0\0\0\6\0\0\0\300\351\25\0\0\0\0\0\300\371\25\0\0\0\0\0\300\371\25\0\0\0\0\0Im\t\0\0\0\0\0P\217\t\0\0\0\0\0\0\20\0\0\0\0\0\0\2\0\0\0\6\0\0\0000F\26\0\0\0\0\0000V\26\0\0\0\0\0000V\26\0\0\0\0\0@\2\0\0\0\0\0\0@\2\0\0\0\0\0\0\10\0\0\0\0\0\0\0\4\0\0\0\4\0\0\0\250\2\0\0\0\0\0\0\250\2\0\0\0\0\0\0\250\2\0\0\0\0\0\0 \0\0\0\0\0\0\0 \0\0\0\0\0\0\0\10\0\0\0\0\0\0\0\4\0\0\0\4\0\0\0\310\2\0\0\0\0\0\0\310\2\0\0\0\0\0\0\310\2\0\0\0\0\0\0$\0\0\0\0\0\0\0$\0\0\0\0\0\0\0\4\0\0\0\0\0\0\0S\345td\4\0\0\0\250\2\0\0\0\0\0\0\250\2\0\0\0\0\0\0\250\2\0\0\0\0\0\0 \0\0\0\0\0\0\0 \0\0\0\0\0\0\0\10\0\0\0\0\0\0\0P\345td\4\0\0\0`C\23\0\0\0\0\0`C\23\0\0\0\0\0`C\23\0\0\0\0\0\344W\0\0\0\0\0\0\344W\0\0\0\0\0\0\4\0\0\0\0\0\0\0Q\345td\6\0\0\0\0\0\0\0\0\0\0\0\0\0\0\0\0\0\0\0\0\0\0\0\0\0\0\0\0\0\0\0\0\0\0\0\0\0\0\0\0\0\0\0\20\0\0\0\0\0\0\0R\345td\4\0\0\0\300\351\25\0\0\0\0\0\300\371\25\0\0\0\0\0\300\371\25\0\0\0\0\0@v\0\0\0\0\0\0@v\0\0\0\0\0\0\1\0\0\0\0\0\0\0\4\0\0\0\20\0\0\0\5\0\0\0GNU\0\2\0\0\300\4\0\0\0\3\0\0\0\0\0\0\0\4\0\0\0\24\0\0\0\3\0\0\0GNU\0003/\32j\340\335\312\363\257'\314\372\345\275\v\303\250\10\346\356\0\0\0\0\7\4\0\0\24\1\0\0\0\1\0\0\16\0\0\0\4\310\200C\242\223*\210\6\0\34\20LJ\n\16T\n\350\3\0\24H+ \310\2\322\346h}\"\0\20\0\200\0\0\4\2\4\255)\5 !\2H@\2000\4!\1\4a\1\0\t\220\0\200\f\0", 832) = 832
360556 fstat(7, {st_dev=makedev(0x103, 0x2), st_ino=8522835, st_mode=S_IFREG|0644, st_nlink=1, st_uid=0, st_gid=0, st_blksize=4096, st_blocks=4016, st_size=2056072, st_atime=1779472301 /* 2026-05-22T19:51:41.513341168+0200 */, st_atime_nsec=513341168, st_mtime=1724231481 /* 2024-08-21T11:11:21+0200 */, st_mtime_nsec=0, st_ctime=1779472261 /* 2026-05-22T19:51:01.653339267+0200 */, st_ctime_nsec=653339267}) = 0
360556 mmap(NULL, 2066704, PROT_READ, MAP_PRIVATE|MAP_DENYWRITE, 7, 0) = 0x771764606000
360556 mmap(0x771764643000, 966656, PROT_READ|PROT_EXEC, MAP_PRIVATE|MAP_FIXED|MAP_DENYWRITE, 7, 0x3d000) = 0x771764643000
360556 mmap(0x77176472f000, 221184, PROT_READ, MAP_PRIVATE|MAP_FIXED|MAP_DENYWRITE, 7, 0x129000) = 0x77176472f000
360556 mmap(0x771764765000, 622592, PROT_READ|PROT_WRITE, MAP_PRIVATE|MAP_FIXED|MAP_DENYWRITE, 7, 0x15e000) = 0x771764765000
360556 mmap(0x7717647fd000, 6416, PROT_READ|PROT_WRITE, MAP_PRIVATE|MAP_FIXED|MAP_ANONYMOUS, -1, 0) = 0x7717647fd000
360556 close(7)                         = 0
360556 openat(AT_FDCWD, "/usr/local/lib/libopencl-clang.so.14", O_RDONLY|O_CLOEXEC) = 7
360556 read(7, "\177ELF\2\1\1\0\0\0\0\0\0\0\0\0\3\0>\0\1\0\0\0\0\0\0\0\0\0\0\0@\0\0\0\0\0\0\0@\377*\10\0\0\0\0\0\0\0\0@\08\0\f\0@\0 \0\37\0\1\0\0\0\4\0\0\0\0\0\0\0\0\0\0\0\0\0\0\0\0\0\0\0\0\0\0\0\0\0\0\0\0\vo\0\0\0\0\0\0\vo\0\0\0\0\0\0\20\0\0\0\0\0\0\1\0\0\0\5\0\0\0\0\20o\0\0\0\0\0\0\20o\0\0\0\0\0\0\20o\0\0\0\0\0\241S\\\4\0\0\0\0\241S\\\4\0\0\0\0\0\20\0\0\0\0\0\0\1\0\0\0\4\0\0\0\0p\313\4\0\0\0\0\0p\313\4\0\0\0\0\0p\313\4\0\0\0\0\343\330\0\1\0\0\0\0\343\330\0\1\0\0\0\0\0\20\0\0\0\0\0\0\1\0\0\0\6\0\0\0\10O\314\5\0\0\0\0\10_\314\5\0\0\0\0\10_\314\5\0\0\0\0\250\256^\2\0\0\0\0\350\343c\2\0\0\0\0\0\20\0\0\0\0\0\0\2\0\0\0\6\0\0\0@X\10\6\0\0\0\0@h\10\6\0\0\0\0@h\10\6\0\0\0\0`\2\0\0\0\0\0\0`\2\0\0\0\0\0\0\10\0\0\0\0\0\0\0\4\0\0\0\4\0\0\0\340\2\0\0\0\0\0\0\340\2\0\0\0\0\0\0\340\2\0\0\0\0\0\0 \0\0\0\0\0\0\0 \0\0\0\0\0\0\0\10\0\0\0\0\0\0\0\4\0\0\0\4\0\0\0\0\3\0\0\0\0\0\0\0\3\0\0\0\0\0\0\0\3\0\0\0\0\0\0$\0\0\0\0\0\0\0$\0\0\0\0\0\0\0\4\0\0\0\0\0\0\0\7\0\0\0\4\0\0\0\10O\314\5\0\0\0\0\10_\314\5\0\0\0\0\10_\314\5\0\0\0\0\0\0\0\0\0\0\0\0 \0\0\0\0\0\0\0\10\0\0\0\0\0\0\0S\345td\4\0\0\0\340\2\0\0\0\0\0\0\340\2\0\0\0\0\0\0\340\2\0\0\0\0\0\0 \0\0\0\0\0\0\0 \0\0\0\0\0\0\0\10\0\0\0\0\0\0\0P\345td\4\0\0\08>F\5\0\0\0\08>F\5\0\0\0\08>F\5\0\0\0\0\374>\r\0\0\0\0\0\374>\r\0\0\0\0\0\4\0\0\0\0\0\0\0Q\345td\6\0\0\0\0\0\0\0\0\0\0\0\0\0\0\0\0\0\0\0\0\0\0\0\0\0\0\0\0\0\0\0\0\0\0\0\0\0\0\0\0\0\0\0\20\0\0\0\0\0\0\0R\345td\4\0\0\0\10O\314\5\0\0\0\0\10_\314\5\0\0\0\0\10_\314\5\0\0\0\0\370\20<\0\0\0\0\0\370\20<\0\0\0\0\0\1\0\0\0\0\0\0\0\4\0\0\0\20\0\0\0\5\0\0\0GNU\0\2\0\0\300\4\0\0\0\3\0\0\0\0\0\0\0\4\0\0\0\24\0\0\0\3\0\0\0GNU\0\376\35\310\316\222}\256h[N\3\2213)\213M\307\311\300\345\0\0\0\0\21\0\0\0q\1\0\0\4\0\0\0\10\0\0\0 A\0@\0\200\0\"", 832) = 832
360556 fstat(7, {st_dev=makedev(0x103, 0x2), st_ino=8522837, st_mode=S_IFREG|0644, st_nlink=1, st_uid=0, st_gid=0, st_blksize=4096, st_blocks=267664, st_size=137037632, st_atime=1779472301 /* 2026-05-22T19:51:41.514341168+0200 */, st_atime_nsec=514341168, st_mtime=1724231680 /* 2024-08-21T11:14:40+0200 */, st_mtime_nsec=0, st_ctime=1779472261 /* 2026-05-22T19:51:01.653339267+0200 */, st_ctime_nsec=653339267}) = 0
360556 mmap(NULL, 137380592, PROT_READ, MAP_PRIVATE|MAP_DENYWRITE, 7, 0) = 0x771755e00000
360556 mmap(0x7717564f1000, 73162752, PROT_READ|PROT_EXEC, MAP_PRIVATE|MAP_FIXED|MAP_DENYWRITE, 7, 0x6f1000) = 0x7717564f1000
360556 mmap(0x77175aab7000, 16834560, PROT_READ, MAP_PRIVATE|MAP_FIXED|MAP_DENYWRITE, 7, 0x4cb7000) = 0x77175aab7000
360556 mmap(0x77175bac5000, 39763968, PROT_READ|PROT_WRITE, MAP_PRIVATE|MAP_FIXED|MAP_DENYWRITE, 7, 0x5cc4000) = 0x77175bac5000
360556 mmap(0x77175e0b1000, 340720, PROT_READ|PROT_WRITE, MAP_PRIVATE|MAP_FIXED|MAP_ANONYMOUS, -1, 0) = 0x77175e0b1000
360556 close(7)                         = 0
360556 openat(AT_FDCWD, "/usr/local/lib/../lib/glibc-hwcaps/x86-64-v3/libz.so.1", O_RDONLY|O_CLOEXEC) = -1 ENOENT (No such file or directory)
360556 newfstatat(AT_FDCWD, "/usr/local/lib/../lib/glibc-hwcaps/x86-64-v3/", 0x7fffaa4e9fe0, 0) = -1 ENOENT (No such file or directory)
360556 openat(AT_FDCWD, "/usr/local/lib/../lib/glibc-hwcaps/x86-64-v2/libz.so.1", O_RDONLY|O_CLOEXEC) = -1 ENOENT (No such file or directory)
360556 newfstatat(AT_FDCWD, "/usr/local/lib/../lib/glibc-hwcaps/x86-64-v2/", 0x7fffaa4e9fe0, 0) = -1 ENOENT (No such file or directory)
360556 openat(AT_FDCWD, "/usr/local/lib/../lib/libz.so.1", O_RDONLY|O_CLOEXEC) = -1 ENOENT (No such file or directory)
360556 newfstatat(AT_FDCWD, "/usr/local/lib/../lib/", {st_dev=makedev(0x103, 0x2), st_ino=8521383, st_mode=S_IFDIR|0755, st_nlink=6, st_uid=0, st_gid=0, st_blksize=4096, st_blocks=8, st_size=4096, st_atime=1779550200 /* 2026-05-23T17:30:00.358382419+0200 */, st_atime_nsec=358382419, st_mtime=1779549962 /* 2026-05-23T17:26:02.933138501+0200 */, st_mtime_nsec=933138501, st_ctime=1779549962 /* 2026-05-23T17:26:02.933138501+0200 */, st_ctime_nsec=933138501}, 0) = 0
360556 openat(AT_FDCWD, "/lib/x86_64-linux-gnu/libz.so.1", O_RDONLY|O_CLOEXEC) = 7
360556 read(7, "\177ELF\2\1\1\0\0\0\0\0\0\0\0\0\3\0>\0\1\0\0\0\0\0\0\0\0\0\0\0@\0\0\0\0\0\0\0\350\261\1\0\0\0\0\0\0\0\0\0@\08\0\v\0@\0\36\0\35\0\1\0\0\0\4\0\0\0\0\0\0\0\0\0\0\0\0\0\0\0\0\0\0\0\0\0\0\0\0\0\0\0\0 \0\0\0\0\0\0\0 \0\0\0\0\0\0\0\20\0\0\0\0\0\0\1\0\0\0\5\0\0\0\0 \0\0\0\0\0\0\0 \0\0\0\0\0\0\0 \0\0\0\0\0\0M\34\1\0\0\0\0\0M\34\1\0\0\0\0\0\0\20\0\0\0\0\0\0\1\0\0\0\4\0\0\0\0@\1\0\0\0\0\0\0@\1\0\0\0\0\0\0@\1\0\0\0\0\0x^\0\0\0\0\0\0x^\0\0\0\0\0\0\0\20\0\0\0\0\0\0\1\0\0\0\6\0\0\0p\254\1\0\0\0\0\0p\254\1\0\0\0\0\0p\254\1\0\0\0\0\0 \4\0\0\0\0\0\0(\4\0\0\0\0\0\0\0\20\0\0\0\0\0\0\2\0\0\0\6\0\0\0\320\255\1\0\0\0\0\0\320\255\1\0\0\0\0\0\320\255\1\0\0\0\0\0\360\1\0\0\0\0\0\0\360\1\0\0\0\0\0\0\10\0\0\0\0\0\0\0\4\0\0\0\4\0\0\0\250\2\0\0\0\0\0\0\250\2\0\0\0\0\0\0\250\2\0\0\0\0\0\0 \0\0\0\0\0\0\0 \0\0\0\0\0\0\0\10\0\0\0\0\0\0\0\4\0\0\0\4\0\0\0\310\2\0\0\0\0\0\0\310\2\0\0\0\0\0\0\310\2\0\0\0\0\0\0$\0\0\0\0\0\0\0$\0\0\0\0\0\0\0\4\0\0\0\0\0\0\0S\345td\4\0\0\0\250\2\0\0\0\0\0\0\250\2\0\0\0\0\0\0\250\2\0\0\0\0\0\0 \0\0\0\0\0\0\0 \0\0\0\0\0\0\0\10\0\0\0\0\0\0\0P\345td\4\0\0\0\210\207\1\0\0\0\0\0\210\207\1\0\0\0\0\0\210\207\1\0\0\0\0\0\344\3\0\0\0\0\0\0\344\3\0\0\0\0\0\0\4\0\0\0\0\0\0\0Q\345td\6\0\0\0\0\0\0\0\0\0\0\0\0\0\0\0\0\0\0\0\0\0\0\0\0\0\0\0\0\0\0\0\0\0\0\0\0\0\0\0\0\0\0\0\20\0\0\0\0\0\0\0R\345td\4\0\0\0p\254\1\0\0\0\0\0p\254\1\0\0\0\0\0p\254\1\0\0\0\0\0\220\3\0\0\0\0\0\0\220\3\0\0\0\0\0\0\1\0\0\0\0\0\0\0\4\0\0\0\20\0\0\0\5\0\0\0GNU\0\2\0\0\300\4\0\0\0\3\0\0\0\0\0\0\0\4\0\0\0\24\0\0\0\3\0\0\0GNU\0\273\357\342\273\3346{\f<\373\374\370\fW\2310Io\271c\0\0\0\0a\0\0\0\26\0\0\0\20\0\0\0\n\0\0\0\0\"@b\f\3\2\0E\0\0A\10\4\5\22\4\1\204\4\0\7\10\0\4\1\26\n\0\21\2\0\0A\0\224\204\204\10\10\0l\0\24 \260\204\200\0\2603@\t\360d\200\2B\206\0\0\0\4\20", 832) = 832
360556 fstat(7, {st_dev=makedev(0x103, 0x2), st_ino=8400815, st_mode=S_IFREG|0644, st_nlink=1, st_uid=0, st_gid=0, st_blksize=4096, st_blocks=224, st_size=113000, st_atime=1779475289 /* 2026-05-22T20:41:29.071483625+0200 */, st_atime_nsec=71483625, st_mtime=1723170800 /* 2024-08-09T04:33:20+0200 */, st_mtime_nsec=0, st_ctime=1774613022 /* 2026-03-27T13:03:42.361880886+0100 */, st_ctime_nsec=361880886}) = 0
360556 mmap(NULL, 110744, PROT_READ, MAP_PRIVATE|MAP_DENYWRITE, 7, 0) = 0x771766bb6000
360556 mmap(0x771766bb8000, 73728, PROT_READ|PROT_EXEC, MAP_PRIVATE|MAP_FIXED|MAP_DENYWRITE, 7, 0x2000) = 0x771766bb8000
360556 mmap(0x771766bca000, 24576, PROT_READ, MAP_PRIVATE|MAP_FIXED|MAP_DENYWRITE, 7, 0x14000) = 0x771766bca000
360556 mmap(0x771766bd0000, 8192, PROT_READ|PROT_WRITE, MAP_PRIVATE|MAP_FIXED|MAP_DENYWRITE, 7, 0x1a000) = 0x771766bd0000
360556 close(7)                         = 0
360556 mprotect(0x771766bd0000, 4096, PROT_READ) = 0
360556 mprotect(0x77175bac5000, 3940352, PROT_READ) = 0
360556 mprotect(0x771764765000, 32768, PROT_READ) = 0
360556 brk(0x569259c95000)              = 0x569259c95000
360556 brk(0x569259cb8000)              = 0x569259cb8000
360556 munmap(0x771766e22000, 85275)    = 0
360556 openat(AT_FDCWD, "/etc/ld.so.cache", O_RDONLY|O_CLOEXEC) = 7
360556 fstat(7, {st_dev=makedev(0x103, 0x2), st_ino=9964283, st_mode=S_IFREG|0644, st_nlink=1, st_uid=0, st_gid=0, st_blksize=4096, st_blocks=168, st_size=85275, st_atime=1779536083 /* 2026-05-23T13:34:43.113101225+0200 */, st_atime_nsec=113101225, st_mtime=1779536083 /* 2026-05-23T13:34:43.101709256+0200 */, st_mtime_nsec=101709256, st_ctime=1779536083 /* 2026-05-23T13:34:43.103709256+0200 */, st_ctime_nsec=103709256}) = 0
360556 mmap(NULL, 85275, PROT_READ, MAP_PRIVATE, 7, 0) = 0x771766e22000
360556 close(7)                         = 0
360556 openat(AT_FDCWD, "/usr/local/lib/libigc.so.1", O_RDONLY|O_CLOEXEC) = 7
360556 read(7, "\177ELF\2\1\1\0\0\0\0\0\0\0\0\0\3\0>\0\1\0\0\0\0\0\0\0\0\0\0\0@\0\0\0\0\0\0\0X\270\366\4\0\0\0\0\0\0\0\0@\08\0\n\0@\0\37\0\36\0\1\0\0\0\4\0\0\0\0\0\0\0\0\0\0\0\0\0\0\0\0\0\0\0\0\0\0\0\0\0\0\0 \241.\0\0\0\0\0 \241.\0\0\0\0\0\0\20\0\0\0\0\0\0\1\0\0\0\5\0\0\0\0\260.\0\0\0\0\0\0\260.\0\0\0\0\0\0\260.\0\0\0\0\0AP\266\2\0\0\0\0AP\266\2\0\0\0\0\0\20\0\0\0\0\0\0\1\0\0\0\4\0\0\0\0\20\345\2\0\0\0\0\0\20\345\2\0\0\0\0\0\20\345\2\0\0\0\0dt\260\0\0\0\0\0dt\260\0\0\0\0\0\0\20\0\0\0\0\0\0\1\0\0\0\6\0\0\0@\205\225\3\0\0\0\0@\225\225\3\0\0\0\0@\225\225\3\0\0\0\0p1a\1\0\0\0\0\30Sw\1\0\0\0\0\0\20\0\0\0\0\0\0\2\0\0\0\6\0\0\0(\265\267\3\0\0\0\0(\305\267\3\0\0\0\0(\305\267\3\0\0\0\0000\2\0\0\0\0\0\0000\2\0\0\0\0\0\0\10\0\0\0\0\0\0\0\4\0\0\0\4\0\0\0p\2\0\0\0\0\0\0p\2\0\0\0\0\0\0p\2\0\0\0\0\0\0$\0\0\0\0\0\0\0$\0\0\0\0\0\0\0\4\0\0\0\0\0\0\0\7\0\0\0\4\0\0\0@\205\225\3\0\0\0\0@\225\225\3\0\0\0\0@\225\225\3\0\0\0\0D\0\0\0\0\0\0\0\30\2\0\0\0\0\0\0@\0\0\0\0\0\0\0P\345td\4\0\0\0\200\2;\3\0\0\0\0\200\2;\3\0\0\0\0\200\2;\3\0\0\0\0\214O\n\0\0\0\0\0\214O\n\0\0\0\0\0\4\0\0\0\0\0\0\0Q\345td\6\0\0\0\0\0\0\0\0\0\0\0\0\0\0\0\0\0\0\0\0\0\0\0\0\0\0\0\0\0\0\0\0\0\0\0\0\0\0\0\0\0\0\0\20\0\0\0\0\0\0\0R\345td\4\0\0\0@\205\225\3\0\0\0\0@\225\225\3\0\0\0\0@\225\225\3\0\0\0\0\300J\"\0\0\0\0\0\300J\"\0\0\0\0\0\1\0\0\0\0\0\0\0\4\0\0\0\24\0\0\0\3\0\0\0GNU\0\241g\330\32\356J\372\246f\35\343Wr@x\17\307h\326X\0\0\0\0\7\1\0\0\255\1\0\0@\0\0\0\f\0\0\0\0\211\20\210\0@( \1%\25C\205\1-\0\30E\240a\250\08\350\20\n\20\f\2\20!\10\0\5`\200@$\0\4@g\21\0!\0\300\5\0D\300\3\221\1A\210\16\22\30\0\0\2\20 \0\201\0\206#\4\f\300\0\0@\0\2\4\1D\200\0h\2\24\0\3\20\0\205\0\n@\1@P0\0\10\0\0\200 \4\220(\275\30#.@\0042\0\0\203\324\200\16\220\0\0\"\1\10D\0\260\2\0\201!\20\0\0\0\215\25\4\2\0\1\21\tP\0\0\4\360\204\10\24", 832) = 832
360556 fstat(7, {st_dev=makedev(0x103, 0x2), st_ino=8522828, st_mode=S_IFREG|0644, st_nlink=1, st_uid=0, st_gid=0, st_blksize=4096, st_blocks=162672, st_size=83279896, st_atime=1779472301 /* 2026-05-22T19:51:41.576341171+0200 */, st_atime_nsec=576341171, st_mtime=1724231615 /* 2024-08-21T11:13:35+0200 */, st_mtime_nsec=0, st_ctime=1779472260 /* 2026-05-22T19:51:00.769339225+0200 */, st_ctime_nsec=769339225}) = 0
360556 mmap(NULL, 84731992, PROT_READ, MAP_PRIVATE|MAP_DENYWRITE, 7, 0) = 0x771750c00000
360556 mmap(0x771750eeb000, 45506560, PROT_READ|PROT_EXEC, MAP_PRIVATE|MAP_FIXED|MAP_DENYWRITE, 7, 0x2eb000) = 0x771750eeb000
360556 mmap(0x771753a51000, 11567104, PROT_READ, MAP_PRIVATE|MAP_FIXED|MAP_DENYWRITE, 7, 0x2e51000) = 0x771753a51000
360556 mmap(0x771754559000, 23150592, PROT_READ|PROT_WRITE, MAP_PRIVATE|MAP_FIXED|MAP_DENYWRITE, 7, 0x3958000) = 0x771754559000
360556 mmap(0x771755b6d000, 1448024, PROT_READ|PROT_WRITE, MAP_PRIVATE|MAP_FIXED|MAP_ANONYMOUS, -1, 0) = 0x771755b6d000
360556 close(7)                         = 0
360556 mprotect(0x771754559000, 2248704, PROT_READ) = 0
360556 brk(0x569259cd9000)              = 0x569259cd9000
360556 brk(0x569259cfa000)              = 0x569259cfa000
360556 brk(0x569259d1b000)              = 0x569259d1b000
360556 brk(0x569259d3c000)              = 0x569259d3c000
360556 munmap(0x771766e22000, 85275)    = 0
360556 newfstatat(AT_FDCWD, "/usr/local/lib/libigc.so.1", {st_dev=makedev(0x103, 0x2), st_ino=8522828, st_mode=S_IFREG|0644, st_nlink=1, st_uid=0, st_gid=0, st_blksize=4096, st_blocks=162672, st_size=83279896, st_atime=1779472301 /* 2026-05-22T19:51:41.576341171+0200 */, st_atime_nsec=576341171, st_mtime=1724231615 /* 2024-08-21T11:13:35+0200 */, st_mtime_nsec=0, st_ctime=1779472260 /* 2026-05-22T19:51:00.769339225+0200 */, st_ctime_nsec=769339225}, 0) = 0
360556 newfstatat(AT_FDCWD, "/usr/local/lib/libigc.so.1", {st_dev=makedev(0x103, 0x2), st_ino=8522828, st_mode=S_IFREG|0644, st_nlink=1, st_uid=0, st_gid=0, st_blksize=4096, st_blocks=162672, st_size=83279896, st_atime=1779472301 /* 2026-05-22T19:51:41.576341171+0200 */, st_atime_nsec=576341171, st_mtime=1724231615 /* 2024-08-21T11:13:35+0200 */, st_mtime_nsec=0, st_ctime=1779472260 /* 2026-05-22T19:51:00.769339225+0200 */, st_ctime_nsec=769339225}, 0) = 0
360556 openat(AT_FDCWD, "/etc/ld.so.cache", O_RDONLY|O_CLOEXEC) = 7
360556 fstat(7, {st_dev=makedev(0x103, 0x2), st_ino=9964283, st_mode=S_IFREG|0644, st_nlink=1, st_uid=0, st_gid=0, st_blksize=4096, st_blocks=168, st_size=85275, st_atime=1779536083 /* 2026-05-23T13:34:43.113101225+0200 */, st_atime_nsec=113101225, st_mtime=1779536083 /* 2026-05-23T13:34:43.101709256+0200 */, st_mtime_nsec=101709256, st_ctime=1779536083 /* 2026-05-23T13:34:43.103709256+0200 */, st_ctime_nsec=103709256}) = 0
360556 mmap(NULL, 85275, PROT_READ, MAP_PRIVATE, 7, 0) = 0x771766e22000
360556 close(7)                         = 0
360556 openat(AT_FDCWD, "/lib/x86_64-linux-gnu/libigdml.so.1", O_RDONLY|O_CLOEXEC) = -1 ENOENT (No such file or directory)
360556 openat(AT_FDCWD, "/usr/lib/x86_64-linux-gnu/libigdml.so.1", O_RDONLY|O_CLOEXEC) = -1 ENOENT (No such file or directory)
360556 openat(AT_FDCWD, "/lib/libigdml.so.1", O_RDONLY|O_CLOEXEC) = -1 ENOENT (No such file or directory)
360556 openat(AT_FDCWD, "/usr/lib/libigdml.so.1", O_RDONLY|O_CLOEXEC) = -1 ENOENT (No such file or directory)
360556 munmap(0x771766e22000, 85275)    = 0
360556 openat(AT_FDCWD, "/etc/ld.so.cache", O_RDONLY|O_CLOEXEC) = 7
360556 fstat(7, {st_dev=makedev(0x103, 0x2), st_ino=9964283, st_mode=S_IFREG|0644, st_nlink=1, st_uid=0, st_gid=0, st_blksize=4096, st_blocks=168, st_size=85275, st_atime=1779536083 /* 2026-05-23T13:34:43.113101225+0200 */, st_atime_nsec=113101225, st_mtime=1779536083 /* 2026-05-23T13:34:43.101709256+0200 */, st_mtime_nsec=101709256, st_ctime=1779536083 /* 2026-05-23T13:34:43.103709256+0200 */, st_ctime_nsec=103709256}) = 0
360556 mmap(NULL, 85275, PROT_READ, MAP_PRIVATE, 7, 0) = 0x771766e22000
360556 close(7)                         = 0
360556 openat(AT_FDCWD, "/lib/x86_64-linux-gnu/libva.so.2", O_RDONLY|O_CLOEXEC) = 7
360556 read(7, "\177ELF\2\1\1\0\0\0\0\0\0\0\0\0\3\0>\0\1\0\0\0\0\0\0\0\0\0\0\0@\0\0\0\0\0\0\0\320\342\2\0\0\0\0\0\0\0\0\0@\08\0\v\0@\0\35\0\34\0\1\0\0\0\4\0\0\0\0\0\0\0\0\0\0\0\0\0\0\0\0\0\0\0\0\0\0\0\0\0\0\0P#\0\0\0\0\0\0P#\0\0\0\0\0\0\0\20\0\0\0\0\0\0\1\0\0\0\5\0\0\0\0000\0\0\0\0\0\0\0000\0\0\0\0\0\0\0000\0\0\0\0\0\0\371\257\1\0\0\0\0\0\371\257\1\0\0\0\0\0\0\20\0\0\0\0\0\0\1\0\0\0\4\0\0\0\0\340\1\0\0\0\0\0\0\340\1\0\0\0\0\0\0\340\1\0\0\0\0\0,\374\0\0\0\0\0\0,\374\0\0\0\0\0\0\0\20\0\0\0\0\0\0\1\0\0\0\6\0\0\0\270\335\2\0\0\0\0\0\270\355\2\0\0\0\0\0\270\355\2\0\0\0\0\0\314\3\0\0\0\0\0\0(\f\0\0\0\0\0\0\0\20\0\0\0\0\0\0\2\0\0\0\6\0\0\0\310\335\2\0\0\0\0\0\310\355\2\0\0\0\0\0\310\355\2\0\0\0\0\0\360\1\0\0\0\0\0\0\360\1\0\0\0\0\0\0\10\0\0\0\0\0\0\0\4\0\0\0\4\0\0\0\250\2\0\0\0\0\0\0\250\2\0\0\0\0\0\0\250\2\0\0\0\0\0\0 \0\0\0\0\0\0\0 \0\0\0\0\0\0\0\10\0\0\0\0\0\0\0\4\0\0\0\4\0\0\0\310\2\0\0\0\0\0\0\310\2\0\0\0\0\0\0\310\2\0\0\0\0\0\0$\0\0\0\0\0\0\0$\0\0\0\0\0\0\0\4\0\0\0\0\0\0\0S\345td\4\0\0\0\250\2\0\0\0\0\0\0\250\2\0\0\0\0\0\0\250\2\0\0\0\0\0\0 \0\0\0\0\0\0\0 \0\0\0\0\0\0\0\10\0\0\0\0\0\0\0P\345td\4\0\0\0\360\263\2\0\0\0\0\0\360\263\2\0\0\0\0\0\360\263\2\0\0\0\0\0\264\5\0\0\0\0\0\0\264\5\0\0\0\0\0\0\4\0\0\0\0\0\0\0Q\345td\6\0\0\0\0\0\0\0\0\0\0\0\0\0\0\0\0\0\0\0\0\0\0\0\0\0\0\0\0\0\0\0\0\0\0\0\0\0\0\0\0\0\0\0\20\0\0\0\0\0\0\0R\345td\4\0\0\0\270\335\2\0\0\0\0\0\270\355\2\0\0\0\0\0\270\355\2\0\0\0\0\0H\2\0\0\0\0\0\0H\2\0\0\0\0\0\0\1\0\0\0\0\0\0\0\4\0\0\0\20\0\0\0\5\0\0\0GNU\0\2\0\0\300\4\0\0\0\3\0\0\0\0\0\0\0\4\0\0\0\24\0\0\0\3\0\0\0GNU\0\361\206{/\335\228\31\233\353\20\321\203\220\240\352\370\203$i\0\0\0\0C\0\0\0005\0\0\0\10\0\0\0\t\0\0\0\260\300\0\200\21\20r`H\221\303\6\25\300[\4TPPP\21T\206d\1\305P\360\0J8B\0\10j\200I\264\"\300MH`\7\2\21\200\330$\340\310\34(\0X\243\3\220\32\200\254D P", 832) = 832
360556 fstat(7, {st_dev=makedev(0x103, 0x2), st_ino=8404051, st_mode=S_IFREG|0644, st_nlink=1, st_uid=0, st_gid=0, st_blksize=4096, st_blocks=376, st_size=190992, st_atime=1779483207 /* 2026-05-22T22:53:27.222021135+0200 */, st_atime_nsec=222021135, st_mtime=1764752618 /* 2025-12-03T10:03:38+0100 */, st_mtime_nsec=0, st_ctime=1774614990 /* 2026-03-27T13:36:30.906817176+0100 */, st_ctime_nsec=906817176}) = 0
360556 mmap(NULL, 195040, PROT_READ, MAP_PRIVATE|MAP_DENYWRITE, 7, 0) = 0x771766b86000
360556 mmap(0x771766b89000, 110592, PROT_READ|PROT_EXEC, MAP_PRIVATE|MAP_FIXED|MAP_DENYWRITE, 7, 0x3000) = 0x771766b89000
360556 mmap(0x771766ba4000, 65536, PROT_READ, MAP_PRIVATE|MAP_FIXED|MAP_DENYWRITE, 7, 0x1e000) = 0x771766ba4000
360556 mmap(0x771766bb4000, 8192, PROT_READ|PROT_WRITE, MAP_PRIVATE|MAP_FIXED|MAP_DENYWRITE, 7, 0x2d000) = 0x771766bb4000
360556 close(7)                         = 0
360556 mprotect(0x771766bb4000, 4096, PROT_READ) = 0
360556 munmap(0x771766e22000, 85275)    = 0
360556 munmap(0x771766b86000, 195040)   = 0
360556 futex(0x77176527a7c8, FUTEX_WAKE_PRIVATE, 2147483647) = 0
360556 ioctl(6, DRM_IOCTL_I915_GEM_USERPTR, 0x7fffaa4eb0e0) = 0
360556 futex(0x569259cb72f0, FUTEX_WAKE_PRIVATE, 2147483647) = 0
360556 close(5)                         = 0
360556 newfstatat(AT_FDCWD, "/etc/OpenCL/layers", 0x7fffaa4eb910, 0) = -1 ENOENT (No such file or directory)
360556 futex(0x569259ce9244, FUTEX_WAKE_PRIVATE, 2147483647) = 0
360556 openat(AT_FDCWD, "/root/.cache/neo_compiler_cache/2d1a3eb63be8d3ec.cl_cache", O_RDONLY) = 5
360556 fstat(5, {st_dev=makedev(0x103, 0x2), st_ino=7864360, st_mode=S_IFREG|0600, st_nlink=1, st_uid=0, st_gid=0, st_blksize=4096, st_blocks=8, st_size=3800, st_atime=1779553359 /* 2026-05-23T18:22:39.142533042+0200 */, st_atime_nsec=142533042, st_mtime=1779553354 /* 2026-05-23T18:22:34.611532826+0200 */, st_mtime_nsec=611532826, st_ctime=1779553354 /* 2026-05-23T18:22:34.611532826+0200 */, st_ctime_nsec=611532826}) = 0
360556 fstat(5, {st_dev=makedev(0x103, 0x2), st_ino=7864360, st_mode=S_IFREG|0600, st_nlink=1, st_uid=0, st_gid=0, st_blksize=4096, st_blocks=8, st_size=3800, st_atime=1779553359 /* 2026-05-23T18:22:39.142533042+0200 */, st_atime_nsec=142533042, st_mtime=1779553354 /* 2026-05-23T18:22:34.611532826+0200 */, st_mtime_nsec=611532826, st_ctime=1779553354 /* 2026-05-23T18:22:34.611532826+0200 */, st_ctime_nsec=611532826}) = 0
360556 lseek(5, 0, SEEK_SET)            = 0
360556 read(5, "\177ELF\2\1\1\0\1\0\0\0\0\0\0\0\1\0\315\0\1\0\0\0\0\0\0\0\0\0\0\0\0\0\0\0\0\0\0\0\330\f\0\0\0\0\0\0\0\0\0\0@\0\0\0\0\0@\0\10\0\7\0\1\0`\0\f\2` \0\0 \0\0\0\0\0\6\200\0\0\4\0\0000\0\20\0\26\300\4\300\4A\200U \0\4\10\3\1\0\200\0(\16`!\0\0\0\0\335\314\273\252\1 \200\0(\16\240!\0\0\0\0\335\314\273\252\1M\0 \7\177\3\0@\0\200\0(\n\240 \200\0\0\22 \0\261\0@ \200\0(\n !\200\0\0\22@\0\261\0@\226\1 \7\5\5\7@ \200\0(\n ! \1\215\n\340\0\0\0\t\0\200\0(\n\240 \240\0\215\36\2\0\2\0\t \200\0(\n ! \1\215\36\2\0\2\0@\226] \7\5\5\10@ \200\0(\n ! \1\215\n\10\1\0\0003\0\200\fp\260\0\0\242\0\0\0\0^\2\0043 \200\fp\320\0\0\"\1\0\0\0^\2\0041\0\0\7\4\2\0 \340\17\0\6\20\0\0\202\0\0\0\0\0\0\0\0\0\0\0\0\0\0\0\0\0\0\0\0\0\0\0\0\0\0\0\0\0\0\0\0\0\0\0\0\0\0\0\0\0\0\0\0\0\0\0\0\0\0\0\0\0\0\0\0\0\0\0\0\0\0\0\0\0\0\0\0\0\0\0\0\0\0\0\0\0\0\0\0\0\0\0\0\0\0\0\0\0\0\0\0\0\0\0\0\0\0\0\0\0\0\0\0\0\0\0\0\0\0\0\0\0\0\0\0\0\0\0\0\0\0\0\0\0\0\0\0\0\0\0\0\0\0\0\0\0\0\0\0\0\0\0\0\0\0\0\0\0\0\0\0\0\0\0\0\0\0\0\0\0\0\0\0\0\0\0\0[\0\0\0\2\0\1\0\0\0\0\0\0\0\0\0\360\0\0\0\0\0\0\0f\0\0\0\0\0\1\0\0\0\0\0\0\0\0\0\0\0\0\0\0\0\0\0\3\2#\7\0\0\1\0\16\0\6\0\31\0\0\0\0\0\0\0\21\0\2\0\4\0\0\0\21\0\2\0\5\0\0\0\21\0\2\0\6\0\0\0\21\0\2\0\v\0\0\0\v\0\5\0\1\0\0\0OpenCL.std\0\0\16\0\3\0\2\0\0\0\2\0\0\0\17\0\7\0\6\0\0\0\23\0\0\0write_test\0\0\5\0\0\0\7\0\v\0\27\0\0\0kernel_arg_type.write_test.uint*,\0\0\0\7\0\v\0\30\0\0\0kernel_arg_type_qual.write_test.,\0\0\0\3\0\3\0\3\0\0\0p\216\1\0\5\0\v\0\5\0\0\0__spirv_BuiltInGlobalInvocationId\0\0\0\5\0\5\0\n\0\0\0write_test\0\0\5\0\4\0\v\0\0\0output\0\0\5\0\4\0\f\0\0\0entry\0\0\0\5\0\4\0\16\0\0\0call\0\0\0\0\5\0\4\0\17\0\0\0conv\0\0\0\0\5\0\4\0\20\0\0\0idxprom\0\5\0\5\0\21\0\0\0arrayidx\0\0\0\0\5\0\4\0\24\0\0\0output\0\0G\0\r\0\5\0\0\0)\0\0\0__spirv_BuiltInGlobalInvocationId\0\0\0\1\0\0\0G\0\3\0\5\0\0\0\26\0\0\0G\0\4\0\5\0\0\0\v\0\0\0\34\0\0\0G\0\7\0\n\0\0\0)\0\0\0write_test\0\0\0\0\0\0\25\0\4\0\2\0\0\0@\0\0\0\0\0\0\0\25\0\4\0\7\0\0\0 \0\0\0\0\0\0\0+\0\4\0\7\0\0\0\22\0\0\0\335\314\273\252\27\0\4\0\3\0\0\0\2\0\0\0\3\0\0\0 \0\4\0\4\0\0\0\1\0\0\0\3\0\0\0\23\0\2\0\6\0\0\0 \0\4\0\10\0\0\0\5\0\0\0\7\0\0\0!\0\4\0\t\0\0\0\6\0\0\0\10\0\0\0;\0\4\0\4\0\0\0\5\0\0\0\1\0\0\0006\0\5\0\6\0\0\0\n\0\0\0\0\0\0\0\t\0\0\0007\0\3\0\10\0\0\0\v\0\0\0\370\0\2\0\f\0\0\0=\0\6\0\3\0\0\0\r\0\0\0\5\0\0\0\2\0\0\0 \0\0\0Q\0\5\0\2\0\0\0\16\0\0\0\r\0\0\0\0\0\0\0q\0\4\0\7\0\0\0\17\0\0\0\16\0\0\0r\0\4\0\2\0\0\0\20\0\0\0\17\0\0\0F\0\5\0\10\0\0\0\21\0\0\0\v\0\0\0\20\0\0\0>\0\5\0\21\0\0\0\22\0\0\0\2\0\0\0\4\0\0\0\375\0\1\08\0\1\0006\0\5\0\6\0\0\0\23\0\0\0\0\0\0\0\t\0\0\0007\0\3\0\10\0\0\0\24\0\0\0\370\0\2\0\25\0\0\09\0\5\0\6\0\0\0\26\0\0\0\n\0\0\0\24\0\0\0\375\0\1\08\0\1\0\0\0\0\0\0\0\0\0\0\0\0\0\0\0\0\0\0\0\0\0\0\0\0\0\0\0\0\0\0\0\0\0\0\0\0\0\0\0\0\0\0\0\0\0\0\0\0\0\0\0\0\0\0\0\0\0\0\0\0\0\0\0\0\0\0\0\0\0---\nversion:         '1.44'\nkernels:\n  - name:            write_test\n    user_attributes:\n      intel_reqd_workgroup_walk_order: [ 0, 1, 2 ]\n    execution_env:\n      grf_count:       128\n      has_no_stateless_write: true\n      simd_size:       32\n      subgroup_independent_forward_progress: true\n      eu_thread_count: 7\n    payload_arguments:\n      - arg_type:        global_id_offset\n        offset:          0\n        size:            12\n      - arg_type:        local_size\n        offset:          12\n        size:            12\n      - arg_type:        arg_bypointer\n        offset:          0\n        size:            0\n        arg_index:       0\n        addrmode:        stateful\n        addrspace:       global\n        access_type:     readwrite\n      - arg_type:        buffer_address\n        offset:          32\n        size:            8\n        arg_index:       0\n      - arg_type:        buffer_offset\n        offset:          40\n        size:            4\n        arg_index:       0\n      - arg_type:        enqueued_local_size\n        offset:          44\n        size:            12\n    per_thread_payload_arguments:\n      - arg_type:        local_id\n        offset:          0\n        size:            192\n    binding_table_indices:\n      - bti_value:       0\n        arg_index:       0\nkernels_misc_info:\n  - name:            write_test\n    args_info:\n      - index:           0\n        name:            output\n        address_qualifier: __global\n        access_qualifier: NONE\n        type_name:       'uint*;8'\n        type_qualifiers: NONE\n...\n\0\0\10\0\0\0\4\0\0\0\1\0\0\0IntelGT\0\24\0\0\0\10\0\0\0\4\0\0\0\2\0\0\0IntelGT\0\f\0\0\0\10\0\0\0\4\0\0\0\3\0\0\0IntelGT\0\0\2\"\0\10\0\0\0\5\0\0\0\4\0\0\0IntelGT\0001.44\0\0\0\0\10\0\0\0\4\0\0\0\6\0\0\0IntelGT\0\0@A\2\10\0\0\0\4\0\0\0\7\0\0\0IntelGT\0\3\0\0\0\0\0\0\0\0.text.write_test\0.symtab\0.spv\0.note.intelgt.metrics\0.ze_info\0.note.intelgt.compat\0.strtab\0write_test\0_entry\0\0\0\0\0\0\0\0\0\0\0\0\0\0\0\0\0\0\0\0\0\0\0\0\0\0\0\0@\0\0\0\0\0\0\0\0\0\0\0\0\0\0\0\0\0\0\0\0\0\0\0\0\0\0\0\0\0\0\0\0\0\0\0\0\0\0\0\1\0\0\0\1\0\0\0\6\0\0\0\0\0\0\0\0\0\0\0\0\0\0\0@\0\0\0\0\0\0\0\200\1\0\0\0\0\0\0\0\0\0\0\0\0\0\0\0\0\0\0\0\0\0\0\0\0\0\0\0\0\0\0\22\0\0\0\2\0\0\0\0\0\0\0\0\0\0\0\0\0\0\0\0\0\0\0\300\1\0\0\0\0\0\0H\0\0\0\0\0\0\0\7\0\0\0\3\0\0\0\0\0\0\0\0\0\0\0\30\0\0\0\0\0\0\0\32\0\0\0\t\0\0\377\0\0\0\0\0\0\0\0\0\0\0\0\0\0\0\0\10\2\0\0\0\0\0\0d\3\0\0\0\0\0\0\0\0\0\0\0\0\0\0\0\0\0\0\0\0\0\0\0\0\0\0\0\0\0\0\37\0\0\0\7\0\0\0\0\0\0\0\0\0\0\0\0\0\0\0\0\0\0\0p\5\0\0\0\0\0\0@\0\0\0\0\0\0\0\0\0\0\0\0\0\0\0\0\0\0\0\0\0\0\0\0\0\0\0\0\0\0\0005\0\0\0\21\0\0\377\0\0\0\0\0\0\0\0\0\0\0\0\0\0\0\0\260\5\0\0\0\0\0\0\36\6\0\0\0\0\0\0\0\0\0\0\0\0\0\0\0\0\0\0\0\0\0\0\0\0\0\0\0\0\0\0>\0\0\0\7\0\0\0\0\0\0\0\0\0\0\0\0\0\0\0\0\0\0\0\320\v\0\0\0\0\0\0\224\0\0\0\0\0\0\0\0\0\0\0\0\0\0\0\0\0\0\0\0\0\0\0\0\0\0\0\0\0\0\0S\0\0\0\3\0\0\0\0\0\0\0\0\0\0\0\0\0\0\0\0\0\0\0h\f\0\0\0\0\0\0m\0\0\0\0\0\0\0\0\0\0\0\0\0\0\0\0\0\0\0\0\0\0\0\0\0\0\0\0\0\0\0", 3800) = 3800
360556 lseek(5, 3800, SEEK_SET)         = 3800
360556 close(5)                         = 0
360556 ioctl(6, DRM_IOCTL_I915_GEM_USERPTR, 0x7fffaa4eae40) = 0
360556 mmap(NULL, 8192, PROT_NONE, MAP_SHARED|MAP_ANONYMOUS, -1, 0) = 0x771766fdf000
360556 ioctl(6, DRM_IOCTL_I915_GEM_CREATE_EXT, 0x7fffaa4eab60) = 0
360556 ioctl(6, DRM_IOCTL_I915_GEM_MMAP_OFFSET, 0x7fffaa4eae30) = 0
360556 mmap(0x771766fdf000, 4096, PROT_READ|PROT_WRITE, MAP_SHARED|MAP_FIXED, 6, 0x10a960000) = 0x771766fdf000
360556 munmap(0x771766fe0000, 4096)     = 0
360556 fstat(1, {st_dev=makedev(0, 0x9), st_ino=1777829, st_mode=S_IFSOCK|0777, st_nlink=1, st_uid=1000, st_gid=1000, st_blksize=4096, st_blocks=0, st_size=0, st_atime=0, st_atime_nsec=0, st_mtime=0, st_mtime_nsec=0, st_ctime=0, st_ctime_nsec=0}) = 0
360556 mmap(NULL, 69632, PROT_NONE, MAP_SHARED|MAP_ANONYMOUS, -1, 0) = 0x771766e26000
360556 ioctl(6, DRM_IOCTL_I915_GEM_CREATE_EXT, 0x7fffaa4e5e90) = 0
360556 ioctl(6, DRM_IOCTL_I915_GEM_MMAP_OFFSET, 0x7fffaa4e6160) = 0
360556 mmap(0x771766e26000, 65536, PROT_READ|PROT_WRITE, MAP_SHARED|MAP_FIXED, 6, 0x1049db000) = 0x771766e26000
360556 munmap(0x771766e36000, 4096)     = 0
360556 mmap(NULL, 69632, PROT_NONE, MAP_SHARED|MAP_ANONYMOUS, -1, 0) = 0x771766e15000
360556 ioctl(6, DRM_IOCTL_I915_GEM_CREATE_EXT, 0x7fffaa4e5d30) = 0
360556 ioctl(6, DRM_IOCTL_I915_GEM_MMAP_OFFSET, 0x7fffaa4e6000) = 0
360556 mmap(0x771766e15000, 65536, PROT_READ|PROT_WRITE, MAP_SHARED|MAP_FIXED, 6, 0x101695000) = 0x771766e15000
360556 munmap(0x771766e25000, 4096)     = 0
360556 brk(0x569259d6b000)              = 0x569259d6b000
360556 ioctl(6, DRM_IOCTL_I915_GEM_USERPTR, 0x7fffaa4e6080) = 0
360556 mmap(NULL, 69632, PROT_NONE, MAP_SHARED|MAP_ANONYMOUS, -1, 0) = 0x771766ba5000
360556 ioctl(6, DRM_IOCTL_I915_GEM_CREATE_EXT, 0x7fffaa4e5d30) = 0
360556 ioctl(6, DRM_IOCTL_I915_GEM_MMAP_OFFSET, 0x7fffaa4e6000) = 0
360556 mmap(0x771766ba5000, 65536, PROT_READ|PROT_WRITE, MAP_SHARED|MAP_FIXED, 6, 0x125a4a000) = 0x771766ba5000
360556 munmap(0x771766bb5000, 4096)     = 0
360556 mmap(NULL, 69632, PROT_NONE, MAP_SHARED|MAP_ANONYMOUS, -1, 0) = 0x771766b94000
360556 ioctl(6, DRM_IOCTL_I915_GEM_CREATE_EXT, 0x7fffaa4e58f0) = 0
360556 ioctl(6, DRM_IOCTL_I915_GEM_MMAP_OFFSET, 0x7fffaa4e5bc0) = 0
360556 mmap(0x771766b94000, 65536, PROT_READ|PROT_WRITE, MAP_SHARED|MAP_FIXED, 6, 0x112d92000) = 0x771766b94000
360556 munmap(0x771766ba4000, 4096)     = 0
360556 ioctl(6, DRM_IOCTL_I915_GEM_EXECBUFFER2, 0x7fffaa4e5d30) = 0
360556 futex(0x569259c34630, FUTEX_WAKE_PRIVATE, 1) = 1
360556 sched_yield( <unfinished ...>
360563 <... futex resumed>)             = 0
360556 <... sched_yield resumed>)       = 0
360563 futex(0x569259c345e0, FUTEX_WAKE_PRIVATE, 1) = 0
360563 ioctl(6, DRM_IOCTL_I915_GEM_WAIT or DRM_IOCTL_RADEON_GEM_OP <unfinished ...>
360556 ioctl(6, DRM_IOCTL_I915_GEM_WAIT or DRM_IOCTL_RADEON_GEM_OP, 0x7fffaa4eb770) = 0
360563 <... ioctl resumed>, 0x771764ffedc0) = 0
360556 munmap(0x771766fdf000, 4096 <unfinished ...>
360563 futex(0x569259c34634, FUTEX_WAIT_BITSET_PRIVATE|FUTEX_CLOCK_REALTIME, 0, NULL, FUTEX_BITSET_MATCH_ANY <unfinished ...>
360556 <... munmap resumed>)            = 0
360556 ioctl(6, DRM_IOCTL_GEM_CLOSE, 0x7fffaa4eb760) = 0
360556 ioctl(6, DRM_IOCTL_I915_GEM_WAIT or DRM_IOCTL_RADEON_GEM_OP, 0x7fffaa4eb6c0) = 0
360556 ioctl(6, DRM_IOCTL_GEM_CLOSE, 0x7fffaa4eb6b0) = 0
360556 write(1, "\360\237\232\200 Enqueuing kernel...\n\342\234\205 Kernel executed\n\360\237\223\212 output[0] = 0xAABBCCDD\n\360\237\223\212 output[255] = 0xAABBCCDD\n", 103) = 103
360556 ioctl(6, DRM_IOCTL_I915_GEM_WAIT or DRM_IOCTL_RADEON_GEM_OP, 0x7fffaa4eb8c0) = 0
360556 munmap(0x771766e26000, 65536)    = 0
360556 ioctl(6, DRM_IOCTL_GEM_CLOSE, 0x7fffaa4eb8b0) = 0
360556 ioctl(6, DRM_IOCTL_I915_GEM_WAIT or DRM_IOCTL_RADEON_GEM_OP, 0x7fffaa4eb8c0) = 0
360556 munmap(0x771766e15000, 65536)    = 0
360556 ioctl(6, DRM_IOCTL_GEM_CLOSE, 0x7fffaa4eb8b0) = 0
360556 ioctl(6, DRM_IOCTL_I915_GEM_WAIT or DRM_IOCTL_RADEON_GEM_OP, 0x7fffaa4eb8c0) = 0
360556 ioctl(6, DRM_IOCTL_GEM_CLOSE, 0x7fffaa4eb8b0) = 0
360556 ioctl(6, DRM_IOCTL_I915_GEM_WAIT or DRM_IOCTL_RADEON_GEM_OP, 0x7fffaa4eb8c0) = 0
360556 munmap(0x771766ba5000, 65536)    = 0
360556 ioctl(6, DRM_IOCTL_GEM_CLOSE, 0x7fffaa4eb8b0) = 0
360556 ioctl(6, DRM_IOCTL_I915_GEM_WAIT or DRM_IOCTL_RADEON_GEM_OP, 0x7fffaa4eb9f0) = 0
360556 munmap(0x771766b94000, 65536)    = 0
360556 ioctl(6, DRM_IOCTL_GEM_CLOSE, 0x7fffaa4eb9e0) = 0
360556 brk(0x569259d57000)              = 0x569259d57000
360556 ioctl(6, DRM_IOCTL_I915_GEM_WAIT or DRM_IOCTL_RADEON_GEM_OP, 0x7fffaa4eb9f0) = 0
360556 munmap(0x771766fe5000, 4096)     = 0
360556 ioctl(6, DRM_IOCTL_GEM_CLOSE, 0x7fffaa4eb9e0) = 0
360556 ioctl(6, DRM_IOCTL_I915_GEM_WAIT or DRM_IOCTL_RADEON_GEM_OP, 0x7fffaa4eb9f0) = 0
360556 munmap(0x77175f600000, 8388608)  = 0
360556 ioctl(6, DRM_IOCTL_GEM_CLOSE, 0x7fffaa4eb9e0) = 0
360556 ioctl(6, DRM_IOCTL_I915_GEM_CONTEXT_DESTROY, 0x7fffaa4eba50) = 0
360556 ioctl(6, DRM_IOCTL_I915_GEM_WAIT or DRM_IOCTL_RADEON_GEM_OP, 0x7fffaa4eb9f0) = 0
360556 munmap(0x771766fe3000, 4096)     = 0
360556 ioctl(6, DRM_IOCTL_GEM_CLOSE, 0x7fffaa4eb9e0) = 0
360556 ioctl(6, DRM_IOCTL_I915_GEM_WAIT or DRM_IOCTL_RADEON_GEM_OP, 0x7fffaa4eb9f0) = 0
360556 munmap(0x77175ec00000, 8388608)  = 0
360556 ioctl(6, DRM_IOCTL_GEM_CLOSE, 0x7fffaa4eb9e0) = 0
360556 ioctl(6, DRM_IOCTL_I915_GEM_WAIT or DRM_IOCTL_RADEON_GEM_OP, 0x7fffaa4eb9f0) = 0
360556 munmap(0x771766fe1000, 4096)     = 0
360556 ioctl(6, DRM_IOCTL_GEM_CLOSE, 0x7fffaa4eb9e0) = 0
360556 ioctl(6, DRM_IOCTL_I915_GEM_WAIT or DRM_IOCTL_RADEON_GEM_OP, 0x7fffaa4eb9f0) = 0
360556 munmap(0x77175e200000, 8388608)  = 0
360556 ioctl(6, DRM_IOCTL_GEM_CLOSE, 0x7fffaa4eb9e0) = 0
360556 ioctl(6, DRM_IOCTL_I915_GEM_CONTEXT_DESTROY, 0x7fffaa4eba50) = 0
360556 futex(0x569259c34634, FUTEX_WAKE_PRIVATE, 2147483647) = 1
360563 <... futex resumed>)             = 0
360563 futex(0x569259c345e0, FUTEX_WAKE_PRIVATE, 1) = 0
360556 futex(0x771764fff990, FUTEX_WAIT_BITSET|FUTEX_CLOCK_REALTIME, 360563, NULL, FUTEX_BITSET_MATCH_ANY <unfinished ...>
360563 rt_sigprocmask(SIG_BLOCK, ~[RT_1], NULL, 8) = 0
360563 madvise(0x7717647ff000, 8368128, MADV_DONTNEED) = 0
360563 exit(0)                          = ?
360556 <... futex resumed>)             = 0
360563 +++ exited with 0 +++
360556 ioctl(6, DRM_IOCTL_GEM_CLOSE, 0x7fffaa4ebb20) = 0
360556 ioctl(6, DRM_IOCTL_I915_GEM_WAIT or DRM_IOCTL_RADEON_GEM_OP, 0x7fffaa4ebb00) = 0
360556 ioctl(6, DRM_IOCTL_GEM_CLOSE, 0x7fffaa4ebaf0) = 0
360556 ioctl(6, DRM_IOCTL_I915_GEM_VM_DESTROY, 0x7fffaa4ebb20) = 0
360556 close(6)                         = 0
360556 brk(0x569259d51000)              = 0x569259d51000
360556 exit_group(0)                    = ?
360556 +++ exited with 0 +++
