2026-06-12 03:05:09 | INFO | 
🚀 DÉMARRAGE TESTS MAGEN V2 INTELLIGENT
2026-06-12 03:05:09 | INFO |    Jeux à tester: 10
2026-06-12 03:05:09 | INFO |    Mode forensique: full
2026-06-12 03:05:09 | INFO |    Max actions: 200
2026-06-12 03:05:09 | INFO |    Pattern learning: ACTIVÉ
2026-06-12 03:05:09 | INFO | 🚀 MAGEN V2 INTELLIGENT initialisé
2026-06-12 03:05:09 | INFO |    Max actions: 100 (augmenté)
2026-06-12 03:05:09 | INFO |    Exploration rate: 0.2 (exploitation prioritaire)
2026-06-12 03:05:09 | INFO |    Pattern learning: ACTIVÉ
[MAGEN] Système mémoire initialisé
[MAGEN] Court terme: 50 expériences
[MAGEN] Moyen terme: 200 patterns
[MAGEN] Long terme: success_rate > 0.7
[MAGEN] Logs: /home/lvx/LVX/lumvorax2/src/MAGEN/logs/magen
[ARC Perception] Initialisé (max_size=64x64)
[ARC Agent V2] 🚀 Initialisé (INTELLIGENT)
[ARC Agent V2] Exploration rate: 0.2 (exploitation prioritaire)
[ARC Agent V2] Max actions/level: 100 (augmenté)
[ARC Agent V2] Pattern learning: ACTIVÉ
INFO:arc_agi.scorecard:Initialized ScorecardManager with idle_for=0:15:00 and max_open_for=3 days, 0:00:00
2026-06-12 03:05:09 | INFO | Got anonymous API key: 7118aa92-3fe0-4787-9801-5c1ac4e7758e
2026-06-12 03:05:09 | INFO | Got anonymous API key: 7118aa92-3fe0-4787-9801-5c1ac4e7758e
2026-06-12 03:05:09 | INFO | You can register for an API key at https://three.arcprize.org
2026-06-12 03:05:09 | INFO | You can register for an API key at https://three.arcprize.org
2026-06-12 03:05:10 | INFO | Successfully fetched 25 environment(s) from API
2026-06-12 03:05:10 | INFO | Successfully fetched 25 environment(s) from API
2026-06-12 03:05:10 | INFO | 
📋 10 jeux sélectionnés sur 25 disponibles
🎮 Tests MAGEN V2:   0%|          | 0/10 [00:00<?, ?jeu/s]🎮 Test 1/10: bp35-0a0ad:   0%|          | 0/10 [00:00<?, ?jeu/s]2026-06-12 03:05:10 | INFO | 
======================================================================
2026-06-12 03:05:10 | INFO | 🎮 DÉMARRAGE JEU: bp35-0a0ad940
2026-06-12 03:05:10 | INFO | ======================================================================
2026-06-12 03:05:10 | INFO | 🔐 Forensic logging activé: /home/lvx/LVX/lumvorax2/src/MAGEN/logs/forensic/v2_intelligent/bp35_0a0ad940
2026-06-12 03:05:10 | INFO | 📦 Création environnement via Arcade.make('bp35-0a0ad940')...
[SimpleLogger] Logger initialisé: /home/lvx/LVX/lumvorax2/src/MAGEN/logs/forensic/v2_intelligent/bp35_0a0ad940
INFO:arc_agi.scorecard:Initialized ScorecardManager with idle_for=0:15:00 and max_open_for=3 days, 0:00:00
2026-06-12 03:05:10 | INFO | Got anonymous API key: 0b0676df-f0a2-48aa-b830-821d27e83c7e
2026-06-12 03:05:10 | INFO | Got anonymous API key: 0b0676df-f0a2-48aa-b830-821d27e83c7e
2026-06-12 03:05:10 | INFO | You can register for an API key at https://three.arcprize.org
2026-06-12 03:05:10 | INFO | You can register for an API key at https://three.arcprize.org
2026-06-12 03:05:10 | INFO | Successfully fetched 25 environment(s) from API
2026-06-12 03:05:10 | INFO | Successfully fetched 25 environment(s) from API
2026-06-12 03:05:10 | INFO | Created new scorecard: 6e32bf87-bfc4-4075-a232-81227c1f0f6b
2026-06-12 03:05:10 | INFO | Created new scorecard: 6e32bf87-bfc4-4075-a232-81227c1f0f6b
2026-06-12 03:05:11 | INFO | Successfully fetched metadata for game bp35
2026-06-12 03:05:11 | INFO | Successfully fetched metadata for game bp35
2026-06-12 03:05:11 | INFO | Successfully loaded game class Bp35 from environment_files/bp35/0a0ad940/bp35.py
2026-06-12 03:05:11 | INFO | Successfully loaded game class Bp35 from environment_files/bp35/0a0ad940/bp35.py
2026-06-12 03:05:11 | INFO | ✅ Environnement créé: <class 'arc_agi.local_wrapper.LocalEnvironmentWrapper'>
2026-06-12 03:05:11 | INFO | 📊 État initial:
2026-06-12 03:05:11 | INFO |    game_id: bp35-0a0ad940
2026-06-12 03:05:11 | INFO |    state: GameState.NOT_FINISHED
2026-06-12 03:05:11 | INFO |    levels_completed: 0/9
2026-06-12 03:05:11 | INFO |    available_actions: [3, 4, 6, 7]
2026-06-12 03:05:11 | INFO | 
--- Action 1/200 ---
2026-06-12 03:05:11 | INFO | État: GameState.NOT_FINISHED
2026-06-12 03:05:11 | INFO | Niveaux complétés: 0/9
2026-06-12 03:05:11 | INFO | ✅ Grille extraite: shape=(64, 64), unique_colors=7
2026-06-12 03:05:11 | INFO | 🧠 Features: densité=0.984, sym_h=0.694, sym_v=0.609, clusters=12
2026-06-12 03:05:11 | INFO | 🎯 Action choisie: 3
2026-06-12 03:05:11 | INFO | 📥 Résultat: GameState.NOT_FINISHED
2026-06-12 03:05:11 | INFO | 
--- Action 2/200 ---
2026-06-12 03:05:11 | INFO | État: GameState.NOT_FINISHED
2026-06-12 03:05:11 | INFO | Niveaux complétés: 0/9
2026-06-12 03:05:11 | INFO | ✅ Grille extraite: shape=(64, 64), unique_colors=8
2026-06-12 03:05:11 | INFO | 🧠 Features: densité=0.985, sym_h=0.694, sym_v=0.609, clusters=12
2026-06-12 03:05:11 | INFO | 🎯 Action choisie: 4
2026-06-12 03:05:11 | INFO | 📥 Résultat: GameState.NOT_FINISHED
2026-06-12 03:05:11 | INFO | 
--- Action 3/200 ---
2026-06-12 03:05:11 | INFO | État: GameState.NOT_FINISHED
2026-06-12 03:05:11 | INFO | Niveaux complétés: 0/9
2026-06-12 03:05:11 | INFO | ✅ Grille extraite: shape=(64, 64), unique_colors=8
2026-06-12 03:05:11 | INFO | 🧠 Features: densité=0.985, sym_h=0.693, sym_v=0.609, clusters=13
2026-06-12 03:05:11 | INFO | 🎯 Action choisie: 3
2026-06-12 03:05:11 | INFO | 📥 Résultat: GameState.NOT_FINISHED
2026-06-12 03:05:11 | INFO | 
--- Action 4/200 ---
2026-06-12 03:05:11 | INFO | État: GameState.NOT_FINISHED
2026-06-12 03:05:11 | INFO | Niveaux complétés: 0/9
2026-06-12 03:05:11 | INFO | ✅ Grille extraite: shape=(64, 64), unique_colors=8
2026-06-12 03:05:11 | INFO | 🧠 Features: densité=0.985, sym_h=0.693, sym_v=0.609, clusters=13
2026-06-12 03:05:11 | INFO | 🎯 Action choisie: 6
2026-06-12 03:05:11 | ERROR | ❌ ERREUR lors de l'action 6: 'int' object has no attribute 'name'
2026-06-12 03:05:11 | ERROR |    Type: AttributeError
2026-06-12 03:05:11 | ERROR |    Jeu probablement buggé, on continue...
2026-06-12 03:05:11 | INFO | 💾 Logs forensiques sauvegardés dans: /home/lvx/LVX/lumvorax2/src/MAGEN/logs/forensic/v2_intelligent/bp35_0a0ad940
2026-06-12 03:05:11 | INFO | 
======================================================================
2026-06-12 03:05:11 | INFO | ✅ JEU TERMINÉ: bp35-0a0ad940
2026-06-12 03:05:11 | INFO |    Succès: False
2026-06-12 03:05:11 | INFO |    Niveaux: 0/9
2026-06-12 03:05:11 | INFO |    Actions: 3
2026-06-12 03:05:11 | INFO |    Durée: 1.33s
2026-06-12 03:05:11 | INFO | ======================================================================
🎮 Test 1/10: bp35-0a0ad:  10%|█         | 1/10 [00:01<00:11,  1.33s/jeu]🎮 Test 2/10: wa30-ee6fe:  10%|█         | 1/10 [00:01<00:11,  1.33s/jeu]2026-06-12 03:05:11 | INFO | 
======================================================================
2026-06-12 03:05:11 | INFO | 🎮 DÉMARRAGE JEU: wa30-ee6fef47
2026-06-12 03:05:11 | INFO | ======================================================================
2026-06-12 03:05:11 | INFO | 🔐 Forensic logging activé: /home/lvx/LVX/lumvorax2/src/MAGEN/logs/forensic/v2_intelligent/wa30_ee6fef47
2026-06-12 03:05:11 | INFO | 📦 Création environnement via Arcade.make('wa30-ee6fef47')...
[ARC Agent V2] 🧠 Exploitation: action 3
[ARC Agent V2] 🧠 Exploitation: action 4
[ARC Agent V2] 🎲 Exploration: action 3
[ARC Agent V2] 🎲 Exploration: action 6
[ARC Agent V2] ✗ Échec. Exploration rate augmenté à 0.210
[SimpleLogger] Logger initialisé: /home/lvx/LVX/lumvorax2/src/MAGEN/logs/forensic/v2_intelligent/wa30_ee6fef47
INFO:arc_agi.scorecard:Initialized ScorecardManager with idle_for=0:15:00 and max_open_for=3 days, 0:00:00
2026-06-12 03:05:11 | INFO | Got anonymous API key: 2617fd43-4567-482e-9ea2-dc9f4005c994
2026-06-12 03:05:11 | INFO | Got anonymous API key: 2617fd43-4567-482e-9ea2-dc9f4005c994
2026-06-12 03:05:11 | INFO | You can register for an API key at https://three.arcprize.org
2026-06-12 03:05:11 | INFO | You can register for an API key at https://three.arcprize.org
2026-06-12 03:05:12 | INFO | Successfully fetched 25 environment(s) from API
2026-06-12 03:05:12 | INFO | Successfully fetched 25 environment(s) from API
2026-06-12 03:05:12 | INFO | Created new scorecard: 595a2c00-8d07-480c-a9cb-4be0bc4cf416
2026-06-12 03:05:12 | INFO | Created new scorecard: 595a2c00-8d07-480c-a9cb-4be0bc4cf416
2026-06-12 03:05:12 | INFO | Successfully fetched metadata for game wa30
2026-06-12 03:05:12 | INFO | Successfully fetched metadata for game wa30
2026-06-12 03:05:12 | INFO | Successfully loaded game class Wa30 from environment_files/wa30/ee6fef47/wa30.py
2026-06-12 03:05:12 | INFO | Successfully loaded game class Wa30 from environment_files/wa30/ee6fef47/wa30.py
2026-06-12 03:05:12 | INFO | ✅ Environnement créé: <class 'arc_agi.local_wrapper.LocalEnvironmentWrapper'>
2026-06-12 03:05:12 | INFO | 📊 État initial:
2026-06-12 03:05:12 | INFO |    game_id: wa30-ee6fef47
2026-06-12 03:05:12 | INFO |    state: GameState.NOT_FINISHED
2026-06-12 03:05:12 | INFO |    levels_completed: 0/9
2026-06-12 03:05:12 | INFO |    available_actions: [1, 2, 3, 4, 5]
2026-06-12 03:05:12 | INFO | 
--- Action 1/200 ---
2026-06-12 03:05:12 | INFO | État: GameState.NOT_FINISHED
2026-06-12 03:05:12 | INFO | Niveaux complétés: 0/9
2026-06-12 03:05:12 | INFO | ✅ Grille extraite: shape=(64, 64), unique_colors=7
2026-06-12 03:05:12 | INFO | 🧠 Features: densité=0.999, sym_h=0.960, sym_v=0.914, clusters=11
2026-06-12 03:05:12 | INFO | 🎯 Action choisie: 5
2026-06-12 03:05:12 | INFO | 📥 Résultat: GameState.NOT_FINISHED
2026-06-12 03:05:12 | WARNING | ⚠️ Action 5 sans effet (état identique)
2026-06-12 03:05:12 | INFO | 
--- Action 2/200 ---
2026-06-12 03:05:12 | INFO | État: GameState.NOT_FINISHED
2026-06-12 03:05:12 | INFO | Niveaux complétés: 0/9
2026-06-12 03:05:12 | INFO | ✅ Grille extraite: shape=(64, 64), unique_colors=7
2026-06-12 03:05:12 | INFO | 🧠 Features: densité=0.999, sym_h=0.960, sym_v=0.914, clusters=11
2026-06-12 03:05:12 | INFO | 🎯 Action choisie: 4
2026-06-12 03:05:12 | INFO | 📥 Résultat: GameState.NOT_FINISHED
2026-06-12 03:05:12 | INFO | 
--- Action 3/200 ---
2026-06-12 03:05:12 | INFO | État: GameState.NOT_FINISHED
2026-06-12 03:05:12 | INFO | Niveaux complétés: 0/9
2026-06-12 03:05:12 | INFO | ✅ Grille extraite: shape=(64, 64), unique_colors=7
2026-06-12 03:05:12 | INFO | 🧠 Features: densité=0.999, sym_h=0.959, sym_v=0.914, clusters=11
2026-06-12 03:05:12 | INFO | 🎯 Action choisie: 2
2026-06-12 03:05:12 | INFO | 📥 Résultat: GameState.NOT_FINISHED
2026-06-12 03:05:12 | INFO | 
--- Action 4/200 ---
2026-06-12 03:05:12 | INFO | État: GameState.NOT_FINISHED
2026-06-12 03:05:12 | INFO | Niveaux complétés: 0/9
2026-06-12 03:05:12 | INFO | ✅ Grille extraite: shape=(64, 64), unique_colors=7
2026-06-12 03:05:12 | INFO | 🧠 Features: densité=0.999, sym_h=0.959, sym_v=0.914, clusters=11
2026-06-12 03:05:12 | INFO | 🎯 Action choisie: 2
2026-06-12 03:05:12 | INFO | 📥 Résultat: GameState.NOT_FINISHED
2026-06-12 03:05:12 | INFO | 
--- Action 5/200 ---
2026-06-12 03:05:12 | INFO | État: GameState.NOT_FINISHED
2026-06-12 03:05:12 | INFO | Niveaux complétés: 0/9
2026-06-12 03:05:12 | INFO | ✅ Grille extraite: shape=(64, 64), unique_colors=7
2026-06-12 03:05:12 | INFO | 🧠 Features: densité=0.999, sym_h=0.959, sym_v=0.914, clusters=11
2026-06-12 03:05:12 | INFO | 🎯 Action choisie: 5
2026-06-12 03:05:12 | INFO | 📥 Résultat: GameState.NOT_FINISHED
2026-06-12 03:05:12 | INFO | 
--- Action 6/200 ---
2026-06-12 03:05:12 | INFO | État: GameState.NOT_FINISHED
2026-06-12 03:05:12 | INFO | Niveaux complétés: 0/9
2026-06-12 03:05:12 | INFO | ✅ Grille extraite: shape=(64, 64), unique_colors=7
2026-06-12 03:05:12 | INFO | 🧠 Features: densité=0.999, sym_h=0.959, sym_v=0.914, clusters=12
2026-06-12 03:05:12 | INFO | 🎯 Action choisie: 3
2026-06-12 03:05:12 | INFO | 📥 Résultat: GameState.NOT_FINISHED
2026-06-12 03:05:12 | INFO | 
--- Action 7/200 ---
2026-06-12 03:05:12 | INFO | État: GameState.NOT_FINISHED
2026-06-12 03:05:12 | INFO | Niveaux complétés: 0/9
2026-06-12 03:05:12 | INFO | ✅ Grille extraite: shape=(64, 64), unique_colors=7
2026-06-12 03:05:12 | INFO | 🧠 Features: densité=0.999, sym_h=0.959, sym_v=0.914, clusters=12
2026-06-12 03:05:12 | INFO | 🎯 Action choisie: 1
2026-06-12 03:05:12 | INFO | 📥 Résultat: GameState.NOT_FINISHED
2026-06-12 03:05:12 | INFO | 
--- Action 8/200 ---
2026-06-12 03:05:12 | INFO | État: GameState.NOT_FINISHED
2026-06-12 03:05:12 | INFO | Niveaux complétés: 0/9
2026-06-12 03:05:12 | INFO | ✅ Grille extraite: shape=(64, 64), unique_colors=7
2026-06-12 03:05:12 | INFO | 🧠 Features: densité=0.999, sym_h=0.959, sym_v=0.914, clusters=12
2026-06-12 03:05:12 | INFO | 🎯 Action choisie: 4
2026-06-12 03:05:12 | INFO | 📥 Résultat: GameState.NOT_FINISHED
2026-06-12 03:05:12 | INFO | 
--- Action 9/200 ---
2026-06-12 03:05:12 | INFO | État: GameState.NOT_FINISHED
2026-06-12 03:05:12 | INFO | Niveaux complétés: 0/9
2026-06-12 03:05:12 | INFO | ✅ Grille extraite: shape=(64, 64), unique_colors=7
2026-06-12 03:05:12 | INFO | 🧠 Features: densité=0.999, sym_h=0.958, sym_v=0.914, clusters=12
2026-06-12 03:05:12 | INFO | 🎯 Action choisie: 4
2026-06-12 03:05:12 | INFO | 📥 Résultat: GameState.NOT_FINISHED
2026-06-12 03:05:12 | INFO | 
--- Action 10/200 ---
2026-06-12 03:05:12 | INFO | État: GameState.NOT_FINISHED
2026-06-12 03:05:12 | INFO | Niveaux complétés: 0/9
2026-06-12 03:05:12 | INFO | ✅ Grille extraite: shape=(64, 64), unique_colors=7
2026-06-12 03:05:12 | INFO | 🧠 Features: densité=0.999, sym_h=0.958, sym_v=0.914, clusters=12
2026-06-12 03:05:12 | INFO | 🎯 Action choisie: 3
2026-06-12 03:05:13 | INFO | 📥 Résultat: GameState.NOT_FINISHED
2026-06-12 03:05:13 | INFO | 
--- Action 11/200 ---
2026-06-12 03:05:13 | INFO | État: GameState.NOT_FINISHED
2026-06-12 03:05:13 | INFO | Niveaux complétés: 0/9
2026-06-12 03:05:13 | INFO | ✅ Grille extraite: shape=(64, 64), unique_colors=7
2026-06-12 03:05:13 | INFO | 🧠 Features: densité=0.999, sym_h=0.958, sym_v=0.914, clusters=12
2026-06-12 03:05:13 | INFO | 🎯 Action choisie: 5
2026-06-12 03:05:13 | INFO | 📥 Résultat: GameState.NOT_FINISHED
2026-06-12 03:05:13 | INFO | 
--- Action 12/200 ---
2026-06-12 03:05:13 | INFO | État: GameState.NOT_FINISHED
2026-06-12 03:05:13 | INFO | Niveaux complétés: 0/9
2026-06-12 03:05:13 | INFO | ✅ Grille extraite: shape=(64, 64), unique_colors=7
2026-06-12 03:05:13 | INFO | 🧠 Features: densité=0.999, sym_h=0.958, sym_v=0.914, clusters=12
2026-06-12 03:05:13 | INFO | 🎯 Action choisie: 1
2026-06-12 03:05:13 | INFO | 📥 Résultat: GameState.NOT_FINISHED
2026-06-12 03:05:13 | INFO | 
--- Action 13/200 ---
2026-06-12 03:05:13 | INFO | État: GameState.NOT_FINISHED
2026-06-12 03:05:13 | INFO | Niveaux complétés: 0/9
2026-06-12 03:05:13 | INFO | ✅ Grille extraite: shape=(64, 64), unique_colors=7
2026-06-12 03:05:13 | INFO | 🧠 Features: densité=0.999, sym_h=0.958, sym_v=0.914, clusters=12
2026-06-12 03:05:13 | INFO | 🎯 Action choisie: 4
2026-06-12 03:05:13 | INFO | 📥 Résultat: GameState.NOT_FINISHED
2026-06-12 03:05:13 | INFO | 
--- Action 14/200 ---
2026-06-12 03:05:13 | INFO | État: GameState.NOT_FINISHED
2026-06-12 03:05:13 | INFO | Niveaux complétés: 0/9
2026-06-12 03:05:13 | INFO | ✅ Grille extraite: shape=(64, 64), unique_colors=7
2026-06-12 03:05:13 | INFO | 🧠 Features: densité=0.999, sym_h=0.958, sym_v=0.914, clusters=12
2026-06-12 03:05:13 | INFO | 🎯 Action choisie: 5
2026-06-12 03:05:13 | INFO | 📥 Résultat: GameState.NOT_FINISHED
2026-06-12 03:05:13 | WARNING | ⚠️ Action 5 sans effet (état identique)
2026-06-12 03:05:13 | INFO | 
--- Action 15/200 ---
2026-06-12 03:05:13 | INFO | État: GameState.NOT_FINISHED
2026-06-12 03:05:13 | INFO | Niveaux complétés: 0/9
2026-06-12 03:05:13 | INFO | ✅ Grille extraite: shape=(64, 64), unique_colors=7
2026-06-12 03:05:13 | INFO | 🧠 Features: densité=0.999, sym_h=0.958, sym_v=0.914, clusters=12
2026-06-12 03:05:13 | INFO | 🎯 Action choisie: 5
2026-06-12 03:05:13 | INFO | 📥 Résultat: GameState.NOT_FINISHED
2026-06-12 03:05:13 | INFO | 
--- Action 16/200 ---
2026-06-12 03:05:13 | INFO | État: GameState.NOT_FINISHED
2026-06-12 03:05:13 | INFO | Niveaux complétés: 0/9
2026-06-12 03:05:13 | INFO | ✅ Grille extraite: shape=(64, 64), unique_colors=7
2026-06-12 03:05:13 | INFO | 🧠 Features: densité=0.999, sym_h=0.958, sym_v=0.914, clusters=12
2026-06-12 03:05:13 | INFO | 🎯 Action choisie: 1
2026-06-12 03:05:13 | INFO | 📥 Résultat: GameState.NOT_FINISHED
2026-06-12 03:05:13 | INFO | 
--- Action 17/200 ---
2026-06-12 03:05:13 | INFO | État: GameState.NOT_FINISHED
2026-06-12 03:05:13 | INFO | Niveaux complétés: 0/9
2026-06-12 03:05:13 | INFO | ✅ Grille extraite: shape=(64, 64), unique_colors=7
2026-06-12 03:05:13 | INFO | 🧠 Features: densité=0.999, sym_h=0.958, sym_v=0.914, clusters=12
2026-06-12 03:05:13 | INFO | 🎯 Action choisie: 4
2026-06-12 03:05:13 | INFO | 📥 Résultat: GameState.NOT_FINISHED
2026-06-12 03:05:13 | INFO | 
--- Action 18/200 ---
2026-06-12 03:05:13 | INFO | État: GameState.NOT_FINISHED
2026-06-12 03:05:13 | INFO | Niveaux complétés: 0/9
2026-06-12 03:05:13 | INFO | ✅ Grille extraite: shape=(64, 64), unique_colors=7
2026-06-12 03:05:13 | INFO | 🧠 Features: densité=0.999, sym_h=0.958, sym_v=0.914, clusters=12
2026-06-12 03:05:13 | INFO | 🎯 Action choisie: 1
2026-06-12 03:05:13 | INFO | 📥 Résultat: GameState.NOT_FINISHED
2026-06-12 03:05:13 | INFO | 
--- Action 19/200 ---
2026-06-12 03:05:13 | INFO | État: GameState.NOT_FINISHED
2026-06-12 03:05:13 | INFO | Niveaux complétés: 0/9
2026-06-12 03:05:13 | INFO | ✅ Grille extraite: shape=(64, 64), unique_colors=7
2026-06-12 03:05:13 | INFO | 🧠 Features: densité=0.999, sym_h=0.957, sym_v=0.914, clusters=12
2026-06-12 03:05:13 | INFO | 🎯 Action choisie: 1
2026-06-12 03:05:13 | INFO | 📥 Résultat: GameState.NOT_FINISHED
2026-06-12 03:05:13 | INFO | 
--- Action 20/200 ---
2026-06-12 03:05:13 | INFO | État: GameState.NOT_FINISHED
2026-06-12 03:05:13 | INFO | Niveaux complétés: 0/9
2026-06-12 03:05:13 | INFO | ✅ Grille extraite: shape=(64, 64), unique_colors=7
2026-06-12 03:05:13 | INFO | 🧠 Features: densité=0.999, sym_h=0.957, sym_v=0.922, clusters=12
2026-06-12 03:05:13 | INFO | 🎯 Action choisie: 1
2026-06-12 03:05:13 | INFO | 📥 Résultat: GameState.NOT_FINISHED
2026-06-12 03:05:13 | INFO | 
--- Action 21/200 ---
2026-06-12 03:05:13 | INFO | État: GameState.NOT_FINISHED
2026-06-12 03:05:13 | INFO | Niveaux complétés: 0/9
2026-06-12 03:05:13 | INFO | ✅ Grille extraite: shape=(64, 64), unique_colors=7
2026-06-12 03:05:13 | INFO | 🧠 Features: densité=0.999, sym_h=0.957, sym_v=0.914, clusters=12
2026-06-12 03:05:13 | INFO | 🎯 Action choisie: 2
2026-06-12 03:05:13 | INFO | 📥 Résultat: GameState.NOT_FINISHED
2026-06-12 03:05:13 | INFO | 
--- Action 22/200 ---
2026-06-12 03:05:13 | INFO | État: GameState.NOT_FINISHED
2026-06-12 03:05:13 | INFO | Niveaux complétés: 0/9
2026-06-12 03:05:13 | INFO | ✅ Grille extraite: shape=(64, 64), unique_colors=7
2026-06-12 03:05:13 | INFO | 🧠 Features: densité=0.999, sym_h=0.957, sym_v=0.922, clusters=12
2026-06-12 03:05:13 | INFO | 🎯 Action choisie: 1
2026-06-12 03:05:13 | INFO | 📥 Résultat: GameState.NOT_FINISHED
2026-06-12 03:05:13 | INFO | 
--- Action 23/200 ---
2026-06-12 03:05:13 | INFO | État: GameState.NOT_FINISHED
2026-06-12 03:05:13 | INFO | Niveaux complétés: 0/9
2026-06-12 03:05:13 | INFO | ✅ Grille extraite: shape=(64, 64), unique_colors=7
2026-06-12 03:05:13 | INFO | 🧠 Features: densité=0.999, sym_h=0.957, sym_v=0.914, clusters=12
2026-06-12 03:05:13 | INFO | 🎯 Action choisie: 1
2026-06-12 03:05:13 | INFO | 📥 Résultat: GameState.NOT_FINISHED
2026-06-12 03:05:13 | INFO | 
--- Action 24/200 ---
2026-06-12 03:05:13 | INFO | État: GameState.NOT_FINISHED
2026-06-12 03:05:13 | INFO | Niveaux complétés: 0/9
2026-06-12 03:05:13 | INFO | ✅ Grille extraite: shape=(64, 64), unique_colors=8
2026-06-12 03:05:13 | INFO | 🧠 Features: densité=0.999, sym_h=0.964, sym_v=0.914, clusters=12
2026-06-12 03:05:13 | INFO | 🎯 Action choisie: 5
2026-06-12 03:05:13 | INFO | 📥 Résultat: GameState.NOT_FINISHED
2026-06-12 03:05:13 | INFO | 
--- Action 25/200 ---
2026-06-12 03:05:13 | INFO | État: GameState.NOT_FINISHED
2026-06-12 03:05:13 | INFO | Niveaux complétés: 0/9
2026-06-12 03:05:13 | INFO | ✅ Grille extraite: shape=(64, 64), unique_colors=7
2026-06-12 03:05:13 | INFO | 🧠 Features: densité=0.996, sym_h=0.964, sym_v=0.914, clusters=11
2026-06-12 03:05:13 | INFO | 🎯 Action choisie: 5
2026-06-12 03:05:13 | INFO | 📥 Résultat: GameState.NOT_FINISHED
2026-06-12 03:05:13 | INFO | 
--- Action 26/200 ---
2026-06-12 03:05:13 | INFO | État: GameState.NOT_FINISHED
2026-06-12 03:05:13 | INFO | Niveaux complétés: 0/9
2026-06-12 03:05:13 | INFO | ✅ Grille extraite: shape=(64, 64), unique_colors=8
2026-06-12 03:05:13 | INFO | 🧠 Features: densité=0.999, sym_h=0.964, sym_v=0.914, clusters=12
2026-06-12 03:05:13 | INFO | 🎯 Action choisie: 1
2026-06-12 03:05:13 | INFO | 📥 Résultat: GameState.NOT_FINISHED
2026-06-12 03:05:13 | WARNING | ⚠️ Action 1 sans effet (état identique)
2026-06-12 03:05:13 | INFO | 
--- Action 27/200 ---
2026-06-12 03:05:13 | INFO | État: GameState.NOT_FINISHED
2026-06-12 03:05:13 | INFO | Niveaux complétés: 0/9
2026-06-12 03:05:13 | INFO | ✅ Grille extraite: shape=(64, 64), unique_colors=8
2026-06-12 03:05:13 | INFO | 🧠 Features: densité=0.999, sym_h=0.964, sym_v=0.914, clusters=12
2026-06-12 03:05:13 | INFO | 🎯 Action choisie: 1
2026-06-12 03:05:13 | INFO | 📥 Résultat: GameState.NOT_FINISHED
2026-06-12 03:05:13 | INFO | 
--- Action 28/200 ---
2026-06-12 03:05:13 | INFO | État: GameState.NOT_FINISHED
2026-06-12 03:05:13 | INFO | Niveaux complétés: 0/9
2026-06-12 03:05:13 | INFO | ✅ Grille extraite: shape=(64, 64), unique_colors=8
2026-06-12 03:05:13 | INFO | 🧠 Features: densité=0.999, sym_h=0.963, sym_v=0.914, clusters=12
2026-06-12 03:05:13 | INFO | 🎯 Action choisie: 1
2026-06-12 03:05:13 | INFO | 📥 Résultat: GameState.NOT_FINISHED
2026-06-12 03:05:13 | WARNING | ⚠️ Action 1 sans effet (état identique)
2026-06-12 03:05:13 | INFO | 
--- Action 29/200 ---
2026-06-12 03:05:13 | INFO | État: GameState.NOT_FINISHED
2026-06-12 03:05:13 | INFO | Niveaux complétés: 0/9
2026-06-12 03:05:13 | INFO | ✅ Grille extraite: shape=(64, 64), unique_colors=8
2026-06-12 03:05:13 | INFO | 🧠 Features: densité=0.999, sym_h=0.963, sym_v=0.914, clusters=12
2026-06-12 03:05:13 | INFO | 🎯 Action choisie: 5
2026-06-12 03:05:13 | INFO | 📥 Résultat: GameState.NOT_FINISHED
2026-06-12 03:05:13 | INFO | 
--- Action 30/200 ---
2026-06-12 03:05:13 | INFO | État: GameState.NOT_FINISHED
2026-06-12 03:05:13 | INFO | Niveaux complétés: 0/9
2026-06-12 03:05:13 | INFO | ✅ Grille extraite: shape=(64, 64), unique_colors=7
2026-06-12 03:05:13 | INFO | 🧠 Features: densité=0.996, sym_h=0.963, sym_v=0.914, clusters=11
2026-06-12 03:05:13 | INFO | 🎯 Action choisie: 2
2026-06-12 03:05:13 | INFO | 📥 Résultat: GameState.NOT_FINISHED
2026-06-12 03:05:13 | INFO | 
--- Action 31/200 ---
2026-06-12 03:05:13 | INFO | État: GameState.NOT_FINISHED
2026-06-12 03:05:13 | INFO | Niveaux complétés: 0/9
2026-06-12 03:05:13 | INFO | ✅ Grille extraite: shape=(64, 64), unique_colors=7
2026-06-12 03:05:13 | INFO | 🧠 Features: densité=0.996, sym_h=0.965, sym_v=0.924, clusters=11
2026-06-12 03:05:13 | INFO | 🎯 Action choisie: 5
2026-06-12 03:05:13 | INFO | 📥 Résultat: GameState.NOT_FINISHED
2026-06-12 03:05:13 | INFO | 
--- Action 32/200 ---
2026-06-12 03:05:13 | INFO | État: GameState.NOT_FINISHED
2026-06-12 03:05:13 | INFO | Niveaux complétés: 0/9
2026-06-12 03:05:13 | INFO | ✅ Grille extraite: shape=(64, 64), unique_colors=8
2026-06-12 03:05:13 | INFO | 🧠 Features: densité=0.999, sym_h=0.965, sym_v=0.922, clusters=12
2026-06-12 03:05:13 | INFO | 🎯 Action choisie: 5
2026-06-12 03:05:13 | INFO | 📥 Résultat: GameState.NOT_FINISHED
2026-06-12 03:05:13 | INFO | 
--- Action 33/200 ---
2026-06-12 03:05:13 | INFO | État: GameState.NOT_FINISHED
2026-06-12 03:05:13 | INFO | Niveaux complétés: 0/9
2026-06-12 03:05:13 | INFO | ✅ Grille extraite: shape=(64, 64), unique_colors=7
2026-06-12 03:05:13 | INFO | 🧠 Features: densité=0.996, sym_h=0.965, sym_v=0.924, clusters=11
2026-06-12 03:05:13 | INFO | 🎯 Action choisie: 5
2026-06-12 03:05:13 | INFO | 📥 Résultat: GameState.NOT_FINISHED
2026-06-12 03:05:13 | INFO | 
--- Action 34/200 ---
2026-06-12 03:05:13 | INFO | État: GameState.NOT_FINISHED
2026-06-12 03:05:13 | INFO | Niveaux complétés: 0/9
2026-06-12 03:05:13 | INFO | ✅ Grille extraite: shape=(64, 64), unique_colors=8
2026-06-12 03:05:13 | INFO | 🧠 Features: densité=0.999, sym_h=0.964, sym_v=0.922, clusters=12
2026-06-12 03:05:13 | INFO | 🎯 Action choisie: 3
2026-06-12 03:05:13 | INFO | 📥 Résultat: GameState.NOT_FINISHED
2026-06-12 03:05:13 | INFO | 
--- Action 35/200 ---
2026-06-12 03:05:13 | INFO | État: GameState.NOT_FINISHED
2026-06-12 03:05:13 | INFO | Niveaux complétés: 0/9
2026-06-12 03:05:13 | INFO | ✅ Grille extraite: shape=(64, 64), unique_colors=7
2026-06-12 03:05:14 | INFO | 🧠 Features: densité=0.999, sym_h=0.970, sym_v=0.914, clusters=12
2026-06-12 03:05:14 | INFO | 🎯 Action choisie: 4
2026-06-12 03:05:14 | INFO | 📥 Résultat: GameState.NOT_FINISHED
2026-06-12 03:05:14 | INFO | 
--- Action 36/200 ---
2026-06-12 03:05:14 | INFO | État: GameState.NOT_FINISHED
2026-06-12 03:05:14 | INFO | Niveaux complétés: 0/9
2026-06-12 03:05:14 | INFO | ✅ Grille extraite: shape=(64, 64), unique_colors=7
2026-06-12 03:05:14 | INFO | 🧠 Features: densité=0.999, sym_h=0.970, sym_v=0.922, clusters=12
2026-06-12 03:05:14 | INFO | 🎯 Action choisie: 3
2026-06-12 03:05:14 | INFO | 📥 Résultat: GameState.NOT_FINISHED
2026-06-12 03:05:14 | INFO | 
--- Action 37/200 ---
2026-06-12 03:05:14 | INFO | État: GameState.NOT_FINISHED
2026-06-12 03:05:14 | INFO | Niveaux complétés: 0/9
2026-06-12 03:05:14 | INFO | ✅ Grille extraite: shape=(64, 64), unique_colors=7
2026-06-12 03:05:14 | INFO | 🧠 Features: densité=0.999, sym_h=0.970, sym_v=0.914, clusters=12
2026-06-12 03:05:14 | INFO | 🎯 Action choisie: 2
2026-06-12 03:05:14 | INFO | 📥 Résultat: GameState.NOT_FINISHED
2026-06-12 03:05:14 | INFO | 
--- Action 38/200 ---
2026-06-12 03:05:14 | INFO | État: GameState.NOT_FINISHED
2026-06-12 03:05:14 | INFO | Niveaux complétés: 0/9
2026-06-12 03:05:14 | INFO | ✅ Grille extraite: shape=(64, 64), unique_colors=7
2026-06-12 03:05:14 | INFO | 🧠 Features: densité=0.999, sym_h=0.970, sym_v=0.914, clusters=12
2026-06-12 03:05:14 | INFO | 🎯 Action choisie: 3
2026-06-12 03:05:14 | INFO | 📥 Résultat: GameState.NOT_FINISHED
2026-06-12 03:05:14 | INFO | 
--- Action 39/200 ---
2026-06-12 03:05:14 | INFO | État: GameState.NOT_FINISHED
2026-06-12 03:05:14 | INFO | Niveaux complétés: 0/9
2026-06-12 03:05:14 | INFO | ✅ Grille extraite: shape=(64, 64), unique_colors=8
2026-06-12 03:05:14 | INFO | 🧠 Features: densité=0.999, sym_h=0.970, sym_v=0.914, clusters=12
2026-06-12 03:05:14 | INFO | 🎯 Action choisie: 1
2026-06-12 03:05:14 | INFO | 📥 Résultat: GameState.NOT_FINISHED
2026-06-12 03:05:14 | INFO | 
--- Action 40/200 ---
2026-06-12 03:05:14 | INFO | État: GameState.NOT_FINISHED
2026-06-12 03:05:14 | INFO | Niveaux complétés: 0/9
2026-06-12 03:05:14 | INFO | ✅ Grille extraite: shape=(64, 64), unique_colors=7
2026-06-12 03:05:14 | INFO | 🧠 Features: densité=0.999, sym_h=0.970, sym_v=0.922, clusters=12
2026-06-12 03:05:14 | INFO | 🎯 Action choisie: 5
2026-06-12 03:05:14 | INFO | 📥 Résultat: GameState.NOT_FINISHED
2026-06-12 03:05:14 | INFO | 
--- Action 41/200 ---
2026-06-12 03:05:14 | INFO | État: GameState.NOT_FINISHED
2026-06-12 03:05:14 | INFO | Niveaux complétés: 0/9
2026-06-12 03:05:14 | INFO | ✅ Grille extraite: shape=(64, 64), unique_colors=7
2026-06-12 03:05:14 | INFO | 🧠 Features: densité=0.999, sym_h=0.969, sym_v=0.922, clusters=12
2026-06-12 03:05:14 | INFO | 🎯 Action choisie: 3
2026-06-12 03:05:14 | INFO | 📥 Résultat: GameState.NOT_FINISHED
2026-06-12 03:05:14 | INFO | 
--- Action 42/200 ---
2026-06-12 03:05:14 | INFO | État: GameState.NOT_FINISHED
2026-06-12 03:05:14 | INFO | Niveaux complétés: 0/9
2026-06-12 03:05:14 | INFO | ✅ Grille extraite: shape=(64, 64), unique_colors=7
2026-06-12 03:05:14 | INFO | 🧠 Features: densité=0.999, sym_h=0.969, sym_v=0.922, clusters=12
2026-06-12 03:05:14 | INFO | 🎯 Action choisie: 3
2026-06-12 03:05:14 | INFO | 📥 Résultat: GameState.NOT_FINISHED
2026-06-12 03:05:14 | INFO | 
--- Action 43/200 ---
2026-06-12 03:05:14 | INFO | État: GameState.NOT_FINISHED
2026-06-12 03:05:14 | INFO | Niveaux complétés: 0/9
2026-06-12 03:05:14 | INFO | ✅ Grille extraite: shape=(64, 64), unique_colors=7
2026-06-12 03:05:14 | INFO | 🧠 Features: densité=0.999, sym_h=0.969, sym_v=0.922, clusters=12
2026-06-12 03:05:14 | INFO | 🎯 Action choisie: 5
2026-06-12 03:05:14 | INFO | 📥 Résultat: GameState.NOT_FINISHED
2026-06-12 03:05:14 | INFO | 
--- Action 44/200 ---
2026-06-12 03:05:14 | INFO | État: GameState.NOT_FINISHED
2026-06-12 03:05:14 | INFO | Niveaux complétés: 0/9
2026-06-12 03:05:14 | INFO | ✅ Grille extraite: shape=(64, 64), unique_colors=7
2026-06-12 03:05:14 | INFO | 🧠 Features: densité=0.999, sym_h=0.969, sym_v=0.922, clusters=12
2026-06-12 03:05:14 | INFO | 🎯 Action choisie: 2
2026-06-12 03:05:14 | INFO | 📥 Résultat: GameState.NOT_FINISHED
2026-06-12 03:05:14 | INFO | 
--- Action 45/200 ---
2026-06-12 03:05:14 | INFO | État: GameState.NOT_FINISHED
2026-06-12 03:05:14 | INFO | Niveaux complétés: 0/9
2026-06-12 03:05:14 | INFO | ✅ Grille extraite: shape=(64, 64), unique_colors=7
2026-06-12 03:05:14 | INFO | 🧠 Features: densité=0.999, sym_h=0.977, sym_v=0.914, clusters=12
2026-06-12 03:05:14 | INFO | 🎯 Action choisie: 4
2026-06-12 03:05:14 | INFO | 📥 Résultat: GameState.NOT_FINISHED
2026-06-12 03:05:14 | INFO | 
--- Action 46/200 ---
2026-06-12 03:05:14 | INFO | État: GameState.NOT_FINISHED
2026-06-12 03:05:14 | INFO | Niveaux complétés: 0/9
2026-06-12 03:05:14 | INFO | ✅ Grille extraite: shape=(64, 64), unique_colors=8
2026-06-12 03:05:14 | INFO | 🧠 Features: densité=0.999, sym_h=0.977, sym_v=0.914, clusters=12
2026-06-12 03:05:14 | INFO | 🎯 Action choisie: 1
2026-06-12 03:05:14 | INFO | 📥 Résultat: GameState.NOT_FINISHED
2026-06-12 03:05:14 | INFO | 
--- Action 47/200 ---
2026-06-12 03:05:14 | INFO | État: GameState.NOT_FINISHED
2026-06-12 03:05:14 | INFO | Niveaux complétés: 0/9
2026-06-12 03:05:14 | INFO | ✅ Grille extraite: shape=(64, 64), unique_colors=7
2026-06-12 03:05:14 | INFO | 🧠 Features: densité=0.999, sym_h=0.968, sym_v=0.922, clusters=12
2026-06-12 03:05:14 | INFO | 🎯 Action choisie: 4
2026-06-12 03:05:14 | INFO | 📥 Résultat: GameState.NOT_FINISHED
2026-06-12 03:05:14 | INFO | 
--- Action 48/200 ---
2026-06-12 03:05:14 | INFO | État: GameState.NOT_FINISHED
2026-06-12 03:05:14 | INFO | Niveaux complétés: 0/9
2026-06-12 03:05:14 | INFO | ✅ Grille extraite: shape=(64, 64), unique_colors=7
2026-06-12 03:05:14 | INFO | 🧠 Features: densité=0.999, sym_h=0.968, sym_v=0.922, clusters=12
2026-06-12 03:05:14 | INFO | 🎯 Action choisie: 2
2026-06-12 03:05:14 | INFO | 📥 Résultat: GameState.NOT_FINISHED
2026-06-12 03:05:14 | INFO | 
--- Action 49/200 ---
2026-06-12 03:05:14 | INFO | État: GameState.NOT_FINISHED
2026-06-12 03:05:14 | INFO | Niveaux complétés: 0/9
2026-06-12 03:05:14 | INFO | ✅ Grille extraite: shape=(64, 64), unique_colors=8
2026-06-12 03:05:14 | INFO | 🧠 Features: densité=0.999, sym_h=0.968, sym_v=0.922, clusters=12
2026-06-12 03:05:14 | INFO | 🎯 Action choisie: 5
2026-06-12 03:05:14 | INFO | 📥 Résultat: GameState.NOT_FINISHED
2026-06-12 03:05:14 | INFO | 
--- Action 50/200 ---
2026-06-12 03:05:14 | INFO | État: GameState.NOT_FINISHED
2026-06-12 03:05:14 | INFO | Niveaux complétés: 0/9
2026-06-12 03:05:14 | INFO | ✅ Grille extraite: shape=(64, 64), unique_colors=7
2026-06-12 03:05:14 | INFO | 🧠 Features: densité=0.996, sym_h=0.968, sym_v=0.922, clusters=11
2026-06-12 03:05:14 | INFO | 🎯 Action choisie: 3
2026-06-12 03:05:14 | INFO | 📥 Résultat: GameState.NOT_FINISHED
2026-06-12 03:05:14 | INFO | 
--- Action 51/200 ---
2026-06-12 03:05:14 | INFO | État: GameState.NOT_FINISHED
2026-06-12 03:05:14 | INFO | Niveaux complétés: 0/9
2026-06-12 03:05:14 | INFO | ✅ Grille extraite: shape=(64, 64), unique_colors=7
2026-06-12 03:05:14 | INFO | 🧠 Features: densité=0.996, sym_h=0.968, sym_v=0.922, clusters=11
2026-06-12 03:05:14 | INFO | 🎯 Action choisie: 4
2026-06-12 03:05:14 | INFO | 📥 Résultat: GameState.NOT_FINISHED
2026-06-12 03:05:14 | INFO | 
--- Action 52/200 ---
2026-06-12 03:05:14 | INFO | État: GameState.NOT_FINISHED
2026-06-12 03:05:14 | INFO | Niveaux complétés: 0/9
2026-06-12 03:05:14 | INFO | ✅ Grille extraite: shape=(64, 64), unique_colors=7
2026-06-12 03:05:14 | INFO | 🧠 Features: densité=0.996, sym_h=0.968, sym_v=0.922, clusters=11
2026-06-12 03:05:14 | INFO | 🎯 Action choisie: 1
2026-06-12 03:05:14 | INFO | 📥 Résultat: GameState.NOT_FINISHED
2026-06-12 03:05:14 | INFO | 
--- Action 53/200 ---
2026-06-12 03:05:14 | INFO | État: GameState.NOT_FINISHED
2026-06-12 03:05:14 | INFO | Niveaux complétés: 0/9
2026-06-12 03:05:14 | INFO | ✅ Grille extraite: shape=(64, 64), unique_colors=7
2026-06-12 03:05:14 | INFO | 🧠 Features: densité=0.996, sym_h=0.968, sym_v=0.932, clusters=13
2026-06-12 03:05:14 | INFO | 🎯 Action choisie: 1
2026-06-12 03:05:14 | INFO | 📥 Résultat: GameState.NOT_FINISHED
2026-06-12 03:05:14 | INFO | 
--- Action 54/200 ---
2026-06-12 03:05:14 | INFO | État: GameState.NOT_FINISHED
2026-06-12 03:05:14 | INFO | Niveaux complétés: 0/9
2026-06-12 03:05:14 | INFO | ✅ Grille extraite: shape=(64, 64), unique_colors=7
2026-06-12 03:05:14 | INFO | 🧠 Features: densité=0.996, sym_h=0.968, sym_v=0.922, clusters=13
2026-06-12 03:05:14 | INFO | 🎯 Action choisie: 5
2026-06-12 03:05:14 | INFO | 📥 Résultat: GameState.NOT_FINISHED
2026-06-12 03:05:14 | INFO | 
--- Action 55/200 ---
2026-06-12 03:05:14 | INFO | État: GameState.NOT_FINISHED
2026-06-12 03:05:14 | INFO | Niveaux complétés: 0/9
2026-06-12 03:05:14 | INFO | ✅ Grille extraite: shape=(64, 64), unique_colors=8
2026-06-12 03:05:14 | INFO | 🧠 Features: densité=0.999, sym_h=0.968, sym_v=0.922, clusters=14
2026-06-12 03:05:14 | INFO | 🎯 Action choisie: 5
2026-06-12 03:05:14 | INFO | 📥 Résultat: GameState.NOT_FINISHED
2026-06-12 03:05:14 | INFO | 
--- Action 56/200 ---
2026-06-12 03:05:14 | INFO | État: GameState.NOT_FINISHED
2026-06-12 03:05:14 | INFO | Niveaux complétés: 0/9
2026-06-12 03:05:14 | INFO | ✅ Grille extraite: shape=(64, 64), unique_colors=7
2026-06-12 03:05:14 | INFO | 🧠 Features: densité=0.996, sym_h=0.968, sym_v=0.922, clusters=13
2026-06-12 03:05:14 | INFO | 🎯 Action choisie: 3
2026-06-12 03:05:14 | INFO | 📥 Résultat: GameState.NOT_FINISHED
2026-06-12 03:05:14 | INFO | 
--- Action 57/200 ---
2026-06-12 03:05:14 | INFO | État: GameState.NOT_FINISHED
2026-06-12 03:05:14 | INFO | Niveaux complétés: 0/9
2026-06-12 03:05:14 | INFO | ✅ Grille extraite: shape=(64, 64), unique_colors=7
2026-06-12 03:05:14 | INFO | 🧠 Features: densité=0.996, sym_h=0.968, sym_v=0.922, clusters=11
2026-06-12 03:05:14 | INFO | 🎯 Action choisie: 3
2026-06-12 03:05:14 | INFO | 📥 Résultat: GameState.NOT_FINISHED
2026-06-12 03:05:14 | INFO | 
--- Action 58/200 ---
2026-06-12 03:05:14 | INFO | État: GameState.NOT_FINISHED
2026-06-12 03:05:14 | INFO | Niveaux complétés: 0/9
2026-06-12 03:05:14 | INFO | ✅ Grille extraite: shape=(64, 64), unique_colors=7
2026-06-12 03:05:14 | INFO | 🧠 Features: densité=0.996, sym_h=0.975, sym_v=0.914, clusters=11
2026-06-12 03:05:14 | INFO | 🎯 Action choisie: 1
2026-06-12 03:05:14 | INFO | 📥 Résultat: GameState.NOT_FINISHED
2026-06-12 03:05:14 | INFO | 
--- Action 59/200 ---
2026-06-12 03:05:14 | INFO | État: GameState.NOT_FINISHED
2026-06-12 03:05:14 | INFO | Niveaux complétés: 0/9
2026-06-12 03:05:14 | INFO | ✅ Grille extraite: shape=(64, 64), unique_colors=7
2026-06-12 03:05:14 | INFO | 🧠 Features: densité=0.996, sym_h=0.966, sym_v=0.914, clusters=11
2026-06-12 03:05:14 | INFO | 🎯 Action choisie: 2
2026-06-12 03:05:14 | INFO | 📥 Résultat: GameState.NOT_FINISHED
2026-06-12 03:05:14 | INFO | 
--- Action 60/200 ---
2026-06-12 03:05:14 | INFO | État: GameState.NOT_FINISHED
2026-06-12 03:05:14 | INFO | Niveaux complétés: 0/9
2026-06-12 03:05:14 | INFO | ✅ Grille extraite: shape=(64, 64), unique_colors=7
2026-06-12 03:05:15 | INFO | 🧠 Features: densité=0.996, sym_h=0.974, sym_v=0.914, clusters=11
2026-06-12 03:05:15 | INFO | 🎯 Action choisie: 5
2026-06-12 03:05:15 | INFO | 📥 Résultat: GameState.NOT_FINISHED
2026-06-12 03:05:15 | INFO | 
--- Action 61/200 ---
2026-06-12 03:05:15 | INFO | État: GameState.NOT_FINISHED
2026-06-12 03:05:15 | INFO | Niveaux complétés: 0/9
2026-06-12 03:05:15 | INFO | ✅ Grille extraite: shape=(64, 64), unique_colors=8
2026-06-12 03:05:15 | INFO | 🧠 Features: densité=0.999, sym_h=0.974, sym_v=0.914, clusters=12
2026-06-12 03:05:15 | INFO | 🎯 Action choisie: 2
2026-06-12 03:05:15 | INFO | 📥 Résultat: GameState.NOT_FINISHED
2026-06-12 03:05:15 | INFO | 
--- Action 62/200 ---
2026-06-12 03:05:15 | INFO | État: GameState.NOT_FINISHED
2026-06-12 03:05:15 | INFO | Niveaux complétés: 0/9
2026-06-12 03:05:15 | INFO | ✅ Grille extraite: shape=(64, 64), unique_colors=8
2026-06-12 03:05:15 | INFO | 🧠 Features: densité=0.999, sym_h=0.974, sym_v=0.914, clusters=12
2026-06-12 03:05:15 | INFO | 🎯 Action choisie: 1
2026-06-12 03:05:15 | INFO | 📥 Résultat: GameState.NOT_FINISHED
2026-06-12 03:05:15 | INFO | 
--- Action 63/200 ---
2026-06-12 03:05:15 | INFO | État: GameState.NOT_FINISHED
2026-06-12 03:05:15 | INFO | Niveaux complétés: 0/9
2026-06-12 03:05:15 | INFO | ✅ Grille extraite: shape=(64, 64), unique_colors=7
2026-06-12 03:05:15 | INFO | 🧠 Features: densité=0.999, sym_h=0.974, sym_v=0.914, clusters=12
2026-06-12 03:05:15 | INFO | 🎯 Action choisie: 5
2026-06-12 03:05:15 | INFO | 📥 Résultat: GameState.NOT_FINISHED
2026-06-12 03:05:15 | WARNING | ⚠️ Action 5 sans effet (état identique)
2026-06-12 03:05:15 | INFO | 
--- Action 64/200 ---
2026-06-12 03:05:15 | INFO | État: GameState.NOT_FINISHED
2026-06-12 03:05:15 | INFO | Niveaux complétés: 0/9
2026-06-12 03:05:15 | INFO | ✅ Grille extraite: shape=(64, 64), unique_colors=7
2026-06-12 03:05:15 | INFO | 🧠 Features: densité=0.999, sym_h=0.974, sym_v=0.914, clusters=12
2026-06-12 03:05:15 | INFO | 🎯 Action choisie: 2
2026-06-12 03:05:15 | INFO | 📥 Résultat: GameState.NOT_FINISHED
2026-06-12 03:05:15 | INFO | 
--- Action 65/200 ---
2026-06-12 03:05:15 | INFO | État: GameState.NOT_FINISHED
2026-06-12 03:05:15 | INFO | Niveaux complétés: 0/9
2026-06-12 03:05:15 | INFO | ✅ Grille extraite: shape=(64, 64), unique_colors=8
2026-06-12 03:05:15 | INFO | 🧠 Features: densité=0.999, sym_h=0.974, sym_v=0.914, clusters=12
2026-06-12 03:05:15 | INFO | 🎯 Action choisie: 2
2026-06-12 03:05:15 | INFO | 📥 Résultat: GameState.NOT_FINISHED
2026-06-12 03:05:15 | INFO | 
--- Action 66/200 ---
2026-06-12 03:05:15 | INFO | État: GameState.NOT_FINISHED
2026-06-12 03:05:15 | INFO | Niveaux complétés: 0/9
2026-06-12 03:05:15 | INFO | ✅ Grille extraite: shape=(64, 64), unique_colors=8
2026-06-12 03:05:15 | INFO | 🧠 Features: densité=0.999, sym_h=0.973, sym_v=0.914, clusters=12
2026-06-12 03:05:15 | INFO | 🎯 Action choisie: 4
2026-06-12 03:05:15 | INFO | 📥 Résultat: GameState.NOT_FINISHED
2026-06-12 03:05:15 | INFO | 
--- Action 67/200 ---
2026-06-12 03:05:15 | INFO | État: GameState.NOT_FINISHED
2026-06-12 03:05:15 | INFO | Niveaux complétés: 0/9
2026-06-12 03:05:15 | INFO | ✅ Grille extraite: shape=(64, 64), unique_colors=7
2026-06-12 03:05:15 | INFO | 🧠 Features: densité=0.999, sym_h=0.973, sym_v=0.914, clusters=12
2026-06-12 03:05:15 | INFO | 🎯 Action choisie: 5
2026-06-12 03:05:15 | INFO | 📥 Résultat: GameState.NOT_FINISHED
2026-06-12 03:05:15 | WARNING | ⚠️ Action 5 sans effet (état identique)
2026-06-12 03:05:15 | INFO | 
--- Action 68/200 ---
2026-06-12 03:05:15 | INFO | État: GameState.NOT_FINISHED
2026-06-12 03:05:15 | INFO | Niveaux complétés: 0/9
2026-06-12 03:05:15 | INFO | ✅ Grille extraite: shape=(64, 64), unique_colors=7
2026-06-12 03:05:15 | INFO | 🧠 Features: densité=0.999, sym_h=0.973, sym_v=0.914, clusters=12
2026-06-12 03:05:15 | INFO | 🎯 Action choisie: 5
2026-06-12 03:05:15 | INFO | 📥 Résultat: GameState.NOT_FINISHED
2026-06-12 03:05:15 | INFO | 
--- Action 69/200 ---
2026-06-12 03:05:15 | INFO | État: GameState.NOT_FINISHED
2026-06-12 03:05:15 | INFO | Niveaux complétés: 0/9
2026-06-12 03:05:15 | INFO | ✅ Grille extraite: shape=(64, 64), unique_colors=7
2026-06-12 03:05:15 | INFO | 🧠 Features: densité=0.999, sym_h=0.973, sym_v=0.914, clusters=12
2026-06-12 03:05:15 | INFO | 🎯 Action choisie: 2
2026-06-12 03:05:15 | INFO | 📥 Résultat: GameState.NOT_FINISHED
2026-06-12 03:05:15 | INFO | 
--- Action 70/200 ---
2026-06-12 03:05:15 | INFO | État: GameState.NOT_FINISHED
2026-06-12 03:05:15 | INFO | Niveaux complétés: 0/9
2026-06-12 03:05:15 | INFO | ✅ Grille extraite: shape=(64, 64), unique_colors=7
2026-06-12 03:05:15 | INFO | 🧠 Features: densité=0.999, sym_h=0.974, sym_v=0.922, clusters=12
2026-06-12 03:05:15 | INFO | 🎯 Action choisie: 3
2026-06-12 03:05:15 | INFO | 📥 Résultat: GameState.NOT_FINISHED
2026-06-12 03:05:15 | INFO | 
--- Action 71/200 ---
2026-06-12 03:05:15 | INFO | État: GameState.NOT_FINISHED
2026-06-12 03:05:15 | INFO | Niveaux complétés: 0/9
2026-06-12 03:05:15 | INFO | ✅ Grille extraite: shape=(64, 64), unique_colors=8
2026-06-12 03:05:15 | INFO | 🧠 Features: densité=0.999, sym_h=0.974, sym_v=0.922, clusters=12
2026-06-12 03:05:15 | INFO | 🎯 Action choisie: 3
2026-06-12 03:05:15 | INFO | 📥 Résultat: GameState.NOT_FINISHED
2026-06-12 03:05:15 | INFO | 
--- Action 72/200 ---
2026-06-12 03:05:15 | INFO | État: GameState.NOT_FINISHED
2026-06-12 03:05:15 | INFO | Niveaux complétés: 0/9
2026-06-12 03:05:15 | INFO | ✅ Grille extraite: shape=(64, 64), unique_colors=8
2026-06-12 03:05:15 | INFO | 🧠 Features: densité=0.999, sym_h=0.973, sym_v=0.922, clusters=12
2026-06-12 03:05:15 | INFO | 🎯 Action choisie: 5
2026-06-12 03:05:15 | INFO | 📥 Résultat: GameState.NOT_FINISHED
2026-06-12 03:05:15 | INFO | 
--- Action 73/200 ---
2026-06-12 03:05:15 | INFO | État: GameState.NOT_FINISHED
2026-06-12 03:05:15 | INFO | Niveaux complétés: 0/9
2026-06-12 03:05:15 | INFO | ✅ Grille extraite: shape=(64, 64), unique_colors=7
2026-06-12 03:05:15 | INFO | 🧠 Features: densité=0.996, sym_h=0.973, sym_v=0.922, clusters=11
2026-06-12 03:05:15 | INFO | 🎯 Action choisie: 1
2026-06-12 03:05:15 | INFO | 📥 Résultat: GameState.NOT_FINISHED
2026-06-12 03:05:15 | INFO | 
--- Action 74/200 ---
2026-06-12 03:05:15 | INFO | État: GameState.NOT_FINISHED
2026-06-12 03:05:15 | INFO | Niveaux complétés: 0/9
2026-06-12 03:05:15 | INFO | ✅ Grille extraite: shape=(64, 64), unique_colors=7
2026-06-12 03:05:15 | INFO | 🧠 Features: densité=0.996, sym_h=0.964, sym_v=0.914, clusters=11
2026-06-12 03:05:15 | INFO | 🎯 Action choisie: 4
2026-06-12 03:05:15 | INFO | 📥 Résultat: GameState.NOT_FINISHED
2026-06-12 03:05:15 | INFO | 
--- Action 75/200 ---
2026-06-12 03:05:15 | INFO | État: GameState.NOT_FINISHED
2026-06-12 03:05:15 | INFO | Niveaux complétés: 0/9
2026-06-12 03:05:15 | INFO | ✅ Grille extraite: shape=(64, 64), unique_colors=7
2026-06-12 03:05:15 | INFO | 🧠 Features: densité=0.996, sym_h=0.974, sym_v=0.914, clusters=11
2026-06-12 03:05:15 | INFO | 🎯 Action choisie: 3
2026-06-12 03:05:15 | INFO | 📥 Résultat: GameState.NOT_FINISHED
2026-06-12 03:05:15 | INFO | 
--- Action 76/200 ---
2026-06-12 03:05:15 | INFO | État: GameState.NOT_FINISHED
2026-06-12 03:05:15 | INFO | Niveaux complétés: 0/9
2026-06-12 03:05:15 | INFO | ✅ Grille extraite: shape=(64, 64), unique_colors=7
2026-06-12 03:05:15 | INFO | 🧠 Features: densité=0.996, sym_h=0.964, sym_v=0.914, clusters=11
2026-06-12 03:05:15 | INFO | 🎯 Action choisie: 1
2026-06-12 03:05:15 | INFO | 📥 Résultat: GameState.NOT_FINISHED
2026-06-12 03:05:15 | INFO | 
--- Action 77/200 ---
2026-06-12 03:05:15 | INFO | État: GameState.NOT_FINISHED
2026-06-12 03:05:15 | INFO | Niveaux complétés: 0/9
2026-06-12 03:05:15 | INFO | ✅ Grille extraite: shape=(64, 64), unique_colors=7
2026-06-12 03:05:15 | INFO | 🧠 Features: densité=0.996, sym_h=0.964, sym_v=0.914, clusters=11
2026-06-12 03:05:15 | INFO | 🎯 Action choisie: 3
2026-06-12 03:05:15 | INFO | 📥 Résultat: GameState.NOT_FINISHED
2026-06-12 03:05:15 | INFO | 
--- Action 78/200 ---
2026-06-12 03:05:15 | INFO | État: GameState.NOT_FINISHED
2026-06-12 03:05:15 | INFO | Niveaux complétés: 0/9
2026-06-12 03:05:15 | INFO | ✅ Grille extraite: shape=(64, 64), unique_colors=7
2026-06-12 03:05:15 | INFO | 🧠 Features: densité=0.996, sym_h=0.963, sym_v=0.914, clusters=11
2026-06-12 03:05:15 | INFO | 🎯 Action choisie: 5
2026-06-12 03:05:15 | INFO | 📥 Résultat: GameState.NOT_FINISHED
2026-06-12 03:05:15 | INFO | 
--- Action 79/200 ---
2026-06-12 03:05:15 | INFO | État: GameState.NOT_FINISHED
2026-06-12 03:05:15 | INFO | Niveaux complétés: 0/9
2026-06-12 03:05:15 | INFO | ✅ Grille extraite: shape=(64, 64), unique_colors=8
2026-06-12 03:05:15 | INFO | 🧠 Features: densité=0.999, sym_h=0.963, sym_v=0.914, clusters=12
2026-06-12 03:05:15 | INFO | 🎯 Action choisie: 1
2026-06-12 03:05:15 | INFO | 📥 Résultat: GameState.NOT_FINISHED
2026-06-12 03:05:15 | INFO | 
--- Action 80/200 ---
2026-06-12 03:05:15 | INFO | État: GameState.NOT_FINISHED
2026-06-12 03:05:15 | INFO | Niveaux complétés: 0/9
2026-06-12 03:05:15 | INFO | ✅ Grille extraite: shape=(64, 64), unique_colors=7
2026-06-12 03:05:15 | INFO | 🧠 Features: densité=0.999, sym_h=0.963, sym_v=0.914, clusters=12
2026-06-12 03:05:15 | INFO | 🎯 Action choisie: 4
2026-06-12 03:05:15 | INFO | 📥 Résultat: GameState.NOT_FINISHED
2026-06-12 03:05:15 | INFO | 
--- Action 81/200 ---
2026-06-12 03:05:15 | INFO | État: GameState.NOT_FINISHED
2026-06-12 03:05:15 | INFO | Niveaux complétés: 0/9
2026-06-12 03:05:15 | INFO | ✅ Grille extraite: shape=(64, 64), unique_colors=7
2026-06-12 03:05:15 | INFO | 🧠 Features: densité=0.999, sym_h=0.963, sym_v=0.914, clusters=12
2026-06-12 03:05:15 | INFO | 🎯 Action choisie: 5
2026-06-12 03:05:15 | INFO | 📥 Résultat: GameState.NOT_FINISHED
2026-06-12 03:05:15 | WARNING | ⚠️ Action 5 sans effet (état identique)
2026-06-12 03:05:15 | INFO | 
--- Action 82/200 ---
2026-06-12 03:05:15 | INFO | État: GameState.NOT_FINISHED
2026-06-12 03:05:15 | INFO | Niveaux complétés: 0/9
2026-06-12 03:05:15 | INFO | ✅ Grille extraite: shape=(64, 64), unique_colors=7
2026-06-12 03:05:15 | INFO | 🧠 Features: densité=0.999, sym_h=0.963, sym_v=0.914, clusters=12
2026-06-12 03:05:15 | INFO | 🎯 Action choisie: 3
2026-06-12 03:05:15 | INFO | 📥 Résultat: GameState.NOT_FINISHED
2026-06-12 03:05:15 | INFO | 
--- Action 83/200 ---
2026-06-12 03:05:15 | INFO | État: GameState.NOT_FINISHED
2026-06-12 03:05:15 | INFO | Niveaux complétés: 0/9
2026-06-12 03:05:15 | INFO | ✅ Grille extraite: shape=(64, 64), unique_colors=7
2026-06-12 03:05:15 | INFO | 🧠 Features: densité=0.999, sym_h=0.963, sym_v=0.914, clusters=12
2026-06-12 03:05:15 | INFO | 🎯 Action choisie: 2
2026-06-12 03:05:15 | INFO | 📥 Résultat: GameState.NOT_FINISHED
2026-06-12 03:05:15 | INFO | 
--- Action 84/200 ---
2026-06-12 03:05:15 | INFO | État: GameState.NOT_FINISHED
2026-06-12 03:05:15 | INFO | Niveaux complétés: 0/9
2026-06-12 03:05:15 | INFO | ✅ Grille extraite: shape=(64, 64), unique_colors=7
2026-06-12 03:05:16 | INFO | 🧠 Features: densité=0.999, sym_h=0.962, sym_v=0.914, clusters=12
2026-06-12 03:05:16 | INFO | 🎯 Action choisie: 4
2026-06-12 03:05:16 | INFO | 📥 Résultat: GameState.NOT_FINISHED
2026-06-12 03:05:16 | INFO | 
--- Action 85/200 ---
2026-06-12 03:05:16 | INFO | État: GameState.NOT_FINISHED
2026-06-12 03:05:16 | INFO | Niveaux complétés: 0/9
2026-06-12 03:05:16 | INFO | ✅ Grille extraite: shape=(64, 64), unique_colors=7
2026-06-12 03:05:16 | INFO | 🧠 Features: densité=0.999, sym_h=0.962, sym_v=0.914, clusters=12
2026-06-12 03:05:16 | INFO | 🎯 Action choisie: 2
2026-06-12 03:05:16 | INFO | 📥 Résultat: GameState.NOT_FINISHED
2026-06-12 03:05:16 | INFO | 
--- Action 86/200 ---
2026-06-12 03:05:16 | INFO | État: GameState.NOT_FINISHED
2026-06-12 03:05:16 | INFO | Niveaux complétés: 0/9
2026-06-12 03:05:16 | INFO | ✅ Grille extraite: shape=(64, 64), unique_colors=7
2026-06-12 03:05:16 | INFO | 🧠 Features: densité=0.999, sym_h=0.962, sym_v=0.914, clusters=12
2026-06-12 03:05:16 | INFO | 🎯 Action choisie: 3
2026-06-12 03:05:16 | INFO | 📥 Résultat: GameState.NOT_FINISHED
2026-06-12 03:05:16 | INFO | 
--- Action 87/200 ---
2026-06-12 03:05:16 | INFO | État: GameState.NOT_FINISHED
2026-06-12 03:05:16 | INFO | Niveaux complétés: 0/9
2026-06-12 03:05:16 | INFO | ✅ Grille extraite: shape=(64, 64), unique_colors=7
2026-06-12 03:05:16 | INFO | 🧠 Features: densité=0.999, sym_h=0.962, sym_v=0.914, clusters=12
2026-06-12 03:05:16 | INFO | 🎯 Action choisie: 2
2026-06-12 03:05:16 | INFO | 📥 Résultat: GameState.NOT_FINISHED
2026-06-12 03:05:16 | INFO | 
--- Action 88/200 ---
2026-06-12 03:05:16 | INFO | État: GameState.NOT_FINISHED
2026-06-12 03:05:16 | INFO | Niveaux complétés: 0/9
2026-06-12 03:05:16 | INFO | ✅ Grille extraite: shape=(64, 64), unique_colors=7
2026-06-12 03:05:16 | INFO | 🧠 Features: densité=0.999, sym_h=0.970, sym_v=0.914, clusters=12
2026-06-12 03:05:16 | INFO | 🎯 Action choisie: 4
2026-06-12 03:05:16 | INFO | 📥 Résultat: GameState.NOT_FINISHED
2026-06-12 03:05:16 | INFO | 
--- Action 89/200 ---
2026-06-12 03:05:16 | INFO | État: GameState.NOT_FINISHED
2026-06-12 03:05:16 | INFO | Niveaux complétés: 0/9
2026-06-12 03:05:16 | INFO | ✅ Grille extraite: shape=(64, 64), unique_colors=7
2026-06-12 03:05:16 | INFO | 🧠 Features: densité=0.999, sym_h=0.963, sym_v=0.922, clusters=12
2026-06-12 03:05:16 | INFO | 🎯 Action choisie: 5
2026-06-12 03:05:16 | INFO | 📥 Résultat: GameState.NOT_FINISHED
2026-06-12 03:05:16 | WARNING | ⚠️ Action 5 sans effet (état identique)
2026-06-12 03:05:16 | INFO | 
--- Action 90/200 ---
2026-06-12 03:05:16 | INFO | État: GameState.NOT_FINISHED
2026-06-12 03:05:16 | INFO | Niveaux complétés: 0/9
2026-06-12 03:05:16 | INFO | ✅ Grille extraite: shape=(64, 64), unique_colors=7
2026-06-12 03:05:16 | INFO | 🧠 Features: densité=0.999, sym_h=0.963, sym_v=0.922, clusters=12
2026-06-12 03:05:16 | INFO | 🎯 Action choisie: 5
2026-06-12 03:05:16 | INFO | 📥 Résultat: GameState.NOT_FINISHED
2026-06-12 03:05:16 | INFO | 
--- Action 91/200 ---
2026-06-12 03:05:16 | INFO | État: GameState.NOT_FINISHED
2026-06-12 03:05:16 | INFO | Niveaux complétés: 0/9
2026-06-12 03:05:16 | INFO | ✅ Grille extraite: shape=(64, 64), unique_colors=7
2026-06-12 03:05:16 | INFO | 🧠 Features: densité=0.999, sym_h=0.962, sym_v=0.922, clusters=12
2026-06-12 03:05:16 | INFO | 🎯 Action choisie: 2
2026-06-12 03:05:16 | INFO | 📥 Résultat: GameState.NOT_FINISHED
2026-06-12 03:05:16 | INFO | 
--- Action 92/200 ---
2026-06-12 03:05:16 | INFO | État: GameState.NOT_FINISHED
2026-06-12 03:05:16 | INFO | Niveaux complétés: 0/9
2026-06-12 03:05:16 | INFO | ✅ Grille extraite: shape=(64, 64), unique_colors=7
2026-06-12 03:05:16 | INFO | 🧠 Features: densité=0.999, sym_h=0.961, sym_v=0.922, clusters=12
2026-06-12 03:05:16 | INFO | 🎯 Action choisie: 4
2026-06-12 03:05:16 | INFO | 📥 Résultat: GameState.NOT_FINISHED
2026-06-12 03:05:16 | INFO | 
--- Action 93/200 ---
2026-06-12 03:05:16 | INFO | État: GameState.NOT_FINISHED
2026-06-12 03:05:16 | INFO | Niveaux complétés: 0/9
2026-06-12 03:05:16 | INFO | ✅ Grille extraite: shape=(64, 64), unique_colors=7
2026-06-12 03:05:16 | INFO | 🧠 Features: densité=0.999, sym_h=0.961, sym_v=0.922, clusters=12
2026-06-12 03:05:16 | INFO | 🎯 Action choisie: 2
2026-06-12 03:05:16 | INFO | 📥 Résultat: GameState.NOT_FINISHED
2026-06-12 03:05:16 | INFO | 
--- Action 94/200 ---
2026-06-12 03:05:16 | INFO | État: GameState.NOT_FINISHED
2026-06-12 03:05:16 | INFO | Niveaux complétés: 0/9
2026-06-12 03:05:16 | INFO | ✅ Grille extraite: shape=(64, 64), unique_colors=7
2026-06-12 03:05:16 | INFO | 🧠 Features: densité=0.999, sym_h=0.961, sym_v=0.914, clusters=12
2026-06-12 03:05:16 | INFO | 🎯 Action choisie: 4
2026-06-12 03:05:16 | INFO | 📥 Résultat: GameState.NOT_FINISHED
2026-06-12 03:05:16 | INFO | 
--- Action 95/200 ---
2026-06-12 03:05:16 | INFO | État: GameState.NOT_FINISHED
2026-06-12 03:05:16 | INFO | Niveaux complétés: 0/9
2026-06-12 03:05:16 | INFO | ✅ Grille extraite: shape=(64, 64), unique_colors=7
2026-06-12 03:05:16 | INFO | 🧠 Features: densité=0.999, sym_h=0.961, sym_v=0.914, clusters=12
2026-06-12 03:05:16 | INFO | 🎯 Action choisie: 1
2026-06-12 03:05:16 | INFO | 📥 Résultat: GameState.NOT_FINISHED
2026-06-12 03:05:16 | INFO | 
--- Action 96/200 ---
2026-06-12 03:05:16 | INFO | État: GameState.NOT_FINISHED
2026-06-12 03:05:16 | INFO | Niveaux complétés: 0/9
2026-06-12 03:05:16 | INFO | ✅ Grille extraite: shape=(64, 64), unique_colors=7
2026-06-12 03:05:16 | INFO | 🧠 Features: densité=0.999, sym_h=0.961, sym_v=0.922, clusters=12
2026-06-12 03:05:16 | INFO | 🎯 Action choisie: 2
2026-06-12 03:05:16 | INFO | 📥 Résultat: GameState.NOT_FINISHED
2026-06-12 03:05:16 | INFO | 
--- Action 97/200 ---
2026-06-12 03:05:16 | INFO | État: GameState.NOT_FINISHED
2026-06-12 03:05:16 | INFO | Niveaux complétés: 0/9
2026-06-12 03:05:16 | INFO | ✅ Grille extraite: shape=(64, 64), unique_colors=7
2026-06-12 03:05:16 | INFO | 🧠 Features: densité=0.999, sym_h=0.960, sym_v=0.914, clusters=12
2026-06-12 03:05:16 | INFO | 🎯 Action choisie: 2
2026-06-12 03:05:16 | INFO | 📥 Résultat: GameState.NOT_FINISHED
2026-06-12 03:05:16 | INFO | 
--- Action 98/200 ---
2026-06-12 03:05:16 | INFO | État: GameState.NOT_FINISHED
2026-06-12 03:05:16 | INFO | Niveaux complétés: 0/9
2026-06-12 03:05:16 | INFO | ✅ Grille extraite: shape=(64, 64), unique_colors=7
2026-06-12 03:05:16 | INFO | 🧠 Features: densité=0.999, sym_h=0.960, sym_v=0.914, clusters=12
2026-06-12 03:05:16 | INFO | 🎯 Action choisie: 4
2026-06-12 03:05:16 | INFO | 📥 Résultat: GameState.NOT_FINISHED
2026-06-12 03:05:16 | INFO | 
--- Action 99/200 ---
2026-06-12 03:05:16 | INFO | État: GameState.NOT_FINISHED
2026-06-12 03:05:16 | INFO | Niveaux complétés: 0/9
2026-06-12 03:05:16 | INFO | ✅ Grille extraite: shape=(64, 64), unique_colors=7
2026-06-12 03:05:16 | INFO | 🧠 Features: densité=0.999, sym_h=0.960, sym_v=0.914, clusters=12
2026-06-12 03:05:16 | INFO | 🎯 Action choisie: 1
2026-06-12 03:05:16 | INFO | 📥 Résultat: GameState.NOT_FINISHED
2026-06-12 03:05:16 | INFO | 
--- Action 100/200 ---
2026-06-12 03:05:16 | INFO | État: GameState.NOT_FINISHED
2026-06-12 03:05:16 | INFO | Niveaux complétés: 0/9
2026-06-12 03:05:16 | INFO | ✅ Grille extraite: shape=(64, 64), unique_colors=7
2026-06-12 03:05:16 | INFO | 🧠 Features: densité=0.999, sym_h=0.960, sym_v=0.914, clusters=12
2026-06-12 03:05:16 | INFO | 🎯 Action choisie: 4
2026-06-12 03:05:16 | INFO | 📥 Résultat: GameState.NOT_FINISHED
2026-06-12 03:05:16 | INFO | 
--- Action 101/200 ---
2026-06-12 03:05:16 | INFO | État: GameState.NOT_FINISHED
2026-06-12 03:05:16 | INFO | Niveaux complétés: 0/9
2026-06-12 03:05:16 | INFO | ✅ Grille extraite: shape=(64, 64), unique_colors=7
2026-06-12 03:05:16 | INFO | 🧠 Features: densité=0.999, sym_h=0.960, sym_v=0.914, clusters=12
2026-06-12 03:05:16 | INFO | 🎯 Action choisie: 5
2026-06-12 03:05:16 | INFO | 📥 Résultat: GameState.NOT_FINISHED
2026-06-12 03:05:16 | WARNING | ⚠️ Action 5 sans effet (état identique)
2026-06-12 03:05:16 | INFO | 
--- Action 102/200 ---
2026-06-12 03:05:16 | INFO | État: GameState.NOT_FINISHED
2026-06-12 03:05:16 | INFO | Niveaux complétés: 0/9
2026-06-12 03:05:16 | INFO | ✅ Grille extraite: shape=(64, 64), unique_colors=7
2026-06-12 03:05:16 | INFO | 🧠 Features: densité=0.999, sym_h=0.960, sym_v=0.914, clusters=12
2026-06-12 03:05:16 | INFO | 🎯 Action choisie: 5
2026-06-12 03:05:16 | INFO | 📥 Résultat: GameState.NOT_FINISHED
2026-06-12 03:05:16 | INFO | 
--- Action 103/200 ---
2026-06-12 03:05:16 | INFO | État: GameState.NOT_FINISHED
2026-06-12 03:05:16 | INFO | Niveaux complétés: 0/9
2026-06-12 03:05:16 | INFO | ✅ Grille extraite: shape=(64, 64), unique_colors=7
2026-06-12 03:05:16 | INFO | 🧠 Features: densité=0.999, sym_h=0.960, sym_v=0.914, clusters=12
2026-06-12 03:05:16 | INFO | 🎯 Action choisie: 1
2026-06-12 03:05:16 | INFO | 📥 Résultat: GameState.NOT_FINISHED
2026-06-12 03:05:16 | INFO | 
--- Action 104/200 ---
2026-06-12 03:05:16 | INFO | État: GameState.NOT_FINISHED
2026-06-12 03:05:16 | INFO | Niveaux complétés: 0/9
2026-06-12 03:05:16 | INFO | ✅ Grille extraite: shape=(64, 64), unique_colors=8
2026-06-12 03:05:16 | INFO | 🧠 Features: densité=0.999, sym_h=0.955, sym_v=0.922, clusters=12
2026-06-12 03:05:16 | INFO | 🎯 Action choisie: 2
2026-06-12 03:05:16 | INFO | 📥 Résultat: GameState.NOT_FINISHED
2026-06-12 03:05:16 | INFO | 
--- Action 105/200 ---
2026-06-12 03:05:16 | INFO | État: GameState.NOT_FINISHED
2026-06-12 03:05:16 | INFO | Niveaux complétés: 0/9
2026-06-12 03:05:16 | INFO | ✅ Grille extraite: shape=(64, 64), unique_colors=7
2026-06-12 03:05:16 | INFO | 🧠 Features: densité=0.999, sym_h=0.960, sym_v=0.914, clusters=12
2026-06-12 03:05:16 | INFO | 🎯 Action choisie: 5
2026-06-12 03:05:16 | INFO | 📥 Résultat: GameState.NOT_FINISHED
2026-06-12 03:05:16 | INFO | 
--- Action 106/200 ---
2026-06-12 03:05:16 | INFO | État: GameState.NOT_FINISHED
2026-06-12 03:05:16 | INFO | Niveaux complétés: 0/9
2026-06-12 03:05:16 | INFO | ✅ Grille extraite: shape=(64, 64), unique_colors=7
2026-06-12 03:05:16 | INFO | 🧠 Features: densité=0.999, sym_h=0.961, sym_v=0.914, clusters=12
2026-06-12 03:05:16 | INFO | 🎯 Action choisie: 4
2026-06-12 03:05:16 | INFO | 📥 Résultat: GameState.NOT_FINISHED
2026-06-12 03:05:16 | INFO | 
--- Action 107/200 ---
2026-06-12 03:05:16 | INFO | État: GameState.NOT_FINISHED
2026-06-12 03:05:16 | INFO | Niveaux complétés: 0/9
2026-06-12 03:05:16 | INFO | ✅ Grille extraite: shape=(64, 64), unique_colors=7
2026-06-12 03:05:17 | INFO | 🧠 Features: densité=0.999, sym_h=0.961, sym_v=0.914, clusters=12
2026-06-12 03:05:17 | INFO | 🎯 Action choisie: 1
2026-06-12 03:05:17 | INFO | 📥 Résultat: GameState.NOT_FINISHED
2026-06-12 03:05:17 | INFO | 
--- Action 108/200 ---
2026-06-12 03:05:17 | INFO | État: GameState.NOT_FINISHED
2026-06-12 03:05:17 | INFO | Niveaux complétés: 0/9
2026-06-12 03:05:17 | INFO | ✅ Grille extraite: shape=(64, 64), unique_colors=7
2026-06-12 03:05:17 | INFO | 🧠 Features: densité=0.999, sym_h=0.961, sym_v=0.914, clusters=12
2026-06-12 03:05:17 | INFO | 🎯 Action choisie: 3
2026-06-12 03:05:17 | INFO | 📥 Résultat: GameState.NOT_FINISHED
2026-06-12 03:05:17 | INFO | 
--- Action 109/200 ---
2026-06-12 03:05:17 | INFO | État: GameState.NOT_FINISHED
2026-06-12 03:05:17 | INFO | Niveaux complétés: 0/9
2026-06-12 03:05:17 | INFO | ✅ Grille extraite: shape=(64, 64), unique_colors=7
2026-06-12 03:05:17 | INFO | 🧠 Features: densité=0.999, sym_h=0.961, sym_v=0.922, clusters=12
2026-06-12 03:05:17 | INFO | 🎯 Action choisie: 5
2026-06-12 03:05:17 | INFO | 📥 Résultat: GameState.NOT_FINISHED
2026-06-12 03:05:17 | WARNING | ⚠️ Action 5 sans effet (état identique)
2026-06-12 03:05:17 | INFO | 
--- Action 110/200 ---
2026-06-12 03:05:17 | INFO | État: GameState.NOT_FINISHED
2026-06-12 03:05:17 | INFO | Niveaux complétés: 0/9
2026-06-12 03:05:17 | INFO | ✅ Grille extraite: shape=(64, 64), unique_colors=7
2026-06-12 03:05:17 | INFO | 🧠 Features: densité=0.999, sym_h=0.961, sym_v=0.922, clusters=12
2026-06-12 03:05:17 | INFO | 🎯 Action choisie: 2
2026-06-12 03:05:17 | INFO | 📥 Résultat: GameState.NOT_FINISHED
2026-06-12 03:05:17 | INFO | 
--- Action 111/200 ---
2026-06-12 03:05:17 | INFO | État: GameState.NOT_FINISHED
2026-06-12 03:05:17 | INFO | Niveaux complétés: 0/9
2026-06-12 03:05:17 | INFO | ✅ Grille extraite: shape=(64, 64), unique_colors=7
2026-06-12 03:05:17 | INFO | 🧠 Features: densité=0.999, sym_h=0.961, sym_v=0.914, clusters=12
2026-06-12 03:05:17 | INFO | 🎯 Action choisie: 4
2026-06-12 03:05:17 | INFO | 📥 Résultat: GameState.NOT_FINISHED
2026-06-12 03:05:17 | INFO | 
--- Action 112/200 ---
2026-06-12 03:05:17 | INFO | État: GameState.NOT_FINISHED
2026-06-12 03:05:17 | INFO | Niveaux complétés: 0/9
2026-06-12 03:05:17 | INFO | ✅ Grille extraite: shape=(64, 64), unique_colors=7
2026-06-12 03:05:17 | INFO | 🧠 Features: densité=0.999, sym_h=0.962, sym_v=0.914, clusters=12
2026-06-12 03:05:17 | INFO | 🎯 Action choisie: 3
2026-06-12 03:05:17 | INFO | 📥 Résultat: GameState.NOT_FINISHED
2026-06-12 03:05:17 | INFO | 
--- Action 113/200 ---
2026-06-12 03:05:17 | INFO | État: GameState.NOT_FINISHED
2026-06-12 03:05:17 | INFO | Niveaux complétés: 0/9
2026-06-12 03:05:17 | INFO | ✅ Grille extraite: shape=(64, 64), unique_colors=7
2026-06-12 03:05:17 | INFO | 🧠 Features: densité=0.999, sym_h=0.962, sym_v=0.914, clusters=12
2026-06-12 03:05:17 | INFO | 🎯 Action choisie: 3
2026-06-12 03:05:17 | INFO | 📥 Résultat: GameState.NOT_FINISHED
2026-06-12 03:05:17 | INFO | 
--- Action 114/200 ---
2026-06-12 03:05:17 | INFO | État: GameState.NOT_FINISHED
2026-06-12 03:05:17 | INFO | Niveaux complétés: 0/9
2026-06-12 03:05:17 | INFO | ✅ Grille extraite: shape=(64, 64), unique_colors=7
2026-06-12 03:05:17 | INFO | 🧠 Features: densité=0.999, sym_h=0.962, sym_v=0.914, clusters=12
2026-06-12 03:05:17 | INFO | 🎯 Action choisie: 1
2026-06-12 03:05:17 | INFO | 📥 Résultat: GameState.NOT_FINISHED
2026-06-12 03:05:17 | INFO | 
--- Action 115/200 ---
2026-06-12 03:05:17 | INFO | État: GameState.NOT_FINISHED
2026-06-12 03:05:17 | INFO | Niveaux complétés: 0/9
2026-06-12 03:05:17 | INFO | ✅ Grille extraite: shape=(64, 64), unique_colors=7
2026-06-12 03:05:17 | INFO | 🧠 Features: densité=0.999, sym_h=0.962, sym_v=0.914, clusters=12
2026-06-12 03:05:17 | INFO | 🎯 Action choisie: 5
2026-06-12 03:05:17 | INFO | 📥 Résultat: GameState.NOT_FINISHED
2026-06-12 03:05:17 | INFO | 
--- Action 116/200 ---
2026-06-12 03:05:17 | INFO | État: GameState.NOT_FINISHED
2026-06-12 03:05:17 | INFO | Niveaux complétés: 0/9
2026-06-12 03:05:17 | INFO | ✅ Grille extraite: shape=(64, 64), unique_colors=7
2026-06-12 03:05:17 | INFO | 🧠 Features: densité=0.999, sym_h=0.962, sym_v=0.914, clusters=12
2026-06-12 03:05:17 | INFO | 🎯 Action choisie: 2
2026-06-12 03:05:17 | INFO | 📥 Résultat: GameState.NOT_FINISHED
2026-06-12 03:05:17 | INFO | 
--- Action 117/200 ---
2026-06-12 03:05:17 | INFO | État: GameState.NOT_FINISHED
2026-06-12 03:05:17 | INFO | Niveaux complétés: 0/9
2026-06-12 03:05:17 | INFO | ✅ Grille extraite: shape=(64, 64), unique_colors=7
2026-06-12 03:05:17 | INFO | 🧠 Features: densité=0.999, sym_h=0.962, sym_v=0.914, clusters=12
2026-06-12 03:05:17 | INFO | 🎯 Action choisie: 1
2026-06-12 03:05:17 | INFO | 📥 Résultat: GameState.NOT_FINISHED
2026-06-12 03:05:17 | INFO | 
--- Action 118/200 ---
2026-06-12 03:05:17 | INFO | État: GameState.NOT_FINISHED
2026-06-12 03:05:17 | INFO | Niveaux complétés: 0/9
2026-06-12 03:05:17 | INFO | ✅ Grille extraite: shape=(64, 64), unique_colors=7
2026-06-12 03:05:17 | INFO | 🧠 Features: densité=0.999, sym_h=0.962, sym_v=0.914, clusters=12
2026-06-12 03:05:17 | INFO | 🎯 Action choisie: 4
2026-06-12 03:05:17 | INFO | 📥 Résultat: GameState.NOT_FINISHED
2026-06-12 03:05:17 | INFO | 
--- Action 119/200 ---
2026-06-12 03:05:17 | INFO | État: GameState.NOT_FINISHED
2026-06-12 03:05:17 | INFO | Niveaux complétés: 0/9
2026-06-12 03:05:17 | INFO | ✅ Grille extraite: shape=(64, 64), unique_colors=7
2026-06-12 03:05:17 | INFO | 🧠 Features: densité=0.999, sym_h=0.963, sym_v=0.922, clusters=12
2026-06-12 03:05:17 | INFO | 🎯 Action choisie: 1
2026-06-12 03:05:17 | INFO | 📥 Résultat: GameState.NOT_FINISHED
2026-06-12 03:05:17 | INFO | 
--- Action 120/200 ---
2026-06-12 03:05:17 | INFO | État: GameState.NOT_FINISHED
2026-06-12 03:05:17 | INFO | Niveaux complétés: 0/9
2026-06-12 03:05:17 | INFO | ✅ Grille extraite: shape=(64, 64), unique_colors=8
2026-06-12 03:05:17 | INFO | 🧠 Features: densité=0.999, sym_h=0.957, sym_v=0.922, clusters=12
2026-06-12 03:05:17 | INFO | 🎯 Action choisie: 5
2026-06-12 03:05:17 | INFO | 📥 Résultat: GameState.NOT_FINISHED
2026-06-12 03:05:17 | INFO | 
--- Action 121/200 ---
2026-06-12 03:05:17 | INFO | État: GameState.NOT_FINISHED
2026-06-12 03:05:17 | INFO | Niveaux complétés: 0/9
2026-06-12 03:05:17 | INFO | ✅ Grille extraite: shape=(64, 64), unique_colors=7
2026-06-12 03:05:17 | INFO | 🧠 Features: densité=0.996, sym_h=0.957, sym_v=0.924, clusters=11
2026-06-12 03:05:17 | INFO | 🎯 Action choisie: 4
2026-06-12 03:05:17 | INFO | 📥 Résultat: GameState.NOT_FINISHED
2026-06-12 03:05:17 | INFO | 
--- Action 122/200 ---
2026-06-12 03:05:17 | INFO | État: GameState.NOT_FINISHED
2026-06-12 03:05:17 | INFO | Niveaux complétés: 0/9
2026-06-12 03:05:17 | INFO | ✅ Grille extraite: shape=(64, 64), unique_colors=7
2026-06-12 03:05:17 | INFO | 🧠 Features: densité=0.996, sym_h=0.948, sym_v=0.924, clusters=11
2026-06-12 03:05:17 | INFO | 🎯 Action choisie: 1
2026-06-12 03:05:17 | INFO | 📥 Résultat: GameState.NOT_FINISHED
2026-06-12 03:05:17 | INFO | 
--- Action 123/200 ---
2026-06-12 03:05:17 | INFO | État: GameState.NOT_FINISHED
2026-06-12 03:05:17 | INFO | Niveaux complétés: 0/9
2026-06-12 03:05:17 | INFO | ✅ Grille extraite: shape=(64, 64), unique_colors=7
2026-06-12 03:05:17 | INFO | 🧠 Features: densité=0.996, sym_h=0.948, sym_v=0.914, clusters=11
2026-06-12 03:05:17 | INFO | 🎯 Action choisie: 3
2026-06-12 03:05:17 | INFO | 📥 Résultat: GameState.NOT_FINISHED
2026-06-12 03:05:17 | INFO | 
--- Action 124/200 ---
2026-06-12 03:05:17 | INFO | État: GameState.NOT_FINISHED
2026-06-12 03:05:17 | INFO | Niveaux complétés: 0/9
2026-06-12 03:05:17 | INFO | ✅ Grille extraite: shape=(64, 64), unique_colors=7
2026-06-12 03:05:17 | INFO | 🧠 Features: densité=0.996, sym_h=0.956, sym_v=0.914, clusters=11
2026-06-12 03:05:17 | INFO | 🎯 Action choisie: 5
2026-06-12 03:05:17 | INFO | 📥 Résultat: GameState.NOT_FINISHED
2026-06-12 03:05:17 | INFO | 
--- Action 125/200 ---
2026-06-12 03:05:17 | INFO | État: GameState.NOT_FINISHED
2026-06-12 03:05:17 | INFO | Niveaux complétés: 0/9
2026-06-12 03:05:17 | INFO | ✅ Grille extraite: shape=(64, 64), unique_colors=8
2026-06-12 03:05:17 | INFO | 🧠 Features: densité=0.999, sym_h=0.956, sym_v=0.914, clusters=12
2026-06-12 03:05:17 | INFO | 🎯 Action choisie: 1
2026-06-12 03:05:17 | INFO | 📥 Résultat: GameState.NOT_FINISHED
2026-06-12 03:05:17 | WARNING | ⚠️ Action 1 sans effet (état identique)
2026-06-12 03:05:17 | INFO | 
--- Action 126/200 ---
2026-06-12 03:05:17 | INFO | État: GameState.NOT_FINISHED
2026-06-12 03:05:17 | INFO | Niveaux complétés: 0/9
2026-06-12 03:05:17 | INFO | ✅ Grille extraite: shape=(64, 64), unique_colors=8
2026-06-12 03:05:17 | INFO | 🧠 Features: densité=0.999, sym_h=0.956, sym_v=0.914, clusters=12
2026-06-12 03:05:17 | INFO | 🎯 Action choisie: 2
2026-06-12 03:05:17 | INFO | 📥 Résultat: GameState.NOT_FINISHED
2026-06-12 03:05:17 | INFO | 
--- Action 127/200 ---
2026-06-12 03:05:17 | INFO | État: GameState.NOT_FINISHED
2026-06-12 03:05:17 | INFO | Niveaux complétés: 0/9
2026-06-12 03:05:17 | INFO | ✅ Grille extraite: shape=(64, 64), unique_colors=7
2026-06-12 03:05:17 | INFO | 🧠 Features: densité=0.999, sym_h=0.948, sym_v=0.914, clusters=12
2026-06-12 03:05:17 | INFO | 🎯 Action choisie: 5
2026-06-12 03:05:17 | INFO | 📥 Résultat: GameState.NOT_FINISHED
2026-06-12 03:05:17 | INFO | 
--- Action 128/200 ---
2026-06-12 03:05:17 | INFO | État: GameState.NOT_FINISHED
2026-06-12 03:05:17 | INFO | Niveaux complétés: 0/9
2026-06-12 03:05:17 | INFO | ✅ Grille extraite: shape=(64, 64), unique_colors=7
2026-06-12 03:05:17 | INFO | 🧠 Features: densité=0.999, sym_h=0.949, sym_v=0.914, clusters=12
2026-06-12 03:05:17 | INFO | 🎯 Action choisie: 5
2026-06-12 03:05:17 | INFO | 📥 Résultat: GameState.NOT_FINISHED
2026-06-12 03:05:17 | WARNING | ⚠️ Action 5 sans effet (état identique)
2026-06-12 03:05:17 | INFO | 
--- Action 129/200 ---
2026-06-12 03:05:17 | INFO | État: GameState.NOT_FINISHED
2026-06-12 03:05:17 | INFO | Niveaux complétés: 0/9
2026-06-12 03:05:17 | INFO | ✅ Grille extraite: shape=(64, 64), unique_colors=7
2026-06-12 03:05:17 | INFO | 🧠 Features: densité=0.999, sym_h=0.949, sym_v=0.914, clusters=12
2026-06-12 03:05:17 | INFO | 🎯 Action choisie: 2
2026-06-12 03:05:17 | INFO | 📥 Résultat: GameState.NOT_FINISHED
2026-06-12 03:05:17 | INFO | 
--- Action 130/200 ---
2026-06-12 03:05:17 | INFO | État: GameState.NOT_FINISHED
2026-06-12 03:05:17 | INFO | Niveaux complétés: 0/9
2026-06-12 03:05:17 | INFO | ✅ Grille extraite: shape=(64, 64), unique_colors=7
2026-06-12 03:05:17 | INFO | 🧠 Features: densité=0.999, sym_h=0.949, sym_v=0.922, clusters=12
2026-06-12 03:05:17 | INFO | 🎯 Action choisie: 2
2026-06-12 03:05:17 | INFO | 📥 Résultat: GameState.NOT_FINISHED
2026-06-12 03:05:17 | INFO | 
--- Action 131/200 ---
2026-06-12 03:05:17 | INFO | État: GameState.NOT_FINISHED
2026-06-12 03:05:17 | INFO | Niveaux complétés: 0/9
2026-06-12 03:05:17 | INFO | ✅ Grille extraite: shape=(64, 64), unique_colors=7
2026-06-12 03:05:18 | INFO | 🧠 Features: densité=0.999, sym_h=0.949, sym_v=0.914, clusters=12
2026-06-12 03:05:18 | INFO | 🎯 Action choisie: 3
2026-06-12 03:05:18 | INFO | 📥 Résultat: GameState.NOT_FINISHED
2026-06-12 03:05:18 | INFO | 
--- Action 132/200 ---
2026-06-12 03:05:18 | INFO | État: GameState.NOT_FINISHED
2026-06-12 03:05:18 | INFO | Niveaux complétés: 0/9
2026-06-12 03:05:18 | INFO | ✅ Grille extraite: shape=(64, 64), unique_colors=7
2026-06-12 03:05:18 | INFO | 🧠 Features: densité=0.999, sym_h=0.949, sym_v=0.914, clusters=12
2026-06-12 03:05:18 | INFO | 🎯 Action choisie: 3
2026-06-12 03:05:18 | INFO | 📥 Résultat: GameState.NOT_FINISHED
2026-06-12 03:05:18 | INFO | 
--- Action 133/200 ---
2026-06-12 03:05:18 | INFO | État: GameState.NOT_FINISHED
2026-06-12 03:05:18 | INFO | Niveaux complétés: 0/9
2026-06-12 03:05:18 | INFO | ✅ Grille extraite: shape=(64, 64), unique_colors=7
2026-06-12 03:05:18 | INFO | 🧠 Features: densité=0.999, sym_h=0.949, sym_v=0.914, clusters=12
2026-06-12 03:05:18 | INFO | 🎯 Action choisie: 3
2026-06-12 03:05:18 | INFO | 📥 Résultat: GameState.NOT_FINISHED
2026-06-12 03:05:18 | INFO | 
--- Action 134/200 ---
2026-06-12 03:05:18 | INFO | État: GameState.NOT_FINISHED
2026-06-12 03:05:18 | INFO | Niveaux complétés: 0/9
2026-06-12 03:05:18 | INFO | ✅ Grille extraite: shape=(64, 64), unique_colors=7
2026-06-12 03:05:18 | INFO | 🧠 Features: densité=0.999, sym_h=0.950, sym_v=0.914, clusters=12
2026-06-12 03:05:18 | INFO | 🎯 Action choisie: 2
2026-06-12 03:05:18 | INFO | 📥 Résultat: GameState.NOT_FINISHED
2026-06-12 03:05:18 | INFO | 
--- Action 135/200 ---
2026-06-12 03:05:18 | INFO | État: GameState.NOT_FINISHED
2026-06-12 03:05:18 | INFO | Niveaux complétés: 0/9
2026-06-12 03:05:18 | INFO | ✅ Grille extraite: shape=(64, 64), unique_colors=7
2026-06-12 03:05:18 | INFO | 🧠 Features: densité=0.999, sym_h=0.950, sym_v=0.914, clusters=12
2026-06-12 03:05:18 | INFO | 🎯 Action choisie: 4
2026-06-12 03:05:18 | INFO | 📥 Résultat: GameState.NOT_FINISHED
2026-06-12 03:05:18 | INFO | 
--- Action 136/200 ---
2026-06-12 03:05:18 | INFO | État: GameState.NOT_FINISHED
2026-06-12 03:05:18 | INFO | Niveaux complétés: 0/9
2026-06-12 03:05:18 | INFO | ✅ Grille extraite: shape=(64, 64), unique_colors=7
2026-06-12 03:05:18 | INFO | 🧠 Features: densité=0.999, sym_h=0.950, sym_v=0.914, clusters=12
2026-06-12 03:05:18 | INFO | 🎯 Action choisie: 1
2026-06-12 03:05:18 | INFO | 📥 Résultat: GameState.NOT_FINISHED
2026-06-12 03:05:18 | INFO | 
--- Action 137/200 ---
2026-06-12 03:05:18 | INFO | État: GameState.NOT_FINISHED
2026-06-12 03:05:18 | INFO | Niveaux complétés: 0/9
2026-06-12 03:05:18 | INFO | ✅ Grille extraite: shape=(64, 64), unique_colors=7
2026-06-12 03:05:18 | INFO | 🧠 Features: densité=0.999, sym_h=0.950, sym_v=0.914, clusters=12
2026-06-12 03:05:18 | INFO | 🎯 Action choisie: 2
2026-06-12 03:05:18 | INFO | 📥 Résultat: GameState.NOT_FINISHED
2026-06-12 03:05:18 | INFO | 
--- Action 138/200 ---
2026-06-12 03:05:18 | INFO | État: GameState.NOT_FINISHED
2026-06-12 03:05:18 | INFO | Niveaux complétés: 0/9
2026-06-12 03:05:18 | INFO | ✅ Grille extraite: shape=(64, 64), unique_colors=7
2026-06-12 03:05:18 | INFO | 🧠 Features: densité=0.999, sym_h=0.950, sym_v=0.914, clusters=12
2026-06-12 03:05:18 | INFO | 🎯 Action choisie: 3
2026-06-12 03:05:18 | INFO | 📥 Résultat: GameState.NOT_FINISHED
2026-06-12 03:05:18 | INFO | 
--- Action 139/200 ---
2026-06-12 03:05:18 | INFO | État: GameState.NOT_FINISHED
2026-06-12 03:05:18 | INFO | Niveaux complétés: 0/9
2026-06-12 03:05:18 | INFO | ✅ Grille extraite: shape=(64, 64), unique_colors=7
2026-06-12 03:05:18 | INFO | 🧠 Features: densité=0.999, sym_h=0.950, sym_v=0.914, clusters=12
2026-06-12 03:05:18 | INFO | 🎯 Action choisie: 5
2026-06-12 03:05:18 | INFO | 📥 Résultat: GameState.NOT_FINISHED
2026-06-12 03:05:18 | WARNING | ⚠️ Action 5 sans effet (état identique)
2026-06-12 03:05:18 | INFO | 
--- Action 140/200 ---
2026-06-12 03:05:18 | INFO | État: GameState.NOT_FINISHED
2026-06-12 03:05:18 | INFO | Niveaux complétés: 0/9
2026-06-12 03:05:18 | INFO | ✅ Grille extraite: shape=(64, 64), unique_colors=7
2026-06-12 03:05:18 | INFO | 🧠 Features: densité=0.999, sym_h=0.950, sym_v=0.914, clusters=12
2026-06-12 03:05:18 | INFO | 🎯 Action choisie: 4
2026-06-12 03:05:18 | INFO | 📥 Résultat: GameState.NOT_FINISHED
2026-06-12 03:05:18 | INFO | 
--- Action 141/200 ---
2026-06-12 03:05:18 | INFO | État: GameState.NOT_FINISHED
2026-06-12 03:05:18 | INFO | Niveaux complétés: 0/9
2026-06-12 03:05:18 | INFO | ✅ Grille extraite: shape=(64, 64), unique_colors=7
2026-06-12 03:05:18 | INFO | 🧠 Features: densité=0.999, sym_h=0.951, sym_v=0.914, clusters=12
2026-06-12 03:05:18 | INFO | 🎯 Action choisie: 1
2026-06-12 03:05:18 | INFO | 📥 Résultat: GameState.NOT_FINISHED
2026-06-12 03:05:18 | INFO | 
--- Action 142/200 ---
2026-06-12 03:05:18 | INFO | État: GameState.NOT_FINISHED
2026-06-12 03:05:18 | INFO | Niveaux complétés: 0/9
2026-06-12 03:05:18 | INFO | ✅ Grille extraite: shape=(64, 64), unique_colors=7
2026-06-12 03:05:18 | INFO | 🧠 Features: densité=0.999, sym_h=0.951, sym_v=0.914, clusters=12
2026-06-12 03:05:18 | INFO | 🎯 Action choisie: 1
2026-06-12 03:05:18 | INFO | 📥 Résultat: GameState.NOT_FINISHED
2026-06-12 03:05:18 | INFO | 
--- Action 143/200 ---
2026-06-12 03:05:18 | INFO | État: GameState.NOT_FINISHED
2026-06-12 03:05:18 | INFO | Niveaux complétés: 0/9
2026-06-12 03:05:18 | INFO | ✅ Grille extraite: shape=(64, 64), unique_colors=7
2026-06-12 03:05:18 | INFO | 🧠 Features: densité=0.999, sym_h=0.951, sym_v=0.914, clusters=12
2026-06-12 03:05:18 | INFO | 🎯 Action choisie: 2
2026-06-12 03:05:18 | INFO | 📥 Résultat: GameState.NOT_FINISHED
2026-06-12 03:05:18 | INFO | 
--- Action 144/200 ---
2026-06-12 03:05:18 | INFO | État: GameState.NOT_FINISHED
2026-06-12 03:05:18 | INFO | Niveaux complétés: 0/9
2026-06-12 03:05:18 | INFO | ✅ Grille extraite: shape=(64, 64), unique_colors=7
2026-06-12 03:05:18 | INFO | 🧠 Features: densité=0.999, sym_h=0.951, sym_v=0.914, clusters=12
2026-06-12 03:05:18 | INFO | 🎯 Action choisie: 4
2026-06-12 03:05:18 | INFO | 📥 Résultat: GameState.NOT_FINISHED
2026-06-12 03:05:18 | INFO | 
--- Action 145/200 ---
2026-06-12 03:05:18 | INFO | État: GameState.NOT_FINISHED
2026-06-12 03:05:18 | INFO | Niveaux complétés: 0/9
2026-06-12 03:05:18 | INFO | ✅ Grille extraite: shape=(64, 64), unique_colors=7
2026-06-12 03:05:18 | INFO | 🧠 Features: densité=0.999, sym_h=0.951, sym_v=0.914, clusters=12
2026-06-12 03:05:18 | INFO | 🎯 Action choisie: 1
2026-06-12 03:05:18 | INFO | 📥 Résultat: GameState.NOT_FINISHED
2026-06-12 03:05:18 | INFO | 
--- Action 146/200 ---
2026-06-12 03:05:18 | INFO | État: GameState.NOT_FINISHED
2026-06-12 03:05:18 | INFO | Niveaux complétés: 0/9
2026-06-12 03:05:18 | INFO | ✅ Grille extraite: shape=(64, 64), unique_colors=7
2026-06-12 03:05:18 | INFO | 🧠 Features: densité=0.999, sym_h=0.951, sym_v=0.914, clusters=12
2026-06-12 03:05:18 | INFO | 🎯 Action choisie: 2
2026-06-12 03:05:18 | INFO | 📥 Résultat: GameState.NOT_FINISHED
2026-06-12 03:05:18 | INFO | 
--- Action 147/200 ---
2026-06-12 03:05:18 | INFO | État: GameState.NOT_FINISHED
2026-06-12 03:05:18 | INFO | Niveaux complétés: 0/9
2026-06-12 03:05:18 | INFO | ✅ Grille extraite: shape=(64, 64), unique_colors=7
2026-06-12 03:05:18 | INFO | 🧠 Features: densité=0.999, sym_h=0.952, sym_v=0.914, clusters=12
2026-06-12 03:05:18 | INFO | 🎯 Action choisie: 2
2026-06-12 03:05:18 | INFO | 📥 Résultat: GameState.NOT_FINISHED
2026-06-12 03:05:18 | INFO | 
--- Action 148/200 ---
2026-06-12 03:05:18 | INFO | État: GameState.NOT_FINISHED
2026-06-12 03:05:18 | INFO | Niveaux complétés: 0/9
2026-06-12 03:05:18 | INFO | ✅ Grille extraite: shape=(64, 64), unique_colors=7
2026-06-12 03:05:18 | INFO | 🧠 Features: densité=0.999, sym_h=0.952, sym_v=0.914, clusters=12
2026-06-12 03:05:18 | INFO | 🎯 Action choisie: 4
2026-06-12 03:05:18 | INFO | 📥 Résultat: GameState.NOT_FINISHED
2026-06-12 03:05:18 | INFO | 
--- Action 149/200 ---
2026-06-12 03:05:18 | INFO | État: GameState.NOT_FINISHED
2026-06-12 03:05:18 | INFO | Niveaux complétés: 0/9
2026-06-12 03:05:18 | INFO | ✅ Grille extraite: shape=(64, 64), unique_colors=7
2026-06-12 03:05:18 | INFO | 🧠 Features: densité=0.999, sym_h=0.952, sym_v=0.914, clusters=12
2026-06-12 03:05:18 | INFO | 🎯 Action choisie: 1
2026-06-12 03:05:18 | INFO | 📥 Résultat: GameState.NOT_FINISHED
2026-06-12 03:05:18 | INFO | 
--- Action 150/200 ---
2026-06-12 03:05:18 | INFO | État: GameState.NOT_FINISHED
2026-06-12 03:05:18 | INFO | Niveaux complétés: 0/9
2026-06-12 03:05:18 | INFO | ✅ Grille extraite: shape=(64, 64), unique_colors=7
2026-06-12 03:05:18 | INFO | 🧠 Features: densité=0.999, sym_h=0.952, sym_v=0.914, clusters=12
2026-06-12 03:05:18 | INFO | 🎯 Action choisie: 3
2026-06-12 03:05:18 | INFO | 📥 Résultat: GameState.NOT_FINISHED
2026-06-12 03:05:18 | INFO | 
--- Action 151/200 ---
2026-06-12 03:05:18 | INFO | État: GameState.NOT_FINISHED
2026-06-12 03:05:18 | INFO | Niveaux complétés: 0/9
2026-06-12 03:05:18 | INFO | ✅ Grille extraite: shape=(64, 64), unique_colors=7
2026-06-12 03:05:18 | INFO | 🧠 Features: densité=0.999, sym_h=0.952, sym_v=0.914, clusters=12
2026-06-12 03:05:18 | INFO | 🎯 Action choisie: 5
2026-06-12 03:05:18 | INFO | 📥 Résultat: GameState.NOT_FINISHED
2026-06-12 03:05:18 | WARNING | ⚠️ Action 5 sans effet (état identique)
2026-06-12 03:05:18 | INFO | 
--- Action 152/200 ---
2026-06-12 03:05:18 | INFO | État: GameState.NOT_FINISHED
2026-06-12 03:05:18 | INFO | Niveaux complétés: 0/9
2026-06-12 03:05:18 | INFO | ✅ Grille extraite: shape=(64, 64), unique_colors=7
2026-06-12 03:05:18 | INFO | 🧠 Features: densité=0.999, sym_h=0.952, sym_v=0.914, clusters=12
2026-06-12 03:05:18 | INFO | 🎯 Action choisie: 1
2026-06-12 03:05:18 | INFO | 📥 Résultat: GameState.NOT_FINISHED
2026-06-12 03:05:18 | INFO | 
--- Action 153/200 ---
2026-06-12 03:05:18 | INFO | État: GameState.NOT_FINISHED
2026-06-12 03:05:18 | INFO | Niveaux complétés: 0/9
2026-06-12 03:05:18 | INFO | ✅ Grille extraite: shape=(64, 64), unique_colors=7
2026-06-12 03:05:18 | INFO | 🧠 Features: densité=0.999, sym_h=0.953, sym_v=0.914, clusters=12
2026-06-12 03:05:18 | INFO | 🎯 Action choisie: 3
2026-06-12 03:05:18 | INFO | 📥 Résultat: GameState.NOT_FINISHED
2026-06-12 03:05:18 | INFO | 
--- Action 154/200 ---
2026-06-12 03:05:18 | INFO | État: GameState.NOT_FINISHED
2026-06-12 03:05:18 | INFO | Niveaux complétés: 0/9
2026-06-12 03:05:18 | INFO | ✅ Grille extraite: shape=(64, 64), unique_colors=7
2026-06-12 03:05:18 | INFO | 🧠 Features: densité=0.999, sym_h=0.953, sym_v=0.914, clusters=12
2026-06-12 03:05:18 | INFO | 🎯 Action choisie: 5
2026-06-12 03:05:18 | INFO | 📥 Résultat: GameState.NOT_FINISHED
2026-06-12 03:05:18 | WARNING | ⚠️ Action 5 sans effet (état identique)
2026-06-12 03:05:18 | INFO | 
--- Action 155/200 ---
2026-06-12 03:05:18 | INFO | État: GameState.NOT_FINISHED
2026-06-12 03:05:18 | INFO | Niveaux complétés: 0/9
2026-06-12 03:05:18 | INFO | ✅ Grille extraite: shape=(64, 64), unique_colors=7
2026-06-12 03:05:18 | INFO | 🧠 Features: densité=0.999, sym_h=0.953, sym_v=0.914, clusters=12
2026-06-12 03:05:18 | INFO | 🎯 Action choisie: 2
2026-06-12 03:05:18 | INFO | 📥 Résultat: GameState.NOT_FINISHED
2026-06-12 03:05:18 | INFO | 
--- Action 156/200 ---
2026-06-12 03:05:18 | INFO | État: GameState.NOT_FINISHED
2026-06-12 03:05:18 | INFO | Niveaux complétés: 0/9
2026-06-12 03:05:18 | INFO | ✅ Grille extraite: shape=(64, 64), unique_colors=7
2026-06-12 03:05:19 | INFO | 🧠 Features: densité=0.999, sym_h=0.953, sym_v=0.914, clusters=12
2026-06-12 03:05:19 | INFO | 🎯 Action choisie: 3
2026-06-12 03:05:19 | INFO | 📥 Résultat: GameState.NOT_FINISHED
2026-06-12 03:05:19 | INFO | 
--- Action 157/200 ---
2026-06-12 03:05:19 | INFO | État: GameState.NOT_FINISHED
2026-06-12 03:05:19 | INFO | Niveaux complétés: 0/9
2026-06-12 03:05:19 | INFO | ✅ Grille extraite: shape=(64, 64), unique_colors=7
2026-06-12 03:05:19 | INFO | 🧠 Features: densité=0.999, sym_h=0.953, sym_v=0.914, clusters=12
2026-06-12 03:05:19 | INFO | 🎯 Action choisie: 2
2026-06-12 03:05:19 | INFO | 📥 Résultat: GameState.NOT_FINISHED
2026-06-12 03:05:19 | INFO | 
--- Action 158/200 ---
2026-06-12 03:05:19 | INFO | État: GameState.NOT_FINISHED
2026-06-12 03:05:19 | INFO | Niveaux complétés: 0/9
2026-06-12 03:05:19 | INFO | ✅ Grille extraite: shape=(64, 64), unique_colors=7
2026-06-12 03:05:19 | INFO | 🧠 Features: densité=0.999, sym_h=0.953, sym_v=0.914, clusters=12
2026-06-12 03:05:19 | INFO | 🎯 Action choisie: 1
2026-06-12 03:05:19 | INFO | 📥 Résultat: GameState.NOT_FINISHED
2026-06-12 03:05:19 | INFO | 
--- Action 159/200 ---
2026-06-12 03:05:19 | INFO | État: GameState.NOT_FINISHED
2026-06-12 03:05:19 | INFO | Niveaux complétés: 0/9
2026-06-12 03:05:19 | INFO | ✅ Grille extraite: shape=(64, 64), unique_colors=7
2026-06-12 03:05:19 | INFO | 🧠 Features: densité=0.999, sym_h=0.954, sym_v=0.914, clusters=12
2026-06-12 03:05:19 | INFO | 🎯 Action choisie: 4
2026-06-12 03:05:19 | INFO | 📥 Résultat: GameState.NOT_FINISHED
2026-06-12 03:05:19 | INFO | 
--- Action 160/200 ---
2026-06-12 03:05:19 | INFO | État: GameState.NOT_FINISHED
2026-06-12 03:05:19 | INFO | Niveaux complétés: 0/9
2026-06-12 03:05:19 | INFO | ✅ Grille extraite: shape=(64, 64), unique_colors=7
2026-06-12 03:05:19 | INFO | 🧠 Features: densité=0.999, sym_h=0.954, sym_v=0.914, clusters=12
2026-06-12 03:05:19 | INFO | 🎯 Action choisie: 3
2026-06-12 03:05:19 | INFO | 📥 Résultat: GameState.NOT_FINISHED
2026-06-12 03:05:19 | INFO | 
--- Action 161/200 ---
2026-06-12 03:05:19 | INFO | État: GameState.NOT_FINISHED
2026-06-12 03:05:19 | INFO | Niveaux complétés: 0/9
2026-06-12 03:05:19 | INFO | ✅ Grille extraite: shape=(64, 64), unique_colors=7
2026-06-12 03:05:19 | INFO | 🧠 Features: densité=0.999, sym_h=0.954, sym_v=0.914, clusters=12
2026-06-12 03:05:19 | INFO | 🎯 Action choisie: 3
2026-06-12 03:05:19 | INFO | 📥 Résultat: GameState.NOT_FINISHED
2026-06-12 03:05:19 | INFO | 
--- Action 162/200 ---
2026-06-12 03:05:19 | INFO | État: GameState.NOT_FINISHED
2026-06-12 03:05:19 | INFO | Niveaux complétés: 0/9
2026-06-12 03:05:19 | INFO | ✅ Grille extraite: shape=(64, 64), unique_colors=7
2026-06-12 03:05:19 | INFO | 🧠 Features: densité=0.999, sym_h=0.954, sym_v=0.914, clusters=12
2026-06-12 03:05:19 | INFO | 🎯 Action choisie: 1
2026-06-12 03:05:19 | INFO | 📥 Résultat: GameState.NOT_FINISHED
2026-06-12 03:05:19 | INFO | 
--- Action 163/200 ---
2026-06-12 03:05:19 | INFO | État: GameState.NOT_FINISHED
2026-06-12 03:05:19 | INFO | Niveaux complétés: 0/9
2026-06-12 03:05:19 | INFO | ✅ Grille extraite: shape=(64, 64), unique_colors=7
2026-06-12 03:05:19 | INFO | 🧠 Features: densité=0.999, sym_h=0.954, sym_v=0.914, clusters=12
2026-06-12 03:05:19 | INFO | 🎯 Action choisie: 2
2026-06-12 03:05:19 | INFO | 📥 Résultat: GameState.NOT_FINISHED
2026-06-12 03:05:19 | INFO | 
--- Action 164/200 ---
2026-06-12 03:05:19 | INFO | État: GameState.NOT_FINISHED
2026-06-12 03:05:19 | INFO | Niveaux complétés: 0/9
2026-06-12 03:05:19 | INFO | ✅ Grille extraite: shape=(64, 64), unique_colors=7
2026-06-12 03:05:19 | INFO | 🧠 Features: densité=0.999, sym_h=0.954, sym_v=0.914, clusters=12
2026-06-12 03:05:19 | INFO | 🎯 Action choisie: 2
2026-06-12 03:05:19 | INFO | 📥 Résultat: GameState.NOT_FINISHED
2026-06-12 03:05:19 | INFO | 
--- Action 165/200 ---
2026-06-12 03:05:19 | INFO | État: GameState.NOT_FINISHED
2026-06-12 03:05:19 | INFO | Niveaux complétés: 0/9
2026-06-12 03:05:19 | INFO | ✅ Grille extraite: shape=(64, 64), unique_colors=7
2026-06-12 03:05:19 | INFO | 🧠 Features: densité=0.999, sym_h=0.954, sym_v=0.914, clusters=12
2026-06-12 03:05:19 | INFO | 🎯 Action choisie: 1
2026-06-12 03:05:19 | INFO | 📥 Résultat: GameState.NOT_FINISHED
2026-06-12 03:05:19 | INFO | 
--- Action 166/200 ---
2026-06-12 03:05:19 | INFO | État: GameState.NOT_FINISHED
2026-06-12 03:05:19 | INFO | Niveaux complétés: 0/9
2026-06-12 03:05:19 | INFO | ✅ Grille extraite: shape=(64, 64), unique_colors=7
2026-06-12 03:05:19 | INFO | 🧠 Features: densité=0.999, sym_h=0.955, sym_v=0.914, clusters=12
2026-06-12 03:05:19 | INFO | 🎯 Action choisie: 3
2026-06-12 03:05:19 | INFO | 📥 Résultat: GameState.NOT_FINISHED
2026-06-12 03:05:19 | INFO | 
--- Action 167/200 ---
2026-06-12 03:05:19 | INFO | État: GameState.NOT_FINISHED
2026-06-12 03:05:19 | INFO | Niveaux complétés: 0/9
2026-06-12 03:05:19 | INFO | ✅ Grille extraite: shape=(64, 64), unique_colors=7
2026-06-12 03:05:19 | INFO | 🧠 Features: densité=0.999, sym_h=0.955, sym_v=0.914, clusters=12
2026-06-12 03:05:19 | INFO | 🎯 Action choisie: 3
2026-06-12 03:05:19 | INFO | 📥 Résultat: GameState.NOT_FINISHED
2026-06-12 03:05:19 | INFO | 
--- Action 168/200 ---
2026-06-12 03:05:19 | INFO | État: GameState.NOT_FINISHED
2026-06-12 03:05:19 | INFO | Niveaux complétés: 0/9
2026-06-12 03:05:19 | INFO | ✅ Grille extraite: shape=(64, 64), unique_colors=7
2026-06-12 03:05:19 | INFO | 🧠 Features: densité=0.999, sym_h=0.955, sym_v=0.922, clusters=12
2026-06-12 03:05:19 | INFO | 🎯 Action choisie: 1
2026-06-12 03:05:19 | INFO | 📥 Résultat: GameState.NOT_FINISHED
2026-06-12 03:05:19 | INFO | 
--- Action 169/200 ---
2026-06-12 03:05:19 | INFO | État: GameState.NOT_FINISHED
2026-06-12 03:05:19 | INFO | Niveaux complétés: 0/9
2026-06-12 03:05:19 | INFO | ✅ Grille extraite: shape=(64, 64), unique_colors=7
2026-06-12 03:05:19 | INFO | 🧠 Features: densité=0.999, sym_h=0.955, sym_v=0.914, clusters=12
2026-06-12 03:05:19 | INFO | 🎯 Action choisie: 4
2026-06-12 03:05:19 | INFO | 📥 Résultat: GameState.NOT_FINISHED
2026-06-12 03:05:19 | INFO | 
--- Action 170/200 ---
2026-06-12 03:05:19 | INFO | État: GameState.NOT_FINISHED
2026-06-12 03:05:19 | INFO | Niveaux complétés: 0/9
2026-06-12 03:05:19 | INFO | ✅ Grille extraite: shape=(64, 64), unique_colors=7
2026-06-12 03:05:19 | INFO | 🧠 Features: densité=0.999, sym_h=0.955, sym_v=0.914, clusters=12
2026-06-12 03:05:19 | INFO | 🎯 Action choisie: 5
2026-06-12 03:05:19 | INFO | 📥 Résultat: GameState.NOT_FINISHED
2026-06-12 03:05:19 | WARNING | ⚠️ Action 5 sans effet (état identique)
2026-06-12 03:05:19 | INFO | 
--- Action 171/200 ---
2026-06-12 03:05:19 | INFO | État: GameState.NOT_FINISHED
2026-06-12 03:05:19 | INFO | Niveaux complétés: 0/9
2026-06-12 03:05:19 | INFO | ✅ Grille extraite: shape=(64, 64), unique_colors=7
2026-06-12 03:05:19 | INFO | 🧠 Features: densité=0.999, sym_h=0.955, sym_v=0.914, clusters=12
2026-06-12 03:05:19 | INFO | 🎯 Action choisie: 1
2026-06-12 03:05:19 | INFO | 📥 Résultat: GameState.NOT_FINISHED
2026-06-12 03:05:19 | INFO | 
--- Action 172/200 ---
2026-06-12 03:05:19 | INFO | État: GameState.NOT_FINISHED
2026-06-12 03:05:19 | INFO | Niveaux complétés: 0/9
2026-06-12 03:05:19 | INFO | ✅ Grille extraite: shape=(64, 64), unique_colors=7
2026-06-12 03:05:19 | INFO | 🧠 Features: densité=0.999, sym_h=0.956, sym_v=0.914, clusters=12
2026-06-12 03:05:19 | INFO | 🎯 Action choisie: 4
2026-06-12 03:05:19 | INFO | 📥 Résultat: GameState.NOT_FINISHED
2026-06-12 03:05:19 | INFO | 
--- Action 173/200 ---
2026-06-12 03:05:19 | INFO | État: GameState.NOT_FINISHED
2026-06-12 03:05:19 | INFO | Niveaux complétés: 0/9
2026-06-12 03:05:19 | INFO | ✅ Grille extraite: shape=(64, 64), unique_colors=7
2026-06-12 03:05:19 | INFO | 🧠 Features: densité=0.999, sym_h=0.956, sym_v=0.922, clusters=12
2026-06-12 03:05:19 | INFO | 🎯 Action choisie: 1
2026-06-12 03:05:19 | INFO | 📥 Résultat: GameState.NOT_FINISHED
2026-06-12 03:05:19 | INFO | 
--- Action 174/200 ---
2026-06-12 03:05:19 | INFO | État: GameState.NOT_FINISHED
2026-06-12 03:05:19 | INFO | Niveaux complétés: 0/9
2026-06-12 03:05:19 | INFO | ✅ Grille extraite: shape=(64, 64), unique_colors=7
2026-06-12 03:05:19 | INFO | 🧠 Features: densité=0.999, sym_h=0.957, sym_v=0.922, clusters=12
2026-06-12 03:05:19 | INFO | 🎯 Action choisie: 2
2026-06-12 03:05:19 | INFO | 📥 Résultat: GameState.NOT_FINISHED
2026-06-12 03:05:19 | INFO | 
--- Action 175/200 ---
2026-06-12 03:05:19 | INFO | État: GameState.NOT_FINISHED
2026-06-12 03:05:19 | INFO | Niveaux complétés: 0/9
2026-06-12 03:05:19 | INFO | ✅ Grille extraite: shape=(64, 64), unique_colors=7
2026-06-12 03:05:19 | INFO | 🧠 Features: densité=0.999, sym_h=0.956, sym_v=0.922, clusters=12
2026-06-12 03:05:19 | INFO | 🎯 Action choisie: 4
2026-06-12 03:05:19 | INFO | 📥 Résultat: GameState.NOT_FINISHED
2026-06-12 03:05:19 | INFO | 
--- Action 176/200 ---
2026-06-12 03:05:19 | INFO | État: GameState.NOT_FINISHED
2026-06-12 03:05:19 | INFO | Niveaux complétés: 0/9
2026-06-12 03:05:19 | INFO | ✅ Grille extraite: shape=(64, 64), unique_colors=7
2026-06-12 03:05:19 | INFO | 🧠 Features: densité=0.999, sym_h=0.956, sym_v=0.922, clusters=12
2026-06-12 03:05:19 | INFO | 🎯 Action choisie: 1
2026-06-12 03:05:19 | INFO | 📥 Résultat: GameState.NOT_FINISHED
2026-06-12 03:05:19 | INFO | 
--- Action 177/200 ---
2026-06-12 03:05:19 | INFO | État: GameState.NOT_FINISHED
2026-06-12 03:05:19 | INFO | Niveaux complétés: 0/9
2026-06-12 03:05:19 | INFO | ✅ Grille extraite: shape=(64, 64), unique_colors=7
2026-06-12 03:05:19 | INFO | 🧠 Features: densité=0.999, sym_h=0.957, sym_v=0.922, clusters=14
2026-06-12 03:05:19 | INFO | 🎯 Action choisie: 2
2026-06-12 03:05:19 | INFO | 📥 Résultat: GameState.NOT_FINISHED
2026-06-12 03:05:19 | INFO | 
--- Action 178/200 ---
2026-06-12 03:05:19 | INFO | État: GameState.NOT_FINISHED
2026-06-12 03:05:19 | INFO | Niveaux complétés: 0/9
2026-06-12 03:05:19 | INFO | ✅ Grille extraite: shape=(64, 64), unique_colors=7
2026-06-12 03:05:19 | INFO | 🧠 Features: densité=0.999, sym_h=0.957, sym_v=0.922, clusters=12
2026-06-12 03:05:19 | INFO | 🎯 Action choisie: 2
2026-06-12 03:05:19 | INFO | 📥 Résultat: GameState.NOT_FINISHED
2026-06-12 03:05:19 | INFO | 
--- Action 179/200 ---
2026-06-12 03:05:19 | INFO | État: GameState.NOT_FINISHED
2026-06-12 03:05:19 | INFO | Niveaux complétés: 0/9
2026-06-12 03:05:19 | INFO | ✅ Grille extraite: shape=(64, 64), unique_colors=7
2026-06-12 03:05:19 | INFO | 🧠 Features: densité=0.999, sym_h=0.957, sym_v=0.914, clusters=12
2026-06-12 03:05:19 | INFO | 🎯 Action choisie: 5
2026-06-12 03:05:19 | INFO | 📥 Résultat: GameState.NOT_FINISHED
2026-06-12 03:05:19 | WARNING | ⚠️ Action 5 sans effet (état identique)
2026-06-12 03:05:19 | INFO | 
--- Action 180/200 ---
2026-06-12 03:05:19 | INFO | État: GameState.NOT_FINISHED
2026-06-12 03:05:19 | INFO | Niveaux complétés: 0/9
2026-06-12 03:05:19 | INFO | ✅ Grille extraite: shape=(64, 64), unique_colors=7
2026-06-12 03:05:19 | INFO | 🧠 Features: densité=0.999, sym_h=0.957, sym_v=0.914, clusters=12
2026-06-12 03:05:19 | INFO | 🎯 Action choisie: 2
2026-06-12 03:05:19 | INFO | 📥 Résultat: GameState.NOT_FINISHED
2026-06-12 03:05:19 | INFO | 
--- Action 181/200 ---
2026-06-12 03:05:19 | INFO | État: GameState.NOT_FINISHED
2026-06-12 03:05:19 | INFO | Niveaux complétés: 0/9
2026-06-12 03:05:19 | INFO | ✅ Grille extraite: shape=(64, 64), unique_colors=7
2026-06-12 03:05:19 | INFO | 🧠 Features: densité=0.999, sym_h=0.957, sym_v=0.914, clusters=12
2026-06-12 03:05:19 | INFO | 🎯 Action choisie: 5
2026-06-12 03:05:19 | INFO | 📥 Résultat: GameState.NOT_FINISHED
2026-06-12 03:05:19 | WARNING | ⚠️ Action 5 sans effet (état identique)
2026-06-12 03:05:19 | INFO | 
--- Action 182/200 ---
2026-06-12 03:05:19 | INFO | État: GameState.NOT_FINISHED
2026-06-12 03:05:19 | INFO | Niveaux complétés: 0/9
2026-06-12 03:05:19 | INFO | ✅ Grille extraite: shape=(64, 64), unique_colors=7
2026-06-12 03:05:19 | INFO | 🧠 Features: densité=0.999, sym_h=0.957, sym_v=0.914, clusters=12
2026-06-12 03:05:19 | INFO | 🎯 Action choisie: 3
2026-06-12 03:05:19 | INFO | 📥 Résultat: GameState.NOT_FINISHED
2026-06-12 03:05:19 | INFO | 
--- Action 183/200 ---
2026-06-12 03:05:19 | INFO | État: GameState.NOT_FINISHED
2026-06-12 03:05:19 | INFO | Niveaux complétés: 0/9
2026-06-12 03:05:19 | INFO | ✅ Grille extraite: shape=(64, 64), unique_colors=7
2026-06-12 03:05:20 | INFO | 🧠 Features: densité=0.999, sym_h=0.957, sym_v=0.914, clusters=12
2026-06-12 03:05:20 | INFO | 🎯 Action choisie: 5
2026-06-12 03:05:20 | INFO | 📥 Résultat: GameState.NOT_FINISHED
2026-06-12 03:05:20 | INFO | 
--- Action 184/200 ---
2026-06-12 03:05:20 | INFO | État: GameState.NOT_FINISHED
2026-06-12 03:05:20 | INFO | Niveaux complétés: 0/9
2026-06-12 03:05:20 | INFO | ✅ Grille extraite: shape=(64, 64), unique_colors=7
2026-06-12 03:05:20 | INFO | 🧠 Features: densité=0.999, sym_h=0.958, sym_v=0.914, clusters=12
2026-06-12 03:05:20 | INFO | 🎯 Action choisie: 2
2026-06-12 03:05:20 | INFO | 📥 Résultat: GameState.NOT_FINISHED
2026-06-12 03:05:20 | INFO | 
--- Action 185/200 ---
2026-06-12 03:05:20 | INFO | État: GameState.NOT_FINISHED
2026-06-12 03:05:20 | INFO | Niveaux complétés: 0/9
2026-06-12 03:05:20 | INFO | ✅ Grille extraite: shape=(64, 64), unique_colors=7
2026-06-12 03:05:20 | INFO | 🧠 Features: densité=0.999, sym_h=0.958, sym_v=0.914, clusters=12
2026-06-12 03:05:20 | INFO | 🎯 Action choisie: 4
2026-06-12 03:05:20 | INFO | 📥 Résultat: GameState.NOT_FINISHED
2026-06-12 03:05:20 | INFO | 
--- Action 186/200 ---
2026-06-12 03:05:20 | INFO | État: GameState.NOT_FINISHED
2026-06-12 03:05:20 | INFO | Niveaux complétés: 0/9
2026-06-12 03:05:20 | INFO | ✅ Grille extraite: shape=(64, 64), unique_colors=7
2026-06-12 03:05:20 | INFO | 🧠 Features: densité=0.999, sym_h=0.958, sym_v=0.914, clusters=12
2026-06-12 03:05:20 | INFO | 🎯 Action choisie: 5
2026-06-12 03:05:20 | INFO | 📥 Résultat: GameState.NOT_FINISHED
2026-06-12 03:05:20 | INFO | 
--- Action 187/200 ---
2026-06-12 03:05:20 | INFO | État: GameState.NOT_FINISHED
2026-06-12 03:05:20 | INFO | Niveaux complétés: 0/9
2026-06-12 03:05:20 | INFO | ✅ Grille extraite: shape=(64, 64), unique_colors=7
2026-06-12 03:05:20 | INFO | 🧠 Features: densité=0.999, sym_h=0.958, sym_v=0.914, clusters=12
2026-06-12 03:05:20 | INFO | 🎯 Action choisie: 5
2026-06-12 03:05:20 | INFO | 📥 Résultat: GameState.NOT_FINISHED
2026-06-12 03:05:20 | WARNING | ⚠️ Action 5 sans effet (état identique)
2026-06-12 03:05:20 | INFO | 
--- Action 188/200 ---
2026-06-12 03:05:20 | INFO | État: GameState.NOT_FINISHED
2026-06-12 03:05:20 | INFO | Niveaux complétés: 0/9
2026-06-12 03:05:20 | INFO | ✅ Grille extraite: shape=(64, 64), unique_colors=7
2026-06-12 03:05:20 | INFO | 🧠 Features: densité=0.999, sym_h=0.958, sym_v=0.914, clusters=12
2026-06-12 03:05:20 | INFO | 🎯 Action choisie: 4
2026-06-12 03:05:20 | INFO | 📥 Résultat: GameState.NOT_FINISHED
2026-06-12 03:05:20 | INFO | 
--- Action 189/200 ---
2026-06-12 03:05:20 | INFO | État: GameState.NOT_FINISHED
2026-06-12 03:05:20 | INFO | Niveaux complétés: 0/9
2026-06-12 03:05:20 | INFO | ✅ Grille extraite: shape=(64, 64), unique_colors=7
2026-06-12 03:05:20 | INFO | 🧠 Features: densité=0.999, sym_h=0.958, sym_v=0.914, clusters=12
2026-06-12 03:05:20 | INFO | 🎯 Action choisie: 4
2026-06-12 03:05:20 | INFO | 📥 Résultat: GameState.NOT_FINISHED
2026-06-12 03:05:20 | INFO | 
--- Action 190/200 ---
2026-06-12 03:05:20 | INFO | État: GameState.NOT_FINISHED
2026-06-12 03:05:20 | INFO | Niveaux complétés: 0/9
2026-06-12 03:05:20 | INFO | ✅ Grille extraite: shape=(64, 64), unique_colors=7
2026-06-12 03:05:20 | INFO | 🧠 Features: densité=0.999, sym_h=0.958, sym_v=0.914, clusters=12
2026-06-12 03:05:20 | INFO | 🎯 Action choisie: 2
2026-06-12 03:05:20 | INFO | 📥 Résultat: GameState.NOT_FINISHED
2026-06-12 03:05:20 | INFO | 
--- Action 191/200 ---
2026-06-12 03:05:20 | INFO | État: GameState.NOT_FINISHED
2026-06-12 03:05:20 | INFO | Niveaux complétés: 0/9
2026-06-12 03:05:20 | INFO | ✅ Grille extraite: shape=(64, 64), unique_colors=7
2026-06-12 03:05:20 | INFO | 🧠 Features: densité=0.999, sym_h=0.958, sym_v=0.914, clusters=12
2026-06-12 03:05:20 | INFO | 🎯 Action choisie: 2
2026-06-12 03:05:20 | INFO | 📥 Résultat: GameState.NOT_FINISHED
2026-06-12 03:05:20 | INFO | 
--- Action 192/200 ---
2026-06-12 03:05:20 | INFO | État: GameState.NOT_FINISHED
2026-06-12 03:05:20 | INFO | Niveaux complétés: 0/9
2026-06-12 03:05:20 | INFO | ✅ Grille extraite: shape=(64, 64), unique_colors=7
2026-06-12 03:05:20 | INFO | 🧠 Features: densité=0.999, sym_h=0.958, sym_v=0.914, clusters=12
2026-06-12 03:05:20 | INFO | 🎯 Action choisie: 5
2026-06-12 03:05:20 | INFO | 📥 Résultat: GameState.NOT_FINISHED
2026-06-12 03:05:20 | WARNING | ⚠️ Action 5 sans effet (état identique)
2026-06-12 03:05:20 | INFO | 
--- Action 193/200 ---
2026-06-12 03:05:20 | INFO | État: GameState.NOT_FINISHED
2026-06-12 03:05:20 | INFO | Niveaux complétés: 0/9
2026-06-12 03:05:20 | INFO | ✅ Grille extraite: shape=(64, 64), unique_colors=7
2026-06-12 03:05:20 | INFO | 🧠 Features: densité=0.999, sym_h=0.958, sym_v=0.914, clusters=12
[ARC Agent V2] 🧠 Exploitation: action 5
[ARC Agent V2] 🎲 Exploration: action 4
[ARC Agent V2] 🎲 Exploration: action 2
[ARC Agent V2] 🎲 Exploration: action 2
[ARC Agent V2] 🎲 Exploration: action 5
[ARC Agent V2] 🧠 Exploitation: action 3
[ARC Agent V2] 🧠 Exploitation: action 1
[ARC Agent V2] 🧠 Exploitation: action 4
[ARC Agent V2] 🧠 Exploitation: action 4
[ARC Agent V2] 🧠 Exploitation: action 3
[ARC Agent V2] 🧠 Exploitation: action 5
[ARC Agent V2] 🧠 Exploitation: action 1
[ARC Agent V2] 🧠 Exploitation: action 4
[ARC Agent V2] 🧠 Exploitation: action 5
[ARC Agent V2] 🧠 Exploitation: action 5
[ARC Agent V2] 🧠 Exploitation: action 1
[ARC Agent V2] 🧠 Exploitation: action 4
[ARC Agent V2] 🧠 Exploitation: action 1
[ARC Agent V2] 🎲 Exploration: action 1
[ARC Agent V2] 🧠 Exploitation: action 1
[ARC Agent V2] 🧠 Exploitation: action 2
[ARC Agent V2] 🧠 Exploitation: action 1
[ARC Agent V2] 🧠 Exploitation: action 1
[ARC Agent V2] 🧠 Exploitation: action 5
[ARC Agent V2] 🧠 Exploitation: action 5
[ARC Agent V2] 🧠 Exploitation: action 1
[ARC Agent V2] 🧠 Exploitation: action 1
[ARC Agent V2] 🎲 Exploration: action 1
[ARC Agent V2] 🎲 Exploration: action 5
[ARC Agent V2] 🧠 Exploitation: action 2
[ARC Agent V2] 🧠 Exploitation: action 5
[ARC Agent V2] 🧠 Exploitation: action 5
[ARC Agent V2] 🎲 Exploration: action 5
[ARC Agent V2] 🧠 Exploitation: action 3
[ARC Agent V2] 🎲 Exploration: action 4
[ARC Agent V2] 🎲 Exploration: action 3
[ARC Agent V2] 🧠 Exploitation: action 2
[ARC Agent V2] 🎲 Exploration: action 3
[ARC Agent V2] 🧠 Exploitation: action 1
[ARC Agent V2] 🧠 Exploitation: action 5
[ARC Agent V2] 🧠 Exploitation: action 3
[ARC Agent V2] 🧠 Exploitation: action 3
[ARC Agent V2] 🧠 Exploitation: action 5
[ARC Agent V2] 🧠 Exploitation: action 2
[ARC Agent V2] 🎲 Exploration: action 4
[ARC Agent V2] 🎲 Exploration: action 1
[ARC Agent V2] 🧠 Exploitation: action 4
[ARC Agent V2] 🎲 Exploration: action 2
[ARC Agent V2] 🎲 Exploration: action 5
[ARC Agent V2] 🧠 Exploitation: action 3
[ARC Agent V2] 🎲 Exploration: action 4
[ARC Agent V2] 🧠 Exploitation: action 1
[ARC Agent V2] 🧠 Exploitation: action 1
[ARC Agent V2] 🧠 Exploitation: action 5
[ARC Agent V2] 🧠 Exploitation: action 5
[ARC Agent V2] 🧠 Exploitation: action 3
[ARC Agent V2] 🎲 Exploration: action 3
[ARC Agent V2] 🎲 Exploration: action 1
[ARC Agent V2] 🎲 Exploration: action 2
[ARC Agent V2] 🎲 Exploration: action 5
[ARC Agent V2] 🧠 Exploitation: action 2
[ARC Agent V2] 🧠 Exploitation: action 1
[ARC Agent V2] 🧠 Exploitation: action 5
[ARC Agent V2] 🎲 Exploration: action 2
[ARC Agent V2] 🧠 Exploitation: action 2
[ARC Agent V2] 🧠 Exploitation: action 4
[ARC Agent V2] 🧠 Exploitation: action 5
[ARC Agent V2] 🧠 Exploitation: action 5
[ARC Agent V2] 🧠 Exploitation: action 2
[ARC Agent V2] 🎲 Exploration: action 3
[ARC Agent V2] 🎲 Exploration: action 3
[ARC Agent V2] 🧠 Exploitation: action 5
[ARC Agent V2] 🧠 Exploitation: action 1
[ARC Agent V2] 🧠 Exploitation: action 4
[ARC Agent V2] 🎲 Exploration: action 3
[ARC Agent V2] 🎲 Exploration: action 1
[ARC Agent V2] 🎲 Exploration: action 3
[ARC Agent V2] 🧠 Exploitation: action 5
[ARC Agent V2] 🧠 Exploitation: action 1
[ARC Agent V2] 🧠 Exploitation: action 4
[ARC Agent V2] 🎲 Exploration: action 5
[ARC Agent V2] 🧠 Exploitation: action 3
[ARC Agent V2] 🧠 Exploitation: action 2
[ARC Agent V2] 🧠 Exploitation: action 4
[ARC Agent V2] 🧠 Exploitation: action 2
[ARC Agent V2] 🎲 Exploration: action 3
[ARC Agent V2] 🧠 Exploitation: action 2
[ARC Agent V2] 🧠 Exploitation: action 4
[ARC Agent V2] 🧠 Exploitation: action 5
[ARC Agent V2] 🧠 Exploitation: action 5
[ARC Agent V2] 🧠 Exploitation: action 2
[ARC Agent V2] 🎲 Exploration: action 4
[ARC Agent V2] 🎲 Exploration: action 2
[ARC Agent V2] 🧠 Exploitation: action 4
[ARC Agent V2] 🧠 Exploitation: action 1
[ARC Agent V2] 🎲 Exploration: action 2
[ARC Agent V2] 🎲 Exploration: action 2
[ARC Agent V2] 🎲 Exploration: action 4
[ARC Agent V2] 🧠 Exploitation: action 1
[ARC Agent V2] 🎲 Exploration: action 4
[ARC Agent V2] 🎲 Exploration: action 5
[ARC Agent V2] 🎲 Exploration: action 5
[ARC Agent V2] 🎲 Exploration: action 1
[ARC Agent V2] 🧠 Exploitation: action 2
[ARC Agent V2] 🎲 Exploration: action 5
[ARC Agent V2] 🧠 Exploitation: action 4
[ARC Agent V2] 🧠 Exploitation: action 1
[ARC Agent V2] 🧠 Exploitation: action 3
[ARC Agent V2] 🎲 Exploration: action 5
[ARC Agent V2] 🎲 Exploration: action 2
[ARC Agent V2] 🧠 Exploitation: action 4
[ARC Agent V2] 🧠 Exploitation: action 3
[ARC Agent V2] 🧠 Exploitation: action 3
[ARC Agent V2] 🧠 Exploitation: action 1
[ARC Agent V2] 🎲 Exploration: action 5
[ARC Agent V2] 🧠 Exploitation: action 2
[ARC Agent V2] 🎲 Exploration: action 1
[ARC Agent V2] 🧠 Exploitation: action 4
[ARC Agent V2] 🎲 Exploration: action 1
[ARC Agent V2] 🧠 Exploitation: action 5
[ARC Agent V2] 🧠 Exploitation: action 4
[ARC Agent V2] 🎲 Exploration: action 1
[ARC Agent V2] 🎲 Exploration: action 3
[ARC Agent V2] 🧠 Exploitation: action 5
[ARC Agent V2] 🎲 Exploration: action 1
[ARC Agent V2] 🧠 Exploitation: action 2
[ARC Agent V2] 🎲 Exploration: action 5
[ARC Agent V2] 🧠 Exploitation: action 5
[ARC Agent V2] 🧠 Exploitation: action 2
[ARC Agent V2] 🧠 Exploitation: action 2
[ARC Agent V2] 🎲 Exploration: action 3
[ARC Agent V2] 🧠 Exploitation: action 3
[ARC Agent V2] 🎲 Exploration: action 3
[ARC Agent V2] 🎲 Exploration: action 2
[ARC Agent V2] 🧠 Exploitation: action 4
[ARC Agent V2] 🧠 Exploitation: action 1
[ARC Agent V2] 🎲 Exploration: action 2
[ARC Agent V2] 🧠 Exploitation: action 3
[ARC Agent V2] 🧠 Exploitation: action 5
[ARC Agent V2] 🧠 Exploitation: action 4
[ARC Agent V2] 🧠 Exploitation: action 1
[ARC Agent V2] 🧠 Exploitation: action 1
[ARC Agent V2] 🎲 Exploration: action 2
[ARC Agent V2] 🎲 Exploration: action 4
[ARC Agent V2] 🎲 Exploration: action 1
[ARC Agent V2] 🎲 Exploration: action 2
[ARC Agent V2] 🎲 Exploration: action 2
[ARC Agent V2] 🎲 Exploration: action 4
[ARC Agent V2] 🧠 Exploitation: action 1
[ARC Agent V2] 🎲 Exploration: action 3
[ARC Agent V2] 🧠 Exploitation: action 5
[ARC Agent V2] 🎲 Exploration: action 1
[ARC Agent V2] 🧠 Exploitation: action 3
[ARC Agent V2] 🎲 Exploration: action 5
[ARC Agent V2] 🧠 Exploitation: action 2
[ARC Agent V2] 🧠 Exploitation: action 3
[ARC Agent V2] 🎲 Exploration: action 2
[ARC Agent V2] 🎲 Exploration: action 1
[ARC Agent V2] 🎲 Exploration: action 4
[ARC Agent V2] 🧠 Exploitation: action 3
[ARC Agent V2] 🧠 Exploitation: action 3
[ARC Agent V2] 🧠 Exploitation: action 1
[ARC Agent V2] 🎲 Exploration: action 2
[ARC Agent V2] 🧠 Exploitation: action 2
[ARC Agent V2] 🧠 Exploitation: action 1
[ARC Agent V2] 🧠 Exploitation: action 3
[ARC Agent V2] 🧠 Exploitation: action 3
[ARC Agent V2] 🧠 Exploitation: action 1
[ARC Agent V2] 🧠 Exploitation: action 4
[ARC Agent V2] 🎲 Exploration: action 5
[ARC Agent V2] 🧠 Exploitation: action 1
[ARC Agent V2] 🎲 Exploration: action 4
[ARC Agent V2] 🧠 Exploitation: action 1
[ARC Agent V2] 🎲 Exploration: action 2
[ARC Agent V2] 🎲 Exploration: action 4
[ARC Agent V2] 🎲 Exploration: action 1
[ARC Agent V2] 🧠 Exploitation: action 2
[ARC Agent V2] 🎲 Exploration: action 2
[ARC Agent V2] 🎲 Exploration: action 5
[ARC Agent V2] 🎲 Exploration: action 2
[ARC Agent V2] 🎲 Exploration: action 5
[ARC Agent V2] 🎲 Exploration: action 3
[ARC Agent V2] 🧠 Exploitation: action 5
[ARC Agent V2] 🧠 Exploitation: action 2
[ARC Agent V2] 🧠 Exploitation: action 4
[ARC Agent V2] 🧠 Exploitation: action 5
[ARC Agent V2] 🧠 Exploitation: action 5
[ARC Agent V2] 🎲 Exploration: action 4
[ARC Agent V2] 🧠 Exploitation: action 4
[ARC Agent V2] 🧠 Exploitation: action 2
[ARC Agent V2] 🧠 Exploitation: action 2
[ARC Agent V2] 🧠 Exploitation: action 5
[ARC Agent V2] 🧠 Exploitation: action 22026-06-12 03:05:20 | INFO | 🎯 Action choisie: 2
2026-06-12 03:05:20 | INFO | 📥 Résultat: GameState.NOT_FINISHED
2026-06-12 03:05:20 | INFO | 
--- Action 194/200 ---
2026-06-12 03:05:20 | INFO | État: GameState.NOT_FINISHED
2026-06-12 03:05:20 | INFO | Niveaux complétés: 0/9
2026-06-12 03:05:20 | INFO | ✅ Grille extraite: shape=(64, 64), unique_colors=7
2026-06-12 03:05:20 | INFO | 🧠 Features: densité=0.999, sym_h=0.959, sym_v=0.914, clusters=12
2026-06-12 03:05:20 | INFO | 🎯 Action choisie: 5
2026-06-12 03:05:20 | INFO | 📥 Résultat: GameState.NOT_FINISHED
2026-06-12 03:05:20 | WARNING | ⚠️ Action 5 sans effet (état identique)
2026-06-12 03:05:20 | INFO | 
--- Action 195/200 ---
2026-06-12 03:05:20 | INFO | État: GameState.NOT_FINISHED
2026-06-12 03:05:20 | INFO | Niveaux complétés: 0/9
2026-06-12 03:05:20 | INFO | ✅ Grille extraite: shape=(64, 64), unique_colors=7
2026-06-12 03:05:20 | INFO | 🧠 Features: densité=0.999, sym_h=0.959, sym_v=0.914, clusters=12
2026-06-12 03:05:20 | INFO | 🎯 Action choisie: 4
2026-06-12 03:05:20 | INFO | 📥 Résultat: GameState.NOT_FINISHED
2026-06-12 03:05:20 | INFO | 
--- Action 196/200 ---
2026-06-12 03:05:20 | INFO | État: GameState.NOT_FINISHED
2026-06-12 03:05:20 | INFO | Niveaux complétés: 0/9
2026-06-12 03:05:20 | INFO | ✅ Grille extraite: shape=(64, 64), unique_colors=7
2026-06-12 03:05:20 | INFO | 🧠 Features: densité=0.999, sym_h=0.959, sym_v=0.914, clusters=12
2026-06-12 03:05:20 | INFO | 🎯 Action choisie: 4
2026-06-12 03:05:20 | INFO | 📥 Résultat: GameState.NOT_FINISHED
2026-06-12 03:05:20 | INFO | 
--- Action 197/200 ---
2026-06-12 03:05:20 | INFO | État: GameState.NOT_FINISHED
2026-06-12 03:05:20 | INFO | Niveaux complétés: 0/9
2026-06-12 03:05:20 | INFO | ✅ Grille extraite: shape=(64, 64), unique_colors=7
2026-06-12 03:05:20 | INFO | 🧠 Features: densité=0.999, sym_h=0.959, sym_v=0.914, clusters=11
2026-06-12 03:05:20 | INFO | 🎯 Action choisie: 4
2026-06-12 03:05:20 | INFO | 📥 Résultat: GameState.NOT_FINISHED
2026-06-12 03:05:20 | INFO | 
--- Action 198/200 ---
2026-06-12 03:05:20 | INFO | État: GameState.NOT_FINISHED
2026-06-12 03:05:20 | INFO | Niveaux complétés: 0/9
2026-06-12 03:05:20 | INFO | ✅ Grille extraite: shape=(64, 64), unique_colors=7
2026-06-12 03:05:20 | INFO | 🧠 Features: densité=0.999, sym_h=0.959, sym_v=0.914, clusters=11
2026-06-12 03:05:20 | INFO | 🎯 Action choisie: 4
2026-06-12 03:05:20 | INFO | 📥 Résultat: GameState.NOT_FINISHED
2026-06-12 03:05:20 | INFO | 
--- Action 199/200 ---
2026-06-12 03:05:20 | INFO | État: GameState.NOT_FINISHED
2026-06-12 03:05:20 | INFO | Niveaux complétés: 0/9
2026-06-12 03:05:20 | INFO | ✅ Grille extraite: shape=(64, 64), unique_colors=7
2026-06-12 03:05:20 | INFO | 🧠 Features: densité=0.999, sym_h=0.959, sym_v=0.914, clusters=11
2026-06-12 03:05:20 | INFO | 🎯 Action choisie: 3
2026-06-12 03:05:20 | INFO | 📥 Résultat: GameState.NOT_FINISHED
2026-06-12 03:05:20 | INFO | 
--- Action 200/200 ---
2026-06-12 03:05:20 | INFO | État: GameState.NOT_FINISHED
2026-06-12 03:05:20 | INFO | Niveaux complétés: 0/9
2026-06-12 03:05:20 | INFO | ✅ Grille extraite: shape=(64, 64), unique_colors=6
2026-06-12 03:05:20 | INFO | 🧠 Features: densité=0.999, sym_h=0.960, sym_v=0.914, clusters=11
2026-06-12 03:05:20 | INFO | 🎯 Action choisie: 4
2026-06-12 03:05:20 | INFO | 📥 Résultat: GameState.GAME_OVER
2026-06-12 03:05:20 | INFO | 💾 Logs forensiques sauvegardés dans: /home/lvx/LVX/lumvorax2/src/MAGEN/logs/forensic/v2_intelligent/wa30_ee6fef47
2026-06-12 03:05:20 | INFO | 
======================================================================
2026-06-12 03:05:20 | INFO | ✅ JEU TERMINÉ: wa30-ee6fef47
2026-06-12 03:05:20 | INFO |    Succès: False
2026-06-12 03:05:20 | INFO |    Niveaux: 0/9
2026-06-12 03:05:20 | INFO |    Actions: 200
2026-06-12 03:05:20 | INFO |    Durée: 9.14s
2026-06-12 03:05:20 | INFO | ======================================================================
🎮 Test 2/10: wa30-ee6fe:  20%|██        | 2/10 [00:10<00:47,  5.93s/jeu]🎮 Test 3/10: sk48-d8078:  20%|██        | 2/10 [00:10<00:47,  5.93s/jeu]2026-06-12 03:05:20 | INFO | 
======================================================================
2026-06-12 03:05:20 | INFO | 🎮 DÉMARRAGE JEU: sk48-d8078629
2026-06-12 03:05:20 | INFO | ======================================================================
2026-06-12 03:05:20 | INFO | 🔐 Forensic logging activé: /home/lvx/LVX/lumvorax2/src/MAGEN/logs/forensic/v2_intelligent/sk48_d8078629
2026-06-12 03:05:20 | INFO | 📦 Création environnement via Arcade.make('sk48-d8078629')...

[ARC Agent V2] 🧠 Exploitation: action 5
[ARC Agent V2] 🎲 Exploration: action 4
[ARC Agent V2] 🎲 Exploration: action 4
[ARC Agent V2] 🎲 Exploration: action 4
[ARC Agent V2] 🧠 Exploitation: action 4
[ARC Agent V2] 🧠 Exploitation: action 3
[ARC Agent V2] 🎲 Exploration: action 4
[ARC Agent V2] ✗ Échec. Exploration rate augmenté à 0.500
[SimpleLogger] Logger initialisé: /home/lvx/LVX/lumvorax2/src/MAGEN/logs/forensic/v2_intelligent/sk48_d8078629
INFO:arc_agi.scorecard:Initialized ScorecardManager with idle_for=0:15:00 and max_open_for=3 days, 0:00:00
2026-06-12 03:05:20 | INFO | Got anonymous API key: fee2247a-e127-4b29-b332-1dc021605bfe
2026-06-12 03:05:20 | INFO | Got anonymous API key: fee2247a-e127-4b29-b332-1dc021605bfe
2026-06-12 03:05:20 | INFO | You can register for an API key at https://three.arcprize.org
2026-06-12 03:05:20 | INFO | You can register for an API key at https://three.arcprize.org
2026-06-12 03:05:21 | INFO | Successfully fetched 25 environment(s) from API
2026-06-12 03:05:21 | INFO | Successfully fetched 25 environment(s) from API
2026-06-12 03:05:21 | INFO | Created new scorecard: a454f4c6-f01d-4b92-af13-8a3eb2333de9
2026-06-12 03:05:21 | INFO | Created new scorecard: a454f4c6-f01d-4b92-af13-8a3eb2333de9
2026-06-12 03:05:21 | INFO | Successfully fetched metadata for game sk48
2026-06-12 03:05:21 | INFO | Successfully fetched metadata for game sk48
2026-06-12 03:05:21 | INFO | Successfully loaded game class Sk48 from environment_files/sk48/d8078629/sk48.py
2026-06-12 03:05:21 | INFO | Successfully loaded game class Sk48 from environment_files/sk48/d8078629/sk48.py
2026-06-12 03:05:21 | INFO | ✅ Environnement créé: <class 'arc_agi.local_wrapper.LocalEnvironmentWrapper'>
2026-06-12 03:05:21 | INFO | 📊 État initial:
2026-06-12 03:05:21 | INFO |    game_id: sk48-d8078629
2026-06-12 03:05:21 | INFO |    state: GameState.NOT_FINISHED
2026-06-12 03:05:21 | INFO |    levels_completed: 0/8
2026-06-12 03:05:21 | INFO |    available_actions: [1, 2, 3, 4, 6, 7]
2026-06-12 03:05:21 | INFO | 
--- Action 1/200 ---
2026-06-12 03:05:21 | INFO | État: GameState.NOT_FINISHED
2026-06-12 03:05:21 | INFO | Niveaux complétés: 0/8
2026-06-12 03:05:21 | INFO | ✅ Grille extraite: shape=(64, 64), unique_colors=10
2026-06-12 03:05:21 | INFO | 🧠 Features: densité=0.994, sym_h=0.904, sym_v=0.463, clusters=24
2026-06-12 03:05:21 | INFO | 🎯 Action choisie: 7
2026-06-12 03:05:21 | INFO | 📥 Résultat: GameState.NOT_FINISHED
2026-06-12 03:05:21 | WARNING | ⚠️ Action 7 sans effet (état identique)
2026-06-12 03:05:21 | INFO | 
--- Action 2/200 ---
2026-06-12 03:05:21 | INFO | État: GameState.NOT_FINISHED
2026-06-12 03:05:21 | INFO | Niveaux complétés: 0/8
2026-06-12 03:05:21 | INFO | ✅ Grille extraite: shape=(64, 64), unique_colors=10
2026-06-12 03:05:21 | INFO | 🧠 Features: densité=0.994, sym_h=0.904, sym_v=0.463, clusters=24
2026-06-12 03:05:21 | INFO | 🎯 Action choisie: 7
2026-06-12 03:05:21 | INFO | 📥 Résultat: GameState.NOT_FINISHED
2026-06-12 03:05:21 | WARNING | ⚠️ Action 7 sans effet (état identique)
2026-06-12 03:05:21 | INFO | 
--- Action 3/200 ---
2026-06-12 03:05:21 | INFO | État: GameState.NOT_FINISHED
2026-06-12 03:05:21 | INFO | Niveaux complétés: 0/8
2026-06-12 03:05:21 | INFO | ✅ Grille extraite: shape=(64, 64), unique_colors=10
2026-06-12 03:05:21 | INFO | 🧠 Features: densité=0.994, sym_h=0.904, sym_v=0.463, clusters=24
2026-06-12 03:05:21 | INFO | 🎯 Action choisie: 7
2026-06-12 03:05:21 | INFO | 📥 Résultat: GameState.NOT_FINISHED
2026-06-12 03:05:21 | WARNING | ⚠️ Action 7 sans effet (état identique)
2026-06-12 03:05:21 | INFO | 
--- Action 4/200 ---
2026-06-12 03:05:21 | INFO | État: GameState.NOT_FINISHED
2026-06-12 03:05:21 | INFO | Niveaux complétés: 0/8
2026-06-12 03:05:21 | INFO | ✅ Grille extraite: shape=(64, 64), unique_colors=10
2026-06-12 03:05:21 | INFO | 🧠 Features: densité=0.994, sym_h=0.904, sym_v=0.463, clusters=24
2026-06-12 03:05:21 | INFO | 🎯 Action choisie: 1
2026-06-12 03:05:21 | INFO | 📥 Résultat: GameState.NOT_FINISHED
2026-06-12 03:05:21 | INFO | 
--- Action 5/200 ---
2026-06-12 03:05:21 | INFO | État: GameState.NOT_FINISHED
2026-06-12 03:05:21 | INFO | Niveaux complétés: 0/8
2026-06-12 03:05:21 | INFO | ✅ Grille extraite: shape=(64, 64), unique_colors=10
2026-06-12 03:05:21 | INFO | 🧠 Features: densité=0.994, sym_h=0.906, sym_v=0.461, clusters=24
2026-06-12 03:05:21 | INFO | 🎯 Action choisie: 7
2026-06-12 03:05:21 | INFO | 📥 Résultat: GameState.NOT_FINISHED
2026-06-12 03:05:21 | INFO | 
--- Action 6/200 ---
2026-06-12 03:05:21 | INFO | État: GameState.NOT_FINISHED
2026-06-12 03:05:21 | INFO | Niveaux complétés: 0/8
2026-06-12 03:05:21 | INFO | ✅ Grille extraite: shape=(64, 64), unique_colors=10
2026-06-12 03:05:21 | INFO | 🧠 Features: densité=0.994, sym_h=0.904, sym_v=0.463, clusters=24
2026-06-12 03:05:21 | INFO | 🎯 Action choisie: 7
2026-06-12 03:05:21 | INFO | 📥 Résultat: GameState.NOT_FINISHED
2026-06-12 03:05:21 | WARNING | ⚠️ Action 7 sans effet (état identique)
2026-06-12 03:05:21 | INFO | 
--- Action 7/200 ---
2026-06-12 03:05:21 | INFO | État: GameState.NOT_FINISHED
2026-06-12 03:05:21 | INFO | Niveaux complétés: 0/8
2026-06-12 03:05:21 | INFO | ✅ Grille extraite: shape=(64, 64), unique_colors=10
2026-06-12 03:05:21 | INFO | 🧠 Features: densité=0.994, sym_h=0.904, sym_v=0.463, clusters=24
2026-06-12 03:05:21 | INFO | 🎯 Action choisie: 1
2026-06-12 03:05:21 | INFO | 📥 Résultat: GameState.NOT_FINISHED
2026-06-12 03:05:21 | INFO | 
--- Action 8/200 ---
2026-06-12 03:05:21 | INFO | État: GameState.NOT_FINISHED
2026-06-12 03:05:21 | INFO | Niveaux complétés: 0/8
2026-06-12 03:05:21 | INFO | ✅ Grille extraite: shape=(64, 64), unique_colors=10
2026-06-12 03:05:21 | INFO | 🧠 Features: densité=0.994, sym_h=0.906, sym_v=0.461, clusters=24
2026-06-12 03:05:21 | INFO | 🎯 Action choisie: 4
2026-06-12 03:05:21 | INFO | 📥 Résultat: GameState.NOT_FINISHED
2026-06-12 03:05:21 | INFO | 
--- Action 9/200 ---
2026-06-12 03:05:21 | INFO | État: GameState.NOT_FINISHED
2026-06-12 03:05:21 | INFO | Niveaux complétés: 0/8
2026-06-12 03:05:21 | INFO | ✅ Grille extraite: shape=(64, 64), unique_colors=10
2026-06-12 03:05:22 | INFO | 🧠 Features: densité=0.994, sym_h=0.907, sym_v=0.465, clusters=25
2026-06-12 03:05:22 | INFO | 🎯 Action choisie: 1
2026-06-12 03:05:22 | INFO | 📥 Résultat: GameState.NOT_FINISHED
2026-06-12 03:05:22 | INFO | 
--- Action 10/200 ---
2026-06-12 03:05:22 | INFO | État: GameState.NOT_FINISHED
2026-06-12 03:05:22 | INFO | Niveaux complétés: 0/8
2026-06-12 03:05:22 | INFO | ✅ Grille extraite: shape=(64, 64), unique_colors=10
2026-06-12 03:05:22 | INFO | 🧠 Features: densité=0.994, sym_h=0.900, sym_v=0.458, clusters=26
2026-06-12 03:05:22 | INFO | 🎯 Action choisie: 2
2026-06-12 03:05:22 | INFO | 📥 Résultat: GameState.NOT_FINISHED
2026-06-12 03:05:22 | WARNING | ⚠️ Action 2 sans effet (état identique)
2026-06-12 03:05:22 | INFO | 
--- Action 11/200 ---
2026-06-12 03:05:22 | INFO | État: GameState.NOT_FINISHED
2026-06-12 03:05:22 | INFO | Niveaux complétés: 0/8
2026-06-12 03:05:22 | INFO | ✅ Grille extraite: shape=(64, 64), unique_colors=10
2026-06-12 03:05:22 | INFO | 🧠 Features: densité=0.994, sym_h=0.900, sym_v=0.458, clusters=26
2026-06-12 03:05:22 | INFO | 🎯 Action choisie: 7
2026-06-12 03:05:22 | INFO | 📥 Résultat: GameState.NOT_FINISHED
2026-06-12 03:05:22 | INFO | 
--- Action 12/200 ---
2026-06-12 03:05:22 | INFO | État: GameState.NOT_FINISHED
2026-06-12 03:05:22 | INFO | Niveaux complétés: 0/8
2026-06-12 03:05:22 | INFO | ✅ Grille extraite: shape=(64, 64), unique_colors=10
2026-06-12 03:05:22 | INFO | 🧠 Features: densité=0.994, sym_h=0.904, sym_v=0.455, clusters=26
2026-06-12 03:05:22 | INFO | 🎯 Action choisie: 4
2026-06-12 03:05:22 | INFO | 📥 Résultat: GameState.NOT_FINISHED
2026-06-12 03:05:22 | INFO | 
--- Action 13/200 ---
2026-06-12 03:05:22 | INFO | État: GameState.NOT_FINISHED
2026-06-12 03:05:22 | INFO | Niveaux complétés: 0/8
2026-06-12 03:05:22 | INFO | ✅ Grille extraite: shape=(64, 64), unique_colors=10
2026-06-12 03:05:22 | INFO | 🧠 Features: densité=0.994, sym_h=0.901, sym_v=0.452, clusters=27
2026-06-12 03:05:22 | INFO | 🎯 Action choisie: 4
2026-06-12 03:05:22 | INFO | 📥 Résultat: GameState.NOT_FINISHED
2026-06-12 03:05:22 | INFO | 
--- Action 14/200 ---
2026-06-12 03:05:22 | INFO | État: GameState.NOT_FINISHED
2026-06-12 03:05:22 | INFO | Niveaux complétés: 0/8
2026-06-12 03:05:22 | INFO | ✅ Grille extraite: shape=(64, 64), unique_colors=10
2026-06-12 03:05:22 | INFO | 🧠 Features: densité=0.994, sym_h=0.902, sym_v=0.446, clusters=30
2026-06-12 03:05:22 | INFO | 🎯 Action choisie: 7
2026-06-12 03:05:22 | INFO | 📥 Résultat: GameState.NOT_FINISHED
2026-06-12 03:05:22 | INFO | 
--- Action 15/200 ---
2026-06-12 03:05:22 | INFO | État: GameState.NOT_FINISHED
2026-06-12 03:05:22 | INFO | Niveaux complétés: 0/8
2026-06-12 03:05:22 | INFO | ✅ Grille extraite: shape=(64, 64), unique_colors=10
2026-06-12 03:05:22 | INFO | 🧠 Features: densité=0.994, sym_h=0.901, sym_v=0.449, clusters=29
2026-06-12 03:05:22 | INFO | 🎯 Action choisie: 1
2026-06-12 03:05:22 | INFO | 📥 Résultat: GameState.NOT_FINISHED
2026-06-12 03:05:22 | INFO | 
--- Action 16/200 ---
2026-06-12 03:05:22 | INFO | État: GameState.NOT_FINISHED
2026-06-12 03:05:22 | INFO | Niveaux complétés: 0/8
2026-06-12 03:05:22 | INFO | ✅ Grille extraite: shape=(64, 64), unique_colors=10
2026-06-12 03:05:22 | INFO | 🧠 Features: densité=0.994, sym_h=0.897, sym_v=0.451, clusters=29
2026-06-12 03:05:22 | INFO | 🎯 Action choisie: 7
2026-06-12 03:05:22 | INFO | 📥 Résultat: GameState.NOT_FINISHED
2026-06-12 03:05:22 | INFO | 
--- Action 17/200 ---
2026-06-12 03:05:22 | INFO | État: GameState.NOT_FINISHED
2026-06-12 03:05:22 | INFO | Niveaux complétés: 0/8
2026-06-12 03:05:22 | INFO | ✅ Grille extraite: shape=(64, 64), unique_colors=10
2026-06-12 03:05:22 | INFO | 🧠 Features: densité=0.994, sym_h=0.901, sym_v=0.449, clusters=29
2026-06-12 03:05:22 | INFO | 🎯 Action choisie: 1
2026-06-12 03:05:22 | INFO | 📥 Résultat: GameState.NOT_FINISHED
2026-06-12 03:05:22 | INFO | 
--- Action 18/200 ---
2026-06-12 03:05:22 | INFO | État: GameState.NOT_FINISHED
2026-06-12 03:05:22 | INFO | Niveaux complétés: 0/8
2026-06-12 03:05:22 | INFO | ✅ Grille extraite: shape=(64, 64), unique_colors=10
2026-06-12 03:05:22 | INFO | 🧠 Features: densité=0.994, sym_h=0.897, sym_v=0.451, clusters=29
2026-06-12 03:05:22 | INFO | 🎯 Action choisie: 4
2026-06-12 03:05:22 | INFO | 📥 Résultat: GameState.NOT_FINISHED
2026-06-12 03:05:22 | INFO | 
--- Action 19/200 ---
2026-06-12 03:05:22 | INFO | État: GameState.NOT_FINISHED
2026-06-12 03:05:22 | INFO | Niveaux complétés: 0/8
2026-06-12 03:05:22 | INFO | ✅ Grille extraite: shape=(64, 64), unique_colors=10
2026-06-12 03:05:22 | INFO | 🧠 Features: densité=0.994, sym_h=0.902, sym_v=0.469, clusters=30
2026-06-12 03:05:22 | INFO | 🎯 Action choisie: 1
2026-06-12 03:05:22 | INFO | 📥 Résultat: GameState.NOT_FINISHED
2026-06-12 03:05:22 | INFO | 
--- Action 20/200 ---
2026-06-12 03:05:22 | INFO | État: GameState.NOT_FINISHED
2026-06-12 03:05:22 | INFO | Niveaux complétés: 0/8
2026-06-12 03:05:22 | INFO | ✅ Grille extraite: shape=(64, 64), unique_colors=10
2026-06-12 03:05:22 | INFO | 🧠 Features: densité=0.994, sym_h=0.899, sym_v=0.469, clusters=31
2026-06-12 03:05:22 | INFO | 🎯 Action choisie: 6
2026-06-12 03:05:22 | INFO | 📥 Résultat: GameState.NOT_FINISHED
2026-06-12 03:05:22 | INFO | 
--- Action 21/200 ---
2026-06-12 03:05:22 | INFO | État: GameState.NOT_FINISHED
2026-06-12 03:05:22 | INFO | Niveaux complétés: 0/8
2026-06-12 03:05:22 | INFO | ✅ Grille extraite: shape=(64, 64), unique_colors=10
2026-06-12 03:05:22 | INFO | 🧠 Features: densité=0.994, sym_h=0.897, sym_v=0.467, clusters=31
2026-06-12 03:05:22 | INFO | 🎯 Action choisie: 4
2026-06-12 03:05:22 | INFO | 📥 Résultat: GameState.NOT_FINISHED
2026-06-12 03:05:22 | INFO | 
--- Action 22/200 ---
2026-06-12 03:05:22 | INFO | État: GameState.NOT_FINISHED
2026-06-12 03:05:22 | INFO | Niveaux complétés: 0/8
2026-06-12 03:05:22 | INFO | ✅ Grille extraite: shape=(64, 64), unique_colors=10
2026-06-12 03:05:22 | INFO | 🧠 Features: densité=0.994, sym_h=0.898, sym_v=0.467, clusters=32
2026-06-12 03:05:22 | INFO | 🎯 Action choisie: 4
2026-06-12 03:05:22 | INFO | 📥 Résultat: GameState.NOT_FINISHED
2026-06-12 03:05:22 | INFO | 
--- Action 23/200 ---
2026-06-12 03:05:22 | INFO | État: GameState.NOT_FINISHED
2026-06-12 03:05:22 | INFO | Niveaux complétés: 0/8
2026-06-12 03:05:22 | INFO | ✅ Grille extraite: shape=(64, 64), unique_colors=10
2026-06-12 03:05:22 | INFO | 🧠 Features: densité=0.994, sym_h=0.898, sym_v=0.467, clusters=34
2026-06-12 03:05:22 | INFO | 🎯 Action choisie: 4
2026-06-12 03:05:22 | INFO | 📥 Résultat: GameState.NOT_FINISHED
2026-06-12 03:05:22 | WARNING | ⚠️ Action 4 sans effet (état identique)
2026-06-12 03:05:22 | INFO | 
--- Action 24/200 ---
2026-06-12 03:05:22 | INFO | État: GameState.NOT_FINISHED
2026-06-12 03:05:22 | INFO | Niveaux complétés: 0/8
2026-06-12 03:05:22 | INFO | ✅ Grille extraite: shape=(64, 64), unique_colors=10
2026-06-12 03:05:22 | INFO | 🧠 Features: densité=0.994, sym_h=0.898, sym_v=0.467, clusters=34
2026-06-12 03:05:22 | INFO | 🎯 Action choisie: 7
2026-06-12 03:05:22 | INFO | 📥 Résultat: GameState.NOT_FINISHED
2026-06-12 03:05:22 | INFO | 
--- Action 25/200 ---
2026-06-12 03:05:22 | INFO | État: GameState.NOT_FINISHED
2026-06-12 03:05:22 | INFO | Niveaux complétés: 0/8
2026-06-12 03:05:22 | INFO | ✅ Grille extraite: shape=(64, 64), unique_colors=10
2026-06-12 03:05:22 | INFO | 🧠 Features: densité=0.994, sym_h=0.896, sym_v=0.467, clusters=31
2026-06-12 03:05:22 | INFO | 🎯 Action choisie: 2
2026-06-12 03:05:22 | INFO | 📥 Résultat: GameState.NOT_FINISHED
2026-06-12 03:05:22 | INFO | 
--- Action 26/200 ---
2026-06-12 03:05:22 | INFO | État: GameState.NOT_FINISHED
2026-06-12 03:05:22 | INFO | Niveaux complétés: 0/8
2026-06-12 03:05:22 | INFO | ✅ Grille extraite: shape=(64, 64), unique_colors=10
2026-06-12 03:05:22 | INFO | 🧠 Features: densité=0.994, sym_h=0.898, sym_v=0.469, clusters=31
2026-06-12 03:05:22 | INFO | 🎯 Action choisie: 2
2026-06-12 03:05:22 | INFO | 📥 Résultat: GameState.NOT_FINISHED
2026-06-12 03:05:22 | INFO | 
--- Action 27/200 ---
2026-06-12 03:05:22 | INFO | État: GameState.NOT_FINISHED
2026-06-12 03:05:22 | INFO | Niveaux complétés: 0/8
2026-06-12 03:05:22 | INFO | ✅ Grille extraite: shape=(64, 64), unique_colors=10
2026-06-12 03:05:22 | INFO | 🧠 Features: densité=0.994, sym_h=0.898, sym_v=0.445, clusters=31
2026-06-12 03:05:22 | INFO | 🎯 Action choisie: 6
2026-06-12 03:05:22 | INFO | 📥 Résultat: GameState.NOT_FINISHED
2026-06-12 03:05:22 | INFO | 
--- Action 28/200 ---
2026-06-12 03:05:22 | INFO | État: GameState.NOT_FINISHED
2026-06-12 03:05:22 | INFO | Niveaux complétés: 0/8
2026-06-12 03:05:22 | INFO | ✅ Grille extraite: shape=(64, 64), unique_colors=10
2026-06-12 03:05:22 | INFO | 🧠 Features: densité=0.994, sym_h=0.902, sym_v=0.443, clusters=31
2026-06-12 03:05:22 | INFO | 🎯 Action choisie: 1
2026-06-12 03:05:22 | INFO | 📥 Résultat: GameState.NOT_FINISHED
2026-06-12 03:05:22 | INFO | 
--- Action 29/200 ---
2026-06-12 03:05:22 | INFO | État: GameState.NOT_FINISHED
2026-06-12 03:05:22 | INFO | Niveaux complétés: 0/8
2026-06-12 03:05:22 | INFO | ✅ Grille extraite: shape=(64, 64), unique_colors=10
2026-06-12 03:05:22 | INFO | 🧠 Features: densité=0.994, sym_h=0.898, sym_v=0.445, clusters=31
2026-06-12 03:05:22 | INFO | 🎯 Action choisie: 3
2026-06-12 03:05:22 | INFO | 📥 Résultat: GameState.NOT_FINISHED
2026-06-12 03:05:22 | INFO | 
--- Action 30/200 ---
2026-06-12 03:05:22 | INFO | État: GameState.NOT_FINISHED
2026-06-12 03:05:22 | INFO | Niveaux complétés: 0/8
2026-06-12 03:05:22 | INFO | ✅ Grille extraite: shape=(64, 64), unique_colors=10
2026-06-12 03:05:22 | INFO | 🧠 Features: densité=0.994, sym_h=0.901, sym_v=0.469, clusters=30
2026-06-12 03:05:22 | INFO | 🎯 Action choisie: 4
2026-06-12 03:05:22 | INFO | 📥 Résultat: GameState.NOT_FINISHED
2026-06-12 03:05:22 | INFO | 
--- Action 31/200 ---
2026-06-12 03:05:22 | INFO | État: GameState.NOT_FINISHED
2026-06-12 03:05:22 | INFO | Niveaux complétés: 0/8
2026-06-12 03:05:22 | INFO | ✅ Grille extraite: shape=(64, 64), unique_colors=10
2026-06-12 03:05:22 | INFO | 🧠 Features: densité=0.994, sym_h=0.900, sym_v=0.469, clusters=30
2026-06-12 03:05:22 | INFO | 🎯 Action choisie: 3
2026-06-12 03:05:22 | INFO | 📥 Résultat: GameState.NOT_FINISHED
2026-06-12 03:05:22 | WARNING | ⚠️ Action 3 sans effet (état identique)
2026-06-12 03:05:22 | INFO | 
--- Action 32/200 ---
2026-06-12 03:05:22 | INFO | État: GameState.NOT_FINISHED
2026-06-12 03:05:22 | INFO | Niveaux complétés: 0/8
2026-06-12 03:05:22 | INFO | ✅ Grille extraite: shape=(64, 64), unique_colors=10
2026-06-12 03:05:22 | INFO | 🧠 Features: densité=0.994, sym_h=0.900, sym_v=0.469, clusters=30
2026-06-12 03:05:22 | INFO | 🎯 Action choisie: 2
2026-06-12 03:05:22 | INFO | 📥 Résultat: GameState.NOT_FINISHED
2026-06-12 03:05:22 | INFO | 
--- Action 33/200 ---
2026-06-12 03:05:22 | INFO | État: GameState.NOT_FINISHED
2026-06-12 03:05:22 | INFO | Niveaux complétés: 0/8
2026-06-12 03:05:22 | INFO | ✅ Grille extraite: shape=(64, 64), unique_colors=10
2026-06-12 03:05:22 | INFO | 🧠 Features: densité=0.994, sym_h=0.896, sym_v=0.451, clusters=29
2026-06-12 03:05:22 | INFO | 🎯 Action choisie: 3
2026-06-12 03:05:23 | INFO | 📥 Résultat: GameState.NOT_FINISHED
2026-06-12 03:05:23 | INFO | 
--- Action 34/200 ---
2026-06-12 03:05:23 | INFO | État: GameState.NOT_FINISHED
2026-06-12 03:05:23 | INFO | Niveaux complétés: 0/8
2026-06-12 03:05:23 | INFO | ✅ Grille extraite: shape=(64, 64), unique_colors=10
2026-06-12 03:05:23 | INFO | 🧠 Features: densité=0.994, sym_h=0.898, sym_v=0.452, clusters=28
2026-06-12 03:05:23 | INFO | 🎯 Action choisie: 3
2026-06-12 03:05:23 | INFO | 📥 Résultat: GameState.NOT_FINISHED
2026-06-12 03:05:23 | INFO | 
--- Action 35/200 ---
2026-06-12 03:05:23 | INFO | État: GameState.NOT_FINISHED
2026-06-12 03:05:23 | INFO | Niveaux complétés: 0/8
2026-06-12 03:05:23 | INFO | ✅ Grille extraite: shape=(64, 64), unique_colors=10
2026-06-12 03:05:23 | INFO | 🧠 Features: densité=0.994, sym_h=0.904, sym_v=0.458, clusters=26
2026-06-12 03:05:23 | INFO | 🎯 Action choisie: 3
2026-06-12 03:05:23 | INFO | 📥 Résultat: GameState.NOT_FINISHED
2026-06-12 03:05:23 | INFO | 
--- Action 36/200 ---
2026-06-12 03:05:23 | INFO | État: GameState.NOT_FINISHED
2026-06-12 03:05:23 | INFO | Niveaux complétés: 0/8
2026-06-12 03:05:23 | INFO | ✅ Grille extraite: shape=(64, 64), unique_colors=10
2026-06-12 03:05:23 | INFO | 🧠 Features: densité=0.994, sym_h=0.908, sym_v=0.464, clusters=24
2026-06-12 03:05:23 | INFO | 🎯 Action choisie: 4
2026-06-12 03:05:23 | INFO | 📥 Résultat: GameState.NOT_FINISHED
2026-06-12 03:05:23 | INFO | 
--- Action 37/200 ---
2026-06-12 03:05:23 | INFO | État: GameState.NOT_FINISHED
2026-06-12 03:05:23 | INFO | Niveaux complétés: 0/8
2026-06-12 03:05:23 | INFO | ✅ Grille extraite: shape=(64, 64), unique_colors=10
2026-06-12 03:05:23 | INFO | 🧠 Features: densité=0.994, sym_h=0.907, sym_v=0.464, clusters=24
2026-06-12 03:05:23 | INFO | 🎯 Action choisie: 3
2026-06-12 03:05:23 | INFO | 📥 Résultat: GameState.NOT_FINISHED
2026-06-12 03:05:23 | WARNING | ⚠️ Action 3 sans effet (état identique)
2026-06-12 03:05:23 | INFO | 
--- Action 38/200 ---
2026-06-12 03:05:23 | INFO | État: GameState.NOT_FINISHED
2026-06-12 03:05:23 | INFO | Niveaux complétés: 0/8
2026-06-12 03:05:23 | INFO | ✅ Grille extraite: shape=(64, 64), unique_colors=10
2026-06-12 03:05:23 | INFO | 🧠 Features: densité=0.994, sym_h=0.907, sym_v=0.464, clusters=24
2026-06-12 03:05:23 | INFO | 🎯 Action choisie: 1
2026-06-12 03:05:23 | INFO | 📥 Résultat: GameState.NOT_FINISHED
2026-06-12 03:05:23 | INFO | 
--- Action 39/200 ---
2026-06-12 03:05:23 | INFO | État: GameState.NOT_FINISHED
2026-06-12 03:05:23 | INFO | Niveaux complétés: 0/8
2026-06-12 03:05:23 | INFO | ✅ Grille extraite: shape=(64, 64), unique_colors=10
2026-06-12 03:05:23 | INFO | 🧠 Features: densité=0.994, sym_h=0.908, sym_v=0.469, clusters=23
2026-06-12 03:05:23 | INFO | 🎯 Action choisie: 3
2026-06-12 03:05:23 | INFO | 📥 Résultat: GameState.NOT_FINISHED
2026-06-12 03:05:23 | INFO | 
--- Action 40/200 ---
2026-06-12 03:05:23 | INFO | État: GameState.NOT_FINISHED
2026-06-12 03:05:23 | INFO | Niveaux complétés: 0/8
2026-06-12 03:05:23 | INFO | ✅ Grille extraite: shape=(64, 64), unique_colors=10
2026-06-12 03:05:23 | INFO | 🧠 Features: densité=0.994, sym_h=0.908, sym_v=0.469, clusters=23
2026-06-12 03:05:23 | INFO | 🎯 Action choisie: 6
2026-06-12 03:05:23 | INFO | 📥 Résultat: GameState.NOT_FINISHED
2026-06-12 03:05:23 | WARNING | ⚠️ Action 6 sans effet (état identique)
2026-06-12 03:05:23 | INFO | 
--- Action 41/200 ---
2026-06-12 03:05:23 | INFO | État: GameState.NOT_FINISHED
2026-06-12 03:05:23 | INFO | Niveaux complétés: 0/8
2026-06-12 03:05:23 | INFO | ✅ Grille extraite: shape=(64, 64), unique_colors=10
2026-06-12 03:05:23 | INFO | 🧠 Features: densité=0.994, sym_h=0.908, sym_v=0.469, clusters=23
2026-06-12 03:05:23 | INFO | 🎯 Action choisie: 6
2026-06-12 03:05:23 | INFO | 📥 Résultat: GameState.NOT_FINISHED
2026-06-12 03:05:23 | WARNING | ⚠️ Action 6 sans effet (état identique)
2026-06-12 03:05:23 | INFO | 
--- Action 42/200 ---
2026-06-12 03:05:23 | INFO | État: GameState.NOT_FINISHED
2026-06-12 03:05:23 | INFO | Niveaux complétés: 0/8
2026-06-12 03:05:23 | INFO | ✅ Grille extraite: shape=(64, 64), unique_colors=10
2026-06-12 03:05:23 | INFO | 🧠 Features: densité=0.994, sym_h=0.908, sym_v=0.469, clusters=23
2026-06-12 03:05:23 | INFO | 🎯 Action choisie: 7
2026-06-12 03:05:23 | INFO | 📥 Résultat: GameState.NOT_FINISHED
2026-06-12 03:05:23 | INFO | 
--- Action 43/200 ---
2026-06-12 03:05:23 | INFO | État: GameState.NOT_FINISHED
2026-06-12 03:05:23 | INFO | Niveaux complétés: 0/8
2026-06-12 03:05:23 | INFO | ✅ Grille extraite: shape=(64, 64), unique_colors=10
2026-06-12 03:05:23 | INFO | 🧠 Features: densité=0.994, sym_h=0.908, sym_v=0.467, clusters=23
2026-06-12 03:05:23 | INFO | 🎯 Action choisie: 6
2026-06-12 03:05:23 | INFO | 📥 Résultat: GameState.NOT_FINISHED
2026-06-12 03:05:23 | WARNING | ⚠️ Action 6 sans effet (état identique)
2026-06-12 03:05:23 | INFO | 
--- Action 44/200 ---
2026-06-12 03:05:23 | INFO | État: GameState.NOT_FINISHED
2026-06-12 03:05:23 | INFO | Niveaux complétés: 0/8
2026-06-12 03:05:23 | INFO | ✅ Grille extraite: shape=(64, 64), unique_colors=10
2026-06-12 03:05:23 | INFO | 🧠 Features: densité=0.994, sym_h=0.908, sym_v=0.467, clusters=23
2026-06-12 03:05:23 | INFO | 🎯 Action choisie: 3
2026-06-12 03:05:23 | INFO | 📥 Résultat: GameState.NOT_FINISHED
2026-06-12 03:05:23 | WARNING | ⚠️ Action 3 sans effet (état identique)
2026-06-12 03:05:23 | INFO | 
--- Action 45/200 ---
2026-06-12 03:05:23 | INFO | État: GameState.NOT_FINISHED
2026-06-12 03:05:23 | INFO | Niveaux complétés: 0/8
2026-06-12 03:05:23 | INFO | ✅ Grille extraite: shape=(64, 64), unique_colors=10
2026-06-12 03:05:23 | INFO | 🧠 Features: densité=0.994, sym_h=0.908, sym_v=0.467, clusters=23
2026-06-12 03:05:23 | INFO | 🎯 Action choisie: 3
2026-06-12 03:05:23 | INFO | 📥 Résultat: GameState.NOT_FINISHED
2026-06-12 03:05:23 | WARNING | ⚠️ Action 3 sans effet (état identique)
2026-06-12 03:05:23 | INFO | 
--- Action 46/200 ---
2026-06-12 03:05:23 | INFO | État: GameState.NOT_FINISHED
2026-06-12 03:05:23 | INFO | Niveaux complétés: 0/8
2026-06-12 03:05:23 | INFO | ✅ Grille extraite: shape=(64, 64), unique_colors=10
2026-06-12 03:05:23 | INFO | 🧠 Features: densité=0.994, sym_h=0.908, sym_v=0.467, clusters=23
2026-06-12 03:05:23 | INFO | 🎯 Action choisie: 3
2026-06-12 03:05:23 | INFO | 📥 Résultat: GameState.NOT_FINISHED
2026-06-12 03:05:23 | INFO | 
--- Action 47/200 ---
2026-06-12 03:05:23 | INFO | État: GameState.NOT_FINISHED
2026-06-12 03:05:23 | INFO | Niveaux complétés: 0/8
2026-06-12 03:05:23 | INFO | ✅ Grille extraite: shape=(64, 64), unique_colors=10
2026-06-12 03:05:23 | INFO | 🧠 Features: densité=0.994, sym_h=0.907, sym_v=0.467, clusters=23
2026-06-12 03:05:23 | INFO | 🎯 Action choisie: 2
2026-06-12 03:05:23 | INFO | 📥 Résultat: GameState.NOT_FINISHED
2026-06-12 03:05:23 | INFO | 
--- Action 48/200 ---
2026-06-12 03:05:23 | INFO | État: GameState.NOT_FINISHED
2026-06-12 03:05:23 | INFO | Niveaux complétés: 0/8
2026-06-12 03:05:23 | INFO | ✅ Grille extraite: shape=(64, 64), unique_colors=10
2026-06-12 03:05:23 | INFO | 🧠 Features: densité=0.994, sym_h=0.907, sym_v=0.470, clusters=23
2026-06-12 03:05:23 | INFO | 🎯 Action choisie: 2
2026-06-12 03:05:23 | INFO | 📥 Résultat: GameState.NOT_FINISHED
2026-06-12 03:05:23 | INFO | 
--- Action 49/200 ---
2026-06-12 03:05:23 | INFO | État: GameState.NOT_FINISHED
2026-06-12 03:05:23 | INFO | Niveaux complétés: 0/8
2026-06-12 03:05:23 | INFO | ✅ Grille extraite: shape=(64, 64), unique_colors=10
2026-06-12 03:05:23 | INFO | 🧠 Features: densité=0.994, sym_h=0.907, sym_v=0.467, clusters=23
2026-06-12 03:05:23 | INFO | 🎯 Action choisie: 1
2026-06-12 03:05:23 | INFO | 📥 Résultat: GameState.NOT_FINISHED
2026-06-12 03:05:23 | INFO | 
--- Action 50/200 ---
2026-06-12 03:05:23 | INFO | État: GameState.NOT_FINISHED
2026-06-12 03:05:23 | INFO | Niveaux complétés: 0/8
2026-06-12 03:05:23 | INFO | ✅ Grille extraite: shape=(64, 64), unique_colors=10
2026-06-12 03:05:23 | INFO | 🧠 Features: densité=0.994, sym_h=0.907, sym_v=0.467, clusters=23
2026-06-12 03:05:23 | INFO | 🎯 Action choisie: 2
2026-06-12 03:05:23 | INFO | 📥 Résultat: GameState.NOT_FINISHED
2026-06-12 03:05:23 | WARNING | ⚠️ Action 2 sans effet (état identique)
2026-06-12 03:05:23 | INFO | 
--- Action 51/200 ---
2026-06-12 03:05:23 | INFO | État: GameState.NOT_FINISHED
2026-06-12 03:05:23 | INFO | Niveaux complétés: 0/8
2026-06-12 03:05:23 | INFO | ✅ Grille extraite: shape=(64, 64), unique_colors=10
2026-06-12 03:05:23 | INFO | 🧠 Features: densité=0.994, sym_h=0.907, sym_v=0.467, clusters=23
2026-06-12 03:05:23 | INFO | 🎯 Action choisie: 1
2026-06-12 03:05:23 | INFO | 📥 Résultat: GameState.NOT_FINISHED
2026-06-12 03:05:23 | WARNING | ⚠️ Action 1 sans effet (état identique)
2026-06-12 03:05:23 | INFO | 
--- Action 52/200 ---
2026-06-12 03:05:23 | INFO | État: GameState.NOT_FINISHED
2026-06-12 03:05:23 | INFO | Niveaux complétés: 0/8
2026-06-12 03:05:23 | INFO | ✅ Grille extraite: shape=(64, 64), unique_colors=10
2026-06-12 03:05:23 | INFO | 🧠 Features: densité=0.994, sym_h=0.907, sym_v=0.467, clusters=23
2026-06-12 03:05:23 | INFO | 🎯 Action choisie: 6
2026-06-12 03:05:23 | INFO | 📥 Résultat: GameState.NOT_FINISHED
2026-06-12 03:05:23 | INFO | 
--- Action 53/200 ---
2026-06-12 03:05:23 | INFO | État: GameState.NOT_FINISHED
2026-06-12 03:05:23 | INFO | Niveaux complétés: 0/8
2026-06-12 03:05:23 | INFO | ✅ Grille extraite: shape=(64, 64), unique_colors=10
2026-06-12 03:05:23 | INFO | 🧠 Features: densité=0.994, sym_h=0.907, sym_v=0.474, clusters=23
2026-06-12 03:05:23 | INFO | 🎯 Action choisie: 6
2026-06-12 03:05:23 | INFO | 📥 Résultat: GameState.NOT_FINISHED
2026-06-12 03:05:23 | WARNING | ⚠️ Action 6 sans effet (état identique)
2026-06-12 03:05:23 | INFO | 
--- Action 54/200 ---
2026-06-12 03:05:23 | INFO | État: GameState.NOT_FINISHED
2026-06-12 03:05:23 | INFO | Niveaux complétés: 0/8
2026-06-12 03:05:23 | INFO | ✅ Grille extraite: shape=(64, 64), unique_colors=10
2026-06-12 03:05:23 | INFO | 🧠 Features: densité=0.994, sym_h=0.907, sym_v=0.474, clusters=23
2026-06-12 03:05:23 | INFO | 🎯 Action choisie: 1
2026-06-12 03:05:23 | INFO | 📥 Résultat: GameState.NOT_FINISHED
2026-06-12 03:05:23 | INFO | 
--- Action 55/200 ---
2026-06-12 03:05:23 | INFO | État: GameState.NOT_FINISHED
2026-06-12 03:05:23 | INFO | Niveaux complétés: 0/8
2026-06-12 03:05:23 | INFO | ✅ Grille extraite: shape=(64, 64), unique_colors=10
2026-06-12 03:05:23 | INFO | 🧠 Features: densité=0.994, sym_h=0.906, sym_v=0.470, clusters=23
2026-06-12 03:05:23 | INFO | 🎯 Action choisie: 6
2026-06-12 03:05:23 | INFO | 📥 Résultat: GameState.NOT_FINISHED
2026-06-12 03:05:23 | INFO | 
--- Action 56/200 ---
2026-06-12 03:05:23 | INFO | État: GameState.NOT_FINISHED
2026-06-12 03:05:23 | INFO | Niveaux complétés: 0/8
2026-06-12 03:05:23 | INFO | ✅ Grille extraite: shape=(64, 64), unique_colors=10
2026-06-12 03:05:23 | INFO | 🧠 Features: densité=0.994, sym_h=0.906, sym_v=0.467, clusters=23
2026-06-12 03:05:23 | INFO | 🎯 Action choisie: 6
2026-06-12 03:05:23 | INFO | 📥 Résultat: GameState.NOT_FINISHED
2026-06-12 03:05:23 | WARNING | ⚠️ Action 6 sans effet (état identique)
2026-06-12 03:05:23 | INFO | 
--- Action 57/200 ---
2026-06-12 03:05:23 | INFO | État: GameState.NOT_FINISHED
2026-06-12 03:05:23 | INFO | Niveaux complétés: 0/8
2026-06-12 03:05:23 | INFO | ✅ Grille extraite: shape=(64, 64), unique_colors=10
2026-06-12 03:05:23 | INFO | 🧠 Features: densité=0.994, sym_h=0.906, sym_v=0.467, clusters=23
2026-06-12 03:05:23 | INFO | 🎯 Action choisie: 1
2026-06-12 03:05:23 | INFO | 📥 Résultat: GameState.NOT_FINISHED
2026-06-12 03:05:23 | INFO | 
--- Action 58/200 ---
2026-06-12 03:05:23 | INFO | État: GameState.NOT_FINISHED
2026-06-12 03:05:23 | INFO | Niveaux complétés: 0/8
2026-06-12 03:05:24 | INFO | ✅ Grille extraite: shape=(64, 64), unique_colors=10
2026-06-12 03:05:24 | INFO | 🧠 Features: densité=0.994, sym_h=0.906, sym_v=0.469, clusters=23
2026-06-12 03:05:24 | INFO | 🎯 Action choisie: 3
2026-06-12 03:05:24 | INFO | 📥 Résultat: GameState.NOT_FINISHED
2026-06-12 03:05:24 | INFO | 
--- Action 59/200 ---
2026-06-12 03:05:24 | INFO | État: GameState.NOT_FINISHED
2026-06-12 03:05:24 | INFO | Niveaux complétés: 0/8
2026-06-12 03:05:24 | INFO | ✅ Grille extraite: shape=(64, 64), unique_colors=10
2026-06-12 03:05:24 | INFO | 🧠 Features: densité=0.994, sym_h=0.906, sym_v=0.469, clusters=23
2026-06-12 03:05:24 | INFO | 🎯 Action choisie: 3
2026-06-12 03:05:24 | INFO | 📥 Résultat: GameState.NOT_FINISHED
2026-06-12 03:05:24 | INFO | 
--- Action 60/200 ---
2026-06-12 03:05:24 | INFO | État: GameState.NOT_FINISHED
2026-06-12 03:05:24 | INFO | Niveaux complétés: 0/8
2026-06-12 03:05:24 | INFO | ✅ Grille extraite: shape=(64, 64), unique_colors=10
2026-06-12 03:05:24 | INFO | 🧠 Features: densité=0.994, sym_h=0.906, sym_v=0.469, clusters=23
2026-06-12 03:05:24 | INFO | 🎯 Action choisie: 7
2026-06-12 03:05:24 | INFO | 📥 Résultat: GameState.NOT_FINISHED
2026-06-12 03:05:24 | INFO | 
--- Action 61/200 ---
2026-06-12 03:05:24 | INFO | État: GameState.NOT_FINISHED
2026-06-12 03:05:24 | INFO | Niveaux complétés: 0/8
2026-06-12 03:05:24 | INFO | ✅ Grille extraite: shape=(64, 64), unique_colors=10
2026-06-12 03:05:24 | INFO | 🧠 Features: densité=0.994, sym_h=0.906, sym_v=0.467, clusters=23
2026-06-12 03:05:24 | INFO | 🎯 Action choisie: 4
2026-06-12 03:05:24 | INFO | 📥 Résultat: GameState.NOT_FINISHED
2026-06-12 03:05:24 | INFO | 
--- Action 62/200 ---
2026-06-12 03:05:24 | INFO | État: GameState.NOT_FINISHED
2026-06-12 03:05:24 | INFO | Niveaux complétés: 0/8
2026-06-12 03:05:24 | INFO | ✅ Grille extraite: shape=(64, 64), unique_colors=10
2026-06-12 03:05:24 | INFO | 🧠 Features: densité=0.994, sym_h=0.905, sym_v=0.464, clusters=24
2026-06-12 03:05:24 | INFO | 🎯 Action choisie: 7
2026-06-12 03:05:24 | INFO | 📥 Résultat: GameState.NOT_FINISHED
2026-06-12 03:05:24 | INFO | 
--- Action 63/200 ---
2026-06-12 03:05:24 | INFO | État: GameState.NOT_FINISHED
2026-06-12 03:05:24 | INFO | Niveaux complétés: 0/8
2026-06-12 03:05:24 | INFO | ✅ Grille extraite: shape=(64, 64), unique_colors=10
2026-06-12 03:05:24 | INFO | 🧠 Features: densité=0.994, sym_h=0.906, sym_v=0.467, clusters=23
2026-06-12 03:05:24 | INFO | 🎯 Action choisie: 1
2026-06-12 03:05:24 | INFO | 📥 Résultat: GameState.NOT_FINISHED
2026-06-12 03:05:24 | INFO | 
--- Action 64/200 ---
2026-06-12 03:05:24 | INFO | État: GameState.NOT_FINISHED
2026-06-12 03:05:24 | INFO | Niveaux complétés: 0/8
2026-06-12 03:05:24 | INFO | ✅ Grille extraite: shape=(64, 64), unique_colors=10
2026-06-12 03:05:24 | INFO | 🧠 Features: densité=0.994, sym_h=0.906, sym_v=0.469, clusters=23
2026-06-12 03:05:24 | INFO | 🎯 Action choisie: 7
2026-06-12 03:05:24 | INFO | 📥 Résultat: GameState.NOT_FINISHED
2026-06-12 03:05:24 | INFO | 
--- Action 65/200 ---
2026-06-12 03:05:24 | INFO | État: GameState.NOT_FINISHED
2026-06-12 03:05:24 | INFO | Niveaux complétés: 0/8
2026-06-12 03:05:24 | INFO | ✅ Grille extraite: shape=(64, 64), unique_colors=10
2026-06-12 03:05:24 | INFO | 🧠 Features: densité=0.994, sym_h=0.906, sym_v=0.467, clusters=23
2026-06-12 03:05:24 | INFO | 🎯 Action choisie: 3
2026-06-12 03:05:24 | INFO | 📥 Résultat: GameState.NOT_FINISHED
2026-06-12 03:05:24 | INFO | 
--- Action 66/200 ---
2026-06-12 03:05:24 | INFO | État: GameState.NOT_FINISHED
2026-06-12 03:05:24 | INFO | Niveaux complétés: 0/8
2026-06-12 03:05:24 | INFO | ✅ Grille extraite: shape=(64, 64), unique_colors=10
2026-06-12 03:05:24 | INFO | 🧠 Features: densité=0.994, sym_h=0.905, sym_v=0.467, clusters=23
2026-06-12 03:05:24 | INFO | 🎯 Action choisie: 6
2026-06-12 03:05:24 | INFO | 📥 Résultat: GameState.NOT_FINISHED
2026-06-12 03:05:24 | WARNING | ⚠️ Action 6 sans effet (état identique)
2026-06-12 03:05:24 | INFO | 
--- Action 67/200 ---
2026-06-12 03:05:24 | INFO | État: GameState.NOT_FINISHED
2026-06-12 03:05:24 | INFO | Niveaux complétés: 0/8
2026-06-12 03:05:24 | INFO | ✅ Grille extraite: shape=(64, 64), unique_colors=10
2026-06-12 03:05:24 | INFO | 🧠 Features: densité=0.994, sym_h=0.905, sym_v=0.467, clusters=23
2026-06-12 03:05:24 | INFO | 🎯 Action choisie: 1
2026-06-12 03:05:24 | INFO | 📥 Résultat: GameState.NOT_FINISHED
2026-06-12 03:05:24 | INFO | 
--- Action 68/200 ---
2026-06-12 03:05:24 | INFO | État: GameState.NOT_FINISHED
2026-06-12 03:05:24 | INFO | Niveaux complétés: 0/8
2026-06-12 03:05:24 | INFO | ✅ Grille extraite: shape=(64, 64), unique_colors=10
2026-06-12 03:05:24 | INFO | 🧠 Features: densité=0.994, sym_h=0.905, sym_v=0.469, clusters=23
2026-06-12 03:05:24 | INFO | 🎯 Action choisie: 4
2026-06-12 03:05:24 | INFO | 📥 Résultat: GameState.NOT_FINISHED
2026-06-12 03:05:24 | INFO | 
--- Action 69/200 ---
2026-06-12 03:05:24 | INFO | État: GameState.NOT_FINISHED
2026-06-12 03:05:24 | INFO | Niveaux complétés: 0/8
2026-06-12 03:05:24 | INFO | ✅ Grille extraite: shape=(64, 64), unique_colors=10
2026-06-12 03:05:24 | INFO | 🧠 Features: densité=0.994, sym_h=0.904, sym_v=0.469, clusters=24
2026-06-12 03:05:24 | INFO | 🎯 Action choisie: 3
2026-06-12 03:05:24 | INFO | 📥 Résultat: GameState.NOT_FINISHED
2026-06-12 03:05:24 | INFO | 
--- Action 70/200 ---
2026-06-12 03:05:24 | INFO | État: GameState.NOT_FINISHED
2026-06-12 03:05:24 | INFO | Niveaux complétés: 0/8
2026-06-12 03:05:24 | INFO | ✅ Grille extraite: shape=(64, 64), unique_colors=10
2026-06-12 03:05:24 | INFO | 🧠 Features: densité=0.994, sym_h=0.904, sym_v=0.469, clusters=24
2026-06-12 03:05:24 | INFO | 🎯 Action choisie: 4
2026-06-12 03:05:24 | INFO | 📥 Résultat: GameState.NOT_FINISHED
2026-06-12 03:05:24 | WARNING | ⚠️ Action 4 sans effet (état identique)
2026-06-12 03:05:24 | INFO | 
--- Action 71/200 ---
2026-06-12 03:05:24 | INFO | État: GameState.NOT_FINISHED
2026-06-12 03:05:24 | INFO | Niveaux complétés: 0/8
2026-06-12 03:05:24 | INFO | ✅ Grille extraite: shape=(64, 64), unique_colors=10
2026-06-12 03:05:24 | INFO | 🧠 Features: densité=0.994, sym_h=0.904, sym_v=0.469, clusters=24
2026-06-12 03:05:24 | INFO | 🎯 Action choisie: 7
2026-06-12 03:05:24 | INFO | 📥 Résultat: GameState.NOT_FINISHED
2026-06-12 03:05:24 | INFO | 
--- Action 72/200 ---
2026-06-12 03:05:24 | INFO | État: GameState.NOT_FINISHED
2026-06-12 03:05:24 | INFO | Niveaux complétés: 0/8
2026-06-12 03:05:24 | INFO | ✅ Grille extraite: shape=(64, 64), unique_colors=10
2026-06-12 03:05:24 | INFO | 🧠 Features: densité=0.994, sym_h=0.905, sym_v=0.469, clusters=23
2026-06-12 03:05:24 | INFO | 🎯 Action choisie: 4
2026-06-12 03:05:24 | INFO | 📥 Résultat: GameState.NOT_FINISHED
2026-06-12 03:05:24 | INFO | 
--- Action 73/200 ---
2026-06-12 03:05:24 | INFO | État: GameState.NOT_FINISHED
2026-06-12 03:05:24 | INFO | Niveaux complétés: 0/8
2026-06-12 03:05:24 | INFO | ✅ Grille extraite: shape=(64, 64), unique_colors=10
2026-06-12 03:05:24 | INFO | 🧠 Features: densité=0.994, sym_h=0.904, sym_v=0.469, clusters=24
2026-06-12 03:05:24 | INFO | 🎯 Action choisie: 2
2026-06-12 03:05:24 | INFO | 📥 Résultat: GameState.NOT_FINISHED
2026-06-12 03:05:24 | INFO | 
--- Action 74/200 ---
2026-06-12 03:05:24 | INFO | État: GameState.NOT_FINISHED
2026-06-12 03:05:24 | INFO | Niveaux complétés: 0/8
2026-06-12 03:05:24 | INFO | ✅ Grille extraite: shape=(64, 64), unique_colors=10
2026-06-12 03:05:24 | INFO | 🧠 Features: densité=0.994, sym_h=0.898, sym_v=0.463, clusters=25
2026-06-12 03:05:24 | INFO | 🎯 Action choisie: 3
2026-06-12 03:05:24 | INFO | 📥 Résultat: GameState.NOT_FINISHED
2026-06-12 03:05:24 | INFO | 
--- Action 75/200 ---
2026-06-12 03:05:24 | INFO | État: GameState.NOT_FINISHED
2026-06-12 03:05:24 | INFO | Niveaux complétés: 0/8
2026-06-12 03:05:24 | INFO | ✅ Grille extraite: shape=(64, 64), unique_colors=10
2026-06-12 03:05:24 | INFO | 🧠 Features: densité=0.994, sym_h=0.903, sym_v=0.464, clusters=24
2026-06-12 03:05:24 | INFO | 🎯 Action choisie: 1
2026-06-12 03:05:24 | INFO | 📥 Résultat: GameState.NOT_FINISHED
2026-06-12 03:05:24 | INFO | 
--- Action 76/200 ---
2026-06-12 03:05:24 | INFO | État: GameState.NOT_FINISHED
2026-06-12 03:05:24 | INFO | Niveaux complétés: 0/8
2026-06-12 03:05:24 | INFO | ✅ Grille extraite: shape=(64, 64), unique_colors=10
2026-06-12 03:05:24 | INFO | 🧠 Features: densité=0.994, sym_h=0.904, sym_v=0.469, clusters=23
2026-06-12 03:05:24 | INFO | 🎯 Action choisie: 1
2026-06-12 03:05:24 | INFO | 📥 Résultat: GameState.NOT_FINISHED
2026-06-12 03:05:24 | INFO | 
--- Action 77/200 ---
2026-06-12 03:05:24 | INFO | État: GameState.NOT_FINISHED
2026-06-12 03:05:24 | INFO | Niveaux complétés: 0/8
2026-06-12 03:05:24 | INFO | ✅ Grille extraite: shape=(64, 64), unique_colors=10
2026-06-12 03:05:24 | INFO | 🧠 Features: densité=0.994, sym_h=0.904, sym_v=0.469, clusters=23
2026-06-12 03:05:24 | INFO | 🎯 Action choisie: 2
2026-06-12 03:05:24 | INFO | 📥 Résultat: GameState.NOT_FINISHED
2026-06-12 03:05:24 | INFO | 
--- Action 78/200 ---
2026-06-12 03:05:24 | INFO | État: GameState.NOT_FINISHED
2026-06-12 03:05:24 | INFO | Niveaux complétés: 0/8
2026-06-12 03:05:24 | INFO | ✅ Grille extraite: shape=(64, 64), unique_colors=10
2026-06-12 03:05:24 | INFO | 🧠 Features: densité=0.994, sym_h=0.904, sym_v=0.469, clusters=23
2026-06-12 03:05:24 | INFO | 🎯 Action choisie: 6
2026-06-12 03:05:24 | INFO | 📥 Résultat: GameState.NOT_FINISHED
2026-06-12 03:05:24 | INFO | 
--- Action 79/200 ---
2026-06-12 03:05:24 | INFO | État: GameState.NOT_FINISHED
2026-06-12 03:05:24 | INFO | Niveaux complétés: 0/8
2026-06-12 03:05:24 | INFO | ✅ Grille extraite: shape=(64, 64), unique_colors=10
2026-06-12 03:05:24 | INFO | 🧠 Features: densité=0.994, sym_h=0.904, sym_v=0.469, clusters=23
2026-06-12 03:05:24 | INFO | 🎯 Action choisie: 6
2026-06-12 03:05:24 | INFO | 📥 Résultat: GameState.NOT_FINISHED
2026-06-12 03:05:24 | WARNING | ⚠️ Action 6 sans effet (état identique)
2026-06-12 03:05:24 | INFO | 
--- Action 80/200 ---
2026-06-12 03:05:24 | INFO | État: GameState.NOT_FINISHED
2026-06-12 03:05:24 | INFO | Niveaux complétés: 0/8
2026-06-12 03:05:24 | INFO | ✅ Grille extraite: shape=(64, 64), unique_colors=10
2026-06-12 03:05:24 | INFO | 🧠 Features: densité=0.994, sym_h=0.904, sym_v=0.469, clusters=23
2026-06-12 03:05:24 | INFO | 🎯 Action choisie: 1
2026-06-12 03:05:24 | INFO | 📥 Résultat: GameState.NOT_FINISHED
2026-06-12 03:05:24 | INFO | 
--- Action 81/200 ---
2026-06-12 03:05:24 | INFO | État: GameState.NOT_FINISHED
2026-06-12 03:05:24 | INFO | Niveaux complétés: 0/8
2026-06-12 03:05:24 | INFO | ✅ Grille extraite: shape=(64, 64), unique_colors=10
2026-06-12 03:05:24 | INFO | 🧠 Features: densité=0.994, sym_h=0.904, sym_v=0.469, clusters=23
2026-06-12 03:05:24 | INFO | 🎯 Action choisie: 6
2026-06-12 03:05:24 | INFO | 📥 Résultat: GameState.NOT_FINISHED
2026-06-12 03:05:24 | INFO | 
--- Action 82/200 ---
2026-06-12 03:05:24 | INFO | État: GameState.NOT_FINISHED
2026-06-12 03:05:24 | INFO | Niveaux complétés: 0/8
2026-06-12 03:05:24 | INFO | ✅ Grille extraite: shape=(64, 64), unique_colors=10
2026-06-12 03:05:24 | INFO | 🧠 Features: densité=0.994, sym_h=0.902, sym_v=0.467, clusters=23
2026-06-12 03:05:24 | INFO | 🎯 Action choisie: 7
2026-06-12 03:05:24 | INFO | 📥 Résultat: GameState.NOT_FINISHED
2026-06-12 03:05:24 | INFO | 
--- Action 83/200 ---
2026-06-12 03:05:24 | INFO | État: GameState.NOT_FINISHED
2026-06-12 03:05:24 | INFO | Niveaux complétés: 0/8
2026-06-12 03:05:24 | INFO | ✅ Grille extraite: shape=(64, 64), unique_colors=10
2026-06-12 03:05:25 | INFO | 🧠 Features: densité=0.994, sym_h=0.904, sym_v=0.469, clusters=23
2026-06-12 03:05:25 | INFO | 🎯 Action choisie: 3
2026-06-12 03:05:25 | INFO | 📥 Résultat: GameState.NOT_FINISHED
2026-06-12 03:05:25 | WARNING | ⚠️ Action 3 sans effet (état identique)
2026-06-12 03:05:25 | INFO | 
--- Action 84/200 ---
2026-06-12 03:05:25 | INFO | État: GameState.NOT_FINISHED
2026-06-12 03:05:25 | INFO | Niveaux complétés: 0/8
2026-06-12 03:05:25 | INFO | ✅ Grille extraite: shape=(64, 64), unique_colors=10
2026-06-12 03:05:25 | INFO | 🧠 Features: densité=0.994, sym_h=0.904, sym_v=0.469, clusters=23
2026-06-12 03:05:25 | INFO | 🎯 Action choisie: 7
2026-06-12 03:05:25 | INFO | 📥 Résultat: GameState.NOT_FINISHED
2026-06-12 03:05:25 | INFO | 
--- Action 85/200 ---
2026-06-12 03:05:25 | INFO | État: GameState.NOT_FINISHED
2026-06-12 03:05:25 | INFO | Niveaux complétés: 0/8
2026-06-12 03:05:25 | INFO | ✅ Grille extraite: shape=(64, 64), unique_colors=10
2026-06-12 03:05:25 | INFO | 🧠 Features: densité=0.994, sym_h=0.902, sym_v=0.467, clusters=23
2026-06-12 03:05:25 | INFO | 🎯 Action choisie: 2
2026-06-12 03:05:25 | INFO | 📥 Résultat: GameState.NOT_FINISHED
2026-06-12 03:05:25 | INFO | 
--- Action 86/200 ---
2026-06-12 03:05:25 | INFO | État: GameState.NOT_FINISHED
2026-06-12 03:05:25 | INFO | Niveaux complétés: 0/8
2026-06-12 03:05:25 | INFO | ✅ Grille extraite: shape=(64, 64), unique_colors=10
2026-06-12 03:05:25 | INFO | 🧠 Features: densité=0.994, sym_h=0.903, sym_v=0.469, clusters=23
2026-06-12 03:05:25 | INFO | 🎯 Action choisie: 7
2026-06-12 03:05:25 | INFO | 📥 Résultat: GameState.NOT_FINISHED
2026-06-12 03:05:25 | INFO | 
--- Action 87/200 ---
2026-06-12 03:05:25 | INFO | État: GameState.NOT_FINISHED
2026-06-12 03:05:25 | INFO | Niveaux complétés: 0/8
2026-06-12 03:05:25 | INFO | ✅ Grille extraite: shape=(64, 64), unique_colors=10
2026-06-12 03:05:25 | INFO | 🧠 Features: densité=0.994, sym_h=0.901, sym_v=0.467, clusters=23
2026-06-12 03:05:25 | INFO | 🎯 Action choisie: 7
2026-06-12 03:05:25 | INFO | 📥 Résultat: GameState.NOT_FINISHED
2026-06-12 03:05:25 | INFO | 
--- Action 88/200 ---
2026-06-12 03:05:25 | INFO | État: GameState.NOT_FINISHED
2026-06-12 03:05:25 | INFO | Niveaux complétés: 0/8
2026-06-12 03:05:25 | INFO | ✅ Grille extraite: shape=(64, 64), unique_colors=10
2026-06-12 03:05:25 | INFO | 🧠 Features: densité=0.994, sym_h=0.903, sym_v=0.469, clusters=23
2026-06-12 03:05:25 | INFO | 🎯 Action choisie: 1
2026-06-12 03:05:25 | INFO | 📥 Résultat: GameState.NOT_FINISHED
2026-06-12 03:05:25 | INFO | 
--- Action 89/200 ---
2026-06-12 03:05:25 | INFO | État: GameState.NOT_FINISHED
2026-06-12 03:05:25 | INFO | Niveaux complétés: 0/8
2026-06-12 03:05:25 | INFO | ✅ Grille extraite: shape=(64, 64), unique_colors=10
2026-06-12 03:05:25 | INFO | 🧠 Features: densité=0.994, sym_h=0.903, sym_v=0.469, clusters=23
2026-06-12 03:05:25 | INFO | 🎯 Action choisie: 2
2026-06-12 03:05:25 | INFO | 📥 Résultat: GameState.NOT_FINISHED
2026-06-12 03:05:25 | WARNING | ⚠️ Action 2 sans effet (état identique)
2026-06-12 03:05:25 | INFO | 
--- Action 90/200 ---
2026-06-12 03:05:25 | INFO | État: GameState.NOT_FINISHED
2026-06-12 03:05:25 | INFO | Niveaux complétés: 0/8
2026-06-12 03:05:25 | INFO | ✅ Grille extraite: shape=(64, 64), unique_colors=10
2026-06-12 03:05:25 | INFO | 🧠 Features: densité=0.994, sym_h=0.903, sym_v=0.469, clusters=23
2026-06-12 03:05:25 | INFO | 🎯 Action choisie: 7
2026-06-12 03:05:25 | INFO | 📥 Résultat: GameState.NOT_FINISHED
2026-06-12 03:05:25 | INFO | 
--- Action 91/200 ---
2026-06-12 03:05:25 | INFO | État: GameState.NOT_FINISHED
2026-06-12 03:05:25 | INFO | Niveaux complétés: 0/8
2026-06-12 03:05:25 | INFO | ✅ Grille extraite: shape=(64, 64), unique_colors=10
2026-06-12 03:05:25 | INFO | 🧠 Features: densité=0.994, sym_h=0.901, sym_v=0.467, clusters=23
2026-06-12 03:05:25 | INFO | 🎯 Action choisie: 7
2026-06-12 03:05:25 | INFO | 📥 Résultat: GameState.NOT_FINISHED
2026-06-12 03:05:25 | INFO | 
--- Action 92/200 ---
2026-06-12 03:05:25 | INFO | État: GameState.NOT_FINISHED
2026-06-12 03:05:25 | INFO | Niveaux complétés: 0/8
2026-06-12 03:05:25 | INFO | ✅ Grille extraite: shape=(64, 64), unique_colors=10
2026-06-12 03:05:25 | INFO | 🧠 Features: densité=0.994, sym_h=0.903, sym_v=0.469, clusters=23
2026-06-12 03:05:25 | INFO | 🎯 Action choisie: 7
2026-06-12 03:05:25 | INFO | 📥 Résultat: GameState.NOT_FINISHED
2026-06-12 03:05:25 | INFO | 
--- Action 93/200 ---
2026-06-12 03:05:25 | INFO | État: GameState.NOT_FINISHED
2026-06-12 03:05:25 | INFO | Niveaux complétés: 0/8
2026-06-12 03:05:25 | INFO | ✅ Grille extraite: shape=(64, 64), unique_colors=10
2026-06-12 03:05:25 | INFO | 🧠 Features: densité=0.994, sym_h=0.903, sym_v=0.467, clusters=23
2026-06-12 03:05:25 | INFO | 🎯 Action choisie: 1
2026-06-12 03:05:25 | INFO | 📥 Résultat: GameState.NOT_FINISHED
2026-06-12 03:05:25 | INFO | 
--- Action 94/200 ---
2026-06-12 03:05:25 | INFO | État: GameState.NOT_FINISHED
2026-06-12 03:05:25 | INFO | Niveaux complétés: 0/8
2026-06-12 03:05:25 | INFO | ✅ Grille extraite: shape=(64, 64), unique_colors=10
2026-06-12 03:05:25 | INFO | 🧠 Features: densité=0.994, sym_h=0.903, sym_v=0.469, clusters=23
2026-06-12 03:05:25 | INFO | 🎯 Action choisie: 6
2026-06-12 03:05:25 | INFO | 📥 Résultat: GameState.NOT_FINISHED
2026-06-12 03:05:25 | INFO | 
--- Action 95/200 ---
2026-06-12 03:05:25 | INFO | État: GameState.NOT_FINISHED
2026-06-12 03:05:25 | INFO | Niveaux complétés: 0/8
2026-06-12 03:05:25 | INFO | ✅ Grille extraite: shape=(64, 64), unique_colors=10
2026-06-12 03:05:25 | INFO | 🧠 Features: densité=0.994, sym_h=0.903, sym_v=0.469, clusters=23
2026-06-12 03:05:25 | INFO | 🎯 Action choisie: 3
2026-06-12 03:05:25 | INFO | 📥 Résultat: GameState.NOT_FINISHED
2026-06-12 03:05:25 | WARNING | ⚠️ Action 3 sans effet (état identique)
2026-06-12 03:05:25 | INFO | 
--- Action 96/200 ---
2026-06-12 03:05:25 | INFO | État: GameState.NOT_FINISHED
2026-06-12 03:05:25 | INFO | Niveaux complétés: 0/8
2026-06-12 03:05:25 | INFO | ✅ Grille extraite: shape=(64, 64), unique_colors=10
2026-06-12 03:05:25 | INFO | 🧠 Features: densité=0.994, sym_h=0.903, sym_v=0.469, clusters=23
2026-06-12 03:05:25 | INFO | 🎯 Action choisie: 1
2026-06-12 03:05:25 | INFO | 📥 Résultat: GameState.NOT_FINISHED
2026-06-12 03:05:25 | INFO | 
--- Action 97/200 ---
2026-06-12 03:05:25 | INFO | État: GameState.NOT_FINISHED
2026-06-12 03:05:25 | INFO | Niveaux complétés: 0/8
2026-06-12 03:05:25 | INFO | ✅ Grille extraite: shape=(64, 64), unique_colors=10
2026-06-12 03:05:25 | INFO | 🧠 Features: densité=0.994, sym_h=0.903, sym_v=0.469, clusters=23
2026-06-12 03:05:25 | INFO | 🎯 Action choisie: 3
2026-06-12 03:05:25 | INFO | 📥 Résultat: GameState.NOT_FINISHED
2026-06-12 03:05:25 | INFO | 
--- Action 98/200 ---
2026-06-12 03:05:25 | INFO | État: GameState.NOT_FINISHED
2026-06-12 03:05:25 | INFO | Niveaux complétés: 0/8
2026-06-12 03:05:25 | INFO | ✅ Grille extraite: shape=(64, 64), unique_colors=10
2026-06-12 03:05:25 | INFO | 🧠 Features: densité=0.994, sym_h=0.900, sym_v=0.467, clusters=23
2026-06-12 03:05:25 | INFO | 🎯 Action choisie: 4
2026-06-12 03:05:25 | INFO | 📥 Résultat: GameState.NOT_FINISHED
2026-06-12 03:05:25 | INFO | 
--- Action 99/200 ---
2026-06-12 03:05:25 | INFO | État: GameState.NOT_FINISHED
2026-06-12 03:05:25 | INFO | Niveaux complétés: 0/8
2026-06-12 03:05:25 | INFO | ✅ Grille extraite: shape=(64, 64), unique_colors=10
2026-06-12 03:05:25 | INFO | 🧠 Features: densité=0.994, sym_h=0.897, sym_v=0.467, clusters=24
2026-06-12 03:05:25 | INFO | 🎯 Action choisie: 3
2026-06-12 03:05:25 | INFO | 📥 Résultat: GameState.NOT_FINISHED
2026-06-12 03:05:25 | WARNING | ⚠️ Action 3 sans effet (état identique)
2026-06-12 03:05:25 | INFO | 
--- Action 100/200 ---
2026-06-12 03:05:25 | INFO | État: GameState.NOT_FINISHED
2026-06-12 03:05:25 | INFO | Niveaux complétés: 0/8
2026-06-12 03:05:25 | INFO | ✅ Grille extraite: shape=(64, 64), unique_colors=10
2026-06-12 03:05:25 | INFO | 🧠 Features: densité=0.994, sym_h=0.897, sym_v=0.467, clusters=24
2026-06-12 03:05:25 | INFO | 🎯 Action choisie: 7
2026-06-12 03:05:25 | INFO | 📥 Résultat: GameState.NOT_FINISHED
2026-06-12 03:05:25 | INFO | 
--- Action 101/200 ---
2026-06-12 03:05:25 | INFO | État: GameState.NOT_FINISHED
2026-06-12 03:05:25 | INFO | Niveaux complétés: 0/8
2026-06-12 03:05:25 | INFO | ✅ Grille extraite: shape=(64, 64), unique_colors=10
2026-06-12 03:05:25 | INFO | 🧠 Features: densité=0.994, sym_h=0.895, sym_v=0.467, clusters=25
2026-06-12 03:05:25 | INFO | 🎯 Action choisie: 7
2026-06-12 03:05:25 | INFO | 📥 Résultat: GameState.NOT_FINISHED
2026-06-12 03:05:25 | INFO | 
--- Action 102/200 ---
2026-06-12 03:05:25 | INFO | État: GameState.NOT_FINISHED
2026-06-12 03:05:25 | INFO | Niveaux complétés: 0/8
2026-06-12 03:05:25 | INFO | ✅ Grille extraite: shape=(64, 64), unique_colors=10
2026-06-12 03:05:25 | INFO | 🧠 Features: densité=0.994, sym_h=0.900, sym_v=0.467, clusters=23
2026-06-12 03:05:25 | INFO | 🎯 Action choisie: 7
2026-06-12 03:05:25 | INFO | 📥 Résultat: GameState.NOT_FINISHED
2026-06-12 03:05:25 | INFO | 
--- Action 103/200 ---
2026-06-12 03:05:25 | INFO | État: GameState.NOT_FINISHED
2026-06-12 03:05:25 | INFO | Niveaux complétés: 0/8
2026-06-12 03:05:25 | INFO | ✅ Grille extraite: shape=(64, 64), unique_colors=10
2026-06-12 03:05:25 | INFO | 🧠 Features: densité=0.994, sym_h=0.902, sym_v=0.469, clusters=23
2026-06-12 03:05:25 | INFO | 🎯 Action choisie: 6
2026-06-12 03:05:25 | INFO | 📥 Résultat: GameState.NOT_FINISHED
2026-06-12 03:05:25 | WARNING | ⚠️ Action 6 sans effet (état identique)
2026-06-12 03:05:25 | INFO | 
--- Action 104/200 ---
2026-06-12 03:05:25 | INFO | État: GameState.NOT_FINISHED
2026-06-12 03:05:25 | INFO | Niveaux complétés: 0/8
2026-06-12 03:05:25 | INFO | ✅ Grille extraite: shape=(64, 64), unique_colors=10
2026-06-12 03:05:25 | INFO | 🧠 Features: densité=0.994, sym_h=0.902, sym_v=0.469, clusters=23
2026-06-12 03:05:25 | INFO | 🎯 Action choisie: 6
2026-06-12 03:05:25 | INFO | 📥 Résultat: GameState.NOT_FINISHED
2026-06-12 03:05:25 | WARNING | ⚠️ Action 6 sans effet (état identique)
2026-06-12 03:05:25 | INFO | 
--- Action 105/200 ---
2026-06-12 03:05:25 | INFO | État: GameState.NOT_FINISHED
2026-06-12 03:05:25 | INFO | Niveaux complétés: 0/8
2026-06-12 03:05:25 | INFO | ✅ Grille extraite: shape=(64, 64), unique_colors=10
2026-06-12 03:05:25 | INFO | 🧠 Features: densité=0.994, sym_h=0.902, sym_v=0.469, clusters=23
2026-06-12 03:05:25 | INFO | 🎯 Action choisie: 4
2026-06-12 03:05:25 | INFO | 📥 Résultat: GameState.NOT_FINISHED
2026-06-12 03:05:25 | INFO | 
--- Action 106/200 ---
2026-06-12 03:05:25 | INFO | État: GameState.NOT_FINISHED
2026-06-12 03:05:25 | INFO | Niveaux complétés: 0/8
2026-06-12 03:05:25 | INFO | ✅ Grille extraite: shape=(64, 64), unique_colors=10
2026-06-12 03:05:25 | INFO | 🧠 Features: densité=0.994, sym_h=0.901, sym_v=0.469, clusters=24
2026-06-12 03:05:25 | INFO | 🎯 Action choisie: 4
2026-06-12 03:05:25 | INFO | 📥 Résultat: GameState.NOT_FINISHED
2026-06-12 03:05:25 | INFO | 
--- Action 107/200 ---
2026-06-12 03:05:25 | INFO | État: GameState.NOT_FINISHED
2026-06-12 03:05:25 | INFO | Niveaux complétés: 0/8
2026-06-12 03:05:25 | INFO | ✅ Grille extraite: shape=(64, 64), unique_colors=10
2026-06-12 03:05:25 | INFO | 🧠 Features: densité=0.994, sym_h=0.897, sym_v=0.469, clusters=26
2026-06-12 03:05:25 | INFO | 🎯 Action choisie: 4
2026-06-12 03:05:25 | INFO | 📥 Résultat: GameState.NOT_FINISHED
2026-06-12 03:05:25 | INFO | 
--- Action 108/200 ---
2026-06-12 03:05:25 | INFO | État: GameState.NOT_FINISHED
2026-06-12 03:05:25 | INFO | Niveaux complétés: 0/8
2026-06-12 03:05:25 | INFO | ✅ Grille extraite: shape=(64, 64), unique_colors=10
2026-06-12 03:05:25 | INFO | 🧠 Features: densité=0.994, sym_h=0.891, sym_v=0.469, clusters=28
2026-06-12 03:05:25 | INFO | 🎯 Action choisie: 7
2026-06-12 03:05:25 | INFO | 📥 Résultat: GameState.NOT_FINISHED
2026-06-12 03:05:25 | INFO | 
--- Action 109/200 ---
2026-06-12 03:05:25 | INFO | État: GameState.NOT_FINISHED
2026-06-12 03:05:25 | INFO | Niveaux complétés: 0/8
2026-06-12 03:05:25 | INFO | ✅ Grille extraite: shape=(64, 64), unique_colors=10
2026-06-12 03:05:26 | INFO | 🧠 Features: densité=0.994, sym_h=0.894, sym_v=0.469, clusters=27
2026-06-12 03:05:26 | INFO | 🎯 Action choisie: 4
2026-06-12 03:05:26 | INFO | 📥 Résultat: GameState.NOT_FINISHED
2026-06-12 03:05:26 | INFO | 
--- Action 110/200 ---
2026-06-12 03:05:26 | INFO | État: GameState.NOT_FINISHED
2026-06-12 03:05:26 | INFO | Niveaux complétés: 0/8
2026-06-12 03:05:26 | INFO | ✅ Grille extraite: shape=(64, 64), unique_colors=10
2026-06-12 03:05:26 | INFO | 🧠 Features: densité=0.994, sym_h=0.891, sym_v=0.469, clusters=28
2026-06-12 03:05:26 | INFO | 🎯 Action choisie: 2
2026-06-12 03:05:26 | INFO | 📥 Résultat: GameState.NOT_FINISHED
2026-06-12 03:05:26 | INFO | 
--- Action 111/200 ---
2026-06-12 03:05:26 | INFO | État: GameState.NOT_FINISHED
2026-06-12 03:05:26 | INFO | Niveaux complétés: 0/8
2026-06-12 03:05:26 | INFO | ✅ Grille extraite: shape=(64, 64), unique_colors=10
2026-06-12 03:05:26 | INFO | 🧠 Features: densité=0.994, sym_h=0.888, sym_v=0.451, clusters=29
2026-06-12 03:05:26 | INFO | 🎯 Action choisie: 2
2026-06-12 03:05:26 | INFO | 📥 Résultat: GameState.NOT_FINISHED
2026-06-12 03:05:26 | INFO | 
--- Action 112/200 ---
2026-06-12 03:05:26 | INFO | État: GameState.NOT_FINISHED
2026-06-12 03:05:26 | INFO | Niveaux complétés: 0/8
2026-06-12 03:05:26 | INFO | ✅ Grille extraite: shape=(64, 64), unique_colors=10
2026-06-12 03:05:26 | INFO | 🧠 Features: densité=0.994, sym_h=0.888, sym_v=0.452, clusters=29
2026-06-12 03:05:26 | INFO | 🎯 Action choisie: 1
2026-06-12 03:05:26 | INFO | 📥 Résultat: GameState.NOT_FINISHED
2026-06-12 03:05:26 | INFO | 
--- Action 113/200 ---
2026-06-12 03:05:26 | INFO | État: GameState.NOT_FINISHED
2026-06-12 03:05:26 | INFO | Niveaux complétés: 0/8
2026-06-12 03:05:26 | INFO | ✅ Grille extraite: shape=(64, 64), unique_colors=10
2026-06-12 03:05:26 | INFO | 🧠 Features: densité=0.994, sym_h=0.887, sym_v=0.452, clusters=29
2026-06-12 03:05:26 | INFO | 🎯 Action choisie: 2
2026-06-12 03:05:26 | INFO | 📥 Résultat: GameState.NOT_FINISHED
2026-06-12 03:05:26 | WARNING | ⚠️ Action 2 sans effet (état identique)
2026-06-12 03:05:26 | INFO | 
--- Action 114/200 ---
2026-06-12 03:05:26 | INFO | État: GameState.NOT_FINISHED
2026-06-12 03:05:26 | INFO | Niveaux complétés: 0/8
2026-06-12 03:05:26 | INFO | ✅ Grille extraite: shape=(64, 64), unique_colors=10
2026-06-12 03:05:26 | INFO | 🧠 Features: densité=0.994, sym_h=0.887, sym_v=0.452, clusters=29
2026-06-12 03:05:26 | INFO | 🎯 Action choisie: 1
2026-06-12 03:05:26 | INFO | 📥 Résultat: GameState.NOT_FINISHED
2026-06-12 03:05:26 | WARNING | ⚠️ Action 1 sans effet (état identique)
2026-06-12 03:05:26 | INFO | 
--- Action 115/200 ---
2026-06-12 03:05:26 | INFO | État: GameState.NOT_FINISHED
2026-06-12 03:05:26 | INFO | Niveaux complétés: 0/8
2026-06-12 03:05:26 | INFO | ✅ Grille extraite: shape=(64, 64), unique_colors=10
2026-06-12 03:05:26 | INFO | 🧠 Features: densité=0.994, sym_h=0.887, sym_v=0.452, clusters=29
2026-06-12 03:05:26 | INFO | 🎯 Action choisie: 1
2026-06-12 03:05:26 | INFO | 📥 Résultat: GameState.NOT_FINISHED
2026-06-12 03:05:26 | INFO | 
--- Action 116/200 ---
2026-06-12 03:05:26 | INFO | État: GameState.NOT_FINISHED
2026-06-12 03:05:26 | INFO | Niveaux complétés: 0/8
2026-06-12 03:05:26 | INFO | ✅ Grille extraite: shape=(64, 64), unique_colors=10
2026-06-12 03:05:26 | INFO | 🧠 Features: densité=0.994, sym_h=0.887, sym_v=0.451, clusters=29
2026-06-12 03:05:26 | INFO | 🎯 Action choisie: 7
2026-06-12 03:05:26 | INFO | 📥 Résultat: GameState.NOT_FINISHED
2026-06-12 03:05:26 | INFO | 
--- Action 117/200 ---
2026-06-12 03:05:26 | INFO | État: GameState.NOT_FINISHED
2026-06-12 03:05:26 | INFO | Niveaux complétés: 0/8
2026-06-12 03:05:26 | INFO | ✅ Grille extraite: shape=(64, 64), unique_colors=10
2026-06-12 03:05:26 | INFO | 🧠 Features: densité=0.994, sym_h=0.891, sym_v=0.449, clusters=29
2026-06-12 03:05:26 | INFO | 🎯 Action choisie: 2
2026-06-12 03:05:26 | INFO | 📥 Résultat: GameState.NOT_FINISHED
2026-06-12 03:05:26 | INFO | 
--- Action 118/200 ---
2026-06-12 03:05:26 | INFO | État: GameState.NOT_FINISHED
2026-06-12 03:05:26 | INFO | Niveaux complétés: 0/8
2026-06-12 03:05:26 | INFO | ✅ Grille extraite: shape=(64, 64), unique_colors=10
2026-06-12 03:05:26 | INFO | 🧠 Features: densité=0.994, sym_h=0.887, sym_v=0.452, clusters=29
2026-06-12 03:05:26 | INFO | 🎯 Action choisie: 2
2026-06-12 03:05:26 | INFO | 📥 Résultat: GameState.NOT_FINISHED
2026-06-12 03:05:26 | INFO | 
--- Action 119/200 ---
2026-06-12 03:05:26 | INFO | État: GameState.NOT_FINISHED
2026-06-12 03:05:26 | INFO | Niveaux complétés: 0/8
2026-06-12 03:05:26 | INFO | ✅ Grille extraite: shape=(64, 64), unique_colors=10
2026-06-12 03:05:26 | INFO | 🧠 Features: densité=0.994, sym_h=0.887, sym_v=0.449, clusters=29
2026-06-12 03:05:26 | INFO | 🎯 Action choisie: 4
2026-06-12 03:05:26 | INFO | 📥 Résultat: GameState.NOT_FINISHED
2026-06-12 03:05:26 | INFO | 
--- Action 120/200 ---
2026-06-12 03:05:26 | INFO | État: GameState.NOT_FINISHED
2026-06-12 03:05:26 | INFO | Niveaux complétés: 0/8
2026-06-12 03:05:26 | INFO | ✅ Grille extraite: shape=(64, 64), unique_colors=10
2026-06-12 03:05:26 | INFO | 🧠 Features: densité=0.994, sym_h=0.885, sym_v=0.448, clusters=30
2026-06-12 03:05:26 | INFO | 🎯 Action choisie: 7
2026-06-12 03:05:26 | INFO | 📥 Résultat: GameState.NOT_FINISHED
2026-06-12 03:05:26 | INFO | 
--- Action 121/200 ---
2026-06-12 03:05:26 | INFO | État: GameState.NOT_FINISHED
2026-06-12 03:05:26 | INFO | Niveaux complétés: 0/8
2026-06-12 03:05:26 | INFO | ✅ Grille extraite: shape=(64, 64), unique_colors=10
2026-06-12 03:05:26 | INFO | 🧠 Features: densité=0.994, sym_h=0.884, sym_v=0.451, clusters=29
2026-06-12 03:05:26 | INFO | 🎯 Action choisie: 6
2026-06-12 03:05:26 | INFO | 📥 Résultat: GameState.NOT_FINISHED
2026-06-12 03:05:26 | WARNING | ⚠️ Action 6 sans effet (état identique)
2026-06-12 03:05:26 | INFO | 
--- Action 122/200 ---
2026-06-12 03:05:26 | INFO | État: GameState.NOT_FINISHED
2026-06-12 03:05:26 | INFO | Niveaux complétés: 0/8
2026-06-12 03:05:26 | INFO | ✅ Grille extraite: shape=(64, 64), unique_colors=10
2026-06-12 03:05:26 | INFO | 🧠 Features: densité=0.994, sym_h=0.884, sym_v=0.451, clusters=29
2026-06-12 03:05:26 | INFO | 🎯 Action choisie: 2
2026-06-12 03:05:26 | INFO | 📥 Résultat: GameState.NOT_FINISHED
2026-06-12 03:05:26 | WARNING | ⚠️ Action 2 sans effet (état identique)
2026-06-12 03:05:26 | INFO | 
--- Action 123/200 ---
2026-06-12 03:05:26 | INFO | État: GameState.NOT_FINISHED
2026-06-12 03:05:26 | INFO | Niveaux complétés: 0/8
2026-06-12 03:05:26 | INFO | ✅ Grille extraite: shape=(64, 64), unique_colors=10
2026-06-12 03:05:26 | INFO | 🧠 Features: densité=0.994, sym_h=0.884, sym_v=0.451, clusters=29
2026-06-12 03:05:26 | INFO | 🎯 Action choisie: 7
2026-06-12 03:05:26 | INFO | 📥 Résultat: GameState.NOT_FINISHED
2026-06-12 03:05:26 | INFO | 
--- Action 124/200 ---
2026-06-12 03:05:26 | INFO | État: GameState.NOT_FINISHED
2026-06-12 03:05:26 | INFO | Niveaux complétés: 0/8
2026-06-12 03:05:26 | INFO | ✅ Grille extraite: shape=(64, 64), unique_colors=10
2026-06-12 03:05:26 | INFO | 🧠 Features: densité=0.994, sym_h=0.890, sym_v=0.456, clusters=29
2026-06-12 03:05:26 | INFO | 🎯 Action choisie: 2
2026-06-12 03:05:26 | INFO | 📥 Résultat: GameState.NOT_FINISHED
2026-06-12 03:05:26 | INFO | 
--- Action 125/200 ---
2026-06-12 03:05:26 | INFO | État: GameState.NOT_FINISHED
2026-06-12 03:05:26 | INFO | Niveaux complétés: 0/8
2026-06-12 03:05:26 | INFO | ✅ Grille extraite: shape=(64, 64), unique_colors=10
2026-06-12 03:05:26 | INFO | 🧠 Features: densité=0.994, sym_h=0.886, sym_v=0.449, clusters=29
2026-06-12 03:05:26 | INFO | 🎯 Action choisie: 3
2026-06-12 03:05:26 | INFO | 📥 Résultat: GameState.NOT_FINISHED
2026-06-12 03:05:26 | INFO | 
--- Action 126/200 ---
2026-06-12 03:05:26 | INFO | État: GameState.NOT_FINISHED
2026-06-12 03:05:26 | INFO | Niveaux complétés: 0/8
2026-06-12 03:05:26 | INFO | ✅ Grille extraite: shape=(64, 64), unique_colors=10
2026-06-12 03:05:26 | INFO | 🧠 Features: densité=0.994, sym_h=0.883, sym_v=0.454, clusters=28
2026-06-12 03:05:26 | INFO | 🎯 Action choisie: 2
2026-06-12 03:05:26 | INFO | 📥 Résultat: GameState.NOT_FINISHED
2026-06-12 03:05:26 | INFO | 
--- Action 127/200 ---
2026-06-12 03:05:26 | INFO | État: GameState.NOT_FINISHED
2026-06-12 03:05:26 | INFO | Niveaux complétés: 0/8
2026-06-12 03:05:26 | INFO | ✅ Grille extraite: shape=(64, 64), unique_colors=10
2026-06-12 03:05:26 | INFO | 🧠 Features: densité=0.994, sym_h=0.886, sym_v=0.457, clusters=27
2026-06-12 03:05:26 | INFO | 🎯 Action choisie: 1
2026-06-12 03:05:26 | INFO | 📥 Résultat: GameState.NOT_FINISHED
2026-06-12 03:05:26 | INFO | 
--- Action 128/200 ---
2026-06-12 03:05:26 | INFO | État: GameState.NOT_FINISHED
2026-06-12 03:05:26 | INFO | Niveaux complétés: 0/8
2026-06-12 03:05:26 | INFO | ✅ Grille extraite: shape=(64, 64), unique_colors=10
2026-06-12 03:05:26 | INFO | 🧠 Features: densité=0.994, sym_h=0.888, sym_v=0.455, clusters=27
2026-06-12 03:05:26 | INFO | 🎯 Action choisie: 2
2026-06-12 03:05:26 | INFO | 📥 Résultat: GameState.NOT_FINISHED
2026-06-12 03:05:26 | INFO | 
--- Action 129/200 ---
2026-06-12 03:05:26 | INFO | État: GameState.NOT_FINISHED
2026-06-12 03:05:26 | INFO | Niveaux complétés: 0/8
2026-06-12 03:05:26 | INFO | ✅ Grille extraite: shape=(64, 64), unique_colors=10
2026-06-12 03:05:26 | INFO | 🧠 Features: densité=0.994, sym_h=0.887, sym_v=0.455, clusters=27
2026-06-12 03:05:26 | INFO | 🎯 Action choisie: 4
2026-06-12 03:05:26 | INFO | 📥 Résultat: GameState.NOT_FINISHED
2026-06-12 03:05:26 | INFO | 
--- Action 130/200 ---
2026-06-12 03:05:26 | INFO | État: GameState.NOT_FINISHED
2026-06-12 03:05:26 | INFO | Niveaux complétés: 0/8
2026-06-12 03:05:26 | INFO | ✅ Grille extraite: shape=(64, 64), unique_colors=10
2026-06-12 03:05:26 | INFO | 🧠 Features: densité=0.994, sym_h=0.882, sym_v=0.454, clusters=28
2026-06-12 03:05:26 | INFO | 🎯 Action choisie: 7
2026-06-12 03:05:26 | INFO | 📥 Résultat: GameState.NOT_FINISHED
2026-06-12 03:05:26 | INFO | 
--- Action 131/200 ---
2026-06-12 03:05:26 | INFO | État: GameState.NOT_FINISHED
2026-06-12 03:05:26 | INFO | Niveaux complétés: 0/8
2026-06-12 03:05:26 | INFO | ✅ Grille extraite: shape=(64, 64), unique_colors=10
2026-06-12 03:05:26 | INFO | 🧠 Features: densité=0.994, sym_h=0.885, sym_v=0.457, clusters=27
2026-06-12 03:05:26 | INFO | 🎯 Action choisie: 2
2026-06-12 03:05:26 | INFO | 📥 Résultat: GameState.NOT_FINISHED
2026-06-12 03:05:26 | WARNING | ⚠️ Action 2 sans effet (état identique)
2026-06-12 03:05:26 | INFO | 
--- Action 132/200 ---
2026-06-12 03:05:26 | INFO | État: GameState.NOT_FINISHED
2026-06-12 03:05:26 | INFO | Niveaux complétés: 0/8
2026-06-12 03:05:26 | INFO | ✅ Grille extraite: shape=(64, 64), unique_colors=10
2026-06-12 03:05:26 | INFO | 🧠 Features: densité=0.994, sym_h=0.885, sym_v=0.457, clusters=27
2026-06-12 03:05:26 | INFO | 🎯 Action choisie: 4
2026-06-12 03:05:26 | INFO | 📥 Résultat: GameState.NOT_FINISHED
2026-06-12 03:05:26 | INFO | 
--- Action 133/200 ---
2026-06-12 03:05:26 | INFO | État: GameState.NOT_FINISHED
2026-06-12 03:05:26 | INFO | Niveaux complétés: 0/8
2026-06-12 03:05:26 | INFO | ✅ Grille extraite: shape=(64, 64), unique_colors=10
2026-06-12 03:05:26 | INFO | 🧠 Features: densité=0.994, sym_h=0.882, sym_v=0.454, clusters=28
2026-06-12 03:05:26 | INFO | 🎯 Action choisie: 4
2026-06-12 03:05:26 | INFO | 📥 Résultat: GameState.NOT_FINISHED
2026-06-12 03:05:26 | INFO | 
--- Action 134/200 ---
2026-06-12 03:05:26 | INFO | État: GameState.NOT_FINISHED
2026-06-12 03:05:26 | INFO | Niveaux complétés: 0/8
2026-06-12 03:05:26 | INFO | ✅ Grille extraite: shape=(64, 64), unique_colors=10
2026-06-12 03:05:27 | INFO | 🧠 Features: densité=0.994, sym_h=0.884, sym_v=0.448, clusters=30
2026-06-12 03:05:27 | INFO | 🎯 Action choisie: 6
2026-06-12 03:05:27 | INFO | 📥 Résultat: GameState.NOT_FINISHED
2026-06-12 03:05:27 | INFO | 
--- Action 135/200 ---
2026-06-12 03:05:27 | INFO | État: GameState.NOT_FINISHED
2026-06-12 03:05:27 | INFO | Niveaux complétés: 0/8
2026-06-12 03:05:27 | INFO | ✅ Grille extraite: shape=(64, 64), unique_colors=10
2026-06-12 03:05:27 | INFO | 🧠 Features: densité=0.994, sym_h=0.885, sym_v=0.445, clusters=31
2026-06-12 03:05:27 | INFO | 🎯 Action choisie: 7
2026-06-12 03:05:27 | INFO | 📥 Résultat: GameState.NOT_FINISHED
2026-06-12 03:05:27 | INFO | 
--- Action 136/200 ---
2026-06-12 03:05:27 | INFO | État: GameState.NOT_FINISHED
2026-06-12 03:05:27 | INFO | Niveaux complétés: 0/8
2026-06-12 03:05:27 | INFO | ✅ Grille extraite: shape=(64, 64), unique_colors=10
2026-06-12 03:05:27 | INFO | 🧠 Features: densité=0.994, sym_h=0.883, sym_v=0.451, clusters=29
2026-06-12 03:05:27 | INFO | 🎯 Action choisie: 3
2026-06-12 03:05:27 | INFO | 📥 Résultat: GameState.NOT_FINISHED
2026-06-12 03:05:27 | INFO | 
--- Action 137/200 ---
2026-06-12 03:05:27 | INFO | État: GameState.NOT_FINISHED
2026-06-12 03:05:27 | INFO | Niveaux complétés: 0/8
2026-06-12 03:05:27 | INFO | ✅ Grille extraite: shape=(64, 64), unique_colors=10
2026-06-12 03:05:27 | INFO | 🧠 Features: densité=0.994, sym_h=0.882, sym_v=0.454, clusters=28
2026-06-12 03:05:27 | INFO | 🎯 Action choisie: 2
2026-06-12 03:05:27 | INFO | 📥 Résultat: GameState.NOT_FINISHED
2026-06-12 03:05:27 | INFO | 
--- Action 138/200 ---
2026-06-12 03:05:27 | INFO | État: GameState.NOT_FINISHED
2026-06-12 03:05:27 | INFO | Niveaux complétés: 0/8
2026-06-12 03:05:27 | INFO | ✅ Grille extraite: shape=(64, 64), unique_colors=10
2026-06-12 03:05:27 | INFO | 🧠 Features: densité=0.994, sym_h=0.884, sym_v=0.457, clusters=27
2026-06-12 03:05:27 | INFO | 🎯 Action choisie: 7
2026-06-12 03:05:27 | INFO | 📥 Résultat: GameState.NOT_FINISHED
2026-06-12 03:05:27 | INFO | 
--- Action 139/200 ---
2026-06-12 03:05:27 | INFO | État: GameState.NOT_FINISHED
2026-06-12 03:05:27 | INFO | Niveaux complétés: 0/8
2026-06-12 03:05:27 | INFO | ✅ Grille extraite: shape=(64, 64), unique_colors=10
2026-06-12 03:05:27 | INFO | 🧠 Features: densité=0.994, sym_h=0.882, sym_v=0.451, clusters=29
2026-06-12 03:05:27 | INFO | 🎯 Action choisie: 7
2026-06-12 03:05:27 | INFO | 📥 Résultat: GameState.NOT_FINISHED
2026-06-12 03:05:27 | INFO | 
--- Action 140/200 ---
2026-06-12 03:05:27 | INFO | État: GameState.NOT_FINISHED
2026-06-12 03:05:27 | INFO | Niveaux complétés: 0/8
2026-06-12 03:05:27 | INFO | ✅ Grille extraite: shape=(64, 64), unique_colors=10
2026-06-12 03:05:27 | INFO | 🧠 Features: densité=0.994, sym_h=0.884, sym_v=0.457, clusters=27
2026-06-12 03:05:27 | INFO | 🎯 Action choisie: 6
2026-06-12 03:05:27 | INFO | 📥 Résultat: GameState.NOT_FINISHED
2026-06-12 03:05:27 | WARNING | ⚠️ Action 6 sans effet (état identique)
2026-06-12 03:05:27 | INFO | 
--- Action 141/200 ---
2026-06-12 03:05:27 | INFO | État: GameState.NOT_FINISHED
2026-06-12 03:05:27 | INFO | Niveaux complétés: 0/8
2026-06-12 03:05:27 | INFO | ✅ Grille extraite: shape=(64, 64), unique_colors=10
2026-06-12 03:05:27 | INFO | 🧠 Features: densité=0.994, sym_h=0.884, sym_v=0.457, clusters=27
2026-06-12 03:05:27 | INFO | 🎯 Action choisie: 1
2026-06-12 03:05:27 | INFO | 📥 Résultat: GameState.NOT_FINISHED
2026-06-12 03:05:27 | INFO | 
--- Action 142/200 ---
2026-06-12 03:05:27 | INFO | État: GameState.NOT_FINISHED
2026-06-12 03:05:27 | INFO | Niveaux complétés: 0/8
2026-06-12 03:05:27 | INFO | ✅ Grille extraite: shape=(64, 64), unique_colors=10
2026-06-12 03:05:27 | INFO | 🧠 Features: densité=0.994, sym_h=0.886, sym_v=0.455, clusters=27
2026-06-12 03:05:27 | INFO | 🎯 Action choisie: 7
2026-06-12 03:05:27 | INFO | 📥 Résultat: GameState.NOT_FINISHED
2026-06-12 03:05:27 | INFO | 
--- Action 143/200 ---
2026-06-12 03:05:27 | INFO | État: GameState.NOT_FINISHED
2026-06-12 03:05:27 | INFO | Niveaux complétés: 0/8
2026-06-12 03:05:27 | INFO | ✅ Grille extraite: shape=(64, 64), unique_colors=10
2026-06-12 03:05:27 | INFO | 🧠 Features: densité=0.994, sym_h=0.884, sym_v=0.457, clusters=27
2026-06-12 03:05:27 | INFO | 🎯 Action choisie: 1
2026-06-12 03:05:27 | INFO | 📥 Résultat: GameState.NOT_FINISHED
2026-06-12 03:05:27 | INFO | 
--- Action 144/200 ---
2026-06-12 03:05:27 | INFO | État: GameState.NOT_FINISHED
2026-06-12 03:05:27 | INFO | Niveaux complétés: 0/8
2026-06-12 03:05:27 | INFO | ✅ Grille extraite: shape=(64, 64), unique_colors=10
2026-06-12 03:05:27 | INFO | 🧠 Features: densité=0.994, sym_h=0.886, sym_v=0.455, clusters=27
2026-06-12 03:05:27 | INFO | 🎯 Action choisie: 4
2026-06-12 03:05:27 | INFO | 📥 Résultat: GameState.NOT_FINISHED
2026-06-12 03:05:27 | INFO | 
--- Action 145/200 ---
2026-06-12 03:05:27 | INFO | État: GameState.NOT_FINISHED
2026-06-12 03:05:27 | INFO | Niveaux complétés: 0/8
2026-06-12 03:05:27 | INFO | ✅ Grille extraite: shape=(64, 64), unique_colors=10
2026-06-12 03:05:27 | INFO | 🧠 Features: densité=0.994, sym_h=0.887, sym_v=0.459, clusters=28
2026-06-12 03:05:27 | INFO | 🎯 Action choisie: 6
2026-06-12 03:05:27 | INFO | 📥 Résultat: GameState.NOT_FINISHED
2026-06-12 03:05:27 | INFO | 
--- Action 146/200 ---
2026-06-12 03:05:27 | INFO | État: GameState.NOT_FINISHED
2026-06-12 03:05:27 | INFO | Niveaux complétés: 0/8
2026-06-12 03:05:27 | INFO | ✅ Grille extraite: shape=(64, 64), unique_colors=10
2026-06-12 03:05:27 | INFO | 🧠 Features: densité=0.994, sym_h=0.888, sym_v=0.456, clusters=29
2026-06-12 03:05:27 | INFO | 🎯 Action choisie: 7
2026-06-12 03:05:27 | INFO | 📥 Résultat: GameState.NOT_FINISHED
2026-06-12 03:05:27 | INFO | 
--- Action 147/200 ---
2026-06-12 03:05:27 | INFO | État: GameState.NOT_FINISHED
2026-06-12 03:05:27 | INFO | Niveaux complétés: 0/8
2026-06-12 03:05:27 | INFO | ✅ Grille extraite: shape=(64, 64), unique_colors=10
2026-06-12 03:05:27 | INFO | 🧠 Features: densité=0.994, sym_h=0.890, sym_v=0.462, clusters=27
2026-06-12 03:05:27 | INFO | 🎯 Action choisie: 1
2026-06-12 03:05:27 | INFO | 📥 Résultat: GameState.NOT_FINISHED
2026-06-12 03:05:27 | INFO | 
--- Action 148/200 ---
2026-06-12 03:05:27 | INFO | État: GameState.NOT_FINISHED
2026-06-12 03:05:27 | INFO | Niveaux complétés: 0/8
2026-06-12 03:05:27 | INFO | ✅ Grille extraite: shape=(64, 64), unique_colors=10
2026-06-12 03:05:27 | INFO | 🧠 Features: densité=0.994, sym_h=0.886, sym_v=0.458, clusters=27
2026-06-12 03:05:27 | INFO | 🎯 Action choisie: 2
2026-06-12 03:05:27 | INFO | 📥 Résultat: GameState.NOT_FINISHED
2026-06-12 03:05:27 | WARNING | ⚠️ Action 2 sans effet (état identique)
2026-06-12 03:05:27 | INFO | 
--- Action 149/200 ---
2026-06-12 03:05:27 | INFO | État: GameState.NOT_FINISHED
2026-06-12 03:05:27 | INFO | Niveaux complétés: 0/8
2026-06-12 03:05:27 | INFO | ✅ Grille extraite: shape=(64, 64), unique_colors=10
2026-06-12 03:05:27 | INFO | 🧠 Features: densité=0.994, sym_h=0.886, sym_v=0.458, clusters=27
2026-06-12 03:05:27 | INFO | 🎯 Action choisie: 7
2026-06-12 03:05:27 | INFO | 📥 Résultat: GameState.NOT_FINISHED
2026-06-12 03:05:27 | INFO | 
--- Action 150/200 ---
2026-06-12 03:05:27 | INFO | État: GameState.NOT_FINISHED
2026-06-12 03:05:27 | INFO | Niveaux complétés: 0/8
2026-06-12 03:05:27 | INFO | ✅ Grille extraite: shape=(64, 64), unique_colors=10
2026-06-12 03:05:27 | INFO | 🧠 Features: densité=0.994, sym_h=0.890, sym_v=0.455, clusters=27
2026-06-12 03:05:27 | INFO | 🎯 Action choisie: 1
2026-06-12 03:05:27 | INFO | 📥 Résultat: GameState.NOT_FINISHED
2026-06-12 03:05:27 | INFO | 
--- Action 151/200 ---
2026-06-12 03:05:27 | INFO | État: GameState.NOT_FINISHED
2026-06-12 03:05:27 | INFO | Niveaux complétés: 0/8
2026-06-12 03:05:27 | INFO | ✅ Grille extraite: shape=(64, 64), unique_colors=10
2026-06-12 03:05:27 | INFO | 🧠 Features: densité=0.994, sym_h=0.885, sym_v=0.457, clusters=27
2026-06-12 03:05:27 | INFO | 🎯 Action choisie: 1
2026-06-12 03:05:27 | INFO | 📥 Résultat: GameState.NOT_FINISHED
2026-06-12 03:05:27 | INFO | 
--- Action 152/200 ---
2026-06-12 03:05:27 | INFO | État: GameState.NOT_FINISHED
2026-06-12 03:05:27 | INFO | Niveaux complétés: 0/8
2026-06-12 03:05:27 | INFO | ✅ Grille extraite: shape=(64, 64), unique_colors=10
2026-06-12 03:05:27 | INFO | 🧠 Features: densité=0.994, sym_h=0.885, sym_v=0.469, clusters=27
2026-06-12 03:05:27 | INFO | 🎯 Action choisie: 2
2026-06-12 03:05:27 | INFO | 📥 Résultat: GameState.NOT_FINISHED
2026-06-12 03:05:27 | WARNING | ⚠️ Action 2 sans effet (état identique)
2026-06-12 03:05:27 | INFO | 
--- Action 153/200 ---
2026-06-12 03:05:27 | INFO | État: GameState.NOT_FINISHED
2026-06-12 03:05:27 | INFO | Niveaux complétés: 0/8
2026-06-12 03:05:27 | INFO | ✅ Grille extraite: shape=(64, 64), unique_colors=10
2026-06-12 03:05:27 | INFO | 🧠 Features: densité=0.994, sym_h=0.885, sym_v=0.469, clusters=27
2026-06-12 03:05:27 | INFO | 🎯 Action choisie: 2
2026-06-12 03:05:27 | INFO | 📥 Résultat: GameState.NOT_FINISHED
2026-06-12 03:05:27 | INFO | 
--- Action 154/200 ---
2026-06-12 03:05:27 | INFO | État: GameState.NOT_FINISHED
2026-06-12 03:05:27 | INFO | Niveaux complétés: 0/8
2026-06-12 03:05:27 | INFO | ✅ Grille extraite: shape=(64, 64), unique_colors=10
2026-06-12 03:05:27 | INFO | 🧠 Features: densité=0.994, sym_h=0.885, sym_v=0.457, clusters=27
2026-06-12 03:05:27 | INFO | 🎯 Action choisie: 2
2026-06-12 03:05:27 | INFO | 📥 Résultat: GameState.NOT_FINISHED
2026-06-12 03:05:27 | INFO | 
--- Action 155/200 ---
2026-06-12 03:05:27 | INFO | État: GameState.NOT_FINISHED
2026-06-12 03:05:27 | INFO | Niveaux complétés: 0/8
2026-06-12 03:05:27 | INFO | ✅ Grille extraite: shape=(64, 64), unique_colors=10
2026-06-12 03:05:27 | INFO | 🧠 Features: densité=0.994, sym_h=0.885, sym_v=0.458, clusters=27
2026-06-12 03:05:27 | INFO | 🎯 Action choisie: 4
2026-06-12 03:05:27 | INFO | 📥 Résultat: GameState.NOT_FINISHED
2026-06-12 03:05:27 | INFO | 
--- Action 156/200 ---
2026-06-12 03:05:27 | INFO | État: GameState.NOT_FINISHED
2026-06-12 03:05:27 | INFO | Niveaux complétés: 0/8
2026-06-12 03:05:27 | INFO | ✅ Grille extraite: shape=(64, 64), unique_colors=10
2026-06-12 03:05:28 | INFO | 🧠 Features: densité=0.994, sym_h=0.886, sym_v=0.459, clusters=28
2026-06-12 03:05:28 | INFO | 🎯 Action choisie: 3
2026-06-12 03:05:28 | INFO | 📥 Résultat: GameState.NOT_FINISHED
2026-06-12 03:05:28 | WARNING | ⚠️ Action 3 sans effet (état identique)
2026-06-12 03:05:28 | INFO | 
--- Action 157/200 ---
2026-06-12 03:05:28 | INFO | État: GameState.NOT_FINISHED
2026-06-12 03:05:28 | INFO | Niveaux complétés: 0/8
2026-06-12 03:05:28 | INFO | ✅ Grille extraite: shape=(64, 64), unique_colors=10
2026-06-12 03:05:28 | INFO | 🧠 Features: densité=0.994, sym_h=0.886, sym_v=0.459, clusters=28
2026-06-12 03:05:28 | INFO | 🎯 Action choisie: 1
2026-06-12 03:05:28 | INFO | 📥 Résultat: GameState.NOT_FINISHED
2026-06-12 03:05:28 | INFO | 
--- Action 158/200 ---
2026-06-12 03:05:28 | INFO | État: GameState.NOT_FINISHED
2026-06-12 03:05:28 | INFO | Niveaux complétés: 0/8
2026-06-12 03:05:28 | INFO | ✅ Grille extraite: shape=(64, 64), unique_colors=10
2026-06-12 03:05:28 | INFO | 🧠 Features: densité=0.994, sym_h=0.885, sym_v=0.458, clusters=27
2026-06-12 03:05:28 | INFO | 🎯 Action choisie: 7
2026-06-12 03:05:28 | INFO | 📥 Résultat: GameState.NOT_FINISHED
2026-06-12 03:05:28 | INFO | 
--- Action 159/200 ---
2026-06-12 03:05:28 | INFO | État: GameState.NOT_FINISHED
2026-06-12 03:05:28 | INFO | Niveaux complétés: 0/8
2026-06-12 03:05:28 | INFO | ✅ Grille extraite: shape=(64, 64), unique_colors=10
2026-06-12 03:05:28 | INFO | 🧠 Features: densité=0.994, sym_h=0.889, sym_v=0.462, clusters=27
2026-06-12 03:05:28 | INFO | 🎯 Action choisie: 6
2026-06-12 03:05:28 | INFO | 📥 Résultat: GameState.NOT_FINISHED
2026-06-12 03:05:28 | WARNING | ⚠️ Action 6 sans effet (état identique)
2026-06-12 03:05:28 | INFO | 
--- Action 160/200 ---
2026-06-12 03:05:28 | INFO | État: GameState.NOT_FINISHED
2026-06-12 03:05:28 | INFO | Niveaux complétés: 0/8
2026-06-12 03:05:28 | INFO | ✅ Grille extraite: shape=(64, 64), unique_colors=10
2026-06-12 03:05:28 | INFO | 🧠 Features: densité=0.994, sym_h=0.889, sym_v=0.462, clusters=27
2026-06-12 03:05:28 | INFO | 🎯 Action choisie: 1
2026-06-12 03:05:28 | INFO | 📥 Résultat: GameState.NOT_FINISHED
2026-06-12 03:05:28 | INFO | 
--- Action 161/200 ---
2026-06-12 03:05:28 | INFO | État: GameState.NOT_FINISHED
2026-06-12 03:05:28 | INFO | Niveaux complétés: 0/8
2026-06-12 03:05:28 | INFO | ✅ Grille extraite: shape=(64, 64), unique_colors=10
2026-06-12 03:05:28 | INFO | 🧠 Features: densité=0.994, sym_h=0.885, sym_v=0.458, clusters=27
2026-06-12 03:05:28 | INFO | 🎯 Action choisie: 2
2026-06-12 03:05:28 | INFO | 📥 Résultat: GameState.NOT_FINISHED
2026-06-12 03:05:28 | WARNING | ⚠️ Action 2 sans effet (état identique)
2026-06-12 03:05:28 | INFO | 
--- Action 162/200 ---
2026-06-12 03:05:28 | INFO | État: GameState.NOT_FINISHED
2026-06-12 03:05:28 | INFO | Niveaux complétés: 0/8
2026-06-12 03:05:28 | INFO | ✅ Grille extraite: shape=(64, 64), unique_colors=10
2026-06-12 03:05:28 | INFO | 🧠 Features: densité=0.994, sym_h=0.885, sym_v=0.458, clusters=27
2026-06-12 03:05:28 | INFO | 🎯 Action choisie: 1
2026-06-12 03:05:28 | INFO | 📥 Résultat: GameState.NOT_FINISHED
2026-06-12 03:05:28 | INFO | 
--- Action 163/200 ---
2026-06-12 03:05:28 | INFO | État: GameState.NOT_FINISHED
2026-06-12 03:05:28 | INFO | Niveaux complétés: 0/8
2026-06-12 03:05:28 | INFO | ✅ Grille extraite: shape=(64, 64), unique_colors=10
2026-06-12 03:05:28 | INFO | 🧠 Features: densité=0.994, sym_h=0.886, sym_v=0.458, clusters=27
2026-06-12 03:05:28 | INFO | 🎯 Action choisie: 2
2026-06-12 03:05:28 | INFO | 📥 Résultat: GameState.NOT_FINISHED
2026-06-12 03:05:28 | WARNING | ⚠️ Action 2 sans effet (état identique)
2026-06-12 03:05:28 | INFO | 
--- Action 164/200 ---
2026-06-12 03:05:28 | INFO | État: GameState.NOT_FINISHED
2026-06-12 03:05:28 | INFO | Niveaux complétés: 0/8
2026-06-12 03:05:28 | INFO | ✅ Grille extraite: shape=(64, 64), unique_colors=10
2026-06-12 03:05:28 | INFO | 🧠 Features: densité=0.994, sym_h=0.886, sym_v=0.458, clusters=27
2026-06-12 03:05:28 | INFO | 🎯 Action choisie: 6
2026-06-12 03:05:28 | INFO | 📥 Résultat: GameState.NOT_FINISHED
2026-06-12 03:05:28 | INFO | 
--- Action 165/200 ---
2026-06-12 03:05:28 | INFO | État: GameState.NOT_FINISHED
2026-06-12 03:05:28 | INFO | Niveaux complétés: 0/8
2026-06-12 03:05:28 | INFO | ✅ Grille extraite: shape=(64, 64), unique_colors=10
2026-06-12 03:05:28 | INFO | 🧠 Features: densité=0.994, sym_h=0.890, sym_v=0.462, clusters=27
2026-06-12 03:05:28 | INFO | 🎯 Action choisie: 1
2026-06-12 03:05:28 | INFO | 📥 Résultat: GameState.NOT_FINISHED
2026-06-12 03:05:28 | INFO | 
--- Action 166/200 ---
2026-06-12 03:05:28 | INFO | État: GameState.NOT_FINISHED
2026-06-12 03:05:28 | INFO | Niveaux complétés: 0/8
2026-06-12 03:05:28 | INFO | ✅ Grille extraite: shape=(64, 64), unique_colors=10
2026-06-12 03:05:28 | INFO | 🧠 Features: densité=0.994, sym_h=0.886, sym_v=0.458, clusters=27
2026-06-12 03:05:28 | INFO | 🎯 Action choisie: 3
2026-06-12 03:05:28 | INFO | 📥 Résultat: GameState.NOT_FINISHED
2026-06-12 03:05:28 | INFO | 
--- Action 167/200 ---
2026-06-12 03:05:28 | INFO | État: GameState.NOT_FINISHED
2026-06-12 03:05:28 | INFO | Niveaux complétés: 0/8
2026-06-12 03:05:28 | INFO | ✅ Grille extraite: shape=(64, 64), unique_colors=10
2026-06-12 03:05:28 | INFO | 🧠 Features: densité=0.994, sym_h=0.893, sym_v=0.458, clusters=26
2026-06-12 03:05:28 | INFO | 🎯 Action choisie: 1
2026-06-12 03:05:28 | INFO | 📥 Résultat: GameState.NOT_FINISHED
2026-06-12 03:05:28 | INFO | 
--- Action 168/200 ---
2026-06-12 03:05:28 | INFO | État: GameState.NOT_FINISHED
2026-06-12 03:05:28 | INFO | Niveaux complétés: 0/8
2026-06-12 03:05:28 | INFO | ✅ Grille extraite: shape=(64, 64), unique_colors=10
2026-06-12 03:05:28 | INFO | 🧠 Features: densité=0.994, sym_h=0.892, sym_v=0.463, clusters=25
2026-06-12 03:05:28 | INFO | 🎯 Action choisie: 3
2026-06-12 03:05:28 | INFO | 📥 Résultat: GameState.NOT_FINISHED
2026-06-12 03:05:28 | INFO | 
--- Action 169/200 ---
2026-06-12 03:05:28 | INFO | État: GameState.NOT_FINISHED
2026-06-12 03:05:28 | INFO | Niveaux complétés: 0/8
2026-06-12 03:05:28 | INFO | ✅ Grille extraite: shape=(64, 64), unique_colors=10
2026-06-12 03:05:28 | INFO | 🧠 Features: densité=0.994, sym_h=0.897, sym_v=0.469, clusters=24
2026-06-12 03:05:28 | INFO | 🎯 Action choisie: 1
2026-06-12 03:05:28 | INFO | 📥 Résultat: GameState.NOT_FINISHED
2026-06-12 03:05:28 | INFO | 
--- Action 170/200 ---
2026-06-12 03:05:28 | INFO | État: GameState.NOT_FINISHED
2026-06-12 03:05:28 | INFO | Niveaux complétés: 0/8
2026-06-12 03:05:28 | INFO | ✅ Grille extraite: shape=(64, 64), unique_colors=10
2026-06-12 03:05:28 | INFO | 🧠 Features: densité=0.994, sym_h=0.898, sym_v=0.469, clusters=23
2026-06-12 03:05:28 | INFO | 🎯 Action choisie: 1
2026-06-12 03:05:28 | INFO | 📥 Résultat: GameState.NOT_FINISHED
2026-06-12 03:05:28 | INFO | 
--- Action 171/200 ---
2026-06-12 03:05:28 | INFO | État: GameState.NOT_FINISHED
2026-06-12 03:05:28 | INFO | Niveaux complétés: 0/8
2026-06-12 03:05:28 | INFO | ✅ Grille extraite: shape=(64, 64), unique_colors=10
2026-06-12 03:05:28 | INFO | 🧠 Features: densité=0.994, sym_h=0.896, sym_v=0.467, clusters=23
2026-06-12 03:05:28 | INFO | 🎯 Action choisie: 2
2026-06-12 03:05:28 | INFO | 📥 Résultat: GameState.NOT_FINISHED
2026-06-12 03:05:28 | INFO | 
--- Action 172/200 ---
2026-06-12 03:05:28 | INFO | État: GameState.NOT_FINISHED
2026-06-12 03:05:28 | INFO | Niveaux complétés: 0/8
2026-06-12 03:05:28 | INFO | ✅ Grille extraite: shape=(64, 64), unique_colors=10
2026-06-12 03:05:28 | INFO | 🧠 Features: densité=0.994, sym_h=0.898, sym_v=0.469, clusters=23
2026-06-12 03:05:28 | INFO | 🎯 Action choisie: 7
2026-06-12 03:05:28 | INFO | 📥 Résultat: GameState.NOT_FINISHED
2026-06-12 03:05:28 | INFO | 
--- Action 173/200 ---
2026-06-12 03:05:28 | INFO | État: GameState.NOT_FINISHED
2026-06-12 03:05:28 | INFO | Niveaux complétés: 0/8
2026-06-12 03:05:28 | INFO | ✅ Grille extraite: shape=(64, 64), unique_colors=10
2026-06-12 03:05:28 | INFO | 🧠 Features: densité=0.994, sym_h=0.896, sym_v=0.467, clusters=23
2026-06-12 03:05:28 | INFO | 🎯 Action choisie: 3
2026-06-12 03:05:28 | INFO | 📥 Résultat: GameState.NOT_FINISHED
2026-06-12 03:05:28 | INFO | 
--- Action 174/200 ---
2026-06-12 03:05:28 | INFO | État: GameState.NOT_FINISHED
2026-06-12 03:05:28 | INFO | Niveaux complétés: 0/8
2026-06-12 03:05:28 | INFO | ✅ Grille extraite: shape=(64, 64), unique_colors=10
2026-06-12 03:05:28 | INFO | 🧠 Features: densité=0.994, sym_h=0.897, sym_v=0.467, clusters=23
2026-06-12 03:05:28 | INFO | 🎯 Action choisie: 4
2026-06-12 03:05:28 | INFO | 📥 Résultat: GameState.NOT_FINISHED
2026-06-12 03:05:28 | INFO | 
--- Action 175/200 ---
2026-06-12 03:05:28 | INFO | État: GameState.NOT_FINISHED
2026-06-12 03:05:28 | INFO | Niveaux complétés: 0/8
2026-06-12 03:05:28 | INFO | ✅ Grille extraite: shape=(64, 64), unique_colors=10
2026-06-12 03:05:28 | INFO | 🧠 Features: densité=0.994, sym_h=0.894, sym_v=0.467, clusters=24
2026-06-12 03:05:28 | INFO | 🎯 Action choisie: 2
2026-06-12 03:05:28 | INFO | 📥 Résultat: GameState.NOT_FINISHED
2026-06-12 03:05:28 | INFO | 
--- Action 176/200 ---
2026-06-12 03:05:28 | INFO | État: GameState.NOT_FINISHED
2026-06-12 03:05:28 | INFO | Niveaux complétés: 0/8
2026-06-12 03:05:28 | INFO | ✅ Grille extraite: shape=(64, 64), unique_colors=10
2026-06-12 03:05:28 | INFO | 🧠 Features: densité=0.994, sym_h=0.893, sym_v=0.469, clusters=25
2026-06-12 03:05:28 | INFO | 🎯 Action choisie: 2
2026-06-12 03:05:28 | INFO | 📥 Résultat: GameState.NOT_FINISHED
2026-06-12 03:05:28 | INFO | 
--- Action 177/200 ---
2026-06-12 03:05:28 | INFO | État: GameState.NOT_FINISHED
2026-06-12 03:05:28 | INFO | Niveaux complétés: 0/8
2026-06-12 03:05:28 | INFO | ✅ Grille extraite: shape=(64, 64), unique_colors=10
2026-06-12 03:05:28 | INFO | 🧠 Features: densité=0.994, sym_h=0.894, sym_v=0.463, clusters=25
2026-06-12 03:05:28 | INFO | 🎯 Action choisie: 2
2026-06-12 03:05:28 | INFO | 📥 Résultat: GameState.NOT_FINISHED
2026-06-12 03:05:28 | INFO | 
--- Action 178/200 ---
2026-06-12 03:05:28 | INFO | État: GameState.NOT_FINISHED
2026-06-12 03:05:28 | INFO | Niveaux complétés: 0/8
2026-06-12 03:05:28 | INFO | ✅ Grille extraite: shape=(64, 64), unique_colors=10
2026-06-12 03:05:28 | INFO | 🧠 Features: densité=0.994, sym_h=0.894, sym_v=0.464, clusters=25
2026-06-12 03:05:28 | INFO | 🎯 Action choisie: 3
2026-06-12 03:05:28 | INFO | 📥 Résultat: GameState.NOT_FINISHED
2026-06-12 03:05:28 | INFO | 
--- Action 179/200 ---
2026-06-12 03:05:28 | INFO | État: GameState.NOT_FINISHED
2026-06-12 03:05:28 | INFO | Niveaux complétés: 0/8
2026-06-12 03:05:28 | INFO | ✅ Grille extraite: shape=(64, 64), unique_colors=10
2026-06-12 03:05:28 | INFO | 🧠 Features: densité=0.994, sym_h=0.898, sym_v=0.471, clusters=24
2026-06-12 03:05:28 | INFO | 🎯 Action choisie: 4
2026-06-12 03:05:28 | INFO | 📥 Résultat: GameState.NOT_FINISHED
2026-06-12 03:05:28 | INFO | 
--- Action 180/200 ---
2026-06-12 03:05:28 | INFO | État: GameState.NOT_FINISHED
2026-06-12 03:05:28 | INFO | Niveaux complétés: 0/8
2026-06-12 03:05:28 | INFO | ✅ Grille extraite: shape=(64, 64), unique_colors=10
2026-06-12 03:05:29 | INFO | 🧠 Features: densité=0.994, sym_h=0.899, sym_v=0.471, clusters=24
2026-06-12 03:05:29 | INFO | 🎯 Action choisie: 1
2026-06-12 03:05:29 | INFO | 📥 Résultat: GameState.NOT_FINISHED
2026-06-12 03:05:29 | INFO | 
--- Action 181/200 ---
2026-06-12 03:05:29 | INFO | État: GameState.NOT_FINISHED
2026-06-12 03:05:29 | INFO | Niveaux complétés: 0/8
2026-06-12 03:05:29 | INFO | ✅ Grille extraite: shape=(64, 64), unique_colors=10
2026-06-12 03:05:29 | INFO | 🧠 Features: densité=0.994, sym_h=0.894, sym_v=0.464, clusters=25
2026-06-12 03:05:29 | INFO | 🎯 Action choisie: 4
2026-06-12 03:05:29 | INFO | 📥 Résultat: GameState.NOT_FINISHED
2026-06-12 03:05:29 | INFO | 
--- Action 182/200 ---
2026-06-12 03:05:29 | INFO | État: GameState.NOT_FINISHED
2026-06-12 03:05:29 | INFO | Niveaux complétés: 0/8
2026-06-12 03:05:29 | INFO | ✅ Grille extraite: shape=(64, 64), unique_colors=10
2026-06-12 03:05:29 | INFO | 🧠 Features: densité=0.994, sym_h=0.895, sym_v=0.458, clusters=26
2026-06-12 03:05:29 | INFO | 🎯 Action choisie: 6
2026-06-12 03:05:29 | INFO | 📥 Résultat: GameState.NOT_FINISHED
2026-06-12 03:05:29 | INFO | 
--- Action 183/200 ---
2026-06-12 03:05:29 | INFO | État: GameState.NOT_FINISHED
2026-06-12 03:05:29 | INFO | Niveaux complétés: 0/8
2026-06-12 03:05:29 | INFO | ✅ Grille extraite: shape=(64, 64), unique_colors=10
2026-06-12 03:05:29 | INFO | 🧠 Features: densité=0.994, sym_h=0.892, sym_v=0.455, clusters=27
2026-06-12 03:05:29 | INFO | 🎯 Action choisie: 6
2026-06-12 03:05:29 | INFO | 📥 Résultat: GameState.NOT_FINISHED
2026-06-12 03:05:29 | WARNING | ⚠️ Action 6 sans effet (état identique)
2026-06-12 03:05:29 | INFO | 
--- Action 184/200 ---
2026-06-12 03:05:29 | INFO | État: GameState.NOT_FINISHED
2026-06-12 03:05:29 | INFO | Niveaux complétés: 0/8
2026-06-12 03:05:29 | INFO | ✅ Grille extraite: shape=(64, 64), unique_colors=10
2026-06-12 03:05:29 | INFO | 🧠 Features: densité=0.994, sym_h=0.892, sym_v=0.455, clusters=27
2026-06-12 03:05:29 | INFO | 🎯 Action choisie: 6
2026-06-12 03:05:29 | INFO | 📥 Résultat: GameState.NOT_FINISHED
2026-06-12 03:05:29 | WARNING | ⚠️ Action 6 sans effet (état identique)
2026-06-12 03:05:29 | INFO | 
--- Action 185/200 ---
2026-06-12 03:05:29 | INFO | État: GameState.NOT_FINISHED
2026-06-12 03:05:29 | INFO | Niveaux complétés: 0/8
2026-06-12 03:05:29 | INFO | ✅ Grille extraite: shape=(64, 64), unique_colors=10
2026-06-12 03:05:29 | INFO | 🧠 Features: densité=0.994, sym_h=0.892, sym_v=0.455, clusters=27
2026-06-12 03:05:29 | INFO | 🎯 Action choisie: 6
2026-06-12 03:05:29 | INFO | 📥 Résultat: GameState.NOT_FINISHED
2026-06-12 03:05:29 | WARNING | ⚠️ Action 6 sans effet (état identique)
2026-06-12 03:05:29 | INFO | 
--- Action 186/200 ---
2026-06-12 03:05:29 | INFO | État: GameState.NOT_FINISHED
2026-06-12 03:05:29 | INFO | Niveaux complétés: 0/8
2026-06-12 03:05:29 | INFO | ✅ Grille extraite: shape=(64, 64), unique_colors=10
2026-06-12 03:05:29 | INFO | 🧠 Features: densité=0.994, sym_h=0.892, sym_v=0.455, clusters=27
2026-06-12 03:05:29 | INFO | 🎯 Action choisie: 6
2026-06-12 03:05:29 | INFO | 📥 Résultat: GameState.NOT_FINISHED
2026-06-12 03:05:29 | WARNING | ⚠️ Action 6 sans effet (état identique)
2026-06-12 03:05:29 | INFO | 
--- Action 187/200 ---
2026-06-12 03:05:29 | INFO | État: GameState.NOT_FINISHED
2026-06-12 03:05:29 | INFO | Niveaux complétés: 0/8
2026-06-12 03:05:29 | INFO | ✅ Grille extraite: shape=(64, 64), unique_colors=10
2026-06-12 03:05:29 | INFO | 🧠 Features: densité=0.994, sym_h=0.892, sym_v=0.455, clusters=27
2026-06-12 03:05:29 | INFO | 🎯 Action choisie: 3
2026-06-12 03:05:29 | INFO | 📥 Résultat: GameState.NOT_FINISHED
2026-06-12 03:05:29 | INFO | 
--- Action 188/200 ---
2026-06-12 03:05:29 | INFO | État: GameState.NOT_FINISHED
2026-06-12 03:05:29 | INFO | Niveaux complétés: 0/8
2026-06-12 03:05:29 | INFO | ✅ Grille extraite: shape=(64, 64), unique_colors=10
2026-06-12 03:05:29 | INFO | 🧠 Features: densité=0.994, sym_h=0.896, sym_v=0.458, clusters=26
2026-06-12 03:05:29 | INFO | 🎯 Action choisie: 4
2026-06-12 03:05:29 | INFO | 📥 Résultat: GameState.NOT_FINISHED
2026-06-12 03:05:29 | WARNING | ⚠️ Action 4 sans effet (état identique)
2026-06-12 03:05:29 | INFO | 
--- Action 189/200 ---
2026-06-12 03:05:29 | INFO | État: GameState.NOT_FINISHED
2026-06-12 03:05:29 | INFO | Niveaux complétés: 0/8
2026-06-12 03:05:29 | INFO | ✅ Grille extraite: shape=(64, 64), unique_colors=10
2026-06-12 03:05:29 | INFO | 🧠 Features: densité=0.994, sym_h=0.896, sym_v=0.458, clusters=26
2026-06-12 03:05:29 | INFO | 🎯 Action choisie: 4
2026-06-12 03:05:29 | INFO | 📥 Résultat: GameState.NOT_FINISHED
2026-06-12 03:05:29 | INFO | 
--- Action 190/200 ---
2026-06-12 03:05:29 | INFO | État: GameState.NOT_FINISHED
2026-06-12 03:05:29 | INFO | Niveaux complétés: 0/8
2026-06-12 03:05:29 | INFO | ✅ Grille extraite: shape=(64, 64), unique_colors=10
2026-06-12 03:05:29 | INFO | 🧠 Features: densité=0.994, sym_h=0.890, sym_v=0.452, clusters=28
2026-06-12 03:05:29 | INFO | 🎯 Action choisie: 6
2026-06-12 03:05:29 | INFO | 📥 Résultat: GameState.NOT_FINISHED
2026-06-12 03:05:29 | INFO | 
--- Action 191/200 ---
2026-06-12 03:05:29 | INFO | État: GameState.NOT_FINISHED
2026-06-12 03:05:29 | INFO | Niveaux complétés: 0/8
2026-06-12 03:05:29 | INFO | ✅ Grille extraite: shape=(64, 64), unique_colors=10
2026-06-12 03:05:29 | INFO | 🧠 Features: densité=0.994, sym_h=0.891, sym_v=0.449, clusters=29
2026-06-12 03:05:29 | INFO | 🎯 Action choisie: 7
2026-06-12 03:05:29 | INFO | 📥 Résultat: GameState.NOT_FINISHED
2026-06-12 03:05:29 | INFO | 
--- Action 192/200 ---
2026-06-12 03:05:29 | INFO | État: GameState.NOT_FINISHED
2026-06-12 03:05:29 | INFO | Niveaux complétés: 0/8
2026-06-12 03:05:29 | INFO | ✅ Grille extraite: shape=(64, 64), unique_colors=10
2026-06-12 03:05:29 | INFO | 🧠 Features: densité=0.994, sym_h=0.893, sym_v=0.455, clusters=27
2026-06-12 03:05:29 | INFO | 🎯 Action choisie: 4
2026-06-12 03:05:29 | INFO | 📥 Résultat: GameState.NOT_FINISHED
2026-06-12 03:05:29 | INFO | 
--- Action 193/200 ---
2026-06-12 03:05:29 | INFO | État: GameState.NOT_FINISHED
2026-06-12 03:05:29 | INFO | Niveaux complétés: 0/8
2026-06-12 03:05:29 | INFO | ✅ Grille extraite: shape=(64, 64), unique_colors=10
2026-06-12 03:05:29 | INFO | 🧠 Features: densité=0.994, sym_h=0.890, sym_v=0.452, clusters=28
[ARC Agent V2] 🧠 Exploitation: action 7
[ARC Agent V2] 🧠 Exploitation: action 7
[ARC Agent V2] 🎲 Exploration: action 7
[ARC Agent V2] 🧠 Exploitation: action 1
[ARC Agent V2] 🎲 Exploration: action 7
[ARC Agent V2] 🧠 Exploitation: action 7
[ARC Agent V2] 🧠 Exploitation: action 1
[ARC Agent V2] 🧠 Exploitation: action 4
[ARC Agent V2] 🧠 Exploitation: action 1
[ARC Agent V2] 🧠 Exploitation: action 2
[ARC Agent V2] 🎲 Exploration: action 7
[ARC Agent V2] 🧠 Exploitation: action 4
[ARC Agent V2] 🎲 Exploration: action 4
[ARC Agent V2] 🧠 Exploitation: action 7
[ARC Agent V2] 🎲 Exploration: action 1
[ARC Agent V2] 🧠 Exploitation: action 7
[ARC Agent V2] 🧠 Exploitation: action 1
[ARC Agent V2] 🎲 Exploration: action 4
[ARC Agent V2] 🎲 Exploration: action 1
[ARC Agent V2] 🧠 Exploitation: action 6
[ARC Agent V2] 🎲 Exploration: action 4
[ARC Agent V2] 🎲 Exploration: action 4
[ARC Agent V2] 🧠 Exploitation: action 4
[ARC Agent V2] 🧠 Exploitation: action 7
[ARC Agent V2] 🧠 Exploitation: action 2
[ARC Agent V2] 🧠 Exploitation: action 2
[ARC Agent V2] 🧠 Exploitation: action 6
[ARC Agent V2] 🎲 Exploration: action 1
[ARC Agent V2] 🧠 Exploitation: action 3
[ARC Agent V2] 🧠 Exploitation: action 4
[ARC Agent V2] 🧠 Exploitation: action 3
[ARC Agent V2] 🎲 Exploration: action 2
[ARC Agent V2] 🧠 Exploitation: action 3
[ARC Agent V2] 🧠 Exploitation: action 3
[ARC Agent V2] 🎲 Exploration: action 3
[ARC Agent V2] 🎲 Exploration: action 4
[ARC Agent V2] 🎲 Exploration: action 3
[ARC Agent V2] 🧠 Exploitation: action 1
[ARC Agent V2] 🎲 Exploration: action 3
[ARC Agent V2] 🧠 Exploitation: action 6
[ARC Agent V2] 🎲 Exploration: action 6
[ARC Agent V2] 🎲 Exploration: action 7
[ARC Agent V2] 🧠 Exploitation: action 6
[ARC Agent V2] 🎲 Exploration: action 3
[ARC Agent V2] 🧠 Exploitation: action 3
[ARC Agent V2] 🎲 Exploration: action 3
[ARC Agent V2] 🧠 Exploitation: action 2
[ARC Agent V2] 🧠 Exploitation: action 2
[ARC Agent V2] 🎲 Exploration: action 1
[ARC Agent V2] 🎲 Exploration: action 2
[ARC Agent V2] 🧠 Exploitation: action 1
[ARC Agent V2] 🎲 Exploration: action 6
[ARC Agent V2] 🧠 Exploitation: action 6
[ARC Agent V2] 🧠 Exploitation: action 1
[ARC Agent V2] 🧠 Exploitation: action 6
[ARC Agent V2] 🎲 Exploration: action 6
[ARC Agent V2] 🧠 Exploitation: action 1
[ARC Agent V2] 🧠 Exploitation: action 3
[ARC Agent V2] 🧠 Exploitation: action 3
[ARC Agent V2] 🧠 Exploitation: action 7
[ARC Agent V2] 🎲 Exploration: action 4
[ARC Agent V2] 🧠 Exploitation: action 7
[ARC Agent V2] 🎲 Exploration: action 1
[ARC Agent V2] 🎲 Exploration: action 7
[ARC Agent V2] 🧠 Exploitation: action 3
[ARC Agent V2] 🎲 Exploration: action 6
[ARC Agent V2] 🧠 Exploitation: action 1
[ARC Agent V2] 🧠 Exploitation: action 4
[ARC Agent V2] 🧠 Exploitation: action 3
[ARC Agent V2] 🧠 Exploitation: action 4
[ARC Agent V2] 🎲 Exploration: action 7
[ARC Agent V2] 🎲 Exploration: action 4
[ARC Agent V2] 🎲 Exploration: action 2
[ARC Agent V2] 🎲 Exploration: action 3
[ARC Agent V2] 🧠 Exploitation: action 1
[ARC Agent V2] 🎲 Exploration: action 1
[ARC Agent V2] 🎲 Exploration: action 2
[ARC Agent V2] 🎲 Exploration: action 6
[ARC Agent V2] 🧠 Exploitation: action 6
[ARC Agent V2] 🧠 Exploitation: action 1
[ARC Agent V2] 🎲 Exploration: action 6
[ARC Agent V2] 🧠 Exploitation: action 7
[ARC Agent V2] 🎲 Exploration: action 3
[ARC Agent V2] 🧠 Exploitation: action 7
[ARC Agent V2] 🧠 Exploitation: action 2
[ARC Agent V2] 🎲 Exploration: action 7
[ARC Agent V2] 🎲 Exploration: action 7
[ARC Agent V2] 🎲 Exploration: action 1
[ARC Agent V2] 🎲 Exploration: action 2
[ARC Agent V2] 🧠 Exploitation: action 7
[ARC Agent V2] 🎲 Exploration: action 7
[ARC Agent V2] 🎲 Exploration: action 7
[ARC Agent V2] 🎲 Exploration: action 1
[ARC Agent V2] 🧠 Exploitation: action 6
[ARC Agent V2] 🧠 Exploitation: action 3
[ARC Agent V2] 🧠 Exploitation: action 1
[ARC Agent V2] 🎲 Exploration: action 3
[ARC Agent V2] 🎲 Exploration: action 4
[ARC Agent V2] 🎲 Exploration: action 3
[ARC Agent V2] 🎲 Exploration: action 7
[ARC Agent V2] 🎲 Exploration: action 7
[ARC Agent V2] 🎲 Exploration: action 7
[ARC Agent V2] 🧠 Exploitation: action 6
[ARC Agent V2] 🧠 Exploitation: action 6
[ARC Agent V2] 🧠 Exploitation: action 4
[ARC Agent V2] 🎲 Exploration: action 4
[ARC Agent V2] 🧠 Exploitation: action 4
[ARC Agent V2] 🧠 Exploitation: action 7
[ARC Agent V2] 🎲 Exploration: action 4
[ARC Agent V2] 🧠 Exploitation: action 2
[ARC Agent V2] 🎲 Exploration: action 2
[ARC Agent V2] 🎲 Exploration: action 1
[ARC Agent V2] 🧠 Exploitation: action 2
[ARC Agent V2] 🧠 Exploitation: action 1
[ARC Agent V2] 🧠 Exploitation: action 1
[ARC Agent V2] 🧠 Exploitation: action 7
[ARC Agent V2] 🎲 Exploration: action 2
[ARC Agent V2] 🎲 Exploration: action 2
[ARC Agent V2] 🎲 Exploration: action 4
[ARC Agent V2] 🧠 Exploitation: action 7
[ARC Agent V2] 🎲 Exploration: action 6
[ARC Agent V2] 🧠 Exploitation: action 2
[ARC Agent V2] 🎲 Exploration: action 7
[ARC Agent V2] 🧠 Exploitation: action 2
[ARC Agent V2] 🧠 Exploitation: action 3
[ARC Agent V2] 🧠 Exploitation: action 2
[ARC Agent V2] 🎲 Exploration: action 1
[ARC Agent V2] 🧠 Exploitation: action 2
[ARC Agent V2] 🧠 Exploitation: action 4
[ARC Agent V2] 🧠 Exploitation: action 7
[ARC Agent V2] 🧠 Exploitation: action 2
[ARC Agent V2] 🧠 Exploitation: action 4
[ARC Agent V2] 🧠 Exploitation: action 4
[ARC Agent V2] 🎲 Exploration: action 6
[ARC Agent V2] 🧠 Exploitation: action 7
[ARC Agent V2] 🎲 Exploration: action 3
[ARC Agent V2] 🧠 Exploitation: action 2
[ARC Agent V2] 🧠 Exploitation: action 7
[ARC Agent V2] 🎲 Exploration: action 7
[ARC Agent V2] 🎲 Exploration: action 6
[ARC Agent V2] 🧠 Exploitation: action 1
[ARC Agent V2] 🧠 Exploitation: action 7
[ARC Agent V2] 🎲 Exploration: action 1
[ARC Agent V2] 🧠 Exploitation: action 4
[ARC Agent V2] 🧠 Exploitation: action 6
[ARC Agent V2] 🎲 Exploration: action 7
[ARC Agent V2] 🧠 Exploitation: action 1
[ARC Agent V2] 🎲 Exploration: action 2
[ARC Agent V2] 🎲 Exploration: action 7
[ARC Agent V2] 🧠 Exploitation: action 1
[ARC Agent V2] 🧠 Exploitation: action 1
[ARC Agent V2] 🎲 Exploration: action 2
[ARC Agent V2] 🧠 Exploitation: action 2
[ARC Agent V2] 🧠 Exploitation: action 2
[ARC Agent V2] 🧠 Exploitation: action 4
[ARC Agent V2] 🧠 Exploitation: action 3
[ARC Agent V2] 🧠 Exploitation: action 1
[ARC Agent V2] 🧠 Exploitation: action 7
[ARC Agent V2] 🧠 Exploitation: action 6
[ARC Agent V2] 🧠 Exploitation: action 1
[ARC Agent V2] 🎲 Exploration: action 2
[ARC Agent V2] 🎲 Exploration: action 1
[ARC Agent V2] 🧠 Exploitation: action 2
[ARC Agent V2] 🧠 Exploitation: action 6
[ARC Agent V2] 🧠 Exploitation: action 1
[ARC Agent V2] 🧠 Exploitation: action 3
[ARC Agent V2] 🎲 Exploration: action 1
[ARC Agent V2] 🎲 Exploration: action 3
[ARC Agent V2] 🎲 Exploration: action 1
[ARC Agent V2] 🎲 Exploration: action 1
[ARC Agent V2] 🧠 Exploitation: action 2
[ARC Agent V2] 🧠 Exploitation: action 7
[ARC Agent V2] 🧠 Exploitation: action 3
[ARC Agent V2] 🧠 Exploitation: action 4
[ARC Agent V2] 🎲 Exploration: action 2
[ARC Agent V2] 🧠 Exploitation: action 2
[ARC Agent V2] 🎲 Exploration: action 2
[ARC Agent V2] 🧠 Exploitation: action 3
[ARC Agent V2] 🧠 Exploitation: action 4
[ARC Agent V2] 🎲 Exploration: action 1
[ARC Agent V2] 🎲 Exploration: action 4
[ARC Agent V2] 🎲 Exploration: action 6
[ARC Agent V2] 🧠 Exploitation: action 6
[ARC Agent V2] 🎲 Exploration: action 6
[ARC Agent V2] 🧠 Exploitation: action 6
[ARC Agent V2] 🧠 Exploitation: action 6
[ARC Agent V2] 🧠 Exploitation: action 3
[ARC Agent V2] 🧠 Exploitation: action 4
[ARC Agent V2] 🧠 Exploitation: action 4
[ARC Agent V2] 🧠 Exploitation: action 6
[ARC Agent V2] 🎲 Exploration: action 7
[ARC Agent V2] 🧠 Exploitation: action 4
[ARC Agent V2] 🎲 Exploration: action 42026-06-12 03:05:29 | INFO | 🎯 Action choisie: 4
2026-06-12 03:05:29 | INFO | 📥 Résultat: GameState.NOT_FINISHED
2026-06-12 03:05:29 | INFO | 
--- Action 194/200 ---
2026-06-12 03:05:29 | INFO | État: GameState.NOT_FINISHED
2026-06-12 03:05:29 | INFO | Niveaux complétés: 0/8
2026-06-12 03:05:29 | INFO | ✅ Grille extraite: shape=(64, 64), unique_colors=10
2026-06-12 03:05:29 | INFO | 🧠 Features: densité=0.994, sym_h=0.892, sym_v=0.446, clusters=30
2026-06-12 03:05:29 | INFO | 🎯 Action choisie: 4
2026-06-12 03:05:29 | INFO | 📥 Résultat: GameState.NOT_FINISHED
2026-06-12 03:05:29 | INFO | 
--- Action 195/200 ---
2026-06-12 03:05:29 | INFO | État: GameState.NOT_FINISHED
2026-06-12 03:05:29 | INFO | Niveaux complétés: 0/8
2026-06-12 03:05:29 | INFO | ✅ Grille extraite: shape=(64, 64), unique_colors=10
2026-06-12 03:05:29 | INFO | 🧠 Features: densité=0.994, sym_h=0.889, sym_v=0.440, clusters=31
2026-06-12 03:05:29 | INFO | 🎯 Action choisie: 3
2026-06-12 03:05:29 | INFO | 📥 Résultat: GameState.NOT_FINISHED
2026-06-12 03:05:29 | INFO | 
--- Action 196/200 ---
2026-06-12 03:05:29 | INFO | État: GameState.NOT_FINISHED
2026-06-12 03:05:29 | INFO | Niveaux complétés: 0/8
2026-06-12 03:05:29 | INFO | ✅ Grille extraite: shape=(64, 64), unique_colors=10
2026-06-12 03:05:29 | INFO | 🧠 Features: densité=0.994, sym_h=0.893, sym_v=0.444, clusters=30
2026-06-12 03:05:29 | INFO | 🎯 Action choisie: 3
2026-06-12 03:05:29 | INFO | 📥 Résultat: GameState.NOT_FINISHED
2026-06-12 03:05:29 | INFO | 
--- Action 197/200 ---
2026-06-12 03:05:29 | INFO | État: GameState.NOT_FINISHED
2026-06-12 03:05:29 | INFO | Niveaux complétés: 0/8
2026-06-12 03:05:29 | INFO | ✅ Grille extraite: shape=(64, 64), unique_colors=10
2026-06-12 03:05:29 | INFO | 🧠 Features: densité=0.994, sym_h=0.891, sym_v=0.450, clusters=28
2026-06-12 03:05:29 | INFO | 🎯 Action choisie: 4
2026-06-12 03:05:29 | INFO | 📥 Résultat: GameState.NOT_FINISHED
2026-06-12 03:05:29 | WARNING | ⚠️ Action 4 sans effet (état identique)
2026-06-12 03:05:29 | INFO | 
--- Action 198/200 ---
2026-06-12 03:05:29 | INFO | État: GameState.NOT_FINISHED
2026-06-12 03:05:29 | INFO | Niveaux complétés: 0/8
2026-06-12 03:05:29 | INFO | ✅ Grille extraite: shape=(64, 64), unique_colors=10
2026-06-12 03:05:29 | INFO | 🧠 Features: densité=0.994, sym_h=0.891, sym_v=0.450, clusters=28
2026-06-12 03:05:29 | INFO | 🎯 Action choisie: 4
2026-06-12 03:05:29 | INFO | 📥 Résultat: GameState.NOT_FINISHED
2026-06-12 03:05:29 | INFO | 
--- Action 199/200 ---
2026-06-12 03:05:29 | INFO | État: GameState.NOT_FINISHED
2026-06-12 03:05:29 | INFO | Niveaux complétés: 0/8
2026-06-12 03:05:29 | INFO | ✅ Grille extraite: shape=(64, 64), unique_colors=10
2026-06-12 03:05:29 | INFO | 🧠 Features: densité=0.994, sym_h=0.893, sym_v=0.444, clusters=30
2026-06-12 03:05:29 | INFO | 🎯 Action choisie: 2
2026-06-12 03:05:29 | INFO | 📥 Résultat: GameState.NOT_FINISHED
2026-06-12 03:05:29 | INFO | 
--- Action 200/200 ---
2026-06-12 03:05:29 | INFO | État: GameState.NOT_FINISHED
2026-06-12 03:05:29 | INFO | Niveaux complétés: 0/8
2026-06-12 03:05:29 | INFO | ✅ Grille extraite: shape=(64, 64), unique_colors=10
2026-06-12 03:05:29 | INFO | 🧠 Features: densité=0.994, sym_h=0.894, sym_v=0.444, clusters=32
2026-06-12 03:05:29 | INFO | 🎯 Action choisie: 6
2026-06-12 03:05:29 | INFO | 📥 Résultat: GameState.NOT_FINISHED
2026-06-12 03:05:29 | INFO | 💾 Logs forensiques sauvegardés dans: /home/lvx/LVX/lumvorax2/src/MAGEN/logs/forensic/v2_intelligent/sk48_d8078629
2026-06-12 03:05:29 | INFO | 
======================================================================
2026-06-12 03:05:29 | INFO | ✅ JEU TERMINÉ: sk48-d8078629
2026-06-12 03:05:29 | INFO |    Succès: False
2026-06-12 03:05:29 | INFO |    Niveaux: 0/8
2026-06-12 03:05:29 | INFO |    Actions: 200
2026-06-12 03:05:29 | INFO |    Durée: 9.08s
2026-06-12 03:05:29 | INFO | ======================================================================
🎮 Test 3/10: sk48-d8078:  30%|███       | 3/10 [00:19<00:51,  7.37s/jeu]🎮 Test 4/10: sp80-589a9:  30%|███       | 3/10 [00:19<00:51,  7.37s/jeu]2026-06-12 03:05:29 | INFO | 
======================================================================
2026-06-12 03:05:29 | INFO | 🎮 DÉMARRAGE JEU: sp80-589a99af
2026-06-12 03:05:29 | INFO | ======================================================================
2026-06-12 03:05:29 | INFO | 🔐 Forensic logging activé: /home/lvx/LVX/lumvorax2/src/MAGEN/logs/forensic/v2_intelligent/sp80_589a99af
2026-06-12 03:05:29 | INFO | 📦 Création environnement via Arcade.make('sp80-589a99af')...

[ARC Agent V2] 🧠 Exploitation: action 4
[ARC Agent V2] 🎲 Exploration: action 3
[ARC Agent V2] 🎲 Exploration: action 3
[ARC Agent V2] 🧠 Exploitation: action 4
[ARC Agent V2] 🧠 Exploitation: action 4
[ARC Agent V2] 🎲 Exploration: action 2
[ARC Agent V2] 🧠 Exploitation: action 6
[ARC Agent V2] ✗ Échec. Exploration rate augmenté à 0.500
[SimpleLogger] Logger initialisé: /home/lvx/LVX/lumvorax2/src/MAGEN/logs/forensic/v2_intelligent/sp80_589a99af
INFO:arc_agi.scorecard:Initialized ScorecardManager with idle_for=0:15:00 and max_open_for=3 days, 0:00:00
2026-06-12 03:05:30 | INFO | Got anonymous API key: 79f3ef66-94e0-4559-9c84-1838ce11b3aa
2026-06-12 03:05:30 | INFO | Got anonymous API key: 79f3ef66-94e0-4559-9c84-1838ce11b3aa
2026-06-12 03:05:30 | INFO | You can register for an API key at https://three.arcprize.org
2026-06-12 03:05:30 | INFO | You can register for an API key at https://three.arcprize.org
2026-06-12 03:05:30 | INFO | Successfully fetched 25 environment(s) from API
2026-06-12 03:05:30 | INFO | Successfully fetched 25 environment(s) from API
2026-06-12 03:05:30 | INFO | Created new scorecard: 0e5de3bc-c6c9-41dd-913f-99f517897e62
2026-06-12 03:05:30 | INFO | Created new scorecard: 0e5de3bc-c6c9-41dd-913f-99f517897e62
2026-06-12 03:05:30 | INFO | Successfully fetched metadata for game sp80
2026-06-12 03:05:30 | INFO | Successfully fetched metadata for game sp80
2026-06-12 03:05:30 | INFO | Successfully loaded game class Sp80 from environment_files/sp80/589a99af/sp80.py
2026-06-12 03:05:30 | INFO | Successfully loaded game class Sp80 from environment_files/sp80/589a99af/sp80.py
2026-06-12 03:05:30 | INFO | ✅ Environnement créé: <class 'arc_agi.local_wrapper.LocalEnvironmentWrapper'>
2026-06-12 03:05:30 | INFO | 📊 État initial:
2026-06-12 03:05:30 | INFO |    game_id: sp80-589a99af
2026-06-12 03:05:30 | INFO |    state: GameState.NOT_FINISHED
2026-06-12 03:05:30 | INFO |    levels_completed: 0/6
2026-06-12 03:05:30 | INFO |    available_actions: [1, 2, 3, 4, 5, 6]
2026-06-12 03:05:30 | INFO | 
--- Action 1/200 ---
2026-06-12 03:05:30 | INFO | État: GameState.NOT_FINISHED
2026-06-12 03:05:30 | INFO | Niveaux complétés: 0/6
2026-06-12 03:05:30 | INFO | ✅ Grille extraite: shape=(64, 64), unique_colors=7
2026-06-12 03:05:30 | INFO | 🧠 Features: densité=1.000, sym_h=0.900, sym_v=0.750, clusters=8
2026-06-12 03:05:30 | INFO | 🎯 Action choisie: 6
2026-06-12 03:05:30 | INFO | 📥 Résultat: GameState.NOT_FINISHED
2026-06-12 03:05:30 | INFO | 
--- Action 2/200 ---
2026-06-12 03:05:30 | INFO | État: GameState.NOT_FINISHED
2026-06-12 03:05:30 | INFO | Niveaux complétés: 0/6
2026-06-12 03:05:30 | INFO | ✅ Grille extraite: shape=(64, 64), unique_colors=8
2026-06-12 03:05:30 | INFO | 🧠 Features: densité=1.000, sym_h=0.899, sym_v=0.750, clusters=8
2026-06-12 03:05:30 | INFO | 🎯 Action choisie: 5
2026-06-12 03:05:30 | INFO | 📥 Résultat: GameState.NOT_FINISHED
2026-06-12 03:05:30 | INFO | 
--- Action 3/200 ---
2026-06-12 03:05:30 | INFO | État: GameState.NOT_FINISHED
2026-06-12 03:05:30 | INFO | Niveaux complétés: 0/6
2026-06-12 03:05:30 | INFO | ✅ Grille extraite: shape=(64, 64), unique_colors=8
2026-06-12 03:05:30 | INFO | 🧠 Features: densité=0.999, sym_h=0.898, sym_v=0.750, clusters=8
2026-06-12 03:05:30 | INFO | 🎯 Action choisie: 5
2026-06-12 03:05:30 | INFO | 📥 Résultat: GameState.NOT_FINISHED
2026-06-12 03:05:30 | INFO | 
--- Action 4/200 ---
2026-06-12 03:05:30 | INFO | État: GameState.NOT_FINISHED
2026-06-12 03:05:30 | INFO | Niveaux complétés: 0/6
2026-06-12 03:05:30 | INFO | ✅ Grille extraite: shape=(64, 64), unique_colors=8
2026-06-12 03:05:30 | INFO | 🧠 Features: densité=0.999, sym_h=0.897, sym_v=0.750, clusters=8
2026-06-12 03:05:30 | INFO | 🎯 Action choisie: 3
2026-06-12 03:05:30 | INFO | 📥 Résultat: GameState.NOT_FINISHED
2026-06-12 03:05:30 | INFO | 
--- Action 5/200 ---
2026-06-12 03:05:30 | INFO | État: GameState.NOT_FINISHED
2026-06-12 03:05:30 | INFO | Niveaux complétés: 0/6
2026-06-12 03:05:30 | INFO | ✅ Grille extraite: shape=(64, 64), unique_colors=8
2026-06-12 03:05:30 | INFO | 🧠 Features: densité=0.998, sym_h=0.896, sym_v=0.750, clusters=8
2026-06-12 03:05:30 | INFO | 🎯 Action choisie: 3
2026-06-12 03:05:30 | INFO | 📥 Résultat: GameState.NOT_FINISHED
2026-06-12 03:05:30 | INFO | 
--- Action 6/200 ---
2026-06-12 03:05:30 | INFO | État: GameState.NOT_FINISHED
2026-06-12 03:05:30 | INFO | Niveaux complétés: 0/6
2026-06-12 03:05:30 | INFO | ✅ Grille extraite: shape=(64, 64), unique_colors=8
2026-06-12 03:05:30 | INFO | 🧠 Features: densité=0.997, sym_h=0.895, sym_v=0.750, clusters=8
2026-06-12 03:05:30 | INFO | 🎯 Action choisie: 4
2026-06-12 03:05:30 | INFO | 📥 Résultat: GameState.NOT_FINISHED
2026-06-12 03:05:30 | INFO | 
--- Action 7/200 ---
2026-06-12 03:05:30 | INFO | État: GameState.NOT_FINISHED
2026-06-12 03:05:30 | INFO | Niveaux complétés: 0/6
2026-06-12 03:05:30 | INFO | ✅ Grille extraite: shape=(64, 64), unique_colors=8
2026-06-12 03:05:30 | INFO | 🧠 Features: densité=0.997, sym_h=0.894, sym_v=0.750, clusters=8
2026-06-12 03:05:30 | INFO | 🎯 Action choisie: 1
2026-06-12 03:05:30 | INFO | 📥 Résultat: GameState.NOT_FINISHED
2026-06-12 03:05:30 | INFO | 
--- Action 8/200 ---
2026-06-12 03:05:30 | INFO | État: GameState.NOT_FINISHED
2026-06-12 03:05:30 | INFO | Niveaux complétés: 0/6
2026-06-12 03:05:30 | INFO | ✅ Grille extraite: shape=(64, 64), unique_colors=8
2026-06-12 03:05:31 | INFO | 🧠 Features: densité=0.996, sym_h=0.893, sym_v=0.750, clusters=8
2026-06-12 03:05:31 | INFO | 🎯 Action choisie: 2
2026-06-12 03:05:31 | INFO | 📥 Résultat: GameState.NOT_FINISHED
2026-06-12 03:05:31 | INFO | 
--- Action 9/200 ---
2026-06-12 03:05:31 | INFO | État: GameState.NOT_FINISHED
2026-06-12 03:05:31 | INFO | Niveaux complétés: 0/6
2026-06-12 03:05:31 | INFO | ✅ Grille extraite: shape=(64, 64), unique_colors=8
2026-06-12 03:05:31 | INFO | 🧠 Features: densité=0.996, sym_h=0.892, sym_v=0.750, clusters=8
2026-06-12 03:05:31 | INFO | 🎯 Action choisie: 2
2026-06-12 03:05:31 | INFO | 📥 Résultat: GameState.NOT_FINISHED
2026-06-12 03:05:31 | INFO | 
--- Action 10/200 ---
2026-06-12 03:05:31 | INFO | État: GameState.NOT_FINISHED
2026-06-12 03:05:31 | INFO | Niveaux complétés: 0/6
2026-06-12 03:05:31 | INFO | ✅ Grille extraite: shape=(64, 64), unique_colors=8
2026-06-12 03:05:31 | INFO | 🧠 Features: densité=0.995, sym_h=0.891, sym_v=0.750, clusters=8
2026-06-12 03:05:31 | INFO | 🎯 Action choisie: 4
2026-06-12 03:05:31 | INFO | 📥 Résultat: GameState.NOT_FINISHED
2026-06-12 03:05:31 | INFO | 
--- Action 11/200 ---
2026-06-12 03:05:31 | INFO | État: GameState.NOT_FINISHED
2026-06-12 03:05:31 | INFO | Niveaux complétés: 0/6
2026-06-12 03:05:31 | INFO | ✅ Grille extraite: shape=(64, 64), unique_colors=8
2026-06-12 03:05:31 | INFO | 🧠 Features: densité=0.995, sym_h=0.890, sym_v=0.750, clusters=8
2026-06-12 03:05:31 | INFO | 🎯 Action choisie: 4
2026-06-12 03:05:31 | INFO | 📥 Résultat: GameState.NOT_FINISHED
2026-06-12 03:05:31 | INFO | 
--- Action 12/200 ---
2026-06-12 03:05:31 | INFO | État: GameState.NOT_FINISHED
2026-06-12 03:05:31 | INFO | Niveaux complétés: 0/6
2026-06-12 03:05:31 | INFO | ✅ Grille extraite: shape=(64, 64), unique_colors=8
2026-06-12 03:05:31 | INFO | 🧠 Features: densité=0.994, sym_h=0.905, sym_v=0.750, clusters=8
2026-06-12 03:05:31 | INFO | 🎯 Action choisie: 1
2026-06-12 03:05:31 | INFO | 📥 Résultat: GameState.NOT_FINISHED
2026-06-12 03:05:31 | INFO | 
--- Action 13/200 ---
2026-06-12 03:05:31 | INFO | État: GameState.NOT_FINISHED
2026-06-12 03:05:31 | INFO | Niveaux complétés: 0/6
2026-06-12 03:05:31 | INFO | ✅ Grille extraite: shape=(64, 64), unique_colors=8
2026-06-12 03:05:31 | INFO | 🧠 Features: densité=0.994, sym_h=0.903, sym_v=0.750, clusters=8
2026-06-12 03:05:31 | INFO | 🎯 Action choisie: 6
2026-06-12 03:05:31 | INFO | 📥 Résultat: GameState.NOT_FINISHED
2026-06-12 03:05:31 | INFO | 
--- Action 14/200 ---
2026-06-12 03:05:31 | INFO | État: GameState.NOT_FINISHED
2026-06-12 03:05:31 | INFO | Niveaux complétés: 0/6
2026-06-12 03:05:31 | INFO | ✅ Grille extraite: shape=(64, 64), unique_colors=8
2026-06-12 03:05:31 | INFO | 🧠 Features: densité=0.993, sym_h=0.902, sym_v=0.750, clusters=8
2026-06-12 03:05:31 | INFO | 🎯 Action choisie: 5
2026-06-12 03:05:31 | INFO | 📥 Résultat: GameState.NOT_FINISHED
2026-06-12 03:05:31 | INFO | 
--- Action 15/200 ---
2026-06-12 03:05:31 | INFO | État: GameState.NOT_FINISHED
2026-06-12 03:05:31 | INFO | Niveaux complétés: 0/6
2026-06-12 03:05:31 | INFO | ✅ Grille extraite: shape=(64, 64), unique_colors=8
2026-06-12 03:05:31 | INFO | 🧠 Features: densité=0.993, sym_h=0.901, sym_v=0.750, clusters=8
2026-06-12 03:05:31 | INFO | 🎯 Action choisie: 4
2026-06-12 03:05:31 | INFO | 📥 Résultat: GameState.NOT_FINISHED
2026-06-12 03:05:31 | INFO | 
--- Action 16/200 ---
2026-06-12 03:05:31 | INFO | État: GameState.NOT_FINISHED
2026-06-12 03:05:31 | INFO | Niveaux complétés: 0/6
2026-06-12 03:05:31 | INFO | ✅ Grille extraite: shape=(64, 64), unique_colors=8
2026-06-12 03:05:31 | INFO | 🧠 Features: densité=0.992, sym_h=0.916, sym_v=0.750, clusters=8
2026-06-12 03:05:31 | INFO | 🎯 Action choisie: 2
2026-06-12 03:05:31 | INFO | 📥 Résultat: GameState.NOT_FINISHED
2026-06-12 03:05:31 | INFO | 
--- Action 17/200 ---
2026-06-12 03:05:31 | INFO | État: GameState.NOT_FINISHED
2026-06-12 03:05:31 | INFO | Niveaux complétés: 0/6
2026-06-12 03:05:31 | INFO | ✅ Grille extraite: shape=(64, 64), unique_colors=8
2026-06-12 03:05:31 | INFO | 🧠 Features: densité=0.992, sym_h=0.917, sym_v=0.750, clusters=8
2026-06-12 03:05:31 | INFO | 🎯 Action choisie: 1
2026-06-12 03:05:31 | INFO | 📥 Résultat: GameState.NOT_FINISHED
2026-06-12 03:05:31 | INFO | 
--- Action 18/200 ---
2026-06-12 03:05:31 | INFO | État: GameState.NOT_FINISHED
2026-06-12 03:05:31 | INFO | Niveaux complétés: 0/6
2026-06-12 03:05:31 | INFO | ✅ Grille extraite: shape=(64, 64), unique_colors=8
2026-06-12 03:05:31 | INFO | 🧠 Features: densité=0.991, sym_h=0.918, sym_v=0.750, clusters=8
2026-06-12 03:05:31 | INFO | 🎯 Action choisie: 2
2026-06-12 03:05:31 | INFO | 📥 Résultat: GameState.NOT_FINISHED
2026-06-12 03:05:31 | INFO | 
--- Action 19/200 ---
2026-06-12 03:05:31 | INFO | État: GameState.NOT_FINISHED
2026-06-12 03:05:31 | INFO | Niveaux complétés: 0/6
2026-06-12 03:05:31 | INFO | ✅ Grille extraite: shape=(64, 64), unique_colors=8
2026-06-12 03:05:31 | INFO | 🧠 Features: densité=0.991, sym_h=0.919, sym_v=0.750, clusters=8
2026-06-12 03:05:31 | INFO | 🎯 Action choisie: 5
2026-06-12 03:05:31 | INFO | 📥 Résultat: GameState.NOT_FINISHED
2026-06-12 03:05:31 | INFO | 
--- Action 20/200 ---
2026-06-12 03:05:31 | INFO | État: GameState.NOT_FINISHED
2026-06-12 03:05:31 | INFO | Niveaux complétés: 0/6
2026-06-12 03:05:31 | INFO | ✅ Grille extraite: shape=(64, 64), unique_colors=8
2026-06-12 03:05:31 | INFO | 🧠 Features: densité=0.990, sym_h=0.920, sym_v=0.750, clusters=8
2026-06-12 03:05:31 | INFO | 🎯 Action choisie: 6
2026-06-12 03:05:31 | INFO | 📥 Résultat: GameState.NOT_FINISHED
2026-06-12 03:05:31 | INFO | 
--- Action 21/200 ---
2026-06-12 03:05:31 | INFO | État: GameState.NOT_FINISHED
2026-06-12 03:05:31 | INFO | Niveaux complétés: 0/6
2026-06-12 03:05:31 | INFO | ✅ Grille extraite: shape=(64, 64), unique_colors=8
2026-06-12 03:05:31 | INFO | 🧠 Features: densité=0.990, sym_h=0.921, sym_v=0.750, clusters=8
2026-06-12 03:05:31 | INFO | 🎯 Action choisie: 4
2026-06-12 03:05:31 | INFO | 📥 Résultat: GameState.NOT_FINISHED
2026-06-12 03:05:31 | INFO | 
--- Action 22/200 ---
2026-06-12 03:05:31 | INFO | État: GameState.NOT_FINISHED
2026-06-12 03:05:31 | INFO | Niveaux complétés: 0/6
2026-06-12 03:05:31 | INFO | ✅ Grille extraite: shape=(64, 64), unique_colors=8
2026-06-12 03:05:31 | INFO | 🧠 Features: densité=0.989, sym_h=0.922, sym_v=0.750, clusters=8
2026-06-12 03:05:31 | INFO | 🎯 Action choisie: 2
2026-06-12 03:05:31 | INFO | 📥 Résultat: GameState.NOT_FINISHED
2026-06-12 03:05:31 | INFO | 
--- Action 23/200 ---
2026-06-12 03:05:31 | INFO | État: GameState.NOT_FINISHED
2026-06-12 03:05:31 | INFO | Niveaux complétés: 0/6
2026-06-12 03:05:31 | INFO | ✅ Grille extraite: shape=(64, 64), unique_colors=8
2026-06-12 03:05:31 | INFO | 🧠 Features: densité=0.989, sym_h=0.923, sym_v=0.750, clusters=8
2026-06-12 03:05:31 | INFO | 🎯 Action choisie: 3
2026-06-12 03:05:31 | INFO | 📥 Résultat: GameState.NOT_FINISHED
2026-06-12 03:05:31 | INFO | 
--- Action 24/200 ---
2026-06-12 03:05:31 | INFO | État: GameState.NOT_FINISHED
2026-06-12 03:05:31 | INFO | Niveaux complétés: 0/6
2026-06-12 03:05:31 | INFO | ✅ Grille extraite: shape=(64, 64), unique_colors=8
2026-06-12 03:05:31 | INFO | 🧠 Features: densité=0.988, sym_h=0.924, sym_v=0.750, clusters=8
2026-06-12 03:05:31 | INFO | 🎯 Action choisie: 2
2026-06-12 03:05:31 | INFO | 📥 Résultat: GameState.NOT_FINISHED
2026-06-12 03:05:31 | INFO | 
--- Action 25/200 ---
2026-06-12 03:05:31 | INFO | État: GameState.NOT_FINISHED
2026-06-12 03:05:31 | INFO | Niveaux complétés: 0/6
2026-06-12 03:05:31 | INFO | ✅ Grille extraite: shape=(64, 64), unique_colors=8
2026-06-12 03:05:31 | INFO | 🧠 Features: densité=0.988, sym_h=0.925, sym_v=0.750, clusters=8
2026-06-12 03:05:31 | INFO | 🎯 Action choisie: 4
2026-06-12 03:05:31 | INFO | 📥 Résultat: GameState.NOT_FINISHED
2026-06-12 03:05:31 | INFO | 
--- Action 26/200 ---
2026-06-12 03:05:31 | INFO | État: GameState.NOT_FINISHED
2026-06-12 03:05:31 | INFO | Niveaux complétés: 0/6
2026-06-12 03:05:31 | INFO | ✅ Grille extraite: shape=(64, 64), unique_colors=8
2026-06-12 03:05:31 | INFO | 🧠 Features: densité=0.987, sym_h=0.926, sym_v=0.750, clusters=8
2026-06-12 03:05:31 | INFO | 🎯 Action choisie: 6
2026-06-12 03:05:31 | INFO | 📥 Résultat: GameState.NOT_FINISHED
2026-06-12 03:05:31 | INFO | 
--- Action 27/200 ---
2026-06-12 03:05:31 | INFO | État: GameState.NOT_FINISHED
2026-06-12 03:05:31 | INFO | Niveaux complétés: 0/6
2026-06-12 03:05:31 | INFO | ✅ Grille extraite: shape=(64, 64), unique_colors=8
2026-06-12 03:05:31 | INFO | 🧠 Features: densité=0.987, sym_h=0.927, sym_v=0.750, clusters=8
2026-06-12 03:05:31 | INFO | 🎯 Action choisie: 3
2026-06-12 03:05:31 | INFO | 📥 Résultat: GameState.NOT_FINISHED
2026-06-12 03:05:31 | INFO | 
--- Action 28/200 ---
2026-06-12 03:05:31 | INFO | État: GameState.NOT_FINISHED
2026-06-12 03:05:31 | INFO | Niveaux complétés: 0/6
2026-06-12 03:05:31 | INFO | ✅ Grille extraite: shape=(64, 64), unique_colors=8
2026-06-12 03:05:31 | INFO | 🧠 Features: densité=0.986, sym_h=0.929, sym_v=0.750, clusters=8
2026-06-12 03:05:31 | INFO | 🎯 Action choisie: 6
2026-06-12 03:05:31 | INFO | 📥 Résultat: GameState.NOT_FINISHED
2026-06-12 03:05:31 | INFO | 
--- Action 29/200 ---
2026-06-12 03:05:31 | INFO | État: GameState.NOT_FINISHED
2026-06-12 03:05:31 | INFO | Niveaux complétés: 0/6
2026-06-12 03:05:31 | INFO | ✅ Grille extraite: shape=(64, 64), unique_colors=8
2026-06-12 03:05:31 | INFO | 🧠 Features: densité=0.985, sym_h=0.930, sym_v=0.750, clusters=8
2026-06-12 03:05:31 | INFO | 🎯 Action choisie: 5
2026-06-12 03:05:31 | INFO | 📥 Résultat: GameState.GAME_OVER
2026-06-12 03:05:31 | INFO | 💾 Logs forensiques sauvegardés dans: /home/lvx/LVX/lumvorax2/src/MAGEN/logs/forensic/v2_intelligent/sp80_589a99af
2026-06-12 03:05:31 | INFO | 
======================================================================
2026-06-12 03:05:31 | INFO | ✅ JEU TERMINÉ: sp80-589a99af
2026-06-12 03:05:31 | INFO |    Succès: False
2026-06-12 03:05:31 | INFO |    Niveaux: 0/6
2026-06-12 03:05:31 | INFO |    Actions: 29
2026-06-12 03:05:31 | INFO |    Durée: 2.06s
2026-06-12 03:05:31 | INFO | ======================================================================
🎮 Test 4/10: sp80-589a9:  40%|████      | 4/10 [00:21<00:31,  5.27s/jeu]🎮 Test 5/10: s5i5-18d95:  40%|████      | 4/10 [00:21<00:31,  5.27s/jeu]2026-06-12 03:05:31 | INFO | 
======================================================================
2026-06-12 03:05:31 | INFO | 🎮 DÉMARRAGE JEU: s5i5-18d95033
2026-06-12 03:05:31 | INFO | ======================================================================
2026-06-12 03:05:31 | INFO | 🔐 Forensic logging activé: /home/lvx/LVX/lumvorax2/src/MAGEN/logs/forensic/v2_intelligent/s5i5_18d95033
2026-06-12 03:05:31 | INFO | 📦 Création environnement via Arcade.make('s5i5-18d95033')...
[ARC Agent V2] 🧠 Exploitation: action 6
[ARC Agent V2] 🎲 Exploration: action 5
[ARC Agent V2] 🧠 Exploitation: action 5
[ARC Agent V2] 🎲 Exploration: action 3
[ARC Agent V2] 🧠 Exploitation: action 3
[ARC Agent V2] 🎲 Exploration: action 4
[ARC Agent V2] 🧠 Exploitation: action 1
[ARC Agent V2] 🎲 Exploration: action 2
[ARC Agent V2] 🎲 Exploration: action 2
[ARC Agent V2] 🧠 Exploitation: action 4
[ARC Agent V2] 🎲 Exploration: action 4
[ARC Agent V2] 🎲 Exploration: action 1
[ARC Agent V2] 🎲 Exploration: action 6
[ARC Agent V2] 🧠 Exploitation: action 5
[ARC Agent V2] 🧠 Exploitation: action 4
[ARC Agent V2] 🎲 Exploration: action 2
[ARC Agent V2] 🧠 Exploitation: action 1
[ARC Agent V2] 🧠 Exploitation: action 2
[ARC Agent V2] 🧠 Exploitation: action 5
[ARC Agent V2] 🧠 Exploitation: action 6
[ARC Agent V2] 🎲 Exploration: action 4
[ARC Agent V2] 🧠 Exploitation: action 2
[ARC Agent V2] 🧠 Exploitation: action 3
[ARC Agent V2] 🎲 Exploration: action 2
[ARC Agent V2] 🧠 Exploitation: action 4
[ARC Agent V2] 🎲 Exploration: action 6
[ARC Agent V2] 🧠 Exploitation: action 3
[ARC Agent V2] 🎲 Exploration: action 6
[ARC Agent V2] 🧠 Exploitation: action 5
[ARC Agent V2] ✗ Échec. Exploration rate augmenté à 0.500
[SimpleLogger] Logger initialisé: /home/lvx/LVX/lumvorax2/src/MAGEN/logs/forensic/v2_intelligent/s5i5_18d95033
INFO:arc_agi.scorecard:Initialized ScorecardManager with idle_for=0:15:00 and max_open_for=3 days, 0:00:00
2026-06-12 03:05:32 | INFO | Got anonymous API key: 269162f7-1e9d-447d-acb7-43fb9f1a587b
2026-06-12 03:05:32 | INFO | Got anonymous API key: 269162f7-1e9d-447d-acb7-43fb9f1a587b
2026-06-12 03:05:32 | INFO | You can register for an API key at https://three.arcprize.org
2026-06-12 03:05:32 | INFO | You can register for an API key at https://three.arcprize.org
2026-06-12 03:05:32 | INFO | Successfully fetched 25 environment(s) from API
2026-06-12 03:05:32 | INFO | Successfully fetched 25 environment(s) from API
2026-06-12 03:05:32 | INFO | Created new scorecard: a30bb9ca-1b22-4288-86b5-f7afa4b740c0
2026-06-12 03:05:32 | INFO | Created new scorecard: a30bb9ca-1b22-4288-86b5-f7afa4b740c0
2026-06-12 03:05:32 | INFO | Successfully fetched metadata for game s5i5
2026-06-12 03:05:32 | INFO | Successfully fetched metadata for game s5i5
2026-06-12 03:05:32 | INFO | Successfully loaded game class S5i5 from environment_files/s5i5/18d95033/s5i5.py
2026-06-12 03:05:32 | INFO | Successfully loaded game class S5i5 from environment_files/s5i5/18d95033/s5i5.py
2026-06-12 03:05:32 | INFO | ✅ Environnement créé: <class 'arc_agi.local_wrapper.LocalEnvironmentWrapper'>
2026-06-12 03:05:32 | INFO | 📊 État initial:
2026-06-12 03:05:32 | INFO |    game_id: s5i5-18d95033
2026-06-12 03:05:32 | INFO |    state: GameState.NOT_FINISHED
2026-06-12 03:05:32 | INFO |    levels_completed: 0/8
2026-06-12 03:05:32 | INFO |    available_actions: [6]
2026-06-12 03:05:32 | INFO | 
--- Action 1/200 ---
2026-06-12 03:05:32 | INFO | État: GameState.NOT_FINISHED
2026-06-12 03:05:32 | INFO | Niveaux complétés: 0/8
2026-06-12 03:05:32 | INFO | ✅ Grille extraite: shape=(64, 64), unique_colors=7
2026-06-12 03:05:32 | INFO | 🧠 Features: densité=1.000, sym_h=0.888, sym_v=0.865, clusters=18
2026-06-12 03:05:32 | INFO | 🎯 Action choisie: 6
2026-06-12 03:05:32 | INFO | 📥 Résultat: GameState.NOT_FINISHED
2026-06-12 03:05:32 | INFO | 
--- Action 2/200 ---
2026-06-12 03:05:32 | INFO | État: GameState.NOT_FINISHED
2026-06-12 03:05:32 | INFO | Niveaux complétés: 0/8
2026-06-12 03:05:32 | INFO | ✅ Grille extraite: shape=(64, 64), unique_colors=7
2026-06-12 03:05:33 | INFO | 🧠 Features: densité=1.000, sym_h=0.887, sym_v=0.865, clusters=18
2026-06-12 03:05:33 | INFO | 🎯 Action choisie: 6
2026-06-12 03:05:33 | INFO | 📥 Résultat: GameState.NOT_FINISHED
2026-06-12 03:05:33 | INFO | 
--- Action 3/200 ---
2026-06-12 03:05:33 | INFO | État: GameState.NOT_FINISHED
2026-06-12 03:05:33 | INFO | Niveaux complétés: 0/8
2026-06-12 03:05:33 | INFO | ✅ Grille extraite: shape=(64, 64), unique_colors=7
2026-06-12 03:05:33 | INFO | 🧠 Features: densité=1.000, sym_h=0.886, sym_v=0.865, clusters=19
2026-06-12 03:05:33 | INFO | 🎯 Action choisie: 6
2026-06-12 03:05:33 | INFO | 📥 Résultat: GameState.NOT_FINISHED
2026-06-12 03:05:33 | INFO | 
--- Action 4/200 ---
2026-06-12 03:05:33 | INFO | État: GameState.NOT_FINISHED
2026-06-12 03:05:33 | INFO | Niveaux complétés: 0/8
2026-06-12 03:05:33 | INFO | ✅ Grille extraite: shape=(64, 64), unique_colors=7
2026-06-12 03:05:33 | INFO | 🧠 Features: densité=1.000, sym_h=0.886, sym_v=0.865, clusters=19
2026-06-12 03:05:33 | INFO | 🎯 Action choisie: 6
2026-06-12 03:05:33 | INFO | 📥 Résultat: GameState.NOT_FINISHED
2026-06-12 03:05:33 | INFO | 
--- Action 5/200 ---
2026-06-12 03:05:33 | INFO | État: GameState.NOT_FINISHED
2026-06-12 03:05:33 | INFO | Niveaux complétés: 0/8
2026-06-12 03:05:33 | INFO | ✅ Grille extraite: shape=(64, 64), unique_colors=7
2026-06-12 03:05:33 | INFO | 🧠 Features: densité=1.000, sym_h=0.885, sym_v=0.865, clusters=19
2026-06-12 03:05:33 | INFO | 🎯 Action choisie: 6
2026-06-12 03:05:33 | INFO | 📥 Résultat: GameState.NOT_FINISHED
2026-06-12 03:05:33 | INFO | 
--- Action 6/200 ---
2026-06-12 03:05:33 | INFO | État: GameState.NOT_FINISHED
2026-06-12 03:05:33 | INFO | Niveaux complétés: 0/8
2026-06-12 03:05:33 | INFO | ✅ Grille extraite: shape=(64, 64), unique_colors=7
2026-06-12 03:05:33 | INFO | 🧠 Features: densité=1.000, sym_h=0.885, sym_v=0.865, clusters=19
2026-06-12 03:05:33 | INFO | 🎯 Action choisie: 6
2026-06-12 03:05:33 | INFO | 📥 Résultat: GameState.NOT_FINISHED
2026-06-12 03:05:33 | INFO | 
--- Action 7/200 ---
2026-06-12 03:05:33 | INFO | État: GameState.NOT_FINISHED
2026-06-12 03:05:33 | INFO | Niveaux complétés: 0/8
2026-06-12 03:05:33 | INFO | ✅ Grille extraite: shape=(64, 64), unique_colors=7
2026-06-12 03:05:33 | INFO | 🧠 Features: densité=1.000, sym_h=0.884, sym_v=0.865, clusters=19
2026-06-12 03:05:33 | INFO | 🎯 Action choisie: 6
2026-06-12 03:05:33 | INFO | 📥 Résultat: GameState.NOT_FINISHED
2026-06-12 03:05:33 | INFO | 
--- Action 8/200 ---
2026-06-12 03:05:33 | INFO | État: GameState.NOT_FINISHED
2026-06-12 03:05:33 | INFO | Niveaux complétés: 0/8
2026-06-12 03:05:33 | INFO | ✅ Grille extraite: shape=(64, 64), unique_colors=7
2026-06-12 03:05:33 | INFO | 🧠 Features: densité=1.000, sym_h=0.883, sym_v=0.865, clusters=19
2026-06-12 03:05:33 | INFO | 🎯 Action choisie: 6
2026-06-12 03:05:33 | INFO | 📥 Résultat: GameState.NOT_FINISHED
2026-06-12 03:05:33 | INFO | 
--- Action 9/200 ---
2026-06-12 03:05:33 | INFO | État: GameState.NOT_FINISHED
2026-06-12 03:05:33 | INFO | Niveaux complétés: 0/8
2026-06-12 03:05:33 | INFO | ✅ Grille extraite: shape=(64, 64), unique_colors=7
2026-06-12 03:05:33 | INFO | 🧠 Features: densité=1.000, sym_h=0.883, sym_v=0.865, clusters=19
2026-06-12 03:05:33 | INFO | 🎯 Action choisie: 6
2026-06-12 03:05:33 | INFO | 📥 Résultat: GameState.NOT_FINISHED
2026-06-12 03:05:33 | INFO | 
--- Action 10/200 ---
2026-06-12 03:05:33 | INFO | État: GameState.NOT_FINISHED
2026-06-12 03:05:33 | INFO | Niveaux complétés: 0/8
2026-06-12 03:05:33 | INFO | ✅ Grille extraite: shape=(64, 64), unique_colors=7
2026-06-12 03:05:33 | INFO | 🧠 Features: densité=1.000, sym_h=0.882, sym_v=0.865, clusters=19
2026-06-12 03:05:33 | INFO | 🎯 Action choisie: 6
2026-06-12 03:05:33 | INFO | 📥 Résultat: GameState.NOT_FINISHED
2026-06-12 03:05:33 | INFO | 
--- Action 11/200 ---
2026-06-12 03:05:33 | INFO | État: GameState.NOT_FINISHED
2026-06-12 03:05:33 | INFO | Niveaux complétés: 0/8
2026-06-12 03:05:33 | INFO | ✅ Grille extraite: shape=(64, 64), unique_colors=7
2026-06-12 03:05:33 | INFO | 🧠 Features: densité=1.000, sym_h=0.881, sym_v=0.865, clusters=19
2026-06-12 03:05:33 | INFO | 🎯 Action choisie: 6
2026-06-12 03:05:33 | INFO | 📥 Résultat: GameState.NOT_FINISHED
2026-06-12 03:05:33 | INFO | 
--- Action 12/200 ---
2026-06-12 03:05:33 | INFO | État: GameState.NOT_FINISHED
2026-06-12 03:05:33 | INFO | Niveaux complétés: 0/8
2026-06-12 03:05:33 | INFO | ✅ Grille extraite: shape=(64, 64), unique_colors=7
2026-06-12 03:05:33 | INFO | 🧠 Features: densité=1.000, sym_h=0.881, sym_v=0.865, clusters=19
2026-06-12 03:05:33 | INFO | 🎯 Action choisie: 6
2026-06-12 03:05:33 | INFO | 📥 Résultat: GameState.NOT_FINISHED
2026-06-12 03:05:33 | INFO | 
--- Action 13/200 ---
2026-06-12 03:05:33 | INFO | État: GameState.NOT_FINISHED
2026-06-12 03:05:33 | INFO | Niveaux complétés: 0/8
2026-06-12 03:05:33 | INFO | ✅ Grille extraite: shape=(64, 64), unique_colors=7
2026-06-12 03:05:33 | INFO | 🧠 Features: densité=1.000, sym_h=0.880, sym_v=0.865, clusters=19
2026-06-12 03:05:33 | INFO | 🎯 Action choisie: 6
2026-06-12 03:05:33 | INFO | 📥 Résultat: GameState.NOT_FINISHED
2026-06-12 03:05:33 | INFO | 
--- Action 14/200 ---
2026-06-12 03:05:33 | INFO | État: GameState.NOT_FINISHED
2026-06-12 03:05:33 | INFO | Niveaux complétés: 0/8
2026-06-12 03:05:33 | INFO | ✅ Grille extraite: shape=(64, 64), unique_colors=7
2026-06-12 03:05:33 | INFO | 🧠 Features: densité=1.000, sym_h=0.879, sym_v=0.865, clusters=19
2026-06-12 03:05:33 | INFO | 🎯 Action choisie: 6
2026-06-12 03:05:33 | INFO | 📥 Résultat: GameState.NOT_FINISHED
2026-06-12 03:05:33 | INFO | 
--- Action 15/200 ---
2026-06-12 03:05:33 | INFO | État: GameState.NOT_FINISHED
2026-06-12 03:05:33 | INFO | Niveaux complétés: 0/8
2026-06-12 03:05:33 | INFO | ✅ Grille extraite: shape=(64, 64), unique_colors=7
2026-06-12 03:05:33 | INFO | 🧠 Features: densité=1.000, sym_h=0.879, sym_v=0.865, clusters=19
2026-06-12 03:05:33 | INFO | 🎯 Action choisie: 6
2026-06-12 03:05:33 | INFO | 📥 Résultat: GameState.NOT_FINISHED
2026-06-12 03:05:33 | INFO | 
--- Action 16/200 ---
2026-06-12 03:05:33 | INFO | État: GameState.NOT_FINISHED
2026-06-12 03:05:33 | INFO | Niveaux complétés: 0/8
2026-06-12 03:05:33 | INFO | ✅ Grille extraite: shape=(64, 64), unique_colors=7
2026-06-12 03:05:33 | INFO | 🧠 Features: densité=1.000, sym_h=0.878, sym_v=0.865, clusters=19
2026-06-12 03:05:33 | INFO | 🎯 Action choisie: 6
2026-06-12 03:05:33 | INFO | 📥 Résultat: GameState.NOT_FINISHED
2026-06-12 03:05:33 | INFO | 
--- Action 17/200 ---
2026-06-12 03:05:33 | INFO | État: GameState.NOT_FINISHED
2026-06-12 03:05:33 | INFO | Niveaux complétés: 0/8
2026-06-12 03:05:33 | INFO | ✅ Grille extraite: shape=(64, 64), unique_colors=7
2026-06-12 03:05:33 | INFO | 🧠 Features: densité=1.000, sym_h=0.878, sym_v=0.865, clusters=19
2026-06-12 03:05:33 | INFO | 🎯 Action choisie: 6
2026-06-12 03:05:33 | INFO | 📥 Résultat: GameState.NOT_FINISHED
2026-06-12 03:05:33 | INFO | 
--- Action 18/200 ---
2026-06-12 03:05:33 | INFO | État: GameState.NOT_FINISHED
2026-06-12 03:05:33 | INFO | Niveaux complétés: 0/8
2026-06-12 03:05:33 | INFO | ✅ Grille extraite: shape=(64, 64), unique_colors=7
2026-06-12 03:05:33 | INFO | 🧠 Features: densité=1.000, sym_h=0.877, sym_v=0.865, clusters=19
2026-06-12 03:05:33 | INFO | 🎯 Action choisie: 6
2026-06-12 03:05:33 | INFO | 📥 Résultat: GameState.NOT_FINISHED
2026-06-12 03:05:33 | INFO | 
--- Action 19/200 ---
2026-06-12 03:05:33 | INFO | État: GameState.NOT_FINISHED
2026-06-12 03:05:33 | INFO | Niveaux complétés: 0/8
2026-06-12 03:05:33 | INFO | ✅ Grille extraite: shape=(64, 64), unique_colors=7
2026-06-12 03:05:33 | INFO | 🧠 Features: densité=1.000, sym_h=0.876, sym_v=0.865, clusters=19
2026-06-12 03:05:33 | INFO | 🎯 Action choisie: 6
2026-06-12 03:05:33 | INFO | 📥 Résultat: GameState.NOT_FINISHED
2026-06-12 03:05:33 | INFO | 
--- Action 20/200 ---
2026-06-12 03:05:33 | INFO | État: GameState.NOT_FINISHED
2026-06-12 03:05:33 | INFO | Niveaux complétés: 0/8
2026-06-12 03:05:33 | INFO | ✅ Grille extraite: shape=(64, 64), unique_colors=7
2026-06-12 03:05:33 | INFO | 🧠 Features: densité=1.000, sym_h=0.876, sym_v=0.865, clusters=19
2026-06-12 03:05:33 | INFO | 🎯 Action choisie: 6
2026-06-12 03:05:33 | INFO | 📥 Résultat: GameState.NOT_FINISHED
2026-06-12 03:05:33 | INFO | 
--- Action 21/200 ---
2026-06-12 03:05:33 | INFO | État: GameState.NOT_FINISHED
2026-06-12 03:05:33 | INFO | Niveaux complétés: 0/8
2026-06-12 03:05:33 | INFO | ✅ Grille extraite: shape=(64, 64), unique_colors=7
2026-06-12 03:05:33 | INFO | 🧠 Features: densité=1.000, sym_h=0.875, sym_v=0.865, clusters=19
2026-06-12 03:05:33 | INFO | 🎯 Action choisie: 6
2026-06-12 03:05:33 | INFO | 📥 Résultat: GameState.NOT_FINISHED
2026-06-12 03:05:33 | INFO | 
--- Action 22/200 ---
2026-06-12 03:05:33 | INFO | État: GameState.NOT_FINISHED
2026-06-12 03:05:33 | INFO | Niveaux complétés: 0/8
2026-06-12 03:05:33 | INFO | ✅ Grille extraite: shape=(64, 64), unique_colors=7
2026-06-12 03:05:33 | INFO | 🧠 Features: densité=1.000, sym_h=0.875, sym_v=0.865, clusters=19
2026-06-12 03:05:33 | INFO | 🎯 Action choisie: 6
2026-06-12 03:05:33 | INFO | 📥 Résultat: GameState.NOT_FINISHED
2026-06-12 03:05:33 | INFO | 
--- Action 23/200 ---
2026-06-12 03:05:33 | INFO | État: GameState.NOT_FINISHED
2026-06-12 03:05:33 | INFO | Niveaux complétés: 0/8
2026-06-12 03:05:33 | INFO | ✅ Grille extraite: shape=(64, 64), unique_colors=7
2026-06-12 03:05:33 | INFO | 🧠 Features: densité=1.000, sym_h=0.874, sym_v=0.865, clusters=19
2026-06-12 03:05:33 | INFO | 🎯 Action choisie: 6
2026-06-12 03:05:33 | INFO | 📥 Résultat: GameState.NOT_FINISHED
2026-06-12 03:05:33 | INFO | 
--- Action 24/200 ---
2026-06-12 03:05:33 | INFO | État: GameState.NOT_FINISHED
2026-06-12 03:05:33 | INFO | Niveaux complétés: 0/8
2026-06-12 03:05:33 | INFO | ✅ Grille extraite: shape=(64, 64), unique_colors=7
2026-06-12 03:05:33 | INFO | 🧠 Features: densité=1.000, sym_h=0.874, sym_v=0.865, clusters=19
2026-06-12 03:05:33 | INFO | 🎯 Action choisie: 6
2026-06-12 03:05:33 | INFO | 📥 Résultat: GameState.NOT_FINISHED
2026-06-12 03:05:33 | INFO | 
--- Action 25/200 ---
2026-06-12 03:05:33 | INFO | État: GameState.NOT_FINISHED
2026-06-12 03:05:33 | INFO | Niveaux complétés: 0/8
2026-06-12 03:05:33 | INFO | ✅ Grille extraite: shape=(64, 64), unique_colors=7
2026-06-12 03:05:33 | INFO | 🧠 Features: densité=1.000, sym_h=0.873, sym_v=0.865, clusters=19
2026-06-12 03:05:33 | INFO | 🎯 Action choisie: 6
2026-06-12 03:05:33 | INFO | 📥 Résultat: GameState.NOT_FINISHED
2026-06-12 03:05:33 | INFO | 
--- Action 26/200 ---
2026-06-12 03:05:33 | INFO | État: GameState.NOT_FINISHED
2026-06-12 03:05:33 | INFO | Niveaux complétés: 0/8
2026-06-12 03:05:33 | INFO | ✅ Grille extraite: shape=(64, 64), unique_colors=7
2026-06-12 03:05:33 | INFO | 🧠 Features: densité=1.000, sym_h=0.872, sym_v=0.865, clusters=19
2026-06-12 03:05:33 | INFO | 🎯 Action choisie: 6
2026-06-12 03:05:33 | INFO | 📥 Résultat: GameState.NOT_FINISHED
2026-06-12 03:05:33 | INFO | 
--- Action 27/200 ---
2026-06-12 03:05:33 | INFO | État: GameState.NOT_FINISHED
2026-06-12 03:05:33 | INFO | Niveaux complétés: 0/8
2026-06-12 03:05:33 | INFO | ✅ Grille extraite: shape=(64, 64), unique_colors=7
2026-06-12 03:05:33 | INFO | 🧠 Features: densité=1.000, sym_h=0.873, sym_v=0.865, clusters=19
2026-06-12 03:05:33 | INFO | 🎯 Action choisie: 6
2026-06-12 03:05:33 | INFO | 📥 Résultat: GameState.NOT_FINISHED
2026-06-12 03:05:33 | INFO | 
--- Action 28/200 ---
2026-06-12 03:05:33 | INFO | État: GameState.NOT_FINISHED
2026-06-12 03:05:33 | INFO | Niveaux complétés: 0/8
2026-06-12 03:05:33 | INFO | ✅ Grille extraite: shape=(64, 64), unique_colors=7
2026-06-12 03:05:34 | INFO | 🧠 Features: densité=1.000, sym_h=0.874, sym_v=0.865, clusters=19
2026-06-12 03:05:34 | INFO | 🎯 Action choisie: 6
2026-06-12 03:05:34 | INFO | 📥 Résultat: GameState.NOT_FINISHED
2026-06-12 03:05:34 | INFO | 
--- Action 29/200 ---
2026-06-12 03:05:34 | INFO | État: GameState.NOT_FINISHED
2026-06-12 03:05:34 | INFO | Niveaux complétés: 0/8
2026-06-12 03:05:34 | INFO | ✅ Grille extraite: shape=(64, 64), unique_colors=7
2026-06-12 03:05:34 | INFO | 🧠 Features: densité=1.000, sym_h=0.874, sym_v=0.865, clusters=19
2026-06-12 03:05:34 | INFO | 🎯 Action choisie: 6
2026-06-12 03:05:34 | INFO | 📥 Résultat: GameState.NOT_FINISHED
2026-06-12 03:05:34 | INFO | 
--- Action 30/200 ---
2026-06-12 03:05:34 | INFO | État: GameState.NOT_FINISHED
2026-06-12 03:05:34 | INFO | Niveaux complétés: 0/8
2026-06-12 03:05:34 | INFO | ✅ Grille extraite: shape=(64, 64), unique_colors=7
2026-06-12 03:05:34 | INFO | 🧠 Features: densité=1.000, sym_h=0.875, sym_v=0.865, clusters=19
2026-06-12 03:05:34 | INFO | 🎯 Action choisie: 6
2026-06-12 03:05:34 | INFO | 📥 Résultat: GameState.NOT_FINISHED
2026-06-12 03:05:34 | INFO | 
--- Action 31/200 ---
2026-06-12 03:05:34 | INFO | État: GameState.NOT_FINISHED
2026-06-12 03:05:34 | INFO | Niveaux complétés: 0/8
2026-06-12 03:05:34 | INFO | ✅ Grille extraite: shape=(64, 64), unique_colors=7
2026-06-12 03:05:34 | INFO | 🧠 Features: densité=1.000, sym_h=0.875, sym_v=0.865, clusters=19
2026-06-12 03:05:34 | INFO | 🎯 Action choisie: 6
2026-06-12 03:05:34 | INFO | 📥 Résultat: GameState.NOT_FINISHED
2026-06-12 03:05:34 | INFO | 
--- Action 32/200 ---
2026-06-12 03:05:34 | INFO | État: GameState.NOT_FINISHED
2026-06-12 03:05:34 | INFO | Niveaux complétés: 0/8
2026-06-12 03:05:34 | INFO | ✅ Grille extraite: shape=(64, 64), unique_colors=7
2026-06-12 03:05:34 | INFO | 🧠 Features: densité=1.000, sym_h=0.876, sym_v=0.865, clusters=19
2026-06-12 03:05:34 | INFO | 🎯 Action choisie: 6
2026-06-12 03:05:34 | INFO | 📥 Résultat: GameState.NOT_FINISHED
2026-06-12 03:05:34 | INFO | 
--- Action 33/200 ---
2026-06-12 03:05:34 | INFO | État: GameState.NOT_FINISHED
2026-06-12 03:05:34 | INFO | Niveaux complétés: 0/8
2026-06-12 03:05:34 | INFO | ✅ Grille extraite: shape=(64, 64), unique_colors=7
2026-06-12 03:05:34 | INFO | 🧠 Features: densité=1.000, sym_h=0.876, sym_v=0.865, clusters=19
2026-06-12 03:05:34 | INFO | 🎯 Action choisie: 6
2026-06-12 03:05:34 | INFO | 📥 Résultat: GameState.NOT_FINISHED
2026-06-12 03:05:34 | INFO | 
--- Action 34/200 ---
2026-06-12 03:05:34 | INFO | État: GameState.NOT_FINISHED
2026-06-12 03:05:34 | INFO | Niveaux complétés: 0/8
2026-06-12 03:05:34 | INFO | ✅ Grille extraite: shape=(64, 64), unique_colors=7
2026-06-12 03:05:34 | INFO | 🧠 Features: densité=1.000, sym_h=0.877, sym_v=0.865, clusters=19
2026-06-12 03:05:34 | INFO | 🎯 Action choisie: 6
2026-06-12 03:05:34 | INFO | 📥 Résultat: GameState.NOT_FINISHED
2026-06-12 03:05:34 | INFO | 
--- Action 35/200 ---
2026-06-12 03:05:34 | INFO | État: GameState.NOT_FINISHED
2026-06-12 03:05:34 | INFO | Niveaux complétés: 0/8
2026-06-12 03:05:34 | INFO | ✅ Grille extraite: shape=(64, 64), unique_colors=7
2026-06-12 03:05:34 | INFO | 🧠 Features: densité=1.000, sym_h=0.878, sym_v=0.865, clusters=19
2026-06-12 03:05:34 | INFO | 🎯 Action choisie: 6
2026-06-12 03:05:34 | INFO | 📥 Résultat: GameState.NOT_FINISHED
2026-06-12 03:05:34 | INFO | 
--- Action 36/200 ---
2026-06-12 03:05:34 | INFO | État: GameState.NOT_FINISHED
2026-06-12 03:05:34 | INFO | Niveaux complétés: 0/8
2026-06-12 03:05:34 | INFO | ✅ Grille extraite: shape=(64, 64), unique_colors=7
2026-06-12 03:05:34 | INFO | 🧠 Features: densité=1.000, sym_h=0.878, sym_v=0.865, clusters=19
2026-06-12 03:05:34 | INFO | 🎯 Action choisie: 6
2026-06-12 03:05:34 | INFO | 📥 Résultat: GameState.NOT_FINISHED
2026-06-12 03:05:34 | INFO | 
--- Action 37/200 ---
2026-06-12 03:05:34 | INFO | État: GameState.NOT_FINISHED
2026-06-12 03:05:34 | INFO | Niveaux complétés: 0/8
2026-06-12 03:05:34 | INFO | ✅ Grille extraite: shape=(64, 64), unique_colors=7
2026-06-12 03:05:34 | INFO | 🧠 Features: densité=1.000, sym_h=0.879, sym_v=0.865, clusters=19
2026-06-12 03:05:34 | INFO | 🎯 Action choisie: 6
2026-06-12 03:05:34 | INFO | 📥 Résultat: GameState.NOT_FINISHED
2026-06-12 03:05:34 | INFO | 
--- Action 38/200 ---
2026-06-12 03:05:34 | INFO | État: GameState.NOT_FINISHED
2026-06-12 03:05:34 | INFO | Niveaux complétés: 0/8
2026-06-12 03:05:34 | INFO | ✅ Grille extraite: shape=(64, 64), unique_colors=7
2026-06-12 03:05:34 | INFO | 🧠 Features: densité=1.000, sym_h=0.879, sym_v=0.865, clusters=19
2026-06-12 03:05:34 | INFO | 🎯 Action choisie: 6
2026-06-12 03:05:34 | INFO | 📥 Résultat: GameState.NOT_FINISHED
2026-06-12 03:05:34 | INFO | 
--- Action 39/200 ---
2026-06-12 03:05:34 | INFO | État: GameState.NOT_FINISHED
2026-06-12 03:05:34 | INFO | Niveaux complétés: 0/8
2026-06-12 03:05:34 | INFO | ✅ Grille extraite: shape=(64, 64), unique_colors=7
2026-06-12 03:05:34 | INFO | 🧠 Features: densité=1.000, sym_h=0.880, sym_v=0.865, clusters=19
2026-06-12 03:05:34 | INFO | 🎯 Action choisie: 6
2026-06-12 03:05:34 | INFO | 📥 Résultat: GameState.NOT_FINISHED
2026-06-12 03:05:34 | INFO | 
--- Action 40/200 ---
2026-06-12 03:05:34 | INFO | État: GameState.NOT_FINISHED
2026-06-12 03:05:34 | INFO | Niveaux complétés: 0/8
2026-06-12 03:05:34 | INFO | ✅ Grille extraite: shape=(64, 64), unique_colors=7
2026-06-12 03:05:34 | INFO | 🧠 Features: densité=1.000, sym_h=0.881, sym_v=0.865, clusters=19
2026-06-12 03:05:34 | INFO | 🎯 Action choisie: 6
2026-06-12 03:05:34 | INFO | 📥 Résultat: GameState.NOT_FINISHED
2026-06-12 03:05:34 | INFO | 
--- Action 41/200 ---
2026-06-12 03:05:34 | INFO | État: GameState.NOT_FINISHED
2026-06-12 03:05:34 | INFO | Niveaux complétés: 0/8
2026-06-12 03:05:34 | INFO | ✅ Grille extraite: shape=(64, 64), unique_colors=7
2026-06-12 03:05:34 | INFO | 🧠 Features: densité=1.000, sym_h=0.881, sym_v=0.865, clusters=19
2026-06-12 03:05:34 | INFO | 🎯 Action choisie: 6
2026-06-12 03:05:34 | INFO | 📥 Résultat: GameState.NOT_FINISHED
2026-06-12 03:05:34 | INFO | 
--- Action 42/200 ---
2026-06-12 03:05:34 | INFO | État: GameState.NOT_FINISHED
2026-06-12 03:05:34 | INFO | Niveaux complétés: 0/8
2026-06-12 03:05:34 | INFO | ✅ Grille extraite: shape=(64, 64), unique_colors=7
2026-06-12 03:05:34 | INFO | 🧠 Features: densité=1.000, sym_h=0.882, sym_v=0.865, clusters=19
2026-06-12 03:05:34 | INFO | 🎯 Action choisie: 6
2026-06-12 03:05:34 | INFO | 📥 Résultat: GameState.NOT_FINISHED
2026-06-12 03:05:34 | INFO | 
--- Action 43/200 ---
2026-06-12 03:05:34 | INFO | État: GameState.NOT_FINISHED
2026-06-12 03:05:34 | INFO | Niveaux complétés: 0/8
2026-06-12 03:05:34 | INFO | ✅ Grille extraite: shape=(64, 64), unique_colors=7
2026-06-12 03:05:34 | INFO | 🧠 Features: densité=1.000, sym_h=0.883, sym_v=0.865, clusters=19
2026-06-12 03:05:34 | INFO | 🎯 Action choisie: 6
2026-06-12 03:05:34 | INFO | 📥 Résultat: GameState.NOT_FINISHED
2026-06-12 03:05:34 | INFO | 
--- Action 44/200 ---
2026-06-12 03:05:34 | INFO | État: GameState.NOT_FINISHED
2026-06-12 03:05:34 | INFO | Niveaux complétés: 0/8
2026-06-12 03:05:34 | INFO | ✅ Grille extraite: shape=(64, 64), unique_colors=7
2026-06-12 03:05:34 | INFO | 🧠 Features: densité=1.000, sym_h=0.883, sym_v=0.865, clusters=19
2026-06-12 03:05:34 | INFO | 🎯 Action choisie: 6
2026-06-12 03:05:34 | INFO | 📥 Résultat: GameState.NOT_FINISHED
2026-06-12 03:05:34 | INFO | 
--- Action 45/200 ---
2026-06-12 03:05:34 | INFO | État: GameState.NOT_FINISHED
2026-06-12 03:05:34 | INFO | Niveaux complétés: 0/8
2026-06-12 03:05:34 | INFO | ✅ Grille extraite: shape=(64, 64), unique_colors=7
2026-06-12 03:05:34 | INFO | 🧠 Features: densité=1.000, sym_h=0.884, sym_v=0.865, clusters=19
2026-06-12 03:05:34 | INFO | 🎯 Action choisie: 6
2026-06-12 03:05:34 | INFO | 📥 Résultat: GameState.NOT_FINISHED
2026-06-12 03:05:34 | INFO | 
--- Action 46/200 ---
2026-06-12 03:05:34 | INFO | État: GameState.NOT_FINISHED
2026-06-12 03:05:34 | INFO | Niveaux complétés: 0/8
2026-06-12 03:05:34 | INFO | ✅ Grille extraite: shape=(64, 64), unique_colors=7
2026-06-12 03:05:34 | INFO | 🧠 Features: densité=1.000, sym_h=0.885, sym_v=0.865, clusters=19
2026-06-12 03:05:34 | INFO | 🎯 Action choisie: 6
2026-06-12 03:05:34 | INFO | 📥 Résultat: GameState.NOT_FINISHED
2026-06-12 03:05:34 | INFO | 
--- Action 47/200 ---
2026-06-12 03:05:34 | INFO | État: GameState.NOT_FINISHED
2026-06-12 03:05:34 | INFO | Niveaux complétés: 0/8
2026-06-12 03:05:34 | INFO | ✅ Grille extraite: shape=(64, 64), unique_colors=7
2026-06-12 03:05:34 | INFO | 🧠 Features: densité=1.000, sym_h=0.885, sym_v=0.865, clusters=19
2026-06-12 03:05:34 | INFO | 🎯 Action choisie: 6
2026-06-12 03:05:34 | INFO | 📥 Résultat: GameState.NOT_FINISHED
2026-06-12 03:05:34 | INFO | 
--- Action 48/200 ---
2026-06-12 03:05:34 | INFO | État: GameState.NOT_FINISHED
2026-06-12 03:05:34 | INFO | Niveaux complétés: 0/8
2026-06-12 03:05:34 | INFO | ✅ Grille extraite: shape=(64, 64), unique_colors=7
2026-06-12 03:05:34 | INFO | 🧠 Features: densité=1.000, sym_h=0.886, sym_v=0.865, clusters=19
2026-06-12 03:05:34 | INFO | 🎯 Action choisie: 6
2026-06-12 03:05:34 | INFO | 📥 Résultat: GameState.NOT_FINISHED
2026-06-12 03:05:34 | INFO | 
--- Action 49/200 ---
2026-06-12 03:05:34 | INFO | État: GameState.NOT_FINISHED
2026-06-12 03:05:34 | INFO | Niveaux complétés: 0/8
2026-06-12 03:05:34 | INFO | ✅ Grille extraite: shape=(64, 64), unique_colors=7
2026-06-12 03:05:34 | INFO | 🧠 Features: densité=1.000, sym_h=0.886, sym_v=0.865, clusters=19
2026-06-12 03:05:34 | INFO | 🎯 Action choisie: 6
2026-06-12 03:05:34 | INFO | 📥 Résultat: GameState.NOT_FINISHED
2026-06-12 03:05:34 | INFO | 
--- Action 50/200 ---
2026-06-12 03:05:34 | INFO | État: GameState.NOT_FINISHED
2026-06-12 03:05:34 | INFO | Niveaux complétés: 0/8
2026-06-12 03:05:34 | INFO | ✅ Grille extraite: shape=(64, 64), unique_colors=7
2026-06-12 03:05:34 | INFO | 🧠 Features: densité=1.000, sym_h=0.887, sym_v=0.865, clusters=18
2026-06-12 03:05:34 | INFO | 🎯 Action choisie: 6
2026-06-12 03:05:34 | INFO | 📥 Résultat: GameState.GAME_OVER
2026-06-12 03:05:34 | INFO | 💾 Logs forensiques sauvegardés dans: /home/lvx/LVX/lumvorax2/src/MAGEN/logs/forensic/v2_intelligent/s5i5_18d95033
2026-06-12 03:05:34 | INFO | 
======================================================================
2026-06-12 03:05:34 | INFO | ✅ JEU TERMINÉ: s5i5-18d95033
2026-06-12 03:05:34 | INFO |    Succès: False
2026-06-12 03:05:34 | INFO |    Niveaux: 0/8
2026-06-12 03:05:34 | INFO |    Actions: 50
2026-06-12 03:05:34 | INFO |    Durée: 3.01s
2026-06-12 03:05:34 | INFO | ======================================================================
🎮 Test 5/10: s5i5-18d95:  50%|█████     | 5/10 [00:24<00:22,  4.46s/jeu]🎮 Test 6/10: su15-1944f:  50%|█████     | 5/10 [00:24<00:22,  4.46s/jeu]2026-06-12 03:05:34 | INFO | 
======================================================================
2026-06-12 03:05:34 | INFO | 🎮 DÉMARRAGE JEU: su15-1944f8ab
2026-06-12 03:05:34 | INFO | ======================================================================
2026-06-12 03:05:34 | INFO | 🔐 Forensic logging activé: /home/lvx/LVX/lumvorax2/src/MAGEN/logs/forensic/v2_intelligent/su15_1944f8ab
2026-06-12 03:05:34 | INFO | 📦 Création environnement via Arcade.make('su15-1944f8ab')...
[ARC Agent V2] 🧠 Exploitation: action 6
[ARC Agent V2] 🧠 Exploitation: action 6
[ARC Agent V2] 🎲 Exploration: action 6
[ARC Agent V2] 🎲 Exploration: action 6
[ARC Agent V2] 🧠 Exploitation: action 6
[ARC Agent V2] 🎲 Exploration: action 6
[ARC Agent V2] 🎲 Exploration: action 6
[ARC Agent V2] 🎲 Exploration: action 6
[ARC Agent V2] 🧠 Exploitation: action 6
[ARC Agent V2] 🧠 Exploitation: action 6
[ARC Agent V2] 🎲 Exploration: action 6
[ARC Agent V2] 🎲 Exploration: action 6
[ARC Agent V2] 🎲 Exploration: action 6
[ARC Agent V2] 🧠 Exploitation: action 6
[ARC Agent V2] 🧠 Exploitation: action 6
[ARC Agent V2] 🎲 Exploration: action 6
[ARC Agent V2] 🧠 Exploitation: action 6
[ARC Agent V2] 🧠 Exploitation: action 6
[ARC Agent V2] 🎲 Exploration: action 6
[ARC Agent V2] 🎲 Exploration: action 6
[ARC Agent V2] 🎲 Exploration: action 6
[ARC Agent V2] 🎲 Exploration: action 6
[ARC Agent V2] 🧠 Exploitation: action 6
[ARC Agent V2] 🎲 Exploration: action 6
[ARC Agent V2] 🎲 Exploration: action 6
[ARC Agent V2] 🎲 Exploration: action 6
[ARC Agent V2] 🎲 Exploration: action 6
[ARC Agent V2] 🧠 Exploitation: action 6
[ARC Agent V2] 🧠 Exploitation: action 6
[ARC Agent V2] 🧠 Exploitation: action 6
[ARC Agent V2] 🎲 Exploration: action 6
[ARC Agent V2] 🎲 Exploration: action 6
[ARC Agent V2] 🧠 Exploitation: action 6
[ARC Agent V2] 🧠 Exploitation: action 6
[ARC Agent V2] 🧠 Exploitation: action 6
[ARC Agent V2] 🎲 Exploration: action 6
[ARC Agent V2] 🎲 Exploration: action 6
[ARC Agent V2] 🧠 Exploitation: action 6
[ARC Agent V2] 🧠 Exploitation: action 6
[ARC Agent V2] 🧠 Exploitation: action 6
[ARC Agent V2] 🎲 Exploration: action 6
[ARC Agent V2] 🧠 Exploitation: action 6
[ARC Agent V2] 🧠 Exploitation: action 6
[ARC Agent V2] 🎲 Exploration: action 6
[ARC Agent V2] 🎲 Exploration: action 6
[ARC Agent V2] 🎲 Exploration: action 6
[ARC Agent V2] 🧠 Exploitation: action 6
[ARC Agent V2] 🎲 Exploration: action 6
[ARC Agent V2] 🎲 Exploration: action 6
[ARC Agent V2] 🧠 Exploitation: action 6
[ARC Agent V2] ✗ Échec. Exploration rate augmenté à 0.500
[SimpleLogger] Logger initialisé: /home/lvx/LVX/lumvorax2/src/MAGEN/logs/forensic/v2_intelligent/su15_1944f8ab
INFO:arc_agi.scorecard:Initialized ScorecardManager with idle_for=0:15:00 and max_open_for=3 days, 0:00:00
2026-06-12 03:05:35 | INFO | Got anonymous API key: 0f63b053-ec4a-4554-ae38-de9ee9d00a7d
2026-06-12 03:05:35 | INFO | Got anonymous API key: 0f63b053-ec4a-4554-ae38-de9ee9d00a7d
2026-06-12 03:05:35 | INFO | You can register for an API key at https://three.arcprize.org
2026-06-12 03:05:35 | INFO | You can register for an API key at https://three.arcprize.org
2026-06-12 03:05:35 | INFO | Successfully fetched 25 environment(s) from API
2026-06-12 03:05:35 | INFO | Successfully fetched 25 environment(s) from API
2026-06-12 03:05:35 | INFO | Created new scorecard: 555b2e93-e90e-41ee-9e44-c40d11e6186e
2026-06-12 03:05:35 | INFO | Created new scorecard: 555b2e93-e90e-41ee-9e44-c40d11e6186e
2026-06-12 03:05:35 | INFO | Successfully fetched metadata for game su15
2026-06-12 03:05:35 | INFO | Successfully fetched metadata for game su15
2026-06-12 03:05:36 | INFO | Successfully downloaded game su15 (version: 1944f8ab) to environment_files/su15/1944f8ab
2026-06-12 03:05:36 | INFO | Successfully downloaded game su15 (version: 1944f8ab) to environment_files/su15/1944f8ab
2026-06-12 03:05:36 | INFO | Successfully loaded game class Su15 from environment_files/su15/1944f8ab/su15.py
2026-06-12 03:05:36 | INFO | Successfully loaded game class Su15 from environment_files/su15/1944f8ab/su15.py
2026-06-12 03:05:36 | INFO | ✅ Environnement créé: <class 'arc_agi.local_wrapper.LocalEnvironmentWrapper'>
2026-06-12 03:05:36 | INFO | 📊 État initial:
2026-06-12 03:05:36 | INFO |    game_id: su15-1944f8ab
2026-06-12 03:05:36 | INFO |    state: GameState.NOT_FINISHED
2026-06-12 03:05:36 | INFO |    levels_completed: 0/9
2026-06-12 03:05:36 | INFO |    available_actions: [6, 7]
2026-06-12 03:05:36 | INFO | 
--- Action 1/200 ---
2026-06-12 03:05:36 | INFO | État: GameState.NOT_FINISHED
2026-06-12 03:05:36 | INFO | Niveaux complétés: 0/9
2026-06-12 03:05:36 | INFO | ✅ Grille extraite: shape=(64, 64), unique_colors=6
2026-06-12 03:05:36 | INFO | 🧠 Features: densité=0.983, sym_h=0.949, sym_v=0.644, clusters=6
2026-06-12 03:05:36 | INFO | 🎯 Action choisie: 7
2026-06-12 03:05:36 | INFO | 📥 Résultat: GameState.NOT_FINISHED
2026-06-12 03:05:36 | WARNING | ⚠️ Action 7 sans effet (état identique)
2026-06-12 03:05:36 | INFO | 
--- Action 2/200 ---
2026-06-12 03:05:36 | INFO | État: GameState.NOT_FINISHED
2026-06-12 03:05:36 | INFO | Niveaux complétés: 0/9
2026-06-12 03:05:36 | INFO | ✅ Grille extraite: shape=(64, 64), unique_colors=6
2026-06-12 03:05:36 | INFO | 🧠 Features: densité=0.983, sym_h=0.949, sym_v=0.644, clusters=6
2026-06-12 03:05:36 | INFO | 🎯 Action choisie: 6
2026-06-12 03:05:36 | INFO | 📥 Résultat: GameState.NOT_FINISHED
2026-06-12 03:05:36 | WARNING | ⚠️ Action 6 sans effet (état identique)
2026-06-12 03:05:36 | INFO | 
--- Action 3/200 ---
2026-06-12 03:05:36 | INFO | État: GameState.NOT_FINISHED
2026-06-12 03:05:36 | INFO | Niveaux complétés: 0/9
2026-06-12 03:05:36 | INFO | ✅ Grille extraite: shape=(64, 64), unique_colors=6
2026-06-12 03:05:36 | INFO | 🧠 Features: densité=0.983, sym_h=0.949, sym_v=0.644, clusters=6
2026-06-12 03:05:36 | INFO | 🎯 Action choisie: 6
2026-06-12 03:05:36 | INFO | 📥 Résultat: GameState.NOT_FINISHED
2026-06-12 03:05:36 | WARNING | ⚠️ Action 6 sans effet (état identique)
2026-06-12 03:05:36 | INFO | 
--- Action 4/200 ---
2026-06-12 03:05:36 | INFO | État: GameState.NOT_FINISHED
2026-06-12 03:05:36 | INFO | Niveaux complétés: 0/9
2026-06-12 03:05:36 | INFO | ✅ Grille extraite: shape=(64, 64), unique_colors=6
2026-06-12 03:05:36 | INFO | 🧠 Features: densité=0.983, sym_h=0.949, sym_v=0.644, clusters=6
2026-06-12 03:05:36 | INFO | 🎯 Action choisie: 7
2026-06-12 03:05:36 | INFO | 📥 Résultat: GameState.NOT_FINISHED
2026-06-12 03:05:36 | WARNING | ⚠️ Action 7 sans effet (état identique)
2026-06-12 03:05:36 | INFO | 
--- Action 5/200 ---
2026-06-12 03:05:36 | INFO | État: GameState.NOT_FINISHED
2026-06-12 03:05:36 | INFO | Niveaux complétés: 0/9
2026-06-12 03:05:36 | INFO | ✅ Grille extraite: shape=(64, 64), unique_colors=6
2026-06-12 03:05:36 | INFO | 🧠 Features: densité=0.983, sym_h=0.949, sym_v=0.644, clusters=6
2026-06-12 03:05:36 | INFO | 🎯 Action choisie: 6
2026-06-12 03:05:36 | INFO | 📥 Résultat: GameState.NOT_FINISHED
2026-06-12 03:05:36 | WARNING | ⚠️ Action 6 sans effet (état identique)
2026-06-12 03:05:36 | INFO | 
--- Action 6/200 ---
2026-06-12 03:05:36 | INFO | État: GameState.NOT_FINISHED
2026-06-12 03:05:36 | INFO | Niveaux complétés: 0/9
2026-06-12 03:05:36 | INFO | ✅ Grille extraite: shape=(64, 64), unique_colors=6
2026-06-12 03:05:36 | INFO | 🧠 Features: densité=0.983, sym_h=0.949, sym_v=0.644, clusters=6
2026-06-12 03:05:36 | INFO | 🎯 Action choisie: 7
2026-06-12 03:05:36 | INFO | 📥 Résultat: GameState.NOT_FINISHED
2026-06-12 03:05:36 | WARNING | ⚠️ Action 7 sans effet (état identique)
2026-06-12 03:05:36 | INFO | 
--- Action 7/200 ---
2026-06-12 03:05:36 | INFO | État: GameState.NOT_FINISHED
2026-06-12 03:05:36 | INFO | Niveaux complétés: 0/9
2026-06-12 03:05:36 | INFO | ✅ Grille extraite: shape=(64, 64), unique_colors=6
2026-06-12 03:05:36 | INFO | 🧠 Features: densité=0.983, sym_h=0.949, sym_v=0.644, clusters=6
2026-06-12 03:05:36 | INFO | 🎯 Action choisie: 6
2026-06-12 03:05:36 | INFO | 📥 Résultat: GameState.NOT_FINISHED
2026-06-12 03:05:36 | WARNING | ⚠️ Action 6 sans effet (état identique)
2026-06-12 03:05:36 | INFO | 
--- Action 8/200 ---
2026-06-12 03:05:36 | INFO | État: GameState.NOT_FINISHED
2026-06-12 03:05:36 | INFO | Niveaux complétés: 0/9
2026-06-12 03:05:36 | INFO | ✅ Grille extraite: shape=(64, 64), unique_colors=6
2026-06-12 03:05:36 | INFO | 🧠 Features: densité=0.983, sym_h=0.949, sym_v=0.644, clusters=6
2026-06-12 03:05:36 | INFO | 🎯 Action choisie: 7
2026-06-12 03:05:36 | INFO | 📥 Résultat: GameState.NOT_FINISHED
2026-06-12 03:05:36 | WARNING | ⚠️ Action 7 sans effet (état identique)
2026-06-12 03:05:36 | INFO | 
--- Action 9/200 ---
2026-06-12 03:05:36 | INFO | État: GameState.NOT_FINISHED
2026-06-12 03:05:36 | INFO | Niveaux complétés: 0/9
2026-06-12 03:05:36 | INFO | ✅ Grille extraite: shape=(64, 64), unique_colors=6
2026-06-12 03:05:36 | INFO | 🧠 Features: densité=0.983, sym_h=0.949, sym_v=0.644, clusters=6
2026-06-12 03:05:36 | INFO | 🎯 Action choisie: 7
2026-06-12 03:05:36 | INFO | 📥 Résultat: GameState.NOT_FINISHED
2026-06-12 03:05:36 | WARNING | ⚠️ Action 7 sans effet (état identique)
2026-06-12 03:05:36 | INFO | 
--- Action 10/200 ---
2026-06-12 03:05:36 | INFO | État: GameState.NOT_FINISHED
2026-06-12 03:05:36 | INFO | Niveaux complétés: 0/9
2026-06-12 03:05:36 | INFO | ✅ Grille extraite: shape=(64, 64), unique_colors=6
2026-06-12 03:05:36 | INFO | 🧠 Features: densité=0.983, sym_h=0.949, sym_v=0.644, clusters=6
2026-06-12 03:05:36 | INFO | 🎯 Action choisie: 7
2026-06-12 03:05:36 | INFO | 📥 Résultat: GameState.NOT_FINISHED
2026-06-12 03:05:36 | WARNING | ⚠️ Action 7 sans effet (état identique)
2026-06-12 03:05:36 | INFO | 
--- Action 11/200 ---
2026-06-12 03:05:36 | INFO | État: GameState.NOT_FINISHED
2026-06-12 03:05:36 | INFO | Niveaux complétés: 0/9
2026-06-12 03:05:36 | INFO | ✅ Grille extraite: shape=(64, 64), unique_colors=6
2026-06-12 03:05:36 | INFO | 🧠 Features: densité=0.983, sym_h=0.949, sym_v=0.644, clusters=6
2026-06-12 03:05:36 | INFO | 🎯 Action choisie: 7
2026-06-12 03:05:36 | INFO | 📥 Résultat: GameState.NOT_FINISHED
2026-06-12 03:05:36 | WARNING | ⚠️ Action 7 sans effet (état identique)
2026-06-12 03:05:36 | INFO | 
--- Action 12/200 ---
2026-06-12 03:05:36 | INFO | État: GameState.NOT_FINISHED
2026-06-12 03:05:36 | INFO | Niveaux complétés: 0/9
2026-06-12 03:05:36 | INFO | ✅ Grille extraite: shape=(64, 64), unique_colors=6
2026-06-12 03:05:36 | INFO | 🧠 Features: densité=0.983, sym_h=0.949, sym_v=0.644, clusters=6
2026-06-12 03:05:36 | INFO | 🎯 Action choisie: 7
2026-06-12 03:05:36 | INFO | 📥 Résultat: GameState.NOT_FINISHED
2026-06-12 03:05:36 | WARNING | ⚠️ Action 7 sans effet (état identique)
2026-06-12 03:05:36 | INFO | 
--- Action 13/200 ---
2026-06-12 03:05:36 | INFO | État: GameState.NOT_FINISHED
2026-06-12 03:05:36 | INFO | Niveaux complétés: 0/9
2026-06-12 03:05:36 | INFO | ✅ Grille extraite: shape=(64, 64), unique_colors=6
2026-06-12 03:05:36 | INFO | 🧠 Features: densité=0.983, sym_h=0.949, sym_v=0.644, clusters=6
2026-06-12 03:05:36 | INFO | 🎯 Action choisie: 6
2026-06-12 03:05:36 | INFO | 📥 Résultat: GameState.NOT_FINISHED
2026-06-12 03:05:36 | WARNING | ⚠️ Action 6 sans effet (état identique)
2026-06-12 03:05:36 | INFO | 
--- Action 14/200 ---
2026-06-12 03:05:36 | INFO | État: GameState.NOT_FINISHED
2026-06-12 03:05:36 | INFO | Niveaux complétés: 0/9
2026-06-12 03:05:36 | INFO | ✅ Grille extraite: shape=(64, 64), unique_colors=6
2026-06-12 03:05:36 | INFO | 🧠 Features: densité=0.983, sym_h=0.949, sym_v=0.644, clusters=6
2026-06-12 03:05:36 | INFO | 🎯 Action choisie: 7
2026-06-12 03:05:36 | INFO | 📥 Résultat: GameState.NOT_FINISHED
2026-06-12 03:05:36 | WARNING | ⚠️ Action 7 sans effet (état identique)
2026-06-12 03:05:36 | INFO | 
--- Action 15/200 ---
2026-06-12 03:05:36 | INFO | État: GameState.NOT_FINISHED
2026-06-12 03:05:36 | INFO | Niveaux complétés: 0/9
2026-06-12 03:05:36 | INFO | ✅ Grille extraite: shape=(64, 64), unique_colors=6
2026-06-12 03:05:36 | INFO | 🧠 Features: densité=0.983, sym_h=0.949, sym_v=0.644, clusters=6
2026-06-12 03:05:36 | INFO | 🎯 Action choisie: 6
2026-06-12 03:05:36 | INFO | 📥 Résultat: GameState.NOT_FINISHED
2026-06-12 03:05:36 | WARNING | ⚠️ Action 6 sans effet (état identique)
2026-06-12 03:05:36 | INFO | 
--- Action 16/200 ---
2026-06-12 03:05:36 | INFO | État: GameState.NOT_FINISHED
2026-06-12 03:05:36 | INFO | Niveaux complétés: 0/9
2026-06-12 03:05:36 | INFO | ✅ Grille extraite: shape=(64, 64), unique_colors=6
2026-06-12 03:05:36 | INFO | 🧠 Features: densité=0.983, sym_h=0.949, sym_v=0.644, clusters=6
2026-06-12 03:05:36 | INFO | 🎯 Action choisie: 7
2026-06-12 03:05:36 | INFO | 📥 Résultat: GameState.NOT_FINISHED
2026-06-12 03:05:36 | WARNING | ⚠️ Action 7 sans effet (état identique)
2026-06-12 03:05:36 | INFO | 
--- Action 17/200 ---
2026-06-12 03:05:36 | INFO | État: GameState.NOT_FINISHED
2026-06-12 03:05:36 | INFO | Niveaux complétés: 0/9
2026-06-12 03:05:36 | INFO | ✅ Grille extraite: shape=(64, 64), unique_colors=6
2026-06-12 03:05:37 | INFO | 🧠 Features: densité=0.983, sym_h=0.949, sym_v=0.644, clusters=6
2026-06-12 03:05:37 | INFO | 🎯 Action choisie: 6
2026-06-12 03:05:37 | INFO | 📥 Résultat: GameState.NOT_FINISHED
2026-06-12 03:05:37 | WARNING | ⚠️ Action 6 sans effet (état identique)
2026-06-12 03:05:37 | INFO | 
--- Action 18/200 ---
2026-06-12 03:05:37 | INFO | État: GameState.NOT_FINISHED
2026-06-12 03:05:37 | INFO | Niveaux complétés: 0/9
2026-06-12 03:05:37 | INFO | ✅ Grille extraite: shape=(64, 64), unique_colors=6
2026-06-12 03:05:37 | INFO | 🧠 Features: densité=0.983, sym_h=0.949, sym_v=0.644, clusters=6
2026-06-12 03:05:37 | INFO | 🎯 Action choisie: 7
2026-06-12 03:05:37 | INFO | 📥 Résultat: GameState.NOT_FINISHED
2026-06-12 03:05:37 | WARNING | ⚠️ Action 7 sans effet (état identique)
2026-06-12 03:05:37 | INFO | 
--- Action 19/200 ---
2026-06-12 03:05:37 | INFO | État: GameState.NOT_FINISHED
2026-06-12 03:05:37 | INFO | Niveaux complétés: 0/9
2026-06-12 03:05:37 | INFO | ✅ Grille extraite: shape=(64, 64), unique_colors=6
2026-06-12 03:05:37 | INFO | 🧠 Features: densité=0.983, sym_h=0.949, sym_v=0.644, clusters=6
2026-06-12 03:05:37 | INFO | 🎯 Action choisie: 7
2026-06-12 03:05:37 | INFO | 📥 Résultat: GameState.NOT_FINISHED
2026-06-12 03:05:37 | WARNING | ⚠️ Action 7 sans effet (état identique)
2026-06-12 03:05:37 | INFO | 
--- Action 20/200 ---
2026-06-12 03:05:37 | INFO | État: GameState.NOT_FINISHED
2026-06-12 03:05:37 | INFO | Niveaux complétés: 0/9
2026-06-12 03:05:37 | INFO | ✅ Grille extraite: shape=(64, 64), unique_colors=6
2026-06-12 03:05:37 | INFO | 🧠 Features: densité=0.983, sym_h=0.949, sym_v=0.644, clusters=6
2026-06-12 03:05:37 | INFO | 🎯 Action choisie: 7
2026-06-12 03:05:37 | INFO | 📥 Résultat: GameState.NOT_FINISHED
2026-06-12 03:05:37 | WARNING | ⚠️ Action 7 sans effet (état identique)
2026-06-12 03:05:37 | INFO | 
--- Action 21/200 ---
2026-06-12 03:05:37 | INFO | État: GameState.NOT_FINISHED
2026-06-12 03:05:37 | INFO | Niveaux complétés: 0/9
2026-06-12 03:05:37 | INFO | ✅ Grille extraite: shape=(64, 64), unique_colors=6
2026-06-12 03:05:37 | INFO | 🧠 Features: densité=0.983, sym_h=0.949, sym_v=0.644, clusters=6
2026-06-12 03:05:37 | INFO | 🎯 Action choisie: 6
2026-06-12 03:05:37 | INFO | 📥 Résultat: GameState.NOT_FINISHED
2026-06-12 03:05:37 | WARNING | ⚠️ Action 6 sans effet (état identique)
2026-06-12 03:05:37 | INFO | 
--- Action 22/200 ---
2026-06-12 03:05:37 | INFO | État: GameState.NOT_FINISHED
2026-06-12 03:05:37 | INFO | Niveaux complétés: 0/9
2026-06-12 03:05:37 | INFO | ✅ Grille extraite: shape=(64, 64), unique_colors=6
2026-06-12 03:05:37 | INFO | 🧠 Features: densité=0.983, sym_h=0.949, sym_v=0.644, clusters=6
2026-06-12 03:05:37 | INFO | 🎯 Action choisie: 7
2026-06-12 03:05:37 | INFO | 📥 Résultat: GameState.NOT_FINISHED
2026-06-12 03:05:37 | WARNING | ⚠️ Action 7 sans effet (état identique)
2026-06-12 03:05:37 | INFO | 
--- Action 23/200 ---
2026-06-12 03:05:37 | INFO | État: GameState.NOT_FINISHED
2026-06-12 03:05:37 | INFO | Niveaux complétés: 0/9
2026-06-12 03:05:37 | INFO | ✅ Grille extraite: shape=(64, 64), unique_colors=6
2026-06-12 03:05:37 | INFO | 🧠 Features: densité=0.983, sym_h=0.949, sym_v=0.644, clusters=6
2026-06-12 03:05:37 | INFO | 🎯 Action choisie: 6
2026-06-12 03:05:37 | INFO | 📥 Résultat: GameState.NOT_FINISHED
2026-06-12 03:05:37 | WARNING | ⚠️ Action 6 sans effet (état identique)
2026-06-12 03:05:37 | INFO | 
--- Action 24/200 ---
2026-06-12 03:05:37 | INFO | État: GameState.NOT_FINISHED
2026-06-12 03:05:37 | INFO | Niveaux complétés: 0/9
2026-06-12 03:05:37 | INFO | ✅ Grille extraite: shape=(64, 64), unique_colors=6
2026-06-12 03:05:37 | INFO | 🧠 Features: densité=0.983, sym_h=0.949, sym_v=0.644, clusters=6
2026-06-12 03:05:37 | INFO | 🎯 Action choisie: 6
2026-06-12 03:05:37 | INFO | 📥 Résultat: GameState.NOT_FINISHED
2026-06-12 03:05:37 | WARNING | ⚠️ Action 6 sans effet (état identique)
2026-06-12 03:05:37 | INFO | 
--- Action 25/200 ---
2026-06-12 03:05:37 | INFO | État: GameState.NOT_FINISHED
2026-06-12 03:05:37 | INFO | Niveaux complétés: 0/9
2026-06-12 03:05:37 | INFO | ✅ Grille extraite: shape=(64, 64), unique_colors=6
2026-06-12 03:05:37 | INFO | 🧠 Features: densité=0.983, sym_h=0.949, sym_v=0.644, clusters=6
2026-06-12 03:05:37 | INFO | 🎯 Action choisie: 6
2026-06-12 03:05:37 | INFO | 📥 Résultat: GameState.NOT_FINISHED
2026-06-12 03:05:37 | WARNING | ⚠️ Action 6 sans effet (état identique)
2026-06-12 03:05:37 | INFO | 
--- Action 26/200 ---
2026-06-12 03:05:37 | INFO | État: GameState.NOT_FINISHED
2026-06-12 03:05:37 | INFO | Niveaux complétés: 0/9
2026-06-12 03:05:37 | INFO | ✅ Grille extraite: shape=(64, 64), unique_colors=6
2026-06-12 03:05:37 | INFO | 🧠 Features: densité=0.983, sym_h=0.949, sym_v=0.644, clusters=6
2026-06-12 03:05:37 | INFO | 🎯 Action choisie: 6
2026-06-12 03:05:37 | INFO | 📥 Résultat: GameState.NOT_FINISHED
2026-06-12 03:05:37 | WARNING | ⚠️ Action 6 sans effet (état identique)
2026-06-12 03:05:37 | INFO | 
--- Action 27/200 ---
2026-06-12 03:05:37 | INFO | État: GameState.NOT_FINISHED
2026-06-12 03:05:37 | INFO | Niveaux complétés: 0/9
2026-06-12 03:05:37 | INFO | ✅ Grille extraite: shape=(64, 64), unique_colors=6
2026-06-12 03:05:37 | INFO | 🧠 Features: densité=0.983, sym_h=0.949, sym_v=0.644, clusters=6
2026-06-12 03:05:37 | INFO | 🎯 Action choisie: 7
2026-06-12 03:05:37 | INFO | 📥 Résultat: GameState.NOT_FINISHED
2026-06-12 03:05:37 | WARNING | ⚠️ Action 7 sans effet (état identique)
2026-06-12 03:05:37 | INFO | 
--- Action 28/200 ---
2026-06-12 03:05:37 | INFO | État: GameState.NOT_FINISHED
2026-06-12 03:05:37 | INFO | Niveaux complétés: 0/9
2026-06-12 03:05:37 | INFO | ✅ Grille extraite: shape=(64, 64), unique_colors=6
2026-06-12 03:05:37 | INFO | 🧠 Features: densité=0.983, sym_h=0.949, sym_v=0.644, clusters=6
2026-06-12 03:05:37 | INFO | 🎯 Action choisie: 7
2026-06-12 03:05:37 | INFO | 📥 Résultat: GameState.NOT_FINISHED
2026-06-12 03:05:37 | WARNING | ⚠️ Action 7 sans effet (état identique)
2026-06-12 03:05:37 | INFO | 
--- Action 29/200 ---
2026-06-12 03:05:37 | INFO | État: GameState.NOT_FINISHED
2026-06-12 03:05:37 | INFO | Niveaux complétés: 0/9
2026-06-12 03:05:37 | INFO | ✅ Grille extraite: shape=(64, 64), unique_colors=6
2026-06-12 03:05:37 | INFO | 🧠 Features: densité=0.983, sym_h=0.949, sym_v=0.644, clusters=6
2026-06-12 03:05:37 | INFO | 🎯 Action choisie: 6
2026-06-12 03:05:37 | INFO | 📥 Résultat: GameState.NOT_FINISHED
2026-06-12 03:05:37 | WARNING | ⚠️ Action 6 sans effet (état identique)
2026-06-12 03:05:37 | INFO | 
--- Action 30/200 ---
2026-06-12 03:05:37 | INFO | État: GameState.NOT_FINISHED
2026-06-12 03:05:37 | INFO | Niveaux complétés: 0/9
2026-06-12 03:05:37 | INFO | ✅ Grille extraite: shape=(64, 64), unique_colors=6
2026-06-12 03:05:37 | INFO | 🧠 Features: densité=0.983, sym_h=0.949, sym_v=0.644, clusters=6
2026-06-12 03:05:37 | INFO | 🎯 Action choisie: 7
2026-06-12 03:05:37 | INFO | 📥 Résultat: GameState.NOT_FINISHED
2026-06-12 03:05:37 | WARNING | ⚠️ Action 7 sans effet (état identique)
2026-06-12 03:05:37 | INFO | 
--- Action 31/200 ---
2026-06-12 03:05:37 | INFO | État: GameState.NOT_FINISHED
2026-06-12 03:05:37 | INFO | Niveaux complétés: 0/9
2026-06-12 03:05:37 | INFO | ✅ Grille extraite: shape=(64, 64), unique_colors=6
2026-06-12 03:05:37 | INFO | 🧠 Features: densité=0.983, sym_h=0.949, sym_v=0.644, clusters=6
2026-06-12 03:05:37 | INFO | 🎯 Action choisie: 6
2026-06-12 03:05:37 | INFO | 📥 Résultat: GameState.NOT_FINISHED
2026-06-12 03:05:37 | WARNING | ⚠️ Action 6 sans effet (état identique)
2026-06-12 03:05:37 | INFO | 
--- Action 32/200 ---
2026-06-12 03:05:37 | INFO | État: GameState.NOT_FINISHED
2026-06-12 03:05:37 | INFO | Niveaux complétés: 0/9
2026-06-12 03:05:37 | INFO | ✅ Grille extraite: shape=(64, 64), unique_colors=6
2026-06-12 03:05:37 | INFO | 🧠 Features: densité=0.983, sym_h=0.949, sym_v=0.644, clusters=6
2026-06-12 03:05:37 | INFO | 🎯 Action choisie: 6
2026-06-12 03:05:37 | INFO | 📥 Résultat: GameState.NOT_FINISHED
2026-06-12 03:05:37 | WARNING | ⚠️ Action 6 sans effet (état identique)
2026-06-12 03:05:37 | INFO | 
--- Action 33/200 ---
2026-06-12 03:05:37 | INFO | État: GameState.NOT_FINISHED
2026-06-12 03:05:37 | INFO | Niveaux complétés: 0/9
2026-06-12 03:05:37 | INFO | ✅ Grille extraite: shape=(64, 64), unique_colors=6
2026-06-12 03:05:37 | INFO | 🧠 Features: densité=0.983, sym_h=0.949, sym_v=0.644, clusters=6
2026-06-12 03:05:37 | INFO | 🎯 Action choisie: 7
2026-06-12 03:05:37 | INFO | 📥 Résultat: GameState.NOT_FINISHED
2026-06-12 03:05:37 | WARNING | ⚠️ Action 7 sans effet (état identique)
2026-06-12 03:05:37 | INFO | 
--- Action 34/200 ---
2026-06-12 03:05:37 | INFO | État: GameState.NOT_FINISHED
2026-06-12 03:05:37 | INFO | Niveaux complétés: 0/9
2026-06-12 03:05:37 | INFO | ✅ Grille extraite: shape=(64, 64), unique_colors=6
2026-06-12 03:05:37 | INFO | 🧠 Features: densité=0.983, sym_h=0.949, sym_v=0.644, clusters=6
2026-06-12 03:05:37 | INFO | 🎯 Action choisie: 6
2026-06-12 03:05:37 | INFO | 📥 Résultat: GameState.NOT_FINISHED
2026-06-12 03:05:37 | WARNING | ⚠️ Action 6 sans effet (état identique)
2026-06-12 03:05:37 | INFO | 
--- Action 35/200 ---
2026-06-12 03:05:37 | INFO | État: GameState.NOT_FINISHED
2026-06-12 03:05:37 | INFO | Niveaux complétés: 0/9
2026-06-12 03:05:37 | INFO | ✅ Grille extraite: shape=(64, 64), unique_colors=6
2026-06-12 03:05:37 | INFO | 🧠 Features: densité=0.983, sym_h=0.949, sym_v=0.644, clusters=6
2026-06-12 03:05:37 | INFO | 🎯 Action choisie: 7
2026-06-12 03:05:37 | INFO | 📥 Résultat: GameState.NOT_FINISHED
2026-06-12 03:05:37 | WARNING | ⚠️ Action 7 sans effet (état identique)
2026-06-12 03:05:37 | INFO | 
--- Action 36/200 ---
2026-06-12 03:05:37 | INFO | État: GameState.NOT_FINISHED
2026-06-12 03:05:37 | INFO | Niveaux complétés: 0/9
2026-06-12 03:05:37 | INFO | ✅ Grille extraite: shape=(64, 64), unique_colors=6
2026-06-12 03:05:37 | INFO | 🧠 Features: densité=0.983, sym_h=0.949, sym_v=0.644, clusters=6
2026-06-12 03:05:37 | INFO | 🎯 Action choisie: 7
2026-06-12 03:05:37 | INFO | 📥 Résultat: GameState.NOT_FINISHED
2026-06-12 03:05:37 | WARNING | ⚠️ Action 7 sans effet (état identique)
2026-06-12 03:05:37 | INFO | 
--- Action 37/200 ---
2026-06-12 03:05:37 | INFO | État: GameState.NOT_FINISHED
2026-06-12 03:05:37 | INFO | Niveaux complétés: 0/9
2026-06-12 03:05:37 | INFO | ✅ Grille extraite: shape=(64, 64), unique_colors=6
2026-06-12 03:05:37 | INFO | 🧠 Features: densité=0.983, sym_h=0.949, sym_v=0.644, clusters=6
2026-06-12 03:05:37 | INFO | 🎯 Action choisie: 7
2026-06-12 03:05:37 | INFO | 📥 Résultat: GameState.NOT_FINISHED
2026-06-12 03:05:37 | WARNING | ⚠️ Action 7 sans effet (état identique)
2026-06-12 03:05:37 | INFO | 
--- Action 38/200 ---
2026-06-12 03:05:37 | INFO | État: GameState.NOT_FINISHED
2026-06-12 03:05:37 | INFO | Niveaux complétés: 0/9
2026-06-12 03:05:37 | INFO | ✅ Grille extraite: shape=(64, 64), unique_colors=6
2026-06-12 03:05:37 | INFO | 🧠 Features: densité=0.983, sym_h=0.949, sym_v=0.644, clusters=6
2026-06-12 03:05:37 | INFO | 🎯 Action choisie: 6
2026-06-12 03:05:37 | INFO | 📥 Résultat: GameState.NOT_FINISHED
2026-06-12 03:05:37 | WARNING | ⚠️ Action 6 sans effet (état identique)
2026-06-12 03:05:37 | INFO | 
--- Action 39/200 ---
2026-06-12 03:05:37 | INFO | État: GameState.NOT_FINISHED
2026-06-12 03:05:37 | INFO | Niveaux complétés: 0/9
2026-06-12 03:05:37 | INFO | ✅ Grille extraite: shape=(64, 64), unique_colors=6
2026-06-12 03:05:37 | INFO | 🧠 Features: densité=0.983, sym_h=0.949, sym_v=0.644, clusters=6
2026-06-12 03:05:37 | INFO | 🎯 Action choisie: 7
2026-06-12 03:05:37 | INFO | 📥 Résultat: GameState.NOT_FINISHED
2026-06-12 03:05:37 | WARNING | ⚠️ Action 7 sans effet (état identique)
2026-06-12 03:05:37 | INFO | 
--- Action 40/200 ---
2026-06-12 03:05:37 | INFO | État: GameState.NOT_FINISHED
2026-06-12 03:05:37 | INFO | Niveaux complétés: 0/9
2026-06-12 03:05:37 | INFO | ✅ Grille extraite: shape=(64, 64), unique_colors=6
2026-06-12 03:05:37 | INFO | 🧠 Features: densité=0.983, sym_h=0.949, sym_v=0.644, clusters=6
2026-06-12 03:05:37 | INFO | 🎯 Action choisie: 7
2026-06-12 03:05:37 | INFO | 📥 Résultat: GameState.NOT_FINISHED
2026-06-12 03:05:37 | WARNING | ⚠️ Action 7 sans effet (état identique)
2026-06-12 03:05:37 | INFO | 
--- Action 41/200 ---
2026-06-12 03:05:37 | INFO | État: GameState.NOT_FINISHED
2026-06-12 03:05:37 | INFO | Niveaux complétés: 0/9
2026-06-12 03:05:37 | INFO | ✅ Grille extraite: shape=(64, 64), unique_colors=6
2026-06-12 03:05:37 | INFO | 🧠 Features: densité=0.983, sym_h=0.949, sym_v=0.644, clusters=6
2026-06-12 03:05:37 | INFO | 🎯 Action choisie: 7
2026-06-12 03:05:37 | INFO | 📥 Résultat: GameState.NOT_FINISHED
2026-06-12 03:05:37 | WARNING | ⚠️ Action 7 sans effet (état identique)
2026-06-12 03:05:37 | INFO | 
--- Action 42/200 ---
2026-06-12 03:05:37 | INFO | État: GameState.NOT_FINISHED
2026-06-12 03:05:37 | INFO | Niveaux complétés: 0/9
2026-06-12 03:05:37 | INFO | ✅ Grille extraite: shape=(64, 64), unique_colors=6
2026-06-12 03:05:37 | INFO | 🧠 Features: densité=0.983, sym_h=0.949, sym_v=0.644, clusters=6
2026-06-12 03:05:37 | INFO | 🎯 Action choisie: 7
2026-06-12 03:05:37 | INFO | 📥 Résultat: GameState.NOT_FINISHED
2026-06-12 03:05:37 | WARNING | ⚠️ Action 7 sans effet (état identique)
2026-06-12 03:05:37 | INFO | 
--- Action 43/200 ---
2026-06-12 03:05:37 | INFO | État: GameState.NOT_FINISHED
2026-06-12 03:05:37 | INFO | Niveaux complétés: 0/9
2026-06-12 03:05:37 | INFO | ✅ Grille extraite: shape=(64, 64), unique_colors=6
2026-06-12 03:05:38 | INFO | 🧠 Features: densité=0.983, sym_h=0.949, sym_v=0.644, clusters=6
2026-06-12 03:05:38 | INFO | 🎯 Action choisie: 7
2026-06-12 03:05:38 | INFO | 📥 Résultat: GameState.NOT_FINISHED
2026-06-12 03:05:38 | WARNING | ⚠️ Action 7 sans effet (état identique)
2026-06-12 03:05:38 | INFO | 
--- Action 44/200 ---
2026-06-12 03:05:38 | INFO | État: GameState.NOT_FINISHED
2026-06-12 03:05:38 | INFO | Niveaux complétés: 0/9
2026-06-12 03:05:38 | INFO | ✅ Grille extraite: shape=(64, 64), unique_colors=6
2026-06-12 03:05:38 | INFO | 🧠 Features: densité=0.983, sym_h=0.949, sym_v=0.644, clusters=6
2026-06-12 03:05:38 | INFO | 🎯 Action choisie: 6
2026-06-12 03:05:38 | INFO | 📥 Résultat: GameState.NOT_FINISHED
2026-06-12 03:05:38 | WARNING | ⚠️ Action 6 sans effet (état identique)
2026-06-12 03:05:38 | INFO | 
--- Action 45/200 ---
2026-06-12 03:05:38 | INFO | État: GameState.NOT_FINISHED
2026-06-12 03:05:38 | INFO | Niveaux complétés: 0/9
2026-06-12 03:05:38 | INFO | ✅ Grille extraite: shape=(64, 64), unique_colors=6
2026-06-12 03:05:38 | INFO | 🧠 Features: densité=0.983, sym_h=0.949, sym_v=0.644, clusters=6
2026-06-12 03:05:38 | INFO | 🎯 Action choisie: 7
2026-06-12 03:05:38 | INFO | 📥 Résultat: GameState.NOT_FINISHED
2026-06-12 03:05:38 | WARNING | ⚠️ Action 7 sans effet (état identique)
2026-06-12 03:05:38 | INFO | 
--- Action 46/200 ---
2026-06-12 03:05:38 | INFO | État: GameState.NOT_FINISHED
2026-06-12 03:05:38 | INFO | Niveaux complétés: 0/9
2026-06-12 03:05:38 | INFO | ✅ Grille extraite: shape=(64, 64), unique_colors=6
2026-06-12 03:05:38 | INFO | 🧠 Features: densité=0.983, sym_h=0.949, sym_v=0.644, clusters=6
2026-06-12 03:05:38 | INFO | 🎯 Action choisie: 6
2026-06-12 03:05:38 | INFO | 📥 Résultat: GameState.NOT_FINISHED
2026-06-12 03:05:38 | WARNING | ⚠️ Action 6 sans effet (état identique)
2026-06-12 03:05:38 | INFO | 
--- Action 47/200 ---
2026-06-12 03:05:38 | INFO | État: GameState.NOT_FINISHED
2026-06-12 03:05:38 | INFO | Niveaux complétés: 0/9
2026-06-12 03:05:38 | INFO | ✅ Grille extraite: shape=(64, 64), unique_colors=6
2026-06-12 03:05:38 | INFO | 🧠 Features: densité=0.983, sym_h=0.949, sym_v=0.644, clusters=6
2026-06-12 03:05:38 | INFO | 🎯 Action choisie: 7
2026-06-12 03:05:38 | INFO | 📥 Résultat: GameState.NOT_FINISHED
2026-06-12 03:05:38 | WARNING | ⚠️ Action 7 sans effet (état identique)
2026-06-12 03:05:38 | INFO | 
--- Action 48/200 ---
2026-06-12 03:05:38 | INFO | État: GameState.NOT_FINISHED
2026-06-12 03:05:38 | INFO | Niveaux complétés: 0/9
2026-06-12 03:05:38 | INFO | ✅ Grille extraite: shape=(64, 64), unique_colors=6
2026-06-12 03:05:38 | INFO | 🧠 Features: densité=0.983, sym_h=0.949, sym_v=0.644, clusters=6
2026-06-12 03:05:38 | INFO | 🎯 Action choisie: 6
2026-06-12 03:05:38 | INFO | 📥 Résultat: GameState.NOT_FINISHED
2026-06-12 03:05:38 | WARNING | ⚠️ Action 6 sans effet (état identique)
2026-06-12 03:05:38 | INFO | 
--- Action 49/200 ---
2026-06-12 03:05:38 | INFO | État: GameState.NOT_FINISHED
2026-06-12 03:05:38 | INFO | Niveaux complétés: 0/9
2026-06-12 03:05:38 | INFO | ✅ Grille extraite: shape=(64, 64), unique_colors=6
2026-06-12 03:05:38 | INFO | 🧠 Features: densité=0.983, sym_h=0.949, sym_v=0.644, clusters=6
2026-06-12 03:05:38 | INFO | 🎯 Action choisie: 7
2026-06-12 03:05:38 | INFO | 📥 Résultat: GameState.NOT_FINISHED
2026-06-12 03:05:38 | WARNING | ⚠️ Action 7 sans effet (état identique)
2026-06-12 03:05:38 | INFO | 
--- Action 50/200 ---
2026-06-12 03:05:38 | INFO | État: GameState.NOT_FINISHED
2026-06-12 03:05:38 | INFO | Niveaux complétés: 0/9
2026-06-12 03:05:38 | INFO | ✅ Grille extraite: shape=(64, 64), unique_colors=6
2026-06-12 03:05:38 | INFO | 🧠 Features: densité=0.983, sym_h=0.949, sym_v=0.644, clusters=6
2026-06-12 03:05:38 | INFO | 🎯 Action choisie: 6
2026-06-12 03:05:38 | INFO | 📥 Résultat: GameState.NOT_FINISHED
2026-06-12 03:05:38 | WARNING | ⚠️ Action 6 sans effet (état identique)
2026-06-12 03:05:38 | INFO | 
--- Action 51/200 ---
2026-06-12 03:05:38 | INFO | État: GameState.NOT_FINISHED
2026-06-12 03:05:38 | INFO | Niveaux complétés: 0/9
2026-06-12 03:05:38 | INFO | ✅ Grille extraite: shape=(64, 64), unique_colors=6
2026-06-12 03:05:38 | INFO | 🧠 Features: densité=0.983, sym_h=0.949, sym_v=0.644, clusters=6
2026-06-12 03:05:38 | INFO | 🎯 Action choisie: 7
2026-06-12 03:05:38 | INFO | 📥 Résultat: GameState.NOT_FINISHED
2026-06-12 03:05:38 | WARNING | ⚠️ Action 7 sans effet (état identique)
2026-06-12 03:05:38 | INFO | 
--- Action 52/200 ---
2026-06-12 03:05:38 | INFO | État: GameState.NOT_FINISHED
2026-06-12 03:05:38 | INFO | Niveaux complétés: 0/9
2026-06-12 03:05:38 | INFO | ✅ Grille extraite: shape=(64, 64), unique_colors=6
2026-06-12 03:05:38 | INFO | 🧠 Features: densité=0.983, sym_h=0.949, sym_v=0.644, clusters=6
2026-06-12 03:05:38 | INFO | 🎯 Action choisie: 7
2026-06-12 03:05:38 | INFO | 📥 Résultat: GameState.NOT_FINISHED
2026-06-12 03:05:38 | WARNING | ⚠️ Action 7 sans effet (état identique)
2026-06-12 03:05:38 | INFO | 
--- Action 53/200 ---
2026-06-12 03:05:38 | INFO | État: GameState.NOT_FINISHED
2026-06-12 03:05:38 | INFO | Niveaux complétés: 0/9
2026-06-12 03:05:38 | INFO | ✅ Grille extraite: shape=(64, 64), unique_colors=6
2026-06-12 03:05:38 | INFO | 🧠 Features: densité=0.983, sym_h=0.949, sym_v=0.644, clusters=6
2026-06-12 03:05:38 | INFO | 🎯 Action choisie: 6
2026-06-12 03:05:38 | INFO | 📥 Résultat: GameState.NOT_FINISHED
2026-06-12 03:05:38 | WARNING | ⚠️ Action 6 sans effet (état identique)
2026-06-12 03:05:38 | INFO | 
--- Action 54/200 ---
2026-06-12 03:05:38 | INFO | État: GameState.NOT_FINISHED
2026-06-12 03:05:38 | INFO | Niveaux complétés: 0/9
2026-06-12 03:05:38 | INFO | ✅ Grille extraite: shape=(64, 64), unique_colors=6
2026-06-12 03:05:38 | INFO | 🧠 Features: densité=0.983, sym_h=0.949, sym_v=0.644, clusters=6
2026-06-12 03:05:38 | INFO | 🎯 Action choisie: 7
2026-06-12 03:05:38 | INFO | 📥 Résultat: GameState.NOT_FINISHED
2026-06-12 03:05:38 | WARNING | ⚠️ Action 7 sans effet (état identique)
2026-06-12 03:05:38 | INFO | 
--- Action 55/200 ---
2026-06-12 03:05:38 | INFO | État: GameState.NOT_FINISHED
2026-06-12 03:05:38 | INFO | Niveaux complétés: 0/9
2026-06-12 03:05:38 | INFO | ✅ Grille extraite: shape=(64, 64), unique_colors=6
2026-06-12 03:05:38 | INFO | 🧠 Features: densité=0.983, sym_h=0.949, sym_v=0.644, clusters=6
2026-06-12 03:05:38 | INFO | 🎯 Action choisie: 6
2026-06-12 03:05:38 | INFO | 📥 Résultat: GameState.NOT_FINISHED
2026-06-12 03:05:38 | WARNING | ⚠️ Action 6 sans effet (état identique)
2026-06-12 03:05:38 | INFO | 
--- Action 56/200 ---
2026-06-12 03:05:38 | INFO | État: GameState.NOT_FINISHED
2026-06-12 03:05:38 | INFO | Niveaux complétés: 0/9
2026-06-12 03:05:38 | INFO | ✅ Grille extraite: shape=(64, 64), unique_colors=6
2026-06-12 03:05:38 | INFO | 🧠 Features: densité=0.983, sym_h=0.949, sym_v=0.644, clusters=6
2026-06-12 03:05:38 | INFO | 🎯 Action choisie: 6
2026-06-12 03:05:38 | INFO | 📥 Résultat: GameState.NOT_FINISHED
2026-06-12 03:05:38 | WARNING | ⚠️ Action 6 sans effet (état identique)
2026-06-12 03:05:38 | INFO | 
--- Action 57/200 ---
2026-06-12 03:05:38 | INFO | État: GameState.NOT_FINISHED
2026-06-12 03:05:38 | INFO | Niveaux complétés: 0/9
2026-06-12 03:05:38 | INFO | ✅ Grille extraite: shape=(64, 64), unique_colors=6
2026-06-12 03:05:38 | INFO | 🧠 Features: densité=0.983, sym_h=0.949, sym_v=0.644, clusters=6
2026-06-12 03:05:38 | INFO | 🎯 Action choisie: 6
2026-06-12 03:05:38 | INFO | 📥 Résultat: GameState.NOT_FINISHED
2026-06-12 03:05:38 | WARNING | ⚠️ Action 6 sans effet (état identique)
2026-06-12 03:05:38 | INFO | 
--- Action 58/200 ---
2026-06-12 03:05:38 | INFO | État: GameState.NOT_FINISHED
2026-06-12 03:05:38 | INFO | Niveaux complétés: 0/9
2026-06-12 03:05:38 | INFO | ✅ Grille extraite: shape=(64, 64), unique_colors=6
2026-06-12 03:05:38 | INFO | 🧠 Features: densité=0.983, sym_h=0.949, sym_v=0.644, clusters=6
2026-06-12 03:05:38 | INFO | 🎯 Action choisie: 6
2026-06-12 03:05:38 | INFO | 📥 Résultat: GameState.NOT_FINISHED
2026-06-12 03:05:38 | WARNING | ⚠️ Action 6 sans effet (état identique)
2026-06-12 03:05:38 | INFO | 
--- Action 59/200 ---
2026-06-12 03:05:38 | INFO | État: GameState.NOT_FINISHED
2026-06-12 03:05:38 | INFO | Niveaux complétés: 0/9
2026-06-12 03:05:38 | INFO | ✅ Grille extraite: shape=(64, 64), unique_colors=6
2026-06-12 03:05:38 | INFO | 🧠 Features: densité=0.983, sym_h=0.949, sym_v=0.644, clusters=6
2026-06-12 03:05:38 | INFO | 🎯 Action choisie: 6
2026-06-12 03:05:38 | INFO | 📥 Résultat: GameState.NOT_FINISHED
2026-06-12 03:05:38 | WARNING | ⚠️ Action 6 sans effet (état identique)
2026-06-12 03:05:38 | INFO | 
--- Action 60/200 ---
2026-06-12 03:05:38 | INFO | État: GameState.NOT_FINISHED
2026-06-12 03:05:38 | INFO | Niveaux complétés: 0/9
2026-06-12 03:05:38 | INFO | ✅ Grille extraite: shape=(64, 64), unique_colors=6
2026-06-12 03:05:38 | INFO | 🧠 Features: densité=0.983, sym_h=0.949, sym_v=0.644, clusters=6
2026-06-12 03:05:38 | INFO | 🎯 Action choisie: 6
2026-06-12 03:05:38 | INFO | 📥 Résultat: GameState.NOT_FINISHED
2026-06-12 03:05:38 | WARNING | ⚠️ Action 6 sans effet (état identique)
2026-06-12 03:05:38 | INFO | 
--- Action 61/200 ---
2026-06-12 03:05:38 | INFO | État: GameState.NOT_FINISHED
2026-06-12 03:05:38 | INFO | Niveaux complétés: 0/9
2026-06-12 03:05:38 | INFO | ✅ Grille extraite: shape=(64, 64), unique_colors=6
2026-06-12 03:05:38 | INFO | 🧠 Features: densité=0.983, sym_h=0.949, sym_v=0.644, clusters=6
2026-06-12 03:05:38 | INFO | 🎯 Action choisie: 6
2026-06-12 03:05:38 | INFO | 📥 Résultat: GameState.NOT_FINISHED
2026-06-12 03:05:38 | WARNING | ⚠️ Action 6 sans effet (état identique)
2026-06-12 03:05:38 | INFO | 
--- Action 62/200 ---
2026-06-12 03:05:38 | INFO | État: GameState.NOT_FINISHED
2026-06-12 03:05:38 | INFO | Niveaux complétés: 0/9
2026-06-12 03:05:38 | INFO | ✅ Grille extraite: shape=(64, 64), unique_colors=6
2026-06-12 03:05:38 | INFO | 🧠 Features: densité=0.983, sym_h=0.949, sym_v=0.644, clusters=6
2026-06-12 03:05:38 | INFO | 🎯 Action choisie: 7
2026-06-12 03:05:38 | INFO | 📥 Résultat: GameState.NOT_FINISHED
2026-06-12 03:05:38 | WARNING | ⚠️ Action 7 sans effet (état identique)
2026-06-12 03:05:38 | INFO | 
--- Action 63/200 ---
2026-06-12 03:05:38 | INFO | État: GameState.NOT_FINISHED
2026-06-12 03:05:38 | INFO | Niveaux complétés: 0/9
2026-06-12 03:05:38 | INFO | ✅ Grille extraite: shape=(64, 64), unique_colors=6
2026-06-12 03:05:38 | INFO | 🧠 Features: densité=0.983, sym_h=0.949, sym_v=0.644, clusters=6
2026-06-12 03:05:38 | INFO | 🎯 Action choisie: 6
2026-06-12 03:05:38 | INFO | 📥 Résultat: GameState.NOT_FINISHED
2026-06-12 03:05:38 | WARNING | ⚠️ Action 6 sans effet (état identique)
2026-06-12 03:05:38 | INFO | 
--- Action 64/200 ---
2026-06-12 03:05:38 | INFO | État: GameState.NOT_FINISHED
2026-06-12 03:05:38 | INFO | Niveaux complétés: 0/9
2026-06-12 03:05:38 | INFO | ✅ Grille extraite: shape=(64, 64), unique_colors=6
2026-06-12 03:05:38 | INFO | 🧠 Features: densité=0.983, sym_h=0.949, sym_v=0.644, clusters=6
2026-06-12 03:05:38 | INFO | 🎯 Action choisie: 6
2026-06-12 03:05:38 | INFO | 📥 Résultat: GameState.NOT_FINISHED
2026-06-12 03:05:38 | WARNING | ⚠️ Action 6 sans effet (état identique)
2026-06-12 03:05:38 | INFO | 
--- Action 65/200 ---
2026-06-12 03:05:38 | INFO | État: GameState.NOT_FINISHED
2026-06-12 03:05:38 | INFO | Niveaux complétés: 0/9
2026-06-12 03:05:38 | INFO | ✅ Grille extraite: shape=(64, 64), unique_colors=6
2026-06-12 03:05:38 | INFO | 🧠 Features: densité=0.983, sym_h=0.949, sym_v=0.644, clusters=6
2026-06-12 03:05:38 | INFO | 🎯 Action choisie: 6
2026-06-12 03:05:38 | INFO | 📥 Résultat: GameState.NOT_FINISHED
2026-06-12 03:05:38 | WARNING | ⚠️ Action 6 sans effet (état identique)
2026-06-12 03:05:38 | INFO | 
--- Action 66/200 ---
2026-06-12 03:05:38 | INFO | État: GameState.NOT_FINISHED
2026-06-12 03:05:38 | INFO | Niveaux complétés: 0/9
2026-06-12 03:05:38 | INFO | ✅ Grille extraite: shape=(64, 64), unique_colors=6
2026-06-12 03:05:39 | INFO | 🧠 Features: densité=0.983, sym_h=0.949, sym_v=0.644, clusters=6
2026-06-12 03:05:39 | INFO | 🎯 Action choisie: 6
2026-06-12 03:05:39 | INFO | 📥 Résultat: GameState.NOT_FINISHED
2026-06-12 03:05:39 | WARNING | ⚠️ Action 6 sans effet (état identique)
2026-06-12 03:05:39 | INFO | 
--- Action 67/200 ---
2026-06-12 03:05:39 | INFO | État: GameState.NOT_FINISHED
2026-06-12 03:05:39 | INFO | Niveaux complétés: 0/9
2026-06-12 03:05:39 | INFO | ✅ Grille extraite: shape=(64, 64), unique_colors=6
2026-06-12 03:05:39 | INFO | 🧠 Features: densité=0.983, sym_h=0.949, sym_v=0.644, clusters=6
2026-06-12 03:05:39 | INFO | 🎯 Action choisie: 6
2026-06-12 03:05:39 | INFO | 📥 Résultat: GameState.NOT_FINISHED
2026-06-12 03:05:39 | WARNING | ⚠️ Action 6 sans effet (état identique)
2026-06-12 03:05:39 | INFO | 
--- Action 68/200 ---
2026-06-12 03:05:39 | INFO | État: GameState.NOT_FINISHED
2026-06-12 03:05:39 | INFO | Niveaux complétés: 0/9
2026-06-12 03:05:39 | INFO | ✅ Grille extraite: shape=(64, 64), unique_colors=6
2026-06-12 03:05:39 | INFO | 🧠 Features: densité=0.983, sym_h=0.949, sym_v=0.644, clusters=6
2026-06-12 03:05:39 | INFO | 🎯 Action choisie: 7
2026-06-12 03:05:39 | INFO | 📥 Résultat: GameState.NOT_FINISHED
2026-06-12 03:05:39 | WARNING | ⚠️ Action 7 sans effet (état identique)
2026-06-12 03:05:39 | INFO | 
--- Action 69/200 ---
2026-06-12 03:05:39 | INFO | État: GameState.NOT_FINISHED
2026-06-12 03:05:39 | INFO | Niveaux complétés: 0/9
2026-06-12 03:05:39 | INFO | ✅ Grille extraite: shape=(64, 64), unique_colors=6
2026-06-12 03:05:39 | INFO | 🧠 Features: densité=0.983, sym_h=0.949, sym_v=0.644, clusters=6
2026-06-12 03:05:39 | INFO | 🎯 Action choisie: 6
2026-06-12 03:05:39 | INFO | 📥 Résultat: GameState.NOT_FINISHED
2026-06-12 03:05:39 | WARNING | ⚠️ Action 6 sans effet (état identique)
2026-06-12 03:05:39 | INFO | 
--- Action 70/200 ---
2026-06-12 03:05:39 | INFO | État: GameState.NOT_FINISHED
2026-06-12 03:05:39 | INFO | Niveaux complétés: 0/9
2026-06-12 03:05:39 | INFO | ✅ Grille extraite: shape=(64, 64), unique_colors=6
2026-06-12 03:05:39 | INFO | 🧠 Features: densité=0.983, sym_h=0.949, sym_v=0.644, clusters=6
2026-06-12 03:05:39 | INFO | 🎯 Action choisie: 7
2026-06-12 03:05:39 | INFO | 📥 Résultat: GameState.NOT_FINISHED
2026-06-12 03:05:39 | WARNING | ⚠️ Action 7 sans effet (état identique)
2026-06-12 03:05:39 | INFO | 
--- Action 71/200 ---
2026-06-12 03:05:39 | INFO | État: GameState.NOT_FINISHED
2026-06-12 03:05:39 | INFO | Niveaux complétés: 0/9
2026-06-12 03:05:39 | INFO | ✅ Grille extraite: shape=(64, 64), unique_colors=6
2026-06-12 03:05:39 | INFO | 🧠 Features: densité=0.983, sym_h=0.949, sym_v=0.644, clusters=6
2026-06-12 03:05:39 | INFO | 🎯 Action choisie: 6
2026-06-12 03:05:39 | INFO | 📥 Résultat: GameState.NOT_FINISHED
2026-06-12 03:05:39 | WARNING | ⚠️ Action 6 sans effet (état identique)
2026-06-12 03:05:39 | INFO | 
--- Action 72/200 ---
2026-06-12 03:05:39 | INFO | État: GameState.NOT_FINISHED
2026-06-12 03:05:39 | INFO | Niveaux complétés: 0/9
2026-06-12 03:05:39 | INFO | ✅ Grille extraite: shape=(64, 64), unique_colors=6
2026-06-12 03:05:39 | INFO | 🧠 Features: densité=0.983, sym_h=0.949, sym_v=0.644, clusters=6
2026-06-12 03:05:39 | INFO | 🎯 Action choisie: 6
2026-06-12 03:05:39 | INFO | 📥 Résultat: GameState.NOT_FINISHED
2026-06-12 03:05:39 | WARNING | ⚠️ Action 6 sans effet (état identique)
2026-06-12 03:05:39 | INFO | 
--- Action 73/200 ---
2026-06-12 03:05:39 | INFO | État: GameState.NOT_FINISHED
2026-06-12 03:05:39 | INFO | Niveaux complétés: 0/9
2026-06-12 03:05:39 | INFO | ✅ Grille extraite: shape=(64, 64), unique_colors=6
2026-06-12 03:05:39 | INFO | 🧠 Features: densité=0.983, sym_h=0.949, sym_v=0.644, clusters=6
2026-06-12 03:05:39 | INFO | 🎯 Action choisie: 7
2026-06-12 03:05:39 | INFO | 📥 Résultat: GameState.NOT_FINISHED
2026-06-12 03:05:39 | WARNING | ⚠️ Action 7 sans effet (état identique)
2026-06-12 03:05:39 | INFO | 
--- Action 74/200 ---
2026-06-12 03:05:39 | INFO | État: GameState.NOT_FINISHED
2026-06-12 03:05:39 | INFO | Niveaux complétés: 0/9
2026-06-12 03:05:39 | INFO | ✅ Grille extraite: shape=(64, 64), unique_colors=6
2026-06-12 03:05:39 | INFO | 🧠 Features: densité=0.983, sym_h=0.949, sym_v=0.644, clusters=6
2026-06-12 03:05:39 | INFO | 🎯 Action choisie: 7
2026-06-12 03:05:39 | INFO | 📥 Résultat: GameState.NOT_FINISHED
2026-06-12 03:05:39 | WARNING | ⚠️ Action 7 sans effet (état identique)
2026-06-12 03:05:39 | INFO | 
--- Action 75/200 ---
2026-06-12 03:05:39 | INFO | État: GameState.NOT_FINISHED
2026-06-12 03:05:39 | INFO | Niveaux complétés: 0/9
2026-06-12 03:05:39 | INFO | ✅ Grille extraite: shape=(64, 64), unique_colors=6
2026-06-12 03:05:39 | INFO | 🧠 Features: densité=0.983, sym_h=0.949, sym_v=0.644, clusters=6
2026-06-12 03:05:39 | INFO | 🎯 Action choisie: 6
2026-06-12 03:05:39 | INFO | 📥 Résultat: GameState.NOT_FINISHED
2026-06-12 03:05:39 | WARNING | ⚠️ Action 6 sans effet (état identique)
2026-06-12 03:05:39 | INFO | 
--- Action 76/200 ---
2026-06-12 03:05:39 | INFO | État: GameState.NOT_FINISHED
2026-06-12 03:05:39 | INFO | Niveaux complétés: 0/9
2026-06-12 03:05:39 | INFO | ✅ Grille extraite: shape=(64, 64), unique_colors=6
2026-06-12 03:05:39 | INFO | 🧠 Features: densité=0.983, sym_h=0.949, sym_v=0.644, clusters=6
2026-06-12 03:05:39 | INFO | 🎯 Action choisie: 7
2026-06-12 03:05:39 | INFO | 📥 Résultat: GameState.NOT_FINISHED
2026-06-12 03:05:39 | WARNING | ⚠️ Action 7 sans effet (état identique)
2026-06-12 03:05:39 | INFO | 
--- Action 77/200 ---
2026-06-12 03:05:39 | INFO | État: GameState.NOT_FINISHED
2026-06-12 03:05:39 | INFO | Niveaux complétés: 0/9
2026-06-12 03:05:39 | INFO | ✅ Grille extraite: shape=(64, 64), unique_colors=6
2026-06-12 03:05:39 | INFO | 🧠 Features: densité=0.983, sym_h=0.949, sym_v=0.644, clusters=6
2026-06-12 03:05:39 | INFO | 🎯 Action choisie: 6
2026-06-12 03:05:39 | INFO | 📥 Résultat: GameState.NOT_FINISHED
2026-06-12 03:05:39 | WARNING | ⚠️ Action 6 sans effet (état identique)
2026-06-12 03:05:39 | INFO | 
--- Action 78/200 ---
2026-06-12 03:05:39 | INFO | État: GameState.NOT_FINISHED
2026-06-12 03:05:39 | INFO | Niveaux complétés: 0/9
2026-06-12 03:05:39 | INFO | ✅ Grille extraite: shape=(64, 64), unique_colors=6
2026-06-12 03:05:39 | INFO | 🧠 Features: densité=0.983, sym_h=0.949, sym_v=0.644, clusters=6
2026-06-12 03:05:39 | INFO | 🎯 Action choisie: 7
2026-06-12 03:05:39 | INFO | 📥 Résultat: GameState.NOT_FINISHED
2026-06-12 03:05:39 | WARNING | ⚠️ Action 7 sans effet (état identique)
2026-06-12 03:05:39 | INFO | 
--- Action 79/200 ---
2026-06-12 03:05:39 | INFO | État: GameState.NOT_FINISHED
2026-06-12 03:05:39 | INFO | Niveaux complétés: 0/9
2026-06-12 03:05:39 | INFO | ✅ Grille extraite: shape=(64, 64), unique_colors=6
2026-06-12 03:05:39 | INFO | 🧠 Features: densité=0.983, sym_h=0.949, sym_v=0.644, clusters=6
2026-06-12 03:05:39 | INFO | 🎯 Action choisie: 6
2026-06-12 03:05:39 | INFO | 📥 Résultat: GameState.NOT_FINISHED
2026-06-12 03:05:39 | WARNING | ⚠️ Action 6 sans effet (état identique)
2026-06-12 03:05:39 | INFO | 
--- Action 80/200 ---
2026-06-12 03:05:39 | INFO | État: GameState.NOT_FINISHED
2026-06-12 03:05:39 | INFO | Niveaux complétés: 0/9
2026-06-12 03:05:39 | INFO | ✅ Grille extraite: shape=(64, 64), unique_colors=6
2026-06-12 03:05:39 | INFO | 🧠 Features: densité=0.983, sym_h=0.949, sym_v=0.644, clusters=6
2026-06-12 03:05:39 | INFO | 🎯 Action choisie: 6
2026-06-12 03:05:39 | INFO | 📥 Résultat: GameState.NOT_FINISHED
2026-06-12 03:05:39 | WARNING | ⚠️ Action 6 sans effet (état identique)
2026-06-12 03:05:39 | INFO | 
--- Action 81/200 ---
2026-06-12 03:05:39 | INFO | État: GameState.NOT_FINISHED
2026-06-12 03:05:39 | INFO | Niveaux complétés: 0/9
2026-06-12 03:05:39 | INFO | ✅ Grille extraite: shape=(64, 64), unique_colors=6
2026-06-12 03:05:39 | INFO | 🧠 Features: densité=0.983, sym_h=0.949, sym_v=0.644, clusters=6
2026-06-12 03:05:39 | INFO | 🎯 Action choisie: 6
2026-06-12 03:05:39 | INFO | 📥 Résultat: GameState.NOT_FINISHED
2026-06-12 03:05:39 | WARNING | ⚠️ Action 6 sans effet (état identique)
2026-06-12 03:05:39 | INFO | 
--- Action 82/200 ---
2026-06-12 03:05:39 | INFO | État: GameState.NOT_FINISHED
2026-06-12 03:05:39 | INFO | Niveaux complétés: 0/9
2026-06-12 03:05:39 | INFO | ✅ Grille extraite: shape=(64, 64), unique_colors=6
2026-06-12 03:05:39 | INFO | 🧠 Features: densité=0.983, sym_h=0.949, sym_v=0.644, clusters=6
2026-06-12 03:05:39 | INFO | 🎯 Action choisie: 7
2026-06-12 03:05:39 | INFO | 📥 Résultat: GameState.NOT_FINISHED
2026-06-12 03:05:39 | WARNING | ⚠️ Action 7 sans effet (état identique)
2026-06-12 03:05:39 | INFO | 
--- Action 83/200 ---
2026-06-12 03:05:39 | INFO | État: GameState.NOT_FINISHED
2026-06-12 03:05:39 | INFO | Niveaux complétés: 0/9
2026-06-12 03:05:39 | INFO | ✅ Grille extraite: shape=(64, 64), unique_colors=6
2026-06-12 03:05:39 | INFO | 🧠 Features: densité=0.983, sym_h=0.949, sym_v=0.644, clusters=6
2026-06-12 03:05:39 | INFO | 🎯 Action choisie: 6
2026-06-12 03:05:39 | INFO | 📥 Résultat: GameState.NOT_FINISHED
2026-06-12 03:05:39 | WARNING | ⚠️ Action 6 sans effet (état identique)
2026-06-12 03:05:39 | INFO | 
--- Action 84/200 ---
2026-06-12 03:05:39 | INFO | État: GameState.NOT_FINISHED
2026-06-12 03:05:39 | INFO | Niveaux complétés: 0/9
2026-06-12 03:05:39 | INFO | ✅ Grille extraite: shape=(64, 64), unique_colors=6
2026-06-12 03:05:39 | INFO | 🧠 Features: densité=0.983, sym_h=0.949, sym_v=0.644, clusters=6
2026-06-12 03:05:39 | INFO | 🎯 Action choisie: 6
2026-06-12 03:05:39 | INFO | 📥 Résultat: GameState.NOT_FINISHED
2026-06-12 03:05:39 | WARNING | ⚠️ Action 6 sans effet (état identique)
2026-06-12 03:05:39 | INFO | 
--- Action 85/200 ---
2026-06-12 03:05:39 | INFO | État: GameState.NOT_FINISHED
2026-06-12 03:05:39 | INFO | Niveaux complétés: 0/9
2026-06-12 03:05:39 | INFO | ✅ Grille extraite: shape=(64, 64), unique_colors=6
2026-06-12 03:05:39 | INFO | 🧠 Features: densité=0.983, sym_h=0.949, sym_v=0.644, clusters=6
2026-06-12 03:05:39 | INFO | 🎯 Action choisie: 6
2026-06-12 03:05:39 | INFO | 📥 Résultat: GameState.NOT_FINISHED
2026-06-12 03:05:39 | WARNING | ⚠️ Action 6 sans effet (état identique)
2026-06-12 03:05:39 | INFO | 
--- Action 86/200 ---
2026-06-12 03:05:39 | INFO | État: GameState.NOT_FINISHED
2026-06-12 03:05:39 | INFO | Niveaux complétés: 0/9
2026-06-12 03:05:39 | INFO | ✅ Grille extraite: shape=(64, 64), unique_colors=6
2026-06-12 03:05:39 | INFO | 🧠 Features: densité=0.983, sym_h=0.949, sym_v=0.644, clusters=6
2026-06-12 03:05:39 | INFO | 🎯 Action choisie: 6
2026-06-12 03:05:39 | INFO | 📥 Résultat: GameState.NOT_FINISHED
2026-06-12 03:05:39 | WARNING | ⚠️ Action 6 sans effet (état identique)
2026-06-12 03:05:39 | INFO | 
--- Action 87/200 ---
2026-06-12 03:05:39 | INFO | État: GameState.NOT_FINISHED
2026-06-12 03:05:39 | INFO | Niveaux complétés: 0/9
2026-06-12 03:05:39 | INFO | ✅ Grille extraite: shape=(64, 64), unique_colors=6
2026-06-12 03:05:39 | INFO | 🧠 Features: densité=0.983, sym_h=0.949, sym_v=0.644, clusters=6
2026-06-12 03:05:39 | INFO | 🎯 Action choisie: 7
2026-06-12 03:05:39 | INFO | 📥 Résultat: GameState.NOT_FINISHED
2026-06-12 03:05:39 | WARNING | ⚠️ Action 7 sans effet (état identique)
2026-06-12 03:05:39 | INFO | 
--- Action 88/200 ---
2026-06-12 03:05:39 | INFO | État: GameState.NOT_FINISHED
2026-06-12 03:05:39 | INFO | Niveaux complétés: 0/9
2026-06-12 03:05:39 | INFO | ✅ Grille extraite: shape=(64, 64), unique_colors=6
2026-06-12 03:05:39 | INFO | 🧠 Features: densité=0.983, sym_h=0.949, sym_v=0.644, clusters=6
2026-06-12 03:05:39 | INFO | 🎯 Action choisie: 6
2026-06-12 03:05:39 | INFO | 📥 Résultat: GameState.NOT_FINISHED
2026-06-12 03:05:39 | WARNING | ⚠️ Action 6 sans effet (état identique)
2026-06-12 03:05:39 | INFO | 
--- Action 89/200 ---
2026-06-12 03:05:39 | INFO | État: GameState.NOT_FINISHED
2026-06-12 03:05:39 | INFO | Niveaux complétés: 0/9
2026-06-12 03:05:39 | INFO | ✅ Grille extraite: shape=(64, 64), unique_colors=6
2026-06-12 03:05:39 | INFO | 🧠 Features: densité=0.983, sym_h=0.949, sym_v=0.644, clusters=6
2026-06-12 03:05:39 | INFO | 🎯 Action choisie: 7
2026-06-12 03:05:39 | INFO | 📥 Résultat: GameState.NOT_FINISHED
2026-06-12 03:05:39 | WARNING | ⚠️ Action 7 sans effet (état identique)
2026-06-12 03:05:39 | INFO | 
--- Action 90/200 ---
2026-06-12 03:05:39 | INFO | État: GameState.NOT_FINISHED
2026-06-12 03:05:39 | INFO | Niveaux complétés: 0/9
2026-06-12 03:05:39 | INFO | ✅ Grille extraite: shape=(64, 64), unique_colors=6
2026-06-12 03:05:39 | INFO | 🧠 Features: densité=0.983, sym_h=0.949, sym_v=0.644, clusters=6
2026-06-12 03:05:39 | INFO | 🎯 Action choisie: 7
2026-06-12 03:05:39 | INFO | 📥 Résultat: GameState.NOT_FINISHED
2026-06-12 03:05:39 | WARNING | ⚠️ Action 7 sans effet (état identique)
2026-06-12 03:05:39 | INFO | 
--- Action 91/200 ---
2026-06-12 03:05:39 | INFO | État: GameState.NOT_FINISHED
2026-06-12 03:05:39 | INFO | Niveaux complétés: 0/9
2026-06-12 03:05:39 | INFO | ✅ Grille extraite: shape=(64, 64), unique_colors=6
2026-06-12 03:05:40 | INFO | 🧠 Features: densité=0.983, sym_h=0.949, sym_v=0.644, clusters=6
2026-06-12 03:05:40 | INFO | 🎯 Action choisie: 7
2026-06-12 03:05:40 | INFO | 📥 Résultat: GameState.NOT_FINISHED
2026-06-12 03:05:40 | WARNING | ⚠️ Action 7 sans effet (état identique)
2026-06-12 03:05:40 | INFO | 
--- Action 92/200 ---
2026-06-12 03:05:40 | INFO | État: GameState.NOT_FINISHED
2026-06-12 03:05:40 | INFO | Niveaux complétés: 0/9
2026-06-12 03:05:40 | INFO | ✅ Grille extraite: shape=(64, 64), unique_colors=6
2026-06-12 03:05:40 | INFO | 🧠 Features: densité=0.983, sym_h=0.949, sym_v=0.644, clusters=6
2026-06-12 03:05:40 | INFO | 🎯 Action choisie: 7
2026-06-12 03:05:40 | INFO | 📥 Résultat: GameState.NOT_FINISHED
2026-06-12 03:05:40 | WARNING | ⚠️ Action 7 sans effet (état identique)
2026-06-12 03:05:40 | INFO | 
--- Action 93/200 ---
2026-06-12 03:05:40 | INFO | État: GameState.NOT_FINISHED
2026-06-12 03:05:40 | INFO | Niveaux complétés: 0/9
2026-06-12 03:05:40 | INFO | ✅ Grille extraite: shape=(64, 64), unique_colors=6
2026-06-12 03:05:40 | INFO | 🧠 Features: densité=0.983, sym_h=0.949, sym_v=0.644, clusters=6
2026-06-12 03:05:40 | INFO | 🎯 Action choisie: 6
2026-06-12 03:05:40 | INFO | 📥 Résultat: GameState.NOT_FINISHED
2026-06-12 03:05:40 | WARNING | ⚠️ Action 6 sans effet (état identique)
2026-06-12 03:05:40 | INFO | 
--- Action 94/200 ---
2026-06-12 03:05:40 | INFO | État: GameState.NOT_FINISHED
2026-06-12 03:05:40 | INFO | Niveaux complétés: 0/9
2026-06-12 03:05:40 | INFO | ✅ Grille extraite: shape=(64, 64), unique_colors=6
2026-06-12 03:05:40 | INFO | 🧠 Features: densité=0.983, sym_h=0.949, sym_v=0.644, clusters=6
2026-06-12 03:05:40 | INFO | 🎯 Action choisie: 7
2026-06-12 03:05:40 | INFO | 📥 Résultat: GameState.NOT_FINISHED
2026-06-12 03:05:40 | WARNING | ⚠️ Action 7 sans effet (état identique)
2026-06-12 03:05:40 | INFO | 
--- Action 95/200 ---
2026-06-12 03:05:40 | INFO | État: GameState.NOT_FINISHED
2026-06-12 03:05:40 | INFO | Niveaux complétés: 0/9
2026-06-12 03:05:40 | INFO | ✅ Grille extraite: shape=(64, 64), unique_colors=6
2026-06-12 03:05:40 | INFO | 🧠 Features: densité=0.983, sym_h=0.949, sym_v=0.644, clusters=6
2026-06-12 03:05:40 | INFO | 🎯 Action choisie: 7
2026-06-12 03:05:40 | INFO | 📥 Résultat: GameState.NOT_FINISHED
2026-06-12 03:05:40 | WARNING | ⚠️ Action 7 sans effet (état identique)
2026-06-12 03:05:40 | INFO | 
--- Action 96/200 ---
2026-06-12 03:05:40 | INFO | État: GameState.NOT_FINISHED
2026-06-12 03:05:40 | INFO | Niveaux complétés: 0/9
2026-06-12 03:05:40 | INFO | ✅ Grille extraite: shape=(64, 64), unique_colors=6
2026-06-12 03:05:40 | INFO | 🧠 Features: densité=0.983, sym_h=0.949, sym_v=0.644, clusters=6
2026-06-12 03:05:40 | INFO | 🎯 Action choisie: 6
2026-06-12 03:05:40 | INFO | 📥 Résultat: GameState.NOT_FINISHED
2026-06-12 03:05:40 | WARNING | ⚠️ Action 6 sans effet (état identique)
2026-06-12 03:05:40 | INFO | 
--- Action 97/200 ---
2026-06-12 03:05:40 | INFO | État: GameState.NOT_FINISHED
2026-06-12 03:05:40 | INFO | Niveaux complétés: 0/9
2026-06-12 03:05:40 | INFO | ✅ Grille extraite: shape=(64, 64), unique_colors=6
2026-06-12 03:05:40 | INFO | 🧠 Features: densité=0.983, sym_h=0.949, sym_v=0.644, clusters=6
2026-06-12 03:05:40 | INFO | 🎯 Action choisie: 7
2026-06-12 03:05:40 | INFO | 📥 Résultat: GameState.NOT_FINISHED
2026-06-12 03:05:40 | WARNING | ⚠️ Action 7 sans effet (état identique)
2026-06-12 03:05:40 | INFO | 
--- Action 98/200 ---
2026-06-12 03:05:40 | INFO | État: GameState.NOT_FINISHED
2026-06-12 03:05:40 | INFO | Niveaux complétés: 0/9
2026-06-12 03:05:40 | INFO | ✅ Grille extraite: shape=(64, 64), unique_colors=6
2026-06-12 03:05:40 | INFO | 🧠 Features: densité=0.983, sym_h=0.949, sym_v=0.644, clusters=6
2026-06-12 03:05:40 | INFO | 🎯 Action choisie: 6
2026-06-12 03:05:40 | INFO | 📥 Résultat: GameState.NOT_FINISHED
2026-06-12 03:05:40 | WARNING | ⚠️ Action 6 sans effet (état identique)
2026-06-12 03:05:40 | INFO | 
--- Action 99/200 ---
2026-06-12 03:05:40 | INFO | État: GameState.NOT_FINISHED
2026-06-12 03:05:40 | INFO | Niveaux complétés: 0/9
2026-06-12 03:05:40 | INFO | ✅ Grille extraite: shape=(64, 64), unique_colors=6
2026-06-12 03:05:40 | INFO | 🧠 Features: densité=0.983, sym_h=0.949, sym_v=0.644, clusters=6
2026-06-12 03:05:40 | INFO | 🎯 Action choisie: 6
2026-06-12 03:05:40 | INFO | 📥 Résultat: GameState.NOT_FINISHED
2026-06-12 03:05:40 | WARNING | ⚠️ Action 6 sans effet (état identique)
2026-06-12 03:05:40 | INFO | 
--- Action 100/200 ---
2026-06-12 03:05:40 | INFO | État: GameState.NOT_FINISHED
2026-06-12 03:05:40 | INFO | Niveaux complétés: 0/9
2026-06-12 03:05:40 | INFO | ✅ Grille extraite: shape=(64, 64), unique_colors=6
2026-06-12 03:05:40 | INFO | 🧠 Features: densité=0.983, sym_h=0.949, sym_v=0.644, clusters=6
2026-06-12 03:05:40 | INFO | 🎯 Action choisie: 7
2026-06-12 03:05:40 | INFO | 📥 Résultat: GameState.NOT_FINISHED
2026-06-12 03:05:40 | WARNING | ⚠️ Action 7 sans effet (état identique)
2026-06-12 03:05:40 | INFO | 
--- Action 101/200 ---
2026-06-12 03:05:40 | INFO | État: GameState.NOT_FINISHED
2026-06-12 03:05:40 | INFO | Niveaux complétés: 0/9
2026-06-12 03:05:40 | INFO | ✅ Grille extraite: shape=(64, 64), unique_colors=6
2026-06-12 03:05:40 | INFO | 🧠 Features: densité=0.983, sym_h=0.949, sym_v=0.644, clusters=6
2026-06-12 03:05:40 | INFO | 🎯 Action choisie: 6
2026-06-12 03:05:40 | INFO | 📥 Résultat: GameState.NOT_FINISHED
2026-06-12 03:05:40 | WARNING | ⚠️ Action 6 sans effet (état identique)
2026-06-12 03:05:40 | INFO | 
--- Action 102/200 ---
2026-06-12 03:05:40 | INFO | État: GameState.NOT_FINISHED
2026-06-12 03:05:40 | INFO | Niveaux complétés: 0/9
2026-06-12 03:05:40 | INFO | ✅ Grille extraite: shape=(64, 64), unique_colors=6
2026-06-12 03:05:40 | INFO | 🧠 Features: densité=0.983, sym_h=0.949, sym_v=0.644, clusters=6
2026-06-12 03:05:40 | INFO | 🎯 Action choisie: 7
2026-06-12 03:05:40 | INFO | 📥 Résultat: GameState.NOT_FINISHED
2026-06-12 03:05:40 | WARNING | ⚠️ Action 7 sans effet (état identique)
2026-06-12 03:05:40 | INFO | 
--- Action 103/200 ---
2026-06-12 03:05:40 | INFO | État: GameState.NOT_FINISHED
2026-06-12 03:05:40 | INFO | Niveaux complétés: 0/9
2026-06-12 03:05:40 | INFO | ✅ Grille extraite: shape=(64, 64), unique_colors=6
2026-06-12 03:05:40 | INFO | 🧠 Features: densité=0.983, sym_h=0.949, sym_v=0.644, clusters=6
2026-06-12 03:05:40 | INFO | 🎯 Action choisie: 6
2026-06-12 03:05:40 | INFO | 📥 Résultat: GameState.NOT_FINISHED
2026-06-12 03:05:40 | WARNING | ⚠️ Action 6 sans effet (état identique)
2026-06-12 03:05:40 | INFO | 
--- Action 104/200 ---
2026-06-12 03:05:40 | INFO | État: GameState.NOT_FINISHED
2026-06-12 03:05:40 | INFO | Niveaux complétés: 0/9
2026-06-12 03:05:40 | INFO | ✅ Grille extraite: shape=(64, 64), unique_colors=6
2026-06-12 03:05:40 | INFO | 🧠 Features: densité=0.983, sym_h=0.949, sym_v=0.644, clusters=6
2026-06-12 03:05:40 | INFO | 🎯 Action choisie: 6
2026-06-12 03:05:40 | INFO | 📥 Résultat: GameState.NOT_FINISHED
2026-06-12 03:05:40 | WARNING | ⚠️ Action 6 sans effet (état identique)
2026-06-12 03:05:40 | INFO | 
--- Action 105/200 ---
2026-06-12 03:05:40 | INFO | État: GameState.NOT_FINISHED
2026-06-12 03:05:40 | INFO | Niveaux complétés: 0/9
2026-06-12 03:05:40 | INFO | ✅ Grille extraite: shape=(64, 64), unique_colors=6
2026-06-12 03:05:40 | INFO | 🧠 Features: densité=0.983, sym_h=0.949, sym_v=0.644, clusters=6
2026-06-12 03:05:40 | INFO | 🎯 Action choisie: 6
2026-06-12 03:05:40 | INFO | 📥 Résultat: GameState.NOT_FINISHED
2026-06-12 03:05:40 | WARNING | ⚠️ Action 6 sans effet (état identique)
2026-06-12 03:05:40 | INFO | 
--- Action 106/200 ---
2026-06-12 03:05:40 | INFO | État: GameState.NOT_FINISHED
2026-06-12 03:05:40 | INFO | Niveaux complétés: 0/9
2026-06-12 03:05:40 | INFO | ✅ Grille extraite: shape=(64, 64), unique_colors=6
2026-06-12 03:05:40 | INFO | 🧠 Features: densité=0.983, sym_h=0.949, sym_v=0.644, clusters=6
2026-06-12 03:05:40 | INFO | 🎯 Action choisie: 6
2026-06-12 03:05:40 | INFO | 📥 Résultat: GameState.NOT_FINISHED
2026-06-12 03:05:40 | WARNING | ⚠️ Action 6 sans effet (état identique)
2026-06-12 03:05:40 | INFO | 
--- Action 107/200 ---
2026-06-12 03:05:40 | INFO | État: GameState.NOT_FINISHED
2026-06-12 03:05:40 | INFO | Niveaux complétés: 0/9
2026-06-12 03:05:40 | INFO | ✅ Grille extraite: shape=(64, 64), unique_colors=6
2026-06-12 03:05:40 | INFO | 🧠 Features: densité=0.983, sym_h=0.949, sym_v=0.644, clusters=6
2026-06-12 03:05:40 | INFO | 🎯 Action choisie: 7
2026-06-12 03:05:40 | INFO | 📥 Résultat: GameState.NOT_FINISHED
2026-06-12 03:05:40 | WARNING | ⚠️ Action 7 sans effet (état identique)
2026-06-12 03:05:40 | INFO | 
--- Action 108/200 ---
2026-06-12 03:05:40 | INFO | État: GameState.NOT_FINISHED
2026-06-12 03:05:40 | INFO | Niveaux complétés: 0/9
2026-06-12 03:05:40 | INFO | ✅ Grille extraite: shape=(64, 64), unique_colors=6
2026-06-12 03:05:40 | INFO | 🧠 Features: densité=0.983, sym_h=0.949, sym_v=0.644, clusters=6
2026-06-12 03:05:40 | INFO | 🎯 Action choisie: 6
2026-06-12 03:05:40 | INFO | 📥 Résultat: GameState.NOT_FINISHED
2026-06-12 03:05:40 | WARNING | ⚠️ Action 6 sans effet (état identique)
2026-06-12 03:05:40 | INFO | 
--- Action 109/200 ---
2026-06-12 03:05:40 | INFO | État: GameState.NOT_FINISHED
2026-06-12 03:05:40 | INFO | Niveaux complétés: 0/9
2026-06-12 03:05:40 | INFO | ✅ Grille extraite: shape=(64, 64), unique_colors=6
2026-06-12 03:05:40 | INFO | 🧠 Features: densité=0.983, sym_h=0.949, sym_v=0.644, clusters=6
2026-06-12 03:05:40 | INFO | 🎯 Action choisie: 7
2026-06-12 03:05:40 | INFO | 📥 Résultat: GameState.NOT_FINISHED
2026-06-12 03:05:40 | WARNING | ⚠️ Action 7 sans effet (état identique)
2026-06-12 03:05:40 | INFO | 
--- Action 110/200 ---
2026-06-12 03:05:40 | INFO | État: GameState.NOT_FINISHED
2026-06-12 03:05:40 | INFO | Niveaux complétés: 0/9
2026-06-12 03:05:40 | INFO | ✅ Grille extraite: shape=(64, 64), unique_colors=6
2026-06-12 03:05:40 | INFO | 🧠 Features: densité=0.983, sym_h=0.949, sym_v=0.644, clusters=6
2026-06-12 03:05:40 | INFO | 🎯 Action choisie: 6
2026-06-12 03:05:40 | INFO | 📥 Résultat: GameState.NOT_FINISHED
2026-06-12 03:05:40 | WARNING | ⚠️ Action 6 sans effet (état identique)
2026-06-12 03:05:40 | INFO | 
--- Action 111/200 ---
2026-06-12 03:05:40 | INFO | État: GameState.NOT_FINISHED
2026-06-12 03:05:40 | INFO | Niveaux complétés: 0/9
2026-06-12 03:05:40 | INFO | ✅ Grille extraite: shape=(64, 64), unique_colors=6
2026-06-12 03:05:40 | INFO | 🧠 Features: densité=0.983, sym_h=0.949, sym_v=0.644, clusters=6
2026-06-12 03:05:40 | INFO | 🎯 Action choisie: 6
2026-06-12 03:05:40 | INFO | 📥 Résultat: GameState.NOT_FINISHED
2026-06-12 03:05:40 | WARNING | ⚠️ Action 6 sans effet (état identique)
2026-06-12 03:05:40 | INFO | 
--- Action 112/200 ---
2026-06-12 03:05:40 | INFO | État: GameState.NOT_FINISHED
2026-06-12 03:05:40 | INFO | Niveaux complétés: 0/9
2026-06-12 03:05:40 | INFO | ✅ Grille extraite: shape=(64, 64), unique_colors=6
2026-06-12 03:05:40 | INFO | 🧠 Features: densité=0.983, sym_h=0.949, sym_v=0.644, clusters=6
2026-06-12 03:05:40 | INFO | 🎯 Action choisie: 7
2026-06-12 03:05:40 | INFO | 📥 Résultat: GameState.NOT_FINISHED
2026-06-12 03:05:40 | WARNING | ⚠️ Action 7 sans effet (état identique)
2026-06-12 03:05:40 | INFO | 
--- Action 113/200 ---
2026-06-12 03:05:40 | INFO | État: GameState.NOT_FINISHED
2026-06-12 03:05:40 | INFO | Niveaux complétés: 0/9
2026-06-12 03:05:40 | INFO | ✅ Grille extraite: shape=(64, 64), unique_colors=6
2026-06-12 03:05:40 | INFO | 🧠 Features: densité=0.983, sym_h=0.949, sym_v=0.644, clusters=6
2026-06-12 03:05:40 | INFO | 🎯 Action choisie: 6
2026-06-12 03:05:40 | INFO | 📥 Résultat: GameState.NOT_FINISHED
2026-06-12 03:05:40 | WARNING | ⚠️ Action 6 sans effet (état identique)
2026-06-12 03:05:40 | INFO | 
--- Action 114/200 ---
2026-06-12 03:05:40 | INFO | État: GameState.NOT_FINISHED
2026-06-12 03:05:40 | INFO | Niveaux complétés: 0/9
2026-06-12 03:05:40 | INFO | ✅ Grille extraite: shape=(64, 64), unique_colors=6
2026-06-12 03:05:40 | INFO | 🧠 Features: densité=0.983, sym_h=0.949, sym_v=0.644, clusters=6
2026-06-12 03:05:40 | INFO | 🎯 Action choisie: 7
2026-06-12 03:05:40 | INFO | 📥 Résultat: GameState.NOT_FINISHED
2026-06-12 03:05:40 | WARNING | ⚠️ Action 7 sans effet (état identique)
2026-06-12 03:05:40 | INFO | 
--- Action 115/200 ---
2026-06-12 03:05:40 | INFO | État: GameState.NOT_FINISHED
2026-06-12 03:05:40 | INFO | Niveaux complétés: 0/9
2026-06-12 03:05:40 | INFO | ✅ Grille extraite: shape=(64, 64), unique_colors=6
2026-06-12 03:05:40 | INFO | 🧠 Features: densité=0.983, sym_h=0.949, sym_v=0.644, clusters=6
2026-06-12 03:05:40 | INFO | 🎯 Action choisie: 7
2026-06-12 03:05:40 | INFO | 📥 Résultat: GameState.NOT_FINISHED
2026-06-12 03:05:40 | WARNING | ⚠️ Action 7 sans effet (état identique)
2026-06-12 03:05:40 | INFO | 
--- Action 116/200 ---
2026-06-12 03:05:40 | INFO | État: GameState.NOT_FINISHED
2026-06-12 03:05:40 | INFO | Niveaux complétés: 0/9
2026-06-12 03:05:40 | INFO | ✅ Grille extraite: shape=(64, 64), unique_colors=6
2026-06-12 03:05:41 | INFO | 🧠 Features: densité=0.983, sym_h=0.949, sym_v=0.644, clusters=6
2026-06-12 03:05:41 | INFO | 🎯 Action choisie: 7
2026-06-12 03:05:41 | INFO | 📥 Résultat: GameState.NOT_FINISHED
2026-06-12 03:05:41 | WARNING | ⚠️ Action 7 sans effet (état identique)
2026-06-12 03:05:41 | INFO | 
--- Action 117/200 ---
2026-06-12 03:05:41 | INFO | État: GameState.NOT_FINISHED
2026-06-12 03:05:41 | INFO | Niveaux complétés: 0/9
2026-06-12 03:05:41 | INFO | ✅ Grille extraite: shape=(64, 64), unique_colors=6
2026-06-12 03:05:41 | INFO | 🧠 Features: densité=0.983, sym_h=0.949, sym_v=0.644, clusters=6
2026-06-12 03:05:41 | INFO | 🎯 Action choisie: 6
2026-06-12 03:05:41 | INFO | 📥 Résultat: GameState.NOT_FINISHED
2026-06-12 03:05:41 | WARNING | ⚠️ Action 6 sans effet (état identique)
2026-06-12 03:05:41 | INFO | 
--- Action 118/200 ---
2026-06-12 03:05:41 | INFO | État: GameState.NOT_FINISHED
2026-06-12 03:05:41 | INFO | Niveaux complétés: 0/9
2026-06-12 03:05:41 | INFO | ✅ Grille extraite: shape=(64, 64), unique_colors=6
2026-06-12 03:05:41 | INFO | 🧠 Features: densité=0.983, sym_h=0.949, sym_v=0.644, clusters=6
2026-06-12 03:05:41 | INFO | 🎯 Action choisie: 7
2026-06-12 03:05:41 | INFO | 📥 Résultat: GameState.NOT_FINISHED
2026-06-12 03:05:41 | WARNING | ⚠️ Action 7 sans effet (état identique)
2026-06-12 03:05:41 | INFO | 
--- Action 119/200 ---
2026-06-12 03:05:41 | INFO | État: GameState.NOT_FINISHED
2026-06-12 03:05:41 | INFO | Niveaux complétés: 0/9
2026-06-12 03:05:41 | INFO | ✅ Grille extraite: shape=(64, 64), unique_colors=6
2026-06-12 03:05:41 | INFO | 🧠 Features: densité=0.983, sym_h=0.949, sym_v=0.644, clusters=6
2026-06-12 03:05:41 | INFO | 🎯 Action choisie: 6
2026-06-12 03:05:41 | INFO | 📥 Résultat: GameState.NOT_FINISHED
2026-06-12 03:05:41 | WARNING | ⚠️ Action 6 sans effet (état identique)
2026-06-12 03:05:41 | INFO | 
--- Action 120/200 ---
2026-06-12 03:05:41 | INFO | État: GameState.NOT_FINISHED
2026-06-12 03:05:41 | INFO | Niveaux complétés: 0/9
2026-06-12 03:05:41 | INFO | ✅ Grille extraite: shape=(64, 64), unique_colors=6
2026-06-12 03:05:41 | INFO | 🧠 Features: densité=0.983, sym_h=0.949, sym_v=0.644, clusters=6
2026-06-12 03:05:41 | INFO | 🎯 Action choisie: 7
2026-06-12 03:05:41 | INFO | 📥 Résultat: GameState.NOT_FINISHED
2026-06-12 03:05:41 | WARNING | ⚠️ Action 7 sans effet (état identique)
2026-06-12 03:05:41 | INFO | 
--- Action 121/200 ---
2026-06-12 03:05:41 | INFO | État: GameState.NOT_FINISHED
2026-06-12 03:05:41 | INFO | Niveaux complétés: 0/9
2026-06-12 03:05:41 | INFO | ✅ Grille extraite: shape=(64, 64), unique_colors=6
2026-06-12 03:05:41 | INFO | 🧠 Features: densité=0.983, sym_h=0.949, sym_v=0.644, clusters=6
2026-06-12 03:05:41 | INFO | 🎯 Action choisie: 7
2026-06-12 03:05:41 | INFO | 📥 Résultat: GameState.NOT_FINISHED
2026-06-12 03:05:41 | WARNING | ⚠️ Action 7 sans effet (état identique)
2026-06-12 03:05:41 | INFO | 
--- Action 122/200 ---
2026-06-12 03:05:41 | INFO | État: GameState.NOT_FINISHED
2026-06-12 03:05:41 | INFO | Niveaux complétés: 0/9
2026-06-12 03:05:41 | INFO | ✅ Grille extraite: shape=(64, 64), unique_colors=6
2026-06-12 03:05:41 | INFO | 🧠 Features: densité=0.983, sym_h=0.949, sym_v=0.644, clusters=6
2026-06-12 03:05:41 | INFO | 🎯 Action choisie: 7
2026-06-12 03:05:41 | INFO | 📥 Résultat: GameState.NOT_FINISHED
2026-06-12 03:05:41 | WARNING | ⚠️ Action 7 sans effet (état identique)
2026-06-12 03:05:41 | INFO | 
--- Action 123/200 ---
2026-06-12 03:05:41 | INFO | État: GameState.NOT_FINISHED
2026-06-12 03:05:41 | INFO | Niveaux complétés: 0/9
2026-06-12 03:05:41 | INFO | ✅ Grille extraite: shape=(64, 64), unique_colors=6
2026-06-12 03:05:41 | INFO | 🧠 Features: densité=0.983, sym_h=0.949, sym_v=0.644, clusters=6
2026-06-12 03:05:41 | INFO | 🎯 Action choisie: 6
2026-06-12 03:05:41 | INFO | 📥 Résultat: GameState.NOT_FINISHED
2026-06-12 03:05:41 | WARNING | ⚠️ Action 6 sans effet (état identique)
2026-06-12 03:05:41 | INFO | 
--- Action 124/200 ---
2026-06-12 03:05:41 | INFO | État: GameState.NOT_FINISHED
2026-06-12 03:05:41 | INFO | Niveaux complétés: 0/9
2026-06-12 03:05:41 | INFO | ✅ Grille extraite: shape=(64, 64), unique_colors=6
2026-06-12 03:05:41 | INFO | 🧠 Features: densité=0.983, sym_h=0.949, sym_v=0.644, clusters=6
2026-06-12 03:05:41 | INFO | 🎯 Action choisie: 6
2026-06-12 03:05:41 | INFO | 📥 Résultat: GameState.NOT_FINISHED
2026-06-12 03:05:41 | WARNING | ⚠️ Action 6 sans effet (état identique)
2026-06-12 03:05:41 | INFO | 
--- Action 125/200 ---
2026-06-12 03:05:41 | INFO | État: GameState.NOT_FINISHED
2026-06-12 03:05:41 | INFO | Niveaux complétés: 0/9
2026-06-12 03:05:41 | INFO | ✅ Grille extraite: shape=(64, 64), unique_colors=6
2026-06-12 03:05:41 | INFO | 🧠 Features: densité=0.983, sym_h=0.949, sym_v=0.644, clusters=6
2026-06-12 03:05:41 | INFO | 🎯 Action choisie: 7
2026-06-12 03:05:41 | INFO | 📥 Résultat: GameState.NOT_FINISHED
2026-06-12 03:05:41 | WARNING | ⚠️ Action 7 sans effet (état identique)
2026-06-12 03:05:41 | INFO | 
--- Action 126/200 ---
2026-06-12 03:05:41 | INFO | État: GameState.NOT_FINISHED
2026-06-12 03:05:41 | INFO | Niveaux complétés: 0/9
2026-06-12 03:05:41 | INFO | ✅ Grille extraite: shape=(64, 64), unique_colors=6
2026-06-12 03:05:41 | INFO | 🧠 Features: densité=0.983, sym_h=0.949, sym_v=0.644, clusters=6
2026-06-12 03:05:41 | INFO | 🎯 Action choisie: 6
2026-06-12 03:05:41 | INFO | 📥 Résultat: GameState.NOT_FINISHED
2026-06-12 03:05:41 | WARNING | ⚠️ Action 6 sans effet (état identique)
2026-06-12 03:05:41 | INFO | 
--- Action 127/200 ---
2026-06-12 03:05:41 | INFO | État: GameState.NOT_FINISHED
2026-06-12 03:05:41 | INFO | Niveaux complétés: 0/9
2026-06-12 03:05:41 | INFO | ✅ Grille extraite: shape=(64, 64), unique_colors=6
2026-06-12 03:05:41 | INFO | 🧠 Features: densité=0.983, sym_h=0.949, sym_v=0.644, clusters=6
2026-06-12 03:05:41 | INFO | 🎯 Action choisie: 7
2026-06-12 03:05:41 | INFO | 📥 Résultat: GameState.NOT_FINISHED
2026-06-12 03:05:41 | WARNING | ⚠️ Action 7 sans effet (état identique)
2026-06-12 03:05:41 | INFO | 
--- Action 128/200 ---
2026-06-12 03:05:41 | INFO | État: GameState.NOT_FINISHED
2026-06-12 03:05:41 | INFO | Niveaux complétés: 0/9
2026-06-12 03:05:41 | INFO | ✅ Grille extraite: shape=(64, 64), unique_colors=6
2026-06-12 03:05:41 | INFO | 🧠 Features: densité=0.983, sym_h=0.949, sym_v=0.644, clusters=6
2026-06-12 03:05:41 | INFO | 🎯 Action choisie: 6
2026-06-12 03:05:41 | INFO | 📥 Résultat: GameState.NOT_FINISHED
2026-06-12 03:05:41 | WARNING | ⚠️ Action 6 sans effet (état identique)
2026-06-12 03:05:41 | INFO | 
--- Action 129/200 ---
2026-06-12 03:05:41 | INFO | État: GameState.NOT_FINISHED
2026-06-12 03:05:41 | INFO | Niveaux complétés: 0/9
2026-06-12 03:05:41 | INFO | ✅ Grille extraite: shape=(64, 64), unique_colors=6
2026-06-12 03:05:41 | INFO | 🧠 Features: densité=0.983, sym_h=0.949, sym_v=0.644, clusters=6
2026-06-12 03:05:41 | INFO | 🎯 Action choisie: 6
2026-06-12 03:05:41 | INFO | 📥 Résultat: GameState.NOT_FINISHED
2026-06-12 03:05:41 | WARNING | ⚠️ Action 6 sans effet (état identique)
2026-06-12 03:05:41 | INFO | 
--- Action 130/200 ---
2026-06-12 03:05:41 | INFO | État: GameState.NOT_FINISHED
2026-06-12 03:05:41 | INFO | Niveaux complétés: 0/9
2026-06-12 03:05:41 | INFO | ✅ Grille extraite: shape=(64, 64), unique_colors=6
2026-06-12 03:05:41 | INFO | 🧠 Features: densité=0.983, sym_h=0.949, sym_v=0.644, clusters=6
2026-06-12 03:05:41 | INFO | 🎯 Action choisie: 6
2026-06-12 03:05:41 | INFO | 📥 Résultat: GameState.NOT_FINISHED
2026-06-12 03:05:41 | WARNING | ⚠️ Action 6 sans effet (état identique)
2026-06-12 03:05:41 | INFO | 
--- Action 131/200 ---
2026-06-12 03:05:41 | INFO | État: GameState.NOT_FINISHED
2026-06-12 03:05:41 | INFO | Niveaux complétés: 0/9
2026-06-12 03:05:41 | INFO | ✅ Grille extraite: shape=(64, 64), unique_colors=6
2026-06-12 03:05:41 | INFO | 🧠 Features: densité=0.983, sym_h=0.949, sym_v=0.644, clusters=6
2026-06-12 03:05:41 | INFO | 🎯 Action choisie: 7
2026-06-12 03:05:41 | INFO | 📥 Résultat: GameState.NOT_FINISHED
2026-06-12 03:05:41 | WARNING | ⚠️ Action 7 sans effet (état identique)
2026-06-12 03:05:41 | INFO | 
--- Action 132/200 ---
2026-06-12 03:05:41 | INFO | État: GameState.NOT_FINISHED
2026-06-12 03:05:41 | INFO | Niveaux complétés: 0/9
2026-06-12 03:05:41 | INFO | ✅ Grille extraite: shape=(64, 64), unique_colors=6
2026-06-12 03:05:41 | INFO | 🧠 Features: densité=0.983, sym_h=0.949, sym_v=0.644, clusters=6
2026-06-12 03:05:41 | INFO | 🎯 Action choisie: 7
2026-06-12 03:05:41 | INFO | 📥 Résultat: GameState.NOT_FINISHED
2026-06-12 03:05:41 | WARNING | ⚠️ Action 7 sans effet (état identique)
2026-06-12 03:05:41 | INFO | 
--- Action 133/200 ---
2026-06-12 03:05:41 | INFO | État: GameState.NOT_FINISHED
2026-06-12 03:05:41 | INFO | Niveaux complétés: 0/9
2026-06-12 03:05:41 | INFO | ✅ Grille extraite: shape=(64, 64), unique_colors=6
2026-06-12 03:05:41 | INFO | 🧠 Features: densité=0.983, sym_h=0.949, sym_v=0.644, clusters=6
2026-06-12 03:05:41 | INFO | 🎯 Action choisie: 6
2026-06-12 03:05:41 | INFO | 📥 Résultat: GameState.NOT_FINISHED
2026-06-12 03:05:41 | WARNING | ⚠️ Action 6 sans effet (état identique)
2026-06-12 03:05:41 | INFO | 
--- Action 134/200 ---
2026-06-12 03:05:41 | INFO | État: GameState.NOT_FINISHED
2026-06-12 03:05:41 | INFO | Niveaux complétés: 0/9
2026-06-12 03:05:41 | INFO | ✅ Grille extraite: shape=(64, 64), unique_colors=6
2026-06-12 03:05:41 | INFO | 🧠 Features: densité=0.983, sym_h=0.949, sym_v=0.644, clusters=6
2026-06-12 03:05:41 | INFO | 🎯 Action choisie: 7
2026-06-12 03:05:41 | INFO | 📥 Résultat: GameState.NOT_FINISHED
2026-06-12 03:05:41 | WARNING | ⚠️ Action 7 sans effet (état identique)
2026-06-12 03:05:41 | INFO | 
--- Action 135/200 ---
2026-06-12 03:05:41 | INFO | État: GameState.NOT_FINISHED
2026-06-12 03:05:41 | INFO | Niveaux complétés: 0/9
2026-06-12 03:05:41 | INFO | ✅ Grille extraite: shape=(64, 64), unique_colors=6
2026-06-12 03:05:41 | INFO | 🧠 Features: densité=0.983, sym_h=0.949, sym_v=0.644, clusters=6
2026-06-12 03:05:41 | INFO | 🎯 Action choisie: 7
2026-06-12 03:05:41 | INFO | 📥 Résultat: GameState.NOT_FINISHED
2026-06-12 03:05:41 | WARNING | ⚠️ Action 7 sans effet (état identique)
2026-06-12 03:05:41 | INFO | 
--- Action 136/200 ---
2026-06-12 03:05:41 | INFO | État: GameState.NOT_FINISHED
2026-06-12 03:05:41 | INFO | Niveaux complétés: 0/9
2026-06-12 03:05:41 | INFO | ✅ Grille extraite: shape=(64, 64), unique_colors=6
2026-06-12 03:05:41 | INFO | 🧠 Features: densité=0.983, sym_h=0.949, sym_v=0.644, clusters=6
2026-06-12 03:05:41 | INFO | 🎯 Action choisie: 6
2026-06-12 03:05:41 | INFO | 📥 Résultat: GameState.NOT_FINISHED
2026-06-12 03:05:41 | WARNING | ⚠️ Action 6 sans effet (état identique)
2026-06-12 03:05:41 | INFO | 
--- Action 137/200 ---
2026-06-12 03:05:41 | INFO | État: GameState.NOT_FINISHED
2026-06-12 03:05:41 | INFO | Niveaux complétés: 0/9
2026-06-12 03:05:41 | INFO | ✅ Grille extraite: shape=(64, 64), unique_colors=6
2026-06-12 03:05:41 | INFO | 🧠 Features: densité=0.983, sym_h=0.949, sym_v=0.644, clusters=6
2026-06-12 03:05:41 | INFO | 🎯 Action choisie: 7
2026-06-12 03:05:41 | INFO | 📥 Résultat: GameState.NOT_FINISHED
2026-06-12 03:05:41 | WARNING | ⚠️ Action 7 sans effet (état identique)
2026-06-12 03:05:41 | INFO | 
--- Action 138/200 ---
2026-06-12 03:05:41 | INFO | État: GameState.NOT_FINISHED
2026-06-12 03:05:42 | INFO | Niveaux complétés: 0/9
2026-06-12 03:05:42 | INFO | ✅ Grille extraite: shape=(64, 64), unique_colors=6
2026-06-12 03:05:42 | INFO | 🧠 Features: densité=0.983, sym_h=0.949, sym_v=0.644, clusters=6
2026-06-12 03:05:42 | INFO | 🎯 Action choisie: 6
2026-06-12 03:05:42 | INFO | 📥 Résultat: GameState.NOT_FINISHED
2026-06-12 03:05:42 | WARNING | ⚠️ Action 6 sans effet (état identique)
2026-06-12 03:05:42 | INFO | 
--- Action 139/200 ---
2026-06-12 03:05:42 | INFO | État: GameState.NOT_FINISHED
2026-06-12 03:05:42 | INFO | Niveaux complétés: 0/9
2026-06-12 03:05:42 | INFO | ✅ Grille extraite: shape=(64, 64), unique_colors=6
2026-06-12 03:05:42 | INFO | 🧠 Features: densité=0.983, sym_h=0.949, sym_v=0.644, clusters=6
2026-06-12 03:05:42 | INFO | 🎯 Action choisie: 7
2026-06-12 03:05:42 | INFO | 📥 Résultat: GameState.NOT_FINISHED
2026-06-12 03:05:42 | WARNING | ⚠️ Action 7 sans effet (état identique)
2026-06-12 03:05:42 | INFO | 
--- Action 140/200 ---
2026-06-12 03:05:42 | INFO | État: GameState.NOT_FINISHED
2026-06-12 03:05:42 | INFO | Niveaux complétés: 0/9
2026-06-12 03:05:42 | INFO | ✅ Grille extraite: shape=(64, 64), unique_colors=6
2026-06-12 03:05:42 | INFO | 🧠 Features: densité=0.983, sym_h=0.949, sym_v=0.644, clusters=6
2026-06-12 03:05:42 | INFO | 🎯 Action choisie: 6
2026-06-12 03:05:42 | INFO | 📥 Résultat: GameState.NOT_FINISHED
2026-06-12 03:05:42 | WARNING | ⚠️ Action 6 sans effet (état identique)
2026-06-12 03:05:42 | INFO | 
--- Action 141/200 ---
2026-06-12 03:05:42 | INFO | État: GameState.NOT_FINISHED
2026-06-12 03:05:42 | INFO | Niveaux complétés: 0/9
2026-06-12 03:05:42 | INFO | ✅ Grille extraite: shape=(64, 64), unique_colors=6
2026-06-12 03:05:42 | INFO | 🧠 Features: densité=0.983, sym_h=0.949, sym_v=0.644, clusters=6
2026-06-12 03:05:42 | INFO | 🎯 Action choisie: 6
2026-06-12 03:05:42 | INFO | 📥 Résultat: GameState.NOT_FINISHED
2026-06-12 03:05:42 | WARNING | ⚠️ Action 6 sans effet (état identique)
2026-06-12 03:05:42 | INFO | 
--- Action 142/200 ---
2026-06-12 03:05:42 | INFO | État: GameState.NOT_FINISHED
2026-06-12 03:05:42 | INFO | Niveaux complétés: 0/9
2026-06-12 03:05:42 | INFO | ✅ Grille extraite: shape=(64, 64), unique_colors=6
2026-06-12 03:05:42 | INFO | 🧠 Features: densité=0.983, sym_h=0.949, sym_v=0.644, clusters=6
2026-06-12 03:05:42 | INFO | 🎯 Action choisie: 6
2026-06-12 03:05:42 | INFO | 📥 Résultat: GameState.NOT_FINISHED
2026-06-12 03:05:42 | WARNING | ⚠️ Action 6 sans effet (état identique)
2026-06-12 03:05:42 | INFO | 
--- Action 143/200 ---
2026-06-12 03:05:42 | INFO | État: GameState.NOT_FINISHED
2026-06-12 03:05:42 | INFO | Niveaux complétés: 0/9
2026-06-12 03:05:42 | INFO | ✅ Grille extraite: shape=(64, 64), unique_colors=6
2026-06-12 03:05:42 | INFO | 🧠 Features: densité=0.983, sym_h=0.949, sym_v=0.644, clusters=6
2026-06-12 03:05:42 | INFO | 🎯 Action choisie: 7
2026-06-12 03:05:42 | INFO | 📥 Résultat: GameState.NOT_FINISHED
2026-06-12 03:05:42 | WARNING | ⚠️ Action 7 sans effet (état identique)
2026-06-12 03:05:42 | INFO | 
--- Action 144/200 ---
2026-06-12 03:05:42 | INFO | État: GameState.NOT_FINISHED
2026-06-12 03:05:42 | INFO | Niveaux complétés: 0/9
2026-06-12 03:05:42 | INFO | ✅ Grille extraite: shape=(64, 64), unique_colors=6
2026-06-12 03:05:42 | INFO | 🧠 Features: densité=0.983, sym_h=0.949, sym_v=0.644, clusters=6
2026-06-12 03:05:42 | INFO | 🎯 Action choisie: 6
2026-06-12 03:05:42 | INFO | 📥 Résultat: GameState.NOT_FINISHED
2026-06-12 03:05:42 | WARNING | ⚠️ Action 6 sans effet (état identique)
2026-06-12 03:05:42 | INFO | 
--- Action 145/200 ---
2026-06-12 03:05:42 | INFO | État: GameState.NOT_FINISHED
2026-06-12 03:05:42 | INFO | Niveaux complétés: 0/9
2026-06-12 03:05:42 | INFO | ✅ Grille extraite: shape=(64, 64), unique_colors=6
2026-06-12 03:05:42 | INFO | 🧠 Features: densité=0.983, sym_h=0.949, sym_v=0.644, clusters=6
2026-06-12 03:05:42 | INFO | 🎯 Action choisie: 7
2026-06-12 03:05:42 | INFO | 📥 Résultat: GameState.NOT_FINISHED
2026-06-12 03:05:42 | WARNING | ⚠️ Action 7 sans effet (état identique)
2026-06-12 03:05:42 | INFO | 
--- Action 146/200 ---
2026-06-12 03:05:42 | INFO | État: GameState.NOT_FINISHED
2026-06-12 03:05:42 | INFO | Niveaux complétés: 0/9
2026-06-12 03:05:42 | INFO | ✅ Grille extraite: shape=(64, 64), unique_colors=6
2026-06-12 03:05:42 | INFO | 🧠 Features: densité=0.983, sym_h=0.949, sym_v=0.644, clusters=6
2026-06-12 03:05:42 | INFO | 🎯 Action choisie: 6
2026-06-12 03:05:42 | INFO | 📥 Résultat: GameState.NOT_FINISHED
2026-06-12 03:05:42 | WARNING | ⚠️ Action 6 sans effet (état identique)
2026-06-12 03:05:42 | INFO | 
--- Action 147/200 ---
2026-06-12 03:05:42 | INFO | État: GameState.NOT_FINISHED
2026-06-12 03:05:42 | INFO | Niveaux complétés: 0/9
2026-06-12 03:05:42 | INFO | ✅ Grille extraite: shape=(64, 64), unique_colors=6
2026-06-12 03:05:42 | INFO | 🧠 Features: densité=0.983, sym_h=0.949, sym_v=0.644, clusters=6
2026-06-12 03:05:42 | INFO | 🎯 Action choisie: 7
2026-06-12 03:05:42 | INFO | 📥 Résultat: GameState.NOT_FINISHED
2026-06-12 03:05:42 | WARNING | ⚠️ Action 7 sans effet (état identique)
2026-06-12 03:05:42 | INFO | 
--- Action 148/200 ---
2026-06-12 03:05:42 | INFO | État: GameState.NOT_FINISHED
2026-06-12 03:05:42 | INFO | Niveaux complétés: 0/9
2026-06-12 03:05:42 | INFO | ✅ Grille extraite: shape=(64, 64), unique_colors=6
2026-06-12 03:05:42 | INFO | 🧠 Features: densité=0.983, sym_h=0.949, sym_v=0.644, clusters=6
2026-06-12 03:05:42 | INFO | 🎯 Action choisie: 7
2026-06-12 03:05:42 | INFO | 📥 Résultat: GameState.NOT_FINISHED
2026-06-12 03:05:42 | WARNING | ⚠️ Action 7 sans effet (état identique)
2026-06-12 03:05:42 | INFO | 
--- Action 149/200 ---
2026-06-12 03:05:42 | INFO | État: GameState.NOT_FINISHED
2026-06-12 03:05:42 | INFO | Niveaux complétés: 0/9
2026-06-12 03:05:42 | INFO | ✅ Grille extraite: shape=(64, 64), unique_colors=6
2026-06-12 03:05:42 | INFO | 🧠 Features: densité=0.983, sym_h=0.949, sym_v=0.644, clusters=6
2026-06-12 03:05:42 | INFO | 🎯 Action choisie: 7
2026-06-12 03:05:42 | INFO | 📥 Résultat: GameState.NOT_FINISHED
2026-06-12 03:05:42 | WARNING | ⚠️ Action 7 sans effet (état identique)
2026-06-12 03:05:42 | INFO | 
--- Action 150/200 ---
2026-06-12 03:05:42 | INFO | État: GameState.NOT_FINISHED
2026-06-12 03:05:42 | INFO | Niveaux complétés: 0/9
2026-06-12 03:05:42 | INFO | ✅ Grille extraite: shape=(64, 64), unique_colors=6
2026-06-12 03:05:42 | INFO | 🧠 Features: densité=0.983, sym_h=0.949, sym_v=0.644, clusters=6
2026-06-12 03:05:42 | INFO | 🎯 Action choisie: 7
2026-06-12 03:05:42 | INFO | 📥 Résultat: GameState.NOT_FINISHED
2026-06-12 03:05:42 | WARNING | ⚠️ Action 7 sans effet (état identique)
2026-06-12 03:05:42 | INFO | 
--- Action 151/200 ---
2026-06-12 03:05:42 | INFO | État: GameState.NOT_FINISHED
2026-06-12 03:05:42 | INFO | Niveaux complétés: 0/9
2026-06-12 03:05:42 | INFO | ✅ Grille extraite: shape=(64, 64), unique_colors=6
2026-06-12 03:05:42 | INFO | 🧠 Features: densité=0.983, sym_h=0.949, sym_v=0.644, clusters=6
2026-06-12 03:05:42 | INFO | 🎯 Action choisie: 6
2026-06-12 03:05:42 | INFO | 📥 Résultat: GameState.NOT_FINISHED
2026-06-12 03:05:42 | WARNING | ⚠️ Action 6 sans effet (état identique)
2026-06-12 03:05:42 | INFO | 
--- Action 152/200 ---
2026-06-12 03:05:42 | INFO | État: GameState.NOT_FINISHED
2026-06-12 03:05:42 | INFO | Niveaux complétés: 0/9
2026-06-12 03:05:42 | INFO | ✅ Grille extraite: shape=(64, 64), unique_colors=6
2026-06-12 03:05:42 | INFO | 🧠 Features: densité=0.983, sym_h=0.949, sym_v=0.644, clusters=6
2026-06-12 03:05:42 | INFO | 🎯 Action choisie: 7
2026-06-12 03:05:42 | INFO | 📥 Résultat: GameState.NOT_FINISHED
2026-06-12 03:05:42 | WARNING | ⚠️ Action 7 sans effet (état identique)
2026-06-12 03:05:42 | INFO | 
--- Action 153/200 ---
2026-06-12 03:05:42 | INFO | État: GameState.NOT_FINISHED
2026-06-12 03:05:42 | INFO | Niveaux complétés: 0/9
2026-06-12 03:05:42 | INFO | ✅ Grille extraite: shape=(64, 64), unique_colors=6
2026-06-12 03:05:42 | INFO | 🧠 Features: densité=0.983, sym_h=0.949, sym_v=0.644, clusters=6
2026-06-12 03:05:42 | INFO | 🎯 Action choisie: 6
2026-06-12 03:05:42 | INFO | 📥 Résultat: GameState.NOT_FINISHED
2026-06-12 03:05:42 | WARNING | ⚠️ Action 6 sans effet (état identique)
2026-06-12 03:05:42 | INFO | 
--- Action 154/200 ---
2026-06-12 03:05:42 | INFO | État: GameState.NOT_FINISHED
2026-06-12 03:05:42 | INFO | Niveaux complétés: 0/9
2026-06-12 03:05:42 | INFO | ✅ Grille extraite: shape=(64, 64), unique_colors=6
2026-06-12 03:05:42 | INFO | 🧠 Features: densité=0.983, sym_h=0.949, sym_v=0.644, clusters=6
2026-06-12 03:05:42 | INFO | 🎯 Action choisie: 7
2026-06-12 03:05:42 | INFO | 📥 Résultat: GameState.NOT_FINISHED
2026-06-12 03:05:42 | WARNING | ⚠️ Action 7 sans effet (état identique)
2026-06-12 03:05:42 | INFO | 
--- Action 155/200 ---
2026-06-12 03:05:42 | INFO | État: GameState.NOT_FINISHED
2026-06-12 03:05:42 | INFO | Niveaux complétés: 0/9
2026-06-12 03:05:42 | INFO | ✅ Grille extraite: shape=(64, 64), unique_colors=6
2026-06-12 03:05:42 | INFO | 🧠 Features: densité=0.983, sym_h=0.949, sym_v=0.644, clusters=6
2026-06-12 03:05:42 | INFO | 🎯 Action choisie: 6
2026-06-12 03:05:42 | INFO | 📥 Résultat: GameState.NOT_FINISHED
2026-06-12 03:05:42 | WARNING | ⚠️ Action 6 sans effet (état identique)
2026-06-12 03:05:42 | INFO | 
--- Action 156/200 ---
2026-06-12 03:05:42 | INFO | État: GameState.NOT_FINISHED
2026-06-12 03:05:42 | INFO | Niveaux complétés: 0/9
2026-06-12 03:05:42 | INFO | ✅ Grille extraite: shape=(64, 64), unique_colors=6
2026-06-12 03:05:42 | INFO | 🧠 Features: densité=0.983, sym_h=0.949, sym_v=0.644, clusters=6
2026-06-12 03:05:42 | INFO | 🎯 Action choisie: 6
2026-06-12 03:05:42 | INFO | 📥 Résultat: GameState.NOT_FINISHED
2026-06-12 03:05:42 | WARNING | ⚠️ Action 6 sans effet (état identique)
2026-06-12 03:05:42 | INFO | 
--- Action 157/200 ---
2026-06-12 03:05:42 | INFO | État: GameState.NOT_FINISHED
2026-06-12 03:05:42 | INFO | Niveaux complétés: 0/9
2026-06-12 03:05:42 | INFO | ✅ Grille extraite: shape=(64, 64), unique_colors=6
2026-06-12 03:05:42 | INFO | 🧠 Features: densité=0.983, sym_h=0.949, sym_v=0.644, clusters=6
2026-06-12 03:05:42 | INFO | 🎯 Action choisie: 6
2026-06-12 03:05:42 | INFO | 📥 Résultat: GameState.NOT_FINISHED
2026-06-12 03:05:42 | WARNING | ⚠️ Action 6 sans effet (état identique)
2026-06-12 03:05:42 | INFO | 
--- Action 158/200 ---
2026-06-12 03:05:42 | INFO | État: GameState.NOT_FINISHED
2026-06-12 03:05:42 | INFO | Niveaux complétés: 0/9
2026-06-12 03:05:42 | INFO | ✅ Grille extraite: shape=(64, 64), unique_colors=6
2026-06-12 03:05:42 | INFO | 🧠 Features: densité=0.983, sym_h=0.949, sym_v=0.644, clusters=6
2026-06-12 03:05:42 | INFO | 🎯 Action choisie: 7
2026-06-12 03:05:42 | INFO | 📥 Résultat: GameState.NOT_FINISHED
2026-06-12 03:05:42 | WARNING | ⚠️ Action 7 sans effet (état identique)
2026-06-12 03:05:42 | INFO | 
--- Action 159/200 ---
2026-06-12 03:05:42 | INFO | État: GameState.NOT_FINISHED
2026-06-12 03:05:42 | INFO | Niveaux complétés: 0/9
2026-06-12 03:05:42 | INFO | ✅ Grille extraite: shape=(64, 64), unique_colors=6
2026-06-12 03:05:42 | INFO | 🧠 Features: densité=0.983, sym_h=0.949, sym_v=0.644, clusters=6
2026-06-12 03:05:42 | INFO | 🎯 Action choisie: 6
2026-06-12 03:05:42 | INFO | 📥 Résultat: GameState.NOT_FINISHED
2026-06-12 03:05:42 | WARNING | ⚠️ Action 6 sans effet (état identique)
2026-06-12 03:05:42 | INFO | 
--- Action 160/200 ---
2026-06-12 03:05:42 | INFO | État: GameState.NOT_FINISHED
2026-06-12 03:05:42 | INFO | Niveaux complétés: 0/9
2026-06-12 03:05:42 | INFO | ✅ Grille extraite: shape=(64, 64), unique_colors=6
2026-06-12 03:05:42 | INFO | 🧠 Features: densité=0.983, sym_h=0.949, sym_v=0.644, clusters=6
2026-06-12 03:05:42 | INFO | 🎯 Action choisie: 6
2026-06-12 03:05:42 | INFO | 📥 Résultat: GameState.NOT_FINISHED
2026-06-12 03:05:42 | WARNING | ⚠️ Action 6 sans effet (état identique)
2026-06-12 03:05:42 | INFO | 
--- Action 161/200 ---
2026-06-12 03:05:42 | INFO | État: GameState.NOT_FINISHED
2026-06-12 03:05:42 | INFO | Niveaux complétés: 0/9
2026-06-12 03:05:42 | INFO | ✅ Grille extraite: shape=(64, 64), unique_colors=6
2026-06-12 03:05:42 | INFO | 🧠 Features: densité=0.983, sym_h=0.949, sym_v=0.644, clusters=6
2026-06-12 03:05:42 | INFO | 🎯 Action choisie: 6
2026-06-12 03:05:42 | INFO | 📥 Résultat: GameState.NOT_FINISHED
2026-06-12 03:05:42 | WARNING | ⚠️ Action 6 sans effet (état identique)
2026-06-12 03:05:42 | INFO | 
--- Action 162/200 ---
2026-06-12 03:05:42 | INFO | État: GameState.NOT_FINISHED
2026-06-12 03:05:42 | INFO | Niveaux complétés: 0/9
2026-06-12 03:05:42 | INFO | ✅ Grille extraite: shape=(64, 64), unique_colors=6
2026-06-12 03:05:42 | INFO | 🧠 Features: densité=0.983, sym_h=0.949, sym_v=0.644, clusters=6
2026-06-12 03:05:42 | INFO | 🎯 Action choisie: 6
2026-06-12 03:05:42 | INFO | 📥 Résultat: GameState.NOT_FINISHED
2026-06-12 03:05:42 | WARNING | ⚠️ Action 6 sans effet (état identique)
2026-06-12 03:05:42 | INFO | 
--- Action 163/200 ---
2026-06-12 03:05:42 | INFO | État: GameState.NOT_FINISHED
2026-06-12 03:05:42 | INFO | Niveaux complétés: 0/9
2026-06-12 03:05:42 | INFO | ✅ Grille extraite: shape=(64, 64), unique_colors=6
2026-06-12 03:05:43 | INFO | 🧠 Features: densité=0.983, sym_h=0.949, sym_v=0.644, clusters=6
2026-06-12 03:05:43 | INFO | 🎯 Action choisie: 7
2026-06-12 03:05:43 | INFO | 📥 Résultat: GameState.NOT_FINISHED
2026-06-12 03:05:43 | WARNING | ⚠️ Action 7 sans effet (état identique)
2026-06-12 03:05:43 | INFO | 
--- Action 164/200 ---
2026-06-12 03:05:43 | INFO | État: GameState.NOT_FINISHED
2026-06-12 03:05:43 | INFO | Niveaux complétés: 0/9
2026-06-12 03:05:43 | INFO | ✅ Grille extraite: shape=(64, 64), unique_colors=6
2026-06-12 03:05:43 | INFO | 🧠 Features: densité=0.983, sym_h=0.949, sym_v=0.644, clusters=6
2026-06-12 03:05:43 | INFO | 🎯 Action choisie: 7
2026-06-12 03:05:43 | INFO | 📥 Résultat: GameState.NOT_FINISHED
2026-06-12 03:05:43 | WARNING | ⚠️ Action 7 sans effet (état identique)
2026-06-12 03:05:43 | INFO | 
--- Action 165/200 ---
2026-06-12 03:05:43 | INFO | État: GameState.NOT_FINISHED
2026-06-12 03:05:43 | INFO | Niveaux complétés: 0/9
2026-06-12 03:05:43 | INFO | ✅ Grille extraite: shape=(64, 64), unique_colors=6
2026-06-12 03:05:43 | INFO | 🧠 Features: densité=0.983, sym_h=0.949, sym_v=0.644, clusters=6
2026-06-12 03:05:43 | INFO | 🎯 Action choisie: 7
2026-06-12 03:05:43 | INFO | 📥 Résultat: GameState.NOT_FINISHED
2026-06-12 03:05:43 | WARNING | ⚠️ Action 7 sans effet (état identique)
2026-06-12 03:05:43 | INFO | 
--- Action 166/200 ---
2026-06-12 03:05:43 | INFO | État: GameState.NOT_FINISHED
2026-06-12 03:05:43 | INFO | Niveaux complétés: 0/9
2026-06-12 03:05:43 | INFO | ✅ Grille extraite: shape=(64, 64), unique_colors=6
2026-06-12 03:05:43 | INFO | 🧠 Features: densité=0.983, sym_h=0.949, sym_v=0.644, clusters=6
2026-06-12 03:05:43 | INFO | 🎯 Action choisie: 7
2026-06-12 03:05:43 | INFO | 📥 Résultat: GameState.NOT_FINISHED
2026-06-12 03:05:43 | WARNING | ⚠️ Action 7 sans effet (état identique)
2026-06-12 03:05:43 | INFO | 
--- Action 167/200 ---
2026-06-12 03:05:43 | INFO | État: GameState.NOT_FINISHED
2026-06-12 03:05:43 | INFO | Niveaux complétés: 0/9
2026-06-12 03:05:43 | INFO | ✅ Grille extraite: shape=(64, 64), unique_colors=6
2026-06-12 03:05:43 | INFO | 🧠 Features: densité=0.983, sym_h=0.949, sym_v=0.644, clusters=6
2026-06-12 03:05:43 | INFO | 🎯 Action choisie: 7
2026-06-12 03:05:43 | INFO | 📥 Résultat: GameState.NOT_FINISHED
2026-06-12 03:05:43 | WARNING | ⚠️ Action 7 sans effet (état identique)
2026-06-12 03:05:43 | INFO | 
--- Action 168/200 ---
2026-06-12 03:05:43 | INFO | État: GameState.NOT_FINISHED
2026-06-12 03:05:43 | INFO | Niveaux complétés: 0/9
2026-06-12 03:05:43 | INFO | ✅ Grille extraite: shape=(64, 64), unique_colors=6
2026-06-12 03:05:43 | INFO | 🧠 Features: densité=0.983, sym_h=0.949, sym_v=0.644, clusters=6
2026-06-12 03:05:43 | INFO | 🎯 Action choisie: 7
2026-06-12 03:05:43 | INFO | 📥 Résultat: GameState.NOT_FINISHED
2026-06-12 03:05:43 | WARNING | ⚠️ Action 7 sans effet (état identique)
2026-06-12 03:05:43 | INFO | 
--- Action 169/200 ---
2026-06-12 03:05:43 | INFO | État: GameState.NOT_FINISHED
2026-06-12 03:05:43 | INFO | Niveaux complétés: 0/9
2026-06-12 03:05:43 | INFO | ✅ Grille extraite: shape=(64, 64), unique_colors=6
2026-06-12 03:05:43 | INFO | 🧠 Features: densité=0.983, sym_h=0.949, sym_v=0.644, clusters=6
2026-06-12 03:05:43 | INFO | 🎯 Action choisie: 7
2026-06-12 03:05:43 | INFO | 📥 Résultat: GameState.NOT_FINISHED
2026-06-12 03:05:43 | WARNING | ⚠️ Action 7 sans effet (état identique)
2026-06-12 03:05:43 | INFO | 
--- Action 170/200 ---
2026-06-12 03:05:43 | INFO | État: GameState.NOT_FINISHED
2026-06-12 03:05:43 | INFO | Niveaux complétés: 0/9
2026-06-12 03:05:43 | INFO | ✅ Grille extraite: shape=(64, 64), unique_colors=6
2026-06-12 03:05:43 | INFO | 🧠 Features: densité=0.983, sym_h=0.949, sym_v=0.644, clusters=6
2026-06-12 03:05:43 | INFO | 🎯 Action choisie: 7
2026-06-12 03:05:43 | INFO | 📥 Résultat: GameState.NOT_FINISHED
2026-06-12 03:05:43 | WARNING | ⚠️ Action 7 sans effet (état identique)
2026-06-12 03:05:43 | INFO | 
--- Action 171/200 ---
2026-06-12 03:05:43 | INFO | État: GameState.NOT_FINISHED
2026-06-12 03:05:43 | INFO | Niveaux complétés: 0/9
2026-06-12 03:05:43 | INFO | ✅ Grille extraite: shape=(64, 64), unique_colors=6
2026-06-12 03:05:43 | INFO | 🧠 Features: densité=0.983, sym_h=0.949, sym_v=0.644, clusters=6
2026-06-12 03:05:43 | INFO | 🎯 Action choisie: 7
2026-06-12 03:05:43 | INFO | 📥 Résultat: GameState.NOT_FINISHED
2026-06-12 03:05:43 | WARNING | ⚠️ Action 7 sans effet (état identique)
2026-06-12 03:05:43 | INFO | 
--- Action 172/200 ---
2026-06-12 03:05:43 | INFO | État: GameState.NOT_FINISHED
2026-06-12 03:05:43 | INFO | Niveaux complétés: 0/9
2026-06-12 03:05:43 | INFO | ✅ Grille extraite: shape=(64, 64), unique_colors=6
2026-06-12 03:05:43 | INFO | 🧠 Features: densité=0.983, sym_h=0.949, sym_v=0.644, clusters=6
2026-06-12 03:05:43 | INFO | 🎯 Action choisie: 6
2026-06-12 03:05:43 | INFO | 📥 Résultat: GameState.NOT_FINISHED
2026-06-12 03:05:43 | WARNING | ⚠️ Action 6 sans effet (état identique)
2026-06-12 03:05:43 | INFO | 
--- Action 173/200 ---
2026-06-12 03:05:43 | INFO | État: GameState.NOT_FINISHED
2026-06-12 03:05:43 | INFO | Niveaux complétés: 0/9
2026-06-12 03:05:43 | INFO | ✅ Grille extraite: shape=(64, 64), unique_colors=6
2026-06-12 03:05:43 | INFO | 🧠 Features: densité=0.983, sym_h=0.949, sym_v=0.644, clusters=6
2026-06-12 03:05:43 | INFO | 🎯 Action choisie: 6
2026-06-12 03:05:43 | INFO | 📥 Résultat: GameState.NOT_FINISHED
2026-06-12 03:05:43 | WARNING | ⚠️ Action 6 sans effet (état identique)
2026-06-12 03:05:43 | INFO | 
--- Action 174/200 ---
2026-06-12 03:05:43 | INFO | État: GameState.NOT_FINISHED
2026-06-12 03:05:43 | INFO | Niveaux complétés: 0/9
2026-06-12 03:05:43 | INFO | ✅ Grille extraite: shape=(64, 64), unique_colors=6
2026-06-12 03:05:43 | INFO | 🧠 Features: densité=0.983, sym_h=0.949, sym_v=0.644, clusters=6
2026-06-12 03:05:43 | INFO | 🎯 Action choisie: 7
2026-06-12 03:05:43 | INFO | 📥 Résultat: GameState.NOT_FINISHED
2026-06-12 03:05:43 | WARNING | ⚠️ Action 7 sans effet (état identique)
2026-06-12 03:05:43 | INFO | 
--- Action 175/200 ---
2026-06-12 03:05:43 | INFO | État: GameState.NOT_FINISHED
2026-06-12 03:05:43 | INFO | Niveaux complétés: 0/9
2026-06-12 03:05:43 | INFO | ✅ Grille extraite: shape=(64, 64), unique_colors=6
2026-06-12 03:05:43 | INFO | 🧠 Features: densité=0.983, sym_h=0.949, sym_v=0.644, clusters=6
2026-06-12 03:05:43 | INFO | 🎯 Action choisie: 6
2026-06-12 03:05:43 | INFO | 📥 Résultat: GameState.NOT_FINISHED
2026-06-12 03:05:43 | WARNING | ⚠️ Action 6 sans effet (état identique)
2026-06-12 03:05:43 | INFO | 
--- Action 176/200 ---
2026-06-12 03:05:43 | INFO | État: GameState.NOT_FINISHED
2026-06-12 03:05:43 | INFO | Niveaux complétés: 0/9
2026-06-12 03:05:43 | INFO | ✅ Grille extraite: shape=(64, 64), unique_colors=6
2026-06-12 03:05:43 | INFO | 🧠 Features: densité=0.983, sym_h=0.949, sym_v=0.644, clusters=6
2026-06-12 03:05:43 | INFO | 🎯 Action choisie: 7
2026-06-12 03:05:43 | INFO | 📥 Résultat: GameState.NOT_FINISHED
2026-06-12 03:05:43 | WARNING | ⚠️ Action 7 sans effet (état identique)
2026-06-12 03:05:43 | INFO | 
--- Action 177/200 ---
2026-06-12 03:05:43 | INFO | État: GameState.NOT_FINISHED
2026-06-12 03:05:43 | INFO | Niveaux complétés: 0/9
2026-06-12 03:05:43 | INFO | ✅ Grille extraite: shape=(64, 64), unique_colors=6
2026-06-12 03:05:43 | INFO | 🧠 Features: densité=0.983, sym_h=0.949, sym_v=0.644, clusters=6
2026-06-12 03:05:43 | INFO | 🎯 Action choisie: 6
2026-06-12 03:05:43 | INFO | 📥 Résultat: GameState.NOT_FINISHED
2026-06-12 03:05:43 | WARNING | ⚠️ Action 6 sans effet (état identique)
2026-06-12 03:05:43 | INFO | 
--- Action 178/200 ---
2026-06-12 03:05:43 | INFO | État: GameState.NOT_FINISHED
2026-06-12 03:05:43 | INFO | Niveaux complétés: 0/9
2026-06-12 03:05:43 | INFO | ✅ Grille extraite: shape=(64, 64), unique_colors=6
2026-06-12 03:05:43 | INFO | 🧠 Features: densité=0.983, sym_h=0.949, sym_v=0.644, clusters=6
2026-06-12 03:05:43 | INFO | 🎯 Action choisie: 7
2026-06-12 03:05:43 | INFO | 📥 Résultat: GameState.NOT_FINISHED
2026-06-12 03:05:43 | WARNING | ⚠️ Action 7 sans effet (état identique)
2026-06-12 03:05:43 | INFO | 
--- Action 179/200 ---
2026-06-12 03:05:43 | INFO | État: GameState.NOT_FINISHED
2026-06-12 03:05:43 | INFO | Niveaux complétés: 0/9
2026-06-12 03:05:43 | INFO | ✅ Grille extraite: shape=(64, 64), unique_colors=6
2026-06-12 03:05:43 | INFO | 🧠 Features: densité=0.983, sym_h=0.949, sym_v=0.644, clusters=6
2026-06-12 03:05:43 | INFO | 🎯 Action choisie: 7
2026-06-12 03:05:43 | INFO | 📥 Résultat: GameState.NOT_FINISHED
2026-06-12 03:05:43 | WARNING | ⚠️ Action 7 sans effet (état identique)
2026-06-12 03:05:43 | INFO | 
--- Action 180/200 ---
2026-06-12 03:05:43 | INFO | État: GameState.NOT_FINISHED
2026-06-12 03:05:43 | INFO | Niveaux complétés: 0/9
2026-06-12 03:05:43 | INFO | ✅ Grille extraite: shape=(64, 64), unique_colors=6
2026-06-12 03:05:43 | INFO | 🧠 Features: densité=0.983, sym_h=0.949, sym_v=0.644, clusters=6
2026-06-12 03:05:43 | INFO | 🎯 Action choisie: 6
2026-06-12 03:05:43 | INFO | 📥 Résultat: GameState.NOT_FINISHED
2026-06-12 03:05:43 | WARNING | ⚠️ Action 6 sans effet (état identique)
2026-06-12 03:05:43 | INFO | 
--- Action 181/200 ---
2026-06-12 03:05:43 | INFO | État: GameState.NOT_FINISHED
2026-06-12 03:05:43 | INFO | Niveaux complétés: 0/9
2026-06-12 03:05:43 | INFO | ✅ Grille extraite: shape=(64, 64), unique_colors=6
2026-06-12 03:05:43 | INFO | 🧠 Features: densité=0.983, sym_h=0.949, sym_v=0.644, clusters=6
2026-06-12 03:05:43 | INFO | 🎯 Action choisie: 6
2026-06-12 03:05:43 | INFO | 📥 Résultat: GameState.NOT_FINISHED
2026-06-12 03:05:43 | WARNING | ⚠️ Action 6 sans effet (état identique)
2026-06-12 03:05:43 | INFO | 
--- Action 182/200 ---
2026-06-12 03:05:43 | INFO | État: GameState.NOT_FINISHED
2026-06-12 03:05:43 | INFO | Niveaux complétés: 0/9
2026-06-12 03:05:43 | INFO | ✅ Grille extraite: shape=(64, 64), unique_colors=6
2026-06-12 03:05:43 | INFO | 🧠 Features: densité=0.983, sym_h=0.949, sym_v=0.644, clusters=6
2026-06-12 03:05:43 | INFO | 🎯 Action choisie: 6
2026-06-12 03:05:43 | INFO | 📥 Résultat: GameState.NOT_FINISHED
2026-06-12 03:05:43 | WARNING | ⚠️ Action 6 sans effet (état identique)
2026-06-12 03:05:43 | INFO | 
--- Action 183/200 ---
2026-06-12 03:05:43 | INFO | État: GameState.NOT_FINISHED
2026-06-12 03:05:43 | INFO | Niveaux complétés: 0/9
2026-06-12 03:05:43 | INFO | ✅ Grille extraite: shape=(64, 64), unique_colors=6
2026-06-12 03:05:43 | INFO | 🧠 Features: densité=0.983, sym_h=0.949, sym_v=0.644, clusters=6
2026-06-12 03:05:43 | INFO | 🎯 Action choisie: 7
2026-06-12 03:05:43 | INFO | 📥 Résultat: GameState.NOT_FINISHED
2026-06-12 03:05:43 | WARNING | ⚠️ Action 7 sans effet (état identique)
2026-06-12 03:05:43 | INFO | 
--- Action 184/200 ---
2026-06-12 03:05:43 | INFO | État: GameState.NOT_FINISHED
2026-06-12 03:05:43 | INFO | Niveaux complétés: 0/9
2026-06-12 03:05:43 | INFO | ✅ Grille extraite: shape=(64, 64), unique_colors=6
2026-06-12 03:05:43 | INFO | 🧠 Features: densité=0.983, sym_h=0.949, sym_v=0.644, clusters=6
2026-06-12 03:05:43 | INFO | 🎯 Action choisie: 6
2026-06-12 03:05:43 | INFO | 📥 Résultat: GameState.NOT_FINISHED
2026-06-12 03:05:43 | WARNING | ⚠️ Action 6 sans effet (état identique)
2026-06-12 03:05:43 | INFO | 
--- Action 185/200 ---
2026-06-12 03:05:43 | INFO | État: GameState.NOT_FINISHED
2026-06-12 03:05:43 | INFO | Niveaux complétés: 0/9
2026-06-12 03:05:43 | INFO | ✅ Grille extraite: shape=(64, 64), unique_colors=6
2026-06-12 03:05:43 | INFO | 🧠 Features: densité=0.983, sym_h=0.949, sym_v=0.644, clusters=6
2026-06-12 03:05:43 | INFO | 🎯 Action choisie: 7
2026-06-12 03:05:43 | INFO | 📥 Résultat: GameState.NOT_FINISHED
2026-06-12 03:05:43 | WARNING | ⚠️ Action 7 sans effet (état identique)
2026-06-12 03:05:43 | INFO | 
--- Action 186/200 ---
2026-06-12 03:05:43 | INFO | État: GameState.NOT_FINISHED
2026-06-12 03:05:43 | INFO | Niveaux complétés: 0/9
2026-06-12 03:05:43 | INFO | ✅ Grille extraite: shape=(64, 64), unique_colors=6
2026-06-12 03:05:43 | INFO | 🧠 Features: densité=0.983, sym_h=0.949, sym_v=0.644, clusters=6
2026-06-12 03:05:43 | INFO | 🎯 Action choisie: 7
2026-06-12 03:05:43 | INFO | 📥 Résultat: GameState.NOT_FINISHED
2026-06-12 03:05:43 | WARNING | ⚠️ Action 7 sans effet (état identique)
2026-06-12 03:05:43 | INFO | 
--- Action 187/200 ---
2026-06-12 03:05:43 | INFO | État: GameState.NOT_FINISHED
2026-06-12 03:05:43 | INFO | Niveaux complétés: 0/9
2026-06-12 03:05:43 | INFO | ✅ Grille extraite: shape=(64, 64), unique_colors=6
2026-06-12 03:05:43 | INFO | 🧠 Features: densité=0.983, sym_h=0.949, sym_v=0.644, clusters=6
2026-06-12 03:05:43 | INFO | 🎯 Action choisie: 7
2026-06-12 03:05:43 | INFO | 📥 Résultat: GameState.NOT_FINISHED
2026-06-12 03:05:43 | WARNING | ⚠️ Action 7 sans effet (état identique)
2026-06-12 03:05:43 | INFO | 
--- Action 188/200 ---
2026-06-12 03:05:43 | INFO | État: GameState.NOT_FINISHED
2026-06-12 03:05:43 | INFO | Niveaux complétés: 0/9
2026-06-12 03:05:43 | INFO | ✅ Grille extraite: shape=(64, 64), unique_colors=6
2026-06-12 03:05:43 | INFO | 🧠 Features: densité=0.983, sym_h=0.949, sym_v=0.644, clusters=6
2026-06-12 03:05:43 | INFO | 🎯 Action choisie: 6
2026-06-12 03:05:43 | INFO | 📥 Résultat: GameState.NOT_FINISHED
2026-06-12 03:05:43 | WARNING | ⚠️ Action 6 sans effet (état identique)
2026-06-12 03:05:43 | INFO | 
--- Action 189/200 ---
2026-06-12 03:05:43 | INFO | État: GameState.NOT_FINISHED
2026-06-12 03:05:43 | INFO | Niveaux complétés: 0/9
2026-06-12 03:05:43 | INFO | ✅ Grille extraite: shape=(64, 64), unique_colors=6
2026-06-12 03:05:43 | INFO | 🧠 Features: densité=0.983, sym_h=0.949, sym_v=0.644, clusters=6
2026-06-12 03:05:43 | INFO | 🎯 Action choisie: 6
2026-06-12 03:05:43 | INFO | 📥 Résultat: GameState.NOT_FINISHED
2026-06-12 03:05:43 | WARNING | ⚠️ Action 6 sans effet (état identique)
2026-06-12 03:05:43 | INFO | 
--- Action 190/200 ---
2026-06-12 03:05:43 | INFO | État: GameState.NOT_FINISHED
2026-06-12 03:05:43 | INFO | Niveaux complétés: 0/9
2026-06-12 03:05:43 | INFO | ✅ Grille extraite: shape=(64, 64), unique_colors=6
2026-06-12 03:05:43 | INFO | 🧠 Features: densité=0.983, sym_h=0.949, sym_v=0.644, clusters=6
2026-06-12 03:05:43 | INFO | 🎯 Action choisie: 7
2026-06-12 03:05:43 | INFO | 📥 Résultat: GameState.NOT_FINISHED
2026-06-12 03:05:43 | WARNING | ⚠️ Action 7 sans effet (état identique)
2026-06-12 03:05:43 | INFO | 
--- Action 191/200 ---
2026-06-12 03:05:43 | INFO | État: GameState.NOT_FINISHED
2026-06-12 03:05:43 | INFO | Niveaux complétés: 0/9
2026-06-12 03:05:43 | INFO | ✅ Grille extraite: shape=(64, 64), unique_colors=6
2026-06-12 03:05:44 | INFO | 🧠 Features: densité=0.983, sym_h=0.949, sym_v=0.644, clusters=6
2026-06-12 03:05:44 | INFO | 🎯 Action choisie: 6
2026-06-12 03:05:44 | INFO | 📥 Résultat: GameState.NOT_FINISHED
2026-06-12 03:05:44 | WARNING | ⚠️ Action 6 sans effet (état identique)
2026-06-12 03:05:44 | INFO | 
--- Action 192/200 ---
2026-06-12 03:05:44 | INFO | État: GameState.NOT_FINISHED
2026-06-12 03:05:44 | INFO | Niveaux complétés: 0/9
2026-06-12 03:05:44 | INFO | ✅ Grille extraite: shape=(64, 64), unique_colors=6
2026-06-12 03:05:44 | INFO | 🧠 Features: densité=0.983, sym_h=0.949, sym_v=0.644, clusters=6
2026-06-12 03:05:44 | INFO | 🎯 Action choisie: 7
2026-06-12 03:05:44 | INFO | 📥 Résultat: GameState.NOT_FINISHED
2026-06-12 03:05:44 | WARNING | ⚠️ Action 7 sans effet (état identique)
2026-06-12 03:05:44 | INFO | 
--- Action 193/200 ---
2026-06-12 03:05:44 | INFO | État: GameState.NOT_FINISHED
2026-06-12 03:05:44 | INFO | Niveaux complétés: 0/9
2026-06-12 03:05:44 | INFO | ✅ Grille extraite: shape=(64, 64), unique_colors=6
2026-06-12 03:05:44 | INFO | 🧠 Features: densité=0.983, sym_h=0.949, sym_v=0.644, clusters=6
[ARC Agent V2] 🎲 Exploration: action 7
[ARC Agent V2] 🧠 Exploitation: action 6
[ARC Agent V2] 🎲 Exploration: action 6
[ARC Agent V2] 🎲 Exploration: action 7
[ARC Agent V2] 🎲 Exploration: action 6
[ARC Agent V2] 🧠 Exploitation: action 7
[ARC Agent V2] 🧠 Exploitation: action 6
[ARC Agent V2] 🎲 Exploration: action 7
[ARC Agent V2] 🧠 Exploitation: action 7
[ARC Agent V2] 🧠 Exploitation: action 7
[ARC Agent V2] 🎲 Exploration: action 7
[ARC Agent V2] 🧠 Exploitation: action 7
[ARC Agent V2] 🧠 Exploitation: action 6
[ARC Agent V2] 🧠 Exploitation: action 7
[ARC Agent V2] 🧠 Exploitation: action 6
[ARC Agent V2] 🧠 Exploitation: action 7
[ARC Agent V2] 🧠 Exploitation: action 6
[ARC Agent V2] 🧠 Exploitation: action 7
[ARC Agent V2] 🧠 Exploitation: action 7
[ARC Agent V2] 🧠 Exploitation: action 7
[ARC Agent V2] 🧠 Exploitation: action 6
[ARC Agent V2] 🎲 Exploration: action 7
[ARC Agent V2] 🧠 Exploitation: action 6
[ARC Agent V2] 🧠 Exploitation: action 6
[ARC Agent V2] 🎲 Exploration: action 6
[ARC Agent V2] 🧠 Exploitation: action 6
[ARC Agent V2] 🧠 Exploitation: action 7
[ARC Agent V2] 🎲 Exploration: action 7
[ARC Agent V2] 🧠 Exploitation: action 6
[ARC Agent V2] 🎲 Exploration: action 7
[ARC Agent V2] 🎲 Exploration: action 6
[ARC Agent V2] 🎲 Exploration: action 6
[ARC Agent V2] 🧠 Exploitation: action 7
[ARC Agent V2] 🧠 Exploitation: action 6
[ARC Agent V2] 🎲 Exploration: action 7
[ARC Agent V2] 🧠 Exploitation: action 7
[ARC Agent V2] 🧠 Exploitation: action 7
[ARC Agent V2] 🧠 Exploitation: action 6
[ARC Agent V2] 🧠 Exploitation: action 7
[ARC Agent V2] 🎲 Exploration: action 7
[ARC Agent V2] 🧠 Exploitation: action 7
[ARC Agent V2] 🧠 Exploitation: action 7
[ARC Agent V2] 🧠 Exploitation: action 7
[ARC Agent V2] 🎲 Exploration: action 6
[ARC Agent V2] 🧠 Exploitation: action 7
[ARC Agent V2] 🎲 Exploration: action 6
[ARC Agent V2] 🧠 Exploitation: action 7
[ARC Agent V2] 🎲 Exploration: action 6
[ARC Agent V2] 🎲 Exploration: action 7
[ARC Agent V2] 🎲 Exploration: action 6
[ARC Agent V2] 🎲 Exploration: action 7
[ARC Agent V2] 🎲 Exploration: action 7
[ARC Agent V2] 🎲 Exploration: action 6
[ARC Agent V2] 🧠 Exploitation: action 7
[ARC Agent V2] 🎲 Exploration: action 6
[ARC Agent V2] 🧠 Exploitation: action 6
[ARC Agent V2] 🎲 Exploration: action 6
[ARC Agent V2] 🧠 Exploitation: action 6
[ARC Agent V2] 🧠 Exploitation: action 6
[ARC Agent V2] 🧠 Exploitation: action 6
[ARC Agent V2] 🎲 Exploration: action 6
[ARC Agent V2] 🎲 Exploration: action 7
[ARC Agent V2] 🎲 Exploration: action 6
[ARC Agent V2] 🧠 Exploitation: action 6
[ARC Agent V2] 🧠 Exploitation: action 6
[ARC Agent V2] 🎲 Exploration: action 6
[ARC Agent V2] 🧠 Exploitation: action 6
[ARC Agent V2] 🎲 Exploration: action 7
[ARC Agent V2] 🧠 Exploitation: action 6
[ARC Agent V2] 🎲 Exploration: action 7
[ARC Agent V2] 🧠 Exploitation: action 6
[ARC Agent V2] 🧠 Exploitation: action 6
[ARC Agent V2] 🎲 Exploration: action 7
[ARC Agent V2] 🧠 Exploitation: action 7
[ARC Agent V2] 🧠 Exploitation: action 6
[ARC Agent V2] 🧠 Exploitation: action 7
[ARC Agent V2] 🎲 Exploration: action 6
[ARC Agent V2] 🎲 Exploration: action 7
[ARC Agent V2] 🧠 Exploitation: action 6
[ARC Agent V2] 🧠 Exploitation: action 6
[ARC Agent V2] 🧠 Exploitation: action 6
[ARC Agent V2] 🧠 Exploitation: action 7
[ARC Agent V2] 🧠 Exploitation: action 6
[ARC Agent V2] 🧠 Exploitation: action 6
[ARC Agent V2] 🎲 Exploration: action 6
[ARC Agent V2] 🧠 Exploitation: action 6
[ARC Agent V2] 🎲 Exploration: action 7
[ARC Agent V2] 🧠 Exploitation: action 6
[ARC Agent V2] 🎲 Exploration: action 7
[ARC Agent V2] 🎲 Exploration: action 7
[ARC Agent V2] 🧠 Exploitation: action 7
[ARC Agent V2] 🧠 Exploitation: action 7
[ARC Agent V2] 🎲 Exploration: action 6
[ARC Agent V2] 🧠 Exploitation: action 7
[ARC Agent V2] 🧠 Exploitation: action 7
[ARC Agent V2] 🧠 Exploitation: action 6
[ARC Agent V2] 🎲 Exploration: action 7
[ARC Agent V2] 🎲 Exploration: action 6
[ARC Agent V2] 🧠 Exploitation: action 6
[ARC Agent V2] 🎲 Exploration: action 7
[ARC Agent V2] 🎲 Exploration: action 6
[ARC Agent V2] 🧠 Exploitation: action 7
[ARC Agent V2] 🧠 Exploitation: action 6
[ARC Agent V2] 🎲 Exploration: action 6
[ARC Agent V2] 🧠 Exploitation: action 6
[ARC Agent V2] 🧠 Exploitation: action 6
[ARC Agent V2] 🎲 Exploration: action 7
[ARC Agent V2] 🎲 Exploration: action 6
[ARC Agent V2] 🧠 Exploitation: action 7
[ARC Agent V2] 🧠 Exploitation: action 6
[ARC Agent V2] 🎲 Exploration: action 6
[ARC Agent V2] 🎲 Exploration: action 7
[ARC Agent V2] 🧠 Exploitation: action 6
[ARC Agent V2] 🧠 Exploitation: action 7
[ARC Agent V2] 🧠 Exploitation: action 7
[ARC Agent V2] 🎲 Exploration: action 7
[ARC Agent V2] 🎲 Exploration: action 6
[ARC Agent V2] 🎲 Exploration: action 7
[ARC Agent V2] 🎲 Exploration: action 6
[ARC Agent V2] 🎲 Exploration: action 7
[ARC Agent V2] 🧠 Exploitation: action 7
[ARC Agent V2] 🧠 Exploitation: action 7
[ARC Agent V2] 🎲 Exploration: action 6
[ARC Agent V2] 🧠 Exploitation: action 6
[ARC Agent V2] 🎲 Exploration: action 7
[ARC Agent V2] 🧠 Exploitation: action 6
[ARC Agent V2] 🎲 Exploration: action 7
[ARC Agent V2] 🧠 Exploitation: action 6
[ARC Agent V2] 🧠 Exploitation: action 6
[ARC Agent V2] 🧠 Exploitation: action 6
[ARC Agent V2] 🎲 Exploration: action 7
[ARC Agent V2] 🎲 Exploration: action 7
[ARC Agent V2] 🧠 Exploitation: action 6
[ARC Agent V2] 🧠 Exploitation: action 7
[ARC Agent V2] 🎲 Exploration: action 7
[ARC Agent V2] 🧠 Exploitation: action 6
[ARC Agent V2] 🧠 Exploitation: action 7
[ARC Agent V2] 🎲 Exploration: action 6
[ARC Agent V2] 🧠 Exploitation: action 7
[ARC Agent V2] 🎲 Exploration: action 6
[ARC Agent V2] 🎲 Exploration: action 6
[ARC Agent V2] 🎲 Exploration: action 6
[ARC Agent V2] 🧠 Exploitation: action 7
[ARC Agent V2] 🎲 Exploration: action 6
[ARC Agent V2] 🧠 Exploitation: action 7
[ARC Agent V2] 🎲 Exploration: action 6
[ARC Agent V2] 🧠 Exploitation: action 7
[ARC Agent V2] 🧠 Exploitation: action 7
[ARC Agent V2] 🎲 Exploration: action 7
[ARC Agent V2] 🎲 Exploration: action 7
[ARC Agent V2] 🎲 Exploration: action 6
[ARC Agent V2] 🧠 Exploitation: action 7
[ARC Agent V2] 🎲 Exploration: action 6
[ARC Agent V2] 🎲 Exploration: action 7
[ARC Agent V2] 🧠 Exploitation: action 6
[ARC Agent V2] 🎲 Exploration: action 6
[ARC Agent V2] 🎲 Exploration: action 6
[ARC Agent V2] 🧠 Exploitation: action 7
[ARC Agent V2] 🧠 Exploitation: action 6
[ARC Agent V2] 🎲 Exploration: action 6
[ARC Agent V2] 🎲 Exploration: action 6
[ARC Agent V2] 🎲 Exploration: action 6
[ARC Agent V2] 🎲 Exploration: action 7
[ARC Agent V2] 🎲 Exploration: action 7
[ARC Agent V2] 🎲 Exploration: action 7
[ARC Agent V2] 🧠 Exploitation: action 7
[ARC Agent V2] 🧠 Exploitation: action 7
[ARC Agent V2] 🎲 Exploration: action 7
[ARC Agent V2] 🧠 Exploitation: action 7
[ARC Agent V2] 🧠 Exploitation: action 7
[ARC Agent V2] 🎲 Exploration: action 7
[ARC Agent V2] 🎲 Exploration: action 6
[ARC Agent V2] 🎲 Exploration: action 6
[ARC Agent V2] 🎲 Exploration: action 7
[ARC Agent V2] 🎲 Exploration: action 6
[ARC Agent V2] 🧠 Exploitation: action 7
[ARC Agent V2] 🧠 Exploitation: action 6
[ARC Agent V2] 🎲 Exploration: action 7
[ARC Agent V2] 🧠 Exploitation: action 7
[ARC Agent V2] 🧠 Exploitation: action 6
[ARC Agent V2] 🎲 Exploration: action 6
[ARC Agent V2] 🎲 Exploration: action 6
[ARC Agent V2] 🎲 Exploration: action 7
[ARC Agent V2] 🧠 Exploitation: action 6
[ARC Agent V2] 🎲 Exploration: action 7
[ARC Agent V2] 🎲 Exploration: action 7
[ARC Agent V2] 🧠 Exploitation: action 7
[ARC Agent V2] 🎲 Exploration: action 6
[ARC Agent V2] 🎲 Exploration: action 6
[ARC Agent V2] 🎲 Exploration: action 7
[ARC Agent V2] 🎲 Exploration: action 6
[ARC Agent V2] 🧠 Exploitation: action 7
[ARC Agent V2] 🎲 Exploration: action 62026-06-12 03:05:44 | INFO | 🎯 Action choisie: 6
2026-06-12 03:05:44 | INFO | 📥 Résultat: GameState.NOT_FINISHED
2026-06-12 03:05:44 | WARNING | ⚠️ Action 6 sans effet (état identique)
2026-06-12 03:05:44 | INFO | 
--- Action 194/200 ---
2026-06-12 03:05:44 | INFO | État: GameState.NOT_FINISHED
2026-06-12 03:05:44 | INFO | Niveaux complétés: 0/9
2026-06-12 03:05:44 | INFO | ✅ Grille extraite: shape=(64, 64), unique_colors=6
2026-06-12 03:05:44 | INFO | 🧠 Features: densité=0.983, sym_h=0.949, sym_v=0.644, clusters=6
2026-06-12 03:05:44 | INFO | 🎯 Action choisie: 7
2026-06-12 03:05:44 | INFO | 📥 Résultat: GameState.NOT_FINISHED
2026-06-12 03:05:44 | WARNING | ⚠️ Action 7 sans effet (état identique)
2026-06-12 03:05:44 | INFO | 
--- Action 195/200 ---
2026-06-12 03:05:44 | INFO | État: GameState.NOT_FINISHED
2026-06-12 03:05:44 | INFO | Niveaux complétés: 0/9
2026-06-12 03:05:44 | INFO | ✅ Grille extraite: shape=(64, 64), unique_colors=6
2026-06-12 03:05:44 | INFO | 🧠 Features: densité=0.983, sym_h=0.949, sym_v=0.644, clusters=6
2026-06-12 03:05:44 | INFO | 🎯 Action choisie: 6
2026-06-12 03:05:44 | INFO | 📥 Résultat: GameState.NOT_FINISHED
2026-06-12 03:05:44 | WARNING | ⚠️ Action 6 sans effet (état identique)
2026-06-12 03:05:44 | INFO | 
--- Action 196/200 ---
2026-06-12 03:05:44 | INFO | État: GameState.NOT_FINISHED
2026-06-12 03:05:44 | INFO | Niveaux complétés: 0/9
2026-06-12 03:05:44 | INFO | ✅ Grille extraite: shape=(64, 64), unique_colors=6
2026-06-12 03:05:44 | INFO | 🧠 Features: densité=0.983, sym_h=0.949, sym_v=0.644, clusters=6
2026-06-12 03:05:44 | INFO | 🎯 Action choisie: 6
2026-06-12 03:05:44 | INFO | 📥 Résultat: GameState.NOT_FINISHED
2026-06-12 03:05:44 | WARNING | ⚠️ Action 6 sans effet (état identique)
2026-06-12 03:05:44 | INFO | 
--- Action 197/200 ---
2026-06-12 03:05:44 | INFO | État: GameState.NOT_FINISHED
2026-06-12 03:05:44 | INFO | Niveaux complétés: 0/9
2026-06-12 03:05:44 | INFO | ✅ Grille extraite: shape=(64, 64), unique_colors=6
2026-06-12 03:05:44 | INFO | 🧠 Features: densité=0.983, sym_h=0.949, sym_v=0.644, clusters=6
2026-06-12 03:05:44 | INFO | 🎯 Action choisie: 7
2026-06-12 03:05:44 | INFO | 📥 Résultat: GameState.NOT_FINISHED
2026-06-12 03:05:44 | WARNING | ⚠️ Action 7 sans effet (état identique)
2026-06-12 03:05:44 | INFO | 
--- Action 198/200 ---
2026-06-12 03:05:44 | INFO | État: GameState.NOT_FINISHED
2026-06-12 03:05:44 | INFO | Niveaux complétés: 0/9
2026-06-12 03:05:44 | INFO | ✅ Grille extraite: shape=(64, 64), unique_colors=6
2026-06-12 03:05:44 | INFO | 🧠 Features: densité=0.983, sym_h=0.949, sym_v=0.644, clusters=6
2026-06-12 03:05:44 | INFO | 🎯 Action choisie: 6
2026-06-12 03:05:44 | INFO | 📥 Résultat: GameState.NOT_FINISHED
2026-06-12 03:05:44 | WARNING | ⚠️ Action 6 sans effet (état identique)
2026-06-12 03:05:44 | INFO | 
--- Action 199/200 ---
2026-06-12 03:05:44 | INFO | État: GameState.NOT_FINISHED
2026-06-12 03:05:44 | INFO | Niveaux complétés: 0/9
2026-06-12 03:05:44 | INFO | ✅ Grille extraite: shape=(64, 64), unique_colors=6
2026-06-12 03:05:44 | INFO | 🧠 Features: densité=0.983, sym_h=0.949, sym_v=0.644, clusters=6
2026-06-12 03:05:44 | INFO | 🎯 Action choisie: 6
2026-06-12 03:05:44 | INFO | 📥 Résultat: GameState.NOT_FINISHED
2026-06-12 03:05:44 | WARNING | ⚠️ Action 6 sans effet (état identique)
2026-06-12 03:05:44 | INFO | 
--- Action 200/200 ---
2026-06-12 03:05:44 | INFO | État: GameState.NOT_FINISHED
2026-06-12 03:05:44 | INFO | Niveaux complétés: 0/9
2026-06-12 03:05:44 | INFO | ✅ Grille extraite: shape=(64, 64), unique_colors=6
2026-06-12 03:05:44 | INFO | 🧠 Features: densité=0.983, sym_h=0.949, sym_v=0.644, clusters=6
2026-06-12 03:05:44 | INFO | 🎯 Action choisie: 7
2026-06-12 03:05:44 | INFO | 📥 Résultat: GameState.NOT_FINISHED
2026-06-12 03:05:44 | WARNING | ⚠️ Action 7 sans effet (état identique)
2026-06-12 03:05:44 | INFO | 💾 Logs forensiques sauvegardés dans: /home/lvx/LVX/lumvorax2/src/MAGEN/logs/forensic/v2_intelligent/su15_1944f8ab
2026-06-12 03:05:44 | INFO | 
======================================================================
2026-06-12 03:05:44 | INFO | ✅ JEU TERMINÉ: su15-1944f8ab
2026-06-12 03:05:44 | INFO |    Succès: False
2026-06-12 03:05:44 | INFO |    Niveaux: 0/9
2026-06-12 03:05:44 | INFO |    Actions: 200
2026-06-12 03:05:44 | INFO |    Durée: 9.58s
2026-06-12 03:05:44 | INFO | ======================================================================
🎮 Test 6/10: su15-1944f:  60%|██████    | 6/10 [00:34<00:24,  6.20s/jeu]🎮 Test 7/10: r11l-495a7:  60%|██████    | 6/10 [00:34<00:24,  6.20s/jeu]2026-06-12 03:05:44 | INFO | 
======================================================================
2026-06-12 03:05:44 | INFO | 🎮 DÉMARRAGE JEU: r11l-495a7899
2026-06-12 03:05:44 | INFO | ======================================================================
2026-06-12 03:05:44 | INFO | 🔐 Forensic logging activé: /home/lvx/LVX/lumvorax2/src/MAGEN/logs/forensic/v2_intelligent/r11l_495a7899
2026-06-12 03:05:44 | INFO | 📦 Création environnement via Arcade.make('r11l-495a7899')...

[ARC Agent V2] 🧠 Exploitation: action 7
[ARC Agent V2] 🎲 Exploration: action 6
[ARC Agent V2] 🎲 Exploration: action 6
[ARC Agent V2] 🎲 Exploration: action 7
[ARC Agent V2] 🎲 Exploration: action 6
[ARC Agent V2] 🧠 Exploitation: action 6
[ARC Agent V2] 🧠 Exploitation: action 7
[ARC Agent V2] ✗ Échec. Exploration rate augmenté à 0.500
[SimpleLogger] Logger initialisé: /home/lvx/LVX/lumvorax2/src/MAGEN/logs/forensic/v2_intelligent/r11l_495a7899
INFO:arc_agi.scorecard:Initialized ScorecardManager with idle_for=0:15:00 and max_open_for=3 days, 0:00:00
2026-06-12 03:05:44 | INFO | Got anonymous API key: 941d76b2-e785-47bf-904a-93b08f5c0ff2
2026-06-12 03:05:44 | INFO | Got anonymous API key: 941d76b2-e785-47bf-904a-93b08f5c0ff2
2026-06-12 03:05:44 | INFO | You can register for an API key at https://three.arcprize.org
2026-06-12 03:05:44 | INFO | You can register for an API key at https://three.arcprize.org
2026-06-12 03:05:45 | INFO | Successfully fetched 25 environment(s) from API
2026-06-12 03:05:45 | INFO | Successfully fetched 25 environment(s) from API
2026-06-12 03:05:45 | INFO | Created new scorecard: 751ec3a3-18fb-46df-ade7-05163eaa0c5b
2026-06-12 03:05:45 | INFO | Created new scorecard: 751ec3a3-18fb-46df-ade7-05163eaa0c5b
2026-06-12 03:05:45 | INFO | Successfully fetched metadata for game r11l
2026-06-12 03:05:45 | INFO | Successfully fetched metadata for game r11l
2026-06-12 03:05:45 | INFO | Successfully downloaded game r11l (version: 495a7899) to environment_files/r11l/495a7899
2026-06-12 03:05:45 | INFO | Successfully downloaded game r11l (version: 495a7899) to environment_files/r11l/495a7899
2026-06-12 03:05:46 | INFO | Successfully loaded game class R11l from environment_files/r11l/495a7899/r11l.py
2026-06-12 03:05:46 | INFO | Successfully loaded game class R11l from environment_files/r11l/495a7899/r11l.py
2026-06-12 03:05:46 | INFO | ✅ Environnement créé: <class 'arc_agi.local_wrapper.LocalEnvironmentWrapper'>
2026-06-12 03:05:46 | INFO | 📊 État initial:
2026-06-12 03:05:46 | INFO |    game_id: r11l-495a7899
2026-06-12 03:05:46 | INFO |    state: GameState.NOT_FINISHED
2026-06-12 03:05:46 | INFO |    levels_completed: 0/6
2026-06-12 03:05:46 | INFO |    available_actions: [6]
2026-06-12 03:05:46 | INFO | 
--- Action 1/200 ---
2026-06-12 03:05:46 | INFO | État: GameState.NOT_FINISHED
2026-06-12 03:05:46 | INFO | Niveaux complétés: 0/6
2026-06-12 03:05:46 | INFO | ✅ Grille extraite: shape=(64, 64), unique_colors=7
2026-06-12 03:05:46 | INFO | 🧠 Features: densité=0.981, sym_h=0.793, sym_v=0.866, clusters=10
2026-06-12 03:05:46 | INFO | 🎯 Action choisie: 6
2026-06-12 03:05:46 | INFO | 📥 Résultat: GameState.NOT_FINISHED
2026-06-12 03:05:46 | INFO | 
--- Action 2/200 ---
2026-06-12 03:05:46 | INFO | État: GameState.NOT_FINISHED
2026-06-12 03:05:46 | INFO | Niveaux complétés: 0/6
2026-06-12 03:05:46 | INFO | ✅ Grille extraite: shape=(64, 64), unique_colors=7
2026-06-12 03:05:46 | INFO | 🧠 Features: densité=0.982, sym_h=0.793, sym_v=0.865, clusters=10
2026-06-12 03:05:46 | INFO | 🎯 Action choisie: 6
2026-06-12 03:05:46 | INFO | 📥 Résultat: GameState.NOT_FINISHED
2026-06-12 03:05:46 | INFO | 
--- Action 3/200 ---
2026-06-12 03:05:46 | INFO | État: GameState.NOT_FINISHED
2026-06-12 03:05:46 | INFO | Niveaux complétés: 0/6
2026-06-12 03:05:46 | INFO | ✅ Grille extraite: shape=(64, 64), unique_colors=7
2026-06-12 03:05:46 | INFO | 🧠 Features: densité=0.982, sym_h=0.793, sym_v=0.865, clusters=11
2026-06-12 03:05:46 | INFO | 🎯 Action choisie: 6
2026-06-12 03:05:46 | INFO | 📥 Résultat: GameState.NOT_FINISHED
2026-06-12 03:05:46 | INFO | 
--- Action 4/200 ---
2026-06-12 03:05:46 | INFO | État: GameState.NOT_FINISHED
2026-06-12 03:05:46 | INFO | Niveaux complétés: 0/6
2026-06-12 03:05:46 | INFO | ✅ Grille extraite: shape=(64, 64), unique_colors=7
2026-06-12 03:05:46 | INFO | 🧠 Features: densité=0.982, sym_h=0.793, sym_v=0.864, clusters=11
2026-06-12 03:05:46 | INFO | 🎯 Action choisie: 6
2026-06-12 03:05:46 | INFO | 📥 Résultat: GameState.NOT_FINISHED
2026-06-12 03:05:46 | INFO | 
--- Action 5/200 ---
2026-06-12 03:05:46 | INFO | État: GameState.NOT_FINISHED
2026-06-12 03:05:46 | INFO | Niveaux complétés: 0/6
2026-06-12 03:05:46 | INFO | ✅ Grille extraite: shape=(64, 64), unique_colors=7
2026-06-12 03:05:46 | INFO | 🧠 Features: densité=0.982, sym_h=0.793, sym_v=0.864, clusters=11
2026-06-12 03:05:46 | INFO | 🎯 Action choisie: 6
2026-06-12 03:05:46 | INFO | 📥 Résultat: GameState.NOT_FINISHED
2026-06-12 03:05:46 | INFO | 
--- Action 6/200 ---
2026-06-12 03:05:46 | INFO | État: GameState.NOT_FINISHED
2026-06-12 03:05:46 | INFO | Niveaux complétés: 0/6
2026-06-12 03:05:46 | INFO | ✅ Grille extraite: shape=(64, 64), unique_colors=7
2026-06-12 03:05:46 | INFO | 🧠 Features: densité=0.983, sym_h=0.793, sym_v=0.863, clusters=11
2026-06-12 03:05:46 | INFO | 🎯 Action choisie: 6
2026-06-12 03:05:46 | INFO | 📥 Résultat: GameState.NOT_FINISHED
2026-06-12 03:05:46 | INFO | 
--- Action 7/200 ---
2026-06-12 03:05:46 | INFO | État: GameState.NOT_FINISHED
2026-06-12 03:05:46 | INFO | Niveaux complétés: 0/6
2026-06-12 03:05:46 | INFO | ✅ Grille extraite: shape=(64, 64), unique_colors=7
2026-06-12 03:05:46 | INFO | 🧠 Features: densité=0.983, sym_h=0.793, sym_v=0.863, clusters=11
2026-06-12 03:05:46 | INFO | 🎯 Action choisie: 6
2026-06-12 03:05:46 | INFO | 📥 Résultat: GameState.NOT_FINISHED
2026-06-12 03:05:46 | INFO | 
--- Action 8/200 ---
2026-06-12 03:05:46 | INFO | État: GameState.NOT_FINISHED
2026-06-12 03:05:46 | INFO | Niveaux complétés: 0/6
2026-06-12 03:05:46 | INFO | ✅ Grille extraite: shape=(64, 64), unique_colors=7
2026-06-12 03:05:46 | INFO | 🧠 Features: densité=0.983, sym_h=0.793, sym_v=0.862, clusters=11
2026-06-12 03:05:46 | INFO | 🎯 Action choisie: 6
2026-06-12 03:05:46 | INFO | 📥 Résultat: GameState.NOT_FINISHED
2026-06-12 03:05:46 | INFO | 
--- Action 9/200 ---
2026-06-12 03:05:46 | INFO | État: GameState.NOT_FINISHED
2026-06-12 03:05:46 | INFO | Niveaux complétés: 0/6
2026-06-12 03:05:46 | INFO | ✅ Grille extraite: shape=(64, 64), unique_colors=7
2026-06-12 03:05:46 | INFO | 🧠 Features: densité=0.984, sym_h=0.793, sym_v=0.861, clusters=11
2026-06-12 03:05:46 | INFO | 🎯 Action choisie: 6
2026-06-12 03:05:46 | INFO | 📥 Résultat: GameState.NOT_FINISHED
2026-06-12 03:05:46 | INFO | 
--- Action 10/200 ---
2026-06-12 03:05:46 | INFO | État: GameState.NOT_FINISHED
2026-06-12 03:05:46 | INFO | Niveaux complétés: 0/6
2026-06-12 03:05:46 | INFO | ✅ Grille extraite: shape=(64, 64), unique_colors=7
2026-06-12 03:05:46 | INFO | 🧠 Features: densité=0.984, sym_h=0.793, sym_v=0.861, clusters=11
2026-06-12 03:05:46 | INFO | 🎯 Action choisie: 6
2026-06-12 03:05:46 | INFO | 📥 Résultat: GameState.NOT_FINISHED
2026-06-12 03:05:46 | INFO | 
--- Action 11/200 ---
2026-06-12 03:05:46 | INFO | État: GameState.NOT_FINISHED
2026-06-12 03:05:46 | INFO | Niveaux complétés: 0/6
2026-06-12 03:05:46 | INFO | ✅ Grille extraite: shape=(64, 64), unique_colors=7
2026-06-12 03:05:46 | INFO | 🧠 Features: densité=0.984, sym_h=0.793, sym_v=0.860, clusters=10
2026-06-12 03:05:46 | INFO | 🎯 Action choisie: 6
2026-06-12 03:05:46 | INFO | 📥 Résultat: GameState.NOT_FINISHED
2026-06-12 03:05:46 | INFO | 
--- Action 12/200 ---
2026-06-12 03:05:46 | INFO | État: GameState.NOT_FINISHED
2026-06-12 03:05:46 | INFO | Niveaux complétés: 0/6
2026-06-12 03:05:46 | INFO | ✅ Grille extraite: shape=(64, 64), unique_colors=7
2026-06-12 03:05:46 | INFO | 🧠 Features: densité=0.984, sym_h=0.793, sym_v=0.860, clusters=10
2026-06-12 03:05:46 | INFO | 🎯 Action choisie: 6
2026-06-12 03:05:46 | INFO | 📥 Résultat: GameState.NOT_FINISHED
2026-06-12 03:05:46 | INFO | 
--- Action 13/200 ---
2026-06-12 03:05:46 | INFO | État: GameState.NOT_FINISHED
2026-06-12 03:05:46 | INFO | Niveaux complétés: 0/6
2026-06-12 03:05:46 | INFO | ✅ Grille extraite: shape=(64, 64), unique_colors=7
2026-06-12 03:05:46 | INFO | 🧠 Features: densité=0.985, sym_h=0.793, sym_v=0.859, clusters=10
2026-06-12 03:05:46 | INFO | 🎯 Action choisie: 6
2026-06-12 03:05:46 | INFO | 📥 Résultat: GameState.NOT_FINISHED
2026-06-12 03:05:46 | INFO | 
--- Action 14/200 ---
2026-06-12 03:05:46 | INFO | État: GameState.NOT_FINISHED
2026-06-12 03:05:46 | INFO | Niveaux complétés: 0/6
2026-06-12 03:05:46 | INFO | ✅ Grille extraite: shape=(64, 64), unique_colors=7
2026-06-12 03:05:46 | INFO | 🧠 Features: densité=0.985, sym_h=0.793, sym_v=0.859, clusters=10
2026-06-12 03:05:46 | INFO | 🎯 Action choisie: 6
2026-06-12 03:05:46 | INFO | 📥 Résultat: GameState.NOT_FINISHED
2026-06-12 03:05:46 | INFO | 
--- Action 15/200 ---
2026-06-12 03:05:46 | INFO | État: GameState.NOT_FINISHED
2026-06-12 03:05:46 | INFO | Niveaux complétés: 0/6
2026-06-12 03:05:46 | INFO | ✅ Grille extraite: shape=(64, 64), unique_colors=7
2026-06-12 03:05:46 | INFO | 🧠 Features: densité=0.985, sym_h=0.793, sym_v=0.858, clusters=10
2026-06-12 03:05:46 | INFO | 🎯 Action choisie: 6
2026-06-12 03:05:46 | INFO | 📥 Résultat: GameState.NOT_FINISHED
2026-06-12 03:05:46 | INFO | 
--- Action 16/200 ---
2026-06-12 03:05:46 | INFO | État: GameState.NOT_FINISHED
2026-06-12 03:05:46 | INFO | Niveaux complétés: 0/6
2026-06-12 03:05:46 | INFO | ✅ Grille extraite: shape=(64, 64), unique_colors=7
2026-06-12 03:05:46 | INFO | 🧠 Features: densité=0.985, sym_h=0.793, sym_v=0.858, clusters=10
2026-06-12 03:05:46 | INFO | 🎯 Action choisie: 6
2026-06-12 03:05:46 | INFO | 📥 Résultat: GameState.NOT_FINISHED
2026-06-12 03:05:46 | INFO | 
--- Action 17/200 ---
2026-06-12 03:05:46 | INFO | État: GameState.NOT_FINISHED
2026-06-12 03:05:46 | INFO | Niveaux complétés: 0/6
2026-06-12 03:05:46 | INFO | ✅ Grille extraite: shape=(64, 64), unique_colors=7
2026-06-12 03:05:46 | INFO | 🧠 Features: densité=0.986, sym_h=0.793, sym_v=0.857, clusters=10
2026-06-12 03:05:46 | INFO | 🎯 Action choisie: 6
2026-06-12 03:05:46 | INFO | 📥 Résultat: GameState.NOT_FINISHED
2026-06-12 03:05:46 | INFO | 
--- Action 18/200 ---
2026-06-12 03:05:46 | INFO | État: GameState.NOT_FINISHED
2026-06-12 03:05:46 | INFO | Niveaux complétés: 0/6
2026-06-12 03:05:46 | INFO | ✅ Grille extraite: shape=(64, 64), unique_colors=7
2026-06-12 03:05:46 | INFO | 🧠 Features: densité=0.986, sym_h=0.793, sym_v=0.857, clusters=10
2026-06-12 03:05:46 | INFO | 🎯 Action choisie: 6
2026-06-12 03:05:46 | INFO | 📥 Résultat: GameState.NOT_FINISHED
2026-06-12 03:05:46 | INFO | 
--- Action 19/200 ---
2026-06-12 03:05:46 | INFO | État: GameState.NOT_FINISHED
2026-06-12 03:05:46 | INFO | Niveaux complétés: 0/6
2026-06-12 03:05:46 | INFO | ✅ Grille extraite: shape=(64, 64), unique_colors=7
2026-06-12 03:05:46 | INFO | 🧠 Features: densité=0.986, sym_h=0.793, sym_v=0.856, clusters=10
2026-06-12 03:05:46 | INFO | 🎯 Action choisie: 6
2026-06-12 03:05:46 | INFO | 📥 Résultat: GameState.NOT_FINISHED
2026-06-12 03:05:46 | INFO | 
--- Action 20/200 ---
2026-06-12 03:05:46 | INFO | État: GameState.NOT_FINISHED
2026-06-12 03:05:46 | INFO | Niveaux complétés: 0/6
2026-06-12 03:05:46 | INFO | ✅ Grille extraite: shape=(64, 64), unique_colors=7
2026-06-12 03:05:46 | INFO | 🧠 Features: densité=0.986, sym_h=0.794, sym_v=0.856, clusters=10
2026-06-12 03:05:46 | INFO | 🎯 Action choisie: 6
2026-06-12 03:05:46 | INFO | 📥 Résultat: GameState.NOT_FINISHED
2026-06-12 03:05:46 | INFO | 
--- Action 21/200 ---
2026-06-12 03:05:46 | INFO | État: GameState.NOT_FINISHED
2026-06-12 03:05:46 | INFO | Niveaux complétés: 0/6
2026-06-12 03:05:46 | INFO | ✅ Grille extraite: shape=(64, 64), unique_colors=7
2026-06-12 03:05:46 | INFO | 🧠 Features: densité=0.987, sym_h=0.794, sym_v=0.855, clusters=10
2026-06-12 03:05:46 | INFO | 🎯 Action choisie: 6
2026-06-12 03:05:46 | INFO | 📥 Résultat: GameState.NOT_FINISHED
2026-06-12 03:05:46 | INFO | 
--- Action 22/200 ---
2026-06-12 03:05:46 | INFO | État: GameState.NOT_FINISHED
2026-06-12 03:05:46 | INFO | Niveaux complétés: 0/6
2026-06-12 03:05:46 | INFO | ✅ Grille extraite: shape=(64, 64), unique_colors=7
2026-06-12 03:05:46 | INFO | 🧠 Features: densité=0.987, sym_h=0.795, sym_v=0.855, clusters=10
2026-06-12 03:05:46 | INFO | 🎯 Action choisie: 6
2026-06-12 03:05:46 | INFO | 📥 Résultat: GameState.NOT_FINISHED
2026-06-12 03:05:46 | INFO | 
--- Action 23/200 ---
2026-06-12 03:05:46 | INFO | État: GameState.NOT_FINISHED
2026-06-12 03:05:46 | INFO | Niveaux complétés: 0/6
2026-06-12 03:05:46 | INFO | ✅ Grille extraite: shape=(64, 64), unique_colors=7
2026-06-12 03:05:46 | INFO | 🧠 Features: densité=0.987, sym_h=0.795, sym_v=0.854, clusters=10
2026-06-12 03:05:47 | INFO | 🎯 Action choisie: 6
2026-06-12 03:05:47 | INFO | 📥 Résultat: GameState.NOT_FINISHED
2026-06-12 03:05:47 | INFO | 
--- Action 24/200 ---
2026-06-12 03:05:47 | INFO | État: GameState.NOT_FINISHED
2026-06-12 03:05:47 | INFO | Niveaux complétés: 0/6
2026-06-12 03:05:47 | INFO | ✅ Grille extraite: shape=(64, 64), unique_colors=7
2026-06-12 03:05:47 | INFO | 🧠 Features: densité=0.988, sym_h=0.796, sym_v=0.854, clusters=10
2026-06-12 03:05:47 | INFO | 🎯 Action choisie: 6
2026-06-12 03:05:47 | INFO | 📥 Résultat: GameState.NOT_FINISHED
2026-06-12 03:05:47 | INFO | 
--- Action 25/200 ---
2026-06-12 03:05:47 | INFO | État: GameState.NOT_FINISHED
2026-06-12 03:05:47 | INFO | Niveaux complétés: 0/6
2026-06-12 03:05:47 | INFO | ✅ Grille extraite: shape=(64, 64), unique_colors=7
2026-06-12 03:05:47 | INFO | 🧠 Features: densité=0.988, sym_h=0.797, sym_v=0.853, clusters=10
2026-06-12 03:05:47 | INFO | 🎯 Action choisie: 6
2026-06-12 03:05:47 | INFO | 📥 Résultat: GameState.NOT_FINISHED
2026-06-12 03:05:47 | INFO | 
--- Action 26/200 ---
2026-06-12 03:05:47 | INFO | État: GameState.NOT_FINISHED
2026-06-12 03:05:47 | INFO | Niveaux complétés: 0/6
2026-06-12 03:05:47 | INFO | ✅ Grille extraite: shape=(64, 64), unique_colors=7
2026-06-12 03:05:47 | INFO | 🧠 Features: densité=0.988, sym_h=0.797, sym_v=0.853, clusters=10
2026-06-12 03:05:47 | INFO | 🎯 Action choisie: 6
2026-06-12 03:05:47 | INFO | 📥 Résultat: GameState.NOT_FINISHED
2026-06-12 03:05:47 | INFO | 
--- Action 27/200 ---
2026-06-12 03:05:47 | INFO | État: GameState.NOT_FINISHED
2026-06-12 03:05:47 | INFO | Niveaux complétés: 0/6
2026-06-12 03:05:47 | INFO | ✅ Grille extraite: shape=(64, 64), unique_colors=7
2026-06-12 03:05:47 | INFO | 🧠 Features: densité=0.988, sym_h=0.798, sym_v=0.852, clusters=10
2026-06-12 03:05:47 | INFO | 🎯 Action choisie: 6
2026-06-12 03:05:47 | INFO | 📥 Résultat: GameState.NOT_FINISHED
2026-06-12 03:05:47 | INFO | 
--- Action 28/200 ---
2026-06-12 03:05:47 | INFO | État: GameState.NOT_FINISHED
2026-06-12 03:05:47 | INFO | Niveaux complétés: 0/6
2026-06-12 03:05:47 | INFO | ✅ Grille extraite: shape=(64, 64), unique_colors=7
2026-06-12 03:05:47 | INFO | 🧠 Features: densité=0.989, sym_h=0.798, sym_v=0.852, clusters=10
2026-06-12 03:05:47 | INFO | 🎯 Action choisie: 6
2026-06-12 03:05:47 | INFO | 📥 Résultat: GameState.NOT_FINISHED
2026-06-12 03:05:47 | INFO | 
--- Action 29/200 ---
2026-06-12 03:05:47 | INFO | État: GameState.NOT_FINISHED
2026-06-12 03:05:47 | INFO | Niveaux complétés: 0/6
2026-06-12 03:05:47 | INFO | ✅ Grille extraite: shape=(64, 64), unique_colors=7
2026-06-12 03:05:47 | INFO | 🧠 Features: densité=0.989, sym_h=0.799, sym_v=0.851, clusters=10
2026-06-12 03:05:47 | INFO | 🎯 Action choisie: 6
2026-06-12 03:05:47 | INFO | 📥 Résultat: GameState.NOT_FINISHED
2026-06-12 03:05:47 | INFO | 
--- Action 30/200 ---
2026-06-12 03:05:47 | INFO | État: GameState.NOT_FINISHED
2026-06-12 03:05:47 | INFO | Niveaux complétés: 0/6
2026-06-12 03:05:47 | INFO | ✅ Grille extraite: shape=(64, 64), unique_colors=7
2026-06-12 03:05:47 | INFO | 🧠 Features: densité=0.989, sym_h=0.799, sym_v=0.851, clusters=10
2026-06-12 03:05:47 | INFO | 🎯 Action choisie: 6
2026-06-12 03:05:47 | INFO | 📥 Résultat: GameState.NOT_FINISHED
2026-06-12 03:05:47 | INFO | 
--- Action 31/200 ---
2026-06-12 03:05:47 | INFO | État: GameState.NOT_FINISHED
2026-06-12 03:05:47 | INFO | Niveaux complétés: 0/6
2026-06-12 03:05:47 | INFO | ✅ Grille extraite: shape=(64, 64), unique_colors=7
2026-06-12 03:05:47 | INFO | 🧠 Features: densité=0.989, sym_h=0.800, sym_v=0.850, clusters=10
2026-06-12 03:05:47 | INFO | 🎯 Action choisie: 6
2026-06-12 03:05:47 | INFO | 📥 Résultat: GameState.NOT_FINISHED
2026-06-12 03:05:47 | INFO | 
--- Action 32/200 ---
2026-06-12 03:05:47 | INFO | État: GameState.NOT_FINISHED
2026-06-12 03:05:47 | INFO | Niveaux complétés: 0/6
2026-06-12 03:05:47 | INFO | ✅ Grille extraite: shape=(64, 64), unique_colors=7
2026-06-12 03:05:47 | INFO | 🧠 Features: densité=0.990, sym_h=0.800, sym_v=0.851, clusters=10
2026-06-12 03:05:47 | INFO | 🎯 Action choisie: 6
2026-06-12 03:05:47 | INFO | 📥 Résultat: GameState.NOT_FINISHED
2026-06-12 03:05:47 | INFO | 
--- Action 33/200 ---
2026-06-12 03:05:47 | INFO | État: GameState.NOT_FINISHED
2026-06-12 03:05:47 | INFO | Niveaux complétés: 0/6
2026-06-12 03:05:47 | INFO | ✅ Grille extraite: shape=(64, 64), unique_colors=7
2026-06-12 03:05:47 | INFO | 🧠 Features: densité=0.990, sym_h=0.801, sym_v=0.851, clusters=10
2026-06-12 03:05:47 | INFO | 🎯 Action choisie: 6
2026-06-12 03:05:47 | INFO | 📥 Résultat: GameState.NOT_FINISHED
2026-06-12 03:05:47 | INFO | 
--- Action 34/200 ---
2026-06-12 03:05:47 | INFO | État: GameState.NOT_FINISHED
2026-06-12 03:05:47 | INFO | Niveaux complétés: 0/6
2026-06-12 03:05:47 | INFO | ✅ Grille extraite: shape=(64, 64), unique_colors=7
2026-06-12 03:05:47 | INFO | 🧠 Features: densité=0.990, sym_h=0.801, sym_v=0.852, clusters=10
2026-06-12 03:05:47 | INFO | 🎯 Action choisie: 6
2026-06-12 03:05:47 | INFO | 📥 Résultat: GameState.NOT_FINISHED
2026-06-12 03:05:47 | INFO | 
--- Action 35/200 ---
2026-06-12 03:05:47 | INFO | État: GameState.NOT_FINISHED
2026-06-12 03:05:47 | INFO | Niveaux complétés: 0/6
2026-06-12 03:05:47 | INFO | ✅ Grille extraite: shape=(64, 64), unique_colors=7
2026-06-12 03:05:47 | INFO | 🧠 Features: densité=0.990, sym_h=0.802, sym_v=0.852, clusters=10
2026-06-12 03:05:47 | INFO | 🎯 Action choisie: 6
2026-06-12 03:05:47 | INFO | 📥 Résultat: GameState.NOT_FINISHED
2026-06-12 03:05:47 | INFO | 
--- Action 36/200 ---
2026-06-12 03:05:47 | INFO | État: GameState.NOT_FINISHED
2026-06-12 03:05:47 | INFO | Niveaux complétés: 0/6
2026-06-12 03:05:47 | INFO | ✅ Grille extraite: shape=(64, 64), unique_colors=7
2026-06-12 03:05:47 | INFO | 🧠 Features: densité=0.990, sym_h=0.802, sym_v=0.853, clusters=10
2026-06-12 03:05:47 | INFO | 🎯 Action choisie: 6
2026-06-12 03:05:47 | INFO | 📥 Résultat: GameState.NOT_FINISHED
2026-06-12 03:05:47 | INFO | 
--- Action 37/200 ---
2026-06-12 03:05:47 | INFO | État: GameState.NOT_FINISHED
2026-06-12 03:05:47 | INFO | Niveaux complétés: 0/6
2026-06-12 03:05:47 | INFO | ✅ Grille extraite: shape=(64, 64), unique_colors=7
2026-06-12 03:05:47 | INFO | 🧠 Features: densité=0.991, sym_h=0.803, sym_v=0.853, clusters=10
2026-06-12 03:05:47 | INFO | 🎯 Action choisie: 6
2026-06-12 03:05:47 | INFO | 📥 Résultat: GameState.NOT_FINISHED
2026-06-12 03:05:47 | INFO | 
--- Action 38/200 ---
2026-06-12 03:05:47 | INFO | État: GameState.NOT_FINISHED
2026-06-12 03:05:47 | INFO | Niveaux complétés: 0/6
2026-06-12 03:05:47 | INFO | ✅ Grille extraite: shape=(64, 64), unique_colors=7
2026-06-12 03:05:47 | INFO | 🧠 Features: densité=0.991, sym_h=0.803, sym_v=0.854, clusters=10
2026-06-12 03:05:47 | INFO | 🎯 Action choisie: 6
2026-06-12 03:05:47 | INFO | 📥 Résultat: GameState.NOT_FINISHED
2026-06-12 03:05:47 | INFO | 
--- Action 39/200 ---
2026-06-12 03:05:47 | INFO | État: GameState.NOT_FINISHED
2026-06-12 03:05:47 | INFO | Niveaux complétés: 0/6
2026-06-12 03:05:47 | INFO | ✅ Grille extraite: shape=(64, 64), unique_colors=7
2026-06-12 03:05:47 | INFO | 🧠 Features: densité=0.991, sym_h=0.804, sym_v=0.854, clusters=10
2026-06-12 03:05:47 | INFO | 🎯 Action choisie: 6
2026-06-12 03:05:47 | INFO | 📥 Résultat: GameState.NOT_FINISHED
2026-06-12 03:05:47 | INFO | 
--- Action 40/200 ---
2026-06-12 03:05:47 | INFO | État: GameState.NOT_FINISHED
2026-06-12 03:05:47 | INFO | Niveaux complétés: 0/6
2026-06-12 03:05:47 | INFO | ✅ Grille extraite: shape=(64, 64), unique_colors=7
2026-06-12 03:05:47 | INFO | 🧠 Features: densité=0.992, sym_h=0.805, sym_v=0.855, clusters=10
2026-06-12 03:05:47 | INFO | 🎯 Action choisie: 6
2026-06-12 03:05:47 | INFO | 📥 Résultat: GameState.NOT_FINISHED
2026-06-12 03:05:47 | INFO | 
--- Action 41/200 ---
2026-06-12 03:05:47 | INFO | État: GameState.NOT_FINISHED
2026-06-12 03:05:47 | INFO | Niveaux complétés: 0/6
2026-06-12 03:05:47 | INFO | ✅ Grille extraite: shape=(64, 64), unique_colors=7
2026-06-12 03:05:47 | INFO | 🧠 Features: densité=0.992, sym_h=0.805, sym_v=0.855, clusters=10
2026-06-12 03:05:47 | INFO | 🎯 Action choisie: 6
2026-06-12 03:05:47 | INFO | 📥 Résultat: GameState.NOT_FINISHED
2026-06-12 03:05:47 | INFO | 
--- Action 42/200 ---
2026-06-12 03:05:47 | INFO | État: GameState.NOT_FINISHED
2026-06-12 03:05:47 | INFO | Niveaux complétés: 0/6
2026-06-12 03:05:47 | INFO | ✅ Grille extraite: shape=(64, 64), unique_colors=7
2026-06-12 03:05:47 | INFO | 🧠 Features: densité=0.992, sym_h=0.806, sym_v=0.856, clusters=10
2026-06-12 03:05:47 | INFO | 🎯 Action choisie: 6
2026-06-12 03:05:47 | INFO | 📥 Résultat: GameState.NOT_FINISHED
2026-06-12 03:05:47 | INFO | 
--- Action 43/200 ---
2026-06-12 03:05:47 | INFO | État: GameState.NOT_FINISHED
2026-06-12 03:05:47 | INFO | Niveaux complétés: 0/6
2026-06-12 03:05:47 | INFO | ✅ Grille extraite: shape=(64, 64), unique_colors=7
2026-06-12 03:05:47 | INFO | 🧠 Features: densité=0.992, sym_h=0.806, sym_v=0.856, clusters=10
2026-06-12 03:05:47 | INFO | 🎯 Action choisie: 6
2026-06-12 03:05:47 | INFO | 📥 Résultat: GameState.NOT_FINISHED
2026-06-12 03:05:47 | INFO | 
--- Action 44/200 ---
2026-06-12 03:05:47 | INFO | État: GameState.NOT_FINISHED
2026-06-12 03:05:47 | INFO | Niveaux complétés: 0/6
2026-06-12 03:05:47 | INFO | ✅ Grille extraite: shape=(64, 64), unique_colors=7
2026-06-12 03:05:47 | INFO | 🧠 Features: densité=0.993, sym_h=0.807, sym_v=0.857, clusters=10
2026-06-12 03:05:47 | INFO | 🎯 Action choisie: 6
2026-06-12 03:05:47 | INFO | 📥 Résultat: GameState.NOT_FINISHED
2026-06-12 03:05:47 | INFO | 
--- Action 45/200 ---
2026-06-12 03:05:47 | INFO | État: GameState.NOT_FINISHED
2026-06-12 03:05:47 | INFO | Niveaux complétés: 0/6
2026-06-12 03:05:47 | INFO | ✅ Grille extraite: shape=(64, 64), unique_colors=7
2026-06-12 03:05:47 | INFO | 🧠 Features: densité=0.993, sym_h=0.807, sym_v=0.857, clusters=10
2026-06-12 03:05:47 | INFO | 🎯 Action choisie: 6
2026-06-12 03:05:47 | INFO | 📥 Résultat: GameState.NOT_FINISHED
2026-06-12 03:05:47 | INFO | 
--- Action 46/200 ---
2026-06-12 03:05:47 | INFO | État: GameState.NOT_FINISHED
2026-06-12 03:05:47 | INFO | Niveaux complétés: 0/6
2026-06-12 03:05:47 | INFO | ✅ Grille extraite: shape=(64, 64), unique_colors=7
2026-06-12 03:05:47 | INFO | 🧠 Features: densité=0.993, sym_h=0.808, sym_v=0.858, clusters=10
2026-06-12 03:05:47 | INFO | 🎯 Action choisie: 6
2026-06-12 03:05:47 | INFO | 📥 Résultat: GameState.NOT_FINISHED
2026-06-12 03:05:47 | INFO | 
--- Action 47/200 ---
2026-06-12 03:05:47 | INFO | État: GameState.NOT_FINISHED
2026-06-12 03:05:47 | INFO | Niveaux complétés: 0/6
2026-06-12 03:05:47 | INFO | ✅ Grille extraite: shape=(64, 64), unique_colors=7
2026-06-12 03:05:47 | INFO | 🧠 Features: densité=0.993, sym_h=0.808, sym_v=0.858, clusters=10
2026-06-12 03:05:47 | INFO | 🎯 Action choisie: 6
2026-06-12 03:05:47 | INFO | 📥 Résultat: GameState.NOT_FINISHED
2026-06-12 03:05:47 | INFO | 
--- Action 48/200 ---
2026-06-12 03:05:47 | INFO | État: GameState.NOT_FINISHED
2026-06-12 03:05:47 | INFO | Niveaux complétés: 0/6
2026-06-12 03:05:47 | INFO | ✅ Grille extraite: shape=(64, 64), unique_colors=7
2026-06-12 03:05:48 | INFO | 🧠 Features: densité=0.994, sym_h=0.808, sym_v=0.859, clusters=10
2026-06-12 03:05:48 | INFO | 🎯 Action choisie: 6
2026-06-12 03:05:48 | INFO | 📥 Résultat: GameState.NOT_FINISHED
2026-06-12 03:05:48 | INFO | 
--- Action 49/200 ---
2026-06-12 03:05:48 | INFO | État: GameState.NOT_FINISHED
2026-06-12 03:05:48 | INFO | Niveaux complétés: 0/6
2026-06-12 03:05:48 | INFO | ✅ Grille extraite: shape=(64, 64), unique_colors=7
2026-06-12 03:05:48 | INFO | 🧠 Features: densité=0.994, sym_h=0.808, sym_v=0.859, clusters=10
2026-06-12 03:05:48 | INFO | 🎯 Action choisie: 6
2026-06-12 03:05:48 | INFO | 📥 Résultat: GameState.NOT_FINISHED
2026-06-12 03:05:48 | INFO | 
--- Action 50/200 ---
2026-06-12 03:05:48 | INFO | État: GameState.NOT_FINISHED
2026-06-12 03:05:48 | INFO | Niveaux complétés: 0/6
2026-06-12 03:05:48 | INFO | ✅ Grille extraite: shape=(64, 64), unique_colors=7
2026-06-12 03:05:48 | INFO | 🧠 Features: densité=0.994, sym_h=0.808, sym_v=0.860, clusters=10
2026-06-12 03:05:48 | INFO | 🎯 Action choisie: 6
2026-06-12 03:05:48 | INFO | 📥 Résultat: GameState.NOT_FINISHED
2026-06-12 03:05:48 | INFO | 
--- Action 51/200 ---
2026-06-12 03:05:48 | INFO | État: GameState.NOT_FINISHED
2026-06-12 03:05:48 | INFO | Niveaux complétés: 0/6
2026-06-12 03:05:48 | INFO | ✅ Grille extraite: shape=(64, 64), unique_colors=7
2026-06-12 03:05:48 | INFO | 🧠 Features: densité=0.994, sym_h=0.808, sym_v=0.860, clusters=10
2026-06-12 03:05:48 | INFO | 🎯 Action choisie: 6
2026-06-12 03:05:48 | INFO | 📥 Résultat: GameState.NOT_FINISHED
2026-06-12 03:05:48 | INFO | 
--- Action 52/200 ---
2026-06-12 03:05:48 | INFO | État: GameState.NOT_FINISHED
2026-06-12 03:05:48 | INFO | Niveaux complétés: 0/6
2026-06-12 03:05:48 | INFO | ✅ Grille extraite: shape=(64, 64), unique_colors=7
2026-06-12 03:05:48 | INFO | 🧠 Features: densité=0.995, sym_h=0.808, sym_v=0.861, clusters=10
2026-06-12 03:05:48 | INFO | 🎯 Action choisie: 6
2026-06-12 03:05:48 | INFO | 📥 Résultat: GameState.NOT_FINISHED
2026-06-12 03:05:48 | INFO | 
--- Action 53/200 ---
2026-06-12 03:05:48 | INFO | État: GameState.NOT_FINISHED
2026-06-12 03:05:48 | INFO | Niveaux complétés: 0/6
2026-06-12 03:05:48 | INFO | ✅ Grille extraite: shape=(64, 64), unique_colors=7
2026-06-12 03:05:48 | INFO | 🧠 Features: densité=0.995, sym_h=0.808, sym_v=0.861, clusters=10
2026-06-12 03:05:48 | INFO | 🎯 Action choisie: 6
2026-06-12 03:05:48 | INFO | 📥 Résultat: GameState.NOT_FINISHED
2026-06-12 03:05:48 | INFO | 
--- Action 54/200 ---
2026-06-12 03:05:48 | INFO | État: GameState.NOT_FINISHED
2026-06-12 03:05:48 | INFO | Niveaux complétés: 0/6
2026-06-12 03:05:48 | INFO | ✅ Grille extraite: shape=(64, 64), unique_colors=7
2026-06-12 03:05:48 | INFO | 🧠 Features: densité=0.995, sym_h=0.808, sym_v=0.862, clusters=10
2026-06-12 03:05:48 | INFO | 🎯 Action choisie: 6
2026-06-12 03:05:48 | INFO | 📥 Résultat: GameState.NOT_FINISHED
2026-06-12 03:05:48 | INFO | 
--- Action 55/200 ---
2026-06-12 03:05:48 | INFO | État: GameState.NOT_FINISHED
2026-06-12 03:05:48 | INFO | Niveaux complétés: 0/6
2026-06-12 03:05:48 | INFO | ✅ Grille extraite: shape=(64, 64), unique_colors=7
2026-06-12 03:05:48 | INFO | 🧠 Features: densité=0.996, sym_h=0.808, sym_v=0.863, clusters=10
2026-06-12 03:05:48 | INFO | 🎯 Action choisie: 6
2026-06-12 03:05:48 | INFO | 📥 Résultat: GameState.NOT_FINISHED
2026-06-12 03:05:48 | INFO | 
--- Action 56/200 ---
2026-06-12 03:05:48 | INFO | État: GameState.NOT_FINISHED
2026-06-12 03:05:48 | INFO | Niveaux complétés: 0/6
2026-06-12 03:05:48 | INFO | ✅ Grille extraite: shape=(64, 64), unique_colors=7
2026-06-12 03:05:48 | INFO | 🧠 Features: densité=0.996, sym_h=0.808, sym_v=0.863, clusters=10
2026-06-12 03:05:48 | INFO | 🎯 Action choisie: 6
2026-06-12 03:05:48 | INFO | 📥 Résultat: GameState.NOT_FINISHED
2026-06-12 03:05:48 | INFO | 
--- Action 57/200 ---
2026-06-12 03:05:48 | INFO | État: GameState.NOT_FINISHED
2026-06-12 03:05:48 | INFO | Niveaux complétés: 0/6
2026-06-12 03:05:48 | INFO | ✅ Grille extraite: shape=(64, 64), unique_colors=7
2026-06-12 03:05:48 | INFO | 🧠 Features: densité=0.996, sym_h=0.808, sym_v=0.864, clusters=10
2026-06-12 03:05:48 | INFO | 🎯 Action choisie: 6
2026-06-12 03:05:48 | INFO | 📥 Résultat: GameState.NOT_FINISHED
2026-06-12 03:05:48 | INFO | 
--- Action 58/200 ---
2026-06-12 03:05:48 | INFO | État: GameState.NOT_FINISHED
2026-06-12 03:05:48 | INFO | Niveaux complétés: 0/6
2026-06-12 03:05:48 | INFO | ✅ Grille extraite: shape=(64, 64), unique_colors=7
2026-06-12 03:05:48 | INFO | 🧠 Features: densité=0.996, sym_h=0.808, sym_v=0.864, clusters=10
2026-06-12 03:05:48 | INFO | 🎯 Action choisie: 6
2026-06-12 03:05:48 | INFO | 📥 Résultat: GameState.NOT_FINISHED
2026-06-12 03:05:48 | INFO | 
--- Action 59/200 ---
2026-06-12 03:05:48 | INFO | État: GameState.NOT_FINISHED
2026-06-12 03:05:48 | INFO | Niveaux complétés: 0/6
2026-06-12 03:05:48 | INFO | ✅ Grille extraite: shape=(64, 64), unique_colors=7
2026-06-12 03:05:48 | INFO | 🧠 Features: densité=0.997, sym_h=0.808, sym_v=0.865, clusters=10
2026-06-12 03:05:48 | INFO | 🎯 Action choisie: 6
2026-06-12 03:05:48 | INFO | 📥 Résultat: GameState.NOT_FINISHED
2026-06-12 03:05:48 | INFO | 
--- Action 60/200 ---
2026-06-12 03:05:48 | INFO | État: GameState.NOT_FINISHED
2026-06-12 03:05:48 | INFO | Niveaux complétés: 0/6
2026-06-12 03:05:48 | INFO | ✅ Grille extraite: shape=(64, 64), unique_colors=7
2026-06-12 03:05:48 | INFO | 🧠 Features: densité=0.997, sym_h=0.808, sym_v=0.865, clusters=10
2026-06-12 03:05:48 | INFO | 🎯 Action choisie: 6
2026-06-12 03:05:48 | INFO | 📥 Résultat: GameState.GAME_OVER
2026-06-12 03:05:48 | INFO | 💾 Logs forensiques sauvegardés dans: /home/lvx/LVX/lumvorax2/src/MAGEN/logs/forensic/v2_intelligent/r11l_495a7899
2026-06-12 03:05:48 | INFO | 
======================================================================
2026-06-12 03:05:48 | INFO | ✅ JEU TERMINÉ: r11l-495a7899
2026-06-12 03:05:48 | INFO |    Succès: False
2026-06-12 03:05:48 | INFO |    Niveaux: 0/6
2026-06-12 03:05:48 | INFO |    Actions: 60
2026-06-12 03:05:48 | INFO |    Durée: 4.32s
2026-06-12 03:05:48 | INFO | ======================================================================
🎮 Test 7/10: r11l-495a7:  70%|███████   | 7/10 [00:38<00:16,  5.59s/jeu]🎮 Test 8/10: m0r0-492f8:  70%|███████   | 7/10 [00:38<00:16,  5.59s/jeu]2026-06-12 03:05:48 | INFO | 
======================================================================
2026-06-12 03:05:48 | INFO | 🎮 DÉMARRAGE JEU: m0r0-492f87ba
2026-06-12 03:05:48 | INFO | ======================================================================
2026-06-12 03:05:48 | INFO | 🔐 Forensic logging activé: /home/lvx/LVX/lumvorax2/src/MAGEN/logs/forensic/v2_intelligent/m0r0_492f87ba
2026-06-12 03:05:48 | INFO | 📦 Création environnement via Arcade.make('m0r0-492f87ba')...
[ARC Agent V2] 🎲 Exploration: action 6
[ARC Agent V2] 🧠 Exploitation: action 6
[ARC Agent V2] 🧠 Exploitation: action 6
[ARC Agent V2] 🧠 Exploitation: action 6
[ARC Agent V2] 🧠 Exploitation: action 6
[ARC Agent V2] 🧠 Exploitation: action 6
[ARC Agent V2] 🧠 Exploitation: action 6
[ARC Agent V2] 🧠 Exploitation: action 6
[ARC Agent V2] 🧠 Exploitation: action 6
[ARC Agent V2] 🧠 Exploitation: action 6
[ARC Agent V2] 🎲 Exploration: action 6
[ARC Agent V2] 🎲 Exploration: action 6
[ARC Agent V2] 🎲 Exploration: action 6
[ARC Agent V2] 🧠 Exploitation: action 6
[ARC Agent V2] 🎲 Exploration: action 6
[ARC Agent V2] 🧠 Exploitation: action 6
[ARC Agent V2] 🧠 Exploitation: action 6
[ARC Agent V2] 🧠 Exploitation: action 6
[ARC Agent V2] 🎲 Exploration: action 6
[ARC Agent V2] 🎲 Exploration: action 6
[ARC Agent V2] 🧠 Exploitation: action 6
[ARC Agent V2] 🧠 Exploitation: action 6
[ARC Agent V2] 🎲 Exploration: action 6
[ARC Agent V2] 🧠 Exploitation: action 6
[ARC Agent V2] 🎲 Exploration: action 6
[ARC Agent V2] 🎲 Exploration: action 6
[ARC Agent V2] 🧠 Exploitation: action 6
[ARC Agent V2] 🧠 Exploitation: action 6
[ARC Agent V2] 🎲 Exploration: action 6
[ARC Agent V2] 🎲 Exploration: action 6
[ARC Agent V2] 🎲 Exploration: action 6
[ARC Agent V2] 🧠 Exploitation: action 6
[ARC Agent V2] 🎲 Exploration: action 6
[ARC Agent V2] 🎲 Exploration: action 6
[ARC Agent V2] 🎲 Exploration: action 6
[ARC Agent V2] 🧠 Exploitation: action 6
[ARC Agent V2] 🎲 Exploration: action 6
[ARC Agent V2] 🧠 Exploitation: action 6
[ARC Agent V2] 🧠 Exploitation: action 6
[ARC Agent V2] 🧠 Exploitation: action 6
[ARC Agent V2] 🎲 Exploration: action 6
[ARC Agent V2] 🧠 Exploitation: action 6
[ARC Agent V2] 🎲 Exploration: action 6
[ARC Agent V2] 🧠 Exploitation: action 6
[ARC Agent V2] 🧠 Exploitation: action 6
[ARC Agent V2] 🧠 Exploitation: action 6
[ARC Agent V2] 🎲 Exploration: action 6
[ARC Agent V2] 🧠 Exploitation: action 6
[ARC Agent V2] 🧠 Exploitation: action 6
[ARC Agent V2] 🧠 Exploitation: action 6
[ARC Agent V2] 🎲 Exploration: action 6
[ARC Agent V2] 🧠 Exploitation: action 6
[ARC Agent V2] 🎲 Exploration: action 6
[ARC Agent V2] 🧠 Exploitation: action 6
[ARC Agent V2] 🎲 Exploration: action 6
[ARC Agent V2] 🧠 Exploitation: action 6
[ARC Agent V2] 🎲 Exploration: action 6
[ARC Agent V2] 🧠 Exploitation: action 6
[ARC Agent V2] 🎲 Exploration: action 6
[ARC Agent V2] 🎲 Exploration: action 6
[ARC Agent V2] ✗ Échec. Exploration rate augmenté à 0.500
[SimpleLogger] Logger initialisé: /home/lvx/LVX/lumvorax2/src/MAGEN/logs/forensic/v2_intelligent/m0r0_492f87ba
INFO:arc_agi.scorecard:Initialized ScorecardManager with idle_for=0:15:00 and max_open_for=3 days, 0:00:00
2026-06-12 03:05:49 | INFO | Got anonymous API key: 4e6e7756-ab6d-43cd-ad4e-0b6e1df09ab1
2026-06-12 03:05:49 | INFO | Got anonymous API key: 4e6e7756-ab6d-43cd-ad4e-0b6e1df09ab1
2026-06-12 03:05:49 | INFO | You can register for an API key at https://three.arcprize.org
2026-06-12 03:05:49 | INFO | You can register for an API key at https://three.arcprize.org
2026-06-12 03:05:49 | INFO | Successfully fetched 25 environment(s) from API
2026-06-12 03:05:49 | INFO | Successfully fetched 25 environment(s) from API
2026-06-12 03:05:49 | INFO | Created new scorecard: 2936eaea-168d-422f-91a9-4a2a67b5bb02
2026-06-12 03:05:49 | INFO | Created new scorecard: 2936eaea-168d-422f-91a9-4a2a67b5bb02
2026-06-12 03:05:49 | INFO | Successfully fetched metadata for game m0r0
2026-06-12 03:05:49 | INFO | Successfully fetched metadata for game m0r0
2026-06-12 03:05:49 | INFO | Successfully downloaded game m0r0 (version: 492f87ba) to environment_files/m0r0/492f87ba
2026-06-12 03:05:49 | INFO | Successfully downloaded game m0r0 (version: 492f87ba) to environment_files/m0r0/492f87ba
2026-06-12 03:05:49 | INFO | Successfully loaded game class M0r0 from environment_files/m0r0/492f87ba/m0r0.py
2026-06-12 03:05:49 | INFO | Successfully loaded game class M0r0 from environment_files/m0r0/492f87ba/m0r0.py
2026-06-12 03:05:50 | INFO | ✅ Environnement créé: <class 'arc_agi.local_wrapper.LocalEnvironmentWrapper'>
2026-06-12 03:05:50 | INFO | 📊 État initial:
2026-06-12 03:05:50 | INFO |    game_id: m0r0-492f87ba
2026-06-12 03:05:50 | INFO |    state: GameState.NOT_FINISHED
2026-06-12 03:05:50 | INFO |    levels_completed: 0/6
2026-06-12 03:05:50 | INFO |    available_actions: [1, 2, 3, 4, 5, 6]
2026-06-12 03:05:50 | INFO | 
--- Action 1/200 ---
2026-06-12 03:05:50 | INFO | État: GameState.NOT_FINISHED
2026-06-12 03:05:50 | INFO | Niveaux complétés: 0/6
2026-06-12 03:05:50 | INFO | ✅ Grille extraite: shape=(64, 64), unique_colors=4
2026-06-12 03:05:50 | INFO | 🧠 Features: densité=1.000, sym_h=0.307, sym_v=0.812, clusters=7
2026-06-12 03:05:50 | INFO | 🎯 Action choisie: 3
2026-06-12 03:05:50 | INFO | 📥 Résultat: GameState.NOT_FINISHED
2026-06-12 03:05:50 | INFO | 
--- Action 2/200 ---
2026-06-12 03:05:50 | INFO | État: GameState.NOT_FINISHED
2026-06-12 03:05:50 | INFO | Niveaux complétés: 0/6
2026-06-12 03:05:50 | INFO | ✅ Grille extraite: shape=(64, 64), unique_colors=4
2026-06-12 03:05:50 | INFO | 🧠 Features: densité=1.000, sym_h=0.307, sym_v=0.822, clusters=7
2026-06-12 03:05:50 | INFO | 🎯 Action choisie: 1
2026-06-12 03:05:50 | INFO | 📥 Résultat: GameState.NOT_FINISHED
2026-06-12 03:05:50 | INFO | 
--- Action 3/200 ---
2026-06-12 03:05:50 | INFO | État: GameState.NOT_FINISHED
2026-06-12 03:05:50 | INFO | Niveaux complétés: 0/6
2026-06-12 03:05:50 | INFO | ✅ Grille extraite: shape=(64, 64), unique_colors=5
2026-06-12 03:05:50 | INFO | 🧠 Features: densité=1.000, sym_h=0.306, sym_v=0.811, clusters=7
2026-06-12 03:05:50 | INFO | 🎯 Action choisie: 2
2026-06-12 03:05:50 | INFO | 📥 Résultat: GameState.NOT_FINISHED
2026-06-12 03:05:50 | INFO | 
--- Action 4/200 ---
2026-06-12 03:05:50 | INFO | État: GameState.NOT_FINISHED
2026-06-12 03:05:50 | INFO | Niveaux complétés: 0/6
2026-06-12 03:05:50 | INFO | ✅ Grille extraite: shape=(64, 64), unique_colors=5
2026-06-12 03:05:50 | INFO | 🧠 Features: densité=1.000, sym_h=0.306, sym_v=0.821, clusters=7
2026-06-12 03:05:50 | INFO | 🎯 Action choisie: 4
2026-06-12 03:05:50 | INFO | 📥 Résultat: GameState.NOT_FINISHED
2026-06-12 03:05:50 | INFO | 
--- Action 5/200 ---
2026-06-12 03:05:50 | INFO | État: GameState.NOT_FINISHED
2026-06-12 03:05:50 | INFO | Niveaux complétés: 0/6
2026-06-12 03:05:50 | INFO | ✅ Grille extraite: shape=(64, 64), unique_colors=5
2026-06-12 03:05:50 | INFO | 🧠 Features: densité=0.999, sym_h=0.305, sym_v=0.810, clusters=7
2026-06-12 03:05:50 | INFO | 🎯 Action choisie: 4
2026-06-12 03:05:50 | INFO | 📥 Résultat: GameState.NOT_FINISHED
2026-06-12 03:05:50 | INFO | 
--- Action 6/200 ---
2026-06-12 03:05:50 | INFO | État: GameState.NOT_FINISHED
2026-06-12 03:05:50 | INFO | Niveaux complétés: 0/6
2026-06-12 03:05:50 | INFO | ✅ Grille extraite: shape=(64, 64), unique_colors=5
2026-06-12 03:05:50 | INFO | 🧠 Features: densité=0.999, sym_h=0.308, sym_v=0.810, clusters=7
2026-06-12 03:05:50 | INFO | 🎯 Action choisie: 3
2026-06-12 03:05:50 | INFO | 📥 Résultat: GameState.NOT_FINISHED
2026-06-12 03:05:50 | INFO | 
--- Action 7/200 ---
2026-06-12 03:05:50 | INFO | État: GameState.NOT_FINISHED
2026-06-12 03:05:50 | INFO | Niveaux complétés: 0/6
2026-06-12 03:05:50 | INFO | ✅ Grille extraite: shape=(64, 64), unique_colors=5
2026-06-12 03:05:50 | INFO | 🧠 Features: densité=0.999, sym_h=0.304, sym_v=0.809, clusters=7
2026-06-12 03:05:50 | INFO | 🎯 Action choisie: 4
2026-06-12 03:05:50 | INFO | 📥 Résultat: GameState.NOT_FINISHED
2026-06-12 03:05:50 | INFO | 
--- Action 8/200 ---
2026-06-12 03:05:50 | INFO | État: GameState.NOT_FINISHED
2026-06-12 03:05:50 | INFO | Niveaux complétés: 0/6
2026-06-12 03:05:50 | INFO | ✅ Grille extraite: shape=(64, 64), unique_colors=5
2026-06-12 03:05:50 | INFO | 🧠 Features: densité=0.999, sym_h=0.307, sym_v=0.809, clusters=7
2026-06-12 03:05:50 | INFO | 🎯 Action choisie: 4
2026-06-12 03:05:50 | INFO | 📥 Résultat: GameState.NOT_FINISHED
2026-06-12 03:05:50 | WARNING | ⚠️ Action 4 sans effet (état identique)
2026-06-12 03:05:50 | INFO | 
--- Action 9/200 ---
2026-06-12 03:05:50 | INFO | État: GameState.NOT_FINISHED
2026-06-12 03:05:50 | INFO | Niveaux complétés: 0/6
2026-06-12 03:05:50 | INFO | ✅ Grille extraite: shape=(64, 64), unique_colors=5
2026-06-12 03:05:50 | INFO | 🧠 Features: densité=0.999, sym_h=0.307, sym_v=0.809, clusters=7
2026-06-12 03:05:50 | INFO | 🎯 Action choisie: 3
2026-06-12 03:05:50 | INFO | 📥 Résultat: GameState.NOT_FINISHED
2026-06-12 03:05:50 | INFO | 
--- Action 10/200 ---
2026-06-12 03:05:50 | INFO | État: GameState.NOT_FINISHED
2026-06-12 03:05:50 | INFO | Niveaux complétés: 0/6
2026-06-12 03:05:50 | INFO | ✅ Grille extraite: shape=(64, 64), unique_colors=5
2026-06-12 03:05:50 | INFO | 🧠 Features: densité=0.998, sym_h=0.303, sym_v=0.808, clusters=7
2026-06-12 03:05:50 | INFO | 🎯 Action choisie: 1
2026-06-12 03:05:50 | INFO | 📥 Résultat: GameState.NOT_FINISHED
2026-06-12 03:05:50 | INFO | 
--- Action 11/200 ---
2026-06-12 03:05:50 | INFO | État: GameState.NOT_FINISHED
2026-06-12 03:05:50 | INFO | Niveaux complétés: 0/6
2026-06-12 03:05:50 | INFO | ✅ Grille extraite: shape=(64, 64), unique_colors=5
2026-06-12 03:05:50 | INFO | 🧠 Features: densité=0.998, sym_h=0.303, sym_v=0.808, clusters=7
2026-06-12 03:05:50 | INFO | 🎯 Action choisie: 4
2026-06-12 03:05:50 | INFO | 📥 Résultat: GameState.NOT_FINISHED
2026-06-12 03:05:50 | INFO | 
--- Action 12/200 ---
2026-06-12 03:05:50 | INFO | État: GameState.NOT_FINISHED
2026-06-12 03:05:50 | INFO | Niveaux complétés: 0/6
2026-06-12 03:05:50 | INFO | ✅ Grille extraite: shape=(64, 64), unique_colors=5
2026-06-12 03:05:50 | INFO | 🧠 Features: densité=0.998, sym_h=0.305, sym_v=0.812, clusters=7
2026-06-12 03:05:50 | INFO | 🎯 Action choisie: 3
2026-06-12 03:05:50 | INFO | 📥 Résultat: GameState.NOT_FINISHED
2026-06-12 03:05:50 | INFO | 
--- Action 13/200 ---
2026-06-12 03:05:50 | INFO | État: GameState.NOT_FINISHED
2026-06-12 03:05:50 | INFO | Niveaux complétés: 0/6
2026-06-12 03:05:50 | INFO | ✅ Grille extraite: shape=(64, 64), unique_colors=5
2026-06-12 03:05:50 | INFO | 🧠 Features: densité=0.998, sym_h=0.302, sym_v=0.807, clusters=7
2026-06-12 03:05:50 | INFO | 🎯 Action choisie: 2
2026-06-12 03:05:50 | INFO | 📥 Résultat: GameState.NOT_FINISHED
2026-06-12 03:05:50 | INFO | 
--- Action 14/200 ---
2026-06-12 03:05:50 | INFO | État: GameState.NOT_FINISHED
2026-06-12 03:05:50 | INFO | Niveaux complétés: 0/6
2026-06-12 03:05:50 | INFO | ✅ Grille extraite: shape=(64, 64), unique_colors=5
2026-06-12 03:05:50 | INFO | 🧠 Features: densité=0.997, sym_h=0.301, sym_v=0.806, clusters=7
2026-06-12 03:05:50 | INFO | 🎯 Action choisie: 2
2026-06-12 03:05:50 | INFO | 📥 Résultat: GameState.NOT_FINISHED
2026-06-12 03:05:50 | INFO | 
--- Action 15/200 ---
2026-06-12 03:05:50 | INFO | État: GameState.NOT_FINISHED
2026-06-12 03:05:50 | INFO | Niveaux complétés: 0/6
2026-06-12 03:05:50 | INFO | ✅ Grille extraite: shape=(64, 64), unique_colors=5
2026-06-12 03:05:50 | INFO | 🧠 Features: densité=0.997, sym_h=0.301, sym_v=0.826, clusters=7
2026-06-12 03:05:50 | INFO | 🎯 Action choisie: 1
2026-06-12 03:05:50 | INFO | 📥 Résultat: GameState.NOT_FINISHED
2026-06-12 03:05:50 | INFO | 
--- Action 16/200 ---
2026-06-12 03:05:50 | INFO | État: GameState.NOT_FINISHED
2026-06-12 03:05:50 | INFO | Niveaux complétés: 0/6
2026-06-12 03:05:50 | INFO | ✅ Grille extraite: shape=(64, 64), unique_colors=5
2026-06-12 03:05:50 | INFO | 🧠 Features: densité=0.997, sym_h=0.301, sym_v=0.806, clusters=7
2026-06-12 03:05:50 | INFO | 🎯 Action choisie: 2
2026-06-12 03:05:50 | INFO | 📥 Résultat: GameState.NOT_FINISHED
2026-06-12 03:05:50 | INFO | 
--- Action 17/200 ---
2026-06-12 03:05:50 | INFO | État: GameState.NOT_FINISHED
2026-06-12 03:05:50 | INFO | Niveaux complétés: 0/6
2026-06-12 03:05:50 | INFO | ✅ Grille extraite: shape=(64, 64), unique_colors=5
2026-06-12 03:05:50 | INFO | 🧠 Features: densité=0.997, sym_h=0.300, sym_v=0.825, clusters=7
2026-06-12 03:05:50 | INFO | 🎯 Action choisie: 3
2026-06-12 03:05:50 | INFO | 📥 Résultat: GameState.NOT_FINISHED
2026-06-12 03:05:50 | INFO | 
--- Action 18/200 ---
2026-06-12 03:05:50 | INFO | État: GameState.NOT_FINISHED
2026-06-12 03:05:50 | INFO | Niveaux complétés: 0/6
2026-06-12 03:05:50 | INFO | ✅ Grille extraite: shape=(64, 64), unique_colors=5
2026-06-12 03:05:50 | INFO | 🧠 Features: densité=0.997, sym_h=0.303, sym_v=0.827, clusters=7
2026-06-12 03:05:50 | INFO | 🎯 Action choisie: 4
2026-06-12 03:05:50 | INFO | 📥 Résultat: GameState.NOT_FINISHED
2026-06-12 03:05:50 | INFO | 
--- Action 19/200 ---
2026-06-12 03:05:50 | INFO | État: GameState.NOT_FINISHED
2026-06-12 03:05:50 | INFO | Niveaux complétés: 0/6
2026-06-12 03:05:50 | INFO | ✅ Grille extraite: shape=(64, 64), unique_colors=5
2026-06-12 03:05:50 | INFO | 🧠 Features: densité=0.996, sym_h=0.299, sym_v=0.824, clusters=7
2026-06-12 03:05:50 | INFO | 🎯 Action choisie: 4
2026-06-12 03:05:50 | INFO | 📥 Résultat: GameState.NOT_FINISHED
2026-06-12 03:05:50 | INFO | 
--- Action 20/200 ---
2026-06-12 03:05:50 | INFO | État: GameState.NOT_FINISHED
2026-06-12 03:05:50 | INFO | Niveaux complétés: 0/6
2026-06-12 03:05:50 | INFO | ✅ Grille extraite: shape=(64, 64), unique_colors=5
2026-06-12 03:05:50 | INFO | 🧠 Features: densité=0.996, sym_h=0.302, sym_v=0.824, clusters=7
2026-06-12 03:05:50 | INFO | 🎯 Action choisie: 5
2026-06-12 03:05:50 | INFO | 📥 Résultat: GameState.NOT_FINISHED
2026-06-12 03:05:50 | INFO | 
--- Action 21/200 ---
2026-06-12 03:05:50 | INFO | État: GameState.NOT_FINISHED
2026-06-12 03:05:50 | INFO | Niveaux complétés: 0/6
2026-06-12 03:05:50 | INFO | ✅ Grille extraite: shape=(64, 64), unique_colors=5
2026-06-12 03:05:50 | INFO | 🧠 Features: densité=0.996, sym_h=0.301, sym_v=0.823, clusters=7
2026-06-12 03:05:50 | INFO | 🎯 Action choisie: 1
2026-06-12 03:05:50 | INFO | 📥 Résultat: GameState.NOT_FINISHED
2026-06-12 03:05:50 | INFO | 
--- Action 22/200 ---
2026-06-12 03:05:50 | INFO | État: GameState.NOT_FINISHED
2026-06-12 03:05:50 | INFO | Niveaux complétés: 0/6
2026-06-12 03:05:50 | INFO | ✅ Grille extraite: shape=(64, 64), unique_colors=5
2026-06-12 03:05:50 | INFO | 🧠 Features: densité=0.996, sym_h=0.301, sym_v=0.803, clusters=7
2026-06-12 03:05:50 | INFO | 🎯 Action choisie: 3
2026-06-12 03:05:50 | INFO | 📥 Résultat: GameState.NOT_FINISHED
2026-06-12 03:05:50 | INFO | 
--- Action 23/200 ---
2026-06-12 03:05:50 | INFO | État: GameState.NOT_FINISHED
2026-06-12 03:05:50 | INFO | Niveaux complétés: 0/6
2026-06-12 03:05:50 | INFO | ✅ Grille extraite: shape=(64, 64), unique_colors=5
2026-06-12 03:05:51 | INFO | 🧠 Features: densité=0.996, sym_h=0.298, sym_v=0.803, clusters=7
2026-06-12 03:05:51 | INFO | 🎯 Action choisie: 6
2026-06-12 03:05:51 | ERROR | ❌ ERREUR lors de l'action 6: 'int' object has no attribute 'name'
2026-06-12 03:05:51 | ERROR |    Type: AttributeError
2026-06-12 03:05:51 | ERROR |    Jeu probablement buggé, on continue...
2026-06-12 03:05:51 | INFO | 💾 Logs forensiques sauvegardés dans: /home/lvx/LVX/lumvorax2/src/MAGEN/logs/forensic/v2_intelligent/m0r0_492f87ba
2026-06-12 03:05:51 | INFO | 
======================================================================
2026-06-12 03:05:51 | INFO | ✅ JEU TERMINÉ: m0r0-492f87ba
2026-06-12 03:05:51 | INFO |    Succès: False
2026-06-12 03:05:51 | INFO |    Niveaux: 0/6
2026-06-12 03:05:51 | INFO |    Actions: 22
2026-06-12 03:05:51 | INFO |    Durée: 2.27s
2026-06-12 03:05:51 | INFO | ======================================================================
🎮 Test 8/10: m0r0-492f8:  80%|████████  | 8/10 [00:40<00:09,  4.53s/jeu]🎮 Test 9/10: sc25-635fd:  80%|████████  | 8/10 [00:40<00:09,  4.53s/jeu]2026-06-12 03:05:51 | INFO | 
======================================================================
2026-06-12 03:05:51 | INFO | 🎮 DÉMARRAGE JEU: sc25-635fd71a
2026-06-12 03:05:51 | INFO | ======================================================================
2026-06-12 03:05:51 | INFO | 🔐 Forensic logging activé: /home/lvx/LVX/lumvorax2/src/MAGEN/logs/forensic/v2_intelligent/sc25_635fd71a
2026-06-12 03:05:51 | INFO | 📦 Création environnement via Arcade.make('sc25-635fd71a')...
[ARC Agent V2] 🎲 Exploration: action 3
[ARC Agent V2] 🎲 Exploration: action 1
[ARC Agent V2] 🧠 Exploitation: action 2
[ARC Agent V2] 🎲 Exploration: action 4
[ARC Agent V2] 🎲 Exploration: action 4
[ARC Agent V2] 🧠 Exploitation: action 3
[ARC Agent V2] 🎲 Exploration: action 4
[ARC Agent V2] 🧠 Exploitation: action 4
[ARC Agent V2] 🧠 Exploitation: action 3
[ARC Agent V2] 🧠 Exploitation: action 1
[ARC Agent V2] 🧠 Exploitation: action 4
[ARC Agent V2] 🎲 Exploration: action 3
[ARC Agent V2] 🎲 Exploration: action 2
[ARC Agent V2] 🎲 Exploration: action 2
[ARC Agent V2] 🧠 Exploitation: action 1
[ARC Agent V2] 🎲 Exploration: action 2
[ARC Agent V2] 🧠 Exploitation: action 3
[ARC Agent V2] 🧠 Exploitation: action 4
[ARC Agent V2] 🎲 Exploration: action 4
[ARC Agent V2] 🧠 Exploitation: action 5
[ARC Agent V2] 🎲 Exploration: action 1
[ARC Agent V2] 🧠 Exploitation: action 3
[ARC Agent V2] 🧠 Exploitation: action 6
[ARC Agent V2] ✗ Échec. Exploration rate augmenté à 0.500
[SimpleLogger] Logger initialisé: /home/lvx/LVX/lumvorax2/src/MAGEN/logs/forensic/v2_intelligent/sc25_635fd71a
INFO:arc_agi.scorecard:Initialized ScorecardManager with idle_for=0:15:00 and max_open_for=3 days, 0:00:00
2026-06-12 03:05:51 | INFO | Got anonymous API key: d943c92a-8ad2-45e0-9048-21d206c99486
2026-06-12 03:05:51 | INFO | Got anonymous API key: d943c92a-8ad2-45e0-9048-21d206c99486
2026-06-12 03:05:51 | INFO | You can register for an API key at https://three.arcprize.org
2026-06-12 03:05:51 | INFO | You can register for an API key at https://three.arcprize.org
2026-06-12 03:05:51 | INFO | Successfully fetched 25 environment(s) from API
2026-06-12 03:05:51 | INFO | Successfully fetched 25 environment(s) from API
2026-06-12 03:05:51 | INFO | Created new scorecard: ff514572-ef43-4acc-97a2-0877d3bb08ca
2026-06-12 03:05:51 | INFO | Created new scorecard: ff514572-ef43-4acc-97a2-0877d3bb08ca
2026-06-12 03:05:51 | INFO | Successfully fetched metadata for game sc25
2026-06-12 03:05:51 | INFO | Successfully fetched metadata for game sc25
2026-06-12 03:05:52 | INFO | Successfully downloaded game sc25 (version: 635fd71a) to environment_files/sc25/635fd71a
2026-06-12 03:05:52 | INFO | Successfully downloaded game sc25 (version: 635fd71a) to environment_files/sc25/635fd71a
2026-06-12 03:05:53 | INFO | Successfully loaded game class Sc25 from environment_files/sc25/635fd71a/sc25.py
2026-06-12 03:05:53 | INFO | Successfully loaded game class Sc25 from environment_files/sc25/635fd71a/sc25.py
2026-06-12 03:05:53 | INFO | ✅ Environnement créé: <class 'arc_agi.local_wrapper.LocalEnvironmentWrapper'>
2026-06-12 03:05:53 | INFO | 📊 État initial:
2026-06-12 03:05:53 | INFO |    game_id: sc25-635fd71a
2026-06-12 03:05:53 | INFO |    state: GameState.NOT_FINISHED
2026-06-12 03:05:53 | INFO |    levels_completed: 0/6
2026-06-12 03:05:53 | INFO |    available_actions: [1, 2, 3, 4, 6]
2026-06-12 03:05:53 | INFO | 
--- Action 1/200 ---
2026-06-12 03:05:53 | INFO | État: GameState.NOT_FINISHED
2026-06-12 03:05:53 | INFO | Niveaux complétés: 0/6
2026-06-12 03:05:53 | INFO | ✅ Grille extraite: shape=(64, 64), unique_colors=8
2026-06-12 03:05:53 | INFO | 🧠 Features: densité=0.991, sym_h=0.807, sym_v=0.750, clusters=19
2026-06-12 03:05:53 | INFO | 🎯 Action choisie: 2
2026-06-12 03:05:53 | INFO | 📥 Résultat: GameState.NOT_FINISHED
2026-06-12 03:05:53 | WARNING | ⚠️ Action 2 sans effet (état identique)
2026-06-12 03:05:53 | INFO | 
--- Action 2/200 ---
2026-06-12 03:05:53 | INFO | État: GameState.NOT_FINISHED
2026-06-12 03:05:53 | INFO | Niveaux complétés: 0/6
2026-06-12 03:05:53 | INFO | ✅ Grille extraite: shape=(64, 64), unique_colors=8
2026-06-12 03:05:53 | INFO | 🧠 Features: densité=0.991, sym_h=0.807, sym_v=0.750, clusters=19
2026-06-12 03:05:53 | INFO | 🎯 Action choisie: 2
2026-06-12 03:05:53 | INFO | 📥 Résultat: GameState.NOT_FINISHED
2026-06-12 03:05:53 | INFO | 
--- Action 3/200 ---
2026-06-12 03:05:53 | INFO | État: GameState.NOT_FINISHED
2026-06-12 03:05:53 | INFO | Niveaux complétés: 0/6
2026-06-12 03:05:53 | INFO | ✅ Grille extraite: shape=(64, 64), unique_colors=8
2026-06-12 03:05:53 | INFO | 🧠 Features: densité=0.991, sym_h=0.807, sym_v=0.750, clusters=19
2026-06-12 03:05:53 | INFO | 🎯 Action choisie: 4
2026-06-12 03:05:53 | INFO | 📥 Résultat: GameState.NOT_FINISHED
2026-06-12 03:05:53 | INFO | 
--- Action 4/200 ---
2026-06-12 03:05:53 | INFO | État: GameState.NOT_FINISHED
2026-06-12 03:05:53 | INFO | Niveaux complétés: 0/6
2026-06-12 03:05:53 | INFO | ✅ Grille extraite: shape=(64, 64), unique_colors=8
2026-06-12 03:05:53 | INFO | 🧠 Features: densité=0.990, sym_h=0.807, sym_v=0.749, clusters=19
2026-06-12 03:05:53 | INFO | 🎯 Action choisie: 6
2026-06-12 03:05:53 | INFO | 📥 Résultat: GameState.NOT_FINISHED
2026-06-12 03:05:53 | WARNING | ⚠️ Action 6 sans effet (état identique)
2026-06-12 03:05:53 | INFO | 
--- Action 5/200 ---
2026-06-12 03:05:53 | INFO | État: GameState.NOT_FINISHED
2026-06-12 03:05:53 | INFO | Niveaux complétés: 0/6
2026-06-12 03:05:53 | INFO | ✅ Grille extraite: shape=(64, 64), unique_colors=8
2026-06-12 03:05:53 | INFO | 🧠 Features: densité=0.990, sym_h=0.807, sym_v=0.749, clusters=19
2026-06-12 03:05:53 | INFO | 🎯 Action choisie: 6
2026-06-12 03:05:53 | INFO | 📥 Résultat: GameState.NOT_FINISHED
2026-06-12 03:05:53 | WARNING | ⚠️ Action 6 sans effet (état identique)
2026-06-12 03:05:53 | INFO | 
--- Action 6/200 ---
2026-06-12 03:05:53 | INFO | État: GameState.NOT_FINISHED
2026-06-12 03:05:53 | INFO | Niveaux complétés: 0/6
2026-06-12 03:05:53 | INFO | ✅ Grille extraite: shape=(64, 64), unique_colors=8
2026-06-12 03:05:53 | INFO | 🧠 Features: densité=0.990, sym_h=0.807, sym_v=0.749, clusters=19
2026-06-12 03:05:53 | INFO | 🎯 Action choisie: 3
2026-06-12 03:05:53 | INFO | 📥 Résultat: GameState.NOT_FINISHED
2026-06-12 03:05:53 | INFO | 
--- Action 7/200 ---
2026-06-12 03:05:53 | INFO | État: GameState.NOT_FINISHED
2026-06-12 03:05:53 | INFO | Niveaux complétés: 0/6
2026-06-12 03:05:53 | INFO | ✅ Grille extraite: shape=(64, 64), unique_colors=8
2026-06-12 03:05:53 | INFO | 🧠 Features: densité=0.990, sym_h=0.805, sym_v=0.749, clusters=20
2026-06-12 03:05:53 | INFO | 🎯 Action choisie: 3
2026-06-12 03:05:53 | INFO | 📥 Résultat: GameState.NOT_FINISHED
2026-06-12 03:05:53 | INFO | 
--- Action 8/200 ---
2026-06-12 03:05:53 | INFO | État: GameState.NOT_FINISHED
2026-06-12 03:05:53 | INFO | Niveaux complétés: 0/6
2026-06-12 03:05:53 | INFO | ✅ Grille extraite: shape=(64, 64), unique_colors=8
2026-06-12 03:05:53 | INFO | 🧠 Features: densité=0.989, sym_h=0.809, sym_v=0.747, clusters=20
2026-06-12 03:05:53 | INFO | 🎯 Action choisie: 6
2026-06-12 03:05:53 | INFO | 📥 Résultat: GameState.NOT_FINISHED
2026-06-12 03:05:53 | WARNING | ⚠️ Action 6 sans effet (état identique)
2026-06-12 03:05:53 | INFO | 
--- Action 9/200 ---
2026-06-12 03:05:53 | INFO | État: GameState.NOT_FINISHED
2026-06-12 03:05:53 | INFO | Niveaux complétés: 0/6
2026-06-12 03:05:53 | INFO | ✅ Grille extraite: shape=(64, 64), unique_colors=8
2026-06-12 03:05:53 | INFO | 🧠 Features: densité=0.989, sym_h=0.809, sym_v=0.747, clusters=20
2026-06-12 03:05:53 | INFO | 🎯 Action choisie: 2
2026-06-12 03:05:53 | INFO | 📥 Résultat: GameState.NOT_FINISHED
2026-06-12 03:05:53 | INFO | 
--- Action 10/200 ---
2026-06-12 03:05:53 | INFO | État: GameState.NOT_FINISHED
2026-06-12 03:05:53 | INFO | Niveaux complétés: 0/6
2026-06-12 03:05:53 | INFO | ✅ Grille extraite: shape=(64, 64), unique_colors=8
2026-06-12 03:05:53 | INFO | 🧠 Features: densité=0.988, sym_h=0.809, sym_v=0.745, clusters=20
2026-06-12 03:05:53 | INFO | 🎯 Action choisie: 3
2026-06-12 03:05:53 | INFO | 📥 Résultat: GameState.NOT_FINISHED
2026-06-12 03:05:53 | INFO | 
--- Action 11/200 ---
2026-06-12 03:05:53 | INFO | État: GameState.NOT_FINISHED
2026-06-12 03:05:53 | INFO | Niveaux complétés: 0/6
2026-06-12 03:05:53 | INFO | ✅ Grille extraite: shape=(64, 64), unique_colors=8
2026-06-12 03:05:53 | INFO | 🧠 Features: densité=0.988, sym_h=0.805, sym_v=0.745, clusters=20
2026-06-12 03:05:53 | INFO | 🎯 Action choisie: 3
2026-06-12 03:05:53 | INFO | 📥 Résultat: GameState.NOT_FINISHED
2026-06-12 03:05:53 | INFO | 
--- Action 12/200 ---
2026-06-12 03:05:53 | INFO | État: GameState.NOT_FINISHED
2026-06-12 03:05:53 | INFO | Niveaux complétés: 0/6
2026-06-12 03:05:53 | INFO | ✅ Grille extraite: shape=(64, 64), unique_colors=8
2026-06-12 03:05:53 | INFO | 🧠 Features: densité=0.987, sym_h=0.805, sym_v=0.743, clusters=20
2026-06-12 03:05:53 | INFO | 🎯 Action choisie: 6
2026-06-12 03:05:53 | INFO | 📥 Résultat: GameState.NOT_FINISHED
2026-06-12 03:05:53 | WARNING | ⚠️ Action 6 sans effet (état identique)
2026-06-12 03:05:53 | INFO | 
--- Action 13/200 ---
2026-06-12 03:05:53 | INFO | État: GameState.NOT_FINISHED
2026-06-12 03:05:53 | INFO | Niveaux complétés: 0/6
2026-06-12 03:05:53 | INFO | ✅ Grille extraite: shape=(64, 64), unique_colors=8
2026-06-12 03:05:53 | INFO | 🧠 Features: densité=0.987, sym_h=0.805, sym_v=0.743, clusters=20
2026-06-12 03:05:53 | INFO | 🎯 Action choisie: 1
2026-06-12 03:05:53 | INFO | 📥 Résultat: GameState.NOT_FINISHED
2026-06-12 03:05:53 | INFO | 
--- Action 14/200 ---
2026-06-12 03:05:53 | INFO | État: GameState.NOT_FINISHED
2026-06-12 03:05:53 | INFO | Niveaux complétés: 0/6
2026-06-12 03:05:53 | INFO | ✅ Grille extraite: shape=(64, 64), unique_colors=8
2026-06-12 03:05:53 | INFO | 🧠 Features: densité=0.986, sym_h=0.805, sym_v=0.741, clusters=20
2026-06-12 03:05:53 | INFO | 🎯 Action choisie: 2
2026-06-12 03:05:53 | INFO | 📥 Résultat: GameState.NOT_FINISHED
2026-06-12 03:05:53 | INFO | 
--- Action 15/200 ---
2026-06-12 03:05:53 | INFO | État: GameState.NOT_FINISHED
2026-06-12 03:05:53 | INFO | Niveaux complétés: 0/6
2026-06-12 03:05:53 | INFO | ✅ Grille extraite: shape=(64, 64), unique_colors=8
2026-06-12 03:05:53 | INFO | 🧠 Features: densité=0.986, sym_h=0.805, sym_v=0.741, clusters=20
2026-06-12 03:05:53 | INFO | 🎯 Action choisie: 4
2026-06-12 03:05:53 | INFO | 📥 Résultat: GameState.NOT_FINISHED
2026-06-12 03:05:53 | INFO | 
--- Action 16/200 ---
2026-06-12 03:05:53 | INFO | État: GameState.NOT_FINISHED
2026-06-12 03:05:53 | INFO | Niveaux complétés: 0/6
2026-06-12 03:05:53 | INFO | ✅ Grille extraite: shape=(64, 64), unique_colors=8
2026-06-12 03:05:53 | INFO | 🧠 Features: densité=0.985, sym_h=0.805, sym_v=0.739, clusters=20
2026-06-12 03:05:53 | INFO | 🎯 Action choisie: 1
2026-06-12 03:05:53 | INFO | 📥 Résultat: GameState.NOT_FINISHED
2026-06-12 03:05:53 | INFO | 
--- Action 17/200 ---
2026-06-12 03:05:53 | INFO | État: GameState.NOT_FINISHED
2026-06-12 03:05:53 | INFO | Niveaux complétés: 0/6
2026-06-12 03:05:53 | INFO | ✅ Grille extraite: shape=(64, 64), unique_colors=8
2026-06-12 03:05:53 | INFO | 🧠 Features: densité=0.984, sym_h=0.805, sym_v=0.737, clusters=20
2026-06-12 03:05:53 | INFO | 🎯 Action choisie: 6
2026-06-12 03:05:53 | INFO | 📥 Résultat: GameState.NOT_FINISHED
2026-06-12 03:05:53 | WARNING | ⚠️ Action 6 sans effet (état identique)
2026-06-12 03:05:53 | INFO | 
--- Action 18/200 ---
2026-06-12 03:05:53 | INFO | État: GameState.NOT_FINISHED
2026-06-12 03:05:53 | INFO | Niveaux complétés: 0/6
2026-06-12 03:05:53 | INFO | ✅ Grille extraite: shape=(64, 64), unique_colors=8
2026-06-12 03:05:53 | INFO | 🧠 Features: densité=0.984, sym_h=0.805, sym_v=0.737, clusters=20
2026-06-12 03:05:53 | INFO | 🎯 Action choisie: 3
2026-06-12 03:05:53 | INFO | 📥 Résultat: GameState.NOT_FINISHED
2026-06-12 03:05:53 | INFO | 
--- Action 19/200 ---
2026-06-12 03:05:53 | INFO | État: GameState.NOT_FINISHED
2026-06-12 03:05:53 | INFO | Niveaux complétés: 0/6
2026-06-12 03:05:53 | INFO | ✅ Grille extraite: shape=(64, 64), unique_colors=8
2026-06-12 03:05:53 | INFO | 🧠 Features: densité=0.984, sym_h=0.805, sym_v=0.737, clusters=20
2026-06-12 03:05:53 | INFO | 🎯 Action choisie: 3
2026-06-12 03:05:53 | INFO | 📥 Résultat: GameState.NOT_FINISHED
2026-06-12 03:05:53 | INFO | 
--- Action 20/200 ---
2026-06-12 03:05:53 | INFO | État: GameState.NOT_FINISHED
2026-06-12 03:05:53 | INFO | Niveaux complétés: 0/6
2026-06-12 03:05:53 | INFO | ✅ Grille extraite: shape=(64, 64), unique_colors=8
2026-06-12 03:05:53 | INFO | 🧠 Features: densité=0.983, sym_h=0.805, sym_v=0.735, clusters=20
2026-06-12 03:05:53 | INFO | 🎯 Action choisie: 6
2026-06-12 03:05:53 | INFO | 📥 Résultat: GameState.NOT_FINISHED
2026-06-12 03:05:53 | WARNING | ⚠️ Action 6 sans effet (état identique)
2026-06-12 03:05:53 | INFO | 
--- Action 21/200 ---
2026-06-12 03:05:53 | INFO | État: GameState.NOT_FINISHED
2026-06-12 03:05:53 | INFO | Niveaux complétés: 0/6
2026-06-12 03:05:53 | INFO | ✅ Grille extraite: shape=(64, 64), unique_colors=8
2026-06-12 03:05:53 | INFO | 🧠 Features: densité=0.983, sym_h=0.805, sym_v=0.735, clusters=20
2026-06-12 03:05:53 | INFO | 🎯 Action choisie: 6
2026-06-12 03:05:53 | INFO | 📥 Résultat: GameState.NOT_FINISHED
2026-06-12 03:05:53 | WARNING | ⚠️ Action 6 sans effet (état identique)
2026-06-12 03:05:53 | INFO | 
--- Action 22/200 ---
2026-06-12 03:05:53 | INFO | État: GameState.NOT_FINISHED
2026-06-12 03:05:53 | INFO | Niveaux complétés: 0/6
2026-06-12 03:05:53 | INFO | ✅ Grille extraite: shape=(64, 64), unique_colors=8
2026-06-12 03:05:53 | INFO | 🧠 Features: densité=0.983, sym_h=0.805, sym_v=0.735, clusters=20
2026-06-12 03:05:53 | INFO | 🎯 Action choisie: 4
2026-06-12 03:05:53 | INFO | 📥 Résultat: GameState.NOT_FINISHED
2026-06-12 03:05:53 | INFO | 
--- Action 23/200 ---
2026-06-12 03:05:53 | INFO | État: GameState.NOT_FINISHED
2026-06-12 03:05:53 | INFO | Niveaux complétés: 0/6
2026-06-12 03:05:53 | INFO | ✅ Grille extraite: shape=(64, 64), unique_colors=8
2026-06-12 03:05:54 | INFO | 🧠 Features: densité=0.983, sym_h=0.805, sym_v=0.735, clusters=20
2026-06-12 03:05:54 | INFO | 🎯 Action choisie: 6
2026-06-12 03:05:54 | INFO | 📥 Résultat: GameState.NOT_FINISHED
2026-06-12 03:05:54 | WARNING | ⚠️ Action 6 sans effet (état identique)
2026-06-12 03:05:54 | INFO | 
--- Action 24/200 ---
2026-06-12 03:05:54 | INFO | État: GameState.NOT_FINISHED
2026-06-12 03:05:54 | INFO | Niveaux complétés: 0/6
2026-06-12 03:05:54 | INFO | ✅ Grille extraite: shape=(64, 64), unique_colors=8
2026-06-12 03:05:54 | INFO | 🧠 Features: densité=0.983, sym_h=0.805, sym_v=0.735, clusters=20
2026-06-12 03:05:54 | INFO | 🎯 Action choisie: 1
2026-06-12 03:05:54 | INFO | 📥 Résultat: GameState.NOT_FINISHED
2026-06-12 03:05:54 | INFO | 
--- Action 25/200 ---
2026-06-12 03:05:54 | INFO | État: GameState.NOT_FINISHED
2026-06-12 03:05:54 | INFO | Niveaux complétés: 0/6
2026-06-12 03:05:54 | INFO | ✅ Grille extraite: shape=(64, 64), unique_colors=8
2026-06-12 03:05:54 | INFO | 🧠 Features: densité=0.982, sym_h=0.805, sym_v=0.733, clusters=20
2026-06-12 03:05:54 | INFO | 🎯 Action choisie: 2
2026-06-12 03:05:54 | INFO | 📥 Résultat: GameState.NOT_FINISHED
2026-06-12 03:05:54 | INFO | 
--- Action 26/200 ---
2026-06-12 03:05:54 | INFO | État: GameState.NOT_FINISHED
2026-06-12 03:05:54 | INFO | Niveaux complétés: 0/6
2026-06-12 03:05:54 | INFO | ✅ Grille extraite: shape=(64, 64), unique_colors=8
2026-06-12 03:05:54 | INFO | 🧠 Features: densité=0.981, sym_h=0.805, sym_v=0.731, clusters=20
2026-06-12 03:05:54 | INFO | 🎯 Action choisie: 6
2026-06-12 03:05:54 | INFO | 📥 Résultat: GameState.NOT_FINISHED
2026-06-12 03:05:54 | WARNING | ⚠️ Action 6 sans effet (état identique)
2026-06-12 03:05:54 | INFO | 
--- Action 27/200 ---
2026-06-12 03:05:54 | INFO | État: GameState.NOT_FINISHED
2026-06-12 03:05:54 | INFO | Niveaux complétés: 0/6
2026-06-12 03:05:54 | INFO | ✅ Grille extraite: shape=(64, 64), unique_colors=8
2026-06-12 03:05:54 | INFO | 🧠 Features: densité=0.981, sym_h=0.805, sym_v=0.731, clusters=20
2026-06-12 03:05:54 | INFO | 🎯 Action choisie: 4
2026-06-12 03:05:54 | INFO | 📥 Résultat: GameState.NOT_FINISHED
2026-06-12 03:05:54 | INFO | 
--- Action 28/200 ---
2026-06-12 03:05:54 | INFO | État: GameState.NOT_FINISHED
2026-06-12 03:05:54 | INFO | Niveaux complétés: 0/6
2026-06-12 03:05:54 | INFO | ✅ Grille extraite: shape=(64, 64), unique_colors=8
2026-06-12 03:05:54 | INFO | 🧠 Features: densité=0.981, sym_h=0.809, sym_v=0.731, clusters=20
2026-06-12 03:05:54 | INFO | 🎯 Action choisie: 1
2026-06-12 03:05:54 | INFO | 📥 Résultat: GameState.NOT_FINISHED
2026-06-12 03:05:54 | INFO | 
--- Action 29/200 ---
2026-06-12 03:05:54 | INFO | État: GameState.NOT_FINISHED
2026-06-12 03:05:54 | INFO | Niveaux complétés: 0/6
2026-06-12 03:05:54 | INFO | ✅ Grille extraite: shape=(64, 64), unique_colors=8
2026-06-12 03:05:54 | INFO | 🧠 Features: densité=0.980, sym_h=0.809, sym_v=0.729, clusters=20
2026-06-12 03:05:54 | INFO | 🎯 Action choisie: 6
2026-06-12 03:05:54 | INFO | 📥 Résultat: GameState.NOT_FINISHED
2026-06-12 03:05:54 | WARNING | ⚠️ Action 6 sans effet (état identique)
2026-06-12 03:05:54 | INFO | 
--- Action 30/200 ---
2026-06-12 03:05:54 | INFO | État: GameState.NOT_FINISHED
2026-06-12 03:05:54 | INFO | Niveaux complétés: 0/6
2026-06-12 03:05:54 | INFO | ✅ Grille extraite: shape=(64, 64), unique_colors=8
2026-06-12 03:05:54 | INFO | 🧠 Features: densité=0.980, sym_h=0.809, sym_v=0.729, clusters=20
2026-06-12 03:05:54 | INFO | 🎯 Action choisie: 1
2026-06-12 03:05:54 | INFO | 📥 Résultat: GameState.NOT_FINISHED
2026-06-12 03:05:54 | INFO | 
--- Action 31/200 ---
2026-06-12 03:05:54 | INFO | État: GameState.NOT_FINISHED
2026-06-12 03:05:54 | INFO | Niveaux complétés: 0/6
2026-06-12 03:05:54 | INFO | ✅ Grille extraite: shape=(64, 64), unique_colors=8
2026-06-12 03:05:54 | INFO | 🧠 Features: densité=0.979, sym_h=0.809, sym_v=0.727, clusters=20
2026-06-12 03:05:54 | INFO | 🎯 Action choisie: 3
2026-06-12 03:05:54 | INFO | 📥 Résultat: GameState.NOT_FINISHED
2026-06-12 03:05:54 | INFO | 
--- Action 32/200 ---
2026-06-12 03:05:54 | INFO | État: GameState.NOT_FINISHED
2026-06-12 03:05:54 | INFO | Niveaux complétés: 0/6
2026-06-12 03:05:54 | INFO | ✅ Grille extraite: shape=(64, 64), unique_colors=8
2026-06-12 03:05:54 | INFO | 🧠 Features: densité=0.979, sym_h=0.805, sym_v=0.727, clusters=20
2026-06-12 03:05:54 | INFO | 🎯 Action choisie: 2
2026-06-12 03:05:54 | INFO | 📥 Résultat: GameState.NOT_FINISHED
2026-06-12 03:05:54 | INFO | 
--- Action 33/200 ---
2026-06-12 03:05:54 | INFO | État: GameState.NOT_FINISHED
2026-06-12 03:05:54 | INFO | Niveaux complétés: 0/6
2026-06-12 03:05:54 | INFO | ✅ Grille extraite: shape=(64, 64), unique_colors=8
2026-06-12 03:05:54 | INFO | 🧠 Features: densité=0.979, sym_h=0.805, sym_v=0.725, clusters=20
2026-06-12 03:05:54 | INFO | 🎯 Action choisie: 4
2026-06-12 03:05:54 | INFO | 📥 Résultat: GameState.NOT_FINISHED
2026-06-12 03:05:54 | INFO | 
--- Action 34/200 ---
2026-06-12 03:05:54 | INFO | État: GameState.NOT_FINISHED
2026-06-12 03:05:54 | INFO | Niveaux complétés: 0/6
2026-06-12 03:05:54 | INFO | ✅ Grille extraite: shape=(64, 64), unique_colors=8
2026-06-12 03:05:54 | INFO | 🧠 Features: densité=0.978, sym_h=0.809, sym_v=0.723, clusters=20
2026-06-12 03:05:54 | INFO | 🎯 Action choisie: 2
2026-06-12 03:05:54 | INFO | 📥 Résultat: GameState.NOT_FINISHED
2026-06-12 03:05:54 | INFO | 
--- Action 35/200 ---
2026-06-12 03:05:54 | INFO | État: GameState.NOT_FINISHED
2026-06-12 03:05:54 | INFO | Niveaux complétés: 0/6
2026-06-12 03:05:54 | INFO | ✅ Grille extraite: shape=(64, 64), unique_colors=8
2026-06-12 03:05:54 | INFO | 🧠 Features: densité=0.978, sym_h=0.809, sym_v=0.723, clusters=20
2026-06-12 03:05:54 | INFO | 🎯 Action choisie: 3
2026-06-12 03:05:54 | INFO | 📥 Résultat: GameState.NOT_FINISHED
2026-06-12 03:05:54 | INFO | 
--- Action 36/200 ---
2026-06-12 03:05:54 | INFO | État: GameState.NOT_FINISHED
2026-06-12 03:05:54 | INFO | Niveaux complétés: 0/6
2026-06-12 03:05:54 | INFO | ✅ Grille extraite: shape=(64, 64), unique_colors=8
2026-06-12 03:05:54 | INFO | 🧠 Features: densité=0.977, sym_h=0.805, sym_v=0.721, clusters=20
2026-06-12 03:05:54 | INFO | 🎯 Action choisie: 1
2026-06-12 03:05:54 | INFO | 📥 Résultat: GameState.NOT_FINISHED
2026-06-12 03:05:54 | INFO | 
--- Action 37/200 ---
2026-06-12 03:05:54 | INFO | État: GameState.NOT_FINISHED
2026-06-12 03:05:54 | INFO | Niveaux complétés: 0/6
2026-06-12 03:05:54 | INFO | ✅ Grille extraite: shape=(64, 64), unique_colors=8
2026-06-12 03:05:54 | INFO | 🧠 Features: densité=0.976, sym_h=0.805, sym_v=0.719, clusters=20
2026-06-12 03:05:54 | INFO | 🎯 Action choisie: 3
2026-06-12 03:05:54 | INFO | 📥 Résultat: GameState.NOT_FINISHED
2026-06-12 03:05:54 | INFO | 
--- Action 38/200 ---
2026-06-12 03:05:54 | INFO | État: GameState.NOT_FINISHED
2026-06-12 03:05:54 | INFO | Niveaux complétés: 0/6
2026-06-12 03:05:54 | INFO | ✅ Grille extraite: shape=(64, 64), unique_colors=8
2026-06-12 03:05:54 | INFO | 🧠 Features: densité=0.976, sym_h=0.805, sym_v=0.719, clusters=20
2026-06-12 03:05:54 | INFO | 🎯 Action choisie: 1
2026-06-12 03:05:54 | INFO | 📥 Résultat: GameState.NOT_FINISHED
2026-06-12 03:05:54 | INFO | 
--- Action 39/200 ---
2026-06-12 03:05:54 | INFO | État: GameState.NOT_FINISHED
2026-06-12 03:05:54 | INFO | Niveaux complétés: 0/6
2026-06-12 03:05:54 | INFO | ✅ Grille extraite: shape=(64, 64), unique_colors=8
2026-06-12 03:05:54 | INFO | 🧠 Features: densité=0.975, sym_h=0.805, sym_v=0.721, clusters=20
2026-06-12 03:05:54 | INFO | 🎯 Action choisie: 1
2026-06-12 03:05:54 | INFO | 📥 Résultat: GameState.NOT_FINISHED
2026-06-12 03:05:54 | WARNING | ⚠️ Action 1 sans effet (état identique)
2026-06-12 03:05:54 | INFO | 
--- Action 40/200 ---
2026-06-12 03:05:54 | INFO | État: GameState.NOT_FINISHED
2026-06-12 03:05:54 | INFO | Niveaux complétés: 0/6
2026-06-12 03:05:54 | INFO | ✅ Grille extraite: shape=(64, 64), unique_colors=8
2026-06-12 03:05:54 | INFO | 🧠 Features: densité=0.975, sym_h=0.805, sym_v=0.721, clusters=20
2026-06-12 03:05:54 | INFO | 🎯 Action choisie: 3
2026-06-12 03:05:54 | INFO | 📥 Résultat: GameState.NOT_FINISHED
2026-06-12 03:05:54 | INFO | 
--- Action 41/200 ---
2026-06-12 03:05:54 | INFO | État: GameState.NOT_FINISHED
2026-06-12 03:05:54 | INFO | Niveaux complétés: 0/6
2026-06-12 03:05:54 | INFO | ✅ Grille extraite: shape=(64, 64), unique_colors=8
2026-06-12 03:05:54 | INFO | 🧠 Features: densité=0.974, sym_h=0.805, sym_v=0.723, clusters=20
2026-06-12 03:05:54 | INFO | 🎯 Action choisie: 2
2026-06-12 03:05:54 | INFO | 📥 Résultat: GameState.NOT_FINISHED
2026-06-12 03:05:54 | INFO | 
--- Action 42/200 ---
2026-06-12 03:05:54 | INFO | État: GameState.NOT_FINISHED
2026-06-12 03:05:54 | INFO | Niveaux complétés: 0/6
2026-06-12 03:05:54 | INFO | ✅ Grille extraite: shape=(64, 64), unique_colors=8
2026-06-12 03:05:54 | INFO | 🧠 Features: densité=0.973, sym_h=0.805, sym_v=0.725, clusters=20
2026-06-12 03:05:54 | INFO | 🎯 Action choisie: 2
2026-06-12 03:05:54 | INFO | 📥 Résultat: GameState.NOT_FINISHED
2026-06-12 03:05:54 | WARNING | ⚠️ Action 2 sans effet (état identique)
2026-06-12 03:05:54 | INFO | 
--- Action 43/200 ---
2026-06-12 03:05:54 | INFO | État: GameState.NOT_FINISHED
2026-06-12 03:05:54 | INFO | Niveaux complétés: 0/6
2026-06-12 03:05:54 | INFO | ✅ Grille extraite: shape=(64, 64), unique_colors=8
2026-06-12 03:05:54 | INFO | 🧠 Features: densité=0.973, sym_h=0.805, sym_v=0.725, clusters=20
2026-06-12 03:05:54 | INFO | 🎯 Action choisie: 1
2026-06-12 03:05:54 | INFO | 📥 Résultat: GameState.NOT_FINISHED
2026-06-12 03:05:54 | INFO | 
--- Action 44/200 ---
2026-06-12 03:05:54 | INFO | État: GameState.NOT_FINISHED
2026-06-12 03:05:54 | INFO | Niveaux complétés: 0/6
2026-06-12 03:05:54 | INFO | ✅ Grille extraite: shape=(64, 64), unique_colors=8
2026-06-12 03:05:55 | INFO | 🧠 Features: densité=0.972, sym_h=0.805, sym_v=0.727, clusters=20
2026-06-12 03:05:55 | INFO | 🎯 Action choisie: 6
2026-06-12 03:05:55 | INFO | 📥 Résultat: GameState.NOT_FINISHED
2026-06-12 03:05:55 | WARNING | ⚠️ Action 6 sans effet (état identique)
2026-06-12 03:05:55 | INFO | 
--- Action 45/200 ---
2026-06-12 03:05:55 | INFO | État: GameState.NOT_FINISHED
2026-06-12 03:05:55 | INFO | Niveaux complétés: 0/6
2026-06-12 03:05:55 | INFO | ✅ Grille extraite: shape=(64, 64), unique_colors=8
2026-06-12 03:05:55 | INFO | 🧠 Features: densité=0.972, sym_h=0.805, sym_v=0.727, clusters=20
2026-06-12 03:05:55 | INFO | 🎯 Action choisie: 4
2026-06-12 03:05:55 | INFO | 📥 Résultat: GameState.NOT_FINISHED
2026-06-12 03:05:55 | INFO | 
--- Action 46/200 ---
2026-06-12 03:05:55 | INFO | État: GameState.NOT_FINISHED
2026-06-12 03:05:55 | INFO | Niveaux complétés: 0/6
2026-06-12 03:05:55 | INFO | ✅ Grille extraite: shape=(64, 64), unique_colors=8
2026-06-12 03:05:55 | INFO | 🧠 Features: densité=0.971, sym_h=0.805, sym_v=0.729, clusters=20
2026-06-12 03:05:55 | INFO | 🎯 Action choisie: 1
2026-06-12 03:05:55 | INFO | 📥 Résultat: GameState.NOT_FINISHED
2026-06-12 03:05:55 | INFO | 
--- Action 47/200 ---
2026-06-12 03:05:55 | INFO | État: GameState.NOT_FINISHED
2026-06-12 03:05:55 | INFO | Niveaux complétés: 0/6
2026-06-12 03:05:55 | INFO | ✅ Grille extraite: shape=(64, 64), unique_colors=8
2026-06-12 03:05:55 | INFO | 🧠 Features: densité=0.971, sym_h=0.805, sym_v=0.729, clusters=20
2026-06-12 03:05:55 | INFO | 🎯 Action choisie: 3
2026-06-12 03:05:55 | INFO | 📥 Résultat: GameState.NOT_FINISHED
2026-06-12 03:05:55 | INFO | 
--- Action 48/200 ---
2026-06-12 03:05:55 | INFO | État: GameState.NOT_FINISHED
2026-06-12 03:05:55 | INFO | Niveaux complétés: 0/6
2026-06-12 03:05:55 | INFO | ✅ Grille extraite: shape=(64, 64), unique_colors=8
2026-06-12 03:05:55 | INFO | 🧠 Features: densité=0.970, sym_h=0.805, sym_v=0.731, clusters=20
2026-06-12 03:05:55 | INFO | 🎯 Action choisie: 6
2026-06-12 03:05:55 | INFO | 📥 Résultat: GameState.NOT_FINISHED
2026-06-12 03:05:55 | WARNING | ⚠️ Action 6 sans effet (état identique)
2026-06-12 03:05:55 | INFO | 
--- Action 49/200 ---
2026-06-12 03:05:55 | INFO | État: GameState.NOT_FINISHED
2026-06-12 03:05:55 | INFO | Niveaux complétés: 0/6
2026-06-12 03:05:55 | INFO | ✅ Grille extraite: shape=(64, 64), unique_colors=8
2026-06-12 03:05:55 | INFO | 🧠 Features: densité=0.970, sym_h=0.805, sym_v=0.731, clusters=20
2026-06-12 03:05:55 | INFO | 🎯 Action choisie: 3
2026-06-12 03:05:55 | INFO | 📥 Résultat: GameState.NOT_FINISHED
2026-06-12 03:05:55 | INFO | 
--- Action 50/200 ---
2026-06-12 03:05:55 | INFO | État: GameState.NOT_FINISHED
2026-06-12 03:05:55 | INFO | Niveaux complétés: 0/6
2026-06-12 03:05:55 | INFO | ✅ Grille extraite: shape=(64, 64), unique_colors=8
2026-06-12 03:05:55 | INFO | 🧠 Features: densité=0.969, sym_h=0.805, sym_v=0.733, clusters=20
2026-06-12 03:05:55 | INFO | 🎯 Action choisie: 2
2026-06-12 03:05:55 | INFO | 📥 Résultat: GameState.NOT_FINISHED
2026-06-12 03:05:55 | INFO | 
--- Action 51/200 ---
2026-06-12 03:05:55 | INFO | État: GameState.NOT_FINISHED
2026-06-12 03:05:55 | INFO | Niveaux complétés: 0/6
2026-06-12 03:05:55 | INFO | ✅ Grille extraite: shape=(64, 64), unique_colors=8
2026-06-12 03:05:55 | INFO | 🧠 Features: densité=0.969, sym_h=0.805, sym_v=0.733, clusters=20
2026-06-12 03:05:55 | INFO | 🎯 Action choisie: 2
2026-06-12 03:05:55 | INFO | 📥 Résultat: GameState.NOT_FINISHED
2026-06-12 03:05:55 | INFO | 
--- Action 52/200 ---
2026-06-12 03:05:55 | INFO | État: GameState.NOT_FINISHED
2026-06-12 03:05:55 | INFO | Niveaux complétés: 0/6
2026-06-12 03:05:55 | INFO | ✅ Grille extraite: shape=(64, 64), unique_colors=8
2026-06-12 03:05:55 | INFO | 🧠 Features: densité=0.968, sym_h=0.805, sym_v=0.735, clusters=20
2026-06-12 03:05:55 | INFO | 🎯 Action choisie: 6
2026-06-12 03:05:55 | INFO | 📥 Résultat: GameState.NOT_FINISHED
2026-06-12 03:05:55 | WARNING | ⚠️ Action 6 sans effet (état identique)
2026-06-12 03:05:55 | INFO | 
--- Action 53/200 ---
2026-06-12 03:05:55 | INFO | État: GameState.NOT_FINISHED
2026-06-12 03:05:55 | INFO | Niveaux complétés: 0/6
2026-06-12 03:05:55 | INFO | ✅ Grille extraite: shape=(64, 64), unique_colors=8
2026-06-12 03:05:55 | INFO | 🧠 Features: densité=0.968, sym_h=0.805, sym_v=0.735, clusters=20
2026-06-12 03:05:55 | INFO | 🎯 Action choisie: 3
2026-06-12 03:05:55 | INFO | 📥 Résultat: GameState.NOT_FINISHED
2026-06-12 03:05:55 | INFO | 
--- Action 54/200 ---
2026-06-12 03:05:55 | INFO | État: GameState.NOT_FINISHED
2026-06-12 03:05:55 | INFO | Niveaux complétés: 0/6
2026-06-12 03:05:55 | INFO | ✅ Grille extraite: shape=(64, 64), unique_colors=8
2026-06-12 03:05:55 | INFO | 🧠 Features: densité=0.968, sym_h=0.805, sym_v=0.735, clusters=20
2026-06-12 03:05:55 | INFO | 🎯 Action choisie: 6
2026-06-12 03:05:55 | INFO | 📥 Résultat: GameState.NOT_FINISHED
2026-06-12 03:05:55 | WARNING | ⚠️ Action 6 sans effet (état identique)
2026-06-12 03:05:55 | INFO | 
--- Action 55/200 ---
2026-06-12 03:05:55 | INFO | État: GameState.NOT_FINISHED
2026-06-12 03:05:55 | INFO | Niveaux complétés: 0/6
2026-06-12 03:05:55 | INFO | ✅ Grille extraite: shape=(64, 64), unique_colors=8
2026-06-12 03:05:55 | INFO | 🧠 Features: densité=0.968, sym_h=0.805, sym_v=0.735, clusters=20
2026-06-12 03:05:55 | INFO | 🎯 Action choisie: 6
2026-06-12 03:05:55 | INFO | 📥 Résultat: GameState.NOT_FINISHED
2026-06-12 03:05:55 | WARNING | ⚠️ Action 6 sans effet (état identique)
2026-06-12 03:05:55 | INFO | 
--- Action 56/200 ---
2026-06-12 03:05:55 | INFO | État: GameState.NOT_FINISHED
2026-06-12 03:05:55 | INFO | Niveaux complétés: 0/6
2026-06-12 03:05:55 | INFO | ✅ Grille extraite: shape=(64, 64), unique_colors=8
2026-06-12 03:05:55 | INFO | 🧠 Features: densité=0.968, sym_h=0.805, sym_v=0.735, clusters=20
2026-06-12 03:05:55 | INFO | 🎯 Action choisie: 2
2026-06-12 03:05:55 | INFO | 📥 Résultat: GameState.NOT_FINISHED
2026-06-12 03:05:55 | INFO | 
--- Action 57/200 ---
2026-06-12 03:05:55 | INFO | État: GameState.NOT_FINISHED
2026-06-12 03:05:55 | INFO | Niveaux complétés: 0/6
2026-06-12 03:05:55 | INFO | ✅ Grille extraite: shape=(64, 64), unique_colors=8
2026-06-12 03:05:55 | INFO | 🧠 Features: densité=0.967, sym_h=0.805, sym_v=0.737, clusters=20
2026-06-12 03:05:55 | INFO | 🎯 Action choisie: 2
2026-06-12 03:05:55 | INFO | 📥 Résultat: GameState.NOT_FINISHED
2026-06-12 03:05:55 | INFO | 
--- Action 58/200 ---
2026-06-12 03:05:55 | INFO | État: GameState.NOT_FINISHED
2026-06-12 03:05:55 | INFO | Niveaux complétés: 0/6
2026-06-12 03:05:55 | INFO | ✅ Grille extraite: shape=(64, 64), unique_colors=8
2026-06-12 03:05:55 | INFO | 🧠 Features: densité=0.966, sym_h=0.805, sym_v=0.739, clusters=20
2026-06-12 03:05:55 | INFO | 🎯 Action choisie: 4
2026-06-12 03:05:55 | INFO | 📥 Résultat: GameState.NOT_FINISHED
2026-06-12 03:05:55 | INFO | 
--- Action 59/200 ---
2026-06-12 03:05:55 | INFO | État: GameState.NOT_FINISHED
2026-06-12 03:05:55 | INFO | Niveaux complétés: 0/6
2026-06-12 03:05:55 | INFO | ✅ Grille extraite: shape=(64, 64), unique_colors=8
2026-06-12 03:05:55 | INFO | 🧠 Features: densité=0.966, sym_h=0.805, sym_v=0.739, clusters=20
2026-06-12 03:05:55 | INFO | 🎯 Action choisie: 1
2026-06-12 03:05:55 | INFO | 📥 Résultat: GameState.NOT_FINISHED
2026-06-12 03:05:55 | INFO | 
--- Action 60/200 ---
2026-06-12 03:05:55 | INFO | État: GameState.NOT_FINISHED
2026-06-12 03:05:55 | INFO | Niveaux complétés: 0/6
2026-06-12 03:05:55 | INFO | ✅ Grille extraite: shape=(64, 64), unique_colors=8
2026-06-12 03:05:55 | INFO | 🧠 Features: densité=0.965, sym_h=0.805, sym_v=0.741, clusters=20
2026-06-12 03:05:55 | INFO | 🎯 Action choisie: 1
2026-06-12 03:05:55 | INFO | 📥 Résultat: GameState.NOT_FINISHED
2026-06-12 03:05:55 | INFO | 
--- Action 61/200 ---
2026-06-12 03:05:55 | INFO | État: GameState.NOT_FINISHED
2026-06-12 03:05:55 | INFO | Niveaux complétés: 0/6
2026-06-12 03:05:55 | INFO | ✅ Grille extraite: shape=(64, 64), unique_colors=8
2026-06-12 03:05:55 | INFO | 🧠 Features: densité=0.964, sym_h=0.805, sym_v=0.743, clusters=20
2026-06-12 03:05:55 | INFO | 🎯 Action choisie: 1
2026-06-12 03:05:55 | INFO | 📥 Résultat: GameState.NOT_FINISHED
2026-06-12 03:05:55 | WARNING | ⚠️ Action 1 sans effet (état identique)
2026-06-12 03:05:55 | INFO | 
--- Action 62/200 ---
2026-06-12 03:05:55 | INFO | État: GameState.NOT_FINISHED
2026-06-12 03:05:55 | INFO | Niveaux complétés: 0/6
2026-06-12 03:05:55 | INFO | ✅ Grille extraite: shape=(64, 64), unique_colors=8
2026-06-12 03:05:55 | INFO | 🧠 Features: densité=0.964, sym_h=0.805, sym_v=0.743, clusters=20
2026-06-12 03:05:55 | INFO | 🎯 Action choisie: 4
2026-06-12 03:05:55 | INFO | 📥 Résultat: GameState.NOT_FINISHED
2026-06-12 03:05:55 | INFO | 
--- Action 63/200 ---
2026-06-12 03:05:55 | INFO | État: GameState.NOT_FINISHED
2026-06-12 03:05:55 | INFO | Niveaux complétés: 0/6
2026-06-12 03:05:55 | INFO | ✅ Grille extraite: shape=(64, 64), unique_colors=8
2026-06-12 03:05:55 | INFO | 🧠 Features: densité=0.963, sym_h=0.809, sym_v=0.745, clusters=20
2026-06-12 03:05:55 | INFO | 🎯 Action choisie: 4
2026-06-12 03:05:55 | INFO | 📥 Résultat: GameState.NOT_FINISHED
2026-06-12 03:05:55 | INFO | 
--- Action 64/200 ---
2026-06-12 03:05:55 | INFO | État: GameState.NOT_FINISHED
2026-06-12 03:05:55 | INFO | Niveaux complétés: 0/6
2026-06-12 03:05:55 | INFO | ✅ Grille extraite: shape=(64, 64), unique_colors=8
2026-06-12 03:05:55 | INFO | 🧠 Features: densité=0.962, sym_h=0.805, sym_v=0.747, clusters=20
2026-06-12 03:05:55 | INFO | 🎯 Action choisie: 6
2026-06-12 03:05:55 | INFO | 📥 Résultat: GameState.NOT_FINISHED
2026-06-12 03:05:55 | WARNING | ⚠️ Action 6 sans effet (état identique)
2026-06-12 03:05:55 | INFO | 
--- Action 65/200 ---
2026-06-12 03:05:55 | INFO | État: GameState.NOT_FINISHED
2026-06-12 03:05:55 | INFO | Niveaux complétés: 0/6
2026-06-12 03:05:55 | INFO | ✅ Grille extraite: shape=(64, 64), unique_colors=8
2026-06-12 03:05:55 | INFO | 🧠 Features: densité=0.962, sym_h=0.805, sym_v=0.747, clusters=20
2026-06-12 03:05:55 | INFO | 🎯 Action choisie: 6
2026-06-12 03:05:55 | INFO | 📥 Résultat: GameState.NOT_FINISHED
2026-06-12 03:05:55 | WARNING | ⚠️ Action 6 sans effet (état identique)
2026-06-12 03:05:55 | INFO | 
--- Action 66/200 ---
2026-06-12 03:05:55 | INFO | État: GameState.NOT_FINISHED
2026-06-12 03:05:55 | INFO | Niveaux complétés: 0/6
2026-06-12 03:05:55 | INFO | ✅ Grille extraite: shape=(64, 64), unique_colors=8
2026-06-12 03:05:55 | INFO | 🧠 Features: densité=0.962, sym_h=0.805, sym_v=0.747, clusters=20
2026-06-12 03:05:55 | INFO | 🎯 Action choisie: 3
2026-06-12 03:05:55 | INFO | 📥 Résultat: GameState.NOT_FINISHED
2026-06-12 03:05:55 | INFO | 
--- Action 67/200 ---
2026-06-12 03:05:55 | INFO | État: GameState.NOT_FINISHED
2026-06-12 03:05:55 | INFO | Niveaux complétés: 0/6
2026-06-12 03:05:55 | INFO | ✅ Grille extraite: shape=(64, 64), unique_colors=8
2026-06-12 03:05:55 | INFO | 🧠 Features: densité=0.962, sym_h=0.809, sym_v=0.747, clusters=20
2026-06-12 03:05:55 | INFO | 🎯 Action choisie: 4
2026-06-12 03:05:55 | INFO | 📥 Résultat: GameState.NOT_FINISHED
2026-06-12 03:05:55 | INFO | 
--- Action 68/200 ---
2026-06-12 03:05:55 | INFO | État: GameState.NOT_FINISHED
2026-06-12 03:05:55 | INFO | Niveaux complétés: 0/6
2026-06-12 03:05:56 | INFO | ✅ Grille extraite: shape=(64, 64), unique_colors=8
2026-06-12 03:05:56 | INFO | 🧠 Features: densité=0.961, sym_h=0.805, sym_v=0.749, clusters=20
2026-06-12 03:05:56 | INFO | 🎯 Action choisie: 2
2026-06-12 03:05:56 | INFO | 📥 Résultat: GameState.NOT_FINISHED
2026-06-12 03:05:56 | INFO | 
--- Action 69/200 ---
2026-06-12 03:05:56 | INFO | État: GameState.NOT_FINISHED
2026-06-12 03:05:56 | INFO | Niveaux complétés: 0/6
2026-06-12 03:05:56 | INFO | ✅ Grille extraite: shape=(64, 64), unique_colors=7
2026-06-12 03:05:56 | INFO | 🧠 Features: densité=0.960, sym_h=0.805, sym_v=0.750, clusters=19
2026-06-12 03:05:56 | INFO | 🎯 Action choisie: 6
2026-06-12 03:05:56 | INFO | 📥 Résultat: GameState.NOT_FINISHED
2026-06-12 03:05:56 | WARNING | ⚠️ Action 6 sans effet (état identique)
2026-06-12 03:05:56 | INFO | 
--- Action 70/200 ---
2026-06-12 03:05:56 | INFO | État: GameState.NOT_FINISHED
2026-06-12 03:05:56 | INFO | Niveaux complétés: 0/6
2026-06-12 03:05:56 | INFO | ✅ Grille extraite: shape=(64, 64), unique_colors=7
2026-06-12 03:05:56 | INFO | 🧠 Features: densité=0.960, sym_h=0.805, sym_v=0.750, clusters=19
2026-06-12 03:05:56 | INFO | 🎯 Action choisie: 6
2026-06-12 03:05:56 | INFO | 📥 Résultat: GameState.NOT_FINISHED
2026-06-12 03:05:56 | WARNING | ⚠️ Action 6 sans effet (état identique)
2026-06-12 03:05:56 | INFO | 
--- Action 71/200 ---
2026-06-12 03:05:56 | INFO | État: GameState.NOT_FINISHED
2026-06-12 03:05:56 | INFO | Niveaux complétés: 0/6
2026-06-12 03:05:56 | INFO | ✅ Grille extraite: shape=(64, 64), unique_colors=7
2026-06-12 03:05:56 | INFO | 🧠 Features: densité=0.960, sym_h=0.805, sym_v=0.750, clusters=19
2026-06-12 03:05:56 | INFO | 🎯 Action choisie: 3
2026-06-12 03:05:56 | INFO | 📥 Résultat: GameState.GAME_OVER
2026-06-12 03:05:56 | INFO | 💾 Logs forensiques sauvegardés dans: /home/lvx/LVX/lumvorax2/src/MAGEN/logs/forensic/v2_intelligent/sc25_635fd71a
2026-06-12 03:05:56 | INFO | 
======================================================================
2026-06-12 03:05:56 | INFO | ✅ JEU TERMINÉ: sc25-635fd71a
2026-06-12 03:05:56 | INFO |    Succès: False
2026-06-12 03:05:56 | INFO |    Niveaux: 0/6
2026-06-12 03:05:56 | INFO |    Actions: 71
2026-06-12 03:05:56 | INFO |    Durée: 5.13s
2026-06-12 03:05:56 | INFO | ======================================================================
🎮 Test 9/10: sc25-635fd:  90%|█████████ | 9/10 [00:45<00:04,  4.72s/jeu]🎮 Test 10/10: ka59-38d34:  90%|█████████ | 9/10 [00:45<00:04,  4.72s/jeu]2026-06-12 03:05:56 | INFO | 
======================================================================
2026-06-12 03:05:56 | INFO | 🎮 DÉMARRAGE JEU: ka59-38d34dbb
2026-06-12 03:05:56 | INFO | ======================================================================
2026-06-12 03:05:56 | INFO | 🔐 Forensic logging activé: /home/lvx/LVX/lumvorax2/src/MAGEN/logs/forensic/v2_intelligent/ka59_38d34dbb
2026-06-12 03:05:56 | INFO | 📦 Création environnement via Arcade.make('ka59-38d34dbb')...
[ARC Agent V2] 🧠 Exploitation: action 2
[ARC Agent V2] 🎲 Exploration: action 2
[ARC Agent V2] 🎲 Exploration: action 4
[ARC Agent V2] 🧠 Exploitation: action 6
[ARC Agent V2] 🧠 Exploitation: action 6
[ARC Agent V2] 🧠 Exploitation: action 3
[ARC Agent V2] 🧠 Exploitation: action 3
[ARC Agent V2] 🎲 Exploration: action 6
[ARC Agent V2] 🧠 Exploitation: action 2
[ARC Agent V2] 🎲 Exploration: action 3
[ARC Agent V2] 🎲 Exploration: action 3
[ARC Agent V2] 🧠 Exploitation: action 6
[ARC Agent V2] 🧠 Exploitation: action 1
[ARC Agent V2] 🧠 Exploitation: action 2
[ARC Agent V2] 🧠 Exploitation: action 4
[ARC Agent V2] 🧠 Exploitation: action 1
[ARC Agent V2] 🧠 Exploitation: action 6
[ARC Agent V2] 🧠 Exploitation: action 3
[ARC Agent V2] 🧠 Exploitation: action 3
[ARC Agent V2] 🎲 Exploration: action 6
[ARC Agent V2] 🎲 Exploration: action 6
[ARC Agent V2] 🎲 Exploration: action 4
[ARC Agent V2] 🧠 Exploitation: action 6
[ARC Agent V2] 🧠 Exploitation: action 1
[ARC Agent V2] 🎲 Exploration: action 2
[ARC Agent V2] 🎲 Exploration: action 6
[ARC Agent V2] 🎲 Exploration: action 4
[ARC Agent V2] 🎲 Exploration: action 1
[ARC Agent V2] 🧠 Exploitation: action 6
[ARC Agent V2] 🧠 Exploitation: action 1
[ARC Agent V2] 🧠 Exploitation: action 3
[ARC Agent V2] 🎲 Exploration: action 2
[ARC Agent V2] 🎲 Exploration: action 4
[ARC Agent V2] 🎲 Exploration: action 2
[ARC Agent V2] 🧠 Exploitation: action 3
[ARC Agent V2] 🎲 Exploration: action 1
[ARC Agent V2] 🎲 Exploration: action 3
[ARC Agent V2] 🎲 Exploration: action 1
[ARC Agent V2] 🧠 Exploitation: action 1
[ARC Agent V2] 🧠 Exploitation: action 3
[ARC Agent V2] 🧠 Exploitation: action 2
[ARC Agent V2] 🎲 Exploration: action 2
[ARC Agent V2] 🧠 Exploitation: action 1
[ARC Agent V2] 🧠 Exploitation: action 6
[ARC Agent V2] 🧠 Exploitation: action 4
[ARC Agent V2] 🧠 Exploitation: action 1
[ARC Agent V2] 🎲 Exploration: action 3
[ARC Agent V2] 🧠 Exploitation: action 6
[ARC Agent V2] 🎲 Exploration: action 3
[ARC Agent V2] 🧠 Exploitation: action 2
[ARC Agent V2] 🎲 Exploration: action 2
[ARC Agent V2] 🎲 Exploration: action 6
[ARC Agent V2] 🎲 Exploration: action 3
[ARC Agent V2] 🎲 Exploration: action 6
[ARC Agent V2] 🎲 Exploration: action 6
[ARC Agent V2] 🎲 Exploration: action 2
[ARC Agent V2] 🎲 Exploration: action 2
[ARC Agent V2] 🎲 Exploration: action 4
[ARC Agent V2] 🧠 Exploitation: action 1
[ARC Agent V2] 🎲 Exploration: action 1
[ARC Agent V2] 🧠 Exploitation: action 1
[ARC Agent V2] 🎲 Exploration: action 4
[ARC Agent V2] 🎲 Exploration: action 4
[ARC Agent V2] 🧠 Exploitation: action 6
[ARC Agent V2] 🎲 Exploration: action 6
[ARC Agent V2] 🧠 Exploitation: action 3
[ARC Agent V2] 🧠 Exploitation: action 4
[ARC Agent V2] 🎲 Exploration: action 2
[ARC Agent V2] 🎲 Exploration: action 6
[ARC Agent V2] 🧠 Exploitation: action 6
[ARC Agent V2] 🧠 Exploitation: action 3
[ARC Agent V2] ✗ Échec. Exploration rate augmenté à 0.500
[SimpleLogger] Logger initialisé: /home/lvx/LVX/lumvorax2/src/MAGEN/logs/forensic/v2_intelligent/ka59_38d34dbb
INFO:arc_agi.scorecard:Initialized ScorecardManager with idle_for=0:15:00 and max_open_for=3 days, 0:00:00
2026-06-12 03:05:56 | INFO | Got anonymous API key: 8b30fb3a-e273-467f-82a0-6751ef3daad4
2026-06-12 03:05:56 | INFO | Got anonymous API key: 8b30fb3a-e273-467f-82a0-6751ef3daad4
2026-06-12 03:05:56 | INFO | You can register for an API key at https://three.arcprize.org
2026-06-12 03:05:56 | INFO | You can register for an API key at https://three.arcprize.org
2026-06-12 03:05:56 | INFO | Successfully fetched 25 environment(s) from API
2026-06-12 03:05:56 | INFO | Successfully fetched 25 environment(s) from API
2026-06-12 03:05:56 | INFO | Created new scorecard: 1bc96cd4-90cf-4ac2-b500-35d31461867b
2026-06-12 03:05:56 | INFO | Created new scorecard: 1bc96cd4-90cf-4ac2-b500-35d31461867b
2026-06-12 03:05:57 | INFO | Successfully fetched metadata for game ka59
2026-06-12 03:05:57 | INFO | Successfully fetched metadata for game ka59
2026-06-12 03:05:57 | INFO | Successfully downloaded game ka59 (version: 38d34dbb) to environment_files/ka59/38d34dbb
2026-06-12 03:05:57 | INFO | Successfully downloaded game ka59 (version: 38d34dbb) to environment_files/ka59/38d34dbb
2026-06-12 03:05:57 | INFO | Successfully loaded game class Ka59 from environment_files/ka59/38d34dbb/ka59.py
2026-06-12 03:05:57 | INFO | Successfully loaded game class Ka59 from environment_files/ka59/38d34dbb/ka59.py
2026-06-12 03:05:57 | INFO | ✅ Environnement créé: <class 'arc_agi.local_wrapper.LocalEnvironmentWrapper'>
2026-06-12 03:05:57 | INFO | 📊 État initial:
2026-06-12 03:05:57 | INFO |    game_id: ka59-38d34dbb
2026-06-12 03:05:57 | INFO |    state: GameState.NOT_FINISHED
2026-06-12 03:05:57 | INFO |    levels_completed: 0/7
2026-06-12 03:05:57 | INFO |    available_actions: [1, 2, 3, 4, 6]
2026-06-12 03:05:57 | INFO | 
--- Action 1/200 ---
2026-06-12 03:05:57 | INFO | État: GameState.NOT_FINISHED
2026-06-12 03:05:57 | INFO | Niveaux complétés: 0/7
2026-06-12 03:05:57 | INFO | ✅ Grille extraite: shape=(64, 64), unique_colors=7
2026-06-12 03:05:57 | INFO | 🧠 Features: densité=1.000, sym_h=0.900, sym_v=0.929, clusters=12
2026-06-12 03:05:57 | INFO | 🎯 Action choisie: 1
2026-06-12 03:05:57 | INFO | 📥 Résultat: GameState.NOT_FINISHED
2026-06-12 03:05:57 | INFO | 
--- Action 2/200 ---
2026-06-12 03:05:57 | INFO | État: GameState.NOT_FINISHED
2026-06-12 03:05:57 | INFO | Niveaux complétés: 0/7
2026-06-12 03:05:57 | INFO | ✅ Grille extraite: shape=(64, 64), unique_colors=7
2026-06-12 03:05:57 | INFO | 🧠 Features: densité=1.000, sym_h=0.900, sym_v=0.926, clusters=12
2026-06-12 03:05:57 | INFO | 🎯 Action choisie: 2
2026-06-12 03:05:57 | INFO | 📥 Résultat: GameState.NOT_FINISHED
2026-06-12 03:05:57 | INFO | 
--- Action 3/200 ---
2026-06-12 03:05:57 | INFO | État: GameState.NOT_FINISHED
2026-06-12 03:05:57 | INFO | Niveaux complétés: 0/7
2026-06-12 03:05:57 | INFO | ✅ Grille extraite: shape=(64, 64), unique_colors=7
2026-06-12 03:05:57 | INFO | 🧠 Features: densité=1.000, sym_h=0.900, sym_v=0.929, clusters=12
2026-06-12 03:05:57 | INFO | 🎯 Action choisie: 4
2026-06-12 03:05:57 | INFO | 📥 Résultat: GameState.NOT_FINISHED
2026-06-12 03:05:57 | INFO | 
--- Action 4/200 ---
2026-06-12 03:05:57 | INFO | État: GameState.NOT_FINISHED
2026-06-12 03:05:57 | INFO | Niveaux complétés: 0/7
2026-06-12 03:05:57 | INFO | ✅ Grille extraite: shape=(64, 64), unique_colors=7
2026-06-12 03:05:57 | INFO | 🧠 Features: densité=0.999, sym_h=0.898, sym_v=0.929, clusters=13
2026-06-12 03:05:57 | INFO | 🎯 Action choisie: 2
2026-06-12 03:05:57 | INFO | 📥 Résultat: GameState.NOT_FINISHED
2026-06-12 03:05:57 | INFO | 
--- Action 5/200 ---
2026-06-12 03:05:57 | INFO | État: GameState.NOT_FINISHED
2026-06-12 03:05:57 | INFO | Niveaux complétés: 0/7
2026-06-12 03:05:57 | INFO | ✅ Grille extraite: shape=(64, 64), unique_colors=7
2026-06-12 03:05:57 | INFO | 🧠 Features: densité=0.999, sym_h=0.898, sym_v=0.926, clusters=12
2026-06-12 03:05:57 | INFO | 🎯 Action choisie: 2
2026-06-12 03:05:57 | INFO | 📥 Résultat: GameState.NOT_FINISHED
2026-06-12 03:05:57 | INFO | 
--- Action 6/200 ---
2026-06-12 03:05:57 | INFO | État: GameState.NOT_FINISHED
2026-06-12 03:05:57 | INFO | Niveaux complétés: 0/7
2026-06-12 03:05:57 | INFO | ✅ Grille extraite: shape=(64, 64), unique_colors=7
2026-06-12 03:05:57 | INFO | 🧠 Features: densité=0.999, sym_h=0.898, sym_v=0.926, clusters=12
2026-06-12 03:05:57 | INFO | 🎯 Action choisie: 6
2026-06-12 03:05:58 | INFO | 📥 Résultat: GameState.NOT_FINISHED
2026-06-12 03:05:58 | INFO | 
--- Action 7/200 ---
2026-06-12 03:05:58 | INFO | État: GameState.NOT_FINISHED
2026-06-12 03:05:58 | INFO | Niveaux complétés: 0/7
2026-06-12 03:05:58 | INFO | ✅ Grille extraite: shape=(64, 64), unique_colors=7
2026-06-12 03:05:58 | INFO | 🧠 Features: densité=0.999, sym_h=0.897, sym_v=0.926, clusters=12
2026-06-12 03:05:58 | INFO | 🎯 Action choisie: 2
2026-06-12 03:05:58 | INFO | 📥 Résultat: GameState.NOT_FINISHED
2026-06-12 03:05:58 | INFO | 
--- Action 8/200 ---
2026-06-12 03:05:58 | INFO | État: GameState.NOT_FINISHED
2026-06-12 03:05:58 | INFO | Niveaux complétés: 0/7
2026-06-12 03:05:58 | INFO | ✅ Grille extraite: shape=(64, 64), unique_colors=7
2026-06-12 03:05:58 | INFO | 🧠 Features: densité=0.999, sym_h=0.897, sym_v=0.926, clusters=12
2026-06-12 03:05:58 | INFO | 🎯 Action choisie: 1
2026-06-12 03:05:58 | INFO | 📥 Résultat: GameState.NOT_FINISHED
2026-06-12 03:05:58 | INFO | 
--- Action 9/200 ---
2026-06-12 03:05:58 | INFO | État: GameState.NOT_FINISHED
2026-06-12 03:05:58 | INFO | Niveaux complétés: 0/7
2026-06-12 03:05:58 | INFO | ✅ Grille extraite: shape=(64, 64), unique_colors=7
2026-06-12 03:05:58 | INFO | 🧠 Features: densité=0.999, sym_h=0.897, sym_v=0.926, clusters=12
2026-06-12 03:05:58 | INFO | 🎯 Action choisie: 1
2026-06-12 03:05:58 | INFO | 📥 Résultat: GameState.NOT_FINISHED
2026-06-12 03:05:58 | INFO | 
--- Action 10/200 ---
2026-06-12 03:05:58 | INFO | État: GameState.NOT_FINISHED
2026-06-12 03:05:58 | INFO | Niveaux complétés: 0/7
2026-06-12 03:05:58 | INFO | ✅ Grille extraite: shape=(64, 64), unique_colors=7
2026-06-12 03:05:58 | INFO | 🧠 Features: densité=0.998, sym_h=0.896, sym_v=0.926, clusters=12
2026-06-12 03:05:58 | INFO | 🎯 Action choisie: 3
2026-06-12 03:05:58 | INFO | 📥 Résultat: GameState.NOT_FINISHED
2026-06-12 03:05:58 | INFO | 
--- Action 11/200 ---
2026-06-12 03:05:58 | INFO | État: GameState.NOT_FINISHED
2026-06-12 03:05:58 | INFO | Niveaux complétés: 0/7
2026-06-12 03:05:58 | INFO | ✅ Grille extraite: shape=(64, 64), unique_colors=7
2026-06-12 03:05:58 | INFO | 🧠 Features: densité=0.998, sym_h=0.896, sym_v=0.926, clusters=12
2026-06-12 03:05:58 | INFO | 🎯 Action choisie: 1
2026-06-12 03:05:58 | INFO | 📥 Résultat: GameState.NOT_FINISHED
2026-06-12 03:05:58 | INFO | 
--- Action 12/200 ---
2026-06-12 03:05:58 | INFO | État: GameState.NOT_FINISHED
2026-06-12 03:05:58 | INFO | Niveaux complétés: 0/7
2026-06-12 03:05:58 | INFO | ✅ Grille extraite: shape=(64, 64), unique_colors=7
2026-06-12 03:05:58 | INFO | 🧠 Features: densité=0.998, sym_h=0.897, sym_v=0.929, clusters=12
2026-06-12 03:05:58 | INFO | 🎯 Action choisie: 2
2026-06-12 03:05:58 | INFO | 📥 Résultat: GameState.NOT_FINISHED
2026-06-12 03:05:58 | INFO | 
--- Action 13/200 ---
2026-06-12 03:05:58 | INFO | État: GameState.NOT_FINISHED
2026-06-12 03:05:58 | INFO | Niveaux complétés: 0/7
2026-06-12 03:05:58 | INFO | ✅ Grille extraite: shape=(64, 64), unique_colors=7
2026-06-12 03:05:58 | INFO | 🧠 Features: densité=0.998, sym_h=0.896, sym_v=0.926, clusters=12
2026-06-12 03:05:58 | INFO | 🎯 Action choisie: 1
2026-06-12 03:05:58 | INFO | 📥 Résultat: GameState.NOT_FINISHED
2026-06-12 03:05:58 | INFO | 
--- Action 14/200 ---
2026-06-12 03:05:58 | INFO | État: GameState.NOT_FINISHED
2026-06-12 03:05:58 | INFO | Niveaux complétés: 0/7
2026-06-12 03:05:58 | INFO | ✅ Grille extraite: shape=(64, 64), unique_colors=7
2026-06-12 03:05:58 | INFO | 🧠 Features: densité=0.998, sym_h=0.896, sym_v=0.929, clusters=12
2026-06-12 03:05:58 | INFO | 🎯 Action choisie: 3
2026-06-12 03:05:58 | INFO | 📥 Résultat: GameState.NOT_FINISHED
2026-06-12 03:05:58 | INFO | 
--- Action 15/200 ---
2026-06-12 03:05:58 | INFO | État: GameState.NOT_FINISHED
2026-06-12 03:05:58 | INFO | Niveaux complétés: 0/7
2026-06-12 03:05:58 | INFO | ✅ Grille extraite: shape=(64, 64), unique_colors=7
2026-06-12 03:05:58 | INFO | 🧠 Features: densité=0.998, sym_h=0.897, sym_v=0.930, clusters=12
2026-06-12 03:05:58 | INFO | 🎯 Action choisie: 1
2026-06-12 03:05:58 | INFO | 📥 Résultat: GameState.NOT_FINISHED
2026-06-12 03:05:58 | INFO | 
--- Action 16/200 ---
2026-06-12 03:05:58 | INFO | État: GameState.NOT_FINISHED
2026-06-12 03:05:58 | INFO | Niveaux complétés: 0/7
2026-06-12 03:05:58 | INFO | ✅ Grille extraite: shape=(64, 64), unique_colors=7
2026-06-12 03:05:58 | INFO | 🧠 Features: densité=0.997, sym_h=0.896, sym_v=0.928, clusters=12
2026-06-12 03:05:58 | INFO | 🎯 Action choisie: 2
2026-06-12 03:05:58 | INFO | 📥 Résultat: GameState.NOT_FINISHED
2026-06-12 03:05:58 | INFO | 
--- Action 17/200 ---
2026-06-12 03:05:58 | INFO | État: GameState.NOT_FINISHED
2026-06-12 03:05:58 | INFO | Niveaux complétés: 0/7
2026-06-12 03:05:58 | INFO | ✅ Grille extraite: shape=(64, 64), unique_colors=7
2026-06-12 03:05:58 | INFO | 🧠 Features: densité=0.997, sym_h=0.896, sym_v=0.930, clusters=12
2026-06-12 03:05:58 | INFO | 🎯 Action choisie: 4
2026-06-12 03:05:58 | INFO | 📥 Résultat: GameState.NOT_FINISHED
2026-06-12 03:05:58 | INFO | 
--- Action 18/200 ---
2026-06-12 03:05:58 | INFO | État: GameState.NOT_FINISHED
2026-06-12 03:05:58 | INFO | Niveaux complétés: 0/7
2026-06-12 03:05:58 | INFO | ✅ Grille extraite: shape=(64, 64), unique_colors=7
2026-06-12 03:05:58 | INFO | 🧠 Features: densité=0.997, sym_h=0.895, sym_v=0.929, clusters=12
2026-06-12 03:05:58 | INFO | 🎯 Action choisie: 2
2026-06-12 03:05:58 | INFO | 📥 Résultat: GameState.NOT_FINISHED
2026-06-12 03:05:58 | INFO | 
--- Action 19/200 ---
2026-06-12 03:05:58 | INFO | État: GameState.NOT_FINISHED
2026-06-12 03:05:58 | INFO | Niveaux complétés: 0/7
2026-06-12 03:05:58 | INFO | ✅ Grille extraite: shape=(64, 64), unique_colors=7
2026-06-12 03:05:58 | INFO | 🧠 Features: densité=0.997, sym_h=0.894, sym_v=0.926, clusters=12
2026-06-12 03:05:58 | INFO | 🎯 Action choisie: 2
2026-06-12 03:05:58 | INFO | 📥 Résultat: GameState.NOT_FINISHED
2026-06-12 03:05:58 | INFO | 
--- Action 20/200 ---
2026-06-12 03:05:58 | INFO | État: GameState.NOT_FINISHED
2026-06-12 03:05:58 | INFO | Niveaux complétés: 0/7
2026-06-12 03:05:58 | INFO | ✅ Grille extraite: shape=(64, 64), unique_colors=7
2026-06-12 03:05:58 | INFO | 🧠 Features: densité=0.997, sym_h=0.894, sym_v=0.926, clusters=12
2026-06-12 03:05:58 | INFO | 🎯 Action choisie: 1
2026-06-12 03:05:58 | INFO | 📥 Résultat: GameState.NOT_FINISHED
2026-06-12 03:05:58 | INFO | 
--- Action 21/200 ---
2026-06-12 03:05:58 | INFO | État: GameState.NOT_FINISHED
2026-06-12 03:05:58 | INFO | Niveaux complétés: 0/7
2026-06-12 03:05:58 | INFO | ✅ Grille extraite: shape=(64, 64), unique_colors=7
2026-06-12 03:05:58 | INFO | 🧠 Features: densité=0.997, sym_h=0.893, sym_v=0.926, clusters=12
2026-06-12 03:05:58 | INFO | 🎯 Action choisie: 3
2026-06-12 03:05:58 | INFO | 📥 Résultat: GameState.NOT_FINISHED
2026-06-12 03:05:58 | INFO | 
--- Action 22/200 ---
2026-06-12 03:05:58 | INFO | État: GameState.NOT_FINISHED
2026-06-12 03:05:58 | INFO | Niveaux complétés: 0/7
2026-06-12 03:05:58 | INFO | ✅ Grille extraite: shape=(64, 64), unique_colors=7
2026-06-12 03:05:58 | INFO | 🧠 Features: densité=0.997, sym_h=0.895, sym_v=0.928, clusters=12
2026-06-12 03:05:58 | INFO | 🎯 Action choisie: 1
2026-06-12 03:05:58 | INFO | 📥 Résultat: GameState.NOT_FINISHED
2026-06-12 03:05:58 | INFO | 
--- Action 23/200 ---
2026-06-12 03:05:58 | INFO | État: GameState.NOT_FINISHED
2026-06-12 03:05:58 | INFO | Niveaux complétés: 0/7
2026-06-12 03:05:58 | INFO | ✅ Grille extraite: shape=(64, 64), unique_colors=7
2026-06-12 03:05:58 | INFO | 🧠 Features: densité=0.996, sym_h=0.895, sym_v=0.930, clusters=12
2026-06-12 03:05:58 | INFO | 🎯 Action choisie: 1
2026-06-12 03:05:58 | INFO | 📥 Résultat: GameState.NOT_FINISHED
2026-06-12 03:05:58 | INFO | 
--- Action 24/200 ---
2026-06-12 03:05:58 | INFO | État: GameState.NOT_FINISHED
2026-06-12 03:05:58 | INFO | Niveaux complétés: 0/7
2026-06-12 03:05:58 | INFO | ✅ Grille extraite: shape=(64, 64), unique_colors=7
2026-06-12 03:05:58 | INFO | 🧠 Features: densité=0.996, sym_h=0.894, sym_v=0.928, clusters=12
2026-06-12 03:05:58 | INFO | 🎯 Action choisie: 1
2026-06-12 03:05:58 | INFO | 📥 Résultat: GameState.NOT_FINISHED
2026-06-12 03:05:58 | INFO | 
--- Action 25/200 ---
2026-06-12 03:05:58 | INFO | État: GameState.NOT_FINISHED
2026-06-12 03:05:58 | INFO | Niveaux complétés: 0/7
2026-06-12 03:05:58 | INFO | ✅ Grille extraite: shape=(64, 64), unique_colors=7
2026-06-12 03:05:58 | INFO | 🧠 Features: densité=0.996, sym_h=0.894, sym_v=0.926, clusters=12
2026-06-12 03:05:58 | INFO | 🎯 Action choisie: 4
2026-06-12 03:05:58 | INFO | 📥 Résultat: GameState.NOT_FINISHED
2026-06-12 03:05:58 | INFO | 
--- Action 26/200 ---
2026-06-12 03:05:58 | INFO | État: GameState.NOT_FINISHED
2026-06-12 03:05:58 | INFO | Niveaux complétés: 0/7
2026-06-12 03:05:58 | INFO | ✅ Grille extraite: shape=(64, 64), unique_colors=7
2026-06-12 03:05:58 | INFO | 🧠 Features: densité=0.996, sym_h=0.893, sym_v=0.926, clusters=12
2026-06-12 03:05:58 | INFO | 🎯 Action choisie: 6
2026-06-12 03:05:58 | INFO | 📥 Résultat: GameState.NOT_FINISHED
2026-06-12 03:05:58 | INFO | 
--- Action 27/200 ---
2026-06-12 03:05:58 | INFO | État: GameState.NOT_FINISHED
2026-06-12 03:05:58 | INFO | Niveaux complétés: 0/7
2026-06-12 03:05:58 | INFO | ✅ Grille extraite: shape=(64, 64), unique_colors=7
2026-06-12 03:05:58 | INFO | 🧠 Features: densité=0.996, sym_h=0.892, sym_v=0.926, clusters=12
2026-06-12 03:05:58 | INFO | 🎯 Action choisie: 6
2026-06-12 03:05:58 | INFO | 📥 Résultat: GameState.NOT_FINISHED
2026-06-12 03:05:58 | WARNING | ⚠️ Action 6 sans effet (état identique)
2026-06-12 03:05:58 | INFO | 
--- Action 28/200 ---
2026-06-12 03:05:58 | INFO | État: GameState.NOT_FINISHED
2026-06-12 03:05:58 | INFO | Niveaux complétés: 0/7
2026-06-12 03:05:58 | INFO | ✅ Grille extraite: shape=(64, 64), unique_colors=7
2026-06-12 03:05:58 | INFO | 🧠 Features: densité=0.996, sym_h=0.892, sym_v=0.926, clusters=12
2026-06-12 03:05:58 | INFO | 🎯 Action choisie: 2
2026-06-12 03:05:58 | INFO | 📥 Résultat: GameState.NOT_FINISHED
2026-06-12 03:05:58 | INFO | 
--- Action 29/200 ---
2026-06-12 03:05:58 | INFO | État: GameState.NOT_FINISHED
2026-06-12 03:05:58 | INFO | Niveaux complétés: 0/7
2026-06-12 03:05:58 | INFO | ✅ Grille extraite: shape=(64, 64), unique_colors=7
2026-06-12 03:05:58 | INFO | 🧠 Features: densité=0.995, sym_h=0.892, sym_v=0.926, clusters=12
2026-06-12 03:05:58 | INFO | 🎯 Action choisie: 2
2026-06-12 03:05:58 | INFO | 📥 Résultat: GameState.NOT_FINISHED
2026-06-12 03:05:58 | INFO | 
--- Action 30/200 ---
2026-06-12 03:05:58 | INFO | État: GameState.NOT_FINISHED
2026-06-12 03:05:58 | INFO | Niveaux complétés: 0/7
2026-06-12 03:05:58 | INFO | ✅ Grille extraite: shape=(64, 64), unique_colors=7
2026-06-12 03:05:58 | INFO | 🧠 Features: densité=0.995, sym_h=0.891, sym_v=0.929, clusters=12
2026-06-12 03:05:58 | INFO | 🎯 Action choisie: 2
2026-06-12 03:05:59 | INFO | 📥 Résultat: GameState.NOT_FINISHED
2026-06-12 03:05:59 | INFO | 
--- Action 31/200 ---
2026-06-12 03:05:59 | INFO | État: GameState.NOT_FINISHED
2026-06-12 03:05:59 | INFO | Niveaux complétés: 0/7
2026-06-12 03:05:59 | INFO | ✅ Grille extraite: shape=(64, 64), unique_colors=7
2026-06-12 03:05:59 | INFO | 🧠 Features: densité=0.995, sym_h=0.890, sym_v=0.926, clusters=12
2026-06-12 03:05:59 | INFO | 🎯 Action choisie: 2
2026-06-12 03:05:59 | INFO | 📥 Résultat: GameState.NOT_FINISHED
2026-06-12 03:05:59 | INFO | 
--- Action 32/200 ---
2026-06-12 03:05:59 | INFO | État: GameState.NOT_FINISHED
2026-06-12 03:05:59 | INFO | Niveaux complétés: 0/7
2026-06-12 03:05:59 | INFO | ✅ Grille extraite: shape=(64, 64), unique_colors=7
2026-06-12 03:05:59 | INFO | 🧠 Features: densité=0.995, sym_h=0.890, sym_v=0.926, clusters=12
2026-06-12 03:05:59 | INFO | 🎯 Action choisie: 4
2026-06-12 03:05:59 | INFO | 📥 Résultat: GameState.NOT_FINISHED
2026-06-12 03:05:59 | INFO | 
--- Action 33/200 ---
2026-06-12 03:05:59 | INFO | État: GameState.NOT_FINISHED
2026-06-12 03:05:59 | INFO | Niveaux complétés: 0/7
2026-06-12 03:05:59 | INFO | ✅ Grille extraite: shape=(64, 64), unique_colors=7
2026-06-12 03:05:59 | INFO | 🧠 Features: densité=0.995, sym_h=0.890, sym_v=0.926, clusters=12
2026-06-12 03:05:59 | INFO | 🎯 Action choisie: 3
2026-06-12 03:05:59 | INFO | 📥 Résultat: GameState.NOT_FINISHED
2026-06-12 03:05:59 | INFO | 
--- Action 34/200 ---
2026-06-12 03:05:59 | INFO | État: GameState.NOT_FINISHED
2026-06-12 03:05:59 | INFO | Niveaux complétés: 0/7
2026-06-12 03:05:59 | INFO | ✅ Grille extraite: shape=(64, 64), unique_colors=7
2026-06-12 03:05:59 | INFO | 🧠 Features: densité=0.995, sym_h=0.889, sym_v=0.926, clusters=12
2026-06-12 03:05:59 | INFO | 🎯 Action choisie: 1
2026-06-12 03:05:59 | INFO | 📥 Résultat: GameState.NOT_FINISHED
2026-06-12 03:05:59 | INFO | 
--- Action 35/200 ---
2026-06-12 03:05:59 | INFO | État: GameState.NOT_FINISHED
2026-06-12 03:05:59 | INFO | Niveaux complétés: 0/7
2026-06-12 03:05:59 | INFO | ✅ Grille extraite: shape=(64, 64), unique_colors=7
2026-06-12 03:05:59 | INFO | 🧠 Features: densité=0.994, sym_h=0.889, sym_v=0.926, clusters=12
2026-06-12 03:05:59 | INFO | 🎯 Action choisie: 1
2026-06-12 03:05:59 | INFO | 📥 Résultat: GameState.NOT_FINISHED
2026-06-12 03:05:59 | INFO | 
--- Action 36/200 ---
2026-06-12 03:05:59 | INFO | État: GameState.NOT_FINISHED
2026-06-12 03:05:59 | INFO | Niveaux complétés: 0/7
2026-06-12 03:05:59 | INFO | ✅ Grille extraite: shape=(64, 64), unique_colors=7
2026-06-12 03:05:59 | INFO | 🧠 Features: densité=0.994, sym_h=0.890, sym_v=0.929, clusters=12
2026-06-12 03:05:59 | INFO | 🎯 Action choisie: 4
2026-06-12 03:05:59 | INFO | 📥 Résultat: GameState.NOT_FINISHED
2026-06-12 03:05:59 | INFO | 
--- Action 37/200 ---
2026-06-12 03:05:59 | INFO | État: GameState.NOT_FINISHED
2026-06-12 03:05:59 | INFO | Niveaux complétés: 0/7
2026-06-12 03:05:59 | INFO | ✅ Grille extraite: shape=(64, 64), unique_colors=7
2026-06-12 03:05:59 | INFO | 🧠 Features: densité=0.994, sym_h=0.888, sym_v=0.929, clusters=13
2026-06-12 03:05:59 | INFO | 🎯 Action choisie: 4
2026-06-12 03:05:59 | INFO | 📥 Résultat: GameState.NOT_FINISHED
2026-06-12 03:05:59 | INFO | 
--- Action 38/200 ---
2026-06-12 03:05:59 | INFO | État: GameState.NOT_FINISHED
2026-06-12 03:05:59 | INFO | Niveaux complétés: 0/7
2026-06-12 03:05:59 | INFO | ✅ Grille extraite: shape=(64, 64), unique_colors=7
2026-06-12 03:05:59 | INFO | 🧠 Features: densité=0.993, sym_h=0.891, sym_v=0.930, clusters=12
2026-06-12 03:05:59 | INFO | 🎯 Action choisie: 1
2026-06-12 03:05:59 | INFO | 📥 Résultat: GameState.NOT_FINISHED
2026-06-12 03:05:59 | WARNING | ⚠️ Action 1 sans effet (état identique)
2026-06-12 03:05:59 | INFO | 
--- Action 39/200 ---
2026-06-12 03:05:59 | INFO | État: GameState.NOT_FINISHED
2026-06-12 03:05:59 | INFO | Niveaux complétés: 0/7
2026-06-12 03:05:59 | INFO | ✅ Grille extraite: shape=(64, 64), unique_colors=7
2026-06-12 03:05:59 | INFO | 🧠 Features: densité=0.993, sym_h=0.891, sym_v=0.930, clusters=12
2026-06-12 03:05:59 | INFO | 🎯 Action choisie: 2
2026-06-12 03:05:59 | INFO | 📥 Résultat: GameState.NOT_FINISHED
2026-06-12 03:05:59 | INFO | 
--- Action 40/200 ---
2026-06-12 03:05:59 | INFO | État: GameState.NOT_FINISHED
2026-06-12 03:05:59 | INFO | Niveaux complétés: 0/7
2026-06-12 03:05:59 | INFO | ✅ Grille extraite: shape=(64, 64), unique_colors=7
2026-06-12 03:05:59 | INFO | 🧠 Features: densité=0.993, sym_h=0.890, sym_v=0.930, clusters=12
2026-06-12 03:05:59 | INFO | 🎯 Action choisie: 2
2026-06-12 03:05:59 | INFO | 📥 Résultat: GameState.NOT_FINISHED
2026-06-12 03:05:59 | INFO | 
--- Action 41/200 ---
2026-06-12 03:05:59 | INFO | État: GameState.NOT_FINISHED
2026-06-12 03:05:59 | INFO | Niveaux complétés: 0/7
2026-06-12 03:05:59 | INFO | ✅ Grille extraite: shape=(64, 64), unique_colors=7
2026-06-12 03:05:59 | INFO | 🧠 Features: densité=0.993, sym_h=0.890, sym_v=0.930, clusters=12
2026-06-12 03:05:59 | INFO | 🎯 Action choisie: 2
2026-06-12 03:05:59 | INFO | 📥 Résultat: GameState.NOT_FINISHED
2026-06-12 03:05:59 | WARNING | ⚠️ Action 2 sans effet (état identique)
2026-06-12 03:05:59 | INFO | 
--- Action 42/200 ---
2026-06-12 03:05:59 | INFO | État: GameState.NOT_FINISHED
2026-06-12 03:05:59 | INFO | Niveaux complétés: 0/7
2026-06-12 03:05:59 | INFO | ✅ Grille extraite: shape=(64, 64), unique_colors=7
2026-06-12 03:05:59 | INFO | 🧠 Features: densité=0.993, sym_h=0.890, sym_v=0.930, clusters=12
2026-06-12 03:05:59 | INFO | 🎯 Action choisie: 1
2026-06-12 03:05:59 | INFO | 📥 Résultat: GameState.NOT_FINISHED
2026-06-12 03:05:59 | INFO | 
--- Action 43/200 ---
2026-06-12 03:05:59 | INFO | État: GameState.NOT_FINISHED
2026-06-12 03:05:59 | INFO | Niveaux complétés: 0/7
2026-06-12 03:05:59 | INFO | ✅ Grille extraite: shape=(64, 64), unique_colors=7
2026-06-12 03:05:59 | INFO | 🧠 Features: densité=0.992, sym_h=0.889, sym_v=0.930, clusters=12
2026-06-12 03:05:59 | INFO | 🎯 Action choisie: 4
2026-06-12 03:05:59 | INFO | 📥 Résultat: GameState.NOT_FINISHED
2026-06-12 03:05:59 | INFO | 
--- Action 44/200 ---
2026-06-12 03:05:59 | INFO | État: GameState.NOT_FINISHED
2026-06-12 03:05:59 | INFO | Niveaux complétés: 0/7
2026-06-12 03:05:59 | INFO | ✅ Grille extraite: shape=(64, 64), unique_colors=7
2026-06-12 03:05:59 | INFO | 🧠 Features: densité=0.993, sym_h=0.889, sym_v=0.930, clusters=11
2026-06-12 03:05:59 | INFO | 🎯 Action choisie: 3
2026-06-12 03:05:59 | INFO | 📥 Résultat: GameState.NOT_FINISHED
2026-06-12 03:05:59 | INFO | 
--- Action 45/200 ---
2026-06-12 03:05:59 | INFO | État: GameState.NOT_FINISHED
2026-06-12 03:05:59 | INFO | Niveaux complétés: 0/7
2026-06-12 03:05:59 | INFO | ✅ Grille extraite: shape=(64, 64), unique_colors=7
2026-06-12 03:05:59 | INFO | 🧠 Features: densité=0.993, sym_h=0.885, sym_v=0.928, clusters=12
2026-06-12 03:05:59 | INFO | 🎯 Action choisie: 2
2026-06-12 03:05:59 | INFO | 📥 Résultat: GameState.NOT_FINISHED
2026-06-12 03:05:59 | INFO | 
--- Action 46/200 ---
2026-06-12 03:05:59 | INFO | État: GameState.NOT_FINISHED
2026-06-12 03:05:59 | INFO | Niveaux complétés: 0/7
2026-06-12 03:05:59 | INFO | ✅ Grille extraite: shape=(64, 64), unique_colors=7
2026-06-12 03:05:59 | INFO | 🧠 Features: densité=0.993, sym_h=0.881, sym_v=0.925, clusters=11
2026-06-12 03:05:59 | INFO | 🎯 Action choisie: 6
2026-06-12 03:05:59 | INFO | 📥 Résultat: GameState.NOT_FINISHED
2026-06-12 03:05:59 | WARNING | ⚠️ Action 6 sans effet (état identique)
2026-06-12 03:05:59 | INFO | 
--- Action 47/200 ---
2026-06-12 03:05:59 | INFO | État: GameState.NOT_FINISHED
2026-06-12 03:05:59 | INFO | Niveaux complétés: 0/7
2026-06-12 03:05:59 | INFO | ✅ Grille extraite: shape=(64, 64), unique_colors=7
2026-06-12 03:05:59 | INFO | 🧠 Features: densité=0.993, sym_h=0.881, sym_v=0.925, clusters=11
2026-06-12 03:05:59 | INFO | 🎯 Action choisie: 4
2026-06-12 03:05:59 | INFO | 📥 Résultat: GameState.NOT_FINISHED
2026-06-12 03:05:59 | INFO | 
--- Action 48/200 ---
2026-06-12 03:05:59 | INFO | État: GameState.NOT_FINISHED
2026-06-12 03:05:59 | INFO | Niveaux complétés: 0/7
2026-06-12 03:05:59 | INFO | ✅ Grille extraite: shape=(64, 64), unique_colors=7
2026-06-12 03:05:59 | INFO | 🧠 Features: densité=0.992, sym_h=0.881, sym_v=0.925, clusters=11
2026-06-12 03:05:59 | INFO | 🎯 Action choisie: 3
2026-06-12 03:05:59 | INFO | 📥 Résultat: GameState.NOT_FINISHED
2026-06-12 03:05:59 | INFO | 
--- Action 49/200 ---
2026-06-12 03:05:59 | INFO | État: GameState.NOT_FINISHED
2026-06-12 03:05:59 | INFO | Niveaux complétés: 0/7
2026-06-12 03:05:59 | INFO | ✅ Grille extraite: shape=(64, 64), unique_colors=7
2026-06-12 03:05:59 | INFO | 🧠 Features: densité=0.992, sym_h=0.880, sym_v=0.925, clusters=11
2026-06-12 03:05:59 | INFO | 🎯 Action choisie: 1
2026-06-12 03:05:59 | INFO | 📥 Résultat: GameState.NOT_FINISHED
2026-06-12 03:05:59 | INFO | 
--- Action 50/200 ---
2026-06-12 03:05:59 | INFO | État: GameState.NOT_FINISHED
2026-06-12 03:05:59 | INFO | Niveaux complétés: 0/7
2026-06-12 03:05:59 | INFO | ✅ Grille extraite: shape=(64, 64), unique_colors=7
2026-06-12 03:05:59 | INFO | 🧠 Features: densité=0.992, sym_h=0.886, sym_v=0.928, clusters=11
2026-06-12 03:05:59 | INFO | 🎯 Action choisie: 2
2026-06-12 03:05:59 | INFO | 📥 Résultat: GameState.NOT_FINISHED
2026-06-12 03:05:59 | INFO | 
--- Action 51/200 ---
2026-06-12 03:05:59 | INFO | État: GameState.NOT_FINISHED
2026-06-12 03:05:59 | INFO | Niveaux complétés: 0/7
2026-06-12 03:05:59 | INFO | ✅ Grille extraite: shape=(64, 64), unique_colors=7
2026-06-12 03:05:59 | INFO | 🧠 Features: densité=0.992, sym_h=0.880, sym_v=0.925, clusters=11
2026-06-12 03:05:59 | INFO | 🎯 Action choisie: 1
2026-06-12 03:05:59 | INFO | 📥 Résultat: GameState.NOT_FINISHED
2026-06-12 03:05:59 | INFO | 
--- Action 52/200 ---
2026-06-12 03:05:59 | INFO | État: GameState.NOT_FINISHED
2026-06-12 03:05:59 | INFO | Niveaux complétés: 0/7
2026-06-12 03:05:59 | INFO | ✅ Grille extraite: shape=(64, 64), unique_colors=7
2026-06-12 03:05:59 | INFO | 🧠 Features: densité=0.992, sym_h=0.886, sym_v=0.928, clusters=11
2026-06-12 03:05:59 | INFO | 🎯 Action choisie: 2
2026-06-12 03:05:59 | INFO | 📥 Résultat: GameState.NOT_FINISHED
2026-06-12 03:05:59 | INFO | 
--- Action 53/200 ---
2026-06-12 03:05:59 | INFO | État: GameState.NOT_FINISHED
2026-06-12 03:05:59 | INFO | Niveaux complétés: 0/7
2026-06-12 03:05:59 | INFO | ✅ Grille extraite: shape=(64, 64), unique_colors=7
2026-06-12 03:05:59 | INFO | 🧠 Features: densité=0.992, sym_h=0.880, sym_v=0.925, clusters=11
2026-06-12 03:05:59 | INFO | 🎯 Action choisie: 1
2026-06-12 03:05:59 | INFO | 📥 Résultat: GameState.NOT_FINISHED
2026-06-12 03:05:59 | INFO | 
--- Action 54/200 ---
2026-06-12 03:05:59 | INFO | État: GameState.NOT_FINISHED
2026-06-12 03:05:59 | INFO | Niveaux complétés: 0/7
2026-06-12 03:05:59 | INFO | ✅ Grille extraite: shape=(64, 64), unique_colors=7
2026-06-12 03:05:59 | INFO | 🧠 Features: densité=0.991, sym_h=0.886, sym_v=0.928, clusters=11
2026-06-12 03:05:59 | INFO | 🎯 Action choisie: 1
2026-06-12 03:05:59 | INFO | 📥 Résultat: GameState.NOT_FINISHED
2026-06-12 03:05:59 | INFO | 
--- Action 55/200 ---
2026-06-12 03:05:59 | INFO | État: GameState.NOT_FINISHED
2026-06-12 03:05:59 | INFO | Niveaux complétés: 0/7
2026-06-12 03:05:59 | INFO | ✅ Grille extraite: shape=(64, 64), unique_colors=7
2026-06-12 03:05:59 | INFO | 🧠 Features: densité=0.991, sym_h=0.883, sym_v=0.925, clusters=11
2026-06-12 03:05:59 | INFO | 🎯 Action choisie: 3
2026-06-12 03:05:59 | INFO | 📥 Résultat: GameState.NOT_FINISHED
2026-06-12 03:05:59 | INFO | 
--- Action 56/200 ---
2026-06-12 03:05:59 | INFO | État: GameState.NOT_FINISHED
2026-06-12 03:05:59 | INFO | Niveaux complétés: 0/7
2026-06-12 03:05:59 | INFO | ✅ Grille extraite: shape=(64, 64), unique_colors=7
2026-06-12 03:06:00 | INFO | 🧠 Features: densité=0.991, sym_h=0.883, sym_v=0.927, clusters=11
2026-06-12 03:06:00 | INFO | 🎯 Action choisie: 1
2026-06-12 03:06:00 | INFO | 📥 Résultat: GameState.NOT_FINISHED
2026-06-12 03:06:00 | INFO | 
--- Action 57/200 ---
2026-06-12 03:06:00 | INFO | État: GameState.NOT_FINISHED
2026-06-12 03:06:00 | INFO | Niveaux complétés: 0/7
2026-06-12 03:06:00 | INFO | ✅ Grille extraite: shape=(64, 64), unique_colors=7
2026-06-12 03:06:00 | INFO | 🧠 Features: densité=0.991, sym_h=0.883, sym_v=0.925, clusters=11
2026-06-12 03:06:00 | INFO | 🎯 Action choisie: 6
2026-06-12 03:06:00 | INFO | 📥 Résultat: GameState.NOT_FINISHED
2026-06-12 03:06:00 | WARNING | ⚠️ Action 6 sans effet (état identique)
2026-06-12 03:06:00 | INFO | 
--- Action 58/200 ---
2026-06-12 03:06:00 | INFO | État: GameState.NOT_FINISHED
2026-06-12 03:06:00 | INFO | Niveaux complétés: 0/7
2026-06-12 03:06:00 | INFO | ✅ Grille extraite: shape=(64, 64), unique_colors=7
2026-06-12 03:06:00 | INFO | 🧠 Features: densité=0.991, sym_h=0.883, sym_v=0.925, clusters=11
2026-06-12 03:06:00 | INFO | 🎯 Action choisie: 1
2026-06-12 03:06:00 | INFO | 📥 Résultat: GameState.NOT_FINISHED
2026-06-12 03:06:00 | INFO | 
--- Action 59/200 ---
2026-06-12 03:06:00 | INFO | État: GameState.NOT_FINISHED
2026-06-12 03:06:00 | INFO | Niveaux complétés: 0/7
2026-06-12 03:06:00 | INFO | ✅ Grille extraite: shape=(64, 64), unique_colors=7
2026-06-12 03:06:00 | INFO | 🧠 Features: densité=0.991, sym_h=0.882, sym_v=0.927, clusters=11
2026-06-12 03:06:00 | INFO | 🎯 Action choisie: 2
2026-06-12 03:06:00 | INFO | 📥 Résultat: GameState.NOT_FINISHED
2026-06-12 03:06:00 | INFO | 
--- Action 60/200 ---
2026-06-12 03:06:00 | INFO | État: GameState.NOT_FINISHED
2026-06-12 03:06:00 | INFO | Niveaux complétés: 0/7
2026-06-12 03:06:00 | INFO | ✅ Grille extraite: shape=(64, 64), unique_colors=7
2026-06-12 03:06:00 | INFO | 🧠 Features: densité=0.990, sym_h=0.884, sym_v=0.925, clusters=11
2026-06-12 03:06:00 | INFO | 🎯 Action choisie: 4
2026-06-12 03:06:00 | INFO | 📥 Résultat: GameState.NOT_FINISHED
2026-06-12 03:06:00 | INFO | 
--- Action 61/200 ---
2026-06-12 03:06:00 | INFO | État: GameState.NOT_FINISHED
2026-06-12 03:06:00 | INFO | Niveaux complétés: 0/7
2026-06-12 03:06:00 | INFO | ✅ Grille extraite: shape=(64, 64), unique_colors=7
2026-06-12 03:06:00 | INFO | 🧠 Features: densité=0.990, sym_h=0.884, sym_v=0.925, clusters=11
2026-06-12 03:06:00 | INFO | 🎯 Action choisie: 2
2026-06-12 03:06:00 | INFO | 📥 Résultat: GameState.NOT_FINISHED
2026-06-12 03:06:00 | INFO | 
--- Action 62/200 ---
2026-06-12 03:06:00 | INFO | État: GameState.NOT_FINISHED
2026-06-12 03:06:00 | INFO | Niveaux complétés: 0/7
2026-06-12 03:06:00 | INFO | ✅ Grille extraite: shape=(64, 64), unique_colors=7
2026-06-12 03:06:00 | INFO | 🧠 Features: densité=0.990, sym_h=0.885, sym_v=0.925, clusters=11
2026-06-12 03:06:00 | INFO | 🎯 Action choisie: 3
2026-06-12 03:06:00 | INFO | 📥 Résultat: GameState.NOT_FINISHED
2026-06-12 03:06:00 | INFO | 
--- Action 63/200 ---
2026-06-12 03:06:00 | INFO | État: GameState.NOT_FINISHED
2026-06-12 03:06:00 | INFO | Niveaux complétés: 0/7
2026-06-12 03:06:00 | INFO | ✅ Grille extraite: shape=(64, 64), unique_colors=7
2026-06-12 03:06:00 | INFO | 🧠 Features: densité=0.990, sym_h=0.885, sym_v=0.927, clusters=11
2026-06-12 03:06:00 | INFO | 🎯 Action choisie: 4
2026-06-12 03:06:00 | INFO | 📥 Résultat: GameState.NOT_FINISHED
2026-06-12 03:06:00 | INFO | 
--- Action 64/200 ---
2026-06-12 03:06:00 | INFO | État: GameState.NOT_FINISHED
2026-06-12 03:06:00 | INFO | Niveaux complétés: 0/7
2026-06-12 03:06:00 | INFO | ✅ Grille extraite: shape=(64, 64), unique_colors=7
2026-06-12 03:06:00 | INFO | 🧠 Features: densité=0.990, sym_h=0.885, sym_v=0.925, clusters=11
2026-06-12 03:06:00 | INFO | 🎯 Action choisie: 4
2026-06-12 03:06:00 | INFO | 📥 Résultat: GameState.NOT_FINISHED
2026-06-12 03:06:00 | INFO | 
--- Action 65/200 ---
2026-06-12 03:06:00 | INFO | État: GameState.NOT_FINISHED
2026-06-12 03:06:00 | INFO | Niveaux complétés: 0/7
2026-06-12 03:06:00 | INFO | ✅ Grille extraite: shape=(64, 64), unique_colors=7
2026-06-12 03:06:00 | INFO | 🧠 Features: densité=0.990, sym_h=0.884, sym_v=0.925, clusters=11
2026-06-12 03:06:00 | INFO | 🎯 Action choisie: 3
2026-06-12 03:06:00 | INFO | 📥 Résultat: GameState.NOT_FINISHED
2026-06-12 03:06:00 | INFO | 
--- Action 66/200 ---
2026-06-12 03:06:00 | INFO | État: GameState.NOT_FINISHED
2026-06-12 03:06:00 | INFO | Niveaux complétés: 0/7
2026-06-12 03:06:00 | INFO | ✅ Grille extraite: shape=(64, 64), unique_colors=7
2026-06-12 03:06:00 | INFO | 🧠 Features: densité=0.990, sym_h=0.886, sym_v=0.925, clusters=11
2026-06-12 03:06:00 | INFO | 🎯 Action choisie: 3
2026-06-12 03:06:00 | INFO | 📥 Résultat: GameState.NOT_FINISHED
2026-06-12 03:06:00 | INFO | 
--- Action 67/200 ---
2026-06-12 03:06:00 | INFO | État: GameState.NOT_FINISHED
2026-06-12 03:06:00 | INFO | Niveaux complétés: 0/7
2026-06-12 03:06:00 | INFO | ✅ Grille extraite: shape=(64, 64), unique_colors=7
2026-06-12 03:06:00 | INFO | 🧠 Features: densité=0.990, sym_h=0.886, sym_v=0.927, clusters=11
2026-06-12 03:06:00 | INFO | 🎯 Action choisie: 1
2026-06-12 03:06:00 | INFO | 📥 Résultat: GameState.NOT_FINISHED
2026-06-12 03:06:00 | INFO | 
--- Action 68/200 ---
2026-06-12 03:06:00 | INFO | État: GameState.NOT_FINISHED
2026-06-12 03:06:00 | INFO | Niveaux complétés: 0/7
2026-06-12 03:06:00 | INFO | ✅ Grille extraite: shape=(64, 64), unique_colors=7
2026-06-12 03:06:00 | INFO | 🧠 Features: densité=0.989, sym_h=0.887, sym_v=0.925, clusters=11
2026-06-12 03:06:00 | INFO | 🎯 Action choisie: 3
2026-06-12 03:06:00 | INFO | 📥 Résultat: GameState.NOT_FINISHED
2026-06-12 03:06:00 | INFO | 
--- Action 69/200 ---
2026-06-12 03:06:00 | INFO | État: GameState.NOT_FINISHED
2026-06-12 03:06:00 | INFO | Niveaux complétés: 0/7
2026-06-12 03:06:00 | INFO | ✅ Grille extraite: shape=(64, 64), unique_colors=7
2026-06-12 03:06:00 | INFO | 🧠 Features: densité=0.989, sym_h=0.886, sym_v=0.925, clusters=11
2026-06-12 03:06:00 | INFO | 🎯 Action choisie: 6
2026-06-12 03:06:00 | INFO | 📥 Résultat: GameState.NOT_FINISHED
2026-06-12 03:06:00 | WARNING | ⚠️ Action 6 sans effet (état identique)
2026-06-12 03:06:00 | INFO | 
--- Action 70/200 ---
2026-06-12 03:06:00 | INFO | État: GameState.NOT_FINISHED
2026-06-12 03:06:00 | INFO | Niveaux complétés: 0/7
2026-06-12 03:06:00 | INFO | ✅ Grille extraite: shape=(64, 64), unique_colors=7
2026-06-12 03:06:00 | INFO | 🧠 Features: densité=0.989, sym_h=0.886, sym_v=0.925, clusters=11
2026-06-12 03:06:00 | INFO | 🎯 Action choisie: 6
2026-06-12 03:06:00 | INFO | 📥 Résultat: GameState.NOT_FINISHED
2026-06-12 03:06:00 | INFO | 
--- Action 71/200 ---
2026-06-12 03:06:00 | INFO | État: GameState.NOT_FINISHED
2026-06-12 03:06:00 | INFO | Niveaux complétés: 0/7
2026-06-12 03:06:00 | INFO | ✅ Grille extraite: shape=(64, 64), unique_colors=7
2026-06-12 03:06:00 | INFO | 🧠 Features: densité=0.989, sym_h=0.886, sym_v=0.925, clusters=11
2026-06-12 03:06:00 | INFO | 🎯 Action choisie: 2
2026-06-12 03:06:00 | INFO | 📥 Résultat: GameState.NOT_FINISHED
2026-06-12 03:06:00 | INFO | 
--- Action 72/200 ---
2026-06-12 03:06:00 | INFO | État: GameState.NOT_FINISHED
2026-06-12 03:06:00 | INFO | Niveaux complétés: 0/7
2026-06-12 03:06:00 | INFO | ✅ Grille extraite: shape=(64, 64), unique_colors=7
2026-06-12 03:06:00 | INFO | 🧠 Features: densité=0.989, sym_h=0.886, sym_v=0.927, clusters=11
2026-06-12 03:06:00 | INFO | 🎯 Action choisie: 1
2026-06-12 03:06:00 | INFO | 📥 Résultat: GameState.NOT_FINISHED
2026-06-12 03:06:00 | INFO | 
--- Action 73/200 ---
2026-06-12 03:06:00 | INFO | État: GameState.NOT_FINISHED
2026-06-12 03:06:00 | INFO | Niveaux complétés: 0/7
2026-06-12 03:06:00 | INFO | ✅ Grille extraite: shape=(64, 64), unique_colors=7
2026-06-12 03:06:00 | INFO | 🧠 Features: densité=0.989, sym_h=0.887, sym_v=0.925, clusters=11
2026-06-12 03:06:00 | INFO | 🎯 Action choisie: 1
2026-06-12 03:06:00 | INFO | 📥 Résultat: GameState.NOT_FINISHED
2026-06-12 03:06:00 | INFO | 
--- Action 74/200 ---
2026-06-12 03:06:00 | INFO | État: GameState.NOT_FINISHED
2026-06-12 03:06:00 | INFO | Niveaux complétés: 0/7
2026-06-12 03:06:00 | INFO | ✅ Grille extraite: shape=(64, 64), unique_colors=7
2026-06-12 03:06:00 | INFO | 🧠 Features: densité=0.988, sym_h=0.887, sym_v=0.927, clusters=11
2026-06-12 03:06:00 | INFO | 🎯 Action choisie: 1
2026-06-12 03:06:00 | INFO | 📥 Résultat: GameState.NOT_FINISHED
2026-06-12 03:06:00 | WARNING | ⚠️ Action 1 sans effet (état identique)
2026-06-12 03:06:00 | INFO | 
--- Action 75/200 ---
2026-06-12 03:06:00 | INFO | État: GameState.NOT_FINISHED
2026-06-12 03:06:00 | INFO | Niveaux complétés: 0/7
2026-06-12 03:06:00 | INFO | ✅ Grille extraite: shape=(64, 64), unique_colors=7
2026-06-12 03:06:00 | INFO | 🧠 Features: densité=0.988, sym_h=0.887, sym_v=0.927, clusters=11
2026-06-12 03:06:00 | INFO | 🎯 Action choisie: 2
2026-06-12 03:06:00 | INFO | 📥 Résultat: GameState.NOT_FINISHED
2026-06-12 03:06:00 | INFO | 
--- Action 76/200 ---
2026-06-12 03:06:00 | INFO | État: GameState.NOT_FINISHED
2026-06-12 03:06:00 | INFO | Niveaux complétés: 0/7
2026-06-12 03:06:00 | INFO | ✅ Grille extraite: shape=(64, 64), unique_colors=7
2026-06-12 03:06:00 | INFO | 🧠 Features: densité=0.988, sym_h=0.888, sym_v=0.925, clusters=11
2026-06-12 03:06:00 | INFO | 🎯 Action choisie: 3
2026-06-12 03:06:00 | INFO | 📥 Résultat: GameState.NOT_FINISHED
2026-06-12 03:06:00 | INFO | 
--- Action 77/200 ---
2026-06-12 03:06:00 | INFO | État: GameState.NOT_FINISHED
2026-06-12 03:06:00 | INFO | Niveaux complétés: 0/7
2026-06-12 03:06:00 | INFO | ✅ Grille extraite: shape=(64, 64), unique_colors=7
2026-06-12 03:06:00 | INFO | 🧠 Features: densité=0.988, sym_h=0.890, sym_v=0.925, clusters=11
2026-06-12 03:06:00 | INFO | 🎯 Action choisie: 3
2026-06-12 03:06:00 | INFO | 📥 Résultat: GameState.NOT_FINISHED
2026-06-12 03:06:00 | WARNING | ⚠️ Action 3 sans effet (état identique)
2026-06-12 03:06:00 | INFO | 
--- Action 78/200 ---
2026-06-12 03:06:00 | INFO | État: GameState.NOT_FINISHED
2026-06-12 03:06:00 | INFO | Niveaux complétés: 0/7
2026-06-12 03:06:00 | INFO | ✅ Grille extraite: shape=(64, 64), unique_colors=7
2026-06-12 03:06:00 | INFO | 🧠 Features: densité=0.988, sym_h=0.890, sym_v=0.925, clusters=11
2026-06-12 03:06:00 | INFO | 🎯 Action choisie: 1
2026-06-12 03:06:00 | INFO | 📥 Résultat: GameState.NOT_FINISHED
2026-06-12 03:06:00 | INFO | 
--- Action 79/200 ---
2026-06-12 03:06:00 | INFO | État: GameState.NOT_FINISHED
2026-06-12 03:06:00 | INFO | Niveaux complétés: 0/7
2026-06-12 03:06:00 | INFO | ✅ Grille extraite: shape=(64, 64), unique_colors=7
2026-06-12 03:06:00 | INFO | 🧠 Features: densité=0.988, sym_h=0.890, sym_v=0.927, clusters=11
2026-06-12 03:06:00 | INFO | 🎯 Action choisie: 2
2026-06-12 03:06:00 | INFO | 📥 Résultat: GameState.NOT_FINISHED
2026-06-12 03:06:00 | INFO | 
--- Action 80/200 ---
2026-06-12 03:06:00 | INFO | État: GameState.NOT_FINISHED
2026-06-12 03:06:00 | INFO | Niveaux complétés: 0/7
2026-06-12 03:06:00 | INFO | ✅ Grille extraite: shape=(64, 64), unique_colors=7
2026-06-12 03:06:00 | INFO | 🧠 Features: densité=0.987, sym_h=0.891, sym_v=0.925, clusters=11
2026-06-12 03:06:00 | INFO | 🎯 Action choisie: 6
2026-06-12 03:06:00 | INFO | 📥 Résultat: GameState.NOT_FINISHED
2026-06-12 03:06:00 | WARNING | ⚠️ Action 6 sans effet (état identique)
2026-06-12 03:06:00 | INFO | 
--- Action 81/200 ---
2026-06-12 03:06:00 | INFO | État: GameState.NOT_FINISHED
2026-06-12 03:06:00 | INFO | Niveaux complétés: 0/7
2026-06-12 03:06:00 | INFO | ✅ Grille extraite: shape=(64, 64), unique_colors=7
2026-06-12 03:06:00 | INFO | 🧠 Features: densité=0.987, sym_h=0.891, sym_v=0.925, clusters=11
2026-06-12 03:06:00 | INFO | 🎯 Action choisie: 3
2026-06-12 03:06:00 | INFO | 📥 Résultat: GameState.NOT_FINISHED
2026-06-12 03:06:00 | INFO | 
--- Action 82/200 ---
2026-06-12 03:06:00 | INFO | État: GameState.NOT_FINISHED
2026-06-12 03:06:00 | INFO | Niveaux complétés: 0/7
2026-06-12 03:06:00 | INFO | ✅ Grille extraite: shape=(64, 64), unique_colors=7
2026-06-12 03:06:01 | INFO | 🧠 Features: densité=0.987, sym_h=0.891, sym_v=0.925, clusters=11
2026-06-12 03:06:01 | INFO | 🎯 Action choisie: 2
2026-06-12 03:06:01 | INFO | 📥 Résultat: GameState.NOT_FINISHED
2026-06-12 03:06:01 | INFO | 
--- Action 83/200 ---
2026-06-12 03:06:01 | INFO | État: GameState.NOT_FINISHED
2026-06-12 03:06:01 | INFO | Niveaux complétés: 0/7
2026-06-12 03:06:01 | INFO | ✅ Grille extraite: shape=(64, 64), unique_colors=7
2026-06-12 03:06:01 | INFO | 🧠 Features: densité=0.987, sym_h=0.891, sym_v=0.927, clusters=11
2026-06-12 03:06:01 | INFO | 🎯 Action choisie: 2
2026-06-12 03:06:01 | INFO | 📥 Résultat: GameState.NOT_FINISHED
2026-06-12 03:06:01 | INFO | 
--- Action 84/200 ---
2026-06-12 03:06:01 | INFO | État: GameState.NOT_FINISHED
2026-06-12 03:06:01 | INFO | Niveaux complétés: 0/7
2026-06-12 03:06:01 | INFO | ✅ Grille extraite: shape=(64, 64), unique_colors=7
2026-06-12 03:06:01 | INFO | 🧠 Features: densité=0.987, sym_h=0.892, sym_v=0.929, clusters=11
2026-06-12 03:06:01 | INFO | 🎯 Action choisie: 4
2026-06-12 03:06:01 | INFO | 📥 Résultat: GameState.NOT_FINISHED
2026-06-12 03:06:01 | INFO | 
--- Action 85/200 ---
2026-06-12 03:06:01 | INFO | État: GameState.NOT_FINISHED
2026-06-12 03:06:01 | INFO | Niveaux complétés: 0/7
2026-06-12 03:06:01 | INFO | ✅ Grille extraite: shape=(64, 64), unique_colors=7
2026-06-12 03:06:01 | INFO | 🧠 Features: densité=0.987, sym_h=0.892, sym_v=0.929, clusters=11
2026-06-12 03:06:01 | INFO | 🎯 Action choisie: 3
2026-06-12 03:06:01 | INFO | 📥 Résultat: GameState.NOT_FINISHED
2026-06-12 03:06:01 | INFO | 
--- Action 86/200 ---
2026-06-12 03:06:01 | INFO | État: GameState.NOT_FINISHED
2026-06-12 03:06:01 | INFO | Niveaux complétés: 0/7
2026-06-12 03:06:01 | INFO | ✅ Grille extraite: shape=(64, 64), unique_colors=7
2026-06-12 03:06:01 | INFO | 🧠 Features: densité=0.987, sym_h=0.893, sym_v=0.929, clusters=11
2026-06-12 03:06:01 | INFO | 🎯 Action choisie: 2
2026-06-12 03:06:01 | INFO | 📥 Résultat: GameState.NOT_FINISHED
2026-06-12 03:06:01 | INFO | 
--- Action 87/200 ---
2026-06-12 03:06:01 | INFO | État: GameState.NOT_FINISHED
2026-06-12 03:06:01 | INFO | Niveaux complétés: 0/7
2026-06-12 03:06:01 | INFO | ✅ Grille extraite: shape=(64, 64), unique_colors=7
2026-06-12 03:06:01 | INFO | 🧠 Features: densité=0.986, sym_h=0.894, sym_v=0.927, clusters=11
2026-06-12 03:06:01 | INFO | 🎯 Action choisie: 6
2026-06-12 03:06:01 | INFO | 📥 Résultat: GameState.NOT_FINISHED
2026-06-12 03:06:01 | INFO | 
--- Action 88/200 ---
2026-06-12 03:06:01 | INFO | État: GameState.NOT_FINISHED
2026-06-12 03:06:01 | INFO | Niveaux complétés: 0/7
2026-06-12 03:06:01 | INFO | ✅ Grille extraite: shape=(64, 64), unique_colors=7
2026-06-12 03:06:01 | INFO | 🧠 Features: densité=0.986, sym_h=0.895, sym_v=0.927, clusters=11
2026-06-12 03:06:01 | INFO | 🎯 Action choisie: 3
2026-06-12 03:06:01 | INFO | 📥 Résultat: GameState.NOT_FINISHED
2026-06-12 03:06:01 | WARNING | ⚠️ Action 3 sans effet (état identique)
2026-06-12 03:06:01 | INFO | 
--- Action 89/200 ---
2026-06-12 03:06:01 | INFO | État: GameState.NOT_FINISHED
2026-06-12 03:06:01 | INFO | Niveaux complétés: 0/7
2026-06-12 03:06:01 | INFO | ✅ Grille extraite: shape=(64, 64), unique_colors=7
2026-06-12 03:06:01 | INFO | 🧠 Features: densité=0.986, sym_h=0.895, sym_v=0.927, clusters=11
2026-06-12 03:06:01 | INFO | 🎯 Action choisie: 1
2026-06-12 03:06:01 | INFO | 📥 Résultat: GameState.NOT_FINISHED
2026-06-12 03:06:01 | INFO | 
--- Action 90/200 ---
2026-06-12 03:06:01 | INFO | État: GameState.NOT_FINISHED
2026-06-12 03:06:01 | INFO | Niveaux complétés: 0/7
2026-06-12 03:06:01 | INFO | ✅ Grille extraite: shape=(64, 64), unique_colors=7
2026-06-12 03:06:01 | INFO | 🧠 Features: densité=0.986, sym_h=0.894, sym_v=0.929, clusters=11
2026-06-12 03:06:01 | INFO | 🎯 Action choisie: 4
2026-06-12 03:06:01 | INFO | 📥 Résultat: GameState.NOT_FINISHED
2026-06-12 03:06:01 | INFO | 
--- Action 91/200 ---
2026-06-12 03:06:01 | INFO | État: GameState.NOT_FINISHED
2026-06-12 03:06:01 | INFO | Niveaux complétés: 0/7
2026-06-12 03:06:01 | INFO | ✅ Grille extraite: shape=(64, 64), unique_colors=7
2026-06-12 03:06:01 | INFO | 🧠 Features: densité=0.986, sym_h=0.894, sym_v=0.929, clusters=11
2026-06-12 03:06:01 | INFO | 🎯 Action choisie: 4
2026-06-12 03:06:01 | INFO | 📥 Résultat: GameState.NOT_FINISHED
2026-06-12 03:06:01 | INFO | 
--- Action 92/200 ---
2026-06-12 03:06:01 | INFO | État: GameState.NOT_FINISHED
2026-06-12 03:06:01 | INFO | Niveaux complétés: 0/7
2026-06-12 03:06:01 | INFO | ✅ Grille extraite: shape=(64, 64), unique_colors=7
2026-06-12 03:06:01 | INFO | 🧠 Features: densité=0.986, sym_h=0.895, sym_v=0.929, clusters=11
2026-06-12 03:06:01 | INFO | 🎯 Action choisie: 1
2026-06-12 03:06:01 | INFO | 📥 Résultat: GameState.NOT_FINISHED
2026-06-12 03:06:01 | INFO | 
--- Action 93/200 ---
2026-06-12 03:06:01 | INFO | État: GameState.NOT_FINISHED
2026-06-12 03:06:01 | INFO | Niveaux complétés: 0/7
2026-06-12 03:06:01 | INFO | ✅ Grille extraite: shape=(64, 64), unique_colors=7
2026-06-12 03:06:01 | INFO | 🧠 Features: densité=0.985, sym_h=0.895, sym_v=0.927, clusters=11
2026-06-12 03:06:01 | INFO | 🎯 Action choisie: 3
2026-06-12 03:06:01 | INFO | 📥 Résultat: GameState.NOT_FINISHED
2026-06-12 03:06:01 | INFO | 
--- Action 94/200 ---
2026-06-12 03:06:01 | INFO | État: GameState.NOT_FINISHED
2026-06-12 03:06:01 | INFO | Niveaux complétés: 0/7
2026-06-12 03:06:01 | INFO | ✅ Grille extraite: shape=(64, 64), unique_colors=7
2026-06-12 03:06:01 | INFO | 🧠 Features: densité=0.985, sym_h=0.894, sym_v=0.927, clusters=11
2026-06-12 03:06:01 | INFO | 🎯 Action choisie: 4
2026-06-12 03:06:01 | INFO | 📥 Résultat: GameState.NOT_FINISHED
2026-06-12 03:06:01 | INFO | 
--- Action 95/200 ---
2026-06-12 03:06:01 | INFO | État: GameState.NOT_FINISHED
2026-06-12 03:06:01 | INFO | Niveaux complétés: 0/7
2026-06-12 03:06:01 | INFO | ✅ Grille extraite: shape=(64, 64), unique_colors=7
2026-06-12 03:06:01 | INFO | 🧠 Features: densité=0.985, sym_h=0.895, sym_v=0.927, clusters=11
2026-06-12 03:06:01 | INFO | 🎯 Action choisie: 1
2026-06-12 03:06:01 | INFO | 📥 Résultat: GameState.NOT_FINISHED
2026-06-12 03:06:01 | INFO | 
--- Action 96/200 ---
2026-06-12 03:06:01 | INFO | État: GameState.NOT_FINISHED
2026-06-12 03:06:01 | INFO | Niveaux complétés: 0/7
2026-06-12 03:06:01 | INFO | ✅ Grille extraite: shape=(64, 64), unique_colors=7
2026-06-12 03:06:01 | INFO | 🧠 Features: densité=0.985, sym_h=0.896, sym_v=0.925, clusters=11
2026-06-12 03:06:01 | INFO | 🎯 Action choisie: 2
2026-06-12 03:06:01 | INFO | 📥 Résultat: GameState.NOT_FINISHED
2026-06-12 03:06:01 | INFO | 
--- Action 97/200 ---
2026-06-12 03:06:01 | INFO | État: GameState.NOT_FINISHED
2026-06-12 03:06:01 | INFO | Niveaux complétés: 0/7
2026-06-12 03:06:01 | INFO | ✅ Grille extraite: shape=(64, 64), unique_colors=7
2026-06-12 03:06:01 | INFO | 🧠 Features: densité=0.985, sym_h=0.896, sym_v=0.927, clusters=11
2026-06-12 03:06:01 | INFO | 🎯 Action choisie: 1
2026-06-12 03:06:01 | INFO | 📥 Résultat: GameState.NOT_FINISHED
2026-06-12 03:06:01 | INFO | 
--- Action 98/200 ---
2026-06-12 03:06:01 | INFO | État: GameState.NOT_FINISHED
2026-06-12 03:06:01 | INFO | Niveaux complétés: 0/7
2026-06-12 03:06:01 | INFO | ✅ Grille extraite: shape=(64, 64), unique_colors=7
2026-06-12 03:06:01 | INFO | 🧠 Features: densité=0.985, sym_h=0.896, sym_v=0.925, clusters=11
2026-06-12 03:06:01 | INFO | 🎯 Action choisie: 6
2026-06-12 03:06:01 | INFO | 📥 Résultat: GameState.NOT_FINISHED
2026-06-12 03:06:01 | INFO | 
--- Action 99/200 ---
2026-06-12 03:06:01 | INFO | État: GameState.NOT_FINISHED
2026-06-12 03:06:01 | INFO | Niveaux complétés: 0/7
2026-06-12 03:06:01 | INFO | ✅ Grille extraite: shape=(64, 64), unique_colors=7
2026-06-12 03:06:01 | INFO | 🧠 Features: densité=0.984, sym_h=0.896, sym_v=0.925, clusters=10
2026-06-12 03:06:01 | INFO | 🎯 Action choisie: 3
2026-06-12 03:06:01 | INFO | 📥 Résultat: GameState.NOT_FINISHED
2026-06-12 03:06:01 | INFO | 
--- Action 100/200 ---
2026-06-12 03:06:01 | INFO | État: GameState.NOT_FINISHED
2026-06-12 03:06:01 | INFO | Niveaux complétés: 0/7
2026-06-12 03:06:01 | INFO | ✅ Grille extraite: shape=(64, 64), unique_colors=7
2026-06-12 03:06:01 | INFO | 🧠 Features: densité=0.984, sym_h=0.895, sym_v=0.925, clusters=10
2026-06-12 03:06:01 | INFO | 🎯 Action choisie: 1
2026-06-12 03:06:01 | INFO | 📥 Résultat: GameState.GAME_OVER
2026-06-12 03:06:01 | INFO | 💾 Logs forensiques sauvegardés dans: /home/lvx/LVX/lumvorax2/src/MAGEN/logs/forensic/v2_intelligent/ka59_38d34dbb
2026-06-12 03:06:01 | INFO | 
======================================================================
2026-06-12 03:06:01 | INFO | ✅ JEU TERMINÉ: ka59-38d34dbb
2026-06-12 03:06:01 | INFO |    Succès: False
2026-06-12 03:06:01 | INFO |    Niveaux: 0/7
2026-06-12 03:06:01 | INFO |    Actions: 100
2026-06-12 03:06:01 | INFO |    Durée: 5.60s
2026-06-12 03:06:01 | INFO | ======================================================================
🎮 Test 10/10: ka59-38d34: 100%|██████████| 10/10 [00:51<00:00,  5.00s/jeu]🎮 Test 10/10: ka59-38d34: 100%|██████████| 10/10 [00:51<00:00,  5.16s/jeu]
2026-06-12 03:06:01 | INFO | 
======================================================================
2026-06-12 03:06:01 | INFO | 📊 RAPPORT FINAL V2 INTELLIGENT
2026-06-12 03:06:01 | INFO | ======================================================================
2026-06-12 03:06:01 | INFO | Jeux testés: 10
2026-06-12 03:06:01 | INFO | Succès: 0/10 (0.0%)
2026-06-12 03:06:01 | INFO | Actions totales: 935
2026-06-12 03:06:01 | INFO | Durée totale: 51.53s
2026-06-12 03:06:01 | INFO | Moyenne actions/jeu: 93.5
2026-06-12 03:06:01 | INFO | 
📈 STATISTIQUES AGENT V2:
2026-06-12 03:06:01 | INFO |    Patterns appris: 0
2026-06-12 03:06:01 | INFO |    Patterns utilisés: 0
2026-06-12 03:06:01 | INFO |    Taux succès patterns: 0.0%
2026-06-12 03:06:01 | INFO |    Exploration rate final: 0.500
2026-06-12 03:06:01 | INFO | 
💾 Résultats sauvegardés: /home/lvx/LVX/lumvorax2/src/MAGEN/logs/forensic/v2_intelligent/results_summary.json
2026-06-12 03:06:01 | INFO | ======================================================================
[ARC Agent V2] 🎲 Exploration: action 1
[ARC Agent V2] 🧠 Exploitation: action 2
[ARC Agent V2] 🎲 Exploration: action 4
[ARC Agent V2] 🧠 Exploitation: action 2
[ARC Agent V2] 🎲 Exploration: action 2
[ARC Agent V2] 🎲 Exploration: action 6
[ARC Agent V2] 🎲 Exploration: action 2
[ARC Agent V2] 🧠 Exploitation: action 1
[ARC Agent V2] 🎲 Exploration: action 1
[ARC Agent V2] 🧠 Exploitation: action 3
[ARC Agent V2] 🧠 Exploitation: action 1
[ARC Agent V2] 🧠 Exploitation: action 2
[ARC Agent V2] 🧠 Exploitation: action 1
[ARC Agent V2] 🧠 Exploitation: action 3
[ARC Agent V2] 🎲 Exploration: action 1
[ARC Agent V2] 🎲 Exploration: action 2
[ARC Agent V2] 🎲 Exploration: action 4
[ARC Agent V2] 🧠 Exploitation: action 2
[ARC Agent V2] 🧠 Exploitation: action 2
[ARC Agent V2] 🎲 Exploration: action 1
[ARC Agent V2] 🧠 Exploitation: action 3
[ARC Agent V2] 🎲 Exploration: action 1
[ARC Agent V2] 🧠 Exploitation: action 1
[ARC Agent V2] 🎲 Exploration: action 1
[ARC Agent V2] 🧠 Exploitation: action 4
[ARC Agent V2] 🧠 Exploitation: action 6
[ARC Agent V2] 🎲 Exploration: action 6
[ARC Agent V2] 🎲 Exploration: action 2
[ARC Agent V2] 🧠 Exploitation: action 2
[ARC Agent V2] 🎲 Exploration: action 2
[ARC Agent V2] 🎲 Exploration: action 2
[ARC Agent V2] 🎲 Exploration: action 4
[ARC Agent V2] 🧠 Exploitation: action 3
[ARC Agent V2] 🧠 Exploitation: action 1
[ARC Agent V2] 🧠 Exploitation: action 1
[ARC Agent V2] 🎲 Exploration: action 4
[ARC Agent V2] 🧠 Exploitation: action 4
[ARC Agent V2] 🎲 Exploration: action 1
[ARC Agent V2] 🎲 Exploration: action 2
[ARC Agent V2] 🧠 Exploitation: action 2
[ARC Agent V2] 🎲 Exploration: action 2
[ARC Agent V2] 🎲 Exploration: action 1
[ARC Agent V2] 🎲 Exploration: action 4
[ARC Agent V2] 🧠 Exploitation: action 3
[ARC Agent V2] 🧠 Exploitation: action 2
[ARC Agent V2] 🧠 Exploitation: action 6
[ARC Agent V2] 🧠 Exploitation: action 4
[ARC Agent V2] 🎲 Exploration: action 3
[ARC Agent V2] 🧠 Exploitation: action 1
[ARC Agent V2] 🎲 Exploration: action 2
[ARC Agent V2] 🎲 Exploration: action 1
[ARC Agent V2] 🧠 Exploitation: action 2
[ARC Agent V2] 🎲 Exploration: action 1
[ARC Agent V2] 🧠 Exploitation: action 1
[ARC Agent V2] 🎲 Exploration: action 3
[ARC Agent V2] 🎲 Exploration: action 1
[ARC Agent V2] 🧠 Exploitation: action 6
[ARC Agent V2] 🧠 Exploitation: action 1
[ARC Agent V2] 🎲 Exploration: action 2
[ARC Agent V2] 🎲 Exploration: action 4
[ARC Agent V2] 🎲 Exploration: action 2
[ARC Agent V2] 🎲 Exploration: action 3
[ARC Agent V2] 🎲 Exploration: action 4
[ARC Agent V2] 🎲 Exploration: action 4
[ARC Agent V2] 🧠 Exploitation: action 3
[ARC Agent V2] 🧠 Exploitation: action 3
[ARC Agent V2] 🎲 Exploration: action 1
[ARC Agent V2] 🧠 Exploitation: action 3
[ARC Agent V2] 🧠 Exploitation: action 6
[ARC Agent V2] 🧠 Exploitation: action 6
[ARC Agent V2] 🧠 Exploitation: action 2
[ARC Agent V2] 🎲 Exploration: action 1
[ARC Agent V2] 🧠 Exploitation: action 1
[ARC Agent V2] 🎲 Exploration: action 1
[ARC Agent V2] 🎲 Exploration: action 2
[ARC Agent V2] 🎲 Exploration: action 3
[ARC Agent V2] 🎲 Exploration: action 3
[ARC Agent V2] 🎲 Exploration: action 1
[ARC Agent V2] 🎲 Exploration: action 2
[ARC Agent V2] 🧠 Exploitation: action 6
[ARC Agent V2] 🎲 Exploration: action 3
[ARC Agent V2] 🎲 Exploration: action 2
[ARC Agent V2] 🧠 Exploitation: action 2
[ARC Agent V2] 🎲 Exploration: action 4
[ARC Agent V2] 🧠 Exploitation: action 3
[ARC Agent V2] 🧠 Exploitation: action 2
[ARC Agent V2] 🎲 Exploration: action 6
[ARC Agent V2] 🎲 Exploration: action 3
[ARC Agent V2] 🎲 Exploration: action 1
[ARC Agent V2] 🧠 Exploitation: action 4
[ARC Agent V2] 🧠 Exploitation: action 4
[ARC Agent V2] 🎲 Exploration: action 1
[ARC Agent V2] 🧠 Exploitation: action 3
[ARC Agent V2] 🎲 Exploration: action 4
[ARC Agent V2] 🎲 Exploration: action 1
[ARC Agent V2] 🧠 Exploitation: action 2
[ARC Agent V2] 🧠 Exploitation: action 1
[ARC Agent V2] 🧠 Exploitation: action 6
[ARC Agent V2] 🎲 Exploration: action 3
[ARC Agent V2] 🧠 Exploitation: action 1
[ARC Agent V2] ✗ Échec. Exploration rate augmenté à 0.500
