[ 5392.907904] i915 0000:00:02.0: [drm:drm_ioctl] comm="bobide" pid=29641, dev=0xe280, auth=0, I915_GET_RESET_STATS
[ 5392.907932] i915 0000:00:02.0: [drm:drm_ioctl] comm="bobide" pid=29641, dev=0xe280, auth=0, I915_GET_RESET_STATS
[ 5392.907959] i915 0000:00:02.0: [drm:drm_ioctl] comm="gnome-shell" pid=14875, dev=0xe201, auth=1, I915_GEM_EXECBUFFER2_WR
[ 5392.908162] i915 0000:00:02.0: [drm:drm_ioctl] comm="gnome-shell" pid=14875, dev=0xe201, auth=1, I915_GEM_MADVISE
[ 5392.908176] i915 0000:00:02.0: [drm:drm_ioctl] comm="gnome-shell" pid=14875, dev=0xe201, auth=1, DRM_IOCTL_SYNCOBJ_WAIT
[ 5392.908188] i915 0000:00:02.0: [drm:drm_ioctl] comm="gnome-shell" pid=14875, dev=0xe201, auth=1, I915_GEM_MADVISE
[ 5392.908196] i915 0000:00:02.0: [drm:drm_ioctl] comm="gnome-shell" pid=14875, dev=0xe201, auth=1, DRM_IOCTL_SYNCOBJ_CREATE
[ 5392.908247] i915 0000:00:02.0: [drm:drm_ioctl] comm="gnome-shell" pid=14875, dev=0xe201, auth=1, I915_REG_READ
[ 5392.908319] i915 0000:00:02.0: [drm:drm_ioctl] comm="bobide" pid=29641, dev=0xe280, auth=0, I915_GEM_EXECBUFFER2_WR
[ 5392.908398] i915 0000:00:02.0: [drm:drm_ioctl] comm="bobide" pid=29641, dev=0xe280, auth=0, I915_GEM_MADVISE
[ 5392.908410] i915 0000:00:02.0: [drm:drm_ioctl] comm="bobide" pid=29641, dev=0xe280, auth=0, DRM_IOCTL_SYNCOBJ_WAIT
[ 5392.908413] i915 0000:00:02.0: [drm:drm_ioctl] comm="gnome-shell" pid=14875, dev=0xe201, auth=1, I915_GEM_EXECBUFFER2_WR
[ 5392.908421] i915 0000:00:02.0: [drm:drm_ioctl] comm="bobide" pid=29641, dev=0xe280, auth=0, I915_GEM_MADVISE
[ 5392.908430] i915 0000:00:02.0: [drm:drm_ioctl] comm="bobide" pid=29641, dev=0xe280, auth=0, DRM_IOCTL_SYNCOBJ_CREATE
[ 5392.908438] i915 0000:00:02.0: [drm:drm_ioctl] comm="gnome-shell" pid=14875, dev=0xe201, auth=1, I915_GEM_MADVISE
[ 5392.908446] i915 0000:00:02.0: [drm:drm_ioctl] comm="gnome-shell" pid=14875, dev=0xe201, auth=1, DRM_IOCTL_SYNCOBJ_WAIT
[ 5392.908454] i915 0000:00:02.0: [drm:drm_ioctl] comm="gnome-shell" pid=14875, dev=0xe201, auth=1, DRM_IOCTL_SYNCOBJ_DESTROY
[ 5392.908457] i915 0000:00:02.0: [drm:drm_ioctl] comm="bobide" pid=29641, dev=0xe280, auth=0, DRM_IOCTL_SYNCOBJ_HANDLE_TO_FD
[ 5392.908462] i915 0000:00:02.0: [drm:drm_ioctl] comm="gnome-shell" pid=14875, dev=0xe201, auth=1, I915_GEM_MADVISE
[ 5392.908470] i915 0000:00:02.0: [drm:drm_ioctl] comm="gnome-shell" pid=14875, dev=0xe201, auth=1, DRM_IOCTL_SYNCOBJ_CREATE
[ 5392.908522] i915 0000:00:02.0: [drm:drm_ioctl] comm="gnome-shell" pid=14875, dev=0xe201, auth=1, I915_GEM_SET_TILING
[ 5392.908540] i915 0000:00:02.0: [drm:drm_ioctl] comm="gnome-shell" pid=14875, dev=0xe201, auth=1, I915_GEM_SET_TILING
[ 5392.908555] i915 0000:00:02.0: [drm:drm_ioctl] comm="gnome-shell" pid=14875, dev=0xe201, auth=1, DRM_IOCTL_MODE_ADDFB2
[ 5392.908589] i915 0000:00:02.0: [drm:drm_mode_addfb2] [FB:136]
[ 5392.909025] i915 0000:00:02.0: [drm:drm_ioctl] comm="gnome-shell" pid=14875, dev=0xe201, auth=1, DRM_IOCTL_MODE_CLOSEFB
[ 5392.909038] [drm:drm_mode_object_put.part.0] OBJ ID: 133 (2)
[ 5392.909047] [drm:drm_mode_object_put.part.0] OBJ ID: 133 (1)
[ 5392.909160] i915 0000:00:02.0: [drm:drm_ioctl] comm="KMS thread" pid=14945, dev=0xe201, auth=1, DRM_IOCTL_MODE_ATOMIC
[ 5392.909170] i915 0000:00:02.0: [drm:drm_atomic_state_init] Allocated atomic state 0000000013c7a73e
[ 5392.909185] [drm:drm_mode_object_get] OBJ ID: 139 (3)
[ 5392.909191] [drm:drm_mode_object_get] OBJ ID: 139 (4)
[ 5392.909195] i915 0000:00:02.0: [drm:drm_atomic_get_plane_state] Added [PLANE:33:plane 1A] 00000000d593cf1c state to 0000000013c7a73e
[ 5392.909210] [drm:drm_mode_object_get] OBJ ID: 135 (1)
[ 5392.909215] [drm:drm_mode_object_get] OBJ ID: 137 (3)
[ 5392.909219] [drm:drm_mode_object_get] OBJ ID: 137 (4)
[ 5392.909223] [drm:drm_mode_object_get] OBJ ID: 137 (5)
[ 5392.909228] i915 0000:00:02.0: [drm:drm_atomic_get_crtc_state] Added [CRTC:56:pipe A] 000000003fc0ba5b state to 0000000013c7a73e
[ 5392.909239] i915 0000:00:02.0: [drm:drm_atomic_set_fb_for_plane] Set [FB:136] for [PLANE:33:plane 1A] state 00000000d593cf1c
[ 5392.909245] [drm:drm_mode_object_get] OBJ ID: 136 (3)
[ 5392.909250] [drm:drm_mode_object_put.part.0] OBJ ID: 139 (5)
[ 5392.909255] [drm:drm_mode_object_put.part.0] OBJ ID: 136 (4)
[ 5392.909259] [drm:drm_mode_object_put.part.0] OBJ ID: 136 (3)
[ 5392.909268] i915 0000:00:02.0: [drm:drm_atomic_check_only] checking 0000000013c7a73e
[ 5392.909288] [drm:drm_mode_object_put.part.0] OBJ ID: 139 (4)
[ 5392.909293] [drm:drm_mode_object_get] OBJ ID: 136 (2)
[ 5392.909311] i915 0000:00:02.0: [drm:intel_plane_atomic_calc_changes [i915]] [CRTC:56:pipe A] with [PLANE:33:plane 1A] visible 1 -> 1, off 0, on 0, ms 0
[ 5392.911237] i915 0000:00:02.0: [drm:intel_atomic_get_global_obj_state [i915]] Added new global object 00000000bc0392d3 state 000000000f10de6d to 0000000013c7a73e
[ 5392.912827] i915 0000:00:02.0: [drm:drm_atomic_nonblocking_commit] committing 0000000013c7a73e nonblocking
[ 5392.912900] i915 0000:00:02.0: [drm:drm_crtc_vblank_helper_get_vblank_timestamp_internal] crtc 0 : v p(0,432)@ 5392.829098 -> 5392.822739 [e 0 us, 0 rep]
[ 5392.912922] i915 0000:00:02.0: [drm:drm_update_vblank_count] updating vblank count on crtc 0: current=323256, diff=0, hw=324075 hw_last=324075
[ 5392.917223] i915 0000:00:02.0: [drm:drm_ioctl] comm="bobide" pid=29641, dev=0xe280, auth=0, I915_GET_RESET_STATS
[ 5392.917253] i915 0000:00:02.0: [drm:drm_ioctl] comm="bobide" pid=29641, dev=0xe280, auth=0, I915_GET_RESET_STATS
[ 5392.917310] i915 0000:00:02.0: [drm:drm_ioctl] comm="gnome-shell" pid=14875, dev=0xe201, auth=1, DRM_IOCTL_SYNCOBJ_CREATE
[ 5392.917329] i915 0000:00:02.0: [drm:drm_ioctl] comm="gnome-shell" pid=14875, dev=0xe201, auth=1, DRM_IOCTL_SYNCOBJ_HANDLE_TO_FD
[ 5392.917352] i915 0000:00:02.0: [drm:drm_ioctl] comm="gnome-shell" pid=14875, dev=0xe201, auth=1, DRM_IOCTL_SYNCOBJ_DESTROY
[ 5392.917785] i915 0000:00:02.0: [drm:drm_ioctl] comm="bobide" pid=29641, dev=0xe280, auth=0, DRM_IOCTL_SYNCOBJ_WAIT
[ 5392.918072] i915 0000:00:02.0: [drm:drm_ioctl] comm="bobide" pid=29641, dev=0xe280, auth=0, DRM_IOCTL_SYNCOBJ_DESTROY
[ 5392.918101] i915 0000:00:02.0: [drm:drm_ioctl] comm="bobide" pid=29641, dev=0xe280, auth=0, DRM_IOCTL_SYNCOBJ_WAIT
[ 5392.918111] i915 0000:00:02.0: [drm:drm_ioctl] comm="bobide" pid=29641, dev=0xe280, auth=0, DRM_IOCTL_SYNCOBJ_WAIT
[ 5392.918119] i915 0000:00:02.0: [drm:drm_ioctl] comm="bobide" pid=29641, dev=0xe280, auth=0, DRM_IOCTL_SYNCOBJ_WAIT
[ 5392.918126] i915 0000:00:02.0: [drm:drm_ioctl] comm="bobide" pid=29641, dev=0xe280, auth=0, DRM_IOCTL_SYNCOBJ_WAIT
[ 5392.918134] i915 0000:00:02.0: [drm:drm_ioctl] comm="bobide" pid=29641, dev=0xe280, auth=0, DRM_IOCTL_SYNCOBJ_WAIT
[ 5392.918142] i915 0000:00:02.0: [drm:drm_ioctl] comm="bobide" pid=29641, dev=0xe280, auth=0, DRM_IOCTL_SYNCOBJ_WAIT
[ 5392.918149] i915 0000:00:02.0: [drm:drm_ioctl] comm="bobide" pid=29641, dev=0xe280, auth=0, DRM_IOCTL_SYNCOBJ_WAIT
[ 5392.918156] i915 0000:00:02.0: [drm:drm_ioctl] comm="bobide" pid=29641, dev=0xe280, auth=0, DRM_IOCTL_SYNCOBJ_WAIT
[ 5392.918163] i915 0000:00:02.0: [drm:drm_ioctl] comm="bobide" pid=29641, dev=0xe280, auth=0, DRM_IOCTL_SYNCOBJ_WAIT
[ 5392.918171] i915 0000:00:02.0: [drm:drm_ioctl] comm="bobide" pid=29641, dev=0xe280, auth=0, DRM_IOCTL_SYNCOBJ_WAIT
[ 5392.918179] i915 0000:00:02.0: [drm:drm_ioctl] comm="bobide" pid=29641, dev=0xe280, auth=0, DRM_IOCTL_SYNCOBJ_DESTROY
[ 5392.918192] i915 0000:00:02.0: [drm:drm_ioctl] comm="bobide" pid=29641, dev=0xe280, auth=0, DRM_IOCTL_SYNCOBJ_WAIT
[ 5392.918201] i915 0000:00:02.0: [drm:drm_ioctl] comm="bobide" pid=29641, dev=0xe280, auth=0, DRM_IOCTL_SYNCOBJ_WAIT
[ 5392.919954] i915 0000:00:02.0: [drm:drm_ioctl] comm="bobide" pid=29641, dev=0xe280, auth=0, DRM_IOCTL_SYNCOBJ_WAIT
[ 5392.920000] i915 0000:00:02.0: [drm:drm_ioctl] comm="bobide" pid=29641, dev=0xe280, auth=0, DRM_IOCTL_SYNCOBJ_WAIT
[ 5392.920010] i915 0000:00:02.0: [drm:drm_ioctl] comm="bobide" pid=29641, dev=0xe280, auth=0, I915_GEM_MADVISE
[ 5392.922447] i915 0000:00:02.0: [drm:drm_crtc_vblank_helper_get_vblank_timestamp_internal] crtc 0 : v p(0,-52)@ 5392.838640 -> 5392.839406 [e 0 us, 0 rep]
[ 5392.922507] i915 0000:00:02.0: [drm:drm_update_vblank_count] updating vblank count on crtc 0: current=323256, diff=1, hw=324076 hw_last=324075
[ 5392.922519] i915 0000:00:02.0: [drm:drm_handle_vblank_events] vblank event on 323257, current 323257
[ 5392.922580] i915 0000:00:02.0: [drm:drm_atomic_state_default_clear] Clearing atomic state 0000000013c7a73e
[ 5392.922593] [drm:drm_mode_object_put.part.0] OBJ ID: 135 (2)
[ 5392.922606] [drm:drm_mode_object_put.part.0] OBJ ID: 137 (6)
[ 5392.922612] [drm:drm_mode_object_put.part.0] OBJ ID: 137 (5)
[ 5392.922617] [drm:drm_mode_object_put.part.0] OBJ ID: 137 (4)
[ 5392.922623] [drm:drm_mode_object_put.part.0] OBJ ID: 139 (3)
[ 5392.922629] [drm:drm_mode_object_put.part.0] OBJ ID: 139 (2)
[ 5392.922637] i915 0000:00:02.0: [drm:__drm_atomic_state_free] Freeing atomic state 0000000013c7a73e
[ 5392.924273] i915 0000:00:02.0: [drm:drm_ioctl] comm="gnome-shell" pid=14875, dev=0xe201, auth=1, I915_GEM_EXECBUFFER2_WR
[ 5392.924470] i915 0000:00:02.0: [drm:drm_ioctl] comm="gnome-shell" pid=14875, dev=0xe201, auth=1, I915_GEM_MADVISE
[ 5392.924487] i915 0000:00:02.0: [drm:drm_ioctl] comm="gnome-shell" pid=14875, dev=0xe201, auth=1, DRM_IOCTL_SYNCOBJ_WAIT
[ 5392.924501] i915 0000:00:02.0: [drm:drm_ioctl] comm="gnome-shell" pid=14875, dev=0xe201, auth=1, I915_GEM_MADVISE
[ 5392.924509] i915 0000:00:02.0: [drm:drm_ioctl] comm="gnome-shell" pid=14875, dev=0xe201, auth=1, DRM_IOCTL_SYNCOBJ_CREATE
[ 5392.924531] i915 0000:00:02.0: [drm:drm_ioctl] comm="gnome-shell" pid=14875, dev=0xe201, auth=1, I915_REG_READ
[ 5392.924730] i915 0000:00:02.0: [drm:drm_ioctl] comm="gnome-shell" pid=14875, dev=0xe201, auth=1, I915_GEM_EXECBUFFER2_WR
[ 5392.924785] i915 0000:00:02.0: [drm:drm_ioctl] comm="gnome-shell" pid=14875, dev=0xe201, auth=1, I915_GEM_MADVISE
[ 5392.924830] i915 0000:00:02.0: [drm:drm_ioctl] comm="gnome-shell" pid=14875, dev=0xe201, auth=1, DRM_IOCTL_SYNCOBJ_WAIT
[ 5392.924841] i915 0000:00:02.0: [drm:drm_ioctl] comm="gnome-shell" pid=14875, dev=0xe201, auth=1, DRM_IOCTL_SYNCOBJ_DESTROY
[ 5392.924850] i915 0000:00:02.0: [drm:drm_ioctl] comm="gnome-shell" pid=14875, dev=0xe201, auth=1, I915_GEM_MADVISE
[ 5392.924858] i915 0000:00:02.0: [drm:drm_ioctl] comm="gnome-shell" pid=14875, dev=0xe201, auth=1, DRM_IOCTL_SYNCOBJ_CREATE
[ 5392.924967] i915 0000:00:02.0: [drm:drm_ioctl] comm="gnome-shell" pid=14875, dev=0xe201, auth=1, I915_GEM_SET_TILING
[ 5392.925001] i915 0000:00:02.0: [drm:drm_ioctl] comm="gnome-shell" pid=14875, dev=0xe201, auth=1, I915_GEM_SET_TILING
[ 5392.925015] i915 0000:00:02.0: [drm:drm_ioctl] comm="gnome-shell" pid=14875, dev=0xe201, auth=1, DRM_IOCTL_MODE_ADDFB2
[ 5392.925050] i915 0000:00:02.0: [drm:drm_mode_addfb2] [FB:133]
[ 5392.925516] i915 0000:00:02.0: [drm:drm_ioctl] comm="gnome-shell" pid=14875, dev=0xe201, auth=1, DRM_IOCTL_MODE_CLOSEFB
[ 5392.925529] [drm:drm_mode_object_put.part.0] OBJ ID: 139 (2)
[ 5392.925539] [drm:drm_mode_object_put.part.0] OBJ ID: 139 (1)
[ 5392.925622] i915 0000:00:02.0: [drm:drm_ioctl] comm="KMS thread" pid=14945, dev=0xe201, auth=1, DRM_IOCTL_MODE_ATOMIC
[ 5392.925634] i915 0000:00:02.0: [drm:drm_atomic_state_init] Allocated atomic state 00000000d49cfc0d
[ 5392.925651] [drm:drm_mode_object_get] OBJ ID: 136 (3)
[ 5392.925658] [drm:drm_mode_object_get] OBJ ID: 136 (4)
[ 5392.925663] i915 0000:00:02.0: [drm:drm_atomic_get_plane_state] Added [PLANE:33:plane 1A] 000000002a6f8c8a state to 00000000d49cfc0d
[ 5392.925678] [drm:drm_mode_object_get] OBJ ID: 135 (1)
[ 5392.925683] [drm:drm_mode_object_get] OBJ ID: 137 (3)
[ 5392.925688] [drm:drm_mode_object_get] OBJ ID: 137 (4)
[ 5392.925693] [drm:drm_mode_object_get] OBJ ID: 137 (5)
[ 5392.925698] i915 0000:00:02.0: [drm:drm_atomic_get_crtc_state] Added [CRTC:56:pipe A] 000000007e387835 state to 00000000d49cfc0d
[ 5392.925708] i915 0000:00:02.0: [drm:drm_atomic_set_fb_for_plane] Set [FB:133] for [PLANE:33:plane 1A] state 000000002a6f8c8a
[ 5392.925715] [drm:drm_mode_object_get] OBJ ID: 133 (3)
[ 5392.925720] [drm:drm_mode_object_put.part.0] OBJ ID: 136 (5)
[ 5392.925726] [drm:drm_mode_object_put.part.0] OBJ ID: 133 (4)
[ 5392.925731] [drm:drm_mode_object_put.part.0] OBJ ID: 133 (3)
[ 5392.925746] i915 0000:00:02.0: [drm:drm_atomic_check_only] checking 00000000d49cfc0d
[ 5392.925785] [drm:drm_mode_object_put.part.0] OBJ ID: 136 (4)
[ 5392.925790] [drm:drm_mode_object_get] OBJ ID: 133 (2)
[ 5392.926789] i915 0000:00:02.0: [drm:drm_ioctl] comm="bobide" pid=29641, dev=0xe280, auth=0, I915_GET_RESET_STATS
[ 5392.926823] i915 0000:00:02.0: [drm:drm_ioctl] comm="bobide" pid=29641, dev=0xe280, auth=0, I915_GET_RESET_STATS
[ 5392.925832] i915 0000:00:02.0: [drm:intel_plane_atomic_calc_changes [i915]] [CRTC:56:pipe A] with [PLANE:33:plane 1A] visible 1 -> 1, off 0, on 0, ms 0
[ 5392.927828] i915 0000:00:02.0: [drm:intel_atomic_get_global_obj_state [i915]] Added new global object 00000000bc0392d3 state 000000000cd8db91 to 00000000d49cfc0d
[ 5392.929543] i915 0000:00:02.0: [drm:drm_atomic_nonblocking_commit] committing 00000000d49cfc0d nonblocking
[ 5392.929655] i915 0000:00:02.0: [drm:drm_crtc_vblank_helper_get_vblank_timestamp_internal] crtc 0 : v p(0,438)@ 5392.845851 -> 5392.839404 [e 0 us, 0 rep]
[ 5392.929682] i915 0000:00:02.0: [drm:drm_update_vblank_count] updating vblank count on crtc 0: current=323257, diff=0, hw=324076 hw_last=324076
[ 5392.930214] i915 0000:00:02.0: [drm:drm_ioctl] comm="gnome-shell" pid=14875, dev=0xe201, auth=1, DRM_IOCTL_SYNCOBJ_CREATE
[ 5392.930232] i915 0000:00:02.0: [drm:drm_ioctl] comm="gnome-shell" pid=14875, dev=0xe201, auth=1, DRM_IOCTL_SYNCOBJ_HANDLE_TO_FD
[ 5392.930249] i915 0000:00:02.0: [drm:drm_ioctl] comm="gnome-shell" pid=14875, dev=0xe201, auth=1, DRM_IOCTL_SYNCOBJ_DESTROY
[ 5392.930624] i915 0000:00:02.0: [drm:drm_ioctl] comm="bobide" pid=29641, dev=0xe280, auth=0, I915_GEM_EXECBUFFER2_WR
[ 5392.930767] i915 0000:00:02.0: [drm:drm_ioctl] comm="bobide" pid=29641, dev=0xe280, auth=0, I915_GEM_MADVISE
[ 5392.930784] i915 0000:00:02.0: [drm:drm_ioctl] comm="bobide" pid=29641, dev=0xe280, auth=0, DRM_IOCTL_SYNCOBJ_DESTROY
[ 5392.930798] i915 0000:00:02.0: [drm:drm_ioctl] comm="bobide" pid=29641, dev=0xe280, auth=0, DRM_IOCTL_SYNCOBJ_DESTROY
[ 5392.932852] i915 0000:00:02.0: [drm:drm_ioctl] comm="bobide" pid=29641, dev=0xe280, auth=0, I915_GEM_MADVISE
[ 5392.932888] i915 0000:00:02.0: [drm:drm_ioctl] comm="bobide" pid=29641, dev=0xe280, auth=0, DRM_IOCTL_SYNCOBJ_WAIT
[ 5392.932902] i915 0000:00:02.0: [drm:drm_ioctl] comm="bobide" pid=29641, dev=0xe280, auth=0, I915_GEM_MADVISE
[ 5392.932914] i915 0000:00:02.0: [drm:drm_ioctl] comm="bobide" pid=29641, dev=0xe280, auth=0, DRM_IOCTL_SYNCOBJ_CREATE
[ 5392.932982] i915 0000:00:02.0: [drm:drm_ioctl] comm="bobide" pid=29641, dev=0xe280, auth=0, DRM_IOCTL_SYNCOBJ_HANDLE_TO_FD
[ 5392.934248] i915 0000:00:02.0: [drm:drm_ioctl] comm="bobide" pid=29641, dev=0xe280, auth=0, I915_GET_RESET_STATS
[ 5392.934272] i915 0000:00:02.0: [drm:drm_ioctl] comm="bobide" pid=29641, dev=0xe280, auth=0, I915_GET_RESET_STATS
[ 5392.939105] i915 0000:00:02.0: [drm:drm_crtc_vblank_helper_get_vblank_timestamp_internal] crtc 0 : v p(0,-52)@ 5392.855300 -> 5392.856065 [e 0 us, 0 rep]
[ 5392.939159] i915 0000:00:02.0: [drm:drm_update_vblank_count] updating vblank count on crtc 0: current=323257, diff=1, hw=324077 hw_last=324076
[ 5392.939170] i915 0000:00:02.0: [drm:drm_handle_vblank_events] vblank event on 323258, current 323258
[ 5392.939222] i915 0000:00:02.0: [drm:drm_atomic_state_default_clear] Clearing atomic state 00000000d49cfc0d
[ 5392.939234] [drm:drm_mode_object_put.part.0] OBJ ID: 135 (2)
[ 5392.939245] [drm:drm_mode_object_put.part.0] OBJ ID: 137 (6)
[ 5392.939250] [drm:drm_mode_object_put.part.0] OBJ ID: 137 (5)
[ 5392.939256] [drm:drm_mode_object_put.part.0] OBJ ID: 137 (4)
[ 5392.939262] [drm:drm_mode_object_put.part.0] OBJ ID: 136 (3)
[ 5392.939267] [drm:drm_mode_object_put.part.0] OBJ ID: 136 (2)
[ 5392.939275] i915 0000:00:02.0: [drm:__drm_atomic_state_free] Freeing atomic state 00000000d49cfc0d
[ 5392.940308] i915 0000:00:02.0: [drm:drm_ioctl] comm="gnome-shell" pid=14875, dev=0xe201, auth=1, DRM_IOCTL_SYNCOBJ_WAIT
[ 5392.940341] i915 0000:00:02.0: [drm:drm_ioctl] comm="gnome-shell" pid=14875, dev=0xe201, auth=1, DRM_IOCTL_SYNCOBJ_DESTROY
[ 5392.940361] i915 0000:00:02.0: [drm:drm_ioctl] comm="gnome-shell" pid=14875, dev=0xe201, auth=1, DRM_IOCTL_SYNCOBJ_WAIT
[ 5392.940369] i915 0000:00:02.0: [drm:drm_ioctl] comm="gnome-shell" pid=14875, dev=0xe201, auth=1, DRM_IOCTL_SYNCOBJ_WAIT
[ 5392.940382] i915 0000:00:02.0: [drm:drm_ioctl] comm="gnome-shell" pid=14875, dev=0xe201, auth=1, DRM_IOCTL_SYNCOBJ_WAIT
[ 5392.940390] i915 0000:00:02.0: [drm:drm_ioctl] comm="gnome-shell" pid=14875, dev=0xe201, auth=1, DRM_IOCTL_SYNCOBJ_DESTROY
[ 5392.940399] i915 0000:00:02.0: [drm:drm_ioctl] comm="gnome-shell" pid=14875, dev=0xe201, auth=1, DRM_IOCTL_SYNCOBJ_WAIT
[ 5392.940407] i915 0000:00:02.0: [drm:drm_ioctl] comm="gnome-shell" pid=14875, dev=0xe201, auth=1, DRM_IOCTL_SYNCOBJ_WAIT
[ 5392.940415] i915 0000:00:02.0: [drm:drm_ioctl] comm="gnome-shell" pid=14875, dev=0xe201, auth=1, DRM_IOCTL_SYNCOBJ_WAIT
[ 5392.940422] i915 0000:00:02.0: [drm:drm_ioctl] comm="gnome-shell" pid=14875, dev=0xe201, auth=1, DRM_IOCTL_SYNCOBJ_DESTROY
[ 5392.940433] i915 0000:00:02.0: [drm:drm_ioctl] comm="gnome-shell" pid=14875, dev=0xe201, auth=1, DRM_IOCTL_SYNCOBJ_WAIT
[ 5392.940440] i915 0000:00:02.0: [drm:drm_ioctl] comm="gnome-shell" pid=14875, dev=0xe201, auth=1, DRM_IOCTL_SYNCOBJ_WAIT
[ 5392.940448] i915 0000:00:02.0: [drm:drm_ioctl] comm="gnome-shell" pid=14875, dev=0xe201, auth=1, DRM_IOCTL_SYNCOBJ_WAIT
[ 5392.940455] i915 0000:00:02.0: [drm:drm_ioctl] comm="gnome-shell" pid=14875, dev=0xe201, auth=1, DRM_IOCTL_SYNCOBJ_DESTROY
[ 5392.940465] i915 0000:00:02.0: [drm:drm_ioctl] comm="gnome-shell" pid=14875, dev=0xe201, auth=1, DRM_IOCTL_SYNCOBJ_WAIT
[ 5392.940473] i915 0000:00:02.0: [drm:drm_ioctl] comm="gnome-shell" pid=14875, dev=0xe201, auth=1, DRM_IOCTL_SYNCOBJ_WAIT
[ 5392.940480] i915 0000:00:02.0: [drm:drm_ioctl] comm="gnome-shell" pid=14875, dev=0xe201, auth=1, DRM_IOCTL_SYNCOBJ_WAIT
[ 5392.940489] i915 0000:00:02.0: [drm:drm_ioctl] comm="gnome-shell" pid=14875, dev=0xe201, auth=1, DRM_IOCTL_SYNCOBJ_WAIT
[ 5392.940496] i915 0000:00:02.0: [drm:drm_ioctl] comm="gnome-shell" pid=14875, dev=0xe201, auth=1, DRM_IOCTL_SYNCOBJ_WAIT
[ 5392.940504] i915 0000:00:02.0: [drm:drm_ioctl] comm="gnome-shell" pid=14875, dev=0xe201, auth=1, DRM_IOCTL_SYNCOBJ_WAIT
[ 5392.940512] i915 0000:00:02.0: [drm:drm_ioctl] comm="gnome-shell" pid=14875, dev=0xe201, auth=1, DRM_IOCTL_SYNCOBJ_WAIT
[ 5392.940519] i915 0000:00:02.0: [drm:drm_ioctl] comm="gnome-shell" pid=14875, dev=0xe201, auth=1, DRM_IOCTL_SYNCOBJ_WAIT
[ 5392.940527] i915 0000:00:02.0: [drm:drm_ioctl] comm="gnome-shell" pid=14875, dev=0xe201, auth=1, DRM_IOCTL_SYNCOBJ_WAIT
[ 5392.940534] i915 0000:00:02.0: [drm:drm_ioctl] comm="gnome-shell" pid=14875, dev=0xe201, auth=1, DRM_IOCTL_SYNCOBJ_WAIT
[ 5392.940542] i915 0000:00:02.0: [drm:drm_ioctl] comm="gnome-shell" pid=14875, dev=0xe201, auth=1, DRM_IOCTL_SYNCOBJ_WAIT
[ 5392.940549] i915 0000:00:02.0: [drm:drm_ioctl] comm="gnome-shell" pid=14875, dev=0xe201, auth=1, DRM_IOCTL_SYNCOBJ_WAIT
[ 5392.940557] i915 0000:00:02.0: [drm:drm_ioctl] comm="gnome-shell" pid=14875, dev=0xe201, auth=1, DRM_IOCTL_SYNCOBJ_WAIT
[ 5392.940565] i915 0000:00:02.0: [drm:drm_ioctl] comm="gnome-shell" pid=14875, dev=0xe201, auth=1, DRM_IOCTL_SYNCOBJ_WAIT
[ 5392.940724] i915 0000:00:02.0: [drm:drm_ioctl] comm="gnome-shell" pid=14875, dev=0xe201, auth=1, DRM_IOCTL_SYNCOBJ_WAIT
[ 5392.940734] i915 0000:00:02.0: [drm:drm_ioctl] comm="gnome-shell" pid=14875, dev=0xe201, auth=1, DRM_IOCTL_SYNCOBJ_WAIT
[ 5392.940741] i915 0000:00:02.0: [drm:drm_ioctl] comm="gnome-shell" pid=14875, dev=0xe201, auth=1, DRM_IOCTL_SYNCOBJ_DESTROY
[ 5392.940752] i915 0000:00:02.0: [drm:drm_ioctl] comm="gnome-shell" pid=14875, dev=0xe201, auth=1, DRM_IOCTL_SYNCOBJ_WAIT
[ 5392.940760] i915 0000:00:02.0: [drm:drm_ioctl] comm="gnome-shell" pid=14875, dev=0xe201, auth=1, DRM_IOCTL_SYNCOBJ_WAIT
[ 5392.940767] i915 0000:00:02.0: [drm:drm_ioctl] comm="gnome-shell" pid=14875, dev=0xe201, auth=1, DRM_IOCTL_SYNCOBJ_DESTROY
[ 5392.940777] i915 0000:00:02.0: [drm:drm_ioctl] comm="gnome-shell" pid=14875, dev=0xe201, auth=1, DRM_IOCTL_SYNCOBJ_WAIT
[ 5392.940785] i915 0000:00:02.0: [drm:drm_ioctl] comm="gnome-shell" pid=14875, dev=0xe201, auth=1, DRM_IOCTL_SYNCOBJ_WAIT
[ 5392.940791] i915 0000:00:02.0: [drm:drm_ioctl] comm="gnome-shell" pid=14875, dev=0xe201, auth=1, DRM_IOCTL_SYNCOBJ_DESTROY
[ 5392.941384] i915 0000:00:02.0: [drm:drm_ioctl] comm="gnome-shell" pid=14875, dev=0xe201, auth=1, I915_GEM_EXECBUFFER2_WR
[ 5392.941571] i915 0000:00:02.0: [drm:drm_ioctl] comm="gnome-shell" pid=14875, dev=0xe201, auth=1, I915_GEM_MADVISE
[ 5392.941587] i915 0000:00:02.0: [drm:drm_ioctl] comm="gnome-shell" pid=14875, dev=0xe201, auth=1, DRM_IOCTL_SYNCOBJ_WAIT
[ 5392.941596] i915 0000:00:02.0: [drm:drm_ioctl] comm="gnome-shell" pid=14875, dev=0xe201, auth=1, I915_GEM_MADVISE
[ 5392.941603] i915 0000:00:02.0: [drm:drm_ioctl] comm="gnome-shell" pid=14875, dev=0xe201, auth=1, DRM_IOCTL_SYNCOBJ_CREATE
[ 5392.941628] i915 0000:00:02.0: [drm:drm_ioctl] comm="gnome-shell" pid=14875, dev=0xe201, auth=1, I915_REG_READ
[ 5392.941732] i915 0000:00:02.0: [drm:drm_ioctl] comm="gnome-shell" pid=14875, dev=0xe201, auth=1, I915_GEM_EXECBUFFER2_WR
[ 5392.941768] i915 0000:00:02.0: [drm:drm_ioctl] comm="gnome-shell" pid=14875, dev=0xe201, auth=1, I915_GEM_MADVISE
[ 5392.941776] i915 0000:00:02.0: [drm:drm_ioctl] comm="gnome-shell" pid=14875, dev=0xe201, auth=1, DRM_IOCTL_SYNCOBJ_WAIT
[ 5392.941784] i915 0000:00:02.0: [drm:drm_ioctl] comm="gnome-shell" pid=14875, dev=0xe201, auth=1, DRM_IOCTL_SYNCOBJ_DESTROY
[ 5392.941792] i915 0000:00:02.0: [drm:drm_ioctl] comm="gnome-shell" pid=14875, dev=0xe201, auth=1, I915_GEM_MADVISE
[ 5392.941800] i915 0000:00:02.0: [drm:drm_ioctl] comm="gnome-shell" pid=14875, dev=0xe201, auth=1, DRM_IOCTL_SYNCOBJ_CREATE
[ 5392.941881] i915 0000:00:02.0: [drm:drm_ioctl] comm="gnome-shell" pid=14875, dev=0xe201, auth=1, I915_GEM_SET_TILING
[ 5392.941902] i915 0000:00:02.0: [drm:drm_ioctl] comm="gnome-shell" pid=14875, dev=0xe201, auth=1, I915_GEM_SET_TILING
[ 5392.941918] i915 0000:00:02.0: [drm:drm_ioctl] comm="gnome-shell" pid=14875, dev=0xe201, auth=1, DRM_IOCTL_MODE_ADDFB2
[ 5392.941954] i915 0000:00:02.0: [drm:drm_mode_addfb2] [FB:139]
[ 5392.942447] i915 0000:00:02.0: [drm:drm_ioctl] comm="gnome-shell" pid=14875, dev=0xe201, auth=1, DRM_IOCTL_MODE_CLOSEFB
[ 5392.942457] [drm:drm_mode_object_put.part.0] OBJ ID: 136 (2)
[ 5392.942467] [drm:drm_mode_object_put.part.0] OBJ ID: 136 (1)
[ 5392.942552] i915 0000:00:02.0: [drm:drm_ioctl] comm="KMS thread" pid=14945, dev=0xe201, auth=1, DRM_IOCTL_MODE_ATOMIC
[ 5392.942564] i915 0000:00:02.0: [drm:drm_atomic_state_init] Allocated atomic state 00000000d49cfc0d
[ 5392.942579] [drm:drm_mode_object_get] OBJ ID: 133 (3)
[ 5392.942585] [drm:drm_mode_object_get] OBJ ID: 133 (4)
[ 5392.942590] i915 0000:00:02.0: [drm:drm_atomic_get_plane_state] Added [PLANE:33:plane 1A] 00000000a899280e state to 00000000d49cfc0d
[ 5392.942604] [drm:drm_mode_object_get] OBJ ID: 135 (1)
[ 5392.942609] [drm:drm_mode_object_get] OBJ ID: 137 (3)
[ 5392.942614] [drm:drm_mode_object_get] OBJ ID: 137 (4)
[ 5392.942618] [drm:drm_mode_object_get] OBJ ID: 137 (5)
[ 5392.942623] i915 0000:00:02.0: [drm:drm_atomic_get_crtc_state] Added [CRTC:56:pipe A] 000000000ff0d236 state to 00000000d49cfc0d
[ 5392.942634] i915 0000:00:02.0: [drm:drm_atomic_set_fb_for_plane] Set [FB:139] for [PLANE:33:plane 1A] state 00000000a899280e
[ 5392.942641] [drm:drm_mode_object_get] OBJ ID: 139 (3)
[ 5392.942646] [drm:drm_mode_object_put.part.0] OBJ ID: 133 (5)
[ 5392.942651] [drm:drm_mode_object_put.part.0] OBJ ID: 139 (4)
[ 5392.942656] [drm:drm_mode_object_put.part.0] OBJ ID: 139 (3)
[ 5392.942665] i915 0000:00:02.0: [drm:drm_atomic_check_only] checking 00000000d49cfc0d
[ 5392.942682] [drm:drm_mode_object_put.part.0] OBJ ID: 133 (4)
[ 5392.942687] [drm:drm_mode_object_get] OBJ ID: 139 (2)
[ 5392.943163] i915 0000:00:02.0: [drm:drm_ioctl] comm="bobide" pid=29641, dev=0xe280, auth=0, I915_GET_RESET_STATS
[ 5392.943179] i915 0000:00:02.0: [drm:drm_ioctl] comm="bobide" pid=29641, dev=0xe280, auth=0, I915_GET_RESET_STATS
[ 5392.943277] i915 0000:00:02.0: [drm:drm_ioctl] comm="bobide" pid=29641, dev=0xe280, auth=0, DRM_IOCTL_SYNCOBJ_WAIT
[ 5392.943308] i915 0000:00:02.0: [drm:drm_ioctl] comm="bobide" pid=29641, dev=0xe280, auth=0, DRM_IOCTL_SYNCOBJ_WAIT
[ 5392.943317] i915 0000:00:02.0: [drm:drm_ioctl] comm="bobide" pid=29641, dev=0xe280, auth=0, DRM_IOCTL_SYNCOBJ_WAIT
[ 5392.943325] i915 0000:00:02.0: [drm:drm_ioctl] comm="bobide" pid=29641, dev=0xe280, auth=0, DRM_IOCTL_SYNCOBJ_WAIT
[ 5392.943333] i915 0000:00:02.0: [drm:drm_ioctl] comm="bobide" pid=29641, dev=0xe280, auth=0, DRM_IOCTL_SYNCOBJ_DESTROY
[ 5392.943352] i915 0000:00:02.0: [drm:drm_ioctl] comm="bobide" pid=29641, dev=0xe280, auth=0, DRM_IOCTL_SYNCOBJ_WAIT
[ 5392.943361] i915 0000:00:02.0: [drm:drm_ioctl] comm="bobide" pid=29641, dev=0xe280, auth=0, DRM_IOCTL_SYNCOBJ_WAIT
[ 5392.943368] i915 0000:00:02.0: [drm:drm_ioctl] comm="bobide" pid=29641, dev=0xe280, auth=0, DRM_IOCTL_SYNCOBJ_WAIT
[ 5392.943374] i915 0000:00:02.0: [drm:drm_ioctl] comm="bobide" pid=29641, dev=0xe280, auth=0, DRM_IOCTL_SYNCOBJ_WAIT
[ 5392.943381] i915 0000:00:02.0: [drm:drm_ioctl] comm="bobide" pid=29641, dev=0xe280, auth=0, DRM_IOCTL_SYNCOBJ_WAIT
[ 5392.943389] i915 0000:00:02.0: [drm:drm_ioctl] comm="bobide" pid=29641, dev=0xe280, auth=0, DRM_IOCTL_SYNCOBJ_WAIT
[ 5392.943397] i915 0000:00:02.0: [drm:drm_ioctl] comm="bobide" pid=29641, dev=0xe280, auth=0, DRM_IOCTL_SYNCOBJ_WAIT
[ 5392.942704] i915 0000:00:02.0: [drm:intel_plane_atomic_calc_changes [i915]] [CRTC:56:pipe A] with [PLANE:33:plane 1A] visible 1 -> 1, off 0, on 0, ms 0
[ 5392.943745] i915 0000:00:02.0: [drm:drm_ioctl] comm="bobide" pid=29641, dev=0xe280, auth=0, I915_GEM_EXECBUFFER2_WR
[ 5392.943884] i915 0000:00:02.0: [drm:drm_ioctl] comm="bobide" pid=29641, dev=0xe280, auth=0, DRM_IOCTL_SYNCOBJ_DESTROY
[ 5392.943916] i915 0000:00:02.0: [drm:drm_ioctl] comm="bobide" pid=29641, dev=0xe280, auth=0, I915_GEM_MADVISE
[ 5392.943927] i915 0000:00:02.0: [drm:drm_ioctl] comm="bobide" pid=29641, dev=0xe280, auth=0, DRM_IOCTL_SYNCOBJ_WAIT
[ 5392.943935] i915 0000:00:02.0: [drm:drm_ioctl] comm="bobide" pid=29641, dev=0xe280, auth=0, I915_GEM_MADVISE
[ 5392.943942] i915 0000:00:02.0: [drm:drm_ioctl] comm="bobide" pid=29641, dev=0xe280, auth=0, DRM_IOCTL_SYNCOBJ_CREATE
[ 5392.943987] i915 0000:00:02.0: [drm:drm_ioctl] comm="bobide" pid=29641, dev=0xe280, auth=0, DRM_IOCTL_SYNCOBJ_HANDLE_TO_FD
[ 5392.944970] i915 0000:00:02.0: [drm:intel_atomic_get_global_obj_state [i915]] Added new global object 00000000bc0392d3 state 0000000088ce1ec9 to 00000000d49cfc0d
[ 5392.947273] i915 0000:00:02.0: [drm:drm_atomic_nonblocking_commit] committing 00000000d49cfc0d nonblocking
[ 5392.947360] i915 0000:00:02.0: [drm:drm_crtc_vblank_helper_get_vblank_timestamp_internal] crtc 0 : v p(0,509)@ 5392.863556 -> 5392.856063 [e 0 us, 0 rep]
[ 5392.947384] i915 0000:00:02.0: [drm:drm_update_vblank_count] updating vblank count on crtc 0: current=323258, diff=0, hw=324077 hw_last=324077
[ 5392.947824] i915 0000:00:02.0: [drm:drm_ioctl] comm="gnome-shell" pid=14875, dev=0xe201, auth=1, DRM_IOCTL_SYNCOBJ_CREATE
[ 5392.947842] i915 0000:00:02.0: [drm:drm_ioctl] comm="gnome-shell" pid=14875, dev=0xe201, auth=1, DRM_IOCTL_SYNCOBJ_HANDLE_TO_FD
[ 5392.947856] i915 0000:00:02.0: [drm:drm_ioctl] comm="gnome-shell" pid=14875, dev=0xe201, auth=1, DRM_IOCTL_SYNCOBJ_DESTROY
[ 5392.955773] i915 0000:00:02.0: [drm:drm_crtc_vblank_helper_get_vblank_timestamp_internal] crtc 0 : v p(0,-52)@ 5392.871967 -> 5392.872733 [e 1 us, 0 rep]
[ 5392.955832] i915 0000:00:02.0: [drm:drm_update_vblank_count] updating vblank count on crtc 0: current=323258, diff=1, hw=324078 hw_last=324077
[ 5392.955841] i915 0000:00:02.0: [drm:drm_handle_vblank_events] vblank event on 323259, current 323259
[ 5392.955908] i915 0000:00:02.0: [drm:drm_atomic_state_default_clear] Clearing atomic state 00000000d49cfc0d
[ 5392.955921] [drm:drm_mode_object_put.part.0] OBJ ID: 135 (2)
[ 5392.955932] [drm:drm_mode_object_put.part.0] OBJ ID: 137 (6)
[ 5392.955937] [drm:drm_mode_object_put.part.0] OBJ ID: 137 (5)
[ 5392.955943] [drm:drm_mode_object_put.part.0] OBJ ID: 137 (4)
[ 5392.955950] [drm:drm_mode_object_put.part.0] OBJ ID: 133 (3)
[ 5392.955955] [drm:drm_mode_object_put.part.0] OBJ ID: 133 (2)
[ 5392.955963] i915 0000:00:02.0: [drm:__drm_atomic_state_free] Freeing atomic state 00000000d49cfc0d
[ 5392.955999] i915 0000:00:02.0: [drm:drm_ioctl] comm="gnome-shell" pid=14875, dev=0xe201, auth=1, DRM_IOCTL_MODE_CLOSEFB
[ 5392.956013] [drm:drm_mode_object_put.part.0] OBJ ID: 133 (2)
[ 5392.956020] [drm:drm_mode_object_put.part.0] OBJ ID: 133 (1)
[ 5392.957369] i915 0000:00:02.0: [drm:drm_ioctl] comm="bobide" pid=29641, dev=0xe280, auth=0, I915_GET_RESET_STATS
[ 5392.957400] i915 0000:00:02.0: [drm:drm_ioctl] comm="bobide" pid=29641, dev=0xe280, auth=0, I915_GET_RESET_STATS
[ 5392.957780] i915 0000:00:02.0: [drm:drm_ioctl] comm="bobide" pid=29641, dev=0xe280, auth=0, I915_GEM_EXECBUFFER2_WR
[ 5392.957927] i915 0000:00:02.0: [drm:drm_ioctl] comm="bobide" pid=29641, dev=0xe280, auth=0, DRM_IOCTL_SYNCOBJ_DESTROY
[ 5392.957940] i915 0000:00:02.0: [drm:drm_ioctl] comm="bobide" pid=29641, dev=0xe280, auth=0, I915_GEM_MADVISE
[ 5392.957952] i915 0000:00:02.0: [drm:drm_ioctl] comm="bobide" pid=29641, dev=0xe280, auth=0, DRM_IOCTL_SYNCOBJ_WAIT
[ 5392.957964] i915 0000:00:02.0: [drm:drm_ioctl] comm="bobide" pid=29641, dev=0xe280, auth=0, I915_GEM_MADVISE
[ 5392.957972] i915 0000:00:02.0: [drm:drm_ioctl] comm="bobide" pid=29641, dev=0xe280, auth=0, DRM_IOCTL_SYNCOBJ_CREATE
[ 5392.958001] i915 0000:00:02.0: [drm:drm_ioctl] comm="bobide" pid=29641, dev=0xe280, auth=0, DRM_IOCTL_SYNCOBJ_HANDLE_TO_FD
[ 5392.960584] i915 0000:00:02.0: [drm:drm_ioctl] comm="gnome-shell" pid=14875, dev=0xe201, auth=1, I915_GEM_EXECBUFFER2_WR
[ 5392.960767] i915 0000:00:02.0: [drm:drm_ioctl] comm="gnome-shell" pid=14875, dev=0xe201, auth=1, I915_GEM_MADVISE
[ 5392.960781] i915 0000:00:02.0: [drm:drm_ioctl] comm="gnome-shell" pid=14875, dev=0xe201, auth=1, DRM_IOCTL_SYNCOBJ_WAIT
[ 5392.960796] i915 0000:00:02.0: [drm:drm_ioctl] comm="gnome-shell" pid=14875, dev=0xe201, auth=1, I915_GEM_MADVISE
[ 5392.961908] i915 0000:00:02.0: [drm:drm_ioctl] comm="gnome-shell" pid=14875, dev=0xe201, auth=1, DRM_IOCTL_SYNCOBJ_CREATE
[ 5392.962024] i915 0000:00:02.0: [drm:drm_ioctl] comm="gnome-shell" pid=14875, dev=0xe201, auth=1, I915_REG_READ
[ 5392.962153] i915 0000:00:02.0: [drm:drm_ioctl] comm="gnome-shell" pid=14875, dev=0xe201, auth=1, I915_GEM_EXECBUFFER2_WR
[ 5392.962295] i915 0000:00:02.0: [drm:drm_ioctl] comm="gnome-shell" pid=14875, dev=0xe201, auth=1, I915_GEM_MADVISE
[ 5392.962328] i915 0000:00:02.0: [drm:drm_ioctl] comm="gnome-shell" pid=14875, dev=0xe201, auth=1, DRM_IOCTL_SYNCOBJ_WAIT
[ 5392.962367] i915 0000:00:02.0: [drm:drm_ioctl] comm="gnome-shell" pid=14875, dev=0xe201, auth=1, DRM_IOCTL_SYNCOBJ_DESTROY
[ 5392.962392] i915 0000:00:02.0: [drm:drm_ioctl] comm="gnome-shell" pid=14875, dev=0xe201, auth=1, I915_GEM_MADVISE
[ 5392.962412] i915 0000:00:02.0: [drm:drm_ioctl] comm="gnome-shell" pid=14875, dev=0xe201, auth=1, DRM_IOCTL_SYNCOBJ_CREATE
[ 5392.962624] i915 0000:00:02.0: [drm:drm_ioctl] comm="gnome-shell" pid=14875, dev=0xe201, auth=1, I915_GEM_SET_TILING
[ 5392.962654] i915 0000:00:02.0: [drm:drm_ioctl] comm="gnome-shell" pid=14875, dev=0xe201, auth=1, I915_GEM_SET_TILING
[ 5392.962674] i915 0000:00:02.0: [drm:drm_ioctl] comm="gnome-shell" pid=14875, dev=0xe201, auth=1, DRM_IOCTL_MODE_ADDFB2
[ 5392.962721] i915 0000:00:02.0: [drm:drm_mode_addfb2] [FB:133]
[ 5392.962880] i915 0000:00:02.0: [drm:drm_ioctl] comm="KMS thread" pid=14945, dev=0xe201, auth=1, DRM_IOCTL_MODE_ATOMIC
[ 5392.962891] i915 0000:00:02.0: [drm:drm_atomic_state_init] Allocated atomic state 0000000013c7a73e
[ 5392.962908] [drm:drm_mode_object_get] OBJ ID: 139 (3)
[ 5392.962918] [drm:drm_mode_object_get] OBJ ID: 139 (4)
[ 5392.962923] i915 0000:00:02.0: [drm:drm_atomic_get_plane_state] Added [PLANE:33:plane 1A] 0000000074feccf6 state to 0000000013c7a73e
[ 5392.962936] [drm:drm_mode_object_get] OBJ ID: 135 (1)
[ 5392.962942] [drm:drm_mode_object_get] OBJ ID: 137 (3)
[ 5392.962946] [drm:drm_mode_object_get] OBJ ID: 137 (4)
[ 5392.962951] [drm:drm_mode_object_get] OBJ ID: 137 (5)
[ 5392.962956] i915 0000:00:02.0: [drm:drm_atomic_get_crtc_state] Added [CRTC:56:pipe A] 000000007b0f2f50 state to 0000000013c7a73e
[ 5392.962966] i915 0000:00:02.0: [drm:drm_atomic_set_fb_for_plane] Set [FB:133] for [PLANE:33:plane 1A] state 0000000074feccf6
[ 5392.962973] [drm:drm_mode_object_get] OBJ ID: 133 (3)
[ 5392.962978] [drm:drm_mode_object_put.part.0] OBJ ID: 139 (5)
[ 5392.962983] [drm:drm_mode_object_put.part.0] OBJ ID: 133 (4)
[ 5392.962988] [drm:drm_mode_object_put.part.0] OBJ ID: 133 (3)
[ 5392.962996] i915 0000:00:02.0: [drm:drm_atomic_check_only] checking 0000000013c7a73e
[ 5392.963014] [drm:drm_mode_object_put.part.0] OBJ ID: 139 (4)
[ 5392.963019] [drm:drm_mode_object_get] OBJ ID: 133 (2)
[ 5392.963035] i915 0000:00:02.0: [drm:intel_plane_atomic_calc_changes [i915]] [CRTC:56:pipe A] with [PLANE:33:plane 1A] visible 1 -> 1, off 0, on 0, ms 0
[ 5392.965031] i915 0000:00:02.0: [drm:intel_atomic_get_global_obj_state [i915]] Added new global object 00000000bc0392d3 state 000000004196cd5d to 0000000013c7a73e
[ 5392.966147] i915 0000:00:02.0: [drm:drm_atomic_nonblocking_commit] committing 0000000013c7a73e nonblocking
[ 5392.966227] i915 0000:00:02.0: [drm:drm_crtc_vblank_helper_get_vblank_timestamp_internal] crtc 0 : v p(0,659)@ 5392.882423 -> 5392.872722 [e 0 us, 0 rep]
[ 5392.966250] i915 0000:00:02.0: [drm:drm_update_vblank_count] updating vblank count on crtc 0: current=323259, diff=0, hw=324078 hw_last=324078
[ 5392.968933] i915 0000:00:02.0: [drm:drm_ioctl] comm="gnome-shell" pid=14875, dev=0xe201, auth=1, DRM_IOCTL_SYNCOBJ_CREATE
[ 5392.968956] i915 0000:00:02.0: [drm:drm_ioctl] comm="gnome-shell" pid=14875, dev=0xe201, auth=1, DRM_IOCTL_SYNCOBJ_HANDLE_TO_FD
[ 5392.968973] i915 0000:00:02.0: [drm:drm_ioctl] comm="gnome-shell" pid=14875, dev=0xe201, auth=1, DRM_IOCTL_SYNCOBJ_DESTROY
[ 5392.972466] i915 0000:00:02.0: [drm:drm_crtc_vblank_helper_get_vblank_timestamp_internal] crtc 0 : v p(0,-51)@ 5392.888636 -> 5392.889387 [e 0 us, 0 rep]
[ 5392.972524] i915 0000:00:02.0: [drm:drm_update_vblank_count] updating vblank count on crtc 0: current=323259, diff=1, hw=324079 hw_last=324078
[ 5392.972544] i915 0000:00:02.0: [drm:drm_handle_vblank_events] vblank event on 323260, current 323260
[ 5392.972641] i915 0000:00:02.0: [drm:drm_atomic_state_default_clear] Clearing atomic state 0000000013c7a73e
[ 5392.972662] [drm:drm_mode_object_put.part.0] OBJ ID: 135 (2)
[ 5392.972681] [drm:drm_mode_object_put.part.0] OBJ ID: 137 (6)
[ 5392.972690] [drm:drm_mode_object_put.part.0] OBJ ID: 137 (5)
[ 5392.972699] [drm:drm_mode_object_put.part.0] OBJ ID: 137 (4)
[ 5392.972709] [drm:drm_mode_object_put.part.0] OBJ ID: 139 (3)
[ 5392.972718] [drm:drm_mode_object_put.part.0] OBJ ID: 139 (2)
[ 5392.972732] i915 0000:00:02.0: [drm:__drm_atomic_state_free] Freeing atomic state 0000000013c7a73e
[ 5392.974413] i915 0000:00:02.0: [drm:drm_ioctl] comm="gnome-shell" pid=14875, dev=0xe201, auth=1, I915_GEM_EXECBUFFER2_WR
[ 5392.974584] i915 0000:00:02.0: [drm:drm_ioctl] comm="gnome-shell" pid=14875, dev=0xe201, auth=1, I915_GEM_MADVISE
[ 5392.974599] i915 0000:00:02.0: [drm:drm_ioctl] comm="gnome-shell" pid=14875, dev=0xe201, auth=1, DRM_IOCTL_SYNCOBJ_WAIT
[ 5392.974612] i915 0000:00:02.0: [drm:drm_ioctl] comm="gnome-shell" pid=14875, dev=0xe201, auth=1, I915_GEM_MADVISE
[ 5392.974620] i915 0000:00:02.0: [drm:drm_ioctl] comm="gnome-shell" pid=14875, dev=0xe201, auth=1, DRM_IOCTL_SYNCOBJ_CREATE
[ 5392.974644] i915 0000:00:02.0: [drm:drm_ioctl] comm="gnome-shell" pid=14875, dev=0xe201, auth=1, I915_REG_READ
[ 5392.974800] i915 0000:00:02.0: [drm:drm_ioctl] comm="gnome-shell" pid=14875, dev=0xe201, auth=1, I915_GEM_EXECBUFFER2_WR
[ 5392.975212] i915 0000:00:02.0: [drm:drm_ioctl] comm="gnome-shell" pid=14875, dev=0xe201, auth=1, I915_GEM_MADVISE
[ 5392.975227] i915 0000:00:02.0: [drm:drm_ioctl] comm="gnome-shell" pid=14875, dev=0xe201, auth=1, DRM_IOCTL_SYNCOBJ_WAIT
[ 5392.975239] i915 0000:00:02.0: [drm:drm_ioctl] comm="gnome-shell" pid=14875, dev=0xe201, auth=1, DRM_IOCTL_SYNCOBJ_DESTROY
[ 5392.975247] i915 0000:00:02.0: [drm:drm_ioctl] comm="gnome-shell" pid=14875, dev=0xe201, auth=1, I915_GEM_MADVISE
[ 5392.975255] i915 0000:00:02.0: [drm:drm_ioctl] comm="gnome-shell" pid=14875, dev=0xe201, auth=1, DRM_IOCTL_SYNCOBJ_CREATE
[ 5392.975336] i915 0000:00:02.0: [drm:drm_ioctl] comm="gnome-shell" pid=14875, dev=0xe201, auth=1, I915_GEM_SET_TILING
[ 5392.975352] i915 0000:00:02.0: [drm:drm_ioctl] comm="gnome-shell" pid=14875, dev=0xe201, auth=1, I915_GEM_SET_TILING
[ 5392.975366] i915 0000:00:02.0: [drm:drm_ioctl] comm="gnome-shell" pid=14875, dev=0xe201, auth=1, DRM_IOCTL_MODE_ADDFB2
[ 5392.975402] i915 0000:00:02.0: [drm:drm_mode_addfb2] [FB:136]
[ 5392.976132] i915 0000:00:02.0: [drm:drm_ioctl] comm="bobide" pid=29641, dev=0xe280, auth=0, I915_GET_RESET_STATS
[ 5392.976163] i915 0000:00:02.0: [drm:drm_ioctl] comm="bobide" pid=29641, dev=0xe280, auth=0, I915_GET_RESET_STATS
[ 5392.976583] i915 0000:00:02.0: [drm:drm_ioctl] comm="gnome-shell" pid=14875, dev=0xe201, auth=1, DRM_IOCTL_MODE_CLOSEFB
[ 5392.976639] [drm:drm_mode_object_put.part.0] OBJ ID: 139 (2)
[ 5392.976652] [drm:drm_mode_object_put.part.0] OBJ ID: 139 (1)
[ 5392.976792] i915 0000:00:02.0: [drm:drm_ioctl] comm="KMS thread" pid=14945, dev=0xe201, auth=1, DRM_IOCTL_MODE_ATOMIC
[ 5392.976819] i915 0000:00:02.0: [drm:drm_atomic_state_init] Allocated atomic state 00000000268274fc
[ 5392.976836] [drm:drm_mode_object_get] OBJ ID: 133 (3)
[ 5392.976842] [drm:drm_mode_object_get] OBJ ID: 133 (4)
[ 5392.976847] i915 0000:00:02.0: [drm:drm_atomic_get_plane_state] Added [PLANE:33:plane 1A] 0000000042844a28 state to 00000000268274fc
[ 5392.976857] i915 0000:00:02.0: [drm:drm_ioctl] comm="bobide" pid=29641, dev=0xe280, auth=0, I915_GEM_EXECBUFFER2_WR
[ 5392.976860] [drm:drm_mode_object_get] OBJ ID: 135 (1)
[ 5392.976866] [drm:drm_mode_object_get] OBJ ID: 137 (3)
[ 5392.976871] [drm:drm_mode_object_get] OBJ ID: 137 (4)
[ 5392.976875] [drm:drm_mode_object_get] OBJ ID: 137 (5)
[ 5392.976881] i915 0000:00:02.0: [drm:drm_atomic_get_crtc_state] Added [CRTC:56:pipe A] 000000000ff0d236 state to 00000000268274fc
[ 5392.976891] i915 0000:00:02.0: [drm:drm_atomic_set_fb_for_plane] Set [FB:136] for [PLANE:33:plane 1A] state 0000000042844a28
[ 5392.976899] [drm:drm_mode_object_get] OBJ ID: 136 (3)
[ 5392.976904] [drm:drm_mode_object_put.part.0] OBJ ID: 133 (5)
[ 5392.976909] [drm:drm_mode_object_put.part.0] OBJ ID: 136 (4)
[ 5392.976914] [drm:drm_mode_object_put.part.0] OBJ ID: 136 (3)
[ 5392.976923] i915 0000:00:02.0: [drm:drm_atomic_check_only] checking 00000000268274fc
[ 5392.976941] i915 0000:00:02.0: [drm:drm_ioctl] comm="bobide" pid=29641, dev=0xe280, auth=0, I915_GEM_MADVISE
[ 5392.976942] [drm:drm_mode_object_put.part.0] OBJ ID: 133 (4)
[ 5392.976948] [drm:drm_mode_object_get] OBJ ID: 136 (2)
[ 5392.976952] i915 0000:00:02.0: [drm:drm_ioctl] comm="bobide" pid=29641, dev=0xe280, auth=0, DRM_IOCTL_SYNCOBJ_WAIT
[ 5392.976964] i915 0000:00:02.0: [drm:drm_ioctl] comm="bobide" pid=29641, dev=0xe280, auth=0, I915_GEM_MADVISE
[ 5392.976972] i915 0000:00:02.0: [drm:drm_ioctl] comm="bobide" pid=29641, dev=0xe280, auth=0, DRM_IOCTL_SYNCOBJ_CREATE
[ 5392.977003] i915 0000:00:02.0: [drm:drm_ioctl] comm="bobide" pid=29641, dev=0xe280, auth=0, DRM_IOCTL_SYNCOBJ_HANDLE_TO_FD
[ 5392.976965] i915 0000:00:02.0: [drm:intel_plane_atomic_calc_changes [i915]] [CRTC:56:pipe A] with [PLANE:33:plane 1A] visible 1 -> 1, off 0, on 0, ms 0
[ 5392.978914] i915 0000:00:02.0: [drm:intel_atomic_get_global_obj_state [i915]] Added new global object 00000000bc0392d3 state 00000000e2e9619d to 00000000268274fc
[ 5392.980823] i915 0000:00:02.0: [drm:drm_atomic_nonblocking_commit] committing 00000000268274fc nonblocking
[ 5392.980929] i915 0000:00:02.0: [drm:drm_crtc_vblank_helper_get_vblank_timestamp_internal] crtc 0 : v p(0,525)@ 5392.897117 -> 5392.889388 [e 0 us, 0 rep]
[ 5392.980969] i915 0000:00:02.0: [drm:drm_update_vblank_count] updating vblank count on crtc 0: current=323260, diff=0, hw=324079 hw_last=324079
[ 5392.981727] i915 0000:00:02.0: [drm:drm_ioctl] comm="gnome-shell" pid=14875, dev=0xe201, auth=1, DRM_IOCTL_SYNCOBJ_CREATE
[ 5392.981748] i915 0000:00:02.0: [drm:drm_ioctl] comm="gnome-shell" pid=14875, dev=0xe201, auth=1, DRM_IOCTL_SYNCOBJ_HANDLE_TO_FD
[ 5392.981767] i915 0000:00:02.0: [drm:drm_ioctl] comm="gnome-shell" pid=14875, dev=0xe201, auth=1, DRM_IOCTL_SYNCOBJ_DESTROY
[ 5392.989125] i915 0000:00:02.0: [drm:drm_crtc_vblank_helper_get_vblank_timestamp_internal] crtc 0 : v p(0,-52)@ 5392.905297 -> 5392.906063 [e 0 us, 0 rep]
[ 5392.989178] i915 0000:00:02.0: [drm:drm_update_vblank_count] updating vblank count on crtc 0: current=323260, diff=1, hw=324080 hw_last=324079
[ 5392.989190] i915 0000:00:02.0: [drm:drm_handle_vblank_events] vblank event on 323261, current 323261
[ 5392.989269] i915 0000:00:02.0: [drm:drm_atomic_state_default_clear] Clearing atomic state 00000000268274fc
[ 5392.989285] [drm:drm_mode_object_put.part.0] OBJ ID: 135 (2)
[ 5392.989296] [drm:drm_mode_object_put.part.0] OBJ ID: 137 (6)
[ 5392.989301] [drm:drm_mode_object_put.part.0] OBJ ID: 137 (5)
[ 5392.989306] [drm:drm_mode_object_put.part.0] OBJ ID: 137 (4)
[ 5392.989313] [drm:drm_mode_object_put.part.0] OBJ ID: 133 (3)
[ 5392.989319] [drm:drm_mode_object_put.part.0] OBJ ID: 133 (2)
[ 5392.989326] i915 0000:00:02.0: [drm:__drm_atomic_state_free] Freeing atomic state 00000000268274fc
[ 5392.990551] i915 0000:00:02.0: [drm:drm_ioctl] comm="bobide" pid=29641, dev=0xe280, auth=0, I915_GET_RESET_STATS
[ 5392.990575] i915 0000:00:02.0: [drm:drm_ioctl] comm="bobide" pid=29641, dev=0xe280, auth=0, I915_GET_RESET_STATS
[ 5392.990651] i915 0000:00:02.0: [drm:drm_ioctl] comm="gnome-shell" pid=14875, dev=0xe201, auth=1, DRM_IOCTL_SYNCOBJ_WAIT
[ 5392.990682] i915 0000:00:02.0: [drm:drm_ioctl] comm="gnome-shell" pid=14875, dev=0xe201, auth=1, DRM_IOCTL_SYNCOBJ_WAIT
[ 5392.990698] i915 0000:00:02.0: [drm:drm_ioctl] comm="gnome-shell" pid=14875, dev=0xe201, auth=1, DRM_IOCTL_SYNCOBJ_WAIT
[ 5392.990715] i915 0000:00:02.0: [drm:drm_ioctl] comm="gnome-shell" pid=14875, dev=0xe201, auth=1, DRM_IOCTL_SYNCOBJ_WAIT
[ 5392.990723] i915 0000:00:02.0: [drm:drm_ioctl] comm="gnome-shell" pid=14875, dev=0xe201, auth=1, DRM_IOCTL_SYNCOBJ_WAIT
[ 5392.990732] i915 0000:00:02.0: [drm:drm_ioctl] comm="gnome-shell" pid=14875, dev=0xe201, auth=1, DRM_IOCTL_SYNCOBJ_WAIT
[ 5392.990975] i915 0000:00:02.0: [drm:drm_ioctl] comm="bobide" pid=29641, dev=0xe280, auth=0, I915_GEM_EXECBUFFER2_WR
[ 5392.991087] i915 0000:00:02.0: [drm:drm_ioctl] comm="bobide" pid=29641, dev=0xe280, auth=0, I915_GEM_MADVISE
[ 5392.991100] i915 0000:00:02.0: [drm:drm_ioctl] comm="bobide" pid=29641, dev=0xe280, auth=0, DRM_IOCTL_SYNCOBJ_WAIT
[ 5392.991110] i915 0000:00:02.0: [drm:drm_ioctl] comm="bobide" pid=29641, dev=0xe280, auth=0, I915_GEM_MADVISE
[ 5392.991119] i915 0000:00:02.0: [drm:drm_ioctl] comm="bobide" pid=29641, dev=0xe280, auth=0, DRM_IOCTL_SYNCOBJ_CREATE
[ 5392.991147] i915 0000:00:02.0: [drm:drm_ioctl] comm="bobide" pid=29641, dev=0xe280, auth=0, DRM_IOCTL_SYNCOBJ_HANDLE_TO_FD
[ 5392.991331] i915 0000:00:02.0: [drm:drm_ioctl] comm="gnome-shell" pid=14875, dev=0xe201, auth=1, I915_GEM_EXECBUFFER2_WR
[ 5392.991487] i915 0000:00:02.0: [drm:drm_ioctl] comm="gnome-shell" pid=14875, dev=0xe201, auth=1, I915_GEM_MADVISE
[ 5392.991503] i915 0000:00:02.0: [drm:drm_ioctl] comm="gnome-shell" pid=14875, dev=0xe201, auth=1, DRM_IOCTL_SYNCOBJ_WAIT
[ 5392.991521] i915 0000:00:02.0: [drm:drm_ioctl] comm="gnome-shell" pid=14875, dev=0xe201, auth=1, I915_GEM_MADVISE
[ 5392.991535] i915 0000:00:02.0: [drm:drm_ioctl] comm="gnome-shell" pid=14875, dev=0xe201, auth=1, DRM_IOCTL_SYNCOBJ_CREATE
[ 5392.991596] i915 0000:00:02.0: [drm:drm_ioctl] comm="gnome-shell" pid=14875, dev=0xe201, auth=1, I915_REG_READ
[ 5392.991646] i915 0000:00:02.0: [drm:drm_ioctl] comm="gnome-shell" pid=14875, dev=0xe201, auth=1, I915_GEM_EXECBUFFER2_WR
[ 5392.991697] i915 0000:00:02.0: [drm:drm_ioctl] comm="gnome-shell" pid=14875, dev=0xe201, auth=1, I915_GEM_MADVISE
[ 5392.991712] i915 0000:00:02.0: [drm:drm_ioctl] comm="gnome-shell" pid=14875, dev=0xe201, auth=1, DRM_IOCTL_SYNCOBJ_WAIT
[ 5392.991730] i915 0000:00:02.0: [drm:drm_ioctl] comm="gnome-shell" pid=14875, dev=0xe201, auth=1, DRM_IOCTL_SYNCOBJ_DESTROY
[ 5392.991745] i915 0000:00:02.0: [drm:drm_ioctl] comm="gnome-shell" pid=14875, dev=0xe201, auth=1, I915_GEM_MADVISE
[ 5392.991761] i915 0000:00:02.0: [drm:drm_ioctl] comm="gnome-shell" pid=14875, dev=0xe201, auth=1, DRM_IOCTL_SYNCOBJ_CREATE
[ 5392.992386] i915 0000:00:02.0: [drm:drm_ioctl] comm="gnome-shell" pid=14875, dev=0xe201, auth=1, I915_GEM_SET_TILING
[ 5392.992420] i915 0000:00:02.0: [drm:drm_ioctl] comm="gnome-shell" pid=14875, dev=0xe201, auth=1, I915_GEM_SET_TILING
[ 5392.992443] i915 0000:00:02.0: [drm:drm_ioctl] comm="gnome-shell" pid=14875, dev=0xe201, auth=1, DRM_IOCTL_MODE_ADDFB2
[ 5392.992480] i915 0000:00:02.0: [drm:drm_mode_addfb2] [FB:139]
[ 5392.994051] i915 0000:00:02.0: [drm:drm_ioctl] comm="gnome-shell" pid=14875, dev=0xe201, auth=1, DRM_IOCTL_MODE_CLOSEFB
[ 5392.994070] [drm:drm_mode_object_put.part.0] OBJ ID: 133 (2)
[ 5392.994080] [drm:drm_mode_object_put.part.0] OBJ ID: 133 (1)
[ 5392.994188] i915 0000:00:02.0: [drm:drm_ioctl] comm="KMS thread" pid=14945, dev=0xe201, auth=1, DRM_IOCTL_MODE_ATOMIC
[ 5392.994200] i915 0000:00:02.0: [drm:drm_atomic_state_init] Allocated atomic state 00000000e65b5814
[ 5392.994216] [drm:drm_mode_object_get] OBJ ID: 136 (3)
[ 5392.994222] [drm:drm_mode_object_get] OBJ ID: 136 (4)
[ 5392.994227] i915 0000:00:02.0: [drm:drm_atomic_get_plane_state] Added [PLANE:33:plane 1A] 0000000076f2f7bd state to 00000000e65b5814
[ 5392.994242] [drm:drm_mode_object_get] OBJ ID: 135 (1)
[ 5392.994247] [drm:drm_mode_object_get] OBJ ID: 137 (3)
[ 5392.994252] [drm:drm_mode_object_get] OBJ ID: 137 (4)
[ 5392.994257] [drm:drm_mode_object_get] OBJ ID: 137 (5)
[ 5392.994262] i915 0000:00:02.0: [drm:drm_atomic_get_crtc_state] Added [CRTC:56:pipe A] 000000007e387835 state to 00000000e65b5814
[ 5392.994272] i915 0000:00:02.0: [drm:drm_atomic_set_fb_for_plane] Set [FB:139] for [PLANE:33:plane 1A] state 0000000076f2f7bd
[ 5392.994279] [drm:drm_mode_object_get] OBJ ID: 139 (3)
[ 5392.994284] [drm:drm_mode_object_put.part.0] OBJ ID: 136 (5)
[ 5392.994289] [drm:drm_mode_object_put.part.0] OBJ ID: 139 (4)
[ 5392.994294] [drm:drm_mode_object_put.part.0] OBJ ID: 139 (3)
[ 5392.994303] i915 0000:00:02.0: [drm:drm_atomic_check_only] checking 00000000e65b5814
[ 5392.994320] [drm:drm_mode_object_put.part.0] OBJ ID: 136 (4)
[ 5392.994325] [drm:drm_mode_object_get] OBJ ID: 139 (2)
[ 5392.994341] i915 0000:00:02.0: [drm:intel_plane_atomic_calc_changes [i915]] [CRTC:56:pipe A] with [PLANE:33:plane 1A] visible 1 -> 1, off 0, on 0, ms 0
[ 5392.996469] i915 0000:00:02.0: [drm:intel_atomic_get_global_obj_state [i915]] Added new global object 00000000bc0392d3 state 00000000a321ee0b to 00000000e65b5814
[ 5392.997966] i915 0000:00:02.0: [drm:drm_atomic_nonblocking_commit] committing 00000000e65b5814 nonblocking
[ 5392.998052] i915 0000:00:02.0: [drm:drm_crtc_vblank_helper_get_vblank_timestamp_internal] crtc 0 : v p(0,556)@ 5392.914246 -> 5392.906061 [e 0 us, 0 rep]
[ 5392.998077] i915 0000:00:02.0: [drm:drm_update_vblank_count] updating vblank count on crtc 0: current=323261, diff=0, hw=324080 hw_last=324080
[ 5392.998618] i915 0000:00:02.0: [drm:drm_ioctl] comm="gnome-shell" pid=14875, dev=0xe201, auth=1, DRM_IOCTL_SYNCOBJ_CREATE
[ 5392.998638] i915 0000:00:02.0: [drm:drm_ioctl] comm="gnome-shell" pid=14875, dev=0xe201, auth=1, DRM_IOCTL_SYNCOBJ_HANDLE_TO_FD
[ 5392.998657] i915 0000:00:02.0: [drm:drm_ioctl] comm="gnome-shell" pid=14875, dev=0xe201, auth=1, DRM_IOCTL_SYNCOBJ_DESTROY
[ 5393.005764] i915 0000:00:02.0: [drm:drm_crtc_vblank_helper_get_vblank_timestamp_internal] crtc 0 : v p(0,-52)@ 5392.921958 -> 5392.922723 [e 0 us, 0 rep]
[ 5393.005826] i915 0000:00:02.0: [drm:drm_update_vblank_count] updating vblank count on crtc 0: current=323261, diff=1, hw=324081 hw_last=324080
[ 5393.005836] i915 0000:00:02.0: [drm:drm_handle_vblank_events] vblank event on 323262, current 323262
[ 5393.005906] i915 0000:00:02.0: [drm:drm_atomic_state_default_clear] Clearing atomic state 00000000e65b5814
[ 5393.005918] [drm:drm_mode_object_put.part.0] OBJ ID: 135 (2)
[ 5393.005928] [drm:drm_mode_object_put.part.0] OBJ ID: 137 (6)
[ 5393.005933] [drm:drm_mode_object_put.part.0] OBJ ID: 137 (5)
[ 5393.005937] [drm:drm_mode_object_put.part.0] OBJ ID: 137 (4)
[ 5393.005943] [drm:drm_mode_object_put.part.0] OBJ ID: 136 (3)
[ 5393.005949] [drm:drm_mode_object_put.part.0] OBJ ID: 136 (2)
[ 5393.005955] i915 0000:00:02.0: [drm:__drm_atomic_state_free] Freeing atomic state 00000000e65b5814
[ 5393.007740] i915 0000:00:02.0: [drm:drm_ioctl] comm="bobide" pid=29641, dev=0xe280, auth=0, I915_GET_RESET_STATS
[ 5393.007765] i915 0000:00:02.0: [drm:drm_ioctl] comm="bobide" pid=29641, dev=0xe280, auth=0, I915_GET_RESET_STATS
[ 5393.007872] i915 0000:00:02.0: [drm:drm_ioctl] comm="bobide" pid=29641, dev=0xe280, auth=0, DRM_IOCTL_SYNCOBJ_WAIT
[ 5393.007890] i915 0000:00:02.0: [drm:drm_ioctl] comm="bobide" pid=29641, dev=0xe280, auth=0, DRM_IOCTL_SYNCOBJ_WAIT
[ 5393.007899] i915 0000:00:02.0: [drm:drm_ioctl] comm="bobide" pid=29641, dev=0xe280, auth=0, DRM_IOCTL_SYNCOBJ_DESTROY
[ 5393.007920] i915 0000:00:02.0: [drm:drm_ioctl] comm="bobide" pid=29641, dev=0xe280, auth=0, DRM_IOCTL_SYNCOBJ_WAIT
[ 5393.007929] i915 0000:00:02.0: [drm:drm_ioctl] comm="bobide" pid=29641, dev=0xe280, auth=0, DRM_IOCTL_SYNCOBJ_WAIT
[ 5393.008331] i915 0000:00:02.0: [drm:drm_ioctl] comm="bobide" pid=29641, dev=0xe280, auth=0, I915_GEM_EXECBUFFER2_WR
[ 5393.008445] i915 0000:00:02.0: [drm:drm_ioctl] comm="bobide" pid=29641, dev=0xe280, auth=0, I915_GEM_MADVISE
[ 5393.008458] i915 0000:00:02.0: [drm:drm_ioctl] comm="bobide" pid=29641, dev=0xe280, auth=0, DRM_IOCTL_SYNCOBJ_WAIT
[ 5393.008467] i915 0000:00:02.0: [drm:drm_ioctl] comm="bobide" pid=29641, dev=0xe280, auth=0, I915_GEM_MADVISE
[ 5393.008474] i915 0000:00:02.0: [drm:drm_ioctl] comm="bobide" pid=29641, dev=0xe280, auth=0, DRM_IOCTL_SYNCOBJ_CREATE
[ 5393.008502] i915 0000:00:02.0: [drm:drm_ioctl] comm="bobide" pid=29641, dev=0xe280, auth=0, DRM_IOCTL_SYNCOBJ_HANDLE_TO_FD
[ 5393.011185] i915 0000:00:02.0: [drm:drm_ioctl] comm="gnome-shell" pid=14875, dev=0xe201, auth=1, I915_GEM_EXECBUFFER2_WR
[ 5393.011371] i915 0000:00:02.0: [drm:drm_ioctl] comm="gnome-shell" pid=14875, dev=0xe201, auth=1, I915_GEM_MADVISE
[ 5393.011386] i915 0000:00:02.0: [drm:drm_ioctl] comm="gnome-shell" pid=14875, dev=0xe201, auth=1, DRM_IOCTL_SYNCOBJ_WAIT
[ 5393.011398] i915 0000:00:02.0: [drm:drm_ioctl] comm="gnome-shell" pid=14875, dev=0xe201, auth=1, I915_GEM_MADVISE
[ 5393.011407] i915 0000:00:02.0: [drm:drm_ioctl] comm="gnome-shell" pid=14875, dev=0xe201, auth=1, DRM_IOCTL_SYNCOBJ_CREATE
[ 5393.011435] i915 0000:00:02.0: [drm:drm_ioctl] comm="gnome-shell" pid=14875, dev=0xe201, auth=1, I915_REG_READ
[ 5393.011527] i915 0000:00:02.0: [drm:drm_ioctl] comm="gnome-shell" pid=14875, dev=0xe201, auth=1, I915_GEM_EXECBUFFER2_WR
[ 5393.011557] i915 0000:00:02.0: [drm:drm_ioctl] comm="gnome-shell" pid=14875, dev=0xe201, auth=1, I915_GEM_MADVISE
[ 5393.011565] i915 0000:00:02.0: [drm:drm_ioctl] comm="gnome-shell" pid=14875, dev=0xe201, auth=1, DRM_IOCTL_SYNCOBJ_WAIT
[ 5393.011574] i915 0000:00:02.0: [drm:drm_ioctl] comm="gnome-shell" pid=14875, dev=0xe201, auth=1, DRM_IOCTL_SYNCOBJ_DESTROY
[ 5393.011582] i915 0000:00:02.0: [drm:drm_ioctl] comm="gnome-shell" pid=14875, dev=0xe201, auth=1, I915_GEM_MADVISE
[ 5393.011590] i915 0000:00:02.0: [drm:drm_ioctl] comm="gnome-shell" pid=14875, dev=0xe201, auth=1, DRM_IOCTL_SYNCOBJ_CREATE
[ 5393.011641] i915 0000:00:02.0: [drm:drm_ioctl] comm="gnome-shell" pid=14875, dev=0xe201, auth=1, I915_GEM_SET_TILING
[ 5393.011687] i915 0000:00:02.0: [drm:drm_ioctl] comm="gnome-shell" pid=14875, dev=0xe201, auth=1, I915_GEM_SET_TILING
[ 5393.011703] i915 0000:00:02.0: [drm:drm_ioctl] comm="gnome-shell" pid=14875, dev=0xe201, auth=1, DRM_IOCTL_MODE_ADDFB2
[ 5393.011734] i915 0000:00:02.0: [drm:drm_mode_addfb2] [FB:133]
[ 5393.012269] i915 0000:00:02.0: [drm:drm_ioctl] comm="gnome-shell" pid=14875, dev=0xe201, auth=1, DRM_IOCTL_MODE_CLOSEFB
[ 5393.012296] [drm:drm_mode_object_put.part.0] OBJ ID: 136 (2)
[ 5393.012309] [drm:drm_mode_object_put.part.0] OBJ ID: 136 (1)
[ 5393.012400] i915 0000:00:02.0: [drm:drm_ioctl] comm="KMS thread" pid=14945, dev=0xe201, auth=1, DRM_IOCTL_MODE_ATOMIC
[ 5393.012420] i915 0000:00:02.0: [drm:drm_atomic_state_init] Allocated atomic state 0000000015ca4c13
[ 5393.012450] [drm:drm_mode_object_get] OBJ ID: 139 (3)
[ 5393.012461] [drm:drm_mode_object_get] OBJ ID: 139 (4)
[ 5393.012467] i915 0000:00:02.0: [drm:drm_atomic_get_plane_state] Added [PLANE:33:plane 1A] 000000005e7de6f0 state to 0000000015ca4c13
[ 5393.012494] [drm:drm_mode_object_get] OBJ ID: 135 (1)
[ 5393.012501] [drm:drm_mode_object_get] OBJ ID: 137 (3)
[ 5393.012506] [drm:drm_mode_object_get] OBJ ID: 137 (4)
[ 5393.012515] [drm:drm_mode_object_get] OBJ ID: 137 (5)
[ 5393.012536] i915 0000:00:02.0: [drm:drm_atomic_get_crtc_state] Added [CRTC:56:pipe A] 000000003fc0ba5b state to 0000000015ca4c13
[ 5393.012559] i915 0000:00:02.0: [drm:drm_atomic_set_fb_for_plane] Set [FB:133] for [PLANE:33:plane 1A] state 000000005e7de6f0
[ 5393.012569] [drm:drm_mode_object_get] OBJ ID: 133 (3)
[ 5393.012574] [drm:drm_mode_object_put.part.0] OBJ ID: 139 (5)
[ 5393.012580] [drm:drm_mode_object_put.part.0] OBJ ID: 133 (4)
[ 5393.012586] [drm:drm_mode_object_put.part.0] OBJ ID: 133 (3)
[ 5393.012600] i915 0000:00:02.0: [drm:drm_atomic_check_only] checking 0000000015ca4c13
[ 5393.012634] [drm:drm_mode_object_put.part.0] OBJ ID: 139 (4)
[ 5393.012640] [drm:drm_mode_object_get] OBJ ID: 133 (2)
[ 5393.013223] i915 0000:00:02.0: [drm:drm_ioctl] comm="bobide" pid=29641, dev=0xe280, auth=0, I915_GET_RESET_STATS
[ 5393.013244] i915 0000:00:02.0: [drm:drm_ioctl] comm="bobide" pid=29641, dev=0xe280, auth=0, I915_GET_RESET_STATS
[ 5393.012668] i915 0000:00:02.0: [drm:intel_plane_atomic_calc_changes [i915]] [CRTC:56:pipe A] with [PLANE:33:plane 1A] visible 1 -> 1, off 0, on 0, ms 0
[ 5393.014064] i915 0000:00:02.0: [drm:drm_ioctl] comm="gnome-shell" pid=14875, dev=0xe201, auth=1, DRM_IOCTL_SYNCOBJ_CREATE
[ 5393.014088] i915 0000:00:02.0: [drm:drm_ioctl] comm="gnome-shell" pid=14875, dev=0xe201, auth=1, DRM_IOCTL_SYNCOBJ_HANDLE_TO_FD
[ 5393.014109] i915 0000:00:02.0: [drm:drm_ioctl] comm="gnome-shell" pid=14875, dev=0xe201, auth=1, DRM_IOCTL_SYNCOBJ_DESTROY
[ 5393.015233] i915 0000:00:02.0: [drm:intel_atomic_get_global_obj_state [i915]] Added new global object 00000000bc0392d3 state 00000000ebca0184 to 0000000015ca4c13
[ 5393.016424] i915 0000:00:02.0: [drm:drm_ioctl] comm="bobide" pid=29641, dev=0xe280, auth=0, DRM_IOCTL_SYNCOBJ_WAIT
[ 5393.017292] i915 0000:00:02.0: [drm:drm_atomic_nonblocking_commit] committing 0000000015ca4c13 nonblocking
[ 5393.017371] i915 0000:00:02.0: [drm:drm_crtc_vblank_helper_get_vblank_timestamp_internal] crtc 0 : v p(0,737)@ 5392.933566 -> 5392.922716 [e 0 us, 0 rep]
[ 5393.017392] i915 0000:00:02.0: [drm:drm_update_vblank_count] updating vblank count on crtc 0: current=323262, diff=0, hw=324081 hw_last=324081
[ 5393.022431] i915 0000:00:02.0: [drm:drm_crtc_vblank_helper_get_vblank_timestamp_internal] crtc 0 : v p(0,-52)@ 5392.938622 -> 5392.939388 [e 0 us, 0 rep]
[ 5393.022489] i915 0000:00:02.0: [drm:drm_update_vblank_count] updating vblank count on crtc 0: current=323262, diff=1, hw=324082 hw_last=324081
[ 5393.022502] i915 0000:00:02.0: [drm:drm_handle_vblank_events] vblank event on 323263, current 323263
[ 5393.022562] i915 0000:00:02.0: [drm:drm_atomic_state_default_clear] Clearing atomic state 0000000015ca4c13
[ 5393.022575] [drm:drm_mode_object_put.part.0] OBJ ID: 135 (2)
[ 5393.022586] [drm:drm_mode_object_put.part.0] OBJ ID: 137 (6)
[ 5393.022591] [drm:drm_mode_object_put.part.0] OBJ ID: 137 (5)
[ 5393.022596] [drm:drm_mode_object_put.part.0] OBJ ID: 137 (4)
[ 5393.022603] [drm:drm_mode_object_put.part.0] OBJ ID: 139 (3)
[ 5393.022609] [drm:drm_mode_object_put.part.0] OBJ ID: 139 (2)
[ 5393.022616] i915 0000:00:02.0: [drm:__drm_atomic_state_free] Freeing atomic state 0000000015ca4c13
[ 5393.025527] i915 0000:00:02.0: [drm:drm_ioctl] comm="gnome-shell" pid=14875, dev=0xe201, auth=1, I915_GEM_EXECBUFFER2_WR
[ 5393.025709] i915 0000:00:02.0: [drm:drm_ioctl] comm="gnome-shell" pid=14875, dev=0xe201, auth=1, I915_GEM_MADVISE
[ 5393.025725] i915 0000:00:02.0: [drm:drm_ioctl] comm="gnome-shell" pid=14875, dev=0xe201, auth=1, DRM_IOCTL_SYNCOBJ_WAIT
[ 5393.025756] i915 0000:00:02.0: [drm:drm_ioctl] comm="gnome-shell" pid=14875, dev=0xe201, auth=1, I915_GEM_MADVISE
[ 5393.025767] i915 0000:00:02.0: [drm:drm_ioctl] comm="gnome-shell" pid=14875, dev=0xe201, auth=1, DRM_IOCTL_SYNCOBJ_CREATE
[ 5393.025793] i915 0000:00:02.0: [drm:drm_ioctl] comm="gnome-shell" pid=14875, dev=0xe201, auth=1, I915_REG_READ
[ 5393.025970] i915 0000:00:02.0: [drm:drm_ioctl] comm="gnome-shell" pid=14875, dev=0xe201, auth=1, I915_GEM_EXECBUFFER2_WR
[ 5393.026001] i915 0000:00:02.0: [drm:drm_ioctl] comm="gnome-shell" pid=14875, dev=0xe201, auth=1, I915_GEM_MADVISE
[ 5393.026010] i915 0000:00:02.0: [drm:drm_ioctl] comm="gnome-shell" pid=14875, dev=0xe201, auth=1, DRM_IOCTL_SYNCOBJ_WAIT
[ 5393.026020] i915 0000:00:02.0: [drm:drm_ioctl] comm="gnome-shell" pid=14875, dev=0xe201, auth=1, DRM_IOCTL_SYNCOBJ_DESTROY
[ 5393.026028] i915 0000:00:02.0: [drm:drm_ioctl] comm="gnome-shell" pid=14875, dev=0xe201, auth=1, I915_GEM_MADVISE
[ 5393.026037] i915 0000:00:02.0: [drm:drm_ioctl] comm="gnome-shell" pid=14875, dev=0xe201, auth=1, DRM_IOCTL_SYNCOBJ_CREATE
[ 5393.026102] i915 0000:00:02.0: [drm:drm_ioctl] comm="gnome-shell" pid=14875, dev=0xe201, auth=1, I915_GEM_SET_TILING
[ 5393.026121] i915 0000:00:02.0: [drm:drm_ioctl] comm="gnome-shell" pid=14875, dev=0xe201, auth=1, I915_GEM_SET_TILING
[ 5393.026138] i915 0000:00:02.0: [drm:drm_ioctl] comm="gnome-shell" pid=14875, dev=0xe201, auth=1, DRM_IOCTL_MODE_ADDFB2
[ 5393.026173] i915 0000:00:02.0: [drm:drm_mode_addfb2] [FB:136]
[ 5393.026699] i915 0000:00:02.0: [drm:drm_ioctl] comm="gnome-shell" pid=14875, dev=0xe201, auth=1, DRM_IOCTL_MODE_CLOSEFB
[ 5393.026715] [drm:drm_mode_object_put.part.0] OBJ ID: 139 (2)
[ 5393.026726] [drm:drm_mode_object_put.part.0] OBJ ID: 139 (1)
[ 5393.026844] i915 0000:00:02.0: [drm:drm_ioctl] comm="KMS thread" pid=14945, dev=0xe201, auth=1, DRM_IOCTL_MODE_ATOMIC
[ 5393.026860] i915 0000:00:02.0: [drm:drm_atomic_state_init] Allocated atomic state 0000000053912d98
[ 5393.026875] [drm:drm_mode_object_get] OBJ ID: 133 (3)
[ 5393.026882] [drm:drm_mode_object_get] OBJ ID: 133 (4)
[ 5393.026887] i915 0000:00:02.0: [drm:drm_atomic_get_plane_state] Added [PLANE:33:plane 1A] 0000000056c906d9 state to 0000000053912d98
[ 5393.026902] [drm:drm_mode_object_get] OBJ ID: 135 (1)
[ 5393.026907] [drm:drm_mode_object_get] OBJ ID: 137 (3)
[ 5393.026912] [drm:drm_mode_object_get] OBJ ID: 137 (4)
[ 5393.026917] [drm:drm_mode_object_get] OBJ ID: 137 (5)
[ 5393.026921] i915 0000:00:02.0: [drm:drm_atomic_get_crtc_state] Added [CRTC:56:pipe A] 000000007e387835 state to 0000000053912d98
[ 5393.026932] i915 0000:00:02.0: [drm:drm_atomic_set_fb_for_plane] Set [FB:136] for [PLANE:33:plane 1A] state 0000000056c906d9
[ 5393.026939] [drm:drm_mode_object_get] OBJ ID: 136 (3)
[ 5393.026944] [drm:drm_mode_object_put.part.0] OBJ ID: 133 (5)
[ 5393.026949] [drm:drm_mode_object_put.part.0] OBJ ID: 136 (4)
[ 5393.026954] [drm:drm_mode_object_put.part.0] OBJ ID: 136 (3)
[ 5393.026963] i915 0000:00:02.0: [drm:drm_atomic_check_only] checking 0000000053912d98
[ 5393.026983] [drm:drm_mode_object_put.part.0] OBJ ID: 133 (4)
[ 5393.026988] [drm:drm_mode_object_get] OBJ ID: 136 (2)
[ 5393.027006] i915 0000:00:02.0: [drm:intel_plane_atomic_calc_changes [i915]] [CRTC:56:pipe A] with [PLANE:33:plane 1A] visible 1 -> 1, off 0, on 0, ms 0
[ 5393.029123] i915 0000:00:02.0: [drm:intel_atomic_get_global_obj_state [i915]] Added new global object 00000000bc0392d3 state 00000000e8da0eab to 0000000053912d98
[ 5393.030202] i915 0000:00:02.0: [drm:drm_ioctl] comm="gnome-shell" pid=14875, dev=0xe201, auth=1, DRM_IOCTL_SYNCOBJ_CREATE
[ 5393.030223] i915 0000:00:02.0: [drm:drm_ioctl] comm="gnome-shell" pid=14875, dev=0xe201, auth=1, DRM_IOCTL_SYNCOBJ_HANDLE_TO_FD
[ 5393.030239] i915 0000:00:02.0: [drm:drm_ioctl] comm="gnome-shell" pid=14875, dev=0xe201, auth=1, DRM_IOCTL_SYNCOBJ_DESTROY
[ 5393.031038] i915 0000:00:02.0: [drm:drm_atomic_nonblocking_commit] committing 0000000053912d98 nonblocking
[ 5393.031052] i915 0000:00:02.0: [drm:drm_ioctl] comm="bobide" pid=29641, dev=0xe280, auth=0, I915_GET_RESET_STATS
[ 5393.031070] i915 0000:00:02.0: [drm:drm_ioctl] comm="bobide" pid=29641, dev=0xe280, auth=0, I915_GET_RESET_STATS
[ 5393.031151] i915 0000:00:02.0: [drm:drm_crtc_vblank_helper_get_vblank_timestamp_internal] crtc 0 : v p(0,541)@ 5392.947344 -> 5392.939380 [e 0 us, 0 rep]
[ 5393.031187] i915 0000:00:02.0: [drm:drm_update_vblank_count] updating vblank count on crtc 0: current=323263, diff=0, hw=324082 hw_last=324082
[ 5393.031611] i915 0000:00:02.0: [drm:drm_ioctl] comm="bobide" pid=29641, dev=0xe280, auth=0, I915_GEM_EXECBUFFER2_WR
[ 5393.031766] i915 0000:00:02.0: [drm:drm_ioctl] comm="bobide" pid=29641, dev=0xe280, auth=0, DRM_IOCTL_SYNCOBJ_DESTROY
[ 5393.031799] i915 0000:00:02.0: [drm:drm_ioctl] comm="bobide" pid=29641, dev=0xe280, auth=0, I915_GEM_MADVISE
[ 5393.031953] i915 0000:00:02.0: [drm:drm_ioctl] comm="bobide" pid=29641, dev=0xe280, auth=0, DRM_IOCTL_SYNCOBJ_WAIT
[ 5393.031969] i915 0000:00:02.0: [drm:drm_ioctl] comm="bobide" pid=29641, dev=0xe280, auth=0, I915_GEM_MADVISE
[ 5393.031980] i915 0000:00:02.0: [drm:drm_ioctl] comm="bobide" pid=29641, dev=0xe280, auth=0, DRM_IOCTL_SYNCOBJ_CREATE
[ 5393.032028] i915 0000:00:02.0: [drm:drm_ioctl] comm="bobide" pid=29641, dev=0xe280, auth=0, DRM_IOCTL_SYNCOBJ_HANDLE_TO_FD
[ 5393.039091] i915 0000:00:02.0: [drm:drm_crtc_vblank_helper_get_vblank_timestamp_internal] crtc 0 : v p(0,-52)@ 5392.955283 -> 5392.956049 [e 0 us, 0 rep]
[ 5393.039144] i915 0000:00:02.0: [drm:drm_update_vblank_count] updating vblank count on crtc 0: current=323263, diff=1, hw=324083 hw_last=324082
[ 5393.039154] i915 0000:00:02.0: [drm:drm_handle_vblank_events] vblank event on 323264, current 323264
[ 5393.039204] i915 0000:00:02.0: [drm:drm_atomic_state_default_clear] Clearing atomic state 0000000053912d98
[ 5393.039216] [drm:drm_mode_object_put.part.0] OBJ ID: 135 (2)
[ 5393.039227] [drm:drm_mode_object_put.part.0] OBJ ID: 137 (6)
[ 5393.039232] [drm:drm_mode_object_put.part.0] OBJ ID: 137 (5)
[ 5393.039237] [drm:drm_mode_object_put.part.0] OBJ ID: 137 (4)
[ 5393.039243] [drm:drm_mode_object_put.part.0] OBJ ID: 133 (3)
[ 5393.039249] [drm:drm_mode_object_put.part.0] OBJ ID: 133 (2)
[ 5393.039256] i915 0000:00:02.0: [drm:__drm_atomic_state_free] Freeing atomic state 0000000053912d98
[ 5393.040186] i915 0000:00:02.0: [drm:drm_ioctl] comm="gnome-shell" pid=14875, dev=0xe201, auth=1, DRM_IOCTL_SYNCOBJ_WAIT
[ 5393.040211] i915 0000:00:02.0: [drm:drm_ioctl] comm="gnome-shell" pid=14875, dev=0xe201, auth=1, DRM_IOCTL_SYNCOBJ_WAIT
[ 5393.040220] i915 0000:00:02.0: [drm:drm_ioctl] comm="gnome-shell" pid=14875, dev=0xe201, auth=1, DRM_IOCTL_SYNCOBJ_WAIT
[ 5393.040228] i915 0000:00:02.0: [drm:drm_ioctl] comm="gnome-shell" pid=14875, dev=0xe201, auth=1, DRM_IOCTL_SYNCOBJ_WAIT
[ 5393.040235] i915 0000:00:02.0: [drm:drm_ioctl] comm="gnome-shell" pid=14875, dev=0xe201, auth=1, DRM_IOCTL_SYNCOBJ_WAIT
[ 5393.040243] i915 0000:00:02.0: [drm:drm_ioctl] comm="gnome-shell" pid=14875, dev=0xe201, auth=1, DRM_IOCTL_SYNCOBJ_WAIT
[ 5393.041854] i915 0000:00:02.0: [drm:drm_ioctl] comm="gnome-shell" pid=14875, dev=0xe201, auth=1, I915_GEM_EXECBUFFER2_WR
[ 5393.042008] i915 0000:00:02.0: [drm:drm_ioctl] comm="gnome-shell" pid=14875, dev=0xe201, auth=1, I915_GEM_MADVISE
[ 5393.042023] i915 0000:00:02.0: [drm:drm_ioctl] comm="gnome-shell" pid=14875, dev=0xe201, auth=1, DRM_IOCTL_SYNCOBJ_WAIT
[ 5393.042035] i915 0000:00:02.0: [drm:drm_ioctl] comm="gnome-shell" pid=14875, dev=0xe201, auth=1, I915_GEM_MADVISE
[ 5393.042045] i915 0000:00:02.0: [drm:drm_ioctl] comm="gnome-shell" pid=14875, dev=0xe201, auth=1, DRM_IOCTL_SYNCOBJ_CREATE
[ 5393.042074] i915 0000:00:02.0: [drm:drm_ioctl] comm="gnome-shell" pid=14875, dev=0xe201, auth=1, I915_REG_READ
[ 5393.042194] i915 0000:00:02.0: [drm:drm_ioctl] comm="gnome-shell" pid=14875, dev=0xe201, auth=1, I915_GEM_EXECBUFFER2_WR
[ 5393.042222] i915 0000:00:02.0: [drm:drm_ioctl] comm="gnome-shell" pid=14875, dev=0xe201, auth=1, I915_GEM_MADVISE
[ 5393.042231] i915 0000:00:02.0: [drm:drm_ioctl] comm="gnome-shell" pid=14875, dev=0xe201, auth=1, DRM_IOCTL_SYNCOBJ_WAIT
[ 5393.042239] i915 0000:00:02.0: [drm:drm_ioctl] comm="gnome-shell" pid=14875, dev=0xe201, auth=1, DRM_IOCTL_SYNCOBJ_DESTROY
[ 5393.042247] i915 0000:00:02.0: [drm:drm_ioctl] comm="gnome-shell" pid=14875, dev=0xe201, auth=1, I915_GEM_MADVISE
[ 5393.042255] i915 0000:00:02.0: [drm:drm_ioctl] comm="gnome-shell" pid=14875, dev=0xe201, auth=1, DRM_IOCTL_SYNCOBJ_CREATE
[ 5393.042311] i915 0000:00:02.0: [drm:drm_ioctl] comm="gnome-shell" pid=14875, dev=0xe201, auth=1, I915_GEM_SET_TILING
[ 5393.042327] i915 0000:00:02.0: [drm:drm_ioctl] comm="gnome-shell" pid=14875, dev=0xe201, auth=1, I915_GEM_SET_TILING
[ 5393.042339] i915 0000:00:02.0: [drm:drm_ioctl] comm="gnome-shell" pid=14875, dev=0xe201, auth=1, DRM_IOCTL_MODE_ADDFB2
[ 5393.042369] i915 0000:00:02.0: [drm:drm_mode_addfb2] [FB:139]
[ 5393.042850] i915 0000:00:02.0: [drm:drm_ioctl] comm="gnome-shell" pid=14875, dev=0xe201, auth=1, DRM_IOCTL_MODE_CLOSEFB
[ 5393.042860] [drm:drm_mode_object_put.part.0] OBJ ID: 133 (2)
[ 5393.042869] [drm:drm_mode_object_put.part.0] OBJ ID: 133 (1)
[ 5393.042948] i915 0000:00:02.0: [drm:drm_ioctl] comm="KMS thread" pid=14945, dev=0xe201, auth=1, DRM_IOCTL_MODE_ATOMIC
[ 5393.042963] i915 0000:00:02.0: [drm:drm_atomic_state_init] Allocated atomic state 00000000906e624b
[ 5393.042976] [drm:drm_mode_object_get] OBJ ID: 136 (3)
[ 5393.042984] [drm:drm_mode_object_get] OBJ ID: 136 (4)
[ 5393.042989] i915 0000:00:02.0: [drm:drm_atomic_get_plane_state] Added [PLANE:33:plane 1A] 0000000052149318 state to 00000000906e624b
[ 5393.043002] [drm:drm_mode_object_get] OBJ ID: 135 (1)
[ 5393.043007] [drm:drm_mode_object_get] OBJ ID: 137 (3)
[ 5393.043012] [drm:drm_mode_object_get] OBJ ID: 137 (4)
[ 5393.043017] [drm:drm_mode_object_get] OBJ ID: 137 (5)
[ 5393.043022] i915 0000:00:02.0: [drm:drm_atomic_get_crtc_state] Added [CRTC:56:pipe A] 000000000ff0d236 state to 00000000906e624b
[ 5393.043033] i915 0000:00:02.0: [drm:drm_atomic_set_fb_for_plane] Set [FB:139] for [PLANE:33:plane 1A] state 0000000052149318
[ 5393.043039] [drm:drm_mode_object_get] OBJ ID: 139 (3)
[ 5393.043044] [drm:drm_mode_object_put.part.0] OBJ ID: 136 (5)
[ 5393.043049] [drm:drm_mode_object_put.part.0] OBJ ID: 139 (4)
[ 5393.043054] [drm:drm_mode_object_put.part.0] OBJ ID: 139 (3)
[ 5393.043063] i915 0000:00:02.0: [drm:drm_atomic_check_only] checking 00000000906e624b
[ 5393.043081] [drm:drm_mode_object_put.part.0] OBJ ID: 136 (4)
[ 5393.043087] [drm:drm_mode_object_get] OBJ ID: 139 (2)
[ 5393.043944] i915 0000:00:02.0: [drm:drm_ioctl] comm="gnome-shell" pid=14875, dev=0xe201, auth=1, DRM_IOCTL_SYNCOBJ_CREATE
[ 5393.043965] i915 0000:00:02.0: [drm:drm_ioctl] comm="gnome-shell" pid=14875, dev=0xe201, auth=1, DRM_IOCTL_SYNCOBJ_HANDLE_TO_FD
[ 5393.043982] i915 0000:00:02.0: [drm:drm_ioctl] comm="gnome-shell" pid=14875, dev=0xe201, auth=1, DRM_IOCTL_SYNCOBJ_DESTROY
[ 5393.043105] i915 0000:00:02.0: [drm:intel_plane_atomic_calc_changes [i915]] [CRTC:56:pipe A] with [PLANE:33:plane 1A] visible 1 -> 1, off 0, on 0, ms 0
[ 5393.044665] i915 0000:00:02.0: [drm:drm_ioctl] comm="bobide" pid=29641, dev=0xe280, auth=0, I915_GET_RESET_STATS
[ 5393.044679] i915 0000:00:02.0: [drm:drm_ioctl] comm="bobide" pid=29641, dev=0xe280, auth=0, I915_GET_RESET_STATS
[ 5393.045144] i915 0000:00:02.0: [drm:drm_ioctl] comm="bobide" pid=29641, dev=0xe280, auth=0, I915_GEM_EXECBUFFER2_WR
[ 5393.045273] i915 0000:00:02.0: [drm:drm_ioctl] comm="bobide" pid=29641, dev=0xe280, auth=0, DRM_IOCTL_SYNCOBJ_DESTROY
[ 5393.045287] i915 0000:00:02.0: [drm:drm_ioctl] comm="bobide" pid=29641, dev=0xe280, auth=0, I915_GEM_MADVISE
[ 5393.045297] i915 0000:00:02.0: [drm:drm_ioctl] comm="bobide" pid=29641, dev=0xe280, auth=0, DRM_IOCTL_SYNCOBJ_WAIT
[ 5393.045310] i915 0000:00:02.0: [drm:drm_ioctl] comm="bobide" pid=29641, dev=0xe280, auth=0, I915_GEM_MADVISE
[ 5393.045318] i915 0000:00:02.0: [drm:drm_ioctl] comm="bobide" pid=29641, dev=0xe280, auth=0, DRM_IOCTL_SYNCOBJ_CREATE
[ 5393.045356] i915 0000:00:02.0: [drm:drm_ioctl] comm="bobide" pid=29641, dev=0xe280, auth=0, DRM_IOCTL_SYNCOBJ_HANDLE_TO_FD
[ 5393.045021] i915 0000:00:02.0: [drm:intel_atomic_get_global_obj_state [i915]] Added new global object 00000000bc0392d3 state 000000000fa3ac1e to 00000000906e624b
[ 5393.047276] i915 0000:00:02.0: [drm:drm_atomic_nonblocking_commit] committing 00000000906e624b nonblocking
[ 5393.047351] i915 0000:00:02.0: [drm:drm_crtc_vblank_helper_get_vblank_timestamp_internal] crtc 0 : v p(0,509)@ 5392.963544 -> 5392.956051 [e 0 us, 0 rep]
[ 5393.047375] i915 0000:00:02.0: [drm:drm_update_vblank_count] updating vblank count on crtc 0: current=323264, diff=0, hw=324083 hw_last=324083
[ 5393.055777] i915 0000:00:02.0: [drm:drm_crtc_vblank_helper_get_vblank_timestamp_internal] crtc 0 : v p(0,-51)@ 5392.971954 -> 5392.972705 [e 0 us, 0 rep]
[ 5393.055831] i915 0000:00:02.0: [drm:drm_update_vblank_count] updating vblank count on crtc 0: current=323264, diff=1, hw=324084 hw_last=324083
[ 5393.055841] i915 0000:00:02.0: [drm:drm_handle_vblank_events] vblank event on 323265, current 323265
[ 5393.055933] i915 0000:00:02.0: [drm:drm_atomic_state_default_clear] Clearing atomic state 00000000906e624b
[ 5393.055952] [drm:drm_mode_object_put.part.0] OBJ ID: 135 (2)
[ 5393.055965] [drm:drm_mode_object_put.part.0] OBJ ID: 137 (6)
[ 5393.055970] [drm:drm_mode_object_put.part.0] OBJ ID: 137 (5)
[ 5393.055975] [drm:drm_mode_object_put.part.0] OBJ ID: 137 (4)
[ 5393.055982] [drm:drm_mode_object_put.part.0] OBJ ID: 136 (3)
[ 5393.055988] [drm:drm_mode_object_put.part.0] OBJ ID: 136 (2)
[ 5393.055996] i915 0000:00:02.0: [drm:__drm_atomic_state_free] Freeing atomic state 00000000906e624b
[ 5393.058778] i915 0000:00:02.0: [drm:drm_ioctl] comm="gnome-shell" pid=14875, dev=0xe201, auth=1, DRM_IOCTL_SYNCOBJ_WAIT
[ 5393.058957] i915 0000:00:02.0: [drm:drm_ioctl] comm="bobide" pid=29641, dev=0xe280, auth=0, I915_GET_RESET_STATS
[ 5393.058971] i915 0000:00:02.0: [drm:drm_ioctl] comm="bobide" pid=29641, dev=0xe280, auth=0, I915_GET_RESET_STATS
[ 5393.059316] i915 0000:00:02.0: [drm:drm_ioctl] comm="bobide" pid=29641, dev=0xe280, auth=0, I915_GEM_EXECBUFFER2_WR
[ 5393.059462] i915 0000:00:02.0: [drm:drm_ioctl] comm="bobide" pid=29641, dev=0xe280, auth=0, I915_GEM_MADVISE
[ 5393.059474] i915 0000:00:02.0: [drm:drm_ioctl] comm="bobide" pid=29641, dev=0xe280, auth=0, DRM_IOCTL_SYNCOBJ_WAIT
[ 5393.059485] i915 0000:00:02.0: [drm:drm_ioctl] comm="bobide" pid=29641, dev=0xe280, auth=0, I915_GEM_MADVISE
[ 5393.059493] i915 0000:00:02.0: [drm:drm_ioctl] comm="bobide" pid=29641, dev=0xe280, auth=0, DRM_IOCTL_SYNCOBJ_CREATE
[ 5393.059530] i915 0000:00:02.0: [drm:drm_ioctl] comm="bobide" pid=29641, dev=0xe280, auth=0, DRM_IOCTL_SYNCOBJ_HANDLE_TO_FD
[ 5393.059713] i915 0000:00:02.0: [drm:drm_ioctl] comm="gnome-shell" pid=14875, dev=0xe201, auth=1, DRM_IOCTL_SYNCOBJ_DESTROY
[ 5393.059726] i915 0000:00:02.0: [drm:drm_ioctl] comm="gnome-shell" pid=14875, dev=0xe201, auth=1, I915_GEM_MADVISE
[ 5393.060031] i915 0000:00:02.0: [drm:drm_ioctl] comm="gnome-shell" pid=14875, dev=0xe201, auth=1, I915_GEM_EXECBUFFER2_WR
[ 5393.060200] i915 0000:00:02.0: [drm:drm_ioctl] comm="gnome-shell" pid=14875, dev=0xe201, auth=1, I915_GEM_MADVISE
[ 5393.060210] i915 0000:00:02.0: [drm:drm_ioctl] comm="gnome-shell" pid=14875, dev=0xe201, auth=1, DRM_IOCTL_SYNCOBJ_WAIT
[ 5393.060219] i915 0000:00:02.0: [drm:drm_ioctl] comm="gnome-shell" pid=14875, dev=0xe201, auth=1, I915_GEM_MADVISE
[ 5393.060227] i915 0000:00:02.0: [drm:drm_ioctl] comm="gnome-shell" pid=14875, dev=0xe201, auth=1, DRM_IOCTL_SYNCOBJ_CREATE
[ 5393.060267] i915 0000:00:02.0: [drm:drm_ioctl] comm="gnome-shell" pid=14875, dev=0xe201, auth=1, I915_REG_READ
[ 5393.060316] i915 0000:00:02.0: [drm:drm_ioctl] comm="gnome-shell" pid=14875, dev=0xe201, auth=1, I915_GEM_EXECBUFFER2_WR
[ 5393.060347] i915 0000:00:02.0: [drm:drm_ioctl] comm="gnome-shell" pid=14875, dev=0xe201, auth=1, I915_GEM_MADVISE
[ 5393.060357] i915 0000:00:02.0: [drm:drm_ioctl] comm="gnome-shell" pid=14875, dev=0xe201, auth=1, DRM_IOCTL_SYNCOBJ_WAIT
[ 5393.060366] i915 0000:00:02.0: [drm:drm_ioctl] comm="gnome-shell" pid=14875, dev=0xe201, auth=1, DRM_IOCTL_SYNCOBJ_DESTROY
[ 5393.060372] i915 0000:00:02.0: [drm:drm_ioctl] comm="gnome-shell" pid=14875, dev=0xe201, auth=1, I915_GEM_MADVISE
[ 5393.060380] i915 0000:00:02.0: [drm:drm_ioctl] comm="gnome-shell" pid=14875, dev=0xe201, auth=1, DRM_IOCTL_SYNCOBJ_CREATE
[ 5393.060448] i915 0000:00:02.0: [drm:drm_ioctl] comm="gnome-shell" pid=14875, dev=0xe201, auth=1, I915_GEM_SET_TILING
[ 5393.060463] i915 0000:00:02.0: [drm:drm_ioctl] comm="gnome-shell" pid=14875, dev=0xe201, auth=1, I915_GEM_SET_TILING
[ 5393.060477] i915 0000:00:02.0: [drm:drm_ioctl] comm="gnome-shell" pid=14875, dev=0xe201, auth=1, DRM_IOCTL_MODE_ADDFB2
[ 5393.060505] i915 0000:00:02.0: [drm:drm_mode_addfb2] [FB:133]
[ 5393.060946] i915 0000:00:02.0: [drm:drm_ioctl] comm="gnome-shell" pid=14875, dev=0xe201, auth=1, DRM_IOCTL_MODE_CLOSEFB
[ 5393.060957] [drm:drm_mode_object_put.part.0] OBJ ID: 136 (2)
[ 5393.060967] [drm:drm_mode_object_put.part.0] OBJ ID: 136 (1)
[ 5393.061115] i915 0000:00:02.0: [drm:drm_ioctl] comm="KMS thread" pid=14945, dev=0xe201, auth=1, DRM_IOCTL_MODE_ATOMIC
[ 5393.061142] i915 0000:00:02.0: [drm:drm_atomic_state_init] Allocated atomic state 000000008a1ee1a2
[ 5393.061169] [drm:drm_mode_object_get] OBJ ID: 139 (3)
[ 5393.061177] [drm:drm_mode_object_get] OBJ ID: 139 (4)
[ 5393.061182] i915 0000:00:02.0: [drm:drm_atomic_get_plane_state] Added [PLANE:33:plane 1A] 000000000a77b024 state to 000000008a1ee1a2
[ 5393.061196] [drm:drm_mode_object_get] OBJ ID: 135 (1)
[ 5393.061201] [drm:drm_mode_object_get] OBJ ID: 137 (3)
[ 5393.061205] [drm:drm_mode_object_get] OBJ ID: 137 (4)
[ 5393.061209] [drm:drm_mode_object_get] OBJ ID: 137 (5)
[ 5393.061214] i915 0000:00:02.0: [drm:drm_atomic_get_crtc_state] Added [CRTC:56:pipe A] 000000007b0f2f50 state to 000000008a1ee1a2
[ 5393.061224] i915 0000:00:02.0: [drm:drm_atomic_set_fb_for_plane] Set [FB:133] for [PLANE:33:plane 1A] state 000000000a77b024
[ 5393.061231] [drm:drm_mode_object_get] OBJ ID: 133 (3)
[ 5393.061236] [drm:drm_mode_object_put.part.0] OBJ ID: 139 (5)
[ 5393.061241] [drm:drm_mode_object_put.part.0] OBJ ID: 133 (4)
[ 5393.061246] [drm:drm_mode_object_put.part.0] OBJ ID: 133 (3)
[ 5393.061259] i915 0000:00:02.0: [drm:drm_atomic_check_only] checking 000000008a1ee1a2
[ 5393.061292] [drm:drm_mode_object_put.part.0] OBJ ID: 139 (4)
[ 5393.061297] [drm:drm_mode_object_get] OBJ ID: 133 (2)
[ 5393.061719] i915 0000:00:02.0: [drm:drm_ioctl] comm="gnome-shell" pid=14875, dev=0xe201, auth=1, DRM_IOCTL_SYNCOBJ_HANDLE_TO_FD
[ 5393.061325] i915 0000:00:02.0: [drm:intel_plane_atomic_calc_changes [i915]] [CRTC:56:pipe A] with [PLANE:33:plane 1A] visible 1 -> 1, off 0, on 0, ms 0
[ 5393.063211] i915 0000:00:02.0: [drm:intel_atomic_get_global_obj_state [i915]] Added new global object 00000000bc0392d3 state 00000000ea8600ce to 000000008a1ee1a2
[ 5393.064220] i915 0000:00:02.0: [drm:drm_atomic_nonblocking_commit] committing 000000008a1ee1a2 nonblocking
[ 5393.064325] i915 0000:00:02.0: [drm:drm_crtc_vblank_helper_get_vblank_timestamp_internal] crtc 0 : v p(0,530)@ 5392.980518 -> 5392.972716 [e 0 us, 0 rep]
[ 5393.064347] i915 0000:00:02.0: [drm:drm_update_vblank_count] updating vblank count on crtc 0: current=323265, diff=0, hw=324084 hw_last=324084
[ 5393.072424] i915 0000:00:02.0: [drm:drm_crtc_vblank_helper_get_vblank_timestamp_internal] crtc 0 : v p(0,-52)@ 5392.988614 -> 5392.989379 [e 0 us, 0 rep]
[ 5393.072478] i915 0000:00:02.0: [drm:drm_update_vblank_count] updating vblank count on crtc 0: current=323265, diff=1, hw=324085 hw_last=324084
[ 5393.072487] i915 0000:00:02.0: [drm:drm_handle_vblank_events] vblank event on 323266, current 323266
[ 5393.072535] i915 0000:00:02.0: [drm:drm_atomic_state_default_clear] Clearing atomic state 000000008a1ee1a2
[ 5393.072547] [drm:drm_mode_object_put.part.0] OBJ ID: 135 (2)
[ 5393.072557] [drm:drm_mode_object_put.part.0] OBJ ID: 137 (6)
[ 5393.072562] [drm:drm_mode_object_put.part.0] OBJ ID: 137 (5)
[ 5393.072567] [drm:drm_mode_object_put.part.0] OBJ ID: 137 (4)
[ 5393.072573] [drm:drm_mode_object_put.part.0] OBJ ID: 139 (3)
[ 5393.072578] [drm:drm_mode_object_put.part.0] OBJ ID: 139 (2)
[ 5393.072585] i915 0000:00:02.0: [drm:__drm_atomic_state_free] Freeing atomic state 000000008a1ee1a2
[ 5393.074336] i915 0000:00:02.0: [drm:drm_ioctl] comm="gnome-shell" pid=14875, dev=0xe201, auth=1, DRM_IOCTL_SYNCOBJ_WAIT
[ 5393.074359] i915 0000:00:02.0: [drm:drm_ioctl] comm="gnome-shell" pid=14875, dev=0xe201, auth=1, DRM_IOCTL_SYNCOBJ_DESTROY
[ 5393.074376] i915 0000:00:02.0: [drm:drm_ioctl] comm="gnome-shell" pid=14875, dev=0xe201, auth=1, DRM_IOCTL_SYNCOBJ_WAIT
[ 5393.074386] i915 0000:00:02.0: [drm:drm_ioctl] comm="gnome-shell" pid=14875, dev=0xe201, auth=1, DRM_IOCTL_SYNCOBJ_WAIT
[ 5393.074394] i915 0000:00:02.0: [drm:drm_ioctl] comm="gnome-shell" pid=14875, dev=0xe201, auth=1, DRM_IOCTL_SYNCOBJ_WAIT
[ 5393.074402] i915 0000:00:02.0: [drm:drm_ioctl] comm="gnome-shell" pid=14875, dev=0xe201, auth=1, DRM_IOCTL_SYNCOBJ_DESTROY
[ 5393.074412] i915 0000:00:02.0: [drm:drm_ioctl] comm="gnome-shell" pid=14875, dev=0xe201, auth=1, DRM_IOCTL_SYNCOBJ_WAIT
[ 5393.074420] i915 0000:00:02.0: [drm:drm_ioctl] comm="gnome-shell" pid=14875, dev=0xe201, auth=1, DRM_IOCTL_SYNCOBJ_WAIT
[ 5393.074428] i915 0000:00:02.0: [drm:drm_ioctl] comm="gnome-shell" pid=14875, dev=0xe201, auth=1, DRM_IOCTL_SYNCOBJ_WAIT
[ 5393.074435] i915 0000:00:02.0: [drm:drm_ioctl] comm="gnome-shell" pid=14875, dev=0xe201, auth=1, DRM_IOCTL_SYNCOBJ_DESTROY
[ 5393.074445] i915 0000:00:02.0: [drm:drm_ioctl] comm="gnome-shell" pid=14875, dev=0xe201, auth=1, DRM_IOCTL_SYNCOBJ_WAIT
[ 5393.074453] i915 0000:00:02.0: [drm:drm_ioctl] comm="gnome-shell" pid=14875, dev=0xe201, auth=1, DRM_IOCTL_SYNCOBJ_WAIT
[ 5393.074460] i915 0000:00:02.0: [drm:drm_ioctl] comm="gnome-shell" pid=14875, dev=0xe201, auth=1, DRM_IOCTL_SYNCOBJ_WAIT
[ 5393.074468] i915 0000:00:02.0: [drm:drm_ioctl] comm="gnome-shell" pid=14875, dev=0xe201, auth=1, DRM_IOCTL_SYNCOBJ_DESTROY
[ 5393.074478] i915 0000:00:02.0: [drm:drm_ioctl] comm="gnome-shell" pid=14875, dev=0xe201, auth=1, DRM_IOCTL_SYNCOBJ_WAIT
[ 5393.074486] i915 0000:00:02.0: [drm:drm_ioctl] comm="gnome-shell" pid=14875, dev=0xe201, auth=1, DRM_IOCTL_SYNCOBJ_WAIT
[ 5393.074494] i915 0000:00:02.0: [drm:drm_ioctl] comm="gnome-shell" pid=14875, dev=0xe201, auth=1, DRM_IOCTL_SYNCOBJ_WAIT
[ 5393.074501] i915 0000:00:02.0: [drm:drm_ioctl] comm="gnome-shell" pid=14875, dev=0xe201, auth=1, DRM_IOCTL_SYNCOBJ_DESTROY
[ 5393.074512] i915 0000:00:02.0: [drm:drm_ioctl] comm="gnome-shell" pid=14875, dev=0xe201, auth=1, DRM_IOCTL_SYNCOBJ_WAIT
[ 5393.074520] i915 0000:00:02.0: [drm:drm_ioctl] comm="gnome-shell" pid=14875, dev=0xe201, auth=1, DRM_IOCTL_SYNCOBJ_WAIT
[ 5393.074528] i915 0000:00:02.0: [drm:drm_ioctl] comm="gnome-shell" pid=14875, dev=0xe201, auth=1, DRM_IOCTL_SYNCOBJ_WAIT
[ 5393.074536] i915 0000:00:02.0: [drm:drm_ioctl] comm="gnome-shell" pid=14875, dev=0xe201, auth=1, DRM_IOCTL_SYNCOBJ_DESTROY
[ 5393.074543] i915 0000:00:02.0: [drm:drm_ioctl] comm="gnome-shell" pid=14875, dev=0xe201, auth=1, DRM_IOCTL_SYNCOBJ_WAIT
[ 5393.074551] i915 0000:00:02.0: [drm:drm_ioctl] comm="gnome-shell" pid=14875, dev=0xe201, auth=1, DRM_IOCTL_SYNCOBJ_WAIT
[ 5393.074560] i915 0000:00:02.0: [drm:drm_ioctl] comm="gnome-shell" pid=14875, dev=0xe201, auth=1, DRM_IOCTL_SYNCOBJ_WAIT
[ 5393.074568] i915 0000:00:02.0: [drm:drm_ioctl] comm="gnome-shell" pid=14875, dev=0xe201, auth=1, DRM_IOCTL_SYNCOBJ_WAIT
[ 5393.074576] i915 0000:00:02.0: [drm:drm_ioctl] comm="gnome-shell" pid=14875, dev=0xe201, auth=1, DRM_IOCTL_SYNCOBJ_WAIT
[ 5393.074584] i915 0000:00:02.0: [drm:drm_ioctl] comm="gnome-shell" pid=14875, dev=0xe201, auth=1, DRM_IOCTL_SYNCOBJ_WAIT
[ 5393.074592] i915 0000:00:02.0: [drm:drm_ioctl] comm="gnome-shell" pid=14875, dev=0xe201, auth=1, DRM_IOCTL_SYNCOBJ_WAIT
[ 5393.074601] i915 0000:00:02.0: [drm:drm_ioctl] comm="gnome-shell" pid=14875, dev=0xe201, auth=1, DRM_IOCTL_SYNCOBJ_WAIT
[ 5393.075129] i915 0000:00:02.0: [drm:drm_ioctl] comm="gnome-shell" pid=14875, dev=0xe201, auth=1, I915_GEM_MADVISE
[ 5393.075421] i915 0000:00:02.0: [drm:drm_ioctl] comm="gnome-shell" pid=14875, dev=0xe201, auth=1, I915_GEM_EXECBUFFER2_WR
[ 5393.075568] i915 0000:00:02.0: [drm:drm_ioctl] comm="gnome-shell" pid=14875, dev=0xe201, auth=1, I915_GEM_MADVISE
[ 5393.075581] i915 0000:00:02.0: [drm:drm_ioctl] comm="gnome-shell" pid=14875, dev=0xe201, auth=1, DRM_IOCTL_SYNCOBJ_WAIT
[ 5393.075591] i915 0000:00:02.0: [drm:drm_ioctl] comm="gnome-shell" pid=14875, dev=0xe201, auth=1, I915_GEM_MADVISE
[ 5393.075600] i915 0000:00:02.0: [drm:drm_ioctl] comm="gnome-shell" pid=14875, dev=0xe201, auth=1, DRM_IOCTL_SYNCOBJ_CREATE
[ 5393.075622] i915 0000:00:02.0: [drm:drm_ioctl] comm="gnome-shell" pid=14875, dev=0xe201, auth=1, I915_REG_READ
[ 5393.077878] i915 0000:00:02.0: [drm:drm_ioctl] comm="gnome-shell" pid=14875, dev=0xe201, auth=1, I915_GEM_EXECBUFFER2_WR
[ 5393.077950] i915 0000:00:02.0: [drm:drm_ioctl] comm="gnome-shell" pid=14875, dev=0xe201, auth=1, I915_GEM_MADVISE
[ 5393.077964] i915 0000:00:02.0: [drm:drm_ioctl] comm="gnome-shell" pid=14875, dev=0xe201, auth=1, DRM_IOCTL_SYNCOBJ_WAIT
[ 5393.077975] i915 0000:00:02.0: [drm:drm_ioctl] comm="gnome-shell" pid=14875, dev=0xe201, auth=1, DRM_IOCTL_SYNCOBJ_DESTROY
[ 5393.077983] i915 0000:00:02.0: [drm:drm_ioctl] comm="gnome-shell" pid=14875, dev=0xe201, auth=1, I915_GEM_MADVISE
[ 5393.077992] i915 0000:00:02.0: [drm:drm_ioctl] comm="gnome-shell" pid=14875, dev=0xe201, auth=1, DRM_IOCTL_SYNCOBJ_CREATE
[ 5393.078071] i915 0000:00:02.0: [drm:drm_ioctl] comm="gnome-shell" pid=14875, dev=0xe201, auth=1, I915_GEM_SET_TILING
[ 5393.078088] i915 0000:00:02.0: [drm:drm_ioctl] comm="gnome-shell" pid=14875, dev=0xe201, auth=1, I915_GEM_SET_TILING
[ 5393.078100] i915 0000:00:02.0: [drm:drm_ioctl] comm="gnome-shell" pid=14875, dev=0xe201, auth=1, DRM_IOCTL_MODE_ADDFB2
[ 5393.078128] i915 0000:00:02.0: [drm:drm_mode_addfb2] [FB:136]
[ 5393.078501] i915 0000:00:02.0: [drm:drm_ioctl] comm="gnome-shell" pid=14875, dev=0xe201, auth=1, DRM_IOCTL_MODE_CLOSEFB
[ 5393.078514] [drm:drm_mode_object_put.part.0] OBJ ID: 139 (2)
[ 5393.078523] [drm:drm_mode_object_put.part.0] OBJ ID: 139 (1)
[ 5393.078624] i915 0000:00:02.0: [drm:drm_ioctl] comm="KMS thread" pid=14945, dev=0xe201, auth=1, DRM_IOCTL_MODE_ATOMIC
[ 5393.078639] i915 0000:00:02.0: [drm:drm_atomic_state_init] Allocated atomic state 00000000b3a1d7b1
[ 5393.078654] [drm:drm_mode_object_get] OBJ ID: 133 (3)
[ 5393.078660] [drm:drm_mode_object_get] OBJ ID: 133 (4)
[ 5393.078665] i915 0000:00:02.0: [drm:drm_atomic_get_plane_state] Added [PLANE:33:plane 1A] 00000000951054b9 state to 00000000b3a1d7b1
[ 5393.078678] [drm:drm_mode_object_get] OBJ ID: 135 (1)
[ 5393.078683] [drm:drm_mode_object_get] OBJ ID: 137 (3)
[ 5393.078687] [drm:drm_mode_object_get] OBJ ID: 137 (4)
[ 5393.078691] [drm:drm_mode_object_get] OBJ ID: 137 (5)
[ 5393.078696] i915 0000:00:02.0: [drm:drm_atomic_get_crtc_state] Added [CRTC:56:pipe A] 000000000ff0d236 state to 00000000b3a1d7b1
[ 5393.078706] i915 0000:00:02.0: [drm:drm_atomic_set_fb_for_plane] Set [FB:136] for [PLANE:33:plane 1A] state 00000000951054b9
[ 5393.078712] [drm:drm_mode_object_get] OBJ ID: 136 (3)
[ 5393.078716] [drm:drm_mode_object_put.part.0] OBJ ID: 133 (5)
[ 5393.078721] [drm:drm_mode_object_put.part.0] OBJ ID: 136 (4)
[ 5393.078725] [drm:drm_mode_object_put.part.0] OBJ ID: 136 (3)
[ 5393.078733] i915 0000:00:02.0: [drm:drm_atomic_check_only] checking 00000000b3a1d7b1
[ 5393.078747] i915 0000:00:02.0: [drm:drm_ioctl] comm="bobide" pid=29641, dev=0xe280, auth=0, I915_GET_RESET_STATS
[ 5393.078750] [drm:drm_mode_object_put.part.0] OBJ ID: 133 (4)
[ 5393.078755] [drm:drm_mode_object_get] OBJ ID: 136 (2)
[ 5393.078759] i915 0000:00:02.0: [drm:drm_ioctl] comm="bobide" pid=29641, dev=0xe280, auth=0, I915_GET_RESET_STATS
[ 5393.079222] i915 0000:00:02.0: [drm:drm_ioctl] comm="bobide" pid=29641, dev=0xe280, auth=0, I915_GEM_EXECBUFFER2_WR
[ 5393.079342] i915 0000:00:02.0: [drm:drm_ioctl] comm="bobide" pid=29641, dev=0xe280, auth=0, I915_GEM_MADVISE
[ 5393.079354] i915 0000:00:02.0: [drm:drm_ioctl] comm="bobide" pid=29641, dev=0xe280, auth=0, DRM_IOCTL_SYNCOBJ_WAIT
[ 5393.079366] i915 0000:00:02.0: [drm:drm_ioctl] comm="bobide" pid=29641, dev=0xe280, auth=0, I915_GEM_MADVISE
[ 5393.079375] i915 0000:00:02.0: [drm:drm_ioctl] comm="bobide" pid=29641, dev=0xe280, auth=0, DRM_IOCTL_SYNCOBJ_CREATE
[ 5393.079415] i915 0000:00:02.0: [drm:drm_ioctl] comm="bobide" pid=29641, dev=0xe280, auth=0, DRM_IOCTL_SYNCOBJ_HANDLE_TO_FD
[ 5393.078769] i915 0000:00:02.0: [drm:intel_plane_atomic_calc_changes [i915]] [CRTC:56:pipe A] with [PLANE:33:plane 1A] visible 1 -> 1, off 0, on 0, ms 0
[ 5393.079982] i915 0000:00:02.0: [drm:drm_ioctl] comm="gnome-shell" pid=14875, dev=0xe201, auth=1, DRM_IOCTL_SYNCOBJ_CREATE
[ 5393.079997] i915 0000:00:02.0: [drm:drm_ioctl] comm="gnome-shell" pid=14875, dev=0xe201, auth=1, DRM_IOCTL_SYNCOBJ_HANDLE_TO_FD
[ 5393.080014] i915 0000:00:02.0: [drm:drm_ioctl] comm="gnome-shell" pid=14875, dev=0xe201, auth=1, DRM_IOCTL_SYNCOBJ_DESTROY
[ 5393.080866] i915 0000:00:02.0: [drm:intel_atomic_get_global_obj_state [i915]] Added new global object 00000000bc0392d3 state 00000000e8242582 to 00000000b3a1d7b1
[ 5393.082607] i915 0000:00:02.0: [drm:drm_atomic_nonblocking_commit] committing 00000000b3a1d7b1 nonblocking
[ 5393.082722] i915 0000:00:02.0: [drm:drm_crtc_vblank_helper_get_vblank_timestamp_internal] crtc 0 : v p(0,648)@ 5392.998915 -> 5392.989375 [e 0 us, 0 rep]
[ 5393.082746] i915 0000:00:02.0: [drm:drm_update_vblank_count] updating vblank count on crtc 0: current=323266, diff=0, hw=324085 hw_last=324085
[ 5393.089089] i915 0000:00:02.0: [drm:drm_crtc_vblank_helper_get_vblank_timestamp_internal] crtc 0 : v p(0,-52)@ 5393.005278 -> 5393.006044 [e 0 us, 0 rep]
[ 5393.089157] i915 0000:00:02.0: [drm:drm_update_vblank_count] updating vblank count on crtc 0: current=323266, diff=1, hw=324086 hw_last=324085
[ 5393.089173] i915 0000:00:02.0: [drm:drm_handle_vblank_events] vblank event on 323267, current 323267
[ 5393.089250] i915 0000:00:02.0: [drm:drm_atomic_state_default_clear] Clearing atomic state 00000000b3a1d7b1
[ 5393.089271] [drm:drm_mode_object_put.part.0] OBJ ID: 135 (2)
[ 5393.089288] [drm:drm_mode_object_put.part.0] OBJ ID: 137 (6)
[ 5393.089298] [drm:drm_mode_object_put.part.0] OBJ ID: 137 (5)
[ 5393.089307] [drm:drm_mode_object_put.part.0] OBJ ID: 137 (4)
[ 5393.089318] [drm:drm_mode_object_put.part.0] OBJ ID: 133 (3)
[ 5393.089328] [drm:drm_mode_object_put.part.0] OBJ ID: 133 (2)
[ 5393.089340] i915 0000:00:02.0: [drm:__drm_atomic_state_free] Freeing atomic state 00000000b3a1d7b1
[ 5393.090197] i915 0000:00:02.0: [drm:drm_ioctl] comm="gnome-shell" pid=14875, dev=0xe201, auth=1, DRM_IOCTL_SYNCOBJ_WAIT
[ 5393.090224] i915 0000:00:02.0: [drm:drm_ioctl] comm="gnome-shell" pid=14875, dev=0xe201, auth=1, DRM_IOCTL_SYNCOBJ_WAIT
[ 5393.090233] i915 0000:00:02.0: [drm:drm_ioctl] comm="gnome-shell" pid=14875, dev=0xe201, auth=1, DRM_IOCTL_SYNCOBJ_DESTROY
[ 5393.090251] i915 0000:00:02.0: [drm:drm_ioctl] comm="gnome-shell" pid=14875, dev=0xe201, auth=1, DRM_IOCTL_SYNCOBJ_WAIT
[ 5393.090259] i915 0000:00:02.0: [drm:drm_ioctl] comm="gnome-shell" pid=14875, dev=0xe201, auth=1, DRM_IOCTL_SYNCOBJ_WAIT
[ 5393.090266] i915 0000:00:02.0: [drm:drm_ioctl] comm="gnome-shell" pid=14875, dev=0xe201, auth=1, DRM_IOCTL_SYNCOBJ_DESTROY
[ 5393.090277] i915 0000:00:02.0: [drm:drm_ioctl] comm="gnome-shell" pid=14875, dev=0xe201, auth=1, DRM_IOCTL_SYNCOBJ_WAIT
[ 5393.090285] i915 0000:00:02.0: [drm:drm_ioctl] comm="gnome-shell" pid=14875, dev=0xe201, auth=1, DRM_IOCTL_SYNCOBJ_WAIT
[ 5393.090873] i915 0000:00:02.0: [drm:drm_ioctl] comm="gnome-shell" pid=14875, dev=0xe201, auth=1, I915_GEM_EXECBUFFER2_WR
[ 5393.091017] i915 0000:00:02.0: [drm:drm_ioctl] comm="gnome-shell" pid=14875, dev=0xe201, auth=1, I915_GEM_MADVISE
[ 5393.091055] i915 0000:00:02.0: [drm:drm_ioctl] comm="gnome-shell" pid=14875, dev=0xe201, auth=1, DRM_IOCTL_SYNCOBJ_WAIT
[ 5393.091067] i915 0000:00:02.0: [drm:drm_ioctl] comm="gnome-shell" pid=14875, dev=0xe201, auth=1, DRM_IOCTL_GEM_CLOSE
[ 5393.091092] i915 0000:00:02.0: [drm:drm_ioctl] comm="gnome-shell" pid=14875, dev=0xe201, auth=1, DRM_IOCTL_SYNCOBJ_WAIT
[ 5393.091100] i915 0000:00:02.0: [drm:drm_ioctl] comm="gnome-shell" pid=14875, dev=0xe201, auth=1, I915_GEM_MADVISE
[ 5393.091109] i915 0000:00:02.0: [drm:drm_ioctl] comm="gnome-shell" pid=14875, dev=0xe201, auth=1, DRM_IOCTL_SYNCOBJ_CREATE
[ 5393.091130] i915 0000:00:02.0: [drm:drm_ioctl] comm="gnome-shell" pid=14875, dev=0xe201, auth=1, I915_REG_READ
[ 5393.091250] i915 0000:00:02.0: [drm:drm_ioctl] comm="gnome-shell" pid=14875, dev=0xe201, auth=1, I915_GEM_EXECBUFFER2_WR
[ 5393.091280] i915 0000:00:02.0: [drm:drm_ioctl] comm="gnome-shell" pid=14875, dev=0xe201, auth=1, I915_GEM_MADVISE
[ 5393.091289] i915 0000:00:02.0: [drm:drm_ioctl] comm="gnome-shell" pid=14875, dev=0xe201, auth=1, DRM_IOCTL_SYNCOBJ_WAIT
[ 5393.091297] i915 0000:00:02.0: [drm:drm_ioctl] comm="gnome-shell" pid=14875, dev=0xe201, auth=1, DRM_IOCTL_SYNCOBJ_DESTROY
[ 5393.091304] i915 0000:00:02.0: [drm:drm_ioctl] comm="gnome-shell" pid=14875, dev=0xe201, auth=1, I915_GEM_MADVISE
[ 5393.091312] i915 0000:00:02.0: [drm:drm_ioctl] comm="gnome-shell" pid=14875, dev=0xe201, auth=1, DRM_IOCTL_SYNCOBJ_CREATE
[ 5393.091354] i915 0000:00:02.0: [drm:drm_ioctl] comm="gnome-shell" pid=14875, dev=0xe201, auth=1, I915_GEM_SET_TILING
[ 5393.091371] i915 0000:00:02.0: [drm:drm_ioctl] comm="gnome-shell" pid=14875, dev=0xe201, auth=1, I915_GEM_SET_TILING
[ 5393.091385] i915 0000:00:02.0: [drm:drm_ioctl] comm="gnome-shell" pid=14875, dev=0xe201, auth=1, DRM_IOCTL_MODE_ADDFB2
[ 5393.091416] i915 0000:00:02.0: [drm:drm_mode_addfb2] [FB:139]
[ 5393.092792] i915 0000:00:02.0: [drm:drm_ioctl] comm="gnome-shell" pid=14875, dev=0xe201, auth=1, DRM_IOCTL_MODE_CLOSEFB
[ 5393.092823] [drm:drm_mode_object_put.part.0] OBJ ID: 133 (2)
[ 5393.092834] [drm:drm_mode_object_put.part.0] OBJ ID: 133 (1)
[ 5393.092917] i915 0000:00:02.0: [drm:drm_ioctl] comm="KMS thread" pid=14945, dev=0xe201, auth=1, DRM_IOCTL_MODE_ATOMIC
[ 5393.092931] i915 0000:00:02.0: [drm:drm_atomic_state_init] Allocated atomic state 000000002d4aa543
[ 5393.092945] [drm:drm_mode_object_get] OBJ ID: 136 (3)
[ 5393.092952] [drm:drm_mode_object_get] OBJ ID: 136 (4)
[ 5393.092957] i915 0000:00:02.0: [drm:drm_atomic_get_plane_state] Added [PLANE:33:plane 1A] 000000008506f45c state to 000000002d4aa543
[ 5393.092972] [drm:drm_mode_object_get] OBJ ID: 135 (1)
[ 5393.092977] [drm:drm_mode_object_get] OBJ ID: 137 (3)
[ 5393.092981] [drm:drm_mode_object_get] OBJ ID: 137 (4)
[ 5393.092985] [drm:drm_mode_object_get] OBJ ID: 137 (5)
[ 5393.092992] i915 0000:00:02.0: [drm:drm_atomic_get_crtc_state] Added [CRTC:56:pipe A] 000000007e387835 state to 000000002d4aa543
[ 5393.093005] i915 0000:00:02.0: [drm:drm_atomic_set_fb_for_plane] Set [FB:139] for [PLANE:33:plane 1A] state 000000008506f45c
[ 5393.093011] [drm:drm_mode_object_get] OBJ ID: 139 (3)
[ 5393.093015] [drm:drm_mode_object_put.part.0] OBJ ID: 136 (5)
[ 5393.093020] [drm:drm_mode_object_put.part.0] OBJ ID: 139 (4)
[ 5393.093025] [drm:drm_mode_object_put.part.0] OBJ ID: 139 (3)
[ 5393.093034] i915 0000:00:02.0: [drm:drm_atomic_check_only] checking 000000002d4aa543
[ 5393.093053] [drm:drm_mode_object_put.part.0] OBJ ID: 136 (4)
[ 5393.093057] [drm:drm_mode_object_get] OBJ ID: 139 (2)
[ 5393.093076] i915 0000:00:02.0: [drm:intel_plane_atomic_calc_changes [i915]] [CRTC:56:pipe A] with [PLANE:33:plane 1A] visible 1 -> 1, off 0, on 0, ms 0
[ 5393.094568] i915 0000:00:02.0: [drm:drm_ioctl] comm="gnome-shell" pid=14875, dev=0xe201, auth=1, DRM_IOCTL_SYNCOBJ_CREATE
[ 5393.094591] i915 0000:00:02.0: [drm:drm_ioctl] comm="gnome-shell" pid=14875, dev=0xe201, auth=1, DRM_IOCTL_SYNCOBJ_HANDLE_TO_FD
[ 5393.094608] i915 0000:00:02.0: [drm:drm_ioctl] comm="gnome-shell" pid=14875, dev=0xe201, auth=1, DRM_IOCTL_SYNCOBJ_DESTROY
[ 5393.095131] i915 0000:00:02.0: [drm:drm_ioctl] comm="bobide" pid=29641, dev=0xe280, auth=0, I915_GET_RESET_STATS
[ 5393.095145] i915 0000:00:02.0: [drm:drm_ioctl] comm="bobide" pid=29641, dev=0xe280, auth=0, I915_GET_RESET_STATS
[ 5393.095726] i915 0000:00:02.0: [drm:drm_ioctl] comm="bobide" pid=29641, dev=0xe280, auth=0, I915_GEM_EXECBUFFER2_WR
[ 5393.095888] i915 0000:00:02.0: [drm:drm_ioctl] comm="bobide" pid=29641, dev=0xe280, auth=0, I915_GEM_MADVISE
[ 5393.095923] i915 0000:00:02.0: [drm:drm_ioctl] comm="bobide" pid=29641, dev=0xe280, auth=0, DRM_IOCTL_SYNCOBJ_WAIT
[ 5393.095936] i915 0000:00:02.0: [drm:drm_ioctl] comm="bobide" pid=29641, dev=0xe280, auth=0, DRM_IOCTL_GEM_CLOSE
[ 5393.095968] i915 0000:00:02.0: [drm:drm_ioctl] comm="bobide" pid=29641, dev=0xe280, auth=0, DRM_IOCTL_SYNCOBJ_WAIT
[ 5393.095978] i915 0000:00:02.0: [drm:drm_ioctl] comm="bobide" pid=29641, dev=0xe280, auth=0, DRM_IOCTL_GEM_CLOSE
[ 5393.095998] i915 0000:00:02.0: [drm:drm_ioctl] comm="bobide" pid=29641, dev=0xe280, auth=0, DRM_IOCTL_SYNCOBJ_WAIT
[ 5393.096006] i915 0000:00:02.0: [drm:drm_ioctl] comm="bobide" pid=29641, dev=0xe280, auth=0, DRM_IOCTL_SYNCOBJ_DESTROY
[ 5393.096015] i915 0000:00:02.0: [drm:drm_ioctl] comm="bobide" pid=29641, dev=0xe280, auth=0, DRM_IOCTL_GEM_CLOSE
[ 5393.096037] i915 0000:00:02.0: [drm:drm_ioctl] comm="bobide" pid=29641, dev=0xe280, auth=0, DRM_IOCTL_SYNCOBJ_WAIT
[ 5393.096045] i915 0000:00:02.0: [drm:drm_ioctl] comm="bobide" pid=29641, dev=0xe280, auth=0, DRM_IOCTL_SYNCOBJ_DESTROY
[ 5393.096053] i915 0000:00:02.0: [drm:drm_ioctl] comm="bobide" pid=29641, dev=0xe280, auth=0, DRM_IOCTL_GEM_CLOSE
[ 5393.096081] i915 0000:00:02.0: [drm:drm_ioctl] comm="bobide" pid=29641, dev=0xe280, auth=0, DRM_IOCTL_GEM_CLOSE
[ 5393.096096] i915 0000:00:02.0: [drm:drm_ioctl] comm="bobide" pid=29641, dev=0xe280, auth=0, DRM_IOCTL_SYNCOBJ_WAIT
[ 5393.096104] i915 0000:00:02.0: [drm:drm_ioctl] comm="bobide" pid=29641, dev=0xe280, auth=0, I915_GEM_MADVISE
[ 5393.096112] i915 0000:00:02.0: [drm:drm_ioctl] comm="bobide" pid=29641, dev=0xe280, auth=0, DRM_IOCTL_SYNCOBJ_CREATE
[ 5393.096154] i915 0000:00:02.0: [drm:drm_ioctl] comm="bobide" pid=29641, dev=0xe280, auth=0, DRM_IOCTL_SYNCOBJ_HANDLE_TO_FD
[ 5393.095127] i915 0000:00:02.0: [drm:intel_atomic_get_global_obj_state [i915]] Added new global object 00000000bc0392d3 state 00000000e4a4dfcd to 000000002d4aa543
[ 5393.097157] i915 0000:00:02.0: [drm:drm_atomic_nonblocking_commit] committing 000000002d4aa543 nonblocking
[ 5393.097227] i915 0000:00:02.0: [drm:drm_crtc_vblank_helper_get_vblank_timestamp_internal] crtc 0 : v p(0,501)@ 5393.013418 -> 5393.006042 [e 0 us, 0 rep]
[ 5393.097248] i915 0000:00:02.0: [drm:drm_update_vblank_count] updating vblank count on crtc 0: current=323267, diff=0, hw=324086 hw_last=324086
[ 5393.105752] i915 0000:00:02.0: [drm:drm_crtc_vblank_helper_get_vblank_timestamp_internal] crtc 0 : v p(0,-52)@ 5393.021941 -> 5393.022706 [e 0 us, 0 rep]
[ 5393.105808] i915 0000:00:02.0: [drm:drm_update_vblank_count] updating vblank count on crtc 0: current=323267, diff=1, hw=324087 hw_last=324086
[ 5393.105818] i915 0000:00:02.0: [drm:drm_handle_vblank_events] vblank event on 323268, current 323268
[ 5393.105885] i915 0000:00:02.0: [drm:drm_atomic_state_default_clear] Clearing atomic state 000000002d4aa543
[ 5393.105897] [drm:drm_mode_object_put.part.0] OBJ ID: 135 (2)
[ 5393.105907] [drm:drm_mode_object_put.part.0] OBJ ID: 137 (6)
[ 5393.105912] [drm:drm_mode_object_put.part.0] OBJ ID: 137 (5)
[ 5393.105918] [drm:drm_mode_object_put.part.0] OBJ ID: 137 (4)
[ 5393.105924] [drm:drm_mode_object_put.part.0] OBJ ID: 136 (3)
[ 5393.105929] [drm:drm_mode_object_put.part.0] OBJ ID: 136 (2)
[ 5393.105936] i915 0000:00:02.0: [drm:__drm_atomic_state_free] Freeing atomic state 000000002d4aa543
[ 5393.107724] i915 0000:00:02.0: [drm:drm_ioctl] comm="gnome-shell" pid=14875, dev=0xe201, auth=1, I915_GEM_EXECBUFFER2_WR
[ 5393.108592] i915 0000:00:02.0: [drm:drm_ioctl] comm="gnome-shell" pid=14875, dev=0xe201, auth=1, I915_GEM_MADVISE
[ 5393.108614] i915 0000:00:02.0: [drm:drm_ioctl] comm="gnome-shell" pid=14875, dev=0xe201, auth=1, DRM_IOCTL_SYNCOBJ_WAIT
[ 5393.108627] i915 0000:00:02.0: [drm:drm_ioctl] comm="gnome-shell" pid=14875, dev=0xe201, auth=1, I915_GEM_MADVISE
[ 5393.108636] i915 0000:00:02.0: [drm:drm_ioctl] comm="gnome-shell" pid=14875, dev=0xe201, auth=1, DRM_IOCTL_SYNCOBJ_CREATE
[ 5393.108663] i915 0000:00:02.0: [drm:drm_ioctl] comm="gnome-shell" pid=14875, dev=0xe201, auth=1, I915_REG_READ
[ 5393.108831] i915 0000:00:02.0: [drm:drm_ioctl] comm="gnome-shell" pid=14875, dev=0xe201, auth=1, I915_GEM_EXECBUFFER2_WR
[ 5393.108880] i915 0000:00:02.0: [drm:drm_ioctl] comm="gnome-shell" pid=14875, dev=0xe201, auth=1, I915_GEM_MADVISE
[ 5393.108889] i915 0000:00:02.0: [drm:drm_ioctl] comm="gnome-shell" pid=14875, dev=0xe201, auth=1, DRM_IOCTL_SYNCOBJ_WAIT
[ 5393.108898] i915 0000:00:02.0: [drm:drm_ioctl] comm="gnome-shell" pid=14875, dev=0xe201, auth=1, DRM_IOCTL_SYNCOBJ_DESTROY
[ 5393.108905] i915 0000:00:02.0: [drm:drm_ioctl] comm="gnome-shell" pid=14875, dev=0xe201, auth=1, I915_GEM_MADVISE
[ 5393.108912] i915 0000:00:02.0: [drm:drm_ioctl] comm="gnome-shell" pid=14875, dev=0xe201, auth=1, DRM_IOCTL_SYNCOBJ_CREATE
[ 5393.108979] i915 0000:00:02.0: [drm:drm_ioctl] comm="gnome-shell" pid=14875, dev=0xe201, auth=1, I915_GEM_SET_TILING
[ 5393.108998] i915 0000:00:02.0: [drm:drm_ioctl] comm="gnome-shell" pid=14875, dev=0xe201, auth=1, I915_GEM_SET_TILING
[ 5393.109014] i915 0000:00:02.0: [drm:drm_ioctl] comm="gnome-shell" pid=14875, dev=0xe201, auth=1, DRM_IOCTL_MODE_ADDFB2
[ 5393.109056] i915 0000:00:02.0: [drm:drm_mode_addfb2] [FB:133]
[ 5393.109594] i915 0000:00:02.0: [drm:drm_ioctl] comm="gnome-shell" pid=14875, dev=0xe201, auth=1, DRM_IOCTL_MODE_CLOSEFB
[ 5393.109616] [drm:drm_mode_object_put.part.0] OBJ ID: 136 (2)
[ 5393.109629] [drm:drm_mode_object_put.part.0] OBJ ID: 136 (1)
[ 5393.109795] i915 0000:00:02.0: [drm:drm_ioctl] comm="KMS thread" pid=14945, dev=0xe201, auth=1, DRM_IOCTL_MODE_ATOMIC
[ 5393.109857] i915 0000:00:02.0: [drm:drm_atomic_state_init] Allocated atomic state 00000000696dbeab
[ 5393.109887] [drm:drm_mode_object_get] OBJ ID: 139 (3)
[ 5393.109896] [drm:drm_mode_object_get] OBJ ID: 139 (4)
[ 5393.109901] i915 0000:00:02.0: [drm:drm_atomic_get_plane_state] Added [PLANE:33:plane 1A] 00000000951054b9 state to 00000000696dbeab
[ 5393.109961] [drm:drm_mode_object_get] OBJ ID: 135 (1)
[ 5393.109967] [drm:drm_mode_object_get] OBJ ID: 137 (3)
[ 5393.109972] [drm:drm_mode_object_get] OBJ ID: 137 (4)
[ 5393.109977] [drm:drm_mode_object_get] OBJ ID: 137 (5)
[ 5393.109983] i915 0000:00:02.0: [drm:drm_atomic_get_crtc_state] Added [CRTC:56:pipe A] 000000003fc0ba5b state to 00000000696dbeab
[ 5393.109995] i915 0000:00:02.0: [drm:drm_atomic_set_fb_for_plane] Set [FB:133] for [PLANE:33:plane 1A] state 00000000951054b9
[ 5393.110005] [drm:drm_mode_object_get] OBJ ID: 133 (3)
[ 5393.110010] [drm:drm_mode_object_put.part.0] OBJ ID: 139 (5)
[ 5393.110015] [drm:drm_mode_object_put.part.0] OBJ ID: 133 (4)
[ 5393.110020] [drm:drm_mode_object_put.part.0] OBJ ID: 133 (3)
[ 5393.110035] i915 0000:00:02.0: [drm:drm_atomic_check_only] checking 00000000696dbeab
[ 5393.110069] [drm:drm_mode_object_put.part.0] OBJ ID: 139 (4)
[ 5393.110076] [drm:drm_mode_object_get] OBJ ID: 133 (2)
[ 5393.110848] i915 0000:00:02.0: [drm:drm_ioctl] comm="bobide" pid=29641, dev=0xe280, auth=0, I915_GET_RESET_STATS
[ 5393.110863] i915 0000:00:02.0: [drm:drm_ioctl] comm="bobide" pid=29641, dev=0xe280, auth=0, I915_GET_RESET_STATS
[ 5393.110105] i915 0000:00:02.0: [drm:intel_plane_atomic_calc_changes [i915]] [CRTC:56:pipe A] with [PLANE:33:plane 1A] visible 1 -> 1, off 0, on 0, ms 0
[ 5393.111247] i915 0000:00:02.0: [drm:drm_ioctl] comm="bobide" pid=29641, dev=0xe280, auth=0, I915_GEM_EXECBUFFER2_WR
[ 5393.111348] i915 0000:00:02.0: [drm:drm_ioctl] comm="bobide" pid=29641, dev=0xe280, auth=0, I915_GEM_MADVISE
[ 5393.111359] i915 0000:00:02.0: [drm:drm_ioctl] comm="bobide" pid=29641, dev=0xe280, auth=0, DRM_IOCTL_SYNCOBJ_WAIT
[ 5393.111370] i915 0000:00:02.0: [drm:drm_ioctl] comm="bobide" pid=29641, dev=0xe280, auth=0, I915_GEM_MADVISE
[ 5393.111377] i915 0000:00:02.0: [drm:drm_ioctl] comm="bobide" pid=29641, dev=0xe280, auth=0, DRM_IOCTL_SYNCOBJ_CREATE
[ 5393.111405] i915 0000:00:02.0: [drm:drm_ioctl] comm="bobide" pid=29641, dev=0xe280, auth=0, DRM_IOCTL_SYNCOBJ_HANDLE_TO_FD
[ 5393.112282] i915 0000:00:02.0: [drm:drm_ioctl] comm="bobide" pid=29641, dev=0xe280, auth=0, DRM_IOCTL_SYNCOBJ_WAIT
[ 5393.112300] i915 0000:00:02.0: [drm:drm_ioctl] comm="bobide" pid=29641, dev=0xe280, auth=0, DRM_IOCTL_SYNCOBJ_DESTROY
[ 5393.112316] i915 0000:00:02.0: [drm:drm_ioctl] comm="bobide" pid=29641, dev=0xe280, auth=0, DRM_IOCTL_SYNCOBJ_WAIT
[ 5393.112325] i915 0000:00:02.0: [drm:drm_ioctl] comm="bobide" pid=29641, dev=0xe280, auth=0, DRM_IOCTL_SYNCOBJ_WAIT
[ 5393.112333] i915 0000:00:02.0: [drm:drm_ioctl] comm="bobide" pid=29641, dev=0xe280, auth=0, DRM_IOCTL_SYNCOBJ_WAIT
[ 5393.112340] i915 0000:00:02.0: [drm:drm_ioctl] comm="bobide" pid=29641, dev=0xe280, auth=0, DRM_IOCTL_SYNCOBJ_WAIT
[ 5393.112348] i915 0000:00:02.0: [drm:drm_ioctl] comm="bobide" pid=29641, dev=0xe280, auth=0, DRM_IOCTL_SYNCOBJ_WAIT
[ 5393.112356] i915 0000:00:02.0: [drm:drm_ioctl] comm="bobide" pid=29641, dev=0xe280, auth=0, DRM_IOCTL_SYNCOBJ_WAIT
[ 5393.112364] i915 0000:00:02.0: [drm:drm_ioctl] comm="bobide" pid=29641, dev=0xe280, auth=0, DRM_IOCTL_SYNCOBJ_WAIT
[ 5393.112371] i915 0000:00:02.0: [drm:drm_ioctl] comm="bobide" pid=29641, dev=0xe280, auth=0, DRM_IOCTL_SYNCOBJ_DESTROY
[ 5393.112384] i915 0000:00:02.0: [drm:drm_ioctl] comm="bobide" pid=29641, dev=0xe280, auth=0, DRM_IOCTL_SYNCOBJ_WAIT
[ 5393.112392] i915 0000:00:02.0: [drm:drm_ioctl] comm="bobide" pid=29641, dev=0xe280, auth=0, DRM_IOCTL_SYNCOBJ_DESTROY
[ 5393.112403] i915 0000:00:02.0: [drm:drm_ioctl] comm="bobide" pid=29641, dev=0xe280, auth=0, DRM_IOCTL_SYNCOBJ_WAIT
[ 5393.112411] i915 0000:00:02.0: [drm:drm_ioctl] comm="bobide" pid=29641, dev=0xe280, auth=0, DRM_IOCTL_SYNCOBJ_WAIT
[ 5393.111964] i915 0000:00:02.0: [drm:intel_atomic_get_global_obj_state [i915]] Added new global object 00000000bc0392d3 state 00000000bd6c64d2 to 00000000696dbeab
[ 5393.113774] i915 0000:00:02.0: [drm:drm_ioctl] comm="gnome-shell" pid=14875, dev=0xe201, auth=1, DRM_IOCTL_SYNCOBJ_CREATE
[ 5393.113793] i915 0000:00:02.0: [drm:drm_ioctl] comm="gnome-shell" pid=14875, dev=0xe201, auth=1, DRM_IOCTL_SYNCOBJ_HANDLE_TO_FD
[ 5393.113823] i915 0000:00:02.0: [drm:drm_ioctl] comm="gnome-shell" pid=14875, dev=0xe201, auth=1, DRM_IOCTL_SYNCOBJ_DESTROY
[ 5393.113923] i915 0000:00:02.0: [drm:drm_atomic_nonblocking_commit] committing 00000000696dbeab nonblocking
[ 5393.113990] i915 0000:00:02.0: [drm:drm_crtc_vblank_helper_get_vblank_timestamp_internal] crtc 0 : v p(0,508)@ 5393.030182 -> 5393.022703 [e 0 us, 0 rep]
[ 5393.114012] i915 0000:00:02.0: [drm:drm_update_vblank_count] updating vblank count on crtc 0: current=323268, diff=0, hw=324087 hw_last=324087
[ 5393.120103] i915 0000:00:02.0: [drm:drm_ioctl] comm="bobide" pid=29641, dev=0xe280, auth=0, I915_GET_RESET_STATS
[ 5393.120127] i915 0000:00:02.0: [drm:drm_ioctl] comm="bobide" pid=29641, dev=0xe280, auth=0, I915_GET_RESET_STATS
[ 5393.122418] i915 0000:00:02.0: [drm:drm_crtc_vblank_helper_get_vblank_timestamp_internal] crtc 0 : v p(0,-52)@ 5393.038606 -> 5393.039371 [e 0 us, 0 rep]
[ 5393.122478] i915 0000:00:02.0: [drm:drm_update_vblank_count] updating vblank count on crtc 0: current=323268, diff=1, hw=324088 hw_last=324087
[ 5393.122488] i915 0000:00:02.0: [drm:drm_handle_vblank_events] vblank event on 323269, current 323269
[ 5393.122544] i915 0000:00:02.0: [drm:drm_atomic_state_default_clear] Clearing atomic state 00000000696dbeab
[ 5393.122556] [drm:drm_mode_object_put.part.0] OBJ ID: 135 (2)
[ 5393.122567] [drm:drm_mode_object_put.part.0] OBJ ID: 137 (6)
[ 5393.122572] [drm:drm_mode_object_put.part.0] OBJ ID: 137 (5)
[ 5393.122578] [drm:drm_mode_object_put.part.0] OBJ ID: 137 (4)
[ 5393.122584] [drm:drm_mode_object_put.part.0] OBJ ID: 139 (3)
[ 5393.122589] [drm:drm_mode_object_put.part.0] OBJ ID: 139 (2)
[ 5393.122596] i915 0000:00:02.0: [drm:__drm_atomic_state_free] Freeing atomic state 00000000696dbeab
[ 5393.126336] i915 0000:00:02.0: [drm:drm_ioctl] comm="bobide" pid=29641, dev=0xe280, auth=0, I915_GET_RESET_STATS
[ 5393.126360] i915 0000:00:02.0: [drm:drm_ioctl] comm="bobide" pid=29641, dev=0xe280, auth=0, I915_GET_RESET_STATS
[ 5393.128427] i915 0000:00:02.0: [drm:drm_ioctl] comm="gnome-shell" pid=14875, dev=0xe201, auth=1, I915_GEM_EXECBUFFER2_WR
[ 5393.128615] i915 0000:00:02.0: [drm:drm_ioctl] comm="gnome-shell" pid=14875, dev=0xe201, auth=1, I915_GEM_MADVISE
[ 5393.128630] i915 0000:00:02.0: [drm:drm_ioctl] comm="gnome-shell" pid=14875, dev=0xe201, auth=1, DRM_IOCTL_SYNCOBJ_WAIT
[ 5393.128644] i915 0000:00:02.0: [drm:drm_ioctl] comm="gnome-shell" pid=14875, dev=0xe201, auth=1, I915_GEM_MADVISE
[ 5393.128652] i915 0000:00:02.0: [drm:drm_ioctl] comm="gnome-shell" pid=14875, dev=0xe201, auth=1, DRM_IOCTL_SYNCOBJ_CREATE
[ 5393.128682] i915 0000:00:02.0: [drm:drm_ioctl] comm="gnome-shell" pid=14875, dev=0xe201, auth=1, I915_REG_READ
[ 5393.128889] i915 0000:00:02.0: [drm:drm_ioctl] comm="gnome-shell" pid=14875, dev=0xe201, auth=1, I915_GEM_EXECBUFFER2_WR
[ 5393.128923] i915 0000:00:02.0: [drm:drm_ioctl] comm="gnome-shell" pid=14875, dev=0xe201, auth=1, I915_GEM_MADVISE
[ 5393.128932] i915 0000:00:02.0: [drm:drm_ioctl] comm="gnome-shell" pid=14875, dev=0xe201, auth=1, DRM_IOCTL_SYNCOBJ_WAIT
[ 5393.128941] i915 0000:00:02.0: [drm:drm_ioctl] comm="gnome-shell" pid=14875, dev=0xe201, auth=1, DRM_IOCTL_SYNCOBJ_DESTROY
[ 5393.128949] i915 0000:00:02.0: [drm:drm_ioctl] comm="gnome-shell" pid=14875, dev=0xe201, auth=1, I915_GEM_MADVISE
[ 5393.128957] i915 0000:00:02.0: [drm:drm_ioctl] comm="gnome-shell" pid=14875, dev=0xe201, auth=1, DRM_IOCTL_SYNCOBJ_CREATE
[ 5393.129011] i915 0000:00:02.0: [drm:drm_ioctl] comm="gnome-shell" pid=14875, dev=0xe201, auth=1, I915_GEM_SET_TILING
[ 5393.129029] i915 0000:00:02.0: [drm:drm_ioctl] comm="gnome-shell" pid=14875, dev=0xe201, auth=1, I915_GEM_SET_TILING
[ 5393.129044] i915 0000:00:02.0: [drm:drm_ioctl] comm="gnome-shell" pid=14875, dev=0xe201, auth=1, DRM_IOCTL_MODE_ADDFB2
[ 5393.129077] i915 0000:00:02.0: [drm:drm_mode_addfb2] [FB:136]
[ 5393.129573] i915 0000:00:02.0: [drm:drm_ioctl] comm="gnome-shell" pid=14875, dev=0xe201, auth=1, DRM_IOCTL_MODE_CLOSEFB
[ 5393.129586] [drm:drm_mode_object_put.part.0] OBJ ID: 139 (2)
[ 5393.129597] [drm:drm_mode_object_put.part.0] OBJ ID: 139 (1)
[ 5393.129769] i915 0000:00:02.0: [drm:drm_ioctl] comm="KMS thread" pid=14945, dev=0xe201, auth=1, DRM_IOCTL_MODE_ATOMIC
[ 5393.129795] i915 0000:00:02.0: [drm:drm_atomic_state_init] Allocated atomic state 000000003382430e
[ 5393.129847] [drm:drm_mode_object_get] OBJ ID: 133 (3)
[ 5393.129855] [drm:drm_mode_object_get] OBJ ID: 133 (4)
[ 5393.129862] i915 0000:00:02.0: [drm:drm_atomic_get_plane_state] Added [PLANE:33:plane 1A] 000000000a77b024 state to 000000003382430e
[ 5393.129888] [drm:drm_mode_object_get] OBJ ID: 135 (1)
[ 5393.129893] [drm:drm_mode_object_get] OBJ ID: 137 (3)
[ 5393.129898] [drm:drm_mode_object_get] OBJ ID: 137 (4)
[ 5393.129902] [drm:drm_mode_object_get] OBJ ID: 137 (5)
[ 5393.129908] i915 0000:00:02.0: [drm:drm_atomic_get_crtc_state] Added [CRTC:56:pipe A] 000000007e387835 state to 000000003382430e
[ 5393.129921] i915 0000:00:02.0: [drm:drm_atomic_set_fb_for_plane] Set [FB:136] for [PLANE:33:plane 1A] state 000000000a77b024
[ 5393.129930] [drm:drm_mode_object_get] OBJ ID: 136 (3)
[ 5393.129934] [drm:drm_mode_object_put.part.0] OBJ ID: 133 (5)
[ 5393.129940] [drm:drm_mode_object_put.part.0] OBJ ID: 136 (4)
[ 5393.129945] [drm:drm_mode_object_put.part.0] OBJ ID: 136 (3)
[ 5393.129957] i915 0000:00:02.0: [drm:drm_atomic_check_only] checking 000000003382430e
[ 5393.129994] [drm:drm_mode_object_put.part.0] OBJ ID: 133 (4)
[ 5393.129999] [drm:drm_mode_object_get] OBJ ID: 136 (2)
[ 5393.130386] i915 0000:00:02.0: [drm:drm_ioctl] comm="gnome-shell" pid=14875, dev=0xe201, auth=1, DRM_IOCTL_SYNCOBJ_CREATE
[ 5393.130402] i915 0000:00:02.0: [drm:drm_ioctl] comm="gnome-shell" pid=14875, dev=0xe201, auth=1, DRM_IOCTL_SYNCOBJ_HANDLE_TO_FD
[ 5393.130419] i915 0000:00:02.0: [drm:drm_ioctl] comm="gnome-shell" pid=14875, dev=0xe201, auth=1, DRM_IOCTL_SYNCOBJ_DESTROY
[ 5393.130068] i915 0000:00:02.0: [drm:intel_plane_atomic_calc_changes [i915]] [CRTC:56:pipe A] with [PLANE:33:plane 1A] visible 1 -> 1, off 0, on 0, ms 0
[ 5393.131993] i915 0000:00:02.0: [drm:intel_atomic_get_global_obj_state [i915]] Added new global object 00000000bc0392d3 state 0000000051292a0b to 000000003382430e
[ 5393.133082] i915 0000:00:02.0: [drm:drm_ioctl] comm="bobide" pid=29641, dev=0xe280, auth=0, DRM_IOCTL_SYNCOBJ_DESTROY
[ 5393.133116] i915 0000:00:02.0: [drm:drm_ioctl] comm="bobide" pid=29641, dev=0xe280, auth=0, I915_GEM_EXECBUFFER2_WR
[ 5393.133366] i915 0000:00:02.0: [drm:drm_ioctl] comm="bobide" pid=29641, dev=0xe280, auth=0, DRM_IOCTL_SYNCOBJ_DESTROY
[ 5393.133387] i915 0000:00:02.0: [drm:drm_ioctl] comm="bobide" pid=29641, dev=0xe280, auth=0, DRM_IOCTL_SYNCOBJ_DESTROY
[ 5393.133396] i915 0000:00:02.0: [drm:drm_ioctl] comm="bobide" pid=29641, dev=0xe280, auth=0, I915_GEM_MADVISE
[ 5393.133409] i915 0000:00:02.0: [drm:drm_ioctl] comm="bobide" pid=29641, dev=0xe280, auth=0, DRM_IOCTL_SYNCOBJ_WAIT
[ 5393.133423] i915 0000:00:02.0: [drm:drm_ioctl] comm="bobide" pid=29641, dev=0xe280, auth=0, I915_GEM_MADVISE
[ 5393.133433] i915 0000:00:02.0: [drm:drm_ioctl] comm="bobide" pid=29641, dev=0xe280, auth=0, DRM_IOCTL_SYNCOBJ_CREATE
[ 5393.133553] i915 0000:00:02.0: [drm:drm_ioctl] comm="bobide" pid=29641, dev=0xe280, auth=0, DRM_IOCTL_SYNCOBJ_HANDLE_TO_FD
[ 5393.134094] i915 0000:00:02.0: [drm:drm_ioctl] comm="bobide" pid=29641, dev=0xe280, auth=0, I915_GET_RESET_STATS
[ 5393.134110] i915 0000:00:02.0: [drm:drm_ioctl] comm="bobide" pid=29641, dev=0xe280, auth=0, I915_GET_RESET_STATS
[ 5393.134611] i915 0000:00:02.0: [drm:drm_atomic_nonblocking_commit] committing 000000003382430e nonblocking
[ 5393.134732] i915 0000:00:02.0: [drm:drm_crtc_vblank_helper_get_vblank_timestamp_internal] crtc 0 : v p(0,785)@ 5393.050922 -> 5393.039366 [e 0 us, 0 rep]
[ 5393.134756] i915 0000:00:02.0: [drm:drm_update_vblank_count] updating vblank count on crtc 0: current=323269, diff=0, hw=324088 hw_last=324088
[ 5393.139076] i915 0000:00:02.0: [drm:drm_crtc_vblank_helper_get_vblank_timestamp_internal] crtc 0 : v p(0,-52)@ 5393.055265 -> 5393.056030 [e 0 us, 0 rep]
[ 5393.139127] i915 0000:00:02.0: [drm:drm_update_vblank_count] updating vblank count on crtc 0: current=323269, diff=1, hw=324089 hw_last=324088
[ 5393.139138] i915 0000:00:02.0: [drm:drm_handle_vblank_events] vblank event on 323270, current 323270
[ 5393.139199] i915 0000:00:02.0: [drm:drm_atomic_state_default_clear] Clearing atomic state 000000003382430e
[ 5393.139214] [drm:drm_mode_object_put.part.0] OBJ ID: 135 (2)
[ 5393.139232] [drm:drm_mode_object_put.part.0] OBJ ID: 137 (6)
[ 5393.139237] [drm:drm_mode_object_put.part.0] OBJ ID: 137 (5)
[ 5393.139242] [drm:drm_mode_object_put.part.0] OBJ ID: 137 (4)
[ 5393.139249] [drm:drm_mode_object_put.part.0] OBJ ID: 133 (3)
[ 5393.139256] [drm:drm_mode_object_put.part.0] OBJ ID: 133 (2)
[ 5393.139264] i915 0000:00:02.0: [drm:__drm_atomic_state_free] Freeing atomic state 000000003382430e
[ 5393.141337] i915 0000:00:02.0: [drm:drm_ioctl] comm="gnome-shell" pid=14875, dev=0xe201, auth=1, DRM_IOCTL_SYNCOBJ_WAIT
[ 5393.141369] i915 0000:00:02.0: [drm:drm_ioctl] comm="gnome-shell" pid=14875, dev=0xe201, auth=1, DRM_IOCTL_SYNCOBJ_WAIT
[ 5393.141378] i915 0000:00:02.0: [drm:drm_ioctl] comm="gnome-shell" pid=14875, dev=0xe201, auth=1, DRM_IOCTL_SYNCOBJ_WAIT
[ 5393.141386] i915 0000:00:02.0: [drm:drm_ioctl] comm="gnome-shell" pid=14875, dev=0xe201, auth=1, DRM_IOCTL_SYNCOBJ_WAIT
[ 5393.141394] i915 0000:00:02.0: [drm:drm_ioctl] comm="gnome-shell" pid=14875, dev=0xe201, auth=1, DRM_IOCTL_SYNCOBJ_WAIT
[ 5393.141402] i915 0000:00:02.0: [drm:drm_ioctl] comm="gnome-shell" pid=14875, dev=0xe201, auth=1, DRM_IOCTL_SYNCOBJ_WAIT
[ 5393.143201] i915 0000:00:02.0: [drm:drm_ioctl] comm="gnome-shell" pid=14875, dev=0xe201, auth=1, I915_GEM_EXECBUFFER2_WR
[ 5393.143410] i915 0000:00:02.0: [drm:drm_ioctl] comm="gnome-shell" pid=14875, dev=0xe201, auth=1, I915_GEM_MADVISE
[ 5393.143427] i915 0000:00:02.0: [drm:drm_ioctl] comm="gnome-shell" pid=14875, dev=0xe201, auth=1, DRM_IOCTL_SYNCOBJ_WAIT
[ 5393.143439] i915 0000:00:02.0: [drm:drm_ioctl] comm="gnome-shell" pid=14875, dev=0xe201, auth=1, I915_GEM_MADVISE
[ 5393.143449] i915 0000:00:02.0: [drm:drm_ioctl] comm="gnome-shell" pid=14875, dev=0xe201, auth=1, DRM_IOCTL_SYNCOBJ_CREATE
[ 5393.143481] i915 0000:00:02.0: [drm:drm_ioctl] comm="gnome-shell" pid=14875, dev=0xe201, auth=1, I915_REG_READ
[ 5393.143598] i915 0000:00:02.0: [drm:drm_ioctl] comm="gnome-shell" pid=14875, dev=0xe201, auth=1, I915_GEM_EXECBUFFER2_WR
[ 5393.143627] i915 0000:00:02.0: [drm:drm_ioctl] comm="gnome-shell" pid=14875, dev=0xe201, auth=1, I915_GEM_MADVISE
[ 5393.143636] i915 0000:00:02.0: [drm:drm_ioctl] comm="gnome-shell" pid=14875, dev=0xe201, auth=1, DRM_IOCTL_SYNCOBJ_WAIT
[ 5393.143644] i915 0000:00:02.0: [drm:drm_ioctl] comm="gnome-shell" pid=14875, dev=0xe201, auth=1, DRM_IOCTL_SYNCOBJ_DESTROY
[ 5393.143651] i915 0000:00:02.0: [drm:drm_ioctl] comm="gnome-shell" pid=14875, dev=0xe201, auth=1, I915_GEM_MADVISE
[ 5393.143658] i915 0000:00:02.0: [drm:drm_ioctl] comm="gnome-shell" pid=14875, dev=0xe201, auth=1, DRM_IOCTL_SYNCOBJ_CREATE
[ 5393.143725] i915 0000:00:02.0: [drm:drm_ioctl] comm="gnome-shell" pid=14875, dev=0xe201, auth=1, I915_GEM_SET_TILING
[ 5393.143744] i915 0000:00:02.0: [drm:drm_ioctl] comm="gnome-shell" pid=14875, dev=0xe201, auth=1, I915_GEM_SET_TILING
[ 5393.143759] i915 0000:00:02.0: [drm:drm_ioctl] comm="gnome-shell" pid=14875, dev=0xe201, auth=1, DRM_IOCTL_MODE_ADDFB2
[ 5393.143793] i915 0000:00:02.0: [drm:drm_mode_addfb2] [FB:139]
[ 5393.144415] i915 0000:00:02.0: [drm:drm_ioctl] comm="gnome-shell" pid=14875, dev=0xe201, auth=1, DRM_IOCTL_MODE_CLOSEFB
[ 5393.144439] [drm:drm_mode_object_put.part.0] OBJ ID: 133 (2)
[ 5393.144456] [drm:drm_mode_object_put.part.0] OBJ ID: 133 (1)
[ 5393.144636] i915 0000:00:02.0: [drm:drm_ioctl] comm="KMS thread" pid=14945, dev=0xe201, auth=1, DRM_IOCTL_MODE_ATOMIC
[ 5393.144660] i915 0000:00:02.0: [drm:drm_atomic_state_init] Allocated atomic state 0000000087e3f267
[ 5393.144688] [drm:drm_mode_object_get] OBJ ID: 136 (3)
[ 5393.144696] [drm:drm_mode_object_get] OBJ ID: 136 (4)
[ 5393.144702] i915 0000:00:02.0: [drm:drm_atomic_get_plane_state] Added [PLANE:33:plane 1A] 0000000052149318 state to 0000000087e3f267
[ 5393.144727] [drm:drm_mode_object_get] OBJ ID: 135 (1)
[ 5393.144732] [drm:drm_mode_object_get] OBJ ID: 137 (3)
[ 5393.144738] [drm:drm_mode_object_get] OBJ ID: 137 (4)
[ 5393.144743] [drm:drm_mode_object_get] OBJ ID: 137 (5)
[ 5393.144747] i915 0000:00:02.0: [drm:drm_atomic_get_crtc_state] Added [CRTC:56:pipe A] 000000000ff0d236 state to 0000000087e3f267
[ 5393.144765] i915 0000:00:02.0: [drm:drm_atomic_set_fb_for_plane] Set [FB:139] for [PLANE:33:plane 1A] state 0000000052149318
[ 5393.144774] [drm:drm_mode_object_get] OBJ ID: 139 (3)
[ 5393.144779] [drm:drm_mode_object_put.part.0] OBJ ID: 136 (5)
[ 5393.144784] [drm:drm_mode_object_put.part.0] OBJ ID: 139 (4)
[ 5393.144789] [drm:drm_mode_object_put.part.0] OBJ ID: 139 (3)
[ 5393.144803] i915 0000:00:02.0: [drm:drm_atomic_check_only] checking 0000000087e3f267
[ 5393.144851] [drm:drm_mode_object_put.part.0] OBJ ID: 136 (4)
[ 5393.144857] [drm:drm_mode_object_get] OBJ ID: 139 (2)
[ 5393.145250] i915 0000:00:02.0: [drm:drm_ioctl] comm="gnome-shell" pid=14875, dev=0xe201, auth=1, DRM_IOCTL_SYNCOBJ_CREATE
[ 5393.145265] i915 0000:00:02.0: [drm:drm_ioctl] comm="gnome-shell" pid=14875, dev=0xe201, auth=1, DRM_IOCTL_SYNCOBJ_HANDLE_TO_FD
[ 5393.145280] i915 0000:00:02.0: [drm:drm_ioctl] comm="gnome-shell" pid=14875, dev=0xe201, auth=1, DRM_IOCTL_SYNCOBJ_DESTROY
[ 5393.145650] i915 0000:00:02.0: [drm:drm_ioctl] comm="bobide" pid=29641, dev=0xe280, auth=0, I915_GET_RESET_STATS
[ 5393.145661] i915 0000:00:02.0: [drm:drm_ioctl] comm="bobide" pid=29641, dev=0xe280, auth=0, I915_GET_RESET_STATS
[ 5393.144877] i915 0000:00:02.0: [drm:intel_plane_atomic_calc_changes [i915]] [CRTC:56:pipe A] with [PLANE:33:plane 1A] visible 1 -> 1, off 0, on 0, ms 0
[ 5393.146867] i915 0000:00:02.0: [drm:intel_atomic_get_global_obj_state [i915]] Added new global object 00000000bc0392d3 state 000000006055ee22 to 0000000087e3f267
[ 5393.148878] i915 0000:00:02.0: [drm:drm_atomic_nonblocking_commit] committing 0000000087e3f267 nonblocking
[ 5393.148984] i915 0000:00:02.0: [drm:drm_crtc_vblank_helper_get_vblank_timestamp_internal] crtc 0 : v p(0,621)@ 5393.065173 -> 5393.056031 [e 0 us, 0 rep]
[ 5393.149019] i915 0000:00:02.0: [drm:drm_update_vblank_count] updating vblank count on crtc 0: current=323270, diff=0, hw=324089 hw_last=324089
[ 5393.149784] i915 0000:00:02.0: [drm:drm_ioctl] comm="bobide" pid=29641, dev=0xe280, auth=0, DRM_IOCTL_SYNCOBJ_WAIT
[ 5393.149807] i915 0000:00:02.0: [drm:drm_ioctl] comm="bobide" pid=29641, dev=0xe280, auth=0, DRM_IOCTL_SYNCOBJ_WAIT
[ 5393.149829] i915 0000:00:02.0: [drm:drm_ioctl] comm="bobide" pid=29641, dev=0xe280, auth=0, DRM_IOCTL_SYNCOBJ_DESTROY
[ 5393.149846] i915 0000:00:02.0: [drm:drm_ioctl] comm="bobide" pid=29641, dev=0xe280, auth=0, DRM_IOCTL_SYNCOBJ_WAIT
[ 5393.149855] i915 0000:00:02.0: [drm:drm_ioctl] comm="bobide" pid=29641, dev=0xe280, auth=0, DRM_IOCTL_SYNCOBJ_WAIT
[ 5393.149862] i915 0000:00:02.0: [drm:drm_ioctl] comm="bobide" pid=29641, dev=0xe280, auth=0, DRM_IOCTL_SYNCOBJ_WAIT
[ 5393.149870] i915 0000:00:02.0: [drm:drm_ioctl] comm="bobide" pid=29641, dev=0xe280, auth=0, DRM_IOCTL_SYNCOBJ_WAIT
[ 5393.149877] i915 0000:00:02.0: [drm:drm_ioctl] comm="bobide" pid=29641, dev=0xe280, auth=0, DRM_IOCTL_SYNCOBJ_WAIT
[ 5393.149884] i915 0000:00:02.0: [drm:drm_ioctl] comm="bobide" pid=29641, dev=0xe280, auth=0, DRM_IOCTL_SYNCOBJ_WAIT
[ 5393.149891] i915 0000:00:02.0: [drm:drm_ioctl] comm="bobide" pid=29641, dev=0xe280, auth=0, DRM_IOCTL_SYNCOBJ_WAIT
[ 5393.149897] i915 0000:00:02.0: [drm:drm_ioctl] comm="bobide" pid=29641, dev=0xe280, auth=0, DRM_IOCTL_SYNCOBJ_WAIT
[ 5393.150270] i915 0000:00:02.0: [drm:drm_ioctl] comm="bobide" pid=29641, dev=0xe280, auth=0, I915_GEM_EXECBUFFER2_WR
[ 5393.150400] i915 0000:00:02.0: [drm:drm_ioctl] comm="bobide" pid=29641, dev=0xe280, auth=0, DRM_IOCTL_SYNCOBJ_DESTROY
[ 5393.150411] i915 0000:00:02.0: [drm:drm_ioctl] comm="bobide" pid=29641, dev=0xe280, auth=0, I915_GEM_MADVISE
[ 5393.150421] i915 0000:00:02.0: [drm:drm_ioctl] comm="bobide" pid=29641, dev=0xe280, auth=0, DRM_IOCTL_SYNCOBJ_WAIT
[ 5393.150430] i915 0000:00:02.0: [drm:drm_ioctl] comm="bobide" pid=29641, dev=0xe280, auth=0, I915_GEM_MADVISE
[ 5393.150438] i915 0000:00:02.0: [drm:drm_ioctl] comm="bobide" pid=29641, dev=0xe280, auth=0, DRM_IOCTL_SYNCOBJ_CREATE
[ 5393.150480] i915 0000:00:02.0: [drm:drm_ioctl] comm="bobide" pid=29641, dev=0xe280, auth=0, DRM_IOCTL_SYNCOBJ_HANDLE_TO_FD
[ 5393.150670] i915 0000:00:02.0: [drm:drm_ioctl] comm="bobide" pid=29641, dev=0xe280, auth=0, I915_GET_RESET_STATS
[ 5393.150681] i915 0000:00:02.0: [drm:drm_ioctl] comm="bobide" pid=29641, dev=0xe280, auth=0, I915_GET_RESET_STATS
[ 5393.155741] i915 0000:00:02.0: [drm:drm_crtc_vblank_helper_get_vblank_timestamp_internal] crtc 0 : v p(0,-52)@ 5393.071929 -> 5393.072694 [e 0 us, 0 rep]
[ 5393.155788] i915 0000:00:02.0: [drm:drm_update_vblank_count] updating vblank count on crtc 0: current=323270, diff=1, hw=324090 hw_last=324089
[ 5393.155798] i915 0000:00:02.0: [drm:drm_handle_vblank_events] vblank event on 323271, current 323271
[ 5393.155863] i915 0000:00:02.0: [drm:drm_atomic_state_default_clear] Clearing atomic state 0000000087e3f267
[ 5393.155875] [drm:drm_mode_object_put.part.0] OBJ ID: 135 (2)
[ 5393.155886] [drm:drm_mode_object_put.part.0] OBJ ID: 137 (6)
[ 5393.155891] [drm:drm_mode_object_put.part.0] OBJ ID: 137 (5)
[ 5393.155896] [drm:drm_mode_object_put.part.0] OBJ ID: 137 (4)
[ 5393.155902] [drm:drm_mode_object_put.part.0] OBJ ID: 136 (3)
[ 5393.155908] [drm:drm_mode_object_put.part.0] OBJ ID: 136 (2)
[ 5393.155915] i915 0000:00:02.0: [drm:__drm_atomic_state_free] Freeing atomic state 0000000087e3f267
[ 5393.158498] i915 0000:00:02.0: [drm:drm_ioctl] comm="gnome-shell" pid=14875, dev=0xe201, auth=1, I915_GEM_EXECBUFFER2_WR
[ 5393.158653] i915 0000:00:02.0: [drm:drm_ioctl] comm="gnome-shell" pid=14875, dev=0xe201, auth=1, I915_GEM_MADVISE
[ 5393.158666] i915 0000:00:02.0: [drm:drm_ioctl] comm="gnome-shell" pid=14875, dev=0xe201, auth=1, DRM_IOCTL_SYNCOBJ_WAIT
[ 5393.158677] i915 0000:00:02.0: [drm:drm_ioctl] comm="gnome-shell" pid=14875, dev=0xe201, auth=1, I915_GEM_MADVISE
[ 5393.158685] i915 0000:00:02.0: [drm:drm_ioctl] comm="gnome-shell" pid=14875, dev=0xe201, auth=1, DRM_IOCTL_SYNCOBJ_CREATE
[ 5393.158707] i915 0000:00:02.0: [drm:drm_ioctl] comm="gnome-shell" pid=14875, dev=0xe201, auth=1, I915_REG_READ
[ 5393.158802] i915 0000:00:02.0: [drm:drm_ioctl] comm="gnome-shell" pid=14875, dev=0xe201, auth=1, I915_GEM_EXECBUFFER2_WR
[ 5393.158918] i915 0000:00:02.0: [drm:drm_ioctl] comm="bobide" pid=29641, dev=0xe280, auth=0, I915_GET_RESET_STATS
[ 5393.158931] i915 0000:00:02.0: [drm:drm_ioctl] comm="bobide" pid=29641, dev=0xe280, auth=0, I915_GET_RESET_STATS
[ 5393.159981] i915 0000:00:02.0: [drm:drm_ioctl] comm="bobide" pid=29641, dev=0xe280, auth=0, I915_GEM_EXECBUFFER2_WR
[ 5393.160200] i915 0000:00:02.0: [drm:drm_ioctl] comm="bobide" pid=29641, dev=0xe280, auth=0, I915_GEM_MADVISE
[ 5393.160215] i915 0000:00:02.0: [drm:drm_ioctl] comm="bobide" pid=29641, dev=0xe280, auth=0, DRM_IOCTL_SYNCOBJ_WAIT
[ 5393.160226] i915 0000:00:02.0: [drm:drm_ioctl] comm="bobide" pid=29641, dev=0xe280, auth=0, I915_GEM_MADVISE
[ 5393.160237] i915 0000:00:02.0: [drm:drm_ioctl] comm="bobide" pid=29641, dev=0xe280, auth=0, DRM_IOCTL_SYNCOBJ_CREATE
[ 5393.160292] i915 0000:00:02.0: [drm:drm_ioctl] comm="bobide" pid=29641, dev=0xe280, auth=0, DRM_IOCTL_SYNCOBJ_HANDLE_TO_FD
[ 5393.160664] i915 0000:00:02.0: [drm:drm_ioctl] comm="gnome-shell" pid=14875, dev=0xe201, auth=1, I915_GEM_MADVISE
[ 5393.160680] i915 0000:00:02.0: [drm:drm_ioctl] comm="gnome-shell" pid=14875, dev=0xe201, auth=1, DRM_IOCTL_SYNCOBJ_WAIT
[ 5393.160689] i915 0000:00:02.0: [drm:drm_ioctl] comm="gnome-shell" pid=14875, dev=0xe201, auth=1, DRM_IOCTL_SYNCOBJ_DESTROY
[ 5393.160697] i915 0000:00:02.0: [drm:drm_ioctl] comm="gnome-shell" pid=14875, dev=0xe201, auth=1, I915_GEM_MADVISE
[ 5393.160704] i915 0000:00:02.0: [drm:drm_ioctl] comm="gnome-shell" pid=14875, dev=0xe201, auth=1, DRM_IOCTL_SYNCOBJ_CREATE
[ 5393.160781] i915 0000:00:02.0: [drm:drm_ioctl] comm="gnome-shell" pid=14875, dev=0xe201, auth=1, I915_GEM_SET_TILING
[ 5393.160808] i915 0000:00:02.0: [drm:drm_ioctl] comm="gnome-shell" pid=14875, dev=0xe201, auth=1, I915_GEM_SET_TILING
[ 5393.160837] i915 0000:00:02.0: [drm:drm_ioctl] comm="gnome-shell" pid=14875, dev=0xe201, auth=1, DRM_IOCTL_MODE_ADDFB2
[ 5393.160863] i915 0000:00:02.0: [drm:drm_mode_addfb2] [FB:133]
[ 5393.161238] i915 0000:00:02.0: [drm:drm_ioctl] comm="gnome-shell" pid=14875, dev=0xe201, auth=1, DRM_IOCTL_MODE_CLOSEFB
[ 5393.161248] [drm:drm_mode_object_put.part.0] OBJ ID: 136 (2)
[ 5393.161259] [drm:drm_mode_object_put.part.0] OBJ ID: 136 (1)
[ 5393.161361] i915 0000:00:02.0: [drm:drm_ioctl] comm="KMS thread" pid=14945, dev=0xe201, auth=1, DRM_IOCTL_MODE_ATOMIC
[ 5393.161379] i915 0000:00:02.0: [drm:drm_atomic_state_init] Allocated atomic state 00000000bf00000f
[ 5393.161400] [drm:drm_mode_object_get] OBJ ID: 139 (3)
[ 5393.161407] [drm:drm_mode_object_get] OBJ ID: 139 (4)
[ 5393.161412] i915 0000:00:02.0: [drm:drm_atomic_get_plane_state] Added [PLANE:33:plane 1A] 0000000056c906d9 state to 00000000bf00000f
[ 5393.161430] [drm:drm_mode_object_get] OBJ ID: 135 (1)
[ 5393.161435] [drm:drm_mode_object_get] OBJ ID: 137 (3)
[ 5393.161439] [drm:drm_mode_object_get] OBJ ID: 137 (4)
[ 5393.161444] [drm:drm_mode_object_get] OBJ ID: 137 (5)
[ 5393.161449] i915 0000:00:02.0: [drm:drm_atomic_get_crtc_state] Added [CRTC:56:pipe A] 000000007b0f2f50 state to 00000000bf00000f
[ 5393.161461] i915 0000:00:02.0: [drm:drm_atomic_set_fb_for_plane] Set [FB:133] for [PLANE:33:plane 1A] state 0000000056c906d9
[ 5393.161469] [drm:drm_mode_object_get] OBJ ID: 133 (3)
[ 5393.161474] [drm:drm_mode_object_put.part.0] OBJ ID: 139 (5)
[ 5393.161479] [drm:drm_mode_object_put.part.0] OBJ ID: 133 (4)
[ 5393.161484] [drm:drm_mode_object_put.part.0] OBJ ID: 133 (3)
[ 5393.161495] i915 0000:00:02.0: [drm:drm_atomic_check_only] checking 00000000bf00000f
[ 5393.161525] [drm:drm_mode_object_put.part.0] OBJ ID: 139 (4)
[ 5393.161530] [drm:drm_mode_object_get] OBJ ID: 133 (2)
[ 5393.162292] i915 0000:00:02.0: [drm:drm_ioctl] comm="gnome-shell" pid=14875, dev=0xe201, auth=1, DRM_IOCTL_SYNCOBJ_CREATE
[ 5393.162318] i915 0000:00:02.0: [drm:drm_ioctl] comm="gnome-shell" pid=14875, dev=0xe201, auth=1, DRM_IOCTL_SYNCOBJ_HANDLE_TO_FD
[ 5393.162344] i915 0000:00:02.0: [drm:drm_ioctl] comm="gnome-shell" pid=14875, dev=0xe201, auth=1, DRM_IOCTL_SYNCOBJ_DESTROY
[ 5393.161554] i915 0000:00:02.0: [drm:intel_plane_atomic_calc_changes [i915]] [CRTC:56:pipe A] with [PLANE:33:plane 1A] visible 1 -> 1, off 0, on 0, ms 0
[ 5393.163680] i915 0000:00:02.0: [drm:intel_atomic_get_global_obj_state [i915]] Added new global object 00000000bc0392d3 state 0000000012547006 to 00000000bf00000f
[ 5393.164887] i915 0000:00:02.0: [drm:drm_atomic_nonblocking_commit] committing 00000000bf00000f nonblocking
[ 5393.165015] i915 0000:00:02.0: [drm:drm_crtc_vblank_helper_get_vblank_timestamp_internal] crtc 0 : v p(0,578)@ 5393.081205 -> 5393.072696 [e 0 us, 0 rep]
[ 5393.165034] i915 0000:00:02.0: [drm:drm_update_vblank_count] updating vblank count on crtc 0: current=323271, diff=0, hw=324090 hw_last=324090
[ 5393.172408] i915 0000:00:02.0: [drm:drm_crtc_vblank_helper_get_vblank_timestamp_internal] crtc 0 : v p(0,-52)@ 5393.088595 -> 5393.089360 [e 0 us, 0 rep]
[ 5393.172458] i915 0000:00:02.0: [drm:drm_update_vblank_count] updating vblank count on crtc 0: current=323271, diff=1, hw=324091 hw_last=324090
[ 5393.172467] i915 0000:00:02.0: [drm:drm_handle_vblank_events] vblank event on 323272, current 323272
[ 5393.172516] i915 0000:00:02.0: [drm:drm_atomic_state_default_clear] Clearing atomic state 00000000bf00000f
[ 5393.172529] [drm:drm_mode_object_put.part.0] OBJ ID: 135 (2)
[ 5393.172540] [drm:drm_mode_object_put.part.0] OBJ ID: 137 (6)
[ 5393.172545] [drm:drm_mode_object_put.part.0] OBJ ID: 137 (5)
[ 5393.172550] [drm:drm_mode_object_put.part.0] OBJ ID: 137 (4)
[ 5393.172556] [drm:drm_mode_object_put.part.0] OBJ ID: 139 (3)
[ 5393.172562] [drm:drm_mode_object_put.part.0] OBJ ID: 139 (2)
[ 5393.172569] i915 0000:00:02.0: [drm:__drm_atomic_state_free] Freeing atomic state 00000000bf00000f
[ 5393.173517] [drm:drm_stub_open] 
[ 5393.173538] i915 0000:00:02.0: [drm:drm_open_helper] comm="test_c554_batch", pid=67285, minor=1
[ 5393.173594] i915 0000:00:02.0: [drm:i915_gem_open [i915]] 
[ 5393.176158] i915 0000:00:02.0: [drm:drm_ioctl] comm="test_c554_batch" pid=67285, dev=0xe201, auth=0, I915_GEM_CREATE
[ 5393.176266] i915 0000:00:02.0: [drm:drm_ioctl] comm="test_c554_batch" pid=67285, dev=0xe201, auth=0, I915_GEM_MMAP
[ 5393.176378] i915 0000:00:02.0: [drm:drm_ioctl] comm="test_c554_batch" pid=67285, dev=0xe201, auth=0, I915_GEM_CREATE
[ 5393.176464] i915 0000:00:02.0: [drm:drm_ioctl] comm="test_c554_batch" pid=67285, dev=0xe201, auth=0, I915_GEM_CREATE
[ 5393.176533] i915 0000:00:02.0: [drm:drm_ioctl] comm="bobide" pid=29641, dev=0xe280, auth=0, I915_GET_RESET_STATS
[ 5393.176545] i915 0000:00:02.0: [drm:drm_ioctl] comm="test_c554_batch" pid=67285, dev=0xe201, auth=0, I915_GEM_MMAP
[ 5393.176550] i915 0000:00:02.0: [drm:drm_ioctl] comm="bobide" pid=29641, dev=0xe280, auth=0, I915_GET_RESET_STATS
[ 5393.176699] i915 0000:00:02.0: [drm:drm_ioctl] comm="test_c554_batch" pid=67285, dev=0xe201, auth=0, I915_GEM_MMAP
[ 5393.176945] i915 0000:00:02.0: [drm:drm_ioctl] comm="bobide" pid=29641, dev=0xe280, auth=0, DRM_IOCTL_SYNCOBJ_WAIT
[ 5393.176961] i915 0000:00:02.0: [drm:drm_ioctl] comm="bobide" pid=29641, dev=0xe280, auth=0, DRM_IOCTL_SYNCOBJ_WAIT
[ 5393.176970] i915 0000:00:02.0: [drm:drm_ioctl] comm="bobide" pid=29641, dev=0xe280, auth=0, DRM_IOCTL_SYNCOBJ_WAIT
[ 5393.176977] i915 0000:00:02.0: [drm:drm_ioctl] comm="bobide" pid=29641, dev=0xe280, auth=0, DRM_IOCTL_SYNCOBJ_WAIT
[ 5393.177274] i915 0000:00:02.0: [drm:drm_ioctl] comm="bobide" pid=29641, dev=0xe280, auth=0, I915_GEM_EXECBUFFER2_WR
[ 5393.177397] i915 0000:00:02.0: [drm:drm_ioctl] comm="bobide" pid=29641, dev=0xe280, auth=0, I915_GEM_MADVISE
[ 5393.177407] i915 0000:00:02.0: [drm:drm_ioctl] comm="bobide" pid=29641, dev=0xe280, auth=0, DRM_IOCTL_SYNCOBJ_WAIT
[ 5393.177418] i915 0000:00:02.0: [drm:drm_ioctl] comm="bobide" pid=29641, dev=0xe280, auth=0, I915_GEM_MADVISE
[ 5393.177426] i915 0000:00:02.0: [drm:drm_ioctl] comm="bobide" pid=29641, dev=0xe280, auth=0, DRM_IOCTL_SYNCOBJ_CREATE
[ 5393.177483] i915 0000:00:02.0: [drm:drm_ioctl] comm="bobide" pid=29641, dev=0xe280, auth=0, DRM_IOCTL_SYNCOBJ_HANDLE_TO_FD
[ 5393.177908] i915 0000:00:02.0: [drm:drm_ioctl] comm="test_c554_batch" pid=67285, dev=0xe201, auth=0, I915_GEM_EXECBUFFER2_WR
[ 5393.177921] i915 0000:00:02.0: [drm:drm_ioctl] comm="test_c554_batch", pid=67285, ret=-22
[ 5393.178639] i915 0000:00:02.0: [drm:drm_ioctl] comm="test_c554_batch" pid=67285, dev=0xe201, auth=0, DRM_IOCTL_GEM_CLOSE
[ 5393.178939] i915 0000:00:02.0: [drm:drm_ioctl] comm="test_c554_batch" pid=67285, dev=0xe201, auth=0, DRM_IOCTL_GEM_CLOSE
[ 5393.179093] i915 0000:00:02.0: [drm:drm_ioctl] comm="test_c554_batch" pid=67285, dev=0xe201, auth=0, DRM_IOCTL_GEM_CLOSE
[ 5393.179201] i915 0000:00:02.0: [drm:drm_file_free] comm="test_c554_batch", pid=67285, dev=0xe201, open_count=10
[ 5393.189103] i915 0000:00:02.0: [drm:drm_crtc_vblank_helper_get_vblank_timestamp_internal] crtc 0 : v p(0,-51)@ 5393.105267 -> 5393.106018 [e 1 us, 0 rep]
[ 5393.189149] i915 0000:00:02.0: [drm:drm_update_vblank_count] updating vblank count on crtc 0: current=323272, diff=1, hw=324092 hw_last=324091
[ 5393.189159] i915 0000:00:02.0: [drm:vblank_disable_fn] disabling vblank on crtc 0
[ 5393.189168] i915 0000:00:02.0: [drm:drm_crtc_vblank_helper_get_vblank_timestamp_internal] crtc 0 : v p(0,-45)@ 5393.105358 -> 5393.106020 [e 0 us, 0 rep]
[ 5393.189177] i915 0000:00:02.0: [drm:drm_update_vblank_count] updating vblank count on crtc 0: current=323273, diff=0, hw=324092 hw_last=324092
[ 5393.258581] i915 0000:00:02.0: [drm:drm_ioctl] comm="gnome-shell" pid=14875, dev=0xe201, auth=1, I915_GEM_EXECBUFFER2_WR
[ 5393.258872] i915 0000:00:02.0: [drm:drm_ioctl] comm="gnome-shell" pid=14875, dev=0xe201, auth=1, I915_GEM_MADVISE
[ 5393.258894] i915 0000:00:02.0: [drm:drm_ioctl] comm="gnome-shell" pid=14875, dev=0xe201, auth=1, DRM_IOCTL_SYNCOBJ_WAIT
[ 5393.258910] i915 0000:00:02.0: [drm:drm_ioctl] comm="gnome-shell" pid=14875, dev=0xe201, auth=1, I915_GEM_MADVISE
[ 5393.258921] i915 0000:00:02.0: [drm:drm_ioctl] comm="gnome-shell" pid=14875, dev=0xe201, auth=1, DRM_IOCTL_SYNCOBJ_CREATE
[ 5393.258974] i915 0000:00:02.0: [drm:drm_ioctl] comm="gnome-shell" pid=14875, dev=0xe201, auth=1, I915_REG_READ
[ 5393.259108] i915 0000:00:02.0: [drm:drm_ioctl] comm="gnome-shell" pid=14875, dev=0xe201, auth=1, I915_GEM_EXECBUFFER2_WR
[ 5393.259143] i915 0000:00:02.0: [drm:drm_ioctl] comm="gnome-shell" pid=14875, dev=0xe201, auth=1, I915_GEM_MADVISE
[ 5393.259152] i915 0000:00:02.0: [drm:drm_ioctl] comm="gnome-shell" pid=14875, dev=0xe201, auth=1, DRM_IOCTL_SYNCOBJ_WAIT
[ 5393.259160] i915 0000:00:02.0: [drm:drm_ioctl] comm="gnome-shell" pid=14875, dev=0xe201, auth=1, DRM_IOCTL_SYNCOBJ_DESTROY
[ 5393.259168] i915 0000:00:02.0: [drm:drm_ioctl] comm="gnome-shell" pid=14875, dev=0xe201, auth=1, I915_GEM_MADVISE
[ 5393.259176] i915 0000:00:02.0: [drm:drm_ioctl] comm="gnome-shell" pid=14875, dev=0xe201, auth=1, DRM_IOCTL_SYNCOBJ_CREATE
[ 5393.259257] i915 0000:00:02.0: [drm:drm_ioctl] comm="gnome-shell" pid=14875, dev=0xe201, auth=1, I915_GEM_SET_TILING
[ 5393.259276] i915 0000:00:02.0: [drm:drm_ioctl] comm="gnome-shell" pid=14875, dev=0xe201, auth=1, I915_GEM_SET_TILING
[ 5393.259292] i915 0000:00:02.0: [drm:drm_ioctl] comm="gnome-shell" pid=14875, dev=0xe201, auth=1, DRM_IOCTL_MODE_ADDFB2
[ 5393.259331] i915 0000:00:02.0: [drm:drm_mode_addfb2] [FB:136]
[ 5393.260000] i915 0000:00:02.0: [drm:drm_ioctl] comm="gnome-shell" pid=14875, dev=0xe201, auth=1, DRM_IOCTL_MODE_CLOSEFB
[ 5393.260019] [drm:drm_mode_object_put.part.0] OBJ ID: 139 (2)
[ 5393.260036] [drm:drm_mode_object_put.part.0] OBJ ID: 139 (1)
[ 5393.260207] i915 0000:00:02.0: [drm:drm_ioctl] comm="KMS thread" pid=14945, dev=0xe201, auth=1, DRM_IOCTL_MODE_ATOMIC
[ 5393.260231] i915 0000:00:02.0: [drm:drm_atomic_state_init] Allocated atomic state 000000008af84128
[ 5393.260266] [drm:drm_mode_object_get] OBJ ID: 133 (3)
[ 5393.260275] [drm:drm_mode_object_get] OBJ ID: 133 (4)
[ 5393.260280] i915 0000:00:02.0: [drm:drm_atomic_get_plane_state] Added [PLANE:33:plane 1A] 000000005e7de6f0 state to 000000008af84128
[ 5393.260305] [drm:drm_mode_object_get] OBJ ID: 135 (1)
[ 5393.260311] [drm:drm_mode_object_get] OBJ ID: 137 (3)
[ 5393.260315] [drm:drm_mode_object_get] OBJ ID: 137 (4)
[ 5393.260319] [drm:drm_mode_object_get] OBJ ID: 137 (5)
[ 5393.260324] i915 0000:00:02.0: [drm:drm_atomic_get_crtc_state] Added [CRTC:56:pipe A] 000000000ff0d236 state to 000000008af84128
[ 5393.260341] i915 0000:00:02.0: [drm:drm_atomic_set_fb_for_plane] Set [FB:136] for [PLANE:33:plane 1A] state 000000005e7de6f0
[ 5393.260348] [drm:drm_mode_object_get] OBJ ID: 136 (3)
[ 5393.260353] [drm:drm_mode_object_put.part.0] OBJ ID: 133 (5)
[ 5393.260358] [drm:drm_mode_object_put.part.0] OBJ ID: 136 (4)
[ 5393.260363] [drm:drm_mode_object_put.part.0] OBJ ID: 136 (3)
[ 5393.260375] i915 0000:00:02.0: [drm:drm_atomic_check_only] checking 000000008af84128
[ 5393.260413] [drm:drm_mode_object_put.part.0] OBJ ID: 133 (4)
[ 5393.260419] [drm:drm_mode_object_get] OBJ ID: 136 (2)
[ 5393.260452] i915 0000:00:02.0: [drm:intel_plane_atomic_calc_changes [i915]] [CRTC:56:pipe A] with [PLANE:33:plane 1A] visible 1 -> 1, off 0, on 0, ms 0
[ 5393.263025] i915 0000:00:02.0: [drm:drm_ioctl] comm="gnome-shell" pid=14875, dev=0xe201, auth=1, DRM_IOCTL_SYNCOBJ_WAIT
[ 5393.263049] i915 0000:00:02.0: [drm:drm_ioctl] comm="gnome-shell" pid=14875, dev=0xe201, auth=1, DRM_IOCTL_SYNCOBJ_WAIT
[ 5393.263059] i915 0000:00:02.0: [drm:drm_ioctl] comm="gnome-shell" pid=14875, dev=0xe201, auth=1, DRM_IOCTL_SYNCOBJ_WAIT
[ 5393.263068] i915 0000:00:02.0: [drm:drm_ioctl] comm="gnome-shell" pid=14875, dev=0xe201, auth=1, DRM_IOCTL_SYNCOBJ_WAIT
[ 5393.263075] i915 0000:00:02.0: [drm:drm_ioctl] comm="gnome-shell" pid=14875, dev=0xe201, auth=1, DRM_IOCTL_SYNCOBJ_WAIT
[ 5393.263084] i915 0000:00:02.0: [drm:drm_ioctl] comm="gnome-shell" pid=14875, dev=0xe201, auth=1, DRM_IOCTL_SYNCOBJ_WAIT
[ 5393.262556] i915 0000:00:02.0: [drm:intel_atomic_get_global_obj_state [i915]] Added new global object 00000000bc0392d3 state 0000000075aaae81 to 000000008af84128
[ 5393.263633] i915 0000:00:02.0: [drm:drm_atomic_nonblocking_commit] committing 000000008af84128 nonblocking
[ 5393.263636] i915 0000:00:02.0: [drm:drm_ioctl] comm="gnome-shell" pid=14875, dev=0xe201, auth=1, I915_GEM_EXECBUFFER2_WR
[ 5393.263716] i915 0000:00:02.0: [drm:drm_crtc_vblank_helper_get_vblank_timestamp_internal] crtc 0 : v p(0,491)@ 5393.179901 -> 5393.172673 [e 0 us, 0 rep]
[ 5393.263740] i915 0000:00:02.0: [drm:drm_vblank_restore] missed 4 vblanks in 66654985 ns, frame duration=16664485 ns, hw_diff=4
[ 5393.263750] i915 0000:00:02.0: [drm:drm_vblank_enable] enabling vblank on crtc 0, ret: 0
[ 5393.263759] i915 0000:00:02.0: [drm:drm_crtc_vblank_helper_get_vblank_timestamp_internal] crtc 0 : v p(0,494)@ 5393.179946 -> 5393.172674 [e 0 us, 0 rep]
[ 5393.263773] i915 0000:00:02.0: [drm:drm_update_vblank_count] updating vblank count on crtc 0: current=323273, diff=4, hw=324096 hw_last=324092
[ 5393.263778] i915 0000:00:02.0: [drm:drm_ioctl] comm="gnome-shell" pid=14875, dev=0xe201, auth=1, I915_GEM_MADVISE
[ 5393.263793] i915 0000:00:02.0: [drm:drm_ioctl] comm="gnome-shell" pid=14875, dev=0xe201, auth=1, DRM_IOCTL_SYNCOBJ_WAIT
[ 5393.263797] i915 0000:00:02.0: [drm:drm_crtc_vblank_helper_get_vblank_timestamp_internal] crtc 0 : v p(0,496)@ 5393.179984 -> 5393.172682 [e 0 us, 0 rep]
[ 5393.263804] i915 0000:00:02.0: [drm:drm_ioctl] comm="gnome-shell" pid=14875, dev=0xe201, auth=1, I915_GEM_MADVISE
[ 5393.263812] i915 0000:00:02.0: [drm:drm_update_vblank_count] updating vblank count on crtc 0: current=323277, diff=0, hw=324096 hw_last=324096
[ 5393.263826] i915 0000:00:02.0: [drm:drm_ioctl] comm="gnome-shell" pid=14875, dev=0xe201, auth=1, DRM_IOCTL_SYNCOBJ_CREATE
[ 5393.265974] i915 0000:00:02.0: [drm:drm_ioctl] comm="gnome-shell" pid=14875, dev=0xe201, auth=1, I915_REG_READ
[ 5393.266040] i915 0000:00:02.0: [drm:drm_ioctl] comm="gnome-shell" pid=14875, dev=0xe201, auth=1, I915_GEM_EXECBUFFER2_WR
[ 5393.266092] i915 0000:00:02.0: [drm:drm_ioctl] comm="gnome-shell" pid=14875, dev=0xe201, auth=1, I915_GEM_MADVISE
[ 5393.266104] i915 0000:00:02.0: [drm:drm_ioctl] comm="gnome-shell" pid=14875, dev=0xe201, auth=1, DRM_IOCTL_SYNCOBJ_WAIT
[ 5393.266115] i915 0000:00:02.0: [drm:drm_ioctl] comm="gnome-shell" pid=14875, dev=0xe201, auth=1, DRM_IOCTL_SYNCOBJ_DESTROY
[ 5393.266123] i915 0000:00:02.0: [drm:drm_ioctl] comm="gnome-shell" pid=14875, dev=0xe201, auth=1, I915_GEM_MADVISE
[ 5393.266131] i915 0000:00:02.0: [drm:drm_ioctl] comm="gnome-shell" pid=14875, dev=0xe201, auth=1, DRM_IOCTL_SYNCOBJ_CREATE
[ 5393.266196] i915 0000:00:02.0: [drm:drm_ioctl] comm="gnome-shell" pid=14875, dev=0xe201, auth=1, I915_GEM_SET_TILING
[ 5393.266212] i915 0000:00:02.0: [drm:drm_ioctl] comm="gnome-shell" pid=14875, dev=0xe201, auth=1, I915_GEM_SET_TILING
[ 5393.266226] i915 0000:00:02.0: [drm:drm_ioctl] comm="gnome-shell" pid=14875, dev=0xe201, auth=1, DRM_IOCTL_MODE_ADDFB2
[ 5393.266255] i915 0000:00:02.0: [drm:drm_mode_addfb2] [FB:139]
[ 5393.266659] i915 0000:00:02.0: [drm:drm_ioctl] comm="gnome-shell" pid=14875, dev=0xe201, auth=1, DRM_IOCTL_SYNCOBJ_CREATE
[ 5393.266672] i915 0000:00:02.0: [drm:drm_ioctl] comm="gnome-shell" pid=14875, dev=0xe201, auth=1, DRM_IOCTL_SYNCOBJ_HANDLE_TO_FD
[ 5393.266690] i915 0000:00:02.0: [drm:drm_ioctl] comm="gnome-shell" pid=14875, dev=0xe201, auth=1, DRM_IOCTL_SYNCOBJ_DESTROY
[ 5393.269915] i915 0000:00:02.0: [drm:drm_ioctl] comm="bobide" pid=29641, dev=0xe280, auth=0, I915_GET_RESET_STATS
[ 5393.269938] i915 0000:00:02.0: [drm:drm_ioctl] comm="bobide" pid=29641, dev=0xe280, auth=0, I915_GET_RESET_STATS
[ 5393.270591] i915 0000:00:02.0: [drm:drm_ioctl] comm="bobide" pid=29641, dev=0xe280, auth=0, I915_GEM_EXECBUFFER2_WR
[ 5393.270729] i915 0000:00:02.0: [drm:drm_ioctl] comm="bobide" pid=29641, dev=0xe280, auth=0, DRM_IOCTL_SYNCOBJ_DESTROY
[ 5393.270743] i915 0000:00:02.0: [drm:drm_ioctl] comm="bobide" pid=29641, dev=0xe280, auth=0, I915_GEM_MADVISE
[ 5393.270754] i915 0000:00:02.0: [drm:drm_ioctl] comm="bobide" pid=29641, dev=0xe280, auth=0, DRM_IOCTL_SYNCOBJ_WAIT
[ 5393.270767] i915 0000:00:02.0: [drm:drm_ioctl] comm="bobide" pid=29641, dev=0xe280, auth=0, I915_GEM_MADVISE
[ 5393.270775] i915 0000:00:02.0: [drm:drm_ioctl] comm="bobide" pid=29641, dev=0xe280, auth=0, DRM_IOCTL_SYNCOBJ_CREATE
[ 5393.270808] i915 0000:00:02.0: [drm:drm_ioctl] comm="bobide" pid=29641, dev=0xe280, auth=0, DRM_IOCTL_SYNCOBJ_HANDLE_TO_FD
[ 5393.272394] i915 0000:00:02.0: [drm:drm_crtc_vblank_helper_get_vblank_timestamp_internal] crtc 0 : v p(0,-52)@ 5393.188578 -> 5393.189344 [e 0 us, 0 rep]
[ 5393.272445] i915 0000:00:02.0: [drm:drm_update_vblank_count] updating vblank count on crtc 0: current=323277, diff=1, hw=324097 hw_last=324096
[ 5393.272455] i915 0000:00:02.0: [drm:drm_handle_vblank_events] vblank event on 323278, current 323278
[ 5393.272507] i915 0000:00:02.0: [drm:drm_atomic_state_default_clear] Clearing atomic state 000000008af84128
[ 5393.272523] [drm:drm_mode_object_put.part.0] OBJ ID: 135 (2)
[ 5393.272535] [drm:drm_mode_object_put.part.0] OBJ ID: 137 (6)
[ 5393.272540] [drm:drm_mode_object_put.part.0] OBJ ID: 137 (5)
[ 5393.272545] [drm:drm_mode_object_put.part.0] OBJ ID: 137 (4)
[ 5393.272552] [drm:drm_mode_object_put.part.0] OBJ ID: 133 (3)
[ 5393.272557] [drm:drm_mode_object_put.part.0] OBJ ID: 133 (2)
[ 5393.272565] i915 0000:00:02.0: [drm:__drm_atomic_state_free] Freeing atomic state 000000008af84128
[ 5393.272645] i915 0000:00:02.0: [drm:drm_ioctl] comm="gnome-shell" pid=14875, dev=0xe201, auth=1, DRM_IOCTL_MODE_CLOSEFB
[ 5393.272659] [drm:drm_mode_object_put.part.0] OBJ ID: 133 (2)
[ 5393.272668] [drm:drm_mode_object_put.part.0] OBJ ID: 133 (1)
[ 5393.272745] i915 0000:00:02.0: [drm:drm_ioctl] comm="KMS thread" pid=14945, dev=0xe201, auth=1, DRM_IOCTL_MODE_ATOMIC
[ 5393.272759] i915 0000:00:02.0: [drm:drm_atomic_state_init] Allocated atomic state 00000000799d00f0
[ 5393.272772] [drm:drm_mode_object_get] OBJ ID: 136 (3)
[ 5393.272779] [drm:drm_mode_object_get] OBJ ID: 136 (4)
[ 5393.272784] i915 0000:00:02.0: [drm:drm_atomic_get_plane_state] Added [PLANE:33:plane 1A] 0000000076f2f7bd state to 00000000799d00f0
[ 5393.272796] [drm:drm_mode_object_get] OBJ ID: 135 (1)
[ 5393.272802] [drm:drm_mode_object_get] OBJ ID: 137 (3)
[ 5393.272807] [drm:drm_mode_object_get] OBJ ID: 137 (4)
[ 5393.272811] [drm:drm_mode_object_get] OBJ ID: 137 (5)
[ 5393.272831] i915 0000:00:02.0: [drm:drm_atomic_get_crtc_state] Added [CRTC:56:pipe A] 000000007e387835 state to 00000000799d00f0
[ 5393.272842] i915 0000:00:02.0: [drm:drm_atomic_set_fb_for_plane] Set [FB:139] for [PLANE:33:plane 1A] state 0000000076f2f7bd
[ 5393.272849] [drm:drm_mode_object_get] OBJ ID: 139 (3)
[ 5393.272854] [drm:drm_mode_object_put.part.0] OBJ ID: 136 (5)
[ 5393.272860] [drm:drm_mode_object_put.part.0] OBJ ID: 139 (4)
[ 5393.272865] [drm:drm_mode_object_put.part.0] OBJ ID: 139 (3)
[ 5393.272873] i915 0000:00:02.0: [drm:drm_atomic_check_only] checking 00000000799d00f0
[ 5393.272891] [drm:drm_mode_object_put.part.0] OBJ ID: 136 (4)
[ 5393.272897] [drm:drm_mode_object_get] OBJ ID: 139 (2)
[ 5393.272915] i915 0000:00:02.0: [drm:intel_plane_atomic_calc_changes [i915]] [CRTC:56:pipe A] with [PLANE:33:plane 1A] visible 1 -> 1, off 0, on 0, ms 0
[ 5393.274588] i915 0000:00:02.0: [drm:intel_atomic_get_global_obj_state [i915]] Added new global object 00000000bc0392d3 state 00000000627c4141 to 00000000799d00f0
[ 5393.275408] i915 0000:00:02.0: [drm:drm_ioctl] comm="gnome-shell" pid=14875, dev=0xe201, auth=1, DRM_IOCTL_SYNCOBJ_WAIT
[ 5393.275429] i915 0000:00:02.0: [drm:drm_ioctl] comm="gnome-shell" pid=14875, dev=0xe201, auth=1, DRM_IOCTL_SYNCOBJ_DESTROY
[ 5393.275447] i915 0000:00:02.0: [drm:drm_ioctl] comm="gnome-shell" pid=14875, dev=0xe201, auth=1, DRM_IOCTL_SYNCOBJ_WAIT
[ 5393.275456] i915 0000:00:02.0: [drm:drm_ioctl] comm="gnome-shell" pid=14875, dev=0xe201, auth=1, DRM_IOCTL_SYNCOBJ_WAIT
[ 5393.275464] i915 0000:00:02.0: [drm:drm_ioctl] comm="gnome-shell" pid=14875, dev=0xe201, auth=1, DRM_IOCTL_SYNCOBJ_WAIT
[ 5393.275471] i915 0000:00:02.0: [drm:drm_ioctl] comm="gnome-shell" pid=14875, dev=0xe201, auth=1, DRM_IOCTL_SYNCOBJ_DESTROY
[ 5393.275480] i915 0000:00:02.0: [drm:drm_ioctl] comm="gnome-shell" pid=14875, dev=0xe201, auth=1, DRM_IOCTL_SYNCOBJ_WAIT
[ 5393.275489] i915 0000:00:02.0: [drm:drm_ioctl] comm="gnome-shell" pid=14875, dev=0xe201, auth=1, DRM_IOCTL_SYNCOBJ_WAIT
[ 5393.275497] i915 0000:00:02.0: [drm:drm_ioctl] comm="gnome-shell" pid=14875, dev=0xe201, auth=1, DRM_IOCTL_SYNCOBJ_WAIT
[ 5393.275504] i915 0000:00:02.0: [drm:drm_ioctl] comm="gnome-shell" pid=14875, dev=0xe201, auth=1, DRM_IOCTL_SYNCOBJ_DESTROY
[ 5393.275514] i915 0000:00:02.0: [drm:drm_ioctl] comm="gnome-shell" pid=14875, dev=0xe201, auth=1, DRM_IOCTL_SYNCOBJ_WAIT
[ 5393.275522] i915 0000:00:02.0: [drm:drm_ioctl] comm="gnome-shell" pid=14875, dev=0xe201, auth=1, DRM_IOCTL_SYNCOBJ_WAIT
[ 5393.275530] i915 0000:00:02.0: [drm:drm_ioctl] comm="gnome-shell" pid=14875, dev=0xe201, auth=1, DRM_IOCTL_SYNCOBJ_WAIT
[ 5393.275538] i915 0000:00:02.0: [drm:drm_ioctl] comm="gnome-shell" pid=14875, dev=0xe201, auth=1, DRM_IOCTL_SYNCOBJ_DESTROY
[ 5393.275548] i915 0000:00:02.0: [drm:drm_ioctl] comm="gnome-shell" pid=14875, dev=0xe201, auth=1, DRM_IOCTL_SYNCOBJ_WAIT
[ 5393.275555] i915 0000:00:02.0: [drm:drm_ioctl] comm="gnome-shell" pid=14875, dev=0xe201, auth=1, DRM_IOCTL_SYNCOBJ_WAIT
[ 5393.275563] i915 0000:00:02.0: [drm:drm_ioctl] comm="gnome-shell" pid=14875, dev=0xe201, auth=1, DRM_IOCTL_SYNCOBJ_WAIT
[ 5393.275571] i915 0000:00:02.0: [drm:drm_ioctl] comm="gnome-shell" pid=14875, dev=0xe201, auth=1, DRM_IOCTL_SYNCOBJ_DESTROY
[ 5393.275583] i915 0000:00:02.0: [drm:drm_ioctl] comm="gnome-shell" pid=14875, dev=0xe201, auth=1, DRM_IOCTL_SYNCOBJ_WAIT
[ 5393.275591] i915 0000:00:02.0: [drm:drm_ioctl] comm="gnome-shell" pid=14875, dev=0xe201, auth=1, DRM_IOCTL_SYNCOBJ_WAIT
[ 5393.275599] i915 0000:00:02.0: [drm:drm_ioctl] comm="gnome-shell" pid=14875, dev=0xe201, auth=1, DRM_IOCTL_SYNCOBJ_WAIT
[ 5393.275606] i915 0000:00:02.0: [drm:drm_ioctl] comm="gnome-shell" pid=14875, dev=0xe201, auth=1, DRM_IOCTL_SYNCOBJ_DESTROY
[ 5393.275617] i915 0000:00:02.0: [drm:drm_ioctl] comm="gnome-shell" pid=14875, dev=0xe201, auth=1, DRM_IOCTL_SYNCOBJ_WAIT
[ 5393.275624] i915 0000:00:02.0: [drm:drm_ioctl] comm="gnome-shell" pid=14875, dev=0xe201, auth=1, DRM_IOCTL_SYNCOBJ_WAIT
[ 5393.275632] i915 0000:00:02.0: [drm:drm_ioctl] comm="gnome-shell" pid=14875, dev=0xe201, auth=1, DRM_IOCTL_SYNCOBJ_WAIT
[ 5393.275640] i915 0000:00:02.0: [drm:drm_ioctl] comm="gnome-shell" pid=14875, dev=0xe201, auth=1, DRM_IOCTL_SYNCOBJ_DESTROY
[ 5393.275651] i915 0000:00:02.0: [drm:drm_ioctl] comm="gnome-shell" pid=14875, dev=0xe201, auth=1, DRM_IOCTL_SYNCOBJ_WAIT
[ 5393.275660] i915 0000:00:02.0: [drm:drm_ioctl] comm="gnome-shell" pid=14875, dev=0xe201, auth=1, DRM_IOCTL_SYNCOBJ_WAIT
[ 5393.275668] i915 0000:00:02.0: [drm:drm_ioctl] comm="gnome-shell" pid=14875, dev=0xe201, auth=1, DRM_IOCTL_SYNCOBJ_WAIT
[ 5393.275676] i915 0000:00:02.0: [drm:drm_ioctl] comm="gnome-shell" pid=14875, dev=0xe201, auth=1, DRM_IOCTL_SYNCOBJ_WAIT
[ 5393.275683] i915 0000:00:02.0: [drm:drm_ioctl] comm="gnome-shell" pid=14875, dev=0xe201, auth=1, DRM_IOCTL_SYNCOBJ_WAIT
[ 5393.275858] i915 0000:00:02.0: [drm:drm_atomic_nonblocking_commit] committing 00000000799d00f0 nonblocking
[ 5393.275940] i915 0000:00:02.0: [drm:drm_crtc_vblank_helper_get_vblank_timestamp_internal] crtc 0 : v p(0,189)@ 5393.192125 -> 5393.189342 [e 0 us, 0 rep]
[ 5393.275963] i915 0000:00:02.0: [drm:drm_update_vblank_count] updating vblank count on crtc 0: current=323278, diff=0, hw=324097 hw_last=324097
[ 5393.276420] i915 0000:00:02.0: [drm:drm_ioctl] comm="gnome-shell" pid=14875, dev=0xe201, auth=1, I915_GEM_EXECBUFFER2_WR
[ 5393.276605] i915 0000:00:02.0: [drm:drm_ioctl] comm="gnome-shell" pid=14875, dev=0xe201, auth=1, I915_GEM_MADVISE
[ 5393.276618] i915 0000:00:02.0: [drm:drm_ioctl] comm="gnome-shell" pid=14875, dev=0xe201, auth=1, DRM_IOCTL_SYNCOBJ_WAIT
[ 5393.276629] i915 0000:00:02.0: [drm:drm_ioctl] comm="gnome-shell" pid=14875, dev=0xe201, auth=1, I915_GEM_MADVISE
[ 5393.276639] i915 0000:00:02.0: [drm:drm_ioctl] comm="gnome-shell" pid=14875, dev=0xe201, auth=1, DRM_IOCTL_SYNCOBJ_CREATE
[ 5393.276664] i915 0000:00:02.0: [drm:drm_ioctl] comm="gnome-shell" pid=14875, dev=0xe201, auth=1, I915_REG_READ
[ 5393.276739] i915 0000:00:02.0: [drm:drm_ioctl] comm="gnome-shell" pid=14875, dev=0xe201, auth=1, I915_GEM_EXECBUFFER2_WR
[ 5393.276769] i915 0000:00:02.0: [drm:drm_ioctl] comm="gnome-shell" pid=14875, dev=0xe201, auth=1, I915_GEM_MADVISE
[ 5393.276778] i915 0000:00:02.0: [drm:drm_ioctl] comm="gnome-shell" pid=14875, dev=0xe201, auth=1, DRM_IOCTL_SYNCOBJ_WAIT
[ 5393.276785] i915 0000:00:02.0: [drm:drm_ioctl] comm="gnome-shell" pid=14875, dev=0xe201, auth=1, DRM_IOCTL_SYNCOBJ_DESTROY
[ 5393.276793] i915 0000:00:02.0: [drm:drm_ioctl] comm="gnome-shell" pid=14875, dev=0xe201, auth=1, I915_GEM_MADVISE
[ 5393.276801] i915 0000:00:02.0: [drm:drm_ioctl] comm="gnome-shell" pid=14875, dev=0xe201, auth=1, DRM_IOCTL_SYNCOBJ_CREATE
[ 5393.276868] i915 0000:00:02.0: [drm:drm_ioctl] comm="gnome-shell" pid=14875, dev=0xe201, auth=1, I915_GEM_SET_TILING
[ 5393.276885] i915 0000:00:02.0: [drm:drm_ioctl] comm="gnome-shell" pid=14875, dev=0xe201, auth=1, I915_GEM_SET_TILING
[ 5393.276899] i915 0000:00:02.0: [drm:drm_ioctl] comm="gnome-shell" pid=14875, dev=0xe201, auth=1, DRM_IOCTL_MODE_ADDFB2
[ 5393.276925] i915 0000:00:02.0: [drm:drm_mode_addfb2] [FB:133]
[ 5393.278039] i915 0000:00:02.0: [drm:drm_ioctl] comm="gnome-shell" pid=14875, dev=0xe201, auth=1, DRM_IOCTL_SYNCOBJ_HANDLE_TO_FD
[ 5393.284097] i915 0000:00:02.0: [drm:drm_ioctl] comm="bobide" pid=29641, dev=0xe280, auth=0, I915_GET_RESET_STATS
[ 5393.284118] i915 0000:00:02.0: [drm:drm_ioctl] comm="bobide" pid=29641, dev=0xe280, auth=0, I915_GET_RESET_STATS
[ 5393.284489] i915 0000:00:02.0: [drm:drm_ioctl] comm="bobide" pid=29641, dev=0xe280, auth=0, DRM_IOCTL_SYNCOBJ_WAIT
[ 5393.284508] i915 0000:00:02.0: [drm:drm_ioctl] comm="bobide" pid=29641, dev=0xe280, auth=0, DRM_IOCTL_SYNCOBJ_WAIT
[ 5393.284516] i915 0000:00:02.0: [drm:drm_ioctl] comm="bobide" pid=29641, dev=0xe280, auth=0, DRM_IOCTL_SYNCOBJ_WAIT
[ 5393.284524] i915 0000:00:02.0: [drm:drm_ioctl] comm="bobide" pid=29641, dev=0xe280, auth=0, DRM_IOCTL_SYNCOBJ_WAIT
[ 5393.284843] i915 0000:00:02.0: [drm:drm_ioctl] comm="bobide" pid=29641, dev=0xe280, auth=0, I915_GEM_EXECBUFFER2_WR
[ 5393.285017] i915 0000:00:02.0: [drm:drm_ioctl] comm="bobide" pid=29641, dev=0xe280, auth=0, I915_GEM_MADVISE
[ 5393.285029] i915 0000:00:02.0: [drm:drm_ioctl] comm="bobide" pid=29641, dev=0xe280, auth=0, DRM_IOCTL_SYNCOBJ_WAIT
[ 5393.285039] i915 0000:00:02.0: [drm:drm_ioctl] comm="bobide" pid=29641, dev=0xe280, auth=0, I915_GEM_MADVISE
[ 5393.285047] i915 0000:00:02.0: [drm:drm_ioctl] comm="bobide" pid=29641, dev=0xe280, auth=0, DRM_IOCTL_SYNCOBJ_CREATE
[ 5393.285088] i915 0000:00:02.0: [drm:drm_ioctl] comm="bobide" pid=29641, dev=0xe280, auth=0, DRM_IOCTL_SYNCOBJ_HANDLE_TO_FD
[ 5393.289099] i915 0000:00:02.0: [drm:drm_crtc_vblank_helper_get_vblank_timestamp_internal] crtc 0 : v p(0,-52)@ 5393.205246 -> 5393.206011 [e 0 us, 0 rep]
[ 5393.289141] i915 0000:00:02.0: [drm:drm_update_vblank_count] updating vblank count on crtc 0: current=323278, diff=1, hw=324098 hw_last=324097
[ 5393.289153] i915 0000:00:02.0: [drm:drm_handle_vblank_events] vblank event on 323279, current 323279
[ 5393.289257] i915 0000:00:02.0: [drm:drm_atomic_state_default_clear] Clearing atomic state 00000000799d00f0
[ 5393.289272] [drm:drm_mode_object_put.part.0] OBJ ID: 135 (2)
[ 5393.289284] [drm:drm_mode_object_put.part.0] OBJ ID: 137 (6)
[ 5393.289289] [drm:drm_mode_object_put.part.0] OBJ ID: 137 (5)
[ 5393.289294] [drm:drm_mode_object_put.part.0] OBJ ID: 137 (4)
[ 5393.289300] [drm:drm_mode_object_put.part.0] OBJ ID: 136 (3)
[ 5393.289306] [drm:drm_mode_object_put.part.0] OBJ ID: 136 (2)
[ 5393.289315] i915 0000:00:02.0: [drm:__drm_atomic_state_free] Freeing atomic state 00000000799d00f0
[ 5393.290244] i915 0000:00:02.0: [drm:drm_ioctl] comm="gnome-shell" pid=14875, dev=0xe201, auth=1, DRM_IOCTL_MODE_CLOSEFB
[ 5393.290264] [drm:drm_mode_object_put.part.0] OBJ ID: 136 (2)
[ 5393.290274] [drm:drm_mode_object_put.part.0] OBJ ID: 136 (1)
[ 5393.290362] i915 0000:00:02.0: [drm:drm_ioctl] comm="KMS thread" pid=14945, dev=0xe201, auth=1, DRM_IOCTL_MODE_ATOMIC
[ 5393.290379] i915 0000:00:02.0: [drm:drm_atomic_state_init] Allocated atomic state 00000000b5bfad29
[ 5393.290395] [drm:drm_mode_object_get] OBJ ID: 139 (3)
[ 5393.290402] [drm:drm_mode_object_get] OBJ ID: 139 (4)
[ 5393.290407] i915 0000:00:02.0: [drm:drm_atomic_get_plane_state] Added [PLANE:33:plane 1A] 0000000042844a28 state to 00000000b5bfad29
[ 5393.290421] [drm:drm_mode_object_get] OBJ ID: 135 (1)
[ 5393.290426] [drm:drm_mode_object_get] OBJ ID: 137 (3)
[ 5393.290430] [drm:drm_mode_object_get] OBJ ID: 137 (4)
[ 5393.290434] [drm:drm_mode_object_get] OBJ ID: 137 (5)
[ 5393.290439] i915 0000:00:02.0: [drm:drm_atomic_get_crtc_state] Added [CRTC:56:pipe A] 000000003fc0ba5b state to 00000000b5bfad29
[ 5393.290451] i915 0000:00:02.0: [drm:drm_atomic_set_fb_for_plane] Set [FB:133] for [PLANE:33:plane 1A] state 0000000042844a28
[ 5393.290458] [drm:drm_mode_object_get] OBJ ID: 133 (3)
[ 5393.290462] [drm:drm_mode_object_put.part.0] OBJ ID: 139 (5)
[ 5393.290467] [drm:drm_mode_object_put.part.0] OBJ ID: 133 (4)
[ 5393.290471] [drm:drm_mode_object_put.part.0] OBJ ID: 133 (3)
[ 5393.290480] i915 0000:00:02.0: [drm:drm_atomic_check_only] checking 00000000b5bfad29
[ 5393.290504] [drm:drm_mode_object_put.part.0] OBJ ID: 139 (4)
[ 5393.290509] [drm:drm_mode_object_get] OBJ ID: 133 (2)
[ 5393.290529] i915 0000:00:02.0: [drm:intel_plane_atomic_calc_changes [i915]] [CRTC:56:pipe A] with [PLANE:33:plane 1A] visible 1 -> 1, off 0, on 0, ms 0
[ 5393.292504] i915 0000:00:02.0: [drm:intel_atomic_get_global_obj_state [i915]] Added new global object 00000000bc0392d3 state 00000000cb5b1c13 to 00000000b5bfad29
[ 5393.293754] i915 0000:00:02.0: [drm:drm_ioctl] comm="gnome-shell" pid=14875, dev=0xe201, auth=1, DRM_IOCTL_SYNCOBJ_WAIT
[ 5393.293782] i915 0000:00:02.0: [drm:drm_ioctl] comm="gnome-shell" pid=14875, dev=0xe201, auth=1, DRM_IOCTL_SYNCOBJ_WAIT
[ 5393.293792] i915 0000:00:02.0: [drm:drm_ioctl] comm="gnome-shell" pid=14875, dev=0xe201, auth=1, DRM_IOCTL_SYNCOBJ_WAIT
[ 5393.294022] i915 0000:00:02.0: [drm:drm_atomic_nonblocking_commit] committing 00000000b5bfad29 nonblocking
[ 5393.294135] i915 0000:00:02.0: [drm:drm_crtc_vblank_helper_get_vblank_timestamp_internal] crtc 0 : v p(0,293)@ 5393.210320 -> 5393.206006 [e 0 us, 0 rep]
[ 5393.294158] i915 0000:00:02.0: [drm:drm_update_vblank_count] updating vblank count on crtc 0: current=323279, diff=0, hw=324098 hw_last=324098
[ 5393.294799] i915 0000:00:02.0: [drm:drm_ioctl] comm="gnome-shell" pid=14875, dev=0xe201, auth=1, I915_GEM_EXECBUFFER2_WR
[ 5393.295045] i915 0000:00:02.0: [drm:drm_ioctl] comm="gnome-shell" pid=14875, dev=0xe201, auth=1, DRM_IOCTL_SYNCOBJ_DESTROY
[ 5393.295066] i915 0000:00:02.0: [drm:drm_ioctl] comm="gnome-shell" pid=14875, dev=0xe201, auth=1, I915_GEM_MADVISE
[ 5393.295079] i915 0000:00:02.0: [drm:drm_ioctl] comm="gnome-shell" pid=14875, dev=0xe201, auth=1, DRM_IOCTL_SYNCOBJ_WAIT
[ 5393.295091] i915 0000:00:02.0: [drm:drm_ioctl] comm="gnome-shell" pid=14875, dev=0xe201, auth=1, I915_GEM_MADVISE
[ 5393.295100] i915 0000:00:02.0: [drm:drm_ioctl] comm="gnome-shell" pid=14875, dev=0xe201, auth=1, DRM_IOCTL_SYNCOBJ_CREATE
[ 5393.295124] i915 0000:00:02.0: [drm:drm_ioctl] comm="gnome-shell" pid=14875, dev=0xe201, auth=1, I915_REG_READ
[ 5393.295227] i915 0000:00:02.0: [drm:drm_ioctl] comm="gnome-shell" pid=14875, dev=0xe201, auth=1, I915_GEM_EXECBUFFER2_WR
[ 5393.295257] i915 0000:00:02.0: [drm:drm_ioctl] comm="gnome-shell" pid=14875, dev=0xe201, auth=1, I915_GEM_MADVISE
[ 5393.295267] i915 0000:00:02.0: [drm:drm_ioctl] comm="gnome-shell" pid=14875, dev=0xe201, auth=1, DRM_IOCTL_SYNCOBJ_WAIT
[ 5393.295276] i915 0000:00:02.0: [drm:drm_ioctl] comm="gnome-shell" pid=14875, dev=0xe201, auth=1, DRM_IOCTL_SYNCOBJ_DESTROY
[ 5393.295283] i915 0000:00:02.0: [drm:drm_ioctl] comm="gnome-shell" pid=14875, dev=0xe201, auth=1, I915_GEM_MADVISE
[ 5393.295291] i915 0000:00:02.0: [drm:drm_ioctl] comm="gnome-shell" pid=14875, dev=0xe201, auth=1, DRM_IOCTL_SYNCOBJ_CREATE
[ 5393.295338] i915 0000:00:02.0: [drm:drm_ioctl] comm="gnome-shell" pid=14875, dev=0xe201, auth=1, I915_GEM_SET_TILING
[ 5393.295355] i915 0000:00:02.0: [drm:drm_ioctl] comm="gnome-shell" pid=14875, dev=0xe201, auth=1, I915_GEM_SET_TILING
[ 5393.295369] i915 0000:00:02.0: [drm:drm_ioctl] comm="gnome-shell" pid=14875, dev=0xe201, auth=1, DRM_IOCTL_MODE_ADDFB2
[ 5393.295398] i915 0000:00:02.0: [drm:drm_mode_addfb2] [FB:136]
[ 5393.296573] i915 0000:00:02.0: [drm:drm_ioctl] comm="gnome-shell" pid=14875, dev=0xe201, auth=1, DRM_IOCTL_SYNCOBJ_HANDLE_TO_FD
[ 5393.297850] i915 0000:00:02.0: [drm:drm_ioctl] comm="bobide" pid=29641, dev=0xe280, auth=0, I915_GET_RESET_STATS
[ 5393.297877] i915 0000:00:02.0: [drm:drm_ioctl] comm="bobide" pid=29641, dev=0xe280, auth=0, I915_GET_RESET_STATS
[ 5393.299589] i915 0000:00:02.0: [drm:drm_ioctl] comm="bobide" pid=29641, dev=0xe280, auth=0, I915_GEM_EXECBUFFER2_WR
[ 5393.299732] i915 0000:00:02.0: [drm:drm_ioctl] comm="bobide" pid=29641, dev=0xe280, auth=0, DRM_IOCTL_SYNCOBJ_DESTROY
[ 5393.299747] i915 0000:00:02.0: [drm:drm_ioctl] comm="bobide" pid=29641, dev=0xe280, auth=0, I915_GEM_MADVISE
[ 5393.299758] i915 0000:00:02.0: [drm:drm_ioctl] comm="bobide" pid=29641, dev=0xe280, auth=0, DRM_IOCTL_SYNCOBJ_WAIT
[ 5393.299771] i915 0000:00:02.0: [drm:drm_ioctl] comm="bobide" pid=29641, dev=0xe280, auth=0, I915_GEM_MADVISE
[ 5393.299780] i915 0000:00:02.0: [drm:drm_ioctl] comm="bobide" pid=29641, dev=0xe280, auth=0, DRM_IOCTL_SYNCOBJ_CREATE
[ 5393.299843] i915 0000:00:02.0: [drm:drm_ioctl] comm="bobide" pid=29641, dev=0xe280, auth=0, DRM_IOCTL_SYNCOBJ_HANDLE_TO_FD
[ 5393.305730] i915 0000:00:02.0: [drm:drm_crtc_vblank_helper_get_vblank_timestamp_internal] crtc 0 : v p(0,-52)@ 5393.221910 -> 5393.222675 [e 0 us, 0 rep]
[ 5393.305792] i915 0000:00:02.0: [drm:drm_update_vblank_count] updating vblank count on crtc 0: current=323279, diff=1, hw=324099 hw_last=324098
[ 5393.305803] i915 0000:00:02.0: [drm:drm_handle_vblank_events] vblank event on 323280, current 323280
[ 5393.305890] i915 0000:00:02.0: [drm:drm_atomic_state_default_clear] Clearing atomic state 00000000b5bfad29
[ 5393.305903] [drm:drm_mode_object_put.part.0] OBJ ID: 135 (2)
[ 5393.305914] [drm:drm_mode_object_put.part.0] OBJ ID: 137 (6)
[ 5393.305920] [drm:drm_mode_object_put.part.0] OBJ ID: 137 (5)
[ 5393.305925] [drm:drm_mode_object_put.part.0] OBJ ID: 137 (4)
[ 5393.305932] [drm:drm_mode_object_put.part.0] OBJ ID: 139 (3)
[ 5393.305938] [drm:drm_mode_object_put.part.0] OBJ ID: 139 (2)
[ 5393.305946] i915 0000:00:02.0: [drm:__drm_atomic_state_free] Freeing atomic state 00000000b5bfad29
[ 5393.306035] i915 0000:00:02.0: [drm:drm_ioctl] comm="gnome-shell" pid=14875, dev=0xe201, auth=1, DRM_IOCTL_MODE_CLOSEFB
[ 5393.306052] [drm:drm_mode_object_put.part.0] OBJ ID: 139 (2)
[ 5393.306060] [drm:drm_mode_object_put.part.0] OBJ ID: 139 (1)
[ 5393.306163] i915 0000:00:02.0: [drm:drm_ioctl] comm="KMS thread" pid=14945, dev=0xe201, auth=1, DRM_IOCTL_MODE_ATOMIC
[ 5393.306177] i915 0000:00:02.0: [drm:drm_atomic_state_init] Allocated atomic state 000000001ceb0875
[ 5393.306190] [drm:drm_mode_object_get] OBJ ID: 133 (3)
[ 5393.306197] [drm:drm_mode_object_get] OBJ ID: 133 (4)
[ 5393.306203] i915 0000:00:02.0: [drm:drm_atomic_get_plane_state] Added [PLANE:33:plane 1A] 0000000074feccf6 state to 000000001ceb0875
[ 5393.306216] [drm:drm_mode_object_get] OBJ ID: 135 (1)
[ 5393.306221] [drm:drm_mode_object_get] OBJ ID: 137 (3)
[ 5393.306225] [drm:drm_mode_object_get] OBJ ID: 137 (4)
[ 5393.306230] [drm:drm_mode_object_get] OBJ ID: 137 (5)
[ 5393.306235] i915 0000:00:02.0: [drm:drm_atomic_get_crtc_state] Added [CRTC:56:pipe A] 000000007e387835 state to 000000001ceb0875
[ 5393.306247] i915 0000:00:02.0: [drm:drm_atomic_set_fb_for_plane] Set [FB:136] for [PLANE:33:plane 1A] state 0000000074feccf6
[ 5393.306255] [drm:drm_mode_object_get] OBJ ID: 136 (3)
[ 5393.306259] [drm:drm_mode_object_put.part.0] OBJ ID: 133 (5)
[ 5393.306265] [drm:drm_mode_object_put.part.0] OBJ ID: 136 (4)
[ 5393.306269] [drm:drm_mode_object_put.part.0] OBJ ID: 136 (3)
[ 5393.306277] i915 0000:00:02.0: [drm:drm_atomic_check_only] checking 000000001ceb0875
[ 5393.306299] [drm:drm_mode_object_put.part.0] OBJ ID: 133 (4)
[ 5393.306305] [drm:drm_mode_object_get] OBJ ID: 136 (2)
[ 5393.306323] i915 0000:00:02.0: [drm:intel_plane_atomic_calc_changes [i915]] [CRTC:56:pipe A] with [PLANE:33:plane 1A] visible 1 -> 1, off 0, on 0, ms 0
[ 5393.308106] i915 0000:00:02.0: [drm:intel_atomic_get_global_obj_state [i915]] Added new global object 00000000bc0392d3 state 0000000042a83b7c to 000000001ceb0875
[ 5393.309063] i915 0000:00:02.0: [drm:drm_ioctl] comm="gnome-shell" pid=14875, dev=0xe201, auth=1, DRM_IOCTL_SYNCOBJ_WAIT
[ 5393.309086] i915 0000:00:02.0: [drm:drm_ioctl] comm="gnome-shell" pid=14875, dev=0xe201, auth=1, DRM_IOCTL_SYNCOBJ_WAIT
[ 5393.309095] i915 0000:00:02.0: [drm:drm_ioctl] comm="gnome-shell" pid=14875, dev=0xe201, auth=1, DRM_IOCTL_SYNCOBJ_WAIT
[ 5393.309104] i915 0000:00:02.0: [drm:drm_ioctl] comm="gnome-shell" pid=14875, dev=0xe201, auth=1, DRM_IOCTL_SYNCOBJ_WAIT
[ 5393.309112] i915 0000:00:02.0: [drm:drm_ioctl] comm="gnome-shell" pid=14875, dev=0xe201, auth=1, DRM_IOCTL_SYNCOBJ_DESTROY
[ 5393.309129] i915 0000:00:02.0: [drm:drm_ioctl] comm="gnome-shell" pid=14875, dev=0xe201, auth=1, DRM_IOCTL_SYNCOBJ_WAIT
[ 5393.309138] i915 0000:00:02.0: [drm:drm_ioctl] comm="gnome-shell" pid=14875, dev=0xe201, auth=1, DRM_IOCTL_SYNCOBJ_WAIT
[ 5393.309400] i915 0000:00:02.0: [drm:drm_atomic_nonblocking_commit] committing 000000001ceb0875 nonblocking
[ 5393.309494] i915 0000:00:02.0: [drm:drm_crtc_vblank_helper_get_vblank_timestamp_internal] crtc 0 : v p(0,204)@ 5393.225678 -> 5393.222675 [e 0 us, 0 rep]
[ 5393.309518] i915 0000:00:02.0: [drm:drm_update_vblank_count] updating vblank count on crtc 0: current=323280, diff=0, hw=324099 hw_last=324099
[ 5393.309766] i915 0000:00:02.0: [drm:drm_ioctl] comm="gnome-shell" pid=14875, dev=0xe201, auth=1, I915_GEM_EXECBUFFER2_WR
[ 5393.309958] i915 0000:00:02.0: [drm:drm_ioctl] comm="gnome-shell" pid=14875, dev=0xe201, auth=1, I915_GEM_MADVISE
[ 5393.309973] i915 0000:00:02.0: [drm:drm_ioctl] comm="gnome-shell" pid=14875, dev=0xe201, auth=1, DRM_IOCTL_SYNCOBJ_WAIT
[ 5393.309983] i915 0000:00:02.0: [drm:drm_ioctl] comm="gnome-shell" pid=14875, dev=0xe201, auth=1, I915_GEM_MADVISE
[ 5393.309991] i915 0000:00:02.0: [drm:drm_ioctl] comm="gnome-shell" pid=14875, dev=0xe201, auth=1, DRM_IOCTL_SYNCOBJ_CREATE
[ 5393.310012] i915 0000:00:02.0: [drm:drm_ioctl] comm="gnome-shell" pid=14875, dev=0xe201, auth=1, I915_REG_READ
[ 5393.310159] i915 0000:00:02.0: [drm:drm_ioctl] comm="gnome-shell" pid=14875, dev=0xe201, auth=1, I915_GEM_EXECBUFFER2_WR
[ 5393.310189] i915 0000:00:02.0: [drm:drm_ioctl] comm="gnome-shell" pid=14875, dev=0xe201, auth=1, I915_GEM_MADVISE
[ 5393.310199] i915 0000:00:02.0: [drm:drm_ioctl] comm="gnome-shell" pid=14875, dev=0xe201, auth=1, DRM_IOCTL_SYNCOBJ_WAIT
[ 5393.310208] i915 0000:00:02.0: [drm:drm_ioctl] comm="gnome-shell" pid=14875, dev=0xe201, auth=1, DRM_IOCTL_SYNCOBJ_DESTROY
[ 5393.310216] i915 0000:00:02.0: [drm:drm_ioctl] comm="gnome-shell" pid=14875, dev=0xe201, auth=1, I915_GEM_MADVISE
[ 5393.310224] i915 0000:00:02.0: [drm:drm_ioctl] comm="gnome-shell" pid=14875, dev=0xe201, auth=1, DRM_IOCTL_SYNCOBJ_CREATE
[ 5393.310269] i915 0000:00:02.0: [drm:drm_ioctl] comm="gnome-shell" pid=14875, dev=0xe201, auth=1, I915_GEM_SET_TILING
[ 5393.310284] i915 0000:00:02.0: [drm:drm_ioctl] comm="gnome-shell" pid=14875, dev=0xe201, auth=1, I915_GEM_SET_TILING
[ 5393.310297] i915 0000:00:02.0: [drm:drm_ioctl] comm="gnome-shell" pid=14875, dev=0xe201, auth=1, DRM_IOCTL_MODE_ADDFB2
[ 5393.310322] i915 0000:00:02.0: [drm:drm_mode_addfb2] [FB:139]
[ 5393.311524] i915 0000:00:02.0: [drm:drm_ioctl] comm="gnome-shell" pid=14875, dev=0xe201, auth=1, DRM_IOCTL_SYNCOBJ_CREATE
[ 5393.311549] i915 0000:00:02.0: [drm:drm_ioctl] comm="gnome-shell" pid=14875, dev=0xe201, auth=1, DRM_IOCTL_SYNCOBJ_HANDLE_TO_FD
[ 5393.311570] i915 0000:00:02.0: [drm:drm_ioctl] comm="gnome-shell" pid=14875, dev=0xe201, auth=1, DRM_IOCTL_SYNCOBJ_DESTROY
[ 5393.312908] i915 0000:00:02.0: [drm:drm_ioctl] comm="bobide" pid=29641, dev=0xe280, auth=0, I915_GET_RESET_STATS
[ 5393.312931] i915 0000:00:02.0: [drm:drm_ioctl] comm="bobide" pid=29641, dev=0xe280, auth=0, I915_GET_RESET_STATS
[ 5393.313266] i915 0000:00:02.0: [drm:drm_ioctl] comm="bobide" pid=29641, dev=0xe280, auth=0, DRM_IOCTL_SYNCOBJ_WAIT
[ 5393.313284] i915 0000:00:02.0: [drm:drm_ioctl] comm="bobide" pid=29641, dev=0xe280, auth=0, DRM_IOCTL_SYNCOBJ_WAIT
[ 5393.313294] i915 0000:00:02.0: [drm:drm_ioctl] comm="bobide" pid=29641, dev=0xe280, auth=0, DRM_IOCTL_SYNCOBJ_WAIT
[ 5393.313301] i915 0000:00:02.0: [drm:drm_ioctl] comm="bobide" pid=29641, dev=0xe280, auth=0, DRM_IOCTL_SYNCOBJ_WAIT
[ 5393.313508] i915 0000:00:02.0: [drm:drm_ioctl] comm="bobide" pid=29641, dev=0xe280, auth=0, I915_GEM_MADVISE
[ 5393.313522] i915 0000:00:02.0: [drm:drm_ioctl] comm="bobide" pid=29641, dev=0xe280, auth=0, DRM_IOCTL_SYNCOBJ_WAIT
[ 5393.313530] i915 0000:00:02.0: [drm:drm_ioctl] comm="bobide" pid=29641, dev=0xe280, auth=0, I915_GEM_MADVISE
[ 5393.313631] i915 0000:00:02.0: [drm:drm_ioctl] comm="bobide" pid=29641, dev=0xe280, auth=0, I915_GEM_EXECBUFFER2_WR
[ 5393.313737] i915 0000:00:02.0: [drm:drm_ioctl] comm="bobide" pid=29641, dev=0xe280, auth=0, I915_GEM_MADVISE
[ 5393.313747] i915 0000:00:02.0: [drm:drm_ioctl] comm="bobide" pid=29641, dev=0xe280, auth=0, DRM_IOCTL_SYNCOBJ_WAIT
[ 5393.313756] i915 0000:00:02.0: [drm:drm_ioctl] comm="bobide" pid=29641, dev=0xe280, auth=0, I915_GEM_MADVISE
[ 5393.313765] i915 0000:00:02.0: [drm:drm_ioctl] comm="bobide" pid=29641, dev=0xe280, auth=0, DRM_IOCTL_SYNCOBJ_CREATE
[ 5393.313795] i915 0000:00:02.0: [drm:drm_ioctl] comm="bobide" pid=29641, dev=0xe280, auth=0, DRM_IOCTL_SYNCOBJ_HANDLE_TO_FD
[ 5393.322404] i915 0000:00:02.0: [drm:drm_crtc_vblank_helper_get_vblank_timestamp_internal] crtc 0 : v p(0,-52)@ 5393.238574 -> 5393.239339 [e 0 us, 0 rep]
[ 5393.322456] i915 0000:00:02.0: [drm:drm_update_vblank_count] updating vblank count on crtc 0: current=323280, diff=1, hw=324100 hw_last=324099
[ 5393.322468] i915 0000:00:02.0: [drm:drm_handle_vblank_events] vblank event on 323281, current 323281
[ 5393.322533] i915 0000:00:02.0: [drm:drm_atomic_state_default_clear] Clearing atomic state 000000001ceb0875
[ 5393.322548] [drm:drm_mode_object_put.part.0] OBJ ID: 135 (2)
[ 5393.322561] [drm:drm_mode_object_put.part.0] OBJ ID: 137 (6)
[ 5393.322566] [drm:drm_mode_object_put.part.0] OBJ ID: 137 (5)
[ 5393.322572] [drm:drm_mode_object_put.part.0] OBJ ID: 137 (4)
[ 5393.322578] [drm:drm_mode_object_put.part.0] OBJ ID: 133 (3)
[ 5393.322585] [drm:drm_mode_object_put.part.0] OBJ ID: 133 (2)
[ 5393.322592] i915 0000:00:02.0: [drm:__drm_atomic_state_free] Freeing atomic state 000000001ceb0875
[ 5393.322707] i915 0000:00:02.0: [drm:drm_ioctl] comm="gnome-shell" pid=14875, dev=0xe201, auth=1, DRM_IOCTL_MODE_CLOSEFB
[ 5393.322722] [drm:drm_mode_object_put.part.0] OBJ ID: 133 (2)
[ 5393.322729] [drm:drm_mode_object_put.part.0] OBJ ID: 133 (1)
[ 5393.322812] i915 0000:00:02.0: [drm:drm_ioctl] comm="KMS thread" pid=14945, dev=0xe201, auth=1, DRM_IOCTL_MODE_ATOMIC
[ 5393.322851] i915 0000:00:02.0: [drm:drm_atomic_state_init] Allocated atomic state 000000005cadf140
[ 5393.322867] [drm:drm_mode_object_get] OBJ ID: 136 (3)
[ 5393.322874] [drm:drm_mode_object_get] OBJ ID: 136 (4)
[ 5393.322881] i915 0000:00:02.0: [drm:drm_atomic_get_plane_state] Added [PLANE:33:plane 1A] 00000000a899280e state to 000000005cadf140
[ 5393.322895] [drm:drm_mode_object_get] OBJ ID: 135 (1)
[ 5393.322901] [drm:drm_mode_object_get] OBJ ID: 137 (3)
[ 5393.322906] [drm:drm_mode_object_get] OBJ ID: 137 (4)
[ 5393.322911] [drm:drm_mode_object_get] OBJ ID: 137 (5)
[ 5393.322916] i915 0000:00:02.0: [drm:drm_atomic_get_crtc_state] Added [CRTC:56:pipe A] 000000000ff0d236 state to 000000005cadf140
[ 5393.322928] i915 0000:00:02.0: [drm:drm_atomic_set_fb_for_plane] Set [FB:139] for [PLANE:33:plane 1A] state 00000000a899280e
[ 5393.322936] [drm:drm_mode_object_get] OBJ ID: 139 (3)
[ 5393.322941] [drm:drm_mode_object_put.part.0] OBJ ID: 136 (5)
[ 5393.322946] [drm:drm_mode_object_put.part.0] OBJ ID: 139 (4)
[ 5393.322950] [drm:drm_mode_object_put.part.0] OBJ ID: 139 (3)
[ 5393.322959] i915 0000:00:02.0: [drm:drm_atomic_check_only] checking 000000005cadf140
[ 5393.322977] [drm:drm_mode_object_put.part.0] OBJ ID: 136 (4)
[ 5393.322982] [drm:drm_mode_object_get] OBJ ID: 139 (2)
[ 5393.322999] i915 0000:00:02.0: [drm:intel_plane_atomic_calc_changes [i915]] [CRTC:56:pipe A] with [PLANE:33:plane 1A] visible 1 -> 1, off 0, on 0, ms 0
[ 5393.324745] i915 0000:00:02.0: [drm:intel_atomic_get_global_obj_state [i915]] Added new global object 00000000bc0392d3 state 00000000f7de34bd to 000000005cadf140
[ 5393.326032] i915 0000:00:02.0: [drm:drm_atomic_nonblocking_commit] committing 000000005cadf140 nonblocking
[ 5393.326106] i915 0000:00:02.0: [drm:drm_crtc_vblank_helper_get_vblank_timestamp_internal] crtc 0 : v p(0,201)@ 5393.242290 -> 5393.239331 [e 0 us, 0 rep]
[ 5393.326126] i915 0000:00:02.0: [drm:drm_update_vblank_count] updating vblank count on crtc 0: current=323281, diff=0, hw=324100 hw_last=324100
[ 5393.326505] i915 0000:00:02.0: [drm:drm_ioctl] comm="gnome-shell" pid=14875, dev=0xe201, auth=1, I915_GEM_EXECBUFFER2_WR
[ 5393.326707] i915 0000:00:02.0: [drm:drm_ioctl] comm="gnome-shell" pid=14875, dev=0xe201, auth=1, I915_GEM_MADVISE
[ 5393.326726] i915 0000:00:02.0: [drm:drm_ioctl] comm="gnome-shell" pid=14875, dev=0xe201, auth=1, DRM_IOCTL_SYNCOBJ_WAIT
[ 5393.326739] i915 0000:00:02.0: [drm:drm_ioctl] comm="gnome-shell" pid=14875, dev=0xe201, auth=1, I915_GEM_MADVISE
[ 5393.326749] i915 0000:00:02.0: [drm:drm_ioctl] comm="gnome-shell" pid=14875, dev=0xe201, auth=1, DRM_IOCTL_SYNCOBJ_CREATE
[ 5393.326776] i915 0000:00:02.0: [drm:drm_ioctl] comm="gnome-shell" pid=14875, dev=0xe201, auth=1, I915_REG_READ
[ 5393.326980] i915 0000:00:02.0: [drm:drm_ioctl] comm="gnome-shell" pid=14875, dev=0xe201, auth=1, I915_GEM_EXECBUFFER2_WR
[ 5393.327018] i915 0000:00:02.0: [drm:drm_ioctl] comm="gnome-shell" pid=14875, dev=0xe201, auth=1, I915_GEM_MADVISE
[ 5393.327027] i915 0000:00:02.0: [drm:drm_ioctl] comm="gnome-shell" pid=14875, dev=0xe201, auth=1, DRM_IOCTL_SYNCOBJ_WAIT
[ 5393.327037] i915 0000:00:02.0: [drm:drm_ioctl] comm="gnome-shell" pid=14875, dev=0xe201, auth=1, DRM_IOCTL_SYNCOBJ_DESTROY
[ 5393.327045] i915 0000:00:02.0: [drm:drm_ioctl] comm="gnome-shell" pid=14875, dev=0xe201, auth=1, I915_GEM_MADVISE
[ 5393.327053] i915 0000:00:02.0: [drm:drm_ioctl] comm="gnome-shell" pid=14875, dev=0xe201, auth=1, DRM_IOCTL_SYNCOBJ_CREATE
[ 5393.327114] i915 0000:00:02.0: [drm:drm_ioctl] comm="gnome-shell" pid=14875, dev=0xe201, auth=1, I915_GEM_SET_TILING
[ 5393.327135] i915 0000:00:02.0: [drm:drm_ioctl] comm="gnome-shell" pid=14875, dev=0xe201, auth=1, I915_GEM_SET_TILING
[ 5393.327150] i915 0000:00:02.0: [drm:drm_ioctl] comm="gnome-shell" pid=14875, dev=0xe201, auth=1, DRM_IOCTL_MODE_ADDFB2
[ 5393.327180] i915 0000:00:02.0: [drm:drm_mode_addfb2] [FB:133]
[ 5393.328187] i915 0000:00:02.0: [drm:drm_ioctl] comm="gnome-shell" pid=14875, dev=0xe201, auth=1, DRM_IOCTL_SYNCOBJ_CREATE
[ 5393.328209] i915 0000:00:02.0: [drm:drm_ioctl] comm="gnome-shell" pid=14875, dev=0xe201, auth=1, DRM_IOCTL_SYNCOBJ_HANDLE_TO_FD
[ 5393.328226] i915 0000:00:02.0: [drm:drm_ioctl] comm="gnome-shell" pid=14875, dev=0xe201, auth=1, DRM_IOCTL_SYNCOBJ_DESTROY
[ 5393.330163] i915 0000:00:02.0: [drm:drm_ioctl] comm="bobide" pid=29641, dev=0xe280, auth=0, I915_GET_RESET_STATS
[ 5393.330184] i915 0000:00:02.0: [drm:drm_ioctl] comm="bobide" pid=29641, dev=0xe280, auth=0, I915_GET_RESET_STATS
[ 5393.331039] i915 0000:00:02.0: [drm:drm_ioctl] comm="bobide" pid=29641, dev=0xe280, auth=0, DRM_IOCTL_SYNCOBJ_WAIT
[ 5393.331071] i915 0000:00:02.0: [drm:drm_ioctl] comm="bobide" pid=29641, dev=0xe280, auth=0, DRM_IOCTL_SYNCOBJ_WAIT
[ 5393.331642] i915 0000:00:02.0: [drm:drm_ioctl] comm="bobide" pid=29641, dev=0xe280, auth=0, I915_GEM_EXECBUFFER2_WR
[ 5393.331801] i915 0000:00:02.0: [drm:drm_ioctl] comm="bobide" pid=29641, dev=0xe280, auth=0, DRM_IOCTL_SYNCOBJ_DESTROY
[ 5393.331814] i915 0000:00:02.0: [drm:drm_ioctl] comm="bobide" pid=29641, dev=0xe280, auth=0, I915_GEM_MADVISE
[ 5393.331853] i915 0000:00:02.0: [drm:drm_ioctl] comm="bobide" pid=29641, dev=0xe280, auth=0, DRM_IOCTL_SYNCOBJ_WAIT
[ 5393.331864] i915 0000:00:02.0: [drm:drm_ioctl] comm="bobide" pid=29641, dev=0xe280, auth=0, I915_GEM_MADVISE
[ 5393.331872] i915 0000:00:02.0: [drm:drm_ioctl] comm="bobide" pid=29641, dev=0xe280, auth=0, DRM_IOCTL_SYNCOBJ_CREATE
[ 5393.331900] i915 0000:00:02.0: [drm:drm_ioctl] comm="bobide" pid=29641, dev=0xe280, auth=0, DRM_IOCTL_SYNCOBJ_HANDLE_TO_FD
[ 5393.339055] i915 0000:00:02.0: [drm:drm_crtc_vblank_helper_get_vblank_timestamp_internal] crtc 0 : v p(0,-52)@ 5393.255235 -> 5393.256001 [e 0 us, 0 rep]
[ 5393.339114] i915 0000:00:02.0: [drm:drm_update_vblank_count] updating vblank count on crtc 0: current=323281, diff=1, hw=324101 hw_last=324100
[ 5393.339125] i915 0000:00:02.0: [drm:drm_handle_vblank_events] vblank event on 323282, current 323282
[ 5393.339182] i915 0000:00:02.0: [drm:drm_atomic_state_default_clear] Clearing atomic state 000000005cadf140
[ 5393.339194] [drm:drm_mode_object_put.part.0] OBJ ID: 135 (2)
[ 5393.339205] [drm:drm_mode_object_put.part.0] OBJ ID: 137 (6)
[ 5393.339211] [drm:drm_mode_object_put.part.0] OBJ ID: 137 (5)
[ 5393.339216] [drm:drm_mode_object_put.part.0] OBJ ID: 137 (4)
[ 5393.339222] [drm:drm_mode_object_put.part.0] OBJ ID: 136 (3)
[ 5393.339228] [drm:drm_mode_object_put.part.0] OBJ ID: 136 (2)
[ 5393.339235] i915 0000:00:02.0: [drm:__drm_atomic_state_free] Freeing atomic state 000000005cadf140
[ 5393.339335] i915 0000:00:02.0: [drm:drm_ioctl] comm="gnome-shell" pid=14875, dev=0xe201, auth=1, DRM_IOCTL_MODE_CLOSEFB
[ 5393.339350] [drm:drm_mode_object_put.part.0] OBJ ID: 136 (2)
[ 5393.339358] [drm:drm_mode_object_put.part.0] OBJ ID: 136 (1)
[ 5393.339425] i915 0000:00:02.0: [drm:drm_ioctl] comm="KMS thread" pid=14945, dev=0xe201, auth=1, DRM_IOCTL_MODE_ATOMIC
[ 5393.339440] i915 0000:00:02.0: [drm:drm_atomic_state_init] Allocated atomic state 00000000c80b5380
[ 5393.339453] [drm:drm_mode_object_get] OBJ ID: 139 (3)
[ 5393.339460] [drm:drm_mode_object_get] OBJ ID: 139 (4)
[ 5393.339466] i915 0000:00:02.0: [drm:drm_atomic_get_plane_state] Added [PLANE:33:plane 1A] 000000002a6f8c8a state to 00000000c80b5380
[ 5393.339478] [drm:drm_mode_object_get] OBJ ID: 135 (1)
[ 5393.339483] [drm:drm_mode_object_get] OBJ ID: 137 (3)
[ 5393.339488] [drm:drm_mode_object_get] OBJ ID: 137 (4)
[ 5393.339493] [drm:drm_mode_object_get] OBJ ID: 137 (5)
[ 5393.339499] i915 0000:00:02.0: [drm:drm_atomic_get_crtc_state] Added [CRTC:56:pipe A] 000000007b0f2f50 state to 00000000c80b5380
[ 5393.339509] i915 0000:00:02.0: [drm:drm_atomic_set_fb_for_plane] Set [FB:133] for [PLANE:33:plane 1A] state 000000002a6f8c8a
[ 5393.339517] [drm:drm_mode_object_get] OBJ ID: 133 (3)
[ 5393.339521] [drm:drm_mode_object_put.part.0] OBJ ID: 139 (5)
[ 5393.339526] [drm:drm_mode_object_put.part.0] OBJ ID: 133 (4)
[ 5393.339532] [drm:drm_mode_object_put.part.0] OBJ ID: 133 (3)
[ 5393.339540] i915 0000:00:02.0: [drm:drm_atomic_check_only] checking 00000000c80b5380
[ 5393.339559] [drm:drm_mode_object_put.part.0] OBJ ID: 139 (4)
[ 5393.339565] [drm:drm_mode_object_get] OBJ ID: 133 (2)
[ 5393.339582] i915 0000:00:02.0: [drm:intel_plane_atomic_calc_changes [i915]] [CRTC:56:pipe A] with [PLANE:33:plane 1A] visible 1 -> 1, off 0, on 0, ms 0
[ 5393.341464] i915 0000:00:02.0: [drm:intel_atomic_get_global_obj_state [i915]] Added new global object 00000000bc0392d3 state 00000000fcae132b to 00000000c80b5380
[ 5393.342977] i915 0000:00:02.0: [drm:drm_atomic_nonblocking_commit] committing 00000000c80b5380 nonblocking
[ 5393.343065] i915 0000:00:02.0: [drm:drm_crtc_vblank_helper_get_vblank_timestamp_internal] crtc 0 : v p(0,221)@ 5393.259247 -> 5393.255994 [e 0 us, 0 rep]
[ 5393.343096] i915 0000:00:02.0: [drm:drm_update_vblank_count] updating vblank count on crtc 0: current=323282, diff=0, hw=324101 hw_last=324101
[ 5393.343425] i915 0000:00:02.0: [drm:drm_ioctl] comm="gnome-shell" pid=14875, dev=0xe201, auth=1, I915_GEM_EXECBUFFER2_WR
[ 5393.343585] i915 0000:00:02.0: [drm:drm_ioctl] comm="gnome-shell" pid=14875, dev=0xe201, auth=1, I915_GEM_MADVISE
[ 5393.343600] i915 0000:00:02.0: [drm:drm_ioctl] comm="gnome-shell" pid=14875, dev=0xe201, auth=1, DRM_IOCTL_SYNCOBJ_WAIT
[ 5393.343613] i915 0000:00:02.0: [drm:drm_ioctl] comm="gnome-shell" pid=14875, dev=0xe201, auth=1, I915_GEM_MADVISE
[ 5393.343621] i915 0000:00:02.0: [drm:drm_ioctl] comm="gnome-shell" pid=14875, dev=0xe201, auth=1, DRM_IOCTL_SYNCOBJ_CREATE
[ 5393.343645] i915 0000:00:02.0: [drm:drm_ioctl] comm="gnome-shell" pid=14875, dev=0xe201, auth=1, I915_REG_READ
[ 5393.343813] i915 0000:00:02.0: [drm:drm_ioctl] comm="gnome-shell" pid=14875, dev=0xe201, auth=1, I915_GEM_EXECBUFFER2_WR
[ 5393.343859] i915 0000:00:02.0: [drm:drm_ioctl] comm="gnome-shell" pid=14875, dev=0xe201, auth=1, I915_GEM_MADVISE
[ 5393.343869] i915 0000:00:02.0: [drm:drm_ioctl] comm="gnome-shell" pid=14875, dev=0xe201, auth=1, DRM_IOCTL_SYNCOBJ_WAIT
[ 5393.343878] i915 0000:00:02.0: [drm:drm_ioctl] comm="gnome-shell" pid=14875, dev=0xe201, auth=1, DRM_IOCTL_SYNCOBJ_DESTROY
[ 5393.343887] i915 0000:00:02.0: [drm:drm_ioctl] comm="gnome-shell" pid=14875, dev=0xe201, auth=1, I915_GEM_MADVISE
[ 5393.343894] i915 0000:00:02.0: [drm:drm_ioctl] comm="gnome-shell" pid=14875, dev=0xe201, auth=1, DRM_IOCTL_SYNCOBJ_CREATE
[ 5393.343945] i915 0000:00:02.0: [drm:drm_ioctl] comm="gnome-shell" pid=14875, dev=0xe201, auth=1, I915_GEM_SET_TILING
[ 5393.343963] i915 0000:00:02.0: [drm:drm_ioctl] comm="gnome-shell" pid=14875, dev=0xe201, auth=1, I915_GEM_SET_TILING
[ 5393.343978] i915 0000:00:02.0: [drm:drm_ioctl] comm="gnome-shell" pid=14875, dev=0xe201, auth=1, DRM_IOCTL_MODE_ADDFB2
[ 5393.344008] i915 0000:00:02.0: [drm:drm_mode_addfb2] [FB:136]
[ 5393.345090] i915 0000:00:02.0: [drm:drm_ioctl] comm="gnome-shell" pid=14875, dev=0xe201, auth=1, DRM_IOCTL_SYNCOBJ_CREATE
[ 5393.345110] i915 0000:00:02.0: [drm:drm_ioctl] comm="gnome-shell" pid=14875, dev=0xe201, auth=1, DRM_IOCTL_SYNCOBJ_HANDLE_TO_FD
[ 5393.345129] i915 0000:00:02.0: [drm:drm_ioctl] comm="gnome-shell" pid=14875, dev=0xe201, auth=1, DRM_IOCTL_SYNCOBJ_DESTROY
[ 5393.346328] i915 0000:00:02.0: [drm:drm_ioctl] comm="bobide" pid=29641, dev=0xe280, auth=0, I915_GET_RESET_STATS
[ 5393.346347] i915 0000:00:02.0: [drm:drm_ioctl] comm="bobide" pid=29641, dev=0xe280, auth=0, I915_GET_RESET_STATS
[ 5393.347079] i915 0000:00:02.0: [drm:drm_ioctl] comm="bobide" pid=29641, dev=0xe280, auth=0, DRM_IOCTL_SYNCOBJ_WAIT
[ 5393.347104] i915 0000:00:02.0: [drm:drm_ioctl] comm="bobide" pid=29641, dev=0xe280, auth=0, DRM_IOCTL_SYNCOBJ_WAIT
[ 5393.347114] i915 0000:00:02.0: [drm:drm_ioctl] comm="bobide" pid=29641, dev=0xe280, auth=0, DRM_IOCTL_SYNCOBJ_WAIT
[ 5393.347122] i915 0000:00:02.0: [drm:drm_ioctl] comm="bobide" pid=29641, dev=0xe280, auth=0, DRM_IOCTL_SYNCOBJ_WAIT
[ 5393.347483] i915 0000:00:02.0: [drm:drm_ioctl] comm="bobide" pid=29641, dev=0xe280, auth=0, I915_GEM_EXECBUFFER2_WR
[ 5393.347670] i915 0000:00:02.0: [drm:drm_ioctl] comm="bobide" pid=29641, dev=0xe280, auth=0, DRM_IOCTL_SYNCOBJ_DESTROY
[ 5393.347683] i915 0000:00:02.0: [drm:drm_ioctl] comm="bobide" pid=29641, dev=0xe280, auth=0, I915_GEM_MADVISE
[ 5393.347696] i915 0000:00:02.0: [drm:drm_ioctl] comm="bobide" pid=29641, dev=0xe280, auth=0, DRM_IOCTL_SYNCOBJ_WAIT
[ 5393.347705] i915 0000:00:02.0: [drm:drm_ioctl] comm="bobide" pid=29641, dev=0xe280, auth=0, I915_GEM_MADVISE
[ 5393.347714] i915 0000:00:02.0: [drm:drm_ioctl] comm="bobide" pid=29641, dev=0xe280, auth=0, DRM_IOCTL_SYNCOBJ_CREATE
[ 5393.347745] i915 0000:00:02.0: [drm:drm_ioctl] comm="bobide" pid=29641, dev=0xe280, auth=0, DRM_IOCTL_SYNCOBJ_HANDLE_TO_FD
[ 5393.355735] i915 0000:00:02.0: [drm:drm_crtc_vblank_helper_get_vblank_timestamp_internal] crtc 0 : v p(0,-52)@ 5393.271902 -> 5393.272668 [e 0 us, 0 rep]
[ 5393.355797] i915 0000:00:02.0: [drm:drm_update_vblank_count] updating vblank count on crtc 0: current=323282, diff=1, hw=324102 hw_last=324101
[ 5393.355816] i915 0000:00:02.0: [drm:drm_handle_vblank_events] vblank event on 323283, current 323283
[ 5393.355931] i915 0000:00:02.0: [drm:drm_atomic_state_default_clear] Clearing atomic state 00000000c80b5380
[ 5393.355955] [drm:drm_mode_object_put.part.0] OBJ ID: 135 (2)
[ 5393.355973] [drm:drm_mode_object_put.part.0] OBJ ID: 137 (6)
[ 5393.355984] [drm:drm_mode_object_put.part.0] OBJ ID: 137 (5)
[ 5393.355993] [drm:drm_mode_object_put.part.0] OBJ ID: 137 (4)
[ 5393.356005] [drm:drm_mode_object_put.part.0] OBJ ID: 139 (3)
[ 5393.356017] [drm:drm_mode_object_put.part.0] OBJ ID: 139 (2)
[ 5393.356033] i915 0000:00:02.0: [drm:__drm_atomic_state_free] Freeing atomic state 00000000c80b5380
[ 5393.356112] i915 0000:00:02.0: [drm:drm_ioctl] comm="gnome-shell" pid=14875, dev=0xe201, auth=1, DRM_IOCTL_MODE_CLOSEFB
[ 5393.356127] [drm:drm_mode_object_put.part.0] OBJ ID: 139 (2)
[ 5393.356134] [drm:drm_mode_object_put.part.0] OBJ ID: 139 (1)
[ 5393.356215] i915 0000:00:02.0: [drm:drm_ioctl] comm="KMS thread" pid=14945, dev=0xe201, auth=1, DRM_IOCTL_MODE_ATOMIC
[ 5393.356228] i915 0000:00:02.0: [drm:drm_atomic_state_init] Allocated atomic state 00000000c26a9224
[ 5393.356242] [drm:drm_mode_object_get] OBJ ID: 133 (3)
[ 5393.356248] [drm:drm_mode_object_get] OBJ ID: 133 (4)
[ 5393.356253] i915 0000:00:02.0: [drm:drm_atomic_get_plane_state] Added [PLANE:33:plane 1A] 00000000d593cf1c state to 00000000c26a9224
[ 5393.356266] [drm:drm_mode_object_get] OBJ ID: 135 (1)
[ 5393.356271] [drm:drm_mode_object_get] OBJ ID: 137 (3)
[ 5393.356276] [drm:drm_mode_object_get] OBJ ID: 137 (4)
[ 5393.356280] [drm:drm_mode_object_get] OBJ ID: 137 (5)
[ 5393.356285] i915 0000:00:02.0: [drm:drm_atomic_get_crtc_state] Added [CRTC:56:pipe A] 000000000ff0d236 state to 00000000c26a9224
[ 5393.356296] i915 0000:00:02.0: [drm:drm_atomic_set_fb_for_plane] Set [FB:136] for [PLANE:33:plane 1A] state 00000000d593cf1c
[ 5393.356305] [drm:drm_mode_object_get] OBJ ID: 136 (3)
[ 5393.356310] [drm:drm_mode_object_put.part.0] OBJ ID: 133 (5)
[ 5393.356315] [drm:drm_mode_object_put.part.0] OBJ ID: 136 (4)
[ 5393.356320] [drm:drm_mode_object_put.part.0] OBJ ID: 136 (3)
[ 5393.356328] i915 0000:00:02.0: [drm:drm_atomic_check_only] checking 00000000c26a9224
[ 5393.356349] [drm:drm_mode_object_put.part.0] OBJ ID: 133 (4)
[ 5393.356354] [drm:drm_mode_object_get] OBJ ID: 136 (2)
[ 5393.356372] i915 0000:00:02.0: [drm:intel_plane_atomic_calc_changes [i915]] [CRTC:56:pipe A] with [PLANE:33:plane 1A] visible 1 -> 1, off 0, on 0, ms 0
[ 5393.358025] i915 0000:00:02.0: [drm:intel_atomic_get_global_obj_state [i915]] Added new global object 00000000bc0392d3 state 000000002943f5de to 00000000c26a9224
[ 5393.359565] i915 0000:00:02.0: [drm:drm_atomic_nonblocking_commit] committing 00000000c26a9224 nonblocking
[ 5393.359649] i915 0000:00:02.0: [drm:drm_crtc_vblank_helper_get_vblank_timestamp_internal] crtc 0 : v p(0,215)@ 5393.275831 -> 5393.272666 [e 0 us, 0 rep]
[ 5393.359671] i915 0000:00:02.0: [drm:drm_update_vblank_count] updating vblank count on crtc 0: current=323283, diff=0, hw=324102 hw_last=324102
[ 5393.362202] i915 0000:00:02.0: [drm:drm_ioctl] comm="gnome-shell" pid=14875, dev=0xe201, auth=1, DRM_IOCTL_SYNCOBJ_WAIT
[ 5393.362231] i915 0000:00:02.0: [drm:drm_ioctl] comm="gnome-shell" pid=14875, dev=0xe201, auth=1, DRM_IOCTL_SYNCOBJ_WAIT
[ 5393.362240] i915 0000:00:02.0: [drm:drm_ioctl] comm="gnome-shell" pid=14875, dev=0xe201, auth=1, DRM_IOCTL_SYNCOBJ_WAIT
[ 5393.362249] i915 0000:00:02.0: [drm:drm_ioctl] comm="gnome-shell" pid=14875, dev=0xe201, auth=1, DRM_IOCTL_SYNCOBJ_WAIT
[ 5393.362257] i915 0000:00:02.0: [drm:drm_ioctl] comm="gnome-shell" pid=14875, dev=0xe201, auth=1, DRM_IOCTL_SYNCOBJ_WAIT
[ 5393.362265] i915 0000:00:02.0: [drm:drm_ioctl] comm="gnome-shell" pid=14875, dev=0xe201, auth=1, DRM_IOCTL_SYNCOBJ_WAIT
[ 5393.362864] i915 0000:00:02.0: [drm:drm_ioctl] comm="gnome-shell" pid=14875, dev=0xe201, auth=1, I915_GEM_EXECBUFFER2_WR
[ 5393.363025] i915 0000:00:02.0: [drm:drm_ioctl] comm="gnome-shell" pid=14875, dev=0xe201, auth=1, I915_GEM_MADVISE
[ 5393.363040] i915 0000:00:02.0: [drm:drm_ioctl] comm="gnome-shell" pid=14875, dev=0xe201, auth=1, DRM_IOCTL_SYNCOBJ_WAIT
[ 5393.363050] i915 0000:00:02.0: [drm:drm_ioctl] comm="gnome-shell" pid=14875, dev=0xe201, auth=1, I915_GEM_MADVISE
[ 5393.363058] i915 0000:00:02.0: [drm:drm_ioctl] comm="gnome-shell" pid=14875, dev=0xe201, auth=1, DRM_IOCTL_SYNCOBJ_CREATE
[ 5393.363085] i915 0000:00:02.0: [drm:drm_ioctl] comm="gnome-shell" pid=14875, dev=0xe201, auth=1, I915_REG_READ
[ 5393.363286] i915 0000:00:02.0: [drm:drm_ioctl] comm="gnome-shell" pid=14875, dev=0xe201, auth=1, I915_GEM_EXECBUFFER2_WR
[ 5393.363328] i915 0000:00:02.0: [drm:drm_ioctl] comm="gnome-shell" pid=14875, dev=0xe201, auth=1, I915_GEM_MADVISE
[ 5393.363346] i915 0000:00:02.0: [drm:drm_ioctl] comm="gnome-shell" pid=14875, dev=0xe201, auth=1, DRM_IOCTL_SYNCOBJ_WAIT
[ 5393.363370] i915 0000:00:02.0: [drm:drm_ioctl] comm="gnome-shell" pid=14875, dev=0xe201, auth=1, DRM_IOCTL_SYNCOBJ_DESTROY
[ 5393.363380] i915 0000:00:02.0: [drm:drm_ioctl] comm="gnome-shell" pid=14875, dev=0xe201, auth=1, I915_GEM_MADVISE
[ 5393.363389] i915 0000:00:02.0: [drm:drm_ioctl] comm="gnome-shell" pid=14875, dev=0xe201, auth=1, DRM_IOCTL_SYNCOBJ_CREATE
[ 5393.363470] i915 0000:00:02.0: [drm:drm_ioctl] comm="gnome-shell" pid=14875, dev=0xe201, auth=1, I915_GEM_SET_TILING
[ 5393.363491] i915 0000:00:02.0: [drm:drm_ioctl] comm="gnome-shell" pid=14875, dev=0xe201, auth=1, I915_GEM_SET_TILING
[ 5393.363509] i915 0000:00:02.0: [drm:drm_ioctl] comm="gnome-shell" pid=14875, dev=0xe201, auth=1, DRM_IOCTL_MODE_ADDFB2
[ 5393.363555] i915 0000:00:02.0: [drm:drm_mode_addfb2] [FB:139]
[ 5393.364798] i915 0000:00:02.0: [drm:drm_ioctl] comm="gnome-shell" pid=14875, dev=0xe201, auth=1, DRM_IOCTL_SYNCOBJ_CREATE
[ 5393.364842] i915 0000:00:02.0: [drm:drm_ioctl] comm="gnome-shell" pid=14875, dev=0xe201, auth=1, DRM_IOCTL_SYNCOBJ_HANDLE_TO_FD
[ 5393.364864] i915 0000:00:02.0: [drm:drm_ioctl] comm="gnome-shell" pid=14875, dev=0xe201, auth=1, DRM_IOCTL_SYNCOBJ_DESTROY
[ 5393.366537] i915 0000:00:02.0: [drm:drm_ioctl] comm="bobide" pid=29641, dev=0xe280, auth=0, I915_GET_RESET_STATS
[ 5393.366559] i915 0000:00:02.0: [drm:drm_ioctl] comm="bobide" pid=29641, dev=0xe280, auth=0, I915_GET_RESET_STATS
[ 5393.367588] i915 0000:00:02.0: [drm:drm_ioctl] comm="bobide" pid=29641, dev=0xe280, auth=0, I915_GEM_EXECBUFFER2_WR
[ 5393.367763] i915 0000:00:02.0: [drm:drm_ioctl] comm="bobide" pid=29641, dev=0xe280, auth=0, I915_GEM_MADVISE
[ 5393.367780] i915 0000:00:02.0: [drm:drm_ioctl] comm="bobide" pid=29641, dev=0xe280, auth=0, DRM_IOCTL_SYNCOBJ_WAIT
[ 5393.367794] i915 0000:00:02.0: [drm:drm_ioctl] comm="bobide" pid=29641, dev=0xe280, auth=0, I915_GEM_MADVISE
[ 5393.367804] i915 0000:00:02.0: [drm:drm_ioctl] comm="bobide" pid=29641, dev=0xe280, auth=0, DRM_IOCTL_SYNCOBJ_CREATE
[ 5393.367864] i915 0000:00:02.0: [drm:drm_ioctl] comm="bobide" pid=29641, dev=0xe280, auth=0, DRM_IOCTL_SYNCOBJ_HANDLE_TO_FD
[ 5393.372391] i915 0000:00:02.0: [drm:drm_crtc_vblank_helper_get_vblank_timestamp_internal] crtc 0 : v p(0,-52)@ 5393.288565 -> 5393.289330 [e 0 us, 0 rep]
[ 5393.372450] i915 0000:00:02.0: [drm:drm_update_vblank_count] updating vblank count on crtc 0: current=323283, diff=1, hw=324103 hw_last=324102
[ 5393.372461] i915 0000:00:02.0: [drm:drm_handle_vblank_events] vblank event on 323284, current 323284
[ 5393.372517] i915 0000:00:02.0: [drm:drm_atomic_state_default_clear] Clearing atomic state 00000000c26a9224
[ 5393.372530] [drm:drm_mode_object_put.part.0] OBJ ID: 135 (2)
[ 5393.372541] [drm:drm_mode_object_put.part.0] OBJ ID: 137 (6)
[ 5393.372546] [drm:drm_mode_object_put.part.0] OBJ ID: 137 (5)
[ 5393.372551] [drm:drm_mode_object_put.part.0] OBJ ID: 137 (4)
[ 5393.372558] [drm:drm_mode_object_put.part.0] OBJ ID: 133 (3)
[ 5393.372564] [drm:drm_mode_object_put.part.0] OBJ ID: 133 (2)
[ 5393.372572] i915 0000:00:02.0: [drm:__drm_atomic_state_free] Freeing atomic state 00000000c26a9224
[ 5393.372686] i915 0000:00:02.0: [drm:drm_ioctl] comm="gnome-shell" pid=14875, dev=0xe201, auth=1, DRM_IOCTL_MODE_CLOSEFB
[ 5393.372701] [drm:drm_mode_object_put.part.0] OBJ ID: 133 (2)
[ 5393.372709] [drm:drm_mode_object_put.part.0] OBJ ID: 133 (1)
[ 5393.372777] i915 0000:00:02.0: [drm:drm_ioctl] comm="KMS thread" pid=14945, dev=0xe201, auth=1, DRM_IOCTL_MODE_ATOMIC
[ 5393.372790] i915 0000:00:02.0: [drm:drm_atomic_state_init] Allocated atomic state 000000006c2f8c54
[ 5393.372803] [drm:drm_mode_object_get] OBJ ID: 136 (3)
[ 5393.372809] [drm:drm_mode_object_get] OBJ ID: 136 (4)
[ 5393.372814] i915 0000:00:02.0: [drm:drm_atomic_get_plane_state] Added [PLANE:33:plane 1A] 0000000073a92c01 state to 000000006c2f8c54
[ 5393.372840] [drm:drm_mode_object_get] OBJ ID: 135 (1)
[ 5393.372845] [drm:drm_mode_object_get] OBJ ID: 137 (3)
[ 5393.372850] [drm:drm_mode_object_get] OBJ ID: 137 (4)
[ 5393.372855] [drm:drm_mode_object_get] OBJ ID: 137 (5)
[ 5393.372860] i915 0000:00:02.0: [drm:drm_atomic_get_crtc_state] Added [CRTC:56:pipe A] 000000007e387835 state to 000000006c2f8c54
[ 5393.372871] i915 0000:00:02.0: [drm:drm_atomic_set_fb_for_plane] Set [FB:139] for [PLANE:33:plane 1A] state 0000000073a92c01
[ 5393.372879] [drm:drm_mode_object_get] OBJ ID: 139 (3)
[ 5393.372883] [drm:drm_mode_object_put.part.0] OBJ ID: 136 (5)
[ 5393.372888] [drm:drm_mode_object_put.part.0] OBJ ID: 139 (4)
[ 5393.372893] [drm:drm_mode_object_put.part.0] OBJ ID: 139 (3)
[ 5393.372901] i915 0000:00:02.0: [drm:drm_atomic_check_only] checking 000000006c2f8c54
[ 5393.372920] [drm:drm_mode_object_put.part.0] OBJ ID: 136 (4)
[ 5393.372925] [drm:drm_mode_object_get] OBJ ID: 139 (2)
[ 5393.372942] i915 0000:00:02.0: [drm:intel_plane_atomic_calc_changes [i915]] [CRTC:56:pipe A] with [PLANE:33:plane 1A] visible 1 -> 1, off 0, on 0, ms 0
[ 5393.374527] i915 0000:00:02.0: [drm:intel_atomic_get_global_obj_state [i915]] Added new global object 00000000bc0392d3 state 000000002943f5de to 000000006c2f8c54
[ 5393.375881] i915 0000:00:02.0: [drm:drm_atomic_nonblocking_commit] committing 000000006c2f8c54 nonblocking
[ 5393.375978] i915 0000:00:02.0: [drm:drm_crtc_vblank_helper_get_vblank_timestamp_internal] crtc 0 : v p(0,193)@ 5393.292160 -> 5393.289319 [e 0 us, 0 rep]
[ 5393.376000] i915 0000:00:02.0: [drm:drm_update_vblank_count] updating vblank count on crtc 0: current=323284, diff=0, hw=324103 hw_last=324103
[ 5393.379453] i915 0000:00:02.0: [drm:drm_ioctl] comm="gnome-shell" pid=14875, dev=0xe201, auth=1, I915_GEM_EXECBUFFER2_WR
[ 5393.379611] i915 0000:00:02.0: [drm:drm_ioctl] comm="gnome-shell" pid=14875, dev=0xe201, auth=1, I915_GEM_MADVISE
[ 5393.379626] i915 0000:00:02.0: [drm:drm_ioctl] comm="gnome-shell" pid=14875, dev=0xe201, auth=1, DRM_IOCTL_SYNCOBJ_WAIT
[ 5393.379638] i915 0000:00:02.0: [drm:drm_ioctl] comm="gnome-shell" pid=14875, dev=0xe201, auth=1, I915_GEM_MADVISE
[ 5393.379646] i915 0000:00:02.0: [drm:drm_ioctl] comm="gnome-shell" pid=14875, dev=0xe201, auth=1, DRM_IOCTL_SYNCOBJ_CREATE
[ 5393.379668] i915 0000:00:02.0: [drm:drm_ioctl] comm="gnome-shell" pid=14875, dev=0xe201, auth=1, I915_REG_READ
[ 5393.379847] i915 0000:00:02.0: [drm:drm_ioctl] comm="gnome-shell" pid=14875, dev=0xe201, auth=1, I915_GEM_EXECBUFFER2_WR
[ 5393.379877] i915 0000:00:02.0: [drm:drm_ioctl] comm="gnome-shell" pid=14875, dev=0xe201, auth=1, I915_GEM_MADVISE
[ 5393.379887] i915 0000:00:02.0: [drm:drm_ioctl] comm="gnome-shell" pid=14875, dev=0xe201, auth=1, DRM_IOCTL_SYNCOBJ_WAIT
[ 5393.379896] i915 0000:00:02.0: [drm:drm_ioctl] comm="gnome-shell" pid=14875, dev=0xe201, auth=1, DRM_IOCTL_SYNCOBJ_DESTROY
[ 5393.379903] i915 0000:00:02.0: [drm:drm_ioctl] comm="gnome-shell" pid=14875, dev=0xe201, auth=1, I915_GEM_MADVISE
[ 5393.379911] i915 0000:00:02.0: [drm:drm_ioctl] comm="gnome-shell" pid=14875, dev=0xe201, auth=1, DRM_IOCTL_SYNCOBJ_CREATE
[ 5393.379963] i915 0000:00:02.0: [drm:drm_ioctl] comm="gnome-shell" pid=14875, dev=0xe201, auth=1, I915_GEM_SET_TILING
[ 5393.379982] i915 0000:00:02.0: [drm:drm_ioctl] comm="gnome-shell" pid=14875, dev=0xe201, auth=1, I915_GEM_SET_TILING
[ 5393.380026] i915 0000:00:02.0: [drm:drm_ioctl] comm="gnome-shell" pid=14875, dev=0xe201, auth=1, DRM_IOCTL_MODE_ADDFB2
[ 5393.380067] i915 0000:00:02.0: [drm:drm_mode_addfb2] [FB:133]
[ 5393.381260] i915 0000:00:02.0: [drm:drm_ioctl] comm="gnome-shell" pid=14875, dev=0xe201, auth=1, DRM_IOCTL_MODE_CREATE_DUMB
[ 5393.381302] i915 0000:00:02.0: [drm:drm_ioctl] comm="gnome-shell" pid=14875, dev=0xe201, auth=1, DRM_IOCTL_MODE_MAP_DUMB
[ 5393.381930] i915 0000:00:02.0: [drm:drm_ioctl] comm="gnome-shell" pid=14875, dev=0xe201, auth=1, DRM_IOCTL_SYNCOBJ_CREATE
[ 5393.381949] i915 0000:00:02.0: [drm:drm_ioctl] comm="gnome-shell" pid=14875, dev=0xe201, auth=1, DRM_IOCTL_SYNCOBJ_HANDLE_TO_FD
[ 5393.381965] i915 0000:00:02.0: [drm:drm_ioctl] comm="gnome-shell" pid=14875, dev=0xe201, auth=1, DRM_IOCTL_SYNCOBJ_DESTROY
[ 5393.382068] i915 0000:00:02.0: [drm:drm_ioctl] comm="gnome-shell" pid=14875, dev=0xe201, auth=1, I915_GEM_CREATE_EXT
[ 5393.382094] i915 0000:00:02.0: [drm:drm_ioctl] comm="gnome-shell" pid=14875, dev=0xe201, auth=1, I915_GEM_SET_DOMAIN
[ 5393.382132] i915 0000:00:02.0: [drm:drm_ioctl] comm="gnome-shell" pid=14875, dev=0xe201, auth=1, I915_GEM_MMAP_OFFSET
[ 5393.382261] i915 0000:00:02.0: [drm:drm_ioctl] comm="gnome-shell" pid=14875, dev=0xe201, auth=1, DRM_IOCTL_MODE_CREATE_DUMB
[ 5393.382280] i915 0000:00:02.0: [drm:drm_ioctl] comm="gnome-shell" pid=14875, dev=0xe201, auth=1, DRM_IOCTL_MODE_MAP_DUMB
[ 5393.382662] i915 0000:00:02.0: [drm:drm_ioctl] comm="gnome-shell" pid=14875, dev=0xe201, auth=1, DRM_IOCTL_MODE_DESTROY_DUMB
[ 5393.386595] i915 0000:00:02.0: [drm:drm_ioctl] comm="bobide" pid=29641, dev=0xe280, auth=0, I915_GET_RESET_STATS
[ 5393.386621] i915 0000:00:02.0: [drm:drm_ioctl] comm="bobide" pid=29641, dev=0xe280, auth=0, I915_GET_RESET_STATS
[ 5393.386705] i915 0000:00:02.0: [drm:drm_ioctl] comm="bobide" pid=29641, dev=0xe280, auth=0, DRM_IOCTL_SYNCOBJ_WAIT
[ 5393.386721] i915 0000:00:02.0: [drm:drm_ioctl] comm="bobide" pid=29641, dev=0xe280, auth=0, DRM_IOCTL_SYNCOBJ_WAIT
[ 5393.386730] i915 0000:00:02.0: [drm:drm_ioctl] comm="bobide" pid=29641, dev=0xe280, auth=0, DRM_IOCTL_SYNCOBJ_WAIT
[ 5393.386738] i915 0000:00:02.0: [drm:drm_ioctl] comm="bobide" pid=29641, dev=0xe280, auth=0, DRM_IOCTL_SYNCOBJ_WAIT
[ 5393.389050] i915 0000:00:02.0: [drm:drm_crtc_vblank_helper_get_vblank_timestamp_internal] crtc 0 : v p(0,-52)@ 5393.305226 -> 5393.305992 [e 0 us, 0 rep]
[ 5393.389113] i915 0000:00:02.0: [drm:drm_update_vblank_count] updating vblank count on crtc 0: current=323284, diff=1, hw=324104 hw_last=324103
[ 5393.389111] i915 0000:00:02.0: [drm:drm_ioctl] comm="bobide" pid=29641, dev=0xe280, auth=0, I915_GEM_EXECBUFFER2_WR
[ 5393.389123] i915 0000:00:02.0: [drm:drm_handle_vblank_events] vblank event on 323285, current 323285
[ 5393.389184] i915 0000:00:02.0: [drm:drm_atomic_state_default_clear] Clearing atomic state 000000006c2f8c54
[ 5393.389197] [drm:drm_mode_object_put.part.0] OBJ ID: 135 (2)
[ 5393.389208] [drm:drm_mode_object_put.part.0] OBJ ID: 137 (6)
[ 5393.389213] [drm:drm_mode_object_put.part.0] OBJ ID: 137 (5)
[ 5393.389219] [drm:drm_mode_object_put.part.0] OBJ ID: 137 (4)
[ 5393.389225] [drm:drm_mode_object_put.part.0] OBJ ID: 136 (3)
[ 5393.389231] [drm:drm_mode_object_put.part.0] OBJ ID: 136 (2)
[ 5393.389235] i915 0000:00:02.0: [drm:drm_ioctl] comm="bobide" pid=29641, dev=0xe280, auth=0, I915_GEM_MADVISE
[ 5393.389238] i915 0000:00:02.0: [drm:__drm_atomic_state_free] Freeing atomic state 000000006c2f8c54
[ 5393.389251] i915 0000:00:02.0: [drm:drm_ioctl] comm="bobide" pid=29641, dev=0xe280, auth=0, DRM_IOCTL_SYNCOBJ_WAIT
[ 5393.389264] i915 0000:00:02.0: [drm:drm_ioctl] comm="bobide" pid=29641, dev=0xe280, auth=0, I915_GEM_MADVISE
[ 5393.389273] i915 0000:00:02.0: [drm:drm_ioctl] comm="bobide" pid=29641, dev=0xe280, auth=0, DRM_IOCTL_SYNCOBJ_CREATE
[ 5393.389315] i915 0000:00:02.0: [drm:drm_ioctl] comm="bobide" pid=29641, dev=0xe280, auth=0, DRM_IOCTL_SYNCOBJ_HANDLE_TO_FD
[ 5393.389340] i915 0000:00:02.0: [drm:drm_ioctl] comm="gnome-shell" pid=14875, dev=0xe201, auth=1, DRM_IOCTL_MODE_CLOSEFB
[ 5393.389353] [drm:drm_mode_object_put.part.0] OBJ ID: 136 (2)
[ 5393.389361] [drm:drm_mode_object_put.part.0] OBJ ID: 136 (1)
[ 5393.389422] i915 0000:00:02.0: [drm:drm_ioctl] comm="KMS thread" pid=14945, dev=0xe201, auth=1, DRM_IOCTL_MODE_ADDFB2
[ 5393.389450] i915 0000:00:02.0: [drm:drm_mode_addfb2] [FB:136]
[ 5393.389475] i915 0000:00:02.0: [drm:drm_ioctl] comm="KMS thread" pid=14945, dev=0xe201, auth=1, DRM_IOCTL_MODE_ATOMIC
[ 5393.389483] i915 0000:00:02.0: [drm:drm_atomic_state_init] Allocated atomic state 000000000f110893
[ 5393.389495] [drm:drm_mode_object_get] OBJ ID: 139 (3)
[ 5393.389501] [drm:drm_mode_object_get] OBJ ID: 139 (4)
[ 5393.389507] i915 0000:00:02.0: [drm:drm_atomic_get_plane_state] Added [PLANE:33:plane 1A] 0000000019307505 state to 000000000f110893
[ 5393.389520] [drm:drm_mode_object_get] OBJ ID: 135 (1)
[ 5393.389525] [drm:drm_mode_object_get] OBJ ID: 137 (3)
[ 5393.389529] [drm:drm_mode_object_get] OBJ ID: 137 (4)
[ 5393.389534] [drm:drm_mode_object_get] OBJ ID: 137 (5)
[ 5393.389539] i915 0000:00:02.0: [drm:drm_atomic_get_crtc_state] Added [CRTC:56:pipe A] 000000003fc0ba5b state to 000000000f110893
[ 5393.389550] i915 0000:00:02.0: [drm:drm_atomic_set_fb_for_plane] Set [FB:133] for [PLANE:33:plane 1A] state 0000000019307505
[ 5393.389557] [drm:drm_mode_object_get] OBJ ID: 133 (3)
[ 5393.389562] [drm:drm_mode_object_put.part.0] OBJ ID: 139 (5)
[ 5393.389566] [drm:drm_mode_object_put.part.0] OBJ ID: 133 (4)
[ 5393.389571] [drm:drm_mode_object_put.part.0] OBJ ID: 133 (3)
[ 5393.389579] [drm:drm_mode_object_get] OBJ ID: 138 (3)
[ 5393.389585] [drm:drm_mode_object_get] OBJ ID: 138 (4)
[ 5393.389590] i915 0000:00:02.0: [drm:drm_atomic_get_plane_state] Added [PLANE:51:cursor A] 000000009075220e state to 000000000f110893
[ 5393.389598] i915 0000:00:02.0: [drm:drm_atomic_set_fb_for_plane] Set [FB:136] for [PLANE:51:cursor A] state 000000009075220e
[ 5393.389604] [drm:drm_mode_object_get] OBJ ID: 136 (3)
[ 5393.389609] [drm:drm_mode_object_put.part.0] OBJ ID: 138 (5)
[ 5393.389615] [drm:drm_mode_object_put.part.0] OBJ ID: 136 (4)
[ 5393.389620] [drm:drm_mode_object_put.part.0] OBJ ID: 136 (3)
[ 5393.389626] i915 0000:00:02.0: [drm:drm_atomic_check_only] checking 000000000f110893
[ 5393.389642] [drm:drm_mode_object_put.part.0] OBJ ID: 139 (4)
[ 5393.389648] [drm:drm_mode_object_get] OBJ ID: 133 (2)
[ 5393.389662] i915 0000:00:02.0: [drm:intel_plane_atomic_calc_changes [i915]] [CRTC:56:pipe A] with [PLANE:33:plane 1A] visible 1 -> 1, off 0, on 0, ms 0
[ 5393.391296] [drm:drm_mode_object_put.part.0] OBJ ID: 138 (4)
[ 5393.391309] [drm:drm_mode_object_get] OBJ ID: 136 (2)
[ 5393.391320] i915 0000:00:02.0: [drm:intel_plane_atomic_calc_changes [i915]] [CRTC:56:pipe A] with [PLANE:51:cursor A] visible 1 -> 1, off 0, on 0, ms 0
[ 5393.392490] i915 0000:00:02.0: [drm:intel_atomic_get_global_obj_state [i915]] Added new global object 00000000bc0392d3 state 00000000fcae132b to 000000000f110893
[ 5393.393105] i915 0000:00:02.0: [drm:drm_atomic_nonblocking_commit] committing 000000000f110893 nonblocking
[ 5393.393376] i915 0000:00:02.0: [drm:drm_crtc_vblank_helper_get_vblank_timestamp_internal] crtc 0 : v p(0,242)@ 5393.309556 -> 5393.305993 [e 0 us, 0 rep]
[ 5393.393404] i915 0000:00:02.0: [drm:drm_update_vblank_count] updating vblank count on crtc 0: current=323285, diff=0, hw=324104 hw_last=324104
[ 5393.397374] i915 0000:00:02.0: [drm:drm_ioctl] comm="gnome-shell" pid=14875, dev=0xe201, auth=1, DRM_IOCTL_SYNCOBJ_WAIT
[ 5393.397405] i915 0000:00:02.0: [drm:drm_ioctl] comm="gnome-shell" pid=14875, dev=0xe201, auth=1, DRM_IOCTL_SYNCOBJ_DESTROY
[ 5393.397415] i915 0000:00:02.0: [drm:drm_ioctl] comm="gnome-shell" pid=14875, dev=0xe201, auth=1, I915_GEM_MADVISE
[ 5393.397663] i915 0000:00:02.0: [drm:drm_ioctl] comm="gnome-shell" pid=14875, dev=0xe201, auth=1, I915_GEM_EXECBUFFER2_WR
[ 5393.405715] i915 0000:00:02.0: [drm:drm_crtc_vblank_helper_get_vblank_timestamp_internal] crtc 0 : v p(0,-52)@ 5393.321892 -> 5393.322657 [e 0 us, 0 rep]
[ 5393.405777] i915 0000:00:02.0: [drm:drm_update_vblank_count] updating vblank count on crtc 0: current=323285, diff=1, hw=324105 hw_last=324104
[ 5393.405788] i915 0000:00:02.0: [drm:drm_handle_vblank_events] vblank event on 323286, current 323286
[ 5393.405872] i915 0000:00:02.0: [drm:drm_atomic_state_default_clear] Clearing atomic state 000000000f110893
[ 5393.405886] [drm:drm_mode_object_put.part.0] OBJ ID: 135 (2)
[ 5393.405897] [drm:drm_mode_object_put.part.0] OBJ ID: 137 (6)
[ 5393.405902] [drm:drm_mode_object_put.part.0] OBJ ID: 137 (5)
[ 5393.405908] [drm:drm_mode_object_put.part.0] OBJ ID: 137 (4)
[ 5393.405914] [drm:drm_mode_object_put.part.0] OBJ ID: 139 (3)
[ 5393.405920] [drm:drm_mode_object_put.part.0] OBJ ID: 139 (2)
[ 5393.405926] [drm:drm_mode_object_put.part.0] OBJ ID: 138 (3)
[ 5393.405932] [drm:drm_mode_object_put.part.0] OBJ ID: 138 (2)
[ 5393.405938] i915 0000:00:02.0: [drm:__drm_atomic_state_free] Freeing atomic state 000000000f110893
[ 5393.422377] i915 0000:00:02.0: [drm:drm_crtc_vblank_helper_get_vblank_timestamp_internal] crtc 0 : v p(0,-52)@ 5393.338555 -> 5393.339320 [e 0 us, 0 rep]
[ 5393.422438] i915 0000:00:02.0: [drm:drm_update_vblank_count] updating vblank count on crtc 0: current=323286, diff=1, hw=324106 hw_last=324105
[ 5393.422449] i915 0000:00:02.0: [drm:vblank_disable_fn] disabling vblank on crtc 0
[ 5393.422458] i915 0000:00:02.0: [drm:drm_crtc_vblank_helper_get_vblank_timestamp_internal] crtc 0 : v p(0,-46)@ 5393.338640 -> 5393.339317 [e 0 us, 0 rep]
[ 5393.422468] i915 0000:00:02.0: [drm:drm_update_vblank_count] updating vblank count on crtc 0: current=323287, diff=0, hw=324106 hw_last=324106
[ 5393.428069] i915 0000:00:02.0: [drm:drm_ioctl] comm="gnome-shell" pid=14875, dev=0xe201, auth=1, I915_GEM_MADVISE
[ 5393.428100] i915 0000:00:02.0: [drm:drm_ioctl] comm="gnome-shell" pid=14875, dev=0xe201, auth=1, I915_GEM_MADVISE
[ 5393.428147] i915 0000:00:02.0: [drm:drm_ioctl] comm="gnome-shell" pid=14875, dev=0xe201, auth=1, DRM_IOCTL_SYNCOBJ_DESTROY
[ 5393.428184] i915 0000:00:02.0: [drm:drm_ioctl] comm="gnome-shell" pid=14875, dev=0xe201, auth=1, I915_GEM_MADVISE
[ 5393.428206] i915 0000:00:02.0: [drm:drm_ioctl] comm="gnome-shell" pid=14875, dev=0xe201, auth=1, DRM_IOCTL_SYNCOBJ_WAIT
[ 5393.428289] i915 0000:00:02.0: [drm:drm_ioctl] comm="gnome-shell" pid=14875, dev=0xe201, auth=1, I915_GEM_MADVISE
[ 5393.428314] i915 0000:00:02.0: [drm:drm_ioctl] comm="gnome-shell" pid=14875, dev=0xe201, auth=1, DRM_IOCTL_SYNCOBJ_CREATE
[ 5393.428373] i915 0000:00:02.0: [drm:drm_ioctl] comm="gnome-shell" pid=14875, dev=0xe201, auth=1, I915_REG_READ
[ 5393.428454] i915 0000:00:02.0: [drm:drm_ioctl] comm="gnome-shell" pid=14875, dev=0xe201, auth=1, I915_GEM_EXECBUFFER2_WR
[ 5393.428532] i915 0000:00:02.0: [drm:drm_ioctl] comm="gnome-shell" pid=14875, dev=0xe201, auth=1, I915_GEM_MADVISE
[ 5393.428551] i915 0000:00:02.0: [drm:drm_ioctl] comm="gnome-shell" pid=14875, dev=0xe201, auth=1, DRM_IOCTL_SYNCOBJ_WAIT
[ 5393.428573] i915 0000:00:02.0: [drm:drm_ioctl] comm="gnome-shell" pid=14875, dev=0xe201, auth=1, DRM_IOCTL_SYNCOBJ_DESTROY
[ 5393.428593] i915 0000:00:02.0: [drm:drm_ioctl] comm="gnome-shell" pid=14875, dev=0xe201, auth=1, I915_GEM_MADVISE
[ 5393.428612] i915 0000:00:02.0: [drm:drm_ioctl] comm="gnome-shell" pid=14875, dev=0xe201, auth=1, DRM_IOCTL_SYNCOBJ_CREATE
[ 5393.428796] i915 0000:00:02.0: [drm:drm_ioctl] comm="gnome-shell" pid=14875, dev=0xe201, auth=1, I915_GEM_SET_TILING
[ 5393.429292] i915 0000:00:02.0: [drm:drm_ioctl] comm="gnome-shell" pid=14875, dev=0xe201, auth=1, I915_GEM_SET_TILING
[ 5393.429319] i915 0000:00:02.0: [drm:drm_ioctl] comm="gnome-shell" pid=14875, dev=0xe201, auth=1, DRM_IOCTL_MODE_ADDFB2
[ 5393.429386] i915 0000:00:02.0: [drm:drm_mode_addfb2] [FB:140]
[ 5393.429954] i915 0000:00:02.0: [drm:drm_ioctl] comm="gnome-shell" pid=14875, dev=0xe201, auth=1, DRM_IOCTL_MODE_CLOSEFB
[ 5393.429964] [drm:drm_mode_object_put.part.0] OBJ ID: 139 (2)
[ 5393.429973] [drm:drm_mode_object_put.part.0] OBJ ID: 139 (1)
[ 5393.430075] i915 0000:00:02.0: [drm:drm_ioctl] comm="gnome-shell" pid=14875, dev=0xe201, auth=1, DRM_IOCTL_MODE_DESTROY_DUMB
[ 5393.430089] i915 0000:00:02.0: [drm:drm_ioctl] comm="gnome-shell" pid=14875, dev=0xe201, auth=1, DRM_IOCTL_MODE_CLOSEFB
[ 5393.430094] [drm:drm_mode_object_put.part.0] OBJ ID: 138 (2)
[ 5393.430093] i915 0000:00:02.0: [drm:drm_ioctl] comm="KMS thread" pid=14945, dev=0xe201, auth=1, DRM_IOCTL_MODE_ATOMIC
[ 5393.430100] [drm:drm_mode_object_put.part.0] OBJ ID: 138 (1)
[ 5393.430108] i915 0000:00:02.0: [drm:drm_atomic_state_init] Allocated atomic state 000000006716dab9
[ 5393.430126] [drm:drm_mode_object_get] OBJ ID: 133 (3)
[ 5393.430133] [drm:drm_mode_object_get] OBJ ID: 133 (4)
[ 5393.430138] i915 0000:00:02.0: [drm:drm_atomic_get_plane_state] Added [PLANE:33:plane 1A] 000000003e88ed4d state to 000000006716dab9
[ 5393.430153] [drm:drm_mode_object_get] OBJ ID: 135 (1)
[ 5393.430159] [drm:drm_mode_object_get] OBJ ID: 137 (3)
[ 5393.430164] [drm:drm_mode_object_get] OBJ ID: 137 (4)
[ 5393.430168] [drm:drm_mode_object_get] OBJ ID: 137 (5)
[ 5393.430173] i915 0000:00:02.0: [drm:drm_atomic_get_crtc_state] Added [CRTC:56:pipe A] 000000007e387835 state to 000000006716dab9
[ 5393.430184] i915 0000:00:02.0: [drm:drm_atomic_set_fb_for_plane] Set [FB:140] for [PLANE:33:plane 1A] state 000000003e88ed4d
[ 5393.430191] [drm:drm_mode_object_get] OBJ ID: 140 (3)
[ 5393.430196] [drm:drm_mode_object_put.part.0] OBJ ID: 133 (5)
[ 5393.430201] [drm:drm_mode_object_put.part.0] OBJ ID: 140 (4)
[ 5393.430205] [drm:drm_mode_object_put.part.0] OBJ ID: 140 (3)
[ 5393.430215] i915 0000:00:02.0: [drm:drm_atomic_check_only] checking 000000006716dab9
[ 5393.430232] [drm:drm_mode_object_put.part.0] OBJ ID: 133 (4)
[ 5393.430238] [drm:drm_mode_object_get] OBJ ID: 140 (2)
[ 5393.430487] i915 0000:00:02.0: [drm:drm_ioctl] comm="gnome-shell" pid=14875, dev=0xe201, auth=1, DRM_IOCTL_SYNCOBJ_CREATE
[ 5393.430500] i915 0000:00:02.0: [drm:drm_ioctl] comm="gnome-shell" pid=14875, dev=0xe201, auth=1, DRM_IOCTL_SYNCOBJ_HANDLE_TO_FD
[ 5393.430515] i915 0000:00:02.0: [drm:drm_ioctl] comm="gnome-shell" pid=14875, dev=0xe201, auth=1, DRM_IOCTL_SYNCOBJ_DESTROY
[ 5393.430254] i915 0000:00:02.0: [drm:intel_plane_atomic_calc_changes [i915]] [CRTC:56:pipe A] with [PLANE:33:plane 1A] visible 1 -> 1, off 0, on 0, ms 0
[ 5393.432103] i915 0000:00:02.0: [drm:intel_atomic_get_global_obj_state [i915]] Added new global object 00000000bc0392d3 state 00000000f7de34bd to 000000006716dab9
[ 5393.433331] i915 0000:00:02.0: [drm:drm_ioctl] comm="gnome-shell" pid=14875, dev=0xe201, auth=1, DRM_IOCTL_SYNCOBJ_WAIT
[ 5393.433360] i915 0000:00:02.0: [drm:drm_ioctl] comm="gnome-shell" pid=14875, dev=0xe201, auth=1, DRM_IOCTL_SYNCOBJ_WAIT
[ 5393.433368] i915 0000:00:02.0: [drm:drm_ioctl] comm="gnome-shell" pid=14875, dev=0xe201, auth=1, DRM_IOCTL_SYNCOBJ_WAIT
[ 5393.433375] i915 0000:00:02.0: [drm:drm_ioctl] comm="gnome-shell" pid=14875, dev=0xe201, auth=1, DRM_IOCTL_SYNCOBJ_WAIT
[ 5393.433382] i915 0000:00:02.0: [drm:drm_ioctl] comm="gnome-shell" pid=14875, dev=0xe201, auth=1, DRM_IOCTL_SYNCOBJ_WAIT
[ 5393.433389] i915 0000:00:02.0: [drm:drm_ioctl] comm="gnome-shell" pid=14875, dev=0xe201, auth=1, DRM_IOCTL_SYNCOBJ_WAIT
[ 5393.433933] i915 0000:00:02.0: [drm:drm_atomic_nonblocking_commit] committing 000000006716dab9 nonblocking
[ 5393.434007] i915 0000:00:02.0: [drm:drm_crtc_vblank_helper_get_vblank_timestamp_internal] crtc 0 : v p(0,738)@ 5393.350186 -> 5393.339322 [e 0 us, 0 rep]
[ 5393.434029] i915 0000:00:02.0: [drm:drm_vblank_restore] missed 0 vblanks in 1828 ns, frame duration=16664485 ns, hw_diff=0
[ 5393.434038] i915 0000:00:02.0: [drm:drm_vblank_enable] enabling vblank on crtc 0, ret: 0
[ 5393.434045] i915 0000:00:02.0: [drm:drm_crtc_vblank_helper_get_vblank_timestamp_internal] crtc 0 : v p(0,741)@ 5393.350226 -> 5393.339318 [e 0 us, 0 rep]
[ 5393.434054] i915 0000:00:02.0: [drm:drm_update_vblank_count] updating vblank count on crtc 0: current=323287, diff=0, hw=324106 hw_last=324106
[ 5393.434071] i915 0000:00:02.0: [drm:drm_crtc_vblank_helper_get_vblank_timestamp_internal] crtc 0 : v p(0,743)@ 5393.350252 -> 5393.339314 [e 0 us, 0 rep]
[ 5393.434080] i915 0000:00:02.0: [drm:drm_update_vblank_count] updating vblank count on crtc 0: current=323287, diff=0, hw=324106 hw_last=324106
[ 5393.434082] i915 0000:00:02.0: [drm:drm_ioctl] comm="gnome-shell" pid=14875, dev=0xe201, auth=1, I915_GEM_EXECBUFFER2_WR
[ 5393.434245] i915 0000:00:02.0: [drm:drm_ioctl] comm="gnome-shell" pid=14875, dev=0xe201, auth=1, I915_GEM_MADVISE
[ 5393.434257] i915 0000:00:02.0: [drm:drm_ioctl] comm="gnome-shell" pid=14875, dev=0xe201, auth=1, DRM_IOCTL_SYNCOBJ_WAIT
[ 5393.434269] i915 0000:00:02.0: [drm:drm_ioctl] comm="gnome-shell" pid=14875, dev=0xe201, auth=1, I915_GEM_MADVISE
[ 5393.434278] i915 0000:00:02.0: [drm:drm_ioctl] comm="gnome-shell" pid=14875, dev=0xe201, auth=1, DRM_IOCTL_SYNCOBJ_CREATE
[ 5393.434331] i915 0000:00:02.0: [drm:drm_ioctl] comm="gnome-shell" pid=14875, dev=0xe201, auth=1, I915_REG_READ
[ 5393.434359] i915 0000:00:02.0: [drm:drm_ioctl] comm="gnome-shell" pid=14875, dev=0xe201, auth=1, I915_GEM_EXECBUFFER2_WR
[ 5393.434388] i915 0000:00:02.0: [drm:drm_ioctl] comm="gnome-shell" pid=14875, dev=0xe201, auth=1, I915_GEM_MADVISE
[ 5393.434396] i915 0000:00:02.0: [drm:drm_ioctl] comm="gnome-shell" pid=14875, dev=0xe201, auth=1, DRM_IOCTL_SYNCOBJ_WAIT
[ 5393.434405] i915 0000:00:02.0: [drm:drm_ioctl] comm="gnome-shell" pid=14875, dev=0xe201, auth=1, DRM_IOCTL_SYNCOBJ_DESTROY
[ 5393.434414] i915 0000:00:02.0: [drm:drm_ioctl] comm="gnome-shell" pid=14875, dev=0xe201, auth=1, I915_GEM_MADVISE
[ 5393.434423] i915 0000:00:02.0: [drm:drm_ioctl] comm="gnome-shell" pid=14875, dev=0xe201, auth=1, DRM_IOCTL_SYNCOBJ_CREATE
[ 5393.434481] i915 0000:00:02.0: [drm:drm_ioctl] comm="gnome-shell" pid=14875, dev=0xe201, auth=1, I915_GEM_SET_TILING
[ 5393.434498] i915 0000:00:02.0: [drm:drm_ioctl] comm="gnome-shell" pid=14875, dev=0xe201, auth=1, I915_GEM_SET_TILING
[ 5393.434510] i915 0000:00:02.0: [drm:drm_ioctl] comm="gnome-shell" pid=14875, dev=0xe201, auth=1, DRM_IOCTL_MODE_ADDFB2
[ 5393.434536] i915 0000:00:02.0: [drm:drm_mode_addfb2] [FB:138]
[ 5393.434687] i915 0000:00:02.0: [drm:drm_ioctl] comm="bobide" pid=29641, dev=0xe280, auth=0, I915_GET_RESET_STATS
[ 5393.434703] i915 0000:00:02.0: [drm:drm_ioctl] comm="bobide" pid=29641, dev=0xe280, auth=0, I915_GET_RESET_STATS
[ 5393.435511] i915 0000:00:02.0: [drm:drm_ioctl] comm="gnome-shell" pid=14875, dev=0xe201, auth=1, DRM_IOCTL_SYNCOBJ_CREATE
[ 5393.435520] i915 0000:00:02.0: [drm:drm_ioctl] comm="bobide" pid=29641, dev=0xe280, auth=0, I915_GEM_EXECBUFFER2_WR
[ 5393.435529] i915 0000:00:02.0: [drm:drm_ioctl] comm="gnome-shell" pid=14875, dev=0xe201, auth=1, DRM_IOCTL_SYNCOBJ_HANDLE_TO_FD
[ 5393.435545] i915 0000:00:02.0: [drm:drm_ioctl] comm="gnome-shell" pid=14875, dev=0xe201, auth=1, DRM_IOCTL_SYNCOBJ_DESTROY
[ 5393.435605] i915 0000:00:02.0: [drm:drm_ioctl] comm="bobide" pid=29641, dev=0xe280, auth=0, DRM_IOCTL_SYNCOBJ_DESTROY
[ 5393.435616] i915 0000:00:02.0: [drm:drm_ioctl] comm="bobide" pid=29641, dev=0xe280, auth=0, I915_GEM_MADVISE
[ 5393.435625] i915 0000:00:02.0: [drm:drm_ioctl] comm="bobide" pid=29641, dev=0xe280, auth=0, DRM_IOCTL_SYNCOBJ_WAIT
[ 5393.435635] i915 0000:00:02.0: [drm:drm_ioctl] comm="bobide" pid=29641, dev=0xe280, auth=0, I915_GEM_MADVISE
[ 5393.435644] i915 0000:00:02.0: [drm:drm_ioctl] comm="bobide" pid=29641, dev=0xe280, auth=0, DRM_IOCTL_SYNCOBJ_CREATE
[ 5393.435667] i915 0000:00:02.0: [drm:drm_ioctl] comm="bobide" pid=29641, dev=0xe280, auth=0, DRM_IOCTL_SYNCOBJ_HANDLE_TO_FD
[ 5393.439045] i915 0000:00:02.0: [drm:drm_crtc_vblank_helper_get_vblank_timestamp_internal] crtc 0 : v p(0,-52)@ 5393.355218 -> 5393.355984 [e 0 us, 0 rep]
[ 5393.439102] i915 0000:00:02.0: [drm:drm_update_vblank_count] updating vblank count on crtc 0: current=323287, diff=1, hw=324107 hw_last=324106
[ 5393.439111] i915 0000:00:02.0: [drm:drm_handle_vblank_events] vblank event on 323288, current 323288
[ 5393.439162] i915 0000:00:02.0: [drm:drm_atomic_state_default_clear] Clearing atomic state 000000006716dab9
[ 5393.439176] [drm:drm_mode_object_put.part.0] OBJ ID: 135 (2)
[ 5393.439186] [drm:drm_mode_object_put.part.0] OBJ ID: 137 (6)
[ 5393.439192] [drm:drm_mode_object_put.part.0] OBJ ID: 137 (5)
[ 5393.439197] [drm:drm_mode_object_put.part.0] OBJ ID: 137 (4)
[ 5393.439203] [drm:drm_mode_object_put.part.0] OBJ ID: 133 (3)
[ 5393.439208] [drm:drm_mode_object_put.part.0] OBJ ID: 133 (2)
[ 5393.439215] i915 0000:00:02.0: [drm:__drm_atomic_state_free] Freeing atomic state 000000006716dab9
[ 5393.439585] i915 0000:00:02.0: [drm:drm_ioctl] comm="bobide" pid=29641, dev=0xe280, auth=0, DRM_IOCTL_SYNCOBJ_WAIT
[ 5393.439612] i915 0000:00:02.0: [drm:drm_ioctl] comm="bobide" pid=29641, dev=0xe280, auth=0, DRM_IOCTL_SYNCOBJ_WAIT
[ 5393.439621] i915 0000:00:02.0: [drm:drm_ioctl] comm="bobide" pid=29641, dev=0xe280, auth=0, DRM_IOCTL_SYNCOBJ_WAIT
[ 5393.439629] i915 0000:00:02.0: [drm:drm_ioctl] comm="bobide" pid=29641, dev=0xe280, auth=0, DRM_IOCTL_SYNCOBJ_WAIT
[ 5393.439749] i915 0000:00:02.0: [drm:drm_ioctl] comm="bobide" pid=29641, dev=0xe280, auth=0, DRM_IOCTL_SYNCOBJ_WAIT
[ 5393.439761] i915 0000:00:02.0: [drm:drm_ioctl] comm="bobide" pid=29641, dev=0xe280, auth=0, DRM_IOCTL_SYNCOBJ_DESTROY
[ 5393.439856] i915 0000:00:02.0: [drm:drm_ioctl] comm="bobide" pid=29641, dev=0xe280, auth=0, DRM_IOCTL_SYNCOBJ_WAIT
[ 5393.440874] i915 0000:00:02.0: [drm:drm_ioctl] comm="bobide" pid=29641, dev=0xe280, auth=0, I915_GEM_CREATE_EXT
[ 5393.440916] i915 0000:00:02.0: [drm:drm_ioctl] comm="bobide" pid=29641, dev=0xe280, auth=0, I915_GEM_SET_DOMAIN
[ 5393.440958] i915 0000:00:02.0: [drm:drm_ioctl] comm="bobide" pid=29641, dev=0xe280, auth=0, I915_GEM_MMAP_OFFSET
[ 5393.440999] i915 0000:00:02.0: [drm:drm_ioctl] comm="gnome-shell" pid=14875, dev=0xe201, auth=1, DRM_IOCTL_MODE_CLOSEFB
[ 5393.441012] [drm:drm_mode_object_put.part.0] OBJ ID: 133 (2)
[ 5393.441022] [drm:drm_mode_object_put.part.0] OBJ ID: 133 (1)
[ 5393.441120] i915 0000:00:02.0: [drm:drm_ioctl] comm="KMS thread" pid=14945, dev=0xe201, auth=1, DRM_IOCTL_MODE_ATOMIC
[ 5393.441134] i915 0000:00:02.0: [drm:drm_atomic_state_init] Allocated atomic state 00000000513e8977
[ 5393.441150] [drm:drm_mode_object_get] OBJ ID: 140 (3)
[ 5393.441155] [drm:drm_mode_object_get] OBJ ID: 140 (4)
[ 5393.441161] i915 0000:00:02.0: [drm:drm_atomic_get_plane_state] Added [PLANE:33:plane 1A] 00000000f013a116 state to 00000000513e8977
[ 5393.441178] [drm:drm_mode_object_get] OBJ ID: 135 (1)
[ 5393.441183] [drm:drm_mode_object_get] OBJ ID: 137 (3)
[ 5393.441187] [drm:drm_mode_object_get] OBJ ID: 137 (4)
[ 5393.441191] [drm:drm_mode_object_get] OBJ ID: 137 (5)
[ 5393.441196] i915 0000:00:02.0: [drm:drm_atomic_get_crtc_state] Added [CRTC:56:pipe A] 000000000ff0d236 state to 00000000513e8977
[ 5393.441207] i915 0000:00:02.0: [drm:drm_atomic_set_fb_for_plane] Set [FB:138] for [PLANE:33:plane 1A] state 00000000f013a116
[ 5393.441214] [drm:drm_mode_object_get] OBJ ID: 138 (3)
[ 5393.441219] [drm:drm_mode_object_put.part.0] OBJ ID: 140 (5)
[ 5393.441225] [drm:drm_mode_object_put.part.0] OBJ ID: 138 (4)
[ 5393.441229] [drm:drm_mode_object_put.part.0] OBJ ID: 138 (3)
[ 5393.441238] i915 0000:00:02.0: [drm:drm_atomic_check_only] checking 00000000513e8977
[ 5393.441258] [drm:drm_mode_object_put.part.0] OBJ ID: 140 (4)
[ 5393.441263] [drm:drm_mode_object_get] OBJ ID: 138 (2)
[ 5393.441428] i915 0000:00:02.0: [drm:drm_ioctl] comm="bobide" pid=29641, dev=0xe280, auth=0, I915_GET_RESET_STATS
[ 5393.441440] i915 0000:00:02.0: [drm:drm_ioctl] comm="bobide" pid=29641, dev=0xe280, auth=0, I915_GET_RESET_STATS
[ 5393.441281] i915 0000:00:02.0: [drm:intel_plane_atomic_calc_changes [i915]] [CRTC:56:pipe A] with [PLANE:33:plane 1A] visible 1 -> 1, off 0, on 0, ms 0
[ 5393.443508] i915 0000:00:02.0: [drm:drm_ioctl] comm="bobide" pid=29641, dev=0xe280, auth=0, DRM_IOCTL_SYNCOBJ_WAIT
[ 5393.443530] i915 0000:00:02.0: [drm:drm_ioctl] comm="bobide" pid=29641, dev=0xe280, auth=0, DRM_IOCTL_SYNCOBJ_WAIT
[ 5393.443179] i915 0000:00:02.0: [drm:intel_atomic_get_global_obj_state [i915]] Added new global object 00000000bc0392d3 state 0000000042a83b7c to 00000000513e8977
[ 5393.444817] i915 0000:00:02.0: [drm:drm_atomic_nonblocking_commit] committing 00000000513e8977 nonblocking
[ 5393.444961] i915 0000:00:02.0: [drm:drm_crtc_vblank_helper_get_vblank_timestamp_internal] crtc 0 : v p(0,350)@ 5393.361136 -> 5393.355983 [e 4 us, 0 rep]
[ 5393.444991] i915 0000:00:02.0: [drm:drm_update_vblank_count] updating vblank count on crtc 0: current=323288, diff=0, hw=324107 hw_last=324107
[ 5393.446450] i915 0000:00:02.0: [drm:drm_ioctl] comm="bobide" pid=29641, dev=0xe280, auth=0, I915_GET_RESET_STATS
[ 5393.446480] i915 0000:00:02.0: [drm:drm_ioctl] comm="bobide" pid=29641, dev=0xe280, auth=0, I915_GET_RESET_STATS
[ 5393.447531] i915 0000:00:02.0: [drm:drm_ioctl] comm="gnome-shell" pid=14875, dev=0xe201, auth=1, DRM_IOCTL_SYNCOBJ_WAIT
[ 5393.447570] i915 0000:00:02.0: [drm:drm_ioctl] comm="gnome-shell" pid=14875, dev=0xe201, auth=1, DRM_IOCTL_SYNCOBJ_DESTROY
[ 5393.447587] i915 0000:00:02.0: [drm:drm_ioctl] comm="gnome-shell" pid=14875, dev=0xe201, auth=1, DRM_IOCTL_SYNCOBJ_WAIT
[ 5393.447596] i915 0000:00:02.0: [drm:drm_ioctl] comm="gnome-shell" pid=14875, dev=0xe201, auth=1, DRM_IOCTL_SYNCOBJ_DESTROY
[ 5393.447609] i915 0000:00:02.0: [drm:drm_ioctl] comm="gnome-shell" pid=14875, dev=0xe201, auth=1, DRM_IOCTL_SYNCOBJ_WAIT
[ 5393.447617] i915 0000:00:02.0: [drm:drm_ioctl] comm="gnome-shell" pid=14875, dev=0xe201, auth=1, DRM_IOCTL_SYNCOBJ_DESTROY
[ 5393.447624] i915 0000:00:02.0: [drm:drm_ioctl] comm="gnome-shell" pid=14875, dev=0xe201, auth=1, DRM_IOCTL_SYNCOBJ_WAIT
[ 5393.447633] i915 0000:00:02.0: [drm:drm_ioctl] comm="gnome-shell" pid=14875, dev=0xe201, auth=1, DRM_IOCTL_SYNCOBJ_WAIT
[ 5393.447640] i915 0000:00:02.0: [drm:drm_ioctl] comm="gnome-shell" pid=14875, dev=0xe201, auth=1, DRM_IOCTL_SYNCOBJ_WAIT
[ 5393.447647] i915 0000:00:02.0: [drm:drm_ioctl] comm="gnome-shell" pid=14875, dev=0xe201, auth=1, DRM_IOCTL_SYNCOBJ_DESTROY
[ 5393.447657] i915 0000:00:02.0: [drm:drm_ioctl] comm="gnome-shell" pid=14875, dev=0xe201, auth=1, DRM_IOCTL_SYNCOBJ_WAIT
[ 5393.447665] i915 0000:00:02.0: [drm:drm_ioctl] comm="gnome-shell" pid=14875, dev=0xe201, auth=1, DRM_IOCTL_SYNCOBJ_WAIT
[ 5393.447673] i915 0000:00:02.0: [drm:drm_ioctl] comm="gnome-shell" pid=14875, dev=0xe201, auth=1, DRM_IOCTL_SYNCOBJ_WAIT
[ 5393.447681] i915 0000:00:02.0: [drm:drm_ioctl] comm="gnome-shell" pid=14875, dev=0xe201, auth=1, DRM_IOCTL_SYNCOBJ_DESTROY
[ 5393.447692] i915 0000:00:02.0: [drm:drm_ioctl] comm="gnome-shell" pid=14875, dev=0xe201, auth=1, DRM_IOCTL_SYNCOBJ_WAIT
[ 5393.447700] i915 0000:00:02.0: [drm:drm_ioctl] comm="gnome-shell" pid=14875, dev=0xe201, auth=1, DRM_IOCTL_SYNCOBJ_WAIT
[ 5393.447707] i915 0000:00:02.0: [drm:drm_ioctl] comm="gnome-shell" pid=14875, dev=0xe201, auth=1, DRM_IOCTL_SYNCOBJ_WAIT
[ 5393.447714] i915 0000:00:02.0: [drm:drm_ioctl] comm="gnome-shell" pid=14875, dev=0xe201, auth=1, DRM_IOCTL_SYNCOBJ_DESTROY
[ 5393.447725] i915 0000:00:02.0: [drm:drm_ioctl] comm="gnome-shell" pid=14875, dev=0xe201, auth=1, DRM_IOCTL_SYNCOBJ_WAIT
[ 5393.447733] i915 0000:00:02.0: [drm:drm_ioctl] comm="gnome-shell" pid=14875, dev=0xe201, auth=1, DRM_IOCTL_SYNCOBJ_WAIT
[ 5393.447741] i915 0000:00:02.0: [drm:drm_ioctl] comm="gnome-shell" pid=14875, dev=0xe201, auth=1, DRM_IOCTL_SYNCOBJ_WAIT
[ 5393.447749] i915 0000:00:02.0: [drm:drm_ioctl] comm="gnome-shell" pid=14875, dev=0xe201, auth=1, DRM_IOCTL_SYNCOBJ_DESTROY
[ 5393.447758] i915 0000:00:02.0: [drm:drm_ioctl] comm="gnome-shell" pid=14875, dev=0xe201, auth=1, DRM_IOCTL_SYNCOBJ_WAIT
[ 5393.447766] i915 0000:00:02.0: [drm:drm_ioctl] comm="gnome-shell" pid=14875, dev=0xe201, auth=1, DRM_IOCTL_SYNCOBJ_WAIT
[ 5393.447774] i915 0000:00:02.0: [drm:drm_ioctl] comm="gnome-shell" pid=14875, dev=0xe201, auth=1, DRM_IOCTL_SYNCOBJ_WAIT
[ 5393.447781] i915 0000:00:02.0: [drm:drm_ioctl] comm="gnome-shell" pid=14875, dev=0xe201, auth=1, DRM_IOCTL_SYNCOBJ_DESTROY
[ 5393.447792] i915 0000:00:02.0: [drm:drm_ioctl] comm="gnome-shell" pid=14875, dev=0xe201, auth=1, DRM_IOCTL_SYNCOBJ_WAIT
[ 5393.447799] i915 0000:00:02.0: [drm:drm_ioctl] comm="gnome-shell" pid=14875, dev=0xe201, auth=1, DRM_IOCTL_SYNCOBJ_WAIT
[ 5393.447806] i915 0000:00:02.0: [drm:drm_ioctl] comm="gnome-shell" pid=14875, dev=0xe201, auth=1, DRM_IOCTL_SYNCOBJ_WAIT
[ 5393.447814] i915 0000:00:02.0: [drm:drm_ioctl] comm="gnome-shell" pid=14875, dev=0xe201, auth=1, DRM_IOCTL_SYNCOBJ_DESTROY
[ 5393.447840] i915 0000:00:02.0: [drm:drm_ioctl] comm="gnome-shell" pid=14875, dev=0xe201, auth=1, DRM_IOCTL_SYNCOBJ_WAIT
[ 5393.447849] i915 0000:00:02.0: [drm:drm_ioctl] comm="gnome-shell" pid=14875, dev=0xe201, auth=1, DRM_IOCTL_SYNCOBJ_WAIT
[ 5393.447857] i915 0000:00:02.0: [drm:drm_ioctl] comm="gnome-shell" pid=14875, dev=0xe201, auth=1, DRM_IOCTL_SYNCOBJ_WAIT
[ 5393.447865] i915 0000:00:02.0: [drm:drm_ioctl] comm="gnome-shell" pid=14875, dev=0xe201, auth=1, DRM_IOCTL_SYNCOBJ_WAIT
[ 5393.447872] i915 0000:00:02.0: [drm:drm_ioctl] comm="gnome-shell" pid=14875, dev=0xe201, auth=1, DRM_IOCTL_SYNCOBJ_WAIT
[ 5393.448563] i915 0000:00:02.0: [drm:drm_ioctl] comm="gnome-shell" pid=14875, dev=0xe201, auth=1, I915_GEM_EXECBUFFER2_WR
[ 5393.448705] i915 0000:00:02.0: [drm:drm_ioctl] comm="gnome-shell" pid=14875, dev=0xe201, auth=1, I915_GEM_MADVISE
[ 5393.448717] i915 0000:00:02.0: [drm:drm_ioctl] comm="gnome-shell" pid=14875, dev=0xe201, auth=1, DRM_IOCTL_SYNCOBJ_WAIT
[ 5393.448727] i915 0000:00:02.0: [drm:drm_ioctl] comm="gnome-shell" pid=14875, dev=0xe201, auth=1, I915_GEM_MADVISE
[ 5393.448735] i915 0000:00:02.0: [drm:drm_ioctl] comm="gnome-shell" pid=14875, dev=0xe201, auth=1, DRM_IOCTL_SYNCOBJ_CREATE
[ 5393.448757] i915 0000:00:02.0: [drm:drm_ioctl] comm="gnome-shell" pid=14875, dev=0xe201, auth=1, I915_REG_READ
[ 5393.448934] i915 0000:00:02.0: [drm:drm_ioctl] comm="gnome-shell" pid=14875, dev=0xe201, auth=1, I915_GEM_EXECBUFFER2_WR
[ 5393.448966] i915 0000:00:02.0: [drm:drm_ioctl] comm="gnome-shell" pid=14875, dev=0xe201, auth=1, I915_GEM_MADVISE
[ 5393.448975] i915 0000:00:02.0: [drm:drm_ioctl] comm="gnome-shell" pid=14875, dev=0xe201, auth=1, DRM_IOCTL_SYNCOBJ_WAIT
[ 5393.448983] i915 0000:00:02.0: [drm:drm_ioctl] comm="gnome-shell" pid=14875, dev=0xe201, auth=1, DRM_IOCTL_SYNCOBJ_DESTROY
[ 5393.448990] i915 0000:00:02.0: [drm:drm_ioctl] comm="gnome-shell" pid=14875, dev=0xe201, auth=1, I915_GEM_MADVISE
[ 5393.448996] i915 0000:00:02.0: [drm:drm_ioctl] comm="gnome-shell" pid=14875, dev=0xe201, auth=1, DRM_IOCTL_SYNCOBJ_CREATE
[ 5393.449058] i915 0000:00:02.0: [drm:drm_ioctl] comm="gnome-shell" pid=14875, dev=0xe201, auth=1, I915_GEM_SET_TILING
[ 5393.449077] i915 0000:00:02.0: [drm:drm_ioctl] comm="gnome-shell" pid=14875, dev=0xe201, auth=1, I915_GEM_SET_TILING
[ 5393.449092] i915 0000:00:02.0: [drm:drm_ioctl] comm="gnome-shell" pid=14875, dev=0xe201, auth=1, DRM_IOCTL_MODE_ADDFB2
[ 5393.449130] i915 0000:00:02.0: [drm:drm_mode_addfb2] [FB:133]
[ 5393.450222] i915 0000:00:02.0: [drm:drm_ioctl] comm="gnome-shell" pid=14875, dev=0xe201, auth=1, DRM_IOCTL_SYNCOBJ_CREATE
[ 5393.450243] i915 0000:00:02.0: [drm:drm_ioctl] comm="gnome-shell" pid=14875, dev=0xe201, auth=1, DRM_IOCTL_SYNCOBJ_HANDLE_TO_FD
[ 5393.450261] i915 0000:00:02.0: [drm:drm_ioctl] comm="gnome-shell" pid=14875, dev=0xe201, auth=1, DRM_IOCTL_SYNCOBJ_DESTROY
[ 5393.450513] i915 0000:00:02.0: [drm:drm_ioctl] comm="bobide" pid=29641, dev=0xe280, auth=0, I915_GEM_CREATE_EXT
[ 5393.450551] i915 0000:00:02.0: [drm:drm_ioctl] comm="bobide" pid=29641, dev=0xe280, auth=0, I915_GEM_SET_DOMAIN
[ 5393.450598] i915 0000:00:02.0: [drm:drm_ioctl] comm="bobide" pid=29641, dev=0xe280, auth=0, I915_GEM_MMAP_OFFSET
[ 5393.453179] i915 0000:00:02.0: [drm:drm_ioctl] comm="bobide" pid=29641, dev=0xe280, auth=0, I915_GET_RESET_STATS
[ 5393.453203] i915 0000:00:02.0: [drm:drm_ioctl] comm="bobide" pid=29641, dev=0xe280, auth=0, I915_GET_RESET_STATS
[ 5393.455705] i915 0000:00:02.0: [drm:drm_crtc_vblank_helper_get_vblank_timestamp_internal] crtc 0 : v p(0,-52)@ 5393.371881 -> 5393.372647 [e 0 us, 0 rep]
[ 5393.455760] i915 0000:00:02.0: [drm:drm_update_vblank_count] updating vblank count on crtc 0: current=323288, diff=1, hw=324108 hw_last=324107
[ 5393.455770] i915 0000:00:02.0: [drm:drm_handle_vblank_events] vblank event on 323289, current 323289
[ 5393.455837] i915 0000:00:02.0: [drm:drm_atomic_state_default_clear] Clearing atomic state 00000000513e8977
[ 5393.455851] [drm:drm_mode_object_put.part.0] OBJ ID: 135 (2)
[ 5393.455862] [drm:drm_mode_object_put.part.0] OBJ ID: 137 (6)
[ 5393.455867] [drm:drm_mode_object_put.part.0] OBJ ID: 137 (5)
[ 5393.455872] [drm:drm_mode_object_put.part.0] OBJ ID: 137 (4)
[ 5393.455879] [drm:drm_mode_object_put.part.0] OBJ ID: 140 (3)
[ 5393.455885] [drm:drm_mode_object_put.part.0] OBJ ID: 140 (2)
[ 5393.455892] i915 0000:00:02.0: [drm:__drm_atomic_state_free] Freeing atomic state 00000000513e8977
[ 5393.457366] i915 0000:00:02.0: [drm:drm_ioctl] comm="gnome-shell" pid=14875, dev=0xe201, auth=1, DRM_IOCTL_MODE_CLOSEFB
[ 5393.457384] [drm:drm_mode_object_put.part.0] OBJ ID: 140 (2)
[ 5393.457393] [drm:drm_mode_object_put.part.0] OBJ ID: 140 (1)
[ 5393.457469] i915 0000:00:02.0: [drm:drm_ioctl] comm="KMS thread" pid=14945, dev=0xe201, auth=1, DRM_IOCTL_MODE_ATOMIC
[ 5393.457482] i915 0000:00:02.0: [drm:drm_atomic_state_init] Allocated atomic state 000000008507e62a
[ 5393.457496] [drm:drm_mode_object_get] OBJ ID: 138 (3)
[ 5393.457502] [drm:drm_mode_object_get] OBJ ID: 138 (4)
[ 5393.457507] i915 0000:00:02.0: [drm:drm_atomic_get_plane_state] Added [PLANE:33:plane 1A] 00000000fceb37f1 state to 000000008507e62a
[ 5393.457520] [drm:drm_mode_object_get] OBJ ID: 135 (1)
[ 5393.457526] [drm:drm_mode_object_get] OBJ ID: 137 (3)
[ 5393.457530] [drm:drm_mode_object_get] OBJ ID: 137 (4)
[ 5393.457535] [drm:drm_mode_object_get] OBJ ID: 137 (5)
[ 5393.457540] i915 0000:00:02.0: [drm:drm_atomic_get_crtc_state] Added [CRTC:56:pipe A] 000000007b0f2f50 state to 000000008507e62a
[ 5393.457550] i915 0000:00:02.0: [drm:drm_atomic_set_fb_for_plane] Set [FB:133] for [PLANE:33:plane 1A] state 00000000fceb37f1
[ 5393.457557] [drm:drm_mode_object_get] OBJ ID: 133 (3)
[ 5393.457562] [drm:drm_mode_object_put.part.0] OBJ ID: 138 (5)
[ 5393.457567] [drm:drm_mode_object_put.part.0] OBJ ID: 133 (4)
[ 5393.457572] [drm:drm_mode_object_put.part.0] OBJ ID: 133 (3)
[ 5393.457581] i915 0000:00:02.0: [drm:drm_atomic_check_only] checking 000000008507e62a
[ 5393.457602] [drm:drm_mode_object_put.part.0] OBJ ID: 138 (4)
[ 5393.457608] [drm:drm_mode_object_get] OBJ ID: 133 (2)
[ 5393.458010] i915 0000:00:02.0: [drm:drm_ioctl] comm="bobide" pid=29641, dev=0xe280, auth=0, I915_GEM_CREATE_EXT
[ 5393.458050] i915 0000:00:02.0: [drm:drm_ioctl] comm="bobide" pid=29641, dev=0xe280, auth=0, I915_GEM_SET_DOMAIN
[ 5393.458215] i915 0000:00:02.0: [drm:drm_ioctl] comm="bobide" pid=29641, dev=0xe280, auth=0, I915_GEM_MMAP_OFFSET
[ 5393.458592] i915 0000:00:02.0: [drm:drm_ioctl] comm="bobide" pid=29641, dev=0xe280, auth=0, DRM_IOCTL_SYNCOBJ_WAIT
[ 5393.458610] i915 0000:00:02.0: [drm:drm_ioctl] comm="bobide" pid=29641, dev=0xe280, auth=0, I915_GEM_MADVISE
[ 5393.457627] i915 0000:00:02.0: [drm:intel_plane_atomic_calc_changes [i915]] [CRTC:56:pipe A] with [PLANE:33:plane 1A] visible 1 -> 1, off 0, on 0, ms 0
[ 5393.460003] i915 0000:00:02.0: [drm:drm_ioctl] comm="bobide" pid=29641, dev=0xe280, auth=0, I915_GET_RESET_STATS
[ 5393.460025] i915 0000:00:02.0: [drm:drm_ioctl] comm="bobide" pid=29641, dev=0xe280, auth=0, I915_GET_RESET_STATS
[ 5393.459726] i915 0000:00:02.0: [drm:intel_atomic_get_global_obj_state [i915]] Added new global object 00000000bc0392d3 state 00000000cb5b1c13 to 000000008507e62a
[ 5393.461834] i915 0000:00:02.0: [drm:drm_atomic_nonblocking_commit] committing 000000008507e62a nonblocking
[ 5393.461917] i915 0000:00:02.0: [drm:drm_crtc_vblank_helper_get_vblank_timestamp_internal] crtc 0 : v p(0,370)@ 5393.378095 -> 5393.372648 [e 0 us, 0 rep]
[ 5393.461940] i915 0000:00:02.0: [drm:drm_update_vblank_count] updating vblank count on crtc 0: current=323289, diff=0, hw=324108 hw_last=324108
[ 5393.462607] i915 0000:00:02.0: [drm:drm_ioctl] comm="bobide" pid=29641, dev=0xe280, auth=0, I915_GEM_EXECBUFFER2_WR
[ 5393.464010] i915 0000:00:02.0: [drm:drm_ioctl] comm="bobide" pid=29641, dev=0xe280, auth=0, I915_GEM_MADVISE
[ 5393.464034] i915 0000:00:02.0: [drm:drm_ioctl] comm="bobide" pid=29641, dev=0xe280, auth=0, I915_GEM_MADVISE
[ 5393.464044] i915 0000:00:02.0: [drm:drm_ioctl] comm="bobide" pid=29641, dev=0xe280, auth=0, I915_GEM_MADVISE
[ 5393.464057] i915 0000:00:02.0: [drm:drm_ioctl] comm="bobide" pid=29641, dev=0xe280, auth=0, DRM_IOCTL_SYNCOBJ_DESTROY
[ 5393.464072] i915 0000:00:02.0: [drm:drm_ioctl] comm="bobide" pid=29641, dev=0xe280, auth=0, DRM_IOCTL_SYNCOBJ_DESTROY
[ 5393.464083] i915 0000:00:02.0: [drm:drm_ioctl] comm="bobide" pid=29641, dev=0xe280, auth=0, DRM_IOCTL_SYNCOBJ_DESTROY
[ 5393.464092] i915 0000:00:02.0: [drm:drm_ioctl] comm="bobide" pid=29641, dev=0xe280, auth=0, DRM_IOCTL_SYNCOBJ_DESTROY
[ 5393.464101] i915 0000:00:02.0: [drm:drm_ioctl] comm="bobide" pid=29641, dev=0xe280, auth=0, DRM_IOCTL_SYNCOBJ_DESTROY
[ 5393.464110] i915 0000:00:02.0: [drm:drm_ioctl] comm="bobide" pid=29641, dev=0xe280, auth=0, DRM_IOCTL_SYNCOBJ_DESTROY
[ 5393.464123] i915 0000:00:02.0: [drm:drm_ioctl] comm="bobide" pid=29641, dev=0xe280, auth=0, I915_GEM_MADVISE
[ 5393.464133] i915 0000:00:02.0: [drm:drm_ioctl] comm="bobide" pid=29641, dev=0xe280, auth=0, DRM_IOCTL_SYNCOBJ_WAIT
[ 5393.464143] i915 0000:00:02.0: [drm:drm_ioctl] comm="bobide" pid=29641, dev=0xe280, auth=0, I915_GEM_MADVISE
[ 5393.464152] i915 0000:00:02.0: [drm:drm_ioctl] comm="bobide" pid=29641, dev=0xe280, auth=0, DRM_IOCTL_SYNCOBJ_CREATE
[ 5393.464241] i915 0000:00:02.0: [drm:drm_ioctl] comm="bobide" pid=29641, dev=0xe280, auth=0, DRM_IOCTL_SYNCOBJ_HANDLE_TO_FD
[ 5393.464996] i915 0000:00:02.0: [drm:drm_ioctl] comm="gnome-shell" pid=14875, dev=0xe201, auth=1, I915_GEM_EXECBUFFER2_WR
[ 5393.465229] i915 0000:00:02.0: [drm:drm_ioctl] comm="gnome-shell" pid=14875, dev=0xe201, auth=1, I915_GEM_MADVISE
[ 5393.465248] i915 0000:00:02.0: [drm:drm_ioctl] comm="gnome-shell" pid=14875, dev=0xe201, auth=1, DRM_IOCTL_SYNCOBJ_WAIT
[ 5393.465262] i915 0000:00:02.0: [drm:drm_ioctl] comm="gnome-shell" pid=14875, dev=0xe201, auth=1, I915_GEM_MADVISE
[ 5393.465271] i915 0000:00:02.0: [drm:drm_ioctl] comm="gnome-shell" pid=14875, dev=0xe201, auth=1, DRM_IOCTL_SYNCOBJ_CREATE
[ 5393.465300] i915 0000:00:02.0: [drm:drm_ioctl] comm="gnome-shell" pid=14875, dev=0xe201, auth=1, I915_REG_READ
[ 5393.465338] i915 0000:00:02.0: [drm:drm_ioctl] comm="gnome-shell" pid=14875, dev=0xe201, auth=1, I915_GEM_EXECBUFFER2_WR
[ 5393.465366] i915 0000:00:02.0: [drm:drm_ioctl] comm="gnome-shell" pid=14875, dev=0xe201, auth=1, I915_GEM_MADVISE
[ 5393.465375] i915 0000:00:02.0: [drm:drm_ioctl] comm="gnome-shell" pid=14875, dev=0xe201, auth=1, DRM_IOCTL_SYNCOBJ_WAIT
[ 5393.465385] i915 0000:00:02.0: [drm:drm_ioctl] comm="gnome-shell" pid=14875, dev=0xe201, auth=1, DRM_IOCTL_SYNCOBJ_DESTROY
[ 5393.465392] i915 0000:00:02.0: [drm:drm_ioctl] comm="gnome-shell" pid=14875, dev=0xe201, auth=1, I915_GEM_MADVISE
[ 5393.465399] i915 0000:00:02.0: [drm:drm_ioctl] comm="gnome-shell" pid=14875, dev=0xe201, auth=1, DRM_IOCTL_SYNCOBJ_CREATE
[ 5393.465470] i915 0000:00:02.0: [drm:drm_ioctl] comm="gnome-shell" pid=14875, dev=0xe201, auth=1, I915_GEM_SET_TILING
[ 5393.465490] i915 0000:00:02.0: [drm:drm_ioctl] comm="gnome-shell" pid=14875, dev=0xe201, auth=1, I915_GEM_SET_TILING
[ 5393.465506] i915 0000:00:02.0: [drm:drm_ioctl] comm="gnome-shell" pid=14875, dev=0xe201, auth=1, DRM_IOCTL_MODE_ADDFB2
[ 5393.465538] i915 0000:00:02.0: [drm:drm_mode_addfb2] [FB:139]
[ 5393.466218] i915 0000:00:02.0: [drm:drm_ioctl] comm="bobide" pid=29641, dev=0xe280, auth=0, I915_GET_RESET_STATS
[ 5393.466236] i915 0000:00:02.0: [drm:drm_ioctl] comm="bobide" pid=29641, dev=0xe280, auth=0, I915_GET_RESET_STATS
[ 5393.468536] i915 0000:00:02.0: [drm:drm_ioctl] comm="gnome-shell" pid=14875, dev=0xe201, auth=1, DRM_IOCTL_SYNCOBJ_CREATE
[ 5393.468563] i915 0000:00:02.0: [drm:drm_ioctl] comm="gnome-shell" pid=14875, dev=0xe201, auth=1, DRM_IOCTL_SYNCOBJ_HANDLE_TO_FD
[ 5393.468575] i915 0000:00:02.0: [drm:drm_ioctl] comm="gnome-shell" pid=14875, dev=0xe201, auth=1, DRM_IOCTL_SYNCOBJ_DESTROY
[ 5393.470036] i915 0000:00:02.0: [drm:drm_ioctl] comm="bobide" pid=29641, dev=0xe280, auth=0, I915_GEM_EXECBUFFER2_WR
[ 5393.470202] i915 0000:00:02.0: [drm:drm_ioctl] comm="bobide" pid=29641, dev=0xe280, auth=0, DRM_IOCTL_SYNCOBJ_DESTROY
[ 5393.470231] i915 0000:00:02.0: [drm:drm_ioctl] comm="bobide" pid=29641, dev=0xe280, auth=0, I915_GEM_MADVISE
[ 5393.470254] i915 0000:00:02.0: [drm:drm_ioctl] comm="bobide" pid=29641, dev=0xe280, auth=0, DRM_IOCTL_SYNCOBJ_WAIT
[ 5393.470272] i915 0000:00:02.0: [drm:drm_ioctl] comm="bobide" pid=29641, dev=0xe280, auth=0, I915_GEM_MADVISE
[ 5393.470281] i915 0000:00:02.0: [drm:drm_ioctl] comm="bobide" pid=29641, dev=0xe280, auth=0, DRM_IOCTL_SYNCOBJ_CREATE
[ 5393.470348] i915 0000:00:02.0: [drm:drm_ioctl] comm="bobide" pid=29641, dev=0xe280, auth=0, DRM_IOCTL_SYNCOBJ_HANDLE_TO_FD
[ 5393.472069] i915 0000:00:02.0: [drm:drm_ioctl] comm="bobide" pid=29641, dev=0xe280, auth=0, I915_GET_RESET_STATS
[ 5393.472089] i915 0000:00:02.0: [drm:drm_ioctl] comm="bobide" pid=29641, dev=0xe280, auth=0, I915_GET_RESET_STATS
[ 5393.472367] i915 0000:00:02.0: [drm:drm_crtc_vblank_helper_get_vblank_timestamp_internal] crtc 0 : v p(0,-52)@ 5393.388546 -> 5393.389311 [e 0 us, 0 rep]
[ 5393.472421] i915 0000:00:02.0: [drm:drm_update_vblank_count] updating vblank count on crtc 0: current=323289, diff=1, hw=324109 hw_last=324108
[ 5393.472431] i915 0000:00:02.0: [drm:drm_handle_vblank_events] vblank event on 323290, current 323290
[ 5393.472486] i915 0000:00:02.0: [drm:drm_atomic_state_default_clear] Clearing atomic state 000000008507e62a
[ 5393.472499] [drm:drm_mode_object_put.part.0] OBJ ID: 135 (2)
[ 5393.472508] [drm:drm_mode_object_put.part.0] OBJ ID: 137 (6)
[ 5393.472513] [drm:drm_mode_object_put.part.0] OBJ ID: 137 (5)
[ 5393.472519] [drm:drm_mode_object_put.part.0] OBJ ID: 137 (4)
[ 5393.472525] [drm:drm_mode_object_put.part.0] OBJ ID: 138 (3)
[ 5393.472530] [drm:drm_mode_object_put.part.0] OBJ ID: 138 (2)
[ 5393.472538] i915 0000:00:02.0: [drm:__drm_atomic_state_free] Freeing atomic state 000000008507e62a
[ 5393.472641] i915 0000:00:02.0: [drm:drm_ioctl] comm="gnome-shell" pid=14875, dev=0xe201, auth=1, DRM_IOCTL_MODE_CLOSEFB
[ 5393.472654] [drm:drm_mode_object_put.part.0] OBJ ID: 138 (2)
[ 5393.472661] [drm:drm_mode_object_put.part.0] OBJ ID: 138 (1)
[ 5393.472660] i915 0000:00:02.0: [drm:drm_ioctl] comm="bobide" pid=29641, dev=0xe280, auth=0, DRM_IOCTL_SYNCOBJ_WAIT
[ 5393.472679] i915 0000:00:02.0: [drm:drm_ioctl] comm="bobide" pid=29641, dev=0xe280, auth=0, DRM_IOCTL_SYNCOBJ_WAIT
[ 5393.472688] i915 0000:00:02.0: [drm:drm_ioctl] comm="bobide" pid=29641, dev=0xe280, auth=0, DRM_IOCTL_SYNCOBJ_WAIT
[ 5393.472695] i915 0000:00:02.0: [drm:drm_ioctl] comm="bobide" pid=29641, dev=0xe280, auth=0, DRM_IOCTL_SYNCOBJ_WAIT
[ 5393.472703] i915 0000:00:02.0: [drm:drm_ioctl] comm="bobide" pid=29641, dev=0xe280, auth=0, DRM_IOCTL_SYNCOBJ_WAIT
[ 5393.472711] i915 0000:00:02.0: [drm:drm_ioctl] comm="bobide" pid=29641, dev=0xe280, auth=0, DRM_IOCTL_SYNCOBJ_WAIT
[ 5393.472718] i915 0000:00:02.0: [drm:drm_ioctl] comm="bobide" pid=29641, dev=0xe280, auth=0, DRM_IOCTL_SYNCOBJ_WAIT
[ 5393.472726] i915 0000:00:02.0: [drm:drm_ioctl] comm="bobide" pid=29641, dev=0xe280, auth=0, DRM_IOCTL_SYNCOBJ_WAIT
[ 5393.472729] i915 0000:00:02.0: [drm:drm_ioctl] comm="KMS thread" pid=14945, dev=0xe201, auth=1, DRM_IOCTL_MODE_ATOMIC
[ 5393.472734] i915 0000:00:02.0: [drm:drm_ioctl] comm="bobide" pid=29641, dev=0xe280, auth=0, DRM_IOCTL_SYNCOBJ_WAIT
[ 5393.472740] i915 0000:00:02.0: [drm:drm_ioctl] comm="bobide" pid=29641, dev=0xe280, auth=0, DRM_IOCTL_SYNCOBJ_WAIT
[ 5393.472743] i915 0000:00:02.0: [drm:drm_atomic_state_init] Allocated atomic state 00000000c6874ba4
[ 5393.472748] i915 0000:00:02.0: [drm:drm_ioctl] comm="bobide" pid=29641, dev=0xe280, auth=0, DRM_IOCTL_SYNCOBJ_WAIT
[ 5393.472756] i915 0000:00:02.0: [drm:drm_ioctl] comm="bobide" pid=29641, dev=0xe280, auth=0, DRM_IOCTL_SYNCOBJ_WAIT
[ 5393.472756] [drm:drm_mode_object_get] OBJ ID: 133 (3)
[ 5393.472763] [drm:drm_mode_object_get] OBJ ID: 133 (4)
[ 5393.472763] i915 0000:00:02.0: [drm:drm_ioctl] comm="bobide" pid=29641, dev=0xe280, auth=0, DRM_IOCTL_SYNCOBJ_WAIT
[ 5393.472769] i915 0000:00:02.0: [drm:drm_atomic_get_plane_state] Added [PLANE:33:plane 1A] 00000000b7cf0a3d state to 00000000c6874ba4
[ 5393.472771] i915 0000:00:02.0: [drm:drm_ioctl] comm="bobide" pid=29641, dev=0xe280, auth=0, DRM_IOCTL_SYNCOBJ_WAIT
[ 5393.472779] i915 0000:00:02.0: [drm:drm_ioctl] comm="bobide" pid=29641, dev=0xe280, auth=0, DRM_IOCTL_SYNCOBJ_WAIT
[ 5393.472782] [drm:drm_mode_object_get] OBJ ID: 135 (1)
[ 5393.472786] i915 0000:00:02.0: [drm:drm_ioctl] comm="bobide" pid=29641, dev=0xe280, auth=0, DRM_IOCTL_SYNCOBJ_WAIT
[ 5393.472788] [drm:drm_mode_object_get] OBJ ID: 137 (3)
[ 5393.472794] [drm:drm_mode_object_get] OBJ ID: 137 (4)
[ 5393.472794] i915 0000:00:02.0: [drm:drm_ioctl] comm="bobide" pid=29641, dev=0xe280, auth=0, DRM_IOCTL_SYNCOBJ_WAIT
[ 5393.472799] [drm:drm_mode_object_get] OBJ ID: 137 (5)
[ 5393.472801] i915 0000:00:02.0: [drm:drm_ioctl] comm="bobide" pid=29641, dev=0xe280, auth=0, DRM_IOCTL_SYNCOBJ_WAIT
[ 5393.472804] i915 0000:00:02.0: [drm:drm_atomic_get_crtc_state] Added [CRTC:56:pipe A] 000000000ff0d236 state to 00000000c6874ba4
[ 5393.472816] i915 0000:00:02.0: [drm:drm_atomic_set_fb_for_plane] Set [FB:139] for [PLANE:33:plane 1A] state 00000000b7cf0a3d
[ 5393.472829] [drm:drm_mode_object_get] OBJ ID: 139 (3)
[ 5393.472834] [drm:drm_mode_object_put.part.0] OBJ ID: 133 (5)
[ 5393.472839] [drm:drm_mode_object_put.part.0] OBJ ID: 139 (4)
[ 5393.472843] [drm:drm_mode_object_put.part.0] OBJ ID: 139 (3)
[ 5393.472851] i915 0000:00:02.0: [drm:drm_atomic_check_only] checking 00000000c6874ba4
[ 5393.472868] [drm:drm_mode_object_put.part.0] OBJ ID: 133 (4)
[ 5393.472872] [drm:drm_mode_object_get] OBJ ID: 139 (2)
[ 5393.472892] i915 0000:00:02.0: [drm:intel_plane_atomic_calc_changes [i915]] [CRTC:56:pipe A] with [PLANE:33:plane 1A] visible 1 -> 1, off 0, on 0, ms 0
[ 5393.474770] i915 0000:00:02.0: [drm:intel_atomic_get_global_obj_state [i915]] Added new global object 00000000bc0392d3 state 00000000627c4141 to 00000000c6874ba4
[ 5393.475591] i915 0000:00:02.0: [drm:drm_ioctl] comm="gnome-shell" pid=14875, dev=0xe201, auth=1, DRM_IOCTL_SYNCOBJ_WAIT
[ 5393.475615] i915 0000:00:02.0: [drm:drm_ioctl] comm="gnome-shell" pid=14875, dev=0xe201, auth=1, DRM_IOCTL_SYNCOBJ_WAIT
[ 5393.475624] i915 0000:00:02.0: [drm:drm_ioctl] comm="gnome-shell" pid=14875, dev=0xe201, auth=1, DRM_IOCTL_SYNCOBJ_DESTROY
[ 5393.475639] i915 0000:00:02.0: [drm:drm_ioctl] comm="gnome-shell" pid=14875, dev=0xe201, auth=1, DRM_IOCTL_SYNCOBJ_WAIT
[ 5393.475648] i915 0000:00:02.0: [drm:drm_ioctl] comm="gnome-shell" pid=14875, dev=0xe201, auth=1, DRM_IOCTL_SYNCOBJ_WAIT
[ 5393.475656] i915 0000:00:02.0: [drm:drm_ioctl] comm="gnome-shell" pid=14875, dev=0xe201, auth=1, DRM_IOCTL_SYNCOBJ_WAIT
[ 5393.475664] i915 0000:00:02.0: [drm:drm_ioctl] comm="gnome-shell" pid=14875, dev=0xe201, auth=1, DRM_IOCTL_SYNCOBJ_WAIT
[ 5393.476005] i915 0000:00:02.0: [drm:drm_atomic_nonblocking_commit] committing 00000000c6874ba4 nonblocking
[ 5393.476078] i915 0000:00:02.0: [drm:drm_crtc_vblank_helper_get_vblank_timestamp_internal] crtc 0 : v p(0,200)@ 5393.392256 -> 5393.389312 [e 0 us, 0 rep]
[ 5393.476098] i915 0000:00:02.0: [drm:drm_update_vblank_count] updating vblank count on crtc 0: current=323290, diff=0, hw=324109 hw_last=324109
[ 5393.476403] i915 0000:00:02.0: [drm:drm_ioctl] comm="gnome-shell" pid=14875, dev=0xe201, auth=1, I915_GEM_EXECBUFFER2_WR
[ 5393.476564] i915 0000:00:02.0: [drm:drm_ioctl] comm="gnome-shell" pid=14875, dev=0xe201, auth=1, I915_GEM_MADVISE
[ 5393.476578] i915 0000:00:02.0: [drm:drm_ioctl] comm="gnome-shell" pid=14875, dev=0xe201, auth=1, DRM_IOCTL_SYNCOBJ_WAIT
[ 5393.476589] i915 0000:00:02.0: [drm:drm_ioctl] comm="gnome-shell" pid=14875, dev=0xe201, auth=1, I915_GEM_MADVISE
[ 5393.476599] i915 0000:00:02.0: [drm:drm_ioctl] comm="gnome-shell" pid=14875, dev=0xe201, auth=1, DRM_IOCTL_SYNCOBJ_CREATE
[ 5393.476622] i915 0000:00:02.0: [drm:drm_ioctl] comm="gnome-shell" pid=14875, dev=0xe201, auth=1, I915_REG_READ
[ 5393.476671] i915 0000:00:02.0: [drm:drm_ioctl] comm="gnome-shell" pid=14875, dev=0xe201, auth=1, I915_GEM_EXECBUFFER2_WR
[ 5393.476700] i915 0000:00:02.0: [drm:drm_ioctl] comm="gnome-shell" pid=14875, dev=0xe201, auth=1, I915_GEM_MADVISE
[ 5393.476709] i915 0000:00:02.0: [drm:drm_ioctl] comm="gnome-shell" pid=14875, dev=0xe201, auth=1, DRM_IOCTL_SYNCOBJ_WAIT
[ 5393.476718] i915 0000:00:02.0: [drm:drm_ioctl] comm="gnome-shell" pid=14875, dev=0xe201, auth=1, DRM_IOCTL_SYNCOBJ_DESTROY
[ 5393.476726] i915 0000:00:02.0: [drm:drm_ioctl] comm="gnome-shell" pid=14875, dev=0xe201, auth=1, I915_GEM_MADVISE
[ 5393.476734] i915 0000:00:02.0: [drm:drm_ioctl] comm="gnome-shell" pid=14875, dev=0xe201, auth=1, DRM_IOCTL_SYNCOBJ_CREATE
[ 5393.476778] i915 0000:00:02.0: [drm:drm_ioctl] comm="gnome-shell" pid=14875, dev=0xe201, auth=1, I915_GEM_SET_TILING
[ 5393.476795] i915 0000:00:02.0: [drm:drm_ioctl] comm="gnome-shell" pid=14875, dev=0xe201, auth=1, I915_GEM_SET_TILING
[ 5393.476805] i915 0000:00:02.0: [drm:drm_ioctl] comm="bobide" pid=29641, dev=0xe280, auth=0, I915_GEM_EXECBUFFER2_WR
[ 5393.476807] i915 0000:00:02.0: [drm:drm_ioctl] comm="gnome-shell" pid=14875, dev=0xe201, auth=1, DRM_IOCTL_MODE_ADDFB2
[ 5393.477016] i915 0000:00:02.0: [drm:drm_ioctl] comm="bobide" pid=29641, dev=0xe280, auth=0, DRM_IOCTL_SYNCOBJ_DESTROY
[ 5393.477030] i915 0000:00:02.0: [drm:drm_ioctl] comm="bobide" pid=29641, dev=0xe280, auth=0, I915_GEM_MADVISE
[ 5393.477041] i915 0000:00:02.0: [drm:drm_ioctl] comm="bobide" pid=29641, dev=0xe280, auth=0, DRM_IOCTL_SYNCOBJ_WAIT
[ 5393.477050] i915 0000:00:02.0: [drm:drm_ioctl] comm="bobide" pid=29641, dev=0xe280, auth=0, I915_GEM_MADVISE
[ 5393.477059] i915 0000:00:02.0: [drm:drm_ioctl] comm="bobide" pid=29641, dev=0xe280, auth=0, DRM_IOCTL_SYNCOBJ_CREATE
[ 5393.477388] i915 0000:00:02.0: [drm:drm_mode_addfb2] [FB:138]
[ 5393.478009] i915 0000:00:02.0: [drm:drm_ioctl] comm="bobide" pid=29641, dev=0xe280, auth=0, DRM_IOCTL_SYNCOBJ_HANDLE_TO_FD
[ 5393.478524] i915 0000:00:02.0: [drm:drm_ioctl] comm="bobide" pid=29641, dev=0xe280, auth=0, I915_GET_RESET_STATS
[ 5393.478540] i915 0000:00:02.0: [drm:drm_ioctl] comm="bobide" pid=29641, dev=0xe280, auth=0, I915_GET_RESET_STATS
[ 5393.478730] i915 0000:00:02.0: [drm:drm_ioctl] comm="bobide" pid=29641, dev=0xe280, auth=0, DRM_IOCTL_SYNCOBJ_WAIT
[ 5393.478745] i915 0000:00:02.0: [drm:drm_ioctl] comm="bobide" pid=29641, dev=0xe280, auth=0, DRM_IOCTL_SYNCOBJ_WAIT
[ 5393.478753] i915 0000:00:02.0: [drm:drm_ioctl] comm="bobide" pid=29641, dev=0xe280, auth=0, DRM_IOCTL_SYNCOBJ_WAIT
[ 5393.478780] i915 0000:00:02.0: [drm:drm_ioctl] comm="bobide", pid=29641, ret=-62
[ 5393.478788] i915 0000:00:02.0: [drm:drm_ioctl] comm="bobide" pid=29641, dev=0xe280, auth=0, DRM_IOCTL_SYNCOBJ_WAIT
[ 5393.478795] i915 0000:00:02.0: [drm:drm_ioctl] comm="bobide", pid=29641, ret=-62
[ 5393.478896] i915 0000:00:02.0: [drm:drm_ioctl] comm="gnome-shell" pid=14875, dev=0xe201, auth=1, DRM_IOCTL_SYNCOBJ_CREATE
[ 5393.478911] i915 0000:00:02.0: [drm:drm_ioctl] comm="gnome-shell" pid=14875, dev=0xe201, auth=1, DRM_IOCTL_SYNCOBJ_HANDLE_TO_FD
[ 5393.478929] i915 0000:00:02.0: [drm:drm_ioctl] comm="gnome-shell" pid=14875, dev=0xe201, auth=1, DRM_IOCTL_SYNCOBJ_DESTROY
[ 5393.480615] i915 0000:00:02.0: [drm:drm_ioctl] comm="bobide" pid=29641, dev=0xe280, auth=0, DRM_IOCTL_SYNCOBJ_WAIT
[ 5393.489081] i915 0000:00:02.0: [drm:drm_crtc_vblank_helper_get_vblank_timestamp_internal] crtc 0 : v p(0,-49)@ 5393.405254 -> 5393.405976 [e 2 us, 0 rep]
[ 5393.489106] i915 0000:00:02.0: [drm:drm_update_vblank_count] updating vblank count on crtc 0: current=323290, diff=1, hw=324110 hw_last=324109
[ 5393.489116] i915 0000:00:02.0: [drm:drm_handle_vblank_events] vblank event on 323291, current 323291
[ 5393.489164] i915 0000:00:02.0: [drm:drm_atomic_state_default_clear] Clearing atomic state 00000000c6874ba4
[ 5393.489176] [drm:drm_mode_object_put.part.0] OBJ ID: 135 (2)
[ 5393.489191] [drm:drm_mode_object_put.part.0] OBJ ID: 137 (6)
[ 5393.489196] [drm:drm_mode_object_put.part.0] OBJ ID: 137 (5)
[ 5393.489201] [drm:drm_mode_object_put.part.0] OBJ ID: 137 (4)
[ 5393.489207] [drm:drm_mode_object_put.part.0] OBJ ID: 133 (3)
[ 5393.489213] [drm:drm_mode_object_put.part.0] OBJ ID: 133 (2)
[ 5393.489220] i915 0000:00:02.0: [drm:__drm_atomic_state_free] Freeing atomic state 00000000c6874ba4
[ 5393.489312] i915 0000:00:02.0: [drm:drm_ioctl] comm="gnome-shell" pid=14875, dev=0xe201, auth=1, DRM_IOCTL_MODE_CLOSEFB
[ 5393.489326] [drm:drm_mode_object_put.part.0] OBJ ID: 133 (2)
[ 5393.489332] [drm:drm_mode_object_put.part.0] OBJ ID: 133 (1)
[ 5393.489398] i915 0000:00:02.0: [drm:drm_ioctl] comm="KMS thread" pid=14945, dev=0xe201, auth=1, DRM_IOCTL_MODE_ATOMIC
[ 5393.489413] i915 0000:00:02.0: [drm:drm_atomic_state_init] Allocated atomic state 00000000c6874ba4
[ 5393.489425] [drm:drm_mode_object_get] OBJ ID: 139 (3)
[ 5393.489432] [drm:drm_mode_object_get] OBJ ID: 139 (4)
[ 5393.489438] i915 0000:00:02.0: [drm:drm_atomic_get_plane_state] Added [PLANE:33:plane 1A] 000000007a0d0f41 state to 00000000c6874ba4
[ 5393.489450] [drm:drm_mode_object_get] OBJ ID: 135 (1)
[ 5393.489455] [drm:drm_mode_object_get] OBJ ID: 137 (3)
[ 5393.489460] [drm:drm_mode_object_get] OBJ ID: 137 (4)
[ 5393.489465] [drm:drm_mode_object_get] OBJ ID: 137 (5)
[ 5393.489471] i915 0000:00:02.0: [drm:drm_atomic_get_crtc_state] Added [CRTC:56:pipe A] 000000007e387835 state to 00000000c6874ba4
[ 5393.489481] i915 0000:00:02.0: [drm:drm_atomic_set_fb_for_plane] Set [FB:138] for [PLANE:33:plane 1A] state 000000007a0d0f41
[ 5393.489488] [drm:drm_mode_object_get] OBJ ID: 138 (3)
[ 5393.489493] [drm:drm_mode_object_put.part.0] OBJ ID: 139 (5)
[ 5393.489498] [drm:drm_mode_object_put.part.0] OBJ ID: 138 (4)
[ 5393.489502] [drm:drm_mode_object_put.part.0] OBJ ID: 138 (3)
[ 5393.489510] i915 0000:00:02.0: [drm:drm_atomic_check_only] checking 00000000c6874ba4
[ 5393.489526] [drm:drm_mode_object_put.part.0] OBJ ID: 139 (4)
[ 5393.489532] [drm:drm_mode_object_get] OBJ ID: 138 (2)
[ 5393.489547] i915 0000:00:02.0: [drm:intel_plane_atomic_calc_changes [i915]] [CRTC:56:pipe A] with [PLANE:33:plane 1A] visible 1 -> 1, off 0, on 0, ms 0
[ 5393.491056] i915 0000:00:02.0: [drm:intel_atomic_get_global_obj_state [i915]] Added new global object 00000000bc0392d3 state 0000000075aaae81 to 00000000c6874ba4
[ 5393.492457] i915 0000:00:02.0: [drm:drm_atomic_nonblocking_commit] committing 00000000c6874ba4 nonblocking
[ 5393.492539] i915 0000:00:02.0: [drm:drm_crtc_vblank_helper_get_vblank_timestamp_internal] crtc 0 : v p(0,186)@ 5393.408717 -> 5393.405978 [e 0 us, 0 rep]
[ 5393.492560] i915 0000:00:02.0: [drm:drm_update_vblank_count] updating vblank count on crtc 0: current=323291, diff=0, hw=324110 hw_last=324110
[ 5393.493687] i915 0000:00:02.0: [drm:drm_ioctl] comm="gnome-shell" pid=14875, dev=0xe201, auth=1, I915_GEM_EXECBUFFER2_WR
[ 5393.494188] i915 0000:00:02.0: [drm:drm_ioctl] comm="gnome-shell" pid=14875, dev=0xe201, auth=1, I915_GEM_MADVISE
[ 5393.494206] i915 0000:00:02.0: [drm:drm_ioctl] comm="gnome-shell" pid=14875, dev=0xe201, auth=1, DRM_IOCTL_SYNCOBJ_WAIT
[ 5393.494217] i915 0000:00:02.0: [drm:drm_ioctl] comm="gnome-shell" pid=14875, dev=0xe201, auth=1, I915_GEM_MADVISE
[ 5393.494225] i915 0000:00:02.0: [drm:drm_ioctl] comm="gnome-shell" pid=14875, dev=0xe201, auth=1, DRM_IOCTL_SYNCOBJ_CREATE
[ 5393.494254] i915 0000:00:02.0: [drm:drm_ioctl] comm="gnome-shell" pid=14875, dev=0xe201, auth=1, I915_REG_READ
[ 5393.494290] i915 0000:00:02.0: [drm:drm_ioctl] comm="gnome-shell" pid=14875, dev=0xe201, auth=1, I915_GEM_EXECBUFFER2_WR
[ 5393.494324] i915 0000:00:02.0: [drm:drm_ioctl] comm="gnome-shell" pid=14875, dev=0xe201, auth=1, I915_GEM_MADVISE
[ 5393.494332] i915 0000:00:02.0: [drm:drm_ioctl] comm="gnome-shell" pid=14875, dev=0xe201, auth=1, DRM_IOCTL_SYNCOBJ_WAIT
[ 5393.494340] i915 0000:00:02.0: [drm:drm_ioctl] comm="gnome-shell" pid=14875, dev=0xe201, auth=1, DRM_IOCTL_SYNCOBJ_DESTROY
[ 5393.494347] i915 0000:00:02.0: [drm:drm_ioctl] comm="gnome-shell" pid=14875, dev=0xe201, auth=1, I915_GEM_MADVISE
[ 5393.494353] i915 0000:00:02.0: [drm:drm_ioctl] comm="gnome-shell" pid=14875, dev=0xe201, auth=1, DRM_IOCTL_SYNCOBJ_CREATE
[ 5393.494407] i915 0000:00:02.0: [drm:drm_ioctl] comm="gnome-shell" pid=14875, dev=0xe201, auth=1, I915_GEM_SET_TILING
[ 5393.494423] i915 0000:00:02.0: [drm:drm_ioctl] comm="gnome-shell" pid=14875, dev=0xe201, auth=1, I915_GEM_SET_TILING
[ 5393.494436] i915 0000:00:02.0: [drm:drm_ioctl] comm="gnome-shell" pid=14875, dev=0xe201, auth=1, DRM_IOCTL_MODE_ADDFB2
[ 5393.494464] i915 0000:00:02.0: [drm:drm_mode_addfb2] [FB:133]
[ 5393.495171] i915 0000:00:02.0: [drm:drm_ioctl] comm="bobide" pid=29641, dev=0xe280, auth=0, I915_GET_RESET_STATS
[ 5393.495195] i915 0000:00:02.0: [drm:drm_ioctl] comm="bobide" pid=29641, dev=0xe280, auth=0, I915_GET_RESET_STATS
[ 5393.497463] i915 0000:00:02.0: [drm:drm_ioctl] comm="gnome-shell" pid=14875, dev=0xe201, auth=1, DRM_IOCTL_SYNCOBJ_CREATE
[ 5393.497492] i915 0000:00:02.0: [drm:drm_ioctl] comm="gnome-shell" pid=14875, dev=0xe201, auth=1, DRM_IOCTL_SYNCOBJ_HANDLE_TO_FD
[ 5393.497543] i915 0000:00:02.0: [drm:drm_ioctl] comm="gnome-shell" pid=14875, dev=0xe201, auth=1, DRM_IOCTL_SYNCOBJ_DESTROY
[ 5393.499715] i915 0000:00:02.0: [drm:drm_ioctl] comm="bobide" pid=29641, dev=0xe280, auth=0, I915_GEM_EXECBUFFER2_WR
[ 5393.499923] i915 0000:00:02.0: [drm:drm_ioctl] comm="bobide" pid=29641, dev=0xe280, auth=0, I915_GEM_MADVISE
[ 5393.499949] i915 0000:00:02.0: [drm:drm_ioctl] comm="bobide" pid=29641, dev=0xe280, auth=0, DRM_IOCTL_SYNCOBJ_WAIT
[ 5393.499970] i915 0000:00:02.0: [drm:drm_ioctl] comm="bobide" pid=29641, dev=0xe280, auth=0, I915_GEM_MADVISE
[ 5393.499988] i915 0000:00:02.0: [drm:drm_ioctl] comm="bobide" pid=29641, dev=0xe280, auth=0, DRM_IOCTL_SYNCOBJ_CREATE
[ 5393.500066] i915 0000:00:02.0: [drm:drm_ioctl] comm="bobide" pid=29641, dev=0xe280, auth=0, DRM_IOCTL_SYNCOBJ_HANDLE_TO_FD
[ 5393.500768] i915 0000:00:02.0: [drm:drm_ioctl] comm="bobide" pid=29641, dev=0xe280, auth=0, I915_GET_RESET_STATS
[ 5393.500780] i915 0000:00:02.0: [drm:drm_ioctl] comm="bobide" pid=29641, dev=0xe280, auth=0, I915_GET_RESET_STATS
[ 5393.505699] i915 0000:00:02.0: [drm:drm_crtc_vblank_helper_get_vblank_timestamp_internal] crtc 0 : v p(0,-52)@ 5393.421873 -> 5393.422639 [e 0 us, 0 rep]
[ 5393.505761] i915 0000:00:02.0: [drm:drm_update_vblank_count] updating vblank count on crtc 0: current=323291, diff=1, hw=324111 hw_last=324110
[ 5393.505771] i915 0000:00:02.0: [drm:drm_handle_vblank_events] vblank event on 323292, current 323292
[ 5393.505851] i915 0000:00:02.0: [drm:drm_atomic_state_default_clear] Clearing atomic state 00000000c6874ba4
[ 5393.505864] [drm:drm_mode_object_put.part.0] OBJ ID: 135 (2)
[ 5393.505875] [drm:drm_mode_object_put.part.0] OBJ ID: 137 (6)
[ 5393.505881] [drm:drm_mode_object_put.part.0] OBJ ID: 137 (5)
[ 5393.505886] [drm:drm_mode_object_put.part.0] OBJ ID: 137 (4)
[ 5393.505892] [drm:drm_mode_object_put.part.0] OBJ ID: 139 (3)
[ 5393.505897] [drm:drm_mode_object_put.part.0] OBJ ID: 139 (2)
[ 5393.505905] i915 0000:00:02.0: [drm:__drm_atomic_state_free] Freeing atomic state 00000000c6874ba4
[ 5393.505992] i915 0000:00:02.0: [drm:drm_ioctl] comm="gnome-shell" pid=14875, dev=0xe201, auth=1, DRM_IOCTL_MODE_CLOSEFB
[ 5393.506006] [drm:drm_mode_object_put.part.0] OBJ ID: 139 (2)
[ 5393.506013] [drm:drm_mode_object_put.part.0] OBJ ID: 139 (1)
[ 5393.506085] i915 0000:00:02.0: [drm:drm_ioctl] comm="KMS thread" pid=14945, dev=0xe201, auth=1, DRM_IOCTL_MODE_ATOMIC
[ 5393.506099] i915 0000:00:02.0: [drm:drm_atomic_state_init] Allocated atomic state 000000008507e62a
[ 5393.506111] [drm:drm_mode_object_get] OBJ ID: 138 (3)
[ 5393.506117] [drm:drm_mode_object_get] OBJ ID: 138 (4)
[ 5393.506122] i915 0000:00:02.0: [drm:drm_atomic_get_plane_state] Added [PLANE:33:plane 1A] 000000006d0796c7 state to 000000008507e62a
[ 5393.506135] [drm:drm_mode_object_get] OBJ ID: 135 (1)
[ 5393.506140] [drm:drm_mode_object_get] OBJ ID: 137 (3)
[ 5393.506145] [drm:drm_mode_object_get] OBJ ID: 137 (4)
[ 5393.506149] [drm:drm_mode_object_get] OBJ ID: 137 (5)
[ 5393.506154] i915 0000:00:02.0: [drm:drm_atomic_get_crtc_state] Added [CRTC:56:pipe A] 000000003fc0ba5b state to 000000008507e62a
[ 5393.506166] i915 0000:00:02.0: [drm:drm_atomic_set_fb_for_plane] Set [FB:133] for [PLANE:33:plane 1A] state 000000006d0796c7
[ 5393.506173] [drm:drm_mode_object_get] OBJ ID: 133 (3)
[ 5393.506178] [drm:drm_mode_object_put.part.0] OBJ ID: 138 (5)
[ 5393.506183] [drm:drm_mode_object_put.part.0] OBJ ID: 133 (4)
[ 5393.506187] [drm:drm_mode_object_put.part.0] OBJ ID: 133 (3)
[ 5393.506196] i915 0000:00:02.0: [drm:drm_atomic_check_only] checking 000000008507e62a
[ 5393.506215] [drm:drm_mode_object_put.part.0] OBJ ID: 138 (4)
[ 5393.506220] [drm:drm_mode_object_get] OBJ ID: 133 (2)
[ 5393.506234] i915 0000:00:02.0: [drm:intel_plane_atomic_calc_changes [i915]] [CRTC:56:pipe A] with [PLANE:33:plane 1A] visible 1 -> 1, off 0, on 0, ms 0
[ 5393.507865] i915 0000:00:02.0: [drm:intel_atomic_get_global_obj_state [i915]] Added new global object 00000000bc0392d3 state 0000000012547006 to 000000008507e62a
[ 5393.508724] i915 0000:00:02.0: [drm:drm_atomic_nonblocking_commit] committing 000000008507e62a nonblocking
[ 5393.508804] i915 0000:00:02.0: [drm:drm_crtc_vblank_helper_get_vblank_timestamp_internal] crtc 0 : v p(0,159)@ 5393.424981 -> 5393.422641 [e 0 us, 0 rep]
[ 5393.508824] i915 0000:00:02.0: [drm:drm_update_vblank_count] updating vblank count on crtc 0: current=323292, diff=0, hw=324111 hw_last=324111
[ 5393.510570] i915 0000:00:02.0: [drm:drm_ioctl] comm="gnome-shell" pid=14875, dev=0xe201, auth=1, I915_GEM_EXECBUFFER2_WR
[ 5393.510775] i915 0000:00:02.0: [drm:drm_ioctl] comm="gnome-shell" pid=14875, dev=0xe201, auth=1, I915_GEM_MADVISE
[ 5393.510792] i915 0000:00:02.0: [drm:drm_ioctl] comm="gnome-shell" pid=14875, dev=0xe201, auth=1, DRM_IOCTL_SYNCOBJ_WAIT
[ 5393.510804] i915 0000:00:02.0: [drm:drm_ioctl] comm="gnome-shell" pid=14875, dev=0xe201, auth=1, I915_GEM_MADVISE
[ 5393.510812] i915 0000:00:02.0: [drm:drm_ioctl] comm="gnome-shell" pid=14875, dev=0xe201, auth=1, DRM_IOCTL_SYNCOBJ_CREATE
[ 5393.511798] i915 0000:00:02.0: [drm:drm_ioctl] comm="gnome-shell" pid=14875, dev=0xe201, auth=1, I915_REG_READ
[ 5393.511985] i915 0000:00:02.0: [drm:drm_ioctl] comm="gnome-shell" pid=14875, dev=0xe201, auth=1, I915_GEM_EXECBUFFER2_WR
[ 5393.512047] i915 0000:00:02.0: [drm:drm_ioctl] comm="gnome-shell" pid=14875, dev=0xe201, auth=1, I915_GEM_MADVISE
[ 5393.512058] i915 0000:00:02.0: [drm:drm_ioctl] comm="gnome-shell" pid=14875, dev=0xe201, auth=1, DRM_IOCTL_SYNCOBJ_WAIT
[ 5393.512070] i915 0000:00:02.0: [drm:drm_ioctl] comm="gnome-shell" pid=14875, dev=0xe201, auth=1, DRM_IOCTL_SYNCOBJ_DESTROY
[ 5393.512079] i915 0000:00:02.0: [drm:drm_ioctl] comm="gnome-shell" pid=14875, dev=0xe201, auth=1, I915_GEM_MADVISE
[ 5393.512088] i915 0000:00:02.0: [drm:drm_ioctl] comm="gnome-shell" pid=14875, dev=0xe201, auth=1, DRM_IOCTL_SYNCOBJ_CREATE
[ 5393.512248] i915 0000:00:02.0: [drm:drm_ioctl] comm="gnome-shell" pid=14875, dev=0xe201, auth=1, I915_GEM_SET_TILING
[ 5393.512278] i915 0000:00:02.0: [drm:drm_ioctl] comm="gnome-shell" pid=14875, dev=0xe201, auth=1, I915_GEM_SET_TILING
[ 5393.512298] i915 0000:00:02.0: [drm:drm_ioctl] comm="gnome-shell" pid=14875, dev=0xe201, auth=1, DRM_IOCTL_MODE_ADDFB2
[ 5393.512362] i915 0000:00:02.0: [drm:drm_mode_addfb2] [FB:139]
[ 5393.512993] i915 0000:00:02.0: [drm:drm_ioctl] comm="bobide" pid=29641, dev=0xe280, auth=0, I915_GET_RESET_STATS
[ 5393.513009] i915 0000:00:02.0: [drm:drm_ioctl] comm="bobide" pid=29641, dev=0xe280, auth=0, I915_GET_RESET_STATS
[ 5393.513135] i915 0000:00:02.0: [drm:drm_ioctl] comm="bobide" pid=29641, dev=0xe280, auth=0, DRM_IOCTL_SYNCOBJ_WAIT
[ 5393.513149] i915 0000:00:02.0: [drm:drm_ioctl] comm="bobide" pid=29641, dev=0xe280, auth=0, DRM_IOCTL_SYNCOBJ_WAIT
[ 5393.513156] i915 0000:00:02.0: [drm:drm_ioctl] comm="bobide" pid=29641, dev=0xe280, auth=0, DRM_IOCTL_SYNCOBJ_WAIT
[ 5393.513163] i915 0000:00:02.0: [drm:drm_ioctl] comm="bobide" pid=29641, dev=0xe280, auth=0, DRM_IOCTL_SYNCOBJ_WAIT
[ 5393.513170] i915 0000:00:02.0: [drm:drm_ioctl] comm="bobide" pid=29641, dev=0xe280, auth=0, DRM_IOCTL_SYNCOBJ_WAIT
[ 5393.513178] i915 0000:00:02.0: [drm:drm_ioctl] comm="bobide" pid=29641, dev=0xe280, auth=0, DRM_IOCTL_SYNCOBJ_WAIT
[ 5393.513185] i915 0000:00:02.0: [drm:drm_ioctl] comm="bobide" pid=29641, dev=0xe280, auth=0, DRM_IOCTL_SYNCOBJ_WAIT
[ 5393.513735] i915 0000:00:02.0: [drm:drm_ioctl] comm="bobide" pid=29641, dev=0xe280, auth=0, I915_GEM_EXECBUFFER2_WR
[ 5393.514665] i915 0000:00:02.0: [drm:drm_ioctl] comm="gnome-shell" pid=14875, dev=0xe201, auth=1, DRM_IOCTL_SYNCOBJ_CREATE
[ 5393.514681] i915 0000:00:02.0: [drm:drm_ioctl] comm="gnome-shell" pid=14875, dev=0xe201, auth=1, DRM_IOCTL_SYNCOBJ_HANDLE_TO_FD
[ 5393.514697] i915 0000:00:02.0: [drm:drm_ioctl] comm="gnome-shell" pid=14875, dev=0xe201, auth=1, DRM_IOCTL_SYNCOBJ_DESTROY
[ 5393.515259] i915 0000:00:02.0: [drm:drm_ioctl] comm="bobide" pid=29641, dev=0xe280, auth=0, DRM_IOCTL_SYNCOBJ_DESTROY
[ 5393.515275] i915 0000:00:02.0: [drm:drm_ioctl] comm="bobide" pid=29641, dev=0xe280, auth=0, I915_GEM_MADVISE
[ 5393.515285] i915 0000:00:02.0: [drm:drm_ioctl] comm="bobide" pid=29641, dev=0xe280, auth=0, DRM_IOCTL_SYNCOBJ_WAIT
[ 5393.515296] i915 0000:00:02.0: [drm:drm_ioctl] comm="bobide" pid=29641, dev=0xe280, auth=0, I915_GEM_MADVISE
[ 5393.515304] i915 0000:00:02.0: [drm:drm_ioctl] comm="bobide" pid=29641, dev=0xe280, auth=0, DRM_IOCTL_SYNCOBJ_CREATE
[ 5393.515353] i915 0000:00:02.0: [drm:drm_ioctl] comm="bobide" pid=29641, dev=0xe280, auth=0, DRM_IOCTL_SYNCOBJ_CREATE
[ 5393.515361] i915 0000:00:02.0: [drm:drm_ioctl] comm="bobide" pid=29641, dev=0xe280, auth=0, DRM_IOCTL_SYNCOBJ_HANDLE_TO_FD
[ 5393.515372] i915 0000:00:02.0: [drm:drm_ioctl] comm="bobide" pid=29641, dev=0xe280, auth=0, DRM_IOCTL_SYNCOBJ_DESTROY
[ 5393.522406] i915 0000:00:02.0: [drm:drm_crtc_vblank_helper_get_vblank_timestamp_internal] crtc 0 : v p(0,-51)@ 5393.438553 -> 5393.439304 [e 6 us, 0 rep]
[ 5393.522438] i915 0000:00:02.0: [drm:drm_update_vblank_count] updating vblank count on crtc 0: current=323292, diff=1, hw=324112 hw_last=324111
[ 5393.522449] i915 0000:00:02.0: [drm:drm_handle_vblank_events] vblank event on 323293, current 323293
[ 5393.522512] i915 0000:00:02.0: [drm:drm_atomic_state_default_clear] Clearing atomic state 000000008507e62a
[ 5393.522527] [drm:drm_mode_object_put.part.0] OBJ ID: 135 (2)
[ 5393.522537] [drm:drm_mode_object_put.part.0] OBJ ID: 137 (6)
[ 5393.522543] [drm:drm_mode_object_put.part.0] OBJ ID: 137 (5)
[ 5393.522548] [drm:drm_mode_object_put.part.0] OBJ ID: 137 (4)
[ 5393.522554] [drm:drm_mode_object_put.part.0] OBJ ID: 138 (3)
[ 5393.522560] [drm:drm_mode_object_put.part.0] OBJ ID: 138 (2)
[ 5393.522567] i915 0000:00:02.0: [drm:__drm_atomic_state_free] Freeing atomic state 000000008507e62a
[ 5393.522670] i915 0000:00:02.0: [drm:drm_ioctl] comm="gnome-shell" pid=14875, dev=0xe201, auth=1, DRM_IOCTL_MODE_CLOSEFB
[ 5393.522683] [drm:drm_mode_object_put.part.0] OBJ ID: 138 (2)
[ 5393.522691] [drm:drm_mode_object_put.part.0] OBJ ID: 138 (1)
[ 5393.522763] i915 0000:00:02.0: [drm:drm_ioctl] comm="KMS thread" pid=14945, dev=0xe201, auth=1, DRM_IOCTL_MODE_ATOMIC
[ 5393.522777] i915 0000:00:02.0: [drm:drm_atomic_state_init] Allocated atomic state 00000000513e8977
[ 5393.522790] [drm:drm_mode_object_get] OBJ ID: 133 (3)
[ 5393.522797] [drm:drm_mode_object_get] OBJ ID: 133 (4)
[ 5393.522802] i915 0000:00:02.0: [drm:drm_atomic_get_plane_state] Added [PLANE:33:plane 1A] 00000000396b9b53 state to 00000000513e8977
[ 5393.522815] [drm:drm_mode_object_get] OBJ ID: 135 (1)
[ 5393.522820] [drm:drm_mode_object_get] OBJ ID: 137 (3)
[ 5393.522837] [drm:drm_mode_object_get] OBJ ID: 137 (4)
[ 5393.522842] [drm:drm_mode_object_get] OBJ ID: 137 (5)
[ 5393.522847] i915 0000:00:02.0: [drm:drm_atomic_get_crtc_state] Added [CRTC:56:pipe A] 000000007e387835 state to 00000000513e8977
[ 5393.522858] i915 0000:00:02.0: [drm:drm_atomic_set_fb_for_plane] Set [FB:139] for [PLANE:33:plane 1A] state 00000000396b9b53
[ 5393.522865] [drm:drm_mode_object_get] OBJ ID: 139 (3)
[ 5393.522870] [drm:drm_mode_object_put.part.0] OBJ ID: 133 (5)
[ 5393.522875] [drm:drm_mode_object_put.part.0] OBJ ID: 139 (4)
[ 5393.522880] [drm:drm_mode_object_put.part.0] OBJ ID: 139 (3)
[ 5393.522888] i915 0000:00:02.0: [drm:drm_atomic_check_only] checking 00000000513e8977
[ 5393.522906] [drm:drm_mode_object_put.part.0] OBJ ID: 133 (4)
[ 5393.522911] [drm:drm_mode_object_get] OBJ ID: 139 (2)
[ 5393.522929] i915 0000:00:02.0: [drm:intel_plane_atomic_calc_changes [i915]] [CRTC:56:pipe A] with [PLANE:33:plane 1A] visible 1 -> 1, off 0, on 0, ms 0
[ 5393.524544] i915 0000:00:02.0: [drm:intel_atomic_get_global_obj_state [i915]] Added new global object 00000000bc0392d3 state 000000006055ee22 to 00000000513e8977
[ 5393.526076] i915 0000:00:02.0: [drm:drm_atomic_nonblocking_commit] committing 00000000513e8977 nonblocking
[ 5393.526149] i915 0000:00:02.0: [drm:drm_crtc_vblank_helper_get_vblank_timestamp_internal] crtc 0 : v p(0,206)@ 5393.442326 -> 5393.439293 [e 0 us, 0 rep]
[ 5393.526161] i915 0000:00:02.0: [drm:drm_ioctl] comm="gnome-shell" pid=14875, dev=0xe201, auth=1, DRM_IOCTL_SYNCOBJ_WAIT
[ 5393.526170] i915 0000:00:02.0: [drm:drm_update_vblank_count] updating vblank count on crtc 0: current=323293, diff=0, hw=324112 hw_last=324112
[ 5393.526180] i915 0000:00:02.0: [drm:drm_ioctl] comm="gnome-shell" pid=14875, dev=0xe201, auth=1, DRM_IOCTL_SYNCOBJ_WAIT
[ 5393.526189] i915 0000:00:02.0: [drm:drm_ioctl] comm="gnome-shell" pid=14875, dev=0xe201, auth=1, DRM_IOCTL_SYNCOBJ_WAIT
[ 5393.526198] i915 0000:00:02.0: [drm:drm_ioctl] comm="gnome-shell" pid=14875, dev=0xe201, auth=1, DRM_IOCTL_SYNCOBJ_WAIT
[ 5393.526206] i915 0000:00:02.0: [drm:drm_ioctl] comm="gnome-shell" pid=14875, dev=0xe201, auth=1, DRM_IOCTL_SYNCOBJ_WAIT
[ 5393.526213] i915 0000:00:02.0: [drm:drm_ioctl] comm="gnome-shell" pid=14875, dev=0xe201, auth=1, DRM_IOCTL_SYNCOBJ_WAIT
[ 5393.526963] i915 0000:00:02.0: [drm:drm_ioctl] comm="gnome-shell" pid=14875, dev=0xe201, auth=1, I915_GEM_EXECBUFFER2_WR
[ 5393.527129] i915 0000:00:02.0: [drm:drm_ioctl] comm="gnome-shell" pid=14875, dev=0xe201, auth=1, I915_GEM_MADVISE
[ 5393.527142] i915 0000:00:02.0: [drm:drm_ioctl] comm="gnome-shell" pid=14875, dev=0xe201, auth=1, DRM_IOCTL_SYNCOBJ_WAIT
[ 5393.527153] i915 0000:00:02.0: [drm:drm_ioctl] comm="gnome-shell" pid=14875, dev=0xe201, auth=1, I915_GEM_MADVISE
[ 5393.527161] i915 0000:00:02.0: [drm:drm_ioctl] comm="gnome-shell" pid=14875, dev=0xe201, auth=1, DRM_IOCTL_SYNCOBJ_CREATE
[ 5393.527185] i915 0000:00:02.0: [drm:drm_ioctl] comm="gnome-shell" pid=14875, dev=0xe201, auth=1, I915_REG_READ
[ 5393.527395] i915 0000:00:02.0: [drm:drm_ioctl] comm="gnome-shell" pid=14875, dev=0xe201, auth=1, I915_GEM_EXECBUFFER2_WR
[ 5393.527460] i915 0000:00:02.0: [drm:drm_ioctl] comm="gnome-shell" pid=14875, dev=0xe201, auth=1, I915_GEM_MADVISE
[ 5393.527474] i915 0000:00:02.0: [drm:drm_ioctl] comm="gnome-shell" pid=14875, dev=0xe201, auth=1, DRM_IOCTL_SYNCOBJ_WAIT
[ 5393.527488] i915 0000:00:02.0: [drm:drm_ioctl] comm="gnome-shell" pid=14875, dev=0xe201, auth=1, DRM_IOCTL_SYNCOBJ_DESTROY
[ 5393.527501] i915 0000:00:02.0: [drm:drm_ioctl] comm="gnome-shell" pid=14875, dev=0xe201, auth=1, I915_GEM_MADVISE
[ 5393.527514] i915 0000:00:02.0: [drm:drm_ioctl] comm="gnome-shell" pid=14875, dev=0xe201, auth=1, DRM_IOCTL_SYNCOBJ_CREATE
[ 5393.527607] i915 0000:00:02.0: [drm:drm_ioctl] comm="gnome-shell" pid=14875, dev=0xe201, auth=1, I915_GEM_SET_TILING
[ 5393.527634] i915 0000:00:02.0: [drm:drm_ioctl] comm="gnome-shell" pid=14875, dev=0xe201, auth=1, I915_GEM_SET_TILING
[ 5393.527657] i915 0000:00:02.0: [drm:drm_ioctl] comm="gnome-shell" pid=14875, dev=0xe201, auth=1, DRM_IOCTL_MODE_ADDFB2
[ 5393.527705] i915 0000:00:02.0: [drm:drm_mode_addfb2] [FB:138]
[ 5393.529239] i915 0000:00:02.0: [drm:drm_ioctl] comm="gnome-shell" pid=14875, dev=0xe201, auth=1, DRM_IOCTL_SYNCOBJ_CREATE
[ 5393.529255] i915 0000:00:02.0: [drm:drm_ioctl] comm="gnome-shell" pid=14875, dev=0xe201, auth=1, DRM_IOCTL_SYNCOBJ_HANDLE_TO_FD
[ 5393.529269] i915 0000:00:02.0: [drm:drm_ioctl] comm="gnome-shell" pid=14875, dev=0xe201, auth=1, DRM_IOCTL_SYNCOBJ_DESTROY
[ 5393.529673] i915 0000:00:02.0: [drm:drm_ioctl] comm="bobide" pid=29641, dev=0xe280, auth=0, I915_GET_RESET_STATS
[ 5393.529685] i915 0000:00:02.0: [drm:drm_ioctl] comm="bobide" pid=29641, dev=0xe280, auth=0, I915_GET_RESET_STATS
[ 5393.530711] i915 0000:00:02.0: [drm:drm_ioctl] comm="bobide" pid=29641, dev=0xe280, auth=0, I915_GEM_CREATE_EXT
[ 5393.530749] i915 0000:00:02.0: [drm:drm_ioctl] comm="bobide" pid=29641, dev=0xe280, auth=0, I915_GEM_SET_DOMAIN
[ 5393.530798] i915 0000:00:02.0: [drm:drm_ioctl] comm="bobide" pid=29641, dev=0xe280, auth=0, I915_GEM_MMAP_OFFSET
[ 5393.531058] i915 0000:00:02.0: [drm:drm_ioctl] comm="bobide" pid=29641, dev=0xe280, auth=0, I915_GEM_EXECBUFFER2_WR
[ 5393.531215] i915 0000:00:02.0: [drm:drm_ioctl] comm="bobide" pid=29641, dev=0xe280, auth=0, I915_GEM_MADVISE
[ 5393.531225] i915 0000:00:02.0: [drm:drm_ioctl] comm="bobide" pid=29641, dev=0xe280, auth=0, DRM_IOCTL_SYNCOBJ_WAIT
[ 5393.531235] i915 0000:00:02.0: [drm:drm_ioctl] comm="bobide" pid=29641, dev=0xe280, auth=0, I915_GEM_MADVISE
[ 5393.531243] i915 0000:00:02.0: [drm:drm_ioctl] comm="bobide" pid=29641, dev=0xe280, auth=0, DRM_IOCTL_SYNCOBJ_CREATE
[ 5393.531275] i915 0000:00:02.0: [drm:drm_ioctl] comm="bobide" pid=29641, dev=0xe280, auth=0, DRM_IOCTL_SYNCOBJ_HANDLE_TO_FD
[ 5393.539025] i915 0000:00:02.0: [drm:drm_crtc_vblank_helper_get_vblank_timestamp_internal] crtc 0 : v p(0,-52)@ 5393.455198 -> 5393.455964 [e 0 us, 0 rep]
[ 5393.539086] i915 0000:00:02.0: [drm:drm_update_vblank_count] updating vblank count on crtc 0: current=323293, diff=1, hw=324113 hw_last=324112
[ 5393.539096] i915 0000:00:02.0: [drm:drm_handle_vblank_events] vblank event on 323294, current 323294
[ 5393.539153] i915 0000:00:02.0: [drm:drm_atomic_state_default_clear] Clearing atomic state 00000000513e8977
[ 5393.539167] [drm:drm_mode_object_put.part.0] OBJ ID: 135 (2)
[ 5393.539178] [drm:drm_mode_object_put.part.0] OBJ ID: 137 (6)
[ 5393.539183] [drm:drm_mode_object_put.part.0] OBJ ID: 137 (5)
[ 5393.539189] [drm:drm_mode_object_put.part.0] OBJ ID: 137 (4)
[ 5393.539195] [drm:drm_mode_object_put.part.0] OBJ ID: 133 (3)
[ 5393.539201] [drm:drm_mode_object_put.part.0] OBJ ID: 133 (2)
[ 5393.539212] i915 0000:00:02.0: [drm:__drm_atomic_state_free] Freeing atomic state 00000000513e8977
[ 5393.539363] i915 0000:00:02.0: [drm:drm_ioctl] comm="gnome-shell" pid=14875, dev=0xe201, auth=1, DRM_IOCTL_MODE_CLOSEFB
[ 5393.539380] [drm:drm_mode_object_put.part.0] OBJ ID: 133 (2)
[ 5393.539388] [drm:drm_mode_object_put.part.0] OBJ ID: 133 (1)
[ 5393.539461] i915 0000:00:02.0: [drm:drm_ioctl] comm="KMS thread" pid=14945, dev=0xe201, auth=1, DRM_IOCTL_MODE_ATOMIC
[ 5393.539476] i915 0000:00:02.0: [drm:drm_atomic_state_init] Allocated atomic state 000000006716dab9
[ 5393.539491] [drm:drm_mode_object_get] OBJ ID: 139 (3)
[ 5393.539497] [drm:drm_mode_object_get] OBJ ID: 139 (4)
[ 5393.539503] i915 0000:00:02.0: [drm:drm_atomic_get_plane_state] Added [PLANE:33:plane 1A] 000000005154c638 state to 000000006716dab9
[ 5393.539515] [drm:drm_mode_object_get] OBJ ID: 135 (1)
[ 5393.539520] [drm:drm_mode_object_get] OBJ ID: 137 (3)
[ 5393.539524] [drm:drm_mode_object_get] OBJ ID: 137 (4)
[ 5393.539528] [drm:drm_mode_object_get] OBJ ID: 137 (5)
[ 5393.539534] i915 0000:00:02.0: [drm:drm_atomic_get_crtc_state] Added [CRTC:56:pipe A] 000000000ff0d236 state to 000000006716dab9
[ 5393.539544] i915 0000:00:02.0: [drm:drm_atomic_set_fb_for_plane] Set [FB:138] for [PLANE:33:plane 1A] state 000000005154c638
[ 5393.539552] [drm:drm_mode_object_get] OBJ ID: 138 (3)
[ 5393.539557] [drm:drm_mode_object_put.part.0] OBJ ID: 139 (5)
[ 5393.539561] [drm:drm_mode_object_put.part.0] OBJ ID: 138 (4)
[ 5393.539567] [drm:drm_mode_object_put.part.0] OBJ ID: 138 (3)
[ 5393.539575] i915 0000:00:02.0: [drm:drm_atomic_check_only] checking 000000006716dab9
[ 5393.539594] [drm:drm_mode_object_put.part.0] OBJ ID: 139 (4)
[ 5393.539599] [drm:drm_mode_object_get] OBJ ID: 138 (2)
[ 5393.539614] i915 0000:00:02.0: [drm:intel_plane_atomic_calc_changes [i915]] [CRTC:56:pipe A] with [PLANE:33:plane 1A] visible 1 -> 1, off 0, on 0, ms 0
[ 5393.541148] i915 0000:00:02.0: [drm:intel_atomic_get_global_obj_state [i915]] Added new global object 00000000bc0392d3 state 0000000051292a0b to 000000006716dab9
[ 5393.541974] i915 0000:00:02.0: [drm:drm_atomic_nonblocking_commit] committing 000000006716dab9 nonblocking
[ 5393.542050] i915 0000:00:02.0: [drm:drm_crtc_vblank_helper_get_vblank_timestamp_internal] crtc 0 : v p(0,154)@ 5393.458225 -> 5393.455958 [e 0 us, 0 rep]
[ 5393.542070] i915 0000:00:02.0: [drm:drm_update_vblank_count] updating vblank count on crtc 0: current=323294, diff=0, hw=324113 hw_last=324113
[ 5393.543601] i915 0000:00:02.0: [drm:drm_ioctl] comm="gnome-shell" pid=14875, dev=0xe201, auth=1, DRM_IOCTL_SYNCOBJ_WAIT
[ 5393.543624] i915 0000:00:02.0: [drm:drm_ioctl] comm="gnome-shell" pid=14875, dev=0xe201, auth=1, DRM_IOCTL_SYNCOBJ_DESTROY
[ 5393.543634] i915 0000:00:02.0: [drm:drm_ioctl] comm="gnome-shell" pid=14875, dev=0xe201, auth=1, I915_GEM_MADVISE
[ 5393.543766] i915 0000:00:02.0: [drm:drm_ioctl] comm="gnome-shell" pid=14875, dev=0xe201, auth=1, I915_GEM_EXECBUFFER2_WR
[ 5393.544766] i915 0000:00:02.0: [drm:drm_ioctl] comm="gnome-shell" pid=14875, dev=0xe201, auth=1, I915_GEM_MADVISE
[ 5393.544783] i915 0000:00:02.0: [drm:drm_ioctl] comm="gnome-shell" pid=14875, dev=0xe201, auth=1, DRM_IOCTL_SYNCOBJ_WAIT
[ 5393.544794] i915 0000:00:02.0: [drm:drm_ioctl] comm="gnome-shell" pid=14875, dev=0xe201, auth=1, I915_GEM_MADVISE
[ 5393.544803] i915 0000:00:02.0: [drm:drm_ioctl] comm="gnome-shell" pid=14875, dev=0xe201, auth=1, DRM_IOCTL_SYNCOBJ_CREATE
[ 5393.544857] i915 0000:00:02.0: [drm:drm_ioctl] comm="gnome-shell" pid=14875, dev=0xe201, auth=1, I915_REG_READ
[ 5393.545001] i915 0000:00:02.0: [drm:drm_ioctl] comm="gnome-shell" pid=14875, dev=0xe201, auth=1, I915_GEM_EXECBUFFER2_WR
[ 5393.545033] i915 0000:00:02.0: [drm:drm_ioctl] comm="gnome-shell" pid=14875, dev=0xe201, auth=1, I915_GEM_MADVISE
[ 5393.545041] i915 0000:00:02.0: [drm:drm_ioctl] comm="gnome-shell" pid=14875, dev=0xe201, auth=1, DRM_IOCTL_SYNCOBJ_WAIT
[ 5393.545050] i915 0000:00:02.0: [drm:drm_ioctl] comm="gnome-shell" pid=14875, dev=0xe201, auth=1, DRM_IOCTL_SYNCOBJ_DESTROY
[ 5393.545057] i915 0000:00:02.0: [drm:drm_ioctl] comm="gnome-shell" pid=14875, dev=0xe201, auth=1, I915_GEM_MADVISE
[ 5393.545065] i915 0000:00:02.0: [drm:drm_ioctl] comm="gnome-shell" pid=14875, dev=0xe201, auth=1, DRM_IOCTL_SYNCOBJ_CREATE
[ 5393.545130] i915 0000:00:02.0: [drm:drm_ioctl] comm="gnome-shell" pid=14875, dev=0xe201, auth=1, I915_GEM_SET_TILING
[ 5393.545148] i915 0000:00:02.0: [drm:drm_ioctl] comm="gnome-shell" pid=14875, dev=0xe201, auth=1, I915_GEM_SET_TILING
[ 5393.545164] i915 0000:00:02.0: [drm:drm_ioctl] comm="gnome-shell" pid=14875, dev=0xe201, auth=1, DRM_IOCTL_MODE_ADDFB2
[ 5393.545199] i915 0000:00:02.0: [drm:drm_mode_addfb2] [FB:133]
[ 5393.546064] i915 0000:00:02.0: [drm:drm_ioctl] comm="bobide" pid=29641, dev=0xe280, auth=0, I915_GET_RESET_STATS
[ 5393.546078] i915 0000:00:02.0: [drm:drm_ioctl] comm="bobide" pid=29641, dev=0xe280, auth=0, I915_GET_RESET_STATS
[ 5393.546463] i915 0000:00:02.0: [drm:drm_ioctl] comm="gnome-shell" pid=14875, dev=0xe201, auth=1, DRM_IOCTL_SYNCOBJ_CREATE
[ 5393.546477] i915 0000:00:02.0: [drm:drm_ioctl] comm="gnome-shell" pid=14875, dev=0xe201, auth=1, DRM_IOCTL_SYNCOBJ_HANDLE_TO_FD
[ 5393.546494] i915 0000:00:02.0: [drm:drm_ioctl] comm="gnome-shell" pid=14875, dev=0xe201, auth=1, DRM_IOCTL_SYNCOBJ_DESTROY
[ 5393.547426] i915 0000:00:02.0: [drm:drm_ioctl] comm="bobide" pid=29641, dev=0xe280, auth=0, I915_GEM_EXECBUFFER2_WR
[ 5393.547554] i915 0000:00:02.0: [drm:drm_ioctl] comm="bobide" pid=29641, dev=0xe280, auth=0, I915_GEM_MADVISE
[ 5393.547565] i915 0000:00:02.0: [drm:drm_ioctl] comm="bobide" pid=29641, dev=0xe280, auth=0, DRM_IOCTL_SYNCOBJ_WAIT
[ 5393.547575] i915 0000:00:02.0: [drm:drm_ioctl] comm="bobide" pid=29641, dev=0xe280, auth=0, I915_GEM_MADVISE
[ 5393.547582] i915 0000:00:02.0: [drm:drm_ioctl] comm="bobide" pid=29641, dev=0xe280, auth=0, DRM_IOCTL_SYNCOBJ_CREATE
[ 5393.547608] i915 0000:00:02.0: [drm:drm_ioctl] comm="bobide" pid=29641, dev=0xe280, auth=0, DRM_IOCTL_SYNCOBJ_HANDLE_TO_FD
[ 5393.555697] i915 0000:00:02.0: [drm:drm_crtc_vblank_helper_get_vblank_timestamp_internal] crtc 0 : v p(0,-52)@ 5393.471867 -> 5393.472632 [e 0 us, 0 rep]
[ 5393.555759] i915 0000:00:02.0: [drm:drm_update_vblank_count] updating vblank count on crtc 0: current=323294, diff=1, hw=324114 hw_last=324113
[ 5393.555769] i915 0000:00:02.0: [drm:drm_handle_vblank_events] vblank event on 323295, current 323295
[ 5393.555844] i915 0000:00:02.0: [drm:drm_atomic_state_default_clear] Clearing atomic state 000000006716dab9
[ 5393.555856] [drm:drm_mode_object_put.part.0] OBJ ID: 135 (2)
[ 5393.555867] [drm:drm_mode_object_put.part.0] OBJ ID: 137 (6)
[ 5393.555872] [drm:drm_mode_object_put.part.0] OBJ ID: 137 (5)
[ 5393.555877] [drm:drm_mode_object_put.part.0] OBJ ID: 137 (4)
[ 5393.555883] [drm:drm_mode_object_put.part.0] OBJ ID: 139 (3)
[ 5393.555889] [drm:drm_mode_object_put.part.0] OBJ ID: 139 (2)
[ 5393.555896] i915 0000:00:02.0: [drm:__drm_atomic_state_free] Freeing atomic state 000000006716dab9
[ 5393.555976] i915 0000:00:02.0: [drm:drm_ioctl] comm="gnome-shell" pid=14875, dev=0xe201, auth=1, DRM_IOCTL_MODE_CLOSEFB
[ 5393.555989] [drm:drm_mode_object_put.part.0] OBJ ID: 139 (2)
[ 5393.555996] [drm:drm_mode_object_put.part.0] OBJ ID: 139 (1)
[ 5393.556078] i915 0000:00:02.0: [drm:drm_ioctl] comm="KMS thread" pid=14945, dev=0xe201, auth=1, DRM_IOCTL_MODE_ATOMIC
[ 5393.556093] i915 0000:00:02.0: [drm:drm_atomic_state_init] Allocated atomic state 000000000f110893
[ 5393.556107] [drm:drm_mode_object_get] OBJ ID: 138 (3)
[ 5393.556113] [drm:drm_mode_object_get] OBJ ID: 138 (4)
[ 5393.556118] i915 0000:00:02.0: [drm:drm_atomic_get_plane_state] Added [PLANE:33:plane 1A] 00000000396b9b53 state to 000000000f110893
[ 5393.556133] [drm:drm_mode_object_get] OBJ ID: 135 (1)
[ 5393.556138] [drm:drm_mode_object_get] OBJ ID: 137 (3)
[ 5393.556143] [drm:drm_mode_object_get] OBJ ID: 137 (4)
[ 5393.556148] [drm:drm_mode_object_get] OBJ ID: 137 (5)
[ 5393.556153] i915 0000:00:02.0: [drm:drm_atomic_get_crtc_state] Added [CRTC:56:pipe A] 000000007b0f2f50 state to 000000000f110893
[ 5393.556164] i915 0000:00:02.0: [drm:drm_atomic_set_fb_for_plane] Set [FB:133] for [PLANE:33:plane 1A] state 00000000396b9b53
[ 5393.556170] [drm:drm_mode_object_get] OBJ ID: 133 (3)
[ 5393.556175] [drm:drm_mode_object_put.part.0] OBJ ID: 138 (5)
[ 5393.556180] [drm:drm_mode_object_put.part.0] OBJ ID: 133 (4)
[ 5393.556185] [drm:drm_mode_object_put.part.0] OBJ ID: 133 (3)
[ 5393.556194] i915 0000:00:02.0: [drm:drm_atomic_check_only] checking 000000000f110893
[ 5393.556219] [drm:drm_mode_object_put.part.0] OBJ ID: 138 (4)
[ 5393.556224] [drm:drm_mode_object_get] OBJ ID: 133 (2)
[ 5393.556244] i915 0000:00:02.0: [drm:intel_plane_atomic_calc_changes [i915]] [CRTC:56:pipe A] with [PLANE:33:plane 1A] visible 1 -> 1, off 0, on 0, ms 0
[ 5393.557978] i915 0000:00:02.0: [drm:intel_atomic_get_global_obj_state [i915]] Added new global object 00000000bc0392d3 state 00000000bd6c64d2 to 000000000f110893
[ 5393.558987] i915 0000:00:02.0: [drm:drm_atomic_nonblocking_commit] committing 000000000f110893 nonblocking
[ 5393.559104] i915 0000:00:02.0: [drm:drm_crtc_vblank_helper_get_vblank_timestamp_internal] crtc 0 : v p(0,180)@ 5393.475279 -> 5393.472629 [e 0 us, 0 rep]
[ 5393.559132] i915 0000:00:02.0: [drm:drm_update_vblank_count] updating vblank count on crtc 0: current=323295, diff=0, hw=324114 hw_last=324114
[ 5393.559676] i915 0000:00:02.0: [drm:drm_ioctl] comm="gnome-shell" pid=14875, dev=0xe201, auth=1, I915_GEM_MADVISE
[ 5393.560291] i915 0000:00:02.0: [drm:drm_ioctl] comm="bobide" pid=29641, dev=0xe280, auth=0, I915_GET_RESET_STATS
[ 5393.560306] i915 0000:00:02.0: [drm:drm_ioctl] comm="bobide" pid=29641, dev=0xe280, auth=0, I915_GET_RESET_STATS
[ 5393.560386] i915 0000:00:02.0: [drm:drm_ioctl] comm="bobide" pid=29641, dev=0xe280, auth=0, DRM_IOCTL_SYNCOBJ_WAIT
[ 5393.560400] i915 0000:00:02.0: [drm:drm_ioctl] comm="bobide" pid=29641, dev=0xe280, auth=0, DRM_IOCTL_SYNCOBJ_WAIT
[ 5393.560409] i915 0000:00:02.0: [drm:drm_ioctl] comm="bobide" pid=29641, dev=0xe280, auth=0, DRM_IOCTL_SYNCOBJ_WAIT
[ 5393.560417] i915 0000:00:02.0: [drm:drm_ioctl] comm="bobide" pid=29641, dev=0xe280, auth=0, DRM_IOCTL_SYNCOBJ_WAIT
[ 5393.560425] i915 0000:00:02.0: [drm:drm_ioctl] comm="bobide" pid=29641, dev=0xe280, auth=0, DRM_IOCTL_SYNCOBJ_WAIT
[ 5393.560432] i915 0000:00:02.0: [drm:drm_ioctl] comm="bobide" pid=29641, dev=0xe280, auth=0, DRM_IOCTL_SYNCOBJ_WAIT
[ 5393.561773] i915 0000:00:02.0: [drm:drm_ioctl] comm="bobide" pid=29641, dev=0xe280, auth=0, I915_GEM_EXECBUFFER2_WR
[ 5393.562219] i915 0000:00:02.0: [drm:drm_ioctl] comm="bobide" pid=29641, dev=0xe280, auth=0, DRM_IOCTL_SYNCOBJ_DESTROY
[ 5393.562237] i915 0000:00:02.0: [drm:drm_ioctl] comm="bobide" pid=29641, dev=0xe280, auth=0, I915_GEM_MADVISE
[ 5393.562248] i915 0000:00:02.0: [drm:drm_ioctl] comm="bobide" pid=29641, dev=0xe280, auth=0, DRM_IOCTL_SYNCOBJ_WAIT
[ 5393.562259] i915 0000:00:02.0: [drm:drm_ioctl] comm="bobide" pid=29641, dev=0xe280, auth=0, I915_GEM_MADVISE
[ 5393.562267] i915 0000:00:02.0: [drm:drm_ioctl] comm="bobide" pid=29641, dev=0xe280, auth=0, DRM_IOCTL_SYNCOBJ_CREATE
[ 5393.562303] i915 0000:00:02.0: [drm:drm_ioctl] comm="bobide" pid=29641, dev=0xe280, auth=0, DRM_IOCTL_SYNCOBJ_HANDLE_TO_FD
[ 5393.563358] i915 0000:00:02.0: [drm:drm_ioctl] comm="gnome-shell" pid=14875, dev=0xe201, auth=1, I915_GEM_EXECBUFFER2_WR
[ 5393.563677] i915 0000:00:02.0: [drm:drm_ioctl] comm="gnome-shell" pid=14875, dev=0xe201, auth=1, I915_GEM_MADVISE
[ 5393.563692] i915 0000:00:02.0: [drm:drm_ioctl] comm="gnome-shell" pid=14875, dev=0xe201, auth=1, DRM_IOCTL_SYNCOBJ_WAIT
[ 5393.563703] i915 0000:00:02.0: [drm:drm_ioctl] comm="gnome-shell" pid=14875, dev=0xe201, auth=1, I915_GEM_MADVISE
[ 5393.563712] i915 0000:00:02.0: [drm:drm_ioctl] comm="gnome-shell" pid=14875, dev=0xe201, auth=1, DRM_IOCTL_SYNCOBJ_CREATE
[ 5393.563741] i915 0000:00:02.0: [drm:drm_ioctl] comm="gnome-shell" pid=14875, dev=0xe201, auth=1, I915_REG_READ
[ 5393.563774] i915 0000:00:02.0: [drm:drm_ioctl] comm="gnome-shell" pid=14875, dev=0xe201, auth=1, I915_GEM_EXECBUFFER2_WR
[ 5393.563805] i915 0000:00:02.0: [drm:drm_ioctl] comm="gnome-shell" pid=14875, dev=0xe201, auth=1, I915_GEM_MADVISE
[ 5393.563813] i915 0000:00:02.0: [drm:drm_ioctl] comm="gnome-shell" pid=14875, dev=0xe201, auth=1, DRM_IOCTL_SYNCOBJ_WAIT
[ 5393.563821] i915 0000:00:02.0: [drm:drm_ioctl] comm="gnome-shell" pid=14875, dev=0xe201, auth=1, DRM_IOCTL_SYNCOBJ_DESTROY
[ 5393.563844] i915 0000:00:02.0: [drm:drm_ioctl] comm="gnome-shell" pid=14875, dev=0xe201, auth=1, I915_GEM_MADVISE
[ 5393.563851] i915 0000:00:02.0: [drm:drm_ioctl] comm="gnome-shell" pid=14875, dev=0xe201, auth=1, DRM_IOCTL_SYNCOBJ_CREATE
[ 5393.563910] i915 0000:00:02.0: [drm:drm_ioctl] comm="gnome-shell" pid=14875, dev=0xe201, auth=1, I915_GEM_SET_TILING
[ 5393.563926] i915 0000:00:02.0: [drm:drm_ioctl] comm="gnome-shell" pid=14875, dev=0xe201, auth=1, I915_GEM_SET_TILING
[ 5393.563938] i915 0000:00:02.0: [drm:drm_ioctl] comm="gnome-shell" pid=14875, dev=0xe201, auth=1, DRM_IOCTL_MODE_ADDFB2
[ 5393.563963] i915 0000:00:02.0: [drm:drm_mode_addfb2] [FB:139]
[ 5393.564661] i915 0000:00:02.0: [drm:drm_ioctl] comm="gnome-shell" pid=14875, dev=0xe201, auth=1, DRM_IOCTL_SYNCOBJ_CREATE
[ 5393.564675] i915 0000:00:02.0: [drm:drm_ioctl] comm="gnome-shell" pid=14875, dev=0xe201, auth=1, DRM_IOCTL_SYNCOBJ_HANDLE_TO_FD
[ 5393.564689] i915 0000:00:02.0: [drm:drm_ioctl] comm="gnome-shell" pid=14875, dev=0xe201, auth=1, DRM_IOCTL_SYNCOBJ_DESTROY
[ 5393.572359] i915 0000:00:02.0: [drm:drm_crtc_vblank_helper_get_vblank_timestamp_internal] crtc 0 : v p(0,-52)@ 5393.488530 -> 5393.489295 [e 0 us, 0 rep]
[ 5393.572412] i915 0000:00:02.0: [drm:drm_update_vblank_count] updating vblank count on crtc 0: current=323295, diff=1, hw=324115 hw_last=324114
[ 5393.572422] i915 0000:00:02.0: [drm:drm_handle_vblank_events] vblank event on 323296, current 323296
[ 5393.572476] i915 0000:00:02.0: [drm:drm_atomic_state_default_clear] Clearing atomic state 000000000f110893
[ 5393.572489] [drm:drm_mode_object_put.part.0] OBJ ID: 135 (2)
[ 5393.572499] [drm:drm_mode_object_put.part.0] OBJ ID: 137 (6)
[ 5393.572505] [drm:drm_mode_object_put.part.0] OBJ ID: 137 (5)
[ 5393.572510] [drm:drm_mode_object_put.part.0] OBJ ID: 137 (4)
[ 5393.572516] [drm:drm_mode_object_put.part.0] OBJ ID: 138 (3)
[ 5393.572522] [drm:drm_mode_object_put.part.0] OBJ ID: 138 (2)
[ 5393.572529] i915 0000:00:02.0: [drm:__drm_atomic_state_free] Freeing atomic state 000000000f110893
[ 5393.572618] i915 0000:00:02.0: [drm:drm_ioctl] comm="gnome-shell" pid=14875, dev=0xe201, auth=1, DRM_IOCTL_MODE_CLOSEFB
[ 5393.572631] [drm:drm_mode_object_put.part.0] OBJ ID: 138 (2)
[ 5393.572639] [drm:drm_mode_object_put.part.0] OBJ ID: 138 (1)
[ 5393.572717] i915 0000:00:02.0: [drm:drm_ioctl] comm="KMS thread" pid=14945, dev=0xe201, auth=1, DRM_IOCTL_MODE_ATOMIC
[ 5393.572731] i915 0000:00:02.0: [drm:drm_atomic_state_init] Allocated atomic state 000000006c2f8c54
[ 5393.572744] [drm:drm_mode_object_get] OBJ ID: 133 (3)
[ 5393.572750] [drm:drm_mode_object_get] OBJ ID: 133 (4)
[ 5393.572756] i915 0000:00:02.0: [drm:drm_atomic_get_plane_state] Added [PLANE:33:plane 1A] 000000006d0796c7 state to 000000006c2f8c54
[ 5393.572771] [drm:drm_mode_object_get] OBJ ID: 135 (1)
[ 5393.572775] [drm:drm_mode_object_get] OBJ ID: 137 (3)
[ 5393.572780] [drm:drm_mode_object_get] OBJ ID: 137 (4)
[ 5393.572785] [drm:drm_mode_object_get] OBJ ID: 137 (5)
[ 5393.572790] i915 0000:00:02.0: [drm:drm_atomic_get_crtc_state] Added [CRTC:56:pipe A] 000000000ff0d236 state to 000000006c2f8c54
[ 5393.572802] i915 0000:00:02.0: [drm:drm_atomic_set_fb_for_plane] Set [FB:139] for [PLANE:33:plane 1A] state 000000006d0796c7
[ 5393.572809] [drm:drm_mode_object_get] OBJ ID: 139 (3)
[ 5393.572813] [drm:drm_mode_object_put.part.0] OBJ ID: 133 (5)
[ 5393.572818] [drm:drm_mode_object_put.part.0] OBJ ID: 139 (4)
[ 5393.572822] [drm:drm_mode_object_put.part.0] OBJ ID: 139 (3)
[ 5393.572843] i915 0000:00:02.0: [drm:drm_atomic_check_only] checking 000000006c2f8c54
[ 5393.572861] [drm:drm_mode_object_put.part.0] OBJ ID: 133 (4)
[ 5393.572866] [drm:drm_mode_object_get] OBJ ID: 139 (2)
[ 5393.572882] i915 0000:00:02.0: [drm:intel_plane_atomic_calc_changes [i915]] [CRTC:56:pipe A] with [PLANE:33:plane 1A] visible 1 -> 1, off 0, on 0, ms 0
[ 5393.574483] i915 0000:00:02.0: [drm:intel_atomic_get_global_obj_state [i915]] Added new global object 00000000bc0392d3 state 00000000e4a4dfcd to 000000006c2f8c54
[ 5393.575258] i915 0000:00:02.0: [drm:drm_atomic_nonblocking_commit] committing 000000006c2f8c54 nonblocking
[ 5393.575338] i915 0000:00:02.0: [drm:drm_crtc_vblank_helper_get_vblank_timestamp_internal] crtc 0 : v p(0,151)@ 5393.491512 -> 5393.489289 [e 0 us, 0 rep]
[ 5393.575360] i915 0000:00:02.0: [drm:drm_update_vblank_count] updating vblank count on crtc 0: current=323296, diff=0, hw=324115 hw_last=324115
[ 5393.576336] i915 0000:00:02.0: [drm:drm_ioctl] comm="gnome-shell" pid=14875, dev=0xe201, auth=1, DRM_IOCTL_SYNCOBJ_WAIT
[ 5393.576356] i915 0000:00:02.0: [drm:drm_ioctl] comm="gnome-shell" pid=14875, dev=0xe201, auth=1, DRM_IOCTL_SYNCOBJ_WAIT
[ 5393.576366] i915 0000:00:02.0: [drm:drm_ioctl] comm="gnome-shell" pid=14875, dev=0xe201, auth=1, DRM_IOCTL_SYNCOBJ_WAIT
[ 5393.576374] i915 0000:00:02.0: [drm:drm_ioctl] comm="gnome-shell" pid=14875, dev=0xe201, auth=1, DRM_IOCTL_SYNCOBJ_WAIT
[ 5393.576382] i915 0000:00:02.0: [drm:drm_ioctl] comm="gnome-shell" pid=14875, dev=0xe201, auth=1, DRM_IOCTL_SYNCOBJ_DESTROY
[ 5393.576397] i915 0000:00:02.0: [drm:drm_ioctl] comm="gnome-shell" pid=14875, dev=0xe201, auth=1, DRM_IOCTL_SYNCOBJ_WAIT
[ 5393.576404] i915 0000:00:02.0: [drm:drm_ioctl] comm="gnome-shell" pid=14875, dev=0xe201, auth=1, DRM_IOCTL_SYNCOBJ_WAIT
[ 5393.576411] i915 0000:00:02.0: [drm:drm_ioctl] comm="gnome-shell" pid=14875, dev=0xe201, auth=1, DRM_IOCTL_SYNCOBJ_WAIT
[ 5393.576418] i915 0000:00:02.0: [drm:drm_ioctl] comm="gnome-shell" pid=14875, dev=0xe201, auth=1, DRM_IOCTL_SYNCOBJ_DESTROY
[ 5393.576429] i915 0000:00:02.0: [drm:drm_ioctl] comm="gnome-shell" pid=14875, dev=0xe201, auth=1, DRM_IOCTL_SYNCOBJ_WAIT
[ 5393.576437] i915 0000:00:02.0: [drm:drm_ioctl] comm="gnome-shell" pid=14875, dev=0xe201, auth=1, DRM_IOCTL_SYNCOBJ_WAIT
[ 5393.576444] i915 0000:00:02.0: [drm:drm_ioctl] comm="gnome-shell" pid=14875, dev=0xe201, auth=1, DRM_IOCTL_SYNCOBJ_WAIT
[ 5393.576452] i915 0000:00:02.0: [drm:drm_ioctl] comm="gnome-shell" pid=14875, dev=0xe201, auth=1, DRM_IOCTL_SYNCOBJ_WAIT
[ 5393.576459] i915 0000:00:02.0: [drm:drm_ioctl] comm="gnome-shell" pid=14875, dev=0xe201, auth=1, DRM_IOCTL_SYNCOBJ_WAIT
[ 5393.576467] i915 0000:00:02.0: [drm:drm_ioctl] comm="gnome-shell" pid=14875, dev=0xe201, auth=1, DRM_IOCTL_SYNCOBJ_WAIT
[ 5393.576474] i915 0000:00:02.0: [drm:drm_ioctl] comm="gnome-shell" pid=14875, dev=0xe201, auth=1, DRM_IOCTL_SYNCOBJ_DESTROY
[ 5393.576484] i915 0000:00:02.0: [drm:drm_ioctl] comm="gnome-shell" pid=14875, dev=0xe201, auth=1, DRM_IOCTL_SYNCOBJ_WAIT
[ 5393.576492] i915 0000:00:02.0: [drm:drm_ioctl] comm="gnome-shell" pid=14875, dev=0xe201, auth=1, DRM_IOCTL_SYNCOBJ_WAIT
[ 5393.576499] i915 0000:00:02.0: [drm:drm_ioctl] comm="gnome-shell" pid=14875, dev=0xe201, auth=1, DRM_IOCTL_SYNCOBJ_WAIT
[ 5393.576507] i915 0000:00:02.0: [drm:drm_ioctl] comm="gnome-shell" pid=14875, dev=0xe201, auth=1, DRM_IOCTL_SYNCOBJ_WAIT
[ 5393.576518] i915 0000:00:02.0: [drm:drm_ioctl] comm="gnome-shell" pid=14875, dev=0xe201, auth=1, DRM_IOCTL_SYNCOBJ_WAIT
[ 5393.576530] i915 0000:00:02.0: [drm:drm_ioctl] comm="gnome-shell" pid=14875, dev=0xe201, auth=1, DRM_IOCTL_SYNCOBJ_WAIT
[ 5393.576545] i915 0000:00:02.0: [drm:drm_ioctl] comm="gnome-shell" pid=14875, dev=0xe201, auth=1, DRM_IOCTL_SYNCOBJ_WAIT
[ 5393.576553] i915 0000:00:02.0: [drm:drm_ioctl] comm="gnome-shell" pid=14875, dev=0xe201, auth=1, DRM_IOCTL_SYNCOBJ_WAIT
[ 5393.576560] i915 0000:00:02.0: [drm:drm_ioctl] comm="gnome-shell" pid=14875, dev=0xe201, auth=1, DRM_IOCTL_SYNCOBJ_WAIT
[ 5393.576568] i915 0000:00:02.0: [drm:drm_ioctl] comm="gnome-shell" pid=14875, dev=0xe201, auth=1, DRM_IOCTL_SYNCOBJ_WAIT
[ 5393.576575] i915 0000:00:02.0: [drm:drm_ioctl] comm="gnome-shell" pid=14875, dev=0xe201, auth=1, DRM_IOCTL_SYNCOBJ_WAIT
[ 5393.576736] i915 0000:00:02.0: [drm:drm_ioctl] comm="gnome-shell" pid=14875, dev=0xe201, auth=1, DRM_IOCTL_SYNCOBJ_WAIT
[ 5393.576749] i915 0000:00:02.0: [drm:drm_ioctl] comm="gnome-shell" pid=14875, dev=0xe201, auth=1, DRM_IOCTL_SYNCOBJ_WAIT
[ 5393.576756] i915 0000:00:02.0: [drm:drm_ioctl] comm="gnome-shell" pid=14875, dev=0xe201, auth=1, DRM_IOCTL_SYNCOBJ_DESTROY
[ 5393.576769] i915 0000:00:02.0: [drm:drm_ioctl] comm="gnome-shell" pid=14875, dev=0xe201, auth=1, DRM_IOCTL_SYNCOBJ_WAIT
[ 5393.576777] i915 0000:00:02.0: [drm:drm_ioctl] comm="gnome-shell" pid=14875, dev=0xe201, auth=1, DRM_IOCTL_SYNCOBJ_WAIT
[ 5393.576784] i915 0000:00:02.0: [drm:drm_ioctl] comm="gnome-shell" pid=14875, dev=0xe201, auth=1, DRM_IOCTL_SYNCOBJ_WAIT
[ 5393.576791] i915 0000:00:02.0: [drm:drm_ioctl] comm="gnome-shell" pid=14875, dev=0xe201, auth=1, DRM_IOCTL_SYNCOBJ_WAIT
[ 5393.576798] i915 0000:00:02.0: [drm:drm_ioctl] comm="gnome-shell" pid=14875, dev=0xe201, auth=1, DRM_IOCTL_SYNCOBJ_DESTROY
[ 5393.577523] i915 0000:00:02.0: [drm:drm_ioctl] comm="gnome-shell" pid=14875, dev=0xe201, auth=1, I915_GEM_EXECBUFFER2_WR
[ 5393.577669] i915 0000:00:02.0: [drm:drm_ioctl] comm="gnome-shell" pid=14875, dev=0xe201, auth=1, I915_GEM_MADVISE
[ 5393.577681] i915 0000:00:02.0: [drm:drm_ioctl] comm="gnome-shell" pid=14875, dev=0xe201, auth=1, DRM_IOCTL_SYNCOBJ_WAIT
[ 5393.577691] i915 0000:00:02.0: [drm:drm_ioctl] comm="gnome-shell" pid=14875, dev=0xe201, auth=1, I915_GEM_MADVISE
[ 5393.577699] i915 0000:00:02.0: [drm:drm_ioctl] comm="gnome-shell" pid=14875, dev=0xe201, auth=1, DRM_IOCTL_SYNCOBJ_CREATE
[ 5393.577720] i915 0000:00:02.0: [drm:drm_ioctl] comm="gnome-shell" pid=14875, dev=0xe201, auth=1, I915_REG_READ
[ 5393.578059] i915 0000:00:02.0: [drm:drm_ioctl] comm="bobide" pid=29641, dev=0xe280, auth=0, I915_GET_RESET_STATS
[ 5393.578072] i915 0000:00:02.0: [drm:drm_ioctl] comm="bobide" pid=29641, dev=0xe280, auth=0, I915_GET_RESET_STATS
[ 5393.579890] i915 0000:00:02.0: [drm:drm_ioctl] comm="gnome-shell" pid=14875, dev=0xe201, auth=1, I915_GEM_EXECBUFFER2_WR
[ 5393.579951] i915 0000:00:02.0: [drm:drm_ioctl] comm="gnome-shell" pid=14875, dev=0xe201, auth=1, I915_GEM_MADVISE
[ 5393.579977] i915 0000:00:02.0: [drm:drm_ioctl] comm="gnome-shell" pid=14875, dev=0xe201, auth=1, DRM_IOCTL_SYNCOBJ_WAIT
[ 5393.579989] i915 0000:00:02.0: [drm:drm_ioctl] comm="gnome-shell" pid=14875, dev=0xe201, auth=1, DRM_IOCTL_SYNCOBJ_DESTROY
[ 5393.579997] i915 0000:00:02.0: [drm:drm_ioctl] comm="gnome-shell" pid=14875, dev=0xe201, auth=1, I915_GEM_MADVISE
[ 5393.580005] i915 0000:00:02.0: [drm:drm_ioctl] comm="gnome-shell" pid=14875, dev=0xe201, auth=1, DRM_IOCTL_SYNCOBJ_CREATE
[ 5393.580070] i915 0000:00:02.0: [drm:drm_ioctl] comm="gnome-shell" pid=14875, dev=0xe201, auth=1, I915_GEM_SET_TILING
[ 5393.580084] i915 0000:00:02.0: [drm:drm_ioctl] comm="gnome-shell" pid=14875, dev=0xe201, auth=1, I915_GEM_SET_TILING
[ 5393.580095] i915 0000:00:02.0: [drm:drm_ioctl] comm="gnome-shell" pid=14875, dev=0xe201, auth=1, DRM_IOCTL_MODE_ADDFB2
[ 5393.580117] i915 0000:00:02.0: [drm:drm_mode_addfb2] [FB:138]
[ 5393.581091] i915 0000:00:02.0: [drm:drm_ioctl] comm="gnome-shell" pid=14875, dev=0xe201, auth=1, DRM_IOCTL_SYNCOBJ_CREATE
[ 5393.581107] i915 0000:00:02.0: [drm:drm_ioctl] comm="gnome-shell" pid=14875, dev=0xe201, auth=1, DRM_IOCTL_SYNCOBJ_HANDLE_TO_FD
[ 5393.581122] i915 0000:00:02.0: [drm:drm_ioctl] comm="gnome-shell" pid=14875, dev=0xe201, auth=1, DRM_IOCTL_SYNCOBJ_DESTROY
[ 5393.581765] i915 0000:00:02.0: [drm:drm_ioctl] comm="bobide" pid=29641, dev=0xe280, auth=0, I915_GEM_EXECBUFFER2_WR
[ 5393.582912] i915 0000:00:02.0: [drm:drm_ioctl] comm="bobide" pid=29641, dev=0xe280, auth=0, I915_GEM_MADVISE
[ 5393.582932] i915 0000:00:02.0: [drm:drm_ioctl] comm="bobide" pid=29641, dev=0xe280, auth=0, DRM_IOCTL_SYNCOBJ_WAIT
[ 5393.582946] i915 0000:00:02.0: [drm:drm_ioctl] comm="bobide" pid=29641, dev=0xe280, auth=0, I915_GEM_MADVISE
[ 5393.582956] i915 0000:00:02.0: [drm:drm_ioctl] comm="bobide" pid=29641, dev=0xe280, auth=0, DRM_IOCTL_SYNCOBJ_CREATE
[ 5393.583022] i915 0000:00:02.0: [drm:drm_ioctl] comm="bobide" pid=29641, dev=0xe280, auth=0, DRM_IOCTL_SYNCOBJ_HANDLE_TO_FD
