# tracer: nop
#
# entries-in-buffer/entries-written: 6493/6493   #P:8
#
#                                _-----=> irqs-off/BH-disabled
#                               / _----=> need-resched
#                              | / _---=> hardirq/softirq
#                              || / _--=> preempt-depth
#                              ||| / _-=> migrate-disable
#                              |||| /     delay
#           TASK-PID     CPU#  |||||  TIMESTAMP  FUNCTION
#              | |         |   |||||     |         |
     kworker/7:0-83001   [007] ..... 11183.220651: i915_request_retire: dev=1, engine=0:0, ctx=5, seqno=714739, tail=2584
     gnome-shell-14986   [003] ..... 11183.223969: i915_request_queue: dev=1, engine=0:0, ctx=30, seqno=1685146, flags=0x0
     gnome-shell-14986   [003] ..... 11183.223970: i915_request_add: dev=1, engine=0:0, ctx=30, seqno=1685146, tail=3536
     gnome-shell-14986   [003] ..... 11183.224137: i915_request_queue: dev=1, engine=0:0, ctx=30, seqno=1685148, flags=0x0
     gnome-shell-14986   [003] ..... 11183.224138: i915_request_add: dev=1, engine=0:0, ctx=30, seqno=1685148, tail=3400
   kworker/u33:1-57411   [003] d.h3. 11183.224573: i915_reg_rw: write reg=0x20a8, len=4, val=(0xfffff6f6, 0x0)
   kworker/u33:1-57411   [003] ..... 11183.224581: i915_request_wait_begin: dev=1, engine=0:0, ctx=30, seqno=1685146, flags=0x2
         systemd-14012   [007] d.h2. 11183.225592: i915_reg_rw: write reg=0x20a8, len=4, val=(0xfffff6f7, 0x0)
     kworker/7:0-83001   [007] ..... 11183.225630: i915_request_retire: dev=1, engine=0:0, ctx=30, seqno=1685146, tail=1840
     kworker/7:0-83001   [007] ..... 11183.225633: i915_request_retire: dev=1, engine=0:0, ctx=30, seqno=1685148, tail=2024
   kworker/u33:1-57411   [003] ..... 11183.225714: i915_request_wait_end: dev=1, engine=0:0, ctx=30, seqno=1685146, tail=1840
   kworker/u33:1-57411   [003] ..... 11183.225734: intel_plane_update_noarm: dev 0000:00:02.0, pipe A, plane 1A, frame=671564, scanline=855, format=XR30 little-endian (0x30335258), 1920.000000x1080.000000+0.000000+0.000000 -> 1920x1080+0+0
   kworker/u33:1-57411   [003] ...2. 11183.225735: i915_reg_rw: read reg=0x70040, len=4, val=(0xa3f4c, 0x0)
   kworker/u33:1-57411   [003] d..3. 11183.225736: i915_reg_rw: read reg=0x70000, len=4, val=(0x356, 0x0)
   kworker/u33:1-57411   [003] ..... 11183.225738: i915_reg_rw: write reg=0x70188, len=4, val=(0xf, 0x0)
   kworker/u33:1-57411   [003] ..... 11183.225738: i915_reg_rw: write reg=0x7018c, len=4, val=(0x0, 0x0)
   kworker/u33:1-57411   [003] ..... 11183.225738: i915_reg_rw: write reg=0x70190, len=4, val=(0x437077f, 0x0)
   kworker/u33:1-57411   [003] ..... 11183.225740: i915_reg_rw: write reg=0x70240, len=4, val=(0x80000016, 0x0)
   kworker/u33:1-57411   [003] ..... 11183.225740: i915_reg_rw: write reg=0x70244, len=4, val=(0x8000c02b, 0x0)
   kworker/u33:1-57411   [003] ..... 11183.225740: i915_reg_rw: write reg=0x70248, len=4, val=(0x8000c02f, 0x0)
   kworker/u33:1-57411   [003] ..... 11183.225741: i915_reg_rw: write reg=0x7024c, len=4, val=(0x8001003b, 0x0)
   kworker/u33:1-57411   [003] ..... 11183.225741: i915_reg_rw: write reg=0x70250, len=4, val=(0x8001805c, 0x0)
   kworker/u33:1-57411   [003] ..... 11183.225742: i915_reg_rw: write reg=0x70254, len=4, val=(0x8001c06b, 0x0)
   kworker/u33:1-57411   [003] ..... 11183.225742: i915_reg_rw: write reg=0x70258, len=4, val=(0x8001c06b, 0x0)
   kworker/u33:1-57411   [003] ..... 11183.225743: i915_reg_rw: write reg=0x7025c, len=4, val=(0x8002007a, 0x0)
   kworker/u33:1-57411   [003] ..... 11183.225743: i915_reg_rw: write reg=0x70268, len=4, val=(0x0, 0x0)
   kworker/u33:1-57411   [003] ..... 11183.225744: i915_reg_rw: write reg=0x7027c, len=4, val=(0x35b0000, 0x0)
   kworker/u33:1-57411   [003] ..... 11183.225744: i915_reg_rw: write reg=0x70278, len=4, val=(0x0, 0x0)
   kworker/u33:1-57411   [003] d.... 11183.225748: intel_pipe_update_start: dev 0000:00:02.0, pipe A, frame=671564, scanline=856, min=1073, max=1079
   kworker/u33:1-57411   [003] d..2. 11183.225749: i915_reg_rw: read reg=0x70040, len=4, val=(0xa3f4c, 0x0)
   kworker/u33:1-57411   [003] d..3. 11183.225749: i915_reg_rw: read reg=0x70000, len=4, val=(0x357, 0x0)
   kworker/u33:1-57411   [003] d..1. 11183.225750: i915_reg_rw: read reg=0x70000, len=4, val=(0x357, 0x0)
   kworker/u33:1-57411   [003] d.... 11183.225751: i915_reg_rw: read reg=0x70040, len=4, val=(0xa3f4c, 0x0)
   kworker/u33:1-57411   [003] d.... 11183.225752: intel_pipe_update_vblank_evaded: dev 0000:00:02.0, pipe A, frame=671564, scanline=856, min=1073, max=1079
   kworker/u33:1-57411   [003] d.... 11183.225754: i915_reg_rw: write reg=0x70030, len=4, val=(0x50, 0x0)
   kworker/u33:1-57411   [003] d.... 11183.225756: intel_plane_update_arm: dev 0000:00:02.0, pipe A, plane 1A, frame=671564, scanline=857, format=XR30 little-endian (0x30335258), 1920.000000x1080.000000+0.000000+0.000000 -> 1920x1080+0+0
   kworker/u33:1-57411   [003] d..2. 11183.225757: i915_reg_rw: read reg=0x70040, len=4, val=(0xa3f4c, 0x0)
   kworker/u33:1-57411   [003] d..3. 11183.225757: i915_reg_rw: read reg=0x70000, len=4, val=(0x358, 0x0)
   kworker/u33:1-57411   [003] d.... 11183.225759: i915_reg_rw: write reg=0x70194, len=4, val=(0x0, 0x0)
   kworker/u33:1-57411   [003] d.... 11183.225759: i915_reg_rw: write reg=0x70198, len=4, val=(0x0, 0x0)
   kworker/u33:1-57411   [003] d.... 11183.225759: i915_reg_rw: write reg=0x701a0, len=4, val=(0xff000000, 0x0)
   kworker/u33:1-57411   [003] d.... 11183.225760: i915_reg_rw: write reg=0x701a4, len=4, val=(0x0, 0x0)
   kworker/u33:1-57411   [003] d.... 11183.225760: i915_reg_rw: write reg=0x701c0, len=4, val=(0x0, 0x0)
   kworker/u33:1-57411   [003] d.... 11183.225761: i915_reg_rw: write reg=0x701c4, len=4, val=(0x0, 0x0)
   kworker/u33:1-57411   [003] d.... 11183.225761: i915_reg_rw: write reg=0x70180, len=4, val=(0xc2042400, 0x0)
   kworker/u33:1-57411   [003] d.... 11183.225762: i915_reg_rw: write reg=0x7019c, len=4, val=(0x3300000, 0x0)
   kworker/u33:1-57411   [003] d.... 11183.225764: intel_scaler_disable_arm: dev 0000:00:02.0, pipe A, scaler 0, frame=671564, scanline=857
   kworker/u33:1-57411   [003] d..2. 11183.225764: i915_reg_rw: read reg=0x70040, len=4, val=(0xa3f4c, 0x0)
   kworker/u33:1-57411   [003] d..3. 11183.225764: i915_reg_rw: read reg=0x70000, len=4, val=(0x358, 0x0)
   kworker/u33:1-57411   [003] d.... 11183.225765: i915_reg_rw: write reg=0x68180, len=4, val=(0x0, 0x0)
   kworker/u33:1-57411   [003] d.... 11183.225765: i915_reg_rw: write reg=0x68170, len=4, val=(0x0, 0x0)
   kworker/u33:1-57411   [003] d.... 11183.225766: i915_reg_rw: write reg=0x68174, len=4, val=(0x0, 0x0)
   kworker/u33:1-57411   [003] d.... 11183.225766: intel_scaler_disable_arm: dev 0000:00:02.0, pipe A, scaler 1, frame=671564, scanline=857
   kworker/u33:1-57411   [003] d..2. 11183.225766: i915_reg_rw: read reg=0x70040, len=4, val=(0xa3f4c, 0x0)
   kworker/u33:1-57411   [003] d..3. 11183.225767: i915_reg_rw: read reg=0x70000, len=4, val=(0x358, 0x0)
   kworker/u33:1-57411   [003] d.... 11183.225767: i915_reg_rw: write reg=0x68280, len=4, val=(0x0, 0x0)
   kworker/u33:1-57411   [003] d.... 11183.225768: i915_reg_rw: write reg=0x68270, len=4, val=(0x0, 0x0)
   kworker/u33:1-57411   [003] d.... 11183.225768: i915_reg_rw: write reg=0x68274, len=4, val=(0x0, 0x0)
   kworker/u33:1-57411   [003] d..1. 11183.225769: i915_reg_rw: read reg=0x70000, len=4, val=(0x359, 0x0)
   kworker/u33:1-57411   [003] d.... 11183.225769: i915_reg_rw: read reg=0x70040, len=4, val=(0xa3f4c, 0x0)
   kworker/u33:1-57411   [003] d.... 11183.225770: intel_pipe_update_end: dev 0000:00:02.0, pipe A, frame=671564, scanline=858
   kworker/u33:1-57411   [003] d..2. 11183.225771: i915_reg_rw: read reg=0x70040, len=4, val=(0xa3f4c, 0x0)
   kworker/u33:1-57411   [003] d..3. 11183.225773: i915_reg_rw: read reg=0x70000, len=4, val=(0x359, 0x0)
   kworker/u33:1-57411   [003] d..2. 11183.225773: i915_reg_rw: read reg=0x70040, len=4, val=(0xa3f4c, 0x0)
     ksoftirqd/7-60      [007] d.H2. 11183.228461: i915_reg_rw: write reg=0x20a8, len=4, val=(0xfffff6f6, 0x0)
     kworker/7:0-83001   [007] ..... 11183.228645: i915_request_retire: dev=1, engine=0:0, ctx=5, seqno=714740, tail=2720
     kworker/7:0-83001   [007] d.h3. 11183.228648: i915_reg_rw: write reg=0x20a8, len=4, val=(0xfffff6f7, 0x0)
     kworker/7:0-83001   [007] ..... 11183.228670: i915_reg_rw: read reg=0x8504, len=4, val=(0xfc004c3, 0x0)
          bobide-73658   [007] d.h.. 11183.229039: i915_reg_rw: read reg=0x44408, len=4, val=(0x1, 0x0)
          bobide-73658   [007] d.h.. 11183.229040: i915_reg_rw: write reg=0x44408, len=4, val=(0x1, 0x0)
          bobide-73658   [007] d.h2. 11183.229043: i915_reg_rw: read reg=0x70040, len=4, val=(0xa3f4d, 0x0)
          bobide-73658   [007] d.h3. 11183.229044: i915_reg_rw: read reg=0x70000, len=4, val=(0x437, 0x0)
          bobide-73658   [007] d.h2. 11183.229045: i915_reg_rw: read reg=0x70040, len=4, val=(0xa3f4d, 0x0)
   kworker/u33:1-57411   [007] ..... 11183.229098: intel_frontbuffer_flush: dev 0000:00:02.0, frontbuffer_bits=0x00000001, origin=2
          bobide-73329   [006] ..... 11183.231363: i915_request_queue: dev=1, engine=0:0, ctx=127, seqno=108006, flags=0x0
          bobide-73329   [006] ..... 11183.231367: i915_request_add: dev=1, engine=0:0, ctx=127, seqno=108006, tail=7912
     kworker/7:0-83001   [007] ..... 11183.233437: i915_request_retire: dev=1, engine=0:0, ctx=127, seqno=108006, tail=12696
     ksoftirqd/7-60      [007] d.H2. 11183.236469: i915_reg_rw: write reg=0x20a8, len=4, val=(0xfffff6f6, 0x0)
     kworker/7:0-83001   [007] ..... 11183.236666: i915_request_retire: dev=1, engine=0:0, ctx=5, seqno=714741, tail=2856
     kworker/7:0-83001   [007] d.h3. 11183.236669: i915_reg_rw: write reg=0x20a8, len=4, val=(0xfffff6f7, 0x0)
     kworker/7:0-83001   [007] ..... 11183.236687: i915_reg_rw: read reg=0x8504, len=4, val=(0xfc004c3, 0x0)
     gnome-shell-14986   [003] ..... 11183.238728: i915_request_queue: dev=1, engine=0:0, ctx=30, seqno=1685150, flags=0x0
     gnome-shell-14986   [003] ..... 11183.238730: i915_request_add: dev=1, engine=0:0, ctx=30, seqno=1685150, tail=10856
     gnome-shell-14986   [003] ..... 11183.238865: i915_request_queue: dev=1, engine=0:0, ctx=30, seqno=1685152, flags=0x0
     gnome-shell-14986   [003] ..... 11183.238865: i915_request_add: dev=1, engine=0:0, ctx=30, seqno=1685152, tail=368
   kworker/u33:1-57411   [007] d.h3. 11183.239110: i915_reg_rw: write reg=0x20a8, len=4, val=(0xfffff6f6, 0x0)
   kworker/u33:1-57411   [007] ..... 11183.239119: i915_request_wait_begin: dev=1, engine=0:0, ctx=30, seqno=1685150, flags=0x2
    system-probe-13293   [007] d.h2. 11183.240254: i915_reg_rw: write reg=0x20a8, len=4, val=(0xfffff6f7, 0x0)
   kworker/u33:1-57411   [000] ..... 11183.240255: i915_request_wait_end: dev=1, engine=0:0, ctx=30, seqno=1685150, tail=2208
   kworker/u33:1-57411   [000] ..... 11183.240276: intel_plane_update_noarm: dev 0000:00:02.0, pipe A, plane 1A, frame=671565, scanline=711, format=XR30 little-endian (0x30335258), 1920.000000x1080.000000+0.000000+0.000000 -> 1920x1080+0+0
   kworker/u33:1-57411   [000] ...2. 11183.240278: i915_reg_rw: read reg=0x70040, len=4, val=(0xa3f4d, 0x0)
   kworker/u33:1-57411   [000] d..3. 11183.240279: i915_reg_rw: read reg=0x70000, len=4, val=(0x2c6, 0x0)
   kworker/u33:1-57411   [000] ..... 11183.240281: i915_reg_rw: write reg=0x70188, len=4, val=(0xf, 0x0)
   kworker/u33:1-57411   [000] ..... 11183.240281: i915_reg_rw: write reg=0x7018c, len=4, val=(0x0, 0x0)
   kworker/u33:1-57411   [000] ..... 11183.240281: i915_reg_rw: write reg=0x70190, len=4, val=(0x437077f, 0x0)
   kworker/u33:1-57411   [000] ..... 11183.240282: i915_reg_rw: write reg=0x70240, len=4, val=(0x80000016, 0x0)
   kworker/u33:1-57411   [000] ..... 11183.240283: i915_reg_rw: write reg=0x70244, len=4, val=(0x8000c02b, 0x0)
   kworker/u33:1-57411   [000] ..... 11183.240283: i915_reg_rw: write reg=0x70248, len=4, val=(0x8000c02f, 0x0)
   kworker/u33:1-57411   [000] ..... 11183.240283: i915_reg_rw: write reg=0x7024c, len=4, val=(0x8001003b, 0x0)
   kworker/u33:1-57411   [000] ..... 11183.240284: i915_reg_rw: write reg=0x70250, len=4, val=(0x8001805c, 0x0)
   kworker/u33:1-57411   [000] ..... 11183.240284: i915_reg_rw: write reg=0x70254, len=4, val=(0x8001c06b, 0x0)
   kworker/u33:1-57411   [000] ..... 11183.240285: i915_reg_rw: write reg=0x70258, len=4, val=(0x8001c06b, 0x0)
   kworker/u33:1-57411   [000] ..... 11183.240285: i915_reg_rw: write reg=0x7025c, len=4, val=(0x8002007a, 0x0)
   kworker/u33:1-57411   [000] ..... 11183.240286: i915_reg_rw: write reg=0x70268, len=4, val=(0x0, 0x0)
   kworker/u33:1-57411   [000] ..... 11183.240286: i915_reg_rw: write reg=0x7027c, len=4, val=(0x35b0000, 0x0)
   kworker/u33:1-57411   [000] ..... 11183.240287: i915_reg_rw: write reg=0x70278, len=4, val=(0x0, 0x0)
     kworker/7:0-83001   [007] ..... 11183.240287: i915_request_retire: dev=1, engine=0:0, ctx=30, seqno=1685150, tail=2208
   kworker/u33:1-57411   [000] d.... 11183.240290: intel_pipe_update_start: dev 0000:00:02.0, pipe A, frame=671565, scanline=712, min=1073, max=1079
     kworker/7:0-83001   [007] ..... 11183.240290: i915_request_retire: dev=1, engine=0:0, ctx=30, seqno=1685152, tail=2392
   kworker/u33:1-57411   [000] d..2. 11183.240290: i915_reg_rw: read reg=0x70040, len=4, val=(0xa3f4d, 0x0)
   kworker/u33:1-57411   [000] d..3. 11183.240291: i915_reg_rw: read reg=0x70000, len=4, val=(0x2c7, 0x0)
   kworker/u33:1-57411   [000] d..1. 11183.240291: i915_reg_rw: read reg=0x70000, len=4, val=(0x2c7, 0x0)
   kworker/u33:1-57411   [000] d.... 11183.240292: i915_reg_rw: read reg=0x70040, len=4, val=(0xa3f4d, 0x0)
   kworker/u33:1-57411   [000] d.... 11183.240293: intel_pipe_update_vblank_evaded: dev 0000:00:02.0, pipe A, frame=671565, scanline=712, min=1073, max=1079
   kworker/u33:1-57411   [000] d.... 11183.240294: i915_reg_rw: write reg=0x70030, len=4, val=(0x50, 0x0)
   kworker/u33:1-57411   [000] d.... 11183.240296: intel_plane_update_arm: dev 0000:00:02.0, pipe A, plane 1A, frame=671565, scanline=712, format=XR30 little-endian (0x30335258), 1920.000000x1080.000000+0.000000+0.000000 -> 1920x1080+0+0
   kworker/u33:1-57411   [000] d..2. 11183.240296: i915_reg_rw: read reg=0x70040, len=4, val=(0xa3f4d, 0x0)
   kworker/u33:1-57411   [000] d..3. 11183.240297: i915_reg_rw: read reg=0x70000, len=4, val=(0x2c7, 0x0)
   kworker/u33:1-57411   [000] d.... 11183.240298: i915_reg_rw: write reg=0x70194, len=4, val=(0x0, 0x0)
   kworker/u33:1-57411   [000] d.... 11183.240299: i915_reg_rw: write reg=0x70198, len=4, val=(0x0, 0x0)
   kworker/u33:1-57411   [000] d.... 11183.240299: i915_reg_rw: write reg=0x701a0, len=4, val=(0xff000000, 0x0)
   kworker/u33:1-57411   [000] d.... 11183.240299: i915_reg_rw: write reg=0x701a4, len=4, val=(0x0, 0x0)
   kworker/u33:1-57411   [000] d.... 11183.240300: i915_reg_rw: write reg=0x701c0, len=4, val=(0x0, 0x0)
   kworker/u33:1-57411   [000] d.... 11183.240300: i915_reg_rw: write reg=0x701c4, len=4, val=(0x0, 0x0)
   kworker/u33:1-57411   [000] d.... 11183.240301: i915_reg_rw: write reg=0x70180, len=4, val=(0xc2042400, 0x0)
   kworker/u33:1-57411   [000] d.... 11183.240301: i915_reg_rw: write reg=0x7019c, len=4, val=(0x1c00000, 0x0)
   kworker/u33:1-57411   [000] d.... 11183.240302: intel_scaler_disable_arm: dev 0000:00:02.0, pipe A, scaler 0, frame=671565, scanline=713
   kworker/u33:1-57411   [000] d..2. 11183.240303: i915_reg_rw: read reg=0x70040, len=4, val=(0xa3f4d, 0x0)
   kworker/u33:1-57411   [000] d..3. 11183.240303: i915_reg_rw: read reg=0x70000, len=4, val=(0x2c8, 0x0)
   kworker/u33:1-57411   [000] d.... 11183.240303: i915_reg_rw: write reg=0x68180, len=4, val=(0x0, 0x0)
   kworker/u33:1-57411   [000] d.... 11183.240304: i915_reg_rw: write reg=0x68170, len=4, val=(0x0, 0x0)
   kworker/u33:1-57411   [000] d.... 11183.240304: i915_reg_rw: write reg=0x68174, len=4, val=(0x0, 0x0)
   kworker/u33:1-57411   [000] d.... 11183.240304: intel_scaler_disable_arm: dev 0000:00:02.0, pipe A, scaler 1, frame=671565, scanline=713
   kworker/u33:1-57411   [000] d..2. 11183.240305: i915_reg_rw: read reg=0x70040, len=4, val=(0xa3f4d, 0x0)
   kworker/u33:1-57411   [000] d..3. 11183.240305: i915_reg_rw: read reg=0x70000, len=4, val=(0x2c8, 0x0)
   kworker/u33:1-57411   [000] d.... 11183.240305: i915_reg_rw: write reg=0x68280, len=4, val=(0x0, 0x0)
   kworker/u33:1-57411   [000] d.... 11183.240306: i915_reg_rw: write reg=0x68270, len=4, val=(0x0, 0x0)
   kworker/u33:1-57411   [000] d.... 11183.240306: i915_reg_rw: write reg=0x68274, len=4, val=(0x0, 0x0)
   kworker/u33:1-57411   [000] d..1. 11183.240307: i915_reg_rw: read reg=0x70000, len=4, val=(0x2c8, 0x0)
   kworker/u33:1-57411   [000] d.... 11183.240307: i915_reg_rw: read reg=0x70040, len=4, val=(0xa3f4d, 0x0)
   kworker/u33:1-57411   [000] d.... 11183.240308: intel_pipe_update_end: dev 0000:00:02.0, pipe A, frame=671565, scanline=713
   kworker/u33:1-57411   [000] d..2. 11183.240310: i915_reg_rw: read reg=0x70040, len=4, val=(0xa3f4d, 0x0)
   kworker/u33:1-57411   [000] d..3. 11183.240311: i915_reg_rw: read reg=0x70000, len=4, val=(0x2c8, 0x0)
   kworker/u33:1-57411   [000] d..2. 11183.240311: i915_reg_rw: read reg=0x70040, len=4, val=(0xa3f4d, 0x0)
     ksoftirqd/7-60      [007] d.H2. 11183.243455: i915_reg_rw: write reg=0x20a8, len=4, val=(0xfffff6f6, 0x0)
     kworker/7:0-83001   [007] ..... 11183.243643: i915_request_retire: dev=1, engine=0:0, ctx=5, seqno=714742, tail=2992
     kworker/7:0-83001   [007] d.h3. 11183.243647: i915_reg_rw: write reg=0x20a8, len=4, val=(0xfffff6f7, 0x0)
     kworker/7:0-83001   [007] ..... 11183.243668: i915_reg_rw: read reg=0x8504, len=4, val=(0xfc004c3, 0x0)
          <idle>-0       [007] d.h1. 11183.245707: i915_reg_rw: read reg=0x44408, len=4, val=(0x1, 0x0)
          <idle>-0       [007] d.h1. 11183.245709: i915_reg_rw: write reg=0x44408, len=4, val=(0x1, 0x0)
          <idle>-0       [007] d.h3. 11183.245712: i915_reg_rw: read reg=0x70040, len=4, val=(0xa3f4e, 0x0)
          <idle>-0       [007] d.h4. 11183.245713: i915_reg_rw: read reg=0x70000, len=4, val=(0x437, 0x0)
          <idle>-0       [007] d.h3. 11183.245714: i915_reg_rw: read reg=0x70040, len=4, val=(0xa3f4e, 0x0)
   kworker/u33:1-57411   [007] ..... 11183.245765: intel_frontbuffer_flush: dev 0000:00:02.0, frontbuffer_bits=0x00000001, origin=2
          bobide-73329   [007] ..... 11183.248052: i915_request_queue: dev=1, engine=0:0, ctx=127, seqno=108008, flags=0x0
          bobide-73329   [007] ..... 11183.248055: i915_request_add: dev=1, engine=0:0, ctx=127, seqno=108008, tail=2992
     kworker/7:0-83001   [007] ..... 11183.249808: i915_request_retire: dev=1, engine=0:0, ctx=127, seqno=108008, tail=12880
     ksoftirqd/7-60      [007] d.H2. 11183.253459: i915_reg_rw: write reg=0x20a8, len=4, val=(0xfffff6f6, 0x0)
     kworker/7:0-83001   [007] ..... 11183.253649: i915_request_retire: dev=1, engine=0:0, ctx=5, seqno=714743, tail=3128
     kworker/7:0-83001   [007] d.h3. 11183.253653: i915_reg_rw: write reg=0x20a8, len=4, val=(0xfffff6f7, 0x0)
     kworker/7:0-83001   [007] ..... 11183.253674: i915_reg_rw: read reg=0x8504, len=4, val=(0xfc004c3, 0x0)
     gnome-shell-14986   [007] ..... 11183.255653: i915_request_queue: dev=1, engine=0:0, ctx=30, seqno=1685154, flags=0x0
     gnome-shell-14986   [007] ..... 11183.255655: i915_request_add: dev=1, engine=0:0, ctx=30, seqno=1685154, tail=3128
     gnome-shell-14986   [007] ..... 11183.255804: i915_request_queue: dev=1, engine=0:0, ctx=30, seqno=1685156, flags=0x0
     gnome-shell-14986   [007] ..... 11183.255804: i915_request_add: dev=1, engine=0:0, ctx=30, seqno=1685156, tail=9568
   kworker/u33:1-57411   [007] d.h3. 11183.256320: i915_reg_rw: write reg=0x20a8, len=4, val=(0xfffff6f6, 0x0)
   kworker/u33:1-57411   [007] ..... 11183.256330: i915_request_wait_begin: dev=1, engine=0:0, ctx=30, seqno=1685154, flags=0x2
          <idle>-0       [007] dNh3. 11183.257090: i915_reg_rw: write reg=0x20a8, len=4, val=(0xfffff6f7, 0x0)
   kworker/u33:1-57411   [007] ..... 11183.257097: i915_request_wait_end: dev=1, engine=0:0, ctx=30, seqno=1685154, tail=2576
   kworker/u33:1-57411   [007] ..... 11183.257126: intel_plane_update_noarm: dev 0000:00:02.0, pipe A, plane 1A, frame=671566, scanline=724, format=XR30 little-endian (0x30335258), 1920.000000x1080.000000+0.000000+0.000000 -> 1920x1080+0+0
   kworker/u33:1-57411   [007] ...2. 11183.257128: i915_reg_rw: read reg=0x70040, len=4, val=(0xa3f4e, 0x0)
   kworker/u33:1-57411   [007] d..3. 11183.257128: i915_reg_rw: read reg=0x70000, len=4, val=(0x2d3, 0x0)
   kworker/u33:1-57411   [007] ..... 11183.257131: i915_reg_rw: write reg=0x70188, len=4, val=(0xf, 0x0)
   kworker/u33:1-57411   [007] ..... 11183.257131: i915_reg_rw: write reg=0x7018c, len=4, val=(0x0, 0x0)
   kworker/u33:1-57411   [007] ..... 11183.257131: i915_reg_rw: write reg=0x70190, len=4, val=(0x437077f, 0x0)
   kworker/u33:1-57411   [007] ..... 11183.257132: i915_reg_rw: write reg=0x70240, len=4, val=(0x80000016, 0x0)
   kworker/u33:1-57411   [007] ..... 11183.257133: i915_reg_rw: write reg=0x70244, len=4, val=(0x8000c02b, 0x0)
   kworker/u33:1-57411   [007] ..... 11183.257133: i915_reg_rw: write reg=0x70248, len=4, val=(0x8000c02f, 0x0)
   kworker/u33:1-57411   [007] ..... 11183.257133: i915_reg_rw: write reg=0x7024c, len=4, val=(0x8001003b, 0x0)
   kworker/u33:1-57411   [007] ..... 11183.257134: i915_reg_rw: write reg=0x70250, len=4, val=(0x8001805c, 0x0)
   kworker/u33:1-57411   [007] ..... 11183.257134: i915_reg_rw: write reg=0x70254, len=4, val=(0x8001c06b, 0x0)
   kworker/u33:1-57411   [007] ..... 11183.257134: i915_reg_rw: write reg=0x70258, len=4, val=(0x8001c06b, 0x0)
   kworker/u33:1-57411   [007] ..... 11183.257135: i915_reg_rw: write reg=0x7025c, len=4, val=(0x8002007a, 0x0)
   kworker/u33:1-57411   [007] ..... 11183.257136: i915_reg_rw: write reg=0x70268, len=4, val=(0x0, 0x0)
   kworker/u33:1-57411   [007] ..... 11183.257136: i915_reg_rw: write reg=0x7027c, len=4, val=(0x35b0000, 0x0)
   kworker/u33:1-57411   [007] ..... 11183.257136: i915_reg_rw: write reg=0x70278, len=4, val=(0x0, 0x0)
   kworker/u33:1-57411   [007] d.... 11183.257140: intel_pipe_update_start: dev 0000:00:02.0, pipe A, frame=671566, scanline=725, min=1073, max=1079
   kworker/u33:1-57411   [007] d..2. 11183.257140: i915_reg_rw: read reg=0x70040, len=4, val=(0xa3f4e, 0x0)
   kworker/u33:1-57411   [007] d..3. 11183.257140: i915_reg_rw: read reg=0x70000, len=4, val=(0x2d4, 0x0)
   kworker/u33:1-57411   [007] d..1. 11183.257141: i915_reg_rw: read reg=0x70000, len=4, val=(0x2d4, 0x0)
   kworker/u33:1-57411   [007] d.... 11183.257142: i915_reg_rw: read reg=0x70040, len=4, val=(0xa3f4e, 0x0)
   kworker/u33:1-57411   [007] d.... 11183.257143: intel_pipe_update_vblank_evaded: dev 0000:00:02.0, pipe A, frame=671566, scanline=725, min=1073, max=1079
   kworker/u33:1-57411   [007] d.... 11183.257144: i915_reg_rw: write reg=0x70030, len=4, val=(0x50, 0x0)
   kworker/u33:1-57411   [007] d.... 11183.257146: intel_plane_update_arm: dev 0000:00:02.0, pipe A, plane 1A, frame=671566, scanline=725, format=XR30 little-endian (0x30335258), 1920.000000x1080.000000+0.000000+0.000000 -> 1920x1080+0+0
   kworker/u33:1-57411   [007] d..2. 11183.257147: i915_reg_rw: read reg=0x70040, len=4, val=(0xa3f4e, 0x0)
   kworker/u33:1-57411   [007] d..3. 11183.257147: i915_reg_rw: read reg=0x70000, len=4, val=(0x2d4, 0x0)
   kworker/u33:1-57411   [007] d.... 11183.257148: i915_reg_rw: write reg=0x70194, len=4, val=(0x0, 0x0)
   kworker/u33:1-57411   [007] d.... 11183.257148: i915_reg_rw: write reg=0x70198, len=4, val=(0x0, 0x0)
   kworker/u33:1-57411   [007] d.... 11183.257148: i915_reg_rw: write reg=0x701a0, len=4, val=(0xff000000, 0x0)
   kworker/u33:1-57411   [007] d.... 11183.257149: i915_reg_rw: write reg=0x701a4, len=4, val=(0x0, 0x0)
   kworker/u33:1-57411   [007] d.... 11183.257149: i915_reg_rw: write reg=0x701c0, len=4, val=(0x0, 0x0)
   kworker/u33:1-57411   [007] d.... 11183.257150: i915_reg_rw: write reg=0x701c4, len=4, val=(0x0, 0x0)
   kworker/u33:1-57411   [007] d.... 11183.257150: i915_reg_rw: write reg=0x70180, len=4, val=(0xc2042400, 0x0)
   kworker/u33:1-57411   [007] d.... 11183.257151: i915_reg_rw: write reg=0x7019c, len=4, val=(0x25c0000, 0x0)
   kworker/u33:1-57411   [007] d.... 11183.257152: intel_scaler_disable_arm: dev 0000:00:02.0, pipe A, scaler 0, frame=671566, scanline=725
   kworker/u33:1-57411   [007] d..2. 11183.257152: i915_reg_rw: read reg=0x70040, len=4, val=(0xa3f4e, 0x0)
   kworker/u33:1-57411   [007] d..3. 11183.257153: i915_reg_rw: read reg=0x70000, len=4, val=(0x2d4, 0x0)
   kworker/u33:1-57411   [007] d.... 11183.257153: i915_reg_rw: write reg=0x68180, len=4, val=(0x0, 0x0)
   kworker/u33:1-57411   [007] d.... 11183.257153: i915_reg_rw: write reg=0x68170, len=4, val=(0x0, 0x0)
   kworker/u33:1-57411   [007] d.... 11183.257153: i915_reg_rw: write reg=0x68174, len=4, val=(0x0, 0x0)
   kworker/u33:1-57411   [007] d.... 11183.257154: intel_scaler_disable_arm: dev 0000:00:02.0, pipe A, scaler 1, frame=671566, scanline=726
   kworker/u33:1-57411   [007] d..2. 11183.257154: i915_reg_rw: read reg=0x70040, len=4, val=(0xa3f4e, 0x0)
   kworker/u33:1-57411   [007] d..3. 11183.257155: i915_reg_rw: read reg=0x70000, len=4, val=(0x2d5, 0x0)
   kworker/u33:1-57411   [007] d.... 11183.257155: i915_reg_rw: write reg=0x68280, len=4, val=(0x0, 0x0)
   kworker/u33:1-57411   [007] d.... 11183.257155: i915_reg_rw: write reg=0x68270, len=4, val=(0x0, 0x0)
   kworker/u33:1-57411   [007] d.... 11183.257155: i915_reg_rw: write reg=0x68274, len=4, val=(0x0, 0x0)
   kworker/u33:1-57411   [007] d..1. 11183.257156: i915_reg_rw: read reg=0x70000, len=4, val=(0x2d5, 0x0)
   kworker/u33:1-57411   [007] d.... 11183.257157: i915_reg_rw: read reg=0x70040, len=4, val=(0xa3f4e, 0x0)
   kworker/u33:1-57411   [007] d.... 11183.257157: intel_pipe_update_end: dev 0000:00:02.0, pipe A, frame=671566, scanline=726
   kworker/u33:1-57411   [007] d..2. 11183.257159: i915_reg_rw: read reg=0x70040, len=4, val=(0xa3f4e, 0x0)
   kworker/u33:1-57411   [007] d..3. 11183.257160: i915_reg_rw: read reg=0x70000, len=4, val=(0x2d5, 0x0)
   kworker/u33:1-57411   [007] d..2. 11183.257160: i915_reg_rw: read reg=0x70040, len=4, val=(0xa3f4e, 0x0)
     kworker/7:0-83001   [007] ..... 11183.257169: i915_request_retire: dev=1, engine=0:0, ctx=30, seqno=1685154, tail=2576
     kworker/7:0-83001   [007] ..... 11183.257171: i915_request_retire: dev=1, engine=0:0, ctx=30, seqno=1685156, tail=2760
          bobide-73329   [001] ..... 11183.257470: i915_gem_object_create: obj=000000001e313cae, size=0x40000
          bobide-73329   [001] ..... 11183.257960: i915_gem_object_create: obj=00000000e67ff626, size=0x4000
     ksoftirqd/7-60      [007] d.H2. 11183.259481: i915_reg_rw: write reg=0x20a8, len=4, val=(0xfffff6f6, 0x0)
     kworker/7:0-83001   [007] ..... 11183.260959: i915_request_retire: dev=1, engine=0:0, ctx=5, seqno=714744, tail=3264
     kworker/7:0-83001   [007] d.h3. 11183.260967: i915_reg_rw: write reg=0x20a8, len=4, val=(0xfffff6f7, 0x0)
     kworker/7:0-83001   [007] ..... 11183.260979: i915_reg_rw: read reg=0x8504, len=4, val=(0xfc004c3, 0x0)
          <idle>-0       [007] d.h1. 11183.262373: i915_reg_rw: read reg=0x44408, len=4, val=(0x1, 0x0)
          <idle>-0       [007] d.h1. 11183.262374: i915_reg_rw: write reg=0x44408, len=4, val=(0x1, 0x0)
          <idle>-0       [007] d.h3. 11183.262378: i915_reg_rw: read reg=0x70040, len=4, val=(0xa3f4f, 0x0)
          <idle>-0       [007] d.h4. 11183.262380: i915_reg_rw: read reg=0x70000, len=4, val=(0x438, 0x0)
          <idle>-0       [007] d.h3. 11183.262381: i915_reg_rw: read reg=0x70040, len=4, val=(0xa3f4f, 0x0)
   kworker/u33:1-57411   [007] ..... 11183.262445: intel_frontbuffer_flush: dev 0000:00:02.0, frontbuffer_bits=0x00000001, origin=2
          bobide-73329   [005] ..... 11183.267003: i915_vma_bind: obj=00000000e67ff626, offset=0x0000fffefff8c000 size=0x4000 vm=00000000ca5145b8
   kworker/u32:0-81701   [007] ..... 11183.267026: i915_gem_object_destroy: obj=0000000025e72ffe
   kworker/u32:0-81701   [007] ..... 11183.267029: i915_gem_object_destroy: obj=000000006f676f87
   kworker/u32:0-81701   [007] ..... 11183.267030: i915_gem_object_destroy: obj=000000004b062a9e
   kworker/u32:0-81701   [007] ..... 11183.267032: i915_gem_object_destroy: obj=00000000d85572f1
   kworker/u32:0-81701   [007] ..... 11183.267033: i915_gem_object_destroy: obj=000000001d6bf008
   kworker/u32:0-81701   [007] ..... 11183.267035: i915_gem_object_destroy: obj=00000000ef06d58b
          bobide-73329   [005] ..... 11183.267036: i915_vma_bind: obj=000000001e313cae, offset=0x0000fffeffd80000 size=0x40000 vm=00000000ca5145b8
   kworker/u32:0-81701   [007] ..... 11183.267045: i915_gem_object_destroy: obj=000000009f05fe5a
   kworker/u32:0-81701   [007] ..... 11183.267047: i915_gem_object_destroy: obj=0000000042513293
   kworker/u32:0-81701   [007] ..... 11183.267048: i915_gem_object_destroy: obj=000000007a497329
   kworker/u32:0-81701   [007] ..... 11183.267050: i915_gem_object_destroy: obj=0000000015e6f4d1
   kworker/u32:0-81701   [007] ..... 11183.267051: i915_gem_object_destroy: obj=00000000809f760d
   kworker/u32:0-81701   [007] ..... 11183.267052: i915_gem_object_destroy: obj=0000000038584f94
          bobide-73329   [005] ..... 11183.267085: i915_request_queue: dev=1, engine=0:0, ctx=127, seqno=108010, flags=0x0
          bobide-73329   [005] ..... 11183.267086: i915_request_add: dev=1, engine=0:0, ctx=127, seqno=108010, tail=7176
     kworker/7:0-83001   [007] ..... 11183.270457: i915_request_retire: dev=1, engine=0:0, ctx=127, seqno=108010, tail=13064
     gnome-shell-14986   [007] ..... 11183.272172: i915_request_queue: dev=1, engine=0:0, ctx=30, seqno=1685158, flags=0x0
     gnome-shell-14986   [007] ..... 11183.272176: i915_request_add: dev=1, engine=0:0, ctx=30, seqno=1685158, tail=3264
     gnome-shell-14986   [007] ..... 11183.272347: i915_request_queue: dev=1, engine=0:0, ctx=30, seqno=1685160, flags=0x0
     gnome-shell-14986   [007] ..... 11183.272348: i915_request_add: dev=1, engine=0:0, ctx=30, seqno=1685160, tail=12512
   kworker/u33:1-57411   [000] d.h3. 11183.272820: i915_reg_rw: write reg=0x20a8, len=4, val=(0xfffff6f6, 0x0)
   kworker/u33:1-57411   [000] ..... 11183.272829: i915_request_wait_begin: dev=1, engine=0:0, ctx=30, seqno=1685158, flags=0x2
          bobide-73254   [007] d.h2. 11183.273571: i915_reg_rw: write reg=0x20a8, len=4, val=(0xfffff6f7, 0x0)
   kworker/u33:1-57411   [000] ..... 11183.273574: i915_request_wait_end: dev=1, engine=0:0, ctx=30, seqno=1685158, tail=2944
   kworker/u33:1-57411   [000] ..... 11183.273595: intel_plane_update_noarm: dev 0000:00:02.0, pipe A, plane 1A, frame=671567, scanline=711, format=XR30 little-endian (0x30335258), 1920.000000x1080.000000+0.000000+0.000000 -> 1920x1080+0+0
   kworker/u33:1-57411   [000] ...2. 11183.273597: i915_reg_rw: read reg=0x70040, len=4, val=(0xa3f4f, 0x0)
   kworker/u33:1-57411   [000] d..3. 11183.273598: i915_reg_rw: read reg=0x70000, len=4, val=(0x2c6, 0x0)
   kworker/u33:1-57411   [000] ..... 11183.273600: i915_reg_rw: write reg=0x70188, len=4, val=(0xf, 0x0)
   kworker/u33:1-57411   [000] ..... 11183.273601: i915_reg_rw: write reg=0x7018c, len=4, val=(0x0, 0x0)
   kworker/u33:1-57411   [000] ..... 11183.273601: i915_reg_rw: write reg=0x70190, len=4, val=(0x437077f, 0x0)
   kworker/u33:1-57411   [000] ..... 11183.273602: i915_reg_rw: write reg=0x70240, len=4, val=(0x80000016, 0x0)
   kworker/u33:1-57411   [000] ..... 11183.273603: i915_reg_rw: write reg=0x70244, len=4, val=(0x8000c02b, 0x0)
   kworker/u33:1-57411   [000] ..... 11183.273603: i915_reg_rw: write reg=0x70248, len=4, val=(0x8000c02f, 0x0)
   kworker/u33:1-57411   [000] ..... 11183.273603: i915_reg_rw: write reg=0x7024c, len=4, val=(0x8001003b, 0x0)
   kworker/u33:1-57411   [000] ..... 11183.273604: i915_reg_rw: write reg=0x70250, len=4, val=(0x8001805c, 0x0)
   kworker/u33:1-57411   [000] ..... 11183.273604: i915_reg_rw: write reg=0x70254, len=4, val=(0x8001c06b, 0x0)
   kworker/u33:1-57411   [000] ..... 11183.273604: i915_reg_rw: write reg=0x70258, len=4, val=(0x8001c06b, 0x0)
   kworker/u33:1-57411   [000] ..... 11183.273605: i915_reg_rw: write reg=0x7025c, len=4, val=(0x8002007a, 0x0)
   kworker/u33:1-57411   [000] ..... 11183.273606: i915_reg_rw: write reg=0x70268, len=4, val=(0x0, 0x0)
   kworker/u33:1-57411   [000] ..... 11183.273606: i915_reg_rw: write reg=0x7027c, len=4, val=(0x35b0000, 0x0)
   kworker/u33:1-57411   [000] ..... 11183.273606: i915_reg_rw: write reg=0x70278, len=4, val=(0x0, 0x0)
   kworker/u33:1-57411   [000] d.... 11183.273610: intel_pipe_update_start: dev 0000:00:02.0, pipe A, frame=671567, scanline=711, min=1073, max=1079
   kworker/u33:1-57411   [000] d..2. 11183.273610: i915_reg_rw: read reg=0x70040, len=4, val=(0xa3f4f, 0x0)
   kworker/u33:1-57411   [000] d..3. 11183.273610: i915_reg_rw: read reg=0x70000, len=4, val=(0x2c6, 0x0)
   kworker/u33:1-57411   [000] d..1. 11183.273611: i915_reg_rw: read reg=0x70000, len=4, val=(0x2c6, 0x0)
   kworker/u33:1-57411   [000] d.... 11183.273612: i915_reg_rw: read reg=0x70040, len=4, val=(0xa3f4f, 0x0)
   kworker/u33:1-57411   [000] d.... 11183.273613: intel_pipe_update_vblank_evaded: dev 0000:00:02.0, pipe A, frame=671567, scanline=711, min=1073, max=1079
   kworker/u33:1-57411   [000] d.... 11183.273614: i915_reg_rw: write reg=0x70030, len=4, val=(0x50, 0x0)
   kworker/u33:1-57411   [000] d.... 11183.273616: intel_plane_update_arm: dev 0000:00:02.0, pipe A, plane 1A, frame=671567, scanline=712, format=XR30 little-endian (0x30335258), 1920.000000x1080.000000+0.000000+0.000000 -> 1920x1080+0+0
   kworker/u33:1-57411   [000] d..2. 11183.273616: i915_reg_rw: read reg=0x70040, len=4, val=(0xa3f4f, 0x0)
   kworker/u33:1-57411   [000] d..3. 11183.273617: i915_reg_rw: read reg=0x70000, len=4, val=(0x2c7, 0x0)
   kworker/u33:1-57411   [000] d.... 11183.273618: i915_reg_rw: write reg=0x70194, len=4, val=(0x0, 0x0)
   kworker/u33:1-57411   [000] d.... 11183.273618: i915_reg_rw: write reg=0x70198, len=4, val=(0x0, 0x0)
   kworker/u33:1-57411   [000] d.... 11183.273618: i915_reg_rw: write reg=0x701a0, len=4, val=(0xff000000, 0x0)
   kworker/u33:1-57411   [000] d.... 11183.273619: i915_reg_rw: write reg=0x701a4, len=4, val=(0x0, 0x0)
   kworker/u33:1-57411   [000] d.... 11183.273620: i915_reg_rw: write reg=0x701c0, len=4, val=(0x0, 0x0)
   kworker/u33:1-57411   [000] d.... 11183.273620: i915_reg_rw: write reg=0x701c4, len=4, val=(0x0, 0x0)
   kworker/u33:1-57411   [000] d.... 11183.273620: i915_reg_rw: write reg=0x70180, len=4, val=(0xc2042400, 0x0)
   kworker/u33:1-57411   [000] d.... 11183.273621: i915_reg_rw: write reg=0x7019c, len=4, val=(0x3300000, 0x0)
   kworker/u33:1-57411   [000] d.... 11183.273622: intel_scaler_disable_arm: dev 0000:00:02.0, pipe A, scaler 0, frame=671567, scanline=712
   kworker/u33:1-57411   [000] d..2. 11183.273623: i915_reg_rw: read reg=0x70040, len=4, val=(0xa3f4f, 0x0)
   kworker/u33:1-57411   [000] d..3. 11183.273623: i915_reg_rw: read reg=0x70000, len=4, val=(0x2c7, 0x0)
   kworker/u33:1-57411   [000] d.... 11183.273623: i915_reg_rw: write reg=0x68180, len=4, val=(0x0, 0x0)
   kworker/u33:1-57411   [000] d.... 11183.273624: i915_reg_rw: write reg=0x68170, len=4, val=(0x0, 0x0)
   kworker/u33:1-57411   [000] d.... 11183.273624: i915_reg_rw: write reg=0x68174, len=4, val=(0x0, 0x0)
   kworker/u33:1-57411   [000] d.... 11183.273625: intel_scaler_disable_arm: dev 0000:00:02.0, pipe A, scaler 1, frame=671567, scanline=712
   kworker/u33:1-57411   [000] d..2. 11183.273625: i915_reg_rw: read reg=0x70040, len=4, val=(0xa3f4f, 0x0)
   kworker/u33:1-57411   [000] d..3. 11183.273625: i915_reg_rw: read reg=0x70000, len=4, val=(0x2c7, 0x0)
   kworker/u33:1-57411   [000] d.... 11183.273626: i915_reg_rw: write reg=0x68280, len=4, val=(0x0, 0x0)
   kworker/u33:1-57411   [000] d.... 11183.273626: i915_reg_rw: write reg=0x68270, len=4, val=(0x0, 0x0)
   kworker/u33:1-57411   [000] d.... 11183.273626: i915_reg_rw: write reg=0x68274, len=4, val=(0x0, 0x0)
   kworker/u33:1-57411   [000] d..1. 11183.273627: i915_reg_rw: read reg=0x70000, len=4, val=(0x2c8, 0x0)
   kworker/u33:1-57411   [000] d.... 11183.273628: i915_reg_rw: read reg=0x70040, len=4, val=(0xa3f4f, 0x0)
   kworker/u33:1-57411   [000] d.... 11183.273629: intel_pipe_update_end: dev 0000:00:02.0, pipe A, frame=671567, scanline=713
   kworker/u33:1-57411   [000] d..2. 11183.273631: i915_reg_rw: read reg=0x70040, len=4, val=(0xa3f4f, 0x0)
   kworker/u33:1-57411   [000] d..3. 11183.273632: i915_reg_rw: read reg=0x70000, len=4, val=(0x2c8, 0x0)
   kworker/u33:1-57411   [000] d..2. 11183.273633: i915_reg_rw: read reg=0x70040, len=4, val=(0xa3f4f, 0x0)
     kworker/7:0-83001   [007] ..... 11183.273684: i915_request_retire: dev=1, engine=0:0, ctx=30, seqno=1685158, tail=2944
     kworker/7:0-83001   [007] ..... 11183.273687: i915_request_retire: dev=1, engine=0:0, ctx=30, seqno=1685160, tail=3128
     gnome-shell-14986   [004] ..... 11183.276172: i915_gem_object_create: obj=0000000018df6ae6, size=0x40000
     ksoftirqd/7-60      [007] d.H2. 11183.276465: i915_reg_rw: write reg=0x20a8, len=4, val=(0xfffff6f6, 0x0)
     kworker/7:0-83001   [007] ..... 11183.276637: i915_request_retire: dev=1, engine=0:0, ctx=5, seqno=714745, tail=3400
     kworker/7:0-83001   [007] d.h3. 11183.276641: i915_reg_rw: write reg=0x20a8, len=4, val=(0xfffff6f7, 0x0)
     kworker/7:0-83001   [007] ..... 11183.276659: i915_reg_rw: read reg=0x8504, len=4, val=(0xfc004c3, 0x0)
     gnome-shell-14986   [004] ..... 11183.276666: i915_gem_object_create: obj=00000000e5b339ad, size=0x40000
   kworker/u32:0-81701   [004] ..... 11183.276941: i915_gem_object_destroy: obj=0000000018df6ae6
         process-85476   [007] d.h.. 11183.279035: i915_reg_rw: read reg=0x44408, len=4, val=(0x1, 0x0)
         process-85476   [007] d.h.. 11183.279037: i915_reg_rw: write reg=0x44408, len=4, val=(0x1, 0x0)
         process-85476   [007] d.h2. 11183.279040: i915_reg_rw: read reg=0x70040, len=4, val=(0xa3f50, 0x0)
         process-85476   [007] d.h3. 11183.279041: i915_reg_rw: read reg=0x70000, len=4, val=(0x437, 0x0)
         process-85476   [007] d.h2. 11183.279042: i915_reg_rw: read reg=0x70040, len=4, val=(0xa3f50, 0x0)
   kworker/u33:1-57411   [000] ..... 11183.279089: intel_frontbuffer_flush: dev 0000:00:02.0, frontbuffer_bits=0x00000001, origin=2
          bobide-73329   [005] ..... 11183.280579: i915_request_queue: dev=1, engine=0:0, ctx=127, seqno=108012, flags=0x0
          bobide-73329   [005] ..... 11183.280581: i915_request_add: dev=1, engine=0:0, ctx=127, seqno=108012, tail=11224
     kworker/7:0-83001   [007] ..... 11183.282457: i915_request_retire: dev=1, engine=0:0, ctx=127, seqno=108012, tail=13248
     ksoftirqd/7-60      [007] d.H2. 11183.285458: i915_reg_rw: write reg=0x20a8, len=4, val=(0xfffff6f6, 0x0)
     kworker/7:0-83001   [007] ..... 11183.285652: i915_request_retire: dev=1, engine=0:0, ctx=5, seqno=714746, tail=3536
     kworker/7:0-83001   [007] d.h3. 11183.285657: i915_reg_rw: write reg=0x20a8, len=4, val=(0xfffff6f7, 0x0)
     kworker/7:0-83001   [007] ..... 11183.285679: i915_reg_rw: read reg=0x8504, len=4, val=(0xfc004c3, 0x0)
          bobide-73329   [005] ..... 11183.287279: i915_gem_object_create: obj=0000000022a7171c, size=0x2000
     gnome-shell-14986   [004] ..... 11183.288532: i915_request_queue: dev=1, engine=0:0, ctx=30, seqno=1685162, flags=0x0
     gnome-shell-14986   [004] ..... 11183.288533: i915_request_add: dev=1, engine=0:0, ctx=30, seqno=1685162, tail=15456
     gnome-shell-14986   [004] ..... 11183.288683: i915_request_queue: dev=1, engine=0:0, ctx=30, seqno=1685164, flags=0x0
     gnome-shell-14986   [004] ..... 11183.288684: i915_request_add: dev=1, engine=0:0, ctx=30, seqno=1685164, tail=4232
      KMS thread-15056   [003] ..... 11183.288905: i915_vma_bind: obj=00000000e5b339ad, offset=0x0000000003080000 size=0x1c0000 vm=000000006079050a
      KMS thread-15056   [003] ..... 11183.288909: i915_gem_object_clflush: obj=00000000e5b339ad
   kworker/u32:0-81701   [004] ..... 11183.288939: intel_frontbuffer_flush: dev 0000:00:02.0, frontbuffer_bits=0x00000080, origin=0
   kworker/u33:1-57411   [000] d.h3. 11183.288941: i915_reg_rw: write reg=0x20a8, len=4, val=(0xfffff6f6, 0x0)
   kworker/u33:1-57411   [000] ..... 11183.288949: i915_request_wait_begin: dev=1, engine=0:0, ctx=30, seqno=1685162, flags=0x2
          <idle>-0       [007] d.h3. 11183.289657: i915_reg_rw: write reg=0x20a8, len=4, val=(0xfffff6f7, 0x0)
   kworker/u33:1-57411   [000] ..... 11183.289658: i915_request_wait_end: dev=1, engine=0:0, ctx=30, seqno=1685162, tail=3312
   kworker/u33:1-57411   [000] ..... 11183.289670: intel_plane_update_noarm: dev 0000:00:02.0, pipe A, plane 1A, frame=671568, scanline=670, format=XR30 little-endian (0x30335258), 1920.000000x1080.000000+0.000000+0.000000 -> 1920x1080+0+0
   kworker/u33:1-57411   [000] ...2. 11183.289671: i915_reg_rw: read reg=0x70040, len=4, val=(0xa3f50, 0x0)
   kworker/u33:1-57411   [000] d..3. 11183.289672: i915_reg_rw: read reg=0x70000, len=4, val=(0x29d, 0x0)
   kworker/u33:1-57411   [000] ..... 11183.289673: i915_reg_rw: write reg=0x70188, len=4, val=(0xf, 0x0)
   kworker/u33:1-57411   [000] ..... 11183.289673: i915_reg_rw: write reg=0x7018c, len=4, val=(0x0, 0x0)
   kworker/u33:1-57411   [000] ..... 11183.289673: i915_reg_rw: write reg=0x70190, len=4, val=(0x437077f, 0x0)
   kworker/u33:1-57411   [000] ..... 11183.289674: i915_reg_rw: write reg=0x70240, len=4, val=(0x80000016, 0x0)
   kworker/u33:1-57411   [000] ..... 11183.289674: i915_reg_rw: write reg=0x70244, len=4, val=(0x8000c02b, 0x0)
   kworker/u33:1-57411   [000] ..... 11183.289674: i915_reg_rw: write reg=0x70248, len=4, val=(0x8000c02f, 0x0)
   kworker/u33:1-57411   [000] ..... 11183.289675: i915_reg_rw: write reg=0x7024c, len=4, val=(0x8001003b, 0x0)
   kworker/u33:1-57411   [000] ..... 11183.289676: i915_reg_rw: write reg=0x70250, len=4, val=(0x8001805c, 0x0)
   kworker/u33:1-57411   [000] ..... 11183.289676: i915_reg_rw: write reg=0x70254, len=4, val=(0x8001c06b, 0x0)
   kworker/u33:1-57411   [000] ..... 11183.289676: i915_reg_rw: write reg=0x70258, len=4, val=(0x8001c06b, 0x0)
   kworker/u33:1-57411   [000] ..... 11183.289676: i915_reg_rw: write reg=0x7025c, len=4, val=(0x8002007a, 0x0)
   kworker/u33:1-57411   [000] ..... 11183.289677: i915_reg_rw: write reg=0x70268, len=4, val=(0x0, 0x0)
   kworker/u33:1-57411   [000] ..... 11183.289677: i915_reg_rw: write reg=0x7027c, len=4, val=(0x35b0000, 0x0)
   kworker/u33:1-57411   [000] ..... 11183.289678: i915_reg_rw: write reg=0x70278, len=4, val=(0x0, 0x0)
   kworker/u33:1-57411   [000] ..... 11183.289678: intel_plane_update_noarm: dev 0000:00:02.0, pipe A, cursor A, frame=671568, scanline=671, format=AR24 little-endian (0x34325241), 256.000000x256.000000+0.000000+0.000000 -> 256x256+1420+908
   kworker/u33:1-57411   [000] ...2. 11183.289679: i915_reg_rw: read reg=0x70040, len=4, val=(0xa3f50, 0x0)
   kworker/u33:1-57411   [000] d..3. 11183.289679: i915_reg_rw: read reg=0x70000, len=4, val=(0x29e, 0x0)
   kworker/u33:1-57411   [000] d.... 11183.289681: intel_pipe_update_start: dev 0000:00:02.0, pipe A, frame=671568, scanline=671, min=1073, max=1079
   kworker/u33:1-57411   [000] d..2. 11183.289681: i915_reg_rw: read reg=0x70040, len=4, val=(0xa3f50, 0x0)
   kworker/u33:1-57411   [000] d..3. 11183.289682: i915_reg_rw: read reg=0x70000, len=4, val=(0x29e, 0x0)
   kworker/u33:1-57411   [000] d..1. 11183.289682: i915_reg_rw: read reg=0x70000, len=4, val=(0x29e, 0x0)
   kworker/u33:1-57411   [000] d.... 11183.289683: i915_reg_rw: read reg=0x70040, len=4, val=(0xa3f50, 0x0)
   kworker/u33:1-57411   [000] d.... 11183.289683: intel_pipe_update_vblank_evaded: dev 0000:00:02.0, pipe A, frame=671568, scanline=671, min=1073, max=1079
   kworker/u33:1-57411   [000] d.... 11183.289684: i915_reg_rw: write reg=0x70030, len=4, val=(0x50, 0x0)
   kworker/u33:1-57411   [000] d.... 11183.289685: intel_plane_update_arm: dev 0000:00:02.0, pipe A, plane 1A, frame=671568, scanline=671, format=XR30 little-endian (0x30335258), 1920.000000x1080.000000+0.000000+0.000000 -> 1920x1080+0+0
   kworker/u33:1-57411   [000] d..2. 11183.289686: i915_reg_rw: read reg=0x70040, len=4, val=(0xa3f50, 0x0)
   kworker/u33:1-57411   [000] d..3. 11183.289686: i915_reg_rw: read reg=0x70000, len=4, val=(0x29e, 0x0)
   kworker/u33:1-57411   [000] d.... 11183.289687: i915_reg_rw: write reg=0x70194, len=4, val=(0x0, 0x0)
   kworker/u33:1-57411   [000] d.... 11183.289687: i915_reg_rw: write reg=0x70198, len=4, val=(0x0, 0x0)
   kworker/u33:1-57411   [000] d.... 11183.289687: i915_reg_rw: write reg=0x701a0, len=4, val=(0xff000000, 0x0)
   kworker/u33:1-57411   [000] d.... 11183.289687: i915_reg_rw: write reg=0x701a4, len=4, val=(0x0, 0x0)
   kworker/u33:1-57411   [000] d.... 11183.289688: i915_reg_rw: write reg=0x701c0, len=4, val=(0x0, 0x0)
   kworker/u33:1-57411   [000] d.... 11183.289688: i915_reg_rw: write reg=0x701c4, len=4, val=(0x0, 0x0)
   kworker/u33:1-57411   [000] d.... 11183.289688: i915_reg_rw: write reg=0x70180, len=4, val=(0xc2042400, 0x0)
   kworker/u33:1-57411   [000] d.... 11183.289689: i915_reg_rw: write reg=0x7019c, len=4, val=(0x1c00000, 0x0)
   kworker/u33:1-57411   [000] d.... 11183.289689: intel_plane_update_arm: dev 0000:00:02.0, pipe A, cursor A, frame=671568, scanline=672, format=AR24 little-endian (0x34325241), 256.000000x256.000000+0.000000+0.000000 -> 256x256+1420+908
   kworker/u33:1-57411   [000] d..2. 11183.289689: i915_reg_rw: read reg=0x70040, len=4, val=(0xa3f50, 0x0)
   kworker/u33:1-57411   [000] d..3. 11183.289690: i915_reg_rw: read reg=0x70000, len=4, val=(0x29f, 0x0)
   kworker/u33:1-57411   [000] d.... 11183.289690: i915_reg_rw: write reg=0x70140, len=4, val=(0x80000004, 0x0)
   kworker/u33:1-57411   [000] d.... 11183.289691: i915_reg_rw: write reg=0x70144, len=4, val=(0x80008008, 0x0)
   kworker/u33:1-57411   [000] d.... 11183.289691: i915_reg_rw: write reg=0x70148, len=4, val=(0x80008008, 0x0)
   kworker/u33:1-57411   [000] d.... 11183.289691: i915_reg_rw: write reg=0x7014c, len=4, val=(0x8000c00b, 0x0)
   kworker/u33:1-57411   [000] d.... 11183.289692: i915_reg_rw: write reg=0x70150, len=4, val=(0x80014011, 0x0)
   kworker/u33:1-57411   [000] d.... 11183.289692: i915_reg_rw: write reg=0x70154, len=4, val=(0x80018014, 0x0)
   kworker/u33:1-57411   [000] d.... 11183.289692: i915_reg_rw: write reg=0x70158, len=4, val=(0x80018014, 0x0)
   kworker/u33:1-57411   [000] d.... 11183.289693: i915_reg_rw: write reg=0x7015c, len=4, val=(0x8001c017, 0x0)
   kworker/u33:1-57411   [000] d.... 11183.289693: i915_reg_rw: write reg=0x70168, len=4, val=(0x0, 0x0)
   kworker/u33:1-57411   [000] d.... 11183.289693: i915_reg_rw: write reg=0x7017c, len=4, val=(0x37b035c, 0x0)
     kworker/7:0-83001   [007] ..... 11183.289693: i915_request_retire: dev=1, engine=0:0, ctx=30, seqno=1685162, tail=3312
   kworker/u33:1-57411   [000] d.... 11183.289694: i915_reg_rw: write reg=0x700a0, len=4, val=(0x0, 0x0)
   kworker/u33:1-57411   [000] d.... 11183.289694: i915_reg_rw: write reg=0x70080, len=4, val=(0x4000023, 0x0)
   kworker/u33:1-57411   [000] d.... 11183.289694: i915_reg_rw: write reg=0x70088, len=4, val=(0x38c058c, 0x0)
   kworker/u33:1-57411   [000] d.... 11183.289694: i915_reg_rw: write reg=0x70084, len=4, val=(0x3140000, 0x0)
     kworker/7:0-83001   [007] ..... 11183.289695: i915_request_retire: dev=1, engine=0:0, ctx=30, seqno=1685164, tail=3496
   kworker/u33:1-57411   [000] d.... 11183.289695: intel_scaler_disable_arm: dev 0000:00:02.0, pipe A, scaler 0, frame=671568, scanline=672
   kworker/u33:1-57411   [000] d..2. 11183.289696: i915_reg_rw: read reg=0x70040, len=4, val=(0xa3f50, 0x0)
   kworker/u33:1-57411   [000] d..3. 11183.289696: i915_reg_rw: read reg=0x70000, len=4, val=(0x29f, 0x0)
   kworker/u33:1-57411   [000] d.... 11183.289696: i915_reg_rw: write reg=0x68180, len=4, val=(0x0, 0x0)
   kworker/u33:1-57411   [000] d.... 11183.289697: i915_reg_rw: write reg=0x68170, len=4, val=(0x0, 0x0)
   kworker/u33:1-57411   [000] d.... 11183.289697: i915_reg_rw: write reg=0x68174, len=4, val=(0x0, 0x0)
   kworker/u33:1-57411   [000] d.... 11183.289697: intel_scaler_disable_arm: dev 0000:00:02.0, pipe A, scaler 1, frame=671568, scanline=672
   kworker/u33:1-57411   [000] d..2. 11183.289697: i915_reg_rw: read reg=0x70040, len=4, val=(0xa3f50, 0x0)
   kworker/u33:1-57411   [000] d..3. 11183.289698: i915_reg_rw: read reg=0x70000, len=4, val=(0x29f, 0x0)
   kworker/u33:1-57411   [000] d.... 11183.289698: i915_reg_rw: write reg=0x68280, len=4, val=(0x0, 0x0)
   kworker/u33:1-57411   [000] d.... 11183.289699: i915_reg_rw: write reg=0x68270, len=4, val=(0x0, 0x0)
   kworker/u33:1-57411   [000] d.... 11183.289699: i915_reg_rw: write reg=0x68274, len=4, val=(0x0, 0x0)
   kworker/u33:1-57411   [000] d..1. 11183.289700: i915_reg_rw: read reg=0x70000, len=4, val=(0x29f, 0x0)
   kworker/u33:1-57411   [000] d.... 11183.289700: i915_reg_rw: read reg=0x70040, len=4, val=(0xa3f50, 0x0)
   kworker/u33:1-57411   [000] d.... 11183.289701: intel_pipe_update_end: dev 0000:00:02.0, pipe A, frame=671568, scanline=672
   kworker/u33:1-57411   [000] d..2. 11183.289702: i915_reg_rw: read reg=0x70040, len=4, val=(0xa3f50, 0x0)
   kworker/u33:1-57411   [000] d..3. 11183.289703: i915_reg_rw: read reg=0x70000, len=4, val=(0x2a0, 0x0)
   kworker/u33:1-57411   [000] d..2. 11183.289704: i915_reg_rw: read reg=0x70040, len=4, val=(0xa3f50, 0x0)
     ksoftirqd/7-60      [007] d.H2. 11183.292444: i915_reg_rw: write reg=0x20a8, len=4, val=(0xfffff6f6, 0x0)
     kworker/7:0-83001   [007] ..... 11183.292674: i915_request_retire: dev=1, engine=0:0, ctx=5, seqno=714747, tail=3672
     kworker/7:0-83001   [007] d.h3. 11183.292677: i915_reg_rw: write reg=0x20a8, len=4, val=(0xfffff6f7, 0x0)
     kworker/7:0-83001   [007] ..... 11183.292685: i915_reg_rw: read reg=0x8504, len=4, val=(0xfc004c3, 0x0)
          <idle>-0       [007] dNh1. 11183.295741: i915_reg_rw: read reg=0x44408, len=4, val=(0x1, 0x0)
          <idle>-0       [007] dNh1. 11183.295744: i915_reg_rw: write reg=0x44408, len=4, val=(0x1, 0x0)
          <idle>-0       [007] dNh3. 11183.295748: i915_reg_rw: read reg=0x70040, len=4, val=(0xa3f51, 0x0)
          <idle>-0       [007] dNh4. 11183.295749: i915_reg_rw: read reg=0x70000, len=4, val=(0x43a, 0x0)
          <idle>-0       [007] dNh3. 11183.295750: i915_reg_rw: read reg=0x70040, len=4, val=(0xa3f51, 0x0)
   kworker/u33:1-57411   [000] ..... 11183.295797: intel_frontbuffer_flush: dev 0000:00:02.0, frontbuffer_bits=0x00000081, origin=2
   kworker/u32:0-81701   [004] ..... 11183.295959: i915_vma_unbind: obj=0000000077f93c55, offset=0x0000000002ec0000 size=0x1c0000 vm=000000006079050a
   kworker/u32:0-81701   [004] ..... 11183.295983: i915_gem_object_destroy: obj=0000000077f93c55
          bobide-73329   [005] ..... 11183.297323: i915_vma_bind: obj=0000000022a7171c, offset=0x0000fffefff92000 size=0x2000 vm=00000000ca5145b8
   kworker/u32:0-81701   [004] ..... 11183.297339: i915_gem_object_destroy: obj=0000000015e6f4d1
   kworker/u32:0-81701   [004] ..... 11183.297342: i915_gem_object_destroy: obj=000000007a497329
   kworker/u32:0-81701   [004] ..... 11183.297344: i915_gem_object_destroy: obj=0000000042513293
   kworker/u32:0-81701   [004] ..... 11183.297345: i915_gem_object_destroy: obj=000000009f05fe5a
   kworker/u32:0-81701   [004] ..... 11183.297346: i915_gem_object_destroy: obj=0000000038584f94
   kworker/u32:0-81701   [004] ..... 11183.297347: i915_gem_object_destroy: obj=00000000809f760d
          bobide-73329   [005] ..... 11183.297357: i915_request_queue: dev=1, engine=0:0, ctx=127, seqno=108014, flags=0x0
          bobide-73329   [005] ..... 11183.297358: i915_request_add: dev=1, engine=0:0, ctx=127, seqno=108014, tail=9016
          bobide-73329   [005] ..... 11183.297727: i915_request_queue: dev=1, engine=0:0, ctx=127, seqno=108016, flags=0x0
          bobide-73329   [005] ..... 11183.297727: i915_request_add: dev=1, engine=0:0, ctx=127, seqno=108016, tail=12144
     kworker/7:0-83001   [007] ..... 11183.300322: i915_request_retire: dev=1, engine=0:0, ctx=127, seqno=108014, tail=13432
     kworker/7:0-83001   [007] ..... 11183.300329: i915_request_retire: dev=1, engine=0:0, ctx=127, seqno=108016, tail=13616
     ksoftirqd/7-60      [007] d.H2. 11183.303441: i915_reg_rw: write reg=0x20a8, len=4, val=(0xfffff6f6, 0x0)
     kworker/7:0-83001   [007] ..... 11183.303663: i915_request_retire: dev=1, engine=0:0, ctx=5, seqno=714748, tail=3808
     kworker/7:0-83001   [007] d.h3. 11183.303665: i915_reg_rw: write reg=0x20a8, len=4, val=(0xfffff6f7, 0x0)
     kworker/7:0-83001   [007] ..... 11183.303674: i915_reg_rw: read reg=0x8504, len=4, val=(0xfc004c3, 0x0)
     gnome-shell-14986   [005] ..... 11183.305171: i915_request_queue: dev=1, engine=0:0, ctx=30, seqno=1685166, flags=0x0
     gnome-shell-14986   [005] ..... 11183.305172: i915_request_add: dev=1, engine=0:0, ctx=30, seqno=1685166, tail=11776
     gnome-shell-14986   [005] ..... 11183.305207: i915_request_queue: dev=1, engine=0:0, ctx=30, seqno=1685168, flags=0x0
     gnome-shell-14986   [005] ..... 11183.305208: i915_request_add: dev=1, engine=0:0, ctx=30, seqno=1685168, tail=1632
   kworker/u33:1-57411   [000] d.h3. 11183.305441: i915_reg_rw: write reg=0x20a8, len=4, val=(0xfffff6f6, 0x0)
   kworker/u33:1-57411   [000] ..... 11183.305447: i915_request_wait_begin: dev=1, engine=0:0, ctx=30, seqno=1685166, flags=0x2
          <idle>-0       [007] d.h3. 11183.306291: i915_reg_rw: write reg=0x20a8, len=4, val=(0xfffff6f7, 0x0)
   kworker/u33:1-57411   [000] ..... 11183.306295: i915_request_wait_end: dev=1, engine=0:0, ctx=30, seqno=1685166, tail=3680
     kworker/7:0-83001   [007] ..... 11183.306304: i915_request_retire: dev=1, engine=0:0, ctx=30, seqno=1685166, tail=3680
     kworker/7:0-83001   [007] ..... 11183.306305: i915_request_retire: dev=1, engine=0:0, ctx=30, seqno=1685168, tail=3864
   kworker/u33:1-57411   [000] ..... 11183.306305: intel_plane_update_noarm: dev 0000:00:02.0, pipe A, plane 1A, frame=671569, scanline=668, format=XR30 little-endian (0x30335258), 1920.000000x1080.000000+0.000000+0.000000 -> 1920x1080+0+0
   kworker/u33:1-57411   [000] ...2. 11183.306306: i915_reg_rw: read reg=0x70040, len=4, val=(0xa3f51, 0x0)
   kworker/u33:1-57411   [000] d..3. 11183.306307: i915_reg_rw: read reg=0x70000, len=4, val=(0x29b, 0x0)
   kworker/u33:1-57411   [000] ..... 11183.306309: i915_reg_rw: write reg=0x70188, len=4, val=(0xf, 0x0)
   kworker/u33:1-57411   [000] ..... 11183.306309: i915_reg_rw: write reg=0x7018c, len=4, val=(0x0, 0x0)
   kworker/u33:1-57411   [000] ..... 11183.306309: i915_reg_rw: write reg=0x70190, len=4, val=(0x437077f, 0x0)
   kworker/u33:1-57411   [000] ..... 11183.306310: i915_reg_rw: write reg=0x70240, len=4, val=(0x80000016, 0x0)
   kworker/u33:1-57411   [000] ..... 11183.306310: i915_reg_rw: write reg=0x70244, len=4, val=(0x8000c02b, 0x0)
   kworker/u33:1-57411   [000] ..... 11183.306311: i915_reg_rw: write reg=0x70248, len=4, val=(0x8000c02f, 0x0)
   kworker/u33:1-57411   [000] ..... 11183.306311: i915_reg_rw: write reg=0x7024c, len=4, val=(0x8001003b, 0x0)
   kworker/u33:1-57411   [000] ..... 11183.306311: i915_reg_rw: write reg=0x70250, len=4, val=(0x8001805c, 0x0)
   kworker/u33:1-57411   [000] ..... 11183.306312: i915_reg_rw: write reg=0x70254, len=4, val=(0x8001c06b, 0x0)
   kworker/u33:1-57411   [000] ..... 11183.306312: i915_reg_rw: write reg=0x70258, len=4, val=(0x8001c06b, 0x0)
   kworker/u33:1-57411   [000] ..... 11183.306313: i915_reg_rw: write reg=0x7025c, len=4, val=(0x8002007a, 0x0)
   kworker/u33:1-57411   [000] ..... 11183.306313: i915_reg_rw: write reg=0x70268, len=4, val=(0x0, 0x0)
   kworker/u33:1-57411   [000] ..... 11183.306313: i915_reg_rw: write reg=0x7027c, len=4, val=(0x35b0000, 0x0)
   kworker/u33:1-57411   [000] ..... 11183.306314: i915_reg_rw: write reg=0x70278, len=4, val=(0x0, 0x0)
   kworker/u33:1-57411   [000] d.... 11183.306316: intel_pipe_update_start: dev 0000:00:02.0, pipe A, frame=671569, scanline=669, min=1073, max=1079
   kworker/u33:1-57411   [000] d..2. 11183.306316: i915_reg_rw: read reg=0x70040, len=4, val=(0xa3f51, 0x0)
   kworker/u33:1-57411   [000] d..3. 11183.306317: i915_reg_rw: read reg=0x70000, len=4, val=(0x29c, 0x0)
   kworker/u33:1-57411   [000] d..1. 11183.306317: i915_reg_rw: read reg=0x70000, len=4, val=(0x29c, 0x0)
   kworker/u33:1-57411   [000] d.... 11183.306318: i915_reg_rw: read reg=0x70040, len=4, val=(0xa3f51, 0x0)
   kworker/u33:1-57411   [000] d.... 11183.306319: intel_pipe_update_vblank_evaded: dev 0000:00:02.0, pipe A, frame=671569, scanline=669, min=1073, max=1079
   kworker/u33:1-57411   [000] d.... 11183.306319: i915_reg_rw: write reg=0x70030, len=4, val=(0x50, 0x0)
   kworker/u33:1-57411   [000] d.... 11183.306321: intel_plane_update_arm: dev 0000:00:02.0, pipe A, plane 1A, frame=671569, scanline=669, format=XR30 little-endian (0x30335258), 1920.000000x1080.000000+0.000000+0.000000 -> 1920x1080+0+0
   kworker/u33:1-57411   [000] d..2. 11183.306321: i915_reg_rw: read reg=0x70040, len=4, val=(0xa3f51, 0x0)
   kworker/u33:1-57411   [000] d..3. 11183.306322: i915_reg_rw: read reg=0x70000, len=4, val=(0x29c, 0x0)
   kworker/u33:1-57411   [000] d.... 11183.306322: i915_reg_rw: write reg=0x70194, len=4, val=(0x0, 0x0)
   kworker/u33:1-57411   [000] d.... 11183.306323: i915_reg_rw: write reg=0x70198, len=4, val=(0x0, 0x0)
   kworker/u33:1-57411   [000] d.... 11183.306323: i915_reg_rw: write reg=0x701a0, len=4, val=(0xff000000, 0x0)
   kworker/u33:1-57411   [000] d.... 11183.306323: i915_reg_rw: write reg=0x701a4, len=4, val=(0x0, 0x0)
   kworker/u33:1-57411   [000] d.... 11183.306324: i915_reg_rw: write reg=0x701c0, len=4, val=(0x0, 0x0)
   kworker/u33:1-57411   [000] d.... 11183.306324: i915_reg_rw: write reg=0x701c4, len=4, val=(0x0, 0x0)
   kworker/u33:1-57411   [000] d.... 11183.306325: i915_reg_rw: write reg=0x70180, len=4, val=(0xc2042400, 0x0)
   kworker/u33:1-57411   [000] d.... 11183.306325: i915_reg_rw: write reg=0x7019c, len=4, val=(0x25c0000, 0x0)
   kworker/u33:1-57411   [000] d.... 11183.306326: intel_scaler_disable_arm: dev 0000:00:02.0, pipe A, scaler 0, frame=671569, scanline=670
   kworker/u33:1-57411   [000] d..2. 11183.306326: i915_reg_rw: read reg=0x70040, len=4, val=(0xa3f51, 0x0)
   kworker/u33:1-57411   [000] d..3. 11183.306327: i915_reg_rw: read reg=0x70000, len=4, val=(0x29d, 0x0)
   kworker/u33:1-57411   [000] d.... 11183.306327: i915_reg_rw: write reg=0x68180, len=4, val=(0x0, 0x0)
   kworker/u33:1-57411   [000] d.... 11183.306328: i915_reg_rw: write reg=0x68170, len=4, val=(0x0, 0x0)
   kworker/u33:1-57411   [000] d.... 11183.306328: i915_reg_rw: write reg=0x68174, len=4, val=(0x0, 0x0)
   kworker/u33:1-57411   [000] d.... 11183.306329: intel_scaler_disable_arm: dev 0000:00:02.0, pipe A, scaler 1, frame=671569, scanline=670
   kworker/u33:1-57411   [000] d..2. 11183.306329: i915_reg_rw: read reg=0x70040, len=4, val=(0xa3f51, 0x0)
   kworker/u33:1-57411   [000] d..3. 11183.306329: i915_reg_rw: read reg=0x70000, len=4, val=(0x29d, 0x0)
   kworker/u33:1-57411   [000] d.... 11183.306330: i915_reg_rw: write reg=0x68280, len=4, val=(0x0, 0x0)
   kworker/u33:1-57411   [000] d.... 11183.306330: i915_reg_rw: write reg=0x68270, len=4, val=(0x0, 0x0)
   kworker/u33:1-57411   [000] d.... 11183.306330: i915_reg_rw: write reg=0x68274, len=4, val=(0x0, 0x0)
   kworker/u33:1-57411   [000] d..1. 11183.306331: i915_reg_rw: read reg=0x70000, len=4, val=(0x29d, 0x0)
   kworker/u33:1-57411   [000] d.... 11183.306331: i915_reg_rw: read reg=0x70040, len=4, val=(0xa3f51, 0x0)
   kworker/u33:1-57411   [000] d.... 11183.306332: intel_pipe_update_end: dev 0000:00:02.0, pipe A, frame=671569, scanline=670
   kworker/u33:1-57411   [000] d..2. 11183.306333: i915_reg_rw: read reg=0x70040, len=4, val=(0xa3f51, 0x0)
   kworker/u33:1-57411   [000] d..3. 11183.306334: i915_reg_rw: read reg=0x70000, len=4, val=(0x29d, 0x0)
   kworker/u33:1-57411   [000] d..2. 11183.306335: i915_reg_rw: read reg=0x70040, len=4, val=(0xa3f51, 0x0)
     ksoftirqd/7-60      [007] d.H2. 11183.308477: i915_reg_rw: write reg=0x20a8, len=4, val=(0xfffff6f6, 0x0)
     kworker/7:0-83001   [007] ..... 11183.308644: i915_request_retire: dev=1, engine=0:0, ctx=5, seqno=714749, tail=3944
     kworker/7:0-83001   [007] d.h3. 11183.308646: i915_reg_rw: write reg=0x20a8, len=4, val=(0xfffff6f7, 0x0)
     kworker/7:0-83001   [007] ..... 11183.308708: i915_reg_rw: read reg=0x8504, len=4, val=(0xfc004c3, 0x0)
   intel_gpu_top-85487   [004] ..... 11183.309299: i915_reg_rw: read reg=0xa008, len=4, val=(0x9000000, 0x0)
   intel_gpu_top-85487   [004] ..... 11183.309444: i915_reg_rw: read reg=0xa01c, len=4, val=(0x9000000, 0x0)
   intel_gpu_top-85487   [004] ..... 11183.309659: i915_reg_rw: read reg=0xa01c, len=4, val=(0x9000000, 0x0)
          <idle>-0       [007] d.h1. 11183.312395: i915_reg_rw: read reg=0x44408, len=4, val=(0x1, 0x0)
          <idle>-0       [007] d.h1. 11183.312396: i915_reg_rw: write reg=0x44408, len=4, val=(0x1, 0x0)
          <idle>-0       [007] d.h3. 11183.312401: i915_reg_rw: read reg=0x70040, len=4, val=(0xa3f52, 0x0)
          <idle>-0       [007] d.h4. 11183.312401: i915_reg_rw: read reg=0x70000, len=4, val=(0x439, 0x0)
          <idle>-0       [007] d.h3. 11183.312402: i915_reg_rw: read reg=0x70040, len=4, val=(0xa3f52, 0x0)
   kworker/u33:1-57411   [000] ..... 11183.312417: intel_frontbuffer_flush: dev 0000:00:02.0, frontbuffer_bits=0x00000001, origin=2
          bobide-73329   [006] ..... 11183.313841: i915_request_queue: dev=1, engine=0:0, ctx=127, seqno=108018, flags=0x0
          bobide-73329   [006] ..... 11183.313843: i915_request_add: dev=1, engine=0:0, ctx=127, seqno=108018, tail=7728
   intel_gpu_top-85487   [004] ..... 11183.314053: i915_ppgtt_create: dev=1, vm=00000000dcf552ce
   intel_gpu_top-85487   [004] ..... 11183.314057: i915_context_create: dev=1, ctx=00000000d30ddabd, ctx_vm=00000000dcf552ce
   kworker/u32:0-81701   [007] ..... 11183.314163: i915_context_free: dev=1, ctx=00000000d30ddabd, ctx_vm=00000000dcf552ce
          bobide-73329   [006] ..... 11183.314309: i915_request_queue: dev=1, engine=0:0, ctx=127, seqno=108020, flags=0x0
          bobide-73329   [006] ..... 11183.314311: i915_request_add: dev=1, engine=0:0, ctx=127, seqno=108020, tail=7544
     kworker/7:0-83001   [007] ..... 11183.316214: i915_request_retire: dev=1, engine=0:0, ctx=127, seqno=108018, tail=13800
     kworker/7:0-83001   [007] ..... 11183.316218: i915_request_retire: dev=1, engine=0:0, ctx=127, seqno=108020, tail=13984
     ksoftirqd/7-60      [007] d.H2. 11183.318496: i915_reg_rw: write reg=0x20a8, len=4, val=(0xfffff6f6, 0x0)
     kworker/7:0-83001   [007] ..... 11183.318714: i915_request_retire: dev=1, engine=0:0, ctx=5, seqno=714750, tail=4080
     kworker/7:0-83001   [007] d.h3. 11183.318716: i915_reg_rw: write reg=0x20a8, len=4, val=(0xfffff6f7, 0x0)
     kworker/7:0-83001   [007] ..... 11183.318724: i915_reg_rw: read reg=0x8504, len=4, val=(0xfc004c3, 0x0)
     gnome-shell-14986   [006] ..... 11183.321847: i915_request_queue: dev=1, engine=0:0, ctx=30, seqno=1685170, flags=0x0
     gnome-shell-14986   [006] ..... 11183.321848: i915_request_add: dev=1, engine=0:0, ctx=30, seqno=1685170, tail=7360
     gnome-shell-14986   [006] ..... 11183.321996: i915_request_queue: dev=1, engine=0:0, ctx=30, seqno=1685172, flags=0x0
     gnome-shell-14986   [006] ..... 11183.321997: i915_request_add: dev=1, engine=0:0, ctx=30, seqno=1685172, tail=6624
   kworker/u33:1-57411   [000] d.h3. 11183.322254: i915_reg_rw: write reg=0x20a8, len=4, val=(0xfffff6f6, 0x0)
   kworker/u33:1-57411   [000] ..... 11183.322259: i915_request_wait_begin: dev=1, engine=0:0, ctx=30, seqno=1685170, flags=0x2
   intel_gpu_top-85487   [004] ..s.. 11183.322441: i915_ppgtt_release: dev=1, vm=00000000dcf552ce
   kworker/u32:0-81701   [001] ..... 11183.322519: i915_gem_object_destroy: obj=0000000077f93c55
          <idle>-0       [007] d.H3. 11183.323128: i915_reg_rw: write reg=0x20a8, len=4, val=(0xfffff6f7, 0x0)
   kworker/u33:1-57411   [000] ..... 11183.323131: i915_request_wait_end: dev=1, engine=0:0, ctx=30, seqno=1685170, tail=4048
     kworker/7:0-83001   [007] ..... 11183.323137: i915_request_retire: dev=1, engine=0:0, ctx=30, seqno=1685170, tail=4048
     kworker/7:0-83001   [007] ..... 11183.323138: i915_request_retire: dev=1, engine=0:0, ctx=30, seqno=1685172, tail=4232
   kworker/u33:1-57411   [000] ..... 11183.323142: intel_plane_update_noarm: dev 0000:00:02.0, pipe A, plane 1A, frame=671570, scanline=680, format=XR30 little-endian (0x30335258), 1920.000000x1080.000000+0.000000+0.000000 -> 1920x1080+0+0
   kworker/u33:1-57411   [000] ...2. 11183.323144: i915_reg_rw: read reg=0x70040, len=4, val=(0xa3f52, 0x0)
   kworker/u33:1-57411   [000] d..3. 11183.323145: i915_reg_rw: read reg=0x70000, len=4, val=(0x2a7, 0x0)
   kworker/u33:1-57411   [000] ..... 11183.323146: i915_reg_rw: write reg=0x70188, len=4, val=(0xf, 0x0)
   kworker/u33:1-57411   [000] ..... 11183.323146: i915_reg_rw: write reg=0x7018c, len=4, val=(0x0, 0x0)
   kworker/u33:1-57411   [000] ..... 11183.323147: i915_reg_rw: write reg=0x70190, len=4, val=(0x437077f, 0x0)
   kworker/u33:1-57411   [000] ..... 11183.323147: i915_reg_rw: write reg=0x70240, len=4, val=(0x80000016, 0x0)
   kworker/u33:1-57411   [000] ..... 11183.323147: i915_reg_rw: write reg=0x70244, len=4, val=(0x8000c02b, 0x0)
   kworker/u33:1-57411   [000] ..... 11183.323148: i915_reg_rw: write reg=0x70248, len=4, val=(0x8000c02f, 0x0)
   kworker/u33:1-57411   [000] ..... 11183.323148: i915_reg_rw: write reg=0x7024c, len=4, val=(0x8001003b, 0x0)
   kworker/u33:1-57411   [000] ..... 11183.323149: i915_reg_rw: write reg=0x70250, len=4, val=(0x8001805c, 0x0)
   kworker/u33:1-57411   [000] ..... 11183.323149: i915_reg_rw: write reg=0x70254, len=4, val=(0x8001c06b, 0x0)
   kworker/u33:1-57411   [000] ..... 11183.323150: i915_reg_rw: write reg=0x70258, len=4, val=(0x8001c06b, 0x0)
   kworker/u33:1-57411   [000] ..... 11183.323150: i915_reg_rw: write reg=0x7025c, len=4, val=(0x8002007a, 0x0)
   kworker/u33:1-57411   [000] ..... 11183.323150: i915_reg_rw: write reg=0x70268, len=4, val=(0x0, 0x0)
   kworker/u33:1-57411   [000] ..... 11183.323151: i915_reg_rw: write reg=0x7027c, len=4, val=(0x35b0000, 0x0)
   kworker/u33:1-57411   [000] ..... 11183.323151: i915_reg_rw: write reg=0x70278, len=4, val=(0x0, 0x0)
   kworker/u33:1-57411   [000] d.... 11183.323153: intel_pipe_update_start: dev 0000:00:02.0, pipe A, frame=671570, scanline=681, min=1073, max=1079
   kworker/u33:1-57411   [000] d..2. 11183.323154: i915_reg_rw: read reg=0x70040, len=4, val=(0xa3f52, 0x0)
   kworker/u33:1-57411   [000] d..3. 11183.323154: i915_reg_rw: read reg=0x70000, len=4, val=(0x2a8, 0x0)
   kworker/u33:1-57411   [000] d..1. 11183.323155: i915_reg_rw: read reg=0x70000, len=4, val=(0x2a8, 0x0)
   kworker/u33:1-57411   [000] d.... 11183.323156: i915_reg_rw: read reg=0x70040, len=4, val=(0xa3f52, 0x0)
   kworker/u33:1-57411   [000] d.... 11183.323156: intel_pipe_update_vblank_evaded: dev 0000:00:02.0, pipe A, frame=671570, scanline=681, min=1073, max=1079
   kworker/u33:1-57411   [000] d.... 11183.323157: i915_reg_rw: write reg=0x70030, len=4, val=(0x50, 0x0)
   kworker/u33:1-57411   [000] d.... 11183.323158: intel_plane_update_arm: dev 0000:00:02.0, pipe A, plane 1A, frame=671570, scanline=681, format=XR30 little-endian (0x30335258), 1920.000000x1080.000000+0.000000+0.000000 -> 1920x1080+0+0
   kworker/u33:1-57411   [000] d..2. 11183.323158: i915_reg_rw: read reg=0x70040, len=4, val=(0xa3f52, 0x0)
   kworker/u33:1-57411   [000] d..3. 11183.323159: i915_reg_rw: read reg=0x70000, len=4, val=(0x2a8, 0x0)
   kworker/u33:1-57411   [000] d.... 11183.323160: i915_reg_rw: write reg=0x70194, len=4, val=(0x0, 0x0)
   kworker/u33:1-57411   [000] d.... 11183.323160: i915_reg_rw: write reg=0x70198, len=4, val=(0x0, 0x0)
   kworker/u33:1-57411   [000] d.... 11183.323160: i915_reg_rw: write reg=0x701a0, len=4, val=(0xff000000, 0x0)
   kworker/u33:1-57411   [000] d.... 11183.323161: i915_reg_rw: write reg=0x701a4, len=4, val=(0x0, 0x0)
   kworker/u33:1-57411   [000] d.... 11183.323161: i915_reg_rw: write reg=0x701c0, len=4, val=(0x0, 0x0)
   kworker/u33:1-57411   [000] d.... 11183.323162: i915_reg_rw: write reg=0x701c4, len=4, val=(0x0, 0x0)
   kworker/u33:1-57411   [000] d.... 11183.323162: i915_reg_rw: write reg=0x70180, len=4, val=(0xc2042400, 0x0)
   kworker/u33:1-57411   [000] d.... 11183.323162: i915_reg_rw: write reg=0x7019c, len=4, val=(0x3300000, 0x0)
   kworker/u33:1-57411   [000] d.... 11183.323163: intel_scaler_disable_arm: dev 0000:00:02.0, pipe A, scaler 0, frame=671570, scanline=682
   kworker/u33:1-57411   [000] d..2. 11183.323164: i915_reg_rw: read reg=0x70040, len=4, val=(0xa3f52, 0x0)
   kworker/u33:1-57411   [000] d..3. 11183.323164: i915_reg_rw: read reg=0x70000, len=4, val=(0x2a9, 0x0)
   kworker/u33:1-57411   [000] d.... 11183.323164: i915_reg_rw: write reg=0x68180, len=4, val=(0x0, 0x0)
   kworker/u33:1-57411   [000] d.... 11183.323165: i915_reg_rw: write reg=0x68170, len=4, val=(0x0, 0x0)
   kworker/u33:1-57411   [000] d.... 11183.323165: i915_reg_rw: write reg=0x68174, len=4, val=(0x0, 0x0)
   kworker/u33:1-57411   [000] d.... 11183.323166: intel_scaler_disable_arm: dev 0000:00:02.0, pipe A, scaler 1, frame=671570, scanline=682
   kworker/u33:1-57411   [000] d..2. 11183.323166: i915_reg_rw: read reg=0x70040, len=4, val=(0xa3f52, 0x0)
   kworker/u33:1-57411   [000] d..3. 11183.323166: i915_reg_rw: read reg=0x70000, len=4, val=(0x2a9, 0x0)
   kworker/u33:1-57411   [000] d.... 11183.323167: i915_reg_rw: write reg=0x68280, len=4, val=(0x0, 0x0)
   kworker/u33:1-57411   [000] d.... 11183.323167: i915_reg_rw: write reg=0x68270, len=4, val=(0x0, 0x0)
   kworker/u33:1-57411   [000] d.... 11183.323168: i915_reg_rw: write reg=0x68274, len=4, val=(0x0, 0x0)
   kworker/u33:1-57411   [000] d..1. 11183.323168: i915_reg_rw: read reg=0x70000, len=4, val=(0x2a9, 0x0)
   kworker/u33:1-57411   [000] d.... 11183.323169: i915_reg_rw: read reg=0x70040, len=4, val=(0xa3f52, 0x0)
   kworker/u33:1-57411   [000] d.... 11183.323169: intel_pipe_update_end: dev 0000:00:02.0, pipe A, frame=671570, scanline=682
   kworker/u33:1-57411   [000] d..2. 11183.323170: i915_reg_rw: read reg=0x70040, len=4, val=(0xa3f52, 0x0)
   kworker/u33:1-57411   [000] d..3. 11183.323171: i915_reg_rw: read reg=0x70000, len=4, val=(0x2a9, 0x0)
   kworker/u33:1-57411   [000] d..2. 11183.323172: i915_reg_rw: read reg=0x70040, len=4, val=(0xa3f52, 0x0)
     ksoftirqd/7-60      [007] d.H2. 11183.325480: i915_reg_rw: write reg=0x20a8, len=4, val=(0xfffff6f6, 0x0)
     kworker/7:0-83001   [007] ..... 11183.325656: i915_request_retire: dev=1, engine=0:0, ctx=5, seqno=714751, tail=136
     kworker/7:0-83001   [007] d.h3. 11183.325657: i915_reg_rw: write reg=0x20a8, len=4, val=(0xfffff6f7, 0x0)
     kworker/7:0-83001   [007] ..... 11183.325726: i915_reg_rw: read reg=0x8504, len=4, val=(0xfc004c3, 0x0)
          <idle>-0       [007] d.h1. 11183.329069: i915_reg_rw: read reg=0x44408, len=4, val=(0x1, 0x0)
          <idle>-0       [007] d.h1. 11183.329073: i915_reg_rw: write reg=0x44408, len=4, val=(0x1, 0x0)
          <idle>-0       [007] d.h3. 11183.329077: i915_reg_rw: read reg=0x70040, len=4, val=(0xa3f53, 0x0)
          <idle>-0       [007] d.h4. 11183.329078: i915_reg_rw: read reg=0x70000, len=4, val=(0x43a, 0x0)
          <idle>-0       [007] d.h3. 11183.329079: i915_reg_rw: read reg=0x70040, len=4, val=(0xa3f53, 0x0)
   kworker/u33:1-57411   [000] ..... 11183.329091: intel_frontbuffer_flush: dev 0000:00:02.0, frontbuffer_bits=0x00000001, origin=2
          bobide-73329   [006] ..... 11183.330593: i915_request_queue: dev=1, engine=0:0, ctx=127, seqno=108022, flags=0x0
          bobide-73329   [006] ..... 11183.330595: i915_request_add: dev=1, engine=0:0, ctx=127, seqno=108022, tail=10488
          bobide-73329   [006] ..... 11183.331007: i915_request_queue: dev=1, engine=0:0, ctx=127, seqno=108024, flags=0x0
          bobide-73329   [006] ..... 11183.331008: i915_request_add: dev=1, engine=0:0, ctx=127, seqno=108024, tail=10304
     kworker/7:0-83001   [007] ..... 11183.332925: i915_request_retire: dev=1, engine=0:0, ctx=127, seqno=108022, tail=14168
     kworker/7:0-83001   [007] ..... 11183.332930: i915_request_retire: dev=1, engine=0:0, ctx=127, seqno=108024, tail=14352
     ksoftirqd/7-60      [007] d.H2. 11183.335485: i915_reg_rw: write reg=0x20a8, len=4, val=(0xfffff6f6, 0x0)
     kworker/7:0-83001   [007] ..... 11183.335643: i915_request_retire: dev=1, engine=0:0, ctx=5, seqno=714752, tail=272
     kworker/7:0-83001   [007] d.h3. 11183.335646: i915_reg_rw: write reg=0x20a8, len=4, val=(0xfffff6f7, 0x0)
     kworker/7:0-83001   [007] ..... 11183.335673: i915_reg_rw: read reg=0x8504, len=4, val=(0xfc004c3, 0x0)
     gnome-shell-14986   [006] ..... 11183.338521: i915_request_queue: dev=1, engine=0:0, ctx=30, seqno=1685174, flags=0x0
     gnome-shell-14986   [006] ..... 11183.338523: i915_request_add: dev=1, engine=0:0, ctx=30, seqno=1685174, tail=10120
     gnome-shell-14986   [006] ..... 11183.338662: i915_request_queue: dev=1, engine=0:0, ctx=30, seqno=1685176, flags=0x0
     gnome-shell-14986   [006] ..... 11183.338663: i915_request_add: dev=1, engine=0:0, ctx=30, seqno=1685176, tail=9016
   kworker/u33:1-57411   [000] d.h3. 11183.338927: i915_reg_rw: write reg=0x20a8, len=4, val=(0xfffff6f6, 0x0)
   kworker/u33:1-57411   [000] ..... 11183.338932: i915_request_wait_begin: dev=1, engine=0:0, ctx=30, seqno=1685174, flags=0x2
          <idle>-0       [007] d.H3. 11183.339789: i915_reg_rw: write reg=0x20a8, len=4, val=(0xfffff6f7, 0x0)
   kworker/u33:1-57411   [000] ..... 11183.339792: i915_request_wait_end: dev=1, engine=0:0, ctx=30, seqno=1685174, tail=4416
     kworker/7:0-83001   [007] ..... 11183.339798: i915_request_retire: dev=1, engine=0:0, ctx=30, seqno=1685174, tail=4416
     kworker/7:0-83001   [007] ..... 11183.339799: i915_request_retire: dev=1, engine=0:0, ctx=30, seqno=1685176, tail=4600
   kworker/u33:1-57411   [000] ..... 11183.339802: intel_plane_update_noarm: dev 0000:00:02.0, pipe A, plane 1A, frame=671571, scanline=680, format=XR30 little-endian (0x30335258), 1920.000000x1080.000000+0.000000+0.000000 -> 1920x1080+0+0
   kworker/u33:1-57411   [000] ...2. 11183.339804: i915_reg_rw: read reg=0x70040, len=4, val=(0xa3f53, 0x0)
   kworker/u33:1-57411   [000] d..3. 11183.339804: i915_reg_rw: read reg=0x70000, len=4, val=(0x2a7, 0x0)
   kworker/u33:1-57411   [000] ..... 11183.339805: i915_reg_rw: write reg=0x70188, len=4, val=(0xf, 0x0)
   kworker/u33:1-57411   [000] ..... 11183.339806: i915_reg_rw: write reg=0x7018c, len=4, val=(0x0, 0x0)
   kworker/u33:1-57411   [000] ..... 11183.339806: i915_reg_rw: write reg=0x70190, len=4, val=(0x437077f, 0x0)
   kworker/u33:1-57411   [000] ..... 11183.339807: i915_reg_rw: write reg=0x70240, len=4, val=(0x80000016, 0x0)
   kworker/u33:1-57411   [000] ..... 11183.339807: i915_reg_rw: write reg=0x70244, len=4, val=(0x8000c02b, 0x0)
   kworker/u33:1-57411   [000] ..... 11183.339807: i915_reg_rw: write reg=0x70248, len=4, val=(0x8000c02f, 0x0)
   kworker/u33:1-57411   [000] ..... 11183.339808: i915_reg_rw: write reg=0x7024c, len=4, val=(0x8001003b, 0x0)
   kworker/u33:1-57411   [000] ..... 11183.339808: i915_reg_rw: write reg=0x70250, len=4, val=(0x8001805c, 0x0)
   kworker/u33:1-57411   [000] ..... 11183.339808: i915_reg_rw: write reg=0x70254, len=4, val=(0x8001c06b, 0x0)
   kworker/u33:1-57411   [000] ..... 11183.339809: i915_reg_rw: write reg=0x70258, len=4, val=(0x8001c06b, 0x0)
   kworker/u33:1-57411   [000] ..... 11183.339809: i915_reg_rw: write reg=0x7025c, len=4, val=(0x8002007a, 0x0)
   kworker/u33:1-57411   [000] ..... 11183.339810: i915_reg_rw: write reg=0x70268, len=4, val=(0x0, 0x0)
   kworker/u33:1-57411   [000] ..... 11183.339810: i915_reg_rw: write reg=0x7027c, len=4, val=(0x35b0000, 0x0)
   kworker/u33:1-57411   [000] ..... 11183.339810: i915_reg_rw: write reg=0x70278, len=4, val=(0x0, 0x0)
   kworker/u33:1-57411   [000] d.... 11183.339812: intel_pipe_update_start: dev 0000:00:02.0, pipe A, frame=671571, scanline=680, min=1073, max=1079
   kworker/u33:1-57411   [000] d..2. 11183.339813: i915_reg_rw: read reg=0x70040, len=4, val=(0xa3f53, 0x0)
   kworker/u33:1-57411   [000] d..3. 11183.339813: i915_reg_rw: read reg=0x70000, len=4, val=(0x2a7, 0x0)
   kworker/u33:1-57411   [000] d..1. 11183.339814: i915_reg_rw: read reg=0x70000, len=4, val=(0x2a7, 0x0)
   kworker/u33:1-57411   [000] d.... 11183.339815: i915_reg_rw: read reg=0x70040, len=4, val=(0xa3f53, 0x0)
   kworker/u33:1-57411   [000] d.... 11183.339815: intel_pipe_update_vblank_evaded: dev 0000:00:02.0, pipe A, frame=671571, scanline=680, min=1073, max=1079
   kworker/u33:1-57411   [000] d.... 11183.339816: i915_reg_rw: write reg=0x70030, len=4, val=(0x50, 0x0)
   kworker/u33:1-57411   [000] d.... 11183.339817: intel_plane_update_arm: dev 0000:00:02.0, pipe A, plane 1A, frame=671571, scanline=681, format=XR30 little-endian (0x30335258), 1920.000000x1080.000000+0.000000+0.000000 -> 1920x1080+0+0
   kworker/u33:1-57411   [000] d..2. 11183.339818: i915_reg_rw: read reg=0x70040, len=4, val=(0xa3f53, 0x0)
   kworker/u33:1-57411   [000] d..3. 11183.339818: i915_reg_rw: read reg=0x70000, len=4, val=(0x2a8, 0x0)
   kworker/u33:1-57411   [000] d.... 11183.339819: i915_reg_rw: write reg=0x70194, len=4, val=(0x0, 0x0)
   kworker/u33:1-57411   [000] d.... 11183.339819: i915_reg_rw: write reg=0x70198, len=4, val=(0x0, 0x0)
   kworker/u33:1-57411   [000] d.... 11183.339820: i915_reg_rw: write reg=0x701a0, len=4, val=(0xff000000, 0x0)
   kworker/u33:1-57411   [000] d.... 11183.339820: i915_reg_rw: write reg=0x701a4, len=4, val=(0x0, 0x0)
   kworker/u33:1-57411   [000] d.... 11183.339821: i915_reg_rw: write reg=0x701c0, len=4, val=(0x0, 0x0)
   kworker/u33:1-57411   [000] d.... 11183.339821: i915_reg_rw: write reg=0x701c4, len=4, val=(0x0, 0x0)
   kworker/u33:1-57411   [000] d.... 11183.339821: i915_reg_rw: write reg=0x70180, len=4, val=(0xc2042400, 0x0)
   kworker/u33:1-57411   [000] d.... 11183.339822: i915_reg_rw: write reg=0x7019c, len=4, val=(0x1c00000, 0x0)
   kworker/u33:1-57411   [000] d.... 11183.339823: intel_scaler_disable_arm: dev 0000:00:02.0, pipe A, scaler 0, frame=671571, scanline=681
   kworker/u33:1-57411   [000] d..2. 11183.339823: i915_reg_rw: read reg=0x70040, len=4, val=(0xa3f53, 0x0)
   kworker/u33:1-57411   [000] d..3. 11183.339823: i915_reg_rw: read reg=0x70000, len=4, val=(0x2a8, 0x0)
   kworker/u33:1-57411   [000] d.... 11183.339824: i915_reg_rw: write reg=0x68180, len=4, val=(0x0, 0x0)
   kworker/u33:1-57411   [000] d.... 11183.339824: i915_reg_rw: write reg=0x68170, len=4, val=(0x0, 0x0)
   kworker/u33:1-57411   [000] d.... 11183.339825: i915_reg_rw: write reg=0x68174, len=4, val=(0x0, 0x0)
   kworker/u33:1-57411   [000] d.... 11183.339825: intel_scaler_disable_arm: dev 0000:00:02.0, pipe A, scaler 1, frame=671571, scanline=681
   kworker/u33:1-57411   [000] d..2. 11183.339825: i915_reg_rw: read reg=0x70040, len=4, val=(0xa3f53, 0x0)
   kworker/u33:1-57411   [000] d..3. 11183.339826: i915_reg_rw: read reg=0x70000, len=4, val=(0x2a8, 0x0)
   kworker/u33:1-57411   [000] d.... 11183.339826: i915_reg_rw: write reg=0x68280, len=4, val=(0x0, 0x0)
   kworker/u33:1-57411   [000] d.... 11183.339827: i915_reg_rw: write reg=0x68270, len=4, val=(0x0, 0x0)
   kworker/u33:1-57411   [000] d.... 11183.339827: i915_reg_rw: write reg=0x68274, len=4, val=(0x0, 0x0)
   kworker/u33:1-57411   [000] d..1. 11183.339828: i915_reg_rw: read reg=0x70000, len=4, val=(0x2a8, 0x0)
   kworker/u33:1-57411   [000] d.... 11183.339828: i915_reg_rw: read reg=0x70040, len=4, val=(0xa3f53, 0x0)
   kworker/u33:1-57411   [000] d.... 11183.339829: intel_pipe_update_end: dev 0000:00:02.0, pipe A, frame=671571, scanline=681
   kworker/u33:1-57411   [000] d..2. 11183.339830: i915_reg_rw: read reg=0x70040, len=4, val=(0xa3f53, 0x0)
   kworker/u33:1-57411   [000] d..3. 11183.339831: i915_reg_rw: read reg=0x70000, len=4, val=(0x2a9, 0x0)
   kworker/u33:1-57411   [000] d..2. 11183.339831: i915_reg_rw: read reg=0x70040, len=4, val=(0xa3f53, 0x0)
     ksoftirqd/7-60      [007] d.H2. 11183.342486: i915_reg_rw: write reg=0x20a8, len=4, val=(0xfffff6f6, 0x0)
     kworker/7:0-83001   [007] ..... 11183.342661: i915_request_retire: dev=1, engine=0:0, ctx=5, seqno=714753, tail=408
     kworker/7:0-83001   [007] d.h3. 11183.342663: i915_reg_rw: write reg=0x20a8, len=4, val=(0xfffff6f7, 0x0)
     kworker/7:0-83001   [007] ..... 11183.342689: i915_reg_rw: read reg=0x8504, len=4, val=(0xfc004c3, 0x0)
          <idle>-0       [007] d.h1. 11183.345723: i915_reg_rw: read reg=0x44408, len=4, val=(0x1, 0x0)
          <idle>-0       [007] d.h1. 11183.345724: i915_reg_rw: write reg=0x44408, len=4, val=(0x1, 0x0)
          <idle>-0       [007] d.h3. 11183.345728: i915_reg_rw: read reg=0x70040, len=4, val=(0xa3f54, 0x0)
          <idle>-0       [007] d.h4. 11183.345729: i915_reg_rw: read reg=0x70000, len=4, val=(0x439, 0x0)
          <idle>-0       [007] d.h3. 11183.345730: i915_reg_rw: read reg=0x70040, len=4, val=(0xa3f54, 0x0)
   kworker/u33:1-57411   [000] ..... 11183.345745: intel_frontbuffer_flush: dev 0000:00:02.0, frontbuffer_bits=0x00000001, origin=2
          bobide-73329   [006] ..... 11183.347050: i915_request_queue: dev=1, engine=0:0, ctx=127, seqno=108026, flags=0x0
          bobide-73329   [006] ..... 11183.347052: i915_request_add: dev=1, engine=0:0, ctx=127, seqno=108026, tail=10856
     kworker/7:0-83001   [007] ..... 11183.347389: i915_request_retire: dev=1, engine=0:0, ctx=127, seqno=108026, tail=14536
          bobide-73329   [006] ..... 11183.347472: i915_request_queue: dev=1, engine=0:0, ctx=127, seqno=108028, flags=0x0
          bobide-73329   [006] ..... 11183.347472: i915_request_add: dev=1, engine=0:0, ctx=127, seqno=108028, tail=13800
     kworker/7:0-83001   [007] ..... 11183.348267: i915_request_retire: dev=1, engine=0:0, ctx=127, seqno=108028, tail=14720
     ksoftirqd/7-60      [007] d.H2. 11183.349451: i915_reg_rw: write reg=0x20a8, len=4, val=(0xfffff6f6, 0x0)
     kworker/7:0-83001   [007] ..... 11183.349624: i915_request_retire: dev=1, engine=0:0, ctx=5, seqno=714754, tail=544
     kworker/7:0-83001   [007] d.h3. 11183.349626: i915_reg_rw: write reg=0x20a8, len=4, val=(0xfffff6f7, 0x0)
     kworker/7:0-83001   [007] ..... 11183.349657: i915_reg_rw: read reg=0x8504, len=4, val=(0xfc004c3, 0x0)
     gnome-shell-14986   [006] ..... 11183.355142: i915_request_queue: dev=1, engine=0:0, ctx=30, seqno=1685178, flags=0x0
     gnome-shell-14986   [006] ..... 11183.355143: i915_request_add: dev=1, engine=0:0, ctx=30, seqno=1685178, tail=6808
     gnome-shell-14986   [006] ..... 11183.355318: i915_request_queue: dev=1, engine=0:0, ctx=30, seqno=1685180, flags=0x0
     gnome-shell-14986   [006] ..... 11183.355319: i915_request_add: dev=1, engine=0:0, ctx=30, seqno=1685180, tail=4968
   kworker/u33:1-57411   [000] d.h3. 11183.355515: i915_reg_rw: write reg=0x20a8, len=4, val=(0xfffff6f6, 0x0)
   kworker/u33:1-57411   [000] ..... 11183.355519: i915_request_wait_begin: dev=1, engine=0:0, ctx=30, seqno=1685178, flags=0x2
   kworker/u33:1-57411   [000] ..... 11183.356423: i915_request_wait_end: dev=1, engine=0:0, ctx=30, seqno=1685178, tail=4784
          <idle>-0       [007] d.h3. 11183.356427: i915_reg_rw: write reg=0x20a8, len=4, val=(0xfffff6f7, 0x0)
   kworker/u33:1-57411   [000] ..... 11183.356432: intel_plane_update_noarm: dev 0000:00:02.0, pipe A, plane 1A, frame=671572, scanline=677, format=XR30 little-endian (0x30335258), 1920.000000x1080.000000+0.000000+0.000000 -> 1920x1080+0+0
   kworker/u33:1-57411   [000] ...2. 11183.356433: i915_reg_rw: read reg=0x70040, len=4, val=(0xa3f54, 0x0)
   kworker/u33:1-57411   [000] d..3. 11183.356434: i915_reg_rw: read reg=0x70000, len=4, val=(0x2a4, 0x0)
   kworker/u33:1-57411   [000] ..... 11183.356435: i915_reg_rw: write reg=0x70188, len=4, val=(0xf, 0x0)
   kworker/u33:1-57411   [000] ..... 11183.356436: i915_reg_rw: write reg=0x7018c, len=4, val=(0x0, 0x0)
   kworker/u33:1-57411   [000] ..... 11183.356437: i915_reg_rw: write reg=0x70190, len=4, val=(0x437077f, 0x0)
   kworker/u33:1-57411   [000] ..... 11183.356438: i915_reg_rw: write reg=0x70240, len=4, val=(0x80000016, 0x0)
   kworker/u33:1-57411   [000] ..... 11183.356439: i915_reg_rw: write reg=0x70244, len=4, val=(0x8000c02b, 0x0)
   kworker/u33:1-57411   [000] ..... 11183.356440: i915_reg_rw: write reg=0x70248, len=4, val=(0x8000c02f, 0x0)
   kworker/u33:1-57411   [000] ..... 11183.356441: i915_reg_rw: write reg=0x7024c, len=4, val=(0x8001003b, 0x0)
   kworker/u33:1-57411   [000] ..... 11183.356448: i915_reg_rw: write reg=0x70250, len=4, val=(0x8001805c, 0x0)
   kworker/u33:1-57411   [000] ..... 11183.356448: i915_reg_rw: write reg=0x70254, len=4, val=(0x8001c06b, 0x0)
   kworker/u33:1-57411   [000] ..... 11183.356448: i915_reg_rw: write reg=0x70258, len=4, val=(0x8001c06b, 0x0)
   kworker/u33:1-57411   [000] ..... 11183.356449: i915_reg_rw: write reg=0x7025c, len=4, val=(0x8002007a, 0x0)
   kworker/u33:1-57411   [000] ..... 11183.356449: i915_reg_rw: write reg=0x70268, len=4, val=(0x0, 0x0)
   kworker/u33:1-57411   [000] ..... 11183.356450: i915_reg_rw: write reg=0x7027c, len=4, val=(0x35b0000, 0x0)
   kworker/u33:1-57411   [000] ..... 11183.356450: i915_reg_rw: write reg=0x70278, len=4, val=(0x0, 0x0)
   kworker/u33:1-57411   [000] d.... 11183.356452: intel_pipe_update_start: dev 0000:00:02.0, pipe A, frame=671572, scanline=679, min=1073, max=1079
   kworker/u33:1-57411   [000] d..2. 11183.356452: i915_reg_rw: read reg=0x70040, len=4, val=(0xa3f54, 0x0)
   kworker/u33:1-57411   [000] d..3. 11183.356453: i915_reg_rw: read reg=0x70000, len=4, val=(0x2a6, 0x0)
   kworker/u33:1-57411   [000] d..1. 11183.356453: i915_reg_rw: read reg=0x70000, len=4, val=(0x2a6, 0x0)
   kworker/u33:1-57411   [000] d.... 11183.356455: i915_reg_rw: read reg=0x70040, len=4, val=(0xa3f54, 0x0)
   kworker/u33:1-57411   [000] d.... 11183.356455: intel_pipe_update_vblank_evaded: dev 0000:00:02.0, pipe A, frame=671572, scanline=679, min=1073, max=1079
   kworker/u33:1-57411   [000] d.... 11183.356456: i915_reg_rw: write reg=0x70030, len=4, val=(0x50, 0x0)
   kworker/u33:1-57411   [000] d.... 11183.356457: intel_plane_update_arm: dev 0000:00:02.0, pipe A, plane 1A, frame=671572, scanline=679, format=XR30 little-endian (0x30335258), 1920.000000x1080.000000+0.000000+0.000000 -> 1920x1080+0+0
   kworker/u33:1-57411   [000] d..2. 11183.356458: i915_reg_rw: read reg=0x70040, len=4, val=(0xa3f54, 0x0)
     kworker/7:0-83001   [007] ..... 11183.356459: i915_request_retire: dev=1, engine=0:0, ctx=30, seqno=1685178, tail=4784
   kworker/u33:1-57411   [000] d..3. 11183.356459: i915_reg_rw: read reg=0x70000, len=4, val=(0x2a6, 0x0)
   kworker/u33:1-57411   [000] d.... 11183.356460: i915_reg_rw: write reg=0x70194, len=4, val=(0x0, 0x0)
   kworker/u33:1-57411   [000] d.... 11183.356460: i915_reg_rw: write reg=0x70198, len=4, val=(0x0, 0x0)
     kworker/7:0-83001   [007] ..... 11183.356460: i915_request_retire: dev=1, engine=0:0, ctx=30, seqno=1685180, tail=4968
   kworker/u33:1-57411   [000] d.... 11183.356461: i915_reg_rw: write reg=0x701a0, len=4, val=(0xff000000, 0x0)
   kworker/u33:1-57411   [000] d.... 11183.356468: i915_reg_rw: write reg=0x701a4, len=4, val=(0x0, 0x0)
   kworker/u33:1-57411   [000] d.... 11183.356468: i915_reg_rw: write reg=0x701c0, len=4, val=(0x0, 0x0)
   kworker/u33:1-57411   [000] d.... 11183.356469: i915_reg_rw: write reg=0x701c4, len=4, val=(0x0, 0x0)
   kworker/u33:1-57411   [000] d.... 11183.356469: i915_reg_rw: write reg=0x70180, len=4, val=(0xc2042400, 0x0)
   kworker/u33:1-57411   [000] d.... 11183.356469: i915_reg_rw: write reg=0x7019c, len=4, val=(0x25c0000, 0x0)
   kworker/u33:1-57411   [000] d.... 11183.356470: intel_scaler_disable_arm: dev 0000:00:02.0, pipe A, scaler 0, frame=671572, scanline=680
   kworker/u33:1-57411   [000] d..2. 11183.356471: i915_reg_rw: read reg=0x70040, len=4, val=(0xa3f54, 0x0)
   kworker/u33:1-57411   [000] d..3. 11183.356471: i915_reg_rw: read reg=0x70000, len=4, val=(0x2a7, 0x0)
   kworker/u33:1-57411   [000] d.... 11183.356471: i915_reg_rw: write reg=0x68180, len=4, val=(0x0, 0x0)
   kworker/u33:1-57411   [000] d.... 11183.356471: i915_reg_rw: write reg=0x68170, len=4, val=(0x0, 0x0)
   kworker/u33:1-57411   [000] d.... 11183.356472: i915_reg_rw: write reg=0x68174, len=4, val=(0x0, 0x0)
   kworker/u33:1-57411   [000] d.... 11183.356472: intel_scaler_disable_arm: dev 0000:00:02.0, pipe A, scaler 1, frame=671572, scanline=680
   kworker/u33:1-57411   [000] d..2. 11183.356473: i915_reg_rw: read reg=0x70040, len=4, val=(0xa3f54, 0x0)
   kworker/u33:1-57411   [000] d..3. 11183.356473: i915_reg_rw: read reg=0x70000, len=4, val=(0x2a7, 0x0)
   kworker/u33:1-57411   [000] d.... 11183.356473: i915_reg_rw: write reg=0x68280, len=4, val=(0x0, 0x0)
   kworker/u33:1-57411   [000] d.... 11183.356473: i915_reg_rw: write reg=0x68270, len=4, val=(0x0, 0x0)
   kworker/u33:1-57411   [000] d.... 11183.356474: i915_reg_rw: write reg=0x68274, len=4, val=(0x0, 0x0)
   kworker/u33:1-57411   [000] d..1. 11183.356475: i915_reg_rw: read reg=0x70000, len=4, val=(0x2a7, 0x0)
   kworker/u33:1-57411   [000] d.... 11183.356475: i915_reg_rw: read reg=0x70040, len=4, val=(0xa3f54, 0x0)
   kworker/u33:1-57411   [000] d.... 11183.356476: intel_pipe_update_end: dev 0000:00:02.0, pipe A, frame=671572, scanline=680
   kworker/u33:1-57411   [000] d..2. 11183.356477: i915_reg_rw: read reg=0x70040, len=4, val=(0xa3f54, 0x0)
   kworker/u33:1-57411   [000] d..3. 11183.356478: i915_reg_rw: read reg=0x70000, len=4, val=(0x2a7, 0x0)
   kworker/u33:1-57411   [000] d..2. 11183.356478: i915_reg_rw: read reg=0x70040, len=4, val=(0xa3f54, 0x0)
     ksoftirqd/7-60      [007] d.H2. 11183.359475: i915_reg_rw: write reg=0x20a8, len=4, val=(0xfffff6f6, 0x0)
     kworker/7:0-83001   [007] ..... 11183.359686: i915_request_retire: dev=1, engine=0:0, ctx=5, seqno=714755, tail=680
     kworker/7:0-83001   [007] d.h3. 11183.359688: i915_reg_rw: write reg=0x20a8, len=4, val=(0xfffff6f7, 0x0)
     kworker/7:0-83001   [007] ..... 11183.359694: i915_reg_rw: read reg=0x8504, len=4, val=(0xfc004c3, 0x0)
          <idle>-0       [007] d.h1. 11183.362387: i915_reg_rw: read reg=0x44408, len=4, val=(0x1, 0x0)
          <idle>-0       [007] d.h1. 11183.362389: i915_reg_rw: write reg=0x44408, len=4, val=(0x1, 0x0)
          <idle>-0       [007] d.h3. 11183.362398: i915_reg_rw: read reg=0x70040, len=4, val=(0xa3f55, 0x0)
          <idle>-0       [007] d.h4. 11183.362402: i915_reg_rw: read reg=0x70000, len=4, val=(0x43a, 0x0)
          <idle>-0       [007] d.h3. 11183.362402: i915_reg_rw: read reg=0x70040, len=4, val=(0xa3f55, 0x0)
   kworker/u33:1-57411   [000] ..... 11183.362412: intel_frontbuffer_flush: dev 0000:00:02.0, frontbuffer_bits=0x00000001, origin=2
          bobide-73329   [006] ..... 11183.363747: i915_request_queue: dev=1, engine=0:0, ctx=127, seqno=108030, flags=0x0
          bobide-73329   [006] ..... 11183.363749: i915_request_add: dev=1, engine=0:0, ctx=127, seqno=108030, tail=4232
     kworker/7:0-83001   [007] ..... 11183.364089: i915_request_retire: dev=1, engine=0:0, ctx=127, seqno=108030, tail=14904
          bobide-73329   [006] ..... 11183.364123: i915_request_queue: dev=1, engine=0:0, ctx=127, seqno=108032, flags=0x0
          bobide-73329   [006] ..... 11183.364124: i915_request_add: dev=1, engine=0:0, ctx=127, seqno=108032, tail=6624
     kworker/7:0-83001   [007] ..... 11183.364899: i915_request_retire: dev=1, engine=0:0, ctx=127, seqno=108032, tail=15088
     ksoftirqd/7-60      [007] d.H2. 11183.366443: i915_reg_rw: write reg=0x20a8, len=4, val=(0xfffff6f6, 0x0)
     kworker/7:0-83001   [007] ..... 11183.366651: i915_request_retire: dev=1, engine=0:0, ctx=5, seqno=714756, tail=816
     kworker/7:0-83001   [007] d.h3. 11183.366654: i915_reg_rw: write reg=0x20a8, len=4, val=(0xfffff6f7, 0x0)
     kworker/7:0-83001   [007] ..... 11183.366660: i915_reg_rw: read reg=0x8504, len=4, val=(0xfc004c3, 0x0)
     gnome-shell-14986   [006] ..... 11183.371828: i915_request_queue: dev=1, engine=0:0, ctx=30, seqno=1685182, flags=0x0
     gnome-shell-14986   [006] ..... 11183.371829: i915_request_add: dev=1, engine=0:0, ctx=30, seqno=1685182, tail=7728
     gnome-shell-14986   [006] ..... 11183.371998: i915_request_queue: dev=1, engine=0:0, ctx=30, seqno=1685184, flags=0x0
     gnome-shell-14986   [006] ..... 11183.371998: i915_request_add: dev=1, engine=0:0, ctx=30, seqno=1685184, tail=4968
   kworker/u33:1-57411   [000] d.h3. 11183.372219: i915_reg_rw: write reg=0x20a8, len=4, val=(0xfffff6f6, 0x0)
   kworker/u33:1-57411   [000] ..... 11183.372225: i915_request_wait_begin: dev=1, engine=0:0, ctx=30, seqno=1685182, flags=0x2
          <idle>-0       [007] dNh3. 11183.373246: i915_reg_rw: write reg=0x20a8, len=4, val=(0xfffff6f7, 0x0)
   kworker/u33:1-57411   [007] ..... 11183.373250: i915_request_wait_end: dev=1, engine=0:0, ctx=30, seqno=1685182, tail=5152
   kworker/u33:1-57411   [007] ..... 11183.373263: intel_plane_update_noarm: dev 0000:00:02.0, pipe A, plane 1A, frame=671573, scanline=689, format=XR30 little-endian (0x30335258), 1920.000000x1080.000000+0.000000+0.000000 -> 1920x1080+0+0
   kworker/u33:1-57411   [007] ...2. 11183.373264: i915_reg_rw: read reg=0x70040, len=4, val=(0xa3f55, 0x0)
   kworker/u33:1-57411   [007] d..3. 11183.373265: i915_reg_rw: read reg=0x70000, len=4, val=(0x2b0, 0x0)
   kworker/u33:1-57411   [007] ..... 11183.373266: i915_reg_rw: write reg=0x70188, len=4, val=(0xf, 0x0)
   kworker/u33:1-57411   [007] ..... 11183.373267: i915_reg_rw: write reg=0x7018c, len=4, val=(0x0, 0x0)
   kworker/u33:1-57411   [007] ..... 11183.373267: i915_reg_rw: write reg=0x70190, len=4, val=(0x437077f, 0x0)
   kworker/u33:1-57411   [007] ..... 11183.373268: i915_reg_rw: write reg=0x70240, len=4, val=(0x80000016, 0x0)
   kworker/u33:1-57411   [007] ..... 11183.373268: i915_reg_rw: write reg=0x70244, len=4, val=(0x8000c02b, 0x0)
   kworker/u33:1-57411   [007] ..... 11183.373278: i915_reg_rw: write reg=0x70248, len=4, val=(0x8000c02f, 0x0)
   kworker/u33:1-57411   [007] ..... 11183.373279: i915_reg_rw: write reg=0x7024c, len=4, val=(0x8001003b, 0x0)
   kworker/u33:1-57411   [007] ..... 11183.373279: i915_reg_rw: write reg=0x70250, len=4, val=(0x8001805c, 0x0)
   kworker/u33:1-57411   [007] ..... 11183.373279: i915_reg_rw: write reg=0x70254, len=4, val=(0x8001c06b, 0x0)
   kworker/u33:1-57411   [007] ..... 11183.373280: i915_reg_rw: write reg=0x70258, len=4, val=(0x8001c06b, 0x0)
   kworker/u33:1-57411   [007] ..... 11183.373280: i915_reg_rw: write reg=0x7025c, len=4, val=(0x8002007a, 0x0)
   kworker/u33:1-57411   [007] ..... 11183.373280: i915_reg_rw: write reg=0x70268, len=4, val=(0x0, 0x0)
   kworker/u33:1-57411   [007] ..... 11183.373281: i915_reg_rw: write reg=0x7027c, len=4, val=(0x35b0000, 0x0)
   kworker/u33:1-57411   [007] ..... 11183.373281: i915_reg_rw: write reg=0x70278, len=4, val=(0x0, 0x0)
   kworker/u33:1-57411   [007] d.... 11183.373283: intel_pipe_update_start: dev 0000:00:02.0, pipe A, frame=671573, scanline=690, min=1073, max=1079
   kworker/u33:1-57411   [007] d..2. 11183.373284: i915_reg_rw: read reg=0x70040, len=4, val=(0xa3f55, 0x0)
   kworker/u33:1-57411   [007] d..3. 11183.373284: i915_reg_rw: read reg=0x70000, len=4, val=(0x2b1, 0x0)
   kworker/u33:1-57411   [007] d..1. 11183.373285: i915_reg_rw: read reg=0x70000, len=4, val=(0x2b1, 0x0)
   kworker/u33:1-57411   [007] d.... 11183.373285: i915_reg_rw: read reg=0x70040, len=4, val=(0xa3f55, 0x0)
   kworker/u33:1-57411   [007] d.... 11183.373286: intel_pipe_update_vblank_evaded: dev 0000:00:02.0, pipe A, frame=671573, scanline=690, min=1073, max=1079
   kworker/u33:1-57411   [007] d.... 11183.373287: i915_reg_rw: write reg=0x70030, len=4, val=(0x50, 0x0)
   kworker/u33:1-57411   [007] d.... 11183.373288: intel_plane_update_arm: dev 0000:00:02.0, pipe A, plane 1A, frame=671573, scanline=690, format=XR30 little-endian (0x30335258), 1920.000000x1080.000000+0.000000+0.000000 -> 1920x1080+0+0
   kworker/u33:1-57411   [007] d..2. 11183.373289: i915_reg_rw: read reg=0x70040, len=4, val=(0xa3f55, 0x0)
   kworker/u33:1-57411   [007] d..3. 11183.373289: i915_reg_rw: read reg=0x70000, len=4, val=(0x2b1, 0x0)
   kworker/u33:1-57411   [007] d.... 11183.373290: i915_reg_rw: write reg=0x70194, len=4, val=(0x0, 0x0)
   kworker/u33:1-57411   [007] d.... 11183.373290: i915_reg_rw: write reg=0x70198, len=4, val=(0x0, 0x0)
   kworker/u33:1-57411   [007] d.... 11183.373291: i915_reg_rw: write reg=0x701a0, len=4, val=(0xff000000, 0x0)
   kworker/u33:1-57411   [007] d.... 11183.373291: i915_reg_rw: write reg=0x701a4, len=4, val=(0x0, 0x0)
   kworker/u33:1-57411   [007] d.... 11183.373292: i915_reg_rw: write reg=0x701c0, len=4, val=(0x0, 0x0)
   kworker/u33:1-57411   [007] d.... 11183.373292: i915_reg_rw: write reg=0x701c4, len=4, val=(0x0, 0x0)
   kworker/u33:1-57411   [007] d.... 11183.373293: i915_reg_rw: write reg=0x70180, len=4, val=(0xc2042400, 0x0)
   kworker/u33:1-57411   [007] d.... 11183.373293: i915_reg_rw: write reg=0x7019c, len=4, val=(0x3300000, 0x0)
   kworker/u33:1-57411   [007] d.... 11183.373294: intel_scaler_disable_arm: dev 0000:00:02.0, pipe A, scaler 0, frame=671573, scanline=691
   kworker/u33:1-57411   [007] d..2. 11183.373294: i915_reg_rw: read reg=0x70040, len=4, val=(0xa3f55, 0x0)
   kworker/u33:1-57411   [007] d..3. 11183.373295: i915_reg_rw: read reg=0x70000, len=4, val=(0x2b2, 0x0)
   kworker/u33:1-57411   [007] d.... 11183.373295: i915_reg_rw: write reg=0x68180, len=4, val=(0x0, 0x0)
   kworker/u33:1-57411   [007] d.... 11183.373295: i915_reg_rw: write reg=0x68170, len=4, val=(0x0, 0x0)
   kworker/u33:1-57411   [007] d.... 11183.373296: i915_reg_rw: write reg=0x68174, len=4, val=(0x0, 0x0)
   kworker/u33:1-57411   [007] d.... 11183.373296: intel_scaler_disable_arm: dev 0000:00:02.0, pipe A, scaler 1, frame=671573, scanline=691
   kworker/u33:1-57411   [007] d..2. 11183.373296: i915_reg_rw: read reg=0x70040, len=4, val=(0xa3f55, 0x0)
   kworker/u33:1-57411   [007] d..3. 11183.373297: i915_reg_rw: read reg=0x70000, len=4, val=(0x2b2, 0x0)
   kworker/u33:1-57411   [007] d.... 11183.373297: i915_reg_rw: write reg=0x68280, len=4, val=(0x0, 0x0)
   kworker/u33:1-57411   [007] d.... 11183.373297: i915_reg_rw: write reg=0x68270, len=4, val=(0x0, 0x0)
   kworker/u33:1-57411   [007] d.... 11183.373298: i915_reg_rw: write reg=0x68274, len=4, val=(0x0, 0x0)
   kworker/u33:1-57411   [007] d..1. 11183.373298: i915_reg_rw: read reg=0x70000, len=4, val=(0x2b2, 0x0)
   kworker/u33:1-57411   [007] d.... 11183.373299: i915_reg_rw: read reg=0x70040, len=4, val=(0xa3f55, 0x0)
   kworker/u33:1-57411   [007] d.... 11183.373299: intel_pipe_update_end: dev 0000:00:02.0, pipe A, frame=671573, scanline=691
   kworker/u33:1-57411   [007] d..2. 11183.373301: i915_reg_rw: read reg=0x70040, len=4, val=(0xa3f55, 0x0)
   kworker/u33:1-57411   [007] d..3. 11183.373302: i915_reg_rw: read reg=0x70000, len=4, val=(0x2b2, 0x0)
   kworker/u33:1-57411   [007] d..2. 11183.373303: i915_reg_rw: read reg=0x70040, len=4, val=(0xa3f55, 0x0)
     kworker/7:0-83001   [007] ..... 11183.373309: i915_request_retire: dev=1, engine=0:0, ctx=30, seqno=1685182, tail=5152
     kworker/7:0-83001   [007] ..... 11183.373310: i915_request_retire: dev=1, engine=0:0, ctx=30, seqno=1685184, tail=5336
     ksoftirqd/7-60      [007] d.H2. 11183.375489: i915_reg_rw: write reg=0x20a8, len=4, val=(0xfffff6f6, 0x0)
     kworker/7:0-83001   [007] ..... 11183.375707: i915_request_retire: dev=1, engine=0:0, ctx=5, seqno=714757, tail=952
     kworker/7:0-83001   [007] d.h3. 11183.375709: i915_reg_rw: write reg=0x20a8, len=4, val=(0xfffff6f7, 0x0)
     kworker/7:0-83001   [007] ..... 11183.375716: i915_reg_rw: read reg=0x8504, len=4, val=(0xfc004c3, 0x0)
          <idle>-0       [007] d.h1. 11183.379019: i915_reg_rw: read reg=0x44408, len=4, val=(0x1, 0x0)
          <idle>-0       [007] d.h1. 11183.379020: i915_reg_rw: write reg=0x44408, len=4, val=(0x1, 0x0)
          <idle>-0       [007] d.h3. 11183.379021: i915_reg_rw: read reg=0x70040, len=4, val=(0xa3f56, 0x0)
          <idle>-0       [007] d.h4. 11183.379022: i915_reg_rw: read reg=0x70000, len=4, val=(0x437, 0x0)
          <idle>-0       [007] d.h3. 11183.379022: i915_reg_rw: read reg=0x70040, len=4, val=(0xa3f56, 0x0)
   kworker/u33:1-57411   [007] ..... 11183.379037: intel_frontbuffer_flush: dev 0000:00:02.0, frontbuffer_bits=0x00000001, origin=2
          bobide-73329   [006] ..... 11183.380541: i915_request_queue: dev=1, engine=0:0, ctx=127, seqno=108034, flags=0x0
          bobide-73329   [006] ..... 11183.380542: i915_request_add: dev=1, engine=0:0, ctx=127, seqno=108034, tail=4600
     kworker/7:0-83001   [007] ..... 11183.381510: i915_request_retire: dev=1, engine=0:0, ctx=127, seqno=108034, tail=15272
     ksoftirqd/7-60      [007] d.H2. 11183.384483: i915_reg_rw: write reg=0x20a8, len=4, val=(0xfffff6f6, 0x0)
     kworker/7:0-83001   [007] ..... 11183.384701: i915_request_retire: dev=1, engine=0:0, ctx=5, seqno=714758, tail=1088
     kworker/7:0-83001   [007] d.h3. 11183.384703: i915_reg_rw: write reg=0x20a8, len=4, val=(0xfffff6f7, 0x0)
     kworker/7:0-83001   [007] ..... 11183.384710: i915_reg_rw: read reg=0x8504, len=4, val=(0xfc004c3, 0x0)
     gnome-shell-14986   [006] ..... 11183.388462: i915_request_queue: dev=1, engine=0:0, ctx=30, seqno=1685186, flags=0x0
     gnome-shell-14986   [006] ..... 11183.388463: i915_request_add: dev=1, engine=0:0, ctx=30, seqno=1685186, tail=14536
     gnome-shell-14986   [006] ..... 11183.388623: i915_request_queue: dev=1, engine=0:0, ctx=30, seqno=1685188, flags=0x0
     gnome-shell-14986   [006] ..... 11183.388623: i915_request_add: dev=1, engine=0:0, ctx=30, seqno=1685188, tail=4600
   kworker/u33:1-57411   [007] d.h3. 11183.388771: i915_reg_rw: write reg=0x20a8, len=4, val=(0xfffff6f6, 0x0)
   kworker/u33:1-57411   [007] ..... 11183.388776: i915_request_wait_begin: dev=1, engine=0:0, ctx=30, seqno=1685186, flags=0x2
          <idle>-0       [007] dNH3. 11183.389728: i915_reg_rw: write reg=0x20a8, len=4, val=(0xfffff6f7, 0x0)
   kworker/u33:1-57411   [007] ..... 11183.389735: i915_request_wait_end: dev=1, engine=0:0, ctx=30, seqno=1685186, tail=5520
   kworker/u33:1-57411   [007] ..... 11183.389743: intel_plane_update_noarm: dev 0000:00:02.0, pipe A, plane 1A, frame=671574, scanline=676, format=XR30 little-endian (0x30335258), 1920.000000x1080.000000+0.000000+0.000000 -> 1920x1080+0+0
   kworker/u33:1-57411   [007] ...2. 11183.389744: i915_reg_rw: read reg=0x70040, len=4, val=(0xa3f56, 0x0)
   kworker/u33:1-57411   [007] d..3. 11183.389745: i915_reg_rw: read reg=0x70000, len=4, val=(0x2a3, 0x0)
   kworker/u33:1-57411   [007] ..... 11183.389746: i915_reg_rw: write reg=0x70188, len=4, val=(0xf, 0x0)
   kworker/u33:1-57411   [007] ..... 11183.389746: i915_reg_rw: write reg=0x7018c, len=4, val=(0x0, 0x0)
   kworker/u33:1-57411   [007] ..... 11183.389746: i915_reg_rw: write reg=0x70190, len=4, val=(0x437077f, 0x0)
   kworker/u33:1-57411   [007] ..... 11183.389747: i915_reg_rw: write reg=0x70240, len=4, val=(0x80000016, 0x0)
   kworker/u33:1-57411   [007] ..... 11183.389747: i915_reg_rw: write reg=0x70244, len=4, val=(0x8000c02b, 0x0)
   kworker/u33:1-57411   [007] ..... 11183.389747: i915_reg_rw: write reg=0x70248, len=4, val=(0x8000c02f, 0x0)
   kworker/u33:1-57411   [007] ..... 11183.389747: i915_reg_rw: write reg=0x7024c, len=4, val=(0x8001003b, 0x0)
   kworker/u33:1-57411   [007] ..... 11183.389748: i915_reg_rw: write reg=0x70250, len=4, val=(0x8001805c, 0x0)
   kworker/u33:1-57411   [007] ..... 11183.389748: i915_reg_rw: write reg=0x70254, len=4, val=(0x8001c06b, 0x0)
   kworker/u33:1-57411   [007] ..... 11183.389748: i915_reg_rw: write reg=0x70258, len=4, val=(0x8001c06b, 0x0)
   kworker/u33:1-57411   [007] ..... 11183.389748: i915_reg_rw: write reg=0x7025c, len=4, val=(0x8002007a, 0x0)
   kworker/u33:1-57411   [007] ..... 11183.389749: i915_reg_rw: write reg=0x70268, len=4, val=(0x0, 0x0)
   kworker/u33:1-57411   [007] ..... 11183.389749: i915_reg_rw: write reg=0x7027c, len=4, val=(0x35b0000, 0x0)
   kworker/u33:1-57411   [007] ..... 11183.389749: i915_reg_rw: write reg=0x70278, len=4, val=(0x0, 0x0)
   kworker/u33:1-57411   [007] d.... 11183.389751: intel_pipe_update_start: dev 0000:00:02.0, pipe A, frame=671574, scanline=677, min=1073, max=1079
   kworker/u33:1-57411   [007] d..2. 11183.389751: i915_reg_rw: read reg=0x70040, len=4, val=(0xa3f56, 0x0)
   kworker/u33:1-57411   [007] d..3. 11183.389751: i915_reg_rw: read reg=0x70000, len=4, val=(0x2a4, 0x0)
   kworker/u33:1-57411   [007] d..1. 11183.389752: i915_reg_rw: read reg=0x70000, len=4, val=(0x2a4, 0x0)
   kworker/u33:1-57411   [007] d.... 11183.389752: i915_reg_rw: read reg=0x70040, len=4, val=(0xa3f56, 0x0)
   kworker/u33:1-57411   [007] d.... 11183.389753: intel_pipe_update_vblank_evaded: dev 0000:00:02.0, pipe A, frame=671574, scanline=677, min=1073, max=1079
   kworker/u33:1-57411   [007] d.... 11183.389753: i915_reg_rw: write reg=0x70030, len=4, val=(0x50, 0x0)
   kworker/u33:1-57411   [007] d.... 11183.389754: intel_plane_update_arm: dev 0000:00:02.0, pipe A, plane 1A, frame=671574, scanline=677, format=XR30 little-endian (0x30335258), 1920.000000x1080.000000+0.000000+0.000000 -> 1920x1080+0+0
   kworker/u33:1-57411   [007] d..2. 11183.389754: i915_reg_rw: read reg=0x70040, len=4, val=(0xa3f56, 0x0)
   kworker/u33:1-57411   [007] d..3. 11183.389755: i915_reg_rw: read reg=0x70000, len=4, val=(0x2a4, 0x0)
   kworker/u33:1-57411   [007] d.... 11183.389755: i915_reg_rw: write reg=0x70194, len=4, val=(0x0, 0x0)
   kworker/u33:1-57411   [007] d.... 11183.389755: i915_reg_rw: write reg=0x70198, len=4, val=(0x0, 0x0)
   kworker/u33:1-57411   [007] d.... 11183.389755: i915_reg_rw: write reg=0x701a0, len=4, val=(0xff000000, 0x0)
   kworker/u33:1-57411   [007] d.... 11183.389756: i915_reg_rw: write reg=0x701a4, len=4, val=(0x0, 0x0)
   kworker/u33:1-57411   [007] d.... 11183.389756: i915_reg_rw: write reg=0x701c0, len=4, val=(0x0, 0x0)
   kworker/u33:1-57411   [007] d.... 11183.389756: i915_reg_rw: write reg=0x701c4, len=4, val=(0x0, 0x0)
   kworker/u33:1-57411   [007] d.... 11183.389756: i915_reg_rw: write reg=0x70180, len=4, val=(0xc2042400, 0x0)
   kworker/u33:1-57411   [007] d.... 11183.389757: i915_reg_rw: write reg=0x7019c, len=4, val=(0x1c00000, 0x0)
   kworker/u33:1-57411   [007] d.... 11183.389757: intel_scaler_disable_arm: dev 0000:00:02.0, pipe A, scaler 0, frame=671574, scanline=677
   kworker/u33:1-57411   [007] d..2. 11183.389758: i915_reg_rw: read reg=0x70040, len=4, val=(0xa3f56, 0x0)
   kworker/u33:1-57411   [007] d..3. 11183.389758: i915_reg_rw: read reg=0x70000, len=4, val=(0x2a4, 0x0)
   kworker/u33:1-57411   [007] d.... 11183.389758: i915_reg_rw: write reg=0x68180, len=4, val=(0x0, 0x0)
   kworker/u33:1-57411   [007] d.... 11183.389758: i915_reg_rw: write reg=0x68170, len=4, val=(0x0, 0x0)
   kworker/u33:1-57411   [007] d.... 11183.389759: i915_reg_rw: write reg=0x68174, len=4, val=(0x0, 0x0)
   kworker/u33:1-57411   [007] d.... 11183.389759: intel_scaler_disable_arm: dev 0000:00:02.0, pipe A, scaler 1, frame=671574, scanline=677
   kworker/u33:1-57411   [007] d..2. 11183.389759: i915_reg_rw: read reg=0x70040, len=4, val=(0xa3f56, 0x0)
   kworker/u33:1-57411   [007] d..3. 11183.389759: i915_reg_rw: read reg=0x70000, len=4, val=(0x2a4, 0x0)
   kworker/u33:1-57411   [007] d.... 11183.389760: i915_reg_rw: write reg=0x68280, len=4, val=(0x0, 0x0)
   kworker/u33:1-57411   [007] d.... 11183.389760: i915_reg_rw: write reg=0x68270, len=4, val=(0x0, 0x0)
   kworker/u33:1-57411   [007] d.... 11183.389760: i915_reg_rw: write reg=0x68274, len=4, val=(0x0, 0x0)
   kworker/u33:1-57411   [007] d..1. 11183.389761: i915_reg_rw: read reg=0x70000, len=4, val=(0x2a4, 0x0)
   kworker/u33:1-57411   [007] d.... 11183.389761: i915_reg_rw: read reg=0x70040, len=4, val=(0xa3f56, 0x0)
   kworker/u33:1-57411   [007] d.... 11183.389761: intel_pipe_update_end: dev 0000:00:02.0, pipe A, frame=671574, scanline=677
   kworker/u33:1-57411   [007] d..2. 11183.389762: i915_reg_rw: read reg=0x70040, len=4, val=(0xa3f56, 0x0)
   kworker/u33:1-57411   [007] d..3. 11183.389763: i915_reg_rw: read reg=0x70000, len=4, val=(0x2a4, 0x0)
   kworker/u33:1-57411   [007] d..2. 11183.389763: i915_reg_rw: read reg=0x70040, len=4, val=(0xa3f56, 0x0)
     kworker/7:0-83001   [007] ..... 11183.389768: i915_request_retire: dev=1, engine=0:0, ctx=30, seqno=1685186, tail=5520
     kworker/7:0-83001   [007] ..... 11183.389768: i915_request_retire: dev=1, engine=0:0, ctx=30, seqno=1685188, tail=5704
     ksoftirqd/7-60      [007] d.H2. 11183.392588: i915_reg_rw: write reg=0x20a8, len=4, val=(0xfffff6f6, 0x0)
     kworker/7:0-83001   [007] ..... 11183.392829: i915_request_retire: dev=1, engine=0:0, ctx=5, seqno=714759, tail=1224
     kworker/7:0-83001   [007] d.h3. 11183.392831: i915_reg_rw: write reg=0x20a8, len=4, val=(0xfffff6f7, 0x0)
     kworker/7:0-83001   [007] ..... 11183.392838: i915_reg_rw: read reg=0x8504, len=4, val=(0xfc004c3, 0x0)
          <idle>-0       [007] d.h1. 11183.395683: i915_reg_rw: read reg=0x44408, len=4, val=(0x1, 0x0)
          <idle>-0       [007] d.h1. 11183.395684: i915_reg_rw: write reg=0x44408, len=4, val=(0x1, 0x0)
          <idle>-0       [007] d.h3. 11183.395684: i915_reg_rw: read reg=0x70040, len=4, val=(0xa3f57, 0x0)
          <idle>-0       [007] d.h4. 11183.395685: i915_reg_rw: read reg=0x70000, len=4, val=(0x437, 0x0)
          <idle>-0       [007] d.h3. 11183.395685: i915_reg_rw: read reg=0x70040, len=4, val=(0xa3f57, 0x0)
   kworker/u33:1-57411   [007] ..... 11183.395693: intel_frontbuffer_flush: dev 0000:00:02.0, frontbuffer_bits=0x00000001, origin=2
          bobide-73329   [006] ..... 11183.396975: i915_request_queue: dev=1, engine=0:0, ctx=127, seqno=108036, flags=0x0
          bobide-73329   [006] ..... 11183.396976: i915_request_add: dev=1, engine=0:0, ctx=127, seqno=108036, tail=4232
          bobide-73329   [006] ..... 11183.397345: i915_request_queue: dev=1, engine=0:0, ctx=127, seqno=108038, flags=0x0
          bobide-73329   [006] ..... 11183.397346: i915_request_add: dev=1, engine=0:0, ctx=127, seqno=108038, tail=4968
     kworker/7:0-83001   [007] ..... 11183.398066: i915_request_retire: dev=1, engine=0:0, ctx=127, seqno=108036, tail=15456
     kworker/7:0-83001   [007] ..... 11183.398068: i915_request_retire: dev=1, engine=0:0, ctx=127, seqno=108038, tail=15640
     ksoftirqd/7-60      [007] d.H2. 11183.400446: i915_reg_rw: write reg=0x20a8, len=4, val=(0xfffff6f6, 0x0)
     kworker/7:0-83001   [007] ..... 11183.400619: i915_request_retire: dev=1, engine=0:0, ctx=5, seqno=714760, tail=1360
     kworker/7:0-83001   [007] d.h3. 11183.400621: i915_reg_rw: write reg=0x20a8, len=4, val=(0xfffff6f7, 0x0)
     kworker/7:0-83001   [007] ..... 11183.400648: i915_reg_rw: read reg=0x8504, len=4, val=(0xfc004c3, 0x0)
     gnome-shell-14986   [006] ..... 11183.405035: i915_request_queue: dev=1, engine=0:0, ctx=30, seqno=1685190, flags=0x0
     gnome-shell-14986   [006] ..... 11183.405036: i915_request_add: dev=1, engine=0:0, ctx=30, seqno=1685190, tail=14904
     gnome-shell-14986   [006] ..... 11183.405193: i915_request_queue: dev=1, engine=0:0, ctx=30, seqno=1685192, flags=0x0
     gnome-shell-14986   [006] ..... 11183.405193: i915_request_add: dev=1, engine=0:0, ctx=30, seqno=1685192, tail=5336
   kworker/u33:1-57411   [007] d.h3. 11183.405375: i915_reg_rw: write reg=0x20a8, len=4, val=(0xfffff6f6, 0x0)
   kworker/u33:1-57411   [007] ..... 11183.405381: i915_request_wait_begin: dev=1, engine=0:0, ctx=30, seqno=1685190, flags=0x2
          <idle>-0       [007] dNH3. 11183.405728: i915_reg_rw: write reg=0x20a8, len=4, val=(0xfffff6f7, 0x0)
   kworker/u33:1-57411   [007] ..... 11183.405734: i915_request_wait_end: dev=1, engine=0:0, ctx=30, seqno=1685190, tail=5888
   kworker/u33:1-57411   [007] ..... 11183.405741: intel_plane_update_noarm: dev 0000:00:02.0, pipe A, plane 1A, frame=671575, scanline=631, format=XR30 little-endian (0x30335258), 1920.000000x1080.000000+0.000000+0.000000 -> 1920x1080+0+0
   kworker/u33:1-57411   [007] ...2. 11183.405741: i915_reg_rw: read reg=0x70040, len=4, val=(0xa3f57, 0x0)
   kworker/u33:1-57411   [007] d..3. 11183.405742: i915_reg_rw: read reg=0x70000, len=4, val=(0x276, 0x0)
   kworker/u33:1-57411   [007] ..... 11183.405743: i915_reg_rw: write reg=0x70188, len=4, val=(0xf, 0x0)
   kworker/u33:1-57411   [007] ..... 11183.405743: i915_reg_rw: write reg=0x7018c, len=4, val=(0x0, 0x0)
   kworker/u33:1-57411   [007] ..... 11183.405743: i915_reg_rw: write reg=0x70190, len=4, val=(0x437077f, 0x0)
   kworker/u33:1-57411   [007] ..... 11183.405744: i915_reg_rw: write reg=0x70240, len=4, val=(0x80000016, 0x0)
   kworker/u33:1-57411   [007] ..... 11183.405744: i915_reg_rw: write reg=0x70244, len=4, val=(0x8000c02b, 0x0)
   kworker/u33:1-57411   [007] ..... 11183.405744: i915_reg_rw: write reg=0x70248, len=4, val=(0x8000c02f, 0x0)
   kworker/u33:1-57411   [007] ..... 11183.405744: i915_reg_rw: write reg=0x7024c, len=4, val=(0x8001003b, 0x0)
   kworker/u33:1-57411   [007] ..... 11183.405745: i915_reg_rw: write reg=0x70250, len=4, val=(0x8001805c, 0x0)
   kworker/u33:1-57411   [007] ..... 11183.405745: i915_reg_rw: write reg=0x70254, len=4, val=(0x8001c06b, 0x0)
   kworker/u33:1-57411   [007] ..... 11183.405745: i915_reg_rw: write reg=0x70258, len=4, val=(0x8001c06b, 0x0)
   kworker/u33:1-57411   [007] ..... 11183.405745: i915_reg_rw: write reg=0x7025c, len=4, val=(0x8002007a, 0x0)
   kworker/u33:1-57411   [007] ..... 11183.405746: i915_reg_rw: write reg=0x70268, len=4, val=(0x0, 0x0)
   kworker/u33:1-57411   [007] ..... 11183.405746: i915_reg_rw: write reg=0x7027c, len=4, val=(0x35b0000, 0x0)
   kworker/u33:1-57411   [007] ..... 11183.405746: i915_reg_rw: write reg=0x70278, len=4, val=(0x0, 0x0)
   kworker/u33:1-57411   [007] d.... 11183.405748: intel_pipe_update_start: dev 0000:00:02.0, pipe A, frame=671575, scanline=631, min=1073, max=1079
   kworker/u33:1-57411   [007] d..2. 11183.405748: i915_reg_rw: read reg=0x70040, len=4, val=(0xa3f57, 0x0)
   kworker/u33:1-57411   [007] d..3. 11183.405748: i915_reg_rw: read reg=0x70000, len=4, val=(0x276, 0x0)
   kworker/u33:1-57411   [007] d..1. 11183.405749: i915_reg_rw: read reg=0x70000, len=4, val=(0x276, 0x0)
   kworker/u33:1-57411   [007] d.... 11183.405749: i915_reg_rw: read reg=0x70040, len=4, val=(0xa3f57, 0x0)
   kworker/u33:1-57411   [007] d.... 11183.405750: intel_pipe_update_vblank_evaded: dev 0000:00:02.0, pipe A, frame=671575, scanline=631, min=1073, max=1079
   kworker/u33:1-57411   [007] d.... 11183.405750: i915_reg_rw: write reg=0x70030, len=4, val=(0x50, 0x0)
   kworker/u33:1-57411   [007] d.... 11183.405751: intel_plane_update_arm: dev 0000:00:02.0, pipe A, plane 1A, frame=671575, scanline=632, format=XR30 little-endian (0x30335258), 1920.000000x1080.000000+0.000000+0.000000 -> 1920x1080+0+0
   kworker/u33:1-57411   [007] d..2. 11183.405751: i915_reg_rw: read reg=0x70040, len=4, val=(0xa3f57, 0x0)
   kworker/u33:1-57411   [007] d..3. 11183.405751: i915_reg_rw: read reg=0x70000, len=4, val=(0x277, 0x0)
   kworker/u33:1-57411   [007] d.... 11183.405752: i915_reg_rw: write reg=0x70194, len=4, val=(0x0, 0x0)
   kworker/u33:1-57411   [007] d.... 11183.405752: i915_reg_rw: write reg=0x70198, len=4, val=(0x0, 0x0)
   kworker/u33:1-57411   [007] d.... 11183.405752: i915_reg_rw: write reg=0x701a0, len=4, val=(0xff000000, 0x0)
   kworker/u33:1-57411   [007] d.... 11183.405753: i915_reg_rw: write reg=0x701a4, len=4, val=(0x0, 0x0)
   kworker/u33:1-57411   [007] d.... 11183.405753: i915_reg_rw: write reg=0x701c0, len=4, val=(0x0, 0x0)
   kworker/u33:1-57411   [007] d.... 11183.405753: i915_reg_rw: write reg=0x701c4, len=4, val=(0x0, 0x0)
   kworker/u33:1-57411   [007] d.... 11183.405753: i915_reg_rw: write reg=0x70180, len=4, val=(0xc2042400, 0x0)
   kworker/u33:1-57411   [007] d.... 11183.405754: i915_reg_rw: write reg=0x7019c, len=4, val=(0x25c0000, 0x0)
   kworker/u33:1-57411   [007] d.... 11183.405754: intel_scaler_disable_arm: dev 0000:00:02.0, pipe A, scaler 0, frame=671575, scanline=632
   kworker/u33:1-57411   [007] d..2. 11183.405755: i915_reg_rw: read reg=0x70040, len=4, val=(0xa3f57, 0x0)
   kworker/u33:1-57411   [007] d..3. 11183.405755: i915_reg_rw: read reg=0x70000, len=4, val=(0x277, 0x0)
   kworker/u33:1-57411   [007] d.... 11183.405755: i915_reg_rw: write reg=0x68180, len=4, val=(0x0, 0x0)
   kworker/u33:1-57411   [007] d.... 11183.405755: i915_reg_rw: write reg=0x68170, len=4, val=(0x0, 0x0)
   kworker/u33:1-57411   [007] d.... 11183.405756: i915_reg_rw: write reg=0x68174, len=4, val=(0x0, 0x0)
   kworker/u33:1-57411   [007] d.... 11183.405756: intel_scaler_disable_arm: dev 0000:00:02.0, pipe A, scaler 1, frame=671575, scanline=632
   kworker/u33:1-57411   [007] d..2. 11183.405756: i915_reg_rw: read reg=0x70040, len=4, val=(0xa3f57, 0x0)
   kworker/u33:1-57411   [007] d..3. 11183.405756: i915_reg_rw: read reg=0x70000, len=4, val=(0x277, 0x0)
   kworker/u33:1-57411   [007] d.... 11183.405757: i915_reg_rw: write reg=0x68280, len=4, val=(0x0, 0x0)
   kworker/u33:1-57411   [007] d.... 11183.405757: i915_reg_rw: write reg=0x68270, len=4, val=(0x0, 0x0)
   kworker/u33:1-57411   [007] d.... 11183.405757: i915_reg_rw: write reg=0x68274, len=4, val=(0x0, 0x0)
   kworker/u33:1-57411   [007] d..1. 11183.405758: i915_reg_rw: read reg=0x70000, len=4, val=(0x277, 0x0)
   kworker/u33:1-57411   [007] d.... 11183.405758: i915_reg_rw: read reg=0x70040, len=4, val=(0xa3f57, 0x0)
   kworker/u33:1-57411   [007] d.... 11183.405758: intel_pipe_update_end: dev 0000:00:02.0, pipe A, frame=671575, scanline=632
   kworker/u33:1-57411   [007] d..2. 11183.405759: i915_reg_rw: read reg=0x70040, len=4, val=(0xa3f57, 0x0)
   kworker/u33:1-57411   [007] d..3. 11183.405760: i915_reg_rw: read reg=0x70000, len=4, val=(0x277, 0x0)
   kworker/u33:1-57411   [007] d..2. 11183.405760: i915_reg_rw: read reg=0x70040, len=4, val=(0xa3f57, 0x0)
     kworker/7:0-83001   [007] ..... 11183.405764: i915_request_retire: dev=1, engine=0:0, ctx=30, seqno=1685190, tail=5888
     kworker/7:0-83001   [007] ..... 11183.405764: i915_request_retire: dev=1, engine=0:0, ctx=30, seqno=1685192, tail=6072
     ksoftirqd/7-60      [007] d.H2. 11183.408445: i915_reg_rw: write reg=0x20a8, len=4, val=(0xfffff6f6, 0x0)
     kworker/7:0-83001   [007] ..... 11183.408597: i915_request_retire: dev=1, engine=0:0, ctx=5, seqno=714761, tail=1496
     kworker/7:0-83001   [007] d.h3. 11183.408599: i915_reg_rw: write reg=0x20a8, len=4, val=(0xfffff6f7, 0x0)
     kworker/7:0-83001   [007] ..... 11183.408620: i915_reg_rw: read reg=0x8504, len=4, val=(0xfc004c3, 0x0)
          <idle>-0       [007] d.h1. 11183.412348: i915_reg_rw: read reg=0x44408, len=4, val=(0x1, 0x0)
          <idle>-0       [007] d.h1. 11183.412348: i915_reg_rw: write reg=0x44408, len=4, val=(0x1, 0x0)
          <idle>-0       [007] d.h3. 11183.412349: i915_reg_rw: read reg=0x70040, len=4, val=(0xa3f58, 0x0)
          <idle>-0       [007] d.h4. 11183.412349: i915_reg_rw: read reg=0x70000, len=4, val=(0x437, 0x0)
          <idle>-0       [007] d.h3. 11183.412350: i915_reg_rw: read reg=0x70040, len=4, val=(0xa3f58, 0x0)
   kworker/u33:1-57411   [007] ..... 11183.412356: intel_frontbuffer_flush: dev 0000:00:02.0, frontbuffer_bits=0x00000001, origin=2
          bobide-73329   [006] ..... 11183.413989: i915_request_queue: dev=1, engine=0:0, ctx=127, seqno=108040, flags=0x0
          bobide-73329   [006] ..... 11183.413990: i915_request_add: dev=1, engine=0:0, ctx=127, seqno=108040, tail=14720
     kworker/7:0-83001   [007] ..... 11183.414985: i915_request_retire: dev=1, engine=0:0, ctx=127, seqno=108040, tail=15824
     ksoftirqd/7-60      [007] d.H2. 11183.418434: i915_reg_rw: write reg=0x20a8, len=4, val=(0xfffff6f6, 0x0)
     kworker/7:0-83001   [007] ..... 11183.418631: i915_request_retire: dev=1, engine=0:0, ctx=5, seqno=714762, tail=1632
     kworker/7:0-83001   [007] d.h3. 11183.418633: i915_reg_rw: write reg=0x20a8, len=4, val=(0xfffff6f7, 0x0)
     kworker/7:0-83001   [007] ..... 11183.418658: i915_reg_rw: read reg=0x8504, len=4, val=(0xfc004c3, 0x0)
     gnome-shell-14986   [006] ..... 11183.421853: i915_request_queue: dev=1, engine=0:0, ctx=30, seqno=1685194, flags=0x0
     gnome-shell-14986   [006] ..... 11183.421854: i915_request_add: dev=1, engine=0:0, ctx=30, seqno=1685194, tail=15088
     gnome-shell-14986   [006] ..... 11183.422009: i915_request_queue: dev=1, engine=0:0, ctx=30, seqno=1685196, flags=0x0
     gnome-shell-14986   [006] ..... 11183.422009: i915_request_add: dev=1, engine=0:0, ctx=30, seqno=1685196, tail=5704
   kworker/u33:1-57411   [007] d.h3. 11183.422320: i915_reg_rw: write reg=0x20a8, len=4, val=(0xfffff6f6, 0x0)
   kworker/u33:1-57411   [007] ..... 11183.422325: i915_request_wait_begin: dev=1, engine=0:0, ctx=30, seqno=1685194, flags=0x2
          <idle>-0       [007] dNh3. 11183.422509: i915_reg_rw: write reg=0x20a8, len=4, val=(0xfffff6f7, 0x0)
   kworker/u33:1-57411   [007] ..... 11183.422512: i915_request_wait_end: dev=1, engine=0:0, ctx=30, seqno=1685194, tail=6256
   kworker/u33:1-57411   [007] ..... 11183.422521: intel_plane_update_noarm: dev 0000:00:02.0, pipe A, plane 1A, frame=671576, scanline=639, format=XR30 little-endian (0x30335258), 1920.000000x1080.000000+0.000000+0.000000 -> 1920x1080+0+0
   kworker/u33:1-57411   [007] ...2. 11183.422527: i915_reg_rw: read reg=0x70040, len=4, val=(0xa3f58, 0x0)
   kworker/u33:1-57411   [007] d..3. 11183.422528: i915_reg_rw: read reg=0x70000, len=4, val=(0x27e, 0x0)
   kworker/u33:1-57411   [007] ..... 11183.422533: i915_reg_rw: write reg=0x70188, len=4, val=(0xf, 0x0)
   kworker/u33:1-57411   [007] ..... 11183.422533: i915_reg_rw: write reg=0x7018c, len=4, val=(0x0, 0x0)
   kworker/u33:1-57411   [007] ..... 11183.422534: i915_reg_rw: write reg=0x70190, len=4, val=(0x437077f, 0x0)
   kworker/u33:1-57411   [007] ..... 11183.422534: i915_reg_rw: write reg=0x70240, len=4, val=(0x80000016, 0x0)
   kworker/u33:1-57411   [007] ..... 11183.422534: i915_reg_rw: write reg=0x70244, len=4, val=(0x8000c02b, 0x0)
   kworker/u33:1-57411   [007] ..... 11183.422535: i915_reg_rw: write reg=0x70248, len=4, val=(0x8000c02f, 0x0)
   kworker/u33:1-57411   [007] ..... 11183.422536: i915_reg_rw: write reg=0x7024c, len=4, val=(0x8001003b, 0x0)
   kworker/u33:1-57411   [007] ..... 11183.422536: i915_reg_rw: write reg=0x70250, len=4, val=(0x8001805c, 0x0)
   kworker/u33:1-57411   [007] ..... 11183.422537: i915_reg_rw: write reg=0x70254, len=4, val=(0x8001c06b, 0x0)
   kworker/u33:1-57411   [007] ..... 11183.422538: i915_reg_rw: write reg=0x70258, len=4, val=(0x8001c06b, 0x0)
   kworker/u33:1-57411   [007] ..... 11183.422539: i915_reg_rw: write reg=0x7025c, len=4, val=(0x8002007a, 0x0)
   kworker/u33:1-57411   [007] ..... 11183.422540: i915_reg_rw: write reg=0x70268, len=4, val=(0x0, 0x0)
   kworker/u33:1-57411   [007] ..... 11183.422547: i915_reg_rw: write reg=0x7027c, len=4, val=(0x35b0000, 0x0)
   kworker/u33:1-57411   [007] ..... 11183.422548: i915_reg_rw: write reg=0x70278, len=4, val=(0x0, 0x0)
   kworker/u33:1-57411   [007] d.... 11183.422549: intel_pipe_update_start: dev 0000:00:02.0, pipe A, frame=671576, scanline=641, min=1073, max=1079
   kworker/u33:1-57411   [007] d..2. 11183.422550: i915_reg_rw: read reg=0x70040, len=4, val=(0xa3f58, 0x0)
   kworker/u33:1-57411   [007] d..3. 11183.422550: i915_reg_rw: read reg=0x70000, len=4, val=(0x280, 0x0)
   kworker/u33:1-57411   [007] d..1. 11183.422550: i915_reg_rw: read reg=0x70000, len=4, val=(0x280, 0x0)
   kworker/u33:1-57411   [007] d.... 11183.422551: i915_reg_rw: read reg=0x70040, len=4, val=(0xa3f58, 0x0)
   kworker/u33:1-57411   [007] d.... 11183.422551: intel_pipe_update_vblank_evaded: dev 0000:00:02.0, pipe A, frame=671576, scanline=641, min=1073, max=1079
   kworker/u33:1-57411   [007] d.... 11183.422552: i915_reg_rw: write reg=0x70030, len=4, val=(0x50, 0x0)
   kworker/u33:1-57411   [007] d.... 11183.422553: intel_plane_update_arm: dev 0000:00:02.0, pipe A, plane 1A, frame=671576, scanline=641, format=XR30 little-endian (0x30335258), 1920.000000x1080.000000+0.000000+0.000000 -> 1920x1080+0+0
   kworker/u33:1-57411   [007] d..2. 11183.422553: i915_reg_rw: read reg=0x70040, len=4, val=(0xa3f58, 0x0)
   kworker/u33:1-57411   [007] d..3. 11183.422553: i915_reg_rw: read reg=0x70000, len=4, val=(0x280, 0x0)
   kworker/u33:1-57411   [007] d.... 11183.422554: i915_reg_rw: write reg=0x70194, len=4, val=(0x0, 0x0)
   kworker/u33:1-57411   [007] d.... 11183.422554: i915_reg_rw: write reg=0x70198, len=4, val=(0x0, 0x0)
   kworker/u33:1-57411   [007] d.... 11183.422554: i915_reg_rw: write reg=0x701a0, len=4, val=(0xff000000, 0x0)
   kworker/u33:1-57411   [007] d.... 11183.422555: i915_reg_rw: write reg=0x701a4, len=4, val=(0x0, 0x0)
   kworker/u33:1-57411   [007] d.... 11183.422555: i915_reg_rw: write reg=0x701c0, len=4, val=(0x0, 0x0)
   kworker/u33:1-57411   [007] d.... 11183.422555: i915_reg_rw: write reg=0x701c4, len=4, val=(0x0, 0x0)
   kworker/u33:1-57411   [007] d.... 11183.422556: i915_reg_rw: write reg=0x70180, len=4, val=(0xc2042400, 0x0)
   kworker/u33:1-57411   [007] d.... 11183.422557: i915_reg_rw: write reg=0x7019c, len=4, val=(0x3300000, 0x0)
   kworker/u33:1-57411   [007] d.... 11183.422558: intel_scaler_disable_arm: dev 0000:00:02.0, pipe A, scaler 0, frame=671576, scanline=641
   kworker/u33:1-57411   [007] d..2. 11183.422559: i915_reg_rw: read reg=0x70040, len=4, val=(0xa3f58, 0x0)
   kworker/u33:1-57411   [007] d..3. 11183.422560: i915_reg_rw: read reg=0x70000, len=4, val=(0x280, 0x0)
   kworker/u33:1-57411   [007] d.... 11183.422560: i915_reg_rw: write reg=0x68180, len=4, val=(0x0, 0x0)
   kworker/u33:1-57411   [007] d.... 11183.422561: i915_reg_rw: write reg=0x68170, len=4, val=(0x0, 0x0)
   kworker/u33:1-57411   [007] d.... 11183.422568: i915_reg_rw: write reg=0x68174, len=4, val=(0x0, 0x0)
   kworker/u33:1-57411   [007] d.... 11183.422568: intel_scaler_disable_arm: dev 0000:00:02.0, pipe A, scaler 1, frame=671576, scanline=642
   kworker/u33:1-57411   [007] d..2. 11183.422569: i915_reg_rw: read reg=0x70040, len=4, val=(0xa3f58, 0x0)
   kworker/u33:1-57411   [007] d..3. 11183.422569: i915_reg_rw: read reg=0x70000, len=4, val=(0x281, 0x0)
   kworker/u33:1-57411   [007] d.... 11183.422569: i915_reg_rw: write reg=0x68280, len=4, val=(0x0, 0x0)
   kworker/u33:1-57411   [007] d.... 11183.422570: i915_reg_rw: write reg=0x68270, len=4, val=(0x0, 0x0)
   kworker/u33:1-57411   [007] d.... 11183.422570: i915_reg_rw: write reg=0x68274, len=4, val=(0x0, 0x0)
   kworker/u33:1-57411   [007] d..1. 11183.422570: i915_reg_rw: read reg=0x70000, len=4, val=(0x281, 0x0)
   kworker/u33:1-57411   [007] d.... 11183.422571: i915_reg_rw: read reg=0x70040, len=4, val=(0xa3f58, 0x0)
   kworker/u33:1-57411   [007] d.... 11183.422571: intel_pipe_update_end: dev 0000:00:02.0, pipe A, frame=671576, scanline=642
   kworker/u33:1-57411   [007] d..2. 11183.422572: i915_reg_rw: read reg=0x70040, len=4, val=(0xa3f58, 0x0)
   kworker/u33:1-57411   [007] d..3. 11183.422572: i915_reg_rw: read reg=0x70000, len=4, val=(0x281, 0x0)
   kworker/u33:1-57411   [007] d..2. 11183.422573: i915_reg_rw: read reg=0x70040, len=4, val=(0xa3f58, 0x0)
     kworker/7:0-83001   [007] ..... 11183.422577: i915_request_retire: dev=1, engine=0:0, ctx=30, seqno=1685194, tail=6256
     kworker/7:0-83001   [007] ..... 11183.422577: i915_request_retire: dev=1, engine=0:0, ctx=30, seqno=1685196, tail=6440
     ksoftirqd/7-60      [007] d.H2. 11183.425432: i915_reg_rw: write reg=0x20a8, len=4, val=(0xfffff6f6, 0x0)
     kworker/7:0-83001   [007] ..... 11183.425605: i915_request_retire: dev=1, engine=0:0, ctx=5, seqno=714763, tail=1768
     kworker/7:0-83001   [007] d.h3. 11183.425606: i915_reg_rw: write reg=0x20a8, len=4, val=(0xfffff6f7, 0x0)
     kworker/7:0-83001   [007] ..... 11183.425632: i915_reg_rw: read reg=0x8504, len=4, val=(0xfc004c3, 0x0)
          <idle>-0       [007] d.h1. 11183.429053: i915_reg_rw: read reg=0x44408, len=4, val=(0x1, 0x0)
          <idle>-0       [007] d.h1. 11183.429054: i915_reg_rw: write reg=0x44408, len=4, val=(0x1, 0x0)
          <idle>-0       [007] d.h3. 11183.429058: i915_reg_rw: read reg=0x70040, len=4, val=(0xa3f59, 0x0)
          <idle>-0       [007] d.h4. 11183.429059: i915_reg_rw: read reg=0x70000, len=4, val=(0x43a, 0x0)
          <idle>-0       [007] d.h3. 11183.429060: i915_reg_rw: read reg=0x70040, len=4, val=(0xa3f59, 0x0)
   kworker/u33:1-57411   [007] ..... 11183.429072: intel_frontbuffer_flush: dev 0000:00:02.0, frontbuffer_bits=0x00000001, origin=2
          bobide-73329   [006] ..... 11183.430639: i915_request_queue: dev=1, engine=0:0, ctx=127, seqno=108042, flags=0x0
          bobide-73329   [006] ..... 11183.430641: i915_request_add: dev=1, engine=0:0, ctx=127, seqno=108042, tail=12696
     kworker/7:0-83001   [007] ..... 11183.431604: i915_request_retire: dev=1, engine=0:0, ctx=127, seqno=108042, tail=16008
     ksoftirqd/7-60      [007] d.H2. 11183.434599: i915_reg_rw: write reg=0x20a8, len=4, val=(0xfffff6f6, 0x0)
     kworker/7:0-83001   [007] ..... 11183.434851: i915_request_retire: dev=1, engine=0:0, ctx=5, seqno=714764, tail=1904
     kworker/7:0-83001   [007] d.h3. 11183.434852: i915_reg_rw: write reg=0x20a8, len=4, val=(0xfffff6f7, 0x0)
     kworker/7:0-83001   [007] ..... 11183.434859: i915_reg_rw: read reg=0x8504, len=4, val=(0xfc004c3, 0x0)
     gnome-shell-14986   [006] ..... 11183.438441: i915_request_queue: dev=1, engine=0:0, ctx=30, seqno=1685198, flags=0x0
     gnome-shell-14986   [006] ..... 11183.438442: i915_request_add: dev=1, engine=0:0, ctx=30, seqno=1685198, tail=12328
     gnome-shell-14986   [006] ..... 11183.438610: i915_request_queue: dev=1, engine=0:0, ctx=30, seqno=1685200, flags=0x0
     gnome-shell-14986   [006] ..... 11183.438610: i915_request_add: dev=1, engine=0:0, ctx=30, seqno=1685200, tail=10488
   kworker/u33:1-57411   [000] d.h3. 11183.438801: i915_reg_rw: write reg=0x20a8, len=4, val=(0xfffff6f6, 0x0)
   kworker/u33:1-57411   [000] ..... 11183.438805: i915_request_wait_begin: dev=1, engine=0:0, ctx=30, seqno=1685198, flags=0x2
          bobide-73254   [007] d.h2. 11183.439090: i915_reg_rw: write reg=0x20a8, len=4, val=(0xfffff6f7, 0x0)
   kworker/u33:1-57411   [001] ..... 11183.439119: i915_request_wait_end: dev=1, engine=0:0, ctx=30, seqno=1685198, tail=6624
     kworker/7:0-83001   [007] ..... 11183.439121: i915_request_retire: dev=1, engine=0:0, ctx=30, seqno=1685198, tail=6624
     kworker/7:0-83001   [007] ..... 11183.439122: i915_request_retire: dev=1, engine=0:0, ctx=30, seqno=1685200, tail=6808
   kworker/u33:1-57411   [001] ..... 11183.439128: intel_plane_update_noarm: dev 0000:00:02.0, pipe A, plane 1A, frame=671577, scanline=635, format=XR30 little-endian (0x30335258), 1920.000000x1080.000000+0.000000+0.000000 -> 1920x1080+0+0
   kworker/u33:1-57411   [001] ...2. 11183.439129: i915_reg_rw: read reg=0x70040, len=4, val=(0xa3f59, 0x0)
   kworker/u33:1-57411   [001] d..3. 11183.439130: i915_reg_rw: read reg=0x70000, len=4, val=(0x27a, 0x0)
   kworker/u33:1-57411   [001] ..... 11183.439130: i915_reg_rw: write reg=0x70188, len=4, val=(0xf, 0x0)
   kworker/u33:1-57411   [001] ..... 11183.439131: i915_reg_rw: write reg=0x7018c, len=4, val=(0x0, 0x0)
   kworker/u33:1-57411   [001] ..... 11183.439131: i915_reg_rw: write reg=0x70190, len=4, val=(0x437077f, 0x0)
   kworker/u33:1-57411   [001] ..... 11183.439131: i915_reg_rw: write reg=0x70240, len=4, val=(0x80000016, 0x0)
   kworker/u33:1-57411   [001] ..... 11183.439131: i915_reg_rw: write reg=0x70244, len=4, val=(0x8000c02b, 0x0)
   kworker/u33:1-57411   [001] ..... 11183.439132: i915_reg_rw: write reg=0x70248, len=4, val=(0x8000c02f, 0x0)
   kworker/u33:1-57411   [001] ..... 11183.439132: i915_reg_rw: write reg=0x7024c, len=4, val=(0x8001003b, 0x0)
   kworker/u33:1-57411   [001] ..... 11183.439132: i915_reg_rw: write reg=0x70250, len=4, val=(0x8001805c, 0x0)
   kworker/u33:1-57411   [001] ..... 11183.439133: i915_reg_rw: write reg=0x70254, len=4, val=(0x8001c06b, 0x0)
   kworker/u33:1-57411   [001] ..... 11183.439133: i915_reg_rw: write reg=0x70258, len=4, val=(0x8001c06b, 0x0)
   kworker/u33:1-57411   [001] ..... 11183.439133: i915_reg_rw: write reg=0x7025c, len=4, val=(0x8002007a, 0x0)
   kworker/u33:1-57411   [001] ..... 11183.439133: i915_reg_rw: write reg=0x70268, len=4, val=(0x0, 0x0)
   kworker/u33:1-57411   [001] ..... 11183.439134: i915_reg_rw: write reg=0x7027c, len=4, val=(0x35b0000, 0x0)
   kworker/u33:1-57411   [001] ..... 11183.439134: i915_reg_rw: write reg=0x70278, len=4, val=(0x0, 0x0)
   kworker/u33:1-57411   [001] d.... 11183.439136: intel_pipe_update_start: dev 0000:00:02.0, pipe A, frame=671577, scanline=635, min=1073, max=1079
   kworker/u33:1-57411   [001] d..2. 11183.439136: i915_reg_rw: read reg=0x70040, len=4, val=(0xa3f59, 0x0)
   kworker/u33:1-57411   [001] d..3. 11183.439136: i915_reg_rw: read reg=0x70000, len=4, val=(0x27a, 0x0)
   kworker/u33:1-57411   [001] d..1. 11183.439137: i915_reg_rw: read reg=0x70000, len=4, val=(0x27a, 0x0)
   kworker/u33:1-57411   [001] d.... 11183.439137: i915_reg_rw: read reg=0x70040, len=4, val=(0xa3f59, 0x0)
   kworker/u33:1-57411   [001] d.... 11183.439138: intel_pipe_update_vblank_evaded: dev 0000:00:02.0, pipe A, frame=671577, scanline=635, min=1073, max=1079
   kworker/u33:1-57411   [001] d.... 11183.439138: i915_reg_rw: write reg=0x70030, len=4, val=(0x50, 0x0)
   kworker/u33:1-57411   [001] d.... 11183.439139: intel_plane_update_arm: dev 0000:00:02.0, pipe A, plane 1A, frame=671577, scanline=636, format=XR30 little-endian (0x30335258), 1920.000000x1080.000000+0.000000+0.000000 -> 1920x1080+0+0
   kworker/u33:1-57411   [001] d..2. 11183.439139: i915_reg_rw: read reg=0x70040, len=4, val=(0xa3f59, 0x0)
   kworker/u33:1-57411   [001] d..3. 11183.439140: i915_reg_rw: read reg=0x70000, len=4, val=(0x27b, 0x0)
   kworker/u33:1-57411   [001] d.... 11183.439140: i915_reg_rw: write reg=0x70194, len=4, val=(0x0, 0x0)
   kworker/u33:1-57411   [001] d.... 11183.439140: i915_reg_rw: write reg=0x70198, len=4, val=(0x0, 0x0)
   kworker/u33:1-57411   [001] d.... 11183.439140: i915_reg_rw: write reg=0x701a0, len=4, val=(0xff000000, 0x0)
   kworker/u33:1-57411   [001] d.... 11183.439141: i915_reg_rw: write reg=0x701a4, len=4, val=(0x0, 0x0)
   kworker/u33:1-57411   [001] d.... 11183.439141: i915_reg_rw: write reg=0x701c0, len=4, val=(0x0, 0x0)
   kworker/u33:1-57411   [001] d.... 11183.439141: i915_reg_rw: write reg=0x701c4, len=4, val=(0x0, 0x0)
   kworker/u33:1-57411   [001] d.... 11183.439142: i915_reg_rw: write reg=0x70180, len=4, val=(0xc2042400, 0x0)
   kworker/u33:1-57411   [001] d.... 11183.439142: i915_reg_rw: write reg=0x7019c, len=4, val=(0x1c00000, 0x0)
   kworker/u33:1-57411   [001] d.... 11183.439143: intel_scaler_disable_arm: dev 0000:00:02.0, pipe A, scaler 0, frame=671577, scanline=636
   kworker/u33:1-57411   [001] d..2. 11183.439143: i915_reg_rw: read reg=0x70040, len=4, val=(0xa3f59, 0x0)
   kworker/u33:1-57411   [001] d..3. 11183.439143: i915_reg_rw: read reg=0x70000, len=4, val=(0x27b, 0x0)
   kworker/u33:1-57411   [001] d.... 11183.439143: i915_reg_rw: write reg=0x68180, len=4, val=(0x0, 0x0)
   kworker/u33:1-57411   [001] d.... 11183.439144: i915_reg_rw: write reg=0x68170, len=4, val=(0x0, 0x0)
   kworker/u33:1-57411   [001] d.... 11183.439144: i915_reg_rw: write reg=0x68174, len=4, val=(0x0, 0x0)
   kworker/u33:1-57411   [001] d.... 11183.439144: intel_scaler_disable_arm: dev 0000:00:02.0, pipe A, scaler 1, frame=671577, scanline=636
   kworker/u33:1-57411   [001] d..2. 11183.439144: i915_reg_rw: read reg=0x70040, len=4, val=(0xa3f59, 0x0)
   kworker/u33:1-57411   [001] d..3. 11183.439145: i915_reg_rw: read reg=0x70000, len=4, val=(0x27b, 0x0)
   kworker/u33:1-57411   [001] d.... 11183.439145: i915_reg_rw: write reg=0x68280, len=4, val=(0x0, 0x0)
   kworker/u33:1-57411   [001] d.... 11183.439145: i915_reg_rw: write reg=0x68270, len=4, val=(0x0, 0x0)
   kworker/u33:1-57411   [001] d.... 11183.439145: i915_reg_rw: write reg=0x68274, len=4, val=(0x0, 0x0)
   kworker/u33:1-57411   [001] d..1. 11183.439146: i915_reg_rw: read reg=0x70000, len=4, val=(0x27b, 0x0)
   kworker/u33:1-57411   [001] d.... 11183.439146: i915_reg_rw: read reg=0x70040, len=4, val=(0xa3f59, 0x0)
   kworker/u33:1-57411   [001] d.... 11183.439147: intel_pipe_update_end: dev 0000:00:02.0, pipe A, frame=671577, scanline=636
   kworker/u33:1-57411   [001] d..2. 11183.439147: i915_reg_rw: read reg=0x70040, len=4, val=(0xa3f59, 0x0)
   kworker/u33:1-57411   [001] d..3. 11183.439148: i915_reg_rw: read reg=0x70000, len=4, val=(0x27b, 0x0)
   kworker/u33:1-57411   [001] d..2. 11183.439148: i915_reg_rw: read reg=0x70040, len=4, val=(0xa3f59, 0x0)
     ksoftirqd/7-60      [007] d.H2. 11183.441475: i915_reg_rw: write reg=0x20a8, len=4, val=(0xfffff6f6, 0x0)
     kworker/7:0-83001   [007] ..... 11183.441673: i915_request_retire: dev=1, engine=0:0, ctx=5, seqno=714765, tail=2040
     kworker/7:0-83001   [007] d.h3. 11183.441675: i915_reg_rw: write reg=0x20a8, len=4, val=(0xfffff6f7, 0x0)
     kworker/7:0-83001   [007] ..... 11183.441680: i915_reg_rw: read reg=0x8504, len=4, val=(0xfc004c3, 0x0)
          <idle>-0       [007] d.h1. 11183.445677: i915_reg_rw: read reg=0x44408, len=4, val=(0x1, 0x0)
          <idle>-0       [007] d.h1. 11183.445678: i915_reg_rw: write reg=0x44408, len=4, val=(0x1, 0x0)
          <idle>-0       [007] d.h3. 11183.445679: i915_reg_rw: read reg=0x70040, len=4, val=(0xa3f5a, 0x0)
          <idle>-0       [007] d.h4. 11183.445679: i915_reg_rw: read reg=0x70000, len=4, val=(0x437, 0x0)
          <idle>-0       [007] d.h3. 11183.445680: i915_reg_rw: read reg=0x70040, len=4, val=(0xa3f5a, 0x0)
   kworker/u33:1-57411   [001] ..... 11183.445724: intel_frontbuffer_flush: dev 0000:00:02.0, frontbuffer_bits=0x00000001, origin=2
          bobide-73329   [006] ..... 11183.447217: i915_request_queue: dev=1, engine=0:0, ctx=127, seqno=108044, flags=0x0
          bobide-73329   [006] ..... 11183.447219: i915_request_add: dev=1, engine=0:0, ctx=127, seqno=108044, tail=13984
          bobide-73329   [006] d.h3. 11183.447478: i915_reg_rw: write reg=0x20a8, len=4, val=(0xfffff6f6, 0x0)
     kworker/7:0-83001   [007] ..... 11183.448154: i915_request_retire: dev=1, engine=0:0, ctx=127, seqno=108044, tail=16192
     kworker/7:0-83001   [007] ..... 11183.450869: i915_request_retire: dev=1, engine=0:0, ctx=5, seqno=714766, tail=2176
     kworker/7:0-83001   [007] d.h3. 11183.450871: i915_reg_rw: write reg=0x20a8, len=4, val=(0xfffff6f7, 0x0)
     kworker/7:0-83001   [007] ..... 11183.450880: i915_reg_rw: read reg=0x8504, len=4, val=(0xfc004c3, 0x0)
     gnome-shell-14986   [006] ..... 11183.455034: i915_request_queue: dev=1, engine=0:0, ctx=30, seqno=1685202, flags=0x0
     gnome-shell-14986   [006] ..... 11183.455034: i915_request_add: dev=1, engine=0:0, ctx=30, seqno=1685202, tail=7912
     gnome-shell-14986   [006] ..... 11183.455193: i915_request_queue: dev=1, engine=0:0, ctx=30, seqno=1685204, flags=0x0
     gnome-shell-14986   [006] ..... 11183.455193: i915_request_add: dev=1, engine=0:0, ctx=30, seqno=1685204, tail=11960
   kworker/u33:1-57411   [001] d.h3. 11183.455357: i915_reg_rw: write reg=0x20a8, len=4, val=(0xfffff6f6, 0x0)
   kworker/u33:1-57411   [001] ..... 11183.455360: i915_request_wait_begin: dev=1, engine=0:0, ctx=30, seqno=1685202, flags=0x2
          <idle>-0       [007] d.h3. 11183.455707: i915_reg_rw: write reg=0x20a8, len=4, val=(0xfffff6f7, 0x0)
   kworker/u33:1-57411   [001] ..... 11183.455733: i915_request_wait_end: dev=1, engine=0:0, ctx=30, seqno=1685202, tail=6992
   kworker/u33:1-57411   [001] ..... 11183.455762: intel_plane_update_noarm: dev 0000:00:02.0, pipe A, plane 1A, frame=671578, scanline=633, format=XR30 little-endian (0x30335258), 1920.000000x1080.000000+0.000000+0.000000 -> 1920x1080+0+0
   kworker/u33:1-57411   [001] ...2. 11183.455763: i915_reg_rw: read reg=0x70040, len=4, val=(0xa3f5a, 0x0)
   kworker/u33:1-57411   [001] d..3. 11183.455763: i915_reg_rw: read reg=0x70000, len=4, val=(0x278, 0x0)
   kworker/u33:1-57411   [001] ..... 11183.455764: i915_reg_rw: write reg=0x70188, len=4, val=(0xf, 0x0)
   kworker/u33:1-57411   [001] ..... 11183.455764: i915_reg_rw: write reg=0x7018c, len=4, val=(0x0, 0x0)
   kworker/u33:1-57411   [001] ..... 11183.455765: i915_reg_rw: write reg=0x70190, len=4, val=(0x437077f, 0x0)
   kworker/u33:1-57411   [001] ..... 11183.455765: i915_reg_rw: write reg=0x70240, len=4, val=(0x80000016, 0x0)
   kworker/u33:1-57411   [001] ..... 11183.455765: i915_reg_rw: write reg=0x70244, len=4, val=(0x8000c02b, 0x0)
   kworker/u33:1-57411   [001] ..... 11183.455766: i915_reg_rw: write reg=0x70248, len=4, val=(0x8000c02f, 0x0)
   kworker/u33:1-57411   [001] ..... 11183.455766: i915_reg_rw: write reg=0x7024c, len=4, val=(0x8001003b, 0x0)
   kworker/u33:1-57411   [001] ..... 11183.455766: i915_reg_rw: write reg=0x70250, len=4, val=(0x8001805c, 0x0)
   kworker/u33:1-57411   [001] ..... 11183.455766: i915_reg_rw: write reg=0x70254, len=4, val=(0x8001c06b, 0x0)
   kworker/u33:1-57411   [001] ..... 11183.455767: i915_reg_rw: write reg=0x70258, len=4, val=(0x8001c06b, 0x0)
   kworker/u33:1-57411   [001] ..... 11183.455767: i915_reg_rw: write reg=0x7025c, len=4, val=(0x8002007a, 0x0)
   kworker/u33:1-57411   [001] ..... 11183.455767: i915_reg_rw: write reg=0x70268, len=4, val=(0x0, 0x0)
   kworker/u33:1-57411   [001] ..... 11183.455768: i915_reg_rw: write reg=0x7027c, len=4, val=(0x35b0000, 0x0)
   kworker/u33:1-57411   [001] ..... 11183.455768: i915_reg_rw: write reg=0x70278, len=4, val=(0x0, 0x0)
   kworker/u33:1-57411   [001] d.... 11183.455770: intel_pipe_update_start: dev 0000:00:02.0, pipe A, frame=671578, scanline=633, min=1073, max=1079
   kworker/u33:1-57411   [001] d..2. 11183.455770: i915_reg_rw: read reg=0x70040, len=4, val=(0xa3f5a, 0x0)
   kworker/u33:1-57411   [001] d..3. 11183.455770: i915_reg_rw: read reg=0x70000, len=4, val=(0x278, 0x0)
   kworker/u33:1-57411   [001] d..1. 11183.455771: i915_reg_rw: read reg=0x70000, len=4, val=(0x278, 0x0)
     kworker/7:0-83001   [007] ..... 11183.455771: i915_request_retire: dev=1, engine=0:0, ctx=30, seqno=1685202, tail=6992
   kworker/u33:1-57411   [001] d.... 11183.455771: i915_reg_rw: read reg=0x70040, len=4, val=(0xa3f5a, 0x0)
   kworker/u33:1-57411   [001] d.... 11183.455771: intel_pipe_update_vblank_evaded: dev 0000:00:02.0, pipe A, frame=671578, scanline=633, min=1073, max=1079
     kworker/7:0-83001   [007] ..... 11183.455772: i915_request_retire: dev=1, engine=0:0, ctx=30, seqno=1685204, tail=7176
   kworker/u33:1-57411   [001] d.... 11183.455772: i915_reg_rw: write reg=0x70030, len=4, val=(0x50, 0x0)
   kworker/u33:1-57411   [001] d.... 11183.455773: intel_plane_update_arm: dev 0000:00:02.0, pipe A, plane 1A, frame=671578, scanline=633, format=XR30 little-endian (0x30335258), 1920.000000x1080.000000+0.000000+0.000000 -> 1920x1080+0+0
   kworker/u33:1-57411   [001] d..2. 11183.455773: i915_reg_rw: read reg=0x70040, len=4, val=(0xa3f5a, 0x0)
   kworker/u33:1-57411   [001] d..3. 11183.455773: i915_reg_rw: read reg=0x70000, len=4, val=(0x278, 0x0)
   kworker/u33:1-57411   [001] d.... 11183.455774: i915_reg_rw: write reg=0x70194, len=4, val=(0x0, 0x0)
   kworker/u33:1-57411   [001] d.... 11183.455774: i915_reg_rw: write reg=0x70198, len=4, val=(0x0, 0x0)
   kworker/u33:1-57411   [001] d.... 11183.455774: i915_reg_rw: write reg=0x701a0, len=4, val=(0xff000000, 0x0)
   kworker/u33:1-57411   [001] d.... 11183.455774: i915_reg_rw: write reg=0x701a4, len=4, val=(0x0, 0x0)
   kworker/u33:1-57411   [001] d.... 11183.455775: i915_reg_rw: write reg=0x701c0, len=4, val=(0x0, 0x0)
   kworker/u33:1-57411   [001] d.... 11183.455775: i915_reg_rw: write reg=0x701c4, len=4, val=(0x0, 0x0)
   kworker/u33:1-57411   [001] d.... 11183.455775: i915_reg_rw: write reg=0x70180, len=4, val=(0xc2042400, 0x0)
   kworker/u33:1-57411   [001] d.... 11183.455775: i915_reg_rw: write reg=0x7019c, len=4, val=(0x25c0000, 0x0)
   kworker/u33:1-57411   [001] d.... 11183.455776: intel_scaler_disable_arm: dev 0000:00:02.0, pipe A, scaler 0, frame=671578, scanline=634
   kworker/u33:1-57411   [001] d..2. 11183.455776: i915_reg_rw: read reg=0x70040, len=4, val=(0xa3f5a, 0x0)
   kworker/u33:1-57411   [001] d..3. 11183.455776: i915_reg_rw: read reg=0x70000, len=4, val=(0x279, 0x0)
   kworker/u33:1-57411   [001] d.... 11183.455777: i915_reg_rw: write reg=0x68180, len=4, val=(0x0, 0x0)
   kworker/u33:1-57411   [001] d.... 11183.455777: i915_reg_rw: write reg=0x68170, len=4, val=(0x0, 0x0)
   kworker/u33:1-57411   [001] d.... 11183.455777: i915_reg_rw: write reg=0x68174, len=4, val=(0x0, 0x0)
   kworker/u33:1-57411   [001] d.... 11183.455777: intel_scaler_disable_arm: dev 0000:00:02.0, pipe A, scaler 1, frame=671578, scanline=634
   kworker/u33:1-57411   [001] d..2. 11183.455778: i915_reg_rw: read reg=0x70040, len=4, val=(0xa3f5a, 0x0)
   kworker/u33:1-57411   [001] d..3. 11183.455778: i915_reg_rw: read reg=0x70000, len=4, val=(0x279, 0x0)
   kworker/u33:1-57411   [001] d.... 11183.455778: i915_reg_rw: write reg=0x68280, len=4, val=(0x0, 0x0)
   kworker/u33:1-57411   [001] d.... 11183.455778: i915_reg_rw: write reg=0x68270, len=4, val=(0x0, 0x0)
   kworker/u33:1-57411   [001] d.... 11183.455778: i915_reg_rw: write reg=0x68274, len=4, val=(0x0, 0x0)
   kworker/u33:1-57411   [001] d..1. 11183.455779: i915_reg_rw: read reg=0x70000, len=4, val=(0x279, 0x0)
   kworker/u33:1-57411   [001] d.... 11183.455779: i915_reg_rw: read reg=0x70040, len=4, val=(0xa3f5a, 0x0)
   kworker/u33:1-57411   [001] d.... 11183.455780: intel_pipe_update_end: dev 0000:00:02.0, pipe A, frame=671578, scanline=634
   kworker/u33:1-57411   [001] d..2. 11183.455780: i915_reg_rw: read reg=0x70040, len=4, val=(0xa3f5a, 0x0)
   kworker/u33:1-57411   [001] d..3. 11183.455781: i915_reg_rw: read reg=0x70000, len=4, val=(0x279, 0x0)
   kworker/u33:1-57411   [001] d..2. 11183.455781: i915_reg_rw: read reg=0x70040, len=4, val=(0xa3f5a, 0x0)
     ksoftirqd/7-60      [007] d.H2. 11183.459444: i915_reg_rw: write reg=0x20a8, len=4, val=(0xfffff6f6, 0x0)
     kworker/7:0-83001   [007] ..... 11183.459629: i915_request_retire: dev=1, engine=0:0, ctx=5, seqno=714767, tail=2312
     kworker/7:0-83001   [007] d.h3. 11183.459631: i915_reg_rw: write reg=0x20a8, len=4, val=(0xfffff6f7, 0x0)
     kworker/7:0-83001   [007] ..... 11183.459656: i915_reg_rw: read reg=0x8504, len=4, val=(0xfc004c3, 0x0)
          <idle>-0       [007] d.h1. 11183.462376: i915_reg_rw: read reg=0x44408, len=4, val=(0x1, 0x0)
          <idle>-0       [007] d.h1. 11183.462379: i915_reg_rw: write reg=0x44408, len=4, val=(0x1, 0x0)
          <idle>-0       [007] d.h3. 11183.462383: i915_reg_rw: read reg=0x70040, len=4, val=(0xa3f5b, 0x0)
          <idle>-0       [007] d.h4. 11183.462386: i915_reg_rw: read reg=0x70000, len=4, val=(0x43a, 0x0)
          <idle>-0       [007] d.h3. 11183.462386: i915_reg_rw: read reg=0x70040, len=4, val=(0xa3f5b, 0x0)
   kworker/u33:1-57411   [001] ..... 11183.462394: intel_frontbuffer_flush: dev 0000:00:02.0, frontbuffer_bits=0x00000001, origin=2
          bobide-73329   [006] ..... 11183.463948: i915_request_queue: dev=1, engine=0:0, ctx=127, seqno=108046, flags=0x0
          bobide-73329   [006] ..... 11183.463956: i915_request_add: dev=1, engine=0:0, ctx=127, seqno=108046, tail=11592
     kworker/7:0-83001   [007] ..... 11183.465056: i915_request_retire: dev=1, engine=0:0, ctx=127, seqno=108046, tail=16376
     ksoftirqd/7-60      [007] d.H2. 11183.468438: i915_reg_rw: write reg=0x20a8, len=4, val=(0xfffff6f6, 0x0)
     kworker/7:0-83001   [007] ..... 11183.468624: i915_request_retire: dev=1, engine=0:0, ctx=5, seqno=714768, tail=2448
     kworker/7:0-83001   [007] d.h3. 11183.468626: i915_reg_rw: write reg=0x20a8, len=4, val=(0xfffff6f7, 0x0)
     kworker/7:0-83001   [007] ..... 11183.468651: i915_reg_rw: read reg=0x8504, len=4, val=(0xfc004c3, 0x0)
     gnome-shell-14986   [006] ..... 11183.471849: i915_request_queue: dev=1, engine=0:0, ctx=30, seqno=1685206, flags=0x0
     gnome-shell-14986   [006] ..... 11183.471850: i915_request_add: dev=1, engine=0:0, ctx=30, seqno=1685206, tail=11224
     gnome-shell-14986   [006] ..... 11183.471991: i915_request_queue: dev=1, engine=0:0, ctx=30, seqno=1685208, flags=0x0
     gnome-shell-14986   [006] ..... 11183.471991: i915_request_add: dev=1, engine=0:0, ctx=30, seqno=1685208, tail=6808
   kworker/u33:1-57411   [001] d.h3. 11183.472197: i915_reg_rw: write reg=0x20a8, len=4, val=(0xfffff6f6, 0x0)
   kworker/u33:1-57411   [001] ..... 11183.472203: i915_request_wait_begin: dev=1, engine=0:0, ctx=30, seqno=1685206, flags=0x2
          <idle>-0       [007] d.H3. 11183.472529: i915_reg_rw: write reg=0x20a8, len=4, val=(0xfffff6f7, 0x0)
     kworker/7:0-83001   [007] ..... 11183.472537: i915_request_retire: dev=1, engine=0:0, ctx=30, seqno=1685206, tail=7360
     kworker/7:0-83001   [007] ..... 11183.472537: i915_request_retire: dev=1, engine=0:0, ctx=30, seqno=1685208, tail=7544
   kworker/u33:1-57411   [001] ..... 11183.472560: i915_request_wait_end: dev=1, engine=0:0, ctx=30, seqno=1685206, tail=7360
   kworker/u33:1-57411   [001] ..... 11183.472568: intel_plane_update_noarm: dev 0000:00:02.0, pipe A, plane 1A, frame=671579, scanline=642, format=XR30 little-endian (0x30335258), 1920.000000x1080.000000+0.000000+0.000000 -> 1920x1080+0+0
   kworker/u33:1-57411   [001] ...2. 11183.472569: i915_reg_rw: read reg=0x70040, len=4, val=(0xa3f5b, 0x0)
   kworker/u33:1-57411   [001] d..3. 11183.472570: i915_reg_rw: read reg=0x70000, len=4, val=(0x281, 0x0)
   kworker/u33:1-57411   [001] ..... 11183.472570: i915_reg_rw: write reg=0x70188, len=4, val=(0xf, 0x0)
   kworker/u33:1-57411   [001] ..... 11183.472571: i915_reg_rw: write reg=0x7018c, len=4, val=(0x0, 0x0)
   kworker/u33:1-57411   [001] ..... 11183.472571: i915_reg_rw: write reg=0x70190, len=4, val=(0x437077f, 0x0)
   kworker/u33:1-57411   [001] ..... 11183.472571: i915_reg_rw: write reg=0x70240, len=4, val=(0x80000016, 0x0)
   kworker/u33:1-57411   [001] ..... 11183.472572: i915_reg_rw: write reg=0x70244, len=4, val=(0x8000c02b, 0x0)
   kworker/u33:1-57411   [001] ..... 11183.472572: i915_reg_rw: write reg=0x70248, len=4, val=(0x8000c02f, 0x0)
   kworker/u33:1-57411   [001] ..... 11183.472572: i915_reg_rw: write reg=0x7024c, len=4, val=(0x8001003b, 0x0)
   kworker/u33:1-57411   [001] ..... 11183.472573: i915_reg_rw: write reg=0x70250, len=4, val=(0x8001805c, 0x0)
   kworker/u33:1-57411   [001] ..... 11183.472573: i915_reg_rw: write reg=0x70254, len=4, val=(0x8001c06b, 0x0)
   kworker/u33:1-57411   [001] ..... 11183.472573: i915_reg_rw: write reg=0x70258, len=4, val=(0x8001c06b, 0x0)
   kworker/u33:1-57411   [001] ..... 11183.472573: i915_reg_rw: write reg=0x7025c, len=4, val=(0x8002007a, 0x0)
   kworker/u33:1-57411   [001] ..... 11183.472574: i915_reg_rw: write reg=0x70268, len=4, val=(0x0, 0x0)
   kworker/u33:1-57411   [001] ..... 11183.472574: i915_reg_rw: write reg=0x7027c, len=4, val=(0x35b0000, 0x0)
   kworker/u33:1-57411   [001] ..... 11183.472574: i915_reg_rw: write reg=0x70278, len=4, val=(0x0, 0x0)
   kworker/u33:1-57411   [001] ..... 11183.472575: intel_plane_update_noarm: dev 0000:00:02.0, pipe A, cursor A, frame=671579, scanline=643, format=AR24 little-endian (0x34325241), 256.000000x256.000000+0.000000+0.000000 -> 256x256+1432+871
   kworker/u33:1-57411   [001] ...2. 11183.472575: i915_reg_rw: read reg=0x70040, len=4, val=(0xa3f5b, 0x0)
   kworker/u33:1-57411   [001] d..3. 11183.472575: i915_reg_rw: read reg=0x70000, len=4, val=(0x282, 0x0)
   kworker/u33:1-57411   [001] d.... 11183.472577: intel_pipe_update_start: dev 0000:00:02.0, pipe A, frame=671579, scanline=643, min=1073, max=1079
   kworker/u33:1-57411   [001] d..2. 11183.472577: i915_reg_rw: read reg=0x70040, len=4, val=(0xa3f5b, 0x0)
   kworker/u33:1-57411   [001] d..3. 11183.472577: i915_reg_rw: read reg=0x70000, len=4, val=(0x282, 0x0)
   kworker/u33:1-57411   [001] d..1. 11183.472578: i915_reg_rw: read reg=0x70000, len=4, val=(0x282, 0x0)
   kworker/u33:1-57411   [001] d.... 11183.472578: i915_reg_rw: read reg=0x70040, len=4, val=(0xa3f5b, 0x0)
   kworker/u33:1-57411   [001] d.... 11183.472579: intel_pipe_update_vblank_evaded: dev 0000:00:02.0, pipe A, frame=671579, scanline=643, min=1073, max=1079
   kworker/u33:1-57411   [001] d.... 11183.472579: i915_reg_rw: write reg=0x70030, len=4, val=(0x50, 0x0)
   kworker/u33:1-57411   [001] d.... 11183.472580: intel_plane_update_arm: dev 0000:00:02.0, pipe A, plane 1A, frame=671579, scanline=643, format=XR30 little-endian (0x30335258), 1920.000000x1080.000000+0.000000+0.000000 -> 1920x1080+0+0
   kworker/u33:1-57411   [001] d..2. 11183.472580: i915_reg_rw: read reg=0x70040, len=4, val=(0xa3f5b, 0x0)
   kworker/u33:1-57411   [001] d..3. 11183.472581: i915_reg_rw: read reg=0x70000, len=4, val=(0x282, 0x0)
   kworker/u33:1-57411   [001] d.... 11183.472581: i915_reg_rw: write reg=0x70194, len=4, val=(0x0, 0x0)
   kworker/u33:1-57411   [001] d.... 11183.472581: i915_reg_rw: write reg=0x70198, len=4, val=(0x0, 0x0)
   kworker/u33:1-57411   [001] d.... 11183.472582: i915_reg_rw: write reg=0x701a0, len=4, val=(0xff000000, 0x0)
   kworker/u33:1-57411   [001] d.... 11183.472582: i915_reg_rw: write reg=0x701a4, len=4, val=(0x0, 0x0)
   kworker/u33:1-57411   [001] d.... 11183.472582: i915_reg_rw: write reg=0x701c0, len=4, val=(0x0, 0x0)
   kworker/u33:1-57411   [001] d.... 11183.472582: i915_reg_rw: write reg=0x701c4, len=4, val=(0x0, 0x0)
   kworker/u33:1-57411   [001] d.... 11183.472583: i915_reg_rw: write reg=0x70180, len=4, val=(0xc2042400, 0x0)
   kworker/u33:1-57411   [001] d.... 11183.472583: i915_reg_rw: write reg=0x7019c, len=4, val=(0x3300000, 0x0)
   kworker/u33:1-57411   [001] d.... 11183.472583: intel_plane_update_arm: dev 0000:00:02.0, pipe A, cursor A, frame=671579, scanline=643, format=AR24 little-endian (0x34325241), 256.000000x256.000000+0.000000+0.000000 -> 256x256+1432+871
   kworker/u33:1-57411   [001] d..2. 11183.472584: i915_reg_rw: read reg=0x70040, len=4, val=(0xa3f5b, 0x0)
   kworker/u33:1-57411   [001] d..3. 11183.472584: i915_reg_rw: read reg=0x70000, len=4, val=(0x282, 0x0)
   kworker/u33:1-57411   [001] d.... 11183.472585: i915_reg_rw: write reg=0x70140, len=4, val=(0x80000004, 0x0)
   kworker/u33:1-57411   [001] d.... 11183.472585: i915_reg_rw: write reg=0x70144, len=4, val=(0x80008008, 0x0)
   kworker/u33:1-57411   [001] d.... 11183.472585: i915_reg_rw: write reg=0x70148, len=4, val=(0x80008008, 0x0)
   kworker/u33:1-57411   [001] d.... 11183.472585: i915_reg_rw: write reg=0x7014c, len=4, val=(0x8000c00b, 0x0)
   kworker/u33:1-57411   [001] d.... 11183.472586: i915_reg_rw: write reg=0x70150, len=4, val=(0x80014011, 0x0)
   kworker/u33:1-57411   [001] d.... 11183.472586: i915_reg_rw: write reg=0x70154, len=4, val=(0x80018014, 0x0)
   kworker/u33:1-57411   [001] d.... 11183.472586: i915_reg_rw: write reg=0x70158, len=4, val=(0x80018014, 0x0)
   kworker/u33:1-57411   [001] d.... 11183.472586: i915_reg_rw: write reg=0x7015c, len=4, val=(0x8001c017, 0x0)
   kworker/u33:1-57411   [001] d.... 11183.472587: i915_reg_rw: write reg=0x70168, len=4, val=(0x0, 0x0)
   kworker/u33:1-57411   [001] d.... 11183.472587: i915_reg_rw: write reg=0x7017c, len=4, val=(0x37b035c, 0x0)
   kworker/u33:1-57411   [001] d.... 11183.472587: i915_reg_rw: write reg=0x70088, len=4, val=(0x3670598, 0x0)
   kworker/u33:1-57411   [001] d.... 11183.472588: i915_reg_rw: write reg=0x70084, len=4, val=(0x3140000, 0x0)
   kworker/u33:1-57411   [001] d.... 11183.472588: intel_scaler_disable_arm: dev 0000:00:02.0, pipe A, scaler 0, frame=671579, scanline=644
   kworker/u33:1-57411   [001] d..2. 11183.472589: i915_reg_rw: read reg=0x70040, len=4, val=(0xa3f5b, 0x0)
   kworker/u33:1-57411   [001] d..3. 11183.472589: i915_reg_rw: read reg=0x70000, len=4, val=(0x283, 0x0)
   kworker/u33:1-57411   [001] d.... 11183.472589: i915_reg_rw: write reg=0x68180, len=4, val=(0x0, 0x0)
   kworker/u33:1-57411   [001] d.... 11183.472589: i915_reg_rw: write reg=0x68170, len=4, val=(0x0, 0x0)
   kworker/u33:1-57411   [001] d.... 11183.472590: i915_reg_rw: write reg=0x68174, len=4, val=(0x0, 0x0)
   kworker/u33:1-57411   [001] d.... 11183.472590: intel_scaler_disable_arm: dev 0000:00:02.0, pipe A, scaler 1, frame=671579, scanline=644
   kworker/u33:1-57411   [001] d..2. 11183.472590: i915_reg_rw: read reg=0x70040, len=4, val=(0xa3f5b, 0x0)
   kworker/u33:1-57411   [001] d..3. 11183.472590: i915_reg_rw: read reg=0x70000, len=4, val=(0x283, 0x0)
   kworker/u33:1-57411   [001] d.... 11183.472591: i915_reg_rw: write reg=0x68280, len=4, val=(0x0, 0x0)
   kworker/u33:1-57411   [001] d.... 11183.472591: i915_reg_rw: write reg=0x68270, len=4, val=(0x0, 0x0)
   kworker/u33:1-57411   [001] d.... 11183.472591: i915_reg_rw: write reg=0x68274, len=4, val=(0x0, 0x0)
   kworker/u33:1-57411   [001] d..1. 11183.472592: i915_reg_rw: read reg=0x70000, len=4, val=(0x283, 0x0)
   kworker/u33:1-57411   [001] d.... 11183.472592: i915_reg_rw: read reg=0x70040, len=4, val=(0xa3f5b, 0x0)
   kworker/u33:1-57411   [001] d.... 11183.472592: intel_pipe_update_end: dev 0000:00:02.0, pipe A, frame=671579, scanline=644
   kworker/u33:1-57411   [001] d..2. 11183.472593: i915_reg_rw: read reg=0x70040, len=4, val=(0xa3f5b, 0x0)
   kworker/u33:1-57411   [001] d..3. 11183.472594: i915_reg_rw: read reg=0x70000, len=4, val=(0x283, 0x0)
   kworker/u33:1-57411   [001] d..2. 11183.472594: i915_reg_rw: read reg=0x70040, len=4, val=(0xa3f5b, 0x0)
     ksoftirqd/7-60      [007] d.H2. 11183.475445: i915_reg_rw: write reg=0x20a8, len=4, val=(0xfffff6f6, 0x0)
     kworker/7:0-83001   [007] ..... 11183.475617: i915_request_retire: dev=1, engine=0:0, ctx=5, seqno=714769, tail=2584
     kworker/7:0-83001   [007] d.h3. 11183.475619: i915_reg_rw: write reg=0x20a8, len=4, val=(0xfffff6f7, 0x0)
     kworker/7:0-83001   [007] ..... 11183.475644: i915_reg_rw: read reg=0x8504, len=4, val=(0xfc004c3, 0x0)
          <idle>-0       [007] d.h1. 11183.479011: i915_reg_rw: read reg=0x44408, len=4, val=(0x1, 0x0)
          <idle>-0       [007] d.h1. 11183.479013: i915_reg_rw: write reg=0x44408, len=4, val=(0x1, 0x0)
          <idle>-0       [007] d.h3. 11183.479015: i915_reg_rw: read reg=0x70040, len=4, val=(0xa3f5c, 0x0)
          <idle>-0       [007] d.h4. 11183.479016: i915_reg_rw: read reg=0x70000, len=4, val=(0x437, 0x0)
          <idle>-0       [007] d.h3. 11183.479017: i915_reg_rw: read reg=0x70040, len=4, val=(0xa3f5c, 0x0)
   kworker/u33:1-57411   [001] ..... 11183.479064: intel_frontbuffer_flush: dev 0000:00:02.0, frontbuffer_bits=0x00000081, origin=2
          bobide-73329   [006] ..... 11183.480779: i915_request_queue: dev=1, engine=0:0, ctx=127, seqno=108048, flags=0x0
          bobide-73329   [006] ..... 11183.480781: i915_request_add: dev=1, engine=0:0, ctx=127, seqno=108048, tail=10856
     gnome-shell-14986   [006] ..... 11183.481294: i915_gem_object_create: obj=00000000c76f55bd, size=0x40000
     kworker/7:0-83001   [007] ..... 11183.481811: i915_request_retire: dev=1, engine=0:0, ctx=127, seqno=108048, tail=184
     gnome-shell-14986   [006] ..... 11183.481846: i915_gem_object_create: obj=0000000073eb964b, size=0x40000
   kworker/u32:0-81701   [007] ..... 11183.482123: i915_gem_object_destroy: obj=00000000c76f55bd
     ksoftirqd/7-60      [007] d.H2. 11183.485585: i915_reg_rw: write reg=0x20a8, len=4, val=(0xfffff6f6, 0x0)
     kworker/7:0-83001   [007] ..... 11183.485794: i915_request_retire: dev=1, engine=0:0, ctx=5, seqno=714770, tail=2720
     kworker/7:0-83001   [007] d.h3. 11183.485801: i915_reg_rw: write reg=0x20a8, len=4, val=(0xfffff6f7, 0x0)
     kworker/7:0-83001   [007] ..... 11183.485820: i915_reg_rw: read reg=0x8504, len=4, val=(0xfc004c3, 0x0)
     gnome-shell-14986   [005] ..... 11183.489407: i915_request_queue: dev=1, engine=0:0, ctx=30, seqno=1685210, flags=0x0
     gnome-shell-14986   [005] ..... 11183.489411: i915_request_add: dev=1, engine=0:0, ctx=30, seqno=1685210, tail=3680
     gnome-shell-14986   [005] ..... 11183.489668: i915_request_queue: dev=1, engine=0:0, ctx=30, seqno=1685212, flags=0x0
     gnome-shell-14986   [005] ..... 11183.489670: i915_request_add: dev=1, engine=0:0, ctx=30, seqno=1685212, tail=3864
     kworker/7:0-83001   [007] ..... 11183.490241: i915_request_retire: dev=1, engine=0:0, ctx=30, seqno=1685210, tail=7728
     kworker/7:0-83001   [007] ..... 11183.490264: i915_request_retire: dev=1, engine=0:0, ctx=30, seqno=1685212, tail=7912
      KMS thread-15056   [003] ..... 11183.490296: i915_vma_bind: obj=0000000073eb964b, offset=0x0000000002ec0000 size=0x1c0000 vm=000000006079050a
      KMS thread-15056   [003] ..... 11183.490306: i915_gem_object_clflush: obj=0000000073eb964b
   kworker/u32:0-81701   [007] ..... 11183.490366: intel_frontbuffer_flush: dev 0000:00:02.0, frontbuffer_bits=0x00000080, origin=0
   kworker/u33:1-57411   [001] ..... 11183.490413: intel_plane_update_noarm: dev 0000:00:02.0, pipe A, plane 1A, frame=671580, scanline=723, format=XR30 little-endian (0x30335258), 1920.000000x1080.000000+0.000000+0.000000 -> 1920x1080+0+0
   kworker/u33:1-57411   [001] ...2. 11183.490417: i915_reg_rw: read reg=0x70040, len=4, val=(0xa3f5c, 0x0)
   kworker/u33:1-57411   [001] d..3. 11183.490419: i915_reg_rw: read reg=0x70000, len=4, val=(0x2d2, 0x0)
   kworker/u33:1-57411   [001] ..... 11183.490436: i915_reg_rw: write reg=0x70188, len=4, val=(0xf, 0x0)
   kworker/u33:1-57411   [001] ..... 11183.490438: i915_reg_rw: write reg=0x7018c, len=4, val=(0x0, 0x0)
   kworker/u33:1-57411   [001] ..... 11183.490439: i915_reg_rw: write reg=0x70190, len=4, val=(0x437077f, 0x0)
   kworker/u33:1-57411   [001] ..... 11183.490440: i915_reg_rw: write reg=0x70240, len=4, val=(0x80000016, 0x0)
   kworker/u33:1-57411   [001] ..... 11183.490442: i915_reg_rw: write reg=0x70244, len=4, val=(0x8000c02b, 0x0)
   kworker/u33:1-57411   [001] ..... 11183.490443: i915_reg_rw: write reg=0x70248, len=4, val=(0x8000c02f, 0x0)
   kworker/u33:1-57411   [001] ..... 11183.490444: i915_reg_rw: write reg=0x7024c, len=4, val=(0x8001003b, 0x0)
   kworker/u33:1-57411   [001] ..... 11183.490445: i915_reg_rw: write reg=0x70250, len=4, val=(0x8001805c, 0x0)
   kworker/u33:1-57411   [001] ..... 11183.490446: i915_reg_rw: write reg=0x70254, len=4, val=(0x8001c06b, 0x0)
   kworker/u33:1-57411   [001] ..... 11183.490446: i915_reg_rw: write reg=0x70258, len=4, val=(0x8001c06b, 0x0)
   kworker/u33:1-57411   [001] ..... 11183.490447: i915_reg_rw: write reg=0x7025c, len=4, val=(0x8002007a, 0x0)
   kworker/u33:1-57411   [001] ..... 11183.490448: i915_reg_rw: write reg=0x70268, len=4, val=(0x0, 0x0)
   kworker/u33:1-57411   [001] ..... 11183.490449: i915_reg_rw: write reg=0x7027c, len=4, val=(0x35b0000, 0x0)
   kworker/u33:1-57411   [001] ..... 11183.490450: i915_reg_rw: write reg=0x70278, len=4, val=(0x0, 0x0)
   kworker/u33:1-57411   [001] ..... 11183.490452: intel_plane_update_noarm: dev 0000:00:02.0, pipe A, cursor A, frame=671580, scanline=725, format=AR24 little-endian (0x34325241), 256.000000x256.000000+0.000000+0.000000 -> 256x256+1476+784
   kworker/u33:1-57411   [001] ...2. 11183.490453: i915_reg_rw: read reg=0x70040, len=4, val=(0xa3f5c, 0x0)
   kworker/u33:1-57411   [001] d..3. 11183.490455: i915_reg_rw: read reg=0x70000, len=4, val=(0x2d4, 0x0)
   kworker/u33:1-57411   [001] d.... 11183.490461: intel_pipe_update_start: dev 0000:00:02.0, pipe A, frame=671580, scanline=726, min=1073, max=1079
   kworker/u33:1-57411   [001] d..2. 11183.490462: i915_reg_rw: read reg=0x70040, len=4, val=(0xa3f5c, 0x0)
   kworker/u33:1-57411   [001] d..3. 11183.490463: i915_reg_rw: read reg=0x70000, len=4, val=(0x2d5, 0x0)
   kworker/u33:1-57411   [001] d..1. 11183.490465: i915_reg_rw: read reg=0x70000, len=4, val=(0x2d5, 0x0)
   kworker/u33:1-57411   [001] d.... 11183.490468: i915_reg_rw: read reg=0x70040, len=4, val=(0xa3f5c, 0x0)
   kworker/u33:1-57411   [001] d.... 11183.490469: intel_pipe_update_vblank_evaded: dev 0000:00:02.0, pipe A, frame=671580, scanline=726, min=1073, max=1079
   kworker/u33:1-57411   [001] d.... 11183.490471: i915_reg_rw: write reg=0x70030, len=4, val=(0x50, 0x0)
   kworker/u33:1-57411   [001] d.... 11183.490474: intel_plane_update_arm: dev 0000:00:02.0, pipe A, plane 1A, frame=671580, scanline=727, format=XR30 little-endian (0x30335258), 1920.000000x1080.000000+0.000000+0.000000 -> 1920x1080+0+0
   kworker/u33:1-57411   [001] d..2. 11183.490475: i915_reg_rw: read reg=0x70040, len=4, val=(0xa3f5c, 0x0)
   kworker/u33:1-57411   [001] d..3. 11183.490476: i915_reg_rw: read reg=0x70000, len=4, val=(0x2d6, 0x0)
   kworker/u33:1-57411   [001] d.... 11183.490478: i915_reg_rw: write reg=0x70194, len=4, val=(0x0, 0x0)
   kworker/u33:1-57411   [001] d.... 11183.490480: i915_reg_rw: write reg=0x70198, len=4, val=(0x0, 0x0)
   kworker/u33:1-57411   [001] d.... 11183.490481: i915_reg_rw: write reg=0x701a0, len=4, val=(0xff000000, 0x0)
   kworker/u33:1-57411   [001] d.... 11183.490482: i915_reg_rw: write reg=0x701a4, len=4, val=(0x0, 0x0)
   kworker/u33:1-57411   [001] d.... 11183.490483: i915_reg_rw: write reg=0x701c0, len=4, val=(0x0, 0x0)
   kworker/u33:1-57411   [001] d.... 11183.490484: i915_reg_rw: write reg=0x701c4, len=4, val=(0x0, 0x0)
   kworker/u33:1-57411   [001] d.... 11183.490485: i915_reg_rw: write reg=0x70180, len=4, val=(0xc2042400, 0x0)
   kworker/u33:1-57411   [001] d.... 11183.490487: i915_reg_rw: write reg=0x7019c, len=4, val=(0x1c00000, 0x0)
   kworker/u33:1-57411   [001] d.... 11183.490488: intel_plane_update_arm: dev 0000:00:02.0, pipe A, cursor A, frame=671580, scanline=728, format=AR24 little-endian (0x34325241), 256.000000x256.000000+0.000000+0.000000 -> 256x256+1476+784
   kworker/u33:1-57411   [001] d..2. 11183.490490: i915_reg_rw: read reg=0x70040, len=4, val=(0xa3f5c, 0x0)
   kworker/u33:1-57411   [001] d..3. 11183.490491: i915_reg_rw: read reg=0x70000, len=4, val=(0x2d7, 0x0)
   kworker/u33:1-57411   [001] d.... 11183.490493: i915_reg_rw: write reg=0x70140, len=4, val=(0x80000004, 0x0)
   kworker/u33:1-57411   [001] d.... 11183.490494: i915_reg_rw: write reg=0x70144, len=4, val=(0x80008008, 0x0)
   kworker/u33:1-57411   [001] d.... 11183.490495: i915_reg_rw: write reg=0x70148, len=4, val=(0x80008008, 0x0)
   kworker/u33:1-57411   [001] d.... 11183.490496: i915_reg_rw: write reg=0x7014c, len=4, val=(0x8000c00b, 0x0)
   kworker/u33:1-57411   [001] d.... 11183.490497: i915_reg_rw: write reg=0x70150, len=4, val=(0x80014011, 0x0)
   kworker/u33:1-57411   [001] d.... 11183.490498: i915_reg_rw: write reg=0x70154, len=4, val=(0x80018014, 0x0)
   kworker/u33:1-57411   [001] d.... 11183.490499: i915_reg_rw: write reg=0x70158, len=4, val=(0x80018014, 0x0)
   kworker/u33:1-57411   [001] d.... 11183.490501: i915_reg_rw: write reg=0x7015c, len=4, val=(0x8001c017, 0x0)
   kworker/u33:1-57411   [001] d.... 11183.490502: i915_reg_rw: write reg=0x70168, len=4, val=(0x0, 0x0)
   kworker/u33:1-57411   [001] d.... 11183.490503: i915_reg_rw: write reg=0x7017c, len=4, val=(0x37b035c, 0x0)
   kworker/u33:1-57411   [001] d.... 11183.490504: i915_reg_rw: write reg=0x700a0, len=4, val=(0x0, 0x0)
   kworker/u33:1-57411   [001] d.... 11183.490505: i915_reg_rw: write reg=0x70080, len=4, val=(0x4000023, 0x0)
   kworker/u33:1-57411   [001] d.... 11183.490506: i915_reg_rw: write reg=0x70088, len=4, val=(0x31005c4, 0x0)
   kworker/u33:1-57411   [001] d.... 11183.490507: i915_reg_rw: write reg=0x70084, len=4, val=(0x2f80000, 0x0)
   kworker/u33:1-57411   [001] d.... 11183.490510: intel_scaler_disable_arm: dev 0000:00:02.0, pipe A, scaler 0, frame=671580, scanline=729
   kworker/u33:1-57411   [001] d..2. 11183.490512: i915_reg_rw: read reg=0x70040, len=4, val=(0xa3f5c, 0x0)
   kworker/u33:1-57411   [001] d..3. 11183.490514: i915_reg_rw: read reg=0x70000, len=4, val=(0x2d8, 0x0)
   kworker/u33:1-57411   [001] d.... 11183.490515: i915_reg_rw: write reg=0x68180, len=4, val=(0x0, 0x0)
   kworker/u33:1-57411   [001] d.... 11183.490516: i915_reg_rw: write reg=0x68170, len=4, val=(0x0, 0x0)
   kworker/u33:1-57411   [001] d.... 11183.490517: i915_reg_rw: write reg=0x68174, len=4, val=(0x0, 0x0)
   kworker/u33:1-57411   [001] d.... 11183.490518: intel_scaler_disable_arm: dev 0000:00:02.0, pipe A, scaler 1, frame=671580, scanline=730
   kworker/u33:1-57411   [001] d..2. 11183.490520: i915_reg_rw: read reg=0x70040, len=4, val=(0xa3f5c, 0x0)
   kworker/u33:1-57411   [001] d..3. 11183.490521: i915_reg_rw: read reg=0x70000, len=4, val=(0x2d9, 0x0)
   kworker/u33:1-57411   [001] d.... 11183.490522: i915_reg_rw: write reg=0x68280, len=4, val=(0x0, 0x0)
   kworker/u33:1-57411   [001] d.... 11183.490523: i915_reg_rw: write reg=0x68270, len=4, val=(0x0, 0x0)
   kworker/u33:1-57411   [001] d.... 11183.490524: i915_reg_rw: write reg=0x68274, len=4, val=(0x0, 0x0)
   kworker/u33:1-57411   [001] d..1. 11183.490526: i915_reg_rw: read reg=0x70000, len=4, val=(0x2d9, 0x0)
   kworker/u33:1-57411   [001] d.... 11183.490527: i915_reg_rw: read reg=0x70040, len=4, val=(0xa3f5c, 0x0)
   kworker/u33:1-57411   [001] d.... 11183.490529: intel_pipe_update_end: dev 0000:00:02.0, pipe A, frame=671580, scanline=730
   kworker/u33:1-57411   [001] d..2. 11183.490532: i915_reg_rw: read reg=0x70040, len=4, val=(0xa3f5c, 0x0)
   kworker/u33:1-57411   [001] d..3. 11183.490534: i915_reg_rw: read reg=0x70000, len=4, val=(0x2da, 0x0)
   kworker/u33:1-57411   [001] d..2. 11183.490536: i915_reg_rw: read reg=0x70040, len=4, val=(0xa3f5c, 0x0)
     ksoftirqd/7-60      [007] d.H2. 11183.493686: i915_reg_rw: write reg=0x20a8, len=4, val=(0xfffff6f6, 0x0)
     kworker/7:0-83001   [007] ..... 11183.493808: i915_request_retire: dev=1, engine=0:0, ctx=5, seqno=714771, tail=2856
     kworker/7:0-83001   [007] d.h3. 11183.493814: i915_reg_rw: write reg=0x20a8, len=4, val=(0xfffff6f7, 0x0)
     kworker/7:0-83001   [007] ..... 11183.493832: i915_reg_rw: read reg=0x8504, len=4, val=(0xfc004c3, 0x0)
          <idle>-0       [007] d.h1. 11183.495680: i915_reg_rw: read reg=0x44408, len=4, val=(0x1, 0x0)
          <idle>-0       [007] d.h1. 11183.495682: i915_reg_rw: write reg=0x44408, len=4, val=(0x1, 0x0)
          <idle>-0       [007] d.h3. 11183.495691: i915_reg_rw: read reg=0x70040, len=4, val=(0xa3f5d, 0x0)
          <idle>-0       [007] d.h4. 11183.495695: i915_reg_rw: read reg=0x70000, len=4, val=(0x438, 0x0)
          <idle>-0       [007] d.h3. 11183.495697: i915_reg_rw: read reg=0x70040, len=4, val=(0xa3f5d, 0x0)
   kworker/u33:1-57411   [001] ..... 11183.495779: intel_frontbuffer_flush: dev 0000:00:02.0, frontbuffer_bits=0x00000081, origin=2
   kworker/u32:0-81701   [007] ..... 11183.496270: i915_vma_unbind: obj=00000000e5b339ad, offset=0x0000000003080000 size=0x1c0000 vm=000000006079050a
   kworker/u32:0-81701   [007] ..... 11183.496324: i915_gem_object_destroy: obj=00000000e5b339ad
          bobide-73329   [006] ..... 11183.498691: i915_request_queue: dev=1, engine=0:0, ctx=127, seqno=108050, flags=0x0
          bobide-73329   [006] ..... 11183.498694: i915_request_add: dev=1, engine=0:0, ctx=127, seqno=108050, tail=9568
     kworker/7:0-83001   [007] ..... 11183.499756: i915_request_retire: dev=1, engine=0:0, ctx=127, seqno=108050, tail=368
     gnome-shell-14986   [006] ..... 11183.501127: i915_gem_object_create: obj=00000000843a32a5, size=0x40000
     gnome-shell-14986   [006] ..... 11183.501979: i915_gem_object_create: obj=00000000a1a7bd45, size=0x40000
   kworker/u32:0-81701   [001] ..... 11183.502726: i915_gem_object_destroy: obj=00000000843a32a5
     ksoftirqd/7-60      [007] d.H2. 11183.503523: i915_reg_rw: write reg=0x20a8, len=4, val=(0xfffff6f6, 0x0)
     kworker/7:0-83001   [007] ..... 11183.503763: i915_request_retire: dev=1, engine=0:0, ctx=5, seqno=714772, tail=2992
     kworker/7:0-83001   [007] d.h3. 11183.503771: i915_reg_rw: write reg=0x20a8, len=4, val=(0xfffff6f7, 0x0)
     kworker/7:0-83001   [007] ..... 11183.503792: i915_reg_rw: read reg=0x8504, len=4, val=(0xfc004c3, 0x0)
     gnome-shell-14986   [006] ..... 11183.506296: i915_request_queue: dev=1, engine=0:0, ctx=30, seqno=1685214, flags=0x0
     gnome-shell-14986   [006] ..... 11183.506300: i915_request_add: dev=1, engine=0:0, ctx=30, seqno=1685214, tail=9384
     gnome-shell-14986   [006] ..... 11183.506523: i915_request_queue: dev=1, engine=0:0, ctx=30, seqno=1685216, flags=0x0
     gnome-shell-14986   [006] ..... 11183.506525: i915_request_add: dev=1, engine=0:0, ctx=30, seqno=1685216, tail=7544
     kworker/7:0-83001   [007] ..... 11183.507111: i915_request_retire: dev=1, engine=0:0, ctx=30, seqno=1685214, tail=8096
     kworker/7:0-83001   [007] ..... 11183.507135: i915_request_retire: dev=1, engine=0:0, ctx=30, seqno=1685216, tail=8280
      KMS thread-15056   [003] ..... 11183.507148: i915_vma_bind: obj=00000000a1a7bd45, offset=0x0000000003080000 size=0x1c0000 vm=000000006079050a
      KMS thread-15056   [003] ..... 11183.507157: i915_gem_object_clflush: obj=00000000a1a7bd45
   kworker/u32:0-81701   [000] ..... 11183.507238: intel_frontbuffer_flush: dev 0000:00:02.0, frontbuffer_bits=0x00000080, origin=0
   kworker/u33:1-57411   [005] ..... 11183.507290: intel_plane_update_noarm: dev 0000:00:02.0, pipe A, plane 1A, frame=671581, scanline=737, format=XR30 little-endian (0x30335258), 1920.000000x1080.000000+0.000000+0.000000 -> 1920x1080+0+0
   kworker/u33:1-57411   [005] ...2. 11183.507295: i915_reg_rw: read reg=0x70040, len=4, val=(0xa3f5d, 0x0)
   kworker/u33:1-57411   [005] d..3. 11183.507297: i915_reg_rw: read reg=0x70000, len=4, val=(0x2e0, 0x0)
   kworker/u33:1-57411   [005] ..... 11183.507300: i915_reg_rw: write reg=0x70188, len=4, val=(0xf, 0x0)
   kworker/u33:1-57411   [005] ..... 11183.507301: i915_reg_rw: write reg=0x7018c, len=4, val=(0x0, 0x0)
   kworker/u33:1-57411   [005] ..... 11183.507302: i915_reg_rw: write reg=0x70190, len=4, val=(0x437077f, 0x0)
   kworker/u33:1-57411   [005] ..... 11183.507304: i915_reg_rw: write reg=0x70240, len=4, val=(0x80000016, 0x0)
   kworker/u33:1-57411   [005] ..... 11183.507305: i915_reg_rw: write reg=0x70244, len=4, val=(0x8000c02b, 0x0)
   kworker/u33:1-57411   [005] ..... 11183.507306: i915_reg_rw: write reg=0x70248, len=4, val=(0x8000c02f, 0x0)
   kworker/u33:1-57411   [005] ..... 11183.507307: i915_reg_rw: write reg=0x7024c, len=4, val=(0x8001003b, 0x0)
   kworker/u33:1-57411   [005] ..... 11183.507308: i915_reg_rw: write reg=0x70250, len=4, val=(0x8001805c, 0x0)
   kworker/u33:1-57411   [005] ..... 11183.507308: i915_reg_rw: write reg=0x70254, len=4, val=(0x8001c06b, 0x0)
   kworker/u33:1-57411   [005] ..... 11183.507309: i915_reg_rw: write reg=0x70258, len=4, val=(0x8001c06b, 0x0)
   kworker/u33:1-57411   [005] ..... 11183.507310: i915_reg_rw: write reg=0x7025c, len=4, val=(0x8002007a, 0x0)
   kworker/u33:1-57411   [005] ..... 11183.507311: i915_reg_rw: write reg=0x70268, len=4, val=(0x0, 0x0)
   kworker/u33:1-57411   [005] ..... 11183.507312: i915_reg_rw: write reg=0x7027c, len=4, val=(0x35b0000, 0x0)
   kworker/u33:1-57411   [005] ..... 11183.507313: i915_reg_rw: write reg=0x70278, len=4, val=(0x0, 0x0)
   kworker/u33:1-57411   [005] ..... 11183.507315: intel_plane_update_noarm: dev 0000:00:02.0, pipe A, cursor A, frame=671581, scanline=739, format=AR24 little-endian (0x34325241), 256.000000x256.000000+0.000000+0.000000 -> 256x256+1495+698
   kworker/u33:1-57411   [005] ...2. 11183.507316: i915_reg_rw: read reg=0x70040, len=4, val=(0xa3f5d, 0x0)
   kworker/u33:1-57411   [005] d..3. 11183.507317: i915_reg_rw: read reg=0x70000, len=4, val=(0x2e2, 0x0)
   kworker/u33:1-57411   [005] d.... 11183.507324: intel_pipe_update_start: dev 0000:00:02.0, pipe A, frame=671581, scanline=739, min=1073, max=1079
   kworker/u33:1-57411   [005] d..2. 11183.507325: i915_reg_rw: read reg=0x70040, len=4, val=(0xa3f5d, 0x0)
   kworker/u33:1-57411   [005] d..3. 11183.507326: i915_reg_rw: read reg=0x70000, len=4, val=(0x2e2, 0x0)
   kworker/u33:1-57411   [005] d..1. 11183.507328: i915_reg_rw: read reg=0x70000, len=4, val=(0x2e3, 0x0)
   kworker/u33:1-57411   [005] d.... 11183.507330: i915_reg_rw: read reg=0x70040, len=4, val=(0xa3f5d, 0x0)
   kworker/u33:1-57411   [005] d.... 11183.507332: intel_pipe_update_vblank_evaded: dev 0000:00:02.0, pipe A, frame=671581, scanline=740, min=1073, max=1079
   kworker/u33:1-57411   [005] d.... 11183.507333: i915_reg_rw: write reg=0x70030, len=4, val=(0x50, 0x0)
   kworker/u33:1-57411   [005] d.... 11183.507337: intel_plane_update_arm: dev 0000:00:02.0, pipe A, plane 1A, frame=671581, scanline=740, format=XR30 little-endian (0x30335258), 1920.000000x1080.000000+0.000000+0.000000 -> 1920x1080+0+0
   kworker/u33:1-57411   [005] d..2. 11183.507338: i915_reg_rw: read reg=0x70040, len=4, val=(0xa3f5d, 0x0)
   kworker/u33:1-57411   [005] d..3. 11183.507340: i915_reg_rw: read reg=0x70000, len=4, val=(0x2e3, 0x0)
   kworker/u33:1-57411   [005] d.... 11183.507341: i915_reg_rw: write reg=0x70194, len=4, val=(0x0, 0x0)
   kworker/u33:1-57411   [005] d.... 11183.507343: i915_reg_rw: write reg=0x70198, len=4, val=(0x0, 0x0)
   kworker/u33:1-57411   [005] d.... 11183.507344: i915_reg_rw: write reg=0x701a0, len=4, val=(0xff000000, 0x0)
   kworker/u33:1-57411   [005] d.... 11183.507345: i915_reg_rw: write reg=0x701a4, len=4, val=(0x0, 0x0)
   kworker/u33:1-57411   [005] d.... 11183.507346: i915_reg_rw: write reg=0x701c0, len=4, val=(0x0, 0x0)
   kworker/u33:1-57411   [005] d.... 11183.507347: i915_reg_rw: write reg=0x701c4, len=4, val=(0x0, 0x0)
   kworker/u33:1-57411   [005] d.... 11183.507348: i915_reg_rw: write reg=0x70180, len=4, val=(0xc2042400, 0x0)
   kworker/u33:1-57411   [005] d.... 11183.507349: i915_reg_rw: write reg=0x7019c, len=4, val=(0x25c0000, 0x0)
   kworker/u33:1-57411   [005] d.... 11183.507351: intel_plane_update_arm: dev 0000:00:02.0, pipe A, cursor A, frame=671581, scanline=741, format=AR24 little-endian (0x34325241), 256.000000x256.000000+0.000000+0.000000 -> 256x256+1495+698
   kworker/u33:1-57411   [005] d..2. 11183.507352: i915_reg_rw: read reg=0x70040, len=4, val=(0xa3f5d, 0x0)
   kworker/u33:1-57411   [005] d..3. 11183.507353: i915_reg_rw: read reg=0x70000, len=4, val=(0x2e4, 0x0)
   kworker/u33:1-57411   [005] d.... 11183.507356: i915_reg_rw: write reg=0x70140, len=4, val=(0x80000004, 0x0)
   kworker/u33:1-57411   [005] d.... 11183.507357: i915_reg_rw: write reg=0x70144, len=4, val=(0x80008008, 0x0)
   kworker/u33:1-57411   [005] d.... 11183.507358: i915_reg_rw: write reg=0x70148, len=4, val=(0x80008008, 0x0)
   kworker/u33:1-57411   [005] d.... 11183.507359: i915_reg_rw: write reg=0x7014c, len=4, val=(0x8000c00b, 0x0)
   kworker/u33:1-57411   [005] d.... 11183.507360: i915_reg_rw: write reg=0x70150, len=4, val=(0x80014011, 0x0)
   kworker/u33:1-57411   [005] d.... 11183.507361: i915_reg_rw: write reg=0x70154, len=4, val=(0x80018014, 0x0)
   kworker/u33:1-57411   [005] d.... 11183.507362: i915_reg_rw: write reg=0x70158, len=4, val=(0x80018014, 0x0)
   kworker/u33:1-57411   [005] d.... 11183.507364: i915_reg_rw: write reg=0x7015c, len=4, val=(0x8001c017, 0x0)
   kworker/u33:1-57411   [005] d.... 11183.507364: i915_reg_rw: write reg=0x70168, len=4, val=(0x0, 0x0)
   kworker/u33:1-57411   [005] d.... 11183.507366: i915_reg_rw: write reg=0x7017c, len=4, val=(0x37b035c, 0x0)
   kworker/u33:1-57411   [005] d.... 11183.507367: i915_reg_rw: write reg=0x700a0, len=4, val=(0x0, 0x0)
   kworker/u33:1-57411   [005] d.... 11183.507367: i915_reg_rw: write reg=0x70080, len=4, val=(0x4000023, 0x0)
   kworker/u33:1-57411   [005] d.... 11183.507368: i915_reg_rw: write reg=0x70088, len=4, val=(0x2ba05d7, 0x0)
   kworker/u33:1-57411   [005] d.... 11183.507369: i915_reg_rw: write reg=0x70084, len=4, val=(0x3140000, 0x0)
   kworker/u33:1-57411   [005] d.... 11183.507371: intel_scaler_disable_arm: dev 0000:00:02.0, pipe A, scaler 0, frame=671581, scanline=743
   kworker/u33:1-57411   [005] d..2. 11183.507372: i915_reg_rw: read reg=0x70040, len=4, val=(0xa3f5d, 0x0)
   kworker/u33:1-57411   [005] d..3. 11183.507373: i915_reg_rw: read reg=0x70000, len=4, val=(0x2e6, 0x0)
   kworker/u33:1-57411   [005] d.... 11183.507373: i915_reg_rw: write reg=0x68180, len=4, val=(0x0, 0x0)
   kworker/u33:1-57411   [005] d.... 11183.507374: i915_reg_rw: write reg=0x68170, len=4, val=(0x0, 0x0)
   kworker/u33:1-57411   [005] d.... 11183.507375: i915_reg_rw: write reg=0x68174, len=4, val=(0x0, 0x0)
   kworker/u33:1-57411   [005] d.... 11183.507375: intel_scaler_disable_arm: dev 0000:00:02.0, pipe A, scaler 1, frame=671581, scanline=743
   kworker/u33:1-57411   [005] d..2. 11183.507376: i915_reg_rw: read reg=0x70040, len=4, val=(0xa3f5d, 0x0)
   kworker/u33:1-57411   [005] d..3. 11183.507377: i915_reg_rw: read reg=0x70000, len=4, val=(0x2e6, 0x0)
   kworker/u33:1-57411   [005] d.... 11183.507378: i915_reg_rw: write reg=0x68280, len=4, val=(0x0, 0x0)
   kworker/u33:1-57411   [005] d.... 11183.507378: i915_reg_rw: write reg=0x68270, len=4, val=(0x0, 0x0)
   kworker/u33:1-57411   [005] d.... 11183.507379: i915_reg_rw: write reg=0x68274, len=4, val=(0x0, 0x0)
   kworker/u33:1-57411   [005] d..1. 11183.507380: i915_reg_rw: read reg=0x70000, len=4, val=(0x2e6, 0x0)
   kworker/u33:1-57411   [005] d.... 11183.507381: i915_reg_rw: read reg=0x70040, len=4, val=(0xa3f5d, 0x0)
   kworker/u33:1-57411   [005] d.... 11183.507382: intel_pipe_update_end: dev 0000:00:02.0, pipe A, frame=671581, scanline=743
   kworker/u33:1-57411   [005] d..2. 11183.507385: i915_reg_rw: read reg=0x70040, len=4, val=(0xa3f5d, 0x0)
   kworker/u33:1-57411   [005] d..3. 11183.507387: i915_reg_rw: read reg=0x70000, len=4, val=(0x2e7, 0x0)
   kworker/u33:1-57411   [005] d..2. 11183.507388: i915_reg_rw: read reg=0x70040, len=4, val=(0xa3f5d, 0x0)
     ksoftirqd/7-60      [007] d.H2. 11183.509539: i915_reg_rw: write reg=0x20a8, len=4, val=(0xfffff6f6, 0x0)
     kworker/7:0-83001   [007] ..... 11183.509719: i915_request_retire: dev=1, engine=0:0, ctx=5, seqno=714773, tail=3128
     kworker/7:0-83001   [007] d.h3. 11183.509733: i915_reg_rw: write reg=0x20a8, len=4, val=(0xfffff6f7, 0x0)
     kworker/7:0-83001   [007] ..... 11183.509756: i915_reg_rw: read reg=0x8504, len=4, val=(0xfc004c3, 0x0)
          <idle>-0       [007] d.h1. 11183.512348: i915_reg_rw: read reg=0x44408, len=4, val=(0x1, 0x0)
          <idle>-0       [007] d.h1. 11183.512350: i915_reg_rw: write reg=0x44408, len=4, val=(0x1, 0x0)
          <idle>-0       [007] d.h3. 11183.512358: i915_reg_rw: read reg=0x70040, len=4, val=(0xa3f5e, 0x0)
          <idle>-0       [007] d.h4. 11183.512363: i915_reg_rw: read reg=0x70000, len=4, val=(0x438, 0x0)
          <idle>-0       [007] d.h3. 11183.512365: i915_reg_rw: read reg=0x70040, len=4, val=(0xa3f5e, 0x0)
   kworker/u33:1-57411   [007] ..... 11183.512435: intel_frontbuffer_flush: dev 0000:00:02.0, frontbuffer_bits=0x00000081, origin=2
   kworker/u32:0-81701   [000] ..... 11183.512803: i915_vma_unbind: obj=0000000073eb964b, offset=0x0000000002ec0000 size=0x1c0000 vm=000000006079050a
   kworker/u32:0-81701   [000] ..... 11183.512859: i915_gem_object_destroy: obj=0000000073eb964b
          bobide-73329   [005] ..... 11183.515022: i915_request_queue: dev=1, engine=0:0, ctx=127, seqno=108052, flags=0x0
          bobide-73329   [005] ..... 11183.515025: i915_request_add: dev=1, engine=0:0, ctx=127, seqno=108052, tail=11776
     kworker/7:0-83001   [007] ..... 11183.516130: i915_request_retire: dev=1, engine=0:0, ctx=127, seqno=108052, tail=552
     gnome-shell-14986   [006] ..... 11183.517362: i915_gem_object_create: obj=00000000766693fa, size=0x40000
     gnome-shell-14986   [006] ..... 11183.518296: i915_gem_object_create: obj=000000005804b080, size=0x40000
   kworker/u32:0-81701   [001] ..... 11183.519292: i915_gem_object_destroy: obj=00000000766693fa
     ksoftirqd/7-60      [007] d.H2. 11183.519549: i915_reg_rw: write reg=0x20a8, len=4, val=(0xfffff6f6, 0x0)
     kworker/7:0-83001   [007] ..... 11183.521462: i915_request_retire: dev=1, engine=0:0, ctx=5, seqno=714774, tail=3264
     kworker/7:0-83001   [007] d.h3. 11183.521477: i915_reg_rw: write reg=0x20a8, len=4, val=(0xfffff6f7, 0x0)
     kworker/7:0-83001   [007] ..... 11183.521574: i915_reg_rw: read reg=0x8504, len=4, val=(0xfc004c3, 0x0)
     gnome-shell-14986   [006] ..... 11183.522743: i915_request_queue: dev=1, engine=0:0, ctx=30, seqno=1685218, flags=0x0
     gnome-shell-14986   [006] ..... 11183.522747: i915_request_add: dev=1, engine=0:0, ctx=30, seqno=1685218, tail=9200
     gnome-shell-14986   [006] ..... 11183.522871: i915_request_queue: dev=1, engine=0:0, ctx=30, seqno=1685220, flags=0x0
     gnome-shell-14986   [006] ..... 11183.522872: i915_request_add: dev=1, engine=0:0, ctx=30, seqno=1685220, tail=12880
     kworker/7:0-83001   [007] ..... 11183.523410: i915_request_retire: dev=1, engine=0:0, ctx=30, seqno=1685218, tail=8464
     kworker/7:0-83001   [007] ..... 11183.523452: i915_request_retire: dev=1, engine=0:0, ctx=30, seqno=1685220, tail=8648
      KMS thread-15056   [003] ..... 11183.523499: i915_vma_bind: obj=000000005804b080, offset=0x0000000002ec0000 size=0x1c0000 vm=000000006079050a
      KMS thread-15056   [003] ..... 11183.523507: i915_gem_object_clflush: obj=000000005804b080
   kworker/u32:0-81701   [006] ..... 11183.523624: intel_frontbuffer_flush: dev 0000:00:02.0, frontbuffer_bits=0x00000080, origin=0
   kworker/u33:1-57411   [002] ..... 11183.523676: intel_plane_update_noarm: dev 0000:00:02.0, pipe A, plane 1A, frame=671582, scanline=718, format=XR30 little-endian (0x30335258), 1920.000000x1080.000000+0.000000+0.000000 -> 1920x1080+0+0
   kworker/u33:1-57411   [002] ...2. 11183.523680: i915_reg_rw: read reg=0x70040, len=4, val=(0xa3f5e, 0x0)
   kworker/u33:1-57411   [002] d..3. 11183.523682: i915_reg_rw: read reg=0x70000, len=4, val=(0x2cd, 0x0)
   kworker/u33:1-57411   [002] ..... 11183.523686: i915_reg_rw: write reg=0x70188, len=4, val=(0xf, 0x0)
   kworker/u33:1-57411   [002] ..... 11183.523687: i915_reg_rw: write reg=0x7018c, len=4, val=(0x0, 0x0)
   kworker/u33:1-57411   [002] ..... 11183.523688: i915_reg_rw: write reg=0x70190, len=4, val=(0x437077f, 0x0)
   kworker/u33:1-57411   [002] ..... 11183.523689: i915_reg_rw: write reg=0x70240, len=4, val=(0x80000016, 0x0)
   kworker/u33:1-57411   [002] ..... 11183.523690: i915_reg_rw: write reg=0x70244, len=4, val=(0x8000c02b, 0x0)
   kworker/u33:1-57411   [002] ..... 11183.523691: i915_reg_rw: write reg=0x70248, len=4, val=(0x8000c02f, 0x0)
   kworker/u33:1-57411   [002] ..... 11183.523692: i915_reg_rw: write reg=0x7024c, len=4, val=(0x8001003b, 0x0)
   kworker/u33:1-57411   [002] ..... 11183.523693: i915_reg_rw: write reg=0x70250, len=4, val=(0x8001805c, 0x0)
   kworker/u33:1-57411   [002] ..... 11183.523694: i915_reg_rw: write reg=0x70254, len=4, val=(0x8001c06b, 0x0)
   kworker/u33:1-57411   [002] ..... 11183.523695: i915_reg_rw: write reg=0x70258, len=4, val=(0x8001c06b, 0x0)
   kworker/u33:1-57411   [002] ..... 11183.523696: i915_reg_rw: write reg=0x7025c, len=4, val=(0x8002007a, 0x0)
   kworker/u33:1-57411   [002] ..... 11183.523697: i915_reg_rw: write reg=0x70268, len=4, val=(0x0, 0x0)
   kworker/u33:1-57411   [002] ..... 11183.523698: i915_reg_rw: write reg=0x7027c, len=4, val=(0x35b0000, 0x0)
   kworker/u33:1-57411   [002] ..... 11183.523699: i915_reg_rw: write reg=0x70278, len=4, val=(0x0, 0x0)
   kworker/u33:1-57411   [002] ..... 11183.523700: intel_plane_update_noarm: dev 0000:00:02.0, pipe A, cursor A, frame=671582, scanline=720, format=AR24 little-endian (0x34325241), 256.000000x256.000000+0.000000+0.000000 -> 256x256+1544+618
   kworker/u33:1-57411   [002] ...2. 11183.523701: i915_reg_rw: read reg=0x70040, len=4, val=(0xa3f5e, 0x0)
   kworker/u33:1-57411   [002] d..3. 11183.523703: i915_reg_rw: read reg=0x70000, len=4, val=(0x2cf, 0x0)
   kworker/u33:1-57411   [002] d.... 11183.523709: intel_pipe_update_start: dev 0000:00:02.0, pipe A, frame=671582, scanline=720, min=1073, max=1079
   kworker/u33:1-57411   [002] d..2. 11183.523710: i915_reg_rw: read reg=0x70040, len=4, val=(0xa3f5e, 0x0)
   kworker/u33:1-57411   [002] d..3. 11183.523711: i915_reg_rw: read reg=0x70000, len=4, val=(0x2cf, 0x0)
   kworker/u33:1-57411   [002] d..1. 11183.523713: i915_reg_rw: read reg=0x70000, len=4, val=(0x2d0, 0x0)
   kworker/u33:1-57411   [002] d.... 11183.523715: i915_reg_rw: read reg=0x70040, len=4, val=(0xa3f5e, 0x0)
   kworker/u33:1-57411   [002] d.... 11183.523717: intel_pipe_update_vblank_evaded: dev 0000:00:02.0, pipe A, frame=671582, scanline=721, min=1073, max=1079
   kworker/u33:1-57411   [002] d.... 11183.523718: i915_reg_rw: write reg=0x70030, len=4, val=(0x50, 0x0)
   kworker/u33:1-57411   [002] d.... 11183.523722: intel_plane_update_arm: dev 0000:00:02.0, pipe A, plane 1A, frame=671582, scanline=721, format=XR30 little-endian (0x30335258), 1920.000000x1080.000000+0.000000+0.000000 -> 1920x1080+0+0
   kworker/u33:1-57411   [002] d..2. 11183.523723: i915_reg_rw: read reg=0x70040, len=4, val=(0xa3f5e, 0x0)
   kworker/u33:1-57411   [002] d..3. 11183.523724: i915_reg_rw: read reg=0x70000, len=4, val=(0x2d0, 0x0)
   kworker/u33:1-57411   [002] d.... 11183.523726: i915_reg_rw: write reg=0x70194, len=4, val=(0x0, 0x0)
   kworker/u33:1-57411   [002] d.... 11183.523727: i915_reg_rw: write reg=0x70198, len=4, val=(0x0, 0x0)
   kworker/u33:1-57411   [002] d.... 11183.523728: i915_reg_rw: write reg=0x701a0, len=4, val=(0xff000000, 0x0)
   kworker/u33:1-57411   [002] d.... 11183.523729: i915_reg_rw: write reg=0x701a4, len=4, val=(0x0, 0x0)
   kworker/u33:1-57411   [002] d.... 11183.523730: i915_reg_rw: write reg=0x701c0, len=4, val=(0x0, 0x0)
   kworker/u33:1-57411   [002] d.... 11183.523731: i915_reg_rw: write reg=0x701c4, len=4, val=(0x0, 0x0)
   kworker/u33:1-57411   [002] d.... 11183.523732: i915_reg_rw: write reg=0x70180, len=4, val=(0xc2042400, 0x0)
   kworker/u33:1-57411   [002] d.... 11183.523733: i915_reg_rw: write reg=0x7019c, len=4, val=(0x3300000, 0x0)
   kworker/u33:1-57411   [002] d.... 11183.523735: intel_plane_update_arm: dev 0000:00:02.0, pipe A, cursor A, frame=671582, scanline=722, format=AR24 little-endian (0x34325241), 256.000000x256.000000+0.000000+0.000000 -> 256x256+1544+618
   kworker/u33:1-57411   [002] d..2. 11183.523736: i915_reg_rw: read reg=0x70040, len=4, val=(0xa3f5e, 0x0)
   kworker/u33:1-57411   [002] d..3. 11183.523737: i915_reg_rw: read reg=0x70000, len=4, val=(0x2d1, 0x0)
   kworker/u33:1-57411   [002] d.... 11183.523740: i915_reg_rw: write reg=0x70140, len=4, val=(0x80000004, 0x0)
   kworker/u33:1-57411   [002] d.... 11183.523741: i915_reg_rw: write reg=0x70144, len=4, val=(0x80008008, 0x0)
   kworker/u33:1-57411   [002] d.... 11183.523742: i915_reg_rw: write reg=0x70148, len=4, val=(0x80008008, 0x0)
   kworker/u33:1-57411   [002] d.... 11183.523743: i915_reg_rw: write reg=0x7014c, len=4, val=(0x8000c00b, 0x0)
   kworker/u33:1-57411   [002] d.... 11183.523743: i915_reg_rw: write reg=0x70150, len=4, val=(0x80014011, 0x0)
   kworker/u33:1-57411   [002] d.... 11183.523744: i915_reg_rw: write reg=0x70154, len=4, val=(0x80018014, 0x0)
   kworker/u33:1-57411   [002] d.... 11183.523745: i915_reg_rw: write reg=0x70158, len=4, val=(0x80018014, 0x0)
   kworker/u33:1-57411   [002] d.... 11183.523746: i915_reg_rw: write reg=0x7015c, len=4, val=(0x8001c017, 0x0)
   kworker/u33:1-57411   [002] d.... 11183.523747: i915_reg_rw: write reg=0x70168, len=4, val=(0x0, 0x0)
   kworker/u33:1-57411   [002] d.... 11183.523748: i915_reg_rw: write reg=0x7017c, len=4, val=(0x37b035c, 0x0)
   kworker/u33:1-57411   [002] d.... 11183.523749: i915_reg_rw: write reg=0x700a0, len=4, val=(0x0, 0x0)
   kworker/u33:1-57411   [002] d.... 11183.523750: i915_reg_rw: write reg=0x70080, len=4, val=(0x4000023, 0x0)
   kworker/u33:1-57411   [002] d.... 11183.523751: i915_reg_rw: write reg=0x70088, len=4, val=(0x26a0608, 0x0)
   kworker/u33:1-57411   [002] d.... 11183.523752: i915_reg_rw: write reg=0x70084, len=4, val=(0x2f80000, 0x0)
   kworker/u33:1-57411   [002] d.... 11183.523755: intel_scaler_disable_arm: dev 0000:00:02.0, pipe A, scaler 0, frame=671582, scanline=724
   kworker/u33:1-57411   [002] d..2. 11183.523756: i915_reg_rw: read reg=0x70040, len=4, val=(0xa3f5e, 0x0)
   kworker/u33:1-57411   [002] d..3. 11183.523757: i915_reg_rw: read reg=0x70000, len=4, val=(0x2d3, 0x0)
   kworker/u33:1-57411   [002] d.... 11183.523759: i915_reg_rw: write reg=0x68180, len=4, val=(0x0, 0x0)
   kworker/u33:1-57411   [002] d.... 11183.523760: i915_reg_rw: write reg=0x68170, len=4, val=(0x0, 0x0)
   kworker/u33:1-57411   [002] d.... 11183.523761: i915_reg_rw: write reg=0x68174, len=4, val=(0x0, 0x0)
   kworker/u33:1-57411   [002] d.... 11183.523762: intel_scaler_disable_arm: dev 0000:00:02.0, pipe A, scaler 1, frame=671582, scanline=724
   kworker/u33:1-57411   [002] d..2. 11183.523763: i915_reg_rw: read reg=0x70040, len=4, val=(0xa3f5e, 0x0)
   kworker/u33:1-57411   [002] d..3. 11183.523764: i915_reg_rw: read reg=0x70000, len=4, val=(0x2d3, 0x0)
   kworker/u33:1-57411   [002] d.... 11183.523766: i915_reg_rw: write reg=0x68280, len=4, val=(0x0, 0x0)
   kworker/u33:1-57411   [002] d.... 11183.523767: i915_reg_rw: write reg=0x68270, len=4, val=(0x0, 0x0)
   kworker/u33:1-57411   [002] d.... 11183.523768: i915_reg_rw: write reg=0x68274, len=4, val=(0x0, 0x0)
   kworker/u33:1-57411   [002] d..1. 11183.523769: i915_reg_rw: read reg=0x70000, len=4, val=(0x2d3, 0x0)
   kworker/u33:1-57411   [002] d.... 11183.523771: i915_reg_rw: read reg=0x70040, len=4, val=(0xa3f5e, 0x0)
   kworker/u33:1-57411   [002] d.... 11183.523773: intel_pipe_update_end: dev 0000:00:02.0, pipe A, frame=671582, scanline=724
   kworker/u33:1-57411   [002] d..2. 11183.523776: i915_reg_rw: read reg=0x70040, len=4, val=(0xa3f5e, 0x0)
   kworker/u33:1-57411   [002] d..3. 11183.523778: i915_reg_rw: read reg=0x70000, len=4, val=(0x2d4, 0x0)
   kworker/u33:1-57411   [002] d..2. 11183.523780: i915_reg_rw: read reg=0x70040, len=4, val=(0xa3f5e, 0x0)
     ksoftirqd/7-60      [007] d.H2. 11183.527532: i915_reg_rw: write reg=0x20a8, len=4, val=(0xfffff6f6, 0x0)
     kworker/7:0-83001   [007] ..... 11183.527731: i915_request_retire: dev=1, engine=0:0, ctx=5, seqno=714775, tail=3400
     kworker/7:0-83001   [007] d.h3. 11183.527743: i915_reg_rw: write reg=0x20a8, len=4, val=(0xfffff6f7, 0x0)
     kworker/7:0-83001   [007] ..... 11183.527762: i915_reg_rw: read reg=0x8504, len=4, val=(0xfc004c3, 0x0)
          bobide-73672   [007] d.h.. 11183.529006: i915_reg_rw: read reg=0x44408, len=4, val=(0x1, 0x0)
          bobide-73672   [007] d.h.. 11183.529008: i915_reg_rw: write reg=0x44408, len=4, val=(0x1, 0x0)
          bobide-73672   [007] d.h2. 11183.529014: i915_reg_rw: read reg=0x70040, len=4, val=(0xa3f5f, 0x0)
          bobide-73672   [007] d.h3. 11183.529023: i915_reg_rw: read reg=0x70000, len=4, val=(0x438, 0x0)
          bobide-73672   [007] d.h2. 11183.529027: i915_reg_rw: read reg=0x70040, len=4, val=(0xa3f5f, 0x0)
   kworker/u33:1-57411   [003] ..... 11183.529205: intel_frontbuffer_flush: dev 0000:00:02.0, frontbuffer_bits=0x00000081, origin=2
   kworker/u32:0-81701   [006] ..... 11183.529587: i915_vma_unbind: obj=00000000a1a7bd45, offset=0x0000000003080000 size=0x1c0000 vm=000000006079050a
   kworker/u32:0-81701   [006] ..... 11183.529635: i915_gem_object_destroy: obj=00000000a1a7bd45
          bobide-73329   [003] ..... 11183.532053: i915_request_queue: dev=1, engine=0:0, ctx=127, seqno=108054, flags=0x0
          bobide-73329   [003] ..... 11183.532058: i915_request_add: dev=1, engine=0:0, ctx=127, seqno=108054, tail=1288
     kworker/7:0-83001   [007] ..... 11183.533715: i915_request_retire: dev=1, engine=0:0, ctx=127, seqno=108054, tail=736
     ksoftirqd/7-60      [007] d.H2. 11183.536529: i915_reg_rw: write reg=0x20a8, len=4, val=(0xfffff6f6, 0x0)
     kworker/7:0-83001   [007] ..... 11183.536768: i915_request_retire: dev=1, engine=0:0, ctx=5, seqno=714776, tail=3536
     kworker/7:0-83001   [007] d.h3. 11183.536776: i915_reg_rw: write reg=0x20a8, len=4, val=(0xfffff6f7, 0x0)
     kworker/7:0-83001   [007] ..... 11183.536802: i915_reg_rw: read reg=0x8504, len=4, val=(0xfc004c3, 0x0)
     gnome-shell-14986   [006] ..... 11183.539276: i915_request_queue: dev=1, engine=0:0, ctx=30, seqno=1685222, flags=0x0
     gnome-shell-14986   [006] ..... 11183.539281: i915_request_add: dev=1, engine=0:0, ctx=30, seqno=1685222, tail=10120
     gnome-shell-14986   [006] ..... 11183.539516: i915_request_queue: dev=1, engine=0:0, ctx=30, seqno=1685224, flags=0x0
     gnome-shell-14986   [006] ..... 11183.539517: i915_request_add: dev=1, engine=0:0, ctx=30, seqno=1685224, tail=8280
     kworker/7:0-83001   [007] ..... 11183.540061: i915_request_retire: dev=1, engine=0:0, ctx=30, seqno=1685222, tail=8832
     kworker/7:0-83001   [007] ..... 11183.540081: i915_request_retire: dev=1, engine=0:0, ctx=30, seqno=1685224, tail=9016
   kworker/u33:1-57411   [005] ..... 11183.540667: intel_plane_update_noarm: dev 0000:00:02.0, pipe A, plane 1A, frame=671583, scanline=741, format=XR30 little-endian (0x30335258), 1920.000000x1080.000000+0.000000+0.000000 -> 1920x1080+0+0
   kworker/u33:1-57411   [005] ...2. 11183.540671: i915_reg_rw: read reg=0x70040, len=4, val=(0xa3f5f, 0x0)
   kworker/u33:1-57411   [005] d..3. 11183.540674: i915_reg_rw: read reg=0x70000, len=4, val=(0x2e4, 0x0)
   kworker/u33:1-57411   [005] ..... 11183.540677: i915_reg_rw: write reg=0x70188, len=4, val=(0xf, 0x0)
   kworker/u33:1-57411   [005] ..... 11183.540684: i915_reg_rw: write reg=0x7018c, len=4, val=(0x0, 0x0)
   kworker/u33:1-57411   [005] ..... 11183.540685: i915_reg_rw: write reg=0x70190, len=4, val=(0x437077f, 0x0)
   kworker/u33:1-57411   [005] ..... 11183.540686: i915_reg_rw: write reg=0x70240, len=4, val=(0x80000016, 0x0)
   kworker/u33:1-57411   [005] ..... 11183.540687: i915_reg_rw: write reg=0x70244, len=4, val=(0x8000c02b, 0x0)
   kworker/u33:1-57411   [005] ..... 11183.540688: i915_reg_rw: write reg=0x70248, len=4, val=(0x8000c02f, 0x0)
   kworker/u33:1-57411   [005] ..... 11183.540689: i915_reg_rw: write reg=0x7024c, len=4, val=(0x8001003b, 0x0)
   kworker/u33:1-57411   [005] ..... 11183.540690: i915_reg_rw: write reg=0x70250, len=4, val=(0x8001805c, 0x0)
   kworker/u33:1-57411   [005] ..... 11183.540692: i915_reg_rw: write reg=0x70254, len=4, val=(0x8001c06b, 0x0)
   kworker/u33:1-57411   [005] ..... 11183.540693: i915_reg_rw: write reg=0x70258, len=4, val=(0x8001c06b, 0x0)
   kworker/u33:1-57411   [005] ..... 11183.540694: i915_reg_rw: write reg=0x7025c, len=4, val=(0x8002007a, 0x0)
   kworker/u33:1-57411   [005] ..... 11183.540695: i915_reg_rw: write reg=0x70268, len=4, val=(0x0, 0x0)
   kworker/u33:1-57411   [005] ..... 11183.540696: i915_reg_rw: write reg=0x7027c, len=4, val=(0x35b0000, 0x0)
   kworker/u33:1-57411   [005] ..... 11183.540697: i915_reg_rw: write reg=0x70278, len=4, val=(0x0, 0x0)
   kworker/u33:1-57411   [005] ..... 11183.540698: intel_plane_update_noarm: dev 0000:00:02.0, pipe A, cursor A, frame=671583, scanline=742, format=AR24 little-endian (0x34325241), 256.000000x256.000000+0.000000+0.000000 -> 256x256+1584+545
   kworker/u33:1-57411   [005] ...2. 11183.540699: i915_reg_rw: read reg=0x70040, len=4, val=(0xa3f5f, 0x0)
   kworker/u33:1-57411   [005] d..3. 11183.540701: i915_reg_rw: read reg=0x70000, len=4, val=(0x2e5, 0x0)
   kworker/u33:1-57411   [005] d.... 11183.540708: intel_pipe_update_start: dev 0000:00:02.0, pipe A, frame=671583, scanline=743, min=1073, max=1079
   kworker/u33:1-57411   [005] d..2. 11183.540709: i915_reg_rw: read reg=0x70040, len=4, val=(0xa3f5f, 0x0)
   kworker/u33:1-57411   [005] d..3. 11183.540711: i915_reg_rw: read reg=0x70000, len=4, val=(0x2e6, 0x0)
   kworker/u33:1-57411   [005] d..1. 11183.540713: i915_reg_rw: read reg=0x70000, len=4, val=(0x2e6, 0x0)
   kworker/u33:1-57411   [005] d.... 11183.540715: i915_reg_rw: read reg=0x70040, len=4, val=(0xa3f5f, 0x0)
   kworker/u33:1-57411   [005] d.... 11183.540717: intel_pipe_update_vblank_evaded: dev 0000:00:02.0, pipe A, frame=671583, scanline=743, min=1073, max=1079
   kworker/u33:1-57411   [005] d.... 11183.540718: i915_reg_rw: write reg=0x70030, len=4, val=(0x50, 0x0)
   kworker/u33:1-57411   [005] d.... 11183.540726: intel_plane_update_arm: dev 0000:00:02.0, pipe A, plane 1A, frame=671583, scanline=744, format=XR30 little-endian (0x30335258), 1920.000000x1080.000000+0.000000+0.000000 -> 1920x1080+0+0
   kworker/u33:1-57411   [005] d..2. 11183.540727: i915_reg_rw: read reg=0x70040, len=4, val=(0xa3f5f, 0x0)
   kworker/u33:1-57411   [005] d..3. 11183.540728: i915_reg_rw: read reg=0x70000, len=4, val=(0x2e7, 0x0)
   kworker/u33:1-57411   [005] d.... 11183.540730: i915_reg_rw: write reg=0x70194, len=4, val=(0x0, 0x0)
   kworker/u33:1-57411   [005] d.... 11183.540731: i915_reg_rw: write reg=0x70198, len=4, val=(0x0, 0x0)
   kworker/u33:1-57411   [005] d.... 11183.540732: i915_reg_rw: write reg=0x701a0, len=4, val=(0xff000000, 0x0)
   kworker/u33:1-57411   [005] d.... 11183.540733: i915_reg_rw: write reg=0x701a4, len=4, val=(0x0, 0x0)
   kworker/u33:1-57411   [005] d.... 11183.540735: i915_reg_rw: write reg=0x701c0, len=4, val=(0x0, 0x0)
   kworker/u33:1-57411   [005] d.... 11183.540736: i915_reg_rw: write reg=0x701c4, len=4, val=(0x0, 0x0)
   kworker/u33:1-57411   [005] d.... 11183.540737: i915_reg_rw: write reg=0x70180, len=4, val=(0xc2042400, 0x0)
   kworker/u33:1-57411   [005] d.... 11183.540739: i915_reg_rw: write reg=0x7019c, len=4, val=(0x1c00000, 0x0)
   kworker/u33:1-57411   [005] d.... 11183.540740: intel_plane_update_arm: dev 0000:00:02.0, pipe A, cursor A, frame=671583, scanline=746, format=AR24 little-endian (0x34325241), 256.000000x256.000000+0.000000+0.000000 -> 256x256+1584+545
   kworker/u33:1-57411   [005] d..2. 11183.540742: i915_reg_rw: read reg=0x70040, len=4, val=(0xa3f5f, 0x0)
   kworker/u33:1-57411   [005] d..3. 11183.540751: i915_reg_rw: read reg=0x70000, len=4, val=(0x2e9, 0x0)
   kworker/u33:1-57411   [005] d.... 11183.540753: i915_reg_rw: write reg=0x70140, len=4, val=(0x80000004, 0x0)
   kworker/u33:1-57411   [005] d.... 11183.540755: i915_reg_rw: write reg=0x70144, len=4, val=(0x80008008, 0x0)
   kworker/u33:1-57411   [005] d.... 11183.540756: i915_reg_rw: write reg=0x70148, len=4, val=(0x80008008, 0x0)
   kworker/u33:1-57411   [005] d.... 11183.540757: i915_reg_rw: write reg=0x7014c, len=4, val=(0x8000c00b, 0x0)
   kworker/u33:1-57411   [005] d.... 11183.540758: i915_reg_rw: write reg=0x70150, len=4, val=(0x80014011, 0x0)
   kworker/u33:1-57411   [005] d.... 11183.540760: i915_reg_rw: write reg=0x70154, len=4, val=(0x80018014, 0x0)
   kworker/u33:1-57411   [005] d.... 11183.540761: i915_reg_rw: write reg=0x70158, len=4, val=(0x80018014, 0x0)
   kworker/u33:1-57411   [005] d.... 11183.540763: i915_reg_rw: write reg=0x7015c, len=4, val=(0x8001c017, 0x0)
   kworker/u33:1-57411   [005] d.... 11183.540764: i915_reg_rw: write reg=0x70168, len=4, val=(0x0, 0x0)
   kworker/u33:1-57411   [005] d.... 11183.540765: i915_reg_rw: write reg=0x7017c, len=4, val=(0x37b035c, 0x0)
   kworker/u33:1-57411   [005] d.... 11183.540766: i915_reg_rw: write reg=0x70088, len=4, val=(0x2210630, 0x0)
   kworker/u33:1-57411   [005] d.... 11183.540767: i915_reg_rw: write reg=0x70084, len=4, val=(0x2f80000, 0x0)
   kworker/u33:1-57411   [005] d.... 11183.540776: intel_scaler_disable_arm: dev 0000:00:02.0, pipe A, scaler 0, frame=671583, scanline=748
   kworker/u33:1-57411   [005] d..2. 11183.540777: i915_reg_rw: read reg=0x70040, len=4, val=(0xa3f5f, 0x0)
   kworker/u33:1-57411   [005] d..3. 11183.540779: i915_reg_rw: read reg=0x70000, len=4, val=(0x2eb, 0x0)
   kworker/u33:1-57411   [005] d.... 11183.540780: i915_reg_rw: write reg=0x68180, len=4, val=(0x0, 0x0)
   kworker/u33:1-57411   [005] d.... 11183.540781: i915_reg_rw: write reg=0x68170, len=4, val=(0x0, 0x0)
   kworker/u33:1-57411   [005] d.... 11183.540782: i915_reg_rw: write reg=0x68174, len=4, val=(0x0, 0x0)
   kworker/u33:1-57411   [005] d.... 11183.540784: intel_scaler_disable_arm: dev 0000:00:02.0, pipe A, scaler 1, frame=671583, scanline=748
   kworker/u33:1-57411   [005] d..2. 11183.540785: i915_reg_rw: read reg=0x70040, len=4, val=(0xa3f5f, 0x0)
   kworker/u33:1-57411   [005] d..3. 11183.540786: i915_reg_rw: read reg=0x70000, len=4, val=(0x2eb, 0x0)
   kworker/u33:1-57411   [005] d.... 11183.540786: i915_reg_rw: write reg=0x68280, len=4, val=(0x0, 0x0)
   kworker/u33:1-57411   [005] d.... 11183.540788: i915_reg_rw: write reg=0x68270, len=4, val=(0x0, 0x0)
   kworker/u33:1-57411   [005] d.... 11183.540789: i915_reg_rw: write reg=0x68274, len=4, val=(0x0, 0x0)
   kworker/u33:1-57411   [005] d..1. 11183.540791: i915_reg_rw: read reg=0x70000, len=4, val=(0x2ec, 0x0)
   kworker/u33:1-57411   [005] d.... 11183.540793: i915_reg_rw: read reg=0x70040, len=4, val=(0xa3f5f, 0x0)
   kworker/u33:1-57411   [005] d.... 11183.540794: intel_pipe_update_end: dev 0000:00:02.0, pipe A, frame=671583, scanline=749
   kworker/u33:1-57411   [005] d..2. 11183.540800: i915_reg_rw: read reg=0x70040, len=4, val=(0xa3f5f, 0x0)
   kworker/u33:1-57411   [005] d..3. 11183.540803: i915_reg_rw: read reg=0x70000, len=4, val=(0x2ec, 0x0)
   kworker/u33:1-57411   [005] d..2. 11183.540805: i915_reg_rw: read reg=0x70040, len=4, val=(0xa3f5f, 0x0)
     ksoftirqd/7-60      [007] d.H2. 11183.542519: i915_reg_rw: write reg=0x20a8, len=4, val=(0xfffff6f6, 0x0)
     kworker/7:0-83001   [007] ..... 11183.542681: i915_request_retire: dev=1, engine=0:0, ctx=5, seqno=714777, tail=3672
     kworker/7:0-83001   [007] d.h3. 11183.542688: i915_reg_rw: write reg=0x20a8, len=4, val=(0xfffff6f7, 0x0)
     kworker/7:0-83001   [007] ..... 11183.542718: i915_reg_rw: read reg=0x8504, len=4, val=(0xfc004c3, 0x0)
          <idle>-0       [007] d.h1. 11183.545677: i915_reg_rw: read reg=0x44408, len=4, val=(0x1, 0x0)
          <idle>-0       [007] d.h1. 11183.545681: i915_reg_rw: write reg=0x44408, len=4, val=(0x1, 0x0)
          <idle>-0       [007] d.h3. 11183.545692: i915_reg_rw: read reg=0x70040, len=4, val=(0xa3f60, 0x0)
          <idle>-0       [007] d.h4. 11183.545695: i915_reg_rw: read reg=0x70000, len=4, val=(0x439, 0x0)
          <idle>-0       [007] d.h3. 11183.545698: i915_reg_rw: read reg=0x70040, len=4, val=(0xa3f60, 0x0)
   kworker/u33:1-57411   [005] ..... 11183.545782: intel_frontbuffer_flush: dev 0000:00:02.0, frontbuffer_bits=0x00000081, origin=2
          bobide-73329   [006] ..... 11183.548651: i915_request_queue: dev=1, engine=0:0, ctx=127, seqno=108056, flags=0x0
          bobide-73329   [006] ..... 11183.548656: i915_request_add: dev=1, engine=0:0, ctx=127, seqno=108056, tail=12512
          bobide-73329   [006] d.h3. 11183.549463: i915_reg_rw: write reg=0x20a8, len=4, val=(0xfffff6f6, 0x0)
     kworker/7:0-83001   [007] ..... 11183.550418: i915_request_retire: dev=1, engine=0:0, ctx=127, seqno=108056, tail=920
     kworker/7:0-83001   [007] ..... 11183.554742: i915_request_retire: dev=1, engine=0:0, ctx=5, seqno=714778, tail=3808
     kworker/7:0-83001   [007] d.h3. 11183.554755: i915_reg_rw: write reg=0x20a8, len=4, val=(0xfffff6f7, 0x0)
     kworker/7:0-83001   [007] ..... 11183.554791: i915_reg_rw: read reg=0x8504, len=4, val=(0xfc004c3, 0x0)
     gnome-shell-14986   [000] ..... 11183.556140: i915_request_queue: dev=1, engine=0:0, ctx=30, seqno=1685226, flags=0x0
     gnome-shell-14986   [000] ..... 11183.556144: i915_request_add: dev=1, engine=0:0, ctx=30, seqno=1685226, tail=272
     gnome-shell-14986   [000] ..... 11183.556301: i915_request_queue: dev=1, engine=0:0, ctx=30, seqno=1685228, flags=0x0
     gnome-shell-14986   [000] ..... 11183.556304: i915_request_add: dev=1, engine=0:0, ctx=30, seqno=1685228, tail=2176
     kworker/7:0-83001   [007] ..... 11183.556782: i915_request_retire: dev=1, engine=0:0, ctx=30, seqno=1685226, tail=9200
     kworker/7:0-83001   [007] ..... 11183.556803: i915_request_retire: dev=1, engine=0:0, ctx=30, seqno=1685228, tail=9384
   kworker/u33:1-57411   [005] ..... 11183.556976: intel_plane_update_noarm: dev 0000:00:02.0, pipe A, plane 1A, frame=671584, scanline=716, format=XR30 little-endian (0x30335258), 1920.000000x1080.000000+0.000000+0.000000 -> 1920x1080+0+0
   kworker/u33:1-57411   [005] ...2. 11183.556979: i915_reg_rw: read reg=0x70040, len=4, val=(0xa3f60, 0x0)
   kworker/u33:1-57411   [005] d..3. 11183.556981: i915_reg_rw: read reg=0x70000, len=4, val=(0x2cb, 0x0)
   kworker/u33:1-57411   [005] ..... 11183.556983: i915_reg_rw: write reg=0x70188, len=4, val=(0xf, 0x0)
   kworker/u33:1-57411   [005] ..... 11183.556984: i915_reg_rw: write reg=0x7018c, len=4, val=(0x0, 0x0)
   kworker/u33:1-57411   [005] ..... 11183.556985: i915_reg_rw: write reg=0x70190, len=4, val=(0x437077f, 0x0)
   kworker/u33:1-57411   [005] ..... 11183.556986: i915_reg_rw: write reg=0x70240, len=4, val=(0x80000016, 0x0)
   kworker/u33:1-57411   [005] ..... 11183.556987: i915_reg_rw: write reg=0x70244, len=4, val=(0x8000c02b, 0x0)
   kworker/u33:1-57411   [005] ..... 11183.556987: i915_reg_rw: write reg=0x70248, len=4, val=(0x8000c02f, 0x0)
   kworker/u33:1-57411   [005] ..... 11183.556988: i915_reg_rw: write reg=0x7024c, len=4, val=(0x8001003b, 0x0)
   kworker/u33:1-57411   [005] ..... 11183.556989: i915_reg_rw: write reg=0x70250, len=4, val=(0x8001805c, 0x0)
   kworker/u33:1-57411   [005] ..... 11183.556990: i915_reg_rw: write reg=0x70254, len=4, val=(0x8001c06b, 0x0)
   kworker/u33:1-57411   [005] ..... 11183.556990: i915_reg_rw: write reg=0x70258, len=4, val=(0x8001c06b, 0x0)
   kworker/u33:1-57411   [005] ..... 11183.556991: i915_reg_rw: write reg=0x7025c, len=4, val=(0x8002007a, 0x0)
   kworker/u33:1-57411   [005] ..... 11183.556992: i915_reg_rw: write reg=0x70268, len=4, val=(0x0, 0x0)
   kworker/u33:1-57411   [005] ..... 11183.556993: i915_reg_rw: write reg=0x7027c, len=4, val=(0x35b0000, 0x0)
   kworker/u33:1-57411   [005] ..... 11183.556993: i915_reg_rw: write reg=0x70278, len=4, val=(0x0, 0x0)
   kworker/u33:1-57411   [005] ..... 11183.556995: intel_plane_update_noarm: dev 0000:00:02.0, pipe A, cursor A, frame=671584, scanline=717, format=AR24 little-endian (0x34325241), 256.000000x256.000000+0.000000+0.000000 -> 256x256+1607+514
   kworker/u33:1-57411   [005] ...2. 11183.556995: i915_reg_rw: read reg=0x70040, len=4, val=(0xa3f60, 0x0)
   kworker/u33:1-57411   [005] d..3. 11183.556996: i915_reg_rw: read reg=0x70000, len=4, val=(0x2cc, 0x0)
   kworker/u33:1-57411   [005] d.... 11183.557002: intel_pipe_update_start: dev 0000:00:02.0, pipe A, frame=671584, scanline=718, min=1073, max=1079
   kworker/u33:1-57411   [005] d..2. 11183.557002: i915_reg_rw: read reg=0x70040, len=4, val=(0xa3f60, 0x0)
   kworker/u33:1-57411   [005] d..3. 11183.557003: i915_reg_rw: read reg=0x70000, len=4, val=(0x2cd, 0x0)
   kworker/u33:1-57411   [005] d..1. 11183.557005: i915_reg_rw: read reg=0x70000, len=4, val=(0x2cd, 0x0)
   kworker/u33:1-57411   [005] d.... 11183.557006: i915_reg_rw: read reg=0x70040, len=4, val=(0xa3f60, 0x0)
   kworker/u33:1-57411   [005] d.... 11183.557007: intel_pipe_update_vblank_evaded: dev 0000:00:02.0, pipe A, frame=671584, scanline=718, min=1073, max=1079
   kworker/u33:1-57411   [005] d.... 11183.557008: i915_reg_rw: write reg=0x70030, len=4, val=(0x50, 0x0)
   kworker/u33:1-57411   [005] d.... 11183.557012: intel_plane_update_arm: dev 0000:00:02.0, pipe A, plane 1A, frame=671584, scanline=719, format=XR30 little-endian (0x30335258), 1920.000000x1080.000000+0.000000+0.000000 -> 1920x1080+0+0
   kworker/u33:1-57411   [005] d..2. 11183.557013: i915_reg_rw: read reg=0x70040, len=4, val=(0xa3f60, 0x0)
   kworker/u33:1-57411   [005] d..3. 11183.557014: i915_reg_rw: read reg=0x70000, len=4, val=(0x2ce, 0x0)
   kworker/u33:1-57411   [005] d.... 11183.557015: i915_reg_rw: write reg=0x70194, len=4, val=(0x0, 0x0)
   kworker/u33:1-57411   [005] d.... 11183.557016: i915_reg_rw: write reg=0x70198, len=4, val=(0x0, 0x0)
   kworker/u33:1-57411   [005] d.... 11183.557017: i915_reg_rw: write reg=0x701a0, len=4, val=(0xff000000, 0x0)
   kworker/u33:1-57411   [005] d.... 11183.557018: i915_reg_rw: write reg=0x701a4, len=4, val=(0x0, 0x0)
   kworker/u33:1-57411   [005] d.... 11183.557019: i915_reg_rw: write reg=0x701c0, len=4, val=(0x0, 0x0)
   kworker/u33:1-57411   [005] d.... 11183.557019: i915_reg_rw: write reg=0x701c4, len=4, val=(0x0, 0x0)
   kworker/u33:1-57411   [005] d.... 11183.557020: i915_reg_rw: write reg=0x70180, len=4, val=(0xc2042400, 0x0)
   kworker/u33:1-57411   [005] d.... 11183.557021: i915_reg_rw: write reg=0x7019c, len=4, val=(0x25c0000, 0x0)
   kworker/u33:1-57411   [005] d.... 11183.557022: intel_plane_update_arm: dev 0000:00:02.0, pipe A, cursor A, frame=671584, scanline=719, format=AR24 little-endian (0x34325241), 256.000000x256.000000+0.000000+0.000000 -> 256x256+1607+514
   kworker/u33:1-57411   [005] d..2. 11183.557023: i915_reg_rw: read reg=0x70040, len=4, val=(0xa3f60, 0x0)
   kworker/u33:1-57411   [005] d..3. 11183.557024: i915_reg_rw: read reg=0x70000, len=4, val=(0x2ce, 0x0)
   kworker/u33:1-57411   [005] d.... 11183.557025: i915_reg_rw: write reg=0x70140, len=4, val=(0x80000004, 0x0)
   kworker/u33:1-57411   [005] d.... 11183.557026: i915_reg_rw: write reg=0x70144, len=4, val=(0x80008008, 0x0)
   kworker/u33:1-57411   [005] d.... 11183.557027: i915_reg_rw: write reg=0x70148, len=4, val=(0x80008008, 0x0)
   kworker/u33:1-57411   [005] d.... 11183.557028: i915_reg_rw: write reg=0x7014c, len=4, val=(0x8000c00b, 0x0)
   kworker/u33:1-57411   [005] d.... 11183.557028: i915_reg_rw: write reg=0x70150, len=4, val=(0x80014011, 0x0)
   kworker/u33:1-57411   [005] d.... 11183.557029: i915_reg_rw: write reg=0x70154, len=4, val=(0x80018014, 0x0)
   kworker/u33:1-57411   [005] d.... 11183.557030: i915_reg_rw: write reg=0x70158, len=4, val=(0x80018014, 0x0)
   kworker/u33:1-57411   [005] d.... 11183.557031: i915_reg_rw: write reg=0x7015c, len=4, val=(0x8001c017, 0x0)
   kworker/u33:1-57411   [005] d.... 11183.557031: i915_reg_rw: write reg=0x70168, len=4, val=(0x0, 0x0)
   kworker/u33:1-57411   [005] d.... 11183.557032: i915_reg_rw: write reg=0x7017c, len=4, val=(0x37b035c, 0x0)
   kworker/u33:1-57411   [005] d.... 11183.557033: i915_reg_rw: write reg=0x70088, len=4, val=(0x2020647, 0x0)
   kworker/u33:1-57411   [005] d.... 11183.557034: i915_reg_rw: write reg=0x70084, len=4, val=(0x2f80000, 0x0)
   kworker/u33:1-57411   [005] d.... 11183.557035: intel_scaler_disable_arm: dev 0000:00:02.0, pipe A, scaler 0, frame=671584, scanline=720
   kworker/u33:1-57411   [005] d..2. 11183.557036: i915_reg_rw: read reg=0x70040, len=4, val=(0xa3f60, 0x0)
   kworker/u33:1-57411   [005] d..3. 11183.557037: i915_reg_rw: read reg=0x70000, len=4, val=(0x2cf, 0x0)
   kworker/u33:1-57411   [005] d.... 11183.557038: i915_reg_rw: write reg=0x68180, len=4, val=(0x0, 0x0)
   kworker/u33:1-57411   [005] d.... 11183.557039: i915_reg_rw: write reg=0x68170, len=4, val=(0x0, 0x0)
   kworker/u33:1-57411   [005] d.... 11183.557039: i915_reg_rw: write reg=0x68174, len=4, val=(0x0, 0x0)
   kworker/u33:1-57411   [005] d.... 11183.557040: intel_scaler_disable_arm: dev 0000:00:02.0, pipe A, scaler 1, frame=671584, scanline=720
   kworker/u33:1-57411   [005] d..2. 11183.557041: i915_reg_rw: read reg=0x70040, len=4, val=(0xa3f60, 0x0)
   kworker/u33:1-57411   [005] d..3. 11183.557042: i915_reg_rw: read reg=0x70000, len=4, val=(0x2cf, 0x0)
   kworker/u33:1-57411   [005] d.... 11183.557042: i915_reg_rw: write reg=0x68280, len=4, val=(0x0, 0x0)
   kworker/u33:1-57411   [005] d.... 11183.557043: i915_reg_rw: write reg=0x68270, len=4, val=(0x0, 0x0)
   kworker/u33:1-57411   [005] d.... 11183.557044: i915_reg_rw: write reg=0x68274, len=4, val=(0x0, 0x0)
   kworker/u33:1-57411   [005] d..1. 11183.557045: i915_reg_rw: read reg=0x70000, len=4, val=(0x2d0, 0x0)
   kworker/u33:1-57411   [005] d.... 11183.557046: i915_reg_rw: read reg=0x70040, len=4, val=(0xa3f60, 0x0)
   kworker/u33:1-57411   [005] d.... 11183.557047: intel_pipe_update_end: dev 0000:00:02.0, pipe A, frame=671584, scanline=721
   kworker/u33:1-57411   [005] d..2. 11183.557049: i915_reg_rw: read reg=0x70040, len=4, val=(0xa3f60, 0x0)
   kworker/u33:1-57411   [005] d..3. 11183.557051: i915_reg_rw: read reg=0x70000, len=4, val=(0x2d0, 0x0)
   kworker/u33:1-57411   [005] d..2. 11183.557052: i915_reg_rw: read reg=0x70040, len=4, val=(0xa3f60, 0x0)
     ksoftirqd/7-60      [007] d.H2. 11183.559581: i915_reg_rw: write reg=0x20a8, len=4, val=(0xfffff6f6, 0x0)
     kworker/7:0-83001   [007] ..... 11183.559788: i915_request_retire: dev=1, engine=0:0, ctx=5, seqno=714779, tail=3944
     kworker/7:0-83001   [007] d.h3. 11183.559799: i915_reg_rw: write reg=0x20a8, len=4, val=(0xfffff6f7, 0x0)
     kworker/7:0-83001   [007] ..... 11183.559818: i915_reg_rw: read reg=0x8504, len=4, val=(0xfc004c3, 0x0)
          <idle>-0       [007] d.h1. 11183.562349: i915_reg_rw: read reg=0x44408, len=4, val=(0x1, 0x0)
          <idle>-0       [007] d.h1. 11183.562351: i915_reg_rw: write reg=0x44408, len=4, val=(0x1, 0x0)
          <idle>-0       [007] d.h3. 11183.562362: i915_reg_rw: read reg=0x70040, len=4, val=(0xa3f61, 0x0)
          <idle>-0       [007] d.h4. 11183.562368: i915_reg_rw: read reg=0x70000, len=4, val=(0x439, 0x0)
          <idle>-0       [007] d.h3. 11183.562371: i915_reg_rw: read reg=0x70040, len=4, val=(0xa3f61, 0x0)
   kworker/u33:1-57411   [005] ..... 11183.562470: intel_frontbuffer_flush: dev 0000:00:02.0, frontbuffer_bits=0x00000081, origin=2
          bobide-73329   [007] ..... 11183.565376: i915_request_queue: dev=1, engine=0:0, ctx=127, seqno=108058, flags=0x0
          bobide-73329   [007] ..... 11183.565380: i915_request_add: dev=1, engine=0:0, ctx=127, seqno=108058, tail=3944
          bobide-73329   [007] d.h3. 11183.566323: i915_reg_rw: write reg=0x20a8, len=4, val=(0xfffff6f6, 0x0)
     kworker/7:0-83001   [007] ..... 11183.567137: i915_request_retire: dev=1, engine=0:0, ctx=127, seqno=108058, tail=1104
     gnome-shell-14986   [006] ..... 11183.569123: i915_gem_object_create: obj=00000000a1a7bd45, size=0x40000
     kworker/7:0-83001   [007] ..... 11183.569793: i915_request_retire: dev=1, engine=0:0, ctx=5, seqno=714780, tail=4080
     kworker/7:0-83001   [007] d.h3. 11183.569803: i915_reg_rw: write reg=0x20a8, len=4, val=(0xfffff6f7, 0x0)
     kworker/7:0-83001   [007] ..... 11183.569834: i915_reg_rw: read reg=0x8504, len=4, val=(0xfc004c3, 0x0)
     gnome-shell-14986   [006] ..... 11183.570079: i915_gem_object_create: obj=0000000095490066, size=0x40000
   kworker/u32:0-81701   [001] ..... 11183.570799: i915_gem_object_destroy: obj=00000000a1a7bd45
     gnome-shell-14986   [006] ..... 11183.573065: i915_request_queue: dev=1, engine=0:0, ctx=30, seqno=1685230, flags=0x0
     gnome-shell-14986   [006] ..... 11183.573069: i915_request_add: dev=1, engine=0:0, ctx=30, seqno=1685230, tail=184
     gnome-shell-14986   [006] ..... 11183.573304: i915_request_queue: dev=1, engine=0:0, ctx=30, seqno=1685232, flags=0x0
     gnome-shell-14986   [006] ..... 11183.573307: i915_request_add: dev=1, engine=0:0, ctx=30, seqno=1685232, tail=9016
      KMS thread-15056   [003] ..... 11183.573918: i915_vma_bind: obj=0000000095490066, offset=0x0000000003080000 size=0x1c0000 vm=000000006079050a
      KMS thread-15056   [003] ..... 11183.573927: i915_gem_object_clflush: obj=0000000095490066
   kworker/u32:0-81701   [001] ..... 11183.574005: intel_frontbuffer_flush: dev 0000:00:02.0, frontbuffer_bits=0x00000080, origin=0
   kworker/u33:1-57411   [006] d.h3. 11183.574047: i915_reg_rw: write reg=0x20a8, len=4, val=(0xfffff6f6, 0x0)
   kworker/u33:1-57411   [006] ..... 11183.574063: i915_request_wait_begin: dev=1, engine=0:0, ctx=30, seqno=1685230, flags=0x2
   kworker/u33:1-57411   [006] ..... 11183.574326: i915_request_wait_end: dev=1, engine=0:0, ctx=30, seqno=1685230, tail=9568
          <idle>-0       [007] d.H3. 11183.574328: i915_reg_rw: write reg=0x20a8, len=4, val=(0xfffff6f7, 0x0)
   kworker/u33:1-57411   [006] ..... 11183.574350: intel_plane_update_noarm: dev 0000:00:02.0, pipe A, plane 1A, frame=671585, scanline=765, format=XR30 little-endian (0x30335258), 1920.000000x1080.000000+0.000000+0.000000 -> 1920x1080+0+0
   kworker/u33:1-57411   [006] ...2. 11183.574353: i915_reg_rw: read reg=0x70040, len=4, val=(0xa3f61, 0x0)
   kworker/u33:1-57411   [006] d..3. 11183.574354: i915_reg_rw: read reg=0x70000, len=4, val=(0x2fc, 0x0)
   kworker/u33:1-57411   [006] ..... 11183.574357: i915_reg_rw: write reg=0x70188, len=4, val=(0xf, 0x0)
   kworker/u33:1-57411   [006] ..... 11183.574358: i915_reg_rw: write reg=0x7018c, len=4, val=(0x0, 0x0)
   kworker/u33:1-57411   [006] ..... 11183.574359: i915_reg_rw: write reg=0x70190, len=4, val=(0x437077f, 0x0)
   kworker/u33:1-57411   [006] ..... 11183.574360: i915_reg_rw: write reg=0x70240, len=4, val=(0x80000016, 0x0)
   kworker/u33:1-57411   [006] ..... 11183.574360: i915_reg_rw: write reg=0x70244, len=4, val=(0x8000c02b, 0x0)
   kworker/u33:1-57411   [006] ..... 11183.574361: i915_reg_rw: write reg=0x70248, len=4, val=(0x8000c02f, 0x0)
   kworker/u33:1-57411   [006] ..... 11183.574362: i915_reg_rw: write reg=0x7024c, len=4, val=(0x8001003b, 0x0)
   kworker/u33:1-57411   [006] ..... 11183.574363: i915_reg_rw: write reg=0x70250, len=4, val=(0x8001805c, 0x0)
   kworker/u33:1-57411   [006] ..... 11183.574363: i915_reg_rw: write reg=0x70254, len=4, val=(0x8001c06b, 0x0)
   kworker/u33:1-57411   [006] ..... 11183.574364: i915_reg_rw: write reg=0x70258, len=4, val=(0x8001c06b, 0x0)
   kworker/u33:1-57411   [006] ..... 11183.574365: i915_reg_rw: write reg=0x7025c, len=4, val=(0x8002007a, 0x0)
   kworker/u33:1-57411   [006] ..... 11183.574366: i915_reg_rw: write reg=0x70268, len=4, val=(0x0, 0x0)
   kworker/u33:1-57411   [006] ..... 11183.574366: i915_reg_rw: write reg=0x7027c, len=4, val=(0x35b0000, 0x0)
   kworker/u33:1-57411   [006] ..... 11183.574367: i915_reg_rw: write reg=0x70278, len=4, val=(0x0, 0x0)
     kworker/7:0-83001   [007] ..... 11183.574368: i915_request_retire: dev=1, engine=0:0, ctx=30, seqno=1685230, tail=9568
   kworker/u33:1-57411   [006] ..... 11183.574368: intel_plane_update_noarm: dev 0000:00:02.0, pipe A, cursor A, frame=671585, scanline=766, format=AR24 little-endian (0x34325241), 256.000000x256.000000+0.000000+0.000000 -> 256x256+1605+511
   kworker/u33:1-57411   [006] ...2. 11183.574369: i915_reg_rw: read reg=0x70040, len=4, val=(0xa3f61, 0x0)
   kworker/u33:1-57411   [006] d..3. 11183.574370: i915_reg_rw: read reg=0x70000, len=4, val=(0x2fd, 0x0)
     kworker/7:0-83001   [007] ..... 11183.574371: i915_request_retire: dev=1, engine=0:0, ctx=30, seqno=1685232, tail=9752
   kworker/u33:1-57411   [006] d.... 11183.574374: intel_pipe_update_start: dev 0000:00:02.0, pipe A, frame=671585, scanline=766, min=1073, max=1079
   kworker/u33:1-57411   [006] d..2. 11183.574375: i915_reg_rw: read reg=0x70040, len=4, val=(0xa3f61, 0x0)
   kworker/u33:1-57411   [006] d..3. 11183.574376: i915_reg_rw: read reg=0x70000, len=4, val=(0x2fd, 0x0)
   kworker/u33:1-57411   [006] d..1. 11183.574378: i915_reg_rw: read reg=0x70000, len=4, val=(0x2fd, 0x0)
   kworker/u33:1-57411   [006] d.... 11183.574379: i915_reg_rw: read reg=0x70040, len=4, val=(0xa3f61, 0x0)
   kworker/u33:1-57411   [006] d.... 11183.574380: intel_pipe_update_vblank_evaded: dev 0000:00:02.0, pipe A, frame=671585, scanline=766, min=1073, max=1079
   kworker/u33:1-57411   [006] d.... 11183.574381: i915_reg_rw: write reg=0x70030, len=4, val=(0x50, 0x0)
   kworker/u33:1-57411   [006] d.... 11183.574384: intel_plane_update_arm: dev 0000:00:02.0, pipe A, plane 1A, frame=671585, scanline=767, format=XR30 little-endian (0x30335258), 1920.000000x1080.000000+0.000000+0.000000 -> 1920x1080+0+0
   kworker/u33:1-57411   [006] d..2. 11183.574385: i915_reg_rw: read reg=0x70040, len=4, val=(0xa3f61, 0x0)
   kworker/u33:1-57411   [006] d..3. 11183.574386: i915_reg_rw: read reg=0x70000, len=4, val=(0x2fe, 0x0)
   kworker/u33:1-57411   [006] d.... 11183.574387: i915_reg_rw: write reg=0x70194, len=4, val=(0x0, 0x0)
   kworker/u33:1-57411   [006] d.... 11183.574388: i915_reg_rw: write reg=0x70198, len=4, val=(0x0, 0x0)
   kworker/u33:1-57411   [006] d.... 11183.574388: i915_reg_rw: write reg=0x701a0, len=4, val=(0xff000000, 0x0)
   kworker/u33:1-57411   [006] d.... 11183.574389: i915_reg_rw: write reg=0x701a4, len=4, val=(0x0, 0x0)
   kworker/u33:1-57411   [006] d.... 11183.574390: i915_reg_rw: write reg=0x701c0, len=4, val=(0x0, 0x0)
   kworker/u33:1-57411   [006] d.... 11183.574391: i915_reg_rw: write reg=0x701c4, len=4, val=(0x0, 0x0)
   kworker/u33:1-57411   [006] d.... 11183.574392: i915_reg_rw: write reg=0x70180, len=4, val=(0xc2042400, 0x0)
   kworker/u33:1-57411   [006] d.... 11183.574392: i915_reg_rw: write reg=0x7019c, len=4, val=(0x3300000, 0x0)
   kworker/u33:1-57411   [006] d.... 11183.574394: intel_plane_update_arm: dev 0000:00:02.0, pipe A, cursor A, frame=671585, scanline=767, format=AR24 little-endian (0x34325241), 256.000000x256.000000+0.000000+0.000000 -> 256x256+1605+511
   kworker/u33:1-57411   [006] d..2. 11183.574394: i915_reg_rw: read reg=0x70040, len=4, val=(0xa3f61, 0x0)
   kworker/u33:1-57411   [006] d..3. 11183.574395: i915_reg_rw: read reg=0x70000, len=4, val=(0x2fe, 0x0)
   kworker/u33:1-57411   [006] d.... 11183.574397: i915_reg_rw: write reg=0x70140, len=4, val=(0x80000004, 0x0)
   kworker/u33:1-57411   [006] d.... 11183.574398: i915_reg_rw: write reg=0x70144, len=4, val=(0x80008008, 0x0)
   kworker/u33:1-57411   [006] d.... 11183.574398: i915_reg_rw: write reg=0x70148, len=4, val=(0x80008008, 0x0)
   kworker/u33:1-57411   [006] d.... 11183.574399: i915_reg_rw: write reg=0x7014c, len=4, val=(0x8000c00b, 0x0)
   kworker/u33:1-57411   [006] d.... 11183.574400: i915_reg_rw: write reg=0x70150, len=4, val=(0x80014011, 0x0)
   kworker/u33:1-57411   [006] d.... 11183.574401: i915_reg_rw: write reg=0x70154, len=4, val=(0x80018014, 0x0)
   kworker/u33:1-57411   [006] d.... 11183.574401: i915_reg_rw: write reg=0x70158, len=4, val=(0x80018014, 0x0)
   kworker/u33:1-57411   [006] d.... 11183.574402: i915_reg_rw: write reg=0x7015c, len=4, val=(0x8001c017, 0x0)
   kworker/u33:1-57411   [006] d.... 11183.574403: i915_reg_rw: write reg=0x70168, len=4, val=(0x0, 0x0)
   kworker/u33:1-57411   [006] d.... 11183.574404: i915_reg_rw: write reg=0x7017c, len=4, val=(0x37b035c, 0x0)
   kworker/u33:1-57411   [006] d.... 11183.574404: i915_reg_rw: write reg=0x700a0, len=4, val=(0x0, 0x0)
   kworker/u33:1-57411   [006] d.... 11183.574405: i915_reg_rw: write reg=0x70080, len=4, val=(0x4000023, 0x0)
   kworker/u33:1-57411   [006] d.... 11183.574406: i915_reg_rw: write reg=0x70088, len=4, val=(0x1ff0645, 0x0)
   kworker/u33:1-57411   [006] d.... 11183.574407: i915_reg_rw: write reg=0x70084, len=4, val=(0x3140000, 0x0)
   kworker/u33:1-57411   [006] d.... 11183.574409: intel_scaler_disable_arm: dev 0000:00:02.0, pipe A, scaler 0, frame=671585, scanline=768
   kworker/u33:1-57411   [006] d..2. 11183.574410: i915_reg_rw: read reg=0x70040, len=4, val=(0xa3f61, 0x0)
   kworker/u33:1-57411   [006] d..3. 11183.574410: i915_reg_rw: read reg=0x70000, len=4, val=(0x2ff, 0x0)
   kworker/u33:1-57411   [006] d.... 11183.574411: i915_reg_rw: write reg=0x68180, len=4, val=(0x0, 0x0)
   kworker/u33:1-57411   [006] d.... 11183.574412: i915_reg_rw: write reg=0x68170, len=4, val=(0x0, 0x0)
   kworker/u33:1-57411   [006] d.... 11183.574413: i915_reg_rw: write reg=0x68174, len=4, val=(0x0, 0x0)
   kworker/u33:1-57411   [006] d.... 11183.574413: intel_scaler_disable_arm: dev 0000:00:02.0, pipe A, scaler 1, frame=671585, scanline=769
   kworker/u33:1-57411   [006] d..2. 11183.574414: i915_reg_rw: read reg=0x70040, len=4, val=(0xa3f61, 0x0)
   kworker/u33:1-57411   [006] d..3. 11183.574415: i915_reg_rw: read reg=0x70000, len=4, val=(0x300, 0x0)
   kworker/u33:1-57411   [006] d.... 11183.574415: i915_reg_rw: write reg=0x68280, len=4, val=(0x0, 0x0)
   kworker/u33:1-57411   [006] d.... 11183.574416: i915_reg_rw: write reg=0x68270, len=4, val=(0x0, 0x0)
   kworker/u33:1-57411   [006] d.... 11183.574417: i915_reg_rw: write reg=0x68274, len=4, val=(0x0, 0x0)
   kworker/u33:1-57411   [006] d..1. 11183.574418: i915_reg_rw: read reg=0x70000, len=4, val=(0x300, 0x0)
   kworker/u33:1-57411   [006] d.... 11183.574419: i915_reg_rw: read reg=0x70040, len=4, val=(0xa3f61, 0x0)
   kworker/u33:1-57411   [006] d.... 11183.574421: intel_pipe_update_end: dev 0000:00:02.0, pipe A, frame=671585, scanline=769
   kworker/u33:1-57411   [006] d..2. 11183.574424: i915_reg_rw: read reg=0x70040, len=4, val=(0xa3f61, 0x0)
   kworker/u33:1-57411   [006] d..3. 11183.574427: i915_reg_rw: read reg=0x70000, len=4, val=(0x300, 0x0)
   kworker/u33:1-57411   [006] d..2. 11183.574429: i915_reg_rw: read reg=0x70040, len=4, val=(0xa3f61, 0x0)
     ksoftirqd/7-60      [007] d.H2. 11183.576521: i915_reg_rw: write reg=0x20a8, len=4, val=(0xfffff6f6, 0x0)
     kworker/7:0-83001   [007] ..... 11183.576678: i915_request_retire: dev=1, engine=0:0, ctx=5, seqno=714781, tail=136
     kworker/7:0-83001   [007] d.h3. 11183.576684: i915_reg_rw: write reg=0x20a8, len=4, val=(0xfffff6f7, 0x0)
     kworker/7:0-83001   [007] ..... 11183.576714: i915_reg_rw: read reg=0x8504, len=4, val=(0xfc004c3, 0x0)
          <idle>-0       [007] d.h1. 11183.579047: i915_reg_rw: read reg=0x44408, len=4, val=(0x1, 0x0)
          <idle>-0       [007] d.h1. 11183.579049: i915_reg_rw: write reg=0x44408, len=4, val=(0x1, 0x0)
          <idle>-0       [007] d.h3. 11183.579053: i915_reg_rw: read reg=0x70040, len=4, val=(0xa3f62, 0x0)
          <idle>-0       [007] d.h4. 11183.579055: i915_reg_rw: read reg=0x70000, len=4, val=(0x43b, 0x0)
          <idle>-0       [007] d.h3. 11183.579056: i915_reg_rw: read reg=0x70040, len=4, val=(0xa3f62, 0x0)
   kworker/u33:1-57411   [006] ..... 11183.579128: intel_frontbuffer_flush: dev 0000:00:02.0, frontbuffer_bits=0x00000081, origin=2
   kworker/u32:0-81701   [001] ..... 11183.579547: i915_vma_unbind: obj=000000005804b080, offset=0x0000000002ec0000 size=0x1c0000 vm=000000006079050a
   kworker/u32:0-81701   [001] ..... 11183.579599: i915_gem_object_destroy: obj=000000005804b080
          bobide-73329   [007] ..... 11183.581989: i915_request_queue: dev=1, engine=0:0, ctx=127, seqno=108060, flags=0x0
          bobide-73329   [007] ..... 11183.581993: i915_request_add: dev=1, engine=0:0, ctx=127, seqno=108060, tail=136
     kworker/7:0-83001   [007] ..... 11183.583606: i915_request_retire: dev=1, engine=0:0, ctx=127, seqno=108060, tail=1288
     ksoftirqd/7-60      [007] d.H2. 11183.586541: i915_reg_rw: write reg=0x20a8, len=4, val=(0xfffff6f6, 0x0)
     kworker/7:0-83001   [007] ..... 11183.588470: i915_request_retire: dev=1, engine=0:0, ctx=5, seqno=714782, tail=272
     kworker/7:0-83001   [007] d.h3. 11183.588482: i915_reg_rw: write reg=0x20a8, len=4, val=(0xfffff6f7, 0x0)
     kworker/7:0-83001   [007] ..... 11183.588573: i915_reg_rw: read reg=0x8504, len=4, val=(0xfc004c3, 0x0)
     gnome-shell-14986   [000] ..... 11183.589402: i915_request_queue: dev=1, engine=0:0, ctx=30, seqno=1685234, flags=0x0
     gnome-shell-14986   [000] ..... 11183.589406: i915_request_add: dev=1, engine=0:0, ctx=30, seqno=1685234, tail=1224
     gnome-shell-14986   [000] ..... 11183.589577: i915_request_queue: dev=1, engine=0:0, ctx=30, seqno=1685236, flags=0x0
     gnome-shell-14986   [000] ..... 11183.589579: i915_request_add: dev=1, engine=0:0, ctx=30, seqno=1685236, tail=9384
   kworker/u33:1-57411   [006] d.h3. 11183.590179: i915_reg_rw: write reg=0x20a8, len=4, val=(0xfffff6f6, 0x0)
   kworker/u33:1-57411   [006] ..... 11183.590186: i915_request_wait_begin: dev=1, engine=0:0, ctx=30, seqno=1685234, flags=0x2
          <idle>-0       [007] d.H3. 11183.590395: i915_reg_rw: write reg=0x20a8, len=4, val=(0xfffff6f7, 0x0)
     kworker/7:0-83001   [007] ..... 11183.590415: i915_request_retire: dev=1, engine=0:0, ctx=30, seqno=1685234, tail=9936
     kworker/7:0-83001   [007] ..... 11183.590416: i915_request_retire: dev=1, engine=0:0, ctx=30, seqno=1685236, tail=10120
   kworker/u33:1-57411   [006] ..... 11183.590450: i915_request_wait_end: dev=1, engine=0:0, ctx=30, seqno=1685234, tail=9936
   kworker/u33:1-57411   [006] ..... 11183.590467: intel_plane_update_noarm: dev 0000:00:02.0, pipe A, plane 1A, frame=671586, scanline=727, format=XR30 little-endian (0x30335258), 1920.000000x1080.000000+0.000000+0.000000 -> 1920x1080+0+0
   kworker/u33:1-57411   [006] ...2. 11183.590469: i915_reg_rw: read reg=0x70040, len=4, val=(0xa3f62, 0x0)
   kworker/u33:1-57411   [006] d..3. 11183.590470: i915_reg_rw: read reg=0x70000, len=4, val=(0x2d6, 0x0)
   kworker/u33:1-57411   [006] ..... 11183.590472: i915_reg_rw: write reg=0x70188, len=4, val=(0xf, 0x0)
   kworker/u33:1-57411   [006] ..... 11183.590472: i915_reg_rw: write reg=0x7018c, len=4, val=(0x0, 0x0)
   kworker/u33:1-57411   [006] ..... 11183.590473: i915_reg_rw: write reg=0x70190, len=4, val=(0x437077f, 0x0)
   kworker/u33:1-57411   [006] ..... 11183.590474: i915_reg_rw: write reg=0x70240, len=4, val=(0x80000016, 0x0)
   kworker/u33:1-57411   [006] ..... 11183.590474: i915_reg_rw: write reg=0x70244, len=4, val=(0x8000c02b, 0x0)
   kworker/u33:1-57411   [006] ..... 11183.590475: i915_reg_rw: write reg=0x70248, len=4, val=(0x8000c02f, 0x0)
   kworker/u33:1-57411   [006] ..... 11183.590475: i915_reg_rw: write reg=0x7024c, len=4, val=(0x8001003b, 0x0)
   kworker/u33:1-57411   [006] ..... 11183.590476: i915_reg_rw: write reg=0x70250, len=4, val=(0x8001805c, 0x0)
   kworker/u33:1-57411   [006] ..... 11183.590476: i915_reg_rw: write reg=0x70254, len=4, val=(0x8001c06b, 0x0)
   kworker/u33:1-57411   [006] ..... 11183.590477: i915_reg_rw: write reg=0x70258, len=4, val=(0x8001c06b, 0x0)
   kworker/u33:1-57411   [006] ..... 11183.590477: i915_reg_rw: write reg=0x7025c, len=4, val=(0x8002007a, 0x0)
   kworker/u33:1-57411   [006] ..... 11183.590478: i915_reg_rw: write reg=0x70268, len=4, val=(0x0, 0x0)
   kworker/u33:1-57411   [006] ..... 11183.590478: i915_reg_rw: write reg=0x7027c, len=4, val=(0x35b0000, 0x0)
   kworker/u33:1-57411   [006] ..... 11183.590479: i915_reg_rw: write reg=0x70278, len=4, val=(0x0, 0x0)
   kworker/u33:1-57411   [006] d.... 11183.590482: intel_pipe_update_start: dev 0000:00:02.0, pipe A, frame=671586, scanline=728, min=1073, max=1079
   kworker/u33:1-57411   [006] d..2. 11183.590483: i915_reg_rw: read reg=0x70040, len=4, val=(0xa3f62, 0x0)
   kworker/u33:1-57411   [006] d..3. 11183.590483: i915_reg_rw: read reg=0x70000, len=4, val=(0x2d7, 0x0)
   kworker/u33:1-57411   [006] d..1. 11183.590484: i915_reg_rw: read reg=0x70000, len=4, val=(0x2d7, 0x0)
   kworker/u33:1-57411   [006] d.... 11183.590485: i915_reg_rw: read reg=0x70040, len=4, val=(0xa3f62, 0x0)
   kworker/u33:1-57411   [006] d.... 11183.590487: intel_pipe_update_vblank_evaded: dev 0000:00:02.0, pipe A, frame=671586, scanline=728, min=1073, max=1079
   kworker/u33:1-57411   [006] d.... 11183.590487: i915_reg_rw: write reg=0x70030, len=4, val=(0x50, 0x0)
   kworker/u33:1-57411   [006] d.... 11183.590489: intel_plane_update_arm: dev 0000:00:02.0, pipe A, plane 1A, frame=671586, scanline=729, format=XR30 little-endian (0x30335258), 1920.000000x1080.000000+0.000000+0.000000 -> 1920x1080+0+0
   kworker/u33:1-57411   [006] d..2. 11183.590490: i915_reg_rw: read reg=0x70040, len=4, val=(0xa3f62, 0x0)
   kworker/u33:1-57411   [006] d..3. 11183.590491: i915_reg_rw: read reg=0x70000, len=4, val=(0x2d8, 0x0)
   kworker/u33:1-57411   [006] d.... 11183.590492: i915_reg_rw: write reg=0x70194, len=4, val=(0x0, 0x0)
   kworker/u33:1-57411   [006] d.... 11183.590493: i915_reg_rw: write reg=0x70198, len=4, val=(0x0, 0x0)
   kworker/u33:1-57411   [006] d.... 11183.590493: i915_reg_rw: write reg=0x701a0, len=4, val=(0xff000000, 0x0)
   kworker/u33:1-57411   [006] d.... 11183.590494: i915_reg_rw: write reg=0x701a4, len=4, val=(0x0, 0x0)
   kworker/u33:1-57411   [006] d.... 11183.590495: i915_reg_rw: write reg=0x701c0, len=4, val=(0x0, 0x0)
   kworker/u33:1-57411   [006] d.... 11183.590495: i915_reg_rw: write reg=0x701c4, len=4, val=(0x0, 0x0)
   kworker/u33:1-57411   [006] d.... 11183.590496: i915_reg_rw: write reg=0x70180, len=4, val=(0xc2042400, 0x0)
   kworker/u33:1-57411   [006] d.... 11183.590496: i915_reg_rw: write reg=0x7019c, len=4, val=(0x1c00000, 0x0)
   kworker/u33:1-57411   [006] d.... 11183.590497: intel_scaler_disable_arm: dev 0000:00:02.0, pipe A, scaler 0, frame=671586, scanline=729
   kworker/u33:1-57411   [006] d..2. 11183.590498: i915_reg_rw: read reg=0x70040, len=4, val=(0xa3f62, 0x0)
   kworker/u33:1-57411   [006] d..3. 11183.590499: i915_reg_rw: read reg=0x70000, len=4, val=(0x2d8, 0x0)
   kworker/u33:1-57411   [006] d.... 11183.590499: i915_reg_rw: write reg=0x68180, len=4, val=(0x0, 0x0)
   kworker/u33:1-57411   [006] d.... 11183.590500: i915_reg_rw: write reg=0x68170, len=4, val=(0x0, 0x0)
   kworker/u33:1-57411   [006] d.... 11183.590500: i915_reg_rw: write reg=0x68174, len=4, val=(0x0, 0x0)
   kworker/u33:1-57411   [006] d.... 11183.590501: intel_scaler_disable_arm: dev 0000:00:02.0, pipe A, scaler 1, frame=671586, scanline=729
   kworker/u33:1-57411   [006] d..2. 11183.590501: i915_reg_rw: read reg=0x70040, len=4, val=(0xa3f62, 0x0)
   kworker/u33:1-57411   [006] d..3. 11183.590502: i915_reg_rw: read reg=0x70000, len=4, val=(0x2d8, 0x0)
   kworker/u33:1-57411   [006] d.... 11183.590502: i915_reg_rw: write reg=0x68280, len=4, val=(0x0, 0x0)
   kworker/u33:1-57411   [006] d.... 11183.590503: i915_reg_rw: write reg=0x68270, len=4, val=(0x0, 0x0)
   kworker/u33:1-57411   [006] d.... 11183.590503: i915_reg_rw: write reg=0x68274, len=4, val=(0x0, 0x0)
   kworker/u33:1-57411   [006] d..1. 11183.590504: i915_reg_rw: read reg=0x70000, len=4, val=(0x2d9, 0x0)
   kworker/u33:1-57411   [006] d.... 11183.590505: i915_reg_rw: read reg=0x70040, len=4, val=(0xa3f62, 0x0)
   kworker/u33:1-57411   [006] d.... 11183.590506: intel_pipe_update_end: dev 0000:00:02.0, pipe A, frame=671586, scanline=730
   kworker/u33:1-57411   [006] d..2. 11183.590507: i915_reg_rw: read reg=0x70040, len=4, val=(0xa3f62, 0x0)
   kworker/u33:1-57411   [006] d..3. 11183.590509: i915_reg_rw: read reg=0x70000, len=4, val=(0x2d9, 0x0)
   kworker/u33:1-57411   [006] d..2. 11183.590510: i915_reg_rw: read reg=0x70040, len=4, val=(0xa3f62, 0x0)
     ksoftirqd/1-24      [001] d.H2. 11183.593523: i915_reg_rw: write reg=0x20a8, len=4, val=(0xfffff6f6, 0x0)
     kworker/7:0-83001   [007] ..... 11183.593757: i915_request_retire: dev=1, engine=0:0, ctx=5, seqno=714783, tail=408
     kworker/7:0-83001   [007] d.h3. 11183.593762: i915_reg_rw: write reg=0x20a8, len=4, val=(0xfffff6f7, 0x0)
     kworker/7:0-83001   [007] ..... 11183.593775: i915_reg_rw: read reg=0x8504, len=4, val=(0xfc004c3, 0x0)
          <idle>-0       [007] d.h1. 11183.595694: i915_reg_rw: read reg=0x44408, len=4, val=(0x1, 0x0)
          <idle>-0       [007] d.h1. 11183.595696: i915_reg_rw: write reg=0x44408, len=4, val=(0x1, 0x0)
          <idle>-0       [007] d.h3. 11183.595699: i915_reg_rw: read reg=0x70040, len=4, val=(0xa3f63, 0x0)
          <idle>-0       [007] d.h4. 11183.595701: i915_reg_rw: read reg=0x70000, len=4, val=(0x43a, 0x0)
          <idle>-0       [007] d.h3. 11183.595702: i915_reg_rw: read reg=0x70040, len=4, val=(0xa3f63, 0x0)
   kworker/u33:1-57411   [006] ..... 11183.595767: intel_frontbuffer_flush: dev 0000:00:02.0, frontbuffer_bits=0x00000001, origin=2
          bobide-73329   [000] ..... 11183.597798: i915_vma_unbind: obj=00000000ed540792, offset=0x00000002fffdf000 size=0x10000 vm=00000000ca5145b8
          bobide-73329   [000] ..... 11183.597862: i915_vma_bind: obj=00000000ed540792, offset=0x00000001ff6ff000 size=0x10000 vm=00000000ca5145b8
   kworker/u32:0-81701   [001] ..... 11183.597892: i915_gem_object_destroy: obj=00000000d9fdf062
   kworker/u32:0-81701   [001] ..... 11183.597897: i915_gem_object_destroy: obj=0000000016feda54
   kworker/u32:0-81701   [001] ..... 11183.597899: i915_gem_object_destroy: obj=000000001273fa68
   kworker/u32:0-81701   [001] ..... 11183.597901: i915_gem_object_destroy: obj=0000000007c05ff7
   kworker/u32:0-81701   [001] ..... 11183.597904: i915_gem_object_destroy: obj=00000000dfd1dfbc
   kworker/u32:0-81701   [001] ..... 11183.597906: i915_gem_object_destroy: obj=0000000044d2a05b
          bobide-73329   [000] ..... 11183.597934: i915_request_queue: dev=1, engine=0:0, ctx=127, seqno=108062, flags=0x0
          bobide-73329   [000] ..... 11183.597937: i915_request_add: dev=1, engine=0:0, ctx=127, seqno=108062, tail=16008
     kworker/7:0-83001   [007] ..... 11183.600027: i915_request_retire: dev=1, engine=0:0, ctx=127, seqno=108062, tail=1472
     ksoftirqd/1-24      [001] d.H2. 11183.602518: i915_reg_rw: write reg=0x20a8, len=4, val=(0xfffff6f6, 0x0)
     kworker/7:0-83001   [007] ..... 11183.602730: i915_request_retire: dev=1, engine=0:0, ctx=5, seqno=714784, tail=544
     kworker/7:0-83001   [007] d.h3. 11183.602734: i915_reg_rw: write reg=0x20a8, len=4, val=(0xfffff6f7, 0x0)
     kworker/7:0-83001   [007] ..... 11183.602745: i915_reg_rw: read reg=0x8504, len=4, val=(0xfc004c3, 0x0)
     gnome-shell-14986   [000] ..... 11183.605444: i915_request_queue: dev=1, engine=0:0, ctx=30, seqno=1685238, flags=0x0
     gnome-shell-14986   [000] ..... 11183.605446: i915_request_add: dev=1, engine=0:0, ctx=30, seqno=1685238, tail=368
     gnome-shell-14986   [000] ..... 11183.605610: i915_request_queue: dev=1, engine=0:0, ctx=30, seqno=1685240, flags=0x0
     gnome-shell-14986   [000] ..... 11183.605611: i915_request_add: dev=1, engine=0:0, ctx=30, seqno=1685240, tail=16376
   kworker/u33:1-57411   [006] d.h3. 11183.606026: i915_reg_rw: write reg=0x20a8, len=4, val=(0xfffff6f6, 0x0)
   kworker/u33:1-57411   [006] ..... 11183.606036: i915_request_wait_begin: dev=1, engine=0:0, ctx=30, seqno=1685238, flags=0x2
          <idle>-0       [007] d.H3. 11183.606483: i915_reg_rw: write reg=0x20a8, len=4, val=(0xfffff6f7, 0x0)
   kworker/u33:1-57411   [006] ..... 11183.606488: i915_request_wait_end: dev=1, engine=0:0, ctx=30, seqno=1685238, tail=10304
     kworker/7:0-83001   [007] ..... 11183.606499: i915_request_retire: dev=1, engine=0:0, ctx=30, seqno=1685238, tail=10304
     kworker/7:0-83001   [007] ..... 11183.606500: i915_request_retire: dev=1, engine=0:0, ctx=30, seqno=1685240, tail=10488
   kworker/u33:1-57411   [006] ..... 11183.606503: intel_plane_update_noarm: dev 0000:00:02.0, pipe A, plane 1A, frame=671587, scanline=685, format=XR30 little-endian (0x30335258), 1920.000000x1080.000000+0.000000+0.000000 -> 1920x1080+0+0
   kworker/u33:1-57411   [006] ...2. 11183.606505: i915_reg_rw: read reg=0x70040, len=4, val=(0xa3f63, 0x0)
   kworker/u33:1-57411   [006] d..3. 11183.606506: i915_reg_rw: read reg=0x70000, len=4, val=(0x2ac, 0x0)
   kworker/u33:1-57411   [006] ..... 11183.606508: i915_reg_rw: write reg=0x70188, len=4, val=(0xf, 0x0)
   kworker/u33:1-57411   [006] ..... 11183.606508: i915_reg_rw: write reg=0x7018c, len=4, val=(0x0, 0x0)
   kworker/u33:1-57411   [006] ..... 11183.606509: i915_reg_rw: write reg=0x70190, len=4, val=(0x437077f, 0x0)
   kworker/u33:1-57411   [006] ..... 11183.606510: i915_reg_rw: write reg=0x70240, len=4, val=(0x80000016, 0x0)
   kworker/u33:1-57411   [006] ..... 11183.606510: i915_reg_rw: write reg=0x70244, len=4, val=(0x8000c02b, 0x0)
   kworker/u33:1-57411   [006] ..... 11183.606511: i915_reg_rw: write reg=0x70248, len=4, val=(0x8000c02f, 0x0)
   kworker/u33:1-57411   [006] ..... 11183.606511: i915_reg_rw: write reg=0x7024c, len=4, val=(0x8001003b, 0x0)
   kworker/u33:1-57411   [006] ..... 11183.606512: i915_reg_rw: write reg=0x70250, len=4, val=(0x8001805c, 0x0)
   kworker/u33:1-57411   [006] ..... 11183.606512: i915_reg_rw: write reg=0x70254, len=4, val=(0x8001c06b, 0x0)
   kworker/u33:1-57411   [006] ..... 11183.606513: i915_reg_rw: write reg=0x70258, len=4, val=(0x8001c06b, 0x0)
   kworker/u33:1-57411   [006] ..... 11183.606513: i915_reg_rw: write reg=0x7025c, len=4, val=(0x8002007a, 0x0)
   kworker/u33:1-57411   [006] ..... 11183.606514: i915_reg_rw: write reg=0x70268, len=4, val=(0x0, 0x0)
   kworker/u33:1-57411   [006] ..... 11183.606514: i915_reg_rw: write reg=0x7027c, len=4, val=(0x35b0000, 0x0)
   kworker/u33:1-57411   [006] ..... 11183.606515: i915_reg_rw: write reg=0x70278, len=4, val=(0x0, 0x0)
   kworker/u33:1-57411   [006] d.... 11183.606518: intel_pipe_update_start: dev 0000:00:02.0, pipe A, frame=671587, scanline=685, min=1073, max=1079
   kworker/u33:1-57411   [006] d..2. 11183.606518: i915_reg_rw: read reg=0x70040, len=4, val=(0xa3f63, 0x0)
   kworker/u33:1-57411   [006] d..3. 11183.606519: i915_reg_rw: read reg=0x70000, len=4, val=(0x2ac, 0x0)
   kworker/u33:1-57411   [006] d..1. 11183.606520: i915_reg_rw: read reg=0x70000, len=4, val=(0x2ac, 0x0)
   kworker/u33:1-57411   [006] d.... 11183.606521: i915_reg_rw: read reg=0x70040, len=4, val=(0xa3f63, 0x0)
   kworker/u33:1-57411   [006] d.... 11183.606522: intel_pipe_update_vblank_evaded: dev 0000:00:02.0, pipe A, frame=671587, scanline=685, min=1073, max=1079
   kworker/u33:1-57411   [006] d.... 11183.606523: i915_reg_rw: write reg=0x70030, len=4, val=(0x50, 0x0)
   kworker/u33:1-57411   [006] d.... 11183.606524: intel_plane_update_arm: dev 0000:00:02.0, pipe A, plane 1A, frame=671587, scanline=686, format=XR30 little-endian (0x30335258), 1920.000000x1080.000000+0.000000+0.000000 -> 1920x1080+0+0
   kworker/u33:1-57411   [006] d..2. 11183.606525: i915_reg_rw: read reg=0x70040, len=4, val=(0xa3f63, 0x0)
   kworker/u33:1-57411   [006] d..3. 11183.606525: i915_reg_rw: read reg=0x70000, len=4, val=(0x2ad, 0x0)
   kworker/u33:1-57411   [006] d.... 11183.606526: i915_reg_rw: write reg=0x70194, len=4, val=(0x0, 0x0)
   kworker/u33:1-57411   [006] d.... 11183.606527: i915_reg_rw: write reg=0x70198, len=4, val=(0x0, 0x0)
   kworker/u33:1-57411   [006] d.... 11183.606527: i915_reg_rw: write reg=0x701a0, len=4, val=(0xff000000, 0x0)
   kworker/u33:1-57411   [006] d.... 11183.606528: i915_reg_rw: write reg=0x701a4, len=4, val=(0x0, 0x0)
   kworker/u33:1-57411   [006] d.... 11183.606529: i915_reg_rw: write reg=0x701c0, len=4, val=(0x0, 0x0)
   kworker/u33:1-57411   [006] d.... 11183.606529: i915_reg_rw: write reg=0x701c4, len=4, val=(0x0, 0x0)
   kworker/u33:1-57411   [006] d.... 11183.606530: i915_reg_rw: write reg=0x70180, len=4, val=(0xc2042400, 0x0)
   kworker/u33:1-57411   [006] d.... 11183.606530: i915_reg_rw: write reg=0x7019c, len=4, val=(0x25c0000, 0x0)
   kworker/u33:1-57411   [006] d.... 11183.606532: intel_scaler_disable_arm: dev 0000:00:02.0, pipe A, scaler 0, frame=671587, scanline=686
   kworker/u33:1-57411   [006] d..2. 11183.606532: i915_reg_rw: read reg=0x70040, len=4, val=(0xa3f63, 0x0)
   kworker/u33:1-57411   [006] d..3. 11183.606533: i915_reg_rw: read reg=0x70000, len=4, val=(0x2ad, 0x0)
   kworker/u33:1-57411   [006] d.... 11183.606533: i915_reg_rw: write reg=0x68180, len=4, val=(0x0, 0x0)
   kworker/u33:1-57411   [006] d.... 11183.606534: i915_reg_rw: write reg=0x68170, len=4, val=(0x0, 0x0)
   kworker/u33:1-57411   [006] d.... 11183.606535: i915_reg_rw: write reg=0x68174, len=4, val=(0x0, 0x0)
   kworker/u33:1-57411   [006] d.... 11183.606535: intel_scaler_disable_arm: dev 0000:00:02.0, pipe A, scaler 1, frame=671587, scanline=687
   kworker/u33:1-57411   [006] d..2. 11183.606536: i915_reg_rw: read reg=0x70040, len=4, val=(0xa3f63, 0x0)
   kworker/u33:1-57411   [006] d..3. 11183.606536: i915_reg_rw: read reg=0x70000, len=4, val=(0x2ae, 0x0)
   kworker/u33:1-57411   [006] d.... 11183.606537: i915_reg_rw: write reg=0x68280, len=4, val=(0x0, 0x0)
   kworker/u33:1-57411   [006] d.... 11183.606537: i915_reg_rw: write reg=0x68270, len=4, val=(0x0, 0x0)
   kworker/u33:1-57411   [006] d.... 11183.606538: i915_reg_rw: write reg=0x68274, len=4, val=(0x0, 0x0)
   kworker/u33:1-57411   [006] d..1. 11183.606539: i915_reg_rw: read reg=0x70000, len=4, val=(0x2ae, 0x0)
   kworker/u33:1-57411   [006] d.... 11183.606539: i915_reg_rw: read reg=0x70040, len=4, val=(0xa3f63, 0x0)
   kworker/u33:1-57411   [006] d.... 11183.606540: intel_pipe_update_end: dev 0000:00:02.0, pipe A, frame=671587, scanline=687
   kworker/u33:1-57411   [006] d..2. 11183.606542: i915_reg_rw: read reg=0x70040, len=4, val=(0xa3f63, 0x0)
   kworker/u33:1-57411   [006] d..3. 11183.606543: i915_reg_rw: read reg=0x70000, len=4, val=(0x2ae, 0x0)
   kworker/u33:1-57411   [006] d..2. 11183.606544: i915_reg_rw: read reg=0x70040, len=4, val=(0xa3f63, 0x0)
     ksoftirqd/7-60      [007] d.H2. 11183.609561: i915_reg_rw: write reg=0x20a8, len=4, val=(0xfffff6f6, 0x0)
     kworker/7:0-83001   [007] ..... 11183.609792: i915_request_retire: dev=1, engine=0:0, ctx=5, seqno=714785, tail=680
     kworker/7:0-83001   [007] d.h3. 11183.609795: i915_reg_rw: write reg=0x20a8, len=4, val=(0xfffff6f7, 0x0)
     kworker/7:0-83001   [007] ..... 11183.609804: i915_reg_rw: read reg=0x8504, len=4, val=(0xfc004c3, 0x0)
          <idle>-0       [007] d.h1. 11183.612459: i915_reg_rw: read reg=0x44408, len=4, val=(0x1, 0x0)
          <idle>-0       [007] d.h1. 11183.612460: i915_reg_rw: write reg=0x44408, len=4, val=(0x1, 0x0)
          <idle>-0       [007] d.h3. 11183.612462: i915_reg_rw: read reg=0x70040, len=4, val=(0xa3f64, 0x0)
          <idle>-0       [007] d.h4. 11183.612463: i915_reg_rw: read reg=0x70000, len=4, val=(0x440, 0x0)
          <idle>-0       [007] d.h3. 11183.612464: i915_reg_rw: read reg=0x70040, len=4, val=(0xa3f64, 0x0)
   kworker/u33:1-57411   [006] ..... 11183.612497: intel_frontbuffer_flush: dev 0000:00:02.0, frontbuffer_bits=0x00000001, origin=2
          bobide-73329   [000] ..... 11183.614166: i915_gem_object_create: obj=00000000b49a6648, size=0x10000
          bobide-73329   [000] ..... 11183.614463: i915_vma_bind: obj=00000000b49a6648, offset=0x00000002fffdf000 size=0x10000 vm=00000000ca5145b8
          bobide-73329   [000] ..... 11183.614496: i915_request_queue: dev=1, engine=0:0, ctx=127, seqno=108064, flags=0x0
          bobide-73329   [000] ..... 11183.614497: i915_request_add: dev=1, engine=0:0, ctx=127, seqno=108064, tail=12328
   kworker/u32:0-81701   [001] ..... 11183.614523: i915_gem_object_destroy: obj=000000005241fb52
   kworker/u32:0-81701   [001] ..... 11183.614525: i915_gem_object_destroy: obj=00000000bdf2b4d1
   kworker/u32:0-81701   [001] ..... 11183.614527: i915_gem_object_destroy: obj=00000000fdab373a
   kworker/u32:0-81701   [001] ..... 11183.614528: i915_gem_object_destroy: obj=00000000a3689dcc
   kworker/u32:0-81701   [001] ..... 11183.614529: i915_gem_object_destroy: obj=00000000ced5543d
   kworker/u32:0-81701   [001] ..... 11183.614530: i915_gem_object_destroy: obj=000000008d92dd36
          bobide-73329   [000] d.h3. 11183.615096: i915_reg_rw: write reg=0x20a8, len=4, val=(0xfffff6f6, 0x0)
     kworker/7:0-83001   [007] ..... 11183.615975: i915_request_retire: dev=1, engine=0:0, ctx=127, seqno=108064, tail=1656
     kworker/7:0-83001   [007] ..... 11183.619814: i915_request_retire: dev=1, engine=0:0, ctx=5, seqno=714786, tail=816
     kworker/7:0-83001   [007] d.h3. 11183.619818: i915_reg_rw: write reg=0x20a8, len=4, val=(0xfffff6f7, 0x0)
     kworker/7:0-83001   [007] ..... 11183.619829: i915_reg_rw: read reg=0x8504, len=4, val=(0xfc004c3, 0x0)
     gnome-shell-14986   [000] ..... 11183.621944: i915_request_queue: dev=1, engine=0:0, ctx=30, seqno=1685242, flags=0x0
     gnome-shell-14986   [000] ..... 11183.621946: i915_request_add: dev=1, engine=0:0, ctx=30, seqno=1685242, tail=12144
     gnome-shell-14986   [000] ..... 11183.622087: i915_request_queue: dev=1, engine=0:0, ctx=30, seqno=1685244, flags=0x0
     gnome-shell-14986   [000] ..... 11183.622087: i915_request_add: dev=1, engine=0:0, ctx=30, seqno=1685244, tail=10120
   kworker/u33:1-57411   [006] d.h3. 11183.622344: i915_reg_rw: write reg=0x20a8, len=4, val=(0xfffff6f6, 0x0)
   kworker/u33:1-57411   [006] ..... 11183.622350: i915_request_wait_begin: dev=1, engine=0:0, ctx=30, seqno=1685242, flags=0x2
          <idle>-0       [007] d.H3. 11183.622942: i915_reg_rw: write reg=0x20a8, len=4, val=(0xfffff6f7, 0x0)
     kworker/7:0-83001   [007] ..... 11183.622953: i915_request_retire: dev=1, engine=0:0, ctx=30, seqno=1685242, tail=10672
     kworker/7:0-83001   [007] ..... 11183.622954: i915_request_retire: dev=1, engine=0:0, ctx=30, seqno=1685244, tail=10856
   kworker/u33:1-57411   [006] ..... 11183.622979: i915_request_wait_end: dev=1, engine=0:0, ctx=30, seqno=1685242, tail=10672
   kworker/u33:1-57411   [006] ..... 11183.622990: intel_plane_update_noarm: dev 0000:00:02.0, pipe A, plane 1A, frame=671588, scanline=672, format=XR30 little-endian (0x30335258), 1920.000000x1080.000000+0.000000+0.000000 -> 1920x1080+0+0
   kworker/u33:1-57411   [006] ...2. 11183.622991: i915_reg_rw: read reg=0x70040, len=4, val=(0xa3f64, 0x0)
   kworker/u33:1-57411   [006] d..3. 11183.622992: i915_reg_rw: read reg=0x70000, len=4, val=(0x29f, 0x0)
   kworker/u33:1-57411   [006] ..... 11183.622993: i915_reg_rw: write reg=0x70188, len=4, val=(0xf, 0x0)
   kworker/u33:1-57411   [006] ..... 11183.622993: i915_reg_rw: write reg=0x7018c, len=4, val=(0x0, 0x0)
   kworker/u33:1-57411   [006] ..... 11183.622994: i915_reg_rw: write reg=0x70190, len=4, val=(0x437077f, 0x0)
   kworker/u33:1-57411   [006] ..... 11183.622994: i915_reg_rw: write reg=0x70240, len=4, val=(0x80000016, 0x0)
   kworker/u33:1-57411   [006] ..... 11183.622995: i915_reg_rw: write reg=0x70244, len=4, val=(0x8000c02b, 0x0)
   kworker/u33:1-57411   [006] ..... 11183.622995: i915_reg_rw: write reg=0x70248, len=4, val=(0x8000c02f, 0x0)
   kworker/u33:1-57411   [006] ..... 11183.622995: i915_reg_rw: write reg=0x7024c, len=4, val=(0x8001003b, 0x0)
   kworker/u33:1-57411   [006] ..... 11183.622996: i915_reg_rw: write reg=0x70250, len=4, val=(0x8001805c, 0x0)
   kworker/u33:1-57411   [006] ..... 11183.622996: i915_reg_rw: write reg=0x70254, len=4, val=(0x8001c06b, 0x0)
   kworker/u33:1-57411   [006] ..... 11183.622996: i915_reg_rw: write reg=0x70258, len=4, val=(0x8001c06b, 0x0)
   kworker/u33:1-57411   [006] ..... 11183.622997: i915_reg_rw: write reg=0x7025c, len=4, val=(0x8002007a, 0x0)
   kworker/u33:1-57411   [006] ..... 11183.622997: i915_reg_rw: write reg=0x70268, len=4, val=(0x0, 0x0)
   kworker/u33:1-57411   [006] ..... 11183.622997: i915_reg_rw: write reg=0x7027c, len=4, val=(0x35b0000, 0x0)
   kworker/u33:1-57411   [006] ..... 11183.622998: i915_reg_rw: write reg=0x70278, len=4, val=(0x0, 0x0)
   kworker/u33:1-57411   [006] d.... 11183.623000: intel_pipe_update_start: dev 0000:00:02.0, pipe A, frame=671588, scanline=673, min=1073, max=1079
   kworker/u33:1-57411   [006] d..2. 11183.623000: i915_reg_rw: read reg=0x70040, len=4, val=(0xa3f64, 0x0)
   kworker/u33:1-57411   [006] d..3. 11183.623001: i915_reg_rw: read reg=0x70000, len=4, val=(0x2a0, 0x0)
   kworker/u33:1-57411   [006] d..1. 11183.623001: i915_reg_rw: read reg=0x70000, len=4, val=(0x2a0, 0x0)
   kworker/u33:1-57411   [006] d.... 11183.623002: i915_reg_rw: read reg=0x70040, len=4, val=(0xa3f64, 0x0)
   kworker/u33:1-57411   [006] d.... 11183.623003: intel_pipe_update_vblank_evaded: dev 0000:00:02.0, pipe A, frame=671588, scanline=673, min=1073, max=1079
   kworker/u33:1-57411   [006] d.... 11183.623003: i915_reg_rw: write reg=0x70030, len=4, val=(0x50, 0x0)
   kworker/u33:1-57411   [006] d.... 11183.623005: intel_plane_update_arm: dev 0000:00:02.0, pipe A, plane 1A, frame=671588, scanline=673, format=XR30 little-endian (0x30335258), 1920.000000x1080.000000+0.000000+0.000000 -> 1920x1080+0+0
   kworker/u33:1-57411   [006] d..2. 11183.623005: i915_reg_rw: read reg=0x70040, len=4, val=(0xa3f64, 0x0)
   kworker/u33:1-57411   [006] d..3. 11183.623005: i915_reg_rw: read reg=0x70000, len=4, val=(0x2a0, 0x0)
   kworker/u33:1-57411   [006] d.... 11183.623006: i915_reg_rw: write reg=0x70194, len=4, val=(0x0, 0x0)
   kworker/u33:1-57411   [006] d.... 11183.623006: i915_reg_rw: write reg=0x70198, len=4, val=(0x0, 0x0)
   kworker/u33:1-57411   [006] d.... 11183.623007: i915_reg_rw: write reg=0x701a0, len=4, val=(0xff000000, 0x0)
   kworker/u33:1-57411   [006] d.... 11183.623007: i915_reg_rw: write reg=0x701a4, len=4, val=(0x0, 0x0)
   kworker/u33:1-57411   [006] d.... 11183.623007: i915_reg_rw: write reg=0x701c0, len=4, val=(0x0, 0x0)
   kworker/u33:1-57411   [006] d.... 11183.623008: i915_reg_rw: write reg=0x701c4, len=4, val=(0x0, 0x0)
   kworker/u33:1-57411   [006] d.... 11183.623008: i915_reg_rw: write reg=0x70180, len=4, val=(0xc2042400, 0x0)
   kworker/u33:1-57411   [006] d.... 11183.623008: i915_reg_rw: write reg=0x7019c, len=4, val=(0x3300000, 0x0)
   kworker/u33:1-57411   [006] d.... 11183.623009: intel_scaler_disable_arm: dev 0000:00:02.0, pipe A, scaler 0, frame=671588, scanline=674
   kworker/u33:1-57411   [006] d..2. 11183.623010: i915_reg_rw: read reg=0x70040, len=4, val=(0xa3f64, 0x0)
   kworker/u33:1-57411   [006] d..3. 11183.623010: i915_reg_rw: read reg=0x70000, len=4, val=(0x2a1, 0x0)
   kworker/u33:1-57411   [006] d.... 11183.623011: i915_reg_rw: write reg=0x68180, len=4, val=(0x0, 0x0)
   kworker/u33:1-57411   [006] d.... 11183.623011: i915_reg_rw: write reg=0x68170, len=4, val=(0x0, 0x0)
   kworker/u33:1-57411   [006] d.... 11183.623011: i915_reg_rw: write reg=0x68174, len=4, val=(0x0, 0x0)
   kworker/u33:1-57411   [006] d.... 11183.623012: intel_scaler_disable_arm: dev 0000:00:02.0, pipe A, scaler 1, frame=671588, scanline=674
   kworker/u33:1-57411   [006] d..2. 11183.623012: i915_reg_rw: read reg=0x70040, len=4, val=(0xa3f64, 0x0)
   kworker/u33:1-57411   [006] d..3. 11183.623013: i915_reg_rw: read reg=0x70000, len=4, val=(0x2a1, 0x0)
   kworker/u33:1-57411   [006] d.... 11183.623013: i915_reg_rw: write reg=0x68280, len=4, val=(0x0, 0x0)
   kworker/u33:1-57411   [006] d.... 11183.623013: i915_reg_rw: write reg=0x68270, len=4, val=(0x0, 0x0)
   kworker/u33:1-57411   [006] d.... 11183.623014: i915_reg_rw: write reg=0x68274, len=4, val=(0x0, 0x0)
   kworker/u33:1-57411   [006] d..1. 11183.623014: i915_reg_rw: read reg=0x70000, len=4, val=(0x2a1, 0x0)
   kworker/u33:1-57411   [006] d.... 11183.623015: i915_reg_rw: read reg=0x70040, len=4, val=(0xa3f64, 0x0)
   kworker/u33:1-57411   [006] d.... 11183.623015: intel_pipe_update_end: dev 0000:00:02.0, pipe A, frame=671588, scanline=674
   kworker/u33:1-57411   [006] d..2. 11183.623016: i915_reg_rw: read reg=0x70040, len=4, val=(0xa3f64, 0x0)
   kworker/u33:1-57411   [006] d..3. 11183.623017: i915_reg_rw: read reg=0x70000, len=4, val=(0x2a1, 0x0)
   kworker/u33:1-57411   [006] d..2. 11183.623018: i915_reg_rw: read reg=0x70040, len=4, val=(0xa3f64, 0x0)
     ksoftirqd/7-60      [007] d.H2. 11183.626442: i915_reg_rw: write reg=0x20a8, len=4, val=(0xfffff6f6, 0x0)
     kworker/7:0-83001   [007] ..... 11183.626608: i915_request_retire: dev=1, engine=0:0, ctx=5, seqno=714787, tail=952
     kworker/7:0-83001   [007] d.h3. 11183.626610: i915_reg_rw: write reg=0x20a8, len=4, val=(0xfffff6f7, 0x0)
     kworker/7:0-83001   [007] ..... 11183.626711: i915_reg_rw: read reg=0x8504, len=4, val=(0xfc004c3, 0x0)
          <idle>-0       [007] d.h1. 11183.629108: i915_reg_rw: read reg=0x44408, len=4, val=(0x1, 0x0)
          <idle>-0       [007] d.h1. 11183.629109: i915_reg_rw: write reg=0x44408, len=4, val=(0x1, 0x0)
          <idle>-0       [007] d.h3. 11183.629110: i915_reg_rw: read reg=0x70040, len=4, val=(0xa3f65, 0x0)
          <idle>-0       [007] d.h4. 11183.629111: i915_reg_rw: read reg=0x70000, len=4, val=(0x43f, 0x0)
          <idle>-0       [007] d.h3. 11183.629112: i915_reg_rw: read reg=0x70040, len=4, val=(0xa3f65, 0x0)
   kworker/u33:1-57411   [006] ..... 11183.629183: intel_frontbuffer_flush: dev 0000:00:02.0, frontbuffer_bits=0x00000001, origin=2
          bobide-73329   [000] ..... 11183.631026: i915_request_queue: dev=1, engine=0:0, ctx=127, seqno=108066, flags=0x0
          bobide-73329   [000] ..... 11183.631028: i915_request_add: dev=1, engine=0:0, ctx=127, seqno=108066, tail=552
          bobide-73329   [000] d.h3. 11183.631583: i915_reg_rw: write reg=0x20a8, len=4, val=(0xfffff6f6, 0x0)
     kworker/7:0-83001   [007] ..... 11183.633078: i915_request_retire: dev=1, engine=0:0, ctx=127, seqno=108066, tail=1840
     kworker/7:0-83001   [007] ..... 11183.635753: i915_request_retire: dev=1, engine=0:0, ctx=5, seqno=714788, tail=1088
     kworker/7:0-83001   [007] d.h3. 11183.635757: i915_reg_rw: write reg=0x20a8, len=4, val=(0xfffff6f7, 0x0)
     kworker/7:0-83001   [007] ..... 11183.635768: i915_reg_rw: read reg=0x8504, len=4, val=(0xfc004c3, 0x0)
     gnome-shell-14986   [000] ..... 11183.638729: i915_request_queue: dev=1, engine=0:0, ctx=30, seqno=1685246, flags=0x0
     gnome-shell-14986   [000] ..... 11183.638731: i915_request_add: dev=1, engine=0:0, ctx=30, seqno=1685246, tail=184
     gnome-shell-14986   [000] ..... 11183.638877: i915_request_queue: dev=1, engine=0:0, ctx=30, seqno=1685248, flags=0x0
     gnome-shell-14986   [000] ..... 11183.638878: i915_request_add: dev=1, engine=0:0, ctx=30, seqno=1685248, tail=10488
   kworker/u33:1-57411   [006] d.h3. 11183.639154: i915_reg_rw: write reg=0x20a8, len=4, val=(0xfffff6f6, 0x0)
   kworker/u33:1-57411   [006] ..... 11183.639160: i915_request_wait_begin: dev=1, engine=0:0, ctx=30, seqno=1685246, flags=0x2
          <idle>-0       [007] d.H3. 11183.639707: i915_reg_rw: write reg=0x20a8, len=4, val=(0xfffff6f7, 0x0)
     kworker/7:0-83001   [007] ..... 11183.639718: i915_request_retire: dev=1, engine=0:0, ctx=30, seqno=1685246, tail=11040
     kworker/7:0-83001   [007] ..... 11183.639723: i915_request_retire: dev=1, engine=0:0, ctx=30, seqno=1685248, tail=11224
   kworker/u33:1-57411   [006] ..... 11183.639740: i915_request_wait_end: dev=1, engine=0:0, ctx=30, seqno=1685246, tail=11040
   kworker/u33:1-57411   [006] ..... 11183.639753: intel_plane_update_noarm: dev 0000:00:02.0, pipe A, plane 1A, frame=671589, scanline=679, format=XR30 little-endian (0x30335258), 1920.000000x1080.000000+0.000000+0.000000 -> 1920x1080+0+0
   kworker/u33:1-57411   [006] ...2. 11183.639755: i915_reg_rw: read reg=0x70040, len=4, val=(0xa3f65, 0x0)
   kworker/u33:1-57411   [006] d..3. 11183.639755: i915_reg_rw: read reg=0x70000, len=4, val=(0x2a6, 0x0)
   kworker/u33:1-57411   [006] ..... 11183.639756: i915_reg_rw: write reg=0x70188, len=4, val=(0xf, 0x0)
   kworker/u33:1-57411   [006] ..... 11183.639757: i915_reg_rw: write reg=0x7018c, len=4, val=(0x0, 0x0)
   kworker/u33:1-57411   [006] ..... 11183.639757: i915_reg_rw: write reg=0x70190, len=4, val=(0x437077f, 0x0)
   kworker/u33:1-57411   [006] ..... 11183.639758: i915_reg_rw: write reg=0x70240, len=4, val=(0x80000016, 0x0)
   kworker/u33:1-57411   [006] ..... 11183.639758: i915_reg_rw: write reg=0x70244, len=4, val=(0x8000c02b, 0x0)
   kworker/u33:1-57411   [006] ..... 11183.639758: i915_reg_rw: write reg=0x70248, len=4, val=(0x8000c02f, 0x0)
   kworker/u33:1-57411   [006] ..... 11183.639759: i915_reg_rw: write reg=0x7024c, len=4, val=(0x8001003b, 0x0)
   kworker/u33:1-57411   [006] ..... 11183.639759: i915_reg_rw: write reg=0x70250, len=4, val=(0x8001805c, 0x0)
   kworker/u33:1-57411   [006] ..... 11183.639759: i915_reg_rw: write reg=0x70254, len=4, val=(0x8001c06b, 0x0)
   kworker/u33:1-57411   [006] ..... 11183.639760: i915_reg_rw: write reg=0x70258, len=4, val=(0x8001c06b, 0x0)
   kworker/u33:1-57411   [006] ..... 11183.639760: i915_reg_rw: write reg=0x7025c, len=4, val=(0x8002007a, 0x0)
   kworker/u33:1-57411   [006] ..... 11183.639760: i915_reg_rw: write reg=0x70268, len=4, val=(0x0, 0x0)
   kworker/u33:1-57411   [006] ..... 11183.639761: i915_reg_rw: write reg=0x7027c, len=4, val=(0x35b0000, 0x0)
   kworker/u33:1-57411   [006] ..... 11183.639761: i915_reg_rw: write reg=0x70278, len=4, val=(0x0, 0x0)
   kworker/u33:1-57411   [006] d.... 11183.639763: intel_pipe_update_start: dev 0000:00:02.0, pipe A, frame=671589, scanline=680, min=1073, max=1079
   kworker/u33:1-57411   [006] d..2. 11183.639764: i915_reg_rw: read reg=0x70040, len=4, val=(0xa3f65, 0x0)
   kworker/u33:1-57411   [006] d..3. 11183.639764: i915_reg_rw: read reg=0x70000, len=4, val=(0x2a7, 0x0)
   kworker/u33:1-57411   [006] d..1. 11183.639765: i915_reg_rw: read reg=0x70000, len=4, val=(0x2a7, 0x0)
   kworker/u33:1-57411   [006] d.... 11183.639765: i915_reg_rw: read reg=0x70040, len=4, val=(0xa3f65, 0x0)
   kworker/u33:1-57411   [006] d.... 11183.639766: intel_pipe_update_vblank_evaded: dev 0000:00:02.0, pipe A, frame=671589, scanline=680, min=1073, max=1079
   kworker/u33:1-57411   [006] d.... 11183.639766: i915_reg_rw: write reg=0x70030, len=4, val=(0x50, 0x0)
   kworker/u33:1-57411   [006] d.... 11183.639767: intel_plane_update_arm: dev 0000:00:02.0, pipe A, plane 1A, frame=671589, scanline=680, format=XR30 little-endian (0x30335258), 1920.000000x1080.000000+0.000000+0.000000 -> 1920x1080+0+0
   kworker/u33:1-57411   [006] d..2. 11183.639768: i915_reg_rw: read reg=0x70040, len=4, val=(0xa3f65, 0x0)
   kworker/u33:1-57411   [006] d..3. 11183.639768: i915_reg_rw: read reg=0x70000, len=4, val=(0x2a7, 0x0)
   kworker/u33:1-57411   [006] d.... 11183.639769: i915_reg_rw: write reg=0x70194, len=4, val=(0x0, 0x0)
   kworker/u33:1-57411   [006] d.... 11183.639769: i915_reg_rw: write reg=0x70198, len=4, val=(0x0, 0x0)
   kworker/u33:1-57411   [006] d.... 11183.639770: i915_reg_rw: write reg=0x701a0, len=4, val=(0xff000000, 0x0)
   kworker/u33:1-57411   [006] d.... 11183.639770: i915_reg_rw: write reg=0x701a4, len=4, val=(0x0, 0x0)
   kworker/u33:1-57411   [006] d.... 11183.639770: i915_reg_rw: write reg=0x701c0, len=4, val=(0x0, 0x0)
   kworker/u33:1-57411   [006] d.... 11183.639771: i915_reg_rw: write reg=0x701c4, len=4, val=(0x0, 0x0)
   kworker/u33:1-57411   [006] d.... 11183.639771: i915_reg_rw: write reg=0x70180, len=4, val=(0xc2042400, 0x0)
   kworker/u33:1-57411   [006] d.... 11183.639771: i915_reg_rw: write reg=0x7019c, len=4, val=(0x1c00000, 0x0)
   kworker/u33:1-57411   [006] d.... 11183.639772: intel_scaler_disable_arm: dev 0000:00:02.0, pipe A, scaler 0, frame=671589, scanline=680
   kworker/u33:1-57411   [006] d..2. 11183.639773: i915_reg_rw: read reg=0x70040, len=4, val=(0xa3f65, 0x0)
   kworker/u33:1-57411   [006] d..3. 11183.639773: i915_reg_rw: read reg=0x70000, len=4, val=(0x2a7, 0x0)
   kworker/u33:1-57411   [006] d.... 11183.639773: i915_reg_rw: write reg=0x68180, len=4, val=(0x0, 0x0)
   kworker/u33:1-57411   [006] d.... 11183.639774: i915_reg_rw: write reg=0x68170, len=4, val=(0x0, 0x0)
   kworker/u33:1-57411   [006] d.... 11183.639774: i915_reg_rw: write reg=0x68174, len=4, val=(0x0, 0x0)
   kworker/u33:1-57411   [006] d.... 11183.639774: intel_scaler_disable_arm: dev 0000:00:02.0, pipe A, scaler 1, frame=671589, scanline=680
   kworker/u33:1-57411   [006] d..2. 11183.639775: i915_reg_rw: read reg=0x70040, len=4, val=(0xa3f65, 0x0)
   kworker/u33:1-57411   [006] d..3. 11183.639775: i915_reg_rw: read reg=0x70000, len=4, val=(0x2a7, 0x0)
   kworker/u33:1-57411   [006] d.... 11183.639775: i915_reg_rw: write reg=0x68280, len=4, val=(0x0, 0x0)
   kworker/u33:1-57411   [006] d.... 11183.639776: i915_reg_rw: write reg=0x68270, len=4, val=(0x0, 0x0)
   kworker/u33:1-57411   [006] d.... 11183.639776: i915_reg_rw: write reg=0x68274, len=4, val=(0x0, 0x0)
   kworker/u33:1-57411   [006] d..1. 11183.639777: i915_reg_rw: read reg=0x70000, len=4, val=(0x2a8, 0x0)
   kworker/u33:1-57411   [006] d.... 11183.639777: i915_reg_rw: read reg=0x70040, len=4, val=(0xa3f65, 0x0)
   kworker/u33:1-57411   [006] d.... 11183.639778: intel_pipe_update_end: dev 0000:00:02.0, pipe A, frame=671589, scanline=681
   kworker/u33:1-57411   [006] d..2. 11183.639779: i915_reg_rw: read reg=0x70040, len=4, val=(0xa3f65, 0x0)
   kworker/u33:1-57411   [006] d..3. 11183.639780: i915_reg_rw: read reg=0x70000, len=4, val=(0x2a8, 0x0)
   kworker/u33:1-57411   [006] d..2. 11183.639780: i915_reg_rw: read reg=0x70040, len=4, val=(0xa3f65, 0x0)
     ksoftirqd/7-60      [007] d.H2. 11183.642547: i915_reg_rw: write reg=0x20a8, len=4, val=(0xfffff6f6, 0x0)
     kworker/7:0-83001   [007] ..... 11183.642719: i915_request_retire: dev=1, engine=0:0, ctx=5, seqno=714789, tail=1224
     kworker/7:0-83001   [007] d.h3. 11183.642721: i915_reg_rw: write reg=0x20a8, len=4, val=(0xfffff6f7, 0x0)
     kworker/7:0-83001   [007] ..... 11183.642821: i915_reg_rw: read reg=0x8504, len=4, val=(0xfc004c3, 0x0)
          <idle>-0       [007] d.h1. 11183.645652: i915_reg_rw: read reg=0x44408, len=4, val=(0x1, 0x0)
          <idle>-0       [007] d.h1. 11183.645653: i915_reg_rw: write reg=0x44408, len=4, val=(0x1, 0x0)
          <idle>-0       [007] d.h3. 11183.645654: i915_reg_rw: read reg=0x70040, len=4, val=(0xa3f66, 0x0)
          <idle>-0       [007] d.h4. 11183.645655: i915_reg_rw: read reg=0x70000, len=4, val=(0x437, 0x0)
          <idle>-0       [007] d.h3. 11183.645655: i915_reg_rw: read reg=0x70040, len=4, val=(0xa3f66, 0x0)
   kworker/u33:1-57411   [006] ..... 11183.645700: intel_frontbuffer_flush: dev 0000:00:02.0, frontbuffer_bits=0x00000001, origin=2
          bobide-73329   [000] ..... 11183.647027: i915_request_queue: dev=1, engine=0:0, ctx=127, seqno=108068, flags=0x0
          bobide-73329   [000] ..... 11183.647029: i915_request_add: dev=1, engine=0:0, ctx=127, seqno=108068, tail=11776
          bobide-73329   [000] ..... 11183.647430: i915_request_queue: dev=1, engine=0:0, ctx=127, seqno=108070, flags=0x0
          bobide-73329   [000] ..... 11183.647431: i915_request_add: dev=1, engine=0:0, ctx=127, seqno=108070, tail=16192
     kworker/7:0-83001   [007] ..... 11183.649130: i915_request_retire: dev=1, engine=0:0, ctx=127, seqno=108068, tail=2024
     kworker/7:0-83001   [007] ..... 11183.649137: i915_request_retire: dev=1, engine=0:0, ctx=127, seqno=108070, tail=2208
     ksoftirqd/7-60      [007] d.H2. 11183.651550: i915_reg_rw: write reg=0x20a8, len=4, val=(0xfffff6f6, 0x0)
     kworker/7:0-83001   [007] ..... 11183.651714: i915_request_retire: dev=1, engine=0:0, ctx=5, seqno=714790, tail=1360
     kworker/7:0-83001   [007] d.h3. 11183.651717: i915_reg_rw: write reg=0x20a8, len=4, val=(0xfffff6f7, 0x0)
     kworker/7:0-83001   [007] ..... 11183.651746: i915_reg_rw: read reg=0x8504, len=4, val=(0xfc004c3, 0x0)
     gnome-shell-14986   [001] ..... 11183.655403: i915_request_queue: dev=1, engine=0:0, ctx=30, seqno=1685250, flags=0x0
     gnome-shell-14986   [001] ..... 11183.655405: i915_request_add: dev=1, engine=0:0, ctx=30, seqno=1685250, tail=14904
     gnome-shell-14986   [001] ..... 11183.655569: i915_request_queue: dev=1, engine=0:0, ctx=30, seqno=1685252, flags=0x0
     gnome-shell-14986   [001] ..... 11183.655570: i915_request_add: dev=1, engine=0:0, ctx=30, seqno=1685252, tail=14168
   kworker/u33:1-57411   [006] d.h3. 11183.655858: i915_reg_rw: write reg=0x20a8, len=4, val=(0xfffff6f6, 0x0)
   kworker/u33:1-57411   [006] ..... 11183.655864: i915_request_wait_begin: dev=1, engine=0:0, ctx=30, seqno=1685250, flags=0x2
          <idle>-0       [007] d.H3. 11183.656344: i915_reg_rw: write reg=0x20a8, len=4, val=(0xfffff6f7, 0x0)
   kworker/u33:1-57411   [006] ..... 11183.656347: i915_request_wait_end: dev=1, engine=0:0, ctx=30, seqno=1685250, tail=11408
     kworker/7:0-83001   [007] ..... 11183.656372: i915_request_retire: dev=1, engine=0:0, ctx=30, seqno=1685250, tail=11408
     kworker/7:0-83001   [007] ..... 11183.656374: i915_request_retire: dev=1, engine=0:0, ctx=30, seqno=1685252, tail=11592
   kworker/u33:1-57411   [006] ..... 11183.656383: intel_plane_update_noarm: dev 0000:00:02.0, pipe A, plane 1A, frame=671590, scanline=677, format=XR30 little-endian (0x30335258), 1920.000000x1080.000000+0.000000+0.000000 -> 1920x1080+0+0
   kworker/u33:1-57411   [006] ...2. 11183.656384: i915_reg_rw: read reg=0x70040, len=4, val=(0xa3f66, 0x0)
   kworker/u33:1-57411   [006] d..3. 11183.656385: i915_reg_rw: read reg=0x70000, len=4, val=(0x2a4, 0x0)
   kworker/u33:1-57411   [006] ..... 11183.656386: i915_reg_rw: write reg=0x70188, len=4, val=(0xf, 0x0)
   kworker/u33:1-57411   [006] ..... 11183.656387: i915_reg_rw: write reg=0x7018c, len=4, val=(0x0, 0x0)
   kworker/u33:1-57411   [006] ..... 11183.656387: i915_reg_rw: write reg=0x70190, len=4, val=(0x437077f, 0x0)
   kworker/u33:1-57411   [006] ..... 11183.656388: i915_reg_rw: write reg=0x70240, len=4, val=(0x80000016, 0x0)
   kworker/u33:1-57411   [006] ..... 11183.656388: i915_reg_rw: write reg=0x70244, len=4, val=(0x8000c02b, 0x0)
   kworker/u33:1-57411   [006] ..... 11183.656388: i915_reg_rw: write reg=0x70248, len=4, val=(0x8000c02f, 0x0)
   kworker/u33:1-57411   [006] ..... 11183.656389: i915_reg_rw: write reg=0x7024c, len=4, val=(0x8001003b, 0x0)
   kworker/u33:1-57411   [006] ..... 11183.656389: i915_reg_rw: write reg=0x70250, len=4, val=(0x8001805c, 0x0)
   kworker/u33:1-57411   [006] ..... 11183.656390: i915_reg_rw: write reg=0x70254, len=4, val=(0x8001c06b, 0x0)
   kworker/u33:1-57411   [006] ..... 11183.656390: i915_reg_rw: write reg=0x70258, len=4, val=(0x8001c06b, 0x0)
   kworker/u33:1-57411   [006] ..... 11183.656390: i915_reg_rw: write reg=0x7025c, len=4, val=(0x8002007a, 0x0)
   kworker/u33:1-57411   [006] ..... 11183.656391: i915_reg_rw: write reg=0x70268, len=4, val=(0x0, 0x0)
   kworker/u33:1-57411   [006] ..... 11183.656391: i915_reg_rw: write reg=0x7027c, len=4, val=(0x35b0000, 0x0)
   kworker/u33:1-57411   [006] ..... 11183.656391: i915_reg_rw: write reg=0x70278, len=4, val=(0x0, 0x0)
   kworker/u33:1-57411   [006] d.... 11183.656394: intel_pipe_update_start: dev 0000:00:02.0, pipe A, frame=671590, scanline=677, min=1073, max=1079
   kworker/u33:1-57411   [006] d..2. 11183.656394: i915_reg_rw: read reg=0x70040, len=4, val=(0xa3f66, 0x0)
   kworker/u33:1-57411   [006] d..3. 11183.656395: i915_reg_rw: read reg=0x70000, len=4, val=(0x2a4, 0x0)
   kworker/u33:1-57411   [006] d..1. 11183.656395: i915_reg_rw: read reg=0x70000, len=4, val=(0x2a4, 0x0)
   kworker/u33:1-57411   [006] d.... 11183.656396: i915_reg_rw: read reg=0x70040, len=4, val=(0xa3f66, 0x0)
   kworker/u33:1-57411   [006] d.... 11183.656397: intel_pipe_update_vblank_evaded: dev 0000:00:02.0, pipe A, frame=671590, scanline=677, min=1073, max=1079
   kworker/u33:1-57411   [006] d.... 11183.656397: i915_reg_rw: write reg=0x70030, len=4, val=(0x50, 0x0)
   kworker/u33:1-57411   [006] d.... 11183.656398: intel_plane_update_arm: dev 0000:00:02.0, pipe A, plane 1A, frame=671590, scanline=678, format=XR30 little-endian (0x30335258), 1920.000000x1080.000000+0.000000+0.000000 -> 1920x1080+0+0
   kworker/u33:1-57411   [006] d..2. 11183.656399: i915_reg_rw: read reg=0x70040, len=4, val=(0xa3f66, 0x0)
   kworker/u33:1-57411   [006] d..3. 11183.656399: i915_reg_rw: read reg=0x70000, len=4, val=(0x2a5, 0x0)
   kworker/u33:1-57411   [006] d.... 11183.656400: i915_reg_rw: write reg=0x70194, len=4, val=(0x0, 0x0)
   kworker/u33:1-57411   [006] d.... 11183.656400: i915_reg_rw: write reg=0x70198, len=4, val=(0x0, 0x0)
   kworker/u33:1-57411   [006] d.... 11183.656401: i915_reg_rw: write reg=0x701a0, len=4, val=(0xff000000, 0x0)
   kworker/u33:1-57411   [006] d.... 11183.656401: i915_reg_rw: write reg=0x701a4, len=4, val=(0x0, 0x0)
   kworker/u33:1-57411   [006] d.... 11183.656401: i915_reg_rw: write reg=0x701c0, len=4, val=(0x0, 0x0)
   kworker/u33:1-57411   [006] d.... 11183.656402: i915_reg_rw: write reg=0x701c4, len=4, val=(0x0, 0x0)
   kworker/u33:1-57411   [006] d.... 11183.656402: i915_reg_rw: write reg=0x70180, len=4, val=(0xc2042400, 0x0)
   kworker/u33:1-57411   [006] d.... 11183.656402: i915_reg_rw: write reg=0x7019c, len=4, val=(0x25c0000, 0x0)
   kworker/u33:1-57411   [006] d.... 11183.656403: intel_scaler_disable_arm: dev 0000:00:02.0, pipe A, scaler 0, frame=671590, scanline=678
   kworker/u33:1-57411   [006] d..2. 11183.656404: i915_reg_rw: read reg=0x70040, len=4, val=(0xa3f66, 0x0)
   kworker/u33:1-57411   [006] d..3. 11183.656404: i915_reg_rw: read reg=0x70000, len=4, val=(0x2a5, 0x0)
   kworker/u33:1-57411   [006] d.... 11183.656404: i915_reg_rw: write reg=0x68180, len=4, val=(0x0, 0x0)
   kworker/u33:1-57411   [006] d.... 11183.656405: i915_reg_rw: write reg=0x68170, len=4, val=(0x0, 0x0)
   kworker/u33:1-57411   [006] d.... 11183.656405: i915_reg_rw: write reg=0x68174, len=4, val=(0x0, 0x0)
   kworker/u33:1-57411   [006] d.... 11183.656405: intel_scaler_disable_arm: dev 0000:00:02.0, pipe A, scaler 1, frame=671590, scanline=678
   kworker/u33:1-57411   [006] d..2. 11183.656406: i915_reg_rw: read reg=0x70040, len=4, val=(0xa3f66, 0x0)
   kworker/u33:1-57411   [006] d..3. 11183.656406: i915_reg_rw: read reg=0x70000, len=4, val=(0x2a5, 0x0)
   kworker/u33:1-57411   [006] d.... 11183.656406: i915_reg_rw: write reg=0x68280, len=4, val=(0x0, 0x0)
   kworker/u33:1-57411   [006] d.... 11183.656407: i915_reg_rw: write reg=0x68270, len=4, val=(0x0, 0x0)
   kworker/u33:1-57411   [006] d.... 11183.656407: i915_reg_rw: write reg=0x68274, len=4, val=(0x0, 0x0)
   kworker/u33:1-57411   [006] d..1. 11183.656408: i915_reg_rw: read reg=0x70000, len=4, val=(0x2a5, 0x0)
   kworker/u33:1-57411   [006] d.... 11183.656409: i915_reg_rw: read reg=0x70040, len=4, val=(0xa3f66, 0x0)
   kworker/u33:1-57411   [006] d.... 11183.656409: intel_pipe_update_end: dev 0000:00:02.0, pipe A, frame=671590, scanline=678
   kworker/u33:1-57411   [006] d..2. 11183.656410: i915_reg_rw: read reg=0x70040, len=4, val=(0xa3f66, 0x0)
   kworker/u33:1-57411   [006] d..3. 11183.656411: i915_reg_rw: read reg=0x70000, len=4, val=(0x2a6, 0x0)
   kworker/u33:1-57411   [006] d..2. 11183.656412: i915_reg_rw: read reg=0x70040, len=4, val=(0xa3f66, 0x0)
     ksoftirqd/7-60      [007] d.H2. 11183.659478: i915_reg_rw: write reg=0x20a8, len=4, val=(0xfffff6f6, 0x0)
     kworker/7:0-83001   [007] ..... 11183.659668: i915_request_retire: dev=1, engine=0:0, ctx=5, seqno=714791, tail=1496
     kworker/7:0-83001   [007] d.h3. 11183.659670: i915_reg_rw: write reg=0x20a8, len=4, val=(0xfffff6f7, 0x0)
     kworker/7:0-83001   [007] ..... 11183.659699: i915_reg_rw: read reg=0x8504, len=4, val=(0xfc004c3, 0x0)
          <idle>-0       [007] d.h1. 11183.662360: i915_reg_rw: read reg=0x44408, len=4, val=(0x1, 0x0)
          <idle>-0       [007] d.h1. 11183.662361: i915_reg_rw: write reg=0x44408, len=4, val=(0x1, 0x0)
          <idle>-0       [007] d.h3. 11183.662362: i915_reg_rw: read reg=0x70040, len=4, val=(0xa3f67, 0x0)
          <idle>-0       [007] d.h4. 11183.662363: i915_reg_rw: read reg=0x70000, len=4, val=(0x43a, 0x0)
          <idle>-0       [007] d.h3. 11183.662363: i915_reg_rw: read reg=0x70040, len=4, val=(0xa3f67, 0x0)
   kworker/u33:1-57411   [006] ..... 11183.662374: intel_frontbuffer_flush: dev 0000:00:02.0, frontbuffer_bits=0x00000001, origin=2
          bobide-73329   [000] ..... 11183.664180: i915_request_queue: dev=1, engine=0:0, ctx=127, seqno=108072, flags=0x0
          bobide-73329   [000] ..... 11183.664182: i915_request_add: dev=1, engine=0:0, ctx=127, seqno=108072, tail=14720
          bobide-73329   [000] d.h3. 11183.664535: i915_reg_rw: write reg=0x20a8, len=4, val=(0xfffff6f6, 0x0)
     kworker/7:0-83001   [007] ..... 11183.665784: i915_request_retire: dev=1, engine=0:0, ctx=127, seqno=108072, tail=2392
     kworker/7:0-83001   [007] ..... 11183.669743: i915_request_retire: dev=1, engine=0:0, ctx=5, seqno=714792, tail=1632
     kworker/7:0-83001   [007] d.h3. 11183.669748: i915_reg_rw: write reg=0x20a8, len=4, val=(0xfffff6f7, 0x0)
     kworker/7:0-83001   [007] ..... 11183.669762: i915_reg_rw: read reg=0x8504, len=4, val=(0xfc004c3, 0x0)
     gnome-shell-14986   [000] ..... 11183.672115: i915_request_queue: dev=1, engine=0:0, ctx=30, seqno=1685254, flags=0x0
     gnome-shell-14986   [000] ..... 11183.672118: i915_request_add: dev=1, engine=0:0, ctx=30, seqno=1685254, tail=13984
     gnome-shell-14986   [000] ..... 11183.672277: i915_request_queue: dev=1, engine=0:0, ctx=30, seqno=1685256, flags=0x0
     gnome-shell-14986   [000] ..... 11183.672277: i915_request_add: dev=1, engine=0:0, ctx=30, seqno=1685256, tail=13248
   kworker/u33:1-57411   [006] d.h3. 11183.672673: i915_reg_rw: write reg=0x20a8, len=4, val=(0xfffff6f6, 0x0)
   kworker/u33:1-57411   [006] ..... 11183.672681: i915_request_wait_begin: dev=1, engine=0:0, ctx=30, seqno=1685254, flags=0x2
          <idle>-0       [007] d.H3. 11183.673074: i915_reg_rw: write reg=0x20a8, len=4, val=(0xfffff6f7, 0x0)
   kworker/u33:1-57411   [006] ..... 11183.673083: i915_request_wait_end: dev=1, engine=0:0, ctx=30, seqno=1685254, tail=11776
     kworker/7:0-83001   [007] ..... 11183.673099: i915_request_retire: dev=1, engine=0:0, ctx=30, seqno=1685254, tail=11776
     kworker/7:0-83001   [007] ..... 11183.673102: i915_request_retire: dev=1, engine=0:0, ctx=30, seqno=1685256, tail=11960
   kworker/u33:1-57411   [006] ..... 11183.673120: intel_plane_update_noarm: dev 0000:00:02.0, pipe A, plane 1A, frame=671591, scanline=682, format=XR30 little-endian (0x30335258), 1920.000000x1080.000000+0.000000+0.000000 -> 1920x1080+0+0
   kworker/u33:1-57411   [006] ...2. 11183.673122: i915_reg_rw: read reg=0x70040, len=4, val=(0xa3f67, 0x0)
   kworker/u33:1-57411   [006] d..3. 11183.673123: i915_reg_rw: read reg=0x70000, len=4, val=(0x2a9, 0x0)
   kworker/u33:1-57411   [006] ..... 11183.673125: i915_reg_rw: write reg=0x70188, len=4, val=(0xf, 0x0)
   kworker/u33:1-57411   [006] ..... 11183.673125: i915_reg_rw: write reg=0x7018c, len=4, val=(0x0, 0x0)
   kworker/u33:1-57411   [006] ..... 11183.673126: i915_reg_rw: write reg=0x70190, len=4, val=(0x437077f, 0x0)
   kworker/u33:1-57411   [006] ..... 11183.673127: i915_reg_rw: write reg=0x70240, len=4, val=(0x80000016, 0x0)
   kworker/u33:1-57411   [006] ..... 11183.673128: i915_reg_rw: write reg=0x70244, len=4, val=(0x8000c02b, 0x0)
   kworker/u33:1-57411   [006] ..... 11183.673128: i915_reg_rw: write reg=0x70248, len=4, val=(0x8000c02f, 0x0)
   kworker/u33:1-57411   [006] ..... 11183.673129: i915_reg_rw: write reg=0x7024c, len=4, val=(0x8001003b, 0x0)
   kworker/u33:1-57411   [006] ..... 11183.673129: i915_reg_rw: write reg=0x70250, len=4, val=(0x8001805c, 0x0)
   kworker/u33:1-57411   [006] ..... 11183.673130: i915_reg_rw: write reg=0x70254, len=4, val=(0x8001c06b, 0x0)
   kworker/u33:1-57411   [006] ..... 11183.673131: i915_reg_rw: write reg=0x70258, len=4, val=(0x8001c06b, 0x0)
   kworker/u33:1-57411   [006] ..... 11183.673131: i915_reg_rw: write reg=0x7025c, len=4, val=(0x8002007a, 0x0)
   kworker/u33:1-57411   [006] ..... 11183.673132: i915_reg_rw: write reg=0x70268, len=4, val=(0x0, 0x0)
   kworker/u33:1-57411   [006] ..... 11183.673132: i915_reg_rw: write reg=0x7027c, len=4, val=(0x35b0000, 0x0)
   kworker/u33:1-57411   [006] ..... 11183.673133: i915_reg_rw: write reg=0x70278, len=4, val=(0x0, 0x0)
   kworker/u33:1-57411   [006] d.... 11183.673137: intel_pipe_update_start: dev 0000:00:02.0, pipe A, frame=671591, scanline=683, min=1073, max=1079
   kworker/u33:1-57411   [006] d..2. 11183.673137: i915_reg_rw: read reg=0x70040, len=4, val=(0xa3f67, 0x0)
   kworker/u33:1-57411   [006] d..3. 11183.673138: i915_reg_rw: read reg=0x70000, len=4, val=(0x2aa, 0x0)
   kworker/u33:1-57411   [006] d..1. 11183.673139: i915_reg_rw: read reg=0x70000, len=4, val=(0x2aa, 0x0)
   kworker/u33:1-57411   [006] d.... 11183.673140: i915_reg_rw: read reg=0x70040, len=4, val=(0xa3f67, 0x0)
   kworker/u33:1-57411   [006] d.... 11183.673141: intel_pipe_update_vblank_evaded: dev 0000:00:02.0, pipe A, frame=671591, scanline=683, min=1073, max=1079
   kworker/u33:1-57411   [006] d.... 11183.673142: i915_reg_rw: write reg=0x70030, len=4, val=(0x50, 0x0)
   kworker/u33:1-57411   [006] d.... 11183.673145: intel_plane_update_arm: dev 0000:00:02.0, pipe A, plane 1A, frame=671591, scanline=683, format=XR30 little-endian (0x30335258), 1920.000000x1080.000000+0.000000+0.000000 -> 1920x1080+0+0
   kworker/u33:1-57411   [006] d..2. 11183.673145: i915_reg_rw: read reg=0x70040, len=4, val=(0xa3f67, 0x0)
   kworker/u33:1-57411   [006] d..3. 11183.673146: i915_reg_rw: read reg=0x70000, len=4, val=(0x2aa, 0x0)
   kworker/u33:1-57411   [006] d.... 11183.673147: i915_reg_rw: write reg=0x70194, len=4, val=(0x0, 0x0)
   kworker/u33:1-57411   [006] d.... 11183.673148: i915_reg_rw: write reg=0x70198, len=4, val=(0x0, 0x0)
   kworker/u33:1-57411   [006] d.... 11183.673148: i915_reg_rw: write reg=0x701a0, len=4, val=(0xff000000, 0x0)
   kworker/u33:1-57411   [006] d.... 11183.673149: i915_reg_rw: write reg=0x701a4, len=4, val=(0x0, 0x0)
   kworker/u33:1-57411   [006] d.... 11183.673150: i915_reg_rw: write reg=0x701c0, len=4, val=(0x0, 0x0)
   kworker/u33:1-57411   [006] d.... 11183.673150: i915_reg_rw: write reg=0x701c4, len=4, val=(0x0, 0x0)
   kworker/u33:1-57411   [006] d.... 11183.673151: i915_reg_rw: write reg=0x70180, len=4, val=(0xc2042400, 0x0)
   kworker/u33:1-57411   [006] d.... 11183.673152: i915_reg_rw: write reg=0x7019c, len=4, val=(0x3300000, 0x0)
   kworker/u33:1-57411   [006] d.... 11183.673153: intel_scaler_disable_arm: dev 0000:00:02.0, pipe A, scaler 0, frame=671591, scanline=684
   kworker/u33:1-57411   [006] d..2. 11183.673154: i915_reg_rw: read reg=0x70040, len=4, val=(0xa3f67, 0x0)
   kworker/u33:1-57411   [006] d..3. 11183.673154: i915_reg_rw: read reg=0x70000, len=4, val=(0x2ab, 0x0)
   kworker/u33:1-57411   [006] d.... 11183.673155: i915_reg_rw: write reg=0x68180, len=4, val=(0x0, 0x0)
   kworker/u33:1-57411   [006] d.... 11183.673155: i915_reg_rw: write reg=0x68170, len=4, val=(0x0, 0x0)
   kworker/u33:1-57411   [006] d.... 11183.673156: i915_reg_rw: write reg=0x68174, len=4, val=(0x0, 0x0)
   kworker/u33:1-57411   [006] d.... 11183.673157: intel_scaler_disable_arm: dev 0000:00:02.0, pipe A, scaler 1, frame=671591, scanline=684
   kworker/u33:1-57411   [006] d..2. 11183.673157: i915_reg_rw: read reg=0x70040, len=4, val=(0xa3f67, 0x0)
   kworker/u33:1-57411   [006] d..3. 11183.673158: i915_reg_rw: read reg=0x70000, len=4, val=(0x2ab, 0x0)
   kworker/u33:1-57411   [006] d.... 11183.673158: i915_reg_rw: write reg=0x68280, len=4, val=(0x0, 0x0)
   kworker/u33:1-57411   [006] d.... 11183.673159: i915_reg_rw: write reg=0x68270, len=4, val=(0x0, 0x0)
   kworker/u33:1-57411   [006] d.... 11183.673160: i915_reg_rw: write reg=0x68274, len=4, val=(0x0, 0x0)
   kworker/u33:1-57411   [006] d..1. 11183.673161: i915_reg_rw: read reg=0x70000, len=4, val=(0x2ab, 0x0)
   kworker/u33:1-57411   [006] d.... 11183.673161: i915_reg_rw: read reg=0x70040, len=4, val=(0xa3f67, 0x0)
   kworker/u33:1-57411   [006] d.... 11183.673163: intel_pipe_update_end: dev 0000:00:02.0, pipe A, frame=671591, scanline=684
   kworker/u33:1-57411   [006] d..2. 11183.673165: i915_reg_rw: read reg=0x70040, len=4, val=(0xa3f67, 0x0)
   kworker/u33:1-57411   [006] d..3. 11183.673166: i915_reg_rw: read reg=0x70000, len=4, val=(0x2ac, 0x0)
   kworker/u33:1-57411   [006] d..2. 11183.673167: i915_reg_rw: read reg=0x70040, len=4, val=(0xa3f67, 0x0)
     ksoftirqd/7-60      [007] d.H2. 11183.675513: i915_reg_rw: write reg=0x20a8, len=4, val=(0xfffff6f6, 0x0)
     kworker/7:0-83001   [007] ..... 11183.675690: i915_request_retire: dev=1, engine=0:0, ctx=5, seqno=714793, tail=1768
     kworker/7:0-83001   [007] d.h3. 11183.675693: i915_reg_rw: write reg=0x20a8, len=4, val=(0xfffff6f7, 0x0)
     kworker/7:0-83001   [007] ..... 11183.675714: i915_reg_rw: read reg=0x8504, len=4, val=(0xfc004c3, 0x0)
          <idle>-0       [007] d.h1. 11183.679020: i915_reg_rw: read reg=0x44408, len=4, val=(0x1, 0x0)
          <idle>-0       [007] d.h1. 11183.679022: i915_reg_rw: write reg=0x44408, len=4, val=(0x1, 0x0)
          <idle>-0       [007] d.h3. 11183.679028: i915_reg_rw: read reg=0x70040, len=4, val=(0xa3f68, 0x0)
          <idle>-0       [007] d.h4. 11183.679029: i915_reg_rw: read reg=0x70000, len=4, val=(0x43a, 0x0)
          <idle>-0       [007] d.h3. 11183.679030: i915_reg_rw: read reg=0x70040, len=4, val=(0xa3f68, 0x0)
   kworker/u33:1-57411   [006] ..... 11183.679098: intel_frontbuffer_flush: dev 0000:00:02.0, frontbuffer_bits=0x00000001, origin=2
          bobide-73329   [000] ..... 11183.681527: i915_request_queue: dev=1, engine=0:0, ctx=127, seqno=108074, flags=0x0
          bobide-73329   [000] ..... 11183.681530: i915_request_add: dev=1, engine=0:0, ctx=127, seqno=108074, tail=12880
     kworker/7:0-83001   [007] ..... 11183.683062: i915_request_retire: dev=1, engine=0:0, ctx=127, seqno=108074, tail=2576
     ksoftirqd/7-60      [007] d.H2. 11183.685471: i915_reg_rw: write reg=0x20a8, len=4, val=(0xfffff6f6, 0x0)
     kworker/7:0-83001   [007] ..... 11183.685649: i915_request_retire: dev=1, engine=0:0, ctx=5, seqno=714794, tail=1904
     kworker/7:0-83001   [007] d.h3. 11183.685653: i915_reg_rw: write reg=0x20a8, len=4, val=(0xfffff6f7, 0x0)
     kworker/7:0-83001   [007] ..... 11183.685680: i915_reg_rw: read reg=0x8504, len=4, val=(0xfc004c3, 0x0)
     gnome-shell-14986   [000] ..... 11183.689198: i915_request_queue: dev=1, engine=0:0, ctx=30, seqno=1685258, flags=0x0
     gnome-shell-14986   [000] ..... 11183.689201: i915_request_add: dev=1, engine=0:0, ctx=30, seqno=1685258, tail=15824
     gnome-shell-14986   [000] ..... 11183.689396: i915_request_queue: dev=1, engine=0:0, ctx=30, seqno=1685260, flags=0x0
     gnome-shell-14986   [000] ..... 11183.689397: i915_request_add: dev=1, engine=0:0, ctx=30, seqno=1685260, tail=11408
   kworker/u33:1-57411   [006] d.h3. 11183.689905: i915_reg_rw: write reg=0x20a8, len=4, val=(0xfffff6f6, 0x0)
   kworker/u33:1-57411   [006] ..... 11183.689916: i915_request_wait_begin: dev=1, engine=0:0, ctx=30, seqno=1685258, flags=0x2
          <idle>-0       [007] d.h3. 11183.690204: i915_reg_rw: write reg=0x20a8, len=4, val=(0xfffff6f7, 0x0)
   kworker/u33:1-57411   [006] ..... 11183.690213: i915_request_wait_end: dev=1, engine=0:0, ctx=30, seqno=1685258, tail=12144
   kworker/u33:1-57411   [006] ..... 11183.690235: intel_plane_update_noarm: dev 0000:00:02.0, pipe A, plane 1A, frame=671592, scanline=712, format=XR30 little-endian (0x30335258), 1920.000000x1080.000000+0.000000+0.000000 -> 1920x1080+0+0
   kworker/u33:1-57411   [006] ...2. 11183.690237: i915_reg_rw: read reg=0x70040, len=4, val=(0xa3f68, 0x0)
   kworker/u33:1-57411   [006] d..3. 11183.690238: i915_reg_rw: read reg=0x70000, len=4, val=(0x2c7, 0x0)
     kworker/7:0-83001   [007] ..... 11183.690239: i915_request_retire: dev=1, engine=0:0, ctx=30, seqno=1685258, tail=12144
     kworker/7:0-83001   [007] ..... 11183.690241: i915_request_retire: dev=1, engine=0:0, ctx=30, seqno=1685260, tail=12328
   kworker/u33:1-57411   [006] ..... 11183.690241: i915_reg_rw: write reg=0x70188, len=4, val=(0xf, 0x0)
   kworker/u33:1-57411   [006] ..... 11183.690242: i915_reg_rw: write reg=0x7018c, len=4, val=(0x0, 0x0)
   kworker/u33:1-57411   [006] ..... 11183.690243: i915_reg_rw: write reg=0x70190, len=4, val=(0x437077f, 0x0)
   kworker/u33:1-57411   [006] ..... 11183.690244: i915_reg_rw: write reg=0x70240, len=4, val=(0x80000016, 0x0)
   kworker/u33:1-57411   [006] ..... 11183.690245: i915_reg_rw: write reg=0x70244, len=4, val=(0x8000c02b, 0x0)
   kworker/u33:1-57411   [006] ..... 11183.690246: i915_reg_rw: write reg=0x70248, len=4, val=(0x8000c02f, 0x0)
   kworker/u33:1-57411   [006] ..... 11183.690247: i915_reg_rw: write reg=0x7024c, len=4, val=(0x8001003b, 0x0)
   kworker/u33:1-57411   [006] ..... 11183.690248: i915_reg_rw: write reg=0x70250, len=4, val=(0x8001805c, 0x0)
   kworker/u33:1-57411   [006] ..... 11183.690249: i915_reg_rw: write reg=0x70254, len=4, val=(0x8001c06b, 0x0)
   kworker/u33:1-57411   [006] ..... 11183.690250: i915_reg_rw: write reg=0x70258, len=4, val=(0x8001c06b, 0x0)
   kworker/u33:1-57411   [006] ..... 11183.690250: i915_reg_rw: write reg=0x7025c, len=4, val=(0x8002007a, 0x0)
   kworker/u33:1-57411   [006] ..... 11183.690251: i915_reg_rw: write reg=0x70268, len=4, val=(0x0, 0x0)
   kworker/u33:1-57411   [006] ..... 11183.690252: i915_reg_rw: write reg=0x7027c, len=4, val=(0x35b0000, 0x0)
   kworker/u33:1-57411   [006] ..... 11183.690253: i915_reg_rw: write reg=0x70278, len=4, val=(0x0, 0x0)
   kworker/u33:1-57411   [006] d.... 11183.690257: intel_pipe_update_start: dev 0000:00:02.0, pipe A, frame=671592, scanline=714, min=1073, max=1079
   kworker/u33:1-57411   [006] d..2. 11183.690258: i915_reg_rw: read reg=0x70040, len=4, val=(0xa3f68, 0x0)
   kworker/u33:1-57411   [006] d..3. 11183.690259: i915_reg_rw: read reg=0x70000, len=4, val=(0x2c9, 0x0)
   kworker/u33:1-57411   [006] d..1. 11183.690261: i915_reg_rw: read reg=0x70000, len=4, val=(0x2c9, 0x0)
   kworker/u33:1-57411   [006] d.... 11183.690263: i915_reg_rw: read reg=0x70040, len=4, val=(0xa3f68, 0x0)
   kworker/u33:1-57411   [006] d.... 11183.690264: intel_pipe_update_vblank_evaded: dev 0000:00:02.0, pipe A, frame=671592, scanline=714, min=1073, max=1079
   kworker/u33:1-57411   [006] d.... 11183.690266: i915_reg_rw: write reg=0x70030, len=4, val=(0x50, 0x0)
   kworker/u33:1-57411   [006] d.... 11183.690268: intel_plane_update_arm: dev 0000:00:02.0, pipe A, plane 1A, frame=671592, scanline=715, format=XR30 little-endian (0x30335258), 1920.000000x1080.000000+0.000000+0.000000 -> 1920x1080+0+0
   kworker/u33:1-57411   [006] d..2. 11183.690269: i915_reg_rw: read reg=0x70040, len=4, val=(0xa3f68, 0x0)
   kworker/u33:1-57411   [006] d..3. 11183.690270: i915_reg_rw: read reg=0x70000, len=4, val=(0x2ca, 0x0)
   kworker/u33:1-57411   [006] d.... 11183.690272: i915_reg_rw: write reg=0x70194, len=4, val=(0x0, 0x0)
   kworker/u33:1-57411   [006] d.... 11183.690273: i915_reg_rw: write reg=0x70198, len=4, val=(0x0, 0x0)
   kworker/u33:1-57411   [006] d.... 11183.690273: i915_reg_rw: write reg=0x701a0, len=4, val=(0xff000000, 0x0)
   kworker/u33:1-57411   [006] d.... 11183.690274: i915_reg_rw: write reg=0x701a4, len=4, val=(0x0, 0x0)
   kworker/u33:1-57411   [006] d.... 11183.690275: i915_reg_rw: write reg=0x701c0, len=4, val=(0x0, 0x0)
   kworker/u33:1-57411   [006] d.... 11183.690276: i915_reg_rw: write reg=0x701c4, len=4, val=(0x0, 0x0)
   kworker/u33:1-57411   [006] d.... 11183.690277: i915_reg_rw: write reg=0x70180, len=4, val=(0xc2042400, 0x0)
   kworker/u33:1-57411   [006] d.... 11183.690277: i915_reg_rw: write reg=0x7019c, len=4, val=(0x1c00000, 0x0)
   kworker/u33:1-57411   [006] d.... 11183.690279: intel_scaler_disable_arm: dev 0000:00:02.0, pipe A, scaler 0, frame=671592, scanline=715
   kworker/u33:1-57411   [006] d..2. 11183.690280: i915_reg_rw: read reg=0x70040, len=4, val=(0xa3f68, 0x0)
   kworker/u33:1-57411   [006] d..3. 11183.690281: i915_reg_rw: read reg=0x70000, len=4, val=(0x2ca, 0x0)
   kworker/u33:1-57411   [006] d.... 11183.690281: i915_reg_rw: write reg=0x68180, len=4, val=(0x0, 0x0)
   kworker/u33:1-57411   [006] d.... 11183.690282: i915_reg_rw: write reg=0x68170, len=4, val=(0x0, 0x0)
   kworker/u33:1-57411   [006] d.... 11183.690283: i915_reg_rw: write reg=0x68174, len=4, val=(0x0, 0x0)
   kworker/u33:1-57411   [006] d.... 11183.690284: intel_scaler_disable_arm: dev 0000:00:02.0, pipe A, scaler 1, frame=671592, scanline=716
   kworker/u33:1-57411   [006] d..2. 11183.690285: i915_reg_rw: read reg=0x70040, len=4, val=(0xa3f68, 0x0)
   kworker/u33:1-57411   [006] d..3. 11183.690285: i915_reg_rw: read reg=0x70000, len=4, val=(0x2cb, 0x0)
   kworker/u33:1-57411   [006] d.... 11183.690286: i915_reg_rw: write reg=0x68280, len=4, val=(0x0, 0x0)
   kworker/u33:1-57411   [006] d.... 11183.690287: i915_reg_rw: write reg=0x68270, len=4, val=(0x0, 0x0)
   kworker/u33:1-57411   [006] d.... 11183.690287: i915_reg_rw: write reg=0x68274, len=4, val=(0x0, 0x0)
   kworker/u33:1-57411   [006] d..1. 11183.690289: i915_reg_rw: read reg=0x70000, len=4, val=(0x2cb, 0x0)
   kworker/u33:1-57411   [006] d.... 11183.690289: i915_reg_rw: read reg=0x70040, len=4, val=(0xa3f68, 0x0)
   kworker/u33:1-57411   [006] d.... 11183.690291: intel_pipe_update_end: dev 0000:00:02.0, pipe A, frame=671592, scanline=716
   kworker/u33:1-57411   [006] d..2. 11183.690293: i915_reg_rw: read reg=0x70040, len=4, val=(0xa3f68, 0x0)
   kworker/u33:1-57411   [006] d..3. 11183.690295: i915_reg_rw: read reg=0x70000, len=4, val=(0x2cb, 0x0)
   kworker/u33:1-57411   [006] d..2. 11183.690296: i915_reg_rw: read reg=0x70040, len=4, val=(0xa3f68, 0x0)
     ksoftirqd/7-60      [007] d.H2. 11183.692528: i915_reg_rw: write reg=0x20a8, len=4, val=(0xfffff6f6, 0x0)
     kworker/7:0-83001   [007] ..... 11183.692710: i915_request_retire: dev=1, engine=0:0, ctx=5, seqno=714795, tail=2040
     kworker/7:0-83001   [007] d.h3. 11183.692714: i915_reg_rw: write reg=0x20a8, len=4, val=(0xfffff6f7, 0x0)
     kworker/7:0-83001   [007] ..... 11183.692733: i915_reg_rw: read reg=0x8504, len=4, val=(0xfc004c3, 0x0)
          <idle>-0       [007] d.h1. 11183.695696: i915_reg_rw: read reg=0x44408, len=4, val=(0x1, 0x0)
          <idle>-0       [007] d.h1. 11183.695697: i915_reg_rw: write reg=0x44408, len=4, val=(0x1, 0x0)
          <idle>-0       [007] d.h3. 11183.695700: i915_reg_rw: read reg=0x70040, len=4, val=(0xa3f69, 0x0)
          <idle>-0       [007] d.h4. 11183.695701: i915_reg_rw: read reg=0x70000, len=4, val=(0x43a, 0x0)
          <idle>-0       [007] d.h3. 11183.695702: i915_reg_rw: read reg=0x70040, len=4, val=(0xa3f69, 0x0)
   kworker/u33:1-57411   [006] ..... 11183.695756: intel_frontbuffer_flush: dev 0000:00:02.0, frontbuffer_bits=0x00000001, origin=2
          bobide-73329   [000] ..... 11183.698024: i915_request_queue: dev=1, engine=0:0, ctx=127, seqno=108076, flags=0x0
          bobide-73329   [000] ..... 11183.698027: i915_request_add: dev=1, engine=0:0, ctx=127, seqno=108076, tail=15456
     kworker/7:0-83001   [007] ..... 11183.699523: i915_request_retire: dev=1, engine=0:0, ctx=127, seqno=108076, tail=2760
     ksoftirqd/7-60      [007] d.H2. 11183.702554: i915_reg_rw: write reg=0x20a8, len=4, val=(0xfffff6f6, 0x0)
     kworker/7:0-83001   [007] ..... 11183.702844: i915_request_retire: dev=1, engine=0:0, ctx=5, seqno=714796, tail=2176
     kworker/7:0-83001   [007] d.h3. 11183.702851: i915_reg_rw: write reg=0x20a8, len=4, val=(0xfffff6f7, 0x0)
     kworker/7:0-83001   [007] ..... 11183.702866: i915_reg_rw: read reg=0x8504, len=4, val=(0xfc004c3, 0x0)
     gnome-shell-14986   [000] ..... 11183.705869: i915_request_queue: dev=1, engine=0:0, ctx=30, seqno=1685262, flags=0x0
     gnome-shell-14986   [000] ..... 11183.705872: i915_request_add: dev=1, engine=0:0, ctx=30, seqno=1685262, tail=15088
     gnome-shell-14986   [000] ..... 11183.706047: i915_request_queue: dev=1, engine=0:0, ctx=30, seqno=1685264, flags=0x0
     gnome-shell-14986   [000] ..... 11183.706049: i915_request_add: dev=1, engine=0:0, ctx=30, seqno=1685264, tail=11960
   kworker/u33:1-57411   [006] d.h3. 11183.706493: i915_reg_rw: write reg=0x20a8, len=4, val=(0xfffff6f6, 0x0)
   kworker/u33:1-57411   [006] ..... 11183.706503: i915_request_wait_begin: dev=1, engine=0:0, ctx=30, seqno=1685262, flags=0x2
          <idle>-0       [007] d.h3. 11183.706858: i915_reg_rw: write reg=0x20a8, len=4, val=(0xfffff6f7, 0x0)
     kworker/7:0-83001   [007] ..... 11183.706904: i915_request_retire: dev=1, engine=0:0, ctx=30, seqno=1685262, tail=12512
     kworker/7:0-83001   [007] ..... 11183.706907: i915_request_retire: dev=1, engine=0:0, ctx=30, seqno=1685264, tail=12696
   kworker/u33:1-57411   [006] ..... 11183.706910: i915_request_wait_end: dev=1, engine=0:0, ctx=30, seqno=1685262, tail=12512
   kworker/u33:1-57411   [006] ..... 11183.706930: intel_plane_update_noarm: dev 0000:00:02.0, pipe A, plane 1A, frame=671593, scanline=714, format=XR30 little-endian (0x30335258), 1920.000000x1080.000000+0.000000+0.000000 -> 1920x1080+0+0
   kworker/u33:1-57411   [006] ...2. 11183.706932: i915_reg_rw: read reg=0x70040, len=4, val=(0xa3f69, 0x0)
   kworker/u33:1-57411   [006] d..3. 11183.706934: i915_reg_rw: read reg=0x70000, len=4, val=(0x2c9, 0x0)
   kworker/u33:1-57411   [006] ..... 11183.706936: i915_reg_rw: write reg=0x70188, len=4, val=(0xf, 0x0)
   kworker/u33:1-57411   [006] ..... 11183.706936: i915_reg_rw: write reg=0x7018c, len=4, val=(0x0, 0x0)
   kworker/u33:1-57411   [006] ..... 11183.706937: i915_reg_rw: write reg=0x70190, len=4, val=(0x437077f, 0x0)
   kworker/u33:1-57411   [006] ..... 11183.706938: i915_reg_rw: write reg=0x70240, len=4, val=(0x80000016, 0x0)
   kworker/u33:1-57411   [006] ..... 11183.706938: i915_reg_rw: write reg=0x70244, len=4, val=(0x8000c02b, 0x0)
   kworker/u33:1-57411   [006] ..... 11183.706939: i915_reg_rw: write reg=0x70248, len=4, val=(0x8000c02f, 0x0)
   kworker/u33:1-57411   [006] ..... 11183.706939: i915_reg_rw: write reg=0x7024c, len=4, val=(0x8001003b, 0x0)
   kworker/u33:1-57411   [006] ..... 11183.706940: i915_reg_rw: write reg=0x70250, len=4, val=(0x8001805c, 0x0)
   kworker/u33:1-57411   [006] ..... 11183.706940: i915_reg_rw: write reg=0x70254, len=4, val=(0x8001c06b, 0x0)
   kworker/u33:1-57411   [006] ..... 11183.706941: i915_reg_rw: write reg=0x70258, len=4, val=(0x8001c06b, 0x0)
   kworker/u33:1-57411   [006] ..... 11183.706942: i915_reg_rw: write reg=0x7025c, len=4, val=(0x8002007a, 0x0)
   kworker/u33:1-57411   [006] ..... 11183.706942: i915_reg_rw: write reg=0x70268, len=4, val=(0x0, 0x0)
   kworker/u33:1-57411   [006] ..... 11183.706943: i915_reg_rw: write reg=0x7027c, len=4, val=(0x35b0000, 0x0)
   kworker/u33:1-57411   [006] ..... 11183.706943: i915_reg_rw: write reg=0x70278, len=4, val=(0x0, 0x0)
   kworker/u33:1-57411   [006] d.... 11183.706947: intel_pipe_update_start: dev 0000:00:02.0, pipe A, frame=671593, scanline=715, min=1073, max=1079
   kworker/u33:1-57411   [006] d..2. 11183.706947: i915_reg_rw: read reg=0x70040, len=4, val=(0xa3f69, 0x0)
   kworker/u33:1-57411   [006] d..3. 11183.706948: i915_reg_rw: read reg=0x70000, len=4, val=(0x2ca, 0x0)
   kworker/u33:1-57411   [006] d..1. 11183.706949: i915_reg_rw: read reg=0x70000, len=4, val=(0x2cb, 0x0)
   kworker/u33:1-57411   [006] d.... 11183.706951: i915_reg_rw: read reg=0x70040, len=4, val=(0xa3f69, 0x0)
   kworker/u33:1-57411   [006] d.... 11183.706951: intel_pipe_update_vblank_evaded: dev 0000:00:02.0, pipe A, frame=671593, scanline=716, min=1073, max=1079
   kworker/u33:1-57411   [006] d.... 11183.706952: i915_reg_rw: write reg=0x70030, len=4, val=(0x50, 0x0)
   kworker/u33:1-57411   [006] d.... 11183.706954: intel_plane_update_arm: dev 0000:00:02.0, pipe A, plane 1A, frame=671593, scanline=716, format=XR30 little-endian (0x30335258), 1920.000000x1080.000000+0.000000+0.000000 -> 1920x1080+0+0
   kworker/u33:1-57411   [006] d..2. 11183.706955: i915_reg_rw: read reg=0x70040, len=4, val=(0xa3f69, 0x0)
   kworker/u33:1-57411   [006] d..3. 11183.706956: i915_reg_rw: read reg=0x70000, len=4, val=(0x2cb, 0x0)
   kworker/u33:1-57411   [006] d.... 11183.706957: i915_reg_rw: write reg=0x70194, len=4, val=(0x0, 0x0)
   kworker/u33:1-57411   [006] d.... 11183.706958: i915_reg_rw: write reg=0x70198, len=4, val=(0x0, 0x0)
   kworker/u33:1-57411   [006] d.... 11183.706958: i915_reg_rw: write reg=0x701a0, len=4, val=(0xff000000, 0x0)
   kworker/u33:1-57411   [006] d.... 11183.706959: i915_reg_rw: write reg=0x701a4, len=4, val=(0x0, 0x0)
   kworker/u33:1-57411   [006] d.... 11183.706959: i915_reg_rw: write reg=0x701c0, len=4, val=(0x0, 0x0)
   kworker/u33:1-57411   [006] d.... 11183.706960: i915_reg_rw: write reg=0x701c4, len=4, val=(0x0, 0x0)
   kworker/u33:1-57411   [006] d.... 11183.706961: i915_reg_rw: write reg=0x70180, len=4, val=(0xc2042400, 0x0)
   kworker/u33:1-57411   [006] d.... 11183.706961: i915_reg_rw: write reg=0x7019c, len=4, val=(0x25c0000, 0x0)
   kworker/u33:1-57411   [006] d.... 11183.706962: intel_scaler_disable_arm: dev 0000:00:02.0, pipe A, scaler 0, frame=671593, scanline=717
   kworker/u33:1-57411   [006] d..2. 11183.706963: i915_reg_rw: read reg=0x70040, len=4, val=(0xa3f69, 0x0)
   kworker/u33:1-57411   [006] d..3. 11183.706964: i915_reg_rw: read reg=0x70000, len=4, val=(0x2cc, 0x0)
   kworker/u33:1-57411   [006] d.... 11183.706964: i915_reg_rw: write reg=0x68180, len=4, val=(0x0, 0x0)
   kworker/u33:1-57411   [006] d.... 11183.706965: i915_reg_rw: write reg=0x68170, len=4, val=(0x0, 0x0)
   kworker/u33:1-57411   [006] d.... 11183.706965: i915_reg_rw: write reg=0x68174, len=4, val=(0x0, 0x0)
   kworker/u33:1-57411   [006] d.... 11183.706966: intel_scaler_disable_arm: dev 0000:00:02.0, pipe A, scaler 1, frame=671593, scanline=717
   kworker/u33:1-57411   [006] d..2. 11183.706967: i915_reg_rw: read reg=0x70040, len=4, val=(0xa3f69, 0x0)
   kworker/u33:1-57411   [006] d..3. 11183.706967: i915_reg_rw: read reg=0x70000, len=4, val=(0x2cc, 0x0)
   kworker/u33:1-57411   [006] d.... 11183.706968: i915_reg_rw: write reg=0x68280, len=4, val=(0x0, 0x0)
   kworker/u33:1-57411   [006] d.... 11183.706968: i915_reg_rw: write reg=0x68270, len=4, val=(0x0, 0x0)
   kworker/u33:1-57411   [006] d.... 11183.706969: i915_reg_rw: write reg=0x68274, len=4, val=(0x0, 0x0)
   kworker/u33:1-57411   [006] d..1. 11183.706970: i915_reg_rw: read reg=0x70000, len=4, val=(0x2cc, 0x0)
   kworker/u33:1-57411   [006] d.... 11183.706971: i915_reg_rw: read reg=0x70040, len=4, val=(0xa3f69, 0x0)
   kworker/u33:1-57411   [006] d.... 11183.706971: intel_pipe_update_end: dev 0000:00:02.0, pipe A, frame=671593, scanline=717
   kworker/u33:1-57411   [006] d..2. 11183.706973: i915_reg_rw: read reg=0x70040, len=4, val=(0xa3f69, 0x0)
   kworker/u33:1-57411   [006] d..3. 11183.706974: i915_reg_rw: read reg=0x70000, len=4, val=(0x2cc, 0x0)
   kworker/u33:1-57411   [006] d..2. 11183.706975: i915_reg_rw: read reg=0x70040, len=4, val=(0xa3f69, 0x0)
     ksoftirqd/7-60      [007] d.H2. 11183.709514: i915_reg_rw: write reg=0x20a8, len=4, val=(0xfffff6f6, 0x0)
     kworker/7:0-83001   [007] ..... 11183.709706: i915_request_retire: dev=1, engine=0:0, ctx=5, seqno=714797, tail=2312
     kworker/7:0-83001   [007] d.h3. 11183.709712: i915_reg_rw: write reg=0x20a8, len=4, val=(0xfffff6f7, 0x0)
     kworker/7:0-83001   [007] ..... 11183.709737: i915_reg_rw: read reg=0x8504, len=4, val=(0xfc004c3, 0x0)
          <idle>-0       [007] d.h1. 11183.712358: i915_reg_rw: read reg=0x44408, len=4, val=(0x1, 0x0)
          <idle>-0       [007] d.h1. 11183.712359: i915_reg_rw: write reg=0x44408, len=4, val=(0x1, 0x0)
          <idle>-0       [007] d.h3. 11183.712362: i915_reg_rw: read reg=0x70040, len=4, val=(0xa3f6a, 0x0)
          <idle>-0       [007] d.h4. 11183.712364: i915_reg_rw: read reg=0x70000, len=4, val=(0x43a, 0x0)
          <idle>-0       [007] d.h3. 11183.712365: i915_reg_rw: read reg=0x70040, len=4, val=(0xa3f6a, 0x0)
   kworker/u33:1-57411   [006] ..... 11183.712417: intel_frontbuffer_flush: dev 0000:00:02.0, frontbuffer_bits=0x00000001, origin=2
          bobide-73329   [001] ..... 11183.715557: i915_request_queue: dev=1, engine=0:0, ctx=127, seqno=108078, flags=0x0
          bobide-73329   [001] ..... 11183.715560: i915_request_add: dev=1, engine=0:0, ctx=127, seqno=108078, tail=4416
     kworker/7:0-83001   [007] ..... 11183.717039: i915_request_retire: dev=1, engine=0:0, ctx=127, seqno=108078, tail=2944
     ksoftirqd/7-60      [007] d.H2. 11183.719489: i915_reg_rw: write reg=0x20a8, len=4, val=(0xfffff6f6, 0x0)
     kworker/7:0-83001   [007] ..... 11183.719690: i915_request_retire: dev=1, engine=0:0, ctx=5, seqno=714798, tail=2448
     kworker/7:0-83001   [007] d.h3. 11183.719695: i915_reg_rw: write reg=0x20a8, len=4, val=(0xfffff6f7, 0x0)
     kworker/7:0-83001   [007] ..... 11183.719713: i915_reg_rw: read reg=0x8504, len=4, val=(0xfc004c3, 0x0)
     gnome-shell-14986   [000] ..... 11183.722579: i915_request_queue: dev=1, engine=0:0, ctx=30, seqno=1685266, flags=0x0
     gnome-shell-14986   [000] ..... 11183.722583: i915_request_add: dev=1, engine=0:0, ctx=30, seqno=1685266, tail=11040
     gnome-shell-14986   [000] ..... 11183.722775: i915_request_queue: dev=1, engine=0:0, ctx=30, seqno=1685268, flags=0x0
     gnome-shell-14986   [000] ..... 11183.722776: i915_request_add: dev=1, engine=0:0, ctx=30, seqno=1685268, tail=12328
   kworker/u33:1-57411   [005] d.h3. 11183.723227: i915_reg_rw: write reg=0x20a8, len=4, val=(0xfffff6f6, 0x0)
   kworker/u33:1-57411   [005] ..... 11183.723240: i915_request_wait_begin: dev=1, engine=0:0, ctx=30, seqno=1685266, flags=0x2
          <idle>-0       [007] d.h3. 11183.723576: i915_reg_rw: write reg=0x20a8, len=4, val=(0xfffff6f7, 0x0)
   kworker/u33:1-57411   [005] ..... 11183.723612: i915_request_wait_end: dev=1, engine=0:0, ctx=30, seqno=1685266, tail=12880
     kworker/7:0-83001   [007] ..... 11183.723612: i915_request_retire: dev=1, engine=0:0, ctx=30, seqno=1685266, tail=12880
     kworker/7:0-83001   [007] ..... 11183.723615: i915_request_retire: dev=1, engine=0:0, ctx=30, seqno=1685268, tail=13064
   kworker/u33:1-57411   [005] ..... 11183.723630: intel_plane_update_noarm: dev 0000:00:02.0, pipe A, plane 1A, frame=671594, scanline=717, format=XR30 little-endian (0x30335258), 1920.000000x1080.000000+0.000000+0.000000 -> 1920x1080+0+0
   kworker/u33:1-57411   [005] ...2. 11183.723632: i915_reg_rw: read reg=0x70040, len=4, val=(0xa3f6a, 0x0)
   kworker/u33:1-57411   [005] d..3. 11183.723633: i915_reg_rw: read reg=0x70000, len=4, val=(0x2cc, 0x0)
   kworker/u33:1-57411   [005] ..... 11183.723635: i915_reg_rw: write reg=0x70188, len=4, val=(0xf, 0x0)
   kworker/u33:1-57411   [005] ..... 11183.723636: i915_reg_rw: write reg=0x7018c, len=4, val=(0x0, 0x0)
   kworker/u33:1-57411   [005] ..... 11183.723636: i915_reg_rw: write reg=0x70190, len=4, val=(0x437077f, 0x0)
   kworker/u33:1-57411   [005] ..... 11183.723637: i915_reg_rw: write reg=0x70240, len=4, val=(0x80000016, 0x0)
   kworker/u33:1-57411   [005] ..... 11183.723638: i915_reg_rw: write reg=0x70244, len=4, val=(0x8000c02b, 0x0)
   kworker/u33:1-57411   [005] ..... 11183.723638: i915_reg_rw: write reg=0x70248, len=4, val=(0x8000c02f, 0x0)
   kworker/u33:1-57411   [005] ..... 11183.723639: i915_reg_rw: write reg=0x7024c, len=4, val=(0x8001003b, 0x0)
   kworker/u33:1-57411   [005] ..... 11183.723639: i915_reg_rw: write reg=0x70250, len=4, val=(0x8001805c, 0x0)
   kworker/u33:1-57411   [005] ..... 11183.723640: i915_reg_rw: write reg=0x70254, len=4, val=(0x8001c06b, 0x0)
   kworker/u33:1-57411   [005] ..... 11183.723641: i915_reg_rw: write reg=0x70258, len=4, val=(0x8001c06b, 0x0)
   kworker/u33:1-57411   [005] ..... 11183.723641: i915_reg_rw: write reg=0x7025c, len=4, val=(0x8002007a, 0x0)
   kworker/u33:1-57411   [005] ..... 11183.723642: i915_reg_rw: write reg=0x70268, len=4, val=(0x0, 0x0)
   kworker/u33:1-57411   [005] ..... 11183.723642: i915_reg_rw: write reg=0x7027c, len=4, val=(0x35b0000, 0x0)
   kworker/u33:1-57411   [005] ..... 11183.723643: i915_reg_rw: write reg=0x70278, len=4, val=(0x0, 0x0)
   kworker/u33:1-57411   [005] d.... 11183.723646: intel_pipe_update_start: dev 0000:00:02.0, pipe A, frame=671594, scanline=718, min=1073, max=1079
   kworker/u33:1-57411   [005] d..2. 11183.723647: i915_reg_rw: read reg=0x70040, len=4, val=(0xa3f6a, 0x0)
   kworker/u33:1-57411   [005] d..3. 11183.723648: i915_reg_rw: read reg=0x70000, len=4, val=(0x2cd, 0x0)
   kworker/u33:1-57411   [005] d..1. 11183.723649: i915_reg_rw: read reg=0x70000, len=4, val=(0x2cd, 0x0)
   kworker/u33:1-57411   [005] d.... 11183.723650: i915_reg_rw: read reg=0x70040, len=4, val=(0xa3f6a, 0x0)
   kworker/u33:1-57411   [005] d.... 11183.723651: intel_pipe_update_vblank_evaded: dev 0000:00:02.0, pipe A, frame=671594, scanline=718, min=1073, max=1079
   kworker/u33:1-57411   [005] d.... 11183.723652: i915_reg_rw: write reg=0x70030, len=4, val=(0x50, 0x0)
   kworker/u33:1-57411   [005] d.... 11183.723654: intel_plane_update_arm: dev 0000:00:02.0, pipe A, plane 1A, frame=671594, scanline=718, format=XR30 little-endian (0x30335258), 1920.000000x1080.000000+0.000000+0.000000 -> 1920x1080+0+0
   kworker/u33:1-57411   [005] d..2. 11183.723654: i915_reg_rw: read reg=0x70040, len=4, val=(0xa3f6a, 0x0)
   kworker/u33:1-57411   [005] d..3. 11183.723655: i915_reg_rw: read reg=0x70000, len=4, val=(0x2cd, 0x0)
   kworker/u33:1-57411   [005] d.... 11183.723656: i915_reg_rw: write reg=0x70194, len=4, val=(0x0, 0x0)
   kworker/u33:1-57411   [005] d.... 11183.723657: i915_reg_rw: write reg=0x70198, len=4, val=(0x0, 0x0)
   kworker/u33:1-57411   [005] d.... 11183.723657: i915_reg_rw: write reg=0x701a0, len=4, val=(0xff000000, 0x0)
   kworker/u33:1-57411   [005] d.... 11183.723658: i915_reg_rw: write reg=0x701a4, len=4, val=(0x0, 0x0)
   kworker/u33:1-57411   [005] d.... 11183.723659: i915_reg_rw: write reg=0x701c0, len=4, val=(0x0, 0x0)
   kworker/u33:1-57411   [005] d.... 11183.723659: i915_reg_rw: write reg=0x701c4, len=4, val=(0x0, 0x0)
   kworker/u33:1-57411   [005] d.... 11183.723660: i915_reg_rw: write reg=0x70180, len=4, val=(0xc2042400, 0x0)
   kworker/u33:1-57411   [005] d.... 11183.723660: i915_reg_rw: write reg=0x7019c, len=4, val=(0x3300000, 0x0)
   kworker/u33:1-57411   [005] d.... 11183.723662: intel_scaler_disable_arm: dev 0000:00:02.0, pipe A, scaler 0, frame=671594, scanline=719
   kworker/u33:1-57411   [005] d..2. 11183.723662: i915_reg_rw: read reg=0x70040, len=4, val=(0xa3f6a, 0x0)
   kworker/u33:1-57411   [005] d..3. 11183.723663: i915_reg_rw: read reg=0x70000, len=4, val=(0x2ce, 0x0)
   kworker/u33:1-57411   [005] d.... 11183.723663: i915_reg_rw: write reg=0x68180, len=4, val=(0x0, 0x0)
   kworker/u33:1-57411   [005] d.... 11183.723664: i915_reg_rw: write reg=0x68170, len=4, val=(0x0, 0x0)
   kworker/u33:1-57411   [005] d.... 11183.723665: i915_reg_rw: write reg=0x68174, len=4, val=(0x0, 0x0)
   kworker/u33:1-57411   [005] d.... 11183.723665: intel_scaler_disable_arm: dev 0000:00:02.0, pipe A, scaler 1, frame=671594, scanline=719
   kworker/u33:1-57411   [005] d..2. 11183.723666: i915_reg_rw: read reg=0x70040, len=4, val=(0xa3f6a, 0x0)
   kworker/u33:1-57411   [005] d..3. 11183.723666: i915_reg_rw: read reg=0x70000, len=4, val=(0x2ce, 0x0)
   kworker/u33:1-57411   [005] d.... 11183.723667: i915_reg_rw: write reg=0x68280, len=4, val=(0x0, 0x0)
   kworker/u33:1-57411   [005] d.... 11183.723667: i915_reg_rw: write reg=0x68270, len=4, val=(0x0, 0x0)
   kworker/u33:1-57411   [005] d.... 11183.723668: i915_reg_rw: write reg=0x68274, len=4, val=(0x0, 0x0)
   kworker/u33:1-57411   [005] d..1. 11183.723669: i915_reg_rw: read reg=0x70000, len=4, val=(0x2ce, 0x0)
   kworker/u33:1-57411   [005] d.... 11183.723670: i915_reg_rw: read reg=0x70040, len=4, val=(0xa3f6a, 0x0)
   kworker/u33:1-57411   [005] d.... 11183.723671: intel_pipe_update_end: dev 0000:00:02.0, pipe A, frame=671594, scanline=719
   kworker/u33:1-57411   [005] d..2. 11183.723672: i915_reg_rw: read reg=0x70040, len=4, val=(0xa3f6a, 0x0)
   kworker/u33:1-57411   [005] d..3. 11183.723674: i915_reg_rw: read reg=0x70000, len=4, val=(0x2cf, 0x0)
   kworker/u33:1-57411   [005] d..2. 11183.723675: i915_reg_rw: read reg=0x70040, len=4, val=(0xa3f6a, 0x0)
     ksoftirqd/7-60      [007] d.H2. 11183.726494: i915_reg_rw: write reg=0x20a8, len=4, val=(0xfffff6f6, 0x0)
     kworker/7:0-83001   [007] ..... 11183.726680: i915_request_retire: dev=1, engine=0:0, ctx=5, seqno=714799, tail=2584
     kworker/7:0-83001   [007] d.h3. 11183.726692: i915_reg_rw: write reg=0x20a8, len=4, val=(0xfffff6f7, 0x0)
     kworker/7:0-83001   [007] ..... 11183.726710: i915_reg_rw: read reg=0x8504, len=4, val=(0xfc004c3, 0x0)
          <idle>-0       [007] d.h1. 11183.728982: i915_reg_rw: read reg=0x44408, len=4, val=(0x1, 0x0)
          <idle>-0       [007] d.h1. 11183.728983: i915_reg_rw: write reg=0x44408, len=4, val=(0x1, 0x0)
          <idle>-0       [007] d.h3. 11183.728988: i915_reg_rw: read reg=0x70040, len=4, val=(0xa3f6b, 0x0)
          <idle>-0       [007] d.h4. 11183.728991: i915_reg_rw: read reg=0x70000, len=4, val=(0x438, 0x0)
          <idle>-0       [007] d.h3. 11183.728992: i915_reg_rw: read reg=0x70040, len=4, val=(0xa3f6b, 0x0)
   kworker/u33:1-57411   [005] ..... 11183.729069: intel_frontbuffer_flush: dev 0000:00:02.0, frontbuffer_bits=0x00000001, origin=2
          bobide-73329   [006] ..... 11183.731870: i915_request_queue: dev=1, engine=0:0, ctx=127, seqno=108080, flags=0x0
          bobide-73329   [006] ..... 11183.731873: i915_request_add: dev=1, engine=0:0, ctx=127, seqno=108080, tail=6624
          bobide-73329   [006] d.h3. 11183.732549: i915_reg_rw: write reg=0x20a8, len=4, val=(0xfffff6f6, 0x0)
     kworker/7:0-83001   [007] ..... 11183.732865: i915_request_retire: dev=1, engine=0:0, ctx=127, seqno=108080, tail=3128
     kworker/7:0-83001   [007] ..... 11183.737448: i915_request_retire: dev=1, engine=0:0, ctx=5, seqno=714800, tail=2720
     kworker/7:0-83001   [007] d.h3. 11183.737457: i915_reg_rw: write reg=0x20a8, len=4, val=(0xfffff6f7, 0x0)
     kworker/7:0-83001   [007] ..... 11183.737618: i915_reg_rw: read reg=0x8504, len=4, val=(0xfc004c3, 0x0)
     gnome-shell-14986   [000] ..... 11183.739189: i915_request_queue: dev=1, engine=0:0, ctx=30, seqno=1685270, flags=0x0
     gnome-shell-14986   [000] ..... 11183.739192: i915_request_add: dev=1, engine=0:0, ctx=30, seqno=1685270, tail=14352
     gnome-shell-14986   [000] ..... 11183.739299: i915_request_queue: dev=1, engine=0:0, ctx=30, seqno=1685272, flags=0x0
     gnome-shell-14986   [000] ..... 11183.739301: i915_request_add: dev=1, engine=0:0, ctx=30, seqno=1685272, tail=12696
   kworker/u33:1-57411   [005] d.h3. 11183.739924: i915_reg_rw: write reg=0x20a8, len=4, val=(0xfffff6f6, 0x0)
   kworker/u33:1-57411   [005] ..... 11183.739937: i915_request_wait_begin: dev=1, engine=0:0, ctx=30, seqno=1685270, flags=0x2
          bobide-73644   [007] d.h2. 11183.740064: i915_reg_rw: write reg=0x20a8, len=4, val=(0xfffff6f7, 0x0)
   kworker/u33:1-57411   [005] ..... 11183.740068: i915_request_wait_end: dev=1, engine=0:0, ctx=30, seqno=1685270, tail=13248
   kworker/u33:1-57411   [005] ..... 11183.740089: intel_plane_update_noarm: dev 0000:00:02.0, pipe A, plane 1A, frame=671595, scanline=703, format=XR30 little-endian (0x30335258), 1920.000000x1080.000000+0.000000+0.000000 -> 1920x1080+0+0
   kworker/u33:1-57411   [005] ...2. 11183.740091: i915_reg_rw: read reg=0x70040, len=4, val=(0xa3f6b, 0x0)
   kworker/u33:1-57411   [005] d..3. 11183.740093: i915_reg_rw: read reg=0x70000, len=4, val=(0x2be, 0x0)
   kworker/u33:1-57411   [005] ..... 11183.740095: i915_reg_rw: write reg=0x70188, len=4, val=(0xf, 0x0)
   kworker/u33:1-57411   [005] ..... 11183.740096: i915_reg_rw: write reg=0x7018c, len=4, val=(0x0, 0x0)
   kworker/u33:1-57411   [005] ..... 11183.740097: i915_reg_rw: write reg=0x70190, len=4, val=(0x437077f, 0x0)
   kworker/u33:1-57411   [005] ..... 11183.740098: i915_reg_rw: write reg=0x70240, len=4, val=(0x80000016, 0x0)
   kworker/u33:1-57411   [005] ..... 11183.740099: i915_reg_rw: write reg=0x70244, len=4, val=(0x8000c02b, 0x0)
   kworker/u33:1-57411   [005] ..... 11183.740100: i915_reg_rw: write reg=0x70248, len=4, val=(0x8000c02f, 0x0)
   kworker/u33:1-57411   [005] ..... 11183.740101: i915_reg_rw: write reg=0x7024c, len=4, val=(0x8001003b, 0x0)
   kworker/u33:1-57411   [005] ..... 11183.740102: i915_reg_rw: write reg=0x70250, len=4, val=(0x8001805c, 0x0)
   kworker/u33:1-57411   [005] ..... 11183.740102: i915_reg_rw: write reg=0x70254, len=4, val=(0x8001c06b, 0x0)
   kworker/u33:1-57411   [005] ..... 11183.740103: i915_reg_rw: write reg=0x70258, len=4, val=(0x8001c06b, 0x0)
   kworker/u33:1-57411   [005] ..... 11183.740104: i915_reg_rw: write reg=0x7025c, len=4, val=(0x8002007a, 0x0)
   kworker/u33:1-57411   [005] ..... 11183.740105: i915_reg_rw: write reg=0x70268, len=4, val=(0x0, 0x0)
     kworker/7:0-83001   [007] ..... 11183.740106: i915_request_retire: dev=1, engine=0:0, ctx=30, seqno=1685270, tail=13248
   kworker/u33:1-57411   [005] ..... 11183.740106: i915_reg_rw: write reg=0x7027c, len=4, val=(0x35b0000, 0x0)
   kworker/u33:1-57411   [005] ..... 11183.740107: i915_reg_rw: write reg=0x70278, len=4, val=(0x0, 0x0)
     kworker/7:0-83001   [007] ..... 11183.740108: i915_request_retire: dev=1, engine=0:0, ctx=30, seqno=1685272, tail=13432
   kworker/u33:1-57411   [005] d.... 11183.740111: intel_pipe_update_start: dev 0000:00:02.0, pipe A, frame=671595, scanline=704, min=1073, max=1079
   kworker/u33:1-57411   [005] d..2. 11183.740112: i915_reg_rw: read reg=0x70040, len=4, val=(0xa3f6b, 0x0)
   kworker/u33:1-57411   [005] d..3. 11183.740113: i915_reg_rw: read reg=0x70000, len=4, val=(0x2bf, 0x0)
   kworker/u33:1-57411   [005] d..1. 11183.740115: i915_reg_rw: read reg=0x70000, len=4, val=(0x2bf, 0x0)
   kworker/u33:1-57411   [005] d.... 11183.740116: i915_reg_rw: read reg=0x70040, len=4, val=(0xa3f6b, 0x0)
   kworker/u33:1-57411   [005] d.... 11183.740117: intel_pipe_update_vblank_evaded: dev 0000:00:02.0, pipe A, frame=671595, scanline=704, min=1073, max=1079
   kworker/u33:1-57411   [005] d.... 11183.740119: i915_reg_rw: write reg=0x70030, len=4, val=(0x50, 0x0)
   kworker/u33:1-57411   [005] d.... 11183.740121: intel_plane_update_arm: dev 0000:00:02.0, pipe A, plane 1A, frame=671595, scanline=705, format=XR30 little-endian (0x30335258), 1920.000000x1080.000000+0.000000+0.000000 -> 1920x1080+0+0
   kworker/u33:1-57411   [005] d..2. 11183.740122: i915_reg_rw: read reg=0x70040, len=4, val=(0xa3f6b, 0x0)
   kworker/u33:1-57411   [005] d..3. 11183.740123: i915_reg_rw: read reg=0x70000, len=4, val=(0x2c0, 0x0)
   kworker/u33:1-57411   [005] d.... 11183.740125: i915_reg_rw: write reg=0x70194, len=4, val=(0x0, 0x0)
   kworker/u33:1-57411   [005] d.... 11183.740126: i915_reg_rw: write reg=0x70198, len=4, val=(0x0, 0x0)
   kworker/u33:1-57411   [005] d.... 11183.740127: i915_reg_rw: write reg=0x701a0, len=4, val=(0xff000000, 0x0)
   kworker/u33:1-57411   [005] d.... 11183.740127: i915_reg_rw: write reg=0x701a4, len=4, val=(0x0, 0x0)
   kworker/u33:1-57411   [005] d.... 11183.740128: i915_reg_rw: write reg=0x701c0, len=4, val=(0x0, 0x0)
   kworker/u33:1-57411   [005] d.... 11183.740129: i915_reg_rw: write reg=0x701c4, len=4, val=(0x0, 0x0)
   kworker/u33:1-57411   [005] d.... 11183.740130: i915_reg_rw: write reg=0x70180, len=4, val=(0xc2042400, 0x0)
   kworker/u33:1-57411   [005] d.... 11183.740131: i915_reg_rw: write reg=0x7019c, len=4, val=(0x1c00000, 0x0)
   kworker/u33:1-57411   [005] d.... 11183.740133: intel_scaler_disable_arm: dev 0000:00:02.0, pipe A, scaler 0, frame=671595, scanline=706
   kworker/u33:1-57411   [005] d..2. 11183.740134: i915_reg_rw: read reg=0x70040, len=4, val=(0xa3f6b, 0x0)
   kworker/u33:1-57411   [005] d..3. 11183.740135: i915_reg_rw: read reg=0x70000, len=4, val=(0x2c1, 0x0)
   kworker/u33:1-57411   [005] d.... 11183.740136: i915_reg_rw: write reg=0x68180, len=4, val=(0x0, 0x0)
   kworker/u33:1-57411   [005] d.... 11183.740137: i915_reg_rw: write reg=0x68170, len=4, val=(0x0, 0x0)
   kworker/u33:1-57411   [005] d.... 11183.740138: i915_reg_rw: write reg=0x68174, len=4, val=(0x0, 0x0)
   kworker/u33:1-57411   [005] d.... 11183.740139: intel_scaler_disable_arm: dev 0000:00:02.0, pipe A, scaler 1, frame=671595, scanline=706
   kworker/u33:1-57411   [005] d..2. 11183.740139: i915_reg_rw: read reg=0x70040, len=4, val=(0xa3f6b, 0x0)
   kworker/u33:1-57411   [005] d..3. 11183.740140: i915_reg_rw: read reg=0x70000, len=4, val=(0x2c1, 0x0)
   kworker/u33:1-57411   [005] d.... 11183.740141: i915_reg_rw: write reg=0x68280, len=4, val=(0x0, 0x0)
   kworker/u33:1-57411   [005] d.... 11183.740142: i915_reg_rw: write reg=0x68270, len=4, val=(0x0, 0x0)
   kworker/u33:1-57411   [005] d.... 11183.740143: i915_reg_rw: write reg=0x68274, len=4, val=(0x0, 0x0)
   kworker/u33:1-57411   [005] d..1. 11183.740144: i915_reg_rw: read reg=0x70000, len=4, val=(0x2c1, 0x0)
   kworker/u33:1-57411   [005] d.... 11183.740145: i915_reg_rw: read reg=0x70040, len=4, val=(0xa3f6b, 0x0)
   kworker/u33:1-57411   [005] d.... 11183.740146: intel_pipe_update_end: dev 0000:00:02.0, pipe A, frame=671595, scanline=706
   kworker/u33:1-57411   [005] d..2. 11183.740149: i915_reg_rw: read reg=0x70040, len=4, val=(0xa3f6b, 0x0)
   kworker/u33:1-57411   [005] d..3. 11183.740151: i915_reg_rw: read reg=0x70000, len=4, val=(0x2c2, 0x0)
   kworker/u33:1-57411   [005] d..2. 11183.740152: i915_reg_rw: read reg=0x70040, len=4, val=(0xa3f6b, 0x0)
     ksoftirqd/7-60      [007] d.H2. 11183.743472: i915_reg_rw: write reg=0x20a8, len=4, val=(0xfffff6f6, 0x0)
     kworker/7:0-83001   [007] ..... 11183.743649: i915_request_retire: dev=1, engine=0:0, ctx=5, seqno=714801, tail=2856
     kworker/7:0-83001   [007] d.h3. 11183.743653: i915_reg_rw: write reg=0x20a8, len=4, val=(0xfffff6f7, 0x0)
     kworker/7:0-83001   [007] ..... 11183.743680: i915_reg_rw: read reg=0x8504, len=4, val=(0xfc004c3, 0x0)
          bobide-73644   [007] d.h.. 11183.745644: i915_reg_rw: read reg=0x44408, len=4, val=(0x1, 0x0)
          bobide-73644   [007] d.h.. 11183.745646: i915_reg_rw: write reg=0x44408, len=4, val=(0x1, 0x0)
          bobide-73644   [007] d.h2. 11183.745654: i915_reg_rw: read reg=0x70040, len=4, val=(0xa3f6c, 0x0)
          bobide-73644   [007] d.h3. 11183.745659: i915_reg_rw: read reg=0x70000, len=4, val=(0x438, 0x0)
          bobide-73644   [007] d.h2. 11183.745663: i915_reg_rw: read reg=0x70040, len=4, val=(0xa3f6c, 0x0)
   kworker/u33:1-57411   [005] ..... 11183.745698: intel_frontbuffer_flush: dev 0000:00:02.0, frontbuffer_bits=0x00000001, origin=2
          bobide-73329   [002] ..... 11183.748089: i915_request_queue: dev=1, engine=0:0, ctx=127, seqno=108082, flags=0x0
          bobide-73329   [002] ..... 11183.748095: i915_request_add: dev=1, engine=0:0, ctx=127, seqno=108082, tail=2024
     kworker/7:0-83001   [007] ..... 11183.749043: i915_request_retire: dev=1, engine=0:0, ctx=127, seqno=108082, tail=3312
     ksoftirqd/7-60      [007] d.H2. 11183.752496: i915_reg_rw: write reg=0x20a8, len=4, val=(0xfffff6f6, 0x0)
     kworker/7:0-83001   [007] ..... 11183.752694: i915_request_retire: dev=1, engine=0:0, ctx=5, seqno=714802, tail=2992
     kworker/7:0-83001   [007] d.h3. 11183.752699: i915_reg_rw: write reg=0x20a8, len=4, val=(0xfffff6f7, 0x0)
     kworker/7:0-83001   [007] ..... 11183.752719: i915_reg_rw: read reg=0x8504, len=4, val=(0xfc004c3, 0x0)
     gnome-shell-14986   [002] ..... 11183.755794: i915_request_queue: dev=1, engine=0:0, ctx=30, seqno=1685274, flags=0x0
     gnome-shell-14986   [002] ..... 11183.755801: i915_request_add: dev=1, engine=0:0, ctx=30, seqno=1685274, tail=1656
     gnome-shell-14986   [002] ..... 11183.755999: i915_request_queue: dev=1, engine=0:0, ctx=30, seqno=1685276, flags=0x0
     gnome-shell-14986   [002] ..... 11183.756000: i915_request_add: dev=1, engine=0:0, ctx=30, seqno=1685276, tail=3312
   kworker/u33:1-57411   [006] d.h3. 11183.756450: i915_reg_rw: write reg=0x20a8, len=4, val=(0xfffff6f6, 0x0)
   kworker/u33:1-57411   [006] ..... 11183.756462: i915_request_wait_begin: dev=1, engine=0:0, ctx=30, seqno=1685274, flags=0x2
          bobide-73644   [007] d.h2. 11183.756830: i915_reg_rw: write reg=0x20a8, len=4, val=(0xfffff6f7, 0x0)
   kworker/u33:1-57411   [006] ..... 11183.756872: i915_request_wait_end: dev=1, engine=0:0, ctx=30, seqno=1685274, tail=13616
     kworker/7:0-83001   [007] ..... 11183.756873: i915_request_retire: dev=1, engine=0:0, ctx=30, seqno=1685274, tail=13616
     kworker/7:0-83001   [007] ..... 11183.756875: i915_request_retire: dev=1, engine=0:0, ctx=30, seqno=1685276, tail=13800
   kworker/u33:1-57411   [006] ..... 11183.756892: intel_plane_update_noarm: dev 0000:00:02.0, pipe A, plane 1A, frame=671596, scanline=712, format=XR30 little-endian (0x30335258), 1920.000000x1080.000000+0.000000+0.000000 -> 1920x1080+0+0
   kworker/u33:1-57411   [006] ...2. 11183.756895: i915_reg_rw: read reg=0x70040, len=4, val=(0xa3f6c, 0x0)
   kworker/u33:1-57411   [006] d..3. 11183.756896: i915_reg_rw: read reg=0x70000, len=4, val=(0x2c7, 0x0)
   kworker/u33:1-57411   [006] ..... 11183.756898: i915_reg_rw: write reg=0x70188, len=4, val=(0xf, 0x0)
   kworker/u33:1-57411   [006] ..... 11183.756898: i915_reg_rw: write reg=0x7018c, len=4, val=(0x0, 0x0)
   kworker/u33:1-57411   [006] ..... 11183.756899: i915_reg_rw: write reg=0x70190, len=4, val=(0x437077f, 0x0)
   kworker/u33:1-57411   [006] ..... 11183.756900: i915_reg_rw: write reg=0x70240, len=4, val=(0x80000016, 0x0)
   kworker/u33:1-57411   [006] ..... 11183.756900: i915_reg_rw: write reg=0x70244, len=4, val=(0x8000c02b, 0x0)
   kworker/u33:1-57411   [006] ..... 11183.756901: i915_reg_rw: write reg=0x70248, len=4, val=(0x8000c02f, 0x0)
   kworker/u33:1-57411   [006] ..... 11183.756901: i915_reg_rw: write reg=0x7024c, len=4, val=(0x8001003b, 0x0)
   kworker/u33:1-57411   [006] ..... 11183.756902: i915_reg_rw: write reg=0x70250, len=4, val=(0x8001805c, 0x0)
   kworker/u33:1-57411   [006] ..... 11183.756903: i915_reg_rw: write reg=0x70254, len=4, val=(0x8001c06b, 0x0)
   kworker/u33:1-57411   [006] ..... 11183.756903: i915_reg_rw: write reg=0x70258, len=4, val=(0x8001c06b, 0x0)
   kworker/u33:1-57411   [006] ..... 11183.756904: i915_reg_rw: write reg=0x7025c, len=4, val=(0x8002007a, 0x0)
   kworker/u33:1-57411   [006] ..... 11183.756904: i915_reg_rw: write reg=0x70268, len=4, val=(0x0, 0x0)
   kworker/u33:1-57411   [006] ..... 11183.756905: i915_reg_rw: write reg=0x7027c, len=4, val=(0x35b0000, 0x0)
   kworker/u33:1-57411   [006] ..... 11183.756905: i915_reg_rw: write reg=0x70278, len=4, val=(0x0, 0x0)
   kworker/u33:1-57411   [006] d.... 11183.756909: intel_pipe_update_start: dev 0000:00:02.0, pipe A, frame=671596, scanline=713, min=1073, max=1079
   kworker/u33:1-57411   [006] d..2. 11183.756910: i915_reg_rw: read reg=0x70040, len=4, val=(0xa3f6c, 0x0)
   kworker/u33:1-57411   [006] d..3. 11183.756911: i915_reg_rw: read reg=0x70000, len=4, val=(0x2c8, 0x0)
   kworker/u33:1-57411   [006] d..1. 11183.756912: i915_reg_rw: read reg=0x70000, len=4, val=(0x2c8, 0x0)
   kworker/u33:1-57411   [006] d.... 11183.756913: i915_reg_rw: read reg=0x70040, len=4, val=(0xa3f6c, 0x0)
   kworker/u33:1-57411   [006] d.... 11183.756914: intel_pipe_update_vblank_evaded: dev 0000:00:02.0, pipe A, frame=671596, scanline=713, min=1073, max=1079
   kworker/u33:1-57411   [006] d.... 11183.756915: i915_reg_rw: write reg=0x70030, len=4, val=(0x50, 0x0)
   kworker/u33:1-57411   [006] d.... 11183.756917: intel_plane_update_arm: dev 0000:00:02.0, pipe A, plane 1A, frame=671596, scanline=714, format=XR30 little-endian (0x30335258), 1920.000000x1080.000000+0.000000+0.000000 -> 1920x1080+0+0
   kworker/u33:1-57411   [006] d..2. 11183.756918: i915_reg_rw: read reg=0x70040, len=4, val=(0xa3f6c, 0x0)
   kworker/u33:1-57411   [006] d..3. 11183.756919: i915_reg_rw: read reg=0x70000, len=4, val=(0x2c9, 0x0)
   kworker/u33:1-57411   [006] d.... 11183.756920: i915_reg_rw: write reg=0x70194, len=4, val=(0x0, 0x0)
   kworker/u33:1-57411   [006] d.... 11183.756920: i915_reg_rw: write reg=0x70198, len=4, val=(0x0, 0x0)
   kworker/u33:1-57411   [006] d.... 11183.756921: i915_reg_rw: write reg=0x701a0, len=4, val=(0xff000000, 0x0)
   kworker/u33:1-57411   [006] d.... 11183.756921: i915_reg_rw: write reg=0x701a4, len=4, val=(0x0, 0x0)
   kworker/u33:1-57411   [006] d.... 11183.756922: i915_reg_rw: write reg=0x701c0, len=4, val=(0x0, 0x0)
   kworker/u33:1-57411   [006] d.... 11183.756923: i915_reg_rw: write reg=0x701c4, len=4, val=(0x0, 0x0)
   kworker/u33:1-57411   [006] d.... 11183.756923: i915_reg_rw: write reg=0x70180, len=4, val=(0xc2042400, 0x0)
   kworker/u33:1-57411   [006] d.... 11183.756924: i915_reg_rw: write reg=0x7019c, len=4, val=(0x25c0000, 0x0)
   kworker/u33:1-57411   [006] d.... 11183.756925: intel_scaler_disable_arm: dev 0000:00:02.0, pipe A, scaler 0, frame=671596, scanline=714
   kworker/u33:1-57411   [006] d..2. 11183.756926: i915_reg_rw: read reg=0x70040, len=4, val=(0xa3f6c, 0x0)
   kworker/u33:1-57411   [006] d..3. 11183.756926: i915_reg_rw: read reg=0x70000, len=4, val=(0x2c9, 0x0)
   kworker/u33:1-57411   [006] d.... 11183.756927: i915_reg_rw: write reg=0x68180, len=4, val=(0x0, 0x0)
   kworker/u33:1-57411   [006] d.... 11183.756927: i915_reg_rw: write reg=0x68170, len=4, val=(0x0, 0x0)
   kworker/u33:1-57411   [006] d.... 11183.756928: i915_reg_rw: write reg=0x68174, len=4, val=(0x0, 0x0)
   kworker/u33:1-57411   [006] d.... 11183.756929: intel_scaler_disable_arm: dev 0000:00:02.0, pipe A, scaler 1, frame=671596, scanline=715
   kworker/u33:1-57411   [006] d..2. 11183.756929: i915_reg_rw: read reg=0x70040, len=4, val=(0xa3f6c, 0x0)
   kworker/u33:1-57411   [006] d..3. 11183.756930: i915_reg_rw: read reg=0x70000, len=4, val=(0x2ca, 0x0)
   kworker/u33:1-57411   [006] d.... 11183.756930: i915_reg_rw: write reg=0x68280, len=4, val=(0x0, 0x0)
   kworker/u33:1-57411   [006] d.... 11183.756931: i915_reg_rw: write reg=0x68270, len=4, val=(0x0, 0x0)
   kworker/u33:1-57411   [006] d.... 11183.756931: i915_reg_rw: write reg=0x68274, len=4, val=(0x0, 0x0)
   kworker/u33:1-57411   [006] d..1. 11183.756932: i915_reg_rw: read reg=0x70000, len=4, val=(0x2ca, 0x0)
   kworker/u33:1-57411   [006] d.... 11183.756933: i915_reg_rw: read reg=0x70040, len=4, val=(0xa3f6c, 0x0)
   kworker/u33:1-57411   [006] d.... 11183.756934: intel_pipe_update_end: dev 0000:00:02.0, pipe A, frame=671596, scanline=715
   kworker/u33:1-57411   [006] d..2. 11183.756935: i915_reg_rw: read reg=0x70040, len=4, val=(0xa3f6c, 0x0)
   kworker/u33:1-57411   [006] d..3. 11183.756937: i915_reg_rw: read reg=0x70000, len=4, val=(0x2ca, 0x0)
   kworker/u33:1-57411   [006] d..2. 11183.756938: i915_reg_rw: read reg=0x70040, len=4, val=(0xa3f6c, 0x0)
     ksoftirqd/7-60      [007] d.H2. 11183.759485: i915_reg_rw: write reg=0x20a8, len=4, val=(0xfffff6f6, 0x0)
     kworker/7:0-83001   [007] ..... 11183.759694: i915_request_retire: dev=1, engine=0:0, ctx=5, seqno=714803, tail=3128
     kworker/7:0-83001   [007] d.h3. 11183.759700: i915_reg_rw: write reg=0x20a8, len=4, val=(0xfffff6f7, 0x0)
     kworker/7:0-83001   [007] ..... 11183.759716: i915_reg_rw: read reg=0x8504, len=4, val=(0xfc004c3, 0x0)
          <idle>-0       [007] d.h1. 11183.762308: i915_reg_rw: read reg=0x44408, len=4, val=(0x1, 0x0)
          <idle>-0       [007] d.h1. 11183.762310: i915_reg_rw: write reg=0x44408, len=4, val=(0x1, 0x0)
          <idle>-0       [007] d.h3. 11183.762313: i915_reg_rw: read reg=0x70040, len=4, val=(0xa3f6d, 0x0)
          <idle>-0       [007] d.h4. 11183.762314: i915_reg_rw: read reg=0x70000, len=4, val=(0x437, 0x0)
          <idle>-0       [007] d.h3. 11183.762315: i915_reg_rw: read reg=0x70040, len=4, val=(0xa3f6d, 0x0)
   kworker/u33:1-57411   [006] ..... 11183.762369: intel_frontbuffer_flush: dev 0000:00:02.0, frontbuffer_bits=0x00000001, origin=2
          bobide-73329   [002] ..... 11183.764764: i915_request_queue: dev=1, engine=0:0, ctx=127, seqno=108084, flags=0x0
          bobide-73329   [002] ..... 11183.764776: i915_request_add: dev=1, engine=0:0, ctx=127, seqno=108084, tail=2944
     kworker/7:0-83001   [007] ..... 11183.765743: i915_request_retire: dev=1, engine=0:0, ctx=127, seqno=108084, tail=3496
     ksoftirqd/7-60      [007] d.H2. 11183.768485: i915_reg_rw: write reg=0x20a8, len=4, val=(0xfffff6f6, 0x0)
     kworker/7:0-83001   [007] ..... 11183.768707: i915_request_retire: dev=1, engine=0:0, ctx=5, seqno=714804, tail=3264
     kworker/7:0-83001   [007] d.h3. 11183.768712: i915_reg_rw: write reg=0x20a8, len=4, val=(0xfffff6f7, 0x0)
     kworker/7:0-83001   [007] ..... 11183.768729: i915_reg_rw: read reg=0x8504, len=4, val=(0xfc004c3, 0x0)
     gnome-shell-14986   [000] ..... 11183.772538: i915_request_queue: dev=1, engine=0:0, ctx=30, seqno=1685278, flags=0x0
     gnome-shell-14986   [000] ..... 11183.772541: i915_request_add: dev=1, engine=0:0, ctx=30, seqno=1685278, tail=13616
     gnome-shell-14986   [000] ..... 11183.772747: i915_request_queue: dev=1, engine=0:0, ctx=30, seqno=1685280, flags=0x0
     gnome-shell-14986   [000] ..... 11183.772748: i915_request_add: dev=1, engine=0:0, ctx=30, seqno=1685280, tail=13432
   kworker/u33:1-57411   [006] d.h3. 11183.773195: i915_reg_rw: write reg=0x20a8, len=4, val=(0xfffff6f6, 0x0)
   kworker/u33:1-57411   [006] ..... 11183.773206: i915_request_wait_begin: dev=1, engine=0:0, ctx=30, seqno=1685278, flags=0x2
          <idle>-0       [007] d.h3. 11183.773530: i915_reg_rw: write reg=0x20a8, len=4, val=(0xfffff6f7, 0x0)
   kworker/u33:1-57411   [006] ..... 11183.773534: i915_request_wait_end: dev=1, engine=0:0, ctx=30, seqno=1685278, tail=13984
   kworker/u33:1-57411   [006] ..... 11183.773553: intel_plane_update_noarm: dev 0000:00:02.0, pipe A, plane 1A, frame=671597, scanline=712, format=XR30 little-endian (0x30335258), 1920.000000x1080.000000+0.000000+0.000000 -> 1920x1080+0+0
   kworker/u33:1-57411   [006] ...2. 11183.773555: i915_reg_rw: read reg=0x70040, len=4, val=(0xa3f6d, 0x0)
   kworker/u33:1-57411   [006] d..3. 11183.773556: i915_reg_rw: read reg=0x70000, len=4, val=(0x2c7, 0x0)
   kworker/u33:1-57411   [006] ..... 11183.773558: i915_reg_rw: write reg=0x70188, len=4, val=(0xf, 0x0)
   kworker/u33:1-57411   [006] ..... 11183.773558: i915_reg_rw: write reg=0x7018c, len=4, val=(0x0, 0x0)
   kworker/u33:1-57411   [006] ..... 11183.773559: i915_reg_rw: write reg=0x70190, len=4, val=(0x437077f, 0x0)
   kworker/u33:1-57411   [006] ..... 11183.773560: i915_reg_rw: write reg=0x70240, len=4, val=(0x80000016, 0x0)
   kworker/u33:1-57411   [006] ..... 11183.773561: i915_reg_rw: write reg=0x70244, len=4, val=(0x8000c02b, 0x0)
   kworker/u33:1-57411   [006] ..... 11183.773562: i915_reg_rw: write reg=0x70248, len=4, val=(0x8000c02f, 0x0)
   kworker/u33:1-57411   [006] ..... 11183.773562: i915_reg_rw: write reg=0x7024c, len=4, val=(0x8001003b, 0x0)
   kworker/u33:1-57411   [006] ..... 11183.773563: i915_reg_rw: write reg=0x70250, len=4, val=(0x8001805c, 0x0)
   kworker/u33:1-57411   [006] ..... 11183.773563: i915_reg_rw: write reg=0x70254, len=4, val=(0x8001c06b, 0x0)
   kworker/u33:1-57411   [006] ..... 11183.773564: i915_reg_rw: write reg=0x70258, len=4, val=(0x8001c06b, 0x0)
   kworker/u33:1-57411   [006] ..... 11183.773564: i915_reg_rw: write reg=0x7025c, len=4, val=(0x8002007a, 0x0)
   kworker/u33:1-57411   [006] ..... 11183.773565: i915_reg_rw: write reg=0x70268, len=4, val=(0x0, 0x0)
   kworker/u33:1-57411   [006] ..... 11183.773566: i915_reg_rw: write reg=0x7027c, len=4, val=(0x35b0000, 0x0)
   kworker/u33:1-57411   [006] ..... 11183.773566: i915_reg_rw: write reg=0x70278, len=4, val=(0x0, 0x0)
   kworker/u33:1-57411   [006] d.... 11183.773570: intel_pipe_update_start: dev 0000:00:02.0, pipe A, frame=671597, scanline=713, min=1073, max=1079
   kworker/u33:1-57411   [006] d..2. 11183.773570: i915_reg_rw: read reg=0x70040, len=4, val=(0xa3f6d, 0x0)
   kworker/u33:1-57411   [006] d..3. 11183.773571: i915_reg_rw: read reg=0x70000, len=4, val=(0x2c8, 0x0)
   kworker/u33:1-57411   [006] d..1. 11183.773573: i915_reg_rw: read reg=0x70000, len=4, val=(0x2c8, 0x0)
   kworker/u33:1-57411   [006] d.... 11183.773574: i915_reg_rw: read reg=0x70040, len=4, val=(0xa3f6d, 0x0)
   kworker/u33:1-57411   [006] d.... 11183.773574: intel_pipe_update_vblank_evaded: dev 0000:00:02.0, pipe A, frame=671597, scanline=713, min=1073, max=1079
     kworker/7:0-83001   [007] ..... 11183.773575: i915_request_retire: dev=1, engine=0:0, ctx=30, seqno=1685278, tail=13984
   kworker/u33:1-57411   [006] d.... 11183.773575: i915_reg_rw: write reg=0x70030, len=4, val=(0x50, 0x0)
     kworker/7:0-83001   [007] ..... 11183.773577: i915_request_retire: dev=1, engine=0:0, ctx=30, seqno=1685280, tail=14168
   kworker/u33:1-57411   [006] d.... 11183.773577: intel_plane_update_arm: dev 0000:00:02.0, pipe A, plane 1A, frame=671597, scanline=714, format=XR30 little-endian (0x30335258), 1920.000000x1080.000000+0.000000+0.000000 -> 1920x1080+0+0
   kworker/u33:1-57411   [006] d..2. 11183.773578: i915_reg_rw: read reg=0x70040, len=4, val=(0xa3f6d, 0x0)
   kworker/u33:1-57411   [006] d..3. 11183.773579: i915_reg_rw: read reg=0x70000, len=4, val=(0x2c9, 0x0)
   kworker/u33:1-57411   [006] d.... 11183.773579: i915_reg_rw: write reg=0x70194, len=4, val=(0x0, 0x0)
   kworker/u33:1-57411   [006] d.... 11183.773580: i915_reg_rw: write reg=0x70198, len=4, val=(0x0, 0x0)
   kworker/u33:1-57411   [006] d.... 11183.773581: i915_reg_rw: write reg=0x701a0, len=4, val=(0xff000000, 0x0)
   kworker/u33:1-57411   [006] d.... 11183.773581: i915_reg_rw: write reg=0x701a4, len=4, val=(0x0, 0x0)
   kworker/u33:1-57411   [006] d.... 11183.773582: i915_reg_rw: write reg=0x701c0, len=4, val=(0x0, 0x0)
   kworker/u33:1-57411   [006] d.... 11183.773582: i915_reg_rw: write reg=0x701c4, len=4, val=(0x0, 0x0)
   kworker/u33:1-57411   [006] d.... 11183.773583: i915_reg_rw: write reg=0x70180, len=4, val=(0xc2042400, 0x0)
   kworker/u33:1-57411   [006] d.... 11183.773584: i915_reg_rw: write reg=0x7019c, len=4, val=(0x3300000, 0x0)
   kworker/u33:1-57411   [006] d.... 11183.773585: intel_scaler_disable_arm: dev 0000:00:02.0, pipe A, scaler 0, frame=671597, scanline=714
   kworker/u33:1-57411   [006] d..2. 11183.773586: i915_reg_rw: read reg=0x70040, len=4, val=(0xa3f6d, 0x0)
   kworker/u33:1-57411   [006] d..3. 11183.773586: i915_reg_rw: read reg=0x70000, len=4, val=(0x2c9, 0x0)
   kworker/u33:1-57411   [006] d.... 11183.773587: i915_reg_rw: write reg=0x68180, len=4, val=(0x0, 0x0)
   kworker/u33:1-57411   [006] d.... 11183.773587: i915_reg_rw: write reg=0x68170, len=4, val=(0x0, 0x0)
   kworker/u33:1-57411   [006] d.... 11183.773588: i915_reg_rw: write reg=0x68174, len=4, val=(0x0, 0x0)
   kworker/u33:1-57411   [006] d.... 11183.773588: intel_scaler_disable_arm: dev 0000:00:02.0, pipe A, scaler 1, frame=671597, scanline=714
   kworker/u33:1-57411   [006] d..2. 11183.773589: i915_reg_rw: read reg=0x70040, len=4, val=(0xa3f6d, 0x0)
   kworker/u33:1-57411   [006] d..3. 11183.773590: i915_reg_rw: read reg=0x70000, len=4, val=(0x2c9, 0x0)
   kworker/u33:1-57411   [006] d.... 11183.773590: i915_reg_rw: write reg=0x68280, len=4, val=(0x0, 0x0)
   kworker/u33:1-57411   [006] d.... 11183.773591: i915_reg_rw: write reg=0x68270, len=4, val=(0x0, 0x0)
   kworker/u33:1-57411   [006] d.... 11183.773591: i915_reg_rw: write reg=0x68274, len=4, val=(0x0, 0x0)
   kworker/u33:1-57411   [006] d..1. 11183.773592: i915_reg_rw: read reg=0x70000, len=4, val=(0x2ca, 0x0)
   kworker/u33:1-57411   [006] d.... 11183.773593: i915_reg_rw: read reg=0x70040, len=4, val=(0xa3f6d, 0x0)
   kworker/u33:1-57411   [006] d.... 11183.773594: intel_pipe_update_end: dev 0000:00:02.0, pipe A, frame=671597, scanline=715
   kworker/u33:1-57411   [006] d..2. 11183.773595: i915_reg_rw: read reg=0x70040, len=4, val=(0xa3f6d, 0x0)
   kworker/u33:1-57411   [006] d..3. 11183.773597: i915_reg_rw: read reg=0x70000, len=4, val=(0x2ca, 0x0)
   kworker/u33:1-57411   [006] d..2. 11183.773598: i915_reg_rw: read reg=0x70040, len=4, val=(0xa3f6d, 0x0)
     ksoftirqd/7-60      [007] d.H2. 11183.776466: i915_reg_rw: write reg=0x20a8, len=4, val=(0xfffff6f6, 0x0)
     kworker/7:0-83001   [007] ..... 11183.776654: i915_request_retire: dev=1, engine=0:0, ctx=5, seqno=714805, tail=3400
     kworker/7:0-83001   [007] d.h3. 11183.776658: i915_reg_rw: write reg=0x20a8, len=4, val=(0xfffff6f7, 0x0)
     kworker/7:0-83001   [007] ..... 11183.776676: i915_reg_rw: read reg=0x8504, len=4, val=(0xfc004c3, 0x0)
          <idle>-0       [007] d.h1. 11183.778970: i915_reg_rw: read reg=0x44408, len=4, val=(0x1, 0x0)
          <idle>-0       [007] d.h1. 11183.778970: i915_reg_rw: write reg=0x44408, len=4, val=(0x1, 0x0)
          <idle>-0       [007] d.h3. 11183.778973: i915_reg_rw: read reg=0x70040, len=4, val=(0xa3f6e, 0x0)
          <idle>-0       [007] d.h4. 11183.778974: i915_reg_rw: read reg=0x70000, len=4, val=(0x437, 0x0)
          <idle>-0       [007] d.h3. 11183.778975: i915_reg_rw: read reg=0x70040, len=4, val=(0xa3f6e, 0x0)
   kworker/u33:1-57411   [006] ..... 11183.779013: intel_frontbuffer_flush: dev 0000:00:02.0, frontbuffer_bits=0x00000001, origin=2
          bobide-73329   [006] ..... 11183.786814: i915_request_queue: dev=1, engine=0:0, ctx=127, seqno=108086, flags=0x0
          bobide-73329   [006] ..... 11183.786816: i915_request_add: dev=1, engine=0:0, ctx=127, seqno=108086, tail=8832
     kworker/7:0-83001   [007] ..... 11183.788279: i915_request_retire: dev=1, engine=0:0, ctx=127, seqno=108086, tail=3680
     gnome-shell-14986   [003] ..... 11183.788760: i915_request_queue: dev=1, engine=0:0, ctx=30, seqno=1685282, flags=0x0
     gnome-shell-14986   [003] ..... 11183.788762: i915_request_add: dev=1, engine=0:0, ctx=30, seqno=1685282, tail=14720
     gnome-shell-14986   [003] ..... 11183.788895: i915_request_queue: dev=1, engine=0:0, ctx=30, seqno=1685284, flags=0x0
     gnome-shell-14986   [003] ..... 11183.788896: i915_request_add: dev=1, engine=0:0, ctx=30, seqno=1685284, tail=1472
   kworker/u33:1-57411   [006] d.h3. 11183.789173: i915_reg_rw: write reg=0x20a8, len=4, val=(0xfffff6f6, 0x0)
   kworker/u33:1-57411   [006] ..... 11183.789185: i915_request_wait_begin: dev=1, engine=0:0, ctx=30, seqno=1685282, flags=0x2
          <idle>-0       [007] d.h3. 11183.789398: i915_reg_rw: write reg=0x20a8, len=4, val=(0xfffff6f7, 0x0)
   kworker/u33:1-57411   [006] ..... 11183.789401: i915_request_wait_end: dev=1, engine=0:0, ctx=30, seqno=1685282, tail=14352
   kworker/u33:1-57411   [006] ..... 11183.789415: intel_plane_update_noarm: dev 0000:00:02.0, pipe A, plane 1A, frame=671598, scanline=658, format=XR30 little-endian (0x30335258), 1920.000000x1080.000000+0.000000+0.000000 -> 1920x1080+0+0
   kworker/u33:1-57411   [006] ...2. 11183.789417: i915_reg_rw: read reg=0x70040, len=4, val=(0xa3f6e, 0x0)
   kworker/u33:1-57411   [006] d..3. 11183.789418: i915_reg_rw: read reg=0x70000, len=4, val=(0x291, 0x0)
   kworker/u33:1-57411   [006] ..... 11183.789427: i915_reg_rw: write reg=0x70188, len=4, val=(0xf, 0x0)
   kworker/u33:1-57411   [006] ..... 11183.789428: i915_reg_rw: write reg=0x7018c, len=4, val=(0x0, 0x0)
   kworker/u33:1-57411   [006] ..... 11183.789428: i915_reg_rw: write reg=0x70190, len=4, val=(0x437077f, 0x0)
   kworker/u33:1-57411   [006] ..... 11183.789429: i915_reg_rw: write reg=0x70240, len=4, val=(0x80000016, 0x0)
   kworker/u33:1-57411   [006] ..... 11183.789430: i915_reg_rw: write reg=0x70244, len=4, val=(0x8000c02b, 0x0)
   kworker/u33:1-57411   [006] ..... 11183.789430: i915_reg_rw: write reg=0x70248, len=4, val=(0x8000c02f, 0x0)
   kworker/u33:1-57411   [006] ..... 11183.789431: i915_reg_rw: write reg=0x7024c, len=4, val=(0x8001003b, 0x0)
   kworker/u33:1-57411   [006] ..... 11183.789431: i915_reg_rw: write reg=0x70250, len=4, val=(0x8001805c, 0x0)
   kworker/u33:1-57411   [006] ..... 11183.789432: i915_reg_rw: write reg=0x70254, len=4, val=(0x8001c06b, 0x0)
   kworker/u33:1-57411   [006] ..... 11183.789432: i915_reg_rw: write reg=0x70258, len=4, val=(0x8001c06b, 0x0)
   kworker/u33:1-57411   [006] ..... 11183.789433: i915_reg_rw: write reg=0x7025c, len=4, val=(0x8002007a, 0x0)
   kworker/u33:1-57411   [006] ..... 11183.789433: i915_reg_rw: write reg=0x70268, len=4, val=(0x0, 0x0)
   kworker/u33:1-57411   [006] ..... 11183.789434: i915_reg_rw: write reg=0x7027c, len=4, val=(0x35b0000, 0x0)
   kworker/u33:1-57411   [006] ..... 11183.789434: i915_reg_rw: write reg=0x70278, len=4, val=(0x0, 0x0)
   kworker/u33:1-57411   [006] d.... 11183.789438: intel_pipe_update_start: dev 0000:00:02.0, pipe A, frame=671598, scanline=659, min=1073, max=1079
     kworker/7:0-83001   [007] ..... 11183.789438: i915_request_retire: dev=1, engine=0:0, ctx=30, seqno=1685282, tail=14352
   kworker/u33:1-57411   [006] d..2. 11183.789439: i915_reg_rw: read reg=0x70040, len=4, val=(0xa3f6e, 0x0)
   kworker/u33:1-57411   [006] d..3. 11183.789439: i915_reg_rw: read reg=0x70000, len=4, val=(0x292, 0x0)
     kworker/7:0-83001   [007] ..... 11183.789440: i915_request_retire: dev=1, engine=0:0, ctx=30, seqno=1685284, tail=14536
   kworker/u33:1-57411   [006] d..1. 11183.789440: i915_reg_rw: read reg=0x70000, len=4, val=(0x292, 0x0)
   kworker/u33:1-57411   [006] d.... 11183.789441: i915_reg_rw: read reg=0x70040, len=4, val=(0xa3f6e, 0x0)
   kworker/u33:1-57411   [006] d.... 11183.789442: intel_pipe_update_vblank_evaded: dev 0000:00:02.0, pipe A, frame=671598, scanline=659, min=1073, max=1079
   kworker/u33:1-57411   [006] d.... 11183.789443: i915_reg_rw: write reg=0x70030, len=4, val=(0x50, 0x0)
   kworker/u33:1-57411   [006] d.... 11183.789445: intel_plane_update_arm: dev 0000:00:02.0, pipe A, plane 1A, frame=671598, scanline=659, format=XR30 little-endian (0x30335258), 1920.000000x1080.000000+0.000000+0.000000 -> 1920x1080+0+0
   kworker/u33:1-57411   [006] d..2. 11183.789445: i915_reg_rw: read reg=0x70040, len=4, val=(0xa3f6e, 0x0)
   kworker/u33:1-57411   [006] d..3. 11183.789446: i915_reg_rw: read reg=0x70000, len=4, val=(0x292, 0x0)
   kworker/u33:1-57411   [006] d.... 11183.789447: i915_reg_rw: write reg=0x70194, len=4, val=(0x0, 0x0)
   kworker/u33:1-57411   [006] d.... 11183.789448: i915_reg_rw: write reg=0x70198, len=4, val=(0x0, 0x0)
   kworker/u33:1-57411   [006] d.... 11183.789448: i915_reg_rw: write reg=0x701a0, len=4, val=(0xff000000, 0x0)
   kworker/u33:1-57411   [006] d.... 11183.789449: i915_reg_rw: write reg=0x701a4, len=4, val=(0x0, 0x0)
   kworker/u33:1-57411   [006] d.... 11183.789449: i915_reg_rw: write reg=0x701c0, len=4, val=(0x0, 0x0)
   kworker/u33:1-57411   [006] d.... 11183.789450: i915_reg_rw: write reg=0x701c4, len=4, val=(0x0, 0x0)
   kworker/u33:1-57411   [006] d.... 11183.789451: i915_reg_rw: write reg=0x70180, len=4, val=(0xc2042400, 0x0)
   kworker/u33:1-57411   [006] d.... 11183.789451: i915_reg_rw: write reg=0x7019c, len=4, val=(0x1c00000, 0x0)
   kworker/u33:1-57411   [006] d.... 11183.789452: intel_scaler_disable_arm: dev 0000:00:02.0, pipe A, scaler 0, frame=671598, scanline=660
   kworker/u33:1-57411   [006] d..2. 11183.789453: i915_reg_rw: read reg=0x70040, len=4, val=(0xa3f6e, 0x0)
   kworker/u33:1-57411   [006] d..3. 11183.789454: i915_reg_rw: read reg=0x70000, len=4, val=(0x293, 0x0)
   kworker/u33:1-57411   [006] d.... 11183.789454: i915_reg_rw: write reg=0x68180, len=4, val=(0x0, 0x0)
   kworker/u33:1-57411   [006] d.... 11183.789455: i915_reg_rw: write reg=0x68170, len=4, val=(0x0, 0x0)
   kworker/u33:1-57411   [006] d.... 11183.789455: i915_reg_rw: write reg=0x68174, len=4, val=(0x0, 0x0)
   kworker/u33:1-57411   [006] d.... 11183.789456: intel_scaler_disable_arm: dev 0000:00:02.0, pipe A, scaler 1, frame=671598, scanline=660
   kworker/u33:1-57411   [006] d..2. 11183.789456: i915_reg_rw: read reg=0x70040, len=4, val=(0xa3f6e, 0x0)
   kworker/u33:1-57411   [006] d..3. 11183.789457: i915_reg_rw: read reg=0x70000, len=4, val=(0x293, 0x0)
   kworker/u33:1-57411   [006] d.... 11183.789458: i915_reg_rw: write reg=0x68280, len=4, val=(0x0, 0x0)
   kworker/u33:1-57411   [006] d.... 11183.789458: i915_reg_rw: write reg=0x68270, len=4, val=(0x0, 0x0)
   kworker/u33:1-57411   [006] d.... 11183.789459: i915_reg_rw: write reg=0x68274, len=4, val=(0x0, 0x0)
   kworker/u33:1-57411   [006] d..1. 11183.789459: i915_reg_rw: read reg=0x70000, len=4, val=(0x293, 0x0)
   kworker/u33:1-57411   [006] d.... 11183.789460: i915_reg_rw: read reg=0x70040, len=4, val=(0xa3f6e, 0x0)
   kworker/u33:1-57411   [006] d.... 11183.789461: intel_pipe_update_end: dev 0000:00:02.0, pipe A, frame=671598, scanline=660
   kworker/u33:1-57411   [006] d..2. 11183.789462: i915_reg_rw: read reg=0x70040, len=4, val=(0xa3f6e, 0x0)
   kworker/u33:1-57411   [006] d..3. 11183.789464: i915_reg_rw: read reg=0x70000, len=4, val=(0x294, 0x0)
   kworker/u33:1-57411   [006] d..2. 11183.789465: i915_reg_rw: read reg=0x70040, len=4, val=(0xa3f6e, 0x0)
     ksoftirqd/7-60      [007] d.H2. 11183.790468: i915_reg_rw: write reg=0x20a8, len=4, val=(0xfffff6f6, 0x0)
     kworker/7:0-83001   [007] ..... 11183.790558: i915_request_retire: dev=1, engine=0:0, ctx=5, seqno=714806, tail=3536
     kworker/7:0-83001   [007] d.h3. 11183.790565: i915_reg_rw: write reg=0x20a8, len=4, val=(0xfffff6f7, 0x0)
     kworker/7:0-83001   [007] ..... 11183.790579: i915_reg_rw: read reg=0x8504, len=4, val=(0xfc004c3, 0x0)
          <idle>-0       [007] d.h1. 11183.795681: i915_reg_rw: read reg=0x44408, len=4, val=(0x1, 0x0)
          <idle>-0       [007] d.h1. 11183.795683: i915_reg_rw: write reg=0x44408, len=4, val=(0x1, 0x0)
          <idle>-0       [007] d.h3. 11183.795685: i915_reg_rw: read reg=0x70040, len=4, val=(0xa3f6f, 0x0)
          <idle>-0       [007] d.h4. 11183.795686: i915_reg_rw: read reg=0x70000, len=4, val=(0x43a, 0x0)
          <idle>-0       [007] d.h3. 11183.795686: i915_reg_rw: read reg=0x70040, len=4, val=(0xa3f6f, 0x0)
   kworker/u33:1-57411   [006] ..... 11183.795704: intel_frontbuffer_flush: dev 0000:00:02.0, frontbuffer_bits=0x00000001, origin=2
          bobide-73329   [005] ..... 11183.798430: i915_request_queue: dev=1, engine=0:0, ctx=127, seqno=108088, flags=0x0
          bobide-73329   [005] ..... 11183.798432: i915_request_add: dev=1, engine=0:0, ctx=127, seqno=108088, tail=11592
     kworker/7:0-83001   [007] ..... 11183.799554: i915_request_retire: dev=1, engine=0:0, ctx=127, seqno=108088, tail=3864
     ksoftirqd/7-60      [007] d.H2. 11183.802459: i915_reg_rw: write reg=0x20a8, len=4, val=(0xfffff6f6, 0x0)
     kworker/7:0-83001   [007] ..... 11183.804012: i915_request_retire: dev=1, engine=0:0, ctx=5, seqno=714807, tail=3672
     kworker/7:0-83001   [007] d.h3. 11183.804018: i915_reg_rw: write reg=0x20a8, len=4, val=(0xfffff6f7, 0x0)
     kworker/7:0-83001   [007] ..... 11183.804027: i915_reg_rw: read reg=0x8504, len=4, val=(0xfc004c3, 0x0)
     gnome-shell-14986   [005] ..... 11183.805287: i915_request_queue: dev=1, engine=0:0, ctx=30, seqno=1685286, flags=0x0
     gnome-shell-14986   [005] ..... 11183.805289: i915_request_add: dev=1, engine=0:0, ctx=30, seqno=1685286, tail=11592
     gnome-shell-14986   [005] ..... 11183.805370: i915_request_queue: dev=1, engine=0:0, ctx=30, seqno=1685288, flags=0x0
     gnome-shell-14986   [005] ..... 11183.805371: i915_request_add: dev=1, engine=0:0, ctx=30, seqno=1685288, tail=7728
     kworker/7:0-83001   [007] ..... 11183.805895: i915_request_retire: dev=1, engine=0:0, ctx=30, seqno=1685286, tail=14720
     kworker/7:0-83001   [007] ..... 11183.805896: i915_request_retire: dev=1, engine=0:0, ctx=30, seqno=1685288, tail=14904
   kworker/u33:1-57411   [006] ..... 11183.805901: intel_plane_update_noarm: dev 0000:00:02.0, pipe A, plane 1A, frame=671599, scanline=645, format=XR30 little-endian (0x30335258), 1920.000000x1080.000000+0.000000+0.000000 -> 1920x1080+0+0
   kworker/u33:1-57411   [006] ...2. 11183.805903: i915_reg_rw: read reg=0x70040, len=4, val=(0xa3f6f, 0x0)
   kworker/u33:1-57411   [006] d..3. 11183.805904: i915_reg_rw: read reg=0x70000, len=4, val=(0x284, 0x0)
   kworker/u33:1-57411   [006] ..... 11183.805905: i915_reg_rw: write reg=0x70188, len=4, val=(0xf, 0x0)
   kworker/u33:1-57411   [006] ..... 11183.805905: i915_reg_rw: write reg=0x7018c, len=4, val=(0x0, 0x0)
   kworker/u33:1-57411   [006] ..... 11183.805906: i915_reg_rw: write reg=0x70190, len=4, val=(0x437077f, 0x0)
   kworker/u33:1-57411   [006] ..... 11183.805906: i915_reg_rw: write reg=0x70240, len=4, val=(0x80000016, 0x0)
   kworker/u33:1-57411   [006] ..... 11183.805906: i915_reg_rw: write reg=0x70244, len=4, val=(0x8000c02b, 0x0)
   kworker/u33:1-57411   [006] ..... 11183.805907: i915_reg_rw: write reg=0x70248, len=4, val=(0x8000c02f, 0x0)
   kworker/u33:1-57411   [006] ..... 11183.805907: i915_reg_rw: write reg=0x7024c, len=4, val=(0x8001003b, 0x0)
   kworker/u33:1-57411   [006] ..... 11183.805907: i915_reg_rw: write reg=0x70250, len=4, val=(0x8001805c, 0x0)
   kworker/u33:1-57411   [006] ..... 11183.805908: i915_reg_rw: write reg=0x70254, len=4, val=(0x8001c06b, 0x0)
   kworker/u33:1-57411   [006] ..... 11183.805908: i915_reg_rw: write reg=0x70258, len=4, val=(0x8001c06b, 0x0)
   kworker/u33:1-57411   [006] ..... 11183.805908: i915_reg_rw: write reg=0x7025c, len=4, val=(0x8002007a, 0x0)
   kworker/u33:1-57411   [006] ..... 11183.805908: i915_reg_rw: write reg=0x70268, len=4, val=(0x0, 0x0)
   kworker/u33:1-57411   [006] ..... 11183.805909: i915_reg_rw: write reg=0x7027c, len=4, val=(0x35b0000, 0x0)
   kworker/u33:1-57411   [006] ..... 11183.805909: i915_reg_rw: write reg=0x70278, len=4, val=(0x0, 0x0)
   kworker/u33:1-57411   [006] ..... 11183.805910: intel_plane_update_noarm: dev 0000:00:02.0, pipe A, cursor A, frame=671599, scanline=646, format=AR24 little-endian (0x34325241), 256.000000x256.000000+0.000000+0.000000 -> 256x256+1603+484
   kworker/u33:1-57411   [006] ...2. 11183.805910: i915_reg_rw: read reg=0x70040, len=4, val=(0xa3f6f, 0x0)
   kworker/u33:1-57411   [006] d..3. 11183.805910: i915_reg_rw: read reg=0x70000, len=4, val=(0x285, 0x0)
   kworker/u33:1-57411   [006] d.... 11183.805912: intel_pipe_update_start: dev 0000:00:02.0, pipe A, frame=671599, scanline=646, min=1073, max=1079
   kworker/u33:1-57411   [006] d..2. 11183.805912: i915_reg_rw: read reg=0x70040, len=4, val=(0xa3f6f, 0x0)
   kworker/u33:1-57411   [006] d..3. 11183.805913: i915_reg_rw: read reg=0x70000, len=4, val=(0x285, 0x0)
   kworker/u33:1-57411   [006] d..1. 11183.805914: i915_reg_rw: read reg=0x70000, len=4, val=(0x285, 0x0)
   kworker/u33:1-57411   [006] d.... 11183.805915: i915_reg_rw: read reg=0x70040, len=4, val=(0xa3f6f, 0x0)
   kworker/u33:1-57411   [006] d.... 11183.805916: intel_pipe_update_vblank_evaded: dev 0000:00:02.0, pipe A, frame=671599, scanline=646, min=1073, max=1079
   kworker/u33:1-57411   [006] d.... 11183.805916: i915_reg_rw: write reg=0x70030, len=4, val=(0x50, 0x0)
   kworker/u33:1-57411   [006] d.... 11183.805918: intel_plane_update_arm: dev 0000:00:02.0, pipe A, plane 1A, frame=671599, scanline=647, format=XR30 little-endian (0x30335258), 1920.000000x1080.000000+0.000000+0.000000 -> 1920x1080+0+0
   kworker/u33:1-57411   [006] d..2. 11183.805918: i915_reg_rw: read reg=0x70040, len=4, val=(0xa3f6f, 0x0)
   kworker/u33:1-57411   [006] d..3. 11183.805925: i915_reg_rw: read reg=0x70000, len=4, val=(0x286, 0x0)
   kworker/u33:1-57411   [006] d.... 11183.805925: i915_reg_rw: write reg=0x70194, len=4, val=(0x0, 0x0)
   kworker/u33:1-57411   [006] d.... 11183.805926: i915_reg_rw: write reg=0x70198, len=4, val=(0x0, 0x0)
   kworker/u33:1-57411   [006] d.... 11183.805926: i915_reg_rw: write reg=0x701a0, len=4, val=(0xff000000, 0x0)
   kworker/u33:1-57411   [006] d.... 11183.805926: i915_reg_rw: write reg=0x701a4, len=4, val=(0x0, 0x0)
   kworker/u33:1-57411   [006] d.... 11183.805927: i915_reg_rw: write reg=0x701c0, len=4, val=(0x0, 0x0)
   kworker/u33:1-57411   [006] d.... 11183.805927: i915_reg_rw: write reg=0x701c4, len=4, val=(0x0, 0x0)
   kworker/u33:1-57411   [006] d.... 11183.805927: i915_reg_rw: write reg=0x70180, len=4, val=(0xc2042400, 0x0)
   kworker/u33:1-57411   [006] d.... 11183.805928: i915_reg_rw: write reg=0x7019c, len=4, val=(0x25c0000, 0x0)
   kworker/u33:1-57411   [006] d.... 11183.805928: intel_plane_update_arm: dev 0000:00:02.0, pipe A, cursor A, frame=671599, scanline=647, format=AR24 little-endian (0x34325241), 256.000000x256.000000+0.000000+0.000000 -> 256x256+1603+484
   kworker/u33:1-57411   [006] d..2. 11183.805928: i915_reg_rw: read reg=0x70040, len=4, val=(0xa3f6f, 0x0)
   kworker/u33:1-57411   [006] d..3. 11183.805929: i915_reg_rw: read reg=0x70000, len=4, val=(0x286, 0x0)
   kworker/u33:1-57411   [006] d.... 11183.805929: i915_reg_rw: write reg=0x70140, len=4, val=(0x80000004, 0x0)
   kworker/u33:1-57411   [006] d.... 11183.805929: i915_reg_rw: write reg=0x70144, len=4, val=(0x80008008, 0x0)
   kworker/u33:1-57411   [006] d.... 11183.805930: i915_reg_rw: write reg=0x70148, len=4, val=(0x80008008, 0x0)
   kworker/u33:1-57411   [006] d.... 11183.805930: i915_reg_rw: write reg=0x7014c, len=4, val=(0x8000c00b, 0x0)
   kworker/u33:1-57411   [006] d.... 11183.805930: i915_reg_rw: write reg=0x70150, len=4, val=(0x80014011, 0x0)
   kworker/u33:1-57411   [006] d.... 11183.805931: i915_reg_rw: write reg=0x70154, len=4, val=(0x80018014, 0x0)
   kworker/u33:1-57411   [006] d.... 11183.805931: i915_reg_rw: write reg=0x70158, len=4, val=(0x80018014, 0x0)
   kworker/u33:1-57411   [006] d.... 11183.805931: i915_reg_rw: write reg=0x7015c, len=4, val=(0x8001c017, 0x0)
   kworker/u33:1-57411   [006] d.... 11183.805932: i915_reg_rw: write reg=0x70168, len=4, val=(0x0, 0x0)
   kworker/u33:1-57411   [006] d.... 11183.805932: i915_reg_rw: write reg=0x7017c, len=4, val=(0x37b035c, 0x0)
   kworker/u33:1-57411   [006] d.... 11183.805932: i915_reg_rw: write reg=0x70088, len=4, val=(0x1e40643, 0x0)
   kworker/u33:1-57411   [006] d.... 11183.805932: i915_reg_rw: write reg=0x70084, len=4, val=(0x3140000, 0x0)
   kworker/u33:1-57411   [006] d.... 11183.805933: intel_scaler_disable_arm: dev 0000:00:02.0, pipe A, scaler 0, frame=671599, scanline=647
   kworker/u33:1-57411   [006] d..2. 11183.805934: i915_reg_rw: read reg=0x70040, len=4, val=(0xa3f6f, 0x0)
   kworker/u33:1-57411   [006] d..3. 11183.805934: i915_reg_rw: read reg=0x70000, len=4, val=(0x286, 0x0)
   kworker/u33:1-57411   [006] d.... 11183.805934: i915_reg_rw: write reg=0x68180, len=4, val=(0x0, 0x0)
   kworker/u33:1-57411   [006] d.... 11183.805934: i915_reg_rw: write reg=0x68170, len=4, val=(0x0, 0x0)
   kworker/u33:1-57411   [006] d.... 11183.805935: i915_reg_rw: write reg=0x68174, len=4, val=(0x0, 0x0)
   kworker/u33:1-57411   [006] d.... 11183.805935: intel_scaler_disable_arm: dev 0000:00:02.0, pipe A, scaler 1, frame=671599, scanline=648
   kworker/u33:1-57411   [006] d..2. 11183.805935: i915_reg_rw: read reg=0x70040, len=4, val=(0xa3f6f, 0x0)
   kworker/u33:1-57411   [006] d..3. 11183.805936: i915_reg_rw: read reg=0x70000, len=4, val=(0x287, 0x0)
   kworker/u33:1-57411   [006] d.... 11183.805936: i915_reg_rw: write reg=0x68280, len=4, val=(0x0, 0x0)
   kworker/u33:1-57411   [006] d.... 11183.805936: i915_reg_rw: write reg=0x68270, len=4, val=(0x0, 0x0)
   kworker/u33:1-57411   [006] d.... 11183.805936: i915_reg_rw: write reg=0x68274, len=4, val=(0x0, 0x0)
   kworker/u33:1-57411   [006] d..1. 11183.805937: i915_reg_rw: read reg=0x70000, len=4, val=(0x287, 0x0)
   kworker/u33:1-57411   [006] d.... 11183.805937: i915_reg_rw: read reg=0x70040, len=4, val=(0xa3f6f, 0x0)
   kworker/u33:1-57411   [006] d.... 11183.805938: intel_pipe_update_end: dev 0000:00:02.0, pipe A, frame=671599, scanline=648
   kworker/u33:1-57411   [006] d..2. 11183.805939: i915_reg_rw: read reg=0x70040, len=4, val=(0xa3f6f, 0x0)
   kworker/u33:1-57411   [006] d..3. 11183.805939: i915_reg_rw: read reg=0x70000, len=4, val=(0x287, 0x0)
   kworker/u33:1-57411   [006] d..2. 11183.805940: i915_reg_rw: read reg=0x70040, len=4, val=(0xa3f6f, 0x0)
     ksoftirqd/7-60      [007] d.H2. 11183.809445: i915_reg_rw: write reg=0x20a8, len=4, val=(0xfffff6f6, 0x0)
     kworker/7:0-83001   [007] ..... 11183.811431: i915_request_retire: dev=1, engine=0:0, ctx=5, seqno=714808, tail=3808
     kworker/7:0-83001   [007] d.h3. 11183.811435: i915_reg_rw: write reg=0x20a8, len=4, val=(0xfffff6f7, 0x0)
     kworker/7:0-83001   [007] ..... 11183.811542: i915_reg_rw: read reg=0x8504, len=4, val=(0xfc004c3, 0x0)
          bobide-73383   [007] d.h.. 11183.812298: i915_reg_rw: read reg=0x44408, len=4, val=(0x1, 0x0)
          bobide-73383   [007] d.h.. 11183.812298: i915_reg_rw: write reg=0x44408, len=4, val=(0x1, 0x0)
          bobide-73383   [007] d.h2. 11183.812306: i915_reg_rw: read reg=0x70040, len=4, val=(0xa3f70, 0x0)
          bobide-73383   [007] d.h3. 11183.812307: i915_reg_rw: read reg=0x70000, len=4, val=(0x437, 0x0)
          bobide-73383   [007] d.h2. 11183.812308: i915_reg_rw: read reg=0x70040, len=4, val=(0xa3f70, 0x0)
   kworker/u33:1-57411   [006] ..... 11183.812358: intel_frontbuffer_flush: dev 0000:00:02.0, frontbuffer_bits=0x00000081, origin=2
          bobide-73329   [006] ..... 11183.816777: i915_request_queue: dev=1, engine=0:0, ctx=127, seqno=108090, flags=0x0
          bobide-73329   [006] ..... 11183.816780: i915_request_add: dev=1, engine=0:0, ctx=127, seqno=108090, tail=8096
     kworker/7:0-83001   [007] ..... 11183.817268: i915_request_retire: dev=1, engine=0:0, ctx=127, seqno=108090, tail=4048
     ksoftirqd/7-60      [007] d.H2. 11183.819446: i915_reg_rw: write reg=0x20a8, len=4, val=(0xfffff6f6, 0x0)
     kworker/7:0-83001   [007] ..... 11183.819622: i915_request_retire: dev=1, engine=0:0, ctx=5, seqno=714809, tail=3944
     kworker/7:0-83001   [007] d.h3. 11183.819624: i915_reg_rw: write reg=0x20a8, len=4, val=(0xfffff6f7, 0x0)
     kworker/7:0-83001   [007] ..... 11183.819652: i915_reg_rw: read reg=0x8504, len=4, val=(0xfc004c3, 0x0)
     gnome-shell-14986   [001] ..... 11183.822001: i915_request_queue: dev=1, engine=0:0, ctx=30, seqno=1685290, flags=0x0
     gnome-shell-14986   [001] ..... 11183.822003: i915_request_add: dev=1, engine=0:0, ctx=30, seqno=1685290, tail=11224
     gnome-shell-14986   [001] ..... 11183.822142: i915_request_queue: dev=1, engine=0:0, ctx=30, seqno=1685292, flags=0x0
     gnome-shell-14986   [001] ..... 11183.822142: i915_request_add: dev=1, engine=0:0, ctx=30, seqno=1685292, tail=12328
   kworker/u33:1-57411   [006] d.h3. 11183.822372: i915_reg_rw: write reg=0x20a8, len=4, val=(0xfffff6f6, 0x0)
   kworker/u33:1-57411   [006] ..... 11183.822379: i915_request_wait_begin: dev=1, engine=0:0, ctx=30, seqno=1685290, flags=0x2
          <idle>-0       [007] d.H3. 11183.822787: i915_reg_rw: write reg=0x20a8, len=4, val=(0xfffff6f7, 0x0)
     kworker/7:0-83001   [007] ..... 11183.822798: i915_request_retire: dev=1, engine=0:0, ctx=30, seqno=1685290, tail=15088
     kworker/7:0-83001   [007] ..... 11183.822798: i915_request_retire: dev=1, engine=0:0, ctx=30, seqno=1685292, tail=15272
   kworker/u33:1-57411   [006] ..... 11183.822822: i915_request_wait_end: dev=1, engine=0:0, ctx=30, seqno=1685290, tail=15088
   kworker/u33:1-57411   [006] ..... 11183.822834: intel_plane_update_noarm: dev 0000:00:02.0, pipe A, plane 1A, frame=671600, scanline=664, format=XR30 little-endian (0x30335258), 1920.000000x1080.000000+0.000000+0.000000 -> 1920x1080+0+0
   kworker/u33:1-57411   [006] ...2. 11183.822836: i915_reg_rw: read reg=0x70040, len=4, val=(0xa3f70, 0x0)
   kworker/u33:1-57411   [006] d..3. 11183.822836: i915_reg_rw: read reg=0x70000, len=4, val=(0x297, 0x0)
   kworker/u33:1-57411   [006] ..... 11183.822838: i915_reg_rw: write reg=0x70188, len=4, val=(0xf, 0x0)
   kworker/u33:1-57411   [006] ..... 11183.822838: i915_reg_rw: write reg=0x7018c, len=4, val=(0x0, 0x0)
   kworker/u33:1-57411   [006] ..... 11183.822839: i915_reg_rw: write reg=0x70190, len=4, val=(0x437077f, 0x0)
   kworker/u33:1-57411   [006] ..... 11183.822840: i915_reg_rw: write reg=0x70240, len=4, val=(0x80000016, 0x0)
   kworker/u33:1-57411   [006] ..... 11183.822840: i915_reg_rw: write reg=0x70244, len=4, val=(0x8000c02b, 0x0)
   kworker/u33:1-57411   [006] ..... 11183.822840: i915_reg_rw: write reg=0x70248, len=4, val=(0x8000c02f, 0x0)
   kworker/u33:1-57411   [006] ..... 11183.822840: i915_reg_rw: write reg=0x7024c, len=4, val=(0x8001003b, 0x0)
   kworker/u33:1-57411   [006] ..... 11183.822841: i915_reg_rw: write reg=0x70250, len=4, val=(0x8001805c, 0x0)
   kworker/u33:1-57411   [006] ..... 11183.822841: i915_reg_rw: write reg=0x70254, len=4, val=(0x8001c06b, 0x0)
   kworker/u33:1-57411   [006] ..... 11183.822841: i915_reg_rw: write reg=0x70258, len=4, val=(0x8001c06b, 0x0)
   kworker/u33:1-57411   [006] ..... 11183.822842: i915_reg_rw: write reg=0x7025c, len=4, val=(0x8002007a, 0x0)
   kworker/u33:1-57411   [006] ..... 11183.822842: i915_reg_rw: write reg=0x70268, len=4, val=(0x0, 0x0)
   kworker/u33:1-57411   [006] ..... 11183.822842: i915_reg_rw: write reg=0x7027c, len=4, val=(0x35b0000, 0x0)
   kworker/u33:1-57411   [006] ..... 11183.822843: i915_reg_rw: write reg=0x70278, len=4, val=(0x0, 0x0)
   kworker/u33:1-57411   [006] ..... 11183.822843: intel_plane_update_noarm: dev 0000:00:02.0, pipe A, cursor A, frame=671600, scanline=664, format=AR24 little-endian (0x34325241), 256.000000x256.000000+0.000000+0.000000 -> 256x256+1599+423
   kworker/u33:1-57411   [006] ...2. 11183.822844: i915_reg_rw: read reg=0x70040, len=4, val=(0xa3f70, 0x0)
   kworker/u33:1-57411   [006] d..3. 11183.822844: i915_reg_rw: read reg=0x70000, len=4, val=(0x297, 0x0)
   kworker/u33:1-57411   [006] d.... 11183.822846: intel_pipe_update_start: dev 0000:00:02.0, pipe A, frame=671600, scanline=664, min=1073, max=1079
   kworker/u33:1-57411   [006] d..2. 11183.822847: i915_reg_rw: read reg=0x70040, len=4, val=(0xa3f70, 0x0)
   kworker/u33:1-57411   [006] d..3. 11183.822847: i915_reg_rw: read reg=0x70000, len=4, val=(0x297, 0x0)
   kworker/u33:1-57411   [006] d..1. 11183.822848: i915_reg_rw: read reg=0x70000, len=4, val=(0x297, 0x0)
   kworker/u33:1-57411   [006] d.... 11183.822848: i915_reg_rw: read reg=0x70040, len=4, val=(0xa3f70, 0x0)
   kworker/u33:1-57411   [006] d.... 11183.822849: intel_pipe_update_vblank_evaded: dev 0000:00:02.0, pipe A, frame=671600, scanline=664, min=1073, max=1079
   kworker/u33:1-57411   [006] d.... 11183.822850: i915_reg_rw: write reg=0x70030, len=4, val=(0x50, 0x0)
   kworker/u33:1-57411   [006] d.... 11183.822851: intel_plane_update_arm: dev 0000:00:02.0, pipe A, plane 1A, frame=671600, scanline=665, format=XR30 little-endian (0x30335258), 1920.000000x1080.000000+0.000000+0.000000 -> 1920x1080+0+0
   kworker/u33:1-57411   [006] d..2. 11183.822851: i915_reg_rw: read reg=0x70040, len=4, val=(0xa3f70, 0x0)
   kworker/u33:1-57411   [006] d..3. 11183.822852: i915_reg_rw: read reg=0x70000, len=4, val=(0x298, 0x0)
   kworker/u33:1-57411   [006] d.... 11183.822852: i915_reg_rw: write reg=0x70194, len=4, val=(0x0, 0x0)
   kworker/u33:1-57411   [006] d.... 11183.822853: i915_reg_rw: write reg=0x70198, len=4, val=(0x0, 0x0)
   kworker/u33:1-57411   [006] d.... 11183.822853: i915_reg_rw: write reg=0x701a0, len=4, val=(0xff000000, 0x0)
   kworker/u33:1-57411   [006] d.... 11183.822853: i915_reg_rw: write reg=0x701a4, len=4, val=(0x0, 0x0)
   kworker/u33:1-57411   [006] d.... 11183.822854: i915_reg_rw: write reg=0x701c0, len=4, val=(0x0, 0x0)
   kworker/u33:1-57411   [006] d.... 11183.822854: i915_reg_rw: write reg=0x701c4, len=4, val=(0x0, 0x0)
   kworker/u33:1-57411   [006] d.... 11183.822855: i915_reg_rw: write reg=0x70180, len=4, val=(0xc2042400, 0x0)
   kworker/u33:1-57411   [006] d.... 11183.822855: i915_reg_rw: write reg=0x7019c, len=4, val=(0x3300000, 0x0)
   kworker/u33:1-57411   [006] d.... 11183.822855: intel_plane_update_arm: dev 0000:00:02.0, pipe A, cursor A, frame=671600, scanline=665, format=AR24 little-endian (0x34325241), 256.000000x256.000000+0.000000+0.000000 -> 256x256+1599+423
   kworker/u33:1-57411   [006] d..2. 11183.822856: i915_reg_rw: read reg=0x70040, len=4, val=(0xa3f70, 0x0)
   kworker/u33:1-57411   [006] d..3. 11183.822856: i915_reg_rw: read reg=0x70000, len=4, val=(0x298, 0x0)
   kworker/u33:1-57411   [006] d.... 11183.822857: i915_reg_rw: write reg=0x70140, len=4, val=(0x80000004, 0x0)
   kworker/u33:1-57411   [006] d.... 11183.822857: i915_reg_rw: write reg=0x70144, len=4, val=(0x80008008, 0x0)
   kworker/u33:1-57411   [006] d.... 11183.822858: i915_reg_rw: write reg=0x70148, len=4, val=(0x80008008, 0x0)
   kworker/u33:1-57411   [006] d.... 11183.822858: i915_reg_rw: write reg=0x7014c, len=4, val=(0x8000c00b, 0x0)
   kworker/u33:1-57411   [006] d.... 11183.822859: i915_reg_rw: write reg=0x70150, len=4, val=(0x80014011, 0x0)
   kworker/u33:1-57411   [006] d.... 11183.822859: i915_reg_rw: write reg=0x70154, len=4, val=(0x80018014, 0x0)
   kworker/u33:1-57411   [006] d.... 11183.822859: i915_reg_rw: write reg=0x70158, len=4, val=(0x80018014, 0x0)
   kworker/u33:1-57411   [006] d.... 11183.822860: i915_reg_rw: write reg=0x7015c, len=4, val=(0x8001c017, 0x0)
   kworker/u33:1-57411   [006] d.... 11183.822860: i915_reg_rw: write reg=0x70168, len=4, val=(0x0, 0x0)
   kworker/u33:1-57411   [006] d.... 11183.822860: i915_reg_rw: write reg=0x7017c, len=4, val=(0x37b035c, 0x0)
   kworker/u33:1-57411   [006] d.... 11183.822861: i915_reg_rw: write reg=0x70088, len=4, val=(0x1a7063f, 0x0)
   kworker/u33:1-57411   [006] d.... 11183.822861: i915_reg_rw: write reg=0x70084, len=4, val=(0x3140000, 0x0)
   kworker/u33:1-57411   [006] d.... 11183.822862: intel_scaler_disable_arm: dev 0000:00:02.0, pipe A, scaler 0, frame=671600, scanline=665
   kworker/u33:1-57411   [006] d..2. 11183.822862: i915_reg_rw: read reg=0x70040, len=4, val=(0xa3f70, 0x0)
   kworker/u33:1-57411   [006] d..3. 11183.822862: i915_reg_rw: read reg=0x70000, len=4, val=(0x298, 0x0)
   kworker/u33:1-57411   [006] d.... 11183.822862: i915_reg_rw: write reg=0x68180, len=4, val=(0x0, 0x0)
   kworker/u33:1-57411   [006] d.... 11183.822863: i915_reg_rw: write reg=0x68170, len=4, val=(0x0, 0x0)
   kworker/u33:1-57411   [006] d.... 11183.822863: i915_reg_rw: write reg=0x68174, len=4, val=(0x0, 0x0)
   kworker/u33:1-57411   [006] d.... 11183.822863: intel_scaler_disable_arm: dev 0000:00:02.0, pipe A, scaler 1, frame=671600, scanline=665
   kworker/u33:1-57411   [006] d..2. 11183.822864: i915_reg_rw: read reg=0x70040, len=4, val=(0xa3f70, 0x0)
   kworker/u33:1-57411   [006] d..3. 11183.822864: i915_reg_rw: read reg=0x70000, len=4, val=(0x298, 0x0)
   kworker/u33:1-57411   [006] d.... 11183.822864: i915_reg_rw: write reg=0x68280, len=4, val=(0x0, 0x0)
   kworker/u33:1-57411   [006] d.... 11183.822864: i915_reg_rw: write reg=0x68270, len=4, val=(0x0, 0x0)
   kworker/u33:1-57411   [006] d.... 11183.822865: i915_reg_rw: write reg=0x68274, len=4, val=(0x0, 0x0)
   kworker/u33:1-57411   [006] d..1. 11183.822865: i915_reg_rw: read reg=0x70000, len=4, val=(0x299, 0x0)
   kworker/u33:1-57411   [006] d.... 11183.822866: i915_reg_rw: read reg=0x70040, len=4, val=(0xa3f70, 0x0)
   kworker/u33:1-57411   [006] d.... 11183.822866: intel_pipe_update_end: dev 0000:00:02.0, pipe A, frame=671600, scanline=666
   kworker/u33:1-57411   [006] d..2. 11183.822867: i915_reg_rw: read reg=0x70040, len=4, val=(0xa3f70, 0x0)
   kworker/u33:1-57411   [006] d..3. 11183.822867: i915_reg_rw: read reg=0x70000, len=4, val=(0x299, 0x0)
   kworker/u33:1-57411   [006] d..2. 11183.822868: i915_reg_rw: read reg=0x70040, len=4, val=(0xa3f70, 0x0)
     ksoftirqd/7-60      [007] d.H2. 11183.826459: i915_reg_rw: write reg=0x20a8, len=4, val=(0xfffff6f6, 0x0)
     kworker/7:0-83001   [007] ..... 11183.826640: i915_request_retire: dev=1, engine=0:0, ctx=5, seqno=714810, tail=4080
     kworker/7:0-83001   [007] d.h3. 11183.826642: i915_reg_rw: write reg=0x20a8, len=4, val=(0xfffff6f7, 0x0)
     kworker/7:0-83001   [007] ..... 11183.826676: i915_reg_rw: read reg=0x8504, len=4, val=(0xfc004c3, 0x0)
          <idle>-0       [007] d.h1. 11183.829014: i915_reg_rw: read reg=0x44408, len=4, val=(0x1, 0x0)
          <idle>-0       [007] d.h1. 11183.829014: i915_reg_rw: write reg=0x44408, len=4, val=(0x1, 0x0)
          <idle>-0       [007] d.h3. 11183.829016: i915_reg_rw: read reg=0x70040, len=4, val=(0xa3f71, 0x0)
          <idle>-0       [007] d.h4. 11183.829017: i915_reg_rw: read reg=0x70000, len=4, val=(0x43a, 0x0)
          <idle>-0       [007] d.h3. 11183.829018: i915_reg_rw: read reg=0x70040, len=4, val=(0xa3f71, 0x0)
   kworker/u33:1-57411   [007] ..... 11183.829032: intel_frontbuffer_flush: dev 0000:00:02.0, frontbuffer_bits=0x00000081, origin=2
          bobide-73329   [005] ..... 11183.830625: i915_request_queue: dev=1, engine=0:0, ctx=127, seqno=108092, flags=0x0
          bobide-73329   [005] ..... 11183.830626: i915_request_add: dev=1, engine=0:0, ctx=127, seqno=108092, tail=552
     kworker/7:0-83001   [007] ..... 11183.831289: i915_request_retire: dev=1, engine=0:0, ctx=127, seqno=108092, tail=4232
     ksoftirqd/7-60      [007] d.H2. 11183.833487: i915_reg_rw: write reg=0x20a8, len=4, val=(0xfffff6f6, 0x0)
     kworker/7:0-83001   [007] ..... 11183.833706: i915_request_retire: dev=1, engine=0:0, ctx=5, seqno=714811, tail=136
     kworker/7:0-83001   [007] d.h3. 11183.833708: i915_reg_rw: write reg=0x20a8, len=4, val=(0xfffff6f7, 0x0)
     kworker/7:0-83001   [007] ..... 11183.833715: i915_reg_rw: read reg=0x8504, len=4, val=(0xfc004c3, 0x0)
     gnome-shell-14986   [001] ..... 11183.838569: i915_request_queue: dev=1, engine=0:0, ctx=30, seqno=1685294, flags=0x0
     gnome-shell-14986   [001] ..... 11183.838571: i915_request_add: dev=1, engine=0:0, ctx=30, seqno=1685294, tail=11408
     gnome-shell-14986   [001] ..... 11183.838742: i915_request_queue: dev=1, engine=0:0, ctx=30, seqno=1685296, flags=0x0
     gnome-shell-14986   [001] ..... 11183.838743: i915_request_add: dev=1, engine=0:0, ctx=30, seqno=1685296, tail=13800
   kworker/u33:1-57411   [005] d.h3. 11183.838983: i915_reg_rw: write reg=0x20a8, len=4, val=(0xfffff6f6, 0x0)
   kworker/u33:1-57411   [005] ..... 11183.838989: i915_request_wait_begin: dev=1, engine=0:0, ctx=30, seqno=1685294, flags=0x2
   kworker/u33:1-57411   [007] ..... 11183.839358: i915_request_wait_end: dev=1, engine=0:0, ctx=30, seqno=1685294, tail=15456
   kworker/u33:1-57411   [007] d.h3. 11183.839362: i915_reg_rw: write reg=0x20a8, len=4, val=(0xfffff6f7, 0x0)
   kworker/u33:1-57411   [007] ..... 11183.839371: intel_plane_update_noarm: dev 0000:00:02.0, pipe A, plane 1A, frame=671601, scanline=655, format=XR30 little-endian (0x30335258), 1920.000000x1080.000000+0.000000+0.000000 -> 1920x1080+0+0
   kworker/u33:1-57411   [007] ...2. 11183.839372: i915_reg_rw: read reg=0x70040, len=4, val=(0xa3f71, 0x0)
   kworker/u33:1-57411   [007] d..3. 11183.839372: i915_reg_rw: read reg=0x70000, len=4, val=(0x28e, 0x0)
   kworker/u33:1-57411   [007] ..... 11183.839373: i915_reg_rw: write reg=0x70188, len=4, val=(0xf, 0x0)
   kworker/u33:1-57411   [007] ..... 11183.839373: i915_reg_rw: write reg=0x7018c, len=4, val=(0x0, 0x0)
   kworker/u33:1-57411   [007] ..... 11183.839374: i915_reg_rw: write reg=0x70190, len=4, val=(0x437077f, 0x0)
   kworker/u33:1-57411   [007] ..... 11183.839374: i915_reg_rw: write reg=0x70240, len=4, val=(0x80000016, 0x0)
   kworker/u33:1-57411   [007] ..... 11183.839374: i915_reg_rw: write reg=0x70244, len=4, val=(0x8000c02b, 0x0)
   kworker/u33:1-57411   [007] ..... 11183.839375: i915_reg_rw: write reg=0x70248, len=4, val=(0x8000c02f, 0x0)
   kworker/u33:1-57411   [007] ..... 11183.839375: i915_reg_rw: write reg=0x7024c, len=4, val=(0x8001003b, 0x0)
   kworker/u33:1-57411   [007] ..... 11183.839375: i915_reg_rw: write reg=0x70250, len=4, val=(0x8001805c, 0x0)
   kworker/u33:1-57411   [007] ..... 11183.839375: i915_reg_rw: write reg=0x70254, len=4, val=(0x8001c06b, 0x0)
   kworker/u33:1-57411   [007] ..... 11183.839376: i915_reg_rw: write reg=0x70258, len=4, val=(0x8001c06b, 0x0)
   kworker/u33:1-57411   [007] ..... 11183.839376: i915_reg_rw: write reg=0x7025c, len=4, val=(0x8002007a, 0x0)
   kworker/u33:1-57411   [007] ..... 11183.839376: i915_reg_rw: write reg=0x70268, len=4, val=(0x0, 0x0)
   kworker/u33:1-57411   [007] ..... 11183.839376: i915_reg_rw: write reg=0x7027c, len=4, val=(0x35b0000, 0x0)
   kworker/u33:1-57411   [007] ..... 11183.839377: i915_reg_rw: write reg=0x70278, len=4, val=(0x0, 0x0)
   kworker/u33:1-57411   [007] ..... 11183.839377: intel_plane_update_noarm: dev 0000:00:02.0, pipe A, cursor A, frame=671601, scanline=655, format=AR24 little-endian (0x34325241), 256.000000x256.000000+0.000000+0.000000 -> 256x256+1601+372
   kworker/u33:1-57411   [007] ...2. 11183.839377: i915_reg_rw: read reg=0x70040, len=4, val=(0xa3f71, 0x0)
   kworker/u33:1-57411   [007] d..3. 11183.839377: i915_reg_rw: read reg=0x70000, len=4, val=(0x28e, 0x0)
   kworker/u33:1-57411   [007] d.... 11183.839379: intel_pipe_update_start: dev 0000:00:02.0, pipe A, frame=671601, scanline=655, min=1073, max=1079
   kworker/u33:1-57411   [007] d..2. 11183.839379: i915_reg_rw: read reg=0x70040, len=4, val=(0xa3f71, 0x0)
   kworker/u33:1-57411   [007] d..3. 11183.839380: i915_reg_rw: read reg=0x70000, len=4, val=(0x28e, 0x0)
   kworker/u33:1-57411   [007] d..1. 11183.839380: i915_reg_rw: read reg=0x70000, len=4, val=(0x28e, 0x0)
   kworker/u33:1-57411   [007] d.... 11183.839380: i915_reg_rw: read reg=0x70040, len=4, val=(0xa3f71, 0x0)
   kworker/u33:1-57411   [007] d.... 11183.839381: intel_pipe_update_vblank_evaded: dev 0000:00:02.0, pipe A, frame=671601, scanline=655, min=1073, max=1079
   kworker/u33:1-57411   [007] d.... 11183.839381: i915_reg_rw: write reg=0x70030, len=4, val=(0x50, 0x0)
   kworker/u33:1-57411   [007] d.... 11183.839382: intel_plane_update_arm: dev 0000:00:02.0, pipe A, plane 1A, frame=671601, scanline=656, format=XR30 little-endian (0x30335258), 1920.000000x1080.000000+0.000000+0.000000 -> 1920x1080+0+0
   kworker/u33:1-57411   [007] d..2. 11183.839382: i915_reg_rw: read reg=0x70040, len=4, val=(0xa3f71, 0x0)
   kworker/u33:1-57411   [007] d..3. 11183.839383: i915_reg_rw: read reg=0x70000, len=4, val=(0x28f, 0x0)
   kworker/u33:1-57411   [007] d.... 11183.839383: i915_reg_rw: write reg=0x70194, len=4, val=(0x0, 0x0)
   kworker/u33:1-57411   [007] d.... 11183.839383: i915_reg_rw: write reg=0x70198, len=4, val=(0x0, 0x0)
   kworker/u33:1-57411   [007] d.... 11183.839384: i915_reg_rw: write reg=0x701a0, len=4, val=(0xff000000, 0x0)
   kworker/u33:1-57411   [007] d.... 11183.839384: i915_reg_rw: write reg=0x701a4, len=4, val=(0x0, 0x0)
   kworker/u33:1-57411   [007] d.... 11183.839384: i915_reg_rw: write reg=0x701c0, len=4, val=(0x0, 0x0)
   kworker/u33:1-57411   [007] d.... 11183.839385: i915_reg_rw: write reg=0x701c4, len=4, val=(0x0, 0x0)
   kworker/u33:1-57411   [007] d.... 11183.839385: i915_reg_rw: write reg=0x70180, len=4, val=(0xc2042400, 0x0)
   kworker/u33:1-57411   [007] d.... 11183.839385: i915_reg_rw: write reg=0x7019c, len=4, val=(0x1c00000, 0x0)
   kworker/u33:1-57411   [007] d.... 11183.839385: intel_plane_update_arm: dev 0000:00:02.0, pipe A, cursor A, frame=671601, scanline=656, format=AR24 little-endian (0x34325241), 256.000000x256.000000+0.000000+0.000000 -> 256x256+1601+372
   kworker/u33:1-57411   [007] d..2. 11183.839386: i915_reg_rw: read reg=0x70040, len=4, val=(0xa3f71, 0x0)
   kworker/u33:1-57411   [007] d..3. 11183.839386: i915_reg_rw: read reg=0x70000, len=4, val=(0x28f, 0x0)
   kworker/u33:1-57411   [007] d.... 11183.839387: i915_reg_rw: write reg=0x70140, len=4, val=(0x80000004, 0x0)
   kworker/u33:1-57411   [007] d.... 11183.839387: i915_reg_rw: write reg=0x70144, len=4, val=(0x80008008, 0x0)
   kworker/u33:1-57411   [007] d.... 11183.839387: i915_reg_rw: write reg=0x70148, len=4, val=(0x80008008, 0x0)
   kworker/u33:1-57411   [007] d.... 11183.839388: i915_reg_rw: write reg=0x7014c, len=4, val=(0x8000c00b, 0x0)
   kworker/u33:1-57411   [007] d.... 11183.839388: i915_reg_rw: write reg=0x70150, len=4, val=(0x80014011, 0x0)
   kworker/u33:1-57411   [007] d.... 11183.839389: i915_reg_rw: write reg=0x70154, len=4, val=(0x80018014, 0x0)
   kworker/u33:1-57411   [007] d.... 11183.839389: i915_reg_rw: write reg=0x70158, len=4, val=(0x80018014, 0x0)
   kworker/u33:1-57411   [007] d.... 11183.839389: i915_reg_rw: write reg=0x7015c, len=4, val=(0x8001c017, 0x0)
   kworker/u33:1-57411   [007] d.... 11183.839390: i915_reg_rw: write reg=0x70168, len=4, val=(0x0, 0x0)
   kworker/u33:1-57411   [007] d.... 11183.839390: i915_reg_rw: write reg=0x7017c, len=4, val=(0x37b035c, 0x0)
   kworker/u33:1-57411   [007] d.... 11183.839390: i915_reg_rw: write reg=0x70088, len=4, val=(0x1740641, 0x0)
   kworker/u33:1-57411   [007] d.... 11183.839391: i915_reg_rw: write reg=0x70084, len=4, val=(0x3140000, 0x0)
   kworker/u33:1-57411   [007] d.... 11183.839391: intel_scaler_disable_arm: dev 0000:00:02.0, pipe A, scaler 0, frame=671601, scanline=656
   kworker/u33:1-57411   [007] d..2. 11183.839392: i915_reg_rw: read reg=0x70040, len=4, val=(0xa3f71, 0x0)
   kworker/u33:1-57411   [007] d..3. 11183.839392: i915_reg_rw: read reg=0x70000, len=4, val=(0x28f, 0x0)
   kworker/u33:1-57411   [007] d.... 11183.839392: i915_reg_rw: write reg=0x68180, len=4, val=(0x0, 0x0)
   kworker/u33:1-57411   [007] d.... 11183.839393: i915_reg_rw: write reg=0x68170, len=4, val=(0x0, 0x0)
   kworker/u33:1-57411   [007] d.... 11183.839393: i915_reg_rw: write reg=0x68174, len=4, val=(0x0, 0x0)
   kworker/u33:1-57411   [007] d.... 11183.839393: intel_scaler_disable_arm: dev 0000:00:02.0, pipe A, scaler 1, frame=671601, scanline=656
   kworker/u33:1-57411   [007] d..2. 11183.839394: i915_reg_rw: read reg=0x70040, len=4, val=(0xa3f71, 0x0)
   kworker/u33:1-57411   [007] d..3. 11183.839394: i915_reg_rw: read reg=0x70000, len=4, val=(0x28f, 0x0)
   kworker/u33:1-57411   [007] d.... 11183.839394: i915_reg_rw: write reg=0x68280, len=4, val=(0x0, 0x0)
   kworker/u33:1-57411   [007] d.... 11183.839395: i915_reg_rw: write reg=0x68270, len=4, val=(0x0, 0x0)
   kworker/u33:1-57411   [007] d.... 11183.839395: i915_reg_rw: write reg=0x68274, len=4, val=(0x0, 0x0)
   kworker/u33:1-57411   [007] d..1. 11183.839395: i915_reg_rw: read reg=0x70000, len=4, val=(0x28f, 0x0)
   kworker/u33:1-57411   [007] d.... 11183.839396: i915_reg_rw: read reg=0x70040, len=4, val=(0xa3f71, 0x0)
   kworker/u33:1-57411   [007] d.... 11183.839396: intel_pipe_update_end: dev 0000:00:02.0, pipe A, frame=671601, scanline=656
   kworker/u33:1-57411   [007] d..2. 11183.839397: i915_reg_rw: read reg=0x70040, len=4, val=(0xa3f71, 0x0)
   kworker/u33:1-57411   [007] d..3. 11183.839398: i915_reg_rw: read reg=0x70000, len=4, val=(0x290, 0x0)
   kworker/u33:1-57411   [007] d..2. 11183.839399: i915_reg_rw: read reg=0x70040, len=4, val=(0xa3f71, 0x0)
     kworker/7:0-83001   [007] ..... 11183.839411: i915_request_retire: dev=1, engine=0:0, ctx=30, seqno=1685294, tail=15456
     kworker/7:0-83001   [007] ..... 11183.839412: i915_request_retire: dev=1, engine=0:0, ctx=30, seqno=1685296, tail=15640
     ksoftirqd/7-60      [007] d.H2. 11183.842444: i915_reg_rw: write reg=0x20a8, len=4, val=(0xfffff6f6, 0x0)
     kworker/7:0-83001   [007] ..... 11183.842627: i915_request_retire: dev=1, engine=0:0, ctx=5, seqno=714812, tail=272
     kworker/7:0-83001   [007] d.h3. 11183.842629: i915_reg_rw: write reg=0x20a8, len=4, val=(0xfffff6f7, 0x0)
     kworker/7:0-83001   [007] ..... 11183.842661: i915_reg_rw: read reg=0x8504, len=4, val=(0xfc004c3, 0x0)
          <idle>-0       [007] d.h1. 11183.845667: i915_reg_rw: read reg=0x44408, len=4, val=(0x1, 0x0)
          <idle>-0       [007] d.h1. 11183.845673: i915_reg_rw: write reg=0x44408, len=4, val=(0x1, 0x0)
          <idle>-0       [007] d.h3. 11183.845677: i915_reg_rw: read reg=0x70040, len=4, val=(0xa3f72, 0x0)
          <idle>-0       [007] d.h4. 11183.845677: i915_reg_rw: read reg=0x70000, len=4, val=(0x43a, 0x0)
          <idle>-0       [007] d.h3. 11183.845678: i915_reg_rw: read reg=0x70040, len=4, val=(0xa3f72, 0x0)
   kworker/u33:1-57411   [007] ..... 11183.845690: intel_frontbuffer_flush: dev 0000:00:02.0, frontbuffer_bits=0x00000081, origin=2
          bobide-73329   [002] ..... 11183.847256: i915_request_queue: dev=1, engine=0:0, ctx=127, seqno=108094, flags=0x0
          bobide-73329   [002] ..... 11183.847257: i915_request_add: dev=1, engine=0:0, ctx=127, seqno=108094, tail=13800
     kworker/7:0-83001   [007] ..... 11183.848243: i915_request_retire: dev=1, engine=0:0, ctx=127, seqno=108094, tail=4416
     ksoftirqd/7-60      [007] d.H2. 11183.851504: i915_reg_rw: write reg=0x20a8, len=4, val=(0xfffff6f6, 0x0)
     kworker/7:0-83001   [007] ..... 11183.851677: i915_request_retire: dev=1, engine=0:0, ctx=5, seqno=714813, tail=408
     kworker/7:0-83001   [007] d.h3. 11183.851680: i915_reg_rw: write reg=0x20a8, len=4, val=(0xfffff6f7, 0x0)
     kworker/7:0-83001   [007] ..... 11183.851703: i915_reg_rw: read reg=0x8504, len=4, val=(0xfc004c3, 0x0)
     gnome-shell-14986   [001] ..... 11183.855232: i915_request_queue: dev=1, engine=0:0, ctx=30, seqno=1685298, flags=0x0
     gnome-shell-14986   [001] ..... 11183.855233: i915_request_add: dev=1, engine=0:0, ctx=30, seqno=1685298, tail=13432
     gnome-shell-14986   [001] ..... 11183.855386: i915_request_queue: dev=1, engine=0:0, ctx=30, seqno=1685300, flags=0x0
     gnome-shell-14986   [001] ..... 11183.855387: i915_request_add: dev=1, engine=0:0, ctx=30, seqno=1685300, tail=15272
   kworker/u33:1-57411   [001] d.h3. 11183.855618: i915_reg_rw: write reg=0x20a8, len=4, val=(0xfffff6f6, 0x0)
   kworker/u33:1-57411   [001] ..... 11183.855624: i915_request_wait_begin: dev=1, engine=0:0, ctx=30, seqno=1685298, flags=0x2
          <idle>-0       [007] d.h3. 11183.856016: i915_reg_rw: write reg=0x20a8, len=4, val=(0xfffff6f7, 0x0)
   kworker/u33:1-57411   [001] ..... 11183.856048: i915_request_wait_end: dev=1, engine=0:0, ctx=30, seqno=1685298, tail=15824
     kworker/7:0-83001   [007] ..... 11183.856049: i915_request_retire: dev=1, engine=0:0, ctx=30, seqno=1685298, tail=15824
     kworker/7:0-83001   [007] ..... 11183.856050: i915_request_retire: dev=1, engine=0:0, ctx=30, seqno=1685300, tail=16008
   kworker/u33:1-57411   [001] ..... 11183.856058: intel_plane_update_noarm: dev 0000:00:02.0, pipe A, plane 1A, frame=671602, scanline=656, format=XR30 little-endian (0x30335258), 1920.000000x1080.000000+0.000000+0.000000 -> 1920x1080+0+0
   kworker/u33:1-57411   [001] ...2. 11183.856059: i915_reg_rw: read reg=0x70040, len=4, val=(0xa3f72, 0x0)
   kworker/u33:1-57411   [001] d..3. 11183.856060: i915_reg_rw: read reg=0x70000, len=4, val=(0x28f, 0x0)
   kworker/u33:1-57411   [001] ..... 11183.856061: i915_reg_rw: write reg=0x70188, len=4, val=(0xf, 0x0)
   kworker/u33:1-57411   [001] ..... 11183.856061: i915_reg_rw: write reg=0x7018c, len=4, val=(0x0, 0x0)
   kworker/u33:1-57411   [001] ..... 11183.856062: i915_reg_rw: write reg=0x70190, len=4, val=(0x437077f, 0x0)
   kworker/u33:1-57411   [001] ..... 11183.856062: i915_reg_rw: write reg=0x70240, len=4, val=(0x80000016, 0x0)
   kworker/u33:1-57411   [001] ..... 11183.856062: i915_reg_rw: write reg=0x70244, len=4, val=(0x8000c02b, 0x0)
   kworker/u33:1-57411   [001] ..... 11183.856063: i915_reg_rw: write reg=0x70248, len=4, val=(0x8000c02f, 0x0)
   kworker/u33:1-57411   [001] ..... 11183.856063: i915_reg_rw: write reg=0x7024c, len=4, val=(0x8001003b, 0x0)
   kworker/u33:1-57411   [001] ..... 11183.856063: i915_reg_rw: write reg=0x70250, len=4, val=(0x8001805c, 0x0)
   kworker/u33:1-57411   [001] ..... 11183.856063: i915_reg_rw: write reg=0x70254, len=4, val=(0x8001c06b, 0x0)
   kworker/u33:1-57411   [001] ..... 11183.856064: i915_reg_rw: write reg=0x70258, len=4, val=(0x8001c06b, 0x0)
   kworker/u33:1-57411   [001] ..... 11183.856064: i915_reg_rw: write reg=0x7025c, len=4, val=(0x8002007a, 0x0)
   kworker/u33:1-57411   [001] ..... 11183.856064: i915_reg_rw: write reg=0x70268, len=4, val=(0x0, 0x0)
   kworker/u33:1-57411   [001] ..... 11183.856065: i915_reg_rw: write reg=0x7027c, len=4, val=(0x35b0000, 0x0)
   kworker/u33:1-57411   [001] ..... 11183.856066: i915_reg_rw: write reg=0x70278, len=4, val=(0x0, 0x0)
   kworker/u33:1-57411   [001] ..... 11183.856067: intel_plane_update_noarm: dev 0000:00:02.0, pipe A, cursor A, frame=671602, scanline=657, format=AR24 little-endian (0x34325241), 256.000000x256.000000+0.000000+0.000000 -> 256x256+1603+318
   kworker/u33:1-57411   [001] ...2. 11183.856068: i915_reg_rw: read reg=0x70040, len=4, val=(0xa3f72, 0x0)
   kworker/u33:1-57411   [001] d..3. 11183.856069: i915_reg_rw: read reg=0x70000, len=4, val=(0x290, 0x0)
   kworker/u33:1-57411   [001] d.... 11183.856070: intel_pipe_update_start: dev 0000:00:02.0, pipe A, frame=671602, scanline=658, min=1073, max=1079
   kworker/u33:1-57411   [001] d..2. 11183.856077: i915_reg_rw: read reg=0x70040, len=4, val=(0xa3f72, 0x0)
   kworker/u33:1-57411   [001] d..3. 11183.856077: i915_reg_rw: read reg=0x70000, len=4, val=(0x291, 0x0)
   kworker/u33:1-57411   [001] d..1. 11183.856078: i915_reg_rw: read reg=0x70000, len=4, val=(0x291, 0x0)
   kworker/u33:1-57411   [001] d.... 11183.856078: i915_reg_rw: read reg=0x70040, len=4, val=(0xa3f72, 0x0)
   kworker/u33:1-57411   [001] d.... 11183.856079: intel_pipe_update_vblank_evaded: dev 0000:00:02.0, pipe A, frame=671602, scanline=658, min=1073, max=1079
   kworker/u33:1-57411   [001] d.... 11183.856079: i915_reg_rw: write reg=0x70030, len=4, val=(0x50, 0x0)
   kworker/u33:1-57411   [001] d.... 11183.856080: intel_plane_update_arm: dev 0000:00:02.0, pipe A, plane 1A, frame=671602, scanline=658, format=XR30 little-endian (0x30335258), 1920.000000x1080.000000+0.000000+0.000000 -> 1920x1080+0+0
   kworker/u33:1-57411   [001] d..2. 11183.856080: i915_reg_rw: read reg=0x70040, len=4, val=(0xa3f72, 0x0)
   kworker/u33:1-57411   [001] d..3. 11183.856081: i915_reg_rw: read reg=0x70000, len=4, val=(0x291, 0x0)
   kworker/u33:1-57411   [001] d.... 11183.856081: i915_reg_rw: write reg=0x70194, len=4, val=(0x0, 0x0)
   kworker/u33:1-57411   [001] d.... 11183.856081: i915_reg_rw: write reg=0x70198, len=4, val=(0x0, 0x0)
   kworker/u33:1-57411   [001] d.... 11183.856082: i915_reg_rw: write reg=0x701a0, len=4, val=(0xff000000, 0x0)
   kworker/u33:1-57411   [001] d.... 11183.856082: i915_reg_rw: write reg=0x701a4, len=4, val=(0x0, 0x0)
   kworker/u33:1-57411   [001] d.... 11183.856082: i915_reg_rw: write reg=0x701c0, len=4, val=(0x0, 0x0)
   kworker/u33:1-57411   [001] d.... 11183.856082: i915_reg_rw: write reg=0x701c4, len=4, val=(0x0, 0x0)
   kworker/u33:1-57411   [001] d.... 11183.856083: i915_reg_rw: write reg=0x70180, len=4, val=(0xc2042400, 0x0)
   kworker/u33:1-57411   [001] d.... 11183.856083: i915_reg_rw: write reg=0x7019c, len=4, val=(0x25c0000, 0x0)
   kworker/u33:1-57411   [001] d.... 11183.856083: intel_plane_update_arm: dev 0000:00:02.0, pipe A, cursor A, frame=671602, scanline=658, format=AR24 little-endian (0x34325241), 256.000000x256.000000+0.000000+0.000000 -> 256x256+1603+318
   kworker/u33:1-57411   [001] d..2. 11183.856083: i915_reg_rw: read reg=0x70040, len=4, val=(0xa3f72, 0x0)
   kworker/u33:1-57411   [001] d..3. 11183.856084: i915_reg_rw: read reg=0x70000, len=4, val=(0x291, 0x0)
   kworker/u33:1-57411   [001] d.... 11183.856084: i915_reg_rw: write reg=0x70140, len=4, val=(0x80000004, 0x0)
   kworker/u33:1-57411   [001] d.... 11183.856085: i915_reg_rw: write reg=0x70144, len=4, val=(0x80008008, 0x0)
   kworker/u33:1-57411   [001] d.... 11183.856085: i915_reg_rw: write reg=0x70148, len=4, val=(0x80008008, 0x0)
   kworker/u33:1-57411   [001] d.... 11183.856085: i915_reg_rw: write reg=0x7014c, len=4, val=(0x8000c00b, 0x0)
   kworker/u33:1-57411   [001] d.... 11183.856085: i915_reg_rw: write reg=0x70150, len=4, val=(0x80014011, 0x0)
   kworker/u33:1-57411   [001] d.... 11183.856086: i915_reg_rw: write reg=0x70154, len=4, val=(0x80018014, 0x0)
   kworker/u33:1-57411   [001] d.... 11183.856087: i915_reg_rw: write reg=0x70158, len=4, val=(0x80018014, 0x0)
   kworker/u33:1-57411   [001] d.... 11183.856088: i915_reg_rw: write reg=0x7015c, len=4, val=(0x8001c017, 0x0)
   kworker/u33:1-57411   [001] d.... 11183.856089: i915_reg_rw: write reg=0x70168, len=4, val=(0x0, 0x0)
   kworker/u33:1-57411   [001] d.... 11183.856090: i915_reg_rw: write reg=0x7017c, len=4, val=(0x37b035c, 0x0)
   kworker/u33:1-57411   [001] d.... 11183.856091: i915_reg_rw: write reg=0x70088, len=4, val=(0x13e0643, 0x0)
   kworker/u33:1-57411   [001] d.... 11183.856098: i915_reg_rw: write reg=0x70084, len=4, val=(0x3140000, 0x0)
   kworker/u33:1-57411   [001] d.... 11183.856099: intel_scaler_disable_arm: dev 0000:00:02.0, pipe A, scaler 0, frame=671602, scanline=659
   kworker/u33:1-57411   [001] d..2. 11183.856099: i915_reg_rw: read reg=0x70040, len=4, val=(0xa3f72, 0x0)
   kworker/u33:1-57411   [001] d..3. 11183.856099: i915_reg_rw: read reg=0x70000, len=4, val=(0x292, 0x0)
   kworker/u33:1-57411   [001] d.... 11183.856099: i915_reg_rw: write reg=0x68180, len=4, val=(0x0, 0x0)
   kworker/u33:1-57411   [001] d.... 11183.856100: i915_reg_rw: write reg=0x68170, len=4, val=(0x0, 0x0)
   kworker/u33:1-57411   [001] d.... 11183.856100: i915_reg_rw: write reg=0x68174, len=4, val=(0x0, 0x0)
   kworker/u33:1-57411   [001] d.... 11183.856100: intel_scaler_disable_arm: dev 0000:00:02.0, pipe A, scaler 1, frame=671602, scanline=659
   kworker/u33:1-57411   [001] d..2. 11183.856100: i915_reg_rw: read reg=0x70040, len=4, val=(0xa3f72, 0x0)
   kworker/u33:1-57411   [001] d..3. 11183.856101: i915_reg_rw: read reg=0x70000, len=4, val=(0x292, 0x0)
   kworker/u33:1-57411   [001] d.... 11183.856101: i915_reg_rw: write reg=0x68280, len=4, val=(0x0, 0x0)
   kworker/u33:1-57411   [001] d.... 11183.856101: i915_reg_rw: write reg=0x68270, len=4, val=(0x0, 0x0)
   kworker/u33:1-57411   [001] d.... 11183.856102: i915_reg_rw: write reg=0x68274, len=4, val=(0x0, 0x0)
   kworker/u33:1-57411   [001] d..1. 11183.856102: i915_reg_rw: read reg=0x70000, len=4, val=(0x292, 0x0)
   kworker/u33:1-57411   [001] d.... 11183.856103: i915_reg_rw: read reg=0x70040, len=4, val=(0xa3f72, 0x0)
   kworker/u33:1-57411   [001] d.... 11183.856103: intel_pipe_update_end: dev 0000:00:02.0, pipe A, frame=671602, scanline=659
   kworker/u33:1-57411   [001] d..2. 11183.856104: i915_reg_rw: read reg=0x70040, len=4, val=(0xa3f72, 0x0)
   kworker/u33:1-57411   [001] d..3. 11183.856104: i915_reg_rw: read reg=0x70000, len=4, val=(0x292, 0x0)
   kworker/u33:1-57411   [001] d..2. 11183.856105: i915_reg_rw: read reg=0x70040, len=4, val=(0xa3f72, 0x0)
     ksoftirqd/7-60      [007] d.H2. 11183.858584: i915_reg_rw: write reg=0x20a8, len=4, val=(0xfffff6f6, 0x0)
     kworker/7:0-83001   [007] ..... 11183.858795: i915_request_retire: dev=1, engine=0:0, ctx=5, seqno=714814, tail=544
     kworker/7:0-83001   [007] d.h3. 11183.858797: i915_reg_rw: write reg=0x20a8, len=4, val=(0xfffff6f7, 0x0)
     kworker/7:0-83001   [007] ..... 11183.858805: i915_reg_rw: read reg=0x8504, len=4, val=(0xfc004c3, 0x0)
          <idle>-0       [007] d.h1. 11183.862337: i915_reg_rw: read reg=0x44408, len=4, val=(0x1, 0x0)
          <idle>-0       [007] d.h1. 11183.862338: i915_reg_rw: write reg=0x44408, len=4, val=(0x1, 0x0)
          <idle>-0       [007] d.h3. 11183.862340: i915_reg_rw: read reg=0x70040, len=4, val=(0xa3f73, 0x0)
          <idle>-0       [007] d.h4. 11183.862341: i915_reg_rw: read reg=0x70000, len=4, val=(0x43a, 0x0)
          <idle>-0       [007] d.h3. 11183.862341: i915_reg_rw: read reg=0x70040, len=4, val=(0xa3f73, 0x0)
   kworker/u33:1-57411   [001] ..... 11183.862383: intel_frontbuffer_flush: dev 0000:00:02.0, frontbuffer_bits=0x00000081, origin=2
     gnome-shell-14986   [006] ..... 11183.871858: i915_request_queue: dev=1, engine=0:0, ctx=30, seqno=1685302, flags=0x0
     gnome-shell-14986   [006] ..... 11183.871859: i915_request_add: dev=1, engine=0:0, ctx=30, seqno=1685302, tail=7360
     gnome-shell-14986   [006] ..... 11183.872081: i915_request_queue: dev=1, engine=0:0, ctx=30, seqno=1685304, flags=0x0
     gnome-shell-14986   [006] ..... 11183.872081: i915_request_add: dev=1, engine=0:0, ctx=30, seqno=1685304, tail=9752
     kworker/7:0-83001   [007] ..... 11183.872632: i915_request_retire: dev=1, engine=0:0, ctx=30, seqno=1685302, tail=16192
     kworker/7:0-83001   [007] ..... 11183.872634: i915_request_retire: dev=1, engine=0:0, ctx=30, seqno=1685304, tail=16376
   kworker/u33:1-57411   [001] ..... 11183.872711: intel_plane_update_noarm: dev 0000:00:02.0, pipe A, plane 1A, frame=671603, scanline=656, format=XR30 little-endian (0x30335258), 1920.000000x1080.000000+0.000000+0.000000 -> 1920x1080+0+0
   kworker/u33:1-57411   [001] ...2. 11183.872713: i915_reg_rw: read reg=0x70040, len=4, val=(0xa3f73, 0x0)
   kworker/u33:1-57411   [001] d..3. 11183.872714: i915_reg_rw: read reg=0x70000, len=4, val=(0x28f, 0x0)
   kworker/u33:1-57411   [001] ..... 11183.872715: i915_reg_rw: write reg=0x70188, len=4, val=(0xf, 0x0)
   kworker/u33:1-57411   [001] ..... 11183.872716: i915_reg_rw: write reg=0x7018c, len=4, val=(0x0, 0x0)
   kworker/u33:1-57411   [001] ..... 11183.872716: i915_reg_rw: write reg=0x70190, len=4, val=(0x437077f, 0x0)
   kworker/u33:1-57411   [001] ..... 11183.872716: i915_reg_rw: write reg=0x70240, len=4, val=(0x80000016, 0x0)
   kworker/u33:1-57411   [001] ..... 11183.872717: i915_reg_rw: write reg=0x70244, len=4, val=(0x8000c02b, 0x0)
   kworker/u33:1-57411   [001] ..... 11183.872717: i915_reg_rw: write reg=0x70248, len=4, val=(0x8000c02f, 0x0)
   kworker/u33:1-57411   [001] ..... 11183.872717: i915_reg_rw: write reg=0x7024c, len=4, val=(0x8001003b, 0x0)
   kworker/u33:1-57411   [001] ..... 11183.872718: i915_reg_rw: write reg=0x70250, len=4, val=(0x8001805c, 0x0)
   kworker/u33:1-57411   [001] ..... 11183.872718: i915_reg_rw: write reg=0x70254, len=4, val=(0x8001c06b, 0x0)
   kworker/u33:1-57411   [001] ..... 11183.872718: i915_reg_rw: write reg=0x70258, len=4, val=(0x8001c06b, 0x0)
   kworker/u33:1-57411   [001] ..... 11183.872719: i915_reg_rw: write reg=0x7025c, len=4, val=(0x8002007a, 0x0)
   kworker/u33:1-57411   [001] ..... 11183.872719: i915_reg_rw: write reg=0x70268, len=4, val=(0x0, 0x0)
   kworker/u33:1-57411   [001] ..... 11183.872719: i915_reg_rw: write reg=0x7027c, len=4, val=(0x35b0000, 0x0)
   kworker/u33:1-57411   [001] ..... 11183.872720: i915_reg_rw: write reg=0x70278, len=4, val=(0x0, 0x0)
   kworker/u33:1-57411   [001] ..... 11183.872720: intel_plane_update_noarm: dev 0000:00:02.0, pipe A, cursor A, frame=671603, scanline=656, format=AR24 little-endian (0x34325241), 256.000000x256.000000+0.000000+0.000000 -> 256x256+1608+281
   kworker/u33:1-57411   [001] ...2. 11183.872721: i915_reg_rw: read reg=0x70040, len=4, val=(0xa3f73, 0x0)
   kworker/u33:1-57411   [001] d..3. 11183.872721: i915_reg_rw: read reg=0x70000, len=4, val=(0x28f, 0x0)
   kworker/u33:1-57411   [001] d.... 11183.872724: intel_pipe_update_start: dev 0000:00:02.0, pipe A, frame=671603, scanline=656, min=1073, max=1079
   kworker/u33:1-57411   [001] d..2. 11183.872724: i915_reg_rw: read reg=0x70040, len=4, val=(0xa3f73, 0x0)
   kworker/u33:1-57411   [001] d..3. 11183.872724: i915_reg_rw: read reg=0x70000, len=4, val=(0x28f, 0x0)
   kworker/u33:1-57411   [001] d..1. 11183.872725: i915_reg_rw: read reg=0x70000, len=4, val=(0x28f, 0x0)
   kworker/u33:1-57411   [001] d.... 11183.872725: i915_reg_rw: read reg=0x70040, len=4, val=(0xa3f73, 0x0)
   kworker/u33:1-57411   [001] d.... 11183.872726: intel_pipe_update_vblank_evaded: dev 0000:00:02.0, pipe A, frame=671603, scanline=656, min=1073, max=1079
   kworker/u33:1-57411   [001] d.... 11183.872727: i915_reg_rw: write reg=0x70030, len=4, val=(0x50, 0x0)
   kworker/u33:1-57411   [001] d.... 11183.872728: intel_plane_update_arm: dev 0000:00:02.0, pipe A, plane 1A, frame=671603, scanline=657, format=XR30 little-endian (0x30335258), 1920.000000x1080.000000+0.000000+0.000000 -> 1920x1080+0+0
   kworker/u33:1-57411   [001] d..2. 11183.872728: i915_reg_rw: read reg=0x70040, len=4, val=(0xa3f73, 0x0)
   kworker/u33:1-57411   [001] d..3. 11183.872729: i915_reg_rw: read reg=0x70000, len=4, val=(0x290, 0x0)
   kworker/u33:1-57411   [001] d.... 11183.872730: i915_reg_rw: write reg=0x70194, len=4, val=(0x0, 0x0)
   kworker/u33:1-57411   [001] d.... 11183.872730: i915_reg_rw: write reg=0x70198, len=4, val=(0x0, 0x0)
   kworker/u33:1-57411   [001] d.... 11183.872730: i915_reg_rw: write reg=0x701a0, len=4, val=(0xff000000, 0x0)
   kworker/u33:1-57411   [001] d.... 11183.872730: i915_reg_rw: write reg=0x701a4, len=4, val=(0x0, 0x0)
   kworker/u33:1-57411   [001] d.... 11183.872731: i915_reg_rw: write reg=0x701c0, len=4, val=(0x0, 0x0)
   kworker/u33:1-57411   [001] d.... 11183.872731: i915_reg_rw: write reg=0x701c4, len=4, val=(0x0, 0x0)
   kworker/u33:1-57411   [001] d.... 11183.872731: i915_reg_rw: write reg=0x70180, len=4, val=(0xc2042400, 0x0)
   kworker/u33:1-57411   [001] d.... 11183.872732: i915_reg_rw: write reg=0x7019c, len=4, val=(0x3300000, 0x0)
   kworker/u33:1-57411   [001] d.... 11183.872732: intel_plane_update_arm: dev 0000:00:02.0, pipe A, cursor A, frame=671603, scanline=657, format=AR24 little-endian (0x34325241), 256.000000x256.000000+0.000000+0.000000 -> 256x256+1608+281
   kworker/u33:1-57411   [001] d..2. 11183.872733: i915_reg_rw: read reg=0x70040, len=4, val=(0xa3f73, 0x0)
   kworker/u33:1-57411   [001] d..3. 11183.872733: i915_reg_rw: read reg=0x70000, len=4, val=(0x290, 0x0)
   kworker/u33:1-57411   [001] d.... 11183.872734: i915_reg_rw: write reg=0x70140, len=4, val=(0x80000004, 0x0)
   kworker/u33:1-57411   [001] d.... 11183.872734: i915_reg_rw: write reg=0x70144, len=4, val=(0x80008008, 0x0)
   kworker/u33:1-57411   [001] d.... 11183.872734: i915_reg_rw: write reg=0x70148, len=4, val=(0x80008008, 0x0)
   kworker/u33:1-57411   [001] d.... 11183.872735: i915_reg_rw: write reg=0x7014c, len=4, val=(0x8000c00b, 0x0)
   kworker/u33:1-57411   [001] d.... 11183.872735: i915_reg_rw: write reg=0x70150, len=4, val=(0x80014011, 0x0)
   kworker/u33:1-57411   [001] d.... 11183.872735: i915_reg_rw: write reg=0x70154, len=4, val=(0x80018014, 0x0)
   kworker/u33:1-57411   [001] d.... 11183.872736: i915_reg_rw: write reg=0x70158, len=4, val=(0x80018014, 0x0)
   kworker/u33:1-57411   [001] d.... 11183.872736: i915_reg_rw: write reg=0x7015c, len=4, val=(0x8001c017, 0x0)
   kworker/u33:1-57411   [001] d.... 11183.872736: i915_reg_rw: write reg=0x70168, len=4, val=(0x0, 0x0)
   kworker/u33:1-57411   [001] d.... 11183.872737: i915_reg_rw: write reg=0x7017c, len=4, val=(0x37b035c, 0x0)
   kworker/u33:1-57411   [001] d.... 11183.872737: i915_reg_rw: write reg=0x70088, len=4, val=(0x1190648, 0x0)
   kworker/u33:1-57411   [001] d.... 11183.872737: i915_reg_rw: write reg=0x70084, len=4, val=(0x3140000, 0x0)
   kworker/u33:1-57411   [001] d.... 11183.872738: intel_scaler_disable_arm: dev 0000:00:02.0, pipe A, scaler 0, frame=671603, scanline=657
   kworker/u33:1-57411   [001] d..2. 11183.872739: i915_reg_rw: read reg=0x70040, len=4, val=(0xa3f73, 0x0)
   kworker/u33:1-57411   [001] d..3. 11183.872739: i915_reg_rw: read reg=0x70000, len=4, val=(0x290, 0x0)
   kworker/u33:1-57411   [001] d.... 11183.872739: i915_reg_rw: write reg=0x68180, len=4, val=(0x0, 0x0)
   kworker/u33:1-57411   [001] d.... 11183.872740: i915_reg_rw: write reg=0x68170, len=4, val=(0x0, 0x0)
   kworker/u33:1-57411   [001] d.... 11183.872740: i915_reg_rw: write reg=0x68174, len=4, val=(0x0, 0x0)
   kworker/u33:1-57411   [001] d.... 11183.872740: intel_scaler_disable_arm: dev 0000:00:02.0, pipe A, scaler 1, frame=671603, scanline=658
   kworker/u33:1-57411   [001] d..2. 11183.872741: i915_reg_rw: read reg=0x70040, len=4, val=(0xa3f73, 0x0)
   kworker/u33:1-57411   [001] d..3. 11183.872741: i915_reg_rw: read reg=0x70000, len=4, val=(0x291, 0x0)
   kworker/u33:1-57411   [001] d.... 11183.872741: i915_reg_rw: write reg=0x68280, len=4, val=(0x0, 0x0)
   kworker/u33:1-57411   [001] d.... 11183.872741: i915_reg_rw: write reg=0x68270, len=4, val=(0x0, 0x0)
   kworker/u33:1-57411   [001] d.... 11183.872742: i915_reg_rw: write reg=0x68274, len=4, val=(0x0, 0x0)
   kworker/u33:1-57411   [001] d..1. 11183.872742: i915_reg_rw: read reg=0x70000, len=4, val=(0x291, 0x0)
   kworker/u33:1-57411   [001] d.... 11183.872743: i915_reg_rw: read reg=0x70040, len=4, val=(0xa3f73, 0x0)
   kworker/u33:1-57411   [001] d.... 11183.872744: intel_pipe_update_end: dev 0000:00:02.0, pipe A, frame=671603, scanline=658
   kworker/u33:1-57411   [001] d..2. 11183.872745: i915_reg_rw: read reg=0x70040, len=4, val=(0xa3f73, 0x0)
   kworker/u33:1-57411   [001] d..3. 11183.872746: i915_reg_rw: read reg=0x70000, len=4, val=(0x291, 0x0)
   kworker/u33:1-57411   [001] d..2. 11183.872746: i915_reg_rw: read reg=0x70040, len=4, val=(0xa3f73, 0x0)
          bobide-73329   [003] ..... 11183.874908: i915_request_queue: dev=1, engine=0:0, ctx=127, seqno=108096, flags=0x0
          bobide-73329   [003] ..... 11183.874911: i915_request_add: dev=1, engine=0:0, ctx=127, seqno=108096, tail=3864
          bobide-73329   [003] d.h3. 11183.875477: i915_reg_rw: write reg=0x20a8, len=4, val=(0xfffff6f6, 0x0)
     kworker/7:0-83001   [007] ..... 11183.876223: i915_request_retire: dev=1, engine=0:0, ctx=127, seqno=108096, tail=4600
          <idle>-0       [007] d.h1. 11183.878959: i915_reg_rw: read reg=0x44408, len=4, val=(0x1, 0x0)
          <idle>-0       [007] d.h1. 11183.878960: i915_reg_rw: write reg=0x44408, len=4, val=(0x1, 0x0)
          <idle>-0       [007] d.h3. 11183.878962: i915_reg_rw: read reg=0x70040, len=4, val=(0xa3f74, 0x0)
          <idle>-0       [007] d.h4. 11183.878962: i915_reg_rw: read reg=0x70000, len=4, val=(0x437, 0x0)
          <idle>-0       [007] d.h3. 11183.878963: i915_reg_rw: read reg=0x70040, len=4, val=(0xa3f74, 0x0)
   kworker/u33:1-57411   [001] ..... 11183.879024: intel_frontbuffer_flush: dev 0000:00:02.0, frontbuffer_bits=0x00000081, origin=2
     kworker/7:0-83001   [007] ..... 11183.879657: i915_request_retire: dev=1, engine=0:0, ctx=5, seqno=714815, tail=680
     kworker/7:0-83001   [007] d.h3. 11183.879661: i915_reg_rw: write reg=0x20a8, len=4, val=(0xfffff6f7, 0x0)
     kworker/7:0-83001   [007] ..... 11183.879679: i915_reg_rw: read reg=0x8504, len=4, val=(0xfc004c3, 0x0)
     gnome-shell-14986   [001] ..... 11183.888549: i915_request_queue: dev=1, engine=0:0, ctx=30, seqno=1685306, flags=0x0
     gnome-shell-14986   [001] ..... 11183.888551: i915_request_add: dev=1, engine=0:0, ctx=30, seqno=1685306, tail=13064
     gnome-shell-14986   [001] ..... 11183.888743: i915_request_queue: dev=1, engine=0:0, ctx=30, seqno=1685308, flags=0x0
     gnome-shell-14986   [001] ..... 11183.888743: i915_request_add: dev=1, engine=0:0, ctx=30, seqno=1685308, tail=16008
   kworker/u33:1-57411   [001] d.h3. 11183.889014: i915_reg_rw: write reg=0x20a8, len=4, val=(0xfffff6f6, 0x0)
   kworker/u33:1-57411   [001] ..... 11183.889022: i915_request_wait_begin: dev=1, engine=0:0, ctx=30, seqno=1685306, flags=0x2
          <idle>-0       [007] d.h3. 11183.889281: i915_reg_rw: write reg=0x20a8, len=4, val=(0xfffff6f7, 0x0)
     kworker/7:0-83001   [007] ..... 11183.889295: i915_request_retire: dev=1, engine=0:0, ctx=30, seqno=1685306, tail=184
     kworker/7:0-83001   [007] ..... 11183.889296: i915_request_retire: dev=1, engine=0:0, ctx=30, seqno=1685308, tail=368
   kworker/u33:1-57411   [001] ..... 11183.889310: i915_request_wait_end: dev=1, engine=0:0, ctx=30, seqno=1685306, tail=184
   kworker/u33:1-57411   [001] ..... 11183.889319: intel_plane_update_noarm: dev 0000:00:02.0, pipe A, plane 1A, frame=671604, scanline=652, format=XR30 little-endian (0x30335258), 1920.000000x1080.000000+0.000000+0.000000 -> 1920x1080+0+0
   kworker/u33:1-57411   [001] ...2. 11183.889320: i915_reg_rw: read reg=0x70040, len=4, val=(0xa3f74, 0x0)
   kworker/u33:1-57411   [001] d..3. 11183.889321: i915_reg_rw: read reg=0x70000, len=4, val=(0x28b, 0x0)
   kworker/u33:1-57411   [001] ..... 11183.889322: i915_reg_rw: write reg=0x70188, len=4, val=(0xf, 0x0)
   kworker/u33:1-57411   [001] ..... 11183.889322: i915_reg_rw: write reg=0x7018c, len=4, val=(0x0, 0x0)
   kworker/u33:1-57411   [001] ..... 11183.889322: i915_reg_rw: write reg=0x70190, len=4, val=(0x437077f, 0x0)
   kworker/u33:1-57411   [001] ..... 11183.889322: i915_reg_rw: write reg=0x70240, len=4, val=(0x80000016, 0x0)
   kworker/u33:1-57411   [001] ..... 11183.889323: i915_reg_rw: write reg=0x70244, len=4, val=(0x8000c02b, 0x0)
   kworker/u33:1-57411   [001] ..... 11183.889323: i915_reg_rw: write reg=0x70248, len=4, val=(0x8000c02f, 0x0)
   kworker/u33:1-57411   [001] ..... 11183.889323: i915_reg_rw: write reg=0x7024c, len=4, val=(0x8001003b, 0x0)
   kworker/u33:1-57411   [001] ..... 11183.889323: i915_reg_rw: write reg=0x70250, len=4, val=(0x8001805c, 0x0)
   kworker/u33:1-57411   [001] ..... 11183.889324: i915_reg_rw: write reg=0x70254, len=4, val=(0x8001c06b, 0x0)
   kworker/u33:1-57411   [001] ..... 11183.889324: i915_reg_rw: write reg=0x70258, len=4, val=(0x8001c06b, 0x0)
   kworker/u33:1-57411   [001] ..... 11183.889324: i915_reg_rw: write reg=0x7025c, len=4, val=(0x8002007a, 0x0)
   kworker/u33:1-57411   [001] ..... 11183.889325: i915_reg_rw: write reg=0x70268, len=4, val=(0x0, 0x0)
   kworker/u33:1-57411   [001] ..... 11183.889325: i915_reg_rw: write reg=0x7027c, len=4, val=(0x35b0000, 0x0)
   kworker/u33:1-57411   [001] ..... 11183.889325: i915_reg_rw: write reg=0x70278, len=4, val=(0x0, 0x0)
   kworker/u33:1-57411   [001] ..... 11183.889325: intel_plane_update_noarm: dev 0000:00:02.0, pipe A, cursor A, frame=671604, scanline=652, format=AR24 little-endian (0x34325241), 256.000000x256.000000+0.000000+0.000000 -> 256x256+1612+259
   kworker/u33:1-57411   [001] ...2. 11183.889326: i915_reg_rw: read reg=0x70040, len=4, val=(0xa3f74, 0x0)
   kworker/u33:1-57411   [001] d..3. 11183.889326: i915_reg_rw: read reg=0x70000, len=4, val=(0x28b, 0x0)
   kworker/u33:1-57411   [001] d.... 11183.889328: intel_pipe_update_start: dev 0000:00:02.0, pipe A, frame=671604, scanline=652, min=1073, max=1079
   kworker/u33:1-57411   [001] d..2. 11183.889328: i915_reg_rw: read reg=0x70040, len=4, val=(0xa3f74, 0x0)
   kworker/u33:1-57411   [001] d..3. 11183.889328: i915_reg_rw: read reg=0x70000, len=4, val=(0x28b, 0x0)
   kworker/u33:1-57411   [001] d..1. 11183.889329: i915_reg_rw: read reg=0x70000, len=4, val=(0x28b, 0x0)
   kworker/u33:1-57411   [001] d.... 11183.889329: i915_reg_rw: read reg=0x70040, len=4, val=(0xa3f74, 0x0)
   kworker/u33:1-57411   [001] d.... 11183.889330: intel_pipe_update_vblank_evaded: dev 0000:00:02.0, pipe A, frame=671604, scanline=652, min=1073, max=1079
   kworker/u33:1-57411   [001] d.... 11183.889330: i915_reg_rw: write reg=0x70030, len=4, val=(0x50, 0x0)
   kworker/u33:1-57411   [001] d.... 11183.889331: intel_plane_update_arm: dev 0000:00:02.0, pipe A, plane 1A, frame=671604, scanline=653, format=XR30 little-endian (0x30335258), 1920.000000x1080.000000+0.000000+0.000000 -> 1920x1080+0+0
   kworker/u33:1-57411   [001] d..2. 11183.889331: i915_reg_rw: read reg=0x70040, len=4, val=(0xa3f74, 0x0)
   kworker/u33:1-57411   [001] d..3. 11183.889332: i915_reg_rw: read reg=0x70000, len=4, val=(0x28c, 0x0)
   kworker/u33:1-57411   [001] d.... 11183.889332: i915_reg_rw: write reg=0x70194, len=4, val=(0x0, 0x0)
   kworker/u33:1-57411   [001] d.... 11183.889332: i915_reg_rw: write reg=0x70198, len=4, val=(0x0, 0x0)
   kworker/u33:1-57411   [001] d.... 11183.889333: i915_reg_rw: write reg=0x701a0, len=4, val=(0xff000000, 0x0)
   kworker/u33:1-57411   [001] d.... 11183.889333: i915_reg_rw: write reg=0x701a4, len=4, val=(0x0, 0x0)
   kworker/u33:1-57411   [001] d.... 11183.889334: i915_reg_rw: write reg=0x701c0, len=4, val=(0x0, 0x0)
   kworker/u33:1-57411   [001] d.... 11183.889334: i915_reg_rw: write reg=0x701c4, len=4, val=(0x0, 0x0)
   kworker/u33:1-57411   [001] d.... 11183.889334: i915_reg_rw: write reg=0x70180, len=4, val=(0xc2042400, 0x0)
   kworker/u33:1-57411   [001] d.... 11183.889334: i915_reg_rw: write reg=0x7019c, len=4, val=(0x1c00000, 0x0)
   kworker/u33:1-57411   [001] d.... 11183.889335: intel_plane_update_arm: dev 0000:00:02.0, pipe A, cursor A, frame=671604, scanline=653, format=AR24 little-endian (0x34325241), 256.000000x256.000000+0.000000+0.000000 -> 256x256+1612+259
   kworker/u33:1-57411   [001] d..2. 11183.889335: i915_reg_rw: read reg=0x70040, len=4, val=(0xa3f74, 0x0)
   kworker/u33:1-57411   [001] d..3. 11183.889335: i915_reg_rw: read reg=0x70000, len=4, val=(0x28c, 0x0)
   kworker/u33:1-57411   [001] d.... 11183.889336: i915_reg_rw: write reg=0x70140, len=4, val=(0x80000004, 0x0)
   kworker/u33:1-57411   [001] d.... 11183.889336: i915_reg_rw: write reg=0x70144, len=4, val=(0x80008008, 0x0)
   kworker/u33:1-57411   [001] d.... 11183.889336: i915_reg_rw: write reg=0x70148, len=4, val=(0x80008008, 0x0)
   kworker/u33:1-57411   [001] d.... 11183.889337: i915_reg_rw: write reg=0x7014c, len=4, val=(0x8000c00b, 0x0)
   kworker/u33:1-57411   [001] d.... 11183.889337: i915_reg_rw: write reg=0x70150, len=4, val=(0x80014011, 0x0)
   kworker/u33:1-57411   [001] d.... 11183.889337: i915_reg_rw: write reg=0x70154, len=4, val=(0x80018014, 0x0)
   kworker/u33:1-57411   [001] d.... 11183.889337: i915_reg_rw: write reg=0x70158, len=4, val=(0x80018014, 0x0)
   kworker/u33:1-57411   [001] d.... 11183.889338: i915_reg_rw: write reg=0x7015c, len=4, val=(0x8001c017, 0x0)
   kworker/u33:1-57411   [001] d.... 11183.889338: i915_reg_rw: write reg=0x70168, len=4, val=(0x0, 0x0)
   kworker/u33:1-57411   [001] d.... 11183.889338: i915_reg_rw: write reg=0x7017c, len=4, val=(0x37b035c, 0x0)
   kworker/u33:1-57411   [001] d.... 11183.889339: i915_reg_rw: write reg=0x70088, len=4, val=(0x103064c, 0x0)
   kworker/u33:1-57411   [001] d.... 11183.889339: i915_reg_rw: write reg=0x70084, len=4, val=(0x3140000, 0x0)
   kworker/u33:1-57411   [001] d.... 11183.889339: intel_scaler_disable_arm: dev 0000:00:02.0, pipe A, scaler 0, frame=671604, scanline=653
   kworker/u33:1-57411   [001] d..2. 11183.889340: i915_reg_rw: read reg=0x70040, len=4, val=(0xa3f74, 0x0)
   kworker/u33:1-57411   [001] d..3. 11183.889340: i915_reg_rw: read reg=0x70000, len=4, val=(0x28c, 0x0)
   kworker/u33:1-57411   [001] d.... 11183.889340: i915_reg_rw: write reg=0x68180, len=4, val=(0x0, 0x0)
   kworker/u33:1-57411   [001] d.... 11183.889341: i915_reg_rw: write reg=0x68170, len=4, val=(0x0, 0x0)
   kworker/u33:1-57411   [001] d.... 11183.889341: i915_reg_rw: write reg=0x68174, len=4, val=(0x0, 0x0)
   kworker/u33:1-57411   [001] d.... 11183.889341: intel_scaler_disable_arm: dev 0000:00:02.0, pipe A, scaler 1, frame=671604, scanline=653
   kworker/u33:1-57411   [001] d..2. 11183.889341: i915_reg_rw: read reg=0x70040, len=4, val=(0xa3f74, 0x0)
   kworker/u33:1-57411   [001] d..3. 11183.889342: i915_reg_rw: read reg=0x70000, len=4, val=(0x28c, 0x0)
   kworker/u33:1-57411   [001] d.... 11183.889342: i915_reg_rw: write reg=0x68280, len=4, val=(0x0, 0x0)
   kworker/u33:1-57411   [001] d.... 11183.889342: i915_reg_rw: write reg=0x68270, len=4, val=(0x0, 0x0)
   kworker/u33:1-57411   [001] d.... 11183.889342: i915_reg_rw: write reg=0x68274, len=4, val=(0x0, 0x0)
   kworker/u33:1-57411   [001] d..1. 11183.889343: i915_reg_rw: read reg=0x70000, len=4, val=(0x28c, 0x0)
   kworker/u33:1-57411   [001] d.... 11183.889343: i915_reg_rw: read reg=0x70040, len=4, val=(0xa3f74, 0x0)
   kworker/u33:1-57411   [001] d.... 11183.889344: intel_pipe_update_end: dev 0000:00:02.0, pipe A, frame=671604, scanline=653
   kworker/u33:1-57411   [001] d..2. 11183.889344: i915_reg_rw: read reg=0x70040, len=4, val=(0xa3f74, 0x0)
   kworker/u33:1-57411   [001] d..3. 11183.889345: i915_reg_rw: read reg=0x70000, len=4, val=(0x28c, 0x0)
   kworker/u33:1-57411   [001] d..2. 11183.889346: i915_reg_rw: read reg=0x70040, len=4, val=(0xa3f74, 0x0)
     ksoftirqd/7-60      [007] d.H2. 11183.891451: i915_reg_rw: write reg=0x20a8, len=4, val=(0xfffff6f6, 0x0)
     kworker/7:0-83001   [007] ..... 11183.891681: i915_request_retire: dev=1, engine=0:0, ctx=5, seqno=714816, tail=816
          bobide-73329   [003] ..... 11183.891700: i915_request_queue: dev=1, engine=0:0, ctx=127, seqno=108098, flags=0x0
          bobide-73329   [003] ..... 11183.891701: i915_request_add: dev=1, engine=0:0, ctx=127, seqno=108098, tail=2448
     kworker/7:0-83001   [007] ..... 11183.893025: i915_request_retire: dev=1, engine=0:0, ctx=127, seqno=108098, tail=4784
          <idle>-0       [007] d.h1. 11183.895663: i915_reg_rw: read reg=0x44408, len=4, val=(0x1, 0x0)
          <idle>-0       [007] d.h1. 11183.895666: i915_reg_rw: write reg=0x44408, len=4, val=(0x1, 0x0)
          <idle>-0       [007] d.h3. 11183.895668: i915_reg_rw: read reg=0x70040, len=4, val=(0xa3f75, 0x0)
          <idle>-0       [007] d.h4. 11183.895668: i915_reg_rw: read reg=0x70000, len=4, val=(0x43a, 0x0)
          <idle>-0       [007] d.h3. 11183.895669: i915_reg_rw: read reg=0x70040, len=4, val=(0xa3f75, 0x0)
     kworker/7:0-83001   [007] ..... 11183.895692: i915_request_retire: dev=1, engine=0:0, ctx=5, seqno=714817, tail=952
     kworker/7:0-83001   [007] d.h3. 11183.895695: i915_reg_rw: write reg=0x20a8, len=4, val=(0xfffff6f7, 0x0)
   kworker/u33:1-57411   [001] ..... 11183.895711: intel_frontbuffer_flush: dev 0000:00:02.0, frontbuffer_bits=0x00000081, origin=2
     kworker/7:0-83001   [007] ..... 11183.895719: i915_reg_rw: read reg=0x8504, len=4, val=(0xfc004c3, 0x0)
     gnome-shell-14986   [001] ..... 11183.905307: i915_request_queue: dev=1, engine=0:0, ctx=30, seqno=1685310, flags=0x0
     gnome-shell-14986   [001] ..... 11183.905309: i915_request_add: dev=1, engine=0:0, ctx=30, seqno=1685310, tail=12696
     gnome-shell-14986   [001] ..... 11183.905514: i915_request_queue: dev=1, engine=0:0, ctx=30, seqno=1685312, flags=0x0
     gnome-shell-14986   [001] ..... 11183.905514: i915_request_add: dev=1, engine=0:0, ctx=30, seqno=1685312, tail=15088
   kworker/u33:1-57411   [001] d.h3. 11183.905732: i915_reg_rw: write reg=0x20a8, len=4, val=(0xfffff6f6, 0x0)
   kworker/u33:1-57411   [001] ..... 11183.905737: i915_request_wait_begin: dev=1, engine=0:0, ctx=30, seqno=1685310, flags=0x2
          <idle>-0       [007] d.h3. 11183.906033: i915_reg_rw: write reg=0x20a8, len=4, val=(0xfffff6f7, 0x0)
   kworker/u33:1-57411   [001] ..... 11183.906064: i915_request_wait_end: dev=1, engine=0:0, ctx=30, seqno=1685310, tail=552
     kworker/7:0-83001   [007] ..... 11183.906066: i915_request_retire: dev=1, engine=0:0, ctx=30, seqno=1685310, tail=552
     kworker/7:0-83001   [007] ..... 11183.906067: i915_request_retire: dev=1, engine=0:0, ctx=30, seqno=1685312, tail=736
   kworker/u33:1-57411   [001] ..... 11183.906073: intel_plane_update_noarm: dev 0000:00:02.0, pipe A, plane 1A, frame=671605, scanline=658, format=XR30 little-endian (0x30335258), 1920.000000x1080.000000+0.000000+0.000000 -> 1920x1080+0+0
   kworker/u33:1-57411   [001] ...2. 11183.906074: i915_reg_rw: read reg=0x70040, len=4, val=(0xa3f75, 0x0)
   kworker/u33:1-57411   [001] d..3. 11183.906075: i915_reg_rw: read reg=0x70000, len=4, val=(0x291, 0x0)
   kworker/u33:1-57411   [001] ..... 11183.906076: i915_reg_rw: write reg=0x70188, len=4, val=(0xf, 0x0)
   kworker/u33:1-57411   [001] ..... 11183.906076: i915_reg_rw: write reg=0x7018c, len=4, val=(0x0, 0x0)
   kworker/u33:1-57411   [001] ..... 11183.906076: i915_reg_rw: write reg=0x70190, len=4, val=(0x437077f, 0x0)
   kworker/u33:1-57411   [001] ..... 11183.906076: i915_reg_rw: write reg=0x70240, len=4, val=(0x80000016, 0x0)
   kworker/u33:1-57411   [001] ..... 11183.906077: i915_reg_rw: write reg=0x70244, len=4, val=(0x8000c02b, 0x0)
   kworker/u33:1-57411   [001] ..... 11183.906077: i915_reg_rw: write reg=0x70248, len=4, val=(0x8000c02f, 0x0)
   kworker/u33:1-57411   [001] ..... 11183.906077: i915_reg_rw: write reg=0x7024c, len=4, val=(0x8001003b, 0x0)
   kworker/u33:1-57411   [001] ..... 11183.906078: i915_reg_rw: write reg=0x70250, len=4, val=(0x8001805c, 0x0)
   kworker/u33:1-57411   [001] ..... 11183.906078: i915_reg_rw: write reg=0x70254, len=4, val=(0x8001c06b, 0x0)
   kworker/u33:1-57411   [001] ..... 11183.906078: i915_reg_rw: write reg=0x70258, len=4, val=(0x8001c06b, 0x0)
   kworker/u33:1-57411   [001] ..... 11183.906078: i915_reg_rw: write reg=0x7025c, len=4, val=(0x8002007a, 0x0)
   kworker/u33:1-57411   [001] ..... 11183.906079: i915_reg_rw: write reg=0x70268, len=4, val=(0x0, 0x0)
   kworker/u33:1-57411   [001] ..... 11183.906079: i915_reg_rw: write reg=0x7027c, len=4, val=(0x35b0000, 0x0)
   kworker/u33:1-57411   [001] ..... 11183.906079: i915_reg_rw: write reg=0x70278, len=4, val=(0x0, 0x0)
   kworker/u33:1-57411   [001] ..... 11183.906079: intel_plane_update_noarm: dev 0000:00:02.0, pipe A, cursor A, frame=671605, scanline=658, format=AR24 little-endian (0x34325241), 256.000000x256.000000+0.000000+0.000000 -> 256x256+1612+255
   kworker/u33:1-57411   [001] ...2. 11183.906080: i915_reg_rw: read reg=0x70040, len=4, val=(0xa3f75, 0x0)
   kworker/u33:1-57411   [001] d..3. 11183.906080: i915_reg_rw: read reg=0x70000, len=4, val=(0x291, 0x0)
   kworker/u33:1-57411   [001] d.... 11183.906082: intel_pipe_update_start: dev 0000:00:02.0, pipe A, frame=671605, scanline=658, min=1073, max=1079
   kworker/u33:1-57411   [001] d..2. 11183.906082: i915_reg_rw: read reg=0x70040, len=4, val=(0xa3f75, 0x0)
   kworker/u33:1-57411   [001] d..3. 11183.906082: i915_reg_rw: read reg=0x70000, len=4, val=(0x291, 0x0)
   kworker/u33:1-57411   [001] d..1. 11183.906083: i915_reg_rw: read reg=0x70000, len=4, val=(0x291, 0x0)
   kworker/u33:1-57411   [001] d.... 11183.906083: i915_reg_rw: read reg=0x70040, len=4, val=(0xa3f75, 0x0)
   kworker/u33:1-57411   [001] d.... 11183.906084: intel_pipe_update_vblank_evaded: dev 0000:00:02.0, pipe A, frame=671605, scanline=658, min=1073, max=1079
   kworker/u33:1-57411   [001] d.... 11183.906084: i915_reg_rw: write reg=0x70030, len=4, val=(0x50, 0x0)
   kworker/u33:1-57411   [001] d.... 11183.906085: intel_plane_update_arm: dev 0000:00:02.0, pipe A, plane 1A, frame=671605, scanline=659, format=XR30 little-endian (0x30335258), 1920.000000x1080.000000+0.000000+0.000000 -> 1920x1080+0+0
   kworker/u33:1-57411   [001] d..2. 11183.906085: i915_reg_rw: read reg=0x70040, len=4, val=(0xa3f75, 0x0)
   kworker/u33:1-57411   [001] d..3. 11183.906086: i915_reg_rw: read reg=0x70000, len=4, val=(0x292, 0x0)
   kworker/u33:1-57411   [001] d.... 11183.906086: i915_reg_rw: write reg=0x70194, len=4, val=(0x0, 0x0)
   kworker/u33:1-57411   [001] d.... 11183.906086: i915_reg_rw: write reg=0x70198, len=4, val=(0x0, 0x0)
   kworker/u33:1-57411   [001] d.... 11183.906087: i915_reg_rw: write reg=0x701a0, len=4, val=(0xff000000, 0x0)
   kworker/u33:1-57411   [001] d.... 11183.906087: i915_reg_rw: write reg=0x701a4, len=4, val=(0x0, 0x0)
   kworker/u33:1-57411   [001] d.... 11183.906087: i915_reg_rw: write reg=0x701c0, len=4, val=(0x0, 0x0)
   kworker/u33:1-57411   [001] d.... 11183.906087: i915_reg_rw: write reg=0x701c4, len=4, val=(0x0, 0x0)
   kworker/u33:1-57411   [001] d.... 11183.906088: i915_reg_rw: write reg=0x70180, len=4, val=(0xc2042400, 0x0)
   kworker/u33:1-57411   [001] d.... 11183.906088: i915_reg_rw: write reg=0x7019c, len=4, val=(0x25c0000, 0x0)
   kworker/u33:1-57411   [001] d.... 11183.906088: intel_plane_update_arm: dev 0000:00:02.0, pipe A, cursor A, frame=671605, scanline=659, format=AR24 little-endian (0x34325241), 256.000000x256.000000+0.000000+0.000000 -> 256x256+1612+255
   kworker/u33:1-57411   [001] d..2. 11183.906089: i915_reg_rw: read reg=0x70040, len=4, val=(0xa3f75, 0x0)
   kworker/u33:1-57411   [001] d..3. 11183.906089: i915_reg_rw: read reg=0x70000, len=4, val=(0x292, 0x0)
   kworker/u33:1-57411   [001] d.... 11183.906089: i915_reg_rw: write reg=0x70140, len=4, val=(0x80000004, 0x0)
   kworker/u33:1-57411   [001] d.... 11183.906090: i915_reg_rw: write reg=0x70144, len=4, val=(0x80008008, 0x0)
   kworker/u33:1-57411   [001] d.... 11183.906090: i915_reg_rw: write reg=0x70148, len=4, val=(0x80008008, 0x0)
   kworker/u33:1-57411   [001] d.... 11183.906090: i915_reg_rw: write reg=0x7014c, len=4, val=(0x8000c00b, 0x0)
   kworker/u33:1-57411   [001] d.... 11183.906091: i915_reg_rw: write reg=0x70150, len=4, val=(0x80014011, 0x0)
   kworker/u33:1-57411   [001] d.... 11183.906091: i915_reg_rw: write reg=0x70154, len=4, val=(0x80018014, 0x0)
   kworker/u33:1-57411   [001] d.... 11183.906091: i915_reg_rw: write reg=0x70158, len=4, val=(0x80018014, 0x0)
   kworker/u33:1-57411   [001] d.... 11183.906091: i915_reg_rw: write reg=0x7015c, len=4, val=(0x8001c017, 0x0)
   kworker/u33:1-57411   [001] d.... 11183.906092: i915_reg_rw: write reg=0x70168, len=4, val=(0x0, 0x0)
   kworker/u33:1-57411   [001] d.... 11183.906092: i915_reg_rw: write reg=0x7017c, len=4, val=(0x37b035c, 0x0)
   kworker/u33:1-57411   [001] d.... 11183.906092: i915_reg_rw: write reg=0x70088, len=4, val=(0xff064c, 0x0)
   kworker/u33:1-57411   [001] d.... 11183.906092: i915_reg_rw: write reg=0x70084, len=4, val=(0x3140000, 0x0)
   kworker/u33:1-57411   [001] d.... 11183.906093: intel_scaler_disable_arm: dev 0000:00:02.0, pipe A, scaler 0, frame=671605, scanline=659
   kworker/u33:1-57411   [001] d..2. 11183.906093: i915_reg_rw: read reg=0x70040, len=4, val=(0xa3f75, 0x0)
   kworker/u33:1-57411   [001] d..3. 11183.906094: i915_reg_rw: read reg=0x70000, len=4, val=(0x292, 0x0)
   kworker/u33:1-57411   [001] d.... 11183.906094: i915_reg_rw: write reg=0x68180, len=4, val=(0x0, 0x0)
   kworker/u33:1-57411   [001] d.... 11183.906094: i915_reg_rw: write reg=0x68170, len=4, val=(0x0, 0x0)
   kworker/u33:1-57411   [001] d.... 11183.906094: i915_reg_rw: write reg=0x68174, len=4, val=(0x0, 0x0)
   kworker/u33:1-57411   [001] d.... 11183.906095: intel_scaler_disable_arm: dev 0000:00:02.0, pipe A, scaler 1, frame=671605, scanline=659
   kworker/u33:1-57411   [001] d..2. 11183.906095: i915_reg_rw: read reg=0x70040, len=4, val=(0xa3f75, 0x0)
   kworker/u33:1-57411   [001] d..3. 11183.906095: i915_reg_rw: read reg=0x70000, len=4, val=(0x292, 0x0)
   kworker/u33:1-57411   [001] d.... 11183.906095: i915_reg_rw: write reg=0x68280, len=4, val=(0x0, 0x0)
   kworker/u33:1-57411   [001] d.... 11183.906096: i915_reg_rw: write reg=0x68270, len=4, val=(0x0, 0x0)
   kworker/u33:1-57411   [001] d.... 11183.906096: i915_reg_rw: write reg=0x68274, len=4, val=(0x0, 0x0)
   kworker/u33:1-57411   [001] d..1. 11183.906096: i915_reg_rw: read reg=0x70000, len=4, val=(0x292, 0x0)
   kworker/u33:1-57411   [001] d.... 11183.906097: i915_reg_rw: read reg=0x70040, len=4, val=(0xa3f75, 0x0)
   kworker/u33:1-57411   [001] d.... 11183.906097: intel_pipe_update_end: dev 0000:00:02.0, pipe A, frame=671605, scanline=659
   kworker/u33:1-57411   [001] d..2. 11183.906098: i915_reg_rw: read reg=0x70040, len=4, val=(0xa3f75, 0x0)
   kworker/u33:1-57411   [001] d..3. 11183.906099: i915_reg_rw: read reg=0x70000, len=4, val=(0x292, 0x0)
   kworker/u33:1-57411   [001] d..2. 11183.906099: i915_reg_rw: read reg=0x70040, len=4, val=(0xa3f75, 0x0)
          bobide-73329   [007] ..... 11183.908490: i915_request_queue: dev=1, engine=0:0, ctx=127, seqno=108100, flags=0x0
          bobide-73329   [007] ..... 11183.908492: i915_request_add: dev=1, engine=0:0, ctx=127, seqno=108100, tail=952
     kworker/7:0-83001   [007] ..... 11183.909860: i915_request_retire: dev=1, engine=0:0, ctx=127, seqno=108100, tail=4968
          <idle>-0       [007] d.h1. 11183.912285: i915_reg_rw: read reg=0x44408, len=4, val=(0x1, 0x0)
          <idle>-0       [007] d.h1. 11183.912286: i915_reg_rw: write reg=0x44408, len=4, val=(0x1, 0x0)
          <idle>-0       [007] d.h3. 11183.912288: i915_reg_rw: read reg=0x70040, len=4, val=(0xa3f76, 0x0)
          <idle>-0       [007] d.h4. 11183.912289: i915_reg_rw: read reg=0x70000, len=4, val=(0x437, 0x0)
          <idle>-0       [007] d.h3. 11183.912290: i915_reg_rw: read reg=0x70040, len=4, val=(0xa3f76, 0x0)
   kworker/u33:1-57411   [001] ..... 11183.912343: intel_frontbuffer_flush: dev 0000:00:02.0, frontbuffer_bits=0x00000081, origin=2
     ksoftirqd/7-60      [007] d.H2. 11183.912447: i915_reg_rw: write reg=0x20a8, len=4, val=(0xfffff6f6, 0x0)
     kworker/7:0-83001   [007] ..... 11183.912621: i915_request_retire: dev=1, engine=0:0, ctx=5, seqno=714818, tail=1088
     kworker/7:0-83001   [007] d.h3. 11183.912624: i915_reg_rw: write reg=0x20a8, len=4, val=(0xfffff6f7, 0x0)
     kworker/7:0-83001   [007] ..... 11183.912647: i915_reg_rw: read reg=0x8504, len=4, val=(0xfc004c3, 0x0)
     gnome-shell-14986   [000] ..... 11183.921939: i915_request_queue: dev=1, engine=0:0, ctx=30, seqno=1685314, flags=0x0
     gnome-shell-14986   [000] ..... 11183.921940: i915_request_add: dev=1, engine=0:0, ctx=30, seqno=1685314, tail=16376
     gnome-shell-14986   [000] ..... 11183.922158: i915_request_queue: dev=1, engine=0:0, ctx=30, seqno=1685316, flags=0x0
     gnome-shell-14986   [000] ..... 11183.922158: i915_request_add: dev=1, engine=0:0, ctx=30, seqno=1685316, tail=16008
   kworker/u33:1-57411   [001] d.h3. 11183.922472: i915_reg_rw: write reg=0x20a8, len=4, val=(0xfffff6f6, 0x0)
   kworker/u33:1-57411   [001] ..... 11183.922482: i915_request_wait_begin: dev=1, engine=0:0, ctx=30, seqno=1685314, flags=0x2
   kworker/u33:1-57411   [001] ..... 11183.922692: i915_request_wait_end: dev=1, engine=0:0, ctx=30, seqno=1685314, tail=920
          <idle>-0       [007] d.h3. 11183.922694: i915_reg_rw: write reg=0x20a8, len=4, val=(0xfffff6f7, 0x0)
   kworker/u33:1-57411   [001] ..... 11183.922704: intel_plane_update_noarm: dev 0000:00:02.0, pipe A, plane 1A, frame=671606, scanline=656, format=XR30 little-endian (0x30335258), 1920.000000x1080.000000+0.000000+0.000000 -> 1920x1080+0+0
   kworker/u33:1-57411   [001] ...2. 11183.922706: i915_reg_rw: read reg=0x70040, len=4, val=(0xa3f76, 0x0)
   kworker/u33:1-57411   [001] d..3. 11183.922706: i915_reg_rw: read reg=0x70000, len=4, val=(0x28f, 0x0)
   kworker/u33:1-57411   [001] ..... 11183.922707: i915_reg_rw: write reg=0x70188, len=4, val=(0xf, 0x0)
   kworker/u33:1-57411   [001] ..... 11183.922708: i915_reg_rw: write reg=0x7018c, len=4, val=(0x0, 0x0)
   kworker/u33:1-57411   [001] ..... 11183.922708: i915_reg_rw: write reg=0x70190, len=4, val=(0x437077f, 0x0)
   kworker/u33:1-57411   [001] ..... 11183.922708: i915_reg_rw: write reg=0x70240, len=4, val=(0x80000016, 0x0)
   kworker/u33:1-57411   [001] ..... 11183.922709: i915_reg_rw: write reg=0x70244, len=4, val=(0x8000c02b, 0x0)
   kworker/u33:1-57411   [001] ..... 11183.922709: i915_reg_rw: write reg=0x70248, len=4, val=(0x8000c02f, 0x0)
   kworker/u33:1-57411   [001] ..... 11183.922709: i915_reg_rw: write reg=0x7024c, len=4, val=(0x8001003b, 0x0)
   kworker/u33:1-57411   [001] ..... 11183.922710: i915_reg_rw: write reg=0x70250, len=4, val=(0x8001805c, 0x0)
   kworker/u33:1-57411   [001] ..... 11183.922710: i915_reg_rw: write reg=0x70254, len=4, val=(0x8001c06b, 0x0)
   kworker/u33:1-57411   [001] ..... 11183.922710: i915_reg_rw: write reg=0x70258, len=4, val=(0x8001c06b, 0x0)
   kworker/u33:1-57411   [001] ..... 11183.922711: i915_reg_rw: write reg=0x7025c, len=4, val=(0x8002007a, 0x0)
   kworker/u33:1-57411   [001] ..... 11183.922711: i915_reg_rw: write reg=0x70268, len=4, val=(0x0, 0x0)
   kworker/u33:1-57411   [001] ..... 11183.922711: i915_reg_rw: write reg=0x7027c, len=4, val=(0x35b0000, 0x0)
   kworker/u33:1-57411   [001] ..... 11183.922712: i915_reg_rw: write reg=0x70278, len=4, val=(0x0, 0x0)
   kworker/u33:1-57411   [001] ..... 11183.922712: intel_plane_update_noarm: dev 0000:00:02.0, pipe A, cursor A, frame=671606, scanline=656, format=AR24 little-endian (0x34325241), 256.000000x256.000000+0.000000+0.000000 -> 256x256+1612+254
   kworker/u33:1-57411   [001] ...2. 11183.922712: i915_reg_rw: read reg=0x70040, len=4, val=(0xa3f76, 0x0)
   kworker/u33:1-57411   [001] d..3. 11183.922713: i915_reg_rw: read reg=0x70000, len=4, val=(0x28f, 0x0)
   kworker/u33:1-57411   [001] d.... 11183.922715: intel_pipe_update_start: dev 0000:00:02.0, pipe A, frame=671606, scanline=656, min=1073, max=1079
   kworker/u33:1-57411   [001] d..2. 11183.922715: i915_reg_rw: read reg=0x70040, len=4, val=(0xa3f76, 0x0)
   kworker/u33:1-57411   [001] d..3. 11183.922715: i915_reg_rw: read reg=0x70000, len=4, val=(0x28f, 0x0)
   kworker/u33:1-57411   [001] d..1. 11183.922716: i915_reg_rw: read reg=0x70000, len=4, val=(0x28f, 0x0)
   kworker/u33:1-57411   [001] d.... 11183.922716: i915_reg_rw: read reg=0x70040, len=4, val=(0xa3f76, 0x0)
   kworker/u33:1-57411   [001] d.... 11183.922717: intel_pipe_update_vblank_evaded: dev 0000:00:02.0, pipe A, frame=671606, scanline=656, min=1073, max=1079
   kworker/u33:1-57411   [001] d.... 11183.922718: i915_reg_rw: write reg=0x70030, len=4, val=(0x50, 0x0)
   kworker/u33:1-57411   [001] d.... 11183.922719: intel_plane_update_arm: dev 0000:00:02.0, pipe A, plane 1A, frame=671606, scanline=657, format=XR30 little-endian (0x30335258), 1920.000000x1080.000000+0.000000+0.000000 -> 1920x1080+0+0
   kworker/u33:1-57411   [001] d..2. 11183.922719: i915_reg_rw: read reg=0x70040, len=4, val=(0xa3f76, 0x0)
   kworker/u33:1-57411   [001] d..3. 11183.922720: i915_reg_rw: read reg=0x70000, len=4, val=(0x290, 0x0)
   kworker/u33:1-57411   [001] d.... 11183.922720: i915_reg_rw: write reg=0x70194, len=4, val=(0x0, 0x0)
   kworker/u33:1-57411   [001] d.... 11183.922721: i915_reg_rw: write reg=0x70198, len=4, val=(0x0, 0x0)
   kworker/u33:1-57411   [001] d.... 11183.922721: i915_reg_rw: write reg=0x701a0, len=4, val=(0xff000000, 0x0)
   kworker/u33:1-57411   [001] d.... 11183.922721: i915_reg_rw: write reg=0x701a4, len=4, val=(0x0, 0x0)
   kworker/u33:1-57411   [001] d.... 11183.922722: i915_reg_rw: write reg=0x701c0, len=4, val=(0x0, 0x0)
   kworker/u33:1-57411   [001] d.... 11183.922722: i915_reg_rw: write reg=0x701c4, len=4, val=(0x0, 0x0)
   kworker/u33:1-57411   [001] d.... 11183.922722: i915_reg_rw: write reg=0x70180, len=4, val=(0xc2042400, 0x0)
   kworker/u33:1-57411   [001] d.... 11183.922723: i915_reg_rw: write reg=0x7019c, len=4, val=(0x3300000, 0x0)
   kworker/u33:1-57411   [001] d.... 11183.922723: intel_plane_update_arm: dev 0000:00:02.0, pipe A, cursor A, frame=671606, scanline=657, format=AR24 little-endian (0x34325241), 256.000000x256.000000+0.000000+0.000000 -> 256x256+1612+254
   kworker/u33:1-57411   [001] d..2. 11183.922724: i915_reg_rw: read reg=0x70040, len=4, val=(0xa3f76, 0x0)
   kworker/u33:1-57411   [001] d..3. 11183.922724: i915_reg_rw: read reg=0x70000, len=4, val=(0x290, 0x0)
   kworker/u33:1-57411   [001] d.... 11183.922725: i915_reg_rw: write reg=0x70140, len=4, val=(0x80000004, 0x0)
   kworker/u33:1-57411   [001] d.... 11183.922725: i915_reg_rw: write reg=0x70144, len=4, val=(0x80008008, 0x0)
   kworker/u33:1-57411   [001] d.... 11183.922725: i915_reg_rw: write reg=0x70148, len=4, val=(0x80008008, 0x0)
   kworker/u33:1-57411   [001] d.... 11183.922726: i915_reg_rw: write reg=0x7014c, len=4, val=(0x8000c00b, 0x0)
   kworker/u33:1-57411   [001] d.... 11183.922726: i915_reg_rw: write reg=0x70150, len=4, val=(0x80014011, 0x0)
   kworker/u33:1-57411   [001] d.... 11183.922726: i915_reg_rw: write reg=0x70154, len=4, val=(0x80018014, 0x0)
   kworker/u33:1-57411   [001] d.... 11183.922727: i915_reg_rw: write reg=0x70158, len=4, val=(0x80018014, 0x0)
   kworker/u33:1-57411   [001] d.... 11183.922727: i915_reg_rw: write reg=0x7015c, len=4, val=(0x8001c017, 0x0)
   kworker/u33:1-57411   [001] d.... 11183.922727: i915_reg_rw: write reg=0x70168, len=4, val=(0x0, 0x0)
   kworker/u33:1-57411   [001] d.... 11183.922728: i915_reg_rw: write reg=0x7017c, len=4, val=(0x37b035c, 0x0)
     kworker/7:0-83001   [007] ..... 11183.922728: i915_request_retire: dev=1, engine=0:0, ctx=30, seqno=1685314, tail=920
   kworker/u33:1-57411   [001] d.... 11183.922728: i915_reg_rw: write reg=0x70088, len=4, val=(0xfe064c, 0x0)
   kworker/u33:1-57411   [001] d.... 11183.922729: i915_reg_rw: write reg=0x70084, len=4, val=(0x3140000, 0x0)
     kworker/7:0-83001   [007] ..... 11183.922729: i915_request_retire: dev=1, engine=0:0, ctx=30, seqno=1685316, tail=1104
   kworker/u33:1-57411   [001] d.... 11183.922729: intel_scaler_disable_arm: dev 0000:00:02.0, pipe A, scaler 0, frame=671606, scanline=657
   kworker/u33:1-57411   [001] d..2. 11183.922730: i915_reg_rw: read reg=0x70040, len=4, val=(0xa3f76, 0x0)
   kworker/u33:1-57411   [001] d..3. 11183.922730: i915_reg_rw: read reg=0x70000, len=4, val=(0x290, 0x0)
   kworker/u33:1-57411   [001] d.... 11183.922730: i915_reg_rw: write reg=0x68180, len=4, val=(0x0, 0x0)
   kworker/u33:1-57411   [001] d.... 11183.922731: i915_reg_rw: write reg=0x68170, len=4, val=(0x0, 0x0)
   kworker/u33:1-57411   [001] d.... 11183.922731: i915_reg_rw: write reg=0x68174, len=4, val=(0x0, 0x0)
   kworker/u33:1-57411   [001] d.... 11183.922731: intel_scaler_disable_arm: dev 0000:00:02.0, pipe A, scaler 1, frame=671606, scanline=657
   kworker/u33:1-57411   [001] d..2. 11183.922732: i915_reg_rw: read reg=0x70040, len=4, val=(0xa3f76, 0x0)
   kworker/u33:1-57411   [001] d..3. 11183.922732: i915_reg_rw: read reg=0x70000, len=4, val=(0x290, 0x0)
   kworker/u33:1-57411   [001] d.... 11183.922732: i915_reg_rw: write reg=0x68280, len=4, val=(0x0, 0x0)
   kworker/u33:1-57411   [001] d.... 11183.922733: i915_reg_rw: write reg=0x68270, len=4, val=(0x0, 0x0)
   kworker/u33:1-57411   [001] d.... 11183.922733: i915_reg_rw: write reg=0x68274, len=4, val=(0x0, 0x0)
   kworker/u33:1-57411   [001] d..1. 11183.922734: i915_reg_rw: read reg=0x70000, len=4, val=(0x290, 0x0)
   kworker/u33:1-57411   [001] d.... 11183.922734: i915_reg_rw: read reg=0x70040, len=4, val=(0xa3f76, 0x0)
   kworker/u33:1-57411   [001] d.... 11183.922734: intel_pipe_update_end: dev 0000:00:02.0, pipe A, frame=671606, scanline=657
   kworker/u33:1-57411   [001] d..2. 11183.922735: i915_reg_rw: read reg=0x70040, len=4, val=(0xa3f76, 0x0)
   kworker/u33:1-57411   [001] d..3. 11183.922736: i915_reg_rw: read reg=0x70000, len=4, val=(0x291, 0x0)
   kworker/u33:1-57411   [001] d..2. 11183.922737: i915_reg_rw: read reg=0x70040, len=4, val=(0xa3f76, 0x0)
          bobide-73329   [007] ..... 11183.925061: i915_request_queue: dev=1, engine=0:0, ctx=127, seqno=108102, flags=0x0
          bobide-73329   [007] ..... 11183.925063: i915_request_add: dev=1, engine=0:0, ctx=127, seqno=108102, tail=1088
     kworker/7:0-83001   [007] ..... 11183.926186: i915_request_retire: dev=1, engine=0:0, ctx=127, seqno=108102, tail=5152
     ksoftirqd/1-24      [001] d.H2. 11183.928485: i915_reg_rw: write reg=0x20a8, len=4, val=(0xfffff6f6, 0x0)
     kworker/7:0-83001   [007] ..... 11183.928665: i915_request_retire: dev=1, engine=0:0, ctx=5, seqno=714819, tail=1224
     kworker/7:0-83001   [007] d.h3. 11183.928668: i915_reg_rw: write reg=0x20a8, len=4, val=(0xfffff6f7, 0x0)
     kworker/7:0-83001   [007] ..... 11183.928685: i915_reg_rw: read reg=0x8504, len=4, val=(0xfc004c3, 0x0)
          <idle>-0       [007] d.h1. 11183.928949: i915_reg_rw: read reg=0x44408, len=4, val=(0x1, 0x0)
          <idle>-0       [007] d.h1. 11183.928950: i915_reg_rw: write reg=0x44408, len=4, val=(0x1, 0x0)
          <idle>-0       [007] d.h3. 11183.928952: i915_reg_rw: read reg=0x70040, len=4, val=(0xa3f77, 0x0)
          <idle>-0       [007] d.h4. 11183.928953: i915_reg_rw: read reg=0x70000, len=4, val=(0x437, 0x0)
          <idle>-0       [007] d.h3. 11183.928954: i915_reg_rw: read reg=0x70040, len=4, val=(0xa3f77, 0x0)
   kworker/u33:1-57411   [001] ..... 11183.929004: intel_frontbuffer_flush: dev 0000:00:02.0, frontbuffer_bits=0x00000081, origin=2
     gnome-shell-14986   [000] ..... 11183.938572: i915_request_queue: dev=1, engine=0:0, ctx=30, seqno=1685318, flags=0x0
     gnome-shell-14986   [000] ..... 11183.938574: i915_request_add: dev=1, engine=0:0, ctx=30, seqno=1685318, tail=2392
     gnome-shell-14986   [000] ..... 11183.938786: i915_request_queue: dev=1, engine=0:0, ctx=30, seqno=1685320, flags=0x0
     gnome-shell-14986   [000] ..... 11183.938787: i915_request_add: dev=1, engine=0:0, ctx=30, seqno=1685320, tail=12880
   kworker/u33:1-57411   [001] d.h3. 11183.939038: i915_reg_rw: write reg=0x20a8, len=4, val=(0xfffff6f6, 0x0)
   kworker/u33:1-57411   [001] ..... 11183.939045: i915_request_wait_begin: dev=1, engine=0:0, ctx=30, seqno=1685318, flags=0x2
          <idle>-0       [007] d.H3. 11183.939298: i915_reg_rw: write reg=0x20a8, len=4, val=(0xfffff6f7, 0x0)
     kworker/7:0-83001   [007] ..... 11183.939308: i915_request_retire: dev=1, engine=0:0, ctx=30, seqno=1685318, tail=1288
     kworker/7:0-83001   [007] ..... 11183.939308: i915_request_retire: dev=1, engine=0:0, ctx=30, seqno=1685320, tail=1472
   kworker/u33:1-57411   [001] ..... 11183.939339: i915_request_wait_end: dev=1, engine=0:0, ctx=30, seqno=1685318, tail=1288
   kworker/u33:1-57411   [001] ..... 11183.939347: intel_plane_update_noarm: dev 0000:00:02.0, pipe A, plane 1A, frame=671607, scanline=654, format=XR30 little-endian (0x30335258), 1920.000000x1080.000000+0.000000+0.000000 -> 1920x1080+0+0
   kworker/u33:1-57411   [001] ...2. 11183.939348: i915_reg_rw: read reg=0x70040, len=4, val=(0xa3f77, 0x0)
   kworker/u33:1-57411   [001] d..3. 11183.939349: i915_reg_rw: read reg=0x70000, len=4, val=(0x28d, 0x0)
   kworker/u33:1-57411   [001] ..... 11183.939350: i915_reg_rw: write reg=0x70188, len=4, val=(0xf, 0x0)
   kworker/u33:1-57411   [001] ..... 11183.939350: i915_reg_rw: write reg=0x7018c, len=4, val=(0x0, 0x0)
   kworker/u33:1-57411   [001] ..... 11183.939350: i915_reg_rw: write reg=0x70190, len=4, val=(0x437077f, 0x0)
   kworker/u33:1-57411   [001] ..... 11183.939350: i915_reg_rw: write reg=0x70240, len=4, val=(0x80000016, 0x0)
   kworker/u33:1-57411   [001] ..... 11183.939351: i915_reg_rw: write reg=0x70244, len=4, val=(0x8000c02b, 0x0)
   kworker/u33:1-57411   [001] ..... 11183.939351: i915_reg_rw: write reg=0x70248, len=4, val=(0x8000c02f, 0x0)
   kworker/u33:1-57411   [001] ..... 11183.939351: i915_reg_rw: write reg=0x7024c, len=4, val=(0x8001003b, 0x0)
   kworker/u33:1-57411   [001] ..... 11183.939352: i915_reg_rw: write reg=0x70250, len=4, val=(0x8001805c, 0x0)
   kworker/u33:1-57411   [001] ..... 11183.939352: i915_reg_rw: write reg=0x70254, len=4, val=(0x8001c06b, 0x0)
   kworker/u33:1-57411   [001] ..... 11183.939352: i915_reg_rw: write reg=0x70258, len=4, val=(0x8001c06b, 0x0)
   kworker/u33:1-57411   [001] ..... 11183.939352: i915_reg_rw: write reg=0x7025c, len=4, val=(0x8002007a, 0x0)
   kworker/u33:1-57411   [001] ..... 11183.939353: i915_reg_rw: write reg=0x70268, len=4, val=(0x0, 0x0)
   kworker/u33:1-57411   [001] ..... 11183.939353: i915_reg_rw: write reg=0x7027c, len=4, val=(0x35b0000, 0x0)
   kworker/u33:1-57411   [001] ..... 11183.939353: i915_reg_rw: write reg=0x70278, len=4, val=(0x0, 0x0)
   kworker/u33:1-57411   [001] d.... 11183.939355: intel_pipe_update_start: dev 0000:00:02.0, pipe A, frame=671607, scanline=655, min=1073, max=1079
   kworker/u33:1-57411   [001] d..2. 11183.939356: i915_reg_rw: read reg=0x70040, len=4, val=(0xa3f77, 0x0)
   kworker/u33:1-57411   [001] d..3. 11183.939356: i915_reg_rw: read reg=0x70000, len=4, val=(0x28e, 0x0)
   kworker/u33:1-57411   [001] d..1. 11183.939357: i915_reg_rw: read reg=0x70000, len=4, val=(0x28e, 0x0)
   kworker/u33:1-57411   [001] d.... 11183.939357: i915_reg_rw: read reg=0x70040, len=4, val=(0xa3f77, 0x0)
   kworker/u33:1-57411   [001] d.... 11183.939357: intel_pipe_update_vblank_evaded: dev 0000:00:02.0, pipe A, frame=671607, scanline=655, min=1073, max=1079
   kworker/u33:1-57411   [001] d.... 11183.939358: i915_reg_rw: write reg=0x70030, len=4, val=(0x50, 0x0)
   kworker/u33:1-57411   [001] d.... 11183.939359: intel_plane_update_arm: dev 0000:00:02.0, pipe A, plane 1A, frame=671607, scanline=655, format=XR30 little-endian (0x30335258), 1920.000000x1080.000000+0.000000+0.000000 -> 1920x1080+0+0
   kworker/u33:1-57411   [001] d..2. 11183.939359: i915_reg_rw: read reg=0x70040, len=4, val=(0xa3f77, 0x0)
   kworker/u33:1-57411   [001] d..3. 11183.939359: i915_reg_rw: read reg=0x70000, len=4, val=(0x28e, 0x0)
   kworker/u33:1-57411   [001] d.... 11183.939360: i915_reg_rw: write reg=0x70194, len=4, val=(0x0, 0x0)
   kworker/u33:1-57411   [001] d.... 11183.939360: i915_reg_rw: write reg=0x70198, len=4, val=(0x0, 0x0)
   kworker/u33:1-57411   [001] d.... 11183.939361: i915_reg_rw: write reg=0x701a0, len=4, val=(0xff000000, 0x0)
   kworker/u33:1-57411   [001] d.... 11183.939361: i915_reg_rw: write reg=0x701a4, len=4, val=(0x0, 0x0)
   kworker/u33:1-57411   [001] d.... 11183.939361: i915_reg_rw: write reg=0x701c0, len=4, val=(0x0, 0x0)
   kworker/u33:1-57411   [001] d.... 11183.939361: i915_reg_rw: write reg=0x701c4, len=4, val=(0x0, 0x0)
   kworker/u33:1-57411   [001] d.... 11183.939362: i915_reg_rw: write reg=0x70180, len=4, val=(0xc2042400, 0x0)
   kworker/u33:1-57411   [001] d.... 11183.939362: i915_reg_rw: write reg=0x7019c, len=4, val=(0x1c00000, 0x0)
   kworker/u33:1-57411   [001] d.... 11183.939363: intel_scaler_disable_arm: dev 0000:00:02.0, pipe A, scaler 0, frame=671607, scanline=655
   kworker/u33:1-57411   [001] d..2. 11183.939363: i915_reg_rw: read reg=0x70040, len=4, val=(0xa3f77, 0x0)
   kworker/u33:1-57411   [001] d..3. 11183.939363: i915_reg_rw: read reg=0x70000, len=4, val=(0x28e, 0x0)
   kworker/u33:1-57411   [001] d.... 11183.939363: i915_reg_rw: write reg=0x68180, len=4, val=(0x0, 0x0)
   kworker/u33:1-57411   [001] d.... 11183.939364: i915_reg_rw: write reg=0x68170, len=4, val=(0x0, 0x0)
   kworker/u33:1-57411   [001] d.... 11183.939364: i915_reg_rw: write reg=0x68174, len=4, val=(0x0, 0x0)
   kworker/u33:1-57411   [001] d.... 11183.939364: intel_scaler_disable_arm: dev 0000:00:02.0, pipe A, scaler 1, frame=671607, scanline=655
   kworker/u33:1-57411   [001] d..2. 11183.939364: i915_reg_rw: read reg=0x70040, len=4, val=(0xa3f77, 0x0)
   kworker/u33:1-57411   [001] d..3. 11183.939365: i915_reg_rw: read reg=0x70000, len=4, val=(0x28e, 0x0)
   kworker/u33:1-57411   [001] d.... 11183.939365: i915_reg_rw: write reg=0x68280, len=4, val=(0x0, 0x0)
   kworker/u33:1-57411   [001] d.... 11183.939365: i915_reg_rw: write reg=0x68270, len=4, val=(0x0, 0x0)
   kworker/u33:1-57411   [001] d.... 11183.939365: i915_reg_rw: write reg=0x68274, len=4, val=(0x0, 0x0)
   kworker/u33:1-57411   [001] d..1. 11183.939366: i915_reg_rw: read reg=0x70000, len=4, val=(0x28e, 0x0)
   kworker/u33:1-57411   [001] d.... 11183.939367: i915_reg_rw: read reg=0x70040, len=4, val=(0xa3f77, 0x0)
   kworker/u33:1-57411   [001] d.... 11183.939367: intel_pipe_update_end: dev 0000:00:02.0, pipe A, frame=671607, scanline=655
   kworker/u33:1-57411   [001] d..2. 11183.939368: i915_reg_rw: read reg=0x70040, len=4, val=(0xa3f77, 0x0)
   kworker/u33:1-57411   [001] d..3. 11183.939368: i915_reg_rw: read reg=0x70000, len=4, val=(0x28e, 0x0)
   kworker/u33:1-57411   [001] d..2. 11183.939369: i915_reg_rw: read reg=0x70040, len=4, val=(0xa3f77, 0x0)
     ksoftirqd/7-60      [007] d.H2. 11183.941454: i915_reg_rw: write reg=0x20a8, len=4, val=(0xfffff6f6, 0x0)
          bobide-73329   [007] ..... 11183.941933: i915_request_queue: dev=1, engine=0:0, ctx=127, seqno=108104, flags=0x0
          bobide-73329   [007] ..... 11183.941934: i915_request_add: dev=1, engine=0:0, ctx=127, seqno=108104, tail=1104
     kworker/7:0-83001   [007] ..... 11183.943107: i915_request_retire: dev=1, engine=0:0, ctx=5, seqno=714820, tail=1360
     kworker/7:0-83001   [007] ..... 11183.943136: i915_request_retire: dev=1, engine=0:0, ctx=127, seqno=108104, tail=5336
          <idle>-0       [007] d.h1. 11183.945617: i915_reg_rw: read reg=0x44408, len=4, val=(0x1, 0x0)
          <idle>-0       [007] d.h1. 11183.945619: i915_reg_rw: write reg=0x44408, len=4, val=(0x1, 0x0)
          <idle>-0       [007] d.h3. 11183.945622: i915_reg_rw: read reg=0x70040, len=4, val=(0xa3f78, 0x0)
          <idle>-0       [007] d.h4. 11183.945623: i915_reg_rw: read reg=0x70000, len=4, val=(0x437, 0x0)
          <idle>-0       [007] d.h3. 11183.945624: i915_reg_rw: read reg=0x70040, len=4, val=(0xa3f78, 0x0)
   kworker/u33:1-57411   [007] ..... 11183.945673: intel_frontbuffer_flush: dev 0000:00:02.0, frontbuffer_bits=0x00000001, origin=2
     kworker/7:0-83001   [007] ..... 11183.946697: i915_request_retire: dev=1, engine=0:0, ctx=5, seqno=714821, tail=1496
     kworker/7:0-83001   [007] d.h3. 11183.946701: i915_reg_rw: write reg=0x20a8, len=4, val=(0xfffff6f7, 0x0)
     kworker/7:0-83001   [007] ..... 11183.946721: i915_reg_rw: read reg=0x8504, len=4, val=(0xfc004c3, 0x0)
          bobide-73329   [003] ..... 11183.947715: i915_gem_object_create: obj=00000000dea8d99b, size=0x200000
     gnome-shell-14986   [000] ..... 11183.948582: i915_gem_object_create: obj=0000000092ecfbe4, size=0x40000
     gnome-shell-14986   [000] ..... 11183.949043: i915_gem_object_create: obj=0000000079dff28f, size=0x40000
          bobide-73329   [003] ..... 11183.949084: i915_gem_object_create: obj=00000000af6aabff, size=0x8000
          bobide-73329   [003] ..... 11183.949167: i915_gem_object_create: obj=000000001c38a1f6, size=0x1000
   kworker/u32:0-81701   [007] ..... 11183.949310: i915_gem_object_destroy: obj=0000000092ecfbe4
          bobide-73329   [003] ..... 11183.949630: i915_gem_object_create: obj=000000007d80dfa4, size=0x200000
          bobide-73329   [003] ..... 11183.950895: i915_vma_bind: obj=00000000af6aabff, offset=0x0000fffefff84000 size=0x8000 vm=00000000ca5145b8
   kworker/u32:0-81701   [007] ..... 11183.950914: i915_gem_object_destroy: obj=00000000898229a2
   kworker/u32:0-81701   [007] ..... 11183.950916: i915_gem_object_destroy: obj=00000000613eb6f5
   kworker/u32:0-81701   [007] ..... 11183.950918: i915_gem_object_destroy: obj=0000000041fe3dc1
   kworker/u32:0-81701   [007] ..... 11183.950919: i915_gem_object_destroy: obj=0000000026c8a4a2
   kworker/u32:0-81701   [007] ..... 11183.950920: i915_gem_object_destroy: obj=0000000003150feb
          bobide-73329   [003] ..... 11183.950920: i915_vma_bind: obj=000000001c38a1f6, offset=0x0000fffefff83000 size=0x1000 vm=00000000ca5145b8
   kworker/u32:0-81701   [007] ..... 11183.950921: i915_gem_object_destroy: obj=000000006d2440a9
   kworker/u32:0-81701   [007] ..... 11183.950923: i915_gem_object_destroy: obj=000000009cd42389
   kworker/u32:0-81701   [007] ..... 11183.950925: i915_gem_object_destroy: obj=00000000f4978ab4
   kworker/u32:0-81701   [007] ..... 11183.950926: i915_gem_object_destroy: obj=0000000010cb44be
   kworker/u32:0-81701   [007] ..... 11183.950927: i915_gem_object_destroy: obj=0000000041f1fbab
   kworker/u32:0-81701   [007] ..... 11183.950928: i915_gem_object_destroy: obj=000000007cc115ea
   kworker/u32:0-81701   [007] ..... 11183.950930: i915_gem_object_destroy: obj=00000000d065ae7a
          bobide-73329   [003] ..... 11183.950936: i915_vma_bind: obj=00000000dea8d99b, offset=0x0000fffefd000000 size=0x200000 vm=00000000ca5145b8
   kworker/u32:0-81701   [007] ..... 11183.950946: i915_gem_object_destroy: obj=00000000fa3b7c77
   kworker/u32:0-81701   [007] ..... 11183.950947: i915_gem_object_destroy: obj=00000000c9ee8ac9
   kworker/u32:0-81701   [007] ..... 11183.950948: i915_gem_object_destroy: obj=00000000aec68dc2
   kworker/u32:0-81701   [007] ..... 11183.950950: i915_gem_object_destroy: obj=0000000088878129
   kworker/u32:0-81701   [007] ..... 11183.950951: i915_gem_object_destroy: obj=00000000e47fe0ef
          bobide-73329   [003] ..... 11183.950957: i915_vma_bind: obj=000000007d80dfa4, offset=0x0000fffefce00000 size=0x200000 vm=00000000ca5145b8
   kworker/u32:0-81701   [007] ..... 11183.950965: i915_gem_object_destroy: obj=0000000009e94c77
   kworker/u32:0-81701   [007] ..... 11183.950966: i915_gem_object_destroy: obj=00000000f70fed42
   kworker/u32:0-81701   [007] ..... 11183.950967: i915_gem_object_destroy: obj=000000003c4c67fe
   kworker/u32:0-81701   [007] ..... 11183.950968: i915_gem_object_destroy: obj=0000000096d17a36
   kworker/u32:0-81701   [007] ..... 11183.950969: i915_gem_object_destroy: obj=00000000202e393f
          bobide-73329   [003] ..... 11183.951004: i915_request_queue: dev=1, engine=0:0, ctx=127, seqno=108106, flags=0x0
          bobide-73329   [003] ..... 11183.951005: i915_request_add: dev=1, engine=0:0, ctx=127, seqno=108106, tail=4600
     gnome-shell-14986   [000] ..... 11183.955447: i915_request_queue: dev=1, engine=0:0, ctx=30, seqno=1685322, flags=0x0
     gnome-shell-14986   [000] ..... 11183.955449: i915_request_add: dev=1, engine=0:0, ctx=30, seqno=1685322, tail=12144
     gnome-shell-14986   [000] ..... 11183.955524: i915_request_queue: dev=1, engine=0:0, ctx=30, seqno=1685324, flags=0x0
     gnome-shell-14986   [000] ..... 11183.955524: i915_request_add: dev=1, engine=0:0, ctx=30, seqno=1685324, tail=1104
     kworker/0:1-11      [000] ..... 11183.955540: i915_request_retire: dev=1, engine=0:0, ctx=127, seqno=108106, tail=5520
      KMS thread-15056   [003] ..... 11183.955924: i915_vma_bind: obj=0000000079dff28f, offset=0x0000000002ec0000 size=0x1c0000 vm=000000006079050a
      KMS thread-15056   [003] ..... 11183.955929: i915_gem_object_clflush: obj=0000000079dff28f
   kworker/u32:0-81701   [007] ..... 11183.955963: intel_frontbuffer_flush: dev 0000:00:02.0, frontbuffer_bits=0x00000080, origin=0
   kworker/u33:1-57411   [001] d.h3. 11183.955971: i915_reg_rw: write reg=0x20a8, len=4, val=(0xfffff6f6, 0x0)
   kworker/u33:1-57411   [001] ..... 11183.955980: i915_request_wait_begin: dev=1, engine=0:0, ctx=30, seqno=1685322, flags=0x2
          <idle>-0       [007] d.H3. 11183.956104: i915_reg_rw: write reg=0x20a8, len=4, val=(0xfffff6f7, 0x0)
   kworker/u33:1-57411   [001] ..... 11183.956107: i915_request_wait_end: dev=1, engine=0:0, ctx=30, seqno=1685322, tail=1656
     kworker/7:0-83001   [007] ..... 11183.956114: i915_request_retire: dev=1, engine=0:0, ctx=30, seqno=1685322, tail=1656
     kworker/7:0-83001   [007] ..... 11183.956115: i915_request_retire: dev=1, engine=0:0, ctx=30, seqno=1685324, tail=1840
   kworker/u33:1-57411   [001] ..... 11183.956120: intel_plane_update_noarm: dev 0000:00:02.0, pipe A, plane 1A, frame=671608, scanline=662, format=XR30 little-endian (0x30335258), 1920.000000x1080.000000+0.000000+0.000000 -> 1920x1080+0+0
   kworker/u33:1-57411   [001] ...2. 11183.956122: i915_reg_rw: read reg=0x70040, len=4, val=(0xa3f78, 0x0)
   kworker/u33:1-57411   [001] d..3. 11183.956123: i915_reg_rw: read reg=0x70000, len=4, val=(0x295, 0x0)
   kworker/u33:1-57411   [001] ..... 11183.956124: i915_reg_rw: write reg=0x70188, len=4, val=(0xf, 0x0)
   kworker/u33:1-57411   [001] ..... 11183.956124: i915_reg_rw: write reg=0x7018c, len=4, val=(0x0, 0x0)
   kworker/u33:1-57411   [001] ..... 11183.956125: i915_reg_rw: write reg=0x70190, len=4, val=(0x437077f, 0x0)
   kworker/u33:1-57411   [001] ..... 11183.956125: i915_reg_rw: write reg=0x70240, len=4, val=(0x80000016, 0x0)
   kworker/u33:1-57411   [001] ..... 11183.956126: i915_reg_rw: write reg=0x70244, len=4, val=(0x8000c02b, 0x0)
   kworker/u33:1-57411   [001] ..... 11183.956126: i915_reg_rw: write reg=0x70248, len=4, val=(0x8000c02f, 0x0)
   kworker/u33:1-57411   [001] ..... 11183.956126: i915_reg_rw: write reg=0x7024c, len=4, val=(0x8001003b, 0x0)
   kworker/u33:1-57411   [001] ..... 11183.956127: i915_reg_rw: write reg=0x70250, len=4, val=(0x8001805c, 0x0)
   kworker/u33:1-57411   [001] ..... 11183.956127: i915_reg_rw: write reg=0x70254, len=4, val=(0x8001c06b, 0x0)
   kworker/u33:1-57411   [001] ..... 11183.956127: i915_reg_rw: write reg=0x70258, len=4, val=(0x8001c06b, 0x0)
   kworker/u33:1-57411   [001] ..... 11183.956128: i915_reg_rw: write reg=0x7025c, len=4, val=(0x8002007a, 0x0)
   kworker/u33:1-57411   [001] ..... 11183.956128: i915_reg_rw: write reg=0x70268, len=4, val=(0x0, 0x0)
   kworker/u33:1-57411   [001] ..... 11183.956128: i915_reg_rw: write reg=0x7027c, len=4, val=(0x35b0000, 0x0)
   kworker/u33:1-57411   [001] ..... 11183.956128: i915_reg_rw: write reg=0x70278, len=4, val=(0x0, 0x0)
   kworker/u33:1-57411   [001] ..... 11183.956129: intel_plane_update_noarm: dev 0000:00:02.0, pipe A, cursor A, frame=671608, scanline=662, format=AR24 little-endian (0x34325241), 256.000000x256.000000+0.000000+0.000000 -> 256x256+1616+255
   kworker/u33:1-57411   [001] ...2. 11183.956129: i915_reg_rw: read reg=0x70040, len=4, val=(0xa3f78, 0x0)
   kworker/u33:1-57411   [001] d..3. 11183.956129: i915_reg_rw: read reg=0x70000, len=4, val=(0x295, 0x0)
   kworker/u33:1-57411   [001] d.... 11183.956131: intel_pipe_update_start: dev 0000:00:02.0, pipe A, frame=671608, scanline=662, min=1073, max=1079
   kworker/u33:1-57411   [001] d..2. 11183.956132: i915_reg_rw: read reg=0x70040, len=4, val=(0xa3f78, 0x0)
   kworker/u33:1-57411   [001] d..3. 11183.956132: i915_reg_rw: read reg=0x70000, len=4, val=(0x295, 0x0)
   kworker/u33:1-57411   [001] d..1. 11183.956132: i915_reg_rw: read reg=0x70000, len=4, val=(0x295, 0x0)
   kworker/u33:1-57411   [001] d.... 11183.956133: i915_reg_rw: read reg=0x70040, len=4, val=(0xa3f78, 0x0)
   kworker/u33:1-57411   [001] d.... 11183.956133: intel_pipe_update_vblank_evaded: dev 0000:00:02.0, pipe A, frame=671608, scanline=662, min=1073, max=1079
   kworker/u33:1-57411   [001] d.... 11183.956134: i915_reg_rw: write reg=0x70030, len=4, val=(0x50, 0x0)
   kworker/u33:1-57411   [001] d.... 11183.956135: intel_plane_update_arm: dev 0000:00:02.0, pipe A, plane 1A, frame=671608, scanline=662, format=XR30 little-endian (0x30335258), 1920.000000x1080.000000+0.000000+0.000000 -> 1920x1080+0+0
   kworker/u33:1-57411   [001] d..2. 11183.956135: i915_reg_rw: read reg=0x70040, len=4, val=(0xa3f78, 0x0)
   kworker/u33:1-57411   [001] d..3. 11183.956136: i915_reg_rw: read reg=0x70000, len=4, val=(0x295, 0x0)
   kworker/u33:1-57411   [001] d.... 11183.956136: i915_reg_rw: write reg=0x70194, len=4, val=(0x0, 0x0)
   kworker/u33:1-57411   [001] d.... 11183.956136: i915_reg_rw: write reg=0x70198, len=4, val=(0x0, 0x0)
   kworker/u33:1-57411   [001] d.... 11183.956137: i915_reg_rw: write reg=0x701a0, len=4, val=(0xff000000, 0x0)
   kworker/u33:1-57411   [001] d.... 11183.956137: i915_reg_rw: write reg=0x701a4, len=4, val=(0x0, 0x0)
   kworker/u33:1-57411   [001] d.... 11183.956138: i915_reg_rw: write reg=0x701c0, len=4, val=(0x0, 0x0)
   kworker/u33:1-57411   [001] d.... 11183.956138: i915_reg_rw: write reg=0x701c4, len=4, val=(0x0, 0x0)
   kworker/u33:1-57411   [001] d.... 11183.956138: i915_reg_rw: write reg=0x70180, len=4, val=(0xc2042400, 0x0)
   kworker/u33:1-57411   [001] d.... 11183.956138: i915_reg_rw: write reg=0x7019c, len=4, val=(0x25c0000, 0x0)
   kworker/u33:1-57411   [001] d.... 11183.956139: intel_plane_update_arm: dev 0000:00:02.0, pipe A, cursor A, frame=671608, scanline=663, format=AR24 little-endian (0x34325241), 256.000000x256.000000+0.000000+0.000000 -> 256x256+1616+255
   kworker/u33:1-57411   [001] d..2. 11183.956139: i915_reg_rw: read reg=0x70040, len=4, val=(0xa3f78, 0x0)
   kworker/u33:1-57411   [001] d..3. 11183.956139: i915_reg_rw: read reg=0x70000, len=4, val=(0x296, 0x0)
   kworker/u33:1-57411   [001] d.... 11183.956140: i915_reg_rw: write reg=0x70140, len=4, val=(0x80000004, 0x0)
   kworker/u33:1-57411   [001] d.... 11183.956140: i915_reg_rw: write reg=0x70144, len=4, val=(0x80008008, 0x0)
   kworker/u33:1-57411   [001] d.... 11183.956141: i915_reg_rw: write reg=0x70148, len=4, val=(0x80008008, 0x0)
   kworker/u33:1-57411   [001] d.... 11183.956141: i915_reg_rw: write reg=0x7014c, len=4, val=(0x8000c00b, 0x0)
   kworker/u33:1-57411   [001] d.... 11183.956141: i915_reg_rw: write reg=0x70150, len=4, val=(0x80014011, 0x0)
   kworker/u33:1-57411   [001] d.... 11183.956142: i915_reg_rw: write reg=0x70154, len=4, val=(0x80018014, 0x0)
   kworker/u33:1-57411   [001] d.... 11183.956142: i915_reg_rw: write reg=0x70158, len=4, val=(0x80018014, 0x0)
   kworker/u33:1-57411   [001] d.... 11183.956142: i915_reg_rw: write reg=0x7015c, len=4, val=(0x8001c017, 0x0)
   kworker/u33:1-57411   [001] d.... 11183.956143: i915_reg_rw: write reg=0x70168, len=4, val=(0x0, 0x0)
   kworker/u33:1-57411   [001] d.... 11183.956143: i915_reg_rw: write reg=0x7017c, len=4, val=(0x37b035c, 0x0)
   kworker/u33:1-57411   [001] d.... 11183.956143: i915_reg_rw: write reg=0x700a0, len=4, val=(0x0, 0x0)
   kworker/u33:1-57411   [001] d.... 11183.956143: i915_reg_rw: write reg=0x70080, len=4, val=(0x4000023, 0x0)
   kworker/u33:1-57411   [001] d.... 11183.956144: i915_reg_rw: write reg=0x70088, len=4, val=(0xff0650, 0x0)
   kworker/u33:1-57411   [001] d.... 11183.956144: i915_reg_rw: write reg=0x70084, len=4, val=(0x2f80000, 0x0)
   kworker/u33:1-57411   [001] d.... 11183.956145: intel_scaler_disable_arm: dev 0000:00:02.0, pipe A, scaler 0, frame=671608, scanline=663
   kworker/u33:1-57411   [001] d..2. 11183.956145: i915_reg_rw: read reg=0x70040, len=4, val=(0xa3f78, 0x0)
   kworker/u33:1-57411   [001] d..3. 11183.956145: i915_reg_rw: read reg=0x70000, len=4, val=(0x296, 0x0)
   kworker/u33:1-57411   [001] d.... 11183.956146: i915_reg_rw: write reg=0x68180, len=4, val=(0x0, 0x0)
   kworker/u33:1-57411   [001] d.... 11183.956146: i915_reg_rw: write reg=0x68170, len=4, val=(0x0, 0x0)
   kworker/u33:1-57411   [001] d.... 11183.956146: i915_reg_rw: write reg=0x68174, len=4, val=(0x0, 0x0)
   kworker/u33:1-57411   [001] d.... 11183.956146: intel_scaler_disable_arm: dev 0000:00:02.0, pipe A, scaler 1, frame=671608, scanline=663
   kworker/u33:1-57411   [001] d..2. 11183.956147: i915_reg_rw: read reg=0x70040, len=4, val=(0xa3f78, 0x0)
   kworker/u33:1-57411   [001] d..3. 11183.956147: i915_reg_rw: read reg=0x70000, len=4, val=(0x296, 0x0)
   kworker/u33:1-57411   [001] d.... 11183.956147: i915_reg_rw: write reg=0x68280, len=4, val=(0x0, 0x0)
   kworker/u33:1-57411   [001] d.... 11183.956148: i915_reg_rw: write reg=0x68270, len=4, val=(0x0, 0x0)
   kworker/u33:1-57411   [001] d.... 11183.956148: i915_reg_rw: write reg=0x68274, len=4, val=(0x0, 0x0)
   kworker/u33:1-57411   [001] d..1. 11183.956148: i915_reg_rw: read reg=0x70000, len=4, val=(0x296, 0x0)
   kworker/u33:1-57411   [001] d.... 11183.956149: i915_reg_rw: read reg=0x70040, len=4, val=(0xa3f78, 0x0)
   kworker/u33:1-57411   [001] d.... 11183.956149: intel_pipe_update_end: dev 0000:00:02.0, pipe A, frame=671608, scanline=663
   kworker/u33:1-57411   [001] d..2. 11183.956150: i915_reg_rw: read reg=0x70040, len=4, val=(0xa3f78, 0x0)
   kworker/u33:1-57411   [001] d..3. 11183.956151: i915_reg_rw: read reg=0x70000, len=4, val=(0x296, 0x0)
   kworker/u33:1-57411   [001] d..2. 11183.956151: i915_reg_rw: read reg=0x70040, len=4, val=(0xa3f78, 0x0)
     ksoftirqd/7-60      [007] d.H2. 11183.958445: i915_reg_rw: write reg=0x20a8, len=4, val=(0xfffff6f6, 0x0)
     kworker/7:0-83001   [007] ..... 11183.958642: i915_request_retire: dev=1, engine=0:0, ctx=5, seqno=714822, tail=1632
     kworker/7:0-83001   [007] d.h3. 11183.958644: i915_reg_rw: write reg=0x20a8, len=4, val=(0xfffff6f7, 0x0)
     kworker/7:0-83001   [007] ..... 11183.958652: i915_reg_rw: read reg=0x8504, len=4, val=(0xfc004c3, 0x0)
 ThreadPoolForeg-73390   [007] d.h.. 11183.962283: i915_reg_rw: read reg=0x44408, len=4, val=(0x1, 0x0)
 ThreadPoolForeg-73390   [007] d.h.. 11183.962284: i915_reg_rw: write reg=0x44408, len=4, val=(0x1, 0x0)
 ThreadPoolForeg-73390   [007] d.h2. 11183.962287: i915_reg_rw: read reg=0x70040, len=4, val=(0xa3f79, 0x0)
 ThreadPoolForeg-73390   [007] d.h3. 11183.962289: i915_reg_rw: read reg=0x70000, len=4, val=(0x437, 0x0)
 ThreadPoolForeg-73390   [007] d.h2. 11183.962290: i915_reg_rw: read reg=0x70040, len=4, val=(0xa3f79, 0x0)
   kworker/u33:1-57411   [001] ..... 11183.963444: intel_frontbuffer_flush: dev 0000:00:02.0, frontbuffer_bits=0x00000081, origin=2
   kworker/u32:0-81701   [007] ..... 11183.963496: i915_vma_unbind: obj=0000000095490066, offset=0x0000000003080000 size=0x1c0000 vm=000000006079050a
   kworker/u32:0-81701   [007] ..... 11183.963531: i915_gem_object_destroy: obj=0000000095490066
          bobide-73329   [003] ..... 11183.965953: i915_request_queue: dev=1, engine=0:0, ctx=127, seqno=108108, flags=0x0
          bobide-73329   [003] ..... 11183.965956: i915_request_add: dev=1, engine=0:0, ctx=127, seqno=108108, tail=12512
     kworker/7:0-83001   [007] ..... 11183.971443: i915_request_retire: dev=1, engine=0:0, ctx=127, seqno=108108, tail=5704
     gnome-shell-14986   [000] ..... 11183.972104: i915_request_queue: dev=1, engine=0:0, ctx=30, seqno=1685326, flags=0x0
     gnome-shell-14986   [000] ..... 11183.972106: i915_request_add: dev=1, engine=0:0, ctx=30, seqno=1685326, tail=11776
     gnome-shell-14986   [000] ..... 11183.972260: i915_request_queue: dev=1, engine=0:0, ctx=30, seqno=1685328, flags=0x0
     gnome-shell-14986   [000] ..... 11183.972261: i915_request_add: dev=1, engine=0:0, ctx=30, seqno=1685328, tail=1472
   kworker/u33:1-57411   [001] d.h3. 11183.972730: i915_reg_rw: write reg=0x20a8, len=4, val=(0xfffff6f6, 0x0)
   kworker/u33:1-57411   [001] ..... 11183.972743: i915_request_wait_begin: dev=1, engine=0:0, ctx=30, seqno=1685326, flags=0x2
 ThreadPoolForeg-73390   [007] d.h2. 11183.972858: i915_reg_rw: write reg=0x20a8, len=4, val=(0xfffff6f7, 0x0)
   kworker/u33:1-57411   [001] ..... 11183.972859: i915_request_wait_end: dev=1, engine=0:0, ctx=30, seqno=1685326, tail=2024
   kworker/u33:1-57411   [001] ..... 11183.972877: intel_plane_update_noarm: dev 0000:00:02.0, pipe A, plane 1A, frame=671609, scanline=668, format=XR30 little-endian (0x30335258), 1920.000000x1080.000000+0.000000+0.000000 -> 1920x1080+0+0
   kworker/u33:1-57411   [001] ...2. 11183.972879: i915_reg_rw: read reg=0x70040, len=4, val=(0xa3f79, 0x0)
   kworker/u33:1-57411   [001] d..3. 11183.972880: i915_reg_rw: read reg=0x70000, len=4, val=(0x29b, 0x0)
   kworker/u33:1-57411   [001] ..... 11183.972881: i915_reg_rw: write reg=0x70188, len=4, val=(0xf, 0x0)
   kworker/u33:1-57411   [001] ..... 11183.972881: i915_reg_rw: write reg=0x7018c, len=4, val=(0x0, 0x0)
   kworker/u33:1-57411   [001] ..... 11183.972882: i915_reg_rw: write reg=0x70190, len=4, val=(0x437077f, 0x0)
   kworker/u33:1-57411   [001] ..... 11183.972882: i915_reg_rw: write reg=0x70240, len=4, val=(0x80000016, 0x0)
   kworker/u33:1-57411   [001] ..... 11183.972883: i915_reg_rw: write reg=0x70244, len=4, val=(0x8000c02b, 0x0)
   kworker/u33:1-57411   [001] ..... 11183.972883: i915_reg_rw: write reg=0x70248, len=4, val=(0x8000c02f, 0x0)
   kworker/u33:1-57411   [001] ..... 11183.972884: i915_reg_rw: write reg=0x7024c, len=4, val=(0x8001003b, 0x0)
   kworker/u33:1-57411   [001] ..... 11183.972884: i915_reg_rw: write reg=0x70250, len=4, val=(0x8001805c, 0x0)
   kworker/u33:1-57411   [001] ..... 11183.972884: i915_reg_rw: write reg=0x70254, len=4, val=(0x8001c06b, 0x0)
   kworker/u33:1-57411   [001] ..... 11183.972885: i915_reg_rw: write reg=0x70258, len=4, val=(0x8001c06b, 0x0)
   kworker/u33:1-57411   [001] ..... 11183.972885: i915_reg_rw: write reg=0x7025c, len=4, val=(0x8002007a, 0x0)
   kworker/u33:1-57411   [001] ..... 11183.972886: i915_reg_rw: write reg=0x70268, len=4, val=(0x0, 0x0)
   kworker/u33:1-57411   [001] ..... 11183.972886: i915_reg_rw: write reg=0x7027c, len=4, val=(0x35b0000, 0x0)
   kworker/u33:1-57411   [001] ..... 11183.972887: i915_reg_rw: write reg=0x70278, len=4, val=(0x0, 0x0)
   kworker/u33:1-57411   [001] d.... 11183.972889: intel_pipe_update_start: dev 0000:00:02.0, pipe A, frame=671609, scanline=669, min=1073, max=1079
   kworker/u33:1-57411   [001] d..2. 11183.972890: i915_reg_rw: read reg=0x70040, len=4, val=(0xa3f79, 0x0)
   kworker/u33:1-57411   [001] d..3. 11183.972891: i915_reg_rw: read reg=0x70000, len=4, val=(0x29c, 0x0)
   kworker/u33:1-57411   [001] d..1. 11183.972891: i915_reg_rw: read reg=0x70000, len=4, val=(0x29c, 0x0)
   kworker/u33:1-57411   [001] d.... 11183.972892: i915_reg_rw: read reg=0x70040, len=4, val=(0xa3f79, 0x0)
   kworker/u33:1-57411   [001] d.... 11183.972893: intel_pipe_update_vblank_evaded: dev 0000:00:02.0, pipe A, frame=671609, scanline=669, min=1073, max=1079
     kworker/7:0-83001   [007] ..... 11183.972894: i915_request_retire: dev=1, engine=0:0, ctx=30, seqno=1685326, tail=2024
   kworker/u33:1-57411   [001] d.... 11183.972894: i915_reg_rw: write reg=0x70030, len=4, val=(0x50, 0x0)
     kworker/7:0-83001   [007] ..... 11183.972895: i915_request_retire: dev=1, engine=0:0, ctx=30, seqno=1685328, tail=2208
   kworker/u33:1-57411   [001] d.... 11183.972896: intel_plane_update_arm: dev 0000:00:02.0, pipe A, plane 1A, frame=671609, scanline=669, format=XR30 little-endian (0x30335258), 1920.000000x1080.000000+0.000000+0.000000 -> 1920x1080+0+0
   kworker/u33:1-57411   [001] d..2. 11183.972896: i915_reg_rw: read reg=0x70040, len=4, val=(0xa3f79, 0x0)
   kworker/u33:1-57411   [001] d..3. 11183.972897: i915_reg_rw: read reg=0x70000, len=4, val=(0x29c, 0x0)
   kworker/u33:1-57411   [001] d.... 11183.972898: i915_reg_rw: write reg=0x70194, len=4, val=(0x0, 0x0)
   kworker/u33:1-57411   [001] d.... 11183.972898: i915_reg_rw: write reg=0x70198, len=4, val=(0x0, 0x0)
   kworker/u33:1-57411   [001] d.... 11183.972898: i915_reg_rw: write reg=0x701a0, len=4, val=(0xff000000, 0x0)
   kworker/u33:1-57411   [001] d.... 11183.972899: i915_reg_rw: write reg=0x701a4, len=4, val=(0x0, 0x0)
   kworker/u33:1-57411   [001] d.... 11183.972899: i915_reg_rw: write reg=0x701c0, len=4, val=(0x0, 0x0)
   kworker/u33:1-57411   [001] d.... 11183.972900: i915_reg_rw: write reg=0x701c4, len=4, val=(0x0, 0x0)
   kworker/u33:1-57411   [001] d.... 11183.972900: i915_reg_rw: write reg=0x70180, len=4, val=(0xc2042400, 0x0)
   kworker/u33:1-57411   [001] d.... 11183.972901: i915_reg_rw: write reg=0x7019c, len=4, val=(0x3300000, 0x0)
   kworker/u33:1-57411   [001] d.... 11183.972901: intel_scaler_disable_arm: dev 0000:00:02.0, pipe A, scaler 0, frame=671609, scanline=669
   kworker/u33:1-57411   [001] d..2. 11183.972902: i915_reg_rw: read reg=0x70040, len=4, val=(0xa3f79, 0x0)
   kworker/u33:1-57411   [001] d..3. 11183.972903: i915_reg_rw: read reg=0x70000, len=4, val=(0x29c, 0x0)
   kworker/u33:1-57411   [001] d.... 11183.972903: i915_reg_rw: write reg=0x68180, len=4, val=(0x0, 0x0)
   kworker/u33:1-57411   [001] d.... 11183.972904: i915_reg_rw: write reg=0x68170, len=4, val=(0x0, 0x0)
   kworker/u33:1-57411   [001] d.... 11183.972904: i915_reg_rw: write reg=0x68174, len=4, val=(0x0, 0x0)
   kworker/u33:1-57411   [001] d.... 11183.972905: intel_scaler_disable_arm: dev 0000:00:02.0, pipe A, scaler 1, frame=671609, scanline=670
   kworker/u33:1-57411   [001] d..2. 11183.972905: i915_reg_rw: read reg=0x70040, len=4, val=(0xa3f79, 0x0)
   kworker/u33:1-57411   [001] d..3. 11183.972906: i915_reg_rw: read reg=0x70000, len=4, val=(0x29d, 0x0)
   kworker/u33:1-57411   [001] d.... 11183.972906: i915_reg_rw: write reg=0x68280, len=4, val=(0x0, 0x0)
   kworker/u33:1-57411   [001] d.... 11183.972906: i915_reg_rw: write reg=0x68270, len=4, val=(0x0, 0x0)
   kworker/u33:1-57411   [001] d.... 11183.972907: i915_reg_rw: write reg=0x68274, len=4, val=(0x0, 0x0)
   kworker/u33:1-57411   [001] d..1. 11183.972907: i915_reg_rw: read reg=0x70000, len=4, val=(0x29d, 0x0)
   kworker/u33:1-57411   [001] d.... 11183.972908: i915_reg_rw: read reg=0x70040, len=4, val=(0xa3f79, 0x0)
   kworker/u33:1-57411   [001] d.... 11183.972909: intel_pipe_update_end: dev 0000:00:02.0, pipe A, frame=671609, scanline=670
   kworker/u33:1-57411   [001] d..2. 11183.972910: i915_reg_rw: read reg=0x70040, len=4, val=(0xa3f79, 0x0)
   kworker/u33:1-57411   [001] d..3. 11183.972911: i915_reg_rw: read reg=0x70000, len=4, val=(0x29d, 0x0)
   kworker/u33:1-57411   [001] d..2. 11183.972912: i915_reg_rw: read reg=0x70040, len=4, val=(0xa3f79, 0x0)
     ksoftirqd/7-60      [007] d.H2. 11183.974507: i915_reg_rw: write reg=0x20a8, len=4, val=(0xfffff6f6, 0x0)
     kworker/7:0-83001   [007] ..... 11183.974605: i915_request_retire: dev=1, engine=0:0, ctx=5, seqno=714823, tail=1768
     kworker/7:0-83001   [007] d.h3. 11183.974609: i915_reg_rw: write reg=0x20a8, len=4, val=(0xfffff6f7, 0x0)
     kworker/7:0-83001   [007] ..... 11183.974630: i915_reg_rw: read reg=0x8504, len=4, val=(0xfc004c3, 0x0)
 ThreadPoolForeg-73390   [007] d.h.. 11183.978945: i915_reg_rw: read reg=0x44408, len=4, val=(0x1, 0x0)
 ThreadPoolForeg-73390   [007] d.h.. 11183.978946: i915_reg_rw: write reg=0x44408, len=4, val=(0x1, 0x0)
 ThreadPoolForeg-73390   [007] d.h2. 11183.978948: i915_reg_rw: read reg=0x70040, len=4, val=(0xa3f7a, 0x0)
 ThreadPoolForeg-73390   [007] d.h3. 11183.978949: i915_reg_rw: read reg=0x70000, len=4, val=(0x437, 0x0)
 ThreadPoolForeg-73390   [007] d.h2. 11183.978950: i915_reg_rw: read reg=0x70040, len=4, val=(0xa3f7a, 0x0)
   kworker/u33:1-57411   [001] ..... 11183.978996: intel_frontbuffer_flush: dev 0000:00:02.0, frontbuffer_bits=0x00000001, origin=2
          bobide-73329   [000] ..... 11183.981114: i915_request_queue: dev=1, engine=0:0, ctx=127, seqno=108110, flags=0x0
          bobide-73329   [000] ..... 11183.981116: i915_request_add: dev=1, engine=0:0, ctx=127, seqno=108110, tail=14168
          bobide-73329   [000] d.h3. 11183.984979: i915_reg_rw: write reg=0x20a8, len=4, val=(0xfffff6f6, 0x0)
     kworker/7:0-83001   [007] ..... 11183.985275: i915_request_retire: dev=1, engine=0:0, ctx=127, seqno=108110, tail=5888
     kworker/7:0-83001   [007] ..... 11183.987626: i915_request_retire: dev=1, engine=0:0, ctx=5, seqno=714824, tail=1904
     kworker/7:0-83001   [007] d.h3. 11183.987632: i915_reg_rw: write reg=0x20a8, len=4, val=(0xfffff6f7, 0x0)
     kworker/7:0-83001   [007] ..... 11183.987648: i915_reg_rw: read reg=0x8504, len=4, val=(0xfc004c3, 0x0)
     gnome-shell-14986   [000] ..... 11183.988788: i915_request_queue: dev=1, engine=0:0, ctx=30, seqno=1685330, flags=0x0
     gnome-shell-14986   [000] ..... 11183.988790: i915_request_add: dev=1, engine=0:0, ctx=30, seqno=1685330, tail=13984
     gnome-shell-14986   [000] ..... 11183.988844: i915_request_queue: dev=1, engine=0:0, ctx=30, seqno=1685332, flags=0x0
     gnome-shell-14986   [000] ..... 11183.988844: i915_request_add: dev=1, engine=0:0, ctx=30, seqno=1685332, tail=1840
   kworker/u33:1-57411   [001] d.h3. 11183.989242: i915_reg_rw: write reg=0x20a8, len=4, val=(0xfffff6f6, 0x0)
   kworker/u33:1-57411   [001] ..... 11183.989249: i915_request_wait_begin: dev=1, engine=0:0, ctx=30, seqno=1685330, flags=0x2
 ThreadPoolForeg-73390   [007] d.h2. 11183.991622: i915_reg_rw: write reg=0x20a8, len=4, val=(0xfffff6f7, 0x0)
   kworker/u33:1-57411   [001] ..... 11183.991625: i915_request_wait_end: dev=1, engine=0:0, ctx=30, seqno=1685330, tail=2392
   kworker/u33:1-57411   [001] ..... 11183.991642: intel_plane_update_noarm: dev 0000:00:02.0, pipe A, plane 1A, frame=671610, scanline=810, format=XR30 little-endian (0x30335258), 1920.000000x1080.000000+0.000000+0.000000 -> 1920x1080+0+0
   kworker/u33:1-57411   [001] ...2. 11183.991643: i915_reg_rw: read reg=0x70040, len=4, val=(0xa3f7a, 0x0)
   kworker/u33:1-57411   [001] d..3. 11183.991644: i915_reg_rw: read reg=0x70000, len=4, val=(0x329, 0x0)
   kworker/u33:1-57411   [001] ..... 11183.991646: i915_reg_rw: write reg=0x70188, len=4, val=(0xf, 0x0)
   kworker/u33:1-57411   [001] ..... 11183.991646: i915_reg_rw: write reg=0x7018c, len=4, val=(0x0, 0x0)
   kworker/u33:1-57411   [001] ..... 11183.991646: i915_reg_rw: write reg=0x70190, len=4, val=(0x437077f, 0x0)
   kworker/u33:1-57411   [001] ..... 11183.991647: i915_reg_rw: write reg=0x70240, len=4, val=(0x80000016, 0x0)
   kworker/u33:1-57411   [001] ..... 11183.991648: i915_reg_rw: write reg=0x70244, len=4, val=(0x8000c02b, 0x0)
   kworker/u33:1-57411   [001] ..... 11183.991648: i915_reg_rw: write reg=0x70248, len=4, val=(0x8000c02f, 0x0)
   kworker/u33:1-57411   [001] ..... 11183.991648: i915_reg_rw: write reg=0x7024c, len=4, val=(0x8001003b, 0x0)
   kworker/u33:1-57411   [001] ..... 11183.991649: i915_reg_rw: write reg=0x70250, len=4, val=(0x8001805c, 0x0)
   kworker/u33:1-57411   [001] ..... 11183.991649: i915_reg_rw: write reg=0x70254, len=4, val=(0x8001c06b, 0x0)
   kworker/u33:1-57411   [001] ..... 11183.991650: i915_reg_rw: write reg=0x70258, len=4, val=(0x8001c06b, 0x0)
   kworker/u33:1-57411   [001] ..... 11183.991650: i915_reg_rw: write reg=0x7025c, len=4, val=(0x8002007a, 0x0)
   kworker/u33:1-57411   [001] ..... 11183.991651: i915_reg_rw: write reg=0x70268, len=4, val=(0x0, 0x0)
   kworker/u33:1-57411   [001] ..... 11183.991651: i915_reg_rw: write reg=0x7027c, len=4, val=(0x35b0000, 0x0)
   kworker/u33:1-57411   [001] ..... 11183.991651: i915_reg_rw: write reg=0x70278, len=4, val=(0x0, 0x0)
     kworker/7:0-83001   [007] ..... 11183.991654: i915_request_retire: dev=1, engine=0:0, ctx=30, seqno=1685330, tail=2392
   kworker/u33:1-57411   [001] d.... 11183.991654: intel_pipe_update_start: dev 0000:00:02.0, pipe A, frame=671610, scanline=811, min=1073, max=1079
   kworker/u33:1-57411   [001] d..2. 11183.991655: i915_reg_rw: read reg=0x70040, len=4, val=(0xa3f7a, 0x0)
     kworker/7:0-83001   [007] ..... 11183.991655: i915_request_retire: dev=1, engine=0:0, ctx=30, seqno=1685332, tail=2576
   kworker/u33:1-57411   [001] d..3. 11183.991655: i915_reg_rw: read reg=0x70000, len=4, val=(0x32a, 0x0)
   kworker/u33:1-57411   [001] d..1. 11183.991656: i915_reg_rw: read reg=0x70000, len=4, val=(0x32a, 0x0)
   kworker/u33:1-57411   [001] d.... 11183.991657: i915_reg_rw: read reg=0x70040, len=4, val=(0xa3f7a, 0x0)
   kworker/u33:1-57411   [001] d.... 11183.991658: intel_pipe_update_vblank_evaded: dev 0000:00:02.0, pipe A, frame=671610, scanline=811, min=1073, max=1079
   kworker/u33:1-57411   [001] d.... 11183.991659: i915_reg_rw: write reg=0x70030, len=4, val=(0x50, 0x0)
   kworker/u33:1-57411   [001] d.... 11183.991660: intel_plane_update_arm: dev 0000:00:02.0, pipe A, plane 1A, frame=671610, scanline=812, format=XR30 little-endian (0x30335258), 1920.000000x1080.000000+0.000000+0.000000 -> 1920x1080+0+0
   kworker/u33:1-57411   [001] d..2. 11183.991661: i915_reg_rw: read reg=0x70040, len=4, val=(0xa3f7a, 0x0)
   kworker/u33:1-57411   [001] d..3. 11183.991661: i915_reg_rw: read reg=0x70000, len=4, val=(0x32b, 0x0)
   kworker/u33:1-57411   [001] d.... 11183.991662: i915_reg_rw: write reg=0x70194, len=4, val=(0x0, 0x0)
   kworker/u33:1-57411   [001] d.... 11183.991662: i915_reg_rw: write reg=0x70198, len=4, val=(0x0, 0x0)
   kworker/u33:1-57411   [001] d.... 11183.991663: i915_reg_rw: write reg=0x701a0, len=4, val=(0xff000000, 0x0)
   kworker/u33:1-57411   [001] d.... 11183.991663: i915_reg_rw: write reg=0x701a4, len=4, val=(0x0, 0x0)
   kworker/u33:1-57411   [001] d.... 11183.991664: i915_reg_rw: write reg=0x701c0, len=4, val=(0x0, 0x0)
   kworker/u33:1-57411   [001] d.... 11183.991664: i915_reg_rw: write reg=0x701c4, len=4, val=(0x0, 0x0)
   kworker/u33:1-57411   [001] d.... 11183.991665: i915_reg_rw: write reg=0x70180, len=4, val=(0xc2042400, 0x0)
   kworker/u33:1-57411   [001] d.... 11183.991665: i915_reg_rw: write reg=0x7019c, len=4, val=(0x1c00000, 0x0)
   kworker/u33:1-57411   [001] d.... 11183.991666: intel_scaler_disable_arm: dev 0000:00:02.0, pipe A, scaler 0, frame=671610, scanline=812
   kworker/u33:1-57411   [001] d..2. 11183.991666: i915_reg_rw: read reg=0x70040, len=4, val=(0xa3f7a, 0x0)
   kworker/u33:1-57411   [001] d..3. 11183.991667: i915_reg_rw: read reg=0x70000, len=4, val=(0x32b, 0x0)
   kworker/u33:1-57411   [001] d.... 11183.991667: i915_reg_rw: write reg=0x68180, len=4, val=(0x0, 0x0)
   kworker/u33:1-57411   [001] d.... 11183.991668: i915_reg_rw: write reg=0x68170, len=4, val=(0x0, 0x0)
   kworker/u33:1-57411   [001] d.... 11183.991668: i915_reg_rw: write reg=0x68174, len=4, val=(0x0, 0x0)
   kworker/u33:1-57411   [001] d.... 11183.991669: intel_scaler_disable_arm: dev 0000:00:02.0, pipe A, scaler 1, frame=671610, scanline=812
   kworker/u33:1-57411   [001] d..2. 11183.991669: i915_reg_rw: read reg=0x70040, len=4, val=(0xa3f7a, 0x0)
   kworker/u33:1-57411   [001] d..3. 11183.991669: i915_reg_rw: read reg=0x70000, len=4, val=(0x32b, 0x0)
   kworker/u33:1-57411   [001] d.... 11183.991670: i915_reg_rw: write reg=0x68280, len=4, val=(0x0, 0x0)
   kworker/u33:1-57411   [001] d.... 11183.991670: i915_reg_rw: write reg=0x68270, len=4, val=(0x0, 0x0)
   kworker/u33:1-57411   [001] d.... 11183.991671: i915_reg_rw: write reg=0x68274, len=4, val=(0x0, 0x0)
   kworker/u33:1-57411   [001] d..1. 11183.991671: i915_reg_rw: read reg=0x70000, len=4, val=(0x32b, 0x0)
   kworker/u33:1-57411   [001] d.... 11183.991672: i915_reg_rw: read reg=0x70040, len=4, val=(0xa3f7a, 0x0)
   kworker/u33:1-57411   [001] d.... 11183.991673: intel_pipe_update_end: dev 0000:00:02.0, pipe A, frame=671610, scanline=812
   kworker/u33:1-57411   [001] d..2. 11183.991674: i915_reg_rw: read reg=0x70040, len=4, val=(0xa3f7a, 0x0)
   kworker/u33:1-57411   [001] d..3. 11183.991675: i915_reg_rw: read reg=0x70000, len=4, val=(0x32c, 0x0)
   kworker/u33:1-57411   [001] d..2. 11183.991676: i915_reg_rw: read reg=0x70040, len=4, val=(0xa3f7a, 0x0)
     ksoftirqd/7-60      [007] d.H2. 11183.994449: i915_reg_rw: write reg=0x20a8, len=4, val=(0xfffff6f6, 0x0)
     kworker/7:0-83001   [007] ..... 11183.994608: i915_request_retire: dev=1, engine=0:0, ctx=5, seqno=714825, tail=2040
     kworker/7:0-83001   [007] d.h3. 11183.994611: i915_reg_rw: write reg=0x20a8, len=4, val=(0xfffff6f7, 0x0)
     kworker/7:0-83001   [007] ..... 11183.994635: i915_reg_rw: read reg=0x8504, len=4, val=(0xfc004c3, 0x0)
 ThreadPoolForeg-73390   [007] d.h.. 11183.995607: i915_reg_rw: read reg=0x44408, len=4, val=(0x1, 0x0)
 ThreadPoolForeg-73390   [007] d.h.. 11183.995607: i915_reg_rw: write reg=0x44408, len=4, val=(0x1, 0x0)
 ThreadPoolForeg-73390   [007] d.h2. 11183.995609: i915_reg_rw: read reg=0x70040, len=4, val=(0xa3f7b, 0x0)
 ThreadPoolForeg-73390   [007] d.h3. 11183.995610: i915_reg_rw: read reg=0x70000, len=4, val=(0x437, 0x0)
 ThreadPoolForeg-73390   [007] d.h2. 11183.995611: i915_reg_rw: read reg=0x70040, len=4, val=(0xa3f7b, 0x0)
   kworker/u33:1-57411   [001] ..... 11183.995648: intel_frontbuffer_flush: dev 0000:00:02.0, frontbuffer_bits=0x00000001, origin=2
          bobide-73329   [000] ..... 11183.997269: i915_request_queue: dev=1, engine=0:0, ctx=127, seqno=108112, flags=0x0
          bobide-73329   [000] ..... 11183.997272: i915_request_add: dev=1, engine=0:0, ctx=127, seqno=108112, tail=2576
          bobide-73329   [000] ..... 11183.997844: i915_request_queue: dev=1, engine=0:0, ctx=127, seqno=108114, flags=0x0
          bobide-73329   [000] ..... 11183.997846: i915_request_add: dev=1, engine=0:0, ctx=127, seqno=108114, tail=2760
     kworker/7:0-83001   [007] ..... 11184.001556: i915_request_retire: dev=1, engine=0:0, ctx=127, seqno=108112, tail=6072
     kworker/7:0-83001   [007] ..... 11184.001565: i915_request_retire: dev=1, engine=0:0, ctx=127, seqno=108114, tail=6256
     ksoftirqd/7-60      [007] d.H2. 11184.004450: i915_reg_rw: write reg=0x20a8, len=4, val=(0xfffff6f6, 0x0)
     kworker/7:0-83001   [007] ..... 11184.004609: i915_request_retire: dev=1, engine=0:0, ctx=5, seqno=714826, tail=2176
     kworker/7:0-83001   [007] d.h3. 11184.004613: i915_reg_rw: write reg=0x20a8, len=4, val=(0xfffff6f7, 0x0)
     kworker/7:0-83001   [007] ..... 11184.004636: i915_reg_rw: read reg=0x8504, len=4, val=(0xfc004c3, 0x0)
     gnome-shell-14986   [000] ..... 11184.005333: i915_request_queue: dev=1, engine=0:0, ctx=30, seqno=1685334, flags=0x0
     gnome-shell-14986   [000] ..... 11184.005335: i915_request_add: dev=1, engine=0:0, ctx=30, seqno=1685334, tail=13064
     gnome-shell-14986   [000] ..... 11184.005387: i915_request_queue: dev=1, engine=0:0, ctx=30, seqno=1685336, flags=0x0
     gnome-shell-14986   [000] ..... 11184.005387: i915_request_add: dev=1, engine=0:0, ctx=30, seqno=1685336, tail=2208
   kworker/u33:1-57411   [001] d.h3. 11184.005744: i915_reg_rw: write reg=0x20a8, len=4, val=(0xfffff6f6, 0x0)
   kworker/u33:1-57411   [001] ..... 11184.005751: i915_request_wait_begin: dev=1, engine=0:0, ctx=30, seqno=1685334, flags=0x2
 ThreadPoolForeg-73390   [007] d.h2. 11184.008087: i915_reg_rw: write reg=0x20a8, len=4, val=(0xfffff6f7, 0x0)
   kworker/u33:1-57411   [001] ..... 11184.008090: i915_request_wait_end: dev=1, engine=0:0, ctx=30, seqno=1685334, tail=2760
   kworker/u33:1-57411   [001] ..... 11184.008105: intel_plane_update_noarm: dev 0000:00:02.0, pipe A, plane 1A, frame=671611, scanline=797, format=XR30 little-endian (0x30335258), 1920.000000x1080.000000+0.000000+0.000000 -> 1920x1080+0+0
   kworker/u33:1-57411   [001] ...2. 11184.008106: i915_reg_rw: read reg=0x70040, len=4, val=(0xa3f7b, 0x0)
   kworker/u33:1-57411   [001] d..3. 11184.008107: i915_reg_rw: read reg=0x70000, len=4, val=(0x31c, 0x0)
   kworker/u33:1-57411   [001] ..... 11184.008108: i915_reg_rw: write reg=0x70188, len=4, val=(0xf, 0x0)
   kworker/u33:1-57411   [001] ..... 11184.008109: i915_reg_rw: write reg=0x7018c, len=4, val=(0x0, 0x0)
   kworker/u33:1-57411   [001] ..... 11184.008109: i915_reg_rw: write reg=0x70190, len=4, val=(0x437077f, 0x0)
   kworker/u33:1-57411   [001] ..... 11184.008110: i915_reg_rw: write reg=0x70240, len=4, val=(0x80000016, 0x0)
   kworker/u33:1-57411   [001] ..... 11184.008110: i915_reg_rw: write reg=0x70244, len=4, val=(0x8000c02b, 0x0)
   kworker/u33:1-57411   [001] ..... 11184.008110: i915_reg_rw: write reg=0x70248, len=4, val=(0x8000c02f, 0x0)
   kworker/u33:1-57411   [001] ..... 11184.008111: i915_reg_rw: write reg=0x7024c, len=4, val=(0x8001003b, 0x0)
   kworker/u33:1-57411   [001] ..... 11184.008111: i915_reg_rw: write reg=0x70250, len=4, val=(0x8001805c, 0x0)
   kworker/u33:1-57411   [001] ..... 11184.008112: i915_reg_rw: write reg=0x70254, len=4, val=(0x8001c06b, 0x0)
   kworker/u33:1-57411   [001] ..... 11184.008112: i915_reg_rw: write reg=0x70258, len=4, val=(0x8001c06b, 0x0)
   kworker/u33:1-57411   [001] ..... 11184.008113: i915_reg_rw: write reg=0x7025c, len=4, val=(0x8002007a, 0x0)
   kworker/u33:1-57411   [001] ..... 11184.008113: i915_reg_rw: write reg=0x70268, len=4, val=(0x0, 0x0)
   kworker/u33:1-57411   [001] ..... 11184.008114: i915_reg_rw: write reg=0x7027c, len=4, val=(0x35b0000, 0x0)
   kworker/u33:1-57411   [001] ..... 11184.008114: i915_reg_rw: write reg=0x70278, len=4, val=(0x0, 0x0)
   kworker/u33:1-57411   [001] d.... 11184.008117: intel_pipe_update_start: dev 0000:00:02.0, pipe A, frame=671611, scanline=798, min=1073, max=1079
   kworker/u33:1-57411   [001] d..2. 11184.008117: i915_reg_rw: read reg=0x70040, len=4, val=(0xa3f7b, 0x0)
   kworker/u33:1-57411   [001] d..3. 11184.008118: i915_reg_rw: read reg=0x70000, len=4, val=(0x31d, 0x0)
   kworker/u33:1-57411   [001] d..1. 11184.008119: i915_reg_rw: read reg=0x70000, len=4, val=(0x31d, 0x0)
   kworker/u33:1-57411   [001] d.... 11184.008119: i915_reg_rw: read reg=0x70040, len=4, val=(0xa3f7b, 0x0)
   kworker/u33:1-57411   [001] d.... 11184.008120: intel_pipe_update_vblank_evaded: dev 0000:00:02.0, pipe A, frame=671611, scanline=798, min=1073, max=1079
     kworker/7:0-83001   [007] ..... 11184.008120: i915_request_retire: dev=1, engine=0:0, ctx=30, seqno=1685334, tail=2760
   kworker/u33:1-57411   [001] d.... 11184.008121: i915_reg_rw: write reg=0x70030, len=4, val=(0x50, 0x0)
     kworker/7:0-83001   [007] ..... 11184.008122: i915_request_retire: dev=1, engine=0:0, ctx=30, seqno=1685336, tail=2944
   kworker/u33:1-57411   [001] d.... 11184.008122: intel_plane_update_arm: dev 0000:00:02.0, pipe A, plane 1A, frame=671611, scanline=798, format=XR30 little-endian (0x30335258), 1920.000000x1080.000000+0.000000+0.000000 -> 1920x1080+0+0
   kworker/u33:1-57411   [001] d..2. 11184.008123: i915_reg_rw: read reg=0x70040, len=4, val=(0xa3f7b, 0x0)
   kworker/u33:1-57411   [001] d..3. 11184.008123: i915_reg_rw: read reg=0x70000, len=4, val=(0x31d, 0x0)
   kworker/u33:1-57411   [001] d.... 11184.008124: i915_reg_rw: write reg=0x70194, len=4, val=(0x0, 0x0)
   kworker/u33:1-57411   [001] d.... 11184.008124: i915_reg_rw: write reg=0x70198, len=4, val=(0x0, 0x0)
   kworker/u33:1-57411   [001] d.... 11184.008125: i915_reg_rw: write reg=0x701a0, len=4, val=(0xff000000, 0x0)
   kworker/u33:1-57411   [001] d.... 11184.008125: i915_reg_rw: write reg=0x701a4, len=4, val=(0x0, 0x0)
   kworker/u33:1-57411   [001] d.... 11184.008126: i915_reg_rw: write reg=0x701c0, len=4, val=(0x0, 0x0)
   kworker/u33:1-57411   [001] d.... 11184.008126: i915_reg_rw: write reg=0x701c4, len=4, val=(0x0, 0x0)
   kworker/u33:1-57411   [001] d.... 11184.008127: i915_reg_rw: write reg=0x70180, len=4, val=(0xc2042400, 0x0)
   kworker/u33:1-57411   [001] d.... 11184.008127: i915_reg_rw: write reg=0x7019c, len=4, val=(0x25c0000, 0x0)
   kworker/u33:1-57411   [001] d.... 11184.008128: intel_scaler_disable_arm: dev 0000:00:02.0, pipe A, scaler 0, frame=671611, scanline=798
   kworker/u33:1-57411   [001] d..2. 11184.008129: i915_reg_rw: read reg=0x70040, len=4, val=(0xa3f7b, 0x0)
   kworker/u33:1-57411   [001] d..3. 11184.008129: i915_reg_rw: read reg=0x70000, len=4, val=(0x31d, 0x0)
   kworker/u33:1-57411   [001] d.... 11184.008129: i915_reg_rw: write reg=0x68180, len=4, val=(0x0, 0x0)
   kworker/u33:1-57411   [001] d.... 11184.008130: i915_reg_rw: write reg=0x68170, len=4, val=(0x0, 0x0)
   kworker/u33:1-57411   [001] d.... 11184.008130: i915_reg_rw: write reg=0x68174, len=4, val=(0x0, 0x0)
   kworker/u33:1-57411   [001] d.... 11184.008131: intel_scaler_disable_arm: dev 0000:00:02.0, pipe A, scaler 1, frame=671611, scanline=798
   kworker/u33:1-57411   [001] d..2. 11184.008131: i915_reg_rw: read reg=0x70040, len=4, val=(0xa3f7b, 0x0)
   kworker/u33:1-57411   [001] d..3. 11184.008131: i915_reg_rw: read reg=0x70000, len=4, val=(0x31d, 0x0)
   kworker/u33:1-57411   [001] d.... 11184.008132: i915_reg_rw: write reg=0x68280, len=4, val=(0x0, 0x0)
   kworker/u33:1-57411   [001] d.... 11184.008132: i915_reg_rw: write reg=0x68270, len=4, val=(0x0, 0x0)
   kworker/u33:1-57411   [001] d.... 11184.008133: i915_reg_rw: write reg=0x68274, len=4, val=(0x0, 0x0)
   kworker/u33:1-57411   [001] d..1. 11184.008134: i915_reg_rw: read reg=0x70000, len=4, val=(0x31e, 0x0)
   kworker/u33:1-57411   [001] d.... 11184.008134: i915_reg_rw: read reg=0x70040, len=4, val=(0xa3f7b, 0x0)
   kworker/u33:1-57411   [001] d.... 11184.008135: intel_pipe_update_end: dev 0000:00:02.0, pipe A, frame=671611, scanline=799
   kworker/u33:1-57411   [001] d..2. 11184.008136: i915_reg_rw: read reg=0x70040, len=4, val=(0xa3f7b, 0x0)
   kworker/u33:1-57411   [001] d..3. 11184.008137: i915_reg_rw: read reg=0x70000, len=4, val=(0x31e, 0x0)
   kworker/u33:1-57411   [001] d..2. 11184.008138: i915_reg_rw: read reg=0x70040, len=4, val=(0xa3f7b, 0x0)
     ksoftirqd/7-60      [007] d.H2. 11184.010452: i915_reg_rw: write reg=0x20a8, len=4, val=(0xfffff6f6, 0x0)
     kworker/7:0-83001   [007] ..... 11184.010612: i915_request_retire: dev=1, engine=0:0, ctx=5, seqno=714827, tail=2312
     kworker/7:0-83001   [007] d.h3. 11184.010615: i915_reg_rw: write reg=0x20a8, len=4, val=(0xfffff6f7, 0x0)
     kworker/7:0-83001   [007] ..... 11184.010639: i915_reg_rw: read reg=0x8504, len=4, val=(0xfc004c3, 0x0)
 ThreadPoolForeg-73390   [007] d.h.. 11184.012273: i915_reg_rw: read reg=0x44408, len=4, val=(0x1, 0x0)
 ThreadPoolForeg-73390   [007] d.h.. 11184.012273: i915_reg_rw: write reg=0x44408, len=4, val=(0x1, 0x0)
 ThreadPoolForeg-73390   [007] d.h2. 11184.012276: i915_reg_rw: read reg=0x70040, len=4, val=(0xa3f7c, 0x0)
 ThreadPoolForeg-73390   [007] d.h3. 11184.012278: i915_reg_rw: read reg=0x70000, len=4, val=(0x437, 0x0)
 ThreadPoolForeg-73390   [007] d.h2. 11184.012279: i915_reg_rw: read reg=0x70040, len=4, val=(0xa3f7c, 0x0)
   kworker/u33:1-57411   [001] ..... 11184.012331: intel_frontbuffer_flush: dev 0000:00:02.0, frontbuffer_bits=0x00000001, origin=2
          bobide-73329   [002] ..... 11184.014359: i915_request_queue: dev=1, engine=0:0, ctx=127, seqno=108116, flags=0x0
          bobide-73329   [002] ..... 11184.014361: i915_request_add: dev=1, engine=0:0, ctx=127, seqno=108116, tail=3496
          bobide-73329   [002] d.h3. 11184.014492: i915_reg_rw: write reg=0x20a8, len=4, val=(0xfffff6f6, 0x0)
          bobide-73329   [002] ..... 11184.014840: i915_request_queue: dev=1, engine=0:0, ctx=127, seqno=108118, flags=0x0
          bobide-73329   [002] ..... 11184.014841: i915_request_add: dev=1, engine=0:0, ctx=127, seqno=108118, tail=1104
 ThreadPoolForeg-73390   [007] d.h2. 11184.016800: i915_reg_rw: write reg=0x20a8, len=4, val=(0xfffff6f7, 0x0)
     kworker/7:0-83001   [007] ..... 11184.016839: i915_request_retire: dev=1, engine=0:0, ctx=127, seqno=108116, tail=6440
     kworker/7:0-83001   [007] ..... 11184.016841: i915_request_retire: dev=1, engine=0:0, ctx=127, seqno=108118, tail=6624
     ksoftirqd/7-60      [007] d.H2. 11184.020455: i915_reg_rw: write reg=0x20a8, len=4, val=(0xfffff6f6, 0x0)
     kworker/7:0-83001   [007] ..... 11184.020625: i915_request_retire: dev=1, engine=0:0, ctx=5, seqno=714828, tail=2448
     kworker/7:0-83001   [007] d.h3. 11184.020628: i915_reg_rw: write reg=0x20a8, len=4, val=(0xfffff6f7, 0x0)
     kworker/7:0-83001   [007] ..... 11184.020651: i915_reg_rw: read reg=0x8504, len=4, val=(0xfc004c3, 0x0)
     gnome-shell-14986   [000] ..... 11184.022091: i915_request_queue: dev=1, engine=0:0, ctx=30, seqno=1685338, flags=0x0
     gnome-shell-14986   [000] ..... 11184.022093: i915_request_add: dev=1, engine=0:0, ctx=30, seqno=1685338, tail=12512
     gnome-shell-14986   [000] ..... 11184.022143: i915_request_queue: dev=1, engine=0:0, ctx=30, seqno=1685340, flags=0x0
     gnome-shell-14986   [000] ..... 11184.022143: i915_request_add: dev=1, engine=0:0, ctx=30, seqno=1685340, tail=2576
   kworker/u33:1-57411   [001] d.h3. 11184.022460: i915_reg_rw: write reg=0x20a8, len=4, val=(0xfffff6f6, 0x0)
   kworker/u33:1-57411   [001] ..... 11184.022465: i915_request_wait_begin: dev=1, engine=0:0, ctx=30, seqno=1685338, flags=0x2
 ThreadPoolForeg-73635   [007] d.h2. 11184.025355: i915_reg_rw: write reg=0x20a8, len=4, val=(0xfffff6f7, 0x0)
   kworker/u33:1-57411   [001] ..... 11184.025360: i915_request_wait_end: dev=1, engine=0:0, ctx=30, seqno=1685338, tail=3128
   kworker/u33:1-57411   [001] ..... 11184.025375: intel_plane_update_noarm: dev 0000:00:02.0, pipe A, plane 1A, frame=671612, scanline=838, format=XR30 little-endian (0x30335258), 1920.000000x1080.000000+0.000000+0.000000 -> 1920x1080+0+0
   kworker/u33:1-57411   [001] ...2. 11184.025376: i915_reg_rw: read reg=0x70040, len=4, val=(0xa3f7c, 0x0)
   kworker/u33:1-57411   [001] d..3. 11184.025377: i915_reg_rw: read reg=0x70000, len=4, val=(0x345, 0x0)
   kworker/u33:1-57411   [001] ..... 11184.025379: i915_reg_rw: write reg=0x70188, len=4, val=(0xf, 0x0)
   kworker/u33:1-57411   [001] ..... 11184.025379: i915_reg_rw: write reg=0x7018c, len=4, val=(0x0, 0x0)
   kworker/u33:1-57411   [001] ..... 11184.025379: i915_reg_rw: write reg=0x70190, len=4, val=(0x437077f, 0x0)
   kworker/u33:1-57411   [001] ..... 11184.025380: i915_reg_rw: write reg=0x70240, len=4, val=(0x80000016, 0x0)
   kworker/u33:1-57411   [001] ..... 11184.025381: i915_reg_rw: write reg=0x70244, len=4, val=(0x8000c02b, 0x0)
   kworker/u33:1-57411   [001] ..... 11184.025381: i915_reg_rw: write reg=0x70248, len=4, val=(0x8000c02f, 0x0)
   kworker/u33:1-57411   [001] ..... 11184.025381: i915_reg_rw: write reg=0x7024c, len=4, val=(0x8001003b, 0x0)
   kworker/u33:1-57411   [001] ..... 11184.025382: i915_reg_rw: write reg=0x70250, len=4, val=(0x8001805c, 0x0)
   kworker/u33:1-57411   [001] ..... 11184.025382: i915_reg_rw: write reg=0x70254, len=4, val=(0x8001c06b, 0x0)
   kworker/u33:1-57411   [001] ..... 11184.025382: i915_reg_rw: write reg=0x70258, len=4, val=(0x8001c06b, 0x0)
   kworker/u33:1-57411   [001] ..... 11184.025383: i915_reg_rw: write reg=0x7025c, len=4, val=(0x8002007a, 0x0)
   kworker/u33:1-57411   [001] ..... 11184.025383: i915_reg_rw: write reg=0x70268, len=4, val=(0x0, 0x0)
   kworker/u33:1-57411   [001] ..... 11184.025384: i915_reg_rw: write reg=0x7027c, len=4, val=(0x35b0000, 0x0)
   kworker/u33:1-57411   [001] ..... 11184.025384: i915_reg_rw: write reg=0x70278, len=4, val=(0x0, 0x0)
     kworker/7:0-83001   [007] ..... 11184.025386: i915_request_retire: dev=1, engine=0:0, ctx=30, seqno=1685338, tail=3128
   kworker/u33:1-57411   [001] d.... 11184.025387: intel_pipe_update_start: dev 0000:00:02.0, pipe A, frame=671612, scanline=839, min=1073, max=1079
   kworker/u33:1-57411   [001] d..2. 11184.025387: i915_reg_rw: read reg=0x70040, len=4, val=(0xa3f7c, 0x0)
     kworker/7:0-83001   [007] ..... 11184.025387: i915_request_retire: dev=1, engine=0:0, ctx=30, seqno=1685340, tail=3312
   kworker/u33:1-57411   [001] d..3. 11184.025387: i915_reg_rw: read reg=0x70000, len=4, val=(0x346, 0x0)
   kworker/u33:1-57411   [001] d..1. 11184.025388: i915_reg_rw: read reg=0x70000, len=4, val=(0x346, 0x0)
   kworker/u33:1-57411   [001] d.... 11184.025389: i915_reg_rw: read reg=0x70040, len=4, val=(0xa3f7c, 0x0)
   kworker/u33:1-57411   [001] d.... 11184.025390: intel_pipe_update_vblank_evaded: dev 0000:00:02.0, pipe A, frame=671612, scanline=839, min=1073, max=1079
   kworker/u33:1-57411   [001] d.... 11184.025390: i915_reg_rw: write reg=0x70030, len=4, val=(0x50, 0x0)
   kworker/u33:1-57411   [001] d.... 11184.025392: intel_plane_update_arm: dev 0000:00:02.0, pipe A, plane 1A, frame=671612, scanline=839, format=XR30 little-endian (0x30335258), 1920.000000x1080.000000+0.000000+0.000000 -> 1920x1080+0+0
   kworker/u33:1-57411   [001] d..2. 11184.025392: i915_reg_rw: read reg=0x70040, len=4, val=(0xa3f7c, 0x0)
   kworker/u33:1-57411   [001] d..3. 11184.025393: i915_reg_rw: read reg=0x70000, len=4, val=(0x346, 0x0)
   kworker/u33:1-57411   [001] d.... 11184.025393: i915_reg_rw: write reg=0x70194, len=4, val=(0x0, 0x0)
   kworker/u33:1-57411   [001] d.... 11184.025394: i915_reg_rw: write reg=0x70198, len=4, val=(0x0, 0x0)
   kworker/u33:1-57411   [001] d.... 11184.025394: i915_reg_rw: write reg=0x701a0, len=4, val=(0xff000000, 0x0)
   kworker/u33:1-57411   [001] d.... 11184.025394: i915_reg_rw: write reg=0x701a4, len=4, val=(0x0, 0x0)
   kworker/u33:1-57411   [001] d.... 11184.025395: i915_reg_rw: write reg=0x701c0, len=4, val=(0x0, 0x0)
   kworker/u33:1-57411   [001] d.... 11184.025396: i915_reg_rw: write reg=0x701c4, len=4, val=(0x0, 0x0)
   kworker/u33:1-57411   [001] d.... 11184.025396: i915_reg_rw: write reg=0x70180, len=4, val=(0xc2042400, 0x0)
   kworker/u33:1-57411   [001] d.... 11184.025397: i915_reg_rw: write reg=0x7019c, len=4, val=(0x3300000, 0x0)
   kworker/u33:1-57411   [001] d.... 11184.025397: intel_scaler_disable_arm: dev 0000:00:02.0, pipe A, scaler 0, frame=671612, scanline=839
   kworker/u33:1-57411   [001] d..2. 11184.025398: i915_reg_rw: read reg=0x70040, len=4, val=(0xa3f7c, 0x0)
   kworker/u33:1-57411   [001] d..3. 11184.025398: i915_reg_rw: read reg=0x70000, len=4, val=(0x346, 0x0)
   kworker/u33:1-57411   [001] d.... 11184.025398: i915_reg_rw: write reg=0x68180, len=4, val=(0x0, 0x0)
   kworker/u33:1-57411   [001] d.... 11184.025399: i915_reg_rw: write reg=0x68170, len=4, val=(0x0, 0x0)
   kworker/u33:1-57411   [001] d.... 11184.025399: i915_reg_rw: write reg=0x68174, len=4, val=(0x0, 0x0)
   kworker/u33:1-57411   [001] d.... 11184.025400: intel_scaler_disable_arm: dev 0000:00:02.0, pipe A, scaler 1, frame=671612, scanline=840
   kworker/u33:1-57411   [001] d..2. 11184.025400: i915_reg_rw: read reg=0x70040, len=4, val=(0xa3f7c, 0x0)
   kworker/u33:1-57411   [001] d..3. 11184.025401: i915_reg_rw: read reg=0x70000, len=4, val=(0x347, 0x0)
   kworker/u33:1-57411   [001] d.... 11184.025401: i915_reg_rw: write reg=0x68280, len=4, val=(0x0, 0x0)
   kworker/u33:1-57411   [001] d.... 11184.025401: i915_reg_rw: write reg=0x68270, len=4, val=(0x0, 0x0)
   kworker/u33:1-57411   [001] d.... 11184.025402: i915_reg_rw: write reg=0x68274, len=4, val=(0x0, 0x0)
   kworker/u33:1-57411   [001] d..1. 11184.025402: i915_reg_rw: read reg=0x70000, len=4, val=(0x347, 0x0)
   kworker/u33:1-57411   [001] d.... 11184.025403: i915_reg_rw: read reg=0x70040, len=4, val=(0xa3f7c, 0x0)
   kworker/u33:1-57411   [001] d.... 11184.025403: intel_pipe_update_end: dev 0000:00:02.0, pipe A, frame=671612, scanline=840
   kworker/u33:1-57411   [001] d..2. 11184.025405: i915_reg_rw: read reg=0x70040, len=4, val=(0xa3f7c, 0x0)
   kworker/u33:1-57411   [001] d..3. 11184.025406: i915_reg_rw: read reg=0x70000, len=4, val=(0x347, 0x0)
   kworker/u33:1-57411   [001] d..2. 11184.025406: i915_reg_rw: read reg=0x70040, len=4, val=(0xa3f7c, 0x0)
     ksoftirqd/7-60      [007] d.H2. 11184.027444: i915_reg_rw: write reg=0x20a8, len=4, val=(0xfffff6f6, 0x0)
     kworker/7:0-83001   [007] ..... 11184.027609: i915_request_retire: dev=1, engine=0:0, ctx=5, seqno=714829, tail=2584
     kworker/7:0-83001   [007] d.h3. 11184.027611: i915_reg_rw: write reg=0x20a8, len=4, val=(0xfffff6f7, 0x0)
     kworker/7:0-83001   [007] ..... 11184.027636: i915_reg_rw: read reg=0x8504, len=4, val=(0xfc004c3, 0x0)
          <idle>-0       [007] d.h1. 11184.028936: i915_reg_rw: read reg=0x44408, len=4, val=(0x1, 0x0)
          <idle>-0       [007] d.h1. 11184.028936: i915_reg_rw: write reg=0x44408, len=4, val=(0x1, 0x0)
          <idle>-0       [007] d.h3. 11184.028938: i915_reg_rw: read reg=0x70040, len=4, val=(0xa3f7d, 0x0)
          <idle>-0       [007] d.h4. 11184.028939: i915_reg_rw: read reg=0x70000, len=4, val=(0x437, 0x0)
          <idle>-0       [007] d.h3. 11184.028939: i915_reg_rw: read reg=0x70040, len=4, val=(0xa3f7d, 0x0)
   kworker/u33:1-57411   [001] ..... 11184.028989: intel_frontbuffer_flush: dev 0000:00:02.0, frontbuffer_bits=0x00000001, origin=2
          bobide-73329   [007] ..... 11184.030752: i915_request_queue: dev=1, engine=0:0, ctx=127, seqno=108120, flags=0x0
          bobide-73329   [007] ..... 11184.030753: i915_request_add: dev=1, engine=0:0, ctx=127, seqno=108120, tail=2584
          bobide-73329   [007] ..... 11184.031123: i915_request_queue: dev=1, engine=0:0, ctx=127, seqno=108122, flags=0x0
          bobide-73329   [007] ..... 11184.031123: i915_request_add: dev=1, engine=0:0, ctx=127, seqno=108122, tail=2576
     kworker/7:0-83001   [007] ..... 11184.032884: i915_request_retire: dev=1, engine=0:0, ctx=127, seqno=108120, tail=6808
     kworker/7:0-83001   [007] ..... 11184.032890: i915_request_retire: dev=1, engine=0:0, ctx=127, seqno=108122, tail=6992
     ksoftirqd/7-60      [007] d.H2. 11184.035455: i915_reg_rw: write reg=0x20a8, len=4, val=(0xfffff6f6, 0x0)
     kworker/7:0-83001   [007] ..... 11184.035647: i915_request_retire: dev=1, engine=0:0, ctx=5, seqno=714830, tail=2720
     kworker/7:0-83001   [007] d.h3. 11184.035650: i915_reg_rw: write reg=0x20a8, len=4, val=(0xfffff6f7, 0x0)
     kworker/7:0-83001   [007] ..... 11184.035692: i915_reg_rw: read reg=0x8504, len=4, val=(0xfc004c3, 0x0)
     gnome-shell-14986   [000] ..... 11184.038764: i915_request_queue: dev=1, engine=0:0, ctx=30, seqno=1685342, flags=0x0
     gnome-shell-14986   [000] ..... 11184.038766: i915_request_add: dev=1, engine=0:0, ctx=30, seqno=1685342, tail=13248
     gnome-shell-14986   [000] ..... 11184.038922: i915_request_queue: dev=1, engine=0:0, ctx=30, seqno=1685344, flags=0x0
     gnome-shell-14986   [000] ..... 11184.038923: i915_request_add: dev=1, engine=0:0, ctx=30, seqno=1685344, tail=2944
   kworker/u33:1-57411   [002] d.h3. 11184.039256: i915_reg_rw: write reg=0x20a8, len=4, val=(0xfffff6f6, 0x0)
   kworker/u33:1-57411   [002] ..... 11184.039263: i915_request_wait_begin: dev=1, engine=0:0, ctx=30, seqno=1685342, flags=0x2
          <idle>-0       [007] d.h3. 11184.042004: i915_reg_rw: write reg=0x20a8, len=4, val=(0xfffff6f7, 0x0)
   kworker/u33:1-57411   [002] ..... 11184.042033: i915_request_wait_end: dev=1, engine=0:0, ctx=30, seqno=1685342, tail=3496
     kworker/7:0-83001   [007] ..... 11184.042037: i915_request_retire: dev=1, engine=0:0, ctx=30, seqno=1685342, tail=3496
     kworker/7:0-83001   [007] ..... 11184.042038: i915_request_retire: dev=1, engine=0:0, ctx=30, seqno=1685344, tail=3680
   kworker/u33:1-57411   [002] ..... 11184.042047: intel_plane_update_noarm: dev 0000:00:02.0, pipe A, plane 1A, frame=671613, scanline=838, format=XR30 little-endian (0x30335258), 1920.000000x1080.000000+0.000000+0.000000 -> 1920x1080+0+0
   kworker/u33:1-57411   [002] ...2. 11184.042048: i915_reg_rw: read reg=0x70040, len=4, val=(0xa3f7d, 0x0)
   kworker/u33:1-57411   [002] d..3. 11184.042049: i915_reg_rw: read reg=0x70000, len=4, val=(0x345, 0x0)
   kworker/u33:1-57411   [002] ..... 11184.042050: i915_reg_rw: write reg=0x70188, len=4, val=(0xf, 0x0)
   kworker/u33:1-57411   [002] ..... 11184.042050: i915_reg_rw: write reg=0x7018c, len=4, val=(0x0, 0x0)
   kworker/u33:1-57411   [002] ..... 11184.042050: i915_reg_rw: write reg=0x70190, len=4, val=(0x437077f, 0x0)
   kworker/u33:1-57411   [002] ..... 11184.042051: i915_reg_rw: write reg=0x70240, len=4, val=(0x80000016, 0x0)
   kworker/u33:1-57411   [002] ..... 11184.042051: i915_reg_rw: write reg=0x70244, len=4, val=(0x8000c02b, 0x0)
   kworker/u33:1-57411   [002] ..... 11184.042052: i915_reg_rw: write reg=0x70248, len=4, val=(0x8000c02f, 0x0)
   kworker/u33:1-57411   [002] ..... 11184.042052: i915_reg_rw: write reg=0x7024c, len=4, val=(0x8001003b, 0x0)
   kworker/u33:1-57411   [002] ..... 11184.042052: i915_reg_rw: write reg=0x70250, len=4, val=(0x8001805c, 0x0)
   kworker/u33:1-57411   [002] ..... 11184.042053: i915_reg_rw: write reg=0x70254, len=4, val=(0x8001c06b, 0x0)
   kworker/u33:1-57411   [002] ..... 11184.042053: i915_reg_rw: write reg=0x70258, len=4, val=(0x8001c06b, 0x0)
   kworker/u33:1-57411   [002] ..... 11184.042053: i915_reg_rw: write reg=0x7025c, len=4, val=(0x8002007a, 0x0)
   kworker/u33:1-57411   [002] ..... 11184.042054: i915_reg_rw: write reg=0x70268, len=4, val=(0x0, 0x0)
   kworker/u33:1-57411   [002] ..... 11184.042054: i915_reg_rw: write reg=0x7027c, len=4, val=(0x35b0000, 0x0)
   kworker/u33:1-57411   [002] ..... 11184.042054: i915_reg_rw: write reg=0x70278, len=4, val=(0x0, 0x0)
   kworker/u33:1-57411   [002] d.... 11184.042056: intel_pipe_update_start: dev 0000:00:02.0, pipe A, frame=671613, scanline=839, min=1073, max=1079
   kworker/u33:1-57411   [002] d..2. 11184.042056: i915_reg_rw: read reg=0x70040, len=4, val=(0xa3f7d, 0x0)
   kworker/u33:1-57411   [002] d..3. 11184.042057: i915_reg_rw: read reg=0x70000, len=4, val=(0x346, 0x0)
   kworker/u33:1-57411   [002] d..1. 11184.042058: i915_reg_rw: read reg=0x70000, len=4, val=(0x346, 0x0)
   kworker/u33:1-57411   [002] d.... 11184.042058: i915_reg_rw: read reg=0x70040, len=4, val=(0xa3f7d, 0x0)
   kworker/u33:1-57411   [002] d.... 11184.042059: intel_pipe_update_vblank_evaded: dev 0000:00:02.0, pipe A, frame=671613, scanline=839, min=1073, max=1079
   kworker/u33:1-57411   [002] d.... 11184.042059: i915_reg_rw: write reg=0x70030, len=4, val=(0x50, 0x0)
   kworker/u33:1-57411   [002] d.... 11184.042060: intel_plane_update_arm: dev 0000:00:02.0, pipe A, plane 1A, frame=671613, scanline=839, format=XR30 little-endian (0x30335258), 1920.000000x1080.000000+0.000000+0.000000 -> 1920x1080+0+0
   kworker/u33:1-57411   [002] d..2. 11184.042061: i915_reg_rw: read reg=0x70040, len=4, val=(0xa3f7d, 0x0)
   kworker/u33:1-57411   [002] d..3. 11184.042061: i915_reg_rw: read reg=0x70000, len=4, val=(0x346, 0x0)
   kworker/u33:1-57411   [002] d.... 11184.042062: i915_reg_rw: write reg=0x70194, len=4, val=(0x0, 0x0)
   kworker/u33:1-57411   [002] d.... 11184.042062: i915_reg_rw: write reg=0x70198, len=4, val=(0x0, 0x0)
   kworker/u33:1-57411   [002] d.... 11184.042063: i915_reg_rw: write reg=0x701a0, len=4, val=(0xff000000, 0x0)
   kworker/u33:1-57411   [002] d.... 11184.042063: i915_reg_rw: write reg=0x701a4, len=4, val=(0x0, 0x0)
   kworker/u33:1-57411   [002] d.... 11184.042063: i915_reg_rw: write reg=0x701c0, len=4, val=(0x0, 0x0)
   kworker/u33:1-57411   [002] d.... 11184.042064: i915_reg_rw: write reg=0x701c4, len=4, val=(0x0, 0x0)
   kworker/u33:1-57411   [002] d.... 11184.042064: i915_reg_rw: write reg=0x70180, len=4, val=(0xc2042400, 0x0)
   kworker/u33:1-57411   [002] d.... 11184.042064: i915_reg_rw: write reg=0x7019c, len=4, val=(0x1c00000, 0x0)
   kworker/u33:1-57411   [002] d.... 11184.042065: intel_scaler_disable_arm: dev 0000:00:02.0, pipe A, scaler 0, frame=671613, scanline=840
   kworker/u33:1-57411   [002] d..2. 11184.042065: i915_reg_rw: read reg=0x70040, len=4, val=(0xa3f7d, 0x0)
   kworker/u33:1-57411   [002] d..3. 11184.042066: i915_reg_rw: read reg=0x70000, len=4, val=(0x347, 0x0)
   kworker/u33:1-57411   [002] d.... 11184.042066: i915_reg_rw: write reg=0x68180, len=4, val=(0x0, 0x0)
   kworker/u33:1-57411   [002] d.... 11184.042066: i915_reg_rw: write reg=0x68170, len=4, val=(0x0, 0x0)
   kworker/u33:1-57411   [002] d.... 11184.042067: i915_reg_rw: write reg=0x68174, len=4, val=(0x0, 0x0)
   kworker/u33:1-57411   [002] d.... 11184.042067: intel_scaler_disable_arm: dev 0000:00:02.0, pipe A, scaler 1, frame=671613, scanline=840
   kworker/u33:1-57411   [002] d..2. 11184.042067: i915_reg_rw: read reg=0x70040, len=4, val=(0xa3f7d, 0x0)
   kworker/u33:1-57411   [002] d..3. 11184.042068: i915_reg_rw: read reg=0x70000, len=4, val=(0x347, 0x0)
   kworker/u33:1-57411   [002] d.... 11184.042068: i915_reg_rw: write reg=0x68280, len=4, val=(0x0, 0x0)
   kworker/u33:1-57411   [002] d.... 11184.042068: i915_reg_rw: write reg=0x68270, len=4, val=(0x0, 0x0)
   kworker/u33:1-57411   [002] d.... 11184.042068: i915_reg_rw: write reg=0x68274, len=4, val=(0x0, 0x0)
   kworker/u33:1-57411   [002] d..1. 11184.042069: i915_reg_rw: read reg=0x70000, len=4, val=(0x347, 0x0)
   kworker/u33:1-57411   [002] d.... 11184.042069: i915_reg_rw: read reg=0x70040, len=4, val=(0xa3f7d, 0x0)
   kworker/u33:1-57411   [002] d.... 11184.042070: intel_pipe_update_end: dev 0000:00:02.0, pipe A, frame=671613, scanline=840
   kworker/u33:1-57411   [002] d..2. 11184.042071: i915_reg_rw: read reg=0x70040, len=4, val=(0xa3f7d, 0x0)
   kworker/u33:1-57411   [002] d..3. 11184.042072: i915_reg_rw: read reg=0x70000, len=4, val=(0x347, 0x0)
   kworker/u33:1-57411   [002] d..2. 11184.042072: i915_reg_rw: read reg=0x70040, len=4, val=(0xa3f7d, 0x0)
     ksoftirqd/7-60      [007] d.H2. 11184.045175: i915_reg_rw: write reg=0x20a8, len=4, val=(0xfffff6f6, 0x0)
     kworker/7:0-83001   [007] ..... 11184.045357: i915_request_retire: dev=1, engine=0:0, ctx=5, seqno=714831, tail=2856
     kworker/7:0-83001   [007] d.h3. 11184.045361: i915_reg_rw: write reg=0x20a8, len=4, val=(0xfffff6f7, 0x0)
     kworker/7:0-83001   [007] ..... 11184.045376: i915_reg_rw: read reg=0x8504, len=4, val=(0xfc004c3, 0x0)
 ThreadPoolForeg-73635   [007] d.h.. 11184.045601: i915_reg_rw: read reg=0x44408, len=4, val=(0x1, 0x0)
 ThreadPoolForeg-73635   [007] d.h.. 11184.045601: i915_reg_rw: write reg=0x44408, len=4, val=(0x1, 0x0)
 ThreadPoolForeg-73635   [007] d.h2. 11184.045604: i915_reg_rw: read reg=0x70040, len=4, val=(0xa3f7e, 0x0)
 ThreadPoolForeg-73635   [007] d.h3. 11184.045606: i915_reg_rw: read reg=0x70000, len=4, val=(0x437, 0x0)
 ThreadPoolForeg-73635   [007] d.h2. 11184.045607: i915_reg_rw: read reg=0x70040, len=4, val=(0xa3f7e, 0x0)
   kworker/u33:1-57411   [001] ..... 11184.045655: intel_frontbuffer_flush: dev 0000:00:02.0, frontbuffer_bits=0x00000001, origin=2
          bobide-73329   [007] ..... 11184.048994: i915_request_queue: dev=1, engine=0:0, ctx=127, seqno=108124, flags=0x0
          bobide-73329   [007] ..... 11184.048997: i915_request_add: dev=1, engine=0:0, ctx=127, seqno=108124, tail=2856
          bobide-73329   [007] ..... 11184.049413: i915_request_queue: dev=1, engine=0:0, ctx=127, seqno=108126, flags=0x0
          bobide-73329   [007] ..... 11184.049413: i915_request_add: dev=1, engine=0:0, ctx=127, seqno=108126, tail=12880
     kworker/7:0-83001   [007] ..... 11184.051341: i915_request_retire: dev=1, engine=0:0, ctx=127, seqno=108124, tail=7176
     kworker/7:0-83001   [007] ..... 11184.051351: i915_request_retire: dev=1, engine=0:0, ctx=127, seqno=108126, tail=7360
     ksoftirqd/7-60      [007] d.H2. 11184.053460: i915_reg_rw: write reg=0x20a8, len=4, val=(0xfffff6f6, 0x0)
     kworker/7:0-83001   [007] ..... 11184.053634: i915_request_retire: dev=1, engine=0:0, ctx=5, seqno=714832, tail=2992
     kworker/7:0-83001   [007] d.h3. 11184.053637: i915_reg_rw: write reg=0x20a8, len=4, val=(0xfffff6f7, 0x0)
     kworker/7:0-83001   [007] ..... 11184.053658: i915_reg_rw: read reg=0x8504, len=4, val=(0xfc004c3, 0x0)
     gnome-shell-14986   [001] ..... 11184.055775: i915_request_queue: dev=1, engine=0:0, ctx=30, seqno=1685346, flags=0x0
     gnome-shell-14986   [001] ..... 11184.055778: i915_request_add: dev=1, engine=0:0, ctx=30, seqno=1685346, tail=552
     gnome-shell-14986   [001] ..... 11184.055956: i915_request_queue: dev=1, engine=0:0, ctx=30, seqno=1685348, flags=0x0
     gnome-shell-14986   [001] ..... 11184.055957: i915_request_add: dev=1, engine=0:0, ctx=30, seqno=1685348, tail=3680
   kworker/u33:1-57411   [001] d.h3. 11184.056318: i915_reg_rw: write reg=0x20a8, len=4, val=(0xfffff6f6, 0x0)
   kworker/u33:1-57411   [001] ..... 11184.056324: i915_request_wait_begin: dev=1, engine=0:0, ctx=30, seqno=1685346, flags=0x2
 ThreadPoolForeg-73635   [007] d.h2. 11184.059545: i915_reg_rw: write reg=0x20a8, len=4, val=(0xfffff6f7, 0x0)
     kworker/7:0-83001   [007] ..... 11184.059575: i915_request_retire: dev=1, engine=0:0, ctx=30, seqno=1685346, tail=3864
   kworker/u33:1-57411   [002] ..... 11184.059576: i915_request_wait_end: dev=1, engine=0:0, ctx=30, seqno=1685346, tail=3864
     kworker/7:0-83001   [007] ..... 11184.059577: i915_request_retire: dev=1, engine=0:0, ctx=30, seqno=1685348, tail=4048
   kworker/u33:1-57411   [002] ..... 11184.059596: intel_plane_update_noarm: dev 0000:00:02.0, pipe A, plane 1A, frame=671614, scanline=899, format=XR30 little-endian (0x30335258), 1920.000000x1080.000000+0.000000+0.000000 -> 1920x1080+0+0
   kworker/u33:1-57411   [002] ...2. 11184.059598: i915_reg_rw: read reg=0x70040, len=4, val=(0xa3f7e, 0x0)
   kworker/u33:1-57411   [002] d..3. 11184.059599: i915_reg_rw: read reg=0x70000, len=4, val=(0x382, 0x0)
   kworker/u33:1-57411   [002] ..... 11184.059601: i915_reg_rw: write reg=0x70188, len=4, val=(0xf, 0x0)
   kworker/u33:1-57411   [002] ..... 11184.059601: i915_reg_rw: write reg=0x7018c, len=4, val=(0x0, 0x0)
   kworker/u33:1-57411   [002] ..... 11184.059602: i915_reg_rw: write reg=0x70190, len=4, val=(0x437077f, 0x0)
   kworker/u33:1-57411   [002] ..... 11184.059603: i915_reg_rw: write reg=0x70240, len=4, val=(0x80000016, 0x0)
   kworker/u33:1-57411   [002] ..... 11184.059603: i915_reg_rw: write reg=0x70244, len=4, val=(0x8000c02b, 0x0)
   kworker/u33:1-57411   [002] ..... 11184.059603: i915_reg_rw: write reg=0x70248, len=4, val=(0x8000c02f, 0x0)
   kworker/u33:1-57411   [002] ..... 11184.059604: i915_reg_rw: write reg=0x7024c, len=4, val=(0x8001003b, 0x0)
   kworker/u33:1-57411   [002] ..... 11184.059604: i915_reg_rw: write reg=0x70250, len=4, val=(0x8001805c, 0x0)
   kworker/u33:1-57411   [002] ..... 11184.059604: i915_reg_rw: write reg=0x70254, len=4, val=(0x8001c06b, 0x0)
   kworker/u33:1-57411   [002] ..... 11184.059605: i915_reg_rw: write reg=0x70258, len=4, val=(0x8001c06b, 0x0)
   kworker/u33:1-57411   [002] ..... 11184.059605: i915_reg_rw: write reg=0x7025c, len=4, val=(0x8002007a, 0x0)
   kworker/u33:1-57411   [002] ..... 11184.059605: i915_reg_rw: write reg=0x70268, len=4, val=(0x0, 0x0)
   kworker/u33:1-57411   [002] ..... 11184.059605: i915_reg_rw: write reg=0x7027c, len=4, val=(0x35b0000, 0x0)
   kworker/u33:1-57411   [002] ..... 11184.059606: i915_reg_rw: write reg=0x70278, len=4, val=(0x0, 0x0)
   kworker/u33:1-57411   [002] d.... 11184.059608: intel_pipe_update_start: dev 0000:00:02.0, pipe A, frame=671614, scanline=899, min=1073, max=1079
   kworker/u33:1-57411   [002] d..2. 11184.059609: i915_reg_rw: read reg=0x70040, len=4, val=(0xa3f7e, 0x0)
   kworker/u33:1-57411   [002] d..3. 11184.059609: i915_reg_rw: read reg=0x70000, len=4, val=(0x382, 0x0)
   kworker/u33:1-57411   [002] d..1. 11184.059610: i915_reg_rw: read reg=0x70000, len=4, val=(0x382, 0x0)
   kworker/u33:1-57411   [002] d.... 11184.059611: i915_reg_rw: read reg=0x70040, len=4, val=(0xa3f7e, 0x0)
   kworker/u33:1-57411   [002] d.... 11184.059612: intel_pipe_update_vblank_evaded: dev 0000:00:02.0, pipe A, frame=671614, scanline=899, min=1073, max=1079
   kworker/u33:1-57411   [002] d.... 11184.059612: i915_reg_rw: write reg=0x70030, len=4, val=(0x50, 0x0)
   kworker/u33:1-57411   [002] d.... 11184.059614: intel_plane_update_arm: dev 0000:00:02.0, pipe A, plane 1A, frame=671614, scanline=900, format=XR30 little-endian (0x30335258), 1920.000000x1080.000000+0.000000+0.000000 -> 1920x1080+0+0
   kworker/u33:1-57411   [002] d..2. 11184.059614: i915_reg_rw: read reg=0x70040, len=4, val=(0xa3f7e, 0x0)
   kworker/u33:1-57411   [002] d..3. 11184.059614: i915_reg_rw: read reg=0x70000, len=4, val=(0x383, 0x0)
   kworker/u33:1-57411   [002] d.... 11184.059615: i915_reg_rw: write reg=0x70194, len=4, val=(0x0, 0x0)
   kworker/u33:1-57411   [002] d.... 11184.059616: i915_reg_rw: write reg=0x70198, len=4, val=(0x0, 0x0)
   kworker/u33:1-57411   [002] d.... 11184.059616: i915_reg_rw: write reg=0x701a0, len=4, val=(0xff000000, 0x0)
   kworker/u33:1-57411   [002] d.... 11184.059616: i915_reg_rw: write reg=0x701a4, len=4, val=(0x0, 0x0)
   kworker/u33:1-57411   [002] d.... 11184.059617: i915_reg_rw: write reg=0x701c0, len=4, val=(0x0, 0x0)
   kworker/u33:1-57411   [002] d.... 11184.059617: i915_reg_rw: write reg=0x701c4, len=4, val=(0x0, 0x0)
   kworker/u33:1-57411   [002] d.... 11184.059618: i915_reg_rw: write reg=0x70180, len=4, val=(0xc2042400, 0x0)
   kworker/u33:1-57411   [002] d.... 11184.059618: i915_reg_rw: write reg=0x7019c, len=4, val=(0x25c0000, 0x0)
   kworker/u33:1-57411   [002] d.... 11184.059619: intel_scaler_disable_arm: dev 0000:00:02.0, pipe A, scaler 0, frame=671614, scanline=900
   kworker/u33:1-57411   [002] d..2. 11184.059619: i915_reg_rw: read reg=0x70040, len=4, val=(0xa3f7e, 0x0)
   kworker/u33:1-57411   [002] d..3. 11184.059620: i915_reg_rw: read reg=0x70000, len=4, val=(0x383, 0x0)
   kworker/u33:1-57411   [002] d.... 11184.059620: i915_reg_rw: write reg=0x68180, len=4, val=(0x0, 0x0)
   kworker/u33:1-57411   [002] d.... 11184.059620: i915_reg_rw: write reg=0x68170, len=4, val=(0x0, 0x0)
   kworker/u33:1-57411   [002] d.... 11184.059621: i915_reg_rw: write reg=0x68174, len=4, val=(0x0, 0x0)
   kworker/u33:1-57411   [002] d.... 11184.059621: intel_scaler_disable_arm: dev 0000:00:02.0, pipe A, scaler 1, frame=671614, scanline=900
   kworker/u33:1-57411   [002] d..2. 11184.059621: i915_reg_rw: read reg=0x70040, len=4, val=(0xa3f7e, 0x0)
   kworker/u33:1-57411   [002] d..3. 11184.059622: i915_reg_rw: read reg=0x70000, len=4, val=(0x383, 0x0)
   kworker/u33:1-57411   [002] d.... 11184.059622: i915_reg_rw: write reg=0x68280, len=4, val=(0x0, 0x0)
   kworker/u33:1-57411   [002] d.... 11184.059622: i915_reg_rw: write reg=0x68270, len=4, val=(0x0, 0x0)
   kworker/u33:1-57411   [002] d.... 11184.059622: i915_reg_rw: write reg=0x68274, len=4, val=(0x0, 0x0)
   kworker/u33:1-57411   [002] d..1. 11184.059623: i915_reg_rw: read reg=0x70000, len=4, val=(0x383, 0x0)
   kworker/u33:1-57411   [002] d.... 11184.059623: i915_reg_rw: read reg=0x70040, len=4, val=(0xa3f7e, 0x0)
   kworker/u33:1-57411   [002] d.... 11184.059624: intel_pipe_update_end: dev 0000:00:02.0, pipe A, frame=671614, scanline=900
   kworker/u33:1-57411   [002] d..2. 11184.059626: i915_reg_rw: read reg=0x70040, len=4, val=(0xa3f7e, 0x0)
   kworker/u33:1-57411   [002] d..3. 11184.059627: i915_reg_rw: read reg=0x70000, len=4, val=(0x383, 0x0)
   kworker/u33:1-57411   [002] d..2. 11184.059627: i915_reg_rw: read reg=0x70040, len=4, val=(0xa3f7e, 0x0)
          <idle>-0       [007] d.h1. 11184.062268: i915_reg_rw: read reg=0x44408, len=4, val=(0x1, 0x0)
          <idle>-0       [007] d.h1. 11184.062269: i915_reg_rw: write reg=0x44408, len=4, val=(0x1, 0x0)
          <idle>-0       [007] d.h3. 11184.062271: i915_reg_rw: read reg=0x70040, len=4, val=(0xa3f7f, 0x0)
          <idle>-0       [007] d.h4. 11184.062272: i915_reg_rw: read reg=0x70000, len=4, val=(0x437, 0x0)
          <idle>-0       [007] d.h3. 11184.062272: i915_reg_rw: read reg=0x70040, len=4, val=(0xa3f7f, 0x0)
   kworker/u33:1-57411   [007] ..... 11184.062320: intel_frontbuffer_flush: dev 0000:00:02.0, frontbuffer_bits=0x00000001, origin=2
     ksoftirqd/7-60      [007] d.H2. 11184.062445: i915_reg_rw: write reg=0x20a8, len=4, val=(0xfffff6f6, 0x0)
     kworker/7:0-83001   [007] ..... 11184.062625: i915_request_retire: dev=1, engine=0:0, ctx=5, seqno=714833, tail=3128
     kworker/7:0-83001   [007] d.h3. 11184.062627: i915_reg_rw: write reg=0x20a8, len=4, val=(0xfffff6f7, 0x0)
     kworker/7:0-83001   [007] ..... 11184.062652: i915_reg_rw: read reg=0x8504, len=4, val=(0xfc004c3, 0x0)
          bobide-73329   [004] ..... 11184.063917: i915_request_queue: dev=1, engine=0:0, ctx=127, seqno=108128, flags=0x0
          bobide-73329   [004] ..... 11184.063919: i915_request_add: dev=1, engine=0:0, ctx=127, seqno=108128, tail=5888
     kworker/7:0-83001   [007] ..... 11184.064208: i915_request_retire: dev=1, engine=0:0, ctx=127, seqno=108128, tail=7544
          bobide-73329   [004] ..... 11184.064293: i915_request_queue: dev=1, engine=0:0, ctx=127, seqno=108130, flags=0x0
          bobide-73329   [004] ..... 11184.064294: i915_request_add: dev=1, engine=0:0, ctx=127, seqno=108130, tail=8832
     kworker/7:0-83001   [007] ..... 11184.065922: i915_request_retire: dev=1, engine=0:0, ctx=127, seqno=108130, tail=7728
     ksoftirqd/7-60      [007] d.H2. 11184.067444: i915_reg_rw: write reg=0x20a8, len=4, val=(0xfffff6f6, 0x0)
     kworker/7:0-83001   [007] ..... 11184.067619: i915_request_retire: dev=1, engine=0:0, ctx=5, seqno=714834, tail=3264
     kworker/7:0-83001   [007] d.h3. 11184.067622: i915_reg_rw: write reg=0x20a8, len=4, val=(0xfffff6f7, 0x0)
     kworker/7:0-83001   [007] ..... 11184.067647: i915_reg_rw: read reg=0x8504, len=4, val=(0xfc004c3, 0x0)
     gnome-shell-14986   [001] ..... 11184.071884: i915_request_queue: dev=1, engine=0:0, ctx=30, seqno=1685350, flags=0x0
     gnome-shell-14986   [001] ..... 11184.071885: i915_request_add: dev=1, engine=0:0, ctx=30, seqno=1685350, tail=12512
     gnome-shell-14986   [001] ..... 11184.072051: i915_request_queue: dev=1, engine=0:0, ctx=30, seqno=1685352, flags=0x0
     gnome-shell-14986   [001] ..... 11184.072051: i915_request_add: dev=1, engine=0:0, ctx=30, seqno=1685352, tail=12696
   kworker/u33:1-57411   [001] d.h3. 11184.072242: i915_reg_rw: write reg=0x20a8, len=4, val=(0xfffff6f6, 0x0)
   kworker/u33:1-57411   [001] ..... 11184.072247: i915_request_wait_begin: dev=1, engine=0:0, ctx=30, seqno=1685350, flags=0x2
          <idle>-0       [007] d.h3. 11184.073232: i915_reg_rw: write reg=0x20a8, len=4, val=(0xfffff6f7, 0x0)
   kworker/u33:1-57411   [001] ..... 11184.073267: i915_request_wait_end: dev=1, engine=0:0, ctx=30, seqno=1685350, tail=4232
     kworker/7:0-83001   [007] ..... 11184.073279: i915_request_retire: dev=1, engine=0:0, ctx=30, seqno=1685350, tail=4232
     kworker/7:0-83001   [007] ..... 11184.073281: i915_request_retire: dev=1, engine=0:0, ctx=30, seqno=1685352, tail=4416
   kworker/u33:1-57411   [001] ..... 11184.073287: intel_plane_update_noarm: dev 0000:00:02.0, pipe A, plane 1A, frame=671615, scanline=697, format=XR30 little-endian (0x30335258), 1920.000000x1080.000000+0.000000+0.000000 -> 1920x1080+0+0
   kworker/u33:1-57411   [001] ...2. 11184.073288: i915_reg_rw: read reg=0x70040, len=4, val=(0xa3f7f, 0x0)
   kworker/u33:1-57411   [001] d..3. 11184.073289: i915_reg_rw: read reg=0x70000, len=4, val=(0x2b8, 0x0)
   kworker/u33:1-57411   [001] ..... 11184.073290: i915_reg_rw: write reg=0x70188, len=4, val=(0xf, 0x0)
   kworker/u33:1-57411   [001] ..... 11184.073290: i915_reg_rw: write reg=0x7018c, len=4, val=(0x0, 0x0)
   kworker/u33:1-57411   [001] ..... 11184.073291: i915_reg_rw: write reg=0x70190, len=4, val=(0x437077f, 0x0)
   kworker/u33:1-57411   [001] ..... 11184.073291: i915_reg_rw: write reg=0x70240, len=4, val=(0x80000016, 0x0)
   kworker/u33:1-57411   [001] ..... 11184.073292: i915_reg_rw: write reg=0x70244, len=4, val=(0x8000c02b, 0x0)
   kworker/u33:1-57411   [001] ..... 11184.073292: i915_reg_rw: write reg=0x70248, len=4, val=(0x8000c02f, 0x0)
   kworker/u33:1-57411   [001] ..... 11184.073292: i915_reg_rw: write reg=0x7024c, len=4, val=(0x8001003b, 0x0)
   kworker/u33:1-57411   [001] ..... 11184.073292: i915_reg_rw: write reg=0x70250, len=4, val=(0x8001805c, 0x0)
   kworker/u33:1-57411   [001] ..... 11184.073293: i915_reg_rw: write reg=0x70254, len=4, val=(0x8001c06b, 0x0)
   kworker/u33:1-57411   [001] ..... 11184.073293: i915_reg_rw: write reg=0x70258, len=4, val=(0x8001c06b, 0x0)
   kworker/u33:1-57411   [001] ..... 11184.073293: i915_reg_rw: write reg=0x7025c, len=4, val=(0x8002007a, 0x0)
   kworker/u33:1-57411   [001] ..... 11184.073294: i915_reg_rw: write reg=0x70268, len=4, val=(0x0, 0x0)
   kworker/u33:1-57411   [001] ..... 11184.073294: i915_reg_rw: write reg=0x7027c, len=4, val=(0x35b0000, 0x0)
   kworker/u33:1-57411   [001] ..... 11184.073294: i915_reg_rw: write reg=0x70278, len=4, val=(0x0, 0x0)
   kworker/u33:1-57411   [001] d.... 11184.073296: intel_pipe_update_start: dev 0000:00:02.0, pipe A, frame=671615, scanline=697, min=1073, max=1079
   kworker/u33:1-57411   [001] d..2. 11184.073296: i915_reg_rw: read reg=0x70040, len=4, val=(0xa3f7f, 0x0)
   kworker/u33:1-57411   [001] d..3. 11184.073297: i915_reg_rw: read reg=0x70000, len=4, val=(0x2b8, 0x0)
   kworker/u33:1-57411   [001] d..1. 11184.073297: i915_reg_rw: read reg=0x70000, len=4, val=(0x2b8, 0x0)
   kworker/u33:1-57411   [001] d.... 11184.073298: i915_reg_rw: read reg=0x70040, len=4, val=(0xa3f7f, 0x0)
   kworker/u33:1-57411   [001] d.... 11184.073298: intel_pipe_update_vblank_evaded: dev 0000:00:02.0, pipe A, frame=671615, scanline=697, min=1073, max=1079
   kworker/u33:1-57411   [001] d.... 11184.073299: i915_reg_rw: write reg=0x70030, len=4, val=(0x50, 0x0)
   kworker/u33:1-57411   [001] d.... 11184.073300: intel_plane_update_arm: dev 0000:00:02.0, pipe A, plane 1A, frame=671615, scanline=697, format=XR30 little-endian (0x30335258), 1920.000000x1080.000000+0.000000+0.000000 -> 1920x1080+0+0
   kworker/u33:1-57411   [001] d..2. 11184.073300: i915_reg_rw: read reg=0x70040, len=4, val=(0xa3f7f, 0x0)
   kworker/u33:1-57411   [001] d..3. 11184.073300: i915_reg_rw: read reg=0x70000, len=4, val=(0x2b8, 0x0)
   kworker/u33:1-57411   [001] d.... 11184.073301: i915_reg_rw: write reg=0x70194, len=4, val=(0x0, 0x0)
   kworker/u33:1-57411   [001] d.... 11184.073301: i915_reg_rw: write reg=0x70198, len=4, val=(0x0, 0x0)
   kworker/u33:1-57411   [001] d.... 11184.073301: i915_reg_rw: write reg=0x701a0, len=4, val=(0xff000000, 0x0)
   kworker/u33:1-57411   [001] d.... 11184.073302: i915_reg_rw: write reg=0x701a4, len=4, val=(0x0, 0x0)
   kworker/u33:1-57411   [001] d.... 11184.073302: i915_reg_rw: write reg=0x701c0, len=4, val=(0x0, 0x0)
   kworker/u33:1-57411   [001] d.... 11184.073302: i915_reg_rw: write reg=0x701c4, len=4, val=(0x0, 0x0)
   kworker/u33:1-57411   [001] d.... 11184.073303: i915_reg_rw: write reg=0x70180, len=4, val=(0xc2042400, 0x0)
   kworker/u33:1-57411   [001] d.... 11184.073303: i915_reg_rw: write reg=0x7019c, len=4, val=(0x3300000, 0x0)
   kworker/u33:1-57411   [001] d.... 11184.073304: intel_scaler_disable_arm: dev 0000:00:02.0, pipe A, scaler 0, frame=671615, scanline=698
   kworker/u33:1-57411   [001] d..2. 11184.073304: i915_reg_rw: read reg=0x70040, len=4, val=(0xa3f7f, 0x0)
   kworker/u33:1-57411   [001] d..3. 11184.073304: i915_reg_rw: read reg=0x70000, len=4, val=(0x2b9, 0x0)
   kworker/u33:1-57411   [001] d.... 11184.073305: i915_reg_rw: write reg=0x68180, len=4, val=(0x0, 0x0)
   kworker/u33:1-57411   [001] d.... 11184.073305: i915_reg_rw: write reg=0x68170, len=4, val=(0x0, 0x0)
   kworker/u33:1-57411   [001] d.... 11184.073305: i915_reg_rw: write reg=0x68174, len=4, val=(0x0, 0x0)
   kworker/u33:1-57411   [001] d.... 11184.073305: intel_scaler_disable_arm: dev 0000:00:02.0, pipe A, scaler 1, frame=671615, scanline=698
   kworker/u33:1-57411   [001] d..2. 11184.073306: i915_reg_rw: read reg=0x70040, len=4, val=(0xa3f7f, 0x0)
   kworker/u33:1-57411   [001] d..3. 11184.073306: i915_reg_rw: read reg=0x70000, len=4, val=(0x2b9, 0x0)
   kworker/u33:1-57411   [001] d.... 11184.073307: i915_reg_rw: write reg=0x68280, len=4, val=(0x0, 0x0)
   kworker/u33:1-57411   [001] d.... 11184.073307: i915_reg_rw: write reg=0x68270, len=4, val=(0x0, 0x0)
   kworker/u33:1-57411   [001] d.... 11184.073307: i915_reg_rw: write reg=0x68274, len=4, val=(0x0, 0x0)
   kworker/u33:1-57411   [001] d..1. 11184.073308: i915_reg_rw: read reg=0x70000, len=4, val=(0x2b9, 0x0)
   kworker/u33:1-57411   [001] d.... 11184.073308: i915_reg_rw: read reg=0x70040, len=4, val=(0xa3f7f, 0x0)
   kworker/u33:1-57411   [001] d.... 11184.073309: intel_pipe_update_end: dev 0000:00:02.0, pipe A, frame=671615, scanline=698
   kworker/u33:1-57411   [001] d..2. 11184.073309: i915_reg_rw: read reg=0x70040, len=4, val=(0xa3f7f, 0x0)
   kworker/u33:1-57411   [001] d..3. 11184.073310: i915_reg_rw: read reg=0x70000, len=4, val=(0x2b9, 0x0)
   kworker/u33:1-57411   [001] d..2. 11184.073311: i915_reg_rw: read reg=0x70040, len=4, val=(0xa3f7f, 0x0)
     ksoftirqd/1-24      [001] d.H2. 11184.075481: i915_reg_rw: write reg=0x20a8, len=4, val=(0xfffff6f6, 0x0)
     kworker/7:0-83001   [007] ..... 11184.075651: i915_request_retire: dev=1, engine=0:0, ctx=5, seqno=714835, tail=3400
     kworker/7:0-83001   [007] d.h3. 11184.075654: i915_reg_rw: write reg=0x20a8, len=4, val=(0xfffff6f7, 0x0)
     kworker/7:0-83001   [007] ..... 11184.075679: i915_reg_rw: read reg=0x8504, len=4, val=(0xfc004c3, 0x0)
          <idle>-0       [007] d.h1. 11184.078930: i915_reg_rw: read reg=0x44408, len=4, val=(0x1, 0x0)
          <idle>-0       [007] d.h1. 11184.078931: i915_reg_rw: write reg=0x44408, len=4, val=(0x1, 0x0)
          <idle>-0       [007] d.h3. 11184.078932: i915_reg_rw: read reg=0x70040, len=4, val=(0xa3f80, 0x0)
          <idle>-0       [007] d.h4. 11184.078933: i915_reg_rw: read reg=0x70000, len=4, val=(0x437, 0x0)
          <idle>-0       [007] d.h3. 11184.078934: i915_reg_rw: read reg=0x70040, len=4, val=(0xa3f80, 0x0)
   kworker/u33:1-57411   [001] ..... 11184.078977: intel_frontbuffer_flush: dev 0000:00:02.0, frontbuffer_bits=0x00000001, origin=2
          bobide-73329   [004] ..... 11184.080667: i915_request_queue: dev=1, engine=0:0, ctx=127, seqno=108132, flags=0x0
          bobide-73329   [004] ..... 11184.080669: i915_request_add: dev=1, engine=0:0, ctx=127, seqno=108132, tail=5152
          bobide-73329   [004] ..... 11184.080945: i915_request_queue: dev=1, engine=0:0, ctx=127, seqno=108134, flags=0x0
          bobide-73329   [004] ..... 11184.080945: i915_request_add: dev=1, engine=0:0, ctx=127, seqno=108134, tail=4784
     kworker/7:0-83001   [007] ..... 11184.082489: i915_request_retire: dev=1, engine=0:0, ctx=127, seqno=108132, tail=7912
     kworker/7:0-83001   [007] ..... 11184.082493: i915_request_retire: dev=1, engine=0:0, ctx=127, seqno=108134, tail=8096
     ksoftirqd/7-60      [007] d.H2. 11184.086482: i915_reg_rw: write reg=0x20a8, len=4, val=(0xfffff6f6, 0x0)
     kworker/7:0-83001   [007] ..... 11184.086698: i915_request_retire: dev=1, engine=0:0, ctx=5, seqno=714836, tail=3536
     kworker/7:0-83001   [007] d.h3. 11184.086701: i915_reg_rw: write reg=0x20a8, len=4, val=(0xfffff6f7, 0x0)
     kworker/7:0-83001   [007] ..... 11184.086708: i915_reg_rw: read reg=0x8504, len=4, val=(0xfc004c3, 0x0)
     gnome-shell-14986   [004] ..... 11184.088610: i915_request_queue: dev=1, engine=0:0, ctx=30, seqno=1685354, flags=0x0
     gnome-shell-14986   [004] ..... 11184.088612: i915_request_add: dev=1, engine=0:0, ctx=30, seqno=1685354, tail=6624
     gnome-shell-14986   [004] ..... 11184.088649: i915_request_queue: dev=1, engine=0:0, ctx=30, seqno=1685356, flags=0x0
     gnome-shell-14986   [004] ..... 11184.088649: i915_request_add: dev=1, engine=0:0, ctx=30, seqno=1685356, tail=6256
   kworker/u33:1-57411   [001] d.h3. 11184.088863: i915_reg_rw: write reg=0x20a8, len=4, val=(0xfffff6f6, 0x0)
   kworker/u33:1-57411   [001] ..... 11184.088868: i915_request_wait_begin: dev=1, engine=0:0, ctx=30, seqno=1685354, flags=0x2
          <idle>-0       [007] d.H3. 11184.089941: i915_reg_rw: write reg=0x20a8, len=4, val=(0xfffff6f7, 0x0)
     kworker/7:0-83001   [007] ..... 11184.089949: i915_request_retire: dev=1, engine=0:0, ctx=30, seqno=1685354, tail=4600
     kworker/7:0-83001   [007] ..... 11184.089950: i915_request_retire: dev=1, engine=0:0, ctx=30, seqno=1685356, tail=4784
   kworker/u33:1-57411   [001] ..... 11184.089975: i915_request_wait_end: dev=1, engine=0:0, ctx=30, seqno=1685354, tail=4600
   kworker/u33:1-57411   [001] ..... 11184.089983: intel_plane_update_noarm: dev 0000:00:02.0, pipe A, plane 1A, frame=671616, scanline=699, format=XR30 little-endian (0x30335258), 1920.000000x1080.000000+0.000000+0.000000 -> 1920x1080+0+0
   kworker/u33:1-57411   [001] ...2. 11184.089984: i915_reg_rw: read reg=0x70040, len=4, val=(0xa3f80, 0x0)
   kworker/u33:1-57411   [001] d..3. 11184.089984: i915_reg_rw: read reg=0x70000, len=4, val=(0x2ba, 0x0)
   kworker/u33:1-57411   [001] ..... 11184.089985: i915_reg_rw: write reg=0x70188, len=4, val=(0xf, 0x0)
   kworker/u33:1-57411   [001] ..... 11184.089985: i915_reg_rw: write reg=0x7018c, len=4, val=(0x0, 0x0)
   kworker/u33:1-57411   [001] ..... 11184.089986: i915_reg_rw: write reg=0x70190, len=4, val=(0x437077f, 0x0)
   kworker/u33:1-57411   [001] ..... 11184.089986: i915_reg_rw: write reg=0x70240, len=4, val=(0x80000016, 0x0)
   kworker/u33:1-57411   [001] ..... 11184.089986: i915_reg_rw: write reg=0x70244, len=4, val=(0x8000c02b, 0x0)
   kworker/u33:1-57411   [001] ..... 11184.089987: i915_reg_rw: write reg=0x70248, len=4, val=(0x8000c02f, 0x0)
   kworker/u33:1-57411   [001] ..... 11184.089987: i915_reg_rw: write reg=0x7024c, len=4, val=(0x8001003b, 0x0)
   kworker/u33:1-57411   [001] ..... 11184.089987: i915_reg_rw: write reg=0x70250, len=4, val=(0x8001805c, 0x0)
   kworker/u33:1-57411   [001] ..... 11184.089987: i915_reg_rw: write reg=0x70254, len=4, val=(0x8001c06b, 0x0)
   kworker/u33:1-57411   [001] ..... 11184.089988: i915_reg_rw: write reg=0x70258, len=4, val=(0x8001c06b, 0x0)
   kworker/u33:1-57411   [001] ..... 11184.089988: i915_reg_rw: write reg=0x7025c, len=4, val=(0x8002007a, 0x0)
   kworker/u33:1-57411   [001] ..... 11184.089988: i915_reg_rw: write reg=0x70268, len=4, val=(0x0, 0x0)
   kworker/u33:1-57411   [001] ..... 11184.089989: i915_reg_rw: write reg=0x7027c, len=4, val=(0x35b0000, 0x0)
   kworker/u33:1-57411   [001] ..... 11184.089989: i915_reg_rw: write reg=0x70278, len=4, val=(0x0, 0x0)
   kworker/u33:1-57411   [001] d.... 11184.089991: intel_pipe_update_start: dev 0000:00:02.0, pipe A, frame=671616, scanline=699, min=1073, max=1079
   kworker/u33:1-57411   [001] d..2. 11184.089991: i915_reg_rw: read reg=0x70040, len=4, val=(0xa3f80, 0x0)
   kworker/u33:1-57411   [001] d..3. 11184.089991: i915_reg_rw: read reg=0x70000, len=4, val=(0x2ba, 0x0)
   kworker/u33:1-57411   [001] d..1. 11184.089992: i915_reg_rw: read reg=0x70000, len=4, val=(0x2ba, 0x0)
   kworker/u33:1-57411   [001] d.... 11184.089992: i915_reg_rw: read reg=0x70040, len=4, val=(0xa3f80, 0x0)
   kworker/u33:1-57411   [001] d.... 11184.089993: intel_pipe_update_vblank_evaded: dev 0000:00:02.0, pipe A, frame=671616, scanline=699, min=1073, max=1079
   kworker/u33:1-57411   [001] d.... 11184.089993: i915_reg_rw: write reg=0x70030, len=4, val=(0x50, 0x0)
   kworker/u33:1-57411   [001] d.... 11184.089994: intel_plane_update_arm: dev 0000:00:02.0, pipe A, plane 1A, frame=671616, scanline=699, format=XR30 little-endian (0x30335258), 1920.000000x1080.000000+0.000000+0.000000 -> 1920x1080+0+0
   kworker/u33:1-57411   [001] d..2. 11184.089994: i915_reg_rw: read reg=0x70040, len=4, val=(0xa3f80, 0x0)
   kworker/u33:1-57411   [001] d..3. 11184.089995: i915_reg_rw: read reg=0x70000, len=4, val=(0x2ba, 0x0)
   kworker/u33:1-57411   [001] d.... 11184.089995: i915_reg_rw: write reg=0x70194, len=4, val=(0x0, 0x0)
   kworker/u33:1-57411   [001] d.... 11184.089995: i915_reg_rw: write reg=0x70198, len=4, val=(0x0, 0x0)
   kworker/u33:1-57411   [001] d.... 11184.089996: i915_reg_rw: write reg=0x701a0, len=4, val=(0xff000000, 0x0)
   kworker/u33:1-57411   [001] d.... 11184.089996: i915_reg_rw: write reg=0x701a4, len=4, val=(0x0, 0x0)
   kworker/u33:1-57411   [001] d.... 11184.089996: i915_reg_rw: write reg=0x701c0, len=4, val=(0x0, 0x0)
   kworker/u33:1-57411   [001] d.... 11184.089997: i915_reg_rw: write reg=0x701c4, len=4, val=(0x0, 0x0)
   kworker/u33:1-57411   [001] d.... 11184.089997: i915_reg_rw: write reg=0x70180, len=4, val=(0xc2042400, 0x0)
   kworker/u33:1-57411   [001] d.... 11184.089997: i915_reg_rw: write reg=0x7019c, len=4, val=(0x1c00000, 0x0)
   kworker/u33:1-57411   [001] d.... 11184.089998: intel_scaler_disable_arm: dev 0000:00:02.0, pipe A, scaler 0, frame=671616, scanline=700
   kworker/u33:1-57411   [001] d..2. 11184.089998: i915_reg_rw: read reg=0x70040, len=4, val=(0xa3f80, 0x0)
   kworker/u33:1-57411   [001] d..3. 11184.089998: i915_reg_rw: read reg=0x70000, len=4, val=(0x2bb, 0x0)
   kworker/u33:1-57411   [001] d.... 11184.089999: i915_reg_rw: write reg=0x68180, len=4, val=(0x0, 0x0)
   kworker/u33:1-57411   [001] d.... 11184.089999: i915_reg_rw: write reg=0x68170, len=4, val=(0x0, 0x0)
   kworker/u33:1-57411   [001] d.... 11184.089999: i915_reg_rw: write reg=0x68174, len=4, val=(0x0, 0x0)
   kworker/u33:1-57411   [001] d.... 11184.089999: intel_scaler_disable_arm: dev 0000:00:02.0, pipe A, scaler 1, frame=671616, scanline=700
   kworker/u33:1-57411   [001] d..2. 11184.090000: i915_reg_rw: read reg=0x70040, len=4, val=(0xa3f80, 0x0)
   kworker/u33:1-57411   [001] d..3. 11184.090000: i915_reg_rw: read reg=0x70000, len=4, val=(0x2bb, 0x0)
   kworker/u33:1-57411   [001] d.... 11184.090000: i915_reg_rw: write reg=0x68280, len=4, val=(0x0, 0x0)
   kworker/u33:1-57411   [001] d.... 11184.090000: i915_reg_rw: write reg=0x68270, len=4, val=(0x0, 0x0)
   kworker/u33:1-57411   [001] d.... 11184.090001: i915_reg_rw: write reg=0x68274, len=4, val=(0x0, 0x0)
   kworker/u33:1-57411   [001] d..1. 11184.090001: i915_reg_rw: read reg=0x70000, len=4, val=(0x2bb, 0x0)
   kworker/u33:1-57411   [001] d.... 11184.090002: i915_reg_rw: read reg=0x70040, len=4, val=(0xa3f80, 0x0)
   kworker/u33:1-57411   [001] d.... 11184.090002: intel_pipe_update_end: dev 0000:00:02.0, pipe A, frame=671616, scanline=700
   kworker/u33:1-57411   [001] d..2. 11184.090003: i915_reg_rw: read reg=0x70040, len=4, val=(0xa3f80, 0x0)
   kworker/u33:1-57411   [001] d..3. 11184.090003: i915_reg_rw: read reg=0x70000, len=4, val=(0x2bb, 0x0)
   kworker/u33:1-57411   [001] d..2. 11184.090004: i915_reg_rw: read reg=0x70040, len=4, val=(0xa3f80, 0x0)
     ksoftirqd/7-60      [007] d.H2. 11184.092446: i915_reg_rw: write reg=0x20a8, len=4, val=(0xfffff6f6, 0x0)
     kworker/7:0-83001   [007] ..... 11184.092610: i915_request_retire: dev=1, engine=0:0, ctx=5, seqno=714837, tail=3672
     kworker/7:0-83001   [007] d.h3. 11184.092612: i915_reg_rw: write reg=0x20a8, len=4, val=(0xfffff6f7, 0x0)
     kworker/7:0-83001   [007] ..... 11184.092640: i915_reg_rw: read reg=0x8504, len=4, val=(0xfc004c3, 0x0)
          <idle>-0       [007] d.h1. 11184.095594: i915_reg_rw: read reg=0x44408, len=4, val=(0x1, 0x0)
          <idle>-0       [007] d.h1. 11184.095594: i915_reg_rw: write reg=0x44408, len=4, val=(0x1, 0x0)
          <idle>-0       [007] d.h3. 11184.095595: i915_reg_rw: read reg=0x70040, len=4, val=(0xa3f81, 0x0)
          <idle>-0       [007] d.h4. 11184.095596: i915_reg_rw: read reg=0x70000, len=4, val=(0x437, 0x0)
          <idle>-0       [007] d.h3. 11184.095596: i915_reg_rw: read reg=0x70040, len=4, val=(0xa3f81, 0x0)
   kworker/u33:1-57411   [001] ..... 11184.095640: intel_frontbuffer_flush: dev 0000:00:02.0, frontbuffer_bits=0x00000001, origin=2
          bobide-73329   [004] ..... 11184.097299: i915_request_queue: dev=1, engine=0:0, ctx=127, seqno=108136, flags=0x0
          bobide-73329   [004] ..... 11184.097299: i915_request_add: dev=1, engine=0:0, ctx=127, seqno=108136, tail=5520
          bobide-73329   [004] ..... 11184.097541: i915_request_queue: dev=1, engine=0:0, ctx=127, seqno=108138, flags=0x0
          bobide-73329   [004] ..... 11184.097541: i915_request_add: dev=1, engine=0:0, ctx=127, seqno=108138, tail=9016
     kworker/7:0-83001   [007] ..... 11184.099167: i915_request_retire: dev=1, engine=0:0, ctx=127, seqno=108136, tail=8280
     kworker/7:0-83001   [007] ..... 11184.099170: i915_request_retire: dev=1, engine=0:0, ctx=127, seqno=108138, tail=8464
     ksoftirqd/7-60      [007] d.H2. 11184.102486: i915_reg_rw: write reg=0x20a8, len=4, val=(0xfffff6f6, 0x0)
     kworker/7:0-83001   [007] ..... 11184.102729: i915_request_retire: dev=1, engine=0:0, ctx=5, seqno=714838, tail=3808
     kworker/7:0-83001   [007] d.h3. 11184.102732: i915_reg_rw: write reg=0x20a8, len=4, val=(0xfffff6f7, 0x0)
     kworker/7:0-83001   [007] ..... 11184.102739: i915_reg_rw: read reg=0x8504, len=4, val=(0xfc004c3, 0x0)
     gnome-shell-14986   [004] ..... 11184.105213: i915_request_queue: dev=1, engine=0:0, ctx=30, seqno=1685358, flags=0x0
     gnome-shell-14986   [004] ..... 11184.105214: i915_request_add: dev=1, engine=0:0, ctx=30, seqno=1685358, tail=3312
     gnome-shell-14986   [004] ..... 11184.105249: i915_request_queue: dev=1, engine=0:0, ctx=30, seqno=1685360, flags=0x0
     gnome-shell-14986   [004] ..... 11184.105250: i915_request_add: dev=1, engine=0:0, ctx=30, seqno=1685360, tail=15640
   kworker/u33:1-57411   [001] d.h3. 11184.105467: i915_reg_rw: write reg=0x20a8, len=4, val=(0xfffff6f6, 0x0)
   kworker/u33:1-57411   [001] ..... 11184.105472: i915_request_wait_begin: dev=1, engine=0:0, ctx=30, seqno=1685358, flags=0x2
          <idle>-0       [007] d.h3. 11184.106493: i915_reg_rw: write reg=0x20a8, len=4, val=(0xfffff6f7, 0x0)
   kworker/u33:1-57411   [001] ..... 11184.106524: i915_request_wait_end: dev=1, engine=0:0, ctx=30, seqno=1685358, tail=4968
   kworker/u33:1-57411   [001] ..... 11184.106532: intel_plane_update_noarm: dev 0000:00:02.0, pipe A, plane 1A, frame=671617, scanline=691, format=XR30 little-endian (0x30335258), 1920.000000x1080.000000+0.000000+0.000000 -> 1920x1080+0+0
     kworker/7:0-83001   [007] ..... 11184.106533: i915_request_retire: dev=1, engine=0:0, ctx=30, seqno=1685358, tail=4968
   kworker/u33:1-57411   [001] ...2. 11184.106533: i915_reg_rw: read reg=0x70040, len=4, val=(0xa3f81, 0x0)
     kworker/7:0-83001   [007] ..... 11184.106534: i915_request_retire: dev=1, engine=0:0, ctx=30, seqno=1685360, tail=5152
   kworker/u33:1-57411   [001] d..3. 11184.106534: i915_reg_rw: read reg=0x70000, len=4, val=(0x2b2, 0x0)
   kworker/u33:1-57411   [001] ..... 11184.106534: i915_reg_rw: write reg=0x70188, len=4, val=(0xf, 0x0)
   kworker/u33:1-57411   [001] ..... 11184.106535: i915_reg_rw: write reg=0x7018c, len=4, val=(0x0, 0x0)
   kworker/u33:1-57411   [001] ..... 11184.106535: i915_reg_rw: write reg=0x70190, len=4, val=(0x437077f, 0x0)
   kworker/u33:1-57411   [001] ..... 11184.106535: i915_reg_rw: write reg=0x70240, len=4, val=(0x80000016, 0x0)
   kworker/u33:1-57411   [001] ..... 11184.106536: i915_reg_rw: write reg=0x70244, len=4, val=(0x8000c02b, 0x0)
   kworker/u33:1-57411   [001] ..... 11184.106536: i915_reg_rw: write reg=0x70248, len=4, val=(0x8000c02f, 0x0)
   kworker/u33:1-57411   [001] ..... 11184.106536: i915_reg_rw: write reg=0x7024c, len=4, val=(0x8001003b, 0x0)
   kworker/u33:1-57411   [001] ..... 11184.106537: i915_reg_rw: write reg=0x70250, len=4, val=(0x8001805c, 0x0)
   kworker/u33:1-57411   [001] ..... 11184.106537: i915_reg_rw: write reg=0x70254, len=4, val=(0x8001c06b, 0x0)
   kworker/u33:1-57411   [001] ..... 11184.106537: i915_reg_rw: write reg=0x70258, len=4, val=(0x8001c06b, 0x0)
   kworker/u33:1-57411   [001] ..... 11184.106537: i915_reg_rw: write reg=0x7025c, len=4, val=(0x8002007a, 0x0)
   kworker/u33:1-57411   [001] ..... 11184.106538: i915_reg_rw: write reg=0x70268, len=4, val=(0x0, 0x0)
   kworker/u33:1-57411   [001] ..... 11184.106538: i915_reg_rw: write reg=0x7027c, len=4, val=(0x35b0000, 0x0)
   kworker/u33:1-57411   [001] ..... 11184.106538: i915_reg_rw: write reg=0x70278, len=4, val=(0x0, 0x0)
   kworker/u33:1-57411   [001] d.... 11184.106540: intel_pipe_update_start: dev 0000:00:02.0, pipe A, frame=671617, scanline=691, min=1073, max=1079
   kworker/u33:1-57411   [001] d..2. 11184.106540: i915_reg_rw: read reg=0x70040, len=4, val=(0xa3f81, 0x0)
   kworker/u33:1-57411   [001] d..3. 11184.106541: i915_reg_rw: read reg=0x70000, len=4, val=(0x2b2, 0x0)
   kworker/u33:1-57411   [001] d..1. 11184.106542: i915_reg_rw: read reg=0x70000, len=4, val=(0x2b2, 0x0)
   kworker/u33:1-57411   [001] d.... 11184.106543: i915_reg_rw: read reg=0x70040, len=4, val=(0xa3f81, 0x0)
   kworker/u33:1-57411   [001] d.... 11184.106543: intel_pipe_update_vblank_evaded: dev 0000:00:02.0, pipe A, frame=671617, scanline=691, min=1073, max=1079
   kworker/u33:1-57411   [001] d.... 11184.106544: i915_reg_rw: write reg=0x70030, len=4, val=(0x50, 0x0)
   kworker/u33:1-57411   [001] d.... 11184.106545: intel_plane_update_arm: dev 0000:00:02.0, pipe A, plane 1A, frame=671617, scanline=692, format=XR30 little-endian (0x30335258), 1920.000000x1080.000000+0.000000+0.000000 -> 1920x1080+0+0
   kworker/u33:1-57411   [001] d..2. 11184.106552: i915_reg_rw: read reg=0x70040, len=4, val=(0xa3f81, 0x0)
   kworker/u33:1-57411   [001] d..3. 11184.106552: i915_reg_rw: read reg=0x70000, len=4, val=(0x2b3, 0x0)
   kworker/u33:1-57411   [001] d.... 11184.106553: i915_reg_rw: write reg=0x70194, len=4, val=(0x0, 0x0)
   kworker/u33:1-57411   [001] d.... 11184.106553: i915_reg_rw: write reg=0x70198, len=4, val=(0x0, 0x0)
   kworker/u33:1-57411   [001] d.... 11184.106553: i915_reg_rw: write reg=0x701a0, len=4, val=(0xff000000, 0x0)
   kworker/u33:1-57411   [001] d.... 11184.106553: i915_reg_rw: write reg=0x701a4, len=4, val=(0x0, 0x0)
   kworker/u33:1-57411   [001] d.... 11184.106554: i915_reg_rw: write reg=0x701c0, len=4, val=(0x0, 0x0)
   kworker/u33:1-57411   [001] d.... 11184.106554: i915_reg_rw: write reg=0x701c4, len=4, val=(0x0, 0x0)
   kworker/u33:1-57411   [001] d.... 11184.106554: i915_reg_rw: write reg=0x70180, len=4, val=(0xc2042400, 0x0)
   kworker/u33:1-57411   [001] d.... 11184.106555: i915_reg_rw: write reg=0x7019c, len=4, val=(0x25c0000, 0x0)
   kworker/u33:1-57411   [001] d.... 11184.106555: intel_scaler_disable_arm: dev 0000:00:02.0, pipe A, scaler 0, frame=671617, scanline=692
   kworker/u33:1-57411   [001] d..2. 11184.106556: i915_reg_rw: read reg=0x70040, len=4, val=(0xa3f81, 0x0)
   kworker/u33:1-57411   [001] d..3. 11184.106556: i915_reg_rw: read reg=0x70000, len=4, val=(0x2b3, 0x0)
   kworker/u33:1-57411   [001] d.... 11184.106556: i915_reg_rw: write reg=0x68180, len=4, val=(0x0, 0x0)
   kworker/u33:1-57411   [001] d.... 11184.106556: i915_reg_rw: write reg=0x68170, len=4, val=(0x0, 0x0)
   kworker/u33:1-57411   [001] d.... 11184.106557: i915_reg_rw: write reg=0x68174, len=4, val=(0x0, 0x0)
   kworker/u33:1-57411   [001] d.... 11184.106557: intel_scaler_disable_arm: dev 0000:00:02.0, pipe A, scaler 1, frame=671617, scanline=692
   kworker/u33:1-57411   [001] d..2. 11184.106557: i915_reg_rw: read reg=0x70040, len=4, val=(0xa3f81, 0x0)
   kworker/u33:1-57411   [001] d..3. 11184.106558: i915_reg_rw: read reg=0x70000, len=4, val=(0x2b3, 0x0)
   kworker/u33:1-57411   [001] d.... 11184.106558: i915_reg_rw: write reg=0x68280, len=4, val=(0x0, 0x0)
   kworker/u33:1-57411   [001] d.... 11184.106558: i915_reg_rw: write reg=0x68270, len=4, val=(0x0, 0x0)
   kworker/u33:1-57411   [001] d.... 11184.106558: i915_reg_rw: write reg=0x68274, len=4, val=(0x0, 0x0)
   kworker/u33:1-57411   [001] d..1. 11184.106559: i915_reg_rw: read reg=0x70000, len=4, val=(0x2b4, 0x0)
   kworker/u33:1-57411   [001] d.... 11184.106559: i915_reg_rw: read reg=0x70040, len=4, val=(0xa3f81, 0x0)
   kworker/u33:1-57411   [001] d.... 11184.106560: intel_pipe_update_end: dev 0000:00:02.0, pipe A, frame=671617, scanline=693
   kworker/u33:1-57411   [001] d..2. 11184.106560: i915_reg_rw: read reg=0x70040, len=4, val=(0xa3f81, 0x0)
   kworker/u33:1-57411   [001] d..3. 11184.106561: i915_reg_rw: read reg=0x70000, len=4, val=(0x2b4, 0x0)
   kworker/u33:1-57411   [001] d..2. 11184.106563: i915_reg_rw: read reg=0x70040, len=4, val=(0xa3f81, 0x0)
     ksoftirqd/7-60      [007] d.H2. 11184.109581: i915_reg_rw: write reg=0x20a8, len=4, val=(0xfffff6f6, 0x0)
     kworker/7:0-83001   [007] ..... 11184.109790: i915_request_retire: dev=1, engine=0:0, ctx=5, seqno=714839, tail=3944
     kworker/7:0-83001   [007] d.h3. 11184.109792: i915_reg_rw: write reg=0x20a8, len=4, val=(0xfffff6f7, 0x0)
     kworker/7:0-83001   [007] ..... 11184.109798: i915_reg_rw: read reg=0x8504, len=4, val=(0xfc004c3, 0x0)
          <idle>-0       [007] d.h1. 11184.112420: i915_reg_rw: read reg=0x44408, len=4, val=(0x1, 0x0)
          <idle>-0       [007] d.h1. 11184.112421: i915_reg_rw: write reg=0x44408, len=4, val=(0x1, 0x0)
          <idle>-0       [007] d.h3. 11184.112423: i915_reg_rw: read reg=0x70040, len=4, val=(0xa3f82, 0x0)
          <idle>-0       [007] d.h4. 11184.112424: i915_reg_rw: read reg=0x70000, len=4, val=(0x442, 0x0)
          <idle>-0       [007] d.h3. 11184.112425: i915_reg_rw: read reg=0x70040, len=4, val=(0xa3f82, 0x0)
   kworker/u33:1-57411   [001] ..... 11184.112482: intel_frontbuffer_flush: dev 0000:00:02.0, frontbuffer_bits=0x00000001, origin=2
          bobide-73329   [004] ..... 11184.114145: i915_request_queue: dev=1, engine=0:0, ctx=127, seqno=108140, flags=0x0
          bobide-73329   [004] ..... 11184.114146: i915_request_add: dev=1, engine=0:0, ctx=127, seqno=108140, tail=1472
          bobide-73329   [004] ..... 11184.114351: i915_request_queue: dev=1, engine=0:0, ctx=127, seqno=108142, flags=0x0
          bobide-73329   [004] ..... 11184.114351: i915_request_add: dev=1, engine=0:0, ctx=127, seqno=108142, tail=3496
     kworker/7:0-83001   [007] ..... 11184.114779: i915_request_retire: dev=1, engine=0:0, ctx=127, seqno=108140, tail=8648
     kworker/7:0-83001   [007] ..... 11184.114782: i915_request_retire: dev=1, engine=0:0, ctx=127, seqno=108142, tail=8832
     ksoftirqd/7-60      [007] d.H2. 11184.117435: i915_reg_rw: write reg=0x20a8, len=4, val=(0xfffff6f6, 0x0)
     kworker/7:0-83001   [007] ..... 11184.117607: i915_request_retire: dev=1, engine=0:0, ctx=5, seqno=714840, tail=4080
     kworker/7:0-83001   [007] d.h3. 11184.117609: i915_reg_rw: write reg=0x20a8, len=4, val=(0xfffff6f7, 0x0)
     kworker/7:0-83001   [007] ..... 11184.117636: i915_reg_rw: read reg=0x8504, len=4, val=(0xfc004c3, 0x0)
     gnome-shell-14986   [004] ..... 11184.121806: i915_request_queue: dev=1, engine=0:0, ctx=30, seqno=1685362, flags=0x0
     gnome-shell-14986   [004] ..... 11184.121807: i915_request_add: dev=1, engine=0:0, ctx=30, seqno=1685362, tail=1656
     gnome-shell-14986   [004] ..... 11184.121954: i915_request_queue: dev=1, engine=0:0, ctx=30, seqno=1685364, flags=0x0
     gnome-shell-14986   [004] ..... 11184.121954: i915_request_add: dev=1, engine=0:0, ctx=30, seqno=1685364, tail=4784
   kworker/u33:1-57411   [001] d.h3. 11184.122234: i915_reg_rw: write reg=0x20a8, len=4, val=(0xfffff6f6, 0x0)
   kworker/u33:1-57411   [001] ..... 11184.122241: i915_request_wait_begin: dev=1, engine=0:0, ctx=30, seqno=1685362, flags=0x2
   kworker/u33:1-57411   [001] ..... 11184.123119: i915_request_wait_end: dev=1, engine=0:0, ctx=30, seqno=1685362, tail=5336
          <idle>-0       [007] d.h3. 11184.123124: i915_reg_rw: write reg=0x20a8, len=4, val=(0xfffff6f7, 0x0)
   kworker/u33:1-57411   [001] ..... 11184.123127: intel_plane_update_noarm: dev 0000:00:02.0, pipe A, plane 1A, frame=671618, scanline=686, format=XR30 little-endian (0x30335258), 1920.000000x1080.000000+0.000000+0.000000 -> 1920x1080+0+0
   kworker/u33:1-57411   [001] ...2. 11184.123128: i915_reg_rw: read reg=0x70040, len=4, val=(0xa3f82, 0x0)
   kworker/u33:1-57411   [001] d..3. 11184.123129: i915_reg_rw: read reg=0x70000, len=4, val=(0x2ad, 0x0)
   kworker/u33:1-57411   [001] ..... 11184.123130: i915_reg_rw: write reg=0x70188, len=4, val=(0xf, 0x0)
   kworker/u33:1-57411   [001] ..... 11184.123130: i915_reg_rw: write reg=0x7018c, len=4, val=(0x0, 0x0)
   kworker/u33:1-57411   [001] ..... 11184.123130: i915_reg_rw: write reg=0x70190, len=4, val=(0x437077f, 0x0)
   kworker/u33:1-57411   [001] ..... 11184.123131: i915_reg_rw: write reg=0x70240, len=4, val=(0x80000016, 0x0)
   kworker/u33:1-57411   [001] ..... 11184.123131: i915_reg_rw: write reg=0x70244, len=4, val=(0x8000c02b, 0x0)
   kworker/u33:1-57411   [001] ..... 11184.123131: i915_reg_rw: write reg=0x70248, len=4, val=(0x8000c02f, 0x0)
   kworker/u33:1-57411   [001] ..... 11184.123132: i915_reg_rw: write reg=0x7024c, len=4, val=(0x8001003b, 0x0)
   kworker/u33:1-57411   [001] ..... 11184.123132: i915_reg_rw: write reg=0x70250, len=4, val=(0x8001805c, 0x0)
   kworker/u33:1-57411   [001] ..... 11184.123132: i915_reg_rw: write reg=0x70254, len=4, val=(0x8001c06b, 0x0)
   kworker/u33:1-57411   [001] ..... 11184.123132: i915_reg_rw: write reg=0x70258, len=4, val=(0x8001c06b, 0x0)
   kworker/u33:1-57411   [001] ..... 11184.123133: i915_reg_rw: write reg=0x7025c, len=4, val=(0x8002007a, 0x0)
   kworker/u33:1-57411   [001] ..... 11184.123133: i915_reg_rw: write reg=0x70268, len=4, val=(0x0, 0x0)
   kworker/u33:1-57411   [001] ..... 11184.123133: i915_reg_rw: write reg=0x7027c, len=4, val=(0x35b0000, 0x0)
   kworker/u33:1-57411   [001] ..... 11184.123134: i915_reg_rw: write reg=0x70278, len=4, val=(0x0, 0x0)
   kworker/u33:1-57411   [001] d.... 11184.123135: intel_pipe_update_start: dev 0000:00:02.0, pipe A, frame=671618, scanline=687, min=1073, max=1079
   kworker/u33:1-57411   [001] d..2. 11184.123135: i915_reg_rw: read reg=0x70040, len=4, val=(0xa3f82, 0x0)
   kworker/u33:1-57411   [001] d..3. 11184.123136: i915_reg_rw: read reg=0x70000, len=4, val=(0x2ae, 0x0)
   kworker/u33:1-57411   [001] d..1. 11184.123136: i915_reg_rw: read reg=0x70000, len=4, val=(0x2ae, 0x0)
   kworker/u33:1-57411   [001] d.... 11184.123137: i915_reg_rw: read reg=0x70040, len=4, val=(0xa3f82, 0x0)
   kworker/u33:1-57411   [001] d.... 11184.123137: intel_pipe_update_vblank_evaded: dev 0000:00:02.0, pipe A, frame=671618, scanline=687, min=1073, max=1079
   kworker/u33:1-57411   [001] d.... 11184.123138: i915_reg_rw: write reg=0x70030, len=4, val=(0x50, 0x0)
   kworker/u33:1-57411   [001] d.... 11184.123139: intel_plane_update_arm: dev 0000:00:02.0, pipe A, plane 1A, frame=671618, scanline=687, format=XR30 little-endian (0x30335258), 1920.000000x1080.000000+0.000000+0.000000 -> 1920x1080+0+0
   kworker/u33:1-57411   [001] d..2. 11184.123139: i915_reg_rw: read reg=0x70040, len=4, val=(0xa3f82, 0x0)
   kworker/u33:1-57411   [001] d..3. 11184.123139: i915_reg_rw: read reg=0x70000, len=4, val=(0x2ae, 0x0)
   kworker/u33:1-57411   [001] d.... 11184.123140: i915_reg_rw: write reg=0x70194, len=4, val=(0x0, 0x0)
   kworker/u33:1-57411   [001] d.... 11184.123140: i915_reg_rw: write reg=0x70198, len=4, val=(0x0, 0x0)
   kworker/u33:1-57411   [001] d.... 11184.123140: i915_reg_rw: write reg=0x701a0, len=4, val=(0xff000000, 0x0)
   kworker/u33:1-57411   [001] d.... 11184.123141: i915_reg_rw: write reg=0x701a4, len=4, val=(0x0, 0x0)
   kworker/u33:1-57411   [001] d.... 11184.123141: i915_reg_rw: write reg=0x701c0, len=4, val=(0x0, 0x0)
   kworker/u33:1-57411   [001] d.... 11184.123141: i915_reg_rw: write reg=0x701c4, len=4, val=(0x0, 0x0)
   kworker/u33:1-57411   [001] d.... 11184.123141: i915_reg_rw: write reg=0x70180, len=4, val=(0xc2042400, 0x0)
   kworker/u33:1-57411   [001] d.... 11184.123142: i915_reg_rw: write reg=0x7019c, len=4, val=(0x3300000, 0x0)
   kworker/u33:1-57411   [001] d.... 11184.123142: intel_scaler_disable_arm: dev 0000:00:02.0, pipe A, scaler 0, frame=671618, scanline=687
   kworker/u33:1-57411   [001] d..2. 11184.123143: i915_reg_rw: read reg=0x70040, len=4, val=(0xa3f82, 0x0)
   kworker/u33:1-57411   [001] d..3. 11184.123143: i915_reg_rw: read reg=0x70000, len=4, val=(0x2ae, 0x0)
   kworker/u33:1-57411   [001] d.... 11184.123143: i915_reg_rw: write reg=0x68180, len=4, val=(0x0, 0x0)
   kworker/u33:1-57411   [001] d.... 11184.123143: i915_reg_rw: write reg=0x68170, len=4, val=(0x0, 0x0)
   kworker/u33:1-57411   [001] d.... 11184.123144: i915_reg_rw: write reg=0x68174, len=4, val=(0x0, 0x0)
   kworker/u33:1-57411   [001] d.... 11184.123144: intel_scaler_disable_arm: dev 0000:00:02.0, pipe A, scaler 1, frame=671618, scanline=687
   kworker/u33:1-57411   [001] d..2. 11184.123144: i915_reg_rw: read reg=0x70040, len=4, val=(0xa3f82, 0x0)
   kworker/u33:1-57411   [001] d..3. 11184.123145: i915_reg_rw: read reg=0x70000, len=4, val=(0x2ae, 0x0)
   kworker/u33:1-57411   [001] d.... 11184.123145: i915_reg_rw: write reg=0x68280, len=4, val=(0x0, 0x0)
   kworker/u33:1-57411   [001] d.... 11184.123145: i915_reg_rw: write reg=0x68270, len=4, val=(0x0, 0x0)
   kworker/u33:1-57411   [001] d.... 11184.123145: i915_reg_rw: write reg=0x68274, len=4, val=(0x0, 0x0)
   kworker/u33:1-57411   [001] d..1. 11184.123146: i915_reg_rw: read reg=0x70000, len=4, val=(0x2ae, 0x0)
   kworker/u33:1-57411   [001] d.... 11184.123146: i915_reg_rw: read reg=0x70040, len=4, val=(0xa3f82, 0x0)
   kworker/u33:1-57411   [001] d.... 11184.123146: intel_pipe_update_end: dev 0000:00:02.0, pipe A, frame=671618, scanline=687
   kworker/u33:1-57411   [001] d..2. 11184.123147: i915_reg_rw: read reg=0x70040, len=4, val=(0xa3f82, 0x0)
   kworker/u33:1-57411   [001] d..3. 11184.123148: i915_reg_rw: read reg=0x70000, len=4, val=(0x2ae, 0x0)
   kworker/u33:1-57411   [001] d..2. 11184.123149: i915_reg_rw: read reg=0x70040, len=4, val=(0xa3f82, 0x0)
     kworker/7:0-83001   [007] ..... 11184.123156: i915_request_retire: dev=1, engine=0:0, ctx=30, seqno=1685362, tail=5336
     kworker/7:0-83001   [007] ..... 11184.123157: i915_request_retire: dev=1, engine=0:0, ctx=30, seqno=1685364, tail=5520
     ksoftirqd/7-60      [007] d.H2. 11184.125435: i915_reg_rw: write reg=0x20a8, len=4, val=(0xfffff6f6, 0x0)
     kworker/7:0-83001   [007] ..... 11184.125604: i915_request_retire: dev=1, engine=0:0, ctx=5, seqno=714841, tail=136
     kworker/7:0-83001   [007] d.h3. 11184.125605: i915_reg_rw: write reg=0x20a8, len=4, val=(0xfffff6f7, 0x0)
     kworker/7:0-83001   [007] ..... 11184.125632: i915_reg_rw: read reg=0x8504, len=4, val=(0xfc004c3, 0x0)
          <idle>-0       [007] d.h1. 11184.128930: i915_reg_rw: read reg=0x44408, len=4, val=(0x1, 0x0)
          <idle>-0       [007] d.h1. 11184.128930: i915_reg_rw: write reg=0x44408, len=4, val=(0x1, 0x0)
          <idle>-0       [007] d.h3. 11184.128931: i915_reg_rw: read reg=0x70040, len=4, val=(0xa3f83, 0x0)
          <idle>-0       [007] d.h4. 11184.128931: i915_reg_rw: read reg=0x70000, len=4, val=(0x437, 0x0)
          <idle>-0       [007] d.h3. 11184.128932: i915_reg_rw: read reg=0x70040, len=4, val=(0xa3f83, 0x0)
   kworker/u33:1-57411   [001] ..... 11184.128973: intel_frontbuffer_flush: dev 0000:00:02.0, frontbuffer_bits=0x00000001, origin=2
          bobide-73329   [004] ..... 11184.130463: i915_request_queue: dev=1, engine=0:0, ctx=127, seqno=108144, flags=0x0
          bobide-73329   [004] ..... 11184.130464: i915_request_add: dev=1, engine=0:0, ctx=127, seqno=108144, tail=7912
          bobide-73329   [004] ..... 11184.130627: i915_request_queue: dev=1, engine=0:0, ctx=127, seqno=108146, flags=0x0
          bobide-73329   [004] ..... 11184.130628: i915_request_add: dev=1, engine=0:0, ctx=127, seqno=108146, tail=8280
     kworker/7:0-83001   [007] ..... 11184.130855: i915_request_retire: dev=1, engine=0:0, ctx=127, seqno=108144, tail=9016
     kworker/7:0-83001   [007] ..... 11184.130857: i915_request_retire: dev=1, engine=0:0, ctx=127, seqno=108146, tail=9200
     ksoftirqd/7-60      [007] d.H2. 11184.133433: i915_reg_rw: write reg=0x20a8, len=4, val=(0xfffff6f6, 0x0)
     kworker/7:0-83001   [007] ..... 11184.133672: i915_request_retire: dev=1, engine=0:0, ctx=5, seqno=714842, tail=272
     kworker/7:0-83001   [007] d.h3. 11184.133674: i915_reg_rw: write reg=0x20a8, len=4, val=(0xfffff6f7, 0x0)
     kworker/7:0-83001   [007] ..... 11184.133680: i915_reg_rw: read reg=0x8504, len=4, val=(0xfc004c3, 0x0)
     gnome-shell-14986   [004] ..... 11184.138527: i915_request_queue: dev=1, engine=0:0, ctx=30, seqno=1685366, flags=0x0
     gnome-shell-14986   [004] ..... 11184.138528: i915_request_add: dev=1, engine=0:0, ctx=30, seqno=1685366, tail=8096
     gnome-shell-14986   [004] ..... 11184.138700: i915_request_queue: dev=1, engine=0:0, ctx=30, seqno=1685368, flags=0x0
     gnome-shell-14986   [004] ..... 11184.138701: i915_request_add: dev=1, engine=0:0, ctx=30, seqno=1685368, tail=5152
   kworker/u33:1-57411   [001] d.h3. 11184.138906: i915_reg_rw: write reg=0x20a8, len=4, val=(0xfffff6f6, 0x0)
   kworker/u33:1-57411   [001] ..... 11184.138911: i915_request_wait_begin: dev=1, engine=0:0, ctx=30, seqno=1685366, flags=0x2
          <idle>-0       [007] d.H3. 11184.140024: i915_reg_rw: write reg=0x20a8, len=4, val=(0xfffff6f7, 0x0)
     kworker/7:0-83001   [007] ..... 11184.140033: i915_request_retire: dev=1, engine=0:0, ctx=30, seqno=1685366, tail=5704
     kworker/7:0-83001   [007] ..... 11184.140033: i915_request_retire: dev=1, engine=0:0, ctx=30, seqno=1685368, tail=5888
   kworker/u33:1-57411   [001] ..... 11184.140058: i915_request_wait_end: dev=1, engine=0:0, ctx=30, seqno=1685366, tail=5704
   kworker/u33:1-57411   [001] ..... 11184.140066: intel_plane_update_noarm: dev 0000:00:02.0, pipe A, plane 1A, frame=671619, scanline=705, format=XR30 little-endian (0x30335258), 1920.000000x1080.000000+0.000000+0.000000 -> 1920x1080+0+0
   kworker/u33:1-57411   [001] ...2. 11184.140067: i915_reg_rw: read reg=0x70040, len=4, val=(0xa3f83, 0x0)
   kworker/u33:1-57411   [001] d..3. 11184.140068: i915_reg_rw: read reg=0x70000, len=4, val=(0x2c0, 0x0)
   kworker/u33:1-57411   [001] ..... 11184.140068: i915_reg_rw: write reg=0x70188, len=4, val=(0xf, 0x0)
   kworker/u33:1-57411   [001] ..... 11184.140069: i915_reg_rw: write reg=0x7018c, len=4, val=(0x0, 0x0)
   kworker/u33:1-57411   [001] ..... 11184.140069: i915_reg_rw: write reg=0x70190, len=4, val=(0x437077f, 0x0)
   kworker/u33:1-57411   [001] ..... 11184.140070: i915_reg_rw: write reg=0x70240, len=4, val=(0x80000016, 0x0)
   kworker/u33:1-57411   [001] ..... 11184.140070: i915_reg_rw: write reg=0x70244, len=4, val=(0x8000c02b, 0x0)
   kworker/u33:1-57411   [001] ..... 11184.140070: i915_reg_rw: write reg=0x70248, len=4, val=(0x8000c02f, 0x0)
   kworker/u33:1-57411   [001] ..... 11184.140070: i915_reg_rw: write reg=0x7024c, len=4, val=(0x8001003b, 0x0)
   kworker/u33:1-57411   [001] ..... 11184.140071: i915_reg_rw: write reg=0x70250, len=4, val=(0x8001805c, 0x0)
   kworker/u33:1-57411   [001] ..... 11184.140071: i915_reg_rw: write reg=0x70254, len=4, val=(0x8001c06b, 0x0)
   kworker/u33:1-57411   [001] ..... 11184.140071: i915_reg_rw: write reg=0x70258, len=4, val=(0x8001c06b, 0x0)
   kworker/u33:1-57411   [001] ..... 11184.140072: i915_reg_rw: write reg=0x7025c, len=4, val=(0x8002007a, 0x0)
   kworker/u33:1-57411   [001] ..... 11184.140072: i915_reg_rw: write reg=0x70268, len=4, val=(0x0, 0x0)
   kworker/u33:1-57411   [001] ..... 11184.140072: i915_reg_rw: write reg=0x7027c, len=4, val=(0x35b0000, 0x0)
   kworker/u33:1-57411   [001] ..... 11184.140073: i915_reg_rw: write reg=0x70278, len=4, val=(0x0, 0x0)
   kworker/u33:1-57411   [001] d.... 11184.140074: intel_pipe_update_start: dev 0000:00:02.0, pipe A, frame=671619, scanline=705, min=1073, max=1079
   kworker/u33:1-57411   [001] d..2. 11184.140075: i915_reg_rw: read reg=0x70040, len=4, val=(0xa3f83, 0x0)
   kworker/u33:1-57411   [001] d..3. 11184.140075: i915_reg_rw: read reg=0x70000, len=4, val=(0x2c0, 0x0)
   kworker/u33:1-57411   [001] d..1. 11184.140076: i915_reg_rw: read reg=0x70000, len=4, val=(0x2c0, 0x0)
   kworker/u33:1-57411   [001] d.... 11184.140076: i915_reg_rw: read reg=0x70040, len=4, val=(0xa3f83, 0x0)
   kworker/u33:1-57411   [001] d.... 11184.140077: intel_pipe_update_vblank_evaded: dev 0000:00:02.0, pipe A, frame=671619, scanline=705, min=1073, max=1079
   kworker/u33:1-57411   [001] d.... 11184.140077: i915_reg_rw: write reg=0x70030, len=4, val=(0x50, 0x0)
   kworker/u33:1-57411   [001] d.... 11184.140078: intel_plane_update_arm: dev 0000:00:02.0, pipe A, plane 1A, frame=671619, scanline=705, format=XR30 little-endian (0x30335258), 1920.000000x1080.000000+0.000000+0.000000 -> 1920x1080+0+0
   kworker/u33:1-57411   [001] d..2. 11184.140078: i915_reg_rw: read reg=0x70040, len=4, val=(0xa3f83, 0x0)
   kworker/u33:1-57411   [001] d..3. 11184.140079: i915_reg_rw: read reg=0x70000, len=4, val=(0x2c0, 0x0)
   kworker/u33:1-57411   [001] d.... 11184.140079: i915_reg_rw: write reg=0x70194, len=4, val=(0x0, 0x0)
   kworker/u33:1-57411   [001] d.... 11184.140080: i915_reg_rw: write reg=0x70198, len=4, val=(0x0, 0x0)
   kworker/u33:1-57411   [001] d.... 11184.140080: i915_reg_rw: write reg=0x701a0, len=4, val=(0xff000000, 0x0)
   kworker/u33:1-57411   [001] d.... 11184.140080: i915_reg_rw: write reg=0x701a4, len=4, val=(0x0, 0x0)
   kworker/u33:1-57411   [001] d.... 11184.140080: i915_reg_rw: write reg=0x701c0, len=4, val=(0x0, 0x0)
   kworker/u33:1-57411   [001] d.... 11184.140081: i915_reg_rw: write reg=0x701c4, len=4, val=(0x0, 0x0)
   kworker/u33:1-57411   [001] d.... 11184.140081: i915_reg_rw: write reg=0x70180, len=4, val=(0xc2042400, 0x0)
   kworker/u33:1-57411   [001] d.... 11184.140081: i915_reg_rw: write reg=0x7019c, len=4, val=(0x1c00000, 0x0)
   kworker/u33:1-57411   [001] d.... 11184.140082: intel_scaler_disable_arm: dev 0000:00:02.0, pipe A, scaler 0, frame=671619, scanline=706
   kworker/u33:1-57411   [001] d..2. 11184.140082: i915_reg_rw: read reg=0x70040, len=4, val=(0xa3f83, 0x0)
   kworker/u33:1-57411   [001] d..3. 11184.140083: i915_reg_rw: read reg=0x70000, len=4, val=(0x2c1, 0x0)
   kworker/u33:1-57411   [001] d.... 11184.140083: i915_reg_rw: write reg=0x68180, len=4, val=(0x0, 0x0)
   kworker/u33:1-57411   [001] d.... 11184.140083: i915_reg_rw: write reg=0x68170, len=4, val=(0x0, 0x0)
   kworker/u33:1-57411   [001] d.... 11184.140084: i915_reg_rw: write reg=0x68174, len=4, val=(0x0, 0x0)
   kworker/u33:1-57411   [001] d.... 11184.140084: intel_scaler_disable_arm: dev 0000:00:02.0, pipe A, scaler 1, frame=671619, scanline=706
   kworker/u33:1-57411   [001] d..2. 11184.140084: i915_reg_rw: read reg=0x70040, len=4, val=(0xa3f83, 0x0)
   kworker/u33:1-57411   [001] d..3. 11184.140085: i915_reg_rw: read reg=0x70000, len=4, val=(0x2c1, 0x0)
   kworker/u33:1-57411   [001] d.... 11184.140085: i915_reg_rw: write reg=0x68280, len=4, val=(0x0, 0x0)
   kworker/u33:1-57411   [001] d.... 11184.140085: i915_reg_rw: write reg=0x68270, len=4, val=(0x0, 0x0)
   kworker/u33:1-57411   [001] d.... 11184.140085: i915_reg_rw: write reg=0x68274, len=4, val=(0x0, 0x0)
   kworker/u33:1-57411   [001] d..1. 11184.140086: i915_reg_rw: read reg=0x70000, len=4, val=(0x2c1, 0x0)
   kworker/u33:1-57411   [001] d.... 11184.140086: i915_reg_rw: read reg=0x70040, len=4, val=(0xa3f83, 0x0)
   kworker/u33:1-57411   [001] d.... 11184.140087: intel_pipe_update_end: dev 0000:00:02.0, pipe A, frame=671619, scanline=706
   kworker/u33:1-57411   [001] d..2. 11184.140087: i915_reg_rw: read reg=0x70040, len=4, val=(0xa3f83, 0x0)
   kworker/u33:1-57411   [001] d..3. 11184.140088: i915_reg_rw: read reg=0x70000, len=4, val=(0x2c1, 0x0)
   kworker/u33:1-57411   [001] d..2. 11184.140089: i915_reg_rw: read reg=0x70040, len=4, val=(0xa3f83, 0x0)
     ksoftirqd/7-60      [007] d.H2. 11184.142569: i915_reg_rw: write reg=0x20a8, len=4, val=(0xfffff6f6, 0x0)
     kworker/7:0-83001   [007] ..... 11184.142748: i915_request_retire: dev=1, engine=0:0, ctx=5, seqno=714843, tail=408
     kworker/7:0-83001   [007] d.h3. 11184.142751: i915_reg_rw: write reg=0x20a8, len=4, val=(0xfffff6f7, 0x0)
     kworker/7:0-83001   [007] ..... 11184.142775: i915_reg_rw: read reg=0x8504, len=4, val=(0xfc004c3, 0x0)
          <idle>-0       [007] d.h1. 11184.145589: i915_reg_rw: read reg=0x44408, len=4, val=(0x1, 0x0)
          <idle>-0       [007] d.h1. 11184.145590: i915_reg_rw: write reg=0x44408, len=4, val=(0x1, 0x0)
          <idle>-0       [007] d.h3. 11184.145591: i915_reg_rw: read reg=0x70040, len=4, val=(0xa3f84, 0x0)
          <idle>-0       [007] d.h4. 11184.145592: i915_reg_rw: read reg=0x70000, len=4, val=(0x437, 0x0)
          <idle>-0       [007] d.h3. 11184.145593: i915_reg_rw: read reg=0x70040, len=4, val=(0xa3f84, 0x0)
   kworker/u33:1-57411   [001] ..... 11184.145628: intel_frontbuffer_flush: dev 0000:00:02.0, frontbuffer_bits=0x00000001, origin=2
          bobide-73329   [004] ..... 11184.147077: i915_request_queue: dev=1, engine=0:0, ctx=127, seqno=108148, flags=0x0
          bobide-73329   [004] ..... 11184.147078: i915_request_add: dev=1, engine=0:0, ctx=127, seqno=108148, tail=15272
          bobide-73329   [004] ..... 11184.147278: i915_request_queue: dev=1, engine=0:0, ctx=127, seqno=108150, flags=0x0
          bobide-73329   [004] ..... 11184.147279: i915_request_add: dev=1, engine=0:0, ctx=127, seqno=108150, tail=6256
     kworker/7:0-83001   [007] ..... 11184.147487: i915_request_retire: dev=1, engine=0:0, ctx=127, seqno=108148, tail=9384
     kworker/7:0-83001   [007] ..... 11184.147491: i915_request_retire: dev=1, engine=0:0, ctx=127, seqno=108150, tail=9568
     kworker/3:1-83      [003] d.H4. 11184.151472: i915_reg_rw: write reg=0x20a8, len=4, val=(0xfffff6f6, 0x0)
     kworker/7:0-83001   [007] ..... 11184.151680: i915_request_retire: dev=1, engine=0:0, ctx=5, seqno=714844, tail=544
     kworker/7:0-83001   [007] d.h3. 11184.151682: i915_reg_rw: write reg=0x20a8, len=4, val=(0xfffff6f7, 0x0)
     kworker/7:0-83001   [007] ..... 11184.151736: i915_reg_rw: read reg=0x8504, len=4, val=(0xfc004c3, 0x0)
     gnome-shell-14986   [004] ..... 11184.155278: i915_request_queue: dev=1, engine=0:0, ctx=30, seqno=1685370, flags=0x0
     gnome-shell-14986   [004] ..... 11184.155280: i915_request_add: dev=1, engine=0:0, ctx=30, seqno=1685370, tail=9568
     gnome-shell-14986   [004] ..... 11184.155503: i915_request_queue: dev=1, engine=0:0, ctx=30, seqno=1685372, flags=0x0
     gnome-shell-14986   [004] ..... 11184.155503: i915_request_add: dev=1, engine=0:0, ctx=30, seqno=1685372, tail=9200
   kworker/u33:1-57411   [001] d.h3. 11184.155877: i915_reg_rw: write reg=0x20a8, len=4, val=(0xfffff6f6, 0x0)
   kworker/u33:1-57411   [001] ..... 11184.155884: i915_request_wait_begin: dev=1, engine=0:0, ctx=30, seqno=1685370, flags=0x2
          <idle>-0       [007] d.H3. 11184.157020: i915_reg_rw: write reg=0x20a8, len=4, val=(0xfffff6f7, 0x0)
     kworker/7:0-83001   [007] ..... 11184.157031: i915_request_retire: dev=1, engine=0:0, ctx=30, seqno=1685370, tail=6072
     kworker/7:0-83001   [007] ..... 11184.157032: i915_request_retire: dev=1, engine=0:0, ctx=30, seqno=1685372, tail=6256
   kworker/u33:1-57411   [001] ..... 11184.157067: i915_request_wait_end: dev=1, engine=0:0, ctx=30, seqno=1685370, tail=6072
   kworker/u33:1-57411   [001] ..... 11184.157077: intel_plane_update_noarm: dev 0000:00:02.0, pipe A, plane 1A, frame=671620, scanline=728, format=XR30 little-endian (0x30335258), 1920.000000x1080.000000+0.000000+0.000000 -> 1920x1080+0+0
   kworker/u33:1-57411   [001] ...2. 11184.157079: i915_reg_rw: read reg=0x70040, len=4, val=(0xa3f84, 0x0)
   kworker/u33:1-57411   [001] d..3. 11184.157079: i915_reg_rw: read reg=0x70000, len=4, val=(0x2d7, 0x0)
   kworker/u33:1-57411   [001] ..... 11184.157081: i915_reg_rw: write reg=0x70188, len=4, val=(0xf, 0x0)
   kworker/u33:1-57411   [001] ..... 11184.157082: i915_reg_rw: write reg=0x7018c, len=4, val=(0x0, 0x0)
   kworker/u33:1-57411   [001] ..... 11184.157082: i915_reg_rw: write reg=0x70190, len=4, val=(0x437077f, 0x0)
   kworker/u33:1-57411   [001] ..... 11184.157083: i915_reg_rw: write reg=0x70240, len=4, val=(0x80000016, 0x0)
   kworker/u33:1-57411   [001] ..... 11184.157083: i915_reg_rw: write reg=0x70244, len=4, val=(0x8000c02b, 0x0)
   kworker/u33:1-57411   [001] ..... 11184.157084: i915_reg_rw: write reg=0x70248, len=4, val=(0x8000c02f, 0x0)
   kworker/u33:1-57411   [001] ..... 11184.157084: i915_reg_rw: write reg=0x7024c, len=4, val=(0x8001003b, 0x0)
   kworker/u33:1-57411   [001] ..... 11184.157084: i915_reg_rw: write reg=0x70250, len=4, val=(0x8001805c, 0x0)
   kworker/u33:1-57411   [001] ..... 11184.157085: i915_reg_rw: write reg=0x70254, len=4, val=(0x8001c06b, 0x0)
   kworker/u33:1-57411   [001] ..... 11184.157085: i915_reg_rw: write reg=0x70258, len=4, val=(0x8001c06b, 0x0)
   kworker/u33:1-57411   [001] ..... 11184.157086: i915_reg_rw: write reg=0x7025c, len=4, val=(0x8002007a, 0x0)
   kworker/u33:1-57411   [001] ..... 11184.157086: i915_reg_rw: write reg=0x70268, len=4, val=(0x0, 0x0)
   kworker/u33:1-57411   [001] ..... 11184.157086: i915_reg_rw: write reg=0x7027c, len=4, val=(0x35b0000, 0x0)
   kworker/u33:1-57411   [001] ..... 11184.157087: i915_reg_rw: write reg=0x70278, len=4, val=(0x0, 0x0)
   kworker/u33:1-57411   [001] d.... 11184.157089: intel_pipe_update_start: dev 0000:00:02.0, pipe A, frame=671620, scanline=729, min=1073, max=1079
   kworker/u33:1-57411   [001] d..2. 11184.157090: i915_reg_rw: read reg=0x70040, len=4, val=(0xa3f84, 0x0)
   kworker/u33:1-57411   [001] d..3. 11184.157090: i915_reg_rw: read reg=0x70000, len=4, val=(0x2d8, 0x0)
   kworker/u33:1-57411   [001] d..1. 11184.157091: i915_reg_rw: read reg=0x70000, len=4, val=(0x2d8, 0x0)
   kworker/u33:1-57411   [001] d.... 11184.157092: i915_reg_rw: read reg=0x70040, len=4, val=(0xa3f84, 0x0)
   kworker/u33:1-57411   [001] d.... 11184.157093: intel_pipe_update_vblank_evaded: dev 0000:00:02.0, pipe A, frame=671620, scanline=729, min=1073, max=1079
   kworker/u33:1-57411   [001] d.... 11184.157093: i915_reg_rw: write reg=0x70030, len=4, val=(0x50, 0x0)
   kworker/u33:1-57411   [001] d.... 11184.157094: intel_plane_update_arm: dev 0000:00:02.0, pipe A, plane 1A, frame=671620, scanline=729, format=XR30 little-endian (0x30335258), 1920.000000x1080.000000+0.000000+0.000000 -> 1920x1080+0+0
   kworker/u33:1-57411   [001] d..2. 11184.157095: i915_reg_rw: read reg=0x70040, len=4, val=(0xa3f84, 0x0)
   kworker/u33:1-57411   [001] d..3. 11184.157095: i915_reg_rw: read reg=0x70000, len=4, val=(0x2d8, 0x0)
   kworker/u33:1-57411   [001] d.... 11184.157096: i915_reg_rw: write reg=0x70194, len=4, val=(0x0, 0x0)
   kworker/u33:1-57411   [001] d.... 11184.157096: i915_reg_rw: write reg=0x70198, len=4, val=(0x0, 0x0)
   kworker/u33:1-57411   [001] d.... 11184.157097: i915_reg_rw: write reg=0x701a0, len=4, val=(0xff000000, 0x0)
   kworker/u33:1-57411   [001] d.... 11184.157097: i915_reg_rw: write reg=0x701a4, len=4, val=(0x0, 0x0)
   kworker/u33:1-57411   [001] d.... 11184.157097: i915_reg_rw: write reg=0x701c0, len=4, val=(0x0, 0x0)
   kworker/u33:1-57411   [001] d.... 11184.157098: i915_reg_rw: write reg=0x701c4, len=4, val=(0x0, 0x0)
   kworker/u33:1-57411   [001] d.... 11184.157098: i915_reg_rw: write reg=0x70180, len=4, val=(0xc2042400, 0x0)
   kworker/u33:1-57411   [001] d.... 11184.157099: i915_reg_rw: write reg=0x7019c, len=4, val=(0x25c0000, 0x0)
   kworker/u33:1-57411   [001] d.... 11184.157100: intel_scaler_disable_arm: dev 0000:00:02.0, pipe A, scaler 0, frame=671620, scanline=730
   kworker/u33:1-57411   [001] d..2. 11184.157100: i915_reg_rw: read reg=0x70040, len=4, val=(0xa3f84, 0x0)
   kworker/u33:1-57411   [001] d..3. 11184.157101: i915_reg_rw: read reg=0x70000, len=4, val=(0x2d9, 0x0)
   kworker/u33:1-57411   [001] d.... 11184.157101: i915_reg_rw: write reg=0x68180, len=4, val=(0x0, 0x0)
   kworker/u33:1-57411   [001] d.... 11184.157101: i915_reg_rw: write reg=0x68170, len=4, val=(0x0, 0x0)
   kworker/u33:1-57411   [001] d.... 11184.157102: i915_reg_rw: write reg=0x68174, len=4, val=(0x0, 0x0)
   kworker/u33:1-57411   [001] d.... 11184.157102: intel_scaler_disable_arm: dev 0000:00:02.0, pipe A, scaler 1, frame=671620, scanline=730
   kworker/u33:1-57411   [001] d..2. 11184.157103: i915_reg_rw: read reg=0x70040, len=4, val=(0xa3f84, 0x0)
   kworker/u33:1-57411   [001] d..3. 11184.157103: i915_reg_rw: read reg=0x70000, len=4, val=(0x2d9, 0x0)
   kworker/u33:1-57411   [001] d.... 11184.157103: i915_reg_rw: write reg=0x68280, len=4, val=(0x0, 0x0)
   kworker/u33:1-57411   [001] d.... 11184.157104: i915_reg_rw: write reg=0x68270, len=4, val=(0x0, 0x0)
   kworker/u33:1-57411   [001] d.... 11184.157104: i915_reg_rw: write reg=0x68274, len=4, val=(0x0, 0x0)
   kworker/u33:1-57411   [001] d..1. 11184.157105: i915_reg_rw: read reg=0x70000, len=4, val=(0x2d9, 0x0)
   kworker/u33:1-57411   [001] d.... 11184.157105: i915_reg_rw: read reg=0x70040, len=4, val=(0xa3f84, 0x0)
   kworker/u33:1-57411   [001] d.... 11184.157106: intel_pipe_update_end: dev 0000:00:02.0, pipe A, frame=671620, scanline=730
   kworker/u33:1-57411   [001] d..2. 11184.157107: i915_reg_rw: read reg=0x70040, len=4, val=(0xa3f84, 0x0)
   kworker/u33:1-57411   [001] d..3. 11184.157108: i915_reg_rw: read reg=0x70000, len=4, val=(0x2d9, 0x0)
   kworker/u33:1-57411   [001] d..2. 11184.157108: i915_reg_rw: read reg=0x70040, len=4, val=(0xa3f84, 0x0)
     ksoftirqd/7-60      [007] d.H2. 11184.160447: i915_reg_rw: write reg=0x20a8, len=4, val=(0xfffff6f6, 0x0)
     kworker/7:0-83001   [007] ..... 11184.160624: i915_request_retire: dev=1, engine=0:0, ctx=5, seqno=714845, tail=680
     kworker/7:0-83001   [007] d.h3. 11184.160626: i915_reg_rw: write reg=0x20a8, len=4, val=(0xfffff6f7, 0x0)
     kworker/7:0-83001   [007] ..... 11184.160651: i915_reg_rw: read reg=0x8504, len=4, val=(0xfc004c3, 0x0)
          <idle>-0       [007] d.h1. 11184.162288: i915_reg_rw: read reg=0x44408, len=4, val=(0x1, 0x0)
          <idle>-0       [007] d.h1. 11184.162288: i915_reg_rw: write reg=0x44408, len=4, val=(0x1, 0x0)
          <idle>-0       [007] d.h3. 11184.162290: i915_reg_rw: read reg=0x70040, len=4, val=(0xa3f85, 0x0)
          <idle>-0       [007] d.h4. 11184.162291: i915_reg_rw: read reg=0x70000, len=4, val=(0x439, 0x0)
          <idle>-0       [007] d.h3. 11184.162292: i915_reg_rw: read reg=0x70040, len=4, val=(0xa3f85, 0x0)
   kworker/u33:1-57411   [001] ..... 11184.162305: intel_frontbuffer_flush: dev 0000:00:02.0, frontbuffer_bits=0x00000001, origin=2
          bobide-73329   [004] ..... 11184.163890: i915_request_queue: dev=1, engine=0:0, ctx=127, seqno=108152, flags=0x0
          bobide-73329   [004] ..... 11184.163892: i915_request_add: dev=1, engine=0:0, ctx=127, seqno=108152, tail=4784
          bobide-73329   [004] ..... 11184.164147: i915_request_queue: dev=1, engine=0:0, ctx=127, seqno=108154, flags=0x0
          bobide-73329   [004] ..... 11184.164148: i915_request_add: dev=1, engine=0:0, ctx=127, seqno=108154, tail=10120
     kworker/7:0-83001   [007] ..... 11184.164335: i915_request_retire: dev=1, engine=0:0, ctx=127, seqno=108152, tail=9752
     kworker/7:0-83001   [007] ..... 11184.164340: i915_request_retire: dev=1, engine=0:0, ctx=127, seqno=108154, tail=9936
     ksoftirqd/7-60      [007] d.H2. 11184.166450: i915_reg_rw: write reg=0x20a8, len=4, val=(0xfffff6f6, 0x0)
     kworker/7:0-83001   [007] ..... 11184.166625: i915_request_retire: dev=1, engine=0:0, ctx=5, seqno=714846, tail=816
     kworker/7:0-83001   [007] d.h3. 11184.166628: i915_reg_rw: write reg=0x20a8, len=4, val=(0xfffff6f7, 0x0)
     kworker/7:0-83001   [007] ..... 11184.166653: i915_reg_rw: read reg=0x8504, len=4, val=(0xfc004c3, 0x0)
     gnome-shell-14986   [004] ..... 11184.172082: i915_request_queue: dev=1, engine=0:0, ctx=30, seqno=1685374, flags=0x0
     gnome-shell-14986   [004] ..... 11184.172084: i915_request_add: dev=1, engine=0:0, ctx=30, seqno=1685374, tail=3312
     gnome-shell-14986   [004] ..... 11184.172275: i915_request_queue: dev=1, engine=0:0, ctx=30, seqno=1685376, flags=0x0
     gnome-shell-14986   [004] ..... 11184.172276: i915_request_add: dev=1, engine=0:0, ctx=30, seqno=1685376, tail=6624
     kworker/7:0-83001   [007] ..... 11184.172609: i915_request_retire: dev=1, engine=0:0, ctx=30, seqno=1685374, tail=6440
     kworker/7:0-83001   [007] ..... 11184.172621: i915_request_retire: dev=1, engine=0:0, ctx=30, seqno=1685376, tail=6624
   kworker/u33:1-57411   [001] ..... 11184.172782: intel_plane_update_noarm: dev 0000:00:02.0, pipe A, plane 1A, frame=671621, scanline=663, format=XR30 little-endian (0x30335258), 1920.000000x1080.000000+0.000000+0.000000 -> 1920x1080+0+0
   kworker/u33:1-57411   [001] ...2. 11184.172784: i915_reg_rw: read reg=0x70040, len=4, val=(0xa3f85, 0x0)
   kworker/u33:1-57411   [001] d..3. 11184.172786: i915_reg_rw: read reg=0x70000, len=4, val=(0x296, 0x0)
   kworker/u33:1-57411   [001] ..... 11184.172788: i915_reg_rw: write reg=0x70188, len=4, val=(0xf, 0x0)
   kworker/u33:1-57411   [001] ..... 11184.172789: i915_reg_rw: write reg=0x7018c, len=4, val=(0x0, 0x0)
   kworker/u33:1-57411   [001] ..... 11184.172790: i915_reg_rw: write reg=0x70190, len=4, val=(0x437077f, 0x0)
   kworker/u33:1-57411   [001] ..... 11184.172791: i915_reg_rw: write reg=0x70240, len=4, val=(0x80000016, 0x0)
   kworker/u33:1-57411   [001] ..... 11184.172791: i915_reg_rw: write reg=0x70244, len=4, val=(0x8000c02b, 0x0)
   kworker/u33:1-57411   [001] ..... 11184.172792: i915_reg_rw: write reg=0x70248, len=4, val=(0x8000c02f, 0x0)
   kworker/u33:1-57411   [001] ..... 11184.172793: i915_reg_rw: write reg=0x7024c, len=4, val=(0x8001003b, 0x0)
   kworker/u33:1-57411   [001] ..... 11184.172794: i915_reg_rw: write reg=0x70250, len=4, val=(0x8001805c, 0x0)
   kworker/u33:1-57411   [001] ..... 11184.172801: i915_reg_rw: write reg=0x70254, len=4, val=(0x8001c06b, 0x0)
   kworker/u33:1-57411   [001] ..... 11184.172802: i915_reg_rw: write reg=0x70258, len=4, val=(0x8001c06b, 0x0)
   kworker/u33:1-57411   [001] ..... 11184.172803: i915_reg_rw: write reg=0x7025c, len=4, val=(0x8002007a, 0x0)
   kworker/u33:1-57411   [001] ..... 11184.172803: i915_reg_rw: write reg=0x70268, len=4, val=(0x0, 0x0)
   kworker/u33:1-57411   [001] ..... 11184.172804: i915_reg_rw: write reg=0x7027c, len=4, val=(0x35b0000, 0x0)
   kworker/u33:1-57411   [001] ..... 11184.172805: i915_reg_rw: write reg=0x70278, len=4, val=(0x0, 0x0)
   kworker/u33:1-57411   [001] d.... 11184.172809: intel_pipe_update_start: dev 0000:00:02.0, pipe A, frame=671621, scanline=665, min=1073, max=1079
   kworker/u33:1-57411   [001] d..2. 11184.172810: i915_reg_rw: read reg=0x70040, len=4, val=(0xa3f85, 0x0)
   kworker/u33:1-57411   [001] d..3. 11184.172810: i915_reg_rw: read reg=0x70000, len=4, val=(0x298, 0x0)
   kworker/u33:1-57411   [001] d..1. 11184.172812: i915_reg_rw: read reg=0x70000, len=4, val=(0x298, 0x0)
   kworker/u33:1-57411   [001] d.... 11184.172813: i915_reg_rw: read reg=0x70040, len=4, val=(0xa3f85, 0x0)
   kworker/u33:1-57411   [001] d.... 11184.172814: intel_pipe_update_vblank_evaded: dev 0000:00:02.0, pipe A, frame=671621, scanline=665, min=1073, max=1079
   kworker/u33:1-57411   [001] d.... 11184.172815: i915_reg_rw: write reg=0x70030, len=4, val=(0x50, 0x0)
   kworker/u33:1-57411   [001] d.... 11184.172816: intel_plane_update_arm: dev 0000:00:02.0, pipe A, plane 1A, frame=671621, scanline=666, format=XR30 little-endian (0x30335258), 1920.000000x1080.000000+0.000000+0.000000 -> 1920x1080+0+0
   kworker/u33:1-57411   [001] d..2. 11184.172824: i915_reg_rw: read reg=0x70040, len=4, val=(0xa3f85, 0x0)
   kworker/u33:1-57411   [001] d..3. 11184.172824: i915_reg_rw: read reg=0x70000, len=4, val=(0x299, 0x0)
   kworker/u33:1-57411   [001] d.... 11184.172825: i915_reg_rw: write reg=0x70194, len=4, val=(0x0, 0x0)
   kworker/u33:1-57411   [001] d.... 11184.172825: i915_reg_rw: write reg=0x70198, len=4, val=(0x0, 0x0)
   kworker/u33:1-57411   [001] d.... 11184.172826: i915_reg_rw: write reg=0x701a0, len=4, val=(0xff000000, 0x0)
   kworker/u33:1-57411   [001] d.... 11184.172826: i915_reg_rw: write reg=0x701a4, len=4, val=(0x0, 0x0)
   kworker/u33:1-57411   [001] d.... 11184.172827: i915_reg_rw: write reg=0x701c0, len=4, val=(0x0, 0x0)
   kworker/u33:1-57411   [001] d.... 11184.172827: i915_reg_rw: write reg=0x701c4, len=4, val=(0x0, 0x0)
   kworker/u33:1-57411   [001] d.... 11184.172828: i915_reg_rw: write reg=0x70180, len=4, val=(0xc2042400, 0x0)
   kworker/u33:1-57411   [001] d.... 11184.172828: i915_reg_rw: write reg=0x7019c, len=4, val=(0x3300000, 0x0)
   kworker/u33:1-57411   [001] d.... 11184.172829: intel_scaler_disable_arm: dev 0000:00:02.0, pipe A, scaler 0, frame=671621, scanline=666
   kworker/u33:1-57411   [001] d..2. 11184.172830: i915_reg_rw: read reg=0x70040, len=4, val=(0xa3f85, 0x0)
   kworker/u33:1-57411   [001] d..3. 11184.172830: i915_reg_rw: read reg=0x70000, len=4, val=(0x299, 0x0)
   kworker/u33:1-57411   [001] d.... 11184.172831: i915_reg_rw: write reg=0x68180, len=4, val=(0x0, 0x0)
   kworker/u33:1-57411   [001] d.... 11184.172831: i915_reg_rw: write reg=0x68170, len=4, val=(0x0, 0x0)
   kworker/u33:1-57411   [001] d.... 11184.172832: i915_reg_rw: write reg=0x68174, len=4, val=(0x0, 0x0)
   kworker/u33:1-57411   [001] d.... 11184.172832: intel_scaler_disable_arm: dev 0000:00:02.0, pipe A, scaler 1, frame=671621, scanline=667
   kworker/u33:1-57411   [001] d..2. 11184.172833: i915_reg_rw: read reg=0x70040, len=4, val=(0xa3f85, 0x0)
   kworker/u33:1-57411   [001] d..3. 11184.172834: i915_reg_rw: read reg=0x70000, len=4, val=(0x29a, 0x0)
   kworker/u33:1-57411   [001] d.... 11184.172835: i915_reg_rw: write reg=0x68280, len=4, val=(0x0, 0x0)
   kworker/u33:1-57411   [001] d.... 11184.172835: i915_reg_rw: write reg=0x68270, len=4, val=(0x0, 0x0)
   kworker/u33:1-57411   [001] d.... 11184.172836: i915_reg_rw: write reg=0x68274, len=4, val=(0x0, 0x0)
   kworker/u33:1-57411   [001] d..1. 11184.172838: i915_reg_rw: read reg=0x70000, len=4, val=(0x29a, 0x0)
   kworker/u33:1-57411   [001] d.... 11184.172839: i915_reg_rw: read reg=0x70040, len=4, val=(0xa3f85, 0x0)
   kworker/u33:1-57411   [001] d.... 11184.172839: intel_pipe_update_end: dev 0000:00:02.0, pipe A, frame=671621, scanline=667
   kworker/u33:1-57411   [001] d..2. 11184.172846: i915_reg_rw: read reg=0x70040, len=4, val=(0xa3f85, 0x0)
   kworker/u33:1-57411   [001] d..3. 11184.172847: i915_reg_rw: read reg=0x70000, len=4, val=(0x29a, 0x0)
   kworker/u33:1-57411   [001] d..2. 11184.172848: i915_reg_rw: read reg=0x70040, len=4, val=(0xa3f85, 0x0)
     ksoftirqd/7-60      [007] d.H2. 11184.176579: i915_reg_rw: write reg=0x20a8, len=4, val=(0xfffff6f6, 0x0)
     kworker/7:0-83001   [007] ..... 11184.176808: i915_request_retire: dev=1, engine=0:0, ctx=5, seqno=714847, tail=952
     kworker/7:0-83001   [007] d.h3. 11184.176811: i915_reg_rw: write reg=0x20a8, len=4, val=(0xfffff6f7, 0x0)
     kworker/7:0-83001   [007] ..... 11184.176833: i915_reg_rw: read reg=0x8504, len=4, val=(0xfc004c3, 0x0)
          <idle>-0       [007] d.h1. 11184.178985: i915_reg_rw: read reg=0x44408, len=4, val=(0x1, 0x0)
          <idle>-0       [007] d.h1. 11184.178986: i915_reg_rw: write reg=0x44408, len=4, val=(0x1, 0x0)
          <idle>-0       [007] d.h3. 11184.178987: i915_reg_rw: read reg=0x70040, len=4, val=(0xa3f86, 0x0)
          <idle>-0       [007] d.h4. 11184.178988: i915_reg_rw: read reg=0x70000, len=4, val=(0x43c, 0x0)
          <idle>-0       [007] d.h3. 11184.178989: i915_reg_rw: read reg=0x70040, len=4, val=(0xa3f86, 0x0)
   kworker/u33:1-57411   [001] ..... 11184.179065: intel_frontbuffer_flush: dev 0000:00:02.0, frontbuffer_bits=0x00000001, origin=2
          bobide-73329   [007] ..... 11184.181155: i915_request_queue: dev=1, engine=0:0, ctx=127, seqno=108156, flags=0x0
          bobide-73329   [007] ..... 11184.181157: i915_request_add: dev=1, engine=0:0, ctx=127, seqno=108156, tail=952
     kworker/7:0-83001   [007] ..... 11184.181632: i915_request_retire: dev=1, engine=0:0, ctx=127, seqno=108156, tail=10120
     ksoftirqd/7-60      [007] d.H2. 11184.185541: i915_reg_rw: write reg=0x20a8, len=4, val=(0xfffff6f6, 0x0)
     kworker/7:0-83001   [007] ..... 11184.185856: i915_request_retire: dev=1, engine=0:0, ctx=5, seqno=714848, tail=1088
     kworker/7:0-83001   [007] d.h3. 11184.185861: i915_reg_rw: write reg=0x20a8, len=4, val=(0xfffff6f7, 0x0)
     kworker/7:0-83001   [007] ..... 11184.185876: i915_reg_rw: read reg=0x8504, len=4, val=(0xfc004c3, 0x0)
     gnome-shell-14986   [001] ..... 11184.189250: i915_request_queue: dev=1, engine=0:0, ctx=30, seqno=1685378, flags=0x0
     gnome-shell-14986   [001] ..... 11184.189253: i915_request_add: dev=1, engine=0:0, ctx=30, seqno=1685378, tail=11408
     gnome-shell-14986   [001] ..... 11184.189488: i915_request_queue: dev=1, engine=0:0, ctx=30, seqno=1685380, flags=0x0
     gnome-shell-14986   [001] ..... 11184.189490: i915_request_add: dev=1, engine=0:0, ctx=30, seqno=1685380, tail=2944
     kworker/7:0-83001   [007] ..... 11184.189667: i915_request_retire: dev=1, engine=0:0, ctx=30, seqno=1685378, tail=6808
     kworker/7:0-83001   [007] ..... 11184.189686: i915_request_retire: dev=1, engine=0:0, ctx=30, seqno=1685380, tail=6992
   kworker/u33:1-57411   [007] ..... 11184.189923: intel_plane_update_noarm: dev 0000:00:02.0, pipe A, plane 1A, frame=671622, scanline=696, format=XR30 little-endian (0x30335258), 1920.000000x1080.000000+0.000000+0.000000 -> 1920x1080+0+0
   kworker/u33:1-57411   [007] ...2. 11184.189926: i915_reg_rw: read reg=0x70040, len=4, val=(0xa3f86, 0x0)
   kworker/u33:1-57411   [007] d..3. 11184.189928: i915_reg_rw: read reg=0x70000, len=4, val=(0x2b7, 0x0)
   kworker/u33:1-57411   [007] ..... 11184.189932: i915_reg_rw: write reg=0x70188, len=4, val=(0xf, 0x0)
   kworker/u33:1-57411   [007] ..... 11184.189933: i915_reg_rw: write reg=0x7018c, len=4, val=(0x0, 0x0)
   kworker/u33:1-57411   [007] ..... 11184.189934: i915_reg_rw: write reg=0x70190, len=4, val=(0x437077f, 0x0)
   kworker/u33:1-57411   [007] ..... 11184.189935: i915_reg_rw: write reg=0x70240, len=4, val=(0x80000016, 0x0)
   kworker/u33:1-57411   [007] ..... 11184.189936: i915_reg_rw: write reg=0x70244, len=4, val=(0x8000c02b, 0x0)
   kworker/u33:1-57411   [007] ..... 11184.189937: i915_reg_rw: write reg=0x70248, len=4, val=(0x8000c02f, 0x0)
   kworker/u33:1-57411   [007] ..... 11184.189938: i915_reg_rw: write reg=0x7024c, len=4, val=(0x8001003b, 0x0)
   kworker/u33:1-57411   [007] ..... 11184.189939: i915_reg_rw: write reg=0x70250, len=4, val=(0x8001805c, 0x0)
   kworker/u33:1-57411   [007] ..... 11184.189941: i915_reg_rw: write reg=0x70254, len=4, val=(0x8001c06b, 0x0)
   kworker/u33:1-57411   [007] ..... 11184.189942: i915_reg_rw: write reg=0x70258, len=4, val=(0x8001c06b, 0x0)
   kworker/u33:1-57411   [007] ..... 11184.189943: i915_reg_rw: write reg=0x7025c, len=4, val=(0x8002007a, 0x0)
   kworker/u33:1-57411   [007] ..... 11184.189944: i915_reg_rw: write reg=0x70268, len=4, val=(0x0, 0x0)
   kworker/u33:1-57411   [007] ..... 11184.189945: i915_reg_rw: write reg=0x7027c, len=4, val=(0x35b0000, 0x0)
   kworker/u33:1-57411   [007] ..... 11184.189947: i915_reg_rw: write reg=0x70278, len=4, val=(0x0, 0x0)
   kworker/u33:1-57411   [007] d.... 11184.189953: intel_pipe_update_start: dev 0000:00:02.0, pipe A, frame=671622, scanline=698, min=1073, max=1079
   kworker/u33:1-57411   [007] d..2. 11184.189955: i915_reg_rw: read reg=0x70040, len=4, val=(0xa3f86, 0x0)
   kworker/u33:1-57411   [007] d..3. 11184.189956: i915_reg_rw: read reg=0x70000, len=4, val=(0x2b9, 0x0)
   kworker/u33:1-57411   [007] d..1. 11184.189958: i915_reg_rw: read reg=0x70000, len=4, val=(0x2b9, 0x0)
   kworker/u33:1-57411   [007] d.... 11184.189961: i915_reg_rw: read reg=0x70040, len=4, val=(0xa3f86, 0x0)
   kworker/u33:1-57411   [007] d.... 11184.189962: intel_pipe_update_vblank_evaded: dev 0000:00:02.0, pipe A, frame=671622, scanline=698, min=1073, max=1079
   kworker/u33:1-57411   [007] d.... 11184.189964: i915_reg_rw: write reg=0x70030, len=4, val=(0x50, 0x0)
   kworker/u33:1-57411   [007] d.... 11184.189968: intel_plane_update_arm: dev 0000:00:02.0, pipe A, plane 1A, frame=671622, scanline=699, format=XR30 little-endian (0x30335258), 1920.000000x1080.000000+0.000000+0.000000 -> 1920x1080+0+0
   kworker/u33:1-57411   [007] d..2. 11184.189969: i915_reg_rw: read reg=0x70040, len=4, val=(0xa3f86, 0x0)
   kworker/u33:1-57411   [007] d..3. 11184.189971: i915_reg_rw: read reg=0x70000, len=4, val=(0x2ba, 0x0)
   kworker/u33:1-57411   [007] d.... 11184.189972: i915_reg_rw: write reg=0x70194, len=4, val=(0x0, 0x0)
   kworker/u33:1-57411   [007] d.... 11184.189973: i915_reg_rw: write reg=0x70198, len=4, val=(0x0, 0x0)
   kworker/u33:1-57411   [007] d.... 11184.189974: i915_reg_rw: write reg=0x701a0, len=4, val=(0xff000000, 0x0)
   kworker/u33:1-57411   [007] d.... 11184.189976: i915_reg_rw: write reg=0x701a4, len=4, val=(0x0, 0x0)
   kworker/u33:1-57411   [007] d.... 11184.189977: i915_reg_rw: write reg=0x701c0, len=4, val=(0x0, 0x0)
   kworker/u33:1-57411   [007] d.... 11184.189978: i915_reg_rw: write reg=0x701c4, len=4, val=(0x0, 0x0)
   kworker/u33:1-57411   [007] d.... 11184.189979: i915_reg_rw: write reg=0x70180, len=4, val=(0xc2042400, 0x0)
   kworker/u33:1-57411   [007] d.... 11184.189981: i915_reg_rw: write reg=0x7019c, len=4, val=(0x1c00000, 0x0)
   kworker/u33:1-57411   [007] d.... 11184.189983: intel_scaler_disable_arm: dev 0000:00:02.0, pipe A, scaler 0, frame=671622, scanline=700
   kworker/u33:1-57411   [007] d..2. 11184.189984: i915_reg_rw: read reg=0x70040, len=4, val=(0xa3f86, 0x0)
   kworker/u33:1-57411   [007] d..3. 11184.189986: i915_reg_rw: read reg=0x70000, len=4, val=(0x2bb, 0x0)
   kworker/u33:1-57411   [007] d.... 11184.189987: i915_reg_rw: write reg=0x68180, len=4, val=(0x0, 0x0)
   kworker/u33:1-57411   [007] d.... 11184.189988: i915_reg_rw: write reg=0x68170, len=4, val=(0x0, 0x0)
   kworker/u33:1-57411   [007] d.... 11184.189989: i915_reg_rw: write reg=0x68174, len=4, val=(0x0, 0x0)
   kworker/u33:1-57411   [007] d.... 11184.189990: intel_scaler_disable_arm: dev 0000:00:02.0, pipe A, scaler 1, frame=671622, scanline=700
   kworker/u33:1-57411   [007] d..2. 11184.189991: i915_reg_rw: read reg=0x70040, len=4, val=(0xa3f86, 0x0)
   kworker/u33:1-57411   [007] d..3. 11184.189993: i915_reg_rw: read reg=0x70000, len=4, val=(0x2bb, 0x0)
   kworker/u33:1-57411   [007] d.... 11184.189993: i915_reg_rw: write reg=0x68280, len=4, val=(0x0, 0x0)
   kworker/u33:1-57411   [007] d.... 11184.189994: i915_reg_rw: write reg=0x68270, len=4, val=(0x0, 0x0)
   kworker/u33:1-57411   [007] d.... 11184.189996: i915_reg_rw: write reg=0x68274, len=4, val=(0x0, 0x0)
   kworker/u33:1-57411   [007] d..1. 11184.189997: i915_reg_rw: read reg=0x70000, len=4, val=(0x2bb, 0x0)
   kworker/u33:1-57411   [007] d.... 11184.189999: i915_reg_rw: read reg=0x70040, len=4, val=(0xa3f86, 0x0)
   kworker/u33:1-57411   [007] d.... 11184.190001: intel_pipe_update_end: dev 0000:00:02.0, pipe A, frame=671622, scanline=700
   kworker/u33:1-57411   [007] d..2. 11184.190004: i915_reg_rw: read reg=0x70040, len=4, val=(0xa3f86, 0x0)
   kworker/u33:1-57411   [007] d..3. 11184.190006: i915_reg_rw: read reg=0x70000, len=4, val=(0x2bc, 0x0)
   kworker/u33:1-57411   [007] d..2. 11184.190007: i915_reg_rw: read reg=0x70040, len=4, val=(0xa3f86, 0x0)
     ksoftirqd/7-60      [007] d.H2. 11184.193562: i915_reg_rw: write reg=0x20a8, len=4, val=(0xfffff6f6, 0x0)
     kworker/7:0-83001   [007] ..... 11184.193805: i915_request_retire: dev=1, engine=0:0, ctx=5, seqno=714849, tail=1224
     kworker/7:0-83001   [007] d.h3. 11184.193810: i915_reg_rw: write reg=0x20a8, len=4, val=(0xfffff6f7, 0x0)
     kworker/7:0-83001   [007] ..... 11184.193834: i915_reg_rw: read reg=0x8504, len=4, val=(0xfc004c3, 0x0)
          <idle>-0       [007] d.h1. 11184.195593: i915_reg_rw: read reg=0x44408, len=4, val=(0x1, 0x0)
          <idle>-0       [007] d.h1. 11184.195595: i915_reg_rw: write reg=0x44408, len=4, val=(0x1, 0x0)
          <idle>-0       [007] d.h3. 11184.195600: i915_reg_rw: read reg=0x70040, len=4, val=(0xa3f87, 0x0)
          <idle>-0       [007] d.h4. 11184.195602: i915_reg_rw: read reg=0x70000, len=4, val=(0x438, 0x0)
          <idle>-0       [007] d.h3. 11184.195604: i915_reg_rw: read reg=0x70040, len=4, val=(0xa3f87, 0x0)
   kworker/u33:1-57411   [007] ..... 11184.195653: intel_frontbuffer_flush: dev 0000:00:02.0, frontbuffer_bits=0x00000001, origin=2
          bobide-73329   [005] ..... 11184.198547: i915_request_queue: dev=1, engine=0:0, ctx=127, seqno=108158, flags=0x0
          bobide-73329   [005] ..... 11184.198551: i915_request_add: dev=1, engine=0:0, ctx=127, seqno=108158, tail=7912
     kworker/7:0-83001   [007] ..... 11184.199273: i915_request_retire: dev=1, engine=0:0, ctx=127, seqno=108158, tail=10304
     ksoftirqd/7-60      [007] d.H2. 11184.202500: i915_reg_rw: write reg=0x20a8, len=4, val=(0xfffff6f6, 0x0)
     kworker/7:0-83001   [007] ..... 11184.202751: i915_request_retire: dev=1, engine=0:0, ctx=5, seqno=714850, tail=1360
     kworker/7:0-83001   [007] d.h3. 11184.202758: i915_reg_rw: write reg=0x20a8, len=4, val=(0xfffff6f7, 0x0)
     kworker/7:0-83001   [007] ..... 11184.202780: i915_reg_rw: read reg=0x8504, len=4, val=(0xfc004c3, 0x0)
     gnome-shell-14986   [001] ..... 11184.205861: i915_request_queue: dev=1, engine=0:0, ctx=30, seqno=1685382, flags=0x0
     gnome-shell-14986   [001] ..... 11184.205865: i915_request_add: dev=1, engine=0:0, ctx=30, seqno=1685382, tail=736
     gnome-shell-14986   [001] ..... 11184.206082: i915_request_queue: dev=1, engine=0:0, ctx=30, seqno=1685384, flags=0x0
     gnome-shell-14986   [001] ..... 11184.206083: i915_request_add: dev=1, engine=0:0, ctx=30, seqno=1685384, tail=1224
     kworker/7:0-83001   [007] ..... 11184.206326: i915_request_retire: dev=1, engine=0:0, ctx=30, seqno=1685382, tail=7176
     kworker/7:0-83001   [007] ..... 11184.206346: i915_request_retire: dev=1, engine=0:0, ctx=30, seqno=1685384, tail=7360
   kworker/u33:1-57411   [001] ..... 11184.206689: intel_plane_update_noarm: dev 0000:00:02.0, pipe A, plane 1A, frame=671623, scanline=703, format=XR30 little-endian (0x30335258), 1920.000000x1080.000000+0.000000+0.000000 -> 1920x1080+0+0
   kworker/u33:1-57411   [001] ...2. 11184.206693: i915_reg_rw: read reg=0x70040, len=4, val=(0xa3f87, 0x0)
   kworker/u33:1-57411   [001] d..3. 11184.206694: i915_reg_rw: read reg=0x70000, len=4, val=(0x2be, 0x0)
   kworker/u33:1-57411   [001] ..... 11184.206697: i915_reg_rw: write reg=0x70188, len=4, val=(0xf, 0x0)
   kworker/u33:1-57411   [001] ..... 11184.206698: i915_reg_rw: write reg=0x7018c, len=4, val=(0x0, 0x0)
   kworker/u33:1-57411   [001] ..... 11184.206699: i915_reg_rw: write reg=0x70190, len=4, val=(0x437077f, 0x0)
   kworker/u33:1-57411   [001] ..... 11184.206700: i915_reg_rw: write reg=0x70240, len=4, val=(0x80000016, 0x0)
   kworker/u33:1-57411   [001] ..... 11184.206701: i915_reg_rw: write reg=0x70244, len=4, val=(0x8000c02b, 0x0)
   kworker/u33:1-57411   [001] ..... 11184.206701: i915_reg_rw: write reg=0x70248, len=4, val=(0x8000c02f, 0x0)
   kworker/u33:1-57411   [001] ..... 11184.206702: i915_reg_rw: write reg=0x7024c, len=4, val=(0x8001003b, 0x0)
   kworker/u33:1-57411   [001] ..... 11184.206704: i915_reg_rw: write reg=0x70250, len=4, val=(0x8001805c, 0x0)
   kworker/u33:1-57411   [001] ..... 11184.206705: i915_reg_rw: write reg=0x70254, len=4, val=(0x8001c06b, 0x0)
   kworker/u33:1-57411   [001] ..... 11184.206706: i915_reg_rw: write reg=0x70258, len=4, val=(0x8001c06b, 0x0)
   kworker/u33:1-57411   [001] ..... 11184.206707: i915_reg_rw: write reg=0x7025c, len=4, val=(0x8002007a, 0x0)
   kworker/u33:1-57411   [001] ..... 11184.206707: i915_reg_rw: write reg=0x70268, len=4, val=(0x0, 0x0)
   kworker/u33:1-57411   [001] ..... 11184.206708: i915_reg_rw: write reg=0x7027c, len=4, val=(0x35b0000, 0x0)
   kworker/u33:1-57411   [001] ..... 11184.206709: i915_reg_rw: write reg=0x70278, len=4, val=(0x0, 0x0)
   kworker/u33:1-57411   [001] ..... 11184.206710: intel_plane_update_noarm: dev 0000:00:02.0, pipe A, cursor A, frame=671623, scanline=704, format=AR24 little-endian (0x34325241), 256.000000x256.000000+0.000000+0.000000 -> 256x256+1613+275
   kworker/u33:1-57411   [001] ...2. 11184.206711: i915_reg_rw: read reg=0x70040, len=4, val=(0xa3f87, 0x0)
   kworker/u33:1-57411   [001] d..3. 11184.206712: i915_reg_rw: read reg=0x70000, len=4, val=(0x2bf, 0x0)
   kworker/u33:1-57411   [001] d.... 11184.206717: intel_pipe_update_start: dev 0000:00:02.0, pipe A, frame=671623, scanline=704, min=1073, max=1079
   kworker/u33:1-57411   [001] d..2. 11184.206718: i915_reg_rw: read reg=0x70040, len=4, val=(0xa3f87, 0x0)
   kworker/u33:1-57411   [001] d..3. 11184.206719: i915_reg_rw: read reg=0x70000, len=4, val=(0x2bf, 0x0)
   kworker/u33:1-57411   [001] d..1. 11184.206721: i915_reg_rw: read reg=0x70000, len=4, val=(0x2bf, 0x0)
   kworker/u33:1-57411   [001] d.... 11184.206723: i915_reg_rw: read reg=0x70040, len=4, val=(0xa3f87, 0x0)
   kworker/u33:1-57411   [001] d.... 11184.206724: intel_pipe_update_vblank_evaded: dev 0000:00:02.0, pipe A, frame=671623, scanline=704, min=1073, max=1079
   kworker/u33:1-57411   [001] d.... 11184.206725: i915_reg_rw: write reg=0x70030, len=4, val=(0x50, 0x0)
   kworker/u33:1-57411   [001] d.... 11184.206727: intel_plane_update_arm: dev 0000:00:02.0, pipe A, plane 1A, frame=671623, scanline=705, format=XR30 little-endian (0x30335258), 1920.000000x1080.000000+0.000000+0.000000 -> 1920x1080+0+0
   kworker/u33:1-57411   [001] d..2. 11184.206728: i915_reg_rw: read reg=0x70040, len=4, val=(0xa3f87, 0x0)
   kworker/u33:1-57411   [001] d..3. 11184.206729: i915_reg_rw: read reg=0x70000, len=4, val=(0x2c0, 0x0)
   kworker/u33:1-57411   [001] d.... 11184.206731: i915_reg_rw: write reg=0x70194, len=4, val=(0x0, 0x0)
   kworker/u33:1-57411   [001] d.... 11184.206731: i915_reg_rw: write reg=0x70198, len=4, val=(0x0, 0x0)
   kworker/u33:1-57411   [001] d.... 11184.206757: i915_reg_rw: write reg=0x701a0, len=4, val=(0xff000000, 0x0)
   kworker/u33:1-57411   [001] d.... 11184.206758: i915_reg_rw: write reg=0x701a4, len=4, val=(0x0, 0x0)
   kworker/u33:1-57411   [001] d.... 11184.206759: i915_reg_rw: write reg=0x701c0, len=4, val=(0x0, 0x0)
   kworker/u33:1-57411   [001] d.... 11184.206760: i915_reg_rw: write reg=0x701c4, len=4, val=(0x0, 0x0)
   kworker/u33:1-57411   [001] d.... 11184.206761: i915_reg_rw: write reg=0x70180, len=4, val=(0xc2042400, 0x0)
   kworker/u33:1-57411   [001] d.... 11184.206763: i915_reg_rw: write reg=0x7019c, len=4, val=(0x25c0000, 0x0)
   kworker/u33:1-57411   [001] d.... 11184.206764: intel_plane_update_arm: dev 0000:00:02.0, pipe A, cursor A, frame=671623, scanline=707, format=AR24 little-endian (0x34325241), 256.000000x256.000000+0.000000+0.000000 -> 256x256+1613+275
   kworker/u33:1-57411   [001] d..2. 11184.206765: i915_reg_rw: read reg=0x70040, len=4, val=(0xa3f87, 0x0)
   kworker/u33:1-57411   [001] d..3. 11184.206766: i915_reg_rw: read reg=0x70000, len=4, val=(0x2c2, 0x0)
   kworker/u33:1-57411   [001] d.... 11184.206770: i915_reg_rw: write reg=0x70140, len=4, val=(0x80000004, 0x0)
   kworker/u33:1-57411   [001] d.... 11184.206772: i915_reg_rw: write reg=0x70144, len=4, val=(0x80008008, 0x0)
   kworker/u33:1-57411   [001] d.... 11184.206773: i915_reg_rw: write reg=0x70148, len=4, val=(0x80008008, 0x0)
   kworker/u33:1-57411   [001] d.... 11184.206774: i915_reg_rw: write reg=0x7014c, len=4, val=(0x8000c00b, 0x0)
   kworker/u33:1-57411   [001] d.... 11184.206775: i915_reg_rw: write reg=0x70150, len=4, val=(0x80014011, 0x0)
   kworker/u33:1-57411   [001] d.... 11184.206776: i915_reg_rw: write reg=0x70154, len=4, val=(0x80018014, 0x0)
   kworker/u33:1-57411   [001] d.... 11184.206777: i915_reg_rw: write reg=0x70158, len=4, val=(0x80018014, 0x0)
   kworker/u33:1-57411   [001] d.... 11184.206778: i915_reg_rw: write reg=0x7015c, len=4, val=(0x8001c017, 0x0)
   kworker/u33:1-57411   [001] d.... 11184.206781: i915_reg_rw: write reg=0x70168, len=4, val=(0x0, 0x0)
   kworker/u33:1-57411   [001] d.... 11184.206782: i915_reg_rw: write reg=0x7017c, len=4, val=(0x37b035c, 0x0)
   kworker/u33:1-57411   [001] d.... 11184.206784: i915_reg_rw: write reg=0x70088, len=4, val=(0x113064d, 0x0)
   kworker/u33:1-57411   [001] d.... 11184.206786: i915_reg_rw: write reg=0x70084, len=4, val=(0x2f80000, 0x0)
   kworker/u33:1-57411   [001] d.... 11184.206794: intel_scaler_disable_arm: dev 0000:00:02.0, pipe A, scaler 0, frame=671623, scanline=709
   kworker/u33:1-57411   [001] d..2. 11184.206795: i915_reg_rw: read reg=0x70040, len=4, val=(0xa3f87, 0x0)
   kworker/u33:1-57411   [001] d..3. 11184.206796: i915_reg_rw: read reg=0x70000, len=4, val=(0x2c4, 0x0)
   kworker/u33:1-57411   [001] d.... 11184.206798: i915_reg_rw: write reg=0x68180, len=4, val=(0x0, 0x0)
   kworker/u33:1-57411   [001] d.... 11184.206799: i915_reg_rw: write reg=0x68170, len=4, val=(0x0, 0x0)
   kworker/u33:1-57411   [001] d.... 11184.206800: i915_reg_rw: write reg=0x68174, len=4, val=(0x0, 0x0)
   kworker/u33:1-57411   [001] d.... 11184.206801: intel_scaler_disable_arm: dev 0000:00:02.0, pipe A, scaler 1, frame=671623, scanline=710
   kworker/u33:1-57411   [001] d..2. 11184.206802: i915_reg_rw: read reg=0x70040, len=4, val=(0xa3f87, 0x0)
   kworker/u33:1-57411   [001] d..3. 11184.206803: i915_reg_rw: read reg=0x70000, len=4, val=(0x2c5, 0x0)
   kworker/u33:1-57411   [001] d.... 11184.206804: i915_reg_rw: write reg=0x68280, len=4, val=(0x0, 0x0)
   kworker/u33:1-57411   [001] d.... 11184.206805: i915_reg_rw: write reg=0x68270, len=4, val=(0x0, 0x0)
   kworker/u33:1-57411   [001] d.... 11184.206806: i915_reg_rw: write reg=0x68274, len=4, val=(0x0, 0x0)
   kworker/u33:1-57411   [001] d..1. 11184.206809: i915_reg_rw: read reg=0x70000, len=4, val=(0x2c5, 0x0)
   kworker/u33:1-57411   [001] d.... 11184.206811: i915_reg_rw: read reg=0x70040, len=4, val=(0xa3f87, 0x0)
   kworker/u33:1-57411   [001] d.... 11184.206812: intel_pipe_update_end: dev 0000:00:02.0, pipe A, frame=671623, scanline=710
   kworker/u33:1-57411   [001] d..2. 11184.206816: i915_reg_rw: read reg=0x70040, len=4, val=(0xa3f87, 0x0)
   kworker/u33:1-57411   [001] d..3. 11184.206819: i915_reg_rw: read reg=0x70000, len=4, val=(0x2c6, 0x0)
   kworker/u33:1-57411   [001] d..2. 11184.206821: i915_reg_rw: read reg=0x70040, len=4, val=(0xa3f87, 0x0)
     ksoftirqd/7-60      [007] d.H2. 11184.208566: i915_reg_rw: write reg=0x20a8, len=4, val=(0xfffff6f6, 0x0)
     kworker/7:0-83001   [007] ..... 11184.208792: i915_request_retire: dev=1, engine=0:0, ctx=5, seqno=714851, tail=1496
     kworker/7:0-83001   [007] d.h3. 11184.208797: i915_reg_rw: write reg=0x20a8, len=4, val=(0xfffff6f7, 0x0)
     kworker/7:0-83001   [007] ..... 11184.208818: i915_reg_rw: read reg=0x8504, len=4, val=(0xfc004c3, 0x0)
          bobide-73383   [007] d.h.. 11184.212253: i915_reg_rw: read reg=0x44408, len=4, val=(0x1, 0x0)
          bobide-73383   [007] d.h.. 11184.212255: i915_reg_rw: write reg=0x44408, len=4, val=(0x1, 0x0)
          bobide-73383   [007] d.h2. 11184.212260: i915_reg_rw: read reg=0x70040, len=4, val=(0xa3f88, 0x0)
          bobide-73383   [007] d.h3. 11184.212263: i915_reg_rw: read reg=0x70000, len=4, val=(0x438, 0x0)
          bobide-73383   [007] d.h2. 11184.212265: i915_reg_rw: read reg=0x70040, len=4, val=(0xa3f88, 0x0)
   kworker/u33:1-57411   [002] ..... 11184.212321: intel_frontbuffer_flush: dev 0000:00:02.0, frontbuffer_bits=0x00000081, origin=2
          bobide-73329   [005] ..... 11184.215415: i915_request_queue: dev=1, engine=0:0, ctx=127, seqno=108160, flags=0x0
          bobide-73329   [005] ..... 11184.215457: i915_request_add: dev=1, engine=0:0, ctx=127, seqno=108160, tail=14720
     kworker/7:0-83001   [007] ..... 11184.216288: i915_request_retire: dev=1, engine=0:0, ctx=127, seqno=108160, tail=10488
     ksoftirqd/7-60      [007] d.H2. 11184.218542: i915_reg_rw: write reg=0x20a8, len=4, val=(0xfffff6f6, 0x0)
     gnome-shell-14986   [001] ..... 11184.218713: i915_gem_object_create: obj=000000003a4f75a6, size=0x40000
     kworker/7:0-83001   [007] ..... 11184.218733: i915_request_retire: dev=1, engine=0:0, ctx=5, seqno=714852, tail=1632
     kworker/7:0-83001   [007] d.h3. 11184.218740: i915_reg_rw: write reg=0x20a8, len=4, val=(0xfffff6f7, 0x0)
     kworker/7:0-83001   [007] ..... 11184.218759: i915_reg_rw: read reg=0x8504, len=4, val=(0xfc004c3, 0x0)
     gnome-shell-14986   [001] ..... 11184.219589: i915_gem_object_create: obj=00000000c41001f7, size=0x40000
   kworker/u32:0-81701   [005] ..... 11184.220235: i915_gem_object_destroy: obj=000000003a4f75a6
     gnome-shell-14986   [001] ..... 11184.222679: i915_request_queue: dev=1, engine=0:0, ctx=30, seqno=1685386, flags=0x0
     gnome-shell-14986   [001] ..... 11184.222683: i915_request_add: dev=1, engine=0:0, ctx=30, seqno=1685386, tail=368
     gnome-shell-14986   [001] ..... 11184.222903: i915_request_queue: dev=1, engine=0:0, ctx=30, seqno=1685388, flags=0x0
     gnome-shell-14986   [001] ..... 11184.222904: i915_request_add: dev=1, engine=0:0, ctx=30, seqno=1685388, tail=6992
     kworker/7:0-83001   [007] ..... 11184.223145: i915_request_retire: dev=1, engine=0:0, ctx=30, seqno=1685386, tail=7544
     kworker/7:0-83001   [007] ..... 11184.223168: i915_request_retire: dev=1, engine=0:0, ctx=30, seqno=1685388, tail=7728
      KMS thread-15056   [003] ..... 11184.223453: i915_vma_bind: obj=00000000c41001f7, offset=0x0000000003080000 size=0x1c0000 vm=000000006079050a
      KMS thread-15056   [003] ..... 11184.223462: i915_gem_object_clflush: obj=00000000c41001f7
   kworker/u33:1-57411   [002] ..... 11184.223632: intel_plane_update_noarm: dev 0000:00:02.0, pipe A, plane 1A, frame=671624, scanline=722, format=XR30 little-endian (0x30335258), 1920.000000x1080.000000+0.000000+0.000000 -> 1920x1080+0+0
   kworker/u33:1-57411   [002] ...2. 11184.223637: i915_reg_rw: read reg=0x70040, len=4, val=(0xa3f88, 0x0)
   kworker/u33:1-57411   [002] d..3. 11184.223639: i915_reg_rw: read reg=0x70000, len=4, val=(0x2d1, 0x0)
   kworker/u33:1-57411   [002] ..... 11184.223643: i915_reg_rw: write reg=0x70188, len=4, val=(0xf, 0x0)
   kworker/u33:1-57411   [002] ..... 11184.223645: i915_reg_rw: write reg=0x7018c, len=4, val=(0x0, 0x0)
   kworker/u33:1-57411   [002] ..... 11184.223647: i915_reg_rw: write reg=0x70190, len=4, val=(0x437077f, 0x0)
   kworker/u33:1-57411   [002] ..... 11184.223648: i915_reg_rw: write reg=0x70240, len=4, val=(0x80000016, 0x0)
   kworker/u33:1-57411   [002] ..... 11184.223650: i915_reg_rw: write reg=0x70244, len=4, val=(0x8000c02b, 0x0)
   kworker/u33:1-57411   [002] ..... 11184.223651: i915_reg_rw: write reg=0x70248, len=4, val=(0x8000c02f, 0x0)
   kworker/u33:1-57411   [002] ..... 11184.223652: i915_reg_rw: write reg=0x7024c, len=4, val=(0x8001003b, 0x0)
   kworker/u33:1-57411   [002] ..... 11184.223660: i915_reg_rw: write reg=0x70250, len=4, val=(0x8001805c, 0x0)
   kworker/u33:1-57411   [002] ..... 11184.223661: i915_reg_rw: write reg=0x70254, len=4, val=(0x8001c06b, 0x0)
   kworker/u33:1-57411   [002] ..... 11184.223663: i915_reg_rw: write reg=0x70258, len=4, val=(0x8001c06b, 0x0)
   kworker/u33:1-57411   [002] ..... 11184.223664: i915_reg_rw: write reg=0x7025c, len=4, val=(0x8002007a, 0x0)
   kworker/u33:1-57411   [002] ..... 11184.223665: i915_reg_rw: write reg=0x70268, len=4, val=(0x0, 0x0)
   kworker/u33:1-57411   [002] ..... 11184.223666: i915_reg_rw: write reg=0x7027c, len=4, val=(0x35b0000, 0x0)
   kworker/u33:1-57411   [002] ..... 11184.223667: i915_reg_rw: write reg=0x70278, len=4, val=(0x0, 0x0)
   kworker/u33:1-57411   [002] ..... 11184.223669: intel_plane_update_noarm: dev 0000:00:02.0, pipe A, cursor A, frame=671624, scanline=724, format=AR24 little-endian (0x34325241), 256.000000x256.000000+0.000000+0.000000 -> 256x256+1605+302
   kworker/u33:1-57411   [002] ...2. 11184.223670: i915_reg_rw: read reg=0x70040, len=4, val=(0xa3f88, 0x0)
   kworker/u33:1-57411   [002] d..3. 11184.223672: i915_reg_rw: read reg=0x70000, len=4, val=(0x2d3, 0x0)
   kworker/u33:1-57411   [002] d.... 11184.223679: intel_pipe_update_start: dev 0000:00:02.0, pipe A, frame=671624, scanline=725, min=1073, max=1079
   kworker/u33:1-57411   [002] d..2. 11184.223686: i915_reg_rw: read reg=0x70040, len=4, val=(0xa3f88, 0x0)
   kworker/u33:1-57411   [002] d..3. 11184.223687: i915_reg_rw: read reg=0x70000, len=4, val=(0x2d4, 0x0)
   kworker/u33:1-57411   [002] d..1. 11184.223690: i915_reg_rw: read reg=0x70000, len=4, val=(0x2d4, 0x0)
   kworker/u33:1-57411   [002] d.... 11184.223692: i915_reg_rw: read reg=0x70040, len=4, val=(0xa3f88, 0x0)
   kworker/u33:1-57411   [002] d.... 11184.223693: intel_pipe_update_vblank_evaded: dev 0000:00:02.0, pipe A, frame=671624, scanline=725, min=1073, max=1079
   kworker/u33:1-57411   [002] d.... 11184.223695: i915_reg_rw: write reg=0x70030, len=4, val=(0x50, 0x0)
   kworker/u33:1-57411   [002] d.... 11184.223699: intel_plane_update_arm: dev 0000:00:02.0, pipe A, plane 1A, frame=671624, scanline=726, format=XR30 little-endian (0x30335258), 1920.000000x1080.000000+0.000000+0.000000 -> 1920x1080+0+0
   kworker/u33:1-57411   [002] d..2. 11184.223701: i915_reg_rw: read reg=0x70040, len=4, val=(0xa3f88, 0x0)
   kworker/u33:1-57411   [002] d..3. 11184.223703: i915_reg_rw: read reg=0x70000, len=4, val=(0x2d5, 0x0)
   kworker/u33:1-57411   [002] d.... 11184.223705: i915_reg_rw: write reg=0x70194, len=4, val=(0x0, 0x0)
   kworker/u33:1-57411   [002] d.... 11184.223711: i915_reg_rw: write reg=0x70198, len=4, val=(0x0, 0x0)
   kworker/u33:1-57411   [002] d.... 11184.223712: i915_reg_rw: write reg=0x701a0, len=4, val=(0xff000000, 0x0)
   kworker/u33:1-57411   [002] d.... 11184.223713: i915_reg_rw: write reg=0x701a4, len=4, val=(0x0, 0x0)
   kworker/u33:1-57411   [002] d.... 11184.223715: i915_reg_rw: write reg=0x701c0, len=4, val=(0x0, 0x0)
   kworker/u33:1-57411   [002] d.... 11184.223716: i915_reg_rw: write reg=0x701c4, len=4, val=(0x0, 0x0)
   kworker/u33:1-57411   [002] d.... 11184.223717: i915_reg_rw: write reg=0x70180, len=4, val=(0xc2042400, 0x0)
   kworker/u33:1-57411   [002] d.... 11184.223719: i915_reg_rw: write reg=0x7019c, len=4, val=(0x3300000, 0x0)
   kworker/u33:1-57411   [002] d.... 11184.223721: intel_plane_update_arm: dev 0000:00:02.0, pipe A, cursor A, frame=671624, scanline=727, format=AR24 little-endian (0x34325241), 256.000000x256.000000+0.000000+0.000000 -> 256x256+1605+302
   kworker/u33:1-57411   [002] d..2. 11184.223722: i915_reg_rw: read reg=0x70040, len=4, val=(0xa3f88, 0x0)
   kworker/u33:1-57411   [002] d..3. 11184.223725: i915_reg_rw: read reg=0x70000, len=4, val=(0x2d6, 0x0)
   kworker/u33:1-57411   [002] d.... 11184.223728: i915_reg_rw: write reg=0x70140, len=4, val=(0x80000004, 0x0)
   kworker/u33:1-57411   [002] d.... 11184.223729: i915_reg_rw: write reg=0x70144, len=4, val=(0x80008008, 0x0)
   kworker/u33:1-57411   [002] d.... 11184.223730: i915_reg_rw: write reg=0x70148, len=4, val=(0x80008008, 0x0)
   kworker/u33:1-57411   [002] d.... 11184.223731: i915_reg_rw: write reg=0x7014c, len=4, val=(0x8000c00b, 0x0)
   kworker/u33:1-57411   [002] d.... 11184.223732: i915_reg_rw: write reg=0x70150, len=4, val=(0x80014011, 0x0)
   kworker/u33:1-57411   [002] d.... 11184.223733: i915_reg_rw: write reg=0x70154, len=4, val=(0x80018014, 0x0)
   kworker/u33:1-57411   [002] d.... 11184.223735: i915_reg_rw: write reg=0x70158, len=4, val=(0x80018014, 0x0)
   kworker/u33:1-57411   [002] d.... 11184.223736: i915_reg_rw: write reg=0x7015c, len=4, val=(0x8001c017, 0x0)
   kworker/u33:1-57411   [002] d.... 11184.223737: i915_reg_rw: write reg=0x70168, len=4, val=(0x0, 0x0)
   kworker/u33:1-57411   [002] d.... 11184.223738: i915_reg_rw: write reg=0x7017c, len=4, val=(0x37b035c, 0x0)
   kworker/u33:1-57411   [002] d.... 11184.223739: i915_reg_rw: write reg=0x700a0, len=4, val=(0x0, 0x0)
   kworker/u33:1-57411   [002] d.... 11184.223741: i915_reg_rw: write reg=0x70080, len=4, val=(0x4000023, 0x0)
   kworker/u33:1-57411   [002] d.... 11184.223742: i915_reg_rw: write reg=0x70088, len=4, val=(0x12e0645, 0x0)
   kworker/u33:1-57411   [002] d.... 11184.223743: i915_reg_rw: write reg=0x70084, len=4, val=(0x3140000, 0x0)
   kworker/u33:1-57411   [002] d.... 11184.223751: intel_scaler_disable_arm: dev 0000:00:02.0, pipe A, scaler 0, frame=671624, scanline=729
   kworker/u33:1-57411   [002] d..2. 11184.223753: i915_reg_rw: read reg=0x70040, len=4, val=(0xa3f88, 0x0)
   kworker/u33:1-57411   [002] d..3. 11184.223754: i915_reg_rw: read reg=0x70000, len=4, val=(0x2d8, 0x0)
   kworker/u33:1-57411   [002] d.... 11184.223756: i915_reg_rw: write reg=0x68180, len=4, val=(0x0, 0x0)
   kworker/u33:1-57411   [002] d.... 11184.223757: i915_reg_rw: write reg=0x68170, len=4, val=(0x0, 0x0)
   kworker/u33:1-57411   [002] d.... 11184.223758: i915_reg_rw: write reg=0x68174, len=4, val=(0x0, 0x0)
   kworker/u33:1-57411   [002] d.... 11184.223759: intel_scaler_disable_arm: dev 0000:00:02.0, pipe A, scaler 1, frame=671624, scanline=730
   kworker/u33:1-57411   [002] d..2. 11184.223761: i915_reg_rw: read reg=0x70040, len=4, val=(0xa3f88, 0x0)
   kworker/u33:1-57411   [002] d..3. 11184.223762: i915_reg_rw: read reg=0x70000, len=4, val=(0x2d9, 0x0)
   kworker/u33:1-57411   [002] d.... 11184.223763: i915_reg_rw: write reg=0x68280, len=4, val=(0x0, 0x0)
   kworker/u33:1-57411   [002] d.... 11184.223764: i915_reg_rw: write reg=0x68270, len=4, val=(0x0, 0x0)
   kworker/u33:1-57411   [002] d.... 11184.223765: i915_reg_rw: write reg=0x68274, len=4, val=(0x0, 0x0)
   kworker/u33:1-57411   [002] d..1. 11184.223767: i915_reg_rw: read reg=0x70000, len=4, val=(0x2d9, 0x0)
   kworker/u33:1-57411   [002] d.... 11184.223775: i915_reg_rw: read reg=0x70040, len=4, val=(0xa3f88, 0x0)
   kworker/u33:1-57411   [002] d.... 11184.223776: intel_pipe_update_end: dev 0000:00:02.0, pipe A, frame=671624, scanline=730
   kworker/u33:1-57411   [002] d..2. 11184.223780: i915_reg_rw: read reg=0x70040, len=4, val=(0xa3f88, 0x0)
   kworker/u33:1-57411   [002] d..3. 11184.223782: i915_reg_rw: read reg=0x70000, len=4, val=(0x2da, 0x0)
   kworker/u33:1-57411   [002] d..2. 11184.223784: i915_reg_rw: read reg=0x70040, len=4, val=(0xa3f88, 0x0)
     ksoftirqd/7-60      [007] d.H2. 11184.226516: i915_reg_rw: write reg=0x20a8, len=4, val=(0xfffff6f6, 0x0)
     kworker/7:0-83001   [007] ..... 11184.226729: i915_request_retire: dev=1, engine=0:0, ctx=5, seqno=714853, tail=1768
     kworker/7:0-83001   [007] d.h3. 11184.226737: i915_reg_rw: write reg=0x20a8, len=4, val=(0xfffff6f7, 0x0)
     kworker/7:0-83001   [007] ..... 11184.226762: i915_reg_rw: read reg=0x8504, len=4, val=(0xfc004c3, 0x0)
          <idle>-0       [007] d.h1. 11184.228956: i915_reg_rw: read reg=0x44408, len=4, val=(0x1, 0x0)
          <idle>-0       [007] d.h1. 11184.228958: i915_reg_rw: write reg=0x44408, len=4, val=(0x1, 0x0)
          <idle>-0       [007] d.h3. 11184.228963: i915_reg_rw: read reg=0x70040, len=4, val=(0xa3f89, 0x0)
          <idle>-0       [007] d.h4. 11184.228965: i915_reg_rw: read reg=0x70000, len=4, val=(0x43a, 0x0)
          <idle>-0       [007] d.h3. 11184.228966: i915_reg_rw: read reg=0x70040, len=4, val=(0xa3f89, 0x0)
   kworker/u33:1-57411   [002] ..... 11184.229041: intel_frontbuffer_flush: dev 0000:00:02.0, frontbuffer_bits=0x00000081, origin=2
   kworker/u32:0-81701   [005] ..... 11184.229392: i915_vma_unbind: obj=0000000079dff28f, offset=0x0000000002ec0000 size=0x1c0000 vm=000000006079050a
   kworker/u32:0-81701   [005] ..... 11184.229464: i915_gem_object_destroy: obj=0000000079dff28f
          bobide-73329   [005] ..... 11184.231882: i915_request_queue: dev=1, engine=0:0, ctx=127, seqno=108162, flags=0x0
          bobide-73329   [005] ..... 11184.231886: i915_request_add: dev=1, engine=0:0, ctx=127, seqno=108162, tail=4232
     kworker/7:0-83001   [007] ..... 11184.232812: i915_request_retire: dev=1, engine=0:0, ctx=127, seqno=108162, tail=10672
     ksoftirqd/7-60      [007] d.H2. 11184.235534: i915_reg_rw: write reg=0x20a8, len=4, val=(0xfffff6f6, 0x0)
     kworker/7:0-83001   [007] ..... 11184.235790: i915_request_retire: dev=1, engine=0:0, ctx=5, seqno=714854, tail=1904
     kworker/7:0-83001   [007] d.h3. 11184.235798: i915_reg_rw: write reg=0x20a8, len=4, val=(0xfffff6f7, 0x0)
     kworker/7:0-83001   [007] ..... 11184.235824: i915_reg_rw: read reg=0x8504, len=4, val=(0xfc004c3, 0x0)
     gnome-shell-14986   [001] ..... 11184.239547: i915_request_queue: dev=1, engine=0:0, ctx=30, seqno=1685390, flags=0x0
     gnome-shell-14986   [001] ..... 11184.239551: i915_request_add: dev=1, engine=0:0, ctx=30, seqno=1685390, tail=4232
     gnome-shell-14986   [001] ..... 11184.239770: i915_request_queue: dev=1, engine=0:0, ctx=30, seqno=1685392, flags=0x0
     gnome-shell-14986   [001] ..... 11184.239771: i915_request_add: dev=1, engine=0:0, ctx=30, seqno=1685392, tail=7360
     kworker/7:0-83001   [007] ..... 11184.239975: i915_request_retire: dev=1, engine=0:0, ctx=30, seqno=1685390, tail=7912
     kworker/7:0-83001   [007] ..... 11184.239998: i915_request_retire: dev=1, engine=0:0, ctx=30, seqno=1685392, tail=8096
   kworker/u33:1-57411   [002] ..... 11184.240350: intel_plane_update_noarm: dev 0000:00:02.0, pipe A, plane 1A, frame=671625, scanline=725, format=XR30 little-endian (0x30335258), 1920.000000x1080.000000+0.000000+0.000000 -> 1920x1080+0+0
   kworker/u33:1-57411   [002] ...2. 11184.240353: i915_reg_rw: read reg=0x70040, len=4, val=(0xa3f89, 0x0)
   kworker/u33:1-57411   [002] d..3. 11184.240355: i915_reg_rw: read reg=0x70000, len=4, val=(0x2d4, 0x0)
   kworker/u33:1-57411   [002] ..... 11184.240357: i915_reg_rw: write reg=0x70188, len=4, val=(0xf, 0x0)
   kworker/u33:1-57411   [002] ..... 11184.240358: i915_reg_rw: write reg=0x7018c, len=4, val=(0x0, 0x0)
   kworker/u33:1-57411   [002] ..... 11184.240359: i915_reg_rw: write reg=0x70190, len=4, val=(0x437077f, 0x0)
   kworker/u33:1-57411   [002] ..... 11184.240360: i915_reg_rw: write reg=0x70240, len=4, val=(0x80000016, 0x0)
   kworker/u33:1-57411   [002] ..... 11184.240361: i915_reg_rw: write reg=0x70244, len=4, val=(0x8000c02b, 0x0)
   kworker/u33:1-57411   [002] ..... 11184.240362: i915_reg_rw: write reg=0x70248, len=4, val=(0x8000c02f, 0x0)
   kworker/u33:1-57411   [002] ..... 11184.240363: i915_reg_rw: write reg=0x7024c, len=4, val=(0x8001003b, 0x0)
   kworker/u33:1-57411   [002] ..... 11184.240363: i915_reg_rw: write reg=0x70250, len=4, val=(0x8001805c, 0x0)
   kworker/u33:1-57411   [002] ..... 11184.240364: i915_reg_rw: write reg=0x70254, len=4, val=(0x8001c06b, 0x0)
   kworker/u33:1-57411   [002] ..... 11184.240365: i915_reg_rw: write reg=0x70258, len=4, val=(0x8001c06b, 0x0)
   kworker/u33:1-57411   [002] ..... 11184.240366: i915_reg_rw: write reg=0x7025c, len=4, val=(0x8002007a, 0x0)
   kworker/u33:1-57411   [002] ..... 11184.240367: i915_reg_rw: write reg=0x70268, len=4, val=(0x0, 0x0)
   kworker/u33:1-57411   [002] ..... 11184.240367: i915_reg_rw: write reg=0x7027c, len=4, val=(0x35b0000, 0x0)
   kworker/u33:1-57411   [002] ..... 11184.240368: i915_reg_rw: write reg=0x70278, len=4, val=(0x0, 0x0)
   kworker/u33:1-57411   [002] ..... 11184.240369: intel_plane_update_noarm: dev 0000:00:02.0, pipe A, cursor A, frame=671625, scanline=726, format=AR24 little-endian (0x34325241), 256.000000x256.000000+0.000000+0.000000 -> 256x256+1599+332
   kworker/u33:1-57411   [002] ...2. 11184.240370: i915_reg_rw: read reg=0x70040, len=4, val=(0xa3f89, 0x0)
   kworker/u33:1-57411   [002] d..3. 11184.240371: i915_reg_rw: read reg=0x70000, len=4, val=(0x2d5, 0x0)
   kworker/u33:1-57411   [002] d.... 11184.240376: intel_pipe_update_start: dev 0000:00:02.0, pipe A, frame=671625, scanline=727, min=1073, max=1079
   kworker/u33:1-57411   [002] d..2. 11184.240377: i915_reg_rw: read reg=0x70040, len=4, val=(0xa3f89, 0x0)
   kworker/u33:1-57411   [002] d..3. 11184.240378: i915_reg_rw: read reg=0x70000, len=4, val=(0x2d6, 0x0)
   kworker/u33:1-57411   [002] d..1. 11184.240380: i915_reg_rw: read reg=0x70000, len=4, val=(0x2d6, 0x0)
   kworker/u33:1-57411   [002] d.... 11184.240381: i915_reg_rw: read reg=0x70040, len=4, val=(0xa3f89, 0x0)
   kworker/u33:1-57411   [002] d.... 11184.240382: intel_pipe_update_vblank_evaded: dev 0000:00:02.0, pipe A, frame=671625, scanline=727, min=1073, max=1079
   kworker/u33:1-57411   [002] d.... 11184.240384: i915_reg_rw: write reg=0x70030, len=4, val=(0x50, 0x0)
   kworker/u33:1-57411   [002] d.... 11184.240386: intel_plane_update_arm: dev 0000:00:02.0, pipe A, plane 1A, frame=671625, scanline=727, format=XR30 little-endian (0x30335258), 1920.000000x1080.000000+0.000000+0.000000 -> 1920x1080+0+0
   kworker/u33:1-57411   [002] d..2. 11184.240387: i915_reg_rw: read reg=0x70040, len=4, val=(0xa3f89, 0x0)
   kworker/u33:1-57411   [002] d..3. 11184.240388: i915_reg_rw: read reg=0x70000, len=4, val=(0x2d6, 0x0)
   kworker/u33:1-57411   [002] d.... 11184.240389: i915_reg_rw: write reg=0x70194, len=4, val=(0x0, 0x0)
   kworker/u33:1-57411   [002] d.... 11184.240390: i915_reg_rw: write reg=0x70198, len=4, val=(0x0, 0x0)
   kworker/u33:1-57411   [002] d.... 11184.240391: i915_reg_rw: write reg=0x701a0, len=4, val=(0xff000000, 0x0)
   kworker/u33:1-57411   [002] d.... 11184.240392: i915_reg_rw: write reg=0x701a4, len=4, val=(0x0, 0x0)
   kworker/u33:1-57411   [002] d.... 11184.240393: i915_reg_rw: write reg=0x701c0, len=4, val=(0x0, 0x0)
   kworker/u33:1-57411   [002] d.... 11184.240394: i915_reg_rw: write reg=0x701c4, len=4, val=(0x0, 0x0)
   kworker/u33:1-57411   [002] d.... 11184.240394: i915_reg_rw: write reg=0x70180, len=4, val=(0xc2042400, 0x0)
   kworker/u33:1-57411   [002] d.... 11184.240395: i915_reg_rw: write reg=0x7019c, len=4, val=(0x1c00000, 0x0)
   kworker/u33:1-57411   [002] d.... 11184.240396: intel_plane_update_arm: dev 0000:00:02.0, pipe A, cursor A, frame=671625, scanline=728, format=AR24 little-endian (0x34325241), 256.000000x256.000000+0.000000+0.000000 -> 256x256+1599+332
   kworker/u33:1-57411   [002] d..2. 11184.240397: i915_reg_rw: read reg=0x70040, len=4, val=(0xa3f89, 0x0)
   kworker/u33:1-57411   [002] d..3. 11184.240398: i915_reg_rw: read reg=0x70000, len=4, val=(0x2d7, 0x0)
   kworker/u33:1-57411   [002] d.... 11184.240400: i915_reg_rw: write reg=0x70140, len=4, val=(0x80000004, 0x0)
   kworker/u33:1-57411   [002] d.... 11184.240401: i915_reg_rw: write reg=0x70144, len=4, val=(0x80008008, 0x0)
   kworker/u33:1-57411   [002] d.... 11184.240402: i915_reg_rw: write reg=0x70148, len=4, val=(0x80008008, 0x0)
   kworker/u33:1-57411   [002] d.... 11184.240402: i915_reg_rw: write reg=0x7014c, len=4, val=(0x8000c00b, 0x0)
   kworker/u33:1-57411   [002] d.... 11184.240403: i915_reg_rw: write reg=0x70150, len=4, val=(0x80014011, 0x0)
   kworker/u33:1-57411   [002] d.... 11184.240404: i915_reg_rw: write reg=0x70154, len=4, val=(0x80018014, 0x0)
   kworker/u33:1-57411   [002] d.... 11184.240405: i915_reg_rw: write reg=0x70158, len=4, val=(0x80018014, 0x0)
   kworker/u33:1-57411   [002] d.... 11184.240406: i915_reg_rw: write reg=0x7015c, len=4, val=(0x8001c017, 0x0)
   kworker/u33:1-57411   [002] d.... 11184.240406: i915_reg_rw: write reg=0x70168, len=4, val=(0x0, 0x0)
   kworker/u33:1-57411   [002] d.... 11184.240407: i915_reg_rw: write reg=0x7017c, len=4, val=(0x37b035c, 0x0)
   kworker/u33:1-57411   [002] d.... 11184.240408: i915_reg_rw: write reg=0x70088, len=4, val=(0x14c063f, 0x0)
   kworker/u33:1-57411   [002] d.... 11184.240409: i915_reg_rw: write reg=0x70084, len=4, val=(0x3140000, 0x0)
   kworker/u33:1-57411   [002] d.... 11184.240411: intel_scaler_disable_arm: dev 0000:00:02.0, pipe A, scaler 0, frame=671625, scanline=729
   kworker/u33:1-57411   [002] d..2. 11184.240411: i915_reg_rw: read reg=0x70040, len=4, val=(0xa3f89, 0x0)
   kworker/u33:1-57411   [002] d..3. 11184.240412: i915_reg_rw: read reg=0x70000, len=4, val=(0x2d8, 0x0)
   kworker/u33:1-57411   [002] d.... 11184.240413: i915_reg_rw: write reg=0x68180, len=4, val=(0x0, 0x0)
   kworker/u33:1-57411   [002] d.... 11184.240414: i915_reg_rw: write reg=0x68170, len=4, val=(0x0, 0x0)
   kworker/u33:1-57411   [002] d.... 11184.240415: i915_reg_rw: write reg=0x68174, len=4, val=(0x0, 0x0)
   kworker/u33:1-57411   [002] d.... 11184.240415: intel_scaler_disable_arm: dev 0000:00:02.0, pipe A, scaler 1, frame=671625, scanline=729
   kworker/u33:1-57411   [002] d..2. 11184.240416: i915_reg_rw: read reg=0x70040, len=4, val=(0xa3f89, 0x0)
   kworker/u33:1-57411   [002] d..3. 11184.240417: i915_reg_rw: read reg=0x70000, len=4, val=(0x2d8, 0x0)
   kworker/u33:1-57411   [002] d.... 11184.240418: i915_reg_rw: write reg=0x68280, len=4, val=(0x0, 0x0)
   kworker/u33:1-57411   [002] d.... 11184.240418: i915_reg_rw: write reg=0x68270, len=4, val=(0x0, 0x0)
   kworker/u33:1-57411   [002] d.... 11184.240419: i915_reg_rw: write reg=0x68274, len=4, val=(0x0, 0x0)
   kworker/u33:1-57411   [002] d..1. 11184.240421: i915_reg_rw: read reg=0x70000, len=4, val=(0x2d9, 0x0)
   kworker/u33:1-57411   [002] d.... 11184.240422: i915_reg_rw: read reg=0x70040, len=4, val=(0xa3f89, 0x0)
   kworker/u33:1-57411   [002] d.... 11184.240424: intel_pipe_update_end: dev 0000:00:02.0, pipe A, frame=671625, scanline=730
   kworker/u33:1-57411   [002] d..2. 11184.240426: i915_reg_rw: read reg=0x70040, len=4, val=(0xa3f89, 0x0)
   kworker/u33:1-57411   [002] d..3. 11184.240428: i915_reg_rw: read reg=0x70000, len=4, val=(0x2d9, 0x0)
   kworker/u33:1-57411   [002] d..2. 11184.240454: i915_reg_rw: read reg=0x70040, len=4, val=(0xa3f89, 0x0)
     ksoftirqd/7-60      [007] d.H2. 11184.242508: i915_reg_rw: write reg=0x20a8, len=4, val=(0xfffff6f6, 0x0)
     kworker/7:0-83001   [007] ..... 11184.243116: i915_request_retire: dev=1, engine=0:0, ctx=5, seqno=714855, tail=2040
     kworker/7:0-83001   [007] d.h3. 11184.243127: i915_reg_rw: write reg=0x20a8, len=4, val=(0xfffff6f7, 0x0)
     kworker/7:0-83001   [007] ..... 11184.243153: i915_reg_rw: read reg=0x8504, len=4, val=(0xfc004c3, 0x0)
          <idle>-0       [007] d.h1. 11184.245587: i915_reg_rw: read reg=0x44408, len=4, val=(0x1, 0x0)
          <idle>-0       [007] d.h1. 11184.245589: i915_reg_rw: write reg=0x44408, len=4, val=(0x1, 0x0)
          <idle>-0       [007] d.h3. 11184.245599: i915_reg_rw: read reg=0x70040, len=4, val=(0xa3f8a, 0x0)
          <idle>-0       [007] d.h4. 11184.245608: i915_reg_rw: read reg=0x70000, len=4, val=(0x439, 0x0)
          <idle>-0       [007] d.h3. 11184.245612: i915_reg_rw: read reg=0x70040, len=4, val=(0xa3f8a, 0x0)
   kworker/u33:1-57411   [007] ..... 11184.245690: intel_frontbuffer_flush: dev 0000:00:02.0, frontbuffer_bits=0x00000081, origin=2
          bobide-73329   [005] ..... 11184.248684: i915_request_queue: dev=1, engine=0:0, ctx=127, seqno=108164, flags=0x0
          bobide-73329   [005] ..... 11184.248688: i915_request_add: dev=1, engine=0:0, ctx=127, seqno=108164, tail=3864
     kworker/7:0-83001   [007] ..... 11184.249510: i915_request_retire: dev=1, engine=0:0, ctx=127, seqno=108164, tail=10856
     ksoftirqd/7-60      [007] d.H2. 11184.252528: i915_reg_rw: write reg=0x20a8, len=4, val=(0xfffff6f6, 0x0)
     kworker/7:0-83001   [007] ..... 11184.252728: i915_request_retire: dev=1, engine=0:0, ctx=5, seqno=714856, tail=2176
     kworker/7:0-83001   [007] d.h3. 11184.252736: i915_reg_rw: write reg=0x20a8, len=4, val=(0xfffff6f7, 0x0)
     kworker/7:0-83001   [007] ..... 11184.252760: i915_reg_rw: read reg=0x8504, len=4, val=(0xfc004c3, 0x0)
     gnome-shell-14986   [006] ..... 11184.256147: i915_request_queue: dev=1, engine=0:0, ctx=30, seqno=1685394, flags=0x0
     gnome-shell-14986   [006] ..... 11184.256152: i915_request_add: dev=1, engine=0:0, ctx=30, seqno=1685394, tail=16008
     gnome-shell-14986   [006] ..... 11184.256383: i915_request_queue: dev=1, engine=0:0, ctx=30, seqno=1685396, flags=0x0
     gnome-shell-14986   [006] ..... 11184.256385: i915_request_add: dev=1, engine=0:0, ctx=30, seqno=1685396, tail=368
     kworker/7:0-83001   [007] ..... 11184.256605: i915_request_retire: dev=1, engine=0:0, ctx=30, seqno=1685394, tail=8280
     kworker/7:0-83001   [007] ..... 11184.256621: i915_request_retire: dev=1, engine=0:0, ctx=30, seqno=1685396, tail=8464
   kworker/u33:1-57411   [001] ..... 11184.256985: intel_plane_update_noarm: dev 0000:00:02.0, pipe A, plane 1A, frame=671626, scanline=723, format=XR30 little-endian (0x30335258), 1920.000000x1080.000000+0.000000+0.000000 -> 1920x1080+0+0
   kworker/u33:1-57411   [001] ...2. 11184.256989: i915_reg_rw: read reg=0x70040, len=4, val=(0xa3f8a, 0x0)
   kworker/u33:1-57411   [001] d..3. 11184.256991: i915_reg_rw: read reg=0x70000, len=4, val=(0x2d2, 0x0)
   kworker/u33:1-57411   [001] ..... 11184.256995: i915_reg_rw: write reg=0x70188, len=4, val=(0xf, 0x0)
   kworker/u33:1-57411   [001] ..... 11184.256996: i915_reg_rw: write reg=0x7018c, len=4, val=(0x0, 0x0)
   kworker/u33:1-57411   [001] ..... 11184.256998: i915_reg_rw: write reg=0x70190, len=4, val=(0x437077f, 0x0)
   kworker/u33:1-57411   [001] ..... 11184.257022: i915_reg_rw: write reg=0x70240, len=4, val=(0x80000016, 0x0)
   kworker/u33:1-57411   [001] ..... 11184.257024: i915_reg_rw: write reg=0x70244, len=4, val=(0x8000c02b, 0x0)
   kworker/u33:1-57411   [001] ..... 11184.257025: i915_reg_rw: write reg=0x70248, len=4, val=(0x8000c02f, 0x0)
   kworker/u33:1-57411   [001] ..... 11184.257026: i915_reg_rw: write reg=0x7024c, len=4, val=(0x8001003b, 0x0)
   kworker/u33:1-57411   [001] ..... 11184.257027: i915_reg_rw: write reg=0x70250, len=4, val=(0x8001805c, 0x0)
   kworker/u33:1-57411   [001] ..... 11184.257028: i915_reg_rw: write reg=0x70254, len=4, val=(0x8001c06b, 0x0)
   kworker/u33:1-57411   [001] ..... 11184.257029: i915_reg_rw: write reg=0x70258, len=4, val=(0x8001c06b, 0x0)
   kworker/u33:1-57411   [001] ..... 11184.257030: i915_reg_rw: write reg=0x7025c, len=4, val=(0x8002007a, 0x0)
   kworker/u33:1-57411   [001] ..... 11184.257031: i915_reg_rw: write reg=0x70268, len=4, val=(0x0, 0x0)
   kworker/u33:1-57411   [001] ..... 11184.257033: i915_reg_rw: write reg=0x7027c, len=4, val=(0x35b0000, 0x0)
   kworker/u33:1-57411   [001] ..... 11184.257033: i915_reg_rw: write reg=0x70278, len=4, val=(0x0, 0x0)
   kworker/u33:1-57411   [001] ..... 11184.257035: intel_plane_update_noarm: dev 0000:00:02.0, pipe A, cursor A, frame=671626, scanline=726, format=AR24 little-endian (0x34325241), 256.000000x256.000000+0.000000+0.000000 -> 256x256+1595+353
   kworker/u33:1-57411   [001] ...2. 11184.257036: i915_reg_rw: read reg=0x70040, len=4, val=(0xa3f8a, 0x0)
   kworker/u33:1-57411   [001] d..3. 11184.257038: i915_reg_rw: read reg=0x70000, len=4, val=(0x2d5, 0x0)
   kworker/u33:1-57411   [001] d.... 11184.257044: intel_pipe_update_start: dev 0000:00:02.0, pipe A, frame=671626, scanline=727, min=1073, max=1079
   kworker/u33:1-57411   [001] d..2. 11184.257046: i915_reg_rw: read reg=0x70040, len=4, val=(0xa3f8a, 0x0)
   kworker/u33:1-57411   [001] d..3. 11184.257047: i915_reg_rw: read reg=0x70000, len=4, val=(0x2d6, 0x0)
   kworker/u33:1-57411   [001] d..1. 11184.257050: i915_reg_rw: read reg=0x70000, len=4, val=(0x2d6, 0x0)
   kworker/u33:1-57411   [001] d.... 11184.257052: i915_reg_rw: read reg=0x70040, len=4, val=(0xa3f8a, 0x0)
   kworker/u33:1-57411   [001] d.... 11184.257053: intel_pipe_update_vblank_evaded: dev 0000:00:02.0, pipe A, frame=671626, scanline=727, min=1073, max=1079
   kworker/u33:1-57411   [001] d.... 11184.257055: i915_reg_rw: write reg=0x70030, len=4, val=(0x50, 0x0)
   kworker/u33:1-57411   [001] d.... 11184.257059: intel_plane_update_arm: dev 0000:00:02.0, pipe A, plane 1A, frame=671626, scanline=728, format=XR30 little-endian (0x30335258), 1920.000000x1080.000000+0.000000+0.000000 -> 1920x1080+0+0
   kworker/u33:1-57411   [001] d..2. 11184.257061: i915_reg_rw: read reg=0x70040, len=4, val=(0xa3f8a, 0x0)
   kworker/u33:1-57411   [001] d..3. 11184.257062: i915_reg_rw: read reg=0x70000, len=4, val=(0x2d7, 0x0)
   kworker/u33:1-57411   [001] d.... 11184.257064: i915_reg_rw: write reg=0x70194, len=4, val=(0x0, 0x0)
   kworker/u33:1-57411   [001] d.... 11184.257065: i915_reg_rw: write reg=0x70198, len=4, val=(0x0, 0x0)
   kworker/u33:1-57411   [001] d.... 11184.257067: i915_reg_rw: write reg=0x701a0, len=4, val=(0xff000000, 0x0)
   kworker/u33:1-57411   [001] d.... 11184.257068: i915_reg_rw: write reg=0x701a4, len=4, val=(0x0, 0x0)
   kworker/u33:1-57411   [001] d.... 11184.257070: i915_reg_rw: write reg=0x701c0, len=4, val=(0x0, 0x0)
   kworker/u33:1-57411   [001] d.... 11184.257071: i915_reg_rw: write reg=0x701c4, len=4, val=(0x0, 0x0)
   kworker/u33:1-57411   [001] d.... 11184.257072: i915_reg_rw: write reg=0x70180, len=4, val=(0xc2042400, 0x0)
   kworker/u33:1-57411   [001] d.... 11184.257073: i915_reg_rw: write reg=0x7019c, len=4, val=(0x25c0000, 0x0)
   kworker/u33:1-57411   [001] d.... 11184.257075: intel_plane_update_arm: dev 0000:00:02.0, pipe A, cursor A, frame=671626, scanline=729, format=AR24 little-endian (0x34325241), 256.000000x256.000000+0.000000+0.000000 -> 256x256+1595+353
   kworker/u33:1-57411   [001] d..2. 11184.257076: i915_reg_rw: read reg=0x70040, len=4, val=(0xa3f8a, 0x0)
   kworker/u33:1-57411   [001] d..3. 11184.257077: i915_reg_rw: read reg=0x70000, len=4, val=(0x2d8, 0x0)
   kworker/u33:1-57411   [001] d.... 11184.257080: i915_reg_rw: write reg=0x70140, len=4, val=(0x80000004, 0x0)
   kworker/u33:1-57411   [001] d.... 11184.257081: i915_reg_rw: write reg=0x70144, len=4, val=(0x80008008, 0x0)
   kworker/u33:1-57411   [001] d.... 11184.257082: i915_reg_rw: write reg=0x70148, len=4, val=(0x80008008, 0x0)
   kworker/u33:1-57411   [001] d.... 11184.257083: i915_reg_rw: write reg=0x7014c, len=4, val=(0x8000c00b, 0x0)
   kworker/u33:1-57411   [001] d.... 11184.257084: i915_reg_rw: write reg=0x70150, len=4, val=(0x80014011, 0x0)
   kworker/u33:1-57411   [001] d.... 11184.257085: i915_reg_rw: write reg=0x70154, len=4, val=(0x80018014, 0x0)
   kworker/u33:1-57411   [001] d.... 11184.257086: i915_reg_rw: write reg=0x70158, len=4, val=(0x80018014, 0x0)
   kworker/u33:1-57411   [001] d.... 11184.257089: i915_reg_rw: write reg=0x7015c, len=4, val=(0x8001c017, 0x0)
   kworker/u33:1-57411   [001] d.... 11184.257090: i915_reg_rw: write reg=0x70168, len=4, val=(0x0, 0x0)
   kworker/u33:1-57411   [001] d.... 11184.257092: i915_reg_rw: write reg=0x7017c, len=4, val=(0x37b035c, 0x0)
   kworker/u33:1-57411   [001] d.... 11184.257093: i915_reg_rw: write reg=0x70088, len=4, val=(0x161063b, 0x0)
   kworker/u33:1-57411   [001] d.... 11184.257094: i915_reg_rw: write reg=0x70084, len=4, val=(0x3140000, 0x0)
   kworker/u33:1-57411   [001] d.... 11184.257097: intel_scaler_disable_arm: dev 0000:00:02.0, pipe A, scaler 0, frame=671626, scanline=731
   kworker/u33:1-57411   [001] d..2. 11184.257098: i915_reg_rw: read reg=0x70040, len=4, val=(0xa3f8a, 0x0)
   kworker/u33:1-57411   [001] d..3. 11184.257099: i915_reg_rw: read reg=0x70000, len=4, val=(0x2da, 0x0)
   kworker/u33:1-57411   [001] d.... 11184.257101: i915_reg_rw: write reg=0x68180, len=4, val=(0x0, 0x0)
   kworker/u33:1-57411   [001] d.... 11184.257102: i915_reg_rw: write reg=0x68170, len=4, val=(0x0, 0x0)
   kworker/u33:1-57411   [001] d.... 11184.257103: i915_reg_rw: write reg=0x68174, len=4, val=(0x0, 0x0)
   kworker/u33:1-57411   [001] d.... 11184.257104: intel_scaler_disable_arm: dev 0000:00:02.0, pipe A, scaler 1, frame=671626, scanline=731
   kworker/u33:1-57411   [001] d..2. 11184.257105: i915_reg_rw: read reg=0x70040, len=4, val=(0xa3f8a, 0x0)
   kworker/u33:1-57411   [001] d..3. 11184.257106: i915_reg_rw: read reg=0x70000, len=4, val=(0x2da, 0x0)
   kworker/u33:1-57411   [001] d.... 11184.257108: i915_reg_rw: write reg=0x68280, len=4, val=(0x0, 0x0)
   kworker/u33:1-57411   [001] d.... 11184.257109: i915_reg_rw: write reg=0x68270, len=4, val=(0x0, 0x0)
   kworker/u33:1-57411   [001] d.... 11184.257110: i915_reg_rw: write reg=0x68274, len=4, val=(0x0, 0x0)
   kworker/u33:1-57411   [001] d..1. 11184.257112: i915_reg_rw: read reg=0x70000, len=4, val=(0x2da, 0x0)
   kworker/u33:1-57411   [001] d.... 11184.257114: i915_reg_rw: read reg=0x70040, len=4, val=(0xa3f8a, 0x0)
   kworker/u33:1-57411   [001] d.... 11184.257115: intel_pipe_update_end: dev 0000:00:02.0, pipe A, frame=671626, scanline=731
   kworker/u33:1-57411   [001] d..2. 11184.257119: i915_reg_rw: read reg=0x70040, len=4, val=(0xa3f8a, 0x0)
   kworker/u33:1-57411   [001] d..3. 11184.257121: i915_reg_rw: read reg=0x70000, len=4, val=(0x2db, 0x0)
   kworker/u33:1-57411   [001] d..2. 11184.257123: i915_reg_rw: read reg=0x70040, len=4, val=(0xa3f8a, 0x0)
     ksoftirqd/7-60      [007] d.H2. 11184.259563: i915_reg_rw: write reg=0x20a8, len=4, val=(0xfffff6f6, 0x0)
     kworker/7:0-83001   [007] ..... 11184.259796: i915_request_retire: dev=1, engine=0:0, ctx=5, seqno=714857, tail=2312
     kworker/7:0-83001   [007] d.h3. 11184.259802: i915_reg_rw: write reg=0x20a8, len=4, val=(0xfffff6f7, 0x0)
     kworker/7:0-83001   [007] ..... 11184.259821: i915_reg_rw: read reg=0x8504, len=4, val=(0xfc004c3, 0x0)
          <idle>-0       [007] d.h1. 11184.262246: i915_reg_rw: read reg=0x44408, len=4, val=(0x1, 0x0)
          <idle>-0       [007] d.h1. 11184.262248: i915_reg_rw: write reg=0x44408, len=4, val=(0x1, 0x0)
          <idle>-0       [007] d.h3. 11184.262252: i915_reg_rw: read reg=0x70040, len=4, val=(0xa3f8b, 0x0)
          <idle>-0       [007] d.h4. 11184.262254: i915_reg_rw: read reg=0x70000, len=4, val=(0x438, 0x0)
          <idle>-0       [007] d.h3. 11184.262256: i915_reg_rw: read reg=0x70040, len=4, val=(0xa3f8b, 0x0)
   kworker/u33:1-57411   [001] ..... 11184.262329: intel_frontbuffer_flush: dev 0000:00:02.0, frontbuffer_bits=0x00000081, origin=2
          bobide-73329   [007] ..... 11184.265786: i915_request_queue: dev=1, engine=0:0, ctx=127, seqno=108166, flags=0x0
          bobide-73329   [007] ..... 11184.265791: i915_request_add: dev=1, engine=0:0, ctx=127, seqno=108166, tail=2312
     kworker/7:0-83001   [007] ..... 11184.267476: i915_request_retire: dev=1, engine=0:0, ctx=127, seqno=108166, tail=11040
     ksoftirqd/7-60      [007] d.H2. 11184.270527: i915_reg_rw: write reg=0x20a8, len=4, val=(0xfffff6f6, 0x0)
     kworker/7:0-83001   [007] ..... 11184.270740: i915_request_retire: dev=1, engine=0:0, ctx=5, seqno=714858, tail=2448
     kworker/7:0-83001   [007] d.h3. 11184.270748: i915_reg_rw: write reg=0x20a8, len=4, val=(0xfffff6f7, 0x0)
     kworker/7:0-83001   [007] ..... 11184.270772: i915_reg_rw: read reg=0x8504, len=4, val=(0xfc004c3, 0x0)
     gnome-shell-14986   [006] ..... 11184.272989: i915_request_queue: dev=1, engine=0:0, ctx=30, seqno=1685398, flags=0x0
     gnome-shell-14986   [006] ..... 11184.272994: i915_request_add: dev=1, engine=0:0, ctx=30, seqno=1685398, tail=8648
     gnome-shell-14986   [006] ..... 11184.273195: i915_request_queue: dev=1, engine=0:0, ctx=30, seqno=1685400, flags=0x0
     gnome-shell-14986   [006] ..... 11184.273196: i915_request_add: dev=1, engine=0:0, ctx=30, seqno=1685400, tail=16376
     kworker/7:0-83001   [007] ..... 11184.273571: i915_request_retire: dev=1, engine=0:0, ctx=30, seqno=1685398, tail=8648
     kworker/7:0-83001   [007] ..... 11184.273593: i915_request_retire: dev=1, engine=0:0, ctx=30, seqno=1685400, tail=8832
   kworker/u33:1-57411   [001] ..... 11184.273774: intel_plane_update_noarm: dev 0000:00:02.0, pipe A, plane 1A, frame=671627, scanline=732, format=XR30 little-endian (0x30335258), 1920.000000x1080.000000+0.000000+0.000000 -> 1920x1080+0+0
   kworker/u33:1-57411   [001] ...2. 11184.273778: i915_reg_rw: read reg=0x70040, len=4, val=(0xa3f8b, 0x0)
   kworker/u33:1-57411   [001] d..3. 11184.273780: i915_reg_rw: read reg=0x70000, len=4, val=(0x2db, 0x0)
   kworker/u33:1-57411   [001] ..... 11184.273782: i915_reg_rw: write reg=0x70188, len=4, val=(0xf, 0x0)
   kworker/u33:1-57411   [001] ..... 11184.273783: i915_reg_rw: write reg=0x7018c, len=4, val=(0x0, 0x0)
   kworker/u33:1-57411   [001] ..... 11184.273784: i915_reg_rw: write reg=0x70190, len=4, val=(0x437077f, 0x0)
   kworker/u33:1-57411   [001] ..... 11184.273785: i915_reg_rw: write reg=0x70240, len=4, val=(0x80000016, 0x0)
   kworker/u33:1-57411   [001] ..... 11184.273786: i915_reg_rw: write reg=0x70244, len=4, val=(0x8000c02b, 0x0)
   kworker/u33:1-57411   [001] ..... 11184.273787: i915_reg_rw: write reg=0x70248, len=4, val=(0x8000c02f, 0x0)
   kworker/u33:1-57411   [001] ..... 11184.273787: i915_reg_rw: write reg=0x7024c, len=4, val=(0x8001003b, 0x0)
   kworker/u33:1-57411   [001] ..... 11184.273788: i915_reg_rw: write reg=0x70250, len=4, val=(0x8001805c, 0x0)
   kworker/u33:1-57411   [001] ..... 11184.273789: i915_reg_rw: write reg=0x70254, len=4, val=(0x8001c06b, 0x0)
   kworker/u33:1-57411   [001] ..... 11184.273789: i915_reg_rw: write reg=0x70258, len=4, val=(0x8001c06b, 0x0)
   kworker/u33:1-57411   [001] ..... 11184.273790: i915_reg_rw: write reg=0x7025c, len=4, val=(0x8002007a, 0x0)
   kworker/u33:1-57411   [001] ..... 11184.273791: i915_reg_rw: write reg=0x70268, len=4, val=(0x0, 0x0)
   kworker/u33:1-57411   [001] ..... 11184.273792: i915_reg_rw: write reg=0x7027c, len=4, val=(0x35b0000, 0x0)
   kworker/u33:1-57411   [001] ..... 11184.273793: i915_reg_rw: write reg=0x70278, len=4, val=(0x0, 0x0)
   kworker/u33:1-57411   [001] ..... 11184.273794: intel_plane_update_noarm: dev 0000:00:02.0, pipe A, cursor A, frame=671627, scanline=733, format=AR24 little-endian (0x34325241), 256.000000x256.000000+0.000000+0.000000 -> 256x256+1592+363
   kworker/u33:1-57411   [001] ...2. 11184.273794: i915_reg_rw: read reg=0x70040, len=4, val=(0xa3f8b, 0x0)
   kworker/u33:1-57411   [001] d..3. 11184.273795: i915_reg_rw: read reg=0x70000, len=4, val=(0x2dc, 0x0)
   kworker/u33:1-57411   [001] d.... 11184.273801: intel_pipe_update_start: dev 0000:00:02.0, pipe A, frame=671627, scanline=733, min=1073, max=1079
   kworker/u33:1-57411   [001] d..2. 11184.273801: i915_reg_rw: read reg=0x70040, len=4, val=(0xa3f8b, 0x0)
   kworker/u33:1-57411   [001] d..3. 11184.273802: i915_reg_rw: read reg=0x70000, len=4, val=(0x2dc, 0x0)
   kworker/u33:1-57411   [001] d..1. 11184.273804: i915_reg_rw: read reg=0x70000, len=4, val=(0x2dc, 0x0)
   kworker/u33:1-57411   [001] d.... 11184.273805: i915_reg_rw: read reg=0x70040, len=4, val=(0xa3f8b, 0x0)
   kworker/u33:1-57411   [001] d.... 11184.273807: intel_pipe_update_vblank_evaded: dev 0000:00:02.0, pipe A, frame=671627, scanline=733, min=1073, max=1079
   kworker/u33:1-57411   [001] d.... 11184.273808: i915_reg_rw: write reg=0x70030, len=4, val=(0x50, 0x0)
   kworker/u33:1-57411   [001] d.... 11184.273811: intel_plane_update_arm: dev 0000:00:02.0, pipe A, plane 1A, frame=671627, scanline=734, format=XR30 little-endian (0x30335258), 1920.000000x1080.000000+0.000000+0.000000 -> 1920x1080+0+0
   kworker/u33:1-57411   [001] d..2. 11184.273811: i915_reg_rw: read reg=0x70040, len=4, val=(0xa3f8b, 0x0)
   kworker/u33:1-57411   [001] d..3. 11184.273812: i915_reg_rw: read reg=0x70000, len=4, val=(0x2dd, 0x0)
   kworker/u33:1-57411   [001] d.... 11184.273814: i915_reg_rw: write reg=0x70194, len=4, val=(0x0, 0x0)
   kworker/u33:1-57411   [001] d.... 11184.273815: i915_reg_rw: write reg=0x70198, len=4, val=(0x0, 0x0)
   kworker/u33:1-57411   [001] d.... 11184.273816: i915_reg_rw: write reg=0x701a0, len=4, val=(0xff000000, 0x0)
   kworker/u33:1-57411   [001] d.... 11184.273816: i915_reg_rw: write reg=0x701a4, len=4, val=(0x0, 0x0)
   kworker/u33:1-57411   [001] d.... 11184.273817: i915_reg_rw: write reg=0x701c0, len=4, val=(0x0, 0x0)
   kworker/u33:1-57411   [001] d.... 11184.273818: i915_reg_rw: write reg=0x701c4, len=4, val=(0x0, 0x0)
   kworker/u33:1-57411   [001] d.... 11184.273819: i915_reg_rw: write reg=0x70180, len=4, val=(0xc2042400, 0x0)
   kworker/u33:1-57411   [001] d.... 11184.273819: i915_reg_rw: write reg=0x7019c, len=4, val=(0x3300000, 0x0)
   kworker/u33:1-57411   [001] d.... 11184.273820: intel_plane_update_arm: dev 0000:00:02.0, pipe A, cursor A, frame=671627, scanline=734, format=AR24 little-endian (0x34325241), 256.000000x256.000000+0.000000+0.000000 -> 256x256+1592+363
   kworker/u33:1-57411   [001] d..2. 11184.273821: i915_reg_rw: read reg=0x70040, len=4, val=(0xa3f8b, 0x0)
   kworker/u33:1-57411   [001] d..3. 11184.273822: i915_reg_rw: read reg=0x70000, len=4, val=(0x2dd, 0x0)
   kworker/u33:1-57411   [001] d.... 11184.273824: i915_reg_rw: write reg=0x70140, len=4, val=(0x80000004, 0x0)
   kworker/u33:1-57411   [001] d.... 11184.273825: i915_reg_rw: write reg=0x70144, len=4, val=(0x80008008, 0x0)
   kworker/u33:1-57411   [001] d.... 11184.273825: i915_reg_rw: write reg=0x70148, len=4, val=(0x80008008, 0x0)
   kworker/u33:1-57411   [001] d.... 11184.273826: i915_reg_rw: write reg=0x7014c, len=4, val=(0x8000c00b, 0x0)
   kworker/u33:1-57411   [001] d.... 11184.273827: i915_reg_rw: write reg=0x70150, len=4, val=(0x80014011, 0x0)
   kworker/u33:1-57411   [001] d.... 11184.273828: i915_reg_rw: write reg=0x70154, len=4, val=(0x80018014, 0x0)
   kworker/u33:1-57411   [001] d.... 11184.273828: i915_reg_rw: write reg=0x70158, len=4, val=(0x80018014, 0x0)
   kworker/u33:1-57411   [001] d.... 11184.273829: i915_reg_rw: write reg=0x7015c, len=4, val=(0x8001c017, 0x0)
   kworker/u33:1-57411   [001] d.... 11184.273830: i915_reg_rw: write reg=0x70168, len=4, val=(0x0, 0x0)
   kworker/u33:1-57411   [001] d.... 11184.273831: i915_reg_rw: write reg=0x7017c, len=4, val=(0x37b035c, 0x0)
   kworker/u33:1-57411   [001] d.... 11184.273831: i915_reg_rw: write reg=0x70088, len=4, val=(0x16b0638, 0x0)
   kworker/u33:1-57411   [001] d.... 11184.273832: i915_reg_rw: write reg=0x70084, len=4, val=(0x3140000, 0x0)
   kworker/u33:1-57411   [001] d.... 11184.273834: intel_scaler_disable_arm: dev 0000:00:02.0, pipe A, scaler 0, frame=671627, scanline=735
   kworker/u33:1-57411   [001] d..2. 11184.273835: i915_reg_rw: read reg=0x70040, len=4, val=(0xa3f8b, 0x0)
   kworker/u33:1-57411   [001] d..3. 11184.273836: i915_reg_rw: read reg=0x70000, len=4, val=(0x2de, 0x0)
   kworker/u33:1-57411   [001] d.... 11184.273836: i915_reg_rw: write reg=0x68180, len=4, val=(0x0, 0x0)
   kworker/u33:1-57411   [001] d.... 11184.273837: i915_reg_rw: write reg=0x68170, len=4, val=(0x0, 0x0)
   kworker/u33:1-57411   [001] d.... 11184.273838: i915_reg_rw: write reg=0x68174, len=4, val=(0x0, 0x0)
   kworker/u33:1-57411   [001] d.... 11184.273839: intel_scaler_disable_arm: dev 0000:00:02.0, pipe A, scaler 1, frame=671627, scanline=736
   kworker/u33:1-57411   [001] d..2. 11184.273839: i915_reg_rw: read reg=0x70040, len=4, val=(0xa3f8b, 0x0)
   kworker/u33:1-57411   [001] d..3. 11184.273840: i915_reg_rw: read reg=0x70000, len=4, val=(0x2df, 0x0)
   kworker/u33:1-57411   [001] d.... 11184.273841: i915_reg_rw: write reg=0x68280, len=4, val=(0x0, 0x0)
   kworker/u33:1-57411   [001] d.... 11184.273841: i915_reg_rw: write reg=0x68270, len=4, val=(0x0, 0x0)
   kworker/u33:1-57411   [001] d.... 11184.273842: i915_reg_rw: write reg=0x68274, len=4, val=(0x0, 0x0)
   kworker/u33:1-57411   [001] d..1. 11184.273843: i915_reg_rw: read reg=0x70000, len=4, val=(0x2df, 0x0)
   kworker/u33:1-57411   [001] d.... 11184.273844: i915_reg_rw: read reg=0x70040, len=4, val=(0xa3f8b, 0x0)
   kworker/u33:1-57411   [001] d.... 11184.273845: intel_pipe_update_end: dev 0000:00:02.0, pipe A, frame=671627, scanline=736
   kworker/u33:1-57411   [001] d..2. 11184.273848: i915_reg_rw: read reg=0x70040, len=4, val=(0xa3f8b, 0x0)
   kworker/u33:1-57411   [001] d..3. 11184.273849: i915_reg_rw: read reg=0x70000, len=4, val=(0x2df, 0x0)
   kworker/u33:1-57411   [001] d..2. 11184.273851: i915_reg_rw: read reg=0x70040, len=4, val=(0xa3f8b, 0x0)
     ksoftirqd/7-60      [007] d.H2. 11184.278146: i915_reg_rw: write reg=0x20a8, len=4, val=(0xfffff6f6, 0x0)
     kworker/7:0-83001   [007] ..... 11184.278392: i915_request_retire: dev=1, engine=0:0, ctx=5, seqno=714859, tail=2584
     kworker/7:0-83001   [007] d.h3. 11184.278400: i915_reg_rw: write reg=0x20a8, len=4, val=(0xfffff6f7, 0x0)
     kworker/7:0-83001   [007] ..... 11184.278448: i915_reg_rw: read reg=0x8504, len=4, val=(0xfc004c3, 0x0)
          <idle>-0       [007] d.h1. 11184.278915: i915_reg_rw: read reg=0x44408, len=4, val=(0x1, 0x0)
          <idle>-0       [007] d.h1. 11184.278916: i915_reg_rw: write reg=0x44408, len=4, val=(0x1, 0x0)
          <idle>-0       [007] d.h3. 11184.278924: i915_reg_rw: read reg=0x70040, len=4, val=(0xa3f8c, 0x0)
          <idle>-0       [007] d.h4. 11184.278930: i915_reg_rw: read reg=0x70000, len=4, val=(0x438, 0x0)
          <idle>-0       [007] d.h3. 11184.278932: i915_reg_rw: read reg=0x70040, len=4, val=(0xa3f8c, 0x0)
   kworker/u33:1-57411   [001] ..... 11184.278971: intel_frontbuffer_flush: dev 0000:00:02.0, frontbuffer_bits=0x00000081, origin=2
          bobide-73329   [007] ..... 11184.282159: i915_request_queue: dev=1, engine=0:0, ctx=127, seqno=108168, flags=0x0
          bobide-73329   [007] ..... 11184.282164: i915_request_add: dev=1, engine=0:0, ctx=127, seqno=108168, tail=2584
     kworker/7:0-83001   [007] ..... 11184.283479: i915_request_retire: dev=1, engine=0:0, ctx=127, seqno=108168, tail=11224
     ksoftirqd/7-60      [007] d.H2. 11184.286565: i915_reg_rw: write reg=0x20a8, len=4, val=(0xfffff6f6, 0x0)
     kworker/7:0-83001   [007] ..... 11184.286765: i915_request_retire: dev=1, engine=0:0, ctx=5, seqno=714860, tail=2720
     kworker/7:0-83001   [007] d.h3. 11184.286774: i915_reg_rw: write reg=0x20a8, len=4, val=(0xfffff6f7, 0x0)
     kworker/7:0-83001   [007] ..... 11184.286799: i915_reg_rw: read reg=0x8504, len=4, val=(0xfc004c3, 0x0)
     gnome-shell-14986   [001] ..... 11184.289942: i915_request_queue: dev=1, engine=0:0, ctx=30, seqno=1685402, flags=0x0
     gnome-shell-14986   [001] ..... 11184.289946: i915_request_add: dev=1, engine=0:0, ctx=30, seqno=1685402, tail=15640
     gnome-shell-14986   [001] ..... 11184.290184: i915_request_queue: dev=1, engine=0:0, ctx=30, seqno=1685404, flags=0x0
     gnome-shell-14986   [001] ..... 11184.290186: i915_request_add: dev=1, engine=0:0, ctx=30, seqno=1685404, tail=11592
     kworker/7:0-83001   [007] ..... 11184.290533: i915_request_retire: dev=1, engine=0:0, ctx=30, seqno=1685402, tail=9016
     kworker/7:0-83001   [007] ..... 11184.290553: i915_request_retire: dev=1, engine=0:0, ctx=30, seqno=1685404, tail=9200
   kworker/u33:1-57411   [007] ..... 11184.291277: intel_plane_update_noarm: dev 0000:00:02.0, pipe A, plane 1A, frame=671628, scanline=789, format=XR30 little-endian (0x30335258), 1920.000000x1080.000000+0.000000+0.000000 -> 1920x1080+0+0
   kworker/u33:1-57411   [007] ...2. 11184.291280: i915_reg_rw: read reg=0x70040, len=4, val=(0xa3f8c, 0x0)
   kworker/u33:1-57411   [007] d..3. 11184.291282: i915_reg_rw: read reg=0x70000, len=4, val=(0x314, 0x0)
   kworker/u33:1-57411   [007] ..... 11184.291284: i915_reg_rw: write reg=0x70188, len=4, val=(0xf, 0x0)
   kworker/u33:1-57411   [007] ..... 11184.291285: i915_reg_rw: write reg=0x7018c, len=4, val=(0x0, 0x0)
   kworker/u33:1-57411   [007] ..... 11184.291286: i915_reg_rw: write reg=0x70190, len=4, val=(0x437077f, 0x0)
   kworker/u33:1-57411   [007] ..... 11184.291287: i915_reg_rw: write reg=0x70240, len=4, val=(0x80000016, 0x0)
   kworker/u33:1-57411   [007] ..... 11184.291287: i915_reg_rw: write reg=0x70244, len=4, val=(0x8000c02b, 0x0)
   kworker/u33:1-57411   [007] ..... 11184.291288: i915_reg_rw: write reg=0x70248, len=4, val=(0x8000c02f, 0x0)
   kworker/u33:1-57411   [007] ..... 11184.291289: i915_reg_rw: write reg=0x7024c, len=4, val=(0x8001003b, 0x0)
   kworker/u33:1-57411   [007] ..... 11184.291290: i915_reg_rw: write reg=0x70250, len=4, val=(0x8001805c, 0x0)
   kworker/u33:1-57411   [007] ..... 11184.291290: i915_reg_rw: write reg=0x70254, len=4, val=(0x8001c06b, 0x0)
   kworker/u33:1-57411   [007] ..... 11184.291291: i915_reg_rw: write reg=0x70258, len=4, val=(0x8001c06b, 0x0)
   kworker/u33:1-57411   [007] ..... 11184.291292: i915_reg_rw: write reg=0x7025c, len=4, val=(0x8002007a, 0x0)
   kworker/u33:1-57411   [007] ..... 11184.291292: i915_reg_rw: write reg=0x70268, len=4, val=(0x0, 0x0)
   kworker/u33:1-57411   [007] ..... 11184.291293: i915_reg_rw: write reg=0x7027c, len=4, val=(0x35b0000, 0x0)
   kworker/u33:1-57411   [007] ..... 11184.291294: i915_reg_rw: write reg=0x70278, len=4, val=(0x0, 0x0)
   kworker/u33:1-57411   [007] ..... 11184.291295: intel_plane_update_noarm: dev 0000:00:02.0, pipe A, cursor A, frame=671628, scanline=789, format=AR24 little-endian (0x34325241), 256.000000x256.000000+0.000000+0.000000 -> 256x256+1590+368
   kworker/u33:1-57411   [007] ...2. 11184.291296: i915_reg_rw: read reg=0x70040, len=4, val=(0xa3f8c, 0x0)
   kworker/u33:1-57411   [007] d..3. 11184.291297: i915_reg_rw: read reg=0x70000, len=4, val=(0x314, 0x0)
   kworker/u33:1-57411   [007] d.... 11184.291302: intel_pipe_update_start: dev 0000:00:02.0, pipe A, frame=671628, scanline=790, min=1073, max=1079
   kworker/u33:1-57411   [007] d..2. 11184.291302: i915_reg_rw: read reg=0x70040, len=4, val=(0xa3f8c, 0x0)
   kworker/u33:1-57411   [007] d..3. 11184.291303: i915_reg_rw: read reg=0x70000, len=4, val=(0x315, 0x0)
   kworker/u33:1-57411   [007] d..1. 11184.291305: i915_reg_rw: read reg=0x70000, len=4, val=(0x315, 0x0)
   kworker/u33:1-57411   [007] d.... 11184.291306: i915_reg_rw: read reg=0x70040, len=4, val=(0xa3f8c, 0x0)
   kworker/u33:1-57411   [007] d.... 11184.291308: intel_pipe_update_vblank_evaded: dev 0000:00:02.0, pipe A, frame=671628, scanline=790, min=1073, max=1079
   kworker/u33:1-57411   [007] d.... 11184.291309: i915_reg_rw: write reg=0x70030, len=4, val=(0x50, 0x0)
   kworker/u33:1-57411   [007] d.... 11184.291312: intel_plane_update_arm: dev 0000:00:02.0, pipe A, plane 1A, frame=671628, scanline=791, format=XR30 little-endian (0x30335258), 1920.000000x1080.000000+0.000000+0.000000 -> 1920x1080+0+0
   kworker/u33:1-57411   [007] d..2. 11184.291312: i915_reg_rw: read reg=0x70040, len=4, val=(0xa3f8c, 0x0)
   kworker/u33:1-57411   [007] d..3. 11184.291313: i915_reg_rw: read reg=0x70000, len=4, val=(0x316, 0x0)
   kworker/u33:1-57411   [007] d.... 11184.291315: i915_reg_rw: write reg=0x70194, len=4, val=(0x0, 0x0)
   kworker/u33:1-57411   [007] d.... 11184.291315: i915_reg_rw: write reg=0x70198, len=4, val=(0x0, 0x0)
   kworker/u33:1-57411   [007] d.... 11184.291316: i915_reg_rw: write reg=0x701a0, len=4, val=(0xff000000, 0x0)
   kworker/u33:1-57411   [007] d.... 11184.291317: i915_reg_rw: write reg=0x701a4, len=4, val=(0x0, 0x0)
   kworker/u33:1-57411   [007] d.... 11184.291318: i915_reg_rw: write reg=0x701c0, len=4, val=(0x0, 0x0)
   kworker/u33:1-57411   [007] d.... 11184.291318: i915_reg_rw: write reg=0x701c4, len=4, val=(0x0, 0x0)
   kworker/u33:1-57411   [007] d.... 11184.291319: i915_reg_rw: write reg=0x70180, len=4, val=(0xc2042400, 0x0)
   kworker/u33:1-57411   [007] d.... 11184.291322: i915_reg_rw: write reg=0x7019c, len=4, val=(0x1c00000, 0x0)
   kworker/u33:1-57411   [007] d.... 11184.291323: intel_plane_update_arm: dev 0000:00:02.0, pipe A, cursor A, frame=671628, scanline=791, format=AR24 little-endian (0x34325241), 256.000000x256.000000+0.000000+0.000000 -> 256x256+1590+368
   kworker/u33:1-57411   [007] d..2. 11184.291324: i915_reg_rw: read reg=0x70040, len=4, val=(0xa3f8c, 0x0)
   kworker/u33:1-57411   [007] d..3. 11184.291325: i915_reg_rw: read reg=0x70000, len=4, val=(0x316, 0x0)
   kworker/u33:1-57411   [007] d.... 11184.291327: i915_reg_rw: write reg=0x70140, len=4, val=(0x80000004, 0x0)
   kworker/u33:1-57411   [007] d.... 11184.291328: i915_reg_rw: write reg=0x70144, len=4, val=(0x80008008, 0x0)
   kworker/u33:1-57411   [007] d.... 11184.291328: i915_reg_rw: write reg=0x70148, len=4, val=(0x80008008, 0x0)
   kworker/u33:1-57411   [007] d.... 11184.291329: i915_reg_rw: write reg=0x7014c, len=4, val=(0x8000c00b, 0x0)
   kworker/u33:1-57411   [007] d.... 11184.291330: i915_reg_rw: write reg=0x70150, len=4, val=(0x80014011, 0x0)
   kworker/u33:1-57411   [007] d.... 11184.291330: i915_reg_rw: write reg=0x70154, len=4, val=(0x80018014, 0x0)
   kworker/u33:1-57411   [007] d.... 11184.291331: i915_reg_rw: write reg=0x70158, len=4, val=(0x80018014, 0x0)
   kworker/u33:1-57411   [007] d.... 11184.291332: i915_reg_rw: write reg=0x7015c, len=4, val=(0x8001c017, 0x0)
   kworker/u33:1-57411   [007] d.... 11184.291333: i915_reg_rw: write reg=0x70168, len=4, val=(0x0, 0x0)
   kworker/u33:1-57411   [007] d.... 11184.291333: i915_reg_rw: write reg=0x7017c, len=4, val=(0x37b035c, 0x0)
   kworker/u33:1-57411   [007] d.... 11184.291334: i915_reg_rw: write reg=0x70088, len=4, val=(0x1700636, 0x0)
   kworker/u33:1-57411   [007] d.... 11184.291335: i915_reg_rw: write reg=0x70084, len=4, val=(0x3140000, 0x0)
   kworker/u33:1-57411   [007] d.... 11184.291336: intel_scaler_disable_arm: dev 0000:00:02.0, pipe A, scaler 0, frame=671628, scanline=792
   kworker/u33:1-57411   [007] d..2. 11184.291338: i915_reg_rw: read reg=0x70040, len=4, val=(0xa3f8c, 0x0)
   kworker/u33:1-57411   [007] d..3. 11184.291339: i915_reg_rw: read reg=0x70000, len=4, val=(0x317, 0x0)
   kworker/u33:1-57411   [007] d.... 11184.291340: i915_reg_rw: write reg=0x68180, len=4, val=(0x0, 0x0)
   kworker/u33:1-57411   [007] d.... 11184.291340: i915_reg_rw: write reg=0x68170, len=4, val=(0x0, 0x0)
   kworker/u33:1-57411   [007] d.... 11184.291341: i915_reg_rw: write reg=0x68174, len=4, val=(0x0, 0x0)
   kworker/u33:1-57411   [007] d.... 11184.291342: intel_scaler_disable_arm: dev 0000:00:02.0, pipe A, scaler 1, frame=671628, scanline=793
   kworker/u33:1-57411   [007] d..2. 11184.291342: i915_reg_rw: read reg=0x70040, len=4, val=(0xa3f8c, 0x0)
   kworker/u33:1-57411   [007] d..3. 11184.291343: i915_reg_rw: read reg=0x70000, len=4, val=(0x318, 0x0)
   kworker/u33:1-57411   [007] d.... 11184.291344: i915_reg_rw: write reg=0x68280, len=4, val=(0x0, 0x0)
   kworker/u33:1-57411   [007] d.... 11184.291344: i915_reg_rw: write reg=0x68270, len=4, val=(0x0, 0x0)
   kworker/u33:1-57411   [007] d.... 11184.291345: i915_reg_rw: write reg=0x68274, len=4, val=(0x0, 0x0)
   kworker/u33:1-57411   [007] d..1. 11184.291346: i915_reg_rw: read reg=0x70000, len=4, val=(0x318, 0x0)
   kworker/u33:1-57411   [007] d.... 11184.291347: i915_reg_rw: read reg=0x70040, len=4, val=(0xa3f8c, 0x0)
   kworker/u33:1-57411   [007] d.... 11184.291348: intel_pipe_update_end: dev 0000:00:02.0, pipe A, frame=671628, scanline=793
   kworker/u33:1-57411   [007] d..2. 11184.291350: i915_reg_rw: read reg=0x70040, len=4, val=(0xa3f8c, 0x0)
   kworker/u33:1-57411   [007] d..3. 11184.291352: i915_reg_rw: read reg=0x70000, len=4, val=(0x318, 0x0)
   kworker/u33:1-57411   [007] d..2. 11184.291353: i915_reg_rw: read reg=0x70040, len=4, val=(0xa3f8c, 0x0)
     ksoftirqd/7-60      [007] d.H2. 11184.293475: i915_reg_rw: write reg=0x20a8, len=4, val=(0xfffff6f6, 0x0)
     kworker/7:0-83001   [007] ..... 11184.293670: i915_request_retire: dev=1, engine=0:0, ctx=5, seqno=714861, tail=2856
     kworker/7:0-83001   [007] d.h3. 11184.293675: i915_reg_rw: write reg=0x20a8, len=4, val=(0xfffff6f7, 0x0)
     kworker/7:0-83001   [007] ..... 11184.293705: i915_reg_rw: read reg=0x8504, len=4, val=(0xfc004c3, 0x0)
        thermald-5605    [007] d.h1. 11184.295571: i915_reg_rw: read reg=0x44408, len=4, val=(0x1, 0x0)
        thermald-5605    [007] d.h1. 11184.295573: i915_reg_rw: write reg=0x44408, len=4, val=(0x1, 0x0)
        thermald-5605    [007] d.h3. 11184.295576: i915_reg_rw: read reg=0x70040, len=4, val=(0xa3f8d, 0x0)
        thermald-5605    [007] d.h4. 11184.295577: i915_reg_rw: read reg=0x70000, len=4, val=(0x437, 0x0)
        thermald-5605    [007] d.h3. 11184.295578: i915_reg_rw: read reg=0x70040, len=4, val=(0xa3f8d, 0x0)
   kworker/u33:1-57411   [002] ..... 11184.295643: intel_frontbuffer_flush: dev 0000:00:02.0, frontbuffer_bits=0x00000081, origin=2
          bobide-73329   [006] ..... 11184.299620: i915_request_queue: dev=1, engine=0:0, ctx=127, seqno=108170, flags=0x0
          bobide-73329   [006] ..... 11184.299623: i915_request_add: dev=1, engine=0:0, ctx=127, seqno=108170, tail=16192
     kworker/7:0-83001   [007] ..... 11184.301488: i915_request_retire: dev=1, engine=0:0, ctx=127, seqno=108170, tail=11408
     ksoftirqd/7-60      [007] d.H2. 11184.304467: i915_reg_rw: write reg=0x20a8, len=4, val=(0xfffff6f6, 0x0)
     kworker/7:0-83001   [007] ..... 11184.304666: i915_request_retire: dev=1, engine=0:0, ctx=5, seqno=714862, tail=2992
     kworker/7:0-83001   [007] d.h3. 11184.304670: i915_reg_rw: write reg=0x20a8, len=4, val=(0xfffff6f7, 0x0)
     kworker/7:0-83001   [007] ..... 11184.304694: i915_reg_rw: read reg=0x8504, len=4, val=(0xfc004c3, 0x0)
     gnome-shell-14986   [000] ..... 11184.305672: i915_request_queue: dev=1, engine=0:0, ctx=30, seqno=1685406, flags=0x0
     gnome-shell-14986   [000] ..... 11184.305674: i915_request_add: dev=1, engine=0:0, ctx=30, seqno=1685406, tail=2392
     gnome-shell-14986   [000] ..... 11184.305780: i915_request_queue: dev=1, engine=0:0, ctx=30, seqno=1685408, flags=0x0
     gnome-shell-14986   [000] ..... 11184.305781: i915_request_add: dev=1, engine=0:0, ctx=30, seqno=1685408, tail=2760
   kworker/u33:1-57411   [007] ..... 11184.306125: intel_plane_update_noarm: dev 0000:00:02.0, pipe A, plane 1A, frame=671629, scanline=665, format=XR30 little-endian (0x30335258), 1920.000000x1080.000000+0.000000+0.000000 -> 1920x1080+0+0
   kworker/u33:1-57411   [007] ...2. 11184.306127: i915_reg_rw: read reg=0x70040, len=4, val=(0xa3f8d, 0x0)
   kworker/u33:1-57411   [007] d..3. 11184.306129: i915_reg_rw: read reg=0x70000, len=4, val=(0x298, 0x0)
   kworker/u33:1-57411   [007] ..... 11184.306130: i915_reg_rw: write reg=0x70188, len=4, val=(0xf, 0x0)
   kworker/u33:1-57411   [007] ..... 11184.306131: i915_reg_rw: write reg=0x7018c, len=4, val=(0x0, 0x0)
   kworker/u33:1-57411   [007] ..... 11184.306132: i915_reg_rw: write reg=0x70190, len=4, val=(0x437077f, 0x0)
   kworker/u33:1-57411   [007] ..... 11184.306132: i915_reg_rw: write reg=0x70240, len=4, val=(0x80000016, 0x0)
   kworker/u33:1-57411   [007] ..... 11184.306133: i915_reg_rw: write reg=0x70244, len=4, val=(0x8000c02b, 0x0)
   kworker/u33:1-57411   [007] ..... 11184.306134: i915_reg_rw: write reg=0x70248, len=4, val=(0x8000c02f, 0x0)
   kworker/u33:1-57411   [007] ..... 11184.306134: i915_reg_rw: write reg=0x7024c, len=4, val=(0x8001003b, 0x0)
   kworker/u33:1-57411   [007] ..... 11184.306135: i915_reg_rw: write reg=0x70250, len=4, val=(0x8001805c, 0x0)
   kworker/u33:1-57411   [007] ..... 11184.306135: i915_reg_rw: write reg=0x70254, len=4, val=(0x8001c06b, 0x0)
   kworker/u33:1-57411   [007] ..... 11184.306136: i915_reg_rw: write reg=0x70258, len=4, val=(0x8001c06b, 0x0)
   kworker/u33:1-57411   [007] ..... 11184.306136: i915_reg_rw: write reg=0x7025c, len=4, val=(0x8002007a, 0x0)
   kworker/u33:1-57411   [007] ..... 11184.306137: i915_reg_rw: write reg=0x70268, len=4, val=(0x0, 0x0)
   kworker/u33:1-57411   [007] ..... 11184.306138: i915_reg_rw: write reg=0x7027c, len=4, val=(0x35b0000, 0x0)
   kworker/u33:1-57411   [007] ..... 11184.306138: i915_reg_rw: write reg=0x70278, len=4, val=(0x0, 0x0)
   kworker/u33:1-57411   [007] ..... 11184.306139: intel_plane_update_noarm: dev 0000:00:02.0, pipe A, cursor A, frame=671629, scanline=666, format=AR24 little-endian (0x34325241), 256.000000x256.000000+0.000000+0.000000 -> 256x256+1590+369
   kworker/u33:1-57411   [007] ...2. 11184.306140: i915_reg_rw: read reg=0x70040, len=4, val=(0xa3f8d, 0x0)
   kworker/u33:1-57411   [007] d..3. 11184.306140: i915_reg_rw: read reg=0x70000, len=4, val=(0x299, 0x0)
   kworker/u33:1-57411   [007] d.... 11184.306144: intel_pipe_update_start: dev 0000:00:02.0, pipe A, frame=671629, scanline=666, min=1073, max=1079
   kworker/u33:1-57411   [007] d..2. 11184.306144: i915_reg_rw: read reg=0x70040, len=4, val=(0xa3f8d, 0x0)
   kworker/u33:1-57411   [007] d..3. 11184.306145: i915_reg_rw: read reg=0x70000, len=4, val=(0x299, 0x0)
   kworker/u33:1-57411   [007] d..1. 11184.306146: i915_reg_rw: read reg=0x70000, len=4, val=(0x299, 0x0)
   kworker/u33:1-57411   [007] d.... 11184.306148: i915_reg_rw: read reg=0x70040, len=4, val=(0xa3f8d, 0x0)
   kworker/u33:1-57411   [007] d.... 11184.306148: intel_pipe_update_vblank_evaded: dev 0000:00:02.0, pipe A, frame=671629, scanline=666, min=1073, max=1079
   kworker/u33:1-57411   [007] d.... 11184.306149: i915_reg_rw: write reg=0x70030, len=4, val=(0x50, 0x0)
   kworker/u33:1-57411   [007] d.... 11184.306151: intel_plane_update_arm: dev 0000:00:02.0, pipe A, plane 1A, frame=671629, scanline=667, format=XR30 little-endian (0x30335258), 1920.000000x1080.000000+0.000000+0.000000 -> 1920x1080+0+0
   kworker/u33:1-57411   [007] d..2. 11184.306152: i915_reg_rw: read reg=0x70040, len=4, val=(0xa3f8d, 0x0)
   kworker/u33:1-57411   [007] d..3. 11184.306152: i915_reg_rw: read reg=0x70000, len=4, val=(0x29a, 0x0)
   kworker/u33:1-57411   [007] d.... 11184.306153: i915_reg_rw: write reg=0x70194, len=4, val=(0x0, 0x0)
   kworker/u33:1-57411   [007] d.... 11184.306153: i915_reg_rw: write reg=0x70198, len=4, val=(0x0, 0x0)
   kworker/u33:1-57411   [007] d.... 11184.306154: i915_reg_rw: write reg=0x701a0, len=4, val=(0xff000000, 0x0)
   kworker/u33:1-57411   [007] d.... 11184.306154: i915_reg_rw: write reg=0x701a4, len=4, val=(0x0, 0x0)
   kworker/u33:1-57411   [007] d.... 11184.306155: i915_reg_rw: write reg=0x701c0, len=4, val=(0x0, 0x0)
   kworker/u33:1-57411   [007] d.... 11184.306155: i915_reg_rw: write reg=0x701c4, len=4, val=(0x0, 0x0)
   kworker/u33:1-57411   [007] d.... 11184.306155: i915_reg_rw: write reg=0x70180, len=4, val=(0xc2042400, 0x0)
   kworker/u33:1-57411   [007] d.... 11184.306156: i915_reg_rw: write reg=0x7019c, len=4, val=(0x25c0000, 0x0)
   kworker/u33:1-57411   [007] d.... 11184.306157: intel_plane_update_arm: dev 0000:00:02.0, pipe A, cursor A, frame=671629, scanline=667, format=AR24 little-endian (0x34325241), 256.000000x256.000000+0.000000+0.000000 -> 256x256+1590+369
   kworker/u33:1-57411   [007] d..2. 11184.306157: i915_reg_rw: read reg=0x70040, len=4, val=(0xa3f8d, 0x0)
   kworker/u33:1-57411   [007] d..3. 11184.306157: i915_reg_rw: read reg=0x70000, len=4, val=(0x29a, 0x0)
   kworker/u33:1-57411   [007] d.... 11184.306158: i915_reg_rw: write reg=0x70140, len=4, val=(0x80000004, 0x0)
   kworker/u33:1-57411   [007] d.... 11184.306159: i915_reg_rw: write reg=0x70144, len=4, val=(0x80008008, 0x0)
   kworker/u33:1-57411   [007] d.... 11184.306159: i915_reg_rw: write reg=0x70148, len=4, val=(0x80008008, 0x0)
   kworker/u33:1-57411   [007] d.... 11184.306160: i915_reg_rw: write reg=0x7014c, len=4, val=(0x8000c00b, 0x0)
   kworker/u33:1-57411   [007] d.... 11184.306160: i915_reg_rw: write reg=0x70150, len=4, val=(0x80014011, 0x0)
   kworker/u33:1-57411   [007] d.... 11184.306161: i915_reg_rw: write reg=0x70154, len=4, val=(0x80018014, 0x0)
   kworker/u33:1-57411   [007] d.... 11184.306161: i915_reg_rw: write reg=0x70158, len=4, val=(0x80018014, 0x0)
   kworker/u33:1-57411   [007] d.... 11184.306161: i915_reg_rw: write reg=0x7015c, len=4, val=(0x8001c017, 0x0)
   kworker/u33:1-57411   [007] d.... 11184.306162: i915_reg_rw: write reg=0x70168, len=4, val=(0x0, 0x0)
   kworker/u33:1-57411   [007] d.... 11184.306162: i915_reg_rw: write reg=0x7017c, len=4, val=(0x37b035c, 0x0)
   kworker/u33:1-57411   [007] d.... 11184.306163: i915_reg_rw: write reg=0x70088, len=4, val=(0x1710636, 0x0)
   kworker/u33:1-57411   [007] d.... 11184.306163: i915_reg_rw: write reg=0x70084, len=4, val=(0x3140000, 0x0)
   kworker/u33:1-57411   [007] d.... 11184.306164: intel_scaler_disable_arm: dev 0000:00:02.0, pipe A, scaler 0, frame=671629, scanline=668
   kworker/u33:1-57411   [007] d..2. 11184.306165: i915_reg_rw: read reg=0x70040, len=4, val=(0xa3f8d, 0x0)
   kworker/u33:1-57411   [007] d..3. 11184.306165: i915_reg_rw: read reg=0x70000, len=4, val=(0x29b, 0x0)
   kworker/u33:1-57411   [007] d.... 11184.306166: i915_reg_rw: write reg=0x68180, len=4, val=(0x0, 0x0)
   kworker/u33:1-57411   [007] d.... 11184.306166: i915_reg_rw: write reg=0x68170, len=4, val=(0x0, 0x0)
   kworker/u33:1-57411   [007] d.... 11184.306166: i915_reg_rw: write reg=0x68174, len=4, val=(0x0, 0x0)
   kworker/u33:1-57411   [007] d.... 11184.306167: intel_scaler_disable_arm: dev 0000:00:02.0, pipe A, scaler 1, frame=671629, scanline=668
   kworker/u33:1-57411   [007] d..2. 11184.306167: i915_reg_rw: read reg=0x70040, len=4, val=(0xa3f8d, 0x0)
   kworker/u33:1-57411   [007] d..3. 11184.306168: i915_reg_rw: read reg=0x70000, len=4, val=(0x29b, 0x0)
   kworker/u33:1-57411   [007] d.... 11184.306168: i915_reg_rw: write reg=0x68280, len=4, val=(0x0, 0x0)
   kworker/u33:1-57411   [007] d.... 11184.306169: i915_reg_rw: write reg=0x68270, len=4, val=(0x0, 0x0)
   kworker/u33:1-57411   [007] d.... 11184.306169: i915_reg_rw: write reg=0x68274, len=4, val=(0x0, 0x0)
   kworker/u33:1-57411   [007] d..1. 11184.306170: i915_reg_rw: read reg=0x70000, len=4, val=(0x29b, 0x0)
   kworker/u33:1-57411   [007] d.... 11184.306170: i915_reg_rw: read reg=0x70040, len=4, val=(0xa3f8d, 0x0)
   kworker/u33:1-57411   [007] d.... 11184.306171: intel_pipe_update_end: dev 0000:00:02.0, pipe A, frame=671629, scanline=668
   kworker/u33:1-57411   [007] d..2. 11184.306172: i915_reg_rw: read reg=0x70040, len=4, val=(0xa3f8d, 0x0)
   kworker/u33:1-57411   [007] d..3. 11184.306173: i915_reg_rw: read reg=0x70000, len=4, val=(0x29b, 0x0)
   kworker/u33:1-57411   [007] d..2. 11184.306174: i915_reg_rw: read reg=0x70040, len=4, val=(0xa3f8d, 0x0)
     kworker/7:0-83001   [007] ..... 11184.306183: i915_request_retire: dev=1, engine=0:0, ctx=30, seqno=1685406, tail=9384
     kworker/7:0-83001   [007] ..... 11184.306185: i915_request_retire: dev=1, engine=0:0, ctx=30, seqno=1685408, tail=9568
     ksoftirqd/7-60      [007] d.H2. 11184.308456: i915_reg_rw: write reg=0x20a8, len=4, val=(0xfffff6f6, 0x0)
     kworker/7:0-83001   [007] ..... 11184.308632: i915_request_retire: dev=1, engine=0:0, ctx=5, seqno=714863, tail=3128
     kworker/7:0-83001   [007] d.h3. 11184.308635: i915_reg_rw: write reg=0x20a8, len=4, val=(0xfffff6f7, 0x0)
     kworker/7:0-83001   [007] ..... 11184.308657: i915_reg_rw: read reg=0x8504, len=4, val=(0xfc004c3, 0x0)
          <idle>-0       [007] d.h1. 11184.312279: i915_reg_rw: read reg=0x44408, len=4, val=(0x1, 0x0)
          <idle>-0       [007] d.h1. 11184.312280: i915_reg_rw: write reg=0x44408, len=4, val=(0x1, 0x0)
          <idle>-0       [007] d.h3. 11184.312283: i915_reg_rw: read reg=0x70040, len=4, val=(0xa3f8e, 0x0)
          <idle>-0       [007] d.h4. 11184.312284: i915_reg_rw: read reg=0x70000, len=4, val=(0x43a, 0x0)
          <idle>-0       [007] d.h3. 11184.312285: i915_reg_rw: read reg=0x70040, len=4, val=(0xa3f8e, 0x0)
   kworker/u33:1-57411   [007] ..... 11184.312303: intel_frontbuffer_flush: dev 0000:00:02.0, frontbuffer_bits=0x00000081, origin=2
          bobide-73329   [006] ..... 11184.314114: i915_request_queue: dev=1, engine=0:0, ctx=127, seqno=108172, flags=0x0
          bobide-73329   [006] ..... 11184.314117: i915_request_add: dev=1, engine=0:0, ctx=127, seqno=108172, tail=7176
     kworker/7:0-83001   [007] ..... 11184.314932: i915_request_retire: dev=1, engine=0:0, ctx=127, seqno=108172, tail=11592
     ksoftirqd/7-60      [007] d.H2. 11184.318461: i915_reg_rw: write reg=0x20a8, len=4, val=(0xfffff6f6, 0x0)
     kworker/7:0-83001   [007] ..... 11184.318650: i915_request_retire: dev=1, engine=0:0, ctx=5, seqno=714864, tail=3264
     kworker/7:0-83001   [007] d.h3. 11184.318654: i915_reg_rw: write reg=0x20a8, len=4, val=(0xfffff6f7, 0x0)
     kworker/7:0-83001   [007] ..... 11184.318672: i915_reg_rw: read reg=0x8504, len=4, val=(0xfc004c3, 0x0)
     gnome-shell-14986   [003] ..... 11184.322202: i915_request_queue: dev=1, engine=0:0, ctx=30, seqno=1685410, flags=0x0
     gnome-shell-14986   [003] ..... 11184.322204: i915_request_add: dev=1, engine=0:0, ctx=30, seqno=1685410, tail=736
     gnome-shell-14986   [003] ..... 11184.322368: i915_request_queue: dev=1, engine=0:0, ctx=30, seqno=1685412, flags=0x0
     gnome-shell-14986   [003] ..... 11184.322369: i915_request_add: dev=1, engine=0:0, ctx=30, seqno=1685412, tail=1840
   kworker/u33:1-57411   [007] d.h3. 11184.322623: i915_reg_rw: write reg=0x20a8, len=4, val=(0xfffff6f6, 0x0)
   kworker/u33:1-57411   [007] ..... 11184.322630: i915_request_wait_begin: dev=1, engine=0:0, ctx=30, seqno=1685410, flags=0x2
          <idle>-0       [007] dNh3. 11184.322718: i915_reg_rw: write reg=0x20a8, len=4, val=(0xfffff6f7, 0x0)
   kworker/u33:1-57411   [007] ..... 11184.322722: i915_request_wait_end: dev=1, engine=0:0, ctx=30, seqno=1685410, tail=9752
   kworker/u33:1-57411   [007] ..... 11184.322736: intel_plane_update_noarm: dev 0000:00:02.0, pipe A, plane 1A, frame=671630, scanline=661, format=XR30 little-endian (0x30335258), 1920.000000x1080.000000+0.000000+0.000000 -> 1920x1080+0+0
   kworker/u33:1-57411   [007] ...2. 11184.322737: i915_reg_rw: read reg=0x70040, len=4, val=(0xa3f8e, 0x0)
   kworker/u33:1-57411   [007] d..3. 11184.322738: i915_reg_rw: read reg=0x70000, len=4, val=(0x294, 0x0)
   kworker/u33:1-57411   [007] ..... 11184.322739: i915_reg_rw: write reg=0x70188, len=4, val=(0xf, 0x0)
   kworker/u33:1-57411   [007] ..... 11184.322740: i915_reg_rw: write reg=0x7018c, len=4, val=(0x0, 0x0)
   kworker/u33:1-57411   [007] ..... 11184.322755: i915_reg_rw: write reg=0x70190, len=4, val=(0x437077f, 0x0)
   kworker/u33:1-57411   [007] ..... 11184.322756: i915_reg_rw: write reg=0x70240, len=4, val=(0x80000016, 0x0)
   kworker/u33:1-57411   [007] ..... 11184.322756: i915_reg_rw: write reg=0x70244, len=4, val=(0x8000c02b, 0x0)
   kworker/u33:1-57411   [007] ..... 11184.322757: i915_reg_rw: write reg=0x70248, len=4, val=(0x8000c02f, 0x0)
   kworker/u33:1-57411   [007] ..... 11184.322757: i915_reg_rw: write reg=0x7024c, len=4, val=(0x8001003b, 0x0)
   kworker/u33:1-57411   [007] ..... 11184.322758: i915_reg_rw: write reg=0x70250, len=4, val=(0x8001805c, 0x0)
   kworker/u33:1-57411   [007] ..... 11184.322758: i915_reg_rw: write reg=0x70254, len=4, val=(0x8001c06b, 0x0)
   kworker/u33:1-57411   [007] ..... 11184.322759: i915_reg_rw: write reg=0x70258, len=4, val=(0x8001c06b, 0x0)
   kworker/u33:1-57411   [007] ..... 11184.322759: i915_reg_rw: write reg=0x7025c, len=4, val=(0x8002007a, 0x0)
   kworker/u33:1-57411   [007] ..... 11184.322760: i915_reg_rw: write reg=0x70268, len=4, val=(0x0, 0x0)
   kworker/u33:1-57411   [007] ..... 11184.322760: i915_reg_rw: write reg=0x7027c, len=4, val=(0x35b0000, 0x0)
   kworker/u33:1-57411   [007] ..... 11184.322761: i915_reg_rw: write reg=0x70278, len=4, val=(0x0, 0x0)
   kworker/u33:1-57411   [007] d.... 11184.322764: intel_pipe_update_start: dev 0000:00:02.0, pipe A, frame=671630, scanline=663, min=1073, max=1079
   kworker/u33:1-57411   [007] d..2. 11184.322765: i915_reg_rw: read reg=0x70040, len=4, val=(0xa3f8e, 0x0)
   kworker/u33:1-57411   [007] d..3. 11184.322765: i915_reg_rw: read reg=0x70000, len=4, val=(0x296, 0x0)
   kworker/u33:1-57411   [007] d..1. 11184.322766: i915_reg_rw: read reg=0x70000, len=4, val=(0x296, 0x0)
   kworker/u33:1-57411   [007] d.... 11184.322767: i915_reg_rw: read reg=0x70040, len=4, val=(0xa3f8e, 0x0)
   kworker/u33:1-57411   [007] d.... 11184.322768: intel_pipe_update_vblank_evaded: dev 0000:00:02.0, pipe A, frame=671630, scanline=663, min=1073, max=1079
   kworker/u33:1-57411   [007] d.... 11184.322769: i915_reg_rw: write reg=0x70030, len=4, val=(0x50, 0x0)
   kworker/u33:1-57411   [007] d.... 11184.322771: intel_plane_update_arm: dev 0000:00:02.0, pipe A, plane 1A, frame=671630, scanline=664, format=XR30 little-endian (0x30335258), 1920.000000x1080.000000+0.000000+0.000000 -> 1920x1080+0+0
   kworker/u33:1-57411   [007] d..2. 11184.322771: i915_reg_rw: read reg=0x70040, len=4, val=(0xa3f8e, 0x0)
   kworker/u33:1-57411   [007] d..3. 11184.322772: i915_reg_rw: read reg=0x70000, len=4, val=(0x297, 0x0)
   kworker/u33:1-57411   [007] d.... 11184.322773: i915_reg_rw: write reg=0x70194, len=4, val=(0x0, 0x0)
   kworker/u33:1-57411   [007] d.... 11184.322773: i915_reg_rw: write reg=0x70198, len=4, val=(0x0, 0x0)
   kworker/u33:1-57411   [007] d.... 11184.322774: i915_reg_rw: write reg=0x701a0, len=4, val=(0xff000000, 0x0)
   kworker/u33:1-57411   [007] d.... 11184.322774: i915_reg_rw: write reg=0x701a4, len=4, val=(0x0, 0x0)
   kworker/u33:1-57411   [007] d.... 11184.322775: i915_reg_rw: write reg=0x701c0, len=4, val=(0x0, 0x0)
   kworker/u33:1-57411   [007] d.... 11184.322775: i915_reg_rw: write reg=0x701c4, len=4, val=(0x0, 0x0)
   kworker/u33:1-57411   [007] d.... 11184.322776: i915_reg_rw: write reg=0x70180, len=4, val=(0xc2042400, 0x0)
   kworker/u33:1-57411   [007] d.... 11184.322776: i915_reg_rw: write reg=0x7019c, len=4, val=(0x3300000, 0x0)
   kworker/u33:1-57411   [007] d.... 11184.322777: intel_scaler_disable_arm: dev 0000:00:02.0, pipe A, scaler 0, frame=671630, scanline=664
   kworker/u33:1-57411   [007] d..2. 11184.322778: i915_reg_rw: read reg=0x70040, len=4, val=(0xa3f8e, 0x0)
   kworker/u33:1-57411   [007] d..3. 11184.322778: i915_reg_rw: read reg=0x70000, len=4, val=(0x297, 0x0)
   kworker/u33:1-57411   [007] d.... 11184.322779: i915_reg_rw: write reg=0x68180, len=4, val=(0x0, 0x0)
   kworker/u33:1-57411   [007] d.... 11184.322779: i915_reg_rw: write reg=0x68170, len=4, val=(0x0, 0x0)
   kworker/u33:1-57411   [007] d.... 11184.322780: i915_reg_rw: write reg=0x68174, len=4, val=(0x0, 0x0)
   kworker/u33:1-57411   [007] d.... 11184.322780: intel_scaler_disable_arm: dev 0000:00:02.0, pipe A, scaler 1, frame=671630, scanline=664
   kworker/u33:1-57411   [007] d..2. 11184.322781: i915_reg_rw: read reg=0x70040, len=4, val=(0xa3f8e, 0x0)
   kworker/u33:1-57411   [007] d..3. 11184.322781: i915_reg_rw: read reg=0x70000, len=4, val=(0x297, 0x0)
   kworker/u33:1-57411   [007] d.... 11184.322782: i915_reg_rw: write reg=0x68280, len=4, val=(0x0, 0x0)
   kworker/u33:1-57411   [007] d.... 11184.322782: i915_reg_rw: write reg=0x68270, len=4, val=(0x0, 0x0)
   kworker/u33:1-57411   [007] d.... 11184.322782: i915_reg_rw: write reg=0x68274, len=4, val=(0x0, 0x0)
   kworker/u33:1-57411   [007] d..1. 11184.322783: i915_reg_rw: read reg=0x70000, len=4, val=(0x297, 0x0)
   kworker/u33:1-57411   [007] d.... 11184.322784: i915_reg_rw: read reg=0x70040, len=4, val=(0xa3f8e, 0x0)
   kworker/u33:1-57411   [007] d.... 11184.322785: intel_pipe_update_end: dev 0000:00:02.0, pipe A, frame=671630, scanline=664
   kworker/u33:1-57411   [007] d..2. 11184.322786: i915_reg_rw: read reg=0x70040, len=4, val=(0xa3f8e, 0x0)
   kworker/u33:1-57411   [007] d..3. 11184.322787: i915_reg_rw: read reg=0x70000, len=4, val=(0x298, 0x0)
   kworker/u33:1-57411   [007] d..2. 11184.322788: i915_reg_rw: read reg=0x70040, len=4, val=(0xa3f8e, 0x0)
     kworker/7:0-83001   [007] ..... 11184.322797: i915_request_retire: dev=1, engine=0:0, ctx=30, seqno=1685410, tail=9752
     kworker/7:0-83001   [007] ..... 11184.322799: i915_request_retire: dev=1, engine=0:0, ctx=30, seqno=1685412, tail=9936
     ksoftirqd/7-60      [007] d.H2. 11184.325470: i915_reg_rw: write reg=0x20a8, len=4, val=(0xfffff6f6, 0x0)
     kworker/7:0-83001   [007] ..... 11184.325662: i915_request_retire: dev=1, engine=0:0, ctx=5, seqno=714865, tail=3400
     kworker/7:0-83001   [007] d.h3. 11184.325665: i915_reg_rw: write reg=0x20a8, len=4, val=(0xfffff6f7, 0x0)
     kworker/7:0-83001   [007] ..... 11184.325688: i915_reg_rw: read reg=0x8504, len=4, val=(0xfc004c3, 0x0)
          <idle>-0       [007] d.h1. 11184.328901: i915_reg_rw: read reg=0x44408, len=4, val=(0x1, 0x0)
          <idle>-0       [007] d.h1. 11184.328903: i915_reg_rw: write reg=0x44408, len=4, val=(0x1, 0x0)
          <idle>-0       [007] d.h3. 11184.328905: i915_reg_rw: read reg=0x70040, len=4, val=(0xa3f8f, 0x0)
          <idle>-0       [007] d.h4. 11184.328907: i915_reg_rw: read reg=0x70000, len=4, val=(0x437, 0x0)
          <idle>-0       [007] d.h3. 11184.328908: i915_reg_rw: read reg=0x70040, len=4, val=(0xa3f8f, 0x0)
   kworker/u33:1-57411   [007] ..... 11184.328957: intel_frontbuffer_flush: dev 0000:00:02.0, frontbuffer_bits=0x00000001, origin=2
          bobide-73329   [006] ..... 11184.330971: i915_request_queue: dev=1, engine=0:0, ctx=127, seqno=108174, flags=0x0
          bobide-73329   [006] ..... 11184.330974: i915_request_add: dev=1, engine=0:0, ctx=127, seqno=108174, tail=8832
     kworker/7:0-83001   [007] ..... 11184.332282: i915_request_retire: dev=1, engine=0:0, ctx=127, seqno=108174, tail=11776
     ksoftirqd/7-60      [007] d.H2. 11184.334470: i915_reg_rw: write reg=0x20a8, len=4, val=(0xfffff6f6, 0x0)
     kworker/7:0-83001   [007] ..... 11184.334646: i915_request_retire: dev=1, engine=0:0, ctx=5, seqno=714866, tail=3536
     kworker/7:0-83001   [007] d.h3. 11184.334649: i915_reg_rw: write reg=0x20a8, len=4, val=(0xfffff6f7, 0x0)
     kworker/7:0-83001   [007] ..... 11184.334673: i915_reg_rw: read reg=0x8504, len=4, val=(0xfc004c3, 0x0)
     gnome-shell-14986   [001] ..... 11184.338721: i915_request_queue: dev=1, engine=0:0, ctx=30, seqno=1685414, flags=0x0
     gnome-shell-14986   [001] ..... 11184.338724: i915_request_add: dev=1, engine=0:0, ctx=30, seqno=1685414, tail=544
     gnome-shell-14986   [001] ..... 11184.338905: i915_request_queue: dev=1, engine=0:0, ctx=30, seqno=1685416, flags=0x0
     gnome-shell-14986   [001] ..... 11184.338906: i915_request_add: dev=1, engine=0:0, ctx=30, seqno=1685416, tail=9200
   kworker/u33:1-57411   [002] d.h3. 11184.339233: i915_reg_rw: write reg=0x20a8, len=4, val=(0xfffff6f6, 0x0)
   kworker/u33:1-57411   [002] ..... 11184.339241: i915_request_wait_begin: dev=1, engine=0:0, ctx=30, seqno=1685414, flags=0x2
          bobide-73254   [007] d.h2. 11184.339369: i915_reg_rw: write reg=0x20a8, len=4, val=(0xfffff6f7, 0x0)
   kworker/u33:1-57411   [002] ..... 11184.339370: i915_request_wait_end: dev=1, engine=0:0, ctx=30, seqno=1685414, tail=10120
   kworker/u33:1-57411   [002] ..... 11184.339384: intel_plane_update_noarm: dev 0000:00:02.0, pipe A, plane 1A, frame=671631, scanline=660, format=XR30 little-endian (0x30335258), 1920.000000x1080.000000+0.000000+0.000000 -> 1920x1080+0+0
   kworker/u33:1-57411   [002] ...2. 11184.339386: i915_reg_rw: read reg=0x70040, len=4, val=(0xa3f8f, 0x0)
   kworker/u33:1-57411   [002] d..3. 11184.339387: i915_reg_rw: read reg=0x70000, len=4, val=(0x293, 0x0)
   kworker/u33:1-57411   [002] ..... 11184.339388: i915_reg_rw: write reg=0x70188, len=4, val=(0xf, 0x0)
   kworker/u33:1-57411   [002] ..... 11184.339389: i915_reg_rw: write reg=0x7018c, len=4, val=(0x0, 0x0)
   kworker/u33:1-57411   [002] ..... 11184.339389: i915_reg_rw: write reg=0x70190, len=4, val=(0x437077f, 0x0)
   kworker/u33:1-57411   [002] ..... 11184.339390: i915_reg_rw: write reg=0x70240, len=4, val=(0x80000016, 0x0)
   kworker/u33:1-57411   [002] ..... 11184.339390: i915_reg_rw: write reg=0x70244, len=4, val=(0x8000c02b, 0x0)
   kworker/u33:1-57411   [002] ..... 11184.339391: i915_reg_rw: write reg=0x70248, len=4, val=(0x8000c02f, 0x0)
   kworker/u33:1-57411   [002] ..... 11184.339391: i915_reg_rw: write reg=0x7024c, len=4, val=(0x8001003b, 0x0)
   kworker/u33:1-57411   [002] ..... 11184.339391: i915_reg_rw: write reg=0x70250, len=4, val=(0x8001805c, 0x0)
   kworker/u33:1-57411   [002] ..... 11184.339392: i915_reg_rw: write reg=0x70254, len=4, val=(0x8001c06b, 0x0)
   kworker/u33:1-57411   [002] ..... 11184.339392: i915_reg_rw: write reg=0x70258, len=4, val=(0x8001c06b, 0x0)
   kworker/u33:1-57411   [002] ..... 11184.339393: i915_reg_rw: write reg=0x7025c, len=4, val=(0x8002007a, 0x0)
   kworker/u33:1-57411   [002] ..... 11184.339393: i915_reg_rw: write reg=0x70268, len=4, val=(0x0, 0x0)
   kworker/u33:1-57411   [002] ..... 11184.339394: i915_reg_rw: write reg=0x7027c, len=4, val=(0x35b0000, 0x0)
   kworker/u33:1-57411   [002] ..... 11184.339394: i915_reg_rw: write reg=0x70278, len=4, val=(0x0, 0x0)
   kworker/u33:1-57411   [002] d.... 11184.339398: intel_pipe_update_start: dev 0000:00:02.0, pipe A, frame=671631, scanline=661, min=1073, max=1079
   kworker/u33:1-57411   [002] d..2. 11184.339398: i915_reg_rw: read reg=0x70040, len=4, val=(0xa3f8f, 0x0)
   kworker/u33:1-57411   [002] d..3. 11184.339399: i915_reg_rw: read reg=0x70000, len=4, val=(0x294, 0x0)
   kworker/u33:1-57411   [002] d..1. 11184.339400: i915_reg_rw: read reg=0x70000, len=4, val=(0x294, 0x0)
   kworker/u33:1-57411   [002] d.... 11184.339401: i915_reg_rw: read reg=0x70040, len=4, val=(0xa3f8f, 0x0)
   kworker/u33:1-57411   [002] d.... 11184.339401: intel_pipe_update_vblank_evaded: dev 0000:00:02.0, pipe A, frame=671631, scanline=661, min=1073, max=1079
   kworker/u33:1-57411   [002] d.... 11184.339402: i915_reg_rw: write reg=0x70030, len=4, val=(0x50, 0x0)
   kworker/u33:1-57411   [002] d.... 11184.339404: intel_plane_update_arm: dev 0000:00:02.0, pipe A, plane 1A, frame=671631, scanline=661, format=XR30 little-endian (0x30335258), 1920.000000x1080.000000+0.000000+0.000000 -> 1920x1080+0+0
   kworker/u33:1-57411   [002] d..2. 11184.339405: i915_reg_rw: read reg=0x70040, len=4, val=(0xa3f8f, 0x0)
   kworker/u33:1-57411   [002] d..3. 11184.339405: i915_reg_rw: read reg=0x70000, len=4, val=(0x294, 0x0)
   kworker/u33:1-57411   [002] d.... 11184.339406: i915_reg_rw: write reg=0x70194, len=4, val=(0x0, 0x0)
   kworker/u33:1-57411   [002] d.... 11184.339407: i915_reg_rw: write reg=0x70198, len=4, val=(0x0, 0x0)
   kworker/u33:1-57411   [002] d.... 11184.339407: i915_reg_rw: write reg=0x701a0, len=4, val=(0xff000000, 0x0)
   kworker/u33:1-57411   [002] d.... 11184.339408: i915_reg_rw: write reg=0x701a4, len=4, val=(0x0, 0x0)
   kworker/u33:1-57411   [002] d.... 11184.339408: i915_reg_rw: write reg=0x701c0, len=4, val=(0x0, 0x0)
   kworker/u33:1-57411   [002] d.... 11184.339409: i915_reg_rw: write reg=0x701c4, len=4, val=(0x0, 0x0)
   kworker/u33:1-57411   [002] d.... 11184.339409: i915_reg_rw: write reg=0x70180, len=4, val=(0xc2042400, 0x0)
   kworker/u33:1-57411   [002] d.... 11184.339410: i915_reg_rw: write reg=0x7019c, len=4, val=(0x1c00000, 0x0)
   kworker/u33:1-57411   [002] d.... 11184.339411: intel_scaler_disable_arm: dev 0000:00:02.0, pipe A, scaler 0, frame=671631, scanline=662
   kworker/u33:1-57411   [002] d..2. 11184.339411: i915_reg_rw: read reg=0x70040, len=4, val=(0xa3f8f, 0x0)
   kworker/u33:1-57411   [002] d..3. 11184.339412: i915_reg_rw: read reg=0x70000, len=4, val=(0x295, 0x0)
   kworker/u33:1-57411   [002] d.... 11184.339412: i915_reg_rw: write reg=0x68180, len=4, val=(0x0, 0x0)
   kworker/u33:1-57411   [002] d.... 11184.339412: i915_reg_rw: write reg=0x68170, len=4, val=(0x0, 0x0)
   kworker/u33:1-57411   [002] d.... 11184.339413: i915_reg_rw: write reg=0x68174, len=4, val=(0x0, 0x0)
   kworker/u33:1-57411   [002] d.... 11184.339413: intel_scaler_disable_arm: dev 0000:00:02.0, pipe A, scaler 1, frame=671631, scanline=662
   kworker/u33:1-57411   [002] d..2. 11184.339414: i915_reg_rw: read reg=0x70040, len=4, val=(0xa3f8f, 0x0)
   kworker/u33:1-57411   [002] d..3. 11184.339414: i915_reg_rw: read reg=0x70000, len=4, val=(0x295, 0x0)
   kworker/u33:1-57411   [002] d.... 11184.339414: i915_reg_rw: write reg=0x68280, len=4, val=(0x0, 0x0)
   kworker/u33:1-57411   [002] d.... 11184.339415: i915_reg_rw: write reg=0x68270, len=4, val=(0x0, 0x0)
   kworker/u33:1-57411   [002] d.... 11184.339415: i915_reg_rw: write reg=0x68274, len=4, val=(0x0, 0x0)
   kworker/u33:1-57411   [002] d..1. 11184.339416: i915_reg_rw: read reg=0x70000, len=4, val=(0x295, 0x0)
   kworker/u33:1-57411   [002] d.... 11184.339416: i915_reg_rw: read reg=0x70040, len=4, val=(0xa3f8f, 0x0)
   kworker/u33:1-57411   [002] d.... 11184.339417: intel_pipe_update_end: dev 0000:00:02.0, pipe A, frame=671631, scanline=662
   kworker/u33:1-57411   [002] d..2. 11184.339418: i915_reg_rw: read reg=0x70040, len=4, val=(0xa3f8f, 0x0)
   kworker/u33:1-57411   [002] d..3. 11184.339419: i915_reg_rw: read reg=0x70000, len=4, val=(0x295, 0x0)
   kworker/u33:1-57411   [002] d..2. 11184.339420: i915_reg_rw: read reg=0x70040, len=4, val=(0xa3f8f, 0x0)
     kworker/7:0-83001   [007] ..... 11184.339502: i915_request_retire: dev=1, engine=0:0, ctx=30, seqno=1685414, tail=10120
     kworker/7:0-83001   [007] ..... 11184.339504: i915_request_retire: dev=1, engine=0:0, ctx=30, seqno=1685416, tail=10304
     ksoftirqd/7-60      [007] d.H2. 11184.342471: i915_reg_rw: write reg=0x20a8, len=4, val=(0xfffff6f6, 0x0)
     kworker/7:0-83001   [007] ..... 11184.342716: i915_request_retire: dev=1, engine=0:0, ctx=5, seqno=714867, tail=3672
     kworker/7:0-83001   [007] d.h3. 11184.342720: i915_reg_rw: write reg=0x20a8, len=4, val=(0xfffff6f7, 0x0)
     kworker/7:0-83001   [007] ..... 11184.342732: i915_reg_rw: read reg=0x8504, len=4, val=(0xfc004c3, 0x0)
          <idle>-0       [007] d.h1. 11184.345608: i915_reg_rw: read reg=0x44408, len=4, val=(0x1, 0x0)
          <idle>-0       [007] d.h1. 11184.345612: i915_reg_rw: write reg=0x44408, len=4, val=(0x1, 0x0)
          <idle>-0       [007] d.h3. 11184.345615: i915_reg_rw: read reg=0x70040, len=4, val=(0xa3f90, 0x0)
          <idle>-0       [007] d.h4. 11184.345617: i915_reg_rw: read reg=0x70000, len=4, val=(0x43a, 0x0)
          <idle>-0       [007] d.h3. 11184.345618: i915_reg_rw: read reg=0x70040, len=4, val=(0xa3f90, 0x0)
   kworker/u33:1-57411   [007] ..... 11184.345641: intel_frontbuffer_flush: dev 0000:00:02.0, frontbuffer_bits=0x00000001, origin=2
          bobide-73329   [006] ..... 11184.347501: i915_request_queue: dev=1, engine=0:0, ctx=127, seqno=108176, flags=0x0
          bobide-73329   [006] ..... 11184.347503: i915_request_add: dev=1, engine=0:0, ctx=127, seqno=108176, tail=8464
          bobide-73329   [006] d.h3. 11184.348181: i915_reg_rw: write reg=0x20a8, len=4, val=(0xfffff6f6, 0x0)
     kworker/7:0-83001   [007] ..... 11184.348576: i915_request_retire: dev=1, engine=0:0, ctx=127, seqno=108176, tail=11960
 test_c433_dispa-85522   [002] ..... 11184.349045: i915_ppgtt_create: dev=1, vm=0000000060065f98
 test_c433_dispa-85522   [002] ..... 11184.349050: i915_context_create: dev=1, ctx=00000000966c04a3, ctx_vm=0000000060065f98
 test_c433_dispa-85522   [002] ..... 11184.349210: i915_gem_object_create: obj=0000000011ead052, size=0x2000
 test_c433_dispa-85522   [002] ..... 11184.349226: i915_gem_object_pwrite: obj=0000000011ead052, offset=0x0, len=0x10e8
 test_c433_dispa-85522   [002] ..... 11184.349250: i915_gem_object_create: obj=00000000cd812ecc, size=0x1000
 test_c433_dispa-85522   [002] ..... 11184.349304: i915_gem_object_create: obj=00000000bb7b4165, size=0x1000
 test_c433_dispa-85522   [002] ..... 11184.349337: i915_gem_object_create: obj=00000000fdc484c8, size=0x1000
 test_c433_dispa-85522   [002] ..... 11184.349369: i915_gem_object_create: obj=0000000052fc056c, size=0x1000
 test_c433_dispa-85522   [002] ..... 11184.349377: i915_gem_object_create: obj=000000007caee5c5, size=0x1000
 test_c433_dispa-85522   [002] ..... 11184.349465: i915_ppgtt_create: dev=1, vm=00000000ffcdbd53
 test_c433_dispa-85522   [002] ..... 11184.349470: i915_context_create: dev=1, ctx=00000000ca3695aa, ctx_vm=00000000ffcdbd53
 test_c433_dispa-85522   [002] ..... 11184.349484: i915_gem_object_create: obj=00000000d3ae253a, size=0x16000
 test_c433_dispa-85522   [002] ..... 11184.349514: i915_vma_bind: obj=0000000046175ece, offset=0x00000000fed83000 size=0x4000 vm=000000006079050a
 test_c433_dispa-85522   [002] ..... 11184.349535: i915_vma_bind: obj=00000000c9df8acb, offset=0x00000000fed82000 size=0x1000 vm=000000006079050a
 test_c433_dispa-85522   [002] ..... 11184.349583: i915_vma_bind: obj=00000000d3ae253a, offset=0x00000000fed6c000 size=0x16000 vm=000000006079050a
 test_c433_dispa-85522   [002] ..... 11184.349649: i915_vma_bind: obj=0000000011ead052, offset=0x0000000000000000 size=0x2000 vm=00000000ffcdbd53
   kworker/u32:4-57921   [005] ..... 11184.349676: i915_gem_object_destroy: obj=00000000dbc9df8d
   kworker/u32:4-57921   [005] ..... 11184.349679: i915_gem_object_destroy: obj=00000000df807872
   kworker/u32:4-57921   [005] ..... 11184.349681: i915_gem_object_destroy: obj=00000000ed1b21aa
   kworker/u32:4-57921   [005] ..... 11184.349697: i915_gem_object_destroy: obj=0000000080f810bc
   kworker/u32:4-57921   [005] ..... 11184.349699: i915_gem_object_destroy: obj=000000007f975715
   kworker/u32:4-57921   [005] ..... 11184.349701: i915_gem_object_destroy: obj=000000009cf005c8
   kworker/u32:4-57921   [005] ..... 11184.349703: i915_gem_object_destroy: obj=00000000aac25226
   kworker/u32:4-57921   [005] ..... 11184.349705: i915_gem_object_destroy: obj=000000008b2e3cf4
   kworker/u32:4-57921   [005] ..... 11184.349707: i915_gem_object_destroy: obj=00000000c7e9f692
 test_c433_dispa-85522   [002] ..... 11184.349713: i915_vma_bind: obj=00000000cd812ecc, offset=0x0000000000002000 size=0x1000 vm=00000000ffcdbd53
   kworker/u32:4-57921   [005] ..... 11184.349723: i915_gem_object_destroy: obj=0000000026e737d2
   kworker/u32:4-57921   [005] ..... 11184.349727: i915_gem_object_destroy: obj=00000000500395b4
   kworker/u32:4-57921   [005] ..... 11184.349731: i915_gem_object_destroy: obj=0000000080e883a1
   kworker/u32:4-57921   [005] ..... 11184.349735: i915_gem_object_destroy: obj=00000000d4b7d7d9
   kworker/u32:4-57921   [005] ..... 11184.349737: i915_gem_object_destroy: obj=00000000bb9b0f4e
   kworker/u32:4-57921   [005] ..... 11184.349740: i915_gem_object_destroy: obj=0000000085b9458c
   kworker/u32:4-57921   [005] ..... 11184.349758: i915_gem_object_destroy: obj=00000000d05e3962
   kworker/u32:4-57921   [005] ..... 11184.349760: i915_gem_object_destroy: obj=000000005cbbff57
   kworker/u32:4-57921   [005] ..... 11184.349762: i915_gem_object_destroy: obj=00000000c2d385ef
   kworker/u32:4-57921   [005] ..... 11184.349764: i915_gem_object_destroy: obj=00000000427f5239
   kworker/u32:4-57921   [005] ..... 11184.349766: i915_gem_object_destroy: obj=00000000d0b78ff8
   kworker/u32:4-57921   [005] ..... 11184.349768: i915_gem_object_destroy: obj=00000000b339cbce
 test_c433_dispa-85522   [002] ..... 11184.349771: i915_vma_bind: obj=00000000bb7b4165, offset=0x0000000000003000 size=0x1000 vm=00000000ffcdbd53
   kworker/u32:4-57921   [005] ..... 11184.349779: i915_gem_object_destroy: obj=000000007c63009e
   kworker/u32:4-57921   [005] ..... 11184.349782: i915_gem_object_destroy: obj=00000000475aac85
   kworker/u32:4-57921   [005] ..... 11184.349784: i915_gem_object_destroy: obj=000000005fd910e5
   kworker/u32:4-57921   [005] ..... 11184.349786: i915_gem_object_destroy: obj=00000000b3ef2531
   kworker/u32:4-57921   [005] ..... 11184.349787: i915_gem_object_destroy: obj=000000003cf5d929
   kworker/u32:4-57921   [005] ..... 11184.349789: i915_gem_object_destroy: obj=0000000045f2c969
   kworker/u32:4-57921   [005] ..... 11184.349803: i915_gem_object_destroy: obj=00000000e0acbb80
   kworker/u32:4-57921   [005] ..... 11184.349805: i915_gem_object_destroy: obj=0000000056174ff1
   kworker/u32:4-57921   [005] ..... 11184.349807: i915_gem_object_destroy: obj=0000000028299b28
   kworker/u32:4-57921   [005] ..... 11184.349809: i915_gem_object_destroy: obj=0000000000a866a7
   kworker/u32:4-57921   [005] ..... 11184.349810: i915_gem_object_destroy: obj=000000002bf386ba
   kworker/u32:4-57921   [005] ..... 11184.349812: i915_gem_object_destroy: obj=00000000746bbcb3
 test_c433_dispa-85522   [002] ..... 11184.349816: i915_vma_bind: obj=00000000fdc484c8, offset=0x0000000000004000 size=0x1000 vm=00000000ffcdbd53
   kworker/u32:4-57921   [005] ..... 11184.349824: i915_gem_object_destroy: obj=0000000079819774
   kworker/u32:4-57921   [005] ..... 11184.349826: i915_gem_object_destroy: obj=00000000ddb3f591
   kworker/u32:4-57921   [005] ..... 11184.349828: i915_gem_object_destroy: obj=000000000936897e
   kworker/u32:4-57921   [005] ..... 11184.349830: i915_gem_object_destroy: obj=00000000ebb0e5bc
   kworker/u32:4-57921   [005] ..... 11184.349832: i915_gem_object_destroy: obj=000000000e4a8d61
   kworker/u32:4-57921   [005] ..... 11184.349834: i915_gem_object_destroy: obj=000000001aa15ea2
   kworker/u32:4-57921   [005] ..... 11184.349850: i915_gem_object_destroy: obj=00000000360459d5
   kworker/u32:4-57921   [005] ..... 11184.349852: i915_gem_object_destroy: obj=00000000cb3c62e1
   kworker/u32:4-57921   [005] ..... 11184.349854: i915_gem_object_destroy: obj=000000002ccdf214
   kworker/u32:4-57921   [005] ..... 11184.349856: i915_gem_object_destroy: obj=000000001a876035
   kworker/u32:4-57921   [005] ..... 11184.349858: i915_gem_object_destroy: obj=00000000d14bcc3f
   kworker/u32:4-57921   [005] ..... 11184.349860: i915_gem_object_destroy: obj=00000000a16b72cd
 test_c433_dispa-85522   [002] ..... 11184.349869: i915_vma_bind: obj=0000000052fc056c, offset=0x0000000000005000 size=0x1000 vm=00000000ffcdbd53
   kworker/u32:4-57921   [005] ..... 11184.349876: i915_gem_object_destroy: obj=00000000ec440591
   kworker/u32:4-57921   [005] ..... 11184.349878: i915_gem_object_destroy: obj=00000000eb735b9d
   kworker/u32:4-57921   [005] ..... 11184.349880: i915_gem_object_destroy: obj=00000000a54cecd7
   kworker/u32:4-57921   [005] ..... 11184.349882: i915_gem_object_destroy: obj=00000000e97ae2fb
   kworker/u32:4-57921   [005] ..... 11184.349884: i915_gem_object_destroy: obj=00000000ff768ced
   kworker/u32:4-57921   [005] ..... 11184.349886: i915_gem_object_destroy: obj=000000006b8628e8
   kworker/u32:4-57921   [005] ..... 11184.349899: i915_gem_object_destroy: obj=0000000041ce4cf3
   kworker/u32:4-57921   [005] ..... 11184.349901: i915_gem_object_destroy: obj=00000000bdde4336
   kworker/u32:4-57921   [005] ..... 11184.349903: i915_gem_object_destroy: obj=0000000017bccf5a
   kworker/u32:4-57921   [005] ..... 11184.349905: i915_gem_object_destroy: obj=000000000aad68fd
   kworker/u32:4-57921   [005] ..... 11184.349907: i915_gem_object_destroy: obj=0000000080fa896d
   kworker/u32:4-57921   [005] ..... 11184.349909: i915_gem_object_destroy: obj=000000008d38b4aa
 test_c433_dispa-85522   [002] ..... 11184.349912: i915_vma_bind: obj=000000007caee5c5, offset=0x0000000000040000 size=0x1000 vm=00000000ffcdbd53
   kworker/u32:4-57921   [005] ..... 11184.349920: i915_gem_object_destroy: obj=00000000854b81ed
   kworker/u32:4-57921   [005] ..... 11184.349922: i915_gem_object_destroy: obj=00000000b85f3a91
   kworker/u32:4-57921   [005] ..... 11184.349924: i915_gem_object_destroy: obj=00000000e6187778
   kworker/u32:4-57921   [005] ..... 11184.349925: i915_gem_object_destroy: obj=000000007041ddc4
   kworker/u32:4-57921   [005] ..... 11184.349927: i915_gem_object_destroy: obj=000000001395d6fb
   kworker/u32:4-57921   [005] ..... 11184.349929: i915_gem_object_destroy: obj=000000002c5d39be
 test_c433_dispa-85522   [002] ..... 11184.349929: i915_request_queue: dev=1, engine=0:0, ctx=132, seqno=2, flags=0x0
 test_c433_dispa-85522   [002] ..... 11184.349930: i915_request_add: dev=1, engine=0:0, ctx=132, seqno=2, tail=736
 test_c433_dispa-85522   [002] ..... 11184.349975: i915_request_wait_begin: dev=1, engine=0:0, ctx=132, seqno=2, flags=0x7
          bobide-73644   [007] d.h.. 11184.350197: i915_reg_rw: read reg=0x20b0, len=4, val=(0x1, 0x0)
          bobide-73644   [007] d.h.. 11184.350198: i915_reg_rw: write reg=0x20b4, len=4, val=(0xffffffff, 0x0)
          bobide-73644   [007] d.h.. 11184.350199: i915_reg_rw: write reg=0x20b0, len=4, val=(0x1, 0x0)
          bobide-73644   [007] ..s.. 11184.350207: i915_reg_rw: read reg=0x4430c, len=4, val=(0x9090909, 0x0)
          bobide-73644   [007] ..s.. 11184.350207: i915_reg_rw: read reg=0x4431c, len=4, val=(0x9090909, 0x0)
          bobide-73644   [007] ..s.. 11184.350208: i915_reg_rw: read reg=0x4432c, len=4, val=(0x80000000, 0x0)
          bobide-73644   [007] ..s.. 11184.350208: i915_reg_rw: read reg=0x4433c, len=4, val=(0x909, 0x0)
          bobide-73644   [007] ..s.. 11184.350209: i915_reg_rw: read reg=0x20b0, len=4, val=(0x0, 0x0)
          bobide-73644   [007] ..s.. 11184.350210: i915_reg_rw: read reg=0x2024, len=4, val=(0x0, 0x0)
          bobide-73644   [007] ..s.. 11184.350212: i915_reg_rw: read reg=0x4b10, len=4, val=(0xf8f1cb53, 0x0)
          bobide-73644   [007] ..s.. 11184.350213: i915_reg_rw: read reg=0x4b14, len=4, val=(0x19, 0x0)
          bobide-73644   [007] ..s.. 11184.350213: i915_reg_rw: read reg=0x40a0, len=4, val=(0x0, 0x0)
          bobide-73644   [007] ..s.. 11184.350214: i915_reg_rw: read reg=0x40b0, len=4, val=(0xfffffffe, 0x0)
          bobide-73644   [007] ..s.. 11184.350214: i915_reg_rw: read reg=0x4024, len=4, val=(0xf0007fff, 0x0)
          bobide-73644   [007] ..s.. 11184.350215: i915_reg_rw: read reg=0x100000, len=8, val=(0x0, 0x0)
          bobide-73644   [007] ..s.. 11184.350215: i915_reg_rw: read reg=0x100008, len=8, val=(0x0, 0x0)
          bobide-73644   [007] ..s.. 11184.350216: i915_reg_rw: read reg=0x100010, len=8, val=(0x0, 0x0)
          bobide-73644   [007] ..s.. 11184.350216: i915_reg_rw: read reg=0x100018, len=8, val=(0x0, 0x0)
          bobide-73644   [007] ..s.. 11184.350216: i915_reg_rw: read reg=0x100020, len=8, val=(0x0, 0x0)
          bobide-73644   [007] ..s.. 11184.350217: i915_reg_rw: read reg=0x100028, len=8, val=(0x0, 0x0)
          bobide-73644   [007] ..s.. 11184.350217: i915_reg_rw: read reg=0x100030, len=8, val=(0x0, 0x0)
          bobide-73644   [007] ..s.. 11184.350218: i915_reg_rw: read reg=0x100038, len=8, val=(0x0, 0x0)
          bobide-73644   [007] ..s.. 11184.350218: i915_reg_rw: read reg=0x100040, len=8, val=(0x0, 0x0)
          bobide-73644   [007] ..s.. 11184.350218: i915_reg_rw: read reg=0x100048, len=8, val=(0x0, 0x0)
          bobide-73644   [007] ..s.. 11184.350219: i915_reg_rw: read reg=0x100050, len=8, val=(0x0, 0x0)
          bobide-73644   [007] ..s.. 11184.350219: i915_reg_rw: read reg=0x100058, len=8, val=(0x0, 0x0)
          bobide-73644   [007] ..s.. 11184.350219: i915_reg_rw: read reg=0x100060, len=8, val=(0x0, 0x0)
          bobide-73644   [007] ..s.. 11184.350220: i915_reg_rw: read reg=0x100068, len=8, val=(0x0, 0x0)
          bobide-73644   [007] ..s.. 11184.350220: i915_reg_rw: read reg=0x100070, len=8, val=(0x0, 0x0)
          bobide-73644   [007] ..s.. 11184.350221: i915_reg_rw: read reg=0x100078, len=8, val=(0x0, 0x0)
          bobide-73644   [007] ..s.. 11184.350221: i915_reg_rw: read reg=0x100080, len=8, val=(0x0, 0x0)
          bobide-73644   [007] ..s.. 11184.350221: i915_reg_rw: read reg=0x100088, len=8, val=(0x0, 0x0)
          bobide-73644   [007] ..s.. 11184.350222: i915_reg_rw: read reg=0x100090, len=8, val=(0x0, 0x0)
          bobide-73644   [007] ..s.. 11184.350222: i915_reg_rw: read reg=0x100098, len=8, val=(0x0, 0x0)
          bobide-73644   [007] ..s.. 11184.350222: i915_reg_rw: read reg=0x1000a0, len=8, val=(0x0, 0x0)
          bobide-73644   [007] ..s.. 11184.350223: i915_reg_rw: read reg=0x1000a8, len=8, val=(0x0, 0x0)
          bobide-73644   [007] ..s.. 11184.350223: i915_reg_rw: read reg=0x1000b0, len=8, val=(0x0, 0x0)
          bobide-73644   [007] ..s.. 11184.350223: i915_reg_rw: read reg=0x1000b8, len=8, val=(0x0, 0x0)
          bobide-73644   [007] ..s.. 11184.350224: i915_reg_rw: read reg=0x1000c0, len=8, val=(0x0, 0x0)
          bobide-73644   [007] ..s.. 11184.350224: i915_reg_rw: read reg=0x1000c8, len=8, val=(0x0, 0x0)
          bobide-73644   [007] ..s.. 11184.350225: i915_reg_rw: read reg=0x1000d0, len=8, val=(0x0, 0x0)
          bobide-73644   [007] ..s.. 11184.350225: i915_reg_rw: read reg=0x1000d8, len=8, val=(0x0, 0x0)
          bobide-73644   [007] ..s.. 11184.350226: i915_reg_rw: read reg=0x1000e0, len=8, val=(0x0, 0x0)
          bobide-73644   [007] ..s.. 11184.350226: i915_reg_rw: read reg=0x1000e8, len=8, val=(0x0, 0x0)
          bobide-73644   [007] ..s.. 11184.350226: i915_reg_rw: read reg=0x1000f0, len=8, val=(0x0, 0x0)
          bobide-73644   [007] ..s.. 11184.350227: i915_reg_rw: read reg=0x1000f8, len=8, val=(0x0, 0x0)
          bobide-73644   [007] ..s.. 11184.350228: i915_reg_rw: read reg=0x2050, len=4, val=(0x10, 0x0)
          bobide-73644   [007] ..s.. 11184.350229: i915_reg_rw: read reg=0x4094, len=4, val=(0x0, 0x0)
          bobide-73644   [007] ..s.. 11184.350230: i915_reg_rw: read reg=0x20b8, len=4, val=(0x1, 0x0)
          bobide-73644   [007] ..s.. 11184.350230: i915_reg_rw: read reg=0x2078, len=4, val=(0x55000, 0x0)
          bobide-73644   [007] ..s.. 11184.350231: i915_reg_rw: read reg=0x2064, len=4, val=(0x0, 0x0)
          bobide-73644   [007] ..s.. 11184.350232: i915_reg_rw: read reg=0x2068, len=4, val=(0xffffffff, 0x0)
          bobide-73644   [007] ..s.. 11184.350232: i915_reg_rw: read reg=0x2070, len=4, val=(0x9001, 0x0)
          bobide-73644   [007] ..s.. 11184.350233: i915_reg_rw: read reg=0x2140, len=4, val=(0x564a1, 0x0)
          bobide-73644   [007] ..s.. 11184.350233: i915_reg_rw: read reg=0x2180, len=4, val=(0x0, 0x0)
          bobide-73644   [007] ..s.. 11184.350234: i915_reg_rw: read reg=0x2060, len=4, val=(0x0, 0x0)
          bobide-73644   [007] ..s.. 11184.350235: i915_reg_rw: read reg=0x2168, len=4, val=(0x0, 0x0)
          bobide-73644   [007] ..s.. 11184.350235: i915_reg_rw: read reg=0x2110, len=4, val=(0x20, 0x0)
          bobide-73644   [007] ..s.. 11184.350236: i915_reg_rw: read reg=0x206c, len=4, val=(0xffd7ffff, 0x0)
          bobide-73644   [007] ..s.. 11184.350237: i915_reg_rw: read reg=0x7100, len=4, val=(0xffffffff, 0x0)
          bobide-73644   [007] ..s.. 11184.350246: i915_reg_rw: read reg=0x20c0, len=4, val=(0x0, 0x0)
          bobide-73644   [007] ..s.. 11184.350248: i915_reg_rw: read reg=0x2038, len=4, val=(0xfed83000, 0x0)
          bobide-73644   [007] ..s.. 11184.350249: i915_reg_rw: read reg=0x2034, len=4, val=(0x58, 0x0)
          bobide-73644   [007] ..s.. 11184.350249: i915_reg_rw: read reg=0x2030, len=4, val=(0xb0, 0x0)
          bobide-73644   [007] ..s.. 11184.350250: i915_reg_rw: read reg=0x203c, len=4, val=(0x3001, 0x0)
          bobide-73644   [007] ..s.. 11184.350250: i915_reg_rw: read reg=0x209c, len=4, val=(0x0, 0x0)
          bobide-73644   [007] ..s.. 11184.350251: i915_reg_rw: read reg=0x2080, len=4, val=(0xfedfe000, 0x0)
          bobide-73644   [007] ..s.. 11184.350252: i915_reg_rw: read reg=0x229c, len=4, val=(0x8000, 0x0)
          bobide-73644   [007] ..s.. 11184.350252: i915_reg_rw: read reg=0x2274, len=4, val=(0x0, 0x0)
          bobide-73644   [007] ..s.. 11184.350253: i915_reg_rw: read reg=0x2270, len=4, val=(0xeda73000, 0x0)
          bobide-73644   [007] ..s.. 11184.350253: i915_reg_rw: read reg=0x227c, len=4, val=(0x0, 0x0)
          bobide-73644   [007] ..s.. 11184.350254: i915_reg_rw: read reg=0x2278, len=4, val=(0x0, 0x0)
          bobide-73644   [007] ..s.. 11184.350255: i915_reg_rw: read reg=0x2284, len=4, val=(0x0, 0x0)
          bobide-73644   [007] ..s.. 11184.350255: i915_reg_rw: read reg=0x2280, len=4, val=(0x0, 0x0)
          bobide-73644   [007] ..s.. 11184.350256: i915_reg_rw: read reg=0x228c, len=4, val=(0x0, 0x0)
          bobide-73644   [007] ..s.. 11184.350256: i915_reg_rw: read reg=0x2288, len=4, val=(0x0, 0x0)
          bobide-73644   [007] b.s.. 11184.350353: i915_reg_rw: write reg=0x23a0, len=4, val=(0xffff0505, 0x0)
          bobide-73644   [007] b.s.. 11184.350354: i915_reg_rw: write reg=0x23a0, len=4, val=(0xffff0505, 0x0)
          bobide-73644   [007] b.s.. 11184.350367: i915_reg_rw: write reg=0x24d0, len=4, val=(0x2248, 0x0)
          bobide-73644   [007] b.s.. 11184.350368: i915_reg_rw: write reg=0x24d4, len=4, val=(0x2580, 0x0)
          bobide-73644   [007] b.s.. 11184.350369: i915_reg_rw: write reg=0x24d8, len=4, val=(0x7014, 0x0)
          bobide-73644   [007] b.s.. 11184.350369: i915_reg_rw: write reg=0x24dc, len=4, val=(0x7304, 0x0)
          bobide-73644   [007] b.s.. 11184.350370: i915_reg_rw: write reg=0x24e0, len=4, val=(0x10002349, 0x0)
          bobide-73644   [007] b.s.. 11184.350370: i915_reg_rw: write reg=0x24e4, len=4, val=(0x2094, 0x0)
          bobide-73644   [007] b.s.. 11184.350371: i915_reg_rw: write reg=0x24e8, len=4, val=(0x2094, 0x0)
          bobide-73644   [007] b.s.. 11184.350371: i915_reg_rw: write reg=0x24ec, len=4, val=(0x2094, 0x0)
          bobide-73644   [007] b.s.. 11184.350372: i915_reg_rw: write reg=0x24f0, len=4, val=(0x2094, 0x0)
          bobide-73644   [007] b.s.. 11184.350373: i915_reg_rw: write reg=0x24f4, len=4, val=(0x2094, 0x0)
          bobide-73644   [007] b.s.. 11184.350373: i915_reg_rw: write reg=0x24f8, len=4, val=(0x2094, 0x0)
          bobide-73644   [007] b.s.. 11184.350374: i915_reg_rw: write reg=0x24fc, len=4, val=(0x2094, 0x0)
          bobide-73644   [007] D.s2. 11184.350399: i915_reg_rw: write reg=0x20a8, len=4, val=(0xfffff6f6, 0x0)
          bobide-73644   [007] b.s.. 11184.350400: i915_reg_rw: write reg=0x2098, len=4, val=(0xffffffff, 0x0)
          bobide-73644   [007] b.s.. 11184.350401: i915_reg_rw: write reg=0x20b4, len=4, val=(0xffffffff, 0x0)
          bobide-73644   [007] b.s.. 11184.350402: i915_reg_rw: write reg=0x20b0, len=4, val=(0xffffffff, 0x0)
          bobide-73644   [007] b.s.. 11184.350403: i915_reg_rw: read reg=0x20b8, len=4, val=(0x0, 0x0)
          bobide-73644   [007] b.s.. 11184.350403: i915_reg_rw: write reg=0x20b4, len=4, val=(0xfffffffe, 0x0)
          bobide-73644   [007] D.H3. 11184.350406: i915_reg_rw: write reg=0x20a8, len=4, val=(0xfffff6f7, 0x0)
     ksoftirqd/7-60      [007] d.H2. 11184.352929: i915_reg_rw: write reg=0x20a8, len=4, val=(0xfffff6f6, 0x0)
     kworker/7:0-83001   [007] ..... 11184.353185: i915_request_retire: dev=1, engine=0:0, ctx=132, seqno=2, tail=184
 test_c433_dispa-85522   [003] ..... 11184.353190: i915_request_wait_end: dev=1, engine=0:0, ctx=132, seqno=2, tail=184
   kworker/u32:4-57921   [002] ..... 11184.353258: i915_vma_unbind: obj=000000007caee5c5, offset=0x0000000000040000 size=0x1000 vm=00000000ffcdbd53
   kworker/u32:4-57921   [002] ..... 11184.353295: i915_gem_object_destroy: obj=000000007caee5c5
   kworker/u32:4-57921   [002] ..... 11184.353298: i915_vma_unbind: obj=0000000052fc056c, offset=0x0000000000005000 size=0x1000 vm=00000000ffcdbd53
   kworker/u32:4-57921   [002] ..... 11184.353305: i915_gem_object_destroy: obj=0000000052fc056c
   kworker/u32:4-57921   [002] ..... 11184.353307: i915_vma_unbind: obj=00000000fdc484c8, offset=0x0000000000004000 size=0x1000 vm=00000000ffcdbd53
   kworker/u32:4-57921   [002] ..... 11184.353312: i915_gem_object_destroy: obj=00000000fdc484c8
   kworker/u32:4-57921   [002] ..... 11184.353313: i915_vma_unbind: obj=00000000bb7b4165, offset=0x0000000000003000 size=0x1000 vm=00000000ffcdbd53
   kworker/u32:4-57921   [002] ..... 11184.353317: i915_gem_object_destroy: obj=00000000bb7b4165
   kworker/u32:4-57921   [002] ..... 11184.353318: i915_vma_unbind: obj=00000000cd812ecc, offset=0x0000000000002000 size=0x1000 vm=00000000ffcdbd53
   kworker/u32:4-57921   [002] ..... 11184.353322: i915_gem_object_destroy: obj=00000000cd812ecc
   kworker/u32:4-57921   [002] ..... 11184.353323: i915_vma_unbind: obj=0000000011ead052, offset=0x0000000000000000 size=0x2000 vm=00000000ffcdbd53
   kworker/u32:4-57921   [002] ..... 11184.353330: i915_gem_object_destroy: obj=0000000011ead052
   kworker/u32:4-57921   [002] ..... 11184.353333: i915_context_free: dev=1, ctx=00000000966c04a3, ctx_vm=0000000060065f98
   kworker/u32:4-57921   [002] ..... 11184.353334: i915_context_free: dev=1, ctx=00000000ca3695aa, ctx_vm=00000000ffcdbd53
   kworker/u32:4-57921   [002] ..... 11184.353336: i915_gem_object_destroy: obj=00000000b14a1dc5
   kworker/u32:4-57921   [002] ..... 11184.353339: i915_gem_object_destroy: obj=00000000909781e7
   kworker/u32:4-57921   [002] ..... 11184.353341: i915_gem_object_destroy: obj=00000000710c1ac5
     gnome-shell-14986   [001] ..... 11184.355345: i915_request_queue: dev=1, engine=0:0, ctx=30, seqno=1685418, flags=0x0
     gnome-shell-14986   [001] ..... 11184.355348: i915_request_add: dev=1, engine=0:0, ctx=30, seqno=1685418, tail=8096
     gnome-shell-14986   [001] ..... 11184.355578: i915_request_queue: dev=1, engine=0:0, ctx=30, seqno=1685420, flags=0x0
     gnome-shell-14986   [001] ..... 11184.355579: i915_request_add: dev=1, engine=0:0, ctx=30, seqno=1685420, tail=7728
          <idle>-0       [007] d.h3. 11184.355849: i915_reg_rw: write reg=0x20a8, len=4, val=(0xfffff6f7, 0x0)
     kworker/7:0-83001   [007] ..... 11184.355869: i915_request_retire: dev=1, engine=0:0, ctx=30, seqno=1685418, tail=10488
     kworker/7:0-83001   [007] ..... 11184.355878: i915_request_retire: dev=1, engine=0:0, ctx=30, seqno=1685420, tail=10672
   kworker/u33:1-57411   [007] ..... 11184.355944: intel_plane_update_noarm: dev 0000:00:02.0, pipe A, plane 1A, frame=671632, scanline=653, format=XR30 little-endian (0x30335258), 1920.000000x1080.000000+0.000000+0.000000 -> 1920x1080+0+0
   kworker/u33:1-57411   [007] ...2. 11184.355945: i915_reg_rw: read reg=0x70040, len=4, val=(0xa3f90, 0x0)
   kworker/u33:1-57411   [007] d..3. 11184.355946: i915_reg_rw: read reg=0x70000, len=4, val=(0x28c, 0x0)
   kworker/u33:1-57411   [007] ..... 11184.355948: i915_reg_rw: write reg=0x70188, len=4, val=(0xf, 0x0)
   kworker/u33:1-57411   [007] ..... 11184.355948: i915_reg_rw: write reg=0x7018c, len=4, val=(0x0, 0x0)
   kworker/u33:1-57411   [007] ..... 11184.355949: i915_reg_rw: write reg=0x70190, len=4, val=(0x437077f, 0x0)
   kworker/u33:1-57411   [007] ..... 11184.355949: i915_reg_rw: write reg=0x70240, len=4, val=(0x80000016, 0x0)
   kworker/u33:1-57411   [007] ..... 11184.355950: i915_reg_rw: write reg=0x70244, len=4, val=(0x8000c02b, 0x0)
   kworker/u33:1-57411   [007] ..... 11184.355950: i915_reg_rw: write reg=0x70248, len=4, val=(0x8000c02f, 0x0)
   kworker/u33:1-57411   [007] ..... 11184.355951: i915_reg_rw: write reg=0x7024c, len=4, val=(0x8001003b, 0x0)
   kworker/u33:1-57411   [007] ..... 11184.355951: i915_reg_rw: write reg=0x70250, len=4, val=(0x8001805c, 0x0)
   kworker/u33:1-57411   [007] ..... 11184.355952: i915_reg_rw: write reg=0x70254, len=4, val=(0x8001c06b, 0x0)
   kworker/u33:1-57411   [007] ..... 11184.355952: i915_reg_rw: write reg=0x70258, len=4, val=(0x8001c06b, 0x0)
   kworker/u33:1-57411   [007] ..... 11184.355953: i915_reg_rw: write reg=0x7025c, len=4, val=(0x8002007a, 0x0)
   kworker/u33:1-57411   [007] ..... 11184.355953: i915_reg_rw: write reg=0x70268, len=4, val=(0x0, 0x0)
   kworker/u33:1-57411   [007] ..... 11184.355954: i915_reg_rw: write reg=0x7027c, len=4, val=(0x35b0000, 0x0)
   kworker/u33:1-57411   [007] ..... 11184.355954: i915_reg_rw: write reg=0x70278, len=4, val=(0x0, 0x0)
   kworker/u33:1-57411   [007] d.... 11184.355957: intel_pipe_update_start: dev 0000:00:02.0, pipe A, frame=671632, scanline=654, min=1073, max=1079
   kworker/u33:1-57411   [007] d..2. 11184.355958: i915_reg_rw: read reg=0x70040, len=4, val=(0xa3f90, 0x0)
   kworker/u33:1-57411   [007] d..3. 11184.355958: i915_reg_rw: read reg=0x70000, len=4, val=(0x28d, 0x0)
   kworker/u33:1-57411   [007] d..1. 11184.355959: i915_reg_rw: read reg=0x70000, len=4, val=(0x28d, 0x0)
   kworker/u33:1-57411   [007] d.... 11184.355960: i915_reg_rw: read reg=0x70040, len=4, val=(0xa3f90, 0x0)
   kworker/u33:1-57411   [007] d.... 11184.355961: intel_pipe_update_vblank_evaded: dev 0000:00:02.0, pipe A, frame=671632, scanline=654, min=1073, max=1079
   kworker/u33:1-57411   [007] d.... 11184.355961: i915_reg_rw: write reg=0x70030, len=4, val=(0x50, 0x0)
   kworker/u33:1-57411   [007] d.... 11184.355963: intel_plane_update_arm: dev 0000:00:02.0, pipe A, plane 1A, frame=671632, scanline=654, format=XR30 little-endian (0x30335258), 1920.000000x1080.000000+0.000000+0.000000 -> 1920x1080+0+0
   kworker/u33:1-57411   [007] d..2. 11184.355964: i915_reg_rw: read reg=0x70040, len=4, val=(0xa3f90, 0x0)
   kworker/u33:1-57411   [007] d..3. 11184.355964: i915_reg_rw: read reg=0x70000, len=4, val=(0x28d, 0x0)
   kworker/u33:1-57411   [007] d.... 11184.355965: i915_reg_rw: write reg=0x70194, len=4, val=(0x0, 0x0)
   kworker/u33:1-57411   [007] d.... 11184.355966: i915_reg_rw: write reg=0x70198, len=4, val=(0x0, 0x0)
   kworker/u33:1-57411   [007] d.... 11184.355966: i915_reg_rw: write reg=0x701a0, len=4, val=(0xff000000, 0x0)
   kworker/u33:1-57411   [007] d.... 11184.355967: i915_reg_rw: write reg=0x701a4, len=4, val=(0x0, 0x0)
   kworker/u33:1-57411   [007] d.... 11184.355967: i915_reg_rw: write reg=0x701c0, len=4, val=(0x0, 0x0)
   kworker/u33:1-57411   [007] d.... 11184.355968: i915_reg_rw: write reg=0x701c4, len=4, val=(0x0, 0x0)
   kworker/u33:1-57411   [007] d.... 11184.355968: i915_reg_rw: write reg=0x70180, len=4, val=(0xc2042400, 0x0)
   kworker/u33:1-57411   [007] d.... 11184.355969: i915_reg_rw: write reg=0x7019c, len=4, val=(0x25c0000, 0x0)
   kworker/u33:1-57411   [007] d.... 11184.355970: intel_scaler_disable_arm: dev 0000:00:02.0, pipe A, scaler 0, frame=671632, scanline=655
   kworker/u33:1-57411   [007] d..2. 11184.355970: i915_reg_rw: read reg=0x70040, len=4, val=(0xa3f90, 0x0)
   kworker/u33:1-57411   [007] d..3. 11184.355971: i915_reg_rw: read reg=0x70000, len=4, val=(0x28e, 0x0)
   kworker/u33:1-57411   [007] d.... 11184.355971: i915_reg_rw: write reg=0x68180, len=4, val=(0x0, 0x0)
   kworker/u33:1-57411   [007] d.... 11184.355972: i915_reg_rw: write reg=0x68170, len=4, val=(0x0, 0x0)
   kworker/u33:1-57411   [007] d.... 11184.355972: i915_reg_rw: write reg=0x68174, len=4, val=(0x0, 0x0)
   kworker/u33:1-57411   [007] d.... 11184.355973: intel_scaler_disable_arm: dev 0000:00:02.0, pipe A, scaler 1, frame=671632, scanline=655
   kworker/u33:1-57411   [007] d..2. 11184.355973: i915_reg_rw: read reg=0x70040, len=4, val=(0xa3f90, 0x0)
   kworker/u33:1-57411   [007] d..3. 11184.355974: i915_reg_rw: read reg=0x70000, len=4, val=(0x28e, 0x0)
   kworker/u33:1-57411   [007] d.... 11184.355974: i915_reg_rw: write reg=0x68280, len=4, val=(0x0, 0x0)
   kworker/u33:1-57411   [007] d.... 11184.355974: i915_reg_rw: write reg=0x68270, len=4, val=(0x0, 0x0)
   kworker/u33:1-57411   [007] d.... 11184.355975: i915_reg_rw: write reg=0x68274, len=4, val=(0x0, 0x0)
   kworker/u33:1-57411   [007] d..1. 11184.355976: i915_reg_rw: read reg=0x70000, len=4, val=(0x28e, 0x0)
   kworker/u33:1-57411   [007] d.... 11184.355976: i915_reg_rw: read reg=0x70040, len=4, val=(0xa3f90, 0x0)
   kworker/u33:1-57411   [007] d.... 11184.355977: intel_pipe_update_end: dev 0000:00:02.0, pipe A, frame=671632, scanline=655
   kworker/u33:1-57411   [007] d..2. 11184.355979: i915_reg_rw: read reg=0x70040, len=4, val=(0xa3f90, 0x0)
   kworker/u33:1-57411   [007] d..3. 11184.355980: i915_reg_rw: read reg=0x70000, len=4, val=(0x28e, 0x0)
   kworker/u33:1-57411   [007] d..2. 11184.355981: i915_reg_rw: read reg=0x70040, len=4, val=(0xa3f90, 0x0)
          <idle>-0       [003] ..s1. 11184.357456: i915_ppgtt_release: dev=1, vm=0000000060065f98
   kworker/u32:4-57921   [002] ..... 11184.357486: i915_gem_object_destroy: obj=00000000a5611cde
     ksoftirqd/7-60      [007] d.H2. 11184.358459: i915_reg_rw: write reg=0x20a8, len=4, val=(0xfffff6f6, 0x0)
          <idle>-0       [007] dNH2. 11184.358663: i915_ppgtt_release: dev=1, vm=00000000ffcdbd53
     kworker/7:0-83001   [007] ..... 11184.358672: i915_request_retire: dev=1, engine=0:0, ctx=5, seqno=714868, tail=3808
     kworker/7:0-83001   [007] d.h3. 11184.358675: i915_reg_rw: write reg=0x20a8, len=4, val=(0xfffff6f7, 0x0)
   kworker/u32:4-57921   [002] ..... 11184.358699: i915_vma_unbind: obj=00000000d3ae253a, offset=0x00000000fed6c000 size=0x16000 vm=000000006079050a
     kworker/7:0-83001   [007] ..... 11184.358704: i915_reg_rw: read reg=0x8504, len=4, val=(0xfc004c3, 0x0)
   kworker/u32:4-57921   [002] ..... 11184.358736: i915_gem_object_destroy: obj=00000000d3ae253a
   kworker/u32:4-57921   [002] ..... 11184.358738: i915_vma_unbind: obj=0000000046175ece, offset=0x00000000fed83000 size=0x4000 vm=000000006079050a
   kworker/u32:4-57921   [002] ..... 11184.358747: i915_gem_object_destroy: obj=0000000046175ece
   kworker/u32:4-57921   [002] ..... 11184.358753: i915_gem_object_destroy: obj=0000000085905cf3
          <idle>-0       [007] d.h1. 11184.362229: i915_reg_rw: read reg=0x44408, len=4, val=(0x1, 0x0)
          <idle>-0       [007] d.h1. 11184.362229: i915_reg_rw: write reg=0x44408, len=4, val=(0x1, 0x0)
          <idle>-0       [007] d.h3. 11184.362232: i915_reg_rw: read reg=0x70040, len=4, val=(0xa3f91, 0x0)
          <idle>-0       [007] d.h4. 11184.362233: i915_reg_rw: read reg=0x70000, len=4, val=(0x437, 0x0)
          <idle>-0       [007] d.h3. 11184.362234: i915_reg_rw: read reg=0x70040, len=4, val=(0xa3f91, 0x0)
   kworker/u33:1-57411   [007] ..... 11184.362260: intel_frontbuffer_flush: dev 0000:00:02.0, frontbuffer_bits=0x00000001, origin=2
   kworker/u32:4-57921   [005] ..... 11184.363458: i915_vma_unbind: obj=00000000c9df8acb, offset=0x00000000fed82000 size=0x1000 vm=000000006079050a
   kworker/u32:4-57921   [005] ..... 11184.363474: i915_gem_object_destroy: obj=00000000c9df8acb
          bobide-73329   [006] ..... 11184.364217: i915_request_queue: dev=1, engine=0:0, ctx=127, seqno=108178, flags=0x0
          bobide-73329   [006] ..... 11184.364218: i915_request_add: dev=1, engine=0:0, ctx=127, seqno=108178, tail=16192
          bobide-73329   [006] d.h3. 11184.365102: i915_reg_rw: write reg=0x20a8, len=4, val=(0xfffff6f6, 0x0)
          bobide-73329   [006] ..... 11184.365158: i915_gem_object_create: obj=000000003e916ff9, size=0x40000
     kworker/7:0-83001   [007] ..... 11184.365830: i915_request_retire: dev=1, engine=0:0, ctx=127, seqno=108178, tail=12144
     kworker/7:0-83001   [007] ..... 11184.369753: i915_request_retire: dev=1, engine=0:0, ctx=5, seqno=714869, tail=3944
     kworker/7:0-83001   [007] d.h3. 11184.369758: i915_reg_rw: write reg=0x20a8, len=4, val=(0xfffff6f7, 0x0)
     kworker/7:0-83001   [007] ..... 11184.369791: i915_reg_rw: read reg=0x8504, len=4, val=(0xfc004c3, 0x0)
     gnome-shell-14986   [001] ..... 11184.371937: i915_request_queue: dev=1, engine=0:0, ctx=30, seqno=1685422, flags=0x0
     gnome-shell-14986   [001] ..... 11184.371939: i915_request_add: dev=1, engine=0:0, ctx=30, seqno=1685422, tail=184
     gnome-shell-14986   [001] ..... 11184.372099: i915_request_queue: dev=1, engine=0:0, ctx=30, seqno=1685424, flags=0x0
     gnome-shell-14986   [001] ..... 11184.372099: i915_request_add: dev=1, engine=0:0, ctx=30, seqno=1685424, tail=10304
     kworker/7:0-83001   [007] ..... 11184.372438: i915_request_retire: dev=1, engine=0:0, ctx=30, seqno=1685422, tail=10856
     kworker/7:0-83001   [007] ..... 11184.372448: i915_request_retire: dev=1, engine=0:0, ctx=30, seqno=1685424, tail=11040
   kworker/u33:1-57411   [000] ..... 11184.372492: intel_plane_update_noarm: dev 0000:00:02.0, pipe A, plane 1A, frame=671633, scanline=645, format=XR30 little-endian (0x30335258), 1920.000000x1080.000000+0.000000+0.000000 -> 1920x1080+0+0
   kworker/u33:1-57411   [000] ...2. 11184.372494: i915_reg_rw: read reg=0x70040, len=4, val=(0xa3f91, 0x0)
   kworker/u33:1-57411   [000] d..3. 11184.372495: i915_reg_rw: read reg=0x70000, len=4, val=(0x284, 0x0)
   kworker/u33:1-57411   [000] ..... 11184.372498: i915_reg_rw: write reg=0x70188, len=4, val=(0xf, 0x0)
   kworker/u33:1-57411   [000] ..... 11184.372498: i915_reg_rw: write reg=0x7018c, len=4, val=(0x0, 0x0)
   kworker/u33:1-57411   [000] ..... 11184.372499: i915_reg_rw: write reg=0x70190, len=4, val=(0x437077f, 0x0)
   kworker/u33:1-57411   [000] ..... 11184.372499: i915_reg_rw: write reg=0x70240, len=4, val=(0x80000016, 0x0)
   kworker/u33:1-57411   [000] ..... 11184.372499: i915_reg_rw: write reg=0x70244, len=4, val=(0x8000c02b, 0x0)
   kworker/u33:1-57411   [000] ..... 11184.372500: i915_reg_rw: write reg=0x70248, len=4, val=(0x8000c02f, 0x0)
   kworker/u33:1-57411   [000] ..... 11184.372500: i915_reg_rw: write reg=0x7024c, len=4, val=(0x8001003b, 0x0)
   kworker/u33:1-57411   [000] ..... 11184.372501: i915_reg_rw: write reg=0x70250, len=4, val=(0x8001805c, 0x0)
   kworker/u33:1-57411   [000] ..... 11184.372501: i915_reg_rw: write reg=0x70254, len=4, val=(0x8001c06b, 0x0)
   kworker/u33:1-57411   [000] ..... 11184.372502: i915_reg_rw: write reg=0x70258, len=4, val=(0x8001c06b, 0x0)
   kworker/u33:1-57411   [000] ..... 11184.372502: i915_reg_rw: write reg=0x7025c, len=4, val=(0x8002007a, 0x0)
   kworker/u33:1-57411   [000] ..... 11184.372503: i915_reg_rw: write reg=0x70268, len=4, val=(0x0, 0x0)
   kworker/u33:1-57411   [000] ..... 11184.372503: i915_reg_rw: write reg=0x7027c, len=4, val=(0x35b0000, 0x0)
   kworker/u33:1-57411   [000] ..... 11184.372504: i915_reg_rw: write reg=0x70278, len=4, val=(0x0, 0x0)
   kworker/u33:1-57411   [000] d.... 11184.372507: intel_pipe_update_start: dev 0000:00:02.0, pipe A, frame=671633, scanline=646, min=1073, max=1079
   kworker/u33:1-57411   [000] d..2. 11184.372508: i915_reg_rw: read reg=0x70040, len=4, val=(0xa3f91, 0x0)
   kworker/u33:1-57411   [000] d..3. 11184.372508: i915_reg_rw: read reg=0x70000, len=4, val=(0x285, 0x0)
   kworker/u33:1-57411   [000] d..1. 11184.372509: i915_reg_rw: read reg=0x70000, len=4, val=(0x285, 0x0)
   kworker/u33:1-57411   [000] d.... 11184.372510: i915_reg_rw: read reg=0x70040, len=4, val=(0xa3f91, 0x0)
   kworker/u33:1-57411   [000] d.... 11184.372511: intel_pipe_update_vblank_evaded: dev 0000:00:02.0, pipe A, frame=671633, scanline=646, min=1073, max=1079
   kworker/u33:1-57411   [000] d.... 11184.372513: i915_reg_rw: write reg=0x70030, len=4, val=(0x50, 0x0)
   kworker/u33:1-57411   [000] d.... 11184.372515: intel_plane_update_arm: dev 0000:00:02.0, pipe A, plane 1A, frame=671633, scanline=647, format=XR30 little-endian (0x30335258), 1920.000000x1080.000000+0.000000+0.000000 -> 1920x1080+0+0
   kworker/u33:1-57411   [000] d..2. 11184.372515: i915_reg_rw: read reg=0x70040, len=4, val=(0xa3f91, 0x0)
   kworker/u33:1-57411   [000] d..3. 11184.372516: i915_reg_rw: read reg=0x70000, len=4, val=(0x286, 0x0)
   kworker/u33:1-57411   [000] d.... 11184.372517: i915_reg_rw: write reg=0x70194, len=4, val=(0x0, 0x0)
   kworker/u33:1-57411   [000] d.... 11184.372517: i915_reg_rw: write reg=0x70198, len=4, val=(0x0, 0x0)
   kworker/u33:1-57411   [000] d.... 11184.372518: i915_reg_rw: write reg=0x701a0, len=4, val=(0xff000000, 0x0)
   kworker/u33:1-57411   [000] d.... 11184.372518: i915_reg_rw: write reg=0x701a4, len=4, val=(0x0, 0x0)
   kworker/u33:1-57411   [000] d.... 11184.372520: i915_reg_rw: write reg=0x701c0, len=4, val=(0x0, 0x0)
   kworker/u33:1-57411   [000] d.... 11184.372520: i915_reg_rw: write reg=0x701c4, len=4, val=(0x0, 0x0)
   kworker/u33:1-57411   [000] d.... 11184.372521: i915_reg_rw: write reg=0x70180, len=4, val=(0xc2042400, 0x0)
   kworker/u33:1-57411   [000] d.... 11184.372521: i915_reg_rw: write reg=0x7019c, len=4, val=(0x3300000, 0x0)
   kworker/u33:1-57411   [000] d.... 11184.372523: intel_scaler_disable_arm: dev 0000:00:02.0, pipe A, scaler 0, frame=671633, scanline=647
   kworker/u33:1-57411   [000] d..2. 11184.372523: i915_reg_rw: read reg=0x70040, len=4, val=(0xa3f91, 0x0)
   kworker/u33:1-57411   [000] d..3. 11184.372524: i915_reg_rw: read reg=0x70000, len=4, val=(0x286, 0x0)
   kworker/u33:1-57411   [000] d.... 11184.372524: i915_reg_rw: write reg=0x68180, len=4, val=(0x0, 0x0)
   kworker/u33:1-57411   [000] d.... 11184.372525: i915_reg_rw: write reg=0x68170, len=4, val=(0x0, 0x0)
   kworker/u33:1-57411   [000] d.... 11184.372525: i915_reg_rw: write reg=0x68174, len=4, val=(0x0, 0x0)
   kworker/u33:1-57411   [000] d.... 11184.372526: intel_scaler_disable_arm: dev 0000:00:02.0, pipe A, scaler 1, frame=671633, scanline=647
   kworker/u33:1-57411   [000] d..2. 11184.372526: i915_reg_rw: read reg=0x70040, len=4, val=(0xa3f91, 0x0)
   kworker/u33:1-57411   [000] d..3. 11184.372527: i915_reg_rw: read reg=0x70000, len=4, val=(0x286, 0x0)
   kworker/u33:1-57411   [000] d.... 11184.372527: i915_reg_rw: write reg=0x68280, len=4, val=(0x0, 0x0)
   kworker/u33:1-57411   [000] d.... 11184.372528: i915_reg_rw: write reg=0x68270, len=4, val=(0x0, 0x0)
   kworker/u33:1-57411   [000] d.... 11184.372529: i915_reg_rw: write reg=0x68274, len=4, val=(0x0, 0x0)
   kworker/u33:1-57411   [000] d..1. 11184.372529: i915_reg_rw: read reg=0x70000, len=4, val=(0x287, 0x0)
   kworker/u33:1-57411   [000] d.... 11184.372530: i915_reg_rw: read reg=0x70040, len=4, val=(0xa3f91, 0x0)
   kworker/u33:1-57411   [000] d.... 11184.372531: intel_pipe_update_end: dev 0000:00:02.0, pipe A, frame=671633, scanline=648
   kworker/u33:1-57411   [000] d..2. 11184.372533: i915_reg_rw: read reg=0x70040, len=4, val=(0xa3f91, 0x0)
   kworker/u33:1-57411   [000] d..3. 11184.372534: i915_reg_rw: read reg=0x70000, len=4, val=(0x287, 0x0)
   kworker/u33:1-57411   [000] d..2. 11184.372534: i915_reg_rw: read reg=0x70040, len=4, val=(0xa3f91, 0x0)
     ksoftirqd/7-60      [007] d.H2. 11184.375488: i915_reg_rw: write reg=0x20a8, len=4, val=(0xfffff6f6, 0x0)
     kworker/7:0-83001   [007] ..... 11184.376186: i915_request_retire: dev=1, engine=0:0, ctx=5, seqno=714870, tail=4080
     kworker/7:0-83001   [007] d.h3. 11184.376191: i915_reg_rw: write reg=0x20a8, len=4, val=(0xfffff6f7, 0x0)
     kworker/7:0-83001   [007] ..... 11184.376216: i915_reg_rw: read reg=0x8504, len=4, val=(0xfc004c3, 0x0)
          <idle>-0       [007] d.h1. 11184.378894: i915_reg_rw: read reg=0x44408, len=4, val=(0x1, 0x0)
          <idle>-0       [007] d.h1. 11184.378895: i915_reg_rw: write reg=0x44408, len=4, val=(0x1, 0x0)
          <idle>-0       [007] d.h3. 11184.378898: i915_reg_rw: read reg=0x70040, len=4, val=(0xa3f92, 0x0)
          <idle>-0       [007] d.h4. 11184.378900: i915_reg_rw: read reg=0x70000, len=4, val=(0x437, 0x0)
          <idle>-0       [007] d.h3. 11184.378901: i915_reg_rw: read reg=0x70040, len=4, val=(0xa3f92, 0x0)
   kworker/u33:1-57411   [000] ..... 11184.378934: intel_frontbuffer_flush: dev 0000:00:02.0, frontbuffer_bits=0x00000001, origin=2
          bobide-73329   [006] ..... 11184.381008: i915_vma_bind: obj=000000003e916ff9, offset=0x0000fffeffd40000 size=0x40000 vm=00000000ca5145b8
   kworker/u32:4-57921   [005] ..... 11184.381040: i915_gem_object_destroy: obj=00000000a1a7bd45
   kworker/u32:4-57921   [005] ..... 11184.381043: i915_gem_object_destroy: obj=00000000766693fa
   kworker/u32:4-57921   [005] ..... 11184.381045: i915_gem_object_destroy: obj=0000000073eb964b
   kworker/u32:4-57921   [005] ..... 11184.381047: i915_gem_object_destroy: obj=00000000843a32a5
   kworker/u32:4-57921   [005] ..... 11184.381049: i915_gem_object_destroy: obj=0000000095490066
   kworker/u32:4-57921   [005] ..... 11184.381050: i915_gem_object_destroy: obj=000000005804b080
          bobide-73329   [006] ..... 11184.381063: i915_request_queue: dev=1, engine=0:0, ctx=127, seqno=108180, flags=0x0
          bobide-73329   [006] ..... 11184.381065: i915_request_add: dev=1, engine=0:0, ctx=127, seqno=108180, tail=11408
          bobide-73329   [006] d.h3. 11184.382325: i915_reg_rw: write reg=0x20a8, len=4, val=(0xfffff6f6, 0x0)
     kworker/7:0-83001   [007] ..... 11184.383038: i915_request_retire: dev=1, engine=0:0, ctx=127, seqno=108180, tail=12328
     kworker/7:0-83001   [007] ..... 11184.385715: i915_request_retire: dev=1, engine=0:0, ctx=5, seqno=714871, tail=136
     kworker/7:0-83001   [007] d.h3. 11184.385719: i915_reg_rw: write reg=0x20a8, len=4, val=(0xfffff6f7, 0x0)
     kworker/7:0-83001   [007] ..... 11184.385731: i915_reg_rw: read reg=0x8504, len=4, val=(0xfc004c3, 0x0)
     gnome-shell-14986   [000] ..... 11184.388612: i915_request_queue: dev=1, engine=0:0, ctx=30, seqno=1685426, flags=0x0
     gnome-shell-14986   [000] ..... 11184.388613: i915_request_add: dev=1, engine=0:0, ctx=30, seqno=1685426, tail=2024
     gnome-shell-14986   [000] ..... 11184.388765: i915_request_queue: dev=1, engine=0:0, ctx=30, seqno=1685428, flags=0x0
     gnome-shell-14986   [000] ..... 11184.388765: i915_request_add: dev=1, engine=0:0, ctx=30, seqno=1685428, tail=1656
   kworker/u33:1-57411   [007] d.h3. 11184.388995: i915_reg_rw: write reg=0x20a8, len=4, val=(0xfffff6f6, 0x0)
   kworker/u33:1-57411   [007] ..... 11184.389004: i915_request_wait_begin: dev=1, engine=0:0, ctx=30, seqno=1685426, flags=0x2
          <idle>-0       [007] dNh3. 11184.389146: i915_reg_rw: write reg=0x20a8, len=4, val=(0xfffff6f7, 0x0)
   kworker/u33:1-57411   [007] ..... 11184.389152: i915_request_wait_end: dev=1, engine=0:0, ctx=30, seqno=1685426, tail=11224
   kworker/u33:1-57411   [007] ..... 11184.389165: intel_plane_update_noarm: dev 0000:00:02.0, pipe A, plane 1A, frame=671634, scanline=646, format=XR30 little-endian (0x30335258), 1920.000000x1080.000000+0.000000+0.000000 -> 1920x1080+0+0
   kworker/u33:1-57411   [007] ...2. 11184.389166: i915_reg_rw: read reg=0x70040, len=4, val=(0xa3f92, 0x0)
   kworker/u33:1-57411   [007] d..3. 11184.389167: i915_reg_rw: read reg=0x70000, len=4, val=(0x285, 0x0)
   kworker/u33:1-57411   [007] ..... 11184.389178: i915_reg_rw: write reg=0x70188, len=4, val=(0xf, 0x0)
   kworker/u33:1-57411   [007] ..... 11184.389179: i915_reg_rw: write reg=0x7018c, len=4, val=(0x0, 0x0)
   kworker/u33:1-57411   [007] ..... 11184.389179: i915_reg_rw: write reg=0x70190, len=4, val=(0x437077f, 0x0)
   kworker/u33:1-57411   [007] ..... 11184.389180: i915_reg_rw: write reg=0x70240, len=4, val=(0x80000016, 0x0)
   kworker/u33:1-57411   [007] ..... 11184.389180: i915_reg_rw: write reg=0x70244, len=4, val=(0x8000c02b, 0x0)
   kworker/u33:1-57411   [007] ..... 11184.389181: i915_reg_rw: write reg=0x70248, len=4, val=(0x8000c02f, 0x0)
   kworker/u33:1-57411   [007] ..... 11184.389181: i915_reg_rw: write reg=0x7024c, len=4, val=(0x8001003b, 0x0)
   kworker/u33:1-57411   [007] ..... 11184.389182: i915_reg_rw: write reg=0x70250, len=4, val=(0x8001805c, 0x0)
   kworker/u33:1-57411   [007] ..... 11184.389182: i915_reg_rw: write reg=0x70254, len=4, val=(0x8001c06b, 0x0)
   kworker/u33:1-57411   [007] ..... 11184.389183: i915_reg_rw: write reg=0x70258, len=4, val=(0x8001c06b, 0x0)
   kworker/u33:1-57411   [007] ..... 11184.389183: i915_reg_rw: write reg=0x7025c, len=4, val=(0x8002007a, 0x0)
   kworker/u33:1-57411   [007] ..... 11184.389184: i915_reg_rw: write reg=0x70268, len=4, val=(0x0, 0x0)
   kworker/u33:1-57411   [007] ..... 11184.389184: i915_reg_rw: write reg=0x7027c, len=4, val=(0x35b0000, 0x0)
   kworker/u33:1-57411   [007] ..... 11184.389184: i915_reg_rw: write reg=0x70278, len=4, val=(0x0, 0x0)
   kworker/u33:1-57411   [007] d.... 11184.389187: intel_pipe_update_start: dev 0000:00:02.0, pipe A, frame=671634, scanline=647, min=1073, max=1079
   kworker/u33:1-57411   [007] d..2. 11184.389188: i915_reg_rw: read reg=0x70040, len=4, val=(0xa3f92, 0x0)
   kworker/u33:1-57411   [007] d..3. 11184.389188: i915_reg_rw: read reg=0x70000, len=4, val=(0x286, 0x0)
   kworker/u33:1-57411   [007] d..1. 11184.389189: i915_reg_rw: read reg=0x70000, len=4, val=(0x286, 0x0)
   kworker/u33:1-57411   [007] d.... 11184.389190: i915_reg_rw: read reg=0x70040, len=4, val=(0xa3f92, 0x0)
   kworker/u33:1-57411   [007] d.... 11184.389191: intel_pipe_update_vblank_evaded: dev 0000:00:02.0, pipe A, frame=671634, scanline=647, min=1073, max=1079
   kworker/u33:1-57411   [007] d.... 11184.389192: i915_reg_rw: write reg=0x70030, len=4, val=(0x50, 0x0)
   kworker/u33:1-57411   [007] d.... 11184.389194: intel_plane_update_arm: dev 0000:00:02.0, pipe A, plane 1A, frame=671634, scanline=648, format=XR30 little-endian (0x30335258), 1920.000000x1080.000000+0.000000+0.000000 -> 1920x1080+0+0
   kworker/u33:1-57411   [007] d..2. 11184.389194: i915_reg_rw: read reg=0x70040, len=4, val=(0xa3f92, 0x0)
   kworker/u33:1-57411   [007] d..3. 11184.389195: i915_reg_rw: read reg=0x70000, len=4, val=(0x287, 0x0)
   kworker/u33:1-57411   [007] d.... 11184.389196: i915_reg_rw: write reg=0x70194, len=4, val=(0x0, 0x0)
   kworker/u33:1-57411   [007] d.... 11184.389196: i915_reg_rw: write reg=0x70198, len=4, val=(0x0, 0x0)
   kworker/u33:1-57411   [007] d.... 11184.389196: i915_reg_rw: write reg=0x701a0, len=4, val=(0xff000000, 0x0)
   kworker/u33:1-57411   [007] d.... 11184.389197: i915_reg_rw: write reg=0x701a4, len=4, val=(0x0, 0x0)
   kworker/u33:1-57411   [007] d.... 11184.389198: i915_reg_rw: write reg=0x701c0, len=4, val=(0x0, 0x0)
   kworker/u33:1-57411   [007] d.... 11184.389198: i915_reg_rw: write reg=0x701c4, len=4, val=(0x0, 0x0)
   kworker/u33:1-57411   [007] d.... 11184.389198: i915_reg_rw: write reg=0x70180, len=4, val=(0xc2042400, 0x0)
   kworker/u33:1-57411   [007] d.... 11184.389199: i915_reg_rw: write reg=0x7019c, len=4, val=(0x1c00000, 0x0)
   kworker/u33:1-57411   [007] d.... 11184.389200: intel_scaler_disable_arm: dev 0000:00:02.0, pipe A, scaler 0, frame=671634, scanline=648
   kworker/u33:1-57411   [007] d..2. 11184.389200: i915_reg_rw: read reg=0x70040, len=4, val=(0xa3f92, 0x0)
   kworker/u33:1-57411   [007] d..3. 11184.389201: i915_reg_rw: read reg=0x70000, len=4, val=(0x287, 0x0)
   kworker/u33:1-57411   [007] d.... 11184.389201: i915_reg_rw: write reg=0x68180, len=4, val=(0x0, 0x0)
   kworker/u33:1-57411   [007] d.... 11184.389202: i915_reg_rw: write reg=0x68170, len=4, val=(0x0, 0x0)
   kworker/u33:1-57411   [007] d.... 11184.389202: i915_reg_rw: write reg=0x68174, len=4, val=(0x0, 0x0)
   kworker/u33:1-57411   [007] d.... 11184.389203: intel_scaler_disable_arm: dev 0000:00:02.0, pipe A, scaler 1, frame=671634, scanline=648
   kworker/u33:1-57411   [007] d..2. 11184.389203: i915_reg_rw: read reg=0x70040, len=4, val=(0xa3f92, 0x0)
   kworker/u33:1-57411   [007] d..3. 11184.389204: i915_reg_rw: read reg=0x70000, len=4, val=(0x287, 0x0)
   kworker/u33:1-57411   [007] d.... 11184.389204: i915_reg_rw: write reg=0x68280, len=4, val=(0x0, 0x0)
   kworker/u33:1-57411   [007] d.... 11184.389205: i915_reg_rw: write reg=0x68270, len=4, val=(0x0, 0x0)
   kworker/u33:1-57411   [007] d.... 11184.389205: i915_reg_rw: write reg=0x68274, len=4, val=(0x0, 0x0)
   kworker/u33:1-57411   [007] d..1. 11184.389206: i915_reg_rw: read reg=0x70000, len=4, val=(0x287, 0x0)
   kworker/u33:1-57411   [007] d.... 11184.389206: i915_reg_rw: read reg=0x70040, len=4, val=(0xa3f92, 0x0)
   kworker/u33:1-57411   [007] d.... 11184.389207: intel_pipe_update_end: dev 0000:00:02.0, pipe A, frame=671634, scanline=648
   kworker/u33:1-57411   [007] d..2. 11184.389209: i915_reg_rw: read reg=0x70040, len=4, val=(0xa3f92, 0x0)
   kworker/u33:1-57411   [007] d..3. 11184.389210: i915_reg_rw: read reg=0x70000, len=4, val=(0x288, 0x0)
   kworker/u33:1-57411   [007] d..2. 11184.389211: i915_reg_rw: read reg=0x70040, len=4, val=(0xa3f92, 0x0)
     kworker/7:0-83001   [007] ..... 11184.389220: i915_request_retire: dev=1, engine=0:0, ctx=30, seqno=1685426, tail=11224
     kworker/7:0-83001   [007] ..... 11184.389221: i915_request_retire: dev=1, engine=0:0, ctx=30, seqno=1685428, tail=11408
     ksoftirqd/7-60      [007] d.H2. 11184.392475: i915_reg_rw: write reg=0x20a8, len=4, val=(0xfffff6f6, 0x0)
     kworker/7:0-83001   [007] ..... 11184.392638: i915_request_retire: dev=1, engine=0:0, ctx=5, seqno=714872, tail=272
     kworker/7:0-83001   [007] d.h3. 11184.392641: i915_reg_rw: write reg=0x20a8, len=4, val=(0xfffff6f7, 0x0)
     kworker/7:0-83001   [007] ..... 11184.392673: i915_reg_rw: read reg=0x8504, len=4, val=(0xfc004c3, 0x0)
          <idle>-0       [007] d.h1. 11184.395558: i915_reg_rw: read reg=0x44408, len=4, val=(0x1, 0x0)
          <idle>-0       [007] d.h1. 11184.395559: i915_reg_rw: write reg=0x44408, len=4, val=(0x1, 0x0)
          <idle>-0       [007] d.h3. 11184.395561: i915_reg_rw: read reg=0x70040, len=4, val=(0xa3f93, 0x0)
          <idle>-0       [007] d.h4. 11184.395562: i915_reg_rw: read reg=0x70000, len=4, val=(0x437, 0x0)
          <idle>-0       [007] d.h3. 11184.395563: i915_reg_rw: read reg=0x70040, len=4, val=(0xa3f93, 0x0)
   kworker/u33:1-57411   [007] ..... 11184.395606: intel_frontbuffer_flush: dev 0000:00:02.0, frontbuffer_bits=0x00000001, origin=2
          bobide-73329   [006] ..... 11184.397612: i915_request_queue: dev=1, engine=0:0, ctx=127, seqno=108182, flags=0x0
          bobide-73329   [006] ..... 11184.397614: i915_request_add: dev=1, engine=0:0, ctx=127, seqno=108182, tail=3680
          bobide-73329   [006] d.h3. 11184.398252: i915_reg_rw: write reg=0x20a8, len=4, val=(0xfffff6f6, 0x0)
     kworker/7:0-83001   [007] ..... 11184.399666: i915_request_retire: dev=1, engine=0:0, ctx=127, seqno=108182, tail=12512
     kworker/7:0-83001   [007] ..... 11184.403648: i915_request_retire: dev=1, engine=0:0, ctx=5, seqno=714873, tail=408
     kworker/7:0-83001   [007] d.h3. 11184.403653: i915_reg_rw: write reg=0x20a8, len=4, val=(0xfffff6f7, 0x0)
     kworker/7:0-83001   [007] ..... 11184.403677: i915_reg_rw: read reg=0x8504, len=4, val=(0xfc004c3, 0x0)
     gnome-shell-14986   [000] ..... 11184.405266: i915_request_queue: dev=1, engine=0:0, ctx=30, seqno=1685430, flags=0x0
     gnome-shell-14986   [000] ..... 11184.405268: i915_request_add: dev=1, engine=0:0, ctx=30, seqno=1685430, tail=1288
     gnome-shell-14986   [000] ..... 11184.405318: i915_request_queue: dev=1, engine=0:0, ctx=30, seqno=1685432, flags=0x0
     gnome-shell-14986   [000] ..... 11184.405319: i915_request_add: dev=1, engine=0:0, ctx=30, seqno=1685432, tail=920
   kworker/u33:1-57411   [002] d.h3. 11184.405632: i915_reg_rw: write reg=0x20a8, len=4, val=(0xfffff6f6, 0x0)
   kworker/u33:1-57411   [002] ..... 11184.405640: i915_request_wait_begin: dev=1, engine=0:0, ctx=30, seqno=1685430, flags=0x2
   kworker/u33:1-57411   [002] ..... 11184.406174: i915_request_wait_end: dev=1, engine=0:0, ctx=30, seqno=1685430, tail=11592
          <idle>-0       [007] d.h3. 11184.406176: i915_reg_rw: write reg=0x20a8, len=4, val=(0xfffff6f7, 0x0)
   kworker/u33:1-57411   [002] ..... 11184.406185: intel_plane_update_noarm: dev 0000:00:02.0, pipe A, plane 1A, frame=671635, scanline=670, format=XR30 little-endian (0x30335258), 1920.000000x1080.000000+0.000000+0.000000 -> 1920x1080+0+0
   kworker/u33:1-57411   [002] ...2. 11184.406187: i915_reg_rw: read reg=0x70040, len=4, val=(0xa3f93, 0x0)
   kworker/u33:1-57411   [002] d..3. 11184.406187: i915_reg_rw: read reg=0x70000, len=4, val=(0x29d, 0x0)
   kworker/u33:1-57411   [002] ..... 11184.406189: i915_reg_rw: write reg=0x70188, len=4, val=(0xf, 0x0)
   kworker/u33:1-57411   [002] ..... 11184.406189: i915_reg_rw: write reg=0x7018c, len=4, val=(0x0, 0x0)
   kworker/u33:1-57411   [002] ..... 11184.406189: i915_reg_rw: write reg=0x70190, len=4, val=(0x437077f, 0x0)
   kworker/u33:1-57411   [002] ..... 11184.406190: i915_reg_rw: write reg=0x70240, len=4, val=(0x80000016, 0x0)
   kworker/u33:1-57411   [002] ..... 11184.406190: i915_reg_rw: write reg=0x70244, len=4, val=(0x8000c02b, 0x0)
   kworker/u33:1-57411   [002] ..... 11184.406191: i915_reg_rw: write reg=0x70248, len=4, val=(0x8000c02f, 0x0)
   kworker/u33:1-57411   [002] ..... 11184.406191: i915_reg_rw: write reg=0x7024c, len=4, val=(0x8001003b, 0x0)
   kworker/u33:1-57411   [002] ..... 11184.406191: i915_reg_rw: write reg=0x70250, len=4, val=(0x8001805c, 0x0)
   kworker/u33:1-57411   [002] ..... 11184.406192: i915_reg_rw: write reg=0x70254, len=4, val=(0x8001c06b, 0x0)
   kworker/u33:1-57411   [002] ..... 11184.406192: i915_reg_rw: write reg=0x70258, len=4, val=(0x8001c06b, 0x0)
   kworker/u33:1-57411   [002] ..... 11184.406192: i915_reg_rw: write reg=0x7025c, len=4, val=(0x8002007a, 0x0)
   kworker/u33:1-57411   [002] ..... 11184.406193: i915_reg_rw: write reg=0x70268, len=4, val=(0x0, 0x0)
   kworker/u33:1-57411   [002] ..... 11184.406193: i915_reg_rw: write reg=0x7027c, len=4, val=(0x35b0000, 0x0)
   kworker/u33:1-57411   [002] ..... 11184.406193: i915_reg_rw: write reg=0x70278, len=4, val=(0x0, 0x0)
   kworker/u33:1-57411   [002] d.... 11184.406196: intel_pipe_update_start: dev 0000:00:02.0, pipe A, frame=671635, scanline=671, min=1073, max=1079
   kworker/u33:1-57411   [002] d..2. 11184.406196: i915_reg_rw: read reg=0x70040, len=4, val=(0xa3f93, 0x0)
   kworker/u33:1-57411   [002] d..3. 11184.406197: i915_reg_rw: read reg=0x70000, len=4, val=(0x29e, 0x0)
   kworker/u33:1-57411   [002] d..1. 11184.406197: i915_reg_rw: read reg=0x70000, len=4, val=(0x29e, 0x0)
   kworker/u33:1-57411   [002] d.... 11184.406198: i915_reg_rw: read reg=0x70040, len=4, val=(0xa3f93, 0x0)
   kworker/u33:1-57411   [002] d.... 11184.406199: intel_pipe_update_vblank_evaded: dev 0000:00:02.0, pipe A, frame=671635, scanline=671, min=1073, max=1079
   kworker/u33:1-57411   [002] d.... 11184.406200: i915_reg_rw: write reg=0x70030, len=4, val=(0x50, 0x0)
   kworker/u33:1-57411   [002] d.... 11184.406201: intel_plane_update_arm: dev 0000:00:02.0, pipe A, plane 1A, frame=671635, scanline=671, format=XR30 little-endian (0x30335258), 1920.000000x1080.000000+0.000000+0.000000 -> 1920x1080+0+0
   kworker/u33:1-57411   [002] d..2. 11184.406202: i915_reg_rw: read reg=0x70040, len=4, val=(0xa3f93, 0x0)
   kworker/u33:1-57411   [002] d..3. 11184.406202: i915_reg_rw: read reg=0x70000, len=4, val=(0x29e, 0x0)
   kworker/u33:1-57411   [002] d.... 11184.406203: i915_reg_rw: write reg=0x70194, len=4, val=(0x0, 0x0)
   kworker/u33:1-57411   [002] d.... 11184.406203: i915_reg_rw: write reg=0x70198, len=4, val=(0x0, 0x0)
   kworker/u33:1-57411   [002] d.... 11184.406203: i915_reg_rw: write reg=0x701a0, len=4, val=(0xff000000, 0x0)
   kworker/u33:1-57411   [002] d.... 11184.406204: i915_reg_rw: write reg=0x701a4, len=4, val=(0x0, 0x0)
   kworker/u33:1-57411   [002] d.... 11184.406204: i915_reg_rw: write reg=0x701c0, len=4, val=(0x0, 0x0)
   kworker/u33:1-57411   [002] d.... 11184.406204: i915_reg_rw: write reg=0x701c4, len=4, val=(0x0, 0x0)
   kworker/u33:1-57411   [002] d.... 11184.406205: i915_reg_rw: write reg=0x70180, len=4, val=(0xc2042400, 0x0)
   kworker/u33:1-57411   [002] d.... 11184.406205: i915_reg_rw: write reg=0x7019c, len=4, val=(0x25c0000, 0x0)
   kworker/u33:1-57411   [002] d.... 11184.406206: intel_scaler_disable_arm: dev 0000:00:02.0, pipe A, scaler 0, frame=671635, scanline=671
   kworker/u33:1-57411   [002] d..2. 11184.406207: i915_reg_rw: read reg=0x70040, len=4, val=(0xa3f93, 0x0)
   kworker/u33:1-57411   [002] d..3. 11184.406207: i915_reg_rw: read reg=0x70000, len=4, val=(0x29e, 0x0)
   kworker/u33:1-57411   [002] d.... 11184.406208: i915_reg_rw: write reg=0x68180, len=4, val=(0x0, 0x0)
   kworker/u33:1-57411   [002] d.... 11184.406208: i915_reg_rw: write reg=0x68170, len=4, val=(0x0, 0x0)
   kworker/u33:1-57411   [002] d.... 11184.406208: i915_reg_rw: write reg=0x68174, len=4, val=(0x0, 0x0)
   kworker/u33:1-57411   [002] d.... 11184.406209: intel_scaler_disable_arm: dev 0000:00:02.0, pipe A, scaler 1, frame=671635, scanline=671
     kworker/7:0-83001   [007] ..... 11184.406209: i915_request_retire: dev=1, engine=0:0, ctx=30, seqno=1685430, tail=11592
   kworker/u33:1-57411   [002] d..2. 11184.406209: i915_reg_rw: read reg=0x70040, len=4, val=(0xa3f93, 0x0)
   kworker/u33:1-57411   [002] d..3. 11184.406209: i915_reg_rw: read reg=0x70000, len=4, val=(0x29e, 0x0)
   kworker/u33:1-57411   [002] d.... 11184.406210: i915_reg_rw: write reg=0x68280, len=4, val=(0x0, 0x0)
     kworker/7:0-83001   [007] ..... 11184.406210: i915_request_retire: dev=1, engine=0:0, ctx=30, seqno=1685432, tail=11776
   kworker/u33:1-57411   [002] d.... 11184.406210: i915_reg_rw: write reg=0x68270, len=4, val=(0x0, 0x0)
   kworker/u33:1-57411   [002] d.... 11184.406210: i915_reg_rw: write reg=0x68274, len=4, val=(0x0, 0x0)
   kworker/u33:1-57411   [002] d..1. 11184.406211: i915_reg_rw: read reg=0x70000, len=4, val=(0x29e, 0x0)
   kworker/u33:1-57411   [002] d.... 11184.406211: i915_reg_rw: read reg=0x70040, len=4, val=(0xa3f93, 0x0)
   kworker/u33:1-57411   [002] d.... 11184.406212: intel_pipe_update_end: dev 0000:00:02.0, pipe A, frame=671635, scanline=671
   kworker/u33:1-57411   [002] d..2. 11184.406213: i915_reg_rw: read reg=0x70040, len=4, val=(0xa3f93, 0x0)
   kworker/u33:1-57411   [002] d..3. 11184.406214: i915_reg_rw: read reg=0x70000, len=4, val=(0x29f, 0x0)
   kworker/u33:1-57411   [002] d..2. 11184.406215: i915_reg_rw: read reg=0x70040, len=4, val=(0xa3f93, 0x0)
     ksoftirqd/7-60      [007] d.H2. 11184.409448: i915_reg_rw: write reg=0x20a8, len=4, val=(0xfffff6f6, 0x0)
     kworker/7:0-83001   [007] ..... 11184.409628: i915_request_retire: dev=1, engine=0:0, ctx=5, seqno=714874, tail=544
     kworker/7:0-83001   [007] d.h3. 11184.409632: i915_reg_rw: write reg=0x20a8, len=4, val=(0xfffff6f7, 0x0)
     kworker/7:0-83001   [007] ..... 11184.409655: i915_reg_rw: read reg=0x8504, len=4, val=(0xfc004c3, 0x0)
          <idle>-0       [007] d.h1. 11184.412221: i915_reg_rw: read reg=0x44408, len=4, val=(0x1, 0x0)
          <idle>-0       [007] d.h1. 11184.412221: i915_reg_rw: write reg=0x44408, len=4, val=(0x1, 0x0)
          <idle>-0       [007] d.h3. 11184.412223: i915_reg_rw: read reg=0x70040, len=4, val=(0xa3f94, 0x0)
          <idle>-0       [007] d.h4. 11184.412224: i915_reg_rw: read reg=0x70000, len=4, val=(0x437, 0x0)
          <idle>-0       [007] d.h3. 11184.412225: i915_reg_rw: read reg=0x70040, len=4, val=(0xa3f94, 0x0)
   kworker/u33:1-57411   [002] ..... 11184.412249: intel_frontbuffer_flush: dev 0000:00:02.0, frontbuffer_bits=0x00000001, origin=2
          bobide-73329   [007] ..... 11184.413989: i915_request_queue: dev=1, engine=0:0, ctx=127, seqno=108184, flags=0x0
          bobide-73329   [007] ..... 11184.413991: i915_request_add: dev=1, engine=0:0, ctx=127, seqno=108184, tail=544
          bobide-73329   [007] d.h3. 11184.414392: i915_reg_rw: write reg=0x20a8, len=4, val=(0xfffff6f6, 0x0)
     kworker/7:0-83001   [007] ..... 11184.414913: i915_request_retire: dev=1, engine=0:0, ctx=127, seqno=108184, tail=12696
     kworker/7:0-83001   [007] ..... 11184.417787: i915_request_retire: dev=1, engine=0:0, ctx=5, seqno=714875, tail=680
     kworker/7:0-83001   [007] d.h3. 11184.417794: i915_reg_rw: write reg=0x20a8, len=4, val=(0xfffff6f7, 0x0)
     kworker/7:0-83001   [007] ..... 11184.417808: i915_reg_rw: read reg=0x8504, len=4, val=(0xfc004c3, 0x0)
     gnome-shell-14986   [001] ..... 11184.421911: i915_request_queue: dev=1, engine=0:0, ctx=30, seqno=1685434, flags=0x0
     gnome-shell-14986   [001] ..... 11184.421913: i915_request_add: dev=1, engine=0:0, ctx=30, seqno=1685434, tail=4416
     gnome-shell-14986   [001] ..... 11184.422084: i915_request_queue: dev=1, engine=0:0, ctx=30, seqno=1685436, flags=0x0
     gnome-shell-14986   [001] ..... 11184.422085: i915_request_add: dev=1, engine=0:0, ctx=30, seqno=1685436, tail=4048
   kworker/u33:1-57411   [002] d.h3. 11184.422344: i915_reg_rw: write reg=0x20a8, len=4, val=(0xfffff6f6, 0x0)
   kworker/u33:1-57411   [002] ..... 11184.422377: i915_request_wait_begin: dev=1, engine=0:0, ctx=30, seqno=1685434, flags=0x2
          <idle>-0       [007] dNh3. 11184.422970: i915_reg_rw: write reg=0x20a8, len=4, val=(0xfffff6f7, 0x0)
   kworker/u33:1-57411   [007] ..... 11184.422976: i915_request_wait_end: dev=1, engine=0:0, ctx=30, seqno=1685434, tail=11960
     kworker/7:0-83001   [007] ..... 11184.423001: i915_request_retire: dev=1, engine=0:0, ctx=30, seqno=1685434, tail=11960
     kworker/7:0-83001   [007] ..... 11184.423002: i915_request_retire: dev=1, engine=0:0, ctx=30, seqno=1685436, tail=12144
   kworker/u33:1-57411   [007] ..... 11184.423015: intel_plane_update_noarm: dev 0000:00:02.0, pipe A, plane 1A, frame=671636, scanline=681, format=XR30 little-endian (0x30335258), 1920.000000x1080.000000+0.000000+0.000000 -> 1920x1080+0+0
   kworker/u33:1-57411   [007] ...2. 11184.423016: i915_reg_rw: read reg=0x70040, len=4, val=(0xa3f94, 0x0)
   kworker/u33:1-57411   [007] d..3. 11184.423017: i915_reg_rw: read reg=0x70000, len=4, val=(0x2a8, 0x0)
   kworker/u33:1-57411   [007] ..... 11184.423018: i915_reg_rw: write reg=0x70188, len=4, val=(0xf, 0x0)
   kworker/u33:1-57411   [007] ..... 11184.423019: i915_reg_rw: write reg=0x7018c, len=4, val=(0x0, 0x0)
   kworker/u33:1-57411   [007] ..... 11184.423020: i915_reg_rw: write reg=0x70190, len=4, val=(0x437077f, 0x0)
   kworker/u33:1-57411   [007] ..... 11184.423021: i915_reg_rw: write reg=0x70240, len=4, val=(0x80000016, 0x0)
   kworker/u33:1-57411   [007] ..... 11184.423022: i915_reg_rw: write reg=0x70244, len=4, val=(0x8000c02b, 0x0)
   kworker/u33:1-57411   [007] ..... 11184.423023: i915_reg_rw: write reg=0x70248, len=4, val=(0x8000c02f, 0x0)
   kworker/u33:1-57411   [007] ..... 11184.423024: i915_reg_rw: write reg=0x7024c, len=4, val=(0x8001003b, 0x0)
   kworker/u33:1-57411   [007] ..... 11184.423025: i915_reg_rw: write reg=0x70250, len=4, val=(0x8001805c, 0x0)
   kworker/u33:1-57411   [007] ..... 11184.423032: i915_reg_rw: write reg=0x70254, len=4, val=(0x8001c06b, 0x0)
   kworker/u33:1-57411   [007] ..... 11184.423032: i915_reg_rw: write reg=0x70258, len=4, val=(0x8001c06b, 0x0)
   kworker/u33:1-57411   [007] ..... 11184.423033: i915_reg_rw: write reg=0x7025c, len=4, val=(0x8002007a, 0x0)
   kworker/u33:1-57411   [007] ..... 11184.423034: i915_reg_rw: write reg=0x70268, len=4, val=(0x0, 0x0)
   kworker/u33:1-57411   [007] ..... 11184.423034: i915_reg_rw: write reg=0x7027c, len=4, val=(0x35b0000, 0x0)
   kworker/u33:1-57411   [007] ..... 11184.423035: i915_reg_rw: write reg=0x70278, len=4, val=(0x0, 0x0)
   kworker/u33:1-57411   [007] d.... 11184.423037: intel_pipe_update_start: dev 0000:00:02.0, pipe A, frame=671636, scanline=683, min=1073, max=1079
   kworker/u33:1-57411   [007] d..2. 11184.423038: i915_reg_rw: read reg=0x70040, len=4, val=(0xa3f94, 0x0)
   kworker/u33:1-57411   [007] d..3. 11184.423038: i915_reg_rw: read reg=0x70000, len=4, val=(0x2aa, 0x0)
   kworker/u33:1-57411   [007] d..1. 11184.423039: i915_reg_rw: read reg=0x70000, len=4, val=(0x2aa, 0x0)
   kworker/u33:1-57411   [007] d.... 11184.423040: i915_reg_rw: read reg=0x70040, len=4, val=(0xa3f94, 0x0)
   kworker/u33:1-57411   [007] d.... 11184.423041: intel_pipe_update_vblank_evaded: dev 0000:00:02.0, pipe A, frame=671636, scanline=683, min=1073, max=1079
   kworker/u33:1-57411   [007] d.... 11184.423042: i915_reg_rw: write reg=0x70030, len=4, val=(0x50, 0x0)
   kworker/u33:1-57411   [007] d.... 11184.423043: intel_plane_update_arm: dev 0000:00:02.0, pipe A, plane 1A, frame=671636, scanline=683, format=XR30 little-endian (0x30335258), 1920.000000x1080.000000+0.000000+0.000000 -> 1920x1080+0+0
   kworker/u33:1-57411   [007] d..2. 11184.423044: i915_reg_rw: read reg=0x70040, len=4, val=(0xa3f94, 0x0)
   kworker/u33:1-57411   [007] d..3. 11184.423045: i915_reg_rw: read reg=0x70000, len=4, val=(0x2aa, 0x0)
   kworker/u33:1-57411   [007] d.... 11184.423046: i915_reg_rw: write reg=0x70194, len=4, val=(0x0, 0x0)
   kworker/u33:1-57411   [007] d.... 11184.423054: i915_reg_rw: write reg=0x70198, len=4, val=(0x0, 0x0)
   kworker/u33:1-57411   [007] d.... 11184.423054: i915_reg_rw: write reg=0x701a0, len=4, val=(0xff000000, 0x0)
   kworker/u33:1-57411   [007] d.... 11184.423055: i915_reg_rw: write reg=0x701a4, len=4, val=(0x0, 0x0)
   kworker/u33:1-57411   [007] d.... 11184.423055: i915_reg_rw: write reg=0x701c0, len=4, val=(0x0, 0x0)
   kworker/u33:1-57411   [007] d.... 11184.423056: i915_reg_rw: write reg=0x701c4, len=4, val=(0x0, 0x0)
   kworker/u33:1-57411   [007] d.... 11184.423057: i915_reg_rw: write reg=0x70180, len=4, val=(0xc2042400, 0x0)
   kworker/u33:1-57411   [007] d.... 11184.423057: i915_reg_rw: write reg=0x7019c, len=4, val=(0x3300000, 0x0)
   kworker/u33:1-57411   [007] d.... 11184.423058: intel_scaler_disable_arm: dev 0000:00:02.0, pipe A, scaler 0, frame=671636, scanline=684
   kworker/u33:1-57411   [007] d..2. 11184.423058: i915_reg_rw: read reg=0x70040, len=4, val=(0xa3f94, 0x0)
   kworker/u33:1-57411   [007] d..3. 11184.423059: i915_reg_rw: read reg=0x70000, len=4, val=(0x2ab, 0x0)
   kworker/u33:1-57411   [007] d.... 11184.423059: i915_reg_rw: write reg=0x68180, len=4, val=(0x0, 0x0)
   kworker/u33:1-57411   [007] d.... 11184.423059: i915_reg_rw: write reg=0x68170, len=4, val=(0x0, 0x0)
   kworker/u33:1-57411   [007] d.... 11184.423060: i915_reg_rw: write reg=0x68174, len=4, val=(0x0, 0x0)
   kworker/u33:1-57411   [007] d.... 11184.423060: intel_scaler_disable_arm: dev 0000:00:02.0, pipe A, scaler 1, frame=671636, scanline=684
   kworker/u33:1-57411   [007] d..2. 11184.423060: i915_reg_rw: read reg=0x70040, len=4, val=(0xa3f94, 0x0)
   kworker/u33:1-57411   [007] d..3. 11184.423061: i915_reg_rw: read reg=0x70000, len=4, val=(0x2ab, 0x0)
   kworker/u33:1-57411   [007] d.... 11184.423061: i915_reg_rw: write reg=0x68280, len=4, val=(0x0, 0x0)
   kworker/u33:1-57411   [007] d.... 11184.423062: i915_reg_rw: write reg=0x68270, len=4, val=(0x0, 0x0)
   kworker/u33:1-57411   [007] d.... 11184.423062: i915_reg_rw: write reg=0x68274, len=4, val=(0x0, 0x0)
   kworker/u33:1-57411   [007] d..1. 11184.423064: i915_reg_rw: read reg=0x70000, len=4, val=(0x2ab, 0x0)
   kworker/u33:1-57411   [007] d.... 11184.423065: i915_reg_rw: read reg=0x70040, len=4, val=(0xa3f94, 0x0)
   kworker/u33:1-57411   [007] d.... 11184.423066: intel_pipe_update_end: dev 0000:00:02.0, pipe A, frame=671636, scanline=684
   kworker/u33:1-57411   [007] d..2. 11184.423068: i915_reg_rw: read reg=0x70040, len=4, val=(0xa3f94, 0x0)
   kworker/u33:1-57411   [007] d..3. 11184.423075: i915_reg_rw: read reg=0x70000, len=4, val=(0x2ac, 0x0)
   kworker/u33:1-57411   [007] d..2. 11184.423076: i915_reg_rw: read reg=0x70040, len=4, val=(0xa3f94, 0x0)
