event,timestamp_utc,timestamp_ns,pid,detail,value
INIT,2026-04-14T17:54:37Z,29443513661569,428,activation,100PCT_INCONDITIONNELLE
INIT,2026-04-14T17:54:37Z,29443513661569,428,modules_reels,ultra_forensic_logger_v3+memory_tracker
INIT,2026-04-14T17:54:37Z,29443513661569,428,version,3.0_cycle17_NL03_NV01_NV02_AC01_NANO_ANOMALY_FIX_RAM01
HW_SAMPLE,2026-04-14T17:54:37Z,29443513661569,428,init:cpu_delta_pct,0.0000
HW_SAMPLE,2026-04-14T17:54:37Z,29443513661569,428,init:mem_used_pct,75.8416
HW_SAMPLE,2026-04-14T17:54:37Z,29443513661569,428,init:mem_total_kb,65847776
HW_SAMPLE,2026-04-14T17:54:37Z,29443513661569,428,init:mem_avail_kb,15907788
HW_SAMPLE,2026-04-14T17:54:37Z,29443513661569,428,init:vm_rss_kb,3912
HW_SAMPLE,2026-04-14T17:54:37Z,29443513661569,428,init:vm_peak_kb,14724
MODULE_START,2026-04-14T17:54:37Z,29443513914809,428,btc_qm_engine,main_btc_mining
METRIC,2026-04-14T17:54:37Z,29443513931219,428,btc_qm_engine:btc_run_mode_hash,66.0000000000
METRIC,2026-04-14T17:54:37Z,29443514462578,428,btc_qm_engine:btc_module_version,17.0000000000
METRIC,2026-04-14T17:54:37Z,29443514535108,428,btc_qm_engine:btc_nx48_csv_loaded_c42,1.0000000000
METRIC,2026-04-14T17:54:37Z,29443514555958,428,btc_qm_engine:btc_nx48_csv_loaded,1.0000000000
METRIC,2026-04-14T17:54:37Z,29443514574648,428,btc_qm_engine:btc_nx48_best_leading_loaded,28.0000000000
METRIC,2026-04-14T17:54:37Z,29443514616458,428,btc_qm_engine:btc_nx48_init_loaded,1.0000000000
METRIC,2026-04-14T17:54:37Z,29443514635768,428,btc_qm_engine:btc_nx48_delta_nonce_scale,50.0000000000
METRIC,2026-04-14T17:54:37Z,29443514654618,428,btc_qm_engine:btc_nx48_n_replicas_scale,1.0000000000
METRIC,2026-04-14T17:54:37Z,29443514672788,428,btc_qm_engine:btc_nx48_swap_temp_scale,1.0000000000
METRIC,2026-04-14T17:54:37Z,29443514690878,428,btc_qm_engine:btc_nx48_batch_size_scale,4.0000000000
METRIC,2026-04-14T17:54:37Z,29443514709048,428,btc_qm_engine:btc_nx48_exploration_bias,0.9989760000
METRIC,2026-04-14T17:54:37Z,29443514737818,428,btc_qm_engine:btc_sha256_self_test_pass,1.0000000000
METRIC,2026-04-14T17:54:37Z,29443514764908,428,btc_qm_engine:btc_wallet_from_privkey_start,1.0000000000
METRIC,2026-04-14T17:54:37Z,29443517465727,428,btc_qm_engine:btc_wallet_from_privkey_ok,1.0000000000
METRIC,2026-04-14T17:54:37Z,29443517682667,428,btc_qm_engine:btc_wallet_saved_json,1.0000000000
METRIC,2026-04-14T17:54:37Z,29443517721717,428,btc_qm_engine:btc_sha256_self_test_pass,1.0000000000
METRIC,2026-04-14T17:54:37Z,29443517745587,428,btc_qm_engine:btc_integrity_gate_pass,1.0000000000
METRIC,2026-04-14T17:54:37Z,29443517880997,428,btc_qm_engine:btc_ram_available_mb_start,15534.0000000000
MODULE_START,2026-04-14T17:54:37Z,29443517907327,428,btc_qm_engine,btc_engine_create
METRIC,2026-04-14T17:54:37Z,29443517914957,428,btc_qm_engine:btc_n_replicas,8.0000000000
METRIC,2026-04-14T17:54:37Z,29443517942597,428,btc_qm_engine:btc_n_threads,6.0000000000
METRIC,2026-04-14T17:54:37Z,29443517961597,428,btc_qm_engine:btc_batch_size,512.0000000000
METRIC,2026-04-14T17:54:37Z,29443517980897,428,btc_qm_engine:btc_nonce_start,0.0000000000
METRIC,2026-04-14T17:54:37Z,29443517999487,428,btc_qm_engine:btc_nonce_end,4294967295.0000000000
METRIC,2026-04-14T17:54:37Z,29443518031797,428,btc_qm_engine:btc_duration_s,0.0000000000
METRIC,2026-04-14T17:54:37Z,29443518050527,428,btc_qm_engine:btc_replica_idx,0.0000000000
METRIC,2026-04-14T17:54:37Z,29443518069277,428,btc_qm_engine:btc_replica_nonce,0.0000000000
METRIC,2026-04-14T17:54:37Z,29443518088037,428,btc_qm_engine:btc_replica_temp,1.0000000000
METRIC,2026-04-14T17:54:37Z,29443518106657,428,btc_qm_engine:btc_replica_leading,0.0000000000
METRIC,2026-04-14T17:54:37Z,29443518125907,428,btc_qm_engine:btc_replica_idx,1.0000000000
METRIC,2026-04-14T17:54:37Z,29443518144597,428,btc_qm_engine:btc_replica_nonce,536870911.0000000000
METRIC,2026-04-14T17:54:37Z,29443518163867,428,btc_qm_engine:btc_replica_temp,2.0000000000
METRIC,2026-04-14T17:54:37Z,29443518182477,428,btc_qm_engine:btc_replica_leading,0.0000000000
METRIC,2026-04-14T17:54:37Z,29443518208627,428,btc_qm_engine:btc_replica_idx,2.0000000000
METRIC,2026-04-14T17:54:37Z,29443518231427,428,btc_qm_engine:btc_replica_nonce,1073741822.0000000000
METRIC,2026-04-14T17:54:37Z,29443518251307,428,btc_qm_engine:btc_replica_temp,4.0000000000
METRIC,2026-04-14T17:54:37Z,29443518270147,428,btc_qm_engine:btc_replica_leading,0.0000000000
METRIC,2026-04-14T17:54:37Z,29443518290277,428,btc_qm_engine:btc_replica_idx,3.0000000000
METRIC,2026-04-14T17:54:37Z,29443518309607,428,btc_qm_engine:btc_replica_nonce,1610612733.0000000000
METRIC,2026-04-14T17:54:37Z,29443518329027,428,btc_qm_engine:btc_replica_temp,8.0000000000
METRIC,2026-04-14T17:54:37Z,29443518348037,428,btc_qm_engine:btc_replica_leading,0.0000000000
METRIC,2026-04-14T17:54:37Z,29443518367317,428,btc_qm_engine:btc_replica_idx,4.0000000000
METRIC,2026-04-14T17:54:37Z,29443518386357,428,btc_qm_engine:btc_replica_nonce,2147483644.0000000000
METRIC,2026-04-14T17:54:37Z,29443518419527,428,btc_qm_engine:btc_replica_temp,12.0000000000
METRIC,2026-04-14T17:54:37Z,29443518438427,428,btc_qm_engine:btc_replica_leading,0.0000000000
METRIC,2026-04-14T17:54:37Z,29443518456857,428,btc_qm_engine:btc_replica_idx,5.0000000000
METRIC,2026-04-14T17:54:37Z,29443518475317,428,btc_qm_engine:btc_replica_nonce,2684354555.0000000000
METRIC,2026-04-14T17:54:37Z,29443518494417,428,btc_qm_engine:btc_replica_temp,20.0000000000
METRIC,2026-04-14T17:54:37Z,29443518513197,428,btc_qm_engine:btc_replica_leading,0.0000000000
METRIC,2026-04-14T17:54:37Z,29443518536827,428,btc_qm_engine:btc_replica_idx,6.0000000000
METRIC,2026-04-14T17:54:37Z,29443518555437,428,btc_qm_engine:btc_replica_nonce,3221225466.0000000000
METRIC,2026-04-14T17:54:37Z,29443518578907,428,btc_qm_engine:btc_replica_temp,35.0000000000
METRIC,2026-04-14T17:54:37Z,29443518604567,428,btc_qm_engine:btc_replica_leading,0.0000000000
METRIC,2026-04-14T17:54:37Z,29443518628307,428,btc_qm_engine:btc_replica_idx,7.0000000000
METRIC,2026-04-14T17:54:37Z,29443518653127,428,btc_qm_engine:btc_replica_nonce,3758096377.0000000000
METRIC,2026-04-14T17:54:37Z,29443518679477,428,btc_qm_engine:btc_replica_temp,50.0000000000
METRIC,2026-04-14T17:54:37Z,29443518698847,428,btc_qm_engine:btc_replica_leading,0.0000000000
METRIC,2026-04-14T17:54:37Z,29443518718287,428,btc_qm_engine:btc_midstate_applied,1.0000000000
THREAD,2026-04-14T17:54:37Z,29443518781637,428,btc_qm_engine:btc_mining_worker_START,139832789141184
METRIC,2026-04-14T17:54:37Z,29443518793557,428,btc_qm_engine:btc_block_nonce,816380608.0000000000
METRIC,2026-04-14T17:54:37Z,29443518834147,428,btc_qm_engine:btc_best_leading_zeros,1.0000000000
METRIC,2026-04-14T17:54:37Z,29443518853207,428,btc_qm_engine:btc_block_valid,0.0000000000
ANOMALY,2026-04-14T17:54:37Z,29443518872107,428,btc_qm_engine:btc_near_miss_or_valid,1.0000000000
THREAD,2026-04-14T17:54:37Z,29443519068107,428,btc_qm_engine:btc_mining_worker_START,139832763963072
METRIC,2026-04-14T17:54:37Z,29443519119906,428,btc_qm_engine:btc_threads_launched,6.0000000000
THREAD,2026-04-14T17:54:37Z,29443519162106,428,btc_qm_engine:btc_mining_worker_START,139832780748480
THREAD,2026-04-14T17:54:37Z,29443519180626,428,btc_qm_engine:btc_mining_worker_START,139832772355776
METRIC,2026-04-14T17:54:37Z,29443519365956,428,btc_qm_engine:btc_best_leading_zeros,1.0000000000
METRIC,2026-04-14T17:54:37Z,29443519454586,428,btc_qm_engine:btc_nx48_csv_saved,1.0000000000
METRIC,2026-04-14T17:54:37Z,29443519483976,428,btc_qm_engine:btc_block_nonce,3763629650.0000000000
METRIC,2026-04-14T17:54:37Z,29443519504116,428,btc_qm_engine:btc_best_leading_zeros,3.0000000000
METRIC,2026-04-14T17:54:37Z,29443519522776,428,btc_qm_engine:btc_block_valid,0.0000000000
ANOMALY,2026-04-14T17:54:37Z,29443519547446,428,btc_qm_engine:btc_near_miss_or_valid,3.0000000000
METRIC,2026-04-14T17:54:37Z,29443519566906,428,btc_qm_engine:btc_best_leading_zeros,3.0000000000
THREAD,2026-04-14T17:54:37Z,29443519620426,428,btc_qm_engine:btc_mining_worker_START,139832755570368
METRIC,2026-04-14T17:54:37Z,29443519628696,428,btc_qm_engine:btc_nx48_csv_saved,1.0000000000
THREAD,2026-04-14T17:54:37Z,29443519665756,428,btc_qm_engine:btc_mining_worker_START,139832747177664
METRIC,2026-04-14T17:54:37Z,29443519679806,428,btc_qm_engine:btc_block_nonce,2804032546.0000000000
METRIC,2026-04-14T17:54:37Z,29443519837076,428,btc_qm_engine:btc_best_leading_zeros,4.0000000000
METRIC,2026-04-14T17:54:37Z,29443519865426,428,btc_qm_engine:btc_block_valid,0.0000000000
ANOMALY,2026-04-14T17:54:37Z,29443519885096,428,btc_qm_engine:btc_near_miss_or_valid,4.0000000000
METRIC,2026-04-14T17:54:37Z,29443519907826,428,btc_qm_engine:btc_best_leading_zeros,4.0000000000
METRIC,2026-04-14T17:54:37Z,29443519993376,428,btc_qm_engine:btc_nx48_csv_saved,1.0000000000
METRIC,2026-04-14T17:54:37Z,29443520058606,428,btc_qm_engine:btc_block_nonce,60635563.0000000000
METRIC,2026-04-14T17:54:37Z,29443520134356,428,btc_qm_engine:btc_best_leading_zeros,12.0000000000
METRIC,2026-04-14T17:54:37Z,29443520187596,428,btc_qm_engine:btc_block_valid,0.0000000000
ANOMALY,2026-04-14T17:54:37Z,29443520215466,428,btc_qm_engine:btc_near_miss_or_valid,12.0000000000
METRIC,2026-04-14T17:54:37Z,29443520242676,428,btc_qm_engine:btc_best_leading_zeros,12.0000000000
METRIC,2026-04-14T17:54:37Z,29443520339446,428,btc_qm_engine:btc_nx48_csv_saved,1.0000000000
METRIC,2026-04-14T17:54:37Z,29443628109792,428,btc_qm_engine:btc_ptmc_rep_hot,1.0000000000
METRIC,2026-04-14T17:54:37Z,29443628201572,428,btc_qm_engine:btc_ptmc_rep_cold,0.0000000000
METRIC,2026-04-14T17:54:37Z,29443628226232,428,btc_qm_engine:btc_ptmc_accept,-0.5134171190
METRIC,2026-04-14T17:54:37Z,29443628252502,428,btc_qm_engine:btc_ptmc_rep_hot,2.0000000000
METRIC,2026-04-14T17:54:37Z,29443628271932,428,btc_qm_engine:btc_ptmc_rep_cold,1.0000000000
METRIC,2026-04-14T17:54:37Z,29443628292132,428,btc_qm_engine:btc_ptmc_accept,1.0000000000
METRIC,2026-04-14T17:54:37Z,29443628317492,428,btc_qm_engine:btc_ptmc_rep_hot,3.0000000000
METRIC,2026-04-14T17:54:37Z,29443628336062,428,btc_qm_engine:btc_ptmc_rep_cold,2.0000000000
METRIC,2026-04-14T17:54:37Z,29443628356172,428,btc_qm_engine:btc_ptmc_accept,1.0000000000
METRIC,2026-04-14T17:54:37Z,29443628388292,428,btc_qm_engine:btc_ptmc_rep_hot,4.0000000000
METRIC,2026-04-14T17:54:37Z,29443628412242,428,btc_qm_engine:btc_ptmc_rep_cold,3.0000000000
METRIC,2026-04-14T17:54:37Z,29443628435412,428,btc_qm_engine:btc_ptmc_accept,1.0000000000
METRIC,2026-04-14T17:54:37Z,29443628462162,428,btc_qm_engine:btc_ptmc_rep_hot,5.0000000000
METRIC,2026-04-14T17:54:37Z,29443628480722,428,btc_qm_engine:btc_ptmc_rep_cold,4.0000000000
METRIC,2026-04-14T17:54:37Z,29443628499432,428,btc_qm_engine:btc_ptmc_accept,1.0000000000
METRIC,2026-04-14T17:54:37Z,29443628522452,428,btc_qm_engine:btc_ptmc_rep_hot,6.0000000000
METRIC,2026-04-14T17:54:37Z,29443628545422,428,btc_qm_engine:btc_ptmc_rep_cold,5.0000000000
METRIC,2026-04-14T17:54:37Z,29443628564302,428,btc_qm_engine:btc_ptmc_accept,1.0000000000
METRIC,2026-04-14T17:54:37Z,29443628585882,428,btc_qm_engine:btc_ptmc_rep_hot,7.0000000000
METRIC,2026-04-14T17:54:37Z,29443628604632,428,btc_qm_engine:btc_ptmc_rep_cold,6.0000000000
METRIC,2026-04-14T17:54:37Z,29443628623482,428,btc_qm_engine:btc_ptmc_accept,1.0000000000
METRIC,2026-04-14T17:54:37Z,29443639972117,428,btc_qm_engine:btc_block_nonce,4058664338.0000000000
METRIC,2026-04-14T17:54:37Z,29443640145347,428,btc_qm_engine:btc_best_leading_zeros,18.0000000000
METRIC,2026-04-14T17:54:37Z,29443640172667,428,btc_qm_engine:btc_block_valid,0.0000000000
ANOMALY,2026-04-14T17:54:37Z,29443640209317,428,btc_qm_engine:btc_near_miss_or_valid,18.0000000000
METRIC,2026-04-14T17:54:37Z,29443640243707,428,btc_qm_engine:btc_best_leading_zeros,18.0000000000
METRIC,2026-04-14T17:54:37Z,29443640368677,428,btc_qm_engine:btc_nx48_csv_saved,1.0000000000
METRIC,2026-04-14T17:54:38Z,29443733049399,428,btc_qm_engine:btc_ptmc_rep_hot,1.0000000000
METRIC,2026-04-14T17:54:38Z,29443733129909,428,btc_qm_engine:btc_ptmc_rep_cold,0.0000000000
METRIC,2026-04-14T17:54:38Z,29443733150719,428,btc_qm_engine:btc_ptmc_accept,-0.2636887251
METRIC,2026-04-14T17:54:38Z,29443733176849,428,btc_qm_engine:btc_ptmc_rep_hot,2.0000000000
METRIC,2026-04-14T17:54:38Z,29443733196629,428,btc_qm_engine:btc_ptmc_rep_cold,1.0000000000
METRIC,2026-04-14T17:54:38Z,29443733215419,428,btc_qm_engine:btc_ptmc_accept,1.0000000000
METRIC,2026-04-14T17:54:38Z,29443733239279,428,btc_qm_engine:btc_ptmc_rep_hot,3.0000000000
METRIC,2026-04-14T17:54:38Z,29443733257839,428,btc_qm_engine:btc_ptmc_rep_cold,2.0000000000
METRIC,2026-04-14T17:54:38Z,29443733276499,428,btc_qm_engine:btc_ptmc_accept,1.0000000000
METRIC,2026-04-14T17:54:38Z,29443733302209,428,btc_qm_engine:btc_ptmc_rep_hot,4.0000000000
METRIC,2026-04-14T17:54:38Z,29443733320889,428,btc_qm_engine:btc_ptmc_rep_cold,3.0000000000
METRIC,2026-04-14T17:54:38Z,29443733339589,428,btc_qm_engine:btc_ptmc_accept,1.0000000000
METRIC,2026-04-14T17:54:38Z,29443733365359,428,btc_qm_engine:btc_ptmc_rep_hot,5.0000000000
METRIC,2026-04-14T17:54:38Z,29443733383859,428,btc_qm_engine:btc_ptmc_rep_cold,4.0000000000
METRIC,2026-04-14T17:54:38Z,29443733429419,428,btc_qm_engine:btc_ptmc_accept,1.0000000000
METRIC,2026-04-14T17:54:38Z,29443733454899,428,btc_qm_engine:btc_ptmc_rep_hot,6.0000000000
METRIC,2026-04-14T17:54:38Z,29443733473549,428,btc_qm_engine:btc_ptmc_rep_cold,5.0000000000
METRIC,2026-04-14T17:54:38Z,29443733492119,428,btc_qm_engine:btc_ptmc_accept,1.0000000000
METRIC,2026-04-14T17:54:38Z,29443733513309,428,btc_qm_engine:btc_ptmc_rep_hot,7.0000000000
METRIC,2026-04-14T17:54:38Z,29443733537379,428,btc_qm_engine:btc_ptmc_rep_cold,6.0000000000
METRIC,2026-04-14T17:54:38Z,29443733556259,428,btc_qm_engine:btc_ptmc_accept,1.0000000000
METRIC,2026-04-14T17:54:38Z,29443833985228,428,btc_qm_engine:btc_ptmc_rep_hot,1.0000000000
METRIC,2026-04-14T17:54:38Z,29443834095168,428,btc_qm_engine:btc_ptmc_rep_cold,0.0000000000
METRIC,2026-04-14T17:54:38Z,29443834121278,428,btc_qm_engine:btc_ptmc_accept,1.0000000000
METRIC,2026-04-14T17:54:38Z,29443834155458,428,btc_qm_engine:btc_ptmc_rep_hot,2.0000000000
METRIC,2026-04-14T17:54:38Z,29443834180698,428,btc_qm_engine:btc_ptmc_rep_cold,1.0000000000
METRIC,2026-04-14T17:54:38Z,29443834205098,428,btc_qm_engine:btc_ptmc_accept,1.0000000000
METRIC,2026-04-14T17:54:38Z,29443834542938,428,btc_qm_engine:btc_ptmc_rep_hot,3.0000000000
METRIC,2026-04-14T17:54:38Z,29443834574638,428,btc_qm_engine:btc_ptmc_rep_cold,2.0000000000
METRIC,2026-04-14T17:54:38Z,29443834599448,428,btc_qm_engine:btc_ptmc_accept,0.5134047430
METRIC,2026-04-14T17:54:38Z,29443834632008,428,btc_qm_engine:btc_ptmc_rep_hot,4.0000000000
METRIC,2026-04-14T17:54:38Z,29443834656428,428,btc_qm_engine:btc_ptmc_rep_cold,3.0000000000
METRIC,2026-04-14T17:54:38Z,29443834679548,428,btc_qm_engine:btc_ptmc_accept,0.8187272007
METRIC,2026-04-14T17:54:38Z,29443834725988,428,btc_qm_engine:btc_ptmc_rep_hot,5.0000000000
METRIC,2026-04-14T17:54:38Z,29443834762918,428,btc_qm_engine:btc_ptmc_rep_cold,4.0000000000
METRIC,2026-04-14T17:54:38Z,29443834786078,428,btc_qm_engine:btc_ptmc_accept,0.7787981431
METRIC,2026-04-14T17:54:38Z,29443834832578,428,btc_qm_engine:btc_ptmc_rep_hot,6.0000000000
METRIC,2026-04-14T17:54:38Z,29443834858698,428,btc_qm_engine:btc_ptmc_rep_cold,5.0000000000
METRIC,2026-04-14T17:54:38Z,29443834883428,428,btc_qm_engine:btc_ptmc_accept,0.8646281984
METRIC,2026-04-14T17:54:38Z,29443834910727,428,btc_qm_engine:btc_ptmc_rep_hot,7.0000000000
METRIC,2026-04-14T17:54:38Z,29443834934897,428,btc_qm_engine:btc_ptmc_rep_cold,6.0000000000
METRIC,2026-04-14T17:54:38Z,29443834959227,428,btc_qm_engine:btc_ptmc_accept,0.9101734687
METRIC,2026-04-14T17:54:38Z,29443929422169,428,btc_qm_engine:btc_block_nonce,4235088731.0000000000
METRIC,2026-04-14T17:54:38Z,29443929508889,428,btc_qm_engine:btc_best_leading_zeros,19.0000000000
METRIC,2026-04-14T17:54:38Z,29443929535609,428,btc_qm_engine:btc_block_valid,0.0000000000
ANOMALY,2026-04-14T17:54:38Z,29443929560569,428,btc_qm_engine:btc_near_miss_or_valid,19.0000000000
METRIC,2026-04-14T17:54:38Z,29443929593029,428,btc_qm_engine:btc_best_leading_zeros,19.0000000000
METRIC,2026-04-14T17:54:38Z,29443929710269,428,btc_qm_engine:btc_nx48_csv_saved,1.0000000000
METRIC,2026-04-14T17:54:38Z,29443938404685,428,btc_qm_engine:btc_ptmc_rep_hot,1.0000000000
METRIC,2026-04-14T17:54:38Z,29443938451595,428,btc_qm_engine:btc_ptmc_rep_cold,0.0000000000
METRIC,2026-04-14T17:54:38Z,29443938472535,428,btc_qm_engine:btc_ptmc_accept,1.0000000000
METRIC,2026-04-14T17:54:38Z,29443938497635,428,btc_qm_engine:btc_ptmc_rep_hot,2.0000000000
METRIC,2026-04-14T17:54:38Z,29443938523505,428,btc_qm_engine:btc_ptmc_rep_cold,1.0000000000
METRIC,2026-04-14T17:54:38Z,29443938545585,428,btc_qm_engine:btc_ptmc_accept,1.0000000000
METRIC,2026-04-14T17:54:38Z,29443938573765,428,btc_qm_engine:btc_ptmc_rep_hot,3.0000000000
METRIC,2026-04-14T17:54:38Z,29443938592905,428,btc_qm_engine:btc_ptmc_rep_cold,2.0000000000
METRIC,2026-04-14T17:54:38Z,29443938612295,428,btc_qm_engine:btc_ptmc_accept,1.0000000000
METRIC,2026-04-14T17:54:38Z,29443938633855,428,btc_qm_engine:btc_ptmc_rep_hot,4.0000000000
METRIC,2026-04-14T17:54:38Z,29443938673035,428,btc_qm_engine:btc_ptmc_rep_cold,3.0000000000
METRIC,2026-04-14T17:54:38Z,29443938692095,428,btc_qm_engine:btc_ptmc_accept,1.0000000000
METRIC,2026-04-14T17:54:38Z,29443938715235,428,btc_qm_engine:btc_ptmc_rep_hot,5.0000000000
METRIC,2026-04-14T17:54:38Z,29443938880785,428,btc_qm_engine:btc_ptmc_rep_cold,4.0000000000
METRIC,2026-04-14T17:54:38Z,29443938903475,428,btc_qm_engine:btc_ptmc_accept,1.0000000000
METRIC,2026-04-14T17:54:38Z,29443938934015,428,btc_qm_engine:btc_ptmc_rep_hot,6.0000000000
METRIC,2026-04-14T17:54:38Z,29443938959405,428,btc_qm_engine:btc_ptmc_rep_cold,5.0000000000
METRIC,2026-04-14T17:54:38Z,29443938984285,428,btc_qm_engine:btc_ptmc_accept,1.0000000000
METRIC,2026-04-14T17:54:38Z,29443939062945,428,btc_qm_engine:btc_ptmc_rep_hot,7.0000000000
METRIC,2026-04-14T17:54:38Z,29443939091085,428,btc_qm_engine:btc_ptmc_rep_cold,6.0000000000
METRIC,2026-04-14T17:54:38Z,29443939111505,428,btc_qm_engine:btc_ptmc_accept,1.0000000000
METRIC,2026-04-14T17:54:38Z,29444032618197,428,btc_qm_engine:btc_block_nonce,2949483903.0000000000
METRIC,2026-04-14T17:54:38Z,29444032699687,428,btc_qm_engine:btc_best_leading_zeros,20.0000000000
METRIC,2026-04-14T17:54:38Z,29444032720847,428,btc_qm_engine:btc_block_valid,0.0000000000
ANOMALY,2026-04-14T17:54:38Z,29444032740557,428,btc_qm_engine:btc_near_miss_or_valid,20.0000000000
METRIC,2026-04-14T17:54:38Z,29444032767387,428,btc_qm_engine:btc_best_leading_zeros,20.0000000000
METRIC,2026-04-14T17:54:38Z,29444033846386,428,btc_qm_engine:btc_nx48_csv_saved,1.0000000000
METRIC,2026-04-14T17:54:38Z,29444045804091,428,btc_qm_engine:btc_ptmc_rep_hot,1.0000000000
METRIC,2026-04-14T17:54:38Z,29444045857771,428,btc_qm_engine:btc_ptmc_rep_cold,0.0000000000
METRIC,2026-04-14T17:54:38Z,29444045878651,428,btc_qm_engine:btc_ptmc_accept,0.5136174742
METRIC,2026-04-14T17:54:38Z,29444045904491,428,btc_qm_engine:btc_ptmc_rep_hot,2.0000000000
METRIC,2026-04-14T17:54:38Z,29444045923791,428,btc_qm_engine:btc_ptmc_rep_cold,1.0000000000
METRIC,2026-04-14T17:54:38Z,29444045942731,428,btc_qm_engine:btc_ptmc_accept,1.0000000000
METRIC,2026-04-14T17:54:38Z,29444045966701,428,btc_qm_engine:btc_ptmc_rep_hot,3.0000000000
METRIC,2026-04-14T17:54:38Z,29444045985471,428,btc_qm_engine:btc_ptmc_rep_cold,2.0000000000
METRIC,2026-04-14T17:54:38Z,29444046033211,428,btc_qm_engine:btc_ptmc_accept,0.8464931860
METRIC,2026-04-14T17:54:38Z,29444046060621,428,btc_qm_engine:btc_ptmc_rep_hot,4.0000000000
METRIC,2026-04-14T17:54:38Z,29444046079521,428,btc_qm_engine:btc_ptmc_rep_cold,3.0000000000
METRIC,2026-04-14T17:54:38Z,29444046098341,428,btc_qm_engine:btc_ptmc_accept,1.0000000000
METRIC,2026-04-14T17:54:38Z,29444046123571,428,btc_qm_engine:btc_ptmc_rep_hot,5.0000000000
METRIC,2026-04-14T17:54:38Z,29444046142281,428,btc_qm_engine:btc_ptmc_rep_cold,4.0000000000
METRIC,2026-04-14T17:54:38Z,29444046161211,428,btc_qm_engine:btc_ptmc_accept,1.0000000000
METRIC,2026-04-14T17:54:38Z,29444046186121,428,btc_qm_engine:btc_ptmc_rep_hot,6.0000000000
METRIC,2026-04-14T17:54:38Z,29444046217881,428,btc_qm_engine:btc_ptmc_rep_cold,5.0000000000
METRIC,2026-04-14T17:54:38Z,29444046241651,428,btc_qm_engine:btc_ptmc_accept,1.0000000000
METRIC,2026-04-14T17:54:38Z,29444046264201,428,btc_qm_engine:btc_ptmc_rep_hot,7.0000000000
METRIC,2026-04-14T17:54:38Z,29444046292551,428,btc_qm_engine:btc_ptmc_rep_cold,6.0000000000
METRIC,2026-04-14T17:54:38Z,29444046311491,428,btc_qm_engine:btc_ptmc_accept,0.9767450351
METRIC,2026-04-14T17:54:38Z,29444147996280,428,btc_qm_engine:btc_ptmc_rep_hot,1.0000000000
METRIC,2026-04-14T17:54:38Z,29444148118290,428,btc_qm_engine:btc_ptmc_rep_cold,0.0000000000
METRIC,2026-04-14T17:54:38Z,29444148139150,428,btc_qm_engine:btc_ptmc_accept,1.0000000000
METRIC,2026-04-14T17:54:38Z,29444148163510,428,btc_qm_engine:btc_ptmc_rep_hot,2.0000000000
METRIC,2026-04-14T17:54:38Z,29444148195670,428,btc_qm_engine:btc_ptmc_rep_cold,1.0000000000
METRIC,2026-04-14T17:54:38Z,29444148219290,428,btc_qm_engine:btc_ptmc_accept,1.0000000000
METRIC,2026-04-14T17:54:38Z,29444148248580,428,btc_qm_engine:btc_ptmc_rep_hot,3.0000000000
METRIC,2026-04-14T17:54:38Z,29444148298900,428,btc_qm_engine:btc_ptmc_rep_cold,2.0000000000
METRIC,2026-04-14T17:54:38Z,29444148318020,428,btc_qm_engine:btc_ptmc_accept,1.0000000000
METRIC,2026-04-14T17:54:38Z,29444148352300,428,btc_qm_engine:btc_ptmc_rep_hot,4.0000000000
METRIC,2026-04-14T17:54:38Z,29444148373730,428,btc_qm_engine:btc_ptmc_rep_cold,3.0000000000
METRIC,2026-04-14T17:54:38Z,29444148392390,428,btc_qm_engine:btc_ptmc_accept,1.0000000000
METRIC,2026-04-14T17:54:38Z,29444148416700,428,btc_qm_engine:btc_ptmc_rep_hot,5.0000000000
METRIC,2026-04-14T17:54:38Z,29444148435360,428,btc_qm_engine:btc_ptmc_rep_cold,4.0000000000
METRIC,2026-04-14T17:54:38Z,29444148454010,428,btc_qm_engine:btc_ptmc_accept,1.0000000000
METRIC,2026-04-14T17:54:38Z,29444148478430,428,btc_qm_engine:btc_ptmc_rep_hot,6.0000000000
METRIC,2026-04-14T17:54:38Z,29444148497100,428,btc_qm_engine:btc_ptmc_rep_cold,5.0000000000
METRIC,2026-04-14T17:54:38Z,29444148515790,428,btc_qm_engine:btc_ptmc_accept,1.0000000000
METRIC,2026-04-14T17:54:38Z,29444148543260,428,btc_qm_engine:btc_ptmc_rep_hot,7.0000000000
METRIC,2026-04-14T17:54:38Z,29444148562350,428,btc_qm_engine:btc_ptmc_rep_cold,6.0000000000
METRIC,2026-04-14T17:54:38Z,29444148580960,428,btc_qm_engine:btc_ptmc_accept,1.0000000000
METRIC,2026-04-14T17:54:38Z,29444256416096,428,btc_qm_engine:btc_ptmc_rep_hot,1.0000000000
METRIC,2026-04-14T17:54:38Z,29444256495436,428,btc_qm_engine:btc_ptmc_rep_cold,0.0000000000
METRIC,2026-04-14T17:54:38Z,29444256516096,428,btc_qm_engine:btc_ptmc_accept,-0.2635971381
METRIC,2026-04-14T17:54:38Z,29444256543386,428,btc_qm_engine:btc_ptmc_rep_hot,2.0000000000
METRIC,2026-04-14T17:54:38Z,29444256569156,428,btc_qm_engine:btc_ptmc_rep_cold,1.0000000000
METRIC,2026-04-14T17:54:38Z,29444256593796,428,btc_qm_engine:btc_ptmc_accept,-0.7165313106
METRIC,2026-04-14T17:54:38Z,29444256630146,428,btc_qm_engine:btc_ptmc_rep_hot,3.0000000000
METRIC,2026-04-14T17:54:38Z,29444256656715,428,btc_qm_engine:btc_ptmc_rep_cold,2.0000000000
METRIC,2026-04-14T17:54:38Z,29444256681395,428,btc_qm_engine:btc_ptmc_accept,1.0000000000
METRIC,2026-04-14T17:54:38Z,29444256714415,428,btc_qm_engine:btc_ptmc_rep_hot,4.0000000000
METRIC,2026-04-14T17:54:38Z,29444256739335,428,btc_qm_engine:btc_ptmc_rep_cold,3.0000000000
METRIC,2026-04-14T17:54:38Z,29444256764025,428,btc_qm_engine:btc_ptmc_accept,1.0000000000
METRIC,2026-04-14T17:54:38Z,29444256797975,428,btc_qm_engine:btc_ptmc_rep_hot,5.0000000000
METRIC,2026-04-14T17:54:38Z,29444256822825,428,btc_qm_engine:btc_ptmc_rep_cold,4.0000000000
METRIC,2026-04-14T17:54:38Z,29444256847235,428,btc_qm_engine:btc_ptmc_accept,1.0000000000
METRIC,2026-04-14T17:54:38Z,29444256879325,428,btc_qm_engine:btc_ptmc_rep_hot,6.0000000000
METRIC,2026-04-14T17:54:38Z,29444256903415,428,btc_qm_engine:btc_ptmc_rep_cold,5.0000000000
METRIC,2026-04-14T17:54:38Z,29444256927825,428,btc_qm_engine:btc_ptmc_accept,1.0000000000
METRIC,2026-04-14T17:54:38Z,29444256955775,428,btc_qm_engine:btc_ptmc_rep_hot,7.0000000000
METRIC,2026-04-14T17:54:38Z,29444256980175,428,btc_qm_engine:btc_ptmc_rep_cold,6.0000000000
METRIC,2026-04-14T17:54:38Z,29444257052625,428,btc_qm_engine:btc_ptmc_accept,1.0000000000
METRIC,2026-04-14T17:54:38Z,29444364995201,428,btc_qm_engine:btc_ptmc_rep_hot,1.0000000000
METRIC,2026-04-14T17:54:38Z,29444365156281,428,btc_qm_engine:btc_ptmc_rep_cold,0.0000000000
METRIC,2026-04-14T17:54:38Z,29444365182591,428,btc_qm_engine:btc_ptmc_accept,1.0000000000
METRIC,2026-04-14T17:54:38Z,29444365209501,428,btc_qm_engine:btc_ptmc_rep_hot,2.0000000000
METRIC,2026-04-14T17:54:38Z,29444365228741,428,btc_qm_engine:btc_ptmc_rep_cold,1.0000000000
METRIC,2026-04-14T17:54:38Z,29444365247601,428,btc_qm_engine:btc_ptmc_accept,1.0000000000
METRIC,2026-04-14T17:54:38Z,29444365271921,428,btc_qm_engine:btc_ptmc_rep_hot,3.0000000000
METRIC,2026-04-14T17:54:38Z,29444365295791,428,btc_qm_engine:btc_ptmc_rep_cold,2.0000000000
METRIC,2026-04-14T17:54:38Z,29444365314751,428,btc_qm_engine:btc_ptmc_accept,1.0000000000
METRIC,2026-04-14T17:54:38Z,29444365339071,428,btc_qm_engine:btc_ptmc_rep_hot,4.0000000000
METRIC,2026-04-14T17:54:38Z,29444365364251,428,btc_qm_engine:btc_ptmc_rep_cold,3.0000000000
METRIC,2026-04-14T17:54:38Z,29444365388081,428,btc_qm_engine:btc_ptmc_accept,1.0000000000
METRIC,2026-04-14T17:54:38Z,29444365414051,428,btc_qm_engine:btc_ptmc_rep_hot,5.0000000000
METRIC,2026-04-14T17:54:38Z,29444365438981,428,btc_qm_engine:btc_ptmc_rep_cold,4.0000000000
METRIC,2026-04-14T17:54:38Z,29444365463451,428,btc_qm_engine:btc_ptmc_accept,1.0000000000
METRIC,2026-04-14T17:54:38Z,29444365495091,428,btc_qm_engine:btc_ptmc_rep_hot,6.0000000000
METRIC,2026-04-14T17:54:38Z,29444365517791,428,btc_qm_engine:btc_ptmc_rep_cold,5.0000000000
METRIC,2026-04-14T17:54:38Z,29444365537711,428,btc_qm_engine:btc_ptmc_accept,1.0000000000
METRIC,2026-04-14T17:54:38Z,29444365559181,428,btc_qm_engine:btc_ptmc_rep_hot,7.0000000000
METRIC,2026-04-14T17:54:38Z,29444365578141,428,btc_qm_engine:btc_ptmc_rep_cold,6.0000000000
METRIC,2026-04-14T17:54:38Z,29444365597011,428,btc_qm_engine:btc_ptmc_accept,1.0000000000
METRIC,2026-04-14T17:54:38Z,29444492992909,428,btc_qm_engine:btc_ptmc_rep_hot,1.0000000000
METRIC,2026-04-14T17:54:38Z,29444493113419,428,btc_qm_engine:btc_ptmc_rep_cold,0.0000000000
METRIC,2026-04-14T17:54:38Z,29444493140129,428,btc_qm_engine:btc_ptmc_accept,0.5135063048
METRIC,2026-04-14T17:54:38Z,29444493173959,428,btc_qm_engine:btc_ptmc_rep_hot,2.0000000000
METRIC,2026-04-14T17:54:38Z,29444493200099,428,btc_qm_engine:btc_ptmc_rep_cold,1.0000000000
METRIC,2026-04-14T17:54:38Z,29444493224649,428,btc_qm_engine:btc_ptmc_accept,1.0000000000
METRIC,2026-04-14T17:54:38Z,29444493255919,428,btc_qm_engine:btc_ptmc_rep_hot,3.0000000000
METRIC,2026-04-14T17:54:38Z,29444493280469,428,btc_qm_engine:btc_ptmc_rep_cold,2.0000000000
METRIC,2026-04-14T17:54:38Z,29444493305189,428,btc_qm_engine:btc_ptmc_accept,-0.8464702621
METRIC,2026-04-14T17:54:38Z,29444493337419,428,btc_qm_engine:btc_ptmc_rep_hot,4.0000000000
METRIC,2026-04-14T17:54:38Z,29444493361659,428,btc_qm_engine:btc_ptmc_rep_cold,3.0000000000
METRIC,2026-04-14T17:54:38Z,29444493386149,428,btc_qm_engine:btc_ptmc_accept,1.0000000000
METRIC,2026-04-14T17:54:38Z,29444493418779,428,btc_qm_engine:btc_ptmc_rep_hot,5.0000000000
METRIC,2026-04-14T17:54:38Z,29444493442919,428,btc_qm_engine:btc_ptmc_rep_cold,4.0000000000
METRIC,2026-04-14T17:54:38Z,29444493463379,428,btc_qm_engine:btc_ptmc_accept,1.0000000000
METRIC,2026-04-14T17:54:38Z,29444493489859,428,btc_qm_engine:btc_ptmc_rep_hot,6.0000000000
METRIC,2026-04-14T17:54:38Z,29444493514979,428,btc_qm_engine:btc_ptmc_rep_cold,5.0000000000
METRIC,2026-04-14T17:54:38Z,29444493553749,428,btc_qm_engine:btc_ptmc_accept,1.0000000000
METRIC,2026-04-14T17:54:38Z,29444493585029,428,btc_qm_engine:btc_ptmc_rep_hot,7.0000000000
METRIC,2026-04-14T17:54:38Z,29444493610509,428,btc_qm_engine:btc_ptmc_rep_cold,6.0000000000
METRIC,2026-04-14T17:54:38Z,29444493635039,428,btc_qm_engine:btc_ptmc_accept,1.0000000000
METRIC,2026-04-14T17:54:38Z,29444600382855,428,btc_qm_engine:btc_ptmc_rep_hot,1.0000000000
METRIC,2026-04-14T17:54:38Z,29444600481555,428,btc_qm_engine:btc_ptmc_rep_cold,0.0000000000
METRIC,2026-04-14T17:54:38Z,29444600507725,428,btc_qm_engine:btc_ptmc_accept,1.0000000000
METRIC,2026-04-14T17:54:38Z,29444600544665,428,btc_qm_engine:btc_ptmc_rep_hot,2.0000000000
METRIC,2026-04-14T17:54:38Z,29444600569605,428,btc_qm_engine:btc_ptmc_rep_cold,1.0000000000
METRIC,2026-04-14T17:54:38Z,29444600630605,428,btc_qm_engine:btc_ptmc_accept,1.0000000000
METRIC,2026-04-14T17:54:38Z,29444600661865,428,btc_qm_engine:btc_ptmc_rep_hot,3.0000000000
METRIC,2026-04-14T17:54:38Z,29444600686675,428,btc_qm_engine:btc_ptmc_rep_cold,2.0000000000
METRIC,2026-04-14T17:54:38Z,29444600710155,428,btc_qm_engine:btc_ptmc_accept,1.0000000000
METRIC,2026-04-14T17:54:38Z,29444600735565,428,btc_qm_engine:btc_ptmc_rep_hot,4.0000000000
METRIC,2026-04-14T17:54:38Z,29444600761115,428,btc_qm_engine:btc_ptmc_rep_cold,3.0000000000
METRIC,2026-04-14T17:54:38Z,29444600784675,428,btc_qm_engine:btc_ptmc_accept,1.0000000000
METRIC,2026-04-14T17:54:38Z,29444600815355,428,btc_qm_engine:btc_ptmc_rep_hot,5.0000000000
METRIC,2026-04-14T17:54:38Z,29444600840705,428,btc_qm_engine:btc_ptmc_rep_cold,4.0000000000
METRIC,2026-04-14T17:54:38Z,29444600865535,428,btc_qm_engine:btc_ptmc_accept,1.0000000000
METRIC,2026-04-14T17:54:38Z,29444600898015,428,btc_qm_engine:btc_ptmc_rep_hot,6.0000000000
METRIC,2026-04-14T17:54:38Z,29444600922085,428,btc_qm_engine:btc_ptmc_rep_cold,5.0000000000
METRIC,2026-04-14T17:54:38Z,29444600946385,428,btc_qm_engine:btc_ptmc_accept,1.0000000000
METRIC,2026-04-14T17:54:38Z,29444600974225,428,btc_qm_engine:btc_ptmc_rep_hot,7.0000000000
METRIC,2026-04-14T17:54:38Z,29444600999095,428,btc_qm_engine:btc_ptmc_rep_cold,6.0000000000
METRIC,2026-04-14T17:54:38Z,29444601067115,428,btc_qm_engine:btc_ptmc_accept,1.0000000000
METRIC,2026-04-14T17:54:39Z,29444701406314,428,btc_qm_engine:btc_ptmc_rep_hot,1.0000000000
METRIC,2026-04-14T17:54:39Z,29444701504994,428,btc_qm_engine:btc_ptmc_rep_cold,0.0000000000
METRIC,2026-04-14T17:54:39Z,29444701531504,428,btc_qm_engine:btc_ptmc_accept,1.0000000000
METRIC,2026-04-14T17:54:39Z,29444701560274,428,btc_qm_engine:btc_ptmc_rep_hot,2.0000000000
METRIC,2026-04-14T17:54:39Z,29444701586084,428,btc_qm_engine:btc_ptmc_rep_cold,1.0000000000
METRIC,2026-04-14T17:54:39Z,29444701610584,428,btc_qm_engine:btc_ptmc_accept,1.0000000000
METRIC,2026-04-14T17:54:39Z,29444701641014,428,btc_qm_engine:btc_ptmc_rep_hot,3.0000000000
METRIC,2026-04-14T17:54:39Z,29444701665224,428,btc_qm_engine:btc_ptmc_rep_cold,2.0000000000
METRIC,2026-04-14T17:54:39Z,29444701690864,428,btc_qm_engine:btc_ptmc_accept,1.0000000000
METRIC,2026-04-14T17:54:39Z,29444701721164,428,btc_qm_engine:btc_ptmc_rep_hot,4.0000000000
METRIC,2026-04-14T17:54:39Z,29444701760794,428,btc_qm_engine:btc_ptmc_rep_cold,3.0000000000
METRIC,2026-04-14T17:54:39Z,29444701796254,428,btc_qm_engine:btc_ptmc_accept,1.0000000000
METRIC,2026-04-14T17:54:39Z,29444701829654,428,btc_qm_engine:btc_ptmc_rep_hot,5.0000000000
METRIC,2026-04-14T17:54:39Z,29444701855314,428,btc_qm_engine:btc_ptmc_rep_cold,4.0000000000
METRIC,2026-04-14T17:54:39Z,29444701879634,428,btc_qm_engine:btc_ptmc_accept,1.0000000000
METRIC,2026-04-14T17:54:39Z,29444701910694,428,btc_qm_engine:btc_ptmc_rep_hot,6.0000000000
METRIC,2026-04-14T17:54:39Z,29444701935284,428,btc_qm_engine:btc_ptmc_rep_cold,5.0000000000
METRIC,2026-04-14T17:54:39Z,29444701960174,428,btc_qm_engine:btc_ptmc_accept,1.0000000000
METRIC,2026-04-14T17:54:39Z,29444701986994,428,btc_qm_engine:btc_ptmc_rep_hot,7.0000000000
METRIC,2026-04-14T17:54:39Z,29444702064464,428,btc_qm_engine:btc_ptmc_rep_cold,6.0000000000
METRIC,2026-04-14T17:54:39Z,29444702089824,428,btc_qm_engine:btc_ptmc_accept,1.0000000000
METRIC,2026-04-14T17:54:39Z,29444804993802,428,btc_qm_engine:btc_ptmc_rep_hot,1.0000000000
METRIC,2026-04-14T17:54:39Z,29444805126932,428,btc_qm_engine:btc_ptmc_rep_cold,0.0000000000
METRIC,2026-04-14T17:54:39Z,29444805148132,428,btc_qm_engine:btc_ptmc_accept,1.0000000000
METRIC,2026-04-14T17:54:39Z,29444805172262,428,btc_qm_engine:btc_ptmc_rep_hot,2.0000000000
METRIC,2026-04-14T17:54:39Z,29444805191622,428,btc_qm_engine:btc_ptmc_rep_cold,1.0000000000
METRIC,2026-04-14T17:54:39Z,29444805210992,428,btc_qm_engine:btc_ptmc_accept,1.0000000000
METRIC,2026-04-14T17:54:39Z,29444805236282,428,btc_qm_engine:btc_ptmc_rep_hot,3.0000000000
METRIC,2026-04-14T17:54:39Z,29444805255372,428,btc_qm_engine:btc_ptmc_rep_cold,2.0000000000
METRIC,2026-04-14T17:54:39Z,29444805304202,428,btc_qm_engine:btc_ptmc_accept,1.0000000000
METRIC,2026-04-14T17:54:39Z,29444805329022,428,btc_qm_engine:btc_ptmc_rep_hot,4.0000000000
METRIC,2026-04-14T17:54:39Z,29444805348312,428,btc_qm_engine:btc_ptmc_rep_cold,3.0000000000
METRIC,2026-04-14T17:54:39Z,29444805367132,428,btc_qm_engine:btc_ptmc_accept,1.0000000000
METRIC,2026-04-14T17:54:39Z,29444805392252,428,btc_qm_engine:btc_ptmc_rep_hot,5.0000000000
METRIC,2026-04-14T17:54:39Z,29444805411202,428,btc_qm_engine:btc_ptmc_rep_cold,4.0000000000
METRIC,2026-04-14T17:54:39Z,29444805430182,428,btc_qm_engine:btc_ptmc_accept,1.0000000000
METRIC,2026-04-14T17:54:39Z,29444805455542,428,btc_qm_engine:btc_ptmc_rep_hot,6.0000000000
METRIC,2026-04-14T17:54:39Z,29444805474492,428,btc_qm_engine:btc_ptmc_rep_cold,5.0000000000
METRIC,2026-04-14T17:54:39Z,29444805493422,428,btc_qm_engine:btc_ptmc_accept,1.0000000000
METRIC,2026-04-14T17:54:39Z,29444805514872,428,btc_qm_engine:btc_ptmc_rep_hot,7.0000000000
METRIC,2026-04-14T17:54:39Z,29444805535022,428,btc_qm_engine:btc_ptmc_rep_cold,6.0000000000
METRIC,2026-04-14T17:54:39Z,29444805554122,428,btc_qm_engine:btc_ptmc_accept,1.0000000000
METRIC,2026-04-14T17:54:39Z,29444911429768,428,btc_qm_engine:btc_ptmc_rep_hot,1.0000000000
METRIC,2026-04-14T17:54:39Z,29444911524398,428,btc_qm_engine:btc_ptmc_rep_cold,0.0000000000
METRIC,2026-04-14T17:54:39Z,29444911556178,428,btc_qm_engine:btc_ptmc_accept,1.0000000000
METRIC,2026-04-14T17:54:39Z,29444911587318,428,btc_qm_engine:btc_ptmc_rep_hot,2.0000000000
METRIC,2026-04-14T17:54:39Z,29444911608838,428,btc_qm_engine:btc_ptmc_rep_cold,1.0000000000
METRIC,2026-04-14T17:54:39Z,29444911627588,428,btc_qm_engine:btc_ptmc_accept,0.7165624298
METRIC,2026-04-14T17:54:39Z,29444911652738,428,btc_qm_engine:btc_ptmc_rep_hot,3.0000000000
METRIC,2026-04-14T17:54:39Z,29444911671698,428,btc_qm_engine:btc_ptmc_rep_cold,2.0000000000
METRIC,2026-04-14T17:54:39Z,29444911690448,428,btc_qm_engine:btc_ptmc_accept,1.0000000000
METRIC,2026-04-14T17:54:39Z,29444911714278,428,btc_qm_engine:btc_ptmc_rep_hot,4.0000000000
METRIC,2026-04-14T17:54:39Z,29444911732918,428,btc_qm_engine:btc_ptmc_rep_cold,3.0000000000
METRIC,2026-04-14T17:54:39Z,29444911751518,428,btc_qm_engine:btc_ptmc_accept,1.0000000000
METRIC,2026-04-14T17:54:39Z,29444911776368,428,btc_qm_engine:btc_ptmc_rep_hot,5.0000000000
METRIC,2026-04-14T17:54:39Z,29444911795088,428,btc_qm_engine:btc_ptmc_rep_cold,4.0000000000
METRIC,2026-04-14T17:54:39Z,29444911813778,428,btc_qm_engine:btc_ptmc_accept,1.0000000000
METRIC,2026-04-14T17:54:39Z,29444911839298,428,btc_qm_engine:btc_ptmc_rep_hot,6.0000000000
METRIC,2026-04-14T17:54:39Z,29444911857908,428,btc_qm_engine:btc_ptmc_rep_cold,5.0000000000
METRIC,2026-04-14T17:54:39Z,29444911876538,428,btc_qm_engine:btc_ptmc_accept,0.9642900774
METRIC,2026-04-14T17:54:39Z,29444911897908,428,btc_qm_engine:btc_ptmc_rep_hot,7.0000000000
METRIC,2026-04-14T17:54:39Z,29444911916658,428,btc_qm_engine:btc_ptmc_rep_cold,6.0000000000
METRIC,2026-04-14T17:54:39Z,29444911935288,428,btc_qm_engine:btc_ptmc_accept,0.9767452464
METRIC,2026-04-14T17:54:39Z,29445017894935,428,btc_qm_engine:btc_ptmc_rep_hot,1.0000000000
METRIC,2026-04-14T17:54:39Z,29445017983875,428,btc_qm_engine:btc_ptmc_rep_cold,0.0000000000
METRIC,2026-04-14T17:54:39Z,29445018051755,428,btc_qm_engine:btc_ptmc_accept,1.0000000000
METRIC,2026-04-14T17:54:39Z,29445018084575,428,btc_qm_engine:btc_ptmc_rep_hot,2.0000000000
METRIC,2026-04-14T17:54:39Z,29445018109055,428,btc_qm_engine:btc_ptmc_rep_cold,1.0000000000
METRIC,2026-04-14T17:54:39Z,29445018132355,428,btc_qm_engine:btc_ptmc_accept,1.0000000000
METRIC,2026-04-14T17:54:39Z,29445018161645,428,btc_qm_engine:btc_ptmc_rep_hot,3.0000000000
METRIC,2026-04-14T17:54:39Z,29445018186115,428,btc_qm_engine:btc_ptmc_rep_cold,2.0000000000
METRIC,2026-04-14T17:54:39Z,29445018210525,428,btc_qm_engine:btc_ptmc_accept,1.0000000000
METRIC,2026-04-14T17:54:39Z,29445018239895,428,btc_qm_engine:btc_ptmc_rep_hot,4.0000000000
METRIC,2026-04-14T17:54:39Z,29445018265275,428,btc_qm_engine:btc_ptmc_rep_cold,3.0000000000
METRIC,2026-04-14T17:54:39Z,29445018326925,428,btc_qm_engine:btc_ptmc_accept,1.0000000000
METRIC,2026-04-14T17:54:39Z,29445018359505,428,btc_qm_engine:btc_ptmc_rep_hot,5.0000000000
METRIC,2026-04-14T17:54:39Z,29445018384085,428,btc_qm_engine:btc_ptmc_rep_cold,4.0000000000
METRIC,2026-04-14T17:54:39Z,29445018408385,428,btc_qm_engine:btc_ptmc_accept,1.0000000000
METRIC,2026-04-14T17:54:39Z,29445018439725,428,btc_qm_engine:btc_ptmc_rep_hot,6.0000000000
METRIC,2026-04-14T17:54:39Z,29445018463695,428,btc_qm_engine:btc_ptmc_rep_cold,5.0000000000
METRIC,2026-04-14T17:54:39Z,29445018487655,428,btc_qm_engine:btc_ptmc_accept,1.0000000000
METRIC,2026-04-14T17:54:39Z,29445018522715,428,btc_qm_engine:btc_ptmc_rep_hot,7.0000000000
METRIC,2026-04-14T17:54:39Z,29445018549825,428,btc_qm_engine:btc_ptmc_rep_cold,6.0000000000
METRIC,2026-04-14T17:54:39Z,29445018573955,428,btc_qm_engine:btc_ptmc_accept,1.0000000000
METRIC,2026-04-14T17:54:39Z,29445121315533,428,btc_qm_engine:btc_ptmc_rep_hot,1.0000000000
METRIC,2026-04-14T17:54:39Z,29445121404763,428,btc_qm_engine:btc_ptmc_rep_cold,0.0000000000
METRIC,2026-04-14T17:54:39Z,29445121430393,428,btc_qm_engine:btc_ptmc_accept,1.0000000000
METRIC,2026-04-14T17:54:39Z,29445121460513,428,btc_qm_engine:btc_ptmc_rep_hot,2.0000000000
METRIC,2026-04-14T17:54:39Z,29445121484873,428,btc_qm_engine:btc_ptmc_rep_cold,1.0000000000
METRIC,2026-04-14T17:54:39Z,29445121509163,428,btc_qm_engine:btc_ptmc_accept,1.0000000000
METRIC,2026-04-14T17:54:39Z,29445121545973,428,btc_qm_engine:btc_ptmc_rep_hot,3.0000000000
METRIC,2026-04-14T17:54:39Z,29445121569763,428,btc_qm_engine:btc_ptmc_rep_cold,2.0000000000
METRIC,2026-04-14T17:54:39Z,29445121594223,428,btc_qm_engine:btc_ptmc_accept,1.0000000000
METRIC,2026-04-14T17:54:39Z,29445121624063,428,btc_qm_engine:btc_ptmc_rep_hot,4.0000000000
METRIC,2026-04-14T17:54:39Z,29445121646703,428,btc_qm_engine:btc_ptmc_rep_cold,3.0000000000
METRIC,2026-04-14T17:54:39Z,29445121671933,428,btc_qm_engine:btc_ptmc_accept,1.0000000000
METRIC,2026-04-14T17:54:39Z,29445121698173,428,btc_qm_engine:btc_ptmc_rep_hot,5.0000000000
METRIC,2026-04-14T17:54:39Z,29445121721153,428,btc_qm_engine:btc_ptmc_rep_cold,4.0000000000
METRIC,2026-04-14T17:54:39Z,29445121744843,428,btc_qm_engine:btc_ptmc_accept,1.0000000000
METRIC,2026-04-14T17:54:39Z,29445121773853,428,btc_qm_engine:btc_ptmc_rep_hot,6.0000000000
METRIC,2026-04-14T17:54:39Z,29445121799953,428,btc_qm_engine:btc_ptmc_rep_cold,5.0000000000
METRIC,2026-04-14T17:54:39Z,29445121826233,428,btc_qm_engine:btc_ptmc_accept,1.0000000000
METRIC,2026-04-14T17:54:39Z,29445121856663,428,btc_qm_engine:btc_ptmc_rep_hot,7.0000000000
METRIC,2026-04-14T17:54:39Z,29445121879603,428,btc_qm_engine:btc_ptmc_rep_cold,6.0000000000
METRIC,2026-04-14T17:54:39Z,29445121901853,428,btc_qm_engine:btc_ptmc_accept,1.0000000000
METRIC,2026-04-14T17:54:39Z,29445222915812,428,btc_qm_engine:btc_ptmc_rep_hot,1.0000000000
METRIC,2026-04-14T17:54:39Z,29445223051801,428,btc_qm_engine:btc_ptmc_rep_cold,0.0000000000
METRIC,2026-04-14T17:54:39Z,29445223200851,428,btc_qm_engine:btc_ptmc_accept,-0.5135063048
METRIC,2026-04-14T17:54:39Z,29445223237081,428,btc_qm_engine:btc_ptmc_rep_hot,2.0000000000
METRIC,2026-04-14T17:54:39Z,29445223262231,428,btc_qm_engine:btc_ptmc_rep_cold,1.0000000000
METRIC,2026-04-14T17:54:39Z,29445223293141,428,btc_qm_engine:btc_ptmc_accept,1.0000000000
METRIC,2026-04-14T17:54:39Z,29445223321221,428,btc_qm_engine:btc_ptmc_rep_hot,3.0000000000
METRIC,2026-04-14T17:54:39Z,29445223345751,428,btc_qm_engine:btc_ptmc_rep_cold,2.0000000000
METRIC,2026-04-14T17:54:39Z,29445223370271,428,btc_qm_engine:btc_ptmc_accept,1.0000000000
METRIC,2026-04-14T17:54:39Z,29445223406201,428,btc_qm_engine:btc_ptmc_rep_hot,4.0000000000
METRIC,2026-04-14T17:54:39Z,29445223430501,428,btc_qm_engine:btc_ptmc_rep_cold,3.0000000000
METRIC,2026-04-14T17:54:39Z,29445223470461,428,btc_qm_engine:btc_ptmc_accept,1.0000000000
METRIC,2026-04-14T17:54:39Z,29445223512861,428,btc_qm_engine:btc_ptmc_rep_hot,5.0000000000
METRIC,2026-04-14T17:54:39Z,29445223537781,428,btc_qm_engine:btc_ptmc_rep_cold,4.0000000000
METRIC,2026-04-14T17:54:39Z,29445223578491,428,btc_qm_engine:btc_ptmc_accept,0.9394112740
METRIC,2026-04-14T17:54:39Z,29445223610621,428,btc_qm_engine:btc_ptmc_rep_hot,6.0000000000
METRIC,2026-04-14T17:54:39Z,29445223636531,428,btc_qm_engine:btc_ptmc_rep_cold,5.0000000000
METRIC,2026-04-14T17:54:39Z,29445223661121,428,btc_qm_engine:btc_ptmc_accept,0.9642889574
METRIC,2026-04-14T17:54:39Z,29445223689161,428,btc_qm_engine:btc_ptmc_rep_hot,7.0000000000
METRIC,2026-04-14T17:54:39Z,29445223715801,428,btc_qm_engine:btc_ptmc_rep_cold,6.0000000000
METRIC,2026-04-14T17:54:39Z,29445223736121,428,btc_qm_engine:btc_ptmc_accept,0.9767447714
METRIC,2026-04-14T17:54:39Z,29445330762018,428,btc_qm_engine:btc_ptmc_rep_hot,1.0000000000
METRIC,2026-04-14T17:54:39Z,29445330845938,428,btc_qm_engine:btc_ptmc_rep_cold,0.0000000000
METRIC,2026-04-14T17:54:39Z,29445330872368,428,btc_qm_engine:btc_ptmc_accept,1.0000000000
METRIC,2026-04-14T17:54:39Z,29445330902828,428,btc_qm_engine:btc_ptmc_rep_hot,2.0000000000
METRIC,2026-04-14T17:54:39Z,29445330927507,428,btc_qm_engine:btc_ptmc_rep_cold,1.0000000000
METRIC,2026-04-14T17:54:39Z,29445330950747,428,btc_qm_engine:btc_ptmc_accept,1.0000000000
METRIC,2026-04-14T17:54:39Z,29445330981017,428,btc_qm_engine:btc_ptmc_rep_hot,3.0000000000
METRIC,2026-04-14T17:54:39Z,29445331045457,428,btc_qm_engine:btc_ptmc_rep_cold,2.0000000000
METRIC,2026-04-14T17:54:39Z,29445331083637,428,btc_qm_engine:btc_ptmc_accept,1.0000000000
METRIC,2026-04-14T17:54:39Z,29445331126037,428,btc_qm_engine:btc_ptmc_rep_hot,4.0000000000
METRIC,2026-04-14T17:54:39Z,29445331151837,428,btc_qm_engine:btc_ptmc_rep_cold,3.0000000000
METRIC,2026-04-14T17:54:39Z,29445331176887,428,btc_qm_engine:btc_ptmc_accept,0.9048354550
METRIC,2026-04-14T17:54:39Z,29445331210427,428,btc_qm_engine:btc_ptmc_rep_hot,5.0000000000
METRIC,2026-04-14T17:54:39Z,29445331235067,428,btc_qm_engine:btc_ptmc_rep_cold,4.0000000000
METRIC,2026-04-14T17:54:39Z,29445331259717,428,btc_qm_engine:btc_ptmc_accept,1.0000000000
METRIC,2026-04-14T17:54:39Z,29445331291997,428,btc_qm_engine:btc_ptmc_rep_hot,6.0000000000
METRIC,2026-04-14T17:54:39Z,29445331316077,428,btc_qm_engine:btc_ptmc_rep_cold,5.0000000000
METRIC,2026-04-14T17:54:39Z,29445331340737,428,btc_qm_engine:btc_ptmc_accept,0.9642893023
METRIC,2026-04-14T17:54:39Z,29445331368327,428,btc_qm_engine:btc_ptmc_rep_hot,7.0000000000
METRIC,2026-04-14T17:54:39Z,29445331392957,428,btc_qm_engine:btc_ptmc_rep_cold,6.0000000000
METRIC,2026-04-14T17:54:39Z,29445331417397,428,btc_qm_engine:btc_ptmc_accept,1.0000000000
METRIC,2026-04-14T17:54:39Z,29445439544063,428,btc_qm_engine:btc_ptmc_rep_hot,1.0000000000
METRIC,2026-04-14T17:54:39Z,29445439635553,428,btc_qm_engine:btc_ptmc_rep_cold,0.0000000000
METRIC,2026-04-14T17:54:39Z,29445439661463,428,btc_qm_engine:btc_ptmc_accept,1.0000000000
METRIC,2026-04-14T17:54:39Z,29445439692473,428,btc_qm_engine:btc_ptmc_rep_hot,2.0000000000
METRIC,2026-04-14T17:54:39Z,29445439731503,428,btc_qm_engine:btc_ptmc_rep_cold,1.0000000000
METRIC,2026-04-14T17:54:39Z,29445439766743,428,btc_qm_engine:btc_ptmc_accept,0.7165485813
METRIC,2026-04-14T17:54:39Z,29445439800373,428,btc_qm_engine:btc_ptmc_rep_hot,3.0000000000
METRIC,2026-04-14T17:54:39Z,29445439825203,428,btc_qm_engine:btc_ptmc_rep_cold,2.0000000000
METRIC,2026-04-14T17:54:39Z,29445439849923,428,btc_qm_engine:btc_ptmc_accept,0.8464868258
METRIC,2026-04-14T17:54:39Z,29445439881943,428,btc_qm_engine:btc_ptmc_rep_hot,4.0000000000
METRIC,2026-04-14T17:54:39Z,29445439906373,428,btc_qm_engine:btc_ptmc_rep_cold,3.0000000000
METRIC,2026-04-14T17:54:39Z,29445439930513,428,btc_qm_engine:btc_ptmc_accept,-0.8187343053
METRIC,2026-04-14T17:54:39Z,29445439968843,428,btc_qm_engine:btc_ptmc_rep_hot,5.0000000000
METRIC,2026-04-14T17:54:39Z,29445439994033,428,btc_qm_engine:btc_ptmc_rep_cold,4.0000000000
METRIC,2026-04-14T17:54:39Z,29445440062873,428,btc_qm_engine:btc_ptmc_accept,1.0000000000
METRIC,2026-04-14T17:54:39Z,29445440091353,428,btc_qm_engine:btc_ptmc_rep_hot,6.0000000000
METRIC,2026-04-14T17:54:39Z,29445440116053,428,btc_qm_engine:btc_ptmc_rep_cold,5.0000000000
METRIC,2026-04-14T17:54:39Z,29445440157893,428,btc_qm_engine:btc_ptmc_accept,1.0000000000
METRIC,2026-04-14T17:54:39Z,29445440184763,428,btc_qm_engine:btc_ptmc_rep_hot,7.0000000000
METRIC,2026-04-14T17:54:39Z,29445440210043,428,btc_qm_engine:btc_ptmc_rep_cold,6.0000000000
METRIC,2026-04-14T17:54:39Z,29445440234683,428,btc_qm_engine:btc_ptmc_accept,1.0000000000
METRIC,2026-04-14T17:54:39Z,29445521263870,428,btc_qm_engine:btc_nx48_delta_nonce_old,50.0000000000
METRIC,2026-04-14T17:54:39Z,29445521357210,428,btc_qm_engine:btc_nx48_delta_nonce_new,50.0000000000
METRIC,2026-04-14T17:54:39Z,29445521384120,428,btc_qm_engine:btc_nx48_batch_old,4.0000000000
METRIC,2026-04-14T17:54:39Z,29445521409120,428,btc_qm_engine:btc_nx48_batch_new,4.0000000000
METRIC,2026-04-14T17:54:39Z,29445521433160,428,btc_qm_engine:btc_nx48_loss,0.3458489263
METRIC,2026-04-14T17:54:39Z,29445521458330,428,btc_qm_engine:btc_nx48_grad_norm,0.2463708272
METRIC,2026-04-14T17:54:39Z,29445521482930,428,btc_qm_engine:btc_nx48_update_count,1428.0000000000
METRIC,2026-04-14T17:54:39Z,29445521507780,428,btc_qm_engine:btc_nx48_exploration_bias,0.9789760000
METRIC,2026-04-14T17:54:39Z,29445521536370,428,btc_qm_engine:btc_hashrate_mhs,0.9895784970
METRIC,2026-04-14T17:54:39Z,29445521560990,428,btc_qm_engine:btc_hashrate_thread_id,0.0000000000
METRIC,2026-04-14T17:54:39Z,29445523208999,428,btc_qm_engine:btc_hashrate_mhs,0.9896332532
METRIC,2026-04-14T17:54:39Z,29445523298569,428,btc_qm_engine:btc_hashrate_thread_id,5.0000000000
METRIC,2026-04-14T17:54:39Z,29445524320859,428,btc_qm_engine:btc_hashrate_mhs,0.9901054240
METRIC,2026-04-14T17:54:39Z,29445524372619,428,btc_qm_engine:btc_hashrate_thread_id,4.0000000000
METRIC,2026-04-14T17:54:39Z,29445528625607,428,btc_qm_engine:btc_hashrate_mhs,0.9890042870
METRIC,2026-04-14T17:54:39Z,29445528671767,428,btc_qm_engine:btc_hashrate_thread_id,3.0000000000
METRIC,2026-04-14T17:54:39Z,29445529487077,428,btc_qm_engine:btc_hashrate_mhs,0.9895988117
METRIC,2026-04-14T17:54:39Z,29445529541286,428,btc_qm_engine:btc_hashrate_thread_id,2.0000000000
METRIC,2026-04-14T17:54:39Z,29445533599455,428,btc_qm_engine:btc_hashrate_mhs,0.9906279698
METRIC,2026-04-14T17:54:39Z,29445533700385,428,btc_qm_engine:btc_hashrate_thread_id,1.0000000000
METRIC,2026-04-14T17:54:39Z,29445542668701,428,btc_qm_engine:btc_ptmc_rep_hot,1.0000000000
METRIC,2026-04-14T17:54:39Z,29445542732541,428,btc_qm_engine:btc_ptmc_rep_cold,0.0000000000
METRIC,2026-04-14T17:54:39Z,29445542759781,428,btc_qm_engine:btc_ptmc_accept,1.0000000000
METRIC,2026-04-14T17:54:39Z,29445542789401,428,btc_qm_engine:btc_ptmc_rep_hot,2.0000000000
METRIC,2026-04-14T17:54:39Z,29445542816691,428,btc_qm_engine:btc_ptmc_rep_cold,1.0000000000
METRIC,2026-04-14T17:54:39Z,29445542841311,428,btc_qm_engine:btc_ptmc_accept,1.0000000000
METRIC,2026-04-14T17:54:39Z,29445542891201,428,btc_qm_engine:btc_ptmc_rep_hot,3.0000000000
METRIC,2026-04-14T17:54:39Z,29445542916171,428,btc_qm_engine:btc_ptmc_rep_cold,2.0000000000
METRIC,2026-04-14T17:54:39Z,29445542941921,428,btc_qm_engine:btc_ptmc_accept,1.0000000000
METRIC,2026-04-14T17:54:39Z,29445542973511,428,btc_qm_engine:btc_ptmc_rep_hot,4.0000000000
METRIC,2026-04-14T17:54:39Z,29445542998281,428,btc_qm_engine:btc_ptmc_rep_cold,3.0000000000
METRIC,2026-04-14T17:54:39Z,29445543066131,428,btc_qm_engine:btc_ptmc_accept,1.0000000000
METRIC,2026-04-14T17:54:39Z,29445543098901,428,btc_qm_engine:btc_ptmc_rep_hot,5.0000000000
METRIC,2026-04-14T17:54:39Z,29445543123521,428,btc_qm_engine:btc_ptmc_rep_cold,4.0000000000
METRIC,2026-04-14T17:54:39Z,29445543148351,428,btc_qm_engine:btc_ptmc_accept,1.0000000000
METRIC,2026-04-14T17:54:39Z,29445543180901,428,btc_qm_engine:btc_ptmc_rep_hot,6.0000000000
METRIC,2026-04-14T17:54:39Z,29445543205241,428,btc_qm_engine:btc_ptmc_rep_cold,5.0000000000
METRIC,2026-04-14T17:54:39Z,29445543229961,428,btc_qm_engine:btc_ptmc_accept,1.0000000000
METRIC,2026-04-14T17:54:39Z,29445543265141,428,btc_qm_engine:btc_ptmc_rep_hot,7.0000000000
METRIC,2026-04-14T17:54:39Z,29445543293131,428,btc_qm_engine:btc_ptmc_rep_cold,6.0000000000
METRIC,2026-04-14T17:54:39Z,29445543317721,428,btc_qm_engine:btc_ptmc_accept,1.0000000000
METRIC,2026-04-14T17:54:39Z,29445652831086,428,btc_qm_engine:btc_ptmc_rep_hot,1.0000000000
METRIC,2026-04-14T17:54:39Z,29445652916736,428,btc_qm_engine:btc_ptmc_rep_cold,0.0000000000
METRIC,2026-04-14T17:54:39Z,29445652943426,428,btc_qm_engine:btc_ptmc_accept,1.0000000000
METRIC,2026-04-14T17:54:39Z,29445652974106,428,btc_qm_engine:btc_ptmc_rep_hot,2.0000000000
METRIC,2026-04-14T17:54:39Z,29445652998896,428,btc_qm_engine:btc_ptmc_rep_cold,1.0000000000
METRIC,2026-04-14T17:54:39Z,29445653063096,428,btc_qm_engine:btc_ptmc_accept,1.0000000000
METRIC,2026-04-14T17:54:39Z,29445653094566,428,btc_qm_engine:btc_ptmc_rep_hot,3.0000000000
METRIC,2026-04-14T17:54:39Z,29445653119016,428,btc_qm_engine:btc_ptmc_rep_cold,2.0000000000
METRIC,2026-04-14T17:54:39Z,29445653144086,428,btc_qm_engine:btc_ptmc_accept,1.0000000000
METRIC,2026-04-14T17:54:39Z,29445653175646,428,btc_qm_engine:btc_ptmc_rep_hot,4.0000000000
METRIC,2026-04-14T17:54:39Z,29445653200116,428,btc_qm_engine:btc_ptmc_rep_cold,3.0000000000
METRIC,2026-04-14T17:54:39Z,29445653224676,428,btc_qm_engine:btc_ptmc_accept,1.0000000000
METRIC,2026-04-14T17:54:39Z,29445653270296,428,btc_qm_engine:btc_ptmc_rep_hot,5.0000000000
METRIC,2026-04-14T17:54:39Z,29445653309306,428,btc_qm_engine:btc_ptmc_rep_cold,4.0000000000
METRIC,2026-04-14T17:54:39Z,29445653339346,428,btc_qm_engine:btc_ptmc_accept,1.0000000000
METRIC,2026-04-14T17:54:39Z,29445653369966,428,btc_qm_engine:btc_ptmc_rep_hot,6.0000000000
METRIC,2026-04-14T17:54:39Z,29445653395036,428,btc_qm_engine:btc_ptmc_rep_cold,5.0000000000
METRIC,2026-04-14T17:54:39Z,29445653418896,428,btc_qm_engine:btc_ptmc_accept,1.0000000000
METRIC,2026-04-14T17:54:39Z,29445653445116,428,btc_qm_engine:btc_ptmc_rep_hot,7.0000000000
METRIC,2026-04-14T17:54:39Z,29445653469416,428,btc_qm_engine:btc_ptmc_rep_cold,6.0000000000
METRIC,2026-04-14T17:54:39Z,29445653493426,428,btc_qm_engine:btc_ptmc_accept,1.0000000000
METRIC,2026-04-14T17:54:40Z,29445758944693,428,btc_qm_engine:btc_ptmc_rep_hot,1.0000000000
METRIC,2026-04-14T17:54:40Z,29445759064863,428,btc_qm_engine:btc_ptmc_rep_cold,0.0000000000
METRIC,2026-04-14T17:54:40Z,29445759091843,428,btc_qm_engine:btc_ptmc_accept,1.0000000000
METRIC,2026-04-14T17:54:40Z,29445759123713,428,btc_qm_engine:btc_ptmc_rep_hot,2.0000000000
METRIC,2026-04-14T17:54:40Z,29445759148363,428,btc_qm_engine:btc_ptmc_rep_cold,1.0000000000
METRIC,2026-04-14T17:54:40Z,29445759173013,428,btc_qm_engine:btc_ptmc_accept,1.0000000000
METRIC,2026-04-14T17:54:40Z,29445759207173,428,btc_qm_engine:btc_ptmc_rep_hot,3.0000000000
METRIC,2026-04-14T17:54:40Z,29445759231403,428,btc_qm_engine:btc_ptmc_rep_cold,2.0000000000
METRIC,2026-04-14T17:54:40Z,29445759256033,428,btc_qm_engine:btc_ptmc_accept,1.0000000000
METRIC,2026-04-14T17:54:40Z,29445759287913,428,btc_qm_engine:btc_ptmc_rep_hot,4.0000000000
METRIC,2026-04-14T17:54:40Z,29445759334363,428,btc_qm_engine:btc_ptmc_rep_cold,3.0000000000
METRIC,2026-04-14T17:54:40Z,29445759358023,428,btc_qm_engine:btc_ptmc_accept,1.0000000000
METRIC,2026-04-14T17:54:40Z,29445759388683,428,btc_qm_engine:btc_ptmc_rep_hot,5.0000000000
METRIC,2026-04-14T17:54:40Z,29445759414393,428,btc_qm_engine:btc_ptmc_rep_cold,4.0000000000
METRIC,2026-04-14T17:54:40Z,29445759438223,428,btc_qm_engine:btc_ptmc_accept,1.0000000000
METRIC,2026-04-14T17:54:40Z,29445759468913,428,btc_qm_engine:btc_ptmc_rep_hot,6.0000000000
METRIC,2026-04-14T17:54:40Z,29445759494783,428,btc_qm_engine:btc_ptmc_rep_cold,5.0000000000
METRIC,2026-04-14T17:54:40Z,29445759519853,428,btc_qm_engine:btc_ptmc_accept,1.0000000000
METRIC,2026-04-14T17:54:40Z,29445759552933,428,btc_qm_engine:btc_ptmc_rep_hot,7.0000000000
METRIC,2026-04-14T17:54:40Z,29445759578023,428,btc_qm_engine:btc_ptmc_rep_cold,6.0000000000
METRIC,2026-04-14T17:54:40Z,29445759603333,428,btc_qm_engine:btc_ptmc_accept,1.0000000000
METRIC,2026-04-14T17:54:40Z,29445867344819,428,btc_qm_engine:btc_ptmc_rep_hot,1.0000000000
METRIC,2026-04-14T17:54:40Z,29445867430289,428,btc_qm_engine:btc_ptmc_rep_cold,0.0000000000
METRIC,2026-04-14T17:54:40Z,29445867455759,428,btc_qm_engine:btc_ptmc_accept,-0.0694834512
METRIC,2026-04-14T17:54:40Z,29445867487239,428,btc_qm_engine:btc_ptmc_rep_hot,2.0000000000
METRIC,2026-04-14T17:54:40Z,29445867512339,428,btc_qm_engine:btc_ptmc_rep_cold,1.0000000000
METRIC,2026-04-14T17:54:40Z,29445867549929,428,btc_qm_engine:btc_ptmc_accept,1.0000000000
METRIC,2026-04-14T17:54:40Z,29445867582379,428,btc_qm_engine:btc_ptmc_rep_hot,3.0000000000
METRIC,2026-04-14T17:54:40Z,29445867601689,428,btc_qm_engine:btc_ptmc_rep_cold,2.0000000000
METRIC,2026-04-14T17:54:40Z,29445867620429,428,btc_qm_engine:btc_ptmc_accept,1.0000000000
METRIC,2026-04-14T17:54:40Z,29445867642399,428,btc_qm_engine:btc_ptmc_rep_hot,4.0000000000
METRIC,2026-04-14T17:54:40Z,29445867661099,428,btc_qm_engine:btc_ptmc_rep_cold,3.0000000000
METRIC,2026-04-14T17:54:40Z,29445867679749,428,btc_qm_engine:btc_ptmc_accept,1.0000000000
METRIC,2026-04-14T17:54:40Z,29445867701959,428,btc_qm_engine:btc_ptmc_rep_hot,5.0000000000
METRIC,2026-04-14T17:54:40Z,29445867720789,428,btc_qm_engine:btc_ptmc_rep_cold,4.0000000000
METRIC,2026-04-14T17:54:40Z,29445867739449,428,btc_qm_engine:btc_ptmc_accept,1.0000000000
METRIC,2026-04-14T17:54:40Z,29445867763719,428,btc_qm_engine:btc_ptmc_rep_hot,6.0000000000
METRIC,2026-04-14T17:54:40Z,29445867782739,428,btc_qm_engine:btc_ptmc_rep_cold,5.0000000000
METRIC,2026-04-14T17:54:40Z,29445867801299,428,btc_qm_engine:btc_ptmc_accept,1.0000000000
METRIC,2026-04-14T17:54:40Z,29445867820189,428,btc_qm_engine:btc_ptmc_rep_hot,7.0000000000
METRIC,2026-04-14T17:54:40Z,29445867838819,428,btc_qm_engine:btc_ptmc_rep_cold,6.0000000000
METRIC,2026-04-14T17:54:40Z,29445867857549,428,btc_qm_engine:btc_ptmc_accept,1.0000000000
METRIC,2026-04-14T17:54:40Z,29445987841220,428,btc_qm_engine:btc_ptmc_rep_hot,1.0000000000
METRIC,2026-04-14T17:54:40Z,29445987926470,428,btc_qm_engine:btc_ptmc_rep_cold,0.0000000000
METRIC,2026-04-14T17:54:40Z,29445987953000,428,btc_qm_engine:btc_ptmc_accept,0.5135063048
METRIC,2026-04-14T17:54:40Z,29445987985400,428,btc_qm_engine:btc_ptmc_rep_hot,2.0000000000
METRIC,2026-04-14T17:54:40Z,29445988026270,428,btc_qm_engine:btc_ptmc_rep_cold,1.0000000000
METRIC,2026-04-14T17:54:40Z,29445988051510,428,btc_qm_engine:btc_ptmc_accept,0.5133614969
METRIC,2026-04-14T17:54:40Z,29445988089120,428,btc_qm_engine:btc_ptmc_rep_hot,3.0000000000
METRIC,2026-04-14T17:54:40Z,29445988113850,428,btc_qm_engine:btc_ptmc_rep_cold,2.0000000000
METRIC,2026-04-14T17:54:40Z,29445988138420,428,btc_qm_engine:btc_ptmc_accept,1.0000000000
METRIC,2026-04-14T17:54:40Z,29445988170879,428,btc_qm_engine:btc_ptmc_rep_hot,4.0000000000
METRIC,2026-04-14T17:54:40Z,29445988195439,428,btc_qm_engine:btc_ptmc_rep_cold,3.0000000000
METRIC,2026-04-14T17:54:40Z,29445988220089,428,btc_qm_engine:btc_ptmc_accept,0.8187227707
METRIC,2026-04-14T17:54:40Z,29445988248639,428,btc_qm_engine:btc_ptmc_rep_hot,5.0000000000
METRIC,2026-04-14T17:54:40Z,29445988309679,428,btc_qm_engine:btc_ptmc_rep_cold,4.0000000000
METRIC,2026-04-14T17:54:40Z,29445988329009,428,btc_qm_engine:btc_ptmc_accept,0.9394112740
METRIC,2026-04-14T17:54:40Z,29445988353989,428,btc_qm_engine:btc_ptmc_rep_hot,6.0000000000
METRIC,2026-04-14T17:54:40Z,29445988379569,428,btc_qm_engine:btc_ptmc_rep_cold,5.0000000000
METRIC,2026-04-14T17:54:40Z,29445988404229,428,btc_qm_engine:btc_ptmc_accept,0.9298531933
METRIC,2026-04-14T17:54:40Z,29445988432699,428,btc_qm_engine:btc_ptmc_rep_hot,7.0000000000
METRIC,2026-04-14T17:54:40Z,29445988457819,428,btc_qm_engine:btc_ptmc_rep_cold,6.0000000000
METRIC,2026-04-14T17:54:40Z,29445988490499,428,btc_qm_engine:btc_ptmc_accept,0.9540303485
METRIC,2026-04-14T17:54:40Z,29446088991948,428,btc_qm_engine:btc_ptmc_rep_hot,1.0000000000
METRIC,2026-04-14T17:54:40Z,29446089109178,428,btc_qm_engine:btc_ptmc_rep_cold,0.0000000000
METRIC,2026-04-14T17:54:40Z,29446089135798,428,btc_qm_engine:btc_ptmc_accept,0.5136174742
METRIC,2026-04-14T17:54:40Z,29446089168338,428,btc_qm_engine:btc_ptmc_rep_hot,2.0000000000
METRIC,2026-04-14T17:54:40Z,29446089193308,428,btc_qm_engine:btc_ptmc_rep_cold,1.0000000000
METRIC,2026-04-14T17:54:40Z,29446089217728,428,btc_qm_engine:btc_ptmc_accept,1.0000000000
METRIC,2026-04-14T17:54:40Z,29446089248738,428,btc_qm_engine:btc_ptmc_rep_hot,3.0000000000
METRIC,2026-04-14T17:54:40Z,29446089273078,428,btc_qm_engine:btc_ptmc_rep_cold,2.0000000000
METRIC,2026-04-14T17:54:40Z,29446089296328,428,btc_qm_engine:btc_ptmc_accept,1.0000000000
METRIC,2026-04-14T17:54:40Z,29446089322258,428,btc_qm_engine:btc_ptmc_rep_hot,4.0000000000
METRIC,2026-04-14T17:54:40Z,29446089347658,428,btc_qm_engine:btc_ptmc_rep_cold,3.0000000000
METRIC,2026-04-14T17:54:40Z,29446089369948,428,btc_qm_engine:btc_ptmc_accept,1.0000000000
METRIC,2026-04-14T17:54:40Z,29446089396178,428,btc_qm_engine:btc_ptmc_rep_hot,5.0000000000
METRIC,2026-04-14T17:54:40Z,29446089421158,428,btc_qm_engine:btc_ptmc_rep_cold,4.0000000000
METRIC,2026-04-14T17:54:40Z,29446089444898,428,btc_qm_engine:btc_ptmc_accept,1.0000000000
METRIC,2026-04-14T17:54:40Z,29446089476948,428,btc_qm_engine:btc_ptmc_rep_hot,6.0000000000
METRIC,2026-04-14T17:54:40Z,29446089500998,428,btc_qm_engine:btc_ptmc_rep_cold,5.0000000000
METRIC,2026-04-14T17:54:40Z,29446089525388,428,btc_qm_engine:btc_ptmc_accept,0.9642893023
METRIC,2026-04-14T17:54:40Z,29446089553638,428,btc_qm_engine:btc_ptmc_rep_hot,7.0000000000
METRIC,2026-04-14T17:54:40Z,29446089577668,428,btc_qm_engine:btc_ptmc_rep_cold,6.0000000000
METRIC,2026-04-14T17:54:40Z,29446089602018,428,btc_qm_engine:btc_ptmc_accept,1.0000000000
METRIC,2026-04-14T17:54:40Z,29446196403865,428,btc_qm_engine:btc_ptmc_rep_hot,1.0000000000
METRIC,2026-04-14T17:54:40Z,29446196471575,428,btc_qm_engine:btc_ptmc_rep_cold,0.0000000000
METRIC,2026-04-14T17:54:40Z,29446196491515,428,btc_qm_engine:btc_ptmc_accept,1.0000000000
METRIC,2026-04-14T17:54:40Z,29446196516155,428,btc_qm_engine:btc_ptmc_rep_hot,2.0000000000
METRIC,2026-04-14T17:54:40Z,29446196539005,428,btc_qm_engine:btc_ptmc_rep_cold,1.0000000000
METRIC,2026-04-14T17:54:40Z,29446196556935,428,btc_qm_engine:btc_ptmc_accept,0.7165485813
METRIC,2026-04-14T17:54:40Z,29446196581745,428,btc_qm_engine:btc_ptmc_rep_hot,3.0000000000
METRIC,2026-04-14T17:54:40Z,29446196599815,428,btc_qm_engine:btc_ptmc_rep_cold,2.0000000000
METRIC,2026-04-14T17:54:40Z,29446196623515,428,btc_qm_engine:btc_ptmc_accept,0.8464868258
METRIC,2026-04-14T17:54:40Z,29446196654025,428,btc_qm_engine:btc_ptmc_rep_hot,4.0000000000
METRIC,2026-04-14T17:54:40Z,29446196677485,428,btc_qm_engine:btc_ptmc_rep_cold,3.0000000000
METRIC,2026-04-14T17:54:40Z,29446196695435,428,btc_qm_engine:btc_ptmc_accept,0.9048393810
METRIC,2026-04-14T17:54:40Z,29446196719505,428,btc_qm_engine:btc_ptmc_rep_hot,5.0000000000
METRIC,2026-04-14T17:54:40Z,29446196745825,428,btc_qm_engine:btc_ptmc_rep_cold,4.0000000000
METRIC,2026-04-14T17:54:40Z,29446196766855,428,btc_qm_engine:btc_ptmc_accept,1.0000000000
METRIC,2026-04-14T17:54:40Z,29446196790725,428,btc_qm_engine:btc_ptmc_rep_hot,6.0000000000
METRIC,2026-04-14T17:54:40Z,29446196821605,428,btc_qm_engine:btc_ptmc_rep_cold,5.0000000000
METRIC,2026-04-14T17:54:40Z,29446196839505,428,btc_qm_engine:btc_ptmc_accept,1.0000000000
METRIC,2026-04-14T17:54:40Z,29446196859944,428,btc_qm_engine:btc_ptmc_rep_hot,7.0000000000
METRIC,2026-04-14T17:54:40Z,29446196877814,428,btc_qm_engine:btc_ptmc_rep_cold,6.0000000000
METRIC,2026-04-14T17:54:40Z,29446196896044,428,btc_qm_engine:btc_ptmc_accept,1.0000000000
METRIC,2026-04-14T17:54:40Z,29446298176503,428,btc_qm_engine:btc_ptmc_rep_hot,1.0000000000
METRIC,2026-04-14T17:54:40Z,29446298265043,428,btc_qm_engine:btc_ptmc_rep_cold,0.0000000000
METRIC,2026-04-14T17:54:40Z,29446298292893,428,btc_qm_engine:btc_ptmc_accept,1.0000000000
METRIC,2026-04-14T17:54:40Z,29446298323383,428,btc_qm_engine:btc_ptmc_rep_hot,2.0000000000
METRIC,2026-04-14T17:54:40Z,29446298342573,428,btc_qm_engine:btc_ptmc_rep_cold,1.0000000000
METRIC,2026-04-14T17:54:40Z,29446298362033,428,btc_qm_engine:btc_ptmc_accept,1.0000000000
METRIC,2026-04-14T17:54:40Z,29446298395083,428,btc_qm_engine:btc_ptmc_rep_hot,3.0000000000
METRIC,2026-04-14T17:54:40Z,29446298418653,428,btc_qm_engine:btc_ptmc_rep_cold,2.0000000000
METRIC,2026-04-14T17:54:40Z,29446298437693,428,btc_qm_engine:btc_ptmc_accept,1.0000000000
METRIC,2026-04-14T17:54:40Z,29446298461643,428,btc_qm_engine:btc_ptmc_rep_hot,4.0000000000
METRIC,2026-04-14T17:54:40Z,29446298480323,428,btc_qm_engine:btc_ptmc_rep_cold,3.0000000000
METRIC,2026-04-14T17:54:40Z,29446298499003,428,btc_qm_engine:btc_ptmc_accept,1.0000000000
METRIC,2026-04-14T17:54:40Z,29446298521503,428,btc_qm_engine:btc_ptmc_rep_hot,5.0000000000
METRIC,2026-04-14T17:54:40Z,29446298545103,428,btc_qm_engine:btc_ptmc_rep_cold,4.0000000000
METRIC,2026-04-14T17:54:40Z,29446298563813,428,btc_qm_engine:btc_ptmc_accept,0.9394148515
METRIC,2026-04-14T17:54:40Z,29446298594073,428,btc_qm_engine:btc_ptmc_rep_hot,6.0000000000
METRIC,2026-04-14T17:54:40Z,29446298613043,428,btc_qm_engine:btc_ptmc_rep_cold,5.0000000000
METRIC,2026-04-14T17:54:40Z,29446298631813,428,btc_qm_engine:btc_ptmc_accept,1.0000000000
METRIC,2026-04-14T17:54:40Z,29446298653023,428,btc_qm_engine:btc_ptmc_rep_hot,7.0000000000
METRIC,2026-04-14T17:54:40Z,29446298671643,428,btc_qm_engine:btc_ptmc_rep_cold,6.0000000000
METRIC,2026-04-14T17:54:40Z,29446298690363,428,btc_qm_engine:btc_ptmc_accept,1.0000000000
METRIC,2026-04-14T17:54:40Z,29446403404530,428,btc_qm_engine:btc_ptmc_rep_hot,1.0000000000
METRIC,2026-04-14T17:54:40Z,29446403514910,428,btc_qm_engine:btc_ptmc_rep_cold,0.0000000000
METRIC,2026-04-14T17:54:40Z,29446403541690,428,btc_qm_engine:btc_ptmc_accept,1.0000000000
METRIC,2026-04-14T17:54:40Z,29446403572040,428,btc_qm_engine:btc_ptmc_rep_hot,2.0000000000
METRIC,2026-04-14T17:54:40Z,29446403596710,428,btc_qm_engine:btc_ptmc_rep_cold,1.0000000000
METRIC,2026-04-14T17:54:40Z,29446403621110,428,btc_qm_engine:btc_ptmc_accept,1.0000000000
METRIC,2026-04-14T17:54:40Z,29446403666210,428,btc_qm_engine:btc_ptmc_rep_hot,3.0000000000
METRIC,2026-04-14T17:54:40Z,29446403700830,428,btc_qm_engine:btc_ptmc_rep_cold,2.0000000000
METRIC,2026-04-14T17:54:40Z,29446403725410,428,btc_qm_engine:btc_ptmc_accept,1.0000000000
METRIC,2026-04-14T17:54:40Z,29446403757370,428,btc_qm_engine:btc_ptmc_rep_hot,4.0000000000
METRIC,2026-04-14T17:54:40Z,29446403781480,428,btc_qm_engine:btc_ptmc_rep_cold,3.0000000000
METRIC,2026-04-14T17:54:40Z,29446403805960,428,btc_qm_engine:btc_ptmc_accept,1.0000000000
METRIC,2026-04-14T17:54:40Z,29446403838060,428,btc_qm_engine:btc_ptmc_rep_hot,5.0000000000
METRIC,2026-04-14T17:54:40Z,29446403862570,428,btc_qm_engine:btc_ptmc_rep_cold,4.0000000000
METRIC,2026-04-14T17:54:40Z,29446403885190,428,btc_qm_engine:btc_ptmc_accept,1.0000000000
METRIC,2026-04-14T17:54:40Z,29446403916270,428,btc_qm_engine:btc_ptmc_rep_hot,6.0000000000
METRIC,2026-04-14T17:54:40Z,29446403940580,428,btc_qm_engine:btc_ptmc_rep_cold,5.0000000000
METRIC,2026-04-14T17:54:40Z,29446403964920,428,btc_qm_engine:btc_ptmc_accept,1.0000000000
METRIC,2026-04-14T17:54:40Z,29446403993420,428,btc_qm_engine:btc_ptmc_rep_hot,7.0000000000
METRIC,2026-04-14T17:54:40Z,29446404051730,428,btc_qm_engine:btc_ptmc_rep_cold,6.0000000000
METRIC,2026-04-14T17:54:40Z,29446404080210,428,btc_qm_engine:btc_ptmc_accept,1.0000000000
METRIC,2026-04-14T17:54:40Z,29446510944146,428,btc_qm_engine:btc_ptmc_rep_hot,1.0000000000
METRIC,2026-04-14T17:54:40Z,29446511064006,428,btc_qm_engine:btc_ptmc_rep_cold,0.0000000000
METRIC,2026-04-14T17:54:40Z,29446511091656,428,btc_qm_engine:btc_ptmc_accept,1.0000000000
METRIC,2026-04-14T17:54:40Z,29446511125006,428,btc_qm_engine:btc_ptmc_rep_hot,2.0000000000
METRIC,2026-04-14T17:54:40Z,29446511150436,428,btc_qm_engine:btc_ptmc_rep_cold,1.0000000000
METRIC,2026-04-14T17:54:40Z,29446511173276,428,btc_qm_engine:btc_ptmc_accept,0.7165313106
METRIC,2026-04-14T17:54:40Z,29446511203956,428,btc_qm_engine:btc_ptmc_rep_hot,3.0000000000
METRIC,2026-04-14T17:54:40Z,29446511230616,428,btc_qm_engine:btc_ptmc_rep_cold,2.0000000000
METRIC,2026-04-14T17:54:40Z,29446511255476,428,btc_qm_engine:btc_ptmc_accept,0.8464817249
METRIC,2026-04-14T17:54:40Z,29446511292066,428,btc_qm_engine:btc_ptmc_rep_hot,4.0000000000
METRIC,2026-04-14T17:54:40Z,29446511317026,428,btc_qm_engine:btc_ptmc_rep_cold,3.0000000000
METRIC,2026-04-14T17:54:40Z,29446511341916,428,btc_qm_engine:btc_ptmc_accept,0.7408182207
METRIC,2026-04-14T17:54:40Z,29446511374226,428,btc_qm_engine:btc_ptmc_rep_hot,5.0000000000
METRIC,2026-04-14T17:54:40Z,29446511398926,428,btc_qm_engine:btc_ptmc_rep_cold,4.0000000000
METRIC,2026-04-14T17:54:40Z,29446511423546,428,btc_qm_engine:btc_ptmc_accept,0.8824969026
METRIC,2026-04-14T17:54:40Z,29446511455786,428,btc_qm_engine:btc_ptmc_rep_hot,6.0000000000
METRIC,2026-04-14T17:54:40Z,29446511480246,428,btc_qm_engine:btc_ptmc_rep_cold,5.0000000000
METRIC,2026-04-14T17:54:40Z,29446511504576,428,btc_qm_engine:btc_ptmc_accept,0.9298543921
METRIC,2026-04-14T17:54:40Z,29446511535816,428,btc_qm_engine:btc_ptmc_rep_hot,7.0000000000
METRIC,2026-04-14T17:54:40Z,29446511560296,428,btc_qm_engine:btc_ptmc_rep_cold,6.0000000000
METRIC,2026-04-14T17:54:40Z,29446511584576,428,btc_qm_engine:btc_ptmc_accept,0.9318455142
METRIC,2026-04-14T17:54:40Z,29446613329835,428,btc_qm_engine:btc_ptmc_rep_hot,1.0000000000
METRIC,2026-04-14T17:54:40Z,29446613456074,428,btc_qm_engine:btc_ptmc_rep_cold,0.0000000000
METRIC,2026-04-14T17:54:40Z,29446613482894,428,btc_qm_engine:btc_ptmc_accept,-0.5134171190
METRIC,2026-04-14T17:54:40Z,29446613515204,428,btc_qm_engine:btc_ptmc_rep_hot,2.0000000000
METRIC,2026-04-14T17:54:40Z,29446613540894,428,btc_qm_engine:btc_ptmc_rep_cold,1.0000000000
METRIC,2026-04-14T17:54:40Z,29446613565634,428,btc_qm_engine:btc_ptmc_accept,1.0000000000
METRIC,2026-04-14T17:54:40Z,29446613598164,428,btc_qm_engine:btc_ptmc_rep_hot,3.0000000000
METRIC,2026-04-14T17:54:40Z,29446613637594,428,btc_qm_engine:btc_ptmc_rep_cold,2.0000000000
METRIC,2026-04-14T17:54:40Z,29446613666674,428,btc_qm_engine:btc_ptmc_accept,1.0000000000
METRIC,2026-04-14T17:54:40Z,29446613700364,428,btc_qm_engine:btc_ptmc_rep_hot,4.0000000000
METRIC,2026-04-14T17:54:40Z,29446613724884,428,btc_qm_engine:btc_ptmc_rep_cold,3.0000000000
METRIC,2026-04-14T17:54:40Z,29446613748044,428,btc_qm_engine:btc_ptmc_accept,1.0000000000
METRIC,2026-04-14T17:54:40Z,29446613778614,428,btc_qm_engine:btc_ptmc_rep_hot,5.0000000000
METRIC,2026-04-14T17:54:40Z,29446613804054,428,btc_qm_engine:btc_ptmc_rep_cold,4.0000000000
METRIC,2026-04-14T17:54:40Z,29446613827984,428,btc_qm_engine:btc_ptmc_accept,1.0000000000
METRIC,2026-04-14T17:54:40Z,29446613858854,428,btc_qm_engine:btc_ptmc_rep_hot,6.0000000000
METRIC,2026-04-14T17:54:40Z,29446613883684,428,btc_qm_engine:btc_ptmc_rep_cold,5.0000000000
METRIC,2026-04-14T17:54:40Z,29446613908224,428,btc_qm_engine:btc_ptmc_accept,0.9642890805
METRIC,2026-04-14T17:54:40Z,29446613936054,428,btc_qm_engine:btc_ptmc_rep_hot,7.0000000000
METRIC,2026-04-14T17:54:40Z,29446613959934,428,btc_qm_engine:btc_ptmc_rep_cold,6.0000000000
METRIC,2026-04-14T17:54:40Z,29446613984394,428,btc_qm_engine:btc_ptmc_accept,1.0000000000
METRIC,2026-04-14T17:54:41Z,29446719581331,428,btc_qm_engine:btc_ptmc_rep_hot,1.0000000000
METRIC,2026-04-14T17:54:41Z,29446719672871,428,btc_qm_engine:btc_ptmc_rep_cold,0.0000000000
METRIC,2026-04-14T17:54:41Z,29446719693721,428,btc_qm_engine:btc_ptmc_accept,-0.5135063048
METRIC,2026-04-14T17:54:41Z,29446719719571,428,btc_qm_engine:btc_ptmc_rep_hot,2.0000000000
METRIC,2026-04-14T17:54:41Z,29446719738981,428,btc_qm_engine:btc_ptmc_rep_cold,1.0000000000
METRIC,2026-04-14T17:54:41Z,29446719757831,428,btc_qm_engine:btc_ptmc_accept,1.0000000000
METRIC,2026-04-14T17:54:41Z,29446719779371,428,btc_qm_engine:btc_ptmc_rep_hot,3.0000000000
METRIC,2026-04-14T17:54:41Z,29446719798081,428,btc_qm_engine:btc_ptmc_rep_cold,2.0000000000
METRIC,2026-04-14T17:54:41Z,29446719816711,428,btc_qm_engine:btc_ptmc_accept,1.0000000000
METRIC,2026-04-14T17:54:41Z,29446719841791,428,btc_qm_engine:btc_ptmc_rep_hot,4.0000000000
METRIC,2026-04-14T17:54:41Z,29446719862671,428,btc_qm_engine:btc_ptmc_rep_cold,3.0000000000
METRIC,2026-04-14T17:54:41Z,29446719887761,428,btc_qm_engine:btc_ptmc_accept,1.0000000000
METRIC,2026-04-14T17:54:41Z,29446719920711,428,btc_qm_engine:btc_ptmc_rep_hot,5.0000000000
METRIC,2026-04-14T17:54:41Z,29446719940261,428,btc_qm_engine:btc_ptmc_rep_cold,4.0000000000
METRIC,2026-04-14T17:54:41Z,29446719965231,428,btc_qm_engine:btc_ptmc_accept,1.0000000000
METRIC,2026-04-14T17:54:41Z,29446719993231,428,btc_qm_engine:btc_ptmc_rep_hot,6.0000000000
METRIC,2026-04-14T17:54:41Z,29446720027651,428,btc_qm_engine:btc_ptmc_rep_cold,5.0000000000
METRIC,2026-04-14T17:54:41Z,29446720051751,428,btc_qm_engine:btc_ptmc_accept,1.0000000000
METRIC,2026-04-14T17:54:41Z,29446720079851,428,btc_qm_engine:btc_ptmc_rep_hot,7.0000000000
METRIC,2026-04-14T17:54:41Z,29446720104491,428,btc_qm_engine:btc_ptmc_rep_cold,6.0000000000
METRIC,2026-04-14T17:54:41Z,29446720125921,428,btc_qm_engine:btc_ptmc_accept,1.0000000000
METRIC,2026-04-14T17:54:41Z,29446824333188,428,btc_qm_engine:btc_ptmc_rep_hot,1.0000000000
METRIC,2026-04-14T17:54:41Z,29446824421178,428,btc_qm_engine:btc_ptmc_rep_cold,0.0000000000
METRIC,2026-04-14T17:54:41Z,29446824446888,428,btc_qm_engine:btc_ptmc_accept,-0.5136174742
METRIC,2026-04-14T17:54:41Z,29446824478268,428,btc_qm_engine:btc_ptmc_rep_hot,2.0000000000
METRIC,2026-04-14T17:54:41Z,29446824502658,428,btc_qm_engine:btc_ptmc_rep_cold,1.0000000000
METRIC,2026-04-14T17:54:41Z,29446824526418,428,btc_qm_engine:btc_ptmc_accept,1.0000000000
METRIC,2026-04-14T17:54:41Z,29446824557218,428,btc_qm_engine:btc_ptmc_rep_hot,3.0000000000
METRIC,2026-04-14T17:54:41Z,29446824580468,428,btc_qm_engine:btc_ptmc_rep_cold,2.0000000000
METRIC,2026-04-14T17:54:41Z,29446824602688,428,btc_qm_engine:btc_ptmc_accept,1.0000000000
METRIC,2026-04-14T17:54:41Z,29446824631248,428,btc_qm_engine:btc_ptmc_rep_hot,4.0000000000
METRIC,2026-04-14T17:54:41Z,29446824687998,428,btc_qm_engine:btc_ptmc_rep_cold,3.0000000000
METRIC,2026-04-14T17:54:41Z,29446824710958,428,btc_qm_engine:btc_ptmc_accept,1.0000000000
METRIC,2026-04-14T17:54:41Z,29446824737468,428,btc_qm_engine:btc_ptmc_rep_hot,5.0000000000
METRIC,2026-04-14T17:54:41Z,29446824761898,428,btc_qm_engine:btc_ptmc_rep_cold,4.0000000000
METRIC,2026-04-14T17:54:41Z,29446824785718,428,btc_qm_engine:btc_ptmc_accept,1.0000000000
METRIC,2026-04-14T17:54:41Z,29446824818138,428,btc_qm_engine:btc_ptmc_rep_hot,6.0000000000
METRIC,2026-04-14T17:54:41Z,29446824841788,428,btc_qm_engine:btc_ptmc_rep_cold,5.0000000000
METRIC,2026-04-14T17:54:41Z,29446824865548,428,btc_qm_engine:btc_ptmc_accept,1.0000000000
METRIC,2026-04-14T17:54:41Z,29446824894308,428,btc_qm_engine:btc_ptmc_rep_hot,7.0000000000
METRIC,2026-04-14T17:54:41Z,29446824917628,428,btc_qm_engine:btc_ptmc_rep_cold,6.0000000000
METRIC,2026-04-14T17:54:41Z,29446824941278,428,btc_qm_engine:btc_ptmc_accept,1.0000000000
METRIC,2026-04-14T17:54:41Z,29446932711274,428,btc_qm_engine:btc_ptmc_rep_hot,1.0000000000
METRIC,2026-04-14T17:54:41Z,29446932785914,428,btc_qm_engine:btc_ptmc_rep_cold,0.0000000000
METRIC,2026-04-14T17:54:41Z,29446932806554,428,btc_qm_engine:btc_ptmc_accept,1.0000000000
METRIC,2026-04-14T17:54:41Z,29446932826004,428,btc_qm_engine:btc_ptmc_rep_hot,2.0000000000
METRIC,2026-04-14T17:54:41Z,29446932844414,428,btc_qm_engine:btc_ptmc_rep_cold,1.0000000000
METRIC,2026-04-14T17:54:41Z,29446932862854,428,btc_qm_engine:btc_ptmc_accept,1.0000000000
METRIC,2026-04-14T17:54:41Z,29446932889534,428,btc_qm_engine:btc_ptmc_rep_hot,3.0000000000
METRIC,2026-04-14T17:54:41Z,29446932927124,428,btc_qm_engine:btc_ptmc_rep_cold,2.0000000000
METRIC,2026-04-14T17:54:41Z,29446932960824,428,btc_qm_engine:btc_ptmc_accept,1.0000000000
METRIC,2026-04-14T17:54:41Z,29446932988074,428,btc_qm_engine:btc_ptmc_rep_hot,4.0000000000
METRIC,2026-04-14T17:54:41Z,29446933023424,428,btc_qm_engine:btc_ptmc_rep_cold,3.0000000000
METRIC,2026-04-14T17:54:41Z,29446933047194,428,btc_qm_engine:btc_ptmc_accept,1.0000000000
METRIC,2026-04-14T17:54:41Z,29446933075744,428,btc_qm_engine:btc_ptmc_rep_hot,5.0000000000
METRIC,2026-04-14T17:54:41Z,29446933098574,428,btc_qm_engine:btc_ptmc_rep_cold,4.0000000000
METRIC,2026-04-14T17:54:41Z,29446933123164,428,btc_qm_engine:btc_ptmc_accept,1.0000000000
METRIC,2026-04-14T17:54:41Z,29446933154124,428,btc_qm_engine:btc_ptmc_rep_hot,6.0000000000
METRIC,2026-04-14T17:54:41Z,29446933177684,428,btc_qm_engine:btc_ptmc_rep_cold,5.0000000000
METRIC,2026-04-14T17:54:41Z,29446933201644,428,btc_qm_engine:btc_ptmc_accept,1.0000000000
METRIC,2026-04-14T17:54:41Z,29446933228924,428,btc_qm_engine:btc_ptmc_rep_hot,7.0000000000
METRIC,2026-04-14T17:54:41Z,29446933252374,428,btc_qm_engine:btc_ptmc_rep_cold,6.0000000000
METRIC,2026-04-14T17:54:41Z,29446933275854,428,btc_qm_engine:btc_ptmc_accept,1.0000000000
METRIC,2026-04-14T17:54:41Z,29447043081819,428,btc_qm_engine:btc_ptmc_rep_hot,1.0000000000
METRIC,2026-04-14T17:54:41Z,29447043168679,428,btc_qm_engine:btc_ptmc_rep_cold,0.0000000000
METRIC,2026-04-14T17:54:41Z,29447043194049,428,btc_qm_engine:btc_ptmc_accept,-0.0695919752
METRIC,2026-04-14T17:54:41Z,29447043225179,428,btc_qm_engine:btc_ptmc_rep_hot,2.0000000000
METRIC,2026-04-14T17:54:41Z,29447043248959,428,btc_qm_engine:btc_ptmc_rep_cold,1.0000000000
METRIC,2026-04-14T17:54:41Z,29447043272649,428,btc_qm_engine:btc_ptmc_accept,1.0000000000
METRIC,2026-04-14T17:54:41Z,29447043304589,428,btc_qm_engine:btc_ptmc_rep_hot,3.0000000000
METRIC,2026-04-14T17:54:41Z,29447043328449,428,btc_qm_engine:btc_ptmc_rep_cold,2.0000000000
METRIC,2026-04-14T17:54:41Z,29447043352069,428,btc_qm_engine:btc_ptmc_accept,1.0000000000
METRIC,2026-04-14T17:54:41Z,29447043382679,428,btc_qm_engine:btc_ptmc_rep_hot,4.0000000000
METRIC,2026-04-14T17:54:41Z,29447043406189,428,btc_qm_engine:btc_ptmc_rep_cold,3.0000000000
METRIC,2026-04-14T17:54:41Z,29447043429909,428,btc_qm_engine:btc_ptmc_accept,1.0000000000
METRIC,2026-04-14T17:54:41Z,29447043461139,428,btc_qm_engine:btc_ptmc_rep_hot,5.0000000000
METRIC,2026-04-14T17:54:41Z,29447043484629,428,btc_qm_engine:btc_ptmc_rep_cold,4.0000000000
METRIC,2026-04-14T17:54:41Z,29447043548269,428,btc_qm_engine:btc_ptmc_accept,1.0000000000
METRIC,2026-04-14T17:54:41Z,29447043581399,428,btc_qm_engine:btc_ptmc_rep_hot,6.0000000000
METRIC,2026-04-14T17:54:41Z,29447043606449,428,btc_qm_engine:btc_ptmc_rep_cold,5.0000000000
METRIC,2026-04-14T17:54:41Z,29447043628919,428,btc_qm_engine:btc_ptmc_accept,1.0000000000
METRIC,2026-04-14T17:54:41Z,29447043654249,428,btc_qm_engine:btc_ptmc_rep_hot,7.0000000000
METRIC,2026-04-14T17:54:41Z,29447043678109,428,btc_qm_engine:btc_ptmc_rep_cold,6.0000000000
METRIC,2026-04-14T17:54:41Z,29447043701449,428,btc_qm_engine:btc_ptmc_accept,1.0000000000
METRIC,2026-04-14T17:54:41Z,29447146980027,428,btc_qm_engine:btc_ptmc_rep_hot,1.0000000000
METRIC,2026-04-14T17:54:41Z,29447147119717,428,btc_qm_engine:btc_ptmc_rep_cold,0.0000000000
METRIC,2026-04-14T17:54:41Z,29447147145767,428,btc_qm_engine:btc_ptmc_accept,1.0000000000
METRIC,2026-04-14T17:54:41Z,29447147176657,428,btc_qm_engine:btc_ptmc_rep_hot,2.0000000000
METRIC,2026-04-14T17:54:41Z,29447147200877,428,btc_qm_engine:btc_ptmc_rep_cold,1.0000000000
METRIC,2026-04-14T17:54:41Z,29447147225157,428,btc_qm_engine:btc_ptmc_accept,0.7165624298
METRIC,2026-04-14T17:54:41Z,29447147258127,428,btc_qm_engine:btc_ptmc_rep_hot,3.0000000000
METRIC,2026-04-14T17:54:41Z,29447147282307,428,btc_qm_engine:btc_ptmc_rep_cold,2.0000000000
METRIC,2026-04-14T17:54:41Z,29447147311917,428,btc_qm_engine:btc_ptmc_accept,-0.8464909161
METRIC,2026-04-14T17:54:41Z,29447147343777,428,btc_qm_engine:btc_ptmc_rep_hot,4.0000000000
METRIC,2026-04-14T17:54:41Z,29447147367327,428,btc_qm_engine:btc_ptmc_rep_cold,3.0000000000
METRIC,2026-04-14T17:54:41Z,29447147390707,428,btc_qm_engine:btc_ptmc_accept,1.0000000000
METRIC,2026-04-14T17:54:41Z,29447147425727,428,btc_qm_engine:btc_ptmc_rep_hot,5.0000000000
METRIC,2026-04-14T17:54:41Z,29447147449597,428,btc_qm_engine:btc_ptmc_rep_cold,4.0000000000
METRIC,2026-04-14T17:54:41Z,29447147471987,428,btc_qm_engine:btc_ptmc_accept,0.8824995977
METRIC,2026-04-14T17:54:41Z,29447147507327,428,btc_qm_engine:btc_ptmc_rep_hot,6.0000000000
METRIC,2026-04-14T17:54:41Z,29447147532797,428,btc_qm_engine:btc_ptmc_rep_cold,5.0000000000
METRIC,2026-04-14T17:54:41Z,29447147555587,428,btc_qm_engine:btc_ptmc_accept,0.9298553534
METRIC,2026-04-14T17:54:41Z,29447147581147,428,btc_qm_engine:btc_ptmc_rep_hot,7.0000000000
METRIC,2026-04-14T17:54:41Z,29447147605627,428,btc_qm_engine:btc_ptmc_rep_cold,6.0000000000
METRIC,2026-04-14T17:54:41Z,29447147629387,428,btc_qm_engine:btc_ptmc_accept,0.9540312765
METRIC,2026-04-14T17:54:41Z,29447250653315,428,btc_qm_engine:btc_ptmc_rep_hot,1.0000000000
METRIC,2026-04-14T17:54:41Z,29447250734125,428,btc_qm_engine:btc_ptmc_rep_cold,0.0000000000
METRIC,2026-04-14T17:54:41Z,29447250758555,428,btc_qm_engine:btc_ptmc_accept,0.5134171190
METRIC,2026-04-14T17:54:41Z,29447250787704,428,btc_qm_engine:btc_ptmc_rep_hot,2.0000000000
METRIC,2026-04-14T17:54:41Z,29447250811154,428,btc_qm_engine:btc_ptmc_rep_cold,1.0000000000
METRIC,2026-04-14T17:54:41Z,29447250834104,428,btc_qm_engine:btc_ptmc_accept,0.7165313106
METRIC,2026-04-14T17:54:41Z,29447250863624,428,btc_qm_engine:btc_ptmc_rep_hot,3.0000000000
METRIC,2026-04-14T17:54:41Z,29447250886644,428,btc_qm_engine:btc_ptmc_rep_cold,2.0000000000
METRIC,2026-04-14T17:54:41Z,29447250909564,428,btc_qm_engine:btc_ptmc_accept,1.0000000000
METRIC,2026-04-14T17:54:41Z,29447250939704,428,btc_qm_engine:btc_ptmc_rep_hot,4.0000000000
METRIC,2026-04-14T17:54:41Z,29447250962674,428,btc_qm_engine:btc_ptmc_rep_cold,3.0000000000
METRIC,2026-04-14T17:54:41Z,29447250985644,428,btc_qm_engine:btc_ptmc_accept,1.0000000000
METRIC,2026-04-14T17:54:41Z,29447251061204,428,btc_qm_engine:btc_ptmc_rep_hot,5.0000000000
METRIC,2026-04-14T17:54:41Z,29447251085364,428,btc_qm_engine:btc_ptmc_rep_cold,4.0000000000
METRIC,2026-04-14T17:54:41Z,29447251108164,428,btc_qm_engine:btc_ptmc_accept,0.9394130628
METRIC,2026-04-14T17:54:41Z,29447251155924,428,btc_qm_engine:btc_ptmc_rep_hot,6.0000000000
METRIC,2026-04-14T17:54:41Z,29447251189324,428,btc_qm_engine:btc_ptmc_rep_cold,5.0000000000
METRIC,2026-04-14T17:54:41Z,29447251230894,428,btc_qm_engine:btc_ptmc_accept,0.9642895790
METRIC,2026-04-14T17:54:41Z,29447251257294,428,btc_qm_engine:btc_ptmc_rep_hot,7.0000000000
METRIC,2026-04-14T17:54:41Z,29447251280324,428,btc_qm_engine:btc_ptmc_rep_cold,6.0000000000
METRIC,2026-04-14T17:54:41Z,29447251308134,428,btc_qm_engine:btc_ptmc_accept,1.0000000000
METRIC,2026-04-14T17:54:41Z,29447353555242,428,btc_qm_engine:btc_ptmc_rep_hot,1.0000000000
METRIC,2026-04-14T17:54:41Z,29447353642712,428,btc_qm_engine:btc_ptmc_rep_cold,0.0000000000
METRIC,2026-04-14T17:54:41Z,29447353668302,428,btc_qm_engine:btc_ptmc_accept,1.0000000000
METRIC,2026-04-14T17:54:41Z,29447353697562,428,btc_qm_engine:btc_ptmc_rep_hot,2.0000000000
METRIC,2026-04-14T17:54:41Z,29447353721492,428,btc_qm_engine:btc_ptmc_rep_cold,1.0000000000
METRIC,2026-04-14T17:54:41Z,29447353744062,428,btc_qm_engine:btc_ptmc_accept,1.0000000000
METRIC,2026-04-14T17:54:41Z,29447353772952,428,btc_qm_engine:btc_ptmc_rep_hot,3.0000000000
METRIC,2026-04-14T17:54:41Z,29447353797202,428,btc_qm_engine:btc_ptmc_rep_cold,2.0000000000
METRIC,2026-04-14T17:54:41Z,29447353820842,428,btc_qm_engine:btc_ptmc_accept,1.0000000000
METRIC,2026-04-14T17:54:41Z,29447353850362,428,btc_qm_engine:btc_ptmc_rep_hot,4.0000000000
METRIC,2026-04-14T17:54:41Z,29447353874842,428,btc_qm_engine:btc_ptmc_rep_cold,3.0000000000
METRIC,2026-04-14T17:54:41Z,29447353898372,428,btc_qm_engine:btc_ptmc_accept,1.0000000000
METRIC,2026-04-14T17:54:41Z,29447353929582,428,btc_qm_engine:btc_ptmc_rep_hot,5.0000000000
METRIC,2026-04-14T17:54:41Z,29447353952892,428,btc_qm_engine:btc_ptmc_rep_cold,4.0000000000
METRIC,2026-04-14T17:54:41Z,29447353976402,428,btc_qm_engine:btc_ptmc_accept,1.0000000000
METRIC,2026-04-14T17:54:41Z,29447354042922,428,btc_qm_engine:btc_ptmc_rep_hot,6.0000000000
METRIC,2026-04-14T17:54:41Z,29447354070092,428,btc_qm_engine:btc_ptmc_rep_cold,5.0000000000
METRIC,2026-04-14T17:54:41Z,29447354094412,428,btc_qm_engine:btc_ptmc_accept,1.0000000000
METRIC,2026-04-14T17:54:41Z,29447354121612,428,btc_qm_engine:btc_ptmc_rep_hot,7.0000000000
METRIC,2026-04-14T17:54:41Z,29447354145362,428,btc_qm_engine:btc_ptmc_rep_cold,6.0000000000
METRIC,2026-04-14T17:54:41Z,29447354168402,428,btc_qm_engine:btc_ptmc_accept,1.0000000000
METRIC,2026-04-14T17:54:41Z,29447457486770,428,btc_qm_engine:btc_ptmc_rep_hot,1.0000000000
METRIC,2026-04-14T17:54:41Z,29447457567960,428,btc_qm_engine:btc_ptmc_rep_cold,0.0000000000
METRIC,2026-04-14T17:54:41Z,29447457594340,428,btc_qm_engine:btc_ptmc_accept,1.0000000000
METRIC,2026-04-14T17:54:41Z,29447457623980,428,btc_qm_engine:btc_ptmc_rep_hot,2.0000000000
METRIC,2026-04-14T17:54:41Z,29447457648710,428,btc_qm_engine:btc_ptmc_rep_cold,1.0000000000
METRIC,2026-04-14T17:54:41Z,29447457673200,428,btc_qm_engine:btc_ptmc_accept,1.0000000000
METRIC,2026-04-14T17:54:41Z,29447457703810,428,btc_qm_engine:btc_ptmc_rep_hot,3.0000000000
METRIC,2026-04-14T17:54:41Z,29447457728110,428,btc_qm_engine:btc_ptmc_rep_cold,2.0000000000
METRIC,2026-04-14T17:54:41Z,29447457765320,428,btc_qm_engine:btc_ptmc_accept,1.0000000000
METRIC,2026-04-14T17:54:41Z,29447457802150,428,btc_qm_engine:btc_ptmc_rep_hot,4.0000000000
METRIC,2026-04-14T17:54:41Z,29447457827970,428,btc_qm_engine:btc_ptmc_rep_cold,3.0000000000
METRIC,2026-04-14T17:54:41Z,29447457851240,428,btc_qm_engine:btc_ptmc_accept,1.0000000000
METRIC,2026-04-14T17:54:41Z,29447457881790,428,btc_qm_engine:btc_ptmc_rep_hot,5.0000000000
METRIC,2026-04-14T17:54:41Z,29447457907440,428,btc_qm_engine:btc_ptmc_rep_cold,4.0000000000
METRIC,2026-04-14T17:54:41Z,29447457932080,428,btc_qm_engine:btc_ptmc_accept,1.0000000000
METRIC,2026-04-14T17:54:41Z,29447457964590,428,btc_qm_engine:btc_ptmc_rep_hot,6.0000000000
METRIC,2026-04-14T17:54:41Z,29447457989210,428,btc_qm_engine:btc_ptmc_rep_cold,5.0000000000
METRIC,2026-04-14T17:54:41Z,29447458051400,428,btc_qm_engine:btc_ptmc_accept,1.0000000000
METRIC,2026-04-14T17:54:41Z,29447458080520,428,btc_qm_engine:btc_ptmc_rep_hot,7.0000000000
METRIC,2026-04-14T17:54:41Z,29447458104290,428,btc_qm_engine:btc_ptmc_rep_cold,6.0000000000
METRIC,2026-04-14T17:54:41Z,29447458148950,428,btc_qm_engine:btc_ptmc_accept,1.0000000000
METRIC,2026-04-14T17:54:41Z,29447523318243,428,btc_qm_engine:btc_hashrate_mhs,0.9847805678
METRIC,2026-04-14T17:54:41Z,29447523405293,428,btc_qm_engine:btc_hashrate_thread_id,5.0000000000
METRIC,2026-04-14T17:54:41Z,29447526538782,428,btc_qm_engine:btc_hashrate_mhs,0.9844999696
METRIC,2026-04-14T17:54:41Z,29447526586332,428,btc_qm_engine:btc_hashrate_thread_id,4.0000000000
METRIC,2026-04-14T17:54:41Z,29447528962991,428,btc_qm_engine:btc_hashrate_mhs,0.9844154807
METRIC,2026-04-14T17:54:41Z,29447529054241,428,btc_qm_engine:btc_hashrate_thread_id,3.0000000000
METRIC,2026-04-14T17:54:41Z,29447529728211,428,btc_qm_engine:btc_nx48_stall_count,2.0000000000
METRIC,2026-04-14T17:54:41Z,29447529769391,428,btc_qm_engine:btc_nx48_delta_nonce_old,50.0000000000
METRIC,2026-04-14T17:54:41Z,29447529796011,428,btc_qm_engine:btc_nx48_delta_nonce_new,49.9614555392
METRIC,2026-04-14T17:54:41Z,29447529821661,428,btc_qm_engine:btc_nx48_batch_old,4.0000000000
METRIC,2026-04-14T17:54:41Z,29447529846201,428,btc_qm_engine:btc_nx48_batch_new,4.0000000000
METRIC,2026-04-14T17:54:41Z,29447529871021,428,btc_qm_engine:btc_nx48_loss,0.3459019773
METRIC,2026-04-14T17:54:41Z,29447529895361,428,btc_qm_engine:btc_nx48_grad_norm,0.2438135248
METRIC,2026-04-14T17:54:41Z,29447529920281,428,btc_qm_engine:btc_nx48_update_count,1429.0000000000
METRIC,2026-04-14T17:54:41Z,29447529945741,428,btc_qm_engine:btc_nx48_exploration_bias,0.9845187022
METRIC,2026-04-14T17:54:41Z,29447529969831,428,btc_qm_engine:btc_hashrate_mhs,0.9847387656
METRIC,2026-04-14T17:54:41Z,29447529994771,428,btc_qm_engine:btc_hashrate_thread_id,0.0000000000
METRIC,2026-04-14T17:54:41Z,29447533244059,428,btc_qm_engine:btc_hashrate_mhs,0.9854060562
METRIC,2026-04-14T17:54:41Z,29447533299349,428,btc_qm_engine:btc_hashrate_thread_id,2.0000000000
METRIC,2026-04-14T17:54:41Z,29447540855986,428,btc_qm_engine:btc_hashrate_mhs,0.9850687226
METRIC,2026-04-14T17:54:41Z,29447540906826,428,btc_qm_engine:btc_hashrate_thread_id,1.0000000000
METRIC,2026-04-14T17:54:41Z,29447561079948,428,btc_qm_engine:btc_ptmc_rep_hot,1.0000000000
METRIC,2026-04-14T17:54:41Z,29447561160788,428,btc_qm_engine:btc_ptmc_rep_cold,0.0000000000
METRIC,2026-04-14T17:54:41Z,29447561187248,428,btc_qm_engine:btc_ptmc_accept,0.2638029098
METRIC,2026-04-14T17:54:41Z,29447561218948,428,btc_qm_engine:btc_ptmc_rep_hot,2.0000000000
METRIC,2026-04-14T17:54:41Z,29447561243788,428,btc_qm_engine:btc_ptmc_rep_cold,1.0000000000
METRIC,2026-04-14T17:54:41Z,29447561268028,428,btc_qm_engine:btc_ptmc_accept,-0.3678528374
METRIC,2026-04-14T17:54:41Z,29447561306098,428,btc_qm_engine:btc_ptmc_rep_hot,3.0000000000
METRIC,2026-04-14T17:54:41Z,29447561330658,428,btc_qm_engine:btc_ptmc_rep_cold,2.0000000000
METRIC,2026-04-14T17:54:41Z,29447561354928,428,btc_qm_engine:btc_ptmc_accept,1.0000000000
METRIC,2026-04-14T17:54:41Z,29447561384268,428,btc_qm_engine:btc_ptmc_rep_hot,4.0000000000
METRIC,2026-04-14T17:54:41Z,29447561408368,428,btc_qm_engine:btc_ptmc_rep_cold,3.0000000000
METRIC,2026-04-14T17:54:41Z,29447561433148,428,btc_qm_engine:btc_ptmc_accept,1.0000000000
METRIC,2026-04-14T17:54:41Z,29447561465018,428,btc_qm_engine:btc_ptmc_rep_hot,5.0000000000
METRIC,2026-04-14T17:54:41Z,29447561489228,428,btc_qm_engine:btc_ptmc_rep_cold,4.0000000000
METRIC,2026-04-14T17:54:41Z,29447561512418,428,btc_qm_engine:btc_ptmc_accept,1.0000000000
METRIC,2026-04-14T17:54:41Z,29447561542088,428,btc_qm_engine:btc_ptmc_rep_hot,6.0000000000
METRIC,2026-04-14T17:54:41Z,29447561568018,428,btc_qm_engine:btc_ptmc_rep_cold,5.0000000000
METRIC,2026-04-14T17:54:41Z,29447561591178,428,btc_qm_engine:btc_ptmc_accept,1.0000000000
METRIC,2026-04-14T17:54:41Z,29447561617838,428,btc_qm_engine:btc_ptmc_rep_hot,7.0000000000
METRIC,2026-04-14T17:54:41Z,29447561643098,428,btc_qm_engine:btc_ptmc_rep_cold,6.0000000000
METRIC,2026-04-14T17:54:41Z,29447561666898,428,btc_qm_engine:btc_ptmc_accept,1.0000000000
METRIC,2026-04-14T17:54:42Z,29447664377256,428,btc_qm_engine:btc_ptmc_rep_hot,1.0000000000
METRIC,2026-04-14T17:54:42Z,29447664488436,428,btc_qm_engine:btc_ptmc_rep_cold,0.0000000000
METRIC,2026-04-14T17:54:42Z,29447664508816,428,btc_qm_engine:btc_ptmc_accept,-0.5136669338
METRIC,2026-04-14T17:54:42Z,29447664538956,428,btc_qm_engine:btc_ptmc_rep_hot,2.0000000000
METRIC,2026-04-14T17:54:42Z,29447664557706,428,btc_qm_engine:btc_ptmc_rep_cold,1.0000000000
METRIC,2026-04-14T17:54:42Z,29447664575876,428,btc_qm_engine:btc_ptmc_accept,1.0000000000
METRIC,2026-04-14T17:54:42Z,29447664598626,428,btc_qm_engine:btc_ptmc_rep_hot,3.0000000000
METRIC,2026-04-14T17:54:42Z,29447664616796,428,btc_qm_engine:btc_ptmc_rep_cold,2.0000000000
METRIC,2026-04-14T17:54:42Z,29447664634926,428,btc_qm_engine:btc_ptmc_accept,1.0000000000
METRIC,2026-04-14T17:54:42Z,29447664658016,428,btc_qm_engine:btc_ptmc_rep_hot,4.0000000000
METRIC,2026-04-14T17:54:42Z,29447664676236,428,btc_qm_engine:btc_ptmc_rep_cold,3.0000000000
METRIC,2026-04-14T17:54:42Z,29447664694176,428,btc_qm_engine:btc_ptmc_accept,1.0000000000
METRIC,2026-04-14T17:54:42Z,29447664718136,428,btc_qm_engine:btc_ptmc_rep_hot,5.0000000000
METRIC,2026-04-14T17:54:42Z,29447664736296,428,btc_qm_engine:btc_ptmc_rep_cold,4.0000000000
METRIC,2026-04-14T17:54:42Z,29447664754365,428,btc_qm_engine:btc_ptmc_accept,1.0000000000
METRIC,2026-04-14T17:54:42Z,29447664793355,428,btc_qm_engine:btc_ptmc_rep_hot,6.0000000000
METRIC,2026-04-14T17:54:42Z,29447664820685,428,btc_qm_engine:btc_ptmc_rep_cold,5.0000000000
METRIC,2026-04-14T17:54:42Z,29447664843255,428,btc_qm_engine:btc_ptmc_accept,1.0000000000
METRIC,2026-04-14T17:54:42Z,29447664869785,428,btc_qm_engine:btc_ptmc_rep_hot,7.0000000000
METRIC,2026-04-14T17:54:42Z,29447664892105,428,btc_qm_engine:btc_ptmc_rep_cold,6.0000000000
METRIC,2026-04-14T17:54:42Z,29447664914505,428,btc_qm_engine:btc_ptmc_accept,1.0000000000
METRIC,2026-04-14T17:54:42Z,29447764940625,428,btc_qm_engine:btc_ptmc_rep_hot,1.0000000000
METRIC,2026-04-14T17:54:42Z,29447765055585,428,btc_qm_engine:btc_ptmc_rep_cold,0.0000000000
METRIC,2026-04-14T17:54:42Z,29447765082805,428,btc_qm_engine:btc_ptmc_accept,1.0000000000
METRIC,2026-04-14T17:54:42Z,29447765124265,428,btc_qm_engine:btc_ptmc_rep_hot,2.0000000000
METRIC,2026-04-14T17:54:42Z,29447765148835,428,btc_qm_engine:btc_ptmc_rep_cold,1.0000000000
METRIC,2026-04-14T17:54:42Z,29447765173735,428,btc_qm_engine:btc_ptmc_accept,1.0000000000
METRIC,2026-04-14T17:54:42Z,29447765205555,428,btc_qm_engine:btc_ptmc_rep_hot,3.0000000000
METRIC,2026-04-14T17:54:42Z,29447765229665,428,btc_qm_engine:btc_ptmc_rep_cold,2.0000000000
METRIC,2026-04-14T17:54:42Z,29447765254205,428,btc_qm_engine:btc_ptmc_accept,1.0000000000
METRIC,2026-04-14T17:54:42Z,29447765288045,428,btc_qm_engine:btc_ptmc_rep_hot,4.0000000000
METRIC,2026-04-14T17:54:42Z,29447765312025,428,btc_qm_engine:btc_ptmc_rep_cold,3.0000000000
METRIC,2026-04-14T17:54:42Z,29447765334855,428,btc_qm_engine:btc_ptmc_accept,1.0000000000
METRIC,2026-04-14T17:54:42Z,29447765365165,428,btc_qm_engine:btc_ptmc_rep_hot,5.0000000000
METRIC,2026-04-14T17:54:42Z,29447765390675,428,btc_qm_engine:btc_ptmc_rep_cold,4.0000000000
METRIC,2026-04-14T17:54:42Z,29447765414444,428,btc_qm_engine:btc_ptmc_accept,1.0000000000
METRIC,2026-04-14T17:54:42Z,29447765445414,428,btc_qm_engine:btc_ptmc_rep_hot,6.0000000000
METRIC,2026-04-14T17:54:42Z,29447765470474,428,btc_qm_engine:btc_ptmc_rep_cold,5.0000000000
METRIC,2026-04-14T17:54:42Z,29447765494384,428,btc_qm_engine:btc_ptmc_accept,1.0000000000
METRIC,2026-04-14T17:54:42Z,29447765522054,428,btc_qm_engine:btc_ptmc_rep_hot,7.0000000000
METRIC,2026-04-14T17:54:42Z,29447765546634,428,btc_qm_engine:btc_ptmc_rep_cold,6.0000000000
METRIC,2026-04-14T17:54:42Z,29447765570494,428,btc_qm_engine:btc_ptmc_accept,1.0000000000
METRIC,2026-04-14T17:54:42Z,29447886543935,428,btc_qm_engine:btc_ptmc_rep_hot,1.0000000000
METRIC,2026-04-14T17:54:42Z,29447886627755,428,btc_qm_engine:btc_ptmc_rep_cold,0.0000000000
METRIC,2026-04-14T17:54:42Z,29447886654085,428,btc_qm_engine:btc_ptmc_accept,0.2636887251
METRIC,2026-04-14T17:54:42Z,29447886685915,428,btc_qm_engine:btc_ptmc_rep_hot,2.0000000000
METRIC,2026-04-14T17:54:42Z,29447886739105,428,btc_qm_engine:btc_ptmc_rep_cold,1.0000000000
METRIC,2026-04-14T17:54:42Z,29447886763535,428,btc_qm_engine:btc_ptmc_accept,-0.3679273747
METRIC,2026-04-14T17:54:42Z,29447886793735,428,btc_qm_engine:btc_ptmc_rep_hot,3.0000000000
METRIC,2026-04-14T17:54:42Z,29447886818875,428,btc_qm_engine:btc_ptmc_rep_cold,2.0000000000
METRIC,2026-04-14T17:54:42Z,29447886847715,428,btc_qm_engine:btc_ptmc_accept,1.0000000000
METRIC,2026-04-14T17:54:42Z,29447886875325,428,btc_qm_engine:btc_ptmc_rep_hot,4.0000000000
METRIC,2026-04-14T17:54:42Z,29447886900295,428,btc_qm_engine:btc_ptmc_rep_cold,3.0000000000
METRIC,2026-04-14T17:54:42Z,29447886924455,428,btc_qm_engine:btc_ptmc_accept,-0.9048409551
METRIC,2026-04-14T17:54:42Z,29447886956695,428,btc_qm_engine:btc_ptmc_rep_hot,5.0000000000
METRIC,2026-04-14T17:54:42Z,29447886992565,428,btc_qm_engine:btc_ptmc_rep_cold,4.0000000000
METRIC,2026-04-14T17:54:42Z,29447887071575,428,btc_qm_engine:btc_ptmc_accept,1.0000000000
METRIC,2026-04-14T17:54:42Z,29447887104555,428,btc_qm_engine:btc_ptmc_rep_hot,6.0000000000
METRIC,2026-04-14T17:54:42Z,29447887128685,428,btc_qm_engine:btc_ptmc_rep_cold,5.0000000000
METRIC,2026-04-14T17:54:42Z,29447887152905,428,btc_qm_engine:btc_ptmc_accept,1.0000000000
METRIC,2026-04-14T17:54:42Z,29447887181295,428,btc_qm_engine:btc_ptmc_rep_hot,7.0000000000
METRIC,2026-04-14T17:54:42Z,29447887205385,428,btc_qm_engine:btc_ptmc_rep_cold,6.0000000000
METRIC,2026-04-14T17:54:42Z,29447887229715,428,btc_qm_engine:btc_ptmc_accept,1.0000000000
METRIC,2026-04-14T17:54:42Z,29447988947863,428,btc_qm_engine:btc_ptmc_rep_hot,1.0000000000
METRIC,2026-04-14T17:54:42Z,29447989068353,428,btc_qm_engine:btc_ptmc_rep_cold,0.0000000000
METRIC,2026-04-14T17:54:42Z,29447989093993,428,btc_qm_engine:btc_ptmc_accept,-0.0694834512
METRIC,2026-04-14T17:54:42Z,29447989126203,428,btc_qm_engine:btc_ptmc_rep_hot,2.0000000000
METRIC,2026-04-14T17:54:42Z,29447989150653,428,btc_qm_engine:btc_ptmc_rep_cold,1.0000000000
METRIC,2026-04-14T17:54:42Z,29447989174173,428,btc_qm_engine:btc_ptmc_accept,1.0000000000
METRIC,2026-04-14T17:54:42Z,29447989205443,428,btc_qm_engine:btc_ptmc_rep_hot,3.0000000000
METRIC,2026-04-14T17:54:42Z,29447989228793,428,btc_qm_engine:btc_ptmc_rep_cold,2.0000000000
METRIC,2026-04-14T17:54:42Z,29447989247743,428,btc_qm_engine:btc_ptmc_accept,1.0000000000
METRIC,2026-04-14T17:54:42Z,29447989273083,428,btc_qm_engine:btc_ptmc_rep_hot,4.0000000000
METRIC,2026-04-14T17:54:42Z,29447989301943,428,btc_qm_engine:btc_ptmc_rep_cold,3.0000000000
METRIC,2026-04-14T17:54:42Z,29447989323133,428,btc_qm_engine:btc_ptmc_accept,1.0000000000
METRIC,2026-04-14T17:54:42Z,29447989349963,428,btc_qm_engine:btc_ptmc_rep_hot,5.0000000000
METRIC,2026-04-14T17:54:42Z,29447989373943,428,btc_qm_engine:btc_ptmc_rep_cold,4.0000000000
METRIC,2026-04-14T17:54:42Z,29447989430763,428,btc_qm_engine:btc_ptmc_accept,1.0000000000
METRIC,2026-04-14T17:54:42Z,29447989462173,428,btc_qm_engine:btc_ptmc_rep_hot,6.0000000000
METRIC,2026-04-14T17:54:42Z,29447989485613,428,btc_qm_engine:btc_ptmc_rep_cold,5.0000000000
METRIC,2026-04-14T17:54:42Z,29447989508653,428,btc_qm_engine:btc_ptmc_accept,1.0000000000
METRIC,2026-04-14T17:54:42Z,29447989535223,428,btc_qm_engine:btc_ptmc_rep_hot,7.0000000000
METRIC,2026-04-14T17:54:42Z,29447989558763,428,btc_qm_engine:btc_ptmc_rep_cold,6.0000000000
METRIC,2026-04-14T17:54:42Z,29447989582203,428,btc_qm_engine:btc_ptmc_accept,1.0000000000
METRIC,2026-04-14T17:54:42Z,29448097819279,428,btc_qm_engine:btc_ptmc_rep_hot,1.0000000000
METRIC,2026-04-14T17:54:42Z,29448097902439,428,btc_qm_engine:btc_ptmc_rep_cold,0.0000000000
METRIC,2026-04-14T17:54:42Z,29448097941339,428,btc_qm_engine:btc_ptmc_accept,-0.2635971381
METRIC,2026-04-14T17:54:42Z,29448097972639,428,btc_qm_engine:btc_ptmc_rep_hot,2.0000000000
METRIC,2026-04-14T17:54:42Z,29448097992109,428,btc_qm_engine:btc_ptmc_rep_cold,1.0000000000
METRIC,2026-04-14T17:54:42Z,29448098061209,428,btc_qm_engine:btc_ptmc_accept,0.5133725145
METRIC,2026-04-14T17:54:42Z,29448098087279,428,btc_qm_engine:btc_ptmc_rep_hot,3.0000000000
METRIC,2026-04-14T17:54:42Z,29448098106329,428,btc_qm_engine:btc_ptmc_rep_cold,2.0000000000
METRIC,2026-04-14T17:54:42Z,29448098124949,428,btc_qm_engine:btc_ptmc_accept,-0.7165157484
METRIC,2026-04-14T17:54:42Z,29448098149279,428,btc_qm_engine:btc_ptmc_rep_hot,4.0000000000
METRIC,2026-04-14T17:54:42Z,29448098167889,428,btc_qm_engine:btc_ptmc_rep_cold,3.0000000000
METRIC,2026-04-14T17:54:42Z,29448098186579,428,btc_qm_engine:btc_ptmc_accept,1.0000000000
METRIC,2026-04-14T17:54:42Z,29448098211589,428,btc_qm_engine:btc_ptmc_rep_hot,5.0000000000
METRIC,2026-04-14T17:54:42Z,29448098230259,428,btc_qm_engine:btc_ptmc_rep_cold,4.0000000000
METRIC,2026-04-14T17:54:42Z,29448098248989,428,btc_qm_engine:btc_ptmc_accept,1.0000000000
METRIC,2026-04-14T17:54:42Z,29448098273709,428,btc_qm_engine:btc_ptmc_rep_hot,6.0000000000
METRIC,2026-04-14T17:54:42Z,29448098293619,428,btc_qm_engine:btc_ptmc_rep_cold,5.0000000000
METRIC,2026-04-14T17:54:42Z,29448098312429,428,btc_qm_engine:btc_ptmc_accept,1.0000000000
METRIC,2026-04-14T17:54:42Z,29448098333849,428,btc_qm_engine:btc_ptmc_rep_hot,7.0000000000
METRIC,2026-04-14T17:54:42Z,29448098352509,428,btc_qm_engine:btc_ptmc_rep_cold,6.0000000000
METRIC,2026-04-14T17:54:42Z,29448098371249,428,btc_qm_engine:btc_ptmc_accept,1.0000000000
METRIC,2026-04-14T17:54:42Z,29448201171447,428,btc_qm_engine:btc_ptmc_rep_hot,1.0000000000
METRIC,2026-04-14T17:54:42Z,29448201257157,428,btc_qm_engine:btc_ptmc_rep_cold,0.0000000000
METRIC,2026-04-14T17:54:42Z,29448201287727,428,btc_qm_engine:btc_ptmc_accept,0.2636887251
METRIC,2026-04-14T17:54:42Z,29448201317737,428,btc_qm_engine:btc_ptmc_rep_hot,2.0000000000
METRIC,2026-04-14T17:54:42Z,29448201341957,428,btc_qm_engine:btc_ptmc_rep_cold,1.0000000000
METRIC,2026-04-14T17:54:42Z,29448201365727,428,btc_qm_engine:btc_ptmc_accept,0.7164924961
METRIC,2026-04-14T17:54:42Z,29448201396967,428,btc_qm_engine:btc_ptmc_rep_hot,3.0000000000
METRIC,2026-04-14T17:54:42Z,29448201419967,428,btc_qm_engine:btc_ptmc_rep_cold,2.0000000000
METRIC,2026-04-14T17:54:42Z,29448201440397,428,btc_qm_engine:btc_ptmc_accept,1.0000000000
METRIC,2026-04-14T17:54:42Z,29448201465377,428,btc_qm_engine:btc_ptmc_rep_hot,4.0000000000
METRIC,2026-04-14T17:54:42Z,29448201489607,428,btc_qm_engine:btc_ptmc_rep_cold,3.0000000000
METRIC,2026-04-14T17:54:42Z,29448201512227,428,btc_qm_engine:btc_ptmc_accept,1.0000000000
METRIC,2026-04-14T17:54:42Z,29448201540547,428,btc_qm_engine:btc_ptmc_rep_hot,5.0000000000
METRIC,2026-04-14T17:54:42Z,29448201565457,428,btc_qm_engine:btc_ptmc_rep_cold,4.0000000000
METRIC,2026-04-14T17:54:42Z,29448201588967,428,btc_qm_engine:btc_ptmc_accept,1.0000000000
METRIC,2026-04-14T17:54:42Z,29448201636157,428,btc_qm_engine:btc_ptmc_rep_hot,6.0000000000
METRIC,2026-04-14T17:54:42Z,29448201671217,428,btc_qm_engine:btc_ptmc_rep_cold,5.0000000000
METRIC,2026-04-14T17:54:42Z,29448201710687,428,btc_qm_engine:btc_ptmc_accept,0.9298531933
METRIC,2026-04-14T17:54:42Z,29448201738027,428,btc_qm_engine:btc_ptmc_rep_hot,7.0000000000
METRIC,2026-04-14T17:54:42Z,29448201761977,428,btc_qm_engine:btc_ptmc_rep_cold,6.0000000000
METRIC,2026-04-14T17:54:42Z,29448201785267,428,btc_qm_engine:btc_ptmc_accept,0.9540303485
METRIC,2026-04-14T17:54:42Z,29448310360352,428,btc_qm_engine:btc_ptmc_rep_hot,1.0000000000
METRIC,2026-04-14T17:54:42Z,29448310451572,428,btc_qm_engine:btc_ptmc_rep_cold,0.0000000000
METRIC,2026-04-14T17:54:42Z,29448310477982,428,btc_qm_engine:btc_ptmc_accept,1.0000000000
METRIC,2026-04-14T17:54:42Z,29448310508992,428,btc_qm_engine:btc_ptmc_rep_hot,2.0000000000
METRIC,2026-04-14T17:54:42Z,29448310539422,428,btc_qm_engine:btc_ptmc_rep_cold,1.0000000000
METRIC,2026-04-14T17:54:42Z,29448310562692,428,btc_qm_engine:btc_ptmc_accept,1.0000000000
METRIC,2026-04-14T17:54:42Z,29448310592502,428,btc_qm_engine:btc_ptmc_rep_hot,3.0000000000
METRIC,2026-04-14T17:54:42Z,29448310618372,428,btc_qm_engine:btc_ptmc_rep_cold,2.0000000000
METRIC,2026-04-14T17:54:42Z,29448310641522,428,btc_qm_engine:btc_ptmc_accept,1.0000000000
METRIC,2026-04-14T17:54:42Z,29448310671782,428,btc_qm_engine:btc_ptmc_rep_hot,4.0000000000
METRIC,2026-04-14T17:54:42Z,29448310696672,428,btc_qm_engine:btc_ptmc_rep_cold,3.0000000000
METRIC,2026-04-14T17:54:42Z,29448310721302,428,btc_qm_engine:btc_ptmc_accept,1.0000000000
METRIC,2026-04-14T17:54:42Z,29448310767842,428,btc_qm_engine:btc_ptmc_rep_hot,5.0000000000
METRIC,2026-04-14T17:54:42Z,29448310804072,428,btc_qm_engine:btc_ptmc_rep_cold,4.0000000000
METRIC,2026-04-14T17:54:42Z,29448310828832,428,btc_qm_engine:btc_ptmc_accept,1.0000000000
METRIC,2026-04-14T17:54:42Z,29448310863562,428,btc_qm_engine:btc_ptmc_rep_hot,6.0000000000
METRIC,2026-04-14T17:54:42Z,29448310887672,428,btc_qm_engine:btc_ptmc_rep_cold,5.0000000000
METRIC,2026-04-14T17:54:42Z,29448310913302,428,btc_qm_engine:btc_ptmc_accept,1.0000000000
METRIC,2026-04-14T17:54:42Z,29448310943912,428,btc_qm_engine:btc_ptmc_rep_hot,7.0000000000
METRIC,2026-04-14T17:54:42Z,29448310968212,428,btc_qm_engine:btc_ptmc_rep_cold,6.0000000000
METRIC,2026-04-14T17:54:42Z,29448310992532,428,btc_qm_engine:btc_ptmc_accept,1.0000000000
METRIC,2026-04-14T17:54:42Z,29448412273381,428,btc_qm_engine:btc_ptmc_rep_hot,1.0000000000
METRIC,2026-04-14T17:54:42Z,29448412361021,428,btc_qm_engine:btc_ptmc_rep_cold,0.0000000000
METRIC,2026-04-14T17:54:42Z,29448412383571,428,btc_qm_engine:btc_ptmc_accept,-0.2638537189
METRIC,2026-04-14T17:54:42Z,29448412410821,428,btc_qm_engine:btc_ptmc_rep_hot,2.0000000000
METRIC,2026-04-14T17:54:42Z,29448412430261,428,btc_qm_engine:btc_ptmc_rep_cold,1.0000000000
METRIC,2026-04-14T17:54:42Z,29448412449121,428,btc_qm_engine:btc_ptmc_accept,1.0000000000
METRIC,2026-04-14T17:54:42Z,29448412470901,428,btc_qm_engine:btc_ptmc_rep_hot,3.0000000000
METRIC,2026-04-14T17:54:42Z,29448412489641,428,btc_qm_engine:btc_ptmc_rep_cold,2.0000000000
METRIC,2026-04-14T17:54:42Z,29448412519551,428,btc_qm_engine:btc_ptmc_accept,1.0000000000
METRIC,2026-04-14T17:54:42Z,29448412559681,428,btc_qm_engine:btc_ptmc_rep_hot,4.0000000000
METRIC,2026-04-14T17:54:42Z,29448412582831,428,btc_qm_engine:btc_ptmc_rep_cold,3.0000000000
METRIC,2026-04-14T17:54:42Z,29448412601861,428,btc_qm_engine:btc_ptmc_accept,1.0000000000
METRIC,2026-04-14T17:54:42Z,29448412626461,428,btc_qm_engine:btc_ptmc_rep_hot,5.0000000000
METRIC,2026-04-14T17:54:42Z,29448412645251,428,btc_qm_engine:btc_ptmc_rep_cold,4.0000000000
METRIC,2026-04-14T17:54:42Z,29448412663911,428,btc_qm_engine:btc_ptmc_accept,1.0000000000
METRIC,2026-04-14T17:54:42Z,29448412687460,428,btc_qm_engine:btc_ptmc_rep_hot,6.0000000000
METRIC,2026-04-14T17:54:42Z,29448412706080,428,btc_qm_engine:btc_ptmc_rep_cold,5.0000000000
METRIC,2026-04-14T17:54:42Z,29448412724860,428,btc_qm_engine:btc_ptmc_accept,1.0000000000
METRIC,2026-04-14T17:54:42Z,29448412746340,428,btc_qm_engine:btc_ptmc_rep_hot,7.0000000000
METRIC,2026-04-14T17:54:42Z,29448412764990,428,btc_qm_engine:btc_ptmc_rep_cold,6.0000000000
METRIC,2026-04-14T17:54:42Z,29448412798910,428,btc_qm_engine:btc_ptmc_accept,1.0000000000
METRIC,2026-04-14T17:54:42Z,29448513631989,428,btc_qm_engine:btc_ptmc_rep_hot,1.0000000000
METRIC,2026-04-14T17:54:42Z,29448513718979,428,btc_qm_engine:btc_ptmc_rep_cold,0.0000000000
METRIC,2026-04-14T17:54:42Z,29448513744969,428,btc_qm_engine:btc_ptmc_accept,1.0000000000
METRIC,2026-04-14T17:54:42Z,29448513774049,428,btc_qm_engine:btc_ptmc_rep_hot,2.0000000000
METRIC,2026-04-14T17:54:42Z,29448513797459,428,btc_qm_engine:btc_ptmc_rep_cold,1.0000000000
METRIC,2026-04-14T17:54:42Z,29448513820999,428,btc_qm_engine:btc_ptmc_accept,1.0000000000
METRIC,2026-04-14T17:54:42Z,29448513851149,428,btc_qm_engine:btc_ptmc_rep_hot,3.0000000000
METRIC,2026-04-14T17:54:42Z,29448513874559,428,btc_qm_engine:btc_ptmc_rep_cold,2.0000000000
METRIC,2026-04-14T17:54:42Z,29448513897999,428,btc_qm_engine:btc_ptmc_accept,1.0000000000
METRIC,2026-04-14T17:54:42Z,29448513928529,428,btc_qm_engine:btc_ptmc_rep_hot,4.0000000000
METRIC,2026-04-14T17:54:42Z,29448513951459,428,btc_qm_engine:btc_ptmc_rep_cold,3.0000000000
METRIC,2026-04-14T17:54:42Z,29448513973639,428,btc_qm_engine:btc_ptmc_accept,1.0000000000
METRIC,2026-04-14T17:54:42Z,29448514046319,428,btc_qm_engine:btc_ptmc_rep_hot,5.0000000000
METRIC,2026-04-14T17:54:42Z,29448514073059,428,btc_qm_engine:btc_ptmc_rep_cold,4.0000000000
METRIC,2026-04-14T17:54:42Z,29448514095229,428,btc_qm_engine:btc_ptmc_accept,-0.8825002633
METRIC,2026-04-14T17:54:42Z,29448514126929,428,btc_qm_engine:btc_ptmc_rep_hot,6.0000000000
METRIC,2026-04-14T17:54:42Z,29448514151909,428,btc_qm_engine:btc_ptmc_rep_cold,5.0000000000
METRIC,2026-04-14T17:54:42Z,29448514174019,428,btc_qm_engine:btc_ptmc_accept,0.9298555908
METRIC,2026-04-14T17:54:42Z,29448514197579,428,btc_qm_engine:btc_ptmc_rep_hot,7.0000000000
METRIC,2026-04-14T17:54:42Z,29448514221189,428,btc_qm_engine:btc_ptmc_rep_cold,6.0000000000
METRIC,2026-04-14T17:54:42Z,29448514244579,428,btc_qm_engine:btc_ptmc_accept,0.9540308635
HW_SAMPLE,2026-04-14T17:54:42Z,29448519719847,428,btc_qm_engine:cpu_delta_pct,64.3633
HW_SAMPLE,2026-04-14T17:54:42Z,29448519719847,428,btc_qm_engine:mem_used_pct,75.7549
HW_SAMPLE,2026-04-14T17:54:42Z,29448519719847,428,btc_qm_engine:vm_rss_kb,7724
HW_SAMPLE,2026-04-14T17:54:42Z,29448519719847,428,btc_qm_engine:vm_peak_kb,531244
HW_SAMPLE,2026-04-14T17:54:42Z,29448520059747,428,btc_qm_engine:cpu_delta_pct,100.0000
HW_SAMPLE,2026-04-14T17:54:42Z,29448520059747,428,btc_qm_engine:mem_used_pct,75.7549
HW_SAMPLE,2026-04-14T17:54:42Z,29448520059747,428,btc_qm_engine:vm_rss_kb,7728
HW_SAMPLE,2026-04-14T17:54:42Z,29448520059747,428,btc_qm_engine:vm_peak_kb,531244
HW_SAMPLE,2026-04-14T17:54:42Z,29448523793245,428,btc_qm_engine:cpu_delta_pct,33.3333
HW_SAMPLE,2026-04-14T17:54:42Z,29448523793245,428,btc_qm_engine:mem_used_pct,75.7549
HW_SAMPLE,2026-04-14T17:54:42Z,29448523793245,428,btc_qm_engine:vm_rss_kb,7732
HW_SAMPLE,2026-04-14T17:54:42Z,29448523793245,428,btc_qm_engine:vm_peak_kb,531244
HW_SAMPLE,2026-04-14T17:54:42Z,29448524549085,428,btc_qm_engine:cpu_delta_pct,0.0000
HW_SAMPLE,2026-04-14T17:54:42Z,29448524549085,428,btc_qm_engine:mem_used_pct,75.7549
HW_SAMPLE,2026-04-14T17:54:42Z,29448524549085,428,btc_qm_engine:vm_rss_kb,7736
HW_SAMPLE,2026-04-14T17:54:42Z,29448524549085,428,btc_qm_engine:vm_peak_kb,531244
HW_SAMPLE,2026-04-14T17:54:42Z,29448524677545,428,btc_qm_engine:cpu_delta_pct,0.0000
HW_SAMPLE,2026-04-14T17:54:42Z,29448524677545,428,btc_qm_engine:mem_used_pct,75.7549
HW_SAMPLE,2026-04-14T17:54:42Z,29448524677545,428,btc_qm_engine:vm_rss_kb,7740
HW_SAMPLE,2026-04-14T17:54:42Z,29448524677545,428,btc_qm_engine:vm_peak_kb,531244
HW_SAMPLE,2026-04-14T17:54:42Z,29448525642364,428,btc_qm_engine:cpu_delta_pct,0.0000
HW_SAMPLE,2026-04-14T17:54:42Z,29448525642364,428,btc_qm_engine:mem_used_pct,75.7549
HW_SAMPLE,2026-04-14T17:54:42Z,29448525642364,428,btc_qm_engine:vm_rss_kb,7744
HW_SAMPLE,2026-04-14T17:54:42Z,29448525642364,428,btc_qm_engine:vm_peak_kb,531244
METRIC,2026-04-14T17:54:43Z,29448681577421,428,btc_qm_engine:btc_ptmc_rep_hot,1.0000000000
METRIC,2026-04-14T17:54:43Z,29448681656091,428,btc_qm_engine:btc_ptmc_rep_cold,0.0000000000
METRIC,2026-04-14T17:54:43Z,29448681708601,428,btc_qm_engine:btc_ptmc_accept,1.0000000000
METRIC,2026-04-14T17:54:43Z,29448681739281,428,btc_qm_engine:btc_ptmc_rep_hot,2.0000000000
METRIC,2026-04-14T17:54:43Z,29448681762881,428,btc_qm_engine:btc_ptmc_rep_cold,1.0000000000
METRIC,2026-04-14T17:54:43Z,29448681786591,428,btc_qm_engine:btc_ptmc_accept,1.0000000000
METRIC,2026-04-14T17:54:43Z,29448681816611,428,btc_qm_engine:btc_ptmc_rep_hot,3.0000000000
METRIC,2026-04-14T17:54:43Z,29448681840221,428,btc_qm_engine:btc_ptmc_rep_cold,2.0000000000
METRIC,2026-04-14T17:54:43Z,29448681863561,428,btc_qm_engine:btc_ptmc_accept,1.0000000000
METRIC,2026-04-14T17:54:43Z,29448681892651,428,btc_qm_engine:btc_ptmc_rep_hot,4.0000000000
METRIC,2026-04-14T17:54:43Z,29448681915991,428,btc_qm_engine:btc_ptmc_rep_cold,3.0000000000
METRIC,2026-04-14T17:54:43Z,29448681938911,428,btc_qm_engine:btc_ptmc_accept,1.0000000000
METRIC,2026-04-14T17:54:43Z,29448681990181,428,btc_qm_engine:btc_ptmc_rep_hot,5.0000000000
METRIC,2026-04-14T17:54:43Z,29448682058791,428,btc_qm_engine:btc_ptmc_rep_cold,4.0000000000
METRIC,2026-04-14T17:54:43Z,29448682080881,428,btc_qm_engine:btc_ptmc_accept,1.0000000000
METRIC,2026-04-14T17:54:43Z,29448682114531,428,btc_qm_engine:btc_ptmc_rep_hot,6.0000000000
METRIC,2026-04-14T17:54:43Z,29448682138481,428,btc_qm_engine:btc_ptmc_rep_cold,5.0000000000
METRIC,2026-04-14T17:54:43Z,29448682156641,428,btc_qm_engine:btc_ptmc_accept,1.0000000000
METRIC,2026-04-14T17:54:43Z,29448682178901,428,btc_qm_engine:btc_ptmc_rep_hot,7.0000000000
METRIC,2026-04-14T17:54:43Z,29448682205661,428,btc_qm_engine:btc_ptmc_rep_cold,6.0000000000
METRIC,2026-04-14T17:54:43Z,29448682231861,428,btc_qm_engine:btc_ptmc_accept,1.0000000000
METRIC,2026-04-14T17:54:43Z,29448787168228,428,btc_qm_engine:btc_ptmc_rep_hot,1.0000000000
METRIC,2026-04-14T17:54:43Z,29448787251658,428,btc_qm_engine:btc_ptmc_rep_cold,0.0000000000
METRIC,2026-04-14T17:54:43Z,29448787276598,428,btc_qm_engine:btc_ptmc_accept,1.0000000000
METRIC,2026-04-14T17:54:43Z,29448787300768,428,btc_qm_engine:btc_ptmc_rep_hot,2.0000000000
METRIC,2026-04-14T17:54:43Z,29448787332198,428,btc_qm_engine:btc_ptmc_rep_cold,1.0000000000
METRIC,2026-04-14T17:54:43Z,29448787356058,428,btc_qm_engine:btc_ptmc_accept,1.0000000000
METRIC,2026-04-14T17:54:43Z,29448787385578,428,btc_qm_engine:btc_ptmc_rep_hot,3.0000000000
METRIC,2026-04-14T17:54:43Z,29448787409008,428,btc_qm_engine:btc_ptmc_rep_cold,2.0000000000
METRIC,2026-04-14T17:54:43Z,29448787432778,428,btc_qm_engine:btc_ptmc_accept,1.0000000000
METRIC,2026-04-14T17:54:43Z,29448787459938,428,btc_qm_engine:btc_ptmc_rep_hot,4.0000000000
METRIC,2026-04-14T17:54:43Z,29448787484248,428,btc_qm_engine:btc_ptmc_rep_cold,3.0000000000
METRIC,2026-04-14T17:54:43Z,29448787508418,428,btc_qm_engine:btc_ptmc_accept,1.0000000000
METRIC,2026-04-14T17:54:43Z,29448787540148,428,btc_qm_engine:btc_ptmc_rep_hot,5.0000000000
METRIC,2026-04-14T17:54:43Z,29448787563778,428,btc_qm_engine:btc_ptmc_rep_cold,4.0000000000
METRIC,2026-04-14T17:54:43Z,29448787587498,428,btc_qm_engine:btc_ptmc_accept,1.0000000000
METRIC,2026-04-14T17:54:43Z,29448787633488,428,btc_qm_engine:btc_ptmc_rep_hot,6.0000000000
METRIC,2026-04-14T17:54:43Z,29448787667228,428,btc_qm_engine:btc_ptmc_rep_cold,5.0000000000
METRIC,2026-04-14T17:54:43Z,29448787690818,428,btc_qm_engine:btc_ptmc_accept,1.0000000000
METRIC,2026-04-14T17:54:43Z,29448787714638,428,btc_qm_engine:btc_ptmc_rep_hot,7.0000000000
METRIC,2026-04-14T17:54:43Z,29448787745158,428,btc_qm_engine:btc_ptmc_rep_cold,6.0000000000
METRIC,2026-04-14T17:54:43Z,29448787773298,428,btc_qm_engine:btc_ptmc_accept,1.0000000000
METRIC,2026-04-14T17:54:43Z,29448891937905,428,btc_qm_engine:btc_ptmc_rep_hot,1.0000000000
METRIC,2026-04-14T17:54:43Z,29448892062555,428,btc_qm_engine:btc_ptmc_rep_cold,0.0000000000
METRIC,2026-04-14T17:54:43Z,29448892089845,428,btc_qm_engine:btc_ptmc_accept,0.5134171190
METRIC,2026-04-14T17:54:43Z,29448892121735,428,btc_qm_engine:btc_ptmc_rep_hot,2.0000000000
METRIC,2026-04-14T17:54:43Z,29448892145885,428,btc_qm_engine:btc_ptmc_rep_cold,1.0000000000
METRIC,2026-04-14T17:54:43Z,29448892200205,428,btc_qm_engine:btc_ptmc_accept,1.0000000000
METRIC,2026-04-14T17:54:43Z,29448892231525,428,btc_qm_engine:btc_ptmc_rep_hot,3.0000000000
METRIC,2026-04-14T17:54:43Z,29448892255365,428,btc_qm_engine:btc_ptmc_rep_cold,2.0000000000
METRIC,2026-04-14T17:54:43Z,29448892279125,428,btc_qm_engine:btc_ptmc_accept,1.0000000000
METRIC,2026-04-14T17:54:43Z,29448892315525,428,btc_qm_engine:btc_ptmc_rep_hot,4.0000000000
METRIC,2026-04-14T17:54:43Z,29448892339335,428,btc_qm_engine:btc_ptmc_rep_cold,3.0000000000
METRIC,2026-04-14T17:54:43Z,29448892362925,428,btc_qm_engine:btc_ptmc_accept,0.9048338808
METRIC,2026-04-14T17:54:43Z,29448892395885,428,btc_qm_engine:btc_ptmc_rep_hot,5.0000000000
METRIC,2026-04-14T17:54:43Z,29448892419855,428,btc_qm_engine:btc_ptmc_rep_cold,4.0000000000
METRIC,2026-04-14T17:54:43Z,29448892442235,428,btc_qm_engine:btc_ptmc_accept,1.0000000000
METRIC,2026-04-14T17:54:43Z,29448892474045,428,btc_qm_engine:btc_ptmc_rep_hot,6.0000000000
METRIC,2026-04-14T17:54:43Z,29448892498725,428,btc_qm_engine:btc_ptmc_rep_cold,5.0000000000
METRIC,2026-04-14T17:54:43Z,29448892522355,428,btc_qm_engine:btc_ptmc_accept,0.9642890805
METRIC,2026-04-14T17:54:43Z,29448892549665,428,btc_qm_engine:btc_ptmc_rep_hot,7.0000000000
METRIC,2026-04-14T17:54:43Z,29448892574895,428,btc_qm_engine:btc_ptmc_rep_cold,6.0000000000
METRIC,2026-04-14T17:54:43Z,29448892599045,428,btc_qm_engine:btc_ptmc_accept,0.9767450351
METRIC,2026-04-14T17:54:43Z,29448991942884,428,btc_qm_engine:btc_ptmc_rep_hot,1.0000000000
METRIC,2026-04-14T17:54:43Z,29448992026194,428,btc_qm_engine:btc_ptmc_rep_cold,0.0000000000
METRIC,2026-04-14T17:54:43Z,29448992052154,428,btc_qm_engine:btc_ptmc_accept,1.0000000000
METRIC,2026-04-14T17:54:43Z,29448992084274,428,btc_qm_engine:btc_ptmc_rep_hot,2.0000000000
METRIC,2026-04-14T17:54:43Z,29448992108834,428,btc_qm_engine:btc_ptmc_rep_cold,1.0000000000
METRIC,2026-04-14T17:54:43Z,29448992132964,428,btc_qm_engine:btc_ptmc_accept,1.0000000000
METRIC,2026-04-14T17:54:43Z,29448992162524,428,btc_qm_engine:btc_ptmc_rep_hot,3.0000000000
METRIC,2026-04-14T17:54:43Z,29448992187084,428,btc_qm_engine:btc_ptmc_rep_cold,2.0000000000
METRIC,2026-04-14T17:54:43Z,29448992220884,428,btc_qm_engine:btc_ptmc_accept,1.0000000000
METRIC,2026-04-14T17:54:43Z,29448992252254,428,btc_qm_engine:btc_ptmc_rep_hot,4.0000000000
METRIC,2026-04-14T17:54:43Z,29448992276564,428,btc_qm_engine:btc_ptmc_rep_cold,3.0000000000
METRIC,2026-04-14T17:54:43Z,29448992305774,428,btc_qm_engine:btc_ptmc_accept,1.0000000000
METRIC,2026-04-14T17:54:43Z,29448992332524,428,btc_qm_engine:btc_ptmc_rep_hot,5.0000000000
METRIC,2026-04-14T17:54:43Z,29448992356194,428,btc_qm_engine:btc_ptmc_rep_cold,4.0000000000
METRIC,2026-04-14T17:54:43Z,29448992378544,428,btc_qm_engine:btc_ptmc_accept,1.0000000000
METRIC,2026-04-14T17:54:43Z,29448992409544,428,btc_qm_engine:btc_ptmc_rep_hot,6.0000000000
METRIC,2026-04-14T17:54:43Z,29448992434284,428,btc_qm_engine:btc_ptmc_rep_cold,5.0000000000
METRIC,2026-04-14T17:54:43Z,29448992458124,428,btc_qm_engine:btc_ptmc_accept,1.0000000000
METRIC,2026-04-14T17:54:43Z,29448992485394,428,btc_qm_engine:btc_ptmc_rep_hot,7.0000000000
METRIC,2026-04-14T17:54:43Z,29448992509094,428,btc_qm_engine:btc_ptmc_rep_cold,6.0000000000
METRIC,2026-04-14T17:54:43Z,29448992532454,428,btc_qm_engine:btc_ptmc_accept,1.0000000000
METRIC,2026-04-14T17:54:43Z,29449103965179,428,btc_qm_engine:btc_ptmc_rep_hot,1.0000000000
METRIC,2026-04-14T17:54:43Z,29449104092739,428,btc_qm_engine:btc_ptmc_rep_cold,0.0000000000
METRIC,2026-04-14T17:54:43Z,29449104114759,428,btc_qm_engine:btc_ptmc_accept,-0.5136174742
METRIC,2026-04-14T17:54:43Z,29449104146999,428,btc_qm_engine:btc_ptmc_rep_hot,2.0000000000
METRIC,2026-04-14T17:54:43Z,29449104172859,428,btc_qm_engine:btc_ptmc_rep_cold,1.0000000000
METRIC,2026-04-14T17:54:43Z,29449104197719,428,btc_qm_engine:btc_ptmc_accept,1.0000000000
METRIC,2026-04-14T17:54:43Z,29449104224689,428,btc_qm_engine:btc_ptmc_rep_hot,3.0000000000
METRIC,2026-04-14T17:54:43Z,29449104244099,428,btc_qm_engine:btc_ptmc_rep_cold,2.0000000000
METRIC,2026-04-14T17:54:43Z,29449104302989,428,btc_qm_engine:btc_ptmc_accept,1.0000000000
METRIC,2026-04-14T17:54:43Z,29449104328979,428,btc_qm_engine:btc_ptmc_rep_hot,4.0000000000
METRIC,2026-04-14T17:54:43Z,29449104351249,428,btc_qm_engine:btc_ptmc_rep_cold,3.0000000000
METRIC,2026-04-14T17:54:43Z,29449104376069,428,btc_qm_engine:btc_ptmc_accept,1.0000000000
METRIC,2026-04-14T17:54:43Z,29449104407179,428,btc_qm_engine:btc_ptmc_rep_hot,5.0000000000
METRIC,2026-04-14T17:54:43Z,29449104432639,428,btc_qm_engine:btc_ptmc_rep_cold,4.0000000000
METRIC,2026-04-14T17:54:43Z,29449104455879,428,btc_qm_engine:btc_ptmc_accept,1.0000000000
METRIC,2026-04-14T17:54:43Z,29449104485419,428,btc_qm_engine:btc_ptmc_rep_hot,6.0000000000
METRIC,2026-04-14T17:54:43Z,29449104504589,428,btc_qm_engine:btc_ptmc_rep_cold,5.0000000000
METRIC,2026-04-14T17:54:43Z,29449104528348,428,btc_qm_engine:btc_ptmc_accept,1.0000000000
METRIC,2026-04-14T17:54:43Z,29449104556528,428,btc_qm_engine:btc_ptmc_rep_hot,7.0000000000
METRIC,2026-04-14T17:54:43Z,29449104580108,428,btc_qm_engine:btc_ptmc_rep_cold,6.0000000000
METRIC,2026-04-14T17:54:43Z,29449104603038,428,btc_qm_engine:btc_ptmc_accept,1.0000000000
METRIC,2026-04-14T17:54:43Z,29449211564925,428,btc_qm_engine:btc_ptmc_rep_hot,1.0000000000
METRIC,2026-04-14T17:54:43Z,29449211672735,428,btc_qm_engine:btc_ptmc_rep_cold,0.0000000000
METRIC,2026-04-14T17:54:43Z,29449211701845,428,btc_qm_engine:btc_ptmc_accept,1.0000000000
METRIC,2026-04-14T17:54:43Z,29449211726705,428,btc_qm_engine:btc_ptmc_rep_hot,2.0000000000
METRIC,2026-04-14T17:54:43Z,29449211746235,428,btc_qm_engine:btc_ptmc_rep_cold,1.0000000000
METRIC,2026-04-14T17:54:43Z,29449211765685,428,btc_qm_engine:btc_ptmc_accept,1.0000000000
METRIC,2026-04-14T17:54:43Z,29449211789725,428,btc_qm_engine:btc_ptmc_rep_hot,3.0000000000
METRIC,2026-04-14T17:54:43Z,29449211808475,428,btc_qm_engine:btc_ptmc_rep_cold,2.0000000000
METRIC,2026-04-14T17:54:43Z,29449211827075,428,btc_qm_engine:btc_ptmc_accept,1.0000000000
METRIC,2026-04-14T17:54:43Z,29449211850915,428,btc_qm_engine:btc_ptmc_rep_hot,4.0000000000
METRIC,2026-04-14T17:54:43Z,29449211869675,428,btc_qm_engine:btc_ptmc_rep_cold,3.0000000000
METRIC,2026-04-14T17:54:43Z,29449211888335,428,btc_qm_engine:btc_ptmc_accept,1.0000000000
METRIC,2026-04-14T17:54:43Z,29449211912745,428,btc_qm_engine:btc_ptmc_rep_hot,5.0000000000
METRIC,2026-04-14T17:54:43Z,29449211931355,428,btc_qm_engine:btc_ptmc_rep_cold,4.0000000000
METRIC,2026-04-14T17:54:43Z,29449211949905,428,btc_qm_engine:btc_ptmc_accept,1.0000000000
METRIC,2026-04-14T17:54:43Z,29449211974505,428,btc_qm_engine:btc_ptmc_rep_hot,6.0000000000
METRIC,2026-04-14T17:54:43Z,29449211994115,428,btc_qm_engine:btc_ptmc_rep_cold,5.0000000000
METRIC,2026-04-14T17:54:43Z,29449212072725,428,btc_qm_engine:btc_ptmc_accept,1.0000000000
METRIC,2026-04-14T17:54:43Z,29449212098135,428,btc_qm_engine:btc_ptmc_rep_hot,7.0000000000
METRIC,2026-04-14T17:54:43Z,29449212117105,428,btc_qm_engine:btc_ptmc_rep_cold,6.0000000000
METRIC,2026-04-14T17:54:43Z,29449212392844,428,btc_qm_engine:btc_ptmc_accept,1.0000000000
METRIC,2026-04-14T17:54:43Z,29449321043920,428,btc_qm_engine:btc_ptmc_rep_hot,1.0000000000
METRIC,2026-04-14T17:54:43Z,29449321139960,428,btc_qm_engine:btc_ptmc_rep_cold,0.0000000000
METRIC,2026-04-14T17:54:43Z,29449321165600,428,btc_qm_engine:btc_ptmc_accept,1.0000000000
METRIC,2026-04-14T17:54:43Z,29449321193870,428,btc_qm_engine:btc_ptmc_rep_hot,2.0000000000
METRIC,2026-04-14T17:54:43Z,29449321217720,428,btc_qm_engine:btc_ptmc_rep_cold,1.0000000000
METRIC,2026-04-14T17:54:43Z,29449321256470,428,btc_qm_engine:btc_ptmc_accept,1.0000000000
METRIC,2026-04-14T17:54:43Z,29449321294100,428,btc_qm_engine:btc_ptmc_rep_hot,3.0000000000
METRIC,2026-04-14T17:54:43Z,29449321318420,428,btc_qm_engine:btc_ptmc_rep_cold,2.0000000000
METRIC,2026-04-14T17:54:43Z,29449321342210,428,btc_qm_engine:btc_ptmc_accept,1.0000000000
METRIC,2026-04-14T17:54:43Z,29449321377210,428,btc_qm_engine:btc_ptmc_rep_hot,4.0000000000
METRIC,2026-04-14T17:54:43Z,29449321400540,428,btc_qm_engine:btc_ptmc_rep_cold,3.0000000000
METRIC,2026-04-14T17:54:43Z,29449321440520,428,btc_qm_engine:btc_ptmc_accept,0.9048418286
METRIC,2026-04-14T17:54:43Z,29449321477840,428,btc_qm_engine:btc_ptmc_rep_hot,5.0000000000
METRIC,2026-04-14T17:54:43Z,29449321502780,428,btc_qm_engine:btc_ptmc_rep_cold,4.0000000000
METRIC,2026-04-14T17:54:43Z,29449321525920,428,btc_qm_engine:btc_ptmc_accept,1.0000000000
METRIC,2026-04-14T17:54:43Z,29449321566650,428,btc_qm_engine:btc_ptmc_rep_hot,6.0000000000
METRIC,2026-04-14T17:54:43Z,29449321594440,428,btc_qm_engine:btc_ptmc_rep_cold,5.0000000000
METRIC,2026-04-14T17:54:43Z,29449321617760,428,btc_qm_engine:btc_ptmc_accept,0.9642902005
METRIC,2026-04-14T17:54:43Z,29449321645640,428,btc_qm_engine:btc_ptmc_rep_hot,7.0000000000
METRIC,2026-04-14T17:54:43Z,29449321669220,428,btc_qm_engine:btc_ptmc_rep_cold,6.0000000000
METRIC,2026-04-14T17:54:43Z,29449321692480,428,btc_qm_engine:btc_ptmc_accept,0.9767450351
METRIC,2026-04-14T17:54:43Z,29449425104768,428,btc_qm_engine:btc_ptmc_rep_hot,1.0000000000
METRIC,2026-04-14T17:54:43Z,29449425175358,428,btc_qm_engine:btc_ptmc_rep_cold,0.0000000000
METRIC,2026-04-14T17:54:43Z,29449425196098,428,btc_qm_engine:btc_ptmc_accept,0.2636887251
METRIC,2026-04-14T17:54:43Z,29449425223468,428,btc_qm_engine:btc_ptmc_rep_hot,2.0000000000
METRIC,2026-04-14T17:54:43Z,29449425247688,428,btc_qm_engine:btc_ptmc_rep_cold,1.0000000000
METRIC,2026-04-14T17:54:43Z,29449425271498,428,btc_qm_engine:btc_ptmc_accept,0.3679273747
METRIC,2026-04-14T17:54:43Z,29449425304218,428,btc_qm_engine:btc_ptmc_rep_hot,3.0000000000
METRIC,2026-04-14T17:54:43Z,29449425328908,428,btc_qm_engine:btc_ptmc_rep_cold,2.0000000000
METRIC,2026-04-14T17:54:43Z,29449425352898,428,btc_qm_engine:btc_ptmc_accept,-0.6065504173
METRIC,2026-04-14T17:54:43Z,29449425384278,428,btc_qm_engine:btc_ptmc_rep_hot,4.0000000000
METRIC,2026-04-14T17:54:43Z,29449425408078,428,btc_qm_engine:btc_ptmc_rep_cold,3.0000000000
METRIC,2026-04-14T17:54:43Z,29449425431488,428,btc_qm_engine:btc_ptmc_accept,1.0000000000
METRIC,2026-04-14T17:54:43Z,29449425463448,428,btc_qm_engine:btc_ptmc_rep_hot,5.0000000000
METRIC,2026-04-14T17:54:43Z,29449425487178,428,btc_qm_engine:btc_ptmc_rep_cold,4.0000000000
METRIC,2026-04-14T17:54:43Z,29449425510678,428,btc_qm_engine:btc_ptmc_accept,1.0000000000
METRIC,2026-04-14T17:54:43Z,29449425547238,428,btc_qm_engine:btc_ptmc_rep_hot,6.0000000000
METRIC,2026-04-14T17:54:43Z,29449425572188,428,btc_qm_engine:btc_ptmc_rep_cold,5.0000000000
METRIC,2026-04-14T17:54:43Z,29449425596028,428,btc_qm_engine:btc_ptmc_accept,1.0000000000
METRIC,2026-04-14T17:54:43Z,29449425622668,428,btc_qm_engine:btc_ptmc_rep_hot,7.0000000000
METRIC,2026-04-14T17:54:43Z,29449425645448,428,btc_qm_engine:btc_ptmc_rep_cold,6.0000000000
METRIC,2026-04-14T17:54:43Z,29449425668858,428,btc_qm_engine:btc_ptmc_accept,1.0000000000
METRIC,2026-04-14T17:54:43Z,29449529435895,428,btc_qm_engine:btc_hashrate_mhs,0.9576484677
METRIC,2026-04-14T17:54:43Z,29449529500655,428,btc_qm_engine:btc_hashrate_thread_id,4.0000000000
METRIC,2026-04-14T17:54:43Z,29449532143704,428,btc_qm_engine:btc_hashrate_mhs,0.9578980126
METRIC,2026-04-14T17:54:43Z,29449532197614,428,btc_qm_engine:btc_hashrate_thread_id,3.0000000000
METRIC,2026-04-14T17:54:43Z,29449532767534,428,btc_qm_engine:btc_nx48_delta_nonce_old,49.9614555392
METRIC,2026-04-14T17:54:43Z,29449532821994,428,btc_qm_engine:btc_nx48_delta_nonce_new,50.0000000000
METRIC,2026-04-14T17:54:43Z,29449532848174,428,btc_qm_engine:btc_nx48_batch_old,4.0000000000
METRIC,2026-04-14T17:54:43Z,29449532872154,428,btc_qm_engine:btc_nx48_batch_new,4.0000000000
METRIC,2026-04-14T17:54:43Z,29449532906554,428,btc_qm_engine:btc_nx48_loss,0.3457906309
METRIC,2026-04-14T17:54:43Z,29449532939434,428,btc_qm_engine:btc_nx48_grad_norm,0.2422010827
METRIC,2026-04-14T17:54:43Z,29449532963634,428,btc_qm_engine:btc_nx48_update_count,1430.0000000000
METRIC,2026-04-14T17:54:43Z,29449532987534,428,btc_qm_engine:btc_nx48_exploration_bias,0.9927321502
METRIC,2026-04-14T17:54:43Z,29449533037134,428,btc_qm_engine:btc_hashrate_mhs,0.9581397503
METRIC,2026-04-14T17:54:43Z,29449533067074,428,btc_qm_engine:btc_hashrate_thread_id,0.0000000000
METRIC,2026-04-14T17:54:43Z,29449533093634,428,btc_qm_engine:btc_ptmc_rep_hot,1.0000000000
METRIC,2026-04-14T17:54:43Z,29449533135354,428,btc_qm_engine:btc_ptmc_rep_cold,0.0000000000
METRIC,2026-04-14T17:54:43Z,29449533161554,428,btc_qm_engine:btc_ptmc_accept,0.0694834512
METRIC,2026-04-14T17:54:43Z,29449533192904,428,btc_qm_engine:btc_ptmc_rep_hot,2.0000000000
METRIC,2026-04-14T17:54:43Z,29449533218834,428,btc_qm_engine:btc_ptmc_rep_cold,1.0000000000
METRIC,2026-04-14T17:54:43Z,29449533243774,428,btc_qm_engine:btc_ptmc_accept,-0.2635971381
METRIC,2026-04-14T17:54:43Z,29449533276004,428,btc_qm_engine:btc_ptmc_rep_hot,3.0000000000
METRIC,2026-04-14T17:54:43Z,29449533308164,428,btc_qm_engine:btc_ptmc_rep_cold,2.0000000000
METRIC,2026-04-14T17:54:43Z,29449533333324,428,btc_qm_engine:btc_ptmc_accept,1.0000000000
METRIC,2026-04-14T17:54:43Z,29449533364594,428,btc_qm_engine:btc_hashrate_mhs,0.9584363586
METRIC,2026-04-14T17:54:43Z,29449533412414,428,btc_qm_engine:btc_hashrate_thread_id,5.0000000000
METRIC,2026-04-14T17:54:43Z,29449533447304,428,btc_qm_engine:btc_ptmc_rep_hot,4.0000000000
METRIC,2026-04-14T17:54:43Z,29449533474114,428,btc_qm_engine:btc_ptmc_rep_cold,3.0000000000
METRIC,2026-04-14T17:54:43Z,29449533497304,428,btc_qm_engine:btc_ptmc_accept,1.0000000000
METRIC,2026-04-14T17:54:43Z,29449533529014,428,btc_qm_engine:btc_ptmc_rep_hot,5.0000000000
METRIC,2026-04-14T17:54:43Z,29449533552754,428,btc_qm_engine:btc_ptmc_rep_cold,4.0000000000
METRIC,2026-04-14T17:54:43Z,29449533576064,428,btc_qm_engine:btc_ptmc_accept,1.0000000000
METRIC,2026-04-14T17:54:43Z,29449533607924,428,btc_qm_engine:btc_ptmc_rep_hot,6.0000000000
METRIC,2026-04-14T17:54:43Z,29449533631164,428,btc_qm_engine:btc_ptmc_rep_cold,5.0000000000
METRIC,2026-04-14T17:54:43Z,29449533654374,428,btc_qm_engine:btc_ptmc_accept,1.0000000000
METRIC,2026-04-14T17:54:43Z,29449533680914,428,btc_qm_engine:btc_ptmc_rep_hot,7.0000000000
METRIC,2026-04-14T17:54:43Z,29449533704134,428,btc_qm_engine:btc_ptmc_rep_cold,6.0000000000
METRIC,2026-04-14T17:54:43Z,29449533727574,428,btc_qm_engine:btc_ptmc_accept,1.0000000000
METRIC,2026-04-14T17:54:43Z,29449535262103,428,btc_qm_engine:btc_hashrate_mhs,0.9584225531
METRIC,2026-04-14T17:54:43Z,29449535305793,428,btc_qm_engine:btc_hashrate_thread_id,2.0000000000
METRIC,2026-04-14T17:54:43Z,29449557553274,428,btc_qm_engine:btc_hashrate_mhs,0.9589546206
METRIC,2026-04-14T17:54:43Z,29449557623444,428,btc_qm_engine:btc_hashrate_thread_id,1.0000000000
METRIC,2026-04-14T17:54:43Z,29449643834919,428,btc_qm_engine:btc_ptmc_rep_hot,1.0000000000
METRIC,2026-04-14T17:54:43Z,29449643919759,428,btc_qm_engine:btc_ptmc_rep_cold,0.0000000000
METRIC,2026-04-14T17:54:43Z,29449643953149,428,btc_qm_engine:btc_ptmc_accept,1.0000000000
METRIC,2026-04-14T17:54:43Z,29449643983069,428,btc_qm_engine:btc_ptmc_rep_hot,2.0000000000
METRIC,2026-04-14T17:54:43Z,29449644019099,428,btc_qm_engine:btc_ptmc_rep_cold,1.0000000000
METRIC,2026-04-14T17:54:43Z,29449644040629,428,btc_qm_engine:btc_ptmc_accept,1.0000000000
METRIC,2026-04-14T17:54:43Z,29449644067658,428,btc_qm_engine:btc_ptmc_rep_hot,3.0000000000
METRIC,2026-04-14T17:54:43Z,29449644091898,428,btc_qm_engine:btc_ptmc_rep_cold,2.0000000000
METRIC,2026-04-14T17:54:43Z,29449644115148,428,btc_qm_engine:btc_ptmc_accept,1.0000000000
METRIC,2026-04-14T17:54:43Z,29449644142698,428,btc_qm_engine:btc_ptmc_rep_hot,4.0000000000
METRIC,2026-04-14T17:54:43Z,29449644164148,428,btc_qm_engine:btc_ptmc_rep_cold,3.0000000000
METRIC,2026-04-14T17:54:43Z,29449644187808,428,btc_qm_engine:btc_ptmc_accept,1.0000000000
METRIC,2026-04-14T17:54:43Z,29449644224948,428,btc_qm_engine:btc_ptmc_rep_hot,5.0000000000
METRIC,2026-04-14T17:54:43Z,29449644253328,428,btc_qm_engine:btc_ptmc_rep_cold,4.0000000000
METRIC,2026-04-14T17:54:43Z,29449644276778,428,btc_qm_engine:btc_ptmc_accept,1.0000000000
METRIC,2026-04-14T17:54:43Z,29449644309578,428,btc_qm_engine:btc_ptmc_rep_hot,6.0000000000
METRIC,2026-04-14T17:54:43Z,29449644332988,428,btc_qm_engine:btc_ptmc_rep_cold,5.0000000000
METRIC,2026-04-14T17:54:43Z,29449644356428,428,btc_qm_engine:btc_ptmc_accept,1.0000000000
METRIC,2026-04-14T17:54:43Z,29449644384748,428,btc_qm_engine:btc_ptmc_rep_hot,7.0000000000
METRIC,2026-04-14T17:54:43Z,29449644424838,428,btc_qm_engine:btc_ptmc_rep_cold,6.0000000000
METRIC,2026-04-14T17:54:43Z,29449644448518,428,btc_qm_engine:btc_ptmc_accept,1.0000000000
METRIC,2026-04-14T17:54:44Z,29449748490736,428,btc_qm_engine:btc_ptmc_rep_hot,1.0000000000
METRIC,2026-04-14T17:54:44Z,29449748577046,428,btc_qm_engine:btc_ptmc_rep_cold,0.0000000000
METRIC,2026-04-14T17:54:44Z,29449748602196,428,btc_qm_engine:btc_ptmc_accept,-0.2636887251
METRIC,2026-04-14T17:54:44Z,29449748634306,428,btc_qm_engine:btc_ptmc_rep_hot,2.0000000000
METRIC,2026-04-14T17:54:44Z,29449748658806,428,btc_qm_engine:btc_ptmc_rep_cold,1.0000000000
METRIC,2026-04-14T17:54:44Z,29449748682306,428,btc_qm_engine:btc_ptmc_accept,1.0000000000
METRIC,2026-04-14T17:54:44Z,29449748713686,428,btc_qm_engine:btc_ptmc_rep_hot,3.0000000000
METRIC,2026-04-14T17:54:44Z,29449748737566,428,btc_qm_engine:btc_ptmc_rep_cold,2.0000000000
METRIC,2026-04-14T17:54:44Z,29449748761476,428,btc_qm_engine:btc_ptmc_accept,1.0000000000
METRIC,2026-04-14T17:54:44Z,29449748791176,428,btc_qm_engine:btc_ptmc_rep_hot,4.0000000000
METRIC,2026-04-14T17:54:44Z,29449748814736,428,btc_qm_engine:btc_ptmc_rep_cold,3.0000000000
METRIC,2026-04-14T17:54:44Z,29449748839216,428,btc_qm_engine:btc_ptmc_accept,1.0000000000
METRIC,2026-04-14T17:54:44Z,29449748869286,428,btc_qm_engine:btc_ptmc_rep_hot,5.0000000000
METRIC,2026-04-14T17:54:44Z,29449748893256,428,btc_qm_engine:btc_ptmc_rep_cold,4.0000000000
METRIC,2026-04-14T17:54:44Z,29449748917696,428,btc_qm_engine:btc_ptmc_accept,1.0000000000
METRIC,2026-04-14T17:54:44Z,29449748965196,428,btc_qm_engine:btc_ptmc_rep_hot,6.0000000000
METRIC,2026-04-14T17:54:44Z,29449748999496,428,btc_qm_engine:btc_ptmc_rep_cold,5.0000000000
METRIC,2026-04-14T17:54:44Z,29449749063186,428,btc_qm_engine:btc_ptmc_accept,1.0000000000
METRIC,2026-04-14T17:54:44Z,29449749090116,428,btc_qm_engine:btc_ptmc_rep_hot,7.0000000000
METRIC,2026-04-14T17:54:44Z,29449749113976,428,btc_qm_engine:btc_ptmc_rep_cold,6.0000000000
METRIC,2026-04-14T17:54:44Z,29449749137976,428,btc_qm_engine:btc_ptmc_accept,1.0000000000
METRIC,2026-04-14T17:54:44Z,29449850422364,428,btc_qm_engine:btc_ptmc_rep_hot,1.0000000000
METRIC,2026-04-14T17:54:44Z,29449850498294,428,btc_qm_engine:btc_ptmc_rep_cold,0.0000000000
METRIC,2026-04-14T17:54:44Z,29449850523834,428,btc_qm_engine:btc_ptmc_accept,0.5136174742
METRIC,2026-04-14T17:54:44Z,29449850557894,428,btc_qm_engine:btc_ptmc_rep_hot,2.0000000000
METRIC,2026-04-14T17:54:44Z,29449850582064,428,btc_qm_engine:btc_ptmc_rep_cold,1.0000000000
METRIC,2026-04-14T17:54:44Z,29449850605764,428,btc_qm_engine:btc_ptmc_accept,0.5133923664
METRIC,2026-04-14T17:54:44Z,29449850633234,428,btc_qm_engine:btc_ptmc_rep_hot,3.0000000000
METRIC,2026-04-14T17:54:44Z,29449850656844,428,btc_qm_engine:btc_ptmc_rep_cold,2.0000000000
METRIC,2026-04-14T17:54:44Z,29449850679974,428,btc_qm_engine:btc_ptmc_accept,1.0000000000
METRIC,2026-04-14T17:54:44Z,29449850704154,428,btc_qm_engine:btc_ptmc_rep_hot,4.0000000000
METRIC,2026-04-14T17:54:44Z,29449850727384,428,btc_qm_engine:btc_ptmc_rep_cold,3.0000000000
METRIC,2026-04-14T17:54:44Z,29449850751184,428,btc_qm_engine:btc_ptmc_accept,0.9048354550
METRIC,2026-04-14T17:54:44Z,29449850778914,428,btc_qm_engine:btc_ptmc_rep_hot,5.0000000000
METRIC,2026-04-14T17:54:44Z,29449850802554,428,btc_qm_engine:btc_ptmc_rep_cold,4.0000000000
METRIC,2026-04-14T17:54:44Z,29449850826244,428,btc_qm_engine:btc_ptmc_accept,0.8290270105
METRIC,2026-04-14T17:54:44Z,29449850853354,428,btc_qm_engine:btc_ptmc_rep_hot,6.0000000000
METRIC,2026-04-14T17:54:44Z,29449850876654,428,btc_qm_engine:btc_ptmc_rep_cold,5.0000000000
METRIC,2026-04-14T17:54:44Z,29449850899954,428,btc_qm_engine:btc_ptmc_accept,0.8966481286
METRIC,2026-04-14T17:54:44Z,29449850923864,428,btc_qm_engine:btc_ptmc_rep_hot,7.0000000000
METRIC,2026-04-14T17:54:44Z,29449850947404,428,btc_qm_engine:btc_ptmc_rep_cold,6.0000000000
METRIC,2026-04-14T17:54:44Z,29449850970604,428,btc_qm_engine:btc_ptmc_accept,0.9318438190
METRIC,2026-04-14T17:54:44Z,29449954017492,428,btc_qm_engine:btc_ptmc_rep_hot,1.0000000000
METRIC,2026-04-14T17:54:44Z,29449954107052,428,btc_qm_engine:btc_ptmc_rep_cold,0.0000000000
METRIC,2026-04-14T17:54:44Z,29449954127682,428,btc_qm_engine:btc_ptmc_accept,1.0000000000
METRIC,2026-04-14T17:54:44Z,29449954154252,428,btc_qm_engine:btc_ptmc_rep_hot,2.0000000000
METRIC,2026-04-14T17:54:44Z,29449954180822,428,btc_qm_engine:btc_ptmc_rep_cold,1.0000000000
METRIC,2026-04-14T17:54:44Z,29449954205152,428,btc_qm_engine:btc_ptmc_accept,1.0000000000
METRIC,2026-04-14T17:54:44Z,29449954236812,428,btc_qm_engine:btc_ptmc_rep_hot,3.0000000000
METRIC,2026-04-14T17:54:44Z,29449954262002,428,btc_qm_engine:btc_ptmc_rep_cold,2.0000000000
METRIC,2026-04-14T17:54:44Z,29449954291302,428,btc_qm_engine:btc_ptmc_accept,1.0000000000
METRIC,2026-04-14T17:54:44Z,29449954319332,428,btc_qm_engine:btc_ptmc_rep_hot,4.0000000000
METRIC,2026-04-14T17:54:44Z,29449954338552,428,btc_qm_engine:btc_ptmc_rep_cold,3.0000000000
METRIC,2026-04-14T17:54:44Z,29449954357292,428,btc_qm_engine:btc_ptmc_accept,1.0000000000
METRIC,2026-04-14T17:54:44Z,29449954382112,428,btc_qm_engine:btc_ptmc_rep_hot,5.0000000000
METRIC,2026-04-14T17:54:44Z,29449954400772,428,btc_qm_engine:btc_ptmc_rep_cold,4.0000000000
METRIC,2026-04-14T17:54:44Z,29449954419422,428,btc_qm_engine:btc_ptmc_accept,1.0000000000
METRIC,2026-04-14T17:54:44Z,29449954444322,428,btc_qm_engine:btc_ptmc_rep_hot,6.0000000000
METRIC,2026-04-14T17:54:44Z,29449954462962,428,btc_qm_engine:btc_ptmc_rep_cold,5.0000000000
METRIC,2026-04-14T17:54:44Z,29449954481562,428,btc_qm_engine:btc_ptmc_accept,1.0000000000
METRIC,2026-04-14T17:54:44Z,29449954502972,428,btc_qm_engine:btc_ptmc_rep_hot,7.0000000000
METRIC,2026-04-14T17:54:44Z,29449954522532,428,btc_qm_engine:btc_ptmc_rep_cold,6.0000000000
METRIC,2026-04-14T17:54:44Z,29449954544482,428,btc_qm_engine:btc_ptmc_accept,1.0000000000
METRIC,2026-04-14T17:54:44Z,29450055926331,428,btc_qm_engine:btc_ptmc_rep_hot,1.0000000000
METRIC,2026-04-14T17:54:44Z,29450056015561,428,btc_qm_engine:btc_ptmc_rep_cold,0.0000000000
METRIC,2026-04-14T17:54:44Z,29450056036951,428,btc_qm_engine:btc_ptmc_accept,1.0000000000
METRIC,2026-04-14T17:54:44Z,29450056062071,428,btc_qm_engine:btc_ptmc_rep_hot,2.0000000000
METRIC,2026-04-14T17:54:44Z,29450056081401,428,btc_qm_engine:btc_ptmc_rep_cold,1.0000000000
METRIC,2026-04-14T17:54:44Z,29450056105151,428,btc_qm_engine:btc_ptmc_accept,1.0000000000
METRIC,2026-04-14T17:54:44Z,29450056136991,428,btc_qm_engine:btc_ptmc_rep_hot,3.0000000000
METRIC,2026-04-14T17:54:44Z,29450056157721,428,btc_qm_engine:btc_ptmc_rep_cold,2.0000000000
METRIC,2026-04-14T17:54:44Z,29450056176641,428,btc_qm_engine:btc_ptmc_accept,1.0000000000
METRIC,2026-04-14T17:54:44Z,29450056201261,428,btc_qm_engine:btc_ptmc_rep_hot,4.0000000000
METRIC,2026-04-14T17:54:44Z,29450056220481,428,btc_qm_engine:btc_ptmc_rep_cold,3.0000000000
METRIC,2026-04-14T17:54:44Z,29450056239761,428,btc_qm_engine:btc_ptmc_accept,1.0000000000
METRIC,2026-04-14T17:54:44Z,29450056265601,428,btc_qm_engine:btc_ptmc_rep_hot,5.0000000000
METRIC,2026-04-14T17:54:44Z,29450056290611,428,btc_qm_engine:btc_ptmc_rep_cold,4.0000000000
METRIC,2026-04-14T17:54:44Z,29450056315430,428,btc_qm_engine:btc_ptmc_accept,1.0000000000
METRIC,2026-04-14T17:54:44Z,29450056345830,428,btc_qm_engine:btc_ptmc_rep_hot,6.0000000000
METRIC,2026-04-14T17:54:44Z,29450056365040,428,btc_qm_engine:btc_ptmc_rep_cold,5.0000000000
METRIC,2026-04-14T17:54:44Z,29450056384060,428,btc_qm_engine:btc_ptmc_accept,1.0000000000
METRIC,2026-04-14T17:54:44Z,29450056405440,428,btc_qm_engine:btc_ptmc_rep_hot,7.0000000000
METRIC,2026-04-14T17:54:44Z,29450056434500,428,btc_qm_engine:btc_ptmc_rep_cold,6.0000000000
METRIC,2026-04-14T17:54:44Z,29450056463280,428,btc_qm_engine:btc_ptmc_accept,1.0000000000
METRIC,2026-04-14T17:54:44Z,29450160411278,428,btc_qm_engine:btc_ptmc_rep_hot,1.0000000000
METRIC,2026-04-14T17:54:44Z,29450160496698,428,btc_qm_engine:btc_ptmc_rep_cold,0.0000000000
METRIC,2026-04-14T17:54:44Z,29450160531628,428,btc_qm_engine:btc_ptmc_accept,0.5135063048
METRIC,2026-04-14T17:54:44Z,29450160564798,428,btc_qm_engine:btc_ptmc_rep_hot,2.0000000000
METRIC,2026-04-14T17:54:44Z,29450160608928,428,btc_qm_engine:btc_ptmc_rep_cold,1.0000000000
METRIC,2026-04-14T17:54:44Z,29450160634038,428,btc_qm_engine:btc_ptmc_accept,1.0000000000
METRIC,2026-04-14T17:54:44Z,29450160666388,428,btc_qm_engine:btc_ptmc_rep_hot,3.0000000000
METRIC,2026-04-14T17:54:44Z,29450160690948,428,btc_qm_engine:btc_ptmc_rep_cold,2.0000000000
METRIC,2026-04-14T17:54:44Z,29450160714448,428,btc_qm_engine:btc_ptmc_accept,0.8464909161
METRIC,2026-04-14T17:54:44Z,29450160755648,428,btc_qm_engine:btc_ptmc_rep_hot,4.0000000000
METRIC,2026-04-14T17:54:44Z,29450160781358,428,btc_qm_engine:btc_ptmc_rep_cold,3.0000000000
METRIC,2026-04-14T17:54:44Z,29450160806678,428,btc_qm_engine:btc_ptmc_accept,1.0000000000
METRIC,2026-04-14T17:54:44Z,29450160841098,428,btc_qm_engine:btc_ptmc_rep_hot,5.0000000000
METRIC,2026-04-14T17:54:44Z,29450160866708,428,btc_qm_engine:btc_ptmc_rep_cold,4.0000000000
METRIC,2026-04-14T17:54:44Z,29450160889938,428,btc_qm_engine:btc_ptmc_accept,0.9394144973
METRIC,2026-04-14T17:54:44Z,29450160918578,428,btc_qm_engine:btc_ptmc_rep_hot,6.0000000000
METRIC,2026-04-14T17:54:44Z,29450160943428,428,btc_qm_engine:btc_ptmc_rep_cold,5.0000000000
METRIC,2026-04-14T17:54:44Z,29450160968138,428,btc_qm_engine:btc_ptmc_accept,0.9642900774
METRIC,2026-04-14T17:54:44Z,29450160995328,428,btc_qm_engine:btc_ptmc_rep_hot,7.0000000000
METRIC,2026-04-14T17:54:44Z,29450161077918,428,btc_qm_engine:btc_ptmc_rep_cold,6.0000000000
METRIC,2026-04-14T17:54:44Z,29450161100388,428,btc_qm_engine:btc_ptmc_accept,0.9767452464
METRIC,2026-04-14T17:54:44Z,29450265218915,428,btc_qm_engine:btc_ptmc_rep_hot,1.0000000000
METRIC,2026-04-14T17:54:44Z,29450265298895,428,btc_qm_engine:btc_ptmc_rep_cold,0.0000000000
METRIC,2026-04-14T17:54:44Z,29450265325365,428,btc_qm_engine:btc_ptmc_accept,1.0000000000
METRIC,2026-04-14T17:54:44Z,29450265358205,428,btc_qm_engine:btc_ptmc_rep_hot,2.0000000000
METRIC,2026-04-14T17:54:44Z,29450265381655,428,btc_qm_engine:btc_ptmc_rep_cold,1.0000000000
METRIC,2026-04-14T17:54:44Z,29450265404615,428,btc_qm_engine:btc_ptmc_accept,1.0000000000
METRIC,2026-04-14T17:54:44Z,29450265426825,428,btc_qm_engine:btc_ptmc_rep_hot,3.0000000000
METRIC,2026-04-14T17:54:44Z,29450265445595,428,btc_qm_engine:btc_ptmc_rep_cold,2.0000000000
METRIC,2026-04-14T17:54:44Z,29450265464275,428,btc_qm_engine:btc_ptmc_accept,1.0000000000
METRIC,2026-04-14T17:54:44Z,29450265483235,428,btc_qm_engine:btc_ptmc_rep_hot,4.0000000000
METRIC,2026-04-14T17:54:44Z,29450265501835,428,btc_qm_engine:btc_ptmc_rep_cold,3.0000000000
METRIC,2026-04-14T17:54:44Z,29450265520475,428,btc_qm_engine:btc_ptmc_accept,1.0000000000
METRIC,2026-04-14T17:54:44Z,29450265554045,428,btc_qm_engine:btc_ptmc_rep_hot,5.0000000000
METRIC,2026-04-14T17:54:44Z,29450265572775,428,btc_qm_engine:btc_ptmc_rep_cold,4.0000000000
METRIC,2026-04-14T17:54:44Z,29450265591495,428,btc_qm_engine:btc_ptmc_accept,0.9394130628
METRIC,2026-04-14T17:54:44Z,29450265629545,428,btc_qm_engine:btc_ptmc_rep_hot,6.0000000000
METRIC,2026-04-14T17:54:44Z,29450265656255,428,btc_qm_engine:btc_ptmc_rep_cold,5.0000000000
METRIC,2026-04-14T17:54:44Z,29450265675135,428,btc_qm_engine:btc_ptmc_accept,0.9642895790
METRIC,2026-04-14T17:54:44Z,29450265698665,428,btc_qm_engine:btc_ptmc_rep_hot,7.0000000000
METRIC,2026-04-14T17:54:44Z,29450265717565,428,btc_qm_engine:btc_ptmc_rep_cold,6.0000000000
METRIC,2026-04-14T17:54:44Z,29450265736305,428,btc_qm_engine:btc_ptmc_accept,1.0000000000
METRIC,2026-04-14T17:54:44Z,29450387940935,428,btc_qm_engine:btc_ptmc_rep_hot,1.0000000000
METRIC,2026-04-14T17:54:44Z,29450388053785,428,btc_qm_engine:btc_ptmc_rep_cold,0.0000000000
METRIC,2026-04-14T17:54:44Z,29450388081235,428,btc_qm_engine:btc_ptmc_accept,-0.1353352832
METRIC,2026-04-14T17:54:44Z,29450388115195,428,btc_qm_engine:btc_ptmc_rep_hot,2.0000000000
METRIC,2026-04-14T17:54:44Z,29450388139395,428,btc_qm_engine:btc_ptmc_rep_cold,1.0000000000
METRIC,2026-04-14T17:54:44Z,29450388163165,428,btc_qm_engine:btc_ptmc_accept,1.0000000000
METRIC,2026-04-14T17:54:44Z,29450388190445,428,btc_qm_engine:btc_ptmc_rep_hot,3.0000000000
METRIC,2026-04-14T17:54:44Z,29450388242225,428,btc_qm_engine:btc_ptmc_rep_cold,2.0000000000
METRIC,2026-04-14T17:54:44Z,29450388265925,428,btc_qm_engine:btc_ptmc_accept,1.0000000000
METRIC,2026-04-14T17:54:44Z,29450388304465,428,btc_qm_engine:btc_ptmc_rep_hot,4.0000000000
METRIC,2026-04-14T17:54:44Z,29450388328575,428,btc_qm_engine:btc_ptmc_rep_cold,3.0000000000
METRIC,2026-04-14T17:54:44Z,29450388352485,428,btc_qm_engine:btc_ptmc_accept,1.0000000000
METRIC,2026-04-14T17:54:44Z,29450388386735,428,btc_qm_engine:btc_ptmc_rep_hot,5.0000000000
METRIC,2026-04-14T17:54:44Z,29450388410865,428,btc_qm_engine:btc_ptmc_rep_cold,4.0000000000
METRIC,2026-04-14T17:54:44Z,29450388433995,428,btc_qm_engine:btc_ptmc_accept,1.0000000000
METRIC,2026-04-14T17:54:44Z,29450388469145,428,btc_qm_engine:btc_ptmc_rep_hot,6.0000000000
METRIC,2026-04-14T17:54:44Z,29450388493005,428,btc_qm_engine:btc_ptmc_rep_cold,5.0000000000
METRIC,2026-04-14T17:54:44Z,29450388515765,428,btc_qm_engine:btc_ptmc_accept,1.0000000000
METRIC,2026-04-14T17:54:44Z,29450388543155,428,btc_qm_engine:btc_ptmc_rep_hot,7.0000000000
METRIC,2026-04-14T17:54:44Z,29450388565405,428,btc_qm_engine:btc_ptmc_rep_cold,6.0000000000
METRIC,2026-04-14T17:54:44Z,29450388589275,428,btc_qm_engine:btc_ptmc_accept,1.0000000000
METRIC,2026-04-14T17:54:44Z,29450488129104,428,btc_qm_engine:btc_ptmc_rep_hot,1.0000000000
METRIC,2026-04-14T17:54:44Z,29450488198094,428,btc_qm_engine:btc_ptmc_rep_cold,0.0000000000
METRIC,2026-04-14T17:54:44Z,29450488219204,428,btc_qm_engine:btc_ptmc_accept,1.0000000000
METRIC,2026-04-14T17:54:44Z,29450488245504,428,btc_qm_engine:btc_ptmc_rep_hot,2.0000000000
METRIC,2026-04-14T17:54:44Z,29450488265044,428,btc_qm_engine:btc_ptmc_rep_cold,1.0000000000
METRIC,2026-04-14T17:54:44Z,29450488285104,428,btc_qm_engine:btc_ptmc_accept,0.7164924961
METRIC,2026-04-14T17:54:44Z,29450488311604,428,btc_qm_engine:btc_ptmc_rep_hot,3.0000000000
METRIC,2026-04-14T17:54:44Z,29450488330984,428,btc_qm_engine:btc_ptmc_rep_cold,2.0000000000
METRIC,2026-04-14T17:54:44Z,29450488362634,428,btc_qm_engine:btc_ptmc_accept,1.0000000000
METRIC,2026-04-14T17:54:44Z,29450488396614,428,btc_qm_engine:btc_ptmc_rep_hot,4.0000000000
METRIC,2026-04-14T17:54:44Z,29450488416074,428,btc_qm_engine:btc_ptmc_rep_cold,3.0000000000
METRIC,2026-04-14T17:54:44Z,29450488435324,428,btc_qm_engine:btc_ptmc_accept,1.0000000000
METRIC,2026-04-14T17:54:44Z,29450488461034,428,btc_qm_engine:btc_ptmc_rep_hot,5.0000000000
METRIC,2026-04-14T17:54:44Z,29450488480704,428,btc_qm_engine:btc_ptmc_rep_cold,4.0000000000
METRIC,2026-04-14T17:54:44Z,29450488499704,428,btc_qm_engine:btc_ptmc_accept,1.0000000000
METRIC,2026-04-14T17:54:44Z,29450488525204,428,btc_qm_engine:btc_ptmc_rep_hot,6.0000000000
METRIC,2026-04-14T17:54:44Z,29450488548204,428,btc_qm_engine:btc_ptmc_rep_cold,5.0000000000
