event,timestamp_utc,timestamp_ns,pid,detail,value
INIT,2026-04-13T17:49:00Z,120666806183852,864,activation,100PCT_INCONDITIONNELLE
INIT,2026-04-13T17:49:00Z,120666806183852,864,modules_reels,ultra_forensic_logger_v3+memory_tracker
INIT,2026-04-13T17:49:00Z,120666806183852,864,version,3.0_cycle17_NL03_NV01_NV02_AC01_NANO_ANOMALY_FIX_RAM01
HW_SAMPLE,2026-04-13T17:49:00Z,120666806183852,864,init:cpu_delta_pct,0.0000
HW_SAMPLE,2026-04-13T17:49:00Z,120666806183852,864,init:mem_used_pct,33.0855
HW_SAMPLE,2026-04-13T17:49:00Z,120666806183852,864,init:mem_total_kb,65847772
HW_SAMPLE,2026-04-13T17:49:00Z,120666806183852,864,init:mem_avail_kb,44061696
HW_SAMPLE,2026-04-13T17:49:00Z,120666806183852,864,init:vm_rss_kb,3804
HW_SAMPLE,2026-04-13T17:49:00Z,120666806183852,864,init:vm_peak_kb,14716
MODULE_START,2026-04-13T17:49:00Z,120666806404782,864,btc_qm_engine,main_btc_mining
METRIC,2026-04-13T17:49:00Z,120666806422712,864,btc_qm_engine:btc_run_mode_hash,66.0000000000
METRIC,2026-04-13T17:49:00Z,120666806460682,864,btc_qm_engine:btc_module_version,17.0000000000
METRIC,2026-04-13T17:49:00Z,120666806520822,864,btc_qm_engine:btc_nx48_csv_loaded,1.0000000000
METRIC,2026-04-13T17:49:00Z,120666806575702,864,btc_qm_engine:btc_nx48_init_loaded,1.0000000000
METRIC,2026-04-13T17:49:00Z,120666806600602,864,btc_qm_engine:btc_nx48_delta_nonce_scale,28.0357020000
METRIC,2026-04-13T17:49:00Z,120666806626392,864,btc_qm_engine:btc_nx48_n_replicas_scale,1.0000000000
METRIC,2026-04-13T17:49:00Z,120666806650022,864,btc_qm_engine:btc_nx48_swap_temp_scale,1.0000000000
METRIC,2026-04-13T17:49:00Z,120666806673512,864,btc_qm_engine:btc_nx48_batch_size_scale,4.0000000000
METRIC,2026-04-13T17:49:00Z,120666806696632,864,btc_qm_engine:btc_nx48_exploration_bias,0.6209970000
METRIC,2026-04-13T17:49:00Z,120666806737942,864,btc_qm_engine:btc_sha256_self_test_pass,1.0000000000
METRIC,2026-04-13T17:49:00Z,120666806774532,864,btc_qm_engine:btc_wallet_from_privkey_start,1.0000000000
METRIC,2026-04-13T17:49:00Z,120666809362482,864,btc_qm_engine:btc_wallet_from_privkey_ok,1.0000000000
METRIC,2026-04-13T17:49:00Z,120666809597342,864,btc_qm_engine:btc_wallet_saved_json,1.0000000000
METRIC,2026-04-13T17:49:00Z,120666809629642,864,btc_qm_engine:btc_sha256_self_test_pass,1.0000000000
METRIC,2026-04-13T17:49:00Z,120666809649132,864,btc_qm_engine:btc_integrity_gate_pass,1.0000000000
MODULE_START,2026-04-13T17:49:00Z,120666809668262,864,btc_qm_engine,btc_engine_create
METRIC,2026-04-13T17:49:00Z,120666809675702,864,btc_qm_engine:btc_n_replicas,8.0000000000
METRIC,2026-04-13T17:49:00Z,120666809697992,864,btc_qm_engine:btc_n_threads,8.0000000000
METRIC,2026-04-13T17:49:00Z,120666809716512,864,btc_qm_engine:btc_batch_size,256.0000000000
METRIC,2026-04-13T17:49:00Z,120666809735582,864,btc_qm_engine:btc_nonce_start,0.0000000000
METRIC,2026-04-13T17:49:00Z,120666809753922,864,btc_qm_engine:btc_nonce_end,4294967295.0000000000
METRIC,2026-04-13T17:49:00Z,120666809773062,864,btc_qm_engine:btc_duration_s,0.0000000000
METRIC,2026-04-13T17:49:00Z,120666809791332,864,btc_qm_engine:btc_replica_idx,0.0000000000
METRIC,2026-04-13T17:49:00Z,120666809818272,864,btc_qm_engine:btc_replica_nonce,0.0000000000
METRIC,2026-04-13T17:49:00Z,120666809843262,864,btc_qm_engine:btc_replica_temp,1.0000000000
METRIC,2026-04-13T17:49:00Z,120666809867872,864,btc_qm_engine:btc_replica_leading,0.0000000000
METRIC,2026-04-13T17:49:00Z,120666809892322,864,btc_qm_engine:btc_replica_idx,1.0000000000
METRIC,2026-04-13T17:49:00Z,120666809916292,864,btc_qm_engine:btc_replica_nonce,536870911.0000000000
METRIC,2026-04-13T17:49:00Z,120666809941802,864,btc_qm_engine:btc_replica_temp,2.0000000000
METRIC,2026-04-13T17:49:00Z,120666809965762,864,btc_qm_engine:btc_replica_leading,0.0000000000
METRIC,2026-04-13T17:49:00Z,120666809990192,864,btc_qm_engine:btc_replica_idx,2.0000000000
METRIC,2026-04-13T17:49:00Z,120666810055772,864,btc_qm_engine:btc_replica_nonce,1073741822.0000000000
METRIC,2026-04-13T17:49:00Z,120666810083322,864,btc_qm_engine:btc_replica_temp,4.0000000000
METRIC,2026-04-13T17:49:00Z,120666810119592,864,btc_qm_engine:btc_replica_leading,0.0000000000
METRIC,2026-04-13T17:49:00Z,120666810148712,864,btc_qm_engine:btc_replica_idx,3.0000000000
METRIC,2026-04-13T17:49:00Z,120666810172852,864,btc_qm_engine:btc_replica_nonce,1610612733.0000000000
METRIC,2026-04-13T17:49:00Z,120666810199172,864,btc_qm_engine:btc_replica_temp,8.0000000000
METRIC,2026-04-13T17:49:00Z,120666810223662,864,btc_qm_engine:btc_replica_leading,0.0000000000
METRIC,2026-04-13T17:49:00Z,120666810253502,864,btc_qm_engine:btc_replica_idx,4.0000000000
METRIC,2026-04-13T17:49:00Z,120666810277042,864,btc_qm_engine:btc_replica_nonce,2147483644.0000000000
METRIC,2026-04-13T17:49:00Z,120666810302292,864,btc_qm_engine:btc_replica_temp,12.0000000000
METRIC,2026-04-13T17:49:00Z,120666810326372,864,btc_qm_engine:btc_replica_leading,0.0000000000
METRIC,2026-04-13T17:49:00Z,120666810369402,864,btc_qm_engine:btc_replica_idx,5.0000000000
METRIC,2026-04-13T17:49:00Z,120666810392382,864,btc_qm_engine:btc_replica_nonce,2684354555.0000000000
METRIC,2026-04-13T17:49:00Z,120666810422622,864,btc_qm_engine:btc_replica_temp,20.0000000000
METRIC,2026-04-13T17:49:00Z,120666810449222,864,btc_qm_engine:btc_replica_leading,0.0000000000
METRIC,2026-04-13T17:49:00Z,120666810473622,864,btc_qm_engine:btc_replica_idx,6.0000000000
METRIC,2026-04-13T17:49:00Z,120666810497602,864,btc_qm_engine:btc_replica_nonce,3221225466.0000000000
METRIC,2026-04-13T17:49:00Z,120666810522572,864,btc_qm_engine:btc_replica_temp,35.0000000000
METRIC,2026-04-13T17:49:00Z,120666810548222,864,btc_qm_engine:btc_replica_leading,0.0000000000
METRIC,2026-04-13T17:49:00Z,120666810573152,864,btc_qm_engine:btc_replica_idx,7.0000000000
METRIC,2026-04-13T17:49:00Z,120666810591952,864,btc_qm_engine:btc_replica_nonce,3758096377.0000000000
METRIC,2026-04-13T17:49:00Z,120666810611192,864,btc_qm_engine:btc_replica_temp,50.0000000000
METRIC,2026-04-13T17:49:00Z,120666810629742,864,btc_qm_engine:btc_replica_leading,0.0000000000
METRIC,2026-04-13T17:49:00Z,120666810648912,864,btc_qm_engine:btc_midstate_applied,1.0000000000
THREAD,2026-04-13T17:49:00Z,120666810746142,864,btc_qm_engine:btc_mining_worker_START,139744483735232
METRIC,2026-04-13T17:49:00Z,120666810760752,864,btc_qm_engine:btc_block_nonce,222135175.0000000000
THREAD,2026-04-13T17:49:00Z,120666810786942,864,btc_qm_engine:btc_mining_worker_START,139744475342528
METRIC,2026-04-13T17:49:00Z,120666810836792,864,btc_qm_engine:btc_best_leading_zeros,2.0000000000
METRIC,2026-04-13T17:49:00Z,120666810857452,864,btc_qm_engine:btc_block_valid,0.0000000000
THREAD,2026-04-13T17:49:00Z,120666810860292,864,btc_qm_engine:btc_mining_worker_START,139744466949824
ANOMALY,2026-04-13T17:49:00Z,120666810877882,864,btc_qm_engine:btc_near_miss_or_valid,2.0000000000
THREAD,2026-04-13T17:49:00Z,120666810901672,864,btc_qm_engine:btc_mining_worker_START,139744458557120
METRIC,2026-04-13T17:49:00Z,120666810903172,864,btc_qm_engine:btc_best_leading_zeros,2.0000000000
THREAD,2026-04-13T17:49:00Z,120666810938882,864,btc_qm_engine:btc_mining_worker_START,139744450164416
THREAD,2026-04-13T17:49:00Z,120666810983612,864,btc_qm_engine:btc_mining_worker_START,139744441771712
METRIC,2026-04-13T17:49:00Z,120666810991922,864,btc_qm_engine:btc_nx48_csv_saved,1.0000000000
METRIC,2026-04-13T17:49:00Z,120666811043422,864,btc_qm_engine:btc_block_nonce,146871258.0000000000
METRIC,2026-04-13T17:49:00Z,120666811065132,864,btc_qm_engine:btc_best_leading_zeros,3.0000000000
METRIC,2026-04-13T17:49:00Z,120666811084532,864,btc_qm_engine:btc_block_valid,0.0000000000
THREAD,2026-04-13T17:49:00Z,120666811094852,864,btc_qm_engine:btc_mining_worker_START,139744433379008
ANOMALY,2026-04-13T17:49:00Z,120666811103402,864,btc_qm_engine:btc_near_miss_or_valid,3.0000000000
METRIC,2026-04-13T17:49:00Z,120666811106902,864,btc_qm_engine:btc_threads_launched,8.0000000000
THREAD,2026-04-13T17:49:00Z,120666811133432,864,btc_qm_engine:btc_mining_worker_START,139744424986304
METRIC,2026-04-13T17:49:00Z,120666811193342,864,btc_qm_engine:btc_best_leading_zeros,3.0000000000
METRIC,2026-04-13T17:49:00Z,120666811261492,864,btc_qm_engine:btc_nx48_csv_saved,1.0000000000
METRIC,2026-04-13T17:49:00Z,120666811287732,864,btc_qm_engine:btc_block_nonce,1374042351.0000000000
METRIC,2026-04-13T17:49:00Z,120666811314132,864,btc_qm_engine:btc_best_leading_zeros,4.0000000000
METRIC,2026-04-13T17:49:00Z,120666811335682,864,btc_qm_engine:btc_block_valid,0.0000000000
ANOMALY,2026-04-13T17:49:00Z,120666811354372,864,btc_qm_engine:btc_near_miss_or_valid,4.0000000000
METRIC,2026-04-13T17:49:00Z,120666811374332,864,btc_qm_engine:btc_best_leading_zeros,4.0000000000
METRIC,2026-04-13T17:49:00Z,120666811442112,864,btc_qm_engine:btc_nx48_csv_saved,1.0000000000
METRIC,2026-04-13T17:49:00Z,120666811797472,864,btc_qm_engine:btc_block_nonce,3698806557.0000000000
METRIC,2026-04-13T17:49:00Z,120666811878582,864,btc_qm_engine:btc_best_leading_zeros,8.0000000000
METRIC,2026-04-13T17:49:00Z,120666811904222,864,btc_qm_engine:btc_block_valid,0.0000000000
ANOMALY,2026-04-13T17:49:00Z,120666811950402,864,btc_qm_engine:btc_near_miss_or_valid,8.0000000000
METRIC,2026-04-13T17:49:00Z,120666811976232,864,btc_qm_engine:btc_best_leading_zeros,8.0000000000
METRIC,2026-04-13T17:49:00Z,120666812603832,864,btc_qm_engine:btc_nx48_csv_saved,1.0000000000
METRIC,2026-04-13T17:49:00Z,120666812678192,864,btc_qm_engine:btc_block_nonce,1724688460.0000000000
METRIC,2026-04-13T17:49:00Z,120666812720842,864,btc_qm_engine:btc_best_leading_zeros,10.0000000000
METRIC,2026-04-13T17:49:00Z,120666812758902,864,btc_qm_engine:btc_block_valid,0.0000000000
ANOMALY,2026-04-13T17:49:00Z,120666812783892,864,btc_qm_engine:btc_near_miss_or_valid,10.0000000000
METRIC,2026-04-13T17:49:00Z,120666812819502,864,btc_qm_engine:btc_best_leading_zeros,10.0000000000
METRIC,2026-04-13T17:49:00Z,120666812907012,864,btc_qm_engine:btc_nx48_csv_saved,1.0000000000
METRIC,2026-04-13T17:49:00Z,120666818638812,864,btc_qm_engine:btc_block_nonce,1884942878.0000000000
METRIC,2026-04-13T17:49:00Z,120666818722202,864,btc_qm_engine:btc_best_leading_zeros,12.0000000000
METRIC,2026-04-13T17:49:00Z,120666818749272,864,btc_qm_engine:btc_block_valid,0.0000000000
ANOMALY,2026-04-13T17:49:00Z,120666818774312,864,btc_qm_engine:btc_near_miss_or_valid,12.0000000000
METRIC,2026-04-13T17:49:00Z,120666818804282,864,btc_qm_engine:btc_best_leading_zeros,12.0000000000
METRIC,2026-04-13T17:49:00Z,120666818908252,864,btc_qm_engine:btc_nx48_csv_saved,1.0000000000
METRIC,2026-04-13T17:49:00Z,120666917930199,864,btc_qm_engine:btc_ptmc_rep_hot,1.0000000000
METRIC,2026-04-13T17:49:00Z,120666918028769,864,btc_qm_engine:btc_ptmc_rep_cold,0.0000000000
METRIC,2026-04-13T17:49:00Z,120666918050129,864,btc_qm_engine:btc_ptmc_accept,0.5134171190
METRIC,2026-04-13T17:49:00Z,120666918071489,864,btc_qm_engine:btc_ptmc_rep_hot,2.0000000000
METRIC,2026-04-13T17:49:00Z,120666918090519,864,btc_qm_engine:btc_ptmc_rep_cold,1.0000000000
METRIC,2026-04-13T17:49:00Z,120666918109089,864,btc_qm_engine:btc_ptmc_accept,0.7165001846
METRIC,2026-04-13T17:49:00Z,120666918134959,864,btc_qm_engine:btc_ptmc_rep_hot,3.0000000000
METRIC,2026-04-13T17:49:00Z,120666918155829,864,btc_qm_engine:btc_ptmc_rep_cold,2.0000000000
METRIC,2026-04-13T17:49:00Z,120666918180699,864,btc_qm_engine:btc_ptmc_accept,1.0000000000
METRIC,2026-04-13T17:49:00Z,120666918210069,864,btc_qm_engine:btc_ptmc_rep_hot,4.0000000000
METRIC,2026-04-13T17:49:00Z,120666918228879,864,btc_qm_engine:btc_ptmc_rep_cold,3.0000000000
METRIC,2026-04-13T17:49:00Z,120666918247469,864,btc_qm_engine:btc_ptmc_accept,0.8187243518
METRIC,2026-04-13T17:49:00Z,120666918333999,864,btc_qm_engine:btc_ptmc_rep_hot,5.0000000000
METRIC,2026-04-13T17:49:00Z,120666918355319,864,btc_qm_engine:btc_ptmc_rep_cold,4.0000000000
METRIC,2026-04-13T17:49:00Z,120666918374119,864,btc_qm_engine:btc_ptmc_accept,1.0000000000
METRIC,2026-04-13T17:49:00Z,120666918399409,864,btc_qm_engine:btc_ptmc_rep_hot,6.0000000000
METRIC,2026-04-13T17:49:00Z,120666918430859,864,btc_qm_engine:btc_ptmc_rep_cold,5.0000000000
METRIC,2026-04-13T17:49:00Z,120666918458819,864,btc_qm_engine:btc_ptmc_accept,1.0000000000
METRIC,2026-04-13T17:49:00Z,120666918483479,864,btc_qm_engine:btc_ptmc_rep_hot,7.0000000000
METRIC,2026-04-13T17:49:00Z,120666918502079,864,btc_qm_engine:btc_ptmc_rep_cold,6.0000000000
METRIC,2026-04-13T17:49:00Z,120666918520579,864,btc_qm_engine:btc_ptmc_accept,1.0000000000
METRIC,2026-04-13T17:49:00Z,120667021641307,864,btc_qm_engine:btc_ptmc_rep_hot,1.0000000000
METRIC,2026-04-13T17:49:00Z,120667021722787,864,btc_qm_engine:btc_ptmc_rep_cold,0.0000000000
METRIC,2026-04-13T17:49:00Z,120667021750237,864,btc_qm_engine:btc_ptmc_accept,0.2636887251
METRIC,2026-04-13T17:49:00Z,120667021783767,864,btc_qm_engine:btc_ptmc_rep_hot,2.0000000000
METRIC,2026-04-13T17:49:00Z,120667021803857,864,btc_qm_engine:btc_ptmc_rep_cold,1.0000000000
METRIC,2026-04-13T17:49:00Z,120667021829357,864,btc_qm_engine:btc_ptmc_accept,-0.5133614969
METRIC,2026-04-13T17:49:00Z,120667021864097,864,btc_qm_engine:btc_ptmc_rep_hot,3.0000000000
METRIC,2026-04-13T17:49:00Z,120667021921967,864,btc_qm_engine:btc_ptmc_rep_cold,2.0000000000
METRIC,2026-04-13T17:49:00Z,120667021945937,864,btc_qm_engine:btc_ptmc_accept,1.0000000000
METRIC,2026-04-13T17:49:00Z,120667021979317,864,btc_qm_engine:btc_ptmc_rep_hot,4.0000000000
METRIC,2026-04-13T17:49:00Z,120667022028827,864,btc_qm_engine:btc_ptmc_rep_cold,3.0000000000
METRIC,2026-04-13T17:49:00Z,120667022052627,864,btc_qm_engine:btc_ptmc_accept,1.0000000000
METRIC,2026-04-13T17:49:00Z,120667022090837,864,btc_qm_engine:btc_ptmc_rep_hot,5.0000000000
METRIC,2026-04-13T17:49:00Z,120667022114687,864,btc_qm_engine:btc_ptmc_rep_cold,4.0000000000
METRIC,2026-04-13T17:49:00Z,120667022138567,864,btc_qm_engine:btc_ptmc_accept,1.0000000000
METRIC,2026-04-13T17:49:00Z,120667022165517,864,btc_qm_engine:btc_ptmc_rep_hot,6.0000000000
METRIC,2026-04-13T17:49:00Z,120667022187487,864,btc_qm_engine:btc_ptmc_rep_cold,5.0000000000
METRIC,2026-04-13T17:49:00Z,120667022210027,864,btc_qm_engine:btc_ptmc_accept,1.0000000000
METRIC,2026-04-13T17:49:00Z,120667022238957,864,btc_qm_engine:btc_ptmc_rep_hot,7.0000000000
METRIC,2026-04-13T17:49:00Z,120667022262447,864,btc_qm_engine:btc_ptmc_rep_cold,6.0000000000
METRIC,2026-04-13T17:49:00Z,120667022286417,864,btc_qm_engine:btc_ptmc_accept,1.0000000000
METRIC,2026-04-13T17:49:00Z,120667042258266,864,btc_qm_engine:btc_block_nonce,981058354.0000000000
METRIC,2026-04-13T17:49:00Z,120667042375806,864,btc_qm_engine:btc_best_leading_zeros,16.0000000000
METRIC,2026-04-13T17:49:00Z,120667042407296,864,btc_qm_engine:btc_block_valid,0.0000000000
ANOMALY,2026-04-13T17:49:00Z,120667042427086,864,btc_qm_engine:btc_near_miss_or_valid,16.0000000000
METRIC,2026-04-13T17:49:00Z,120667042456736,864,btc_qm_engine:btc_best_leading_zeros,16.0000000000
METRIC,2026-04-13T17:49:00Z,120667042546576,864,btc_qm_engine:btc_nx48_csv_saved,1.0000000000
METRIC,2026-04-13T17:49:00Z,120667126725705,864,btc_qm_engine:btc_ptmc_rep_hot,1.0000000000
METRIC,2026-04-13T17:49:00Z,120667126822045,864,btc_qm_engine:btc_ptmc_rep_cold,0.0000000000
METRIC,2026-04-13T17:49:00Z,120667126848425,864,btc_qm_engine:btc_ptmc_accept,-0.2638029098
METRIC,2026-04-13T17:49:00Z,120667126882895,864,btc_qm_engine:btc_ptmc_rep_hot,2.0000000000
METRIC,2026-04-13T17:49:00Z,120667126924235,864,btc_qm_engine:btc_ptmc_rep_cold,1.0000000000
METRIC,2026-04-13T17:49:00Z,120667126959265,864,btc_qm_engine:btc_ptmc_accept,1.0000000000
METRIC,2026-04-13T17:49:00Z,120667126989745,864,btc_qm_engine:btc_ptmc_rep_hot,3.0000000000
METRIC,2026-04-13T17:49:00Z,120667127042075,864,btc_qm_engine:btc_ptmc_rep_cold,2.0000000000
METRIC,2026-04-13T17:49:00Z,120667127066095,864,btc_qm_engine:btc_ptmc_accept,1.0000000000
METRIC,2026-04-13T17:49:00Z,120667127096545,864,btc_qm_engine:btc_ptmc_rep_hot,4.0000000000
METRIC,2026-04-13T17:49:00Z,120667127120575,864,btc_qm_engine:btc_ptmc_rep_cold,3.0000000000
METRIC,2026-04-13T17:49:00Z,120667127143715,864,btc_qm_engine:btc_ptmc_accept,1.0000000000
METRIC,2026-04-13T17:49:00Z,120667127179135,864,btc_qm_engine:btc_ptmc_rep_hot,5.0000000000
METRIC,2026-04-13T17:49:00Z,120667127204845,864,btc_qm_engine:btc_ptmc_rep_cold,4.0000000000
METRIC,2026-04-13T17:49:00Z,120667127227825,864,btc_qm_engine:btc_ptmc_accept,1.0000000000
METRIC,2026-04-13T17:49:00Z,120667127259105,864,btc_qm_engine:btc_ptmc_rep_hot,6.0000000000
METRIC,2026-04-13T17:49:00Z,120667127284505,864,btc_qm_engine:btc_ptmc_rep_cold,5.0000000000
METRIC,2026-04-13T17:49:00Z,120667127307475,864,btc_qm_engine:btc_ptmc_accept,1.0000000000
METRIC,2026-04-13T17:49:00Z,120667127336885,864,btc_qm_engine:btc_ptmc_rep_hot,7.0000000000
METRIC,2026-04-13T17:49:00Z,120667127362525,864,btc_qm_engine:btc_ptmc_rep_cold,6.0000000000
METRIC,2026-04-13T17:49:00Z,120667127386445,864,btc_qm_engine:btc_ptmc_accept,1.0000000000
METRIC,2026-04-13T17:49:00Z,120667137104644,864,btc_qm_engine:btc_block_nonce,3584298801.0000000000
METRIC,2026-04-13T17:49:00Z,120667137198474,864,btc_qm_engine:btc_best_leading_zeros,17.0000000000
METRIC,2026-04-13T17:49:00Z,120667137225564,864,btc_qm_engine:btc_block_valid,0.0000000000
ANOMALY,2026-04-13T17:49:00Z,120667137285844,864,btc_qm_engine:btc_near_miss_or_valid,17.0000000000
METRIC,2026-04-13T17:49:00Z,120667137320274,864,btc_qm_engine:btc_best_leading_zeros,17.0000000000
METRIC,2026-04-13T17:49:00Z,120667137436634,864,btc_qm_engine:btc_nx48_csv_saved,1.0000000000
METRIC,2026-04-13T17:49:00Z,120667227572342,864,btc_qm_engine:btc_ptmc_rep_hot,1.0000000000
METRIC,2026-04-13T17:49:00Z,120667227648052,864,btc_qm_engine:btc_ptmc_rep_cold,0.0000000000
METRIC,2026-04-13T17:49:00Z,120667227668652,864,btc_qm_engine:btc_ptmc_accept,1.0000000000
METRIC,2026-04-13T17:49:00Z,120667227694222,864,btc_qm_engine:btc_ptmc_rep_hot,2.0000000000
METRIC,2026-04-13T17:49:00Z,120667227713522,864,btc_qm_engine:btc_ptmc_rep_cold,1.0000000000
METRIC,2026-04-13T17:49:00Z,120667227732412,864,btc_qm_engine:btc_ptmc_accept,1.0000000000
METRIC,2026-04-13T17:49:00Z,120667227756142,864,btc_qm_engine:btc_ptmc_rep_hot,3.0000000000
METRIC,2026-04-13T17:49:00Z,120667227774862,864,btc_qm_engine:btc_ptmc_rep_cold,2.0000000000
METRIC,2026-04-13T17:49:00Z,120667227793712,864,btc_qm_engine:btc_ptmc_accept,1.0000000000
METRIC,2026-04-13T17:49:00Z,120667227847992,864,btc_qm_engine:btc_ptmc_rep_hot,4.0000000000
METRIC,2026-04-13T17:49:00Z,120667227867112,864,btc_qm_engine:btc_ptmc_rep_cold,3.0000000000
METRIC,2026-04-13T17:49:00Z,120667227885842,864,btc_qm_engine:btc_ptmc_accept,0.9048393810
METRIC,2026-04-13T17:49:00Z,120667227923532,864,btc_qm_engine:btc_ptmc_rep_hot,5.0000000000
METRIC,2026-04-13T17:49:00Z,120667227951642,864,btc_qm_engine:btc_ptmc_rep_cold,4.0000000000
METRIC,2026-04-13T17:49:00Z,120667227970302,864,btc_qm_engine:btc_ptmc_accept,1.0000000000
METRIC,2026-04-13T17:49:00Z,120667227995662,864,btc_qm_engine:btc_ptmc_rep_hot,6.0000000000
METRIC,2026-04-13T17:49:00Z,120667228037212,864,btc_qm_engine:btc_ptmc_rep_cold,5.0000000000
METRIC,2026-04-13T17:49:00Z,120667228055862,864,btc_qm_engine:btc_ptmc_accept,1.0000000000
METRIC,2026-04-13T17:49:00Z,120667228083172,864,btc_qm_engine:btc_ptmc_rep_hot,7.0000000000
METRIC,2026-04-13T17:49:00Z,120667228102182,864,btc_qm_engine:btc_ptmc_rep_cold,6.0000000000
METRIC,2026-04-13T17:49:00Z,120667228121152,864,btc_qm_engine:btc_ptmc_accept,1.0000000000
METRIC,2026-04-13T17:49:00Z,120667285636811,864,btc_qm_engine:btc_block_nonce,2655786849.0000000000
METRIC,2026-04-13T17:49:00Z,120667285779651,864,btc_qm_engine:btc_best_leading_zeros,18.0000000000
METRIC,2026-04-13T17:49:00Z,120667285814551,864,btc_qm_engine:btc_block_valid,0.0000000000
ANOMALY,2026-04-13T17:49:00Z,120667285839021,864,btc_qm_engine:btc_near_miss_or_valid,18.0000000000
METRIC,2026-04-13T17:49:00Z,120667285873741,864,btc_qm_engine:btc_best_leading_zeros,18.0000000000
METRIC,2026-04-13T17:49:00Z,120667286053991,864,btc_qm_engine:btc_nx48_csv_saved,1.0000000000
METRIC,2026-04-13T17:49:01Z,120667332234530,864,btc_qm_engine:btc_ptmc_rep_hot,1.0000000000
METRIC,2026-04-13T17:49:01Z,120667332329310,864,btc_qm_engine:btc_ptmc_rep_cold,0.0000000000
METRIC,2026-04-13T17:49:01Z,120667332355310,864,btc_qm_engine:btc_ptmc_accept,1.0000000000
METRIC,2026-04-13T17:49:01Z,120667332386120,864,btc_qm_engine:btc_ptmc_rep_hot,2.0000000000
METRIC,2026-04-13T17:49:01Z,120667332410420,864,btc_qm_engine:btc_ptmc_rep_cold,1.0000000000
METRIC,2026-04-13T17:49:01Z,120667332434320,864,btc_qm_engine:btc_ptmc_accept,1.0000000000
METRIC,2026-04-13T17:49:01Z,120667332465510,864,btc_qm_engine:btc_ptmc_rep_hot,3.0000000000
METRIC,2026-04-13T17:49:01Z,120667332489570,864,btc_qm_engine:btc_ptmc_rep_cold,2.0000000000
METRIC,2026-04-13T17:49:01Z,120667332513930,864,btc_qm_engine:btc_ptmc_accept,1.0000000000
METRIC,2026-04-13T17:49:01Z,120667332541870,864,btc_qm_engine:btc_ptmc_rep_hot,4.0000000000
METRIC,2026-04-13T17:49:01Z,120667332566130,864,btc_qm_engine:btc_ptmc_rep_cold,3.0000000000
METRIC,2026-04-13T17:49:01Z,120667332590370,864,btc_qm_engine:btc_ptmc_accept,1.0000000000
METRIC,2026-04-13T17:49:01Z,120667332624910,864,btc_qm_engine:btc_ptmc_rep_hot,5.0000000000
METRIC,2026-04-13T17:49:01Z,120667332649310,864,btc_qm_engine:btc_ptmc_rep_cold,4.0000000000
METRIC,2026-04-13T17:49:01Z,120667332706470,864,btc_qm_engine:btc_ptmc_accept,1.0000000000
METRIC,2026-04-13T17:49:01Z,120667332738250,864,btc_qm_engine:btc_ptmc_rep_hot,6.0000000000
METRIC,2026-04-13T17:49:01Z,120667332764100,864,btc_qm_engine:btc_ptmc_rep_cold,5.0000000000
METRIC,2026-04-13T17:49:01Z,120667332787130,864,btc_qm_engine:btc_ptmc_accept,1.0000000000
METRIC,2026-04-13T17:49:01Z,120667332818840,864,btc_qm_engine:btc_ptmc_rep_hot,7.0000000000
METRIC,2026-04-13T17:49:01Z,120667332844400,864,btc_qm_engine:btc_ptmc_rep_cold,6.0000000000
METRIC,2026-04-13T17:49:01Z,120667332868790,864,btc_qm_engine:btc_ptmc_accept,1.0000000000
METRIC,2026-04-13T17:49:01Z,120667438350097,864,btc_qm_engine:btc_ptmc_rep_hot,1.0000000000
METRIC,2026-04-13T17:49:01Z,120667438467937,864,btc_qm_engine:btc_ptmc_rep_cold,0.0000000000
METRIC,2026-04-13T17:49:01Z,120667438494147,864,btc_qm_engine:btc_ptmc_accept,1.0000000000
METRIC,2026-04-13T17:49:01Z,120667438519127,864,btc_qm_engine:btc_ptmc_rep_hot,2.0000000000
METRIC,2026-04-13T17:49:01Z,120667438544327,864,btc_qm_engine:btc_ptmc_rep_cold,1.0000000000
METRIC,2026-04-13T17:49:01Z,120667438568637,864,btc_qm_engine:btc_ptmc_accept,1.0000000000
METRIC,2026-04-13T17:49:01Z,120667438596877,864,btc_qm_engine:btc_ptmc_rep_hot,3.0000000000
METRIC,2026-04-13T17:49:01Z,120667438621247,864,btc_qm_engine:btc_ptmc_rep_cold,2.0000000000
METRIC,2026-04-13T17:49:01Z,120667438645737,864,btc_qm_engine:btc_ptmc_accept,1.0000000000
METRIC,2026-04-13T17:49:01Z,120667438681937,864,btc_qm_engine:btc_ptmc_rep_hot,4.0000000000
METRIC,2026-04-13T17:49:01Z,120667438705847,864,btc_qm_engine:btc_ptmc_rep_cold,3.0000000000
METRIC,2026-04-13T17:49:01Z,120667438746287,864,btc_qm_engine:btc_ptmc_accept,1.0000000000
METRIC,2026-04-13T17:49:01Z,120667438782477,864,btc_qm_engine:btc_ptmc_rep_hot,5.0000000000
METRIC,2026-04-13T17:49:01Z,120667438806977,864,btc_qm_engine:btc_ptmc_rep_cold,4.0000000000
METRIC,2026-04-13T17:49:01Z,120667438831277,864,btc_qm_engine:btc_ptmc_accept,1.0000000000
METRIC,2026-04-13T17:49:01Z,120667438862377,864,btc_qm_engine:btc_ptmc_rep_hot,6.0000000000
METRIC,2026-04-13T17:49:01Z,120667438886277,864,btc_qm_engine:btc_ptmc_rep_cold,5.0000000000
METRIC,2026-04-13T17:49:01Z,120667438910517,864,btc_qm_engine:btc_ptmc_accept,1.0000000000
METRIC,2026-04-13T17:49:01Z,120667438941527,864,btc_qm_engine:btc_ptmc_rep_hot,7.0000000000
METRIC,2026-04-13T17:49:01Z,120667438965427,864,btc_qm_engine:btc_ptmc_rep_cold,6.0000000000
METRIC,2026-04-13T17:49:01Z,120667438988327,864,btc_qm_engine:btc_ptmc_accept,1.0000000000
METRIC,2026-04-13T17:49:01Z,120667532734435,864,btc_qm_engine:btc_block_nonce,3834039921.0000000000
METRIC,2026-04-13T17:49:01Z,120667532891285,864,btc_qm_engine:btc_best_leading_zeros,20.0000000000
METRIC,2026-04-13T17:49:01Z,120667532920815,864,btc_qm_engine:btc_block_valid,0.0000000000
ANOMALY,2026-04-13T17:49:01Z,120667532947125,864,btc_qm_engine:btc_near_miss_or_valid,20.0000000000
METRIC,2026-04-13T17:49:01Z,120667532982545,864,btc_qm_engine:btc_best_leading_zeros,20.0000000000
METRIC,2026-04-13T17:49:01Z,120667533136825,864,btc_qm_engine:btc_nx48_csv_saved,1.0000000000
METRIC,2026-04-13T17:49:01Z,120667538895155,864,btc_qm_engine:btc_ptmc_rep_hot,1.0000000000
METRIC,2026-04-13T17:49:01Z,120667538962945,864,btc_qm_engine:btc_ptmc_rep_cold,0.0000000000
METRIC,2026-04-13T17:49:01Z,120667538989355,864,btc_qm_engine:btc_ptmc_accept,-0.5134171190
METRIC,2026-04-13T17:49:01Z,120667539047805,864,btc_qm_engine:btc_ptmc_rep_hot,2.0000000000
METRIC,2026-04-13T17:49:01Z,120667539073115,864,btc_qm_engine:btc_ptmc_rep_cold,1.0000000000
METRIC,2026-04-13T17:49:01Z,120667539123995,864,btc_qm_engine:btc_ptmc_accept,1.0000000000
METRIC,2026-04-13T17:49:01Z,120667539153975,864,btc_qm_engine:btc_ptmc_rep_hot,3.0000000000
METRIC,2026-04-13T17:49:01Z,120667539178175,864,btc_qm_engine:btc_ptmc_rep_cold,2.0000000000
METRIC,2026-04-13T17:49:01Z,120667539201065,864,btc_qm_engine:btc_ptmc_accept,1.0000000000
METRIC,2026-04-13T17:49:01Z,120667539234985,864,btc_qm_engine:btc_ptmc_rep_hot,4.0000000000
METRIC,2026-04-13T17:49:01Z,120667539263985,864,btc_qm_engine:btc_ptmc_rep_cold,3.0000000000
METRIC,2026-04-13T17:49:01Z,120667539287155,864,btc_qm_engine:btc_ptmc_accept,1.0000000000
METRIC,2026-04-13T17:49:01Z,120667539316935,864,btc_qm_engine:btc_ptmc_rep_hot,5.0000000000
METRIC,2026-04-13T17:49:01Z,120667539342205,864,btc_qm_engine:btc_ptmc_rep_cold,4.0000000000
METRIC,2026-04-13T17:49:01Z,120667539366805,864,btc_qm_engine:btc_ptmc_accept,1.0000000000
METRIC,2026-04-13T17:49:01Z,120667539399405,864,btc_qm_engine:btc_ptmc_rep_hot,6.0000000000
METRIC,2026-04-13T17:49:01Z,120667539423415,864,btc_qm_engine:btc_ptmc_rep_cold,5.0000000000
METRIC,2026-04-13T17:49:01Z,120667539447775,864,btc_qm_engine:btc_ptmc_accept,1.0000000000
METRIC,2026-04-13T17:49:01Z,120667539478235,864,btc_qm_engine:btc_ptmc_rep_hot,7.0000000000
METRIC,2026-04-13T17:49:01Z,120667539502435,864,btc_qm_engine:btc_ptmc_rep_cold,6.0000000000
METRIC,2026-04-13T17:49:01Z,120667539525944,864,btc_qm_engine:btc_ptmc_accept,1.0000000000
METRIC,2026-04-13T17:49:01Z,120667644947212,864,btc_qm_engine:btc_ptmc_rep_hot,1.0000000000
METRIC,2026-04-13T17:49:01Z,120667645067502,864,btc_qm_engine:btc_ptmc_rep_cold,0.0000000000
METRIC,2026-04-13T17:49:01Z,120667645101692,864,btc_qm_engine:btc_ptmc_accept,1.0000000000
METRIC,2026-04-13T17:49:01Z,120667645134302,864,btc_qm_engine:btc_ptmc_rep_hot,2.0000000000
METRIC,2026-04-13T17:49:01Z,120667645157912,864,btc_qm_engine:btc_ptmc_rep_cold,1.0000000000
METRIC,2026-04-13T17:49:01Z,120667645180972,864,btc_qm_engine:btc_ptmc_accept,1.0000000000
METRIC,2026-04-13T17:49:01Z,120667645213812,864,btc_qm_engine:btc_ptmc_rep_hot,3.0000000000
METRIC,2026-04-13T17:49:01Z,120667645237172,864,btc_qm_engine:btc_ptmc_rep_cold,2.0000000000
METRIC,2026-04-13T17:49:01Z,120667645260112,864,btc_qm_engine:btc_ptmc_accept,1.0000000000
METRIC,2026-04-13T17:49:01Z,120667645291042,864,btc_qm_engine:btc_ptmc_rep_hot,4.0000000000
METRIC,2026-04-13T17:49:01Z,120667645315342,864,btc_qm_engine:btc_ptmc_rep_cold,3.0000000000
METRIC,2026-04-13T17:49:01Z,120667645338422,864,btc_qm_engine:btc_ptmc_accept,1.0000000000
METRIC,2026-04-13T17:49:01Z,120667645365892,864,btc_qm_engine:btc_ptmc_rep_hot,5.0000000000
METRIC,2026-04-13T17:49:01Z,120667645391102,864,btc_qm_engine:btc_ptmc_rep_cold,4.0000000000
METRIC,2026-04-13T17:49:01Z,120667645414132,864,btc_qm_engine:btc_ptmc_accept,1.0000000000
METRIC,2026-04-13T17:49:01Z,120667645448902,864,btc_qm_engine:btc_ptmc_rep_hot,6.0000000000
METRIC,2026-04-13T17:49:01Z,120667645474652,864,btc_qm_engine:btc_ptmc_rep_cold,5.0000000000
METRIC,2026-04-13T17:49:01Z,120667645497852,864,btc_qm_engine:btc_ptmc_accept,1.0000000000
METRIC,2026-04-13T17:49:01Z,120667645527762,864,btc_qm_engine:btc_ptmc_rep_hot,7.0000000000
METRIC,2026-04-13T17:49:01Z,120667645552532,864,btc_qm_engine:btc_ptmc_rep_cold,6.0000000000
METRIC,2026-04-13T17:49:01Z,120667645576692,864,btc_qm_engine:btc_ptmc_accept,1.0000000000
METRIC,2026-04-13T17:49:01Z,120667750684049,864,btc_qm_engine:btc_ptmc_rep_hot,1.0000000000
METRIC,2026-04-13T17:49:01Z,120667750768609,864,btc_qm_engine:btc_ptmc_rep_cold,0.0000000000
METRIC,2026-04-13T17:49:01Z,120667750807609,864,btc_qm_engine:btc_ptmc_accept,1.0000000000
METRIC,2026-04-13T17:49:01Z,120667750851959,864,btc_qm_engine:btc_ptmc_rep_hot,2.0000000000
METRIC,2026-04-13T17:49:01Z,120667750876759,864,btc_qm_engine:btc_ptmc_rep_cold,1.0000000000
METRIC,2026-04-13T17:49:01Z,120667750900589,864,btc_qm_engine:btc_ptmc_accept,0.7164924961
METRIC,2026-04-13T17:49:01Z,120667750933719,864,btc_qm_engine:btc_ptmc_rep_hot,3.0000000000
METRIC,2026-04-13T17:49:01Z,120667750955489,864,btc_qm_engine:btc_ptmc_rep_cold,2.0000000000
METRIC,2026-04-13T17:49:01Z,120667750996419,864,btc_qm_engine:btc_ptmc_accept,0.8464702621
METRIC,2026-04-13T17:49:01Z,120667751151239,864,btc_qm_engine:btc_ptmc_rep_hot,4.0000000000
METRIC,2026-04-13T17:49:01Z,120667751194029,864,btc_qm_engine:btc_ptmc_rep_cold,3.0000000000
METRIC,2026-04-13T17:49:01Z,120667751218829,864,btc_qm_engine:btc_ptmc_accept,1.0000000000
METRIC,2026-04-13T17:49:01Z,120667751484129,864,btc_qm_engine:btc_ptmc_rep_hot,5.0000000000
METRIC,2026-04-13T17:49:01Z,120667751521389,864,btc_qm_engine:btc_ptmc_rep_cold,4.0000000000
METRIC,2026-04-13T17:49:01Z,120667751547029,864,btc_qm_engine:btc_ptmc_accept,1.0000000000
METRIC,2026-04-13T17:49:01Z,120667751574659,864,btc_qm_engine:btc_ptmc_rep_hot,6.0000000000
METRIC,2026-04-13T17:49:01Z,120667751600269,864,btc_qm_engine:btc_ptmc_rep_cold,5.0000000000
METRIC,2026-04-13T17:49:01Z,120667751624619,864,btc_qm_engine:btc_ptmc_accept,1.0000000000
METRIC,2026-04-13T17:49:01Z,120667751674039,864,btc_qm_engine:btc_ptmc_rep_hot,7.0000000000
METRIC,2026-04-13T17:49:01Z,120667751698609,864,btc_qm_engine:btc_ptmc_rep_cold,6.0000000000
METRIC,2026-04-13T17:49:01Z,120667751722369,864,btc_qm_engine:btc_ptmc_accept,1.0000000000
METRIC,2026-04-13T17:49:01Z,120667854190937,864,btc_qm_engine:btc_ptmc_rep_hot,1.0000000000
METRIC,2026-04-13T17:49:01Z,120667854275507,864,btc_qm_engine:btc_ptmc_rep_cold,0.0000000000
METRIC,2026-04-13T17:49:01Z,120667854303427,864,btc_qm_engine:btc_ptmc_accept,1.0000000000
METRIC,2026-04-13T17:49:01Z,120667854328887,864,btc_qm_engine:btc_ptmc_rep_hot,2.0000000000
METRIC,2026-04-13T17:49:01Z,120667854353957,864,btc_qm_engine:btc_ptmc_rep_cold,1.0000000000
METRIC,2026-04-13T17:49:01Z,120667854377417,864,btc_qm_engine:btc_ptmc_accept,1.0000000000
METRIC,2026-04-13T17:49:01Z,120667854405367,864,btc_qm_engine:btc_ptmc_rep_hot,3.0000000000
METRIC,2026-04-13T17:49:01Z,120667854426607,864,btc_qm_engine:btc_ptmc_rep_cold,2.0000000000
METRIC,2026-04-13T17:49:01Z,120667854445797,864,btc_qm_engine:btc_ptmc_accept,1.0000000000
METRIC,2026-04-13T17:49:01Z,120667854466337,864,btc_qm_engine:btc_ptmc_rep_hot,4.0000000000
METRIC,2026-04-13T17:49:01Z,120667854485407,864,btc_qm_engine:btc_ptmc_rep_cold,3.0000000000
METRIC,2026-04-13T17:49:01Z,120667854515047,864,btc_qm_engine:btc_ptmc_accept,1.0000000000
METRIC,2026-04-13T17:49:01Z,120667854548657,864,btc_qm_engine:btc_ptmc_rep_hot,5.0000000000
METRIC,2026-04-13T17:49:01Z,120667854568157,864,btc_qm_engine:btc_ptmc_rep_cold,4.0000000000
METRIC,2026-04-13T17:49:01Z,120667854587367,864,btc_qm_engine:btc_ptmc_accept,1.0000000000
METRIC,2026-04-13T17:49:01Z,120667854606767,864,btc_qm_engine:btc_ptmc_rep_hot,6.0000000000
METRIC,2026-04-13T17:49:01Z,120667854631397,864,btc_qm_engine:btc_ptmc_rep_cold,5.0000000000
METRIC,2026-04-13T17:49:01Z,120667854654207,864,btc_qm_engine:btc_ptmc_accept,1.0000000000
METRIC,2026-04-13T17:49:01Z,120667854681947,864,btc_qm_engine:btc_ptmc_rep_hot,7.0000000000
METRIC,2026-04-13T17:49:01Z,120667854707517,864,btc_qm_engine:btc_ptmc_rep_cold,6.0000000000
METRIC,2026-04-13T17:49:01Z,120667854732407,864,btc_qm_engine:btc_ptmc_accept,1.0000000000
METRIC,2026-04-13T17:49:01Z,120667957794004,864,btc_qm_engine:btc_ptmc_rep_hot,1.0000000000
METRIC,2026-04-13T17:49:01Z,120667957884634,864,btc_qm_engine:btc_ptmc_rep_cold,0.0000000000
METRIC,2026-04-13T17:49:01Z,120667957911174,864,btc_qm_engine:btc_ptmc_accept,-0.2638537189
METRIC,2026-04-13T17:49:01Z,120667957938354,864,btc_qm_engine:btc_ptmc_rep_hot,2.0000000000
METRIC,2026-04-13T17:49:01Z,120667957963204,864,btc_qm_engine:btc_ptmc_rep_cold,1.0000000000
METRIC,2026-04-13T17:49:01Z,120667957987524,864,btc_qm_engine:btc_ptmc_accept,1.0000000000
METRIC,2026-04-13T17:49:01Z,120667958044454,864,btc_qm_engine:btc_ptmc_rep_hot,3.0000000000
METRIC,2026-04-13T17:49:01Z,120667958069404,864,btc_qm_engine:btc_ptmc_rep_cold,2.0000000000
METRIC,2026-04-13T17:49:01Z,120667958092274,864,btc_qm_engine:btc_ptmc_accept,1.0000000000
METRIC,2026-04-13T17:49:01Z,120667958125204,864,btc_qm_engine:btc_ptmc_rep_hot,4.0000000000
METRIC,2026-04-13T17:49:01Z,120667958150694,864,btc_qm_engine:btc_ptmc_rep_cold,3.0000000000
METRIC,2026-04-13T17:49:01Z,120667958205184,864,btc_qm_engine:btc_ptmc_accept,1.0000000000
METRIC,2026-04-13T17:49:01Z,120667958230904,864,btc_qm_engine:btc_ptmc_rep_hot,5.0000000000
METRIC,2026-04-13T17:49:01Z,120667958256414,864,btc_qm_engine:btc_ptmc_rep_cold,4.0000000000
METRIC,2026-04-13T17:49:01Z,120667958280914,864,btc_qm_engine:btc_ptmc_accept,1.0000000000
METRIC,2026-04-13T17:49:01Z,120667958313134,864,btc_qm_engine:btc_ptmc_rep_hot,6.0000000000
METRIC,2026-04-13T17:49:01Z,120667958337454,864,btc_qm_engine:btc_ptmc_rep_cold,5.0000000000
METRIC,2026-04-13T17:49:01Z,120667958360854,864,btc_qm_engine:btc_ptmc_accept,1.0000000000
METRIC,2026-04-13T17:49:01Z,120667958391614,864,btc_qm_engine:btc_ptmc_rep_hot,7.0000000000
METRIC,2026-04-13T17:49:01Z,120667958415614,864,btc_qm_engine:btc_ptmc_rep_cold,6.0000000000
METRIC,2026-04-13T17:49:01Z,120667958439714,864,btc_qm_engine:btc_ptmc_accept,1.0000000000
METRIC,2026-04-13T17:49:01Z,120668059802882,864,btc_qm_engine:btc_ptmc_rep_hot,1.0000000000
METRIC,2026-04-13T17:49:01Z,120668059887302,864,btc_qm_engine:btc_ptmc_rep_cold,0.0000000000
METRIC,2026-04-13T17:49:01Z,120668059913522,864,btc_qm_engine:btc_ptmc_accept,1.0000000000
METRIC,2026-04-13T17:49:01Z,120668059961802,864,btc_qm_engine:btc_ptmc_rep_hot,2.0000000000
METRIC,2026-04-13T17:49:01Z,120668059999522,864,btc_qm_engine:btc_ptmc_rep_cold,1.0000000000
METRIC,2026-04-13T17:49:01Z,120668060043472,864,btc_qm_engine:btc_ptmc_accept,1.0000000000
METRIC,2026-04-13T17:49:01Z,120668060121532,864,btc_qm_engine:btc_ptmc_rep_hot,3.0000000000
METRIC,2026-04-13T17:49:01Z,120668060146522,864,btc_qm_engine:btc_ptmc_rep_cold,2.0000000000
METRIC,2026-04-13T17:49:01Z,120668060170792,864,btc_qm_engine:btc_ptmc_accept,1.0000000000
METRIC,2026-04-13T17:49:01Z,120668060213362,864,btc_qm_engine:btc_ptmc_rep_hot,4.0000000000
METRIC,2026-04-13T17:49:01Z,120668060249572,864,btc_qm_engine:btc_ptmc_rep_cold,3.0000000000
METRIC,2026-04-13T17:49:01Z,120668060274972,864,btc_qm_engine:btc_ptmc_accept,1.0000000000
METRIC,2026-04-13T17:49:01Z,120668060305602,864,btc_qm_engine:btc_ptmc_rep_hot,5.0000000000
METRIC,2026-04-13T17:49:01Z,120668060329942,864,btc_qm_engine:btc_ptmc_rep_cold,4.0000000000
METRIC,2026-04-13T17:49:01Z,120668060354232,864,btc_qm_engine:btc_ptmc_accept,1.0000000000
METRIC,2026-04-13T17:49:01Z,120668060385632,864,btc_qm_engine:btc_ptmc_rep_hot,6.0000000000
METRIC,2026-04-13T17:49:01Z,120668060409812,864,btc_qm_engine:btc_ptmc_rep_cold,5.0000000000
METRIC,2026-04-13T17:49:01Z,120668060433872,864,btc_qm_engine:btc_ptmc_accept,1.0000000000
METRIC,2026-04-13T17:49:01Z,120668060463912,864,btc_qm_engine:btc_ptmc_rep_hot,7.0000000000
METRIC,2026-04-13T17:49:01Z,120668060488432,864,btc_qm_engine:btc_ptmc_rep_cold,6.0000000000
METRIC,2026-04-13T17:49:01Z,120668060512802,864,btc_qm_engine:btc_ptmc_accept,1.0000000000
METRIC,2026-04-13T17:49:01Z,120668165129979,864,btc_qm_engine:btc_ptmc_rep_hot,1.0000000000
METRIC,2026-04-13T17:49:01Z,120668165217349,864,btc_qm_engine:btc_ptmc_rep_cold,0.0000000000
METRIC,2026-04-13T17:49:01Z,120668165243869,864,btc_qm_engine:btc_ptmc_accept,0.5135063048
METRIC,2026-04-13T17:49:01Z,120668165276329,864,btc_qm_engine:btc_ptmc_rep_hot,2.0000000000
METRIC,2026-04-13T17:49:01Z,120668165301859,864,btc_qm_engine:btc_ptmc_rep_cold,1.0000000000
METRIC,2026-04-13T17:49:01Z,120668165326159,864,btc_qm_engine:btc_ptmc_accept,-0.7165624298
METRIC,2026-04-13T17:49:01Z,120668165355749,864,btc_qm_engine:btc_ptmc_rep_hot,3.0000000000
METRIC,2026-04-13T17:49:01Z,120668165380169,864,btc_qm_engine:btc_ptmc_rep_cold,2.0000000000
METRIC,2026-04-13T17:49:01Z,120668165404399,864,btc_qm_engine:btc_ptmc_accept,1.0000000000
METRIC,2026-04-13T17:49:01Z,120668165433779,864,btc_qm_engine:btc_ptmc_rep_hot,4.0000000000
METRIC,2026-04-13T17:49:01Z,120668165458799,864,btc_qm_engine:btc_ptmc_rep_cold,3.0000000000
METRIC,2026-04-13T17:49:01Z,120668165483659,864,btc_qm_engine:btc_ptmc_accept,1.0000000000
METRIC,2026-04-13T17:49:01Z,120668165515789,864,btc_qm_engine:btc_ptmc_rep_hot,5.0000000000
METRIC,2026-04-13T17:49:01Z,120668165574879,864,btc_qm_engine:btc_ptmc_rep_cold,4.0000000000
METRIC,2026-04-13T17:49:01Z,120668165599309,864,btc_qm_engine:btc_ptmc_accept,1.0000000000
METRIC,2026-04-13T17:49:01Z,120668165632419,864,btc_qm_engine:btc_ptmc_rep_hot,6.0000000000
METRIC,2026-04-13T17:49:01Z,120668165656679,864,btc_qm_engine:btc_ptmc_rep_cold,5.0000000000
METRIC,2026-04-13T17:49:01Z,120668165681229,864,btc_qm_engine:btc_ptmc_accept,1.0000000000
METRIC,2026-04-13T17:49:01Z,120668165709339,864,btc_qm_engine:btc_ptmc_rep_hot,7.0000000000
METRIC,2026-04-13T17:49:01Z,120668165733719,864,btc_qm_engine:btc_ptmc_rep_cold,6.0000000000
METRIC,2026-04-13T17:49:01Z,120668165757999,864,btc_qm_engine:btc_ptmc_accept,1.0000000000
METRIC,2026-04-13T17:49:01Z,120668273968887,864,btc_qm_engine:btc_ptmc_rep_hot,1.0000000000
METRIC,2026-04-13T17:49:01Z,120668274063337,864,btc_qm_engine:btc_ptmc_rep_cold,0.0000000000
METRIC,2026-04-13T17:49:01Z,120668274102937,864,btc_qm_engine:btc_ptmc_accept,1.0000000000
METRIC,2026-04-13T17:49:01Z,120668274135837,864,btc_qm_engine:btc_ptmc_rep_hot,2.0000000000
METRIC,2026-04-13T17:49:01Z,120668274160447,864,btc_qm_engine:btc_ptmc_rep_cold,1.0000000000
METRIC,2026-04-13T17:49:01Z,120668274185457,864,btc_qm_engine:btc_ptmc_accept,1.0000000000
METRIC,2026-04-13T17:49:01Z,120668274213397,864,btc_qm_engine:btc_ptmc_rep_hot,3.0000000000
METRIC,2026-04-13T17:49:01Z,120668274236527,864,btc_qm_engine:btc_ptmc_rep_cold,2.0000000000
METRIC,2026-04-13T17:49:01Z,120668274261987,864,btc_qm_engine:btc_ptmc_accept,1.0000000000
METRIC,2026-04-13T17:49:01Z,120668274297147,864,btc_qm_engine:btc_ptmc_rep_hot,4.0000000000
METRIC,2026-04-13T17:49:01Z,120668274320707,864,btc_qm_engine:btc_ptmc_rep_cold,3.0000000000
METRIC,2026-04-13T17:49:01Z,120668274345297,864,btc_qm_engine:btc_ptmc_accept,1.0000000000
METRIC,2026-04-13T17:49:01Z,120668274375917,864,btc_qm_engine:btc_ptmc_rep_hot,5.0000000000
METRIC,2026-04-13T17:49:01Z,120668274398827,864,btc_qm_engine:btc_ptmc_rep_cold,4.0000000000
METRIC,2026-04-13T17:49:01Z,120668274422747,864,btc_qm_engine:btc_ptmc_accept,1.0000000000
METRIC,2026-04-13T17:49:01Z,120668274453917,864,btc_qm_engine:btc_ptmc_rep_hot,6.0000000000
METRIC,2026-04-13T17:49:01Z,120668274485207,864,btc_qm_engine:btc_ptmc_rep_cold,5.0000000000
METRIC,2026-04-13T17:49:01Z,120668274515377,864,btc_qm_engine:btc_ptmc_accept,1.0000000000
METRIC,2026-04-13T17:49:01Z,120668274548237,864,btc_qm_engine:btc_ptmc_rep_hot,7.0000000000
METRIC,2026-04-13T17:49:01Z,120668274571597,864,btc_qm_engine:btc_ptmc_rep_cold,6.0000000000
METRIC,2026-04-13T17:49:01Z,120668274594847,864,btc_qm_engine:btc_ptmc_accept,1.0000000000
METRIC,2026-04-13T17:49:02Z,120668380227674,864,btc_qm_engine:btc_ptmc_rep_hot,1.0000000000
METRIC,2026-04-13T17:49:02Z,120668380311514,864,btc_qm_engine:btc_ptmc_rep_cold,0.0000000000
METRIC,2026-04-13T17:49:02Z,120668380332444,864,btc_qm_engine:btc_ptmc_accept,-0.5134171190
METRIC,2026-04-13T17:49:02Z,120668380359084,864,btc_qm_engine:btc_ptmc_rep_hot,2.0000000000
METRIC,2026-04-13T17:49:02Z,120668380384134,864,btc_qm_engine:btc_ptmc_rep_cold,1.0000000000
METRIC,2026-04-13T17:49:02Z,120668380407324,864,btc_qm_engine:btc_ptmc_accept,1.0000000000
METRIC,2026-04-13T17:49:02Z,120668380437994,864,btc_qm_engine:btc_ptmc_rep_hot,3.0000000000
METRIC,2026-04-13T17:49:02Z,120668380461634,864,btc_qm_engine:btc_ptmc_rep_cold,2.0000000000
METRIC,2026-04-13T17:49:02Z,120668380485134,864,btc_qm_engine:btc_ptmc_accept,1.0000000000
METRIC,2026-04-13T17:49:02Z,120668380507284,864,btc_qm_engine:btc_ptmc_rep_hot,4.0000000000
METRIC,2026-04-13T17:49:02Z,120668380526254,864,btc_qm_engine:btc_ptmc_rep_cold,3.0000000000
METRIC,2026-04-13T17:49:02Z,120668380545214,864,btc_qm_engine:btc_ptmc_accept,1.0000000000
METRIC,2026-04-13T17:49:02Z,120668380566914,864,btc_qm_engine:btc_ptmc_rep_hot,5.0000000000
METRIC,2026-04-13T17:49:02Z,120668380585704,864,btc_qm_engine:btc_ptmc_rep_cold,4.0000000000
METRIC,2026-04-13T17:49:02Z,120668380604614,864,btc_qm_engine:btc_ptmc_accept,1.0000000000
METRIC,2026-04-13T17:49:02Z,120668380629014,864,btc_qm_engine:btc_ptmc_rep_hot,6.0000000000
METRIC,2026-04-13T17:49:02Z,120668380679584,864,btc_qm_engine:btc_ptmc_rep_cold,5.0000000000
METRIC,2026-04-13T17:49:02Z,120668380701094,864,btc_qm_engine:btc_ptmc_accept,0.9642890805
METRIC,2026-04-13T17:49:02Z,120668380735244,864,btc_qm_engine:btc_ptmc_rep_hot,7.0000000000
METRIC,2026-04-13T17:49:02Z,120668380758774,864,btc_qm_engine:btc_ptmc_rep_cold,6.0000000000
METRIC,2026-04-13T17:49:02Z,120668380782084,864,btc_qm_engine:btc_ptmc_accept,1.0000000000
METRIC,2026-04-13T17:49:02Z,120668484084642,864,btc_qm_engine:btc_ptmc_rep_hot,1.0000000000
METRIC,2026-04-13T17:49:02Z,120668484166572,864,btc_qm_engine:btc_ptmc_rep_cold,0.0000000000
METRIC,2026-04-13T17:49:02Z,120668484192532,864,btc_qm_engine:btc_ptmc_accept,1.0000000000
METRIC,2026-04-13T17:49:02Z,120668484220392,864,btc_qm_engine:btc_ptmc_rep_hot,2.0000000000
METRIC,2026-04-13T17:49:02Z,120668484244842,864,btc_qm_engine:btc_ptmc_rep_cold,1.0000000000
METRIC,2026-04-13T17:49:02Z,120668484269512,864,btc_qm_engine:btc_ptmc_accept,1.0000000000
METRIC,2026-04-13T17:49:02Z,120668484302352,864,btc_qm_engine:btc_ptmc_rep_hot,3.0000000000
METRIC,2026-04-13T17:49:02Z,120668484326542,864,btc_qm_engine:btc_ptmc_rep_cold,2.0000000000
METRIC,2026-04-13T17:49:02Z,120668484350462,864,btc_qm_engine:btc_ptmc_accept,1.0000000000
METRIC,2026-04-13T17:49:02Z,120668484381962,864,btc_qm_engine:btc_ptmc_rep_hot,4.0000000000
METRIC,2026-04-13T17:49:02Z,120668484405972,864,btc_qm_engine:btc_ptmc_rep_cold,3.0000000000
METRIC,2026-04-13T17:49:02Z,120668484430302,864,btc_qm_engine:btc_ptmc_accept,1.0000000000
METRIC,2026-04-13T17:49:02Z,120668484457862,864,btc_qm_engine:btc_ptmc_rep_hot,5.0000000000
METRIC,2026-04-13T17:49:02Z,120668484481422,864,btc_qm_engine:btc_ptmc_rep_cold,4.0000000000
METRIC,2026-04-13T17:49:02Z,120668484505712,864,btc_qm_engine:btc_ptmc_accept,1.0000000000
METRIC,2026-04-13T17:49:02Z,120668484534622,864,btc_qm_engine:btc_ptmc_rep_hot,6.0000000000
METRIC,2026-04-13T17:49:02Z,120668484559042,864,btc_qm_engine:btc_ptmc_rep_cold,5.0000000000
METRIC,2026-04-13T17:49:02Z,120668484583002,864,btc_qm_engine:btc_ptmc_accept,1.0000000000
METRIC,2026-04-13T17:49:02Z,120668484612422,864,btc_qm_engine:btc_ptmc_rep_hot,7.0000000000
METRIC,2026-04-13T17:49:02Z,120668484636992,864,btc_qm_engine:btc_ptmc_rep_cold,6.0000000000
METRIC,2026-04-13T17:49:02Z,120668484660732,864,btc_qm_engine:btc_ptmc_accept,1.0000000000
METRIC,2026-04-13T17:49:02Z,120668613130489,864,btc_qm_engine:btc_ptmc_rep_hot,1.0000000000
METRIC,2026-04-13T17:49:02Z,120668613216429,864,btc_qm_engine:btc_ptmc_rep_cold,0.0000000000
METRIC,2026-04-13T17:49:02Z,120668613243139,864,btc_qm_engine:btc_ptmc_accept,-0.5136174742
METRIC,2026-04-13T17:49:02Z,120668613272079,864,btc_qm_engine:btc_ptmc_rep_hot,2.0000000000
METRIC,2026-04-13T17:49:02Z,120668613296819,864,btc_qm_engine:btc_ptmc_rep_cold,1.0000000000
METRIC,2026-04-13T17:49:02Z,120668613320909,864,btc_qm_engine:btc_ptmc_accept,1.0000000000
METRIC,2026-04-13T17:49:02Z,120668613351869,864,btc_qm_engine:btc_ptmc_rep_hot,3.0000000000
METRIC,2026-04-13T17:49:02Z,120668613376989,864,btc_qm_engine:btc_ptmc_rep_cold,2.0000000000
METRIC,2026-04-13T17:49:02Z,120668613401249,864,btc_qm_engine:btc_ptmc_accept,1.0000000000
METRIC,2026-04-13T17:49:02Z,120668613442139,864,btc_qm_engine:btc_ptmc_rep_hot,4.0000000000
METRIC,2026-04-13T17:49:02Z,120668613477339,864,btc_qm_engine:btc_ptmc_rep_cold,3.0000000000
METRIC,2026-04-13T17:49:02Z,120668613502139,864,btc_qm_engine:btc_ptmc_accept,1.0000000000
METRIC,2026-04-13T17:49:02Z,120668613532659,864,btc_qm_engine:btc_ptmc_rep_hot,5.0000000000
METRIC,2026-04-13T17:49:02Z,120668613556839,864,btc_qm_engine:btc_ptmc_rep_cold,4.0000000000
METRIC,2026-04-13T17:49:02Z,120668613580149,864,btc_qm_engine:btc_ptmc_accept,1.0000000000
METRIC,2026-04-13T17:49:02Z,120668613613629,864,btc_qm_engine:btc_ptmc_rep_hot,6.0000000000
METRIC,2026-04-13T17:49:02Z,120668613638719,864,btc_qm_engine:btc_ptmc_rep_cold,5.0000000000
METRIC,2026-04-13T17:49:02Z,120668613663079,864,btc_qm_engine:btc_ptmc_accept,1.0000000000
METRIC,2026-04-13T17:49:02Z,120668613708809,864,btc_qm_engine:btc_ptmc_rep_hot,7.0000000000
METRIC,2026-04-13T17:49:02Z,120668613732719,864,btc_qm_engine:btc_ptmc_rep_cold,6.0000000000
METRIC,2026-04-13T17:49:02Z,120668613757029,864,btc_qm_engine:btc_ptmc_accept,1.0000000000
METRIC,2026-04-13T17:49:02Z,120668716579296,864,btc_qm_engine:btc_ptmc_rep_hot,1.0000000000
METRIC,2026-04-13T17:49:02Z,120668716663976,864,btc_qm_engine:btc_ptmc_rep_cold,0.0000000000
METRIC,2026-04-13T17:49:02Z,120668716689716,864,btc_qm_engine:btc_ptmc_accept,0.5136669338
METRIC,2026-04-13T17:49:02Z,120668716752416,864,btc_qm_engine:btc_ptmc_rep_hot,2.0000000000
METRIC,2026-04-13T17:49:02Z,120668716812346,864,btc_qm_engine:btc_ptmc_rep_cold,1.0000000000
METRIC,2026-04-13T17:49:02Z,120668716837616,864,btc_qm_engine:btc_ptmc_accept,1.0000000000
METRIC,2026-04-13T17:49:02Z,120668716961836,864,btc_qm_engine:btc_ptmc_rep_hot,3.0000000000
METRIC,2026-04-13T17:49:02Z,120668717112546,864,btc_qm_engine:btc_ptmc_rep_cold,2.0000000000
METRIC,2026-04-13T17:49:02Z,120668717136476,864,btc_qm_engine:btc_ptmc_accept,0.2636098458
METRIC,2026-04-13T17:49:02Z,120668717172466,864,btc_qm_engine:btc_ptmc_rep_hot,4.0000000000
METRIC,2026-04-13T17:49:02Z,120668717198306,864,btc_qm_engine:btc_ptmc_rep_cold,3.0000000000
METRIC,2026-04-13T17:49:02Z,120668717221856,864,btc_qm_engine:btc_ptmc_accept,-0.6065372387
METRIC,2026-04-13T17:49:02Z,120668717248806,864,btc_qm_engine:btc_ptmc_rep_hot,5.0000000000
METRIC,2026-04-13T17:49:02Z,120668717272246,864,btc_qm_engine:btc_ptmc_rep_cold,4.0000000000
METRIC,2026-04-13T17:49:02Z,120668717297376,864,btc_qm_engine:btc_ptmc_accept,0.8290312258
METRIC,2026-04-13T17:49:02Z,120668717325606,864,btc_qm_engine:btc_ptmc_rep_hot,6.0000000000
METRIC,2026-04-13T17:49:02Z,120668717348716,864,btc_qm_engine:btc_ptmc_rep_cold,5.0000000000
METRIC,2026-04-13T17:49:02Z,120668717372406,864,btc_qm_engine:btc_ptmc_accept,0.8966496719
METRIC,2026-04-13T17:49:02Z,120668717402726,864,btc_qm_engine:btc_ptmc_rep_hot,7.0000000000
METRIC,2026-04-13T17:49:02Z,120668717426166,864,btc_qm_engine:btc_ptmc_rep_cold,6.0000000000
METRIC,2026-04-13T17:49:02Z,120668717447756,864,btc_qm_engine:btc_ptmc_accept,0.9318441547
METRIC,2026-04-13T17:49:02Z,120668811649604,864,btc_qm_engine:btc_hashrate_mhs,0.9375705185
METRIC,2026-04-13T17:49:02Z,120668811845754,864,btc_qm_engine:btc_hashrate_thread_id,2.0000000000
METRIC,2026-04-13T17:49:02Z,120668811902844,864,btc_qm_engine:btc_hashrate_mhs,0.9380594615
METRIC,2026-04-13T17:49:02Z,120668811969964,864,btc_qm_engine:btc_hashrate_thread_id,4.0000000000
METRIC,2026-04-13T17:49:02Z,120668813931784,864,btc_qm_engine:btc_hashrate_mhs,0.9375217418
METRIC,2026-04-13T17:49:02Z,120668813978434,864,btc_qm_engine:btc_hashrate_thread_id,5.0000000000
METRIC,2026-04-13T17:49:02Z,120668815580524,864,btc_qm_engine:btc_hashrate_mhs,0.9372616551
METRIC,2026-04-13T17:49:02Z,120668815621304,864,btc_qm_engine:btc_hashrate_thread_id,6.0000000000
METRIC,2026-04-13T17:49:02Z,120668816460304,864,btc_qm_engine:btc_hashrate_mhs,0.9373609696
METRIC,2026-04-13T17:49:02Z,120668816508544,864,btc_qm_engine:btc_hashrate_thread_id,1.0000000000
METRIC,2026-04-13T17:49:02Z,120668816542074,864,btc_qm_engine:btc_hashrate_mhs,0.9378387713
METRIC,2026-04-13T17:49:02Z,120668816570184,864,btc_qm_engine:btc_hashrate_thread_id,3.0000000000
METRIC,2026-04-13T17:49:02Z,120668817414544,864,btc_qm_engine:btc_nx48_delta_nonce_old,28.0357020000
METRIC,2026-04-13T17:49:02Z,120668817466644,864,btc_qm_engine:btc_nx48_delta_nonce_new,23.2842227352
METRIC,2026-04-13T17:49:02Z,120668817493444,864,btc_qm_engine:btc_nx48_batch_old,4.0000000000
METRIC,2026-04-13T17:49:02Z,120668817518594,864,btc_qm_engine:btc_nx48_batch_new,4.0000000000
METRIC,2026-04-13T17:49:02Z,120668817546934,864,btc_qm_engine:btc_nx48_loss,0.6931471806
METRIC,2026-04-13T17:49:02Z,120668817575814,864,btc_qm_engine:btc_nx48_grad_norm,0.7327700159
METRIC,2026-04-13T17:49:02Z,120668817603334,864,btc_qm_engine:btc_nx48_update_count,239.0000000000
METRIC,2026-04-13T17:49:02Z,120668817633114,864,btc_qm_engine:btc_nx48_exploration_bias,0.6609970000
METRIC,2026-04-13T17:49:02Z,120668817667274,864,btc_qm_engine:btc_hashrate_mhs,0.9379400750
METRIC,2026-04-13T17:49:02Z,120668817695844,864,btc_qm_engine:btc_hashrate_thread_id,0.0000000000
METRIC,2026-04-13T17:49:02Z,120668817727464,864,btc_qm_engine:btc_ptmc_rep_hot,1.0000000000
METRIC,2026-04-13T17:49:02Z,120668817756544,864,btc_qm_engine:btc_ptmc_rep_cold,0.0000000000
METRIC,2026-04-13T17:49:02Z,120668817785524,864,btc_qm_engine:btc_ptmc_accept,1.0000000000
METRIC,2026-04-13T17:49:02Z,120668817822684,864,btc_qm_engine:btc_ptmc_rep_hot,2.0000000000
METRIC,2026-04-13T17:49:02Z,120668817849594,864,btc_qm_engine:btc_ptmc_rep_cold,1.0000000000
METRIC,2026-04-13T17:49:02Z,120668817876634,864,btc_qm_engine:btc_ptmc_accept,1.0000000000
METRIC,2026-04-13T17:49:02Z,120668817910384,864,btc_qm_engine:btc_ptmc_rep_hot,3.0000000000
METRIC,2026-04-13T17:49:02Z,120668817937844,864,btc_qm_engine:btc_ptmc_rep_cold,2.0000000000
METRIC,2026-04-13T17:49:02Z,120668817960074,864,btc_qm_engine:btc_ptmc_accept,1.0000000000
METRIC,2026-04-13T17:49:02Z,120668817991574,864,btc_qm_engine:btc_hashrate_mhs,0.9383881175
METRIC,2026-04-13T17:49:02Z,120668818080584,864,btc_qm_engine:btc_hashrate_thread_id,7.0000000000
METRIC,2026-04-13T17:49:02Z,120668818127204,864,btc_qm_engine:btc_ptmc_rep_hot,4.0000000000
METRIC,2026-04-13T17:49:02Z,120668818151364,864,btc_qm_engine:btc_ptmc_rep_cold,3.0000000000
METRIC,2026-04-13T17:49:02Z,120668818170284,864,btc_qm_engine:btc_ptmc_accept,1.0000000000
METRIC,2026-04-13T17:49:02Z,120668818216194,864,btc_qm_engine:btc_ptmc_rep_hot,5.0000000000
METRIC,2026-04-13T17:49:02Z,120668818246574,864,btc_qm_engine:btc_ptmc_rep_cold,4.0000000000
METRIC,2026-04-13T17:49:02Z,120668818270994,864,btc_qm_engine:btc_ptmc_accept,1.0000000000
METRIC,2026-04-13T17:49:02Z,120668818294994,864,btc_qm_engine:btc_ptmc_rep_hot,6.0000000000
METRIC,2026-04-13T17:49:02Z,120668818319064,864,btc_qm_engine:btc_ptmc_rep_cold,5.0000000000
METRIC,2026-04-13T17:49:02Z,120668818343334,864,btc_qm_engine:btc_ptmc_accept,1.0000000000
METRIC,2026-04-13T17:49:02Z,120668818379144,864,btc_qm_engine:btc_ptmc_rep_hot,7.0000000000
METRIC,2026-04-13T17:49:02Z,120668818403614,864,btc_qm_engine:btc_ptmc_rep_cold,6.0000000000
METRIC,2026-04-13T17:49:02Z,120668818427874,864,btc_qm_engine:btc_ptmc_accept,1.0000000000
METRIC,2026-04-13T17:49:02Z,120668921044841,864,btc_qm_engine:btc_ptmc_rep_hot,1.0000000000
METRIC,2026-04-13T17:49:02Z,120668921140361,864,btc_qm_engine:btc_ptmc_rep_cold,0.0000000000
METRIC,2026-04-13T17:49:02Z,120668921167531,864,btc_qm_engine:btc_ptmc_accept,1.0000000000
METRIC,2026-04-13T17:49:02Z,120668921192091,864,btc_qm_engine:btc_ptmc_rep_hot,2.0000000000
METRIC,2026-04-13T17:49:02Z,120668921216981,864,btc_qm_engine:btc_ptmc_rep_cold,1.0000000000
METRIC,2026-04-13T17:49:02Z,120668921237801,864,btc_qm_engine:btc_ptmc_accept,1.0000000000
METRIC,2026-04-13T17:49:02Z,120668921261251,864,btc_qm_engine:btc_ptmc_rep_hot,3.0000000000
METRIC,2026-04-13T17:49:02Z,120668921286151,864,btc_qm_engine:btc_ptmc_rep_cold,2.0000000000
METRIC,2026-04-13T17:49:02Z,120668921331711,864,btc_qm_engine:btc_ptmc_accept,1.0000000000
METRIC,2026-04-13T17:49:02Z,120668921358651,864,btc_qm_engine:btc_ptmc_rep_hot,4.0000000000
METRIC,2026-04-13T17:49:02Z,120668921383761,864,btc_qm_engine:btc_ptmc_rep_cold,3.0000000000
METRIC,2026-04-13T17:49:02Z,120668921408561,864,btc_qm_engine:btc_ptmc_accept,1.0000000000
METRIC,2026-04-13T17:49:02Z,120668921440411,864,btc_qm_engine:btc_ptmc_rep_hot,5.0000000000
METRIC,2026-04-13T17:49:02Z,120668921465031,864,btc_qm_engine:btc_ptmc_rep_cold,4.0000000000
METRIC,2026-04-13T17:49:02Z,120668921489571,864,btc_qm_engine:btc_ptmc_accept,1.0000000000
METRIC,2026-04-13T17:49:02Z,120668921521641,864,btc_qm_engine:btc_ptmc_rep_hot,6.0000000000
METRIC,2026-04-13T17:49:02Z,120668921546421,864,btc_qm_engine:btc_ptmc_rep_cold,5.0000000000
METRIC,2026-04-13T17:49:02Z,120668921570921,864,btc_qm_engine:btc_ptmc_accept,1.0000000000
METRIC,2026-04-13T17:49:02Z,120668921606111,864,btc_qm_engine:btc_ptmc_rep_hot,7.0000000000
METRIC,2026-04-13T17:49:02Z,120668921631051,864,btc_qm_engine:btc_ptmc_rep_cold,6.0000000000
METRIC,2026-04-13T17:49:02Z,120668921655631,864,btc_qm_engine:btc_ptmc_accept,1.0000000000
METRIC,2026-04-13T17:49:02Z,120669022948409,864,btc_qm_engine:btc_ptmc_rep_hot,1.0000000000
METRIC,2026-04-13T17:49:02Z,120669023042379,864,btc_qm_engine:btc_ptmc_rep_cold,0.0000000000
METRIC,2026-04-13T17:49:02Z,120669023065129,864,btc_qm_engine:btc_ptmc_accept,1.0000000000
METRIC,2026-04-13T17:49:02Z,120669023091379,864,btc_qm_engine:btc_ptmc_rep_hot,2.0000000000
METRIC,2026-04-13T17:49:02Z,120669023117319,864,btc_qm_engine:btc_ptmc_rep_cold,1.0000000000
METRIC,2026-04-13T17:49:02Z,120669023151979,864,btc_qm_engine:btc_ptmc_accept,1.0000000000
METRIC,2026-04-13T17:49:02Z,120669023196669,864,btc_qm_engine:btc_ptmc_rep_hot,3.0000000000
METRIC,2026-04-13T17:49:02Z,120669023222169,864,btc_qm_engine:btc_ptmc_rep_cold,2.0000000000
METRIC,2026-04-13T17:49:02Z,120669023246659,864,btc_qm_engine:btc_ptmc_accept,1.0000000000
METRIC,2026-04-13T17:49:02Z,120669023276209,864,btc_qm_engine:btc_ptmc_rep_hot,4.0000000000
METRIC,2026-04-13T17:49:02Z,120669023300989,864,btc_qm_engine:btc_ptmc_rep_cold,3.0000000000
METRIC,2026-04-13T17:49:02Z,120669023325559,864,btc_qm_engine:btc_ptmc_accept,1.0000000000
METRIC,2026-04-13T17:49:02Z,120669023358819,864,btc_qm_engine:btc_ptmc_rep_hot,5.0000000000
METRIC,2026-04-13T17:49:02Z,120669023383319,864,btc_qm_engine:btc_ptmc_rep_cold,4.0000000000
METRIC,2026-04-13T17:49:02Z,120669023407639,864,btc_qm_engine:btc_ptmc_accept,1.0000000000
METRIC,2026-04-13T17:49:02Z,120669023443259,864,btc_qm_engine:btc_ptmc_rep_hot,6.0000000000
METRIC,2026-04-13T17:49:02Z,120669023467099,864,btc_qm_engine:btc_ptmc_rep_cold,5.0000000000
METRIC,2026-04-13T17:49:02Z,120669023491519,864,btc_qm_engine:btc_ptmc_accept,1.0000000000
METRIC,2026-04-13T17:49:02Z,120669023524389,864,btc_qm_engine:btc_ptmc_rep_hot,7.0000000000
METRIC,2026-04-13T17:49:02Z,120669023548639,864,btc_qm_engine:btc_ptmc_rep_cold,6.0000000000
METRIC,2026-04-13T17:49:02Z,120669023572659,864,btc_qm_engine:btc_ptmc_accept,1.0000000000
METRIC,2026-04-13T17:49:02Z,120669124597387,864,btc_qm_engine:btc_ptmc_rep_hot,1.0000000000
METRIC,2026-04-13T17:49:02Z,120669124677867,864,btc_qm_engine:btc_ptmc_rep_cold,0.0000000000
METRIC,2026-04-13T17:49:02Z,120669124698547,864,btc_qm_engine:btc_ptmc_accept,1.0000000000
METRIC,2026-04-13T17:49:02Z,120669124725257,864,btc_qm_engine:btc_ptmc_rep_hot,2.0000000000
METRIC,2026-04-13T17:49:02Z,120669124744587,864,btc_qm_engine:btc_ptmc_rep_cold,1.0000000000
METRIC,2026-04-13T17:49:02Z,120669124763357,864,btc_qm_engine:btc_ptmc_accept,0.7165001846
METRIC,2026-04-13T17:49:02Z,120669124788857,864,btc_qm_engine:btc_ptmc_rep_hot,3.0000000000
METRIC,2026-04-13T17:49:02Z,120669124813247,864,btc_qm_engine:btc_ptmc_rep_cold,2.0000000000
METRIC,2026-04-13T17:49:02Z,120669124832077,864,btc_qm_engine:btc_ptmc_accept,0.8464725326
METRIC,2026-04-13T17:49:02Z,120669124860567,864,btc_qm_engine:btc_ptmc_rep_hot,4.0000000000
METRIC,2026-04-13T17:49:02Z,120669124879507,864,btc_qm_engine:btc_ptmc_rep_cold,3.0000000000
METRIC,2026-04-13T17:49:02Z,120669124918927,864,btc_qm_engine:btc_ptmc_accept,1.0000000000
METRIC,2026-04-13T17:49:02Z,120669124943677,864,btc_qm_engine:btc_ptmc_rep_hot,5.0000000000
METRIC,2026-04-13T17:49:02Z,120669124962437,864,btc_qm_engine:btc_ptmc_rep_cold,4.0000000000
METRIC,2026-04-13T17:49:02Z,120669124981107,864,btc_qm_engine:btc_ptmc_accept,0.8824942074
METRIC,2026-04-13T17:49:02Z,120669125031177,864,btc_qm_engine:btc_ptmc_rep_hot,6.0000000000
METRIC,2026-04-13T17:49:02Z,120669125056057,864,btc_qm_engine:btc_ptmc_rep_cold,5.0000000000
METRIC,2026-04-13T17:49:02Z,120669125080737,864,btc_qm_engine:btc_ptmc_accept,1.0000000000
METRIC,2026-04-13T17:49:02Z,120669125106057,864,btc_qm_engine:btc_ptmc_rep_hot,7.0000000000
METRIC,2026-04-13T17:49:02Z,120669125131677,864,btc_qm_engine:btc_ptmc_rep_cold,6.0000000000
METRIC,2026-04-13T17:49:02Z,120669125152877,864,btc_qm_engine:btc_ptmc_accept,0.9540308635
METRIC,2026-04-13T17:49:02Z,120669231028354,864,btc_qm_engine:btc_ptmc_rep_hot,1.0000000000
METRIC,2026-04-13T17:49:02Z,120669231201204,864,btc_qm_engine:btc_ptmc_rep_cold,0.0000000000
METRIC,2026-04-13T17:49:02Z,120669231222234,864,btc_qm_engine:btc_ptmc_accept,1.0000000000
METRIC,2026-04-13T17:49:02Z,120669231241924,864,btc_qm_engine:btc_ptmc_rep_hot,2.0000000000
METRIC,2026-04-13T17:49:02Z,120669231260784,864,btc_qm_engine:btc_ptmc_rep_cold,1.0000000000
METRIC,2026-04-13T17:49:02Z,120669231279714,864,btc_qm_engine:btc_ptmc_accept,1.0000000000
METRIC,2026-04-13T17:49:02Z,120669231298474,864,btc_qm_engine:btc_ptmc_rep_hot,3.0000000000
METRIC,2026-04-13T17:49:02Z,120669231317214,864,btc_qm_engine:btc_ptmc_rep_cold,2.0000000000
METRIC,2026-04-13T17:49:02Z,120669231336664,864,btc_qm_engine:btc_ptmc_accept,1.0000000000
METRIC,2026-04-13T17:49:02Z,120669231361614,864,btc_qm_engine:btc_ptmc_rep_hot,4.0000000000
METRIC,2026-04-13T17:49:02Z,120669231380494,864,btc_qm_engine:btc_ptmc_rep_cold,3.0000000000
METRIC,2026-04-13T17:49:02Z,120669231399094,864,btc_qm_engine:btc_ptmc_accept,1.0000000000
METRIC,2026-04-13T17:49:02Z,120669231420264,864,btc_qm_engine:btc_ptmc_rep_hot,5.0000000000
METRIC,2026-04-13T17:49:02Z,120669231438964,864,btc_qm_engine:btc_ptmc_rep_cold,4.0000000000
METRIC,2026-04-13T17:49:02Z,120669231457504,864,btc_qm_engine:btc_ptmc_accept,1.0000000000
METRIC,2026-04-13T17:49:02Z,120669231480374,864,btc_qm_engine:btc_ptmc_rep_hot,6.0000000000
METRIC,2026-04-13T17:49:02Z,120669231498904,864,btc_qm_engine:btc_ptmc_rep_cold,5.0000000000
METRIC,2026-04-13T17:49:02Z,120669231517494,864,btc_qm_engine:btc_ptmc_accept,1.0000000000
METRIC,2026-04-13T17:49:02Z,120669231538764,864,btc_qm_engine:btc_ptmc_rep_hot,7.0000000000
METRIC,2026-04-13T17:49:02Z,120669231557634,864,btc_qm_engine:btc_ptmc_rep_cold,6.0000000000
METRIC,2026-04-13T17:49:02Z,120669231576194,864,btc_qm_engine:btc_ptmc_accept,1.0000000000
METRIC,2026-04-13T17:49:03Z,120669334710381,864,btc_qm_engine:btc_ptmc_rep_hot,1.0000000000
METRIC,2026-04-13T17:49:03Z,120669334793001,864,btc_qm_engine:btc_ptmc_rep_cold,0.0000000000
METRIC,2026-04-13T17:49:03Z,120669334818331,864,btc_qm_engine:btc_ptmc_accept,-0.0695919752
METRIC,2026-04-13T17:49:03Z,120669334840571,864,btc_qm_engine:btc_ptmc_rep_hot,2.0000000000
METRIC,2026-04-13T17:49:03Z,120669334859831,864,btc_qm_engine:btc_ptmc_rep_cold,1.0000000000
METRIC,2026-04-13T17:49:03Z,120669334878641,864,btc_qm_engine:btc_ptmc_accept,1.0000000000
METRIC,2026-04-13T17:49:03Z,120669334897291,864,btc_qm_engine:btc_ptmc_rep_hot,3.0000000000
METRIC,2026-04-13T17:49:03Z,120669334917301,864,btc_qm_engine:btc_ptmc_rep_cold,2.0000000000
METRIC,2026-04-13T17:49:03Z,120669334936501,864,btc_qm_engine:btc_ptmc_accept,1.0000000000
METRIC,2026-04-13T17:49:03Z,120669334965221,864,btc_qm_engine:btc_ptmc_rep_hot,4.0000000000
METRIC,2026-04-13T17:49:03Z,120669334984531,864,btc_qm_engine:btc_ptmc_rep_cold,3.0000000000
METRIC,2026-04-13T17:49:03Z,120669335021891,864,btc_qm_engine:btc_ptmc_accept,1.0000000000
METRIC,2026-04-13T17:49:03Z,120669335065231,864,btc_qm_engine:btc_ptmc_rep_hot,5.0000000000
METRIC,2026-04-13T17:49:03Z,120669335107211,864,btc_qm_engine:btc_ptmc_rep_cold,4.0000000000
METRIC,2026-04-13T17:49:03Z,120669335126091,864,btc_qm_engine:btc_ptmc_accept,1.0000000000
METRIC,2026-04-13T17:49:03Z,120669335153531,864,btc_qm_engine:btc_ptmc_rep_hot,6.0000000000
METRIC,2026-04-13T17:49:03Z,120669335172291,864,btc_qm_engine:btc_ptmc_rep_cold,5.0000000000
METRIC,2026-04-13T17:49:03Z,120669335190771,864,btc_qm_engine:btc_ptmc_accept,1.0000000000
METRIC,2026-04-13T17:49:03Z,120669335214351,864,btc_qm_engine:btc_ptmc_rep_hot,7.0000000000
METRIC,2026-04-13T17:49:03Z,120669335232941,864,btc_qm_engine:btc_ptmc_rep_cold,6.0000000000
METRIC,2026-04-13T17:49:03Z,120669335251481,864,btc_qm_engine:btc_ptmc_accept,1.0000000000
METRIC,2026-04-13T17:49:03Z,120669437751759,864,btc_qm_engine:btc_ptmc_rep_hot,1.0000000000
METRIC,2026-04-13T17:49:03Z,120669437851729,864,btc_qm_engine:btc_ptmc_rep_cold,0.0000000000
METRIC,2026-04-13T17:49:03Z,120669437878979,864,btc_qm_engine:btc_ptmc_accept,1.0000000000
METRIC,2026-04-13T17:49:03Z,120669437909859,864,btc_qm_engine:btc_ptmc_rep_hot,2.0000000000
METRIC,2026-04-13T17:49:03Z,120669437934099,864,btc_qm_engine:btc_ptmc_rep_cold,1.0000000000
METRIC,2026-04-13T17:49:03Z,120669437958759,864,btc_qm_engine:btc_ptmc_accept,1.0000000000
METRIC,2026-04-13T17:49:03Z,120669437990419,864,btc_qm_engine:btc_ptmc_rep_hot,3.0000000000
METRIC,2026-04-13T17:49:03Z,120669438040129,864,btc_qm_engine:btc_ptmc_rep_cold,2.0000000000
METRIC,2026-04-13T17:49:03Z,120669438064889,864,btc_qm_engine:btc_ptmc_accept,1.0000000000
METRIC,2026-04-13T17:49:03Z,120669438097589,864,btc_qm_engine:btc_ptmc_rep_hot,4.0000000000
METRIC,2026-04-13T17:49:03Z,120669438121799,864,btc_qm_engine:btc_ptmc_rep_cold,3.0000000000
METRIC,2026-04-13T17:49:03Z,120669438146589,864,btc_qm_engine:btc_ptmc_accept,1.0000000000
METRIC,2026-04-13T17:49:03Z,120669438174589,864,btc_qm_engine:btc_ptmc_rep_hot,5.0000000000
METRIC,2026-04-13T17:49:03Z,120669438199139,864,btc_qm_engine:btc_ptmc_rep_cold,4.0000000000
METRIC,2026-04-13T17:49:03Z,120669438223869,864,btc_qm_engine:btc_ptmc_accept,1.0000000000
METRIC,2026-04-13T17:49:03Z,120669438255379,864,btc_qm_engine:btc_ptmc_rep_hot,6.0000000000
METRIC,2026-04-13T17:49:03Z,120669438279719,864,btc_qm_engine:btc_ptmc_rep_cold,5.0000000000
METRIC,2026-04-13T17:49:03Z,120669438303729,864,btc_qm_engine:btc_ptmc_accept,1.0000000000
METRIC,2026-04-13T17:49:03Z,120669438334619,864,btc_qm_engine:btc_ptmc_rep_hot,7.0000000000
METRIC,2026-04-13T17:49:03Z,120669438358509,864,btc_qm_engine:btc_ptmc_rep_cold,6.0000000000
METRIC,2026-04-13T17:49:03Z,120669438381419,864,btc_qm_engine:btc_ptmc_accept,1.0000000000
METRIC,2026-04-13T17:49:03Z,120669542832996,864,btc_qm_engine:btc_ptmc_rep_hot,1.0000000000
METRIC,2026-04-13T17:49:03Z,120669542920376,864,btc_qm_engine:btc_ptmc_rep_cold,0.0000000000
METRIC,2026-04-13T17:49:03Z,120669542947166,864,btc_qm_engine:btc_ptmc_accept,1.0000000000
METRIC,2026-04-13T17:49:03Z,120669542976466,864,btc_qm_engine:btc_ptmc_rep_hot,2.0000000000
METRIC,2026-04-13T17:49:03Z,120669543027086,864,btc_qm_engine:btc_ptmc_rep_cold,1.0000000000
METRIC,2026-04-13T17:49:03Z,120669543076196,864,btc_qm_engine:btc_ptmc_accept,1.0000000000
METRIC,2026-04-13T17:49:03Z,120669543129186,864,btc_qm_engine:btc_ptmc_rep_hot,3.0000000000
METRIC,2026-04-13T17:49:03Z,120669543154196,864,btc_qm_engine:btc_ptmc_rep_cold,2.0000000000
METRIC,2026-04-13T17:49:03Z,120669543178326,864,btc_qm_engine:btc_ptmc_accept,1.0000000000
METRIC,2026-04-13T17:49:03Z,120669543210456,864,btc_qm_engine:btc_ptmc_rep_hot,4.0000000000
METRIC,2026-04-13T17:49:03Z,120669543234466,864,btc_qm_engine:btc_ptmc_rep_cold,3.0000000000
METRIC,2026-04-13T17:49:03Z,120669543257496,864,btc_qm_engine:btc_ptmc_accept,1.0000000000
METRIC,2026-04-13T17:49:03Z,120669543282596,864,btc_qm_engine:btc_ptmc_rep_hot,5.0000000000
METRIC,2026-04-13T17:49:03Z,120669543307886,864,btc_qm_engine:btc_ptmc_rep_cold,4.0000000000
METRIC,2026-04-13T17:49:03Z,120669543330866,864,btc_qm_engine:btc_ptmc_accept,1.0000000000
METRIC,2026-04-13T17:49:03Z,120669543360356,864,btc_qm_engine:btc_ptmc_rep_hot,6.0000000000
METRIC,2026-04-13T17:49:03Z,120669543404806,864,btc_qm_engine:btc_ptmc_rep_cold,5.0000000000
METRIC,2026-04-13T17:49:03Z,120669543428866,864,btc_qm_engine:btc_ptmc_accept,1.0000000000
METRIC,2026-04-13T17:49:03Z,120669543456426,864,btc_qm_engine:btc_ptmc_rep_hot,7.0000000000
METRIC,2026-04-13T17:49:03Z,120669543481056,864,btc_qm_engine:btc_ptmc_rep_cold,6.0000000000
METRIC,2026-04-13T17:49:03Z,120669543505436,864,btc_qm_engine:btc_ptmc_accept,1.0000000000
METRIC,2026-04-13T17:49:03Z,120669647610024,864,btc_qm_engine:btc_ptmc_rep_hot,1.0000000000
METRIC,2026-04-13T17:49:03Z,120669647693894,864,btc_qm_engine:btc_ptmc_rep_cold,0.0000000000
METRIC,2026-04-13T17:49:03Z,120669647719164,864,btc_qm_engine:btc_ptmc_accept,1.0000000000
METRIC,2026-04-13T17:49:03Z,120669647761154,864,btc_qm_engine:btc_ptmc_rep_hot,2.0000000000
METRIC,2026-04-13T17:49:03Z,120669647800984,864,btc_qm_engine:btc_ptmc_rep_cold,1.0000000000
METRIC,2026-04-13T17:49:03Z,120669647830474,864,btc_qm_engine:btc_ptmc_accept,1.0000000000
METRIC,2026-04-13T17:49:03Z,120669647879554,864,btc_qm_engine:btc_ptmc_rep_hot,3.0000000000
METRIC,2026-04-13T17:49:03Z,120669647904504,864,btc_qm_engine:btc_ptmc_rep_cold,2.0000000000
METRIC,2026-04-13T17:49:03Z,120669647929014,864,btc_qm_engine:btc_ptmc_accept,1.0000000000
METRIC,2026-04-13T17:49:03Z,120669647956674,864,btc_qm_engine:btc_ptmc_rep_hot,4.0000000000
METRIC,2026-04-13T17:49:03Z,120669647980804,864,btc_qm_engine:btc_ptmc_rep_cold,3.0000000000
METRIC,2026-04-13T17:49:03Z,120669648028254,864,btc_qm_engine:btc_ptmc_accept,1.0000000000
METRIC,2026-04-13T17:49:03Z,120669648059334,864,btc_qm_engine:btc_ptmc_rep_hot,5.0000000000
METRIC,2026-04-13T17:49:03Z,120669648105834,864,btc_qm_engine:btc_ptmc_rep_cold,4.0000000000
METRIC,2026-04-13T17:49:03Z,120669648130924,864,btc_qm_engine:btc_ptmc_accept,1.0000000000
METRIC,2026-04-13T17:49:03Z,120669648164974,864,btc_qm_engine:btc_ptmc_rep_hot,6.0000000000
METRIC,2026-04-13T17:49:03Z,120669648188844,864,btc_qm_engine:btc_ptmc_rep_cold,5.0000000000
METRIC,2026-04-13T17:49:03Z,120669648212864,864,btc_qm_engine:btc_ptmc_accept,1.0000000000
METRIC,2026-04-13T17:49:03Z,120669648247554,864,btc_qm_engine:btc_ptmc_rep_hot,7.0000000000
METRIC,2026-04-13T17:49:03Z,120669648287064,864,btc_qm_engine:btc_ptmc_rep_cold,6.0000000000
METRIC,2026-04-13T17:49:03Z,120669648322294,864,btc_qm_engine:btc_ptmc_accept,1.0000000000
METRIC,2026-04-13T17:49:03Z,120669753470721,864,btc_qm_engine:btc_ptmc_rep_hot,1.0000000000
METRIC,2026-04-13T17:49:03Z,120669753558791,864,btc_qm_engine:btc_ptmc_rep_cold,0.0000000000
METRIC,2026-04-13T17:49:03Z,120669753585271,864,btc_qm_engine:btc_ptmc_accept,1.0000000000
METRIC,2026-04-13T17:49:03Z,120669753616581,864,btc_qm_engine:btc_ptmc_rep_hot,2.0000000000
METRIC,2026-04-13T17:49:03Z,120669753641301,864,btc_qm_engine:btc_ptmc_rep_cold,1.0000000000
METRIC,2026-04-13T17:49:03Z,120669753665371,864,btc_qm_engine:btc_ptmc_accept,1.0000000000
METRIC,2026-04-13T17:49:03Z,120669753702401,864,btc_qm_engine:btc_ptmc_rep_hot,3.0000000000
METRIC,2026-04-13T17:49:03Z,120669753727711,864,btc_qm_engine:btc_ptmc_rep_cold,2.0000000000
METRIC,2026-04-13T17:49:03Z,120669753752991,864,btc_qm_engine:btc_ptmc_accept,1.0000000000
METRIC,2026-04-13T17:49:03Z,120669753786101,864,btc_qm_engine:btc_ptmc_rep_hot,4.0000000000
METRIC,2026-04-13T17:49:03Z,120669753810661,864,btc_qm_engine:btc_ptmc_rep_cold,3.0000000000
METRIC,2026-04-13T17:49:03Z,120669753835351,864,btc_qm_engine:btc_ptmc_accept,0.9048374180
METRIC,2026-04-13T17:49:03Z,120669753864551,864,btc_qm_engine:btc_ptmc_rep_hot,5.0000000000
METRIC,2026-04-13T17:49:03Z,120669753889021,864,btc_qm_engine:btc_ptmc_rep_cold,4.0000000000
METRIC,2026-04-13T17:49:03Z,120669753912351,864,btc_qm_engine:btc_ptmc_accept,1.0000000000
METRIC,2026-04-13T17:49:03Z,120669753946151,864,btc_qm_engine:btc_ptmc_rep_hot,6.0000000000
METRIC,2026-04-13T17:49:03Z,120669753970161,864,btc_qm_engine:btc_ptmc_rep_cold,5.0000000000
METRIC,2026-04-13T17:49:03Z,120669753994211,864,btc_qm_engine:btc_ptmc_accept,1.0000000000
METRIC,2026-04-13T17:49:03Z,120669754167921,864,btc_qm_engine:btc_ptmc_rep_hot,7.0000000000
METRIC,2026-04-13T17:49:03Z,120669754193441,864,btc_qm_engine:btc_ptmc_rep_cold,6.0000000000
METRIC,2026-04-13T17:49:03Z,120669754217961,864,btc_qm_engine:btc_ptmc_accept,0.9540312765
METRIC,2026-04-13T17:49:03Z,120669859512209,864,btc_qm_engine:btc_ptmc_rep_hot,1.0000000000
METRIC,2026-04-13T17:49:03Z,120669859615959,864,btc_qm_engine:btc_ptmc_rep_cold,0.0000000000
METRIC,2026-04-13T17:49:03Z,120669859641919,864,btc_qm_engine:btc_ptmc_accept,1.0000000000
METRIC,2026-04-13T17:49:03Z,120669859667429,864,btc_qm_engine:btc_ptmc_rep_hot,2.0000000000
METRIC,2026-04-13T17:49:03Z,120669859691859,864,btc_qm_engine:btc_ptmc_rep_cold,1.0000000000
METRIC,2026-04-13T17:49:03Z,120669859716759,864,btc_qm_engine:btc_ptmc_accept,1.0000000000
METRIC,2026-04-13T17:49:03Z,120669859754629,864,btc_qm_engine:btc_ptmc_rep_hot,3.0000000000
METRIC,2026-04-13T17:49:03Z,120669859779289,864,btc_qm_engine:btc_ptmc_rep_cold,2.0000000000
METRIC,2026-04-13T17:49:03Z,120669859803449,864,btc_qm_engine:btc_ptmc_accept,1.0000000000
METRIC,2026-04-13T17:49:03Z,120669860019729,864,btc_qm_engine:btc_ptmc_rep_hot,4.0000000000
METRIC,2026-04-13T17:49:03Z,120669860046909,864,btc_qm_engine:btc_ptmc_rep_cold,3.0000000000
METRIC,2026-04-13T17:49:03Z,120669860070999,864,btc_qm_engine:btc_ptmc_accept,1.0000000000
METRIC,2026-04-13T17:49:03Z,120669860109449,864,btc_qm_engine:btc_ptmc_rep_hot,5.0000000000
METRIC,2026-04-13T17:49:03Z,120669860146839,864,btc_qm_engine:btc_ptmc_rep_cold,4.0000000000
METRIC,2026-04-13T17:49:03Z,120669860170049,864,btc_qm_engine:btc_ptmc_accept,1.0000000000
METRIC,2026-04-13T17:49:03Z,120669860200989,864,btc_qm_engine:btc_ptmc_rep_hot,6.0000000000
METRIC,2026-04-13T17:49:03Z,120669860226299,864,btc_qm_engine:btc_ptmc_rep_cold,5.0000000000
METRIC,2026-04-13T17:49:03Z,120669860250749,864,btc_qm_engine:btc_ptmc_accept,1.0000000000
METRIC,2026-04-13T17:49:03Z,120669860281819,864,btc_qm_engine:btc_ptmc_rep_hot,7.0000000000
METRIC,2026-04-13T17:49:03Z,120669860305939,864,btc_qm_engine:btc_ptmc_rep_cold,6.0000000000
METRIC,2026-04-13T17:49:03Z,120669860330009,864,btc_qm_engine:btc_ptmc_accept,1.0000000000
METRIC,2026-04-13T17:49:03Z,120669965440146,864,btc_qm_engine:btc_ptmc_rep_hot,1.0000000000
METRIC,2026-04-13T17:49:03Z,120669965544276,864,btc_qm_engine:btc_ptmc_rep_cold,0.0000000000
METRIC,2026-04-13T17:49:03Z,120669965570456,864,btc_qm_engine:btc_ptmc_accept,1.0000000000
METRIC,2026-04-13T17:49:03Z,120669965601556,864,btc_qm_engine:btc_ptmc_rep_hot,2.0000000000
METRIC,2026-04-13T17:49:03Z,120669965627866,864,btc_qm_engine:btc_ptmc_rep_cold,1.0000000000
METRIC,2026-04-13T17:49:03Z,120669965652846,864,btc_qm_engine:btc_ptmc_accept,1.0000000000
METRIC,2026-04-13T17:49:03Z,120669965738346,864,btc_qm_engine:btc_ptmc_rep_hot,3.0000000000
METRIC,2026-04-13T17:49:03Z,120669965763176,864,btc_qm_engine:btc_ptmc_rep_cold,2.0000000000
METRIC,2026-04-13T17:49:03Z,120669965787276,864,btc_qm_engine:btc_ptmc_accept,1.0000000000
METRIC,2026-04-13T17:49:03Z,120669965819906,864,btc_qm_engine:btc_ptmc_rep_hot,4.0000000000
METRIC,2026-04-13T17:49:03Z,120669965890066,864,btc_qm_engine:btc_ptmc_rep_cold,3.0000000000
METRIC,2026-04-13T17:49:03Z,120669965921286,864,btc_qm_engine:btc_ptmc_accept,1.0000000000
METRIC,2026-04-13T17:49:03Z,120669965955776,864,btc_qm_engine:btc_ptmc_rep_hot,5.0000000000
METRIC,2026-04-13T17:49:03Z,120669965979846,864,btc_qm_engine:btc_ptmc_rep_cold,4.0000000000
METRIC,2026-04-13T17:49:03Z,120669966025366,864,btc_qm_engine:btc_ptmc_accept,1.0000000000
METRIC,2026-04-13T17:49:03Z,120669966064096,864,btc_qm_engine:btc_ptmc_rep_hot,6.0000000000
METRIC,2026-04-13T17:49:03Z,120669966088326,864,btc_qm_engine:btc_ptmc_rep_cold,5.0000000000
METRIC,2026-04-13T17:49:03Z,120669966112536,864,btc_qm_engine:btc_ptmc_accept,1.0000000000
METRIC,2026-04-13T17:49:03Z,120669966143026,864,btc_qm_engine:btc_ptmc_rep_hot,7.0000000000
METRIC,2026-04-13T17:49:03Z,120669966166906,864,btc_qm_engine:btc_ptmc_rep_cold,6.0000000000
METRIC,2026-04-13T17:49:03Z,120669966189916,864,btc_qm_engine:btc_ptmc_accept,1.0000000000
METRIC,2026-04-13T17:49:03Z,120670067433984,864,btc_qm_engine:btc_ptmc_rep_hot,1.0000000000
METRIC,2026-04-13T17:49:03Z,120670067517714,864,btc_qm_engine:btc_ptmc_rep_cold,0.0000000000
METRIC,2026-04-13T17:49:03Z,120670067543904,864,btc_qm_engine:btc_ptmc_accept,0.5136174742
METRIC,2026-04-13T17:49:03Z,120670067571894,864,btc_qm_engine:btc_ptmc_rep_hot,2.0000000000
METRIC,2026-04-13T17:49:03Z,120670067596364,864,btc_qm_engine:btc_ptmc_rep_cold,1.0000000000
METRIC,2026-04-13T17:49:03Z,120670067631434,864,btc_qm_engine:btc_ptmc_accept,0.7165140378
METRIC,2026-04-13T17:49:03Z,120670067674944,864,btc_qm_engine:btc_ptmc_rep_hot,3.0000000000
METRIC,2026-04-13T17:49:03Z,120670067701094,864,btc_qm_engine:btc_ptmc_rep_cold,2.0000000000
METRIC,2026-04-13T17:49:03Z,120670067724864,864,btc_qm_engine:btc_ptmc_accept,-0.8464766237
METRIC,2026-04-13T17:49:03Z,120670067756164,864,btc_qm_engine:btc_ptmc_rep_hot,4.0000000000
METRIC,2026-04-13T17:49:03Z,120670067781614,864,btc_qm_engine:btc_ptmc_rep_cold,3.0000000000
METRIC,2026-04-13T17:49:03Z,120670067806434,864,btc_qm_engine:btc_ptmc_accept,1.0000000000
METRIC,2026-04-13T17:49:03Z,120670067843304,864,btc_qm_engine:btc_ptmc_rep_hot,5.0000000000
METRIC,2026-04-13T17:49:03Z,120670067867854,864,btc_qm_engine:btc_ptmc_rep_cold,4.0000000000
METRIC,2026-04-13T17:49:03Z,120670067892284,864,btc_qm_engine:btc_ptmc_accept,1.0000000000
METRIC,2026-04-13T17:49:03Z,120670067926984,864,btc_qm_engine:btc_ptmc_rep_hot,6.0000000000
METRIC,2026-04-13T17:49:03Z,120670067950894,864,btc_qm_engine:btc_ptmc_rep_cold,5.0000000000
METRIC,2026-04-13T17:49:03Z,120670067974894,864,btc_qm_engine:btc_ptmc_accept,1.0000000000
METRIC,2026-04-13T17:49:03Z,120670068023464,864,btc_qm_engine:btc_ptmc_rep_hot,7.0000000000
METRIC,2026-04-13T17:49:03Z,120670068048984,864,btc_qm_engine:btc_ptmc_rep_cold,6.0000000000
METRIC,2026-04-13T17:49:03Z,120670068073594,864,btc_qm_engine:btc_ptmc_accept,1.0000000000
METRIC,2026-04-13T17:49:03Z,120670167835591,864,btc_qm_engine:btc_ptmc_rep_hot,1.0000000000
METRIC,2026-04-13T17:49:03Z,120670167926191,864,btc_qm_engine:btc_ptmc_rep_cold,0.0000000000
METRIC,2026-04-13T17:49:03Z,120670167952481,864,btc_qm_engine:btc_ptmc_accept,1.0000000000
METRIC,2026-04-13T17:49:03Z,120670168109081,864,btc_qm_engine:btc_ptmc_rep_hot,2.0000000000
METRIC,2026-04-13T17:49:03Z,120670168136771,864,btc_qm_engine:btc_ptmc_rep_cold,1.0000000000
METRIC,2026-04-13T17:49:03Z,120670168161211,864,btc_qm_engine:btc_ptmc_accept,1.0000000000
METRIC,2026-04-13T17:49:03Z,120670168189811,864,btc_qm_engine:btc_ptmc_rep_hot,3.0000000000
METRIC,2026-04-13T17:49:03Z,120670168213911,864,btc_qm_engine:btc_ptmc_rep_cold,2.0000000000
METRIC,2026-04-13T17:49:03Z,120670168236751,864,btc_qm_engine:btc_ptmc_accept,1.0000000000
METRIC,2026-04-13T17:49:03Z,120670168267751,864,btc_qm_engine:btc_ptmc_rep_hot,4.0000000000
METRIC,2026-04-13T17:49:03Z,120670168293181,864,btc_qm_engine:btc_ptmc_rep_cold,3.0000000000
METRIC,2026-04-13T17:49:03Z,120670168316581,864,btc_qm_engine:btc_ptmc_accept,1.0000000000
METRIC,2026-04-13T17:49:03Z,120670168346221,864,btc_qm_engine:btc_ptmc_rep_hot,5.0000000000
METRIC,2026-04-13T17:49:03Z,120670168405291,864,btc_qm_engine:btc_ptmc_rep_cold,4.0000000000
METRIC,2026-04-13T17:49:03Z,120670168428901,864,btc_qm_engine:btc_ptmc_accept,1.0000000000
METRIC,2026-04-13T17:49:03Z,120670168462931,864,btc_qm_engine:btc_ptmc_rep_hot,6.0000000000
METRIC,2026-04-13T17:49:03Z,120670168487881,864,btc_qm_engine:btc_ptmc_rep_cold,5.0000000000
METRIC,2026-04-13T17:49:03Z,120670168512041,864,btc_qm_engine:btc_ptmc_accept,1.0000000000
METRIC,2026-04-13T17:49:03Z,120670168542891,864,btc_qm_engine:btc_ptmc_rep_hot,7.0000000000
METRIC,2026-04-13T17:49:03Z,120670168573441,864,btc_qm_engine:btc_ptmc_rep_cold,6.0000000000
METRIC,2026-04-13T17:49:03Z,120670168600621,864,btc_qm_engine:btc_ptmc_accept,1.0000000000
METRIC,2026-04-13T17:49:03Z,120670269888719,864,btc_qm_engine:btc_ptmc_rep_hot,1.0000000000
METRIC,2026-04-13T17:49:03Z,120670269977119,864,btc_qm_engine:btc_ptmc_rep_cold,0.0000000000
METRIC,2026-04-13T17:49:03Z,120670270035419,864,btc_qm_engine:btc_ptmc_accept,1.0000000000
METRIC,2026-04-13T17:49:03Z,120670270075509,864,btc_qm_engine:btc_ptmc_rep_hot,2.0000000000
METRIC,2026-04-13T17:49:03Z,120670270100349,864,btc_qm_engine:btc_ptmc_rep_cold,1.0000000000
METRIC,2026-04-13T17:49:03Z,120670270125229,864,btc_qm_engine:btc_ptmc_accept,0.7165701146
METRIC,2026-04-13T17:49:03Z,120670270158109,864,btc_qm_engine:btc_ptmc_rep_hot,3.0000000000
METRIC,2026-04-13T17:49:03Z,120670270183009,864,btc_qm_engine:btc_ptmc_rep_cold,2.0000000000
METRIC,2026-04-13T17:49:03Z,120670270206669,864,btc_qm_engine:btc_ptmc_accept,1.0000000000
METRIC,2026-04-13T17:49:03Z,120670270229769,864,btc_qm_engine:btc_ptmc_rep_hot,4.0000000000
METRIC,2026-04-13T17:49:03Z,120670270252319,864,btc_qm_engine:btc_ptmc_rep_cold,3.0000000000
METRIC,2026-04-13T17:49:03Z,120670270274689,864,btc_qm_engine:btc_ptmc_accept,0.9048418286
METRIC,2026-04-13T17:49:03Z,120670271044679,864,btc_qm_engine:btc_ptmc_rep_hot,5.0000000000
METRIC,2026-04-13T17:49:03Z,120670271077989,864,btc_qm_engine:btc_ptmc_rep_cold,4.0000000000
METRIC,2026-04-13T17:49:03Z,120670271101639,864,btc_qm_engine:btc_ptmc_accept,0.8825002633
METRIC,2026-04-13T17:49:03Z,120670271261459,864,btc_qm_engine:btc_ptmc_rep_hot,6.0000000000
METRIC,2026-04-13T17:49:03Z,120670271288509,864,btc_qm_engine:btc_ptmc_rep_cold,5.0000000000
METRIC,2026-04-13T17:49:03Z,120670271311959,864,btc_qm_engine:btc_ptmc_accept,1.0000000000
METRIC,2026-04-13T17:49:03Z,120670271335599,864,btc_qm_engine:btc_ptmc_rep_hot,7.0000000000
METRIC,2026-04-13T17:49:03Z,120670271359079,864,btc_qm_engine:btc_ptmc_rep_cold,6.0000000000
METRIC,2026-04-13T17:49:03Z,120670271382439,864,btc_qm_engine:btc_ptmc_accept,1.0000000000
METRIC,2026-04-13T17:49:04Z,120670373986756,864,btc_qm_engine:btc_ptmc_rep_hot,1.0000000000
METRIC,2026-04-13T17:49:04Z,120670374091116,864,btc_qm_engine:btc_ptmc_rep_cold,0.0000000000
METRIC,2026-04-13T17:49:04Z,120670374112056,864,btc_qm_engine:btc_ptmc_accept,-0.5135063048
METRIC,2026-04-13T17:49:04Z,120670374135926,864,btc_qm_engine:btc_ptmc_rep_hot,2.0000000000
METRIC,2026-04-13T17:49:04Z,120670374154996,864,btc_qm_engine:btc_ptmc_rep_cold,1.0000000000
METRIC,2026-04-13T17:49:04Z,120670374173886,864,btc_qm_engine:btc_ptmc_accept,1.0000000000
METRIC,2026-04-13T17:49:04Z,120670374198486,864,btc_qm_engine:btc_ptmc_rep_hot,3.0000000000
METRIC,2026-04-13T17:49:04Z,120670374217226,864,btc_qm_engine:btc_ptmc_rep_cold,2.0000000000
METRIC,2026-04-13T17:49:04Z,120670374235896,864,btc_qm_engine:btc_ptmc_accept,0.8464909161
METRIC,2026-04-13T17:49:04Z,120670374262246,864,btc_qm_engine:btc_ptmc_rep_hot,4.0000000000
METRIC,2026-04-13T17:49:04Z,120670374280966,864,btc_qm_engine:btc_ptmc_rep_cold,3.0000000000
METRIC,2026-04-13T17:49:04Z,120670374299516,864,btc_qm_engine:btc_ptmc_accept,0.9048409551
METRIC,2026-04-13T17:49:04Z,120670374337176,864,btc_qm_engine:btc_ptmc_rep_hot,5.0000000000
METRIC,2026-04-13T17:49:04Z,120670374365466,864,btc_qm_engine:btc_ptmc_rep_cold,4.0000000000
METRIC,2026-04-13T17:49:04Z,120670374384286,864,btc_qm_engine:btc_ptmc_accept,1.0000000000
METRIC,2026-04-13T17:49:04Z,120670374416296,864,btc_qm_engine:btc_ptmc_rep_hot,6.0000000000
METRIC,2026-04-13T17:49:04Z,120670374464616,864,btc_qm_engine:btc_ptmc_rep_cold,5.0000000000
METRIC,2026-04-13T17:49:04Z,120670374486986,864,btc_qm_engine:btc_ptmc_accept,0.9642900774
METRIC,2026-04-13T17:49:04Z,120670374516616,864,btc_qm_engine:btc_ptmc_rep_hot,7.0000000000
METRIC,2026-04-13T17:49:04Z,120670374541286,864,btc_qm_engine:btc_ptmc_rep_cold,6.0000000000
METRIC,2026-04-13T17:49:04Z,120670374565456,864,btc_qm_engine:btc_ptmc_accept,-0.9767452464
METRIC,2026-04-13T17:49:04Z,120670478738054,864,btc_qm_engine:btc_ptmc_rep_hot,1.0000000000
METRIC,2026-04-13T17:49:04Z,120670478822954,864,btc_qm_engine:btc_ptmc_rep_cold,0.0000000000
METRIC,2026-04-13T17:49:04Z,120670478843954,864,btc_qm_engine:btc_ptmc_accept,0.5134171190
METRIC,2026-04-13T17:49:04Z,120670478868334,864,btc_qm_engine:btc_ptmc_rep_hot,2.0000000000
METRIC,2026-04-13T17:49:04Z,120670478887474,864,btc_qm_engine:btc_ptmc_rep_cold,1.0000000000
METRIC,2026-04-13T17:49:04Z,120670478906244,864,btc_qm_engine:btc_ptmc_accept,0.7165313106
METRIC,2026-04-13T17:49:04Z,120670478930464,864,btc_qm_engine:btc_ptmc_rep_hot,3.0000000000
METRIC,2026-04-13T17:49:04Z,120670478949214,864,btc_qm_engine:btc_ptmc_rep_cold,2.0000000000
METRIC,2026-04-13T17:49:04Z,120670478967904,864,btc_qm_engine:btc_ptmc_accept,0.8464817249
METRIC,2026-04-13T17:49:04Z,120670478992844,864,btc_qm_engine:btc_ptmc_rep_hot,4.0000000000
METRIC,2026-04-13T17:49:04Z,120670479034664,864,btc_qm_engine:btc_ptmc_rep_cold,3.0000000000
METRIC,2026-04-13T17:49:04Z,120670479053624,864,btc_qm_engine:btc_ptmc_accept,-0.9048374180
METRIC,2026-04-13T17:49:04Z,120670479080234,864,btc_qm_engine:btc_ptmc_rep_hot,5.0000000000
METRIC,2026-04-13T17:49:04Z,120670479098874,864,btc_qm_engine:btc_ptmc_rep_cold,4.0000000000
METRIC,2026-04-13T17:49:04Z,120670479117534,864,btc_qm_engine:btc_ptmc_accept,1.0000000000
METRIC,2026-04-13T17:49:04Z,120670479140264,864,btc_qm_engine:btc_ptmc_rep_hot,6.0000000000
METRIC,2026-04-13T17:49:04Z,120670479162204,864,btc_qm_engine:btc_ptmc_rep_cold,5.0000000000
METRIC,2026-04-13T17:49:04Z,120670479185534,864,btc_qm_engine:btc_ptmc_accept,1.0000000000
METRIC,2026-04-13T17:49:04Z,120670479215964,864,btc_qm_engine:btc_ptmc_rep_hot,7.0000000000
METRIC,2026-04-13T17:49:04Z,120670479240214,864,btc_qm_engine:btc_ptmc_rep_cold,6.0000000000
METRIC,2026-04-13T17:49:04Z,120670479264974,864,btc_qm_engine:btc_ptmc_accept,1.0000000000
METRIC,2026-04-13T17:49:04Z,120670583084061,864,btc_qm_engine:btc_ptmc_rep_hot,1.0000000000
METRIC,2026-04-13T17:49:04Z,120670583182751,864,btc_qm_engine:btc_ptmc_rep_cold,0.0000000000
METRIC,2026-04-13T17:49:04Z,120670583208071,864,btc_qm_engine:btc_ptmc_accept,-0.5134171190
METRIC,2026-04-13T17:49:04Z,120670583240341,864,btc_qm_engine:btc_ptmc_rep_hot,2.0000000000
METRIC,2026-04-13T17:49:04Z,120670583265321,864,btc_qm_engine:btc_ptmc_rep_cold,1.0000000000
METRIC,2026-04-13T17:49:04Z,120670583305401,864,btc_qm_engine:btc_ptmc_accept,1.0000000000
METRIC,2026-04-13T17:49:04Z,120670583344451,864,btc_qm_engine:btc_ptmc_rep_hot,3.0000000000
METRIC,2026-04-13T17:49:04Z,120670583368921,864,btc_qm_engine:btc_ptmc_rep_cold,2.0000000000
METRIC,2026-04-13T17:49:04Z,120670583393141,864,btc_qm_engine:btc_ptmc_accept,1.0000000000
METRIC,2026-04-13T17:49:04Z,120670583427041,864,btc_qm_engine:btc_ptmc_rep_hot,4.0000000000
METRIC,2026-04-13T17:49:04Z,120670583451771,864,btc_qm_engine:btc_ptmc_rep_cold,3.0000000000
METRIC,2026-04-13T17:49:04Z,120670583475941,864,btc_qm_engine:btc_ptmc_accept,1.0000000000
METRIC,2026-04-13T17:49:04Z,120670583506701,864,btc_qm_engine:btc_ptmc_rep_hot,5.0000000000
METRIC,2026-04-13T17:49:04Z,120670583530821,864,btc_qm_engine:btc_ptmc_rep_cold,4.0000000000
METRIC,2026-04-13T17:49:04Z,120670583554751,864,btc_qm_engine:btc_ptmc_accept,1.0000000000
METRIC,2026-04-13T17:49:04Z,120670583585961,864,btc_qm_engine:btc_ptmc_rep_hot,6.0000000000
METRIC,2026-04-13T17:49:04Z,120670583609721,864,btc_qm_engine:btc_ptmc_rep_cold,5.0000000000
METRIC,2026-04-13T17:49:04Z,120670583634251,864,btc_qm_engine:btc_ptmc_accept,1.0000000000
METRIC,2026-04-13T17:49:04Z,120670583680821,864,btc_qm_engine:btc_ptmc_rep_hot,7.0000000000
METRIC,2026-04-13T17:49:04Z,120670583705681,864,btc_qm_engine:btc_ptmc_rep_cold,6.0000000000
METRIC,2026-04-13T17:49:04Z,120670583728621,864,btc_qm_engine:btc_ptmc_accept,1.0000000000
METRIC,2026-04-13T17:49:04Z,120670684728599,864,btc_qm_engine:btc_ptmc_rep_hot,1.0000000000
METRIC,2026-04-13T17:49:04Z,120670684810779,864,btc_qm_engine:btc_ptmc_rep_cold,0.0000000000
METRIC,2026-04-13T17:49:04Z,120670684831949,864,btc_qm_engine:btc_ptmc_accept,-0.0695317437
METRIC,2026-04-13T17:49:04Z,120670684857428,864,btc_qm_engine:btc_ptmc_rep_hot,2.0000000000
METRIC,2026-04-13T17:49:04Z,120670684876828,864,btc_qm_engine:btc_ptmc_rep_cold,1.0000000000
METRIC,2026-04-13T17:49:04Z,120670684895968,864,btc_qm_engine:btc_ptmc_accept,1.0000000000
METRIC,2026-04-13T17:49:04Z,120670684920038,864,btc_qm_engine:btc_ptmc_rep_hot,3.0000000000
METRIC,2026-04-13T17:49:04Z,120670684938578,864,btc_qm_engine:btc_ptmc_rep_cold,2.0000000000
METRIC,2026-04-13T17:49:04Z,120670684957248,864,btc_qm_engine:btc_ptmc_accept,1.0000000000
METRIC,2026-04-13T17:49:04Z,120670684978478,864,btc_qm_engine:btc_ptmc_rep_hot,4.0000000000
METRIC,2026-04-13T17:49:04Z,120670684997258,864,btc_qm_engine:btc_ptmc_rep_cold,3.0000000000
METRIC,2026-04-13T17:49:04Z,120670685028358,864,btc_qm_engine:btc_ptmc_accept,1.0000000000
METRIC,2026-04-13T17:49:04Z,120670685050168,864,btc_qm_engine:btc_ptmc_rep_hot,5.0000000000
METRIC,2026-04-13T17:49:04Z,120670685072128,864,btc_qm_engine:btc_ptmc_rep_cold,4.0000000000
METRIC,2026-04-13T17:49:04Z,120670685090888,864,btc_qm_engine:btc_ptmc_accept,1.0000000000
METRIC,2026-04-13T17:49:04Z,120670685109678,864,btc_qm_engine:btc_ptmc_rep_hot,6.0000000000
METRIC,2026-04-13T17:49:04Z,120670685128028,864,btc_qm_engine:btc_ptmc_rep_cold,5.0000000000
METRIC,2026-04-13T17:49:04Z,120670685146708,864,btc_qm_engine:btc_ptmc_accept,1.0000000000
METRIC,2026-04-13T17:49:04Z,120670685165288,864,btc_qm_engine:btc_ptmc_rep_hot,7.0000000000
METRIC,2026-04-13T17:49:04Z,120670685195208,864,btc_qm_engine:btc_ptmc_rep_cold,6.0000000000
METRIC,2026-04-13T17:49:04Z,120670685222598,864,btc_qm_engine:btc_ptmc_accept,1.0000000000
METRIC,2026-04-13T17:49:04Z,120670785122856,864,btc_qm_engine:btc_ptmc_rep_hot,1.0000000000
METRIC,2026-04-13T17:49:04Z,120670785191826,864,btc_qm_engine:btc_ptmc_rep_cold,0.0000000000
METRIC,2026-04-13T17:49:04Z,120670785219776,864,btc_qm_engine:btc_ptmc_accept,0.5136174742
METRIC,2026-04-13T17:49:04Z,120670785246836,864,btc_qm_engine:btc_ptmc_rep_hot,2.0000000000
METRIC,2026-04-13T17:49:04Z,120670785271206,864,btc_qm_engine:btc_ptmc_rep_cold,1.0000000000
METRIC,2026-04-13T17:49:04Z,120670785294346,864,btc_qm_engine:btc_ptmc_accept,0.7165140378
METRIC,2026-04-13T17:49:04Z,120670785316346,864,btc_qm_engine:btc_ptmc_rep_hot,3.0000000000
METRIC,2026-04-13T17:49:04Z,120670785335086,864,btc_qm_engine:btc_ptmc_rep_cold,2.0000000000
METRIC,2026-04-13T17:49:04Z,120670785353626,864,btc_qm_engine:btc_ptmc_accept,1.0000000000
METRIC,2026-04-13T17:49:04Z,120670785377116,864,btc_qm_engine:btc_ptmc_rep_hot,4.0000000000
METRIC,2026-04-13T17:49:04Z,120670785395886,864,btc_qm_engine:btc_ptmc_rep_cold,3.0000000000
METRIC,2026-04-13T17:49:04Z,120670785414496,864,btc_qm_engine:btc_ptmc_accept,0.9048354550
METRIC,2026-04-13T17:49:04Z,120670785438026,864,btc_qm_engine:btc_ptmc_rep_hot,5.0000000000
METRIC,2026-04-13T17:49:04Z,120670785456746,864,btc_qm_engine:btc_ptmc_rep_cold,4.0000000000
METRIC,2026-04-13T17:49:04Z,120670785475516,864,btc_qm_engine:btc_ptmc_accept,0.9394122667
METRIC,2026-04-13T17:49:04Z,120670785494416,864,btc_qm_engine:btc_ptmc_rep_hot,6.0000000000
METRIC,2026-04-13T17:49:04Z,120670785512986,864,btc_qm_engine:btc_ptmc_rep_cold,5.0000000000
METRIC,2026-04-13T17:49:04Z,120670785531676,864,btc_qm_engine:btc_ptmc_accept,-0.9642893023
METRIC,2026-04-13T17:49:04Z,120670785550586,864,btc_qm_engine:btc_ptmc_rep_hot,7.0000000000
METRIC,2026-04-13T17:49:04Z,120670785569176,864,btc_qm_engine:btc_ptmc_rep_cold,6.0000000000
METRIC,2026-04-13T17:49:04Z,120670785597496,864,btc_qm_engine:btc_ptmc_accept,1.0000000000
METRIC,2026-04-13T17:49:04Z,120670814920236,864,btc_qm_engine:btc_hashrate_mhs,0.9316414805
METRIC,2026-04-13T17:49:04Z,120670815020336,864,btc_qm_engine:btc_hashrate_thread_id,2.0000000000
METRIC,2026-04-13T17:49:04Z,120670815374795,864,btc_qm_engine:btc_hashrate_mhs,0.9317908300
METRIC,2026-04-13T17:49:04Z,120670815419325,864,btc_qm_engine:btc_hashrate_thread_id,5.0000000000
METRIC,2026-04-13T17:49:04Z,120670815520425,864,btc_qm_engine:btc_hashrate_mhs,0.9320126605
METRIC,2026-04-13T17:49:04Z,120670815574545,864,btc_qm_engine:btc_hashrate_thread_id,4.0000000000
METRIC,2026-04-13T17:49:04Z,120670817590985,864,btc_qm_engine:btc_hashrate_mhs,0.9317865890
METRIC,2026-04-13T17:49:04Z,120670817633465,864,btc_qm_engine:btc_hashrate_thread_id,6.0000000000
METRIC,2026-04-13T17:49:04Z,120670817724325,864,btc_qm_engine:btc_hashrate_mhs,0.9320110944
METRIC,2026-04-13T17:49:04Z,120670817767845,864,btc_qm_engine:btc_hashrate_thread_id,3.0000000000
METRIC,2026-04-13T17:49:04Z,120670818954005,864,btc_qm_engine:btc_hashrate_mhs,0.9319806323
METRIC,2026-04-13T17:49:04Z,120670818995955,864,btc_qm_engine:btc_hashrate_thread_id,7.0000000000
METRIC,2026-04-13T17:49:04Z,120670820281985,864,btc_qm_engine:btc_hashrate_mhs,0.9319273421
METRIC,2026-04-13T17:49:04Z,120670820331415,864,btc_qm_engine:btc_hashrate_thread_id,1.0000000000
METRIC,2026-04-13T17:49:04Z,120670821500625,864,btc_qm_engine:btc_nx48_stall_count,2.0000000000
METRIC,2026-04-13T17:49:04Z,120670821537585,864,btc_qm_engine:btc_nx48_delta_nonce_old,23.2842227352
METRIC,2026-04-13T17:49:04Z,120670821563415,864,btc_qm_engine:btc_nx48_delta_nonce_new,24.5088355736
METRIC,2026-04-13T17:49:04Z,120670821588085,864,btc_qm_engine:btc_nx48_batch_old,4.0000000000
METRIC,2026-04-13T17:49:04Z,120670821611965,864,btc_qm_engine:btc_nx48_batch_new,4.0000000000
METRIC,2026-04-13T17:49:04Z,120670821635595,864,btc_qm_engine:btc_nx48_loss,0.6875793739
METRIC,2026-04-13T17:49:04Z,120670821660375,864,btc_qm_engine:btc_nx48_grad_norm,0.7297268480
METRIC,2026-04-13T17:49:04Z,120670821683875,864,btc_qm_engine:btc_nx48_update_count,240.0000000000
METRIC,2026-04-13T17:49:04Z,120670821709045,864,btc_qm_engine:btc_nx48_exploration_bias,0.6621024176
METRIC,2026-04-13T17:49:04Z,120670821733605,864,btc_qm_engine:btc_hashrate_mhs,0.9321554618
METRIC,2026-04-13T17:49:04Z,120670821758175,864,btc_qm_engine:btc_hashrate_thread_id,0.0000000000
METRIC,2026-04-13T17:49:04Z,120670914717373,864,btc_qm_engine:btc_ptmc_rep_hot,1.0000000000
METRIC,2026-04-13T17:49:04Z,120670914788653,864,btc_qm_engine:btc_ptmc_rep_cold,0.0000000000
METRIC,2026-04-13T17:49:04Z,120670914809613,864,btc_qm_engine:btc_ptmc_accept,1.0000000000
METRIC,2026-04-13T17:49:04Z,120670914832983,864,btc_qm_engine:btc_ptmc_rep_hot,2.0000000000
METRIC,2026-04-13T17:49:04Z,120670914858203,864,btc_qm_engine:btc_ptmc_rep_cold,1.0000000000
METRIC,2026-04-13T17:49:04Z,120670914882233,864,btc_qm_engine:btc_ptmc_accept,1.0000000000
METRIC,2026-04-13T17:49:04Z,120670914909173,864,btc_qm_engine:btc_ptmc_rep_hot,3.0000000000
METRIC,2026-04-13T17:49:04Z,120670914934163,864,btc_qm_engine:btc_ptmc_rep_cold,2.0000000000
METRIC,2026-04-13T17:49:04Z,120670914958593,864,btc_qm_engine:btc_ptmc_accept,1.0000000000
METRIC,2026-04-13T17:49:04Z,120670914986153,864,btc_qm_engine:btc_ptmc_rep_hot,4.0000000000
METRIC,2026-04-13T17:49:04Z,120670915027693,864,btc_qm_engine:btc_ptmc_rep_cold,3.0000000000
METRIC,2026-04-13T17:49:04Z,120670915052273,864,btc_qm_engine:btc_ptmc_accept,1.0000000000
METRIC,2026-04-13T17:49:04Z,120670915088103,864,btc_qm_engine:btc_ptmc_rep_hot,5.0000000000
METRIC,2026-04-13T17:49:04Z,120670915112263,864,btc_qm_engine:btc_ptmc_rep_cold,4.0000000000
METRIC,2026-04-13T17:49:04Z,120670915136493,864,btc_qm_engine:btc_ptmc_accept,1.0000000000
METRIC,2026-04-13T17:49:04Z,120670915166293,864,btc_qm_engine:btc_ptmc_rep_hot,6.0000000000
METRIC,2026-04-13T17:49:04Z,120670915190613,864,btc_qm_engine:btc_ptmc_rep_cold,5.0000000000
METRIC,2026-04-13T17:49:04Z,120670915215073,864,btc_qm_engine:btc_ptmc_accept,1.0000000000
METRIC,2026-04-13T17:49:04Z,120670915271803,864,btc_qm_engine:btc_ptmc_rep_hot,7.0000000000
METRIC,2026-04-13T17:49:04Z,120670915296593,864,btc_qm_engine:btc_ptmc_rep_cold,6.0000000000
METRIC,2026-04-13T17:49:04Z,120670915321203,864,btc_qm_engine:btc_ptmc_accept,1.0000000000
METRIC,2026-04-13T17:49:04Z,120671018448671,864,btc_qm_engine:btc_ptmc_rep_hot,1.0000000000
METRIC,2026-04-13T17:49:04Z,120671018528501,864,btc_qm_engine:btc_ptmc_rep_cold,0.0000000000
METRIC,2026-04-13T17:49:04Z,120671018549581,864,btc_qm_engine:btc_ptmc_accept,1.0000000000
METRIC,2026-04-13T17:49:04Z,120671018572381,864,btc_qm_engine:btc_ptmc_rep_hot,2.0000000000
METRIC,2026-04-13T17:49:04Z,120671018591161,864,btc_qm_engine:btc_ptmc_rep_cold,1.0000000000
METRIC,2026-04-13T17:49:04Z,120671018609901,864,btc_qm_engine:btc_ptmc_accept,1.0000000000
METRIC,2026-04-13T17:49:04Z,120671018633601,864,btc_qm_engine:btc_ptmc_rep_hot,3.0000000000
METRIC,2026-04-13T17:49:04Z,120671018652141,864,btc_qm_engine:btc_ptmc_rep_cold,2.0000000000
METRIC,2026-04-13T17:49:04Z,120671018670741,864,btc_qm_engine:btc_ptmc_accept,1.0000000000
METRIC,2026-04-13T17:49:04Z,120671018696111,864,btc_qm_engine:btc_ptmc_rep_hot,4.0000000000
METRIC,2026-04-13T17:49:04Z,120671018714631,864,btc_qm_engine:btc_ptmc_rep_cold,3.0000000000
METRIC,2026-04-13T17:49:04Z,120671018733331,864,btc_qm_engine:btc_ptmc_accept,1.0000000000
METRIC,2026-04-13T17:49:04Z,120671018757431,864,btc_qm_engine:btc_ptmc_rep_hot,5.0000000000
METRIC,2026-04-13T17:49:04Z,120671018776061,864,btc_qm_engine:btc_ptmc_rep_cold,4.0000000000
METRIC,2026-04-13T17:49:04Z,120671018794681,864,btc_qm_engine:btc_ptmc_accept,1.0000000000
METRIC,2026-04-13T17:49:04Z,120671018821351,864,btc_qm_engine:btc_ptmc_rep_hot,6.0000000000
METRIC,2026-04-13T17:49:04Z,120671018840911,864,btc_qm_engine:btc_ptmc_rep_cold,5.0000000000
METRIC,2026-04-13T17:49:04Z,120671018860011,864,btc_qm_engine:btc_ptmc_accept,1.0000000000
METRIC,2026-04-13T17:49:04Z,120671018884001,864,btc_qm_engine:btc_ptmc_rep_hot,7.0000000000
METRIC,2026-04-13T17:49:04Z,120671018902651,864,btc_qm_engine:btc_ptmc_rep_cold,6.0000000000
METRIC,2026-04-13T17:49:04Z,120671018921311,864,btc_qm_engine:btc_ptmc_accept,1.0000000000
METRIC,2026-04-13T17:49:04Z,120671122778878,864,btc_qm_engine:btc_ptmc_rep_hot,1.0000000000
METRIC,2026-04-13T17:49:04Z,120671122864118,864,btc_qm_engine:btc_ptmc_rep_cold,0.0000000000
METRIC,2026-04-13T17:49:04Z,120671122890648,864,btc_qm_engine:btc_ptmc_accept,-0.1354058228
METRIC,2026-04-13T17:49:04Z,120671122922348,864,btc_qm_engine:btc_ptmc_rep_hot,2.0000000000
METRIC,2026-04-13T17:49:04Z,120671122946788,864,btc_qm_engine:btc_ptmc_rep_cold,1.0000000000
METRIC,2026-04-13T17:49:04Z,120671122971168,864,btc_qm_engine:btc_ptmc_accept,1.0000000000
METRIC,2026-04-13T17:49:04Z,120671122999998,864,btc_qm_engine:btc_ptmc_rep_hot,3.0000000000
METRIC,2026-04-13T17:49:04Z,120671123048068,864,btc_qm_engine:btc_ptmc_rep_cold,2.0000000000
METRIC,2026-04-13T17:49:04Z,120671123078428,864,btc_qm_engine:btc_ptmc_accept,1.0000000000
METRIC,2026-04-13T17:49:04Z,120671123110478,864,btc_qm_engine:btc_ptmc_rep_hot,4.0000000000
METRIC,2026-04-13T17:49:04Z,120671123166908,864,btc_qm_engine:btc_ptmc_rep_cold,3.0000000000
METRIC,2026-04-13T17:49:04Z,120671123191498,864,btc_qm_engine:btc_ptmc_accept,1.0000000000
METRIC,2026-04-13T17:49:04Z,120671123219228,864,btc_qm_engine:btc_ptmc_rep_hot,5.0000000000
METRIC,2026-04-13T17:49:04Z,120671123243238,864,btc_qm_engine:btc_ptmc_rep_cold,4.0000000000
METRIC,2026-04-13T17:49:04Z,120671123274168,864,btc_qm_engine:btc_ptmc_accept,1.0000000000
METRIC,2026-04-13T17:49:04Z,120671123305378,864,btc_qm_engine:btc_ptmc_rep_hot,6.0000000000
METRIC,2026-04-13T17:49:04Z,120671123329608,864,btc_qm_engine:btc_ptmc_rep_cold,5.0000000000
METRIC,2026-04-13T17:49:04Z,120671123352688,864,btc_qm_engine:btc_ptmc_accept,1.0000000000
METRIC,2026-04-13T17:49:04Z,120671123375028,864,btc_qm_engine:btc_ptmc_rep_hot,7.0000000000
METRIC,2026-04-13T17:49:04Z,120671123408758,864,btc_qm_engine:btc_ptmc_rep_cold,6.0000000000
METRIC,2026-04-13T17:49:04Z,120671123437678,864,btc_qm_engine:btc_ptmc_accept,1.0000000000
METRIC,2026-04-13T17:49:04Z,120671224372786,864,btc_qm_engine:btc_ptmc_rep_hot,1.0000000000
METRIC,2026-04-13T17:49:04Z,120671224463026,864,btc_qm_engine:btc_ptmc_rep_cold,0.0000000000
METRIC,2026-04-13T17:49:04Z,120671224488986,864,btc_qm_engine:btc_ptmc_accept,1.0000000000
METRIC,2026-04-13T17:49:04Z,120671224514526,864,btc_qm_engine:btc_ptmc_rep_hot,2.0000000000
METRIC,2026-04-13T17:49:04Z,120671224538546,864,btc_qm_engine:btc_ptmc_rep_cold,1.0000000000
METRIC,2026-04-13T17:49:04Z,120671224562686,864,btc_qm_engine:btc_ptmc_accept,0.2635971381
METRIC,2026-04-13T17:49:04Z,120671224600356,864,btc_qm_engine:btc_ptmc_rep_hot,3.0000000000
METRIC,2026-04-13T17:49:04Z,120671224624576,864,btc_qm_engine:btc_ptmc_rep_cold,2.0000000000
METRIC,2026-04-13T17:49:04Z,120671224648276,864,btc_qm_engine:btc_ptmc_accept,-0.6065306597
METRIC,2026-04-13T17:49:04Z,120671224680706,864,btc_qm_engine:btc_ptmc_rep_hot,4.0000000000
METRIC,2026-04-13T17:49:04Z,120671224704806,864,btc_qm_engine:btc_ptmc_rep_cold,3.0000000000
METRIC,2026-04-13T17:49:04Z,120671224728726,864,btc_qm_engine:btc_ptmc_accept,0.9048374180
METRIC,2026-04-13T17:49:04Z,120671224755816,864,btc_qm_engine:btc_ptmc_rep_hot,5.0000000000
METRIC,2026-04-13T17:49:04Z,120671224779576,864,btc_qm_engine:btc_ptmc_rep_cold,4.0000000000
METRIC,2026-04-13T17:49:04Z,120671224803326,864,btc_qm_engine:btc_ptmc_accept,0.9394130628
METRIC,2026-04-13T17:49:04Z,120671224839426,864,btc_qm_engine:btc_ptmc_rep_hot,6.0000000000
METRIC,2026-04-13T17:49:04Z,120671224863726,864,btc_qm_engine:btc_ptmc_rep_cold,5.0000000000
METRIC,2026-04-13T17:49:04Z,120671224887176,864,btc_qm_engine:btc_ptmc_accept,1.0000000000
METRIC,2026-04-13T17:49:04Z,120671224917106,864,btc_qm_engine:btc_ptmc_rep_hot,7.0000000000
METRIC,2026-04-13T17:49:04Z,120671224940766,864,btc_qm_engine:btc_ptmc_rep_cold,6.0000000000
METRIC,2026-04-13T17:49:04Z,120671224964526,864,btc_qm_engine:btc_ptmc_accept,1.0000000000
METRIC,2026-04-13T17:49:05Z,120671327998003,864,btc_qm_engine:btc_ptmc_rep_hot,1.0000000000
METRIC,2026-04-13T17:49:05Z,120671328114023,864,btc_qm_engine:btc_ptmc_rep_cold,0.0000000000
METRIC,2026-04-13T17:49:05Z,120671328141023,864,btc_qm_engine:btc_ptmc_accept,1.0000000000
METRIC,2026-04-13T17:49:05Z,120671328172573,864,btc_qm_engine:btc_ptmc_rep_hot,2.0000000000
METRIC,2026-04-13T17:49:05Z,120671328197463,864,btc_qm_engine:btc_ptmc_rep_cold,1.0000000000
METRIC,2026-04-13T17:49:05Z,120671328222113,864,btc_qm_engine:btc_ptmc_accept,1.0000000000
METRIC,2026-04-13T17:49:05Z,120671328246633,864,btc_qm_engine:btc_ptmc_rep_hot,3.0000000000
METRIC,2026-04-13T17:49:05Z,120671328285673,864,btc_qm_engine:btc_ptmc_rep_cold,2.0000000000
METRIC,2026-04-13T17:49:05Z,120671328321603,864,btc_qm_engine:btc_ptmc_accept,1.0000000000
METRIC,2026-04-13T17:49:05Z,120671328351713,864,btc_qm_engine:btc_ptmc_rep_hot,4.0000000000
METRIC,2026-04-13T17:49:05Z,120671328375833,864,btc_qm_engine:btc_ptmc_rep_cold,3.0000000000
METRIC,2026-04-13T17:49:05Z,120671328400173,864,btc_qm_engine:btc_ptmc_accept,1.0000000000
METRIC,2026-04-13T17:49:05Z,120671328430883,864,btc_qm_engine:btc_ptmc_rep_hot,5.0000000000
METRIC,2026-04-13T17:49:05Z,120671328472723,864,btc_qm_engine:btc_ptmc_rep_cold,4.0000000000
METRIC,2026-04-13T17:49:05Z,120671328498123,864,btc_qm_engine:btc_ptmc_accept,1.0000000000
METRIC,2026-04-13T17:49:05Z,120671328528233,864,btc_qm_engine:btc_ptmc_rep_hot,6.0000000000
METRIC,2026-04-13T17:49:05Z,120671328553763,864,btc_qm_engine:btc_ptmc_rep_cold,5.0000000000
METRIC,2026-04-13T17:49:05Z,120671328576873,864,btc_qm_engine:btc_ptmc_accept,1.0000000000
METRIC,2026-04-13T17:49:05Z,120671328605833,864,btc_qm_engine:btc_ptmc_rep_hot,7.0000000000
METRIC,2026-04-13T17:49:05Z,120671328630873,864,btc_qm_engine:btc_ptmc_rep_cold,6.0000000000
METRIC,2026-04-13T17:49:05Z,120671328654893,864,btc_qm_engine:btc_ptmc_accept,1.0000000000
METRIC,2026-04-13T17:49:05Z,120671432477111,864,btc_qm_engine:btc_ptmc_rep_hot,1.0000000000
METRIC,2026-04-13T17:49:05Z,120671432566761,864,btc_qm_engine:btc_ptmc_rep_cold,0.0000000000
METRIC,2026-04-13T17:49:05Z,120671432593011,864,btc_qm_engine:btc_ptmc_accept,-0.2636887251
METRIC,2026-04-13T17:49:05Z,120671432623891,864,btc_qm_engine:btc_ptmc_rep_hot,2.0000000000
METRIC,2026-04-13T17:49:05Z,120671432648671,864,btc_qm_engine:btc_ptmc_rep_cold,1.0000000000
METRIC,2026-04-13T17:49:05Z,120671432673071,864,btc_qm_engine:btc_ptmc_accept,1.0000000000
METRIC,2026-04-13T17:49:05Z,120671432699811,864,btc_qm_engine:btc_ptmc_rep_hot,3.0000000000
METRIC,2026-04-13T17:49:05Z,120671432724401,864,btc_qm_engine:btc_ptmc_rep_cold,2.0000000000
METRIC,2026-04-13T17:49:05Z,120671432748601,864,btc_qm_engine:btc_ptmc_accept,1.0000000000
METRIC,2026-04-13T17:49:05Z,120671432775891,864,btc_qm_engine:btc_ptmc_rep_hot,4.0000000000
METRIC,2026-04-13T17:49:05Z,120671432799971,864,btc_qm_engine:btc_ptmc_rep_cold,3.0000000000
METRIC,2026-04-13T17:49:05Z,120671432824271,864,btc_qm_engine:btc_ptmc_accept,1.0000000000
METRIC,2026-04-13T17:49:05Z,120671432848631,864,btc_qm_engine:btc_ptmc_rep_hot,5.0000000000
METRIC,2026-04-13T17:49:05Z,120671432873251,864,btc_qm_engine:btc_ptmc_rep_cold,4.0000000000
METRIC,2026-04-13T17:49:05Z,120671432897241,864,btc_qm_engine:btc_ptmc_accept,1.0000000000
METRIC,2026-04-13T17:49:05Z,120671432926381,864,btc_qm_engine:btc_ptmc_rep_hot,6.0000000000
METRIC,2026-04-13T17:49:05Z,120671432950381,864,btc_qm_engine:btc_ptmc_rep_cold,5.0000000000
METRIC,2026-04-13T17:49:05Z,120671432974401,864,btc_qm_engine:btc_ptmc_accept,1.0000000000
METRIC,2026-04-13T17:49:05Z,120671433033601,864,btc_qm_engine:btc_ptmc_rep_hot,7.0000000000
METRIC,2026-04-13T17:49:05Z,120671433064411,864,btc_qm_engine:btc_ptmc_rep_cold,6.0000000000
METRIC,2026-04-13T17:49:05Z,120671433104001,864,btc_qm_engine:btc_ptmc_accept,1.0000000000
METRIC,2026-04-13T17:49:05Z,120671538924958,864,btc_qm_engine:btc_ptmc_rep_hot,1.0000000000
METRIC,2026-04-13T17:49:05Z,120671539036668,864,btc_qm_engine:btc_ptmc_rep_cold,0.0000000000
METRIC,2026-04-13T17:49:05Z,120671539070348,864,btc_qm_engine:btc_ptmc_accept,1.0000000000
METRIC,2026-04-13T17:49:05Z,120671539166558,864,btc_qm_engine:btc_ptmc_rep_hot,2.0000000000
METRIC,2026-04-13T17:49:05Z,120671539190868,864,btc_qm_engine:btc_ptmc_rep_cold,1.0000000000
METRIC,2026-04-13T17:49:05Z,120671539214848,864,btc_qm_engine:btc_ptmc_accept,1.0000000000
METRIC,2026-04-13T17:49:05Z,120671539243588,864,btc_qm_engine:btc_ptmc_rep_hot,3.0000000000
METRIC,2026-04-13T17:49:05Z,120671539267298,864,btc_qm_engine:btc_ptmc_rep_cold,2.0000000000
METRIC,2026-04-13T17:49:05Z,120671539290088,864,btc_qm_engine:btc_ptmc_accept,1.0000000000
METRIC,2026-04-13T17:49:05Z,120671539319868,864,btc_qm_engine:btc_ptmc_rep_hot,4.0000000000
METRIC,2026-04-13T17:49:05Z,120671539344748,864,btc_qm_engine:btc_ptmc_rep_cold,3.0000000000
METRIC,2026-04-13T17:49:05Z,120671539368068,864,btc_qm_engine:btc_ptmc_accept,1.0000000000
METRIC,2026-04-13T17:49:05Z,120671539402338,864,btc_qm_engine:btc_ptmc_rep_hot,5.0000000000
METRIC,2026-04-13T17:49:05Z,120671539427768,864,btc_qm_engine:btc_ptmc_rep_cold,4.0000000000
METRIC,2026-04-13T17:49:05Z,120671539451898,864,btc_qm_engine:btc_ptmc_accept,1.0000000000
METRIC,2026-04-13T17:49:05Z,120671539486958,864,btc_qm_engine:btc_ptmc_rep_hot,6.0000000000
METRIC,2026-04-13T17:49:05Z,120671539546148,864,btc_qm_engine:btc_ptmc_rep_cold,5.0000000000
METRIC,2026-04-13T17:49:05Z,120671539570638,864,btc_qm_engine:btc_ptmc_accept,1.0000000000
METRIC,2026-04-13T17:49:05Z,120671539598628,864,btc_qm_engine:btc_ptmc_rep_hot,7.0000000000
METRIC,2026-04-13T17:49:05Z,120671539622898,864,btc_qm_engine:btc_ptmc_rep_cold,6.0000000000
METRIC,2026-04-13T17:49:05Z,120671539647138,864,btc_qm_engine:btc_ptmc_accept,1.0000000000
METRIC,2026-04-13T17:49:05Z,120671644740976,864,btc_qm_engine:btc_ptmc_rep_hot,1.0000000000
METRIC,2026-04-13T17:49:05Z,120671644835246,864,btc_qm_engine:btc_ptmc_rep_cold,0.0000000000
METRIC,2026-04-13T17:49:05Z,120671644863266,864,btc_qm_engine:btc_ptmc_accept,1.0000000000
METRIC,2026-04-13T17:49:05Z,120671644908876,864,btc_qm_engine:btc_ptmc_rep_hot,2.0000000000
METRIC,2026-04-13T17:49:05Z,120671644945586,864,btc_qm_engine:btc_ptmc_rep_cold,1.0000000000
METRIC,2026-04-13T17:49:05Z,120671644970976,864,btc_qm_engine:btc_ptmc_accept,1.0000000000
METRIC,2026-04-13T17:49:05Z,120671645028826,864,btc_qm_engine:btc_ptmc_rep_hot,3.0000000000
METRIC,2026-04-13T17:49:05Z,120671645061576,864,btc_qm_engine:btc_ptmc_rep_cold,2.0000000000
METRIC,2026-04-13T17:49:05Z,120671645087086,864,btc_qm_engine:btc_ptmc_accept,0.8464868258
METRIC,2026-04-13T17:49:05Z,120671645124976,864,btc_qm_engine:btc_ptmc_rep_hot,4.0000000000
METRIC,2026-04-13T17:49:05Z,120671645148766,864,btc_qm_engine:btc_ptmc_rep_cold,3.0000000000
METRIC,2026-04-13T17:49:05Z,120671645172396,864,btc_qm_engine:btc_ptmc_accept,0.8187343053
METRIC,2026-04-13T17:49:05Z,120671645202546,864,btc_qm_engine:btc_ptmc_rep_hot,5.0000000000
METRIC,2026-04-13T17:49:05Z,120671645237286,864,btc_qm_engine:btc_ptmc_rep_cold,4.0000000000
METRIC,2026-04-13T17:49:05Z,120671645266756,864,btc_qm_engine:btc_ptmc_accept,0.8290312258
METRIC,2026-04-13T17:49:05Z,120671645297816,864,btc_qm_engine:btc_ptmc_rep_hot,6.0000000000
METRIC,2026-04-13T17:49:05Z,120671645321176,864,btc_qm_engine:btc_ptmc_rep_cold,5.0000000000
METRIC,2026-04-13T17:49:05Z,120671645344016,864,btc_qm_engine:btc_ptmc_accept,0.9642898556
METRIC,2026-04-13T17:49:05Z,120671645371416,864,btc_qm_engine:btc_ptmc_rep_hot,7.0000000000
METRIC,2026-04-13T17:49:05Z,120671645396216,864,btc_qm_engine:btc_ptmc_rep_cold,6.0000000000
METRIC,2026-04-13T17:49:05Z,120671645419236,864,btc_qm_engine:btc_ptmc_accept,0.9540303485
METRIC,2026-04-13T17:49:05Z,120671749392173,864,btc_qm_engine:btc_ptmc_rep_hot,1.0000000000
METRIC,2026-04-13T17:49:05Z,120671749481393,864,btc_qm_engine:btc_ptmc_rep_cold,0.0000000000
METRIC,2026-04-13T17:49:05Z,120671749507833,864,btc_qm_engine:btc_ptmc_accept,-0.2638029098
METRIC,2026-04-13T17:49:05Z,120671749538613,864,btc_qm_engine:btc_ptmc_rep_hot,2.0000000000
METRIC,2026-04-13T17:49:05Z,120671749563343,864,btc_qm_engine:btc_ptmc_rep_cold,1.0000000000
METRIC,2026-04-13T17:49:05Z,120671749588463,864,btc_qm_engine:btc_ptmc_accept,1.0000000000
METRIC,2026-04-13T17:49:05Z,120671749621273,864,btc_qm_engine:btc_ptmc_rep_hot,3.0000000000
METRIC,2026-04-13T17:49:05Z,120671749646103,864,btc_qm_engine:btc_ptmc_rep_cold,2.0000000000
METRIC,2026-04-13T17:49:05Z,120671749669153,864,btc_qm_engine:btc_ptmc_accept,1.0000000000
METRIC,2026-04-13T17:49:05Z,120671749698593,864,btc_qm_engine:btc_ptmc_rep_hot,4.0000000000
METRIC,2026-04-13T17:49:05Z,120671749724493,864,btc_qm_engine:btc_ptmc_rep_cold,3.0000000000
METRIC,2026-04-13T17:49:05Z,120671749748823,864,btc_qm_engine:btc_ptmc_accept,1.0000000000
METRIC,2026-04-13T17:49:05Z,120671749781053,864,btc_qm_engine:btc_ptmc_rep_hot,5.0000000000
METRIC,2026-04-13T17:49:05Z,120671749805853,864,btc_qm_engine:btc_ptmc_rep_cold,4.0000000000
METRIC,2026-04-13T17:49:05Z,120671749830613,864,btc_qm_engine:btc_ptmc_accept,1.0000000000
METRIC,2026-04-13T17:49:05Z,120671749862553,864,btc_qm_engine:btc_ptmc_rep_hot,6.0000000000
METRIC,2026-04-13T17:49:05Z,120671749886663,864,btc_qm_engine:btc_ptmc_rep_cold,5.0000000000
METRIC,2026-04-13T17:49:05Z,120671749910623,864,btc_qm_engine:btc_ptmc_accept,1.0000000000
METRIC,2026-04-13T17:49:05Z,120671749975733,864,btc_qm_engine:btc_ptmc_rep_hot,7.0000000000
METRIC,2026-04-13T17:49:05Z,120671750000023,864,btc_qm_engine:btc_ptmc_rep_cold,6.0000000000
METRIC,2026-04-13T17:49:05Z,120671750036923,864,btc_qm_engine:btc_ptmc_accept,1.0000000000
HW_SAMPLE,2026-04-13T17:49:05Z,120671812396762,864,btc_qm_engine:cpu_delta_pct,59.9011
HW_SAMPLE,2026-04-13T17:49:05Z,120671812396762,864,btc_qm_engine:mem_used_pct,33.0761
HW_SAMPLE,2026-04-13T17:49:05Z,120671812396762,864,btc_qm_engine:vm_rss_kb,7672
HW_SAMPLE,2026-04-13T17:49:05Z,120671812396762,864,btc_qm_engine:vm_peak_kb,670504
HW_SAMPLE,2026-04-13T17:49:05Z,120671812700922,864,btc_qm_engine:cpu_delta_pct,0.0000
HW_SAMPLE,2026-04-13T17:49:05Z,120671812700922,864,btc_qm_engine:mem_used_pct,33.0761
HW_SAMPLE,2026-04-13T17:49:05Z,120671812700922,864,btc_qm_engine:vm_rss_kb,7676
HW_SAMPLE,2026-04-13T17:49:05Z,120671812700922,864,btc_qm_engine:vm_peak_kb,670504
HW_SAMPLE,2026-04-13T17:49:05Z,120671812989852,864,btc_qm_engine:cpu_delta_pct,0.0000
HW_SAMPLE,2026-04-13T17:49:05Z,120671812989852,864,btc_qm_engine:mem_used_pct,33.0761
HW_SAMPLE,2026-04-13T17:49:05Z,120671812989852,864,btc_qm_engine:vm_rss_kb,7680
HW_SAMPLE,2026-04-13T17:49:05Z,120671812989852,864,btc_qm_engine:vm_peak_kb,670504
HW_SAMPLE,2026-04-13T17:49:05Z,120671814133892,864,btc_qm_engine:cpu_delta_pct,100.0000
HW_SAMPLE,2026-04-13T17:49:05Z,120671814133892,864,btc_qm_engine:mem_used_pct,33.0761
HW_SAMPLE,2026-04-13T17:49:05Z,120671814133892,864,btc_qm_engine:vm_rss_kb,7684
HW_SAMPLE,2026-04-13T17:49:05Z,120671814133892,864,btc_qm_engine:vm_peak_kb,670504
HW_SAMPLE,2026-04-13T17:49:05Z,120671814919072,864,btc_qm_engine:cpu_delta_pct,0.0000
HW_SAMPLE,2026-04-13T17:49:05Z,120671814919072,864,btc_qm_engine:mem_used_pct,33.0761
HW_SAMPLE,2026-04-13T17:49:05Z,120671814919072,864,btc_qm_engine:vm_rss_kb,7688
HW_SAMPLE,2026-04-13T17:49:05Z,120671814919072,864,btc_qm_engine:vm_peak_kb,670504
HW_SAMPLE,2026-04-13T17:49:05Z,120671815472452,864,btc_qm_engine:cpu_delta_pct,0.0000
HW_SAMPLE,2026-04-13T17:49:05Z,120671815472452,864,btc_qm_engine:mem_used_pct,33.0761
HW_SAMPLE,2026-04-13T17:49:05Z,120671815472452,864,btc_qm_engine:vm_rss_kb,7692
HW_SAMPLE,2026-04-13T17:49:05Z,120671815472452,864,btc_qm_engine:vm_peak_kb,670504
HW_SAMPLE,2026-04-13T17:49:05Z,120671816793142,864,btc_qm_engine:cpu_delta_pct,0.0000
HW_SAMPLE,2026-04-13T17:49:05Z,120671816793142,864,btc_qm_engine:mem_used_pct,33.0761
HW_SAMPLE,2026-04-13T17:49:05Z,120671816793142,864,btc_qm_engine:vm_rss_kb,7696
HW_SAMPLE,2026-04-13T17:49:05Z,120671816793142,864,btc_qm_engine:vm_peak_kb,670504
HW_SAMPLE,2026-04-13T17:49:05Z,120671817320912,864,btc_qm_engine:cpu_delta_pct,100.0000
HW_SAMPLE,2026-04-13T17:49:05Z,120671817320912,864,btc_qm_engine:mem_used_pct,33.0761
HW_SAMPLE,2026-04-13T17:49:05Z,120671817320912,864,btc_qm_engine:vm_rss_kb,7700
HW_SAMPLE,2026-04-13T17:49:05Z,120671817320912,864,btc_qm_engine:vm_peak_kb,670504
METRIC,2026-04-13T17:49:05Z,120671854270271,864,btc_qm_engine:btc_ptmc_rep_hot,1.0000000000
METRIC,2026-04-13T17:49:05Z,120671854327791,864,btc_qm_engine:btc_ptmc_rep_cold,0.0000000000
METRIC,2026-04-13T17:49:05Z,120671854348511,864,btc_qm_engine:btc_ptmc_accept,1.0000000000
METRIC,2026-04-13T17:49:05Z,120671854371081,864,btc_qm_engine:btc_ptmc_rep_hot,2.0000000000
METRIC,2026-04-13T17:49:05Z,120671854389981,864,btc_qm_engine:btc_ptmc_rep_cold,1.0000000000
METRIC,2026-04-13T17:49:05Z,120671854408591,864,btc_qm_engine:btc_ptmc_accept,1.0000000000
METRIC,2026-04-13T17:49:05Z,120671854444931,864,btc_qm_engine:btc_ptmc_rep_hot,3.0000000000
METRIC,2026-04-13T17:49:05Z,120671854473091,864,btc_qm_engine:btc_ptmc_rep_cold,2.0000000000
METRIC,2026-04-13T17:49:05Z,120671854491901,864,btc_qm_engine:btc_ptmc_accept,1.0000000000
METRIC,2026-04-13T17:49:05Z,120671854516361,864,btc_qm_engine:btc_ptmc_rep_hot,4.0000000000
METRIC,2026-04-13T17:49:05Z,120671854534911,864,btc_qm_engine:btc_ptmc_rep_cold,3.0000000000
METRIC,2026-04-13T17:49:05Z,120671854553451,864,btc_qm_engine:btc_ptmc_accept,1.0000000000
METRIC,2026-04-13T17:49:05Z,120671854592121,864,btc_qm_engine:btc_ptmc_rep_hot,5.0000000000
METRIC,2026-04-13T17:49:05Z,120671854610751,864,btc_qm_engine:btc_ptmc_rep_cold,4.0000000000
METRIC,2026-04-13T17:49:05Z,120671854629181,864,btc_qm_engine:btc_ptmc_accept,1.0000000000
METRIC,2026-04-13T17:49:05Z,120671854652531,864,btc_qm_engine:btc_ptmc_rep_hot,6.0000000000
METRIC,2026-04-13T17:49:05Z,120671854671101,864,btc_qm_engine:btc_ptmc_rep_cold,5.0000000000
METRIC,2026-04-13T17:49:05Z,120671854689661,864,btc_qm_engine:btc_ptmc_accept,1.0000000000
METRIC,2026-04-13T17:49:05Z,120671854713941,864,btc_qm_engine:btc_ptmc_rep_hot,7.0000000000
METRIC,2026-04-13T17:49:05Z,120671854732531,864,btc_qm_engine:btc_ptmc_rep_cold,6.0000000000
METRIC,2026-04-13T17:49:05Z,120671854751031,864,btc_qm_engine:btc_ptmc_accept,1.0000000000
METRIC,2026-04-13T17:49:05Z,120671959629598,864,btc_qm_engine:btc_ptmc_rep_hot,1.0000000000
METRIC,2026-04-13T17:49:05Z,120671959708698,864,btc_qm_engine:btc_ptmc_rep_cold,0.0000000000
METRIC,2026-04-13T17:49:05Z,120671959729468,864,btc_qm_engine:btc_ptmc_accept,1.0000000000
METRIC,2026-04-13T17:49:05Z,120671959753108,864,btc_qm_engine:btc_ptmc_rep_hot,2.0000000000
METRIC,2026-04-13T17:49:05Z,120671959772028,864,btc_qm_engine:btc_ptmc_rep_cold,1.0000000000
METRIC,2026-04-13T17:49:05Z,120671959790788,864,btc_qm_engine:btc_ptmc_accept,1.0000000000
METRIC,2026-04-13T17:49:05Z,120671959814048,864,btc_qm_engine:btc_ptmc_rep_hot,3.0000000000
METRIC,2026-04-13T17:49:05Z,120671959833048,864,btc_qm_engine:btc_ptmc_rep_cold,2.0000000000
METRIC,2026-04-13T17:49:05Z,120671959851718,864,btc_qm_engine:btc_ptmc_accept,1.0000000000
METRIC,2026-04-13T17:49:05Z,120671959872718,864,btc_qm_engine:btc_ptmc_rep_hot,4.0000000000
METRIC,2026-04-13T17:49:05Z,120671959891428,864,btc_qm_engine:btc_ptmc_rep_cold,3.0000000000
METRIC,2026-04-13T17:49:05Z,120671959910308,864,btc_qm_engine:btc_ptmc_accept,1.0000000000
METRIC,2026-04-13T17:49:05Z,120671959932128,864,btc_qm_engine:btc_ptmc_rep_hot,5.0000000000
METRIC,2026-04-13T17:49:05Z,120671959950818,864,btc_qm_engine:btc_ptmc_rep_cold,4.0000000000
METRIC,2026-04-13T17:49:05Z,120671959969298,864,btc_qm_engine:btc_ptmc_accept,1.0000000000
METRIC,2026-04-13T17:49:05Z,120671959994038,864,btc_qm_engine:btc_ptmc_rep_hot,6.0000000000
METRIC,2026-04-13T17:49:05Z,120671960033028,864,btc_qm_engine:btc_ptmc_rep_cold,5.0000000000
METRIC,2026-04-13T17:49:05Z,120671960063248,864,btc_qm_engine:btc_ptmc_accept,1.0000000000
METRIC,2026-04-13T17:49:05Z,120671960089888,864,btc_qm_engine:btc_ptmc_rep_hot,7.0000000000
METRIC,2026-04-13T17:49:05Z,120671960119918,864,btc_qm_engine:btc_ptmc_rep_cold,6.0000000000
METRIC,2026-04-13T17:49:05Z,120671960147128,864,btc_qm_engine:btc_ptmc_accept,1.0000000000
METRIC,2026-04-13T17:49:05Z,120672063135726,864,btc_qm_engine:btc_ptmc_rep_hot,1.0000000000
METRIC,2026-04-13T17:49:05Z,120672063233236,864,btc_qm_engine:btc_ptmc_rep_cold,0.0000000000
METRIC,2026-04-13T17:49:05Z,120672063259296,864,btc_qm_engine:btc_ptmc_accept,1.0000000000
METRIC,2026-04-13T17:49:05Z,120672063293266,864,btc_qm_engine:btc_ptmc_rep_hot,2.0000000000
METRIC,2026-04-13T17:49:05Z,120672063317866,864,btc_qm_engine:btc_ptmc_rep_cold,1.0000000000
METRIC,2026-04-13T17:49:05Z,120672063342256,864,btc_qm_engine:btc_ptmc_accept,1.0000000000
METRIC,2026-04-13T17:49:05Z,120672063372516,864,btc_qm_engine:btc_ptmc_rep_hot,3.0000000000
METRIC,2026-04-13T17:49:05Z,120672063396576,864,btc_qm_engine:btc_ptmc_rep_cold,2.0000000000
METRIC,2026-04-13T17:49:05Z,120672063433696,864,btc_qm_engine:btc_ptmc_accept,1.0000000000
METRIC,2026-04-13T17:49:05Z,120672063471706,864,btc_qm_engine:btc_ptmc_rep_hot,4.0000000000
METRIC,2026-04-13T17:49:05Z,120672063497456,864,btc_qm_engine:btc_ptmc_rep_cold,3.0000000000
METRIC,2026-04-13T17:49:05Z,120672063521536,864,btc_qm_engine:btc_ptmc_accept,1.0000000000
METRIC,2026-04-13T17:49:05Z,120672063551396,864,btc_qm_engine:btc_ptmc_rep_hot,5.0000000000
METRIC,2026-04-13T17:49:05Z,120672063576406,864,btc_qm_engine:btc_ptmc_rep_cold,4.0000000000
METRIC,2026-04-13T17:49:05Z,120672063600666,864,btc_qm_engine:btc_ptmc_accept,1.0000000000
METRIC,2026-04-13T17:49:05Z,120672063655006,864,btc_qm_engine:btc_ptmc_rep_hot,6.0000000000
METRIC,2026-04-13T17:49:05Z,120672063679396,864,btc_qm_engine:btc_ptmc_rep_cold,5.0000000000
METRIC,2026-04-13T17:49:05Z,120672063702826,864,btc_qm_engine:btc_ptmc_accept,1.0000000000
METRIC,2026-04-13T17:49:05Z,120672063735916,864,btc_qm_engine:btc_ptmc_rep_hot,7.0000000000
METRIC,2026-04-13T17:49:05Z,120672063760226,864,btc_qm_engine:btc_ptmc_rep_cold,6.0000000000
METRIC,2026-04-13T17:49:05Z,120672063784216,864,btc_qm_engine:btc_ptmc_accept,1.0000000000
METRIC,2026-04-13T17:49:05Z,120672166984123,864,btc_qm_engine:btc_ptmc_rep_hot,1.0000000000
METRIC,2026-04-13T17:49:05Z,120672167107623,864,btc_qm_engine:btc_ptmc_rep_cold,0.0000000000
METRIC,2026-04-13T17:49:05Z,120672167134413,864,btc_qm_engine:btc_ptmc_accept,1.0000000000
METRIC,2026-04-13T17:49:05Z,120672167167513,864,btc_qm_engine:btc_ptmc_rep_hot,2.0000000000
METRIC,2026-04-13T17:49:05Z,120672167191583,864,btc_qm_engine:btc_ptmc_rep_cold,1.0000000000
METRIC,2026-04-13T17:49:05Z,120672167215973,864,btc_qm_engine:btc_ptmc_accept,1.0000000000
METRIC,2026-04-13T17:49:05Z,120672167249053,864,btc_qm_engine:btc_ptmc_rep_hot,3.0000000000
METRIC,2026-04-13T17:49:05Z,120672167273903,864,btc_qm_engine:btc_ptmc_rep_cold,2.0000000000
METRIC,2026-04-13T17:49:05Z,120672167297973,864,btc_qm_engine:btc_ptmc_accept,1.0000000000
METRIC,2026-04-13T17:49:05Z,120672167328493,864,btc_qm_engine:btc_ptmc_rep_hot,4.0000000000
METRIC,2026-04-13T17:49:05Z,120672167354703,864,btc_qm_engine:btc_ptmc_rep_cold,3.0000000000
METRIC,2026-04-13T17:49:05Z,120672167378113,864,btc_qm_engine:btc_ptmc_accept,1.0000000000
METRIC,2026-04-13T17:49:05Z,120672167424543,864,btc_qm_engine:btc_ptmc_rep_hot,5.0000000000
METRIC,2026-04-13T17:49:05Z,120672167463183,864,btc_qm_engine:btc_ptmc_rep_cold,4.0000000000
METRIC,2026-04-13T17:49:05Z,120672167488103,864,btc_qm_engine:btc_ptmc_accept,1.0000000000
METRIC,2026-04-13T17:49:05Z,120672167524453,864,btc_qm_engine:btc_ptmc_rep_hot,6.0000000000
METRIC,2026-04-13T17:49:05Z,120672167548623,864,btc_qm_engine:btc_ptmc_rep_cold,5.0000000000
METRIC,2026-04-13T17:49:05Z,120672167572813,864,btc_qm_engine:btc_ptmc_accept,1.0000000000
METRIC,2026-04-13T17:49:05Z,120672167600893,864,btc_qm_engine:btc_ptmc_rep_hot,7.0000000000
METRIC,2026-04-13T17:49:05Z,120672167624893,864,btc_qm_engine:btc_ptmc_rep_cold,6.0000000000
METRIC,2026-04-13T17:49:05Z,120672167648893,864,btc_qm_engine:btc_ptmc_accept,1.0000000000
METRIC,2026-04-13T17:49:05Z,120672268312431,864,btc_qm_engine:btc_ptmc_rep_hot,1.0000000000
METRIC,2026-04-13T17:49:05Z,120672268410051,864,btc_qm_engine:btc_ptmc_rep_cold,0.0000000000
METRIC,2026-04-13T17:49:05Z,120672268436971,864,btc_qm_engine:btc_ptmc_accept,1.0000000000
METRIC,2026-04-13T17:49:05Z,120672268462221,864,btc_qm_engine:btc_ptmc_rep_hot,2.0000000000
METRIC,2026-04-13T17:49:05Z,120672268487381,864,btc_qm_engine:btc_ptmc_rep_cold,1.0000000000
METRIC,2026-04-13T17:49:05Z,120672268512661,864,btc_qm_engine:btc_ptmc_accept,1.0000000000
METRIC,2026-04-13T17:49:05Z,120672268549021,864,btc_qm_engine:btc_ptmc_rep_hot,3.0000000000
METRIC,2026-04-13T17:49:05Z,120672268574191,864,btc_qm_engine:btc_ptmc_rep_cold,2.0000000000
METRIC,2026-04-13T17:49:05Z,120672268598271,864,btc_qm_engine:btc_ptmc_accept,1.0000000000
METRIC,2026-04-13T17:49:05Z,120672268670641,864,btc_qm_engine:btc_ptmc_rep_hot,4.0000000000
METRIC,2026-04-13T17:49:05Z,120672268696351,864,btc_qm_engine:btc_ptmc_rep_cold,3.0000000000
METRIC,2026-04-13T17:49:05Z,120672268720861,864,btc_qm_engine:btc_ptmc_accept,1.0000000000
METRIC,2026-04-13T17:49:05Z,120672268750441,864,btc_qm_engine:btc_ptmc_rep_hot,5.0000000000
METRIC,2026-04-13T17:49:05Z,120672268775781,864,btc_qm_engine:btc_ptmc_rep_cold,4.0000000000
METRIC,2026-04-13T17:49:05Z,120672268800111,864,btc_qm_engine:btc_ptmc_accept,1.0000000000
METRIC,2026-04-13T17:49:05Z,120672268837031,864,btc_qm_engine:btc_ptmc_rep_hot,6.0000000000
METRIC,2026-04-13T17:49:05Z,120672268862051,864,btc_qm_engine:btc_ptmc_rep_cold,5.0000000000
METRIC,2026-04-13T17:49:05Z,120672268923241,864,btc_qm_engine:btc_ptmc_accept,1.0000000000
METRIC,2026-04-13T17:49:05Z,120672268954731,864,btc_qm_engine:btc_ptmc_rep_hot,7.0000000000
METRIC,2026-04-13T17:49:05Z,120672268979631,864,btc_qm_engine:btc_ptmc_rep_cold,6.0000000000
METRIC,2026-04-13T17:49:05Z,120672269030801,864,btc_qm_engine:btc_ptmc_accept,1.0000000000
METRIC,2026-04-13T17:49:06Z,120672369872608,864,btc_qm_engine:btc_ptmc_rep_hot,1.0000000000
METRIC,2026-04-13T17:49:06Z,120672369972588,864,btc_qm_engine:btc_ptmc_rep_cold,0.0000000000
METRIC,2026-04-13T17:49:06Z,120672369999928,864,btc_qm_engine:btc_ptmc_accept,-0.5136669338
METRIC,2026-04-13T17:49:06Z,120672370054838,864,btc_qm_engine:btc_ptmc_rep_hot,2.0000000000
METRIC,2026-04-13T17:49:06Z,120672370079968,864,btc_qm_engine:btc_ptmc_rep_cold,1.0000000000
METRIC,2026-04-13T17:49:06Z,120672370116948,864,btc_qm_engine:btc_ptmc_accept,1.0000000000
METRIC,2026-04-13T17:49:06Z,120672370170738,864,btc_qm_engine:btc_ptmc_rep_hot,3.0000000000
METRIC,2026-04-13T17:49:06Z,120672370194278,864,btc_qm_engine:btc_ptmc_rep_cold,2.0000000000
METRIC,2026-04-13T17:49:06Z,120672370218128,864,btc_qm_engine:btc_ptmc_accept,1.0000000000
METRIC,2026-04-13T17:49:06Z,120672370252958,864,btc_qm_engine:btc_ptmc_rep_hot,4.0000000000
METRIC,2026-04-13T17:49:06Z,120672370277778,864,btc_qm_engine:btc_ptmc_rep_cold,3.0000000000
METRIC,2026-04-13T17:49:06Z,120672370301788,864,btc_qm_engine:btc_ptmc_accept,1.0000000000
METRIC,2026-04-13T17:49:06Z,120672370330028,864,btc_qm_engine:btc_ptmc_rep_hot,5.0000000000
METRIC,2026-04-13T17:49:06Z,120672370354608,864,btc_qm_engine:btc_ptmc_rep_cold,4.0000000000
METRIC,2026-04-13T17:49:06Z,120672370378618,864,btc_qm_engine:btc_ptmc_accept,1.0000000000
METRIC,2026-04-13T17:49:06Z,120672370412108,864,btc_qm_engine:btc_ptmc_rep_hot,6.0000000000
METRIC,2026-04-13T17:49:06Z,120672370436198,864,btc_qm_engine:btc_ptmc_rep_cold,5.0000000000
METRIC,2026-04-13T17:49:06Z,120672370460368,864,btc_qm_engine:btc_ptmc_accept,0.9298549256
METRIC,2026-04-13T17:49:06Z,120672370492128,864,btc_qm_engine:btc_ptmc_rep_hot,7.0000000000
METRIC,2026-04-13T17:49:06Z,120672370515748,864,btc_qm_engine:btc_ptmc_rep_cold,6.0000000000
METRIC,2026-04-13T17:49:06Z,120672370539318,864,btc_qm_engine:btc_ptmc_accept,-0.9540303485
METRIC,2026-04-13T17:49:06Z,120672470543126,864,btc_qm_engine:btc_ptmc_rep_hot,1.0000000000
METRIC,2026-04-13T17:49:06Z,120672470632666,864,btc_qm_engine:btc_ptmc_rep_cold,0.0000000000
METRIC,2026-04-13T17:49:06Z,120672470653316,864,btc_qm_engine:btc_ptmc_accept,1.0000000000
METRIC,2026-04-13T17:49:06Z,120672470678886,864,btc_qm_engine:btc_ptmc_rep_hot,2.0000000000
METRIC,2026-04-13T17:49:06Z,120672470703916,864,btc_qm_engine:btc_ptmc_rep_cold,1.0000000000
METRIC,2026-04-13T17:49:06Z,120672470728676,864,btc_qm_engine:btc_ptmc_accept,1.0000000000
METRIC,2026-04-13T17:49:06Z,120672470756696,864,btc_qm_engine:btc_ptmc_rep_hot,3.0000000000
METRIC,2026-04-13T17:49:06Z,120672470775636,864,btc_qm_engine:btc_ptmc_rep_cold,2.0000000000
METRIC,2026-04-13T17:49:06Z,120672470794406,864,btc_qm_engine:btc_ptmc_accept,1.0000000000
METRIC,2026-04-13T17:49:06Z,120672470825996,864,btc_qm_engine:btc_ptmc_rep_hot,4.0000000000
METRIC,2026-04-13T17:49:06Z,120672470844686,864,btc_qm_engine:btc_ptmc_rep_cold,3.0000000000
METRIC,2026-04-13T17:49:06Z,120672470863226,864,btc_qm_engine:btc_ptmc_accept,1.0000000000
METRIC,2026-04-13T17:49:06Z,120672470884266,864,btc_qm_engine:btc_ptmc_rep_hot,5.0000000000
METRIC,2026-04-13T17:49:06Z,120672470916486,864,btc_qm_engine:btc_ptmc_rep_cold,4.0000000000
METRIC,2026-04-13T17:49:06Z,120672470946696,864,btc_qm_engine:btc_ptmc_accept,1.0000000000
METRIC,2026-04-13T17:49:06Z,120672470972686,864,btc_qm_engine:btc_ptmc_rep_hot,6.0000000000
METRIC,2026-04-13T17:49:06Z,120672470991416,864,btc_qm_engine:btc_ptmc_rep_cold,5.0000000000
METRIC,2026-04-13T17:49:06Z,120672471035246,864,btc_qm_engine:btc_ptmc_accept,1.0000000000
METRIC,2026-04-13T17:49:06Z,120672471169476,864,btc_qm_engine:btc_ptmc_rep_hot,7.0000000000
METRIC,2026-04-13T17:49:06Z,120672471195796,864,btc_qm_engine:btc_ptmc_rep_cold,6.0000000000
METRIC,2026-04-13T17:49:06Z,120672471218566,864,btc_qm_engine:btc_ptmc_accept,0.9767450351
METRIC,2026-04-13T17:49:06Z,120672573076223,864,btc_qm_engine:btc_ptmc_rep_hot,1.0000000000
METRIC,2026-04-13T17:49:06Z,120672573170173,864,btc_qm_engine:btc_ptmc_rep_cold,0.0000000000
METRIC,2026-04-13T17:49:06Z,120672573196043,864,btc_qm_engine:btc_ptmc_accept,0.5135063048
METRIC,2026-04-13T17:49:06Z,120672573225813,864,btc_qm_engine:btc_ptmc_rep_hot,2.0000000000
METRIC,2026-04-13T17:49:06Z,120672573249933,864,btc_qm_engine:btc_ptmc_rep_cold,1.0000000000
METRIC,2026-04-13T17:49:06Z,120672573273763,864,btc_qm_engine:btc_ptmc_accept,0.7165624298
METRIC,2026-04-13T17:49:06Z,120672573301403,864,btc_qm_engine:btc_ptmc_rep_hot,3.0000000000
METRIC,2026-04-13T17:49:06Z,120672573325183,864,btc_qm_engine:btc_ptmc_rep_cold,2.0000000000
METRIC,2026-04-13T17:49:06Z,120672573348953,864,btc_qm_engine:btc_ptmc_accept,0.8464909161
METRIC,2026-04-13T17:49:06Z,120672573402133,864,btc_qm_engine:btc_ptmc_rep_hot,4.0000000000
METRIC,2026-04-13T17:49:06Z,120672573426313,864,btc_qm_engine:btc_ptmc_rep_cold,3.0000000000
METRIC,2026-04-13T17:49:06Z,120672573450253,864,btc_qm_engine:btc_ptmc_accept,1.0000000000
METRIC,2026-04-13T17:49:06Z,120672573486423,864,btc_qm_engine:btc_ptmc_rep_hot,5.0000000000
METRIC,2026-04-13T17:49:06Z,120672573510573,864,btc_qm_engine:btc_ptmc_rep_cold,4.0000000000
METRIC,2026-04-13T17:49:06Z,120672573534343,864,btc_qm_engine:btc_ptmc_accept,1.0000000000
METRIC,2026-04-13T17:49:06Z,120672573571543,864,btc_qm_engine:btc_ptmc_rep_hot,6.0000000000
METRIC,2026-04-13T17:49:06Z,120672573595613,864,btc_qm_engine:btc_ptmc_rep_cold,5.0000000000
METRIC,2026-04-13T17:49:06Z,120672573619313,864,btc_qm_engine:btc_ptmc_accept,0.8646309782
METRIC,2026-04-13T17:49:06Z,120672573649723,864,btc_qm_engine:btc_ptmc_rep_hot,7.0000000000
METRIC,2026-04-13T17:49:06Z,120672573673583,864,btc_qm_engine:btc_ptmc_rep_cold,6.0000000000
METRIC,2026-04-13T17:49:06Z,120672573697343,864,btc_qm_engine:btc_ptmc_accept,0.9101756765
METRIC,2026-04-13T17:49:06Z,120672677694211,864,btc_qm_engine:btc_ptmc_rep_hot,1.0000000000
METRIC,2026-04-13T17:49:06Z,120672677780511,864,btc_qm_engine:btc_ptmc_rep_cold,0.0000000000
METRIC,2026-04-13T17:49:06Z,120672677807101,864,btc_qm_engine:btc_ptmc_accept,1.0000000000
METRIC,2026-04-13T17:49:06Z,120672677845501,864,btc_qm_engine:btc_ptmc_rep_hot,2.0000000000
METRIC,2026-04-13T17:49:06Z,120672677869571,864,btc_qm_engine:btc_ptmc_rep_cold,1.0000000000
METRIC,2026-04-13T17:49:06Z,120672677892681,864,btc_qm_engine:btc_ptmc_accept,0.5134171190
METRIC,2026-04-13T17:49:06Z,120672677919951,864,btc_qm_engine:btc_ptmc_rep_hot,3.0000000000
METRIC,2026-04-13T17:49:06Z,120672677944731,864,btc_qm_engine:btc_ptmc_rep_cold,2.0000000000
METRIC,2026-04-13T17:49:06Z,120672677968831,864,btc_qm_engine:btc_ptmc_accept,1.0000000000
METRIC,2026-04-13T17:49:06Z,120672677998641,864,btc_qm_engine:btc_ptmc_rep_hot,4.0000000000
METRIC,2026-04-13T17:49:06Z,120672678049491,864,btc_qm_engine:btc_ptmc_rep_cold,3.0000000000
METRIC,2026-04-13T17:49:06Z,120672678086651,864,btc_qm_engine:btc_ptmc_accept,0.8187307531
METRIC,2026-04-13T17:49:06Z,120672678133121,864,btc_qm_engine:btc_ptmc_rep_hot,5.0000000000
METRIC,2026-04-13T17:49:06Z,120672678157921,864,btc_qm_engine:btc_ptmc_rep_cold,4.0000000000
METRIC,2026-04-13T17:49:06Z,120672678181951,864,btc_qm_engine:btc_ptmc_accept,1.0000000000
METRIC,2026-04-13T17:49:06Z,120672678212341,864,btc_qm_engine:btc_ptmc_rep_hot,6.0000000000
METRIC,2026-04-13T17:49:06Z,120672678236571,864,btc_qm_engine:btc_ptmc_rep_cold,5.0000000000
METRIC,2026-04-13T17:49:06Z,120672678260191,864,btc_qm_engine:btc_ptmc_accept,0.9298543921
METRIC,2026-04-13T17:49:06Z,120672678290441,864,btc_qm_engine:btc_ptmc_rep_hot,7.0000000000
METRIC,2026-04-13T17:49:06Z,120672678314791,864,btc_qm_engine:btc_ptmc_rep_cold,6.0000000000
METRIC,2026-04-13T17:49:06Z,120672678339241,864,btc_qm_engine:btc_ptmc_accept,0.9767452464
METRIC,2026-04-13T17:49:06Z,120672782269878,864,btc_qm_engine:btc_ptmc_rep_hot,1.0000000000
METRIC,2026-04-13T17:49:06Z,120672782369798,864,btc_qm_engine:btc_ptmc_rep_cold,0.0000000000
METRIC,2026-04-13T17:49:06Z,120672782396318,864,btc_qm_engine:btc_ptmc_accept,1.0000000000
METRIC,2026-04-13T17:49:06Z,120672782426088,864,btc_qm_engine:btc_ptmc_rep_hot,2.0000000000
METRIC,2026-04-13T17:49:06Z,120672782450938,864,btc_qm_engine:btc_ptmc_rep_cold,1.0000000000
METRIC,2026-04-13T17:49:06Z,120672782475268,864,btc_qm_engine:btc_ptmc_accept,1.0000000000
METRIC,2026-04-13T17:49:06Z,120672782507028,864,btc_qm_engine:btc_ptmc_rep_hot,3.0000000000
METRIC,2026-04-13T17:49:06Z,120672782532768,864,btc_qm_engine:btc_ptmc_rep_cold,2.0000000000
METRIC,2026-04-13T17:49:06Z,120672782557158,864,btc_qm_engine:btc_ptmc_accept,1.0000000000
METRIC,2026-04-13T17:49:06Z,120672782593508,864,btc_qm_engine:btc_ptmc_rep_hot,4.0000000000
METRIC,2026-04-13T17:49:06Z,120672782618448,864,btc_qm_engine:btc_ptmc_rep_cold,3.0000000000
METRIC,2026-04-13T17:49:06Z,120672782643538,864,btc_qm_engine:btc_ptmc_accept,-0.9048338808
METRIC,2026-04-13T17:49:06Z,120672782713218,864,btc_qm_engine:btc_ptmc_rep_hot,5.0000000000
METRIC,2026-04-13T17:49:06Z,120672782738218,864,btc_qm_engine:btc_ptmc_rep_cold,4.0000000000
METRIC,2026-04-13T17:49:06Z,120672782762858,864,btc_qm_engine:btc_ptmc_accept,1.0000000000
METRIC,2026-04-13T17:49:06Z,120672782795528,864,btc_qm_engine:btc_ptmc_rep_hot,6.0000000000
METRIC,2026-04-13T17:49:06Z,120672782820078,864,btc_qm_engine:btc_ptmc_rep_cold,5.0000000000
METRIC,2026-04-13T17:49:06Z,120672782843128,864,btc_qm_engine:btc_ptmc_accept,1.0000000000
METRIC,2026-04-13T17:49:06Z,120672782872618,864,btc_qm_engine:btc_ptmc_rep_hot,7.0000000000
METRIC,2026-04-13T17:49:06Z,120672782897628,864,btc_qm_engine:btc_ptmc_rep_cold,6.0000000000
METRIC,2026-04-13T17:49:06Z,120672782921458,864,btc_qm_engine:btc_ptmc_accept,1.0000000000
METRIC,2026-04-13T17:49:06Z,120672816879337,864,btc_qm_engine:btc_hashrate_mhs,0.9295286866
METRIC,2026-04-13T17:49:06Z,120672816956197,864,btc_qm_engine:btc_hashrate_thread_id,5.0000000000
METRIC,2026-04-13T17:49:06Z,120672819103497,864,btc_qm_engine:btc_hashrate_mhs,0.9295250992
METRIC,2026-04-13T17:49:06Z,120672819164407,864,btc_qm_engine:btc_hashrate_thread_id,2.0000000000
METRIC,2026-04-13T17:49:06Z,120672820265687,864,btc_qm_engine:btc_hashrate_mhs,0.9295157056
METRIC,2026-04-13T17:49:06Z,120672820325347,864,btc_qm_engine:btc_hashrate_thread_id,6.0000000000
METRIC,2026-04-13T17:49:06Z,120672821841707,864,btc_qm_engine:btc_hashrate_mhs,0.9294424115
METRIC,2026-04-13T17:49:06Z,120672821884807,864,btc_qm_engine:btc_hashrate_thread_id,4.0000000000
METRIC,2026-04-13T17:49:06Z,120672821954817,864,btc_qm_engine:btc_hashrate_mhs,0.9295951881
METRIC,2026-04-13T17:49:06Z,120672821994057,864,btc_qm_engine:btc_hashrate_thread_id,7.0000000000
METRIC,2026-04-13T17:49:06Z,120672822067627,864,btc_qm_engine:btc_nx48_delta_nonce_old,24.5088355736
METRIC,2026-04-13T17:49:06Z,120672822115597,864,btc_qm_engine:btc_nx48_delta_nonce_new,24.9164138408
METRIC,2026-04-13T17:49:06Z,120672822141317,864,btc_qm_engine:btc_nx48_batch_old,4.0000000000
METRIC,2026-04-13T17:49:06Z,120672822166007,864,btc_qm_engine:btc_nx48_batch_new,4.0000000000
METRIC,2026-04-13T17:49:06Z,120672822190497,864,btc_qm_engine:btc_nx48_loss,0.6820894404
METRIC,2026-04-13T17:49:06Z,120672822214987,864,btc_qm_engine:btc_nx48_grad_norm,0.7234388314
METRIC,2026-04-13T17:49:06Z,120672822239367,864,btc_qm_engine:btc_nx48_update_count,241.0000000000
METRIC,2026-04-13T17:49:06Z,120672822274467,864,btc_qm_engine:btc_nx48_exploration_bias,0.6658326400
METRIC,2026-04-13T17:49:06Z,120672822307547,864,btc_qm_engine:btc_hashrate_mhs,0.9297628569
METRIC,2026-04-13T17:49:06Z,120672822332687,864,btc_qm_engine:btc_hashrate_thread_id,0.0000000000
METRIC,2026-04-13T17:49:06Z,120672822597857,864,btc_qm_engine:btc_hashrate_mhs,0.9298363414
METRIC,2026-04-13T17:49:06Z,120672822627357,864,btc_qm_engine:btc_hashrate_thread_id,1.0000000000
METRIC,2026-04-13T17:49:06Z,120672824051487,864,btc_qm_engine:btc_hashrate_mhs,0.9299521396
METRIC,2026-04-13T17:49:06Z,120672824101877,864,btc_qm_engine:btc_hashrate_thread_id,3.0000000000
METRIC,2026-04-13T17:49:06Z,120672882984426,864,btc_qm_engine:btc_ptmc_rep_hot,1.0000000000
METRIC,2026-04-13T17:49:06Z,120672883102136,864,btc_qm_engine:btc_ptmc_rep_cold,0.0000000000
METRIC,2026-04-13T17:49:06Z,120672883128416,864,btc_qm_engine:btc_ptmc_accept,1.0000000000
METRIC,2026-04-13T17:49:06Z,120672883157646,864,btc_qm_engine:btc_ptmc_rep_hot,2.0000000000
METRIC,2026-04-13T17:49:06Z,120672883182206,864,btc_qm_engine:btc_ptmc_rep_cold,1.0000000000
METRIC,2026-04-13T17:49:06Z,120672883206416,864,btc_qm_engine:btc_ptmc_accept,1.0000000000
METRIC,2026-04-13T17:49:06Z,120672883233786,864,btc_qm_engine:btc_ptmc_rep_hot,3.0000000000
METRIC,2026-04-13T17:49:06Z,120672883257306,864,btc_qm_engine:btc_ptmc_rep_cold,2.0000000000
METRIC,2026-04-13T17:49:06Z,120672883281886,864,btc_qm_engine:btc_ptmc_accept,1.0000000000
METRIC,2026-04-13T17:49:06Z,120672883317676,864,btc_qm_engine:btc_ptmc_rep_hot,4.0000000000
METRIC,2026-04-13T17:49:06Z,120672883381216,864,btc_qm_engine:btc_ptmc_rep_cold,3.0000000000
METRIC,2026-04-13T17:49:06Z,120672883405596,864,btc_qm_engine:btc_ptmc_accept,1.0000000000
METRIC,2026-04-13T17:49:06Z,120672883436886,864,btc_qm_engine:btc_ptmc_rep_hot,5.0000000000
METRIC,2026-04-13T17:49:06Z,120672883461576,864,btc_qm_engine:btc_ptmc_rep_cold,4.0000000000
METRIC,2026-04-13T17:49:06Z,120672883492686,864,btc_qm_engine:btc_ptmc_accept,1.0000000000
METRIC,2026-04-13T17:49:06Z,120672883527716,864,btc_qm_engine:btc_ptmc_rep_hot,6.0000000000
METRIC,2026-04-13T17:49:06Z,120672883551996,864,btc_qm_engine:btc_ptmc_rep_cold,5.0000000000
METRIC,2026-04-13T17:49:06Z,120672883574736,864,btc_qm_engine:btc_ptmc_accept,1.0000000000
METRIC,2026-04-13T17:49:06Z,120672883604106,864,btc_qm_engine:btc_ptmc_rep_hot,7.0000000000
METRIC,2026-04-13T17:49:06Z,120672883629286,864,btc_qm_engine:btc_ptmc_rep_cold,6.0000000000
METRIC,2026-04-13T17:49:06Z,120672883653226,864,btc_qm_engine:btc_ptmc_accept,1.0000000000
METRIC,2026-04-13T17:49:06Z,120673011873053,864,btc_qm_engine:btc_ptmc_rep_hot,1.0000000000
METRIC,2026-04-13T17:49:06Z,120673011946893,864,btc_qm_engine:btc_ptmc_rep_cold,0.0000000000
METRIC,2026-04-13T17:49:06Z,120673011967813,864,btc_qm_engine:btc_ptmc_accept,1.0000000000
METRIC,2026-04-13T17:49:06Z,120673011995413,864,btc_qm_engine:btc_ptmc_rep_hot,2.0000000000
METRIC,2026-04-13T17:49:06Z,120673012038253,864,btc_qm_engine:btc_ptmc_rep_cold,1.0000000000
METRIC,2026-04-13T17:49:06Z,120673012063593,864,btc_qm_engine:btc_ptmc_accept,1.0000000000
METRIC,2026-04-13T17:49:06Z,120673012085803,864,btc_qm_engine:btc_ptmc_rep_hot,3.0000000000
METRIC,2026-04-13T17:49:06Z,120673012104853,864,btc_qm_engine:btc_ptmc_rep_cold,2.0000000000
METRIC,2026-04-13T17:49:06Z,120673012123863,864,btc_qm_engine:btc_ptmc_accept,1.0000000000
METRIC,2026-04-13T17:49:06Z,120673012147973,864,btc_qm_engine:btc_ptmc_rep_hot,4.0000000000
METRIC,2026-04-13T17:49:06Z,120673012167023,864,btc_qm_engine:btc_ptmc_rep_cold,3.0000000000
METRIC,2026-04-13T17:49:06Z,120673012185963,864,btc_qm_engine:btc_ptmc_accept,1.0000000000
METRIC,2026-04-13T17:49:06Z,120673012216603,864,btc_qm_engine:btc_ptmc_rep_hot,5.0000000000
METRIC,2026-04-13T17:49:06Z,120673012241243,864,btc_qm_engine:btc_ptmc_rep_cold,4.0000000000
METRIC,2026-04-13T17:49:06Z,120673012260963,864,btc_qm_engine:btc_ptmc_accept,1.0000000000
METRIC,2026-04-13T17:49:06Z,120673012286283,864,btc_qm_engine:btc_ptmc_rep_hot,6.0000000000
METRIC,2026-04-13T17:49:06Z,120673012310553,864,btc_qm_engine:btc_ptmc_rep_cold,5.0000000000
METRIC,2026-04-13T17:49:06Z,120673012334643,864,btc_qm_engine:btc_ptmc_accept,1.0000000000
METRIC,2026-04-13T17:49:06Z,120673012360193,864,btc_qm_engine:btc_ptmc_rep_hot,7.0000000000
METRIC,2026-04-13T17:49:06Z,120673012379463,864,btc_qm_engine:btc_ptmc_rep_cold,6.0000000000
METRIC,2026-04-13T17:49:06Z,120673012404863,864,btc_qm_engine:btc_ptmc_accept,1.0000000000
METRIC,2026-04-13T17:49:06Z,120673114225470,864,btc_qm_engine:btc_ptmc_rep_hot,1.0000000000
METRIC,2026-04-13T17:49:06Z,120673114322160,864,btc_qm_engine:btc_ptmc_rep_cold,0.0000000000
METRIC,2026-04-13T17:49:06Z,120673114347770,864,btc_qm_engine:btc_ptmc_accept,1.0000000000
METRIC,2026-04-13T17:49:06Z,120673114377250,864,btc_qm_engine:btc_ptmc_rep_hot,2.0000000000
METRIC,2026-04-13T17:49:06Z,120673114402550,864,btc_qm_engine:btc_ptmc_rep_cold,1.0000000000
METRIC,2026-04-13T17:49:06Z,120673114427100,864,btc_qm_engine:btc_ptmc_accept,1.0000000000
METRIC,2026-04-13T17:49:06Z,120673114473350,864,btc_qm_engine:btc_ptmc_rep_hot,3.0000000000
METRIC,2026-04-13T17:49:06Z,120673114510320,864,btc_qm_engine:btc_ptmc_rep_cold,2.0000000000
METRIC,2026-04-13T17:49:06Z,120673114537950,864,btc_qm_engine:btc_ptmc_accept,1.0000000000
METRIC,2026-04-13T17:49:06Z,120673114569700,864,btc_qm_engine:btc_ptmc_rep_hot,4.0000000000
METRIC,2026-04-13T17:49:06Z,120673114594420,864,btc_qm_engine:btc_ptmc_rep_cold,3.0000000000
METRIC,2026-04-13T17:49:06Z,120673114618420,864,btc_qm_engine:btc_ptmc_accept,1.0000000000
METRIC,2026-04-13T17:49:06Z,120673114646270,864,btc_qm_engine:btc_ptmc_rep_hot,5.0000000000
METRIC,2026-04-13T17:49:06Z,120673114688190,864,btc_qm_engine:btc_ptmc_rep_cold,4.0000000000
METRIC,2026-04-13T17:49:06Z,120673114712670,864,btc_qm_engine:btc_ptmc_accept,1.0000000000
METRIC,2026-04-13T17:49:06Z,120673114737510,864,btc_qm_engine:btc_ptmc_rep_hot,6.0000000000
METRIC,2026-04-13T17:49:06Z,120673114761730,864,btc_qm_engine:btc_ptmc_rep_cold,5.0000000000
METRIC,2026-04-13T17:49:06Z,120673114785850,864,btc_qm_engine:btc_ptmc_accept,1.0000000000
METRIC,2026-04-13T17:49:06Z,120673114817410,864,btc_qm_engine:btc_ptmc_rep_hot,7.0000000000
METRIC,2026-04-13T17:49:06Z,120673114842100,864,btc_qm_engine:btc_ptmc_rep_cold,6.0000000000
METRIC,2026-04-13T17:49:06Z,120673114866170,864,btc_qm_engine:btc_ptmc_accept,1.0000000000
METRIC,2026-04-13T17:49:06Z,120673215915308,864,btc_qm_engine:btc_ptmc_rep_hot,1.0000000000
METRIC,2026-04-13T17:49:06Z,120673216027938,864,btc_qm_engine:btc_ptmc_rep_cold,0.0000000000
METRIC,2026-04-13T17:49:06Z,120673216053658,864,btc_qm_engine:btc_ptmc_accept,-0.1354937842
METRIC,2026-04-13T17:49:06Z,120673216079178,864,btc_qm_engine:btc_ptmc_rep_hot,2.0000000000
METRIC,2026-04-13T17:49:06Z,120673216103058,864,btc_qm_engine:btc_ptmc_rep_cold,1.0000000000
METRIC,2026-04-13T17:49:06Z,120673216126038,864,btc_qm_engine:btc_ptmc_accept,0.7165701146
METRIC,2026-04-13T17:49:06Z,120673216157728,864,btc_qm_engine:btc_ptmc_rep_hot,3.0000000000
METRIC,2026-04-13T17:49:06Z,120673216182458,864,btc_qm_engine:btc_ptmc_rep_cold,2.0000000000
METRIC,2026-04-13T17:49:06Z,120673216207168,864,btc_qm_engine:btc_ptmc_accept,0.8464931860
METRIC,2026-04-13T17:49:06Z,120673216242338,864,btc_qm_engine:btc_ptmc_rep_hot,4.0000000000
METRIC,2026-04-13T17:49:06Z,120673216267098,864,btc_qm_engine:btc_ptmc_rep_cold,3.0000000000
METRIC,2026-04-13T17:49:06Z,120673216290948,864,btc_qm_engine:btc_ptmc_accept,1.0000000000
METRIC,2026-04-13T17:49:06Z,120673216315718,864,btc_qm_engine:btc_ptmc_rep_hot,5.0000000000
METRIC,2026-04-13T17:49:06Z,120673216339158,864,btc_qm_engine:btc_ptmc_rep_cold,4.0000000000
METRIC,2026-04-13T17:49:06Z,120673216363298,864,btc_qm_engine:btc_ptmc_accept,1.0000000000
METRIC,2026-04-13T17:49:06Z,120673216391328,864,btc_qm_engine:btc_ptmc_rep_hot,6.0000000000
METRIC,2026-04-13T17:49:06Z,120673216413588,864,btc_qm_engine:btc_ptmc_rep_cold,5.0000000000
METRIC,2026-04-13T17:49:06Z,120673216439088,864,btc_qm_engine:btc_ptmc_accept,1.0000000000
METRIC,2026-04-13T17:49:06Z,120673216485988,864,btc_qm_engine:btc_ptmc_rep_hot,7.0000000000
METRIC,2026-04-13T17:49:06Z,120673216524998,864,btc_qm_engine:btc_ptmc_rep_cold,6.0000000000
METRIC,2026-04-13T17:49:06Z,120673216558758,864,btc_qm_engine:btc_ptmc_accept,0.9767450351
METRIC,2026-04-13T17:49:07Z,120673316158836,864,btc_qm_engine:btc_ptmc_rep_hot,1.0000000000
METRIC,2026-04-13T17:49:07Z,120673316243556,864,btc_qm_engine:btc_ptmc_rep_cold,0.0000000000
METRIC,2026-04-13T17:49:07Z,120673316264826,864,btc_qm_engine:btc_ptmc_accept,1.0000000000
METRIC,2026-04-13T17:49:07Z,120673316287746,864,btc_qm_engine:btc_ptmc_rep_hot,2.0000000000
METRIC,2026-04-13T17:49:07Z,120673316306896,864,btc_qm_engine:btc_ptmc_rep_cold,1.0000000000
METRIC,2026-04-13T17:49:07Z,120673316325776,864,btc_qm_engine:btc_ptmc_accept,1.0000000000
METRIC,2026-04-13T17:49:07Z,120673316349276,864,btc_qm_engine:btc_ptmc_rep_hot,3.0000000000
METRIC,2026-04-13T17:49:07Z,120673316368196,864,btc_qm_engine:btc_ptmc_rep_cold,2.0000000000
METRIC,2026-04-13T17:49:07Z,120673316387106,864,btc_qm_engine:btc_ptmc_accept,1.0000000000
METRIC,2026-04-13T17:49:07Z,120673316412506,864,btc_qm_engine:btc_ptmc_rep_hot,4.0000000000
METRIC,2026-04-13T17:49:07Z,120673316431516,864,btc_qm_engine:btc_ptmc_rep_cold,3.0000000000
METRIC,2026-04-13T17:49:07Z,120673316450406,864,btc_qm_engine:btc_ptmc_accept,1.0000000000
METRIC,2026-04-13T17:49:07Z,120673316472286,864,btc_qm_engine:btc_ptmc_rep_hot,5.0000000000
METRIC,2026-04-13T17:49:07Z,120673316491326,864,btc_qm_engine:btc_ptmc_rep_cold,4.0000000000
METRIC,2026-04-13T17:49:07Z,120673316510186,864,btc_qm_engine:btc_ptmc_accept,1.0000000000
METRIC,2026-04-13T17:49:07Z,120673316564316,864,btc_qm_engine:btc_ptmc_rep_hot,6.0000000000
METRIC,2026-04-13T17:49:07Z,120673316583586,864,btc_qm_engine:btc_ptmc_rep_cold,5.0000000000
METRIC,2026-04-13T17:49:07Z,120673316602686,864,btc_qm_engine:btc_ptmc_accept,1.0000000000
METRIC,2026-04-13T17:49:07Z,120673316621826,864,btc_qm_engine:btc_ptmc_rep_hot,7.0000000000
METRIC,2026-04-13T17:49:07Z,120673316640636,864,btc_qm_engine:btc_ptmc_rep_cold,6.0000000000
METRIC,2026-04-13T17:49:07Z,120673316659406,864,btc_qm_engine:btc_ptmc_accept,1.0000000000
METRIC,2026-04-13T17:49:07Z,120673421999653,864,btc_qm_engine:btc_ptmc_rep_hot,1.0000000000
METRIC,2026-04-13T17:49:07Z,120673422116193,864,btc_qm_engine:btc_ptmc_rep_cold,0.0000000000
METRIC,2026-04-13T17:49:07Z,120673422142523,864,btc_qm_engine:btc_ptmc_accept,1.0000000000
METRIC,2026-04-13T17:49:07Z,120673422172213,864,btc_qm_engine:btc_ptmc_rep_hot,2.0000000000
METRIC,2026-04-13T17:49:07Z,120673422197183,864,btc_qm_engine:btc_ptmc_rep_cold,1.0000000000
METRIC,2026-04-13T17:49:07Z,120673422221993,864,btc_qm_engine:btc_ptmc_accept,1.0000000000
METRIC,2026-04-13T17:49:07Z,120673422250373,864,btc_qm_engine:btc_ptmc_rep_hot,3.0000000000
METRIC,2026-04-13T17:49:07Z,120673422274353,864,btc_qm_engine:btc_ptmc_rep_cold,2.0000000000
METRIC,2026-04-13T17:49:07Z,120673422299243,864,btc_qm_engine:btc_ptmc_accept,1.0000000000
METRIC,2026-04-13T17:49:07Z,120673422332453,864,btc_qm_engine:btc_ptmc_rep_hot,4.0000000000
METRIC,2026-04-13T17:49:07Z,120673422357163,864,btc_qm_engine:btc_ptmc_rep_cold,3.0000000000
METRIC,2026-04-13T17:49:07Z,120673422381213,864,btc_qm_engine:btc_ptmc_accept,1.0000000000
METRIC,2026-04-13T17:49:07Z,120673422415043,864,btc_qm_engine:btc_ptmc_rep_hot,5.0000000000
METRIC,2026-04-13T17:49:07Z,120673422455673,864,btc_qm_engine:btc_ptmc_rep_cold,4.0000000000
METRIC,2026-04-13T17:49:07Z,120673422492023,864,btc_qm_engine:btc_ptmc_accept,1.0000000000
METRIC,2026-04-13T17:49:07Z,120673422520023,864,btc_qm_engine:btc_ptmc_rep_hot,6.0000000000
METRIC,2026-04-13T17:49:07Z,120673422544193,864,btc_qm_engine:btc_ptmc_rep_cold,5.0000000000
METRIC,2026-04-13T17:49:07Z,120673422568253,864,btc_qm_engine:btc_ptmc_accept,1.0000000000
METRIC,2026-04-13T17:49:07Z,120673422596343,864,btc_qm_engine:btc_ptmc_rep_hot,7.0000000000
METRIC,2026-04-13T17:49:07Z,120673422621093,864,btc_qm_engine:btc_ptmc_rep_cold,6.0000000000
METRIC,2026-04-13T17:49:07Z,120673422645313,864,btc_qm_engine:btc_ptmc_accept,1.0000000000
METRIC,2026-04-13T17:49:07Z,120673522977020,864,btc_qm_engine:btc_ptmc_rep_hot,1.0000000000
METRIC,2026-04-13T17:49:07Z,120673523083230,864,btc_qm_engine:btc_ptmc_rep_cold,0.0000000000
METRIC,2026-04-13T17:49:07Z,120673523109390,864,btc_qm_engine:btc_ptmc_accept,1.0000000000
METRIC,2026-04-13T17:49:07Z,120673523138210,864,btc_qm_engine:btc_ptmc_rep_hot,2.0000000000
METRIC,2026-04-13T17:49:07Z,120673523162710,864,btc_qm_engine:btc_ptmc_rep_cold,1.0000000000
METRIC,2026-04-13T17:49:07Z,120673523187490,864,btc_qm_engine:btc_ptmc_accept,1.0000000000
METRIC,2026-04-13T17:49:07Z,120673523219230,864,btc_qm_engine:btc_ptmc_rep_hot,3.0000000000
METRIC,2026-04-13T17:49:07Z,120673523272610,864,btc_qm_engine:btc_ptmc_rep_cold,2.0000000000
METRIC,2026-04-13T17:49:07Z,120673523296890,864,btc_qm_engine:btc_ptmc_accept,1.0000000000
METRIC,2026-04-13T17:49:07Z,120673523333320,864,btc_qm_engine:btc_ptmc_rep_hot,4.0000000000
METRIC,2026-04-13T17:49:07Z,120673523357620,864,btc_qm_engine:btc_ptmc_rep_cold,3.0000000000
METRIC,2026-04-13T17:49:07Z,120673523380990,864,btc_qm_engine:btc_ptmc_accept,1.0000000000
METRIC,2026-04-13T17:49:07Z,120673523414030,864,btc_qm_engine:btc_ptmc_rep_hot,5.0000000000
METRIC,2026-04-13T17:49:07Z,120673523437990,864,btc_qm_engine:btc_ptmc_rep_cold,4.0000000000
METRIC,2026-04-13T17:49:07Z,120673523462000,864,btc_qm_engine:btc_ptmc_accept,1.0000000000
METRIC,2026-04-13T17:49:07Z,120673523494110,864,btc_qm_engine:btc_ptmc_rep_hot,6.0000000000
METRIC,2026-04-13T17:49:07Z,120673523518560,864,btc_qm_engine:btc_ptmc_rep_cold,5.0000000000
METRIC,2026-04-13T17:49:07Z,120673523542540,864,btc_qm_engine:btc_ptmc_accept,1.0000000000
METRIC,2026-04-13T17:49:07Z,120673523570310,864,btc_qm_engine:btc_ptmc_rep_hot,7.0000000000
METRIC,2026-04-13T17:49:07Z,120673523595040,864,btc_qm_engine:btc_ptmc_rep_cold,6.0000000000
METRIC,2026-04-13T17:49:07Z,120673523616400,864,btc_qm_engine:btc_ptmc_accept,1.0000000000
METRIC,2026-04-13T17:49:07Z,120673628800738,864,btc_qm_engine:btc_ptmc_rep_hot,1.0000000000
METRIC,2026-04-13T17:49:07Z,120673629170028,864,btc_qm_engine:btc_ptmc_rep_cold,0.0000000000
METRIC,2026-04-13T17:49:07Z,120673629197008,864,btc_qm_engine:btc_ptmc_accept,1.0000000000
METRIC,2026-04-13T17:49:07Z,120673629227608,864,btc_qm_engine:btc_ptmc_rep_hot,2.0000000000
METRIC,2026-04-13T17:49:07Z,120673629252158,864,btc_qm_engine:btc_ptmc_rep_cold,1.0000000000
METRIC,2026-04-13T17:49:07Z,120673629276428,864,btc_qm_engine:btc_ptmc_accept,1.0000000000
METRIC,2026-04-13T17:49:07Z,120673629336838,864,btc_qm_engine:btc_ptmc_rep_hot,3.0000000000
METRIC,2026-04-13T17:49:07Z,120673629372338,864,btc_qm_engine:btc_ptmc_rep_cold,2.0000000000
METRIC,2026-04-13T17:49:07Z,120673629396188,864,btc_qm_engine:btc_ptmc_accept,1.0000000000
METRIC,2026-04-13T17:49:07Z,120673629425158,864,btc_qm_engine:btc_ptmc_rep_hot,4.0000000000
METRIC,2026-04-13T17:49:07Z,120673629449328,864,btc_qm_engine:btc_ptmc_rep_cold,3.0000000000
METRIC,2026-04-13T17:49:07Z,120673629473398,864,btc_qm_engine:btc_ptmc_accept,1.0000000000
METRIC,2026-04-13T17:49:07Z,120673629504038,864,btc_qm_engine:btc_ptmc_rep_hot,5.0000000000
METRIC,2026-04-13T17:49:07Z,120673629527908,864,btc_qm_engine:btc_ptmc_rep_cold,4.0000000000
METRIC,2026-04-13T17:49:07Z,120673629549398,864,btc_qm_engine:btc_ptmc_accept,1.0000000000
METRIC,2026-04-13T17:49:07Z,120673629575478,864,btc_qm_engine:btc_ptmc_rep_hot,6.0000000000
METRIC,2026-04-13T17:49:07Z,120673629600898,864,btc_qm_engine:btc_ptmc_rep_cold,5.0000000000
METRIC,2026-04-13T17:49:07Z,120673629624268,864,btc_qm_engine:btc_ptmc_accept,1.0000000000
METRIC,2026-04-13T17:49:07Z,120673629649048,864,btc_qm_engine:btc_ptmc_rep_hot,7.0000000000
METRIC,2026-04-13T17:49:07Z,120673629673838,864,btc_qm_engine:btc_ptmc_rep_cold,6.0000000000
METRIC,2026-04-13T17:49:07Z,120673629697828,864,btc_qm_engine:btc_ptmc_accept,1.0000000000
METRIC,2026-04-13T17:49:07Z,120673733230285,864,btc_qm_engine:btc_ptmc_rep_hot,1.0000000000
METRIC,2026-04-13T17:49:07Z,120673733310795,864,btc_qm_engine:btc_ptmc_rep_cold,0.0000000000
METRIC,2026-04-13T17:49:07Z,120673733344375,864,btc_qm_engine:btc_ptmc_accept,-0.1354937842
METRIC,2026-04-13T17:49:07Z,120673733380805,864,btc_qm_engine:btc_ptmc_rep_hot,2.0000000000
METRIC,2026-04-13T17:49:07Z,120673733407035,864,btc_qm_engine:btc_ptmc_rep_cold,1.0000000000
METRIC,2026-04-13T17:49:07Z,120673733431645,864,btc_qm_engine:btc_ptmc_accept,1.0000000000
METRIC,2026-04-13T17:49:07Z,120673733461345,864,btc_qm_engine:btc_ptmc_rep_hot,3.0000000000
METRIC,2026-04-13T17:49:07Z,120673733486895,864,btc_qm_engine:btc_ptmc_rep_cold,2.0000000000
METRIC,2026-04-13T17:49:07Z,120673733511175,864,btc_qm_engine:btc_ptmc_accept,1.0000000000
METRIC,2026-04-13T17:49:07Z,120673733539885,864,btc_qm_engine:btc_ptmc_rep_hot,4.0000000000
METRIC,2026-04-13T17:49:07Z,120673733588285,864,btc_qm_engine:btc_ptmc_rep_cold,3.0000000000
METRIC,2026-04-13T17:49:07Z,120673733612445,864,btc_qm_engine:btc_ptmc_accept,1.0000000000
METRIC,2026-04-13T17:49:07Z,120673733640525,864,btc_qm_engine:btc_ptmc_rep_hot,5.0000000000
METRIC,2026-04-13T17:49:07Z,120673733664715,864,btc_qm_engine:btc_ptmc_rep_cold,4.0000000000
METRIC,2026-04-13T17:49:07Z,120673733689075,864,btc_qm_engine:btc_ptmc_accept,1.0000000000
METRIC,2026-04-13T17:49:07Z,120673733720765,864,btc_qm_engine:btc_ptmc_rep_hot,6.0000000000
METRIC,2026-04-13T17:49:07Z,120673733744995,864,btc_qm_engine:btc_ptmc_rep_cold,5.0000000000
METRIC,2026-04-13T17:49:07Z,120673733769225,864,btc_qm_engine:btc_ptmc_accept,1.0000000000
METRIC,2026-04-13T17:49:07Z,120673733800685,864,btc_qm_engine:btc_ptmc_rep_hot,7.0000000000
METRIC,2026-04-13T17:49:07Z,120673733838265,864,btc_qm_engine:btc_ptmc_rep_cold,6.0000000000
METRIC,2026-04-13T17:49:07Z,120673733865265,864,btc_qm_engine:btc_ptmc_accept,1.0000000000
METRIC,2026-04-13T17:49:07Z,120673840256363,864,btc_qm_engine:btc_ptmc_rep_hot,1.0000000000
METRIC,2026-04-13T17:49:07Z,120673840341053,864,btc_qm_engine:btc_ptmc_rep_cold,0.0000000000
METRIC,2026-04-13T17:49:07Z,120673840362283,864,btc_qm_engine:btc_ptmc_accept,1.0000000000
METRIC,2026-04-13T17:49:07Z,120673840386863,864,btc_qm_engine:btc_ptmc_rep_hot,2.0000000000
METRIC,2026-04-13T17:49:07Z,120673840405883,864,btc_qm_engine:btc_ptmc_rep_cold,1.0000000000
METRIC,2026-04-13T17:49:07Z,120673840424583,864,btc_qm_engine:btc_ptmc_accept,1.0000000000
METRIC,2026-04-13T17:49:07Z,120673840449003,864,btc_qm_engine:btc_ptmc_rep_hot,3.0000000000
METRIC,2026-04-13T17:49:07Z,120673840467673,864,btc_qm_engine:btc_ptmc_rep_cold,2.0000000000
METRIC,2026-04-13T17:49:07Z,120673840486183,864,btc_qm_engine:btc_ptmc_accept,1.0000000000
METRIC,2026-04-13T17:49:07Z,120673840508903,864,btc_qm_engine:btc_ptmc_rep_hot,4.0000000000
METRIC,2026-04-13T17:49:07Z,120673840527433,864,btc_qm_engine:btc_ptmc_rep_cold,3.0000000000
METRIC,2026-04-13T17:49:07Z,120673840545923,864,btc_qm_engine:btc_ptmc_accept,1.0000000000
METRIC,2026-04-13T17:49:07Z,120673840569203,864,btc_qm_engine:btc_ptmc_rep_hot,5.0000000000
METRIC,2026-04-13T17:49:07Z,120673840587753,864,btc_qm_engine:btc_ptmc_rep_cold,4.0000000000
METRIC,2026-04-13T17:49:07Z,120673840606343,864,btc_qm_engine:btc_ptmc_accept,1.0000000000
METRIC,2026-04-13T17:49:07Z,120673840629213,864,btc_qm_engine:btc_ptmc_rep_hot,6.0000000000
METRIC,2026-04-13T17:49:07Z,120673840647853,864,btc_qm_engine:btc_ptmc_rep_cold,5.0000000000
METRIC,2026-04-13T17:49:07Z,120673840666483,864,btc_qm_engine:btc_ptmc_accept,1.0000000000
METRIC,2026-04-13T17:49:07Z,120673840690363,864,btc_qm_engine:btc_ptmc_rep_hot,7.0000000000
METRIC,2026-04-13T17:49:07Z,120673840709663,864,btc_qm_engine:btc_ptmc_rep_cold,6.0000000000
METRIC,2026-04-13T17:49:07Z,120673840728353,864,btc_qm_engine:btc_ptmc_accept,1.0000000000
METRIC,2026-04-13T17:49:07Z,120673944567640,864,btc_qm_engine:btc_ptmc_rep_hot,1.0000000000
METRIC,2026-04-13T17:49:07Z,120673944646550,864,btc_qm_engine:btc_ptmc_rep_cold,0.0000000000
METRIC,2026-04-13T17:49:07Z,120673944667620,864,btc_qm_engine:btc_ptmc_accept,1.0000000000
METRIC,2026-04-13T17:49:07Z,120673944749140,864,btc_qm_engine:btc_ptmc_rep_hot,2.0000000000
METRIC,2026-04-13T17:49:07Z,120673944768870,864,btc_qm_engine:btc_ptmc_rep_cold,1.0000000000
METRIC,2026-04-13T17:49:07Z,120673944787690,864,btc_qm_engine:btc_ptmc_accept,-0.7165701146
METRIC,2026-04-13T17:49:07Z,120673944817560,864,btc_qm_engine:btc_ptmc_rep_hot,3.0000000000
METRIC,2026-04-13T17:49:07Z,120673944837070,864,btc_qm_engine:btc_ptmc_rep_cold,2.0000000000
METRIC,2026-04-13T17:49:07Z,120673944855900,864,btc_qm_engine:btc_ptmc_accept,1.0000000000
METRIC,2026-04-13T17:49:07Z,120673944881870,864,btc_qm_engine:btc_ptmc_rep_hot,4.0000000000
METRIC,2026-04-13T17:49:07Z,120673944901070,864,btc_qm_engine:btc_ptmc_rep_cold,3.0000000000
METRIC,2026-04-13T17:49:07Z,120673944919880,864,btc_qm_engine:btc_ptmc_accept,1.0000000000
METRIC,2026-04-13T17:49:07Z,120673944953470,864,btc_qm_engine:btc_ptmc_rep_hot,5.0000000000
METRIC,2026-04-13T17:49:07Z,120673945025780,864,btc_qm_engine:btc_ptmc_rep_cold,4.0000000000
METRIC,2026-04-13T17:49:07Z,120673945052210,864,btc_qm_engine:btc_ptmc_accept,1.0000000000
METRIC,2026-04-13T17:49:07Z,120673945089570,864,btc_qm_engine:btc_ptmc_rep_hot,6.0000000000
METRIC,2026-04-13T17:49:07Z,120673945110320,864,btc_qm_engine:btc_ptmc_rep_cold,5.0000000000
METRIC,2026-04-13T17:49:07Z,120673945129000,864,btc_qm_engine:btc_ptmc_accept,1.0000000000
METRIC,2026-04-13T17:49:07Z,120673945152690,864,btc_qm_engine:btc_ptmc_rep_hot,7.0000000000
METRIC,2026-04-13T17:49:07Z,120673945171210,864,btc_qm_engine:btc_ptmc_rep_cold,6.0000000000
METRIC,2026-04-13T17:49:07Z,120673945189670,864,btc_qm_engine:btc_ptmc_accept,1.0000000000
METRIC,2026-04-13T17:49:07Z,120674045738748,864,btc_qm_engine:btc_ptmc_rep_hot,1.0000000000
METRIC,2026-04-13T17:49:07Z,120674045824558,864,btc_qm_engine:btc_ptmc_rep_cold,0.0000000000
METRIC,2026-04-13T17:49:07Z,120674045850828,864,btc_qm_engine:btc_ptmc_accept,1.0000000000
METRIC,2026-04-13T17:49:07Z,120674045878518,864,btc_qm_engine:btc_ptmc_rep_hot,2.0000000000
METRIC,2026-04-13T17:49:07Z,120674045903208,864,btc_qm_engine:btc_ptmc_rep_cold,1.0000000000
METRIC,2026-04-13T17:49:07Z,120674045927848,864,btc_qm_engine:btc_ptmc_accept,1.0000000000
METRIC,2026-04-13T17:49:07Z,120674045956178,864,btc_qm_engine:btc_ptmc_rep_hot,3.0000000000
METRIC,2026-04-13T17:49:07Z,120674045980358,864,btc_qm_engine:btc_ptmc_rep_cold,2.0000000000
METRIC,2026-04-13T17:49:07Z,120674046022958,864,btc_qm_engine:btc_ptmc_accept,1.0000000000
METRIC,2026-04-13T17:49:07Z,120674046059698,864,btc_qm_engine:btc_ptmc_rep_hot,4.0000000000
METRIC,2026-04-13T17:49:07Z,120674046084358,864,btc_qm_engine:btc_ptmc_rep_cold,3.0000000000
METRIC,2026-04-13T17:49:07Z,120674046108648,864,btc_qm_engine:btc_ptmc_accept,1.0000000000
METRIC,2026-04-13T17:49:07Z,120674046136608,864,btc_qm_engine:btc_ptmc_rep_hot,5.0000000000
METRIC,2026-04-13T17:49:07Z,120674046161098,864,btc_qm_engine:btc_ptmc_rep_cold,4.0000000000
METRIC,2026-04-13T17:49:07Z,120674046185068,864,btc_qm_engine:btc_ptmc_accept,1.0000000000
METRIC,2026-04-13T17:49:07Z,120674046216688,864,btc_qm_engine:btc_ptmc_rep_hot,6.0000000000
METRIC,2026-04-13T17:49:07Z,120674046240778,864,btc_qm_engine:btc_ptmc_rep_cold,5.0000000000
METRIC,2026-04-13T17:49:07Z,120674046264388,864,btc_qm_engine:btc_ptmc_accept,1.0000000000
METRIC,2026-04-13T17:49:07Z,120674046291328,864,btc_qm_engine:btc_ptmc_rep_hot,7.0000000000
METRIC,2026-04-13T17:49:07Z,120674046315438,864,btc_qm_engine:btc_ptmc_rep_cold,6.0000000000
METRIC,2026-04-13T17:49:07Z,120674046339138,864,btc_qm_engine:btc_ptmc_accept,1.0000000000
METRIC,2026-04-13T17:49:07Z,120674150123346,864,btc_qm_engine:btc_ptmc_rep_hot,1.0000000000
METRIC,2026-04-13T17:49:07Z,120674150211736,864,btc_qm_engine:btc_ptmc_rep_cold,0.0000000000
METRIC,2026-04-13T17:49:07Z,120674150238306,864,btc_qm_engine:btc_ptmc_accept,1.0000000000
METRIC,2026-04-13T17:49:07Z,120674150268256,864,btc_qm_engine:btc_ptmc_rep_hot,2.0000000000
METRIC,2026-04-13T17:49:07Z,120674150292726,864,btc_qm_engine:btc_ptmc_rep_cold,1.0000000000
METRIC,2026-04-13T17:49:07Z,120674150333116,864,btc_qm_engine:btc_ptmc_accept,1.0000000000
METRIC,2026-04-13T17:49:07Z,120674150377916,864,btc_qm_engine:btc_ptmc_rep_hot,3.0000000000
METRIC,2026-04-13T17:49:07Z,120674150410366,864,btc_qm_engine:btc_ptmc_rep_cold,2.0000000000
METRIC,2026-04-13T17:49:07Z,120674150440916,864,btc_qm_engine:btc_ptmc_accept,1.0000000000
METRIC,2026-04-13T17:49:07Z,120674150474126,864,btc_qm_engine:btc_ptmc_rep_hot,4.0000000000
METRIC,2026-04-13T17:49:07Z,120674150498246,864,btc_qm_engine:btc_ptmc_rep_cold,3.0000000000
METRIC,2026-04-13T17:49:07Z,120674150522586,864,btc_qm_engine:btc_ptmc_accept,1.0000000000
METRIC,2026-04-13T17:49:07Z,120674150552986,864,btc_qm_engine:btc_ptmc_rep_hot,5.0000000000
METRIC,2026-04-13T17:49:07Z,120674150577116,864,btc_qm_engine:btc_ptmc_rep_cold,4.0000000000
METRIC,2026-04-13T17:49:07Z,120674150601096,864,b