event,timestamp_utc,timestamp_ns,pid,detail,value
INIT,2026-04-15T17:58:28Z,19143825500463,3064,activation,100PCT_INCONDITIONNELLE
INIT,2026-04-15T17:58:28Z,19143825500463,3064,modules_reels,ultra_forensic_logger_v3+memory_tracker
INIT,2026-04-15T17:58:28Z,19143825500463,3064,version,3.0_cycle17_NL03_NV01_NV02_AC01_NANO_ANOMALY_FIX_RAM01
HW_SAMPLE,2026-04-15T17:58:28Z,19143825500463,3064,init:cpu_delta_pct,0.0000
HW_SAMPLE,2026-04-15T17:58:28Z,19143825500463,3064,init:mem_used_pct,59.8169
HW_SAMPLE,2026-04-15T17:58:28Z,19143825500463,3064,init:mem_total_kb,65847776
HW_SAMPLE,2026-04-15T17:58:28Z,19143825500463,3064,init:mem_avail_kb,26459664
HW_SAMPLE,2026-04-15T17:58:28Z,19143825500463,3064,init:vm_rss_kb,3828
HW_SAMPLE,2026-04-15T17:58:28Z,19143825500463,3064,init:vm_peak_kb,14728
MODULE_START,2026-04-15T17:58:28Z,19143827187903,3064,btc_qm_engine,main_btc_mining
METRIC,2026-04-15T17:58:28Z,19143827347403,3064,btc_qm_engine:btc_run_mode_hash,66.0000000000
METRIC,2026-04-15T17:58:28Z,19143827752193,3064,btc_qm_engine:btc_module_version,17.0000000000
METRIC,2026-04-15T17:58:28Z,19143828637423,3064,btc_qm_engine:btc_nx48_init_loaded,0.0000000000
METRIC,2026-04-15T17:58:28Z,19143829022973,3064,btc_qm_engine:btc_nx48_delta_nonce_scale,1.0000000000
METRIC,2026-04-15T17:58:28Z,19143829369183,3064,btc_qm_engine:btc_nx48_n_replicas_scale,1.0000000000
METRIC,2026-04-15T17:58:28Z,19143829786023,3064,btc_qm_engine:btc_nx48_swap_temp_scale,1.0000000000
METRIC,2026-04-15T17:58:28Z,19143830211533,3064,btc_qm_engine:btc_nx48_batch_size_scale,1.0000000000
METRIC,2026-04-15T17:58:28Z,19143830589353,3064,btc_qm_engine:btc_nx48_exploration_bias,0.5000000000
METRIC,2026-04-15T17:58:28Z,19143831060673,3064,btc_qm_engine:btc_nx48_neuron_count,2.0000000000
METRIC,2026-04-15T17:58:28Z,19143831587363,3064,btc_qm_engine:btc_sha256_self_test_pass,1.0000000000
METRIC,2026-04-15T17:58:28Z,19143832148993,3064,btc_qm_engine:btc_wallet_create_start,1.0000000000
METRIC,2026-04-15T17:58:28Z,19143836869413,3064,btc_qm_engine:btc_wallet_created,1.0000000000
METRIC,2026-04-15T17:58:28Z,19143837358133,3064,btc_qm_engine:btc_wallet_create_ns,4720750.0000000000
METRIC,2026-04-15T17:58:28Z,19143837792863,3064,btc_qm_engine:btc_wallet_network,1.0000000000
METRIC,2026-04-15T17:58:28Z,19143838616463,3064,btc_qm_engine:btc_wallet_saved_json,1.0000000000
METRIC,2026-04-15T17:58:28Z,19143839114333,3064,btc_qm_engine:btc_sha256_self_test_pass,1.0000000000
METRIC,2026-04-15T17:58:28Z,19143839484773,3064,btc_qm_engine:btc_integrity_gate_pass,1.0000000000
METRIC,2026-04-15T17:58:28Z,19143840603563,3064,btc_qm_engine:btc_ram_available_mb_start,25839.0000000000
MODULE_START,2026-04-15T17:58:28Z,19143841059673,3064,btc_qm_engine,btc_engine_create
METRIC,2026-04-15T17:58:28Z,19143841193513,3064,btc_qm_engine:btc_n_replicas,8.0000000000
METRIC,2026-04-15T17:58:28Z,19143841573833,3064,btc_qm_engine:btc_n_threads,4.0000000000
METRIC,2026-04-15T17:58:28Z,19143841955793,3064,btc_qm_engine:btc_batch_size,512.0000000000
METRIC,2026-04-15T17:58:28Z,19143842367703,3064,btc_qm_engine:btc_nonce_start,0.0000000000
METRIC,2026-04-15T17:58:28Z,19143842731463,3064,btc_qm_engine:btc_nonce_end,4294967295.0000000000
METRIC,2026-04-15T17:58:28Z,19143843085663,3064,btc_qm_engine:btc_duration_s,8.0000000000
METRIC,2026-04-15T17:58:28Z,19143843431353,3064,btc_qm_engine:btc_replica_idx,0.0000000000
METRIC,2026-04-15T17:58:28Z,19143843873933,3064,btc_qm_engine:btc_replica_nonce,0.0000000000
METRIC,2026-04-15T17:58:28Z,19143844413433,3064,btc_qm_engine:btc_replica_temp,1.0000000000
METRIC,2026-04-15T17:58:28Z,19143844837153,3064,btc_qm_engine:btc_replica_leading,0.0000000000
METRIC,2026-04-15T17:58:29Z,19143845251253,3064,btc_qm_engine:btc_replica_idx,1.0000000000
METRIC,2026-04-15T17:58:29Z,19143845601843,3064,btc_qm_engine:btc_replica_nonce,536870911.0000000000
METRIC,2026-04-15T17:58:29Z,19143845997663,3064,btc_qm_engine:btc_replica_temp,2.0000000000
METRIC,2026-04-15T17:58:29Z,19143846414553,3064,btc_qm_engine:btc_replica_leading,0.0000000000
METRIC,2026-04-15T17:58:29Z,19143846825553,3064,btc_qm_engine:btc_replica_idx,2.0000000000
METRIC,2026-04-15T17:58:29Z,19143847498573,3064,btc_qm_engine:btc_replica_nonce,1073741822.0000000000
METRIC,2026-04-15T17:58:29Z,19143847968093,3064,btc_qm_engine:btc_replica_temp,4.0000000000
METRIC,2026-04-15T17:58:29Z,19143848424873,3064,btc_qm_engine:btc_replica_leading,0.0000000000
METRIC,2026-04-15T17:58:29Z,19143848820393,3064,btc_qm_engine:btc_replica_idx,3.0000000000
METRIC,2026-04-15T17:58:29Z,19143849252303,3064,btc_qm_engine:btc_replica_nonce,1610612733.0000000000
METRIC,2026-04-15T17:58:29Z,19143849703823,3064,btc_qm_engine:btc_replica_temp,8.0000000000
METRIC,2026-04-15T17:58:29Z,19143850195653,3064,btc_qm_engine:btc_replica_leading,0.0000000000
METRIC,2026-04-15T17:58:29Z,19143850701393,3064,btc_qm_engine:btc_replica_idx,4.0000000000
METRIC,2026-04-15T17:58:29Z,19143851287763,3064,btc_qm_engine:btc_replica_nonce,2147483644.0000000000
METRIC,2026-04-15T17:58:29Z,19143851711973,3064,btc_qm_engine:btc_replica_temp,12.0000000000
METRIC,2026-04-15T17:58:29Z,19143852160763,3064,btc_qm_engine:btc_replica_leading,0.0000000000
METRIC,2026-04-15T17:58:29Z,19143852626693,3064,btc_qm_engine:btc_replica_idx,5.0000000000
METRIC,2026-04-15T17:58:29Z,19143853085603,3064,btc_qm_engine:btc_replica_nonce,2684354555.0000000000
METRIC,2026-04-15T17:58:29Z,19143853465453,3064,btc_qm_engine:btc_replica_temp,20.0000000000
METRIC,2026-04-15T17:58:29Z,19143853894443,3064,btc_qm_engine:btc_replica_leading,0.0000000000
METRIC,2026-04-15T17:58:29Z,19143854337233,3064,btc_qm_engine:btc_replica_idx,6.0000000000
METRIC,2026-04-15T17:58:29Z,19143854708303,3064,btc_qm_engine:btc_replica_nonce,3221225466.0000000000
METRIC,2026-04-15T17:58:29Z,19143855102373,3064,btc_qm_engine:btc_replica_temp,35.0000000000
METRIC,2026-04-15T17:58:29Z,19143855768653,3064,btc_qm_engine:btc_replica_leading,0.0000000000
METRIC,2026-04-15T17:58:29Z,19143856449293,3064,btc_qm_engine:btc_replica_idx,7.0000000000
METRIC,2026-04-15T17:58:29Z,19143857067783,3064,btc_qm_engine:btc_replica_nonce,3758096377.0000000000
METRIC,2026-04-15T17:58:29Z,19143857574683,3064,btc_qm_engine:btc_replica_temp,50.0000000000
METRIC,2026-04-15T17:58:29Z,19143858066993,3064,btc_qm_engine:btc_replica_leading,0.0000000000
METRIC,2026-04-15T17:58:29Z,19143858574653,3064,btc_qm_engine:btc_midstate_applied,1.0000000000
THREAD,2026-04-15T17:58:29Z,19143859644413,3064,btc_qm_engine:btc_mining_worker_START,140450665068224
METRIC,2026-04-15T17:58:29Z,19143859768493,3064,btc_qm_engine:btc_block_nonce,2947768311.0000000000
THREAD,2026-04-15T17:58:29Z,19143859927683,3064,btc_qm_engine:btc_mining_worker_START,140450656675520
THREAD,2026-04-15T17:58:29Z,19143860345643,3064,btc_qm_engine:btc_mining_worker_START,140450648282816
METRIC,2026-04-15T17:58:29Z,19143860533393,3064,btc_qm_engine:btc_best_leading_zeros,3.0000000000
THREAD,2026-04-15T17:58:29Z,19143860743873,3064,btc_qm_engine:btc_mining_worker_START,140450639890112
METRIC,2026-04-15T17:58:29Z,19143861011693,3064,btc_qm_engine:btc_block_valid,0.0000000000
ANOMALY,2026-04-15T17:58:29Z,19143861458593,3064,btc_qm_engine:btc_near_miss_or_valid,3.0000000000
METRIC,2026-04-15T17:58:29Z,19143861470603,3064,btc_qm_engine:btc_threads_launched,4.0000000000
METRIC,2026-04-15T17:58:29Z,19143862012813,3064,btc_qm_engine:btc_best_leading_zeros,3.0000000000
METRIC,2026-04-15T17:58:29Z,19143862713673,3064,btc_qm_engine:btc_nx48_csv_saved,1.0000000000
METRIC,2026-04-15T17:58:29Z,19143863253463,3064,btc_qm_engine:btc_block_nonce,2947738050.0000000000
METRIC,2026-04-15T17:58:29Z,19143863665993,3064,btc_qm_engine:btc_best_leading_zeros,4.0000000000
METRIC,2026-04-15T17:58:29Z,19143864099263,3064,btc_qm_engine:btc_block_valid,0.0000000000
ANOMALY,2026-04-15T17:58:29Z,19143864497693,3064,btc_qm_engine:btc_near_miss_or_valid,4.0000000000
METRIC,2026-04-15T17:58:29Z,19143864878023,3064,btc_qm_engine:btc_best_leading_zeros,4.0000000000
METRIC,2026-04-15T17:58:29Z,19143865643733,3064,btc_qm_engine:btc_nx48_csv_saved,1.0000000000
METRIC,2026-04-15T17:58:29Z,19143866222663,3064,btc_qm_engine:btc_block_nonce,1787544154.0000000000
METRIC,2026-04-15T17:58:29Z,19143866709283,3064,btc_qm_engine:btc_best_leading_zeros,9.0000000000
METRIC,2026-04-15T17:58:29Z,19143867148103,3064,btc_qm_engine:btc_block_valid,0.0000000000
ANOMALY,2026-04-15T17:58:29Z,19143867556543,3064,btc_qm_engine:btc_near_miss_or_valid,9.0000000000
METRIC,2026-04-15T17:58:29Z,19143868055793,3064,btc_qm_engine:btc_best_leading_zeros,9.0000000000
METRIC,2026-04-15T17:58:29Z,19143868801133,3064,btc_qm_engine:btc_nx48_csv_saved,1.0000000000
METRIC,2026-04-15T17:58:29Z,19143869480363,3064,btc_qm_engine:btc_block_nonce,3796255993.0000000000
METRIC,2026-04-15T17:58:29Z,19143870393783,3064,btc_qm_engine:btc_best_leading_zeros,11.0000000000
METRIC,2026-04-15T17:58:29Z,19143870913583,3064,btc_qm_engine:btc_block_valid,0.0000000000
ANOMALY,2026-04-15T17:58:29Z,19143871515673,3064,btc_qm_engine:btc_near_miss_or_valid,11.0000000000
METRIC,2026-04-15T17:58:29Z,19143873128203,3064,btc_qm_engine:btc_best_leading_zeros,11.0000000000
METRIC,2026-04-15T17:58:29Z,19143873949633,3064,btc_qm_engine:btc_nx48_csv_saved,1.0000000000
METRIC,2026-04-15T17:58:29Z,19143875499953,3064,btc_qm_engine:btc_block_nonce,3703563812.0000000000
METRIC,2026-04-15T17:58:29Z,19143876149663,3064,btc_qm_engine:btc_best_leading_zeros,12.0000000000
METRIC,2026-04-15T17:58:29Z,19143876590403,3064,btc_qm_engine:btc_block_valid,0.0000000000
ANOMALY,2026-04-15T17:58:29Z,19143877086153,3064,btc_qm_engine:btc_near_miss_or_valid,12.0000000000
METRIC,2026-04-15T17:58:29Z,19143877560863,3064,btc_qm_engine:btc_best_leading_zeros,12.0000000000
METRIC,2026-04-15T17:58:29Z,19143878389383,3064,btc_qm_engine:btc_nx48_csv_saved,1.0000000000
METRIC,2026-04-15T17:58:29Z,19143907746923,3064,btc_qm_engine:btc_block_nonce,987439803.0000000000
METRIC,2026-04-15T17:58:29Z,19143908340003,3064,btc_qm_engine:btc_best_leading_zeros,18.0000000000
METRIC,2026-04-15T17:58:29Z,19143908826293,3064,btc_qm_engine:btc_block_valid,0.0000000000
ANOMALY,2026-04-15T17:58:29Z,19143909335333,3064,btc_qm_engine:btc_near_miss_or_valid,18.0000000000
METRIC,2026-04-15T17:58:29Z,19143909754763,3064,btc_qm_engine:btc_best_leading_zeros,18.0000000000
METRIC,2026-04-15T17:58:29Z,19143910684173,3064,btc_qm_engine:btc_nx48_csv_saved,1.0000000000
METRIC,2026-04-15T17:58:29Z,19143965667194,3064,btc_qm_engine:btc_ptmc_rep_hot,1.0000000000
METRIC,2026-04-15T17:58:29Z,19143966279924,3064,btc_qm_engine:btc_ptmc_rep_cold,0.0000000000
METRIC,2026-04-15T17:58:29Z,19143966751364,3064,btc_qm_engine:btc_ptmc_accept,0.5134171190
METRIC,2026-04-15T17:58:29Z,19143967457364,3064,btc_qm_engine:btc_ptmc_rep_hot,2.0000000000
METRIC,2026-04-15T17:58:29Z,19143967933034,3064,btc_qm_engine:btc_ptmc_rep_cold,1.0000000000
METRIC,2026-04-15T17:58:29Z,19143968413664,3064,btc_qm_engine:btc_ptmc_accept,1.0000000000
METRIC,2026-04-15T17:58:29Z,19143968992424,3064,btc_qm_engine:btc_ptmc_rep_hot,3.0000000000
METRIC,2026-04-15T17:58:29Z,19143969496184,3064,btc_qm_engine:btc_ptmc_rep_cold,2.0000000000
METRIC,2026-04-15T17:58:29Z,19143969949464,3064,btc_qm_engine:btc_ptmc_accept,1.0000000000
METRIC,2026-04-15T17:58:29Z,19143970527134,3064,btc_qm_engine:btc_ptmc_rep_hot,4.0000000000
METRIC,2026-04-15T17:58:29Z,19143971235064,3064,btc_qm_engine:btc_ptmc_rep_cold,3.0000000000
METRIC,2026-04-15T17:58:29Z,19143971797044,3064,btc_qm_engine:btc_ptmc_accept,1.0000000000
METRIC,2026-04-15T17:58:29Z,19143972407404,3064,btc_qm_engine:btc_ptmc_rep_hot,5.0000000000
METRIC,2026-04-15T17:58:29Z,19143973215624,3064,btc_qm_engine:btc_ptmc_rep_cold,4.0000000000
METRIC,2026-04-15T17:58:29Z,19143974078484,3064,btc_qm_engine:btc_ptmc_accept,1.0000000000
METRIC,2026-04-15T17:58:29Z,19143975079534,3064,btc_qm_engine:btc_ptmc_rep_hot,6.0000000000
METRIC,2026-04-15T17:58:29Z,19143975867104,3064,btc_qm_engine:btc_ptmc_rep_cold,5.0000000000
METRIC,2026-04-15T17:58:29Z,19143976755754,3064,btc_qm_engine:btc_ptmc_accept,1.0000000000
METRIC,2026-04-15T17:58:29Z,19143977748984,3064,btc_qm_engine:btc_ptmc_rep_hot,7.0000000000
METRIC,2026-04-15T17:58:29Z,19143978712434,3064,btc_qm_engine:btc_ptmc_rep_cold,6.0000000000
METRIC,2026-04-15T17:58:29Z,19143979601214,3064,btc_qm_engine:btc_ptmc_accept,1.0000000000
METRIC,2026-04-15T17:58:29Z,19144071432244,3064,btc_qm_engine:btc_ptmc_rep_hot,1.0000000000
METRIC,2026-04-15T17:58:29Z,19144072139274,3064,btc_qm_engine:btc_ptmc_rep_cold,0.0000000000
METRIC,2026-04-15T17:58:29Z,19144072685284,3064,btc_qm_engine:btc_ptmc_accept,-0.2636887251
METRIC,2026-04-15T17:58:29Z,19144073257874,3064,btc_qm_engine:btc_ptmc_rep_hot,2.0000000000
METRIC,2026-04-15T17:58:29Z,19144073771904,3064,btc_qm_engine:btc_ptmc_rep_cold,1.0000000000
METRIC,2026-04-15T17:58:29Z,19144074290824,3064,btc_qm_engine:btc_ptmc_accept,0.5133614969
METRIC,2026-04-15T17:58:29Z,19144074885534,3064,btc_qm_engine:btc_ptmc_rep_hot,3.0000000000
METRIC,2026-04-15T17:58:29Z,19144075478684,3064,btc_qm_engine:btc_ptmc_rep_cold,2.0000000000
METRIC,2026-04-15T17:58:29Z,19144076149804,3064,btc_qm_engine:btc_ptmc_accept,1.0000000000
METRIC,2026-04-15T17:58:29Z,19144076818514,3064,btc_qm_engine:btc_ptmc_rep_hot,4.0000000000
METRIC,2026-04-15T17:58:29Z,19144077533554,3064,btc_qm_engine:btc_ptmc_rep_cold,3.0000000000
METRIC,2026-04-15T17:58:29Z,19144078218624,3064,btc_qm_engine:btc_ptmc_accept,1.0000000000
METRIC,2026-04-15T17:58:29Z,19144078900894,3064,btc_qm_engine:btc_ptmc_rep_hot,5.0000000000
METRIC,2026-04-15T17:58:29Z,19144079816844,3064,btc_qm_engine:btc_ptmc_rep_cold,4.0000000000
METRIC,2026-04-15T17:58:29Z,19144080799974,3064,btc_qm_engine:btc_ptmc_accept,1.0000000000
METRIC,2026-04-15T17:58:29Z,19144081650634,3064,btc_qm_engine:btc_ptmc_rep_hot,6.0000000000
METRIC,2026-04-15T17:58:29Z,19144082742944,3064,btc_qm_engine:btc_ptmc_rep_cold,5.0000000000
METRIC,2026-04-15T17:58:29Z,19144083424514,3064,btc_qm_engine:btc_ptmc_accept,1.0000000000
METRIC,2026-04-15T17:58:29Z,19144084517384,3064,btc_qm_engine:btc_ptmc_rep_hot,7.0000000000
METRIC,2026-04-15T17:58:29Z,19144085484974,3064,btc_qm_engine:btc_ptmc_rep_cold,6.0000000000
METRIC,2026-04-15T17:58:29Z,19144086597404,3064,btc_qm_engine:btc_ptmc_accept,1.0000000000
METRIC,2026-04-15T17:58:29Z,19144173816295,3064,btc_qm_engine:btc_ptmc_rep_hot,1.0000000000
METRIC,2026-04-15T17:58:29Z,19144174834585,3064,btc_qm_engine:btc_ptmc_rep_cold,0.0000000000
METRIC,2026-04-15T17:58:29Z,19144175952565,3064,btc_qm_engine:btc_ptmc_accept,1.0000000000
METRIC,2026-04-15T17:58:29Z,19144176670195,3064,btc_qm_engine:btc_ptmc_rep_hot,2.0000000000
METRIC,2026-04-15T17:58:29Z,19144177352445,3064,btc_qm_engine:btc_ptmc_rep_cold,1.0000000000
METRIC,2026-04-15T17:58:29Z,19144177732975,3064,btc_qm_engine:btc_ptmc_accept,0.7165140378
METRIC,2026-04-15T17:58:29Z,19144178309665,3064,btc_qm_engine:btc_ptmc_rep_hot,3.0000000000
METRIC,2026-04-15T17:58:29Z,19144178792145,3064,btc_qm_engine:btc_ptmc_rep_cold,2.0000000000
METRIC,2026-04-15T17:58:29Z,19144179309575,3064,btc_qm_engine:btc_ptmc_accept,1.0000000000
METRIC,2026-04-15T17:58:29Z,19144179882865,3064,btc_qm_engine:btc_ptmc_rep_hot,4.0000000000
METRIC,2026-04-15T17:58:29Z,19144180557875,3064,btc_qm_engine:btc_ptmc_rep_cold,3.0000000000
METRIC,2026-04-15T17:58:29Z,19144181251785,3064,btc_qm_engine:btc_ptmc_accept,1.0000000000
METRIC,2026-04-15T17:58:29Z,19144181958125,3064,btc_qm_engine:btc_ptmc_rep_hot,5.0000000000
METRIC,2026-04-15T17:58:29Z,19144182748455,3064,btc_qm_engine:btc_ptmc_rep_cold,4.0000000000
METRIC,2026-04-15T17:58:29Z,19144183831855,3064,btc_qm_engine:btc_ptmc_accept,1.0000000000
METRIC,2026-04-15T17:58:29Z,19144185513745,3064,btc_qm_engine:btc_ptmc_rep_hot,6.0000000000
METRIC,2026-04-15T17:58:29Z,19144186872285,3064,btc_qm_engine:btc_ptmc_rep_cold,5.0000000000
METRIC,2026-04-15T17:58:29Z,19144187703025,3064,btc_qm_engine:btc_ptmc_accept,1.0000000000
METRIC,2026-04-15T17:58:29Z,19144188287045,3064,btc_qm_engine:btc_ptmc_rep_hot,7.0000000000
METRIC,2026-04-15T17:58:29Z,19144188892775,3064,btc_qm_engine:btc_ptmc_rep_cold,6.0000000000
METRIC,2026-04-15T17:58:29Z,19144189710705,3064,btc_qm_engine:btc_ptmc_accept,1.0000000000
METRIC,2026-04-15T17:58:29Z,19144276440186,3064,btc_qm_engine:btc_ptmc_rep_hot,1.0000000000
METRIC,2026-04-15T17:58:29Z,19144277259946,3064,btc_qm_engine:btc_ptmc_rep_cold,0.0000000000
METRIC,2026-04-15T17:58:29Z,19144277771676,3064,btc_qm_engine:btc_ptmc_accept,1.0000000000
METRIC,2026-04-15T17:58:29Z,19144278362636,3064,btc_qm_engine:btc_ptmc_rep_hot,2.0000000000
METRIC,2026-04-15T17:58:29Z,19144278769436,3064,btc_qm_engine:btc_ptmc_rep_cold,1.0000000000
METRIC,2026-04-15T17:58:29Z,19144279198576,3064,btc_qm_engine:btc_ptmc_accept,1.0000000000
METRIC,2026-04-15T17:58:29Z,19144279678906,3064,btc_qm_engine:btc_ptmc_rep_hot,3.0000000000
METRIC,2026-04-15T17:58:29Z,19144280146236,3064,btc_qm_engine:btc_ptmc_rep_cold,2.0000000000
METRIC,2026-04-15T17:58:29Z,19144280524586,3064,btc_qm_engine:btc_ptmc_accept,1.0000000000
METRIC,2026-04-15T17:58:29Z,19144280995556,3064,btc_qm_engine:btc_ptmc_rep_hot,4.0000000000
METRIC,2026-04-15T17:58:29Z,19144281452516,3064,btc_qm_engine:btc_ptmc_rep_cold,3.0000000000
METRIC,2026-04-15T17:58:29Z,19144281923506,3064,btc_qm_engine:btc_ptmc_accept,0.8187343053
METRIC,2026-04-15T17:58:29Z,19144282500826,3064,btc_qm_engine:btc_ptmc_rep_hot,5.0000000000
METRIC,2026-04-15T17:58:29Z,19144283236356,3064,btc_qm_engine:btc_ptmc_rep_cold,4.0000000000
METRIC,2026-04-15T17:58:29Z,19144283863916,3064,btc_qm_engine:btc_ptmc_accept,0.8824983983
METRIC,2026-04-15T17:58:29Z,19144284500476,3064,btc_qm_engine:btc_ptmc_rep_hot,6.0000000000
METRIC,2026-04-15T17:58:29Z,19144285230636,3064,btc_qm_engine:btc_ptmc_rep_cold,5.0000000000
METRIC,2026-04-15T17:58:29Z,19144286139566,3064,btc_qm_engine:btc_ptmc_accept,0.9298549256
METRIC,2026-04-15T17:58:29Z,19144286957556,3064,btc_qm_engine:btc_ptmc_rep_hot,7.0000000000
METRIC,2026-04-15T17:58:29Z,19144287706956,3064,btc_qm_engine:btc_ptmc_rep_cold,6.0000000000
METRIC,2026-04-15T17:58:29Z,19144288444476,3064,btc_qm_engine:btc_ptmc_accept,0.9540303485
METRIC,2026-04-15T17:58:29Z,19144378398896,3064,btc_qm_engine:btc_ptmc_rep_hot,1.0000000000
METRIC,2026-04-15T17:58:29Z,19144378916646,3064,btc_qm_engine:btc_ptmc_rep_cold,0.0000000000
METRIC,2026-04-15T17:58:29Z,19144379581476,3064,btc_qm_engine:btc_ptmc_accept,0.5136174742
METRIC,2026-04-15T17:58:29Z,19144380278336,3064,btc_qm_engine:btc_ptmc_rep_hot,2.0000000000
METRIC,2026-04-15T17:58:29Z,19144380738486,3064,btc_qm_engine:btc_ptmc_rep_cold,1.0000000000
METRIC,2026-04-15T17:58:29Z,19144381181576,3064,btc_qm_engine:btc_ptmc_accept,1.0000000000
METRIC,2026-04-15T17:58:29Z,19144381673226,3064,btc_qm_engine:btc_ptmc_rep_hot,3.0000000000
METRIC,2026-04-15T17:58:29Z,19144382186356,3064,btc_qm_engine:btc_ptmc_rep_cold,2.0000000000
METRIC,2026-04-15T17:58:29Z,19144382837436,3064,btc_qm_engine:btc_ptmc_accept,0.8464931860
METRIC,2026-04-15T17:58:29Z,19144383390936,3064,btc_qm_engine:btc_ptmc_rep_hot,4.0000000000
METRIC,2026-04-15T17:58:29Z,19144383897206,3064,btc_qm_engine:btc_ptmc_rep_cold,3.0000000000
METRIC,2026-04-15T17:58:29Z,19144384494376,3064,btc_qm_engine:btc_ptmc_accept,0.9048418286
METRIC,2026-04-15T17:58:29Z,19144387661946,3064,btc_qm_engine:btc_ptmc_rep_hot,5.0000000000
METRIC,2026-04-15T17:58:29Z,19144388438306,3064,btc_qm_engine:btc_ptmc_rep_cold,4.0000000000
METRIC,2026-04-15T17:58:29Z,19144389127526,3064,btc_qm_engine:btc_ptmc_accept,0.9394148515
METRIC,2026-04-15T17:58:29Z,19144389852316,3064,btc_qm_engine:btc_ptmc_rep_hot,6.0000000000
METRIC,2026-04-15T17:58:29Z,19144390557436,3064,btc_qm_engine:btc_ptmc_rep_cold,5.0000000000
METRIC,2026-04-15T17:58:29Z,19144391483366,3064,btc_qm_engine:btc_ptmc_accept,0.9642902005
METRIC,2026-04-15T17:58:29Z,19144392346986,3064,btc_qm_engine:btc_ptmc_rep_hot,7.0000000000
METRIC,2026-04-15T17:58:29Z,19144393288896,3064,btc_qm_engine:btc_ptmc_rep_cold,6.0000000000
METRIC,2026-04-15T17:58:29Z,19144393947207,3064,btc_qm_engine:btc_ptmc_accept,1.0000000000
METRIC,2026-04-15T17:58:29Z,19144483115797,3064,btc_qm_engine:btc_ptmc_rep_hot,1.0000000000
METRIC,2026-04-15T17:58:29Z,19144483809377,3064,btc_qm_engine:btc_ptmc_rep_cold,0.0000000000
METRIC,2026-04-15T17:58:29Z,19144484489327,3064,btc_qm_engine:btc_ptmc_accept,1.0000000000
METRIC,2026-04-15T17:58:29Z,19144485065807,3064,btc_qm_engine:btc_ptmc_rep_hot,2.0000000000
METRIC,2026-04-15T17:58:29Z,19144485491957,3064,btc_qm_engine:btc_ptmc_rep_cold,1.0000000000
METRIC,2026-04-15T17:58:29Z,19144485895687,3064,btc_qm_engine:btc_ptmc_accept,1.0000000000
METRIC,2026-04-15T17:58:29Z,19144486575777,3064,btc_qm_engine:btc_ptmc_rep_hot,3.0000000000
METRIC,2026-04-15T17:58:29Z,19144487138057,3064,btc_qm_engine:btc_ptmc_rep_cold,2.0000000000
METRIC,2026-04-15T17:58:29Z,19144487737157,3064,btc_qm_engine:btc_ptmc_accept,0.8464909161
METRIC,2026-04-15T17:58:29Z,19144488375197,3064,btc_qm_engine:btc_ptmc_rep_hot,4.0000000000
METRIC,2026-04-15T17:58:29Z,19144488991777,3064,btc_qm_engine:btc_ptmc_rep_cold,3.0000000000
METRIC,2026-04-15T17:58:29Z,19144489631917,3064,btc_qm_engine:btc_ptmc_accept,1.0000000000
METRIC,2026-04-15T17:58:29Z,19144490311067,3064,btc_qm_engine:btc_ptmc_rep_hot,5.0000000000
METRIC,2026-04-15T17:58:29Z,19144490977467,3064,btc_qm_engine:btc_ptmc_rep_cold,4.0000000000
METRIC,2026-04-15T17:58:29Z,19144492011037,3064,btc_qm_engine:btc_ptmc_accept,1.0000000000
METRIC,2026-04-15T17:58:29Z,19144492638307,3064,btc_qm_engine:btc_ptmc_rep_hot,6.0000000000
METRIC,2026-04-15T17:58:29Z,19144493361807,3064,btc_qm_engine:btc_ptmc_rep_cold,5.0000000000
METRIC,2026-04-15T17:58:29Z,19144494485367,3064,btc_qm_engine:btc_ptmc_accept,1.0000000000
METRIC,2026-04-15T17:58:29Z,19144495469947,3064,btc_qm_engine:btc_ptmc_rep_hot,7.0000000000
METRIC,2026-04-15T17:58:29Z,19144496408707,3064,btc_qm_engine:btc_ptmc_rep_cold,6.0000000000
METRIC,2026-04-15T17:58:29Z,19144496975317,3064,btc_qm_engine:btc_ptmc_accept,1.0000000000
METRIC,2026-04-15T17:58:29Z,19144583652288,3064,btc_qm_engine:btc_ptmc_rep_hot,1.0000000000
METRIC,2026-04-15T17:58:29Z,19144584503698,3064,btc_qm_engine:btc_ptmc_rep_cold,0.0000000000
METRIC,2026-04-15T17:58:29Z,19144585107708,3064,btc_qm_engine:btc_ptmc_accept,1.0000000000
METRIC,2026-04-15T17:58:29Z,19144585810908,3064,btc_qm_engine:btc_ptmc_rep_hot,2.0000000000
METRIC,2026-04-15T17:58:29Z,19144586320608,3064,btc_qm_engine:btc_ptmc_rep_cold,1.0000000000
METRIC,2026-04-15T17:58:29Z,19144586805498,3064,btc_qm_engine:btc_ptmc_accept,1.0000000000
METRIC,2026-04-15T17:58:29Z,19144587367308,3064,btc_qm_engine:btc_ptmc_rep_hot,3.0000000000
METRIC,2026-04-15T17:58:29Z,19144587799628,3064,btc_qm_engine:btc_ptmc_rep_cold,2.0000000000
METRIC,2026-04-15T17:58:29Z,19144588208728,3064,btc_qm_engine:btc_ptmc_accept,1.0000000000
METRIC,2026-04-15T17:58:29Z,19144588715238,3064,btc_qm_engine:btc_ptmc_rep_hot,4.0000000000
METRIC,2026-04-15T17:58:29Z,19144589498578,3064,btc_qm_engine:btc_ptmc_rep_cold,3.0000000000
METRIC,2026-04-15T17:58:29Z,19144590139838,3064,btc_qm_engine:btc_ptmc_accept,1.0000000000
METRIC,2026-04-15T17:58:29Z,19144590845438,3064,btc_qm_engine:btc_ptmc_rep_hot,5.0000000000
METRIC,2026-04-15T17:58:29Z,19144591904608,3064,btc_qm_engine:btc_ptmc_rep_cold,4.0000000000
METRIC,2026-04-15T17:58:29Z,19144592975438,3064,btc_qm_engine:btc_ptmc_accept,1.0000000000
METRIC,2026-04-15T17:58:29Z,19144593804458,3064,btc_qm_engine:btc_ptmc_rep_hot,6.0000000000
METRIC,2026-04-15T17:58:29Z,19144594642708,3064,btc_qm_engine:btc_ptmc_rep_cold,5.0000000000
METRIC,2026-04-15T17:58:29Z,19144595687568,3064,btc_qm_engine:btc_ptmc_accept,1.0000000000
METRIC,2026-04-15T17:58:29Z,19144597014028,3064,btc_qm_engine:btc_ptmc_rep_hot,7.0000000000
METRIC,2026-04-15T17:58:29Z,19144597931738,3064,btc_qm_engine:btc_ptmc_rep_cold,6.0000000000
METRIC,2026-04-15T17:58:29Z,19144598739978,3064,btc_qm_engine:btc_ptmc_accept,1.0000000000
METRIC,2026-04-15T17:58:29Z,19144685822578,3064,btc_qm_engine:btc_ptmc_rep_hot,1.0000000000
METRIC,2026-04-15T17:58:29Z,19144686379808,3064,btc_qm_engine:btc_ptmc_rep_cold,0.0000000000
METRIC,2026-04-15T17:58:29Z,19144686872078,3064,btc_qm_engine:btc_ptmc_accept,-0.5134171190
METRIC,2026-04-15T17:58:29Z,19144687937098,3064,btc_qm_engine:btc_ptmc_rep_hot,2.0000000000
METRIC,2026-04-15T17:58:29Z,19144688387898,3064,btc_qm_engine:btc_ptmc_rep_cold,1.0000000000
METRIC,2026-04-15T17:58:29Z,19144688789488,3064,btc_qm_engine:btc_ptmc_accept,0.7165001846
METRIC,2026-04-15T17:58:29Z,19144689296838,3064,btc_qm_engine:btc_ptmc_rep_hot,3.0000000000
METRIC,2026-04-15T17:58:29Z,19144690102098,3064,btc_qm_engine:btc_ptmc_rep_cold,2.0000000000
METRIC,2026-04-15T17:58:29Z,19144690525208,3064,btc_qm_engine:btc_ptmc_accept,1.0000000000
METRIC,2026-04-15T17:58:29Z,19144691174588,3064,btc_qm_engine:btc_ptmc_rep_hot,4.0000000000
METRIC,2026-04-15T17:58:29Z,19144691806778,3064,btc_qm_engine:btc_ptmc_rep_cold,3.0000000000
METRIC,2026-04-15T17:58:29Z,19144692406498,3064,btc_qm_engine:btc_ptmc_accept,1.0000000000
METRIC,2026-04-15T17:58:29Z,19144693087858,3064,btc_qm_engine:btc_ptmc_rep_hot,5.0000000000
METRIC,2026-04-15T17:58:29Z,19144693774698,3064,btc_qm_engine:btc_ptmc_rep_cold,4.0000000000
METRIC,2026-04-15T17:58:29Z,19144694470478,3064,btc_qm_engine:btc_ptmc_accept,1.0000000000
METRIC,2026-04-15T17:58:29Z,19144695101978,3064,btc_qm_engine:btc_ptmc_rep_hot,6.0000000000
METRIC,2026-04-15T17:58:29Z,19144696116348,3064,btc_qm_engine:btc_ptmc_rep_cold,5.0000000000
METRIC,2026-04-15T17:58:29Z,19144696831428,3064,btc_qm_engine:btc_ptmc_accept,0.9642890805
METRIC,2026-04-15T17:58:29Z,19144697724309,3064,btc_qm_engine:btc_ptmc_rep_hot,7.0000000000
METRIC,2026-04-15T17:58:29Z,19144698680319,3064,btc_qm_engine:btc_ptmc_rep_cold,6.0000000000
METRIC,2026-04-15T17:58:29Z,19144699645688,3064,btc_qm_engine:btc_ptmc_accept,0.9767450351
METRIC,2026-04-15T17:58:29Z,19144789273109,3064,btc_qm_engine:btc_ptmc_rep_hot,1.0000000000
METRIC,2026-04-15T17:58:29Z,19144789979879,3064,btc_qm_engine:btc_ptmc_rep_cold,0.0000000000
METRIC,2026-04-15T17:58:29Z,19144790676429,3064,btc_qm_engine:btc_ptmc_accept,1.0000000000
METRIC,2026-04-15T17:58:29Z,19144791396949,3064,btc_qm_engine:btc_ptmc_rep_hot,2.0000000000
METRIC,2026-04-15T17:58:29Z,19144791877209,3064,btc_qm_engine:btc_ptmc_rep_cold,1.0000000000
METRIC,2026-04-15T17:58:29Z,19144792303479,3064,btc_qm_engine:btc_ptmc_accept,1.0000000000
METRIC,2026-04-15T17:58:29Z,19144792748559,3064,btc_qm_engine:btc_ptmc_rep_hot,3.0000000000
METRIC,2026-04-15T17:58:29Z,19144793254899,3064,btc_qm_engine:btc_ptmc_rep_cold,2.0000000000
METRIC,2026-04-15T17:58:29Z,19144793692549,3064,btc_qm_engine:btc_ptmc_accept,1.0000000000
METRIC,2026-04-15T17:58:29Z,19144794287969,3064,btc_qm_engine:btc_ptmc_rep_hot,4.0000000000
METRIC,2026-04-15T17:58:29Z,19144794791189,3064,btc_qm_engine:btc_ptmc_rep_cold,3.0000000000
METRIC,2026-04-15T17:58:29Z,19144795348619,3064,btc_qm_engine:btc_ptmc_accept,-0.4493114411
METRIC,2026-04-15T17:58:29Z,19144796163799,3064,btc_qm_engine:btc_ptmc_rep_hot,5.0000000000
METRIC,2026-04-15T17:58:29Z,19144796794379,3064,btc_qm_engine:btc_ptmc_rep_cold,4.0000000000
METRIC,2026-04-15T17:58:29Z,19144797358519,3064,btc_qm_engine:btc_ptmc_accept,0.9394112740
METRIC,2026-04-15T17:58:29Z,19144798106029,3064,btc_qm_engine:btc_ptmc_rep_hot,6.0000000000
METRIC,2026-04-15T17:58:29Z,19144799007549,3064,btc_qm_engine:btc_ptmc_rep_cold,5.0000000000
METRIC,2026-04-15T17:58:29Z,19144799910949,3064,btc_qm_engine:btc_ptmc_accept,0.9642889574
METRIC,2026-04-15T17:58:29Z,19144800848039,3064,btc_qm_engine:btc_ptmc_rep_hot,7.0000000000
METRIC,2026-04-15T17:58:29Z,19144801742699,3064,btc_qm_engine:btc_ptmc_rep_cold,6.0000000000
METRIC,2026-04-15T17:58:29Z,19144802389409,3064,btc_qm_engine:btc_ptmc_accept,1.0000000000
METRIC,2026-04-15T17:58:30Z,19144890750180,3064,btc_qm_engine:btc_ptmc_rep_hot,1.0000000000
METRIC,2026-04-15T17:58:30Z,19144891603910,3064,btc_qm_engine:btc_ptmc_rep_cold,0.0000000000
METRIC,2026-04-15T17:58:30Z,19144892297550,3064,btc_qm_engine:btc_ptmc_accept,0.5136174742
METRIC,2026-04-15T17:58:30Z,19144892933220,3064,btc_qm_engine:btc_ptmc_rep_hot,2.0000000000
METRIC,2026-04-15T17:58:30Z,19144893473770,3064,btc_qm_engine:btc_ptmc_rep_cold,1.0000000000
METRIC,2026-04-15T17:58:30Z,19144893954690,3064,btc_qm_engine:btc_ptmc_accept,0.7165140378
METRIC,2026-04-15T17:58:30Z,19144894565800,3064,btc_qm_engine:btc_ptmc_rep_hot,3.0000000000
METRIC,2026-04-15T17:58:30Z,19144895093450,3064,btc_qm_engine:btc_ptmc_rep_cold,2.0000000000
METRIC,2026-04-15T17:58:30Z,19144895581870,3064,btc_qm_engine:btc_ptmc_accept,0.8464766237
METRIC,2026-04-15T17:58:30Z,19144896211590,3064,btc_qm_engine:btc_ptmc_rep_hot,4.0000000000
METRIC,2026-04-15T17:58:30Z,19144896722220,3064,btc_qm_engine:btc_ptmc_rep_cold,3.0000000000
METRIC,2026-04-15T17:58:30Z,19144897259290,3064,btc_qm_engine:btc_ptmc_accept,0.9048354550
METRIC,2026-04-15T17:58:30Z,19144898193600,3064,btc_qm_engine:btc_ptmc_rep_hot,5.0000000000
METRIC,2026-04-15T17:58:30Z,19144899600320,3064,btc_qm_engine:btc_ptmc_rep_cold,4.0000000000
METRIC,2026-04-15T17:58:30Z,19144900679990,3064,btc_qm_engine:btc_ptmc_accept,0.9394122667
METRIC,2026-04-15T17:58:30Z,19144901628280,3064,btc_qm_engine:btc_ptmc_rep_hot,6.0000000000
METRIC,2026-04-15T17:58:30Z,19144902440260,3064,btc_qm_engine:btc_ptmc_rep_cold,5.0000000000
METRIC,2026-04-15T17:58:30Z,19144903515430,3064,btc_qm_engine:btc_ptmc_accept,1.0000000000
METRIC,2026-04-15T17:58:30Z,19144904430280,3064,btc_qm_engine:btc_ptmc_rep_hot,7.0000000000
METRIC,2026-04-15T17:58:30Z,19144905424720,3064,btc_qm_engine:btc_ptmc_rep_cold,6.0000000000
METRIC,2026-04-15T17:58:30Z,19144906096230,3064,btc_qm_engine:btc_ptmc_accept,1.0000000000
METRIC,2026-04-15T17:58:30Z,19144967073870,3064,btc_qm_engine:btc_block_nonce,4096061609.0000000000
METRIC,2026-04-15T17:58:30Z,19144967585460,3064,btc_qm_engine:btc_best_leading_zeros,19.0000000000
METRIC,2026-04-15T17:58:30Z,19144968092980,3064,btc_qm_engine:btc_block_valid,0.0000000000
ANOMALY,2026-04-15T17:58:30Z,19144968509660,3064,btc_qm_engine:btc_near_miss_or_valid,19.0000000000
METRIC,2026-04-15T17:58:30Z,19144968948860,3064,btc_qm_engine:btc_best_leading_zeros,19.0000000000
METRIC,2026-04-15T17:58:30Z,19144969713200,3064,btc_qm_engine:btc_nx48_csv_saved,1.0000000000
METRIC,2026-04-15T17:58:30Z,19144970290610,3064,btc_qm_engine:btc_block_nonce,3332167531.0000000000
METRIC,2026-04-15T17:58:30Z,19144971152220,3064,btc_qm_engine:btc_best_leading_zeros,20.0000000000
METRIC,2026-04-15T17:58:30Z,19144971696180,3064,btc_qm_engine:btc_block_valid,0.0000000000
ANOMALY,2026-04-15T17:58:30Z,19144972604160,3064,btc_qm_engine:btc_near_miss_or_valid,20.0000000000
METRIC,2026-04-15T17:58:30Z,19144973190470,3064,btc_qm_engine:btc_best_leading_zeros,20.0000000000
METRIC,2026-04-15T17:58:30Z,19144974254980,3064,btc_qm_engine:btc_nx48_csv_saved,1.0000000000
METRIC,2026-04-15T17:58:30Z,19144991944210,3064,btc_qm_engine:btc_ptmc_rep_hot,1.0000000000
METRIC,2026-04-15T17:58:30Z,19144992586740,3064,btc_qm_engine:btc_ptmc_rep_cold,0.0000000000
METRIC,2026-04-15T17:58:30Z,19144993262150,3064,btc_qm_engine:btc_ptmc_accept,-0.5136669338
METRIC,2026-04-15T17:58:30Z,19144993842100,3064,btc_qm_engine:btc_ptmc_rep_hot,2.0000000000
METRIC,2026-04-15T17:58:30Z,19144994418630,3064,btc_qm_engine:btc_ptmc_rep_cold,1.0000000000
METRIC,2026-04-15T17:58:30Z,19144994895950,3064,btc_qm_engine:btc_ptmc_accept,-0.3679060430
METRIC,2026-04-15T17:58:30Z,19144995506540,3064,btc_qm_engine:btc_ptmc_rep_hot,3.0000000000
METRIC,2026-04-15T17:58:30Z,19144996115630,3064,btc_qm_engine:btc_ptmc_rep_cold,2.0000000000
METRIC,2026-04-15T17:58:30Z,19144996602620,3064,btc_qm_engine:btc_ptmc_accept,1.0000000000
METRIC,2026-04-15T17:58:30Z,19144997279500,3064,btc_qm_engine:btc_ptmc_rep_hot,4.0000000000
METRIC,2026-04-15T17:58:30Z,19144997832610,3064,btc_qm_engine:btc_ptmc_rep_cold,3.0000000000
METRIC,2026-04-15T17:58:30Z,19144998531950,3064,btc_qm_engine:btc_ptmc_accept,0.8187343053
METRIC,2026-04-15T17:58:30Z,19144999454740,3064,btc_qm_engine:btc_ptmc_rep_hot,5.0000000000
METRIC,2026-04-15T17:58:30Z,19145000256600,3064,btc_qm_engine:btc_ptmc_rep_cold,4.0000000000
METRIC,2026-04-15T17:58:30Z,19145001393590,3064,btc_qm_engine:btc_ptmc_accept,0.9394138589
METRIC,2026-04-15T17:58:30Z,19145002215000,3064,btc_qm_engine:btc_ptmc_rep_hot,6.0000000000
METRIC,2026-04-15T17:58:30Z,19145003307130,3064,btc_qm_engine:btc_ptmc_rep_cold,5.0000000000
METRIC,2026-04-15T17:58:30Z,19145004145170,3064,btc_qm_engine:btc_ptmc_accept,0.9642898556
METRIC,2026-04-15T17:58:30Z,19145005123991,3064,btc_qm_engine:btc_ptmc_rep_hot,7.0000000000
METRIC,2026-04-15T17:58:30Z,19145006077370,3064,btc_qm_engine:btc_ptmc_rep_cold,6.0000000000
METRIC,2026-04-15T17:58:30Z,19145006663390,3064,btc_qm_engine:btc_ptmc_accept,0.9767447714
METRIC,2026-04-15T17:58:30Z,19145096467831,3064,btc_qm_engine:btc_ptmc_rep_hot,1.0000000000
METRIC,2026-04-15T17:58:30Z,19145097131041,3064,btc_qm_engine:btc_ptmc_rep_cold,0.0000000000
METRIC,2026-04-15T17:58:30Z,19145097886661,3064,btc_qm_engine:btc_ptmc_accept,1.0000000000
METRIC,2026-04-15T17:58:30Z,19145098650041,3064,btc_qm_engine:btc_ptmc_rep_hot,2.0000000000
METRIC,2026-04-15T17:58:30Z,19145099235611,3064,btc_qm_engine:btc_ptmc_rep_cold,1.0000000000
METRIC,2026-04-15T17:58:30Z,19145099723411,3064,btc_qm_engine:btc_ptmc_accept,0.7165701146
METRIC,2026-04-15T17:58:30Z,19145100373881,3064,btc_qm_engine:btc_ptmc_rep_hot,3.0000000000
METRIC,2026-04-15T17:58:30Z,19145100980801,3064,btc_qm_engine:btc_ptmc_rep_cold,2.0000000000
METRIC,2026-04-15T17:58:30Z,19145101417371,3064,btc_qm_engine:btc_ptmc_accept,1.0000000000
METRIC,2026-04-15T17:58:30Z,19145102011921,3064,btc_qm_engine:btc_ptmc_rep_hot,4.0000000000
METRIC,2026-04-15T17:58:30Z,19145102600651,3064,btc_qm_engine:btc_ptmc_rep_cold,3.0000000000
METRIC,2026-04-15T17:58:30Z,19145103264591,3064,btc_qm_engine:btc_ptmc_accept,1.0000000000
METRIC,2026-04-15T17:58:30Z,19145103930521,3064,btc_qm_engine:btc_ptmc_rep_hot,5.0000000000
METRIC,2026-04-15T17:58:30Z,19145104976531,3064,btc_qm_engine:btc_ptmc_rep_cold,4.0000000000
METRIC,2026-04-15T17:58:30Z,19145105895331,3064,btc_qm_engine:btc_ptmc_accept,1.0000000000
METRIC,2026-04-15T17:58:30Z,19145106552691,3064,btc_qm_engine:btc_ptmc_rep_hot,6.0000000000
METRIC,2026-04-15T17:58:30Z,19145107460861,3064,btc_qm_engine:btc_ptmc_rep_cold,5.0000000000
METRIC,2026-04-15T17:58:30Z,19145108103201,3064,btc_qm_engine:btc_ptmc_accept,1.0000000000
METRIC,2026-04-15T17:58:30Z,19145108767421,3064,btc_qm_engine:btc_ptmc_rep_hot,7.0000000000
METRIC,2026-04-15T17:58:30Z,19145109751011,3064,btc_qm_engine:btc_ptmc_rep_cold,6.0000000000
METRIC,2026-04-15T17:58:30Z,19145110736561,3064,btc_qm_engine:btc_ptmc_accept,1.0000000000
METRIC,2026-04-15T17:58:30Z,19145204488382,3064,btc_qm_engine:btc_ptmc_rep_hot,1.0000000000
METRIC,2026-04-15T17:58:30Z,19145205206412,3064,btc_qm_engine:btc_ptmc_rep_cold,0.0000000000
METRIC,2026-04-15T17:58:30Z,19145205761092,3064,btc_qm_engine:btc_ptmc_accept,-0.5135063048
METRIC,2026-04-15T17:58:30Z,19145206392672,3064,btc_qm_engine:btc_ptmc_rep_hot,2.0000000000
METRIC,2026-04-15T17:58:30Z,19145206825512,3064,btc_qm_engine:btc_ptmc_rep_cold,1.0000000000
METRIC,2026-04-15T17:58:30Z,19145207305562,3064,btc_qm_engine:btc_ptmc_accept,0.7165624298
METRIC,2026-04-15T17:58:30Z,19145207888252,3064,btc_qm_engine:btc_ptmc_rep_hot,3.0000000000
METRIC,2026-04-15T17:58:30Z,19145208473682,3064,btc_qm_engine:btc_ptmc_rep_cold,2.0000000000
METRIC,2026-04-15T17:58:30Z,19145208847872,3064,btc_qm_engine:btc_ptmc_accept,1.0000000000
METRIC,2026-04-15T17:58:30Z,19145209379612,3064,btc_qm_engine:btc_ptmc_rep_hot,4.0000000000
METRIC,2026-04-15T17:58:30Z,19145209814962,3064,btc_qm_engine:btc_ptmc_rep_cold,3.0000000000
METRIC,2026-04-15T17:58:30Z,19145210277602,3064,btc_qm_engine:btc_ptmc_accept,1.0000000000
METRIC,2026-04-15T17:58:30Z,19145210803572,3064,btc_qm_engine:btc_ptmc_rep_hot,5.0000000000
METRIC,2026-04-15T17:58:30Z,19145211555092,3064,btc_qm_engine:btc_ptmc_rep_cold,4.0000000000
METRIC,2026-04-15T17:58:30Z,19145212273662,3064,btc_qm_engine:btc_ptmc_accept,1.0000000000
METRIC,2026-04-15T17:58:30Z,19145212924392,3064,btc_qm_engine:btc_ptmc_rep_hot,6.0000000000
METRIC,2026-04-15T17:58:30Z,19145213750362,3064,btc_qm_engine:btc_ptmc_rep_cold,5.0000000000
METRIC,2026-04-15T17:58:30Z,19145214796132,3064,btc_qm_engine:btc_ptmc_accept,1.0000000000
METRIC,2026-04-15T17:58:30Z,19145215436512,3064,btc_qm_engine:btc_ptmc_rep_hot,7.0000000000
METRIC,2026-04-15T17:58:30Z,19145216158882,3064,btc_qm_engine:btc_ptmc_rep_cold,6.0000000000
METRIC,2026-04-15T17:58:30Z,19145216942552,3064,btc_qm_engine:btc_ptmc_accept,1.0000000000
METRIC,2026-04-15T17:58:30Z,19145305403672,3064,btc_qm_engine:btc_ptmc_rep_hot,1.0000000000
METRIC,2026-04-15T17:58:30Z,19145306157372,3064,btc_qm_engine:btc_ptmc_rep_cold,0.0000000000
METRIC,2026-04-15T17:58:30Z,19145306703122,3064,btc_qm_engine:btc_ptmc_accept,-0.2635971381
METRIC,2026-04-15T17:58:30Z,19145307430572,3064,btc_qm_engine:btc_ptmc_rep_hot,2.0000000000
METRIC,2026-04-15T17:58:30Z,19145308011842,3064,btc_qm_engine:btc_ptmc_rep_cold,1.0000000000
METRIC,2026-04-15T17:58:30Z,19145308409612,3064,btc_qm_engine:btc_ptmc_accept,1.0000000000
METRIC,2026-04-15T17:58:30Z,19145308880502,3064,btc_qm_engine:btc_ptmc_rep_hot,3.0000000000
METRIC,2026-04-15T17:58:30Z,19145309354852,3064,btc_qm_engine:btc_ptmc_rep_cold,2.0000000000
METRIC,2026-04-15T17:58:30Z,19145309739272,3064,btc_qm_engine:btc_ptmc_accept,1.0000000000
METRIC,2026-04-15T17:58:30Z,19145310292602,3064,btc_qm_engine:btc_ptmc_rep_hot,4.0000000000
METRIC,2026-04-15T17:58:30Z,19145310899972,3064,btc_qm_engine:btc_ptmc_rep_cold,3.0000000000
METRIC,2026-04-15T17:58:30Z,19145311416002,3064,btc_qm_engine:btc_ptmc_accept,1.0000000000
METRIC,2026-04-15T17:58:30Z,19145312239613,3064,btc_qm_engine:btc_ptmc_rep_hot,5.0000000000
METRIC,2026-04-15T17:58:30Z,19145312959812,3064,btc_qm_engine:btc_ptmc_rep_cold,4.0000000000
METRIC,2026-04-15T17:58:30Z,19145313775672,3064,btc_qm_engine:btc_ptmc_accept,1.0000000000
METRIC,2026-04-15T17:58:30Z,19145314704592,3064,btc_qm_engine:btc_ptmc_rep_hot,6.0000000000
METRIC,2026-04-15T17:58:30Z,19145315593612,3064,btc_qm_engine:btc_ptmc_rep_cold,5.0000000000
METRIC,2026-04-15T17:58:30Z,19145316497852,3064,btc_qm_engine:btc_ptmc_accept,0.9642895790
METRIC,2026-04-15T17:58:30Z,19145317386893,3064,btc_qm_engine:btc_ptmc_rep_hot,7.0000000000
METRIC,2026-04-15T17:58:30Z,19145318278543,3064,btc_qm_engine:btc_ptmc_rep_cold,6.0000000000
METRIC,2026-04-15T17:58:30Z,19145319064143,3064,btc_qm_engine:btc_ptmc_accept,0.9767452464
METRIC,2026-04-15T17:58:30Z,19145407831813,3064,btc_qm_engine:btc_ptmc_rep_hot,1.0000000000
METRIC,2026-04-15T17:58:30Z,19145408368213,3064,btc_qm_engine:btc_ptmc_rep_cold,0.0000000000
METRIC,2026-04-15T17:58:30Z,19145408821973,3064,btc_qm_engine:btc_ptmc_accept,1.0000000000
METRIC,2026-04-15T17:58:30Z,19145409440523,3064,btc_qm_engine:btc_ptmc_rep_hot,2.0000000000
METRIC,2026-04-15T17:58:30Z,19145409950413,3064,btc_qm_engine:btc_ptmc_rep_cold,1.0000000000
METRIC,2026-04-15T17:58:30Z,19145410471413,3064,btc_qm_engine:btc_ptmc_accept,1.0000000000
METRIC,2026-04-15T17:58:30Z,19145410992663,3064,btc_qm_engine:btc_ptmc_rep_hot,3.0000000000
METRIC,2026-04-15T17:58:30Z,19145411544683,3064,btc_qm_engine:btc_ptmc_rep_cold,2.0000000000
METRIC,2026-04-15T17:58:30Z,19145412068803,3064,btc_qm_engine:btc_ptmc_accept,1.0000000000
METRIC,2026-04-15T17:58:30Z,19145412688773,3064,btc_qm_engine:btc_ptmc_rep_hot,4.0000000000
METRIC,2026-04-15T17:58:30Z,19145413173063,3064,btc_qm_engine:btc_ptmc_rep_cold,3.0000000000
METRIC,2026-04-15T17:58:30Z,19145413615513,3064,btc_qm_engine:btc_ptmc_accept,1.0000000000
METRIC,2026-04-15T17:58:30Z,19145414290223,3064,btc_qm_engine:btc_ptmc_rep_hot,5.0000000000
METRIC,2026-04-15T17:58:30Z,19145415404763,3064,btc_qm_engine:btc_ptmc_rep_cold,4.0000000000
METRIC,2026-04-15T17:58:30Z,19145415935303,3064,btc_qm_engine:btc_ptmc_accept,0.8824942074
METRIC,2026-04-15T17:58:30Z,19145416549863,3064,btc_qm_engine:btc_ptmc_rep_hot,6.0000000000
METRIC,2026-04-15T17:58:30Z,19145417117413,3064,btc_qm_engine:btc_ptmc_rep_cold,5.0000000000
METRIC,2026-04-15T17:58:30Z,19145417677053,3064,btc_qm_engine:btc_ptmc_accept,0.9298534308
METRIC,2026-04-15T17:58:30Z,19145418476493,3064,btc_qm_engine:btc_ptmc_rep_hot,7.0000000000
METRIC,2026-04-15T17:58:30Z,19145419132243,3064,btc_qm_engine:btc_ptmc_rep_cold,6.0000000000
METRIC,2026-04-15T17:58:30Z,19145419727153,3064,btc_qm_engine:btc_ptmc_accept,0.9767450351
METRIC,2026-04-15T17:58:30Z,19145509962364,3064,btc_qm_engine:btc_ptmc_rep_hot,1.0000000000
METRIC,2026-04-15T17:58:30Z,19145510722384,3064,btc_qm_engine:btc_ptmc_rep_cold,0.0000000000
METRIC,2026-04-15T17:58:30Z,19145511323414,3064,btc_qm_engine:btc_ptmc_accept,0.5135063048
METRIC,2026-04-15T17:58:30Z,19145511912884,3064,btc_qm_engine:btc_ptmc_rep_hot,2.0000000000
METRIC,2026-04-15T17:58:30Z,19145512430324,3064,btc_qm_engine:btc_ptmc_rep_cold,1.0000000000
METRIC,2026-04-15T17:58:30Z,19145512816444,3064,btc_qm_engine:btc_ptmc_accept,1.0000000000
METRIC,2026-04-15T17:58:30Z,19145513451884,3064,btc_qm_engine:btc_ptmc_rep_hot,3.0000000000
METRIC,2026-04-15T17:58:30Z,19145513933524,3064,btc_qm_engine:btc_ptmc_rep_cold,2.0000000000
METRIC,2026-04-15T17:58:30Z,19145514376514,3064,btc_qm_engine:btc_ptmc_accept,0.8464702621
METRIC,2026-04-15T17:58:30Z,19145514862224,3064,btc_qm_engine:btc_ptmc_rep_hot,4.0000000000
METRIC,2026-04-15T17:58:30Z,19145515457284,3064,btc_qm_engine:btc_ptmc_rep_cold,3.0000000000
METRIC,2026-04-15T17:58:30Z,19145515994894,3064,btc_qm_engine:btc_ptmc_accept,1.0000000000
METRIC,2026-04-15T17:58:30Z,19145516617174,3064,btc_qm_engine:btc_ptmc_rep_hot,5.0000000000
METRIC,2026-04-15T17:58:30Z,19145517432334,3064,btc_qm_engine:btc_ptmc_rep_cold,4.0000000000
METRIC,2026-04-15T17:58:30Z,19145518231304,3064,btc_qm_engine:btc_ptmc_accept,1.0000000000
METRIC,2026-04-15T17:58:30Z,19145518934334,3064,btc_qm_engine:btc_ptmc_rep_hot,6.0000000000
METRIC,2026-04-15T17:58:30Z,19145520310374,3064,btc_qm_engine:btc_ptmc_rep_cold,5.0000000000
METRIC,2026-04-15T17:58:30Z,19145521165434,3064,btc_qm_engine:btc_ptmc_accept,1.0000000000
METRIC,2026-04-15T17:58:30Z,19145521696034,3064,btc_qm_engine:btc_ptmc_rep_hot,7.0000000000
METRIC,2026-04-15T17:58:30Z,19145522235674,3064,btc_qm_engine:btc_ptmc_rep_cold,6.0000000000
METRIC,2026-04-15T17:58:30Z,19145522975414,3064,btc_qm_engine:btc_ptmc_accept,1.0000000000
METRIC,2026-04-15T17:58:30Z,19145614602134,3064,btc_qm_engine:btc_ptmc_rep_hot,1.0000000000
METRIC,2026-04-15T17:58:30Z,19145615364174,3064,btc_qm_engine:btc_ptmc_rep_cold,0.0000000000
METRIC,2026-04-15T17:58:30Z,19145615965544,3064,btc_qm_engine:btc_ptmc_accept,1.0000000000
METRIC,2026-04-15T17:58:30Z,19145616608444,3064,btc_qm_engine:btc_ptmc_rep_hot,2.0000000000
METRIC,2026-04-15T17:58:30Z,19145617145014,3064,btc_qm_engine:btc_ptmc_rep_cold,1.0000000000
METRIC,2026-04-15T17:58:30Z,19145617725894,3064,btc_qm_engine:btc_ptmc_accept,0.5133923664
METRIC,2026-04-15T17:58:30Z,19145618393524,3064,btc_qm_engine:btc_ptmc_rep_hot,3.0000000000
METRIC,2026-04-15T17:58:30Z,19145618865275,3064,btc_qm_engine:btc_ptmc_rep_cold,2.0000000000
METRIC,2026-04-15T17:58:30Z,19145619337535,3064,btc_qm_engine:btc_ptmc_accept,0.8464766237
METRIC,2026-04-15T17:58:30Z,19145619926324,3064,btc_qm_engine:btc_ptmc_rep_hot,4.0000000000
METRIC,2026-04-15T17:58:30Z,19145620511065,3064,btc_qm_engine:btc_ptmc_rep_cold,3.0000000000
METRIC,2026-04-15T17:58:30Z,19145621169545,3064,btc_qm_engine:btc_ptmc_accept,1.0000000000
METRIC,2026-04-15T17:58:30Z,19145621799305,3064,btc_qm_engine:btc_ptmc_rep_hot,5.0000000000
METRIC,2026-04-15T17:58:30Z,19145622738574,3064,btc_qm_engine:btc_ptmc_rep_cold,4.0000000000
METRIC,2026-04-15T17:58:30Z,19145623703295,3064,btc_qm_engine:btc_ptmc_accept,1.0000000000
METRIC,2026-04-15T17:58:30Z,19145624536625,3064,btc_qm_engine:btc_ptmc_rep_hot,6.0000000000
METRIC,2026-04-15T17:58:30Z,19145625546155,3064,btc_qm_engine:btc_ptmc_rep_cold,5.0000000000
METRIC,2026-04-15T17:58:30Z,19145626589055,3064,btc_qm_engine:btc_ptmc_accept,1.0000000000
METRIC,2026-04-15T17:58:30Z,19145627769595,3064,btc_qm_engine:btc_ptmc_rep_hot,7.0000000000
METRIC,2026-04-15T17:58:30Z,19145628626885,3064,btc_qm_engine:btc_ptmc_rep_cold,6.0000000000
METRIC,2026-04-15T17:58:30Z,19145629475945,3064,btc_qm_engine:btc_ptmc_accept,1.0000000000
METRIC,2026-04-15T17:58:30Z,19145719775845,3064,btc_qm_engine:btc_ptmc_rep_hot,1.0000000000
METRIC,2026-04-15T17:58:30Z,19145720525575,3064,btc_qm_engine:btc_ptmc_rep_cold,0.0000000000
METRIC,2026-04-15T17:58:30Z,19145721071005,3064,btc_qm_engine:btc_ptmc_accept,1.0000000000
METRIC,2026-04-15T17:58:30Z,19145721821755,3064,btc_qm_engine:btc_ptmc_rep_hot,2.0000000000
METRIC,2026-04-15T17:58:30Z,19145722428425,3064,btc_qm_engine:btc_ptmc_rep_cold,1.0000000000
METRIC,2026-04-15T17:58:30Z,19145722914915,3064,btc_qm_engine:btc_ptmc_accept,1.0000000000
METRIC,2026-04-15T17:58:30Z,19145723566335,3064,btc_qm_engine:btc_ptmc_rep_hot,3.0000000000
METRIC,2026-04-15T17:58:30Z,19145724171705,3064,btc_qm_engine:btc_ptmc_rep_cold,2.0000000000
METRIC,2026-04-15T17:58:30Z,19145724652835,3064,btc_qm_engine:btc_ptmc_accept,1.0000000000
METRIC,2026-04-15T17:58:30Z,19145725393885,3064,btc_qm_engine:btc_ptmc_rep_hot,4.0000000000
METRIC,2026-04-15T17:58:30Z,19145726233725,3064,btc_qm_engine:btc_ptmc_rep_cold,3.0000000000
METRIC,2026-04-15T17:58:30Z,19145726857605,3064,btc_qm_engine:btc_ptmc_accept,1.0000000000
METRIC,2026-04-15T17:58:30Z,19145727573975,3064,btc_qm_engine:btc_ptmc_rep_hot,5.0000000000
METRIC,2026-04-15T17:58:30Z,19145728725515,3064,btc_qm_engine:btc_ptmc_rep_cold,4.0000000000
METRIC,2026-04-15T17:58:30Z,19145729982105,3064,btc_qm_engine:btc_ptmc_accept,1.0000000000
METRIC,2026-04-15T17:58:30Z,19145730930105,3064,btc_qm_engine:btc_ptmc_rep_hot,6.0000000000
METRIC,2026-04-15T17:58:30Z,19145731950755,3064,btc_qm_engine:btc_ptmc_rep_cold,5.0000000000
METRIC,2026-04-15T17:58:30Z,19145733126715,3064,btc_qm_engine:btc_ptmc_accept,1.0000000000
METRIC,2026-04-15T17:58:30Z,19145734079505,3064,btc_qm_engine:btc_ptmc_rep_hot,7.0000000000
METRIC,2026-04-15T17:58:30Z,19145734568235,3064,btc_qm_engine:btc_ptmc_rep_cold,6.0000000000
METRIC,2026-04-15T17:58:30Z,19145735187365,3064,btc_qm_engine:btc_ptmc_accept,1.0000000000
METRIC,2026-04-15T17:58:30Z,19145822063896,3064,btc_qm_engine:btc_ptmc_rep_hot,1.0000000000
METRIC,2026-04-15T17:58:30Z,19145822670076,3064,btc_qm_engine:btc_ptmc_rep_cold,0.0000000000
METRIC,2026-04-15T17:58:30Z,19145823191686,3064,btc_qm_engine:btc_ptmc_accept,1.0000000000
METRIC,2026-04-15T17:58:30Z,19145823756736,3064,btc_qm_engine:btc_ptmc_rep_hot,2.0000000000
METRIC,2026-04-15T17:58:30Z,19145824310916,3064,btc_qm_engine:btc_ptmc_rep_cold,1.0000000000
METRIC,2026-04-15T17:58:30Z,19145824750766,3064,btc_qm_engine:btc_ptmc_accept,0.7165701146
METRIC,2026-04-15T17:58:30Z,19145825366296,3064,btc_qm_engine:btc_ptmc_rep_hot,3.0000000000
METRIC,2026-04-15T17:58:30Z,19145825833946,3064,btc_qm_engine:btc_ptmc_rep_cold,2.0000000000
METRIC,2026-04-15T17:58:30Z,19145826324046,3064,btc_qm_engine:btc_ptmc_accept,1.0000000000
METRIC,2026-04-15T17:58:30Z,19145826855876,3064,btc_qm_engine:btc_ptmc_rep_hot,4.0000000000
METRIC,2026-04-15T17:58:30Z,19145827358426,3064,btc_qm_engine:btc_ptmc_rep_cold,3.0000000000
METRIC,2026-04-15T17:58:30Z,19145827766096,3064,btc_qm_engine:btc_ptmc_accept,1.0000000000
METRIC,2026-04-15T17:58:30Z,19145828469206,3064,btc_qm_engine:btc_ptmc_rep_hot,5.0000000000
METRIC,2026-04-15T17:58:30Z,19145829499006,3064,btc_qm_engine:btc_ptmc_rep_cold,4.0000000000
METRIC,2026-04-15T17:58:30Z,19145830602696,3064,btc_qm_engine:btc_ptmc_accept,0.9394148515
METRIC,2026-04-15T17:58:30Z,19145831428576,3064,btc_qm_engine:btc_ptmc_rep_hot,6.0000000000
METRIC,2026-04-15T17:58:30Z,19145832361966,3064,btc_qm_engine:btc_ptmc_rep_cold,5.0000000000
METRIC,2026-04-15T17:58:30Z,19145833383396,3064,btc_qm_engine:btc_ptmc_accept,0.9642902005
METRIC,2026-04-15T17:58:30Z,19145834534746,3064,btc_qm_engine:btc_ptmc_rep_hot,7.0000000000
METRIC,2026-04-15T17:58:30Z,19145835476726,3064,btc_qm_engine:btc_ptmc_rep_cold,6.0000000000
METRIC,2026-04-15T17:58:30Z,19145836494446,3064,btc_qm_engine:btc_ptmc_accept,0.9767450351
METRIC,2026-04-15T17:58:31Z,19145860764956,3064,btc_qm_engine:btc_hashrate_mhs,0.4329834051
METRIC,2026-04-15T17:58:31Z,19145861569616,3064,btc_qm_engine:btc_hashrate_thread_id,2.0000000000
METRIC,2026-04-15T17:58:31Z,19145862198836,3064,btc_qm_engine:btc_hashrate_mhs,0.4330069622
METRIC,2026-04-15T17:58:31Z,19145862813696,3064,btc_qm_engine:btc_hashrate_thread_id,3.0000000000
METRIC,2026-04-15T17:58:31Z,19145863377216,3064,btc_qm_engine:btc_hashrate_mhs,0.4330328268
METRIC,2026-04-15T17:58:31Z,19145863994166,3064,btc_qm_engine:btc_hashrate_thread_id,1.0000000000
METRIC,2026-04-15T17:58:31Z,19145864479726,3064,btc_qm_engine:btc_nx48_disabled,1.0000000000
METRIC,2026-04-15T17:58:31Z,19145865624116,3064,btc_qm_engine:btc_hashrate_mhs,0.4332278225
METRIC,2026-04-15T17:58:31Z,19145866693676,3064,btc_qm_engine:btc_hashrate_thread_id,0.0000000000
METRIC,2026-04-15T17:58:31Z,19145922518746,3064,btc_qm_engine:btc_ptmc_rep_hot,1.0000000000
METRIC,2026-04-15T17:58:31Z,19145923176816,3064,btc_qm_engine:btc_ptmc_rep_cold,0.0000000000
METRIC,2026-04-15T17:58:31Z,19145923674266,3064,btc_qm_engine:btc_ptmc_accept,0.5135063048
METRIC,2026-04-15T17:58:31Z,19145924353736,3064,btc_qm_engine:btc_ptmc_rep_hot,2.0000000000
METRIC,2026-04-15T17:58:31Z,19145924840136,3064,btc_qm_engine:btc_ptmc_rep_cold,1.0000000000
METRIC,2026-04-15T17:58:31Z,19145925369106,3064,btc_qm_engine:btc_ptmc_accept,1.0000000000
METRIC,2026-04-15T17:58:31Z,19145925873457,3064,btc_qm_engine:btc_ptmc_rep_hot,3.0000000000
METRIC,2026-04-15T17:58:31Z,19145926325257,3064,btc_qm_engine:btc_ptmc_rep_cold,2.0000000000
METRIC,2026-04-15T17:58:31Z,19145926667997,3064,btc_qm_engine:btc_ptmc_accept,1.0000000000
METRIC,2026-04-15T17:58:31Z,19145927207257,3064,btc_qm_engine:btc_ptmc_rep_hot,4.0000000000
METRIC,2026-04-15T17:58:31Z,19145927751477,3064,btc_qm_engine:btc_ptmc_rep_cold,3.0000000000
METRIC,2026-04-15T17:58:31Z,19145928298987,3064,btc_qm_engine:btc_ptmc_accept,0.8187371539
METRIC,2026-04-15T17:58:31Z,19145928932687,3064,btc_qm_engine:btc_ptmc_rep_hot,5.0000000000
METRIC,2026-04-15T17:58:31Z,19145929906416,3064,btc_qm_engine:btc_ptmc_rep_cold,4.0000000000
METRIC,2026-04-15T17:58:31Z,19145930530517,3064,btc_qm_engine:btc_ptmc_accept,0.8824995977
METRIC,2026-04-15T17:58:31Z,19145931389847,3064,btc_qm_engine:btc_ptmc_rep_hot,6.0000000000
METRIC,2026-04-15T17:58:31Z,19145932196877,3064,btc_qm_engine:btc_ptmc_rep_cold,5.0000000000
METRIC,2026-04-15T17:58:31Z,19145933008647,3064,btc_qm_engine:btc_ptmc_accept,0.9298553534
METRIC,2026-04-15T17:58:31Z,19145934227787,3064,btc_qm_engine:btc_ptmc_rep_hot,7.0000000000
METRIC,2026-04-15T17:58:31Z,19145935143227,3064,btc_qm_engine:btc_ptmc_rep_cold,6.0000000000
METRIC,2026-04-15T17:58:31Z,19145936180897,3064,btc_qm_engine:btc_ptmc_accept,0.9767452464
METRIC,2026-04-15T17:58:31Z,19146026765357,3064,btc_qm_engine:btc_ptmc_rep_hot,1.0000000000
METRIC,2026-04-15T17:58:31Z,19146027515947,3064,btc_qm_engine:btc_ptmc_rep_cold,0.0000000000
METRIC,2026-04-15T17:58:31Z,19146028091197,3064,btc_qm_engine:btc_ptmc_accept,1.0000000000
METRIC,2026-04-15T17:58:31Z,19146028834977,3064,btc_qm_engine:btc_ptmc_rep_hot,2.0000000000
METRIC,2026-04-15T17:58:31Z,19146029375097,3064,btc_qm_engine:btc_ptmc_rep_cold,1.0000000000
METRIC,2026-04-15T17:58:31Z,19146029832037,3064,btc_qm_engine:btc_ptmc_accept,-0.5134171190
METRIC,2026-04-15T17:58:31Z,19146030461887,3064,btc_qm_engine:btc_ptmc_rep_hot,3.0000000000
METRIC,2026-04-15T17:58:31Z,19146030959657,3064,btc_qm_engine:btc_ptmc_rep_cold,2.0000000000
METRIC,2026-04-15T17:58:31Z,19146031527317,3064,btc_qm_engine:btc_ptmc_accept,1.0000000000
METRIC,2026-04-15T17:58:31Z,19146032192797,3064,btc_qm_engine:btc_ptmc_rep_hot,4.0000000000
METRIC,2026-04-15T17:58:31Z,19146033072787,3064,btc_qm_engine:btc_ptmc_rep_cold,3.0000000000
METRIC,2026-04-15T17:58:31Z,19146033870517,3064,btc_qm_engine:btc_ptmc_accept,1.0000000000
METRIC,2026-04-15T17:58:31Z,19146034593647,3064,btc_qm_engine:btc_ptmc_rep_hot,5.0000000000
METRIC,2026-04-15T17:58:31Z,19146035427137,3064,btc_qm_engine:btc_ptmc_rep_cold,4.0000000000
METRIC,2026-04-15T17:58:31Z,19146036468427,3064,btc_qm_engine:btc_ptmc_accept,1.0000000000
METRIC,2026-04-15T17:58:31Z,19146037526147,3064,btc_qm_engine:btc_ptmc_rep_hot,6.0000000000
METRIC,2026-04-15T17:58:31Z,19146038723477,3064,btc_qm_engine:btc_ptmc_rep_cold,5.0000000000
METRIC,2026-04-15T17:58:31Z,19146039398247,3064,btc_qm_engine:btc_ptmc_accept,1.0000000000
METRIC,2026-04-15T17:58:31Z,19146039944317,3064,btc_qm_engine:btc_ptmc_rep_hot,7.0000000000
METRIC,2026-04-15T17:58:31Z,19146040706487,3064,btc_qm_engine:btc_ptmc_rep_cold,6.0000000000
METRIC,2026-04-15T17:58:31Z,19146041395397,3064,btc_qm_engine:btc_ptmc_accept,1.0000000000
METRIC,2026-04-15T17:58:31Z,19146132111848,3064,btc_qm_engine:btc_ptmc_rep_hot,1.0000000000
METRIC,2026-04-15T17:58:31Z,19146132622528,3064,btc_qm_engine:btc_ptmc_rep_cold,0.0000000000
METRIC,2026-04-15T17:58:31Z,19146133079668,3064,btc_qm_engine:btc_ptmc_accept,1.0000000000
METRIC,2026-04-15T17:58:31Z,19146133601418,3064,btc_qm_engine:btc_ptmc_rep_hot,2.0000000000
METRIC,2026-04-15T17:58:31Z,19146134060598,3064,btc_qm_engine:btc_ptmc_rep_cold,1.0000000000
METRIC,2026-04-15T17:58:31Z,19146134469568,3064,btc_qm_engine:btc_ptmc_accept,1.0000000000
METRIC,2026-04-15T17:58:31Z,19146135153038,3064,btc_qm_engine:btc_ptmc_rep_hot,3.0000000000
METRIC,2026-04-15T17:58:31Z,19146135601098,3064,btc_qm_engine:btc_ptmc_rep_cold,2.0000000000
METRIC,2026-04-15T17:58:31Z,19146136057558,3064,btc_qm_engine:btc_ptmc_accept,0.8464725326
METRIC,2026-04-15T17:58:31Z,19146136610508,3064,btc_qm_engine:btc_ptmc_rep_hot,4.0000000000
METRIC,2026-04-15T17:58:31Z,19146137230998,3064,btc_qm_engine:btc_ptmc_rep_cold,3.0000000000
METRIC,2026-04-15T17:58:31Z,19146137771488,3064,btc_qm_engine:btc_ptmc_accept,0.9048338808
METRIC,2026-04-15T17:58:31Z,19146138457628,3064,btc_qm_engine:btc_ptmc_rep_hot,5.0000000000
METRIC,2026-04-15T17:58:31Z,19146139157208,3064,btc_qm_engine:btc_ptmc_rep_cold,4.0000000000
METRIC,2026-04-15T17:58:31Z,19146139808008,3064,btc_qm_engine:btc_ptmc_accept,1.0000000000
METRIC,2026-04-15T17:58:31Z,19146140377778,3064,btc_qm_engine:btc_ptmc_rep_hot,6.0000000000
METRIC,2026-04-15T17:58:31Z,19146140963828,3064,btc_qm_engine:btc_ptmc_rep_cold,5.0000000000
METRIC,2026-04-15T17:58:31Z,19146141659768,3064,btc_qm_engine:btc_ptmc_accept,1.0000000000
METRIC,2026-04-15T17:58:31Z,19146142425938,3064,btc_qm_engine:btc_ptmc_rep_hot,7.0000000000
METRIC,2026-04-15T17:58:31Z,19146143143498,3064,btc_qm_engine:btc_ptmc_rep_cold,6.0000000000
METRIC,2026-04-15T17:58:31Z,19146143666308,3064,btc_qm_engine:btc_ptmc_accept,0.9767450351
METRIC,2026-04-15T17:58:31Z,19146235912009,3064,btc_qm_engine:btc_ptmc_rep_hot,1.0000000000
METRIC,2026-04-15T17:58:31Z,19146236697618,3064,btc_qm_engine:btc_ptmc_rep_cold,0.0000000000
METRIC,2026-04-15T17:58:31Z,19146237465219,3064,btc_qm_engine:btc_ptmc_accept,1.0000000000
METRIC,2026-04-15T17:58:31Z,19146238375019,3064,btc_qm_engine:btc_ptmc_rep_hot,2.0000000000
METRIC,2026-04-15T17:58:31Z,19146238914618,3064,btc_qm_engine:btc_ptmc_rep_cold,1.0000000000
METRIC,2026-04-15T17:58:31Z,19146239442819,3064,btc_qm_engine:btc_ptmc_accept,1.0000000000
METRIC,2026-04-15T17:58:31Z,19146240208339,3064,btc_qm_engine:btc_ptmc_rep_hot,3.0000000000
METRIC,2026-04-15T17:58:31Z,19146240743889,3064,btc_qm_engine:btc_ptmc_rep_cold,2.0000000000
METRIC,2026-04-15T17:58:31Z,19146241272219,3064,btc_qm_engine:btc_ptmc_accept,1.0000000000
METRIC,2026-04-15T17:58:31Z,19146241854009,3064,btc_qm_engine:btc_ptmc_rep_hot,4.0000000000
METRIC,2026-04-15T17:58:31Z,19146242484239,3064,btc_qm_engine:btc_ptmc_rep_cold,3.0000000000
METRIC,2026-04-15T17:58:31Z,19146243209899,3064,btc_qm_engine:btc_ptmc_accept,-0.9048330071
METRIC,2026-04-15T17:58:31Z,19146244146149,3064,btc_qm_engine:btc_ptmc_rep_hot,5.0000000000
METRIC,2026-04-15T17:58:31Z,19146245331259,3064,btc_qm_engine:btc_ptmc_rep_cold,4.0000000000
METRIC,2026-04-15T17:58:31Z,19146246064399,3064,btc_qm_engine:btc_ptmc_accept,1.0000000000
METRIC,2026-04-15T17:58:31Z,19146246776959,3064,btc_qm_engine:btc_ptmc_rep_hot,6.0000000000
METRIC,2026-04-15T17:58:31Z,19146247559669,3064,btc_qm_engine:btc_ptmc_rep_cold,5.0000000000
METRIC,2026-04-15T17:58:31Z,19146248568579,3064,btc_qm_engine:btc_ptmc_accept,0.9642889574
METRIC,2026-04-15T17:58:31Z,19146249457459,3064,btc_qm_engine:btc_ptmc_rep_hot,7.0000000000
METRIC,2026-04-15T17:58:31Z,19146250163339,3064,btc_qm_engine:btc_ptmc_rep_cold,6.0000000000
METRIC,2026-04-15T17:58:31Z,19146250784269,3064,btc_qm_engine:btc_ptmc_accept,1.0000000000
METRIC,2026-04-15T17:58:31Z,19146338201659,3064,btc_qm_engine:btc_ptmc_rep_hot,1.0000000000
METRIC,2026-04-15T17:58:31Z,19146338881709,3064,btc_qm_engine:btc_ptmc_rep_cold,0.0000000000
METRIC,2026-04-15T17:58:31Z,19146339540409,3064,btc_qm_engine:btc_ptmc_accept,1.0000000000
METRIC,2026-04-15T17:58:31Z,19146340203129,3064,btc_qm_engine:btc_ptmc_rep_hot,2.0000000000
METRIC,2026-04-15T17:58:31Z,19146340773649,3064,btc_qm_engine:btc_ptmc_rep_cold,1.0000000000
METRIC,2026-04-15T17:58:31Z,19146341547949,3064,btc_qm_engine:btc_ptmc_accept,1.0000000000
METRIC,2026-04-15T17:58:31Z,19146342136959,3064,btc_qm_engine:btc_ptmc_rep_hot,3.0000000000
METRIC,2026-04-15T17:58:31Z,19146342690409,3064,btc_qm_engine:btc_ptmc_rep_cold,2.0000000000
METRIC,2026-04-15T17:58:31Z,19146343125819,3064,btc_qm_engine:btc_ptmc_accept,1.0000000000
METRIC,2026-04-15T17:58:31Z,19146343656439,3064,btc_qm_engine:btc_ptmc_rep_hot,4.0000000000
METRIC,2026-04-15T17:58:31Z,19146344400059,3064,btc_qm_engine:btc_ptmc_rep_cold,3.0000000000
METRIC,2026-04-15T17:58:31Z,19146344962969,3064,btc_qm_engine:btc_ptmc_accept,1.0000000000
METRIC,2026-04-15T17:58:31Z,19146345709739,3064,btc_qm_engine:btc_ptmc_rep_hot,5.0000000000
METRIC,2026-04-15T17:58:31Z,19146346835219,3064,btc_qm_engine:btc_ptmc_rep_cold,4.0000000000
METRIC,2026-04-15T17:58:31Z,19146347658269,3064,btc_qm_engine:btc_ptmc_accept,1.0000000000
METRIC,2026-04-15T17:58:31Z,19146348602619,3064,btc_qm_engine:btc_ptmc_rep_hot,6.0000000000
METRIC,2026-04-15T17:58:31Z,19146349497189,3064,btc_qm_engine:btc_ptmc_rep_cold,5.0000000000
METRIC,2026-04-15T17:58:31Z,19146350485689,3064,btc_qm_engine:btc_ptmc_accept,1.0000000000
METRIC,2026-04-15T17:58:31Z,19146351588709,3064,btc_qm_engine:btc_ptmc_rep_hot,7.0000000000
METRIC,2026-04-15T17:58:31Z,19146352363029,3064,btc_qm_engine:btc_ptmc_rep_cold,6.0000000000
METRIC,2026-04-15T17:58:31Z,19146353435449,3064,btc_qm_engine:btc_ptmc_accept,1.0000000000
METRIC,2026-04-15T17:58:31Z,19146441503100,3064,btc_qm_engine:btc_ptmc_rep_hot,1.0000000000
METRIC,2026-04-15T17:58:31Z,19146442201680,3064,btc_qm_engine:btc_ptmc_rep_cold,0.0000000000
METRIC,2026-04-15T17:58:31Z,19146442731460,3064,btc_qm_engine:btc_ptmc_accept,1.0000000000
METRIC,2026-04-15T17:58:31Z,19146443425200,3064,btc_qm_engine:btc_ptmc_rep_hot,2.0000000000
METRIC,2026-04-15T17:58:31Z,19146443907580,3064,btc_qm_engine:btc_ptmc_rep_cold,1.0000000000
METRIC,2026-04-15T17:58:31Z,19146444390840,3064,btc_qm_engine:btc_ptmc_accept,-0.2636225532
METRIC,2026-04-15T17:58:31Z,19146444971360,3064,btc_qm_engine:btc_ptmc_rep_hot,3.0000000000
METRIC,2026-04-15T17:58:31Z,19146445413480,3064,btc_qm_engine:btc_ptmc_rep_cold,2.0000000000
METRIC,2026-04-15T17:58:31Z,19146445806240,3064,btc_qm_engine:btc_ptmc_accept,1.0000000000
METRIC,2026-04-15T17:58:31Z,19146446344490,3064,btc_qm_engine:btc_ptmc_rep_hot,4.0000000000
METRIC,2026-04-15T17:58:31Z,19146446802960,3064,btc_qm_engine:btc_ptmc_rep_cold,3.0000000000
METRIC,2026-04-15T17:58:31Z,19146447289690,3064,btc_qm_engine:btc_ptmc_accept,1.0000000000
METRIC,2026-04-15T17:58:31Z,19146447800890,3064,btc_qm_engine:btc_ptmc_rep_hot,5.0000000000
METRIC,2026-04-15T17:58:31Z,19146448649820,3064,btc_qm_engine:btc_ptmc_rep_cold,4.0000000000
METRIC,2026-04-15T17:58:31Z,19146449429100,3064,btc_qm_engine:btc_ptmc_accept,1.0000000000
METRIC,2026-04-15T17:58:31Z,19146450348290,3064,btc_qm_engine:btc_ptmc_rep_hot,6.0000000000
METRIC,2026-04-15T17:58:31Z,19146451350110,3064,btc_qm_engine:btc_ptmc_rep_cold,5.0000000000
METRIC,2026-04-15T17:58:31Z,19146452327430,3064,btc_qm_engine:btc_ptmc_accept,1.0000000000
METRIC,2026-04-15T17:58:31Z,19146453143540,3064,btc_qm_engine:btc_ptmc_rep_hot,7.0000000000
METRIC,2026-04-15T17:58:31Z,19146453913060,3064,btc_qm_engine:btc_ptmc_rep_cold,6.0000000000
METRIC,2026-04-15T17:58:31Z,19146454804510,3064,btc_qm_engine:btc_ptmc_accept,1.0000000000
METRIC,2026-04-15T17:58:31Z,19146548944421,3064,btc_qm_engine:btc_ptmc_rep_hot,1.0000000000
METRIC,2026-04-15T17:58:31Z,19146549865891,3064,btc_qm_engine:btc_ptmc_rep_cold,0.0000000000
METRIC,2026-04-15T17:58:31Z,19146550617751,3064,btc_qm_engine:btc_ptmc_accept,1.0000000000
METRIC,2026-04-15T17:58:31Z,19146551375711,3064,btc_qm_engine:btc_ptmc_rep_hot,2.0000000000
METRIC,2026-04-15T17:58:31Z,19146551832321,3064,btc_qm_engine:btc_ptmc_rep_cold,1.0000000000
METRIC,2026-04-15T17:58:31Z,19146552339881,3064,btc_qm_engine:btc_ptmc_accept,1.0000000000
METRIC,2026-04-15T17:58:31Z,19146552982681,3064,btc_qm_engine:btc_ptmc_rep_hot,3.0000000000
METRIC,2026-04-15T17:58:31Z,19146553518651,3064,btc_qm_engine:btc_ptmc_rep_cold,2.0000000000
METRIC,2026-04-15T17:58:31Z,19146553933481,3064,btc_qm_engine:btc_ptmc_accept,1.0000000000
METRIC,2026-04-15T17:58:31Z,19146554581081,3064,btc_qm_engine:btc_ptmc_rep_hot,4.0000000000
METRIC,2026-04-15T17:58:31Z,19146555243401,3064,btc_qm_engine:btc_ptmc_rep_cold,3.0000000000
METRIC,2026-04-15T17:58:31Z,19146555859601,3064,btc_qm_engine:btc_ptmc_accept,1.0000000000
METRIC,2026-04-15T17:58:31Z,19146556512191,3064,btc_qm_engine:btc_ptmc_rep_hot,5.0000000000
METRIC,2026-04-15T17:58:31Z,19146557355631,3064,btc_qm_engine:btc_ptmc_rep_cold,4.0000000000
METRIC,2026-04-15T17:58:31Z,19146558087961,3064,btc_qm_engine:btc_ptmc_accept,1.0000000000
METRIC,2026-04-15T17:58:31Z,19146558673901,3064,btc_qm_engine:btc_ptmc_rep_hot,6.0000000000
METRIC,2026-04-15T17:58:31Z,19146559580211,3064,btc_qm_engine:btc_ptmc_rep_cold,5.0000000000
METRIC,2026-04-15T17:58:31Z,19146560152081,3064,btc_qm_engine:btc_ptmc_accept,1.0000000000
METRIC,2026-04-15T17:58:31Z,19146560899161,3064,btc_qm_engine:btc_ptmc_rep_hot,7.0000000000
METRIC,2026-04-15T17:58:31Z,19146561528321,3064,btc_qm_engine:btc_ptmc_rep_cold,6.0000000000
METRIC,2026-04-15T17:58:31Z,19146562097921,3064,btc_qm_engine:btc_ptmc_accept,1.0000000000
METRIC,2026-04-15T17:58:31Z,19146649905911,3064,btc_qm_engine:btc_ptmc_rep_hot,1.0000000000
METRIC,2026-04-15T17:58:31Z,19146650575461,3064,btc_qm_engine:btc_ptmc_rep_cold,0.0000000000
METRIC,2026-04-15T17:58:31Z,19146651226081,3064,btc_qm_engine:btc_ptmc_accept,-0.0357049888
METRIC,2026-04-15T17:58:31Z,19146651691251,3064,btc_qm_engine:btc_ptmc_rep_hot,2.0000000000
METRIC,2026-04-15T17:58:31Z,19146652185571,3064,btc_qm_engine:btc_ptmc_rep_cold,1.0000000000
METRIC,2026-04-15T17:58:31Z,19146652613381,3064,btc_qm_engine:btc_ptmc_accept,0.3679273747
METRIC,2026-04-15T17:58:31Z,19146653104671,3064,btc_qm_engine:btc_ptmc_rep_hot,3.0000000000
METRIC,2026-04-15T17:58:31Z,19146653492851,3064,btc_qm_engine:btc_ptmc_rep_cold,2.0000000000
METRIC,2026-04-15T17:58:31Z,19146653908501,3064,btc_qm_engine:btc_ptmc_accept,1.0000000000
METRIC,2026-04-15T17:58:31Z,19146654512071,3064,btc_qm_engine:btc_ptmc_rep_hot,4.0000000000
METRIC,2026-04-15T17:58:31Z,19146655174091,3064,btc_qm_engine:btc_ptmc_rep_cold,3.0000000000
METRIC,2026-04-15T17:58:31Z,19146655648921,3064,btc_qm_engine:btc_ptmc_accept,1.0000000000
METRIC,2026-04-15T17:58:31Z,19146656287311,3064,btc_qm_engine:btc_ptmc_rep_hot,5.0000000000
METRIC,2026-04-15T17:58:31Z,19146657349911,3064,btc_qm_engine:btc_ptmc_rep_cold,4.0000000000
METRIC,2026-04-15T17:58:31Z,19146658300491,3064,btc_qm_engine:btc_ptmc_accept,1.0000000000
METRIC,2026-04-15T17:58:31Z,19146659296171,3064,btc_qm_engine:btc_ptmc_rep_hot,6.0000000000
METRIC,2026-04-15T17:58:31Z,19146660348381,3064,btc_qm_engine:btc_ptmc_rep_cold,5.0000000000
METRIC,2026-04-15T17:58:31Z,19146661366721,3064,btc_qm_engine:btc_ptmc_accept,1.0000000000
METRIC,2026-04-15T17:58:31Z,19146662405121,3064,btc_qm_engine:btc_ptmc_rep_hot,7.0000000000
METRIC,2026-04-15T17:58:31Z,19146663623601,3064,btc_qm_engine:btc_ptmc_rep_cold,6.0000000000
METRIC,2026-04-15T17:58:31Z,19146664700491,3064,btc_qm_engine:btc_ptmc_accept,1.0000000000
METRIC,2026-04-15T17:58:31Z,19146756428072,3064,btc_qm_engine:btc_ptmc_rep_hot,1.0000000000
METRIC,2026-04-15T17:58:31Z,19146757169362,3064,btc_qm_engine:btc_ptmc_rep_cold,0.0000000000
METRIC,2026-04-15T17:58:31Z,19146757945712,3064,btc_qm_engine:btc_ptmc_accept,-0.1353352832
METRIC,2026-04-15T17:58:31Z,19146758678602,3064,btc_qm_engine:btc_ptmc_rep_hot,2.0000000000
METRIC,2026-04-15T17:58:31Z,19146759200462,3064,btc_qm_engine:btc_ptmc_rep_cold,1.0000000000
METRIC,2026-04-15T17:58:31Z,19146759578172,3064,btc_qm_engine:btc_ptmc_accept,1.0000000000
METRIC,2026-04-15T17:58:31Z,19146760129882,3064,btc_qm_engine:btc_ptmc_rep_hot,3.0000000000
METRIC,2026-04-15T17:58:31Z,19146760644282,3064,btc_qm_engine:btc_ptmc_rep_cold,2.0000000000
METRIC,2026-04-15T17:58:31Z,19146761089172,3064,btc_qm_engine:btc_ptmc_accept,1.0000000000
METRIC,2026-04-15T17:58:31Z,19146761690112,3064,btc_qm_engine:btc_ptmc_rep_hot,4.0000000000
METRIC,2026-04-15T17:58:31Z,19146762308012,3064,btc_qm_engine:btc_ptmc_rep_cold,3.0000000000
METRIC,2026-04-15T17:58:31Z,19146762855442,3064,btc_qm_engine:btc_ptmc_accept,0.9048374180
METRIC,2026-04-15T17:58:31Z,19146763515612,3064,btc_qm_engine:btc_ptmc_rep_hot,5.0000000000
METRIC,2026-04-15T17:58:31Z,19146764405672,3064,btc_qm_engine:btc_ptmc_rep_cold,4.0000000000
METRIC,2026-04-15T17:58:31Z,19146765337542,3064,btc_qm_engine:btc_ptmc_accept,0.9394130628
METRIC,2026-04-15T17:58:31Z,19146766096362,3064,btc_qm_engine:btc_ptmc_rep_hot,6.0000000000
METRIC,2026-04-15T17:58:31Z,19146767235082,3064,btc_qm_engine:btc_ptmc_rep_cold,5.0000000000
METRIC,2026-04-15T17:58:31Z,19146768010992,3064,btc_qm_engine:btc_ptmc_accept,0.9642895790
METRIC,2026-04-15T17:58:31Z,19146768973812,3064,btc_qm_engine:btc_ptmc_rep_hot,7.0000000000
METRIC,2026-04-15T17:58:31Z,19146769829462,3064,btc_qm_engine:btc_ptmc_rep_cold,6.0000000000
METRIC,2026-04-15T17:58:31Z,19146770655422,3064,btc_qm_engine:btc_ptmc_accept,0.9767452464
METRIC,2026-04-15T17:58:32Z,19146861177143,3064,btc_qm_engine:btc_ptmc_rep_hot,1.0000000000
METRIC,2026-04-15T17:58:32Z,19146861809693,3064,btc_qm_engine:btc_ptmc_rep_cold,0.0000000000
METRIC,2026-04-15T17:58:32Z,19146862306103,3064,btc_qm_engine:btc_ptmc_accept,-0.5134171190
METRIC,2026-04-15T17:58:32Z,19146862781013,3064,btc_qm_engine:btc_ptmc_rep_hot,2.0000000000
METRIC,2026-04-15T17:58:32Z,19146863172753,3064,btc_qm_engine:btc_ptmc_rep_cold,1.0000000000
METRIC,2026-04-15T17:58:32Z,19146863613133,3064,btc_qm_engine:btc_ptmc_accept,1.0000000000
METRIC,2026-04-15T17:58:32Z,19146864481333,3064,btc_qm_engine:btc_ptmc_rep_hot,3.0000000000
METRIC,2026-04-15T17:58:32Z,19146864999563,3064,btc_qm_engine:btc_ptmc_rep_cold,2.0000000000
METRIC,2026-04-15T17:58:32Z,19146865443263,3064,btc_qm_engine:btc_ptmc_accept,-0.8464725326
METRIC,2026-04-15T17:58:32Z,19146866208643,3064,btc_qm_engine:btc_ptmc_rep_hot,4.0000000000
METRIC,2026-04-15T17:58:32Z,19146866875203,3064,btc_qm_engine:btc_ptmc_rep_cold,3.0000000000
METRIC,2026-04-15T17:58:32Z,19146867467203,3064,btc_qm_engine:btc_ptmc_accept,1.0000000000
METRIC,2026-04-15T17:58:32Z,19146868366863,3064,btc_qm_engine:btc_ptmc_rep_hot,5.0000000000
METRIC,2026-04-15T17:58:32Z,19146869305443,3064,btc_qm_engine:btc_ptmc_rep_cold,4.0000000000
METRIC,2026-04-15T17:58:32Z,19146869968593,3064,btc_qm_engine:btc_ptmc_accept,1.0000000000
METRIC,2026-04-15T17:58:32Z,19146870542923,3064,btc_qm_engine:btc_ptmc_rep_hot,6.0000000000
METRIC,2026-04-15T17:58:32Z,19146871122463,3064,btc_qm_engine:btc_ptmc_rep_cold,5.0000000000
METRIC,2026-04-15T17:58:32Z,19146871803013,3064,btc_qm_engine:btc_ptmc_accept,1.0000000000
METRIC,2026-04-15T17:58:32Z,19146872867743,3064,btc_qm_engine:btc_ptmc_rep_hot,7.0000000000
METRIC,2026-04-15T17:58:32Z,19146873735743,3064,btc_qm_engine:btc_ptmc_rep_cold,6.0000000000
METRIC,2026-04-15T17:58:32Z,19146874570563,3064,btc_qm_engine:btc_ptmc_accept,1.0000000000
METRIC,2026-04-15T17:58:32Z,19146963841923,3064,btc_qm_engine:btc_ptmc_rep_hot,1.0000000000
METRIC,2026-04-15T17:58:32Z,19146964411003,3064,btc_qm_engine:btc_ptmc_rep_cold,0.0000000000
METRIC,2026-04-15T17:58:32Z,19146964901263,3064,btc_qm_engine:btc_ptmc_accept,1.0000000000
METRIC,2026-04-15T17:58:32Z,19146965619423,3064,btc_qm_engine:btc_ptmc_rep_hot,2.0000000000
METRIC,2026-04-15T17:58:32Z,19146966253473,3064,btc_qm_engine:btc_ptmc_rep_cold,1.0000000000
METRIC,2026-04-15T17:58:32Z,19146966803963,3064,btc_qm_engine:btc_ptmc_accept,0.7164924961
METRIC,2026-04-15T17:58:32Z,19146967458603,3064,btc_qm_engine:btc_ptmc_rep_hot,3.0000000000
METRIC,2026-04-15T17:58:32Z,19146967927603,3064,btc_qm_engine:btc_ptmc_rep_cold,2.0000000000
METRIC,2026-04-15T17:58:32Z,19146968375623,3064,btc_qm_engine:btc_ptmc_accept,1.0000000000
METRIC,2026-04-15T17:58:32Z,19146968982783,3064,btc_qm_engine:btc_ptmc_rep_hot,4.0000000000
METRIC,2026-04-15T17:58:32Z,19146969634863,3064,btc_qm_engine:btc_ptmc_rep_cold,3.0000000000
METRIC,2026-04-15T17:58:32Z,19146970330993,3064,btc_qm_engine:btc_ptmc_accept,1.0000000000
METRIC,2026-04-15T17:58:32Z,19146970868223,3064,btc_qm_engine:btc_ptmc_rep_hot,5.0000000000
METRIC,2026-04-15T17:58:32Z,19146971995763,3064,btc_qm_engine:btc_ptmc_rep_cold,4.0000000000
METRIC,2026-04-15T17:58:32Z,19146972669593,3064,btc_qm_engine:btc_ptmc_accept,1.0000000000
METRIC,2026-04-15T17:58:32Z,19146973436973,3064,btc_qm_engine:btc_ptmc_rep_hot,6.0000000000
METRIC,2026-04-15T17:58:32Z,19146974269153,3064,btc_qm_engine:btc_ptmc_rep_cold,5.0000000000
METRIC,2026-04-15T17:58:32Z,19146975107853,3064,btc_qm_engine:btc_ptmc_accept,1.0000000000
METRIC,2026-04-15T17:58:32Z,19146976126243,3064,btc_qm_engine:btc_ptmc_rep_hot,7.0000000000
METRIC,2026-04-15T17:58:32Z,19146976948873,3064,btc_qm_engine:btc_ptmc_rep_cold,6.0000000000
METRIC,2026-04-15T17:58:32Z,19146977901053,3064,btc_qm_engine:btc_ptmc_accept,1.0000000000
METRIC,2026-04-15T17:58:32Z,19147068591484,3064,btc_qm_engine:btc_ptmc_rep_hot,1.0000000000
METRIC,2026-04-15T17:58:32Z,19147069433444,3064,btc_qm_engine:btc_ptmc_rep_cold,0.0000000000
METRIC,2026-04-15T17:58:32Z,19147070102494,3064,btc_qm_engine:btc_ptmc_accept,1.0000000000
METRIC,2026-04-15T17:58:32Z,19147070831544,3064,btc_qm_engine:btc_ptmc_rep_hot,2.0000000000
METRIC,2026-04-15T17:58:32Z,19147071346784,3064,btc_qm_engine:btc_ptmc_rep_cold,1.0000000000
METRIC,2026-04-15T17:58:32Z,19147071854574,3064,btc_qm_engine:btc_ptmc_accept,1.0000000000
METRIC,2026-04-15T17:58:32Z,19147072530374,3064,btc_qm_engine:btc_ptmc_rep_hot,3.0000000000
METRIC,2026-04-15T17:58:32Z,19147073086454,3064,btc_qm_engine:btc_ptmc_rep_cold,2.0000000000
METRIC,2026-04-15T17:58:32Z,19147073565834,3064,btc_qm_engine:btc_ptmc_accept,0.8464766237
METRIC,2026-04-15T17:58:32Z,19147074252914,3064,btc_qm_engine:btc_ptmc_rep_hot,4.0000000000
METRIC,2026-04-15T17:58:32Z,19147074817324,3064,btc_qm_engine:btc_ptmc_rep_cold,3.0000000000
METRIC,2026-04-15T17:58:32Z,19147075423154,3064,btc_qm_engine:btc_ptmc_accept,1.0000000000
METRIC,2026-04-15T17:58:32Z,19147076048744,3064,btc_qm_engine:btc_ptmc_rep_hot,5.0000000000
METRIC,2026-04-15T17:58:32Z,19147077021664,3064,btc_qm_engine:btc_ptmc_rep_cold,4.0000000000
METRIC,2026-04-15T17:58:32Z,19147077685684,3064,btc_qm_engine:btc_ptmc_accept,1.0000000000
METRIC,2026-04-15T17:58:32Z,19147078592334,3064,btc_qm_engine:btc_ptmc_rep_hot,6.0000000000
METRIC,2026-04-15T17:58:32Z,19147079520274,3064,btc_qm_engine:btc_ptmc_rep_cold,5.0000000000
METRIC,2026-04-15T17:58:32Z,19147080661344,3064,btc_qm_engine:btc_ptmc_accept,1.0000000000
METRIC,2026-04-15T17:58:32Z,19147081589024,3064,btc_qm_engine:btc_ptmc_rep_hot,7.0000000000
METRIC,2026-04-15T17:58:32Z,19147082608624,3064,btc_qm_engine:btc_ptmc_rep_cold,6.0000000000
METRIC,2026-04-15T17:58:32Z,19147083550574,3064,btc_qm_engine:btc_ptmc_accept,1.0000000000
METRIC,2026-04-15T17:58:32Z,19147175258185,3064,btc_qm_engine:btc_ptmc_rep_hot,1.0000000000
METRIC,2026-04-15T17:58:32Z,19147175779195,3064,btc_qm_engine:btc_ptmc_rep_cold,0.0000000000
METRIC,2026-04-15T17:58:32Z,19147176276145,3064,btc_qm_engine:btc_ptmc_accept,1.0000000000
METRIC,2026-04-15T17:58:32Z,19147176786835,3064,btc_qm_engine:btc_ptmc_rep_hot,2.0000000000
METRIC,2026-04-15T17:58:32Z,19147177311225,3064,btc_qm_engine:btc_ptmc_rep_cold,1.0000000000
METRIC,2026-04-15T17:58:32Z,19147177757835,3064,btc_qm_engine:btc_ptmc_accept,-0.7165485813
METRIC,2026-04-15T17:58:32Z,19147178306445,3064,btc_qm_engine:btc_ptmc_rep_hot,3.0000000000
METRIC,2026-04-15T17:58:32Z,19147178850545,3064,btc_qm_engine:btc_ptmc_rep_cold,2.0000000000
METRIC,2026-04-15T17:58:32Z,19147179333745,3064,btc_qm_engine:btc_ptmc_accept,1.0000000000
METRIC,2026-04-15T17:58:32Z,19147179961285,3064,btc_qm_engine:btc_ptmc_rep_hot,4.0000000000
METRIC,2026-04-15T17:58:32Z,19147180556935,3064,btc_qm_engine:btc_ptmc_rep_cold,3.0000000000
METRIC,2026-04-15T17:58:32Z,19147181246825,3064,btc_qm_engine:btc_ptmc_accept,1.0000000000
METRIC,2026-04-15T17:58:32Z,19147181881335,3064,btc_qm_engine:btc_ptmc_rep_hot,5.0000000000
METRIC,2026-04-15T17:58:32Z,19147182763755,3064,btc_qm_engine:btc_ptmc_rep_cold,4.0000000000
METRIC,2026-04-15T17:58:32Z,19147183518995,3064,btc_qm_engine:btc_ptmc_accept,1.0000000000
METRIC,2026-04-15T17:58:32Z,19147184187015,3064,btc_qm_engine:btc_ptmc_rep_hot,6.0000000000
METRIC,2026-04-15T17:58:32Z,19147185199375,3064,btc_qm_engine:btc_ptmc_rep_cold,5.0000000000
METRIC,2026-04-15T17:58:32Z,19147185775475,3064,btc_qm_engine:btc_ptmc_accept,1.0000000000
METRIC,2026-04-15T17:58:32Z,19147186608295,3064,btc_qm_engine:btc_ptmc_rep_hot,7.0000000000
METRIC,2026-04-15T17:58:32Z,19147187454045,3064,btc_qm_engine:btc_ptmc_rep_cold,6.0000000000
METRIC,2026-04-15T17:58:32Z,19147187925015,3064,btc_qm_engine:btc_ptmc_accept,1.0000000000
METRIC,2026-04-15T17:58:32Z,19147275625675,3064,btc_qm_engine:btc_ptmc_rep_hot,1.0000000000
METRIC,2026-04-15T17:58:32Z,19147276557005,3064,btc_qm_engine:btc_ptmc_rep_cold,0.0000000000
METRIC,2026-04-15T17:58:32Z,19147277101165,3064,btc_qm_engine:btc_ptmc_accept,1.0000000000
METRIC,2026-04-15T17:58:32Z,19147277706535,3064,btc_qm_engine:btc_ptmc_rep_hot,2.0000000000
METRIC,2026-04-15T17:58:32Z,19147278268605,3064,btc_qm_engine:btc_ptmc_rep_cold,1.0000000000
METRIC,2026-04-15T17:58:32Z,19147278717515,3064,btc_qm_engine:btc_ptmc_accept,1.0000000000
METRIC,2026-04-15T17:58:32Z,19147279280265,3064,btc_qm_engine:btc_ptmc_rep_hot,3.0000000000
METRIC,2026-04-15T17:58:32Z,19147279735695,3064,btc_qm_engine:btc_ptmc_rep_cold,2.0000000000
METRIC,2026-04-15T17:58:32Z,19147280303115,3064,btc_qm_engine:btc_ptmc_accept,1.0000000000
METRIC,2026-04-15T17:58:32Z,19147280844685,3064,btc_qm_engine:btc_ptmc_rep_hot,4.0000000000
METRIC,2026-04-15T17:58:32Z,19147281418635,3064,btc_qm_engine:btc_ptmc_rep_cold,3.0000000000
METRIC,2026-04-15T17:58:32Z,19147281920835,3064,btc_qm_engine:btc_ptmc_accept,1.0000000000
METRIC,2026-04-15T17:58:32Z,19147282566775,3064,btc_qm_engine:btc_ptmc_rep_hot,5.0000000000
METRIC,2026-04-15T17:58:32Z,19147283442235,3064,btc_qm_engine:btc_ptmc_rep_cold,4.0000000000
METRIC,2026-04-15T17:58:32Z,19147283944575,3064,btc_qm_engine:btc_ptmc_accept,1.0000000000
METRIC,2026-04-15T17:58:32Z,19147284776585,3064,btc_qm_engine:btc_ptmc_rep_hot,6.0000000000
METRIC,2026-04-15T17:58:32Z,19147285583255,3064,btc_qm_engine:btc_ptmc_rep_cold,5.0000000000
METRIC,2026-04-15T17:58:32Z,19147286317605,3064,btc_qm_engine:btc_ptmc_accept,1.0000000000
METRIC,2026-04-15T17:58:32Z,19147287222505,3064,btc_qm_engine:btc_ptmc_rep_hot,7.0000000000
METRIC,2026-04-15T17:58:32Z,19147287739865,3064,btc_qm_engine:btc_ptmc_rep_cold,6.0000000000
METRIC,2026-04-15T17:58:32Z,19147290227485,3064,btc_qm_engine:btc_ptmc_accept,1.0000000000
METRIC,2026-04-15T17:58:32Z,19147380976856,3064,btc_qm_engine:btc_ptmc_rep_hot,1.0000000000
METRIC,2026-04-15T17:58:32Z,19147381719046,3064,btc_qm_engine:btc_ptmc_rep_cold,0.0000000000
METRIC,2026-04-15T17:58:32Z,19147382315076,3064,btc_qm_engine:btc_ptmc_accept,1.0000000000
METRIC,2026-04-15T17:58:32Z,19147383291506,3064,btc_qm_engine:btc_ptmc_rep_hot,2.0000000000
METRIC,2026-04-15T17:58:32Z,19147383843076,3064,btc_qm_engine:btc_ptmc_rep_cold,1.0000000000
METRIC,2026-04-15T17:58:32Z,19147384341366,3064,btc_qm_engine:btc_ptmc_accept,0.7165624298
METRIC,2026-04-15T17:58:32Z,19147384909106,3064,btc_qm_engine:btc_ptmc_rep_hot,3.0000000000
METRIC,2026-04-15T17:58:32Z,19147385385306,3064,btc_qm_engine:btc_ptmc_rep_cold,2.0000000000
METRIC,2026-04-15T17:58:32Z,19147385809556,3064,btc_qm_engine:btc_ptmc_accept,1.0000000000
METRIC,2026-04-15T17:58:32Z,19147386277916,3064,btc_qm_engine:btc_ptmc_rep_hot,4.0000000000
METRIC,2026-04-15T17:58:32Z,19147386793306,3064,btc_qm_engine:btc_ptmc_rep_cold,3.0000000000
METRIC,2026-04-15T17:58:32Z,19147387373416,3064,btc_qm_engine:btc_ptmc_accept,0.8187371539
METRIC,2026-04-15T17:58:32Z,19147387966286,3064,btc_qm_engine:btc_ptmc_rep_hot,5.0000000000
METRIC,2026-04-15T17:58:32Z,19147388820086,3064,btc_qm_engine:btc_ptmc_rep_cold,4.0000000000
METRIC,2026-04-15T17:58:32Z,19147389683276,3064,btc_qm_engine:btc_ptmc_accept,0.8824995977
METRIC,2026-04-15T17:58:32Z,19147390348826,3064,btc_qm_engine:btc_ptmc_rep_hot,6.0000000000
METRIC,2026-04-15T17:58:32Z,19147391401186,3064,btc_qm_engine:btc_ptmc_rep_cold,5.0000000000
METRIC,2026-04-15T17:58:32Z,19147392461766,3064,btc_qm_engine:btc_ptmc_accept,0.9298553534
METRIC,2026-04-15T17:58:32Z,19147393410516,3064,btc_qm_engine:btc_ptmc_rep_hot,7.0000000000
METRIC,2026-04-15T17:58:32Z,19147394277476,3064,btc_qm_engine:btc_ptmc_rep_cold,6.0000000000
METRIC,2026-04-15T17:58:32Z,19147395348406,3064,btc_qm_engine:btc_ptmc_accept,0.9540312765
METRIC,2026-04-15T17:58:32Z,19147487342817,3064,btc_qm_engine:btc_ptmc_rep_hot,1.0000000000
METRIC,2026-04-15T17:58:32Z,19147487958957,3064,btc_qm_engine:btc_ptmc_rep_cold,0.0000000000
METRIC,2026-04-15T17:58:32Z,19147488553287,3064,btc_qm_engine:btc_ptmc_accept,1.0000000000
METRIC,2026-04-15T17:58:32Z,19147489481307,3064,btc_qm_engine:btc_ptmc_rep_hot,2.0000000000
METRIC,2026-04-15T17:58:32Z,19147490033627,3064,btc_qm_engine:btc_ptmc_rep_cold,1.0000000000
METRIC,2026-04-15T17:58:32Z,19147490503877,3064,btc_qm_engine:btc_ptmc_accept,1.0000000000
METRIC,2026-04-15T17:58:32Z,19147491143677,3064,btc_qm_engine:btc_ptmc_rep_hot,3.0000000000
METRIC,2026-04-15T17:58:32Z,19147491649797,3064,btc_qm_engine:btc_ptmc_rep_cold,2.0000000000
METRIC,2026-04-15T17:58:32Z,19147492062117,3064,btc_qm_engine:btc_ptmc_accept,0.8464817249
METRIC,2026-04-15T17:58:32Z,19147492646837,3064,btc_qm_engine:btc_ptmc_rep_hot,4.0000000000
METRIC,2026-04-15T17:58:32Z,19147493310427,3064,btc_qm_engine:btc_ptmc_rep_cold,3.0000000000
METRIC,2026-04-15T17:58:32Z,19147493917807,3064,btc_qm_engine:btc_ptmc_accept,1.0000000000
METRIC,2026-04-15T17:58:32Z,19147494616397,3064,btc_qm_engine:btc_ptmc_rep_hot,5.0000000000
METRIC,2026-04-15T17:58:32Z,19147495679667,3064,btc_qm_engine:btc_ptmc_rep_cold,4.0000000000
METRIC,2026-04-15T17:58:32Z,19147496524157,3064,btc_qm_engine:btc_ptmc_accept,1.0000000000
METRIC,2026-04-15T17:58:32Z,19147497166077,3064,btc_qm_engine:btc_ptmc_rep_hot,6.0000000000
METRIC,2026-04-15T17:58:32Z,19147497849917,3064,btc_qm_engine:btc_ptmc_rep_cold,5.0000000000
METRIC,2026-04-15T17:58:32Z,19147498517247,3064,btc_qm_engine:btc_ptmc_accept,1.0000000000
METRIC,2026-04-15T17:58:32Z,19147499119247,3064,btc_qm_engine:btc_ptmc_rep_hot,7.0000000000
METRIC,2026-04-15T17:58:32Z,19147499748647,3064,btc_qm_engine:btc_ptmc_rep_cold,6.0000000000
METRIC,2026-04-15T17:58:32Z,19147500709287,3064,btc_qm_engine:btc_ptmc_accept,1.0000000000
METRIC,2026-04-15T17:58:32Z,19147594498357,3064,btc_qm_engine:btc_ptmc_rep_hot,1.0000000000
METRIC,2026-04-15T17:58:32Z,19147595059397,3064,btc_qm_engine:btc_ptmc_rep_cold,0.0000000000
METRIC,2026-04-15T17:58:32Z,19147595617497,3064,btc_qm_engine:btc_ptmc_accept,1.0000000000
METRIC,2026-04-15T17:58:32Z,19147596204037,3064,btc_qm_engine:btc_ptmc_rep_hot,2.0000000000
METRIC,2026-04-15T17:58:32Z,19147596728007,3064,btc_qm_engine:btc_ptmc_rep_cold,1.0000000000
METRIC,2026-04-15T17:58:32Z,19147597212997,3064,btc_qm_engine:btc_ptmc_accept,0.7165001846
METRIC,2026-04-15T17:58:32Z,19147597788498,3064,btc_qm_engine:btc_ptmc_rep_hot,3.0000000000
METRIC,2026-04-15T17:58:32Z,19147598239878,3064,btc_qm_engine:btc_ptmc_rep_cold,2.0000000000
METRIC,2026-04-15T17:58:32Z,19147598643087,3064,btc_qm_engine:btc_ptmc_accept,0.7165157484
METRIC,2026-04-15T17:58:32Z,19147599321897,3064,btc_qm_engine:btc_ptmc_rep_hot,4.0000000000
METRIC,2026-04-15T17:58:32Z,19147599902397,3064,btc_qm_engine:btc_ptmc_rep_cold,3.0000000000
METRIC,2026-04-15T17:58:32Z,19147600586987,3064,btc_qm_engine:btc_ptmc_accept,1.0000000000
METRIC,2026-04-15T17:58:32Z,19147601431097,3064,btc_qm_engine:btc_ptmc_rep_hot,5.0000000000
METRIC,2026-04-15T17:58:32Z,19147602425397,3064,btc_qm_engine:btc_ptmc_rep_cold,4.0000000000
METRIC,2026-04-15T17:58:32Z,19147603304138,3064,btc_qm_engine:btc_ptmc_accept,1.0000000000
METRIC,2026-04-15T17:58:32Z,19147604289088,3064,btc_qm_engine:btc_ptmc_rep_hot,6.0000000000
METRIC,2026-04-15T17:58:32Z,19147605411518,3064,btc_qm_engine:btc_ptmc_rep_cold,5.0000000000
METRIC,2026-04-15T17:58:32Z,19147606710117,3064,btc_qm_engine:btc_ptmc_accept,1.0000000000
METRIC,2026-04-15T17:58:32Z,19147607741888,3064,btc_qm_engine:btc_ptmc_rep_hot,7.0000000000
METRIC,2026-04-15T17:58:32Z,19147608595268,3064,btc_qm_engine:btc_ptmc_rep_cold,6.0000000000
METRIC,2026-04-15T17:58:32Z,19147609464738,3064,btc_qm_engine:btc_ptmc_accept,1.0000000000
METRIC,2026-04-15T17:58:32Z,19147700188108,3064,btc_qm_engine:btc_ptmc_rep_hot,1.0000000000
METRIC,2026-04-15T17:58:32Z,19147700797638,3064,btc_qm_engine:btc_ptmc_rep_cold,0.0000000000
METRIC,2026-04-15T17:58:32Z,19147701461648,3064,btc_qm_engine:btc_ptmc_accept,-0.2636887251
METRIC,2026-04-15T17:58:32Z,19147702151968,3064,btc_qm_engine:btc_ptmc_rep_hot,2.0000000000
METRIC,2026-04-15T17:58:32Z,19147702662938,3064,btc_qm_engine:btc_ptmc_rep_cold,1.0000000000
METRIC,2026-04-15T17:58:32Z,19147703191028,3064,btc_qm_engine:btc_ptmc_accept,1.0000000000
METRIC,2026-04-15T17:58:32Z,19147703844738,3064,btc_qm_engine:btc_ptmc_rep_hot,3.0000000000
METRIC,2026-04-15T17:58:32Z,19147704721668,3064,btc_qm_engine:btc_ptmc_rep_cold,2.0000000000
METRIC,2026-04-15T17:58:32Z,19147705211548,3064,btc_qm_engine:btc_ptmc_accept,1.0000000000
METRIC,2026-04-15T17:58:32Z,19147705782078,3064,btc_qm_engine:btc_ptmc_rep_hot,4.0000000000
METRIC,2026-04-15T17:58:32Z,19147706443158,3064,btc_qm_engine:btc_ptmc_rep_cold,3.0000000000
METRIC,2026-04-15T17:58:32Z,19147707006738,3064,btc_qm_engine:btc_ptmc_accept,1.0000000000
METRIC,2026-04-15T17:58:32Z,19147707744688,3064,btc_qm_engine:btc_ptmc_rep_hot,5.0000000000
METRIC,2026-04-15T17:58:32Z,19147708639248,3064,btc_qm_engine:btc_ptmc_rep_cold,4.0000000000
METRIC,2026-04-15T17:58:32Z,19147709666128,3064,btc_qm_engine:btc_ptmc_accept,1.0000000000
METRIC,2026-04-15T17:58:32Z,19147710654928,3064,btc_qm_engine:btc_ptmc_rep_hot,6.0000000000
METRIC,2026-04-15T17:58:32Z,19147711739638,3064,btc_qm_engine:btc_ptmc_rep_cold,5.0000000000
METRIC,2026-04-15T17:58:32Z,19147712801098,3064,btc_qm_engine:btc_ptmc_accept,1.0000000000
METRIC,2026-04-15T17:58:32Z,19147713727898,3064,btc_qm_engine:btc_ptmc_rep_hot,7.0000000000
METRIC,2026-04-15T17:58:32Z,19147715108948,3064,btc_qm_engine:btc_ptmc_rep_cold,6.0000000000
METRIC,2026-04-15T17:58:32Z,19147716181988,3064,btc_qm_engine:btc_ptmc_accept,1.0000000000
METRIC,2026-04-15T17:58:32Z,19147802108869,3064,btc_qm_engine:btc_ptmc_rep_hot,1.0000000000
METRIC,2026-04-15T17:58:32Z,19147802889339,3064,btc_qm_engine:btc_ptmc_rep_cold,0.0000000000
METRIC,2026-04-15T17:58:32Z,19147803496469,3064,btc_qm_engine:btc_ptmc_accept,0.5136174742
METRIC,2026-04-15T17:58:32Z,19147804240609,3064,btc_qm_engine:btc_ptmc_rep_hot,2.0000000000
METRIC,2026-04-15T17:58:32Z,19147805108829,3064,btc_qm_engine:btc_ptmc_rep_cold,1.0000000000
METRIC,2026-04-15T17:58:32Z,19147805553359,3064,btc_qm_engine:btc_ptmc_accept,1.0000000000
METRIC,2026-04-15T17:58:32Z,19147806262909,3064,btc_qm_engine:btc_ptmc_rep_hot,3.0000000000
METRIC,2026-04-15T17:58:32Z,19147806802649,3064,btc_qm_engine:btc_ptmc_rep_cold,2.0000000000
METRIC,2026-04-15T17:58:32Z,19147807353779,3064,btc_qm_engine:btc_ptmc_accept,1.0000000000
METRIC,2026-04-15T17:58:32Z,19147807977729,3064,btc_qm_engine:btc_ptmc_rep_hot,4.0000000000
METRIC,2026-04-15T17:58:32Z,19147808575549,3064,btc_qm_engine:btc_ptmc_rep_cold,3.0000000000
METRIC,2026-04-15T17:58:32Z,19147809199789,3064,btc_qm_engine:btc_ptmc_accept,1.0000000000
METRIC,2026-04-15T17:58:32Z,19147809959849,3064,btc_qm_engine:btc_ptmc_rep_hot,5.0000000000
METRIC,2026-04-15T17:58:32Z,19147810857229,3064,btc_qm_engine:btc_ptmc_rep_cold,4.0000000000
METRIC,2026-04-15T17:58:32Z,19147811928989,3064,btc_qm_engine:btc_ptmc_accept,0.9394122667
METRIC,2026-04-15T17:58:32Z,19147812923719,3064,btc_qm_engine:btc_ptmc_rep_hot,6.0000000000
METRIC,2026-04-15T17:58:32Z,19147813598669,3064,btc_qm_engine:btc_ptmc_rep_cold,5.0000000000
METRIC,2026-04-15T17:58:32Z,19147814376249,3064,btc_qm_engine:btc_ptmc_accept,0.9642893023
METRIC,2026-04-15T17:58:32Z,19147815115619,3064,btc_qm_engine:btc_ptmc_rep_hot,7.0000000000
METRIC,2026-04-15T17:58:32Z,19147815801829,3064,btc_qm_engine:btc_ptmc_rep_cold,6.0000000000
METRIC,2026-04-15T17:58:32Z,19147816542719,3064,btc_qm_engine:btc_ptmc_accept,0.9767446541
METRIC,2026-04-15T17:58:33Z,19147862866549,3064,btc_qm_engine:btc_hashrate_mhs,0.4361505004
METRIC,2026-04-15T17:58:33Z,19147863433399,3064,btc_qm_engine:btc_nx48_disabled,1.0000000000
METRIC,2026-04-15T17:58:33Z,19147863896369,3064,btc_qm_engine:btc_hashrate_mhs,0.4364761243
METRIC,2026-04-15T17:58:33Z,19147864380359,3064,btc_qm_engine:btc_hashrate_thread_id,0.0000000000
METRIC,2026-04-15T17:58:33Z,19147864984889,3064,btc_qm_engine:btc_hashrate_mhs,0.4362670186
METRIC,2026-04-15T17:58:33Z,19147865531439,3064,btc_qm_engine:btc_hashrate_thread_id,1.0000000000
METRIC,2026-04-15T17:58:33Z,19147865995829,3064,btc_qm_engine:btc_hashrate_thread_id,3.0000000000
METRIC,2026-04-15T17:58:33Z,19147866586989,3064,btc_qm_engine:btc_hashrate_mhs,0.4363709118
METRIC,2026-04-15T17:58:33Z,19147867206519,3064,btc_qm_engine:btc_hashrate_thread_id,2.0000000000
METRIC,2026-04-15T17:58:33Z,19147904854650,3064,btc_qm_engine:btc_ptmc_rep_hot,1.0000000000
METRIC,2026-04-15T17:58:33Z,19147905489110,3064,btc_qm_engine:btc_ptmc_rep_cold,0.0000000000
METRIC,2026-04-15T17:58:33Z,19147906057099,3064,btc_qm_engine:btc_ptmc_accept,1.0000000000
METRIC,2026-04-15T17:58:33Z,19147906757220,3064,btc_qm_engine:btc_ptmc_rep_hot,2.0000000000
METRIC,2026-04-15T17:58:33Z,19147907367310,3064,btc_qm_engine:btc_ptmc_rep_cold,1.0000000000
METRIC,2026-04-15T17:58:33Z,19147907837890,3064,btc_qm_engine:btc_ptmc_accept,1.0000000000
METRIC,2026-04-15T17:58:33Z,19147908495549,3064,btc_qm_engine:btc_ptmc_rep_hot,3.0000000000
METRIC,2026-04-15T17:58:33Z,19147908926729,3064,btc_qm_engine:btc_ptmc_rep_cold,2.0000000000
METRIC,2026-04-15T17:58:33Z,19147909341059,3064,btc_qm_engine:btc_ptmc_accept,-0.8464868258
METRIC,2026-04-15T17:58:33Z,19147909912520,3064,btc_qm_engine:btc_ptmc_rep_hot,4.0000000000
METRIC,2026-04-15T17:58:33Z,19147910477590,3064,btc_qm_engine:btc_ptmc_rep_cold,3.0000000000
METRIC,2026-04-15T17:58:33Z,19147910947999,3064,btc_qm_engine:btc_ptmc_accept,-0.7408230420
METRIC,2026-04-15T17:58:33Z,19147911505000,3064,btc_qm_engine:btc_ptmc_rep_hot,5.0000000000
METRIC,2026-04-15T17:58:33Z,19147912295380,3064,btc_qm_engine:btc_ptmc_rep_cold,4.0000000000
METRIC,2026-04-15T17:58:33Z,19147913281850,3064,btc_qm_engine:btc_ptmc_accept,1.0000000000
METRIC,2026-04-15T17:58:33Z,19147914147880,3064,btc_qm_engine:btc_ptmc_rep_hot,6.0000000000
METRIC,2026-04-15T17:58:33Z,19147915217430,3064,btc_qm_engine:btc_ptmc_rep_cold,5.0000000000
METRIC,2026-04-15T17:58:33Z,19147916134700,3064,btc_qm_engine:btc_ptmc_accept,1.0000000000
METRIC,2026-04-15T17:58:33Z,19147917375730,3064,btc_qm_engine:btc_ptmc_rep_hot,7.0000000000
METRIC,2026-04-15T17:58:33Z,19147918278840,3064,btc_qm_engine:btc_ptmc_rep_cold,6.0000000000
METRIC,2026-04-15T17:58:33Z,19147918949200,3064,btc_qm_engine:btc_ptmc_accept,1.0000000000
METRIC,2026-04-15T17:58:33Z,19148009131120,3064,btc_qm_engine:btc_ptmc_rep_hot,1.0000000000
METRIC,2026-04-15T17:58:33Z,19148009937050,3064,btc_qm_engine:btc_ptmc_rep_cold,0.0000000000
METRIC,2026-04-15T17:58:33Z,19148010555430,3064,btc_qm_engine:btc_ptmc_accept,1.0000000000
METRIC,2026-04-15T17:58:33Z,19148011199460,3064,btc_qm_engine:btc_ptmc_rep_hot,2.0000000000
METRIC,2026-04-15T17:58:33Z,19148011637480,3064,btc_qm_engine:btc_ptmc_rep_cold,1.0000000000
METRIC,2026-04-15T17:58:33Z,19148012195630,3064,btc_qm_engine:btc_ptmc_accept,0.3679392123
METRIC,2026-04-15T17:58:33Z,19148012852960,3064,btc_qm_engine:btc_ptmc_rep_hot,3.0000000000
METRIC,2026-04-15T17:58:33Z,19148013381980,3064,btc_qm_engine:btc_ptmc_rep_cold,2.0000000000
METRIC,2026-04-15T17:58:33Z,19148013796670,3064,btc_qm_engine:btc_ptmc_accept,1.0000000000
METRIC,2026-04-15T17:58:33Z,19148014342150,3064,btc_qm_engine:btc_ptmc_rep_hot,4.0000000000
METRIC,2026-04-15T17:58:33Z,19148014782600,3064,btc_qm_engine:btc_ptmc_rep_cold,3.0000000000
METRIC,2026-04-15T17:58:33Z,19148015401440,3064,btc_qm_engine:btc_ptmc_accept,1.0000000000
METRIC,2026-04-15T17:58:33Z,19148015924130,3064,btc_qm_engine:btc_ptmc_rep_hot,5.0000000000
METRIC,2026-04-15T17:58:33Z,19148016925870,3064,btc_qm_engine:btc_ptmc_rep_cold,4.0000000000
METRIC,2026-04-15T17:58:33Z,19148017912800,3064,btc_qm_engine:btc_ptmc_accept,1.0000000000
METRIC,2026-04-15T17:58:33Z,19148018821040,3064,btc_qm_engine:btc_ptmc_rep_hot,6.0000000000
METRIC,2026-04-15T17:58:33Z,19148019508440,3064,btc_qm_engine:btc_ptmc_rep_cold,5.0000000000
METRIC,2026-04-15T17:58:33Z,19148020333670,3064,btc_qm_engine:btc_ptmc_accept,1.0000000000
METRIC,2026-04-15T17:58:33Z,19148021215970,3064,btc_qm_engine:btc_ptmc_rep_hot,7.0000000000
METRIC,2026-04-15T17:58:33Z,19148021935960,3064,btc_qm_engine:btc_ptmc_rep_cold,6.0000000000
METRIC,2026-04-15T17:58:33Z,19148022876180,3064,btc_qm_engine:btc_ptmc_accept,1.0000000000
METRIC,2026-04-15T17:58:33Z,19148113549631,3064,btc_qm_engine:btc_ptmc_rep_hot,1.0000000000
METRIC,2026-04-15T17:58:33Z,19148114276241,3064,btc_qm_engine:btc_ptmc_rep_cold,0.0000000000
METRIC,2026-04-15T17:58:33Z,19148114795191,3064,btc_qm_engine:btc_ptmc_accept,1.0000000000
METRIC,2026-04-15T17:58:33Z,19148115534351,3064,btc_qm_engine:btc_ptmc_rep_hot,2.0000000000
METRIC,2026-04-15T17:58:33Z,19148115988231,3064,btc_qm_engine:btc_ptmc_rep_cold,1.0000000000
METRIC,2026-04-15T17:58:33Z,19148116390401,3064,btc_qm_engine:btc_ptmc_accept,0.7165624298
METRIC,2026-04-15T17:58:33Z,19148116926121,3064,btc_qm_engine:btc_ptmc_rep_hot,3.0000000000
METRIC,2026-04-15T17:58:33Z,19148117395311,3064,btc_qm_engine:btc_ptmc_rep_cold,2.0000000000
METRIC,2026-04-15T17:58:33Z,19148117845191,3064,btc_qm_engine:btc_ptmc_accept,1.0000000000
METRIC,2026-04-15T17:58:33Z,19148118483401,3064,btc_qm_engine:btc_ptmc_rep_hot,4.0000000000
METRIC,2026-04-15T17:58:33Z,19148119077521,3064,btc_qm_engine:btc_ptmc_rep_cold,3.0000000000
METRIC,2026-04-15T17:58:33Z,19148119816861,3064,btc_qm_engine:btc_ptmc_accept,1.0000000000
METRIC,2026-04-15T17:58:33Z,19148120529081,3064,btc_qm_engine:btc_ptmc_rep_hot,5.0000000000
METRIC,2026-04-15T17:58:33Z,19148121393471,3064,btc_qm_engine:btc_ptmc_rep_cold,4.0000000000
METRIC,2026-04-15T17:58:33Z,19148122417321,3064,btc_qm_engine:btc_ptmc_accept,1.0000000000
METRIC,2026-04-15T17:58:33Z,19148123371241,3064,btc_qm_engine:btc_ptmc_rep_hot,6.0000000000
METRIC,2026-04-15T17:58:33Z,19148124149251,3064,btc_qm_engine:btc_ptmc_rep_cold,5.0000000000
METRIC,2026-04-15T17:58:33Z,19148124996851,3064,btc_qm_engine:btc_ptmc_accept,1.0000000000
METRIC,2026-04-15T17:58:33Z,19148125832091,3064,btc_qm_engine:btc_ptmc_rep_hot,7.0000000000
METRIC,2026-04-15T17:58:33Z,19148126736771,3064,btc_qm_engine:btc_ptmc_rep_cold,6.0000000000
METRIC,2026-04-15T17:58:33Z,19148127682281,3064,btc_qm_engine:btc_ptmc_accept,1.0000000000
METRIC,2026-04-15T17:58:33Z,19148219173612,3064,btc_qm_engine:btc_ptmc_rep_hot,1.0000000000
METRIC,2026-04-15T17:58:33Z,19148219859102,3064,btc_qm_engine:btc_ptmc_rep_cold,0.0000000000
METRIC,2026-04-15T17:58:33Z,19148220438682,3064,btc_qm_engine:btc_ptmc_accept,-0.2635971381
METRIC,2026-04-15T17:58:33Z,19148221175662,3064,btc_qm_engine:btc_ptmc_rep_hot,2.0000000000
METRIC,2026-04-15T17:58:33Z,19148221626422,3064,btc_qm_engine:btc_ptmc_rep_cold,1.0000000000
METRIC,2026-04-15T17:58:33Z,19148222243542,3064,btc_qm_engine:btc_ptmc_accept,1.0000000000
METRIC,2026-04-15T17:58:33Z,19148222887442,3064,btc_qm_engine:btc_ptmc_rep_hot,3.0000000000
METRIC,2026-04-15T17:58:33Z,19148223444752,3064,btc_qm_engine:btc_ptmc_rep_cold,2.0000000000
METRIC,2026-04-15T17:58:33Z,19148224154502,3064,btc_qm_engine:btc_ptmc_accept,1.0000000000
METRIC,2026-04-15T17:58:33Z,19148224757932,3064,btc_qm_engine:btc_ptmc_rep_hot,4.0000000000
METRIC,2026-04-15T17:58:33Z,19148225358552,3064,btc_qm_engine:btc_ptmc_rep_cold,3.0000000000
METRIC,2026-04-15T17:58:33Z,19148225887002,3064,btc_qm_engine:btc_ptmc_accept,1.0000000000
METRIC,2026-04-15T17:58:33Z,19148226645242,3064,btc_qm_engine:btc_ptmc_rep_hot,5.0000000000
METRIC,2026-04-15T17:58:33Z,19148227673172,3064,btc_qm_engine:btc_ptmc_rep_cold,4.0000000000
METRIC,2026-04-15T17:58:33Z,19148228577412,3064,btc_qm_engine:btc_ptmc_accept,0.9394130628
METRIC,2026-04-15T17:58:33Z,19148229616862,3064,btc_qm_engine:btc_ptmc_rep_hot,6.0000000000
METRIC,2026-04-15T17:58:33Z,19148230524022,3064,btc_qm_engine:btc_ptmc_rep_cold,5.0000000000
METRIC,2026-04-15T17:58:33Z,19148233255802,3064,btc_qm_engine:btc_ptmc_accept,0.9642895790
METRIC,2026-04-15T17:58:33Z,19148234171032,3064,btc_qm_engine:btc_ptmc_rep_hot,7.0000000000
METRIC,2026-04-15T17:58:33Z,19148235200462,3064,btc_qm_engine:btc_ptmc_rep_cold,6.0000000000
METRIC,2026-04-15T17:58:33Z,19148235946502,3064,btc_qm_engine:btc_ptmc_accept,0.9767452464
METRIC,2026-04-15T17:58:33Z,19148321440562,3064,btc_qm_engine:btc_ptmc_rep_hot,1.0000000000
METRIC,2026-04-15T17:58:33Z,19148322227202,3064,btc_qm_engine:btc_ptmc_rep_cold,0.0000000000
METRIC,2026-04-15T17:58:33Z,19148322898592,3064,btc_qm_engine:btc_ptmc_accept,-0.1353352832
METRIC,2026-04-15T17:58:33Z,19148323475172,3064,btc_qm_engine:btc_ptmc_rep_hot,2.0000000000
METRIC,2026-04-15T17:58:33Z,19148323986422,3064,btc_qm_engine:btc_ptmc_rep_cold,1.0000000000
METRIC,2026-04-15T17:58:33Z,19148324500012,3064,btc_qm_engine:btc_ptmc_accept,0.7165001846
METRIC,2026-04-15T17:58:33Z,19148325171172,3064,btc_qm_engine:btc_ptmc_rep_hot,3.0000000000
METRIC,2026-04-15T17:58:33Z,19148325636442,3064,btc_qm_engine:btc_ptmc_rep_cold,2.0000000000
METRIC,2026-04-15T17:58:33Z,19148326154412,3064,btc_qm_engine:btc_ptmc_accept,0.8464725326
METRIC,2026-04-15T17:58:33Z,19148326750112,3064,btc_qm_engine:btc_ptmc_rep_hot,4.0000000000
METRIC,2026-04-15T17:58:33Z,19148327386762,3064,btc_qm_engine:btc_ptmc_rep_cold,3.0000000000
METRIC,2026-04-15T17:58:33Z,19148328061842,3064,btc_qm_engine:btc_ptmc_accept,-0.9048338808
METRIC,2026-04-15T17:58:33Z,19148328915322,3064,btc_qm_engine:btc_ptmc_rep_hot,5.0000000000
METRIC,2026-04-15T17:58:33Z,19148330252092,3064,btc_qm_engine:btc_ptmc_rep_cold,4.0000000000
METRIC,2026-04-15T17:58:33Z,19148331529682,3064,btc_qm_engine:btc_ptmc_accept,1.0000000000
METRIC,2026-04-15T17:58:33Z,19148332370562,3064,btc_qm_engine:btc_ptmc_rep_hot,6.0000000000
METRIC,2026-04-15T17:58:33Z,19148333250352,3064,btc_qm_engine:btc_ptmc_rep_cold,5.0000000000
METRIC,2026-04-15T17:58:33Z,19148334083742,3064,btc_qm_engine:btc_ptmc_accept,1.0000000000
METRIC,2026-04-15T17:58:33Z,19148335540292,3064,btc_qm_engine:btc_ptmc_rep_hot,7.0000000000
METRIC,2026-04-15T17:58:33Z,19148340449022,3064,btc_qm_engine:btc_ptmc_rep_cold,6.0000000000
METRIC,2026-04-15T17:58:33Z,19148342713452,3064,btc_qm_engine:btc_ptmc_accept,1.0000000000
METRIC,2026-04-15T17:58:33Z,19148426174153,3064,btc_qm_engine:btc_ptmc_rep_hot,1.0000000000
METRIC,2026-04-15T17:58:33Z,19148426806853,3064,btc_qm_engine:btc_ptmc_rep_cold,0.0000000000
METRIC,2026-04-15T17:58:33Z,19148427568613,3064,btc_qm_engine:btc_ptmc_accept,1.0000000000
METRIC,2026-04-15T17:58:33Z,19148428187883,3064,btc_qm_engine:btc_ptmc_rep_hot,2.0000000000
METRIC,2026-04-15T17:58:33Z,19148428750393,3064,btc_qm_engine:btc_ptmc_rep_cold,1.0000000000
METRIC,2026-04-15T17:58:33Z,19148429209203,3064,btc_qm_engine:btc_ptmc_accept,1.0000000000
METRIC,2026-04-15T17:58:33Z,19148429748143,3064,btc_qm_engine:btc_ptmc_rep_hot,3.0000000000
METRIC,2026-04-15T17:58:33Z,19148430168773,3064,btc_qm_engine:btc_ptmc_rep_cold,2.0000000000
METRIC,2026-04-15T17:58:33Z,19148430534023,3064,btc_qm_engine:btc_ptmc_accept,1.0000000000
METRIC,2026-04-15T17:58:33Z,19148431091443,3064,btc_qm_engine:btc_ptmc_rep_hot,4.0000000000
METRIC,2026-04-15T17:58:33Z,19148431887793,3064,btc_qm_engine:btc_ptmc_rep_cold,3.0000000000
METRIC,2026-04-15T17:58:33Z,19148432526363,3064,btc_qm_engine:btc_ptmc_accept,1.0000000000
METRIC,2026-04-15T17:58:33Z,19148433230393,3064,btc_qm_engine:btc_ptmc_rep_hot,5.0000000000
METRIC,2026-04-15T17:58:33Z,19148433990293,3064,btc_qm_engine:btc_ptmc_rep_cold,4.0000000000
METRIC,2026-04-15T17:58:33Z,19148434920993,3064,btc_qm_engine:btc_ptmc_accept,1.0000000000
METRIC,2026-04-15T17:58:33Z,19148435873493,3064,btc_qm_engine:btc_ptmc_rep_hot,6.0000000000
METRIC,2026-04-15T17:58:33Z,19148436665933,3064,btc_qm_engine:btc_ptmc_rep_cold,5.0000000000
METRIC,2026-04-15T17:58:33Z,19148437594423,3064,btc_qm_engine:btc_ptmc_accept,1.0000000000
METRIC,2026-04-15T17:58:33Z,19148438546873,3064,btc_qm_engine:btc_ptmc_rep_hot,7.0000000000
METRIC,2026-04-15T17:58:33Z,19148439137833,3064,btc_qm_engine:btc_ptmc_rep_cold,6.0000000000
METRIC,2026-04-15T17:58:33Z,19148439957073,3064,btc_qm_engine:btc_ptmc_accept,1.0000000000
METRIC,2026-04-15T17:58:33Z,19148530675264,3064,btc_qm_engine:btc_ptmc_rep_hot,1.0000000000
METRIC,2026-04-15T17:58:33Z,19148531614564,3064,btc_qm_engine:btc_ptmc_rep_cold,0.0000000000
METRIC,2026-04-15T17:58:33Z,19148532236964,3064,btc_qm_engine:btc_ptmc_accept,-0.5136174742
METRIC,2026-04-15T17:58:33Z,19148533096634,3064,btc_qm_engine:btc_ptmc_rep_hot,2.0000000000
METRIC,2026-04-15T17:58:33Z,19148533675804,3064,btc_qm_engine:btc_ptmc_rep_cold,1.0000000000
METRIC,2026-04-15T17:58:33Z,19148534304104,3064,btc_qm_engine:btc_ptmc_accept,0.3678528374
METRIC,2026-04-15T17:58:33Z,19148535285294,3064,btc_qm_engine:btc_ptmc_rep_hot,3.0000000000
METRIC,2026-04-15T17:58:33Z,19148536201744,3064,btc_qm_engine:btc_ptmc_rep_cold,2.0000000000
METRIC,2026-04-15T17:58:33Z,19148536681814,3064,btc_qm_engine:btc_ptmc_accept,0.6065196943
METRIC,2026-04-15T17:58:33Z,19148537265114,3064,btc_qm_engine:btc_ptmc_rep_hot,4.0000000000
METRIC,2026-04-15T17:58:33Z,19148537913254,3064,btc_qm_engine:btc_ptmc_rep_cold,3.0000000000
METRIC,2026-04-15T17:58:33Z,19148538571094,3064,btc_qm_engine:btc_ptmc_accept,1.0000000000
METRIC,2026-04-15T17:58:33Z,19148539120404,3064,btc_qm_engine:btc_ptmc_rep_hot,5.0000000000
METRIC,2026-04-15T17:58:33Z,19148539788674,3064,btc_qm_engine:btc_ptmc_rep_cold,4.0000000000
METRIC,2026-04-15T17:58:33Z,19148540487904,3064,btc_qm_engine:btc_ptmc_accept,1.0000000000
METRIC,2026-04-15T17:58:33Z,19148541101594,3064,btc_qm_engine:btc_ptmc_rep_hot,6.0000000000
METRIC,2026-04-15T17:58:33Z,19148541604674,3064,btc_qm_engine:btc_ptmc_rep_cold,5.0000000000
METRIC,2026-04-15T17:58:33Z,19148542284164,3064,btc_qm_engine:btc_ptmc_accept,1.0000000000
METRIC,2026-04-15T17:58:33Z,19148543664704,3064,btc_qm_engine:btc_ptmc_rep_hot,7.0000000000
METRIC,2026-04-15T17:58:33Z,19148544386474,3064,btc_qm_engine:btc_ptmc_rep_cold,6.0000000000
METRIC,2026-04-15T17:58:33Z,19148545309904,3064,btc_qm_engine:btc_ptmc_accept,1.0000000000
METRIC,2026-04-15T17:58:33Z,19148633785124,3064,btc_qm_engine:btc_ptmc_rep_hot,1.0000000000
METRIC,2026-04-15T17:58:33Z,19148635084784,3064,btc_qm_engine:btc_ptmc_rep_cold,0.0000000000
METRIC,2026-04-15T17:58:33Z,19148635806254,3064,btc_qm_engine:btc_ptmc_accept,1.0000000000
METRIC,2026-04-15T17:58:33Z,19148636841814,3064,btc_qm_engine:btc_ptmc_rep_hot,2.0000000000
METRIC,2026-04-15T17:58:33Z,19148637481564,3064,btc_qm_engine:btc_ptmc_rep_cold,1.0000000000
METRIC,2026-04-15T17:58:33Z,19148638014084,3064,btc_qm_engine:btc_ptmc_accept,1.0000000000
METRIC,2026-04-15T17:58:33Z,19148638702104,3064,btc_qm_engine:btc_ptmc_rep_hot,3.0000000000
METRIC,2026-04-15T17:58:33Z,19148639388604,3064,btc_qm_engine:btc_ptmc_rep_cold,2.0000000000
METRIC,2026-04-15T17:58:33Z,19148639810834,3064,btc_qm_engine:btc_ptmc_accept,1.0000000000
METRIC,2026-04-15T17:58:33Z,19148640493994,3064,btc_qm_engine:btc_ptmc_rep_hot,4.0000000000
METRIC,2026-04-15T17:58:33Z,19148640977064,3064,btc_qm_engine:btc_ptmc_rep_cold,3.0000000000
METRIC,2026-04-15T17:58:33Z,19148641497694,3064,btc_qm_engine:btc_ptmc_accept,1.0000000000
METRIC,2026-04-15T17:58:33Z,19148641973864,3064,btc_qm_engine:btc_ptmc_rep_hot,5.0000000000
METRIC,2026-04-15T17:58:33Z,19148642890504,3064,btc_qm_engine:btc_ptmc_rep_cold,4.0000000000
METRIC,2026-04-15T17:58:33Z,19148643823964,3064,btc_qm_engine:btc_ptmc_accept,0.9394138589
METRIC,2026-04-15T17:58:33Z,19148644592784,3064,btc_qm_engine:btc_ptmc_rep_hot,6.0000000000
METRIC,2026-04-15T17:58:33Z,19148645450314,3064,btc_qm_engine:btc_ptmc_rep_cold,5.0000000000
METRIC,2026-04-15T17:58:33Z,19148646309844,3064,btc_qm_engine:btc_ptmc_accept,0.9642898556
METRIC,2026-04-15T17:58:33Z,19148647171014,3064,btc_qm_engine:btc_ptmc_rep_hot,7.0000000000
METRIC,2026-04-15T17:58:33Z,19148647984924,3064,btc_qm_engine:btc_ptmc_rep_cold,6.0000000000
METRIC,2026-04-15T17:58:33Z,19148649332094,3064,btc_qm_engine:btc_ptmc_accept,0.9767447714
METRIC,2026-04-15T17:58:33Z,19148734548795,3064,btc_qm_engine:btc_ptmc_rep_hot,1.0000000000
METRIC,2026-04-15T17:58:33Z,19148735399935,3064,btc_qm_engine:btc_ptmc_rep_cold,0.0000000000
METRIC,2026-04-15T17:58:33Z,19148735965585,3064,btc_qm_engine:btc_ptmc_accept,0.5136174742
METRIC,2026-04-15T17:58:33Z,19148736702335,3064,btc_qm_engine:btc_ptmc_rep_hot,2.0000000000
METRIC,2026-04-15T17:58:33Z,19148737254435,3064,btc_qm_engine:btc_ptmc_rep_cold,1.0000000000
METRIC,2026-04-15T17:58:33Z,19148737777985,3064,btc_qm_engine:btc_ptmc_accept,1.0000000000
METRIC,2026-04-15T17:58:33Z,19148738410545,3064,btc_qm_engine:btc_ptmc_rep_hot,3.0000000000
METRIC,2026-04-15T17:58:33Z,19148739555125,3064,btc_qm_engine:btc_ptmc_rep_cold,2.0000000000
METRIC,2026-04-15T17:58:33Z,19148740231135,3064,btc_qm_engine:btc_ptmc_accept,0.8464931860
METRIC,2026-04-15T17:58:33Z,19148740995455,3064,btc_qm_engine:btc_ptmc_rep_hot,4.0000000000
METRIC,2026-04-15T17:58:33Z,19148741662915,3064,btc_qm_engine:btc_ptmc_rep_cold,3.0000000000
METRIC,2026-04-15T17:58:33Z,19148742536105,3064,btc_qm_engine:btc_ptmc_accept,0.8187387348
METRIC,2026-04-15T17:58:33Z,19148743850685,3064,btc_qm_engine:btc_ptmc_rep_hot,5.0000000000
METRIC,2026-04-15T17:58:33Z,19148744956655,3064,btc_qm_engine:btc_ptmc_rep_cold,4.0000000000
METRIC,2026-04-15T17:58:33Z,19148746138635,3064,btc_qm_engine:btc_ptmc_accept,-0.8825002633
METRIC,2026-04-15T17:58:33Z,19148746946235,3064,btc_qm_engine:btc_ptmc_rep_hot,6.0000000000
METRIC,2026-04-15T17:58:33Z,19148748229545,3064,btc_qm_engine:btc_ptmc_rep_cold,5.0000000000
METRIC,2026-04-15T17:58:33Z,19148749189005,3064,btc_qm_engine:btc_ptmc_accept,1.0000000000
METRIC,2026-04-15T17:58:33Z,19148750330575,3064,btc_qm_engine:btc_ptmc_rep_hot,7.0000000000
METRIC,2026-04-15T17:58:33Z,19148751254725,3064,btc_qm_engine:btc_ptmc_rep_cold,6.0000000000
METRIC,2026-04-15T17:58:33Z,19148752287255,3064,btc_qm_engine:btc_ptmc_accept,1.0000000000
METRIC,2026-04-15T17:58:33Z,19148838570756,3064,btc_qm_engine:btc_ptmc_rep_hot,1.0000000000
METRIC,2026-04-15T17:58:33Z,19148839169636,3064,btc_qm_engine:btc_ptmc_rep_cold,0.0000000000
METRIC,2026-04-15T17:58:33Z,19148839598046,3064,btc_qm_engine:btc_ptmc_accept,0.5135063048
METRIC,2026-04-15T17:58:33Z,19148840204146,3064,btc_qm_engine:btc_ptmc_rep_hot,2.0000000000
METRIC,2026-04-15T17:58:33Z,19148840660346,3064,btc_qm_engine:btc_ptmc_rep_cold,1.0000000000
METRIC,2026-04-15T17:58:33Z,19148841123296,3064,btc_qm_engine:btc_ptmc_accept,0.5134617158
METRIC,2026-04-15T17:58:33Z,19148841637956,3064,btc_qm_engine:btc_ptmc_rep_hot,3.0000000000
METRIC,2026-04-15T17:58:33Z,19148842179916,3064,btc_qm_engine:btc_ptmc_rep_cold,2.0000000000
METRIC,2026-04-15T17:58:33Z,19148842605396,3064,btc_qm_engine:btc_ptmc_accept,1.0000000000
METRIC,2026-04-15T17:58:33Z,19148843209416,3064,btc_qm_engine:btc_ptmc_rep_hot,4.0000000000
METRIC,2026-04-15T17:58:33Z,19148843856606,3064,btc_qm_engine:btc_ptmc_rep_cold,3.0000000000
METRIC,2026-04-15T17:58:33Z,19148844464076,3064,btc_qm_engine:btc_ptmc_accept,0.8187371539
METRIC,2026-04-15T17:58:34Z,19148845150606,3064,btc_qm_engine:btc_ptmc_rep_hot,5.0000000000
METRIC,2026-04-15T17:58:34Z,19148845886996,3064,btc_qm_engine:btc_ptmc_rep_cold,4.0000000000
METRIC,2026-04-15T17:58:34Z,19148846526926,3064,btc_qm_engine:btc_ptmc_accept,0.7788055399
METRIC,2026-04-15T17:58:34Z,19148848514156,3064,btc_qm_engine:btc_ptmc_rep_hot,6.0000000000
METRIC,2026-04-15T17:58:34Z,19148849356326,3064,btc_qm_engine:btc_ptmc_rep_cold,5.0000000000
METRIC,2026-04-15T17:58:34Z,19148850118116,3064,btc_qm_engine:btc_ptmc_accept,0.8966502907
METRIC,2026-04-15T17:58:34Z,19148851217606,3064,btc_qm_engine:btc_ptmc_rep_hot,7.0000000000
METRIC,2026-04-15T17:58:34Z,19148852100706,3064,btc_qm_engine:btc_ptmc_rep_cold,6.0000000000
METRIC,2026-04-15T17:58:34Z,19148853187106,3064,btc_qm_engine:btc_ptmc_accept,0.9101756765
HW_SAMPLE,2026-04-15T17:58:34Z,19148861902966,3064,btc_qm_engine:cpu_delta_pct,43.5641
HW_SAMPLE,2026-04-15T17:58:34Z,19148861902966,3064,btc_qm_engine:mem_used_pct,59.7329
HW_SAMPLE,2026-04-15T17:58:34Z,19148861902966,3064,btc_qm_engine:vm_rss_kb,7616
HW_SAMPLE,2026-04-15T17:58:34Z,19148861902966,3064,btc_qm_engine:vm_peak_kb,449320
HW_SAMPLE,2026-04-15T17:58:34Z,19148862921646,3064,btc_qm_engine:cpu_delta_pct,0.0000
HW_SAMPLE,2026-04-15T17:58:34Z,19148862921646,3064,btc_qm_engine:mem_used_pct,59.7329
HW_SAMPLE,2026-04-15T17:58:34Z,19148862921646,3064,btc_qm_engine:vm_rss_kb,7616
HW_SAMPLE,2026-04-15T17:58:34Z,19148862921646,3064,btc_qm_engine:vm_peak_kb,449320
HW_SAMPLE,2026-04-15T17:58:34Z,19148863119776,3064,btc_qm_engine:cpu_delta_pct,0.0000
HW_SAMPLE,2026-04-15T17:58:34Z,19148863119776,3064,btc_qm_engine:mem_used_pct,59.7329
HW_SAMPLE,2026-04-15T17:58:34Z,19148863119776,3064,btc_qm_engine:vm_rss_kb,7616
HW_SAMPLE,2026-04-15T17:58:34Z,19148863119776,3064,btc_qm_engine:vm_peak_kb,449320
HW_SAMPLE,2026-04-15T17:58:34Z,19148862052996,3064,btc_qm_engine:cpu_delta_pct,0.0000
HW_SAMPLE,2026-04-15T17:58:34Z,19148862052996,3064,btc_qm_engine:mem_used_pct,59.7329
HW_SAMPLE,2026-04-15T17:58:34Z,19148862052996,3064,btc_qm_engine:vm_rss_kb,7616
HW_SAMPLE,2026-04-15T17:58:34Z,19148862052996,3064,btc_qm_engine:vm_peak_kb,449320
METRIC,2026-04-15T17:58:34Z,19148941972916,3064,btc_qm_engine:btc_ptmc_rep_hot,1.0000000000
METRIC,2026-04-15T17:58:34Z,19148942711936,3064,btc_qm_engine:btc_ptmc_rep_cold,0.0000000000
METRIC,2026-04-15T17:58:34Z,19148943435856,3064,btc_qm_engine:btc_ptmc_accept,1.0000000000
METRIC,2026-04-15T17:58:34Z,19148944144186,3064,btc_qm_engine:btc_ptmc_rep_hot,2.0000000000
METRIC,2026-04-15T17:58:34Z,19148944626046,3064,btc_qm_engine:btc_ptmc_rep_cold,1.0000000000
METRIC,2026-04-15T17:58:34Z,19148945253676,3064,btc_qm_engine:btc_ptmc_accept,1.0000000000
METRIC,2026-04-15T17:58:34Z,19148945831606,3064,btc_qm_engine:btc_ptmc_rep_hot,3.0000000000
METRIC,2026-04-15T17:58:34Z,19148946327996,3064,btc_qm_engine:btc_ptmc_rep_cold,2.0000000000
METRIC,2026-04-15T17:58:34Z,19148946747446,3064,btc_qm_engine:btc_ptmc_accept,0.7165313106
METRIC,2026-04-15T17:58:34Z,19148947353046,3064,btc_qm_engine:btc_ptmc_rep_hot,4.0000000000
METRIC,2026-04-15T17:58:34Z,19148947998596,3064,btc_qm_engine:btc_ptmc_rep_cold,3.0000000000
METRIC,2026-04-15T17:58:34Z,19148948436016,3064,btc_qm_engine:btc_ptmc_accept,1.0000000000
METRIC,2026-04-15T17:58:34Z,19148949075636,3064,btc_qm_engine:btc_ptmc_rep_hot,5.0000000000
METRIC,2026-04-15T17:58:34Z,19148949704406,3064,btc_qm_engine:btc_ptmc_rep_cold,4.0000000000
METRIC,2026-04-15T17:58:34Z,19148950789456,3064,btc_qm_engine:btc_ptmc_accept,1.0000000000
METRIC,2026-04-15T17:58:34Z,19148951597546,3064,btc_qm_engine:btc_ptmc_rep_hot,6.0000000000
METRIC,2026-04-15T17:58:34Z,19148952459056,3064,btc_qm_engine:btc_ptmc_rep_cold,5.0000000000
METRIC,2026-04-15T17:58:34Z,19148953309436,3064,btc_qm_engine:btc_ptmc_accept,1.0000000000
METRIC,2026-04-15T17:58:34Z,19148954126676,3064,btc_qm_engine:btc_ptmc_rep_hot,7.0000000000
METRIC,2026-04-15T17:58:34Z,19148955079806,3064,btc_qm_engine:btc_ptmc_rep_cold,6.0000000000
METRIC,2026-04-15T17:58:34Z,19148956276246,3064,btc_qm_engine:btc_ptmc_accept,1.0000000000
METRIC,2026-04-15T17:58:34Z,19149045626027,3064,btc_qm_engine:btc_ptmc_rep_hot,1.0000000000
METRIC,2026-04-15T17:58:34Z,19149188423348,3064,btc_qm_engine:btc_ptmc_rep_cold,0.0000000000
METRIC,2026-04-15T17:58:34Z,19149188954308,3064,btc_qm_engine:btc_ptmc_accept,1.0000000000
METRIC,2026-04-15T17:58:34Z,19149189764508,3064,btc_qm_engine:btc_ptmc_rep_hot,2.0000000000
METRIC,2026-04-15T17:58:34Z,19149190318448,3064,btc_qm_engine:btc_ptmc_rep_cold,1.0000000000
METRIC,2026-04-15T17:58:34Z,19149190843648,3064,btc_qm_engine:btc_ptmc_accept,1.0000000000
METRIC,2026-04-15T17:58:34Z,19149191559268,3064,btc_qm_engine:btc_ptmc_rep_hot,3.0000000000
METRIC,2026-04-15T17:58:34Z,19149192117528,3064,btc_qm_engine:btc_ptmc_rep_cold,2.0000000000
METRIC,2026-04-15T17:58:34Z,19149192570768,3064,btc_qm_engine:btc_ptmc_accept,1.0000000000
METRIC,2026-04-15T17:58:34Z,19149193205898,3064,btc_qm_engine:btc_ptmc_rep_hot,4.0000000000
METRIC,2026-04-15T17:58:34Z,19149193810018,3064,btc_qm_engine:btc_ptmc_rep_cold,3.0000000000
METRIC,2026-04-15T17:58:34Z,19149194352198,3064,btc_qm_engine:btc_ptmc_accept,1.0000000000
METRIC,2026-04-15T17:58:34Z,19149195487028,3064,btc_qm_engine:btc_ptmc_rep_hot,5.0000000000
METRIC,2026-04-15T17:58:34Z,19149196419838,3064,btc_qm_engine:btc_ptmc_rep_cold,4.0000000000
METRIC,2026-04-15T17:58:34Z,19149197248768,3064,btc_qm_engine:btc_ptmc_accept,1.0000000000
METRIC,2026-04-15T17:58:34Z,19149198247198,3064,btc_qm_engine:btc_ptmc_rep_hot,6.0000000000
METRIC,2026-04-15T17:58:34Z,19149199449118,3064,btc_qm_engine:btc_ptmc_rep_cold,5.0000000000
METRIC,2026-04-15T17:58:34Z,19149200775638,3064,btc_qm_engine:btc_ptmc_accept,1.0000000000
METRIC,2026-04-15T17:58:34Z,19149201638328,3064,btc_qm_engine:btc_ptmc_rep_hot,7.0000000000
METRIC,2026-04-15T17:58:34Z,19149202774408,3064,btc_qm_engine:btc_ptmc_rep_cold,6.0000000000
METRIC,2026-04-15T17:58:34Z,19149203538398,3064,btc_qm_engine:btc_ptmc_accept,1.0000000000
METRIC,2026-04-15T17:58:34Z,19149211221258,3064,btc_qm_engine:btc_ptmc_rep_hot,1.0000000000
METRIC,2026-04-15T17:58:34Z,19149212196618,3064,btc_qm_engine:btc_ptmc_rep_cold,0.0000000000
METRIC,2026-04-15T17:58:34Z,19149212849068,3064,btc_qm_engine:btc_ptmc_accept,1.0000000000
METRIC,2026-04-15T17:58:34Z,19149213417748,3064,btc_qm_engine:btc_ptmc_rep_hot,2.0000000000
METRIC,2026-04-15T17:58:34Z,19149213860048,3064,btc_qm_engine:btc_ptmc_rep_cold,1.0000000000
METRIC,2026-04-15T17:58:34Z,19149214397338,3064,btc_qm_engine:btc_ptmc_accept,0.7164924961
METRIC,2026-04-15T17:58:34Z,19149214965538,3064,btc_qm_engine:btc_ptmc_rep_hot,3.0000000000
METRIC,2026-04-15T17:58:34Z,19149215474498,3064,btc_qm_engine:btc_ptmc_rep_cold,2.0000000000
METRIC,2026-04-15T17:58:34Z,19149216086758,3064,btc_qm_engine:btc_ptmc_accept,1.0000000000
METRIC,2026-04-15T17:58:34Z,19149216718618,3064,btc_qm_engine:btc_ptmc_rep_hot,4.0000000000
METRIC,2026-04-15T17:58:34Z,19149217369548,3064,btc_qm_engine:btc_ptmc_rep_cold,3.0000000000
METRIC,2026-04-15T17:58:34Z,19149218224518,3064,btc_qm_engine:btc_ptmc_accept,-0.6703069753
METRIC,2026-04-15T17:58:34Z,19149218954218,3064,btc_qm_engine:btc_ptmc_rep_hot,5.0000000000
METRIC,2026-04-15T17:58:34Z,19149220169508,3064,btc_qm_engine:btc_ptmc_rep_cold,4.0000000000
METRIC,2026-04-15T17:58:34Z,19149221245038,3064,btc_qm_engine:btc_ptmc_accept,1.0000000000
METRIC,2026-04-15T17:58:34Z,19149222467728,3064,btc_qm_engine:btc_ptmc_rep_hot,6.0000000000
METRIC,2026-04-15T17:58:34Z,19149223326918,3064,btc_qm_engine:btc_ptmc_rep_cold,5.0000000000
METRIC,2026-04-15T17:58:34Z,19149223901938,3064,btc_qm_engine:btc_ptmc_accept,1.0000000000
METRIC,2026-04-15T17:58:34Z,19149224966078,3064,btc_qm_engine:btc_ptmc_rep_hot,7.0000000000
METRIC,2026-04-15T17:58:34Z,19149225883978,3064,btc_qm_engine:btc_ptmc_rep_cold,6.0000000000
METRIC,2026-04-15T17:58:34Z,19149226962418,3064,btc_qm_engine:btc_ptmc_accept,1.0000000000
METRIC,2026-04-15T17:58:34Z,19149317600179,3064,btc_qm_engine:btc_ptmc_rep_hot,1.0000000000
METRIC,2026-04-15T17:58:34Z,19149318617119,3064,btc_qm_engine:btc_ptmc_rep_cold,0.0000000000
METRIC,2026-04-15T17:58:34Z,19149319317529,3064,btc_qm_engine:btc_ptmc_accept,1.0000000000
METRIC,2026-04-15T17:58:34Z,19149319890679,3064,btc_qm_engine:btc_ptmc_rep_hot,2.0000000000
METRIC,2026-04-15T17:58:34Z,19149320381339,3064,btc_qm_engine:btc_ptmc_rep_cold,1.0000000000
METRIC,2026-04-15T17:58:34Z,19149320815709,3064,btc_qm_engine:btc_ptmc_accept,1.0000000000
METRIC,2026-04-15T17:58:34Z,19149321410259,3064,btc_qm_engine:btc_ptmc_rep_hot,3.0000000000
METRIC,2026-04-15T17:58:34Z,19149322110429,3064,btc_qm_engine:btc_ptmc_rep_cold,2.0000000000
METRIC,2026-04-15T17:58:34Z,19149322521059,3064,btc_qm_engine:btc_ptmc_accept,1.0000000000
METRIC,2026-04-15T17:58:34Z,19149322988159,3064,btc_qm_engine:btc_ptmc_rep_hot,4.0000000000
METRIC,2026-04-15T17:58:34Z,19149323493259,3064,btc_qm_engine:btc_ptmc_rep_cold,3.0000000000
METRIC,2026-04-15T17:58:34Z,19149324215069,3064,btc_qm_engine:btc_ptmc_accept,1.0000000000
METRIC,2026-04-15T17:58:34Z,19149324880979,3064,btc_qm_engine:btc_ptmc_rep_hot,5.0000000000
METRIC,2026-04-15T17:58:34Z,19149325629909,3064,btc_qm_engine:btc_ptmc_rep_cold,4.0000000000
METRIC,2026-04-15T17:58:34Z,19149326607289,3064,btc_qm_engine:btc_ptmc_accept,0.7787981431
METRIC,2026-04-15T17:58:34Z,19149327692669,3064,btc_qm_engine:btc_ptmc_rep_hot,6.0000000000
METRIC,2026-04-15T17:58:34Z,19149328696859,3064,btc_qm_engine:btc_ptmc_rep_cold,5.0000000000
METRIC,2026-04-15T17:58:34Z,19149329544529,3064,btc_qm_engine:btc_ptmc_accept,0.8646281984
METRIC,2026-04-15T17:58:34Z,19149330358749,3064,btc_qm_engine:btc_ptmc_rep_hot,7.0000000000
METRIC,2026-04-15T17:58:34Z,19149331217219,3064,btc_qm_engine:btc_ptmc_rep_cold,6.0000000000
METRIC,2026-04-15T17:58:34Z,19149331949929,3064,btc_qm_engine:btc_ptmc_accept,0.9101734687
METRIC,2026-04-15T17:58:34Z,19149424135770,3064,btc_qm_engine:btc_ptmc_rep_hot,1.0000000000
METRIC,2026-04-15T17:58:34Z,19149424775530,3064,btc_qm_engine:btc_ptmc_rep_cold,0.0000000000
METRIC,2026-04-15T17:58:34Z,19149425443750,3064,btc_qm_engine:btc_ptmc_accept,1.0000000000
METRIC,2026-04-15T17:58:34Z,19149426242529,3064,btc_qm_engine:btc_ptmc_rep_hot,2.0000000000
METRIC,2026-04-15T17:58:34Z,19149426906680,3064,btc_qm_engine:btc_ptmc_rep_cold,1.0000000000
METRIC,2026-04-15T17:58:34Z,19149427427790,3064,btc_qm_engine:btc_ptmc_accept,0.5134418693
METRIC,2026-04-15T17:58:34Z,19149428015680,3064,btc_qm_engine:btc_ptmc_rep_hot,3.0000000000
METRIC,2026-04-15T17:58:34Z,19149428787530,3064,btc_qm_engine:btc_ptmc_rep_cold,2.0000000000
METRIC,2026-04-15T17:58:34Z,19149429348130,3064,btc_qm_engine:btc_ptmc_accept,0.6065416246
METRIC,2026-04-15T17:58:34Z,19149431704550,3064,btc_qm_engine:btc_ptmc_rep_hot,4.0000000000
METRIC,2026-04-15T17:58:34Z,19149432440320,3064,btc_qm_engine:btc_ptmc_rep_cold,3.0000000000
METRIC,2026-04-15T17:58:34Z,19149433136470,3064,btc_qm_engine:btc_ptmc_accept,1.0000000000
METRIC,2026-04-15T17:58:34Z,19149433816830,3064,btc_qm_engine:btc_ptmc_rep_hot,5.0000000000
METRIC,2026-04-15T17:58:34Z,19149434774930,3064,btc_qm_engine:btc_ptmc_rep_cold,4.0000000000
METRIC,2026-04-15T17:58:34Z,19149435652650,3064,btc_qm_engine:btc_ptmc_accept,1.0000000000
METRIC,2026-04-15T17:58:34Z,19149436902150,3064,btc_qm_engine:btc_ptmc_rep_hot,6.0000000000
METRIC,2026-04-15T17:58:34Z,19149438358000,3064,btc_qm_engine:btc_ptmc_rep_cold,5.0000000000
METRIC,2026-04-15T17:58:34Z,19149439156630,3064,btc_qm_engine:btc_ptmc_accept,1.0000000000
METRIC,2026-04-15T17:58:34Z,19149439846240,3064,btc_qm_engine:btc_ptmc_rep_hot,7.0000000000
METRIC,2026-04-15T17:58:34Z,19149440909560,3064,btc_qm_engine:btc_ptmc_rep_cold,6.0000000000
METRIC,2026-04-15T17:58:34Z,19149441818030,3064,btc_qm_engine:btc_ptmc_accept,1.0000000000
METRIC,2026-04-15T17:58:34Z,19149526322900,3064,btc_qm_engine:btc_ptmc_rep_hot,1.0000000000
METRIC,2026-04-15T17:58:34Z,19149526991110,3064,btc_qm_engine:btc_ptmc_rep_cold,0.0000000000
METRIC,2026-04-15T17:58:34Z,19149527587800,3064,btc_qm_engine:btc_ptmc_accept,1.0000000000
METRIC,2026-04-15T17:58:34Z,19149528204890,3064,btc_qm_engine:btc_ptmc_rep_hot,2.0000000000
METRIC,2026-04-15T17:58:34Z,19149528714670,3064,btc_qm_engine:btc_ptmc_rep_cold,1.0000000000
METRIC,2026-04-15T17:58:34Z,19149529257810,3064,btc_qm_engine:btc_ptmc_accept,1.0000000000
METRIC,2026-04-15T17:58:34Z,19149529917960,3064,btc_qm_engine:btc_ptmc_rep_hot,3.0000000000
METRIC,2026-04-15T17:58:34Z,19149530547400,3064,btc_qm_engine:btc_ptmc_rep_cold,2.0000000000
METRIC,2026-04-15T17:58:34Z,19149531010340,3064,btc_qm_engine:btc_ptmc_accept,1.0000000000
METRIC,2026-04-15T17:58:34Z,19149531630400,3064,btc_qm_engine:btc_ptmc_rep_hot,4.0000000000
METRIC,2026-04-15T17:58:34Z,19149532309490,3064,btc_qm_engine:btc_ptmc_rep_cold,3.0000000000
METRIC,2026-04-15T17:58:34Z,19149532867660,3064,btc_qm_engine:btc_ptmc_accept,1.0000000000
METRIC,2026-04-15T17:58:34Z,19149533600370,3064,btc_qm_engine:btc_ptmc_rep_hot,5.0000000000
METRIC,2026-04-15T17:58:34Z,19149534540490,3064,btc_qm_engine:btc_ptmc_rep_cold,4.0000000000
METRIC,2026-04-15T17:58:34Z,19149535667700,3064,btc_qm_engine:btc_ptmc_accept,1.0000000000
METRIC,2026-04-15T17:58:34Z,19149536608340,3064,btc_qm_engine:btc_ptmc_rep_hot,6.0000000000
METRIC,2026-04-15T17:58:34Z,19149537459020,3064,btc_qm_engine:btc_ptmc_rep_cold,5.0000000000
METRIC,2026-04-15T17:58:34Z,19149538556140,3064,btc_qm_engine:btc_ptmc_accept,1.0000000000
METRIC,2026-04-15T17:58:34Z,19149539428180,3064,btc_qm_engine:btc_ptmc_rep_hot,7.0000000000
METRIC,2026-04-15T17:58:34Z,19149540291900,3064,btc_qm_engine:btc_ptmc_rep_cold,6.0000000000
METRIC,2026-04-15T17:58:34Z,19149540962210,3064,btc_qm_engine:btc_ptmc_accept,1.0000000000
METRIC,2026-04-15T17:58:34Z,19149630605171,3064,btc_qm_engine:btc_ptmc_rep_hot,1.0000000000
METRIC,2026-04-15T17:58:34Z,19149631433201,3064,btc_qm_engine:btc_ptmc_rep_cold,0.0000000000
METRIC,2026-04-15T17:58:34Z,19149632226711,3064,btc_qm_engine:btc_ptmc_accept,1.0000000000
METRIC,2026-04-15T17:58:34Z,19149633077121,3064,btc_qm_engine:btc_ptmc_rep_hot,2.0000000000
METRIC,2026-04-15T17:58:34Z,19149633646191,3064,btc_qm_engine:btc_ptmc_rep_cold,1.0000000000
METRIC,2026-04-15T17:58:34Z,19149634245861,3064,btc_qm_engine:btc_ptmc_accept,1.0000000000
METRIC,2026-04-15T17:58:34Z,19149634924221,3064,btc_qm_engine:btc_ptmc_rep_hot,3.0000000000
METRIC,2026-04-15T17:58:34Z,19149635557121,3064,btc_qm_engine:btc_ptmc_rep_cold,2.0000000000
METRIC,2026-04-15T17:58:34Z,19149636130051,3064,btc_qm_engine:btc_ptmc_accept,0.7165468710
METRIC,2026-04-15T17:58:34Z,19149636879931,3064,btc_qm_engine:btc_ptmc_rep_hot,4.0000000000
METRIC,2026-04-15T17:58:34Z,19149637725871,3064,btc_qm_engine:btc_ptmc_rep_cold,3.0000000000
METRIC,2026-04-15T17:58:34Z,19149638448531,3064,btc_qm_engine:btc_ptmc_accept,1.0000000000
METRIC,2026-04-15T17:58:34Z,19149639324941,3064,btc_qm_engine:btc_ptmc_rep_hot,5.0000000000
METRIC,2026-04-15T17:58:34Z,19149640210671,3064,btc_qm_engine:btc_ptmc_rep_cold,4.0000000000
METRIC,2026-04-15T17:58:34Z,19149641296251,3064,btc_qm_engine:btc_ptmc_accept,1.0000000000
METRIC,2026-04-15T17:58:34Z,19149642109151,3064,btc_qm_engine:btc_ptmc_rep_hot,6.0000000000
METRIC,2026-04-15T17:58:34Z,19149643222001,3064,btc_qm_engine:btc_ptmc_rep_cold,5.0000000000
METRIC,2026-04-15T17:58:34Z,19149644202471,3064,btc_qm_engine:btc_ptmc_accept,1.0000000000
METRIC,2026-04-15T17:58:34Z,19149644971081,3064,btc_qm_engine:btc_ptmc_rep_hot,7.0000000000
METRIC,2026-04-15T17:58:34Z,19149645983981,3064,btc_qm_engine:btc_ptmc_rep_cold,6.0000000000
METRIC,2026-04-15T17:58:34Z,19149646791171,3064,btc_qm_engine:btc_ptmc_accept,1.0000000000
METRIC,2026-04-15T17:58:34Z,19149736026602,3064,btc_qm_engine:btc_ptmc_rep_hot,1.0000000000
METRIC,2026-04-15T17:58:34Z,19149736730542,3064,btc_qm_engine:btc_ptmc_rep_cold,0.0000000000
METRIC,2026-04-15T17:58:34Z,19149737345052,3064,btc_qm_engine:btc_ptmc_accept,1.0000000000
METRIC,2026-04-15T17:58:34Z,19149737970392,3064,btc_qm_engine:btc_ptmc_rep_hot,2.0000000000
METRIC,2026-04-15T17:58:34Z,19149738508902,3064,btc_qm_engine:btc_ptmc_rep_cold,1.0000000000
METRIC,2026-04-15T17:58:34Z,19149739015272,3064,btc_qm_engine:btc_ptmc_accept,-0.7165313106
METRIC,2026-04-15T17:58:34Z,19149739690572,3064,btc_qm_engine:btc_ptmc_rep_hot,3.0000000000
METRIC,2026-04-15T17:58:34Z,19149740253492,3064,btc_qm_engine:btc_ptmc_rep_cold,2.0000000000
METRIC,2026-04-15T17:58:34Z,19149740727472,3064,btc_qm_engine:btc_ptmc_accept,1.0000000000
METRIC,2026-04-15T17:58:34Z,19149741504052,3064,btc_qm_engine:btc_ptmc_rep_hot,4.0000000000
METRIC,2026-04-15T17:58:34Z,19149742224352,3064,btc_qm_engine:btc_ptmc_rep_cold,3.0000000000
METRIC,2026-04-15T17:58:34Z,19149743492352,3064,btc_qm_engine:btc_ptmc_accept,1.0000000000
METRIC,2026-04-15T17:58:34Z,19149744210392,3064,btc_qm_engine:btc_ptmc_rep_hot,5.0000000000
METRIC,2026-04-15T17:58:34Z,19149745206302,3064,btc_qm_engine:btc_ptmc_rep_cold,4.0000000000
METRIC,2026-04-15T17:58:34Z,19149745838412,3064,btc_qm_engine:btc_ptmc_accept,1.0000000000
METRIC,2026-04-15T17:58:34Z,19149746578342,3064,btc_qm_engine:btc_ptmc_rep_hot,6.0000000000
METRIC,2026-04-15T17:58:34Z,19149747283372,3064,btc_qm_engine:btc_ptmc_rep_cold,5.0000000000
METRIC,2026-04-15T17:58:34Z,19149747889832,3064,btc_qm_engine:btc_ptmc_accept,1.0000000000
METRIC,2026-04-15T17:58:34Z,19149748751962,3064,btc_qm_engine:btc_ptmc_rep_hot,7.0000000000
METRIC,2026-04-15T17:58:34Z,19149749599742,3064,btc_qm_engine:btc_ptmc_rep_cold,6.0000000000
METRIC,2026-04-15T17:58:34Z,19149750504192,3064,btc_qm_engine:btc_ptmc_accept,1.0000000000
METRIC,2026-04-15T17:58:34Z,19149839725362,3064,btc_qm_engine:btc_ptmc_rep_hot,1.0000000000
METRIC,2026-04-15T17:58:34Z,19149840350462,3064,btc_qm_engine:btc_ptmc_rep_cold,0.0000000000
METRIC,2026-04-15T17:58:34Z,19149840865442,3064,btc_qm_engine:btc_ptmc_accept,1.0000000000
METRIC,2026-04-15T17:58:34Z,19149841502652,3064,btc_qm_engine:btc_ptmc_rep_hot,2.0000000000
METRIC,2026-04-15T17:58:34Z,19149841972842,3064,btc_qm_engine:btc_ptmc_rep_cold,1.0000000000
METRIC,2026-04-15T17:58:34Z,19149842532542,3064,btc_qm_engine:btc_ptmc_accept,-0.5133725145
METRIC,2026-04-15T17:58:34Z,19149843186872,3064,btc_qm_engine:btc_ptmc_rep_hot,3.0000000000
METRIC,2026-04-15T17:58:34Z,19149843895812,3064,btc_qm_engine:btc_ptmc_rep_cold,2.0000000000
METRIC,2026-04-15T17:58:34Z,19149844463712,3064,btc_qm_engine:btc_ptmc_accept,-0.7165157484
METRIC,2026-04-15T17:58:35Z,19149845241772,3064,btc_qm_engine:btc_ptmc_rep_hot,4.0000000000
METRIC,2026-04-15T17:58:35Z,19149845919372,3064,btc_qm_engine:btc_ptmc_rep_cold,3.0000000000
METRIC,2026-04-15T17:58:35Z,19149846456322,3064,btc_qm_engine:btc_ptmc_accept,-0.7408095325
METRIC,2026-04-15T17:58:35Z,19149847100932,3064,btc_qm_engine:btc_ptmc_rep_hot,5.0000000000
METRIC,2026-04-15T17:58:35Z,19149847797562,3064,btc_qm_engine:btc_ptmc_rep_cold,4.0000000000
METRIC,2026-04-15T17:58:35Z,19149848385712,3064,btc_qm_engine:btc_ptmc_accept,1.0000000000
METRIC,2026-04-15T17:58:35Z,19149849270832,3064,btc_qm_engine:btc_ptmc_rep_hot,6.0000000000
METRIC,2026-04-15T17:58:35Z,19149849948192,3064,btc_qm_engine:btc_ptmc_rep_cold,5.0000000000
METRIC,2026-04-15T17:58:35Z,19149850634192,3064,btc_qm_engine:btc_ptmc_accept,1.0000000000
METRIC,2026-04-15T17:58:35Z,19149851711952,3064,btc_qm_engine:btc_ptmc_rep_hot,7.0000000000
METRIC,2026-04-15T17:58:35Z,19149852740642,3064,btc_qm_engine:btc_ptmc_rep_cold,6.0000000000
METRIC,2026-04-15T17:58:35Z,19149853748412,3064,btc_qm_engine:btc_ptmc_accept,1.0000000000
METRIC,2026-04-15T17:58:35Z,19149862984012,3064,btc_qm_engine:btc_hashrate_mhs,0.4346359641
METRIC,2026-04-15T17:58:35Z,19149863625372,3064,btc_qm_engine:btc_hashrate_thread_id,1.0000000000
METRIC,2026-04-15T17:58:35Z,19149865068662,3064,btc_qm_engine:btc_hashrate_mhs,0.4345704901
METRIC,2026-04-15T17:58:35Z,19149865618122,3064,btc_qm_engine:btc_hashrate_thread_id,3.0000000000
METRIC,2026-04-15T17:58:35Z,19149867526892,3064,btc_qm_engine:btc_hashrate_mhs,0.4344781417
METRIC,2026-04-15T17:58:35Z,19149868243782,3064,btc_qm_engine:btc_hashrate_thread_id,2.0000000000
METRIC,2026-04-15T17:58:35Z,19149869035123,3064,btc_qm_engine:btc_nx48_disabled,1.0000000000
METRIC,2026-04-15T17:58:35Z,19149869894292,3064,btc_qm_engine:btc_hashrate_mhs,0.4344543868
METRIC,2026-04-15T17:58:35Z,19149870733922,3064,btc_qm_engine:btc_hashrate_thread_id,0.0000000000
METRIC,2026-04-15T17:58:35Z,19149939776663,3064,btc_qm_engine:btc_ptmc_rep_hot,1.0000000000
METRIC,2026-04-15T17:58:35Z,19149940466433,3064,btc_qm_engine:btc_ptmc_rep_cold,0.0000000000
METRIC,2026-04-15T17:58:35Z,19149941116083,3064,btc_qm_engine:btc_ptmc_accept,1.0000000000
METRIC,2026-04-15T17:58:35Z,19149942130533,3064,btc_qm_engine:btc_ptmc_rep_hot,2.0000000000
METRIC,2026-04-15T17:58:35Z,19149942755803,3064,btc_qm_engine:btc_ptmc_rep_cold,1.0000000000
METRIC,2026-04-15T17:58:35Z,19149943384443,3064,btc_qm_engine:btc_ptmc_accept,1.0000000000
METRIC,2026-04-15T17:58:35Z,19149944170643,3064,btc_qm_engine:btc_ptmc_rep_hot,3.0000000000
METRIC,2026-04-15T17:58:35Z,19149944842483,3064,btc_qm_engine:btc_ptmc_rep_cold,2.0000000000
METRIC,2026-04-15T17:58:35Z,19149945392493,3064,btc_qm_engine:btc_ptmc_accept,1.0000000000
METRIC,2026-04-15T17:58:35Z,19149946084693,3064,btc_qm_engine:btc_ptmc_rep_hot,4.0000000000
METRIC,2026-04-15T17:58:35Z,19149946668413,3064,btc_qm_engine:btc_ptmc_rep_cold,3.0000000000
METRIC,2026-04-15T17:58:35Z,19149947254983,3064,btc_qm_engine:btc_ptmc_accept,0.9048330071
METRIC,2026-04-15T17:58:35Z,19149947836433,3064,btc_qm_engine:btc_ptmc_rep_hot,5.0000000000
METRIC,2026-04-15T17:58:35Z,19149948536333,3064,btc_qm_engine:btc_ptmc_rep_cold,4.0000000000
METRIC,2026-04-15T17:58:35Z,19149949342273,3064,btc_qm_engine:btc_ptmc_accept,0.9394112740
METRIC,2026-04-15T17:58:35Z,19149950155313,3064,btc_qm_engine:btc_ptmc_rep_hot,6.0000000000
METRIC,2026-04-15T17:58:35Z,19149950882953,3064,btc_qm_engine:btc_ptmc_rep_cold,5.0000000000
METRIC,2026-04-15T17:58:35Z,19149953913513,3064,btc_qm_engine:btc_ptmc_accept,0.9642889574
METRIC,2026-04-15T17:58:35Z,19149956457433,3064,btc_qm_engine:btc_ptmc_rep_hot,7.0000000000
METRIC,2026-04-15T17:58:35Z,19149957881703,3064,btc_qm_engine:btc_ptmc_rep_cold,6.0000000000
METRIC,2026-04-15T17:58:35Z,19149960952663,3064,btc_qm_engine:btc_ptmc_accept,0.9767447714
METRIC,2026-04-15T17:58:35Z,19150042905784,3064,btc_qm_engine:btc_ptmc_rep_hot,1.0000000000
METRIC,2026-04-15T17:58:35Z,19150043648614,3064,btc_qm_engine:btc_ptmc_rep_cold,0.0000000000
METRIC,2026-04-15T17:58:35Z,19150044314314,3064,btc_qm_engine:btc_ptmc_accept,1.0000000000
METRIC,2026-04-15T17:58:35Z,19150045098524,3064,btc_qm_engine:btc_ptmc_rep_hot,2.0000000000
METRIC,2026-04-15T17:58:35Z,19150045652344,3064,btc_qm_engine:btc_ptmc_rep_cold,1.0000000000
METRIC,2026-04-15T17:58:35Z,19150046187484,3064,btc_qm_engine:btc_ptmc_accept,1.0000000000
METRIC,2026-04-15T17:58:35Z,19150046844734,3064,btc_qm_engine:btc_ptmc_rep_hot,3.0000000000
METRIC,2026-04-15T17:58:35Z,19150047450734,3064,btc_qm_engine:btc_ptmc_rep_cold,2.0000000000
METRIC,2026-04-15T17:58:35Z,19150048150364,3064,btc_qm_engine:btc_ptmc_accept,1.0000000000
METRIC,2026-04-15T17:58:35Z,19150048783714,3064,btc_qm_engine:btc_ptmc_rep_hot,4.0000000000
METRIC,2026-04-15T17:58:35Z,19150049679674,3064,btc_qm_engine:btc_ptmc_rep_cold,3.0000000000
METRIC,2026-04-15T17:58:35Z,19150050636124,3064,btc_qm_engine:btc_ptmc_accept,0.8187272007
METRIC,2026-04-15T17:58:35Z,19150051566114,3064,btc_qm_engine:btc_ptmc_rep_hot,5.0000000000
METRIC,2026-04-15T17:58:35Z,19150052850154,3064,btc_qm_engine:btc_ptmc_rep_cold,4.0000000000
METRIC,2026-04-15T17:58:35Z,19150053994124,3064,btc_qm_engine:btc_ptmc_accept,0.8824954069
METRIC,2026-04-15T17:58:35Z,19150055044304,3064,btc_qm_engine:btc_ptmc_rep_hot,6.0000000000
METRIC,2026-04-15T17:58:35Z,19150055981014,3064,btc_qm_engine:btc_ptmc_rep_cold,5.0000000000
METRIC,2026-04-15T17:58:35Z,19150056945064,3064,btc_qm_engine:btc_ptmc_accept,0.9298538586
METRIC,2026-04-15T17:58:35Z,19150058119324,3064,btc_qm_engine:btc_ptmc_rep_hot,7.0000000000
METRIC,2026-04-15T17:58:35Z,19150058906154,3064,btc_qm_engine:btc_ptmc_rep_cold,6.0000000000
METRIC,2026-04-15T17:58:35Z,19150059872524,3064,btc_qm_engine:btc_ptmc_accept,0.9767446541
METRIC,2026-04-15T17:58:35Z,19150145301434,3064,btc_qm_engine:btc_ptmc_rep_hot,1.0000000000
METRIC,2026-04-15T17:58:35Z,19150145997234,3064,btc_qm_engine:btc_ptmc_rep_cold,0.0000000000
METRIC,2026-04-15T17:58:35Z,19150146600174,3064,btc_qm_engine:btc_ptmc_accept,-0.2638537189
METRIC,2026-04-15T17:58:35Z,19150147257754,3064,btc_qm_engine:btc_ptmc_rep_hot,2.0000000000
METRIC,2026-04-15T17:58:35Z,19150147714864,3064,btc_qm_engine:btc_ptmc_rep_cold,1.0000000000
METRIC,2026-04-15T17:58:35Z,19150148185674,3064,btc_qm_engine:btc_ptmc_accept,1.0000000000
METRIC,2026-04-15T17:58:35Z,19150148774964,3064,btc_qm_engine:btc_ptmc_rep_hot,3.0000000000
METRIC,2026-04-15T17:58:35Z,19150149320264,3064,btc_qm_engine:btc_ptmc_rep_cold,2.0000000000
METRIC,2026-04-15T17:58:35Z,19150149759434,3064,btc_qm_engine:btc_ptmc_accept,1.0000000000
METRIC,2026-04-15T17:58:35Z,19150150400344,3064,btc_qm_engine:btc_ptmc_rep_hot,4.0000000000
METRIC,2026-04-15T17:58:35Z,19150151176984,3064,btc_qm_engine:btc_ptmc_rep_cold,3.0000000000
METRIC,2026-04-15T17:58:35Z,19150151785284,3064,btc_qm_engine:btc_ptmc_accept,1.0000000000
METRIC,2026-04-15T17:58:35Z,19150152522004,3064,btc_qm_engine:btc_ptmc_rep_hot,5.0000000000
METRIC,2026-04-15T17:58:35Z,19150153162534,3064,btc_qm_engine:btc_ptmc_rep_cold,4.0000000000
METRIC,2026-04-15T17:58:35Z,19150153832794,3064,btc_qm_engine:btc_ptmc_accept,1.0000000000
METRIC,2026-04-15T17:58:35Z,19150154820574,3064,btc_qm_engine:btc_ptmc_rep_hot,6.0000000000
METRIC,2026-04-15T17:58:35Z,19150155560024,3064,btc_qm_engine:btc_ptmc_rep_cold,5.0000000000
METRIC,2026-04-15T17:58:35Z,19150156454844,3064,btc_qm_engine:btc_ptmc_accept,1.0000000000
METRIC,2026-04-15T17:58:35Z,19150157449624,3064,btc_qm_engine:btc_ptmc_rep_hot,7.0000000000
METRIC,2026-04-15T17:58:35Z,19150158704734,3064,btc_qm_engine:btc_ptmc_rep_cold,6.0000000000
METRIC,2026-04-15T17:58:35Z,19150159516574,3064,btc_qm_engine:btc_ptmc_accept,1.0000000000
METRIC,2026-04-15T17:58:35Z,19150250487285,3064,btc_qm_engine:btc_ptmc_rep_hot,1.0000000000
METRIC,2026-04-15T17:58:35Z,19150251263745,3064,btc_qm_engine:btc_ptmc_rep_cold,0.0000000000
METRIC,2026-04-15T17:58:35Z,19150251910565,3064,btc_qm_engine:btc_ptmc_accept,1.0000000000
METRIC,2026-04-15T17:58:35Z,19150252574935,3064,btc_qm_engine:btc_ptmc_rep_hot,2.0000000000
METRIC,2026-04-15T17:58:35Z,19150253116435,3064,btc_qm_engine:btc_ptmc_rep_cold,1.0000000000
METRIC,2026-04-15T17:58:35Z,19150253624865,3064,btc_qm_engine:btc_ptmc_accept,0.7165701146
METRIC,2026-04-15T17:58:35Z,19150254307945,3064,btc_qm_engine:btc_ptmc_rep_hot,3.0000000000
METRIC,2026-04-15T17:58:35Z,19150254752275,3064,btc_qm_engine:btc_ptmc_rep_cold,2.0000000000
METRIC,2026-04-15T17:58:35Z,19150255373745,3064,btc_qm_engine:btc_ptmc_accept,1.0000000000
METRIC,2026-04-15T17:58:35Z,19150255868905,3064,btc_qm_engine:btc_ptmc_rep_hot,4.0000000000
METRIC,2026-04-15T17:58:35Z,19150256399245,3064,btc_qm_engine:btc_ptmc_rep_cold,3.0000000000
METRIC,2026-04-15T17:58:35Z,19150257161295,3064,btc_qm_engine:btc_ptmc_accept,1.0000000000
METRIC,2026-04-15T17:58:35Z,19150257732835,3064,btc_qm_engine:btc_ptmc_rep_hot,5.0000000000
METRIC,2026-04-15T17:58:35Z,19150258526235,3064,btc_qm_engine:btc_ptmc_rep_cold,4.0000000000
METRIC,2026-04-15T17:58:35Z,19150259337755,3064,btc_qm_engine:btc_ptmc_accept,1.0000000000
METRIC,2026-04-15T17:58:35Z,19150260328165,3064,btc_qm_engine:btc_ptmc_rep_hot,6.0000000000
METRIC,2026-04-15T17:58:35Z,19150261236005,3064,btc_qm_engine:btc_ptmc_rep_cold,5.0000000000
METRIC,2026-04-15T17:58:35Z,19150261917275,3064,btc_qm_engine:btc_ptmc_accept,1.0000000000
METRIC,2026-04-15T17:58:35Z,19150262714035,3064,btc_qm_engine:btc_ptmc_rep_hot,7.0000000000
METRIC,2026-04-15T17:58:35Z,19150263279455,3064,btc_qm_engine:btc_ptmc_rep_cold,6.0000000000
METRIC,2026-04-15T17:58:35Z,19150263778295,3064,btc_qm_engine:btc_ptmc_accept,1.0000000000
METRIC,2026-04-15T17:58:35Z,19150356252796,3064,btc_qm_engine:btc_ptmc_rep_hot,1.0000000000
METRIC,2026-04-15T17:58:35Z,19150356826686,3064,btc_qm_engine:btc_ptmc_rep_cold,0.0000000000
METRIC,2026-04-15T17:58:35Z,19150357450346,3064,btc_qm_engine:btc_ptmc_accept,-0.0695317437
METRIC,2026-04-15T17:58:35Z,19150358330696,3064,btc_qm_engine:btc_ptmc_rep_hot,2.0000000000
METRIC,2026-04-15T17:58:35Z,19150358865836,3064,btc_qm_engine:btc_ptmc_rep_cold,1.0000000000
METRIC,2026-04-15T17:58:35Z,19150359432526,3064,btc_qm_engine:btc_ptmc_accept,1.0000000000
METRIC,2026-04-15T17:58:35Z,19150360227146,3064,btc_qm_engine:btc_ptmc_rep_hot,3.0000000000
METRIC,2026-04-15T17:58:35Z,19150360724926,3064,btc_qm_engine:btc_ptmc_rep_cold,2.0000000000
METRIC,2026-04-15T17:58:35Z,19150361265766,3064,btc_qm_engine:btc_ptmc_accept,0.7165468710
METRIC,2026-04-15T17:58:35Z,19150361888706,3064,btc_qm_engine:btc_ptmc_rep_hot,4.0000000000
METRIC,2026-04-15T17:58:35Z,19150362543226,3064,btc_qm_engine:btc_ptmc_rep_cold,3.0000000000
METRIC,2026-04-15T17:58:35Z,19150363199146,3064,btc_qm_engine:btc_ptmc_accept,0.8187371539
METRIC,2026-04-15T17:58:35Z,19150363874066,3064,btc_qm_engine:btc_ptmc_rep_hot,5.0000000000
METRIC,2026-04-15T17:58:35Z,19150364633566,3064,btc_qm_engine:btc_ptmc_rep_cold,4.0000000000
METRIC,2026-04-15T17:58:35Z,19150365618676,3064,btc_qm_engine:btc_ptmc_accept,0.9394144973
METRIC,2026-04-15T17:58:35Z,19150366836316,3064,btc_qm_engine:btc_ptmc_rep_hot,6.0000000000
METRIC,2026-04-15T17:58:35Z,19150367676706,3064,btc_qm_engine:btc_ptmc_rep_cold,5.0000000000
METRIC,2026-04-15T17:58:35Z,19150368743376,3064,btc_qm_engine:btc_ptmc_accept,0.8966502907
METRIC,2026-04-15T17:58:35Z,19150369760606,3064,btc_qm_engine:btc_ptmc_rep_hot,7.0000000000
METRIC,2026-04-15T17:58:35Z,19150370775346,3064,btc_qm_engine:btc_ptmc_rep_cold,6.0000000000
METRIC,2026-04-15T17:58:35Z,19150371819086,3064,btc_qm_engine:btc_ptmc_accept,0.9318455142
METRIC,2026-04-15T17:58:35Z,19150461764626,3064,btc_qm_engine:btc_ptmc_rep_hot,1.0000000000
METRIC,2026-04-15T17:58:35Z,19150462519526,3064,btc_qm_engine:btc_ptmc_rep_cold,0.0000000000
METRIC,2026-04-15T17:58:35Z,19150463156966,3064,btc_qm_engine:btc_ptmc_accept,-0.5134171190
METRIC,2026-04-15T17:58:35Z,19150463821826,3064,btc_qm_engine:btc_ptmc_rep_hot,2.0000000000
METRIC,2026-04-15T17:58:35Z,19150464279716,3064,btc_qm_engine:btc_ptmc_rep_cold,1.0000000000
METRIC,2026-04-15T17:58:35Z,19150464656076,3064,btc_qm_engine:btc_ptmc_accept,1.0000000000
METRIC,2026-04-15T17:58:35Z,19150465207586,3064,btc_qm_engine:btc_ptmc_rep_hot,3.0000000000
METRIC,2026-04-15T17:58:35Z,19150465707896,3064,btc_qm_engine:btc_ptmc_rep_cold,2.0000000000
METRIC,2026-04-15T17:58:35Z,19150466146686,3064,btc_qm_engine:btc_ptmc_accept,1.0000000000
METRIC,2026-04-15T17:58:35Z,19150466900396,3064,btc_qm_engine:btc_ptmc_rep_hot,4.0000000000
METRIC,2026-04-15T17:58:35Z,19150467539666,3064,btc_qm_engine:btc_ptmc_rep_cold,3.0000000000
METRIC,2026-04-15T17:58:35Z,19150468323766,3064,btc_qm_engine:btc_ptmc_accept,1.0000000000
METRIC,2026-04-15T17:58:35Z,19150468908286,3064,btc_qm_engine:btc_ptmc_rep_hot,5.0000000000
METRIC,2026-04-15T17:58:35Z,19150469902256,3064,btc_qm_engine:btc_ptmc_rep_cold,4.0000000000
METRIC,2026-04-15T17:58:35Z,19150470773596,3064,btc_qm_engine:btc_ptmc_accept,1.0000000000
METRIC,2026-04-15T17:58:35Z,19150471652806,3064,btc_qm_engine:btc_ptmc_rep_hot,6.0000000000
METRIC,2026-04-15T17:58:35Z,19150472640566,3064,btc_qm_engine:btc_ptmc_rep_cold,5.0000000000
METRIC,2026-04-15T17:58:35Z,19150473482336,3064,btc_qm_engine:btc_ptmc_accept,1.0000000000
METRIC,2026-04-15T17:58:35Z,19150474303786,3064,btc_qm_engine:btc_ptmc_rep_hot,7.0000000000
METRIC,2026-04-15T17:58:35Z,19150474952717,3064,btc_qm_engine:btc_ptmc_rep_cold,6.0000000000
METRIC,2026-04-15T17:58:35Z,19150475820066,3064,btc_qm_engine:btc_ptmc_accept,1.0000000000
METRIC,2026-04-15T17:58:35Z,19150566481177,3064,btc_qm_engine:btc_ptmc_rep_hot,1.0000000000
METRIC,2026-04-15T17:58:35Z,19150567315897,3064,btc_qm_engine:btc_ptmc_rep_cold,0.0000000000
METRIC,2026-04-15T17:58:35Z,19150567918247,3064,btc_qm_engine:btc_ptmc_accept,1.0000000000
METRIC,2026-04-15T17:58:35Z,19150568565177,3064,btc_qm_engine:btc_ptmc_rep_hot,2.0000000000
METRIC,2026-04-15T17:58:35Z,19150569166937,3064,btc_qm_engine:btc_ptmc_rep_cold,1.0000000000
METRIC,2026-04-15T17:58:35Z,19150569703737,3064,btc_qm_engine:btc_ptmc_accept,0.5133725145
METRIC,2026-04-15T17:58:35Z,19150570436557,3064,btc_qm_engine:btc_ptmc_rep_hot,3.0000000000
METRIC,2026-04-15T17:58:35Z,19150571200217,3064,btc_qm_engine:btc_ptmc_rep_cold,2.0000000000
METRIC,2026-04-15T17:58:35Z,19150571751697,3064,btc_qm_engine:btc_ptmc_accept,1.0000000000
METRIC,2026-04-15T17:58:35Z,19150572560707,3064,btc_qm_engine:btc_ptmc_rep_hot,4.0000000000
METRIC,2026-04-15T17:58:35Z,19150573365297,3064,btc_qm_engine:btc_ptmc_rep_cold,3.0000000000
METRIC,2026-04-15T17:58:35Z,19150574185227,3064,btc_qm_engine:btc_ptmc_accept,1.0000000000
METRIC,2026-04-15T17:58:35Z,19150574884477,3064,btc_qm_engine:btc_ptmc_rep_hot,5.0000000000
METRIC,2026-04-15T17:58:35Z,19150576755967,3064,btc_qm_engine:btc_ptmc_rep_cold,4.0000000000
METRIC,2026-04-15T17:58:35Z,19150577528237,3064,btc_qm_engine:btc_ptmc_accept,1.0000000000
METRIC,2026-04-15T17:58:35Z,19150578552987,3064,btc_qm_engine:btc_ptmc_rep_hot,6.0000000000
METRIC,2026-04-15T17:58:35Z,19150579277167,3064,btc_qm_engine:btc_ptmc_rep_cold,5.0000000000
METRIC,2026-04-15T17:58:35Z,19150579791127,3064,btc_qm_engine:btc_ptmc_accept,1.0000000000
METRIC,2026-04-15T17:58:35Z,19150580495887,3064,btc_qm_engine:btc_ptmc_rep_hot,7.0000000000
METRIC,2026-04-15T17:58:35Z,19150581175887,3064,btc_qm_engine:btc_ptmc_rep_cold,6.0000000000
METRIC,2026-04-15T17:58:35Z,19150581768297,3064,btc_qm_engine:btc_ptmc_accept,1.0000000000
METRIC,2026-04-15T17:58:35Z,19150668521438,3064,btc_qm_engine:btc_ptmc_rep_hot,1.0000000000
METRIC,2026-04-15T17:58:35Z,19150669278258,3064,btc_qm_engine:btc_ptmc_rep_cold,0.0000000000
METRIC,2026-04-15T17:58:35Z,19150669842148,3064,btc_qm_engine:btc_ptmc_accept,1.0000000000
METRIC,2026-04-15T17:58:35Z,19150670553458,3064,btc_qm_engine:btc_ptmc_rep_hot,2.0000000000
METRIC,2026-04-15T17:58:35Z,19150671324438,3064,btc_qm_engine:btc_ptmc_rep_cold,1.0000000000
METRIC,2026-04-15T17:58:35Z,19150671858528,3064,btc_qm_engine:btc_ptmc_accept,1.0000000000
METRIC,2026-04-15T17:58:35Z,19150672585648,3064,btc_qm_engine:btc_ptmc_rep_hot,3.0000000000
METRIC,2026-04-15T17:58:35Z,19150673028028,3064,btc_qm_engine:btc_ptmc_rep_cold,2.0000000000
METRIC,2026-04-15T17:58:35Z,19150673428798,3064,btc_qm_engine:btc_ptmc_accept,1.0000000000
METRIC,2026-04-15T17:58:35Z,19150673959868,3064,btc_qm_engine:btc_ptmc_rep_hot,4.0000000000
METRIC,2026-04-15T17:58:35Z,19150674494758,3064,btc_qm_engine:btc_ptmc_rep_cold,3.0000000000
METRIC,2026-04-15T17:58:35Z,19150675200198,3064,btc_qm_engine:btc_ptmc_accept,0.9048330071
METRIC,2026-04-15T17:58:35Z,19150675906528,3064,btc_qm_engine:btc_ptmc_rep_hot,5.0000000000
METRIC,2026-04-15T17:58:35Z,19150676779368,3064,btc_qm_engine:btc_ptmc_rep_cold,4.0000000000
METRIC,2026-04-15T17:58:35Z,19150677952518,3064,btc_qm_engine:btc_ptmc_accept,1.0000000000
METRIC,2026-04-15T17:58:35Z,19150679079338,3064,btc_qm_engine:btc_ptmc_rep_hot,6.0000000000
METRIC,2026-04-15T17:58:35Z,19150680119598,3064,btc_qm_engine:btc_ptmc_rep_cold,5.0000000000
METRIC,2026-04-15T17:58:35Z,19150681384968,3064,btc_qm_engine:btc_ptmc_accept,0.9642889574
METRIC,2026-04-15T17:58:35Z,19150682331478,3064,btc_qm_engine:btc_ptmc_rep_hot,7.0000000000
METRIC,2026-04-15T17:58:35Z,19150683426158,3064,btc_qm_engine:btc_ptmc_rep_cold,6.0000000000
METRIC,2026-04-15T17:58:35Z,19150684809248,3064,btc_qm_engine:btc_ptmc_accept,0.9767447714
METRIC,2026-04-15T17:58:35Z,19150775126468,3064,btc_qm_engine:btc_ptmc_rep_hot,1.0000000000
METRIC,2026-04-15T17:58:35Z,19150775681978,3064,btc_qm_engine:btc_ptmc_rep_cold,0.0000000000
METRIC,2026-04-15T17:58:35Z,19150776265038,3064,btc_qm_engine:btc_ptmc_accept,1.0000000000
METRIC,2026-04-15T17:58:35Z,19150776831159,3064,btc_qm_engine:btc_ptmc_rep_hot,2.0000000000
METRIC,2026-04-15T17:58:35Z,19150777358299,3064,btc_qm_engine:btc_ptmc_rep_cold,1.0000000000
METRIC,2026-04-15T17:58:35Z,19150777831578,3064,btc_qm_engine:btc_ptmc_accept,1.0000000000
METRIC,2026-04-15T17:58:35Z,19150778450268,3064,btc_qm_engine:btc_ptmc_rep_hot,3.0000000000
METRIC,2026-04-15T17:58:35Z,19150778872528,3064,btc_qm_engine:btc_ptmc_rep_cold,2.0000000000
METRIC,2026-04-15T17:58:35Z,19150779265558,3064,btc_qm_engine:btc_ptmc_accept,1.0000000000
METRIC,2026-04-15T17:58:35Z,19150779794078,3064,btc_qm_engine:btc_ptmc_rep_hot,4.0000000000
METRIC,2026-04-15T17:58:35Z,19150780315088,3064,btc_qm_engine:btc_ptmc_rep_cold,3.0000000000
METRIC,2026-04-15T17:58:35Z,19150780686528,3064,btc_qm_engine:btc_ptmc_accept,1.0000000000
METRIC,2026-04-15T17:58:35Z,19150781272138,3064,btc_qm_engine:btc_ptmc_rep_hot,5.0000000000
METRIC,2026-04-15T17:58:35Z,19150782153299,3064,btc_qm_engine:btc_ptmc_rep_cold,4.0000000000
METRIC,2026-04-15T17:58:35Z,19150782952098,3064,btc_qm_engine:btc_ptmc_accept,1.0000000000
METRIC,2026-04-15T17:58:35Z,19150783767989,3064,btc_qm_engine:btc_ptmc_rep_hot,6.0000000000
METRIC,2026-04-15T17:58:35Z,19150784435299,3064,btc_qm_engine:btc_ptmc_rep_cold,5.0000000000
METRIC,2026-04-15T17:58:35Z,19150785191689,3064,btc_qm_engine:btc_ptmc_accept,1.0000000000
METRIC,2026-04-15T17:58:35Z,19150785755958,3064,btc_qm_engine:btc_ptmc_rep_hot,7.0000000000
METRIC,2026-04-15T17:58:35Z,19150786550409,3064,btc_qm_engine:btc_ptmc_rep_cold,6.0000000000
METRIC,2026-04-15T17:58:35Z,19150787354279,3064,btc_qm_engine:btc_ptmc_accept,1.0000000000
METRIC,2026-04-15T17:58:36Z,19150881521519,3064,btc_qm_engine:btc_ptmc_rep_hot,1.0000000000
METRIC,2026-04-15T17:58:36Z,19150882339619,3064,btc_qm_engine:btc_ptmc_rep_cold,0.0000000000
METRIC,2026-04-15T17:58:36Z,19150883058739,3064,btc_qm_engine:btc_ptmc_accept,1.0000000000
METRIC,2026-04-15T17:58:36Z,19150883721959,3064,btc_qm_engine:btc_ptmc_rep_hot,2.0000000000
METRIC,2026-04-15T17:58:36Z,19150884188139,3064,btc_qm_engine:btc_ptmc_rep_cold,1.0000000000
METRIC,2026-04-15T17:58:36Z,19150884564839,3064,btc_qm_engine:btc_ptmc_accept,-0.3679060430
METRIC,2026-04-15T17:58:36Z,19150885127899,3064,btc_qm_engine:btc_ptmc_rep_hot,3.0000000000
METRIC,2026-04-15T17:58:36Z,19150885569539,3064,btc_qm_engine:btc_ptmc_rep_cold,2.0000000000
METRIC,2026-04-15T17:58:36Z,19150886081369,3064,btc_qm_engine:btc_ptmc_accept,0.6065416246
METRIC,2026-04-15T17:58:36Z,19150886724039,3064,btc_qm_engine:btc_ptmc_rep_hot,4.0000000000
METRIC,2026-04-15T17:58:36Z,19150887463519,3064,btc_qm_engine:btc_ptmc_rep_cold,3.0000000000
METRIC,2026-04-15T17:58:36Z,19150888052909,3064,btc_qm_engine:btc_ptmc_accept,0.8187343053
METRIC,2026-04-15T17:58:36Z,19150890163129,3064,btc_qm_engine:btc_ptmc_rep_hot,5.0000000000
METRIC,2026-04-15T17:58:36Z,19150891083599,3064,btc_qm_engine:btc_ptmc_rep_cold,4.0000000000
METRIC,2026-04-15T17:58:36Z,19150892154839,3064,btc_qm_engine:btc_ptmc_accept,0.8824983983
METRIC,2026-04-15T17:58:36Z,19150893309569,3064,btc_qm_engine:btc_ptmc_rep_hot,6.0000000000
METRIC,2026-04-15T17:58:36Z,19150893977299,3064,btc_qm_engine:btc_ptmc_rep_cold,5.0000000000
METRIC,2026-04-15T17:58:36Z,19150895175939,3064,btc_qm_engine:btc_ptmc_accept,0.9642898556
METRIC,2026-04-15T17:58:36Z,19150895923509,3064,btc_qm_engine:btc_ptmc_rep_hot,7.0000000000
METRIC,2026-04-15T17:58:36Z,19150896834179,3064,btc_qm_engine:btc_ptmc_rep_cold,6.0000000000
METRIC,2026-04-15T17:58:36Z,19150899589109,3064,btc_qm_engine:btc_ptmc_accept,0.9540303485
METRIC,2026-04-15T17:58:36Z,19150991063330,3064,btc_qm_engine:btc_ptmc_rep_hot,1.0000000000
METRIC,2026-04-15T17:58:36Z,19150991905040,3064,btc_qm_engine:btc_ptmc_rep_cold,0.0000000000
METRIC,2026-04-15T17:58:36Z,19150992787820,3064,btc_qm_engine:btc_ptmc_accept,1.0000000000
METRIC,2026-04-15T17:58:36Z,19150993645660,3064,btc_qm_engine:btc_ptmc_rep_hot,2.0000000000
METRIC,2026-04-15T17:58:36Z,19150994495360,3064,btc_qm_engine:btc_ptmc_rep_cold,1.0000000000
METRIC,2026-04-15T17:58:36Z,19150994998360,3064,btc_qm_engine:btc_ptmc_accept,-0.5134727291
METRIC,2026-04-15T17:58:36Z,19150995656510,3064,btc_qm_engine:btc_ptmc_rep_hot,3.0000000000
METRIC,2026-04-15T17:58:36Z,19150996680790,3064,btc_qm_engine:btc_ptmc_rep_cold,2.0000000000
METRIC,2026-04-15T17:58:36Z,19150997234310,3064,btc_qm_engine:btc_ptmc_accept,1.0000000000
METRIC,2026-04-15T17:58:36Z,19150997829910,3064,btc_qm_engine:btc_ptmc_rep_hot,4.0000000000
METRIC,2026-04-15T17:58:36Z,19150998448020,3064,btc_qm_engine:btc_ptmc_rep_cold,3.0000000000
METRIC,2026-04-15T17:58:36Z,19150998947110,3064,btc_qm_engine:btc_ptmc_accept,1.0000000000
METRIC,2026-04-15T17:58:36Z,19150999578990,3064,btc_qm_engine:btc_ptmc_rep_hot,5.0000000000
METRIC,2026-04-15T17:58:36Z,19151000516130,3064,btc_qm_engine:btc_ptmc_rep_cold,4.0000000000
METRIC,2026-04-15T17:58:36Z,19151001360200,3064,btc_qm_engine:btc_ptmc_accept,1.0000000000
METRIC,2026-04-15T17:58:36Z,19151001997850,3064,btc_qm_engine:btc_ptmc_rep_hot,6.0000000000
METRIC,2026-04-15T17:58:36Z,19151002804600,3064,btc_qm_engine:btc_ptmc_rep_cold,5.0000000000
METRIC,2026-04-15T17:58:36Z,19151003491680,3064,btc_qm_engine:btc_ptmc_accept,1.0000000000
METRIC,2026-04-15T17:58:36Z,19151004196450,3064,btc_qm_engine:btc_ptmc_rep_hot,7.0000000000
METRIC,2026-04-15T17:58:36Z,19151005336350,3064,btc_qm_engine:btc_ptmc_rep_cold,6.0000000000
METRIC,2026-04-15T17:58:36Z,19151005863790,3064,btc_qm_engine:btc_ptmc_accept,1.0000000000
METRIC,2026-04-15T17:58:36Z,19151096130121,3064,btc_qm_engine:btc_ptmc_rep_hot,1.0000000000
METRIC,2026-04-15T17:58:36Z,19151096957371,3064,btc_qm_engine:btc_ptmc_rep_cold,0.0000000000
METRIC,2026-04-15T17:58:36Z,19151097610591,3064,btc_qm_engine:btc_ptmc_accept,1.0000000000
METRIC,2026-04-15T17:58:36Z,19151098398811,3064,btc_qm_engine:btc_ptmc_rep_hot,2.0000000000
METRIC,2026-04-15T17:58:36Z,19151098952901,3064,btc_qm_engine:btc_ptmc_rep_cold,1.0000000000
METRIC,2026-04-15T17:58:36Z,19151099504631,3064,btc_qm_engine:btc_ptmc_accept,1.0000000000
METRIC,2026-04-15T17:58:36Z,19151100188701,3064,btc_qm_engine:btc_ptmc_rep_hot,3.0000000000
METRIC,2026-04-15T17:58:36Z,19151100698831,3064,btc_qm_engine:btc_ptmc_rep_cold,2.0000000000
METRIC,2026-04-15T17:58:36Z,19151101177941,3064,btc_qm_engine:btc_ptmc_accept,1.0000000000
METRIC,2026-04-15T17:58:36Z,19151101773321,3064,btc_qm_engine:btc_ptmc_rep_hot,4.0000000000
METRIC,2026-04-15T17:58:36Z,19151102619451,3064,btc_qm_engine:btc_ptmc_rep_cold,3.0000000000
METRIC,2026-04-15T17:58:36Z,19151103482481,3064,btc_qm_engine:btc_ptmc_accept,1.0000000000
METRIC,2026-04-15T17:58:36Z,19151104168481,3064,btc_qm_engine:btc_ptmc_rep_hot,5.0000000000
METRIC,2026-04-15T17:58:36Z,19151104846381,3064,btc_qm_engine:btc_ptmc_rep_cold,4.0000000000
METRIC,2026-04-15T17:58:36Z,19151105844761,3064,btc_qm_engine:btc_ptmc_accept,0.9394144973
METRIC,2026-04-15T17:58:36Z,19151107127781,3064,btc_qm_engine:btc_ptmc_rep_hot,6.0000000000
METRIC,2026-04-15T17:58:36Z,19151107765241,3064,btc_qm_engine:btc_ptmc_rep_cold,5.0000000000
METRIC,2026-04-15T17:58:36Z,19151108556471,3064,btc_qm_engine:btc_ptmc_accept,1.0000000000
METRIC,2026-04-15T17:58:36Z,19151109281771,3064,btc_qm_engine:btc_ptmc_rep_hot,7.0000000000
METRIC,2026-04-15T17:58:36Z,19151109987251,3064,btc_qm_engine:btc_ptmc_rep_cold,6.0000000000
METRIC,2026-04-15T17:58:36Z,19151110751881,3064,btc_qm_engine:btc_ptmc_accept,0.9767452464
METRIC,2026-04-15T17:58:36Z,19151201376781,3064,btc_qm_engine:btc_ptmc_rep_hot,1.0000000000
METRIC,2026-04-15T17:58:36Z,19151201953871,3064,btc_qm_engine:btc_ptmc_rep_cold,0.0000000000
METRIC,2026-04-15T17:58:36Z,19151202502921,3064,btc_qm_engine:btc_ptmc_accept,1.0000000000
METRIC,2026-04-15T17:58:36Z,19151203106591,3064,btc_qm_engine:btc_ptmc_rep_hot,2.0000000000
METRIC,2026-04-15T17:58:36Z,19151203711341,3064,btc_qm_engine:btc_ptmc_rep_cold,1.0000000000
METRIC,2026-04-15T17:58:36Z,19151204236461,3064,btc_qm_engine:btc_ptmc_accept,1.0000000000
METRIC,2026-04-15T17:58:36Z,19151204818071,3064,btc_qm_engine:btc_ptmc_rep_hot,3.0000000000
METRIC,2026-04-15T17:58:36Z,19151205320501,3064,btc_qm_engine:btc_ptmc_rep_cold,2.0000000000
METRIC,2026-04-15T17:58:36Z,19151205797731,3064,btc_qm_engine:btc_ptmc_accept,1.0000000000
METRIC,2026-04-15T17:58:36Z,19151206433201,3064,btc_qm_engine:btc_ptmc_rep_hot,4.0000000000
METRIC,2026-04-15T17:58:36Z,19151207029661,3064,btc_qm_engine:btc_ptmc_rep_cold,3.0000000000
METRIC,2026-04-15T17:58:36Z,19151207656231,3064,btc_qm_engine:btc_ptmc_accept,0.6703200460
METRIC,2026-04-15T17:58:36Z,19151208379271,3064,btc_qm_engine:btc_ptmc_rep_hot,5.0000000000
METRIC,2026-04-15T17:58:36Z,19151209272401,3064,btc_qm_engine:btc_ptmc_rep_cold,4.0000000000
METRIC,2026-04-15T17:58:36Z,19151210217371,3064,btc_qm_engine:btc_ptmc_accept,0.8824969026
METRIC,2026-04-15T17:58:36Z,19151211224751,3064,btc_qm_engine:btc_ptmc_rep_hot,6.0000000000
METRIC,2026-04-15T17:58:36Z,19151212513061,3064,btc_qm_engine:btc_ptmc_rep_cold,5.0000000000
METRIC,2026-04-15T17:58:36Z,19151213603181,3064,btc_qm_engine:btc_ptmc_accept,0.8646291905
METRIC,2026-04-15T17:58:36Z,19151214729251,3064,btc_qm_engine:btc_ptmc_rep_hot,7.0000000000
METRIC,2026-04-15T17:58:36Z,19151215947531,3064,btc_qm_engine:btc_ptmc_rep_cold,6.0000000000
METRIC,2026-04-15T17:58:36Z,19151217078301,3064,btc_qm_engine:btc_ptmc_accept,0.9318455142
METRIC,2026-04-15T17:58:36Z,19151305630632,3064,btc_qm_engine:btc_ptmc_rep_hot,1.0000000000
METRIC,2026-04-15T17:58:36Z,19151306409092,3064,btc_qm_engine:btc_ptmc_rep_cold,0.0000000000
METRIC,2026-04-15T17:58:36Z,19151306971172,3064,btc_qm_engine:btc_ptmc_accept,-0.5134171190
METRIC,2026-04-15T17:58:36Z,19151307646562,3064,btc_qm_engine:btc_ptmc_rep_hot,2.0000000000
METRIC,2026-04-15T17:58:36Z,19151308148642,3064,btc_qm_engine:btc_ptmc_rep_cold,1.0000000000
METRIC,2026-04-15T17:58:36Z,19151308530422,3064,btc_qm_engine:btc_ptmc_accept,1.0000000000
METRIC,2026-04-15T17:58:36Z,19151309123612,3064,btc_qm_engine:btc_ptmc_rep_hot,3.0000000000
METRIC,2026-04-15T17:58:36Z,19151309573582,3064,btc_qm_engine:btc_ptmc_rep_cold,2.0000000000
METRIC,2026-04-15T17:58:36Z,19151309984032,3064,btc_qm_engine:btc_ptmc_accept,1.0000000000
METRIC,2026-04-15T17:58:36Z,19151310517692,3064,btc_qm_engine:btc_ptmc_rep_hot,4.0000000000
METRIC,2026-04-15T17:58:36Z,19151311236792,3064,btc_qm_engine:btc_ptmc_rep_cold,3.0000000000
METRIC,2026-04-15T17:58:36Z,19151311825042,3064,btc_qm_engine:btc_ptmc_accept,1.0000000000
METRIC,2026-04-15T17:58:36Z,19151312546142,3064,btc_qm_engine:btc_ptmc_rep_hot,5.0000000000
METRIC,2026-04-15T17:58:36Z,19151313631122,3064,btc_qm_engine:btc_ptmc_rep_cold,4.0000000000
METRIC,2026-04-15T17:58:36Z,19151314600342,3064,btc_qm_engine:btc_ptmc_accept,0.9394116283
METRIC,2026-04-15T17:58:36Z,19151315822762,3064,btc_qm_engine:btc_ptmc_rep_hot,6.0000000000
METRIC,2026-04-15T17:58:36Z,19151316444052,3064,btc_qm_engine:btc_ptmc_rep_cold,5.0000000000
METRIC,2026-04-15T17:58:36Z,19151317068522,3064,btc_qm_engine:btc_ptmc_accept,1.0000000000
METRIC,2026-04-15T17:58:36Z,19151317825922,3064,btc_qm_engine:btc_ptmc_rep_hot,7.0000000000
METRIC,2026-04-15T17:58:36Z,19151318504372,3064,btc_qm_engine:btc_ptmc_rep_cold,6.0000000000
METRIC,2026-04-15T17:58:36Z,19151319210482,3064,btc_qm_engine:btc_ptmc_accept,1.0000000000
METRIC,2026-04-15T17:58:36Z,19151408605943,3064,btc_qm_engine:btc_ptmc_rep_hot,1.0000000000
METRIC,2026-04-15T17:58:36Z,19151409241883,3064,btc_qm_engine:btc_ptmc_rep_cold,0.0000000000
METRIC,2026-04-15T17:58:36Z,19151409750123,3064,btc_qm_engine:btc_ptmc_accept,-0.1354058228
METRIC,2026-04-15T17:58:36Z,19151410357983,3064,btc_qm_engine:btc_ptmc_rep_hot,2.0000000000
METRIC,2026-04-15T17:58:36Z,19151410987323,3064,btc_qm_engine:btc_ptmc_rep_cold,1.0000000000
METRIC,2026-04-15T17:58:36Z,19151411765523,3064,btc_qm_engine:btc_ptmc_accept,0.7164924961
METRIC,2026-04-15T17:58:36Z,19151412495613,3064,btc_qm_engine:btc_ptmc_rep_hot,3.0000000000
METRIC,2026-04-15T17:58:36Z,19151413140013,3064,btc_qm_engine:btc_ptmc_rep_cold,2.0000000000
METRIC,2026-04-15T17:58:36Z,19151413579883,3064,btc_qm_engine:btc_ptmc_accept,1.0000000000
METRIC,2026-04-15T17:58:36Z,19151414364213,3064,btc_qm_engine:btc_ptmc_rep_hot,4.0000000000
METRIC,2026-04-15T17:58:36Z,19151414934323,3064,btc_qm_engine:btc_ptmc_rep_cold,3.0000000000
METRIC,2026-04-15T17:58:36Z,19151416574163,3064,btc_qm_engine:btc_ptmc_accept,0.9048330071
METRIC,2026-04-15T17:58:36Z,19151417263153,3064,btc_qm_engine:btc_ptmc_rep_hot,5.0000000000
METRIC,2026-04-15T17:58:36Z,19151418436193,3064,btc_qm_engine:btc_ptmc_rep_cold,4.0000000000
METRIC,2026-04-15T17:58:36Z,19151419582093,3064,btc_qm_engine:btc_ptmc_accept,1.0000000000
METRIC,2026-04-15T17:58:36Z,19151420679153,3064,btc_qm_engine:btc_ptmc_rep_hot,6.0000000000
METRIC,2026-04-15T17:58:36Z,19151421577363,3064,btc_qm_engine:btc_ptmc_rep_cold,5.0000000000
METRIC,2026-04-15T17:58:36Z,19151422616563,3064,btc_qm_engine:btc_ptmc_accept,1.0000000000
METRIC,2026-04-15T17:58:36Z,19151423348463,3064,btc_qm_engine:btc_ptmc_rep_hot,7.0000000000
METRIC,2026-04-15T17:58:36Z,19151424083823,3064,btc_qm_engine:btc_ptmc_rep_cold,6.0000000000
METRIC,2026-04-15T17:58:36Z,19151424822703,3064,btc_qm_engine:btc_ptmc_accept,1.0000000000
METRIC,2026-04-15T17:58:36Z,19151512228313,3064,btc_qm_engine:btc_ptmc_rep_hot,1.0000000000
METRIC,2026-04-15T17:58:36Z,19151512867413,3064,btc_qm_engine:btc_ptmc_rep_cold,0.0000000000
METRIC,2026-04-15T17:58:36Z,19151513424903,3064,btc_qm_engine:btc_ptmc_accept,1.0000000000
METRIC,2026-04-15T17:58:36Z,19151513943803,3064,btc_qm_engine:btc_ptmc_rep_hot,2.0000000000
METRIC,2026-04-15T17:58:36Z,19151514415473,3064,btc_qm_engine:btc_ptmc_rep_cold,1.0000000000
METRIC,2026-04-15T17:58:36Z,19151514862473,3064,btc_qm_engine:btc_ptmc_accept,1.0000000000
METRIC,2026-04-15T17:58:36Z,19151515433803,3064,btc_qm_engine:btc_ptmc_rep_hot,3.0000000000
METRIC,2026-04-15T17:58:36Z,19151515995113,3064,btc_qm_engine:btc_ptmc_rep_cold,2.0000000000
METRIC,2026-04-15T17:58:36Z,19151516476593,3064,btc_qm_engine:btc_ptmc_accept,0.8464766237
METRIC,2026-04-15T17:58:36Z,19151517131413,3064,btc_qm_engine:btc_ptmc_rep_hot,4.0000000000
METRIC,2026-04-15T17:58:36Z,19151517630723,3064,btc_qm_engine:btc_ptmc_rep_cold,3.0000000000
METRIC,2026-04-15T17:58:36Z,19151518174553,3064,btc_qm_engine:btc_ptmc_accept,-0.8187272007
METRIC,2026-04-15T17:58:36Z,19151518787313,3064,btc_qm_engine:btc_ptmc_rep_hot,5.0000000000
METRIC,2026-04-15T17:58:36Z,19151519548223,3064,btc_qm_engine:btc_ptmc_rep_cold,4.0000000000
METRIC,2026-04-15T17:58:36Z,19151520312193,3064,btc_qm_engine:btc_ptmc_accept,1.0000000000
METRIC,2026-04-15T17:58:36Z,19151521304503,3064,btc_qm_engine:btc_ptmc_rep_hot,6.0000000000
METRIC,2026-04-15T17:58:36Z,19151522245913,3064,btc_qm_engine:btc_ptmc_rep_cold,5.0000000000
METRIC,2026-04-15T17:58:36Z,19151522950423,3064,btc_qm_engine:btc_ptmc_accept,1.0000000000
METRIC,2026-04-15T17:58:36Z,19151523794673,3064,btc_qm_engine:btc_ptmc_rep_hot,7.0000000000
METRIC,2026-04-15T17:58:36Z,19151524851323,3064,btc_qm_engine:btc_ptmc_rep_cold,6.0000000000
METRIC,2026-04-15T17:58:36Z,19151526419033,3064,btc_qm_engine:btc_ptmc_accept,1.0000000000
METRIC,2026-04-15T17:58:36Z,19151613270464,3064,btc_qm_engine:btc_ptmc_rep_hot,1.0000000000
METRIC,2026-04-15T17:58:36Z,19151614011304,3064,btc_qm_engine:btc_ptmc_rep_cold,0.0000000000
METRIC,2026-04-15T17:58:36Z,19151614704124,3064,btc_qm_engine:btc_ptmc_accept,1.0000000000
METRIC,2026-04-15T17:58:36Z,19151615486424,3064,btc_qm_engine:btc_ptmc_rep_hot,2.0000000000
METRIC,2026-04-15T17:58:36Z,19151616063474,3064,btc_qm_engine:btc_ptmc_rep_cold,1.0000000000
METRIC,2026-04-15T17:58:36Z,19151616591224,3064,btc_qm_engine:btc_ptmc_accept,1.0000000000
METRIC,2026-04-15T17:58:36Z,19151617232844,3064,btc_qm_engine:btc_ptmc_rep_hot,3.0000000000
METRIC,2026-04-15T17:58:36Z,19151617735804,3064,btc_qm_engine:btc_ptmc_rep_cold,2.0000000000
METRIC,2026-04-15T17:58:36Z,19151618189944,3064,btc_qm_engine:btc_ptmc_accept,1.0000000000
METRIC,2026-04-15T17:58:36Z,19151619096254,3064,btc_qm_engine:btc_ptmc_rep_hot,4.0000000000
METRIC,2026-04-15T17:58:36Z,19151619644584,3064,btc_qm_engine:btc_ptmc_rep_cold,3.0000000000
METRIC,2026-04-15T17:58:36Z,19151620141444,3064,btc_qm_engine:btc_ptmc_accept,1.0000000000
METRIC,2026-04-15T17:58:36Z,19151620647334,3064,btc_qm_engine:btc_ptmc_rep_hot,5.0000000000
METRIC,2026-04-15T17:58:36Z,19151621752994,3064,btc_qm_engine:btc_ptmc_rep_cold,4.0000000000
METRIC,2026-04-15T17:58:36Z,19151622655704,3064,btc_qm_engine:btc_ptmc_accept,1.0000000000
METRIC,2026-04-15T17:58:36Z,19151623626064,3064,btc_qm_engine:btc_ptmc_rep_hot,6.0000000000
METRIC,2026-04-15T17:58:36Z,19151624589344,3064,btc_qm_engine:btc_ptmc_rep_cold,5.0000000000
METRIC,2026-04-15T17:58:36Z,19151625282454,3064,btc_qm_engine:btc_ptmc_accept,1.0000000000
METRIC,2026-04-15T17:58:36Z,19151626070734,3064,btc_qm_engine:btc_ptmc_rep_hot,7.0000000000
METRIC,2026-04-15T17:58:36Z,19151626891964,3064,btc_qm_engine:btc_ptmc_rep_cold,6.0000000000
METRIC,2026-04-15T17:58:36Z,19151627753454,3064,btc_qm_engine:btc_ptmc_accept,1.0000000000
METRIC,2026-04-15T17:58:36Z,19151713290865,3064,btc_qm_engine:btc_ptmc_rep_hot,1.0000000000
METRIC,2026-04-15T17:58:36Z,19151713871495,3064,btc_qm_engine:btc_ptmc_rep_cold,0.0000000000
METRIC,2026-04-15T17:58:36Z,19151714573495,3064,btc_qm_engine:btc_ptmc_accept,1.0000000000
METRIC,2026-04-15T17:58:36Z,19151715239485,3064,btc_qm_engine:btc_ptmc_rep_hot,2.0000000000
METRIC,2026-04-15T17:58:36Z,19151715803565,3064,btc_qm_engine:btc_ptmc_rep_cold,1.0000000000
METRIC,2026-04-15T17:58:36Z,19151716339285,3064,btc_qm_engine:btc_ptmc_accept,0.5134727291
METRIC,2026-04-15T17:58:36Z,19151716929095,3064,btc_qm_engine:btc_ptmc_rep_hot,3.0000000000
METRIC,2026-04-15T17:58:36Z,19151717586165,3064,btc_qm_engine:btc_ptmc_rep_cold,2.0000000000
METRIC,2026-04-15T17:58:36Z,19151717975425,3064,btc_qm_engine:btc_ptmc_accept,1.0000000000
METRIC,2026-04-15T17:58:36Z,19151718557485,3064,btc_qm_engine:btc_ptmc_rep_hot,4.0000000000
METRIC,2026-04-15T17:58:36Z,19151719171275,3064,btc_qm_engine:btc_ptmc_rep_cold,3.0000000000
METRIC,2026-04-15T17:58:36Z,19151719786725,3064,btc_qm_engine:btc_ptmc_accept,1.0000000000
METRIC,2026-04-15T17:58:36Z,19151720626865,3064,btc_qm_engine:btc_ptmc_rep_hot,5.0000000000
METRIC,2026-04-15T17:58:36Z,19151721284825,3064,btc_qm_engine:btc_ptmc_rep_cold,4.0000000000
METRIC,2026-04-15T17:58:36Z,19151722114995,3064,btc_qm_engine:btc_ptmc_accept,1.0000000000
METRIC,2026-04-15T17:58:36Z,19151722971175,3064,btc_qm_engine:btc_ptmc_rep_hot,6.0000000000
METRIC,2026-04-15T17:58:36Z,19151723612935,3064,btc_qm_engine:btc_ptmc_rep_cold,5.0000000000
METRIC,2026-04-15T17:58:36Z,19151724419065,3064,btc_qm_engine:btc_ptmc_accept,1.0000000000
METRIC,2026-04-15T17:58:36Z,19151725175485,3064,btc_qm_engine:btc_ptmc_rep_hot,7.0000000000
METRIC,2026-04-15T17:58:36Z,19151725861925,3064,btc_qm_engine:btc_ptmc_rep_cold,6.0000000000
METRIC,2026-04-15T17:58:36Z,19151726612305,3064,btc_qm_engine:btc_ptmc_accept,1.0000000000
METRIC,2026-04-15T17:58:36Z,19151815992485,3064,btc_qm_engine:btc_ptmc_rep_hot,1.0000000000
METRIC,2026-04-15T17:58:36Z,19151816788325,3064,btc_qm_engine:btc_ptmc_rep_cold,0.0000000000
METRIC,2026-04-15T17:58:36Z,19151817715795,3064,btc_qm_engine:btc_ptmc_accept,1.0000000000
METRIC,2026-04-15T17:58:36Z,19151818477635,3064,btc_qm_engine:btc_ptmc_rep_hot,2.0000000000
METRIC,2026-04-15T17:58:36Z,19151819103425,3064,btc_qm_engine:btc_ptmc_rep_cold,1.0000000000
METRIC,2026-04-15T17:58:36Z,19151819606265,3064,btc_qm_engine:btc_ptmc_accept,0.7165624298
METRIC,2026-04-15T17:58:36Z,19151820246135,3064,btc_qm_engine:btc_ptmc_rep_hot,3.0000000000
METRIC,2026-04-15T17:58:36Z,19151820790295,3064,btc_qm_engine:btc_ptmc_rep_cold,2.0000000000
METRIC,2026-04-15T17:58:36Z,19151821381375,3064,btc_qm_engine:btc_ptmc_accept,1.0000000000
METRIC,2026-04-15T17:58:36Z,19151822186145,3064,btc_qm_engine:btc_ptmc_rep_hot,4.0000000000
METRIC,2026-04-15T17:58:36Z,19151822625995,3064,btc_qm_engine:btc_ptmc_rep_cold,3.0000000000
METRIC,2026-04-15T17:58:36Z,19151823065055,3064,btc_qm_engine:btc_ptmc_accept,1.0000000000
METRIC,2026-04-15T17:58:36Z,19151823544725,3064,btc_qm_engine:btc_ptmc_rep_hot,5.0000000000
METRIC,2026-04-15T17:58:36Z,19151824227435,3064,btc_qm_engine:btc_ptmc_rep_cold,4.0000000000
METRIC,2026-04-15T17:58:36Z,19151825190235,3064,btc_qm_engine:btc_ptmc_accept,1.0000000000
METRIC,2026-04-15T17:58:36Z,19151825833465,3064,btc_qm_engine:btc_ptmc_rep_hot,6.0000000000
METRIC,2026-04-15T17:58:36Z,19151826548175,3064,btc_qm_engine:btc_ptmc_rep_cold,5.0000000000
METRIC,2026-04-15T17:58:36Z,19151827138355,3064,btc_qm_engine:btc_ptmc_accept,1.0000000000
METRIC,2026-04-15T17:58:36Z,19151827661145,3064,btc_qm_engine:btc_ptmc_rep_hot,7.0000000000
METRIC,2026-04-15T17:58:36Z,19151828433235,3064,btc_qm_engine:btc_ptmc_rep_cold,6.0000000000
METRIC,2026-04-15T17:58:36Z,19151828965015,3064,btc_qm_engine:btc_ptmc_accept,1.0000000000
THREAD,2026-04-15T17:58:36Z,19151842606736,3064,btc_qm_engine:btc_mining_worker_END,140450648282816
THREAD,2026-04-15T17:58:36Z,19151843019976,3064,btc_qm_engine:btc_mining_worker_END,140450665068224
THREAD,2026-04-15T17:58:36Z,19151842983566,3064,btc_qm_engine:btc_mining_worker_END,140450639890112
THREAD,2026-04-15T17:58:36Z,19151843574696,3064,btc_qm_engine:btc_mining_worker_END,140450656675520
METRIC,2026-04-15T17:58:36Z,19151843958276,3064,btc_qm_engine:btc_nonces_total,3493376.0000000000
METRIC,2026-04-15T17:58:36Z,19151844385946,3064,btc_qm_engine:btc_elapsed_s,8.0028986530
METRIC,2026-04-15T17:58:36Z,19151844747846,3064,btc_qm_engine:btc_hashrate_mhs_final,0.4365138372
METRIC,2026-04-15T17:58:37Z,19151845134756,3064,btc_qm_engine:btc_best_leading_zeros,20.0000000000
METRIC,2026-04-15T17:58:37Z,19151845480676,3064,btc_qm_engine:btc_best_nonce_final,3332167531.0000000000
METRIC,2026-04-15T17:58:37Z,19151845839936,3064,btc_qm_engine:btc_block_valid,0.0000000000
METRIC,2026-04-15T17:58:37Z,19151846219936,3064,btc_qm_engine:btc_hashrate_gate_pass,1.0000000000
METRIC,2026-04-15T17:58:37Z,19151846584406,3064,btc_qm_engine:btc_memory_gate_pass,1.0000000000
MODULE_END,2026-04-15T17:58:37Z,19151847070106,3064,btc_qm_engine:btc_engine_run,8006010433
METRIC,2026-04-15T17:58:37Z,19151847660566,3064,btc_qm_engine:btc_nx48_csv_saved,1.0000000000
METRIC,2026-04-15T17:58:38Z,19153842271330,3064,btc_qm_engine:btc_ram_available_mb_end,25944.0000000000
METRIC,2026-04-15T17:58:38Z,19153842896310,3064,btc_qm_engine:btc_nx48_csv_saved,1.0000000000
METRIC,2026-04-15T17:58:38Z,19153843276720,3064,btc_qm_engine:btc_memory_gate_pass,1.0000000000
MODULE_END,2026-04-15T17:58:38Z,19153843627890,3064,btc_qm_engine:main_btc_mining,10002568217
METRIC,2026-04-15T17:58:38Z,19153843760350,3064,btc_qm_engine:btc_wallet_destroyed,1.0000000000
HW_SAMPLE,2026-04-15T17:58:39Z,19153853402320,3064,shutdown:cpu_delta_pct,0.0000
HW_SAMPLE,2026-04-15T17:58:39Z,19153853402320,3064,shutdown:mem_used_pct,59.6535
HW_SAMPLE,2026-04-15T17:58:39Z,19153853402320,3064,shutdown:vm_rss_kb,7688
,btc_qm_engine:memory_bytes,0
SUMMARY,2026-04-15T17:58:39Z,19153851447920,3064,GLOBAL:total_metric_events,1734
SUMMARY,2026-04-15T17:58:39Z,19153851447920,3064,GLOBAL:total_operations,0
SUMMARY,2026-04-15T17:58:39Z,19153851447920,3064,GLOBAL:total_anomalies,8
HW_SAMPLE,2026-04-15T17:58:39Z,19153851686140,3064,GLOBAL:final_cpu_delta_pct,31.9323
HW_SAMPLE,2026-04-15T17:58:39Z,19153851686140,3064,GLOBAL:final_mem_used_pct,59.6535
