event,timestamp_utc,timestamp_ns,pid,detail,value
INIT,2026-04-17T23:02:13Z,17153148470803,2336,activation,100PCT_INCONDITIONNELLE
INIT,2026-04-17T23:02:13Z,17153148470803,2336,modules_reels,ultra_forensic_logger_v3+memory_tracker
INIT,2026-04-17T23:02:13Z,17153148470803,2336,version,3.0_cycle17_NL03_NV01_NV02_AC01_NANO_ANOMALY_FIX_RAM01
HW_SAMPLE,2026-04-17T23:02:13Z,17153148470803,2336,init:cpu_delta_pct,0.0000
HW_SAMPLE,2026-04-17T23:02:13Z,17153148470803,2336,init:mem_used_pct,77.4195
HW_SAMPLE,2026-04-17T23:02:13Z,17153148470803,2336,init:mem_total_kb,65847776
HW_SAMPLE,2026-04-17T23:02:13Z,17153148470803,2336,init:mem_avail_kb,14868764
HW_SAMPLE,2026-04-17T23:02:13Z,17153148470803,2336,init:vm_rss_kb,3744
HW_SAMPLE,2026-04-17T23:02:13Z,17153148470803,2336,init:vm_peak_kb,14732
MODULE_START,2026-04-17T23:02:13Z,17153148698363,2336,btc_qm_engine,main_btc_mining
METRIC,2026-04-17T23:02:13Z,17153148714403,2336,btc_qm_engine:btc_run_mode_hash,85.0000000000
METRIC,2026-04-17T23:02:13Z,17153148745713,2336,btc_qm_engine:btc_module_version,17.0000000000
METRIC,2026-04-17T23:02:13Z,17153148791983,2336,btc_qm_engine:btc_nx48_csv_loaded_c43_dual,1.0000000000
METRIC,2026-04-17T23:02:13Z,17153148815743,2336,btc_qm_engine:btc_nx48_csv_loaded,1.0000000000
METRIC,2026-04-17T23:02:13Z,17153148838073,2336,btc_qm_engine:btc_nx48_best_leading_loaded,28.0000000000
METRIC,2026-04-17T23:02:13Z,17153148883083,2336,btc_qm_engine:btc_nx48_init_loaded,1.0000000000
METRIC,2026-04-17T23:02:13Z,17153148905423,2336,btc_qm_engine:btc_nx48_delta_nonce_scale,45.8719880000
METRIC,2026-04-17T23:02:13Z,17153148928013,2336,btc_qm_engine:btc_nx48_n_replicas_scale,1.0000000000
METRIC,2026-04-17T23:02:13Z,17153148950103,2336,btc_qm_engine:btc_nx48_swap_temp_scale,1.0000000000
METRIC,2026-04-17T23:02:13Z,17153148971913,2336,btc_qm_engine:btc_nx48_batch_size_scale,4.0000000000
METRIC,2026-04-17T23:02:13Z,17153148993803,2336,btc_qm_engine:btc_nx48_exploration_bias,0.8875340000
METRIC,2026-04-17T23:02:13Z,17153149037263,2336,btc_qm_engine:btc_nx48_neuron_count,2.0000000000
METRIC,2026-04-17T23:02:13Z,17153149077043,2336,btc_qm_engine:btc_sha256_self_test_pass,1.0000000000
METRIC,2026-04-17T23:02:13Z,17153149104583,2336,btc_qm_engine:btc_wallet_create_start,1.0000000000
METRIC,2026-04-17T23:02:13Z,17153151383593,2336,btc_qm_engine:btc_wallet_created,1.0000000000
METRIC,2026-04-17T23:02:13Z,17153151437853,2336,btc_qm_engine:btc_wallet_create_ns,2279050.0000000000
METRIC,2026-04-17T23:02:13Z,17153151468393,2336,btc_qm_engine:btc_wallet_network,1.0000000000
METRIC,2026-04-17T23:02:13Z,17153151602853,2336,btc_qm_engine:btc_wallet_saved_json,1.0000000000
METRIC,2026-04-17T23:02:13Z,17153151636153,2336,btc_qm_engine:btc_sha256_self_test_pass,1.0000000000
METRIC,2026-04-17T23:02:13Z,17153151666333,2336,btc_qm_engine:btc_integrity_gate_pass,1.0000000000
METRIC,2026-04-17T23:02:13Z,17153151802173,2336,btc_qm_engine:btc_ram_available_mb_start,14520.0000000000
MODULE_START,2026-04-17T23:02:13Z,17153151837023,2336,btc_qm_engine,btc_engine_create
METRIC,2026-04-17T23:02:13Z,17153151847593,2336,btc_qm_engine:btc_n_replicas,8.0000000000
METRIC,2026-04-17T23:02:13Z,17153151875543,2336,btc_qm_engine:btc_n_threads,2.0000000000
METRIC,2026-04-17T23:02:13Z,17153151905673,2336,btc_qm_engine:btc_batch_size,512.0000000000
METRIC,2026-04-17T23:02:13Z,17153151938153,2336,btc_qm_engine:btc_nonce_start,0.0000000000
METRIC,2026-04-17T23:02:13Z,17153151964303,2336,btc_qm_engine:btc_nonce_end,4294967295.0000000000
METRIC,2026-04-17T23:02:13Z,17153151987463,2336,btc_qm_engine:btc_duration_s,0.0000000000
METRIC,2026-04-17T23:02:13Z,17153152079673,2336,btc_qm_engine:btc_replica_idx,0.0000000000
METRIC,2026-04-17T23:02:13Z,17153152104163,2336,btc_qm_engine:btc_replica_nonce,0.0000000000
METRIC,2026-04-17T23:02:13Z,17153152126373,2336,btc_qm_engine:btc_replica_temp,1.0000000000
METRIC,2026-04-17T23:02:13Z,17153152149733,2336,btc_qm_engine:btc_replica_leading,0.0000000000
METRIC,2026-04-17T23:02:13Z,17153152175793,2336,btc_qm_engine:btc_replica_idx,1.0000000000
METRIC,2026-04-17T23:02:13Z,17153152213133,2336,btc_qm_engine:btc_replica_nonce,536870911.0000000000
METRIC,2026-04-17T23:02:13Z,17153152247483,2336,btc_qm_engine:btc_replica_temp,2.0000000000
METRIC,2026-04-17T23:02:13Z,17153152282053,2336,btc_qm_engine:btc_replica_leading,0.0000000000
METRIC,2026-04-17T23:02:13Z,17153152310253,2336,btc_qm_engine:btc_replica_idx,2.0000000000
METRIC,2026-04-17T23:02:13Z,17153152332853,2336,btc_qm_engine:btc_replica_nonce,1073741822.0000000000
METRIC,2026-04-17T23:02:13Z,17153152355783,2336,btc_qm_engine:btc_replica_temp,4.0000000000
METRIC,2026-04-17T23:02:13Z,17153152377963,2336,btc_qm_engine:btc_replica_leading,0.0000000000
METRIC,2026-04-17T23:02:13Z,17153152400093,2336,btc_qm_engine:btc_replica_idx,3.0000000000
METRIC,2026-04-17T23:02:13Z,17153152422203,2336,btc_qm_engine:btc_replica_nonce,1610612733.0000000000
METRIC,2026-04-17T23:02:13Z,17153152462813,2336,btc_qm_engine:btc_replica_temp,8.0000000000
METRIC,2026-04-17T23:02:13Z,17153152485423,2336,btc_qm_engine:btc_replica_leading,0.0000000000
METRIC,2026-04-17T23:02:13Z,17153152511143,2336,btc_qm_engine:btc_replica_idx,4.0000000000
METRIC,2026-04-17T23:02:13Z,17153152540703,2336,btc_qm_engine:btc_replica_nonce,2147483644.0000000000
METRIC,2026-04-17T23:02:13Z,17153152572153,2336,btc_qm_engine:btc_replica_temp,12.0000000000
METRIC,2026-04-17T23:02:13Z,17153152600663,2336,btc_qm_engine:btc_replica_leading,0.0000000000
METRIC,2026-04-17T23:02:13Z,17153152623243,2336,btc_qm_engine:btc_replica_idx,5.0000000000
METRIC,2026-04-17T23:02:13Z,17153152645333,2336,btc_qm_engine:btc_replica_nonce,2684354555.0000000000
METRIC,2026-04-17T23:02:13Z,17153152668133,2336,btc_qm_engine:btc_replica_temp,20.0000000000
METRIC,2026-04-17T23:02:13Z,17153152690643,2336,btc_qm_engine:btc_replica_leading,0.0000000000
METRIC,2026-04-17T23:02:13Z,17153152716333,2336,btc_qm_engine:btc_replica_idx,6.0000000000
METRIC,2026-04-17T23:02:13Z,17153152745333,2336,btc_qm_engine:btc_replica_nonce,3221225466.0000000000
METRIC,2026-04-17T23:02:13Z,17153152769963,2336,btc_qm_engine:btc_replica_temp,35.0000000000
METRIC,2026-04-17T23:02:13Z,17153152797783,2336,btc_qm_engine:btc_replica_leading,0.0000000000
METRIC,2026-04-17T23:02:13Z,17153152828353,2336,btc_qm_engine:btc_replica_idx,7.0000000000
METRIC,2026-04-17T23:02:13Z,17153152855683,2336,btc_qm_engine:btc_replica_nonce,3758096377.0000000000
METRIC,2026-04-17T23:02:13Z,17153152886823,2336,btc_qm_engine:btc_replica_temp,50.0000000000
METRIC,2026-04-17T23:02:13Z,17153152916373,2336,btc_qm_engine:btc_replica_leading,0.0000000000
METRIC,2026-04-17T23:02:13Z,17153152947443,2336,btc_qm_engine:btc_midstate_applied,1.0000000000
THREAD,2026-04-17T23:02:13Z,17153153053813,2336,btc_qm_engine:btc_mining_worker_START,139909825164992
THREAD,2026-04-17T23:02:13Z,17153153095273,2336,btc_qm_engine:btc_mining_worker_START,139909816772288
METRIC,2026-04-17T23:02:13Z,17153153081373,2336,btc_qm_engine:btc_block_nonce,2362080326.0000000000
METRIC,2026-04-17T23:02:13Z,17153153172643,2336,btc_qm_engine:btc_best_leading_zeros,3.0000000000
METRIC,2026-04-17T23:02:13Z,17153153211543,2336,btc_qm_engine:btc_block_valid,0.0000000000
ANOMALY,2026-04-17T23:02:13Z,17153153241913,2336,btc_qm_engine:btc_near_miss_or_valid,3.0000000000
METRIC,2026-04-17T23:02:13Z,17153153248323,2336,btc_qm_engine:btc_threads_launched,2.0000000000
METRIC,2026-04-17T23:02:13Z,17153153325583,2336,btc_qm_engine:btc_best_leading_zeros,3.0000000000
METRIC,2026-04-17T23:02:13Z,17153153463193,2336,btc_qm_engine:btc_nx48_csv_saved,1.0000000000
METRIC,2026-04-17T23:02:13Z,17153153687393,2336,btc_qm_engine:btc_block_nonce,3740387860.0000000000
METRIC,2026-04-17T23:02:13Z,17153153730133,2336,btc_qm_engine:btc_best_leading_zeros,4.0000000000
METRIC,2026-04-17T23:02:13Z,17153153766343,2336,btc_qm_engine:btc_block_valid,0.0000000000
ANOMALY,2026-04-17T23:02:13Z,17153153796603,2336,btc_qm_engine:btc_near_miss_or_valid,4.0000000000
METRIC,2026-04-17T23:02:13Z,17153153820083,2336,btc_qm_engine:btc_best_leading_zeros,4.0000000000
METRIC,2026-04-17T23:02:13Z,17153153901963,2336,btc_qm_engine:btc_nx48_csv_saved,1.0000000000
METRIC,2026-04-17T23:02:13Z,17153154275093,2336,btc_qm_engine:btc_block_nonce,757609975.0000000000
METRIC,2026-04-17T23:02:13Z,17153154330123,2336,btc_qm_engine:btc_best_leading_zeros,17.0000000000
METRIC,2026-04-17T23:02:13Z,17153154355253,2336,btc_qm_engine:btc_block_valid,0.0000000000
ANOMALY,2026-04-17T23:02:13Z,17153154380183,2336,btc_qm_engine:btc_near_miss_or_valid,17.0000000000
METRIC,2026-04-17T23:02:13Z,17153154398953,2336,btc_qm_engine:btc_best_leading_zeros,17.0000000000
METRIC,2026-04-17T23:02:13Z,17153154479523,2336,btc_qm_engine:btc_nx48_csv_saved,1.0000000000
METRIC,2026-04-17T23:02:13Z,17153254725261,2336,btc_qm_engine:btc_ptmc_rep_hot,1.0000000000
METRIC,2026-04-17T23:02:13Z,17153254801161,2336,btc_qm_engine:btc_ptmc_rep_cold,0.0000000000
METRIC,2026-04-17T23:02:13Z,17153254824901,2336,btc_qm_engine:btc_ptmc_accept,1.0000000000
METRIC,2026-04-17T23:02:13Z,17153254888381,2336,btc_qm_engine:btc_ptmc_rep_hot,2.0000000000
METRIC,2026-04-17T23:02:13Z,17153254918731,2336,btc_qm_engine:btc_ptmc_rep_cold,1.0000000000
METRIC,2026-04-17T23:02:13Z,17153254949371,2336,btc_qm_engine:btc_ptmc_accept,0.7165001846
METRIC,2026-04-17T23:02:13Z,17153254982211,2336,btc_qm_engine:btc_ptmc_rep_hot,3.0000000000
METRIC,2026-04-17T23:02:13Z,17153255024011,2336,btc_qm_engine:btc_ptmc_rep_cold,2.0000000000
METRIC,2026-04-17T23:02:13Z,17153255051831,2336,btc_qm_engine:btc_ptmc_accept,0.8464725326
METRIC,2026-04-17T23:02:13Z,17153255077461,2336,btc_qm_engine:btc_ptmc_rep_hot,4.0000000000
METRIC,2026-04-17T23:02:13Z,17153255102821,2336,btc_qm_engine:btc_ptmc_rep_cold,3.0000000000
METRIC,2026-04-17T23:02:13Z,17153255133881,2336,btc_qm_engine:btc_ptmc_accept,0.9048338808
METRIC,2026-04-17T23:02:13Z,17153255163511,2336,btc_qm_engine:btc_ptmc_rep_hot,5.0000000000
METRIC,2026-04-17T23:02:13Z,17153255192031,2336,btc_qm_engine:btc_ptmc_rep_cold,4.0000000000
METRIC,2026-04-17T23:02:13Z,17153255221701,2336,btc_qm_engine:btc_ptmc_accept,0.9394116283
METRIC,2026-04-17T23:02:13Z,17153255250651,2336,btc_qm_engine:btc_ptmc_rep_hot,6.0000000000
METRIC,2026-04-17T23:02:13Z,17153255286171,2336,btc_qm_engine:btc_ptmc_rep_cold,5.0000000000
METRIC,2026-04-17T23:02:13Z,17153255314391,2336,btc_qm_engine:btc_ptmc_accept,0.9642890805
METRIC,2026-04-17T23:02:13Z,17153255342281,2336,btc_qm_engine:btc_ptmc_rep_hot,7.0000000000
METRIC,2026-04-17T23:02:13Z,17153255371781,2336,btc_qm_engine:btc_ptmc_rep_cold,6.0000000000
METRIC,2026-04-17T23:02:13Z,17153255399961,2336,btc_qm_engine:btc_ptmc_accept,0.9767450351
METRIC,2026-04-17T23:02:13Z,17153356295119,2336,btc_qm_engine:btc_ptmc_rep_hot,1.0000000000
METRIC,2026-04-17T23:02:13Z,17153356383249,2336,btc_qm_engine:btc_ptmc_rep_cold,0.0000000000
METRIC,2026-04-17T23:02:13Z,17153356412999,2336,btc_qm_engine:btc_ptmc_accept,1.0000000000
METRIC,2026-04-17T23:02:13Z,17153356447149,2336,btc_qm_engine:btc_ptmc_rep_hot,2.0000000000
METRIC,2026-04-17T23:02:13Z,17153356476099,2336,btc_qm_engine:btc_ptmc_rep_cold,1.0000000000
METRIC,2026-04-17T23:02:13Z,17153356515909,2336,btc_qm_engine:btc_ptmc_accept,1.0000000000
METRIC,2026-04-17T23:02:13Z,17153356558879,2336,btc_qm_engine:btc_ptmc_rep_hot,3.0000000000
METRIC,2026-04-17T23:02:13Z,17153356588499,2336,btc_qm_engine:btc_ptmc_rep_cold,2.0000000000
METRIC,2026-04-17T23:02:13Z,17153356617839,2336,btc_qm_engine:btc_ptmc_accept,1.0000000000
METRIC,2026-04-17T23:02:13Z,17153356647739,2336,btc_qm_engine:btc_ptmc_rep_hot,4.0000000000
METRIC,2026-04-17T23:02:13Z,17153356675639,2336,btc_qm_engine:btc_ptmc_rep_cold,3.0000000000
METRIC,2026-04-17T23:02:13Z,17153356704219,2336,btc_qm_engine:btc_ptmc_accept,1.0000000000
METRIC,2026-04-17T23:02:13Z,17153356735189,2336,btc_qm_engine:btc_ptmc_rep_hot,5.0000000000
METRIC,2026-04-17T23:02:13Z,17153356762809,2336,btc_qm_engine:btc_ptmc_rep_cold,4.0000000000
METRIC,2026-04-17T23:02:13Z,17153356790889,2336,btc_qm_engine:btc_ptmc_accept,1.0000000000
METRIC,2026-04-17T23:02:13Z,17153356819959,2336,btc_qm_engine:btc_ptmc_rep_hot,6.0000000000
METRIC,2026-04-17T23:02:13Z,17153356850809,2336,btc_qm_engine:btc_ptmc_rep_cold,5.0000000000
METRIC,2026-04-17T23:02:13Z,17153356881749,2336,btc_qm_engine:btc_ptmc_accept,1.0000000000
METRIC,2026-04-17T23:02:13Z,17153356913829,2336,btc_qm_engine:btc_ptmc_rep_hot,7.0000000000
METRIC,2026-04-17T23:02:13Z,17153356945299,2336,btc_qm_engine:btc_ptmc_rep_cold,6.0000000000
METRIC,2026-04-17T23:02:13Z,17153356974539,2336,btc_qm_engine:btc_ptmc_accept,1.0000000000
METRIC,2026-04-17T23:02:13Z,17153374093519,2336,btc_qm_engine:btc_block_nonce,1231110637.0000000000
METRIC,2026-04-17T23:02:13Z,17153374166999,2336,btc_qm_engine:btc_best_leading_zeros,20.0000000000
METRIC,2026-04-17T23:02:13Z,17153374198309,2336,btc_qm_engine:btc_block_valid,0.0000000000
ANOMALY,2026-04-17T23:02:13Z,17153374244529,2336,btc_qm_engine:btc_near_miss_or_valid,20.0000000000
METRIC,2026-04-17T23:02:13Z,17153374279339,2336,btc_qm_engine:btc_best_leading_zeros,20.0000000000
METRIC,2026-04-17T23:02:13Z,17153374426169,2336,btc_qm_engine:btc_nx48_csv_saved,1.0000000000
METRIC,2026-04-17T23:02:13Z,17153461205157,2336,btc_qm_engine:btc_ptmc_rep_hot,1.0000000000
METRIC,2026-04-17T23:02:13Z,17153461295277,2336,btc_qm_engine:btc_ptmc_rep_cold,0.0000000000
METRIC,2026-04-17T23:02:13Z,17153461325817,2336,btc_qm_engine:btc_ptmc_accept,1.0000000000
METRIC,2026-04-17T23:02:13Z,17153461360497,2336,btc_qm_engine:btc_ptmc_rep_hot,2.0000000000
METRIC,2026-04-17T23:02:13Z,17153461390187,2336,btc_qm_engine:btc_ptmc_rep_cold,1.0000000000
METRIC,2026-04-17T23:02:13Z,17153461420517,2336,btc_qm_engine:btc_ptmc_accept,1.0000000000
METRIC,2026-04-17T23:02:13Z,17153461453517,2336,btc_qm_engine:btc_ptmc_rep_hot,3.0000000000
METRIC,2026-04-17T23:02:13Z,17153461482237,2336,btc_qm_engine:btc_ptmc_rep_cold,2.0000000000
METRIC,2026-04-17T23:02:13Z,17153461510637,2336,btc_qm_engine:btc_ptmc_accept,1.0000000000
METRIC,2026-04-17T23:02:13Z,17153461539397,2336,btc_qm_engine:btc_ptmc_rep_hot,4.0000000000
METRIC,2026-04-17T23:02:13Z,17153461568107,2336,btc_qm_engine:btc_ptmc_rep_cold,3.0000000000
METRIC,2026-04-17T23:02:13Z,17153461596627,2336,btc_qm_engine:btc_ptmc_accept,1.0000000000
METRIC,2026-04-17T23:02:13Z,17153461625517,2336,btc_qm_engine:btc_ptmc_rep_hot,5.0000000000
METRIC,2026-04-17T23:02:13Z,17153461653367,2336,btc_qm_engine:btc_ptmc_rep_cold,4.0000000000
METRIC,2026-04-17T23:02:13Z,17153461693517,2336,btc_qm_engine:btc_ptmc_accept,1.0000000000
METRIC,2026-04-17T23:02:13Z,17153461726157,2336,btc_qm_engine:btc_ptmc_rep_hot,6.0000000000
METRIC,2026-04-17T23:02:13Z,17153461756027,2336,btc_qm_engine:btc_ptmc_rep_cold,5.0000000000
METRIC,2026-04-17T23:02:13Z,17153461785587,2336,btc_qm_engine:btc_ptmc_accept,1.0000000000
METRIC,2026-04-17T23:02:13Z,17153461814957,2336,btc_qm_engine:btc_ptmc_rep_hot,7.0000000000
METRIC,2026-04-17T23:02:13Z,17153461844247,2336,btc_qm_engine:btc_ptmc_rep_cold,6.0000000000
METRIC,2026-04-17T23:02:13Z,17153461873187,2336,btc_qm_engine:btc_ptmc_accept,1.0000000000
METRIC,2026-04-17T23:02:13Z,17153561869665,2336,btc_qm_engine:btc_ptmc_rep_hot,1.0000000000
METRIC,2026-04-17T23:02:13Z,17153561940525,2336,btc_qm_engine:btc_ptmc_rep_cold,0.0000000000
METRIC,2026-04-17T23:02:13Z,17153561964435,2336,btc_qm_engine:btc_ptmc_accept,1.0000000000
METRIC,2026-04-17T23:02:13Z,17153561991185,2336,btc_qm_engine:btc_ptmc_rep_hot,2.0000000000
METRIC,2026-04-17T23:02:13Z,17153562037705,2336,btc_qm_engine:btc_ptmc_rep_cold,1.0000000000
METRIC,2026-04-17T23:02:13Z,17153562067265,2336,btc_qm_engine:btc_ptmc_accept,0.7165485813
METRIC,2026-04-17T23:02:13Z,17153562094245,2336,btc_qm_engine:btc_ptmc_rep_hot,3.0000000000
METRIC,2026-04-17T23:02:13Z,17153562122695,2336,btc_qm_engine:btc_ptmc_rep_cold,2.0000000000
METRIC,2026-04-17T23:02:13Z,17153562160555,2336,btc_qm_engine:btc_ptmc_accept,0.8464868258
METRIC,2026-04-17T23:02:13Z,17153562184375,2336,btc_qm_engine:btc_ptmc_rep_hot,4.0000000000
METRIC,2026-04-17T23:02:13Z,17153562207135,2336,btc_qm_engine:btc_ptmc_rep_cold,3.0000000000
METRIC,2026-04-17T23:02:13Z,17153562233565,2336,btc_qm_engine:btc_ptmc_accept,0.9048393810
METRIC,2026-04-17T23:02:13Z,17153562265625,2336,btc_qm_engine:btc_ptmc_rep_hot,5.0000000000
METRIC,2026-04-17T23:02:13Z,17153562288305,2336,btc_qm_engine:btc_ptmc_rep_cold,4.0000000000
METRIC,2026-04-17T23:02:13Z,17153562313595,2336,btc_qm_engine:btc_ptmc_accept,1.0000000000
METRIC,2026-04-17T23:02:13Z,17153562344665,2336,btc_qm_engine:btc_ptmc_rep_hot,6.0000000000
METRIC,2026-04-17T23:02:13Z,17153562372825,2336,btc_qm_engine:btc_ptmc_rep_cold,5.0000000000
METRIC,2026-04-17T23:02:13Z,17153562399255,2336,btc_qm_engine:btc_ptmc_accept,0.9642898556
METRIC,2026-04-17T23:02:13Z,17153562425555,2336,btc_qm_engine:btc_ptmc_rep_hot,7.0000000000
METRIC,2026-04-17T23:02:13Z,17153562454965,2336,btc_qm_engine:btc_ptmc_rep_cold,6.0000000000
METRIC,2026-04-17T23:02:13Z,17153562482985,2336,btc_qm_engine:btc_ptmc_accept,0.9767447714
METRIC,2026-04-17T23:02:13Z,17153666574283,2336,btc_qm_engine:btc_ptmc_rep_hot,1.0000000000
METRIC,2026-04-17T23:02:13Z,17153666666473,2336,btc_qm_engine:btc_ptmc_rep_cold,0.0000000000
METRIC,2026-04-17T23:02:13Z,17153666725853,2336,btc_qm_engine:btc_ptmc_accept,1.0000000000
METRIC,2026-04-17T23:02:13Z,17153666758963,2336,btc_qm_engine:btc_ptmc_rep_hot,2.0000000000
METRIC,2026-04-17T23:02:13Z,17153666790433,2336,btc_qm_engine:btc_ptmc_rep_cold,1.0000000000
METRIC,2026-04-17T23:02:13Z,17153666819513,2336,btc_qm_engine:btc_ptmc_accept,1.0000000000
METRIC,2026-04-17T23:02:13Z,17153666853423,2336,btc_qm_engine:btc_ptmc_rep_hot,3.0000000000
METRIC,2026-04-17T23:02:13Z,17153666883643,2336,btc_qm_engine:btc_ptmc_rep_cold,2.0000000000
METRIC,2026-04-17T23:02:13Z,17153666920843,2336,btc_qm_engine:btc_ptmc_accept,1.0000000000
METRIC,2026-04-17T23:02:13Z,17153666954943,2336,btc_qm_engine:btc_ptmc_rep_hot,4.0000000000
METRIC,2026-04-17T23:02:13Z,17153666985133,2336,btc_qm_engine:btc_ptmc_rep_cold,3.0000000000
METRIC,2026-04-17T23:02:13Z,17153667032203,2336,btc_qm_engine:btc_ptmc_accept,1.0000000000
METRIC,2026-04-17T23:02:13Z,17153667060943,2336,btc_qm_engine:btc_ptmc_rep_hot,5.0000000000
METRIC,2026-04-17T23:02:13Z,17153667089003,2336,btc_qm_engine:btc_ptmc_rep_cold,4.0000000000
METRIC,2026-04-17T23:02:13Z,17153667116603,2336,btc_qm_engine:btc_ptmc_accept,1.0000000000
METRIC,2026-04-17T23:02:13Z,17153667143943,2336,btc_qm_engine:btc_ptmc_rep_hot,6.0000000000
METRIC,2026-04-17T23:02:13Z,17153667171463,2336,btc_qm_engine:btc_ptmc_rep_cold,5.0000000000
METRIC,2026-04-17T23:02:13Z,17153667199613,2336,btc_qm_engine:btc_ptmc_accept,1.0000000000
METRIC,2026-04-17T23:02:13Z,17153667226333,2336,btc_qm_engine:btc_ptmc_rep_hot,7.0000000000
METRIC,2026-04-17T23:02:13Z,17153667252563,2336,btc_qm_engine:btc_ptmc_rep_cold,6.0000000000
METRIC,2026-04-17T23:02:13Z,17153667287003,2336,btc_qm_engine:btc_ptmc_accept,1.0000000000
METRIC,2026-04-17T23:02:13Z,17153770284321,2336,btc_qm_engine:btc_ptmc_rep_hot,1.0000000000
METRIC,2026-04-17T23:02:13Z,17153770364391,2336,btc_qm_engine:btc_ptmc_rep_cold,0.0000000000
METRIC,2026-04-17T23:02:13Z,17153770394531,2336,btc_qm_engine:btc_ptmc_accept,-0.5135063048
METRIC,2026-04-17T23:02:13Z,17153770433601,2336,btc_qm_engine:btc_ptmc_rep_hot,2.0000000000
METRIC,2026-04-17T23:02:13Z,17153770464851,2336,btc_qm_engine:btc_ptmc_rep_cold,1.0000000000
METRIC,2026-04-17T23:02:13Z,17153770496901,2336,btc_qm_engine:btc_ptmc_accept,1.0000000000
METRIC,2026-04-17T23:02:13Z,17153770529611,2336,btc_qm_engine:btc_ptmc_rep_hot,3.0000000000
METRIC,2026-04-17T23:02:13Z,17153770560761,2336,btc_qm_engine:btc_ptmc_rep_cold,2.0000000000
METRIC,2026-04-17T23:02:13Z,17153770592471,2336,btc_qm_engine:btc_ptmc_accept,1.0000000000
METRIC,2026-04-17T23:02:13Z,17153770622991,2336,btc_qm_engine:btc_ptmc_rep_hot,4.0000000000
METRIC,2026-04-17T23:02:13Z,17153770652751,2336,btc_qm_engine:btc_ptmc_rep_cold,3.0000000000
METRIC,2026-04-17T23:02:13Z,17153770681771,2336,btc_qm_engine:btc_ptmc_accept,1.0000000000
METRIC,2026-04-17T23:02:13Z,17153770712111,2336,btc_qm_engine:btc_ptmc_rep_hot,5.0000000000
METRIC,2026-04-17T23:02:13Z,17153770742361,2336,btc_qm_engine:btc_ptmc_rep_cold,4.0000000000
METRIC,2026-04-17T23:02:13Z,17153770772041,2336,btc_qm_engine:btc_ptmc_accept,1.0000000000
METRIC,2026-04-17T23:02:13Z,17153770802171,2336,btc_qm_engine:btc_ptmc_rep_hot,6.0000000000
METRIC,2026-04-17T23:02:13Z,17153770832091,2336,btc_qm_engine:btc_ptmc_rep_cold,5.0000000000
METRIC,2026-04-17T23:02:13Z,17153770862011,2336,btc_qm_engine:btc_ptmc_accept,1.0000000000
METRIC,2026-04-17T23:02:13Z,17153770891861,2336,btc_qm_engine:btc_ptmc_rep_hot,7.0000000000
METRIC,2026-04-17T23:02:13Z,17153770922501,2336,btc_qm_engine:btc_ptmc_rep_cold,6.0000000000
METRIC,2026-04-17T23:02:13Z,17153770949511,2336,btc_qm_engine:btc_ptmc_accept,1.0000000000
METRIC,2026-04-17T23:02:14Z,17153870547089,2336,btc_qm_engine:btc_ptmc_rep_hot,1.0000000000
METRIC,2026-04-17T23:02:14Z,17153870637659,2336,btc_qm_engine:btc_ptmc_rep_cold,0.0000000000
METRIC,2026-04-17T23:02:14Z,17153870676719,2336,btc_qm_engine:btc_ptmc_accept,-0.5134171190
METRIC,2026-04-17T23:02:14Z,17153870702989,2336,btc_qm_engine:btc_ptmc_rep_hot,2.0000000000
METRIC,2026-04-17T23:02:14Z,17153870754779,2336,btc_qm_engine:btc_ptmc_rep_cold,1.0000000000
METRIC,2026-04-17T23:02:14Z,17153870783759,2336,btc_qm_engine:btc_ptmc_accept,1.0000000000
METRIC,2026-04-17T23:02:14Z,17153870818449,2336,btc_qm_engine:btc_ptmc_rep_hot,3.0000000000
METRIC,2026-04-17T23:02:14Z,17153870848829,2336,btc_qm_engine:btc_ptmc_rep_cold,2.0000000000
METRIC,2026-04-17T23:02:14Z,17153870877529,2336,btc_qm_engine:btc_ptmc_accept,0.8464817249
METRIC,2026-04-17T23:02:14Z,17153870901949,2336,btc_qm_engine:btc_ptmc_rep_hot,4.0000000000
METRIC,2026-04-17T23:02:14Z,17153870927029,2336,btc_qm_engine:btc_ptmc_rep_cold,3.0000000000
METRIC,2026-04-17T23:02:14Z,17153870956479,2336,btc_qm_engine:btc_ptmc_accept,0.9048374180
METRIC,2026-04-17T23:02:14Z,17153870985949,2336,btc_qm_engine:btc_ptmc_rep_hot,5.0000000000
METRIC,2026-04-17T23:02:14Z,17153871023629,2336,btc_qm_engine:btc_ptmc_rep_cold,4.0000000000
METRIC,2026-04-17T23:02:14Z,17153871052269,2336,btc_qm_engine:btc_ptmc_accept,1.0000000000
METRIC,2026-04-17T23:02:14Z,17153871080899,2336,btc_qm_engine:btc_ptmc_rep_hot,6.0000000000
METRIC,2026-04-17T23:02:14Z,17153871106259,2336,btc_qm_engine:btc_ptmc_rep_cold,5.0000000000
METRIC,2026-04-17T23:02:14Z,17153871134419,2336,btc_qm_engine:btc_ptmc_accept,0.9642895790
METRIC,2026-04-17T23:02:14Z,17153871164399,2336,btc_qm_engine:btc_ptmc_rep_hot,7.0000000000
METRIC,2026-04-17T23:02:14Z,17153871192679,2336,btc_qm_engine:btc_ptmc_rep_cold,6.0000000000
METRIC,2026-04-17T23:02:14Z,17153871219829,2336,btc_qm_engine:btc_ptmc_accept,0.9767452464
METRIC,2026-04-17T23:02:14Z,17153972781187,2336,btc_qm_engine:btc_ptmc_rep_hot,1.0000000000
METRIC,2026-04-17T23:02:14Z,17153972867187,2336,btc_qm_engine:btc_ptmc_rep_cold,0.0000000000
METRIC,2026-04-17T23:02:14Z,17153972894577,2336,btc_qm_engine:btc_ptmc_accept,1.0000000000
METRIC,2026-04-17T23:02:14Z,17153972925527,2336,btc_qm_engine:btc_ptmc_rep_hot,2.0000000000
METRIC,2026-04-17T23:02:14Z,17153972953957,2336,btc_qm_engine:btc_ptmc_rep_cold,1.0000000000
METRIC,2026-04-17T23:02:14Z,17153972980117,2336,btc_qm_engine:btc_ptmc_accept,1.0000000000
METRIC,2026-04-17T23:02:14Z,17153973026697,2336,btc_qm_engine:btc_ptmc_rep_hot,3.0000000000
METRIC,2026-04-17T23:02:14Z,17153973057457,2336,btc_qm_engine:btc_ptmc_rep_cold,2.0000000000
METRIC,2026-04-17T23:02:14Z,17153973084827,2336,btc_qm_engine:btc_ptmc_accept,1.0000000000
METRIC,2026-04-17T23:02:14Z,17153973113257,2336,btc_qm_engine:btc_ptmc_rep_hot,4.0000000000
METRIC,2026-04-17T23:02:14Z,17153973141027,2336,btc_qm_engine:btc_ptmc_rep_cold,3.0000000000
METRIC,2026-04-17T23:02:14Z,17153973167937,2336,btc_qm_engine:btc_ptmc_accept,1.0000000000
METRIC,2026-04-17T23:02:14Z,17153973198497,2336,btc_qm_engine:btc_ptmc_rep_hot,5.0000000000
METRIC,2026-04-17T23:02:14Z,17153973225257,2336,btc_qm_engine:btc_ptmc_rep_cold,4.0000000000
METRIC,2026-04-17T23:02:14Z,17153973252467,2336,btc_qm_engine:btc_ptmc_accept,1.0000000000
METRIC,2026-04-17T23:02:14Z,17153973294157,2336,btc_qm_engine:btc_ptmc_rep_hot,6.0000000000
METRIC,2026-04-17T23:02:14Z,17153973330277,2336,btc_qm_engine:btc_ptmc_rep_cold,5.0000000000
METRIC,2026-04-17T23:02:14Z,17153973356457,2336,btc_qm_engine:btc_ptmc_accept,1.0000000000
METRIC,2026-04-17T23:02:14Z,17153973384567,2336,btc_qm_engine:btc_ptmc_rep_hot,7.0000000000
METRIC,2026-04-17T23:02:14Z,17153973412797,2336,btc_qm_engine:btc_ptmc_rep_cold,6.0000000000
METRIC,2026-04-17T23:02:14Z,17153973462397,2336,btc_qm_engine:btc_ptmc_accept,1.0000000000
METRIC,2026-04-17T23:02:14Z,17154073081425,2336,btc_qm_engine:btc_ptmc_rep_hot,1.0000000000
METRIC,2026-04-17T23:02:14Z,17154073155865,2336,btc_qm_engine:btc_ptmc_rep_cold,0.0000000000
METRIC,2026-04-17T23:02:14Z,17154073179195,2336,btc_qm_engine:btc_ptmc_accept,1.0000000000
METRIC,2026-04-17T23:02:14Z,17154073204045,2336,btc_qm_engine:btc_ptmc_rep_hot,2.0000000000
METRIC,2026-04-17T23:02:14Z,17154073226435,2336,btc_qm_engine:btc_ptmc_rep_cold,1.0000000000
METRIC,2026-04-17T23:02:14Z,17154073248815,2336,btc_qm_engine:btc_ptmc_accept,1.0000000000
METRIC,2026-04-17T23:02:14Z,17154073274855,2336,btc_qm_engine:btc_ptmc_rep_hot,3.0000000000
METRIC,2026-04-17T23:02:14Z,17154073297425,2336,btc_qm_engine:btc_ptmc_rep_cold,2.0000000000
METRIC,2026-04-17T23:02:14Z,17154073319665,2336,btc_qm_engine:btc_ptmc_accept,1.0000000000
METRIC,2026-04-17T23:02:14Z,17154073342355,2336,btc_qm_engine:btc_ptmc_rep_hot,4.0000000000
METRIC,2026-04-17T23:02:14Z,17154073367585,2336,btc_qm_engine:btc_ptmc_rep_cold,3.0000000000
METRIC,2026-04-17T23:02:14Z,17154073397395,2336,btc_qm_engine:btc_ptmc_accept,1.0000000000
METRIC,2026-04-17T23:02:14Z,17154073425735,2336,btc_qm_engine:btc_ptmc_rep_hot,5.0000000000
METRIC,2026-04-17T23:02:14Z,17154073449085,2336,btc_qm_engine:btc_ptmc_rep_cold,4.0000000000
METRIC,2026-04-17T23:02:14Z,17154073474445,2336,btc_qm_engine:btc_ptmc_accept,1.0000000000
METRIC,2026-04-17T23:02:14Z,17154073502065,2336,btc_qm_engine:btc_ptmc_rep_hot,6.0000000000
METRIC,2026-04-17T23:02:14Z,17154073532395,2336,btc_qm_engine:btc_ptmc_rep_cold,5.0000000000
METRIC,2026-04-17T23:02:14Z,17154073555235,2336,btc_qm_engine:btc_ptmc_accept,1.0000000000
METRIC,2026-04-17T23:02:14Z,17154073580915,2336,btc_qm_engine:btc_ptmc_rep_hot,7.0000000000
METRIC,2026-04-17T23:02:14Z,17154073611005,2336,btc_qm_engine:btc_ptmc_rep_cold,6.0000000000
METRIC,2026-04-17T23:02:14Z,17154073639935,2336,btc_qm_engine:btc_ptmc_accept,1.0000000000
METRIC,2026-04-17T23:02:14Z,17154176790033,2336,btc_qm_engine:btc_ptmc_rep_hot,1.0000000000
METRIC,2026-04-17T23:02:14Z,17154176875673,2336,btc_qm_engine:btc_ptmc_rep_cold,0.0000000000
METRIC,2026-04-17T23:02:14Z,17154176905413,2336,btc_qm_engine:btc_ptmc_accept,1.0000000000
METRIC,2026-04-17T23:02:14Z,17154176942503,2336,btc_qm_engine:btc_ptmc_rep_hot,2.0000000000
METRIC,2026-04-17T23:02:14Z,17154176973693,2336,btc_qm_engine:btc_ptmc_rep_cold,1.0000000000
METRIC,2026-04-17T23:02:14Z,17154177015163,2336,btc_qm_engine:btc_ptmc_accept,1.0000000000
METRIC,2026-04-17T23:02:14Z,17154177048123,2336,btc_qm_engine:btc_ptmc_rep_hot,3.0000000000
METRIC,2026-04-17T23:02:14Z,17154177075583,2336,btc_qm_engine:btc_ptmc_rep_cold,2.0000000000
METRIC,2026-04-17T23:02:14Z,17154177106373,2336,btc_qm_engine:btc_ptmc_accept,1.0000000000
METRIC,2026-04-17T23:02:14Z,17154177148153,2336,btc_qm_engine:btc_ptmc_rep_hot,4.0000000000
METRIC,2026-04-17T23:02:14Z,17154177187443,2336,btc_qm_engine:btc_ptmc_rep_cold,3.0000000000
METRIC,2026-04-17T23:02:14Z,17154177215613,2336,btc_qm_engine:btc_ptmc_accept,1.0000000000
METRIC,2026-04-17T23:02:14Z,17154177245583,2336,btc_qm_engine:btc_ptmc_rep_hot,5.0000000000
METRIC,2026-04-17T23:02:14Z,17154177280713,2336,btc_qm_engine:btc_ptmc_rep_cold,4.0000000000
METRIC,2026-04-17T23:02:14Z,17154177310743,2336,btc_qm_engine:btc_ptmc_accept,1.0000000000
METRIC,2026-04-17T23:02:14Z,17154177337623,2336,btc_qm_engine:btc_ptmc_rep_hot,6.0000000000
METRIC,2026-04-17T23:02:14Z,17154177373303,2336,btc_qm_engine:btc_ptmc_rep_cold,5.0000000000
METRIC,2026-04-17T23:02:14Z,17154177407143,2336,btc_qm_engine:btc_ptmc_accept,1.0000000000
METRIC,2026-04-17T23:02:14Z,17154177439033,2336,btc_qm_engine:btc_ptmc_rep_hot,7.0000000000
METRIC,2026-04-17T23:02:14Z,17154177470163,2336,btc_qm_engine:btc_ptmc_rep_cold,6.0000000000
METRIC,2026-04-17T23:02:14Z,17154177497823,2336,btc_qm_engine:btc_ptmc_accept,1.0000000000
METRIC,2026-04-17T23:02:14Z,17154281097711,2336,btc_qm_engine:btc_ptmc_rep_hot,1.0000000000
METRIC,2026-04-17T23:02:14Z,17154281179251,2336,btc_qm_engine:btc_ptmc_rep_cold,0.0000000000
METRIC,2026-04-17T23:02:14Z,17154281226041,2336,btc_qm_engine:btc_ptmc_accept,1.0000000000
METRIC,2026-04-17T23:02:14Z,17154281254661,2336,btc_qm_engine:btc_ptmc_rep_hot,2.0000000000
METRIC,2026-04-17T23:02:14Z,17154281290001,2336,btc_qm_engine:btc_ptmc_rep_cold,1.0000000000
METRIC,2026-04-17T23:02:14Z,17154281320391,2336,btc_qm_engine:btc_ptmc_accept,1.0000000000
METRIC,2026-04-17T23:02:14Z,17154281344411,2336,btc_qm_engine:btc_ptmc_rep_hot,3.0000000000
METRIC,2026-04-17T23:02:14Z,17154281374661,2336,btc_qm_engine:btc_ptmc_rep_cold,2.0000000000
METRIC,2026-04-17T23:02:14Z,17154281402511,2336,btc_qm_engine:btc_ptmc_accept,1.0000000000
METRIC,2026-04-17T23:02:14Z,17154281435061,2336,btc_qm_engine:btc_ptmc_rep_hot,4.0000000000
METRIC,2026-04-17T23:02:14Z,17154281464351,2336,btc_qm_engine:btc_ptmc_rep_cold,3.0000000000
METRIC,2026-04-17T23:02:14Z,17154281493441,2336,btc_qm_engine:btc_ptmc_accept,1.0000000000
METRIC,2026-04-17T23:02:14Z,17154281530531,2336,btc_qm_engine:btc_ptmc_rep_hot,5.0000000000
METRIC,2026-04-17T23:02:14Z,17154281567171,2336,btc_qm_engine:btc_ptmc_rep_cold,4.0000000000
METRIC,2026-04-17T23:02:14Z,17154281596131,2336,btc_qm_engine:btc_ptmc_accept,1.0000000000
METRIC,2026-04-17T23:02:14Z,17154281625621,2336,btc_qm_engine:btc_ptmc_rep_hot,6.0000000000
METRIC,2026-04-17T23:02:14Z,17154281655071,2336,btc_qm_engine:btc_ptmc_rep_cold,5.0000000000
METRIC,2026-04-17T23:02:14Z,17154281684031,2336,btc_qm_engine:btc_ptmc_accept,1.0000000000
METRIC,2026-04-17T23:02:14Z,17154281713391,2336,btc_qm_engine:btc_ptmc_rep_hot,7.0000000000
METRIC,2026-04-17T23:02:14Z,17154281744741,2336,btc_qm_engine:btc_ptmc_rep_cold,6.0000000000
METRIC,2026-04-17T23:02:14Z,17154281771691,2336,btc_qm_engine:btc_ptmc_accept,1.0000000000
METRIC,2026-04-17T23:02:14Z,17154382486489,2336,btc_qm_engine:btc_ptmc_rep_hot,1.0000000000
METRIC,2026-04-17T23:02:14Z,17154382567569,2336,btc_qm_engine:btc_ptmc_rep_cold,0.0000000000
METRIC,2026-04-17T23:02:14Z,17154382607959,2336,btc_qm_engine:btc_ptmc_accept,0.5136174742
METRIC,2026-04-17T23:02:14Z,17154382656259,2336,btc_qm_engine:btc_ptmc_rep_hot,2.0000000000
METRIC,2026-04-17T23:02:14Z,17154382700029,2336,btc_qm_engine:btc_ptmc_rep_cold,1.0000000000
METRIC,2026-04-17T23:02:14Z,17154382731179,2336,btc_qm_engine:btc_ptmc_accept,-0.7165701146
METRIC,2026-04-17T23:02:14Z,17154382764799,2336,btc_qm_engine:btc_ptmc_rep_hot,3.0000000000
METRIC,2026-04-17T23:02:14Z,17154382797109,2336,btc_qm_engine:btc_ptmc_rep_cold,2.0000000000
METRIC,2026-04-17T23:02:14Z,17154382825269,2336,btc_qm_engine:btc_ptmc_accept,1.0000000000
METRIC,2026-04-17T23:02:14Z,17154382853899,2336,btc_qm_engine:btc_ptmc_rep_hot,4.0000000000
METRIC,2026-04-17T23:02:14Z,17154382884389,2336,btc_qm_engine:btc_ptmc_rep_cold,3.0000000000
METRIC,2026-04-17T23:02:14Z,17154382914999,2336,btc_qm_engine:btc_ptmc_accept,1.0000000000
METRIC,2026-04-17T23:02:14Z,17154382941759,2336,btc_qm_engine:btc_ptmc_rep_hot,5.0000000000
METRIC,2026-04-17T23:02:14Z,17154382968509,2336,btc_qm_engine:btc_ptmc_rep_cold,4.0000000000
METRIC,2026-04-17T23:02:14Z,17154382999609,2336,btc_qm_engine:btc_ptmc_accept,1.0000000000
METRIC,2026-04-17T23:02:14Z,17154383052219,2336,btc_qm_engine:btc_ptmc_rep_hot,6.0000000000
METRIC,2026-04-17T23:02:14Z,17154383076669,2336,btc_qm_engine:btc_ptmc_rep_cold,5.0000000000
METRIC,2026-04-17T23:02:14Z,17154383102679,2336,btc_qm_engine:btc_ptmc_accept,1.0000000000
METRIC,2026-04-17T23:02:14Z,17154383135329,2336,btc_qm_engine:btc_ptmc_rep_hot,7.0000000000
METRIC,2026-04-17T23:02:14Z,17154383163289,2336,btc_qm_engine:btc_ptmc_rep_cold,6.0000000000
METRIC,2026-04-17T23:02:14Z,17154383193669,2336,btc_qm_engine:btc_ptmc_accept,1.0000000000
METRIC,2026-04-17T23:02:14Z,17154485112907,2336,btc_qm_engine:btc_ptmc_rep_hot,1.0000000000
METRIC,2026-04-17T23:02:14Z,17154485186237,2336,btc_qm_engine:btc_ptmc_rep_cold,0.0000000000
METRIC,2026-04-17T23:02:14Z,17154485217967,2336,btc_qm_engine:btc_ptmc_accept,1.0000000000
METRIC,2026-04-17T23:02:14Z,17154485249437,2336,btc_qm_engine:btc_ptmc_rep_hot,2.0000000000
METRIC,2026-04-17T23:02:14Z,17154485286987,2336,btc_qm_engine:btc_ptmc_rep_cold,1.0000000000
METRIC,2026-04-17T23:02:14Z,17154485345077,2336,btc_qm_engine:btc_ptmc_accept,1.0000000000
METRIC,2026-04-17T23:02:14Z,17154485376777,2336,btc_qm_engine:btc_ptmc_rep_hot,3.0000000000
METRIC,2026-04-17T23:02:14Z,17154485407397,2336,btc_qm_engine:btc_ptmc_rep_cold,2.0000000000
METRIC,2026-04-17T23:02:14Z,17154485439457,2336,btc_qm_engine:btc_ptmc_accept,1.0000000000
METRIC,2026-04-17T23:02:14Z,17154485468767,2336,btc_qm_engine:btc_ptmc_rep_hot,4.0000000000
METRIC,2026-04-17T23:02:14Z,17154485500437,2336,btc_qm_engine:btc_ptmc_rep_cold,3.0000000000
METRIC,2026-04-17T23:02:14Z,17154485528567,2336,btc_qm_engine:btc_ptmc_accept,1.0000000000
METRIC,2026-04-17T23:02:14Z,17154485559597,2336,btc_qm_engine:btc_ptmc_rep_hot,5.0000000000
METRIC,2026-04-17T23:02:14Z,17154485587997,2336,btc_qm_engine:btc_ptmc_rep_cold,4.0000000000
METRIC,2026-04-17T23:02:14Z,17154485619337,2336,btc_qm_engine:btc_ptmc_accept,1.0000000000
METRIC,2026-04-17T23:02:14Z,17154485650477,2336,btc_qm_engine:btc_ptmc_rep_hot,6.0000000000
METRIC,2026-04-17T23:02:14Z,17154485688557,2336,btc_qm_engine:btc_ptmc_rep_cold,5.0000000000
METRIC,2026-04-17T23:02:14Z,17154485723117,2336,btc_qm_engine:btc_ptmc_accept,1.0000000000
METRIC,2026-04-17T23:02:14Z,17154485754007,2336,btc_qm_engine:btc_ptmc_rep_hot,7.0000000000
METRIC,2026-04-17T23:02:14Z,17154485785207,2336,btc_qm_engine:btc_ptmc_rep_cold,6.0000000000
METRIC,2026-04-17T23:02:14Z,17154485815947,2336,btc_qm_engine:btc_ptmc_accept,1.0000000000
METRIC,2026-04-17T23:02:14Z,17154589152055,2336,btc_qm_engine:btc_ptmc_rep_hot,1.0000000000
METRIC,2026-04-17T23:02:14Z,17154589320415,2336,btc_qm_engine:btc_ptmc_rep_cold,0.0000000000
METRIC,2026-04-17T23:02:14Z,17154589403555,2336,btc_qm_engine:btc_ptmc_accept,1.0000000000
METRIC,2026-04-17T23:02:14Z,17154589437645,2336,btc_qm_engine:btc_ptmc_rep_hot,2.0000000000
METRIC,2026-04-17T23:02:14Z,17154589535025,2336,btc_qm_engine:btc_ptmc_rep_cold,1.0000000000
METRIC,2026-04-17T23:02:14Z,17154589616715,2336,btc_qm_engine:btc_ptmc_accept,0.7165313106
METRIC,2026-04-17T23:02:14Z,17154589694305,2336,btc_qm_engine:btc_ptmc_rep_hot,3.0000000000
METRIC,2026-04-17T23:02:14Z,17154589755085,2336,btc_qm_engine:btc_ptmc_rep_cold,2.0000000000
METRIC,2026-04-17T23:02:14Z,17154589823645,2336,btc_qm_engine:btc_ptmc_accept,0.8464817249
METRIC,2026-04-17T23:02:14Z,17154589877085,2336,btc_qm_engine:btc_ptmc_rep_hot,4.0000000000
METRIC,2026-04-17T23:02:14Z,17154589931535,2336,btc_qm_engine:btc_ptmc_rep_cold,3.0000000000
METRIC,2026-04-17T23:02:14Z,17154590019205,2336,btc_qm_engine:btc_ptmc_accept,0.9048374180
METRIC,2026-04-17T23:02:14Z,17154590076645,2336,btc_qm_engine:btc_ptmc_rep_hot,5.0000000000
METRIC,2026-04-17T23:02:14Z,17154590135115,2336,btc_qm_engine:btc_ptmc_rep_cold,4.0000000000
METRIC,2026-04-17T23:02:14Z,17154590205715,2336,btc_qm_engine:btc_ptmc_accept,0.9394130628
METRIC,2026-04-17T23:02:14Z,17154590259015,2336,btc_qm_engine:btc_ptmc_rep_hot,6.0000000000
METRIC,2026-04-17T23:02:14Z,17154590315355,2336,btc_qm_engine:btc_ptmc_rep_cold,5.0000000000
METRIC,2026-04-17T23:02:14Z,17154590383455,2336,btc_qm_engine:btc_ptmc_accept,0.9642895790
METRIC,2026-04-17T23:02:14Z,17154590435715,2336,btc_qm_engine:btc_ptmc_rep_hot,7.0000000000
METRIC,2026-04-17T23:02:14Z,17154590489615,2336,btc_qm_engine:btc_ptmc_rep_cold,6.0000000000
METRIC,2026-04-17T23:02:14Z,17154590561145,2336,btc_qm_engine:btc_ptmc_accept,0.9767452464
METRIC,2026-04-17T23:02:14Z,17154692755763,2336,btc_qm_engine:btc_ptmc_rep_hot,1.0000000000
METRIC,2026-04-17T23:02:14Z,17154692927913,2336,btc_qm_engine:btc_ptmc_rep_cold,0.0000000000
METRIC,2026-04-17T23:02:14Z,17154693066983,2336,btc_qm_engine:btc_ptmc_accept,0.5134171190
METRIC,2026-04-17T23:02:14Z,17154693155123,2336,btc_qm_engine:btc_ptmc_rep_hot,2.0000000000
METRIC,2026-04-17T23:02:14Z,17154693224393,2336,btc_qm_engine:btc_ptmc_rep_cold,1.0000000000
METRIC,2026-04-17T23:02:14Z,17154693338883,2336,btc_qm_engine:btc_ptmc_accept,0.7165001846
METRIC,2026-04-17T23:02:14Z,17154693417953,2336,btc_qm_engine:btc_ptmc_rep_hot,3.0000000000
METRIC,2026-04-17T23:02:14Z,17154693563843,2336,btc_qm_engine:btc_ptmc_rep_cold,2.0000000000
METRIC,2026-04-17T23:02:14Z,17154693631723,2336,btc_qm_engine:btc_ptmc_accept,0.8464725326
METRIC,2026-04-17T23:02:14Z,17154693714703,2336,btc_qm_engine:btc_ptmc_rep_hot,4.0000000000
METRIC,2026-04-17T23:02:14Z,17154693784803,2336,btc_qm_engine:btc_ptmc_rep_cold,3.0000000000
METRIC,2026-04-17T23:02:14Z,17154693854073,2336,btc_qm_engine:btc_ptmc_accept,0.9048338808
METRIC,2026-04-17T23:02:14Z,17154693918293,2336,btc_qm_engine:btc_ptmc_rep_hot,5.0000000000
METRIC,2026-04-17T23:02:14Z,17154693990053,2336,btc_qm_engine:btc_ptmc_rep_cold,4.0000000000
METRIC,2026-04-17T23:02:14Z,17154694073203,2336,btc_qm_engine:btc_ptmc_accept,0.9394116283
METRIC,2026-04-17T23:02:14Z,17154694149043,2336,btc_qm_engine:btc_ptmc_rep_hot,6.0000000000
METRIC,2026-04-17T23:02:14Z,17154694217533,2336,btc_qm_engine:btc_ptmc_rep_cold,5.0000000000
METRIC,2026-04-17T23:02:14Z,17154694301173,2336,btc_qm_engine:btc_ptmc_accept,0.9642890805
METRIC,2026-04-17T23:02:14Z,17154694379853,2336,btc_qm_engine:btc_ptmc_rep_hot,7.0000000000
METRIC,2026-04-17T23:02:14Z,17154694472003,2336,btc_qm_engine:btc_ptmc_rep_cold,6.0000000000
METRIC,2026-04-17T23:02:14Z,17154694556053,2336,btc_qm_engine:btc_ptmc_accept,1.0000000000
METRIC,2026-04-17T23:02:15Z,17154795399061,2336,btc_qm_engine:btc_ptmc_rep_hot,1.0000000000
METRIC,2026-04-17T23:02:15Z,17154805875781,2336,btc_qm_engine:btc_ptmc_rep_cold,0.0000000000
METRIC,2026-04-17T23:02:15Z,17154807354461,2336,btc_qm_engine:btc_ptmc_accept,1.0000000000
METRIC,2026-04-17T23:02:15Z,17154807438271,2336,btc_qm_engine:btc_ptmc_rep_hot,2.0000000000
METRIC,2026-04-17T23:02:15Z,17154807469881,2336,btc_qm_engine:btc_ptmc_rep_cold,1.0000000000
METRIC,2026-04-17T23:02:15Z,17154807496951,2336,btc_qm_engine:btc_ptmc_accept,1.0000000000
METRIC,2026-04-17T23:02:15Z,17154807523941,2336,btc_qm_engine:btc_ptmc_rep_hot,3.0000000000
METRIC,2026-04-17T23:02:15Z,17154807550921,2336,btc_qm_engine:btc_ptmc_rep_cold,2.0000000000
METRIC,2026-04-17T23:02:15Z,17154807577841,2336,btc_qm_engine:btc_ptmc_accept,1.0000000000
METRIC,2026-04-17T23:02:15Z,17154807604811,2336,btc_qm_engine:btc_ptmc_rep_hot,4.0000000000
METRIC,2026-04-17T23:02:15Z,17154807929491,2336,btc_qm_engine:btc_ptmc_rep_cold,3.0000000000
METRIC,2026-04-17T23:02:15Z,17154807972701,2336,btc_qm_engine:btc_ptmc_accept,1.0000000000
METRIC,2026-04-17T23:02:15Z,17154808000191,2336,btc_qm_engine:btc_ptmc_rep_hot,5.0000000000
METRIC,2026-04-17T23:02:15Z,17154808049971,2336,btc_qm_engine:btc_ptmc_rep_cold,4.0000000000
METRIC,2026-04-17T23:02:15Z,17154808076301,2336,btc_qm_engine:btc_ptmc_accept,1.0000000000
METRIC,2026-04-17T23:02:15Z,17154808102521,2336,btc_qm_engine:btc_ptmc_rep_hot,6.0000000000
METRIC,2026-04-17T23:02:15Z,17154808129141,2336,btc_qm_engine:btc_ptmc_rep_cold,5.0000000000
METRIC,2026-04-17T23:02:15Z,17154808155381,2336,btc_qm_engine:btc_ptmc_accept,1.0000000000
METRIC,2026-04-17T23:02:15Z,17154808182271,2336,btc_qm_engine:btc_ptmc_rep_hot,7.0000000000
METRIC,2026-04-17T23:02:15Z,17154808208861,2336,btc_qm_engine:btc_ptmc_rep_cold,6.0000000000
METRIC,2026-04-17T23:02:15Z,17154808235301,2336,btc_qm_engine:btc_ptmc_accept,1.0000000000
METRIC,2026-04-17T23:02:15Z,17154896714239,2336,btc_qm_engine:btc_ptmc_rep_hot,1.0000000000
METRIC,2026-04-17T23:02:15Z,17154896789649,2336,btc_qm_engine:btc_ptmc_rep_cold,0.0000000000
METRIC,2026-04-17T23:02:15Z,17154896813399,2336,btc_qm_engine:btc_ptmc_accept,1.0000000000
METRIC,2026-04-17T23:02:15Z,17154896850509,2336,btc_qm_engine:btc_ptmc_rep_hot,2.0000000000
METRIC,2026-04-17T23:02:15Z,17154896882099,2336,btc_qm_engine:btc_ptmc_rep_cold,1.0000000000
METRIC,2026-04-17T23:02:15Z,17154896905219,2336,btc_qm_engine:btc_ptmc_accept,1.0000000000
METRIC,2026-04-17T23:02:15Z,17154896930379,2336,btc_qm_engine:btc_ptmc_rep_hot,3.0000000000
METRIC,2026-04-17T23:02:15Z,17154896952949,2336,btc_qm_engine:btc_ptmc_rep_cold,2.0000000000
METRIC,2026-04-17T23:02:15Z,17154896975399,2336,btc_qm_engine:btc_ptmc_accept,1.0000000000
METRIC,2026-04-17T23:02:15Z,17154896998159,2336,btc_qm_engine:btc_ptmc_rep_hot,4.0000000000
METRIC,2026-04-17T23:02:15Z,17154897075239,2336,btc_qm_engine:btc_ptmc_rep_cold,3.0000000000
METRIC,2026-04-17T23:02:15Z,17154897098899,2336,btc_qm_engine:btc_ptmc_accept,1.0000000000
METRIC,2026-04-17T23:02:15Z,17154897121599,2336,btc_qm_engine:btc_ptmc_rep_hot,5.0000000000
METRIC,2026-04-17T23:02:15Z,17154897143879,2336,btc_qm_engine:btc_ptmc_rep_cold,4.0000000000
METRIC,2026-04-17T23:02:15Z,17154897166079,2336,btc_qm_engine:btc_ptmc_accept,1.0000000000
METRIC,2026-04-17T23:02:15Z,17154897188759,2336,btc_qm_engine:btc_ptmc_rep_hot,6.0000000000
METRIC,2026-04-17T23:02:15Z,17154897218199,2336,btc_qm_engine:btc_ptmc_rep_cold,5.0000000000
METRIC,2026-04-17T23:02:15Z,17154897245309,2336,btc_qm_engine:btc_ptmc_accept,1.0000000000
METRIC,2026-04-17T23:02:15Z,17154897272709,2336,btc_qm_engine:btc_ptmc_rep_hot,7.0000000000
METRIC,2026-04-17T23:02:15Z,17154897293649,2336,btc_qm_engine:btc_ptmc_rep_cold,6.0000000000
METRIC,2026-04-17T23:02:15Z,17154897319599,2336,btc_qm_engine:btc_ptmc_accept,1.0000000000
METRIC,2026-04-17T23:02:15Z,17154997060477,2336,btc_qm_engine:btc_ptmc_rep_hot,1.0000000000
METRIC,2026-04-17T23:02:15Z,17154997152987,2336,btc_qm_engine:btc_ptmc_rep_cold,0.0000000000
METRIC,2026-04-17T23:02:15Z,17154997179317,2336,btc_qm_engine:btc_ptmc_accept,1.0000000000
METRIC,2026-04-17T23:02:15Z,17154997207017,2336,btc_qm_engine:btc_ptmc_rep_hot,2.0000000000
METRIC,2026-04-17T23:02:15Z,17154997231077,2336,btc_qm_engine:btc_ptmc_rep_cold,1.0000000000
METRIC,2026-04-17T23:02:15Z,17154997254867,2336,btc_qm_engine:btc_ptmc_accept,-0.5134418693
METRIC,2026-04-17T23:02:15Z,17154997287957,2336,btc_qm_engine:btc_ptmc_rep_hot,3.0000000000
METRIC,2026-04-17T23:02:15Z,17154997318087,2336,btc_qm_engine:btc_ptmc_rep_cold,2.0000000000
METRIC,2026-04-17T23:02:15Z,17154997347557,2336,btc_qm_engine:btc_ptmc_accept,1.0000000000
METRIC,2026-04-17T23:02:15Z,17154997374457,2336,btc_qm_engine:btc_ptmc_rep_hot,4.0000000000
METRIC,2026-04-17T23:02:15Z,17154997401697,2336,btc_qm_engine:btc_ptmc_rep_cold,3.0000000000
METRIC,2026-04-17T23:02:15Z,17154997429757,2336,btc_qm_engine:btc_ptmc_accept,1.0000000000
METRIC,2026-04-17T23:02:15Z,17154997453847,2336,btc_qm_engine:btc_ptmc_rep_hot,5.0000000000
METRIC,2026-04-17T23:02:15Z,17154997479497,2336,btc_qm_engine:btc_ptmc_rep_cold,4.0000000000
METRIC,2026-04-17T23:02:15Z,17154997500187,2336,btc_qm_engine:btc_ptmc_accept,1.0000000000
METRIC,2026-04-17T23:02:15Z,17154997521237,2336,btc_qm_engine:btc_ptmc_rep_hot,6.0000000000
METRIC,2026-04-17T23:02:15Z,17154997543567,2336,btc_qm_engine:btc_ptmc_rep_cold,5.0000000000
METRIC,2026-04-17T23:02:15Z,17154997575477,2336,btc_qm_engine:btc_ptmc_accept,1.0000000000
METRIC,2026-04-17T23:02:15Z,17154997621817,2336,btc_qm_engine:btc_ptmc_rep_hot,7.0000000000
METRIC,2026-04-17T23:02:15Z,17154997649377,2336,btc_qm_engine:btc_ptmc_rep_cold,6.0000000000
METRIC,2026-04-17T23:02:15Z,17154997672257,2336,btc_qm_engine:btc_ptmc_accept,1.0000000000
METRIC,2026-04-17T23:02:15Z,17155097293085,2336,btc_qm_engine:btc_ptmc_rep_hot,1.0000000000
METRIC,2026-04-17T23:02:15Z,17155097368515,2336,btc_qm_engine:btc_ptmc_rep_cold,0.0000000000
METRIC,2026-04-17T23:02:15Z,17155097397145,2336,btc_qm_engine:btc_ptmc_accept,1.0000000000
METRIC,2026-04-17T23:02:15Z,17155097432775,2336,btc_qm_engine:btc_ptmc_rep_hot,2.0000000000
METRIC,2026-04-17T23:02:15Z,17155097461445,2336,btc_qm_engine:btc_ptmc_rep_cold,1.0000000000
METRIC,2026-04-17T23:02:15Z,17155097489215,2336,btc_qm_engine:btc_ptmc_accept,1.0000000000
METRIC,2026-04-17T23:02:15Z,17155097527145,2336,btc_qm_engine:btc_ptmc_rep_hot,3.0000000000
METRIC,2026-04-17T23:02:15Z,17155097558915,2336,btc_qm_engine:btc_ptmc_rep_cold,2.0000000000
METRIC,2026-04-17T23:02:15Z,17155097586815,2336,btc_qm_engine:btc_ptmc_accept,1.0000000000
METRIC,2026-04-17T23:02:15Z,17155097615155,2336,btc_qm_engine:btc_ptmc_rep_hot,4.0000000000
METRIC,2026-04-17T23:02:15Z,17155097636185,2336,btc_qm_engine:btc_ptmc_rep_cold,3.0000000000
METRIC,2026-04-17T23:02:15Z,17155097659055,2336,btc_qm_engine:btc_ptmc_accept,1.0000000000
METRIC,2026-04-17T23:02:15Z,17155097709125,2336,btc_qm_engine:btc_ptmc_rep_hot,5.0000000000
METRIC,2026-04-17T23:02:15Z,17155097736865,2336,btc_qm_engine:btc_ptmc_rep_cold,4.0000000000
METRIC,2026-04-17T23:02:15Z,17155097767475,2336,btc_qm_engine:btc_ptmc_accept,1.0000000000
METRIC,2026-04-17T23:02:15Z,17155097796735,2336,btc_qm_engine:btc_ptmc_rep_hot,6.0000000000
METRIC,2026-04-17T23:02:15Z,17155097826505,2336,btc_qm_engine:btc_ptmc_rep_cold,5.0000000000
METRIC,2026-04-17T23:02:15Z,17155097855705,2336,btc_qm_engine:btc_ptmc_accept,1.0000000000
METRIC,2026-04-17T23:02:15Z,17155097884235,2336,btc_qm_engine:btc_ptmc_rep_hot,7.0000000000
METRIC,2026-04-17T23:02:15Z,17155097906475,2336,btc_qm_engine:btc_ptmc_rep_cold,6.0000000000
METRIC,2026-04-17T23:02:15Z,17155097929365,2336,btc_qm_engine:btc_ptmc_accept,1.0000000000
METRIC,2026-04-17T23:02:15Z,17155155618514,2336,btc_qm_engine:btc_nx48_delta_nonce_old,45.8719880000
METRIC,2026-04-17T23:02:15Z,17155155713234,2336,btc_qm_engine:btc_nx48_delta_nonce_new,50.0000000000
METRIC,2026-04-17T23:02:15Z,17155155795604,2336,btc_qm_engine:btc_nx48_batch_old,4.0000000000
METRIC,2026-04-17T23:02:15Z,17155155829394,2336,btc_qm_engine:btc_nx48_batch_new,4.0000000000
METRIC,2026-04-17T23:02:15Z,17155155867974,2336,btc_qm_engine:btc_nx48_loss,0.2890044986
METRIC,2026-04-17T23:02:15Z,17155155906664,2336,btc_qm_engine:btc_nx48_grad_norm,0.0987602884
METRIC,2026-04-17T23:02:15Z,17155155937404,2336,btc_qm_engine:btc_nx48_update_count,3252.0000000000
METRIC,2026-04-17T23:02:15Z,17155155966974,2336,btc_qm_engine:btc_nx48_exploration_bias,0.8675340000
METRIC,2026-04-17T23:02:15Z,17155155996014,2336,btc_qm_engine:btc_nx48_dual_blend,0.2000000000
METRIC,2026-04-17T23:02:15Z,17155156054044,2336,btc_qm_engine:btc_hashrate_mhs,0.8830732124
METRIC,2026-04-17T23:02:15Z,17155156101154,2336,btc_qm_engine:btc_hashrate_thread_id,0.0000000000
METRIC,2026-04-17T23:02:15Z,17155156703994,2336,btc_qm_engine:btc_hashrate_mhs,0.8836104537
METRIC,2026-04-17T23:02:15Z,17155156761054,2336,btc_qm_engine:btc_hashrate_thread_id,1.0000000000
METRIC,2026-04-17T23:02:15Z,17155201901923,2336,btc_qm_engine:btc_ptmc_rep_hot,1.0000000000
METRIC,2026-04-17T23:02:15Z,17155201997583,2336,btc_qm_engine:btc_ptmc_rep_cold,0.0000000000
METRIC,2026-04-17T23:02:15Z,17155202100183,2336,btc_qm_engine:btc_ptmc_accept,1.0000000000
METRIC,2026-04-17T23:02:15Z,17155202150523,2336,btc_qm_engine:btc_ptmc_rep_hot,2.0000000000
METRIC,2026-04-17T23:02:15Z,17155202183943,2336,btc_qm_engine:btc_ptmc_rep_cold,1.0000000000
METRIC,2026-04-17T23:02:15Z,17155202219923,2336,btc_qm_engine:btc_ptmc_accept,-0.7165624298
METRIC,2026-04-17T23:02:15Z,17155202267693,2336,btc_qm_engine:btc_ptmc_rep_hot,3.0000000000
METRIC,2026-04-17T23:02:15Z,17155202302143,2336,btc_qm_engine:btc_ptmc_rep_cold,2.0000000000
METRIC,2026-04-17T23:02:15Z,17155202334393,2336,btc_qm_engine:btc_ptmc_accept,1.0000000000
METRIC,2026-04-17T23:02:15Z,17155202370213,2336,btc_qm_engine:btc_ptmc_rep_hot,4.0000000000
METRIC,2026-04-17T23:02:15Z,17155202402943,2336,btc_qm_engine:btc_ptmc_rep_cold,3.0000000000
METRIC,2026-04-17T23:02:15Z,17155202457203,2336,btc_qm_engine:btc_ptmc_accept,0.9048409551
METRIC,2026-04-17T23:02:15Z,17155202491453,2336,btc_qm_engine:btc_ptmc_rep_hot,5.0000000000
METRIC,2026-04-17T23:02:15Z,17155202523213,2336,btc_qm_engine:btc_ptmc_rep_cold,4.0000000000
METRIC,2026-04-17T23:02:15Z,17155202554313,2336,btc_qm_engine:btc_ptmc_accept,0.9394144973
METRIC,2026-04-17T23:02:15Z,17155202585733,2336,btc_qm_engine:btc_ptmc_rep_hot,6.0000000000
METRIC,2026-04-17T23:02:15Z,17155202615373,2336,btc_qm_engine:btc_ptmc_rep_cold,5.0000000000
METRIC,2026-04-17T23:02:15Z,17155202646883,2336,btc_qm_engine:btc_ptmc_accept,0.9642900774
METRIC,2026-04-17T23:02:15Z,17155202679113,2336,btc_qm_engine:btc_ptmc_rep_hot,7.0000000000
METRIC,2026-04-17T23:02:15Z,17155202712093,2336,btc_qm_engine:btc_ptmc_rep_cold,6.0000000000
METRIC,2026-04-17T23:02:15Z,17155202743593,2336,btc_qm_engine:btc_ptmc_accept,0.9767452464
METRIC,2026-04-17T23:02:15Z,17155306742451,2336,btc_qm_engine:btc_ptmc_rep_hot,1.0000000000
METRIC,2026-04-17T23:02:15Z,17155306835831,2336,btc_qm_engine:btc_ptmc_rep_cold,0.0000000000
METRIC,2026-04-17T23:02:15Z,17155306864531,2336,btc_qm_engine:btc_ptmc_accept,1.0000000000
METRIC,2026-04-17T23:02:15Z,17155306896111,2336,btc_qm_engine:btc_ptmc_rep_hot,2.0000000000
METRIC,2026-04-17T23:02:15Z,17155306924061,2336,btc_qm_engine:btc_ptmc_rep_cold,1.0000000000
METRIC,2026-04-17T23:02:15Z,17155306954071,2336,btc_qm_engine:btc_ptmc_accept,1.0000000000
METRIC,2026-04-17T23:02:15Z,17155306982861,2336,btc_qm_engine:btc_ptmc_rep_hot,3.0000000000
METRIC,2026-04-17T23:02:15Z,17155307029451,2336,btc_qm_engine:btc_ptmc_rep_cold,2.0000000000
METRIC,2026-04-17T23:02:15Z,17155307057031,2336,btc_qm_engine:btc_ptmc_accept,0.8464817249
METRIC,2026-04-17T23:02:15Z,17155307086271,2336,btc_qm_engine:btc_ptmc_rep_hot,4.0000000000
METRIC,2026-04-17T23:02:15Z,17155307136971,2336,btc_qm_engine:btc_ptmc_rep_cold,3.0000000000
METRIC,2026-04-17T23:02:15Z,17155307179761,2336,btc_qm_engine:btc_ptmc_accept,0.9048374180
METRIC,2026-04-17T23:02:15Z,17155307217081,2336,btc_qm_engine:btc_ptmc_rep_hot,5.0000000000
METRIC,2026-04-17T23:02:15Z,17155307244191,2336,btc_qm_engine:btc_ptmc_rep_cold,4.0000000000
METRIC,2026-04-17T23:02:15Z,17155307277461,2336,btc_qm_engine:btc_ptmc_accept,-0.9394130628
METRIC,2026-04-17T23:02:15Z,17155307306291,2336,btc_qm_engine:btc_ptmc_rep_hot,6.0000000000
METRIC,2026-04-17T23:02:15Z,17155307340251,2336,btc_qm_engine:btc_ptmc_rep_cold,5.0000000000
METRIC,2026-04-17T23:02:15Z,17155307368201,2336,btc_qm_engine:btc_ptmc_accept,1.0000000000
METRIC,2026-04-17T23:02:15Z,17155307396311,2336,btc_qm_engine:btc_ptmc_rep_hot,7.0000000000
METRIC,2026-04-17T23:02:15Z,17155307427241,2336,btc_qm_engine:btc_ptmc_rep_cold,6.0000000000
METRIC,2026-04-17T23:02:15Z,17155307454591,2336,btc_qm_engine:btc_ptmc_accept,1.0000000000
METRIC,2026-04-17T23:02:15Z,17155410928809,2336,btc_qm_engine:btc_ptmc_rep_hot,1.0000000000
METRIC,2026-04-17T23:02:15Z,17155411016699,2336,btc_qm_engine:btc_ptmc_rep_cold,0.0000000000
METRIC,2026-04-17T23:02:15Z,17155411049769,2336,btc_qm_engine:btc_ptmc_accept,1.0000000000
METRIC,2026-04-17T23:02:15Z,17155411084729,2336,btc_qm_engine:btc_ptmc_rep_hot,2.0000000000
METRIC,2026-04-17T23:02:15Z,17155411110799,2336,btc_qm_engine:btc_ptmc_rep_cold,1.0000000000
METRIC,2026-04-17T23:02:15Z,17155411133509,2336,btc_qm_engine:btc_ptmc_accept,0.5133725145
METRIC,2026-04-17T23:02:15Z,17155411161579,2336,btc_qm_engine:btc_ptmc_rep_hot,3.0000000000
METRIC,2026-04-17T23:02:15Z,17155411189789,2336,btc_qm_engine:btc_ptmc_rep_cold,2.0000000000
METRIC,2026-04-17T23:02:15Z,17155411217649,2336,btc_qm_engine:btc_ptmc_accept,-0.7165157484
METRIC,2026-04-17T23:02:15Z,17155411248869,2336,btc_qm_engine:btc_ptmc_rep_hot,4.0000000000
METRIC,2026-04-17T23:02:15Z,17155411285059,2336,btc_qm_engine:btc_ptmc_rep_cold,3.0000000000
METRIC,2026-04-17T23:02:15Z,17155411314769,2336,btc_qm_engine:btc_ptmc_accept,1.0000000000
METRIC,2026-04-17T23:02:15Z,17155411343589,2336,btc_qm_engine:btc_ptmc_rep_hot,5.0000000000
METRIC,2026-04-17T23:02:15Z,17155411372109,2336,btc_qm_engine:btc_ptmc_rep_cold,4.0000000000
METRIC,2026-04-17T23:02:15Z,17155411421229,2336,btc_qm_engine:btc_ptmc_accept,1.0000000000
METRIC,2026-04-17T23:02:15Z,17155411452369,2336,btc_qm_engine:btc_ptmc_rep_hot,6.0000000000
METRIC,2026-04-17T23:02:15Z,17155411481079,2336,btc_qm_engine:btc_ptmc_rep_cold,5.0000000000
METRIC,2026-04-17T23:02:15Z,17155411510299,2336,btc_qm_engine:btc_ptmc_accept,1.0000000000
METRIC,2026-04-17T23:02:15Z,17155411537869,2336,btc_qm_engine:btc_ptmc_rep_hot,7.0000000000
METRIC,2026-04-17T23:02:15Z,17155411561089,2336,btc_qm_engine:btc_ptmc_rep_cold,6.0000000000
METRIC,2026-04-17T23:02:15Z,17155411582159,2336,btc_qm_engine:btc_ptmc_accept,1.0000000000
METRIC,2026-04-17T23:02:15Z,17155515233457,2336,btc_qm_engine:btc_ptmc_rep_hot,1.0000000000
METRIC,2026-04-17T23:02:15Z,17155515320647,2336,btc_qm_engine:btc_ptmc_rep_cold,0.0000000000
METRIC,2026-04-17T23:02:15Z,17155515357827,2336,btc_qm_engine:btc_ptmc_accept,1.0000000000
METRIC,2026-04-17T23:02:15Z,17155515387517,2336,btc_qm_engine:btc_ptmc_rep_hot,2.0000000000
METRIC,2026-04-17T23:02:15Z,17155515433387,2336,btc_qm_engine:btc_ptmc_rep_cold,1.0000000000
METRIC,2026-04-17T23:02:15Z,17155515468337,2336,btc_qm_engine:btc_ptmc_accept,1.0000000000
METRIC,2026-04-17T23:02:15Z,17155515496297,2336,btc_qm_engine:btc_ptmc_rep_hot,3.0000000000
METRIC,2026-04-17T23:02:15Z,17155515528677,2336,btc_qm_engine:btc_ptmc_rep_cold,2.0000000000
METRIC,2026-04-17T23:02:15Z,17155515555927,2336,btc_qm_engine:btc_ptmc_accept,1.0000000000
METRIC,2026-04-17T23:02:15Z,17155515588257,2336,btc_qm_engine:btc_ptmc_rep_hot,4.0000000000
METRIC,2026-04-17T23:02:15Z,17155515620007,2336,btc_qm_engine:btc_ptmc_rep_cold,3.0000000000
METRIC,2026-04-17T23:02:15Z,17155515651027,2336,btc_qm_engine:btc_ptmc_accept,1.0000000000
METRIC,2026-04-17T23:02:15Z,17155515682987,2336,btc_qm_engine:btc_ptmc_rep_hot,5.0000000000
METRIC,2026-04-17T23:02:15Z,17155515713377,2336,btc_qm_engine:btc_ptmc_rep_cold,4.0000000000
METRIC,2026-04-17T23:02:15Z,17155515740787,2336,btc_qm_engine:btc_ptmc_accept,1.0000000000
METRIC,2026-04-17T23:02:15Z,17155515769937,2336,btc_qm_engine:btc_ptmc_rep_hot,6.0000000000
METRIC,2026-04-17T23:02:15Z,17155515797107,2336,btc_qm_engine:btc_ptmc_rep_cold,5.0000000000
METRIC,2026-04-17T23:02:15Z,17155515824237,2336,btc_qm_engine:btc_ptmc_accept,1.0000000000
METRIC,2026-04-17T23:02:15Z,17155515851107,2336,btc_qm_engine:btc_ptmc_rep_hot,7.0000000000
METRIC,2026-04-17T23:02:15Z,17155515881727,2336,btc_qm_engine:btc_ptmc_rep_cold,6.0000000000
METRIC,2026-04-17T23:02:15Z,17155515915017,2336,btc_qm_engine:btc_ptmc_accept,1.0000000000
METRIC,2026-04-17T23:02:15Z,17155617118805,2336,btc_qm_engine:btc_ptmc_rep_hot,1.0000000000
METRIC,2026-04-17T23:02:15Z,17155617197005,2336,btc_qm_engine:btc_ptmc_rep_cold,0.0000000000
METRIC,2026-04-17T23:02:15Z,17155617223485,2336,btc_qm_engine:btc_ptmc_accept,1.0000000000
METRIC,2026-04-17T23:02:15Z,17155617256225,2336,btc_qm_engine:btc_ptmc_rep_hot,2.0000000000
METRIC,2026-04-17T23:02:15Z,17155617282545,2336,btc_qm_engine:btc_ptmc_rep_cold,1.0000000000
METRIC,2026-04-17T23:02:15Z,17155617307615,2336,btc_qm_engine:btc_ptmc_accept,1.0000000000
METRIC,2026-04-17T23:02:15Z,17155617338035,2336,btc_qm_engine:btc_ptmc_rep_hot,3.0000000000
METRIC,2026-04-17T23:02:15Z,17155617365785,2336,btc_qm_engine:btc_ptmc_rep_cold,2.0000000000
METRIC,2026-04-17T23:02:15Z,17155617392095,2336,btc_qm_engine:btc_ptmc_accept,1.0000000000
METRIC,2026-04-17T23:02:15Z,17155617418655,2336,btc_qm_engine:btc_ptmc_rep_hot,4.0000000000
METRIC,2026-04-17T23:02:15Z,17155617445185,2336,btc_qm_engine:btc_ptmc_rep_cold,3.0000000000
METRIC,2026-04-17T23:02:15Z,17155617471335,2336,btc_qm_engine:btc_ptmc_accept,1.0000000000
METRIC,2026-04-17T23:02:15Z,17155617497855,2336,btc_qm_engine:btc_ptmc_rep_hot,5.0000000000
METRIC,2026-04-17T23:02:15Z,17155617524215,2336,btc_qm_engine:btc_ptmc_rep_cold,4.0000000000
METRIC,2026-04-17T23:02:15Z,17155617550515,2336,btc_qm_engine:btc_ptmc_accept,1.0000000000
METRIC,2026-04-17T23:02:15Z,17155617577145,2336,btc_qm_engine:btc_ptmc_rep_hot,6.0000000000
METRIC,2026-04-17T23:02:15Z,17155617603405,2336,btc_qm_engine:btc_ptmc_rep_cold,5.0000000000
METRIC,2026-04-17T23:02:15Z,17155617656295,2336,btc_qm_engine:btc_ptmc_accept,1.0000000000
METRIC,2026-04-17T23:02:15Z,17155617683335,2336,btc_qm_engine:btc_ptmc_rep_hot,7.0000000000
METRIC,2026-04-17T23:02:15Z,17155617715935,2336,btc_qm_engine:btc_ptmc_rep_cold,6.0000000000
METRIC,2026-04-17T23:02:15Z,17155617745265,2336,btc_qm_engine:btc_ptmc_accept,1.0000000000
METRIC,2026-04-17T23:02:15Z,17155721385153,2336,btc_qm_engine:btc_ptmc_rep_hot,1.0000000000
METRIC,2026-04-17T23:02:15Z,17155721477183,2336,btc_qm_engine:btc_ptmc_rep_cold,0.0000000000
METRIC,2026-04-17T23:02:15Z,17155721507403,2336,btc_qm_engine:btc_ptmc_accept,-0.5136669338
METRIC,2026-04-17T23:02:15Z,17155721535823,2336,btc_qm_engine:btc_ptmc_rep_hot,2.0000000000
METRIC,2026-04-17T23:02:15Z,17155721561843,2336,btc_qm_engine:btc_ptmc_rep_cold,1.0000000000
METRIC,2026-04-17T23:02:15Z,17155721587233,2336,btc_qm_engine:btc_ptmc_accept,1.0000000000
METRIC,2026-04-17T23:02:15Z,17155721612823,2336,btc_qm_engine:btc_ptmc_rep_hot,3.0000000000
METRIC,2026-04-17T23:02:15Z,17155721637973,2336,btc_qm_engine:btc_ptmc_rep_cold,2.0000000000
METRIC,2026-04-17T23:02:15Z,17155721663363,2336,btc_qm_engine:btc_ptmc_accept,1.0000000000
METRIC,2026-04-17T23:02:15Z,17155721688683,2336,btc_qm_engine:btc_ptmc_rep_hot,4.0000000000
METRIC,2026-04-17T23:02:15Z,17155721714163,2336,btc_qm_engine:btc_ptmc_rep_cold,3.0000000000
METRIC,2026-04-17T23:02:15Z,17155721740933,2336,btc_qm_engine:btc_ptmc_accept,1.0000000000
METRIC,2026-04-17T23:02:15Z,17155721766793,2336,btc_qm_engine:btc_ptmc_rep_hot,5.0000000000
METRIC,2026-04-17T23:02:15Z,17155721792723,2336,btc_qm_engine:btc_ptmc_rep_cold,4.0000000000
METRIC,2026-04-17T23:02:15Z,17155721819683,2336,btc_qm_engine:btc_ptmc_accept,1.0000000000
METRIC,2026-04-17T23:02:15Z,17155721846273,2336,btc_qm_engine:btc_ptmc_rep_hot,6.0000000000
METRIC,2026-04-17T23:02:15Z,17155721872143,2336,btc_qm_engine:btc_ptmc_rep_cold,5.0000000000
METRIC,2026-04-17T23:02:15Z,17155721899173,2336,btc_qm_engine:btc_ptmc_accept,1.0000000000
METRIC,2026-04-17T23:02:15Z,17155721926003,2336,btc_qm_engine:btc_ptmc_rep_hot,7.0000000000
METRIC,2026-04-17T23:02:15Z,17155721953183,2336,btc_qm_engine:btc_ptmc_rep_cold,6.0000000000
METRIC,2026-04-17T23:02:15Z,17155721978803,2336,btc_qm_engine:btc_ptmc_accept,1.0000000000
METRIC,2026-04-17T23:02:16Z,17155825457611,2336,btc_qm_engine:btc_ptmc_rep_hot,1.0000000000
METRIC,2026-04-17T23:02:16Z,17155825555671,2336,btc_qm_engine:btc_ptmc_rep_cold,0.0000000000
METRIC,2026-04-17T23:02:16Z,17155825582991,2336,btc_qm_engine:btc_ptmc_accept,1.0000000000
METRIC,2026-04-17T23:02:16Z,17155825616211,2336,btc_qm_engine:btc_ptmc_rep_hot,2.0000000000
METRIC,2026-04-17T23:02:16Z,17155825644021,2336,btc_qm_engine:btc_ptmc_rep_cold,1.0000000000
METRIC,2026-04-17T23:02:16Z,17155825668561,2336,btc_qm_engine:btc_ptmc_accept,1.0000000000
METRIC,2026-04-17T23:02:16Z,17155825697881,2336,btc_qm_engine:btc_ptmc_rep_hot,3.0000000000
METRIC,2026-04-17T23:02:16Z,17155825724291,2336,btc_qm_engine:btc_ptmc_rep_cold,2.0000000000
METRIC,2026-04-17T23:02:16Z,17155825760941,2336,btc_qm_engine:btc_ptmc_accept,0.8464931860
METRIC,2026-04-17T23:02:16Z,17155825786201,2336,btc_qm_engine:btc_ptmc_rep_hot,4.0000000000
METRIC,2026-04-17T23:02:16Z,17155825811401,2336,btc_qm_engine:btc_ptmc_rep_cold,3.0000000000
METRIC,2026-04-17T23:02:16Z,17155825837151,2336,btc_qm_engine:btc_ptmc_accept,0.9048418286
METRIC,2026-04-17T23:02:16Z,17155825877761,2336,btc_qm_engine:btc_ptmc_rep_hot,5.0000000000
METRIC,2026-04-17T23:02:16Z,17155825914931,2336,btc_qm_engine:btc_ptmc_rep_cold,4.0000000000
METRIC,2026-04-17T23:02:16Z,17155825941281,2336,btc_qm_engine:btc_ptmc_accept,0.9394148515
METRIC,2026-04-17T23:02:16Z,17155825967451,2336,btc_qm_engine:btc_ptmc_rep_hot,6.0000000000
METRIC,2026-04-17T23:02:16Z,17155825990951,2336,btc_qm_engine:btc_ptmc_rep_cold,5.0000000000
METRIC,2026-04-17T23:02:16Z,17155827087091,2336,btc_qm_engine:btc_ptmc_accept,0.9642902005
METRIC,2026-04-17T23:02:16Z,17155827120461,2336,btc_qm_engine:btc_ptmc_rep_hot,7.0000000000
METRIC,2026-04-17T23:02:16Z,17155827168301,2336,btc_qm_engine:btc_ptmc_rep_cold,6.0000000000
METRIC,2026-04-17T23:02:16Z,17155827203441,2336,btc_qm_engine:btc_ptmc_accept,0.9767450351
METRIC,2026-04-17T23:02:16Z,17155927476759,2336,btc_qm_engine:btc_ptmc_rep_hot,1.0000000000
METRIC,2026-04-17T23:02:16Z,17155927543279,2336,btc_qm_engine:btc_ptmc_rep_cold,0.0000000000
METRIC,2026-04-17T23:02:16Z,17155927569569,2336,btc_qm_engine:btc_ptmc_accept,-0.2636887251
METRIC,2026-04-17T23:02:16Z,17155927598419,2336,btc_qm_engine:btc_ptmc_rep_hot,2.0000000000
METRIC,2026-04-17T23:02:16Z,17155927621039,2336,btc_qm_engine:btc_ptmc_rep_cold,1.0000000000
METRIC,2026-04-17T23:02:16Z,17155927643469,2336,btc_qm_engine:btc_ptmc_accept,1.0000000000
METRIC,2026-04-17T23:02:16Z,17155927667339,2336,btc_qm_engine:btc_ptmc_rep_hot,3.0000000000
METRIC,2026-04-17T23:02:16Z,17155927689479,2336,btc_qm_engine:btc_ptmc_rep_cold,2.0000000000
METRIC,2026-04-17T23:02:16Z,17155927710799,2336,btc_qm_engine:btc_ptmc_accept,1.0000000000
METRIC,2026-04-17T23:02:16Z,17155927733219,2336,btc_qm_engine:btc_ptmc_rep_hot,4.0000000000
METRIC,2026-04-17T23:02:16Z,17155927755299,2336,btc_qm_engine:btc_ptmc_rep_cold,3.0000000000
METRIC,2026-04-17T23:02:16Z,17155927777529,2336,btc_qm_engine:btc_ptmc_accept,1.0000000000
METRIC,2026-04-17T23:02:16Z,17155927798309,2336,btc_qm_engine:btc_ptmc_rep_hot,5.0000000000
METRIC,2026-04-17T23:02:16Z,17155927820579,2336,btc_qm_engine:btc_ptmc_rep_cold,4.0000000000
METRIC,2026-04-17T23:02:16Z,17155927842859,2336,btc_qm_engine:btc_ptmc_accept,1.0000000000
METRIC,2026-04-17T23:02:16Z,17155927865059,2336,btc_qm_engine:btc_ptmc_rep_hot,6.0000000000
METRIC,2026-04-17T23:02:16Z,17155927888759,2336,btc_qm_engine:btc_ptmc_rep_cold,5.0000000000
METRIC,2026-04-17T23:02:16Z,17155927912059,2336,btc_qm_engine:btc_ptmc_accept,1.0000000000
METRIC,2026-04-17T23:02:16Z,17155927934369,2336,btc_qm_engine:btc_ptmc_rep_hot,7.0000000000
METRIC,2026-04-17T23:02:16Z,17155927956519,2336,btc_qm_engine:btc_ptmc_rep_cold,6.0000000000
METRIC,2026-04-17T23:02:16Z,17155927977079,2336,btc_qm_engine:btc_ptmc_accept,1.0000000000
METRIC,2026-04-17T23:02:16Z,17156031135037,2336,btc_qm_engine:btc_ptmc_rep_hot,1.0000000000
METRIC,2026-04-17T23:02:16Z,17156031226287,2336,btc_qm_engine:btc_ptmc_rep_cold,0.0000000000
METRIC,2026-04-17T23:02:16Z,17156031258437,2336,btc_qm_engine:btc_ptmc_accept,1.0000000000
METRIC,2026-04-17T23:02:16Z,17156031298027,2336,btc_qm_engine:btc_ptmc_rep_hot,2.0000000000
METRIC,2026-04-17T23:02:16Z,17156031337147,2336,btc_qm_engine:btc_ptmc_rep_cold,1.0000000000
METRIC,2026-04-17T23:02:16Z,17156031393677,2336,btc_qm_engine:btc_ptmc_accept,1.0000000000
METRIC,2026-04-17T23:02:16Z,17156031436677,2336,btc_qm_engine:btc_ptmc_rep_hot,3.0000000000
METRIC,2026-04-17T23:02:16Z,17156031467287,2336,btc_qm_engine:btc_ptmc_rep_cold,2.0000000000
METRIC,2026-04-17T23:02:16Z,17156031750257,2336,btc_qm_engine:btc_ptmc_accept,1.0000000000
METRIC,2026-04-17T23:02:16Z,17156031781667,2336,btc_qm_engine:btc_ptmc_rep_hot,4.0000000000
METRIC,2026-04-17T23:02:16Z,17156031814217,2336,btc_qm_engine:btc_ptmc_rep_cold,3.0000000000
METRIC,2026-04-17T23:02:16Z,17156031842997,2336,btc_qm_engine:btc_ptmc_accept,1.0000000000
METRIC,2026-04-17T23:02:16Z,17156031875717,2336,btc_qm_engine:btc_ptmc_rep_hot,5.0000000000
METRIC,2026-04-17T23:02:16Z,17156031905817,2336,btc_qm_engine:btc_ptmc_rep_cold,4.0000000000
METRIC,2026-04-17T23:02:16Z,17156031942877,2336,btc_qm_engine:btc_ptmc_accept,1.0000000000
METRIC,2026-04-17T23:02:16Z,17156031971367,2336,btc_qm_engine:btc_ptmc_rep_hot,6.0000000000
METRIC,2026-04-17T23:02:16Z,17156031999737,2336,btc_qm_engine:btc_ptmc_rep_cold,5.0000000000
METRIC,2026-04-17T23:02:16Z,17156032096687,2336,btc_qm_engine:btc_ptmc_accept,1.0000000000
METRIC,2026-04-17T23:02:16Z,17156032128977,2336,btc_qm_engine:btc_ptmc_rep_hot,7.0000000000
METRIC,2026-04-17T23:02:16Z,17156032161117,2336,btc_qm_engine:btc_ptmc_rep_cold,6.0000000000
METRIC,2026-04-17T23:02:16Z,17156032191217,2336,btc_qm_engine:btc_ptmc_accept,1.0000000000
METRIC,2026-04-17T23:02:16Z,17156133750105,2336,btc_qm_engine:btc_ptmc_rep_hot,1.0000000000
METRIC,2026-04-17T23:02:16Z,17156133863005,2336,btc_qm_engine:btc_ptmc_rep_cold,0.0000000000
METRIC,2026-04-17T23:02:16Z,17156133893335,2336,btc_qm_engine:btc_ptmc_accept,0.5134171190
METRIC,2026-04-17T23:02:16Z,17156133926885,2336,btc_qm_engine:btc_ptmc_rep_hot,2.0000000000
METRIC,2026-04-17T23:02:16Z,17156133956105,2336,btc_qm_engine:btc_ptmc_rep_cold,1.0000000000
METRIC,2026-04-17T23:02:16Z,17156133982485,2336,btc_qm_engine:btc_ptmc_accept,0.5133725145
METRIC,2026-04-17T23:02:16Z,17156134033695,2336,btc_qm_engine:btc_ptmc_rep_hot,3.0000000000
METRIC,2026-04-17T23:02:16Z,17156134062125,2336,btc_qm_engine:btc_ptmc_rep_cold,2.0000000000
METRIC,2026-04-17T23:02:16Z,17156134089525,2336,btc_qm_engine:btc_ptmc_accept,0.7165157484
METRIC,2026-04-17T23:02:16Z,17156134120895,2336,btc_qm_engine:btc_ptmc_rep_hot,4.0000000000
METRIC,2026-04-17T23:02:16Z,17156134147255,2336,btc_qm_engine:btc_ptmc_rep_cold,3.0000000000
METRIC,2026-04-17T23:02:16Z,17156134173985,2336,btc_qm_engine:btc_ptmc_accept,0.8187243518
METRIC,2026-04-17T23:02:16Z,17156134203445,2336,btc_qm_engine:btc_ptmc_rep_hot,5.0000000000
METRIC,2026-04-17T23:02:16Z,17156134230155,2336,btc_qm_engine:btc_ptmc_rep_cold,4.0000000000
METRIC,2026-04-17T23:02:16Z,17156134258445,2336,btc_qm_engine:btc_ptmc_accept,0.9394116283
METRIC,2026-04-17T23:02:16Z,17156134297155,2336,btc_qm_engine:btc_ptmc_rep_hot,6.0000000000
METRIC,2026-04-17T23:02:16Z,17156134323885,2336,btc_qm_engine:btc_ptmc_rep_cold,5.0000000000
METRIC,2026-04-17T23:02:16Z,17156134349985,2336,btc_qm_engine:btc_ptmc_accept,0.9298534308
METRIC,2026-04-17T23:02:16Z,17156134376415,2336,btc_qm_engine:btc_ptmc_rep_hot,7.0000000000
METRIC,2026-04-17T23:02:16Z,17156134402675,2336,btc_qm_engine:btc_ptmc_rep_cold,6.0000000000
METRIC,2026-04-17T23:02:16Z,17156134436775,2336,btc_qm_engine:btc_ptmc_accept,0.9540308635
METRIC,2026-04-17T23:02:16Z,17156235819683,2336,btc_qm_engine:btc_ptmc_rep_hot,1.0000000000
METRIC,2026-04-17T23:02:16Z,17156235907333,2336,btc_qm_engine:btc_ptmc_rep_cold,0.0000000000
METRIC,2026-04-17T23:02:16Z,17156235936213,2336,btc_qm_engine:btc_ptmc_accept,1.0000000000
METRIC,2026-04-17T23:02:16Z,17156235968883,2336,btc_qm_engine:btc_ptmc_rep_hot,2.0000000000
METRIC,2026-04-17T23:02:16Z,17156235997883,2336,btc_qm_engine:btc_ptmc_rep_cold,1.0000000000
METRIC,2026-04-17T23:02:16Z,17156236062943,2336,btc_qm_engine:btc_ptmc_accept,1.0000000000
METRIC,2026-04-17T23:02:16Z,17156236093203,2336,btc_qm_engine:btc_ptmc_rep_hot,3.0000000000
METRIC,2026-04-17T23:02:16Z,17156236119863,2336,btc_qm_engine:btc_ptmc_rep_cold,2.0000000000
METRIC,2026-04-17T23:02:16Z,17156236146023,2336,btc_qm_engine:btc_ptmc_accept,1.0000000000
METRIC,2026-04-17T23:02:16Z,17156236172853,2336,btc_qm_engine:btc_ptmc_rep_hot,4.0000000000
METRIC,2026-04-17T23:02:16Z,17156236204493,2336,btc_qm_engine:btc_ptmc_rep_cold,3.0000000000
METRIC,2026-04-17T23:02:16Z,17156236231183,2336,btc_qm_engine:btc_ptmc_accept,1.0000000000
METRIC,2026-04-17T23:02:16Z,17156236258053,2336,btc_qm_engine:btc_ptmc_rep_hot,5.0000000000
METRIC,2026-04-17T23:02:16Z,17156236294163,2336,btc_qm_engine:btc_ptmc_rep_cold,4.0000000000
METRIC,2026-04-17T23:02:16Z,17156236322623,2336,btc_qm_engine:btc_ptmc_accept,1.0000000000
METRIC,2026-04-17T23:02:16Z,17156236350123,2336,btc_qm_engine:btc_ptmc_rep_hot,6.0000000000
METRIC,2026-04-17T23:02:16Z,17156236376793,2336,btc_qm_engine:btc_ptmc_rep_cold,5.0000000000
METRIC,2026-04-17T23:02:16Z,17156236405873,2336,btc_qm_engine:btc_ptmc_accept,1.0000000000
METRIC,2026-04-17T23:02:16Z,17156236434363,2336,btc_qm_engine:btc_ptmc_rep_hot,7.0000000000
METRIC,2026-04-17T23:02:16Z,17156236461153,2336,btc_qm_engine:btc_ptmc_rep_cold,6.0000000000
METRIC,2026-04-17T23:02:16Z,17156236489583,2336,btc_qm_engine:btc_ptmc_accept,1.0000000000
METRIC,2026-04-17T23:02:16Z,17156338880151,2336,btc_qm_engine:btc_ptmc_rep_hot,1.0000000000
METRIC,2026-04-17T23:02:16Z,17156338969921,2336,btc_qm_engine:btc_ptmc_rep_cold,0.0000000000
METRIC,2026-04-17T23:02:16Z,17156338999041,2336,btc_qm_engine:btc_ptmc_accept,-0.0695919752
METRIC,2026-04-17T23:02:16Z,17156339081731,2336,btc_qm_engine:btc_ptmc_rep_hot,2.0000000000
METRIC,2026-04-17T23:02:16Z,17156339109151,2336,btc_qm_engine:btc_ptmc_rep_cold,1.0000000000
METRIC,2026-04-17T23:02:16Z,17156339140941,2336,btc_qm_engine:btc_ptmc_accept,1.0000000000
METRIC,2026-04-17T23:02:16Z,17156339177081,2336,btc_qm_engine:btc_ptmc_rep_hot,3.0000000000
METRIC,2026-04-17T23:02:16Z,17156339206241,2336,btc_qm_engine:btc_ptmc_rep_cold,2.0000000000
METRIC,2026-04-17T23:02:16Z,17156339235171,2336,btc_qm_engine:btc_ptmc_accept,1.0000000000
METRIC,2026-04-17T23:02:16Z,17156339262441,2336,btc_qm_engine:btc_ptmc_rep_hot,4.0000000000
METRIC,2026-04-17T23:02:16Z,17156339291161,2336,btc_qm_engine:btc_ptmc_rep_cold,3.0000000000
METRIC,2026-04-17T23:02:16Z,17156339319961,2336,btc_qm_engine:btc_ptmc_accept,1.0000000000
METRIC,2026-04-17T23:02:16Z,17156339347731,2336,btc_qm_engine:btc_ptmc_rep_hot,5.0000000000
METRIC,2026-04-17T23:02:16Z,17156339384361,2336,btc_qm_engine:btc_ptmc_rep_cold,4.0000000000
METRIC,2026-04-17T23:02:16Z,17156339416921,2336,btc_qm_engine:btc_ptmc_accept,1.0000000000
METRIC,2026-04-17T23:02:16Z,17156339443781,2336,btc_qm_engine:btc_ptmc_rep_hot,6.0000000000
METRIC,2026-04-17T23:02:16Z,17156339472081,2336,btc_qm_engine:btc_ptmc_rep_cold,5.0000000000
METRIC,2026-04-17T23:02:16Z,17156339499041,2336,btc_qm_engine:btc_ptmc_accept,1.0000000000
METRIC,2026-04-17T23:02:16Z,17156339525951,2336,btc_qm_engine:btc_ptmc_rep_hot,7.0000000000
METRIC,2026-04-17T23:02:16Z,17156339553351,2336,btc_qm_engine:btc_ptmc_rep_cold,6.0000000000
METRIC,2026-04-17T23:02:16Z,17156339582451,2336,btc_qm_engine:btc_ptmc_accept,1.0000000000
METRIC,2026-04-17T23:02:16Z,17156441736739,2336,btc_qm_engine:btc_ptmc_rep_hot,1.0000000000
METRIC,2026-04-17T23:02:16Z,17156441819659,2336,btc_qm_engine:btc_ptmc_rep_cold,0.0000000000
METRIC,2026-04-17T23:02:16Z,17156441848639,2336,btc_qm_engine:btc_ptmc_accept,-0.5136669338
METRIC,2026-04-17T23:02:16Z,17156441885699,2336,btc_qm_engine:btc_ptmc_rep_hot,2.0000000000
METRIC,2026-04-17T23:02:16Z,17156441939409,2336,btc_qm_engine:btc_ptmc_rep_cold,1.0000000000
METRIC,2026-04-17T23:02:16Z,17156441968769,2336,btc_qm_engine:btc_ptmc_accept,1.0000000000
METRIC,2026-04-17T23:02:16Z,17156442020719,2336,btc_qm_engine:btc_ptmc_rep_hot,3.0000000000
METRIC,2026-04-17T23:02:16Z,17156442053579,2336,btc_qm_engine:btc_ptmc_rep_cold,2.0000000000
METRIC,2026-04-17T23:02:16Z,17156442085419,2336,btc_qm_engine:btc_ptmc_accept,1.0000000000
METRIC,2026-04-17T23:02:16Z,17156442115779,2336,btc_qm_engine:btc_ptmc_rep_hot,4.0000000000
METRIC,2026-04-17T23:02:16Z,17156442146539,2336,btc_qm_engine:btc_ptmc_rep_cold,3.0000000000
METRIC,2026-04-17T23:02:16Z,17156442196429,2336,btc_qm_engine:btc_ptmc_accept,1.0000000000
METRIC,2026-04-17T23:02:16Z,17156442238179,2336,btc_qm_engine:btc_ptmc_rep_hot,5.0000000000
METRIC,2026-04-17T23:02:16Z,17156442272969,2336,btc_qm_engine:btc_ptmc_rep_cold,4.0000000000
METRIC,2026-04-17T23:02:16Z,17156442304309,2336,btc_qm_engine:btc_ptmc_accept,1.0000000000
METRIC,2026-04-17T23:02:16Z,17156442356519,2336,btc_qm_engine:btc_ptmc_rep_hot,6.0000000000
METRIC,2026-04-17T23:02:16Z,17156442387709,2336,btc_qm_engine:btc_ptmc_rep_cold,5.0000000000
METRIC,2026-04-17T23:02:16Z,17156442418529,2336,btc_qm_engine:btc_ptmc_accept,1.0000000000
METRIC,2026-04-17T23:02:16Z,17156442446059,2336,btc_qm_engine:btc_ptmc_rep_hot,7.0000000000
METRIC,2026-04-17T23:02:16Z,17156442476019,2336,btc_qm_engine:btc_ptmc_rep_cold,6.0000000000
METRIC,2026-04-17T23:02:16Z,17156442506009,2336,btc_qm_engine:btc_ptmc_accept,1.0000000000
METRIC,2026-04-17T23:02:16Z,17156542370227,2336,btc_qm_engine:btc_ptmc_rep_hot,1.0000000000
METRIC,2026-04-17T23:02:16Z,17156542441887,2336,btc_qm_engine:btc_ptmc_rep_cold,0.0000000000
METRIC,2026-04-17T23:02:16Z,17156542464757,2336,btc_qm_engine:btc_ptmc_accept,1.0000000000
METRIC,2026-04-17T23:02:16Z,17156542490667,2336,btc_qm_engine:btc_ptmc_rep_hot,2.0000000000
METRIC,2026-04-17T23:02:16Z,17156542512917,2336,btc_qm_engine:btc_ptmc_rep_cold,1.0000000000
METRIC,2026-04-17T23:02:16Z,17156542533327,2336,btc_qm_engine:btc_ptmc_accept,0.5134727291
METRIC,2026-04-17T23:02:16Z,17156542575037,2336,btc_qm_engine:btc_ptmc_rep_hot,3.0000000000
METRIC,2026-04-17T23:02:16Z,17156542603207,2336,btc_qm_engine:btc_ptmc_rep_cold,2.0000000000
METRIC,2026-04-17T23:02:16Z,17156542632797,2336,btc_qm_engine:btc_ptmc_accept,0.7165507139
METRIC,2026-04-17T23:02:16Z,17156542662527,2336,btc_qm_engine:btc_ptmc_rep_hot,4.0000000000
METRIC,2026-04-17T23:02:16Z,17156542685687,2336,btc_qm_engine:btc_ptmc_rep_cold,3.0000000000
METRIC,2026-04-17T23:02:16Z,17156542706197,2336,btc_qm_engine:btc_ptmc_accept,1.0000000000
METRIC,2026-04-17T23:02:16Z,17156542728387,2336,btc_qm_engine:btc_ptmc_rep_hot,5.0000000000
METRIC,2026-04-17T23:02:16Z,17156542748477,2336,btc_qm_engine:btc_ptmc_rep_cold,4.0000000000
METRIC,2026-04-17T23:02:16Z,17156542770047,2336,btc_qm_engine:btc_ptmc_accept,0.8825002633
METRIC,2026-04-17T23:02:16Z,17156542790967,2336,btc_qm_engine:btc_ptmc_rep_hot,6.0000000000
METRIC,2026-04-17T23:02:16Z,17156542812887,2336,btc_qm_engine:btc_ptmc_rep_cold,5.0000000000
METRIC,2026-04-17T23:02:16Z,17156542832937,2336,btc_qm_engine:btc_ptmc_accept,0.9298555908
METRIC,2026-04-17T23:02:16Z,17156542854677,2336,btc_qm_engine:btc_ptmc_rep_hot,7.0000000000
METRIC,2026-04-17T23:02:16Z,17156542876007,2336,btc_qm_engine:btc_ptmc_rep_cold,6.0000000000
METRIC,2026-04-17T23:02:16Z,17156542897627,2336,btc_qm_engine:btc_ptmc_accept,0.9540308635
METRIC,2026-04-17T23:02:16Z,17156647339805,2336,btc_qm_engine:btc_ptmc_rep_hot,1.0000000000
METRIC,2026-04-17T23:02:16Z,17156647431835,2336,btc_qm_engine:btc_ptmc_rep_cold,0.0000000000
METRIC,2026-04-17T23:02:16Z,17156647463755,2336,btc_qm_engine:btc_ptmc_accept,-0.1354058228
METRIC,2026-04-17T23:02:16Z,17156647499455,2336,btc_qm_engine:btc_ptmc_rep_hot,2.0000000000
METRIC,2026-04-17T23:02:16Z,17156647531555,2336,btc_qm_engine:btc_ptmc_rep_cold,1.0000000000
METRIC,2026-04-17T23:02:16Z,17156647560595,2336,btc_qm_engine:btc_ptmc_accept,1.0000000000
METRIC,2026-04-17T23:02:16Z,17156647596045,2336,btc_qm_engine:btc_ptmc_rep_hot,3.0000000000
METRIC,2026-04-17T23:02:16Z,17156647626885,2336,btc_qm_engine:btc_ptmc_rep_cold,2.0000000000
METRIC,2026-04-17T23:02:16Z,17156647655355,2336,btc_qm_engine:btc_ptmc_accept,1.0000000000
METRIC,2026-04-17T23:02:16Z,17156647686915,2336,btc_qm_engine:btc_ptmc_rep_hot,4.0000000000
METRIC,2026-04-17T23:02:16Z,17156647717545,2336,btc_qm_engine:btc_ptmc_rep_cold,3.0000000000
METRIC,2026-04-17T23:02:16Z,17156647747875,2336,btc_qm_engine:btc_ptmc_accept,1.0000000000
METRIC,2026-04-17T23:02:16Z,17156647776205,2336,btc_qm_engine:btc_ptmc_rep_hot,5.0000000000
METRIC,2026-04-17T23:02:16Z,17156647807445,2336,btc_qm_engine:btc_ptmc_rep_cold,4.0000000000
METRIC,2026-04-17T23:02:16Z,17156647836555,2336,btc_qm_engine:btc_ptmc_accept,1.0000000000
METRIC,2026-04-17T23:02:16Z,17156647867425,2336,btc_qm_engine:btc_ptmc_rep_hot,6.0000000000
METRIC,2026-04-17T23:02:16Z,17156647897555,2336,btc_qm_engine:btc_ptmc_rep_cold,5.0000000000
METRIC,2026-04-17T23:02:16Z,17156647926095,2336,btc_qm_engine:btc_ptmc_accept,1.0000000000
METRIC,2026-04-17T23:02:16Z,17156647986655,2336,btc_qm_engine:btc_ptmc_rep_hot,7.0000000000
METRIC,2026-04-17T23:02:16Z,17156648078875,2336,btc_qm_engine:btc_ptmc_rep_cold,6.0000000000
METRIC,2026-04-17T23:02:16Z,17156648112525,2336,btc_qm_engine:btc_ptmc_accept,1.0000000000
METRIC,2026-04-17T23:02:16Z,17156751274943,2336,btc_qm_engine:btc_ptmc_rep_hot,1.0000000000
METRIC,2026-04-17T23:02:16Z,17156751352313,2336,btc_qm_engine:btc_ptmc_rep_cold,0.0000000000
METRIC,2026-04-17T23:02:16Z,17156751375023,2336,btc_qm_engine:btc_ptmc_accept,-0.1353352832
METRIC,2026-04-17T23:02:16Z,17156751402263,2336,btc_qm_engine:btc_ptmc_rep_hot,2.0000000000
METRIC,2026-04-17T23:02:16Z,17156751424443,2336,btc_qm_engine:btc_ptmc_rep_cold,1.0000000000
METRIC,2026-04-17T23:02:16Z,17156751444813,2336,btc_qm_engine:btc_ptmc_accept,1.0000000000
METRIC,2026-04-17T23:02:16Z,17156751469083,2336,btc_qm_engine:btc_ptmc_rep_hot,3.0000000000
METRIC,2026-04-17T23:02:16Z,17156751588113,2336,btc_qm_engine:btc_ptmc_rep_cold,2.0000000000
METRIC,2026-04-17T23:02:16Z,17156751624683,2336,btc_qm_engine:btc_ptmc_accept,-0.8464817249
METRIC,2026-04-17T23:02:16Z,17156751656423,2336,btc_qm_engine:btc_ptmc_rep_hot,4.0000000000
METRIC,2026-04-17T23:02:16Z,17156751677423,2336,btc_qm_engine:btc_ptmc_rep_cold,3.0000000000
METRIC,2026-04-17T23:02:16Z,17156751698463,2336,btc_qm_engine:btc_ptmc_accept,1.0000000000
METRIC,2026-04-17T23:02:16Z,17156751720553,2336,btc_qm_engine:btc_ptmc_rep_hot,5.0000000000
METRIC,2026-04-17T23:02:16Z,17156751740773,2336,btc_qm_engine:btc_ptmc_rep_cold,4.0000000000
METRIC,2026-04-17T23:02:16Z,17156751761453,2336,btc_qm_engine:btc_ptmc_accept,1.0000000000
METRIC,2026-04-17T23:02:16Z,17156751783113,2336,btc_qm_engine:btc_ptmc_rep_hot,6.0000000000
METRIC,2026-04-17T23:02:16Z,17156751803453,2336,btc_qm_engine:btc_ptmc_rep_cold,5.0000000000
METRIC,2026-04-17T23:02:16Z,17156751826883,2336,btc_qm_engine:btc_ptmc_accept,1.0000000000
METRIC,2026-04-17T23:02:16Z,17156751847143,2336,btc_qm_engine:btc_ptmc_rep_hot,7.0000000000
METRIC,2026-04-17T23:02:16Z,17156751868573,2336,btc_qm_engine:btc_ptmc_rep_cold,6.0000000000
METRIC,2026-04-17T23:02:16Z,17156751888673,2336,btc_qm_engine:btc_ptmc_accept,1.0000000000
METRIC,2026-04-17T23:02:17Z,17156854629541,2336,btc_qm_engine:btc_ptmc_rep_hot,1.0000000000
METRIC,2026-04-17T23:02:17Z,17156854700311,2336,btc_qm_engine:btc_ptmc_rep_cold,0.0000000000
METRIC,2026-04-17T23:02:17Z,17156854729591,2336,btc_qm_engine:btc_ptmc_accept,1.0000000000
METRIC,2026-04-17T23:02:17Z,17156854759511,2336,btc_qm_engine:btc_ptmc_rep_hot,2.0000000000
METRIC,2026-04-17T23:02:17Z,17156854786371,2336,btc_qm_engine:btc_ptmc_rep_cold,1.0000000000
METRIC,2026-04-17T23:02:17Z,17156854816471,2336,btc_qm_engine:btc_ptmc_accept,1.0000000000
METRIC,2026-04-17T23:02:17Z,17156854848861,2336,btc_qm_engine:btc_ptmc_rep_hot,3.0000000000
METRIC,2026-04-17T23:02:17Z,17156854878791,2336,btc_qm_engine:btc_ptmc_rep_cold,2.0000000000
METRIC,2026-04-17T23:02:17Z,17156854907731,2336,btc_qm_engine:btc_ptmc_accept,1.0000000000
METRIC,2026-04-17T23:02:17Z,17156854937741,2336,btc_qm_engine:btc_ptmc_rep_hot,4.0000000000
METRIC,2026-04-17T23:02:17Z,17156854967261,2336,btc_qm_engine:btc_ptmc_rep_cold,3.0000000000
METRIC,2026-04-17T23:02:17Z,17156854998631,2336,btc_qm_engine:btc_ptmc_accept,1.0000000000
METRIC,2026-04-17T23:02:17Z,17156855044091,2336,btc_qm_engine:btc_ptmc_rep_hot,5.0000000000
METRIC,2026-04-17T23:02:17Z,17156855071991,2336,btc_qm_engine:btc_ptmc_rep_cold,4.0000000000
METRIC,2026-04-17T23:02:17Z,17156855111051,2336,btc_qm_engine:btc_ptmc_accept,1.0000000000
METRIC,2026-04-17T23:02:17Z,17156855149131,2336,btc_qm_engine:btc_ptmc_rep_hot,6.0000000000
METRIC,2026-04-17T23:02:17Z,17156855178641,2336,btc_qm_engine:btc_ptmc_rep_cold,5.0000000000
METRIC,2026-04-17T23:02:17Z,17156855205981,2336,btc_qm_engine:btc_ptmc_accept,1.0000000000
METRIC,2026-04-17T23:02:17Z,17156855244881,2336,btc_qm_engine:btc_ptmc_rep_hot,7.0000000000
METRIC,2026-04-17T23:02:17Z,17156855282471,2336,btc_qm_engine:btc_ptmc_rep_cold,6.0000000000
METRIC,2026-04-17T23:02:17Z,17156855310551,2336,btc_qm_engine:btc_ptmc_accept,1.0000000000
METRIC,2026-04-17T23:02:17Z,17156958833459,2336,btc_qm_engine:btc_ptmc_rep_hot,1.0000000000
METRIC,2026-04-17T23:02:17Z,17156958912909,2336,btc_qm_engine:btc_ptmc_rep_cold,0.0000000000
METRIC,2026-04-17T23:02:17Z,17156958936649,2336,btc_qm_engine:btc_ptmc_accept,1.0000000000
METRIC,2026-04-17T23:02:17Z,17156958964349,2336,btc_qm_engine:btc_ptmc_rep_hot,2.0000000000
METRIC,2026-04-17T23:02:17Z,17156958989649,2336,btc_qm_engine:btc_ptmc_rep_cold,1.0000000000
METRIC,2026-04-17T23:02:17Z,17156959032879,2336,btc_qm_engine:btc_ptmc_accept,1.0000000000
METRIC,2026-04-17T23:02:17Z,17156959065239,2336,btc_qm_engine:btc_ptmc_rep_hot,3.0000000000
METRIC,2026-04-17T23:02:17Z,17156959137949,2336,btc_qm_engine:btc_ptmc_rep_cold,2.0000000000
METRIC,2026-04-17T23:02:17Z,17156959170299,2336,btc_qm_engine:btc_ptmc_accept,1.0000000000
METRIC,2026-04-17T23:02:17Z,17156959198279,2336,btc_qm_engine:btc_ptmc_rep_hot,4.0000000000
METRIC,2026-04-17T23:02:17Z,17156959229049,2336,btc_qm_engine:btc_ptmc_rep_cold,3.0000000000
METRIC,2026-04-17T23:02:17Z,17156959263309,2336,btc_qm_engine:btc_ptmc_accept,1.0000000000
METRIC,2026-04-17T23:02:17Z,17156959298319,2336,btc_qm_engine:btc_ptmc_rep_hot,5.0000000000
METRIC,2026-04-17T23:02:17Z,17156959326019,2336,btc_qm_engine:btc_ptmc_rep_cold,4.0000000000
METRIC,2026-04-17T23:02:17Z,17156959351509,2336,btc_qm_engine:btc_ptmc_accept,1.0000000000
METRIC,2026-04-17T23:02:17Z,17156959377809,2336,btc_qm_engine:btc_ptmc_rep_hot,6.0000000000
METRIC,2026-04-17T23:02:17Z,17156959404769,2336,btc_qm_engine:btc_ptmc_rep_cold,5.0000000000
METRIC,2026-04-17T23:02:17Z,17156959430889,2336,btc_qm_engine:btc_ptmc_accept,1.0000000000
METRIC,2026-04-17T23:02:17Z,17156959452469,2336,btc_qm_engine:btc_ptmc_rep_hot,7.0000000000
METRIC,2026-04-17T23:02:17Z,17156959479289,2336,btc_qm_engine:btc_ptmc_rep_cold,6.0000000000
METRIC,2026-04-17T23:02:17Z,17156959507379,2336,btc_qm_engine:btc_ptmc_accept,1.0000000000
METRIC,2026-04-17T23:02:17Z,17157061697777,2336,btc_qm_engine:btc_ptmc_rep_hot,1.0000000000
METRIC,2026-04-17T23:02:17Z,17157061943437,2336,btc_qm_engine:btc_ptmc_rep_cold,0.0000000000
METRIC,2026-04-17T23:02:17Z,17157061981937,2336,btc_qm_engine:btc_ptmc_accept,1.0000000000
METRIC,2026-04-17T23:02:17Z,17157062051577,2336,btc_qm_engine:btc_ptmc_rep_hot,2.0000000000
METRIC,2026-04-17T23:02:17Z,17157062113697,2336,btc_qm_engine:btc_ptmc_rep_cold,1.0000000000
METRIC,2026-04-17T23:02:17Z,17157062136007,2336,btc_qm_engine:btc_ptmc_accept,1.0000000000
METRIC,2026-04-17T23:02:17Z,17157062170397,2336,btc_qm_engine:btc_ptmc_rep_hot,3.0000000000
METRIC,2026-04-17T23:02:17Z,17157062208357,2336,btc_qm_engine:btc_ptmc_rep_cold,2.0000000000
METRIC,2026-04-17T23:02:17Z,17157062241777,2336,btc_qm_engine:btc_ptmc_accept,1.0000000000
METRIC,2026-04-17T23:02:17Z,17157062266327,2336,btc_qm_engine:btc_ptmc_rep_hot,4.0000000000
METRIC,2026-04-17T23:02:17Z,17157062293497,2336,btc_qm_engine:btc_ptmc_rep_cold,3.0000000000
METRIC,2026-04-17T23:02:17Z,17157062318007,2336,btc_qm_engine:btc_ptmc_accept,1.0000000000
METRIC,2026-04-17T23:02:17Z,17157062350387,2336,btc_qm_engine:btc_ptmc_rep_hot,5.0000000000
METRIC,2026-04-17T23:02:17Z,17157062378467,2336,btc_qm_engine:btc_ptmc_rep_cold,4.0000000000
METRIC,2026-04-17T23:02:17Z,17157062411777,2336,btc_qm_engine:btc_ptmc_accept,1.0000000000
METRIC,2026-04-17T23:02:17Z,17157062443497,2336,btc_qm_engine:btc_ptmc_rep_hot,6.0000000000
METRIC,2026-04-17T23:02:17Z,17157062471207,2336,btc_qm_engine:btc_ptmc_rep_cold,5.0000000000
METRIC,2026-04-17T23:02:17Z,17157062524187,2336,btc_qm_engine:btc_ptmc_accept,1.0000000000
METRIC,2026-04-17T23:02:17Z,17157062557727,2336,btc_qm_engine:btc_ptmc_rep_hot,7.0000000000
METRIC,2026-04-17T23:02:17Z,17157062586727,2336,btc_qm_engine:btc_ptmc_rep_cold,6.0000000000
METRIC,2026-04-17T23:02:17Z,17157062613077,2336,btc_qm_engine:btc_ptmc_accept,1.0000000000
METRIC,2026-04-17T23:02:17Z,17157157669165,2336,btc_qm_engine:btc_nx48_stall_count,2.0000000000
METRIC,2026-04-17T23:02:17Z,17157157738715,2336,btc_qm_engine:btc_nx48_delta_nonce_old,50.0000000000
METRIC,2026-04-17T23:02:17Z,17157157785265,2336,btc_qm_engine:btc_nx48_delta_nonce_new,50.0000000000
METRIC,2026-04-17T23:02:17Z,17157157815365,2336,btc_qm_engine:btc_nx48_batch_old,4.0000000000
METRIC,2026-04-17T23:02:17Z,17157157845005,2336,btc_qm_engine:btc_nx48_batch_new,4.0000000000
METRIC,2026-04-17T23:02:17Z,17157157868125,2336,btc_qm_engine:btc_nx48_loss,0.2889849318
METRIC,2026-04-17T23:02:17Z,17157157891195,2336,btc_qm_engine:btc_nx48_grad_norm,0.0955184299
METRIC,2026-04-17T23:02:17Z,17157157914205,2336,btc_qm_engine:btc_nx48_update_count,3253.0000000000
METRIC,2026-04-17T23:02:17Z,17157157937275,2336,btc_qm_engine:btc_nx48_exploration_bias,0.8694879597
METRIC,2026-04-17T23:02:17Z,17157157959735,2336,btc_qm_engine:btc_nx48_dual_blend,0.2000000000
METRIC,2026-04-17T23:02:17Z,17157157980865,2336,btc_qm_engine:btc_hashrate_mhs,0.8629990802
METRIC,2026-04-17T23:02:17Z,17157158018185,2336,btc_qm_engine:btc_hashrate_thread_id,0.0000000000
METRIC,2026-04-17T23:02:17Z,17157158752905,2336,btc_qm_engine:btc_hashrate_mhs,0.8632755752
METRIC,2026-04-17T23:02:17Z,17157158804815,2336,btc_qm_engine:btc_hashrate_thread_id,1.0000000000
METRIC,2026-04-17T23:02:17Z,17157161754025,2336,btc_qm_engine:btc_ptmc_rep_hot,1.0000000000
METRIC,2026-04-17T23:02:17Z,17157161796575,2336,btc_qm_engine:btc_ptmc_rep_cold,0.0000000000
METRIC,2026-04-17T23:02:17Z,17157161818915,2336,btc_qm_engine:btc_ptmc_accept,1.0000000000
METRIC,2026-04-17T23:02:17Z,17157161845145,2336,btc_qm_engine:btc_ptmc_rep_hot,2.0000000000
METRIC,2026-04-17T23:02:17Z,17157161867725,2336,btc_qm_engine:btc_ptmc_rep_cold,1.0000000000
METRIC,2026-04-17T23:02:17Z,17157161890115,2336,btc_qm_engine:btc_ptmc_accept,1.0000000000
METRIC,2026-04-17T23:02:17Z,17157161915565,2336,btc_qm_engine:btc_ptmc_rep_hot,3.0000000000
METRIC,2026-04-17T23:02:17Z,17157161956335,2336,btc_qm_engine:btc_ptmc_rep_cold,2.0000000000
METRIC,2026-04-17T23:02:17Z,17157161990085,2336,btc_qm_engine:btc_ptmc_accept,1.0000000000
METRIC,2026-04-17T23:02:17Z,17157162037135,2336,btc_qm_engine:btc_ptmc_rep_hot,4.0000000000
METRIC,2026-04-17T23:02:17Z,17157162067675,2336,btc_qm_engine:btc_ptmc_rep_cold,3.0000000000
METRIC,2026-04-17T23:02:17Z,17157162089205,2336,btc_qm_engine:btc_ptmc_accept,1.0000000000
METRIC,2026-04-17T23:02:17Z,17157162112165,2336,btc_qm_engine:btc_ptmc_rep_hot,5.0000000000
METRIC,2026-04-17T23:02:17Z,17157162133285,2336,btc_qm_engine:btc_ptmc_rep_cold,4.0000000000
METRIC,2026-04-17T23:02:17Z,17157162156245,2336,btc_qm_engine:btc_ptmc_accept,1.0000000000
METRIC,2026-04-17T23:02:17Z,17157162179065,2336,btc_qm_engine:btc_ptmc_rep_hot,6.0000000000
METRIC,2026-04-17T23:02:17Z,17157162200055,2336,btc_qm_engine:btc_ptmc_rep_cold,5.0000000000
METRIC,2026-04-17T23:02:17Z,17157162221335,2336,btc_qm_engine:btc_ptmc_accept,1.0000000000
METRIC,2026-04-17T23:02:17Z,17157162244745,2336,btc_qm_engine:btc_ptmc_rep_hot,7.0000000000
METRIC,2026-04-17T23:02:17Z,17157162269935,2336,btc_qm_engine:btc_ptmc_rep_cold,6.0000000000
METRIC,2026-04-17T23:02:17Z,17157162291665,2336,btc_qm_engine:btc_ptmc_accept,1.0000000000
METRIC,2026-04-17T23:02:17Z,17157264955383,2336,btc_qm_engine:btc_ptmc_rep_hot,1.0000000000
METRIC,2026-04-17T23:02:17Z,17157265148113,2336,btc_qm_engine:btc_ptmc_rep_cold,0.0000000000
METRIC,2026-04-17T23:02:17Z,17157265178853,2336,btc_qm_engine:btc_ptmc_accept,1.0000000000
METRIC,2026-04-17T23:02:17Z,17157265211693,2336,btc_qm_engine:btc_ptmc_rep_hot,2.0000000000
METRIC,2026-04-17T23:02:17Z,17157265240183,2336,btc_qm_engine:btc_ptmc_rep_cold,1.0000000000
METRIC,2026-04-17T23:02:17Z,17157265271353,2336,btc_qm_engine:btc_ptmc_accept,1.0000000000
METRIC,2026-04-17T23:02:17Z,17157265301793,2336,btc_qm_engine:btc_ptmc_rep_hot,3.0000000000
METRIC,2026-04-17T23:02:17Z,17157265330093,2336,btc_qm_engine:btc_ptmc_rep_cold,2.0000000000
METRIC,2026-04-17T23:02:17Z,17157265355593,2336,btc_qm_engine:btc_ptmc_accept,1.0000000000
METRIC,2026-04-17T23:02:17Z,17157265381583,2336,btc_qm_engine:btc_ptmc_rep_hot,4.0000000000
METRIC,2026-04-17T23:02:17Z,17157265419113,2336,btc_qm_engine:btc_ptmc_rep_cold,3.0000000000
METRIC,2026-04-17T23:02:17Z,17157265472693,2336,btc_qm_engine:btc_ptmc_accept,1.0000000000
METRIC,2026-04-17T23:02:17Z,17157265501583,2336,btc_qm_engine:btc_ptmc_rep_hot,5.0000000000
METRIC,2026-04-17T23:02:17Z,17157265526963,2336,btc_qm_engine:btc_ptmc_rep_cold,4.0000000000
METRIC,2026-04-17T23:02:17Z,17157265551123,2336,btc_qm_engine:btc_ptmc_accept,1.0000000000
METRIC,2026-04-17T23:02:17Z,17157265579363,2336,btc_qm_engine:btc_ptmc_rep_hot,6.0000000000
METRIC,2026-04-17T23:02:17Z,17157265605153,2336,btc_qm_engine:btc_ptmc_rep_cold,5.0000000000
METRIC,2026-04-17T23:02:17Z,17157265631813,2336,btc_qm_engine:btc_ptmc_accept,1.0000000000
METRIC,2026-04-17T23:02:17Z,17157265658793,2336,btc_qm_engine:btc_ptmc_rep_hot,7.0000000000
METRIC,2026-04-17T23:02:17Z,17157265684183,2336,btc_qm_engine:btc_ptmc_rep_cold,6.0000000000
METRIC,2026-04-17T23:02:17Z,17157265709833,2336,btc_qm_engine:btc_ptmc_accept,1.0000000000
METRIC,2026-04-17T23:02:17Z,17157367464361,2336,btc_qm_engine:btc_ptmc_rep_hot,1.0000000000
METRIC,2026-04-17T23:02:17Z,17157367551331,2336,btc_qm_engine:btc_ptmc_rep_cold,0.0000000000
METRIC,2026-04-17T23:02:17Z,17157367574941,2336,btc_qm_engine:btc_ptmc_accept,-0.5135063048
METRIC,2026-04-17T23:02:17Z,17157367602531,2336,btc_qm_engine:btc_ptmc_rep_hot,2.0000000000
METRIC,2026-04-17T23:02:17Z,17157367625821,2336,btc_qm_engine:btc_ptmc_rep_cold,1.0000000000
METRIC,2026-04-17T23:02:17Z,17157367646791,2336,btc_qm_engine:btc_ptmc_accept,1.0000000000
METRIC,2026-04-17T23:02:17Z,17157367670331,2336,btc_qm_engine:btc_ptmc_rep_hot,3.0000000000
METRIC,2026-04-17T23:02:17Z,17157367690911,2336,btc_qm_engine:btc_ptmc_rep_cold,2.0000000000
METRIC,2026-04-17T23:02:17Z,17157367711501,2336,btc_qm_engine:btc_ptmc_accept,1.0000000000
METRIC,2026-04-17T23:02:17Z,17157367732191,2336,btc_qm_engine:btc_ptmc_rep_hot,4.0000000000
METRIC,2026-04-17T23:02:17Z,17157367757541,2336,btc_qm_engine:btc_ptmc_rep_cold,3.0000000000
METRIC,2026-04-17T23:02:17Z,17157367785701,2336,btc_qm_engine:btc_ptmc_accept,1.0000000000
METRIC,2026-04-17T23:02:17Z,17157367808171,2336,btc_qm_engine:btc_ptmc_rep_hot,5.0000000000
METRIC,2026-04-17T23:02:17Z,17157367829391,2336,btc_qm_engine:btc_ptmc_rep_cold,4.0000000000
METRIC,2026-04-17T23:02:17Z,17157367858041,2336,btc_qm_engine:btc_ptmc_accept,1.0000000000
METRIC,2026-04-17T23:02:17Z,17157367882841,2336,btc_qm_engine:btc_ptmc_rep_hot,6.0000000000
METRIC,2026-04-17T23:02:17Z,17157367903731,2336,btc_qm_engine:btc_ptmc_rep_cold,5.0000000000
METRIC,2026-04-17T23:02:17Z,17157367930681,2336,btc_qm_engine:btc_ptmc_accept,1.0000000000
METRIC,2026-04-17T23:02:17Z,17157367957521,2336,btc_qm_engine:btc_ptmc_rep_hot,7.0000000000
METRIC,2026-04-17T23:02:17Z,17157367985271,2336,btc_qm_engine:btc_ptmc_rep_cold,6.0000000000
METRIC,2026-04-17T23:02:17Z,17157368027751,2336,btc_qm_engine:btc_ptmc_accept,1.0000000000
METRIC,2026-04-17T23:02:17Z,17157470245869,2336,btc_qm_engine:btc_ptmc_rep_hot,1.0000000000
METRIC,2026-04-17T23:02:17Z,17157470324779,2336,btc_qm_engine:btc_ptmc_rep_cold,0.0000000000
METRIC,2026-04-17T23:02:17Z,17157470348369,2336,btc_qm_engine:btc_ptmc_accept,0.5134171190
METRIC,2026-04-17T23:02:17Z,17157470375729,2336,btc_qm_engine:btc_ptmc_rep_hot,2.0000000000
METRIC,2026-04-17T23:02:17Z,17157470398989,2336,btc_qm_engine:btc_ptmc_rep_cold,1.0000000000
METRIC,2026-04-17T23:02:17Z,17157470419969,2336,btc_qm_engine:btc_ptmc_accept,-0.7165313106
METRIC,2026-04-17T23:02:17Z,17157470450459,2336,btc_qm_engine:btc_ptmc_rep_hot,3.0000000000
METRIC,2026-04-17T23:02:17Z,17157470471629,2336,btc_qm_engine:btc_ptmc_rep_cold,2.0000000000
METRIC,2026-04-17T23:02:17Z,17157470494319,2336,btc_qm_engine:btc_ptmc_accept,1.0000000000
METRIC,2026-04-17T23:02:17Z,17157470523129,2336,btc_qm_engine:btc_ptmc_rep_hot,4.0000000000
METRIC,2026-04-17T23:02:17Z,17157470551699,2336,btc_qm_engine:btc_ptmc_rep_cold,3.0000000000
METRIC,2026-04-17T23:02:17Z,17157470582799,2336,btc_qm_engine:btc_ptmc_accept,1.0000000000
METRIC,2026-04-17T23:02:17Z,17157470614169,2336,btc_qm_engine:btc_ptmc_rep_hot,5.0000000000
METRIC,2026-04-17T23:02:17Z,17157470673359,2336,btc_qm_engine:btc_ptmc_rep_cold,4.0000000000
METRIC,2026-04-17T23:02:17Z,17157470701689,2336,btc_qm_engine:btc_ptmc_accept,1.0000000000
METRIC,2026-04-17T23:02:17Z,17157470725109,2336,btc_qm_engine:btc_ptmc_rep_hot,6.0000000000
METRIC,2026-04-17T23:02:17Z,17157470745719,2336,btc_qm_engine:btc_ptmc_rep_cold,5.0000000000
METRIC,2026-04-17T23:02:17Z,17157470771519,2336,btc_qm_engine:btc_ptmc_accept,1.0000000000
METRIC,2026-04-17T23:02:17Z,17157470797189,2336,btc_qm_engine:btc_ptmc_rep_hot,7.0000000000
METRIC,2026-04-17T23:02:17Z,17157470824789,2336,btc_qm_engine:btc_ptmc_rep_cold,6.0000000000
METRIC,2026-04-17T23:02:17Z,17157470853289,2336,btc_qm_engine:btc_ptmc_accept,1.0000000000
METRIC,2026-04-17T23:02:17Z,17157573850757,2336,btc_qm_engine:btc_ptmc_rep_hot,1.0000000000
METRIC,2026-04-17T23:02:17Z,17157573932537,2336,btc_qm_engine:btc_ptmc_rep_cold,0.0000000000
METRIC,2026-04-17T23:02:17Z,17157573964507,2336,btc_qm_engine:btc_ptmc_accept,1.0000000000
METRIC,2026-04-17T23:02:17Z,17157573997417,2336,btc_qm_engine:btc_ptmc_rep_hot,2.0000000000
METRIC,2026-04-17T23:02:17Z,17157574037127,2336,btc_qm_engine:btc_ptmc_rep_cold,1.0000000000
METRIC,2026-04-17T23:02:17Z,17157574066097,2336,btc_qm_engine:btc_ptmc_accept,1.0000000000
METRIC,2026-04-17T23:02:17Z,17157574097887,2336,btc_qm_engine:btc_ptmc_rep_hot,3.0000000000
METRIC,2026-04-17T23:02:17Z,17157574128527,2336,btc_qm_engine:btc_ptmc_rep_cold,2.0000000000
METRIC,2026-04-17T23:02:17Z,17157574155567,2336,btc_qm_engine:btc_ptmc_accept,1.0000000000
METRIC,2026-04-17T23:02:17Z,17157574181387,2336,btc_qm_engine:btc_ptmc_rep_hot,4.0000000000
METRIC,2026-04-17T23:02:17Z,17157574202687,2336,btc_qm_engine:btc_ptmc_rep_cold,3.0000000000
METRIC,2026-04-17T23:02:17Z,17157574225507,2336,btc_qm_engine:btc_ptmc_accept,1.0000000000
METRIC,2026-04-17T23:02:17Z,17157574248187,2336,btc_qm_engine:btc_ptmc_rep_hot,5.0000000000
METRIC,2026-04-17T23:02:17Z,17157574275647,2336,btc_qm_engine:btc_ptmc_rep_cold,4.0000000000
METRIC,2026-04-17T23:02:17Z,17157574297027,2336,btc_qm_engine:btc_ptmc_accept,1.0000000000
METRIC,2026-04-17T23:02:17Z,17157574319547,2336,btc_qm_engine:btc_ptmc_rep_hot,6.0000000000
METRIC,2026-04-17T23:02:17Z,17157574341667,2336,btc_qm_engine:btc_ptmc_rep_cold,5.0000000000
METRIC,2026-04-17T23:02:17Z,17157574364497,2336,btc_qm_engine:btc_ptmc_accept,1.0000000000
METRIC,2026-04-17T23:02:17Z,17157574387927,2336,btc_qm_engine:btc_ptmc_rep_hot,7.0000000000
METRIC,2026-04-17T23:02:17Z,17157574410357,2336,btc_qm_engine:btc_ptmc_rep_cold,6.0000000000
METRIC,2026-04-17T23:02:17Z,17157574432907,2336,btc_qm_engine:btc_ptmc_accept,1.0000000000
METRIC,2026-04-17T23:02:17Z,17157674596995,2336,btc_qm_engine:btc_ptmc_rep_hot,1.0000000000
METRIC,2026-04-17T23:02:17Z,17157674671175,2336,btc_qm_engine:btc_ptmc_rep_cold,0.0000000000
METRIC,2026-04-17T23:02:17Z,17157674693055,2336,btc_qm_engine:btc_ptmc_accept,-0.2636887251
METRIC,2026-04-17T23:02:17Z,17157674717605,2336,btc_qm_engine:btc_ptmc_rep_hot,2.0000000000
METRIC,2026-04-17T23:02:17Z,17157674741705,2336,btc_qm_engine:btc_ptmc_rep_cold,1.0000000000
METRIC,2026-04-17T23:02:17Z,17157674785705,2336,btc_qm_engine:btc_ptmc_accept,1.0000000000
METRIC,2026-04-17T23:02:17Z,17157674808365,2336,btc_qm_engine:btc_ptmc_rep_hot,3.0000000000
METRIC,2026-04-17T23:02:17Z,17157674831895,2336,btc_qm_engine:btc_ptmc_rep_cold,2.0000000000
METRIC,2026-04-17T23:02:17Z,17157674868215,2336,btc_qm_engine:btc_ptmc_accept,1.0000000000
METRIC,2026-04-17T23:02:17Z,17157674892645,2336,btc_qm_engine:btc_ptmc_rep_hot,4.0000000000
METRIC,2026-04-17T23:02:17Z,17157674912815,2336,btc_qm_engine:btc_ptmc_rep_cold,3.0000000000
METRIC,2026-04-17T23:02:17Z,17157674934055,2336,btc_qm_engine:btc_ptmc_accept,1.0000000000
METRIC,2026-04-17T23:02:17Z,17157674955635,2336,btc_qm_engine:btc_ptmc_rep_hot,5.0000000000
METRIC,2026-04-17T23:02:17Z,17157674975285,2336,btc_qm_engine:btc_ptmc_rep_cold,4.0000000000
METRIC,2026-04-17T23:02:17Z,17157674994525,2336,btc_qm_engine:btc_ptmc_accept,1.0000000000
METRIC,2026-04-17T23:02:17Z,17157675058975,2336,btc_qm_engine:btc_ptmc_rep_hot,6.0000000000
METRIC,2026-04-17T23:02:17Z,17157675086435,2336,btc_qm_engine:btc_ptmc_rep_cold,5.0000000000
METRIC,2026-04-17T23:02:17Z,17157675118735,2336,btc_qm_engine:btc_ptmc_accept,1.0000000000
METRIC,2026-04-17T23:02:17Z,17157675150365,2336,btc_qm_engine:btc_ptmc_rep_hot,7.0000000000
METRIC,2026-04-17T23:02:17Z,17157675172175,2336,btc_qm_engine:btc_ptmc_rep_cold,6.0000000000
METRIC,2026-04-17T23:02:17Z,17157675191515,2336,btc_qm_engine:btc_ptmc_accept,1.0000000000
METRIC,2026-04-17T23:02:17Z,17157777567423,2336,btc_qm_engine:btc_ptmc_rep_hot,1.0000000000
METRIC,2026-04-17T23:02:17Z,17157777651893,2336,btc_qm_engine:btc_ptmc_rep_cold,0.0000000000
METRIC,2026-04-17T23:02:17Z,17157777676283,2336,btc_qm_engine:btc_ptmc_accept,1.0000000000
METRIC,2026-04-17T23:02:17Z,17157777708093,2336,btc_qm_engine:btc_ptmc_rep_hot,2.0000000000
METRIC,2026-04-17T23:02:17Z,17157777733833,2336,btc_qm_engine:btc_ptmc_rep_cold,1.0000000000
METRIC,2026-04-17T23:02:17Z,17157777757793,2336,btc_qm_engine:btc_ptmc_accept,0.7165140378
METRIC,2026-04-17T23:02:17Z,17157777791813,2336,btc_qm_engine:btc_ptmc_rep_hot,3.0000000000
METRIC,2026-04-17T23:02:17Z,17157777820723,2336,btc_qm_engine:btc_ptmc_rep_cold,2.0000000000
METRIC,2026-04-17T23:02:17Z,17157777846633,2336,btc_qm_engine:btc_ptmc_accept,0.8464766237
METRIC,2026-04-17T23:02:17Z,17157777872943,2336,btc_qm_engine:btc_ptmc_rep_hot,4.0000000000
METRIC,2026-04-17T23:02:17Z,17157777894203,2336,btc_qm_engine:btc_ptmc_rep_cold,3.0000000000
METRIC,2026-04-17T23:02:17Z,17157777916953,2336,btc_qm_engine:btc_ptmc_accept,0.9048354550
METRIC,2026-04-17T23:02:17Z,17157777942593,2336,btc_qm_engine:btc_ptmc_rep_hot,5.0000000000
METRIC,2026-04-17T23:02:17Z,17157777968583,2336,btc_qm_engine:btc_ptmc_rep_cold,4.0000000000
METRIC,2026-04-17T23:02:17Z,17157777997023,2336,btc_qm_engine:btc_ptmc_accept,0.9394122667
METRIC,2026-04-17T23:02:17Z,17157778064773,2336,btc_qm_engine:btc_ptmc_rep_hot,6.0000000000
METRIC,2026-04-17T23:02:17Z,17157778089093,2336,btc_qm_engine:btc_ptmc_rep_cold,5.0000000000
METRIC,2026-04-17T23:02:17Z,17157778114953,2336,btc_qm_engine:btc_ptmc_accept,0.9642893023
METRIC,2026-04-17T23:02:17Z,17157778144393,2336,btc_qm_engine:btc_ptmc_rep_hot,7.0000000000
METRIC,2026-04-17T23:02:17Z,17157778171733,2336,btc_qm_engine:btc_ptmc_rep_cold,6.0000000000
METRIC,2026-04-17T23:02:17Z,17157778199103,2336,btc_qm_engine:btc_ptmc_accept,0.9767446541
METRIC,2026-04-17T23:02:18Z,17157878982381,2336,btc_qm_engine:btc_ptmc_rep_hot,1.0000000000
METRIC,2026-04-17T23:02:18Z,17157879092781,2336,btc_qm_engine:btc_ptmc_rep_cold,0.0000000000
METRIC,2026-04-17T23:02:18Z,17157879134631,2336,btc_qm_engine:btc_ptmc_accept,-0.1355329307
METRIC,2026-04-17T23:02:18Z,17157879175481,2336,btc_qm_engine:btc_ptmc_rep_hot,2.0000000000
METRIC,2026-04-17T23:02:18Z,17157879208821,2336,btc_qm_engine:btc_ptmc_rep_cold,1.0000000000
METRIC,2026-04-17T23:02:18Z,17157879236621,2336,btc_qm_engine:btc_ptmc_accept,1.0000000000
METRIC,2026-04-17T23:02:18Z,17157879271181,2336,btc_qm_engine:btc_ptmc_rep_hot,3.0000000000
METRIC,2026-04-17T23:02:18Z,17157879302481,2336,btc_qm_engine:btc_ptmc_rep_cold,2.0000000000
METRIC,2026-04-17T23:02:18Z,17157879356771,2336,btc_qm_engine:btc_ptmc_accept,1.0000000000
METRIC,2026-04-17T23:02:18Z,17157879386431,2336,btc_qm_engine:btc_ptmc_rep_hot,4.0000000000
METRIC,2026-04-17T23:02:18Z,17157879417291,2336,btc_qm_engine:btc_ptmc_rep_cold,3.0000000000
METRIC,2026-04-17T23:02:18Z,17157879447771,2336,btc_qm_engine:btc_ptmc_accept,1.0000000000
METRIC,2026-04-17T23:02:18Z,17157879476691,2336,btc_qm_engine:btc_ptmc_rep_hot,5.0000000000
METRIC,2026-04-17T23:02:18Z,17157879507311,2336,btc_qm_engine:btc_ptmc_rep_cold,4.0000000000
METRIC,2026-04-17T23:02:18Z,17157879538111,2336,btc_qm_engine:btc_ptmc_accept,1.0000000000
METRIC,2026-04-17T23:02:18Z,17157879568481,2336,btc_qm_engine:btc_ptmc_rep_hot,6.0000000000
METRIC,2026-04-17T23:02:18Z,17157879598241,2336,btc_qm_engine:btc_ptmc_rep_cold,5.0000000000
METRIC,2026-04-17T23:02:18Z,17157879625641,2336,btc_qm_engine:btc_ptmc_accept,1.0000000000
METRIC,2026-04-17T23:02:18Z,17157879661351,2336,btc_qm_engine:btc_ptmc_rep_hot,7.0000000000
METRIC,2026-04-17T23:02:18Z,17157879696441,2336,btc_qm_engine:btc_ptmc_rep_cold,6.0000000000
METRIC,2026-04-17T23:02:18Z,17157879726301,2336,btc_qm_engine:btc_ptmc_accept,1.0000000000
METRIC,2026-04-17T23:02:18Z,17157980433329,2336,btc_qm_engine:btc_ptmc_rep_hot,1.0000000000
METRIC,2026-04-17T23:02:18Z,17157980505539,2336,btc_qm_engine:btc_ptmc_rep_cold,0.0000000000
METRIC,2026-04-17T23:02:18Z,17157980533099,2336,btc_qm_engine:btc_ptmc_accept,1.0000000000
METRIC,2026-04-17T23:02:18Z,17157980559339,2336,btc_qm_engine:btc_ptmc_rep_hot,2.0000000000
METRIC,2026-04-17T23:02:18Z,17157980585889,2336,btc_qm_engine:btc_ptmc_rep_cold,1.0000000000
METRIC,2026-04-17T23:02:18Z,17157980616069,2336,btc_qm_engine:btc_ptmc_accept,1.0000000000
METRIC,2026-04-17T23:02:18Z,17157980645329,2336,btc_qm_engine:btc_ptmc_rep_hot,3.0000000000
METRIC,2026-04-17T23:02:18Z,17157980667189,2336,btc_qm_engine:btc_ptmc_rep_cold,2.0000000000
METRIC,2026-04-17T23:02:18Z,17157980696339,2336,btc_qm_engine:btc_ptmc_accept,1.0000000000
METRIC,2026-04-17T23:02:18Z,17157980723929,2336,btc_qm_engine:btc_ptmc_rep_hot,4.0000000000
METRIC,2026-04-17T23:02:18Z,17157980749779,2336,btc_qm_engine:btc_ptmc_rep_cold,3.0000000000
METRIC,2026-04-17T23:02:18Z,17157980777029,2336,btc_qm_engine:btc_ptmc_accept,1.0000000000
METRIC,2026-04-17T23:02:18Z,17157980807659,2336,btc_qm_engine:btc_ptmc_rep_hot,5.0000000000
METRIC,2026-04-17T23:02:18Z,17157980835699,2336,btc_qm_engine:btc_ptmc_rep_cold,4.0000000000
METRIC,2026-04-17T23:02:18Z,17157980861669,2336,btc_qm_engine:btc_ptmc_accept,1.0000000000
METRIC,2026-04-17T23:02:18Z,17157980898099,2336,btc_qm_engine:btc_ptmc_rep_hot,6.0000000000
METRIC,2026-04-17T23:02:18Z,17157980933569,2336,btc_qm_engine:btc_ptmc_rep_cold,5.0000000000
METRIC,2026-04-17T23:02:18Z,17157980961319,2336,btc_qm_engine:btc_ptmc_accept,1.0000000000
METRIC,2026-04-17T23:02:18Z,17157980989159,2336,btc_qm_engine:btc_ptmc_rep_hot,7.0000000000
METRIC,2026-04-17T23:02:18Z,17157981034659,2336,btc_qm_engine:btc_ptmc_rep_cold,6.0000000000
METRIC,2026-04-17T23:02:18Z,17157981061529,2336,btc_qm_engine:btc_ptmc_accept,1.0000000000
METRIC,2026-04-17T23:02:18Z,17158084302577,2336,btc_qm_engine:btc_ptmc_rep_hot,1.0000000000
METRIC,2026-04-17T23:02:18Z,17158084389967,2336,btc_qm_engine:btc_ptmc_rep_cold,0.0000000000
METRIC,2026-04-17T23:02:18Z,17158084422657,2336,btc_qm_engine:btc_ptmc_accept,1.0000000000
METRIC,2026-04-17T23:02:18Z,17158084460107,2336,btc_qm_engine:btc_ptmc_rep_hot,2.0000000000
METRIC,2026-04-17T23:02:18Z,17158084491127,2336,btc_qm_engine:btc_ptmc_rep_cold,1.0000000000
METRIC,2026-04-17T23:02:18Z,17158084518387,2336,btc_qm_engine:btc_ptmc_accept,0.7165624298
METRIC,2026-04-17T23:02:18Z,17158084550487,2336,btc_qm_engine:btc_ptmc_rep_hot,3.0000000000
METRIC,2026-04-17T23:02:18Z,17158084574757,2336,btc_qm_engine:btc_ptmc_rep_cold,2.0000000000
METRIC,2026-04-17T23:02:18Z,17158084596597,2336,btc_qm_engine:btc_ptmc_accept,0.8464909161
METRIC,2026-04-17T23:02:18Z,17158084627107,2336,btc_qm_engine:btc_ptmc_rep_hot,4.0000000000
METRIC,2026-04-17T23:02:18Z,17158084655537,2336,btc_qm_engine:btc_ptmc_rep_cold,3.0000000000
METRIC,2026-04-17T23:02:18Z,17158084736907,2336,btc_qm_engine:btc_ptmc_accept,-0.9048409551
METRIC,2026-04-17T23:02:18Z,17158084766887,2336,btc_qm_engine:btc_ptmc_rep_hot,5.0000000000
METRIC,2026-04-17T23:02:18Z,17158084794557,2336,btc_qm_engine:btc_ptmc_rep_cold,4.0000000000
METRIC,2026-04-17T23:02:18Z,17158084824637,2336,btc_qm_engine:btc_ptmc_accept,1.0000000000
METRIC,2026-04-17T23:02:18Z,17158084852367,2336,btc_qm_engine:btc_ptmc_rep_hot,6.0000000000
METRIC,2026-04-17T23:02:18Z,17158084880007,2336,btc_qm_engine:btc_ptmc_rep_cold,5.0000000000
METRIC,2026-04-17T23:02:18Z,17158084908187,2336,btc_qm_engine:btc_ptmc_accept,1.0000000000
METRIC,2026-04-17T23:02:18Z,17158084937137,2336,btc_qm_engine:btc_ptmc_rep_hot,7.0000000000
METRIC,2026-04-17T23:02:18Z,17158084964577,2336,btc_qm_engine:btc_ptmc_rep_cold,6.0000000000
METRIC,2026-04-17T23:02:18Z,17158084992367,2336,btc_qm_engine:btc_ptmc_accept,1.0000000000
HW_SAMPLE,2026-04-17T23:02:18Z,17158153869426,2336,btc_qm_engine:cpu_delta_pct,62.3808
HW_SAMPLE,2026-04-17T23:02:18Z,17158153869426,2336,btc_qm_engine:mem_used_pct,77.5251
HW_SAMPLE,2026-04-17T23:02:18Z,17158153869426,2336,btc_qm_engine:vm_rss_kb,7564
HW_SAMPLE,2026-04-17T23:02:18Z,17158153869426,2336,btc_qm_engine:vm_peak_kb,236324
HW_SAMPLE,2026-04-17T23:02:18Z,17158155385646,2336,btc_qm_engine:cpu_delta_pct,66.6667
HW_SAMPLE,2026-04-17T23:02:18Z,17158155385646,2336,btc_qm_engine:mem_used_pct,77.5251
HW_SAMPLE,2026-04-17T23:02:18Z,17158155385646,2336,btc_qm_engine:vm_rss_kb,7568
HW_SAMPLE,2026-04-17T23:02:18Z,17158155385646,2336,btc_qm_engine:vm_peak_kb,236324
METRIC,2026-04-17T23:02:18Z,17158185886455,2336,btc_qm_engine:btc_ptmc_rep_hot,1.0000000000
METRIC,2026-04-17T23:02:18Z,17158185974845,2336,btc_qm_engine:btc_ptmc_rep_cold,0.0000000000
METRIC,2026-04-17T23:02:18Z,17158186017085,2336,btc_qm_engine:btc_ptmc_accept,-0.5134171190
METRIC,2026-04-17T23:02:18Z,17158186072925,2336,btc_qm_engine:btc_ptmc_rep_hot,2.0000000000
METRIC,2026-04-17T23:02:18Z,17158186114095,2336,btc_qm_engine:btc_ptmc_rep_cold,1.0000000000
METRIC,2026-04-17T23:02:18Z,17158186140055,2336,btc_qm_engine:btc_ptmc_accept,-0.7165313106
METRIC,2026-04-17T23:02:18Z,17158186170585,2336,btc_qm_engine:btc_ptmc_rep_hot,3.0000000000
METRIC,2026-04-17T23:02:18Z,17158186198745,2336,btc_qm_engine:btc_ptmc_rep_cold,2.0000000000
METRIC,2026-04-17T23:02:18Z,17158186231955,2336,btc_qm_engine:btc_ptmc_accept,1.0000000000
METRIC,2026-04-17T23:02:18Z,17158186267875,2336,btc_qm_engine:btc_ptmc_rep_hot,4.0000000000
METRIC,2026-04-17T23:02:18Z,17158186296635,2336,btc_qm_engine:btc_ptmc_rep_cold,3.0000000000
METRIC,2026-04-17T23:02:18Z,17158186323345,2336,btc_qm_engine:btc_ptmc_accept,1.0000000000
METRIC,2026-04-17T23:02:18Z,17158186352785,2336,btc_qm_engine:btc_ptmc_rep_hot,5.0000000000
METRIC,2026-04-17T23:02:18Z,17158186381725,2336,btc_qm_engine:btc_ptmc_rep_cold,4.0000000000
METRIC,2026-04-17T23:02:18Z,17158186408225,2336,btc_qm_engine:btc_ptmc_accept,1.0000000000
METRIC,2026-04-17T23:02:18Z,17158186436915,2336,btc_qm_engine:btc_ptmc_rep_hot,6.0000000000
METRIC,2026-04-17T23:02:18Z,17158186465275,2336,btc_qm_engine:btc_ptmc_rep_cold,5.0000000000
METRIC,2026-04-17T23:02:18Z,17158186491985,2336,btc_qm_engine:btc_ptmc_accept,1.0000000000
METRIC,2026-04-17T23:02:18Z,17158186516855,2336,btc_qm_engine:btc_ptmc_rep_hot,7.0000000000
METRIC,2026-04-17T23:02:18Z,17158186545635,2336,btc_qm_engine:btc_ptmc_rep_cold,6.0000000000
METRIC,2026-04-17T23:02:18Z,17158186576975,2336,btc_qm_engine:btc_ptmc_accept,1.0000000000
METRIC,2026-04-17T23:02:18Z,17158288166923,2336,btc_qm_engine:btc_ptmc_rep_hot,1.0000000000
METRIC,2026-04-17T23:02:18Z,17158288235843,2336,btc_qm_engine:btc_ptmc_rep_cold,0.0000000000
METRIC,2026-04-17T23:02:18Z,17158288258103,2336,btc_qm_engine:btc_ptmc_accept,1.0000000000
METRIC,2026-04-17T23:02:18Z,17158288283753,2336,btc_qm_engine:btc_ptmc_rep_hot,2.0000000000
METRIC,2026-04-17T23:02:18Z,17158288305583,2336,btc_qm_engine:btc_ptmc_rep_cold,1.0000000000
METRIC,2026-04-17T23:02:18Z,17158288326143,2336,btc_qm_engine:btc_ptmc_accept,1.0000000000
METRIC,2026-04-17T23:02:18Z,17158288372933,2336,btc_qm_engine:btc_ptmc_rep_hot,3.0000000000
METRIC,2026-04-17T23:02:18Z,17158288396343,2336,btc_qm_engine:btc_ptmc_rep_cold,2.0000000000
METRIC,2026-04-17T23:02:18Z,17158288425183,2336,btc_qm_engine:btc_ptmc_accept,1.0000000000
METRIC,2026-04-17T23:02:18Z,17158288453263,2336,btc_qm_engine:btc_ptmc_rep_hot,4.0000000000
METRIC,2026-04-17T23:02:18Z,17158288481573,2336,btc_qm_engine:btc_ptmc_rep_cold,3.0000000000
METRIC,2026-04-17T23:02:18Z,17158288510293,2336,btc_qm_engine:btc_ptmc_accept,1.0000000000
METRIC,2026-04-17T23:02:18Z,17158288538993,2336,btc_qm_engine:btc_ptmc_rep_hot,5.0000000000
METRIC,2026-04-17T23:02:18Z,17158288566773,2336,btc_qm_engine:btc_ptmc_rep_cold,4.0000000000
METRIC,2026-04-17T23:02:18Z,17158288593593,2336,btc_qm_engine:btc_ptmc_accept,1.0000000000
METRIC,2026-04-17T23:02:18Z,17158288619903,2336,btc_qm_engine:btc_ptmc_rep_hot,6.0000000000
METRIC,2026-04-17T23:02:18Z,17158288647753,2336,btc_qm_engine:btc_ptmc_rep_cold,5.0000000000
METRIC,2026-04-17T23:02:18Z,17158288676843,2336,btc_qm_engine:btc_ptmc_accept,1.0000000000
METRIC,2026-04-17T23:02:18Z,17158288703893,2336,btc_qm_engine:btc_ptmc_rep_hot,7.0000000000
METRIC,2026-04-17T23:02:18Z,17158288729453,2336,btc_qm_engine:btc_ptmc_rep_cold,6.0000000000
METRIC,2026-04-17T23:02:18Z,17158288749413,2336,btc_qm_engine:btc_ptmc_accept,1.0000000000
METRIC,2026-04-17T23:02:18Z,17158388654661,2336,btc_qm_engine:btc_ptmc_rep_hot,1.0000000000
METRIC,2026-04-17T23:02:18Z,17158388734681,2336,btc_qm_engine:btc_ptmc_rep_cold,0.0000000000
METRIC,2026-04-17T23:02:18Z,17158388763261,2336,btc_qm_engine:btc_ptmc_accept,0.2636887251
METRIC,2026-04-17T23:02:18Z,17158388789561,2336,btc_qm_engine:btc_ptmc_rep_hot,2.0000000000
METRIC,2026-04-17T23:02:18Z,17158388820091,2336,btc_qm_engine:btc_ptmc_rep_cold,1.0000000000
METRIC,2026-04-17T23:02:18Z,17158388848121,2336,btc_qm_engine:btc_ptmc_accept,0.7164924961
METRIC,2026-04-17T23:02:18Z,17158388873031,2336,btc_qm_engine:btc_ptmc_rep_hot,3.0000000000
METRIC,2026-04-17T23:02:18Z,17158388894671,2336,btc_qm_engine:btc_ptmc_rep_cold,2.0000000000
METRIC,2026-04-17T23:02:18Z,17158388916121,2336,btc_qm_engine:btc_ptmc_accept,0.7165119046
METRIC,2026-04-17T23:02:18Z,17158388937891,2336,btc_qm_engine:btc_ptmc_rep_hot,4.0000000000
METRIC,2026-04-17T23:02:18Z,17158388959241,2336,btc_qm_engine:btc_ptmc_rep_cold,3.0000000000
METRIC,2026-04-17T23:02:18Z,17158388980691,2336,btc_qm_engine:btc_ptmc_accept,0.8187227707
METRIC,2026-04-17T23:02:18Z,17158389015561,2336,btc_qm_engine:btc_ptmc_rep_hot,5.0000000000
METRIC,2026-04-17T23:02:18Z,17158389036111,2336,btc_qm_engine:btc_ptmc_rep_cold,4.0000000000
METRIC,2026-04-17T23:02:18Z,17158389055831,2336,btc_qm_engine:btc_ptmc_accept,0.8824935417
METRIC,2026-04-17T23:02:18Z,17158389077621,2336,btc_qm_engine:btc_ptmc_rep_hot,6.0000000000
METRIC,2026-04-17T23:02:18Z,17158389098711,2336,btc_qm_engine:btc_ptmc_rep_cold,5.0000000000
METRIC,2026-04-17T23:02:18Z,17158389120061,2336,btc_qm_engine:btc_ptmc_accept,0.9298531933
METRIC,2026-04-17T23:02:18Z,17158389141411,2336,btc_qm_engine:btc_ptmc_rep_hot,7.0000000000
METRIC,2026-04-17T23:02:18Z,17158389161611,2336,btc_qm_engine:btc_ptmc_rep_cold,6.0000000000
METRIC,2026-04-17T23:02:18Z,17158389182641,2336,btc_qm_engine:btc_ptmc_accept,0.9540303485
METRIC,2026-04-17T23:02:18Z,17158488664190,2336,btc_qm_engine:btc_ptmc_rep_hot,1.0000000000
METRIC,2026-04-17T23:02:18Z,17158488746190,2336,btc_qm_engine:btc_ptmc_rep_cold,0.0000000000
METRIC,2026-04-17T23:02:18Z,17158488774480,2336,btc_qm_engine:btc_ptmc_accept,1.0000000000
METRIC,2026-04-17T23:02:18Z,17158488810340,2336,btc_qm_engine:btc_ptmc_rep_hot,2.0000000000
METRIC,2026-04-17T23:02:18Z,17158488838720,2336,btc_qm_engine:btc_ptmc_rep_cold,1.0000000000
METRIC,2026-04-17T23:02:18Z,17158488864180,2336,btc_qm_engine:btc_ptmc_accept,1.0000000000
METRIC,2026-04-17T23:02:18Z,17158488893150,2336,btc_qm_engine:btc_ptmc_rep_hot,3.0000000000
METRIC,2026-04-17T23:02:18Z,17158488921150,2336,btc_qm_engine:btc_ptmc_rep_cold,2.0000000000
METRIC,2026-04-17T23:02:18Z,17158488965930,2336,btc_qm_engine:btc_ptmc_accept,1.0000000000
METRIC,2026-04-17T23:02:18Z,17158488992350,2336,btc_qm_engine:btc_ptmc_rep_hot,4.0000000000
METRIC,2026-04-17T23:02:18Z,17158489044670,2336,btc_qm_engine:btc_ptmc_rep_cold,3.0000000000
METRIC,2026-04-17T23:02:18Z,17158489072330,2336,btc_qm_engine:btc_ptmc_accept,1.0000000000
METRIC,2026-04-17T23:02:18Z,17158489097840,2336,btc_qm_engine:btc_ptmc_rep_hot,5.0000000000
METRIC,2026-04-17T23:02:18Z,17158489123470,2336,btc_qm_engine:btc_ptmc_rep_cold,4.0000000000
METRIC,2026-04-17T23:02:18Z,17158489151010,2336,btc_qm_engine:btc_ptmc_accept,1.0000000000
METRIC,2026-04-17T23:02:18Z,17158489184570,2336,btc_qm_engine:btc_ptmc_rep_hot,6.0000000000
METRIC,2026-04-17T23:02:18Z,17158489217640,2336,btc_qm_engine:btc_ptmc_rep_cold,5.0000000000
METRIC,2026-04-17T23:02:18Z,17158489243660,2336,btc_qm_engine:btc_ptmc_accept,1.0000000000
METRIC,2026-04-17T23:02:18Z,17158489271410,2336,btc_qm_engine:btc_ptmc_rep_hot,7.0000000000
METRIC,2026-04-17T23:02:18Z,17158489298590,2336,btc_qm_engine:btc_ptmc_rep_cold,6.0000000000
METRIC,2026-04-17T23:02:18Z,17158489325820,2336,btc_qm_engine:btc_ptmc_accept,1.0000000000
METRIC,2026-04-17T23:02:18Z,17158588730968,2336,btc_qm_engine:btc_ptmc_rep_hot,1.0000000000
METRIC,2026-04-17T23:02:18Z,17158588803288,2336,btc_qm_engine:btc_ptmc_rep_cold,0.0000000000
METRIC,2026-04-17T23:02:18Z,17158588825238,2336,btc_qm_engine:btc_ptmc_accept,0.1355329307
METRIC,2026-04-17T23:02:18Z,17158588855928,2336,btc_qm_engine:btc_ptmc_rep_hot,2.0000000000
METRIC,2026-04-17T23:02:18Z,17158588878878,2336,btc_qm_engine:btc_ptmc_rep_cold,1.0000000000
METRIC,2026-04-17T23:02:18Z,17158588905798,2336,btc_qm_engine:btc_ptmc_accept,-0.2636225532
METRIC,2026-04-17T23:02:18Z,17158588938678,2336,btc_qm_engine:btc_ptmc_rep_hot,3.0000000000
METRIC,2026-04-17T23:02:18Z,17158588961988,2336,btc_qm_engine:btc_ptmc_rep_cold,2.0000000000
METRIC,2026-04-17T23:02:18Z,17158588982168,2336,btc_qm_engine:btc_ptmc_accept,1.0000000000
METRIC,2026-04-17T23:02:18Z,17158589017018,2336,btc_qm_engine:btc_ptmc_rep_hot,4.0000000000
METRIC,2026-04-17T23:02:18Z,17158589045378,2336,btc_qm_engine:btc_ptmc_rep_cold,3.0000000000
METRIC,2026-04-17T23:02:18Z,17158589072238,2336,btc_qm_engine:btc_ptmc_accept,1.0000000000
METRIC,2026-04-17T23:02:18Z,17158589094928,2336,btc_qm_engine:btc_ptmc_rep_hot,5.0000000000
METRIC,2026-04-17T23:02:18Z,17158589114738,2336,btc_qm_engine:btc_ptmc_rep_cold,4.0000000000
METRIC,2026-04-17T23:02:18Z,17158589135908,2336,btc_qm_engine:btc_ptmc_accept,1.0000000000
METRIC,2026-04-17T23:02:18Z,17158589157088,2336,btc_qm_engine:btc_ptmc_rep_hot,6.0000000000
METRIC,2026-04-17T23:02:18Z,17158589178168,2336,btc_qm_engine:btc_ptmc_rep_cold,5.0000000000
METRIC,2026-04-17T23:02:18Z,17158589199168,2336,btc_qm_engine:btc_ptmc_accept,1.0000000000
METRIC,2026-04-17T23:02:18Z,17158589220358,2336,btc_qm_engine:btc_ptmc_rep_hot,7.0000000000
METRIC,2026-04-17T23:02:18Z,17158589241568,2336,btc_qm_engine:btc_ptmc_rep_cold,6.0000000000
METRIC,2026-04-17T23:02:18Z,17158589262628,2336,btc_qm_engine:btc_ptmc_accept,1.0000000000
METRIC,2026-04-17T23:02:18Z,17158688917046,2336,btc_qm_engine:btc_ptmc_rep_hot,1.0000000000
METRIC,2026-04-17T23:02:18Z,17158688993296,2336,btc_qm_engine:btc_ptmc_rep_cold,0.0000000000
METRIC,2026-04-17T23:02:18Z,17158689035636,2336,btc_qm_engine:btc_ptmc_accept,1.0000000000
METRIC,2026-04-17T23:02:18Z,17158689066736,2336,btc_qm_engine:btc_ptmc_rep_hot,2.0000000000
METRIC,2026-04-17T23:02:18Z,17158689097386,2336,btc_qm_engine:btc_ptmc_rep_cold,1.0000000000
METRIC,2026-04-17T23:02:18Z,17158689125906,2336,btc_qm_engine:btc_ptmc_accept,1.0000000000
METRIC,2026-04-17T23:02:18Z,17158689156276,2336,btc_qm_engine:btc_ptmc_rep_hot,3.0000000000
METRIC,2026-04-17T23:02:18Z,17158689178416,2336,btc_qm_engine:btc_ptmc_rep_cold,2.0000000000
METRIC,2026-04-17T23:02:18Z,17158689215346,2336,btc_qm_engine:btc_ptmc_accept,1.0000000000
METRIC,2026-04-17T23:02:18Z,17158689250466,2336,btc_qm_engine:btc_ptmc_rep_hot,4.0000000000
METRIC,2026-04-17T23:02:18Z,17158689281866,2336,btc_qm_engine:btc_ptmc_rep_cold,3.0000000000
METRIC,2026-04-17T23:02:18Z,17158689329936,2336,btc_qm_engine:btc_ptmc_accept,1.0000000000
METRIC,2026-04-17T23:02:18Z,17158689357726,2336,btc_qm_engine:btc_ptmc_rep_hot,5.0000000000
METRIC,2026-04-17T23:02:18Z,17158689385836,2336,btc_qm_engine:btc_ptmc_rep_cold,4.0000000000
METRIC,2026-04-17T23:02:18Z,17158689416296,2336,btc_qm_engine:btc_ptmc_accept,1.0000000000
METRIC,2026-04-17T23:02:18Z,17158689443656,2336,btc_qm_engine:btc_ptmc_rep_hot,6.0000000000
METRIC,2026-04-17T23:02:18Z,17158689472446,2336,btc_qm_engine:btc_ptmc_rep_cold,5.0000000000
METRIC,2026-04-17T23:02:18Z,17158689500216,2336,btc_qm_engine:btc_ptmc_accept,1.0000000000
METRIC,2026-04-17T23:02:18Z,17158689527296,2336,btc_qm_engine:btc_ptmc_rep_hot,7.0000000000
METRIC,2026-04-17T23:02:18Z,17158689549886,2336,btc_qm_engine:btc_ptmc_rep_cold,6.0000000000
METRIC,2026-04-17T23:02:18Z,17158689572466,2336,btc_qm_engine:btc_ptmc_accept,1.0000000000
METRIC,2026-04-17T23:02:18Z,17158791121544,2336,btc_qm_engine:btc_ptmc_rep_hot,1.0000000000
METRIC,2026-04-17T23:02:18Z,17158791268404,2336,btc_qm_engine:btc_ptmc_rep_cold,0.0000000000
METRIC,2026-04-17T23:02:18Z,17158791301284,2336,btc_qm_engine:btc_ptmc_accept,1.0000000000
METRIC,2026-04-17T23:02:18Z,17158791346494,2336,btc_qm_engine:btc_ptmc_rep_hot,2.0000000000
METRIC,2026-04-17T23:02:18Z,17158791377564,2336,btc_qm_engine:btc_ptmc_rep_cold,1.0000000000
METRIC,2026-04-17T23:02:18Z,17158791406974,2336,btc_qm_engine:btc_ptmc_accept,1.0000000000
METRIC,2026-04-17T23:02:18Z,17158791440654,2336,btc_qm_engine:btc_ptmc_rep_hot,3.0000000000
METRIC,2026-04-17T23:02:18Z,17158791471294,2336,btc_qm_engine:btc_ptmc_rep_cold,2.0000000000
METRIC,2026-04-17T23:02:18Z,17158791502354,2336,btc_qm_engine:btc_ptmc_accept,1.0000000000
METRIC,2026-04-17T23:02:18Z,17158791533934,2336,btc_qm_engine:btc_ptmc_rep_hot,4.0000000000
METRIC,2026-04-17T23:02:18Z,17158791561744,2336,btc_qm_engine:btc_ptmc_rep_cold,3.0000000000
METRIC,2026-04-17T23:02:18Z,17158791593294,2336,btc_qm_engine:btc_ptmc_accept,1.0000000000
METRIC,2026-04-17T23:02:18Z,17158791624504,2336,btc_qm_engine:btc_ptmc_rep_hot,5.0000000000
METRIC,2026-04-17T23:02:18Z,17158791824794,2336,btc_qm_engine:btc_ptmc_rep_cold,4.0000000000
METRIC,2026-04-17T23:02:18Z,17158791858254,2336,btc_qm_engine:btc_ptmc_accept,1.0000000000
METRIC,2026-04-17T23:02:18Z,17158791885724,2336,btc_qm_engine:btc_ptmc_rep_hot,6.0000000000
METRIC,2026-04-17T23:02:18Z,17158791921314,2336,btc_qm_engine:btc_ptmc_rep_cold,5.0000000000
METRIC,2026-04-17T23:02:18Z,17158791948774,2336,btc_qm_engine:btc_ptmc_accept,1.0000000000
METRIC,2026-04-17T23:02:18Z,17158791975554,2336,btc_qm_engine:btc_ptmc_rep_hot,7.0000000000
METRIC,2026-04-17T23:02:18Z,17158792056824,2336,btc_qm_engine:btc_ptmc_rep_cold,6.0000000000
METRIC,2026-04-17T23:02:18Z,17158792086254,2336,btc_qm_engine:btc_ptmc_accept,1.0000000000
METRIC,2026-04-17T23:02:19Z,17158894554002,2336,btc_qm_engine:btc_ptmc_rep_hot,1.0000000000
METRIC,2026-04-17T23:02:19Z,17158894635402,2336,btc_qm_engine:btc_ptmc_rep_cold,0.0000000000
METRIC,2026-04-17T23:02:19Z,17158894667082,2336,btc_qm_engine:btc_ptmc_accept,0.5134171190
METRIC,2026-04-17T23:02:19Z,17158894695742,2336,btc_qm_engine:btc_ptmc_rep_hot,2.0000000000
METRIC,2026-04-17T23:02:19Z,17158894721882,2336,btc_qm_engine:btc_ptmc_rep_cold,1.0000000000
METRIC,2026-04-17T23:02:19Z,17158894751812,2336,btc_qm_engine:btc_ptmc_accept,0.7165313106
METRIC,2026-04-17T23:02:19Z,17158894796402,2336,btc_qm_engine:btc_ptmc_rep_hot,3.0000000000
METRIC,2026-04-17T23:02:19Z,17158894842332,2336,btc_qm_engine:btc_ptmc_rep_cold,2.0000000000
METRIC,2026-04-17T23:02:19Z,17158894865282,2336,btc_qm_engine:btc_ptmc_accept,1.0000000000
METRIC,2026-04-17T23:02:19Z,17158894898102,2336,btc_qm_engine:btc_ptmc_rep_hot,4.0000000000
METRIC,2026-04-17T23:02:19Z,17158894922302,2336,btc_qm_engine:btc_ptmc_rep_cold,3.0000000000
METRIC,2026-04-17T23:02:19Z,17158894952632,2336,btc_qm_engine:btc_ptmc_accept,0.9048374180
METRIC,2026-04-17T23:02:19Z,17158894983802,2336,btc_qm_engine:btc_ptmc_rep_hot,5.0000000000
METRIC,2026-04-17T23:02:19Z,17158895030732,2336,btc_qm_engine:btc_ptmc_rep_cold,4.0000000000
METRIC,2026-04-17T23:02:19Z,17158895060312,2336,btc_qm_engine:btc_ptmc_accept,0.9394130628
METRIC,2026-04-17T23:02:19Z,17158895088762,2336,btc_qm_engine:btc_ptmc_rep_hot,6.0000000000
METRIC,2026-04-17T23:02:19Z,17158895116372,2336,btc_qm_engine:btc_ptmc_rep_cold,5.0000000000
METRIC,2026-04-17T23:02:19Z,17158895145992,2336,btc_qm_engine:btc_ptmc_accept,0.9642895790
METRIC,2026-04-17T23:02:19Z,17158895174372,2336,btc_qm_engine:btc_ptmc_rep_hot,7.0000000000
METRIC,2026-04-17T23:02:19Z,17158895200902,2336,btc_qm_engine:btc_ptmc_rep_cold,6.0000000000
METRIC,2026-04-17T23:02:19Z,17158895228242,2336,btc_qm_engine:btc_ptmc_accept,0.9767452464
METRIC,2026-04-17T23:02:19Z,17158998813990,2336,btc_qm_engine:btc_ptmc_rep_hot,1.0000000000
METRIC,2026-04-17T23:02:19Z,17158998881020,2336,btc_qm_engine:btc_ptmc_rep_cold,0.0000000000
METRIC,2026-04-17T23:02:19Z,17158998904190,2336,btc_qm_engine:btc_ptmc_accept,1.0000000000
METRIC,2026-04-17T23:02:19Z,17158998931860,2336,btc_qm_engine:btc_ptmc_rep_hot,2.0000000000
METRIC,2026-04-17T23:02:19Z,17158998954490,2336,btc_qm_engine:btc_ptmc_rep_cold,1.0000000000
METRIC,2026-04-17T23:02:19Z,17158998976730,2336,btc_qm_engine:btc_ptmc_accept,1.0000000000
METRIC,2026-04-17T23:02:19Z,17158999000130,2336,btc_qm_engine:btc_ptmc_rep_hot,3.0000000000
METRIC,2026-04-17T23:02:19Z,17158999034950,2336,btc_qm_engine:btc_ptmc_rep_cold,2.0000000000
METRIC,2026-04-17T23:02:19Z,17158999055600,2336,btc_qm_engine:btc_ptmc_accept,1.0000000000
METRIC,2026-04-17T23:02:19Z,17158999080280,2336,btc_qm_engine:btc_ptmc_rep_hot,4.0000000000
METRIC,2026-04-17T23:02:19Z,17158999102460,2336,btc_qm_engine:btc_ptmc_rep_cold,3.0000000000
METRIC,2026-04-17T23:02:19Z,17158999124520,2336,btc_qm_engine:btc_ptmc_accept,1.0000000000
METRIC,2026-04-17T23:02:19Z,17158999146620,2336,btc_qm_engine:btc_ptmc_rep_hot,5.0000000000
METRIC,2026-04-17T23:02:19Z,17158999168700,2336,btc_qm_engine:btc_ptmc_rep_cold,4.0000000000
METRIC,2026-04-17T23:02:19Z,17158999189770,2336,btc_qm_engine:btc_ptmc_accept,1.0000000000
METRIC,2026-04-17T23:02:19Z,17158999219750,2336,btc_qm_engine:btc_ptmc_rep_hot,6.0000000000
METRIC,2026-04-17T23:02:19Z,17158999247900,2336,btc_qm_engine:btc_ptmc_rep_cold,5.0000000000
METRIC,2026-04-17T23:02:19Z,17158999282860,2336,btc_qm_engine:btc_ptmc_accept,1.0000000000
METRIC,2026-04-17T23:02:19Z,17158999309930,2336,btc_qm_engine:btc_ptmc_rep_hot,7.0000000000
METRIC,2026-04-17T23:02:19Z,17158999332360,2336,btc_qm_engine:btc_ptmc_rep_cold,6.0000000000
METRIC,2026-04-17T23:02:19Z,17158999354470,2336,btc_qm_engine:btc_ptmc_accept,1.0000000000
METRIC,2026-04-17T23:02:19Z,17159099065978,2336,btc_qm_engine:btc_ptmc_rep_hot,1.0000000000
METRIC,2026-04-17T23:02:19Z,17159099153978,2336,btc_qm_engine:btc_ptmc_rep_cold,0.0000000000
METRIC,2026-04-17T23:02:19Z,17159099182808,2336,btc_qm_engine:btc_ptmc_accept,-0.5135063048
METRIC,2026-04-17T23:02:19Z,17159099216318,2336,btc_qm_engine:btc_ptmc_rep_hot,2.0000000000
METRIC,2026-04-17T23:02:19Z,17159099242468,2336,btc_qm_engine:btc_ptmc_rep_cold,1.0000000000
METRIC,2026-04-17T23:02:19Z,17159099271978,2336,btc_qm_engine:btc_ptmc_accept,1.0000000000
METRIC,2026-04-17T23:02:19Z,17159099302768,2336,btc_qm_engine:btc_ptmc_rep_hot,3.0000000000
METRIC,2026-04-17T23:02:19Z,17159099358028,2336,btc_qm_engine:btc_ptmc_rep_cold,2.0000000000
METRIC,2026-04-17T23:02:19Z,17159099385158,2336,btc_qm_engine:btc_ptmc_accept,1.0000000000
METRIC,2026-04-17T23:02:19Z,17159099411458,2336,btc_qm_engine:btc_ptmc_rep_hot,4.0000000000
METRIC,2026-04-17T23:02:19Z,17159099464588,2336,btc_qm_engine:btc_ptmc_rep_cold,3.0000000000
METRIC,2026-04-17T23:02:19Z,17159099490748,2336,btc_qm_engine:btc_ptmc_accept,1.0000000000
METRIC,2026-04-17T23:02:19Z,17159099516838,2336,btc_qm_engine:btc_ptmc_rep_hot,5.0000000000
METRIC,2026-04-17T23:02:19Z,17159099543358,2336,btc_qm_engine:btc_ptmc_rep_cold,4.0000000000
METRIC,2026-04-17T23:02:19Z,17159099571538,2336,btc_qm_engine:btc_ptmc_accept,1.0000000000
METRIC,2026-04-17T23:02:19Z,17159099597898,2336,btc_qm_engine:btc_ptmc_rep_hot,6.0000000000
METRIC,2026-04-17T23:02:19Z,17159099625548,2336,btc_qm_engine:btc_ptmc_rep_cold,5.0000000000
METRIC,2026-04-17T23:02:19Z,17159099653228,2336,btc_qm_engine:btc_ptmc_accept,1.0000000000
METRIC,2026-04-17T23:02:19Z,17159099679518,2336,btc_qm_engine:btc_ptmc_rep_hot,7.0000000000
METRIC,2026-04-17T23:02:19Z,17159099708198,2336,btc_qm_engine:btc_ptmc_rep_cold,6.0000000000
METRIC,2026-04-17T23:02:19Z,17159099734958,2336,btc_qm_engine:btc_ptmc_accept,1.0000000000
METRIC,2026-04-17T23:02:19Z,17159158585897,2336,btc_qm_engine:btc_nx48_delta_nonce_old,50.0000000000
METRIC,2026-04-17T23:02:19Z,17159158670287,2336,btc_qm_engine:btc_nx48_delta_nonce_new,50.0000000000
METRIC,2026-04-17T23:02:19Z,17159158699707,2336,btc_qm_engine:btc_nx48_batch_old,4.0000000000
METRIC,2026-04-17T23:02:19Z,17159158726687,2336,btc_qm_engine:btc_nx48_batch_new,4.0000000000
METRIC,2026-04-17T23:02:19Z,17159158758617,2336,btc_qm_engine:btc_nx48_loss,0.2889633590
METRIC,2026-04-17T23:02:19Z,17159158786457,2336,btc_qm_engine:btc_nx48_grad_norm,0.0948583474
METRIC,2026-04-17T23:02:19Z,17159158812477,2336,btc_qm_engine:btc_nx48_update_count,3254.0000000000
METRIC,2026-04-17T23:02:19Z,17159158850837,2336,btc_qm_engine:btc_nx48_exploration_bias,0.8637389411
METRIC,2026-04-17T23:02:19Z,17159158884127,2336,btc_qm_engine:btc_nx48_dual_blend,0.2000000000
METRIC,2026-04-17T23:02:19Z,17159158912847,2336,btc_qm_engine:btc_hashrate_mhs,0.8912440705
METRIC,2026-04-17T23:02:19Z,17159158943727,2336,btc_qm_engine:btc_hashrate_thread_id,0.0000000000
METRIC,2026-04-17T23:02:19Z,17159162404387,2336,btc_qm_engine:btc_hashrate_mhs,0.8910175055
METRIC,2026-04-17T23:02:19Z,17159162467887,2336,btc_qm_engine:btc_hashrate_thread_id,1.0000000000
METRIC,2026-04-17T23:02:19Z,17159199677006,2336,btc_qm_engine:btc_ptmc_rep_hot,1.0000000000
METRIC,2026-04-17T23:02:19Z,17159199734476,2336,btc_qm_engine:btc_ptmc_rep_cold,0.0000000000
METRIC,2026-04-17T23:02:19Z,17159199757656,2336,btc_qm_engine:btc_ptmc_accept,-0.2638029098
METRIC,2026-04-17T23:02:19Z,17159199783676,2336,btc_qm_engine:btc_ptmc_rep_hot,2.0000000000
METRIC,2026-04-17T23:02:19Z,17159199806506,2336,btc_qm_engine:btc_ptmc_rep_cold,1.0000000000
METRIC,2026-04-17T23:02:19Z,17159199828916,2336,btc_qm_engine:btc_ptmc_accept,1.0000000000
METRIC,2026-04-17T23:02:19Z,17159199863886,2336,btc_qm_engine:btc_ptmc_rep_hot,3.0000000000
METRIC,2026-04-17T23:02:19Z,17159199893226,2336,btc_qm_engine:btc_ptmc_rep_cold,2.0000000000
METRIC,2026-04-17T23:02:19Z,17159199914576,2336,btc_qm_engine:btc_ptmc_accept,1.0000000000
METRIC,2026-04-17T23:02:19Z,17159199935566,2336,btc_qm_engine:btc_ptmc_rep_hot,4.0000000000
METRIC,2026-04-17T23:02:19Z,17159199958016,2336,btc_qm_engine:btc_ptmc_rep_cold,3.0000000000
METRIC,2026-04-17T23:02:19Z,17159199978776,2336,btc_qm_engine:btc_ptmc_accept,1.0000000000
METRIC,2026-04-17T23:02:19Z,17159200013446,2336,btc_qm_engine:btc_ptmc_rep_hot,5.0000000000
METRIC,2026-04-17T23:02:19Z,17159200034776,2336,btc_qm_engine:btc_ptmc_rep_cold,4.0000000000
METRIC,2026-04-17T23:02:19Z,17159200055376,2336,btc_qm_engine:btc_ptmc_accept,1.0000000000
METRIC,2026-04-17T23:02:19Z,17159200075926,2336,btc_qm_engine:btc_ptmc_rep_hot,6.0000000000
METRIC,2026-04-17T23:02:19Z,17159200098356,2336,btc_qm_engine:btc_ptmc_rep_cold,5.0000000000
METRIC,2026-04-17T23:02:19Z,17159200118896,2336,btc_qm_engine:btc_ptmc_accept,1.0000000000
METRIC,2026-04-17T23:02:19Z,17159200141306,2336,btc_qm_engine:btc_ptmc_rep_hot,7.0000000000
METRIC,2026-04-17T23:02:19Z,17159200165536,2336,btc_qm_engine:btc_ptmc_rep_cold,6.0000000000
METRIC,2026-04-17T23:02:19Z,17159200208216,2336,btc_qm_engine:btc_ptmc_accept,1.0000000000
METRIC,2026-04-17T23:02:19Z,17159300660314,2336,btc_qm_engine:btc_ptmc_rep_hot,1.0000000000
METRIC,2026-04-17T23:02:19Z,17159300729304,2336,btc_qm_engine:btc_ptmc_rep_cold,0.0000000000
METRIC,2026-04-17T23:02:19Z,17159300755024,2336,btc_qm_engine:btc_ptmc_accept,1.0000000000
METRIC,2026-04-17T23:02:19Z,17159300783014,2336,btc_qm_engine:btc_ptmc_rep_hot,2.0000000000
METRIC,2026-04-17T23:02:19Z,17159300808274,2336,btc_qm_engine:btc_ptmc_rep_cold,1.0000000000
METRIC,2026-04-17T23:02:19Z,17159300829024,2336,btc_qm_engine:btc_ptmc_accept,1.0000000000
METRIC,2026-04-17T23:02:19Z,17159300851654,2336,btc_qm_engine:btc_ptmc_rep_hot,3.0000000000
METRIC,2026-04-17T23:02:19Z,17159300876714,2336,btc_qm_engine:btc_ptmc_rep_cold,2.0000000000
METRIC,2026-04-17T23:02:19Z,17159300905924,2336,btc_qm_engine:btc_ptmc_accept,1.0000000000
METRIC,2026-04-17T23:02:19Z,17159300933494,2336,btc_qm_engine:btc_ptmc_rep_hot,4.0000000000
METRIC,2026-04-17T23:02:19Z,17159300956204,2336,btc_qm_engine:btc_ptmc_rep_cold,3.0000000000
METRIC,2026-04-17T23:02:19Z,17159300977424,2336,btc_qm_engine:btc_ptmc_accept,1.0000000000
METRIC,2026-04-17T23:02:19Z,17159300999814,2336,btc_qm_engine:btc_ptmc_rep_hot,5.0000000000
METRIC,2026-04-17T23:02:19Z,17159301032284,2336,btc_qm_engine:btc_ptmc_rep_cold,4.0000000000
METRIC,2026-04-17T23:02:19Z,17159301054584,2336,btc_qm_engine:btc_ptmc_accept,1.0000000000
METRIC,2026-04-17T23:02:19Z,17159301076884,2336,btc_qm_engine:btc_ptmc_rep_hot,6.0000000000
METRIC,2026-04-17T23:02:19Z,17159301099634,2336,btc_qm_engine:btc_ptmc_rep_cold,5.0000000000
METRIC,2026-04-17T23:02:19Z,17159301121784,2336,btc_qm_engine:btc_ptmc_accept,1.0000000000
METRIC,2026-04-17T23:02:19Z,17159301144074,2336,btc_qm_engine:btc_ptmc_rep_hot,7.0000000000
METRIC,2026-04-17T23:02:19Z,17159301166034,2336,btc_qm_engine:btc_ptmc_rep_cold,6.0000000000
METRIC,2026-04-17T23:02:19Z,17159301188144,2336,btc_qm_engine:btc_ptmc_accept,1.0000000000
METRIC,2026-04-17T23:02:19Z,17159404690152,2336,btc_qm_engine:btc_ptmc_rep_hot,1.0000000000
METRIC,2026-04-17T23:02:19Z,17159404759912,2336,btc_qm_engine:btc_ptmc_rep_cold,0.0000000000
METRIC,2026-04-17T23:02:19Z,17159404783312,2336,btc_qm_engine:btc_ptmc_accept,1.0000000000
METRIC,2026-04-17T23:02:19Z,17159404810412,2336,btc_qm_engine:btc_ptmc_rep_hot,2.0000000000
METRIC,2026-04-17T23:02:19Z,17159404832802,2336,btc_qm_engine:btc_ptmc_rep_cold,1.0000000000
METRIC,2026-04-17T23:02:19Z,17159404854992,2336,btc_qm_engine:btc_ptmc_accept,1.0000000000
METRIC,2026-04-17T23:02:19Z,17159404878752,2336,btc_qm_engine:btc_ptmc_rep_hot,3.0000000000
METRIC,2026-04-17T23:02:19Z,17159404900912,2336,btc_qm_engine:btc_ptmc_rep_cold,2.0000000000
METRIC,2026-04-17T23:02:19Z,17159404923442,2336,btc_qm_engine:btc_ptmc_accept,1.0000000000
METRIC,2026-04-17T23:02:19Z,17159404952932,2336,btc_qm_engine:btc_ptmc_rep_hot,4.0000000000
METRIC,2026-04-17T23:02:19Z,17159404988312,2336,btc_qm_engine:btc_ptmc_rep_cold,3.0000000000
METRIC,2026-04-17T23:02:19Z,17159405060962,2336,btc_qm_engine:btc_ptmc_accept,1.0000000000
METRIC,2026-04-17T23:02:19Z,17159405090422,2336,btc_qm_engine:btc_ptmc_rep_hot,5.0000000000
METRIC,2026-04-17T23:02:19Z,17159405114212,2336,btc_qm_engine:btc_ptmc_rep_cold,4.0000000000
METRIC,2026-04-17T23:02:19Z,17159405139892,2336,btc_qm_engine:btc_ptmc_accept,1.0000000000
METRIC,2026-04-17T23:02:19Z,17159405169762,2336,btc_qm_engine:btc_ptmc_rep_hot,6.0000000000
METRIC,2026-04-17T23:02:19Z,17159405193642,2336,btc_qm_engine:btc_ptmc_rep_cold,5.0000000000
METRIC,2026-04-17T23:02:19Z,17159405214682,2336,btc_qm_engine:btc_ptmc_accept,1.0000000000
METRIC,2026-04-17T23:02:19Z,17159405237382,2336,btc_qm_engine:btc_ptmc_rep_hot,7.0000000000
METRIC,2026-04-17T23:02:19Z,17159405264222,2336,btc_qm_engine:btc_ptmc_rep_cold,6.0000000000
METRIC,2026-04-17T23:02:19Z,17159405285092,2336,btc_qm_engine:btc_ptmc_accept,1.0000000000
METRIC,2026-04-17T23:02:19Z,17159506412730,2336,btc_qm_engine:btc_ptmc_rep_hot,1.0000000000
METRIC,2026-04-17T23:02:19Z,17159506507460,2336,btc_qm_engine:btc_ptmc_rep_cold,0.0000000000
METRIC,2026-04-17T23:02:19Z,17159506534920,2336,btc_qm_engine:btc_ptmc_accept,0.5135063048
METRIC,2026-04-17T23:02:19Z,17159506563320,2336,btc_qm_engine:btc_ptmc_rep_hot,2.0000000000
METRIC,2026-04-17T23:02:19Z,17159506586170,2336,btc_qm_engine:btc_ptmc_rep_cold,1.0000000000
METRIC,2026-04-17T23:02:19Z,17159506606940,2336,btc_qm_engine:btc_ptmc_accept,1.0000000000
METRIC,2026-04-17T23:02:19Z,17159506631680,2336,btc_qm_engine:btc_ptmc_rep_hot,3.0000000000
METRIC,2026-04-17T23:02:19Z,17159506653960,2336,btc_qm_engine:btc_ptmc_rep_cold,2.0000000000
METRIC,2026-04-17T23:02:19Z,17159506676080,2336,btc_qm_engine:btc_ptmc_accept,-0.8464909161
METRIC,2026-04-17T23:02:19Z,17159506699030,2336,btc_qm_engine:btc_ptmc_rep_hot,4.0000000000
METRIC,2026-04-17T23:02:19Z,17159506722670,2336,btc_qm_engine:btc_ptmc_rep_cold,3.0000000000
METRIC,2026-04-17T23:02:19Z,17159506744840,2336,btc_qm_engine:btc_ptmc_accept,1.0000000000
METRIC,2026-04-17T23:02:19Z,17159506767250,2336,btc_qm_engine:btc_ptmc_rep_hot,5.0000000000
METRIC,2026-04-17T23:02:19Z,17159506792500,2336,btc_qm_engine:btc_ptmc_rep_cold,4.0000000000
METRIC,2026-04-17T23:02:19Z,17159506822450,2336,btc_qm_engine:btc_ptmc_accept,1.0000000000
METRIC,2026-04-17T23:02:19Z,17159506852960,2336,btc_qm_engine:btc_ptmc_rep_hot,6.0000000000
METRIC,2026-04-17T23:02:19Z,17159506875810,2336,btc_qm_engine:btc_ptmc_rep_cold,5.0000000000
METRIC,2026-04-17T23:02:19Z,17159506899510,2336,btc_qm_engine:btc_ptmc_accept,1.0000000000
METRIC,2026-04-17T23:02:19Z,17159506921930,2336,btc_qm_engine:btc_ptmc_rep_hot,7.0000000000
METRIC,2026-04-17T23:02:19Z,17159506944060,2336,btc_qm_engine:btc_ptmc_rep_cold,6.0000000000
METRIC,2026-04-17T23:02:19Z,17159506966140,2336,btc_qm_engine:btc_ptmc_accept,1.0000000000
METRIC,2026-04-17T23:02:19Z,17159608910828,2336,btc_qm_engine:btc_ptmc_rep_hot,1.0000000000
METRIC,2026-04-17T23:02:19Z,17159609046718,2336,btc_qm_engine:btc_ptmc_rep_cold,0.0000000000
METRIC,2026-04-17T23:02:19Z,17159609098178,2336,btc_qm_engine:btc_ptmc_accept,1.0000000000
METRIC,2026-04-17T23:02:19Z,17159609146948,2336,btc_qm_engine:btc_ptmc_rep_hot,2.0000000000
METRIC,2026-04-17T23:02:19Z,17159609180598,2336,btc_qm_engine:btc_ptmc_rep_cold,1.0000000000
METRIC,2026-04-17T23:02:19Z,17159609207538,2336,btc_qm_engine:btc_ptmc_accept,1.0000000000
METRIC,2026-04-17T23:02:19Z,17159609240978,2336,btc_qm_engine:btc_ptmc_rep_hot,3.0000000000
METRIC,2026-04-17T23:02:19Z,17159609271178,2336,btc_qm_engine:btc_ptmc_rep_cold,2.0000000000
METRIC,2026-04-17T23:02:19Z,17159609300508,2336,btc_qm_engine:btc_ptmc_accept,0.8464817249
METRIC,2026-04-17T23:02:19Z,17159609330698,2336,btc_qm_engine:btc_ptmc_rep_hot,4.0000000000
METRIC,2026-04-17T23:02:19Z,17159609356938,2336,btc_qm_engine:btc_ptmc_rep_cold,3.0000000000
METRIC,2026-04-17T23:02:19Z,17159609386378,2336,btc_qm_engine:btc_ptmc_accept,-0.9048374180
METRIC,2026-04-17T23:02:19Z,17159609416058,2336,btc_qm_engine:btc_ptmc_rep_hot,5.0000000000
METRIC,2026-04-17T23:02:19Z,17159609445398,2336,btc_qm_engine:btc_ptmc_rep_cold,4.0000000000
METRIC,2026-04-17T23:02:19Z,17159609475188,2336,btc_qm_engine:btc_ptmc_accept,1.0000000000
METRIC,2026-04-17T23:02:19Z,17159609515778,2336,btc_qm_engine:btc_ptmc_rep_hot,6.0000000000
METRIC,2026-04-17T23:02:19Z,17159609554168,2336,btc_qm_engine:btc_ptmc_rep_cold,5.0000000000
METRIC,2026-04-17T23:02:19Z,17159609585978,2336,btc_qm_engine:btc_ptmc_accept,1.0000000000
METRIC,2026-04-17T23:02:19Z,17159609630768,2336,btc_qm_engine:btc_ptmc_rep_hot,7.0000000000
METRIC,2026-04-17T23:02:19Z,17159609671088,2336,btc_qm_engine:btc_ptmc_rep_cold,6.0000000000
METRIC,2026-04-17T23:02:19Z,17159609700808,2336,btc_qm_engine:btc_ptmc_accept,1.0000000000
METRIC,2026-04-17T23:02:19Z,17159712740276,2336,btc_qm_engine:btc_ptmc_rep_hot,1.0000000000
METRIC,2026-04-17T23:02:19Z,17159712813386,2336,btc_qm_engine:btc_ptmc_rep_cold,0.0000000000
METRIC,2026-04-17T23:02:19Z,17159712836776,2336,btc_qm_engine:btc_ptmc_accept,1.0000000000
METRIC,2026-04-17T23:02:19Z,17159712863446,2336,btc_qm_engine:btc_ptmc_rep_hot,2.0000000000
METRIC,2026-04-17T23:02:19Z,17159712909516,2336,btc_qm_engine:btc_ptmc_rep_cold,1.0000000000
METRIC,2026-04-17T23:02:19Z,17159712931066,2336,btc_qm_engine:btc_ptmc_accept,0.7165001846
METRIC,2026-04-17T23:02:19Z,17159712957476,2336,btc_qm_engine:btc_ptmc_rep_hot,3.0000000000
METRIC,2026-04-17T23:02:19Z,17159712980286,2336,btc_qm_engine:btc_ptmc_rep_cold,2.0000000000
METRIC,2026-04-17T23:02:19Z,17159713026716,2336,btc_qm_engine:btc_ptmc_accept,1.0000000000
METRIC,2026-04-17T23:02:19Z,17159713050876,2336,btc_qm_engine:btc_ptmc_rep_hot,4.0000000000
METRIC,2026-04-17T23:02:19Z,17159713073126,2336,btc_qm_engine:btc_ptmc_rep_cold,3.0000000000
METRIC,2026-04-17T23:02:19Z,17159713096416,2336,btc_qm_engine:btc_ptmc_accept,0.9048338808
METRIC,2026-04-17T23:02:19Z,17159713124416,2336,btc_qm_engine:btc_ptmc_rep_hot,5.0000000000
METRIC,2026-04-17T23:02:19Z,17159713152776,2336,btc_qm_engine:btc_ptmc_rep_cold,4.0000000000
METRIC,2026-04-17T23:02:19Z,17159713176516,2336,btc_qm_engine:btc_ptmc_accept,0.9394116283
METRIC,2026-04-17T23:02:19Z,17159713202026,2336,btc_qm_engine:btc_ptmc_rep_hot,6.0000000000
METRIC,2026-04-17T23:02:19Z,17159713233216,2336,btc_qm_engine:btc_ptmc_rep_cold,5.0000000000
METRIC,2026-04-17T23:02:19Z,17159713263946,2336,btc_qm_engine:btc_ptmc_accept,0.9642890805
METRIC,2026-04-17T23:02:19Z,17159713295186,2336,btc_qm_engine:btc_ptmc_rep_hot,7.0000000000
METRIC,2026-04-17T23:02:19Z,17159713325256,2336,btc_qm_engine:btc_ptmc_rep_cold,6.0000000000
METRIC,2026-04-17T23:02:19Z,17159713352646,2336,btc_qm_engine:btc_ptmc_accept,0.9767450351
METRIC,2026-04-17T23:02:20Z,17159813188754,2336,btc_qm_engine:btc_ptmc_rep_hot,1.0000000000
METRIC,2026-04-17T23:02:20Z,17159813262064,2336,btc_qm_engine:btc_ptmc_rep_cold,0.0000000000
METRIC,2026-04-17T23:02:20Z,17159813285664,2336,btc_qm_engine:btc_ptmc_accept,0.5135063048
METRIC,2026-04-17T23:02:20Z,17159813312034,2336,btc_qm_engine:btc_ptmc_rep_hot,2.0000000000
METRIC,2026-04-17T23:02:20Z,17159813333934,2336,btc_qm_engine:btc_ptmc_rep_cold,1.0000000000
METRIC,2026-04-17T23:02:20Z,17159813356994,2336,btc_qm_engine:btc_ptmc_accept,1.0000000000
METRIC,2026-04-17T23:02:20Z,17159813380534,2336,btc_qm_engine:btc_ptmc_rep_hot,3.0000000000
METRIC,2026-04-17T23:02:20Z,17159813402794,2336,btc_qm_engine:btc_ptmc_rep_cold,2.0000000000
METRIC,2026-04-17T23:02:20Z,17159813433724,2336,btc_qm_engine:btc_ptmc_accept,0.8464702621
METRIC,2026-04-17T23:02:20Z,17159813469634,2336,btc_qm_engine:btc_ptmc_rep_hot,4.0000000000
METRIC,2026-04-17T23:02:20Z,17159813490484,2336,btc_qm_engine:btc_ptmc_rep_cold,3.0000000000
METRIC,2026-04-17T23:02:20Z,17159813511214,2336,btc_qm_engine:btc_ptmc_accept,0.9048330071
METRIC,2026-04-17T23:02:20Z,17159813535244,2336,btc_qm_engine:btc_ptmc_rep_hot,5.0000000000
METRIC,2026-04-17T23:02:20Z,17159813557914,2336,btc_qm_engine:btc_ptmc_rep_cold,4.0000000000
METRIC,2026-04-17T23:02:20Z,17159813580284,2336,btc_qm_engine:btc_ptmc_accept,0.9394112740
METRIC,2026-04-17T23:02:20Z,17159813601894,2336,btc_qm_engine:btc_ptmc_rep_hot,6.0000000000
METRIC,2026-04-17T23:02:20Z,17159813629284,2336,btc_qm_engine:btc_ptmc_rep_cold,5.0000000000
METRIC,2026-04-17T23:02:20Z,17159813666724,2336,btc_qm_engine:btc_ptmc_accept,0.9642889574
METRIC,2026-04-17T23:02:20Z,17159813699664,2336,btc_qm_engine:btc_ptmc_rep_hot,7.0000000000
METRIC,2026-04-17T23:02:20Z,17159813722544,2336,btc_qm_engine:btc_ptmc_rep_cold,6.0000000000
METRIC,2026-04-17T23:02:20Z,17159813744974,2336,btc_qm_engine:btc_ptmc_accept,1.0000000000
METRIC,2026-04-17T23:02:20Z,17159914338862,2336,btc_qm_engine:btc_ptmc_rep_hot,1.0000000000
METRIC,2026-04-17T23:02:20Z,17159914413372,2336,btc_qm_engine:btc_ptmc_rep_cold,0.0000000000
METRIC,2026-04-17T23:02:20Z,17159914436772,2336,btc_qm_engine:btc_ptmc_accept,1.0000000000
METRIC,2026-04-17T23:02:20Z,17159914462192,2336,btc_qm_engine:btc_ptmc_rep_hot,2.0000000000
METRIC,2026-04-17T23:02:20Z,17159914485092,2336,btc_qm_engine:btc_ptmc_rep_cold,1.0000000000
METRIC,2026-04-17T23:02:20Z,17159914505922,2336,btc_qm_engine:btc_ptmc_accept,1.0000000000
METRIC,2026-04-17T23:02:20Z,17159914556492,2336,btc_qm_engine:btc_ptmc_rep_hot,3.0000000000
METRIC,2026-04-17T23:02:20Z,17159914578002,2336,btc_qm_engine:btc_ptmc_rep_cold,2.0000000000
METRIC,2026-04-17T23:02:20Z,17159914603272,2336,btc_qm_engine:btc_ptmc_accept,1.0000000000
METRIC,2026-04-17T23:02:20Z,17159914626172,2336,btc_qm_engine:btc_ptmc_rep_hot,4.0000000000
METRIC,2026-04-17T23:02:20Z,17159914648762,2336,btc_qm_engine:btc_ptmc_rep_cold,3.0000000000
METRIC,2026-04-17T23:02:20Z,17159914669552,2336,btc_qm_engine:btc_ptmc_accept,1.0000000000
METRIC,2026-04-17T23:02:20Z,17159914692062,2336,btc_qm_engine:btc_ptmc_rep_hot,5.0000000000
METRIC,2026-04-17T23:02:20Z,17159914712592,2336,btc_qm_engine:btc_ptmc_rep_cold,4.0000000000
METRIC,2026-04-17T23:02:20Z,17159914734982,2336,btc_qm_engine:btc_ptmc_accept,1.0000000000
METRIC,2026-04-17T23:02:20Z,17159914757972,2336,btc_qm_engine:btc_ptmc_rep_hot,6.0000000000
METRIC,2026-04-17T23:02:20Z,17159914780252,2336,btc_qm_engine:btc_ptmc_rep_cold,5.0000000000
METRIC,2026-04-17T23:02:20Z,17159914801142,2336,btc_qm_engine:btc_ptmc_accept,1.0000000000
METRIC,2026-04-17T23:02:20Z,17159914823402,2336,btc_qm_engine:btc_ptmc_rep_hot,7.0000000000
METRIC,2026-04-17T23:02:20Z,17159914845722,2336,btc_qm_engine:btc_ptmc_rep_cold,6.0000000000
METRIC,2026-04-17T23:02:20Z,17159914866402,2336,btc_qm_engine:btc_ptmc_accept,1.0000000000
METRIC,2026-04-17T23:02:20Z,17160016932980,2336,btc_qm_engine:btc_ptmc_rep_hot,1.0000000000
METRIC,2026-04-17T23:02:20Z,17160017038920,2336,btc_qm_engine:btc_ptmc_rep_cold,0.0000000000
METRIC,2026-04-17T23:02:20Z,17160017077600,2336,btc_qm_engine:btc_ptmc_accept,1.0000000000
METRIC,2026-04-17T23:02:20Z,17160017112390,2336,btc_qm_engine:btc_ptmc_rep_hot,2.0000000000
METRIC,2026-04-17T23:02:20Z,17160017142110,2336,btc_qm_engine:btc_ptmc_rep_cold,1.0000000000
METRIC,2026-04-17T23:02:20Z,17160017165490,2336,btc_qm_engine:btc_ptmc_accept,1.0000000000
METRIC,2026-04-17T23:02:20Z,17160017188160,2336,btc_qm_engine:btc_ptmc_rep_hot,3.0000000000
METRIC,2026-04-17T23:02:20Z,17160017221120,2336,btc_qm_engine:btc_ptmc_rep_cold,2.0000000000
METRIC,2026-04-17T23:02:20Z,17160017249890,2336,btc_qm_engine:btc_ptmc_accept,1.0000000000
METRIC,2026-04-17T23:02:20Z,17160017277360,2336,btc_qm_engine:btc_ptmc_rep_hot,4.0000000000
METRIC,2026-04-17T23:02:20Z,17160017308880,2336,btc_qm_engine:btc_ptmc_rep_cold,3.0000000000
METRIC,2026-04-17T23:02:20Z,17160017336980,2336,btc_qm_engine:btc_ptmc_accept,1.0000000000
METRIC,2026-04-17T23:02:20Z,17160017362760,2336,btc_qm_engine:btc_ptmc_rep_hot,5.0000000000
METRIC,2026-04-17T23:02:20Z,17160017392080,2336,btc_qm_engine:btc_ptmc_rep_cold,4.0000000000
METRIC,2026-04-17T23:02:20Z,17160017419630,2336,btc_qm_engine:btc_ptmc_accept,1.0000000000
METRIC,2026-04-17T23:02:20Z,17160017447660,2336,btc_qm_engine:btc_ptmc_rep_hot,6.0000000000
METRIC,2026-04-17T23:02:20Z,17160017474560,2336,btc_qm_engine:btc_ptmc_rep_cold,5.0000000000
METRIC,2026-04-17T23:02:20Z,17160017498130,2336,btc_qm_engine:btc_ptmc_accept,1.0000000000
METRIC,2026-04-17T23:02:20Z,17160017524840,2336,btc_qm_engine:btc_ptmc_rep_hot,7.0000000000
METRIC,2026-04-17T23:02:20Z,17160017563670,2336,btc_qm_engine:btc_ptmc_rep_cold,6.0000000000
METRIC,2026-04-17T23:02:20Z,17160017588650,2336,btc_qm_engine:btc_ptmc_accept,1.0000000000
METRIC,2026-04-17T23:02:20Z,17160118955118,2336,btc_qm_engine:btc_ptmc_rep_hot,1.0000000000
METRIC,2026-04-17T23:02:20Z,17160119153378,2336,btc_qm_engine:btc_ptmc_rep_cold,0.0000000000
METRIC,2026-04-17T23:02:20Z,17160119186578,2336,btc_qm_engine:btc_ptmc_accept,0.5136174742
METRIC,2026-04-17T23:02:20Z,17160119217658,2336,btc_qm_engine:btc_ptmc_rep_hot,2.0000000000
METRIC,2026-04-17T23:02:20Z,17160119248998,2336,btc_qm_engine:btc_ptmc_rep_cold,1.0000000000
METRIC,2026-04-17T23:02:20Z,17160119276188,2336,btc_qm_engine:btc_ptmc_accept,0.7165701146
METRIC,2026-04-17T23:02:20Z,17160119309018,2336,btc_qm_engine:btc_ptmc_rep_hot,3.0000000000
METRIC,2026-04-17T23:02:20Z,17160119336278,2336,btc_qm_engine:btc_ptmc_rep_cold,2.0000000000
METRIC,2026-04-17T23:02:20Z,17160119364818,2336,btc_qm_engine:btc_ptmc_accept,0.8464931860
METRIC,2026-04-17T23:02:20Z,17160119393288,2336,btc_qm_engine:btc_ptmc_rep_hot,4.0000000000
METRIC,2026-04-17T23:02:20Z,17160119422948,2336,btc_qm_engine:btc_ptmc_rep_cold,3.0000000000
METRIC,2026-04-17T23:02:20Z,17160119450608,2336,btc_qm_engine:btc_ptmc_accept,1.0000000000
METRIC,2026-04-17T23:02:20Z,17160119479778,2336,btc_qm_engine:btc_ptmc_rep_hot,5.0000000000
METRIC,2026-04-17T23:02:20Z,17160119508678,2336,btc_qm_engine:btc_ptmc_rep_cold,4.0000000000
METRIC,2026-04-17T23:02:20Z,17160119537978,2336,btc_qm_engine:btc_ptmc_accept,1.0000000000
METRIC,2026-04-17T23:02:20Z,17160119578578,2336,btc_qm_engine:btc_ptmc_rep_hot,6.0000000000
METRIC,2026-04-17T23:02:20Z,17160119616598,2336,btc_qm_engine:btc_ptmc_rep_cold,5.0000000000
METRIC,2026-04-17T23:02:20Z,17160119645828,2336,btc_qm_engine:btc_ptmc_accept,0.9642902005
METRIC,2026-04-17T23:02:20Z,17160119673748,2336,btc_qm_engine:btc_ptmc_rep_hot,7.0000000000
METRIC,2026-04-17T23:02:20Z,17160119701138,2336,btc_qm_engine:btc_ptmc_rep_cold,6.0000000000
METRIC,2026-04-17T23:02:20Z,17160119731258,2336,btc_qm_engine:btc_ptmc_accept,0.9767450351
METRIC,2026-04-17T23:02:20Z,17160221401856,2336,btc_qm_engine:btc_ptmc_rep_hot,1.0000000000
METRIC,2026-04-17T23:02:20Z,17160221477446,2336,btc_qm_engine:btc_ptmc_rep_cold,0.0000000000
METRIC,2026-04-17T23:02:20Z,17160221500606,2336,btc_qm_engine:btc_ptmc_accept,1.0000000000
METRIC,2026-04-17T23:02:20Z,17160221528136,2336,btc_qm_engine:btc_ptmc_rep_hot,2.0000000000
METRIC,2026-04-17T23:02:20Z,17160221551096,2336,btc_qm_engine:btc_ptmc_rep_cold,1.0000000000
METRIC,2026-04-17T23:02:20Z,17160221573836,2336,btc_qm_engine:btc_ptmc_accept,0.7165624298
METRIC,2026-04-17T23:02:20Z,17160221599996,2336,btc_qm_engine:btc_ptmc_rep_hot,3.0000000000
METRIC,2026-04-17T23:02:20Z,17160221622456,2336,btc_qm_engine:btc_ptmc_rep_cold,2.0000000000
METRIC,2026-04-17T23:02:20Z,17160221644806,2336,btc_qm_engine:btc_ptmc_accept,1.0000000000
METRIC,2026-04-17T23:02:20Z,17160221667046,2336,btc_qm_engine:btc_ptmc_rep_hot,4.0000000000
METRIC,2026-04-17T23:02:20Z,17160221689616,2336,btc_qm_engine:btc_ptmc_rep_cold,3.0000000000
METRIC,2026-04-17T23:02:20Z,17160221712066,2336,btc_qm_engine:btc_ptmc_accept,1.0000000000
METRIC,2026-04-17T23:02:20Z,17160221734496,2336,btc_qm_engine:btc_ptmc_rep_hot,5.0000000000
METRIC,2026-04-17T23:02:20Z,17160221757276,2336,btc_qm_engine:btc_ptmc_rep_cold,4.0000000000
METRIC,2026-04-17T23:02:20Z,17160221779696,2336,btc_qm_engine:btc_ptmc_accept,0.9394144973
METRIC,2026-04-17T23:02:20Z,17160221802466,2336,btc_qm_engine:btc_ptmc_rep_hot,6.0000000000
METRIC,2026-04-17T23:02:20Z,17160221827416,2336,btc_qm_engine:btc_ptmc_rep_cold,5.0000000000
METRIC,2026-04-17T23:02:20Z,17160221857096,2336,btc_qm_engine:btc_ptmc_accept,-0.9642900774
METRIC,2026-04-17T23:02:20Z,17160221883586,2336,btc_qm_engine:btc_ptmc_rep_hot,7.0000000000
METRIC,2026-04-17T23:02:20Z,17160221905226,2336,btc_qm_engine:btc_ptmc_rep_cold,6.0000000000
METRIC,2026-04-17T23:02:20Z,17160221926576,2336,btc_qm_engine:btc_ptmc_accept,1.0000000000
METRIC,2026-04-17T23:02:20Z,17160323480174,2336,btc_qm_engine:btc_ptmc_rep_hot,1.0000000000
METRIC,2026-04-17T23:02:20Z,17160323593234,2336,btc_qm_engine:btc_ptmc_rep_cold,0.0000000000
METRIC,2026-04-17T23:02:20Z,17160323624394,2336,btc_qm_engine:btc_ptmc_accept,1.0000000000
METRIC,2026-04-17T23:02:20Z,17160323659414,2336,btc_qm_engine:btc_ptmc_rep_hot,2.0000000000
METRIC,2026-04-17T23:02:20Z,17160323697384,2336,btc_qm_engine:btc_ptmc_rep_cold,1.0000000000
METRIC,2026-04-17T23:02:20Z,17160323726864,2336,btc_qm_engine:btc_ptmc_accept,1.0000000000
METRIC,2026-04-17T23:02:20Z,17160323759184,2336,btc_qm_engine:btc_ptmc_rep_hot,3.0000000000
METRIC,2026-04-17T23:02:20Z,17160323787054,2336,btc_qm_engine:btc_ptmc_rep_cold,2.0000000000
METRIC,2026-04-17T23:02:20Z,17160323821924,2336,btc_qm_engine:btc_ptmc_accept,1.0000000000
METRIC,2026-04-17T23:02:20Z,17160323853134,2336,btc_qm_engine:btc_ptmc_rep_hot,4.0000000000
METRIC,2026-04-17T23:02:20Z,17160323883614,2336,btc_qm_engine:btc_ptmc_rep_cold,3.0000000000
METRIC,2026-04-17T23:02:20Z,17160323910924,2336,btc_qm_engine:btc_ptmc_accept,1.0000000000
METRIC,2026-04-17T23:02:20Z,17160323937474,2336,btc_qm_engine:btc_ptmc_rep_hot,5.0000000000
METRIC,2026-04-17T23:02:20Z,17160323968064,2336,btc_qm_engine:btc_ptmc_rep_cold,4.0000000000
METRIC,2026-04-17T23:02:20Z,17160323995564,2336,btc_qm_engine:btc_ptmc_accept,1.0000000000
METRIC,2026-04-17T23:02:20Z,17160324036314,2336,btc_qm_engine:btc_ptmc_rep_hot,6.0000000000
METRIC,2026-04-17T23:02:20Z,17160324066754,2336,btc_qm_engine:btc_ptmc_rep_cold,5.0000000000
METRIC,2026-04-17T23:02:20Z,17160324094654,2336,btc_qm_engine:btc_ptmc_accept,1.0000000000
METRIC,2026-04-17T23:02:20Z,17160324121284,2336,btc_qm_engine:btc_ptmc_rep_hot,7.0000000000
METRIC,2026-04-17T23:02:20Z,17160324151244,2336,btc_qm_engine:btc_ptmc_rep_cold,6.0000000000
METRIC,2026-04-17T23:02:20Z,17160324178444,2336,btc_qm_engine:btc_ptmc_accept,1.0000000000
METRIC,2026-04-17T23:02:20Z,17160424889692,2336,btc_qm_engine:btc_ptmc_rep_hot,1.0000000000
METRIC,2026-04-17T23:02:20Z,17160424968842,2336,btc_qm_engine:btc_ptmc_rep_cold,0.0000000000
METRIC,2026-04-17T23:02:20Z,17160424992492,2336,btc_qm_engine:btc_ptmc_accept,1.0000000000
METRIC,2026-04-17T23:02:20Z,17160425045942,2336,btc_qm_engine:btc_ptmc_rep_hot,2.0000000000
METRIC,2026-04-17T23:02:20Z,17160425071372,2336,btc_qm_engine:btc_ptmc_rep_cold,1.0000000000
METRIC,2026-04-17T23:02:20Z,17160425092312,2336,btc_qm_engine:btc_ptmc_accept,1.0000000000
METRIC,2026-04-17T23:02:20Z,17160425126032,2336,btc_qm_engine:btc_ptmc_rep_hot,3.0000000000
METRIC,2026-04-17T23:02:20Z,17160425153722,2336,btc_qm_engine:btc_ptmc_rep_cold,2.0000000000
METRIC,2026-04-17T23:02:20Z,17160425178312,2336,btc_qm_engine:btc_ptmc_accept,1.0000000000
METRIC,2026-04-17T23:02:20Z,17160425207962,2336,btc_qm_engine:btc_ptmc_rep_hot,4.0000000000
METRIC,2026-04-17T23:02:20Z,17160425235912,2336,btc_qm_engine:btc_ptmc_rep_cold,3.0000000000
METRIC,2026-04-17T23:02:20Z,17160425312472,2336,btc_qm_engine:btc_ptmc_accept,1.0000000000
METRIC,2026-04-17T23:02:20Z,17160425375932,2336,btc_qm_engine:btc_ptmc_rep_hot,5.0000000000
METRIC,2026-04-17T23:02:20Z,17160425403752,2336,btc_qm_engine:btc_ptmc_rep_cold,4.0000000000
METRIC,2026-04-17T23:02:20Z,17160425424642,2336,btc_qm_engine:btc_ptmc_accept,1.0000000000
METRIC,2026-04-17T23:02:20Z,17160425445692,2336,btc_qm_engine:btc_ptmc_rep_hot,6.0000000000
METRIC,2026-04-17T23:02:20Z,17160425471112,2336,btc_qm_engine:btc_ptmc_rep_cold,5.0000000000
METRIC,2026-04-17T23:02:20Z,17160425492032,2336,btc_qm_engine:btc_ptmc_accept,1.0000000000
METRIC,2026-04-17T23:02:20Z,17160425512812,2336,btc_qm_engine:btc_ptmc_rep_hot,7.0000000000
METRIC,2026-04-17T23:02:20Z,17160425535452,2336,btc_qm_engine:btc_ptmc_rep_cold,6.0000000000
METRIC,2026-04-17T23:02:20Z,17160425559702,2336,btc_qm_engine:btc_ptmc_accept,1.0000000000
METRIC,2026-04-17T23:02:20Z,17160525978580,2336,btc_qm_engine:btc_ptmc_rep_hot,1.0000000000
METRIC,2026-04-17T23:02:20Z,17160526110200,2336,btc_qm_engine:btc_ptmc_rep_cold,0.0000000000
METRIC,2026-04-17T23:02:20Z,17160526148940,2336,btc_qm_engine:btc_ptmc_accept,-0.2636887251
METRIC,2026-04-17T23:02:20Z,17160526182340,2336,btc_qm_engine:btc_ptmc_rep_hot,2.0000000000
METRIC,2026-04-17T23:02:20Z,17160526231070,2336,btc_qm_engine:btc_ptmc_rep_cold,1.0000000000
METRIC,2026-04-17T23:02:20Z,17160526258490,2336,btc_qm_engine:btc_ptmc_accept,1.0000000000
METRIC,2026-04-17T23:02:20Z,17160526290210,2336,btc_qm_engine:btc_ptmc_rep_hot,3.0000000000
METRIC,2026-04-17T23:02:20Z,17160526319360,2336,btc_qm_engine:btc_ptmc_rep_cold,2.0000000000
METRIC,2026-04-17T23:02:20Z,17160526344200,2336,btc_qm_engine:btc_ptmc_accept,1.0000000000
METRIC,2026-04-17T23:02:20Z,17160526368910,2336,btc_qm_engine:btc_ptmc_rep_hot,4.0000000000
METRIC,2026-04-17T23:02:20Z,17160526396220,2336,btc_qm_engine:btc_ptmc_rep_cold,3.0000000000
METRIC,2026-04-17T23:02:20Z,17160526420740,2336,btc_qm_engine:btc_ptmc_accept,1.0000000000
METRIC,2026-04-17T23:02:20Z,17160526448860,2336,btc_qm_engine:btc_ptmc_rep_hot,5.0000000000
METRIC,2026-04-17T23:02:20Z,17160526474680,2336,btc_qm_engine:btc_ptmc_rep_cold,4.0000000000
METRIC,2026-04-17T23:02:20Z,17160526501450,2336,btc_qm_engine:btc_ptmc_accept,1.0000000000
METRIC,2026-04-17T23:02:20Z,17160526524210,2336,btc_qm_engine:btc_ptmc_rep_hot,6.0000000000
METRIC,2026-04-17T23:02:20Z,17160526544910,2336,btc_qm_engine:btc_ptmc_rep_cold,5.0000000000
METRIC,2026-04-17T23:02:20Z,17160526565650,2336,btc_qm_engine:btc_ptmc_accept,1.0000000000
METRIC,2026-04-17T23:02:20Z,17160526623900,2336,btc_qm_engine:btc_ptmc_rep_hot,7.0000000000
METRIC,2026-04-17T23:02:20Z,17160526678350,2336,btc_qm_engine:btc_ptmc_rep_cold,6.0000000000
METRIC,2026-04-17T23:02:20Z,17160526712190,2336,btc_qm_engine:btc_ptmc_accept,1.0000000000
METRIC,2026-04-17T23:02:20Z,17160628724958,2336,btc_qm_engine:btc_ptmc_rep_hot,1.0000000000
METRIC,2026-04-17T23:02:20Z,17160628805988,2336,btc_qm_engine:btc_ptmc_rep_cold,0.0000000000
METRIC,2026-04-17T23:02:20Z,17160628829198,2336,btc_qm_engine:btc_ptmc_accept,-0.1354937842
METRIC,2026-04-17T23:02:20Z,17160628859768,2336,btc_qm_engine:btc_ptmc_rep_hot,2.0000000000
METRIC,2026-04-17T23:02:20Z,17160628881048,2336,btc_qm_engine:btc_ptmc_rep_cold,1.0000000000
METRIC,2026-04-17T23:02:20Z,17160628903698,2336,btc_qm_engine:btc_ptmc_accept,1.0000000000
METRIC,2026-04-17T23:02:20Z,17160628928908,2336,btc_qm_engine:btc_ptmc_rep_hot,3.0000000000
METRIC,2026-04-17T23:02:20Z,17160628951318,2336,btc_qm_engine:btc_ptmc_rep_cold,2.0000000000
METRIC,2026-04-17T23:02:20Z,17160628972428,2336,btc_qm_engine:btc_ptmc_accept,1.0000000000
METRIC,2026-04-17T23:02:20Z,17160628995118,2336,btc_qm_engine:btc_ptmc_rep_hot,4.0000000000
METRIC,2026-04-17T23:02:20Z,17160629043268,2336,btc_qm_engine:btc_ptmc_rep_cold,3.0000000000
METRIC,2026-04-17T23:02:20Z,17160629065518,2336,btc_qm_engine:btc_ptmc_accept,0.9048354550
METRIC,2026-04-17T23:02:20Z,17160629089038,2336,btc_qm_engine:btc_ptmc_rep_hot,5.0000000000
METRIC,2026-04-17T23:02:20Z,17160629117558,2336,btc_qm_engine:btc_ptmc_rep_cold,4.0000000000
METRIC,2026-04-17T23:02:20Z,17160629145538,2336,btc_qm_engine:btc_ptmc_accept,0.9394122667
METRIC,2026-04-17T23:02:20Z,17160629185258,2336,btc_qm_engine:btc_ptmc_rep_hot,6.0000000000
METRIC,2026-04-17T23:02:20Z,17160629222588,2336,btc_qm_engine:btc_ptmc_rep_cold,5.0000000000
METRIC,2026-04-17T23:02:20Z,17160629252078,2336,btc_qm_engine:btc_ptmc_accept,0.9642893023
METRIC,2026-04-17T23:02:20Z,17160629276108,2336,btc_qm_engine:btc_ptmc_rep_hot,7.0000000000
METRIC,2026-04-17T23:02:20Z,17160629297438,2336,btc_qm_engine:btc_ptmc_rep_cold,6.0000000000
METRIC,2026-04-17T23:02:20Z,17160629319838,2336,btc_qm_engine:btc_ptmc_accept,0.9767446541
METRIC,2026-04-17T23:02:20Z,17160730416176,2336,btc_qm_engine:btc_ptmc_rep_hot,1.0000000000
METRIC,2026-04-17T23:02:20Z,17160730485686,2336,btc_qm_engine:btc_ptmc_rep_cold,0.0000000000
METRIC,2026-04-17T23:02:20Z,17160730512256,2336,btc_qm_engine:btc_ptmc_accept,1.0000000000
METRIC,2026-04-17T23:02:20Z,17160730539566,2336,btc_qm_engine:btc_ptmc_rep_hot,2.0000000000
METRIC,2026-04-17T23:02:20Z,17160730561966,2336,btc_qm_engine:btc_ptmc_rep_cold,1.0000000000
METRIC,2026-04-17T23:02:20Z,17160730584206,2336,btc_qm_engine:btc_ptmc_accept,1.0000000000
METRIC,2026-04-17T23:02:20Z,17160730635846,2336,btc_qm_engine:btc_ptmc_rep_hot,3.0000000000
METRIC,2026-04-17T23:02:20Z,17160730658546,2336,btc_qm_engine:btc_ptmc_rep_cold,2.0000000000
METRIC,2026-04-17T23:02:20Z,17160730680876,2336,btc_qm_engine:btc_ptmc_accept,1.0000000000
METRIC,2026-04-17T23:02:20Z,17160730702136,2336,btc_qm_engine:btc_ptmc_rep_hot,4.0000000000
METRIC,2026-04-17T23:02:20Z,17160730729746,2336,btc_qm_engine:btc_ptmc_rep_cold,3.0000000000
METRIC,2026-04-17T23:02:20Z,17160730756246,2336,btc_qm_engine:btc_ptmc_accept,1.0000000000
METRIC,2026-04-17T23:02:20Z,17160730778676,2336,btc_qm_engine:btc_ptmc_rep_hot,5.0000000000
METRIC,2026-04-17T23:02:20Z,17160730799846,2336,btc_qm_engine:btc_ptmc_rep_cold,4.0000000000
METRIC,2026-04-17T23:02:20Z,17160730821986,2336,btc_qm_engine:btc_ptmc_accept,1.0000000000
METRIC,2026-04-17T23:02:20Z,17160730844426,2336,btc_qm_engine:btc_ptmc_rep_hot,6.0000000000
METRIC,2026-04-17T23:02:20Z,17160730871986,2336,btc_qm_engine:btc_ptmc_rep_cold,5.0000000000
METRIC,2026-04-17T23:02:20Z,17160730901176,2336,btc_qm_engine:btc_ptmc_accept,1.0000000000
METRIC,2026-04-17T23:02:20Z,17160730922996,2336,btc_qm_engine:btc_ptmc_rep_hot,7.0000000000
METRIC,2026-04-17T23:02:20Z,17160730945376,2336,btc_qm_engine:btc_ptmc_rep_cold,6.0000000000
METRIC,2026-04-17T23:02:20Z,17160730972686,2336,btc_qm_engine:btc_ptmc_accept,1.0000000000
METRIC,2026-04-17T23:02:21Z,17160830918174,2336,btc_qm_engine:btc_ptmc_rep_hot,1.0000000000
METRIC,2026-04-17T23:02:21Z,17160831081144,2336,btc_qm_engine:btc_ptmc_rep_cold,0.0000000000
METRIC,2026-04-17T23:02:21Z,17160831108144,2336,btc_qm_engine:btc_ptmc_accept,1.0000000000
METRIC,2026-04-17T23:02:21Z,17160831142384,2336,btc_qm_engine:btc_ptmc_rep_hot,2.0000000000
METRIC,2026-04-17T23:02:21Z,17160831163884,2336,btc_qm_engine:btc_ptmc_rep_cold,1.0000000000
METRIC,2026-04-17T23:02:21Z,17160831189874,2336,btc_qm_engine:btc_ptmc_accept,0.7165701146
METRIC,2026-04-17T23:02:21Z,17160831225134,2336,btc_qm_engine:btc_ptmc_rep_hot,3.0000000000
METRIC,2026-04-17T23:02:21Z,17160831256904,2336,btc_qm_engine:btc_ptmc_rep_cold,2.0000000000
METRIC,2026-04-17T23:02:21Z,17160831298854,2336,btc_qm_engine:btc_ptmc_accept,0.8464931860
METRIC,2026-04-17T23:02:21Z,17160831341364,2336,btc_qm_engine:btc_ptmc_rep_hot,4.0000000000
METRIC,2026-04-17T23:02:21Z,17160831372704,2336,btc_qm_engine:btc_ptmc_rep_cold,3.0000000000
METRIC,2026-04-17T23:02:21Z,17160831400714,2336,btc_qm_engine:btc_ptmc_accept,0.9048418286
METRIC,2026-04-17T23:02:21Z,17160831431724,2336,btc_qm_engine:btc_ptmc_rep_hot,5.0000000000
METRIC,2026-04-17T23:02:21Z,17160831461194,2336,btc_qm_engine:btc_ptmc_rep_cold,4.0000000000
METRIC,2026-04-17T23:02:21Z,17160831495404,2336,btc_qm_engine:btc_ptmc_accept,0.9394148515
METRIC,2026-04-17T23:02:21Z,17160831522804,2336,btc_qm_engine:btc_ptmc_rep_hot,6.0000000000
METRIC,2026-04-17T23:02:21Z,17160831551794,2336,btc_qm_engine:btc_ptmc_rep_cold,5.0000000000
METRIC,2026-04-17T23:02:21Z,17160831585514,2336,btc_qm_engine:btc_ptmc_accept,1.0000000000
METRIC,2026-04-17T23:02:21Z,17160831622944,2336,btc_qm_engine:btc_ptmc_rep_hot,7.0000000000
METRIC,2026-04-17T23:02:21Z,17160831652964,2336,btc_qm_engine:btc_ptmc_rep_cold,6.0000000000
METRIC,2026-04-17T23:02:21Z,17160831677284,2336,btc_qm_engine:btc_ptmc_accept,0.9767450351
METRIC,2026-04-17T23:02:21Z,17160933014342,2336,btc_qm_engine:btc_ptmc_rep_hot,1.0000000000
METRIC,2026-04-17T23:02:21Z,17160933099692,2336,btc_qm_engine:btc_ptmc_rep_cold,0.0000000000
METRIC,2026-04-17T23:02:21Z,17160933128452,2336,btc_qm_engine:btc_ptmc_accept,-0.2636887251
METRIC,2026-04-17T23:02:21Z,17160933165242,2336,btc_qm_engine:btc_ptmc_rep_hot,2.0000000000
METRIC,2026-04-17T23:02:21Z,17160933196422,2336,btc_qm_engine:btc_ptmc_rep_cold,1.0000000000
METRIC,2026-04-17T23:02:21Z,17160933227192,2336,btc_qm_engine:btc_ptmc_accept,1.0000000000
METRIC,2026-04-17T23:02:21Z,17160933267212,2336,btc_qm_engine:btc_ptmc_rep_hot,3.0000000000
METRIC,2026-04-17T23:02:21Z,17160933296972,2336,btc_qm_engine:btc_ptmc_rep_cold,2.0000000000
METRIC,2026-04-17T23:02:21Z,17160933327502,2336,btc_qm_engine:btc_ptmc_accept,1.0000000000
METRIC,2026-04-17T23:02:21Z,17160933389082,2336,btc_qm_engine:btc_ptmc_rep_hot,4.0000000000
METRIC,2026-04-17T23:02:21Z,17160933417752,2336,btc_qm_engine:btc_ptmc_rep_cold,3.0000000000
METRIC,2026-04-17T23:02:21Z,17160933448142,2336,btc_qm_engine:btc_ptmc_accept,1.0000000000
METRIC,2026-04-17T23:02:21Z,17160933476952,2336,btc_qm_engine:btc_ptmc_rep_hot,5.0000000000
METRIC,2026-04-17T23:02:21Z,17160933508462,2336,btc_qm_engine:btc_ptmc_rep_cold,4.0000000000
METRIC,2026-04-17T23:02:21Z,17160933538962,2336,btc_qm_engine:btc_ptmc_accept,1.0000000000
METRIC,2026-04-17T23:02:21Z,17160933569272,2336,btc_qm_engine:btc_ptmc_rep_hot,6.0000000000
METRIC,2026-04-17T23:02:21Z,17160933597622,2336,btc_qm_engine:btc_ptmc_rep_cold,5.0000000000
METRIC,2026-04-17T23:02:21Z,17160933627622,2336,btc_qm_engine:btc_ptmc_accept,1.0000000000
METRIC,2026-04-17T23:02:21Z,17160933656592,2336,btc_qm_engine:btc_ptmc_rep_hot,7.0000000000
METRIC,2026-04-17T23:02:21Z,17160933686422,2336,btc_qm_engine:btc_ptmc_rep_cold,6.0000000000
METRIC,2026-04-17T23:02:21Z,17160933715022,2336,btc_qm_engine:btc_ptmc_accept,1.0000000000
METRIC,2026-04-17T23:02:21Z,17161037061130,2336,btc_qm_engine:btc_ptmc_rep_hot,1.0000000000
METRIC,2026-04-17T23:02:21Z,17161037156820,2336,btc_qm_engine:btc_ptmc_rep_cold,0.0000000000
METRIC,2026-04-17T23:02:21Z,17161037199210,2336,btc_qm_engine:btc_ptmc_accept,1.0000000000
METRIC,2026-04-17T23:02:21Z,17161037234790,2336,btc_qm_engine:btc_ptmc_rep_hot,2.0000000000
METRIC,2026-04-17T23:02:21Z,17161037270860,2336,btc_qm_engine:btc_ptmc_rep_cold,1.0000000000
METRIC,2026-04-17T23:02:21Z,17161037304350,2336,btc_qm_engine:btc_ptmc_accept,-0.7165313106
METRIC,2026-04-17T23:02:21Z,17161037341740,2336,btc_qm_engine:btc_ptmc_rep_hot,3.0000000000
METRIC,2026-04-17T23:02:21Z,17161037424540,2336,btc_qm_engine:btc_ptmc_rep_cold,2.0000000000
METRIC,2026-04-17T23:02:21Z,17161037503120,2336,btc_qm_engine:btc_ptmc_accept,1.0000000000
METRIC,2026-04-17T23:02:21Z,17161037605420,2336,btc_qm_engine:btc_ptmc_rep_hot,4.0000000000
METRIC,2026-04-17T23:02:21Z,17161037703360,2336,btc_qm_engine:btc_ptmc_rep_cold,3.0000000000
METRIC,2026-04-17T23:02:21Z,17161037804120,2336,btc_qm_engine:btc_ptmc_accept,1.0000000000
METRIC,2026-04-17T23:02:21Z,17161037964940,2336,btc_qm_engine:btc_ptmc_rep_hot,5.0000000000
METRIC,2026-04-17T23:02:21Z,17161038072200,2336,btc_qm_engine:btc_ptmc_rep_cold,4.0000000000
METRIC,2026-04-17T23:02:21Z,17161038151170,2336,btc_qm_engine:btc_ptmc_accept,1.0000000000
METRIC,2026-04-17T23:02:21Z,17161038237540,2336,btc_qm_engine:btc_ptmc_rep_hot,6.0000000000
METRIC,2026-04-17T23:02:21Z,17161038304540,2336,btc_qm_engine:btc_ptmc_rep_cold,5.0000000000
METRIC,2026-04-17T23:02:21Z,17161038337440,2336,btc_qm_engine:btc_ptmc_accept,1.0000000000
METRIC,2026-04-17T23:02:21Z,17161038396800,2336,btc_qm_engine:btc_ptmc_rep_hot,7.0000000000
METRIC,2026-04-17T23:02:21Z,17161038431680,2336,btc_qm_engine:btc_ptmc_rep_cold,6.0000000000
METRIC,2026-04-17T23:02:21Z,17161038488580,2336,btc_qm_engine:btc_ptmc_accept,1.0000000000
METRIC,2026-04-17T23:02:21Z,17161137074548,2336,btc_qm_engine:btc_ptmc_rep_hot,1.0000000000
METRIC,2026-04-17T23:02:21Z,17161137166368,2336,btc_qm_engine:btc_ptmc_rep_cold,0.0000000000
METRIC,2026-04-17T23:02:21Z,17161137195618,2336,btc_qm_engine:btc_ptmc_accept,-0.2635971381
METRIC,2026-04-17T23:02:21Z,17161137242558,2336,btc_qm_engine:btc_ptmc_rep_hot,2.0000000000
METRIC,2026-04-17T23:02:21Z,17161137273178,2336,btc_qm_engine:btc_ptmc_rep_cold,1.0000000000
METRIC,2026-04-17T23:02:21Z,17161137313218,2336,btc_qm_engine:btc_ptmc_accept,1.0000000000
METRIC,2026-04-17T23:02:21Z,17161137348338,2336,btc_qm_engine:btc_ptmc_rep_hot,3.0000000000
METRIC,2026-04-17T23:02:21Z,17161137380938,2336,btc_qm_engine:btc_ptmc_rep_cold,2.0000000000
METRIC,2026-04-17T23:02:21Z,17161137408448,2336,btc_qm_engine:btc_ptmc_accept,1.0000000000
METRIC,2026-04-17T23:02:21Z,17161137435878,2336,btc_qm_engine:btc_ptmc_rep_hot,4.0000000000
METRIC,2026-04-17T23:02:21Z,17161137463658,2336,btc_qm_engine:btc_ptmc_rep_cold,3.0000000000
METRIC,2026-04-17T23:02:21Z,17161137519508,2336,btc_qm_engine:btc_ptmc_accept,1.0000000000
METRIC,2026-04-17T23:02:21Z,17161137547268,2336,btc_qm_engine:btc_ptmc_rep_hot,5.0000000000
METRIC,2026-04-17T23:02:21Z,17161137574768,2336,btc_qm_engine:btc_ptmc_rep_cold,4.0000000000
METRIC,2026-04-17T23:02:21Z,17161137602108,2336,btc_qm_engine:btc_ptmc_accept,1.0000000000
METRIC,2026-04-17T23:02:21Z,17161137635818,2336,btc_qm_engine:btc_ptmc_rep_hot,6.0000000000
METRIC,2026-04-17T23:02:21Z,17161137665648,2336,btc_qm_engine:btc_ptmc_rep_cold,5.0000000000
METRIC,2026-04-17T23:02:21Z,17161137699438,2336,btc_qm_engine:btc_ptmc_accept,1.0000000000
METRIC,2026-04-17T23:02:21Z,17161137732408,2336,btc_qm_engine:btc_ptmc_rep_hot,7.0000000000
METRIC,2026-04-17T23:02:21Z,17161137759418,2336,btc_qm_engine:btc_ptmc_rep_cold,6.0000000000
METRIC,2026-04-17T23:02:21Z,17161137786358,2336,btc_qm_engine:btc_ptmc_accept,1.0000000000
METRIC,2026-04-17T23:02:21Z,17161162339008,2336,btc_qm_engine:btc_nx48_stall_count,2.0000000000
METRIC,2026-04-17T23:02:21Z,17161162422818,2336,btc_qm_engine:btc_nx48_delta_nonce_old,50.0000000000
METRIC,2026-04-17T23:02:21Z,17161162453348,2336,btc_qm_engine:btc_nx48_delta_nonce_new,50.0000000000
METRIC,2026-04-17T23:02:21Z,17161162483498,2336,btc_qm_engine:btc_nx48_batch_old,4.0000000000
METRIC,2026-04-17T23:02:21Z,17161162514088,2336,btc_qm_engine:btc_nx48_batch_new,4.0000000000
METRIC,2026-04-17T23:02:21Z,17161162544708,2336,btc_qm_engine:btc_nx48_loss,0.2889401940
METRIC,2026-04-17T23:02:21Z,17161162576478,2336,btc_qm_engine:btc_nx48_grad_norm,0.0944444385
METRIC,2026-04-17T23:02:21Z,17161162603908,2336,btc_qm_engine:btc_nx48_update_count,3255.0000000000
METRIC,2026-04-17T23:02:21Z,17161162634998,2336,btc_qm_engine:btc_nx48_exploration_bias,0.8655169440
METRIC,2026-04-17T23:02:21Z,17161162747478,2336,btc_qm_engine:btc_nx48_dual_blend,0.2000000000
METRIC,2026-04-17T23:02:21Z,17161162787248,2336,btc_qm_engine:btc_hashrate_mhs,0.9099102677
METRIC,2026-04-17T23:02:21Z,17161162821978,2336,btc_qm_engine:btc_hashrate_thread_id,0.0000000000
METRIC,2026-04-17T23:02:21Z,17161162862218,2336,btc_qm_engine:btc_hashrate_mhs,0.9101244077
METRIC,2026-04-17T23:02:21Z,17161162919538,2336,btc_qm_engine:btc_hashrate_thread_id,1.0000000000
METRIC,2026-04-17T23:02:21Z,17161239803416,2336,btc_qm_engine:btc_ptmc_rep_hot,1.0000000000
METRIC,2026-04-17T23:02:21Z,17161239882396,2336,btc_qm_engine:btc_ptmc_rep_cold,0.0000000000
METRIC,2026-04-17T23:02:21Z,17161239915656,2336,btc_qm_engine:btc_ptmc_accept,1.0000000000
METRIC,2026-04-17T23:02:21Z,17161239951996,2336,btc_qm_engine:btc_ptmc_rep_hot,2.0000000000
METRIC,2026-04-17T23:02:21Z,17161239984466,2336,btc_qm_engine:btc_ptmc_rep_cold,1.0000000000
METRIC,2026-04-17T23:02:21Z,17161240031996,2336,btc_qm_engine:btc_ptmc_accept,1.0000000000
METRIC,2026-04-17T23:02:21Z,17161240065886,2336,btc_qm_engine:btc_ptmc_rep_hot,3.0000000000
METRIC,2026-04-17T23:02:21Z,17161240092766,2336,btc_qm_engine:btc_ptmc_rep_cold,2.0000000000
METRIC,2026-04-17T23:02:21Z,17161240118606,2336,btc_qm_engine:btc_ptmc_accept,1.0000000000
METRIC,2026-04-17T23:02:21Z,17161240172176,2336,btc_qm_engine:btc_ptmc_rep_hot,4.0000000000
METRIC,2026-04-17T23:02:21Z,17161240199726,2336,btc_qm_engine:btc_ptmc_rep_cold,3.0000000000
METRIC,2026-04-17T23:02:21Z,17161240226336,2336,btc_qm_engine:btc_ptmc_accept,1.0000000000
METRIC,2026-04-17T23:02:21Z,17161240253066,2336,btc_qm_engine:btc_ptmc_rep_hot,5.0000000000
METRIC,2026-04-17T23:02:21Z,17161240280146,2336,btc_qm_engine:btc_ptmc_rep_cold,4.0000000000
METRIC,2026-04-17T23:02:21Z,17161240314496,2336,btc_qm_engine:btc_ptmc_accept,1.0000000000
METRIC,2026-04-17T23:02:21Z,17161240346776,2336,btc_qm_engine:btc_ptmc_rep_hot,6.0000000000
METRIC,2026-04-17T23:02:21Z,17161240382346,2336,btc_qm_engine:btc_ptmc_rep_cold,5.0000000000
METRIC,2026-04-17T23:02:21Z,17161240409096,2336,btc_qm_engine:btc_ptmc_accept,1.0000000000
METRIC,2026-04-17T23:02:21Z,17161240436466,2336,btc_qm_engine:btc_ptmc_rep_hot,7.0000000000
METRIC,2026-04-17T23:02:21Z,17161240463116,2336,btc_qm_engine:btc_ptmc_rep_cold,6.0000000000
METRIC,2026-04-17T23:02:21Z,17161240489526,2336,btc_qm_engine:btc_ptmc_accept,1.0000000000
METRIC,2026-04-17T23:02:21Z,17161340781084,2336,btc_qm_engine:btc_ptmc_rep_hot,1.0000000000
METRIC,2026-04-17T23:02:21Z,17161340895864,2336,btc_qm_engine:btc_ptmc_rep_cold,0.0000000000
METRIC,2026-04-17T23:02:21Z,17161340926594,2336,btc_qm_engine:btc_ptmc_accept,0.1354937842
METRIC,2026-04-17T23:02:21Z,17161340963454,2336,btc_qm_engine:btc_ptmc_rep_hot,2.0000000000
METRIC,2026-04-17T23:02:21Z,17161340992164,2336,btc_qm_engine:btc_ptmc_rep_cold,1.0000000000
METRIC,2026-04-17T23:02:21Z,17161341040564,2336,btc_qm_engine:btc_ptmc_accept,-0.2635717218
METRIC,2026-04-17T23:02:21Z,17161341112364,2336,btc_qm_engine:btc_ptmc_rep_hot,3.0000000000
METRIC,2026-04-17T23:02:21Z,17161341159594,2336,btc_qm_engine:btc_ptmc_rep_cold,2.0000000000
METRIC,2026-04-17T23:02:21Z,17161341185244,2336,btc_qm_engine:btc_ptmc_accept,1.0000000000
METRIC,2026-04-17T23:02:21Z,17161341211124,2336,btc_qm_engine:btc_ptmc_rep_hot,4.0000000000
METRIC,2026-04-17T23:02:21Z,17161341237054,2336,btc_qm_engine:btc_ptmc_rep_cold,3.0000000000
METRIC,2026-04-17T23:02:21Z,17161341268104,2336,btc_qm_engine:btc_ptmc_accept,1.0000000000
METRIC,2026-04-17T23:02:21Z,17161341297004,2336,btc_qm_engine:btc_ptmc_rep_hot,5.0000000000
METRIC,2026-04-17T23:02:21Z,17161341325194,2336,btc_qm_engine:btc_ptmc_rep_cold,4.0000000000
METRIC,2026-04-17T23:02:21Z,17161341352924,2336,btc_qm_engine:btc_ptmc_accept,1.0000000000
METRIC,2026-04-17T23:02:21Z,17161341386584,2336,btc_qm_engine:btc_ptmc_rep_hot,6.0000000000
METRIC,2026-04-17T23:02:21Z,17161341419954,2336,btc_qm_engine:btc_ptmc_rep_cold,5.0000000000
METRIC,2026-04-17T23:02:21Z,17161341449804,2336,btc_qm_engine:btc_ptmc_accept,1.0000000000
METRIC,2026-04-17T23:02:21Z,17161341478674,2336,btc_qm_engine:btc_ptmc_rep_hot,7.0000000000
METRIC,2026-04-17T23:02:21Z,17161341510164,2336,btc_qm_engine:btc_ptmc_rep_cold,6.0000000000
METRIC,2026-04-17T23:02:21Z,17161341541814,2336,btc_qm_engine:btc_ptmc_accept,1.0000000000
METRIC,2026-04-17T23:02:21Z,17161445333902,2336,btc_qm_engine:btc_ptmc_rep_hot,1.0000000000
METRIC,2026-04-17T23:02:21Z,17161445423522,2336,btc_qm_engine:btc_ptmc_rep_cold,0.0000000000
METRIC,2026-04-17T23:02:21Z,17161445454482,2336,btc_qm_engine:btc_ptmc_accept,-0.2638537189
METRIC,2026-04-17T23:02:21Z,17161445498082,2336,btc_qm_engine:btc_ptmc_rep_hot,2.0000000000
METRIC,2026-04-17T23:02:21Z,17161445529042,2336,btc_qm_engine:btc_ptmc_rep_cold,1.0000000000
METRIC,2026-04-17T23:02:21Z,17161445559942,2336,btc_qm_engine:btc_ptmc_accept,1.0000000000
METRIC,2026-04-17T23:02:21Z,17161445592302,2336,btc_qm_engine:btc_ptmc_rep_hot,3.0000000000
METRIC,2026-04-17T23:02:21Z,17161445635662,2336,btc_qm_engine:btc_ptmc_rep_cold,2.0000000000
METRIC,2026-04-17T23:02:21Z,17161445679492,2336,btc_qm_engine:btc_ptmc_accept,1.0000000000
METRIC,2026-04-17T23:02:21Z,17161445707412,2336,btc_qm_engine:btc_ptmc_rep_hot,4.0000000000
METRIC,2026-04-17T23:02:21Z,17161445737972,2336,btc_qm_engine:btc_ptmc_rep_cold,3.0000000000
METRIC,2026-04-17T23:02:21Z,17161445765732,2336,btc_qm_engine:btc_ptmc_accept,1.0000000000
METRIC,2026-04-17T23:02:21Z,17161445814882,2336,btc_qm_engine:btc_ptmc_rep_hot,5.0000000000
METRIC,2026-04-17T23:02:21Z,17161445845172,2336,btc_qm_engine:btc_ptmc_rep_cold,4.0000000000
METRIC,2026-04-17T23:02:21Z,17161445872802,2336,btc_qm_engine:btc_ptmc_accept,1.0000000000
METRIC,2026-04-17T23:02:21Z,17161445902292,2336,btc_qm_engine:btc_ptmc_rep_hot,6.0000000000
METRIC,2026-04-17T23:02:21Z,17161445929602,2336,btc_qm_engine:btc_ptmc_rep_cold,5.0000000000
METRIC,2026-04-17T23:02:21Z,17161445958002,2336,btc_qm_engine:btc_ptmc_accept,1.0000000000
METRIC,2026-04-17T23:02:21Z,17161445988152,2336,btc_qm_engine:btc_ptmc_rep_hot,7.0000000000
METRIC,2026-04-17T23:02:21Z,17161446036022,2336,btc_qm_engine:btc_ptmc_rep_cold,6.0000000000
METRIC,2026-04-17T23:02:21Z,17161446062702,2336,btc_qm_engine:btc_ptmc_accept,1.0000000000
METRIC,2026-04-17T23:02:21Z,17161551687070,2336,btc_qm_engine:btc_ptmc_rep_hot,1.0000000000
METRIC,2026-04-17T23:02:21Z,17161551786630,2336,btc_qm_engine:btc_ptmc_rep_cold,0.0000000000
METRIC,2026-04-17T23:02:21Z,17161551814720,2336,btc_qm_engine:btc_ptmc_accept,1.0000000000
METRIC,2026-04-17T23:02:21Z,17161551854740,2336,btc_qm_engine:btc_ptmc_rep_hot,2.0000000000
METRIC,2026-04-17T23:02:21Z,17161551888420,2336,btc_qm_engine:btc_ptmc_rep_cold,1.0000000000
METRIC,2026-04-17T23:02:21Z,17161551921930,2336,btc_qm_engine:btc_ptmc_accept,1.0000000000
METRIC,2026-04-17T23:02:21Z,17161551953230,2336,btc_qm_engine:btc_ptmc_rep_hot,3.0000000000
METRIC,2026-04-17T23:02:21Z,17161551986980,2336,btc_qm_engine:btc_ptmc_rep_cold,2.0000000000
METRIC,2026-04-17T23:02:21Z,17161552049920,2336,btc_qm_engine:btc_ptmc_accept,1.0000000000
METRIC,2026-04-17T23:02:21Z,17161552096340,2336,btc_qm_engine:btc_ptmc_rep_hot,4.0000000000
METRIC,2026-04-17T23:02:21Z,17161552131630,2336,btc_qm_engine:btc_ptmc_rep_cold,3.0000000000
METRIC,2026-04-17T23:02:21Z,17161552166200,2336,btc_qm_engine:btc_ptmc_accept,1.0000000000
METRIC,2026-04-17T23:02:21Z,17161552199710,2336,btc_qm_engine:btc_ptmc_rep_hot,5.0000000000
METRIC,2026-04-17T23:02:21Z,17161552232470,2336,btc_qm_engine:btc_ptmc_rep_cold,4.0000000000
METRIC,2026-04-17T23:02:21Z,17161552265480,2336,btc_qm_engine:btc_ptmc_accept,1.0000000000
METRIC,2026-04-17T23:02:21Z,17161552336490,2336,btc_qm_engine:btc_ptmc_rep_hot,6.0000000000
METRIC,2026-04-17T23:02:21Z,17161552369560,2336,btc_qm_engine:btc_ptmc_rep_cold,5.0000000000
METRIC,2026-04-17T23:02:21Z,17161552402340,2336,btc_qm_engine:btc_ptmc_accept,1.0000000000
METRIC,2026-04-17T23:02:21Z,17161552434780,2336,btc_qm_engine:btc_ptmc_rep_hot,7.0000000000
METRIC,2026-04-17T23:02:21Z,17161552464090,2336,btc_qm_engine:btc_ptmc_rep_cold,6.0000000000
METRIC,2026-04-17T23:02:21Z,17161552490220,2336,btc_qm_engine:btc_ptmc_accept,1.0000000000
METRIC,2026-04-17T23:02:21Z,17161653171018,2336,btc_qm_engine:btc_ptmc_rep_hot,1.0000000000
METRIC,2026-04-17T23:02:21Z,17161653311568,2336,btc_qm_engine:btc_ptmc_rep_cold,0.0000000000
METRIC,2026-04-17T23:02:21Z,17161653343618,2336,btc_qm_engine:btc_ptmc_accept,0.5135063048
METRIC,2026-04-17T23:02:21Z,17161653378848,2336,btc_qm_engine:btc_ptmc_rep_hot,2.0000000000
METRIC,2026-04-17T23:02:21Z,17161653407158,2336,btc_qm_engine:btc_ptmc_rep_cold,1.0000000000
METRIC,2026-04-17T23:02:21Z,17161653433748,2336,btc_qm_engine:btc_ptmc_accept,-0.7165624298
METRIC,2026-04-17T23:02:21Z,17161653461888,2336,btc_qm_engine:btc_ptmc_rep_hot,3.0000000000
METRIC,2026-04-17T23:02:21Z,17161653489108,2336,btc_qm_engine:btc_ptmc_rep_cold,2.0000000000
METRIC,2026-04-17T23:02:21Z,17161653517398,2336,btc_qm_engine:btc_ptmc_accept,1.0000000000
METRIC,2026-04-17T23:02:21Z,17161653545038,2336,btc_qm_engine:btc_ptmc_rep_hot,4.0000000000
METRIC,2026-04-17T23:02:21Z,17161653572528,2336,btc_qm_engine:btc_ptmc_rep_cold,3.0000000000
METRIC,2026-04-17T23:02:21Z,17161653599688,2336,btc_qm_engine:btc_ptmc_accept,1.0000000000
METRIC,2026-04-17T23:02:21Z,17161653627218,2336,btc_qm_engine:btc_ptmc_rep_hot,5.0000000000
METRIC,2026-04-17T23:02:21Z,17161653654578,2336,btc_qm_engine:btc_ptmc_rep_cold,4.0000000000
METRIC,2026-04-17T23:02:21Z,17161653681888,2336,btc_qm_engine:btc_ptmc_accept,1.0000000000
METRIC,2026-04-17T23:02:21Z,17161653734018,2336,btc_qm_engine:btc_ptmc_rep_hot,6.0000000000
METRIC,2026-04-17T23:02:21Z,17161653760338,2336,btc_qm_engine:btc_ptmc_rep_cold,5.0000000000
METRIC,2026-04-17T23:02:21Z,17161653787858,2336,btc_qm_engine:btc_ptmc_accept,1.0000000000
METRIC,2026-04-17T23:02:21Z,17161653816108,2336,btc_qm_engine:btc_ptmc_rep_hot,7.0000000000
METRIC,2026-04-17T23:02:21Z,17161653843568,2336,btc_qm_engine:btc_ptmc_rep_cold,6.0000000000
METRIC,2026-04-17T23:02:21Z,17161653870688,2336,btc_qm_engine:btc_ptmc_accept,1.0000000000
METRIC,2026-04-17T23:02:21Z,17161753546206,2336,btc_qm_engine:btc_ptmc_rep_hot,1.0000000000
METRIC,2026-04-17T23:02:21Z,17161753639346,2336,btc_qm_engine:btc_ptmc_rep_cold,0.0000000000
METRIC,2026-04-17T23:02:21Z,17161753670436,2336,btc_qm_engine:btc_ptmc_accept,1.0000000000
METRIC,2026-04-17T23:02:21Z,17161753703856,2336,btc_qm_engine:btc_ptmc_rep_hot,2.0000000000
METRIC,2026-04-17T23:02:21Z,17161753732126,2336,btc_qm_engine:btc_ptmc_rep_cold,1.0000000000
METRIC,2026-04-17T23:02:21Z,17161753757216,2336,btc_qm_engine:btc_ptmc_accept,1.0000000000
METRIC,2026-04-17T23:02:21Z,17161753784306,2336,btc_qm_engine:btc_ptmc_rep_hot,3.0000000000
METRIC,2026-04-17T23:02:21Z,17161753811436,2336,btc_qm_engine:btc_ptmc_rep_cold,2.0000000000
METRIC,2026-04-17T23:02:21Z,17161753838526,2336,btc_qm_engine:btc_ptmc_accept,1.0000000000
METRIC,2026-04-17T23:02:21Z,17161753866186,2336,btc_qm_engine:btc_ptmc_rep_hot,4.0000000000
METRIC,2026-04-17T23:02:21Z,17161753893686,2336,btc_qm_engine:btc_ptmc_rep_cold,3.0000000000
METRIC,2026-04-17T23:02:21Z,17161753921506,2336,btc_qm_engine:btc_ptmc_accept,1.0000000000
METRIC,2026-04-17T23:02:21Z,17161753948646,2336,btc_qm_engine:btc_ptmc_rep_hot,5.0000000000
METRIC,2026-04-17T23:02:21Z,17161753976616,2336,btc_qm_engine:btc_ptmc_rep_cold,4.0000000000
METRIC,2026-04-17T23:02:21Z,17161754033176,2336,btc_qm_engine:btc_ptmc_accept,1.0000000000
METRIC,2026-04-17T23:02:21Z,17161754068626,2336,btc_qm_engine:btc_ptmc_rep_hot,6.0000000000
METRIC,2026-04-17T23:02:21Z,17161754095686,2336,btc_qm_engine:btc_ptmc_rep_cold,5.0000000000
METRIC,2026-04-17T23:02:21Z,17161754123086,2336,btc_qm_engine:btc_ptmc_accept,1.0000000000
METRIC,2026-04-17T23:02:21Z,17161754150016,2336,btc_qm_engine:btc_ptmc_rep_hot,7.0000000000
METRIC,2026-04-17T23:02:21Z,17161754177066,2336,btc_qm_engine:btc_ptmc_rep_cold,6.0000000000
METRIC,2026-04-17T23:02:21Z,17161754212116,2336,btc_qm_engine:btc_ptmc_accept,1.0000000000
METRIC,2026-04-17T23:02:22Z,17161858211444,2336,btc_qm_engine:btc_ptmc_rep_hot,1.0000000000
METRIC,2026-04-17T23:02:22Z,17161858305714,2336,btc_qm_engine:btc_ptmc_rep_cold,0.0000000000
METRIC,2026-04-17T23:02:22Z,17161858335694,2336,btc_qm_engine:btc_ptmc_accept,-0.5134171190
METRIC,2026-04-17T23:02:22Z,17161858378624,2336,btc_qm_engine:btc_ptmc_rep_hot,2.0000000000
METRIC,2026-04-17T23:02:22Z,17161858413434,2336,btc_qm_engine:btc_ptmc_rep_cold,1.0000000000
METRIC,2026-04-17T23:02:22Z,17161858445514,2336,btc_qm_engine:btc_ptmc_accept,1.0000000000
METRIC,2026-04-17T23:02:22Z,17161858480744,2336,btc_qm_engine:btc_ptmc_rep_hot,3.0000000000
METRIC,2026-04-17T23:02:22Z,17161858508494,2336,btc_qm_engine:btc_ptmc_rep_cold,2.0000000000
METRIC,2026-04-17T23:02:22Z,17161858544254,2336,btc_qm_engine:btc_ptmc_accept,1.0000000000
METRIC,2026-04-17T23:02:22Z,17161858571814,2336,btc_qm_engine:btc_ptmc_rep_hot,4.0000000000
METRIC,2026-04-17T23:02:22Z,17161858598484,2336,btc_qm_engine:btc_ptmc_rep_cold,3.0000000000
METRIC,2026-04-17T23:02:22Z,17161858631244,2336,btc_qm_engine:btc_ptmc_accept,1.0000000000
METRIC,2026-04-17T23:02:22Z,17161858665904,2336,btc_qm_engine:btc_ptmc_rep_hot,5.0000000000
METRIC,2026-04-17T23:02:22Z,17161858692154,2336,btc_qm_engine:btc_ptmc_rep_cold,4.0000000000
METRIC,2026-04-17T23:02:22Z,17161858722204,2336,btc_qm_engine:btc_ptmc_accept,1.0000000000
METRIC,2026-04-17T23:02:22Z,17161858750014,2336,btc_qm_engine:btc_ptmc_rep_hot,6.0000000000
METRIC,2026-04-17T23:02:22Z,17161858783704,2336,btc_qm_engine:btc_ptmc_rep_cold,5.0000000000
METRIC,2026-04-17T23:02:22Z,17161858853844,2336,btc_qm_engine:btc_ptmc_accept,1.0000000000
METRIC,2026-04-17T23:02:22Z,17161858882944,2336,btc_qm_engine:btc_ptmc_rep_hot,7.0000000000
METRIC,2026-04-17T23:02:22Z,17161858911394,2336,btc_qm_engine:btc_ptmc_rep_cold,6.0000000000
METRIC,2026-04-17T23:02:22Z,17161858938694,2336,btc_qm_engine:btc_ptmc_accept,1.0000000000
METRIC,2026-04-17T23:02:22Z,17161969323872,2336,btc_qm_engine:btc_ptmc_rep_hot,1.0000000000
METRIC,2026-04-17T23:02:22Z,17161969412342,2336,btc_qm_engine:btc_ptmc_rep_cold,0.0000000000
METRIC,2026-04-17T23:02:22Z,17161969442732,2336,btc_qm_engine:btc_ptmc_accept,0.1354058228
METRIC,2026-04-17T23:02:22Z,17161969475672,2336,btc_qm_engine:btc_ptmc_rep_hot,2.0000000000
METRIC,2026-04-17T23:02:22Z,17161969508932,2336,btc_qm_engine:btc_ptmc_rep_cold,1.0000000000
METRIC,2026-04-17T23:02:22Z,17161969540252,2336,btc_qm_engine:btc_ptmc_accept,0.3678196603
METRIC,2026-04-17T23:02:22Z,17161969568372,2336,btc_qm_engine:btc_ptmc_rep_hot,3.0000000000
METRIC,2026-04-17T23:02:22Z,17161969606482,2336,btc_qm_engine:btc_ptmc_rep_cold,2.0000000000
METRIC,2026-04-17T23:02:22Z,17161969646642,2336,btc_qm_engine:btc_ptmc_accept,0.6065060197
METRIC,2026-04-17T23:02:22Z,17161969674852,2336,btc_qm_engine:btc_ptmc_rep_hot,4.0000000000
METRIC,2026-04-17T23:02:22Z,17161969703332,2336,btc_qm_engine:btc_ptmc_rep_cold,3.0000000000
METRIC,2026-04-17T23:02:22Z,17161969731342,2336,btc_qm_engine:btc_ptmc_accept,0.7408073866
METRIC,2026-04-17T23:02:22Z,17161969759222,2336,btc_qm_engine:btc_ptmc_rep_hot,5.0000000000
METRIC,2026-04-17T23:02:22Z,17161969786942,2336,btc_qm_engine:btc_ptmc_rep_cold,4.0000000000
METRIC,2026-04-17T23:02:22Z,17161969814062,2336,btc_qm_engine:btc_ptmc_accept,0.8290243822
METRIC,2026-04-17T23:02:22Z,17161970064742,2336,btc_qm_engine:btc_ptmc_rep_hot,6.0000000000
METRIC,2026-04-17T23:02:22Z,17161970101622,2336,btc_qm_engine:btc_ptmc_rep_cold,5.0000000000
METRIC,2026-04-17T23:02:22Z,17161970167022,2336,btc_qm_engine:btc_ptmc_accept,0.8966471663
METRIC,2026-04-17T23:02:22Z,17161970199682,2336,btc_qm_engine:btc_ptmc_rep_hot,7.0000000000
METRIC,2026-04-17T23:02:22Z,17161970233612,2336,btc_qm_engine:btc_ptmc_rep_cold,6.0000000000
METRIC,2026-04-17T23:02:22Z,17161970266382,2336,btc_qm_engine:btc_ptmc_accept,0.9318441547
METRIC,2026-04-17T23:02:22Z,17162069913190,2336,btc_qm_engine:btc_ptmc_rep_hot,1.0000000000
METRIC,2026-04-17T23:02:22Z,17162070403280,2336,btc_qm_engine:btc_ptmc_rep_cold,0.0000000000
METRIC,2026-04-17T23:02:22Z,17162070458960,2336,btc_qm_engine:btc_ptmc_accept,-0.0695919752
METRIC,2026-04-17T23:02:22Z,17162070511960,2336,btc_qm_engine:btc_ptmc_rep_hot,2.0000000000
METRIC,2026-04-17T23:02:22Z,17162070539600,2336,btc_qm_engine:btc_ptmc_rep_cold,1.0000000000
METRIC,2026-04-17T23:02:22Z,17162070577400,2336,btc_qm_engine:btc_ptmc_accept,1.0000000000
METRIC,2026-04-17T23:02:22Z,17162070615280,2336,btc_qm_engine:btc_ptmc_rep_hot,3.0000000000
METRIC,2026-04-17T23:02:22Z,17162070643060,2336,btc_qm_engine:btc_ptmc_rep_cold,2.0000000000
METRIC,2026-04-17T23:02:22Z,17162070669990,2336,btc_qm_engine:btc_ptmc_accept,1.0000000000
METRIC,2026-04-17T23:02:22Z,17162070697010,2336,btc_qm_engine:btc_ptmc_rep_hot,4.0000000000
METRIC,2026-04-17T23:02:22Z,17162070723760,2336,btc_qm_engine:btc_ptmc_rep_cold,3.0000000000
METRIC,2026-04-17T23:02:22Z,17162070750680,2336,btc_qm_engine:btc_ptmc_accept,1.0000000000
METRIC,2026-04-17T23:02:22Z,17162070784670,2336,btc_qm_engine:btc_ptmc_rep_hot,5.0000000000
METRIC,2026-04-17T23:02:22Z,17162070812100,2336,btc_qm_engine:btc_ptmc_rep_cold,4.0000000000
METRIC,2026-04-17T23:02:22Z,17162070838910,2336,btc_qm_engine:btc_ptmc_accept,1.0000000000
METRIC,2026-04-17T23:02:22Z,17162070871490,2336,btc_qm_engine:btc_ptmc_rep_hot,6.0000000000
METRIC,2026-04-17T23:02:22Z,17162070898390,2336,btc_qm_engine:btc_ptmc_rep_cold,5.0000000000
METRIC,2026-04-17T23:02:22Z,17162070925530,2336,btc_qm_engine:btc_ptmc_accept,1.0000000000
METRIC,2026-04-17T23:02:22Z,17162070952320,2336,btc_qm_engine:btc_ptmc_rep_hot,7.0000000000
METRIC,2026-04-17T23:02:22Z,17162070978690,2336,btc_qm_engine:btc_ptmc_rep_cold,6.0000000000
METRIC,2026-04-17T23:02:22Z,17162071051460,2336,btc_qm_engine:btc_ptmc_accept,1.0000000000
METRIC,2026-04-17T23:02:22Z,17162171553718,2336,btc_qm_engine:btc_ptmc_rep_hot,1.0000000000
METRIC,2026-04-17T23:02:22Z,17162171739478,2336,btc_qm_engine:btc_ptmc_rep_cold,0.0000000000
METRIC,2026-04-17T23:02:22Z,17162171842018,2336,btc_qm_engine:btc_ptmc_accept,1.0000000000
METRIC,2026-04-17T23:02:22Z,17162171981118,2336,btc_qm_engine:btc_ptmc_rep_hot,2.0000000000
METRIC,2026-04-17T23:02:22Z,17162172156038,2336,btc_qm_engine:btc_ptmc_rep_cold,1.0000000000
METRIC,2026-04-17T23:02:22Z,17162172246938,2336,btc_qm_engine:btc_ptmc_accept,1.0000000000
METRIC,2026-04-17T23:02:22Z,17162172331868,2336,btc_qm_engine:btc_ptmc_rep_hot,3.0000000000
METRIC,2026-04-17T23:02:22Z,17162172406498,2336,btc_qm_engine:btc_ptmc_rep_cold,2.0000000000
METRIC,2026-04-17T23:02:22Z,17162172548028,2336,btc_qm_engine:btc_ptmc_accept,1.0000000000
METRIC,2026-04-17T23:02:22Z,17162172636038,2336,btc_qm_engine:btc_ptmc_rep_hot,4.0000000000
METRIC,2026-04-17T23:02:22Z,17162172699538,2336,btc_qm_engine:btc_ptmc_rep_cold,3.0000000000
METRIC,2026-04-17T23:02:22Z,17162172728708,2336,btc_qm_engine:btc_ptmc_accept,1.0000000000
METRIC,2026-04-17T23:02:22Z,17162172808358,2336,btc_qm_engine:btc_ptmc_rep_hot,5.0000000000
METRIC,2026-04-17T23:02:22Z,17162172892708,2336,btc_qm_engine:btc_ptmc_rep_cold,4.0000000000
METRIC,2026-04-17T23:02:22Z,17162172975518,2336,btc_qm_engine:btc_ptmc_accept,1.0000000000
METRIC,2026-04-17T23:02:22Z,17162173067708,2336,btc_qm_engine:btc_ptmc_rep_hot,6.0000000000
METRIC,2026-04-17T23:02:22Z,17162173138838,2336,btc_qm_engine:btc_ptmc_rep_cold,5.0000000000
METRIC,2026-04-17T23:02:22Z,17162173166378,2336,btc_qm_engine:btc_ptmc_accept,1.0000000000
METRIC,2026-04-17T23:02:22Z,17162173242568,2336,btc_qm_engine:btc_ptmc_rep_hot,7.0000000000
METRIC,2026-04-17T23:02:22Z,17162173329658,2336,btc_qm_engine:btc_ptmc_rep_cold,6.0000000000
METRIC,2026-04-17T23:02:22Z,17162173414778,2336,btc_qm_engine:btc_ptmc_accept,1.0000000000
METRIC,2026-04-17T23:02:22Z,17162274220406,2336,btc_qm_engine:btc_ptmc_rep_hot,1.0000000000
METRIC,2026-04-17T23:02:22Z,17162274310826,2336,btc_qm_engine:btc_ptmc_rep_cold,0.0000000000
METRIC,2026-04-17T23:02:22Z,17162274341246,2336,btc_qm_engine:btc_ptmc_accept,1.0000000000
METRIC,2026-04-17T23:02:22Z,17162274376066,2336,btc_qm_engine:btc_ptmc_rep_hot,2.0000000000
METRIC,2026-04-17T23:02:22Z,17162274403906,2336,btc_qm_engine:btc_ptmc_rep_cold,1.0000000000
METRIC,2026-04-17T23:02:22Z,17162274431206,2336,btc_qm_engine:btc_ptmc_accept,1.0000000000
METRIC,2026-04-17T23:02:22Z,17162274466796,2336,btc_qm_engine:btc_ptmc_rep_hot,3.0000000000
METRIC,2026-04-17T23:02:22Z,17162274493776,2336,btc_qm_engine:btc_ptmc_rep_cold,2.0000000000
METRIC,2026-04-17T23:02:22Z,17162274522706,2336,btc_qm_engine:btc_ptmc_accept,1.0000000000
METRIC,2026-04-17T23:02:22Z,17162274549856,2336,btc_qm_engine:btc_ptmc_rep_hot,4.0000000000
METRIC,2026-04-17T23:02:22Z,17162274577126,2336,btc_qm_engine:btc_ptmc_rep_cold,3.0000000000
METRIC,2026-04-17T23:02:22Z,17162274604336,2336,btc_qm_engine:btc_ptmc_accept,1.0000000000
METRIC,2026-04-17T23:02:22Z,17162274631656,2336,btc_qm_engine:btc_ptmc_rep_hot,5.0000000000
METRIC,2026-04-17T23:02:22Z,17162274658486,2336,btc_qm_engine:btc_ptmc_rep_cold,4.0000000000
METRIC,2026-04-17T23:02:22Z,17162274696386,2336,btc_qm_engine:btc_ptmc_accept,1.0000000000
METRIC,2026-04-17T23:02:22Z,17162274740966,2336,btc_qm_engine:btc_ptmc_rep_hot,6.0000000000
METRIC,2026-04-17T23:02:22Z,17162274773586,2336,btc_qm_engine:btc_ptmc_rep_cold,5.0000000000
METRIC,2026-04-17T23:02:22Z,17162274802506,2336,btc_qm_engine:btc_ptmc_accept,1.0000000000
METRIC,2026-04-17T23:02:22Z,17162274829606,2336,btc_qm_engine:btc_ptmc_rep_hot,7.0000000000
METRIC,2026-04-17T23:02:22Z,17162274856876,2336,btc_qm_engine:btc_ptmc_rep_cold,6.0000000000
METRIC,2026-04-17T23:02:22Z,17162274886566,2336,btc_qm_engine:btc_ptmc_accept,1.0000000000
METRIC,2026-04-17T23:02:22Z,17162378413614,2336,btc_qm_engine:btc_ptmc_rep_hot,1.0000000000
METRIC,2026-04-17T23:02:22Z,17162378615334,2336,btc_qm_engine:btc_ptmc_rep_cold,0.0000000000
METRIC,2026-04-17T23:02:22Z,17162378649234,2336,btc_qm_engine:btc_ptmc_accept,1.0000000000
METRIC,2026-04-17T23:02:22Z,17162378687514,2336,btc_qm_engine:btc_ptmc_rep_hot,2.0000000000
METRIC,2026-04-17T23:02:22Z,17162378717034,2336,btc_qm_engine:btc_ptmc_rep_cold,1.0000000000
METRIC,2026-04-17T23:02:22Z,17162378744054,2336,btc_qm_engine:btc_ptmc_accept,1.0000000000
METRIC,2026-04-17T23:02:22Z,17162378771654,2336,btc_qm_engine:btc_ptmc_rep_hot,3.0000000000
METRIC,2026-04-17T23:02:22Z,17162378799684,2336,btc_qm_engine:btc_ptmc_rep_cold,2.0000000000
METRIC,2026-04-17T23:02:22Z,17162378826924,2336,btc_qm_engine:btc_ptmc_accept,1.0000000000
METRIC,2026-04-17T23:02:22Z,17162378853284,2336,btc_qm_engine:btc_ptmc_rep_hot,4.0000000000
METRIC,2026-04-17T23:02:22Z,17162378878944,2336,btc_qm_engine:btc_ptmc_rep_cold,3.0000000000
METRIC,2026-04-17T23:02:22Z,17162378905314,2336,btc_qm_engine:btc_ptmc_accept,1.0000000000
METRIC,2026-04-17T23:02:22Z,17162378932864,2336,btc_qm_engine:btc_ptmc_rep_hot,5.0000000000
METRIC,2026-04-17T23:02:22Z,17162378957874,2336,btc_qm_engine:btc_ptmc_rep_cold,4.0000000000
METRIC,2026-04-17T23:02:22Z,17162378983264,2336,btc_qm_engine:btc_ptmc_accept,1.0000000000
METRIC,2026-04-17T23:02:22Z,17162379047014,2336,btc_qm_engine:btc_ptmc_rep_hot,6.0000000000
METRIC,2026-04-17T23:02:22Z,17162379075464,2336,btc_qm_engine:btc_ptmc_rep_cold,5.0000000000
METRIC,2026-04-17T23:02:22Z,17162379124434,2336,btc_qm_engine:btc_ptmc_accept,1.0000000000
METRIC,2026-04-17T23:02:22Z,17162379152244,2336,btc_qm_engine:btc_ptmc_rep_hot,7.0000000000
METRIC,2026-04-17T23:02:22Z,17162379178114,2336,btc_qm_engine:btc_ptmc_rep_cold,6.0000000000
METRIC,2026-04-17T23:02:22Z,17162379206414,2336,btc_qm_engine:btc_ptmc_accept,1.0000000000
METRIC,2026-04-17T23:02:22Z,17162478718162,2336,btc_qm_engine:btc_ptmc_rep_hot,1.0000000000
METRIC,2026-04-17T23:02:22Z,17162478810132,2336,btc_qm_engine:btc_ptmc_rep_cold,0.0000000000
METRIC,2026-04-17T23:02:22Z,17162478848252,2336,btc_qm_engine:btc_ptmc_accept,1.0000000000
METRIC,2026-04-17T23:02:22Z,17162478885502,2336,btc_qm_engine:btc_ptmc_rep_hot,2.0000000000
METRIC,2026-04-17T23:02:22Z,17162478912662,2336,btc_qm_engine:btc_ptmc_rep_cold,1.0000000000
METRIC,2026-04-17T23:02:22Z,17162478947262,2336,btc_qm_engine:btc_ptmc_accept,1.0000000000
METRIC,2026-04-17T23:02:22Z,17162478977622,2336,btc_qm_engine:btc_ptmc_rep_hot,3.0000000000
METRIC,2026-04-17T23:02:22Z,17162479029692,2336,btc_qm_engine:btc_ptmc_rep_cold,2.0000000000
METRIC,2026-04-17T23:02:22Z,17162479066512,2336,btc_qm_engine:btc_ptmc_accept,1.0000000000
METRIC,2026-04-17T23:02:22Z,17162479092122,2336,btc_qm_engine:btc_ptmc_rep_hot,4.0000000000
METRIC,2026-04-17T23:02:22Z,17162479118192,2336,btc_qm_engine:btc_ptmc_rep_cold,3.0000000000
METRIC,2026-04-17T23:02:22Z,17162479149882,2336,btc_qm_engine:btc_ptmc_accept,1.0000000000
METRIC,2026-04-17T23:02:22Z,17162479176962,2336,btc_qm_engine:btc_ptmc_rep_hot,5.0000000000
METRIC,2026-04-17T23:02:22Z,17162479229802,2336,btc_qm_engine:btc_ptmc_rep_cold,4.0000000000
METRIC,2026-04-17T23:02:22Z,17162479256972,2336,btc_qm_engine:btc_ptmc_accept,1.0000000000
METRIC,2026-04-17T23:02:22Z,17162479284922,2336,btc_qm_engine:btc_ptmc_rep_hot,6.0000000000
METRIC,2026-04-17T23:02:22Z,17162479313252,2336,btc_qm_engine:btc_ptmc_rep_cold,5.0000000000
METRIC,2026-04-17T23:02:22Z,17162479345232,2336,btc_qm_engine:btc_ptmc_accept,1.0000000000
METRIC,2026-04-17T23:02:22Z,17162479371012,2336,btc_qm_engine:btc_ptmc_rep_hot,7.0000000000
METRIC,2026-04-17T23:02:22Z,17162479404642,2336,btc_qm_engine:btc_ptmc_rep_cold,6.0000000000
METRIC,2026-04-17T23:02:22Z,17162479432262,2336,btc_qm_engine:btc_ptmc_accept,1.0000000000
METRIC,2026-04-17T23:02:22Z,17162583149670,2336,btc_qm_engine:btc_ptmc_rep_hot,1.0000000000
METRIC,2026-04-17T23:02:22Z,17162583232940,2336,btc_qm_engine:btc_ptmc_rep_cold,0.0000000000
METRIC,2026-04-17T23:02:22Z,17162583261280,2336,btc_qm_engine:btc_ptmc_accept,1.0000000000
METRIC,2026-04-17T23:02:22Z,17162583297960,2336,btc_qm_engine:btc_ptmc_rep_hot,2.0000000000
METRIC,2026-04-17T23:02:22Z,17162583326510,2336,btc_qm_engine:btc_ptmc_rep_cold,1.0000000000
METRIC,2026-04-17T23:02:22Z,17162583352850,2336,btc_qm_engine:btc_ptmc_accept,1.0000000000
METRIC,2026-04-17T23:02:22Z,17162583392070,2336,btc_qm_engine:btc_ptmc_rep_hot,3.0000000000
METRIC,2026-04-17T23:02:22Z,17162583421940,2336,btc_qm_engine:btc_ptmc_rep_cold,2.0000000000
METRIC,2026-04-17T23:02:22Z,17162583448270,2336,btc_qm_engine:btc_ptmc_accept,1.0000000000
METRIC,2026-04-17T23:02:22Z,17162583474570,2336,btc_qm_engine:btc_ptmc_rep_hot,4.0000000000
METRIC,2026-04-17T23:02:22Z,17162583500260,2336,btc_qm_engine:btc_ptmc_rep_cold,3.0000000000
METRIC,2026-04-17T23:02:22Z,17162583525860,2336,btc_qm_engine:btc_ptmc_accept,1.0000000000
METRIC,2026-04-17T23:02:22Z,17162583551700,2336,btc_qm_engine:btc_ptmc_rep_hot,5.0000000000
METRIC,2026-04-17T23:02:22Z,17162583577250,2336,btc_qm_engine:btc_ptmc_rep_cold,4.0000000000
METRIC,2026-04-17T23:02:22Z,17162583602720,2336,btc_qm_engine:btc_ptmc_accept,1.0000000000
METRIC,2026-04-17T23:02:22Z,17162583628720,2336,btc_qm_engine:btc_ptmc_rep_hot,6.0000000000
METRIC,2026-04-17T23:02:22Z,17162583654690,2336,btc_qm_engine:btc_ptmc_rep_cold,5.0000000000
METRIC,2026-04-17T23:02:22Z,17162583680560,2336,btc_qm_engine:btc_ptmc_accept,1.0000000000
METRIC,2026-04-17T23:02:22Z,17162583706370,2336,btc_qm_engine:btc_ptmc_rep_hot,7.0000000000
METRIC,2026-04-17T23:02:22Z,17162583732060,2336,btc_qm_engine:btc_ptmc_rep_cold,6.0000000000
METRIC,2026-04-17T23:02:22Z,17162583758050,2336,btc_qm_engine:btc_ptmc_accept,1.0000000000
METRIC,2026-04-17T23:02:22Z,17162685768568,2336,btc_qm_engine:btc_ptmc_rep_hot,1.0000000000
METRIC,2026-04-17T23:02:22Z,17162685870858,2336,btc_qm_engine:btc_ptmc_rep_cold,0.0000000000
METRIC,2026-04-17T23:02:22Z,17162685911868,2336,btc_qm_engine:btc_ptmc_accept,-0.2636887251
METRIC,2026-04-17T23:02:22Z,17162685948678,2336,btc_qm_engine:btc_ptmc_rep_hot,2.0000000000
METRIC,2026-04-17T23:02:22Z,17162685976078,2336,btc_qm_engine:btc_ptmc_rep_cold,1.0000000000
METRIC,2026-04-17T23:02:22Z,17162686022578,2336,btc_qm_engine:btc_ptmc_accept,1.0000000000
METRIC,2026-04-17T23:02:22Z,17162686056018,2336,btc_qm_engine:btc_ptmc_rep_hot,3.0000000000
METRIC,2026-04-17T23:02:22Z,17162686081828,2336,btc_qm_engine:btc_ptmc_rep_cold,2.0000000000
METRIC,2026-04-17T23:02:22Z,17162686114548,2336,btc_qm_engine:btc_ptmc_accept,1.0000000000
METRIC,2026-04-17T23:02:22Z,17162686141318,2336,btc_qm_engine:btc_ptmc_rep_hot,4.0000000000
METRIC,2026-04-17T23:02:22Z,17162686167508,2336,btc_qm_engine:btc_ptmc_rep_cold,3.0000000000
METRIC,2026-04-17T23:02:22Z,17162686195078,2336,btc_qm_engine:btc_ptmc_accept,1.0000000000
METRIC,2026-04-17T23:02:22Z,17162686221678,2336,btc_qm_engine:btc_ptmc_rep_hot,5.0000000000
METRIC,2026-04-17T23:02:22Z,17162686247538,2336,btc_qm_engine:btc_ptmc_rep_cold,4.0000000000
METRIC,2026-04-17T23:02:22Z,17162686275198,2336,btc_qm_engine:btc_ptmc_accept,1.0000000000
METRIC,2026-04-17T23:02:22Z,17162686302268,2336,btc_qm_engine:btc_ptmc_rep_hot,6.0000000000
METRIC,2026-04-17T23:02:22Z,17162686367978,2336,btc_qm_engine:btc_ptmc_rep_cold,5.0000000000
METRIC,2026-04-17T23:02:22Z,17162686395188,2336,btc_qm_engine:btc_ptmc_accept,1.0000000000
METRIC,2026-04-17T23:02:22Z,17162686421808,2336,btc_qm_engine:btc_ptmc_rep_hot,7.0000000000
METRIC,2026-04-17T23:02:22Z,17162686447968,2336,btc_qm_engine:btc_ptmc_rep_cold,6.0000000000
METRIC,2026-04-17T23:02:22Z,17162686475498,2336,btc_qm_engine:btc_ptmc_accept,1.0000000000
METRIC,2026-04-17T23:02:22Z,17162790838976,2336,btc_qm_engine:btc_ptmc_rep_hot,1.0000000000
METRIC,2026-04-17T23:02:22Z,17162790925296,2336,btc_qm_engine:btc_ptmc_rep_cold,0.0000000000
METRIC,2026-04-17T23:02:22Z,17162790954636,2336,btc_qm_engine:btc_ptmc_accept,1.0000000000
METRIC,2026-04-17T23:02:22Z,17162790988276,2336,btc_qm_engine:btc_ptmc_rep_hot,2.0000000000
METRIC,2026-04-17T23:02:22Z,17162791034516,2336,btc_qm_engine:btc_ptmc_rep_cold,1.0000000000
METRIC,2026-04-17T23:02:22Z,17162791060346,2336,btc_qm_engine:btc_ptmc_accept,-0.7165140378
METRIC,2026-04-17T23:02:22Z,17162791087266,2336,btc_qm_engine:btc_ptmc_rep_hot,3.0000000000
METRIC,2026-04-17T23:02:22Z,17162791126106,2336,btc_qm_engine:btc_ptmc_rep_cold,2.0000000000
METRIC,2026-04-17T23:02:22Z,17162791152316,2336,btc_qm_engine:btc_ptmc_accept,1.0000000000
METRIC,2026-04-17T23:02:22Z,17162791179776,2336,btc_qm_engine:btc_ptmc_rep_hot,4.0000000000
METRIC,2026-04-17T23:02:22Z,17162791205066,2336,btc_qm_engine:btc_ptmc_rep_cold,3.0000000000
METRIC,2026-04-17T23:02:22Z,17162791230326,2336,btc_qm_engine:btc_ptmc_accept,1.0000000000
METRIC,2026-04-17T23:02:22Z,17162791257956,2336,btc_qm_engine:btc_ptmc_rep_hot,5.0000000000
METRIC,2026-04-17T23:02:22Z,17162791291556,2336,btc_qm_engine:btc_ptmc_rep_cold,4.0000000000
METRIC,2026-04-17T23:02:22Z,17162791339136,2336,btc_qm_engine:btc_ptmc_accept,1.0000000000
METRIC,2026-04-17T23:02:22Z,17162791371906,2336,btc_qm_engine:btc_ptmc_rep_hot,6.0000000000
METRIC,2026-04-17T23:02:22Z,17162791396736,2336,btc_qm_engine:btc_ptmc_rep_cold,5.0000000000
METRIC,2026-04-17T23:02:22Z,17162791423736,2336,btc_qm_engine:btc_ptmc_accept,1.0000000000
METRIC,2026-04-17T23:02:22Z,17162791631996,2336,btc_qm_engine:btc_ptmc_rep_hot,7.0000000000
METRIC,2026-04-17T23:02:22Z,17162791666396,2336,btc_qm_engine:btc_ptmc_rep_cold,6.0000000000
METRIC,2026-04-17T23:02:22Z,17162791692346,2336,btc_qm_engine:btc_ptmc_accept,1.0000000000
METRIC,2026-04-17T23:02:23Z,17162893722524,2336,btc_qm_engine:btc_ptmc_rep_hot,1.0000000000
METRIC,2026-04-17T23:02:23Z,17162893810974,2336,btc_qm_engine:btc_ptmc_rep_cold,0.0000000000
METRIC,2026-04-17T23:02:23Z,17162893840114,2336,btc_qm_engine:btc_ptmc_accept,-0.5136669338
METRIC,2026-04-17T23:02:23Z,17162893875354,2336,btc_qm_engine:btc_ptmc_rep_hot,2.0000000000
METRIC,2026-04-17T23:02:23Z,17162893908344,2336,btc_qm_engine:btc_ptmc_rep_cold,1.0000000000
METRIC,2026-04-17T23:02:23Z,17162893934444,2336,btc_qm_engine:btc_ptmc_accept,0.5134418693
METRIC,2026-04-17T23:02:23Z,17162893962894,2336,btc_qm_engine:btc_ptmc_rep_hot,3.0000000000
METRIC,2026-04-17T23:02:23Z,17162893989964,2336,btc_qm_engine:btc_ptmc_rep_cold,2.0000000000
METRIC,2026-04-17T23:02:23Z,17162894046184,2336,btc_qm_engine:btc_ptmc_accept,0.7165399462
METRIC,2026-04-17T23:02:23Z,17162894082794,2336,btc_qm_engine:btc_ptmc_rep_hot,4.0000000000
METRIC,2026-04-17T23:02:23Z,17162894117014,2336,btc_qm_engine:btc_ptmc_rep_cold,3.0000000000
METRIC,2026-04-17T23:02:23Z,17162894145184,2336,btc_qm_engine:btc_ptmc_accept,0.8187343053
METRIC,2026-04-17T23:02:23Z,17162894173554,2336,btc_qm_engine:btc_ptmc_rep_hot,5.0000000000
METRIC,2026-04-17T23:02:23Z,17162894205194,2336,btc_qm_engine:btc_ptmc_rep_cold,4.0000000000
METRIC,2026-04-17T23:02:23Z,17162894233364,2336,btc_qm_engine:btc_ptmc_accept,0.8824983983
METRIC,2026-04-17T23:02:23Z,17162894261654,2336,btc_qm_engine:btc_ptmc_rep_hot,6.0000000000
METRIC,2026-04-17T23:02:23Z,17162894293494,2336,btc_qm_engine:btc_ptmc_rep_cold,5.0000000000
METRIC,2026-04-17T23:02:23Z,17162894320414,2336,btc_qm_engine:btc_ptmc_accept,0.9298549256
METRIC,2026-04-17T23:02:23Z,17162894348304,2336,btc_qm_engine:btc_ptmc_rep_hot,7.0000000000
METRIC,2026-04-17T23:02:23Z,17162894398634,2336,btc_qm_engine:btc_ptmc_rep_cold,6.0000000000
METRIC,2026-04-17T23:02:23Z,17162894425784,2336,btc_qm_engine:btc_ptmc_accept,0.9540303485
METRIC,2026-04-17T23:02:23Z,17162994278582,2336,btc_qm_engine:btc_ptmc_rep_hot,1.0000000000
METRIC,2026-04-17T23:02:23Z,17162994369222,2336,btc_qm_engine:btc_ptmc_rep_cold,0.0000000000
METRIC,2026-04-17T23:02:23Z,17162994470162,2336,btc_qm_engine:btc_ptmc_accept,1.0000000000
METRIC,2026-04-17T23:02:23Z,17162994515402,2336,btc_qm_engine:btc_ptmc_rep_hot,2.0000000000
METRIC,2026-04-17T23:02:23Z,17162994546322,2336,btc_qm_engine:btc_ptmc_rep_cold,1.0000000000
METRIC,2026-04-17T23:02:23Z,17162994575432,2336,btc_qm_engine:btc_ptmc_accept,1.0000000000
METRIC,2026-04-17T23:02:23Z,17162994606242,2336,btc_qm_engine:btc_ptmc_rep_hot,3.0000000000
METRIC,2026-04-17T23:02:23Z,17162994644452,2336,btc_qm_engine:btc_ptmc_rep_cold,2.0000000000
METRIC,2026-04-17T23:02:23Z,17162994681882,2336,btc_qm_engine:btc_ptmc_accept,1.0000000000
METRIC,2026-04-17T23:02:23Z,17162994709362,2336,btc_qm_engine:btc_ptmc_rep_hot,4.0000000000
METRIC,2026-04-17T23:02:23Z,17162994735852,2336,btc_qm_engine:btc_ptmc_rep_cold,3.0000000000
METRIC,2026-04-17T23:02:23Z,17162994762942,2336,btc_qm_engine:btc_ptmc_accept,1.0000000000
METRIC,2026-04-17T23:02:23Z,17162994789802,2336,btc_qm_engine:btc_ptmc_rep_hot,5.0000000000
METRIC,2026-04-17T23:02:23Z,17162994817042,2336,btc_qm_engine:btc_ptmc_rep_cold,4.0000000000
METRIC,2026-04-17T23:02:23Z,17162994844352,2336,btc_qm_engine:btc_ptmc_accept,1.0000000000
METRIC,2026-04-17T23:02:23Z,17162994871822,2336,btc_qm_engine:btc_ptmc_rep_hot,6.0000000000
METRIC,2026-04-17T23:02:23Z,17162994898322,2336,btc_qm_engine:btc_ptmc_rep_cold,5.0000000000
METRIC,2026-04-17T23:02:23Z,17162994923012,2336,btc_qm_engine:btc_ptmc_accept,1.0000000000
METRIC,2026-04-17T23:02:23Z,17162994951852,2336,btc_qm_engine:btc_ptmc_rep_hot,7.0000000000
METRIC,2026-04-17T23:02:23Z,17162994977012,2336,btc_qm_engine:btc_ptmc_rep_cold,6.0000000000
METRIC,2026-04-17T23:02:23Z,17162995020612,2336,btc_qm_engine:btc_ptmc_accept,1.0000000000
METRIC,2026-04-17T23:02:23Z,17163095469900,2336,btc_qm_engine:btc_ptmc_rep_hot,1.0000000000
METRIC,2026-04-17T23:02:23Z,17163095557600,2336,btc_qm_engine:btc_ptmc_rep_cold,0.0000000000
METRIC,2026-04-17T23:02:23Z,17163095587440,2336,btc_qm_engine:btc_ptmc_accept,1.0000000000
METRIC,2026-04-17T23:02:23Z,17163095615970,2336,btc_qm_engine:btc_ptmc_rep_hot,2.0000000000
METRIC,2026-04-17T23:02:23Z,17163095644090,2336,btc_qm_engine:btc_ptmc_rep_cold,1.0000000000
METRIC,2026-04-17T23:02:23Z,17163095672020,2336,btc_qm_engine:btc_ptmc_accept,1.0000000000
METRIC,2026-04-17T23:02:23Z,17163095700040,2336,btc_qm_engine:btc_ptmc_rep_hot,3.0000000000
METRIC,2026-04-17T23:02:23Z,17163095728150,2336,btc_qm_engine:btc_ptmc_rep_cold,2.0000000000
METRIC,2026-04-17T23:02:23Z,17163095755620,2336,btc_qm_engine:btc_ptmc_accept,1.0000000000
METRIC,2026-04-17T23:02:23Z,17163095784340,2336,btc_qm_engine:btc_ptmc_rep_hot,4.0000000000
METRIC,2026-04-17T23:02:23Z,17163095812370,2336,btc_qm_engine:btc_ptmc_rep_cold,3.0000000000
METRIC,2026-04-17T23:02:23Z,17163095840330,2336,btc_qm_engine:btc_ptmc_accept,1.0000000000
METRIC,2026-04-17T23:02:23Z,17163095868060,2336,btc_qm_engine:btc_ptmc_rep_hot,5.0000000000
METRIC,2026-04-17T23:02:23Z,17163095896560,2336,btc_qm_engine:btc_ptmc_rep_cold,4.0000000000
METRIC,2026-04-17T23:02:23Z,17163095923510,2336,btc_qm_engine:btc_ptmc_accept,1.0000000000
METRIC,2026-04-17T23:02:23Z,17163095950600,2336,btc_qm_engine:btc_ptmc_rep_hot,6.0000000000
METRIC,2026-04-17T23:02:23Z,17163095978500,2336,btc_qm_engine:btc_ptmc_rep_cold,5.0000000000
METRIC,2026-04-17T23:02:23Z,17163096035830,2336,btc_qm_engine:btc_ptmc_accept,1.0000000000
METRIC,2026-04-17T23:02:23Z,17163096063650,2336,btc_qm_engine:btc_ptmc_rep_hot,7.0000000000
METRIC,2026-04-17T23:02:23Z,17163096091550,2336,btc_qm_engine:btc_ptmc_rep_cold,6.0000000000
METRIC,2026-04-17T23:02:23Z,17163096119830,2336,btc_qm_engine:btc_ptmc_accept,1.0000000000
HW_SAMPLE,2026-04-17T23:02:23Z,17163154777609,2336,btc_qm_engine:cpu_delta_pct,62.8039
HW_SAMPLE,2026-04-17T23:02:23Z,17163154777609,2336,btc_qm_engine:mem_used_pct,77.9640
HW_SAMPLE,2026-04-17T23:02:23Z,17163154777609,2336,btc_qm_engine:vm_rss_kb,7572
HW_SAMPLE,2026-04-17T23:02:23Z,17163154777609,2336,btc_qm_engine:vm_peak_kb,236324
METRIC,2026-04-17T23:02:23Z,17163155423229,2336,btc_qm_engine:btc_nonces_total,8710144.0000000000
METRIC,2026-04-17T23:02:23Z,17163155482549,2336,btc_qm_engine:btc_nonce_coverage_pct,inf
HW_SAMPLE,2026-04-17T23:02:23Z,17163156106829,2336,btc_qm_engine:cpu_delta_pct,100.0000
HW_SAMPLE,2026-04-17T23:02:23Z,17163156106829,2336,btc_qm_engine:mem_used_pct,77.9640
HW_SAMPLE,2026-04-17T23:02:23Z,17163156106829,2336,btc_qm_engine:vm_rss_kb,7572
HW_SAMPLE,2026-04-17T23:02:23Z,17163156106829,2336,btc_qm_engine:vm_peak_kb,236324
METRIC,2026-04-17T23:02:23Z,17163165691449,2336,btc_qm_engine:btc_nx48_delta_nonce_old,50.0000000000
METRIC,2026-04-17T23:02:23Z,17163165769439,2336,btc_qm_engine:btc_nx48_delta_nonce_new,50.0000000000
METRIC,2026-04-17T23:02:23Z,17163165794939,2336,btc_qm_engine:btc_nx48_batch_old,4.0000000000
METRIC,2026-04-17T23:02:23Z,17163165816739,2336,btc_qm_engine:btc_nx48_batch_new,4.0000000000
METRIC,2026-04-17T23:02:23Z,17163165837619,2336,btc_qm_engine:btc_nx48_loss,0.2889157682
METRIC,2026-04-17T23:02:23Z,17163165865219,2336,btc_qm_engine:btc_nx48_grad_norm,0.0940760991
METRIC,2026-04-17T23:02:23Z,17163165893309,2336,btc_qm_engine:btc_nx48_update_count,3256.0000000000
METRIC,2026-04-17T23:02:23Z,17163165919729,2336,btc_qm_engine:btc_nx48_exploration_bias,0.8671823701
METRIC,2026-04-17T23:02:23Z,17163165943609,2336,btc_qm_engine:btc_nx48_dual_blend,0.2000000000
METRIC,2026-04-17T23:02:23Z,17163165964599,2336,btc_qm_engine:btc_hashrate_mhs,0.8706280269
METRIC,2026-04-17T23:02:23Z,17163165985619,2336,btc_qm_engine:btc_hashrate_thread_id,0.0000000000
METRIC,2026-04-17T23:02:23Z,17163166605729,2336,btc_qm_engine:btc_hashrate_mhs,0.8707525687
METRIC,2026-04-17T23:02:23Z,17163166667389,2336,btc_qm_engine:btc_hashrate_thread_id,1.0000000000
METRIC,2026-04-17T23:02:23Z,17163196287078,2336,btc_qm_engine:btc_ptmc_rep_hot,1.0000000000
METRIC,2026-04-17T23:02:23Z,17163196387958,2336,btc_qm_engine:btc_ptmc_rep_cold,0.0000000000
METRIC,2026-04-17T23:02:23Z,17163196441358,2336,btc_qm_engine:btc_ptmc_accept,0.2635971381
METRIC,2026-04-17T23:02:23Z,17163196580548,2336,btc_qm_engine:btc_ptmc_rep_hot,2.0000000000
METRIC,2026-04-17T23:02:23Z,17163196607508,2336,btc_qm_engine:btc_ptmc_rep_cold,1.0000000000
METRIC,2026-04-17T23:02:23Z,17163196630338,2336,btc_qm_engine:btc_ptmc_accept,1.0000000000
METRIC,2026-04-17T23:02:23Z,17163196655158,2336,btc_qm_engine:btc_ptmc_rep_hot,3.0000000000
METRIC,2026-04-17T23:02:23Z,17163196679578,2336,btc_qm_engine:btc_ptmc_rep_cold,2.0000000000
METRIC,2026-04-17T23:02:23Z,17163196703948,2336,btc_qm_engine:btc_ptmc_accept,1.0000000000
METRIC,2026-04-17T23:02:23Z,17163196724758,2336,btc_qm_engine:btc_ptmc_rep_hot,4.0000000000
METRIC,2026-04-17T23:02:23Z,17163196749088,2336,btc_qm_engine:btc_ptmc_rep_cold,3.0000000000
METRIC,2026-04-17T23:02:23Z,17163196775008,2336,btc_qm_engine:btc_ptmc_accept,1.0000000000
METRIC,2026-04-17T23:02:23Z,17163196799478,2336,btc_qm_engine:btc_ptmc_rep_hot,5.0000000000
METRIC,2026-04-17T23:02:23Z,17163196820228,2336,btc_qm_engine:btc_ptmc_rep_cold,4.0000000000
METRIC,2026-04-17T23:02:23Z,17163196856668,2336,btc_qm_engine:btc_ptmc_accept,1.0000000000
METRIC,2026-04-17T23:02:23Z,17163196888428,2336,btc_qm_engine:btc_ptmc_rep_hot,6.0000000000
METRIC,2026-04-17T23:02:23Z,17163196915138,2336,btc_qm_engine:btc_ptmc_rep_cold,5.0000000000
METRIC,2026-04-17T23:02:23Z,17163196940768,2336,btc_qm_engine:btc_ptmc_accept,1.0000000000
METRIC,2026-04-17T23:02:23Z,17163196962148,2336,btc_qm_engine:btc_ptmc_rep_hot,7.0000000000
METRIC,2026-04-17T23:02:23Z,17163196987068,2336,btc_qm_engine:btc_ptmc_rep_cold,6.0000000000
METRIC,2026-04-17T23:02:23Z,17163197050208,2336,btc_qm_engine:btc_ptmc_accept,1.0000000000
METRIC,2026-04-17T23:02:23Z,17163303792836,2336,btc_qm_engine:btc_ptmc_rep_hot,1.0000000000
METRIC,2026-04-17T23:02:23Z,17163303914646,2336,btc_qm_engine:btc_ptmc_rep_cold,0.0000000000
METRIC,2026-04-17T23:02:23Z,17163303948386,2336,btc_qm_engine:btc_ptmc_accept,1.0000000000
METRIC,2026-04-17T23:02:23Z,17163303977166,2336,btc_qm_engine:btc_ptmc_rep_hot,2.0000000000
METRIC,2026-04-17T23:02:23Z,17163304021786,2336,btc_qm_engine:btc_ptmc_rep_cold,1.0000000000
METRIC,2026-04-17T23:02:23Z,17163304049626,2336,btc_qm_engine:btc_ptmc_accept,0.7165001846
METRIC,2026-04-17T23:02:23Z,17163304078336,2336,btc_qm_engine:btc_ptmc_rep_hot,3.0000000000
METRIC,2026-04-17T23:02:23Z,17163304104896,2336,btc_qm_engine:btc_ptmc_rep_cold,2.0000000000
METRIC,2026-04-17T23:02:23Z,17163304130796,2336,btc_qm_engine:btc_ptmc_accept,0.8464725326
METRIC,2026-04-17T23:02:23Z,17163304157636,2336,btc_qm_engine:btc_ptmc_rep_hot,4.0000000000
METRIC,2026-04-17T23:02:23Z,17163304184686,2336,btc_qm_engine:btc_ptmc_rep_cold,3.0000000000
METRIC,2026-04-17T23:02:23Z,17163304213956,2336,btc_qm_engine:btc_ptmc_accept,1.0000000000
METRIC,2026-04-17T23:02:23Z,17163304241146,2336,btc_qm_engine:btc_ptmc_rep_hot,5.0000000000
METRIC,2026-04-17T23:02:23Z,17163304268226,2336,btc_qm_engine:btc_ptmc_rep_cold,4.0000000000
METRIC,2026-04-17T23:02:23Z,17163304294476,2336,btc_qm_engine:btc_ptmc_accept,0.9394116283
METRIC,2026-04-17T23:02:23Z,17163304320986,2336,btc_qm_engine:btc_ptmc_rep_hot,6.0000000000
METRIC,2026-04-17T23:02:23Z,17163304347446,2336,btc_qm_engine:btc_ptmc_rep_cold,5.0000000000
METRIC,2026-04-17T23:02:23Z,17163304373626,2336,btc_qm_engine:btc_ptmc_accept,0.9642890805
METRIC,2026-04-17T23:02:23Z,17163304400076,2336,btc_qm_engine:btc_ptmc_rep_hot,7.0000000000
METRIC,2026-04-17T23:02:23Z,17163304426466,2336,btc_qm_engine:btc_ptmc_rep_cold,6.0000000000
METRIC,2026-04-17T23:02:23Z,17163304452986,2336,btc_qm_engine:btc_ptmc_accept,0.9767450351
METRIC,2026-04-17T23:02:23Z,17163407800334,2336,btc_qm_engine:btc_ptmc_rep_hot,1.0000000000
METRIC,2026-04-17T23:02:23Z,17163407891114,2336,btc_qm_engine:btc_ptmc_rep_cold,0.0000000000
METRIC,2026-04-17T23:02:23Z,17163407920764,2336,btc_qm_engine:btc_ptmc_accept,1.0000000000
METRIC,2026-04-17T23:02:23Z,17163407950474,2336,btc_qm_engine:btc_ptmc_rep_hot,2.0000000000
METRIC,2026-04-17T23:02:23Z,17163407977054,2336,btc_qm_engine:btc_ptmc_rep_cold,1.0000000000
METRIC,2026-04-17T23:02:23Z,17163408019604,2336,btc_qm_engine:btc_ptmc_accept,1.0000000000
METRIC,2026-04-17T23:02:23Z,17163408046574,2336,btc_qm_engine:btc_ptmc_rep_hot,3.0000000000
METRIC,2026-04-17T23:02:23Z,17163408072204,2336,btc_qm_engine:btc_ptmc_rep_cold,2.0000000000
METRIC,2026-04-17T23:02:23Z,17163408098134,2336,btc_qm_engine:btc_ptmc_accept,1.0000000000
METRIC,2026-04-17T23:02:23Z,17163408124234,2336,btc_qm_engine:btc_ptmc_rep_hot,4.0000000000
METRIC,2026-04-17T23:02:23Z,17163408150534,2336,btc_qm_engine:btc_ptmc_rep_cold,3.0000000000
METRIC,2026-04-17T23:02:23Z,17163408177194,2336,btc_qm_engine:btc_ptmc_accept,1.0000000000
METRIC,2026-04-17T23:02:23Z,17163408204554,2336,btc_qm_engine:btc_ptmc_rep_hot,5.0000000000
METRIC,2026-04-17T23:02:23Z,17163408241984,2336,btc_qm_engine:btc_ptmc_rep_cold,4.0000000000
METRIC,2026-04-17T23:02:23Z,17163408280704,2336,btc_qm_engine:btc_ptmc_accept,1.0000000000
METRIC,2026-04-17T23:02:23Z,17163408305974,2336,btc_qm_engine:btc_ptmc_rep_hot,6.0000000000
METRIC,2026-04-17T23:02:23Z,17163408329354,2336,btc_qm_engine:btc_ptmc_rep_cold,5.0000000000
METRIC,2026-04-17T23:02:23Z,17163408354854,2336,btc_qm_engine:btc_ptmc_accept,1.0000000000
METRIC,2026-04-17T23:02:23Z,17163408381774,2336,btc_qm_engine:btc_ptmc_rep_hot,7.0000000000
METRIC,2026-04-17T23:02:23Z,17163408408524,2336,btc_qm_engine:btc_ptmc_rep_cold,6.0000000000
METRIC,2026-04-17T23:02:23Z,17163408435304,2336,btc_qm_engine:btc_ptmc_accept,1.0000000000
METRIC,2026-04-17T23:02:23Z,17163513696272,2336,btc_qm_engine:btc_ptmc_rep_hot,1.0000000000
METRIC,2026-04-17T23:02:23Z,17163513783722,2336,btc_qm_engine:btc_ptmc_rep_cold,0.0000000000
METRIC,2026-04-17T23:02:23Z,17163513814892,2336,btc_qm_engine:btc_ptmc_accept,0.2638029098
METRIC,2026-04-17T23:02:23Z,17163513876632,2336,btc_qm_engine:btc_ptmc_rep_hot,2.0000000000
METRIC,2026-04-17T23:02:23Z,17163513907682,2336,btc_qm_engine:btc_ptmc_rep_cold,1.0000000000
METRIC,2026-04-17T23:02:23Z,17163513934692,2336,btc_qm_engine:btc_ptmc_accept,1.0000000000
METRIC,2026-04-17T23:02:23Z,17163513998692,2336,btc_qm_engine:btc_ptmc_rep_hot,3.0000000000
METRIC,2026-04-17T23:02:23Z,17163514044492,2336,btc_qm_engine:btc_ptmc_rep_cold,2.0000000000
METRIC,2026-04-17T23:02:23Z,17163514071542,2336,btc_qm_engine:btc_ptmc_accept,0.7165226744
METRIC,2026-04-17T23:02:23Z,17163514099462,2336,btc_qm_engine:btc_ptmc_rep_hot,4.0000000000
METRIC,2026-04-17T23:02:23Z,17163514128662,2336,btc_qm_engine:btc_ptmc_rep_cold,3.0000000000
METRIC,2026-04-17T23:02:23Z,17163514157862,2336,btc_qm_engine:btc_ptmc_accept,0.8187272007
METRIC,2026-04-17T23:02:23Z,17163514187332,2336,btc_qm_engine:btc_ptmc_rep_hot,5.0000000000
METRIC,2026-04-17T23:02:23Z,17163514215092,2336,btc_qm_engine:btc_ptmc_rep_cold,4.0000000000
METRIC,2026-04-17T23:02:23Z,17163514244482,2336,btc_qm_engine:btc_ptmc_accept,-0.8824954069
METRIC,2026-04-17T23:02:23Z,17163514279172,2336,btc_qm_engine:btc_ptmc_rep_hot,6.0000000000
METRIC,2026-04-17T23:02:23Z,17163514309272,2336,btc_qm_engine:btc_ptmc_rep_cold,5.0000000000
METRIC,2026-04-17T23:02:23Z,17163514337992,2336,btc_qm_engine:btc_ptmc_accept,1.0000000000
METRIC,2026-04-17T23:02:23Z,17163514991832,2336,btc_qm_engine:btc_ptmc_rep_hot,7.0000000000
METRIC,2026-04-17T23:02:23Z,17163515041352,2336,btc_qm_engine:btc_ptmc_rep_cold,6.0000000000
METRIC,2026-04-17T23:02:23Z,17163515068882,2336,btc_qm_engine:btc_ptmc_accept,1.0000000000
METRIC,2026-04-17T23:02:23Z,17163617097220,2336,btc_qm_engine:btc_ptmc_rep_hot,1.0000000000
METRIC,2026-04-17T23:02:23Z,17163617186840,2336,btc_qm_engine:btc_ptmc_rep_cold,0.0000000000
METRIC,2026-04-17T23:02:23Z,17163617210390,2336,btc_qm_engine:btc_ptmc_accept,0.5136669338
METRIC,2026-04-17T23:02:23Z,17163617233660,2336,btc_qm_engine:btc_ptmc_rep_hot,2.0000000000
METRIC,2026-04-17T23:02:23Z,17163617266540,2336,btc_qm_engine:btc_ptmc_rep_cold,1.0000000000
METRIC,2026-04-17T23:02:23Z,17163617290600,2336,btc_qm_engine:btc_ptmc_accept,-0.3679060430
METRIC,2026-04-17T23:02:23Z,17163617321590,2336,btc_qm_engine:btc_ptmc_rep_hot,3.0000000000
METRIC,2026-04-17T23:02:23Z,17163617349850,2336,btc_qm_engine:btc_ptmc_rep_cold,2.0000000000
METRIC,2026-04-17T23:02:23Z,17163617370430,2336,btc_qm_engine:btc_ptmc_accept,1.0000000000
METRIC,2026-04-17T23:02:23Z,17163617391000,2336,btc_qm_engine:btc_ptmc_rep_hot,4.0000000000
METRIC,2026-04-17T23:02:23Z,17163617411730,2336,btc_qm_engine:btc_ptmc_rep_cold,3.0000000000
METRIC,2026-04-17T23:02:23Z,17163617432250,2336,btc_qm_engine:btc_ptmc_accept,1.0000000000
METRIC,2026-04-17T23:02:23Z,17163617453140,2336,btc_qm_engine:btc_ptmc_rep_hot,5.0000000000
METRIC,2026-04-17T23:02:23Z,17163617473930,2336,btc_qm_engine:btc_ptmc_rep_cold,4.0000000000
METRIC,2026-04-17T23:02:23Z,17163617502240,2336,btc_qm_engine:btc_ptmc_accept,1.0000000000
METRIC,2026-04-17T23:02:23Z,17163617529080,2336,btc_qm_engine:btc_ptmc_rep_hot,6.0000000000
METRIC,2026-04-17T23:02:23Z,17163617555640,2336,btc_qm_engine:btc_ptmc_rep_cold,5.0000000000
METRIC,2026-04-17T23:02:23Z,17163617576700,2336,btc_qm_engine:btc_ptmc_accept,1.0000000000
METRIC,2026-04-17T23:02:23Z,17163617598360,2336,btc_qm_engine:btc_ptmc_rep_hot,7.0000000000
METRIC,2026-04-17T23:02:23Z,17163617618750,2336,btc_qm_engine:btc_ptmc_rep_cold,6.0000000000
METRIC,2026-04-17T23:02:23Z,17163617639300,2336,btc_qm_engine:btc_ptmc_accept,1.0000000000
METRIC,2026-04-17T23:02:23Z,17163724809758,2336,btc_qm_engine:btc_ptmc_rep_hot,1.0000000000
METRIC,2026-04-17T23:02:23Z,17163724904978,2336,btc_qm_engine:btc_ptmc_rep_cold,0.0000000000
METRIC,2026-04-17T23:02:23Z,17163724930368,2336,btc_qm_engine:btc_ptmc_accept,0.2638029098
METRIC,2026-04-17T23:02:23Z,17163724959268,2336,btc_qm_engine:btc_ptmc_rep_hot,2.0000000000
METRIC,2026-04-17T23:02:23Z,17163724979918,2336,btc_qm_engine:btc_ptmc_rep_cold,1.0000000000
METRIC,2026-04-17T23:02:23Z,17163725000578,2336,btc_qm_engine:btc_ptmc_accept,-0.5134727291
METRIC,2026-04-17T23:02:23Z,17163725063658,2336,btc_qm_engine:btc_ptmc_rep_hot,3.0000000000
METRIC,2026-04-17T23:02:23Z,17163725106318,2336,btc_qm_engine:btc_ptmc_rep_cold,2.0000000000
METRIC,2026-04-17T23:02:23Z,17163725132268,2336,btc_qm_engine:btc_ptmc_accept,1.0000000000
METRIC,2026-04-17T23:02:23Z,17163725161168,2336,btc_qm_engine:btc_ptmc_rep_hot,4.0000000000
METRIC,2026-04-17T23:02:23Z,17163725188578,2336,btc_qm_engine:btc_ptmc_rep_cold,3.0000000000
METRIC,2026-04-17T23:02:23Z,17163725210868,2336,btc_qm_engine:btc_ptmc_accept,1.0000000000
METRIC,2026-04-17T23:02:23Z,17163725232928,2336,btc_qm_engine:btc_ptmc_rep_hot,5.0000000000
METRIC,2026-04-17T23:02:23Z,17163725260258,2336,btc_qm_engine:btc_ptmc_rep_cold,4.0000000000
METRIC,2026-04-17T23:02:23Z,17163725293738,2336,btc_qm_engine:btc_ptmc_accept,1.0000000000
METRIC,2026-04-17T23:02:23Z,17163725322658,2336,btc_qm_engine:btc_ptmc_rep_hot,6.0000000000
METRIC,2026-04-17T23:02:23Z,17163725349828,2336,btc_qm_engine:btc_ptmc_rep_cold,5.0000000000
METRIC,2026-04-17T23:02:23Z,17163725373218,2336,btc_qm_engine:btc_ptmc_accept,1.0000000000
METRIC,2026-04-17T23:02:23Z,17163725395288,2336,btc_qm_engine:btc_ptmc_rep_hot,7.0000000000
METRIC,2026-04-17T23:02:23Z,17163725417108,2336,btc_qm_engine:btc_ptmc_rep_cold,6.0000000000
METRIC,2026-04-17T23:02:23Z,17163725445488,2336,btc_qm_engine:btc_ptmc_accept,1.0000000000
METRIC,2026-04-17T23:02:24Z,17163825137586,2336,btc_qm_engine:btc_ptmc_rep_hot,1.0000000000
METRIC,2026-04-17T23:02:24Z,17163825214966,2336,btc_qm_engine:btc_ptmc_rep_cold,0.0000000000
METRIC,2026-04-17T23:02:24Z,17163825238446,2336,btc_qm_engine:btc_ptmc_accept,0.5135063048
METRIC,2026-04-17T23:02:24Z,17163825282336,2336,btc_qm_engine:btc_ptmc_rep_hot,2.0000000000
METRIC,2026-04-17T23:02:24Z,17163825310886,2336,btc_qm_engine:btc_ptmc_rep_cold,1.0000000000
METRIC,2026-04-17T23:02:24Z,17163825339726,2336,btc_qm_engine:btc_ptmc_accept,1.0000000000
METRIC,2026-04-17T23:02:24Z,17163825371846,2336,btc_qm_engine:btc_ptmc_rep_hot,3.0000000000
METRIC,2026-04-17T23:02:24Z,17163825399426,2336,btc_qm_engine:btc_ptmc_rep_cold,2.0000000000
METRIC,2026-04-17T23:02:24Z,17163825424836,2336,btc_qm_engine:btc_ptmc_accept,-0.8464909161
METRIC,2026-04-17T23:02:24Z,17163825449066,2336,btc_qm_engine:btc_ptmc_rep_hot,4.0000000000
METRIC,2026-04-17T23:02:24Z,17163825469866,2336,btc_qm_engine:btc_ptmc_rep_cold,3.0000000000
METRIC,2026-04-17T23:02:24Z,17163825490566,2336,btc_qm_engine:btc_ptmc_accept,0.9048409551
METRIC,2026-04-17T23:02:24Z,17163825511376,2336,btc_qm_engine:btc_ptmc_rep_hot,5.0000000000
METRIC,2026-04-17T23:02:24Z,17163825532036,2336,btc_qm_engine:btc_ptmc_rep_cold,4.0000000000
METRIC,2026-04-17T23:02:24Z,17163825552506,2336,btc_qm_engine:btc_ptmc_accept,0.9394144973
METRIC,2026-04-17T23:02:24Z,17163825573566,2336,btc_qm_engine:btc_ptmc_rep_hot,6.0000000000
METRIC,2026-04-17T23:02:24Z,17163825594126,2336,btc_qm_engine:btc_ptmc_rep_cold,5.0000000000
METRIC,2026-04-17T23:02:24Z,17163825614526,2336,btc_qm_engine:btc_ptmc_accept,0.9642900774
METRIC,2026-04-17T23:02:24Z,17163825635196,2336,btc_qm_engine:btc_ptmc_rep_hot,7.0000000000
METRIC,2026-04-17T23:02:24Z,17163825655686,2336,btc_qm_engine:btc_ptmc_rep_cold,6.0000000000
METRIC,2026-04-17T23:02:24Z,17163825676246,2336,btc_qm_engine:btc_ptmc_accept,0.9767452464
METRIC,2026-04-17T23:02:24Z,17163930703044,2336,btc_qm_engine:btc_ptmc_rep_hot,1.0000000000
METRIC,2026-04-17T23:02:24Z,17163930929534,2336,btc_qm_engine:btc_ptmc_rep_cold,0.0000000000
METRIC,2026-04-17T23:02:24Z,17163931298184,2336,btc_qm_engine:btc_ptmc_accept,1.0000000000
METRIC,2026-04-17T23:02:24Z,17163931874164,2336,btc_qm_engine:btc_ptmc_rep_hot,2.0000000000
METRIC,2026-04-17T23:02:24Z,17163931955164,2336,btc_qm_engine:btc_ptmc_rep_cold,1.0000000000
METRIC,2026-04-17T23:02:24Z,17163931989154,2336,btc_qm_engine:btc_ptmc_accept,1.0000000000
METRIC,2026-04-17T23:02:24Z,17163932268114,2336,btc_qm_engine:btc_ptmc_rep_hot,3.0000000000
METRIC,2026-04-17T23:02:24Z,17163932351074,2336,btc_qm_engine:btc_ptmc_rep_cold,2.0000000000
METRIC,2026-04-17T23:02:24Z,17163932432994,2336,btc_qm_engine:btc_ptmc_accept,1.0000000000
METRIC,2026-04-17T23:02:24Z,17163932465464,2336,btc_qm_engine:btc_ptmc_rep_hot,4.0000000000
METRIC,2026-04-17T23:02:24Z,17163932493594,2336,btc_qm_engine:btc_ptmc_rep_cold,3.0000000000
METRIC,2026-04-17T23:02:24Z,17163932524684,2336,btc_qm_engine:btc_ptmc_accept,1.0000000000
METRIC,2026-04-17T23:02:24Z,17163932551944,2336,btc_qm_engine:btc_ptmc_rep_hot,5.0000000000
METRIC,2026-04-17T23:02:24Z,17163932590914,2336,btc_qm_engine:btc_ptmc_rep_cold,4.0000000000
METRIC,2026-04-17T23:02:24Z,17163932627544,2336,btc_qm_engine:btc_ptmc_accept,1.0000000000
METRIC,2026-04-17T23:02:24Z,17163932654154,2336,btc_qm_engine:btc_ptmc_rep_hot,6.0000000000
METRIC,2026-04-17T23:02:24Z,17163932681124,2336,btc_qm_engine:btc_ptmc_rep_cold,5.0000000000
METRIC,2026-04-17T23:02:24Z,17163932711254,2336,btc_qm_engine:btc_ptmc_accept,1.0000000000
METRIC,2026-04-17T23:02:24Z,17163932740324,2336,btc_qm_engine:btc_ptmc_rep_hot,7.0000000000
METRIC,2026-04-17T23:02:24Z,17163932768324,2336,btc_qm_engine:btc_ptmc_rep_cold,6.0000000000
METRIC,2026-04-17T23:02:24Z,17163932795244,2336,btc_qm_engine:btc_ptmc_accept,1.0000000000
METRIC,2026-04-17T23:02:24Z,17164036930242,2336,btc_qm_engine:btc_ptmc_rep_hot,1.0000000000
METRIC,2026-04-17T23:02:24Z,17164037024532,2336,btc_qm_engine:btc_ptmc_rep_cold,0.0000000000
METRIC,2026-04-17T23:02:24Z,17164037053832,2336,btc_qm_engine:btc_ptmc_accept,-0.1353352832
METRIC,2026-04-17T23:02:24Z,17164037089262,2336,btc_qm_engine:btc_ptmc_rep_hot,2.0000000000
METRIC,2026-04-17T23:02:24Z,17164037123022,2336,btc_qm_engine:btc_ptmc_rep_cold,1.0000000000
METRIC,2026-04-17T23:02:24Z,17164037151572,2336,btc_qm_engine:btc_ptmc_accept,0.7165001846
METRIC,2026-04-17T23:02:24Z,17164037205242,2336,btc_qm_engine:btc_ptmc_rep_hot,3.0000000000
METRIC,2026-04-17T23:02:24Z,17164037479942,2336,btc_qm_engine:btc_ptmc_rep_cold,2.0000000000
METRIC,2026-04-17T23:02:24Z,17164037519712,2336,btc_qm_engine:btc_ptmc_accept,0.8464725326
METRIC,2026-04-17T23:02:24Z,17164037552562,2336,btc_qm_engine:btc_ptmc_rep_hot,4.0000000000
METRIC,2026-04-17T23:02:24Z,17164037580062,2336,btc_qm_engine:btc_ptmc_rep_cold,3.0000000000
METRIC,2026-04-17T23:02:24Z,17164037611062,2336,btc_qm_engine:btc_ptmc_accept,0.9048338808
METRIC,2026-04-17T23:02:24Z,17164037645192,2336,btc_qm_engine:btc_ptmc_rep_hot,5.0000000000
METRIC,2026-04-17T23:02:24Z,17164037674952,2336,btc_qm_engine:btc_ptmc_rep_cold,4.0000000000
METRIC,2026-04-17T23:02:24Z,17164037702552,2336,btc_qm_engine:btc_ptmc_accept,0.9394116283
METRIC,2026-04-17T23:02:24Z,17164037741822,2336,btc_qm_engine:btc_ptmc_rep_hot,6.0000000000
METRIC,2026-04-17T23:02:24Z,17164037772182,2336,btc_qm_engine:btc_ptmc_rep_cold,5.0000000000
METRIC,2026-04-17T23:02:24Z,17164037802732,2336,btc_qm_engine:btc_ptmc_accept,1.0000000000
METRIC,2026-04-17T23:02:24Z,17164037830952,2336,btc_qm_engine:btc_ptmc_rep_hot,7.0000000000
METRIC,2026-04-17T23:02:24Z,17164037929922,2336,btc_qm_engine:btc_ptmc_rep_cold,6.0000000000
METRIC,2026-04-17T23:02:24Z,17164037964842,2336,btc_qm_engine:btc_ptmc_accept,0.9767450351
METRIC,2026-04-17T23:02:24Z,17164138382230,2336,btc_qm_engine:btc_ptmc_rep_hot,1.0000000000
METRIC,2026-04-17T23:02:24Z,17164138474590,2336,btc_qm_engine:btc_ptmc_rep_cold,0.0000000000
METRIC,2026-04-17T23:02:24Z,17164138508120,2336,btc_qm_engine:btc_ptmc_accept,-0.2636887251
METRIC,2026-04-17T23:02:24Z,17164138546210,2336,btc_qm_engine:btc_ptmc_rep_hot,2.0000000000
METRIC,2026-04-17T23:02:24Z,17164138579910,2336,btc_qm_engine:btc_ptmc_rep_cold,1.0000000000
METRIC,2026-04-17T23:02:24Z,17164138646290,2336,btc_qm_engine:btc_ptmc_accept,1.0000000000
METRIC,2026-04-17T23:02:24Z,17164138686680,2336,btc_qm_engine:btc_ptmc_rep_hot,3.0000000000
METRIC,2026-04-17T23:02:24Z,17164138719120,2336,btc_qm_engine:btc_ptmc_rep_cold,2.0000000000
METRIC,2026-04-17T23:02:24Z,17164138746370,2336,btc_qm_engine:btc_ptmc_accept,1.0000000000
METRIC,2026-04-17T23:02:24Z,17164138773570,2336,btc_qm_engine:btc_ptmc_rep_hot,4.0000000000
METRIC,2026-04-17T23:02:24Z,17164138801040,2336,btc_qm_engine:btc_ptmc_rep_cold,3.0000000000
METRIC,2026-04-17T23:02:24Z,17164138827970,2336,btc_qm_engine:btc_ptmc_accept,1.0000000000
METRIC,2026-04-17T23:02:24Z,17164138855090,2336,btc_qm_engine:btc_ptmc_rep_hot,5.0000000000
METRIC,2026-04-17T23:02:24Z,17164138889410,2336,btc_qm_engine:btc_ptmc_rep_cold,4.0000000000
METRIC,2026-04-17T23:02:24Z,17164138922240,2336,btc_qm_engine:btc_ptmc_accept,1.0000000000
METRIC,2026-04-17T23:02:24Z,17164138949830,2336,btc_qm_engine:btc_ptmc_rep_hot,6.0000000000
METRIC,2026-04-17T23:02:24Z,17164138976860,2336,btc_qm_engine:btc_ptmc_rep_cold,5.0000000000
METRIC,2026-04-17T23:02:24Z,17164139020790,2336,btc_qm_engine:btc_ptmc_accept,1.0000000000
METRIC,2026-04-17T23:02:24Z,17164139046780,2336,btc_qm_engine:btc_ptmc_rep_hot,7.0000000000
METRIC,2026-04-17T23:02:24Z,17164139072980,2336,btc_qm_engine:btc_ptmc_rep_cold,6.0000000000
METRIC,2026-04-17T23:02:24Z,17164139100080,2336,btc_qm_engine:btc_ptmc_accept,1.0000000000
METRIC,2026-04-17T23:02:24Z,17164242560298,2336,btc_qm_engine:btc_ptmc_rep_hot,1.0000000000
METRIC,2026-04-17T23:02:24Z,17164242650008,2336,btc_qm_engine:btc_ptmc_rep_cold,0.0000000000
METRIC,2026-04-17T23:02:24Z,17164242680638,2336,btc_qm_engine:btc_ptmc_accept,0.5136174742
METRIC,2026-04-17T23:02:24Z,17164242730418,2336,btc_qm_engine:btc_ptmc_rep_hot,2.0000000000
METRIC,2026-04-17T23:02:24Z,17164242758628,2336,btc_qm_engine:btc_ptmc_rep_cold,1.0000000000
METRIC,2026-04-17T23:02:24Z,17164242786888,2336,btc_qm_engine:btc_ptmc_accept,0.7165140378
METRIC,2026-04-17T23:02:24Z,17164242821078,2336,btc_qm_engine:btc_ptmc_rep_hot,3.0000000000
METRIC,2026-04-17T23:02:24Z,17164242847338,2336,btc_qm_engine:btc_ptmc_rep_cold,2.0000000000
METRIC,2026-04-17T23:02:24Z,17164242874358,2336,btc_qm_engine:btc_ptmc_accept,0.8464766237
METRIC,2026-04-17T23:02:24Z,17164242900288,2336,btc_qm_engine:btc_ptmc_rep_hot,4.0000000000
METRIC,2026-04-17T23:02:24Z,17164242925238,2336,btc_qm_engine:btc_ptmc_rep_cold,3.0000000000
METRIC,2026-04-17T23:02:24Z,17164242948858,2336,btc_qm_engine:btc_ptmc_accept,1.0000000000
METRIC,2026-04-17T23:02:24Z,17164242976108,2336,btc_qm_engine:btc_ptmc_rep_hot,5.0000000000
METRIC,2026-04-17T23:02:24Z,17164243018738,2336,btc_qm_engine:btc_ptmc_rep_cold,4.0000000000
METRIC,2026-04-17T23:02:24Z,17164243046418,2336,btc_qm_engine:btc_ptmc_accept,0.9394122667
METRIC,2026-04-17T23:02:24Z,17164243071998,2336,btc_qm_engine:btc_ptmc_rep_hot,6.0000000000
METRIC,2026-04-17T23:02:24Z,17164243096338,2336,btc_qm_engine:btc_ptmc_rep_cold,5.0000000000
METRIC,2026-04-17T23:02:24Z,17164243125398,2336,btc_qm_engine:btc_ptmc_accept,1.0000000000
METRIC,2026-04-17T23:02:24Z,17164243153598,2336,btc_qm_engine:btc_ptmc_rep_hot,7.0000000000
METRIC,2026-04-17T23:02:24Z,17164243186398,2336,btc_qm_engine:btc_ptmc_rep_cold,6.0000000000
METRIC,2026-04-17T23:02:24Z,17164243226758,2336,btc_qm_engine:btc_ptmc_accept,0.9767446541
METRIC,2026-04-17T23:02:24Z,17164346703156,2336,btc_qm_engine:btc_ptmc_rep_hot,1.0000000000
METRIC,2026-04-17T23:02:24Z,17164346791856,2336,btc_qm_engine:btc_ptmc_rep_cold,0.0000000000
METRIC,2026-04-17T23:02:24Z,17164346825146,2336,btc_qm_engine:btc_ptmc_accept,1.0000000000
METRIC,2026-04-17T23:02:24Z,17164346863216,2336,btc_qm_engine:btc_ptmc_rep_hot,2.0000000000
METRIC,2026-04-17T23:02:24Z,17164346899246,2336,btc_qm_engine:btc_ptmc_rep_cold,1.0000000000
METRIC,2026-04-17T23:02:24Z,17164346931306,2336,btc_qm_engine:btc_ptmc_accept,1.0000000000
METRIC,2026-04-17T23:02:24Z,17164346959996,2336,btc_qm_engine:btc_ptmc_rep_hot,3.0000000000
METRIC,2026-04-17T23:02:24Z,17164346988276,2336,btc_qm_engine:btc_ptmc_rep_cold,2.0000000000
METRIC,2026-04-17T23:02:24Z,17164348169456,2336,btc_qm_engine:btc_ptmc_accept,1.0000000000
METRIC,2026-04-17T23:02:24Z,17164348201026,2336,btc_qm_engine:btc_ptmc_rep_hot,4.0000000000
METRIC,2026-04-17T23:02:24Z,17164348231616,2336,btc_qm_engine:btc_ptmc_rep_cold,3.0000000000
METRIC,2026-04-17T23:02:24Z,17164348260956,2336,btc_qm_engine:btc_ptmc_accept,1.0000000000
METRIC,2026-04-17T23:02:24Z,17164348291076,2336,btc_qm_engine:btc_ptmc_rep_hot,5.0000000000
METRIC,2026-04-17T23:02:24Z,17164348318746,2336,btc_qm_engine:btc_ptmc_rep_cold,4.0000000000
METRIC,2026-04-17T23:02:24Z,17164348349106,2336,btc_qm_engine:btc_ptmc_accept,1.0000000000
METRIC,2026-04-17T23:02:24Z,17164348376656,2336,btc_qm_engine:btc_ptmc_rep_hot,6.0000000000
METRIC,2026-04-17T23:02:24Z,17164348404056,2336,btc_qm_engine:btc_ptmc_rep_cold,5.0000000000
METRIC,2026-04-17T23:02:24Z,17164348431876,2336,btc_qm_engine:btc_ptmc_accept,1.0000000000
METRIC,2026-04-17T23:02:24Z,17164348459276,2336,btc_qm_engine:btc_ptmc_rep_hot,7.0000000000
METRIC,2026-04-17T23:02:24Z,17164348491716,2336,btc_qm_engine:btc_ptmc_rep_cold,6.0000000000
METRIC,2026-04-17T23:02:24Z,17164348519496,2336,btc_qm_engine:btc_ptmc_accept,1.0000000000
METRIC,2026-04-17T23:02:24Z,17164446781994,2336,btc_qm_engine:btc_ptmc_rep_hot,1.0000000000
METRIC,2026-04-17T23:02:24Z,17164446875874,2336,btc_qm_engine:btc_ptmc_rep_cold,0.0000000000
METRIC,2026-04-17T23:02:24Z,17164446904584,2336,btc_qm_engine:btc_ptmc_accept,1.0000000000
METRIC,2026-04-17T23:02:24Z,17164446939684,2336,btc_qm_engine:btc_ptmc_rep_hot,2.0000000000
METRIC,2026-04-17T23:02:24Z,17164446966414,2336,btc_qm_engine:btc_ptmc_rep_cold,1.0000000000
METRIC,2026-04-17T23:02:24Z,17164447194224,2336,btc_qm_engine:btc_ptmc_accept,1.0000000000
METRIC,2026-04-17T23:02:24Z,17164447234634,2336,btc_qm_engine:btc_ptmc_rep_hot,3.0000000000
METRIC,2026-04-17T23:02:24Z,17164447265534,2336,btc_qm_engine:btc_ptmc_rep_cold,2.0000000000
METRIC,2026-04-17T23:02:24Z,17164447290964,2336,btc_qm_engine:btc_ptmc_accept,1.0000000000
METRIC,2026-04-17T23:02:24Z,17164447316854,2336,btc_qm_engine:btc_ptmc_rep_hot,4.0000000000
METRIC,2026-04-17T23:02:24Z,17164447342244,2336,btc_qm_engine:btc_ptmc_rep_cold,3.0000000000
METRIC,2026-04-17T23:02:24Z,17164447366834,2336,btc_qm_engine:btc_ptmc_accept,1.0000000000
METRIC,2026-04-17T23:02:24Z,17164447392244,2336,btc_qm_engine:btc_ptmc_rep_hot,5.0000000000
METRIC,2026-04-17T23:02:24Z,17164447430044,2336,btc_qm_engine:btc_ptmc_rep_cold,4.0000000000
METRIC,2026-04-17T23:02:24Z,17164447462734,2336,btc_qm_engine:btc_ptmc_accept,1.0000000000
METRIC,2026-04-17T23:02:24Z,17164447488314,2336,btc_qm_engine:btc_ptmc_rep_hot,6.0000000000
METRIC,2026-04-17T23:02:24Z,17164447514114,2336,btc_qm_engine:btc_ptmc_rep_cold,5.0000000000
METRIC,2026-04-17T23:02:24Z,17164447540624,2336,btc_qm_engine:btc_ptmc_accept,1.0000000000
METRIC,2026-04-17T23:02:24Z,17164447566874,2336,btc_qm_engine:btc_ptmc_rep_hot,7.0000000000
METRIC,2026-04-17T23:02:24Z,17164447592894,2336,btc_qm_engine:btc_ptmc_rep_cold,6.0000000000
METRIC,2026-04-17T23:02:24Z,17164447619074,2336,btc_qm_engine:btc_ptmc_accept,1.0000000000
METRIC,2026-04-17T23:02:24Z,17164550451342,2336,btc_qm_engine:btc_ptmc_rep_hot,1.0000000000
METRIC,2026-04-17T23:02:24Z,17164550543862,2336,btc_qm_engine:btc_ptmc_rep_cold,0.0000000000
METRIC,2026-04-17T23:02:24Z,17164550574142,2336,btc_qm_engine:btc_ptmc_accept,1.0000000000
METRIC,2026-04-17T23:02:24Z,17164550606502,2336,btc_qm_engine:btc_ptmc_rep_hot,2.0000000000
METRIC,2026-04-17T23:02:24Z,17164550633122,2336,btc_qm_engine:btc_ptmc_rep_cold,1.0000000000
METRIC,2026-04-17T23:02:24Z,17164550659432,2336,btc_qm_engine:btc_ptmc_accept,1.0000000000
METRIC,2026-04-17T23:02:24Z,17164550692492,2336,btc_qm_engine:btc_ptmc_rep_hot,3.0000000000
METRIC,2026-04-17T23:02:24Z,17164550720022,2336,btc_qm_engine:btc_ptmc_rep_cold,2.0000000000
METRIC,2026-04-17T23:02:24Z,17164550747162,2336,btc_qm_engine:btc_ptmc_accept,1.0000000000
METRIC,2026-04-17T23:02:24Z,17164550774382,2336,btc_qm_engine:btc_ptmc_rep_hot,4.0000000000
METRIC,2026-04-17T23:02:24Z,17164550801742,2336,btc_qm_engine:btc_ptmc_rep_cold,3.0000000000
METRIC,2026-04-17T23:02:24Z,17164550856242,2336,btc_qm_engine:btc_ptmc_accept,1.0000000000
METRIC,2026-04-17T23:02:24Z,17164550884742,2336,btc_qm_engine:btc_ptmc_rep_hot,5.0000000000
METRIC,2026-04-17T23:02:24Z,17164550912092,2336,btc_qm_engine:btc_ptmc_rep_cold,4.0000000000
METRIC,2026-04-17T23:02:24Z,17164550938902,2336,btc_qm_engine:btc_ptmc_accept,1.0000000000
METRIC,2026-04-17T23:02:24Z,17164550966142,2336,btc_qm_engine:btc_ptmc_rep_hot,6.0000000000
METRIC,2026-04-17T23:02:24Z,17164550993292,2336,btc_qm_engine:btc_ptmc_rep_cold,5.0000000000
METRIC,2026-04-17T23:02:24Z,17164551105872,2336,btc_qm_engine:btc_ptmc_accept,1.0000000000
METRIC,2026-04-17T23:02:24Z,17164551141072,2336,btc_qm_engine:btc_ptmc_rep_hot,7.0000000000
METRIC,2026-04-17T23:02:24Z,17164551172012,2336,btc_qm_engine:btc_ptmc_rep_cold,6.0000000000
METRIC,2026-04-17T23:02:24Z,17164551207432,2336,btc_qm_engine:btc_ptmc_accept,1.0000000000
METRIC,2026-04-17T23:02:24Z,17164652344010,2336,btc_qm_engine:btc_ptmc_rep_hot,1.0000000000
METRIC,2026-04-17T23:02:24Z,17164652522630,2336,btc_qm_engine:btc_ptmc_rep_cold,0.0000000000
METRIC,2026-04-17T23:02:24Z,17164652575300,2336,btc_qm_engine:btc_ptmc_accept,1.0000000000
METRIC,2026-04-17T23:02:24Z,17164652619350,2336,btc_qm_engine:btc_ptmc_rep_hot,2.0000000000
METRIC,2026-04-17T23:02:24Z,17164652682330,2336,btc_qm_engine:btc_ptmc_rep_cold,1.0000000000
METRIC,2026-04-17T23:02:24Z,17164652724420,2336,btc_qm_engine:btc_ptmc_accept,1.0000000000
METRIC,2026-04-17T23:02:24Z,17164652863670,2336,btc_qm_engine:btc_ptmc_rep_hot,3.0000000000
METRIC,2026-04-17T23:02:24Z,17164652939460,2336,btc_qm_engine:btc_ptmc_rep_cold,2.0000000000
METRIC,2026-04-17T23:02:24Z,17164653072570,2336,btc_qm_engine:btc_ptmc_accept,1.0000000000
METRIC,2026-04-17T23:02:24Z,17164653223180,2336,btc_qm_engine:btc_ptmc_rep_hot,4.0000000000
METRIC,2026-04-17T23:02:24Z,17164653281980,2336,btc_qm_engine:btc_ptmc_rep_cold,3.0000000000
METRIC,2026-04-17T23:02:24Z,17164653407990,2336,btc_qm_engine:btc_ptmc_accept,1.0000000000
METRIC,2026-04-17T23:02:24Z,17164653471480,2336,btc_qm_engine:btc_ptmc_rep_hot,5.0000000000
METRIC,2026-04-17T23:02:24Z,17164653545310,2336,btc_qm_engine:btc_ptmc_rep_cold,4.0000000000
METRIC,2026-04-17T23:02:24Z,17164653670730,2336,btc_qm_engine:btc_ptmc_accept,1.0000000000
METRIC,2026-04-17T23:02:24Z,17164653721330,2336,btc_qm_engine:btc_ptmc_rep_hot,6.0000000000
METRIC,2026-04-17T23:02:24Z,17164653757740,2336,btc_qm_engine:btc_ptmc_rep_cold,5.0000000000
METRIC,2026-04-17T23:02:24Z,17164653891340,2336,btc_qm_engine:btc_ptmc_accept,1.0000000000
METRIC,2026-04-17T23:02:24Z,17164653934620,2336,btc_qm_engine:btc_ptmc_rep_hot,7.0000000000
METRIC,2026-04-17T23:02:24Z,17164653974170,2336,btc_qm_engine:btc_ptmc_rep_cold,6.0000000000
METRIC,2026-04-17T23:02:24Z,17164654062240,2336,btc_qm_engine:btc_ptmc_accept,1.0000000000
METRIC,2026-04-17T23:02:24Z,17164757338468,2336,btc_qm_engine:btc_ptmc_rep_hot,1.0000000000
METRIC,2026-04-17T23:02:24Z,17164757485848,2336,btc_qm_engine:btc_ptmc_rep_cold,0.0000000000
METRIC,2026-04-17T23:02:24Z,17164757513518,2336,btc_qm_engine:btc_ptmc_accept,1.0000000000
METRIC,2026-04-17T23:02:24Z,17164757539768,2336,btc_qm_engine:btc_ptmc_rep_hot,2.0000000000
METRIC,2026-04-17T23:02:24Z,17164757567088,2336,btc_qm_engine:btc_ptmc_rep_cold,1.0000000000
METRIC,2026-04-17T23:02:24Z,17164757598568,2336,btc_qm_engine:btc_ptmc_accept,1.0000000000
METRIC,2026-04-17T23:02:24Z,17164757629228,2336,btc_qm_engine:btc_ptmc_rep_hot,3.0000000000
METRIC,2026-04-17T23:02:24Z,17164757654148,2336,btc_qm_engine:btc_ptmc_rep_cold,2.0000000000
METRIC,2026-04-17T23:02:24Z,17164757682968,2336,btc_qm_engine:btc_ptmc_accept,1.0000000000
METRIC,2026-04-17T23:02:24Z,17164757713448,2336,btc_qm_engine:btc_ptmc_rep_hot,4.0000000000
METRIC,2026-04-17T23:02:24Z,17164757741418,2336,btc_qm_engine:btc_ptmc_rep_cold,3.0000000000
METRIC,2026-04-17T23:02:24Z,17164757775398,2336,btc_qm_engine:btc_ptmc_accept,1.0000000000
METRIC,2026-04-17T23:02:24Z,17164757809618,2336,btc_qm_engine:btc_ptmc_rep_hot,5.0000000000
METRIC,2026-04-17T23:02:24Z,17164757877428,2336,btc_qm_engine:btc_ptmc_rep_cold,4.0000000000
METRIC,2026-04-17T23:02:24Z,17164757917738,2336,btc_qm_engine:btc_ptmc_accept,1.0000000000
METRIC,2026-04-17T23:02:24Z,17164757947148,2336,btc_qm_engine:btc_ptmc_rep_hot,6.0000000000
METRIC,2026-04-17T23:02:24Z,17164757980578,2336,btc_qm_engine:btc_ptmc_rep_cold,5.0000000000
METRIC,2026-04-17T23:02:24Z,17164758030128,2336,btc_qm_engine:btc_ptmc_accept,1.0000000000
METRIC,2026-04-17T23:02:24Z,17164758059518,2336,btc_qm_engine:btc_ptmc_rep_hot,7.0000000000
METRIC,2026-04-17T23:02:24Z,17164758087948,2336,btc_qm_engine:btc_ptmc_rep_cold,6.0000000000
METRIC,2026-04-17T23:02:24Z,17164758130688,2336,btc_qm_engine:btc_ptmc_accept,1.0000000000
METRIC,2026-04-17T23:02:25Z,17164867096256,2336,btc_qm_engine:btc_ptmc_rep_hot,1.0000000000
METRIC,2026-04-17T23:02:25Z,17164867243116,2336,btc_qm_engine:btc_ptmc_rep_cold,0.0000000000
METRIC,2026-04-17T23:02:25Z,17164867305206,2336,btc_qm_engine:btc_ptmc_accept,-0.5135063048
METRIC,2026-04-17T23:02:25Z,17164867368986,2336,btc_qm_engine:btc_ptmc_rep_hot,2.0000000000
METRIC,2026-04-17T23:02:25Z,17164867432786,2336,btc_qm_engine:btc_ptmc_rep_cold,1.0000000000
METRIC,2026-04-17T23:02:25Z,17164867489336,2336,btc_qm_engine:btc_ptmc_accept,1.0000000000
METRIC,2026-04-17T23:02:25Z,17164869053386,2336,btc_qm_engine:btc_ptmc_rep_hot,3.0000000000
METRIC,2026-04-17T23:02:25Z,17164869103446,2336,btc_qm_engine:btc_ptmc_rep_cold,2.0000000000
METRIC,2026-04-17T23:02:25Z,17164869130246,2336,btc_qm_engine:btc_ptmc_accept,0.8464702621
METRIC,2026-04-17T23:02:25Z,17164869156676,2336,btc_qm_engine:btc_ptmc_rep_hot,4.0000000000
METRIC,2026-04-17T23:02:25Z,17164869182476,2336,btc_qm_engine:btc_ptmc_rep_cold,3.0000000000
METRIC,2026-04-17T23:02:25Z,17164869208086,2336,btc_qm_engine:btc_ptmc_accept,-0.9048330071
METRIC,2026-04-17T23:02:25Z,17164869233166,2336,btc_qm_engine:btc_ptmc_rep_hot,5.0000000000
METRIC,2026-04-17T23:02:25Z,17164869258646,2336,btc_qm_engine:btc_ptmc_rep_cold,4.0000000000
METRIC,2026-04-17T23:02:25Z,17164869284296,2336,btc_qm_engine:btc_ptmc_accept,1.0000000000
METRIC,2026-04-17T23:02:25Z,17164869309856,2336,btc_qm_engine:btc_ptmc_rep_hot,6.0000000000
METRIC,2026-04-17T23:02:25Z,17164869334826,2336,btc_qm_engine:btc_ptmc_rep_cold,5.0000000000
METRIC,2026-04-17T23:02:25Z,17164869360436,2336,btc_qm_engine:btc_ptmc_accept,1.0000000000
METRIC,2026-04-17T23:02:25Z,17164869386296,2336,btc_qm_engine:btc_ptmc_rep_hot,7.0000000000
METRIC,2026-04-17T23:02:25Z,17164869412536,2336,btc_qm_engine:btc_ptmc_rep_cold,6.0000000000
METRIC,2026-04-17T23:02:25Z,17164869438676,2336,btc_qm_engine:btc_ptmc_accept,1.0000000000
METRIC,2026-04-17T23:02:25Z,17164973568944,2336,btc_qm_engine:btc_ptmc_rep_hot,1.0000000000
METRIC,2026-04-17T23:02:25Z,17164973719654,2336,btc_qm_engine:btc_ptmc_rep_cold,0.0000000000
METRIC,2026-04-17T23:02:25Z,17164973783814,2336,btc_qm_engine:btc_ptmc_accept,1.0000000000
METRIC,2026-04-17T23:02:25Z,17164974855834,2336,btc_qm_engine:btc_ptmc_rep_hot,2.0000000000
METRIC,2026-04-17T23:02:25Z,17164975079874,2336,btc_qm_engine:btc_ptmc_rep_cold,1.0000000000
METRIC,2026-04-17T23:02:25Z,17164975153664,2336,btc_qm_engine:btc_ptmc_accept,1.0000000000
METRIC,2026-04-17T23:02:25Z,17164977289024,2336,btc_qm_engine:btc_ptmc_rep_hot,3.0000000000
METRIC,2026-04-17T23:02:25Z,17164977390654,2336,btc_qm_engine:btc_ptmc_rep_cold,2.0000000000
METRIC,2026-04-17T23:02:25Z,17164977470584,2336,btc_qm_engine:btc_ptmc_accept,1.0000000000
METRIC,2026-04-17T23:02:25Z,17164977547334,2336,btc_qm_engine:btc_ptmc_rep_hot,4.0000000000
METRIC,2026-04-17T23:02:25Z,17164977618314,2336,btc_qm_engine:btc_ptmc_rep_cold,3.0000000000
METRIC,2026-04-17T23:02:25Z,17164977697644,2336,btc_qm_engine:btc_ptmc_accept,1.0000000000
METRIC,2026-04-17T23:02:25Z,17164977768624,2336,btc_qm_engine:btc_ptmc_rep_hot,5.0000000000
METRIC,2026-04-17T23:02:25Z,17164977854404,2336,btc_qm_engine:btc_ptmc_rep_cold,4.0000000000
METRIC,2026-04-17T23:02:25Z,17164977924024,2336,btc_qm_engine:btc_ptmc_accept,1.0000000000
METRIC,2026-04-17T23:02:25Z,17164977998434,2336,btc_qm_engine:btc_ptmc_rep_hot,6.0000000000
METRIC,2026-04-17T23:02:25Z,17164978114224,2336,btc_qm_engine:btc_ptmc_rep_cold,5.0000000000
METRIC,2026-04-17T23:02:25Z,17164978197044,2336,btc_qm_engine:btc_ptmc_accept,1.0000000000
METRIC,2026-04-17T23:02:25Z,17164978263974,2336,btc_qm_engine:btc_ptmc_rep_hot,7.0000000000
METRIC,2026-04-17T23:02:25Z,17164978347244,2336,btc_qm_engine:btc_ptmc_rep_cold,6.0000000000
METRIC,2026-04-17T23:02:25Z,17164978412424,2336,btc_qm_engine:btc_ptmc_accept,1.0000000000
METRIC,2026-04-17T23:02:25Z,17165086440252,2336,btc_qm_engine:btc_ptmc_rep_hot,1.0000000000
METRIC,2026-04-17T23:02:25Z,17165086524152,2336,btc_qm_engine:btc_ptmc_rep_cold,0.0000000000
METRIC,2026-04-17T23:02:25Z,17165086554032,2336,btc_qm_engine:btc_ptmc_accept,-0.5136669338
METRIC,2026-04-17T23:02:25Z,17165086583002,2336,btc_qm_engine:btc_ptmc_rep_hot,2.0000000000
METRIC,2026-04-17T23:02:25Z,17165086609662,2336,btc_qm_engine:btc_ptmc_rep_cold,1.0000000000
METRIC,2026-04-17T23:02:25Z,17165086635582,2336,btc_qm_engine:btc_ptmc_accept,1.0000000000
METRIC,2026-04-17T23:02:25Z,17165086671602,2336,btc_qm_engine:btc_ptmc_rep_hot,3.0000000000
METRIC,2026-04-17T23:02:25Z,17165086705922,2336,btc_qm_engine:btc_ptmc_rep_cold,2.0000000000
METRIC,2026-04-17T23:02:25Z,17165086732662,2336,btc_qm_engine:btc_ptmc_accept,1.0000000000
METRIC,2026-04-17T23:02:25Z,17165086760272,2336,btc_qm_engine:btc_ptmc_rep_hot,4.0000000000
METRIC,2026-04-17T23:02:25Z,17165086786932,2336,btc_qm_engine:btc_ptmc_rep_cold,3.0000000000
METRIC,2026-04-17T23:02:25Z,17165086814992,2336,btc_qm_engine:btc_ptmc_accept,1.0000000000
METRIC,2026-04-17T23:02:25Z,17165086842852,2336,btc_qm_engine:btc_ptmc_rep_hot,5.0000000000
METRIC,2026-04-17T23:02:25Z,17165086870952,2336,btc_qm_engine:btc_ptmc_rep_cold,4.0000000000
METRIC,2026-04-17T23:02:25Z,17165086898502,2336,btc_qm_engine:btc_ptmc_accept,1.0000000000
METRIC,2026-04-17T23:02:25Z,17165086926142,2336,btc_qm_engine:btc_ptmc_rep_hot,6.0000000000
METRIC,2026-04-17T23:02:25Z,17165086953562,2336,btc_qm_engine:btc_ptmc_rep_cold,5.0000000000
METRIC,2026-04-17T23:02:25Z,17165086980862,2336,btc_qm_engine:btc_ptmc_accept,1.0000000000
METRIC,2026-04-17T23:02:25Z,17165092120402,2336,btc_qm_engine:btc_ptmc_rep_hot,7.0000000000
METRIC,2026-04-17T23:02:25Z,17165092173532,2336,btc_qm_engine:btc_ptmc_rep_cold,6.0000000000
METRIC,2026-04-17T23:02:25Z,17165092203202,2336,btc_qm_engine:btc_ptmc_accept,1.0000000000
METRIC,2026-04-17T23:02:25Z,17165168771390,2336,btc_qm_engine:btc_nx48_stall_count,2.0000000000
METRIC,2026-04-17T23:02:25Z,17165170890560,2336,btc_qm_engine:btc_nx48_delta_nonce_old,50.0000000000
METRIC,2026-04-17T23:02:25Z,17165170925680,2336,btc_qm_engine:btc_nx48_delta_nonce_new,50.0000000000
METRIC,2026-04-17T23:02:25Z,17165170954220,2336,btc_qm_engine:btc_nx48_batch_old,4.0000000000
METRIC,2026-04-17T23:02:25Z,17165170980370,2336,btc_qm_engine:btc_nx48_batch_new,4.0000000000
METRIC,2026-04-17T23:02:25Z,17165171025080,2336,btc_qm_engine:btc_nx48_loss,0.2888903469
METRIC,2026-04-17T23:02:25Z,17165171065180,2336,btc_qm_engine:btc_nx48_grad_norm,0.0939868298
METRIC,2026-04-17T23:02:25Z,17165171136270,2336,btc_qm_engine:btc_nx48_update_count,3257.0000000000
METRIC,2026-04-17T23:02:25Z,17165171166930,2336,btc_qm_engine:btc_nx48_exploration_bias,0.8704477161
METRIC,2026-04-17T23:02:25Z,17165171193890,2336,btc_qm_engine:btc_nx48_dual_blend,0.2000000000
METRIC,2026-04-17T23:02:25Z,17165171219970,2336,btc_qm_engine:btc_hashrate_mhs,0.8301463699
METRIC,2026-04-17T23:02:25Z,17165171244130,2336,btc_qm_engine:btc_hashrate_thread_id,0.0000000000
METRIC,2026-04-17T23:02:25Z,17165175770260,2336,btc_qm_engine:btc_hashrate_mhs,0.8300034215
METRIC,2026-04-17T23:02:25Z,17165175843750,2336,btc_qm_engine:btc_hashrate_thread_id,1.0000000000
METRIC,2026-04-17T23:02:25Z,17165192862590,2336,btc_qm_engine:btc_ptmc_rep_hot,1.0000000000
METRIC,2026-04-17T23:02:25Z,17165192955320,2336,btc_qm_engine:btc_ptmc_rep_cold,0.0000000000
METRIC,2026-04-17T23:02:25Z,17165192985180,2336,btc_qm_engine:btc_ptmc_accept,1.0000000000
METRIC,2026-04-17T23:02:25Z,17165193051800,2336,btc_qm_engine:btc_ptmc_rep_hot,2.0000000000
METRIC,2026-04-17T23:02:25Z,17165193086010,2336,btc_qm_engine:btc_ptmc_rep_cold,1.0000000000
METRIC,2026-04-17T23:02:25Z,17165193113660,2336,btc_qm_engine:btc_ptmc_accept,0.7165701146
METRIC,2026-04-17T23:02:25Z,17165193144060,2336,btc_qm_engine:btc_ptmc_rep_hot,3.0000000000
METRIC,2026-04-17T23:02:25Z,17165193178540,2336,btc_qm_engine:btc_ptmc_rep_cold,2.0000000000
METRIC,2026-04-17T23:02:25Z,17165193206760,2336,btc_qm_engine:btc_ptmc_accept,0.8464931860
METRIC,2026-04-17T23:02:25Z,17165193235200,2336,btc_qm_engine:btc_ptmc_rep_hot,4.0000000000
METRIC,2026-04-17T23:02:25Z,17165193262810,2336,btc_qm_engine:btc_ptmc_rep_cold,3.0000000000
METRIC,2026-04-17T23:02:25Z,17165193290660,2336,btc_qm_engine:btc_ptmc_accept,0.9048418286
METRIC,2026-04-17T23:02:25Z,17165193318280,2336,btc_qm_engine:btc_ptmc_rep_hot,5.0000000000
METRIC,2026-04-17T23:02:25Z,17165193345860,2336,btc_qm_engine:btc_ptmc_rep_cold,4.0000000000
METRIC,2026-04-17T23:02:25Z,17165193373480,2336,btc_qm_engine:btc_ptmc_accept,0.9394148515
METRIC,2026-04-17T23:02:25Z,17165193401440,2336,btc_qm_engine:btc_ptmc_rep_hot,6.0000000000
METRIC,2026-04-17T23:02:25Z,17165193429340,2336,btc_qm_engine:btc_ptmc_rep_cold,5.0000000000
METRIC,2026-04-17T23:02:25Z,17165193456980,2336,btc_qm_engine:btc_ptmc_accept,0.9642902005
METRIC,2026-04-17T23:02:25Z,17165193491180,2336,btc_qm_engine:btc_ptmc_rep_hot,7.0000000000
METRIC,2026-04-17T23:02:25Z,17165193519180,2336,btc_qm_engine:btc_ptmc_rep_cold,6.0000000000
METRIC,2026-04-17T23:02:25Z,17165193551420,2336,btc_qm_engine:btc_ptmc_accept,0.9767450351
METRIC,2026-04-17T23:02:25Z,17165295027668,2336,btc_qm_engine:btc_ptmc_rep_hot,1.0000000000
METRIC,2026-04-17T23:02:25Z,17165295193118,2336,btc_qm_engine:btc_ptmc_rep_cold,0.0000000000
METRIC,2026-04-17T23:02:25Z,17165295315498,2336,btc_qm_engine:btc_ptmc_accept,1.0000000000
METRIC,2026-04-17T23:02:25Z,17165295418988,2336,btc_qm_engine:btc_ptmc_rep_hot,2.0000000000
METRIC,2026-04-17T23:02:25Z,17165295498838,2336,btc_qm_engine:btc_ptmc_rep_cold,1.0000000000
METRIC,2026-04-17T23:02:25Z,17165295579848,2336,btc_qm_engine:btc_ptmc_accept,1.0000000000
METRIC,2026-04-17T23:02:25Z,17165295668268,2336,btc_qm_engine:btc_ptmc_rep_hot,3.0000000000
METRIC,2026-04-17T23:02:25Z,17165295741738,2336,btc_qm_engine:btc_ptmc_rep_cold,2.0000000000
METRIC,2026-04-17T23:02:25Z,17165295819968,2336,btc_qm_engine:btc_ptmc_accept,1.0000000000
METRIC,2026-04-17T23:02:25Z,17165295892008,2336,btc_qm_engine:btc_ptmc_rep_hot,4.0000000000
METRIC,2026-04-17T23:02:25Z,17165295970758,2336,btc_qm_engine:btc_ptmc_rep_cold,3.0000000000
METRIC,2026-04-17T23:02:25Z,17165296074118,2336,btc_qm_engine:btc_ptmc_accept,1.0000000000
METRIC,2026-04-17T23:02:25Z,17165296154528,2336,btc_qm_engine:btc_ptmc_rep_hot,5.0000000000
METRIC,2026-04-17T23:02:25Z,17165296227078,2336,btc_qm_engine:btc_ptmc_rep_cold,4.0000000000
METRIC,2026-04-17T23:02:25Z,17165296306378,2336,btc_qm_engine:btc_ptmc_accept,1.0000000000
METRIC,2026-04-17T23:02:25Z,17165296375828,2336,btc_qm_engine:btc_ptmc_rep_hot,6.0000000000
METRIC,2026-04-17T23:02:25Z,17165296517278,2336,btc_qm_engine:btc_ptmc_rep_cold,5.0000000000
METRIC,2026-04-17T23:02:25Z,17165296592718,2336,btc_qm_engine:btc_ptmc_accept,1.0000000000
METRIC,2026-04-17T23:02:25Z,17165296665498,2336,btc_qm_engine:btc_ptmc_rep_hot,7.0000000000
METRIC,2026-04-17T23:02:25Z,17165297568468,2336,btc_qm_engine:btc_ptmc_rep_cold,6.0000000000
METRIC,2026-04-17T23:02:25Z,17165297893048,2336,btc_qm_engine:btc_ptmc_accept,1.0000000000
METRIC,2026-04-17T23:02:25Z,17165395653576,2336,btc_qm_engine:btc_ptmc_rep_hot,1.0000000000
METRIC,2026-04-17T23:02:25Z,17165395822556,2336,btc_qm_engine:btc_ptmc_rep_cold,0.0000000000
METRIC,2026-04-17T23:02:25Z,17165395890346,2336,btc_qm_engine:btc_ptmc_accept,1.0000000000
METRIC,2026-04-17T23:02:25Z,17165395956496,2336,btc_qm_engine:btc_ptmc_rep_hot,2.0000000000
METRIC,2026-04-17T23:02:25Z,17165396052236,2336,btc_qm_engine:btc_ptmc_rep_cold,1.0000000000
METRIC,2026-04-17T23:02:25Z,17165396242206,2336,btc_qm_engine:btc_ptmc_accept,1.0000000000
METRIC,2026-04-17T23:02:25Z,17165396311866,2336,btc_qm_engine:btc_ptmc_rep_hot,3.0000000000
METRIC,2026-04-17T23:02:25Z,17165396368676,2336,btc_qm_engine:btc_ptmc_rep_cold,2.0000000000
METRIC,2026-04-17T23:02:25Z,17165396409106,2336,btc_qm_engine:btc_ptmc_accept,1.0000000000
METRIC,2026-04-17T23:02:25Z,17165396482366,2336,btc_qm_engine:btc_ptmc_rep_hot,4.0000000000
METRIC,2026-04-17T23:02:25Z,17165396554726,2336,btc_qm_engine:btc_ptmc_rep_cold,3.0000000000
METRIC,2026-04-17T23:02:25Z,17165396604786,2336,btc_qm_engine:btc_ptmc_accept,1.0000000000
METRIC,2026-04-17T23:02:25Z,17165396644266,2336,btc_qm_engine:btc_ptmc_rep_hot,5.0000000000
METRIC,2026-04-17T23:02:25Z,17165396713786,2336,btc_qm_engine:btc_ptmc_rep_cold,4.0000000000
METRIC,2026-04-17T23:02:25Z,17165396752716,2336,btc_qm_engine:btc_ptmc_accept,1.0000000000
METRIC,2026-04-17T23:02:25Z,17165396822256,2336,btc_qm_engine:btc_ptmc_rep_hot,6.0000000000
METRIC,2026-04-17T23:02:25Z,17165396861526,2336,btc_qm_engine:btc_ptmc_rep_cold,5.0000000000
METRIC,2026-04-17T23:02:25Z,17165396931096,2336,btc_qm_engine:btc_ptmc_accept,1.0000000000
METRIC,2026-04-17T23:02:25Z,17165397684456,2336,btc_qm_engine:btc_ptmc_rep_hot,7.0000000000
METRIC,2026-04-17T23:02:25Z,17165397804486,2336,btc_qm_engine:btc_ptmc_rep_cold,6.0000000000
METRIC,2026-04-17T23:02:25Z,17165397932376,2336,btc_qm_engine:btc_ptmc_accept,1.0000000000
METRIC,2026-04-17T23:02:25Z,17165497665074,2336,btc_qm_engine:btc_ptmc_rep_hot,1.0000000000
METRIC,2026-04-17T23:02:25Z,17165497760514,2336,btc_qm_engine:btc_ptmc_rep_cold,0.0000000000
METRIC,2026-04-17T23:02:25Z,17165497792334,2336,btc_qm_engine:btc_ptmc_accept,-0.0694834512
METRIC,2026-04-17T23:02:25Z,17165497834494,2336,btc_qm_engine:btc_ptmc_rep_hot,2.0000000000
METRIC,2026-04-17T23:02:25Z,17165497878024,2336,btc_qm_engine:btc_ptmc_rep_cold,1.0000000000
METRIC,2026-04-17T23:02:25Z,17165497904904,2336,btc_qm_engine:btc_ptmc_accept,1.0000000000
METRIC,2026-04-17T23:02:25Z,17165497941184,2336,btc_qm_engine:btc_ptmc_rep_hot,3.0000000000
METRIC,2026-04-17T23:02:25Z,17165497975844,2336,btc_qm_engine:btc_ptmc_rep_cold,2.0000000000
METRIC,2026-04-17T23:02:25Z,17165498016104,2336,btc_qm_engine:btc_ptmc_accept,1.0000000000
METRIC,2026-04-17T23:02:25Z,17165498050504,2336,btc_qm_engine:btc_ptmc_rep_hot,4.0000000000
METRIC,2026-04-17T23:02:25Z,17165498086274,2336,btc_qm_engine:btc_ptmc_rep_cold,3.0000000000
METRIC,2026-04-17T23:02:25Z,17165498117914,2336,btc_qm_engine:btc_ptmc_accept,1.0000000000
METRIC,2026-04-17T23:02:25Z,17165498150514,2336,btc_qm_engine:btc_ptmc_rep_hot,5.0000000000
METRIC,2026-04-17T23:02:25Z,17165498177944,2336,btc_qm_engine:btc_ptmc_rep_cold,4.0000000000
METRIC,2026-04-17T23:02:25Z,17165498211594,2336,btc_qm_engine:btc_ptmc_accept,1.0000000000
METRIC,2026-04-17T23:02:25Z,17165498242914,2336,btc_qm_engine:btc_ptmc_rep_hot,6.0000000000
METRIC,2026-04-17T23:02:25Z,17165498282344,2336,btc_qm_engine:btc_ptmc_rep_cold,5.0000000000
METRIC,2026-04-17T23:02:25Z,17165498310014,2336,btc_qm_engine:btc_ptmc_accept,1.0000000000
METRIC,2026-04-17T23:02:25Z,17165498382764,2336,btc_qm_engine:btc_ptmc_rep_hot,7.0000000000
METRIC,2026-04-17T23:02:25Z,17165498410544,2336,btc_qm_engine:btc_ptmc_rep_cold,6.0000000000
METRIC,2026-04-17T23:02:25Z,17165498441894,2336,btc_qm_engine:btc_ptmc_accept,1.0000000000
METRIC,2026-04-17T23:02:25Z,17165563672883,2336,btc_qm_engine:btc_block_nonce,2407745887.0000000000
METRIC,2026-04-17T23:02:25Z,17165563916613,2336,btc_qm_engine:btc_best_leading_zeros,24.0000000000
METRIC,2026-04-17T23:02:25Z,17165563965593,2336,btc_qm_engine:btc_block_valid,0.0000000000
ANOMALY,2026-04-17T23:02:25Z,17165563997433,2336,btc_qm_engine:btc_near_miss_or_valid,24.0000000000
METRIC,2026-04-17T23:02:25Z,17165564088013,2336,btc_qm_engine:btc_best_leading_zeros,24.0000000000
METRIC,2026-04-17T23:02:25Z,17165564320943,2336,btc_qm_engine:btc_nx48_csv_saved,1.0000000000
METRIC,2026-04-17T23:02:25Z,17165609331142,2336,btc_qm_engine:btc_ptmc_rep_hot,1.0000000000
METRIC,2026-04-17T23:02:25Z,17165609420492,2336,btc_qm_engine:btc_ptmc_rep_cold,0.0000000000
METRIC,2026-04-17T23:02:25Z,17165609453132,2336,btc_qm_engine:btc_ptmc_accept,-0.1354058228
METRIC,2026-04-17T23:02:25Z,17165609483312,2336,btc_qm_engine:btc_ptmc_rep_hot,2.0000000000
METRIC,2026-04-17T23:02:25Z,17165609513462,2336,btc_qm_engine:btc_ptmc_rep_cold,1.0000000000
METRIC,2026-04-17T23:02:25Z,17165609546362,2336,btc_qm_engine:btc_ptmc_accept,-0.7164924961
METRIC,2026-04-17T23:02:25Z,17165609579842,2336,btc_qm_engine:btc_ptmc_rep_hot,3.0000000000
METRIC,2026-04-17T23:02:25Z,17165610093042,2336,btc_qm_engine:btc_ptmc_rep_cold,2.0000000000
METRIC,2026-04-17T23:02:25Z,17165610194222,2336,btc_qm_engine:btc_ptmc_accept,1.0000000000
METRIC,2026-04-17T23:02:25Z,17165610221402,2336,btc_qm_engine:btc_ptmc_rep_hot,4.0000000000
METRIC,2026-04-17T23:02:25Z,17165610247262,2336,btc_qm_engine:btc_ptmc_rep_cold,3.0000000000
METRIC,2026-04-17T23:02:25Z,17165610274292,2336,btc_qm_engine:btc_ptmc_accept,1.0000000000
METRIC,2026-04-17T23:02:25Z,17165610301012,2336,btc_qm_engine:btc_ptmc_rep_hot,5.0000000000
METRIC,2026-04-17T23:02:25Z,17165610328242,2336,btc_qm_engine:btc_ptmc_rep_cold,4.0000000000
METRIC,2026-04-17T23:02:25Z,17165610355582,2336,btc_qm_engine:btc_ptmc_accept,1.0000000000
METRIC,2026-04-17T23:02:25Z,17165610382632,2336,btc_qm_engine:btc_ptmc_rep_hot,6.0000000000
METRIC,2026-04-17T23:02:25Z,17165610410522,2336,btc_qm_engine:btc_ptmc_rep_cold,5.0000000000
METRIC,2026-04-17T23:02:25Z,17165610901692,2336,btc_qm_engine:btc_ptmc_accept,1.0000000000
METRIC,2026-04-17T23:02:25Z,17165610944922,2336,btc_qm_engine:btc_ptmc_rep_hot,7.0000000000
METRIC,2026-04-17T23:02:25Z,17165610970612,2336,btc_qm_engine:btc_ptmc_rep_cold,6.0000000000
METRIC,2026-04-17T23:02:25Z,17165611028842,2336,btc_qm_engine:btc_ptmc_accept,1.0000000000
METRIC,2026-04-17T23:02:25Z,17165710160020,2336,btc_qm_engine:btc_ptmc_rep_hot,1.0000000000
METRIC,2026-04-17T23:02:25Z,17165710258550,2336,btc_qm_engine:btc_ptmc_rep_cold,0.0000000000
METRIC,2026-04-17T23:02:25Z,17165710289060,2336,btc_qm_engine:btc_ptmc_accept,1.0000000000
METRIC,2026-04-17T23:02:25Z,17165710315290,2336,btc_qm_engine:btc_ptmc_rep_hot,2.0000000000
METRIC,2026-04-17T23:02:25Z,17165710343350,2336,btc_qm_engine:btc_ptmc_rep_cold,1.0000000000
METRIC,2026-04-17T23:02:25Z,17165710369430,2336,btc_qm_engine:btc_ptmc_accept,1.0000000000
METRIC,2026-04-17T23:02:25Z,17165710395520,2336,btc_qm_engine:btc_ptmc_rep_hot,3.0000000000
METRIC,2026-04-17T23:02:25Z,17165710423470,2336,btc_qm_engine:btc_ptmc_rep_cold,2.0000000000
METRIC,2026-04-17T23:02:25Z,17165710450010,2336,btc_qm_engine:btc_ptmc_accept,1.0000000000
METRIC,2026-04-17T23:02:25Z,17165710477740,2336,btc_qm_engine:btc_ptmc_rep_hot,4.0000000000
METRIC,2026-04-17T23:02:25Z,17165710504600,2336,btc_qm_engine:btc_ptmc_rep_cold,3.0000000000
METRIC,2026-04-17T23:02:25Z,17165710532100,2336,btc_qm_engine:btc_ptmc_accept,1.0000000000
METRIC,2026-04-17T23:02:25Z,17165710558310,2336,btc_qm_engine:btc_ptmc_rep_hot,5.0000000000
METRIC,2026-04-17T23:02:25Z,17165710583550,2336,btc_qm_engine:btc_ptmc_rep_cold,4.0000000000
METRIC,2026-04-17T23:02:25Z,17165710611660,2336,btc_qm_engine:btc_ptmc_accept,1.0000000000
METRIC,2026-04-17T23:02:25Z,17165710670590,2336,btc_qm_engine:btc_ptmc_rep_hot,6.0000000000
METRIC,2026-04-17T23:02:25Z,17165710699110,2336,btc_qm_engine:btc_ptmc_rep_cold,5.0000000000
METRIC,2026-04-17T23:02:25Z,17165710727710,2336,btc_qm_engine:btc_ptmc_accept,1.0000000000
METRIC,2026-04-17T23:02:25Z,17165710756520,2336,btc_qm_engine:btc_ptmc_rep_hot,7.0000000000
METRIC,2026-04-17T23:02:25Z,17165710782990,2336,btc_qm_engine:btc_ptmc_rep_cold,6.0000000000
METRIC,2026-04-17T23:02:25Z,17165710810080,2336,btc_qm_engine:btc_ptmc_accept,1.0000000000
METRIC,2026-04-17T23:02:26Z,17165812975488,2336,btc_qm_engine:btc_ptmc_rep_hot,1.0000000000
METRIC,2026-04-17T23:02:26Z,17165813088058,2336,btc_qm_engine:btc_ptmc_rep_cold,0.0000000000
METRIC,2026-04-17T23:02:26Z,17165813118658,2336,btc_qm_engine:btc_ptmc_accept,-0.2638537189
METRIC,2026-04-17T23:02:26Z,17165813148048,2336,btc_qm_engine:btc_ptmc_rep_hot,2.0000000000
METRIC,2026-04-17T23:02:26Z,17165813174238,2336,btc_qm_engine:btc_ptmc_rep_cold,1.0000000000
METRIC,2026-04-17T23:02:26Z,17165813200028,2336,btc_qm_engine:btc_ptmc_accept,1.0000000000
METRIC,2026-04-17T23:02:26Z,17165813225248,2336,btc_qm_engine:btc_ptmc_rep_hot,3.0000000000
METRIC,2026-04-17T23:02:26Z,17165813254358,2336,btc_qm_engine:btc_ptmc_rep_cold,2.0000000000
METRIC,2026-04-17T23:02:26Z,17165813280748,2336,btc_qm_engine:btc_ptmc_accept,1.0000000000
METRIC,2026-04-17T23:02:26Z,17165813306028,2336,btc_qm_engine:btc_ptmc_rep_hot,4.0000000000
METRIC,2026-04-17T23:02:26Z,17165813331448,2336,btc_qm_engine:btc_ptmc_rep_cold,3.0000000000
METRIC,2026-04-17T23:02:26Z,17165813356918,2336,btc_qm_engine:btc_ptmc_accept,1.0000000000
METRIC,2026-04-17T23:02:26Z,17165813382098,2336,btc_qm_engine:btc_ptmc_rep_hot,5.0000000000
METRIC,2026-04-17T23:02:26Z,17165813407378,2336,btc_qm_engine:btc_ptmc_rep_cold,4.0000000000
METRIC,2026-04-17T23:02:26Z,17165813432868,2336,btc_qm_engine:btc_ptmc_accept,1.0000000000
METRIC,2026-04-17T23:02:26Z,17165813458378,2336,btc_qm_engine:btc_ptmc_rep_hot,6.0000000000
METRIC,2026-04-17T23:02:26Z,17165813484098,2336,btc_qm_engine:btc_ptmc_rep_cold,5.0000000000
METRIC,2026-04-17T23:02:26Z,17165813509198,2336,btc_qm_engine:btc_ptmc_accept,1.0000000000
METRIC,2026-04-17T23:02:26Z,17165813534468,2336,btc_qm_engine:btc_ptmc_rep_hot,7.0000000000
METRIC,2026-04-17T23:02:26Z,17165813559638,2336,btc_qm_engine:btc_ptmc_rep_cold,6.0000000000
METRIC,2026-04-17T23:02:26Z,17165813596538,2336,btc_qm_engine:btc_ptmc_accept,1.0000000000
METRIC,2026-04-17T23:02:26Z,17165918073866,2336,btc_qm_engine:btc_ptmc_rep_hot,1.0000000000
METRIC,2026-04-17T23:02:26Z,17165918170486,2336,btc_qm_engine:btc_ptmc_rep_cold,0.0000000000
METRIC,2026-04-17T23:02:26Z,17165918199886,2336,btc_qm_engine:btc_ptmc_accept,1.0000000000
METRIC,2026-04-17T23:02:26Z,17165918226186,2336,btc_qm_engine:btc_ptmc_rep_hot,2.0000000000
METRIC,2026-04-17T23:02:26Z,17165918251946,2336,btc_qm_engine:btc_ptmc_rep_cold,1.0000000000
METRIC,2026-04-17T23:02:26Z,17165918278356,2336,btc_qm_engine:btc_ptmc_accept,1.0000000000
METRIC,2026-04-17T23:02:26Z,17165918310916,2336,btc_qm_engine:btc_ptmc_rep_hot,3.0000000000
METRIC,2026-04-17T23:02:26Z,17165918336866,2336,btc_qm_engine:btc_ptmc_rep_cold,2.0000000000
METRIC,2026-04-17T23:02:26Z,17165918362496,2336,btc_qm_engine:btc_ptmc_accept,1.0000000000
METRIC,2026-04-17T23:02:26Z,17165918388596,2336,btc_qm_engine:btc_ptmc_rep_hot,4.0000000000
METRIC,2026-04-17T23:02:26Z,17165918414676,2336,btc_qm_engine:btc_ptmc_rep_cold,3.0000000000
METRIC,2026-04-17T23:02:26Z,17165918441016,2336,btc_qm_engine:btc_ptmc_accept,1.0000000000
METRIC,2026-04-17T23:02:26Z,17165918466986,2336,btc_qm_engine:btc_ptmc_rep_hot,5.0000000000
METRIC,2026-04-17T23:02:26Z,17165918492376,2336,btc_qm_engine:btc_ptmc_rep_cold,4.0000000000
METRIC,2026-04-17T23:02:26Z,17165918529516,2336,btc_qm_engine:btc_ptmc_accept,1.0000000000
METRIC,2026-04-17T23:02:26Z,17165918563156,2336,btc_qm_engine:btc_ptmc_rep_hot,6.0000000000
METRIC,2026-04-17T23:02:26Z,17165918592286,2336,btc_qm_engine:btc_ptmc_rep_cold,5.0000000000
METRIC,2026-04-17T23:02:26Z,17165918641336,2336,btc_qm_engine:btc_ptmc_accept,1.0000000000
METRIC,2026-04-17T23:02:26Z,17165918669746,2336,btc_qm_engine:btc_ptmc_rep_hot,7.0000000000
METRIC,2026-04-17T23:02:26Z,17165918696646,2336,btc_qm_engine:btc_ptmc_rep_cold,6.0000000000
METRIC,2026-04-17T23:02:26Z,17165918722956,2336,btc_qm_engine:btc_ptmc_accept,1.0000000000
METRIC,2026-04-17T23:02:26Z,17166018342874,2336,btc_qm_engine:btc_ptmc_rep_hot,1.0000000000
METRIC,2026-04-17T23:02:26Z,17166018731404,2336,btc_qm_engine:btc_ptmc_rep_cold,0.0000000000
METRIC,2026-04-17T23:02:26Z,17166018769244,2336,btc_qm_engine:btc_ptmc_accept,1.0000000000
METRIC,2026-04-17T23:02:26Z,17166018799904,2336,btc_qm_engine:btc_ptmc_rep_hot,2.0000000000
METRIC,2026-04-17T23:02:26Z,17166018828824,2336,btc_qm_engine:btc_ptmc_rep_cold,1.0000000000
METRIC,2026-04-17T23:02:26Z,17166018858434,2336,btc_qm_engine:btc_ptmc_accept,1.0000000000
METRIC,2026-04-17T23:02:26Z,17166018888114,2336,btc_qm_engine:btc_ptmc_rep_hot,3.0000000000
METRIC,2026-04-17T23:02:26Z,17166018916514,2336,btc_qm_engine:btc_ptmc_rep_cold,2.0000000000
METRIC,2026-04-17T23:02:26Z,17166018943064,2336,btc_qm_engine:btc_ptmc_accept,1.0000000000
METRIC,2026-04-17T23:02:26Z,17166018970844,2336,btc_qm_engine:btc_ptmc_rep_hot,4.0000000000
METRIC,2026-04-17T23:02:26Z,17166018998664,2336,btc_qm_engine:btc_ptmc_rep_cold,3.0000000000
METRIC,2026-04-17T23:02:26Z,17166019393814,2336,btc_qm_engine:btc_ptmc_accept,1.0000000000
METRIC,2026-04-17T23:02:26Z,17166019426474,2336,btc_qm_engine:btc_ptmc_rep_hot,5.0000000000
METRIC,2026-04-17T23:02:26Z,17166019453374,2336,btc_qm_engine:btc_ptmc_rep_cold,4.0000000000
METRIC,2026-04-17T23:02:26Z,17166019480864,2336,btc_qm_engine:btc_ptmc_accept,1.0000000000
METRIC,2026-04-17T23:02:26Z,17166019508994,2336,btc_qm_engine:btc_ptmc_rep_hot,6.0000000000
METRIC,2026-04-17T23:02:26Z,17166019536214,2336,btc_qm_engine:btc_ptmc_rep_cold,5.0000000000
METRIC,2026-04-17T23:02:26Z,17166019563934,2336,btc_qm_engine:btc_ptmc_accept,1.0000000000
METRIC,2026-04-17T23:02:26Z,17166019591854,2336,btc_qm_engine:btc_ptmc_rep_hot,7.0000000000
METRIC,2026-04-17T23:02:26Z,17166019619174,2336,btc_qm_engine:btc_ptmc_rep_cold,6.0000000000
METRIC,2026-04-17T23:02:26Z,17166019646834,2336,btc_qm_engine:btc_ptmc_accept,1.0000000000
METRIC,2026-04-17T23:02:26Z,17166122935452,2336,btc_qm_engine:btc_ptmc_rep_hot,1.0000000000
METRIC,2026-04-17T23:02:26Z,17166123051632,2336,btc_qm_engine:btc_ptmc_rep_cold,0.0000000000
METRIC,2026-04-17T23:02:26Z,17166123082602,2336,btc_qm_engine:btc_ptmc_accept,1.0000000000
METRIC,2026-04-17T23:02:26Z,17166123111442,2336,btc_qm_engine:btc_ptmc_rep_hot,2.0000000000
METRIC,2026-04-17T23:02:26Z,17166123970992,2336,btc_qm_engine:btc_ptmc_rep_cold,1.0000000000
METRIC,2026-04-17T23:02:26Z,17166124027472,2336,btc_qm_engine:btc_ptmc_accept,1.0000000000
METRIC,2026-04-17T23:02:26Z,17166125137222,2336,btc_qm_engine:btc_ptmc_rep_hot,3.0000000000
METRIC,2026-04-17T23:02:26Z,17166125199802,2336,btc_qm_engine:btc_ptmc_rep_cold,2.0000000000
METRIC,2026-04-17T23:02:26Z,17166125235752,2336,btc_qm_engine:btc_ptmc_accept,1.0000000000
METRIC,2026-04-17T23:02:26Z,17166125276062,2336,btc_qm_engine:btc_ptmc_rep_hot,4.0000000000
METRIC,2026-04-17T23:02:26Z,17166125302502,2336,btc_qm_engine:btc_ptmc_rep_cold,3.0000000000
METRIC,2026-04-17T23:02:26Z,17166125328522,2336,btc_qm_engine:btc_ptmc_accept,1.0000000000
METRIC,2026-04-17T23:02:26Z,17166125354572,2336,btc_qm_engine:btc_ptmc_rep_hot,5.0000000000
METRIC,2026-04-17T23:02:26Z,17166125381512,2336,btc_qm_engine:btc_ptmc_rep_cold,4.0000000000
METRIC,2026-04-17T23:02:26Z,17166125408422,2336,btc_qm_engine:btc_ptmc_accept,1.0000000000
METRIC,2026-04-17T23:02:26Z,17166125435092,2336,btc_qm_engine:btc_ptmc_rep_hot,6.0000000000
METRIC,2026-04-17T23:02:26Z,17166125461092,2336,btc_qm_engine:btc_ptmc_rep_cold,5.0000000000
METRIC,2026-04-17T23:02:26Z,17166125488102,2336,btc_qm_engine:btc_ptmc_accept,1.0000000000
METRIC,2026-04-17T23:02:26Z,17166125514802,2336,btc_qm_engine:btc_ptmc_rep_hot,7.0000000000
METRIC,2026-04-17T23:02:26Z,17166125541362,2336,btc_qm_engine:btc_ptmc_rep_cold,6.0000000000
METRIC,2026-04-17T23:02:26Z,17166125567542,2336,btc_qm_engine:btc_ptmc_accept,1.0000000000
METRIC,2026-04-17T23:02:26Z,17166230253520,2336,btc_qm_engine:btc_ptmc_rep_hot,1.0000000000
METRIC,2026-04-17T23:02:26Z,17166230338420,2336,btc_qm_engine:btc_ptmc_rep_cold,0.0000000000
METRIC,2026-04-17T23:02:26Z,17166230367270,2336,btc_qm_engine:btc_ptmc_accept,0.5134171190
METRIC,2026-04-17T23:02:26Z,17166230409750,2336,btc_qm_engine:btc_ptmc_rep_hot,2.0000000000
METRIC,2026-04-17T23:02:26Z,17166230445880,2336,btc_qm_engine:btc_ptmc_rep_cold,1.0000000000
METRIC,2026-04-17T23:02:26Z,17166230473060,2336,btc_qm_engine:btc_ptmc_accept,0.5133725145
METRIC,2026-04-17T23:02:26Z,17166230505160,2336,btc_qm_engine:btc_ptmc_rep_hot,3.0000000000
METRIC,2026-04-17T23:02:26Z,17166230536220,2336,btc_qm_engine:btc_ptmc_rep_cold,2.0000000000
METRIC,2026-04-17T23:02:26Z,17166230563470,2336,btc_qm_engine:btc_ptmc_accept,0.7165157484
METRIC,2026-04-17T23:02:26Z,17166230596180,2336,btc_qm_engine:btc_ptmc_rep_hot,4.0000000000
METRIC,2026-04-17T23:02:26Z,17166230627110,2336,btc_qm_engine:btc_ptmc_rep_cold,3.0000000000
METRIC,2026-04-17T23:02:26Z,17166230654280,2336,btc_qm_engine:btc_ptmc_accept,0.8187243518
METRIC,2026-04-17T23:02:26Z,17166230681700,2336,btc_qm_engine:btc_ptmc_rep_hot,5.0000000000
METRIC,2026-04-17T23:02:26Z,17166230713530,2336,btc_qm_engine:btc_ptmc_rep_cold,4.0000000000
METRIC,2026-04-17T23:02:26Z,17166230745730,2336,btc_qm_engine:btc_ptmc_accept,0.8824942074
METRIC,2026-04-17T23:02:26Z,17166230773470,2336,btc_qm_engine:btc_ptmc_rep_hot,6.0000000000
METRIC,2026-04-17T23:02:26Z,17166230799540,2336,btc_qm_engine:btc_ptmc_rep_cold,5.0000000000
METRIC,2026-04-17T23:02:26Z,17166230831000,2336,btc_qm_engine:btc_ptmc_accept,0.9298534308
METRIC,2026-04-17T23:02:26Z,17166230862650,2336,btc_qm_engine:btc_ptmc_rep_hot,7.0000000000
METRIC,2026-04-17T23:02:26Z,17166230889660,2336,btc_qm_engine:btc_ptmc_rep_cold,6.0000000000
METRIC,2026-04-17T23:02:26Z,17166230917340,2336,btc_qm_engine:btc_ptmc_accept,0.9540308635
METRIC,2026-04-17T23:02:26Z,17166332331348,2336,btc_qm_engine:btc_ptmc_rep_hot,1.0000000000
METRIC,2026-04-17T23:02:26Z,17166332495228,2336,btc_qm_engine:btc_ptmc_rep_cold,0.0000000000
METRIC,2026-04-17T23:02:26Z,17166332526148,2336,btc_qm_engine:btc_ptmc_accept,1.0000000000
METRIC,2026-04-17T23:02:26Z,17166332555018,2336,btc_qm_engine:btc_ptmc_rep_hot,2.0000000000
METRIC,2026-04-17T23:02:26Z,17166332625958,2336,btc_qm_engine:btc_ptmc_rep_cold,1.0000000000
METRIC,2026-04-17T23:02:26Z,17166332659828,2336,btc_qm_engine:btc_ptmc_accept,1.0000000000
METRIC,2026-04-17T23:02:26Z,17166332702638,2336,btc_qm_engine:btc_ptmc_rep_hot,3.0000000000
METRIC,2026-04-17T23:02:26Z,17166332739028,2336,btc_qm_engine:btc_ptmc_rep_cold,2.0000000000
METRIC,2026-04-17T23:02:26Z,17166332768428,2336,btc_qm_engine:btc_ptmc_accept,1.0000000000
METRIC,2026-04-17T23:02:26Z,17166332797378,2336,btc_qm_engine:btc_ptmc_rep_hot,4.0000000000
METRIC,2026-04-17T23:02:26Z,17166332825568,2336,btc_qm_engine:btc_ptmc_rep_cold,3.0000000000
METRIC,2026-04-17T23:02:26Z,17166332853648,2336,btc_qm_engine:btc_ptmc_accept,1.0000000000
METRIC,2026-04-17T23:02:26Z,17166332905138,2336,btc_qm_engine:btc_ptmc_rep_hot,5.0000000000
METRIC,2026-04-17T23:02:26Z,17166332934068,2336,btc_qm_engine:btc_ptmc_rep_cold,4.0000000000
METRIC,2026-04-17T23:02:26Z,17166332961378,2336,btc_qm_engine:btc_ptmc_accept,1.0000000000
METRIC,2026-04-17T23:02:26Z,17166332985798,2336,btc_qm_engine:btc_ptmc_rep_hot,6.0000000000
METRIC,2026-04-17T23:02:26Z,17166333034408,2336,btc_qm_engine:btc_ptmc_rep_cold,5.0000000000
METRIC,2026-04-17T23:02:26Z,17166333062638,2336,btc_qm_engine:btc_ptmc_accept,1.0000000000
METRIC,2026-04-17T23:02:26Z,17166333090908,2336,btc_qm_engine:btc_ptmc_rep_hot,7.0000000000
METRIC,2026-04-17T23:02:26Z,17166333119058,2336,btc_qm_engine:btc_ptmc_rep_cold,6.0000000000
METRIC,2026-04-17T23:02:26Z,17166333146718,2336,btc_qm_engine:btc_ptmc_accept,1.0000000000
METRIC,2026-04-17T23:02:26Z,17166444066586,2336,btc_qm_engine:btc_ptmc_rep_hot,1.0000000000
METRIC,2026-04-17T23:02:26Z,17166444164416,2336,btc_qm_engine:btc_ptmc_rep_cold,0.0000000000
METRIC,2026-04-17T23:02:26Z,17166444198046,2336,btc_qm_engine:btc_ptmc_accept,1.0000000000
METRIC,2026-04-17T23:02:26Z,17166444236096,2336,btc_qm_engine:btc_ptmc_rep_hot,2.0000000000
METRIC,2026-04-17T23:02:26Z,17166444264536,2336,btc_qm_engine:btc_ptmc_rep_cold,1.0000000000
METRIC,2026-04-17T23:02:26Z,17166444301906,2336,btc_qm_engine:btc_ptmc_accept,0.7165140378
METRIC,2026-04-17T23:02:26Z,17166444339546,2336,btc_qm_engine:btc_ptmc_rep_hot,3.0000000000
METRIC,2026-04-17T23:02:26Z,17166444370886,2336,btc_qm_engine:btc_ptmc_rep_cold,2.0000000000
METRIC,2026-04-17T23:02:26Z,17166444407316,2336,btc_qm_engine:btc_ptmc_accept,0.8464766237
METRIC,2026-04-17T23:02:26Z,17166444447056,2336,btc_qm_engine:btc_ptmc_rep_hot,4.0000000000
METRIC,2026-04-17T23:02:26Z,17166444475936,2336,btc_qm_engine:btc_ptmc_rep_cold,3.0000000000
METRIC,2026-04-17T23:02:26Z,17166444508666,2336,btc_qm_engine:btc_ptmc_accept,0.9048354550
METRIC,2026-04-17T23:02:26Z,17166444545206,2336,btc_qm_engine:btc_ptmc_rep_hot,5.0000000000
METRIC,2026-04-17T23:02:26Z,17166444575016,2336,btc_qm_engine:btc_ptmc_rep_cold,4.0000000000
METRIC,2026-04-17T23:02:26Z,17166444624556,2336,btc_qm_engine:btc_ptmc_accept,0.9394122667
METRIC,2026-04-17T23:02:26Z,17166444669266,2336,btc_qm_engine:btc_ptmc_rep_hot,6.0000000000
METRIC,2026-04-17T23:02:26Z,17166444702376,2336,btc_qm_engine:btc_ptmc_rep_cold,5.0000000000
METRIC,2026-04-17T23:02:26Z,17166444737066,2336,btc_qm_engine:btc_ptmc_accept,1.0000000000
METRIC,2026-04-17T23:02:26Z,17166444773806,2336,btc_qm_engine:btc_ptmc_rep_hot,7.0000000000
METRIC,2026-04-17T23:02:26Z,17166444810406,2336,btc_qm_engine:btc_ptmc_rep_cold,6.0000000000
METRIC,2026-04-17T23:02:26Z,17166444845206,2336,btc_qm_engine:btc_ptmc_accept,0.9767446541
METRIC,2026-04-17T23:02:26Z,17166560947573,2336,btc_qm_engine:btc_ptmc_rep_hot,1.0000000000
METRIC,2026-04-17T23:02:26Z,17166561167333,2336,btc_qm_engine:btc_ptmc_rep_cold,0.0000000000
METRIC,2026-04-17T23:02:26Z,17166561204763,2336,btc_qm_engine:btc_ptmc_accept,0.5136669338
METRIC,2026-04-17T23:02:26Z,17166561234063,2336,btc_qm_engine:btc_ptmc_rep_hot,2.0000000000
METRIC,2026-04-17T23:02:26Z,17166561261463,2336,btc_qm_engine:btc_ptmc_rep_cold,1.0000000000
METRIC,2026-04-17T23:02:26Z,17166561290343,2336,btc_qm_engine:btc_ptmc_accept,0.7165485813
METRIC,2026-04-17T23:02:26Z,17166561318873,2336,btc_qm_engine:btc_ptmc_rep_hot,3.0000000000
METRIC,2026-04-17T23:02:26Z,17166561345633,2336,btc_qm_engine:btc_ptmc_rep_cold,2.0000000000
METRIC,2026-04-17T23:02:26Z,17166561373223,2336,btc_qm_engine:btc_ptmc_accept,0.8464868258
METRIC,2026-04-17T23:02:26Z,17166561401943,2336,btc_qm_engine:btc_ptmc_rep_hot,4.0000000000
METRIC,2026-04-17T23:02:26Z,17166561428493,2336,btc_qm_engine:btc_ptmc_rep_cold,3.0000000000
METRIC,2026-04-17T23:02:26Z,17166561455433,2336,btc_qm_engine:btc_ptmc_accept,0.9048393810
METRIC,2026-04-17T23:02:26Z,17166561482393,2336,btc_qm_engine:btc_ptmc_rep_hot,5.0000000000
METRIC,2026-04-17T23:02:26Z,17166561507623,2336,btc_qm_engine:btc_ptmc_rep_cold,4.0000000000
METRIC,2026-04-17T23:02:26Z,17166561533063,2336,btc_qm_engine:btc_ptmc_accept,1.0000000000
METRIC,2026-04-17T23:02:26Z,17166561589403,2336,btc_qm_engine:btc_ptmc_rep_hot,6.0000000000
METRIC,2026-04-17T23:02:26Z,17166561617153,2336,btc_qm_engine:btc_ptmc_rep_cold,5.0000000000
METRIC,2026-04-17T23:02:26Z,17166561646563,2336,btc_qm_engine:btc_ptmc_accept,0.9642898556
METRIC,2026-04-17T23:02:26Z,17166561674833,2336,btc_qm_engine:btc_ptmc_rep_hot,7.0000000000
METRIC,2026-04-17T23:02:26Z,17166561702683,2336,btc_qm_engine:btc_ptmc_rep_cold,6.0000000000
METRIC,2026-04-17T23:02:26Z,17166561731663,2336,btc_qm_engine:btc_ptmc_accept,1.0000000000
METRIC,2026-04-17T23:02:26Z,17166668381341,2336,btc_qm_engine:btc_ptmc_rep_hot,1.0000000000
METRIC,2026-04-17T23:02:26Z,17166668463901,2336,btc_qm_engine:btc_ptmc_rep_cold,0.0000000000
METRIC,2026-04-17T23:02:26Z,17166668494251,2336,btc_qm_engine:btc_ptmc_accept,-0.0048430430
METRIC,2026-04-17T23:02:26Z,17166668534621,2336,btc_qm_engine:btc_ptmc_rep_hot,2.0000000000
METRIC,2026-04-17T23:02:26Z,17166668562961,2336,btc_qm_engine:btc_ptmc_rep_cold,1.0000000000
METRIC,2026-04-17T23:02:26Z,17166668590161,2336,btc_qm_engine:btc_ptmc_accept,1.0000000000
METRIC,2026-04-17T23:02:26Z,17166668616591,2336,btc_qm_engine:btc_ptmc_rep_hot,3.0000000000
METRIC,2026-04-17T23:02:26Z,17166668653431,2336,btc_qm_engine:btc_ptmc_rep_cold,2.0000000000
METRIC,2026-04-17T23:02:26Z,17166668687741,2336,btc_qm_engine:btc_ptmc_accept,1.0000000000
METRIC,2026-04-17T23:02:26Z,17166668715171,2336,btc_qm_engine:btc_ptmc_rep_hot,4.0000000000
METRIC,2026-04-17T23:02:26Z,17166668741831,2336,btc_qm_engine:btc_ptmc_rep_cold,3.0000000000
METRIC,2026-04-17T23:02:26Z,17166668769151,2336,btc_qm_engine:btc_ptmc_accept,1.0000000000
METRIC,2026-04-17T23:02:26Z,17166668797171,2336,btc_qm_engine:btc_ptmc_rep_hot,5.0000000000
METRIC,2026-04-17T23:02:26Z,17166668824181,2336,btc_qm_engine:btc_ptmc_rep_cold,4.0000000000
METRIC,2026-04-17T23:02:26Z,17166668851691,2336,btc_qm_engine:btc_ptmc_accept,1.0000000000
METRIC,2026-04-17T23:02:26Z,17166668879201,2336,btc_qm_engine:btc_ptmc_rep_hot,6.0000000000
METRIC,2026-04-17T23:02:26Z,17166668906581,2336,btc_qm_engine:btc_ptmc_rep_cold,5.0000000000
METRIC,2026-04-17T23:02:26Z,17166668934241,2336,btc_qm_engine:btc_ptmc_accept,1.0000000000
METRIC,2026-04-17T23:02:26Z,17166668961571,2336,btc_qm_engine:btc_ptmc_rep_hot,7.0000000000
METRIC,2026-04-17T23:02:26Z,17166668988511,2336,btc_qm_engine:btc_ptmc_rep_cold,6.0000000000
METRIC,2026-04-17T23:02:26Z,17166673856101,2336,btc_qm_engine:btc_ptmc_accept,1.0000000000
METRIC,2026-04-17T23:02:26Z,17166781909049,2336,btc_qm_engine:btc_ptmc_rep_hot,1.0000000000
METRIC,2026-04-17T23:02:26Z,17166781997509,2336,btc_qm_engine:btc_ptmc_rep_cold,0.0000000000
METRIC,2026-04-17T23:02:26Z,17166782052499,2336,btc_qm_engine:btc_ptmc_accept,1.0000000000
METRIC,2026-04-17T23:02:26Z,17166782084119,2336,btc_qm_engine:btc_ptmc_rep_hot,2.0000000000
METRIC,2026-04-17T23:02:26Z,17166782111969,2336,btc_qm_engine:btc_ptmc_rep_cold,1.0000000000
METRIC,2026-04-17T23:02:26Z,17166782140599,2336,btc_qm_engine:btc_ptmc_accept,1.0000000000
METRIC,2026-04-17T23:02:26Z,17166782168119,2336,btc_qm_engine:btc_ptmc_rep_hot,3.0000000000
METRIC,2026-04-17T23:02:26Z,17166782195839,2336,btc_qm_engine:btc_ptmc_rep_cold,2.0000000000
METRIC,2026-04-17T23:02:26Z,17166782224989,2336,btc_qm_engine:btc_ptmc_accept,1.0000000000
METRIC,2026-04-17T23:02:26Z,17166782318869,2336,btc_qm_engine:btc_ptmc_rep_hot,4.0000000000
METRIC,2026-04-17T23:02:26Z,17166782867989,2336,btc_qm_engine:btc_ptmc_rep_cold,3.0000000000
METRIC,2026-04-17T23:02:26Z,17166782897669,2336,btc_qm_engine:btc_ptmc_accept,1.0000000000
METRIC,2026-04-17T23:02:26Z,17166782925199,2336,btc_qm_engine:btc_ptmc_rep_hot,5.0000000000
METRIC,2026-04-17T23:02:26Z,17166782962239,2336,btc_qm_engine:btc_ptmc_rep_cold,4.0000000000
METRIC,2026-04-17T23:02:26Z,17166783034369,2336,btc_qm_engine:btc_ptmc_accept,1.0000000000
METRIC,2026-04-17T23:02:26Z,17166783062729,2336,btc_qm_engine:btc_ptmc_rep_hot,6.0000000000
METRIC,2026-04-17T23:02:26Z,17166783089799,2336,btc_qm_engine:btc_ptmc_rep_cold,5.0000000000
METRIC,2026-04-17T23:02:26Z,17166783139609,2336,btc_qm_engine:btc_ptmc_accept,1.0000000000
METRIC,2026-04-17T23:02:26Z,17166783195679,2336,btc_qm_engine:btc_ptmc_rep_hot,7.0000000000
METRIC,2026-04-17T23:02:26Z,17166783222819,2336,btc_qm_engine:btc_ptmc_rep_cold,6.0000000000
METRIC,2026-04-17T23:02:26Z,17166783249989,2336,btc_qm_engine:btc_ptmc_accept,1.0000000000
METRIC,2026-04-17T23:02:27Z,17166897470117,2336,btc_qm_engine:btc_ptmc_rep_hot,1.0000000000
METRIC,2026-04-17T23:02:27Z,17166897573967,2336,btc_qm_engine:btc_ptmc_rep_cold,0.0000000000
METRIC,2026-04-17T23:02:27Z,17166897603777,2336,btc_qm_engine:btc_ptmc_accept,1.0000000000
METRIC,2026-04-17T23:02:27Z,17166897631267,2336,btc_qm_engine:btc_ptmc_rep_hot,2.0000000000
METRIC,2026-04-17T23:02:27Z,17166897658277,2336,btc_qm_engine:btc_ptmc_rep_cold,1.0000000000
METRIC,2026-04-17T23:02:27Z,17166897689717,2336,btc_qm_engine:btc_ptmc_accept,1.0000000000
METRIC,2026-04-17T23:02:27Z,17166897717877,2336,btc_qm_engine:btc_ptmc_rep_hot,3.0000000000
METRIC,2026-04-17T23:02:27Z,17166897743427,2336,btc_qm_engine:btc_ptmc_rep_cold,2.0000000000
METRIC,2026-04-17T23:02:27Z,17166897770657,2336,btc_qm_engine:btc_ptmc_accept,0.8464817249
METRIC,2026-04-17T23:02:27Z,17166897799147,2336,btc_qm_engine:btc_ptmc_rep_hot,4.0000000000
METRIC,2026-04-17T23:02:27Z,17166897823837,2336,btc_qm_engine:btc_ptmc_rep_cold,3.0000000000
METRIC,2026-04-17T23:02:27Z,17166897850207,2336,btc_qm_engine:btc_ptmc_accept,1.0000000000
METRIC,2026-04-17T23:02:27Z,17166897876907,2336,btc_qm_engine:btc_ptmc_rep_hot,5.0000000000
METRIC,2026-04-17T23:02:27Z,17166897903027,2336,btc_qm_engine:btc_ptmc_rep_cold,4.0000000000
METRIC,2026-04-17T23:02:27Z,17166897927967,2336,btc_qm_engine:btc_ptmc_accept,1.0000000000
METRIC,2026-04-17T23:02:27Z,17166897954227,2336,btc_qm_engine:btc_ptmc_rep_hot,6.0000000000
METRIC,2026-04-17T23:02:27Z,17166897980697,2336,btc_qm_engine:btc_ptmc_rep_cold,5.0000000000
METRIC,2026-04-17T23:02:27Z,17166898075397,2336,btc_qm_engine:btc_ptmc_accept,0.9642895790
METRIC,2026-04-17T23:02:27Z,17166898108287,2336,btc_qm_engine:btc_ptmc_rep_hot,7.0000000000
METRIC,2026-04-17T23:02:27Z,17166898135177,2336,btc_qm_engine:btc_ptmc_rep_cold,6.0000000000
METRIC,2026-04-17T23:02:27Z,17166898161827,2336,btc_qm_engine:btc_ptmc_accept,0.9767452464
METRIC,2026-04-17T23:02:27Z,17167001871115,2336,btc_qm_engine:btc_ptmc_rep_hot,1.0000000000
METRIC,2026-04-17T23:02:27Z,17167001959785,2336,btc_qm_engine:btc_ptmc_rep_cold,0.0000000000
METRIC,2026-04-17T23:02:27Z,17167001988185,2336,btc_qm_engine:btc_ptmc_accept,1.0000000000
METRIC,2026-04-17T23:02:27Z,17167002029835,2336,btc_qm_engine:btc_ptmc_rep_hot,2.0000000000
METRIC,2026-04-17T23:02:27Z,17167002056205,2336,btc_qm_engine:btc_ptmc_rep_cold,1.0000000000
METRIC,2026-04-17T23:02:27Z,17167002082455,2336,btc_qm_engine:btc_ptmc_accept,1.0000000000
METRIC,2026-04-17T23:02:27Z,17167002108495,2336,btc_qm_engine:btc_ptmc_rep_hot,3.0000000000
METRIC,2026-04-17T23:02:27Z,17167002133935,2336,btc_qm_engine:btc_ptmc_rep_cold,2.0000000000
METRIC,2026-04-17T23:02:27Z,17167002159515,2336,btc_qm_engine:btc_ptmc_accept,1.0000000000
METRIC,2026-04-17T23:02:27Z,17167002185575,2336,btc_qm_engine:btc_ptmc_rep_hot,4.0000000000
METRIC,2026-04-17T23:02:27Z,17167002211435,2336,btc_qm_engine:btc_ptmc_rep_cold,3.0000000000
METRIC,2026-04-17T23:02:27Z,17167002237715,2336,btc_qm_engine:btc_ptmc_accept,1.0000000000
METRIC,2026-04-17T23:02:27Z,17167002267915,2336,btc_qm_engine:btc_ptmc_rep_hot,5.0000000000
METRIC,2026-04-17T23:02:27Z,17167002294355,2336,btc_qm_engine:btc_ptmc_rep_cold,4.0000000000
METRIC,2026-04-17T23:02:27Z,17167002330395,2336,btc_qm_engine:btc_ptmc_accept,1.0000000000
METRIC,2026-04-17T23:02:27Z,17167002365845,2336,btc_qm_engine:btc_ptmc_rep_hot,6.0000000000
METRIC,2026-04-17T23:02:27Z,17167002391495,2336,btc_qm_engine:btc_ptmc_rep_cold,5.0000000000
METRIC,2026-04-17T23:02:27Z,17167002415935,2336,btc_qm_engine:btc_ptmc_accept,1.0000000000
METRIC,2026-04-17T23:02:27Z,17167002441525,2336,btc_qm_engine:btc_ptmc_rep_hot,7.0000000000
METRIC,2026-04-17T23:02:27Z,17167002467265,2336,btc_qm_engine:btc_ptmc_rep_cold,6.0000000000
METRIC,2026-04-17T23:02:27Z,17167002517345,2336,btc_qm_engine:btc_ptmc_accept,1.0000000000
METRIC,2026-04-17T23:02:27Z,17167121673312,2336,btc_qm_engine:btc_ptmc_rep_hot,1.0000000000
METRIC,2026-04-17T23:02:27Z,17167121826342,2336,btc_qm_engine:btc_ptmc_rep_cold,0.0000000000
METRIC,2026-04-17T23:02:27Z,17167121887182,2336,btc_qm_engine:btc_ptmc_accept,0.5135063048
METRIC,2026-04-17T23:02:27Z,17167121910372,2336,btc_qm_engine:btc_ptmc_rep_hot,2.0000000000
METRIC,2026-04-17T23:02:27Z,17167121930372,2336,btc_qm_engine:btc_ptmc_rep_cold,1.0000000000
METRIC,2026-04-17T23:02:27Z,17167121951042,2336,btc_qm_engine:btc_ptmc_accept,1.0000000000
METRIC,2026-04-17T23:02:27Z,17167121977612,2336,btc_qm_engine:btc_ptmc_rep_hot,3.0000000000
METRIC,2026-04-17T23:02:27Z,17167122037492,2336,btc_qm_engine:btc_ptmc_rep_cold,2.0000000000
METRIC,2026-04-17T23:02:27Z,17167122064962,2336,btc_qm_engine:btc_ptmc_accept,1.0000000000
METRIC,2026-04-17T23:02:27Z,17167122091652,2336,btc_qm_engine:btc_ptmc_rep_hot,4.0000000000
METRIC,2026-04-17T23:02:27Z,17167122116982,2336,btc_qm_engine:btc_ptmc_rep_cold,3.0000000000
METRIC,2026-04-17T23:02:27Z,17167122142502,2336,btc_qm_engine:btc_ptmc_accept,0.9048330071
METRIC,2026-04-17T23:02:27Z,17167122168092,2336,btc_qm_engine:btc_ptmc_rep_hot,5.0000000000
METRIC,2026-04-17T23:02:27Z,17167122193602,2336,btc_qm_engine:btc_ptmc_rep_cold,4.0000000000
METRIC,2026-04-17T23:02:27Z,17167122217582,2336,btc_qm_engine:btc_ptmc_accept,0.9394112740
METRIC,2026-04-17T23:02:27Z,17167122239942,2336,btc_qm_engine:btc_ptmc_rep_hot,6.0000000000
METRIC,2026-04-17T23:02:27Z,17167122266972,2336,btc_qm_engine:btc_ptmc_rep_cold,5.0000000000
METRIC,2026-04-17T23:02:27Z,17167122292312,2336,btc_qm_engine:btc_ptmc_accept,1.0000000000
METRIC,2026-04-17T23:02:27Z,17167122326462,2336,btc_qm_engine:btc_ptmc_rep_hot,7.0000000000
METRIC,2026-04-17T23:02:27Z,17167122352092,2336,btc_qm_engine:btc_ptmc_rep_cold,6.0000000000
METRIC,2026-04-17T23:02:27Z,17167122377492,2336,btc_qm_engine:btc_ptmc_accept,0.9767447714
METRIC,2026-04-17T23:02:27Z,17167176287531,2336,btc_qm_engine:btc_hashrate_mhs,0.7717723225
METRIC,2026-04-17T23:02:27Z,17167176464241,2336,btc_qm_engine:btc_hashrate_thread_id,1.0000000000
METRIC,2026-04-17T23:02:27Z,17167199127231,2336,btc_qm_engine:btc_nx48_delta_nonce_old,50.0000000000
METRIC,2026-04-17T23:02:27Z,17167200441361,2336,btc_qm_engine:btc_nx48_delta_nonce_new,50.0000000000
METRIC,2026-04-17T23:02:27Z,17167200531351,2336,btc_qm_engine:btc_nx48_batch_old,4.0000000000
METRIC,2026-04-17T23:02:27Z,17167200588691,2336,btc_qm_engine:btc_nx48_batch_new,4.0000000000
METRIC,2026-04-17T23:02:27Z,17167200637221,2336,btc_qm_engine:btc_nx48_loss,0.3182456337
METRIC,2026-04-17T23:02:27Z,17167200703501,2336,btc_qm_engine:btc_nx48_grad_norm,0.0677420892
METRIC,2026-04-17T23:02:27Z,17167200763141,2336,btc_qm_engine:btc_nx48_update_count,3258.0000000000
METRIC,2026-04-17T23:02:27Z,17167200802771,2336,btc_qm_engine:btc_nx48_exploration_bias,0.9104477161
METRIC,2026-04-17T23:02:27Z,17167200864461,2336,btc_qm_engine:btc_nx48_dual_blend,0.2000000000
METRIC,2026-04-17T23:02:27Z,17167200903081,2336,btc_qm_engine:btc_hashrate_mhs,0.7708092015
METRIC,2026-04-17T23:02:27Z,17167200993001,2336,btc_qm_engine:btc_hashrate_thread_id,0.0000000000
METRIC,2026-04-17T23:02:27Z,17167223434140,2336,btc_qm_engine:btc_ptmc_rep_hot,1.0000000000
METRIC,2026-04-17T23:02:27Z,17167223574850,2336,btc_qm_engine:btc_ptmc_rep_cold,0.0000000000
METRIC,2026-04-17T23:02:27Z,17167223658850,2336,btc_qm_engine:btc_ptmc_accept,1.0000000000
METRIC,2026-04-17T23:02:27Z,17167223734370,2336,btc_qm_engine:btc_ptmc_rep_hot,2.0000000000
METRIC,2026-04-17T23:02:27Z,17167223785050,2336,btc_qm_engine:btc_ptmc_rep_cold,1.0000000000
METRIC,2026-04-17T23:02:27Z,17167223858040,2336,btc_qm_engine:btc_ptmc_accept,1.0000000000
METRIC,2026-04-17T23:02:27Z,17167223921090,2336,btc_qm_engine:btc_ptmc_rep_hot,3.0000000000
METRIC,2026-04-17T23:02:27Z,17167223983900,2336,btc_qm_engine:btc_ptmc_rep_cold,2.0000000000
METRIC,2026-04-17T23:02:27Z,17167224069720,2336,btc_qm_engine:btc_ptmc_accept,-0.8464766237
METRIC,2026-04-17T23:02:27Z,17167224186600,2336,btc_qm_engine:btc_ptmc_rep_hot,4.0000000000
METRIC,2026-04-17T23:02:27Z,17167224241310,2336,btc_qm_engine:btc_ptmc_rep_cold,3.0000000000
METRIC,2026-04-17T23:02:27Z,17167224289560,2336,btc_qm_engine:btc_ptmc_accept,1.0000000000
METRIC,2026-04-17T23:02:27Z,17167224327940,2336,btc_qm_engine:btc_ptmc_rep_hot,5.0000000000
METRIC,2026-04-17T23:02:27Z,17167224392630,2336,btc_qm_engine:btc_ptmc_rep_cold,4.0000000000
METRIC,2026-04-17T23:02:27Z,17167224429780,2336,btc_qm_engine:btc_ptmc_accept,1.0000000000
METRIC,2026-04-17T23:02:27Z,17167224481380,2336,btc_qm_engine:btc_ptmc_rep_hot,6.0000000000
METRIC,2026-04-17T23:02:27Z,17167224517810,2336,btc_qm_engine:btc_ptmc_rep_cold,5.0000000000
METRIC,2026-04-17T23:02:27Z,17167224576640,2336,btc_qm_engine:btc_ptmc_accept,1.0000000000
METRIC,2026-04-17T23:02:27Z,17167224613540,2336,btc_qm_engine:btc_ptmc_rep_hot,7.0000000000
METRIC,2026-04-17T23:02:27Z,17167224663400,2336,btc_qm_engine:btc_ptmc_rep_cold,6.0000000000
METRIC,2026-04-17T23:02:27Z,17167224699220,2336,btc_qm_engine:btc_ptmc_accept,1.0000000000
METRIC,2026-04-17T23:02:27Z,17167327577418,2336,btc_qm_engine:btc_ptmc_rep_hot,1.0000000000
METRIC,2026-04-17T23:02:27Z,17167327721798,2336,btc_qm_engine:btc_ptmc_rep_cold,0.0000000000
METRIC,2026-04-17T23:02:27Z,17167327785268,2336,btc_qm_engine:btc_ptmc_accept,1.0000000000
METRIC,2026-04-17T23:02:27Z,17167331041998,2336,btc_qm_engine:btc_ptmc_rep_hot,2.0000000000
METRIC,2026-04-17T23:02:27Z,17167331151548,2336,btc_qm_engine:btc_ptmc_rep_cold,1.0000000000
METRIC,2026-04-17T23:02:27Z,17167331232728,2336,btc_qm_engine:btc_ptmc_accept,1.0000000000
METRIC,2026-04-17T23:02:27Z,17167331305998,2336,btc_qm_engine:btc_ptmc_rep_hot,3.0000000000
METRIC,2026-04-17T23:02:27Z,17167331360758,2336,btc_qm_engine:btc_ptmc_rep_cold,2.0000000000
METRIC,2026-04-17T23:02:27Z,17167331419918,2336,btc_qm_engine:btc_ptmc_accept,1.0000000000
METRIC,2026-04-17T23:02:27Z,17167331464298,2336,btc_qm_engine:btc_ptmc_rep_hot,4.0000000000
METRIC,2026-04-17T23:02:27Z,17167331535258,2336,btc_qm_engine:btc_ptmc_rep_cold,3.0000000000
METRIC,2026-04-17T23:02:27Z,17167331609048,2336,btc_qm_engine:btc_ptmc_accept,1.0000000000
METRIC,2026-04-17T23:02:27Z,17167331660008,2336,btc_qm_engine:btc_ptmc_rep_hot,5.0000000000
METRIC,2026-04-17T23:02:27Z,17167331696988,2336,btc_qm_engine:btc_ptmc_rep_cold,4.0000000000
METRIC,2026-04-17T23:02:27Z,17167331749598,2336,btc_qm_engine:btc_ptmc_accept,1.0000000000
METRIC,2026-04-17T23:02:27Z,17167331786288,2336,btc_qm_engine:btc_ptmc_rep_hot,6.0000000000
METRIC,2026-04-17T23:02:27Z,17167331846178,2336,btc_qm_engine:btc_ptmc_rep_cold,5.0000000000
METRIC,2026-04-17T23:02:27Z,17167331885588,2336,btc_qm_engine:btc_ptmc_accept,1.0000000000
METRIC,2026-04-17T23:02:27Z,17167331969098,2336,btc_qm_engine:btc_ptmc_rep_hot,7.0000000000
METRIC,2026-04-17T23:02:27Z,17167332052958,2336,btc_qm_engine:btc_ptmc_rep_cold,6.0000000000
METRIC,2026-04-17T23:02:27Z,17167332105078,2336,btc_qm_engine:btc_ptmc_accept,1.0000000000
METRIC,2026-04-17T23:02:27Z,17167429394666,2336,btc_qm_engine:btc_ptmc_rep_hot,1.0000000000
METRIC,2026-04-17T23:02:27Z,17167429494316,2336,btc_qm_engine:btc_ptmc_rep_cold,0.0000000000
METRIC,2026-04-17T23:02:27Z,17167429524866,2336,btc_qm_engine:btc_ptmc_accept,-0.1354937842
METRIC,2026-04-17T23:02:27Z,17167429595886,2336,btc_qm_engine:btc_ptmc_rep_hot,2.0000000000
METRIC,2026-04-17T23:02:27Z,17167429623866,2336,btc_qm_engine:btc_ptmc_rep_cold,1.0000000000
METRIC,2026-04-17T23:02:27Z,17167429651806,2336,btc_qm_engine:btc_ptmc_accept,1.0000000000
METRIC,2026-04-17T23:02:27Z,17167429678856,2336,btc_qm_engine:btc_ptmc_rep_hot,3.0000000000
METRIC,2026-04-17T23:02:27Z,17167429706116,2336,btc_qm_engine:btc_ptmc_rep_cold,2.0000000000
METRIC,2026-04-17T23:02:27Z,17167429733786,2336,btc_qm_engine:btc_ptmc_accept,1.0000000000
METRIC,2026-04-17T23:02:27Z,17167429761176,2336,btc_qm_engine:btc_ptmc_rep_hot,4.0000000000
METRIC,2026-04-17T23:02:27Z,17167429788016,2336,btc_qm_engine:btc_ptmc_rep_cold,3.0000000000
METRIC,2026-04-17T23:02:27Z,17167429815576,2336,btc_qm_engine:btc_ptmc_accept,1.0000000000
METRIC,2026-04-17T23:02:27Z,17167429842546,2336,btc_qm_engine:btc_ptmc_rep_hot,5.0000000000
METRIC,2026-04-17T23:02:27Z,17167429869346,2336,btc_qm_engine:btc_ptmc_rep_cold,4.0000000000
METRIC,2026-04-17T23:02:27Z,17167429896516,2336,btc_qm_engine:btc_ptmc_accept,1.0000000000
METRIC,2026-04-17T23:02:27Z,17167429924176,2336,btc_qm_engine:btc_ptmc_rep_hot,6.0000000000
METRIC,2026-04-17T23:02:27Z,17167429951416,2336,btc_qm_engine:btc_ptmc_rep_cold,5.0000000000
METRIC,2026-04-17T23:02:27Z,17167429978636,2336,btc_qm_engine:btc_ptmc_accept,1.0000000000
METRIC,2026-04-17T23:02:27Z,17167430020346,2336,btc_qm_engine:btc_ptmc_rep_hot,7.0000000000
METRIC,2026-04-17T23:02:27Z,17167430049176,2336,btc_qm_engine:btc_ptmc_rep_cold,6.0000000000
METRIC,2026-04-17T23:02:27Z,17167430077096,2336,btc_qm_engine:btc_ptmc_accept,1.0000000000
METRIC,2026-04-17T23:02:27Z,17167534960544,2336,btc_qm_engine:btc_ptmc_rep_hot,1.0000000000
METRIC,2026-04-17T23:02:27Z,17167535101484,2336,btc_qm_engine:btc_ptmc_rep_cold,0.0000000000
METRIC,2026-04-17T23:02:27Z,17167535151674,2336,btc_qm_engine:btc_ptmc_accept,-0.2636887251
METRIC,2026-04-17T23:02:27Z,17167535185644,2336,btc_qm_engine:btc_ptmc_rep_hot,2.0000000000
METRIC,2026-04-17T23:02:27Z,17167535216734,2336,btc_qm_engine:btc_ptmc_rep_cold,1.0000000000
METRIC,2026-04-17T23:02:27Z,17167535246054,2336,btc_qm_engine:btc_ptmc_accept,1.0000000000
METRIC,2026-04-17T23:02:27Z,17167535278274,2336,btc_qm_engine:btc_ptmc_rep_hot,3.0000000000
METRIC,2026-04-17T23:02:27Z,17167535309504,2336,btc_qm_engine:btc_ptmc_rep_cold,2.0000000000
METRIC,2026-04-17T23:02:27Z,17167535344794,2336,btc_qm_engine:btc_ptmc_accept,1.0000000000
METRIC,2026-04-17T23:02:27Z,17167535374664,2336,btc_qm_engine:btc_ptmc_rep_hot,4.0000000000
METRIC,2026-04-17T23:02:27Z,17167535401904,2336,btc_qm_engine:btc_ptmc_rep_cold,3.0000000000
METRIC,2026-04-17T23:02:27Z,17167535430264,2336,btc_qm_engine:btc_ptmc_accept,1.0000000000
METRIC,2026-04-17T23:02:27Z,17167535457124,2336,btc_qm_engine:btc_ptmc_rep_hot,5.0000000000
METRIC,2026-04-17T23:02:27Z,17167535483634,2336,btc_qm_engine:btc_ptmc_rep_cold,4.0000000000
METRIC,2026-04-17T23:02:27Z,17167535510024,2336,btc_qm_engine:btc_ptmc_accept,1.0000000000
METRIC,2026-04-17T23:02:27Z,17167535536694,2336,btc_qm_engine:btc_ptmc_rep_hot,6.0000000000
METRIC,2026-04-17T23:02:27Z,17167535563184,2336,btc_qm_engine:btc_ptmc_rep_cold,5.0000000000
METRIC,2026-04-17T23:02:27Z,17167535589634,2336,btc_qm_engine:btc_ptmc_accept,1.0000000000
METRIC,2026-04-17T23:02:27Z,17167535615654,2336,btc_qm_engine:btc_ptmc_rep_hot,7.0000000000
METRIC,2026-04-17T23:02:27Z,17167535640704,2336,btc_qm_engine:btc_ptmc_rep_cold,6.0000000000
METRIC,2026-04-17T23:02:27Z,17167535666264,2336,btc_qm_engine:btc_ptmc_accept,1.0000000000
METRIC,2026-04-17T23:02:27Z,17167664614722,2336,btc_qm_engine:btc_ptmc_rep_hot,1.0000000000
METRIC,2026-04-17T23:02:27Z,17167664701102,2336,btc_qm_engine:btc_ptmc_rep_cold,0.0000000000
METRIC,2026-04-17T23:02:27Z,17167664732472,2336,btc_qm_engine:btc_ptmc_accept,1.0000000000
METRIC,2026-04-17T23:02:27Z,17167664789722,2336,btc_qm_engine:btc_ptmc_rep_hot,2.0000000000
METRIC,2026-04-17T23:02:27Z,17167664815862,2336,btc_qm_engine:btc_ptmc_rep_cold,1.0000000000
METRIC,2026-04-17T23:02:27Z,17167664843042,2336,btc_qm_engine:btc_ptmc_accept,1.0000000000
METRIC,2026-04-17T23:02:27Z,17167664869182,2336,btc_qm_engine:btc_ptmc_rep_hot,3.0000000000
METRIC,2026-04-17T23:02:27Z,17167664888712,2336,btc_qm_engine:btc_ptmc_rep_cold,2.0000000000
METRIC,2026-04-17T23:02:27Z,17167664908012,2336,btc_qm_engine:btc_ptmc_accept,1.0000000000
METRIC,2026-04-17T23:02:27Z,17167664928662,2336,btc_qm_engine:btc_ptmc_rep_hot,4.0000000000
METRIC,2026-04-17T23:02:27Z,17167664954872,2336,btc_qm_engine:btc_ptmc_rep_cold,3.0000000000
METRIC,2026-04-17T23:02:27Z,17167665724332,2336,btc_qm_engine:btc_ptmc_accept,1.0000000000
METRIC,2026-04-17T23:02:27Z,17167665745832,2336,btc_qm_engine:btc_ptmc_rep_hot,5.0000000000
METRIC,2026-04-17T23:02:27Z,17167665772962,2336,btc_qm_engine:btc_ptmc_rep_cold,4.0000000000
METRIC,2026-04-17T23:02:27Z,17167665798622,2336,btc_qm_engine:btc_ptmc_accept,1.0000000000
METRIC,2026-04-17T23:02:27Z,17167665823842,2336,btc_qm_engine:btc_ptmc_rep_hot,6.0000000000
METRIC,2026-04-17T23:02:27Z,17167665846582,2336,btc_qm_engine:btc_ptmc_rep_cold,5.0000000000
METRIC,2026-04-17T23:02:27Z,17167665865962,2336,btc_qm_engine:btc_ptmc_accept,1.0000000000
METRIC,2026-04-17T23:02:27Z,17167665885212,2336,btc_qm_engine:btc_ptmc_rep_hot,7.0000000000
METRIC,2026-04-17T23:02:27Z,17167665909462,2336,btc_qm_engine:btc_ptmc_rep_cold,6.0000000000
METRIC,2026-04-17T23:02:27Z,17167665935002,2336,btc_qm_engine:btc_ptmc_accept,1.0000000000
METRIC,2026-04-17T23:02:27Z,17167771339920,2336,btc_qm_engine:btc_ptmc_rep_hot,1.0000000000
METRIC,2026-04-17T23:02:27Z,17167773044120,2336,btc_qm_engine:btc_ptmc_rep_cold,0.0000000000
METRIC,2026-04-17T23:02:27Z,17167773094200,2336,btc_qm_engine:btc_ptmc_accept,1.0000000000
METRIC,2026-04-17T23:02:27Z,17167773809550,2336,btc_qm_engine:btc_ptmc_rep_hot,2.0000000000
METRIC,2026-04-17T23:02:27Z,17167773874580,2336,btc_qm_engine:btc_ptmc_rep_cold,1.0000000000
METRIC,2026-04-17T23:02:27Z,17167773917470,2336,btc_qm_engine:btc_ptmc_accept,1.0000000000
METRIC,2026-04-17T23:02:27Z,17167773953910,2336,btc_qm_engine:btc_ptmc_rep_hot,3.0000000000
METRIC,2026-04-17T23:02:27Z,17167773986960,2336,btc_qm_engine:btc_ptmc_rep_cold,2.0000000000
METRIC,2026-04-17T23:02:27Z,17167774155490,2336,btc_qm_engine:btc_ptmc_accept,1.0000000000
METRIC,2026-04-17T23:02:27Z,17167774196570,2336,btc_qm_engine:btc_ptmc_rep_hot,4.0000000000
METRIC,2026-04-17T23:02:27Z,17167774232040,2336,btc_qm_engine:btc_ptmc_rep_cold,3.0000000000
METRIC,2026-04-17T23:02:27Z,17167774284370,2336,btc_qm_engine:btc_ptmc_accept,1.0000000000
METRIC,2026-04-17T23:02:27Z,17167774314450,2336,btc_qm_engine:btc_ptmc_rep_hot,5.0000000000
METRIC,2026-04-17T23:02:27Z,17167774346610,2336,btc_qm_engine:btc_ptmc_rep_cold,4.0000000000
METRIC,2026-04-17T23:02:27Z,17167774880120,2336,btc_qm_engine:btc_ptmc_accept,1.0000000000
METRIC,2026-04-17T23:02:27Z,17167774928810,2336,btc_qm_engine:btc_ptmc_rep_hot,6.0000000000
METRIC,2026-04-17T23:02:27Z,17167774962930,2336,btc_qm_engine:btc_ptmc_rep_cold,5.0000000000
METRIC,2026-04-17T23:02:27Z,17167774999560,2336,btc_qm_engine:btc_ptmc_accept,1.0000000000
METRIC,2026-04-17T23:02:27Z,17167775519560,2336,btc_qm_engine:btc_ptmc_rep_hot,7.0000000000
METRIC,2026-04-17T23:02:27Z,17167775550220,2336,btc_qm_engine:btc_ptmc_rep_cold,6.0000000000
METRIC,2026-04-17T23:02:27Z,17167775583580,2336,btc_qm_engine:btc_ptmc_accept,1.0000000000
METRIC,2026-04-17T23:02:28Z,17167915687527,2336,btc_qm_engine:btc_ptmc_rep_hot,1.0000000000
METRIC,2026-04-17T23:02:28Z,17167915759647,2336,btc_qm_engine:btc_ptmc_rep_cold,0.0000000000
METRIC,2026-04-17T23:02:28Z,17167915782877,2336,btc_qm_engine:btc_ptmc_accept,1.0000000000
METRIC,2026-04-17T23:02:28Z,17167915804807,2336,btc_qm_engine:btc_ptmc_rep_hot,2.0000000000
METRIC,2026-04-17T23:02:28Z,17167915825927,2336,btc_qm_engine:btc_ptmc_rep_cold,1.0000000000
METRIC,2026-04-17T23:02:28Z,17167915846747,2336,btc_qm_engine:btc_ptmc_accept,1.0000000000
METRIC,2026-04-17T23:02:28Z,17167915898757,2336,btc_qm_engine:btc_ptmc_rep_hot,3.0000000000
METRIC,2026-04-17T23:02:28Z,17167915919947,2336,btc_qm_engine:btc_ptmc_rep_cold,2.0000000000
METRIC,2026-04-17T23:02:28Z,17167915945907,2336,btc_qm_engine:btc_ptmc_accept,1.0000000000
METRIC,2026-04-17T23:02:28Z,17167915968867,2336,btc_qm_engine:btc_ptmc_rep_hot,4.0000000000
METRIC,2026-04-17T23:02:28Z,17167915991837,2336,btc_qm_engine:btc_ptmc_rep_cold,3.0000000000
METRIC,2026-04-17T23:02:28Z,17167916045977,2336,btc_qm_engine:btc_ptmc_accept,1.0000000000
METRIC,2026-04-17T23:02:28Z,17167916068207,2336,btc_qm_engine:btc_ptmc_rep_hot,5.0000000000
METRIC,2026-04-17T23:02:28Z,17167916088997,2336,btc_qm_engine:btc_ptmc_rep_cold,4.0000000000
METRIC,2026-04-17T23:02:28Z,17167916112007,2336,btc_qm_engine:btc_ptmc_accept,1.0000000000
METRIC,2026-04-17T23:02:28Z,17167916132727,2336,btc_qm_engine:btc_ptmc_rep_hot,6.0000000000
METRIC,2026-04-17T23:02:28Z,17167916153397,2336,btc_qm_engine:btc_ptmc_rep_cold,5.0000000000
METRIC,2026-04-17T23:02:28Z,17167916176117,2336,btc_qm_engine:btc_ptmc_accept,1.0000000000
METRIC,2026-04-17T23:02:28Z,17167916208087,2336,btc_qm_engine:btc_ptmc_rep_hot,7.0000000000
METRIC,2026-04-17T23:02:28Z,17167916228797,2336,btc_qm_engine:btc_ptmc_rep_cold,6.0000000000
METRIC,2026-04-17T23:02:28Z,17167916249607,2336,btc_qm_engine:btc_ptmc_accept,1.0000000000
METRIC,2026-04-17T23:02:28Z,17168068471514,2336,btc_qm_engine:btc_ptmc_rep_hot,1.0000000000
METRIC,2026-04-17T23:02:28Z,17168069153534,2336,btc_qm_engine:btc_ptmc_rep_cold,0.0000000000
METRIC,2026-04-17T23:02:28Z,17168069231484,2336,btc_qm_engine:btc_ptmc_accept,-0.5136174742
METRIC,2026-04-17T23:02:28Z,17168069977474,2336,btc_qm_engine:btc_ptmc_rep_hot,2.0000000000
METRIC,2026-04-17T23:02:28Z,17168070076034,2336,btc_qm_engine:btc_ptmc_rep_cold,1.0000000000
METRIC,2026-04-17T23:02:28Z,17168070141904,2336,btc_qm_engine:btc_ptmc_accept,1.0000000000
METRIC,2026-04-17T23:02:28Z,17168070194044,2336,btc_qm_engine:btc_ptmc_rep_hot,3.0000000000
METRIC,2026-04-17T23:02:28Z,17168070233794,2336,btc_qm_engine:btc_ptmc_rep_cold,2.0000000000
METRIC,2026-04-17T23:02:28Z,17168070305054,2336,btc_qm_engine:btc_ptmc_accept,1.0000000000
METRIC,2026-04-17T23:02:28Z,17168070344764,2336,btc_qm_engine:btc_ptmc_rep_hot,4.0000000000
METRIC,2026-04-17T23:02:28Z,17168070429404,2336,btc_qm_engine:btc_ptmc_rep_cold,3.0000000000
METRIC,2026-04-17T23:02:28Z,17168070524634,2336,btc_qm_engine:btc_ptmc_accept,1.0000000000
METRIC,2026-04-17T23:02:28Z,17168070595454,2336,btc_qm_engine:btc_ptmc_rep_hot,5.0000000000
METRIC,2026-04-17T23:02:28Z,17168072076414,2336,btc_qm_engine:btc_ptmc_rep_cold,4.0000000000
METRIC,2026-04-17T23:02:28Z,17168072171744,2336,btc_qm_engine:btc_ptmc_accept,1.0000000000
METRIC,2026-04-17T23:02:28Z,17168072350354,2336,btc_qm_engine:btc_ptmc_rep_hot,6.0000000000
METRIC,2026-04-17T23:02:28Z,17168072487414,2336,btc_qm_engine:btc_ptmc_rep_cold,5.0000000000
METRIC,2026-04-17T23:02:28Z,17168076072514,2336,btc_qm_engine:btc_ptmc_accept,1.0000000000
METRIC,2026-04-17T23:02:28Z,17168076169364,2336,btc_qm_engine:btc_ptmc_rep_hot,7.0000000000
METRIC,2026-04-17T23:02:28Z,17168076250934,2336,btc_qm_engine:btc_ptmc_rep_cold,6.0000000000
METRIC,2026-04-17T23:02:28Z,17168080089264,2336,btc_qm_engine:btc_ptmc_accept,1.0000000000
HW_SAMPLE,2026-04-17T23:02:28Z,17168160526992,2336,btc_qm_engine:cpu_delta_pct,87.7702
HW_SAMPLE,2026-04-17T23:02:28Z,17168160526992,2336,btc_qm_engine:mem_used_pct,80.1338
HW_SAMPLE,2026-04-17T23:02:28Z,17168160526992,2336,btc_qm_engine:vm_rss_kb,7572
HW_SAMPLE,2026-04-17T23:02:28Z,17168160526992,2336,btc_qm_engine:vm_peak_kb,236324
HW_SAMPLE,2026-04-17T23:02:28Z,17168166461862,2336,btc_qm_engine:cpu_delta_pct,100.0000
HW_SAMPLE,2026-04-17T23:02:28Z,17168166461862,2336,btc_qm_engine:mem_used_pct,80.1324
HW_SAMPLE,2026-04-17T23:02:28Z,17168166461862,2336,btc_qm_engine:vm_rss_kb,7572
HW_SAMPLE,2026-04-17T23:02:28Z,17168166461862,2336,btc_qm_engine:vm_peak_kb,236324
METRIC,2026-04-17T23:02:28Z,17168188445732,2336,btc_qm_engine:btc_ptmc_rep_hot,1.0000000000
METRIC,2026-04-17T23:02:28Z,17168189934862,2336,btc_qm_engine:btc_ptmc_rep_cold,0.0000000000
METRIC,2026-04-17T23:02:28Z,17168190057062,2336,btc_qm_engine:btc_ptmc_accept,1.0000000000
METRIC,2026-04-17T23:02:28Z,17168193615572,2336,btc_qm_engine:btc_ptmc_rep_hot,2.0000000000
METRIC,2026-04-17T23:02:28Z,17168193711302,2336,btc_qm_engine:btc_ptmc_rep_cold,1.0000000000
METRIC,2026-04-17T23:02:28Z,17168193774892,2336,btc_qm_engine:btc_ptmc_accept,0.7165485813
METRIC,2026-04-17T23:02:28Z,17168193829262,2336,btc_qm_engine:btc_ptmc_rep_hot,3.0000000000
METRIC,2026-04-17T23:02:28Z,17168193869602,2336,btc_qm_engine:btc_ptmc_rep_cold,2.0000000000
METRIC,2026-04-17T23:02:28Z,17168193939912,2336,btc_qm_engine:btc_ptmc_accept,0.8464868258
METRIC,2026-04-17T23:02:28Z,17168193985372,2336,btc_qm_engine:btc_ptmc_rep_hot,4.0000000000
METRIC,2026-04-17T23:02:28Z,17168194087712,2336,btc_qm_engine:btc_ptmc_rep_cold,3.0000000000
METRIC,2026-04-17T23:02:28Z,17168194169232,2336,btc_qm_engine:btc_ptmc_accept,0.9048393810
METRIC,2026-04-17T23:02:28Z,17168194231722,2336,btc_qm_engine:btc_ptmc_rep_hot,5.0000000000
METRIC,2026-04-17T23:02:28Z,17168194273832,2336,btc_qm_engine:btc_ptmc_rep_cold,4.0000000000
METRIC,2026-04-17T23:02:28Z,17168194341572,2336,btc_qm_engine:btc_ptmc_accept,0.9394138589
METRIC,2026-04-17T23:02:28Z,17168194421082,2336,btc_qm_engine:btc_ptmc_rep_hot,6.0000000000
METRIC,2026-04-17T23:02:28Z,17168194493462,2336,btc_qm_engine:btc_ptmc_rep_cold,5.0000000000
METRIC,2026-04-17T23:02:28Z,17168194577622,2336,btc_qm_engine:btc_ptmc_accept,0.9642898556
METRIC,2026-04-17T23:02:28Z,17168194647742,2336,btc_qm_engine:btc_ptmc_rep_hot,7.0000000000
METRIC,2026-04-17T23:02:28Z,17168194720312,2336,btc_qm_engine:btc_ptmc_rep_cold,6.0000000000
METRIC,2026-04-17T23:02:28Z,17168194802532,2336,btc_qm_engine:btc_ptmc_accept,0.9767447714
METRIC,2026-04-17T23:02:28Z,17168289149640,2336,btc_qm_engine:btc_ptmc_rep_hot,1.0000000000
METRIC,2026-04-17T23:02:28Z,17168289316410,2336,btc_qm_engine:btc_ptmc_rep_cold,0.0000000000
METRIC,2026-04-17T23:02:28Z,17168289395540,2336,btc_qm_engine:btc_ptmc_accept,1.0000000000
METRIC,2026-04-17T23:02:28Z,17168289467870,2336,btc_qm_engine:btc_ptmc_rep_hot,2.0000000000
METRIC,2026-04-17T23:02:28Z,17168289528130,2336,btc_qm_engine:btc_ptmc_rep_cold,1.0000000000
METRIC,2026-04-17T23:02:28Z,17168289605960,2336,btc_qm_engine:btc_ptmc_accept,1.0000000000
METRIC,2026-04-17T23:02:28Z,17168289661950,2336,btc_qm_engine:btc_ptmc_rep_hot,3.0000000000
METRIC,2026-04-17T23:02:28Z,17168289702250,2336,btc_qm_engine:btc_ptmc_rep_cold,2.0000000000
METRIC,2026-04-17T23:02:28Z,17168289775170,2336,btc_qm_engine:btc_ptmc_accept,1.0000000000
METRIC,2026-04-17T23:02:28Z,17168289814690,2336,btc_qm_engine:btc_ptmc_rep_hot,4.0000000000
METRIC,2026-04-17T23:02:28Z,17168289906330,2336,btc_qm_engine:btc_ptmc_rep_cold,3.0000000000
METRIC,2026-04-17T23:02:28Z,17168289984500,2336,btc_qm_engine:btc_ptmc_accept,1.0000000000
METRIC,2026-04-17T23:02:28Z,17168290088100,2336,btc_qm_engine:btc_ptmc_rep_hot,5.0000000000
METRIC,2026-04-17T23:02:28Z,17168290157460,2336,btc_qm_engine:btc_ptmc_rep_cold,4.0000000000
METRIC,2026-04-17T23:02:28Z,17168290209890,2336,btc_qm_engine:btc_ptmc_accept,1.0000000000
METRIC,2026-04-17T23:02:28Z,17168290291480,2336,btc_qm_engine:btc_ptmc_rep_hot,6.0000000000
METRIC,2026-04-17T23:02:28Z,17168290359540,2336,btc_qm_engine:btc_ptmc_rep_cold,5.0000000000
METRIC,2026-04-17T23:02:28Z,17168290436210,2336,btc_qm_engine:btc_ptmc_accept,1.0000000000
METRIC,2026-04-17T23:02:28Z,17168290498520,2336,btc_qm_engine:btc_ptmc_rep_hot,7.0000000000
METRIC,2026-04-17T23:02:28Z,17168290540100,2336,btc_qm_engine:btc_ptmc_rep_cold,6.0000000000
METRIC,2026-04-17T23:02:28Z,17168290605540,2336,btc_qm_engine:btc_ptmc_accept,1.0000000000
METRIC,2026-04-17T23:02:28Z,17168397709518,2336,btc_qm_engine:btc_ptmc_rep_hot,1.0000000000
METRIC,2026-04-17T23:02:28Z,17168399092348,2336,btc_qm_engine:btc_ptmc_rep_cold,0.0000000000
METRIC,2026-04-17T23:02:28Z,17168399189768,2336,btc_qm_engine:btc_ptmc_accept,0.5135063048
METRIC,2026-04-17T23:02:28Z,17168400038978,2336,btc_qm_engine:btc_ptmc_rep_hot,2.0000000000
METRIC,2026-04-17T23:02:28Z,17168400132588,2336,btc_qm_engine:btc_ptmc_rep_cold,1.0000000000
METRIC,2026-04-17T23:02:28Z,17168400217248,2336,btc_qm_engine:btc_ptmc_accept,0.7165624298
METRIC,2026-04-17T23:02:28Z,17168400346948,2336,btc_qm_engine:btc_ptmc_rep_hot,3.0000000000
METRIC,2026-04-17T23:02:28Z,17168400412018,2336,btc_qm_engine:btc_ptmc_rep_cold,2.0000000000
METRIC,2026-04-17T23:02:28Z,17168401613898,2336,btc_qm_engine:btc_ptmc_accept,0.8464909161
METRIC,2026-04-17T23:02:28Z,17168401693478,2336,btc_qm_engine:btc_ptmc_rep_hot,4.0000000000
METRIC,2026-04-17T23:02:28Z,17168401770088,2336,btc_qm_engine:btc_ptmc_rep_cold,3.0000000000
METRIC,2026-04-17T23:02:28Z,17168402057328,2336,btc_qm_engine:btc_ptmc_accept,0.9048409551
METRIC,2026-04-17T23:02:28Z,17168402159258,2336,btc_qm_engine:btc_ptmc_rep_hot,5.0000000000
METRIC,2026-04-17T23:02:28Z,17168402696718,2336,btc_qm_engine:btc_ptmc_rep_cold,4.0000000000
METRIC,2026-04-17T23:02:28Z,17168402773528,2336,btc_qm_engine:btc_ptmc_accept,0.9394144973
METRIC,2026-04-17T23:02:28Z,17168402833978,2336,btc_qm_engine:btc_ptmc_rep_hot,6.0000000000
METRIC,2026-04-17T23:02:28Z,17168402903098,2336,btc_qm_engine:btc_ptmc_rep_cold,5.0000000000
METRIC,2026-04-17T23:02:28Z,17168402974078,2336,btc_qm_engine:btc_ptmc_accept,1.0000000000
METRIC,2026-04-17T23:02:28Z,17168403061048,2336,btc_qm_engine:btc_ptmc_rep_hot,7.0000000000
METRIC,2026-04-17T23:02:28Z,17168403136388,2336,btc_qm_engine:btc_ptmc_rep_cold,6.0000000000
METRIC,2026-04-17T23:02:28Z,17168403204778,2336,btc_qm_engine:btc_ptmc_accept,0.9767452464
METRIC,2026-04-17T23:02:28Z,17168507304156,2336,btc_qm_engine:btc_ptmc_rep_hot,1.0000000000
METRIC,2026-04-17T23:02:28Z,17168507396585,2336,btc_qm_engine:btc_ptmc_rep_cold,0.0000000000
METRIC,2026-04-17T23:02:28Z,17168507423485,2336,btc_qm_engine:btc_ptmc_accept,1.0000000000
METRIC,2026-04-17T23:02:28Z,17168507462355,2336,btc_qm_engine:btc_ptmc_rep_hot,2.0000000000
METRIC,2026-04-17T23:02:28Z,17168507494465,2336,btc_qm_engine:btc_ptmc_rep_cold,1.0000000000
METRIC,2026-04-17T23:02:28Z,17168507525195,2336,btc_qm_engine:btc_ptmc_accept,1.0000000000
METRIC,2026-04-17T23:02:28Z,17168507556625,2336,btc_qm_engine:btc_ptmc_rep_hot,3.0000000000
METRIC,2026-04-17T23:02:28Z,17168507581675,2336,btc_qm_engine:btc_ptmc_rep_cold,2.0000000000
METRIC,2026-04-17T23:02:28Z,17168507632225,2336,btc_qm_engine:btc_ptmc_accept,1.0000000000
METRIC,2026-04-17T23:02:28Z,17168507671275,2336,btc_qm_engine:btc_ptmc_rep_hot,4.0000000000
METRIC,2026-04-17T23:02:28Z,17168507701305,2336,btc_qm_engine:btc_ptmc_rep_cold,3.0000000000
METRIC,2026-04-17T23:02:28Z,17168507729835,2336,btc_qm_engine:btc_ptmc_accept,1.0000000000
METRIC,2026-04-17T23:02:28Z,17168507756755,2336,btc_qm_engine:btc_ptmc_rep_hot,5.0000000000
METRIC,2026-04-17T23:02:28Z,17168507787265,2336,btc_qm_engine:btc_ptmc_rep_cold,4.0000000000
METRIC,2026-04-17T23:02:28Z,17168507819015,2336,btc_qm_engine:btc_ptmc_accept,1.0000000000
METRIC,2026-04-17T23:02:28Z,17168507844685,2336,btc_qm_engine:btc_ptmc_rep_hot,6.0000000000
METRIC,2026-04-17T23:02:28Z,17168507874625,2336,btc_qm_engine:btc_ptmc_rep_cold,5.0000000000
METRIC,2026-04-17T23:02:28Z,17168507900155,2336,btc_qm_engine:btc_ptmc_accept,1.0000000000
METRIC,2026-04-17T23:02:28Z,17168507930375,2336,btc_qm_engine:btc_ptmc_rep_hot,7.0000000000
METRIC,2026-04-17T23:02:28Z,17168507960015,2336,btc_qm_engine:btc_ptmc_rep_cold,6.0000000000
METRIC,2026-04-17T23:02:28Z,17168507994915,2336,btc_qm_engine:btc_ptmc_accept,1.0000000000
METRIC,2026-04-17T23:02:28Z,17168609791584,2336,btc_qm_engine:btc_ptmc_rep_hot,1.0000000000
METRIC,2026-04-17T23:02:28Z,17168609885004,2336,btc_qm_engine:btc_ptmc_rep_cold,0.0000000000
METRIC,2026-04-17T23:02:28Z,17168609916414,2336,btc_qm_engine:btc_ptmc_accept,1.0000000000
METRIC,2026-04-17T23:02:28Z,17168609946584,2336,btc_qm_engine:btc_ptmc_rep_hot,2.0000000000
METRIC,2026-04-17T23:02:28Z,17168609974814,2336,btc_qm_engine:btc_ptmc_rep_cold,1.0000000000
METRIC,2026-04-17T23:02:28Z,17168610022794,2336,btc_qm_engine:btc_ptmc_accept,0.7165001846
METRIC,2026-04-17T23:02:28Z,17168610171994,2336,btc_qm_engine:btc_ptmc_rep_hot,3.0000000000
METRIC,2026-04-17T23:02:28Z,17168610288494,2336,btc_qm_engine:btc_ptmc_rep_cold,2.0000000000
METRIC,2026-04-17T23:02:28Z,17168610448884,2336,btc_qm_engine:btc_ptmc_accept,0.8464725326
METRIC,2026-04-17T23:02:28Z,17168610518034,2336,btc_qm_engine:btc_ptmc_rep_hot,4.0000000000
METRIC,2026-04-17T23:02:28Z,17168611625293,2336,btc_qm_engine:btc_ptmc_rep_cold,3.0000000000
METRIC,2026-04-17T23:02:28Z,17168611718323,2336,btc_qm_engine:btc_ptmc_accept,1.0000000000
METRIC,2026-04-17T23:02:28Z,17168611795703,2336,btc_qm_engine:btc_ptmc_rep_hot,5.0000000000
METRIC,2026-04-17T23:02:28Z,17168611861423,2336,btc_qm_engine:btc_ptmc_rep_cold,4.0000000000
METRIC,2026-04-17T23:02:28Z,17168612114123,2336,btc_qm_engine:btc_ptmc_accept,0.9394116283
METRIC,2026-04-17T23:02:28Z,17168613076874,2336,btc_qm_engine:btc_ptmc_rep_hot,6.0000000000
METRIC,2026-04-17T23:02:28Z,17168614068003,2336,btc_qm_engine:btc_ptmc_rep_cold,5.0000000000
METRIC,2026-04-17T23:02:28Z,17168614162783,2336,btc_qm_engine:btc_ptmc_accept,1.0000000000
METRIC,2026-04-17T23:02:28Z,17168615584543,2336,btc_qm_engine:btc_ptmc_rep_hot,7.0000000000
METRIC,2026-04-17T23:02:28Z,17168615774023,2336,btc_qm_engine:btc_ptmc_rep_cold,6.0000000000
METRIC,2026-04-17T23:02:28Z,17168615880693,2336,btc_qm_engine:btc_ptmc_accept,0.9767450351
METRIC,2026-04-17T23:02:28Z,17168716321381,2336,btc_qm_engine:btc_ptmc_rep_hot,1.0000000000
METRIC,2026-04-17T23:02:28Z,17168716460051,2336,btc_qm_engine:btc_ptmc_rep_cold,0.0000000000
METRIC,2026-04-17T23:02:28Z,17168716498161,2336,btc_qm_engine:btc_ptmc_accept,1.0000000000
METRIC,2026-04-17T23:02:28Z,17168716537771,2336,btc_qm_engine:btc_ptmc_rep_hot,2.0000000000
METRIC,2026-04-17T23:02:28Z,17168716571951,2336,btc_qm_engine:btc_ptmc_rep_cold,1.0000000000
METRIC,2026-04-17T23:02:28Z,17168716597621,2336,btc_qm_engine:btc_ptmc_accept,-0.7164924961
METRIC,2026-04-17T23:02:28Z,17168716635861,2336,btc_qm_engine:btc_ptmc_rep_hot,3.0000000000
METRIC,2026-04-17T23:02:28Z,17168716670471,2336,btc_qm_engine:btc_ptmc_rep_cold,2.0000000000
METRIC,2026-04-17T23:02:28Z,17168716695961,2336,btc_qm_engine:btc_ptmc_accept,1.0000000000
METRIC,2026-04-17T23:02:28Z,17168716720551,2336,btc_qm_engine:btc_ptmc_rep_hot,4.0000000000
METRIC,2026-04-17T23:02:28Z,17168716748612,2336,btc_qm_engine:btc_ptmc_rep_cold,3.0000000000
METRIC,2026-04-17T23:02:28Z,17168716774002,2336,btc_qm_engine:btc_ptmc_accept,1.0000000000
METRIC,2026-04-17T23:02:28Z,17168716799232,2336,btc_qm_engine:btc_ptmc_rep_hot,5.0000000000
METRIC,2026-04-17T23:02:28Z,17168716825662,2336,btc_qm_engine:btc_ptmc_rep_cold,4.0000000000
METRIC,2026-04-17T23:02:28Z,17168716851572,2336,btc_qm_engine:btc_ptmc_accept,1.0000000000
METRIC,2026-04-17T23:02:28Z,17168716876952,2336,btc_qm_engine:btc_ptmc_rep_hot,6.0000000000
METRIC,2026-04-17T23:02:28Z,17168716901482,2336,btc_qm_engine:btc_ptmc_rep_cold,5.0000000000
METRIC,2026-04-17T23:02:28Z,17168716928102,2336,btc_qm_engine:btc_ptmc_accept,1.0000000000
METRIC,2026-04-17T23:02:28Z,17168716953602,2336,btc_qm_engine:btc_ptmc_rep_hot,7.0000000000
METRIC,2026-04-17T23:02:28Z,17168716979472,2336,btc_qm_engine:btc_ptmc_rep_cold,6.0000000000
METRIC,2026-04-17T23:02:28Z,17168717024162,2336,btc_qm_engine:btc_ptmc_accept,1.0000000000
METRIC,2026-04-17T23:02:29Z,17168816670250,2336,btc_qm_engine:btc_ptmc_rep_hot,1.0000000000
METRIC,2026-04-17T23:02:29Z,17168817299750,2336,btc_qm_engine:btc_ptmc_rep_cold,0.0000000000
METRIC,2026-04-17T23:02:29Z,17168817354350,2336,btc_qm_engine:btc_ptmc_accept,1.0000000000
METRIC,2026-04-17T23:02:29Z,17168817381850,2336,btc_qm_engine:btc_ptmc_rep_hot,2.0000000000
METRIC,2026-04-17T23:02:29Z,17168817407830,2336,btc_qm_engine:btc_ptmc_rep_cold,1.0000000000
METRIC,2026-04-17T23:02:29Z,17168817434130,2336,btc_qm_engine:btc_ptmc_accept,1.0000000000
METRIC,2026-04-17T23:02:29Z,17168817459380,2336,btc_qm_engine:btc_ptmc_rep_hot,3.0000000000
METRIC,2026-04-17T23:02:29Z,17168818908979,2336,btc_qm_engine:btc_ptmc_rep_cold,2.0000000000
METRIC,2026-04-17T23:02:29Z,17168818976349,2336,btc_qm_engine:btc_ptmc_accept,1.0000000000
METRIC,2026-04-17T23:02:29Z,17168819076569,2336,btc_qm_engine:btc_ptmc_rep_hot,4.0000000000
METRIC,2026-04-17T23:02:29Z,17168819106739,2336,btc_qm_engine:btc_ptmc_rep_cold,3.0000000000
METRIC,2026-04-17T23:02:29Z,17168819156099,2336,btc_qm_engine:btc_ptmc_accept,1.0000000000
METRIC,2026-04-17T23:02:29Z,17168819185809,2336,btc_qm_engine:btc_ptmc_rep_hot,5.0000000000
METRIC,2026-04-17T23:02:29Z,17168819238069,2336,btc_qm_engine:btc_ptmc_rep_cold,4.0000000000
METRIC,2026-04-17T23:02:29Z,17168819267929,2336,btc_qm_engine:btc_ptmc_accept,1.0000000000
METRIC,2026-04-17T23:02:29Z,17168819326709,2336,btc_qm_engine:btc_ptmc_rep_hot,6.0000000000
METRIC,2026-04-17T23:02:29Z,17168819366439,2336,btc_qm_engine:btc_ptmc_rep_cold,5.0000000000
METRIC,2026-04-17T23:02:29Z,17168819412629,2336,btc_qm_engine:btc_ptmc_accept,1.0000000000
METRIC,2026-04-17T23:02:29Z,17168819438749,2336,btc_qm_engine:btc_ptmc_rep_hot,7.0000000000
METRIC,2026-04-17T23:02:29Z,17168819465889,2336,btc_qm_engine:btc_ptmc_rep_cold,6.0000000000
METRIC,2026-04-17T23:02:29Z,17168819514039,2336,btc_qm_engine:btc_ptmc_accept,1.0000000000
METRIC,2026-04-17T23:02:29Z,17168932595917,2336,btc_qm_engine:btc_ptmc_rep_hot,1.0000000000
METRIC,2026-04-17T23:02:29Z,17168932681667,2336,btc_qm_engine:btc_ptmc_rep_cold,0.0000000000
METRIC,2026-04-17T23:02:29Z,17168932711367,2336,btc_qm_engine:btc_ptmc_accept,1.0000000000
METRIC,2026-04-17T23:02:29Z,17168932739397,2336,btc_qm_engine:btc_ptmc_rep_hot,2.0000000000
METRIC,2026-04-17T23:02:29Z,17168932766437,2336,btc_qm_engine:btc_ptmc_rep_cold,1.0000000000
METRIC,2026-04-17T23:02:29Z,17168932793377,2336,btc_qm_engine:btc_ptmc_accept,1.0000000000
METRIC,2026-04-17T23:02:29Z,17168932821197,2336,btc_qm_engine:btc_ptmc_rep_hot,3.0000000000
METRIC,2026-04-17T23:02:29Z,17168932848397,2336,btc_qm_engine:btc_ptmc_rep_cold,2.0000000000
METRIC,2026-04-17T23:02:29Z,17168932875467,2336,btc_qm_engine:btc_ptmc_accept,1.0000000000
METRIC,2026-04-17T23:02:29Z,17168932902727,2336,btc_qm_engine:btc_ptmc_rep_hot,4.0000000000
METRIC,2026-04-17T23:02:29Z,17168932929427,2336,btc_qm_engine:btc_ptmc_rep_cold,3.0000000000
METRIC,2026-04-17T23:02:29Z,17168932956447,2336,btc_qm_engine:btc_ptmc_accept,1.0000000000
METRIC,2026-04-17T23:02:29Z,17168932983307,2336,btc_qm_engine:btc_ptmc_rep_hot,5.0000000000
METRIC,2026-04-17T23:02:29Z,17168933025287,2336,btc_qm_engine:btc_ptmc_rep_cold,4.0000000000
METRIC,2026-04-17T23:02:29Z,17168933054187,2336,btc_qm_engine:btc_ptmc_accept,1.0000000000
METRIC,2026-04-17T23:02:29Z,17168933081787,2336,btc_qm_engine:btc_ptmc_rep_hot,6.0000000000
METRIC,2026-04-17T23:02:29Z,17168933108487,2336,btc_qm_engine:btc_ptmc_rep_cold,5.0000000000
METRIC,2026-04-17T23:02:29Z,17168933135247,2336,btc_qm_engine:btc_ptmc_accept,1.0000000000
METRIC,2026-04-17T23:02:29Z,17168933162917,2336,btc_qm_engine:btc_ptmc_rep_hot,7.0000000000
METRIC,2026-04-17T23:02:29Z,17168933189717,2336,btc_qm_engine:btc_ptmc_rep_cold,6.0000000000
METRIC,2026-04-17T23:02:29Z,17168933216657,2336,btc_qm_engine:btc_ptmc_accept,1.0000000000
METRIC,2026-04-17T23:02:29Z,17169033849265,2336,btc_qm_engine:btc_ptmc_rep_hot,1.0000000000
METRIC,2026-04-17T23:02:29Z,17169033941455,2336,btc_qm_engine:btc_ptmc_rep_cold,0.0000000000
METRIC,2026-04-17T23:02:29Z,17169033970655,2336,btc_qm_engine:btc_ptmc_accept,-0.2638029098
METRIC,2026-04-17T23:02:29Z,17169033999825,2336,btc_qm_engine:btc_ptmc_rep_hot,2.0000000000
METRIC,2026-04-17T23:02:29Z,17169034082555,2336,btc_qm_engine:btc_ptmc_rep_cold,1.0000000000
METRIC,2026-04-17T23:02:29Z,17169034142215,2336,btc_qm_engine:btc_ptmc_accept,1.0000000000
METRIC,2026-04-17T23:02:29Z,17169037316745,2336,btc_qm_engine:btc_ptmc_rep_hot,3.0000000000
METRIC,2026-04-17T23:02:29Z,17169037408885,2336,btc_qm_engine:btc_ptmc_rep_cold,2.0000000000
METRIC,2026-04-17T23:02:29Z,17169037451325,2336,btc_qm_engine:btc_ptmc_accept,1.0000000000
METRIC,2026-04-17T23:02:29Z,17169037493175,2336,btc_qm_engine:btc_ptmc_rep_hot,4.0000000000
METRIC,2026-04-17T23:02:29Z,17169037535355,2336,btc_qm_engine:btc_ptmc_rep_cold,3.0000000000
METRIC,2026-04-17T23:02:29Z,17169037562505,2336,btc_qm_engine:btc_ptmc_accept,1.0000000000
METRIC,2026-04-17T23:02:29Z,17169037589475,2336,btc_qm_engine:btc_ptmc_rep_hot,5.0000000000
METRIC,2026-04-17T23:02:29Z,17169037619735,2336,btc_qm_engine:btc_ptmc_rep_cold,4.0000000000
METRIC,2026-04-17T23:02:29Z,17169037647545,2336,btc_qm_engine:btc_ptmc_accept,1.0000000000
METRIC,2026-04-17T23:02:29Z,17169037675095,2336,btc_qm_engine:btc_ptmc_rep_hot,6.0000000000
METRIC,2026-04-17T23:02:29Z,17169037702935,2336,btc_qm_engine:btc_ptmc_rep_cold,5.0000000000
METRIC,2026-04-17T23:02:29Z,17169037730145,2336,btc_qm_engine:btc_ptmc_accept,1.0000000000
METRIC,2026-04-17T23:02:29Z,17169037762795,2336,btc_qm_engine:btc_ptmc_rep_hot,7.0000000000
METRIC,2026-04-17T23:02:29Z,17169037792055,2336,btc_qm_engine:btc_ptmc_rep_cold,6.0000000000
METRIC,2026-04-17T23:02:29Z,17169037819565,2336,btc_qm_engine:btc_ptmc_accept,1.0000000000
METRIC,2026-04-17T23:02:29Z,17169147708153,2336,btc_qm_engine:btc_ptmc_rep_hot,1.0000000000
METRIC,2026-04-17T23:02:29Z,17169147813593,2336,btc_qm_engine:btc_ptmc_rep_cold,0.0000000000
METRIC,2026-04-17T23:02:29Z,17169147844403,2336,btc_qm_engine:btc_ptmc_accept,1.0000000000
METRIC,2026-04-17T23:02:29Z,17169147876793,2336,btc_qm_engine:btc_ptmc_rep_hot,2.0000000000
METRIC,2026-04-17T23:02:29Z,17169147904973,2336,btc_qm_engine:btc_ptmc_rep_cold,1.0000000000
METRIC,2026-04-17T23:02:29Z,17169148664403,2336,btc_qm_engine:btc_ptmc_accept,1.0000000000
METRIC,2026-04-17T23:02:29Z,17169149033273,2336,btc_qm_engine:btc_ptmc_rep_hot,3.0000000000
METRIC,2026-04-17T23:02:29Z,17169149086263,2336,btc_qm_engine:btc_ptmc_rep_cold,2.0000000000
METRIC,2026-04-17T23:02:29Z,17169149116563,2336,btc_qm_engine:btc_ptmc_accept,1.0000000000
METRIC,2026-04-17T23:02:29Z,17169149149423,2336,btc_qm_engine:btc_ptmc_rep_hot,4.0000000000
METRIC,2026-04-17T23:02:29Z,17169149186873,2336,btc_qm_engine:btc_ptmc_rep_cold,3.0000000000
METRIC,2026-04-17T23:02:29Z,17169149214633,2336,btc_qm_engine:btc_ptmc_accept,1.0000000000
METRIC,2026-04-17T23:02:29Z,17169149242463,2336,btc_qm_engine:btc_ptmc_rep_hot,5.0000000000
METRIC,2026-04-17T23:02:29Z,17169149283193,2336,btc_qm_engine:btc_ptmc_rep_cold,4.0000000000
METRIC,2026-04-17T23:02:29Z,17169149327923,2336,btc_qm_engine:btc_ptmc_accept,1.0000000000
METRIC,2026-04-17T23:02:29Z,17169149356523,2336,btc_qm_engine:btc_ptmc_rep_hot,6.0000000000
METRIC,2026-04-17T23:02:29Z,17169149392183,2336,btc_qm_engine:btc_ptmc_rep_cold,5.0000000000
METRIC,2026-04-17T23:02:29Z,17169149426073,2336,btc_qm_engine:btc_ptmc_accept,1.0000000000
METRIC,2026-04-17T23:02:29Z,17169149454253,2336,btc_qm_engine:btc_ptmc_rep_hot,7.0000000000
METRIC,2026-04-17T23:02:29Z,17169149488823,2336,btc_qm_engine:btc_ptmc_rep_cold,6.0000000000
METRIC,2026-04-17T23:02:29Z,17169149521703,2336,btc_qm_engine:btc_ptmc_accept,1.0000000000
METRIC,2026-04-17T23:02:29Z,17169183771422,2336,btc_qm_engine:btc_hashrate_mhs,0.7162665554
METRIC,2026-04-17T23:02:29Z,17169183899822,2336,btc_qm_engine:btc_hashrate_thread_id,1.0000000000
METRIC,2026-04-17T23:02:29Z,17169220750902,2336,btc_qm_engine:btc_nx48_stall_count,2.0000000000
METRIC,2026-04-17T23:02:29Z,17169220850272,2336,btc_qm_engine:btc_nx48_delta_nonce_old,50.0000000000
METRIC,2026-04-17T23:02:29Z,17169220882412,2336,btc_qm_engine:btc_nx48_delta_nonce_new,50.0000000000
METRIC,2026-04-17T23:02:29Z,17169220912952,2336,btc_qm_engine:btc_nx48_batch_old,4.0000000000
METRIC,2026-04-17T23:02:29Z,17169220947942,2336,btc_qm_engine:btc_nx48_batch_new,4.0000000000
METRIC,2026-04-17T23:02:29Z,17169222136882,2336,btc_qm_engine:btc_nx48_loss,0.3182277533
METRIC,2026-04-17T23:02:29Z,17169226053492,2336,btc_qm_engine:btc_nx48_grad_norm,0.0673086975
METRIC,2026-04-17T23:02:29Z,17169226109622,2336,btc_qm_engine:btc_nx48_update_count,3259.0000000000
METRIC,2026-04-17T23:02:29Z,17169226139612,2336,btc_qm_engine:btc_nx48_exploration_bias,0.9111044151
METRIC,2026-04-17T23:02:29Z,17169226181832,2336,btc_qm_engine:btc_nx48_dual_blend,0.2000000000
METRIC,2026-04-17T23:02:29Z,17169226215162,2336,btc_qm_engine:btc_hashrate_mhs,0.7150007532
METRIC,2026-04-17T23:02:29Z,17169226242722,2336,btc_qm_engine:btc_hashrate_thread_id,0.0000000000
METRIC,2026-04-17T23:02:29Z,17169259085631,2336,btc_qm_engine:btc_ptmc_rep_hot,1.0000000000
METRIC,2026-04-17T23:02:29Z,17169260415731,2336,btc_qm_engine:btc_ptmc_rep_cold,0.0000000000
METRIC,2026-04-17T23:02:29Z,17169260481271,2336,btc_qm_engine:btc_ptmc_accept,1.0000000000
METRIC,2026-04-17T23:02:29Z,17169260510771,2336,btc_qm_engine:btc_ptmc_rep_hot,2.0000000000
METRIC,2026-04-17T23:02:29Z,17169260664021,2336,btc_qm_engine:btc_ptmc_rep_cold,1.0000000000
METRIC,2026-04-17T23:02:29Z,17169260715621,2336,btc_qm_engine:btc_ptmc_accept,1.0000000000
METRIC,2026-04-17T23:02:29Z,17169260744491,2336,btc_qm_engine:btc_ptmc_rep_hot,3.0000000000
METRIC,2026-04-17T23:02:29Z,17169260772111,2336,btc_qm_engine:btc_ptmc_rep_cold,2.0000000000
METRIC,2026-04-17T23:02:29Z,17169260916401,2336,btc_qm_engine:btc_ptmc_accept,1.0000000000
METRIC,2026-04-17T23:02:29Z,17169260942831,2336,btc_qm_engine:btc_ptmc_rep_hot,4.0000000000
METRIC,2026-04-17T23:02:29Z,17169260993391,2336,btc_qm_engine:btc_ptmc_rep_cold,3.0000000000
METRIC,2026-04-17T23:02:29Z,17169261169261,2336,btc_qm_engine:btc_ptmc_accept,1.0000000000
METRIC,2026-04-17T23:02:29Z,17169261225681,2336,btc_qm_engine:btc_ptmc_rep_hot,5.0000000000
METRIC,2026-04-17T23:02:29Z,17169261255851,2336,btc_qm_engine:btc_ptmc_rep_cold,4.0000000000
METRIC,2026-04-17T23:02:29Z,17169261283901,2336,btc_qm_engine:btc_ptmc_accept,1.0000000000
METRIC,2026-04-17T23:02:29Z,17169261443731,2336,btc_qm_engine:btc_ptmc_rep_hot,6.0000000000
METRIC,2026-04-17T23:02:29Z,17169261495701,2336,btc_qm_engine:btc_ptmc_rep_cold,5.0000000000
METRIC,2026-04-17T23:02:29Z,17169261524811,2336,btc_qm_engine:btc_ptmc_accept,1.0000000000
METRIC,2026-04-17T23:02:29Z,17169261552521,2336,btc_qm_engine:btc_ptmc_rep_hot,7.0000000000
METRIC,2026-04-17T23:02:29Z,17169261785071,2336,btc_qm_engine:btc_ptmc_rep_cold,6.0000000000
METRIC,2026-04-17T23:02:29Z,17169262028491,2336,btc_qm_engine:btc_ptmc_accept,1.0000000000
METRIC,2026-04-17T23:02:29Z,17169362638539,2336,btc_qm_engine:btc_ptmc_rep_hot,1.0000000000
METRIC,2026-04-17T23:02:29Z,17169362750299,2336,btc_qm_engine:btc_ptmc_rep_cold,0.0000000000
METRIC,2026-04-17T23:02:29Z,17169362779389,2336,btc_qm_engine:btc_ptmc_accept,-0.2635971381
METRIC,2026-04-17T23:02:29Z,17169362811749,2336,btc_qm_engine:btc_ptmc_rep_hot,2.0000000000
METRIC,2026-04-17T23:02:29Z,17169362847289,2336,btc_qm_engine:btc_ptmc_rep_cold,1.0000000000
METRIC,2026-04-17T23:02:29Z,17169362874419,2336,btc_qm_engine:btc_ptmc_accept,0.7165001846
METRIC,2026-04-17T23:02:29Z,17169363111359,2336,btc_qm_engine:btc_ptmc_rep_hot,3.0000000000
METRIC,2026-04-17T23:02:29Z,17169363158159,2336,btc_qm_engine:btc_ptmc_rep_cold,2.0000000000
METRIC,2026-04-17T23:02:29Z,17169363187629,2336,btc_qm_engine:btc_ptmc_accept,0.8464725326
METRIC,2026-04-17T23:02:29Z,17169363219229,2336,btc_qm_engine:btc_ptmc_rep_hot,4.0000000000
METRIC,2026-04-17T23:02:29Z,17169363249469,2336,btc_qm_engine:btc_ptmc_rep_cold,3.0000000000
METRIC,2026-04-17T23:02:29Z,17169363287269,2336,btc_qm_engine:btc_ptmc_accept,0.9048338808
METRIC,2026-04-17T23:02:29Z,17169363315489,2336,btc_qm_engine:btc_ptmc_rep_hot,5.0000000000
METRIC,2026-04-17T23:02:29Z,17169363343299,2336,btc_qm_engine:btc_ptmc_rep_cold,4.0000000000
METRIC,2026-04-17T23:02:29Z,17169363376519,2336,btc_qm_engine:btc_ptmc_accept,0.9394116283
METRIC,2026-04-17T23:02:29Z,17169363407239,2336,btc_qm_engine:btc_ptmc_rep_hot,6.0000000000
METRIC,2026-04-17T23:02:29Z,17169363469419,2336,btc_qm_engine:btc_ptmc_rep_cold,5.0000000000
METRIC,2026-04-17T23:02:29Z,17169363507329,2336,btc_qm_engine:btc_ptmc_accept,0.9642890805
METRIC,2026-04-17T23:02:29Z,17169363535049,2336,btc_qm_engine:btc_ptmc_rep_hot,7.0000000000
METRIC,2026-04-17T23:02:29Z,17169363761939,2336,btc_qm_engine:btc_ptmc_rep_cold,6.0000000000
METRIC,2026-04-17T23:02:29Z,17169363801349,2336,btc_qm_engine:btc_ptmc_accept,0.9767450351
METRIC,2026-04-17T23:02:29Z,17169469739407,2336,btc_qm_engine:btc_ptmc_rep_hot,1.0000000000
METRIC,2026-04-17T23:02:29Z,17169469885797,2336,btc_qm_engine:btc_ptmc_rep_cold,0.0000000000
METRIC,2026-04-17T23:02:29Z,17169469957637,2336,btc_qm_engine:btc_ptmc_accept,-0.2636887251
METRIC,2026-04-17T23:02:29Z,17169469997737,2336,btc_qm_engine:btc_ptmc_rep_hot,2.0000000000
METRIC,2026-04-17T23:02:29Z,17169470106117,2336,btc_qm_engine:btc_ptmc_rep_cold,1.0000000000
METRIC,2026-04-17T23:02:29Z,17169470138837,2336,btc_qm_engine:btc_ptmc_accept,1.0000000000
METRIC,2026-04-17T23:02:29Z,17169470191837,2336,btc_qm_engine:btc_ptmc_rep_hot,3.0000000000
METRIC,2026-04-17T23:02:29Z,17169470225997,2336,btc_qm_engine:btc_ptmc_rep_cold,2.0000000000
METRIC,2026-04-17T23:02:29Z,17169470253207,2336,btc_qm_engine:btc_ptmc_accept,1.0000000000
METRIC,2026-04-17T23:02:29Z,17169470280977,2336,btc_qm_engine:btc_ptmc_rep_hot,4.0000000000
METRIC,2026-04-17T23:02:29Z,17169470307657,2336,btc_qm_engine:btc_ptmc_rep_cold,3.0000000000
METRIC,2026-04-17T23:02:29Z,17169470335667,2336,btc_qm_engine:btc_ptmc_accept,1.0000000000
METRIC,2026-04-17T23:02:29Z,17169470381237,2336,btc_qm_engine:btc_ptmc_rep_hot,5.0000000000
METRIC,2026-04-17T23:02:29Z,17169470416737,2336,btc_qm_engine:btc_ptmc_rep_cold,4.0000000000
METRIC,2026-04-17T23:02:29Z,17169470498357,2336,btc_qm_engine:btc_ptmc_accept,1.0000000000
METRIC,2026-04-17T23:02:29Z,17169470555777,2336,btc_qm_engine:btc_ptmc_rep_hot,6.0000000000
METRIC,2026-04-17T23:02:29Z,17169470589777,2336,btc_qm_engine:btc_ptmc_rep_cold,5.0000000000
METRIC,2026-04-17T23:02:29Z,17169470643187,2336,btc_qm_engine:btc_ptmc_accept,1.0000000000
METRIC,2026-04-17T23:02:29Z,17169470694707,2336,btc_qm_engine:btc_ptmc_rep_hot,7.0000000000
METRIC,2026-04-17T23:02:29Z,17169470723137,2336,btc_qm_engine:btc_ptmc_rep_cold,6.0000000000
METRIC,2026-04-17T23:02:29Z,17169470750907,2336,btc_qm_engine:btc_ptmc_accept,1.0000000000
METRIC,2026-04-17T23:02:29Z,17169572788745,2336,btc_qm_engine:btc_ptmc_rep_hot,1.0000000000
METRIC,2026-04-17T23:02:29Z,17169572929345,2336,btc_qm_engine:btc_ptmc_rep_cold,0.0000000000
METRIC,2026-04-17T23:02:29Z,17169572987025,2336,btc_qm_engine:btc_ptmc_accept,-0.1354937842
METRIC,2026-04-17T23:02:29Z,17169573094365,2336,btc_qm_engine:btc_ptmc_rep_hot,2.0000000000
METRIC,2026-04-17T23:02:29Z,17169573161045,2336,btc_qm_engine:btc_ptmc_rep_cold,1.0000000000
METRIC,2026-04-17T23:02:29Z,17169573223105,2336,btc_qm_engine:btc_ptmc_accept,1.0000000000
METRIC,2026-04-17T23:02:29Z,17169574022265,2336,btc_qm_engine:btc_ptmc_rep_hot,3.0000000000
METRIC,2026-04-17T23:02:29Z,17169574124655,2336,btc_qm_engine:btc_ptmc_rep_cold,2.0000000000
METRIC,2026-04-17T23:02:29Z,17169574209105,2336,btc_qm_engine:btc_ptmc_accept,1.0000000000
METRIC,2026-04-17T23:02:29Z,17169574290635,2336,btc_qm_engine:btc_ptmc_rep_hot,4.0000000000
METRIC,2026-04-17T23:02:29Z,17169574386295,2336,btc_qm_engine:btc_ptmc_rep_cold,3.0000000000
METRIC,2026-04-17T23:02:29Z,17169574467545,2336,btc_qm_engine:btc_ptmc_accept,1.0000000000
METRIC,2026-04-17T23:02:29Z,17169574557355,2336,btc_qm_engine:btc_ptmc_rep_hot,5.0000000000
METRIC,2026-04-17T23:02:29Z,17169574637615,2336,btc_qm_engine:btc_ptmc_rep_cold,4.0000000000
METRIC,2026-04-17T23:02:29Z,17169574725055,2336,btc_qm_engine:btc_ptmc_accept,1.0000000000
METRIC,2026-04-17T23:02:29Z,17169574795705,2336,btc_qm_engine:btc_ptmc_rep_hot,6.0000000000
METRIC,2026-04-17T23:02:29Z,17169574869415,2336,btc_qm_engine:btc_ptmc_rep_cold,5.0000000000
METRIC,2026-04-17T23:02:29Z,17169574940975,2336,btc_qm_engine:btc_ptmc_accept,1.0000000000
METRIC,2026-04-17T23:02:29Z,17169575035265,2336,btc_qm_engine:btc_ptmc_rep_hot,7.0000000000
METRIC,2026-04-17T23:02:29Z,17169575182565,2336,btc_qm_engine:btc_ptmc_rep_cold,6.0000000000
METRIC,2026-04-17T23:02:29Z,17169575253475,2336,btc_qm_engine:btc_ptmc_accept,1.0000000000
METRIC,2026-04-17T23:02:29Z,17169673376443,2336,btc_qm_engine:btc_ptmc_rep_hot,1.0000000000
METRIC,2026-04-17T23:02:29Z,17169673469413,2336,btc_qm_engine:btc_ptmc_rep_cold,0.0000000000
METRIC,2026-04-17T23:02:29Z,17169673499103,2336,btc_qm_engine:btc_ptmc_accept,1.0000000000
METRIC,2026-04-17T23:02:29Z,17169673526433,2336,btc_qm_engine:btc_ptmc_rep_hot,2.0000000000
METRIC,2026-04-17T23:02:29Z,17169673553223,2336,btc_qm_engine:btc_ptmc_rep_cold,1.0000000000
METRIC,2026-04-17T23:02:29Z,17169673579683,2336,btc_qm_engine:btc_ptmc_accept,1.0000000000
METRIC,2026-04-17T23:02:29Z,17169673619793,2336,btc_qm_engine:btc_ptmc_rep_hot,3.0000000000
METRIC,2026-04-17T23:02:29Z,17169673655923,2336,btc_qm_engine:btc_ptmc_rep_cold,2.0000000000
METRIC,2026-04-17T23:02:29Z,17169673689973,2336,btc_qm_engine:btc_ptmc_accept,1.0000000000
METRIC,2026-04-17T23:02:29Z,17169673716643,2336,btc_qm_engine:btc_ptmc_rep_hot,4.0000000000
METRIC,2026-04-17T23:02:29Z,17169673747073,2336,btc_qm_engine:btc_ptmc_rep_cold,3.0000000000
METRIC,2026-04-17T23:02:29Z,17169673773113,2336,btc_qm_engine:btc_ptmc_accept,1.0000000000
METRIC,2026-04-17T23:02:29Z,17169673799633,2336,btc_qm_engine:btc_ptmc_rep_hot,5.0000000000
METRIC,2026-04-17T23:02:29Z,17169673826083,2336,btc_qm_engine:btc_ptmc_rep_cold,4.0000000000
METRIC,2026-04-17T23:02:29Z,17169673852643,2336,btc_qm_engine:btc_ptmc_accept,1.0000000000
METRIC,2026-04-17T23:02:29Z,17169673879543,2336,btc_qm_engine:btc_ptmc_rep_hot,6.0000000000
METRIC,2026-04-17T23:02:29Z,17169673906003,2336,btc_qm_engine:btc_ptmc_rep_cold,5.0000000000
METRIC,2026-04-17T23:02:29Z,17169673933023,2336,btc_qm_engine:btc_ptmc_accept,1.0000000000
METRIC,2026-04-17T23:02:29Z,17169673963733,2336,btc_qm_engine:btc_ptmc_rep_hot,7.0000000000
METRIC,2026-04-17T23:02:29Z,17169673990473,2336,btc_qm_engine:btc_ptmc_rep_cold,6.0000000000
METRIC,2026-04-17T23:02:29Z,17169674032453,2336,btc_qm_engine:btc_ptmc_accept,1.0000000000
METRIC,2026-04-17T23:02:29Z,17169778421361,2336,btc_qm_engine:btc_ptmc_rep_hot,1.0000000000
METRIC,2026-04-17T23:02:29Z,17169778500741,2336,btc_qm_engine:btc_ptmc_rep_cold,0.0000000000
METRIC,2026-04-17T23:02:29Z,17169778529741,2336,btc_qm_engine:btc_ptmc_accept,1.0000000000
METRIC,2026-04-17T23:02:29Z,17169778563531,2336,btc_qm_engine:btc_ptmc_rep_hot,2.0000000000
METRIC,2026-04-17T23:02:29Z,17169778590271,2336,btc_qm_engine:btc_ptmc_rep_cold,1.0000000000
METRIC,2026-04-17T23:02:29Z,17169778617351,2336,btc_qm_engine:btc_ptmc_accept,1.0000000000
METRIC,2026-04-17T23:02:29Z,17169778644001,2336,btc_qm_engine:btc_ptmc_rep_hot,3.0000000000
METRIC,2026-04-17T23:02:29Z,17169778668501,2336,btc_qm_engine:btc_ptmc_rep_cold,2.0000000000
METRIC,2026-04-17T23:02:29Z,17169778694021,2336,btc_qm_engine:btc_ptmc_accept,1.0000000000
METRIC,2026-04-17T23:02:29Z,17169778720111,2336,btc_qm_engine:btc_ptmc_rep_hot,4.0000000000
METRIC,2026-04-17T23:02:29Z,17169778747671,2336,btc_qm_engine:btc_ptmc_rep_cold,3.0000000000
METRIC,2026-04-17T23:02:29Z,17169778775141,2336,btc_qm_engine:btc_ptmc_accept,1.0000000000
METRIC,2026-04-17T23:02:29Z,17169778802521,2336,btc_qm_engine:btc_ptmc_rep_hot,5.0000000000
METRIC,2026-04-17T23:02:29Z,17169778829781,2336,btc_qm_engine:btc_ptmc_rep_cold,4.0000000000
METRIC,2026-04-17T23:02:29Z,17169778856141,2336,btc_qm_engine:btc_ptmc_accept,1.0000000000
METRIC,2026-04-17T23:02:29Z,17169778882561,2336,btc_qm_engine:btc_ptmc_rep_hot,6.0000000000
METRIC,2026-04-17T23:02:29Z,17169778908511,2336,btc_qm_engine:btc_ptmc_rep_cold,5.0000000000
METRIC,2026-04-17T23:02:29Z,17169778935951,2336,btc_qm_engine:btc_ptmc_accept,1.0000000000
METRIC,2026-04-17T23:02:29Z,17169778963411,2336,btc_qm_engine:btc_ptmc_rep_hot,7.0000000000
METRIC,2026-04-17T23:02:29Z,17169778990361,2336,btc_qm_engine:btc_ptmc_rep_cold,6.0000000000
METRIC,2026-04-17T23:02:29Z,17169779036841,2336,btc_qm_engine:btc_ptmc_accept,1.0000000000
METRIC,2026-04-17T23:02:30Z,17169880797179,2336,btc_qm_engine:btc_ptmc_rep_hot,1.0000000000
METRIC,2026-04-17T23:02:30Z,17169880890829,2336,btc_qm_engine:btc_ptmc_rep_cold,0.0000000000
METRIC,2026-04-17T23:02:30Z,17169880914449,2336,btc_qm_engine:btc_ptmc_accept,1.0000000000
METRIC,2026-04-17T23:02:30Z,17169880943069,2336,btc_qm_engine:btc_ptmc_rep_hot,2.0000000000
METRIC,2026-04-17T23:02:30Z,17169880971219,2336,btc_qm_engine:btc_ptmc_rep_cold,1.0000000000
METRIC,2026-04-17T23:02:30Z,17169880998269,2336,btc_qm_engine:btc_ptmc_accept,-0.7165624298
METRIC,2026-04-17T23:02:30Z,17169881043939,2336,btc_qm_engine:btc_ptmc_rep_hot,3.0000000000
METRIC,2026-04-17T23:02:30Z,17169881071809,2336,btc_qm_engine:btc_ptmc_rep_cold,2.0000000000
METRIC,2026-04-17T23:02:30Z,17169881099059,2336,btc_qm_engine:btc_ptmc_accept,1.0000000000
METRIC,2026-04-17T23:02:30Z,17169881126339,2336,btc_qm_engine:btc_ptmc_rep_hot,4.0000000000
METRIC,2026-04-17T23:02:30Z,17169881153879,2336,btc_qm_engine:btc_ptmc_rep_cold,3.0000000000
METRIC,2026-04-17T23:02:30Z,17169881180969,2336,btc_qm_engine:btc_ptmc_accept,1.0000000000
METRIC,2026-04-17T23:02:30Z,17169881207989,2336,btc_qm_engine:btc_ptmc_rep_hot,5.0000000000
METRIC,2026-04-17T23:02:30Z,17169881234909,2336,btc_qm_engine:btc_ptmc_rep_cold,4.0000000000
METRIC,2026-04-17T23:02:30Z,17169881265339,2336,btc_qm_engine:btc_ptmc_accept,1.0000000000
METRIC,2026-04-17T23:02:30Z,17169881292539,2336,btc_qm_engine:btc_ptmc_rep_hot,6.0000000000
METRIC,2026-04-17T23:02:30Z,17169881319689,2336,btc_qm_engine:btc_ptmc_rep_cold,5.0000000000
METRIC,2026-04-17T23:02:30Z,17169881346729,2336,btc_qm_engine:btc_ptmc_accept,1.0000000000
METRIC,2026-04-17T23:02:30Z,17169881374049,2336,btc_qm_engine:btc_ptmc_rep_hot,7.0000000000
METRIC,2026-04-17T23:02:30Z,17169881401449,2336,btc_qm_engine:btc_ptmc_rep_cold,6.0000000000
METRIC,2026-04-17T23:02:30Z,17169881428439,2336,btc_qm_engine:btc_ptmc_accept,1.0000000000
METRIC,2026-04-17T23:02:30Z,17169985497877,2336,btc_qm_engine:btc_ptmc_rep_hot,1.0000000000
METRIC,2026-04-17T23:02:30Z,17169985640707,2336,btc_qm_engine:btc_ptmc_rep_cold,0.0000000000
METRIC,2026-04-17T23:02:30Z,17169985673637,2336,btc_qm_engine:btc_ptmc_accept,1.0000000000
METRIC,2026-04-17T23:02:30Z,17169985701157,2336,btc_qm_engine:btc_ptmc_rep_hot,2.0000000000
METRIC,2026-04-17T23:02:30Z,17169985728887,2336,btc_qm_engine:btc_ptmc_rep_cold,1.0000000000
METRIC,2026-04-17T23:02:30Z,17169985754357,2336,btc_qm_engine:btc_ptmc_accept,1.0000000000
METRIC,2026-04-17T23:02:30Z,17169985781007,2336,btc_qm_engine:btc_ptmc_rep_hot,3.0000000000
METRIC,2026-04-17T23:02:30Z,17169985807807,2336,btc_qm_engine:btc_ptmc_rep_cold,2.0000000000
METRIC,2026-04-17T23:02:30Z,17169985834357,2336,btc_qm_engine:btc_ptmc_accept,1.0000000000
METRIC,2026-04-17T23:02:30Z,17169985861397,2336,btc_qm_engine:btc_ptmc_rep_hot,4.0000000000
METRIC,2026-04-17T23:02:30Z,17169985887127,2336,btc_qm_engine:btc_ptmc_rep_cold,3.0000000000
METRIC,2026-04-17T23:02:30Z,17169985912277,2336,btc_qm_engine:btc_ptmc_accept,1.0000000000
METRIC,2026-04-17T23:02:30Z,17169985948957,2336,btc_qm_engine:btc_ptmc_rep_hot,5.0000000000
METRIC,2026-04-17T23:02:30Z,17169986076177,2336,btc_qm_engine:btc_ptmc_rep_cold,4.0000000000
METRIC,2026-04-17T23:02:30Z,17169986115717,2336,btc_qm_engine:btc_ptmc_accept,1.0000000000
METRIC,2026-04-17T23:02:30Z,17169986155987,2336,btc_qm_engine:btc_ptmc_rep_hot,6.0000000000
METRIC,2026-04-17T23:02:30Z,17169986223707,2336,btc_qm_engine:btc_ptmc_rep_cold,5.0000000000
METRIC,2026-04-17T23:02:30Z,17169986258127,2336,btc_qm_engine:btc_ptmc_accept,1.0000000000
METRIC,2026-04-17T23:02:30Z,17169986290467,2336,btc_qm_engine:btc_ptmc_rep_hot,7.0000000000
METRIC,2026-04-17T23:02:30Z,17169986317527,2336,btc_qm_engine:btc_ptmc_rep_cold,6.0000000000
METRIC,2026-04-17T23:02:30Z,17169986347947,2336,btc_qm_engine:btc_ptmc_accept,1.0000000000
METRIC,2026-04-17T23:02:30Z,17170093601565,2336,btc_qm_engine:btc_ptmc_rep_hot,1.0000000000
METRIC,2026-04-17T23:02:30Z,17170093771765,2336,btc_qm_engine:btc_ptmc_rep_cold,0.0000000000
METRIC,2026-04-17T23:02:30Z,17170093862005,2336,btc_qm_engine:btc_ptmc_accept,1.0000000000
METRIC,2026-04-17T23:02:30Z,17170097024455,2336,btc_qm_engine:btc_ptmc_rep_hot,2.0000000000
METRIC,2026-04-17T23:02:30Z,17170097144515,2336,btc_qm_engine:btc_ptmc_rep_cold,1.0000000000
METRIC,2026-04-17T23:02:30Z,17170097232445,2336,btc_qm_engine:btc_ptmc_accept,1.0000000000
METRIC,2026-04-17T23:02:30Z,17170097309755,2336,btc_qm_engine:btc_ptmc_rep_hot,3.0000000000
METRIC,2026-04-17T23:02:30Z,17170097398055,2336,btc_qm_engine:btc_ptmc_rep_cold,2.0000000000
METRIC,2026-04-17T23:02:30Z,17170097472485,2336,btc_qm_engine:btc_ptmc_accept,1.0000000000
METRIC,2026-04-17T23:02:30Z,17170097548465,2336,btc_qm_engine:btc_ptmc_rep_hot,4.0000000000
METRIC,2026-04-17T23:02:30Z,17170097615825,2336,btc_qm_engine:btc_ptmc_rep_cold,3.0000000000
METRIC,2026-04-17T23:02:30Z,17170097689175,2336,btc_qm_engine:btc_ptmc_accept,1.0000000000
METRIC,2026-04-17T23:02:30Z,17170097756345,2336,btc_qm_engine:btc_ptmc_rep_hot,5.0000000000
METRIC,2026-04-17T23:02:30Z,17170097831365,2336,btc_qm_engine:btc_ptmc_rep_cold,4.0000000000
METRIC,2026-04-17T23:02:30Z,17170097895105,2336,btc_qm_engine:btc_ptmc_accept,1.0000000000
METRIC,2026-04-17T23:02:30Z,17170097967675,2336,btc_qm_engine:btc_ptmc_rep_hot,6.0000000000
METRIC,2026-04-17T23:02:30Z,17170098052835,2336,btc_qm_engine:btc_ptmc_rep_cold,5.0000000000
METRIC,2026-04-17T23:02:30Z,17170098126815,2336,btc_qm_engine:btc_ptmc_accept,1.0000000000
METRIC,2026-04-17T23:02:30Z,17170098192855,2336,btc_qm_engine:btc_ptmc_rep_hot,7.0000000000
METRIC,2026-04-17T23:02:30Z,17170098262965,2336,btc_qm_engine:btc_ptmc_rep_cold,6.0000000000
METRIC,2026-04-17T23:02:30Z,17170098330035,2336,btc_qm_engine:btc_ptmc_accept,1.0000000000
METRIC,2026-04-17T23:02:30Z,17170194474243,2336,btc_qm_engine:btc_ptmc_rep_hot,1.0000000000
METRIC,2026-04-17T23:02:30Z,17170194638513,2336,btc_qm_engine:btc_ptmc_rep_cold,0.0000000000
METRIC,2026-04-17T23:02:30Z,17170194749823,2336,btc_qm_engine:btc_ptmc_accept,0.2636887251
METRIC,2026-04-17T23:02:30Z,17170194830963,2336,btc_qm_engine:btc_ptmc_rep_hot,2.0000000000
METRIC,2026-04-17T23:02:30Z,17170195440093,2336,btc_qm_engine:btc_ptmc_rep_cold,1.0000000000
METRIC,2026-04-17T23:02:30Z,17170195525113,2336,btc_qm_engine:btc_ptmc_accept,-0.5133614969
METRIC,2026-04-17T23:02:30Z,17170195586343,2336,btc_qm_engine:btc_ptmc_rep_hot,3.0000000000
METRIC,2026-04-17T23:02:30Z,17170195649673,2336,btc_qm_engine:btc_ptmc_rep_cold,2.0000000000
METRIC,2026-04-17T23:02:30Z,17170197289033,2336,btc_qm_engine:btc_ptmc_accept,1.0000000000
METRIC,2026-04-17T23:02:30Z,17170197478243,2336,btc_qm_engine:btc_ptmc_rep_hot,4.0000000000
METRIC,2026-04-17T23:02:30Z,17170197595963,2336,btc_qm_engine:btc_ptmc_rep_cold,3.0000000000
METRIC,2026-04-17T23:02:30Z,17170197729183,2336,btc_qm_engine:btc_ptmc_accept,1.0000000000
METRIC,2026-04-17T23:02:30Z,17170197806903,2336,btc_qm_engine:btc_ptmc_rep_hot,5.0000000000
METRIC,2026-04-17T23:02:30Z,17170197874223,2336,btc_qm_engine:btc_ptmc_rep_cold,4.0000000000
METRIC,2026-04-17T23:02:30Z,17170197949483,2336,btc_qm_engine:btc_ptmc_accept,1.0000000000
METRIC,2026-04-17T23:02:30Z,17170198035453,2336,btc_qm_engine:btc_ptmc_rep_hot,6.0000000000
METRIC,2026-04-17T23:02:30Z,17170198187513,2336,btc_qm_engine:btc_ptmc_rep_cold,5.0000000000
METRIC,2026-04-17T23:02:30Z,17170198256093,2336,btc_qm_engine:btc_ptmc_accept,1.0000000000
METRIC,2026-04-17T23:02:30Z,17170198329713,2336,btc_qm_engine:btc_ptmc_rep_hot,7.0000000000
METRIC,2026-04-17T23:02:30Z,17170198394443,2336,btc_qm_engine:btc_ptmc_rep_cold,6.0000000000
METRIC,2026-04-17T23:02:30Z,17170198467173,2336,btc_qm_engine:btc_ptmc_accept,1.0000000000
METRIC,2026-04-17T23:02:30Z,17170307615131,2336,btc_qm_engine:btc_ptmc_rep_hot,1.0000000000
METRIC,2026-04-17T23:02:30Z,17170307796741,2336,btc_qm_engine:btc_ptmc_rep_cold,0.0000000000
METRIC,2026-04-17T23:02:30Z,17170307892271,2336,btc_qm_engine:btc_ptmc_accept,1.0000000000
METRIC,2026-04-17T23:02:30Z,17170311444351,2336,btc_qm_engine:btc_ptmc_rep_hot,2.0000000000
METRIC,2026-04-17T23:02:30Z,17170311574331,2336,btc_qm_engine:btc_ptmc_rep_cold,1.0000000000
METRIC,2026-04-17T23:02:30Z,17170311656231,2336,btc_qm_engine:btc_ptmc_accept,1.0000000000
METRIC,2026-04-17T23:02:30Z,17170311730491,2336,btc_qm_engine:btc_ptmc_rep_hot,3.0000000000
METRIC,2026-04-17T23:02:30Z,17170311800381,2336,btc_qm_engine:btc_ptmc_rep_cold,2.0000000000
METRIC,2026-04-17T23:02:30Z,17170311875661,2336,btc_qm_engine:btc_ptmc_accept,1.0000000000
METRIC,2026-04-17T23:02:30Z,17170311943651,2336,btc_qm_engine:btc_ptmc_rep_hot,4.0000000000
METRIC,2026-04-17T23:02:30Z,17170312039431,2336,btc_qm_engine:btc_ptmc_rep_cold,3.0000000000
METRIC,2026-04-17T23:02:30Z,17170312109521,2336,btc_qm_engine:btc_ptmc_accept,1.0000000000
METRIC,2026-04-17T23:02:30Z,17170312184521,2336,btc_qm_engine:btc_ptmc_rep_hot,5.0000000000
METRIC,2026-04-17T23:02:30Z,17170312253631,2336,btc_qm_engine:btc_ptmc_rep_cold,4.0000000000
METRIC,2026-04-17T23:02:30Z,17170312328611,2336,btc_qm_engine:btc_ptmc_accept,1.0000000000
METRIC,2026-04-17T23:02:30Z,17170312398521,2336,btc_qm_engine:btc_ptmc_rep_hot,6.0000000000
METRIC,2026-04-17T23:02:30Z,17170312472071,2336,btc_qm_engine:btc_ptmc_rep_cold,5.0000000000
METRIC,2026-04-17T23:02:30Z,17170312536061,2336,btc_qm_engine:btc_ptmc_accept,1.0000000000
METRIC,2026-04-17T23:02:30Z,17170312611311,2336,btc_qm_engine:btc_ptmc_rep_hot,7.0000000000
METRIC,2026-04-17T23:02:30Z,17170312681701,2336,btc_qm_engine:btc_ptmc_rep_cold,6.0000000000
METRIC,2026-04-17T23:02:30Z,17170312761131,2336,btc_qm_engine:btc_ptmc_accept,1.0000000000
METRIC,2026-04-17T23:02:30Z,17170409750019,2336,btc_qm_engine:btc_ptmc_rep_hot,1.0000000000
METRIC,2026-04-17T23:02:30Z,17170409851349,2336,btc_qm_engine:btc_ptmc_rep_cold,0.0000000000
METRIC,2026-04-17T23:02:30Z,17170409881029,2336,btc_qm_engine:btc_ptmc_accept,0.5136669338
METRIC,2026-04-17T23:02:30Z,17170409918099,2336,btc_qm_engine:btc_ptmc_rep_hot,2.0000000000
METRIC,2026-04-17T23:02:30Z,17170409946879,2336,btc_qm_engine:btc_ptmc_rep_cold,1.0000000000
METRIC,2026-04-17T23:02:30Z,17170409975129,2336,btc_qm_engine:btc_ptmc_accept,-0.5134418693
METRIC,2026-04-17T23:02:30Z,17170410017519,2336,btc_qm_engine:btc_ptmc_rep_hot,3.0000000000
METRIC,2026-04-17T23:02:30Z,17170410048449,2336,btc_qm_engine:btc_ptmc_rep_cold,2.0000000000
METRIC,2026-04-17T23:02:30Z,17170410077159,2336,btc_qm_engine:btc_ptmc_accept,1.0000000000
METRIC,2026-04-17T23:02:30Z,17170410104249,2336,btc_qm_engine:btc_ptmc_rep_hot,4.0000000000
METRIC,2026-04-17T23:02:30Z,17170410131889,2336,btc_qm_engine:btc_ptmc_rep_cold,3.0000000000
METRIC,2026-04-17T23:02:30Z,17170410158969,2336,btc_qm_engine:btc_ptmc_accept,1.0000000000
METRIC,2026-04-17T23:02:30Z,17170410319759,2336,btc_qm_engine:btc_ptmc_rep_hot,5.0000000000
METRIC,2026-04-17T23:02:30Z,17170410353119,2336,btc_qm_engine:btc_ptmc_rep_cold,4.0000000000
METRIC,2026-04-17T23:02:30Z,17170410380819,2336,btc_qm_engine:btc_ptmc_accept,1.0000000000
METRIC,2026-04-17T23:02:30Z,17170410408089,2336,btc_qm_engine:btc_ptmc_rep_hot,6.0000000000
METRIC,2026-04-17T23:02:30Z,17170410435309,2336,btc_qm_engine:btc_ptmc_rep_cold,5.0000000000
METRIC,2026-04-17T23:02:30Z,17170410462319,2336,btc_qm_engine:btc_ptmc_accept,1.0000000000
METRIC,2026-04-17T23:02:30Z,17170410489289,2336,btc_qm_engine:btc_ptmc_rep_hot,7.0000000000
METRIC,2026-04-17T23:02:30Z,17170410552369,2336,btc_qm_engine:btc_ptmc_rep_cold,6.0000000000
METRIC,2026-04-17T23:02:30Z,17170410586559,2336,btc_qm_engine:btc_ptmc_accept,1.0000000000
METRIC,2026-04-17T23:02:30Z,17170511371557,2336,btc_qm_engine:btc_ptmc_rep_hot,1.0000000000
METRIC,2026-04-17T23:02:30Z,17170511458327,2336,btc_qm_engine:btc_ptmc_rep_cold,0.0000000000
METRIC,2026-04-17T23:02:30Z,17170511488917,2336,btc_qm_engine:btc_ptmc_accept,-0.0695919752
METRIC,2026-04-17T23:02:30Z,17170511712567,2336,btc_qm_engine:btc_ptmc_rep_hot,2.0000000000
METRIC,2026-04-17T23:02:30Z,17170511765367,2336,btc_qm_engine:btc_ptmc_rep_cold,1.0000000000
METRIC,2026-04-17T23:02:30Z,17170511823787,2336,btc_qm_engine:btc_ptmc_accept,-0.5134727291
METRIC,2026-04-17T23:02:30Z,17170511862807,2336,btc_qm_engine:btc_ptmc_rep_hot,3.0000000000
METRIC,2026-04-17T23:02:30Z,17170511890237,2336,btc_qm_engine:btc_ptmc_rep_cold,2.0000000000
METRIC,2026-04-17T23:02:30Z,17170511916157,2336,btc_qm_engine:btc_ptmc_accept,1.0000000000
METRIC,2026-04-17T23:02:30Z,17170511943057,2336,btc_qm_engine:btc_ptmc_rep_hot,4.0000000000
METRIC,2026-04-17T23:02:30Z,17170511969227,2336,btc_qm_engine:btc_ptmc_rep_cold,3.0000000000
METRIC,2026-04-17T23:02:30Z,17170511996537,2336,btc_qm_engine:btc_ptmc_accept,1.0000000000
METRIC,2026-04-17T23:02:30Z,17170512041407,2336,btc_qm_engine:btc_ptmc_rep_hot,5.0000000000
METRIC,2026-04-17T23:02:30Z,17170512068347,2336,btc_qm_engine:btc_ptmc_rep_cold,4.0000000000
METRIC,2026-04-17T23:02:30Z,17170512106597,2336,btc_qm_engine:btc_ptmc_accept,1.0000000000
METRIC,2026-04-17T23:02:30Z,17170512140887,2336,btc_qm_engine:btc_ptmc_rep_hot,6.0000000000
METRIC,2026-04-17T23:02:30Z,17170512167917,2336,btc_qm_engine:btc_ptmc_rep_cold,5.0000000000
METRIC,2026-04-17T23:02:30Z,17170514292107,2336,btc_qm_engine:btc_ptmc_accept,1.0000000000
METRIC,2026-04-17T23:02:30Z,17170514364617,2336,btc_qm_engine:btc_ptmc_rep_hot,7.0000000000
METRIC,2026-04-17T23:02:30Z,17170514398157,2336,btc_qm_engine:btc_ptmc_rep_cold,6.0000000000
METRIC,2026-04-17T23:02:30Z,17170514428427,2336,btc_qm_engine:btc_ptmc_accept,1.0000000000
METRIC,2026-04-17T23:02:30Z,17170614889075,2336,btc_qm_engine:btc_ptmc_rep_hot,1.0000000000
METRIC,2026-04-17T23:02:30Z,17170614977925,2336,btc_qm_engine:btc_ptmc_rep_cold,0.0000000000
METRIC,2026-04-17T23:02:30Z,17170615016425,2336,btc_qm_engine:btc_ptmc_accept,1.0000000000
METRIC,2026-04-17T23:02:30Z,17170615050665,2336,btc_qm_engine:btc_ptmc_rep_hot,2.0000000000
METRIC,2026-04-17T23:02:30Z,17170615079635,2336,btc_qm_engine:btc_ptmc_rep_cold,1.0000000000
METRIC,2026-04-17T23:02:30Z,17170615103745,2336,btc_qm_engine:btc_ptmc_accept,0.7165624298
METRIC,2026-04-17T23:02:30Z,17170615129635,2336,btc_qm_engine:btc_ptmc_rep_hot,3.0000000000
METRIC,2026-04-17T23:02:30Z,17170615157615,2336,btc_qm_engine:btc_ptmc_rep_cold,2.0000000000
METRIC,2026-04-17T23:02:30Z,17170615185095,2336,btc_qm_engine:btc_ptmc_accept,0.8464909161
METRIC,2026-04-17T23:02:30Z,17170615212815,2336,btc_qm_engine:btc_ptmc_rep_hot,4.0000000000
METRIC,2026-04-17T23:02:30Z,17170615240275,2336,btc_qm_engine:btc_ptmc_rep_cold,3.0000000000
METRIC,2026-04-17T23:02:30Z,17170615267905,2336,btc_qm_engine:btc_ptmc_accept,0.9048409551
METRIC,2026-04-17T23:02:30Z,17170615295465,2336,btc_qm_engine:btc_ptmc_rep_hot,5.0000000000
METRIC,2026-04-17T23:02:30Z,17170615322775,2336,btc_qm_engine:btc_ptmc_rep_cold,4.0000000000
METRIC,2026-04-17T23:02:30Z,17170615349665,2336,btc_qm_engine:btc_ptmc_accept,0.9394144973
METRIC,2026-04-17T23:02:30Z,17170615377015,2336,btc_qm_engine:btc_ptmc_rep_hot,6.0000000000
METRIC,2026-04-17T23:02:30Z,17170615404165,2336,btc_qm_engine:btc_ptmc_rep_cold,5.0000000000
METRIC,2026-04-17T23:02:30Z,17170615431105,2336,btc_qm_engine:btc_ptmc_accept,0.9642900774
METRIC,2026-04-17T23:02:30Z,17170615458515,2336,btc_qm_engine:btc_ptmc_rep_hot,7.0000000000
METRIC,2026-04-17T23:02:30Z,17170615485595,2336,btc_qm_engine:btc_ptmc_rep_cold,6.0000000000
METRIC,2026-04-17T23:02:30Z,17170615515165,2336,btc_qm_engine:btc_ptmc_accept,0.9767452464
METRIC,2026-04-17T23:02:30Z,17170717763423,2336,btc_qm_engine:btc_ptmc_rep_hot,1.0000000000
METRIC,2026-04-17T23:02:30Z,17170717924513,2336,btc_qm_engine:btc_ptmc_rep_cold,0.0000000000
METRIC,2026-04-17T23:02:30Z,17170718054933,2336,btc_qm_engine:btc_ptmc_accept,1.0000000000
METRIC,2026-04-17T23:02:30Z,17170718134503,2336,btc_qm_engine:btc_ptmc_rep_hot,2.0000000000
METRIC,2026-04-17T23:02:30Z,17170718210143,2336,btc_qm_engine:btc_ptmc_rep_cold,1.0000000000
METRIC,2026-04-17T23:02:30Z,17170718280523,2336,btc_qm_engine:btc_ptmc_accept,1.0000000000
METRIC,2026-04-17T23:02:30Z,17170718360403,2336,btc_qm_engine:btc_ptmc_rep_hot,3.0000000000
METRIC,2026-04-17T23:02:30Z,17170718449253,2336,btc_qm_engine:btc_ptmc_rep_cold,2.0000000000
METRIC,2026-04-17T23:02:30Z,17170718532003,2336,btc_qm_engine:btc_ptmc_accept,1.0000000000
METRIC,2026-04-17T23:02:30Z,17170718594703,2336,btc_qm_engine:btc_ptmc_rep_hot,4.0000000000
METRIC,2026-04-17T23:02:30Z,17170718663603,2336,btc_qm_engine:btc_ptmc_rep_cold,3.0000000000
METRIC,2026-04-17T23:02:30Z,17170718728303,2336,btc_qm_engine:btc_ptmc_accept,1.0000000000
METRIC,2026-04-17T23:02:30Z,17170718796923,2336,btc_qm_engine:btc_ptmc_rep_hot,5.0000000000
METRIC,2026-04-17T23:02:30Z,17170718858883,2336,btc_qm_engine:btc_ptmc_rep_cold,4.0000000000
METRIC,2026-04-17T23:02:30Z,17170718927113,2336,btc_qm_engine:btc_ptmc_accept,1.0000000000
METRIC,2026-04-17T23:02:30Z,17170718986903,2336,btc_qm_engine:btc_ptmc_rep_hot,6.0000000000
METRIC,2026-04-17T23:02:30Z,17170719094623,2336,btc_qm_engine:btc_ptmc_rep_cold,5.0000000000
METRIC,2026-04-17T23:02:30Z,17170719161563,2336,btc_qm_engine:btc_ptmc_accept,1.0000000000
METRIC,2026-04-17T23:02:30Z,17170719223563,2336,btc_qm_engine:btc_ptmc_rep_hot,7.0000000000
METRIC,2026-04-17T23:02:30Z,17170719296503,2336,btc_qm_engine:btc_ptmc_rep_cold,6.0000000000
METRIC,2026-04-17T23:02:30Z,17170719359663,2336,btc_qm_engine:btc_ptmc_accept,1.0000000000
METRIC,2026-04-17T23:02:31Z,17170818659351,2336,btc_qm_engine:btc_ptmc_rep_hot,1.0000000000
METRIC,2026-04-17T23:02:31Z,17170818745921,2336,btc_qm_engine:btc_ptmc_rep_cold,0.0000000000
METRIC,2026-04-17T23:02:31Z,17170818776171,2336,btc_qm_engine:btc_ptmc_accept,1.0000000000
METRIC,2026-04-17T23:02:31Z,17170818813491,2336,btc_qm_engine:btc_ptmc_rep_hot,2.0000000000
METRIC,2026-04-17T23:02:31Z,17170818843241,2336,btc_qm_engine:btc_ptmc_rep_cold,1.0000000000
METRIC,2026-04-17T23:02:31Z,17170818872001,2336,btc_qm_engine:btc_ptmc_accept,1.0000000000
METRIC,2026-04-17T23:02:31Z,17170818906191,2336,btc_qm_engine:btc_ptmc_rep_hot,3.0000000000
METRIC,2026-04-17T23:02:31Z,17170818935651,2336,btc_qm_engine:btc_ptmc_rep_cold,2.0000000000
METRIC,2026-04-17T23:02:31Z,17170818963731,2336,btc_qm_engine:btc_ptmc_accept,1.0000000000
METRIC,2026-04-17T23:02:31Z,17170818992451,2336,btc_qm_engine:btc_ptmc_rep_hot,4.0000000000
METRIC,2026-04-17T23:02:31Z,17170819044001,2336,btc_qm_engine:btc_ptmc_rep_cold,3.0000000000
METRIC,2026-04-17T23:02:31Z,17170819072951,2336,btc_qm_engine:btc_ptmc_accept,1.0000000000
METRIC,2026-04-17T23:02:31Z,17170819099181,2336,btc_qm_engine:btc_ptmc_rep_hot,5.0000000000
METRIC,2026-04-17T23:02:31Z,17170819125591,2336,btc_qm_engine:btc_ptmc_rep_cold,4.0000000000
METRIC,2026-04-17T23:02:31Z,17170819152591,2336,btc_qm_engine:btc_ptmc_accept,1.0000000000
METRIC,2026-04-17T23:02:31Z,17170819179971,2336,btc_qm_engine:btc_ptmc_rep_hot,6.0000000000
METRIC,2026-04-17T23:02:31Z,17170819206511,2336,btc_qm_engine:btc_ptmc_rep_cold,5.0000000000
METRIC,2026-04-17T23:02:31Z,17170819234171,2336,btc_qm_engine:btc_ptmc_accept,1.0000000000
METRIC,2026-04-17T23:02:31Z,17170819262581,2336,btc_qm_engine:btc_ptmc_rep_hot,7.0000000000
METRIC,2026-04-17T23:02:31Z,17170819291431,2336,btc_qm_engine:btc_ptmc_rep_cold,6.0000000000
METRIC,2026-04-17T23:02:31Z,17170819319961,2336,btc_qm_engine:btc_ptmc_accept,1.0000000000
METRIC,2026-04-17T23:02:31Z,17170920190679,2336,btc_qm_engine:btc_ptmc_rep_hot,1.0000000000
METRIC,2026-04-17T23:02:31Z,17170920292249,2336,btc_qm_engine:btc_ptmc_rep_cold,0.0000000000
METRIC,2026-04-17T23:02:31Z,17170920323249,2336,btc_qm_engine:btc_ptmc_accept,-0.0695317437
METRIC,2026-04-17T23:02:31Z,17170920403539,2336,btc_qm_engine:btc_ptmc_rep_hot,2.0000000000
METRIC,2026-04-17T23:02:31Z,17170920432609,2336,btc_qm_engine:btc_ptmc_rep_cold,1.0000000000
METRIC,2026-04-17T23:02:31Z,17170920469769,2336,btc_qm_engine:btc_ptmc_accept,1.0000000000
METRIC,2026-04-17T23:02:31Z,17170920616649,2336,btc_qm_engine:btc_ptmc_rep_hot,3.0000000000
METRIC,2026-04-17T23:02:31Z,17170920684399,2336,btc_qm_engine:btc_ptmc_rep_cold,2.0000000000
METRIC,2026-04-17T23:02:31Z,17170920713779,2336,btc_qm_engine:btc_ptmc_accept,1.0000000000
METRIC,2026-04-17T23:02:31Z,17170920742559,2336,btc_qm_engine:btc_ptmc_rep_hot,4.0000000000
METRIC,2026-04-17T23:02:31Z,17170920798039,2336,btc_qm_engine:btc_ptmc_rep_cold,3.0000000000
METRIC,2026-04-17T23:02:31Z,17170920826099,2336,btc_qm_engine:btc_ptmc_accept,1.0000000000
METRIC,2026-04-17T23:02:31Z,17170920889549,2336,btc_qm_engine:btc_ptmc_rep_hot,5.0000000000
METRIC,2026-04-17T23:02:31Z,17170920945709,2336,btc_qm_engine:btc_ptmc_rep_cold,4.0000000000
METRIC,2026-04-17T23:02:31Z,17170920981399,2336,btc_qm_engine:btc_ptmc_accept,1.0000000000
METRIC,2026-04-17T23:02:31Z,17170921048669,2336,btc_qm_engine:btc_ptmc_rep_hot,6.0000000000
METRIC,2026-04-17T23:02:31Z,17170921079249,2336,btc_qm_engine:btc_ptmc_rep_cold,5.0000000000
METRIC,2026-04-17T23:02:31Z,17170921133459,2336,btc_qm_engine:btc_ptmc_accept,1.0000000000
METRIC,2026-04-17T23:02:31Z,17170921166989,2336,btc_qm_engine:btc_ptmc_rep_hot,7.0000000000
METRIC,2026-04-17T23:02:31Z,17170921226389,2336,btc_qm_engine:btc_ptmc_rep_cold,6.0000000000
METRIC,2026-04-17T23:02:31Z,17170921254669,2336,btc_qm_engine:btc_ptmc_accept,1.0000000000
METRIC,2026-04-17T23:02:31Z,17171025516407,2336,btc_qm_engine:btc_ptmc_rep_hot,1.0000000000
METRIC,2026-04-17T23:02:31Z,17171025610807,2336,btc_qm_engine:btc_ptmc_rep_cold,0.0000000000
METRIC,2026-04-17T23:02:31Z,17171025643157,2336,btc_qm_engine:btc_ptmc_accept,1.0000000000
METRIC,2026-04-17T23:02:31Z,17171025682497,2336,btc_qm_engine:btc_ptmc_rep_hot,2.0000000000
METRIC,2026-04-17T23:02:31Z,17171025710867,2336,btc_qm_engine:btc_ptmc_rep_cold,1.0000000000
METRIC,2026-04-17T23:02:31Z,17171025739187,2336,btc_qm_engine:btc_ptmc_accept,1.0000000000
METRIC,2026-04-17T23:02:31Z,17171025770847,2336,btc_qm_engine:btc_ptmc_rep_hot,3.0000000000
METRIC,2026-04-17T23:02:31Z,17171025797507,2336,btc_qm_engine:btc_ptmc_rep_cold,2.0000000000
METRIC,2026-04-17T23:02:31Z,17171025826177,2336,btc_qm_engine:btc_ptmc_accept,1.0000000000
METRIC,2026-04-17T23:02:31Z,17171025859837,2336,btc_qm_engine:btc_ptmc_rep_hot,4.0000000000
METRIC,2026-04-17T23:02:31Z,17171025888817,2336,btc_qm_engine:btc_ptmc_rep_cold,3.0000000000
METRIC,2026-04-17T23:02:31Z,17171025917017,2336,btc_qm_engine:btc_ptmc_accept,1.0000000000
METRIC,2026-04-17T23:02:31Z,17171025945847,2336,btc_qm_engine:btc_ptmc_rep_hot,5.0000000000
METRIC,2026-04-17T23:02:31Z,17171025973997,2336,btc_qm_engine:btc_ptmc_rep_cold,4.0000000000
METRIC,2026-04-17T23:02:31Z,17171026038367,2336,btc_qm_engine:btc_ptmc_accept,1.0000000000
METRIC,2026-04-17T23:02:31Z,17171026077567,2336,btc_qm_engine:btc_ptmc_rep_hot,6.0000000000
METRIC,2026-04-17T23:02:31Z,17171026106447,2336,btc_qm_engine:btc_ptmc_rep_cold,5.0000000000
METRIC,2026-04-17T23:02:31Z,17171026135747,2336,btc_qm_engine:btc_ptmc_accept,1.0000000000
METRIC,2026-04-17T23:02:31Z,17171026170747,2336,btc_qm_engine:btc_ptmc_rep_hot,7.0000000000
METRIC,2026-04-17T23:02:31Z,17171026200327,2336,btc_qm_engine:btc_ptmc_rep_cold,6.0000000000
METRIC,2026-04-17T23:02:31Z,17171026229157,2336,btc_qm_engine:btc_ptmc_accept,1.0000000000
METRIC,2026-04-17T23:02:31Z,17171127258505,2336,btc_qm_engine:btc_ptmc_rep_hot,1.0000000000
METRIC,2026-04-17T23:02:31Z,17171127354795,2336,btc_qm_engine:btc_ptmc_rep_cold,0.0000000000
METRIC,2026-04-17T23:02:31Z,17171127391725,2336,btc_qm_engine:btc_ptmc_accept,1.0000000000
METRIC,2026-04-17T23:02:31Z,17171127420305,2336,btc_qm_engine:btc_ptmc_rep_hot,2.0000000000
METRIC,2026-04-17T23:02:31Z,17171127451055,2336,btc_qm_engine:btc_ptmc_rep_cold,1.0000000000
METRIC,2026-04-17T23:02:31Z,17171127514685,2336,btc_qm_engine:btc_ptmc_accept,1.0000000000
METRIC,2026-04-17T23:02:31Z,17171127548775,2336,btc_qm_engine:btc_ptmc_rep_hot,3.0000000000
METRIC,2026-04-17T23:02:31Z,17171127580245,2336,btc_qm_engine:btc_ptmc_rep_cold,2.0000000000
METRIC,2026-04-17T23:02:31Z,17171127610325,2336,btc_qm_engine:btc_ptmc_accept,1.0000000000
METRIC,2026-04-17T23:02:31Z,17171127639745,2336,btc_qm_engine:btc_ptmc_rep_hot,4.0000000000
METRIC,2026-04-17T23:02:31Z,17171127669155,2336,btc_qm_engine:btc_ptmc_rep_cold,3.0000000000
METRIC,2026-04-17T23:02:31Z,17171127698425,2336,btc_qm_engine:btc_ptmc_accept,1.0000000000
METRIC,2026-04-17T23:02:31Z,17171127727775,2336,btc_qm_engine:btc_ptmc_rep_hot,5.0000000000
METRIC,2026-04-17T23:02:31Z,17171127757085,2336,btc_qm_engine:btc_ptmc_rep_cold,4.0000000000
METRIC,2026-04-17T23:02:31Z,17171127787155,2336,btc_qm_engine:btc_ptmc_accept,1.0000000000
METRIC,2026-04-17T23:02:31Z,17171127816345,2336,btc_qm_engine:btc_ptmc_rep_hot,6.0000000000
METRIC,2026-04-17T23:02:31Z,17171127845415,2336,btc_qm_engine:btc_ptmc_rep_cold,5.0000000000
METRIC,2026-04-17T23:02:31Z,17171127874615,2336,btc_qm_engine:btc_ptmc_accept,1.0000000000
METRIC,2026-04-17T23:02:31Z,17171127904465,2336,btc_qm_engine:btc_ptmc_rep_hot,7.0000000000
METRIC,2026-04-17T23:02:31Z,17171127933565,2336,btc_qm_engine:btc_ptmc_rep_cold,6.0000000000
METRIC,2026-04-17T23:02:31Z,17171127962755,2336,btc_qm_engine:btc_ptmc_accept,1.0000000000
METRIC,2026-04-17T23:02:31Z,17171187973574,2336,btc_qm_engine:btc_hashrate_mhs,0.6996941119
METRIC,2026-04-17T23:02:31Z,17171188083014,2336,btc_qm_engine:btc_hashrate_thread_id,1.0000000000
METRIC,2026-04-17T23:02:31Z,17171222992753,2336,btc_qm_engine:btc_nx48_delta_nonce_old,50.0000000000
METRIC,2026-04-17T23:02:31Z,17171223105053,2336,btc_qm_engine:btc_nx48_delta_nonce_new,50.0000000000
METRIC,2026-04-17T23:02:31Z,17171223134533,2336,btc_qm_engine:btc_nx48_batch_old,4.0000000000
METRIC,2026-04-17T23:02:31Z,17171223165183,2336,btc_qm_engine:btc_nx48_batch_new,4.0000000000
METRIC,2026-04-17T23:02:31Z,17171223192853,2336,btc_qm_engine:btc_nx48_loss,0.3182105000
METRIC,2026-04-17T23:02:31Z,17171223235763,2336,btc_qm_engine:btc_nx48_grad_norm,0.0669725865
METRIC,2026-04-17T23:02:31Z,17171223278243,2336,btc_qm_engine:btc_nx48_update_count,3260.0000000000
METRIC,2026-04-17T23:02:31Z,17171223306563,2336,btc_qm_engine:btc_nx48_exploration_bias,0.9295491568
METRIC,2026-04-17T23:02:31Z,17171223333923,2336,btc_qm_engine:btc_nx48_dual_blend,0.2000000000
METRIC,2026-04-17T23:02:31Z,17171223361293,2336,btc_qm_engine:btc_hashrate_mhs,0.6999249842
METRIC,2026-04-17T23:02:31Z,17171223388683,2336,btc_qm_engine:btc_hashrate_thread_id,0.0000000000
METRIC,2026-04-17T23:02:31Z,17171228040293,2336,btc_qm_engine:btc_ptmc_rep_hot,1.0000000000
METRIC,2026-04-17T23:02:31Z,17171228104203,2336,btc_qm_engine:btc_ptmc_rep_cold,0.0000000000
METRIC,2026-04-17T23:02:31Z,17171228126503,2336,btc_qm_engine:btc_ptmc_accept,1.0000000000
METRIC,2026-04-17T23:02:31Z,17171228159803,2336,btc_qm_engine:btc_ptmc_rep_hot,2.0000000000
METRIC,2026-04-17T23:02:31Z,17171228220893,2336,btc_qm_engine:btc_ptmc_rep_cold,1.0000000000
METRIC,2026-04-17T23:02:31Z,17171228243003,2336,btc_qm_engine:btc_ptmc_accept,1.0000000000
METRIC,2026-04-17T23:02:31Z,17171228276553,2336,btc_qm_engine:btc_ptmc_rep_hot,3.0000000000
METRIC,2026-04-17T23:02:31Z,17171228305353,2336,btc_qm_engine:btc_ptmc_rep_cold,2.0000000000
METRIC,2026-04-17T23:02:31Z,17171228333323,2336,btc_qm_engine:btc_ptmc_accept,0.8464931860
METRIC,2026-04-17T23:02:31Z,17171228361713,2336,btc_qm_engine:btc_ptmc_rep_hot,4.0000000000
METRIC,2026-04-17T23:02:31Z,17171228394333,2336,btc_qm_engine:btc_ptmc_rep_cold,3.0000000000
METRIC,2026-04-17T23:02:31Z,17171228421773,2336,btc_qm_engine:btc_ptmc_accept,0.9048418286
METRIC,2026-04-17T23:02:31Z,17171228459143,2336,btc_qm_engine:btc_ptmc_rep_hot,5.0000000000
METRIC,2026-04-17T23:02:31Z,17171228491073,2336,btc_qm_engine:btc_ptmc_rep_cold,4.0000000000
METRIC,2026-04-17T23:02:31Z,17171228518503,2336,btc_qm_engine:btc_ptmc_accept,0.9394148515
METRIC,2026-04-17T23:02:31Z,17171228550403,2336,btc_qm_engine:btc_ptmc_rep_hot,6.0000000000
METRIC,2026-04-17T23:02:31Z,17171228577713,2336,btc_qm_engine:btc_ptmc_rep_cold,5.0000000000
METRIC,2026-04-17T23:02:31Z,17171228609223,2336,btc_qm_engine:btc_ptmc_accept,0.9642902005
METRIC,2026-04-17T23:02:31Z,17171228640983,2336,btc_qm_engine:btc_ptmc_rep_hot,7.0000000000
METRIC,2026-04-17T23:02:31Z,17171228675943,2336,btc_qm_engine:btc_ptmc_rep_cold,6.0000000000
METRIC,2026-04-17T23:02:31Z,17171228713863,2336,btc_qm_engine:btc_ptmc_accept,0.9767450351
METRIC,2026-04-17T23:02:31Z,17171331639121,2336,btc_qm_engine:btc_ptmc_rep_hot,1.0000000000
METRIC,2026-04-17T23:02:31Z,17171331728661,2336,btc_qm_engine:btc_ptmc_rep_cold,0.0000000000
METRIC,2026-04-17T23:02:31Z,17171331760861,2336,btc_qm_engine:btc_ptmc_accept,0.5135063048
METRIC,2026-04-17T23:02:31Z,17171331794141,2336,btc_qm_engine:btc_ptmc_rep_hot,2.0000000000
METRIC,2026-04-17T23:02:31Z,17171331825051,2336,btc_qm_engine:btc_ptmc_rep_cold,1.0000000000
METRIC,2026-04-17T23:02:31Z,17171331855811,2336,btc_qm_engine:btc_ptmc_accept,-0.7165624298
METRIC,2026-04-17T23:02:31Z,17171331887381,2336,btc_qm_engine:btc_ptmc_rep_hot,3.0000000000
METRIC,2026-04-17T23:02:31Z,17171331928431,2336,btc_qm_engine:btc_ptmc_rep_cold,2.0000000000
METRIC,2026-04-17T23:02:31Z,17171331965561,2336,btc_qm_engine:btc_ptmc_accept,1.0000000000
METRIC,2026-04-17T23:02:31Z,17171331993211,2336,btc_qm_engine:btc_ptmc_rep_hot,4.0000000000
METRIC,2026-04-17T23:02:31Z,17171332037431,2336,btc_qm_engine:btc_ptmc_rep_cold,3.0000000000
METRIC,2026-04-17T23:02:31Z,17171332062931,2336,btc_qm_engine:btc_ptmc_accept,1.0000000000
METRIC,2026-04-17T23:02:31Z,17171332088941,2336,btc_qm_engine:btc_ptmc_rep_hot,5.0000000000
METRIC,2026-04-17T23:02:31Z,17171332116341,2336,btc_qm_engine:btc_ptmc_rep_cold,4.0000000000
METRIC,2026-04-17T23:02:31Z,17171332145911,2336,btc_qm_engine:btc_ptmc_accept,1.0000000000
METRIC,2026-04-17T23:02:31Z,17171332175121,2336,btc_qm_engine:btc_ptmc_rep_hot,6.0000000000
METRIC,2026-04-17T23:02:31Z,17171332204431,2336,btc_qm_engine:btc_ptmc_rep_cold,5.0000000000
METRIC,2026-04-17T23:02:31Z,17171332231871,2336,btc_qm_engine:btc_ptmc_accept,1.0000000000
METRIC,2026-04-17T23:02:31Z,17171332265351,2336,btc_qm_engine:btc_ptmc_rep_hot,7.0000000000
METRIC,2026-04-17T23:02:31Z,17171332294451,2336,btc_qm_engine:btc_ptmc_rep_cold,6.0000000000
METRIC,2026-04-17T23:02:31Z,17171332323601,2336,btc_qm_engine:btc_ptmc_accept,1.0000000000
METRIC,2026-04-17T23:02:31Z,17171434276309,2336,btc_qm_engine:btc_ptmc_rep_hot,1.0000000000
METRIC,2026-04-17T23:02:31Z,17171434364089,2336,btc_qm_engine:btc_ptmc_rep_cold,0.0000000000
METRIC,2026-04-17T23:02:31Z,17171434394529,2336,btc_qm_engine:btc_ptmc_accept,0.5134171190
METRIC,2026-04-17T23:02:31Z,17171434429549,2336,btc_qm_engine:btc_ptmc_rep_hot,2.0000000000
METRIC,2026-04-17T23:02:31Z,17171434457919,2336,btc_qm_engine:btc_ptmc_rep_cold,1.0000000000
METRIC,2026-04-17T23:02:31Z,17171434489669,2336,btc_qm_engine:btc_ptmc_accept,0.7165313106
METRIC,2026-04-17T23:02:31Z,17171434523069,2336,btc_qm_engine:btc_ptmc_rep_hot,3.0000000000
METRIC,2026-04-17T23:02:31Z,17171434584449,2336,btc_qm_engine:btc_ptmc_rep_cold,2.0000000000
METRIC,2026-04-17T23:02:31Z,17171434615789,2336,btc_qm_engine:btc_ptmc_accept,-0.8464817249
METRIC,2026-04-17T23:02:31Z,17171434649539,2336,btc_qm_engine:btc_ptmc_rep_hot,4.0000000000
METRIC,2026-04-17T23:02:31Z,17171434680219,2336,btc_qm_engine:btc_ptmc_rep_cold,3.0000000000
METRIC,2026-04-17T23:02:31Z,17171434710439,2336,btc_qm_engine:btc_ptmc_accept,1.0000000000
METRIC,2026-04-17T23:02:31Z,17171434742399,2336,btc_qm_engine:btc_ptmc_rep_hot,5.0000000000
METRIC,2026-04-17T23:02:31Z,17171434772509,2336,btc_qm_engine:btc_ptmc_rep_cold,4.0000000000
METRIC,2026-04-17T23:02:31Z,17171434805049,2336,btc_qm_engine:btc_ptmc_accept,1.0000000000
METRIC,2026-04-17T23:02:31Z,17171434836229,2336,btc_qm_engine:btc_ptmc_rep_hot,6.0000000000
METRIC,2026-04-17T23:02:31Z,17171434866209,2336,btc_qm_engine:btc_ptmc_rep_cold,5.0000000000
METRIC,2026-04-17T23:02:31Z,17171434896759,2336,btc_qm_engine:btc_ptmc_accept,1.0000000000
METRIC,2026-04-17T23:02:31Z,17171434927529,2336,btc_qm_engine:btc_ptmc_rep_hot,7.0000000000
METRIC,2026-04-17T23:02:31Z,17171434955409,2336,btc_qm_engine:btc_ptmc_rep_cold,6.0000000000
METRIC,2026-04-17T23:02:31Z,17171434984469,2336,btc_qm_engine:btc_ptmc_accept,1.0000000000
METRIC,2026-04-17T23:02:31Z,17171538271797,2336,btc_qm_engine:btc_ptmc_rep_hot,1.0000000000
METRIC,2026-04-17T23:02:31Z,17171538369037,2336,btc_qm_engine:btc_ptmc_rep_cold,0.0000000000
METRIC,2026-04-17T23:02:31Z,17171538406227,2336,btc_qm_engine:btc_ptmc_accept,1.0000000000
METRIC,2026-04-17T23:02:31Z,17171538440237,2336,btc_qm_engine:btc_ptmc_rep_hot,2.0000000000
METRIC,2026-04-17T23:02:31Z,17171538467137,2336,btc_qm_engine:btc_ptmc_rep_cold,1.0000000000
METRIC,2026-04-17T23:02:31Z,17171538496107,2336,btc_qm_engine:btc_ptmc_accept,1.0000000000
METRIC,2026-04-17T23:02:31Z,17171538523457,2336,btc_qm_engine:btc_ptmc_rep_hot,3.0000000000
METRIC,2026-04-17T23:02:31Z,17171538556847,2336,btc_qm_engine:btc_ptmc_rep_cold,2.0000000000
METRIC,2026-04-17T23:02:31Z,17171538585367,2336,btc_qm_engine:btc_ptmc_accept,1.0000000000
METRIC,2026-04-17T23:02:31Z,17171538613087,2336,btc_qm_engine:btc_ptmc_rep_hot,4.0000000000
METRIC,2026-04-17T23:02:31Z,17171538640447,2336,btc_qm_engine:btc_ptmc_rep_cold,3.0000000000
METRIC,2026-04-17T23:02:31Z,17171538667797,2336,btc_qm_engine:btc_ptmc_accept,1.0000000000
METRIC,2026-04-17T23:02:31Z,17171538694777,2336,btc_qm_engine:btc_ptmc_rep_hot,5.0000000000
METRIC,2026-04-17T23:02:31Z,17171538721177,2336,btc_qm_engine:btc_ptmc_rep_cold,4.0000000000
METRIC,2026-04-17T23:02:31Z,17171538748677,2336,btc_qm_engine:btc_ptmc_accept,1.0000000000
METRIC,2026-04-17T23:02:31Z,17171538776257,2336,btc_qm_engine:btc_ptmc_rep_hot,6.0000000000
METRIC,2026-04-17T23:02:31Z,17171538804347,2336,btc_qm_engine:btc_ptmc_rep_cold,5.0000000000
METRIC,2026-04-17T23:02:31Z,17171538832617,2336,btc_qm_engine:btc_ptmc_accept,1.0000000000
METRIC,2026-04-17T23:02:31Z,17171538867897,2336,btc_qm_engine:btc_ptmc_rep_hot,7.0000000000
METRIC,2026-04-17T23:02:31Z,17171538895817,2336,btc_qm_engine:btc_ptmc_rep_cold,6.0000000000
METRIC,2026-04-17T23:02:31Z,17171538927537,2336,btc_qm_engine:btc_ptmc_accept,1.0000000000
METRIC,2026-04-17T23:02:31Z,17171639187365,2336,btc_qm_engine:btc_ptmc_rep_hot,1.0000000000
METRIC,2026-04-17T23:02:31Z,17171639267035,2336,btc_qm_engine:btc_ptmc_rep_cold,0.0000000000
METRIC,2026-04-17T23:02:31Z,17171639290395,2336,btc_qm_engine:btc_ptmc_accept,-0.5135063048
METRIC,2026-04-17T23:02:31Z,17171639323035,2336,btc_qm_engine:btc_ptmc_rep_hot,2.0000000000
METRIC,2026-04-17T23:02:31Z,17171639356465,2336,btc_qm_engine:btc_ptmc_rep_cold,1.0000000000
METRIC,2026-04-17T23:02:31Z,17171639381995,2336,btc_qm_engine:btc_ptmc_accept,1.0000000000
METRIC,2026-04-17T23:02:31Z,17171639405835,2336,btc_qm_engine:btc_ptmc_rep_hot,3.0000000000
METRIC,2026-04-17T23:02:31Z,17171639430205,2336,btc_qm_engine:btc_ptmc_rep_cold,2.0000000000
METRIC,2026-04-17T23:02:31Z,17171639454465,2336,btc_qm_engine:btc_ptmc_accept,1.0000000000
METRIC,2026-04-17T23:02:31Z,17171639475515,2336,btc_qm_engine:btc_ptmc_rep_hot,4.0000000000
METRIC,2026-04-17T23:02:31Z,17171639527855,2336,btc_qm_engine:btc_ptmc_rep_cold,3.0000000000
METRIC,2026-04-17T23:02:31Z,17171639558165,2336,btc_qm_engine:btc_ptmc_accept,1.0000000000
METRIC,2026-04-17T23:02:31Z,17171639585475,2336,btc_qm_engine:btc_ptmc_rep_hot,5.0000000000
METRIC,2026-04-17T23:02:31Z,17171639608375,2336,btc_qm_engine:btc_ptmc_rep_cold,4.0000000000
METRIC,2026-04-17T23:02:31Z,17171639638245,2336,btc_qm_engine:btc_ptmc_accept,1.0000000000
METRIC,2026-04-17T23:02:31Z,17171639664725,2336,btc_qm_engine:btc_ptmc_rep_hot,6.0000000000
METRIC,2026-04-17T23:02:31Z,17171639690155,2336,btc_qm_engine:btc_ptmc_rep_cold,5.0000000000
METRIC,2026-04-17T23:02:31Z,17171639725875,2336,btc_qm_engine:btc_ptmc_accept,1.0000000000
METRIC,2026-04-17T23:02:31Z,17171639756325,2336,btc_qm_engine:btc_ptmc_rep_hot,7.0000000000
METRIC,2026-04-17T23:02:31Z,17171639782715,2336,btc_qm_engine:btc_ptmc_rep_cold,6.0000000000
METRIC,2026-04-17T23:02:31Z,17171639811935,2336,btc_qm_engine:btc_ptmc_accept,1.0000000000
METRIC,2026-04-17T23:02:31Z,17171739544743,2336,btc_qm_engine:btc_ptmc_rep_hot,1.0000000000
METRIC,2026-04-17T23:02:31Z,17171739636033,2336,btc_qm_engine:btc_ptmc_rep_cold,0.0000000000
METRIC,2026-04-17T23:02:31Z,17171739770353,2336,btc_qm_engine:btc_ptmc_accept,1.0000000000
METRIC,2026-04-17T23:02:31Z,17171739816453,2336,btc_qm_engine:btc_ptmc_rep_hot,2.0000000000
METRIC,2026-04-17T23:02:31Z,17171739844413,2336,btc_qm_engine:btc_ptmc_rep_cold,1.0000000000
METRIC,2026-04-17T23:02:31Z,17171739915813,2336,btc_qm_engine:btc_ptmc_accept,1.0000000000
METRIC,2026-04-17T23:02:31Z,17171739958673,2336,btc_qm_engine:btc_ptmc_rep_hot,3.0000000000
METRIC,2026-04-17T23:02:31Z,17171739989183,2336,btc_qm_engine:btc_ptmc_rep_cold,2.0000000000
METRIC,2026-04-17T23:02:31Z,17171740058233,2336,btc_qm_engine:btc_ptmc_accept,1.0000000000
METRIC,2026-04-17T23:02:31Z,17171740089793,2336,btc_qm_engine:btc_ptmc_rep_hot,4.0000000000
METRIC,2026-04-17T23:02:31Z,17171740119553,2336,btc_qm_engine:btc_ptmc_rep_cold,3.0000000000
METRIC,2026-04-17T23:02:31Z,17171740148173,2336,btc_qm_engine:btc_ptmc_accept,1.0000000000
METRIC,2026-04-17T23:02:31Z,17171740178413,2336,btc_qm_engine:btc_ptmc_rep_hot,5.0000000000
METRIC,2026-04-17T23:02:31Z,17171740208943,2336,btc_qm_engine:btc_ptmc_rep_cold,4.0000000000
METRIC,2026-04-17T23:02:31Z,17171740240573,2336,btc_qm_engine:btc_ptmc_accept,1.0000000000
METRIC,2026-04-17T23:02:31Z,17171740278293,2336,btc_qm_engine:btc_ptmc_rep_hot,6.0000000000
METRIC,2026-04-17T23:02:31Z,17171740319893,2336,btc_qm_engine:btc_ptmc_rep_cold,5.0000000000
METRIC,2026-04-17T23:02:31Z,17171740349763,2336,btc_qm_engine:btc_ptmc_accept,1.0000000000
METRIC,2026-04-17T23:02:31Z,17171740380663,2336,btc_qm_engine:btc_ptmc_rep_hot,7.0000000000
METRIC,2026-04-17T23:02:31Z,17171740408793,2336,btc_qm_engine:btc_ptmc_rep_cold,6.0000000000
METRIC,2026-04-17T23:02:31Z,17171740437353,2336,btc_qm_engine:btc_ptmc_accept,1.0000000000
METRIC,2026-04-17T23:02:32Z,17171841639511,2336,btc_qm_engine:btc_ptmc_rep_hot,1.0000000000
METRIC,2026-04-17T23:02:32Z,17171841726231,2336,btc_qm_engine:btc_ptmc_rep_cold,0.0000000000
METRIC,2026-04-17T23:02:32Z,17171841756551,2336,btc_qm_engine:btc_ptmc_accept,1.0000000000
METRIC,2026-04-17T23:02:32Z,17171841782441,2336,btc_qm_engine:btc_ptmc_rep_hot,2.0000000000
METRIC,2026-04-17T23:02:32Z,17171841810811,2336,btc_qm_engine:btc_ptmc_rep_cold,1.0000000000
METRIC,2026-04-17T23:02:32Z,17171841839301,2336,btc_qm_engine:btc_ptmc_accept,1.0000000000
METRIC,2026-04-17T23:02:32Z,17171841868911,2336,btc_qm_engine:btc_ptmc_rep_hot,3.0000000000
METRIC,2026-04-17T23:02:32Z,17171841904381,2336,btc_qm_engine:btc_ptmc_rep_cold,2.0000000000
METRIC,2026-04-17T23:02:32Z,17171841938811,2336,btc_qm_engine:btc_ptmc_accept,0.8464868258
METRIC,2026-04-17T23:02:32Z,17171841966631,2336,btc_qm_engine:btc_ptmc_rep_hot,4.0000000000
METRIC,2026-04-17T23:02:32Z,17171841993081,2336,btc_qm_engine:btc_ptmc_rep_cold,3.0000000000
METRIC,2026-04-17T23:02:32Z,17171842041451,2336,btc_qm_engine:btc_ptmc_accept,0.9048393810
METRIC,2026-04-17T23:02:32Z,17171842089721,2336,btc_qm_engine:btc_ptmc_rep_hot,5.0000000000
METRIC,2026-04-17T23:02:32Z,17171842117361,2336,btc_qm_engine:btc_ptmc_rep_cold,4.0000000000
METRIC,2026-04-17T23:02:32Z,17171842143141,2336,btc_qm_engine:btc_ptmc_accept,0.9394138589
METRIC,2026-04-17T23:02:32Z,17171842169911,2336,btc_qm_engine:btc_ptmc_rep_hot,6.0000000000
METRIC,2026-04-17T23:02:32Z,17171842195511,2336,btc_qm_engine:btc_ptmc_rep_cold,5.0000000000
METRIC,2026-04-17T23:02:32Z,17171842233281,2336,btc_qm_engine:btc_ptmc_accept,0.9642898556
METRIC,2026-04-17T23:02:32Z,17171842267891,2336,btc_qm_engine:btc_ptmc_rep_hot,7.0000000000
METRIC,2026-04-17T23:02:32Z,17171842301561,2336,btc_qm_engine:btc_ptmc_rep_cold,6.0000000000
METRIC,2026-04-17T23:02:32Z,17171842337671,2336,btc_qm_engine:btc_ptmc_accept,0.9767447714
METRIC,2026-04-17T23:02:32Z,17171944913439,2336,btc_qm_engine:btc_ptmc_rep_hot,1.0000000000
METRIC,2026-04-17T23:02:32Z,17171944991759,2336,btc_qm_engine:btc_ptmc_rep_cold,0.0000000000
METRIC,2026-04-17T23:02:32Z,17171945039329,2336,btc_qm_engine:btc_ptmc_accept,0.5136174742
METRIC,2026-04-17T23:02:32Z,17171945155119,2336,btc_qm_engine:btc_ptmc_rep_hot,2.0000000000
METRIC,2026-04-17T23:02:32Z,17171945202799,2336,btc_qm_engine:btc_ptmc_rep_cold,1.0000000000
METRIC,2026-04-17T23:02:32Z,17171945229539,2336,btc_qm_engine:btc_ptmc_accept,-0.3679392123
METRIC,2026-04-17T23:02:32Z,17171945266879,2336,btc_qm_engine:btc_ptmc_rep_hot,3.0000000000
METRIC,2026-04-17T23:02:32Z,17171945294659,2336,btc_qm_engine:btc_ptmc_rep_cold,2.0000000000
METRIC,2026-04-17T23:02:32Z,17171945319799,2336,btc_qm_engine:btc_ptmc_accept,1.0000000000
METRIC,2026-04-17T23:02:32Z,17171945345749,2336,btc_qm_engine:btc_ptmc_rep_hot,4.0000000000
METRIC,2026-04-17T23:02:32Z,17171945374279,2336,btc_qm_engine:btc_ptmc_rep_cold,3.0000000000
METRIC,2026-04-17T23:02:32Z,17171945401059,2336,btc_qm_engine:btc_ptmc_accept,1.0000000000
METRIC,2026-04-17T23:02:32Z,17171945427479,2336,btc_qm_engine:btc_ptmc_rep_hot,5.0000000000
METRIC,2026-04-17T23:02:32Z,17171945452819,2336,btc_qm_engine:btc_ptmc_rep_cold,4.0000000000
METRIC,2026-04-17T23:02:32Z,17171945490199,2336,btc_qm_engine:btc_ptmc_accept,1.0000000000
METRIC,2026-04-17T23:02:32Z,17171945615929,2336,btc_qm_engine:btc_ptmc_rep_hot,6.0000000000
METRIC,2026-04-17T23:02:32Z,17171945649929,2336,btc_qm_engine:btc_ptmc_rep_cold,5.0000000000
METRIC,2026-04-17T23:02:32Z,17171945677529,2336,btc_qm_engine:btc_ptmc_accept,1.0000000000
METRIC,2026-04-17T23:02:32Z,17171945705229,2336,btc_qm_engine:btc_ptmc_rep_hot,7.0000000000
METRIC,2026-04-17T23:02:32Z,17171945731849,2336,btc_qm_engine:btc_ptmc_rep_cold,6.0000000000
METRIC,2026-04-17T23:02:32Z,17171945757339,2336,btc_qm_engine:btc_ptmc_accept,1.0000000000
METRIC,2026-04-17T23:02:32Z,17172049204327,2336,btc_qm_engine:btc_ptmc_rep_hot,1.0000000000
METRIC,2026-04-17T23:02:32Z,17172049309727,2336,btc_qm_engine:btc_ptmc_rep_cold,0.0000000000
METRIC,2026-04-17T23:02:32Z,17172049340717,2336,btc_qm_engine:btc_ptmc_accept,0.5135063048
METRIC,2026-04-17T23:02:32Z,17172049377057,2336,btc_qm_engine:btc_ptmc_rep_hot,2.0000000000
METRIC,2026-04-17T23:02:32Z,17172049404807,2336,btc_qm_engine:btc_ptmc_rep_cold,1.0000000000
METRIC,2026-04-17T23:02:32Z,17172049432167,2336,btc_qm_engine:btc_ptmc_accept,-0.7165624298
METRIC,2026-04-17T23:02:32Z,17172049463257,2336,btc_qm_engine:btc_ptmc_rep_hot,3.0000000000
METRIC,2026-04-17T23:02:32Z,17172049490377,2336,btc_qm_engine:btc_ptmc_rep_cold,2.0000000000
METRIC,2026-04-17T23:02:32Z,17172049518187,2336,btc_qm_engine:btc_ptmc_accept,1.0000000000
METRIC,2026-04-17T23:02:32Z,17172049545787,2336,btc_qm_engine:btc_ptmc_rep_hot,4.0000000000
METRIC,2026-04-17T23:02:32Z,17172049572997,2336,btc_qm_engine:btc_ptmc_rep_cold,3.0000000000
METRIC,2026-04-17T23:02:32Z,17172049601337,2336,btc_qm_engine:btc_ptmc_accept,1.0000000000
METRIC,2026-04-17T23:02:32Z,17172049629637,2336,btc_qm_engine:btc_ptmc_rep_hot,5.0000000000
METRIC,2026-04-17T23:02:32Z,17172049657327,2336,btc_qm_engine:btc_ptmc_rep_cold,4.0000000000
METRIC,2026-04-17T23:02:32Z,17172049684907,2336,btc_qm_engine:btc_ptmc_accept,1.0000000000
METRIC,2026-04-17T23:02:32Z,17172049739697,2336,btc_qm_engine:btc_ptmc_rep_hot,6.0000000000
METRIC,2026-04-17T23:02:32Z,17172049768827,2336,btc_qm_engine:btc_ptmc_rep_cold,5.0000000000
METRIC,2026-04-17T23:02:32Z,17172049796527,2336,btc_qm_engine:btc_ptmc_accept,1.0000000000
METRIC,2026-04-17T23:02:32Z,17172049824257,2336,btc_qm_engine:btc_ptmc_rep_hot,7.0000000000
METRIC,2026-04-17T23:02:32Z,17172049851727,2336,btc_qm_engine:btc_ptmc_rep_cold,6.0000000000
METRIC,2026-04-17T23:02:32Z,17172049880247,2336,btc_qm_engine:btc_ptmc_accept,1.0000000000
METRIC,2026-04-17T23:02:32Z,17172150477715,2336,btc_qm_engine:btc_ptmc_rep_hot,1.0000000000
METRIC,2026-04-17T23:02:32Z,17172150560925,2336,btc_qm_engine:btc_ptmc_rep_cold,0.0000000000
METRIC,2026-04-17T23:02:32Z,17172150584805,2336,btc_qm_engine:btc_ptmc_accept,-0.2635971381
METRIC,2026-04-17T23:02:32Z,17172150613595,2336,btc_qm_engine:btc_ptmc_rep_hot,2.0000000000
METRIC,2026-04-17T23:02:32Z,17172150634965,2336,btc_qm_engine:btc_ptmc_rep_cold,1.0000000000
METRIC,2026-04-17T23:02:32Z,17172150655775,2336,btc_qm_engine:btc_ptmc_accept,1.0000000000
METRIC,2026-04-17T23:02:32Z,17172150676515,2336,btc_qm_engine:btc_ptmc_rep_hot,3.0000000000
METRIC,2026-04-17T23:02:32Z,17172150697465,2336,btc_qm_engine:btc_ptmc_rep_cold,2.0000000000
METRIC,2026-04-17T23:02:32Z,17172150718215,2336,btc_qm_engine:btc_ptmc_accept,1.0000000000
METRIC,2026-04-17T23:02:32Z,17172150738975,2336,btc_qm_engine:btc_ptmc_rep_hot,4.0000000000
METRIC,2026-04-17T23:02:32Z,17172150760125,2336,btc_qm_engine:btc_ptmc_rep_cold,3.0000000000
METRIC,2026-04-17T23:02:32Z,17172150800235,2336,btc_qm_engine:btc_ptmc_accept,1.0000000000
METRIC,2026-04-17T23:02:32Z,17172150837065,2336,btc_qm_engine:btc_ptmc_rep_hot,5.0000000000
METRIC,2026-04-17T23:02:32Z,17172150864555,2336,btc_qm_engine:btc_ptmc_rep_cold,4.0000000000
METRIC,2026-04-17T23:02:32Z,17172150903895,2336,btc_qm_engine:btc_ptmc_accept,1.0000000000
METRIC,2026-04-17T23:02:32Z,17172150942795,2336,btc_qm_engine:btc_ptmc_rep_hot,6.0000000000
METRIC,2026-04-17T23:02:32Z,17172150970835,2336,btc_qm_engine:btc_ptmc_rep_cold,5.0000000000
METRIC,2026-04-17T23:02:32Z,17172150996825,2336,btc_qm_engine:btc_ptmc_accept,1.0000000000
METRIC,2026-04-17T23:02:32Z,17172151076925,2336,btc_qm_engine:btc_ptmc_rep_hot,7.0000000000
METRIC,2026-04-17T23:02:32Z,17172151107155,2336,btc_qm_engine:btc_ptmc_rep_cold,6.0000000000
METRIC,2026-04-17T23:02:32Z,17172151135505,2336,btc_qm_engine:btc_ptmc_accept,1.0000000000
METRIC,2026-04-17T23:02:32Z,17172251392483,2336,btc_qm_engine:btc_ptmc_rep_hot,1.0000000000
METRIC,2026-04-17T23:02:32Z,17172251470053,2336,btc_qm_engine:btc_ptmc_rep_cold,0.0000000000
METRIC,2026-04-17T23:02:32Z,17172251493543,2336,btc_qm_engine:btc_ptmc_accept,-0.2635971381
METRIC,2026-04-17T23:02:32Z,17172251520433,2336,btc_qm_engine:btc_ptmc_rep_hot,2.0000000000
METRIC,2026-04-17T23:02:32Z,17172251548233,2336,btc_qm_engine:btc_ptmc_rep_cold,1.0000000000
METRIC,2026-04-17T23:02:32Z,17172251577123,2336,btc_qm_engine:btc_ptmc_accept,1.0000000000
METRIC,2026-04-17T23:02:32Z,17172251611503,2336,btc_qm_engine:btc_ptmc_rep_hot,3.0000000000
METRIC,2026-04-17T23:02:32Z,17172251640453,2336,btc_qm_engine:btc_ptmc_rep_cold,2.0000000000
METRIC,2026-04-17T23:02:32Z,17172251661853,2336,btc_qm_engine:btc_ptmc_accept,1.0000000000
METRIC,2026-04-17T23:02:32Z,17172251685043,2336,btc_qm_engine:btc_ptmc_rep_hot,4.0000000000
METRIC,2026-04-17T23:02:32Z,17172251705933,2336,btc_qm_engine:btc_ptmc_rep_cold,3.0000000000
METRIC,2026-04-17T23:02:32Z,17172251726763,2336,btc_qm_engine:btc_ptmc_accept,1.0000000000
METRIC,2026-04-17T23:02:32Z,17172251749543,2336,btc_qm_engine:btc_ptmc_rep_hot,5.0000000000
METRIC,2026-04-17T23:02:32Z,17172251770423,2336,btc_qm_engine:btc_ptmc_rep_cold,4.0000000000
METRIC,2026-04-17T23:02:32Z,17172251792903,2336,btc_qm_engine:btc_ptmc_accept,1.0000000000
METRIC,2026-04-17T23:02:32Z,17172251813493,2336,btc_qm_engine:btc_ptmc_rep_hot,6.0000000000
METRIC,2026-04-17T23:02:32Z,17172251840603,2336,btc_qm_engine:btc_ptmc_rep_cold,5.0000000000
METRIC,2026-04-17T23:02:32Z,17172251894633,2336,btc_qm_engine:btc_ptmc_accept,1.0000000000
METRIC,2026-04-17T23:02:32Z,17172251918413,2336,btc_qm_engine:btc_ptmc_rep_hot,7.0000000000
METRIC,2026-04-17T23:02:32Z,17172251946683,2336,btc_qm_engine:btc_ptmc_rep_cold,6.0000000000
METRIC,2026-04-17T23:02:32Z,17172251975723,2336,btc_qm_engine:btc_ptmc_accept,1.0000000000
METRIC,2026-04-17T23:02:32Z,17172353609521,2336,btc_qm_engine:btc_ptmc_rep_hot,1.0000000000
METRIC,2026-04-17T23:02:32Z,17172353693461,2336,btc_qm_engine:btc_ptmc_rep_cold,0.0000000000
METRIC,2026-04-17T23:02:32Z,17172353722741,2336,btc_qm_engine:btc_ptmc_accept,-0.0695317437
METRIC,2026-04-17T23:02:32Z,17172353762261,2336,btc_qm_engine:btc_ptmc_rep_hot,2.0000000000
METRIC,2026-04-17T23:02:32Z,17172353795001,2336,btc_qm_engine:btc_ptmc_rep_cold,1.0000000000
METRIC,2026-04-17T23:02:32Z,17172353824481,2336,btc_qm_engine:btc_ptmc_accept,1.0000000000
METRIC,2026-04-17T23:02:32Z,17172353855881,2336,btc_qm_engine:btc_ptmc_rep_hot,3.0000000000
METRIC,2026-04-17T23:02:32Z,17172353897411,2336,btc_qm_engine:btc_ptmc_rep_cold,2.0000000000
METRIC,2026-04-17T23:02:32Z,17172353933971,2336,btc_qm_engine:btc_ptmc_accept,1.0000000000
METRIC,2026-04-17T23:02:32Z,17172353963251,2336,btc_qm_engine:btc_ptmc_rep_hot,4.0000000000
METRIC,2026-04-17T23:02:32Z,17172353992091,2336,btc_qm_engine:btc_ptmc_rep_cold,3.0000000000
METRIC,2026-04-17T23:02:32Z,17172354037631,2336,btc_qm_engine:btc_ptmc_accept,1.0000000000
METRIC,2026-04-17T23:02:32Z,17172354065791,2336,btc_qm_engine:btc_ptmc_rep_hot,5.0000000000
METRIC,2026-04-17T23:02:32Z,17172354094991,2336,btc_qm_engine:btc_ptmc_rep_cold,4.0000000000
METRIC,2026-04-17T23:02:32Z,17172354123741,2336,btc_qm_engine:btc_ptmc_accept,1.0000000000
METRIC,2026-04-17T23:02:32Z,17172354152511,2336,btc_qm_engine:btc_ptmc_rep_hot,6.0000000000
METRIC,2026-04-17T23:02:32Z,17172354181591,2336,btc_qm_engine:btc_ptmc_rep_cold,5.0000000000
METRIC,2026-04-17T23:02:32Z,17172354210441,2336,btc_qm_engine:btc_ptmc_accept,1.0000000000
METRIC,2026-04-17T23:02:32Z,17172354239101,2336,btc_qm_engine:btc_ptmc_rep_hot,7.0000000000
METRIC,2026-04-17T23:02:32Z,17172354268071,2336,btc_qm_engine:btc_ptmc_rep_cold,6.0000000000
METRIC,2026-04-17T23:02:32Z,17172354298971,2336,btc_qm_engine:btc_ptmc_accept,1.0000000000
METRIC,2026-04-17T23:02:32Z,17172453827769,2336,btc_qm_engine:btc_ptmc_rep_hot,1.0000000000
METRIC,2026-04-17T23:02:32Z,17172453921879,2336,btc_qm_engine:btc_ptmc_rep_cold,0.0000000000
METRIC,2026-04-17T23:02:32Z,17172453953289,2336,btc_qm_engine:btc_ptmc_accept,1.0000000000
METRIC,2026-04-17T23:02:32Z,17172453986519,2336,btc_qm_engine:btc_ptmc_rep_hot,2.0000000000
METRIC,2026-04-17T23:02:32Z,17172454077119,2336,btc_qm_engine:btc_ptmc_rep_cold,1.0000000000
METRIC,2026-04-17T23:02:32Z,17172454104209,2336,btc_qm_engine:btc_ptmc_accept,1.0000000000
METRIC,2026-04-17T23:02:32Z,17172454137929,2336,btc_qm_engine:btc_ptmc_rep_hot,3.0000000000
METRIC,2026-04-17T23:02:32Z,17172454165249,2336,btc_qm_engine:btc_ptmc_rep_cold,2.0000000000
METRIC,2026-04-17T23:02:32Z,17172454216569,2336,btc_qm_engine:btc_ptmc_accept,0.8464766237
METRIC,2026-04-17T23:02:32Z,17172454247689,2336,btc_qm_engine:btc_ptmc_rep_hot,4.0000000000
METRIC,2026-04-17T23:02:32Z,17172454277759,2336,btc_qm_engine:btc_ptmc_rep_cold,3.0000000000
METRIC,2026-04-17T23:02:32Z,17172454304709,2336,btc_qm_engine:btc_ptmc_accept,0.9048354550
METRIC,2026-04-17T23:02:32Z,17172454335679,2336,btc_qm_engine:btc_ptmc_rep_hot,5.0000000000
METRIC,2026-04-17T23:02:32Z,17172454366149,2336,btc_qm_engine:btc_ptmc_rep_cold,4.0000000000
METRIC,2026-04-17T23:02:32Z,17172454399019,2336,btc_qm_engine:btc_ptmc_accept,0.9394122667
METRIC,2026-04-17T23:02:32Z,17172454428049,2336,btc_qm_engine:btc_ptmc_rep_hot,6.0000000000
METRIC,2026-04-17T23:02:32Z,17172454461189,2336,btc_qm_engine:btc_ptmc_rep_cold,5.0000000000
METRIC,2026-04-17T23:02:32Z,17172454492529,2336,btc_qm_engine:btc_ptmc_accept,0.9642893023
METRIC,2026-04-17T23:02:32Z,17172454520979,2336,btc_qm_engine:btc_ptmc_rep_hot,7.0000000000
METRIC,2026-04-17T23:02:32Z,17172454549859,2336,btc_qm_engine:btc_ptmc_rep_cold,6.0000000000
METRIC,2026-04-17T23:02:32Z,17172454580469,2336,btc_qm_engine:btc_ptmc_accept,0.9767446541
METRIC,2026-04-17T23:02:32Z,17172554160517,2336,btc_qm_engine:btc_ptmc_rep_hot,1.0000000000
METRIC,2026-04-17T23:02:32Z,17172554303727,2336,btc_qm_engine:btc_ptmc_rep_cold,0.0000000000
METRIC,2026-04-17T23:02:32Z,17172554335237,2336,btc_qm_engine:btc_ptmc_accept,1.0000000000
METRIC,2026-04-17T23:02:32Z,17172554390057,2336,btc_qm_engine:btc_ptmc_rep_hot,2.0000000000
METRIC,2026-04-17T23:02:32Z,17172554417937,2336,btc_qm_engine:btc_ptmc_rep_cold,1.0000000000
METRIC,2026-04-17T23:02:32Z,17172554444417,2336,btc_qm_engine:btc_ptmc_accept,1.0000000000
METRIC,2026-04-17T23:02:32Z,17172554474577,2336,btc_qm_engine:btc_ptmc_rep_hot,3.0000000000
METRIC,2026-04-17T23:02:32Z,17172554500927,2336,btc_qm_engine:btc_ptmc_rep_cold,2.0000000000
METRIC,2026-04-17T23:02:32Z,17172554528677,2336,btc_qm_engine:btc_ptmc_accept,1.0000000000
METRIC,2026-04-17T23:02:32Z,17172554554947,2336,btc_qm_engine:btc_ptmc_rep_hot,4.0000000000
METRIC,2026-04-17T23:02:32Z,17172554581957,2336,btc_qm_engine:btc_ptmc_rep_cold,3.0000000000
METRIC,2026-04-17T23:02:32Z,17172554610117,2336,btc_qm_engine:btc_ptmc_accept,1.0000000000
METRIC,2026-04-17T23:02:32Z,17172554636197,2336,btc_qm_engine:btc_ptmc_rep_hot,5.0000000000
METRIC,2026-04-17T23:02:32Z,17172554662387,2336,btc_qm_engine:btc_ptmc_rep_cold,4.0000000000
METRIC,2026-04-17T23:02:32Z,17172554688827,2336,btc_qm_engine:btc_ptmc_accept,1.0000000000
METRIC,2026-04-17T23:02:32Z,17172554715147,2336,btc_qm_engine:btc_ptmc_rep_hot,6.0000000000
METRIC,2026-04-17T23:02:32Z,17172554741257,2336,btc_qm_engine:btc_ptmc_rep_cold,5.0000000000
METRIC,2026-04-17T23:02:32Z,17172554767397,2336,btc_qm_engine:btc_ptmc_accept,1.0000000000
METRIC,2026-04-17T23:02:32Z,17172554803637,2336,btc_qm_engine:btc_ptmc_rep_hot,7.0000000000
METRIC,2026-04-17T23:02:32Z,17172554836847,2336,btc_qm_engine:btc_ptmc_rep_cold,6.0000000000
METRIC,2026-04-17T23:02:32Z,17172554863507,2336,btc_qm_engine:btc_ptmc_accept,1.0000000000
METRIC,2026-04-17T23:02:32Z,17172657254635,2336,btc_qm_engine:btc_ptmc_rep_hot,1.0000000000
METRIC,2026-04-17T23:02:32Z,17172657351495,2336,btc_qm_engine:btc_ptmc_rep_cold,0.0000000000
METRIC,2026-04-17T23:02:32Z,17172657470845,2336,btc_qm_engine:btc_ptmc_accept,1.0000000000
METRIC,2026-04-17T23:02:32Z,17172657516045,2336,btc_qm_engine:btc_ptmc_rep_hot,2.0000000000
METRIC,2026-04-17T23:02:32Z,17172657548665,2336,btc_qm_engine:btc_ptmc_rep_cold,1.0000000000
METRIC,2026-04-17T23:02:32Z,17172657579135,2336,btc_qm_engine:btc_ptmc_accept,1.0000000000
METRIC,2026-04-17T23:02:32Z,17172657614915,2336,btc_qm_engine:btc_ptmc_rep_hot,3.0000000000
METRIC,2026-04-17T23:02:32Z,17172657642695,2336,btc_qm_engine:btc_ptmc_rep_cold,2.0000000000
METRIC,2026-04-17T23:02:32Z,17172657669935,2336,btc_qm_engine:btc_ptmc_accept,1.0000000000
METRIC,2026-04-17T23:02:32Z,17172657698255,2336,btc_qm_engine:btc_ptmc_rep_hot,4.0000000000
METRIC,2026-04-17T23:02:32Z,17172657724915,2336,btc_qm_engine:btc_ptmc_rep_cold,3.0000000000
METRIC,2026-04-17T23:02:32Z,17172657774335,2336,btc_qm_engine:btc_ptmc_accept,1.0000000000
METRIC,2026-04-17T23:02:32Z,17172657803855,2336,btc_qm_engine:btc_ptmc_rep_hot,5.0000000000
METRIC,2026-04-17T23:02:32Z,17172657833765,2336,btc_qm_engine:btc_ptmc_rep_cold,4.0000000000
METRIC,2026-04-17T23:02:32Z,17172657868845,2336,btc_qm_engine:btc_ptmc_accept,1.0000000000
METRIC,2026-04-17T23:02:32Z,17172657904735,2336,btc_qm_engine:btc_ptmc_rep_hot,6.0000000000
METRIC,2026-04-17T23:02:32Z,17172657933055,2336,btc_qm_engine:btc_ptmc_rep_cold,5.0000000000
METRIC,2026-04-17T23:02:32Z,17172657961455,2336,btc_qm_engine:btc_ptmc_accept,1.0000000000
METRIC,2026-04-17T23:02:32Z,17172657990215,2336,btc_qm_engine:btc_ptmc_rep_hot,7.0000000000
METRIC,2026-04-17T23:02:32Z,17172658038965,2336,btc_qm_engine:btc_ptmc_rep_cold,6.0000000000
METRIC,2026-04-17T23:02:32Z,17172658068025,2336,btc_qm_engine:btc_ptmc_accept,1.0000000000
METRIC,2026-04-17T23:02:32Z,17172758953303,2336,btc_qm_engine:btc_ptmc_rep_hot,1.0000000000
METRIC,2026-04-17T23:02:32Z,17172759052813,2336,btc_qm_engine:btc_ptmc_rep_cold,0.0000000000
METRIC,2026-04-17T23:02:32Z,17172759081043,2336,btc_qm_engine:btc_ptmc_accept,0.2636887251
METRIC,2026-04-17T23:02:32Z,17172759108833,2336,btc_qm_engine:btc_ptmc_rep_hot,2.0000000000
METRIC,2026-04-17T23:02:32Z,17172759134803,2336,btc_qm_engine:btc_ptmc_rep_cold,1.0000000000
METRIC,2026-04-17T23:02:32Z,17172759160633,2336,btc_qm_engine:btc_ptmc_accept,-0.2636429336
METRIC,2026-04-17T23:02:32Z,17172759186953,2336,btc_qm_engine:btc_ptmc_rep_hot,3.0000000000
METRIC,2026-04-17T23:02:32Z,17172759215703,2336,btc_qm_engine:btc_ptmc_rep_cold,2.0000000000
METRIC,2026-04-17T23:02:32Z,17172759245053,2336,btc_qm_engine:btc_ptmc_accept,1.0000000000
METRIC,2026-04-17T23:02:32Z,17172759277603,2336,btc_qm_engine:btc_ptmc_rep_hot,4.0000000000
METRIC,2026-04-17T23:02:32Z,17172759308313,2336,btc_qm_engine:btc_ptmc_rep_cold,3.0000000000
METRIC,2026-04-17T23:02:32Z,17172759337933,2336,btc_qm_engine:btc_ptmc_accept,1.0000000000
METRIC,2026-04-17T23:02:32Z,17172759366273,2336,btc_qm_engine:btc_ptmc_rep_hot,5.0000000000
METRIC,2026-04-17T23:02:32Z,17172759394273,2336,btc_qm_engine:btc_ptmc_rep_cold,4.0000000000
METRIC,2026-04-17T23:02:32Z,17172759425293,2336,btc_qm_engine:btc_ptmc_accept,1.0000000000
METRIC,2026-04-17T23:02:32Z,17172759453093,2336,btc_qm_engine:btc_ptmc_rep_hot,6.0000000000
METRIC,2026-04-17T23:02:32Z,17172759479013,2336,btc_qm_engine:btc_ptmc_rep_cold,5.0000000000
METRIC,2026-04-17T23:02:32Z,17172759504323,2336,btc_qm_engine:btc_ptmc_accept,1.0000000000
METRIC,2026-04-17T23:02:32Z,17172759530043,2336,btc_qm_engine:btc_ptmc_rep_hot,7.0000000000
METRIC,2026-04-17T23:02:32Z,17172759555633,2336,btc_qm_engine:btc_ptmc_rep_cold,6.0000000000
METRIC,2026-04-17T23:02:32Z,17172759583663,2336,btc_qm_engine:btc_ptmc_accept,1.0000000000
METRIC,2026-04-17T23:02:33Z,17172863257081,2336,btc_qm_engine:btc_ptmc_rep_hot,1.0000000000
METRIC,2026-04-17T23:02:33Z,17172863352891,2336,btc_qm_engine:btc_ptmc_rep_cold,0.0000000000
METRIC,2026-04-17T23:02:33Z,17172863381621,2336,btc_qm_engine:btc_ptmc_accept,1.0000000000
METRIC,2026-04-17T23:02:33Z,17172863414571,2336,btc_qm_engine:btc_ptmc_rep_hot,2.0000000000
METRIC,2026-04-17T23:02:33Z,17172863442271,2336,btc_qm_engine:btc_ptmc_rep_cold,1.0000000000
METRIC,2026-04-17T23:02:33Z,17172863476881,2336,btc_qm_engine:btc_ptmc_accept,1.0000000000
METRIC,2026-04-17T23:02:33Z,17172863512671,2336,btc_qm_engine:btc_ptmc_rep_hot,3.0000000000
METRIC,2026-04-17T23:02:33Z,17172863554781,2336,btc_qm_engine:btc_ptmc_rep_cold,2.0000000000
METRIC,2026-04-17T23:02:33Z,17172863591061,2336,btc_qm_engine:btc_ptmc_accept,1.0000000000
METRIC,2026-04-17T23:02:33Z,17172863618211,2336,btc_qm_engine:btc_ptmc_rep_hot,4.0000000000
METRIC,2026-04-17T23:02:33Z,17172863645171,2336,btc_qm_engine:btc_ptmc_rep_cold,3.0000000000
METRIC,2026-04-17T23:02:33Z,17172863671781,2336,btc_qm_engine:btc_ptmc_accept,1.0000000000
METRIC,2026-04-17T23:02:33Z,17172863698371,2336,btc_qm_engine:btc_ptmc_rep_hot,5.0000000000
METRIC,2026-04-17T23:02:33Z,17172863723731,2336,btc_qm_engine:btc_ptmc_rep_cold,4.0000000000
METRIC,2026-04-17T23:02:33Z,17172863766101,2336,btc_qm_engine:btc_ptmc_accept,1.0000000000
METRIC,2026-04-17T23:02:33Z,17172863787361,2336,btc_qm_engine:btc_ptmc_rep_hot,6.0000000000
METRIC,2026-04-17T23:02:33Z,17172863817241,2336,btc_qm_engine:btc_ptmc_rep_cold,5.0000000000
METRIC,2026-04-17T23:02:33Z,17172863848281,2336,btc_qm_engine:btc_ptmc_accept,1.0000000000
METRIC,2026-04-17T23:02:33Z,17172863875741,2336,btc_qm_engine:btc_ptmc_rep_hot,7.0000000000
METRIC,2026-04-17T23:02:33Z,17172863908231,2336,btc_qm_engine:btc_ptmc_rep_cold,6.0000000000
METRIC,2026-04-17T23:02:33Z,17172863938281,2336,btc_qm_engine:btc_ptmc_accept,1.0000000000
METRIC,2026-04-17T23:02:33Z,17172967715559,2336,btc_qm_engine:btc_ptmc_rep_hot,1.0000000000
METRIC,2026-04-17T23:02:33Z,17172967798449,2336,btc_qm_engine:btc_ptmc_rep_cold,0.0000000000
METRIC,2026-04-17T23:02:33Z,17172967821759,2336,btc_qm_engine:btc_ptmc_accept,1.0000000000
METRIC,2026-04-17T23:02:33Z,17172967848199,2336,btc_qm_engine:btc_ptmc_rep_hot,2.0000000000
METRIC,2026-04-17T23:02:33Z,17172967879239,2336,btc_qm_engine:btc_ptmc_rep_cold,1.0000000000
METRIC,2026-04-17T23:02:33Z,17172967906729,2336,btc_qm_engine:btc_ptmc_accept,1.0000000000
METRIC,2026-04-17T23:02:33Z,17172967938129,2336,btc_qm_engine:btc_ptmc_rep_hot,3.0000000000
METRIC,2026-04-17T23:02:33Z,17172967968389,2336,btc_qm_engine:btc_ptmc_rep_cold,2.0000000000
METRIC,2026-04-17T23:02:33Z,17172967997879,2336,btc_qm_engine:btc_ptmc_accept,1.0000000000
METRIC,2026-04-17T23:02:33Z,17172968045129,2336,btc_qm_engine:btc_ptmc_rep_hot,4.0000000000
METRIC,2026-04-17T23:02:33Z,17172968070979,2336,btc_qm_engine:btc_ptmc_rep_cold,3.0000000000
METRIC,2026-04-17T23:02:33Z,17172968101999,2336,btc_qm_engine:btc_ptmc_accept,1.0000000000
METRIC,2026-04-17T23:02:33Z,17172968130059,2336,btc_qm_engine:btc_ptmc_rep_hot,5.0000000000
METRIC,2026-04-17T23:02:33Z,17172968157859,2336,btc_qm_engine:btc_ptmc_rep_cold,4.0000000000
METRIC,2026-04-17T23:02:33Z,17172968185569,2336,btc_qm_engine:btc_ptmc_accept,1.0000000000
METRIC,2026-04-17T23:02:33Z,17172968214909,2336,btc_qm_engine:btc_ptmc_rep_hot,6.0000000000
METRIC,2026-04-17T23:02:33Z,17172968252409,2336,btc_qm_engine:btc_ptmc_rep_cold,5.0000000000
METRIC,2026-04-17T23:02:33Z,17172968280089,2336,btc_qm_engine:btc_ptmc_accept,1.0000000000
METRIC,2026-04-17T23:02:33Z,17172968307519,2336,btc_qm_engine:btc_ptmc_rep_hot,7.0000000000
METRIC,2026-04-17T23:02:33Z,17172968337189,2336,btc_qm_engine:btc_ptmc_rep_cold,6.0000000000
METRIC,2026-04-17T23:02:33Z,17172968364399,2336,btc_qm_engine:btc_ptmc_accept,1.0000000000
METRIC,2026-04-17T23:02:33Z,17173071877967,2336,btc_qm_engine:btc_ptmc_rep_hot,1.0000000000
METRIC,2026-04-17T23:02:33Z,17173071977687,2336,btc_qm_engine:btc_ptmc_rep_cold,0.0000000000
METRIC,2026-04-17T23:02:33Z,17173072024817,2336,btc_qm_engine:btc_ptmc_accept,1.0000000000
METRIC,2026-04-17T23:02:33Z,17173072058327,2336,btc_qm_engine:btc_ptmc_rep_hot,2.0000000000
METRIC,2026-04-17T23:02:33Z,17173072099327,2336,btc_qm_engine:btc_ptmc_rep_cold,1.0000000000
METRIC,2026-04-17T23:02:33Z,17173072140877,2336,btc_qm_engine:btc_ptmc_accept,1.0000000000
METRIC,2026-04-17T23:02:33Z,17173072172537,2336,btc_qm_engine:btc_ptmc_rep_hot,3.0000000000
METRIC,2026-04-17T23:02:33Z,17173072202027,2336,btc_qm_engine:btc_ptmc_rep_cold,2.0000000000
METRIC,2026-04-17T23:02:33Z,17173072228207,2336,btc_qm_engine:btc_ptmc_accept,1.0000000000
METRIC,2026-04-17T23:02:33Z,17173072259307,2336,btc_qm_engine:btc_ptmc_rep_hot,4.0000000000
METRIC,2026-04-17T23:02:33Z,17173072289227,2336,btc_qm_engine:btc_ptmc_rep_cold,3.0000000000
METRIC,2026-04-17T23:02:33Z,17173072317417,2336,btc_qm_engine:btc_ptmc_accept,1.0000000000
METRIC,2026-04-17T23:02:33Z,17173072347477,2336,btc_qm_engine:btc_ptmc_rep_hot,5.0000000000
METRIC,2026-04-17T23:02:33Z,17173072377267,2336,btc_qm_engine:btc_ptmc_rep_cold,4.0000000000
METRIC,2026-04-17T23:02:33Z,17173072406597,2336,btc_qm_engine:btc_ptmc_accept,1.0000000000
METRIC,2026-04-17T23:02:33Z,17173072434037,2336,btc_qm_engine:btc_ptmc_rep_hot,6.0000000000
METRIC,2026-04-17T23:02:33Z,17173072491067,2336,btc_qm_engine:btc_ptmc_rep_cold,5.0000000000
METRIC,2026-04-17T23:02:33Z,17173072519827,2336,btc_qm_engine:btc_ptmc_accept,1.0000000000
METRIC,2026-04-17T23:02:33Z,17173072547437,2336,btc_qm_engine:btc_ptmc_rep_hot,7.0000000000
METRIC,2026-04-17T23:02:33Z,17173072576467,2336,btc_qm_engine:btc_ptmc_rep_cold,6.0000000000
METRIC,2026-04-17T23:02:33Z,17173072604227,2336,btc_qm_engine:btc_ptmc_accept,1.0000000000
METRIC,2026-04-17T23:02:33Z,17173155798965,2336,btc_qm_engine:btc_nonces_total,14045184.0000000000
METRIC,2026-04-17T23:02:33Z,17173155889265,2336,btc_qm_engine:btc_nonce_coverage_pct,inf
HW_SAMPLE,2026-04-17T23:02:33Z,17173161197565,2336,btc_qm_engine:cpu_delta_pct,82.7985
HW_SAMPLE,2026-04-17T23:02:33Z,17173161197565,2336,btc_qm_engine:mem_used_pct,80.8621
HW_SAMPLE,2026-04-17T23:02:33Z,17173161197565,2336,btc_qm_engine:vm_rss_kb,7572
HW_SAMPLE,2026-04-17T23:02:33Z,17173161197565,2336,btc_qm_engine:vm_peak_kb,236324
HW_SAMPLE,2026-04-17T23:02:33Z,17173171250065,2336,btc_qm_engine:cpu_delta_pct,77.7778
HW_SAMPLE,2026-04-17T23:02:33Z,17173171250065,2336,btc_qm_engine:mem_used_pct,80.8616
HW_SAMPLE,2026-04-17T23:02:33Z,17173171250065,2336,btc_qm_engine:vm_rss_kb,7572
HW_SAMPLE,2026-04-17T23:02:33Z,17173171250065,2336,btc_qm_engine:vm_peak_kb,236324
METRIC,2026-04-17T23:02:33Z,17173176923705,2336,btc_qm_engine:btc_ptmc_rep_hot,1.0000000000
METRIC,2026-04-17T23:02:33Z,17173176998965,2336,btc_qm_engine:btc_ptmc_rep_cold,0.0000000000
METRIC,2026-04-17T23:02:33Z,17173177051755,2336,btc_qm_engine:btc_ptmc_accept,-0.1354937842
METRIC,2026-04-17T23:02:33Z,17173177087685,2336,btc_qm_engine:btc_ptmc_rep_hot,2.0000000000
METRIC,2026-04-17T23:02:33Z,17173177119785,2336,btc_qm_engine:btc_ptmc_rep_cold,1.0000000000
METRIC,2026-04-17T23:02:33Z,17173177151605,2336,btc_qm_engine:btc_ptmc_accept,1.0000000000
METRIC,2026-04-17T23:02:33Z,17173177186535,2336,btc_qm_engine:btc_ptmc_rep_hot,3.0000000000
METRIC,2026-04-17T23:02:33Z,17173177215835,2336,btc_qm_engine:btc_ptmc_rep_cold,2.0000000000
METRIC,2026-04-17T23:02:33Z,17173177257995,2336,btc_qm_engine:btc_ptmc_accept,1.0000000000
METRIC,2026-04-17T23:02:33Z,17173177292355,2336,btc_qm_engine:btc_ptmc_rep_hot,4.0000000000
METRIC,2026-04-17T23:02:33Z,17173177325965,2336,btc_qm_engine:btc_ptmc_rep_cold,3.0000000000
METRIC,2026-04-17T23:02:33Z,17173177355025,2336,btc_qm_engine:btc_ptmc_accept,1.0000000000
METRIC,2026-04-17T23:02:33Z,17173177396785,2336,btc_qm_engine:btc_ptmc_rep_hot,5.0000000000
METRIC,2026-04-17T23:02:33Z,17173177433835,2336,btc_qm_engine:btc_ptmc_rep_cold,4.0000000000
METRIC,2026-04-17T23:02:33Z,17173177462775,2336,btc_qm_engine:btc_ptmc_accept,1.0000000000
METRIC,2026-04-17T23:02:33Z,17173177491395,2336,btc_qm_engine:btc_ptmc_rep_hot,6.0000000000
METRIC,2026-04-17T23:02:33Z,17173177520005,2336,btc_qm_engine:btc_ptmc_rep_cold,5.0000000000
METRIC,2026-04-17T23:02:33Z,17173177549405,2336,btc_qm_engine:btc_ptmc_accept,1.0000000000
METRIC,2026-04-17T23:02:33Z,17173177578615,2336,btc_qm_engine:btc_ptmc_rep_hot,7.0000000000
METRIC,2026-04-17T23:02:33Z,17173177606545,2336,btc_qm_engine:btc_ptmc_rep_cold,6.0000000000
METRIC,2026-04-17T23:02:33Z,17173177642785,2336,btc_qm_engine:btc_ptmc_accept,1.0000000000
METRIC,2026-04-17T23:02:33Z,17173190490545,2336,btc_qm_engine:btc_hashrate_mhs,0.7021311165
METRIC,2026-04-17T23:02:33Z,17173190572805,2336,btc_qm_engine:btc_hashrate_thread_id,1.0000000000
METRIC,2026-04-17T23:02:33Z,17173223173114,2336,btc_qm_engine:btc_nx48_stall_count,2.0000000000
METRIC,2026-04-17T23:02:33Z,17173223272994,2336,btc_qm_engine:btc_nx48_delta_nonce_old,50.0000000000
METRIC,2026-04-17T23:02:33Z,17173223308164,2336,btc_qm_engine:btc_nx48_delta_nonce_new,49.2527768171
METRIC,2026-04-17T23:02:33Z,17173223341814,2336,btc_qm_engine:btc_nx48_batch_old,4.0000000000
METRIC,2026-04-17T23:02:33Z,17173223373784,2336,btc_qm_engine:btc_nx48_batch_new,4.0000000000
METRIC,2026-04-17T23:02:33Z,17173223405674,2336,btc_qm_engine:btc_nx48_loss,0.3181937550
METRIC,2026-04-17T23:02:33Z,17173223437724,2336,btc_qm_engine:btc_nx48_grad_norm,0.0667333332
METRIC,2026-04-17T23:02:33Z,17173223501704,2336,btc_qm_engine:btc_nx48_update_count,3261.0000000000
METRIC,2026-04-17T23:02:33Z,17173223536724,2336,btc_qm_engine:btc_nx48_exploration_bias,0.9365749415
METRIC,2026-04-17T23:02:33Z,17173223567384,2336,btc_qm_engine:btc_nx48_dual_blend,0.2000000000
METRIC,2026-04-17T23:02:33Z,17173223604044,2336,btc_qm_engine:btc_hashrate_mhs,0.7022124037
METRIC,2026-04-17T23:02:33Z,17173223634824,2336,btc_qm_engine:btc_hashrate_thread_id,0.0000000000
METRIC,2026-04-17T23:02:33Z,17173279490663,2336,btc_qm_engine:btc_ptmc_rep_hot,1.0000000000
METRIC,2026-04-17T23:02:33Z,17173279584103,2336,btc_qm_engine:btc_ptmc_rep_cold,0.0000000000
METRIC,2026-04-17T23:02:33Z,17173279614693,2336,btc_qm_engine:btc_ptmc_accept,1.0000000000
METRIC,2026-04-17T23:02:33Z,17173279652483,2336,btc_qm_engine:btc_ptmc_rep_hot,2.0000000000
METRIC,2026-04-17T23:02:33Z,17173279680153,2336,btc_qm_engine:btc_ptmc_rep_cold,1.0000000000
METRIC,2026-04-17T23:02:33Z,17173279708343,2336,btc_qm_engine:btc_ptmc_accept,1.0000000000
METRIC,2026-04-17T23:02:33Z,17173279743883,2336,btc_qm_engine:btc_ptmc_rep_hot,3.0000000000
METRIC,2026-04-17T23:02:33Z,17173279771583,2336,btc_qm_engine:btc_ptmc_rep_cold,2.0000000000
METRIC,2026-04-17T23:02:33Z,17173279798033,2336,btc_qm_engine:btc_ptmc_accept,1.0000000000
METRIC,2026-04-17T23:02:33Z,17173279824103,2336,btc_qm_engine:btc_ptmc_rep_hot,4.0000000000
METRIC,2026-04-17T23:02:33Z,17173279849813,2336,btc_qm_engine:btc_ptmc_rep_cold,3.0000000000
METRIC,2026-04-17T23:02:33Z,17173279875103,2336,btc_qm_engine:btc_ptmc_accept,1.0000000000
METRIC,2026-04-17T23:02:33Z,17173279917023,2336,btc_qm_engine:btc_ptmc_rep_hot,5.0000000000
METRIC,2026-04-17T23:02:33Z,17173279952653,2336,btc_qm_engine:btc_ptmc_rep_cold,4.0000000000
METRIC,2026-04-17T23:02:33Z,17173279979553,2336,btc_qm_engine:btc_ptmc_accept,1.0000000000
METRIC,2026-04-17T23:02:33Z,17173280025203,2336,btc_qm_engine:btc_ptmc_rep_hot,6.0000000000
METRIC,2026-04-17T23:02:33Z,17173280052813,2336,btc_qm_engine:btc_ptmc_rep_cold,5.0000000000
METRIC,2026-04-17T23:02:33Z,17173280078593,2336,btc_qm_engine:btc_ptmc_accept,1.0000000000
METRIC,2026-04-17T23:02:33Z,17173280104193,2336,btc_qm_engine:btc_ptmc_rep_hot,7.0000000000
METRIC,2026-04-17T23:02:33Z,17173280129593,2336,btc_qm_engine:btc_ptmc_rep_cold,6.0000000000
METRIC,2026-04-17T23:02:33Z,17173280155123,2336,btc_qm_engine:btc_ptmc_accept,1.0000000000
METRIC,2026-04-17T23:02:33Z,17173389180641,2336,btc_qm_engine:btc_ptmc_rep_hot,1.0000000000
METRIC,2026-04-17T23:02:33Z,17173389282001,2336,btc_qm_engine:btc_ptmc_rep_cold,0.0000000000
METRIC,2026-04-17T23:02:33Z,17173389311811,2336,btc_qm_engine:btc_ptmc_accept,1.0000000000
METRIC,2026-04-17T23:02:33Z,17173389339461,2336,btc_qm_engine:btc_ptmc_rep_hot,2.0000000000
METRIC,2026-04-17T23:02:33Z,17173389366011,2336,btc_qm_engine:btc_ptmc_rep_cold,1.0000000000
METRIC,2026-04-17T23:02:33Z,17173389392581,2336,btc_qm_engine:btc_ptmc_accept,1.0000000000
METRIC,2026-04-17T23:02:33Z,17173389419281,2336,btc_qm_engine:btc_ptmc_rep_hot,3.0000000000
METRIC,2026-04-17T23:02:33Z,17173389446021,2336,btc_qm_engine:btc_ptmc_rep_cold,2.0000000000
METRIC,2026-04-17T23:02:33Z,17173389472581,2336,btc_qm_engine:btc_ptmc_accept,1.0000000000
METRIC,2026-04-17T23:02:33Z,17173389499241,2336,btc_qm_engine:btc_ptmc_rep_hot,4.0000000000
METRIC,2026-04-17T23:02:33Z,17173389526071,2336,btc_qm_engine:btc_ptmc_rep_cold,3.0000000000
METRIC,2026-04-17T23:02:33Z,17173389552341,2336,btc_qm_engine:btc_ptmc_accept,1.0000000000
METRIC,2026-04-17T23:02:33Z,17173389579061,2336,btc_qm_engine:btc_ptmc_rep_hot,5.0000000000
METRIC,2026-04-17T23:02:33Z,17173389606471,2336,btc_qm_engine:btc_ptmc_rep_cold,4.0000000000
METRIC,2026-04-17T23:02:33Z,17173389633111,2336,btc_qm_engine:btc_ptmc_accept,1.0000000000
METRIC,2026-04-17T23:02:33Z,17173389670121,2336,btc_qm_engine:btc_ptmc_rep_hot,6.0000000000
METRIC,2026-04-17T23:02:33Z,17173389881251,2336,btc_qm_engine:btc_ptmc_rep_cold,5.0000000000
METRIC,2026-04-17T23:02:33Z,17173389909071,2336,btc_qm_engine:btc_ptmc_accept,1.0000000000
METRIC,2026-04-17T23:02:33Z,17173389958361,2336,btc_qm_engine:btc_ptmc_rep_hot,7.0000000000
METRIC,2026-04-17T23:02:33Z,17173389985321,2336,btc_qm_engine:btc_ptmc_rep_cold,6.0000000000
METRIC,2026-04-17T23:02:33Z,17173390026751,2336,btc_qm_engine:btc_ptmc_accept,1.0000000000
METRIC,2026-04-17T23:02:33Z,17173492914699,2336,btc_qm_engine:btc_ptmc_rep_hot,1.0000000000
METRIC,2026-04-17T23:02:33Z,17173493017129,2336,btc_qm_engine:btc_ptmc_rep_cold,0.0000000000
METRIC,2026-04-17T23:02:33Z,17173493047729,2336,btc_qm_engine:btc_ptmc_accept,1.0000000000
METRIC,2026-04-17T23:02:33Z,17173493076029,2336,btc_qm_engine:btc_ptmc_rep_hot,2.0000000000
METRIC,2026-04-17T23:02:33Z,17173493104729,2336,btc_qm_engine:btc_ptmc_rep_cold,1.0000000000
METRIC,2026-04-17T23:02:33Z,17173493140419,2336,btc_qm_engine:btc_ptmc_accept,0.5134617158
METRIC,2026-04-17T23:02:33Z,17173493182789,2336,btc_qm_engine:btc_ptmc_rep_hot,3.0000000000
METRIC,2026-04-17T23:02:33Z,17173493210539,2336,btc_qm_engine:btc_ptmc_rep_cold,2.0000000000
METRIC,2026-04-17T23:02:33Z,17173493237719,2336,btc_qm_engine:btc_ptmc_accept,0.7165468710
METRIC,2026-04-17T23:02:33Z,17173493270689,2336,btc_qm_engine:btc_ptmc_rep_hot,4.0000000000
METRIC,2026-04-17T23:02:33Z,17173493297959,2336,btc_qm_engine:btc_ptmc_rep_cold,3.0000000000
METRIC,2026-04-17T23:02:33Z,17173493325059,2336,btc_qm_engine:btc_ptmc_accept,0.8187371539
METRIC,2026-04-17T23:02:33Z,17173497025449,2336,btc_qm_engine:btc_ptmc_rep_hot,5.0000000000
METRIC,2026-04-17T23:02:33Z,17173497082709,2336,btc_qm_engine:btc_ptmc_rep_cold,4.0000000000
METRIC,2026-04-17T23:02:33Z,17173497111359,2336,btc_qm_engine:btc_ptmc_accept,0.8824995977
METRIC,2026-04-17T23:02:33Z,17173497140059,2336,btc_qm_engine:btc_ptmc_rep_hot,6.0000000000
METRIC,2026-04-17T23:02:33Z,17173497167319,2336,btc_qm_engine:btc_ptmc_rep_cold,5.0000000000
METRIC,2026-04-17T23:02:33Z,17173497192709,2336,btc_qm_engine:btc_ptmc_accept,0.9298553534
METRIC,2026-04-17T23:02:33Z,17173497218509,2336,btc_qm_engine:btc_ptmc_rep_hot,7.0000000000
METRIC,2026-04-17T23:02:33Z,17173497240299,2336,btc_qm_engine:btc_ptmc_rep_cold,6.0000000000
METRIC,2026-04-17T23:02:33Z,17173497264929,2336,btc_qm_engine:btc_ptmc_accept,0.9540312765
METRIC,2026-04-17T23:02:33Z,17173593019097,2336,btc_qm_engine:btc_ptmc_rep_hot,1.0000000000
METRIC,2026-04-17T23:02:33Z,17173593157717,2336,btc_qm_engine:btc_ptmc_rep_cold,0.0000000000
METRIC,2026-04-17T23:02:33Z,17173593188887,2336,btc_qm_engine:btc_ptmc_accept,1.0000000000
METRIC,2026-04-17T23:02:33Z,17173593229227,2336,btc_qm_engine:btc_ptmc_rep_hot,2.0000000000
METRIC,2026-04-17T23:02:33Z,17173593271127,2336,btc_qm_engine:btc_ptmc_rep_cold,1.0000000000
METRIC,2026-04-17T23:02:33Z,17173593304107,2336,btc_qm_engine:btc_ptmc_accept,1.0000000000
METRIC,2026-04-17T23:02:33Z,17173593341137,2336,btc_qm_engine:btc_ptmc_rep_hot,3.0000000000
METRIC,2026-04-17T23:02:33Z,17173593373977,2336,btc_qm_engine:btc_ptmc_rep_cold,2.0000000000
METRIC,2026-04-17T23:02:33Z,17173593402187,2336,btc_qm_engine:btc_ptmc_accept,1.0000000000
METRIC,2026-04-17T23:02:33Z,17173593430807,2336,btc_qm_engine:btc_ptmc_rep_hot,4.0000000000
METRIC,2026-04-17T23:02:33Z,17173593458907,2336,btc_qm_engine:btc_ptmc_rep_cold,3.0000000000
METRIC,2026-04-17T23:02:33Z,17173593486497,2336,btc_qm_engine:btc_ptmc_accept,1.0000000000
METRIC,2026-04-17T23:02:33Z,17173593514417,2336,btc_qm_engine:btc_ptmc_rep_hot,5.0000000000
METRIC,2026-04-17T23:02:33Z,17173593541987,2336,btc_qm_engine:btc_ptmc_rep_cold,4.0000000000
METRIC,2026-04-17T23:02:33Z,17173593569187,2336,btc_qm_engine:btc_ptmc_accept,1.0000000000
METRIC,2026-04-17T23:02:33Z,17173593649317,2336,btc_qm_engine:btc_ptmc_rep_hot,6.0000000000
METRIC,2026-04-17T23:02:33Z,17173593678297,2336,btc_qm_engine:btc_ptmc_rep_cold,5.0000000000
METRIC,2026-04-17T23:02:33Z,17173593714237,2336,btc_qm_engine:btc_ptmc_accept,1.0000000000
METRIC,2026-04-17T23:02:33Z,17173593748737,2336,btc_qm_engine:btc_ptmc_rep_hot,7.0000000000
METRIC,2026-04-17T23:02:33Z,17173593785847,2336,btc_qm_engine:btc_ptmc_rep_cold,6.0000000000
METRIC,2026-04-17T23:02:33Z,17173593826487,2336,btc_qm_engine:btc_ptmc_accept,1.0000000000
METRIC,2026-04-17T23:02:33Z,17173696764865,2336,btc_qm_engine:btc_ptmc_rep_hot,1.0000000000
METRIC,2026-04-17T23:02:33Z,17173696892595,2336,btc_qm_engine:btc_ptmc_rep_cold,0.0000000000
METRIC,2026-04-17T23:02:33Z,17173696915705,2336,btc_qm_engine:btc_ptmc_accept,-0.2635971381
METRIC,2026-04-17T23:02:33Z,17173696944815,2336,btc_qm_engine:btc_ptmc_rep_hot,2.0000000000
METRIC,2026-04-17T23:02:33Z,17173696967755,2336,btc_qm_engine:btc_ptmc_rep_cold,1.0000000000
METRIC,2026-04-17T23:02:33Z,17173696990285,2336,btc_qm_engine:btc_ptmc_accept,1.0000000000
METRIC,2026-04-17T23:02:33Z,17173697044495,2336,btc_qm_engine:btc_ptmc_rep_hot,3.0000000000
METRIC,2026-04-17T23:02:33Z,17173697072275,2336,btc_qm_engine:btc_ptmc_rep_cold,2.0000000000
METRIC,2026-04-17T23:02:33Z,17173697093525,2336,btc_qm_engine:btc_ptmc_accept,1.0000000000
METRIC,2026-04-17T23:02:33Z,17173697120765,2336,btc_qm_engine:btc_ptmc_rep_hot,4.0000000000
METRIC,2026-04-17T23:02:33Z,17173697151675,2336,btc_qm_engine:btc_ptmc_rep_cold,3.0000000000
METRIC,2026-04-17T23:02:33Z,17173697181985,2336,btc_qm_engine:btc_ptmc_accept,1.0000000000
METRIC,2026-04-17T23:02:33Z,17173697213515,2336,btc_qm_engine:btc_ptmc_rep_hot,5.0000000000
METRIC,2026-04-17T23:02:33Z,17173697238625,2336,btc_qm_engine:btc_ptmc_rep_cold,4.0000000000
METRIC,2026-04-17T23:02:33Z,17173697259895,2336,btc_qm_engine:btc_ptmc_accept,1.0000000000
METRIC,2026-04-17T23:02:33Z,17173697281325,2336,btc_qm_engine:btc_ptmc_rep_hot,6.0000000000
METRIC,2026-04-17T23:02:33Z,17173697301865,2336,btc_qm_engine:btc_ptmc_rep_cold,5.0000000000
METRIC,2026-04-17T23:02:33Z,17173697322815,2336,btc_qm_engine:btc_ptmc_accept,1.0000000000
METRIC,2026-04-17T23:02:33Z,17173697343565,2336,btc_qm_engine:btc_ptmc_rep_hot,7.0000000000
METRIC,2026-04-17T23:02:33Z,17173697364245,2336,btc_qm_engine:btc_ptmc_rep_cold,6.0000000000
METRIC,2026-04-17T23:02:33Z,17173697384825,2336,btc_qm_engine:btc_ptmc_accept,1.0000000000
METRIC,2026-04-17T23:02:33Z,17173798203153,2336,btc_qm_engine:btc_ptmc_rep_hot,1.0000000000
METRIC,2026-04-17T23:02:33Z,17173798287563,2336,btc_qm_engine:btc_ptmc_rep_cold,0.0000000000
METRIC,2026-04-17T23:02:33Z,17173798317173,2336,btc_qm_engine:btc_ptmc_accept,1.0000000000
METRIC,2026-04-17T23:02:33Z,17173798344563,2336,btc_qm_engine:btc_ptmc_rep_hot,2.0000000000
METRIC,2026-04-17T23:02:33Z,17173798365783,2336,btc_qm_engine:btc_ptmc_rep_cold,1.0000000000
METRIC,2026-04-17T23:02:33Z,17173798399153,2336,btc_qm_engine:btc_ptmc_accept,1.0000000000
METRIC,2026-04-17T23:02:33Z,17173798432003,2336,btc_qm_engine:btc_ptmc_rep_hot,3.0000000000
METRIC,2026-04-17T23:02:33Z,17173798454793,2336,btc_qm_engine:btc_ptmc_rep_cold,2.0000000000
METRIC,2026-04-17T23:02:33Z,17173798480883,2336,btc_qm_engine:btc_ptmc_accept,1.0000000000
METRIC,2026-04-17T23:02:33Z,17173798510403,2336,btc_qm_engine:btc_ptmc_rep_hot,4.0000000000
METRIC,2026-04-17T23:02:33Z,17173798539783,2336,btc_qm_engine:btc_ptmc_rep_cold,3.0000000000
METRIC,2026-04-17T23:02:33Z,17173798567633,2336,btc_qm_engine:btc_ptmc_accept,1.0000000000
METRIC,2026-04-17T23:02:33Z,17173798609153,2336,btc_qm_engine:btc_ptmc_rep_hot,5.0000000000
METRIC,2026-04-17T23:02:33Z,17173798639363,2336,btc_qm_engine:btc_ptmc_rep_cold,4.0000000000
METRIC,2026-04-17T23:02:33Z,17173798666993,2336,btc_qm_engine:btc_ptmc_accept,1.0000000000
METRIC,2026-04-17T23:02:33Z,17173798696283,2336,btc_qm_engine:btc_ptmc_rep_hot,6.0000000000
METRIC,2026-04-17T23:02:33Z,17173798723303,2336,btc_qm_engine:btc_ptmc_rep_cold,5.0000000000
METRIC,2026-04-17T23:02:33Z,17173798747913,2336,btc_qm_engine:btc_ptmc_accept,1.0000000000
METRIC,2026-04-17T23:02:33Z,17173798798373,2336,btc_qm_engine:btc_ptmc_rep_hot,7.0000000000
METRIC,2026-04-17T23:02:33Z,17173798827713,2336,btc_qm_engine:btc_ptmc_rep_cold,6.0000000000
METRIC,2026-04-17T23:02:33Z,17173798855863,2336,btc_qm_engine:btc_ptmc_accept,1.0000000000
METRIC,2026-04-17T23:02:34Z,17173902730251,2336,btc_qm_engine:btc_ptmc_rep_hot,1.0000000000
METRIC,2026-04-17T23:02:34Z,17173902832071,2336,btc_qm_engine:btc_ptmc_rep_cold,0.0000000000
METRIC,2026-04-17T23:02:34Z,17173902874021,2336,btc_qm_engine:btc_ptmc_accept,1.0000000000
METRIC,2026-04-17T23:02:34Z,17173902913681,2336,btc_qm_engine:btc_ptmc_rep_hot,2.0000000000
METRIC,2026-04-17T23:02:34Z,17173902941611,2336,btc_qm_engine:btc_ptmc_rep_cold,1.0000000000
METRIC,2026-04-17T23:02:34Z,17173902969891,2336,btc_qm_engine:btc_ptmc_accept,1.0000000000
METRIC,2026-04-17T23:02:34Z,17173903058761,2336,btc_qm_engine:btc_ptmc_rep_hot,3.0000000000
METRIC,2026-04-17T23:02:34Z,17173903089951,2336,btc_qm_engine:btc_ptmc_rep_cold,2.0000000000
METRIC,2026-04-17T23:02:34Z,17173903122051,2336,btc_qm_engine:btc_ptmc_accept,1.0000000000
METRIC,2026-04-17T23:02:34Z,17173903149701,2336,btc_qm_engine:btc_ptmc_rep_hot,4.0000000000
METRIC,2026-04-17T23:02:34Z,17173903176861,2336,btc_qm_engine:btc_ptmc_rep_cold,3.0000000000
METRIC,2026-04-17T23:02:34Z,17173903204141,2336,btc_qm_engine:btc_ptmc_accept,1.0000000000
METRIC,2026-04-17T23:02:34Z,17173903231351,2336,btc_qm_engine:btc_ptmc_rep_hot,5.0000000000
METRIC,2026-04-17T23:02:34Z,17173903258611,2336,btc_qm_engine:btc_ptmc_rep_cold,4.0000000000
METRIC,2026-04-17T23:02:34Z,17173903292361,2336,btc_qm_engine:btc_ptmc_accept,1.0000000000
METRIC,2026-04-17T23:02:34Z,17173903319641,2336,btc_qm_engine:btc_ptmc_rep_hot,6.0000000000
METRIC,2026-04-17T23:02:34Z,17173903346811,2336,btc_qm_engine:btc_ptmc_rep_cold,5.0000000000
METRIC,2026-04-17T23:02:34Z,17173903373721,2336,btc_qm_engine:btc_ptmc_accept,1.0000000000
METRIC,2026-04-17T23:02:34Z,17173903400831,2336,btc_qm_engine:btc_ptmc_rep_hot,7.0000000000
METRIC,2026-04-17T23:02:34Z,17173903427721,2336,btc_qm_engine:btc_ptmc_rep_cold,6.0000000000
METRIC,2026-04-17T23:02:34Z,17173903454731,2336,btc_qm_engine:btc_ptmc_accept,1.0000000000
METRIC,2026-04-17T23:02:34Z,17174005456239,2336,btc_qm_engine:btc_ptmc_rep_hot,1.0000000000
METRIC,2026-04-17T23:02:34Z,17174005540979,2336,btc_qm_engine:btc_ptmc_rep_cold,0.0000000000
METRIC,2026-04-17T23:02:34Z,17174005570629,2336,btc_qm_engine:btc_ptmc_accept,1.0000000000
METRIC,2026-04-17T23:02:34Z,17174005615579,2336,btc_qm_engine:btc_ptmc_rep_hot,2.0000000000
METRIC,2026-04-17T23:02:34Z,17174005652299,2336,btc_qm_engine:btc_ptmc_rep_cold,1.0000000000
METRIC,2026-04-17T23:02:34Z,17174005702249,2336,btc_qm_engine:btc_ptmc_accept,1.0000000000
METRIC,2026-04-17T23:02:34Z,17174005750949,2336,btc_qm_engine:btc_ptmc_rep_hot,3.0000000000
METRIC,2026-04-17T23:02:34Z,17174005783029,2336,btc_qm_engine:btc_ptmc_rep_cold,2.0000000000
METRIC,2026-04-17T23:02:34Z,17174005811869,2336,btc_qm_engine:btc_ptmc_accept,1.0000000000
METRIC,2026-04-17T23:02:34Z,17174005840099,2336,btc_qm_engine:btc_ptmc_rep_hot,4.0000000000
METRIC,2026-04-17T23:02:34Z,17174005870349,2336,btc_qm_engine:btc_ptmc_rep_cold,3.0000000000
METRIC,2026-04-17T23:02:34Z,17174005902149,2336,btc_qm_engine:btc_ptmc_accept,1.0000000000
METRIC,2026-04-17T23:02:34Z,17174005929939,2336,btc_qm_engine:btc_ptmc_rep_hot,5.0000000000
METRIC,2026-04-17T23:02:34Z,17174005959469,2336,btc_qm_engine:btc_ptmc_rep_cold,4.0000000000
METRIC,2026-04-17T23:02:34Z,17174005989899,2336,btc_qm_engine:btc_ptmc_accept,1.0000000000
METRIC,2026-04-17T23:02:34Z,17174006866079,2336,btc_qm_engine:btc_ptmc_rep_hot,6.0000000000
METRIC,2026-04-17T23:02:34Z,17174006902479,2336,btc_qm_engine:btc_ptmc_rep_cold,5.0000000000
METRIC,2026-04-17T23:02:34Z,17174006930779,2336,btc_qm_engine:btc_ptmc_accept,1.0000000000
METRIC,2026-04-17T23:02:34Z,17174006957389,2336,btc_qm_engine:btc_ptmc_rep_hot,7.0000000000
METRIC,2026-04-17T23:02:34Z,17174006983119,2336,btc_qm_engine:btc_ptmc_rep_cold,6.0000000000
METRIC,2026-04-17T23:02:34Z,17174007070129,2336,btc_qm_engine:btc_ptmc_accept,1.0000000000
METRIC,2026-04-17T23:02:34Z,17174105482017,2336,btc_qm_engine:btc_ptmc_rep_hot,1.0000000000
METRIC,2026-04-17T23:02:34Z,17174105571977,2336,btc_qm_engine:btc_ptmc_rep_cold,0.0000000000
METRIC,2026-04-17T23:02:34Z,17174105600517,2336,btc_qm_engine:btc_ptmc_accept,1.0000000000
METRIC,2026-04-17T23:02:34Z,17174105634547,2336,btc_qm_engine:btc_ptmc_rep_hot,2.0000000000
METRIC,2026-04-17T23:02:34Z,17174105677067,2336,btc_qm_engine:btc_ptmc_rep_cold,1.0000000000
METRIC,2026-04-17T23:02:34Z,17174105702707,2336,btc_qm_engine:btc_ptmc_accept,1.0000000000
METRIC,2026-04-17T23:02:34Z,17174105736187,2336,btc_qm_engine:btc_ptmc_rep_hot,3.0000000000
METRIC,2026-04-17T23:02:34Z,17174105764107,2336,btc_qm_engine:btc_ptmc_rep_cold,2.0000000000
METRIC,2026-04-17T23:02:34Z,17174105790217,2336,btc_qm_engine:btc_ptmc_accept,0.8464931860
METRIC,2026-04-17T23:02:34Z,17174105819667,2336,btc_qm_engine:btc_ptmc_rep_hot,4.0000000000
METRIC,2026-04-17T23:02:34Z,17174105847927,2336,btc_qm_engine:btc_ptmc_rep_cold,3.0000000000
METRIC,2026-04-17T23:02:34Z,17174105874597,2336,btc_qm_engine:btc_ptmc_accept,0.9048418286
METRIC,2026-04-17T23:02:34Z,17174105901427,2336,btc_qm_engine:btc_ptmc_rep_hot,5.0000000000
METRIC,2026-04-17T23:02:34Z,17174105928147,2336,btc_qm_engine:btc_ptmc_rep_cold,4.0000000000
METRIC,2026-04-17T23:02:34Z,17174105955937,2336,btc_qm_engine:btc_ptmc_accept,0.9394148515
METRIC,2026-04-17T23:02:34Z,17174105984317,2336,btc_qm_engine:btc_ptmc_rep_hot,6.0000000000
METRIC,2026-04-17T23:02:34Z,17174106028457,2336,btc_qm_engine:btc_ptmc_rep_cold,5.0000000000
METRIC,2026-04-17T23:02:34Z,17174106055327,2336,btc_qm_engine:btc_ptmc_accept,0.9642902005
METRIC,2026-04-17T23:02:34Z,17174106081797,2336,btc_qm_engine:btc_ptmc_rep_hot,7.0000000000
METRIC,2026-04-17T23:02:34Z,17174106120497,2336,btc_qm_engine:btc_ptmc_rep_cold,6.0000000000
METRIC,2026-04-17T23:02:34Z,17174106156597,2336,btc_qm_engine:btc_ptmc_accept,0.9767450351
METRIC,2026-04-17T23:02:34Z,17174205608485,2336,btc_qm_engine:btc_ptmc_rep_hot,1.0000000000
METRIC,2026-04-17T23:02:34Z,17174205678975,2336,btc_qm_engine:btc_ptmc_rep_cold,0.0000000000
METRIC,2026-04-17T23:02:34Z,17174205702905,2336,btc_qm_engine:btc_ptmc_accept,1.0000000000
METRIC,2026-04-17T23:02:34Z,17174205733055,2336,btc_qm_engine:btc_ptmc_rep_hot,2.0000000000
METRIC,2026-04-17T23:02:34Z,17174205754375,2336,btc_qm_engine:btc_ptmc_rep_cold,1.0000000000
METRIC,2026-04-17T23:02:34Z,17174205777485,2336,btc_qm_engine:btc_ptmc_accept,1.0000000000
METRIC,2026-04-17T23:02:34Z,17174205810925,2336,btc_qm_engine:btc_ptmc_rep_hot,3.0000000000
METRIC,2026-04-17T23:02:34Z,17174205838715,2336,btc_qm_engine:btc_ptmc_rep_cold,2.0000000000
METRIC,2026-04-17T23:02:34Z,17174205866095,2336,btc_qm_engine:btc_ptmc_accept,1.0000000000
METRIC,2026-04-17T23:02:34Z,17174205894265,2336,btc_qm_engine:btc_ptmc_rep_hot,4.0000000000
METRIC,2026-04-17T23:02:34Z,17174205917055,2336,btc_qm_engine:btc_ptmc_rep_cold,3.0000000000
METRIC,2026-04-17T23:02:34Z,17174205939795,2336,btc_qm_engine:btc_ptmc_accept,1.0000000000
METRIC,2026-04-17T23:02:34Z,17174205969815,2336,btc_qm_engine:btc_ptmc_rep_hot,5.0000000000
METRIC,2026-04-17T23:02:34Z,17174206019565,2336,btc_qm_engine:btc_ptmc_rep_cold,4.0000000000
METRIC,2026-04-17T23:02:34Z,17174206048165,2336,btc_qm_engine:btc_ptmc_accept,1.0000000000
METRIC,2026-04-17T23:02:34Z,17174206071435,2336,btc_qm_engine:btc_ptmc_rep_hot,6.0000000000
METRIC,2026-04-17T23:02:34Z,17174206094325,2336,btc_qm_engine:btc_ptmc_rep_cold,5.0000000000
METRIC,2026-04-17T23:02:34Z,17174206121645,2336,btc_qm_engine:btc_ptmc_accept,1.0000000000
METRIC,2026-04-17T23:02:34Z,17174206150035,2336,btc_qm_engine:btc_ptmc_rep_hot,7.0000000000
METRIC,2026-04-17T23:02:34Z,17174206177895,2336,btc_qm_engine:btc_ptmc_rep_cold,6.0000000000
METRIC,2026-04-17T23:02:34Z,17174206201715,2336,btc_qm_engine:btc_ptmc_accept,1.0000000000
METRIC,2026-04-17T23:02:34Z,17174310641893,2336,btc_qm_engine:btc_ptmc_rep_hot,1.0000000000
METRIC,2026-04-17T23:02:34Z,17174310753093,2336,btc_qm_engine:btc_ptmc_rep_cold,0.0000000000
METRIC,2026-04-17T23:02:34Z,17174310833903,2336,btc_qm_engine:btc_ptmc_accept,-0.2635971381
METRIC,2026-04-17T23:02:34Z,17174310870453,2336,btc_qm_engine:btc_ptmc_rep_hot,2.0000000000
METRIC,2026-04-17T23:02:34Z,17174310898823,2336,btc_qm_engine:btc_ptmc_rep_cold,1.0000000000
METRIC,2026-04-17T23:02:34Z,17174310993063,2336,btc_qm_engine:btc_ptmc_accept,1.0000000000
METRIC,2026-04-17T23:02:34Z,17174311050613,2336,btc_qm_engine:btc_ptmc_rep_hot,3.0000000000
METRIC,2026-04-17T23:02:34Z,17174311077333,2336,btc_qm_engine:btc_ptmc_rep_cold,2.0000000000
METRIC,2026-04-17T23:02:34Z,17174311112613,2336,btc_qm_engine:btc_ptmc_accept,1.0000000000
METRIC,2026-04-17T23:02:34Z,17174311153063,2336,btc_qm_engine:btc_ptmc_rep_hot,4.0000000000
METRIC,2026-04-17T23:02:34Z,17174311187693,2336,btc_qm_engine:btc_ptmc_rep_cold,3.0000000000
METRIC,2026-04-17T23:02:34Z,17174311219363,2336,btc_qm_engine:btc_ptmc_accept,1.0000000000
METRIC,2026-04-17T23:02:34Z,17174311692033,2336,btc_qm_engine:btc_ptmc_rep_hot,5.0000000000
METRIC,2026-04-17T23:02:34Z,17174311749493,2336,btc_qm_engine:btc_ptmc_rep_cold,4.0000000000
METRIC,2026-04-17T23:02:34Z,17174311775863,2336,btc_qm_engine:btc_ptmc_accept,1.0000000000
METRIC,2026-04-17T23:02:34Z,17174311806803,2336,btc_qm_engine:btc_ptmc_rep_hot,6.0000000000
METRIC,2026-04-17T23:02:34Z,17174311835613,2336,btc_qm_engine:btc_ptmc_rep_cold,5.0000000000
METRIC,2026-04-17T23:02:34Z,17174311865613,2336,btc_qm_engine:btc_ptmc_accept,1.0000000000
METRIC,2026-04-17T23:02:34Z,17174311892633,2336,btc_qm_engine:btc_ptmc_rep_hot,7.0000000000
METRIC,2026-04-17T23:02:34Z,17174311920833,2336,btc_qm_engine:btc_ptmc_rep_cold,6.0000000000
METRIC,2026-04-17T23:02:34Z,17174311949923,2336,btc_qm_engine:btc_ptmc_accept,1.0000000000
METRIC,2026-04-17T23:02:34Z,17174412116641,2336,btc_qm_engine:btc_ptmc_rep_hot,1.0000000000
METRIC,2026-04-17T23:02:34Z,17174412203791,2336,btc_qm_engine:btc_ptmc_rep_cold,0.0000000000
METRIC,2026-04-17T23:02:34Z,17174412235051,2336,btc_qm_engine:btc_ptmc_accept,1.0000000000
METRIC,2026-04-17T23:02:34Z,17174412267121,2336,btc_qm_engine:btc_ptmc_rep_hot,2.0000000000
METRIC,2026-04-17T23:02:34Z,17174412298191,2336,btc_qm_engine:btc_ptmc_rep_cold,1.0000000000
METRIC,2026-04-17T23:02:34Z,17174412329731,2336,btc_qm_engine:btc_ptmc_accept,1.0000000000
METRIC,2026-04-17T23:02:34Z,17174412361671,2336,btc_qm_engine:btc_ptmc_rep_hot,3.0000000000
METRIC,2026-04-17T23:02:34Z,17174412391721,2336,btc_qm_engine:btc_ptmc_rep_cold,2.0000000000
METRIC,2026-04-17T23:02:34Z,17174412421791,2336,btc_qm_engine:btc_ptmc_accept,1.0000000000
METRIC,2026-04-17T23:02:34Z,17174412451381,2336,btc_qm_engine:btc_ptmc_rep_hot,4.0000000000
METRIC,2026-04-17T23:02:34Z,17174412480611,2336,btc_qm_engine:btc_ptmc_rep_cold,3.0000000000
METRIC,2026-04-17T23:02:34Z,17174412509761,2336,btc_qm_engine:btc_ptmc_accept,1.0000000000
METRIC,2026-04-17T23:02:34Z,17174412538871,2336,btc_qm_engine:btc_ptmc_rep_hot,5.0000000000
METRIC,2026-04-17T23:02:34Z,17174412568011,2336,btc_qm_engine:btc_ptmc_rep_cold,4.0000000000
METRIC,2026-04-17T23:02:34Z,17174412597421,2336,btc_qm_engine:btc_ptmc_accept,1.0000000000
METRIC,2026-04-17T23:02:34Z,17174412627091,2336,btc_qm_engine:btc_ptmc_rep_hot,6.0000000000
METRIC,2026-04-17T23:02:34Z,17174412656221,2336,btc_qm_engine:btc_ptmc_rep_cold,5.0000000000
METRIC,2026-04-17T23:02:34Z,17174412684441,2336,btc_qm_engine:btc_ptmc_accept,1.0000000000
METRIC,2026-04-17T23:02:34Z,17174412713881,2336,btc_qm_engine:btc_ptmc_rep_hot,7.0000000000
METRIC,2026-04-17T23:02:34Z,17174412741191,2336,btc_qm_engine:btc_ptmc_rep_cold,6.0000000000
METRIC,2026-04-17T23:02:34Z,17174412770511,2336,btc_qm_engine:btc_ptmc_accept,1.0000000000
METRIC,2026-04-17T23:02:34Z,17174512727549,2336,btc_qm_engine:btc_ptmc_rep_hot,1.0000000000
METRIC,2026-04-17T23:02:34Z,17174512816319,2336,btc_qm_engine:btc_ptmc_rep_cold,0.0000000000
METRIC,2026-04-17T23:02:34Z,17174512844219,2336,btc_qm_engine:btc_ptmc_accept,1.0000000000
METRIC,2026-04-17T23:02:34Z,17174512880839,2336,btc_qm_engine:btc_ptmc_rep_hot,2.0000000000
METRIC,2026-04-17T23:02:34Z,17174512911569,2336,btc_qm_engine:btc_ptmc_rep_cold,1.0000000000
METRIC,2026-04-17T23:02:34Z,17174512974279,2336,btc_qm_engine:btc_ptmc_accept,0.7164924961
METRIC,2026-04-17T23:02:34Z,17174513021649,2336,btc_qm_engine:btc_ptmc_rep_hot,3.0000000000
METRIC,2026-04-17T23:02:34Z,17174513052939,2336,btc_qm_engine:btc_ptmc_rep_cold,2.0000000000
METRIC,2026-04-17T23:02:34Z,17174513082119,2336,btc_qm_engine:btc_ptmc_accept,0.8464702621
METRIC,2026-04-17T23:02:34Z,17174513122029,2336,btc_qm_engine:btc_ptmc_rep_hot,4.0000000000
METRIC,2026-04-17T23:02:34Z,17174513151859,2336,btc_qm_engine:btc_ptmc_rep_cold,3.0000000000
METRIC,2026-04-17T23:02:34Z,17174513178999,2336,btc_qm_engine:btc_ptmc_accept,1.0000000000
METRIC,2026-04-17T23:02:34Z,17174513207989,2336,btc_qm_engine:btc_ptmc_rep_hot,5.0000000000
METRIC,2026-04-17T23:02:34Z,17174513237439,2336,btc_qm_engine:btc_ptmc_rep_cold,4.0000000000
METRIC,2026-04-17T23:02:34Z,17174513271109,2336,btc_qm_engine:btc_ptmc_accept,0.9394112740
METRIC,2026-04-17T23:02:34Z,17174513301779,2336,btc_qm_engine:btc_ptmc_rep_hot,6.0000000000
METRIC,2026-04-17T23:02:34Z,17174513330969,2336,btc_qm_engine:btc_ptmc_rep_cold,5.0000000000
METRIC,2026-04-17T23:02:34Z,17174513360289,2336,btc_qm_engine:btc_ptmc_accept,0.9642889574
METRIC,2026-04-17T23:02:34Z,17174513393479,2336,btc_qm_engine:btc_ptmc_rep_hot,7.0000000000
METRIC,2026-04-17T23:02:34Z,17174513423629,2336,btc_qm_engine:btc_ptmc_rep_cold,6.0000000000
METRIC,2026-04-17T23:02:34Z,17174513452889,2336,btc_qm_engine:btc_ptmc_accept,0.9767447714
METRIC,2026-04-17T23:02:34Z,17174614074417,2336,btc_qm_engine:btc_ptmc_rep_hot,1.0000000000
METRIC,2026-04-17T23:02:34Z,17174614163507,2336,btc_qm_engine:btc_ptmc_rep_cold,0.0000000000
METRIC,2026-04-17T23:02:34Z,17174614194657,2336,btc_qm_engine:btc_ptmc_accept,1.0000000000
METRIC,2026-04-17T23:02:34Z,17174614237987,2336,btc_qm_engine:btc_ptmc_rep_hot,2.0000000000
METRIC,2026-04-17T23:02:34Z,17174614277177,2336,btc_qm_engine:btc_ptmc_rep_cold,1.0000000000
METRIC,2026-04-17T23:02:34Z,17174614307647,2336,btc_qm_engine:btc_ptmc_accept,0.7165140378
METRIC,2026-04-17T23:02:34Z,17174614348577,2336,btc_qm_engine:btc_ptmc_rep_hot,3.0000000000
METRIC,2026-04-17T23:02:34Z,17174614376067,2336,btc_qm_engine:btc_ptmc_rep_cold,2.0000000000
METRIC,2026-04-17T23:02:34Z,17174614403157,2336,btc_qm_engine:btc_ptmc_accept,1.0000000000
METRIC,2026-04-17T23:02:34Z,17174614431727,2336,btc_qm_engine:btc_ptmc_rep_hot,4.0000000000
METRIC,2026-04-17T23:02:34Z,17174614457307,2336,btc_qm_engine:btc_ptmc_rep_cold,3.0000000000
METRIC,2026-04-17T23:02:34Z,17174614478267,2336,btc_qm_engine:btc_ptmc_accept,-0.9048354550
METRIC,2026-04-17T23:02:34Z,17174614499337,2336,btc_qm_engine:btc_ptmc_rep_hot,5.0000000000
METRIC,2026-04-17T23:02:34Z,17174614519907,2336,btc_qm_engine:btc_ptmc_rep_cold,4.0000000000
METRIC,2026-04-17T23:02:34Z,17174614540337,2336,btc_qm_engine:btc_ptmc_accept,1.0000000000
METRIC,2026-04-17T23:02:34Z,17174614560997,2336,btc_qm_engine:btc_ptmc_rep_hot,6.0000000000
METRIC,2026-04-17T23:02:34Z,17174614581387,2336,btc_qm_engine:btc_ptmc_rep_cold,5.0000000000
METRIC,2026-04-17T23:02:34Z,17174614601757,2336,btc_qm_engine:btc_ptmc_accept,1.0000000000
METRIC,2026-04-17T23:02:34Z,17174614622177,2336,btc_qm_engine:btc_ptmc_rep_hot,7.0000000000
METRIC,2026-04-17T23:02:34Z,17174614650647,2336,btc_qm_engine:btc_ptmc_rep_cold,6.0000000000
METRIC,2026-04-17T23:02:34Z,17174614678497,2336,btc_qm_engine:btc_ptmc_accept,1.0000000000
METRIC,2026-04-17T23:02:34Z,17174722849735,2336,btc_qm_engine:btc_ptmc_rep_hot,1.0000000000
METRIC,2026-04-17T23:02:34Z,17174723101335,2336,btc_qm_engine:btc_ptmc_rep_cold,0.0000000000
METRIC,2026-04-17T23:02:34Z,17174723174275,2336,btc_qm_engine:btc_ptmc_accept,1.0000000000
METRIC,2026-04-17T23:02:34Z,17174726035695,2336,btc_qm_engine:btc_ptmc_rep_hot,2.0000000000
METRIC,2026-04-17T23:02:34Z,17174726167105,2336,btc_qm_engine:btc_ptmc_rep_cold,1.0000000000
METRIC,2026-04-17T23:02:34Z,17174726221505,2336,btc_qm_engine:btc_ptmc_accept,1.0000000000
METRIC,2026-04-17T23:02:34Z,17174726282005,2336,btc_qm_engine:btc_ptmc_rep_hot,3.0000000000
METRIC,2026-04-17T23:02:34Z,17174726394355,2336,btc_qm_engine:btc_ptmc_rep_cold,2.0000000000
METRIC,2026-04-17T23:02:34Z,17174726450275,2336,btc_qm_engine:btc_ptmc_accept,1.0000000000
METRIC,2026-04-17T23:02:34Z,17174726499695,2336,btc_qm_engine:btc_ptmc_rep_hot,4.0000000000
METRIC,2026-04-17T23:02:34Z,17174726555025,2336,btc_qm_engine:btc_ptmc_rep_cold,3.0000000000
METRIC,2026-04-17T23:02:34Z,17174726611125,2336,btc_qm_engine:btc_ptmc_accept,1.0000000000
METRIC,2026-04-17T23:02:34Z,17174726644935,2336,btc_qm_engine:btc_ptmc_rep_hot,5.0000000000
METRIC,2026-04-17T23:02:34Z,17174726671695,2336,btc_qm_engine:btc_ptmc_rep_cold,4.0000000000
METRIC,2026-04-17T23:02:34Z,17174726698835,2336,btc_qm_engine:btc_ptmc_accept,1.0000000000
METRIC,2026-04-17T23:02:34Z,17174726737075,2336,btc_qm_engine:btc_ptmc_rep_hot,6.0000000000
METRIC,2026-04-17T23:02:34Z,17174726773365,2336,btc_qm_engine:btc_ptmc_rep_cold,5.0000000000
METRIC,2026-04-17T23:02:34Z,17174726802025,2336,btc_qm_engine:btc_ptmc_accept,1.0000000000
METRIC,2026-04-17T23:02:34Z,17174726830035,2336,btc_qm_engine:btc_ptmc_rep_hot,7.0000000000
METRIC,2026-04-17T23:02:34Z,17174726859115,2336,btc_qm_engine:btc_ptmc_rep_cold,6.0000000000
METRIC,2026-04-17T23:02:34Z,17174726888395,2336,btc_qm_engine:btc_ptmc_accept,1.0000000000
METRIC,2026-04-17T23:02:35Z,17174829789663,2336,btc_qm_engine:btc_ptmc_rep_hot,1.0000000000
METRIC,2026-04-17T23:02:35Z,17174829936503,2336,btc_qm_engine:btc_ptmc_rep_cold,0.0000000000
METRIC,2026-04-17T23:02:35Z,17174829964553,2336,btc_qm_engine:btc_ptmc_accept,1.0000000000
METRIC,2026-04-17T23:02:35Z,17174830003053,2336,btc_qm_engine:btc_ptmc_rep_hot,2.0000000000
METRIC,2026-04-17T23:02:35Z,17174830056263,2336,btc_qm_engine:btc_ptmc_rep_cold,1.0000000000
METRIC,2026-04-17T23:02:35Z,17174830084703,2336,btc_qm_engine:btc_ptmc_accept,1.0000000000
METRIC,2026-04-17T23:02:35Z,17174830119323,2336,btc_qm_engine:btc_ptmc_rep_hot,3.0000000000
METRIC,2026-04-17T23:02:35Z,17174830150813,2336,btc_qm_engine:btc_ptmc_rep_cold,2.0000000000
METRIC,2026-04-17T23:02:35Z,17174830178413,2336,btc_qm_engine:btc_ptmc_accept,1.0000000000
METRIC,2026-04-17T23:02:35Z,17174830205813,2336,btc_qm_engine:btc_ptmc_rep_hot,4.0000000000
METRIC,2026-04-17T23:02:35Z,17174830232833,2336,btc_qm_engine:btc_ptmc_rep_cold,3.0000000000
METRIC,2026-04-17T23:02:35Z,17174830260613,2336,btc_qm_engine:btc_ptmc_accept,1.0000000000
METRIC,2026-04-17T23:02:35Z,17174830299753,2336,btc_qm_engine:btc_ptmc_rep_hot,5.0000000000
METRIC,2026-04-17T23:02:35Z,17174830334403,2336,btc_qm_engine:btc_ptmc_rep_cold,4.0000000000
METRIC,2026-04-17T23:02:35Z,17174830362423,2336,btc_qm_engine:btc_ptmc_accept,1.0000000000
METRIC,2026-04-17T23:02:35Z,17174830389773,2336,btc_qm_engine:btc_ptmc_rep_hot,6.0000000000
METRIC,2026-04-17T23:02:35Z,17174830416803,2336,btc_qm_engine:btc_ptmc_rep_cold,5.0000000000
METRIC,2026-04-17T23:02:35Z,17174830444013,2336,btc_qm_engine:btc_ptmc_accept,1.0000000000
METRIC,2026-04-17T23:02:35Z,17174830472013,2336,btc_qm_engine:btc_ptmc_rep_hot,7.0000000000
METRIC,2026-04-17T23:02:35Z,17174830522633,2336,btc_qm_engine:btc_ptmc_rep_cold,6.0000000000
METRIC,2026-04-17T23:02:35Z,17174830550813,2336,btc_qm_engine:btc_ptmc_accept,1.0000000000
METRIC,2026-04-17T23:02:35Z,17174930560991,2336,btc_qm_engine:btc_ptmc_rep_hot,1.0000000000
METRIC,2026-04-17T23:02:35Z,17174930646501,2336,btc_qm_engine:btc_ptmc_rep_cold,0.0000000000
METRIC,2026-04-17T23:02:35Z,17174930675951,2336,btc_qm_engine:btc_ptmc_accept,-0.1354058228
METRIC,2026-04-17T23:02:35Z,17174930710471,2336,btc_qm_engine:btc_ptmc_rep_hot,2.0000000000
METRIC,2026-04-17T23:02:35Z,17174930736721,2336,btc_qm_engine:btc_ptmc_rep_cold,1.0000000000
METRIC,2026-04-17T23:02:35Z,17174930760881,2336,btc_qm_engine:btc_ptmc_accept,0.7165624298
METRIC,2026-04-17T23:02:35Z,17174930789891,2336,btc_qm_engine:btc_ptmc_rep_hot,3.0000000000
METRIC,2026-04-17T23:02:35Z,17174930816301,2336,btc_qm_engine:btc_ptmc_rep_cold,2.0000000000
METRIC,2026-04-17T23:02:35Z,17174930842661,2336,btc_qm_engine:btc_ptmc_accept,0.8464909161
METRIC,2026-04-17T23:02:35Z,17174930869581,2336,btc_qm_engine:btc_ptmc_rep_hot,4.0000000000
METRIC,2026-04-17T23:02:35Z,17174930894451,2336,btc_qm_engine:btc_ptmc_rep_cold,3.0000000000
METRIC,2026-04-17T23:02:35Z,17174930919281,2336,btc_qm_engine:btc_ptmc_accept,1.0000000000
METRIC,2026-04-17T23:02:35Z,17174930944981,2336,btc_qm_engine:btc_ptmc_rep_hot,5.0000000000
METRIC,2026-04-17T23:02:35Z,17174930970671,2336,btc_qm_engine:btc_ptmc_rep_cold,4.0000000000
METRIC,2026-04-17T23:02:35Z,17174930996131,2336,btc_qm_engine:btc_ptmc_accept,-0.9394144973
METRIC,2026-04-17T23:02:35Z,17174931036471,2336,btc_qm_engine:btc_ptmc_rep_hot,6.0000000000
METRIC,2026-04-17T23:02:35Z,17174931062081,2336,btc_qm_engine:btc_ptmc_rep_cold,5.0000000000
METRIC,2026-04-17T23:02:35Z,17174931087981,2336,btc_qm_engine:btc_ptmc_accept,1.0000000000
METRIC,2026-04-17T23:02:35Z,17174931115311,2336,btc_qm_engine:btc_ptmc_rep_hot,7.0000000000
METRIC,2026-04-17T23:02:35Z,17174931150811,2336,btc_qm_engine:btc_ptmc_rep_cold,6.0000000000
METRIC,2026-04-17T23:02:35Z,17174931184321,2336,btc_qm_engine:btc_ptmc_accept,1.0000000000
METRIC,2026-04-17T23:02:35Z,17175035229369,2336,btc_qm_engine:btc_ptmc_rep_hot,1.0000000000
METRIC,2026-04-17T23:02:35Z,17175035320229,2336,btc_qm_engine:btc_ptmc_rep_cold,0.0000000000
METRIC,2026-04-17T23:02:35Z,17175035351679,2336,btc_qm_engine:btc_ptmc_accept,1.0000000000
METRIC,2026-04-17T23:02:35Z,17175035411459,2336,btc_qm_engine:btc_ptmc_rep_hot,2.0000000000
METRIC,2026-04-17T23:02:35Z,17175035440329,2336,btc_qm_engine:btc_ptmc_rep_cold,1.0000000000
METRIC,2026-04-17T23:02:35Z,17175035499949,2336,btc_qm_engine:btc_ptmc_accept,1.0000000000
METRIC,2026-04-17T23:02:35Z,17175035565539,2336,btc_qm_engine:btc_ptmc_rep_hot,3.0000000000
METRIC,2026-04-17T23:02:35Z,17175035612479,2336,btc_qm_engine:btc_ptmc_rep_cold,2.0000000000
METRIC,2026-04-17T23:02:35Z,17175035643539,2336,btc_qm_engine:btc_ptmc_accept,1.0000000000
METRIC,2026-04-17T23:02:35Z,17175035706029,2336,btc_qm_engine:btc_ptmc_rep_hot,4.0000000000
METRIC,2026-04-17T23:02:35Z,17175035732879,2336,btc_qm_engine:btc_ptmc_rep_cold,3.0000000000
METRIC,2026-04-17T23:02:35Z,17175035758779,2336,btc_qm_engine:btc_ptmc_accept,1.0000000000
METRIC,2026-04-17T23:02:35Z,17175035803969,2336,btc_qm_engine:btc_ptmc_rep_hot,5.0000000000
METRIC,2026-04-17T23:02:35Z,17175035833049,2336,btc_qm_engine:btc_ptmc_rep_cold,4.0000000000
METRIC,2026-04-17T23:02:35Z,17175035877559,2336,btc_qm_engine:btc_ptmc_accept,1.0000000000
METRIC,2026-04-17T23:02:35Z,17175035912329,2336,btc_qm_engine:btc_ptmc_rep_hot,6.0000000000
METRIC,2026-04-17T23:02:35Z,17175035974999,2336,btc_qm_engine:btc_ptmc_rep_cold,5.0000000000
METRIC,2026-04-17T23:02:35Z,17175036054939,2336,btc_qm_engine:btc_ptmc_accept,1.0000000000
METRIC,2026-04-17T23:02:35Z,17175036085859,2336,btc_qm_engine:btc_ptmc_rep_hot,7.0000000000
METRIC,2026-04-17T23:02:35Z,17175036111659,2336,btc_qm_engine:btc_ptmc_rep_cold,6.0000000000
METRIC,2026-04-17T23:02:35Z,17175036139419,2336,btc_qm_engine:btc_ptmc_accept,1.0000000000
METRIC,2026-04-17T23:02:35Z,17175137455487,2336,btc_qm_engine:btc_ptmc_rep_hot,1.0000000000
METRIC,2026-04-17T23:02:35Z,17175137611827,2336,btc_qm_engine:btc_ptmc_rep_cold,0.0000000000
METRIC,2026-04-17T23:02:35Z,17175137669107,2336,btc_qm_engine:btc_ptmc_accept,1.0000000000
METRIC,2026-04-17T23:02:35Z,17175137710427,2336,btc_qm_engine:btc_ptmc_rep_hot,2.0000000000
METRIC,2026-04-17T23:02:35Z,17175137740847,2336,btc_qm_engine:btc_ptmc_rep_cold,1.0000000000
METRIC,2026-04-17T23:02:35Z,17175137771747,2336,btc_qm_engine:btc_ptmc_accept,-0.5133725145
METRIC,2026-04-17T23:02:35Z,17175137808277,2336,btc_qm_engine:btc_ptmc_rep_hot,3.0000000000
METRIC,2026-04-17T23:02:35Z,17175137835737,2336,btc_qm_engine:btc_ptmc_rep_cold,2.0000000000
METRIC,2026-04-17T23:02:35Z,17175137862397,2336,btc_qm_engine:btc_ptmc_accept,1.0000000000
METRIC,2026-04-17T23:02:35Z,17175137888957,2336,btc_qm_engine:btc_ptmc_rep_hot,4.0000000000
METRIC,2026-04-17T23:02:35Z,17175137915127,2336,btc_qm_engine:btc_ptmc_rep_cold,3.0000000000
METRIC,2026-04-17T23:02:35Z,17175137941637,2336,btc_qm_engine:btc_ptmc_accept,0.9048338808
METRIC,2026-04-17T23:02:35Z,17175137968317,2336,btc_qm_engine:btc_ptmc_rep_hot,5.0000000000
METRIC,2026-04-17T23:02:35Z,17175137994567,2336,btc_qm_engine:btc_ptmc_rep_cold,4.0000000000
METRIC,2026-04-17T23:02:35Z,17175138030487,2336,btc_qm_engine:btc_ptmc_accept,-0.9394116283
METRIC,2026-04-17T23:02:35Z,17175138055137,2336,btc_qm_engine:btc_ptmc_rep_hot,6.0000000000
METRIC,2026-04-17T23:02:35Z,17175138081617,2336,btc_qm_engine:btc_ptmc_rep_cold,5.0000000000
METRIC,2026-04-17T23:02:35Z,17175138107797,2336,btc_qm_engine:btc_ptmc_accept,1.0000000000
METRIC,2026-04-17T23:02:35Z,17175138134507,2336,btc_qm_engine:btc_ptmc_rep_hot,7.0000000000
METRIC,2026-04-17T23:02:35Z,17175138168927,2336,btc_qm_engine:btc_ptmc_rep_cold,6.0000000000
METRIC,2026-04-17T23:02:35Z,17175138200117,2336,btc_qm_engine:btc_ptmc_accept,1.0000000000
METRIC,2026-04-17T23:02:35Z,17175194269656,2336,btc_qm_engine:btc_hashrate_mhs,0.7032488096
METRIC,2026-04-17T23:02:35Z,17175194347506,2336,btc_qm_engine:btc_hashrate_thread_id,1.0000000000
METRIC,2026-04-17T23:02:35Z,17175226057455,2336,btc_qm_engine:btc_nx48_delta_nonce_old,49.2527768171
METRIC,2026-04-17T23:02:35Z,17175226148355,2336,btc_qm_engine:btc_nx48_delta_nonce_new,48.4524754291
METRIC,2026-04-17T23:02:35Z,17175226171635,2336,btc_qm_engine:btc_nx48_batch_old,4.0000000000
METRIC,2026-04-17T23:02:35Z,17175226191445,2336,btc_qm_engine:btc_nx48_batch_new,4.0000000000
METRIC,2026-04-17T23:02:35Z,17175226215925,2336,btc_qm_engine:btc_nx48_loss,0.3181774233
METRIC,2026-04-17T23:02:35Z,17175226235475,2336,btc_qm_engine:btc_nx48_grad_norm,0.0666750879
METRIC,2026-04-17T23:02:35Z,17175226261025,2336,btc_qm_engine:btc_nx48_update_count,3262.0000000000
METRIC,2026-04-17T23:02:35Z,17175226280965,2336,btc_qm_engine:btc_nx48_exploration_bias,0.9477441146
METRIC,2026-04-17T23:02:35Z,17175226299735,2336,btc_qm_engine:btc_nx48_dual_blend,0.2000000000
METRIC,2026-04-17T23:02:35Z,17175226318475,2336,btc_qm_engine:btc_hashrate_mhs,0.7032567603
METRIC,2026-04-17T23:02:35Z,17175226337135,2336,btc_qm_engine:btc_hashrate_thread_id,0.0000000000
METRIC,2026-04-17T23:02:35Z,17175238529865,2336,btc_qm_engine:btc_ptmc_rep_hot,1.0000000000
METRIC,2026-04-17T23:02:35Z,17175238597295,2336,btc_qm_engine:btc_ptmc_rep_cold,0.0000000000
METRIC,2026-04-17T23:02:35Z,17175238618435,2336,btc_qm_engine:btc_ptmc_accept,1.0000000000
METRIC,2026-04-17T23:02:35Z,17175238644055,2336,btc_qm_engine:btc_ptmc_rep_hot,2.0000000000
METRIC,2026-04-17T23:02:35Z,17175238667185,2336,btc_qm_engine:btc_ptmc_rep_cold,1.0000000000
METRIC,2026-04-17T23:02:35Z,17175238685915,2336,btc_qm_engine:btc_ptmc_accept,1.0000000000
METRIC,2026-04-17T23:02:35Z,17175238710375,2336,btc_qm_engine:btc_ptmc_rep_hot,3.0000000000
METRIC,2026-04-17T23:02:35Z,17175238729165,2336,btc_qm_engine:btc_ptmc_rep_cold,2.0000000000
METRIC,2026-04-17T23:02:35Z,17175238755875,2336,btc_qm_engine:btc_ptmc_accept,1.0000000000
METRIC,2026-04-17T23:02:35Z,17175238779245,2336,btc_qm_engine:btc_ptmc_rep_hot,4.0000000000
METRIC,2026-04-17T23:02:35Z,17175238798145,2336,btc_qm_engine:btc_ptmc_rep_cold,3.0000000000
METRIC,2026-04-17T23:02:35Z,17175238850295,2336,btc_qm_engine:btc_ptmc_accept,1.0000000000
METRIC,2026-04-17T23:02:35Z,17175238870505,2336,btc_qm_engine:btc_ptmc_rep_hot,5.0000000000
METRIC,2026-04-17T23:02:35Z,17175238889905,2336,btc_qm_engine:btc_ptmc_rep_cold,4.0000000000
METRIC,2026-04-17T23:02:35Z,17175238908785,2336,btc_qm_engine:btc_ptmc_accept,1.0000000000
METRIC,2026-04-17T23:02:35Z,17175238935535,2336,btc_qm_engine:btc_ptmc_rep_hot,6.0000000000
METRIC,2026-04-17T23:02:35Z,17175238960835,2336,btc_qm_engine:btc_ptmc_rep_cold,5.0000000000
METRIC,2026-04-17T23:02:35Z,17175238986945,2336,btc_qm_engine:btc_ptmc_accept,1.0000000000
METRIC,2026-04-17T23:02:35Z,17175239052485,2336,btc_qm_engine:btc_ptmc_rep_hot,7.0000000000
METRIC,2026-04-17T23:02:35Z,17175239082065,2336,btc_qm_engine:btc_ptmc_rep_cold,6.0000000000
METRIC,2026-04-17T23:02:35Z,17175239104665,2336,btc_qm_engine:btc_ptmc_accept,1.0000000000
METRIC,2026-04-17T23:02:35Z,17175341446973,2336,btc_qm_engine:btc_ptmc_rep_hot,1.0000000000
METRIC,2026-04-17T23:02:35Z,17175341527723,2336,btc_qm_engine:btc_ptmc_rep_cold,0.0000000000
METRIC,2026-04-17T23:02:35Z,17175341554763,2336,btc_qm_engine:btc_ptmc_accept,1.0000000000
METRIC,2026-04-17T23:02:35Z,17175341581023,2336,btc_qm_engine:btc_ptmc_rep_hot,2.0000000000
METRIC,2026-04-17T23:02:35Z,17175341607263,2336,btc_qm_engine:btc_ptmc_rep_cold,1.0000000000
METRIC,2026-04-17T23:02:35Z,17175341633353,2336,btc_qm_engine:btc_ptmc_accept,1.0000000000
METRIC,2026-04-17T23:02:35Z,17175341659213,2336,btc_qm_engine:btc_ptmc_rep_hot,3.0000000000
METRIC,2026-04-17T23:02:35Z,17175341684993,2336,btc_qm_engine:btc_ptmc_rep_cold,2.0000000000
METRIC,2026-04-17T23:02:35Z,17175341710503,2336,btc_qm_engine:btc_ptmc_accept,1.0000000000
METRIC,2026-04-17T23:02:35Z,17175341737243,2336,btc_qm_engine:btc_ptmc_rep_hot,4.0000000000
METRIC,2026-04-17T23:02:35Z,17175341763233,2336,btc_qm_engine:btc_ptmc_rep_cold,3.0000000000
METRIC,2026-04-17T23:02:35Z,17175341789123,2336,btc_qm_engine:btc_ptmc_accept,1.0000000000
METRIC,2026-04-17T23:02:35Z,17175341814743,2336,btc_qm_engine:btc_ptmc_rep_hot,5.0000000000
METRIC,2026-04-17T23:02:35Z,17175341839393,2336,btc_qm_engine:btc_ptmc_rep_cold,4.0000000000
METRIC,2026-04-17T23:02:35Z,17175341865023,2336,btc_qm_engine:btc_ptmc_accept,1.0000000000
METRIC,2026-04-17T23:02:35Z,17175341890633,2336,btc_qm_engine:btc_ptmc_rep_hot,6.0000000000
METRIC,2026-04-17T23:02:35Z,17175341915983,2336,btc_qm_engine:btc_ptmc_rep_cold,5.0000000000
METRIC,2026-04-17T23:02:35Z,17175341941523,2336,btc_qm_engine:btc_ptmc_accept,1.0000000000
METRIC,2026-04-17T23:02:35Z,17175341967533,2336,btc_qm_engine:btc_ptmc_rep_hot,7.0000000000
METRIC,2026-04-17T23:02:35Z,17175341992943,2336,btc_qm_engine:btc_ptmc_rep_cold,6.0000000000
METRIC,2026-04-17T23:02:35Z,17175342040703,2336,btc_qm_engine:btc_ptmc_accept,1.0000000000
METRIC,2026-04-17T23:02:35Z,17175444362201,2336,btc_qm_engine:btc_ptmc_rep_hot,1.0000000000
METRIC,2026-04-17T23:02:35Z,17175444437231,2336,btc_qm_engine:btc_ptmc_rep_cold,0.0000000000
METRIC,2026-04-17T23:02:35Z,17175444458191,2336,btc_qm_engine:btc_ptmc_accept,1.0000000000
METRIC,2026-04-17T23:02:35Z,17175444483021,2336,btc_qm_engine:btc_ptmc_rep_hot,2.0000000000
METRIC,2026-04-17T23:02:35Z,17175444501861,2336,btc_qm_engine:btc_ptmc_rep_cold,1.0000000000
METRIC,2026-04-17T23:02:35Z,17175444520711,2336,btc_qm_engine:btc_ptmc_accept,1.0000000000
METRIC,2026-04-17T23:02:35Z,17175444539281,2336,btc_qm_engine:btc_ptmc_rep_hot,3.0000000000
METRIC,2026-04-17T23:02:35Z,17175444557621,2336,btc_qm_engine:btc_ptmc_rep_cold,2.0000000000
METRIC,2026-04-17T23:02:35Z,17175444575891,2336,btc_qm_engine:btc_ptmc_accept,1.0000000000
METRIC,2026-04-17T23:02:35Z,17175444608271,2336,btc_qm_engine:btc_ptmc_rep_hot,4.0000000000
METRIC,2026-04-17T23:02:35Z,17175444633731,2336,btc_qm_engine:btc_ptmc_rep_cold,3.0000000000
METRIC,2026-04-17T23:02:35Z,17175444657431,2336,btc_qm_engine:btc_ptmc_accept,1.0000000000
METRIC,2026-04-17T23:02:35Z,17175444694341,2336,btc_qm_engine:btc_ptmc_rep_hot,5.0000000000
METRIC,2026-04-17T23:02:35Z,17175446180941,2336,btc_qm_engine:btc_ptmc_rep_cold,4.0000000000
METRIC,2026-04-17T23:02:35Z,17175446232771,2336,btc_qm_engine:btc_ptmc_accept,1.0000000000
METRIC,2026-04-17T23:02:35Z,17175446270891,2336,btc_qm_engine:btc_ptmc_rep_hot,6.0000000000
METRIC,2026-04-17T23:02:35Z,17175446503551,2336,btc_qm_engine:btc_ptmc_rep_cold,5.0000000000
METRIC,2026-04-17T23:02:35Z,17175446572291,2336,btc_qm_engine:btc_ptmc_accept,1.0000000000
METRIC,2026-04-17T23:02:35Z,17175446619671,2336,btc_qm_engine:btc_ptmc_rep_hot,7.0000000000
METRIC,2026-04-17T23:02:35Z,17175446654711,2336,btc_qm_engine:btc_ptmc_rep_cold,6.0000000000
METRIC,2026-04-17T23:02:35Z,17175446706341,2336,btc_qm_engine:btc_ptmc_accept,1.0000000000
METRIC,2026-04-17T23:02:35Z,17175550614329,2336,btc_qm_engine:btc_ptmc_rep_hot,1.0000000000
METRIC,2026-04-17T23:02:35Z,17175550689579,2336,btc_qm_engine:btc_ptmc_rep_cold,0.0000000000
METRIC,2026-04-17T23:02:35Z,17175550718979,2336,btc_qm_engine:btc_ptmc_accept,1.0000000000
METRIC,2026-04-17T23:02:35Z,17175550743779,2336,btc_qm_engine:btc_ptmc_rep_hot,2.0000000000
METRIC,2026-04-17T23:02:35Z,17175550764779,2336,btc_qm_engine:btc_ptmc_rep_cold,1.0000000000
METRIC,2026-04-17T23:02:35Z,17175550785479,2336,btc_qm_engine:btc_ptmc_accept,1.0000000000
METRIC,2026-04-17T23:02:35Z,17175550806329,2336,btc_qm_engine:btc_ptmc_rep_hot,3.0000000000
METRIC,2026-04-17T23:02:35Z,17175550827019,2336,btc_qm_engine:btc_ptmc_rep_cold,2.0000000000
METRIC,2026-04-17T23:02:35Z,17175550847619,2336,btc_qm_engine:btc_ptmc_accept,1.0000000000
METRIC,2026-04-17T23:02:35Z,17175550868279,2336,btc_qm_engine:btc_ptmc_rep_hot,4.0000000000
METRIC,2026-04-17T23:02:35Z,17175550888779,2336,btc_qm_engine:btc_ptmc_rep_cold,3.0000000000
METRIC,2026-04-17T23:02:35Z,17175550912869,2336,btc_qm_engine:btc_ptmc_accept,1.0000000000
METRIC,2026-04-17T23:02:35Z,17175550945979,2336,btc_qm_engine:btc_ptmc_rep_hot,5.0000000000
METRIC,2026-04-17T23:02:35Z,17175550976459,2336,btc_qm_engine:btc_ptmc_rep_cold,4.0000000000
METRIC,2026-04-17T23:02:35Z,17175550997289,2336,btc_qm_engine:btc_ptmc_accept,1.0000000000
METRIC,2026-04-17T23:02:35Z,17175551045329,2336,btc_qm_engine:btc_ptmc_rep_hot,6.0000000000
METRIC,2026-04-17T23:02:35Z,17175551080049,2336,btc_qm_engine:btc_ptmc_rep_cold,5.0000000000
METRIC,2026-04-17T23:02:35Z,17175551107059,2336,btc_qm_engine:btc_ptmc_accept,1.0000000000
METRIC,2026-04-17T23:02:35Z,17175551134019,2336,btc_qm_engine:btc_ptmc_rep_hot,7.0000000000
METRIC,2026-04-17T23:02:35Z,17175551160269,2336,btc_qm_engine:btc_ptmc_rep_cold,6.0000000000
METRIC,2026-04-17T23:02:35Z,17175551185219,2336,btc_qm_engine:btc_ptmc_accept,1.0000000000
METRIC,2026-04-17T23:02:35Z,17175650644967,2336,btc_qm_engine:btc_ptmc_rep_hot,1.0000000000
METRIC,2026-04-17T23:02:35Z,17175650737647,2336,btc_qm_engine:btc_ptmc_rep_cold,0.0000000000
METRIC,2026-04-17T23:02:35Z,17175650766537,2336,btc_qm_engine:btc_ptmc_accept,1.0000000000
METRIC,2026-04-17T23:02:35Z,17175650795447,2336,btc_qm_engine:btc_ptmc_rep_hot,2.0000000000
METRIC,2026-04-17T23:02:35Z,17175650829417,2336,btc_qm_engine:btc_ptmc_rep_cold,1.0000000000
METRIC,2026-04-17T23:02:35Z,17175650866977,2336,btc_qm_engine:btc_ptmc_accept,0.7165624298
METRIC,2026-04-17T23:02:35Z,17175650902697,2336,btc_qm_engine:btc_ptmc_rep_hot,3.0000000000
METRIC,2026-04-17T23:02:35Z,17175650928567,2336,btc_qm_engine:btc_ptmc_rep_cold,2.0000000000
METRIC,2026-04-17T23:02:35Z,17175650954677,2336,btc_qm_engine:btc_ptmc_accept,0.8464909161
METRIC,2026-04-17T23:02:35Z,17175650982027,2336,btc_qm_engine:btc_ptmc_rep_hot,4.0000000000
METRIC,2026-04-17T23:02:35Z,17175651026057,2336,btc_qm_engine:btc_ptmc_rep_cold,3.0000000000
METRIC,2026-04-17T23:02:35Z,17175651052507,2336,btc_qm_engine:btc_ptmc_accept,-0.9048409551
METRIC,2026-04-17T23:02:35Z,17175651080197,2336,btc_qm_engine:btc_ptmc_rep_hot,5.0000000000
METRIC,2026-04-17T23:02:35Z,17175651107097,2336,btc_qm_engine:btc_ptmc_rep_cold,4.0000000000
METRIC,2026-04-17T23:02:35Z,17175651134267,2336,btc_qm_engine:btc_ptmc_accept,1.0000000000
METRIC,2026-04-17T23:02:35Z,17175651161737,2336,btc_qm_engine:btc_ptmc_rep_hot,6.0000000000
METRIC,2026-04-17T23:02:35Z,17175651211717,2336,btc_qm_engine:btc_ptmc_rep_cold,5.0000000000
METRIC,2026-04-17T23:02:35Z,17175651240257,2336,btc_qm_engine:btc_ptmc_accept,1.0000000000
METRIC,2026-04-17T23:02:35Z,17175651272017,2336,btc_qm_engine:btc_ptmc_rep_hot,7.0000000000
METRIC,2026-04-17T23:02:35Z,17175651299217,2336,btc_qm_engine:btc_ptmc_rep_cold,6.0000000000
METRIC,2026-04-17T23:02:35Z,17175651325897,2336,btc_qm_engine:btc_ptmc_accept,1.0000000000
METRIC,2026-04-17T23:02:35Z,17175753220455,2336,btc_qm_engine:btc_ptmc_rep_hot,1.0000000000
METRIC,2026-04-17T23:02:35Z,17175753341085,2336,btc_qm_engine:btc_ptmc_rep_cold,0.0000000000
METRIC,2026-04-17T23:02:35Z,17175753369975,2336,btc_qm_engine:btc_ptmc_accept,0.5134171190
METRIC,2026-04-17T23:02:35Z,17175753397915,2336,btc_qm_engine:btc_ptmc_rep_hot,2.0000000000
METRIC,2026-04-17T23:02:35Z,17175753424715,2336,btc_qm_engine:btc_ptmc_rep_cold,1.0000000000
METRIC,2026-04-17T23:02:35Z,17175753451175,2336,btc_qm_engine:btc_ptmc_accept,-0.7165313106
METRIC,2026-04-17T23:02:35Z,17175753477055,2336,btc_qm_engine:btc_ptmc_rep_hot,3.0000000000
METRIC,2026-04-17T23:02:35Z,17175753502015,2336,btc_qm_engine:btc_ptmc_rep_cold,2.0000000000
METRIC,2026-04-17T23:02:35Z,17175753527945,2336,btc_qm_engine:btc_ptmc_accept,1.0000000000
METRIC,2026-04-17T23:02:35Z,17175753554085,2336,btc_qm_engine:btc_ptmc_rep_hot,4.0000000000
METRIC,2026-04-17T23:02:35Z,17175753580365,2336,btc_qm_engine:btc_ptmc_rep_cold,3.0000000000
METRIC,2026-04-17T23:02:35Z,17175753607365,2336,btc_qm_engine:btc_ptmc_accept,1.0000000000
METRIC,2026-04-17T23:02:35Z,17175753634435,2336,btc_qm_engine:btc_ptmc_rep_hot,5.0000000000
METRIC,2026-04-17T23:02:35Z,17175753661255,2336,btc_qm_engine:btc_ptmc_rep_cold,4.0000000000
METRIC,2026-04-17T23:02:35Z,17175753688125,2336,btc_qm_engine:btc_ptmc_accept,1.0000000000
METRIC,2026-04-17T23:02:35Z,17175753714455,2336,btc_qm_engine:btc_ptmc_rep_hot,6.0000000000
METRIC,2026-04-17T23:02:35Z,17175753740875,2336,btc_qm_engine:btc_ptmc_rep_cold,5.0000000000
METRIC,2026-04-17T23:02:35Z,17175753767195,2336,btc_qm_engine:btc_ptmc_accept,1.0000000000
METRIC,2026-04-17T23:02:35Z,17175753794325,2336,btc_qm_engine:btc_ptmc_rep_hot,7.0000000000
METRIC,2026-04-17T23:02:35Z,17175753831525,2336,btc_qm_engine:btc_ptmc_rep_cold,6.0000000000
METRIC,2026-04-17T23:02:35Z,17175753866465,2336,btc_qm_engine:btc_ptmc_accept,1.0000000000
METRIC,2026-04-17T23:02:36Z,17175857099543,2336,btc_qm_engine:btc_ptmc_rep_hot,1.0000000000
METRIC,2026-04-17T23:02:36Z,17175857174953,2336,btc_qm_engine:btc_ptmc_rep_cold,0.0000000000
METRIC,2026-04-17T23:02:36Z,17175857201623,2336,btc_qm_engine:btc_ptmc_accept,-0.0694834512
METRIC,2026-04-17T23:02:36Z,17175857228283,2336,btc_qm_engine:btc_ptmc_rep_hot,2.0000000000
METRIC,2026-04-17T23:02:36Z,17175857253103,2336,btc_qm_engine:btc_ptmc_rep_cold,1.0000000000
METRIC,2026-04-17T23:02:36Z,17175857277523,2336,btc_qm_engine:btc_ptmc_accept,1.0000000000
METRIC,2026-04-17T23:02:36Z,17175857302073,2336,btc_qm_engine:btc_ptmc_rep_hot,3.0000000000
METRIC,2026-04-17T23:02:36Z,17175857326093,2336,btc_qm_engine:btc_ptmc_rep_cold,2.0000000000
METRIC,2026-04-17T23:02:36Z,17175857379693,2336,btc_qm_engine:btc_ptmc_accept,1.0000000000
METRIC,2026-04-17T23:02:36Z,17175857404143,2336,btc_qm_engine:btc_ptmc_rep_hot,4.0000000000
METRIC,2026-04-17T23:02:36Z,17175857428273,2336,btc_qm_engine:btc_ptmc_rep_cold,3.0000000000
METRIC,2026-04-17T23:02:36Z,17175857470873,2336,btc_qm_engine:btc_ptmc_accept,1.0000000000
METRIC,2026-04-17T23:02:36Z,17175857519043,2336,btc_qm_engine:btc_ptmc_rep_hot,5.0000000000
METRIC,2026-04-17T23:02:36Z,17175857545933,2336,btc_qm_engine:btc_ptmc_rep_cold,4.0000000000
METRIC,2026-04-17T23:02:36Z,17175857570133,2336,btc_qm_engine:btc_ptmc_accept,1.0000000000
METRIC,2026-04-17T23:02:36Z,17175857615873,2336,btc_qm_engine:btc_ptmc_rep_hot,6.0000000000
METRIC,2026-04-17T23:02:36Z,17175857640093,2336,btc_qm_engine:btc_ptmc_rep_cold,5.0000000000
METRIC,2026-04-17T23:02:36Z,17175857767163,2336,btc_qm_engine:btc_ptmc_accept,1.0000000000
METRIC,2026-04-17T23:02:36Z,17175857823243,2336,btc_qm_engine:btc_ptmc_rep_hot,7.0000000000
METRIC,2026-04-17T23:02:36Z,17175858072943,2336,btc_qm_engine:btc_ptmc_rep_cold,6.0000000000
METRIC,2026-04-17T23:02:36Z,17175858099013,2336,btc_qm_engine:btc_ptmc_accept,1.0000000000
METRIC,2026-04-17T23:02:36Z,17175969707891,2336,btc_qm_engine:btc_ptmc_rep_hot,1.0000000000
METRIC,2026-04-17T23:02:36Z,17175969798171,2336,btc_qm_engine:btc_ptmc_rep_cold,0.0000000000
METRIC,2026-04-17T23:02:36Z,17175969828971,2336,btc_qm_engine:btc_ptmc_accept,-0.5135063048
METRIC,2026-04-17T23:02:36Z,17175969858241,2336,btc_qm_engine:btc_ptmc_rep_hot,2.0000000000
METRIC,2026-04-17T23:02:36Z,17175969886061,2336,btc_qm_engine:btc_ptmc_rep_cold,1.0000000000
METRIC,2026-04-17T23:02:36Z,17175969911741,2336,btc_qm_engine:btc_ptmc_accept,1.0000000000
METRIC,2026-04-17T23:02:36Z,17175969936781,2336,btc_qm_engine:btc_ptmc_rep_hot,3.0000000000
METRIC,2026-04-17T23:02:36Z,17175969961951,2336,btc_qm_engine:btc_ptmc_rep_cold,2.0000000000
METRIC,2026-04-17T23:02:36Z,17175969989351,2336,btc_qm_engine:btc_ptmc_accept,1.0000000000
METRIC,2026-04-17T23:02:36Z,17175973116121,2336,btc_qm_engine:btc_ptmc_rep_hot,4.0000000000
METRIC,2026-04-17T23:02:36Z,17175973155261,2336,btc_qm_engine:btc_ptmc_rep_cold,3.0000000000
METRIC,2026-04-17T23:02:36Z,17175973187421,2336,btc_qm_engine:btc_ptmc_accept,1.0000000000
METRIC,2026-04-17T23:02:36Z,17175973223371,2336,btc_qm_engine:btc_ptmc_rep_hot,5.0000000000
METRIC,2026-04-17T23:02:36Z,17175973259331,2336,btc_qm_engine:btc_ptmc_rep_cold,4.0000000000
METRIC,2026-04-17T23:02:36Z,17175973290921,2336,btc_qm_engine:btc_ptmc_accept,1.0000000000
METRIC,2026-04-17T23:02:36Z,17175973315341,2336,btc_qm_engine:btc_ptmc_rep_hot,6.0000000000
METRIC,2026-04-17T23:02:36Z,17175973338881,2336,btc_qm_engine:btc_ptmc_rep_cold,5.0000000000
METRIC,2026-04-17T23:02:36Z,17175973366371,2336,btc_qm_engine:btc_ptmc_accept,1.0000000000
METRIC,2026-04-17T23:02:36Z,17175973394301,2336,btc_qm_engine:btc_ptmc_rep_hot,7.0000000000
METRIC,2026-04-17T23:02:36Z,17175973418201,2336,btc_qm_engine:btc_ptmc_rep_cold,6.0000000000
METRIC,2026-04-17T23:02:36Z,17175973445791,2336,btc_qm_engine:btc_ptmc_accept,1.0000000000
METRIC,2026-04-17T23:02:36Z,17176075516049,2336,btc_qm_engine:btc_ptmc_rep_hot,1.0000000000
METRIC,2026-04-17T23:02:36Z,17176075613129,2336,btc_qm_engine:btc_ptmc_rep_cold,0.0000000000
METRIC,2026-04-17T23:02:36Z,17176075649849,2336,btc_qm_engine:btc_ptmc_accept,0.0695919752
METRIC,2026-04-17T23:02:36Z,17176075678159,2336,btc_qm_engine:btc_ptmc_rep_hot,2.0000000000
METRIC,2026-04-17T23:02:36Z,17176075704049,2336,btc_qm_engine:btc_ptmc_rep_cold,1.0000000000
METRIC,2026-04-17T23:02:36Z,17176075729439,2336,btc_qm_engine:btc_ptmc_accept,-0.2635717218
METRIC,2026-04-17T23:02:36Z,17176075755399,2336,btc_qm_engine:btc_ptmc_rep_hot,3.0000000000
METRIC,2026-04-17T23:02:36Z,17176075781059,2336,btc_qm_engine:btc_ptmc_rep_cold,2.0000000000
METRIC,2026-04-17T23:02:36Z,17176075807009,2336,btc_qm_engine:btc_ptmc_accept,1.0000000000
METRIC,2026-04-17T23:02:36Z,17176078157589,2336,btc_qm_engine:btc_ptmc_rep_hot,4.0000000000
METRIC,2026-04-17T23:02:36Z,17176078278119,2336,btc_qm_engine:btc_ptmc_rep_cold,3.0000000000
METRIC,2026-04-17T23:02:36Z,17176078308779,2336,btc_qm_engine:btc_ptmc_accept,1.0000000000
METRIC,2026-04-17T23:02:36Z,17176078334669,2336,btc_qm_engine:btc_ptmc_rep_hot,5.0000000000
METRIC,2026-04-17T23:02:36Z,17176078360429,2336,btc_qm_engine:btc_ptmc_rep_cold,4.0000000000
METRIC,2026-04-17T23:02:36Z,17176078386089,2336,btc_qm_engine:btc_ptmc_accept,1.0000000000
METRIC,2026-04-17T23:02:36Z,17176078411739,2336,btc_qm_engine:btc_ptmc_rep_hot,6.0000000000
METRIC,2026-04-17T23:02:36Z,17176078438049,2336,btc_qm_engine:btc_ptmc_rep_cold,5.0000000000
METRIC,2026-04-17T23:02:36Z,17176078463639,2336,btc_qm_engine:btc_ptmc_accept,1.0000000000
METRIC,2026-04-17T23:02:36Z,17176078489179,2336,btc_qm_engine:btc_ptmc_rep_hot,7.0000000000
METRIC,2026-04-17T23:02:36Z,17176078514669,2336,btc_qm_engine:btc_ptmc_rep_cold,6.0000000000
METRIC,2026-04-17T23:02:36Z,17176078543319,2336,btc_qm_engine:btc_ptmc_accept,1.0000000000
METRIC,2026-04-17T23:02:36Z,17176180632457,2336,btc_qm_engine:btc_ptmc_rep_hot,1.0000000000
METRIC,2026-04-17T23:02:36Z,17176180728737,2336,btc_qm_engine:btc_ptmc_rep_cold,0.0000000000
METRIC,2026-04-17T23:02:36Z,17176180888307,2336,btc_qm_engine:btc_ptmc_accept,-0.2638537189
METRIC,2026-04-17T23:02:36Z,17176180934137,2336,btc_qm_engine:btc_ptmc_rep_hot,2.0000000000
METRIC,2026-04-17T23:02:36Z,17176180965927,2336,btc_qm_engine:btc_ptmc_rep_cold,1.0000000000
METRIC,2026-04-17T23:02:36Z,17176181053207,2336,btc_qm_engine:btc_ptmc_accept,1.0000000000
METRIC,2026-04-17T23:02:36Z,17176181104597,2336,btc_qm_engine:btc_ptmc_rep_hot,3.0000000000
METRIC,2026-04-17T23:02:36Z,17176181138407,2336,btc_qm_engine:btc_ptmc_rep_cold,2.0000000000
METRIC,2026-04-17T23:02:36Z,17176181170887,2336,btc_qm_engine:btc_ptmc_accept,1.0000000000
METRIC,2026-04-17T23:02:36Z,17176181202367,2336,btc_qm_engine:btc_ptmc_rep_hot,4.0000000000
METRIC,2026-04-17T23:02:36Z,17176181234257,2336,btc_qm_engine:btc_ptmc_rep_cold,3.0000000000
METRIC,2026-04-17T23:02:36Z,17176181262467,2336,btc_qm_engine:btc_ptmc_accept,1.0000000000
METRIC,2026-04-17T23:02:36Z,17176181295697,2336,btc_qm_engine:btc_ptmc_rep_hot,5.0000000000
METRIC,2026-04-17T23:02:36Z,17176181327627,2336,btc_qm_engine:btc_ptmc_rep_cold,4.0000000000
METRIC,2026-04-17T23:02:36Z,17176181537997,2336,btc_qm_engine:btc_ptmc_accept,1.0000000000
METRIC,2026-04-17T23:02:36Z,17176181571667,2336,btc_qm_engine:btc_ptmc_rep_hot,6.0000000000
METRIC,2026-04-17T23:02:36Z,17176181602097,2336,btc_qm_engine:btc_ptmc_rep_cold,5.0000000000
METRIC,2026-04-17T23:02:36Z,17176181633467,2336,btc_qm_engine:btc_ptmc_accept,1.0000000000
METRIC,2026-04-17T23:02:36Z,17176181665237,2336,btc_qm_engine:btc_ptmc_rep_hot,7.0000000000
METRIC,2026-04-17T23:02:36Z,17176181692517,2336,btc_qm_engine:btc_ptmc_rep_cold,6.0000000000
METRIC,2026-04-17T23:02:36Z,17176181723847,2336,btc_qm_engine:btc_ptmc_accept,1.0000000000
METRIC,2026-04-17T23:02:36Z,17176282542935,2336,btc_qm_engine:btc_ptmc_rep_hot,1.0000000000
METRIC,2026-04-17T23:02:36Z,17176282649655,2336,btc_qm_engine:btc_ptmc_rep_cold,0.0000000000
METRIC,2026-04-17T23:02:36Z,17176282679965,2336,btc_qm_engine:btc_ptmc_accept,1.0000000000
METRIC,2026-04-17T23:02:36Z,17176282715235,2336,btc_qm_engine:btc_ptmc_rep_hot,2.0000000000
METRIC,2026-04-17T23:02:36Z,17176282743115,2336,btc_qm_engine:btc_ptmc_rep_cold,1.0000000000
METRIC,2026-04-17T23:02:36Z,17176282770665,2336,btc_qm_engine:btc_ptmc_accept,-0.3679392123
METRIC,2026-04-17T23:02:36Z,17176282804145,2336,btc_qm_engine:btc_ptmc_rep_hot,3.0000000000
METRIC,2026-04-17T23:02:36Z,17176282831495,2336,btc_qm_engine:btc_ptmc_rep_cold,2.0000000000
METRIC,2026-04-17T23:02:36Z,17176282858975,2336,btc_qm_engine:btc_ptmc_accept,1.0000000000
METRIC,2026-04-17T23:02:36Z,17176282886505,2336,btc_qm_engine:btc_ptmc_rep_hot,4.0000000000
METRIC,2026-04-17T23:02:36Z,17176282913905,2336,btc_qm_engine:btc_ptmc_rep_cold,3.0000000000
METRIC,2026-04-17T23:02:36Z,17176282941115,2336,btc_qm_engine:btc_ptmc_accept,1.0000000000
METRIC,2026-04-17T23:02:36Z,17176282967895,2336,btc_qm_engine:btc_ptmc_rep_hot,5.0000000000
METRIC,2026-04-17T23:02:36Z,17176283037935,2336,btc_qm_engine:btc_ptmc_rep_cold,4.0000000000
METRIC,2026-04-17T23:02:36Z,17176283066365,2336,btc_qm_engine:btc_ptmc_accept,1.0000000000
METRIC,2026-04-17T23:02:36Z,17176283094245,2336,btc_qm_engine:btc_ptmc_rep_hot,6.0000000000
METRIC,2026-04-17T23:02:36Z,17176283122155,2336,btc_qm_engine:btc_ptmc_rep_cold,5.0000000000
METRIC,2026-04-17T23:02:36Z,17176283149625,2336,btc_qm_engine:btc_ptmc_accept,1.0000000000
METRIC,2026-04-17T23:02:36Z,17176283177345,2336,btc_qm_engine:btc_ptmc_rep_hot,7.0000000000
METRIC,2026-04-17T23:02:36Z,17176283211835,2336,btc_qm_engine:btc_ptmc_rep_cold,6.0000000000
METRIC,2026-04-17T23:02:36Z,17176283242395,2336,btc_qm_engine:btc_ptmc_accept,1.0000000000
METRIC,2026-04-17T23:02:36Z,17176384253973,2336,btc_qm_engine:btc_ptmc_rep_hot,1.0000000000
METRIC,2026-04-17T23:02:36Z,17176385713893,2336,btc_qm_engine:btc_ptmc_rep_cold,0.0000000000
METRIC,2026-04-17T23:02:36Z,17176385830163,2336,btc_qm_engine:btc_ptmc_accept,1.0000000000
METRIC,2026-04-17T23:02:36Z,17176385902373,2336,btc_qm_engine:btc_ptmc_rep_hot,2.0000000000
METRIC,2026-04-17T23:02:36Z,17176385956223,2336,btc_qm_engine:btc_ptmc_rep_cold,1.0000000000
METRIC,2026-04-17T23:02:36Z,17176386053103,2336,btc_qm_engine:btc_ptmc_accept,1.0000000000
METRIC,2026-04-17T23:02:36Z,17176386112563,2336,btc_qm_engine:btc_ptmc_rep_hot,3.0000000000
METRIC,2026-04-17T23:02:36Z,17176386152943,2336,btc_qm_engine:btc_ptmc_rep_cold,2.0000000000
METRIC,2026-04-17T23:02:36Z,17176386189713,2336,btc_qm_engine:btc_ptmc_accept,1.0000000000
METRIC,2026-04-17T23:02:36Z,17176386242653,2336,btc_qm_engine:btc_ptmc_rep_hot,4.0000000000
METRIC,2026-04-17T23:02:36Z,17176386288953,2336,btc_qm_engine:btc_ptmc_rep_cold,3.0000000000
METRIC,2026-04-17T23:02:36Z,17176386459363,2336,btc_qm_engine:btc_ptmc_accept,1.0000000000
METRIC,2026-04-17T23:02:36Z,17176386511373,2336,btc_qm_engine:btc_ptmc_rep_hot,5.0000000000
METRIC,2026-04-17T23:02:36Z,17176386562253,2336,btc_qm_engine:btc_ptmc_rep_cold,4.0000000000
METRIC,2026-04-17T23:02:36Z,17176386606193,2336,btc_qm_engine:btc_ptmc_accept,1.0000000000
METRIC,2026-04-17T23:02:36Z,17176386643363,2336,btc_qm_engine:btc_ptmc_rep_hot,6.0000000000
METRIC,2026-04-17T23:02:36Z,17176386678983,2336,btc_qm_engine:btc_ptmc_rep_cold,5.0000000000
METRIC,2026-04-17T23:02:36Z,17176386714583,2336,btc_qm_engine:btc_ptmc_accept,1.0000000000
METRIC,2026-04-17T23:02:36Z,17176386750163,2336,btc_qm_engine:btc_ptmc_rep_hot,7.0000000000
METRIC,2026-04-17T23:02:36Z,17176386786473,2336,btc_qm_engine:btc_ptmc_rep_cold,6.0000000000
METRIC,2026-04-17T23:02:36Z,17176386822123,2336,btc_qm_engine:btc_ptmc_accept,1.0000000000
METRIC,2026-04-17T23:02:36Z,17176485452841,2336,btc_qm_engine:btc_ptmc_rep_hot,1.0000000000
METRIC,2026-04-17T23:02:36Z,17176485541141,2336,btc_qm_engine:btc_ptmc_rep_cold,0.0000000000
METRIC,2026-04-17T23:02:36Z,17176485568281,2336,btc_qm_engine:btc_ptmc_accept,0.5134171190
METRIC,2026-04-17T23:02:36Z,17176485604201,2336,btc_qm_engine:btc_ptmc_rep_hot,2.0000000000
METRIC,2026-04-17T23:02:36Z,17176485629241,2336,btc_qm_engine:btc_ptmc_rep_cold,1.0000000000
METRIC,2026-04-17T23:02:36Z,17176485651781,2336,btc_qm_engine:btc_ptmc_accept,0.7165313106
METRIC,2026-04-17T23:02:36Z,17176485678281,2336,btc_qm_engine:btc_ptmc_rep_hot,3.0000000000
METRIC,2026-04-17T23:02:36Z,17176485702041,2336,btc_qm_engine:btc_ptmc_rep_cold,2.0000000000
METRIC,2026-04-17T23:02:36Z,17176485737761,2336,btc_qm_engine:btc_ptmc_accept,0.8464817249
METRIC,2026-04-17T23:02:36Z,17176485774111,2336,btc_qm_engine:btc_ptmc_rep_hot,4.0000000000
METRIC,2026-04-17T23:02:36Z,17176485799461,2336,btc_qm_engine:btc_ptmc_rep_cold,3.0000000000
METRIC,2026-04-17T23:02:36Z,17176490181211,2336,btc_qm_engine:btc_ptmc_accept,0.9048374180
METRIC,2026-04-17T23:02:36Z,17176490239171,2336,btc_qm_engine:btc_ptmc_rep_hot,5.0000000000
METRIC,2026-04-17T23:02:36Z,17176490288161,2336,btc_qm_engine:btc_ptmc_rep_cold,4.0000000000
METRIC,2026-04-17T23:02:36Z,17176490334481,2336,btc_qm_engine:btc_ptmc_accept,0.9394130628
METRIC,2026-04-17T23:02:36Z,17176490379621,2336,btc_qm_engine:btc_ptmc_rep_hot,6.0000000000
METRIC,2026-04-17T23:02:36Z,17176490479631,2336,btc_qm_engine:btc_ptmc_rep_cold,5.0000000000
METRIC,2026-04-17T23:02:36Z,17176490525341,2336,btc_qm_engine:btc_ptmc_accept,0.9642895790
METRIC,2026-04-17T23:02:36Z,17176490562711,2336,btc_qm_engine:btc_ptmc_rep_hot,7.0000000000
METRIC,2026-04-17T23:02:36Z,17176490598781,2336,btc_qm_engine:btc_ptmc_rep_cold,6.0000000000
METRIC,2026-04-17T23:02:36Z,17176490639791,2336,btc_qm_engine:btc_ptmc_accept,0.9767452464
METRIC,2026-04-17T23:02:36Z,17176588648299,2336,btc_qm_engine:btc_ptmc_rep_hot,1.0000000000
METRIC,2026-04-17T23:02:36Z,17176588790779,2336,btc_qm_engine:btc_ptmc_rep_cold,0.0000000000
METRIC,2026-04-17T23:02:36Z,17176588865649,2336,btc_qm_engine:btc_ptmc_accept,1.0000000000
METRIC,2026-04-17T23:02:36Z,17176588935129,2336,btc_qm_engine:btc_ptmc_rep_hot,2.0000000000
METRIC,2026-04-17T23:02:36Z,17176588991409,2336,btc_qm_engine:btc_ptmc_rep_cold,1.0000000000
METRIC,2026-04-17T23:02:36Z,17176589099529,2336,btc_qm_engine:btc_ptmc_accept,1.0000000000
METRIC,2026-04-17T23:02:36Z,17176589190969,2336,btc_qm_engine:btc_ptmc_rep_hot,3.0000000000
METRIC,2026-04-17T23:02:36Z,17176589261899,2336,btc_qm_engine:btc_ptmc_rep_cold,2.0000000000
METRIC,2026-04-17T23:02:36Z,17176590405679,2336,btc_qm_engine:btc_ptmc_accept,1.0000000000
METRIC,2026-04-17T23:02:36Z,17176590502459,2336,btc_qm_engine:btc_ptmc_rep_hot,4.0000000000
METRIC,2026-04-17T23:02:36Z,17176590596859,2336,btc_qm_engine:btc_ptmc_rep_cold,3.0000000000
METRIC,2026-04-17T23:02:36Z,17176590656379,2336,btc_qm_engine:btc_ptmc_accept,1.0000000000
METRIC,2026-04-17T23:02:36Z,17176590705259,2336,btc_qm_engine:btc_ptmc_rep_hot,5.0000000000
METRIC,2026-04-17T23:02:36Z,17176590743349,2336,btc_qm_engine:btc_ptmc_rep_cold,4.0000000000
METRIC,2026-04-17T23:02:36Z,17176590816589,2336,btc_qm_engine:btc_ptmc_accept,1.0000000000
METRIC,2026-04-17T23:02:36Z,17176590894929,2336,btc_qm_engine:btc_ptmc_rep_hot,6.0000000000
METRIC,2026-04-17T23:02:36Z,17176590956049,2336,btc_qm_engine:btc_ptmc_rep_cold,5.0000000000
METRIC,2026-04-17T23:02:36Z,17176590997839,2336,btc_qm_engine:btc_ptmc_accept,1.0000000000
METRIC,2026-04-17T23:02:36Z,17176591115019,2336,btc_qm_engine:btc_ptmc_rep_hot,7.0000000000
METRIC,2026-04-17T23:02:36Z,17176591155369,2336,btc_qm_engine:btc_ptmc_rep_cold,6.0000000000
METRIC,2026-04-17T23:02:36Z,17176591218329,2336,btc_qm_engine:btc_ptmc_accept,1.0000000000
METRIC,2026-04-17T23:02:36Z,17176689697667,2336,btc_qm_engine:btc_ptmc_rep_hot,1.0000000000
METRIC,2026-04-17T23:02:36Z,17176689781457,2336,btc_qm_engine:btc_ptmc_rep_cold,0.0000000000
METRIC,2026-04-17T23:02:36Z,17176689810717,2336,btc_qm_engine:btc_ptmc_accept,1.0000000000
METRIC,2026-04-17T23:02:36Z,17176689842667,2336,btc_qm_engine:btc_ptmc_rep_hot,2.0000000000
METRIC,2026-04-17T23:02:36Z,17176689876467,2336,btc_qm_engine:btc_ptmc_rep_cold,1.0000000000
METRIC,2026-04-17T23:02:36Z,17176689918047,2336,btc_qm_engine:btc_ptmc_accept,0.7164924961
METRIC,2026-04-17T23:02:36Z,17176690052477,2336,btc_qm_engine:btc_ptmc_rep_hot,3.0000000000
METRIC,2026-04-17T23:02:36Z,17176690104307,2336,btc_qm_engine:btc_ptmc_rep_cold,2.0000000000
METRIC,2026-04-17T23:02:36Z,17176690138627,2336,btc_qm_engine:btc_ptmc_accept,0.8464702621
METRIC,2026-04-17T23:02:36Z,17176690172157,2336,btc_qm_engine:btc_ptmc_rep_hot,4.0000000000
METRIC,2026-04-17T23:02:36Z,17176690203077,2336,btc_qm_engine:btc_ptmc_rep_cold,3.0000000000
METRIC,2026-04-17T23:02:36Z,17176690236417,2336,btc_qm_engine:btc_ptmc_accept,0.9048330071
METRIC,2026-04-17T23:02:36Z,17176690265937,2336,btc_qm_engine:btc_ptmc_rep_hot,5.0000000000
METRIC,2026-04-17T23:02:36Z,17176690297877,2336,btc_qm_engine:btc_ptmc_rep_cold,4.0000000000
METRIC,2026-04-17T23:02:36Z,17176690413027,2336,btc_qm_engine:btc_ptmc_accept,0.9394112740
METRIC,2026-04-17T23:02:36Z,17176690448417,2336,btc_qm_engine:btc_ptmc_rep_hot,6.0000000000
METRIC,2026-04-17T23:02:36Z,17176690476217,2336,btc_qm_engine:btc_ptmc_rep_cold,5.0000000000
METRIC,2026-04-17T23:02:36Z,17176690503997,2336,btc_qm_engine:btc_ptmc_accept,1.0000000000
METRIC,2026-04-17T23:02:36Z,17176690557777,2336,btc_qm_engine:btc_ptmc_rep_hot,7.0000000000
METRIC,2026-04-17T23:02:36Z,17176690587617,2336,btc_qm_engine:btc_ptmc_rep_cold,6.0000000000
METRIC,2026-04-17T23:02:36Z,17176690616197,2336,btc_qm_engine:btc_ptmc_accept,0.9767447714
METRIC,2026-04-17T23:02:36Z,17176793054975,2336,btc_qm_engine:btc_ptmc_rep_hot,1.0000000000
METRIC,2026-04-17T23:02:36Z,17176793150595,2336,btc_qm_engine:btc_ptmc_rep_cold,0.0000000000
METRIC,2026-04-17T23:02:36Z,17176793179875,2336,btc_qm_engine:btc_ptmc_accept,1.0000000000
METRIC,2026-04-17T23:02:36Z,17176793224945,2336,btc_qm_engine:btc_ptmc_rep_hot,2.0000000000
METRIC,2026-04-17T23:02:36Z,17176793257435,2336,btc_qm_engine:btc_ptmc_rep_cold,1.0000000000
METRIC,2026-04-17T23:02:36Z,17176793293225,2336,btc_qm_engine:btc_ptmc_accept,-0.5133923664
METRIC,2026-04-17T23:02:36Z,17176793325805,2336,btc_qm_engine:btc_ptmc_rep_hot,3.0000000000
METRIC,2026-04-17T23:02:36Z,17176793358425,2336,btc_qm_engine:btc_ptmc_rep_cold,2.0000000000
METRIC,2026-04-17T23:02:36Z,17176793385355,2336,btc_qm_engine:btc_ptmc_accept,1.0000000000
METRIC,2026-04-17T23:02:36Z,17176793415335,2336,btc_qm_engine:btc_ptmc_rep_hot,4.0000000000
METRIC,2026-04-17T23:02:36Z,17176793444285,2336,btc_qm_engine:btc_ptmc_rep_cold,3.0000000000
METRIC,2026-04-17T23:02:36Z,17176793471305,2336,btc_qm_engine:btc_ptmc_accept,1.0000000000
METRIC,2026-04-17T23:02:36Z,17176793502185,2336,btc_qm_engine:btc_ptmc_rep_hot,5.0000000000
METRIC,2026-04-17T23:02:36Z,17176793529365,2336,btc_qm_engine:btc_ptmc_rep_cold,4.0000000000
METRIC,2026-04-17T23:02:36Z,17176793558275,2336,btc_qm_engine:btc_ptmc_accept,1.0000000000
METRIC,2026-04-17T23:02:36Z,17176793585305,2336,btc_qm_engine:btc_ptmc_rep_hot,6.0000000000
METRIC,2026-04-17T23:02:36Z,17176793614105,2336,btc_qm_engine:btc_ptmc_rep_cold,5.0000000000
METRIC,2026-04-17T23:02:36Z,17176793641015,2336,btc_qm_engine:btc_ptmc_accept,1.0000000000
METRIC,2026-04-17T23:02:36Z,17176793667685,2336,btc_qm_engine:btc_ptmc_rep_hot,7.0000000000
METRIC,2026-04-17T23:02:36Z,17176793706985,2336,btc_qm_engine:btc_ptmc_rep_cold,6.0000000000
METRIC,2026-04-17T23:02:36Z,17176793741815,2336,btc_qm_engine:btc_ptmc_accept,1.0000000000
METRIC,2026-04-17T23:02:37Z,17176897074423,2336,btc_qm_engine:btc_ptmc_rep_hot,1.0000000000
METRIC,2026-04-17T23:02:37Z,17176897156043,2336,btc_qm_engine:btc_ptmc_rep_cold,0.0000000000
METRIC,2026-04-17T23:02:37Z,17176897183633,2336,btc_qm_engine:btc_ptmc_accept,1.0000000000
METRIC,2026-04-17T23:02:37Z,17176897215633,2336,btc_qm_engine:btc_ptmc_rep_hot,2.0000000000
METRIC,2026-04-17T23:02:37Z,17176897245003,2336,btc_qm_engine:btc_ptmc_rep_cold,1.0000000000
METRIC,2026-04-17T23:02:37Z,17176897270273,2336,btc_qm_engine:btc_ptmc_accept,0.7165485813
METRIC,2026-04-17T23:02:37Z,17176897302323,2336,btc_qm_engine:btc_ptmc_rep_hot,3.0000000000
METRIC,2026-04-17T23:02:37Z,17176897327563,2336,btc_qm_engine:btc_ptmc_rep_cold,2.0000000000
METRIC,2026-04-17T23:02:37Z,17176897352493,2336,btc_qm_engine:btc_ptmc_accept,-0.8464868258
METRIC,2026-04-17T23:02:37Z,17176897378183,2336,btc_qm_engine:btc_ptmc_rep_hot,4.0000000000
METRIC,2026-04-17T23:02:37Z,17176897405523,2336,btc_qm_engine:btc_ptmc_rep_cold,3.0000000000
METRIC,2026-04-17T23:02:37Z,17176897430733,2336,btc_qm_engine:btc_ptmc_accept,1.0000000000
METRIC,2026-04-17T23:02:37Z,17176897456593,2336,btc_qm_engine:btc_ptmc_rep_hot,5.0000000000
METRIC,2026-04-17T23:02:37Z,17176897483993,2336,btc_qm_engine:btc_ptmc_rep_cold,4.0000000000
METRIC,2026-04-17T23:02:37Z,17176897509053,2336,btc_qm_engine:btc_ptmc_accept,1.0000000000
METRIC,2026-04-17T23:02:37Z,17176897546833,2336,btc_qm_engine:btc_ptmc_rep_hot,6.0000000000
METRIC,2026-04-17T23:02:37Z,17176897579723,2336,btc_qm_engine:btc_ptmc_rep_cold,5.0000000000
METRIC,2026-04-17T23:02:37Z,17176897604823,2336,btc_qm_engine:btc_ptmc_accept,1.0000000000
METRIC,2026-04-17T23:02:37Z,17176897632533,2336,btc_qm_engine:btc_ptmc_rep_hot,7.0000000000
METRIC,2026-04-17T23:02:37Z,17176897657853,2336,btc_qm_engine:btc_ptmc_rep_cold,6.0000000000
METRIC,2026-04-17T23:02:37Z,17176897682933,2336,btc_qm_engine:btc_ptmc_accept,1.0000000000
METRIC,2026-04-17T23:02:37Z,17176998226511,2336,btc_qm_engine:btc_ptmc_rep_hot,1.0000000000
METRIC,2026-04-17T23:02:37Z,17176998306901,2336,btc_qm_engine:btc_ptmc_rep_cold,0.0000000000
METRIC,2026-04-17T23:02:37Z,17176998337131,2336,btc_qm_engine:btc_ptmc_accept,1.0000000000
METRIC,2026-04-17T23:02:37Z,17176998362651,2336,btc_qm_engine:btc_ptmc_rep_hot,2.0000000000
METRIC,2026-04-17T23:02:37Z,17176998389601,2336,btc_qm_engine:btc_ptmc_rep_cold,1.0000000000
METRIC,2026-04-17T23:02:37Z,17176998417371,2336,btc_qm_engine:btc_ptmc_accept,1.0000000000
METRIC,2026-04-17T23:02:37Z,17176998443151,2336,btc_qm_engine:btc_ptmc_rep_hot,3.0000000000
METRIC,2026-04-17T23:02:37Z,17176998468851,2336,btc_qm_engine:btc_ptmc_rep_cold,2.0000000000
METRIC,2026-04-17T23:02:37Z,17176998495851,2336,btc_qm_engine:btc_ptmc_accept,1.0000000000
METRIC,2026-04-17T23:02:37Z,17176998523031,2336,btc_qm_engine:btc_ptmc_rep_hot,4.0000000000
METRIC,2026-04-17T23:02:37Z,17176998547861,2336,btc_qm_engine:btc_ptmc_rep_cold,3.0000000000
METRIC,2026-04-17T23:02:37Z,17176998573051,2336,btc_qm_engine:btc_ptmc_accept,1.0000000000
METRIC,2026-04-17T23:02:37Z,17176998611721,2336,btc_qm_engine:btc_ptmc_rep_hot,5.0000000000
METRIC,2026-04-17T23:02:37Z,17176998641731,2336,btc_qm_engine:btc_ptmc_rep_cold,4.0000000000
METRIC,2026-04-17T23:02:37Z,17176998667591,2336,btc_qm_engine:btc_ptmc_accept,1.0000000000
METRIC,2026-04-17T23:02:37Z,17176998694801,2336,btc_qm_engine:btc_ptmc_rep_hot,6.0000000000
METRIC,2026-04-17T23:02:37Z,17176998719751,2336,btc_qm_engine:btc_ptmc_rep_cold,5.0000000000
METRIC,2026-04-17T23:02:37Z,17176998744531,2336,btc_qm_engine:btc_ptmc_accept,1.0000000000
METRIC,2026-04-17T23:02:37Z,17176998772141,2336,btc_qm_engine:btc_ptmc_rep_hot,7.0000000000
METRIC,2026-04-17T23:02:37Z,17176998796891,2336,btc_qm_engine:btc_ptmc_rep_cold,6.0000000000
METRIC,2026-04-17T23:02:37Z,17176998820411,2336,btc_qm_engine:btc_ptmc_accept,1.0000000000
METRIC,2026-04-17T23:02:37Z,17177098323409,2336,btc_qm_engine:btc_ptmc_rep_hot,1.0000000000
METRIC,2026-04-17T23:02:37Z,17177099093479,2336,btc_qm_engine:btc_ptmc_rep_cold,0.0000000000
METRIC,2026-04-17T23:02:37Z,17177099126419,2336,btc_qm_engine:btc_ptmc_accept,1.0000000000
METRIC,2026-04-17T23:02:37Z,17177099163499,2336,btc_qm_engine:btc_ptmc_rep_hot,2.0000000000
METRIC,2026-04-17T23:02:37Z,17177099196419,2336,btc_qm_engine:btc_ptmc_rep_cold,1.0000000000
METRIC,2026-04-17T23:02:37Z,17177099225669,2336,btc_qm_engine:btc_ptmc_accept,1.0000000000
METRIC,2026-04-17T23:02:37Z,17177099254529,2336,btc_qm_engine:btc_ptmc_rep_hot,3.0000000000
METRIC,2026-04-17T23:02:37Z,17177099280659,2336,btc_qm_engine:btc_ptmc_rep_cold,2.0000000000
METRIC,2026-04-17T23:02:37Z,17177099307849,2336,btc_qm_engine:btc_ptmc_accept,0.8464909161
METRIC,2026-04-17T23:02:37Z,17177099336209,2336,btc_qm_engine:btc_ptmc_rep_hot,4.0000000000
METRIC,2026-04-17T23:02:37Z,17177099361959,2336,btc_qm_engine:btc_ptmc_rep_cold,3.0000000000
METRIC,2026-04-17T23:02:37Z,17177099387919,2336,btc_qm_engine:btc_ptmc_accept,1.0000000000
METRIC,2026-04-17T23:02:37Z,17177099414709,2336,btc_qm_engine:btc_ptmc_rep_hot,5.0000000000
METRIC,2026-04-17T23:02:37Z,17177099439059,2336,btc_qm_engine:btc_ptmc_rep_cold,4.0000000000
METRIC,2026-04-17T23:02:37Z,17177099464129,2336,btc_qm_engine:btc_ptmc_accept,0.9394144973
METRIC,2026-04-17T23:02:37Z,17177099495679,2336,btc_qm_engine:btc_ptmc_rep_hot,6.0000000000
METRIC,2026-04-17T23:02:37Z,17177099522809,2336,btc_qm_engine:btc_ptmc_rep_cold,5.0000000000
METRIC,2026-04-17T23:02:37Z,17177099553059,2336,btc_qm_engine:btc_ptmc_accept,0.9642900774
METRIC,2026-04-17T23:02:37Z,17177099583779,2336,btc_qm_engine:btc_ptmc_rep_hot,7.0000000000
METRIC,2026-04-17T23:02:37Z,17177099610159,2336,btc_qm_engine:btc_ptmc_rep_cold,6.0000000000
METRIC,2026-04-17T23:02:37Z,17177099639609,2336,btc_qm_engine:btc_ptmc_accept,0.9767452464
METRIC,2026-04-17T23:02:37Z,17177198931367,2336,btc_qm_engine:btc_hashrate_mhs,0.6901871082
METRIC,2026-04-17T23:02:37Z,17177199434647,2336,btc_qm_engine:btc_hashrate_thread_id,1.0000000000
METRIC,2026-04-17T23:02:37Z,17177201196027,2336,btc_qm_engine:btc_ptmc_rep_hot,1.0000000000
METRIC,2026-04-17T23:02:37Z,17177201257347,2336,btc_qm_engine:btc_ptmc_rep_cold,0.0000000000
METRIC,2026-04-17T23:02:37Z,17177201289447,2336,btc_qm_engine:btc_ptmc_accept,1.0000000000
METRIC,2026-04-17T23:02:37Z,17177201324567,2336,btc_qm_engine:btc_ptmc_rep_hot,2.0000000000
METRIC,2026-04-17T23:02:37Z,17177201400527,2336,btc_qm_engine:btc_ptmc_rep_cold,1.0000000000
METRIC,2026-04-17T23:02:37Z,17177201427387,2336,btc_qm_engine:btc_ptmc_accept,1.0000000000
METRIC,2026-04-17T23:02:37Z,17177201454357,2336,btc_qm_engine:btc_ptmc_rep_hot,3.0000000000
METRIC,2026-04-17T23:02:37Z,17177201484377,2336,btc_qm_engine:btc_ptmc_rep_cold,2.0000000000
METRIC,2026-04-17T23:02:37Z,17177201516087,2336,btc_qm_engine:btc_ptmc_accept,1.0000000000
METRIC,2026-04-17T23:02:37Z,17177201547287,2336,btc_qm_engine:btc_ptmc_rep_hot,4.0000000000
METRIC,2026-04-17T23:02:37Z,17177201573477,2336,btc_qm_engine:btc_ptmc_rep_cold,3.0000000000
METRIC,2026-04-17T23:02:37Z,17177201603187,2336,btc_qm_engine:btc_ptmc_accept,1.0000000000
METRIC,2026-04-17T23:02:37Z,17177201626577,2336,btc_qm_engine:btc_ptmc_rep_hot,5.0000000000
METRIC,2026-04-17T23:02:37Z,17177201646387,2336,btc_qm_engine:btc_ptmc_rep_cold,4.0000000000
METRIC,2026-04-17T23:02:37Z,17177201666227,2336,btc_qm_engine:btc_ptmc_accept,1.0000000000
METRIC,2026-04-17T23:02:37Z,17177201686067,2336,btc_qm_engine:btc_ptmc_rep_hot,6.0000000000
METRIC,2026-04-17T23:02:37Z,17177201705777,2336,btc_qm_engine:btc_ptmc_rep_cold,5.0000000000
METRIC,2026-04-17T23:02:37Z,17177201725287,2336,btc_qm_engine:btc_ptmc_accept,1.0000000000
METRIC,2026-04-17T23:02:37Z,17177201744847,2336,btc_qm_engine:btc_ptmc_rep_hot,7.0000000000
METRIC,2026-04-17T23:02:37Z,17177201771257,2336,btc_qm_engine:btc_ptmc_rep_cold,6.0000000000
METRIC,2026-04-17T23:02:37Z,17177201790827,2336,btc_qm_engine:btc_ptmc_accept,1.0000000000
METRIC,2026-04-17T23:02:37Z,17177230642306,2336,btc_qm_engine:btc_nx48_stall_count,2.0000000000
METRIC,2026-04-17T23:02:37Z,17177230728397,2336,btc_qm_engine:btc_nx48_delta_nonce_old,48.4524754291
METRIC,2026-04-17T23:02:37Z,17177230759627,2336,btc_qm_engine:btc_nx48_delta_nonce_new,46.5800133356
METRIC,2026-04-17T23:02:37Z,17177230787257,2336,btc_qm_engine:btc_nx48_batch_old,4.0000000000
METRIC,2026-04-17T23:02:37Z,17177230818077,2336,btc_qm_engine:btc_nx48_batch_new,4.0000000000
METRIC,2026-04-17T23:02:37Z,17177230844067,2336,btc_qm_engine:btc_nx48_loss,0.3181614290
METRIC,2026-04-17T23:02:37Z,17177230871817,2336,btc_qm_engine:btc_nx48_grad_norm,0.0666351252
METRIC,2026-04-17T23:02:37Z,17177230897877,2336,btc_qm_engine:btc_nx48_update_count,3263.0000000000
METRIC,2026-04-17T23:02:37Z,17177230925007,2336,btc_qm_engine:btc_nx48_exploration_bias,0.9470406985
METRIC,2026-04-17T23:02:37Z,17177230951907,2336,btc_qm_engine:btc_nx48_dual_blend,0.2000000000
METRIC,2026-04-17T23:02:37Z,17177230978297,2336,btc_qm_engine:btc_hashrate_mhs,0.6902138819
METRIC,2026-04-17T23:02:37Z,17177231021557,2336,btc_qm_engine:btc_hashrate_thread_id,0.0000000000
METRIC,2026-04-17T23:02:37Z,17177301247275,2336,btc_qm_engine:btc_ptmc_rep_hot,1.0000000000
METRIC,2026-04-17T23:02:37Z,17177301330625,2336,btc_qm_engine:btc_ptmc_rep_cold,0.0000000000
METRIC,2026-04-17T23:02:37Z,17177301354005,2336,btc_qm_engine:btc_ptmc_accept,0.5134171190
METRIC,2026-04-17T23:02:37Z,17177301381325,2336,btc_qm_engine:btc_ptmc_rep_hot,2.0000000000
METRIC,2026-04-17T23:02:37Z,17177301411845,2336,btc_qm_engine:btc_ptmc_rep_cold,1.0000000000
METRIC,2026-04-17T23:02:37Z,17177301488315,2336,btc_qm_engine:btc_ptmc_accept,0.7165001846
METRIC,2026-04-17T23:02:37Z,17177301528495,2336,btc_qm_engine:btc_ptmc_rep_hot,3.0000000000
METRIC,2026-04-17T23:02:37Z,17177301560665,2336,btc_qm_engine:btc_ptmc_rep_cold,2.0000000000
METRIC,2026-04-17T23:02:37Z,17177301594275,2336,btc_qm_engine:btc_ptmc_accept,0.7165157484
METRIC,2026-04-17T23:02:37Z,17177301620375,2336,btc_qm_engine:btc_ptmc_rep_hot,4.0000000000
METRIC,2026-04-17T23:02:37Z,17177301649215,2336,btc_qm_engine:btc_ptmc_rep_cold,3.0000000000
METRIC,2026-04-17T23:02:37Z,17177301674865,2336,btc_qm_engine:btc_ptmc_accept,0.8187243518
METRIC,2026-04-17T23:02:37Z,17177301700695,2336,btc_qm_engine:btc_ptmc_rep_hot,5.0000000000
METRIC,2026-04-17T23:02:37Z,17177301726375,2336,btc_qm_engine:btc_ptmc_rep_cold,4.0000000000
METRIC,2026-04-17T23:02:37Z,17177301752675,2336,btc_qm_engine:btc_ptmc_accept,0.8824942074
METRIC,2026-04-17T23:02:37Z,17177301778775,2336,btc_qm_engine:btc_ptmc_rep_hot,6.0000000000
METRIC,2026-04-17T23:02:37Z,17177301806175,2336,btc_qm_engine:btc_ptmc_rep_cold,5.0000000000
METRIC,2026-04-17T23:02:37Z,17177301833285,2336,btc_qm_engine:btc_ptmc_accept,0.9642890805
METRIC,2026-04-17T23:02:37Z,17177301859435,2336,btc_qm_engine:btc_ptmc_rep_hot,7.0000000000
METRIC,2026-04-17T23:02:37Z,17177301884635,2336,btc_qm_engine:btc_ptmc_rep_cold,6.0000000000
METRIC,2026-04-17T23:02:37Z,17177301908635,2336,btc_qm_engine:btc_ptmc_accept,0.9540308635
METRIC,2026-04-17T23:02:37Z,17177402177363,2336,btc_qm_engine:btc_ptmc_rep_hot,1.0000000000
METRIC,2026-04-17T23:02:37Z,17177402246333,2336,btc_qm_engine:btc_ptmc_rep_cold,0.0000000000
METRIC,2026-04-17T23:02:37Z,17177402274683,2336,btc_qm_engine:btc_ptmc_accept,-0.1354058228
METRIC,2026-04-17T23:02:37Z,17177402302673,2336,btc_qm_engine:btc_ptmc_rep_hot,2.0000000000
METRIC,2026-04-17T23:02:37Z,17177402329683,2336,btc_qm_engine:btc_ptmc_rep_cold,1.0000000000
METRIC,2026-04-17T23:02:37Z,17177402360433,2336,btc_qm_engine:btc_ptmc_accept,1.0000000000
METRIC,2026-04-17T23:02:37Z,17177402395603,2336,btc_qm_engine:btc_ptmc_rep_hot,3.0000000000
METRIC,2026-04-17T23:02:37Z,17177402423963,2336,btc_qm_engine:btc_ptmc_rep_cold,2.0000000000
METRIC,2026-04-17T23:02:37Z,17177402452843,2336,btc_qm_engine:btc_ptmc_accept,1.0000000000
METRIC,2026-04-17T23:02:37Z,17177402483013,2336,btc_qm_engine:btc_ptmc_rep_hot,4.0000000000
METRIC,2026-04-17T23:02:37Z,17177402512493,2336,btc_qm_engine:btc_ptmc_rep_cold,3.0000000000
METRIC,2026-04-17T23:02:37Z,17177402542043,2336,btc_qm_engine:btc_ptmc_accept,1.0000000000
METRIC,2026-04-17T23:02:37Z,17177402573453,2336,btc_qm_engine:btc_ptmc_rep_hot,5.0000000000
METRIC,2026-04-17T23:02:37Z,17177402594993,2336,btc_qm_engine:btc_ptmc_rep_cold,4.0000000000
METRIC,2026-04-17T23:02:37Z,17177402615703,2336,btc_qm_engine:btc_ptmc_accept,1.0000000000
METRIC,2026-04-17T23:02:37Z,17177402636483,2336,btc_qm_engine:btc_ptmc_rep_hot,6.0000000000
METRIC,2026-04-17T23:02:37Z,17177402656983,2336,btc_qm_engine:btc_ptmc_rep_cold,5.0000000000
METRIC,2026-04-17T23:02:37Z,17177402677543,2336,btc_qm_engine:btc_ptmc_accept,1.0000000000
METRIC,2026-04-17T23:02:37Z,17177402698113,2336,btc_qm_engine:btc_ptmc_rep_hot,7.0000000000
METRIC,2026-04-17T23:02:37Z,17177402726563,2336,btc_qm_engine:btc_ptmc_rep_cold,6.0000000000
METRIC,2026-04-17T23:02:37Z,17177402759343,2336,btc_qm_engine:btc_ptmc_accept,1.0000000000
METRIC,2026-04-17T23:02:37Z,17177503118091,2336,btc_qm_engine:btc_ptmc_rep_hot,1.0000000000
METRIC,2026-04-17T23:02:37Z,17177503205801,2336,btc_qm_engine:btc_ptmc_rep_cold,0.0000000000
METRIC,2026-04-17T23:02:37Z,17177503236381,2336,btc_qm_engine:btc_ptmc_accept,1.0000000000
METRIC,2026-04-17T23:02:37Z,17177503310111,2336,btc_qm_engine:btc_ptmc_rep_hot,2.0000000000
METRIC,2026-04-17T23:02:37Z,17177503340961,2336,btc_qm_engine:btc_ptmc_rep_cold,1.0000000000
METRIC,2026-04-17T23:02:37Z,17177503372861,2336,btc_qm_engine:btc_ptmc_accept,-0.3678528374
METRIC,2026-04-17T23:02:37Z,17177503405551,2336,btc_qm_engine:btc_ptmc_rep_hot,3.0000000000
METRIC,2026-04-17T23:02:37Z,17177503439791,2336,btc_qm_engine:btc_ptmc_rep_cold,2.0000000000
METRIC,2026-04-17T23:02:37Z,17177503467351,2336,btc_qm_engine:btc_ptmc_accept,1.0000000000
METRIC,2026-04-17T23:02:37Z,17177503497421,2336,btc_qm_engine:btc_ptmc_rep_hot,4.0000000000
METRIC,2026-04-17T23:02:37Z,17177503527311,2336,btc_qm_engine:btc_ptmc_rep_cold,3.0000000000
METRIC,2026-04-17T23:02:37Z,17177503563251,2336,btc_qm_engine:btc_ptmc_accept,1.0000000000
METRIC,2026-04-17T23:02:37Z,17177503590831,2336,btc_qm_engine:btc_ptmc_rep_hot,5.0000000000
METRIC,2026-04-17T23:02:37Z,17177503619991,2336,btc_qm_engine:btc_ptmc_rep_cold,4.0000000000
METRIC,2026-04-17T23:02:37Z,17177503649111,2336,btc_qm_engine:btc_ptmc_accept,1.0000000000
METRIC,2026-04-17T23:02:37Z,17177503678541,2336,btc_qm_engine:btc_ptmc_rep_hot,6.0000000000
METRIC,2026-04-17T23:02:37Z,17177503706001,2336,btc_qm_engine:btc_ptmc_rep_cold,5.0000000000
METRIC,2026-04-17T23:02:37Z,17177503735171,2336,btc_qm_engine:btc_ptmc_accept,1.0000000000
METRIC,2026-04-17T23:02:37Z,17177503766171,2336,btc_qm_engine:btc_ptmc_rep_hot,7.0000000000
METRIC,2026-04-17T23:02:37Z,17177503794151,2336,btc_qm_engine:btc_ptmc_rep_cold,6.0000000000
METRIC,2026-04-17T23:02:37Z,17177503821861,2336,btc_qm_engine:btc_ptmc_accept,1.0000000000
METRIC,2026-04-17T23:02:37Z,17177605619549,2336,btc_qm_engine:btc_ptmc_rep_hot,1.0000000000
METRIC,2026-04-17T23:02:37Z,17177605710909,2336,btc_qm_engine:btc_ptmc_rep_cold,0.0000000000
METRIC,2026-04-17T23:02:37Z,17177605740849,2336,btc_qm_engine:btc_ptmc_accept,0.5136669338
METRIC,2026-04-17T23:02:37Z,17177605780139,2336,btc_qm_engine:btc_ptmc_rep_hot,2.0000000000
METRIC,2026-04-17T23:02:37Z,17177605814079,2336,btc_qm_engine:btc_ptmc_rep_cold,1.0000000000
METRIC,2026-04-17T23:02:37Z,17177605845919,2336,btc_qm_engine:btc_ptmc_accept,-0.3679060430
METRIC,2026-04-17T23:02:37Z,17177605878649,2336,btc_qm_engine:btc_ptmc_rep_hot,3.0000000000
METRIC,2026-04-17T23:02:37Z,17177605911039,2336,btc_qm_engine:btc_ptmc_rep_cold,2.0000000000
METRIC,2026-04-17T23:02:37Z,17177605944699,2336,btc_qm_engine:btc_ptmc_accept,1.0000000000
METRIC,2026-04-17T23:02:37Z,17177605976179,2336,btc_qm_engine:btc_ptmc_rep_hot,4.0000000000
METRIC,2026-04-17T23:02:37Z,17177606017439,2336,btc_qm_engine:btc_ptmc_rep_cold,3.0000000000
METRIC,2026-04-17T23:02:37Z,17177606043779,2336,btc_qm_engine:btc_ptmc_accept,1.0000000000
METRIC,2026-04-17T23:02:37Z,17177606080549,2336,btc_qm_engine:btc_ptmc_rep_hot,5.0000000000
METRIC,2026-04-17T23:02:37Z,17177606116779,2336,btc_qm_engine:btc_ptmc_rep_cold,4.0000000000
METRIC,2026-04-17T23:02:37Z,17177606143769,2336,btc_qm_engine:btc_ptmc_accept,1.0000000000
METRIC,2026-04-17T23:02:37Z,17177606170989,2336,btc_qm_engine:btc_ptmc_rep_hot,6.0000000000
METRIC,2026-04-17T23:02:37Z,17177606198169,2336,btc_qm_engine:btc_ptmc_rep_cold,5.0000000000
METRIC,2026-04-17T23:02:37Z,17177606225319,2336,btc_qm_engine:btc_ptmc_accept,1.0000000000
METRIC,2026-04-17T23:02:37Z,17177606252629,2336,btc_qm_engine:btc_ptmc_rep_hot,7.0000000000
METRIC,2026-04-17T23:02:37Z,17177606284119,2336,btc_qm_engine:btc_ptmc_rep_cold,6.0000000000
METRIC,2026-04-17T23:02:37Z,17177606310929,2336,btc_qm_engine:btc_ptmc_accept,1.0000000000
METRIC,2026-04-17T23:02:37Z,17177707539047,2336,btc_qm_engine:btc_ptmc_rep_hot,1.0000000000
METRIC,2026-04-17T23:02:37Z,17177707708907,2336,btc_qm_engine:btc_ptmc_rep_cold,0.0000000000
METRIC,2026-04-17T23:02:37Z,17177707827687,2336,btc_qm_engine:btc_ptmc_accept,1.0000000000
METRIC,2026-04-17T23:02:37Z,17177707957907,2336,btc_qm_engine:btc_ptmc_rep_hot,2.0000000000
METRIC,2026-04-17T23:02:37Z,17177708567017,2336,btc_qm_engine:btc_ptmc_rep_cold,1.0000000000
METRIC,2026-04-17T23:02:37Z,17177708599037,2336,btc_qm_engine:btc_ptmc_accept,1.0000000000
METRIC,2026-04-17T23:02:37Z,17177708670277,2336,btc_qm_engine:btc_ptmc_rep_hot,3.0000000000
METRIC,2026-04-17T23:02:37Z,17177708699797,2336,btc_qm_engine:btc_ptmc_rep_cold,2.0000000000
METRIC,2026-04-17T23:02:37Z,17177708727867,2336,btc_qm_engine:btc_ptmc_accept,0.8464931860
METRIC,2026-04-17T23:02:37Z,17177708757417,2336,btc_qm_engine:btc_ptmc_rep_hot,4.0000000000
METRIC,2026-04-17T23:02:37Z,17177708834917,2336,btc_qm_engine:btc_ptmc_rep_cold,3.0000000000
METRIC,2026-04-17T23:02:37Z,17177708870697,2336,btc_qm_engine:btc_ptmc_accept,1.0000000000
METRIC,2026-04-17T23:02:37Z,17177708962067,2336,btc_qm_engine:btc_ptmc_rep_hot,5.0000000000
METRIC,2026-04-17T23:02:37Z,17177709066787,2336,btc_qm_engine:btc_ptmc_rep_cold,4.0000000000
METRIC,2026-04-17T23:02:37Z,17177709148817,2336,btc_qm_engine:btc_ptmc_accept,0.9394148515
METRIC,2026-04-17T23:02:37Z,17177709176557,2336,btc_qm_engine:btc_ptmc_rep_hot,6.0000000000
METRIC,2026-04-17T23:02:37Z,17177709204837,2336,btc_qm_engine:btc_ptmc_rep_cold,5.0000000000
METRIC,2026-04-17T23:02:37Z,17177709240377,2336,btc_qm_engine:btc_ptmc_accept,0.9642902005
METRIC,2026-04-17T23:02:37Z,17177709277847,2336,btc_qm_engine:btc_ptmc_rep_hot,7.0000000000
METRIC,2026-04-17T23:02:37Z,17177709310667,2336,btc_qm_engine:btc_ptmc_rep_cold,6.0000000000
METRIC,2026-04-17T23:02:37Z,17177709337977,2336,btc_qm_engine:btc_ptmc_accept,0.9767450351
METRIC,2026-04-17T23:02:38Z,17177811750545,2336,btc_qm_engine:btc_ptmc_rep_hot,1.0000000000
METRIC,2026-04-17T23:02:38Z,17177811823325,2336,btc_qm_engine:btc_ptmc_rep_cold,0.0000000000
METRIC,2026-04-17T23:02:38Z,17177811852865,2336,btc_qm_engine:btc_ptmc_accept,1.0000000000
METRIC,2026-04-17T23:02:38Z,17177811888735,2336,btc_qm_engine:btc_ptmc_rep_hot,2.0000000000
METRIC,2026-04-17T23:02:38Z,17177811923145,2336,btc_qm_engine:btc_ptmc_rep_cold,1.0000000000
METRIC,2026-04-17T23:02:38Z,17177811963365,2336,btc_qm_engine:btc_ptmc_accept,1.0000000000
METRIC,2026-04-17T23:02:38Z,17177811998595,2336,btc_qm_engine:btc_ptmc_rep_hot,3.0000000000
METRIC,2026-04-17T23:02:38Z,17177812108125,2336,btc_qm_engine:btc_ptmc_rep_cold,2.0000000000
METRIC,2026-04-17T23:02:38Z,17177812139025,2336,btc_qm_engine:btc_ptmc_accept,1.0000000000
METRIC,2026-04-17T23:02:38Z,17177812164035,2336,btc_qm_engine:btc_ptmc_rep_hot,4.0000000000
METRIC,2026-04-17T23:02:38Z,17177812194445,2336,btc_qm_engine:btc_ptmc_rep_cold,3.0000000000
METRIC,2026-04-17T23:02:38Z,17177812225625,2336,btc_qm_engine:btc_ptmc_accept,1.0000000000
METRIC,2026-04-17T23:02:38Z,17177812254205,2336,btc_qm_engine:btc_ptmc_rep_hot,5.0000000000
METRIC,2026-04-17T23:02:38Z,17177812288445,2336,btc_qm_engine:btc_ptmc_rep_cold,4.0000000000
METRIC,2026-04-17T23:02:38Z,17177812318225,2336,btc_qm_engine:btc_ptmc_accept,1.0000000000
METRIC,2026-04-17T23:02:38Z,17177812347915,2336,btc_qm_engine:btc_ptmc_rep_hot,6.0000000000
METRIC,2026-04-17T23:02:38Z,17177812377465,2336,btc_qm_engine:btc_ptmc_rep_cold,5.0000000000
METRIC,2026-04-17T23:02:38Z,17177812406595,2336,btc_qm_engine:btc_ptmc_accept,1.0000000000
METRIC,2026-04-17T23:02:38Z,17177812435895,2336,btc_qm_engine:btc_ptmc_rep_hot,7.0000000000
METRIC,2026-04-17T23:02:38Z,17177812464865,2336,btc_qm_engine:btc_ptmc_rep_cold,6.0000000000
METRIC,2026-04-17T23:02:38Z,17177812494205,2336,btc_qm_engine:btc_ptmc_accept,1.0000000000
METRIC,2026-04-17T23:02:38Z,17177913856723,2336,btc_qm_engine:btc_ptmc_rep_hot,1.0000000000
METRIC,2026-04-17T23:02:38Z,17177913925673,2336,btc_qm_engine:btc_ptmc_rep_cold,0.0000000000
METRIC,2026-04-17T23:02:38Z,17177913955843,2336,btc_qm_engine:btc_ptmc_accept,1.0000000000
METRIC,2026-04-17T23:02:38Z,17177913986943,2336,btc_qm_engine:btc_ptmc_rep_hot,2.0000000000
METRIC,2026-04-17T23:02:38Z,17177914026943,2336,btc_qm_engine:btc_ptmc_rep_cold,1.0000000000
METRIC,2026-04-17T23:02:38Z,17177914052893,2336,btc_qm_engine:btc_ptmc_accept,1.0000000000
METRIC,2026-04-17T23:02:38Z,17177914081393,2336,btc_qm_engine:btc_ptmc_rep_hot,3.0000000000
METRIC,2026-04-17T23:02:38Z,17177914107313,2336,btc_qm_engine:btc_ptmc_rep_cold,2.0000000000
METRIC,2026-04-17T23:02:38Z,17177914149153,2336,btc_qm_engine:btc_ptmc_accept,1.0000000000
METRIC,2026-04-17T23:02:38Z,17177914174863,2336,btc_qm_engine:btc_ptmc_rep_hot,4.0000000000
METRIC,2026-04-17T23:02:38Z,17177914199823,2336,btc_qm_engine:btc_ptmc_rep_cold,3.0000000000
METRIC,2026-04-17T23:02:38Z,17177914225473,2336,btc_qm_engine:btc_ptmc_accept,1.0000000000
METRIC,2026-04-17T23:02:38Z,17177914258423,2336,btc_qm_engine:btc_ptmc_rep_hot,5.0000000000
METRIC,2026-04-17T23:02:38Z,17177914291413,2336,btc_qm_engine:btc_ptmc_rep_cold,4.0000000000
METRIC,2026-04-17T23:02:38Z,17177914321793,2336,btc_qm_engine:btc_ptmc_accept,1.0000000000
METRIC,2026-04-17T23:02:38Z,17177914353653,2336,btc_qm_engine:btc_ptmc_rep_hot,6.0000000000
METRIC,2026-04-17T23:02:38Z,17177914380843,2336,btc_qm_engine:btc_ptmc_rep_cold,5.0000000000
METRIC,2026-04-17T23:02:38Z,17177914412013,2336,btc_qm_engine:btc_ptmc_accept,1.0000000000
METRIC,2026-04-17T23:02:38Z,17177914439413,2336,btc_qm_engine:btc_ptmc_rep_hot,7.0000000000
METRIC,2026-04-17T23:02:38Z,17177914474003,2336,btc_qm_engine:btc_ptmc_rep_cold,6.0000000000
METRIC,2026-04-17T23:02:38Z,17177914513533,2336,btc_qm_engine:btc_ptmc_accept,1.0000000000
METRIC,2026-04-17T23:02:38Z,17178018875271,2336,btc_qm_engine:btc_ptmc_rep_hot,1.0000000000
METRIC,2026-04-17T23:02:38Z,17178018952391,2336,btc_qm_engine:btc_ptmc_rep_cold,0.0000000000
METRIC,2026-04-17T23:02:38Z,17178018982141,2336,btc_qm_engine:btc_ptmc_accept,1.0000000000
METRIC,2026-04-17T23:02:38Z,17178019041441,2336,btc_qm_engine:btc_ptmc_rep_hot,2.0000000000
METRIC,2026-04-17T23:02:38Z,17178019072331,2336,btc_qm_engine:btc_ptmc_rep_cold,1.0000000000
METRIC,2026-04-17T23:02:38Z,17178019100821,2336,btc_qm_engine:btc_ptmc_accept,1.0000000000
METRIC,2026-04-17T23:02:38Z,17178019140821,2336,btc_qm_engine:btc_ptmc_rep_hot,3.0000000000
METRIC,2026-04-17T23:02:38Z,17178019170221,2336,btc_qm_engine:btc_ptmc_rep_cold,2.0000000000
METRIC,2026-04-17T23:02:38Z,17178019200631,2336,btc_qm_engine:btc_ptmc_accept,1.0000000000
METRIC,2026-04-17T23:02:38Z,17178019231451,2336,btc_qm_engine:btc_ptmc_rep_hot,4.0000000000
METRIC,2026-04-17T23:02:38Z,17178019266831,2336,btc_qm_engine:btc_ptmc_rep_cold,3.0000000000
METRIC,2026-04-17T23:02:38Z,17178019294531,2336,btc_qm_engine:btc_ptmc_accept,1.0000000000
METRIC,2026-04-17T23:02:38Z,17178019321171,2336,btc_qm_engine:btc_ptmc_rep_hot,5.0000000000
METRIC,2026-04-17T23:02:38Z,17178019347941,2336,btc_qm_engine:btc_ptmc_rep_cold,4.0000000000
METRIC,2026-04-17T23:02:38Z,17178019374071,2336,btc_qm_engine:btc_ptmc_accept,1.0000000000
METRIC,2026-04-17T23:02:38Z,17178019401051,2336,btc_qm_engine:btc_ptmc_rep_hot,6.0000000000
METRIC,2026-04-17T23:02:38Z,17178019438061,2336,btc_qm_engine:btc_ptmc_rep_cold,5.0000000000
METRIC,2026-04-17T23:02:38Z,17178019470631,2336,btc_qm_engine:btc_ptmc_accept,1.0000000000
METRIC,2026-04-17T23:02:38Z,17178019498941,2336,btc_qm_engine:btc_ptmc_rep_hot,7.0000000000
METRIC,2026-04-17T23:02:38Z,17178019528301,2336,btc_qm_engine:btc_ptmc_rep_cold,6.0000000000
METRIC,2026-04-17T23:02:38Z,17178019555221,2336,btc_qm_engine:btc_ptmc_accept,1.0000000000
METRIC,2026-04-17T23:02:38Z,17178119199139,2336,btc_qm_engine:btc_ptmc_rep_hot,1.0000000000
METRIC,2026-04-17T23:02:38Z,17178119309609,2336,btc_qm_engine:btc_ptmc_rep_cold,0.0000000000
METRIC,2026-04-17T23:02:38Z,17178119345079,2336,btc_qm_engine:btc_ptmc_accept,1.0000000000
METRIC,2026-04-17T23:02:38Z,17178119418339,2336,btc_qm_engine:btc_ptmc_rep_hot,2.0000000000
METRIC,2026-04-17T23:02:38Z,17178119448409,2336,btc_qm_engine:btc_ptmc_rep_cold,1.0000000000
METRIC,2026-04-17T23:02:38Z,17178119496539,2336,btc_qm_engine:btc_ptmc_accept,1.0000000000
METRIC,2026-04-17T23:02:38Z,17178119531589,2336,btc_qm_engine:btc_ptmc_rep_hot,3.0000000000
METRIC,2026-04-17T23:02:38Z,17178119559399,2336,btc_qm_engine:btc_ptmc_rep_cold,2.0000000000
METRIC,2026-04-17T23:02:38Z,17178119685229,2336,btc_qm_engine:btc_ptmc_accept,1.0000000000
METRIC,2026-04-17T23:02:38Z,17178119816169,2336,btc_qm_engine:btc_ptmc_rep_hot,4.0000000000
METRIC,2026-04-17T23:02:38Z,17178119844589,2336,btc_qm_engine:btc_ptmc_rep_cold,3.0000000000
METRIC,2026-04-17T23:02:38Z,17178119896419,2336,btc_qm_engine:btc_ptmc_accept,1.0000000000
METRIC,2026-04-17T23:02:38Z,17178119929579,2336,btc_qm_engine:btc_ptmc_rep_hot,5.0000000000
METRIC,2026-04-17T23:02:38Z,17178119963089,2336,btc_qm_engine:btc_ptmc_rep_cold,4.0000000000
METRIC,2026-04-17T23:02:38Z,17178119989849,2336,btc_qm_engine:btc_ptmc_accept,1.0000000000
METRIC,2026-04-17T23:02:38Z,17178120028139,2336,btc_qm_engine:btc_ptmc_rep_hot,6.0000000000
METRIC,2026-04-17T23:02:38Z,17178120054559,2336,btc_qm_engine:btc_ptmc_rep_cold,5.0000000000
METRIC,2026-04-17T23:02:38Z,17178120081799,2336,btc_qm_engine:btc_ptmc_accept,1.0000000000
METRIC,2026-04-17T23:02:38Z,17178120106709,2336,btc_qm_engine:btc_ptmc_rep_hot,7.0000000000
METRIC,2026-04-17T23:02:38Z,17178120130209,2336,btc_qm_engine:btc_ptmc_rep_cold,6.0000000000
METRIC,2026-04-17T23:02:38Z,17178120167009,2336,btc_qm_engine:btc_ptmc_accept,1.0000000000
HW_SAMPLE,2026-04-17T23:02:38Z,17178168427338,2336,btc_qm_engine:cpu_delta_pct,80.4094
HW_SAMPLE,2026-04-17T23:02:38Z,17178168427338,2336,btc_qm_engine:mem_used_pct,79.5687
HW_SAMPLE,2026-04-17T23:02:38Z,17178168427338,2336,btc_qm_engine:vm_rss_kb,7572
HW_SAMPLE,2026-04-17T23:02:38Z,17178168427338,2336,btc_qm_engine:vm_peak_kb,236324
HW_SAMPLE,2026-04-17T23:02:38Z,17178175386018,2336,btc_qm_engine:cpu_delta_pct,100.0000
HW_SAMPLE,2026-04-17T23:02:38Z,17178175386018,2336,btc_qm_engine:mem_used_pct,79.5716
HW_SAMPLE,2026-04-17T23:02:38Z,17178175386018,2336,btc_qm_engine:vm_rss_kb,7572
HW_SAMPLE,2026-04-17T23:02:38Z,17178175386018,2336,btc_qm_engine:vm_peak_kb,236324
METRIC,2026-04-17T23:02:38Z,17178221883647,2336,btc_qm_engine:btc_ptmc_rep_hot,1.0000000000
METRIC,2026-04-17T23:02:38Z,17178221971507,2336,btc_qm_engine:btc_ptmc_rep_cold,0.0000000000
METRIC,2026-04-17T23:02:38Z,17178221998527,2336,btc_qm_engine:btc_ptmc_accept,0.1354937842
METRIC,2026-04-17T23:02:38Z,17178222039227,2336,btc_qm_engine:btc_ptmc_rep_hot,2.0000000000
METRIC,2026-04-17T23:02:38Z,17178222063387,2336,btc_qm_engine:btc_ptmc_rep_cold,1.0000000000
METRIC,2026-04-17T23:02:38Z,17178222087527,2336,btc_qm_engine:btc_ptmc_accept,-0.2635717218
METRIC,2026-04-17T23:02:38Z,17178222111427,2336,btc_qm_engine:btc_ptmc_rep_hot,3.0000000000
METRIC,2026-04-17T23:02:38Z,17178222134937,2336,btc_qm_engine:btc_ptmc_rep_cold,2.0000000000
METRIC,2026-04-17T23:02:38Z,17178222158767,2336,btc_qm_engine:btc_ptmc_accept,1.0000000000
METRIC,2026-04-17T23:02:38Z,17178222236597,2336,btc_qm_engine:btc_ptmc_rep_hot,4.0000000000
METRIC,2026-04-17T23:02:38Z,17178222265207,2336,btc_qm_engine:btc_ptmc_rep_cold,3.0000000000
METRIC,2026-04-17T23:02:38Z,17178222288997,2336,btc_qm_engine:btc_ptmc_accept,1.0000000000
METRIC,2026-04-17T23:02:38Z,17178222312867,2336,btc_qm_engine:btc_ptmc_rep_hot,5.0000000000
METRIC,2026-04-17T23:02:38Z,17178222336437,2336,btc_qm_engine:btc_ptmc_rep_cold,4.0000000000
METRIC,2026-04-17T23:02:38Z,17178222360227,2336,btc_qm_engine:btc_ptmc_accept,1.0000000000
METRIC,2026-04-17T23:02:38Z,17178222383977,2336,btc_qm_engine:btc_ptmc_rep_hot,6.0000000000
METRIC,2026-04-17T23:02:38Z,17178222407717,2336,btc_qm_engine:btc_ptmc_rep_cold,5.0000000000
METRIC,2026-04-17T23:02:38Z,17178222431117,2336,btc_qm_engine:btc_ptmc_accept,1.0000000000
METRIC,2026-04-17T23:02:38Z,17178222454997,2336,btc_qm_engine:btc_ptmc_rep_hot,7.0000000000
METRIC,2026-04-17T23:02:38Z,17178222478297,2336,btc_qm_engine:btc_ptmc_rep_cold,6.0000000000
METRIC,2026-04-17T23:02:38Z,17178222501567,2336,btc_qm_engine:btc_ptmc_accept,1.0000000000
METRIC,2026-04-17T23:02:38Z,17178325406425,2336,btc_qm_engine:btc_ptmc_rep_hot,1.0000000000
METRIC,2026-04-17T23:02:38Z,17178325532425,2336,btc_qm_engine:btc_ptmc_rep_cold,0.0000000000
METRIC,2026-04-17T23:02:38Z,17178325556975,2336,btc_qm_engine:btc_ptmc_accept,1.0000000000
METRIC,2026-04-17T23:02:38Z,17178325590455,2336,btc_qm_engine:btc_ptmc_rep_hot,2.0000000000
METRIC,2026-04-17T23:02:38Z,17178325625005,2336,btc_qm_engine:btc_ptmc_rep_cold,1.0000000000
METRIC,2026-04-17T23:02:38Z,17178325666325,2336,btc_qm_engine:btc_ptmc_accept,1.0000000000
METRIC,2026-04-17T23:02:38Z,17178325739055,2336,btc_qm_engine:btc_ptmc_rep_hot,3.0000000000
METRIC,2026-04-17T23:02:38Z,17178325773585,2336,btc_qm_engine:btc_ptmc_rep_cold,2.0000000000
METRIC,2026-04-17T23:02:38Z,17178325804685,2336,btc_qm_engine:btc_ptmc_accept,1.0000000000
METRIC,2026-04-17T23:02:38Z,17178325833365,2336,btc_qm_engine:btc_ptmc_rep_hot,4.0000000000
METRIC,2026-04-17T23:02:38Z,17178325861745,2336,btc_qm_engine:btc_ptmc_rep_cold,3.0000000000
METRIC,2026-04-17T23:02:38Z,17178325891255,2336,btc_qm_engine:btc_ptmc_accept,1.0000000000
METRIC,2026-04-17T23:02:38Z,17178325921545,2336,btc_qm_engine:btc_ptmc_rep_hot,5.0000000000
METRIC,2026-04-17T23:02:38Z,17178325951265,2336,btc_qm_engine:btc_ptmc_rep_cold,4.0000000000
METRIC,2026-04-17T23:02:38Z,17178325978675,2336,btc_qm_engine:btc_ptmc_accept,1.0000000000
METRIC,2026-04-17T23:02:38Z,17178326118515,2336,btc_qm_engine:btc_ptmc_rep_hot,6.0000000000
METRIC,2026-04-17T23:02:38Z,17178326156385,2336,btc_qm_engine:btc_ptmc_rep_cold,5.0000000000
METRIC,2026-04-17T23:02:38Z,17178326191245,2336,btc_qm_engine:btc_ptmc_accept,1.0000000000
METRIC,2026-04-17T23:02:38Z,17178326221625,2336,btc_qm_engine:btc_ptmc_rep_hot,7.0000000000
METRIC,2026-04-17T23:02:38Z,17178326251835,2336,btc_qm_engine:btc_ptmc_rep_cold,6.0000000000
METRIC,2026-04-17T23:02:38Z,17178326397655,2336,btc_qm_engine:btc_ptmc_accept,1.0000000000
METRIC,2026-04-17T23:02:38Z,17178428944603,2336,btc_qm_engine:btc_ptmc_rep_hot,1.0000000000
METRIC,2026-04-17T23:02:38Z,17178429047633,2336,btc_qm_engine:btc_ptmc_rep_cold,0.0000000000
METRIC,2026-04-17T23:02:38Z,17178429078053,2336,btc_qm_engine:btc_ptmc_accept,-0.5136174742
METRIC,2026-04-17T23:02:38Z,17178429111653,2336,btc_qm_engine:btc_ptmc_rep_hot,2.0000000000
METRIC,2026-04-17T23:02:38Z,17178429139783,2336,btc_qm_engine:btc_ptmc_rep_cold,1.0000000000
METRIC,2026-04-17T23:02:38Z,17178429167243,2336,btc_qm_engine:btc_ptmc_accept,1.0000000000
METRIC,2026-04-17T23:02:38Z,17178429198973,2336,btc_qm_engine:btc_ptmc_rep_hot,3.0000000000
METRIC,2026-04-17T23:02:38Z,17178429235053,2336,btc_qm_engine:btc_ptmc_rep_cold,2.0000000000
METRIC,2026-04-17T23:02:38Z,17178429273193,2336,btc_qm_engine:btc_ptmc_accept,1.0000000000
METRIC,2026-04-17T23:02:38Z,17178429307583,2336,btc_qm_engine:btc_ptmc_rep_hot,4.0000000000
METRIC,2026-04-17T23:02:38Z,17178429340233,2336,btc_qm_engine:btc_ptmc_rep_cold,3.0000000000
METRIC,2026-04-17T23:02:38Z,17178429412713,2336,btc_qm_engine:btc_ptmc_accept,1.0000000000
METRIC,2026-04-17T23:02:38Z,17178429439563,2336,btc_qm_engine:btc_ptmc_rep_hot,5.0000000000
METRIC,2026-04-17T23:02:38Z,17178429466453,2336,btc_qm_engine:btc_ptmc_rep_cold,4.0000000000
METRIC,2026-04-17T23:02:38Z,17178429493943,2336,btc_qm_engine:btc_ptmc_accept,1.0000000000
METRIC,2026-04-17T23:02:38Z,17178429528203,2336,btc_qm_engine:btc_ptmc_rep_hot,6.0000000000
METRIC,2026-04-17T23:02:38Z,17178429554293,2336,btc_qm_engine:btc_ptmc_rep_cold,5.0000000000
METRIC,2026-04-17T23:02:38Z,17178429581063,2336,btc_qm_engine:btc_ptmc_accept,1.0000000000
METRIC,2026-04-17T23:02:38Z,17178429608513,2336,btc_qm_engine:btc_ptmc_rep_hot,7.0000000000
METRIC,2026-04-17T23:02:38Z,17178429648343,2336,btc_qm_engine:btc_ptmc_rep_cold,6.0000000000
METRIC,2026-04-17T23:02:38Z,17178429686993,2336,btc_qm_engine:btc_ptmc_accept,1.0000000000
METRIC,2026-04-17T23:02:38Z,17178532275811,2336,btc_qm_engine:btc_ptmc_rep_hot,1.0000000000
METRIC,2026-04-17T23:02:38Z,17178532367631,2336,btc_qm_engine:btc_ptmc_rep_cold,0.0000000000
METRIC,2026-04-17T23:02:38Z,17178532435961,2336,btc_qm_engine:btc_ptmc_accept,1.0000000000
METRIC,2026-04-17T23:02:38Z,17178532472621,2336,btc_qm_engine:btc_ptmc_rep_hot,2.0000000000
METRIC,2026-04-17T23:02:38Z,17178532500071,2336,btc_qm_engine:btc_ptmc_rep_cold,1.0000000000
METRIC,2026-04-17T23:02:38Z,17178532531591,2336,btc_qm_engine:btc_ptmc_accept,0.7165624298
METRIC,2026-04-17T23:02:38Z,17178532573021,2336,btc_qm_engine:btc_ptmc_rep_hot,3.0000000000
METRIC,2026-04-17T23:02:38Z,17178532602931,2336,btc_qm_engine:btc_ptmc_rep_cold,2.0000000000
METRIC,2026-04-17T23:02:38Z,17178532631121,2336,btc_qm_engine:btc_ptmc_accept,0.8464909161
METRIC,2026-04-17T23:02:38Z,17178532656741,2336,btc_qm_engine:btc_ptmc_rep_hot,4.0000000000
METRIC,2026-04-17T23:02:38Z,17178532682891,2336,btc_qm_engine:btc_ptmc_rep_cold,3.0000000000
METRIC,2026-04-17T23:02:38Z,17178532710351,2336,btc_qm_engine:btc_ptmc_accept,0.9048409551
METRIC,2026-04-17T23:02:38Z,17178532734441,2336,btc_qm_engine:btc_ptmc_rep_hot,5.0000000000
METRIC,2026-04-17T23:02:38Z,17178532757711,2336,btc_qm_engine:btc_ptmc_rep_cold,4.0000000000
METRIC,2026-04-17T23:02:38Z,17178532784071,2336,btc_qm_engine:btc_ptmc_accept,0.9394144973
METRIC,2026-04-17T23:02:38Z,17178532808561,2336,btc_qm_engine:btc_ptmc_rep_hot,6.0000000000
METRIC,2026-04-17T23:02:38Z,17178532832631,2336,btc_qm_engine:btc_ptmc_rep_cold,5.0000000000
METRIC,2026-04-17T23:02:38Z,17178532858481,2336,btc_qm_engine:btc_ptmc_accept,0.9642900774
METRIC,2026-04-17T23:02:38Z,17178532884881,2336,btc_qm_engine:btc_ptmc_rep_hot,7.0000000000
METRIC,2026-04-17T23:02:38Z,17178532909411,2336,btc_qm_engine:btc_ptmc_rep_cold,6.0000000000
METRIC,2026-04-17T23:02:38Z,17178532936401,2336,btc_qm_engine:btc_ptmc_accept,0.9767452464
METRIC,2026-04-17T23:02:38Z,17178635946099,2336,btc_qm_engine:btc_ptmc_rep_hot,1.0000000000
METRIC,2026-04-17T23:02:38Z,17178636082169,2336,btc_qm_engine:btc_ptmc_rep_cold,0.0000000000
METRIC,2026-04-17T23:02:38Z,17178636112659,2336,btc_qm_engine:btc_ptmc_accept,1.0000000000
METRIC,2026-04-17T23:02:38Z,17178636152819,2336,btc_qm_engine:btc_ptmc_rep_hot,2.0000000000
METRIC,2026-04-17T23:02:38Z,17178636180449,2336,btc_qm_engine:btc_ptmc_rep_cold,1.0000000000
METRIC,2026-04-17T23:02:38Z,17178636208069,2336,btc_qm_engine:btc_ptmc_accept,-0.5134171190
METRIC,2026-04-17T23:02:38Z,17178636253209,2336,btc_qm_engine:btc_ptmc_rep_hot,3.0000000000
METRIC,2026-04-17T23:02:38Z,17178636295629,2336,btc_qm_engine:btc_ptmc_rep_cold,2.0000000000
METRIC,2026-04-17T23:02:38Z,17178636324109,2336,btc_qm_engine:btc_ptmc_accept,1.0000000000
METRIC,2026-04-17T23:02:38Z,17178636355089,2336,btc_qm_engine:btc_ptmc_rep_hot,4.0000000000
METRIC,2026-04-17T23:02:38Z,17178636384729,2336,btc_qm_engine:btc_ptmc_rep_cold,3.0000000000
METRIC,2026-04-17T23:02:38Z,17178636413999,2336,btc_qm_engine:btc_ptmc_accept,1.0000000000
METRIC,2026-04-17T23:02:38Z,17178636474969,2336,btc_qm_engine:btc_ptmc_rep_hot,5.0000000000
METRIC,2026-04-17T23:02:38Z,17178636509919,2336,btc_qm_engine:btc_ptmc_rep_cold,4.0000000000
METRIC,2026-04-17T23:02:38Z,17178636536819,2336,btc_qm_engine:btc_ptmc_accept,1.0000000000
METRIC,2026-04-17T23:02:38Z,17178636564199,2336,btc_qm_engine:btc_ptmc_rep_hot,6.0000000000
METRIC,2026-04-17T23:02:38Z,17178636591659,2336,btc_qm_engine:btc_ptmc_rep_cold,5.0000000000
METRIC,2026-04-17T23:02:38Z,17178636618809,2336,btc_qm_engine:btc_ptmc_accept,1.0000000000
METRIC,2026-04-17T23:02:38Z,17178636646069,2336,btc_qm_engine:btc_ptmc_rep_hot,7.0000000000
METRIC,2026-04-17T23:02:38Z,17178636673189,2336,btc_qm_engine:btc_ptmc_rep_cold,6.0000000000
METRIC,2026-04-17T23:02:38Z,17178636700579,2336,btc_qm_engine:btc_ptmc_accept,1.0000000000
METRIC,2026-04-17T23:02:38Z,17178736684287,2336,btc_qm_engine:btc_ptmc_rep_hot,1.0000000000
METRIC,2026-04-17T23:02:38Z,17178736767857,2336,btc_qm_engine:btc_ptmc_rep_cold,0.0000000000
METRIC,2026-04-17T23:02:38Z,17178736797657,2336,btc_qm_engine:btc_ptmc_accept,1.0000000000
METRIC,2026-04-17T23:02:38Z,17178736832857,2336,btc_qm_engine:btc_ptmc_rep_hot,2.0000000000
METRIC,2026-04-17T23:02:38Z,17178736861087,2336,btc_qm_engine:btc_ptmc_rep_cold,1.0000000000
METRIC,2026-04-17T23:02:38Z,17178736914837,2336,btc_qm_engine:btc_ptmc_accept,1.0000000000
METRIC,2026-04-17T23:02:38Z,17178736947247,2336,btc_qm_engine:btc_ptmc_rep_hot,3.0000000000
METRIC,2026-04-17T23:02:38Z,17178736975457,2336,btc_qm_engine:btc_ptmc_rep_cold,2.0000000000
METRIC,2026-04-17T23:02:38Z,17178737017827,2336,btc_qm_engine:btc_ptmc_accept,1.0000000000
METRIC,2026-04-17T23:02:38Z,17178737045607,2336,btc_qm_engine:btc_ptmc_rep_hot,4.0000000000
METRIC,2026-04-17T23:02:38Z,17178737072937,2336,btc_qm_engine:btc_ptmc_rep_cold,3.0000000000
METRIC,2026-04-17T23:02:38Z,17178737098777,2336,btc_qm_engine:btc_ptmc_accept,1.0000000000
METRIC,2026-04-17T23:02:38Z,17178737126607,2336,btc_qm_engine:btc_ptmc_rep_hot,5.0000000000
METRIC,2026-04-17T23:02:38Z,17178737154177,2336,btc_qm_engine:btc_ptmc_rep_cold,4.0000000000
METRIC,2026-04-17T23:02:38Z,17178737181487,2336,btc_qm_engine:btc_ptmc_accept,1.0000000000
METRIC,2026-04-17T23:02:38Z,17178737208787,2336,btc_qm_engine:btc_ptmc_rep_hot,6.0000000000
METRIC,2026-04-17T23:02:38Z,17178737235837,2336,btc_qm_engine:btc_ptmc_rep_cold,5.0000000000
METRIC,2026-04-17T23:02:38Z,17178737266877,2336,btc_qm_engine:btc_ptmc_accept,1.0000000000
METRIC,2026-04-17T23:02:38Z,17178737294157,2336,btc_qm_engine:btc_ptmc_rep_hot,7.0000000000
METRIC,2026-04-17T23:02:38Z,17178737321017,2336,btc_qm_engine:btc_ptmc_rep_cold,6.0000000000
METRIC,2026-04-17T23:02:38Z,17178737348017,2336,btc_qm_engine:btc_ptmc_accept,1.0000000000
METRIC,2026-04-17T23:02:39Z,17178836962275,2336,btc_qm_engine:btc_ptmc_rep_hot,1.0000000000
METRIC,2026-04-17T23:02:39Z,17178837316915,2336,btc_qm_engine:btc_ptmc_rep_cold,0.0000000000
METRIC,2026-04-17T23:02:39Z,17178837352225,2336,btc_qm_engine:btc_ptmc_accept,1.0000000000
METRIC,2026-04-17T23:02:39Z,17178837387325,2336,btc_qm_engine:btc_ptmc_rep_hot,2.0000000000
METRIC,2026-04-17T23:02:39Z,17178837438315,2336,btc_qm_engine:btc_ptmc_rep_cold,1.0000000000
METRIC,2026-04-17T23:02:39Z,17178837478525,2336,btc_qm_engine:btc_ptmc_accept,1.0000000000
METRIC,2026-04-17T23:02:39Z,17178837579095,2336,btc_qm_engine:btc_ptmc_rep_hot,3.0000000000
METRIC,2026-04-17T23:02:39Z,17178837626905,2336,btc_qm_engine:btc_ptmc_rep_cold,2.0000000000
METRIC,2026-04-17T23:02:39Z,17178837657595,2336,btc_qm_engine:btc_ptmc_accept,1.0000000000
METRIC,2026-04-17T23:02:39Z,17178837713255,2336,btc_qm_engine:btc_ptmc_rep_hot,4.0000000000
METRIC,2026-04-17T23:02:39Z,17178837744785,2336,btc_qm_engine:btc_ptmc_rep_cold,3.0000000000
METRIC,2026-04-17T23:02:39Z,17178837772095,2336,btc_qm_engine:btc_ptmc_accept,1.0000000000
METRIC,2026-04-17T23:02:39Z,17178837802785,2336,btc_qm_engine:btc_ptmc_rep_hot,5.0000000000
METRIC,2026-04-17T23:02:39Z,17178837830135,2336,btc_qm_engine:btc_ptmc_rep_cold,4.0000000000
METRIC,2026-04-17T23:02:39Z,17178837859205,2336,btc_qm_engine:btc_ptmc_accept,1.0000000000
METRIC,2026-04-17T23:02:39Z,17178837888805,2336,btc_qm_engine:btc_ptmc_rep_hot,6.0000000000
METRIC,2026-04-17T23:02:39Z,17178837918145,2336,btc_qm_engine:btc_ptmc_rep_cold,5.0000000000
METRIC,2026-04-17T23:02:39Z,17178837947545,2336,btc_qm_engine:btc_ptmc_accept,1.0000000000
METRIC,2026-04-17T23:02:39Z,17178837980195,2336,btc_qm_engine:btc_ptmc_rep_hot,7.0000000000
METRIC,2026-04-17T23:02:39Z,17178838021105,2336,btc_qm_engine:btc_ptmc_rep_cold,6.0000000000
METRIC,2026-04-17T23:02:39Z,17178838048935,2336,btc_qm_engine:btc_ptmc_accept,1.0000000000
METRIC,2026-04-17T23:02:39Z,17178941100033,2336,btc_qm_engine:btc_ptmc_rep_hot,1.0000000000
METRIC,2026-04-17T23:02:39Z,17178941182143,2336,btc_qm_engine:btc_ptmc_rep_cold,0.0000000000
METRIC,2026-04-17T23:02:39Z,17178941211293,2336,btc_qm_engine:btc_ptmc_accept,1.0000000000
METRIC,2026-04-17T23:02:39Z,17178941244793,2336,btc_qm_engine:btc_ptmc_rep_hot,2.0000000000
METRIC,2026-04-17T23:02:39Z,17178941274103,2336,btc_qm_engine:btc_ptmc_rep_cold,1.0000000000
METRIC,2026-04-17T23:02:39Z,17178941303533,2336,btc_qm_engine:btc_ptmc_accept,1.0000000000
METRIC,2026-04-17T23:02:39Z,17178941333983,2336,btc_qm_engine:btc_ptmc_rep_hot,3.0000000000
METRIC,2026-04-17T23:02:39Z,17178941363423,2336,btc_qm_engine:btc_ptmc_rep_cold,2.0000000000
METRIC,2026-04-17T23:02:39Z,17178941422023,2336,btc_qm_engine:btc_ptmc_accept,1.0000000000
METRIC,2026-04-17T23:02:39Z,17178941450483,2336,btc_qm_engine:btc_ptmc_rep_hot,4.0000000000
METRIC,2026-04-17T23:02:39Z,17178941481973,2336,btc_qm_engine:btc_ptmc_rep_cold,3.0000000000
METRIC,2026-04-17T23:02:39Z,17178941507423,2336,btc_qm_engine:btc_ptmc_accept,1.0000000000
METRIC,2026-04-17T23:02:39Z,17178941533313,2336,btc_qm_engine:btc_ptmc_rep_hot,5.0000000000
METRIC,2026-04-17T23:02:39Z,17178941559553,2336,btc_qm_engine:btc_ptmc_rep_cold,4.0000000000
METRIC,2026-04-17T23:02:39Z,17178941586213,2336,btc_qm_engine:btc_ptmc_accept,1.0000000000
METRIC,2026-04-17T23:02:39Z,17178941611923,2336,btc_qm_engine:btc_ptmc_rep_hot,6.0000000000
METRIC,2026-04-17T23:02:39Z,17178941636483,2336,btc_qm_engine:btc_ptmc_rep_cold,5.0000000000
METRIC,2026-04-17T23:02:39Z,17178941661823,2336,btc_qm_engine:btc_ptmc_accept,1.0000000000
METRIC,2026-04-17T23:02:39Z,17178941687293,2336,btc_qm_engine:btc_ptmc_rep_hot,7.0000000000
METRIC,2026-04-17T23:02:39Z,17178941719773,2336,btc_qm_engine:btc_ptmc_rep_cold,6.0000000000
METRIC,2026-04-17T23:02:39Z,17178941748923,2336,btc_qm_engine:btc_ptmc_accept,1.0000000000
METRIC,2026-04-17T23:02:39Z,17179045202911,2336,btc_qm_engine:btc_ptmc_rep_hot,1.0000000000
METRIC,2026-04-17T23:02:39Z,17179045286341,2336,btc_qm_engine:btc_ptmc_rep_cold,0.0000000000
METRIC,2026-04-17T23:02:39Z,17179045315901,2336,btc_qm_engine:btc_ptmc_accept,1.0000000000
METRIC,2026-04-17T23:02:39Z,17179045351171,2336,btc_qm_engine:btc_ptmc_rep_hot,2.0000000000
METRIC,2026-04-17T23:02:39Z,17179045384731,2336,btc_qm_engine:btc_ptmc_rep_cold,1.0000000000
METRIC,2026-04-17T23:02:39Z,17179045412491,2336,btc_qm_engine:btc_ptmc_accept,1.0000000000
METRIC,2026-04-17T23:02:39Z,17179045447711,2336,btc_qm_engine:btc_ptmc_rep_hot,3.0000000000
METRIC,2026-04-17T23:02:39Z,17179045477061,2336,btc_qm_engine:btc_ptmc_rep_cold,2.0000000000
METRIC,2026-04-17T23:02:39Z,17179045504211,2336,btc_qm_engine:btc_ptmc_accept,1.0000000000
METRIC,2026-04-17T23:02:39Z,17179045531461,2336,btc_qm_engine:btc_ptmc_rep_hot,4.0000000000
METRIC,2026-04-17T23:02:39Z,17179045558601,2336,btc_qm_engine:btc_ptmc_rep_cold,3.0000000000
METRIC,2026-04-17T23:02:39Z,17179045586231,2336,btc_qm_engine:btc_ptmc_accept,1.0000000000
METRIC,2026-04-17T23:02:39Z,17179045613761,2336,btc_qm_engine:btc_ptmc_rep_hot,5.0000000000
METRIC,2026-04-17T23:02:39Z,17179045651291,2336,btc_qm_engine:btc_ptmc_rep_cold,4.0000000000
METRIC,2026-04-17T23:02:39Z,17179045687471,2336,btc_qm_engine:btc_ptmc_accept,1.0000000000
METRIC,2026-04-17T23:02:39Z,17179045715411,2336,btc_qm_engine:btc_ptmc_rep_hot,6.0000000000
METRIC,2026-04-17T23:02:39Z,17179045742841,2336,btc_qm_engine:btc_ptmc_rep_cold,5.0000000000
METRIC,2026-04-17T23:02:39Z,17179045770551,2336,btc_qm_engine:btc_ptmc_accept,1.0000000000
METRIC,2026-04-17T23:02:39Z,17179045798001,2336,btc_qm_engine:btc_ptmc_rep_hot,7.0000000000
METRIC,2026-04-17T23:02:39Z,17179045825421,2336,btc_qm_engine:btc_ptmc_rep_cold,6.0000000000
METRIC,2026-04-17T23:02:39Z,17179045852881,2336,btc_qm_engine:btc_ptmc_accept,1.0000000000
METRIC,2026-04-17T23:02:39Z,17179148285039,2336,btc_qm_engine:btc_ptmc_rep_hot,1.0000000000
METRIC,2026-04-17T23:02:39Z,17179148365539,2336,btc_qm_engine:btc_ptmc_rep_cold,0.0000000000
METRIC,2026-04-17T23:02:39Z,17179148394189,2336,btc_qm_engine:btc_ptmc_accept,1.0000000000
METRIC,2026-04-17T23:02:39Z,17179148421919,2336,btc_qm_engine:btc_ptmc_rep_hot,2.0000000000
METRIC,2026-04-17T23:02:39Z,17179148447739,2336,btc_qm_engine:btc_ptmc_rep_cold,1.0000000000
METRIC,2026-04-17T23:02:39Z,17179148472789,2336,btc_qm_engine:btc_ptmc_accept,1.0000000000
METRIC,2026-04-17T23:02:39Z,17179148499549,2336,btc_qm_engine:btc_ptmc_rep_hot,3.0000000000
METRIC,2026-04-17T23:02:39Z,17179148524999,2336,btc_qm_engine:btc_ptmc_rep_cold,2.0000000000
METRIC,2026-04-17T23:02:39Z,17179148550289,2336,btc_qm_engine:btc_ptmc_accept,1.0000000000
METRIC,2026-04-17T23:02:39Z,17179148576969,2336,btc_qm_engine:btc_ptmc_rep_hot,4.0000000000
METRIC,2026-04-17T23:02:39Z,17179148628579,2336,btc_qm_engine:btc_ptmc_rep_cold,3.0000000000
METRIC,2026-04-17T23:02:39Z,17179148656359,2336,btc_qm_engine:btc_ptmc_accept,1.0000000000
METRIC,2026-04-17T23:02:39Z,17179148689809,2336,btc_qm_engine:btc_ptmc_rep_hot,5.0000000000
METRIC,2026-04-17T23:02:39Z,17179148718309,2336,btc_qm_engine:btc_ptmc_rep_cold,4.0000000000
METRIC,2026-04-17T23:02:39Z,17179148745109,2336,btc_qm_engine:btc_ptmc_accept,1.0000000000
METRIC,2026-04-17T23:02:39Z,17179148770699,2336,btc_qm_engine:btc_ptmc_rep_hot,6.0000000000
METRIC,2026-04-17T23:02:39Z,17179148795639,2336,btc_qm_engine:btc_ptmc_rep_cold,5.0000000000
METRIC,2026-04-17T23:02:39Z,17179148821809,2336,btc_qm_engine:btc_ptmc_accept,1.0000000000
METRIC,2026-04-17T23:02:39Z,17179148847529,2336,btc_qm_engine:btc_ptmc_rep_hot,7.0000000000
METRIC,2026-04-17T23:02:39Z,17179148873239,2336,btc_qm_engine:btc_ptmc_rep_cold,6.0000000000
METRIC,2026-04-17T23:02:39Z,17179148899689,2336,btc_qm_engine:btc_ptmc_accept,1.0000000000
METRIC,2026-04-17T23:02:39Z,17179202340078,2336,btc_qm_engine:btc_hashrate_mhs,0.6939481513
METRIC,2026-04-17T23:02:39Z,17179202502068,2336,btc_qm_engine:btc_hashrate_thread_id,1.0000000000
METRIC,2026-04-17T23:02:39Z,17179231929588,2336,btc_qm_engine:btc_nx48_delta_nonce_old,46.5800133356
METRIC,2026-04-17T23:02:39Z,17179232024448,2336,btc_qm_engine:btc_nx48_delta_nonce_new,44.9942956878
METRIC,2026-04-17T23:02:39Z,17179232055438,2336,btc_qm_engine:btc_nx48_batch_old,4.0000000000
METRIC,2026-04-17T23:02:39Z,17179232083408,2336,btc_qm_engine:btc_nx48_batch_new,4.0000000000
METRIC,2026-04-17T23:02:39Z,17179232110828,2336,btc_qm_engine:btc_nx48_loss,0.3181457113
METRIC,2026-04-17T23:02:39Z,17179232139008,2336,btc_qm_engine:btc_nx48_grad_norm,0.0666458537
METRIC,2026-04-17T23:02:39Z,17179232167038,2336,btc_qm_engine:btc_nx48_update_count,3264.0000000000
METRIC,2026-04-17T23:02:39Z,17179232194678,2336,btc_qm_engine:btc_nx48_exploration_bias,0.9582667799
METRIC,2026-04-17T23:02:39Z,17179232227548,2336,btc_qm_engine:btc_nx48_dual_blend,0.2000000000
METRIC,2026-04-17T23:02:39Z,17179232256728,2336,btc_qm_engine:btc_hashrate_mhs,0.6940247171
METRIC,2026-04-17T23:02:39Z,17179232297008,2336,btc_qm_engine:btc_hashrate_thread_id,0.0000000000
METRIC,2026-04-17T23:02:39Z,17179251915837,2336,btc_qm_engine:btc_ptmc_rep_hot,1.0000000000
METRIC,2026-04-17T23:02:39Z,17179251989527,2336,btc_qm_engine:btc_ptmc_rep_cold,0.0000000000
METRIC,2026-04-17T23:02:39Z,17179252031967,2336,btc_qm_engine:btc_ptmc_accept,1.0000000000
METRIC,2026-04-17T23:02:39Z,17179252061027,2336,btc_qm_engine:btc_ptmc_rep_hot,2.0000000000
METRIC,2026-04-17T23:02:39Z,17179252087847,2336,btc_qm_engine:btc_ptmc_rep_cold,1.0000000000
METRIC,2026-04-17T23:02:39Z,17179252114417,2336,btc_qm_engine:btc_ptmc_accept,0.7165624298
METRIC,2026-04-17T23:02:39Z,17179252142707,2336,btc_qm_engine:btc_ptmc_rep_hot,3.0000000000
METRIC,2026-04-17T23:02:39Z,17179252169527,2336,btc_qm_engine:btc_ptmc_rep_cold,2.0000000000
METRIC,2026-04-17T23:02:39Z,17179252196007,2336,btc_qm_engine:btc_ptmc_accept,0.8464909161
METRIC,2026-04-17T23:02:39Z,17179252223127,2336,btc_qm_engine:btc_ptmc_rep_hot,4.0000000000
METRIC,2026-04-17T23:02:39Z,17179252249547,2336,btc_qm_engine:btc_ptmc_rep_cold,3.0000000000
METRIC,2026-04-17T23:02:39Z,17179252281747,2336,btc_qm_engine:btc_ptmc_accept,0.9048409551
METRIC,2026-04-17T23:02:39Z,17179252320137,2336,btc_qm_engine:btc_ptmc_rep_hot,5.0000000000
METRIC,2026-04-17T23:02:39Z,17179252353867,2336,btc_qm_engine:btc_ptmc_rep_cold,4.0000000000
METRIC,2026-04-17T23:02:39Z,17179252380487,2336,btc_qm_engine:btc_ptmc_accept,0.9394144973
METRIC,2026-04-17T23:02:39Z,17179252409377,2336,btc_qm_engine:btc_ptmc_rep_hot,6.0000000000
METRIC,2026-04-17T23:02:39Z,17179252437877,2336,btc_qm_engine:btc_ptmc_rep_cold,5.0000000000
METRIC,2026-04-17T23:02:39Z,17179252466027,2336,btc_qm_engine:btc_ptmc_accept,0.9642900774
METRIC,2026-04-17T23:02:39Z,17179252494577,2336,btc_qm_engine:btc_ptmc_rep_hot,7.0000000000
METRIC,2026-04-17T23:02:39Z,17179252523407,2336,btc_qm_engine:btc_ptmc_rep_cold,6.0000000000
METRIC,2026-04-17T23:02:39Z,17179252569027,2336,btc_qm_engine:btc_ptmc_accept,0.9767452464
METRIC,2026-04-17T23:02:39Z,17179354566565,2336,btc_qm_engine:btc_ptmc_rep_hot,1.0000000000
METRIC,2026-04-17T23:02:39Z,17179354635045,2336,btc_qm_engine:btc_ptmc_rep_cold,0.0000000000
METRIC,2026-04-17T23:02:39Z,17179354657295,2336,btc_qm_engine:btc_ptmc_accept,1.0000000000
METRIC,2026-04-17T23:02:39Z,17179354682575,2336,btc_qm_engine:btc_ptmc_rep_hot,2.0000000000
METRIC,2026-04-17T23:02:39Z,17179354702365,2336,btc_qm_engine:btc_ptmc_rep_cold,1.0000000000
METRIC,2026-04-17T23:02:39Z,17179354722045,2336,btc_qm_engine:btc_ptmc_accept,1.0000000000
METRIC,2026-04-17T23:02:39Z,17179354744645,2336,btc_qm_engine:btc_ptmc_rep_hot,3.0000000000
METRIC,2026-04-17T23:02:39Z,17179354771845,2336,btc_qm_engine:btc_ptmc_rep_cold,2.0000000000
METRIC,2026-04-17T23:02:39Z,17179354797605,2336,btc_qm_engine:btc_ptmc_accept,1.0000000000
METRIC,2026-04-17T23:02:39Z,17179354824935,2336,btc_qm_engine:btc_ptmc_rep_hot,4.0000000000
METRIC,2026-04-17T23:02:39Z,17179354854235,2336,btc_qm_engine:btc_ptmc_rep_cold,3.0000000000
METRIC,2026-04-17T23:02:39Z,17179354875985,2336,btc_qm_engine:btc_ptmc_accept,1.0000000000
METRIC,2026-04-17T23:02:39Z,17179354895365,2336,btc_qm_engine:btc_ptmc_rep_hot,5.0000000000
METRIC,2026-04-17T23:02:39Z,17179354914585,2336,btc_qm_engine:btc_ptmc_rep_cold,4.0000000000
METRIC,2026-04-17T23:02:39Z,17179354933925,2336,btc_qm_engine:btc_ptmc_accept,1.0000000000
METRIC,2026-04-17T23:02:39Z,17179354953285,2336,btc_qm_engine:btc_ptmc_rep_hot,6.0000000000
METRIC,2026-04-17T23:02:39Z,17179354972485,2336,btc_qm_engine:btc_ptmc_rep_cold,5.0000000000
METRIC,2026-04-17T23:02:39Z,17179354991535,2336,btc_qm_engine:btc_ptmc_accept,1.0000000000
METRIC,2026-04-17T23:02:39Z,17179355051735,2336,btc_qm_engine:btc_ptmc_rep_hot,7.0000000000
METRIC,2026-04-17T23:02:39Z,17179355075145,2336,btc_qm_engine:btc_ptmc_rep_cold,6.0000000000
METRIC,2026-04-17T23:02:39Z,17179355101225,2336,btc_qm_engine:btc_ptmc_accept,1.0000000000
METRIC,2026-04-17T23:02:39Z,17179454707183,2336,btc_qm_engine:btc_ptmc_rep_hot,1.0000000000
METRIC,2026-04-17T23:02:39Z,17179454796283,2336,btc_qm_engine:btc_ptmc_rep_cold,0.0000000000
METRIC,2026-04-17T23:02:39Z,17179454825113,2336,btc_qm_engine:btc_ptmc_accept,1.0000000000
METRIC,2026-04-17T23:02:39Z,17179454857323,2336,btc_qm_engine:btc_ptmc_rep_hot,2.0000000000
METRIC,2026-04-17T23:02:39Z,17179454887583,2336,btc_qm_engine:btc_ptmc_rep_cold,1.0000000000
METRIC,2026-04-17T23:02:39Z,17179454928503,2336,btc_qm_engine:btc_ptmc_accept,1.0000000000
METRIC,2026-04-17T23:02:39Z,17179454973943,2336,btc_qm_engine:btc_ptmc_rep_hot,3.0000000000
METRIC,2026-04-17T23:02:39Z,17179455063473,2336,btc_qm_engine:btc_ptmc_rep_cold,2.0000000000
METRIC,2026-04-17T23:02:39Z,17179455097953,2336,btc_qm_engine:btc_ptmc_accept,1.0000000000
METRIC,2026-04-17T23:02:39Z,17179455125593,2336,btc_qm_engine:btc_ptmc_rep_hot,4.0000000000
METRIC,2026-04-17T23:02:39Z,17179455152723,2336,btc_qm_engine:btc_ptmc_rep_cold,3.0000000000
METRIC,2026-04-17T23:02:39Z,17179455201603,2336,btc_qm_engine:btc_ptmc_accept,1.0000000000
METRIC,2026-04-17T23:02:39Z,17179455229053,2336,btc_qm_engine:btc_ptmc_rep_hot,5.0000000000
METRIC,2026-04-17T23:02:39Z,17179455282263,2336,btc_qm_engine:btc_ptmc_rep_cold,4.0000000000
METRIC,2026-04-17T23:02:39Z,17179455313233,2336,btc_qm_engine:btc_ptmc_accept,1.0000000000
METRIC,2026-04-17T23:02:39Z,17179455342893,2336,btc_qm_engine:btc_ptmc_rep_hot,6.0000000000
METRIC,2026-04-17T23:02:39Z,17179455371883,2336,btc_qm_engine:btc_ptmc_rep_cold,5.0000000000
METRIC,2026-04-17T23:02:39Z,17179455400773,2336,btc_qm_engine:btc_ptmc_accept,1.0000000000
METRIC,2026-04-17T23:02:39Z,17179455428203,2336,btc_qm_engine:btc_ptmc_rep_hot,7.0000000000
METRIC,2026-04-17T23:02:39Z,17179455455443,2336,btc_qm_engine:btc_ptmc_rep_cold,6.0000000000
METRIC,2026-04-17T23:02:39Z,17179455482543,2336,btc_qm_engine:btc_ptmc_accept,1.0000000000
METRIC,2026-04-17T23:02:39Z,17179556520461,2336,btc_qm_engine:btc_ptmc_rep_hot,1.0000000000
METRIC,2026-04-17T23:02:39Z,17179556606031,2336,btc_qm_engine:btc_ptmc_rep_cold,0.0000000000
METRIC,2026-04-17T23:02:39Z,17179556663411,2336,btc_qm_engine:btc_ptmc_accept,-0.2636887251
METRIC,2026-04-17T23:02:39Z,17179556699641,2336,btc_qm_engine:btc_ptmc_rep_hot,2.0000000000
METRIC,2026-04-17T23:02:39Z,17179556728111,2336,btc_qm_engine:btc_ptmc_rep_cold,1.0000000000
METRIC,2026-04-17T23:02:39Z,17179556753611,2336,btc_qm_engine:btc_ptmc_accept,1.0000000000
METRIC,2026-04-17T23:02:39Z,17179556783321,2336,btc_qm_engine:btc_ptmc_rep_hot,3.0000000000
METRIC,2026-04-17T23:02:39Z,17179556811431,2336,btc_qm_engine:btc_ptmc_rep_cold,2.0000000000
METRIC,2026-04-17T23:02:39Z,17179556839321,2336,btc_qm_engine:btc_ptmc_accept,1.0000000000
METRIC,2026-04-17T23:02:39Z,17179556873461,2336,btc_qm_engine:btc_ptmc_rep_hot,4.0000000000
METRIC,2026-04-17T23:02:39Z,17179556900831,2336,btc_qm_engine:btc_ptmc_rep_cold,3.0000000000
METRIC,2026-04-17T23:02:39Z,17179556931091,2336,btc_qm_engine:btc_ptmc_accept,1.0000000000
METRIC,2026-04-17T23:02:39Z,17179556960571,2336,btc_qm_engine:btc_ptmc_rep_hot,5.0000000000
METRIC,2026-04-17T23:02:39Z,17179556987901,2336,btc_qm_engine:btc_ptmc_rep_cold,4.0000000000
METRIC,2026-04-17T23:02:39Z,17179557081221,2336,btc_qm_engine:btc_ptmc_accept,1.0000000000
METRIC,2026-04-17T23:02:39Z,17179557110241,2336,btc_qm_engine:btc_ptmc_rep_hot,6.0000000000
METRIC,2026-04-17T23:02:39Z,17179557138061,2336,btc_qm_engine:btc_ptmc_rep_cold,5.0000000000
METRIC,2026-04-17T23:02:39Z,17179557176501,2336,btc_qm_engine:btc_ptmc_accept,1.0000000000
METRIC,2026-04-17T23:02:39Z,17179557203841,2336,btc_qm_engine:btc_ptmc_rep_hot,7.0000000000
METRIC,2026-04-17T23:02:39Z,17179557238801,2336,btc_qm_engine:btc_ptmc_rep_cold,6.0000000000
METRIC,2026-04-17T23:02:39Z,17179557271091,2336,btc_qm_engine:btc_ptmc_accept,1.0000000000
METRIC,2026-04-17T23:02:39Z,17179658066210,2336,btc_qm_engine:btc_ptmc_rep_hot,1.0000000000
METRIC,2026-04-17T23:02:39Z,17179658159410,2336,btc_qm_engine:btc_ptmc_rep_cold,0.0000000000
METRIC,2026-04-17T23:02:39Z,17179658183230,2336,btc_qm_engine:btc_ptmc_accept,-0.0695919752
METRIC,2026-04-17T23:02:39Z,17179658221140,2336,btc_qm_engine:btc_ptmc_rep_hot,2.0000000000
METRIC,2026-04-17T23:02:39Z,17179658250390,2336,btc_qm_engine:btc_ptmc_rep_cold,1.0000000000
METRIC,2026-04-17T23:02:39Z,17179658282180,2336,btc_qm_engine:btc_ptmc_accept,1.0000000000
METRIC,2026-04-17T23:02:39Z,17179658320790,2336,btc_qm_engine:btc_ptmc_rep_hot,3.0000000000
METRIC,2026-04-17T23:02:39Z,17179658349250,2336,btc_qm_engine:btc_ptmc_rep_cold,2.0000000000
METRIC,2026-04-17T23:02:39Z,17179658376300,2336,btc_qm_engine:btc_ptmc_accept,1.0000000000
METRIC,2026-04-17T23:02:39Z,17179658404330,2336,btc_qm_engine:btc_ptmc_rep_hot,4.0000000000
METRIC,2026-04-17T23:02:39Z,17179658431530,2336,btc_qm_engine:btc_ptmc_rep_cold,3.0000000000
METRIC,2026-04-17T23:02:39Z,17179658458710,2336,btc_qm_engine:btc_ptmc_accept,1.0000000000
METRIC,2026-04-17T23:02:39Z,17179658486060,2336,btc_qm_engine:btc_ptmc_rep_hot,5.0000000000
METRIC,2026-04-17T23:02:39Z,17179658513130,2336,btc_qm_engine:btc_ptmc_rep_cold,4.0000000000
METRIC,2026-04-17T23:02:39Z,17179658567770,2336,btc_qm_engine:btc_ptmc_accept,1.0000000000
METRIC,2026-04-17T23:02:39Z,17179658595630,2336,btc_qm_engine:btc_ptmc_rep_hot,6.0000000000
METRIC,2026-04-17T23:02:39Z,17179658622860,2336,btc_qm_engine:btc_ptmc_rep_cold,5.0000000000
METRIC,2026-04-17T23:02:39Z,17179658650020,2336,btc_qm_engine:btc_ptmc_accept,1.0000000000
METRIC,2026-04-17T23:02:39Z,17179658676940,2336,btc_qm_engine:btc_ptmc_rep_hot,7.0000000000
METRIC,2026-04-17T23:02:39Z,17179658703799,2336,btc_qm_engine:btc_ptmc_rep_cold,6.0000000000
METRIC,2026-04-17T23:02:39Z,17179658730819,2336,btc_qm_engine:btc_ptmc_accept,1.0000000000
METRIC,2026-04-17T23:02:39Z,17179758735158,2336,btc_qm_engine:btc_ptmc_rep_hot,1.0000000000
METRIC,2026-04-17T23:02:39Z,17179758816388,2336,btc_qm_engine:btc_ptmc_rep_cold,0.0000000000
METRIC,2026-04-17T23:02:39Z,17179758839308,2336,btc_qm_engine:btc_ptmc_accept,-0.2638537189
METRIC,2026-04-17T23:02:39Z,17179758866968,2336,btc_qm_engine:btc_ptmc_rep_hot,2.0000000000
METRIC,2026-04-17T23:02:39Z,17179758895058,2336,btc_qm_engine:btc_ptmc_rep_cold,1.0000000000
METRIC,2026-04-17T23:02:39Z,17179758923138,2336,btc_qm_engine:btc_ptmc_accept,1.0000000000
METRIC,2026-04-17T23:02:39Z,17179758951918,2336,btc_qm_engine:btc_ptmc_rep_hot,3.0000000000
METRIC,2026-04-17T23:02:39Z,17179758979798,2336,btc_qm_engine:btc_ptmc_rep_cold,2.0000000000
METRIC,2026-04-17T23:02:39Z,17179759019588,2336,btc_qm_engine:btc_ptmc_accept,1.0000000000
METRIC,2026-04-17T23:02:39Z,17179759046818,2336,btc_qm_engine:btc_ptmc_rep_hot,4.0000000000
METRIC,2026-04-17T23:02:39Z,17179759074498,2336,btc_qm_engine:btc_ptmc_rep_cold,3.0000000000
METRIC,2026-04-17T23:02:39Z,17179759101858,2336,btc_qm_engine:btc_ptmc_accept,1.0000000000
METRIC,2026-04-17T23:02:39Z,17179759143058,2336,btc_qm_engine:btc_ptmc_rep_hot,5.0000000000
METRIC,2026-04-17T23:02:39Z,17179759178098,2336,btc_qm_engine:btc_ptmc_rep_cold,4.0000000000
METRIC,2026-04-17T23:02:39Z,17179759205618,2336,btc_qm_engine:btc_ptmc_accept,1.0000000000
METRIC,2026-04-17T23:02:39Z,17179759232818,2336,btc_qm_engine:btc_ptmc_rep_hot,6.0000000000
METRIC,2026-04-17T23:02:39Z,17179759259908,2336,btc_qm_engine:btc_ptmc_rep_cold,5.0000000000
METRIC,2026-04-17T23:02:39Z,17179759287288,2336,btc_qm_engine:btc_ptmc_accept,1.0000000000
METRIC,2026-04-17T23:02:39Z,17179759314888,2336,btc_qm_engine:btc_ptmc_rep_hot,7.0000000000
METRIC,2026-04-17T23:02:39Z,17179759341928,2336,btc_qm_engine:btc_ptmc_rep_cold,6.0000000000
METRIC,2026-04-17T23:02:39Z,17179759371338,2336,btc_qm_engine:btc_ptmc_accept,1.0000000000
METRIC,2026-04-17T23:02:40Z,17179861693276,2336,btc_qm_engine:btc_ptmc_rep_hot,1.0000000000
METRIC,2026-04-17T23:02:40Z,17179861769176,2336,btc_qm_engine:btc_ptmc_rep_cold,0.0000000000
METRIC,2026-04-17T23:02:40Z,17179861792696,2336,btc_qm_engine:btc_ptmc_accept,1.0000000000
METRIC,2026-04-17T23:02:40Z,17179861826736,2336,btc_qm_engine:btc_ptmc_rep_hot,2.0000000000
METRIC,2026-04-17T23:02:40Z,17179861855736,2336,btc_qm_engine:btc_ptmc_rep_cold,1.0000000000
METRIC,2026-04-17T23:02:40Z,17179861883136,2336,btc_qm_engine:btc_ptmc_accept,1.0000000000
METRIC,2026-04-17T23:02:40Z,17179861917726,2336,btc_qm_engine:btc_ptmc_rep_hot,3.0000000000
METRIC,2026-04-17T23:02:40Z,17179861987356,2336,btc_qm_engine:btc_ptmc_rep_cold,2.0000000000
METRIC,2026-04-17T23:02:40Z,17179862021766,2336,btc_qm_engine:btc_ptmc_accept,1.0000000000
METRIC,2026-04-17T23:02:40Z,17179862049956,2336,btc_qm_engine:btc_ptmc_rep_hot,4.0000000000
METRIC,2026-04-17T23:02:40Z,17179862075466,2336,btc_qm_engine:btc_ptmc_rep_cold,3.0000000000
METRIC,2026-04-17T23:02:40Z,17179862100836,2336,btc_qm_engine:btc_ptmc_accept,1.0000000000
METRIC,2026-04-17T23:02:40Z,17179862121726,2336,btc_qm_engine:btc_ptmc_rep_hot,5.0000000000
METRIC,2026-04-17T23:02:40Z,17179862150486,2336,btc_qm_engine:btc_ptmc_rep_cold,4.0000000000
METRIC,2026-04-17T23:02:40Z,17179862179456,2336,btc_qm_engine:btc_ptmc_accept,1.0000000000
METRIC,2026-04-17T23:02:40Z,17179862278866,2336,btc_qm_engine:btc_ptmc_rep_hot,6.0000000000
METRIC,2026-04-17T23:02:40Z,17179862311586,2336,btc_qm_engine:btc_ptmc_rep_cold,5.0000000000
METRIC,2026-04-17T23:02:40Z,17179862383586,2336,btc_qm_engine:btc_ptmc_accept,1.0000000000
METRIC,2026-04-17T23:02:40Z,17179862411896,2336,btc_qm_engine:btc_ptmc_rep_hot,7.0000000000
METRIC,2026-04-17T23:02:40Z,17179862438906,2336,btc_qm_engine:btc_ptmc_rep_cold,6.0000000000
METRIC,2026-04-17T23:02:40Z,17179862466326,2336,btc_qm_engine:btc_ptmc_accept,1.0000000000
METRIC,2026-04-17T23:02:40Z,17179963392624,2336,btc_qm_engine:btc_ptmc_rep_hot,1.0000000000
METRIC,2026-04-17T23:02:40Z,17179963478994,2336,btc_qm_engine:btc_ptmc_rep_cold,0.0000000000
METRIC,2026-04-17T23:02:40Z,17179963509164,2336,btc_qm_engine:btc_ptmc_accept,1.0000000000
METRIC,2026-04-17T23:02:40Z,17179963545304,2336,btc_qm_engine:btc_ptmc_rep_hot,2.0000000000
METRIC,2026-04-17T23:02:40Z,17179963573204,2336,btc_qm_engine:btc_ptmc_rep_cold,1.0000000000
METRIC,2026-04-17T23:02:40Z,17179963609964,2336,btc_qm_engine:btc_ptmc_accept,1.0000000000
METRIC,2026-04-17T23:02:40Z,17179963651564,2336,btc_qm_engine:btc_ptmc_rep_hot,3.0000000000
METRIC,2026-04-17T23:02:40Z,17179963677844,2336,btc_qm_engine:btc_ptmc_rep_cold,2.0000000000
METRIC,2026-04-17T23:02:40Z,17179963704024,2336,btc_qm_engine:btc_ptmc_accept,1.0000000000
METRIC,2026-04-17T23:02:40Z,17179963730184,2336,btc_qm_engine:btc_ptmc_rep_hot,4.0000000000
METRIC,2026-04-17T23:02:40Z,17179963756924,2336,btc_qm_engine:btc_ptmc_rep_cold,3.0000000000
METRIC,2026-04-17T23:02:40Z,17179963783454,2336,btc_qm_engine:btc_ptmc_accept,1.0000000000
METRIC,2026-04-17T23:02:40Z,17179963811024,2336,btc_qm_engine:btc_ptmc_rep_hot,5.0000000000
METRIC,2026-04-17T23:02:40Z,17179963991524,2336,btc_qm_engine:btc_ptmc_rep_cold,4.0000000000
METRIC,2026-04-17T23:02:40Z,17179964080014,2336,btc_qm_engine:btc_ptmc_accept,1.0000000000
METRIC,2026-04-17T23:02:40Z,17179964111714,2336,btc_qm_engine:btc_ptmc_rep_hot,6.0000000000
METRIC,2026-04-17T23:02:40Z,17179964138424,2336,btc_qm_engine:btc_ptmc_rep_cold,5.0000000000
METRIC,2026-04-17T23:02:40Z,17179964164494,2336,btc_qm_engine:btc_ptmc_accept,1.0000000000
METRIC,2026-04-17T23:02:40Z,17179964192254,2336,btc_qm_engine:btc_ptmc_rep_hot,7.0000000000
METRIC,2026-04-17T23:02:40Z,17179964219864,2336,btc_qm_engine:btc_ptmc_rep_cold,6.0000000000
METRIC,2026-04-17T23:02:40Z,17179964247484,2336,btc_qm_engine:btc_ptmc_accept,1.0000000000
METRIC,2026-04-17T23:02:40Z,17180066543692,2336,btc_qm_engine:btc_ptmc_rep_hot,1.0000000000
METRIC,2026-04-17T23:02:40Z,17180066617792,2336,btc_qm_engine:btc_ptmc_rep_cold,0.0000000000
METRIC,2026-04-17T23:02:40Z,17180066648262,2336,btc_qm_engine:btc_ptmc_accept,1.0000000000
METRIC,2026-04-17T23:02:40Z,17180066675822,2336,btc_qm_engine:btc_ptmc_rep_hot,2.0000000000
METRIC,2026-04-17T23:02:40Z,17180066702532,2336,btc_qm_engine:btc_ptmc_rep_cold,1.0000000000
METRIC,2026-04-17T23:02:40Z,17180066728172,2336,btc_qm_engine:btc_ptmc_accept,1.0000000000
METRIC,2026-04-17T23:02:40Z,17180066755352,2336,btc_qm_engine:btc_ptmc_rep_hot,3.0000000000
METRIC,2026-04-17T23:02:40Z,17180066822312,2336,btc_qm_engine:btc_ptmc_rep_cold,2.0000000000
METRIC,2026-04-17T23:02:40Z,17180066851092,2336,btc_qm_engine:btc_ptmc_accept,1.0000000000
METRIC,2026-04-17T23:02:40Z,17180066878142,2336,btc_qm_engine:btc_ptmc_rep_hot,4.0000000000
METRIC,2026-04-17T23:02:40Z,17180066905442,2336,btc_qm_engine:btc_ptmc_rep_cold,3.0000000000
METRIC,2026-04-17T23:02:40Z,17180067095192,2336,btc_qm_engine:btc_ptmc_accept,1.0000000000
METRIC,2026-04-17T23:02:40Z,17180067122902,2336,btc_qm_engine:btc_ptmc_rep_hot,5.0000000000
METRIC,2026-04-17T23:02:40Z,17180067150242,2336,btc_qm_engine:btc_ptmc_rep_cold,4.0000000000
METRIC,2026-04-17T23:02:40Z,17180067175932,2336,btc_qm_engine:btc_ptmc_accept,1.0000000000
METRIC,2026-04-17T23:02:40Z,17180067203492,2336,btc_qm_engine:btc_ptmc_rep_hot,6.0000000000
METRIC,2026-04-17T23:02:40Z,17180067231202,2336,btc_qm_engine:btc_ptmc_rep_cold,5.0000000000
METRIC,2026-04-17T23:02:40Z,17180067258262,2336,btc_qm_engine:btc_ptmc_accept,1.0000000000
METRIC,2026-04-17T23:02:40Z,17180067290362,2336,btc_qm_engine:btc_ptmc_rep_hot,7.0000000000
METRIC,2026-04-17T23:02:40Z,17180067326882,2336,btc_qm_engine:btc_ptmc_rep_cold,6.0000000000
METRIC,2026-04-17T23:02:40Z,17180067383172,2336,btc_qm_engine:btc_ptmc_accept,1.0000000000
METRIC,2026-04-17T23:02:40Z,17180170343840,2336,btc_qm_engine:btc_ptmc_rep_hot,1.0000000000
METRIC,2026-04-17T23:02:40Z,17180170429270,2336,btc_qm_engine:btc_ptmc_rep_cold,0.0000000000
METRIC,2026-04-17T23:02:40Z,17180170460260,2336,btc_qm_engine:btc_ptmc_accept,-0.0694834512
METRIC,2026-04-17T23:02:40Z,17180170499140,2336,btc_qm_engine:btc_ptmc_rep_hot,2.0000000000
METRIC,2026-04-17T23:02:40Z,17180170527960,2336,btc_qm_engine:btc_ptmc_rep_cold,1.0000000000
METRIC,2026-04-17T23:02:40Z,17180170555640,2336,btc_qm_engine:btc_ptmc_accept,1.0000000000
METRIC,2026-04-17T23:02:40Z,17180170583210,2336,btc_qm_engine:btc_ptmc_rep_hot,3.0000000000
METRIC,2026-04-17T23:02:40Z,17180170610580,2336,btc_qm_engine:btc_ptmc_rep_cold,2.0000000000
METRIC,2026-04-17T23:02:40Z,17180170637710,2336,btc_qm_engine:btc_ptmc_accept,1.0000000000
METRIC,2026-04-17T23:02:40Z,17180171782280,2336,btc_qm_engine:btc_ptmc_rep_hot,4.0000000000
METRIC,2026-04-17T23:02:40Z,17180171837770,2336,btc_qm_engine:btc_ptmc_rep_cold,3.0000000000
METRIC,2026-04-17T23:02:40Z,17180171868910,2336,btc_qm_engine:btc_ptmc_accept,1.0000000000
METRIC,2026-04-17T23:02:40Z,17180171898930,2336,btc_qm_engine:btc_ptmc_rep_hot,5.0000000000
METRIC,2026-04-17T23:02:40Z,17180171927820,2336,btc_qm_engine:btc_ptmc_rep_cold,4.0000000000
METRIC,2026-04-17T23:02:40Z,17180171956660,2336,btc_qm_engine:btc_ptmc_accept,1.0000000000
METRIC,2026-04-17T23:02:40Z,17180171985720,2336,btc_qm_engine:btc_ptmc_rep_hot,6.0000000000
METRIC,2026-04-17T23:02:40Z,17180172051750,2336,btc_qm_engine:btc_ptmc_rep_cold,5.0000000000
METRIC,2026-04-17T23:02:40Z,17180172081020,2336,btc_qm_engine:btc_ptmc_accept,1.0000000000
METRIC,2026-04-17T23:02:40Z,17180172110040,2336,btc_qm_engine:btc_ptmc_rep_hot,7.0000000000
METRIC,2026-04-17T23:02:40Z,17180172139250,2336,btc_qm_engine:btc_ptmc_rep_cold,6.0000000000
METRIC,2026-04-17T23:02:40Z,17180172166410,2336,btc_qm_engine:btc_ptmc_accept,1.0000000000
METRIC,2026-04-17T23:02:40Z,17180270424268,2336,btc_qm_engine:btc_ptmc_rep_hot,1.0000000000
METRIC,2026-04-17T23:02:40Z,17180270498558,2336,btc_qm_engine:btc_ptmc_rep_cold,0.0000000000
METRIC,2026-04-17T23:02:40Z,17180270527598,2336,btc_qm_engine:btc_ptmc_accept,-0.2636887251
METRIC,2026-04-17T23:02:40Z,17180270568428,2336,btc_qm_engine:btc_ptmc_rep_hot,2.0000000000
METRIC,2026-04-17T23:02:40Z,17180270602898,2336,btc_qm_engine:btc_ptmc_rep_cold,1.0000000000
METRIC,2026-04-17T23:02:40Z,17180270627158,2336,btc_qm_engine:btc_ptmc_accept,1.0000000000
METRIC,2026-04-17T23:02:40Z,17180270656208,2336,btc_qm_engine:btc_ptmc_rep_hot,3.0000000000
METRIC,2026-04-17T23:02:40Z,17180270685698,2336,btc_qm_engine:btc_ptmc_rep_cold,2.0000000000
METRIC,2026-04-17T23:02:40Z,17180270711848,2336,btc_qm_engine:btc_ptmc_accept,1.0000000000
METRIC,2026-04-17T23:02:40Z,17180270738918,2336,btc_qm_engine:btc_ptmc_rep_hot,4.0000000000
METRIC,2026-04-17T23:02:40Z,17180270766158,2336,btc_qm_engine:btc_ptmc_rep_cold,3.0000000000
METRIC,2026-04-17T23:02:40Z,17180270794178,2336,btc_qm_engine:btc_ptmc_accept,1.0000000000
METRIC,2026-04-17T23:02:40Z,17180273207028,2336,btc_qm_engine:btc_ptmc_rep_hot,5.0000000000
METRIC,2026-04-17T23:02:40Z,17180273235258,2336,btc_qm_engine:btc_ptmc_rep_cold,4.0000000000
METRIC,2026-04-17T23:02:40Z,17180273264948,2336,btc_qm_engine:btc_ptmc_accept,1.0000000000
METRIC,2026-04-17T23:02:40Z,17180273288288,2336,btc_qm_engine:btc_ptmc_rep_hot,6.0000000000
METRIC,2026-04-17T23:02:40Z,17180273311098,2336,btc_qm_engine:btc_ptmc_rep_cold,5.0000000000
METRIC,2026-04-17T23:02:40Z,17180273333848,2336,btc_qm_engine:btc_ptmc_accept,1.0000000000
METRIC,2026-04-17T23:02:40Z,17180273363908,2336,btc_qm_engine:btc_ptmc_rep_hot,7.0000000000
METRIC,2026-04-17T23:02:40Z,17180273395528,2336,btc_qm_engine:btc_ptmc_rep_cold,6.0000000000
METRIC,2026-04-17T23:02:40Z,17180273435288,2336,btc_qm_engine:btc_ptmc_accept,1.0000000000
METRIC,2026-04-17T23:02:40Z,17180373087576,2336,btc_qm_engine:btc_ptmc_rep_hot,1.0000000000
METRIC,2026-04-17T23:02:40Z,17180373320106,2336,btc_qm_engine:btc_ptmc_rep_cold,0.0000000000
METRIC,2026-04-17T23:02:40Z,17180373350996,2336,btc_qm_engine:btc_ptmc_accept,1.0000000000
METRIC,2026-04-17T23:02:40Z,17180373382506,2336,btc_qm_engine:btc_ptmc_rep_hot,2.0000000000
METRIC,2026-04-17T23:02:40Z,17180373469546,2336,btc_qm_engine:btc_ptmc_rep_cold,1.0000000000
METRIC,2026-04-17T23:02:40Z,17180373606586,2336,btc_qm_engine:btc_ptmc_accept,1.0000000000
METRIC,2026-04-17T23:02:40Z,17180373641036,2336,btc_qm_engine:btc_ptmc_rep_hot,3.0000000000
METRIC,2026-04-17T23:02:40Z,17180373669656,2336,btc_qm_engine:btc_ptmc_rep_cold,2.0000000000
METRIC,2026-04-17T23:02:40Z,17180373697236,2336,btc_qm_engine:btc_ptmc_accept,1.0000000000
METRIC,2026-04-17T23:02:40Z,17180373724666,2336,btc_qm_engine:btc_ptmc_rep_hot,4.0000000000
METRIC,2026-04-17T23:02:40Z,17180373751496,2336,btc_qm_engine:btc_ptmc_rep_cold,3.0000000000
METRIC,2026-04-17T23:02:40Z,17180373778676,2336,btc_qm_engine:btc_ptmc_accept,1.0000000000
METRIC,2026-04-17T23:02:40Z,17180373805966,2336,btc_qm_engine:btc_ptmc_rep_hot,5.0000000000
METRIC,2026-04-17T23:02:40Z,17180373833026,2336,btc_qm_engine:btc_ptmc_rep_cold,4.0000000000
METRIC,2026-04-17T23:02:40Z,17180373859816,2336,btc_qm_engine:btc_ptmc_accept,1.0000000000
METRIC,2026-04-17T23:02:40Z,17180373886926,2336,btc_qm_engine:btc_ptmc_rep_hot,6.0000000000
METRIC,2026-04-17T23:02:40Z,17180373914176,2336,btc_qm_engine:btc_ptmc_rep_cold,5.0000000000
METRIC,2026-04-17T23:02:40Z,17180373941016,2336,btc_qm_engine:btc_ptmc_accept,1.0000000000
METRIC,2026-04-17T23:02:40Z,17180373968436,2336,btc_qm_engine:btc_ptmc_rep_hot,7.0000000000
METRIC,2026-04-17T23:02:40Z,17180373995576,2336,btc_qm_engine:btc_ptmc_rep_cold,6.0000000000
METRIC,2026-04-17T23:02:40Z,17180374194196,2336,btc_qm_engine:btc_ptmc_accept,1.0000000000
METRIC,2026-04-17T23:02:40Z,17180473325824,2336,btc_qm_engine:btc_ptmc_rep_hot,1.0000000000
METRIC,2026-04-17T23:02:40Z,17180473397144,2336,btc_qm_engine:btc_ptmc_rep_cold,0.0000000000
METRIC,2026-04-17T23:02:40Z,17180473427484,2336,btc_qm_engine:btc_ptmc_accept,1.0000000000
METRIC,2026-04-17T23:02:40Z,17180473461184,2336,btc_qm_engine:btc_ptmc_rep_hot,2.0000000000
METRIC,2026-04-17T23:02:40Z,17180473493324,2336,btc_qm_engine:btc_ptmc_rep_cold,1.0000000000
METRIC,2026-04-17T23:02:40Z,17180473530664,2336,btc_qm_engine:btc_ptmc_accept,0.7165485813
METRIC,2026-04-17T23:02:40Z,17180473567224,2336,btc_qm_engine:btc_ptmc_rep_hot,3.0000000000
METRIC,2026-04-17T23:02:40Z,17180473593774,2336,btc_qm_engine:btc_ptmc_rep_cold,2.0000000000
METRIC,2026-04-17T23:02:40Z,17180473617474,2336,btc_qm_engine:btc_ptmc_accept,-0.8464868258
METRIC,2026-04-17T23:02:40Z,17180473644444,2336,btc_qm_engine:btc_ptmc_rep_hot,4.0000000000
METRIC,2026-04-17T23:02:40Z,17180473684424,2336,btc_qm_engine:btc_ptmc_rep_cold,3.0000000000
METRIC,2026-04-17T23:02:40Z,17180473711054,2336,btc_qm_engine:btc_ptmc_accept,1.0000000000
METRIC,2026-04-17T23:02:40Z,17180473737204,2336,btc_qm_engine:btc_ptmc_rep_hot,5.0000000000
METRIC,2026-04-17T23:02:40Z,17180473762154,2336,btc_qm_engine:btc_ptmc_rep_cold,4.0000000000
METRIC,2026-04-17T23:02:40Z,17180473782764,2336,btc_qm_engine:btc_ptmc_accept,1.0000000000
METRIC,2026-04-17T23:02:40Z,17180473803714,2336,btc_qm_engine:btc_ptmc_rep_hot,6.0000000000
METRIC,2026-04-17T23:02:40Z,17180473834664,2336,btc_qm_engine:btc_ptmc_rep_cold,5.0000000000
METRIC,2026-04-17T23:02:40Z,17180473862314,2336,btc_qm_engine:btc_ptmc_accept,1.0000000000
METRIC,2026-04-17T23:02:40Z,17180473891814,2336,btc_qm_engine:btc_ptmc_rep_hot,7.0000000000
METRIC,2026-04-17T23:02:40Z,17180473918484,2336,btc_qm_engine:btc_ptmc_rep_cold,6.0000000000
METRIC,2026-04-17T23:02:40Z,17180473947664,2336,btc_qm_engine:btc_ptmc_accept,1.0000000000
METRIC,2026-04-17T23:02:40Z,17180578402752,2336,btc_qm_engine:btc_ptmc_rep_hot,1.0000000000
METRIC,2026-04-17T23:02:40Z,17180578477082,2336,btc_qm_engine:btc_ptmc_rep_cold,0.0000000000
METRIC,2026-04-17T23:02:40Z,17180578504962,2336,btc_qm_engine:btc_ptmc_accept,1.0000000000
METRIC,2026-04-17T23:02:40Z,17180578562532,2336,btc_qm_engine:btc_ptmc_rep_hot,2.0000000000
METRIC,2026-04-17T23:02:40Z,17180578683332,2336,btc_qm_engine:btc_ptmc_rep_cold,1.0000000000
METRIC,2026-04-17T23:02:40Z,17180578714722,2336,btc_qm_engine:btc_ptmc_accept,0.5134727291
METRIC,2026-04-17T23:02:40Z,17180578749952,2336,btc_qm_engine:btc_ptmc_rep_hot,3.0000000000
METRIC,2026-04-17T23:02:40Z,17180578778702,2336,btc_qm_engine:btc_ptmc_rep_cold,2.0000000000
METRIC,2026-04-17T23:02:40Z,17180578806682,2336,btc_qm_engine:btc_ptmc_accept,0.6065552967
METRIC,2026-04-17T23:02:40Z,17180578834862,2336,btc_qm_engine:btc_ptmc_rep_hot,4.0000000000
METRIC,2026-04-17T23:02:40Z,17180578862602,2336,btc_qm_engine:btc_ptmc_rep_cold,3.0000000000
METRIC,2026-04-17T23:02:40Z,17180578890382,2336,btc_qm_engine:btc_ptmc_accept,0.7408290539
METRIC,2026-04-17T23:02:40Z,17180578918842,2336,btc_qm_engine:btc_ptmc_rep_hot,5.0000000000
METRIC,2026-04-17T23:02:40Z,17180578946282,2336,btc_qm_engine:btc_ptmc_rep_cold,4.0000000000
METRIC,2026-04-17T23:02:40Z,17180578974302,2336,btc_qm_engine:btc_ptmc_accept,-0.8290338539
METRIC,2026-04-17T23:02:40Z,17180579056642,2336,btc_qm_engine:btc_ptmc_rep_hot,6.0000000000
METRIC,2026-04-17T23:02:40Z,17180579090552,2336,btc_qm_engine:btc_ptmc_rep_cold,5.0000000000
METRIC,2026-04-17T23:02:40Z,17180579118722,2336,btc_qm_engine:btc_ptmc_accept,1.0000000000
METRIC,2026-04-17T23:02:40Z,17180579146482,2336,btc_qm_engine:btc_ptmc_rep_hot,7.0000000000
METRIC,2026-04-17T23:02:40Z,17180579182952,2336,btc_qm_engine:btc_ptmc_rep_cold,6.0000000000
METRIC,2026-04-17T23:02:40Z,17180579216152,2336,btc_qm_engine:btc_ptmc_accept,1.0000000000
METRIC,2026-04-17T23:02:40Z,17180682110330,2336,btc_qm_engine:btc_ptmc_rep_hot,1.0000000000
METRIC,2026-04-17T23:02:40Z,17180682198000,2336,btc_qm_engine:btc_ptmc_rep_cold,0.0000000000
METRIC,2026-04-17T23:02:40Z,17180682226460,2336,btc_qm_engine:btc_ptmc_accept,1.0000000000
METRIC,2026-04-17T23:02:40Z,17180682266860,2336,btc_qm_engine:btc_ptmc_rep_hot,2.0000000000
METRIC,2026-04-17T23:02:40Z,17180682295420,2336,btc_qm_engine:btc_ptmc_rep_cold,1.0000000000
METRIC,2026-04-17T23:02:40Z,17180682323180,2336,btc_qm_engine:btc_ptmc_accept,1.0000000000
METRIC,2026-04-17T23:02:40Z,17180682349830,2336,btc_qm_engine:btc_ptmc_rep_hot,3.0000000000
METRIC,2026-04-17T23:02:40Z,17180682377350,2336,btc_qm_engine:btc_ptmc_rep_cold,2.0000000000
METRIC,2026-04-17T23:02:40Z,17180682405190,2336,btc_qm_engine:btc_ptmc_accept,1.0000000000
METRIC,2026-04-17T23:02:40Z,17180682432970,2336,btc_qm_engine:btc_ptmc_rep_hot,4.0000000000
METRIC,2026-04-17T23:02:40Z,17180682460260,2336,btc_qm_engine:btc_ptmc_rep_cold,3.0000000000
METRIC,2026-04-17T23:02:40Z,17180682487760,2336,btc_qm_engine:btc_ptmc_accept,1.0000000000
METRIC,2026-04-17T23:02:40Z,17180682515800,2336,btc_qm_engine:btc_ptmc_rep_hot,5.0000000000
METRIC,2026-04-17T23:02:40Z,17180682543440,2336,btc_qm_engine:btc_ptmc_rep_cold,4.0000000000
METRIC,2026-04-17T23:02:40Z,17180682579520,2336,btc_qm_engine:btc_ptmc_accept,1.0000000000
METRIC,2026-04-17T23:02:40Z,17180682606390,2336,btc_qm_engine:btc_ptmc_rep_hot,6.0000000000
METRIC,2026-04-17T23:02:40Z,17180682636350,2336,btc_qm_engine:btc_ptmc_rep_cold,5.0000000000
METRIC,2026-04-17T23:02:40Z,17180682664140,2336,btc_qm_engine:btc_ptmc_accept,1.0000000000
METRIC,2026-04-17T23:02:40Z,17180682693960,2336,btc_qm_engine:btc_ptmc_rep_hot,7.0000000000
METRIC,2026-04-17T23:02:40Z,17180682723410,2336,btc_qm_engine:btc_ptmc_rep_cold,6.0000000000
METRIC,2026-04-17T23:02:40Z,17180682750990,2336,btc_qm_engine:btc_ptmc_accept,1.0000000000
METRIC,2026-04-17T23:02:40Z,17180782253308,2336,btc_qm_engine:btc_ptmc_rep_hot,1.0000000000
METRIC,2026-04-17T23:02:40Z,17180782329528,2336,btc_qm_engine:btc_ptmc_rep_cold,0.0000000000
METRIC,2026-04-17T23:02:40Z,17180782358798,2336,btc_qm_engine:btc_ptmc_accept,-0.1353352832
METRIC,2026-04-17T23:02:40Z,17180782393968,2336,btc_qm_engine:btc_ptmc_rep_hot,2.0000000000
METRIC,2026-04-17T23:02:40Z,17180782424248,2336,btc_qm_engine:btc_ptmc_rep_cold,1.0000000000
METRIC,2026-04-17T23:02:40Z,17180782453108,2336,btc_qm_engine:btc_ptmc_accept,1.0000000000
METRIC,2026-04-17T23:02:40Z,17180782524418,2336,btc_qm_engine:btc_ptmc_rep_hot,3.0000000000
METRIC,2026-04-17T23:02:40Z,17180782560778,2336,btc_qm_engine:btc_ptmc_rep_cold,2.0000000000
METRIC,2026-04-17T23:02:40Z,17180782592848,2336,btc_qm_engine:btc_ptmc_accept,1.0000000000
METRIC,2026-04-17T23:02:40Z,17180782620988,2336,btc_qm_engine:btc_ptmc_rep_hot,4.0000000000
METRIC,2026-04-17T23:02:40Z,17180782650808,2336,btc_qm_engine:btc_ptmc_rep_cold,3.0000000000
METRIC,2026-04-17T23:02:40Z,17180782678278,2336,btc_qm_engine:btc_ptmc_accept,1.0000000000
METRIC,2026-04-17T23:02:40Z,17180782713468,2336,btc_qm_engine:btc_ptmc_rep_hot,5.0000000000
METRIC,2026-04-17T23:02:40Z,17180782745898,2336,btc_qm_engine:btc_ptmc_rep_cold,4.0000000000
METRIC,2026-04-17T23:02:40Z,17180782773308,2336,btc_qm_engine:btc_ptmc_accept,1.0000000000
METRIC,2026-04-17T23:02:40Z,17180782798868,2336,btc_qm_engine:btc_ptmc_rep_hot,6.0000000000
METRIC,2026-04-17T23:02:40Z,17180782824068,2336,btc_qm_engine:btc_ptmc_rep_cold,5.0000000000
METRIC,2026-04-17T23:02:40Z,17180782844648,2336,btc_qm_engine:btc_ptmc_accept,1.0000000000
METRIC,2026-04-17T23:02:40Z,17180782865068,2336,btc_qm_engine:btc_ptmc_rep_hot,7.0000000000
METRIC,2026-04-17T23:02:40Z,17180782885398,2336,btc_qm_engine:btc_ptmc_rep_cold,6.0000000000
METRIC,2026-04-17T23:02:40Z,17180782905948,2336,btc_qm_engine:btc_ptmc_accept,1.0000000000
METRIC,2026-04-17T23:02:41Z,17180883164746,2336,btc_qm_engine:btc_ptmc_rep_hot,1.0000000000
METRIC,2026-04-17T23:02:41Z,17180883248526,2336,btc_qm_engine:btc_ptmc_rep_cold,0.0000000000
METRIC,2026-04-17T23:02:41Z,17180883287066,2336,btc_qm_engine:btc_ptmc_accept,1.0000000000
METRIC,2026-04-17T23:02:41Z,17180883320206,2336,btc_qm_engine:btc_ptmc_rep_hot,2.0000000000
METRIC,2026-04-17T23:02:41Z,17180883473816,2336,btc_qm_engine:btc_ptmc_rep_cold,1.0000000000
METRIC,2026-04-17T23:02:41Z,17180883503276,2336,btc_qm_engine:btc_ptmc_accept,1.0000000000
METRIC,2026-04-17T23:02:41Z,17180883539756,2336,btc_qm_engine:btc_ptmc_rep_hot,3.0000000000
METRIC,2026-04-17T23:02:41Z,17180883571086,2336,btc_qm_engine:btc_ptmc_rep_cold,2.0000000000
METRIC,2026-04-17T23:02:41Z,17180883600456,2336,btc_qm_engine:btc_ptmc_accept,1.0000000000
METRIC,2026-04-17T23:02:41Z,17180883629036,2336,btc_qm_engine:btc_ptmc_rep_hot,4.0000000000
METRIC,2026-04-17T23:02:41Z,17180883659026,2336,btc_qm_engine:btc_ptmc_rep_cold,3.0000000000
METRIC,2026-04-17T23:02:41Z,17180883687916,2336,btc_qm_engine:btc_ptmc_accept,1.0000000000
METRIC,2026-04-17T23:02:41Z,17180883720456,2336,btc_qm_engine:btc_ptmc_rep_hot,5.0000000000
METRIC,2026-04-17T23:02:41Z,17180883752746,2336,btc_qm_engine:btc_ptmc_rep_cold,4.0000000000
METRIC,2026-04-17T23:02:41Z,17180883782566,2336,btc_qm_engine:btc_ptmc_accept,1.0000000000
METRIC,2026-04-17T23:02:41Z,17180883813976,2336,btc_qm_engine:btc_ptmc_rep_hot,6.0000000000
METRIC,2026-04-17T23:02:41Z,17180883841496,2336,btc_qm_engine:btc_ptmc_rep_cold,5.0000000000
METRIC,2026-04-17T23:02:41Z,17180883865976,2336,btc_qm_engine:btc_ptmc_accept,1.0000000000
METRIC,2026-04-17T23:02:41Z,17180883926796,2336,btc_qm_engine:btc_ptmc_rep_hot,7.0000000000
METRIC,2026-04-17T23:02:41Z,17180883956936,2336,btc_qm_engine:btc_ptmc_rep_cold,6.0000000000
METRIC,2026-04-17T23:02:41Z,17180883991566,2336,btc_qm_engine:btc_ptmc_accept,1.0000000000
METRIC,2026-04-17T23:02:41Z,17180985132464,2336,btc_qm_engine:btc_ptmc_rep_hot,1.0000000000
METRIC,2026-04-17T23:02:41Z,17180985222814,2336,btc_qm_engine:btc_ptmc_rep_cold,0.0000000000
METRIC,2026-04-17T23:02:41Z,17180985254654,2336,btc_qm_engine:btc_ptmc_accept,1.0000000000
METRIC,2026-04-17T23:02:41Z,17180985295534,2336,btc_qm_engine:btc_ptmc_rep_hot,2.0000000000
METRIC,2026-04-17T23:02:41Z,17180985328864,2336,btc_qm_engine:btc_ptmc_rep_cold,1.0000000000
METRIC,2026-04-17T23:02:41Z,17180985366944,2336,btc_qm_engine:btc_ptmc_accept,1.0000000000
METRIC,2026-04-17T23:02:41Z,17180985408534,2336,btc_qm_engine:btc_ptmc_rep_hot,3.0000000000
METRIC,2026-04-17T23:02:41Z,17180985439754,2336,btc_qm_engine:btc_ptmc_rep_cold,2.0000000000
METRIC,2026-04-17T23:02:41Z,17180985469214,2336,btc_qm_engine:btc_ptmc_accept,1.0000000000
METRIC,2026-04-17T23:02:41Z,17180985497614,2336,btc_qm_engine:btc_ptmc_rep_hot,4.0000000000
METRIC,2026-04-17T23:02:41Z,17180985528624,2336,btc_qm_engine:btc_ptmc_rep_cold,3.0000000000
METRIC,2026-04-17T23:02:41Z,17180985560194,2336,btc_qm_engine:btc_ptmc_accept,1.0000000000
METRIC,2026-04-17T23:02:41Z,17180985588754,2336,btc_qm_engine:btc_ptmc_rep_hot,5.0000000000
METRIC,2026-04-17T23:02:41Z,17180985619544,2336,btc_qm_engine:btc_ptmc_rep_cold,4.0000000000
METRIC,2026-04-17T23:02:41Z,17180985650474,2336,btc_qm_engine:btc_ptmc_accept,1.0000000000
METRIC,2026-04-17T23:02:41Z,17180985678344,2336,btc_qm_engine:btc_ptmc_rep_hot,6.0000000000
METRIC,2026-04-17T23:02:41Z,17180985708724,2336,btc_qm_engine:btc_ptmc_rep_cold,5.0000000000
METRIC,2026-04-17T23:02:41Z,17180985740044,2336,btc_qm_engine:btc_ptmc_accept,1.0000000000
METRIC,2026-04-17T23:02:41Z,17180985768294,2336,btc_qm_engine:btc_ptmc_rep_hot,7.0000000000
METRIC,2026-04-17T23:02:41Z,17180985795034,2336,btc_qm_engine:btc_ptmc_rep_cold,6.0000000000
METRIC,2026-04-17T23:02:41Z,17180985828704,2336,btc_qm_engine:btc_ptmc_accept,1.0000000000
METRIC,2026-04-17T23:02:41Z,17181087697392,2336,btc_qm_engine:btc_ptmc_rep_hot,1.0000000000
METRIC,2026-04-17T23:02:41Z,17181087839882,2336,btc_qm_engine:btc_ptmc_rep_cold,0.0000000000
METRIC,2026-04-17T23:02:41Z,17181087914302,2336,btc_qm_engine:btc_ptmc_accept,1.0000000000
METRIC,2026-04-17T23:02:41Z,17181087981182,2336,btc_qm_engine:btc_ptmc_rep_hot,2.0000000000
METRIC,2026-04-17T23:02:41Z,17181088057042,2336,btc_qm_engine:btc_ptmc_rep_cold,1.0000000000
METRIC,2026-04-17T23:02:41Z,17181088087822,2336,btc_qm_engine:btc_ptmc_accept,1.0000000000
METRIC,2026-04-17T23:02:41Z,17181088121812,2336,btc_qm_engine:btc_ptmc_rep_hot,3.0000000000
METRIC,2026-04-17T23:02:41Z,17181088149252,2336,btc_qm_engine:btc_ptmc_rep_cold,2.0000000000
METRIC,2026-04-17T23:02:41Z,17181088181652,2336,btc_qm_engine:btc_ptmc_accept,1.0000000000
METRIC,2026-04-17T23:02:41Z,17181088213292,2336,btc_qm_engine:btc_ptmc_rep_hot,4.0000000000
METRIC,2026-04-17T23:02:41Z,17181088239972,2336,btc_qm_engine:btc_ptmc_rep_cold,3.0000000000
METRIC,2026-04-17T23:02:41Z,17181088272432,2336,btc_qm_engine:btc_ptmc_accept,1.0000000000
METRIC,2026-04-17T23:02:41Z,17181088298852,2336,btc_qm_engine:btc_ptmc_rep_hot,5.0000000000
METRIC,2026-04-17T23:02:41Z,17181088325532,2336,btc_qm_engine:btc_ptmc_rep_cold,4.0000000000
METRIC,2026-04-17T23:02:41Z,17181088352382,2336,btc_qm_engine:btc_ptmc_accept,1.0000000000
METRIC,2026-04-17T23:02:41Z,17181088378712,2336,btc_qm_engine:btc_ptmc_rep_hot,6.0000000000
METRIC,2026-04-17T23:02:41Z,17181088404912,2336,btc_qm_engine:btc_ptmc_rep_cold,5.0000000000
METRIC,2026-04-17T23:02:41Z,17181088434612,2336,btc_qm_engine:btc_ptmc_accept,1.0000000000
METRIC,2026-04-17T23:02:41Z,17181088461022,2336,btc_qm_engine:btc_ptmc_rep_hot,7.0000000000
METRIC,2026-04-17T23:02:41Z,17181088495962,2336,btc_qm_engine:btc_ptmc_rep_cold,6.0000000000
METRIC,2026-04-17T23:02:41Z,17181088528782,2336