event,timestamp_utc,timestamp_ns,pid,detail,value
INIT,2026-04-13T17:49:14Z,120680468587588,923,activation,100PCT_INCONDITIONNELLE
INIT,2026-04-13T17:49:14Z,120680468587588,923,modules_reels,ultra_forensic_logger_v3+memory_tracker
INIT,2026-04-13T17:49:14Z,120680468587588,923,version,3.0_cycle17_NL03_NV01_NV02_AC01_NANO_ANOMALY_FIX_RAM01
HW_SAMPLE,2026-04-13T17:49:14Z,120680468587588,923,init:cpu_delta_pct,0.0000
HW_SAMPLE,2026-04-13T17:49:14Z,120680468587588,923,init:mem_used_pct,33.1140
HW_SAMPLE,2026-04-13T17:49:14Z,120680468587588,923,init:mem_total_kb,65847772
HW_SAMPLE,2026-04-13T17:49:14Z,120680468587588,923,init:mem_avail_kb,44042936
HW_SAMPLE,2026-04-13T17:49:14Z,120680468587588,923,init:vm_rss_kb,3716
HW_SAMPLE,2026-04-13T17:49:14Z,120680468587588,923,init:vm_peak_kb,14716
MODULE_START,2026-04-13T17:49:14Z,120680468856278,923,btc_qm_engine,main_btc_mining
METRIC,2026-04-13T17:49:14Z,120680468871818,923,btc_qm_engine:btc_run_mode_hash,66.0000000000
METRIC,2026-04-13T17:49:14Z,120680468902168,923,btc_qm_engine:btc_module_version,17.0000000000
METRIC,2026-04-13T17:49:14Z,120680468954338,923,btc_qm_engine:btc_nx48_csv_loaded,1.0000000000
METRIC,2026-04-13T17:49:14Z,120680469046488,923,btc_qm_engine:btc_nx48_init_loaded,1.0000000000
METRIC,2026-04-13T17:49:14Z,120680469077248,923,btc_qm_engine:btc_nx48_delta_nonce_scale,28.0357020000
METRIC,2026-04-13T17:49:14Z,120680469099158,923,btc_qm_engine:btc_nx48_n_replicas_scale,1.0000000000
METRIC,2026-04-13T17:49:14Z,120680469117638,923,btc_qm_engine:btc_nx48_swap_temp_scale,1.0000000000
METRIC,2026-04-13T17:49:14Z,120680469135938,923,btc_qm_engine:btc_nx48_batch_size_scale,4.0000000000
METRIC,2026-04-13T17:49:14Z,120680469154058,923,btc_qm_engine:btc_nx48_exploration_bias,0.6209970000
METRIC,2026-04-13T17:49:14Z,120680469184498,923,btc_qm_engine:btc_sha256_self_test_pass,1.0000000000
METRIC,2026-04-13T17:49:14Z,120680469216268,923,btc_qm_engine:btc_wallet_from_privkey_start,1.0000000000
METRIC,2026-04-13T17:49:14Z,120680471595408,923,btc_qm_engine:btc_wallet_from_privkey_ok,1.0000000000
METRIC,2026-04-13T17:49:14Z,120680471799968,923,btc_qm_engine:btc_wallet_saved_json,1.0000000000
METRIC,2026-04-13T17:49:14Z,120680471835348,923,btc_qm_engine:btc_sha256_self_test_pass,1.0000000000
METRIC,2026-04-13T17:49:14Z,120680471861458,923,btc_qm_engine:btc_integrity_gate_pass,1.0000000000
MODULE_START,2026-04-13T17:49:14Z,120680471883448,923,btc_qm_engine,btc_engine_create
METRIC,2026-04-13T17:49:14Z,120680471890998,923,btc_qm_engine:btc_n_replicas,8.0000000000
METRIC,2026-04-13T17:49:14Z,120680471914268,923,btc_qm_engine:btc_n_threads,8.0000000000
METRIC,2026-04-13T17:49:14Z,120680471933008,923,btc_qm_engine:btc_batch_size,256.0000000000
METRIC,2026-04-13T17:49:14Z,120680471952038,923,btc_qm_engine:btc_nonce_start,0.0000000000
METRIC,2026-04-13T17:49:14Z,120680471970428,923,btc_qm_engine:btc_nonce_end,4294967295.0000000000
METRIC,2026-04-13T17:49:14Z,120680471989248,923,btc_qm_engine:btc_duration_s,0.0000000000
METRIC,2026-04-13T17:49:14Z,120680472021258,923,btc_qm_engine:btc_replica_idx,0.0000000000
METRIC,2026-04-13T17:49:14Z,120680472039628,923,btc_qm_engine:btc_replica_nonce,0.0000000000
METRIC,2026-04-13T17:49:14Z,120680472060758,923,btc_qm_engine:btc_replica_temp,1.0000000000
METRIC,2026-04-13T17:49:14Z,120680472080308,923,btc_qm_engine:btc_replica_leading,0.0000000000
METRIC,2026-04-13T17:49:14Z,120680472098868,923,btc_qm_engine:btc_replica_idx,1.0000000000
METRIC,2026-04-13T17:49:14Z,120680472117118,923,btc_qm_engine:btc_replica_nonce,536870911.0000000000
METRIC,2026-04-13T17:49:14Z,120680472136328,923,btc_qm_engine:btc_replica_temp,2.0000000000
METRIC,2026-04-13T17:49:14Z,120680472155278,923,btc_qm_engine:btc_replica_leading,0.0000000000
METRIC,2026-04-13T17:49:14Z,120680472173518,923,btc_qm_engine:btc_replica_idx,2.0000000000
METRIC,2026-04-13T17:49:14Z,120680472191578,923,btc_qm_engine:btc_replica_nonce,1073741822.0000000000
METRIC,2026-04-13T17:49:14Z,120680472210358,923,btc_qm_engine:btc_replica_temp,4.0000000000
METRIC,2026-04-13T17:49:14Z,120680472237028,923,btc_qm_engine:btc_replica_leading,0.0000000000
METRIC,2026-04-13T17:49:14Z,120680472259128,923,btc_qm_engine:btc_replica_idx,3.0000000000
METRIC,2026-04-13T17:49:14Z,120680472277408,923,btc_qm_engine:btc_replica_nonce,1610612733.0000000000
METRIC,2026-04-13T17:49:14Z,120680472296398,923,btc_qm_engine:btc_replica_temp,8.0000000000
METRIC,2026-04-13T17:49:14Z,120680472314688,923,btc_qm_engine:btc_replica_leading,0.0000000000
METRIC,2026-04-13T17:49:14Z,120680472332788,923,btc_qm_engine:btc_replica_idx,4.0000000000
METRIC,2026-04-13T17:49:14Z,120680472350838,923,btc_qm_engine:btc_replica_nonce,2147483644.0000000000
METRIC,2026-04-13T17:49:14Z,120680472369588,923,btc_qm_engine:btc_replica_temp,12.0000000000
METRIC,2026-04-13T17:49:14Z,120680472388288,923,btc_qm_engine:btc_replica_leading,0.0000000000
METRIC,2026-04-13T17:49:14Z,120680472419498,923,btc_qm_engine:btc_replica_idx,5.0000000000
METRIC,2026-04-13T17:49:14Z,120680472437818,923,btc_qm_engine:btc_replica_nonce,2684354555.0000000000
METRIC,2026-04-13T17:49:14Z,120680472456658,923,btc_qm_engine:btc_replica_temp,20.0000000000
METRIC,2026-04-13T17:49:14Z,120680472475168,923,btc_qm_engine:btc_replica_leading,0.0000000000
METRIC,2026-04-13T17:49:14Z,120680472493198,923,btc_qm_engine:btc_replica_idx,6.0000000000
METRIC,2026-04-13T17:49:14Z,120680472511328,923,btc_qm_engine:btc_replica_nonce,3221225466.0000000000
METRIC,2026-04-13T17:49:14Z,120680472530118,923,btc_qm_engine:btc_replica_temp,35.0000000000
METRIC,2026-04-13T17:49:14Z,120680472548528,923,btc_qm_engine:btc_replica_leading,0.0000000000
METRIC,2026-04-13T17:49:14Z,120680472566718,923,btc_qm_engine:btc_replica_idx,7.0000000000
METRIC,2026-04-13T17:49:14Z,120680472584898,923,btc_qm_engine:btc_replica_nonce,3758096377.0000000000
METRIC,2026-04-13T17:49:14Z,120680472604058,923,btc_qm_engine:btc_replica_temp,50.0000000000
METRIC,2026-04-13T17:49:14Z,120680472622768,923,btc_qm_engine:btc_replica_leading,0.0000000000
METRIC,2026-04-13T17:49:14Z,120680472642058,923,btc_qm_engine:btc_midstate_applied,1.0000000000
THREAD,2026-04-13T17:49:14Z,120680472744908,923,btc_qm_engine:btc_mining_worker_START,139916095657664
METRIC,2026-04-13T17:49:14Z,120680472759728,923,btc_qm_engine:btc_block_nonce,3241884320.0000000000
THREAD,2026-04-13T17:49:14Z,120680472780178,923,btc_qm_engine:btc_mining_worker_START,139916087264960
METRIC,2026-04-13T17:49:14Z,120680472835098,923,btc_qm_engine:btc_best_leading_zeros,1.0000000000
THREAD,2026-04-13T17:49:14Z,120680472849438,923,btc_qm_engine:btc_mining_worker_START,139916070479552
METRIC,2026-04-13T17:49:14Z,120680472855908,923,btc_qm_engine:btc_block_valid,0.0000000000
ANOMALY,2026-04-13T17:49:14Z,120680472878998,923,btc_qm_engine:btc_near_miss_or_valid,1.0000000000
METRIC,2026-04-13T17:49:14Z,120680472913478,923,btc_qm_engine:btc_best_leading_zeros,1.0000000000
THREAD,2026-04-13T17:49:14Z,120680472940918,923,btc_qm_engine:btc_mining_worker_START,139916078872256
THREAD,2026-04-13T17:49:14Z,120680472945278,923,btc_qm_engine:btc_mining_worker_START,139916045301440
METRIC,2026-04-13T17:49:14Z,120680472971358,923,btc_qm_engine:btc_threads_launched,8.0000000000
THREAD,2026-04-13T17:49:14Z,120680472986318,923,btc_qm_engine:btc_mining_worker_START,139916036908736
THREAD,2026-04-13T17:49:14Z,120680473028738,923,btc_qm_engine:btc_mining_worker_START,139916053694144
THREAD,2026-04-13T17:49:14Z,120680473031768,923,btc_qm_engine:btc_mining_worker_START,139916062086848
METRIC,2026-04-13T17:49:14Z,120680473079438,923,btc_qm_engine:btc_nx48_csv_saved,1.0000000000
METRIC,2026-04-13T17:49:14Z,120680473128698,923,btc_qm_engine:btc_block_nonce,1402471135.0000000000
METRIC,2026-04-13T17:49:14Z,120680473187548,923,btc_qm_engine:btc_best_leading_zeros,2.0000000000
METRIC,2026-04-13T17:49:14Z,120680473212898,923,btc_qm_engine:btc_block_valid,0.0000000000
ANOMALY,2026-04-13T17:49:14Z,120680473234278,923,btc_qm_engine:btc_near_miss_or_valid,2.0000000000
METRIC,2026-04-13T17:49:14Z,120680473255828,923,btc_qm_engine:btc_best_leading_zeros,2.0000000000
METRIC,2026-04-13T17:49:14Z,120680473341858,923,btc_qm_engine:btc_nx48_csv_saved,1.0000000000
METRIC,2026-04-13T17:49:14Z,120680473369558,923,btc_qm_engine:btc_block_nonce,2011359595.0000000000
METRIC,2026-04-13T17:49:14Z,120680473395458,923,btc_qm_engine:btc_best_leading_zeros,3.0000000000
METRIC,2026-04-13T17:49:14Z,120680473416958,923,btc_qm_engine:btc_block_valid,0.0000000000
ANOMALY,2026-04-13T17:49:14Z,120680473435818,923,btc_qm_engine:btc_near_miss_or_valid,3.0000000000
METRIC,2026-04-13T17:49:14Z,120680473456618,923,btc_qm_engine:btc_best_leading_zeros,3.0000000000
METRIC,2026-04-13T17:49:14Z,120680473542828,923,btc_qm_engine:btc_nx48_csv_saved,1.0000000000
METRIC,2026-04-13T17:49:14Z,120680473648248,923,btc_qm_engine:btc_block_nonce,1342166650.0000000000
METRIC,2026-04-13T17:49:14Z,120680473715638,923,btc_qm_engine:btc_best_leading_zeros,4.0000000000
METRIC,2026-04-13T17:49:14Z,120680473741388,923,btc_qm_engine:btc_block_valid,0.0000000000
ANOMALY,2026-04-13T17:49:14Z,120680473785708,923,btc_qm_engine:btc_near_miss_or_valid,4.0000000000
METRIC,2026-04-13T17:49:14Z,120680473811568,923,btc_qm_engine:btc_best_leading_zeros,4.0000000000
METRIC,2026-04-13T17:49:14Z,120680473885508,923,btc_qm_engine:btc_nx48_csv_saved,1.0000000000
METRIC,2026-04-13T17:49:14Z,120680473929978,923,btc_qm_engine:btc_block_nonce,1342350816.0000000000
METRIC,2026-04-13T17:49:14Z,120680473950418,923,btc_qm_engine:btc_best_leading_zeros,9.0000000000
METRIC,2026-04-13T17:49:14Z,120680473969218,923,btc_qm_engine:btc_block_valid,0.0000000000
ANOMALY,2026-04-13T17:49:14Z,120680473987888,923,btc_qm_engine:btc_near_miss_or_valid,9.0000000000
METRIC,2026-04-13T17:49:14Z,120680474021428,923,btc_qm_engine:btc_best_leading_zeros,9.0000000000
METRIC,2026-04-13T17:49:14Z,120680474098188,923,btc_qm_engine:btc_nx48_csv_saved,1.0000000000
METRIC,2026-04-13T17:49:14Z,120680474303868,923,btc_qm_engine:btc_block_nonce,4215327774.0000000000
METRIC,2026-04-13T17:49:14Z,120680474336728,923,btc_qm_engine:btc_best_leading_zeros,10.0000000000
METRIC,2026-04-13T17:49:14Z,120680474357288,923,btc_qm_engine:btc_block_valid,0.0000000000
ANOMALY,2026-04-13T17:49:14Z,120680474376308,923,btc_qm_engine:btc_near_miss_or_valid,10.0000000000
METRIC,2026-04-13T17:49:14Z,120680474397068,923,btc_qm_engine:btc_best_leading_zeros,10.0000000000
METRIC,2026-04-13T17:49:14Z,120680474478168,923,btc_qm_engine:btc_nx48_csv_saved,1.0000000000
METRIC,2026-04-13T17:49:14Z,120680474869757,923,btc_qm_engine:btc_block_nonce,453509872.0000000000
METRIC,2026-04-13T17:49:14Z,120680474913457,923,btc_qm_engine:btc_best_leading_zeros,12.0000000000
METRIC,2026-04-13T17:49:14Z,120680474940097,923,btc_qm_engine:btc_block_valid,0.0000000000
ANOMALY,2026-04-13T17:49:14Z,120680474963177,923,btc_qm_engine:btc_near_miss_or_valid,12.0000000000
METRIC,2026-04-13T17:49:14Z,120680474988487,923,btc_qm_engine:btc_best_leading_zeros,12.0000000000
METRIC,2026-04-13T17:49:14Z,120680475380577,923,btc_qm_engine:btc_nx48_csv_saved,1.0000000000
METRIC,2026-04-13T17:49:14Z,120680523811476,923,btc_qm_engine:btc_block_nonce,2299325901.0000000000
METRIC,2026-04-13T17:49:14Z,120680523944616,923,btc_qm_engine:btc_best_leading_zeros,19.0000000000
METRIC,2026-04-13T17:49:14Z,120680523966396,923,btc_qm_engine:btc_block_valid,0.0000000000
ANOMALY,2026-04-13T17:49:14Z,120680523986306,923,btc_qm_engine:btc_near_miss_or_valid,19.0000000000
METRIC,2026-04-13T17:49:14Z,120680524080086,923,btc_qm_engine:btc_best_leading_zeros,19.0000000000
METRIC,2026-04-13T17:49:14Z,120680524202546,923,btc_qm_engine:btc_nx48_csv_saved,1.0000000000
METRIC,2026-04-13T17:49:14Z,120680575317725,923,btc_qm_engine:btc_ptmc_rep_hot,1.0000000000
METRIC,2026-04-13T17:49:14Z,120680575402985,923,btc_qm_engine:btc_ptmc_rep_cold,0.0000000000
METRIC,2026-04-13T17:49:14Z,120680575430415,923,btc_qm_engine:btc_ptmc_accept,-0.0012726338
METRIC,2026-04-13T17:49:14Z,120680575461625,923,btc_qm_engine:btc_ptmc_rep_hot,2.0000000000
METRIC,2026-04-13T17:49:14Z,120680575486345,923,btc_qm_engine:btc_ptmc_rep_cold,1.0000000000
METRIC,2026-04-13T17:49:14Z,120680575522445,923,btc_qm_engine:btc_ptmc_accept,1.0000000000
METRIC,2026-04-13T17:49:14Z,120680575560745,923,btc_qm_engine:btc_ptmc_rep_hot,3.0000000000
METRIC,2026-04-13T17:49:14Z,120680575584265,923,btc_qm_engine:btc_ptmc_rep_cold,2.0000000000
METRIC,2026-04-13T17:49:14Z,120680575608955,923,btc_qm_engine:btc_ptmc_accept,1.0000000000
METRIC,2026-04-13T17:49:14Z,120680575640435,923,btc_qm_engine:btc_ptmc_rep_hot,4.0000000000
METRIC,2026-04-13T17:49:14Z,120680575666535,923,btc_qm_engine:btc_ptmc_rep_cold,3.0000000000
METRIC,2026-04-13T17:49:14Z,120680575690945,923,btc_qm_engine:btc_ptmc_accept,1.0000000000
METRIC,2026-04-13T17:49:14Z,120680575723455,923,btc_qm_engine:btc_ptmc_rep_hot,5.0000000000
METRIC,2026-04-13T17:49:14Z,120680575747945,923,btc_qm_engine:btc_ptmc_rep_cold,4.0000000000
METRIC,2026-04-13T17:49:14Z,120680575772465,923,btc_qm_engine:btc_ptmc_accept,1.0000000000
METRIC,2026-04-13T17:49:14Z,120680575803105,923,btc_qm_engine:btc_ptmc_rep_hot,6.0000000000
METRIC,2026-04-13T17:49:14Z,120680575852125,923,btc_qm_engine:btc_ptmc_rep_cold,5.0000000000
METRIC,2026-04-13T17:49:14Z,120680575876905,923,btc_qm_engine:btc_ptmc_accept,1.0000000000
METRIC,2026-04-13T17:49:14Z,120680575906545,923,btc_qm_engine:btc_ptmc_rep_hot,7.0000000000
METRIC,2026-04-13T17:49:14Z,120680575931535,923,btc_qm_engine:btc_ptmc_rep_cold,6.0000000000
METRIC,2026-04-13T17:49:14Z,120680575956285,923,btc_qm_engine:btc_ptmc_accept,1.0000000000
METRIC,2026-04-13T17:49:14Z,120680675656103,923,btc_qm_engine:btc_ptmc_rep_hot,1.0000000000
METRIC,2026-04-13T17:49:14Z,120680675741713,923,btc_qm_engine:btc_ptmc_rep_cold,0.0000000000
METRIC,2026-04-13T17:49:14Z,120680675762583,923,btc_qm_engine:btc_ptmc_accept,1.0000000000
METRIC,2026-04-13T17:49:14Z,120680675788813,923,btc_qm_engine:btc_ptmc_rep_hot,2.0000000000
METRIC,2026-04-13T17:49:14Z,120680675808103,923,btc_qm_engine:btc_ptmc_rep_cold,1.0000000000
METRIC,2026-04-13T17:49:14Z,120680675828023,923,btc_qm_engine:btc_ptmc_accept,1.0000000000
METRIC,2026-04-13T17:49:14Z,120680675854443,923,btc_qm_engine:btc_ptmc_rep_hot,3.0000000000
METRIC,2026-04-13T17:49:14Z,120680675873153,923,btc_qm_engine:btc_ptmc_rep_cold,2.0000000000
METRIC,2026-04-13T17:49:14Z,120680675891693,923,btc_qm_engine:btc_ptmc_accept,1.0000000000
METRIC,2026-04-13T17:49:14Z,120680675914513,923,btc_qm_engine:btc_ptmc_rep_hot,4.0000000000
METRIC,2026-04-13T17:49:14Z,120680675933063,923,btc_qm_engine:btc_ptmc_rep_cold,3.0000000000
METRIC,2026-04-13T17:49:14Z,120680675951563,923,btc_qm_engine:btc_ptmc_accept,1.0000000000
METRIC,2026-04-13T17:49:14Z,120680675972993,923,btc_qm_engine:btc_ptmc_rep_hot,5.0000000000
METRIC,2026-04-13T17:49:14Z,120680675991283,923,btc_qm_engine:btc_ptmc_rep_cold,4.0000000000
METRIC,2026-04-13T17:49:14Z,120680676037163,923,btc_qm_engine:btc_ptmc_accept,1.0000000000
METRIC,2026-04-13T17:49:14Z,120680676077373,923,btc_qm_engine:btc_ptmc_rep_hot,6.0000000000
METRIC,2026-04-13T17:49:14Z,120680676102873,923,btc_qm_engine:btc_ptmc_rep_cold,5.0000000000
METRIC,2026-04-13T17:49:14Z,120680676121623,923,btc_qm_engine:btc_ptmc_accept,1.0000000000
METRIC,2026-04-13T17:49:14Z,120680676148473,923,btc_qm_engine:btc_ptmc_rep_hot,7.0000000000
METRIC,2026-04-13T17:49:14Z,120680676190143,923,btc_qm_engine:btc_ptmc_rep_cold,6.0000000000
METRIC,2026-04-13T17:49:14Z,120680676219103,923,btc_qm_engine:btc_ptmc_accept,1.0000000000
METRIC,2026-04-13T17:49:14Z,120680741943981,923,btc_qm_engine:btc_block_nonce,1890396285.0000000000
METRIC,2026-04-13T17:49:14Z,120680742076721,923,btc_qm_engine:btc_best_leading_zeros,20.0000000000
METRIC,2026-04-13T17:49:14Z,120680742098361,923,btc_qm_engine:btc_block_valid,0.0000000000
ANOMALY,2026-04-13T17:49:14Z,120680742117961,923,btc_qm_engine:btc_near_miss_or_valid,20.0000000000
METRIC,2026-04-13T17:49:14Z,120680742156821,923,btc_qm_engine:btc_best_leading_zeros,20.0000000000
METRIC,2026-04-13T17:49:14Z,120680742271241,923,btc_qm_engine:btc_nx48_csv_saved,1.0000000000
METRIC,2026-04-13T17:49:14Z,120680777151650,923,btc_qm_engine:btc_ptmc_rep_hot,1.0000000000
METRIC,2026-04-13T17:49:14Z,120680777228260,923,btc_qm_engine:btc_ptmc_rep_cold,0.0000000000
METRIC,2026-04-13T17:49:14Z,120680777249420,923,btc_qm_engine:btc_ptmc_accept,1.0000000000
METRIC,2026-04-13T17:49:14Z,120680777268860,923,btc_qm_engine:btc_ptmc_rep_hot,2.0000000000
METRIC,2026-04-13T17:49:14Z,120680777287730,923,btc_qm_engine:btc_ptmc_rep_cold,1.0000000000
METRIC,2026-04-13T17:49:14Z,120680777306620,923,btc_qm_engine:btc_ptmc_accept,1.0000000000
METRIC,2026-04-13T17:49:14Z,120680777332920,923,btc_qm_engine:btc_ptmc_rep_hot,3.0000000000
METRIC,2026-04-13T17:49:14Z,120680777351900,923,btc_qm_engine:btc_ptmc_rep_cold,2.0000000000
METRIC,2026-04-13T17:49:14Z,120680777370800,923,btc_qm_engine:btc_ptmc_accept,1.0000000000
METRIC,2026-04-13T17:49:14Z,120680777394660,923,btc_qm_engine:btc_ptmc_rep_hot,4.0000000000
METRIC,2026-04-13T17:49:14Z,120680777413790,923,btc_qm_engine:btc_ptmc_rep_cold,3.0000000000
METRIC,2026-04-13T17:49:14Z,120680777439350,923,btc_qm_engine:btc_ptmc_accept,1.0000000000
METRIC,2026-04-13T17:49:14Z,120680777499830,923,btc_qm_engine:btc_ptmc_rep_hot,5.0000000000
METRIC,2026-04-13T17:49:14Z,120680777524540,923,btc_qm_engine:btc_ptmc_rep_cold,4.0000000000
METRIC,2026-04-13T17:49:14Z,120680777556370,923,btc_qm_engine:btc_ptmc_accept,1.0000000000
METRIC,2026-04-13T17:49:14Z,120680777584490,923,btc_qm_engine:btc_ptmc_rep_hot,6.0000000000
METRIC,2026-04-13T17:49:14Z,120680777605310,923,btc_qm_engine:btc_ptmc_rep_cold,5.0000000000
METRIC,2026-04-13T17:49:14Z,120680777631430,923,btc_qm_engine:btc_ptmc_accept,1.0000000000
METRIC,2026-04-13T17:49:14Z,120680777660040,923,btc_qm_engine:btc_ptmc_rep_hot,7.0000000000
METRIC,2026-04-13T17:49:14Z,120680777679440,923,btc_qm_engine:btc_ptmc_rep_cold,6.0000000000
METRIC,2026-04-13T17:49:14Z,120680777701750,923,btc_qm_engine:btc_ptmc_accept,1.0000000000
METRIC,2026-04-13T17:49:14Z,120680877518978,923,btc_qm_engine:btc_ptmc_rep_hot,1.0000000000
METRIC,2026-04-13T17:49:14Z,120680877600438,923,btc_qm_engine:btc_ptmc_rep_cold,0.0000000000
METRIC,2026-04-13T17:49:14Z,120680877627078,923,btc_qm_engine:btc_ptmc_accept,1.0000000000
METRIC,2026-04-13T17:49:14Z,120680877659938,923,btc_qm_engine:btc_ptmc_rep_hot,2.0000000000
METRIC,2026-04-13T17:49:14Z,120680877684718,923,btc_qm_engine:btc_ptmc_rep_cold,1.0000000000
METRIC,2026-04-13T17:49:14Z,120680877709058,923,btc_qm_engine:btc_ptmc_accept,1.0000000000
METRIC,2026-04-13T17:49:14Z,120680877744168,923,btc_qm_engine:btc_ptmc_rep_hot,3.0000000000
METRIC,2026-04-13T17:49:14Z,120680877779198,923,btc_qm_engine:btc_ptmc_rep_cold,2.0000000000
METRIC,2026-04-13T17:49:14Z,120680877811168,923,btc_qm_engine:btc_ptmc_accept,1.0000000000
METRIC,2026-04-13T17:49:14Z,120680877838598,923,btc_qm_engine:btc_ptmc_rep_hot,4.0000000000
METRIC,2026-04-13T17:49:14Z,120680877863518,923,btc_qm_engine:btc_ptmc_rep_cold,3.0000000000
METRIC,2026-04-13T17:49:14Z,120680877887488,923,btc_qm_engine:btc_ptmc_accept,1.0000000000
METRIC,2026-04-13T17:49:14Z,120680877916698,923,btc_qm_engine:btc_ptmc_rep_hot,5.0000000000
METRIC,2026-04-13T17:49:14Z,120680877941568,923,btc_qm_engine:btc_ptmc_rep_cold,4.0000000000
METRIC,2026-04-13T17:49:14Z,120680877966138,923,btc_qm_engine:btc_ptmc_accept,1.0000000000
METRIC,2026-04-13T17:49:14Z,120680878000138,923,btc_qm_engine:btc_ptmc_rep_hot,6.0000000000
METRIC,2026-04-13T17:49:14Z,120680878047968,923,btc_qm_engine:btc_ptmc_rep_cold,5.0000000000
METRIC,2026-04-13T17:49:14Z,120680878075788,923,btc_qm_engine:btc_ptmc_accept,1.0000000000
METRIC,2026-04-13T17:49:14Z,120680878106978,923,btc_qm_engine:btc_ptmc_rep_hot,7.0000000000
METRIC,2026-04-13T17:49:14Z,120680878131258,923,btc_qm_engine:btc_ptmc_rep_cold,6.0000000000
METRIC,2026-04-13T17:49:14Z,120680878155568,923,btc_qm_engine:btc_ptmc_accept,1.0000000000
METRIC,2026-04-13T17:49:14Z,120681011899044,923,btc_qm_engine:btc_ptmc_rep_hot,1.0000000000
METRIC,2026-04-13T17:49:14Z,120681011990944,923,btc_qm_engine:btc_ptmc_rep_cold,0.0000000000
METRIC,2026-04-13T17:49:14Z,120681012035404,923,btc_qm_engine:btc_ptmc_accept,-0.1354937842
METRIC,2026-04-13T17:49:14Z,120681012073724,923,btc_qm_engine:btc_ptmc_rep_hot,2.0000000000
METRIC,2026-04-13T17:49:14Z,120681012099434,923,btc_qm_engine:btc_ptmc_rep_cold,1.0000000000
METRIC,2026-04-13T17:49:14Z,120681012123974,923,btc_qm_engine:btc_ptmc_accept,1.0000000000
METRIC,2026-04-13T17:49:14Z,120681012160304,923,btc_qm_engine:btc_ptmc_rep_hot,3.0000000000
METRIC,2026-04-13T17:49:14Z,120681012184464,923,btc_qm_engine:btc_ptmc_rep_cold,2.0000000000
METRIC,2026-04-13T17:49:14Z,120681012208624,923,btc_qm_engine:btc_ptmc_accept,0.8464931860
METRIC,2026-04-13T17:49:14Z,120681012244264,923,btc_qm_engine:btc_ptmc_rep_hot,4.0000000000
METRIC,2026-04-13T17:49:14Z,120681012268804,923,btc_qm_engine:btc_ptmc_rep_cold,3.0000000000
METRIC,2026-04-13T17:49:14Z,120681012293304,923,btc_qm_engine:btc_ptmc_accept,1.0000000000
METRIC,2026-04-13T17:49:14Z,120681012327114,923,btc_qm_engine:btc_ptmc_rep_hot,5.0000000000
METRIC,2026-04-13T17:49:14Z,120681012351304,923,btc_qm_engine:btc_ptmc_rep_cold,4.0000000000
METRIC,2026-04-13T17:49:14Z,120681012415444,923,btc_qm_engine:btc_ptmc_accept,1.0000000000
METRIC,2026-04-13T17:49:14Z,120681012449564,923,btc_qm_engine:btc_ptmc_rep_hot,6.0000000000
METRIC,2026-04-13T17:49:14Z,120681012474904,923,btc_qm_engine:btc_ptmc_rep_cold,5.0000000000
METRIC,2026-04-13T17:49:14Z,120681012500014,923,btc_qm_engine:btc_ptmc_accept,1.0000000000
METRIC,2026-04-13T17:49:14Z,120681012530884,923,btc_qm_engine:btc_ptmc_rep_hot,7.0000000000
METRIC,2026-04-13T17:49:14Z,120681012556114,923,btc_qm_engine:btc_ptmc_rep_cold,6.0000000000
METRIC,2026-04-13T17:49:14Z,120681012581604,923,btc_qm_engine:btc_ptmc_accept,1.0000000000
METRIC,2026-04-13T17:49:14Z,120681114389162,923,btc_qm_engine:btc_ptmc_rep_hot,1.0000000000
METRIC,2026-04-13T17:49:14Z,120681114493852,923,btc_qm_engine:btc_ptmc_rep_cold,0.0000000000
METRIC,2026-04-13T17:49:14Z,120681114514922,923,btc_qm_engine:btc_ptmc_accept,1.0000000000
METRIC,2026-04-13T17:49:14Z,120681114538422,923,btc_qm_engine:btc_ptmc_rep_hot,2.0000000000
METRIC,2026-04-13T17:49:14Z,120681114563902,923,btc_qm_engine:btc_ptmc_rep_cold,1.0000000000
METRIC,2026-04-13T17:49:14Z,120681114588672,923,btc_qm_engine:btc_ptmc_accept,1.0000000000
METRIC,2026-04-13T17:49:14Z,120681114623032,923,btc_qm_engine:btc_ptmc_rep_hot,3.0000000000
METRIC,2026-04-13T17:49:14Z,120681114647652,923,btc_qm_engine:btc_ptmc_rep_cold,2.0000000000
METRIC,2026-04-13T17:49:14Z,120681114672012,923,btc_qm_engine:btc_ptmc_accept,1.0000000000
METRIC,2026-04-13T17:49:14Z,120681114703972,923,btc_qm_engine:btc_ptmc_rep_hot,4.0000000000
METRIC,2026-04-13T17:49:14Z,120681114728542,923,btc_qm_engine:btc_ptmc_rep_cold,3.0000000000
METRIC,2026-04-13T17:49:14Z,120681114754412,923,btc_qm_engine:btc_ptmc_accept,1.0000000000
METRIC,2026-04-13T17:49:14Z,120681114789462,923,btc_qm_engine:btc_ptmc_rep_hot,5.0000000000
METRIC,2026-04-13T17:49:14Z,120681114814392,923,btc_qm_engine:btc_ptmc_rep_cold,4.0000000000
METRIC,2026-04-13T17:49:14Z,120681114838902,923,btc_qm_engine:btc_ptmc_accept,1.0000000000
METRIC,2026-04-13T17:49:14Z,120681114942442,923,btc_qm_engine:btc_ptmc_rep_hot,6.0000000000
METRIC,2026-04-13T17:49:14Z,120681114966932,923,btc_qm_engine:btc_ptmc_rep_cold,5.0000000000
METRIC,2026-04-13T17:49:14Z,120681114991552,923,btc_qm_engine:btc_ptmc_accept,0.8966502907
METRIC,2026-04-13T17:49:14Z,120681115049342,923,btc_qm_engine:btc_ptmc_rep_hot,7.0000000000
METRIC,2026-04-13T17:49:14Z,120681115078042,923,btc_qm_engine:btc_ptmc_rep_cold,6.0000000000
METRIC,2026-04-13T17:49:14Z,120681115102342,923,btc_qm_engine:btc_ptmc_accept,0.9318455142
METRIC,2026-04-13T17:49:14Z,120681214907760,923,btc_qm_engine:btc_ptmc_rep_hot,1.0000000000
METRIC,2026-04-13T17:49:14Z,120681215021480,923,btc_qm_engine:btc_ptmc_rep_cold,0.0000000000
METRIC,2026-04-13T17:49:14Z,120681215048510,923,btc_qm_engine:btc_ptmc_accept,1.0000000000
METRIC,2026-04-13T17:49:14Z,120681215086180,923,btc_qm_engine:btc_ptmc_rep_hot,2.0000000000
METRIC,2026-04-13T17:49:14Z,120681215109640,923,btc_qm_engine:btc_ptmc_rep_cold,1.0000000000
METRIC,2026-04-13T17:49:14Z,120681215133210,923,btc_qm_engine:btc_ptmc_accept,1.0000000000
METRIC,2026-04-13T17:49:14Z,120681215158560,923,btc_qm_engine:btc_ptmc_rep_hot,3.0000000000
METRIC,2026-04-13T17:49:14Z,120681215182300,923,btc_qm_engine:btc_ptmc_rep_cold,2.0000000000
METRIC,2026-04-13T17:49:14Z,120681215205280,923,btc_qm_engine:btc_ptmc_accept,1.0000000000
METRIC,2026-04-13T17:49:14Z,120681215242410,923,btc_qm_engine:btc_ptmc_rep_hot,4.0000000000
METRIC,2026-04-13T17:49:14Z,120681215267330,923,btc_qm_engine:btc_ptmc_rep_cold,3.0000000000
METRIC,2026-04-13T17:49:14Z,120681215325650,923,btc_qm_engine:btc_ptmc_accept,1.0000000000
METRIC,2026-04-13T17:49:14Z,120681215359790,923,btc_qm_engine:btc_ptmc_rep_hot,5.0000000000
METRIC,2026-04-13T17:49:14Z,120681215383050,923,btc_qm_engine:btc_ptmc_rep_cold,4.0000000000
METRIC,2026-04-13T17:49:14Z,120681215416280,923,btc_qm_engine:btc_ptmc_accept,1.0000000000
METRIC,2026-04-13T17:49:14Z,120681215452780,923,btc_qm_engine:btc_ptmc_rep_hot,6.0000000000
METRIC,2026-04-13T17:49:14Z,120681215475920,923,btc_qm_engine:btc_ptmc_rep_cold,5.0000000000
METRIC,2026-04-13T17:49:14Z,120681215500550,923,btc_qm_engine:btc_ptmc_accept,1.0000000000
METRIC,2026-04-13T17:49:14Z,120681215531790,923,btc_qm_engine:btc_ptmc_rep_hot,7.0000000000
METRIC,2026-04-13T17:49:14Z,120681215562830,923,btc_qm_engine:btc_ptmc_rep_cold,6.0000000000
METRIC,2026-04-13T17:49:14Z,120681215593870,923,btc_qm_engine:btc_ptmc_accept,1.0000000000
METRIC,2026-04-13T17:49:15Z,120681315150107,923,btc_qm_engine:btc_ptmc_rep_hot,1.0000000000
METRIC,2026-04-13T17:49:15Z,120681315249747,923,btc_qm_engine:btc_ptmc_rep_cold,0.0000000000
METRIC,2026-04-13T17:49:15Z,120681315276377,923,btc_qm_engine:btc_ptmc_accept,1.0000000000
METRIC,2026-04-13T17:49:15Z,120681315359247,923,btc_qm_engine:btc_ptmc_rep_hot,2.0000000000
METRIC,2026-04-13T17:49:15Z,120681315399737,923,btc_qm_engine:btc_ptmc_rep_cold,1.0000000000
METRIC,2026-04-13T17:49:15Z,120681315424177,923,btc_qm_engine:btc_ptmc_accept,1.0000000000
METRIC,2026-04-13T17:49:15Z,120681315512907,923,btc_qm_engine:btc_ptmc_rep_hot,3.0000000000
METRIC,2026-04-13T17:49:15Z,120681315538287,923,btc_qm_engine:btc_ptmc_rep_cold,2.0000000000
METRIC,2026-04-13T17:49:15Z,120681315562887,923,btc_qm_engine:btc_ptmc_accept,0.7165157484
METRIC,2026-04-13T17:49:15Z,120681315595157,923,btc_qm_engine:btc_ptmc_rep_hot,4.0000000000
METRIC,2026-04-13T17:49:15Z,120681315619507,923,btc_qm_engine:btc_ptmc_rep_cold,3.0000000000
METRIC,2026-04-13T17:49:15Z,120681315643827,923,btc_qm_engine:btc_ptmc_accept,1.0000000000
METRIC,2026-04-13T17:49:15Z,120681315675967,923,btc_qm_engine:btc_ptmc_rep_hot,5.0000000000
METRIC,2026-04-13T17:49:15Z,120681315700477,923,btc_qm_engine:btc_ptmc_rep_cold,4.0000000000
METRIC,2026-04-13T17:49:15Z,120681315724617,923,btc_qm_engine:btc_ptmc_accept,0.8824942074
METRIC,2026-04-13T17:49:15Z,120681315755527,923,btc_qm_engine:btc_ptmc_rep_hot,6.0000000000
METRIC,2026-04-13T17:49:15Z,120681315780437,923,btc_qm_engine:btc_ptmc_rep_cold,5.0000000000
METRIC,2026-04-13T17:49:15Z,120681315800477,923,btc_qm_engine:btc_ptmc_accept,1.0000000000
METRIC,2026-04-13T17:49:15Z,120681315831147,923,btc_qm_engine:btc_ptmc_rep_hot,7.0000000000
METRIC,2026-04-13T17:49:15Z,120681315856027,923,btc_qm_engine:btc_ptmc_rep_cold,6.0000000000
METRIC,2026-04-13T17:49:15Z,120681315879677,923,btc_qm_engine:btc_ptmc_accept,0.9540308635
METRIC,2026-04-13T17:49:15Z,120681419024685,923,btc_qm_engine:btc_ptmc_rep_hot,1.0000000000
METRIC,2026-04-13T17:49:15Z,120681419119865,923,btc_qm_engine:btc_ptmc_rep_cold,0.0000000000
METRIC,2026-04-13T17:49:15Z,120681419146255,923,btc_qm_engine:btc_ptmc_accept,1.0000000000
METRIC,2026-04-13T17:49:15Z,120681419177395,923,btc_qm_engine:btc_ptmc_rep_hot,2.0000000000
METRIC,2026-04-13T17:49:15Z,120681419203105,923,btc_qm_engine:btc_ptmc_rep_cold,1.0000000000
METRIC,2026-04-13T17:49:15Z,120681419228085,923,btc_qm_engine:btc_ptmc_accept,1.0000000000
METRIC,2026-04-13T17:49:15Z,120681419257695,923,btc_qm_engine:btc_ptmc_rep_hot,3.0000000000
METRIC,2026-04-13T17:49:15Z,120681419298755,923,btc_qm_engine:btc_ptmc_rep_cold,2.0000000000
METRIC,2026-04-13T17:49:15Z,120681419334915,923,btc_qm_engine:btc_ptmc_accept,1.0000000000
METRIC,2026-04-13T17:49:15Z,120681419362975,923,btc_qm_engine:btc_ptmc_rep_hot,4.0000000000
METRIC,2026-04-13T17:49:15Z,120681419387415,923,btc_qm_engine:btc_ptmc_rep_cold,3.0000000000
METRIC,2026-04-13T17:49:15Z,120681419411905,923,btc_qm_engine:btc_ptmc_accept,1.0000000000
METRIC,2026-04-13T17:49:15Z,120681419439795,923,btc_qm_engine:btc_ptmc_rep_hot,5.0000000000
METRIC,2026-04-13T17:49:15Z,120681419463815,923,btc_qm_engine:btc_ptmc_rep_cold,4.0000000000
METRIC,2026-04-13T17:49:15Z,120681419505595,923,btc_qm_engine:btc_ptmc_accept,1.0000000000
METRIC,2026-04-13T17:49:15Z,120681419537015,923,btc_qm_engine:btc_ptmc_rep_hot,6.0000000000
METRIC,2026-04-13T17:49:15Z,120681419561115,923,btc_qm_engine:btc_ptmc_rep_cold,5.0000000000
METRIC,2026-04-13T17:49:15Z,120681419585115,923,btc_qm_engine:btc_ptmc_accept,1.0000000000
METRIC,2026-04-13T17:49:15Z,120681419614805,923,btc_qm_engine:btc_ptmc_rep_hot,7.0000000000
METRIC,2026-04-13T17:49:15Z,120681419638695,923,btc_qm_engine:btc_ptmc_rep_cold,6.0000000000
METRIC,2026-04-13T17:49:15Z,120681419662765,923,btc_qm_engine:btc_ptmc_accept,1.0000000000
METRIC,2026-04-13T17:49:15Z,120681524050522,923,btc_qm_engine:btc_ptmc_rep_hot,1.0000000000
METRIC,2026-04-13T17:49:15Z,120681524127682,923,btc_qm_engine:btc_ptmc_rep_cold,0.0000000000
METRIC,2026-04-13T17:49:15Z,120681524147992,923,btc_qm_engine:btc_ptmc_accept,-0.1354937842
METRIC,2026-04-13T17:49:15Z,120681524172872,923,btc_qm_engine:btc_ptmc_rep_hot,2.0000000000
METRIC,2026-04-13T17:49:15Z,120681524191912,923,btc_qm_engine:btc_ptmc_rep_cold,1.0000000000
METRIC,2026-04-13T17:49:15Z,120681524210492,923,btc_qm_engine:btc_ptmc_accept,1.0000000000
METRIC,2026-04-13T17:49:15Z,120681524231592,923,btc_qm_engine:btc_ptmc_rep_hot,3.0000000000
METRIC,2026-04-13T17:49:15Z,120681524250212,923,btc_qm_engine:btc_ptmc_rep_cold,2.0000000000
METRIC,2026-04-13T17:49:15Z,120681524268812,923,btc_qm_engine:btc_ptmc_accept,1.0000000000
METRIC,2026-04-13T17:49:15Z,120681524334092,923,btc_qm_engine:btc_ptmc_rep_hot,4.0000000000
METRIC,2026-04-13T17:49:15Z,120681524454032,923,btc_qm_engine:btc_ptmc_rep_cold,3.0000000000
METRIC,2026-04-13T17:49:15Z,120681524472562,923,btc_qm_engine:btc_ptmc_accept,0.9048354550
METRIC,2026-04-13T17:49:15Z,120681524500252,923,btc_qm_engine:btc_ptmc_rep_hot,5.0000000000
METRIC,2026-04-13T17:49:15Z,120681524522372,923,btc_qm_engine:btc_ptmc_rep_cold,4.0000000000
METRIC,2026-04-13T17:49:15Z,120681524547052,923,btc_qm_engine:btc_ptmc_accept,1.0000000000
METRIC,2026-04-13T17:49:15Z,120681524572552,923,btc_qm_engine:btc_ptmc_rep_hot,6.0000000000
METRIC,2026-04-13T17:49:15Z,120681524590842,923,btc_qm_engine:btc_ptmc_rep_cold,5.0000000000
METRIC,2026-04-13T17:49:15Z,120681524609052,923,btc_qm_engine:btc_ptmc_accept,1.0000000000
METRIC,2026-04-13T17:49:15Z,120681524630102,923,btc_qm_engine:btc_ptmc_rep_hot,7.0000000000
METRIC,2026-04-13T17:49:15Z,120681524648292,923,btc_qm_engine:btc_ptmc_rep_cold,6.0000000000
METRIC,2026-04-13T17:49:15Z,120681524666632,923,btc_qm_engine:btc_ptmc_accept,1.0000000000
METRIC,2026-04-13T17:49:15Z,120681624988200,923,btc_qm_engine:btc_ptmc_rep_hot,1.0000000000
METRIC,2026-04-13T17:49:15Z,120681625090190,923,btc_qm_engine:btc_ptmc_rep_cold,0.0000000000
METRIC,2026-04-13T17:49:15Z,120681625111380,923,btc_qm_engine:btc_ptmc_accept,-0.5136669338
METRIC,2026-04-13T17:49:15Z,120681625136510,923,btc_qm_engine:btc_ptmc_rep_hot,2.0000000000
METRIC,2026-04-13T17:49:15Z,120681625156320,923,btc_qm_engine:btc_ptmc_rep_cold,1.0000000000
METRIC,2026-04-13T17:49:15Z,120681625175340,923,btc_qm_engine:btc_ptmc_accept,0.7165485813
METRIC,2026-04-13T17:49:15Z,120681625199970,923,btc_qm_engine:btc_ptmc_rep_hot,3.0000000000
METRIC,2026-04-13T17:49:15Z,120681625218980,923,btc_qm_engine:btc_ptmc_rep_cold,2.0000000000
METRIC,2026-04-13T17:49:15Z,120681625239670,923,btc_qm_engine:btc_ptmc_accept,0.8464868258
METRIC,2026-04-13T17:49:15Z,120681625268640,923,btc_qm_engine:btc_ptmc_rep_hot,4.0000000000
METRIC,2026-04-13T17:49:15Z,120681625294860,923,btc_qm_engine:btc_ptmc_rep_cold,3.0000000000
METRIC,2026-04-13T17:49:15Z,120681625317520,923,btc_qm_engine:btc_ptmc_accept,0.8187343053
METRIC,2026-04-13T17:49:15Z,120681625352080,923,btc_qm_engine:btc_ptmc_rep_hot,5.0000000000
METRIC,2026-04-13T17:49:15Z,120681625375960,923,btc_qm_engine:btc_ptmc_rep_cold,4.0000000000
METRIC,2026-04-13T17:49:15Z,120681625400840,923,btc_qm_engine:btc_ptmc_accept,0.8824983983
METRIC,2026-04-13T17:49:15Z,120681625425430,923,btc_qm_engine:btc_ptmc_rep_hot,6.0000000000
METRIC,2026-04-13T17:49:15Z,120681625444550,923,btc_qm_engine:btc_ptmc_rep_cold,5.0000000000
METRIC,2026-04-13T17:49:15Z,120681625483550,923,btc_qm_engine:btc_ptmc_accept,0.9298549256
METRIC,2026-04-13T17:49:15Z,120681625510610,923,btc_qm_engine:btc_ptmc_rep_hot,7.0000000000
METRIC,2026-04-13T17:49:15Z,120681625529900,923,btc_qm_engine:btc_ptmc_rep_cold,6.0000000000
METRIC,2026-04-13T17:49:15Z,120681625548790,923,btc_qm_engine:btc_ptmc_accept,0.9767447714
METRIC,2026-04-13T17:49:15Z,120681732107357,923,btc_qm_engine:btc_ptmc_rep_hot,1.0000000000
METRIC,2026-04-13T17:49:15Z,120681732185557,923,btc_qm_engine:btc_ptmc_rep_cold,0.0000000000
METRIC,2026-04-13T17:49:15Z,120681732211897,923,btc_qm_engine:btc_ptmc_accept,-0.5136174742
METRIC,2026-04-13T17:49:15Z,120681732258047,923,btc_qm_engine:btc_ptmc_rep_hot,2.0000000000
METRIC,2026-04-13T17:49:15Z,120681732295487,923,btc_qm_engine:btc_ptmc_rep_cold,1.0000000000
METRIC,2026-04-13T17:49:15Z,120681732318877,923,btc_qm_engine:btc_ptmc_accept,1.0000000000
METRIC,2026-04-13T17:49:15Z,120681732347297,923,btc_qm_engine:btc_ptmc_rep_hot,3.0000000000
METRIC,2026-04-13T17:49:15Z,120681732372227,923,btc_qm_engine:btc_ptmc_rep_cold,2.0000000000
METRIC,2026-04-13T17:49:15Z,120681732396277,923,btc_qm_engine:btc_ptmc_accept,1.0000000000
METRIC,2026-04-13T17:49:15Z,120681732426197,923,btc_qm_engine:btc_ptmc_rep_hot,4.0000000000
METRIC,2026-04-13T17:49:15Z,120681732450557,923,btc_qm_engine:btc_ptmc_rep_cold,3.0000000000
METRIC,2026-04-13T17:49:15Z,120681732475037,923,btc_qm_engine:btc_ptmc_accept,1.0000000000
METRIC,2026-04-13T17:49:15Z,120681732505007,923,btc_qm_engine:btc_ptmc_rep_hot,5.0000000000
METRIC,2026-04-13T17:49:15Z,120681732529377,923,btc_qm_engine:btc_ptmc_rep_cold,4.0000000000
METRIC,2026-04-13T17:49:15Z,120681732562597,923,btc_qm_engine:btc_ptmc_accept,1.0000000000
METRIC,2026-04-13T17:49:15Z,120681732599687,923,btc_qm_engine:btc_ptmc_rep_hot,6.0000000000
METRIC,2026-04-13T17:49:15Z,120681732624187,923,btc_qm_engine:btc_ptmc_rep_cold,5.0000000000
METRIC,2026-04-13T17:49:15Z,120681732648477,923,btc_qm_engine:btc_ptmc_accept,1.0000000000
METRIC,2026-04-13T17:49:15Z,120681732679017,923,btc_qm_engine:btc_ptmc_rep_hot,7.0000000000
METRIC,2026-04-13T17:49:15Z,120681732703547,923,btc_qm_engine:btc_ptmc_rep_cold,6.0000000000
METRIC,2026-04-13T17:49:15Z,120681732728107,923,btc_qm_engine:btc_ptmc_accept,1.0000000000
METRIC,2026-04-13T17:49:15Z,120681835643445,923,btc_qm_engine:btc_ptmc_rep_hot,1.0000000000
METRIC,2026-04-13T17:49:15Z,120681835722465,923,btc_qm_engine:btc_ptmc_rep_cold,0.0000000000
METRIC,2026-04-13T17:49:15Z,120681835748745,923,btc_qm_engine:btc_ptmc_accept,1.0000000000
METRIC,2026-04-13T17:49:15Z,120681835778325,923,btc_qm_engine:btc_ptmc_rep_hot,2.0000000000
METRIC,2026-04-13T17:49:15Z,120681835802505,923,btc_qm_engine:btc_ptmc_rep_cold,1.0000000000
METRIC,2026-04-13T17:49:15Z,120681835833535,923,btc_qm_engine:btc_ptmc_accept,1.0000000000
METRIC,2026-04-13T17:49:15Z,120681835864165,923,btc_qm_engine:btc_ptmc_rep_hot,3.0000000000
METRIC,2026-04-13T17:49:15Z,120681835888515,923,btc_qm_engine:btc_ptmc_rep_cold,2.0000000000
METRIC,2026-04-13T17:49:15Z,120681835912735,923,btc_qm_engine:btc_ptmc_accept,1.0000000000
METRIC,2026-04-13T17:49:15Z,120681835936875,923,btc_qm_engine:btc_ptmc_rep_hot,4.0000000000
METRIC,2026-04-13T17:49:15Z,120681835960645,923,btc_qm_engine:btc_ptmc_rep_cold,3.0000000000
METRIC,2026-04-13T17:49:15Z,120681835984955,923,btc_qm_engine:btc_ptmc_accept,1.0000000000
METRIC,2026-04-13T17:49:15Z,120681836230275,923,btc_qm_engine:btc_ptmc_rep_hot,5.0000000000
METRIC,2026-04-13T17:49:15Z,120681836264995,923,btc_qm_engine:btc_ptmc_rep_cold,4.0000000000
METRIC,2026-04-13T17:49:15Z,120681836289795,923,btc_qm_engine:btc_ptmc_accept,1.0000000000
METRIC,2026-04-13T17:49:15Z,120681836317195,923,btc_qm_engine:btc_ptmc_rep_hot,6.0000000000
METRIC,2026-04-13T17:49:15Z,120681836341945,923,btc_qm_engine:btc_ptmc_rep_cold,5.0000000000
METRIC,2026-04-13T17:49:15Z,120681836366435,923,btc_qm_engine:btc_ptmc_accept,1.0000000000
METRIC,2026-04-13T17:49:15Z,120681836395635,923,btc_qm_engine:btc_ptmc_rep_hot,7.0000000000
METRIC,2026-04-13T17:49:15Z,120681836449435,923,btc_qm_engine:btc_ptmc_rep_cold,6.0000000000
METRIC,2026-04-13T17:49:15Z,120681836473845,923,btc_qm_engine:btc_ptmc_accept,1.0000000000
METRIC,2026-04-13T17:49:15Z,120681936104442,923,btc_qm_engine:btc_ptmc_rep_hot,1.0000000000
METRIC,2026-04-13T17:49:15Z,120681936191022,923,btc_qm_engine:btc_ptmc_rep_cold,0.0000000000
METRIC,2026-04-13T17:49:15Z,120681936217772,923,btc_qm_engine:btc_ptmc_accept,-0.0694834512
METRIC,2026-04-13T17:49:15Z,120681936252292,923,btc_qm_engine:btc_ptmc_rep_hot,2.0000000000
METRIC,2026-04-13T17:49:15Z,120681936276802,923,btc_qm_engine:btc_ptmc_rep_cold,1.0000000000
METRIC,2026-04-13T17:49:15Z,120681936301532,923,btc_qm_engine:btc_ptmc_accept,1.0000000000
METRIC,2026-04-13T17:49:15Z,120681936332352,923,btc_qm_engine:btc_ptmc_rep_hot,3.0000000000
METRIC,2026-04-13T17:49:15Z,120681936370772,923,btc_qm_engine:btc_ptmc_rep_cold,2.0000000000
METRIC,2026-04-13T17:49:15Z,120681936404022,923,btc_qm_engine:btc_ptmc_accept,1.0000000000
METRIC,2026-04-13T17:49:15Z,120681936437462,923,btc_qm_engine:btc_ptmc_rep_hot,4.0000000000
METRIC,2026-04-13T17:49:15Z,120681936461672,923,btc_qm_engine:btc_ptmc_rep_cold,3.0000000000
METRIC,2026-04-13T17:49:15Z,120681936485742,923,btc_qm_engine:btc_ptmc_accept,1.0000000000
METRIC,2026-04-13T17:49:15Z,120681936513712,923,btc_qm_engine:btc_ptmc_rep_hot,5.0000000000
METRIC,2026-04-13T17:49:15Z,120681936538492,923,btc_qm_engine:btc_ptmc_rep_cold,4.0000000000
METRIC,2026-04-13T17:49:15Z,120681936562752,923,btc_qm_engine:btc_ptmc_accept,1.0000000000
METRIC,2026-04-13T17:49:15Z,120681936591582,923,btc_qm_engine:btc_ptmc_rep_hot,6.0000000000
METRIC,2026-04-13T17:49:15Z,120681936615932,923,btc_qm_engine:btc_ptmc_rep_cold,5.0000000000
METRIC,2026-04-13T17:49:15Z,120681936640262,923,btc_qm_engine:btc_ptmc_accept,1.0000000000
METRIC,2026-04-13T17:49:15Z,120681936668132,923,btc_qm_engine:btc_ptmc_rep_hot,7.0000000000
METRIC,2026-04-13T17:49:15Z,120681936692432,923,btc_qm_engine:btc_ptmc_rep_cold,6.0000000000
METRIC,2026-04-13T17:49:15Z,120681936716492,923,btc_qm_engine:btc_ptmc_accept,1.0000000000
METRIC,2026-04-13T17:49:15Z,120682041724840,923,btc_qm_engine:btc_ptmc_rep_hot,1.0000000000
METRIC,2026-04-13T17:49:15Z,120682041831830,923,btc_qm_engine:btc_ptmc_rep_cold,0.0000000000
METRIC,2026-04-13T17:49:15Z,120682041853060,923,btc_qm_engine:btc_ptmc_accept,1.0000000000
METRIC,2026-04-13T17:49:15Z,120682041877770,923,btc_qm_engine:btc_ptmc_rep_hot,2.0000000000
METRIC,2026-04-13T17:49:15Z,120682041902790,923,btc_qm_engine:btc_ptmc_rep_cold,1.0000000000
METRIC,2026-04-13T17:49:15Z,120682041927840,923,btc_qm_engine:btc_ptmc_accept,1.0000000000
METRIC,2026-04-13T17:49:15Z,120682041957970,923,btc_qm_engine:btc_ptmc_rep_hot,3.0000000000
METRIC,2026-04-13T17:49:15Z,120682041982900,923,btc_qm_engine:btc_ptmc_rep_cold,2.0000000000
METRIC,2026-04-13T17:49:15Z,120682042027110,923,btc_qm_engine:btc_ptmc_accept,1.0000000000
METRIC,2026-04-13T17:49:15Z,120682042060340,923,btc_qm_engine:btc_ptmc_rep_hot,4.0000000000
METRIC,2026-04-13T17:49:15Z,120682042085330,923,btc_qm_engine:btc_ptmc_rep_cold,3.0000000000
METRIC,2026-04-13T17:49:15Z,120682042109470,923,btc_qm_engine:btc_ptmc_accept,1.0000000000
METRIC,2026-04-13T17:49:15Z,120682042140340,923,btc_qm_engine:btc_ptmc_rep_hot,5.0000000000
METRIC,2026-04-13T17:49:15Z,120682042164810,923,btc_qm_engine:btc_ptmc_rep_cold,4.0000000000
METRIC,2026-04-13T17:49:15Z,120682042189340,923,btc_qm_engine:btc_ptmc_accept,1.0000000000
METRIC,2026-04-13T17:49:15Z,120682042219880,923,btc_qm_engine:btc_ptmc_rep_hot,6.0000000000
METRIC,2026-04-13T17:49:15Z,120682042244040,923,btc_qm_engine:btc_ptmc_rep_cold,5.0000000000
METRIC,2026-04-13T17:49:15Z,120682042268490,923,btc_qm_engine:btc_ptmc_accept,1.0000000000
METRIC,2026-04-13T17:49:15Z,120682042295860,923,btc_qm_engine:btc_ptmc_rep_hot,7.0000000000
METRIC,2026-04-13T17:49:15Z,120682042320230,923,btc_qm_engine:btc_ptmc_rep_cold,6.0000000000
METRIC,2026-04-13T17:49:15Z,120682042344580,923,btc_qm_engine:btc_ptmc_accept,1.0000000000
METRIC,2026-04-13T17:49:15Z,120682147266857,923,btc_qm_engine:btc_ptmc_rep_hot,1.0000000000
METRIC,2026-04-13T17:49:15Z,120682147417617,923,btc_qm_engine:btc_ptmc_rep_cold,0.0000000000
METRIC,2026-04-13T17:49:15Z,120682147444347,923,btc_qm_engine:btc_ptmc_accept,-0.0695317437
METRIC,2026-04-13T17:49:15Z,120682147471597,923,btc_qm_engine:btc_ptmc_rep_hot,2.0000000000
METRIC,2026-04-13T17:49:15Z,120682147496867,923,btc_qm_engine:btc_ptmc_rep_cold,1.0000000000
METRIC,2026-04-13T17:49:15Z,120682147521217,923,btc_qm_engine:btc_ptmc_accept,1.0000000000
METRIC,2026-04-13T17:49:15Z,120682147547547,923,btc_qm_engine:btc_ptmc_rep_hot,3.0000000000
METRIC,2026-04-13T17:49:15Z,120682147571097,923,btc_qm_engine:btc_ptmc_rep_cold,2.0000000000
METRIC,2026-04-13T17:49:15Z,120682147602187,923,btc_qm_engine:btc_ptmc_accept,1.0000000000
METRIC,2026-04-13T17:49:15Z,120682147640737,923,btc_qm_engine:btc_ptmc_rep_hot,4.0000000000
METRIC,2026-04-13T17:49:15Z,120682147666707,923,btc_qm_engine:btc_ptmc_rep_cold,3.0000000000
METRIC,2026-04-13T17:49:15Z,120682147690357,923,btc_qm_engine:btc_ptmc_accept,1.0000000000
METRIC,2026-04-13T17:49:15Z,120682147719957,923,btc_qm_engine:btc_ptmc_rep_hot,5.0000000000
METRIC,2026-04-13T17:49:15Z,120682147744637,923,btc_qm_engine:btc_ptmc_rep_cold,4.0000000000
METRIC,2026-04-13T17:49:15Z,120682147769097,923,btc_qm_engine:btc_ptmc_accept,1.0000000000
METRIC,2026-04-13T17:49:15Z,120682147799847,923,btc_qm_engine:btc_ptmc_rep_hot,6.0000000000
METRIC,2026-04-13T17:49:15Z,120682147824107,923,btc_qm_engine:btc_ptmc_rep_cold,5.0000000000
METRIC,2026-04-13T17:49:15Z,120682147848287,923,btc_qm_engine:btc_ptmc_accept,1.0000000000
METRIC,2026-04-13T17:49:15Z,120682147878807,923,btc_qm_engine:btc_ptmc_rep_hot,7.0000000000
METRIC,2026-04-13T17:49:15Z,120682147902687,923,btc_qm_engine:btc_ptmc_rep_cold,6.0000000000
METRIC,2026-04-13T17:49:15Z,120682147927097,923,btc_qm_engine:btc_ptmc_accept,1.0000000000
METRIC,2026-04-13T17:49:15Z,120682248260315,923,btc_qm_engine:btc_ptmc_rep_hot,1.0000000000
METRIC,2026-04-13T17:49:15Z,120682248363215,923,btc_qm_engine:btc_ptmc_rep_cold,0.0000000000
METRIC,2026-04-13T17:49:15Z,120682248390215,923,btc_qm_engine:btc_ptmc_accept,1.0000000000
METRIC,2026-04-13T17:49:15Z,120682248419375,923,btc_qm_engine:btc_ptmc_rep_hot,2.0000000000
METRIC,2026-04-13T17:49:15Z,120682248442545,923,btc_qm_engine:btc_ptmc_rep_cold,1.0000000000
METRIC,2026-04-13T17:49:15Z,120682248464855,923,btc_qm_engine:btc_ptmc_accept,1.0000000000
METRIC,2026-04-13T17:49:15Z,120682248489185,923,btc_qm_engine:btc_ptmc_rep_hot,3.0000000000
METRIC,2026-04-13T17:49:15Z,120682248507985,923,btc_qm_engine:btc_ptmc_rep_cold,2.0000000000
METRIC,2026-04-13T17:49:15Z,120682248526785,923,btc_qm_engine:btc_ptmc_accept,1.0000000000
METRIC,2026-04-13T17:49:15Z,120682248551505,923,btc_qm_engine:btc_ptmc_rep_hot,4.0000000000
METRIC,2026-04-13T17:49:15Z,120682248570315,923,btc_qm_engine:btc_ptmc_rep_cold,3.0000000000
METRIC,2026-04-13T17:49:15Z,120682248589055,923,btc_qm_engine:btc_ptmc_accept,1.0000000000
METRIC,2026-04-13T17:49:15Z,120682248612365,923,btc_qm_engine:btc_ptmc_rep_hot,5.0000000000
METRIC,2026-04-13T17:49:15Z,120682248631075,923,btc_qm_engine:btc_ptmc_rep_cold,4.0000000000
METRIC,2026-04-13T17:49:15Z,120682248691685,923,btc_qm_engine:btc_ptmc_accept,1.0000000000
METRIC,2026-04-13T17:49:15Z,120682248728565,923,btc_qm_engine:btc_ptmc_rep_hot,6.0000000000
METRIC,2026-04-13T17:49:15Z,120682248747385,923,btc_qm_engine:btc_ptmc_rep_cold,5.0000000000
METRIC,2026-04-13T17:49:15Z,120682248766495,923,btc_qm_engine:btc_ptmc_accept,1.0000000000
METRIC,2026-04-13T17:49:15Z,120682248791145,923,btc_qm_engine:btc_ptmc_rep_hot,7.0000000000
METRIC,2026-04-13T17:49:15Z,120682248810995,923,btc_qm_engine:btc_ptmc_rep_cold,6.0000000000
METRIC,2026-04-13T17:49:15Z,120682248830045,923,btc_qm_engine:btc_ptmc_accept,1.0000000000
METRIC,2026-04-13T17:49:16Z,120682349807672,923,btc_qm_engine:btc_ptmc_rep_hot,1.0000000000
METRIC,2026-04-13T17:49:16Z,120682349895962,923,btc_qm_engine:btc_ptmc_rep_cold,0.0000000000
METRIC,2026-04-13T17:49:16Z,120682349916802,923,btc_qm_engine:btc_ptmc_accept,1.0000000000
METRIC,2026-04-13T17:49:16Z,120682349966352,923,btc_qm_engine:btc_ptmc_rep_hot,2.0000000000
METRIC,2026-04-13T17:49:16Z,120682349986222,923,btc_qm_engine:btc_ptmc_rep_cold,1.0000000000
METRIC,2026-04-13T17:49:16Z,120682350035792,923,btc_qm_engine:btc_ptmc_accept,-0.5134418693
METRIC,2026-04-13T17:49:16Z,120682350072992,923,btc_qm_engine:btc_ptmc_rep_hot,3.0000000000
METRIC,2026-04-13T17:49:16Z,120682350097732,923,btc_qm_engine:btc_ptmc_rep_cold,2.0000000000
METRIC,2026-04-13T17:49:16Z,120682350116622,923,btc_qm_engine:btc_ptmc_accept,1.0000000000
METRIC,2026-04-13T17:49:16Z,120682350138782,923,btc_qm_engine:btc_ptmc_rep_hot,4.0000000000
METRIC,2026-04-13T17:49:16Z,120682350157462,923,btc_qm_engine:btc_ptmc_rep_cold,3.0000000000
METRIC,2026-04-13T17:49:16Z,120682350176172,923,btc_qm_engine:btc_ptmc_accept,1.0000000000
METRIC,2026-04-13T17:49:16Z,120682350200302,923,btc_qm_engine:btc_ptmc_rep_hot,5.0000000000
METRIC,2026-04-13T17:49:16Z,120682350218892,923,btc_qm_engine:btc_ptmc_rep_cold,4.0000000000
METRIC,2026-04-13T17:49:16Z,120682350237502,923,btc_qm_engine:btc_ptmc_accept,1.0000000000
METRIC,2026-04-13T17:49:16Z,120682350260772,923,btc_qm_engine:btc_ptmc_rep_hot,6.0000000000
METRIC,2026-04-13T17:49:16Z,120682350279472,923,btc_qm_engine:btc_ptmc_rep_cold,5.0000000000
METRIC,2026-04-13T17:49:16Z,120682350298262,923,btc_qm_engine:btc_ptmc_accept,1.0000000000
METRIC,2026-04-13T17:49:16Z,120682350320032,923,btc_qm_engine:btc_ptmc_rep_hot,7.0000000000
METRIC,2026-04-13T17:49:16Z,120682350338552,923,btc_qm_engine:btc_ptmc_rep_cold,6.0000000000
METRIC,2026-04-13T17:49:16Z,120682350357222,923,btc_qm_engine:btc_ptmc_accept,1.0000000000
METRIC,2026-04-13T17:49:16Z,120682453750960,923,btc_qm_engine:btc_ptmc_rep_hot,1.0000000000
METRIC,2026-04-13T17:49:16Z,120682453857540,923,btc_qm_engine:btc_ptmc_rep_cold,0.0000000000
METRIC,2026-04-13T17:49:16Z,120682453884890,923,btc_qm_engine:btc_ptmc_accept,1.0000000000
METRIC,2026-04-13T17:49:16Z,120682453915950,923,btc_qm_engine:btc_ptmc_rep_hot,2.0000000000
METRIC,2026-04-13T17:49:16Z,120682453940970,923,btc_qm_engine:btc_ptmc_rep_cold,1.0000000000
METRIC,2026-04-13T17:49:16Z,120682453965050,923,btc_qm_engine:btc_ptmc_accept,1.0000000000
METRIC,2026-04-13T17:49:16Z,120682453993490,923,btc_qm_engine:btc_ptmc_rep_hot,3.0000000000
METRIC,2026-04-13T17:49:16Z,120682454064230,923,btc_qm_engine:btc_ptmc_rep_cold,2.0000000000
METRIC,2026-04-13T17:49:16Z,120682454101620,923,btc_qm_engine:btc_ptmc_accept,1.0000000000
METRIC,2026-04-13T17:49:16Z,120682454134660,923,btc_qm_engine:btc_ptmc_rep_hot,4.0000000000
METRIC,2026-04-13T17:49:16Z,120682454159810,923,btc_qm_engine:btc_ptmc_rep_cold,3.0000000000
METRIC,2026-04-13T17:49:16Z,120682454184780,923,btc_qm_engine:btc_ptmc_accept,1.0000000000
METRIC,2026-04-13T17:49:16Z,120682454218230,923,btc_qm_engine:btc_ptmc_rep_hot,5.0000000000
METRIC,2026-04-13T17:49:16Z,120682454242740,923,btc_qm_engine:btc_ptmc_rep_cold,4.0000000000
METRIC,2026-04-13T17:49:16Z,120682454267040,923,btc_qm_engine:btc_ptmc_accept,1.0000000000
METRIC,2026-04-13T17:49:16Z,120682454309020,923,btc_qm_engine:btc_ptmc_rep_hot,6.0000000000
METRIC,2026-04-13T17:49:16Z,120682454333660,923,btc_qm_engine:btc_ptmc_rep_cold,5.0000000000
METRIC,2026-04-13T17:49:16Z,120682454357980,923,btc_qm_engine:btc_ptmc_accept,1.0000000000
METRIC,2026-04-13T17:49:16Z,120682454388630,923,btc_qm_engine:btc_ptmc_rep_hot,7.0000000000
METRIC,2026-04-13T17:49:16Z,120682454412880,923,btc_qm_engine:btc_ptmc_rep_cold,6.0000000000
METRIC,2026-04-13T17:49:16Z,120682454437100,923,btc_qm_engine:btc_ptmc_accept,1.0000000000
METRIC,2026-04-13T17:49:16Z,120682473374920,923,btc_qm_engine:btc_nx48_delta_nonce_old,28.0357020000
METRIC,2026-04-13T17:49:16Z,120682473465940,923,btc_qm_engine:btc_nx48_delta_nonce_new,16.0356363007
METRIC,2026-04-13T17:49:16Z,120682473487220,923,btc_qm_engine:btc_nx48_batch_old,4.0000000000
METRIC,2026-04-13T17:49:16Z,120682473506730,923,btc_qm_engine:btc_nx48_batch_new,4.0000000000
METRIC,2026-04-13T17:49:16Z,120682473525590,923,btc_qm_engine:btc_nx48_loss,0.6931471806
METRIC,2026-04-13T17:49:16Z,120682473544910,923,btc_qm_engine:btc_nx48_grad_norm,0.7161598512
METRIC,2026-04-13T17:49:16Z,120682473566730,923,btc_qm_engine:btc_nx48_update_count,239.0000000000
METRIC,2026-04-13T17:49:16Z,120682473589240,923,btc_qm_engine:btc_nx48_exploration_bias,0.6609970000
METRIC,2026-04-13T17:49:16Z,120682473610780,923,btc_qm_engine:btc_hashrate_mhs,0.9188730254
METRIC,2026-04-13T17:49:16Z,120682473632190,923,btc_qm_engine:btc_hashrate_thread_id,0.0000000000
METRIC,2026-04-13T17:49:16Z,120682473662620,923,btc_qm_engine:btc_hashrate_mhs,0.9192984349
METRIC,2026-04-13T17:49:16Z,120682473719680,923,btc_qm_engine:btc_hashrate_thread_id,1.0000000000
METRIC,2026-04-13T17:49:16Z,120682475918390,923,btc_qm_engine:btc_hashrate_mhs,0.9187228524
METRIC,2026-04-13T17:49:16Z,120682475968110,923,btc_qm_engine:btc_hashrate_thread_id,4.0000000000
METRIC,2026-04-13T17:49:16Z,120682475989000,923,btc_qm_engine:btc_hashrate_mhs,0.9192017053
METRIC,2026-04-13T17:49:16Z,120682476099680,923,btc_qm_engine:btc_hashrate_thread_id,2.0000000000
METRIC,2026-04-13T17:49:16Z,120682477368709,923,btc_qm_engine:btc_hashrate_mhs,0.9190797679
METRIC,2026-04-13T17:49:16Z,120682477411069,923,btc_qm_engine:btc_hashrate_thread_id,6.0000000000
METRIC,2026-04-13T17:49:16Z,120682478545859,923,btc_qm_engine:btc_hashrate_mhs,0.9190505411
METRIC,2026-04-13T17:49:16Z,120682478637599,923,btc_qm_engine:btc_hashrate_thread_id,7.0000000000
METRIC,2026-04-13T17:49:16Z,120682479788389,923,btc_qm_engine:btc_hashrate_mhs,0.9195018707
METRIC,2026-04-13T17:49:16Z,120682479873239,923,btc_qm_engine:btc_hashrate_thread_id,3.0000000000
METRIC,2026-04-13T17:49:16Z,120682480713359,923,btc_qm_engine:btc_hashrate_mhs,0.9200980519
METRIC,2026-04-13T17:49:16Z,120682480787649,923,btc_qm_engine:btc_hashrate_thread_id,5.0000000000
METRIC,2026-04-13T17:49:16Z,120682556039028,923,btc_qm_engine:btc_ptmc_rep_hot,1.0000000000
METRIC,2026-04-13T17:49:16Z,120682556139708,923,btc_qm_engine:btc_ptmc_rep_cold,0.0000000000
METRIC,2026-04-13T17:49:16Z,120682556165988,923,btc_qm_engine:btc_ptmc_accept,1.0000000000
METRIC,2026-04-13T17:49:16Z,120682556198988,923,btc_qm_engine:btc_ptmc_rep_hot,2.0000000000
METRIC,2026-04-13T17:49:16Z,120682556223908,923,btc_qm_engine:btc_ptmc_rep_cold,1.0000000000
METRIC,2026-04-13T17:49:16Z,120682556248968,923,btc_qm_engine:btc_ptmc_accept,1.0000000000
METRIC,2026-04-13T17:49:16Z,120682556278008,923,btc_qm_engine:btc_ptmc_rep_hot,3.0000000000
METRIC,2026-04-13T17:49:16Z,120682556302668,923,btc_qm_engine:btc_ptmc_rep_cold,2.0000000000
METRIC,2026-04-13T17:49:16Z,120682556327488,923,btc_qm_engine:btc_ptmc_accept,1.0000000000
METRIC,2026-04-13T17:49:16Z,120682556355708,923,btc_qm_engine:btc_ptmc_rep_hot,4.0000000000
METRIC,2026-04-13T17:49:16Z,120682556380458,923,btc_qm_engine:btc_ptmc_rep_cold,3.0000000000
METRIC,2026-04-13T17:49:16Z,120682556404648,923,btc_qm_engine:btc_ptmc_accept,1.0000000000
METRIC,2026-04-13T17:49:16Z,120682556436508,923,btc_qm_engine:btc_ptmc_rep_hot,5.0000000000
METRIC,2026-04-13T17:49:16Z,120682556460638,923,btc_qm_engine:btc_ptmc_rep_cold,4.0000000000
METRIC,2026-04-13T17:49:16Z,120682556509698,923,btc_qm_engine:btc_ptmc_accept,1.0000000000
METRIC,2026-04-13T17:49:16Z,120682556541118,923,btc_qm_engine:btc_ptmc_rep_hot,6.0000000000
METRIC,2026-04-13T17:49:16Z,120682556565898,923,btc_qm_engine:btc_ptmc_rep_cold,5.0000000000
METRIC,2026-04-13T17:49:16Z,120682556591448,923,btc_qm_engine:btc_ptmc_accept,1.0000000000
METRIC,2026-04-13T17:49:16Z,120682556619808,923,btc_qm_engine:btc_ptmc_rep_hot,7.0000000000
METRIC,2026-04-13T17:49:16Z,120682556644208,923,btc_qm_engine:btc_ptmc_rep_cold,6.0000000000
METRIC,2026-04-13T17:49:16Z,120682556667898,923,btc_qm_engine:btc_ptmc_accept,1.0000000000
METRIC,2026-04-13T17:49:16Z,120682656241275,923,btc_qm_engine:btc_ptmc_rep_hot,1.0000000000
METRIC,2026-04-13T17:49:16Z,120682656324915,923,btc_qm_engine:btc_ptmc_rep_cold,0.0000000000
METRIC,2026-04-13T17:49:16Z,120682656345945,923,btc_qm_engine:btc_ptmc_accept,1.0000000000
METRIC,2026-04-13T17:49:16Z,120682656370005,923,btc_qm_engine:btc_ptmc_rep_hot,2.0000000000
METRIC,2026-04-13T17:49:16Z,120682656389245,923,btc_qm_engine:btc_ptmc_rep_cold,1.0000000000
METRIC,2026-04-13T17:49:16Z,120682656408375,923,btc_qm_engine:btc_ptmc_accept,1.0000000000
METRIC,2026-04-13T17:49:16Z,120682656431055,923,btc_qm_engine:btc_ptmc_rep_hot,3.0000000000
METRIC,2026-04-13T17:49:16Z,120682656450675,923,btc_qm_engine:btc_ptmc_rep_cold,2.0000000000
METRIC,2026-04-13T17:49:16Z,120682656469545,923,btc_qm_engine:btc_ptmc_accept,1.0000000000
METRIC,2026-04-13T17:49:16Z,120682656494845,923,btc_qm_engine:btc_ptmc_rep_hot,4.0000000000
METRIC,2026-04-13T17:49:16Z,120682656525955,923,btc_qm_engine:btc_ptmc_rep_cold,3.0000000000
METRIC,2026-04-13T17:49:16Z,120682656553465,923,btc_qm_engine:btc_ptmc_accept,1.0000000000
METRIC,2026-04-13T17:49:16Z,120682656581045,923,btc_qm_engine:btc_ptmc_rep_hot,5.0000000000
METRIC,2026-04-13T17:49:16Z,120682656600115,923,btc_qm_engine:btc_ptmc_rep_cold,4.0000000000
METRIC,2026-04-13T17:49:16Z,120682656619235,923,btc_qm_engine:btc_ptmc_accept,1.0000000000
METRIC,2026-04-13T17:49:16Z,120682656644005,923,btc_qm_engine:btc_ptmc_rep_hot,6.0000000000
METRIC,2026-04-13T17:49:16Z,120682656662925,923,btc_qm_engine:btc_ptmc_rep_cold,5.0000000000
METRIC,2026-04-13T17:49:16Z,120682656681785,923,btc_qm_engine:btc_ptmc_accept,1.0000000000
METRIC,2026-04-13T17:49:16Z,120682656708855,923,btc_qm_engine:btc_ptmc_rep_hot,7.0000000000
METRIC,2026-04-13T17:49:16Z,120682656729125,923,btc_qm_engine:btc_ptmc_rep_cold,6.0000000000
METRIC,2026-04-13T17:49:16Z,120682656753555,923,btc_qm_engine:btc_ptmc_accept,1.0000000000
METRIC,2026-04-13T17:49:16Z,120682760369453,923,btc_qm_engine:btc_ptmc_rep_hot,1.0000000000
METRIC,2026-04-13T17:49:16Z,120682760474733,923,btc_qm_engine:btc_ptmc_rep_cold,0.0000000000
METRIC,2026-04-13T17:49:16Z,120682760502403,923,btc_qm_engine:btc_ptmc_accept,1.0000000000
METRIC,2026-04-13T17:49:16Z,120682760535023,923,btc_qm_engine:btc_ptmc_rep_hot,2.0000000000
METRIC,2026-04-13T17:49:16Z,120682760560753,923,btc_qm_engine:btc_ptmc_rep_cold,1.0000000000
METRIC,2026-04-13T17:49:16Z,120682760586543,923,btc_qm_engine:btc_ptmc_accept,1.0000000000
METRIC,2026-04-13T17:49:16Z,120682760619383,923,btc_qm_engine:btc_ptmc_rep_hot,3.0000000000
METRIC,2026-04-13T17:49:16Z,120682760645123,923,btc_qm_engine:btc_ptmc_rep_cold,2.0000000000
METRIC,2026-04-13T17:49:16Z,120682760670103,923,btc_qm_engine:btc_ptmc_accept,1.0000000000
METRIC,2026-04-13T17:49:16Z,120682760702413,923,btc_qm_engine:btc_ptmc_rep_hot,4.0000000000
METRIC,2026-04-13T17:49:16Z,120682760727553,923,btc_qm_engine:btc_ptmc_rep_cold,3.0000000000
METRIC,2026-04-13T17:49:16Z,120682760752753,923,btc_qm_engine:btc_ptmc_accept,1.0000000000
METRIC,2026-04-13T17:49:16Z,120682760783523,923,btc_qm_engine:btc_ptmc_rep_hot,5.0000000000
METRIC,2026-04-13T17:49:16Z,120682760808483,923,btc_qm_engine:btc_ptmc_rep_cold,4.0000000000
METRIC,2026-04-13T17:49:16Z,120682760832803,923,btc_qm_engine:btc_ptmc_accept,1.0000000000
METRIC,2026-04-13T17:49:16Z,120682760860313,923,btc_qm_engine:btc_ptmc_rep_hot,6.0000000000
METRIC,2026-04-13T17:49:16Z,120682760884953,923,btc_qm_engine:btc_ptmc_rep_cold,5.0000000000
METRIC,2026-04-13T17:49:16Z,120682760947613,923,btc_qm_engine:btc_ptmc_accept,1.0000000000
METRIC,2026-04-13T17:49:16Z,120682760980343,923,btc_qm_engine:btc_ptmc_rep_hot,7.0000000000
METRIC,2026-04-13T17:49:16Z,120682761025253,923,btc_qm_engine:btc_ptmc_rep_cold,6.0000000000
METRIC,2026-04-13T17:49:16Z,120682761050833,923,btc_qm_engine:btc_ptmc_accept,1.0000000000
METRIC,2026-04-13T17:49:16Z,120682861673690,923,btc_qm_engine:btc_ptmc_rep_hot,1.0000000000
METRIC,2026-04-13T17:49:16Z,120682861756750,923,btc_qm_engine:btc_ptmc_rep_cold,0.0000000000
METRIC,2026-04-13T17:49:16Z,120682861783940,923,btc_qm_engine:btc_ptmc_accept,1.0000000000
METRIC,2026-04-13T17:49:16Z,120682861826150,923,btc_qm_engine:btc_ptmc_rep_hot,2.0000000000
METRIC,2026-04-13T17:49:16Z,120682861860320,923,btc_qm_engine:btc_ptmc_rep_cold,1.0000000000
METRIC,2026-04-13T17:49:16Z,120682861885360,923,btc_qm_engine:btc_ptmc_accept,1.0000000000
METRIC,2026-04-13T17:49:16Z,120682861914030,923,btc_qm_engine:btc_ptmc_rep_hot,3.0000000000
METRIC,2026-04-13T17:49:16Z,120682861938630,923,btc_qm_engine:btc_ptmc_rep_cold,2.0000000000
METRIC,2026-04-13T17:49:16Z,120682861963230,923,btc_qm_engine:btc_ptmc_accept,1.0000000000
METRIC,2026-04-13T17:49:16Z,120682861991780,923,btc_qm_engine:btc_ptmc_rep_hot,4.0000000000
METRIC,2026-04-13T17:49:16Z,120682862040120,923,btc_qm_engine:btc_ptmc_rep_cold,3.0000000000
METRIC,2026-04-13T17:49:16Z,120682862069480,923,btc_qm_engine:btc_ptmc_accept,1.0000000000
METRIC,2026-04-13T17:49:16Z,120682862104170,923,btc_qm_engine:btc_ptmc_rep_hot,5.0000000000
METRIC,2026-04-13T17:49:16Z,120682862137180,923,btc_qm_engine:btc_ptmc_rep_cold,4.0000000000
METRIC,2026-04-13T17:49:16Z,120682862167840,923,btc_qm_engine:btc_ptmc_accept,1.0000000000
METRIC,2026-04-13T17:49:16Z,120682862199790,923,btc_qm_engine:btc_ptmc_rep_hot,6.0000000000
METRIC,2026-04-13T17:49:16Z,120682862224590,923,btc_qm_engine:btc_ptmc_rep_cold,5.0000000000
METRIC,2026-04-13T17:49:16Z,120682862249520,923,btc_qm_engine:btc_ptmc_accept,1.0000000000
METRIC,2026-04-13T17:49:16Z,120682862379960,923,btc_qm_engine:btc_ptmc_rep_hot,7.0000000000
METRIC,2026-04-13T17:49:16Z,120682862552810,923,btc_qm_engine:btc_ptmc_rep_cold,6.0000000000
METRIC,2026-04-13T17:49:16Z,120682862577660,923,btc_qm_engine:btc_ptmc_accept,0.9767447714
METRIC,2026-04-13T17:49:16Z,120682969464178,923,btc_qm_engine:btc_ptmc_rep_hot,1.0000000000
METRIC,2026-04-13T17:49:16Z,120682969545788,923,btc_qm_engine:btc_ptmc_rep_cold,0.0000000000
METRIC,2026-04-13T17:49:16Z,120682969572788,923,btc_qm_engine:btc_ptmc_accept,1.0000000000
METRIC,2026-04-13T17:49:16Z,120682969605908,923,btc_qm_engine:btc_ptmc_rep_hot,2.0000000000
METRIC,2026-04-13T17:49:16Z,120682969631148,923,btc_qm_engine:btc_ptmc_rep_cold,1.0000000000
METRIC,2026-04-13T17:49:16Z,120682969655858,923,btc_qm_engine:btc_ptmc_accept,1.0000000000
METRIC,2026-04-13T17:49:16Z,120682969691918,923,btc_qm_engine:btc_ptmc_rep_hot,3.0000000000
METRIC,2026-04-13T17:49:16Z,120682969717238,923,btc_qm_engine:btc_ptmc_rep_cold,2.0000000000
METRIC,2026-04-13T17:49:16Z,120682969741988,923,btc_qm_engine:btc_ptmc_accept,1.0000000000
METRIC,2026-04-13T17:49:16Z,120682969769768,923,btc_qm_engine:btc_ptmc_rep_hot,4.0000000000
METRIC,2026-04-13T17:49:16Z,120682969795148,923,btc_qm_engine:btc_ptmc_rep_cold,3.0000000000
METRIC,2026-04-13T17:49:16Z,120682969820358,923,btc_qm_engine:btc_ptmc_accept,1.0000000000
METRIC,2026-04-13T17:49:16Z,120682969849928,923,btc_qm_engine:btc_ptmc_rep_hot,5.0000000000
METRIC,2026-04-13T17:49:16Z,120682969875258,923,btc_qm_engine:btc_ptmc_rep_cold,4.0000000000
METRIC,2026-04-13T17:49:16Z,120682969900478,923,btc_qm_engine:btc_ptmc_accept,1.0000000000
METRIC,2026-04-13T17:49:16Z,120682969932628,923,btc_qm_engine:btc_ptmc_rep_hot,6.0000000000
METRIC,2026-04-13T17:49:16Z,120682969957678,923,btc_qm_engine:btc_ptmc_rep_cold,5.0000000000
METRIC,2026-04-13T17:49:16Z,120682969994008,923,btc_qm_engine:btc_ptmc_accept,1.0000000000
METRIC,2026-04-13T17:49:16Z,120682970054388,923,btc_qm_engine:btc_ptmc_rep_hot,7.0000000000
METRIC,2026-04-13T17:49:16Z,120682970101428,923,btc_qm_engine:btc_ptmc_rep_cold,6.0000000000
METRIC,2026-04-13T17:49:16Z,120682970127038,923,btc_qm_engine:btc_ptmc_accept,1.0000000000
METRIC,2026-04-13T17:49:16Z,120683071283745,923,btc_qm_engine:btc_ptmc_rep_hot,1.0000000000
METRIC,2026-04-13T17:49:16Z,120683071365065,923,btc_qm_engine:btc_ptmc_rep_cold,0.0000000000
METRIC,2026-04-13T17:49:16Z,120683071392405,923,btc_qm_engine:btc_ptmc_accept,1.0000000000
METRIC,2026-04-13T17:49:16Z,120683071421905,923,btc_qm_engine:btc_ptmc_rep_hot,2.0000000000
METRIC,2026-04-13T17:49:16Z,120683071446885,923,btc_qm_engine:btc_ptmc_rep_cold,1.0000000000
METRIC,2026-04-13T17:49:16Z,120683071471835,923,btc_qm_engine:btc_ptmc_accept,1.0000000000
METRIC,2026-04-13T17:49:16Z,120683071500155,923,btc_qm_engine:btc_ptmc_rep_hot,3.0000000000
METRIC,2026-04-13T17:49:16Z,120683071525695,923,btc_qm_engine:btc_ptmc_rep_cold,2.0000000000
METRIC,2026-04-13T17:49:16Z,120683071551125,923,btc_qm_engine:btc_ptmc_accept,1.0000000000
METRIC,2026-04-13T17:49:16Z,120683071581595,923,btc_qm_engine:btc_ptmc_rep_hot,4.0000000000
METRIC,2026-04-13T17:49:16Z,120683071606245,923,btc_qm_engine:btc_ptmc_rep_cold,3.0000000000
METRIC,2026-04-13T17:49:16Z,120683071630625,923,btc_qm_engine:btc_ptmc_accept,1.0000000000
METRIC,2026-04-13T17:49:16Z,120683071667285,923,btc_qm_engine:btc_ptmc_rep_hot,5.0000000000
METRIC,2026-04-13T17:49:16Z,120683071692015,923,btc_qm_engine:btc_ptmc_rep_cold,4.0000000000
METRIC,2026-04-13T17:49:16Z,120683071716925,923,btc_qm_engine:btc_ptmc_accept,1.0000000000
METRIC,2026-04-13T17:49:16Z,120683071748585,923,btc_qm_engine:btc_ptmc_rep_hot,6.0000000000
METRIC,2026-04-13T17:49:16Z,120683071773395,923,btc_qm_engine:btc_ptmc_rep_cold,5.0000000000
METRIC,2026-04-13T17:49:16Z,120683071798165,923,btc_qm_engine:btc_ptmc_accept,1.0000000000
METRIC,2026-04-13T17:49:16Z,120683071839295,923,btc_qm_engine:btc_ptmc_rep_hot,7.0000000000
METRIC,2026-04-13T17:49:16Z,120683071864545,923,btc_qm_engine:btc_ptmc_rep_cold,6.0000000000
METRIC,2026-04-13T17:49:16Z,120683071889025,923,btc_qm_engine:btc_ptmc_accept,1.0000000000
METRIC,2026-04-13T17:49:16Z,120683174753093,923,btc_qm_engine:btc_ptmc_rep_hot,1.0000000000
METRIC,2026-04-13T17:49:16Z,120683174843263,923,btc_qm_engine:btc_ptmc_rep_cold,0.0000000000
METRIC,2026-04-13T17:49:16Z,120683174870793,923,btc_qm_engine:btc_ptmc_accept,1.0000000000
METRIC,2026-04-13T17:49:16Z,120683174896653,923,btc_qm_engine:btc_ptmc_rep_hot,2.0000000000
METRIC,2026-04-13T17:49:16Z,120683174921803,923,btc_qm_engine:btc_ptmc_rep_cold,1.0000000000
METRIC,2026-04-13T17:49:16Z,120683174947083,923,btc_qm_engine:btc_ptmc_accept,1.0000000000
METRIC,2026-04-13T17:49:16Z,120683175049163,923,btc_qm_engine:btc_ptmc_rep_hot,3.0000000000
METRIC,2026-04-13T17:49:16Z,120683175094013,923,btc_qm_engine:btc_ptmc_rep_cold,2.0000000000
METRIC,2026-04-13T17:49:16Z,120683175119073,923,btc_qm_engine:btc_ptmc_accept,1.0000000000
METRIC,2026-04-13T17:49:16Z,120683175270713,923,btc_qm_engine:btc_ptmc_rep_hot,4.0000000000
METRIC,2026-04-13T17:49:16Z,120683175308523,923,btc_qm_engine:btc_ptmc_rep_cold,3.0000000000
METRIC,2026-04-13T17:49:16Z,120683175344783,923,btc_qm_engine:btc_ptmc_accept,1.0000000000
METRIC,2026-04-13T17:49:16Z,120683175377273,923,btc_qm_engine:btc_ptmc_rep_hot,5.0000000000
METRIC,2026-04-13T17:49:16Z,120683175402713,923,btc_qm_engine:btc_ptmc_rep_cold,4.0000000000
METRIC,2026-04-13T17:49:16Z,120683175427753,923,btc_qm_engine:btc_ptmc_accept,1.0000000000
METRIC,2026-04-13T17:49:16Z,120683175456473,923,btc_qm_engine:btc_ptmc_rep_hot,6.0000000000
METRIC,2026-04-13T17:49:16Z,120683175481633,923,btc_qm_engine:btc_ptmc_rep_cold,5.0000000000
METRIC,2026-04-13T17:49:16Z,120683175506973,923,btc_qm_engine:btc_ptmc_accept,1.0000000000
METRIC,2026-04-13T17:49:16Z,120683175536093,923,btc_qm_engine:btc_ptmc_rep_hot,7.0000000000
METRIC,2026-04-13T17:49:16Z,120683175561373,923,btc_qm_engine:btc_ptmc_rep_cold,6.0000000000
METRIC,2026-04-13T17:49:16Z,120683175586283,923,btc_qm_engine:btc_ptmc_accept,1.0000000000
METRIC,2026-04-13T17:49:16Z,120683279328720,923,btc_qm_engine:btc_ptmc_rep_hot,1.0000000000
METRIC,2026-04-13T17:49:16Z,120683279465440,923,btc_qm_engine:btc_ptmc_rep_cold,0.0000000000
METRIC,2026-04-13T17:49:16Z,120683279492790,923,btc_qm_engine:btc_ptmc_accept,1.0000000000
METRIC,2026-04-13T17:49:16Z,120683279518020,923,btc_qm_engine:btc_ptmc_rep_hot,2.0000000000
METRIC,2026-04-13T17:49:16Z,120683279543550,923,btc_qm_engine:btc_ptmc_rep_cold,1.0000000000
METRIC,2026-04-13T17:49:16Z,120683279569180,923,btc_qm_engine:btc_ptmc_accept,1.0000000000
METRIC,2026-04-13T17:49:16Z,120683279606720,923,btc_qm_engine:btc_ptmc_rep_hot,3.0000000000
METRIC,2026-04-13T17:49:16Z,120683279631480,923,btc_qm_engine:btc_ptmc_rep_cold,2.0000000000
METRIC,2026-04-13T17:49:16Z,120683279654790,923,btc_qm_engine:btc_ptmc_accept,1.0000000000
METRIC,2026-04-13T17:49:16Z,120683279685900,923,btc_qm_engine:btc_ptmc_rep_hot,4.0000000000
METRIC,2026-04-13T17:49:16Z,120683279710750,923,btc_qm_engine:btc_ptmc_rep_cold,3.0000000000
METRIC,2026-04-13T17:49:16Z,120683279735250,923,btc_qm_engine:btc_ptmc_accept,1.0000000000
METRIC,2026-04-13T17:49:16Z,120683279761490,923,btc_qm_engine:btc_ptmc_rep_hot,5.0000000000
METRIC,2026-04-13T17:49:16Z,120683279786530,923,btc_qm_engine:btc_ptmc_rep_cold,4.0000000000
METRIC,2026-04-13T17:49:16Z,120683279811070,923,btc_qm_engine:btc_ptmc_accept,1.0000000000
METRIC,2026-04-13T17:49:16Z,120683279839550,923,btc_qm_engine:btc_ptmc_rep_hot,6.0000000000
METRIC,2026-04-13T17:49:16Z,120683279863920,923,btc_qm_engine:btc_ptmc_rep_cold,5.0000000000
METRIC,2026-04-13T17:49:16Z,120683279888230,923,btc_qm_engine:btc_ptmc_accept,1.0000000000
METRIC,2026-04-13T17:49:16Z,120683279928510,923,btc_qm_engine:btc_ptmc_rep_hot,7.0000000000
METRIC,2026-04-13T17:49:16Z,120683279959930,923,btc_qm_engine:btc_ptmc_rep_cold,6.0000000000
METRIC,2026-04-13T17:49:16Z,120683279985000,923,btc_qm_engine:btc_ptmc_accept,1.0000000000
METRIC,2026-04-13T17:49:17Z,120683381398608,923,btc_qm_engine:btc_ptmc_rep_hot,1.0000000000
METRIC,2026-04-13T17:49:17Z,120683381462238,923,btc_qm_engine:btc_ptmc_rep_cold,0.0000000000
METRIC,2026-04-13T17:49:17Z,120683381482638,923,btc_qm_engine:btc_ptmc_accept,0.5134171190
METRIC,2026-04-13T17:49:17Z,120683381514528,923,btc_qm_engine:btc_ptmc_rep_hot,2.0000000000
METRIC,2026-04-13T17:49:17Z,120683381540038,923,btc_qm_engine:btc_ptmc_rep_cold,1.0000000000
METRIC,2026-04-13T17:49:17Z,120683381558698,923,btc_qm_engine:btc_ptmc_accept,0.7165313106
METRIC,2026-04-13T17:49:17Z,120683381582218,923,btc_qm_engine:btc_ptmc_rep_hot,3.0000000000
METRIC,2026-04-13T17:49:17Z,120683381600698,923,btc_qm_engine:btc_ptmc_rep_cold,2.0000000000
METRIC,2026-04-13T17:49:17Z,120683381619058,923,btc_qm_engine:btc_ptmc_accept,1.0000000000
METRIC,2026-04-13T17:49:17Z,120683381642288,923,btc_qm_engine:btc_ptmc_rep_hot,4.0000000000
METRIC,2026-04-13T17:49:17Z,120683381660648,923,btc_qm_engine:btc_ptmc_rep_cold,3.0000000000
METRIC,2026-04-13T17:49:17Z,120683381678948,923,btc_qm_engine:btc_ptmc_accept,-0.9048374180
METRIC,2026-04-13T17:49:17Z,120683381700118,923,btc_qm_engine:btc_ptmc_rep_hot,5.0000000000
METRIC,2026-04-13T17:49:17Z,120683381718608,923,btc_qm_engine:btc_ptmc_rep_cold,4.0000000000
METRIC,2026-04-13T17:49:17Z,120683381736948,923,btc_qm_engine:btc_ptmc_accept,1.0000000000
METRIC,2026-04-13T17:49:17Z,120683381763088,923,btc_qm_engine:btc_ptmc_rep_hot,6.0000000000
METRIC,2026-04-13T17:49:17Z,120683381781708,923,btc_qm_engine:btc_ptmc_rep_cold,5.0000000000
METRIC,2026-04-13T17:49:17Z,120683381800038,923,btc_qm_engine:btc_ptmc_accept,1.0000000000
METRIC,2026-04-13T17:49:17Z,120683381822248,923,btc_qm_engine:btc_ptmc_rep_hot,7.0000000000
METRIC,2026-04-13T17:49:17Z,120683381840678,923,btc_qm_engine:btc_ptmc_rep_cold,6.0000000000
METRIC,2026-04-13T17:49:17Z,120683381859028,923,btc_qm_engine:btc_ptmc_accept,1.0000000000
METRIC,2026-04-13T17:49:17Z,120683515466885,923,btc_qm_engine:btc_ptmc_rep_hot,1.0000000000
METRIC,2026-04-13T17:49:17Z,120683515543655,923,btc_qm_engine:btc_ptmc_rep_cold,0.0000000000
METRIC,2026-04-13T17:49:17Z,120683515570635,923,btc_qm_engine:btc_ptmc_accept,1.0000000000
METRIC,2026-04-13T17:49:17Z,120683515619395,923,btc_qm_engine:btc_ptmc_rep_hot,2.0000000000
METRIC,2026-04-13T17:49:17Z,120683515644565,923,btc_qm_engine:btc_ptmc_rep_cold,1.0000000000
METRIC,2026-04-13T17:49:17Z,120683515669445,923,btc_qm_engine:btc_ptmc_accept,1.0000000000
METRIC,2026-04-13T17:49:17Z,120683515698925,923,btc_qm_engine:btc_ptmc_rep_hot,3.0000000000
METRIC,2026-04-13T17:49:17Z,120683515723485,923,btc_qm_engine:btc_ptmc_rep_cold,2.0000000000
METRIC,2026-04-13T17:49:17Z,120683515748265,923,btc_qm_engine:btc_ptmc_accept,1.0000000000
METRIC,2026-04-13T17:49:17Z,120683515778735,923,btc_qm_engine:btc_ptmc_rep_hot,4.0000000000
METRIC,2026-04-13T17:49:17Z,120683515803345,923,btc_qm_engine:btc_ptmc_rep_cold,3.0000000000
METRIC,2026-04-13T17:49:17Z,120683515833635,923,btc_qm_engine:btc_ptmc_accept,1.0000000000
METRIC,2026-04-13T17:49:17Z,120683515858115,923,btc_qm_engine:btc_ptmc_rep_hot,5.0000000000
METRIC,2026-04-13T17:49:17Z,120683515882635,923,btc_qm_engine:btc_ptmc_rep_cold,4.0000000000
METRIC,2026-04-13T17:49:17Z,120683515907235,923,btc_qm_engine:btc_ptmc_accept,1.0000000000
METRIC,2026-04-13T17:49:17Z,120683515941065,923,btc_qm_engine:btc_ptmc_rep_hot,6.0000000000
METRIC,2026-04-13T17:49:17Z,120683515966255,923,btc_qm_engine:btc_ptmc_rep_cold,5.0000000000
METRIC,2026-04-13T17:49:17Z,120683515998345,923,btc_qm_engine:btc_ptmc_accept,1.0000000000
METRIC,2026-04-13T17:49:17Z,120683516050895,923,btc_qm_engine:btc_ptmc_rep_hot,7.0000000000
METRIC,2026-04-13T17:49:17Z,120683516076345,923,btc_qm_engine:btc_ptmc_rep_cold,6.0000000000
METRIC,2026-04-13T17:49:17Z,120683516100995,923,btc_qm_engine:btc_ptmc_accept,1.0000000000
METRIC,2026-04-13T17:49:17Z,120683616480442,923,btc_qm_engine:btc_ptmc_rep_hot,1.0000000000
METRIC,2026-04-13T17:49:17Z,120683616566702,923,btc_qm_engine:btc_ptmc_rep_cold,0.0000000000
METRIC,2026-04-13T17:49:17Z,120683616588022,923,btc_qm_engine:btc_ptmc_accept,1.0000000000
METRIC,2026-04-13T17:49:17Z,120683616612292,923,btc_qm_engine:btc_ptmc_rep_hot,2.0000000000
METRIC,2026-04-13T17:49:17Z,120683616638402,923,btc_qm_engine:btc_ptmc_rep_cold,1.0000000000
METRIC,2026-04-13T17:49:17Z,120683616663172,923,btc_qm_engine:btc_ptmc_accept,1.0000000000
METRIC,2026-04-13T17:49:17Z,120683616696232,923,btc_qm_engine:btc_ptmc_rep_hot,3.0000000000
METRIC,2026-04-13T17:49:17Z,120683616720982,923,btc_qm_engine:btc_ptmc_rep_cold,2.0000000000
METRIC,2026-04-13T17:49:17Z,120683616746052,923,btc_qm_engine:btc_ptmc_accept,1.0000000000
METRIC,2026-04-13T17:49:17Z,120683616776032,923,btc_qm_engine:btc_ptmc_rep_hot,4.0000000000
METRIC,2026-04-13T17:49:17Z,120683616800282,923,btc_qm_engine:btc_ptmc_rep_cold,3.0000000000
METRIC,2026-04-13T17:49:17Z,120683616829622,923,btc_qm_engine:btc_ptmc_accept,0.9048330071
METRIC,2026-04-13T17:49:17Z,120683616862552,923,btc_qm_engine:btc_ptmc_rep_hot,5.0000000000
METRIC,2026-04-13T17:49:17Z,120683616887132,923,btc_qm_engine:btc_ptmc_rep_cold,4.0000000000
METRIC,2026-04-13T17:49:17Z,120683616911762,923,btc_qm_engine:btc_ptmc_accept,0.9394112740
METRIC,2026-04-13T17:49:17Z,120683616945292,923,btc_qm_engine:btc_ptmc_rep_hot,6.0000000000
METRIC,2026-04-13T17:49:17Z,120683617032902,923,btc_qm_engine:btc_ptmc_rep_cold,5.0000000000
METRIC,2026-04-13T17:49:17Z,120683617058502,923,btc_qm_engine:btc_ptmc_accept,1.0000000000
METRIC,2026-04-13T17:49:17Z,120683617087992,923,btc_qm_engine:btc_ptmc_rep_hot,7.0000000000
METRIC,2026-04-13T17:49:17Z,120683617112762,923,btc_qm_engine:btc_ptmc_rep_cold,6.0000000000
METRIC,2026-04-13T17:49:17Z,120683617137462,923,btc_qm_engine:btc_ptmc_accept,0.9767447714
METRIC,2026-04-13T17:49:17Z,120683719247160,923,btc_qm_engine:btc_ptmc_rep_hot,1.0000000000
METRIC,2026-04-13T17:49:17Z,120683719349950,923,btc_qm_engine:btc_ptmc_rep_cold,0.0000000000
METRIC,2026-04-13T17:49:17Z,120683719377090,923,btc_qm_engine:btc_ptmc_accept,1.0000000000
METRIC,2026-04-13T17:49:17Z,120683719402130,923,btc_qm_engine:btc_ptmc_rep_hot,2.0000000000
METRIC,2026-04-13T17:49:17Z,120683719426500,923,btc_qm_engine:btc_ptmc_rep_cold,1.0000000000
METRIC,2026-04-13T17:49:17Z,120683719451130,923,btc_qm_engine:btc_ptmc_accept,1.0000000000
METRIC,2026-04-13T17:49:17Z,120683719480650,923,btc_qm_engine:btc_ptmc_rep_hot,3.0000000000
METRIC,2026-04-13T17:49:17Z,120683719505230,923,btc_qm_engine:btc_ptmc_rep_cold,2.0000000000
METRIC,2026-04-13T17:49:17Z,120683719530090,923,btc_qm_engine:btc_ptmc_accept,1.0000000000
METRIC,2026-04-13T17:49:17Z,120683719561960,923,btc_qm_engine:btc_ptmc_rep_hot,4.0000000000
METRIC,2026-04-13T17:49:17Z,120683719601870,923,btc_qm_engine:btc_ptmc_rep_cold,3.0000000000
METRIC,2026-04-13T17:49:17Z,120683719638600,923,btc_qm_engine:btc_ptmc_accept,1.0000000000
METRIC,2026-04-13T17:49:17Z,120683719670190,923,btc_qm_engine:btc_ptmc_rep_hot,5.0000000000
METRIC,2026-04-13T17:49:17Z,120683719695170,923,btc_qm_engine:btc_ptmc_rep_cold,4.0000000000
METRIC,2026-04-13T17:49:17Z,120683719719460,923,btc_qm_engine:btc_ptmc_accept,1.0000000000
METRIC,2026-04-13T17:49:17Z,120683719747880,923,btc_qm_engine:btc_ptmc_rep_hot,6.0000000000
METRIC,2026-04-13T17:49:17Z,120683719772360,923,btc_qm_engine:btc_ptmc_rep_cold,5.0000000000
METRIC,2026-04-13T17:49:17Z,120683719797530,923,btc_qm_engine:btc_ptmc_accept,1.0000000000
METRIC,2026-04-13T17:49:17Z,120683719832990,923,btc_qm_engine:btc_ptmc_rep_hot,7.0000000000
METRIC,2026-04-13T17:49:17Z,120683719857940,923,btc_qm_engine:btc_ptmc_rep_cold,6.0000000000
METRIC,2026-04-13T17:49:17Z,120683719882480,923,btc_qm_engine:btc_ptmc_accept,1.0000000000
METRIC,2026-04-13T17:49:17Z,120683823658677,923,btc_qm_engine:btc_ptmc_rep_hot,1.0000000000
METRIC,2026-04-13T17:49:17Z,120683823746657,923,btc_qm_engine:btc_ptmc_rep_cold,0.0000000000
METRIC,2026-04-13T17:49:17Z,120683823781047,923,btc_qm_engine:btc_ptmc_accept,1.0000000000
METRIC,2026-04-13T17:49:17Z,120683823819407,923,btc_qm_engine:btc_ptmc_rep_hot,2.0000000000
METRIC,2026-04-13T17:49:17Z,120683823838857,923,btc_qm_engine:btc_ptmc_rep_cold,1.0000000000
METRIC,2026-04-13T17:49:17Z,120683823858137,923,btc_qm_engine:btc_ptmc_accept,1.0000000000
METRIC,2026-04-13T17:49:17Z,120683823883107,923,btc_qm_engine:btc_ptmc_rep_hot,3.0000000000
METRIC,2026-04-13T17:49:17Z,120683823901987,923,btc_qm_engine:btc_ptmc_rep_cold,2.0000000000
METRIC,2026-04-13T17:49:17Z,120683823921057,923,btc_qm_engine:btc_ptmc_accept,1.0000000000
METRIC,2026-04-13T17:49:17Z,120683823945417,923,btc_qm_engine:btc_ptmc_rep_hot,4.0000000000
METRIC,2026-04-13T17:49:17Z,120683823964417,923,btc_qm_engine:btc_ptmc_rep_cold,3.0000000000
METRIC,2026-04-13T17:49:17Z,120683823983327,923,btc_qm_engine:btc_ptmc_accept,1.0000000000
METRIC,2026-04-13T17:49:17Z,120683824029427,923,btc_qm_engine:btc_ptmc_rep_hot,5.0000000000
METRIC,2026-04-13T17:49:17Z,120683824054227,923,btc_qm_engine:btc_ptmc_rep_cold,4.0000000000
METRIC,2026-04-13T17:49:17Z,120683824074657,923,btc_qm_engine:btc_ptmc_accept,1.0000000000
METRIC,2026-04-13T17:49:17Z,120683824094047,923,btc_qm_engine:btc_ptmc_rep_hot,6.0000000000
METRIC,2026-04-13T17:49:17Z,120683824112747,923,btc_qm_engine:btc_ptmc_rep_cold,5.0000000000
METRIC,2026-04-13T17:49:17Z,120683824131647,923,btc_qm_engine:btc_ptmc_accept,1.0000000000
METRIC,2026-04-13T17:49:17Z,120683824156457,923,btc_qm_engine:btc_ptmc_rep_hot,7.0000000000
METRIC,2026-04-13T17:49:17Z,120683824192097,923,btc_qm_engine:btc_ptmc_rep_cold,6.0000000000
METRIC,2026-04-13T17:49:17Z,120683824211107,923,btc_qm_engine:btc_ptmc_accept,1.0000000000
METRIC,2026-04-13T17:49:17Z,120683925018985,923,btc_qm_engine:btc_ptmc_rep_hot,1.0000000000
METRIC,2026-04-13T17:49:17Z,120683925124575,923,btc_qm_engine:btc_ptmc_rep_cold,0.0000000000
METRIC,2026-04-13T17:49:17Z,120683925151755,923,btc_qm_engine:btc_ptmc_accept,-0.1354937842
METRIC,2026-04-13T17:49:17Z,120683925202535,923,btc_qm_engine:btc_ptmc_rep_hot,2.0000000000
METRIC,2026-04-13T17:49:17Z,120683925239895,923,btc_qm_engine:btc_ptmc_rep_cold,1.0000000000
METRIC,2026-04-13T17:49:17Z,120683925263615,923,btc_qm_engine:btc_ptmc_accept,1.0000000000
METRIC,2026-04-13T17:49:17Z,120683925295415,923,btc_qm_engine:btc_ptmc_rep_hot,3.0000000000
METRIC,2026-04-13T17:49:17Z,120683925321605,923,btc_qm_engine:btc_ptmc_rep_cold,2.0000000000
METRIC,2026-04-13T17:49:17Z,120683925345135,923,btc_qm_engine:btc_ptmc_accept,1.0000000000
METRIC,2026-04-13T17:49:17Z,120683925375835,923,btc_qm_engine:btc_ptmc_rep_hot,4.0000000000
METRIC,2026-04-13T17:49:17Z,120683925401665,923,btc_qm_engine:btc_ptmc_rep_cold,3.0000000000
METRIC,2026-04-13T17:49:17Z,120683925426705,923,btc_qm_engine:btc_ptmc_accept,1.0000000000
METRIC,2026-04-13T17:49:17Z,120683925457975,923,btc_qm_engine:btc_ptmc_rep_hot,5.0000000000
METRIC,2026-04-13T17:49:17Z,120683925483655,923,btc_qm_engine:btc_ptmc_rep_cold,4.0000000000
METRIC,2026-04-13T17:49:17Z,120683925507775,923,btc_qm_engine:btc_ptmc_accept,1.0000000000
METRIC,2026-04-13T17:49:17Z,120683925601105,923,btc_qm_engine:btc_ptmc_rep_hot,6.0000000000
METRIC,2026-04-13T17:49:17Z,120683925643595,923,btc_qm_engine:btc_ptmc_rep_cold,5.0000000000
METRIC,2026-04-13T17:49:17Z,120683925668645,923,btc_qm_engine:btc_ptmc_accept,1.0000000000
METRIC,2026-04-13T17:49:17Z,120683925867955,923,btc_qm_engine:btc_ptmc_rep_hot,7.0000000000
METRIC,2026-04-13T17:49:17Z,120683925899645,923,btc_qm_engine:btc_ptmc_rep_cold,6.0000000000
METRIC,2026-04-13T17:49:17Z,120683925925035,923,btc_qm_engine:btc_ptmc_accept,1.0000000000
METRIC,2026-04-13T17:49:17Z,120684027300682,923,btc_qm_engine:btc_ptmc_rep_hot,1.0000000000
METRIC,2026-04-13T17:49:17Z,120684027388802,923,btc_qm_engine:btc_ptmc_rep_cold,0.0000000000
METRIC,2026-04-13T17:49:17Z,120684027414992,923,btc_qm_engine:btc_ptmc_accept,0.5135063048
METRIC,2026-04-13T17:49:17Z,120684027441562,923,btc_qm_engine:btc_ptmc_rep_hot,2.0000000000
METRIC,2026-04-13T17:49:17Z,120684027461352,923,btc_qm_engine:btc_ptmc_rep_cold,1.0000000000
METRIC,2026-04-13T17:49:17Z,120684027480592,923,btc_qm_engine:btc_ptmc_accept,0.5134617158
METRIC,2026-04-13T17:49:17Z,120684027509052,923,btc_qm_engine:btc_ptmc_rep_hot,3.0000000000
METRIC,2026-04-13T17:49:17Z,120684027528432,923,btc_qm_engine:btc_ptmc_rep_cold,2.0000000000
METRIC,2026-04-13T17:49:17Z,120684027547652,923,btc_qm_engine:btc_ptmc_accept,1.0000000000
METRIC,2026-04-13T17:49:17Z,120684027572842,923,btc_qm_engine:btc_ptmc_rep_hot,4.0000000000
METRIC,2026-04-13T17:49:17Z,120684027592322,923,btc_qm_engine:btc_ptmc_rep_cold,3.0000000000
METRIC,2026-04-13T17:49:17Z,120684027611672,923,btc_qm_engine:btc_ptmc_accept,0.8187371539
METRIC,2026-04-13T17:49:17Z,120684027633852,923,btc_qm_engine:btc_ptmc_rep_hot,5.0000000000
METRIC,2026-04-13T17:49:17Z,120684027653102,923,btc_qm_engine:btc_ptmc_rep_cold,4.0000000000
METRIC,2026-04-13T17:49:17Z,120684027672272,923,btc_qm_engine:btc_ptmc_accept,0.9394144973
METRIC,2026-04-13T17:49:17Z,120684027694502,923,btc_qm_engine:btc_ptmc_rep_hot,6.0000000000
METRIC,2026-04-13T17:49:17Z,120684027714162,923,btc_qm_engine:btc_ptmc_rep_cold,5.0000000000
METRIC,2026-04-13T17:49:17Z,120684027743542,923,btc_qm_engine:btc_ptmc_accept,0.9298553534
METRIC,2026-04-13T17:49:17Z,120684027777832,923,btc_qm_engine:btc_ptmc_rep_hot,7.0000000000
METRIC,2026-04-13T17:49:17Z,120684027797392,923,btc_qm_engine:btc_ptmc_rep_cold,6.0000000000
METRIC,2026-04-13T17:49:17Z,120684027821472,923,btc_qm_engine:btc_ptmc_accept,0.9767452464
METRIC,2026-04-13T17:49:17Z,120684132588300,923,btc_qm_engine:btc_ptmc_rep_hot,1.0000000000
METRIC,2026-04-13T17:49:17Z,120684132714300,923,btc_qm_engine:btc_ptmc_rep_cold,0.0000000000
METRIC,2026-04-13T17:49:17Z,120684132740220,923,btc_qm_engine:btc_ptmc_accept,1.0000000000
METRIC,2026-04-13T17:49:17Z,120684132802050,923,btc_qm_engine:btc_ptmc_rep_hot,2.0000000000
METRIC,2026-04-13T17:49:17Z,120684132836400,923,btc_qm_engine:btc_ptmc_rep_cold,1.0000000000
METRIC,2026-04-13T17:49:17Z,120684132861230,923,btc_qm_engine:btc_ptmc_accept,-0.5134171190
METRIC,2026-04-13T17:49:17Z,120684132893310,923,btc_qm_engine:btc_ptmc_rep_hot,3.0000000000
METRIC,2026-04-13T17:49:17Z,120684132918420,923,btc_qm_engine:btc_ptmc_rep_cold,2.0000000000
METRIC,2026-04-13T17:49:17Z,120684132937890,923,btc_qm_engine:btc_ptmc_accept,1.0000000000
METRIC,2026-04-13T17:49:17Z,120684132961350,923,btc_qm_engine:btc_ptmc_rep_hot,4.0000000000
METRIC,2026-04-13T17:49:17Z,120684132986990,923,btc_qm_engine:btc_ptmc_rep_cold,3.0000000000
METRIC,2026-04-13T17:49:17Z,120684133033240,923,btc_qm_engine:btc_ptmc_accept,1.0000000000
METRIC,2026-04-13T17:49:17Z,120684133062760,923,btc_qm_engine:btc_ptmc_rep_hot,5.0000000000
METRIC,2026-04-13T17:49:17Z,120684133088690,923,btc_qm_engine:btc_ptmc_rep_cold,4.0000000000
METRIC,2026-04-13T17:49:17Z,120684133114240,923,btc_qm_engine:btc_ptmc_accept,1.0000000000
METRIC,2026-04-13T17:49:17Z,120684133146300,923,btc_qm_engine:btc_ptmc_rep_hot,6.0000000000
METRIC,2026-04-13T17:49:17Z,120684133172440,923,btc_qm_engine:btc_ptmc_rep_cold,5.0000000000
METRIC,2026-04-13T17:49:17Z,120684133198900,923,btc_qm_engine:btc_ptmc_accept,1.0000000000
METRIC,2026-04-13T17:49:17Z,120684133227570,923,btc_qm_engine:btc_ptmc_rep_hot,7.0000000000
METRIC,2026-04-13T17:49:17Z,120684133252390,923,btc_qm_engine:btc_ptmc_rep_cold,6.0000000000
METRIC,2026-04-13T17:49:17Z,120684133277540,923,btc_qm_engine:btc_ptmc_accept,1.0000000000
METRIC,2026-04-13T17:49:17Z,120684237397367,923,btc_qm_engine:btc_ptmc_rep_hot,1.0000000000
METRIC,2026-04-13T17:49:17Z,120684237482297,923,btc_qm_engine:btc_ptmc_rep_cold,0.0000000000
METRIC,2026-04-13T17:49:17Z,120684237508937,923,btc_qm_engine:btc_ptmc_accept,1.0000000000
METRIC,2026-04-13T17:49:17Z,120684237538157,923,btc_qm_engine:btc_ptmc_rep_hot,2.0000000000
METRIC,2026-04-13T17:49:17Z,120684237562827,923,btc_qm_engine:btc_ptmc_rep_cold,1.0000000000
METRIC,2026-04-13T17:49:17Z,120684237585707,923,btc_qm_engine:btc_ptmc_accept,1.0000000000
METRIC,2026-04-13T17:49:17Z,120684237612087,923,btc_qm_engine:btc_ptmc_rep_hot,3.0000000000
METRIC,2026-04-13T17:49:17Z,120684237652487,923,btc_qm_engine:btc_ptmc_rep_cold,2.0000000000
METRIC,2026-04-13T17:49:17Z,120684237688027,923,btc_qm_engine:btc_ptmc_accept,1.0000000000
METRIC,2026-04-13T17:49:17Z,120684237714387,923,btc_qm_engine:btc_ptmc_rep_hot,4.0000000000
METRIC,2026-04-13T17:49:17Z,120684237747127,923,btc_qm_engine:btc_ptmc_rep_cold,3.0000000000
METRIC,2026-04-13T17:49:17Z,120684237776247,923,btc_qm_engine:btc_ptmc_accept,1.0000000000
METRIC,2026-04-13T17:49:17Z,120684237809537,923,btc_qm_engine:btc_ptmc_rep_hot,5.0000000000
METRIC,2026-04-13T17:49:17Z,120684237838867,923,btc_qm_engine:btc_ptmc_rep_cold,4.0000000000
METRIC,2026-04-13T17:49:17Z,120684237863577,923,btc_qm_engine:btc_ptmc_accept,1.0000000000
METRIC,2026-04-13T17:49:17Z,120684237894507,923,btc_qm_engine:btc_ptmc_rep_hot,6.0000000000
METRIC,2026-04-13T17:49:17Z,120684237919097,923,btc_qm_engine:btc_ptmc_rep_cold,5.0000000000
METRIC,2026-04-13T17:49:17Z,120684237943477,923,btc_qm_engine:btc_ptmc_accept,1.0000000000
METRIC,2026-04-13T17:49:17Z,120684237974397,923,btc_qm_engine:btc_ptmc_rep_hot,7.0000000000
METRIC,2026-04-13T17:49:17Z,120684237999227,923,btc_qm_engine:btc_ptmc_rep_cold,6.0000000000
METRIC,2026-04-13T17:49:17Z,120684238044777,923,btc_qm_engine:btc_ptmc_accept,1.0000000000
METRIC,2026-04-13T17:49:18Z,120684338026485,923,btc_qm_engine:btc_ptmc_rep_hot,1.0000000000
METRIC,2026-04-13T17:49:18Z,120684338113835,923,btc_qm_engine:btc_ptmc_rep_cold,0.0000000000
METRIC,2026-04-13T17:49:18Z,120684338140515,923,btc_qm_engine:btc_ptmc_accept,-0.5135063048
METRIC,2026-04-13T17:49:18Z,120684338206525,923,btc_qm_engine:btc_ptmc_rep_hot,2.0000000000
METRIC,2026-04-13T17:49:18Z,120684338232025,923,btc_qm_engine:btc_ptmc_rep_cold,1.0000000000
METRIC,2026-04-13T17:49:18Z,120684338257245,923,btc_qm_engine:btc_ptmc_accept,1.0000000000
METRIC,2026-04-13T17:49:18Z,120684338287995,923,btc_qm_engine:btc_ptmc_rep_hot,3.0000000000
METRIC,2026-04-13T17:49:18Z,120684338313545,923,btc_qm_engine:btc_ptmc_rep_cold,2.0000000000
METRIC,2026-04-13T17:49:18Z,120684338338435,923,btc_qm_engine:btc_ptmc_accept,1.0000000000
METRIC,2026-04-13T17:49:18Z,120684338370125,923,btc_qm_engine:btc_ptmc_rep_hot,4.0000000000
METRIC,2026-04-13T17:49:18Z,120684338394665,923,btc_qm_engine:btc_ptmc_rep_cold,3.0000000000
METRIC,2026-04-13T17:49:18Z,120684338419445,923,btc_qm_engine:btc_ptmc_accept,1.0000000000
METRIC,2026-04-13T17:49:18Z,120684338450085,923,btc_qm_engine:btc_ptmc_rep_hot,5.0000000000
METRIC,2026-04-13T17:49:18Z,120684338474635,923,btc_qm_engine:btc_ptmc_rep_cold,4.0000000000
METRIC,2026-04-13T17:49:18Z,120684338499165,923,btc_qm_engine:btc_ptmc_accept,1.0000000000
METRIC,2026-04-13T17:49:18Z,120684338529615,923,btc_qm_engine:btc_ptmc_rep_hot,6.0000000000
METRIC,2026-04-13T17:49:18Z,120684338553875,923,btc_qm_engine:btc_ptmc_rep_cold,5.0000000000
METRIC,2026-04-13T17:49:18Z,120684338577205,923,btc_qm_engine:btc_ptmc_accept,1.0000000000
METRIC,2026-04-13T17:49:18Z,120684338608675,923,btc_qm_engine:btc_ptmc_rep_hot,7.0000000000
METRIC,2026-04-13T17:49:18Z,120684338635315,923,btc_qm_engine:btc_ptmc_rep_cold,6.0000000000
METRIC,2026-04-13T17:49:18Z,120684338658865,923,btc_qm_engine:btc_ptmc_accept,1.0000000000
METRIC,2026-04-13T17:49:18Z,120684438891262,923,btc_qm_engine:btc_ptmc_rep_hot,1.0000000000
METRIC,2026-04-13T17:49:18Z,120684438985272,923,btc_qm_engine:btc_ptmc_rep_cold,0.0000000000
METRIC,2026-04-13T17:49:18Z,120684439036982,923,btc_qm_engine:btc_ptmc_accept,1.0000000000
METRIC,2026-04-13T17:49:18Z,120684439084422,923,btc_qm_engine:btc_ptmc_rep_hot,2.0000000000
METRIC,2026-04-13T17:49:18Z,120684439121342,923,btc_qm_engine:btc_ptmc_rep_cold,1.0000000000
METRIC,2026-04-13T17:49:18Z,120684439146252,923,btc_qm_engine:btc_ptmc_accept,1.0000000000
METRIC,2026-04-13T17:49:18Z,120684439174662,923,btc_qm_engine:btc_ptmc_rep_hot,3.0000000000
METRIC,2026-04-13T17:49:18Z,120684439199072,923,btc_qm_engine:btc_ptmc_rep_cold,2.0000000000
METRIC,2026-04-13T17:49:18Z,120684439222882,923,btc_qm_engine:btc_ptmc_accept,1.0000000000
METRIC,2026-04-13T17:49:18Z,120684439245552,923,btc_qm_engine:btc_ptmc_rep_hot,4.0000000000
METRIC,2026-04-13T17:49:18Z,120684439270692,923,btc_qm_engine:btc_ptmc_rep_cold,3.0000000000
METRIC,2026-04-13T17:49:18Z,120684439295042,923,btc_qm_engine:btc_ptmc_accept,1.0000000000
METRIC,2026-04-13T17:49:18Z,120684439325342,923,btc_qm_engine:btc_ptmc_rep_hot,5.0000000000
METRIC,2026-04-13T17:49:18Z,120684439350962,923,btc_qm_engine:btc_ptmc_rep_cold,4.0000000000
METRIC,2026-04-13T17:49:18Z,120684439376002,923,btc_qm_engine:btc_ptmc_accept,1.0000000000
METRIC,2026-04-13T17:49:18Z,120684439406602,923,btc_qm_engine:btc_ptmc_rep_hot,6.0000000000
METRIC,2026-04-13T17:49:18Z,120684439431192,923,btc_qm_engine:btc_ptmc_rep_cold,5.0000000000
METRIC,2026-04-13T17:49:18Z,120684439456152,923,btc_qm_engine:btc_ptmc_accept,1.0000000000
METRIC,2026-04-13T17:49:18Z,120684439489392,923,btc_qm_engine:btc_ptmc_rep_hot,7.0000000000
METRIC,2026-04-13T17:49:18Z,120684439514602,923,btc_qm_engine:btc_ptmc_rep_cold,6.0000000000
METRIC,2026-04-13T17:49:18Z,120684439539512,923,btc_qm_engine:btc_ptmc_accept,1.0000000000
METRIC,2026-04-13T17:49:18Z,120684476335411,923,btc_qm_engine:btc_nx48_stall_count,2.0000000000
METRIC,2026-04-13T17:49:18Z,120684476408831,923,btc_qm_engine:btc_nx48_delta_nonce_old,16.0356363007
METRIC,2026-04-13T17:49:18Z,120684476438191,923,btc_qm_engine:btc_nx48_delta_nonce_new,17.7881303509
METRIC,2026-04-13T17:49:18Z,120684476463861,923,btc_qm_engine:btc_nx48_batch_old,4.0000000000
METRIC,2026-04-13T17:49:18Z,120684476488361,923,btc_qm_engine:btc_nx48_batch_new,4.0000000000
METRIC,2026-04-13T17:49:18Z,120684476614531,923,btc_qm_engine:btc_nx48_loss,0.6877141274
METRIC,2026-04-13T17:49:18Z,120684476640671,923,btc_qm_engine:btc_nx48_grad_norm,0.7292764803
METRIC,2026-04-13T17:49:18Z,120684476665201,923,btc_qm_engine:btc_nx48_update_count,240.0000000000
METRIC,2026-04-13T17:49:18Z,120684476690751,923,btc_qm_engine:btc_nx48_exploration_bias,0.6636976773
METRIC,2026-04-13T17:49:18Z,120684476780401,923,btc_qm_engine:btc_hashrate_mhs,0.9292710518
METRIC,2026-04-13T17:49:18Z,120684476811641,923,btc_qm_engine:btc_hashrate_thread_id,0.0000000000
METRIC,2026-04-13T17:49:18Z,120684479156411,923,btc_qm_engine:btc_hashrate_mhs,0.9288712742
METRIC,2026-04-13T17:49:18Z,120684479196381,923,btc_qm_engine:btc_hashrate_thread_id,1.0000000000
METRIC,2026-04-13T17:49:18Z,120684479752091,923,btc_qm_engine:btc_hashrate_mhs,0.9289886600
METRIC,2026-04-13T17:49:18Z,120684479801931,923,btc_qm_engine:btc_hashrate_thread_id,2.0000000000
METRIC,2026-04-13T17:49:18Z,120684480297561,923,btc_qm_engine:btc_hashrate_mhs,0.9291177186
METRIC,2026-04-13T17:49:18Z,120684480373291,923,btc_qm_engine:btc_hashrate_thread_id,3.0000000000
METRIC,2026-04-13T17:49:18Z,120684480871921,923,btc_qm_engine:btc_hashrate_mhs,0.9292400086
METRIC,2026-04-13T17:49:18Z,120684480921871,923,btc_qm_engine:btc_hashrate_thread_id,5.0000000000
METRIC,2026-04-13T17:49:18Z,120684481412961,923,btc_qm_engine:btc_hashrate_mhs,0.9293700192
METRIC,2026-04-13T17:49:18Z,120684481454651,923,btc_qm_engine:btc_hashrate_thread_id,6.0000000000
METRIC,2026-04-13T17:49:18Z,120684481515811,923,btc_qm_engine:btc_hashrate_mhs,0.9296015142
METRIC,2026-04-13T17:49:18Z,120684481559801,923,btc_qm_engine:btc_hashrate_thread_id,7.0000000000
METRIC,2026-04-13T17:49:18Z,120684482617431,923,btc_qm_engine:btc_hashrate_mhs,0.9296015368
METRIC,2026-04-13T17:49:18Z,120684482651051,923,btc_qm_engine:btc_hashrate_thread_id,4.0000000000
METRIC,2026-04-13T17:49:18Z,120684548944370,923,btc_qm_engine:btc_ptmc_rep_hot,1.0000000000
METRIC,2026-04-13T17:49:18Z,120684549038520,923,btc_qm_engine:btc_ptmc_rep_cold,0.0000000000
METRIC,2026-04-13T17:49:18Z,120684549065700,923,btc_qm_engine:btc_ptmc_accept,1.0000000000
METRIC,2026-04-13T17:49:18Z,120684549091330,923,btc_qm_engine:btc_ptmc_rep_hot,2.0000000000
METRIC,2026-04-13T17:49:18Z,120684549116100,923,btc_qm_engine:btc_ptmc_rep_cold,1.0000000000
METRIC,2026-04-13T17:49:18Z,120684549140830,923,btc_qm_engine:btc_ptmc_accept,1.0000000000
METRIC,2026-04-13T17:49:18Z,120684549186550,923,btc_qm_engine:btc_ptmc_rep_hot,3.0000000000
METRIC,2026-04-13T17:49:18Z,120684549219320,923,btc_qm_engine:btc_ptmc_rep_cold,2.0000000000
METRIC,2026-04-13T17:49:18Z,120684549243120,923,btc_qm_engine:btc_ptmc_accept,1.0000000000
METRIC,2026-04-13T17:49:18Z,120684549276910,923,btc_qm_engine:btc_ptmc_rep_hot,4.0000000000
METRIC,2026-04-13T17:49:18Z,120684549302890,923,btc_qm_engine:btc_ptmc_rep_cold,3.0000000000
METRIC,2026-04-13T17:49:18Z,120684549326540,923,btc_qm_engine:btc_ptmc_accept,1.0000000000
METRIC,2026-04-13T17:49:18Z,120684549360390,923,btc_qm_engine:btc_ptmc_rep_hot,5.0000000000
METRIC,2026-04-13T17:49:18Z,120684549386390,923,btc_qm_engine:btc_ptmc_rep_cold,4.0000000000
METRIC,2026-04-13T17:49:18Z,120684549411450,923,btc_qm_engine:btc_ptmc_accept,1.0000000000
METRIC,2026-04-13T17:49:18Z,120684549439400,923,btc_qm_engine:btc_ptmc_rep_hot,6.0000000000
METRIC,2026-04-13T17:49:18Z,120684549463790,923,btc_qm_engine:btc_ptmc_rep_cold,5.0000000000
METRIC,2026-04-13T17:49:18Z,120684549488330,923,btc_qm_engine:btc_ptmc_accept,1.0000000000
METRIC,2026-04-13T17:49:18Z,120684549517040,923,btc_qm_engine:btc_ptmc_rep_hot,7.0000000000
METRIC,2026-04-13T17:49:18Z,120684549541800,923,btc_qm_engine:btc_ptmc_rep_cold,6.0000000000
METRIC,2026-04-13T17:49:18Z,120684549566690,923,btc_qm_engine:btc_ptmc_accept,1.0000000000
METRIC,2026-04-13T17:49:18Z,120684649361297,923,btc_qm_engine:btc_ptmc_rep_hot,1.0000000000
METRIC,2026-04-13T17:49:18Z,120684649460417,923,btc_qm_engine:btc_ptmc_rep_cold,0.0000000000
METRIC,2026-04-13T17:49:18Z,120684649486787,923,btc_qm_engine:btc_ptmc_accept,1.0000000000
METRIC,2026-04-13T17:49:18Z,120684649549267,923,btc_qm_engine:btc_ptmc_rep_hot,2.0000000000
METRIC,2026-04-13T17:49:18Z,120684649574267,923,btc_qm_engine:btc_ptmc_rep_cold,1.0000000000
METRIC,2026-04-13T17:49:18Z,120684649606087,923,btc_qm_engine:btc_ptmc_accept,1.0000000000
METRIC,2026-04-13T17:49:18Z,120684649639587,923,btc_qm_engine:btc_ptmc_rep_hot,3.0000000000
METRIC,2026-04-13T17:49:18Z,120684649664407,923,btc_qm_engine:btc_ptmc_rep_cold,2.0000000000
METRIC,2026-04-13T17:49:18Z,120684649688797,923,btc_qm_engine:btc_ptmc_accept,1.0000000000
METRIC,2026-04-13T17:49:18Z,120684649721107,923,btc_qm_engine:btc_ptmc_rep_hot,4.0000000000
METRIC,2026-04-13T17:49:18Z,120684649746187,923,btc_qm_engine:btc_ptmc_rep_cold,3.0000000000
METRIC,2026-04-13T17:49:18Z,120684649771017,923,btc_qm_engine:btc_ptmc_accept,1.0000000000
METRIC,2026-04-13T17:49:18Z,120684649801307,923,btc_qm_engine:btc_ptmc_rep_hot,5.0000000000
METRIC,2026-04-13T17:49:18Z,120684649830907,923,btc_qm_engine:btc_ptmc_rep_cold,4.0000000000
METRIC,2026-04-13T17:49:18Z,120684649855277,923,btc_qm_engine:btc_ptmc_accept,1.0000000000
METRIC,2026-04-13T17:49:18Z,120684649887597,923,btc_qm_engine:btc_ptmc_rep_hot,6.0000000000
METRIC,2026-04-13T17:49:18Z,120684649912447,923,btc_qm_engine:btc_ptmc_rep_cold,5.0000000000
METRIC,2026-04-13T17:49:18Z,120684649937467,923,btc_qm_engine:btc_ptmc_accept,1.0000000000
METRIC,2026-04-13T17:49:18Z,120684649973087,923,btc_qm_engine:btc_ptmc_rep_hot,7.0000000000
METRIC,2026-04-13T17:49:18Z,120684649997697,923,btc_qm_engine:btc_ptmc_rep_cold,6.0000000000
METRIC,2026-04-13T17:49:18Z,120684650048537,923,btc_qm_engine:btc_ptmc_accept,1.0000000000
METRIC,2026-04-13T17:49:18Z,120684753996315,923,btc_qm_engine:btc_ptmc_rep_hot,1.0000000000
METRIC,2026-04-13T17:49:18Z,120684754113795,923,btc_qm_engine:btc_ptmc_rep_cold,0.0000000000
METRIC,2026-04-13T17:49:18Z,120684754141235,923,btc_qm_engine:btc_ptmc_accept,0.5135063048
METRIC,2026-04-13T17:49:18Z,120684754173215,923,btc_qm_engine:btc_ptmc_rep_hot,2.0000000000
METRIC,2026-04-13T17:49:18Z,120684754198495,923,btc_qm_engine:btc_ptmc_rep_cold,1.0000000000
METRIC,2026-04-13T17:49:18Z,120684754223495,923,btc_qm_engine:btc_ptmc_accept,1.0000000000
METRIC,2026-04-13T17:49:18Z,120684754259385,923,btc_qm_engine:btc_ptmc_rep_hot,3.0000000000
METRIC,2026-04-13T17:49:18Z,120684754284595,923,btc_qm_engine:btc_ptmc_rep_cold,2.0000000000
METRIC,2026-04-13T17:49:18Z,120684754309675,923,btc_qm_engine:btc_ptmc_accept,1.0000000000
METRIC,2026-04-13T17:49:18Z,120684754340935,923,btc_qm_engine:btc_ptmc_rep_hot,4.0000000000
METRIC,2026-04-13T17:49:18Z,120684754365425,923,btc_qm_engine:btc_ptmc_rep_cold,3.0000000000
METRIC,2026-04-13T17:49:18Z,120684754389885,923,btc_qm_engine:btc_ptmc_accept,1.0000000000
METRIC,2026-04-13T17:49:18Z,120684754417135,923,btc_qm_engine:btc_ptmc_rep_hot,5.0000000000
METRIC,2026-04-13T17:49:18Z,120684754441665,923,btc_qm_engine:btc_ptmc_rep_cold,4.0000000000
METRIC,2026-04-13T17:49:18Z,120684754466805,923,btc_qm_engine:btc_ptmc_accept,1.0000000000
METRIC,2026-04-13T17:49:18Z,120684754494745,923,btc_qm_engine:btc_ptmc_rep_hot,6.0000000000
METRIC,2026-04-13T17:49:18Z,120684754550255,923,btc_qm_engine:btc_ptmc_rep_cold,5.0000000000
METRIC,2026-04-13T17:49:18Z,120684754571405,923,btc_qm_engine:btc_ptmc_accept,0.9642900774
METRIC,2026-04-13T17:49:18Z,120684754601625,923,btc_qm_engine:btc_ptmc_rep_hot,7.0000000000
METRIC,2026-04-13T17:49:18Z,120684754635005,923,btc_qm_engine:btc_ptmc_rep_cold,6.0000000000
METRIC,2026-04-13T17:49:18Z,120684754661055,923,btc_qm_engine:btc_ptmc_accept,0.9767452464
METRIC,2026-04-13T17:49:18Z,120684854364882,923,btc_qm_engine:btc_ptmc_rep_hot,1.0000000000
METRIC,2026-04-13T17:49:18Z,120684854449292,923,btc_qm_engine:btc_ptmc_rep_cold,0.0000000000
METRIC,2026-04-13T17:49:18Z,120684854474922,923,btc_qm_engine:btc_ptmc_accept,-0.2635971381
METRIC,2026-04-13T17:49:18Z,120684854551222,923,btc_qm_engine:btc_ptmc_rep_hot,2.0000000000
METRIC,2026-04-13T17:49:18Z,120684854576792,923,btc_qm_engine:btc_ptmc_rep_cold,1.0000000000
METRIC,2026-04-13T17:49:18Z,120684854601162,923,btc_qm_engine:btc_ptmc_accept,1.0000000000
METRIC,2026-04-13T17:49:18Z,120684854633182,923,btc_qm_engine:btc_ptmc_rep_hot,3.0000000000
METRIC,2026-04-13T17:49:18Z,120684854657172,923,btc_qm_engine:btc_ptmc_rep_cold,2.0000000000
METRIC,2026-04-13T17:49:18Z,120684854681492,923,btc_qm_engine:btc_ptmc_accept,1.0000000000
METRIC,2026-04-13T17:49:18Z,120684854711872,923,btc_qm_engine:btc_ptmc_rep_hot,4.0000000000
METRIC,2026-04-13T17:49:18Z,120684854735952,923,btc_qm_engine:btc_ptmc_rep_cold,3.0000000000
METRIC,2026-04-13T17:49:18Z,120684854758962,923,btc_qm_engine:btc_ptmc_accept,0.9048374180
METRIC,2026-04-13T17:49:18Z,120684854788692,923,btc_qm_engine:btc_ptmc_rep_hot,5.0000000000
METRIC,2026-04-13T17:49:18Z,120684854819752,923,btc_qm_engine:btc_ptmc_rep_cold,4.0000000000
METRIC,2026-04-13T17:49:18Z,120684854843172,923,btc_qm_engine:btc_ptmc_accept,1.0000000000
METRIC,2026-04-13T17:49:18Z,120684854873552,923,btc_qm_engine:btc_ptmc_rep_hot,6.0000000000
METRIC,2026-04-13T17:49:18Z,120684854898722,923,btc_qm_engine:btc_ptmc_rep_cold,5.0000000000
METRIC,2026-04-13T17:49:18Z,120684854923182,923,btc_qm_engine:btc_ptmc_accept,0.9642895790
METRIC,2026-04-13T17:49:18Z,120684854954182,923,btc_qm_engine:btc_ptmc_rep_hot,7.0000000000
METRIC,2026-04-13T17:49:18Z,120684854978802,923,btc_qm_engine:btc_ptmc_rep_cold,6.0000000000
METRIC,2026-04-13T17:49:18Z,120684855022852,923,btc_qm_engine:btc_ptmc_accept,1.0000000000
METRIC,2026-04-13T17:49:18Z,120684955521140,923,btc_qm_engine:btc_ptmc_rep_hot,1.0000000000
METRIC,2026-04-13T17:49:18Z,120684955616980,923,btc_qm_engine:btc_ptmc_rep_cold,0.0000000000
METRIC,2026-04-13T17:49:18Z,120684955643760,923,btc_qm_engine:btc_ptmc_accept,1.0000000000
METRIC,2026-04-13T17:49:18Z,120684955675300,923,btc_qm_engine:btc_ptmc_rep_hot,2.0000000000
METRIC,2026-04-13T17:49:18Z,120684955700980,923,btc_qm_engine:btc_ptmc_rep_cold,1.0000000000
METRIC,2026-04-13T17:49:18Z,120684955725840,923,btc_qm_engine:btc_ptmc_accept,-0.2635513387
METRIC,2026-04-13T17:49:18Z,120684955759070,923,btc_qm_engine:btc_ptmc_rep_hot,3.0000000000
METRIC,2026-04-13T17:49:18Z,120684955784450,923,btc_qm_engine:btc_ptmc_rep_cold,2.0000000000
METRIC,2026-04-13T17:49:18Z,120684955815960,923,btc_qm_engine:btc_ptmc_accept,1.0000000000
METRIC,2026-04-13T17:49:18Z,120684955849730,923,btc_qm_engine:btc_ptmc_rep_hot,4.0000000000
METRIC,2026-04-13T17:49:18Z,120684955875370,923,btc_qm_engine:btc_ptmc_rep_cold,3.0000000000
METRIC,2026-04-13T17:49:18Z,120684955916290,923,btc_qm_engine:btc_ptmc_accept,1.0000000000
METRIC,2026-04-13T17:49:18Z,120684955967230,923,btc_qm_engine:btc_ptmc_rep_hot,5.0000000000
METRIC,2026-04-13T17:49:18Z,120684955997020,923,btc_qm_engine:btc_ptmc_rep_cold,4.0000000000
METRIC,2026-04-13T17:49:18Z,120684956043420,923,btc_qm_engine:btc_ptmc_accept,1.0000000000
METRIC,2026-04-13T17:49:18Z,120684956071600,923,btc_qm_engine:btc_ptmc_rep_hot,6.0000000000
METRIC,2026-04-13T17:49:18Z,120684956096130,923,btc_qm_engine:btc_ptmc_rep_cold,5.0000000000
METRIC,2026-04-13T17:49:18Z,120684956119410,923,btc_qm_engine:btc_ptmc_accept,1.0000000000
METRIC,2026-04-13T17:49:18Z,120684956145920,923,btc_qm_engine:btc_ptmc_rep_hot,7.0000000000
METRIC,2026-04-13T17:49:18Z,120684956191350,923,btc_qm_engine:btc_ptmc_rep_cold,6.0000000000
METRIC,2026-04-13T17:49:18Z,120684956214630,923,btc_qm_engine:btc_ptmc_accept,1.0000000000
METRIC,2026-04-13T17:49:18Z,120685058752678,923,btc_qm_engine:btc_ptmc_rep_hot,1.0000000000
METRIC,2026-04-13T17:49:18Z,120685058856558,923,btc_qm_engine:btc_ptmc_rep_cold,0.0000000000
METRIC,2026-04-13T17:49:18Z,120685058882968,923,btc_qm_engine:btc_ptmc_accept,1.0000000000
METRIC,2026-04-13T17:49:18Z,120685058914487,923,btc_qm_engine:btc_ptmc_rep_hot,2.0000000000
METRIC,2026-04-13T17:49:18Z,120685058939337,923,btc_qm_engine:btc_ptmc_rep_cold,1.0000000000
METRIC,2026-04-13T17:49:18Z,120685058965377,923,btc_qm_engine:btc_ptmc_accept,1.0000000000
METRIC,2026-04-13T17:49:18Z,120685058997077,923,btc_qm_engine:btc_ptmc_rep_hot,3.0000000000
METRIC,2026-04-13T17:49:18Z,120685059043097,923,btc_qm_engine:btc_ptmc_rep_cold,2.0000000000
METRIC,2026-04-13T17:49:18Z,120685059068047,923,btc_qm_engine:btc_ptmc_accept,-0.7165119046
METRIC,2026-04-13T17:49:18Z,120685059102727,923,btc_qm_engine:btc_ptmc_rep_hot,4.0000000000
METRIC,2026-04-13T17:49:18Z,120685059127397,923,btc_qm_engine:btc_ptmc_rep_cold,3.0000000000
METRIC,2026-04-13T17:49:18Z,120685059151747,923,btc_qm_engine:btc_ptmc_accept,1.0000000000
METRIC,2026-04-13T17:49:18Z,120685059182717,923,btc_qm_engine:btc_ptmc_rep_hot,5.0000000000
METRIC,2026-04-13T17:49:18Z,120685059207277,923,btc_qm_engine:btc_ptmc_rep_cold,4.0000000000
METRIC,2026-04-13T17:49:18Z,120685059231867,923,btc_qm_engine:btc_ptmc_accept,1.0000000000
METRIC,2026-04-13T17:49:18Z,120685059266887,923,btc_qm_engine:btc_ptmc_rep_hot,6.0000000000
METRIC,2026-04-13T17:49:18Z,120685059291647,923,btc_qm_engine:btc_ptmc_rep_cold,5.0000000000
METRIC,2026-04-13T17:49:18Z,120685059314877,923,btc_qm_engine:btc_ptmc_accept,1.0000000000
METRIC,2026-04-13T17:49:18Z,120685059345157,923,btc_qm_engine:btc_ptmc_rep_hot,7.0000000000
METRIC,2026-04-13T17:49:18Z,120685059370977,923,btc_qm_engine:btc_ptmc_rep_cold,6.0000000000
METRIC,2026-04-13T17:49:18Z,120685059394547,923,btc_qm_engine:btc_ptmc_accept,1.0000000000
METRIC,2026-04-13T17:49:18Z,120685164190865,923,btc_qm_engine:btc_ptmc_rep_hot,1.0000000000
METRIC,2026-04-13T17:49:18Z,120685164280165,923,btc_qm_engine:btc_ptmc_rep_cold,0.0000000000
METRIC,2026-04-13T17:49:18Z,120685164306815,923,btc_qm_engine:btc_ptmc_accept,1.0000000000
METRIC,2026-04-13T17:49:18Z,120685164337725,923,btc_qm_engine:btc_ptmc_rep_hot,2.0000000000
METRIC,2026-04-13T17:49:18Z,120685164362235,923,btc_qm_engine:btc_ptmc_rep_cold,1.0000000000
METRIC,2026-04-13T17:49:18Z,120685164399115,923,btc_qm_engine:btc_ptmc_accept,1.0000000000
METRIC,2026-04-13T17:49:18Z,120685164442145,923,btc_qm_engine:btc_ptmc_rep_hot,3.0000000000
METRIC,2026-04-13T17:49:18Z,120685164467025,923,btc_qm_engine:btc_ptmc_rep_cold,2.0000000000
METRIC,2026-04-13T17:49:18Z,120685164491565,923,btc_qm_engine:btc_ptmc_accept,1.0000000000
METRIC,2026-04-13T17:49:18Z,120685164524235,923,btc_qm_engine:btc_ptmc_rep_hot,4.0000000000
METRIC,2026-04-13T17:49:18Z,120685164549125,923,btc_qm_engine:btc_ptmc_rep_cold,3.0000000000
METRIC,2026-04-13T17:49:18Z,120685164574005,923,btc_qm_engine:btc_ptmc_accept,1.0000000000
METRIC,2026-04-13T17:49:18Z,120685164604755,923,btc_qm_engine:btc_ptmc_rep_hot,5.0000000000
METRIC,2026-04-13T17:49:18Z,120685164629455,923,btc_qm_engine:btc_ptmc_rep_cold,4.0000000000
METRIC,2026-04-13T17:49:18Z,120685164653895,923,btc_qm_engine:btc_ptmc_accept,1.0000000000
METRIC,2026-04-13T17:49:18Z,120685164686405,923,btc_qm_engine:btc_ptmc_rep_hot,6.0000000000
METRIC,2026-04-13T17:49:18Z,120685164711395,923,btc_qm_engine:btc_ptmc_rep_cold,5.0000000000
METRIC,2026-04-13T17:49:18Z,120685164736535,923,btc_qm_engine:btc_ptmc_accept,0.9642893023
METRIC,2026-04-13T17:49:18Z,120685164765795,923,btc_qm_engine:btc_ptmc_rep_hot,7.0000000000
METRIC,2026-04-13T17:49:18Z,120685164790715,923,btc_qm_engine:btc_ptmc_rep_cold,6.0000000000
METRIC,2026-04-13T17:49:18Z,120685164819265,923,btc_qm_engine:btc_ptmc_accept,1.0000000000
M