event,timestamp_utc,timestamp_ns,pid,detail,value
INIT,2026-04-12T23:26:37Z,190734374117892,3532,activation,100PCT_INCONDITIONNELLE
INIT,2026-04-12T23:26:37Z,190734374117892,3532,modules_reels,ultra_forensic_logger_v3+memory_tracker
INIT,2026-04-12T23:26:37Z,190734374117892,3532,version,3.0_cycle17_NL03_NV01_NV02_AC01_NANO_ANOMALY_FIX_RAM01
HW_SAMPLE,2026-04-12T23:26:37Z,190734374117892,3532,init:cpu_delta_pct,100.0000
HW_SAMPLE,2026-04-12T23:26:37Z,190734374117892,3532,init:mem_used_pct,81.1948
HW_SAMPLE,2026-04-12T23:26:37Z,190734374117892,3532,init:mem_total_kb,65847776
HW_SAMPLE,2026-04-12T23:26:37Z,190734374117892,3532,init:mem_avail_kb,12382812
HW_SAMPLE,2026-04-12T23:26:37Z,190734374117892,3532,init:vm_rss_kb,3832
HW_SAMPLE,2026-04-12T23:26:37Z,190734374117892,3532,init:vm_peak_kb,14716
MODULE_START,2026-04-12T23:26:37Z,190734374362282,3532,btc_qm_engine,main_btc_mining
METRIC,2026-04-12T23:26:37Z,190734374376012,3532,btc_qm_engine:btc_run_mode_hash,66.0000000000
METRIC,2026-04-12T23:26:37Z,190734375408292,3532,btc_qm_engine:btc_module_version,17.0000000000
METRIC,2026-04-12T23:26:37Z,190734375475972,3532,btc_qm_engine:btc_nx48_csv_loaded,1.0000000000
METRIC,2026-04-12T23:26:37Z,190734375520831,3532,btc_qm_engine:btc_nx48_init_loaded,1.0000000000
METRIC,2026-04-12T23:26:37Z,190734375540251,3532,btc_qm_engine:btc_nx48_delta_nonce_scale,2.1234580000
METRIC,2026-04-12T23:26:37Z,190734375559071,3532,btc_qm_engine:btc_nx48_n_replicas_scale,1.0000000000
METRIC,2026-04-12T23:26:37Z,190734375578831,3532,btc_qm_engine:btc_nx48_swap_temp_scale,1.0000000000
METRIC,2026-04-12T23:26:37Z,190734375603441,3532,btc_qm_engine:btc_nx48_batch_size_scale,4.0000000000
METRIC,2026-04-12T23:26:37Z,190734375626781,3532,btc_qm_engine:btc_nx48_exploration_bias,0.4297210000
METRIC,2026-04-12T23:26:37Z,190734375659911,3532,btc_qm_engine:btc_sha256_self_test_pass,1.0000000000
METRIC,2026-04-12T23:26:37Z,190734375685371,3532,btc_qm_engine:btc_wallet_create_start,1.0000000000
METRIC,2026-04-12T23:26:37Z,190734378042991,3532,btc_qm_engine:btc_wallet_created,1.0000000000
METRIC,2026-04-12T23:26:37Z,190734378082201,3532,btc_qm_engine:btc_wallet_create_ns,2357390.0000000000
METRIC,2026-04-12T23:26:37Z,190734378103761,3532,btc_qm_engine:btc_wallet_network,1.0000000000
METRIC,2026-04-12T23:26:37Z,190734378239461,3532,btc_qm_engine:btc_wallet_saved_json,1.0000000000
METRIC,2026-04-12T23:26:37Z,190734378275571,3532,btc_qm_engine:btc_sha256_self_test_pass,1.0000000000
METRIC,2026-04-12T23:26:37Z,190734378300011,3532,btc_qm_engine:btc_integrity_gate_pass,1.0000000000
MODULE_START,2026-04-12T23:26:37Z,190734378319161,3532,btc_qm_engine,btc_engine_create
METRIC,2026-04-12T23:26:37Z,190734378326561,3532,btc_qm_engine:btc_n_replicas,8.0000000000
METRIC,2026-04-12T23:26:37Z,190734378358001,3532,btc_qm_engine:btc_n_threads,8.0000000000
METRIC,2026-04-12T23:26:37Z,190734378379961,3532,btc_qm_engine:btc_batch_size,256.0000000000
METRIC,2026-04-12T23:26:37Z,190734378399381,3532,btc_qm_engine:btc_nonce_start,0.0000000000
METRIC,2026-04-12T23:26:37Z,190734378417881,3532,btc_qm_engine:btc_nonce_end,4294967295.0000000000
METRIC,2026-04-12T23:26:37Z,190734378436991,3532,btc_qm_engine:btc_duration_s,0.0000000000
METRIC,2026-04-12T23:26:37Z,190734378455321,3532,btc_qm_engine:btc_replica_idx,0.0000000000
METRIC,2026-04-12T23:26:37Z,190734378473621,3532,btc_qm_engine:btc_replica_nonce,0.0000000000
METRIC,2026-04-12T23:26:37Z,190734378491861,3532,btc_qm_engine:btc_replica_temp,1.0000000000
METRIC,2026-04-12T23:26:37Z,190734378510171,3532,btc_qm_engine:btc_replica_leading,0.0000000000
METRIC,2026-04-12T23:26:37Z,190734378528461,3532,btc_qm_engine:btc_replica_idx,1.0000000000
METRIC,2026-04-12T23:26:37Z,190734378546721,3532,btc_qm_engine:btc_replica_nonce,536870911.0000000000
METRIC,2026-04-12T23:26:37Z,190734378566011,3532,btc_qm_engine:btc_replica_temp,2.0000000000
METRIC,2026-04-12T23:26:37Z,190734378584271,3532,btc_qm_engine:btc_replica_leading,0.0000000000
METRIC,2026-04-12T23:26:37Z,190734378602471,3532,btc_qm_engine:btc_replica_idx,2.0000000000
METRIC,2026-04-12T23:26:37Z,190734378631551,3532,btc_qm_engine:btc_replica_nonce,1073741822.0000000000
METRIC,2026-04-12T23:26:37Z,190734378661061,3532,btc_qm_engine:btc_replica_temp,4.0000000000
METRIC,2026-04-12T23:26:37Z,190734378679811,3532,btc_qm_engine:btc_replica_leading,0.0000000000
METRIC,2026-04-12T23:26:37Z,190734378698081,3532,btc_qm_engine:btc_replica_idx,3.0000000000
METRIC,2026-04-12T23:26:37Z,190734378716351,3532,btc_qm_engine:btc_replica_nonce,1610612733.0000000000
METRIC,2026-04-12T23:26:37Z,190734378735461,3532,btc_qm_engine:btc_replica_temp,8.0000000000
METRIC,2026-04-12T23:26:37Z,190734378758831,3532,btc_qm_engine:btc_replica_leading,0.0000000000
METRIC,2026-04-12T23:26:37Z,190734378777121,3532,btc_qm_engine:btc_replica_idx,4.0000000000
METRIC,2026-04-12T23:26:37Z,190734378795341,3532,btc_qm_engine:btc_replica_nonce,2147483644.0000000000
METRIC,2026-04-12T23:26:37Z,190734378827501,3532,btc_qm_engine:btc_replica_temp,12.0000000000
METRIC,2026-04-12T23:26:37Z,190734378846541,3532,btc_qm_engine:btc_replica_leading,0.0000000000
METRIC,2026-04-12T23:26:37Z,190734378864881,3532,btc_qm_engine:btc_replica_idx,5.0000000000
METRIC,2026-04-12T23:26:37Z,190734378883151,3532,btc_qm_engine:btc_replica_nonce,2684354555.0000000000
METRIC,2026-04-12T23:26:37Z,190734378902791,3532,btc_qm_engine:btc_replica_temp,20.0000000000
METRIC,2026-04-12T23:26:37Z,190734378921681,3532,btc_qm_engine:btc_replica_leading,0.0000000000
METRIC,2026-04-12T23:26:37Z,190734378940101,3532,btc_qm_engine:btc_replica_idx,6.0000000000
METRIC,2026-04-12T23:26:37Z,190734378958421,3532,btc_qm_engine:btc_replica_nonce,3221225466.0000000000
METRIC,2026-04-12T23:26:37Z,190734378977601,3532,btc_qm_engine:btc_replica_temp,35.0000000000
METRIC,2026-04-12T23:26:37Z,190734378997461,3532,btc_qm_engine:btc_replica_leading,0.0000000000
METRIC,2026-04-12T23:26:37Z,190734379033591,3532,btc_qm_engine:btc_replica_idx,7.0000000000
METRIC,2026-04-12T23:26:37Z,190734379054881,3532,btc_qm_engine:btc_replica_nonce,3758096377.0000000000
METRIC,2026-04-12T23:26:37Z,190734379077521,3532,btc_qm_engine:btc_replica_temp,50.0000000000
METRIC,2026-04-12T23:26:37Z,190734379100331,3532,btc_qm_engine:btc_replica_leading,0.0000000000
METRIC,2026-04-12T23:26:37Z,190734379124001,3532,btc_qm_engine:btc_midstate_applied,1.0000000000
THREAD,2026-04-12T23:26:37Z,190734379237271,3532,btc_qm_engine:btc_mining_worker_START,139799546345152
THREAD,2026-04-12T23:26:37Z,190734379267931,3532,btc_qm_engine:btc_mining_worker_START,139799537952448
METRIC,2026-04-12T23:26:37Z,190734379261441,3532,btc_qm_engine:btc_block_nonce,4294908259.0000000000
THREAD,2026-04-12T23:26:37Z,190734379308791,3532,btc_qm_engine:btc_mining_worker_START,139799529559744
METRIC,2026-04-12T23:26:37Z,190734379367771,3532,btc_qm_engine:btc_best_leading_zeros,2.0000000000
METRIC,2026-04-12T23:26:37Z,190734379388821,3532,btc_qm_engine:btc_block_valid,0.0000000000
THREAD,2026-04-12T23:26:37Z,190734379395671,3532,btc_qm_engine:btc_mining_worker_START,139799521167040
ANOMALY,2026-04-12T23:26:37Z,190734379410001,3532,btc_qm_engine:btc_near_miss_or_valid,2.0000000000
THREAD,2026-04-12T23:26:37Z,190734379424111,3532,btc_qm_engine:btc_mining_worker_START,139799432259264
METRIC,2026-04-12T23:26:37Z,190734379439931,3532,btc_qm_engine:btc_best_leading_zeros,2.0000000000
METRIC,2026-04-12T23:26:37Z,190734379477061,3532,btc_qm_engine:btc_block_nonce,2814852978.0000000000
METRIC,2026-04-12T23:26:37Z,190734379498621,3532,btc_qm_engine:btc_best_leading_zeros,4.0000000000
METRIC,2026-04-12T23:26:37Z,190734379517911,3532,btc_qm_engine:btc_block_valid,0.0000000000
THREAD,2026-04-12T23:26:37Z,190734379516891,3532,btc_qm_engine:btc_mining_worker_START,139799423866560
ANOMALY,2026-04-12T23:26:37Z,190734379536951,3532,btc_qm_engine:btc_near_miss_or_valid,4.0000000000
THREAD,2026-04-12T23:26:37Z,190734379537871,3532,btc_qm_engine:btc_mining_worker_START,139799440651968
METRIC,2026-04-12T23:26:37Z,190734379556841,3532,btc_qm_engine:btc_best_leading_zeros,4.0000000000
METRIC,2026-04-12T23:26:37Z,190734379605181,3532,btc_qm_engine:btc_threads_launched,8.0000000000
METRIC,2026-04-12T23:26:37Z,190734379672231,3532,btc_qm_engine:btc_block_nonce,2905236803.0000000000
METRIC,2026-04-12T23:26:37Z,190734379761811,3532,btc_qm_engine:btc_best_leading_zeros,10.0000000000
METRIC,2026-04-12T23:26:37Z,190734379798511,3532,btc_qm_engine:btc_block_valid,0.0000000000
THREAD,2026-04-12T23:26:37Z,190734379818881,3532,btc_qm_engine:btc_mining_worker_START,139799415473856
ANOMALY,2026-04-12T23:26:37Z,190734379852121,3532,btc_qm_engine:btc_near_miss_or_valid,10.0000000000
METRIC,2026-04-12T23:26:37Z,190734379879961,3532,btc_qm_engine:btc_best_leading_zeros,10.0000000000
METRIC,2026-04-12T23:26:37Z,190734380085221,3532,btc_qm_engine:btc_block_nonce,10986972.0000000000
METRIC,2026-04-12T23:26:37Z,190734380146791,3532,btc_qm_engine:btc_best_leading_zeros,12.0000000000
METRIC,2026-04-12T23:26:37Z,190734380174171,3532,btc_qm_engine:btc_block_valid,0.0000000000
ANOMALY,2026-04-12T23:26:37Z,190734380217661,3532,btc_qm_engine:btc_near_miss_or_valid,12.0000000000
METRIC,2026-04-12T23:26:37Z,190734380244911,3532,btc_qm_engine:btc_best_leading_zeros,12.0000000000
METRIC,2026-04-12T23:26:37Z,190734481110055,3532,btc_qm_engine:btc_ptmc_rep_hot,1.0000000000
METRIC,2026-04-12T23:26:37Z,190734481176245,3532,btc_qm_engine:btc_ptmc_rep_cold,0.0000000000
METRIC,2026-04-12T23:26:37Z,190734481197335,3532,btc_qm_engine:btc_ptmc_accept,-0.2635971381
METRIC,2026-04-12T23:26:37Z,190734481222975,3532,btc_qm_engine:btc_ptmc_rep_hot,2.0000000000
METRIC,2026-04-12T23:26:37Z,190734481242155,3532,btc_qm_engine:btc_ptmc_rep_cold,1.0000000000
METRIC,2026-04-12T23:26:37Z,190734481261095,3532,btc_qm_engine:btc_ptmc_accept,1.0000000000
METRIC,2026-04-12T23:26:37Z,190734481282225,3532,btc_qm_engine:btc_ptmc_rep_hot,3.0000000000
METRIC,2026-04-12T23:26:37Z,190734481300835,3532,btc_qm_engine:btc_ptmc_rep_cold,2.0000000000
METRIC,2026-04-12T23:26:37Z,190734481319585,3532,btc_qm_engine:btc_ptmc_accept,1.0000000000
METRIC,2026-04-12T23:26:37Z,190734481345235,3532,btc_qm_engine:btc_ptmc_rep_hot,4.0000000000
METRIC,2026-04-12T23:26:37Z,190734481364005,3532,btc_qm_engine:btc_ptmc_rep_cold,3.0000000000
METRIC,2026-04-12T23:26:37Z,190734481382605,3532,btc_qm_engine:btc_ptmc_accept,1.0000000000
METRIC,2026-04-12T23:26:37Z,190734481401485,3532,btc_qm_engine:btc_ptmc_rep_hot,5.0000000000
METRIC,2026-04-12T23:26:37Z,190734481420015,3532,btc_qm_engine:btc_ptmc_rep_cold,4.0000000000
METRIC,2026-04-12T23:26:37Z,190734481438685,3532,btc_qm_engine:btc_ptmc_accept,1.0000000000
METRIC,2026-04-12T23:26:37Z,190734481462365,3532,btc_qm_engine:btc_ptmc_rep_hot,6.0000000000
METRIC,2026-04-12T23:26:37Z,190734481481175,3532,btc_qm_engine:btc_ptmc_rep_cold,5.0000000000
METRIC,2026-04-12T23:26:37Z,190734481499795,3532,btc_qm_engine:btc_ptmc_accept,1.0000000000
METRIC,2026-04-12T23:26:37Z,190734481537695,3532,btc_qm_engine:btc_ptmc_rep_hot,7.0000000000
METRIC,2026-04-12T23:26:37Z,190734481556725,3532,btc_qm_engine:btc_ptmc_rep_cold,6.0000000000
METRIC,2026-04-12T23:26:37Z,190734481575415,3532,btc_qm_engine:btc_ptmc_accept,1.0000000000
METRIC,2026-04-12T23:26:37Z,190734585529288,3532,btc_qm_engine:btc_ptmc_rep_hot,1.0000000000
METRIC,2026-04-12T23:26:37Z,190734585596878,3532,btc_qm_engine:btc_ptmc_rep_cold,0.0000000000
METRIC,2026-04-12T23:26:37Z,190734585623638,3532,btc_qm_engine:btc_ptmc_accept,1.0000000000
METRIC,2026-04-12T23:26:37Z,190734585654458,3532,btc_qm_engine:btc_ptmc_rep_hot,2.0000000000
METRIC,2026-04-12T23:26:37Z,190734585673798,3532,btc_qm_engine:btc_ptmc_rep_cold,1.0000000000
METRIC,2026-04-12T23:26:37Z,190734585692508,3532,btc_qm_engine:btc_ptmc_accept,1.0000000000
METRIC,2026-04-12T23:26:37Z,190734585716638,3532,btc_qm_engine:btc_ptmc_rep_hot,3.0000000000
METRIC,2026-04-12T23:26:37Z,190734585735228,3532,btc_qm_engine:btc_ptmc_rep_cold,2.0000000000
METRIC,2026-04-12T23:26:37Z,190734585779468,3532,btc_qm_engine:btc_ptmc_accept,1.0000000000
METRIC,2026-04-12T23:26:37Z,190734585827488,3532,btc_qm_engine:btc_ptmc_rep_hot,4.0000000000
METRIC,2026-04-12T23:26:37Z,190734585857748,3532,btc_qm_engine:btc_ptmc_rep_cold,3.0000000000
METRIC,2026-04-12T23:26:37Z,190734585878998,3532,btc_qm_engine:btc_ptmc_accept,1.0000000000
METRIC,2026-04-12T23:26:37Z,190734585900718,3532,btc_qm_engine:btc_ptmc_rep_hot,5.0000000000
METRIC,2026-04-12T23:26:37Z,190734585919438,3532,btc_qm_engine:btc_ptmc_rep_cold,4.0000000000
METRIC,2026-04-12T23:26:37Z,190734585938138,3532,btc_qm_engine:btc_ptmc_accept,1.0000000000
METRIC,2026-04-12T23:26:37Z,190734585965768,3532,btc_qm_engine:btc_ptmc_rep_hot,6.0000000000
METRIC,2026-04-12T23:26:37Z,190734585984778,3532,btc_qm_engine:btc_ptmc_rep_cold,5.0000000000
METRIC,2026-04-12T23:26:37Z,190734586051158,3532,btc_qm_engine:btc_ptmc_accept,1.0000000000
METRIC,2026-04-12T23:26:37Z,190734586078278,3532,btc_qm_engine:btc_ptmc_rep_hot,7.0000000000
METRIC,2026-04-12T23:26:37Z,190734586097068,3532,btc_qm_engine:btc_ptmc_rep_cold,6.0000000000
METRIC,2026-04-12T23:26:37Z,190734586115758,3532,btc_qm_engine:btc_ptmc_accept,1.0000000000
METRIC,2026-04-12T23:26:38Z,190734683821492,3532,btc_qm_engine:btc_block_nonce,3003315410.0000000000
METRIC,2026-04-12T23:26:38Z,190734683942362,3532,btc_qm_engine:btc_best_leading_zeros,17.0000000000
METRIC,2026-04-12T23:26:38Z,190734683969892,3532,btc_qm_engine:btc_block_valid,0.0000000000
ANOMALY,2026-04-12T23:26:38Z,190734684000482,3532,btc_qm_engine:btc_near_miss_or_valid,17.0000000000
METRIC,2026-04-12T23:26:38Z,190734684070952,3532,btc_qm_engine:btc_best_leading_zeros,17.0000000000
METRIC,2026-04-12T23:26:38Z,190734686456972,3532,btc_qm_engine:btc_ptmc_rep_hot,1.0000000000
METRIC,2026-04-12T23:26:38Z,190734686497992,3532,btc_qm_engine:btc_ptmc_rep_cold,0.0000000000
METRIC,2026-04-12T23:26:38Z,190734686518362,3532,btc_qm_engine:btc_ptmc_accept,0.5136174742
METRIC,2026-04-12T23:26:38Z,190734686543902,3532,btc_qm_engine:btc_ptmc_rep_hot,2.0000000000
METRIC,2026-04-12T23:26:38Z,190734686562872,3532,btc_qm_engine:btc_ptmc_rep_cold,1.0000000000
METRIC,2026-04-12T23:26:38Z,190734686581282,3532,btc_qm_engine:btc_ptmc_accept,0.7165140378
METRIC,2026-04-12T23:26:38Z,190734686609032,3532,btc_qm_engine:btc_ptmc_rep_hot,3.0000000000
METRIC,2026-04-12T23:26:38Z,190734686627892,3532,btc_qm_engine:btc_ptmc_rep_cold,2.0000000000
METRIC,2026-04-12T23:26:38Z,190734686646222,3532,btc_qm_engine:btc_ptmc_accept,0.8464766237
METRIC,2026-04-12T23:26:38Z,190734686671522,3532,btc_qm_engine:btc_ptmc_rep_hot,4.0000000000
METRIC,2026-04-12T23:26:38Z,190734686689962,3532,btc_qm_engine:btc_ptmc_rep_cold,3.0000000000
METRIC,2026-04-12T23:26:38Z,190734686709672,3532,btc_qm_engine:btc_ptmc_accept,0.9048354550
METRIC,2026-04-12T23:26:38Z,190734686736372,3532,btc_qm_engine:btc_ptmc_rep_hot,5.0000000000
METRIC,2026-04-12T23:26:38Z,190734686756232,3532,btc_qm_engine:btc_ptmc_rep_cold,4.0000000000
METRIC,2026-04-12T23:26:38Z,190734686774672,3532,btc_qm_engine:btc_ptmc_accept,0.9394122667
METRIC,2026-04-12T23:26:38Z,190734686806102,3532,btc_qm_engine:btc_ptmc_rep_hot,6.0000000000
METRIC,2026-04-12T23:26:38Z,190734686831392,3532,btc_qm_engine:btc_ptmc_rep_cold,5.0000000000
METRIC,2026-04-12T23:26:38Z,190734686866192,3532,btc_qm_engine:btc_ptmc_accept,0.9642893023
METRIC,2026-04-12T23:26:38Z,190734686895582,3532,btc_qm_engine:btc_ptmc_rep_hot,7.0000000000
METRIC,2026-04-12T23:26:38Z,190734686919702,3532,btc_qm_engine:btc_ptmc_rep_cold,6.0000000000
METRIC,2026-04-12T23:26:38Z,190734686944312,3532,btc_qm_engine:btc_ptmc_accept,1.0000000000
METRIC,2026-04-12T23:26:38Z,190734788834305,3532,btc_qm_engine:btc_ptmc_rep_hot,1.0000000000
METRIC,2026-04-12T23:26:38Z,190734788916825,3532,btc_qm_engine:btc_ptmc_rep_cold,0.0000000000
METRIC,2026-04-12T23:26:38Z,190734788943175,3532,btc_qm_engine:btc_ptmc_accept,1.0000000000
METRIC,2026-04-12T23:26:38Z,190734788976155,3532,btc_qm_engine:btc_ptmc_rep_hot,2.0000000000
METRIC,2026-04-12T23:26:38Z,190734789036655,3532,btc_qm_engine:btc_ptmc_rep_cold,1.0000000000
METRIC,2026-04-12T23:26:38Z,190734789063375,3532,btc_qm_engine:btc_ptmc_accept,1.0000000000
METRIC,2026-04-12T23:26:38Z,190734789101195,3532,btc_qm_engine:btc_ptmc_rep_hot,3.0000000000
METRIC,2026-04-12T23:26:38Z,190734789125855,3532,btc_qm_engine:btc_ptmc_rep_cold,2.0000000000
METRIC,2026-04-12T23:26:38Z,190734789150285,3532,btc_qm_engine:btc_ptmc_accept,1.0000000000
METRIC,2026-04-12T23:26:38Z,190734789181475,3532,btc_qm_engine:btc_ptmc_rep_hot,4.0000000000
METRIC,2026-04-12T23:26:38Z,190734789205815,3532,btc_qm_engine:btc_ptmc_rep_cold,3.0000000000
METRIC,2026-04-12T23:26:38Z,190734789230905,3532,btc_qm_engine:btc_ptmc_accept,1.0000000000
METRIC,2026-04-12T23:26:38Z,190734789260325,3532,btc_qm_engine:btc_ptmc_rep_hot,5.0000000000
METRIC,2026-04-12T23:26:38Z,190734789284655,3532,btc_qm_engine:btc_ptmc_rep_cold,4.0000000000
METRIC,2026-04-12T23:26:38Z,190734789308575,3532,btc_qm_engine:btc_ptmc_accept,1.0000000000
METRIC,2026-04-12T23:26:38Z,190734789336375,3532,btc_qm_engine:btc_ptmc_rep_hot,6.0000000000
METRIC,2026-04-12T23:26:38Z,190734789360445,3532,btc_qm_engine:btc_ptmc_rep_cold,5.0000000000
METRIC,2026-04-12T23:26:38Z,190734789413385,3532,btc_qm_engine:btc_ptmc_accept,1.0000000000
METRIC,2026-04-12T23:26:38Z,190734789439685,3532,btc_qm_engine:btc_ptmc_rep_hot,7.0000000000
METRIC,2026-04-12T23:26:38Z,190734789464895,3532,btc_qm_engine:btc_ptmc_rep_cold,6.0000000000
METRIC,2026-04-12T23:26:38Z,190734789488415,3532,btc_qm_engine:btc_ptmc_accept,1.0000000000
METRIC,2026-04-12T23:26:38Z,190734892975309,3532,btc_qm_engine:btc_ptmc_rep_hot,1.0000000000
METRIC,2026-04-12T23:26:38Z,190734893098999,3532,btc_qm_engine:btc_ptmc_rep_cold,0.0000000000
METRIC,2026-04-12T23:26:38Z,190734893125439,3532,btc_qm_engine:btc_ptmc_accept,1.0000000000
METRIC,2026-04-12T23:26:38Z,190734893151319,3532,btc_qm_engine:btc_ptmc_rep_hot,2.0000000000
METRIC,2026-04-12T23:26:38Z,190734893176219,3532,btc_qm_engine:btc_ptmc_rep_cold,1.0000000000
METRIC,2026-04-12T23:26:38Z,190734893200519,3532,btc_qm_engine:btc_ptmc_accept,1.0000000000
METRIC,2026-04-12T23:26:38Z,190734893234349,3532,btc_qm_engine:btc_ptmc_rep_hot,3.0000000000
METRIC,2026-04-12T23:26:38Z,190734893258989,3532,btc_qm_engine:btc_ptmc_rep_cold,2.0000000000
METRIC,2026-04-12T23:26:38Z,190734893283169,3532,btc_qm_engine:btc_ptmc_accept,1.0000000000
METRIC,2026-04-12T23:26:38Z,190734893313339,3532,btc_qm_engine:btc_ptmc_rep_hot,4.0000000000
METRIC,2026-04-12T23:26:38Z,190734893337509,3532,btc_qm_engine:btc_ptmc_rep_cold,3.0000000000
METRIC,2026-04-12T23:26:38Z,190734893375269,3532,btc_qm_engine:btc_ptmc_accept,1.0000000000
METRIC,2026-04-12T23:26:38Z,190734893410799,3532,btc_qm_engine:btc_ptmc_rep_hot,5.0000000000
METRIC,2026-04-12T23:26:38Z,190734893436859,3532,btc_qm_engine:btc_ptmc_rep_cold,4.0000000000
METRIC,2026-04-12T23:26:38Z,190734893460259,3532,btc_qm_engine:btc_ptmc_accept,1.0000000000
METRIC,2026-04-12T23:26:38Z,190734893489319,3532,btc_qm_engine:btc_ptmc_rep_hot,6.0000000000
METRIC,2026-04-12T23:26:38Z,190734893514959,3532,btc_qm_engine:btc_ptmc_rep_cold,5.0000000000
METRIC,2026-04-12T23:26:38Z,190734893539449,3532,btc_qm_engine:btc_ptmc_accept,1.0000000000
METRIC,2026-04-12T23:26:38Z,190734893571149,3532,btc_qm_engine:btc_ptmc_rep_hot,7.0000000000
METRIC,2026-04-12T23:26:38Z,190734893596259,3532,btc_qm_engine:btc_ptmc_rep_cold,6.0000000000
METRIC,2026-04-12T23:26:38Z,190734893620949,3532,btc_qm_engine:btc_ptmc_accept,1.0000000000
METRIC,2026-04-12T23:26:38Z,190734995603832,3532,btc_qm_engine:btc_ptmc_rep_hot,1.0000000000
METRIC,2026-04-12T23:26:38Z,190734995677392,3532,btc_qm_engine:btc_ptmc_rep_cold,0.0000000000
METRIC,2026-04-12T23:26:38Z,190734995704722,3532,btc_qm_engine:btc_ptmc_accept,1.0000000000
METRIC,2026-04-12T23:26:38Z,190734995734432,3532,btc_qm_engine:btc_ptmc_rep_hot,2.0000000000
METRIC,2026-04-12T23:26:38Z,190734995765282,3532,btc_qm_engine:btc_ptmc_rep_cold,1.0000000000
METRIC,2026-04-12T23:26:38Z,190734995790252,3532,btc_qm_engine:btc_ptmc_accept,1.0000000000
METRIC,2026-04-12T23:26:38Z,190734995820782,3532,btc_qm_engine:btc_ptmc_rep_hot,3.0000000000
METRIC,2026-04-12T23:26:38Z,190734995843462,3532,btc_qm_engine:btc_ptmc_rep_cold,2.0000000000
METRIC,2026-04-12T23:26:38Z,190734995862342,3532,btc_qm_engine:btc_ptmc_accept,1.0000000000
METRIC,2026-04-12T23:26:38Z,190734995887382,3532,btc_qm_engine:btc_ptmc_rep_hot,4.0000000000
METRIC,2026-04-12T23:26:38Z,190734995920072,3532,btc_qm_engine:btc_ptmc_rep_cold,3.0000000000
METRIC,2026-04-12T23:26:38Z,190734995954482,3532,btc_qm_engine:btc_ptmc_accept,1.0000000000
METRIC,2026-04-12T23:26:38Z,190734995981512,3532,btc_qm_engine:btc_ptmc_rep_hot,5.0000000000
METRIC,2026-04-12T23:26:38Z,190734996035362,3532,btc_qm_engine:btc_ptmc_rep_cold,4.0000000000
METRIC,2026-04-12T23:26:38Z,190734996098682,3532,btc_qm_engine:btc_ptmc_accept,1.0000000000
METRIC,2026-04-12T23:26:38Z,190734996127122,3532,btc_qm_engine:btc_ptmc_rep_hot,6.0000000000
METRIC,2026-04-12T23:26:38Z,190734996152602,3532,btc_qm_engine:btc_ptmc_rep_cold,5.0000000000
METRIC,2026-04-12T23:26:38Z,190734996176402,3532,btc_qm_engine:btc_ptmc_accept,1.0000000000
METRIC,2026-04-12T23:26:38Z,190734996269912,3532,btc_qm_engine:btc_ptmc_rep_hot,7.0000000000
METRIC,2026-04-12T23:26:38Z,190734996318922,3532,btc_qm_engine:btc_ptmc_rep_cold,6.0000000000
METRIC,2026-04-12T23:26:38Z,190734996343302,3532,btc_qm_engine:btc_ptmc_accept,1.0000000000
METRIC,2026-04-12T23:26:38Z,190735102195185,3532,btc_qm_engine:btc_ptmc_rep_hot,1.0000000000
METRIC,2026-04-12T23:26:38Z,190735102273865,3532,btc_qm_engine:btc_ptmc_rep_cold,0.0000000000
METRIC,2026-04-12T23:26:38Z,190735102297115,3532,btc_qm_engine:btc_ptmc_accept,1.0000000000
METRIC,2026-04-12T23:26:38Z,190735102322845,3532,btc_qm_engine:btc_ptmc_rep_hot,2.0000000000
METRIC,2026-04-12T23:26:38Z,190735102364495,3532,btc_qm_engine:btc_ptmc_rep_cold,1.0000000000
METRIC,2026-04-12T23:26:38Z,190735102397075,3532,btc_qm_engine:btc_ptmc_accept,1.0000000000
METRIC,2026-04-12T23:26:38Z,190735102421965,3532,btc_qm_engine:btc_ptmc_rep_hot,3.0000000000
METRIC,2026-04-12T23:26:38Z,190735102446895,3532,btc_qm_engine:btc_ptmc_rep_cold,2.0000000000
METRIC,2026-04-12T23:26:38Z,190735102471405,3532,btc_qm_engine:btc_ptmc_accept,1.0000000000
METRIC,2026-04-12T23:26:38Z,190735102507245,3532,btc_qm_engine:btc_ptmc_rep_hot,4.0000000000
METRIC,2026-04-12T23:26:38Z,190735102532045,3532,btc_qm_engine:btc_ptmc_rep_cold,3.0000000000
METRIC,2026-04-12T23:26:38Z,190735102556485,3532,btc_qm_engine:btc_ptmc_accept,1.0000000000
METRIC,2026-04-12T23:26:38Z,190735102587455,3532,btc_qm_engine:btc_ptmc_rep_hot,5.0000000000
METRIC,2026-04-12T23:26:38Z,190735102611625,3532,btc_qm_engine:btc_ptmc_rep_cold,4.0000000000
METRIC,2026-04-12T23:26:38Z,190735102635235,3532,btc_qm_engine:btc_ptmc_accept,1.0000000000
METRIC,2026-04-12T23:26:38Z,190735102662995,3532,btc_qm_engine:btc_ptmc_rep_hot,6.0000000000
METRIC,2026-04-12T23:26:38Z,190735102686905,3532,btc_qm_engine:btc_ptmc_rep_cold,5.0000000000
METRIC,2026-04-12T23:26:38Z,190735102711345,3532,btc_qm_engine:btc_ptmc_accept,1.0000000000
METRIC,2026-04-12T23:26:38Z,190735102745905,3532,btc_qm_engine:btc_ptmc_rep_hot,7.0000000000
METRIC,2026-04-12T23:26:38Z,190735102769815,3532,btc_qm_engine:btc_ptmc_rep_cold,6.0000000000
METRIC,2026-04-12T23:26:38Z,190735102794405,3532,btc_qm_engine:btc_ptmc_accept,1.0000000000
METRIC,2026-04-12T23:26:38Z,190735205536059,3532,btc_qm_engine:btc_ptmc_rep_hot,1.0000000000
METRIC,2026-04-12T23:26:38Z,190735205618739,3532,btc_qm_engine:btc_ptmc_rep_cold,0.0000000000
METRIC,2026-04-12T23:26:38Z,190735205645459,3532,btc_qm_engine:btc_ptmc_accept,0.5134171190
METRIC,2026-04-12T23:26:38Z,190735205671179,3532,btc_qm_engine:btc_ptmc_rep_hot,2.0000000000
METRIC,2026-04-12T23:26:38Z,190735205696129,3532,btc_qm_engine:btc_ptmc_rep_cold,1.0000000000
METRIC,2026-04-12T23:26:38Z,190735205721039,3532,btc_qm_engine:btc_ptmc_accept,1.0000000000
METRIC,2026-04-12T23:26:38Z,190735205750929,3532,btc_qm_engine:btc_ptmc_rep_hot,3.0000000000
METRIC,2026-04-12T23:26:38Z,190735205775859,3532,btc_qm_engine:btc_ptmc_rep_cold,2.0000000000
METRIC,2026-04-12T23:26:38Z,190735205800429,3532,btc_qm_engine:btc_ptmc_accept,1.0000000000
METRIC,2026-04-12T23:26:38Z,190735205836649,3532,btc_qm_engine:btc_ptmc_rep_hot,4.0000000000
METRIC,2026-04-12T23:26:38Z,190735205861579,3532,btc_qm_engine:btc_ptmc_rep_cold,3.0000000000
METRIC,2026-04-12T23:26:38Z,190735205886379,3532,btc_qm_engine:btc_ptmc_accept,1.0000000000
METRIC,2026-04-12T23:26:38Z,190735205917859,3532,btc_qm_engine:btc_ptmc_rep_hot,5.0000000000
METRIC,2026-04-12T23:26:38Z,190735205942239,3532,btc_qm_engine:btc_ptmc_rep_cold,4.0000000000
METRIC,2026-04-12T23:26:38Z,190735205966709,3532,btc_qm_engine:btc_ptmc_accept,1.0000000000
METRIC,2026-04-12T23:26:38Z,190735205997349,3532,btc_qm_engine:btc_ptmc_rep_hot,6.0000000000
METRIC,2026-04-12T23:26:38Z,190735206056309,3532,btc_qm_engine:btc_ptmc_rep_cold,5.0000000000
METRIC,2026-04-12T23:26:38Z,190735206112629,3532,btc_qm_engine:btc_ptmc_accept,1.0000000000
METRIC,2026-04-12T23:26:38Z,190735206148299,3532,btc_qm_engine:btc_ptmc_rep_hot,7.0000000000
METRIC,2026-04-12T23:26:38Z,190735206174929,3532,btc_qm_engine:btc_ptmc_rep_cold,6.0000000000
METRIC,2026-04-12T23:26:38Z,190735206199689,3532,btc_qm_engine:btc_ptmc_accept,1.0000000000
METRIC,2026-04-12T23:26:38Z,190735309669112,3532,btc_qm_engine:btc_ptmc_rep_hot,1.0000000000
METRIC,2026-04-12T23:26:38Z,190735309731852,3532,btc_qm_engine:btc_ptmc_rep_cold,0.0000000000
METRIC,2026-04-12T23:26:38Z,190735309757562,3532,btc_qm_engine:btc_ptmc_accept,-0.2636887251
METRIC,2026-04-12T23:26:38Z,190735309785082,3532,btc_qm_engine:btc_ptmc_rep_hot,2.0000000000
METRIC,2026-04-12T23:26:38Z,190735309804332,3532,btc_qm_engine:btc_ptmc_rep_cold,1.0000000000
METRIC,2026-04-12T23:26:38Z,190735309823282,3532,btc_qm_engine:btc_ptmc_accept,1.0000000000
METRIC,2026-04-12T23:26:38Z,190735309850142,3532,btc_qm_engine:btc_ptmc_rep_hot,3.0000000000
METRIC,2026-04-12T23:26:38Z,190735309868992,3532,btc_qm_engine:btc_ptmc_rep_cold,2.0000000000
METRIC,2026-04-12T23:26:38Z,190735309887672,3532,btc_qm_engine:btc_ptmc_accept,1.0000000000
METRIC,2026-04-12T23:26:38Z,190735309916582,3532,btc_qm_engine:btc_ptmc_rep_hot,4.0000000000
METRIC,2026-04-12T23:26:38Z,190735309935622,3532,btc_qm_engine:btc_ptmc_rep_cold,3.0000000000
METRIC,2026-04-12T23:26:38Z,190735309954382,3532,btc_qm_engine:btc_ptmc_accept,1.0000000000
METRIC,2026-04-12T23:26:38Z,190735309981832,3532,btc_qm_engine:btc_ptmc_rep_hot,5.0000000000
METRIC,2026-04-12T23:26:38Z,190735310042122,3532,btc_qm_engine:btc_ptmc_rep_cold,4.0000000000
METRIC,2026-04-12T23:26:38Z,190735310063032,3532,btc_qm_engine:btc_ptmc_accept,1.0000000000
METRIC,2026-04-12T23:26:38Z,190735310082102,3532,btc_qm_engine:btc_ptmc_rep_hot,6.0000000000
METRIC,2026-04-12T23:26:38Z,190735310100792,3532,btc_qm_engine:btc_ptmc_rep_cold,5.0000000000
METRIC,2026-04-12T23:26:38Z,190735310119472,3532,btc_qm_engine:btc_ptmc_accept,1.0000000000
METRIC,2026-04-12T23:26:38Z,190735310141122,3532,btc_qm_engine:btc_ptmc_rep_hot,7.0000000000
METRIC,2026-04-12T23:26:38Z,190735310159892,3532,btc_qm_engine:btc_ptmc_rep_cold,6.0000000000
METRIC,2026-04-12T23:26:38Z,190735310178592,3532,btc_qm_engine:btc_ptmc_accept,1.0000000000
METRIC,2026-04-12T23:26:38Z,190735413178056,3532,btc_qm_engine:btc_ptmc_rep_hot,1.0000000000
METRIC,2026-04-12T23:26:38Z,190735413259266,3532,btc_qm_engine:btc_ptmc_rep_cold,0.0000000000
METRIC,2026-04-12T23:26:38Z,190735413285736,3532,btc_qm_engine:btc_ptmc_accept,1.0000000000
METRIC,2026-04-12T23:26:38Z,190735413312826,3532,btc_qm_engine:btc_ptmc_rep_hot,2.0000000000
METRIC,2026-04-12T23:26:38Z,190735413338296,3532,btc_qm_engine:btc_ptmc_rep_cold,1.0000000000
METRIC,2026-04-12T23:26:38Z,190735413363936,3532,btc_qm_engine:btc_ptmc_accept,-0.3678528374
METRIC,2026-04-12T23:26:38Z,190735413392856,3532,btc_qm_engine:btc_ptmc_rep_hot,3.0000000000
METRIC,2026-04-12T23:26:38Z,190735413418246,3532,btc_qm_engine:btc_ptmc_rep_cold,2.0000000000
METRIC,2026-04-12T23:26:38Z,190735413441366,3532,btc_qm_engine:btc_ptmc_accept,1.0000000000
METRIC,2026-04-12T23:26:38Z,190735413471126,3532,btc_qm_engine:btc_ptmc_rep_hot,4.0000000000
METRIC,2026-04-12T23:26:38Z,190735413496556,3532,btc_qm_engine:btc_ptmc_rep_cold,3.0000000000
METRIC,2026-04-12T23:26:38Z,190735413533546,3532,btc_qm_engine:btc_ptmc_accept,1.0000000000
METRIC,2026-04-12T23:26:38Z,190735413574366,3532,btc_qm_engine:btc_ptmc_rep_hot,5.0000000000
METRIC,2026-04-12T23:26:38Z,190735413599036,3532,btc_qm_engine:btc_ptmc_rep_cold,4.0000000000
METRIC,2026-04-12T23:26:38Z,190735413623766,3532,btc_qm_engine:btc_ptmc_accept,1.0000000000
METRIC,2026-04-12T23:26:38Z,190735413662656,3532,btc_qm_engine:btc_ptmc_rep_hot,6.0000000000
METRIC,2026-04-12T23:26:38Z,190735413692906,3532,btc_qm_engine:btc_ptmc_rep_cold,5.0000000000
METRIC,2026-04-12T23:26:38Z,190735413717266,3532,btc_qm_engine:btc_ptmc_accept,1.0000000000
METRIC,2026-04-12T23:26:38Z,190735413748936,3532,btc_qm_engine:btc_ptmc_rep_hot,7.0000000000
METRIC,2026-04-12T23:26:38Z,190735413773136,3532,btc_qm_engine:btc_ptmc_rep_cold,6.0000000000
METRIC,2026-04-12T23:26:38Z,190735413816126,3532,btc_qm_engine:btc_ptmc_accept,1.0000000000
METRIC,2026-04-12T23:26:38Z,190735463184972,3532,btc_qm_engine:btc_block_nonce,3298177444.0000000000
METRIC,2026-04-12T23:26:38Z,190735463242472,3532,btc_qm_engine:btc_best_leading_zeros,19.0000000000
METRIC,2026-04-12T23:26:38Z,190735463263682,3532,btc_qm_engine:btc_block_valid,0.0000000000
ANOMALY,2026-04-12T23:26:38Z,190735463283082,3532,btc_qm_engine:btc_near_miss_or_valid,19.0000000000
METRIC,2026-04-12T23:26:38Z,190735463310892,3532,btc_qm_engine:btc_best_leading_zeros,19.0000000000
METRIC,2026-04-12T23:26:38Z,190735515822499,3532,btc_qm_engine:btc_ptmc_rep_hot,1.0000000000
METRIC,2026-04-12T23:26:38Z,190735515882899,3532,btc_qm_engine:btc_ptmc_rep_cold,0.0000000000
METRIC,2026-04-12T23:26:38Z,190735515903739,3532,btc_qm_engine:btc_ptmc_accept,1.0000000000
METRIC,2026-04-12T23:26:38Z,190735515923479,3532,btc_qm_engine:btc_ptmc_rep_hot,2.0000000000
METRIC,2026-04-12T23:26:38Z,190735515942599,3532,btc_qm_engine:btc_ptmc_rep_cold,1.0000000000
METRIC,2026-04-12T23:26:38Z,190735515961379,3532,btc_qm_engine:btc_ptmc_accept,1.0000000000
METRIC,2026-04-12T23:26:38Z,190735515980419,3532,btc_qm_engine:btc_ptmc_rep_hot,3.0000000000
METRIC,2026-04-12T23:26:38Z,190735515999149,3532,btc_qm_engine:btc_ptmc_rep_cold,2.0000000000
METRIC,2026-04-12T23:26:38Z,190735539406488,3532,btc_qm_engine:btc_ptmc_accept,1.0000000000
METRIC,2026-04-12T23:26:38Z,190735539442248,3532,btc_qm_engine:btc_ptmc_rep_hot,4.0000000000
METRIC,2026-04-12T23:26:38Z,190735539468588,3532,btc_qm_engine:btc_ptmc_rep_cold,3.0000000000
METRIC,2026-04-12T23:26:38Z,190735539494248,3532,btc_qm_engine:btc_ptmc_accept,1.0000000000
METRIC,2026-04-12T23:26:38Z,190735539530198,3532,btc_qm_engine:btc_ptmc_rep_hot,5.0000000000
METRIC,2026-04-12T23:26:38Z,190735539556188,3532,btc_qm_engine:btc_ptmc_rep_cold,4.0000000000
METRIC,2026-04-12T23:26:38Z,190735539580898,3532,btc_qm_engine:btc_ptmc_accept,1.0000000000
METRIC,2026-04-12T23:26:38Z,190735539609838,3532,btc_qm_engine:btc_ptmc_rep_hot,6.0000000000
METRIC,2026-04-12T23:26:38Z,190735539635398,3532,btc_qm_engine:btc_ptmc_rep_cold,5.0000000000
METRIC,2026-04-12T23:26:38Z,190735539660538,3532,btc_qm_engine:btc_ptmc_accept,1.0000000000
METRIC,2026-04-12T23:26:38Z,190735539692598,3532,btc_qm_engine:btc_ptmc_rep_hot,7.0000000000
METRIC,2026-04-12T23:26:38Z,190735539717998,3532,btc_qm_engine:btc_ptmc_rep_cold,6.0000000000
METRIC,2026-04-12T23:26:38Z,190735539761898,3532,btc_qm_engine:btc_ptmc_accept,1.0000000000
METRIC,2026-04-12T23:26:38Z,190735618248853,3532,btc_qm_engine:btc_ptmc_rep_hot,1.0000000000
METRIC,2026-04-12T23:26:38Z,190735618311653,3532,btc_qm_engine:btc_ptmc_rep_cold,0.0000000000
METRIC,2026-04-12T23:26:38Z,190735618332693,3532,btc_qm_engine:btc_ptmc_accept,1.0000000000
METRIC,2026-04-12T23:26:38Z,190735618352123,3532,btc_qm_engine:btc_ptmc_rep_hot,2.0000000000
METRIC,2026-04-12T23:26:38Z,190735618371153,3532,btc_qm_engine:btc_ptmc_rep_cold,1.0000000000
METRIC,2026-04-12T23:26:38Z,190735618389883,3532,btc_qm_engine:btc_ptmc_accept,1.0000000000
METRIC,2026-04-12T23:26:38Z,190735618408763,3532,btc_qm_engine:btc_ptmc_rep_hot,3.0000000000
METRIC,2026-04-12T23:26:38Z,190735618427473,3532,btc_qm_engine:btc_ptmc_rep_cold,2.0000000000
METRIC,2026-04-12T23:26:38Z,190735618446083,3532,btc_qm_engine:btc_ptmc_accept,1.0000000000
METRIC,2026-04-12T23:26:38Z,190735618464903,3532,btc_qm_engine:btc_ptmc_rep_hot,4.0000000000
METRIC,2026-04-12T23:26:38Z,190735618483653,3532,btc_qm_engine:btc_ptmc_rep_cold,3.0000000000
METRIC,2026-04-12T23:26:38Z,190735618502293,3532,btc_qm_engine:btc_ptmc_accept,1.0000000000
METRIC,2026-04-12T23:26:38Z,190735618520993,3532,btc_qm_engine:btc_ptmc_rep_hot,5.0000000000
METRIC,2026-04-12T23:26:38Z,190735618539673,3532,btc_qm_engine:btc_ptmc_rep_cold,4.0000000000
METRIC,2026-04-12T23:26:38Z,190735618558303,3532,btc_qm_engine:btc_ptmc_accept,1.0000000000
METRIC,2026-04-12T23:26:38Z,190735618577033,3532,btc_qm_engine:btc_ptmc_rep_hot,6.0000000000
METRIC,2026-04-12T23:26:38Z,190735618617613,3532,btc_qm_engine:btc_ptmc_rep_cold,5.0000000000
METRIC,2026-04-12T23:26:38Z,190735618636463,3532,btc_qm_engine:btc_ptmc_accept,1.0000000000
METRIC,2026-04-12T23:26:38Z,190735618655093,3532,btc_qm_engine:btc_ptmc_rep_hot,7.0000000000
METRIC,2026-04-12T23:26:38Z,190735618673653,3532,btc_qm_engine:btc_ptmc_rep_cold,6.0000000000
METRIC,2026-04-12T23:26:38Z,190735618692303,3532,btc_qm_engine:btc_ptmc_accept,1.0000000000
METRIC,2026-04-12T23:26:39Z,190735743831605,3532,btc_qm_engine:btc_ptmc_rep_hot,1.0000000000
METRIC,2026-04-12T23:26:39Z,190735743918165,3532,btc_qm_engine:btc_ptmc_rep_cold,0.0000000000
METRIC,2026-04-12T23:26:39Z,190735743944514,3532,btc_qm_engine:btc_ptmc_accept,-0.2636887251
METRIC,2026-04-12T23:26:39Z,190735743978114,3532,btc_qm_engine:btc_ptmc_rep_hot,2.0000000000
METRIC,2026-04-12T23:26:39Z,190735744018734,3532,btc_qm_engine:btc_ptmc_rep_cold,1.0000000000
METRIC,2026-04-12T23:26:39Z,190735744044064,3532,btc_qm_engine:btc_ptmc_accept,1.0000000000
METRIC,2026-04-12T23:26:39Z,190735744075064,3532,btc_qm_engine:btc_ptmc_rep_hot,3.0000000000
METRIC,2026-04-12T23:26:39Z,190735744100234,3532,btc_qm_engine:btc_ptmc_rep_cold,2.0000000000
METRIC,2026-04-12T23:26:39Z,190735744124854,3532,btc_qm_engine:btc_ptmc_accept,1.0000000000
METRIC,2026-04-12T23:26:39Z,190735744160014,3532,btc_qm_engine:btc_ptmc_rep_hot,4.0000000000
METRIC,2026-04-12T23:26:39Z,190735744184874,3532,btc_qm_engine:btc_ptmc_rep_cold,3.0000000000
METRIC,2026-04-12T23:26:39Z,190735744209674,3532,btc_qm_engine:btc_ptmc_accept,1.0000000000
METRIC,2026-04-12T23:26:39Z,190735744234354,3532,btc_qm_engine:btc_ptmc_rep_hot,5.0000000000
METRIC,2026-04-12T23:26:39Z,190735744295154,3532,btc_qm_engine:btc_ptmc_rep_cold,4.0000000000
METRIC,2026-04-12T23:26:39Z,190735744330974,3532,btc_qm_engine:btc_ptmc_accept,1.0000000000
METRIC,2026-04-12T23:26:39Z,190735744359554,3532,btc_qm_engine:btc_ptmc_rep_hot,6.0000000000
METRIC,2026-04-12T23:26:39Z,190735744384254,3532,btc_qm_engine:btc_ptmc_rep_cold,5.0000000000
METRIC,2026-04-12T23:26:39Z,190735744408564,3532,btc_qm_engine:btc_ptmc_accept,1.0000000000
METRIC,2026-04-12T23:26:39Z,190735744436184,3532,btc_qm_engine:btc_ptmc_rep_hot,7.0000000000
METRIC,2026-04-12T23:26:39Z,190735744460754,3532,btc_qm_engine:btc_ptmc_rep_cold,6.0000000000
METRIC,2026-04-12T23:26:39Z,190735744485164,3532,btc_qm_engine:btc_ptmc_accept,1.0000000000
METRIC,2026-04-12T23:26:39Z,190735846632338,3532,btc_qm_engine:btc_ptmc_rep_hot,1.0000000000
METRIC,2026-04-12T23:26:39Z,190735846715548,3532,btc_qm_engine:btc_ptmc_rep_cold,0.0000000000
METRIC,2026-04-12T23:26:39Z,190735846742298,3532,btc_qm_engine:btc_ptmc_accept,1.0000000000
METRIC,2026-04-12T23:26:39Z,190735846774608,3532,btc_qm_engine:btc_ptmc_rep_hot,2.0000000000
METRIC,2026-04-12T23:26:39Z,190735846799318,3532,btc_qm_engine:btc_ptmc_rep_cold,1.0000000000
METRIC,2026-04-12T23:26:39Z,190735846822868,3532,btc_qm_engine:btc_ptmc_accept,1.0000000000
METRIC,2026-04-12T23:26:39Z,190735846848288,3532,btc_qm_engine:btc_ptmc_rep_hot,3.0000000000
METRIC,2026-04-12T23:26:39Z,190735846873348,3532,btc_qm_engine:btc_ptmc_rep_cold,2.0000000000
METRIC,2026-04-12T23:26:39Z,190735846897718,3532,btc_qm_engine:btc_ptmc_accept,1.0000000000
METRIC,2026-04-12T23:26:39Z,190735846927708,3532,btc_qm_engine:btc_ptmc_rep_hot,4.0000000000
METRIC,2026-04-12T23:26:39Z,190735846952218,3532,btc_qm_engine:btc_ptmc_rep_cold,3.0000000000
METRIC,2026-04-12T23:26:39Z,190735846976598,3532,btc_qm_engine:btc_ptmc_accept,1.0000000000
METRIC,2026-04-12T23:26:39Z,190735847024468,3532,btc_qm_engine:btc_ptmc_rep_hot,5.0000000000
METRIC,2026-04-12T23:26:39Z,190735847049748,3532,btc_qm_engine:btc_ptmc_rep_cold,4.0000000000
METRIC,2026-04-12T23:26:39Z,190735847081128,3532,btc_qm_engine:btc_ptmc_accept,1.0000000000
METRIC,2026-04-12T23:26:39Z,190735847124738,3532,btc_qm_engine:btc_ptmc_rep_hot,6.0000000000
METRIC,2026-04-12T23:26:39Z,190735847160388,3532,btc_qm_engine:btc_ptmc_rep_cold,5.0000000000
METRIC,2026-04-12T23:26:39Z,190735847184678,3532,btc_qm_engine:btc_ptmc_accept,1.0000000000
METRIC,2026-04-12T23:26:39Z,190735847234668,3532,btc_qm_engine:btc_ptmc_rep_hot,7.0000000000
METRIC,2026-04-12T23:26:39Z,190735847259098,3532,btc_qm_engine:btc_ptmc_rep_cold,6.0000000000
METRIC,2026-04-12T23:26:39Z,190735847283978,3532,btc_qm_engine:btc_ptmc_accept,1.0000000000
METRIC,2026-04-12T23:26:39Z,190735951277641,3532,btc_qm_engine:btc_ptmc_rep_hot,1.0000000000
METRIC,2026-04-12T23:26:39Z,190735951343231,3532,btc_qm_engine:btc_ptmc_rep_cold,0.0000000000
METRIC,2026-04-12T23:26:39Z,190735951364111,3532,btc_qm_engine:btc_ptmc_accept,1.0000000000
METRIC,2026-04-12T23:26:39Z,190735951383731,3532,btc_qm_engine:btc_ptmc_rep_hot,2.0000000000
METRIC,2026-04-12T23:26:39Z,190735951402861,3532,btc_qm_engine:btc_ptmc_rep_cold,1.0000000000
METRIC,2026-04-12T23:26:39Z,190735951427301,3532,btc_qm_engine:btc_ptmc_accept,1.0000000000
METRIC,2026-04-12T23:26:39Z,190735951483101,3532,btc_qm_engine:btc_ptmc_rep_hot,3.0000000000
METRIC,2026-04-12T23:26:39Z,190735951510991,3532,btc_qm_engine:btc_ptmc_rep_cold,2.0000000000
METRIC,2026-04-12T23:26:39Z,190735951529921,3532,btc_qm_engine:btc_ptmc_accept,1.0000000000
METRIC,2026-04-12T23:26:39Z,190735951551281,3532,btc_qm_engine:btc_ptmc_rep_hot,4.0000000000
METRIC,2026-04-12T23:26:39Z,190735951570031,3532,btc_qm_engine:btc_ptmc_rep_cold,3.0000000000
METRIC,2026-04-12T23:26:39Z,190735951588801,3532,btc_qm_engine:btc_ptmc_accept,1.0000000000
METRIC,2026-04-12T23:26:39Z,190735951610421,3532,btc_qm_engine:btc_ptmc_rep_hot,5.0000000000
METRIC,2026-04-12T23:26:39Z,190735951629141,3532,btc_qm_engine:btc_ptmc_rep_cold,4.0000000000
METRIC,2026-04-12T23:26:39Z,190735951650881,3532,btc_qm_engine:btc_ptmc_accept,1.0000000000
METRIC,2026-04-12T23:26:39Z,190735951681141,3532,btc_qm_engine:btc_ptmc_rep_hot,6.0000000000
METRIC,2026-04-12T23:26:39Z,190735951700331,3532,btc_qm_engine:btc_ptmc_rep_cold,5.0000000000
METRIC,2026-04-12T23:26:39Z,190735951719181,3532,btc_qm_engine:btc_ptmc_accept,1.0000000000
METRIC,2026-04-12T23:26:39Z,190735951743091,3532,btc_qm_engine:btc_ptmc_rep_hot,7.0000000000
METRIC,2026-04-12T23:26:39Z,190735951769231,3532,btc_qm_engine:btc_ptmc_rep_cold,6.0000000000
METRIC,2026-04-12T23:26:39Z,190735951793151,3532,btc_qm_engine:btc_ptmc_accept,1.0000000000
METRIC,2026-04-12T23:26:39Z,190736056348085,3532,btc_qm_engine:btc_ptmc_rep_hot,1.0000000000
METRIC,2026-04-12T23:26:39Z,190736056421935,3532,btc_qm_engine:btc_ptmc_rep_cold,0.0000000000
METRIC,2026-04-12T23:26:39Z,190736056448955,3532,btc_qm_engine:btc_ptmc_accept,-0.1354058228
METRIC,2026-04-12T23:26:39Z,190736056479565,3532,btc_qm_engine:btc_ptmc_rep_hot,2.0000000000
METRIC,2026-04-12T23:26:39Z,190736056503905,3532,btc_qm_engine:btc_ptmc_rep_cold,1.0000000000
METRIC,2026-04-12T23:26:39Z,190736056526755,3532,btc_qm_engine:btc_ptmc_accept,1.0000000000
METRIC,2026-04-12T23:26:39Z,190736056553175,3532,btc_qm_engine:btc_ptmc_rep_hot,3.0000000000
METRIC,2026-04-12T23:26:39Z,190736056579315,3532,btc_qm_engine:btc_ptmc_rep_cold,2.0000000000
METRIC,2026-04-12T23:26:39Z,190736056603145,3532,btc_qm_engine:btc_ptmc_accept,1.0000000000
METRIC,2026-04-12T23:26:39Z,190736056631775,3532,btc_qm_engine:btc_ptmc_rep_hot,4.0000000000
METRIC,2026-04-12T23:26:39Z,190736056657935,3532,btc_qm_engine:btc_ptmc_rep_cold,3.0000000000
METRIC,2026-04-12T23:26:39Z,190736056682905,3532,btc_qm_engine:btc_ptmc_accept,1.0000000000
METRIC,2026-04-12T23:26:39Z,190736056711625,3532,btc_qm_engine:btc_ptmc_rep_hot,5.0000000000
METRIC,2026-04-12T23:26:39Z,190736056737105,3532,btc_qm_engine:btc_ptmc_rep_cold,4.0000000000
METRIC,2026-04-12T23:26:39Z,190736056766725,3532,btc_qm_engine:btc_ptmc_accept,1.0000000000
METRIC,2026-04-12T23:26:39Z,190736056797725,3532,btc_qm_engine:btc_ptmc_rep_hot,6.0000000000
METRIC,2026-04-12T23:26:39Z,190736056822565,3532,btc_qm_engine:btc_ptmc_rep_cold,5.0000000000
METRIC,2026-04-12T23:26:39Z,190736056847215,3532,btc_qm_engine:btc_ptmc_accept,1.0000000000
METRIC,2026-04-12T23:26:39Z,190736056875615,3532,btc_qm_engine:btc_ptmc_rep_hot,7.0000000000
METRIC,2026-04-12T23:26:39Z,190736056900255,3532,btc_qm_engine:btc_ptmc_rep_cold,6.0000000000
METRIC,2026-04-12T23:26:39Z,190736056959835,3532,btc_qm_engine:btc_ptmc_accept,1.0000000000
METRIC,2026-04-12T23:26:39Z,190736161097618,3532,btc_qm_engine:btc_ptmc_rep_hot,1.0000000000
METRIC,2026-04-12T23:26:39Z,190736161184658,3532,btc_qm_engine:btc_ptmc_rep_cold,0.0000000000
METRIC,2026-04-12T23:26:39Z,190736161209038,3532,btc_qm_engine:btc_ptmc_accept,-0.2638029098
METRIC,2026-04-12T23:26:39Z,190736161234068,3532,btc_qm_engine:btc_ptmc_rep_hot,2.0000000000
METRIC,2026-04-12T23:26:39Z,190736161256898,3532,btc_qm_engine:btc_ptmc_rep_cold,1.0000000000
METRIC,2026-04-12T23:26:39Z,190736161279668,3532,btc_qm_engine:btc_ptmc_accept,1.0000000000
METRIC,2026-04-12T23:26:39Z,190736161303128,3532,btc_qm_engine:btc_ptmc_rep_hot,3.0000000000
METRIC,2026-04-12T23:26:39Z,190736161326228,3532,btc_qm_engine:btc_ptmc_rep_cold,2.0000000000
METRIC,2026-04-12T23:26:39Z,190736161348828,3532,btc_qm_engine:btc_ptmc_accept,1.0000000000
METRIC,2026-04-12T23:26:39Z,190736161371708,3532,btc_qm_engine:btc_ptmc_rep_hot,4.0000000000
METRIC,2026-04-12T23:26:39Z,190736161394858,3532,btc_qm_engine:btc_ptmc_rep_cold,3.0000000000
METRIC,2026-04-12T23:26:39Z,190736161418588,3532,btc_qm_engine:btc_ptmc_accept,1.0000000000
METRIC,2026-04-12T23:26:39Z,190736161445498,3532,btc_qm_engine:btc_ptmc_rep_hot,5.0000000000
METRIC,2026-04-12T23:26:39Z,190736161469128,3532,btc_qm_engine:btc_ptmc_rep_cold,4.0000000000
METRIC,2026-04-12T23:26:39Z,190736161492598,3532,btc_qm_engine:btc_ptmc_accept,1.0000000000
METRIC,2026-04-12T23:26:39Z,190736161536388,3532,btc_qm_engine:btc_ptmc_rep_hot,6.0000000000
METRIC,2026-04-12T23:26:39Z,190736161558398,3532,btc_qm_engine:btc_ptmc_rep_cold,5.0000000000
METRIC,2026-04-12T23:26:39Z,190736161580868,3532,btc_qm_engine:btc_ptmc_accept,1.0000000000
METRIC,2026-04-12T23:26:39Z,190736161607478,3532,btc_qm_engine:btc_ptmc_rep_hot,7.0000000000
METRIC,2026-04-12T23:26:39Z,190736161629918,3532,btc_qm_engine:btc_ptmc_rep_cold,6.0000000000
METRIC,2026-04-12T23:26:39Z,190736161652478,3532,btc_qm_engine:btc_ptmc_accept,1.0000000000
METRIC,2026-04-12T23:26:39Z,190736265841581,3532,btc_qm_engine:btc_ptmc_rep_hot,1.0000000000
METRIC,2026-04-12T23:26:39Z,190736265919811,3532,btc_qm_engine:btc_ptmc_rep_cold,0.0000000000
METRIC,2026-04-12T23:26:39Z,190736265946441,3532,btc_qm_engine:btc_ptmc_accept,1.0000000000
METRIC,2026-04-12T23:26:39Z,190736265977421,3532,btc_qm_engine:btc_ptmc_rep_hot,2.0000000000
METRIC,2026-04-12T23:26:39Z,190736266038021,3532,btc_qm_engine:btc_ptmc_rep_cold,1.0000000000
METRIC,2026-04-12T23:26:39Z,190736266063751,3532,btc_qm_engine:btc_ptmc_accept,-0.7165485813
METRIC,2026-04-12T23:26:39Z,190736266097651,3532,btc_qm_engine:btc_ptmc_rep_hot,3.0000000000
METRIC,2026-04-12T23:26:39Z,190736266121671,3532,btc_qm_engine:btc_ptmc_rep_cold,2.0000000000
METRIC,2026-04-12T23:26:39Z,190736266145421,3532,btc_qm_engine:btc_ptmc_accept,1.0000000000
METRIC,2026-04-12T23:26:39Z,190736266171731,3532,btc_qm_engine:btc_ptmc_rep_hot,4.0000000000
METRIC,2026-04-12T23:26:39Z,190736266195291,3532,btc_qm_engine:btc_ptmc_rep_cold,3.0000000000
METRIC,2026-04-12T23:26:39Z,190736266218121,3532,btc_qm_engine:btc_ptmc_accept,1.0000000000
METRIC,2026-04-12T23:26:39Z,190736266244671,3532,btc_qm_engine:btc_ptmc_rep_hot,5.0000000000
METRIC,2026-04-12T23:26:39Z,190736266279301,3532,btc_qm_engine:btc_ptmc_rep_cold,4.0000000000
METRIC,2026-04-12T23:26:39Z,190736266310501,3532,btc_qm_engine:btc_ptmc_accept,1.0000000000
METRIC,2026-04-12T23:26:39Z,190736266341961,3532,btc_qm_engine:btc_ptmc_rep_hot,6.0000000000
METRIC,2026-04-12T23:26:39Z,190736266366751,3532,btc_qm_engine:btc_ptmc_rep_cold,5.0000000000
METRIC,2026-04-12T23:26:39Z,190736266390541,3532,btc_qm_engine:btc_ptmc_accept,1.0000000000
METRIC,2026-04-12T23:26:39Z,190736266421241,3532,btc_qm_engine:btc_ptmc_rep_hot,7.0000000000
METRIC,2026-04-12T23:26:39Z,190736266444871,3532,btc_qm_engine:btc_ptmc_rep_cold,6.0000000000
METRIC,2026-04-12T23:26:39Z,190736266476631,3532,btc_qm_engine:btc_ptmc_accept,1.0000000000
METRIC,2026-04-12T23:26:39Z,190736372530195,3532,btc_qm_engine:btc_ptmc_rep_hot,1.0000000000
METRIC,2026-04-12T23:26:39Z,190736372635905,3532,btc_qm_engine:btc_ptmc_rep_cold,0.0000000000
METRIC,2026-04-12T23:26:39Z,190736372662015,3532,btc_qm_engine:btc_ptmc_accept,0.2638029098
METRIC,2026-04-12T23:26:39Z,190736372693465,3532,btc_qm_engine:btc_ptmc_rep_hot,2.0000000000
METRIC,2026-04-12T23:26:39Z,190736372717595,3532,btc_qm_engine:btc_ptmc_rep_cold,1.0000000000
METRIC,2026-04-12T23:26:39Z,190736372746265,3532,btc_qm_engine:btc_ptmc_accept,-0.7165701146
METRIC,2026-04-12T23:26:39Z,190736372778275,3532,btc_qm_engine:btc_ptmc_rep_hot,3.0000000000
METRIC,2026-04-12T23:26:39Z,190736372804135,3532,btc_qm_engine:btc_ptmc_rep_cold,2.0000000000
METRIC,2026-04-12T23:26:39Z,190736372828715,3532,btc_qm_engine:btc_ptmc_accept,0.8464931860
METRIC,2026-04-12T23:26:39Z,190736372854995,3532,btc_qm_engine:btc_ptmc_rep_hot,4.0000000000
METRIC,2026-04-12T23:26:39Z,190736372879435,3532,btc_qm_engine:btc_ptmc_rep_cold,3.0000000000
METRIC,2026-04-12T23:26:39Z,190736372903495,3532,btc_qm_engine:btc_ptmc_accept,1.0000000000
METRIC,2026-04-12T23:26:39Z,190736372931075,3532,btc_qm_engine:btc_ptmc_rep_hot,5.0000000000
METRIC,2026-04-12T23:26:39Z,190736372954765,3532,btc_qm_engine:btc_ptmc_rep_cold,4.0000000000
METRIC,2026-04-12T23:26:39Z,190736372978325,3532,btc_qm_engine:btc_ptmc_accept,0.9394148515
METRIC,2026-04-12T23:26:39Z,190736373045605,3532,btc_qm_engine:btc_ptmc_rep_hot,6.0000000000
METRIC,2026-04-12T23:26:39Z,190736373071695,3532,btc_qm_engine:btc_ptmc_rep_cold,5.0000000000
METRIC,2026-04-12T23:26:39Z,190736373096205,3532,btc_qm_engine:btc_ptmc_accept,0.9642902005
METRIC,2026-04-12T23:26:39Z,190736373123285,3532,btc_qm_engine:btc_ptmc_rep_hot,7.0000000000
METRIC,2026-04-12T23:26:39Z,190736373147265,3532,btc_qm_engine:btc_ptmc_rep_cold,6.0000000000
METRIC,2026-04-12T23:26:39Z,190736373171855,3532,btc_qm_engine:btc_ptmc_accept,1.0000000000
METRIC,2026-04-12T23:26:39Z,190736380399184,3532,btc_qm_engine:btc_hashrate_mhs,0.9646315213
METRIC,2026-04-12T23:26:39Z,190736380512984,3532,btc_qm_engine:btc_hashrate_thread_id,1.0000000000
METRIC,2026-04-12T23:26:39Z,190736380678624,3532,btc_qm_engine:btc_hashrate_mhs,0.9651142169
METRIC,2026-04-12T23:26:39Z,190736380784524,3532,btc_qm_engine:btc_hashrate_thread_id,5.0000000000
METRIC,2026-04-12T23:26:39Z,190736381196384,3532,btc_qm_engine:btc_nx48_delta_nonce_old,2.1234580000
METRIC,2026-04-12T23:26:39Z,190736381239054,3532,btc_qm_engine:btc_nx48_delta_nonce_new,1.6520510554
METRIC,2026-04-12T23:26:39Z,190736381277294,3532,btc_qm_engine:btc_nx48_batch_old,4.0000000000
METRIC,2026-04-12T23:26:39Z,190736381314094,3532,btc_qm_engine:btc_nx48_batch_new,4.0000000000
METRIC,2026-04-12T23:26:39Z,190736381341794,3532,btc_qm_engine:btc_nx48_loss,0.6931471806
METRIC,2026-04-12T23:26:39Z,190736381370394,3532,btc_qm_engine:btc_nx48_grad_norm,0.7438599703
METRIC,2026-04-12T23:26:39Z,190736381405164,3532,btc_qm_engine:btc_nx48_update_count,38.0000000000
METRIC,2026-04-12T23:26:39Z,190736381434614,3532,btc_qm_engine:btc_nx48_exploration_bias,0.4697210000
METRIC,2026-04-12T23:26:39Z,190736381463254,3532,btc_qm_engine:btc_hashrate_mhs,0.9652720349
METRIC,2026-04-12T23:26:39Z,190736381497464,3532,btc_qm_engine:btc_hashrate_thread_id,0.0000000000
METRIC,2026-04-12T23:26:39Z,190736381540654,3532,btc_qm_engine:btc_hashrate_mhs,0.9661848516
METRIC,2026-04-12T23:26:39Z,190736381619084,3532,btc_qm_engine:btc_hashrate_thread_id,7.0000000000
METRIC,2026-04-12T23:26:39Z,190736381665354,3532,btc_qm_engine:btc_hashrate_mhs,0.9666410279
METRIC,2026-04-12T23:26:39Z,190736381711764,3532,btc_qm_engine:btc_hashrate_thread_id,4.0000000000
METRIC,2026-04-12T23:26:39Z,190736381764274,3532,btc_qm_engine:btc_hashrate_mhs,0.9657476204
METRIC,2026-04-12T23:26:39Z,190736381786204,3532,btc_qm_engine:btc_hashrate_thread_id,3.0000000000
METRIC,2026-04-12T23:26:39Z,190736383223654,3532,btc_qm_engine:btc_hashrate_mhs,0.9663346571
METRIC,2026-04-12T23:26:39Z,190736383280654,3532,btc_qm_engine:btc_hashrate_thread_id,2.0000000000
METRIC,2026-04-12T23:26:39Z,190736384131874,3532,btc_qm_engine:btc_hashrate_mhs,0.9664076951
METRIC,2026-04-12T23:26:39Z,190736384181684,3532,btc_qm_engine:btc_hashrate_thread_id,6.0000000000
METRIC,2026-04-12T23:26:39Z,190736475418098,3532,btc_qm_engine:btc_ptmc_rep_hot,1.0000000000
METRIC,2026-04-12T23:26:39Z,190736475499008,3532,btc_qm_engine:btc_ptmc_rep_cold,0.0000000000
METRIC,2026-04-12T23:26:39Z,190736475526078,3532,btc_qm_engine:btc_ptmc_accept,-0.1354058228
METRIC,2026-04-12T23:26:39Z,190736475557138,3532,btc_qm_engine:btc_ptmc_rep_hot,2.0000000000
METRIC,2026-04-12T23:26:39Z,190736475581938,3532,btc_qm_engine:btc_ptmc_rep_cold,1.0000000000
METRIC,2026-04-12T23:26:39Z,190736475606738,3532,btc_qm_engine:btc_ptmc_accept,0.7165624298
METRIC,2026-04-12T23:26:39Z,190736475639778,3532,btc_qm_engine:btc_ptmc_rep_hot,3.0000000000
METRIC,2026-04-12T23:26:39Z,190736475663998,3532,btc_qm_engine:btc_ptmc_rep_cold,2.0000000000
METRIC,2026-04-12T23:26:39Z,190736475688348,3532,btc_qm_engine:btc_ptmc_accept,0.8464909161
METRIC,2026-04-12T23:26:39Z,190736475716278,3532,btc_qm_engine:btc_ptmc_rep_hot,4.0000000000
METRIC,2026-04-12T23:26:39Z,190736475740538,3532,btc_qm_engine:btc_ptmc_rep_cold,3.0000000000
METRIC,2026-04-12T23:26:39Z,190736475764438,3532,btc_qm_engine:btc_ptmc_accept,0.9048409551
METRIC,2026-04-12T23:26:39Z,190736475795968,3532,btc_qm_engine:btc_ptmc_rep_hot,5.0000000000
METRIC,2026-04-12T23:26:39Z,190736475820108,3532,btc_qm_engine:btc_ptmc_rep_cold,4.0000000000
METRIC,2026-04-12T23:26:39Z,190736475843198,3532,btc_qm_engine:btc_ptmc_accept,0.9394144973
METRIC,2026-04-12T23:26:39Z,190736475871658,3532,btc_qm_engine:btc_ptmc_rep_hot,6.0000000000
METRIC,2026-04-12T23:26:39Z,190736475912118,3532,btc_qm_engine:btc_ptmc_rep_cold,5.0000000000
METRIC,2026-04-12T23:26:39Z,190736475946828,3532,btc_qm_engine:btc_ptmc_accept,0.9642900774
METRIC,2026-04-12T23:26:39Z,190736475981488,3532,btc_qm_engine:btc_ptmc_rep_hot,7.0000000000
METRIC,2026-04-12T23:26:39Z,190736476057378,3532,btc_qm_engine:btc_ptmc_rep_cold,6.0000000000
METRIC,2026-04-12T23:26:39Z,190736476082958,3532,btc_qm_engine:btc_ptmc_accept,1.0000000000
METRIC,2026-04-12T23:26:39Z,190736578799361,3532,btc_qm_engine:btc_ptmc_rep_hot,1.0000000000
METRIC,2026-04-12T23:26:39Z,190736578874731,3532,btc_qm_engine:btc_ptmc_rep_cold,0.0000000000
METRIC,2026-04-12T23:26:39Z,190736578897241,3532,btc_qm_engine:btc_ptmc_accept,1.0000000000
METRIC,2026-04-12T23:26:39Z,190736578918761,3532,btc_qm_engine:btc_ptmc_rep_hot,2.0000000000
METRIC,2026-04-12T23:26:39Z,190736578938181,3532,btc_qm_engine:btc_ptmc_rep_cold,1.0000000000
METRIC,2026-04-12T23:26:39Z,190736578957361,3532,btc_qm_engine:btc_ptmc_accept,0.7165313106
METRIC,2026-04-12T23:26:39Z,190736578994541,3532,btc_qm_engine:btc_ptmc_rep_hot,3.0000000000
METRIC,2026-04-12T23:26:39Z,190736579059411,3532,btc_qm_engine:btc_ptmc_rep_cold,2.0000000000
METRIC,2026-04-12T23:26:39Z,190736579078901,3532,btc_qm_engine:btc_ptmc_accept,0.8464817249
METRIC,2026-04-12T23:26:39Z,190736579137021,3532,btc_qm_engine:btc_ptmc_rep_hot,4.0000000000
METRIC,2026-04-12T23:26:39Z,190736579213801,3532,btc_qm_engine:btc_ptmc_rep_cold,3.0000000000
METRIC,2026-04-12T23:26:39Z,190736579233041,3532,btc_qm_engine:btc_ptmc_accept,1.0000000000
METRIC,2026-04-12T23:26:39Z,190736579256121,3532,btc_qm_engine:btc_ptmc_rep_hot,5.0000000000
METRIC,2026-04-12T23:26:39Z,190736579275181,3532,btc_qm_engine:btc_ptmc_rep_cold,4.0000000000
METRIC,2026-04-12T23:26:39Z,190736579294171,3532,btc_qm_engine:btc_ptmc_accept,1.0000000000
METRIC,2026-04-12T23:26:39Z,190736579340631,3532,btc_qm_engine:btc_ptmc_rep_hot,6.0000000000
METRIC,2026-04-12T23:26:39Z,190736579360361,3532,btc_qm_engine:btc_ptmc_rep_cold,5.0000000000
METRIC,2026-04-12T23:26:39Z,190736579379521,3532,btc_qm_engine:btc_ptmc_accept,1.0000000000
METRIC,2026-04-12T23:26:39Z,190736579403521,3532,btc_qm_engine:btc_ptmc_rep_hot,7.0000000000
METRIC,2026-04-12T23:26:39Z,190736579423221,3532,btc_qm_engine:btc_ptmc_rep_cold,6.0000000000
METRIC,2026-04-12T23:26:39Z,190736579448971,3532,btc_qm_engine:btc_ptmc_accept,1.0000000000
METRIC,2026-04-12T23:26:40Z,190736685639305,3532,btc_qm_engine:btc_ptmc_rep_hot,1.0000000000
METRIC,2026-04-12T23:26:40Z,190736685737905,3532,btc_qm_engine:btc_ptmc_rep_cold,0.0000000000
METRIC,2026-04-12T23:26:40Z,190736685764765,3532,btc_qm_engine:btc_ptmc_accept,1.0000000000
METRIC,2026-04-12T23:26:40Z,190736685795125,3532,btc_qm_engine:btc_ptmc_rep_hot,2.0000000000
METRIC,2026-04-12T23:26:40Z,190736685819915,3532,btc_qm_engine:btc_ptmc_rep_cold,1.0000000000
METRIC,2026-04-12T23:26:40Z,190736685844475,3532,btc_qm_engine:btc_ptmc_accept,1.0000000000
METRIC,2026-04-12T23:26:40Z,190736685874965,3532,btc_qm_engine:btc_ptmc_rep_hot,3.0000000000
METRIC,2026-04-12T23:26:40Z,190736685899585,3532,btc_qm_engine:btc_ptmc_rep_cold,2.0000000000
METRIC,2026-04-12T23:26:40Z,190736685922925,3532,btc_qm_engine:btc_ptmc_accept,1.0000000000
METRIC,2026-04-12T23:26:40Z,190736685965495,3532,btc_qm_engine:btc_ptmc_rep_hot,4.0000000000
METRIC,2026-04-12T23:26:40Z,190736686000715,3532,btc_qm_engine:btc_ptmc_rep_cold,3.0000000000
METRIC,2026-04-12T23:26:40Z,190736686063275,3532,btc_qm_engine:btc_ptmc_accept,1.0000000000
METRIC,2026-04-12T23:26:40Z,190736686096215,3532,btc_qm_engine:btc_ptmc_rep_hot,5.0000000000
METRIC,2026-04-12T23:26:40Z,190736686121235,3532,btc_qm_engine:btc_ptmc_rep_cold,4.0000000000
METRIC,2026-04-12T23:26:40Z,190736686145825,3532,btc_qm_engine:btc_ptmc_accept,1.0000000000
METRIC,2026-04-12T23:26:40Z,190736686180145,3532,btc_qm_engine:btc_ptmc_rep_hot,6.0000000000
METRIC,2026-04-12T23:26:40Z,190736686204935,3532,btc_qm_engine:btc_ptmc_rep_cold,5.0000000000
METRIC,2026-04-12T23:26:40Z,190736686229375,3532,btc_qm_engine:btc_ptmc_accept,1.0000000000
METRIC,2026-04-12T23:26:40Z,190736686257205,3532,btc_qm_engine:btc_ptmc_rep_hot,7.0000000000
METRIC,2026-04-12T23:26:40Z,190736686281355,3532,btc_qm_engine:btc_ptmc_rep_cold,6.0000000000
METRIC,2026-04-12T23:26:40Z,190736686305685,3532,btc_qm_engine:btc_ptmc_accept,1.0000000000
METRIC,2026-04-12T23:26:40Z,190736791678478,3532,btc_qm_engine:btc_ptmc_rep_hot,1.0000000000
METRIC,2026-04-12T23:26:40Z,190736791741928,3532,btc_qm_engine:btc_ptmc_rep_cold,0.0000000000
METRIC,2026-04-12T23:26:40Z,190736791769308,3532,btc_qm_engine:btc_ptmc_accept,1.0000000000
METRIC,2026-04-12T23:26:40Z,190736791799348,3532,btc_qm_engine:btc_ptmc_rep_hot,2.0000000000
METRIC,2026-04-12T23:26:40Z,190736791818378,3532,btc_qm_engine:btc_ptmc_rep_cold,1.0000000000
METRIC,2026-04-12T23:26:40Z,190736791836808,3532,btc_qm_engine:btc_ptmc_accept,1.0000000000
METRIC,2026-04-12T23:26:40Z,190736791860918,3532,btc_qm_engine:btc_ptmc_rep_hot,3.0000000000
METRIC,2026-04-12T23:26:40Z,190736791879238,3532,btc_qm_engine:btc_ptmc_rep_cold,2.0000000000
METRIC,2026-04-12T23:26:40Z,190736791897458,3532,btc_qm_engine:btc_ptmc_accept,1.0000000000
METRIC,2026-04-12T23:26:40Z,190736791926058,3532,btc_qm_engine:btc_ptmc_rep_hot,4.0000000000
METRIC,2026-04-12T23:26:40Z,190736791949248,3532,btc_qm_engine:btc_ptmc_rep_cold,3.0000000000
METRIC,2026-04-12T23:26:40Z,190736791973858,3532,btc_qm_engine:btc_ptmc_accept,1.0000000000
METRIC,2026-04-12T23:26:40Z,190736792016128,3532,btc_qm_engine:btc_ptmc_rep_hot,5.0000000000
METRIC,2026-04-12T23:26:40Z,190736792034988,3532,btc_qm_engine:btc_ptmc_rep_cold,4.0000000000
METRIC,2026-04-12T23:26:40Z,190736792053378,3532,btc_qm_engine:btc_ptmc_accept,1.0000000000
METRIC,2026-04-12T23:26:40Z,190736792077868,3532,btc_qm_engine:btc_ptmc_rep_hot,6.0000000000
METRIC,2026-04-12T23:26:40Z,190736792096198,3532,btc_qm_engine:btc_ptmc_rep_cold,5.0000000000
METRIC,2026-04-12T23:26:40Z,190736792144358,3532,btc_qm_engine:btc_ptmc_accept,1.0000000000
METRIC,2026-04-12T23:26:40Z,190736792174868,3532,btc_qm_engine:btc_ptmc_rep_hot,7.0000000000
METRIC,2026-04-12T23:26:40Z,190736792195178,3532,btc_qm_engine:btc_ptmc_rep_cold,6.0000000000
METRIC,2026-04-12T23:26:40Z,190736792215538,3532,btc_qm_engine:btc_ptmc_accept,1.0000000000
METRIC,2026-04-12T23:26:40Z,190736895114221,3532,btc_qm_engine:btc_ptmc_rep_hot,1.0000000000
METRIC,2026-04-12T23:26:40Z,190736895198761,3532,btc_qm_engine:btc_ptmc_rep_cold,0.0000000000
METRIC,2026-04-12T23:26:40Z,190736895238201,3532,btc_qm_engine:btc_ptmc_accept,1.0000000000
METRIC,2026-04-12T23:26:40Z,190736895281071,3532,btc_qm_engine:btc_ptmc_rep_hot,2.0000000000
METRIC,2026-04-12T23:26:40Z,190736895305881,3532,btc_qm_engine:btc_ptmc_rep_cold,1.0000000000
METRIC,2026-04-12T23:26:40Z,190736895330441,3532,btc_qm_engine:btc_ptmc_accept,1.0000000000
METRIC,2026-04-12T23:26:40Z,190736895366721,3532,btc_qm_engine:btc_ptmc_rep_hot,3.0000000000
METRIC,2026-04-12T23:26:40Z,190736895391241,3532,btc_qm_engine:btc_ptmc_rep_cold,2.0000000000
METRIC,2026-04-12T23:26:40Z,190736895414611,3532,btc_qm_engine:btc_ptmc_accept,1.0000000000
METRIC,2026-04-12T23:26:40Z,190736895441851,3532,btc_qm_engine:btc_ptmc_rep_hot,4.0000000000
METRIC,2026-04-12T23:26:40Z,190736895466171,3532,btc_qm_engine:btc_ptmc_rep_cold,3.0000000000
METRIC,2026-04-12T23:26:40Z,190736895491241,3532,btc_qm_engine:btc_ptmc_accept,1.0000000000
METRIC,2026-04-12T23:26:40Z,190736895526351,3532,btc_qm_engine:btc_ptmc_rep_hot,5.0000000000
METRIC,2026-04-12T23:26:40Z,190736895551451,3532,btc_qm_engine:btc_ptmc_rep_cold,4.0000000000
METRIC,2026-04-12T23:26:40Z,190736895575961,3532,btc_qm_engine:btc_ptmc_accept,1.0000000000
METRIC,2026-04-12T23:26:40Z,190736895607621,3532,btc_qm_engine:btc_ptmc_rep_hot,6.0000000000
METRIC,2026-04-12T23:26:40Z,190736895632061,3532,btc_qm_engine:btc_ptmc_rep_cold,5.0000000000
METRIC,2026-04-12T23:26:40Z,190736895656301,3532,btc_qm_engine:btc_ptmc_accept,1.0000000000
METRIC,2026-04-12T23:26:40Z,190736895687581,3532,btc_qm_engine:btc_ptmc_rep_hot,7.0000000000
METRIC,2026-04-12T23:26:40Z,190736895712111,3532,btc_qm_engine:btc_ptmc_rep_cold,6.0000000000
METRIC,2026-04-12T23:26:40Z,190736895736981,3532,btc_qm_engine:btc_ptmc_accept,1.0000000000
METRIC,2026-04-12T23:26:40Z,190736998968275,3532,btc_qm_engine:btc_ptmc_rep_hot,1.0000000000
METRIC,2026-04-12T23:26:40Z,190736999059505,3532,btc_qm_engine:btc_ptmc_rep_cold,0.0000000000
METRIC,2026-04-12T23:26:40Z,190736999081945,3532,btc_qm_engine:btc_ptmc_accept,-0.0696187850
METRIC,2026-04-12T23:26:40Z,190736999116245,3532,btc_qm_engine:btc_ptmc_rep_hot,2.0000000000
METRIC,2026-04-12T23:26:40Z,190736999140205,3532,btc_qm_engine:btc_ptmc_rep_cold,1.0000000000
METRIC,2026-04-12T23:26:40Z,190736999164795,3532,btc_qm_engine:btc_ptmc_accept,1.0000000000
METRIC,2026-04-12T23:26:40Z,190736999196975,3532,btc_qm_engine:btc_ptmc_rep_hot,3.0000000000
METRIC,2026-04-12T23:26:40Z,190736999222055,3532,btc_qm_engine:btc_ptmc_rep_cold,2.0000000000
METRIC,2026-04-12T23:26:40Z,190736999247335,3532,btc_qm_engine:btc_ptmc_accept,1.0000000000
METRIC,2026-04-12T23:26:40Z,190736999283055,3532,btc_qm_engine:btc_ptmc_rep_hot,4.0000000000
METRIC,2026-04-12T23:26:40Z,190736999307665,3532,btc_qm_engine:btc_ptmc_rep_cold,3.0000000000
METRIC,2026-04-12T23:26:40Z,190736999331815,3532,btc_qm_engine:btc_ptmc_accept,1.0000000000
METRIC,2026-04-12T23:26:40Z,190736999360425,3532,btc_qm_engine:btc_ptmc_rep_hot,5.0000000000
METRIC,2026-04-12T23:26:40Z,190736999384785,3532,btc_qm_engine:btc_ptmc_rep_cold,4.0000000000
METRIC,2026-04-12T23:26:40Z,190736999409505,3532,btc_qm_engine:btc_ptmc_accept,1.0000000000
METRIC,2026-04-12T23:26:40Z,190736999444245,3532,btc_qm_engine:btc_ptmc_rep_hot,6.0000000000
METRIC,2026-04-12T23:26:40Z,190736999480855,3532,btc_qm_engine:btc_ptmc_rep_cold,5.0000000000
METRIC,2026-04-12T23:26:40Z,190736999515455,3532,btc_qm_engine:btc_ptmc_accept,1.0000000000
METRIC,2026-04-12T23:26:40Z,190736999543985,3532,btc_qm_engine:btc_ptmc_rep_hot,7.0000000000
METRIC,2026-04-12T23:26:40Z,190736999586555,3532,btc_qm_engine:btc_ptmc_rep_cold,6.0000000000
METRIC,2026-04-12T23:26:40Z,190736999611085,3532,btc_qm_engine:btc_ptmc_accept,1.0000000000
METRIC,2026-04-12T23:26:40Z,190737102535138,3532,btc_qm_engine:btc_ptmc_rep_hot,1.0000000000
METRIC,2026-04-12T23:26:40Z,190737102612428,3532,btc_qm_engine:btc_ptmc_rep_cold,0.0000000000
METRIC,2026-04-12T23:26:40Z,190737102639448,3532,btc_qm_engine:btc_ptmc_accept,1.0000000000
METRIC,2026-04-12T23:26:40Z,190737102666438,3532,btc_qm_engine:btc_ptmc_rep_hot,2.0000000000
METRIC,2026-04-12T23:26:40Z,190737102691268,3532,btc_qm_engine:btc_ptmc_rep_cold,1.0000000000
METRIC,2026-04-12T23:26:40Z,190737102727138,3532,btc_qm_engine:btc_ptmc_accept,0.7165701146
METRIC,2026-04-12T23:26:40Z,190737102768718,3532,btc_qm_engine:btc_ptmc_rep_hot,3.0000000000
METRIC,2026-04-12T23:26:40Z,190737102794458,3532,btc_qm_engine:btc_ptmc_rep_cold,2.0000000000
METRIC,2026-04-12T23:26:40Z,190737102819188,3532,btc_qm_engine:btc_ptmc_accept,0.7165507139
METRIC,2026-04-12T23:26:40Z,190737102847188,3532,btc_qm_engine:btc_ptmc_rep_hot,4.0000000000
METRIC,2026-04-12T23:26:40Z,190737102872108,3532,btc_qm_engine:btc_ptmc_rep_cold,3.0000000000
METRIC,2026-04-12T23:26:40Z,190737102896408,3532,btc_qm_engine:btc_ptmc_accept,1.0000000000
METRIC,2026-04-12T23:26:40Z,190737102927038,3532,btc_qm_engine:btc_ptmc_rep_hot,5.0000000000
METRIC,2026-04-12T23:26:40Z,190737102951758,3532,btc_qm_engine:btc_ptmc_rep_cold,4.0000000000
METRIC,2026-04-12T23:26:40Z,190737102976098,3532,btc_qm_engine:btc_ptmc_accept,1.0000000000
METRIC,2026-04-12T23:26:40Z,190737103032698,3532,btc_qm_engine:btc_ptmc_rep_hot,6.0000000000
METRIC,2026-04-12T23:26:40Z,190737103058418,3532,btc_qm_engine:btc_ptmc_rep_cold,5.0000000000
METRIC,2026-04-12T23:26:40Z,190737103083278,3532,btc_qm_engine:btc_ptmc_accept,1.0000000000
METRIC,2026-04-12T23:26:40Z,190737103108538,3532,btc_qm_engine:btc_ptmc_rep_hot,7.0000000000
METRIC,2026-04-12T23:26:40Z,190737103133408,3532,btc_qm_engine:btc_ptmc_rep_cold,6.0000000000
METRIC,2026-04-12T23:26:40Z,190737103156718,3532,btc_qm_engine:btc_ptmc_accept,0.9540308635
METRIC,2026-04-12T23:26:40Z,190737206443921,3532,btc_qm_engine:btc_ptmc_rep_hot,1.0000000000
METRIC,2026-04-12T23:26:40Z,190737206518221,3532,btc_qm_engine:btc_ptmc_rep_cold,0.0000000000
METRIC,2026-04-12T23:26:40Z,190737206544701,3532,btc_qm_engine:btc_ptmc_accept,1.0000000000
METRIC,2026-04-12T23:26:40Z,190737206576481,3532,btc_qm_engine:btc_ptmc_rep_hot,2.0000000000
METRIC,2026-04-12T23:26:40Z,190737206601471,3532,btc_qm_engine:btc_ptmc_rep_cold,1.0000000000
METRIC,2026-04-12T23:26:40Z,190737206625221,3532,btc_qm_engine:btc_ptmc_accept,1.0000000000
METRIC,2026-04-12T23:26:40Z,190737206653411,3532,btc_qm_engine:btc_ptmc_rep_hot,3.0000000000
METRIC,2026-04-12T23:26:40Z,190737206678211,3532,btc_qm_engine:btc_ptmc_rep_cold,2.0000000000
METRIC,2026-04-12T23:26:40Z,190737206702741,3532,btc_qm_engine:btc_ptmc_accept,1.0000000000
METRIC,2026-04-12T23:26:40Z,190737206746061,3532,btc_qm_engine:btc_ptmc_rep_hot,4.0000000000
METRIC,2026-04-12T23:26:40Z,190737206779941,3532,btc_qm_engine:btc_ptmc_rep_cold,3.0000000000
METRIC,2026-04-12T23:26:40Z,190737206804681,3532,btc_qm_engine:btc_ptmc_accept,1.0000000000
METRIC,2026-04-12T23:26:40Z,190737206838401,3532,btc_qm_engine:btc_ptmc_rep_hot,5.0000000000
METRIC,2026-04-12T23:26:40Z,190737206863051,3532,btc_qm_engine:btc_ptmc_rep_cold,4.0000000000
METRIC,2026-04-12T23:26:40Z,190737206887541,3532,btc_qm_engine:btc_ptmc_accept,1.0000000000
METRIC,2026-04-12T23:26:40Z,190737206914971,3532,btc_qm_engine:btc_ptmc_rep_hot,6.0000000000
METRIC,2026-04-12T23:26:40Z,190737206939341,3532,btc_qm_engine:btc_ptmc_rep_cold,5.0000000000
METRIC,2026-04-12T23:26:40Z,190737206963911,3532,btc_qm_engine:btc_ptmc_accept,1.0000000000
METRIC,2026-04-12T23:26:40Z,190737207131041,3532,btc_qm_engine:btc_ptmc_rep_hot,7.0000000000
METRIC,2026-04-12T23:26:40Z,190737207161031,3532,btc_qm_engine:btc_ptmc_rep_cold,6.0000000000
METRIC,2026-04-12T23:26:40Z,190737207186041,3532,btc_qm_engine:btc_ptmc_accept,1.0000000000
METRIC,2026-04-12T23:26:40Z,190737310456855,3532,btc_qm_engine:btc_ptmc_rep_hot,1.0000000000
METRIC,2026-04-12T23:26:40Z,190737310538125,3532,btc_qm_engine:btc_ptmc_rep_cold,0.0000000000
METRIC,2026-04-12T23:26:40Z,190737310564625,3532,btc_qm_engine:btc_ptmc_accept,1.0000000000
METRIC,2026-04-12T23:26:40Z,190737310593145,3532,btc_qm_engine:btc_ptmc_rep_hot,2.0000000000
METRIC,2026-04-12T23:26:40Z,190737310617825,3532,btc_qm_engine:btc_ptmc_rep_cold,1.0000000000
METRIC,2026-04-12T23:26:40Z,190737310642795,3532,btc_qm_engine:btc_ptmc_accept,1.0000000000
METRIC,2026-04-12T23:26:40Z,190737310674715,3532,btc_qm_engine:btc_ptmc_rep_hot,3.0000000000
METRIC,2026-04-12T23:26:40Z,190737310699285,3532,btc_qm_engine:btc_ptmc_rep_cold,2.0000000000
METRIC,2026-04-12T23:26:40Z,190737310723505,3532,btc_qm_engine:btc_ptmc_accept,1.0000000000
METRIC,2026-04-12T23:26:40Z,190737310757605,3532,btc_qm_engine:btc_ptmc_rep_hot,4.0000000000
METRIC,2026-04-12T23:26:40Z,190737310782335,3532,btc_qm_engine:btc_ptmc_rep_cold,3.0000000000
METRIC,2026-04-12T23:26:40Z,190737310806195,3532,btc_qm_engine:btc_ptmc_accept,1.0000000000
METRIC,2026-04-12T23:26:40Z,190737310833525,3532,btc_qm_engine:btc_ptmc_rep_hot,5.0000000000
METRIC,2026-04-12T23:26:40Z,190737310858035,3532,btc_qm_engine:btc_ptmc_rep_cold,4.0000000000
METRIC,2026-04-12T23:26:40Z,190737310881735,3532,btc_qm_engine:btc_ptmc_accept,1.0000000000
METRIC,2026-04-12T23:26:40Z,190737311108035,3532,btc_qm_engine:btc_ptmc_rep_hot,6.0000000000
METRIC,2026-04-12T23:26:40Z,190737311137165,3532,btc_qm_engine:btc_ptmc_rep_cold,5.0000000000
METRIC,2026-04-12T23:26:40Z,190737311161325,3532,btc_qm_engine:btc_ptmc_accept,1.0000000000
METRIC,2026-04-12T23:26:40Z,190737311189905,3532,btc_qm_engine:btc_ptmc_rep_hot,7.0000000000
METRIC,2026-04-12T23:26:40Z,190737311215015,3532,btc_qm_engine:btc_ptmc_rep_cold,6.0000000000
METRIC,2026-04-12T23:26:40Z,190737311239785,3532,btc_qm_engine:btc_ptmc_accept,1.0000000000
METRIC,2026-04-12T23:26:40Z,190737385332610,3532,btc_qm_engine:btc_block_nonce,1477780514.0000000000
METRIC,2026-04-12T23:26:40Z,190737385417230,3532,btc_qm_engine:btc_best_leading_zeros,20.0000000000
METRIC,2026-04-12T23:26:40Z,190737385458600,3532,btc_qm_engine:btc_block_valid,0.0000000000
ANOMALY,2026-04-12T23:26:40Z,190737385496550,3532,btc_qm_engine:btc_near_miss_or_valid,20.0000000000
METRIC,2026-04-12T23:26:40Z,190737385530460,3532,btc_qm_engine:btc_best_leading_zeros,20.0000000000
METRIC,2026-04-12T23:26:40Z,190737415263158,3532,btc_qm_engine:btc_ptmc_rep_hot,1.0000000000
METRIC,2026-04-12T23:26:40Z,190737415315998,3532,btc_qm_engine:btc_ptmc_rep_cold,0.0000000000
METRIC,2026-04-12T23:26:40Z,190737415336858,3532,btc_qm_engine:btc_ptmc_accept,1.0000000000
METRIC,2026-04-12T23:26:40Z,190737415362218,3532,btc_qm_engine:btc_ptmc_rep_hot,2.0000000000
METRIC,2026-04-12T23:26:40Z,190737415381268,3532,btc_qm_engine:btc_ptmc_rep_cold,1.0000000000
METRIC,2026-04-12T23:26:40Z,190737415400438,3532,btc_qm_engine:btc_ptmc_accept,0.7165001846
METRIC,2026-04-12T23:26:40Z,190737415420078,3532,btc_qm_engine:btc_ptmc_rep_hot,3.0000000000
METRIC,2026-04-12T23:26:40Z,190737415438918,3532,btc_qm_engine:btc_ptmc_rep_cold,2.0000000000
METRIC,2026-04-12T23:26:40Z,190737415457618,3532,btc_qm_engine:btc_ptmc_accept,0.8464725326
METRIC,2026-04-12T23:26:40Z,190737415476718,3532,btc_qm_engine:btc_ptmc_rep_hot,4.0000000000
METRIC,2026-04-12T23:26:40Z,190737415495418,3532,btc_qm_engine:btc_ptmc_rep_cold,3.0000000000
METRIC,2026-04-12T23:26:40Z,190737415514018,3532,btc_qm_engine:btc_ptmc_accept,0.9048338808
METRIC,2026-04-12T23:26:40Z,190737415533118,3532,btc_qm_engine:btc_ptmc_rep_hot,5.0000000000
METRIC,2026-04-12T23:26:40Z,190737415559608,3532,btc_qm_engine:btc_ptmc_rep_cold,4.0000000000
METRIC,2026-04-12T23:26:40Z,190737415578278,3532,btc_qm_engine:btc_ptmc_accept,1.0000000000
METRIC,2026-04-12T23:26:40Z,190737415597018,3532,btc_qm_engine:btc_ptmc_rep_hot,6.0000000000
METRIC,2026-04-12T23:26:40Z,190737415615588,3532,btc_qm_engine:btc_ptmc_rep_cold,5.0000000000
METRIC,2026-04-12T23:26:40Z,190737415634208,3532,btc_qm_engine:btc_ptmc_accept,1.0000000000
METRIC,2026-04-12T23:26:40Z,190737415674038,3532,btc_qm_engine:btc_ptmc_rep_hot,7.0000000000
METRIC,2026-04-12T23:26:40Z,190737415692958,3532,btc_qm_engine:btc_ptmc_rep_cold,6.0000000000
METRIC,2026-04-12T23:26:40Z,190737415711658,3532,btc_qm_engine:btc_ptmc_accept,0.9767450351
METRIC,2026-04-12T23:26:40Z,190737544104110,3532,btc_qm_engine:btc_ptmc_rep_hot,1.0000000000
METRIC,2026-04-12T23:26:40Z,190737544183310,3532,btc_qm_engine:btc_ptmc_rep_cold,0.0000000000
METRIC,2026-04-12T23:26:40Z,190737544209160,3532,btc_qm_engine:btc_ptmc_accept,1.0000000000
METRIC,2026-04-12T23:26:40Z,190737544238890,3532,btc_qm_engine:btc_ptmc_rep_hot,2.0000000000
METRIC,2026-04-12T23:26:40Z,190737544263280,3532,btc_qm_engine:btc_ptmc_rep_cold,1.0000000000
METRIC,2026-04-12T23:26:40Z,190737544300130,3532,btc_qm_engine:btc_ptmc_accept,1.0000000000
METRIC,2026-04-12T23:26:40Z,190737544345280,3532,btc_qm_engine:btc_ptmc_rep_hot,3.0000000000
METRIC,2026-04-12T23:26:40Z,190737544369640,3532,btc_qm_engine:btc_ptmc_rep_cold,2.0000000000
METRIC,2026-04-12T23:26:40Z,190737544393610,3532,btc_qm_engine:btc_ptmc_accept,1.0000000000
METRIC,2026-04-12T23:26:40Z,190737544425440,3532,btc_qm_engine:btc_ptmc_rep_hot,4.0000000000
METRIC,2026-04-12T23:26:40Z,190737544449520,3532,btc_qm_engine:btc_ptmc_rep_cold,3.0000000000
METRIC,2026-04-12T23:26:40Z,190737544472560,3532,btc_qm_engine:btc_ptmc_accept,1.0000000000
METRIC,2026-04-12T23:26:40Z,190737544508770,3532,btc_qm_engine:btc_ptmc_rep_hot,5.0000000000
METRIC,2026-04-12T23:26:40Z,190737544539910,3532,btc_qm_engine:btc_ptmc_rep_cold,4.0000000000
METRIC,2026-04-12T23:26:40Z,190737544563930,3532,btc_qm_engine:btc_ptmc_accept,1.0000000000
METRIC,2026-04-12T23:26:40Z,190737544597640,3532,btc_qm_engine:btc_ptmc_rep_hot,6.0000000000
METRIC,2026-04-12T23:26:40Z,190737544622540,3532,btc_qm_engine:btc_ptmc_rep_cold,5.0000000000
METRIC,2026-04-12T23:26:40Z,190737544647110,3532,btc_qm_engine:btc_ptmc_accept,1.0000000000
METRIC,2026-04-12T23:26:40Z,190737544678460,3532,btc_qm_engine:btc_ptmc_rep_hot,7.0000000000
METRIC,2026-04-12T23:26:40Z,190737544703730,3532,btc_qm_engine:btc_ptmc_rep_cold,6.0000000000
METRIC,2026-04-12T23:26:40Z,190737544729140,3532,btc_qm_engine:btc_ptmc_accept,1.0000000000
METRIC,2026-04-12T23:26:40Z,190737644951904,3532,btc_qm_engine:btc_ptmc_rep_hot,1.0000000000
METRIC,2026-04-12T23:26:40Z,190737645048914,3532,btc_qm_engine:btc_ptmc_rep_cold,0.0000000000
METRIC,2026-04-12T23:26:40Z,190737645070404,3532,btc_qm_engine:btc_ptmc_accept,1.0000000000
METRIC,2026-04-12T23:26:40Z,190737645089044,3532,btc_qm_engine:btc_ptmc_rep_hot,2.0000000000
METRIC,2026-04-12T23:26:40Z,190737645107034,3532,btc_qm_engine:btc_ptmc_rep_cold,1.0000000000
METRIC,2026-04-12T23:26:40Z,190737645124994,3532,btc_qm_engine:btc_ptmc_accept,1.0000000000
METRIC,2026-04-12T23:26:40Z,190737645147474,3532,btc_qm_engine:btc_ptmc_rep_hot,3.0000000000
METRIC,2026-04-12T23:26:40Z,190737645165424,3532,btc_qm_engine:btc_ptmc_rep_cold,2.0000000000
METRIC,2026-04-12T23:26:40Z,190737645183434,3532,btc_qm_engine:btc_ptmc_accept,1.0000000000
METRIC,2026-04-12T23:26:40Z,190737645207034,3532,btc_qm_engine:btc_ptmc_rep_hot,4.0000000000
METRIC,2026-04-12T23:26:40Z,190737645225084,3532,btc_qm_engine:btc_ptmc_rep_cold,3.0000000000
METRIC,2026-04-12T23:26:40Z,190737645242954,3532,btc_qm_engine:btc_ptmc_accept,1.0000000000
METRIC,2026-04-12T23:26:40Z,190737645503744,3532,btc_qm_engine:btc_ptmc_rep_hot,5.0000000000
METRIC,2026-04-12T23:26:40Z,190737645656894,3532,btc_qm_engine:btc_ptmc_rep_cold,4.0000000000
METRIC,2026-04-12T23:26:40Z,190737645675764,3532,btc_qm_engine:btc_ptmc_accept,1.0000000000
METRIC,2026-04-12T23:26:40Z,190737645702724,3532,btc_qm_engine:btc_ptmc_rep_hot,6.0000000000
METRIC,2026-04-12T23:26:40Z,190737645720954,3532,btc_qm_engine:btc_ptmc_rep_cold,5.0000000000
METRIC,2026-04-12T23:26:40Z,190737645744234,3532,btc_qm_engine:btc_ptmc_accept,1.0000000000
METRIC,2026-04-12T23:26:40Z,190737645772624,3532,btc_qm_engine:btc_ptmc_rep_hot,7.0000000000
METRIC,2026-04-12T23:26:40Z,190737645795504,3532,btc_qm_engine:btc_ptmc_rep_cold,6.0000000000
METRIC,2026-04-12T23:26:40Z,190737645817864,3532,btc_qm_engine:btc_ptmc_accept,1.0000000000
METRIC,2026-04-12T23:26:41Z,190737745429977,3532,btc_qm_engine:btc_ptmc_rep_hot,1.0000000000
METRIC,2026-04-12T23:26:41Z,190737745490947,3532,btc_qm_engine:btc_ptmc_rep_cold,0.0000000000
METRIC,2026-04-12T23:26:41Z,190737745511657,3532,btc_qm_engine:btc_ptmc_accept,0.5136669338
METRIC,2026-04-12T23:26:41Z,190737745538437,3532,btc_qm_engine:btc_ptmc_rep_hot,2.0000000000
METRIC,2026-04-12T23:26:41Z,190737745557727,3532,btc_qm_engine:btc_ptmc_rep_cold,1.0000000000
METRIC,2026-04-12T23:26:41Z,190737745585557,3532,btc_qm_engine:btc_ptmc_accept,1.0000000000
METRIC,2026-04-12T23:26:41Z,190737745615807,3532,btc_qm_engine:btc_ptmc_rep_hot,3.0000000000
METRIC,2026-04-12T23:26:41Z,190737745634647,3532,btc_qm_engine:btc_ptmc_rep_cold,2.0000000000
METRIC,2026-04-12T23:26:41Z,190737745653147,3532,btc_qm_engine:btc_ptmc_accept,1.0000000000
METRIC,2026-04-12T23:26:41Z,190737745676147,3532,btc_qm_engine:btc_ptmc_rep_hot,4.0000000000
METRIC,2026-04-12T23:26:41Z,190737745694687,3532,btc_qm_engine:btc_ptmc_rep_cold,3.0000000000
METRIC,2026-04-12T23:26:41Z,190737745714597,3532,btc_qm_engine:btc_ptmc_accept,0.9048393810
METRIC,2026-04-12T23:26:41Z,190737745739237,3532,btc_qm_engine:btc_ptmc_rep_hot,5.0000000000
METRIC,2026-04-12T23:26:41Z,190737745758587,3532,btc_qm_engine:btc_ptmc_rep_cold,4.0000000000
METRIC,2026-04-12T23:26:41Z,190737745780517,3532,btc_qm_engine:btc_ptmc_accept,1.0000000000
METRIC,2026-04-12T23:26:41Z,190737745811787,3532,btc_qm_engine:btc_ptmc_rep_hot,6.0000000000
METRIC,2026-04-12T23:26:41Z,190737745834787,3532,btc_qm_engine:btc_ptmc_rep_cold,5.0000000000
METRIC,2026-04-12T23:26:41Z,190737745853397,3532,btc_qm_engine:btc_ptmc_accept,0.9642898556
METRIC,2026-04-12T23:26:41Z,190737745881447,3532,btc_qm_engine:btc_ptmc_rep_hot,7.0000000000
METRIC,2026-04-12T23:26:41Z,190737745906927,3532,btc_qm_engine:btc_ptmc_rep_cold,6.0000000000
METRIC,2026-04-12T23:26:41Z,190737745928707,3532,btc_qm_engine:btc_ptmc_accept,0.9767447714
METRIC,2026-04-12T23:26:41Z,190737852114251,3532,btc_qm_engine:btc_ptmc_rep_hot,1.0000000000
METRIC,2026-04-12T23:26:41Z,190737852187501,3532,btc_qm_engine:btc_ptmc_rep_cold,0.0000000000
METRIC,2026-04-12T23:26:41Z,190737852214281,3532,btc_qm_engine:btc_ptmc_accept,-0.0695919752
METRIC,2026-04-12T23:26:41Z,190737852247481,3532,btc_qm_engine:btc_ptmc_rep_hot,2.0000000000
METRIC,2026-04-12T23:26:41Z,190737852272801,3532,btc_qm_engine:btc_ptmc_rep_cold,1.0000000000
METRIC,2026-04-12T23:26:41Z,190737852296361,3532,btc_qm_engine:btc_ptmc_accept,1.0000000000
METRIC,2026-04-12T23:26:41Z,190737852322751,3532,btc_qm_engine:btc_ptmc_rep_hot,3.0000000000
METRIC,2026-04-12T23:26:41Z,190737852347791,3532,btc_qm_engine:btc_ptmc_rep_cold,2.0000000000
METRIC,2026-04-12T23:26:41Z,190737852372761,3532,btc_qm_engine:btc_ptmc_accept,1.0000000000
METRIC,2026-04-12T23:26:41Z,190737852404001,3532,btc_qm_engine:btc_ptmc_rep_hot,4.0000000000
METRIC,2026-04-12T23:26:41Z,190737852428281,3532,btc_qm_engine:btc_ptmc_rep_cold,3.0000000000
METRIC,2026-04-12T23:26:41Z,190737852452471,3532,btc_qm_engine:btc_ptmc_accept,1.0000000000
METRIC,2026-04-12T23:26:41Z,190737852486981,3532,btc_qm_engine:btc_ptmc_rep_hot,5.0000000000
METRIC,2026-04-12T23:26:41Z,190737852511191,3532,btc_qm_engine:btc_ptmc_rep_cold,4.0000000000
METRIC,2026-04-12T23:26:41Z,190737852535731,3532,btc_qm_engine:btc_ptmc_accept,1.0000000000
METRIC,2026-04-12T23:26:41Z,190737852593811,3532,btc_qm_engine:btc_ptmc_rep_hot,6.0000000000
METRIC,2026-04-12T23:26:41Z,190737852617941,3532,btc_qm_engine:btc_ptmc_rep_cold,5.0000000000
METRIC,2026-04-12T23:26:41Z,190737852641871,3532,btc_qm_engine:btc_ptmc_accept,1.0000000000
METRIC,2026-04-12T23:26:41Z,190737852668561,3532,btc_qm_engine:btc_ptmc_rep_hot,7.0000000000
METRIC,2026-04-12T23:26:41Z,190737852699231,3532,btc_qm_engine:btc_ptmc_rep_cold,6.0000000000
METRIC,2026-04-12T23:26:41Z,190737852727111,3532,btc_qm_engine:btc_ptmc_accept,1.0000000000
METRIC,2026-04-12T23:26:41Z,190737959159934,3532,btc_qm_engine:btc_ptmc_rep_hot,1.0000000000
METRIC,2026-04-12T23:26:41Z,190737959234144,3532,btc_qm_engine:btc_ptmc_rep_cold,0.0000000000
METRIC,2026-04-12T23:26:41Z,190737959259654,3532,btc_qm_engine:btc_ptmc_accept,1.0000000000
METRIC,2026-04-12T23:26:41Z,190737959287094,3532,btc_qm_engine:btc_ptmc_rep_hot,2.0000000000
METRIC,2026-04-12T23:26:41Z,190737959310814,3532,btc_qm_engine:btc_ptmc_rep_cold,1.0000000000
METRIC,2026-04-12T23:26:41Z,190737959333174,3532,btc_qm_engine:btc_ptmc_accept,1.0000000000
METRIC,2026-04-12T23:26:41Z,190737959365884,3532,btc_qm_engine:btc_ptmc_rep_hot,3.0000000000
METRIC,2026-04-12T23:26:41Z,190737959391014,3532,btc_qm_engine:btc_ptmc_rep_cold,2.0000000000
METRIC,2026-04-12T23:26:41Z,190737959413354,3532,btc_qm_engine:btc_ptmc_accept,1.0000000000
METRIC,2026-04-12T23:26:41Z,190737959444334,3532,btc_qm_engine:btc_ptmc_rep_hot,4.0000000000
METRIC,2026-04-12T23:26:41Z,190737959479904,3532,btc_qm_engine:btc_ptmc_rep_cold,3.0000000000
METRIC,2026-04-12T23:26:41Z,190737959513674,3532,btc_qm_engine:btc_ptmc_accept,1.0000000000
METRIC,2026-04-12T23:26:41Z,190737959547864,3532,btc_qm_engine:btc_ptmc_rep_hot,5.0000000000
METRIC,2026-04-12T23:26:41Z,190737959572424,3532,btc_qm_engine:btc_ptmc_rep_cold,4.0000000000
METRIC,2026-04-12T23:26:41Z,190737959596204,3532,btc_qm_engine:btc_ptmc_accept,1.0000000000
METRIC,2026-04-12T23:26:41Z,190737959623334,3532,btc_qm_engine:btc_ptmc_rep_hot,6.0000000000
METRIC,2026-04-12T23:26:41Z,190737959646984,3532,btc_qm_engine:btc_ptmc_rep_cold,5.0000000000
METRIC,2026-04-12T23:26:41Z,190737959670964,3532,btc_qm_engine:btc_ptmc_accept,1.0000000000
METRIC,2026-04-12T23:26:41Z,190737959697684,3532,btc_qm_engine:btc_ptmc_rep_hot,7.0000000000
METRIC,2026-04-12T23:26:41Z,190737959721404,3532,btc_qm_engine:btc_ptmc_rep_cold,6.0000000000
METRIC,2026-04-12T23:26:41Z,190737959745114,3532,btc_qm_engine:btc_ptmc_accept,1.0000000000
METRIC,2026-04-12T23:26:41Z,190738065098777,3532,btc_qm_engine:btc_ptmc_rep_hot,1.0000000000
METRIC,2026-04-12T23:26:41Z,190738065168897,3532,btc_qm_engine:btc_ptmc_rep_cold,0.0000000000
METRIC,2026-04-12T23:26:41Z,190738065189867,3532,btc_qm_engine:btc_ptmc_accept,1.0000000000
METRIC,2026-04-12T23:26:41Z,190738065215097,3532,btc_qm_engine:btc_ptmc_rep_hot,2.0000000000
METRIC,2026-04-12T23:26:41Z,190738065234177,3532,btc_qm_engine:btc_ptmc_rep_cold,1.0000000000
METRIC,2026-04-12T23:26:41Z,190738065252907,3532,btc_qm_engine:btc_ptmc_accept,1.0000000000
METRIC,2026-04-12T23:26:41Z,190738065281417,3532,btc_qm_engine:btc_ptmc_rep_hot,3.0000000000
METRIC,2026-04-12T23:26:41Z,190738065306147,3532,btc_qm_engine:btc_ptmc_rep_cold,2.0000000000
METRIC,2026-04-12T23:26:41Z,190738065330887,3532,btc_qm_engine:btc_ptmc_accept,1.0000000000
METRIC,2026-04-12T23:26:41Z,190738065363477,3532,btc_qm_engine:btc_ptmc_rep_hot,4.0000000000
METRIC,2026-04-12T23:26:41Z,190738065388457,3532,btc_qm_engine:btc_ptmc_rep_cold,3.0000000000
METRIC,2026-04-12T23:26:41Z,190738065407407,3532,btc_qm_engine:btc_ptmc_accept,1.0000000000
METRIC,2026-04-12T23:26:41Z,190738065449557,3532,btc_qm_engine:btc_ptmc_rep_hot,5.0000000000
METRIC,2026-04-12T23:26:41Z,190738065477497,3532,btc_qm_engine:btc_ptmc_rep_cold,4.0000000000
METRIC,2026-04-12T23:26:41Z,190738065496407,3532,btc_qm_engine:btc_ptmc_accept,0.9394130628
METRIC,2026-04-12T23:26:41Z,190738065519377,3532,btc_qm_engine:btc_ptmc_rep_hot,6.0000000000
METRIC,2026-04-12T23:26:41Z,190738065538037,3532,btc_qm_engine:btc_ptmc_rep_cold,5.0000000000
METRIC,2026-04-12T23:26:41Z,190738065571537,3532,btc_qm_engine:btc_ptmc_accept,1.0000000000
METRIC,2026-04-12T23:26:41Z,190738065596447,3532,btc_qm_engine:btc_ptmc_rep_hot,7.0000000000
METRIC,2026-04-12T23:26:41Z,190738065615107,3532,btc_qm_engine:btc_ptmc_rep_cold,6.0000000000
METRIC,2026-04-12T23:26:41Z,190738065633717,3532,btc_qm_engine:btc_ptmc_accept,1.0000000000
METRIC,2026-04-12T23:26:41Z,190738170594900,3532,btc_qm_engine:btc_ptmc_rep_hot,1.0000000000
METRIC,2026-04-12T23:26:41Z,190738170659760,3532,btc_qm_engine:btc_ptmc_rep_cold,0.0000000000
METRIC,2026-04-12T23:26:41Z,190738170680160,3532,btc_qm_engine:btc_ptmc_accept,1.0000000000
METRIC,2026-04-12T23:26:41Z,190738170704570,3532,btc_qm_engine:btc_ptmc_rep_hot,2.0000000000
METRIC,2026-04-12T23:26:41Z,190738170723010,3532,btc_qm_engine:btc_ptmc_rep_cold,1.0000000000
METRIC,2026-04-12T23:26:41Z,190738170744810,3532,btc_qm_engine:btc_ptmc_accept,0.7165001846
METRIC,2026-04-12T23:26:41Z,190738170769120,3532,btc_qm_engine:btc_ptmc_rep_hot,3.0000000000
METRIC,2026-04-12T23:26:41Z,190738170787480,3532,btc_qm_engine:btc_ptmc_rep_cold,2.0000000000
METRIC,2026-04-12T23:26:41Z,190738170805640,3532,btc_qm_engine:btc_ptmc_accept,1.0000000000
METRIC,2026-04-12T23:26:41Z,190738170828320,3532,btc_qm_engine:btc_ptmc_rep_hot,4.0000000000
METRIC,2026-04-12T23:26:41Z,190738170846420,3532,btc_qm_engine:btc_ptmc_rep_cold,3.0000000000
METRIC,2026-04-12T23:26:41Z,190738170864670,3532,btc_qm_engine:btc_ptmc_accept,1.0000000000
METRIC,2026-04-12T23:26:41Z,190738170888190,3532,btc_qm_engine:btc_ptmc_rep_hot,5.0000000000
METRIC,2026-04-12T23:26:41Z,190738170906460,3532,btc_qm_engine:btc_ptmc_rep_cold,4.0000000000
METRIC,2026-04-12T23:26:41Z,190738170924720,3532,btc_qm_engine:btc_ptmc_accept,0.9394116283
METRIC,2026-04-12T23:26:41Z,190738170947260,3532,btc_qm_engine:btc_ptmc_rep_hot,6.0000000000
METRIC,2026-04-12T23:26:41Z,190738170965410,3532,btc_qm_engine:btc_ptmc_rep_cold,5.0000000000
METRIC,2026-04-12T23:26:41Z,190738170983480,3532,btc_qm_engine:btc_ptmc_accept,1.0000000000
METRIC,2026-04-12T23:26:41Z,190738171045170,3532,btc_qm_engine:btc_ptmc_rep_hot,7.0000000000
METRIC,2026-04-12T23:26:41Z,190738171063590,3532,btc_qm_engine:btc_ptmc_rep_cold,6.0000000000
METRIC,2026-04-12T23:26:41Z,190738171081800,3532,btc_qm_engine:btc_ptmc_accept,1.0000000000
METRIC,2026-04-12T23:26:41Z,190738276909914,3532,btc_qm_engine:btc_ptmc_rep_hot,1.0000000000
METRIC,2026-04-12T23:26:41Z,190738276993624,3532,btc_qm_engine:btc_ptmc_rep_cold,0.0000000000
METRIC,2026-04-12T23:26:41Z,190738277034374,3532,btc_qm_engine:btc_ptmc_accept,1.0000000000
METRIC,2026-04-12T23:26:41Z,190738277058394,3532,btc_qm_engine:btc_ptmc_rep_hot,2.0000000000
METRIC,2026-04-12T23:26:41Z,190738277081814,3532,btc_qm_engine:btc_ptmc_rep_cold,1.0000000000
METRIC,2026-04-12T23:26:41Z,190738277140894,3532,btc_qm_engine:btc_ptmc_accept,1.0000000000
METRIC,2026-04-12T23:26:41Z,190738277180004,3532,btc_qm_engine:btc_ptmc_rep_hot,3.0000000000
METRIC,2026-04-12T23:26:41Z,190738277204084,3532,btc_qm_engine:btc_ptmc_rep_cold,2.0000000000
METRIC,2026-04-12T23:26:41Z,190738277228714,3532,btc_qm_engine:btc_ptmc_accept,1.0000000000
METRIC,2026-04-12T23:26:41Z,190738277260154,3532,btc_qm_engine:btc_ptmc_rep_hot,4.0000000000
METRIC,2026-04-12T23:26:41Z,190738277282354,3532,btc_qm_engine:btc_ptmc_rep_cold,3.0000000000
METRIC,2026-04-12T23:26:41Z,190738277301084,3532,btc_qm_engine:btc_ptmc_accept,1.0000000000
METRIC,2026-04-12T23:26:41Z,190738277329904,3532,btc_qm_engine:btc_ptmc_rep_hot,5.0000000000
METRIC,2026-04-12T23:26:41Z,190738277351614,3532,btc_qm_engine:btc_ptmc_rep_cold,4.0000000000
METRIC,2026-04-12T23:26:41Z,190738277376074,3532,btc_qm_engine:btc_ptmc_accept,1.0000000000
METRIC,2026-04-12T23:26:41Z,190738278325073,3532,btc_qm_engine:btc_ptmc_rep_hot,6.0000000000
METRIC,2026-04-12T23:26:41Z,190738278356033,3532,btc_qm_engine:btc_ptmc_rep_cold,5.0000000000
METRIC,2026-04-12T23:26:41Z,190738278375613,3532,btc_qm_engine:btc_ptmc_accept,1.0000000000
METRIC,2026-04-12T23:26:41Z,190738278406823,3532,btc_qm_engine:btc_ptmc_rep_hot,7.0000000000
METRIC,2026-04-12T23:26:41Z,190738278447763,3532,btc_qm_engine:btc_ptmc_rep_cold,6.0000000000
METRIC,2026-04-12T23:26:41Z,190738278472933,3532,btc_qm_engine:btc_ptmc_accept,1.0000000000
METRIC,2026-04-12T23:26:41Z,190738377310617,3532,btc_qm_engine:btc_ptmc_rep_hot,1.0000000000
METRIC,2026-04-12T23:26:41Z,190738377395397,3532,btc_qm_engine:btc_ptmc_rep_cold,0.0000000000
METRIC,2026-04-12T23:26:41Z,190738377422557,3532,btc_qm_engine:btc_ptmc_accept,1.0000000000
METRIC,2026-04-12T23:26:41Z,190738377454637,3532,btc_qm_engine:btc_ptmc_rep_hot,2.0000000000
METRIC,2026-04-12T23:26:41Z,190738377474487,3532,btc_qm_engine:btc_ptmc_rep_cold,1.0000000000
METRIC,2026-04-12T23:26:41Z,190738377492887,3532,btc_qm_engine:btc_ptmc_accept,0.7165140378
METRIC,2026-04-12T23:26:41Z,190738377514977,3532,btc_qm_engine:btc_ptmc_rep_hot,3.0000000000
METRIC,2026-04-12T23:26:41Z,190738377533187,3532,btc_qm_engine:btc_ptmc_rep_cold,2.0000000000
METRIC,2026-04-12T23:26:41Z,190738377551527,3532,btc_qm_engine:btc_ptmc_accept,1.0000000000
METRIC,2026-04-12T23:26:41Z,190738377574977,3532,btc_qm_engine:btc_ptmc_rep_hot,4.0000000000
METRIC,2026-04-12T23:26:41Z,190738377593107,3532,btc_qm_engine:btc_ptmc_rep_cold,3.0000000000
METRIC,2026-04-12T23:26:41Z,190738377611487,3532,btc_qm_engine:btc_ptmc_accept,1.0000000000
METRIC,2026-04-12T23:26:41Z,190738377632607,3532,btc_qm_engine:btc_ptmc_rep_hot,5.0000000000
METRIC,2026-04-12T23:26:41Z,190738377650587,3532,btc_qm_engine:btc_ptmc_rep_cold,4.0000000000
METRIC,2026-04-12T23:26:41Z,190738377668807,3532,btc_qm_engine:btc_ptmc_accept,1.0000000000
METRIC,2026-04-12T23:26:41Z,190738377702507,3532,btc_qm_engine:btc_ptmc_rep_hot,6.0000000000
METRIC,2026-04-12T23:26:41Z,190738377731397,3532,btc_qm_engine:btc_ptmc_rep_cold,5.0000000000
METRIC,2026-04-12T23:26:41Z,190738377755677,3532,btc_qm_engine:btc_ptmc_accept,1.0000000000
METRIC,2026-04-12T23:26:41Z,190738377774237,3532,btc_qm_engine:btc_ptmc_rep_hot,7.0000000000
METRIC,2026-04-12T23:26:41Z,190738377798027,3532,btc_qm_engine:btc_ptmc_rep_cold,6.0000000000
METRIC,2026-04-12T23:26:41Z,190738377819627,3532,btc_qm_engine:btc_ptmc_accept,1.0000000000
METRIC,2026-04-12T23:26:41Z,190738384502377,3532,btc_qm_engine:btc_hashrate_mhs,0.9654202095
METRIC,2026-04-12T23:26:41Z,190738384565537,3532,btc_qm_engine:btc_hashrate_thread_id,6.0000000000
METRIC,2026-04-12T23:26:41Z,190738384815127,3532,btc_qm_engine:btc_hashrate_mhs,0.9656000957
METRIC,2026-04-12T23:26:41Z,190738384861907,3532,btc_qm_engine:btc_hashrate_thread_id,7.0000000000
METRIC,2026-04-12T23:26:41Z,190738385086467,3532,btc_qm_engine:btc_hashrate_mhs,0.9658539739
METRIC,2026-04-12T23:26:41Z,190738385118207,3532,btc_qm_engine:btc_hashrate_thread_id,1.0000000000
METRIC,2026-04-12T23:26:41Z,190738385157237,3532,btc_qm_engine:btc_hashrate_mhs,0.9660327895
METRIC,2026-04-12T23:26:41Z,190738385195217,3532,btc_qm_engine:btc_hashrate_thread_id,5.0000000000
METRIC,2026-04-12T23:26:41Z,190738386051687,3532,btc_qm_engine:btc_hashrate_mhs,0.9660686579
METRIC,2026-04-12T23:26:41Z,190738386104097,3532,btc_qm_engine:btc_hashrate_thread_id,2.0000000000
METRIC,2026-04-12T23:26:41Z,190738386453777,3532,btc_qm_engine:btc_nx48_stall_count,2.0000000000
METRIC,2026-04-12T23:26:41Z,190738386486477,3532,btc_qm_engine:btc_nx48_delta_nonce_old,1.6520510554
METRIC,2026-04-12T23:26:41Z,190738386512187,3532,btc_qm_engine:btc_nx48_delta_nonce_new,1.7331144176
METRIC,2026-04-12T23:26:41Z,190738386536997,3532,btc_qm_engine:btc_nx48_batch_old,4.0000000000
METRIC,2026-04-12T23:26:41Z,190738386561537,3532,btc_qm_engine:btc_nx48_batch_new,4.0000000000
METRIC,2026-04-12T23:26:41Z,190738386585877,3532,btc_qm_engine:btc_nx48_loss,0.6874338179
METRIC,2026-04-12T23:26:41Z,190738386611177,3532,btc_qm_engine:btc_nx48_grad_norm,0.7402790316
METRIC,2026-04-12T23:26:41Z,190738386636037,3532,btc_qm_engine:btc_nx48_update_count,39.0000000000
METRIC,2026-04-12T23:26:41Z,190738386662117,3532,btc_qm_engine:btc_nx48_exploration_bias,0.4695682435
METRIC,2026-04-12T23:26:41Z,190738386686697,3532,btc_qm_engine:btc_hashrate_mhs,0.9662279374
METRIC,2026-04-12T23:26:41Z,190738386738637,3532,btc_qm_engine:btc_hashrate_thread_id,0.0000000000
METRIC,2026-04-12T23:26:41Z,190738390535576,3532,btc_qm_engine:btc_hashrate_mhs,0.9654994913
METRIC,2026-04-12T23:26:41Z,190738390583376,3532,btc_qm_engine:btc_hashrate_thread_id,3.0000000000
METRIC,2026-04-12T23:26:41Z,190738391461376,3532,btc_qm_engine:btc_hashrate_mhs,0.9660421566
METRIC,2026-04-12T23:26:41Z,190738391492576,3532,btc_qm_engine:btc_hashrate_thread_id,4.0000000000
METRIC,2026-04-12T23:26:41Z,190738479664251,3532,btc_qm_engine:btc_ptmc_rep_hot,1.0000000000
METRIC,2026-04-12T23:26:41Z,190738479749531,3532,btc_qm_engine:btc_ptmc_rep_cold,0.0000000000
METRIC,2026-04-12T23:26:41Z,190738479776231,3532,btc_qm_engine:btc_ptmc_accept,1.0000000000
METRIC,2026-04-12T23:26:41Z,190738479804941,3532,btc_qm_engine:btc_ptmc_rep_hot,2.0000000000
METRIC,2026-04-12T23:26:41Z,190738479829901,3532,btc_qm_engine:btc_ptmc_rep_cold,1.0000000000
METRIC,2026-04-12T23:26:41Z,190738479854851,3532,btc_qm_engine:btc_ptmc_accept,1.0000000000
METRIC,2026-04-12T23:26:41Z,190738479887251,3532,btc_qm_engine:btc_ptmc_rep_hot,3.0000000000
METRIC,2026-04-12T23:26:41Z,190738479926061,3532,btc_qm_engine:btc_ptmc_rep_cold,2.0000000000
METRIC,2026-04-12T23:26:41Z,190738479961301,3532,btc_qm_engine:btc_ptmc_accept,1.0000000000
METRIC,2026-04-12T23:26:41Z,190738479994011,3532,btc_qm_engine:btc_ptmc_rep_hot,4.0000000000
METRIC,2026-04-12T23:26:41Z,190738480053111,3532,btc_qm_engine:btc_ptmc_rep_cold,3.0000000000
METRIC,2026-04-12T23:26:41Z,190738480077931,3532,btc_qm_engine:btc_ptmc_accept,1.0000000000
METRIC,2026-04-12T23:26:41Z,190738480111711,3532,btc_qm_engine:btc_ptmc_rep_hot,5.0000000000
METRIC,2026-04-12T23:26:41Z,190738480136351,3532,btc_qm_engine:btc_ptmc_rep_cold,4.0000000000
METRIC,2026-04-12T23:26:41Z,190738480159411,3532,btc_qm_engine:btc_ptmc_accept,1.0000000000
METRIC,2026-04-12T23:26:41Z,190738480190931,3532,btc_qm_engine:btc_ptmc_rep_hot,6.0000000000
METRIC,2026-04-12T23:26:41Z,190738480216240,3532,btc_qm_engine:btc_ptmc_rep_cold,5.0000000000
METRIC,2026-04-12T23:26:41Z,190738480239360,3532,btc_qm_engine:btc_ptmc_accept,1.0000000000
METRIC,2026-04-12T23:26:41Z,190738480265560,3532,btc_qm_engine:btc_ptmc_rep_hot,7.0000000000
METRIC,2026-04-12T23:26:41Z,190738480290890,3532,btc_qm_engine:btc_ptmc_rep_cold,6.0000000000
METRIC,2026-04-12T23:26:41Z,190738480314920,3532,btc_qm_engine:btc_ptmc_accept,1.0000000000
METRIC,2026-04-12T23:26:41Z,190738584044194,3532,btc_qm_engine:btc_ptmc_rep_hot,1.0000000000
METRIC,2026-04-12T23:26:41Z,190738584121624,3532,btc_qm_engine:btc_ptmc_rep_cold,0.0000000000
METRIC,2026-04-12T23:26:41Z,190738584148254,3532,btc_qm_engine:btc_ptmc_accept,1.0000000000
METRIC,2026-04-12T23:26:41Z,190738584173954,3532,btc_qm_engine:btc_ptmc_rep_hot,2.0000000000
METRIC,2026-04-12T23:26:41Z,190738584198914,3532,btc_qm_engine:btc_ptmc_rep_cold,1.0000000000
METRIC,2026-04-12T23:26:41Z,190738584223744,3532,btc_qm_engine:btc_ptmc_accept,1.0000000000
METRIC,2026-04-12T23:26:41Z,190738584248614,3532,btc_qm_engine:btc_ptmc_rep_hot,3.0000000000
METRIC,2026-04-12T23:26:41Z,190738584273224,3532,btc_qm_engine:btc_ptmc_rep_cold,2.0000000000
METRIC,2026-04-12T23:26:41Z,190738584298134,3532,btc_qm_engine:btc_ptmc_accept,1.0000000000
METRIC,2026-04-12T23:26:41Z,190738584326244,3532,btc_qm_engine:btc_ptmc_rep_hot,4.0000000000
METRIC,2026-04-12T23:26:41Z,190738584350764,3532,btc_qm_engine:btc_ptmc_rep_cold,3.0000000000
METRIC,2026-04-12T23:26:41Z,190738584375544,3532,btc_qm_engine:btc_ptmc_accept,1.0000000000
METRIC,2026-04-12T23:26:41Z,190738584400344,3532,btc_qm_engine:btc_ptmc_rep_hot,5.0000000000
METRIC,2026-04-12T23:26:41Z,190738584425064,3532,btc_qm_engine:btc_ptmc_rep_cold,4.0000000000
METRIC,2026-04-12T23:26:41Z,190738584449664,3532,btc_qm_engine:btc_ptmc_accept,1.0000000000
METRIC,2026-04-12T23:26:41Z,190738584474324,3532,btc_qm_engine:btc_ptmc_rep_hot,6.0000000000
METRIC,2026-04-12T23:26:41Z,190738584499184,3532,btc_qm_engine:btc_ptmc_rep_cold,5.0000000000
METRIC,2026-04-12T23:26:41Z,190738584523804,3532,btc_qm_engine:btc_ptmc_accept,1.0000000000
METRIC,2026-04-12T23:26:41Z,190738584585294,3532,btc_qm_engine:btc_ptmc_rep_hot,7.0000000000
METRIC,2026-04-12T23:26:41Z,190738584610574,3532,btc_qm_engine:btc_ptmc_rep_cold,6.0000000000
METRIC,2026-04-12T23:26:41Z,190738584635774,3532,btc_qm_engine:btc_ptmc_accept,1.0000000000
METRIC,2026-04-12T23:26:42Z,190738687469757,3532,btc_qm_engine:btc_ptmc_rep_hot,1.0000000000
METRIC,2026-04-12T23:26:42Z,190738687572947,3532,btc_qm_engine:btc_ptmc_rep_cold,0.0000000000
METRIC,2026-04-12T23:26:42Z,190738687599317,3532,btc_qm_engine:btc_ptmc_accept,1.0000000000
METRIC,2026-04-12T23:26:42Z,190738687624897,3532,btc_qm_engine:btc_ptmc_rep_hot,2.0000000000
METRIC,2026-04-12T23:26:42Z,190738687650557,3532,btc_qm_engine:btc_ptmc_rep_cold,1.0000000000
METRIC,2026-04-12T23:26:42Z,190738687675247,3532,btc_qm_engine:btc_ptmc_accept,1.0000000000
METRIC,2026-04-12T23:26:42Z,190738687701327,3532,btc_qm_engine:btc_ptmc_rep_hot,3.0000000000
METRIC,2026-04-12T23:26:42Z,190738687726047,3532,btc_qm_engine:btc_ptmc_rep_cold,2.0000000000
METRIC,2026-04-12T23:26:42Z,190738687752487,3532,btc_qm_engine:btc_ptmc_accept,0.8464909161
METRIC,2026-04-12T23:26:42Z,190738687779377,3532,btc_qm_engine:btc_ptmc_rep_hot,4.0000000000
METRIC,2026-04-12T23:26:42Z,190738687804507,3532,btc_qm_engine:btc_ptmc_rep_cold,3.0000000000
METRIC,2026-04-12T23:26:42Z,190738687829217,3532,btc_qm_engine:btc_ptmc_accept,1.0000000000
METRIC,2026-04-12T23:26:42Z,190738687854337,3532,btc_qm_engine:btc_ptmc_rep_hot,5.0000000000
METRIC,2026-04-12T23:26:42Z,190738687878977,3532,btc_qm_engine:btc_ptmc_rep_cold,4.0000000000
METRIC,2026-04-12T23:26:42Z,190738687916797,3532,btc_qm_engine:btc_ptmc_accept,0.9394144973
METRIC,2026-04-12T23:26:42Z,190738687947857,3532,btc_qm_engine:btc_ptmc_rep_hot,6.0000000000
METRIC,2026-04-12T23:26:42Z,190738687972667,3532,btc_qm_engine:btc_ptmc_rep_cold,5.0000000000
METRIC,2026-04-12T23:26:42Z,190738688037337,3532,btc_qm_engine:btc_ptmc_accept,0.9642900774
METRIC,2026-04-12T23:26:42Z,190738688064027,3532,btc_qm_engine:btc_ptmc_rep_hot,7.0000000000
METRIC,2026-04-12T23:26:42Z,190738688088887,3532,btc_qm_engine:btc_ptmc_rep_cold,6.0000000000
METRIC,2026-04-12T23:26:42Z,190738688113687,3532,btc_qm_engine:btc_ptmc_accept,0.9767452464
METRIC,2026-04-12T23:26:42Z,190738791188211,3532,btc_qm_engine:btc_ptmc_rep_hot,1.0000000000
METRIC,2026-04-12T23:26:42Z,190738791283591,3532,btc_qm_engine:btc_ptmc_rep_cold,0.0000000000
METRIC,2026-04-12T23:26:42Z,190738791310461,3532,btc_qm_engine:btc_ptmc_accept,1.0000000000
METRIC,2026-04-12T23:26:42Z,190738791341421,3532,btc_qm_engine:btc_ptmc_rep_hot,2.0000000000
METRIC,2026-04-12T23:26:42Z,190738791366101,3532,btc_qm_engine:btc_ptmc_rep_cold,1.0000000000
METRIC,2026-04-12T23:26:42Z,190738791390801,3532,btc_qm_engine:btc_ptmc_accept,1.0000000000
METRIC,2026-04-12T23:26:42Z,190738791422631,3532,btc_qm_engine:btc_ptmc_rep_hot,3.0000000000
METRIC,2026-04-12T23:26:42Z,190738791447491,3532,btc_qm_engine:btc_ptmc_rep_cold,2.0000000000
METRIC,2026-04-12T23:26:42Z,190738791471831,3532,btc_qm_engine:btc_ptmc_accept,1.0000000000
METRIC,2026-04-12T23:26:42Z,190738791499591,3532,btc_qm_engine:btc_ptmc_rep_hot,4.0000000000
METRIC,2026-04-12T23:26:42Z,190738791524021,3532,btc_qm_engine:btc_ptmc_rep_cold,3.0000000000
METRIC,2026-04-12T23:26:42Z,190738791548481,3532,btc_qm_engine:btc_ptmc_accept,1.0000000000
METRIC,2026-04-12T23:26:42Z,190738791615571,3532,btc_qm_engine:btc_ptmc_rep_hot,5.0000000000
METRIC,2026-04-12T23:26:42Z,190738791640291,3532,btc_qm_engine:btc_ptmc_rep_cold,4.0000000000
METRIC,2026-04-12T23:26:42Z,190738791671821,3532,btc_qm_engine:btc_ptmc_accept,1.0000000000
METRIC,2026-04-12T23:26:42Z,190738791704161,3532,btc_qm_engine:btc_ptmc_rep_hot,6.0000000000
METRIC,2026-04-12T23:26:42Z,190738791729131,3532,btc_qm_engine:btc_ptmc_rep_cold,5.0000000000
METRIC,2026-04-12T23:26:42Z,190738791753771,3532,btc_qm_engine:btc_ptmc_accept,1.0000000000
METRIC,2026-04-12T23:26:42Z,190738791778571,3532,btc_qm_engine:btc_ptmc_rep_hot,7.0000000000
METRIC,2026-04-12T23:26:42Z,190738791802861,3532,btc_qm_engine:btc_ptmc_rep_cold,6.0000000000
METRIC,2026-04-12T23:26:42Z,190738791825981,3532,btc_qm_engine:btc_ptmc_accept,1.0000000000
METRIC,2026-04-12T23:26:42Z,190738895477784,3532,btc_qm_engine:btc_ptmc_rep_hot,1.0000000000
METRIC,2026-04-12T23:26:42Z,190738895571014,3532,btc_qm_engine:btc_ptmc_rep_cold,0.0000000000
METRIC,2026-04-12T23:26:42Z,190738895597924,3532,btc_qm_engine:btc_ptmc_accept,1.0000000000
METRIC,2026-04-12T23:26:42Z,190738895622654,3532,btc_qm_engine:btc_ptmc_rep_hot,2.0000000000
METRIC,2026-04-12T23:26:42Z,190738895647584,3532,btc_qm_engine:btc_ptmc_rep_cold,1.0000000000
METRIC,2026-04-12T23:26:42Z,190738895671744,3532,btc_qm_engine:btc_ptmc_accept,1.0000000000
METRIC,2026-04-12T23:26:42Z,190738895696104,3532,btc_qm_engine:btc_ptmc_rep_hot,3.0000000000
METRIC,2026-04-12T23:26:42Z,190738895720554,3532,btc_qm_engine:btc_ptmc_rep_cold,2.0000000000
METRIC,2026-04-12T23:26:42Z,190738895752494,3532,btc_qm_engine:btc_ptmc_accept,1.0000000000
METRIC,2026-04-12T23:26:42Z,190738895782694,3532,btc_qm_engine:btc_ptmc_rep_hot,4.0000000000
METRIC,2026-04-12T23:26:42Z,190738895807144,3532,btc_qm_engine:btc_ptmc_rep_cold,3.0000000000
METRIC,2026-04-12T23:26:42Z,190738895832354,3532,btc_qm_engine:btc_ptmc_accept,1.0000000000
METRIC,2026-04-12T23:26:42Z,190738895863644,3532,btc_qm_engine:btc_ptmc_rep_hot,5.0000000000
METRIC,2026-04-12T23:26:42Z,190738895887924,3532,btc_qm_engine:btc_ptmc_rep_cold,4.0000000000
METRIC,2026-04-12T23:26:42Z,190738895912504,3532,btc_qm_engine:btc_ptmc_accept,1.0000000000
METRIC,2026-04-12T23:26:42Z,190738895937704,3532,btc_qm_engine:btc_ptmc_rep_hot,6.0000000000
METRIC,2026-04-12T23:26:42Z,190738895961874,3532,btc_qm_engine:btc_ptmc_rep_cold,5.0000000000
METRIC,2026-04-12T23:26:42Z,190738895986384,3532,btc_qm_engine:btc_ptmc_accept,1.0000000000
METRIC,2026-04-12T23:26:42Z,190738896025284,3532,btc_qm_engine:btc_ptmc_rep_hot,7.0000000000
METRIC,2026-04-12T23:26:42Z,190738896049904,3532,btc_qm_engine:btc_ptmc_rep_cold,6.0000000000
METRIC,2026-04-12T23:26:42Z,190738896073454,3532,btc_qm_engine:btc_ptmc_accept,1.0000000000
METRIC,2026-04-12T23:26:42Z,190738996484288,3532,btc_qm_engine:btc_ptmc_rep_hot,1.0000000000
METRIC,2026-04-12T23:26:42Z,190738996548768,3532,btc_qm_engine:btc_ptmc_rep_cold,0.0000000000
METRIC,2026-04-12T23:26:42Z,190738996569918,3532,btc_qm_engine:btc_ptmc_accept,1.0000000000
METRIC,2026-04-12T23:26:42Z,190738996595938,3532,btc_qm_engine:btc_ptmc_rep_hot,2.0000000000
METRIC,2026-04-12T23:26:42Z,190738996615128,3532,btc_qm_engine:btc_ptmc_rep_cold,1.0000000000
METRIC,2026-04-12T23:26:42Z,190738996635058,3532,btc_qm_engine:btc_ptmc_accept,1.0000000000
METRIC,2026-04-12T23:26:42Z,190738996671478,3532,btc_qm_engine:btc_ptmc_rep_hot,3.0000000000
METRIC,2026-04-12T23:26:42Z,190738996702358,3532,btc_qm_engine:btc_ptmc_rep_cold,2.0000000000
METRIC,2026-04-12T23:26:42Z,190738996729918,3532,btc_qm_engine:btc_ptmc_accept,1.0000000000
METRIC,2026-04-12T23:26:42Z,190738996757548,3532,btc_qm_engine:btc_ptmc_rep_hot,4.0000000000
METRIC,2026-04-12T23:26:42Z,190738996776308,3532,btc_qm_engine:btc_ptmc_rep_cold,3.0000000000
METRIC,2026-04-12T23:26:42Z,190738996795228,3532,btc_qm_engine:btc_ptmc_accept,1.0000000000
METRIC,2026-04-12T23:26:42Z,190738996816568,3532,btc_qm_engine:btc_ptmc_rep_hot,5.0000000000
METRIC,2026-04-12T23:26:42Z,190738996835138,3532,btc_qm_engine:btc_ptmc_rep_cold,4.0000000000
METRIC,2026-04-12T23:26:42Z,190738996853828,3532,btc_qm_engine:btc_ptmc_accept,1.0000000000
METRIC,2026-04-12T23:26:42Z,190738996894058,3532,btc_qm_engine:btc_ptmc_rep_hot,6.0000000000
METRIC,2026-04-12T23:26:42Z,190738996919128,3532,btc_qm_engine:btc_ptmc_rep_cold,5.0000000000
METRIC,2026-04-12T23:26:42Z,190738996943578,3532,btc_qm_engine:btc_ptmc_accept,1.0000000000
METRIC,2026-04-12T23:26:42Z,190738996972428,3532,btc_qm_engine:btc_ptmc_rep_hot,7.0000000000
METRIC,2026-04-12T23:26:42Z,190738996992048,3532,btc_qm_engine:btc_ptmc_rep_cold,6.0000000000
METRIC,2026-04-12T23:26:42Z,190738997051368,3532,btc_qm_engine:btc_ptmc_accept,1.0000000000
METRIC,2026-04-12T23:26:42Z,190739099113691,3532,btc_qm_engine:btc_ptmc_rep_hot,1.0000000000
METRIC,2026-04-12T23:26:42Z,190739099193411,3532,btc_qm_engine:btc_ptmc_rep_cold,0.0000000000
METRIC,2026-04-12T23:26:42Z,190739099220111,3532,btc_qm_engine:btc_ptmc_accept,1.0000000000
METRIC,2026-04-12T23:26:42Z,190739099251621,3532,btc_qm_engine:btc_ptmc_rep_hot,2.0000000000
METRIC,2026-04-12T23:26:42Z,190739099276181,3532,btc_qm_engine:btc_ptmc_rep_cold,1.0000000000
METRIC,2026-04-12T23:26:42Z,190739099300851,3532,btc_qm_engine:btc_ptmc_accept,1.0000000000
METRIC,2026-04-12T23:26:42Z,190739099354291,3532,btc_qm_engine:btc_ptmc_rep_hot,3.0000000000
METRIC,2026-04-12T23:26:42Z,190739099379641,3532,btc_qm_engine:btc_ptmc_rep_cold,2.0000000000
METRIC,2026-04-12T23:26:42Z,190739099403881,3532,btc_qm_engine:btc_ptmc_accept,1.0000000000
METRIC,2026-04-12T23:26:42Z,190739099443451,3532,btc_qm_engine:btc_ptmc_rep_hot,4.0000000000
METRIC,2026-04-12T23:26:42Z,190739099468441,3532,btc_qm_engine:btc_ptmc_rep_cold,3.0000000000
METRIC,2026-04-12T23:26:42Z,190739099493361,3532,btc_qm_engine:btc_ptmc_accept,0.7408133992
METRIC,2026-04-12T23:26:42Z,190739099523381,3532,btc_qm_engine:btc_ptmc_rep_hot,5.0000000000
METRIC,2026-04-12T23:26:42Z,190739099548121,3532,btc_qm_engine:btc_ptmc_rep_cold,4.0000000000
METRIC,2026-04-12T23:26:42Z,190739099572911,3532,btc_qm_engine:btc_ptmc_accept,0.8290270105
METRIC,2026-04-12T23:26:42Z,190739099605941,3532,btc_qm_engine:btc_ptmc_rep_hot,6.0000000000
METRIC,2026-04-12T23:26:42Z,190739099630781,3532,btc_qm_engine:btc_ptmc_rep_cold,5.0000000000
METRIC,2026-04-12T23:26:42Z,190739099655281,3532,btc_qm_engine:btc_ptmc_accept,0.8966481286
METRIC,2026-04-12T23:26:42Z,190739099686121,3532,btc_qm_engine:btc_ptmc_rep_hot,7.0000000000
METRIC,2026-04-12T23:26:42Z,190739099722981,3532,btc_qm_engine:btc_ptmc_rep_cold,6.0000000000
METRIC,2026-04-12T23:26:42Z,190739099765121,3532,btc_qm_engine:btc_ptmc_accept,0.9540301194
METRIC,2026-04-12T23:26:42Z,190739199433155,3532,btc_qm_engine:btc_ptmc_rep_hot,1.0000000000
METRIC,2026-04-12T23:26:42Z,190739199516405,3532,btc_qm_engine:btc_ptmc_rep_cold,0.0000000000
METRIC,2026-04-12T23:26:42Z,190739199542685,3532,btc_qm_engine:btc_ptmc_accept,1.0000000000
METRIC,2026-04-12T23:26:42Z,190739199572895,3532,btc_qm_engine:btc_ptmc_rep_hot,2.0000000000
METRIC,2026-04-12T23:26:42Z,190739199597615,3532,btc_qm_engine:btc_ptmc_rep_cold,1.0000000000
METRIC,2026-04-12T23:26:42Z,190739199621735,3532,btc_qm_engine:btc_ptmc_accept,1.0000000000
METRIC,2026-04-12T23:26:42Z,190739199659885,3532,btc_qm_engine:btc_ptmc_rep_hot,3.0000000000
METRIC,2026-04-12T23:26:42Z,190739199685215,3532,btc_qm_engine:btc_ptmc_rep_cold,2.0000000000
METRIC,2026-04-12T23:26:42Z,190739199709905,3532,btc_qm_engine:btc_ptmc_accept,1.0000000000
METRIC,2026-04-12T23:26:42Z,190739199740465,3532,btc_qm_engine:btc_ptmc_rep_hot,4.0000000000
METRIC,2026-04-12T23:26:42Z,190739199765105,3532,btc_qm_engine:btc_ptmc_rep_cold,3.0000000000
METRIC,2026-04-12T23:26:42Z,190739199789705,3532,btc_qm_engine:btc_ptmc_accept,1.0000000000
METRIC,2026-04-12T23:26:42Z,190739199824805,3532,btc_qm_engine:btc_ptmc_rep_hot,5.0000000000
METRIC,2026-04-12T23:26:42Z,190739199849395,3532,btc_qm_engine:btc_ptmc_rep_cold,4.0000000000
METRIC,2026-04-12T23:26:42Z,190739199874525,3532,btc_qm_engine:btc_ptmc_accept,0.9394138589
METRIC,2026-04-12T23:26:42Z,190739199908245,3532,btc_qm_engine:btc_ptmc_rep_hot,6.0000000000
METRIC,2026-04-12T23:26:42Z,190739199933465,3532,btc_qm_engine:btc_ptmc_rep_cold,5.0000000000
METRIC,2026-04-12T23:26:42Z,190739199981015,3532,btc_qm_engine:btc_ptmc_accept,0.9642898556
METRIC,2026-04-12T23:26:42Z,190739200052975,3532,btc_qm_engine:btc_ptmc_rep_hot,7.0000000000
METRIC,2026-04-12T23:26:42Z,190739200078565,3532,btc_qm_engine:btc_ptmc_rep_cold,6.0000000000
METRIC,2026-04-12T23:26:42Z,190739200102825,3532,btc_qm_engine:btc_ptmc_accept,0.9767447714
METRIC,2026-04-12T23:26:42Z,190739314548217,3532,btc_qm_engine:btc_ptmc_rep_hot,1.0000000000
METRIC,2026-04-12T23:26:42Z,190739314613987,3532,btc_qm_engine:btc_ptmc_rep_cold,0.0000000000
METRIC,2026-04-12T23:26:42Z,190739314641357,3532,btc_qm_engine:btc_ptmc_accept,-0.1354937842
METRIC,2026-04-12T23:26:42Z,190739314666377,3532,btc_qm_engine:btc_ptmc_rep_hot,2.0000000000
METRIC,2026-04-12T23:26:42Z,190739314685797,3532,btc_qm_engine:btc_ptmc_rep_cold,1.0000000000
METRIC,2026-04-12T23:26:42Z,190739314704787,3532,btc_qm_engine:btc_ptmc_accept,1.0000000000
METRIC,2026-04-12T23:26:42Z,190739314729417,3532,btc_qm_engine:btc_ptmc_rep_hot,3.0000000000
METRIC,2026-04-12T23:26:42Z,190739314758577,3532,btc_qm_engine:btc_ptmc_rep_cold,2.0000000000
METRIC,2026-04-12T23:26:42Z,190739314777667,3532,btc_qm_engine:btc_ptmc_accept,1.0000000000
METRIC,2026-04-12T23:26:42Z,190739314796997,3532,btc_qm_engine:btc_ptmc_rep_hot,4.0000000000
METRIC,2026-04-12T23:26:42Z,190739314825177,3532,btc_qm_engine:btc_ptmc_rep_cold,3.0000000000
METRIC,2026-04-12T23:26:42Z,190739314848997,3532,btc_qm_engine:btc_ptmc_accept,1.0000000000
METRIC,2026-04-12T23:26:42Z,190739314868677,3532,btc_qm_engine:btc_ptmc_rep_hot,5.0000000000
METRIC,2026-04-12T23:26:42Z,190739314902137,3532,btc_qm_engine:btc_ptmc_rep_cold,4.0000000000
METRIC,2026-04-12T23:26:42Z,190739314933477,3532,btc_qm_engine:btc_ptmc_accept,1.0000000000
METRIC,2026-04-12T23:26:42Z,190739314962037,3532,btc_qm_engine:btc_ptmc_rep_hot,6.0000000000
METRIC,2026-04-12T23:26:42Z,190739314984397,3532,btc_qm_engine:btc_ptmc_rep_cold,5.0000000000
METRIC,2026-04-12T23:26:42Z,190739315022437,3532,btc_qm_engine:btc_ptmc_accept,1.0000000000
METRIC,2026-04-12T23:26:42Z,190739315049327,3532,btc_qm_engine:btc_ptmc_rep_hot,7.0000000000
METRIC,2026-04-12T23:26:42Z,190739315073297,3532,btc_qm_engine:btc_ptmc_rep_cold,6.0000000000
METRIC,2026-04-12T23:26:42Z,190739315097647,3532,btc_qm_engine:btc_ptmc_accept,1.0000000000
HW_SAMPLE,2026-04-12T23:26:42Z,190739381527363,3532,btc_qm_engine:cpu_delta_pct,0.0000
HW_SAMPLE,2026-04-12T23:26:42Z,190739381527363,3532,btc_qm_engine:mem_used_pct,81.1618
HW_SAMPLE,2026-04-12T23:26:42Z,190739381527363,3532,btc_qm_engine:vm_rss_kb,7768
HW_SAMPLE,2026-04-12T23:26:42Z,190739381527363,3532,btc_qm_engine:vm_peak_kb,604968
HW_SAMPLE,2026-04-12T23:26:42Z,190739381493243,3532,btc_qm_engine:cpu_delta_pct,63.9096
HW_SAMPLE,2026-04-12T23:26:42Z,190739381493243,3532,btc_qm_engine:mem_used_pct,81.1618
HW_SAMPLE,2026-04-12T23:26:42Z,190739381493243,3532,btc_qm_engine:vm_rss_kb,7768
HW_SAMPLE,2026-04-12T23:26:42Z,190739381493243,3532,btc_qm_engine:vm_peak_kb,604968
HW_SAMPLE,2026-04-12T23:26:42Z,190739381829083,3532,btc_qm_engine:cpu_delta_pct,0.0000
HW_SAMPLE,2026-04-12T23:26:42Z,190739381829083,3532,btc_qm_engine:mem_used_pct,81.1618
HW_SAMPLE,2026-04-12T23:26:42Z,190739381829083,3532,btc_qm_engine:vm_rss_kb,7776
HW_SAMPLE,2026-04-12T23:26:42Z,190739381829083,3532,btc_qm_engine:vm_peak_kb,604968
HW_SAMPLE,2026-04-12T23:26:42Z,190739382992603,3532,btc_qm_engine:cpu_delta_pct,100.0000
HW_SAMPLE,2026-04-12T23:26:42Z,190739382992603,3532,btc_qm_engine:mem_used_pct,81.1618
HW_SAMPLE,2026-04-12T23:26:42Z,190739382992603,3532,btc_qm_engine:vm_rss_kb,7780
HW_SAMPLE,2026-04-12T23:26:42Z,190739382992603,3532,btc_qm_engine:vm_peak_kb,604968
HW_SAMPLE,2026-04-12T23:26:42Z,190739383097553,3532,btc_qm_engine:cpu_delta_pct,0.0000
HW_SAMPLE,2026-04-12T23:26:42Z,190739383097553,3532,btc_qm_engine:mem_used_pct,81.1618
HW_SAMPLE,2026-04-12T23:26:42Z,190739383097553,3532,btc_qm_engine:vm_rss_kb,7784
HW_SAMPLE,2026-04-12T23:26:42Z,190739383097553,3532,btc_qm_engine:vm_peak_kb,604968
HW_SAMPLE,2026-04-12T23:26:42Z,190739384454093,3532,btc_qm_engine:cpu_delta_pct,0.0000
HW_SAMPLE,2026-04-12T23:26:42Z,190739384454093,3532,btc_qm_engine:mem_used_pct,81.1618
HW_SAMPLE,2026-04-12T23:26:42Z,190739384454093,3532,btc_qm_engine:vm_rss_kb,7788
HW_SAMPLE,2026-04-12T23:26:42Z,190739384454093,3532,btc_qm_engine:vm_peak_kb,604968
HW_SAMPLE,2026-04-12T23:26:42Z,190739385381943,3532,btc_qm_engine:cpu_delta_pct,100.0000
HW_SAMPLE,2026-04-12T23:26:42Z,190739385381943,3532,btc_qm_engine:mem_used_pct,81.1618
HW_SAMPLE,2026-04-12T23:26:42Z,190739385381943,3532,btc_qm_engine:vm_rss_kb,7792
HW_SAMPLE,2026-04-12T23:26:42Z,190739385381943,3532,btc_qm_engine:vm_peak_kb,604968
HW_SAMPLE,2026-04-12T23:26:42Z,190739389175053,3532,btc_qm_engine:cpu_delta_pct,50.0000
HW_SAMPLE,2026-04-12T23:26:42Z,190739389175053,3532,btc_qm_engine:mem_used_pct,81.1618
HW_SAMPLE,2026-04-12T23:26:42Z,190739389175053,3532,btc_qm_engine:vm_rss_kb,7796
HW_SAMPLE,2026-04-12T23:26:42Z,190739389175053,3532,btc_qm_engine:vm_peak_kb,604968
METRIC,2026-04-12T23:26:42Z,190739439941409,3532,btc_qm_engine:btc_ptmc_rep_hot,1.0000000000
METRIC,2026-04-12T23:26:42Z,190739440051049,3532,btc_qm_engine:btc_ptmc_rep_cold,0.0000000000
METRIC,2026-04-12T23:26:42Z,190739440078829,3532,btc_qm_engine:btc_ptmc_accept,1.0000000000
METRIC,2026-04-12T23:26:42Z,190739440105339,3532,btc_qm_engine:btc_ptmc_rep_hot,2.0000000000
METRIC,2026-04-12T23:26:42Z,190739440129939,3532,btc_qm_engine:btc_ptmc_rep_cold,1.0000000000
METRIC,2026-04-12T23:26:42Z,190739440154899,3532,btc_qm_engine:btc_ptmc_accept,-0.2636429336
METRIC,2026-04-12T23:26:42Z,190739440180999,3532,btc_qm_engine:btc_ptmc_rep_hot,3.0000000000
METRIC,2026-04-12T23:26:42Z,190739440205789,3532,btc_qm_engine:btc_ptmc_rep_cold,2.0000000000
METRIC,2026-04-12T23:26:42Z,190739440230349,3532,btc_qm_engine:btc_ptmc_accept,1.0000000000
METRIC,2026-04-12T23:26:42Z,190739440254809,3532,btc_qm_engine:btc_ptmc_rep_hot,4.0000000000
METRIC,2026-04-12T23:26:42Z,190739440279579,3532,btc_qm_engine:btc_ptmc_rep_cold,3.0000000000
METRIC,2026-04-12T23:26:42Z,190739440303829,3532,btc_qm_engine:btc_ptmc_accept,1.0000000000
METRIC,2026-04-12T23:26:42Z,190739440332679,3532,btc_qm_engine:btc_ptmc_rep_hot,5.0000000000
METRIC,2026-04-12T23:26:42Z,190739440357179,3532,btc_qm_engine:btc_ptmc_rep_cold,4.0000000000
METRIC,2026-04-12T23:26:42Z,190739440381539,3532,btc_qm_engine:btc_ptmc_accept,1.0000000000
METRIC,2026-04-12T23:26:42Z,190739440409229,3532,btc_qm_engine:btc_ptmc_rep_hot,6.0000000000
METRIC,2026-04-12T23:26:42Z,190739440433439,3532,btc_qm_engine:btc_ptmc_rep_cold,5.0000000000
METRIC,2026-04-12T23:26:42Z,190739440457819,3532,btc_qm_engine:btc_ptmc_accept,1.0000000000
METRIC,2026-04-12T23:26:42Z,190739440485229,3532,btc_qm_engine:btc_ptmc_rep_hot,7.0000000000
METRIC,2026-04-12T23:26:42Z,190739440509469,3532,btc_qm_engine:btc_ptmc_rep_cold,6.0000000000
METRIC,2026-04-12T23:26:42Z,190739440533849,3532,btc_qm_engine:btc_ptmc_accept,1.0000000000
METRIC,2026-04-12T23:26:42Z,190739547085583,3532,btc_qm_engine:btc_ptmc_rep_hot,1.0000000000
METRIC,2026-04-12T23:26:42Z,190739547157313,3532,btc_qm_engine:btc_ptmc_rep_cold,0.0000000000
METRIC,2026-04-12T23:26:42Z,190739547178573,3532,btc_qm_engine:btc_ptmc_accept,1.0000000000
METRIC,2026-04-12T23:26:42Z,190739547198973,3532,btc_qm_engine:btc_ptmc_rep_hot,2.0000000000
METRIC,2026-04-12T23:26:42Z,190739547218183,3532,btc_qm_engine:btc_ptmc_rep_cold,1.0000000000
METRIC,2026-04-12T23:26:42Z,190739547238263,3532,btc_qm_engine:btc_ptmc_accept,1.0000000000
METRIC,2026-04-12T23:26:42Z,190739547290613,3532,btc_qm_engine:btc_ptmc_rep_hot,3.0000000000
METRIC,2026-04-12T23:26:42Z,190739547327033,3532,btc_qm_engine:btc_ptmc_rep_cold,2.0000000000
METRIC,2026-04-12T23:26:42Z,190739547346133,3532,btc_qm_engine:btc_ptmc_accept,1.0000000000
METRIC,2026-04-12T23:26:42Z,190739547372033,3532,btc_qm_engine:btc_ptmc_rep_hot,4.0000000000
METRIC,2026-04-12T23:26:42Z,190739547391123,3532,btc_qm_engine:btc_ptmc_rep_cold,3.0000000000
METRIC,2026-04-12T23:26:42Z,190739547412813,3532,btc_qm_engine:btc_ptmc_accept,1.0000000000
METRIC,2026-04-12T23:26:42Z,190739547464003,3532,btc_qm_engine:btc_ptmc_rep_hot,5.0000000000
METRIC,2026-04-12T23:26:42Z,190739547483713,3532,btc_qm_engine:btc_ptmc_rep_cold,4.0000000000
METRIC,2026-04-12T23:26:42Z,190739547502803,3532,btc_qm_engine:btc_ptmc_accept,1.0000000000
METRIC,2026-04-12T23:26:42Z,190739547524903,3532,btc_qm_engine:btc_ptmc_rep_hot,6.0000000000
METRIC,2026-04-12T23:26:42Z,190739547544193,3532,btc_qm_engine:btc_ptmc_rep_cold,5.0000000000
METRIC,2026-04-12T23:26:42Z,190739547563233,3532,btc_qm_engine:btc_ptmc_accept,1.0000000000
METRIC,2026-04-12T23:26:42Z,190739547588513,3532,btc_qm_engine:btc_ptmc_rep_hot,7.0000000000
METRIC,2026-04-12T23:26:42Z,190739547607453,3532,btc_qm_engine:btc_ptmc_rep_cold,6.0000000000
METRIC,2026-04-12T23:26:42Z,190739547626353,3532,btc_qm_engine:btc_ptmc_accept,1.0000000000
METRIC,2026-04-12T23:26:43Z,190739652220096,3532,btc_qm_engine:btc_ptmc_rep_hot,1.0000000000
METRIC,2026-04-12T23:26:43Z,190739652280866,3532,btc_qm_engine:btc_ptmc_rep_cold,0.0000000000
METRIC,2026-04-12T23:26:43Z,190739652301156,3532,btc_qm_engine:btc_ptmc_accept,-0.5134171190
METRIC,2026-04-12T23:26:43Z,190739652333176,3532,btc_qm_engine:btc_ptmc_rep_hot,2.0000000000
METRIC,2026-04-12T23:26:43Z,190739652368336,3532,btc_qm_engine:btc_ptmc_rep_cold,1.0000000000
METRIC,2026-04-12T23:26:43Z,190739652388506,3532,btc_qm_engine:btc_ptmc_accept,1.0000000000
METRIC,2026-04-12T23:26:43Z,190739652414016,3532,btc_qm_engine:btc_ptmc_rep_hot,3.0000000000
METRIC,2026-04-12T23:26:43Z,190739652432286,3532,btc_qm_engine:btc_ptmc_rep_cold,2.0000000000
METRIC,2026-04-12T23:26:43Z,190739652450656,3532,btc_qm_engine:btc_ptmc_accept,1.0000000000
METRIC,2026-04-12T23:26:43Z,190739652477306,3532,btc_qm_engine:btc_ptmc_rep_hot,4.0000000000
METRIC,2026-04-12T23:26:43Z,190739652495716,3532,btc_qm_engine:btc_ptmc_rep_cold,3.0000000000
METRIC,2026-04-12T23:26:43Z,190739652517706,3532,btc_qm_engine:btc_ptmc_accept,1.0000000000
METRIC,2026-04-12T23:26:43Z,190739652545266,3532,btc_qm_engine:btc_ptmc_rep_hot,5.0000000000
METRIC,2026-04-12T23:26:43Z,190739652569736,3532,btc_qm_engine:btc_ptmc_rep_cold,4.0000000000
METRIC,2026-04-12T23:26:43Z,190739652588356,3532,btc_qm_engine:btc_ptmc_accept,1.0000000000
METRIC,2026-04-12T23:26:43Z,190739652611906,3532,btc_qm_engine:btc_ptmc_rep_hot,6.0000000000
METRIC,2026-04-12T23:26:43Z,190739652630176,3532,btc_qm_engine:btc_ptmc_rep_cold,5.0000000000
METRIC,2026-04-12T23:26:43Z,190739652648556,3532,btc_qm_engine:btc_ptmc_accept,1.0000000000
METRIC,2026-04-12T23:26:43Z,190739652672176,3532,btc_qm_engine:btc_ptmc_rep_hot,7.0000000000
METRIC,2026-04-12T23:26:43Z,190739652693766,3532,btc_qm_engine:btc_ptmc_rep_cold,6.0000000000
METRIC,2026-04-12T23:26:43Z,190739652727986,3532,btc_qm_engine:btc_ptmc_accept,1.0000000000
METRIC,2026-04-12T23:26:43Z,190739752433760,3532,btc_qm_engine:btc_ptmc_rep_hot,1.0000000000
METRIC,2026-04-12T23:26:43Z,190739752905390,3532,btc_qm_engine:btc_ptmc_rep_cold,0.0000000000
METRIC,2026-04-12T23:26:43Z,190739752935750,3532,btc_qm_engine:btc_ptmc_accept,1.0000000000
METRIC,2026-04-12T23:26:43Z,190739752990940,3532,btc_qm_engine:btc_ptmc_rep_hot,2.0000000000
METRIC,2026-04-12T23:26:43Z,190739753076250,3532,btc_qm_engine:btc_ptmc_rep_cold,1.0000000000
METRIC,2026-04-12T23:26:43Z,190739753101010,3532,btc_qm_engine:btc_ptmc_accept,1.0000000000
METRIC,2026-04-12T23:26:43Z,190739753463679,3532,btc_qm_engine:btc_ptmc_rep_hot,3.0000000000
METRIC,2026-04-12T23:26:43Z,190739753489469,3532,btc_qm_engine:btc_ptmc_rep_cold,2.0000000000
METRIC,2026-04-12T23:26:43Z,190739753513399,3532,btc_qm_engine:btc_ptmc_accept,0.7165119046
METRIC,2026-04-12T23:26:43Z,190739753543269,3532,btc_qm_engine:btc_ptmc_rep_hot,4.0000000000
METRIC,2026-04-12T23:26:43Z,190739753568199,3532,btc_qm_engine:btc_ptmc_rep_cold,3.0000000000
METRIC,2026-04-12T23:26:43Z,190739753592319,3532,btc_qm_engine:btc_ptmc_accept,-0.8187227707
METRIC,2026-04-12T23:26:43Z,190739753620299,3532,btc_qm_engine:btc_ptmc_rep_hot,5.0000000000
METRIC,2026-04-12T23:26:43Z,190739753644609,3532,btc_qm_engine:btc_ptmc_rep_cold,4.0000000000
METRIC,2026-04-12T23:26:43Z,190739753696599,3532,btc_qm_engine:btc_ptmc_accept,1.0000000000
METRIC,2026-04-12T23:26:43Z,190739753723869,3532,btc_qm_engine:btc_ptmc_rep_hot,6.0000000000
METRIC,2026-04-12T23:26:43Z,190739753753099,3532,btc_qm_engine:btc_ptmc_rep_cold,5.0000000000
METRIC,2026-04-12T23:26:43Z,190739753777389,3532,btc_qm_engine:btc_ptmc_accept,1.0000000000
METRIC,2026-04-12T23:26:43Z,190739753803929,3532,btc_qm_engine:btc_ptmc_rep_hot,7.0000000000
METRIC,2026-04-12T23:26:43Z,190739753828619,3532,btc_qm_engine:btc_ptmc_rep_cold,6.0000000000
METRIC,2026-04-12T23:26:43Z,190739753853649,3532,btc_qm_engine:btc_ptmc_accept,1.0000000000
METRIC,2026-04-12T23:26:43Z,190739852785383,3532,btc_qm_engine:btc_ptmc_rep_hot,1.0000000000
METRIC,2026-04-12T23:26:43Z,190739852872663,3532,btc_qm_engine:btc_ptmc_rep_cold,0.0000000000
METRIC,2026-04-12T23:26:43Z,190739852899193,3532,btc_qm_engine:btc_ptmc_accept,1.0000000000
METRIC,2026-04-12T23:26:43Z,190739852932673,3532,btc_qm_engine:btc_ptmc_rep_hot,2.0000000000
METRIC,2026-04-12T23:26:43Z,190739852957553,3532,btc_qm_engine:btc_ptmc_rep_cold,1.0000000000
METRIC,2026-04-12T23:26:43Z,190739852981803,3532,btc_qm_engine:btc_ptmc_accept,1.0000000000
METRIC,2026-04-12T23:26:43Z,190739853059613,3532,btc_qm_engine:btc_ptmc_rep_hot,3.0000000000
METRIC,2026-04-12T23:26:43Z,190739853086313,3532,btc_qm_engine:btc_ptmc_rep_cold,2.0000000000
METRIC,2026-04-12T23:26:43Z,190739853110993,3532,btc_qm_engine:btc_ptmc_accept,1.0000000000
METRIC,2026-04-12T23:26:43Z,190739853143813,3532,btc_qm_engine:btc_ptmc_rep_hot,4.0000000000
METRIC,2026-04-12T23:26:43Z,190739853168373,3532,btc_qm_engine:btc_ptmc_rep_cold,3.0000000000
METRIC,2026-04-12T23:26:43Z,190739853193053,3532,btc_qm_engine:btc_ptmc_accept,1.0000000000
METRIC,2026-04-12T23:26:43Z,190739853235453,3532,btc_qm_engine:btc_ptmc_rep_hot,5.0000000000
METRIC,2026-04-12T23:26:43Z,190739853270013,3532,btc_qm_engine:btc_ptmc_rep_cold,4.0000000000
METRIC,2026-04-12T23:26:43Z,190739853293163,3532,btc_qm_engine:btc_ptmc_accept,1.0000000000
METRIC,2026-04-12T23:26:43Z,190739853320143,3532,btc_qm_engine:btc_ptmc_rep_hot,6.0000000000
METRIC,2026-04-12T23:26:43Z,190739853345253,3532,btc_qm_engine:btc_ptmc_rep_cold,5.0000000000
METRIC,2026-04-12T23:26:43Z,190739853369303,3532,btc_qm_engine:btc_ptmc_accept,1.0000000000
METRIC,2026-04-12T23:26:43Z,190739853399173,3532,btc_qm_engine:btc_ptmc_rep_hot,7.0000000000
METRIC,2026-04-12T23:26:43Z,190739853424153,3532,btc_qm_engine:btc_ptmc_rep_cold,6.0000000000
METRIC,2026-04-12T23:26:43Z,190739853448723,3532,btc_qm_engine:btc_ptmc_accept,1.0000000000
METRIC,2026-04-12T23:26:43Z,190739953691447,3532,btc_qm_engine:btc_ptmc_rep_hot,1.0000000000
METRIC,2026-04-12T23:26:43Z,190739953771347,3532,btc_qm_engine:btc_ptmc_rep_cold,0.0000000000
METRIC,2026-04-12T23:26:43Z,190739953797817,3532,btc_qm_engine:btc_ptmc_accept,-0.1355329307
METRIC,2026-04-12T23:26:43Z,190739953824057,3532,btc_qm_engine:btc_ptmc_rep_hot,2.0000000000
METRIC,2026-04-12T23:26:43Z,190739953848547,3532,btc_qm_engine:btc_ptmc_rep_cold,1.0000000000
METRIC,2026-04-12T23:26:43Z,190739953871407,3532,btc_qm_engine:btc_ptmc_accept,1.0000000000
METRIC,2026-04-12T23:26:43Z,190739953899477,3532,btc_qm_engine:btc_ptmc_rep_hot,3.0000000000
METRIC,2026-04-12T23:26:43Z,190739953924597,3532,btc_qm_engine:btc_ptmc_rep_cold,2.0000000000
METRIC,2026-04-12T23:26:43Z,190739953948347,3532,btc_qm_engine:btc_ptmc_accept,1.0000000000
METRIC,2026-04-12T23:26:43Z,190739953974197,3532,btc_qm_engine:btc_ptmc_rep_hot,4.0000000000
METRIC,2026-04-12T23:26:43Z,190739954047187,3532,btc_qm_engine:btc_ptmc_rep_cold,3.0000000000
METRIC,2026-04-12T23:26:43Z,190739954073487,3532,btc_qm_engine:btc_ptmc_accept,1.0000000000
METRIC,2026-04-12T23:26:43Z,190739954103907,3532,btc_qm_engine:btc_ptmc_rep_hot,5.0000000000
METRIC,2026-04-12T23:26:43Z,190739954128307,3532,btc_qm_engine:btc_ptmc_rep_cold,4.0000000000
METRIC,2026-04-12T23:26:43Z,190739954152737,3532,btc_qm_engine:btc_ptmc_accept,1.0000000000
METRIC,2026-04-12T23:26:43Z,190739954179907,3532,btc_qm_engine:btc_ptmc_rep_hot,6.0000000000
METRIC,2026-04-12T23:26:43Z,190739954233587,3532,btc_qm_engine:btc_ptmc_rep_cold,5.0000000000
METRIC,2026-04-12T23:26:43Z,190739954257957,3532,btc_qm_engine:btc_ptmc_accept,1.0000000000
METRIC,2026-04-12T23:26:43Z,190739954285727,3532,btc_qm_engine:btc_ptmc_rep_hot,7.0000000000
METRIC,2026-04-12T23:26:43Z,190739954309687,3532,btc_qm_engine:btc_ptmc_rep_cold,6.0000000000
METRIC,2026-04-12T23:26:43Z,190739954333897,3532,btc_qm_engine:btc_ptmc_accept,1.0000000000
METRIC,2026-04-12T23:26:43Z,190740054601960,3532,btc_qm_engine:btc_ptmc_rep_hot,1.0000000000
METRIC,2026-04-12T23:26:43Z,190740054690080,3532,btc_qm_engine:btc_ptmc_rep_cold,0.0000000000
METRIC,2026-04-12T23:26:43Z,190740054716520,3532,btc_qm_engine:btc_ptmc_accept,1.0000000000
METRIC,2026-04-12T23:26:43Z,190740054752150,3532,btc_qm_engine:btc_ptmc_rep_hot,2.0000000000
METRIC,2026-04-12T23:26:43Z,190740054777710,3532,btc_qm_engine:btc_ptmc_rep_cold,1.0000000000
METRIC,2026-04-12T23:26:43Z,190740054814540,3532,btc_qm_engine:btc_ptmc_accept,1.0000000000
METRIC,2026-04-12T23:26:43Z,190740054855950,3532,btc_qm_engine:btc_ptmc_rep_hot,3.0000000000
METRIC,2026-04-12T23:26:43Z,190740054880530,3532,btc_qm_engine:btc_ptmc_rep_cold,2.0000000000
METRIC,2026-04-12T23:26:43Z,190740054926090,3532,btc_qm_engine:btc_ptmc_accept,1.0000000000
METRIC,2026-04-12T23:26:43Z,190740054961100,3532,btc_qm_engine:btc_ptmc_rep_hot,4.0000000000
METRIC,2026-04-12T23:26:43Z,190740054985680,3532,btc_qm_engine:btc_ptmc_rep_cold,3.0000000000
METRIC,2026-04-12T23:26:43Z,190740055024060,3532,btc_qm_engine:btc_ptmc_accept,1.0000000000
METRIC,2026-04-12T23:26:43Z,190740055052470,3532,btc_qm_engine:btc_ptmc_rep_hot,5.0000000000
METRIC,2026-04-12T23:26:43Z,190740055076890,3532,btc_qm_engine:btc_ptmc_rep_cold,4.0000000000
METRIC,2026-04-12T23:26:43Z,190740055101580,3532,btc_qm_engine:btc_ptmc_accept,1.0000000000
METRIC,2026-04-12T23:26:43Z,190740055129280,3532,btc_qm_engine:btc_ptmc_rep_hot,6.0000000000
METRIC,2026-04-12T23:26:43Z,190740055153830,3532,btc_qm_engine:btc_ptmc_rep_cold,5.0000000000
METRIC,2026-04-12T23:26:43Z,190740055178620,3532,btc_qm_engine:btc_ptmc_accept,1.0000000000
METRIC,2026-04-12T23:26:43Z,190740055209270,3532,btc_qm_engine:btc_ptmc_rep_hot,7.0000000000
METRIC,2026-04-12T23:26:43Z,190740055233460,3532,btc_qm_engine:btc_ptmc_rep_cold,6.0000000000
METRIC,2026-04-12T23:26:43Z,190740055257430,3532,btc_qm_engine:btc_ptmc_accept,1.0000000000
METRIC,2026-04-12T23:26:43Z,190740158568774,3532,btc_qm_engine:btc_ptmc_rep_hot,1.0000000000
METRIC,2026-04-12T23:26:43Z,190740158642444,3532,btc_qm_engine:btc_ptmc_rep_cold,0.0000000000
METRIC,2026-04-12T23:26:43Z,190740158663794,3532,btc_qm_engine:btc_ptmc_accept,1.0000000000
METRIC,2026-04-12T23:26:43Z,190740158688054,3532,btc_qm_engine:btc_ptmc_rep_hot,2.0000000000
METRIC,2026-04-12T23:26:43Z,190740158714134,3532,btc_qm_engine:btc_ptmc_rep_cold,1.0000000000
METRIC,2026-04-12T23:26:43Z,190740158737884,3532,btc_qm_engine:btc_ptmc_accept,1.0000000000
METRIC,2026-04-12T23:26:43Z,190740158764014,3532,btc_qm_engine:btc_ptmc_rep_hot,3.0000000000
METRIC,2026-04-12T23:26:43Z,190740158788534,3532,btc_qm_engine:btc_ptmc_rep_cold,2.0000000000
METRIC,2026-04-12T23:26:43Z,190740158813284,3532,btc_qm_engine:btc_ptmc_accept,1.0000000000
METRIC,2026-04-12T23:26:43Z,190740158841874,3532,btc_qm_engine:btc_ptmc_rep_hot,4.0000000000
METRIC,2026-04-12T23:26:43Z,190740158866283,3532,btc_qm_engine:btc_ptmc_rep_cold,3.0000000000
METRIC,2026-04-12T23:26:43Z,190740158890613,3532,btc_qm_engine:btc_ptmc_accept,1.0000000000
METRIC,2026-04-12T23:26:43Z,190740158921033,3532,btc_qm_engine:btc_ptmc_rep_hot,5.0000000000
METRIC,2026-04-12T23:26:43Z,190740158945823,3532,btc_qm_engine:btc_ptmc_rep_cold,4.0000000000
METRIC,2026-04-12T23:26:43Z,190740158970423,3532,btc_qm_engine:btc_ptmc_accept,1.0000000000
METRIC,2026-04-12T23:26:43Z,190740159012653,3532,btc_qm_engine:btc_ptmc_rep_hot,6.0000000000
METRIC,2026-04-12T23:26:43Z,190740159037513,3532,btc_qm_engine:btc_ptmc_rep_cold,5.0000000000
METRIC,2026-04-12T23:26:43Z,190740159062043,3532,btc_qm_engine:btc_ptmc_accept,1.0000000000
METRIC,2026-04-12T23:26:43Z,190740159094203,3532,btc_qm_engine:btc_ptmc_rep_hot,7.0000000000
METRIC,2026-04-12T23:26:43Z,190740159129183,3532,btc_qm_engine:btc_ptmc_rep_cold,6.0000000000
METRIC,2026-04-12T23:26:43Z,190740159162663,3532,btc_qm_engine:btc_ptmc_accept,1.0000000000
METRIC,2026-04-12T23:26:43Z,190740260072687,3532,btc_qm_engine:btc_ptmc_rep_hot,1.0000000000
METRIC,2026-04-12T23:26:43Z,190740260150897,3532,btc_qm_engine:btc_ptmc_rep_cold,0.0000000000
METRIC,2026-04-12T23:26:43Z,190740260177607,3532,btc_qm_engine:btc_ptmc_accept,-0.2635971381
METRIC,2026-04-12T23:26:43Z,190740260204107,3532,btc_qm_engine:btc_ptmc_rep_hot,2.0000000000
METRIC,2026-04-12T23:26:43Z,190740260228847,3532,btc_qm_engine:btc_ptmc_rep_cold,1.0000000000
METRIC,2026-04-12T23:26:43Z,190740260253007,3532,btc_qm_engine:btc_ptmc_accept,1.0000000000
METRIC,2026-04-12T23:26:43Z,190740260277507,3532,btc_qm_engine:btc_ptmc_rep_hot,3.0000000000
METRIC,2026-04-12T23:26:43Z,190740260302257,3532,btc_qm_engine:btc_ptmc_rep_cold,2.0000000000
METRIC,2026-04-12T23:26:43Z,190740260326757,3532,btc_qm_engine:btc_ptmc_accept,1.0000000000
METRIC,2026-04-12T23:26:43Z,190740260356097,3532,btc_qm_engine:btc_ptmc_rep_hot,4.0000000000
METRIC,2026-04-12T23:26:43Z,190740260380637,3532,btc_qm_engine:btc_ptmc_rep_cold,3.0000000000
METRIC,2026-04-12T23:26:43Z,190740260424367,3532,btc_qm_engine:btc_ptmc_accept,1.0000000000
METRIC,2026-04-12T23:26:43Z,190740260452807,3532,btc_qm_engine:btc_ptmc_rep_hot,5.0000000000
METRIC,2026-04-12T23:26:43Z,190740260476857,3532,btc_qm_engine:btc_ptmc_rep_cold,4.0000000000
METRIC,2026-04-12T23:26:43Z,190740260553937,3532,btc_qm_engine:btc_ptmc_accept,1.0000000000
METRIC,2026-04-12T23:26:43Z,190740260594077,3532,btc_qm_engine:btc_ptmc_rep_hot,6.0000000000
METRIC,2026-04-12T23:26:43Z,190740260618917,3532,btc_qm_engine:btc_ptmc_rep_cold,5.0000000000
METRIC,2026-04-12T23:26:43Z,190740260642107,3532,btc_qm_engine:btc_ptmc_accept,1.0000000000
METRIC,2026-04-12T23:26:43Z,190740260668367,3532,btc_qm_engine:btc_ptmc_rep_hot,7.0000000000
METRIC,2026-04-12T23:26:43Z,190740260694187,3532,btc_qm_engine:btc_ptmc_rep_cold,6.0000000000
METRIC,2026-04-12T23:26:43Z,190740260717757,3532,btc_qm_engine:btc_ptmc_accept,1.0000000000
METRIC,2026-04-12T23:26:43Z,190740366210070,3532,btc_qm_engine:btc_ptmc_rep_hot,1.0000000000
METRIC,2026-04-12T23:26:43Z,190740366294410,3532,btc_qm_engine:btc_ptmc_rep_cold,0.0000000000
METRIC,2026-04-12T23:26:43Z,190740366320490,3532,btc_qm_engine:btc_ptmc_accept,-0.5134171190
METRIC,2026-04-12T23:26:43Z,190740366345730,3532,btc_qm_engine:btc_ptmc_rep_hot,2.0000000000
METRIC,2026-04-12T23:26:43Z,190740366370170,3532,btc_qm_engine:btc_ptmc_rep_cold,1.0000000000
METRIC,2026-04-12T23:26:43Z,190740366394460,3532,btc_qm_engine:btc_ptmc_accept,1.0000000000
METRIC,2026-04-12T23:26:43Z,190740366485780,3532,btc_qm_engine:btc_ptmc_rep_hot,3.0000000000
METRIC,2026-04-12T23:26:43Z,190740366676760,3532,btc_qm_engine:btc_ptmc_rep_cold,2.0000000000
METRIC,2026-04-12T23:26:43Z,190740366701260,3532,btc_qm_engine:btc_ptmc_accept,1.0000000000
METRIC,2026-04-12T23:26:43Z,190740366732470,3532,btc_qm_engine:btc_ptmc_rep_hot,4.0000000000
METRIC,2026-04-12T23:26:43Z,190740366761880,3532,btc_qm_engine:btc_ptmc_rep_cold,3.0000000000
METRIC,2026-04-12T23:26:43Z,190740366786180,3532,btc_qm_engine:btc_ptmc_accept,1.0000000000
METRIC,2026-04-12T23:26:43Z,190740366828270,3532,btc_qm_engine:btc_ptmc_rep_hot,5.0000000000
METRIC,2026-04-12T23:26:43Z,190740366861770,3532,btc_qm_engine:btc_ptmc_rep_cold,4.0000000000
METRIC,2026-04-12T23:26:43Z,190740366885080,3532,btc_qm_engine:btc_ptmc_accept,1.0000000000
METRIC,2026-04-12T23:26:43Z,190740366913090,3532,btc_qm_engine:btc_ptmc_rep_hot,6.0000000000
METRIC,2026-04-12T23:26:43Z,190740366938680,3532,btc_qm_engine:btc_ptmc_rep_cold,5.0000000000
METRIC,2026-04-12T23:26:43Z,190740366961780,3532,btc_qm_engine:btc_ptmc_accept,1.0000000000
METRIC,2026-04-12T23:26:43Z,190740366990200,3532,btc_qm_engine:btc_ptmc_rep_hot,7.0000000000
METRIC,2026-04-12T23:26:43Z,190740367059570,3532,btc_qm_engine:btc_ptmc_rep_cold,6.0000000000
METRIC,2026-04-12T23:26:43Z,190740367084190,3532,btc_qm_engine:btc_ptmc_accept,1.0000000000
METRIC,2026-04-12T23:26:43Z,190740387779669,3532,btc_qm_engine:btc_hashrate_mhs,0.9743361153
METRIC,2026-04-12T23:26:43Z,190740387828889,3532,btc_qm_engine:btc_hashrate_thread_id,5.0000000000
METRIC,2026-04-12T23:26:43Z,190740389089829,3532,btc_qm_engine:btc_hashrate_mhs,0.9742938307
METRIC,2026-04-12T23:26:43Z,190740389140849,3532,btc_qm_engine:btc_hashrate_thread_id,6.0000000000
METRIC,2026-04-12T23:26:43Z,190740390070459,3532,btc_qm_engine:btc_hashrate_mhs,0.9744755727
METRIC,2026-04-12T23:26:43Z,190740390113129,3532,btc_qm_engine:btc_hashrate_thread_id,7.0000000000
METRIC,2026-04-12T23:26:43Z,190740391144959,3532,btc_qm_engine:btc_hashrate_mhs,0.9744717094
METRIC,2026-04-12T23:26:43Z,190740391189079,3532,btc_qm_engine:btc_hashrate_thread_id,2.0000000000
METRIC,2026-04-12T23:26:43Z,190740391654619,3532,btc_qm_engine:btc_nx48_delta_nonce_old,1.7331144176
METRIC,2026-04-12T23:26:43Z,190740391702139,3532,btc_qm_engine:btc_nx48_delta_nonce_new,1.8308436208
METRIC,2026-04-12T23:26:43Z,190740391727809,3532,btc_qm_engine:btc_nx48_batch_old,4.0000000000
METRIC,2026-04-12T23:26:43Z,190740391758649,3532,btc_qm_engine:btc_nx48_batch_new,4.0000000000
METRIC,2026-04-12T23:26:43Z,190740391822859,3532,btc_qm_engine:btc_nx48_loss,0.6818982921
METRIC,2026-04-12T23:26:43Z,190740391860579,3532,btc_qm_engine:btc_nx48_grad_norm,0.7258061055
METRIC,2026-04-12T23:26:43Z,190740391891629,3532,btc_qm_engine:btc_nx48_update_count,40.0000000000
METRIC,2026-04-12T23:26:43Z,190740391923829,3532,btc_qm_engine:btc_nx48_exploration_bias,0.4628341163
METRIC,2026-04-12T23:26:43Z,190740391954909,3532,btc_qm_engine:btc_hashrate_mhs,0.9745599232
METRIC,2026-04-12T23:26:43Z,190740391982719,3532,btc_qm_engine:btc_hashrate_thread_id,0.0000000000
METRIC,2026-04-12T23:26:43Z,190740392055049,3532,btc_qm_engine:btc_hashrate_mhs,0.9747066986
METRIC,2026-04-12T23:26:43Z,190740392097779,3532,btc_qm_engine:btc_hashrate_thread_id,1.0000000000
METRIC,2026-04-12T23:26:43Z,190740393872969,3532,btc_qm_engine:btc_hashrate_mhs,0.9745405118
METRIC,2026-04-12T23:26:43Z,190740393932639,3532,btc_qm_engine:btc_hashrate_thread_id,4.0000000000
METRIC,2026-04-12T23:26:43Z,190740394881438,3532,btc_qm_engine:btc_hashrate_mhs,0.9747175137
METRIC,2026-04-12T23:26:43Z,190740394917908,3532,btc_qm_engine:btc_hashrate_thread_id,3.0000000000
METRIC,2026-04-12T23:26:43Z,190740471323784,3532,btc_qm_engine:btc_ptmc_rep_hot,1.0000000000
METRIC,2026-04-12T23:26:43Z,190740471411374,3532,btc_qm_engine:btc_ptmc_rep_cold,0.0000000000
METRIC,2026-04-12T23:26:43Z,190740471437754,3532,btc_qm_engine:btc_ptmc_accept,1.0000000000
METRIC,2026-04-12T23:26:43Z,190740471505444,3532,btc_qm_engine:btc_ptmc_rep_hot,2.0000000000
METRIC,2026-04-12T23:26:43Z,190740471530454,3532,btc_qm_engine:btc_ptmc_rep_cold,1.0000000000
METRIC,2026-04-12T23:26:43Z,190740471555024,3532,btc_qm_engine:btc_ptmc_accept,1.0000000000
METRIC,2026-04-12T23:26:43Z,190740471594234,3532,btc_qm_engine:btc_ptmc_rep_hot,3.0000000000
METRIC,2026-04-12T23:26:43Z,190740471619294,3532,btc_qm_engine:btc_ptmc_rep_cold,2.0000000000
METRIC,2026-04-12T23:26:43Z,190740471643724,3532,btc_qm_engine:btc_ptmc_accept,1.0000000000
METRIC,2026-04-12T23:26:43Z,190740471678454,3532,btc_qm_engine:btc_ptmc_rep_hot,4.0000000000
METRIC,2026-04-12T23:26:43Z,190740471703214,3532,btc_qm_engine:btc_ptmc_rep_cold,3.0000000000
METRIC,2026-04-12T23:26:43Z,190740471727594,3532,btc_qm_engine:btc_ptmc_accept,1.0000000000
METRIC,2026-04-12T23:26:43Z,190740471761474,3532,btc_qm_engine:btc_ptmc_rep_hot,5.0000000000
METRIC,2026-04-12T23:26:43Z,190740471785424,3532,btc_qm_engine:btc_ptmc_rep_cold,4.0000000000
METRIC,2026-04-12T23:26:43Z,190740471809954,3532,btc_qm_engine:btc_ptmc_accept,1.0000000000
METRIC,2026-04-12T23:26:43Z,190740471840054,3532,btc_qm_engine:btc_ptmc_rep_hot,6.0000000000
METRIC,2026-04-12T23:26:43Z,190740471864414,3532,btc_qm_engine:btc_ptmc_rep_cold,5.0000000000
METRIC,2026-04-12T23:26:43Z,190740471888924,3532,btc_qm_engine:btc_ptmc_accept,1.0000000000
METRIC,2026-04-12T23:26:43Z,190740471921234,3532,btc_qm_engine:btc_ptmc_rep_hot,7.0000000000
METRIC,2026-04-12T23:26:43Z,190740471945614,3532,btc_qm_engine:btc_ptmc_rep_cold,6.0000000000
METRIC,2026-04-12T23:26:43Z,190740471969984,3532,btc_qm_engine:btc_ptmc_accept,1.0000000000
METRIC,2026-04-12T23:26:43Z,190740575739527,3532,btc_qm_engine:btc_ptmc_rep_hot,1.0000000000
METRIC,2026-04-12T23:26:43Z,190740575822447,3532,btc_qm_engine:btc_ptmc_rep_cold,0.0000000000
METRIC,2026-04-12T23:26:43Z,190740575849077,3532,btc_qm_engine:btc_ptmc_accept,1.0000000000
METRIC,2026-04-12T23:26:43Z,190740575877607,3532,btc_qm_engine:btc_ptmc_rep_hot,2.0000000000
METRIC,2026-04-12T23:26:43Z,190740575902467,3532,btc_qm_engine:btc_ptmc_rep_cold,1.0000000000
METRIC,2026-04-12T23:26:43Z,190740575927387,3532,btc_qm_engine:btc_ptmc_accept,0.7165140378
METRIC,2026-04-12T23:26:43Z,190740575960357,3532,btc_qm_engine:btc_ptmc_rep_hot,3.0000000000
METRIC,2026-04-12T23:26:43Z,190740575984717,3532,btc_qm_engine:btc_ptmc_rep_cold,2.0000000000
METRIC,2026-04-12T23:26:43Z,190740576044187,3532,btc_qm_engine:btc_ptmc_accept,-0.7165226744
METRIC,2026-04-12T23:26:43Z,190740576074297,3532,btc_qm_engine:btc_ptmc_rep_hot,4.0000000000
METRIC,2026-04-12T23:26:43Z,190740576098897,3532,btc_qm_engine:btc_ptmc_rep_cold,3.0000000000
METRIC,2026-04-12T23:26:43Z,190740576153927,3532,btc_qm_engine:btc_ptmc_accept,0.9048354550
METRIC,2026-04-12T23:26:43Z,190740576186237,3532,btc_qm_engine:btc_ptmc_rep_hot,5.0000000000
METRIC,2026-04-12T23:26:43Z,190740576211737,3532,btc_qm_engine:btc_ptmc_rep_cold,4.0000000000
METRIC,2026-04-12T23:26:43Z,190740576243737,3532,btc_qm_engine:btc_ptmc_accept,1.0000000000
METRIC,2026-04-12T23:26:43Z,190740576274567,3532,btc_qm_engine:btc_ptmc_rep_hot,6.0000000000
METRIC,2026-04-12T23:26:43Z,190740576299167,3532,btc_qm_engine:btc_ptmc_rep_cold,5.0000000000
METRIC,2026-04-12T23:26:43Z,190740576323707,3532,btc_qm_engine:btc_ptmc_accept,0.9642893023
METRIC,2026-04-12T23:26:43Z,190740576357507,3532,btc_qm_engine:btc_ptmc_rep_hot,7.0000000000
METRIC,2026-04-12T23:26:43Z,190740576382027,3532,btc_qm_engine:btc_ptmc_rep_cold,6.0000000000
METRIC,2026-04-12T23:26:43Z,190740576406587,3532,btc_qm_engine:btc_ptmc_accept,1.0000000000
METRIC,2026-04-12T23:26:44Z,190740681082690,3532,btc_qm_engine:btc_ptmc_rep_hot,1.0000000000
METRIC,2026-04-12T23:26:44Z,190740681162710,3532,btc_qm_engine:btc_ptmc_rep_cold,0.0000000000
METRIC,2026-04-12T23:26:44Z,190740681190150,3532,btc_qm_engine:btc_ptmc_accept,-0.0696187850
METRIC,2026-04-12T23:26:44Z,190740681219250,3532,btc_qm_engine:btc_ptmc_rep_hot,2.0000000000
METRIC,2026-04-12T23:26:44Z,190740681244420,3532,btc_qm_engine:btc_ptmc_rep_cold,1.0000000000
METRIC,2026-04-12T23:26:44Z,190740681269590,3532,btc_qm_engine:btc_ptmc_accept,1.0000000000
METRIC,2026-04-12T23:26:44Z,190740681302700,3532,btc_qm_engine:btc_ptmc_rep_hot,3.0000000000
METRIC,2026-04-12T23:26:44Z,190740681326470,3532,btc_qm_engine:btc_ptmc_rep_cold,2.0000000000
METRIC,2026-04-12T23:26:44Z,190740681349310,3532,btc_qm_engine:btc_ptmc_accept,1.0000000000
METRIC,2026-04-12T23:26:44Z,190740681380450,3532,btc_qm_engine:btc_ptmc_rep_hot,4.0000000000
METRIC,2026-04-12T23:26:44Z,190740681404080,3532,btc_qm_engine:btc_ptmc_rep_cold,3.0000000000
METRIC,2026-04-12T23:26:44Z,190740681428060,3532,btc_qm_engine:btc_ptmc_accept,1.0000000000
METRIC,2026-04-12T23:26:44Z,190740681451580,3532,btc_qm_engine:btc_ptmc_rep_hot,5.0000000000
METRIC,2026-04-12T23:26:44Z,190740681475720,3532,btc_qm_engine:btc_ptmc_rep_cold,4.0000000000
METRIC,2026-04-12T23:26:44Z,190740681499430,3532,btc_qm_engine:btc_ptmc_accept,1.0000000000
METRIC,2026-04-12T23:26:44Z,190740681541820,3532,btc_qm_engine:btc_ptmc_rep_hot,6.0000000000
METRIC,2026-04-12T23:26:44Z,190740681565300,3532,btc_qm_engine:btc_ptmc_rep_cold,5.0000000000
METRIC,2026-04-12T23:26:44Z,190740681588360,3532,btc_qm_engine:btc_ptmc_accept,1.0000000000
METRIC,2026-04-12T23:26:44Z,190740681614840,3532,btc_qm_engine:btc_ptmc_rep_hot,7.0000000000
METRIC,2026-04-12T23:26:44Z,190740681637010,3532,btc_qm_engine:btc_ptmc_rep_cold,6.0000000000
METRIC,2026-04-12T23:26:44Z,190740681659150,3532,btc_qm_engine:btc_ptmc_accept,1.0000000000
METRIC,2026-04-12T23:26:44Z,190740784415064,3532,btc_qm_engine:btc_ptmc_rep_hot,1.0000000000
METRIC,2026-04-12T23:26:44Z,190740784480004,3532,btc_qm_engine:btc_ptmc_rep_cold,0.0000000000
METRIC,2026-04-12T23:26:44Z,190740784506574,3532,btc_qm_engine:btc_ptmc_accept,1.0000000000
METRIC,2026-04-12T23:26:44Z,190740784536734,3532,btc_qm_engine:btc_ptmc_rep_hot,2.0000000000
METRIC,2026-04-12T23:26:44Z,190740784561244,3532,btc_qm_engine:btc_ptmc_rep_cold,1.0000000000
METRIC,2026-04-12T23:26:44Z,190740784580744,3532,btc_qm_engine:btc_ptmc_accept,1.0000000000
METRIC,2026-04-12T23:26:44Z,190740784602524,3532,btc_qm_engine:btc_ptmc_rep_hot,3.0000000000
METRIC,2026-04-12T23:26:44Z,190740784630374,3532,btc_qm_engine:btc_ptmc_rep_cold,2.0000000000
METRIC,2026-04-12T23:26:44Z,190740784656584,3532,btc_qm_engine:btc_ptmc_accept,1.0000000000
METRIC,2026-04-12T23:26:44Z,190740784675794,3532,btc_qm_engine:btc_ptmc_rep_hot,4.0000000000
METRIC,2026-04-12T23:26:44Z,190740784694934,3532,btc_qm_engine:btc_ptmc_rep_cold,3.0000000000
METRIC,2026-04-12T23:26:44Z,190740784713924,3532,btc_qm_engine:btc_ptmc_accept,1.0000000000
METRIC,2026-04-12T23:26:44Z,190740784735464,3532,btc_qm_engine:btc_ptmc_rep_hot,5.0000000000
METRIC,2026-04-12T23:26:44Z,190740784774174,3532,btc_qm_engine:btc_ptmc_rep_cold,4.0000000000
METRIC,2026-04-12T23:26:44Z,190740784799354,3532,btc_qm_engine:btc_ptmc_accept,1.0000000000
METRIC,2026-04-12T23:26:44Z,190740784822744,3532,btc_qm_engine:btc_ptmc_rep_hot,6.0000000000
METRIC,2026-04-12T23:26:44Z,190740784843674,3532,btc_qm_engine:btc_ptmc_rep_cold,5.0000000000
METRIC,2026-04-12T23:26:44Z,190740784869344,3532,btc_qm_engine:btc_ptmc_accept,1.0000000000
METRIC,2026-04-12T23:26:44Z,190740784901164,3532,btc_qm_engine:btc_ptmc_rep_hot,7.0000000000
METRIC,2026-04-12T23:26:44Z,190740784920764,3532,btc_qm_engine:btc_ptmc_rep_cold,6.0000000000
METRIC,2026-04-12T23:26:44Z,190740784939634,3532,btc_qm_engine:btc_ptmc_accept,1.0000000000
METRIC,2026-04-12T23:26:44Z,190740888939017,3532,btc_qm_engine:btc_ptmc_rep_hot,1.0000000000
METRIC,2026-04-12T23:26:44Z,190740889060897,3532,btc_qm_engine:btc_ptmc_rep_cold,0.0000000000
METRIC,2026-04-12T23:26:44Z,190740889086467,3532,btc_qm_engine:btc_ptmc_accept,1.0000000000
METRIC,2026-04-12T23:26:44Z,190740889106847,3532,btc_qm_engine:btc_ptmc_rep_hot,2.0000000000
METRIC,2026-04-12T23:26:44Z,190740889126317,3532,btc_qm_engine:btc_ptmc_rep_cold,1.0000000000
METRIC,2026-04-12T23:26:44Z,190740889145607,3532,btc_qm_engine:btc_ptmc_accept,1.0000000000
METRIC,2026-04-12T23:26:44Z,190740889169007,3532,btc_qm_engine:btc_ptmc_rep_hot,3.0000000000
METRIC,2026-04-12T23:26:44Z,190740889188157,3532,btc_qm_engine:btc_ptmc_rep_cold,2.0000000000
METRIC,2026-04-12T23:26:44Z,190740889207037,3532,btc_qm_engine:btc_ptmc_accept,1.0000000000
METRIC,2026-04-12T23:26:44Z,190740889231497,3532,btc_qm_engine:btc_ptmc_rep_hot,4.0000000000
METRIC,2026-04-12T23:26:44Z,190740889250577,3532,btc_qm_engine:btc_ptmc_rep_cold,3.0000000000
METRIC,2026-04-12T23:26:44Z,190740889269577,3532,btc_qm_engine:btc_ptmc_accept,1.0000000000
METRIC,2026-04-12T23:26:44Z,190740889294067,3532,btc_qm_engine:btc_ptmc_rep_hot,5.0000000000
METRIC,2026-04-12T23:26:44Z,190740889313087,3532,btc_qm_engine:btc_ptmc_rep_cold,4.0000000000
METRIC,2026-04-12T23:26:44Z,190740889332037,3532,btc_qm_engine:btc_ptmc_accept,1.0000000000
METRIC,2026-04-12T23:26:44Z,190740889356967,3532,btc_qm_engine:btc_ptmc_rep_hot,6.0000000000
METRIC,2026-04-12T23:26:44Z,190740889377707,3532,btc_qm_engine:btc_ptmc_rep_cold,5.0000000000
METRIC,2026-04-12T23:26:44Z,190740889396657,3532,btc_qm_engine:btc_ptmc_accept,1.0000000000
METRIC,2026-04-12T23:26:44Z,190740889422517,3532,btc_qm_engine:btc_ptmc_rep_hot,7.0000000000
METRIC,2026-04-12T23:26:44Z,190740889441607,3532,btc_qm_engine:btc_ptmc_rep_cold,6.0000000000
METRIC,2026-04-12T23:26:44Z,190740889460837,3532,btc_qm_engine:btc_ptmc_accept,1.0000000000
METRIC,2026-04-12T23:26:44Z,190740991349300,3532,btc_qm_engine:btc_ptmc_rep_hot,1.0000000000
METRIC,2026-04-12T23:26:44Z,190740991432770,3532,btc_qm_engine:btc_ptmc_rep_cold,0.0000000000
METRIC,2026-04-12T23:26:44Z,190740991459770,3532,btc_qm_engine:btc_ptmc_accept,1.0000000000
METRIC,2026-04-12T23:26:44Z,190740991488810,3532,btc_qm_engine:btc_ptmc_rep_hot,2.0000000000
METRIC,2026-04-12T23:26:44Z,190740991513870,3532,btc_qm_engine:btc_ptmc_rep_cold,1.0000000000
METRIC,2026-04-12T23:26:44Z,190740991538370,3532,btc_qm_engine:btc_ptmc_accept,1.0000000000
METRIC,2026-04-12T23:26:44Z,190740991574250,3532,btc_qm_engine:btc_ptmc_rep_hot,3.0000000000
METRIC,2026-04-12T23:26:44Z,190740991598830,3532,btc_qm_engine:btc_ptmc_rep_cold,2.0000000000
METRIC,2026-04-12T23:26:44Z,190740991622010,3532,btc_qm_engine:btc_ptmc_accept,0.8464817249
METRIC,2026-04-12T23:26:44Z,190740991651220,3532,btc_qm_engine:btc_ptmc_rep_hot,4.0000000000
METRIC,2026-04-12T23:26:44Z,190740991677050,3532,btc_qm_engine:btc_ptmc_rep_cold,3.0000000000
METRIC,2026-04-12T23:26:44Z,190740991701100,3532,btc_qm_engine:btc_ptmc_accept,1.0000000000
METRIC,2026-04-12T23:26:44Z,190740991730080,3532,btc_qm_engine:btc_ptmc_rep_hot,5.0000000000
METRIC,2026-04-12T23:26:44Z,190740991759940,3532,btc_qm_engine:btc_ptmc_rep_cold,4.0000000000
METRIC,2026-04-12T23:26:44Z,190740991784560,3532,btc_qm_engine:btc_ptmc_accept,0.9394130628
METRIC,2026-04-12T23:26:44Z,190740991838830,3532,btc_qm_engine:btc_ptmc_rep_hot,6.0000000000
METRIC,2026-04-12T23:26:44Z,190740991863830,3532,btc_qm_engine:btc_ptmc_rep_cold,5.0000000000
METRIC,2026-04-12T23:26:44Z,190740991888120,3532,btc_qm_engine:btc_ptmc_accept,0.9642895790
METRIC,2026-04-12T23:26:44Z,190740991920090,3532,btc_qm_engine:btc_ptmc_rep_hot,7.0000000000
METRIC,2026-04-12T23:26:44Z,190740991944690,3532,btc_qm_engine:btc_ptmc_rep_cold,6.0000000000
METRIC,2026-04-12T23:26:44Z,190740991969480,3532,btc_qm_engine:btc_ptmc_accept,1.0000000000
METRIC,2026-04-12T23:26:44Z,190741093721734,3532,btc_qm_engine:btc_ptmc_rep_hot,1.0000000000
METRIC,2026-04-12T23:26:44Z,190741093809654,3532,btc_qm_engine:btc_ptmc_rep_cold,0.0000000000
METRIC,2026-04-12T23:26:44Z,190741093836034,3532,btc_qm_engine:btc_ptmc_accept,1.0000000000
METRIC,2026-04-12T23:26:44Z,190741093870194,3532,btc_qm_engine:btc_ptmc_rep_hot,2.0000000000
METRIC,2026-04-12T23:26:44Z,190741093895504,3532,btc_qm_engine:btc_ptmc_rep_cold,1.0000000000
METRIC,2026-04-12T23:26:44Z,190741093920394,3532,btc_qm_engine:btc_ptmc_accept,1.0000000000
METRIC,2026-04-12T23:26:44Z,190741093957194,3532,btc_qm_engine:btc_ptmc_rep_hot,3.0000000000
METRIC,2026-04-12T23:26:44Z,190741093982504,3532,btc_qm_engine:btc_ptmc_rep_cold,2.0000000000
METRIC,2026-04-12T23:26:44Z,190741094042774,3532,btc_qm_engine:btc_ptmc_accept,1.0000000000
METRIC,2026-04-12T23:26:44Z,190741094076964,3532,btc_qm_engine:btc_ptmc_rep_hot,4.0000000000
METRIC,2026-04-12T23:26:44Z,190741094101314,3532,btc_qm_engine:btc_ptmc_rep_cold,3.0000000000
METRIC,2026-04-12T23:26:44Z,190741094125604,3532,btc_qm_engine:btc_ptmc_accept,1.0000000000
METRIC,2026-04-12T23:26:44Z,190741094153154,3532,btc_qm_engine:btc_ptmc_rep_hot,5.0000000000
METRIC,2026-04-12T23:26:44Z,190741094191044,3532,btc_qm_engine:btc_ptmc_rep_cold,4.0000000000
METRIC,2026-04-12T23:26:44Z,190741094225304,3532,btc_qm_engine:btc_ptmc_accept,1.0000000000
METRIC,2026-04-12T23:26:44Z,190741094257104,3532,btc_qm_engine:btc_ptmc_rep_hot,6.0000000000
METRIC,2026-04-12T23:26:44Z,190741094282704,3532,btc_qm_engine:btc_ptmc_rep_cold,5.0000000000
METRIC,2026-04-12T23:26:44Z,190741094307414,3532,btc_qm_engine:btc_ptmc_accept,1.0000000000
METRIC,2026-04-12T23:26:44Z,190741094337424,3532,btc_qm_engine:btc_ptmc_rep_hot,7.0000000000
METRIC,2026-04-12T23:26:44Z,190741094361864,3532,btc_qm_engine:btc_ptmc_rep_cold,6.0000000000
METRIC,2026-04-12T23:26:44Z,190741094386504,3532,btc_qm_engine:btc_ptmc_accept,1.0000000000
METRIC,2026-04-12T23:26:44Z,190741193891248,3532,btc_qm_engine:btc_ptmc_rep_hot,1.0000000000
METRIC,2026-04-12T23:26:44Z,190741193974908,3532,btc_qm_engine:btc_ptmc_rep_cold,0.0000000000
METRIC,2026-04-12T23:26:44Z,190741194127668,3532,btc_qm_engine:btc_ptmc_accept,-0.0695317437
METRIC,2026-04-12T23:26:44Z,190741194166778,3532,btc_qm_engine:btc_ptmc_rep_hot,2.0000000000
METRIC,2026-04-12T23:26:44Z,190741194192738,3532,btc_qm_engine:btc_ptmc_rep_cold,1.0000000000
METRIC,2026-04-12T23:26:44Z,190741194217718,3532,btc_qm_engine:btc_ptmc_accept,1.0000000000
METRIC,2026-04-12T23:26:44Z,190741194250308,3532,btc_qm_engine:btc_ptmc_rep_hot,3.0000000000
METRIC,2026-04-12T23:26:44Z,190741194274968,3532,btc_qm_engine:btc_ptmc_rep_cold,2.0000000000
METRIC,2026-04-12T23:26:44Z,190741194299718,3532,btc_qm_engine:btc_ptmc_accept,1.0000000000
METRIC,2026-04-12T23:26:44Z,190741194363158,3532,btc_qm_engine:btc_ptmc_rep_hot,4.0000000000
METRIC,2026-04-12T23:26:44Z,190741194388638,3532,btc_qm_engine:btc_ptmc_rep_cold,3.0000000000
METRIC,2026-04-12T23:26:44Z,190741194413478,3532,btc_qm_engine:btc_ptmc_accept,1.0000000000
METRIC,2026-04-12T23:26:44Z,190741194442338,3532,btc_qm_engine:btc_ptmc_rep_hot,5.0000000000
METRIC,2026-04-12T23:26:44Z,190741194466808,3532,btc_qm_engine:btc_ptmc_rep_cold,4.0000000000
METRIC,2026-04-12T23:26:44Z,190741194491678,3532,btc_qm_engine:btc_ptmc_accept,1.0000000000
METRIC,2026-04-12T23:26:44Z,190741194522838,3532,btc_qm_engine:btc_ptmc_rep_hot,6.0000000000
METRIC,2026-04-12T23:26:44Z,190741194547818,3532,btc_qm_engine:btc_ptmc_rep_cold,5.0000000000
METRIC,2026-04-12T23:26:44Z,190741194572128,3532,btc_qm_engine:btc_ptmc_accept,1.0000000000
METRIC,2026-04-12T23:26:44Z,190741194603938,3532,btc_qm_engine:btc_ptmc_rep_hot,7.0000000000
METRIC,2026-04-12T23:26:44Z,190741194649818,3532,btc_qm_engine:btc_ptmc_rep_cold,6.0000000000
METRIC,2026-04-12T23:26:44Z,190741194679678,3532,btc_qm_engine:btc_ptmc_accept,1.0000000000
METRIC,2026-04-12T23:26:44Z,190741295393471,3532,btc_qm_engine:btc_ptmc_rep_hot,1.0000000000
METRIC,2026-04-12T23:26:44Z,190741295468661,3532,btc_qm_engine:btc_ptmc_rep_cold,0.0000000000
METRIC,2026-04-12T23:26:44Z,190741295494821,3532,btc_qm_engine:btc_ptmc_accept,-0.1354937842
METRIC,2026-04-12T23:26:44Z,190741295525531,3532,btc_qm_engine:btc_ptmc_rep_hot,2.0000000000
METRIC,2026-04-12T23:26:44Z,190741295550571,3532,btc_qm_engine:btc_ptmc_rep_cold,1.0000000000
METRIC,2026-04-12T23:26:44Z,190741295575121,3532,btc_qm_engine:btc_ptmc_accept,1.0000000000
METRIC,2026-04-12T23:26:44Z,190741295619851,3532,btc_qm_engine:btc_ptmc_rep_hot,3.0000000000
METRIC,2026-04-12T23:26:44Z,190741295652841,3532,btc_qm_engine:btc_ptmc_rep_cold,2.0000000000
METRIC,2026-04-12T23:26:44Z,190741295677031,3532,btc_qm_engine:btc_ptmc_accept,0.8464766237
METRIC,2026-04-12T23:26:44Z,190741295712571,3532,btc_qm_engine:btc_ptmc_rep_hot,4.0000000000
METRIC,2026-04-12T23:26:44Z,190741295737111,3532,btc_qm_engine:btc_ptmc_rep_cold,3.0000000000
METRIC,2026-04-12T23:26:44Z,190741295766851,3532,btc_qm_engine:btc_ptmc_accept,0.8187272007
METRIC,2026-04-12T23:26:44Z,190741295798531,3532,btc_qm_engine:btc_ptmc_rep_hot,5.0000000000
METRIC,2026-04-12T23:26:44Z,190741295824251,3532,btc_qm_engine:btc_ptmc_rep_cold,4.0000000000
METRIC,2026-04-12T23:26:44Z,190741295848841,3532,btc_qm_engine:btc_ptmc_accept,0.9394122667
METRIC,2026-04-12T23:26:44Z,190741295873721,3532,btc_qm_engine:btc_ptmc_rep_hot,6.0000000000
METRIC,2026-04-12T23:26:44Z,190741295898161,3532,btc_qm_engine:btc_ptmc_rep_cold,5.0000000000
METRIC,2026-04-12T23:26:44Z,190741295922701,3532,btc_qm_engine:btc_ptmc_accept,0.9298538586
METRIC,2026-04-12T23:26:44Z,190741295951701,3532,btc_qm_engine:btc_ptmc_rep_hot,7.0000000000
METRIC,2026-04-12T23:26:44Z,190741295975801,3532,btc_qm_engine:btc_ptmc_rep_cold,6.0000000000
METRIC,2026-04-12T23:26:44Z,190741296000521,3532,btc_qm_engine:btc_ptmc_accept,0.9540301194
METRIC,2026-04-12T23:26:44Z,190741396094935,3532,btc_qm_engine:btc_ptmc_rep_hot,1.0000000000
METRIC,2026-04-12T23:26:44Z,190741396171805,3532,btc_qm_engine:btc_ptmc_rep_cold,0.0000000000
METRIC,2026-04-12T23:26:44Z,190741396193135,3532,btc_qm_engine:btc_ptmc_accept,1.0000000000
METRIC,2026-04-12T23:26:44Z,190741396214735,3532,btc_qm_engine:btc_ptmc_rep_hot,2.0000000000
METRIC,2026-04-12T23:26:44Z,190741396236995,3532,btc_qm_engine:btc_ptmc_rep_cold,1.0000000000
METRIC,2026-04-12T23:26:44Z,190741396261325,3532,btc_qm_engine:btc_ptmc_accept,1.0000000000
METRIC,2026-04-12T23:26:44Z,190741396294305,3532,btc_qm_engine:btc_ptmc_rep_hot,3.0000000000
METRIC,2026-04-12T23:26:44Z,190741396319415,3532,btc_qm_engine:btc_ptmc_rep_cold,2.0000000000
METRIC,2026-04-12T23:26:44Z,190741396340345,3532,btc_qm_engine:btc_ptmc_accept,1.0000000000
METRIC,2026-04-12T23:26:44Z,190741396362605,3532,btc_qm_engine:btc_ptmc_rep_hot,4.0000000000
METRIC,2026-04-12T23:26:44Z,190741396381395,3532,btc_qm_engine:btc_ptmc_rep_cold,3.0000000000
METRIC,2026-04-12T23:26:44Z,190741396400145,3532,btc_qm_engine:btc_ptmc_accept,1.0000000000
METRIC,2026-04-12T23:26:44Z,190741396451465,3532,btc_qm_engine:btc_ptmc_rep_hot,5.0000000000
METRIC,2026-04-12T23:26:44Z,190741396470555,3532,btc_qm_engine:btc_ptmc_rep_cold,4.0000000000
METRIC,2026-04-12T23:26:44Z,190741396489425,3532,btc_qm_engine:btc_ptmc_accept,1.0000000000
METRIC,2026-04-12T23:26:44Z,190741396512145,3532,btc_qm_engine:btc_ptmc_rep_hot,6.0000000000
METRIC,2026-04-12T23:26:44Z,190741396536805,3532,btc_qm_engine:btc_ptmc_rep_cold,5.0000000000
METRIC,2026-04-12T23:26:44Z,190741396563005,3532,btc_qm_engine:btc_ptmc_accept,1.0000000000
METRIC,2026-04-12T23:26:44Z,190741396582535,3532,btc_qm_engine:btc_ptmc_rep_hot,7.0000000000
METRIC,2026-04-12T23:26:44Z,190741396601355,3532,btc_qm_engine:btc_ptmc_rep_cold,6.0000000000
METRIC,2026-04-12T23:26:44Z,190741396626035,3532,btc_qm_engine:btc_ptmc_accept,1.0000000000
METRIC,2026-04-12T23:26:44Z,190741500914178,3532,btc_qm_engine:btc_ptmc_rep_hot,1.0000000000
METRIC,2026-04-12T23:26:44Z,190741500993198,3532,btc_qm_engine:btc_ptmc_rep_cold,0.0000000000
METRIC,2026-04-12T23:26:44Z,190741501030698,3532,btc_qm_engine:btc_ptmc_accept,1.0000000000
METRIC,2026-04-12T23:26:44Z,190741501055828,3532,btc_qm_engine:btc_ptmc_rep_hot,2.0000000000
METRIC,2026-04-12T23:26:44Z,190741501081218,3532,btc_qm_engine:btc_ptmc_rep_cold,1.0000000000
METRIC,2026-04-12T23:26:44Z,190741501104588,3532,btc_qm_engine:btc_ptmc_accept,1.0000000000
METRIC,2026-04-12T23:26:44Z,190741501133198,3532,btc_qm_engine:btc_ptmc_rep_hot,3.0000000000
METRIC,2026-04-12T23:26:44Z,190741501156298,3532,btc_qm_engine:btc_ptmc_rep_cold,2.0000000000
METRIC,2026-04-12T23:26:44Z,190741501181058,3532,btc_qm_engine:btc_ptmc_accept,1.0000000000
METRIC,2026-04-12T23:26:44Z,190741501207588,3532,btc_qm_engine:btc_ptmc_rep_hot,4.0000000000
METRIC,2026-04-12T23:26:44Z,190741501229228,3532,btc_qm_engine:btc_ptmc_rep_cold,3.0000000000
METRIC,2026-04-12T23:26:44Z,190741501254618,3532,btc_qm_engine:btc_ptmc_accept,1.0000000000
METRIC,2026-04-12T23:26:44Z,190741501281058,3532,btc_qm_engine:btc_ptmc_rep_hot,5.0000000000
METRIC,2026-04-12T23:26:44Z,190741501304158,3532,btc_qm_engine:btc_ptmc_rep_cold,4.0000000000
METRIC,2026-04-12T23:26:44Z,190741501326188,3532,btc_qm_engine:btc_ptmc_accept,1.0000000000
METRIC,2026-04-12T23:26:44Z,190741501355468,3532,btc_qm_engine:btc_ptmc_rep_hot,6.0000000000
METRIC,2026-04-12T23:26:44Z,190741501378408,3532,btc_qm_engine:btc_ptmc_rep_cold,5.0000000000
METRIC,2026-04-12T23:26:44Z,190741501400238,3532,btc_qm_engine:btc_ptmc_accept,1.0000000000
METRIC,2026-04-12T23:26:44Z,190741501439218,3532,btc_qm_engine:btc_ptmc_rep_hot,7.0000000000
METRIC,2026-04-12T23:26:44Z,190741501462688,3532,btc_qm_engine:btc_ptmc_rep_cold,6.0000000000
METRIC,2026-04-12T23:26:44Z,190741501487018,3532,btc_qm_engine:btc_ptmc_accept,0.9540308635
METRIC,2026-04-12T23:26:44Z,190741605490821,3532,btc_qm_engine:btc_ptmc_rep_hot,1.0000000000
METRIC,2026-04-12T23:26:44Z,190741605570071,3532,btc_qm_engine:btc_ptmc_rep_cold,0.0000000000
METRIC,2026-04-12T23:26:44Z,190741605596541,3532,btc_qm_engine:btc_ptmc_accept,-0.0695317437
METRIC,2026-04-12T23:26:44Z,190741605627841,3532,btc_qm_engine:btc_ptmc_rep_hot,2.0000000000
METRIC,2026-04-12T23:26:44Z,190741605652921,3532,btc_qm_engine:btc_ptmc_rep_cold,1.0000000000
METRIC,2026-04-12T23:26:44Z,190741605677501,3532,btc_qm_engine:btc_ptmc_accept,1.0000000000
METRIC,2026-04-12T23:26:44Z,190741605708981,3532,btc_qm_engine:btc_ptmc_rep_hot,3.0000000000
METRIC,2026-04-12T23:26:44Z,190741605733271,3532,btc_qm_engine:btc_ptmc_rep_cold,2.0000000000
METRIC,2026-04-12T23:26:44Z,190741605763601,3532,btc_qm_engine:btc_ptmc_accept,1.0000000000
METRIC,2026-04-12T23:26:44Z,190741605800331,3532,btc_qm_engine:btc_ptmc_rep_hot,4.0000000000
METRIC,2026-04-12T23:26:44Z,190741605825261,3532,btc_qm_engine:btc_ptmc_rep_cold,3.0000000000
METRIC,2026-04-12T23:26:44Z,190741605849201,3532,btc_qm_engine:btc_ptmc_accept,1.0000000000
METRIC,2026-04-12T23:26:44Z,190741605891511,3532,btc_qm_engine:btc_ptmc_rep_hot,5.0000000000
METRIC,2026-04-12T23:26:44Z,190741605925611,3532,btc_qm_engine:btc_ptmc_rep_cold,4.0000000000
METRIC,2026-04-12T23:26:44Z,190741605967551,3532,btc_qm_engine:btc_ptmc_accept,1.0000000000
METRIC,2026-04-12T23:26:44Z,190741605997971,3532,btc_qm_engine:btc_ptmc_rep_hot,6.0000000000
METRIC,2026-04-12T23:26:44Z,190741606061461,3532,btc_qm_engine:btc_ptmc_rep_cold,5.0000000000
METRIC,2026-04-12T23:26:44Z,190741606085381,3532,btc_qm_engine:btc_ptmc_accept,1.0000000000
METRIC,2026-04-12T23:26:44Z,190741606112661,3532,btc_qm_engine:btc_ptmc_rep_hot,7.0000000000
METRIC,2026-04-12T23:26:44Z,190741606137531,3532,btc_qm_engine:btc_ptmc_rep_cold,6.0000000000
METRIC,2026-04-12T23:26:44Z,190741606161851,3532,btc_qm_engine:btc_ptmc_accept,1.0000000000
METRIC,2026-04-12T23:26:45Z,190741708593505,3532,btc_qm_engine:btc_ptmc_rep_hot,1.0000000000
METRIC,2026-04-12T23:26:45Z,190741708668685,3532,btc_qm_engine:btc_ptmc_rep_cold,0.0000000000
METRIC,2026-04-12T23:26:45Z,190741708695005,3532,btc_qm_engine:btc_ptmc_accept,1.0000000000
METRIC,2026-04-12T23:26:45Z,190741708736245,3532,btc_qm_engine:btc_ptmc_rep_hot,2.0000000000
METRIC,2026-04-12T23:26:45Z,190741708770405,3532,btc_qm_engine:btc_ptmc_rep_cold,1.0000000000
METRIC,2026-04-12T23:26:45Z,190741708794675,3532,btc_qm_engine:btc_ptmc_accept,1.0000000000
METRIC,2026-04-12T23:26:45Z,190741708822895,3532,btc_qm_engine:btc_ptmc_rep_hot,3.0000000000
METRIC,2026-04-12T23:26:45Z,190741708847335,3532,btc_qm_engine:btc_ptmc_rep_cold,2.0000000000
METRIC,2026-04-12T23:26:45Z,190741708871805,3532,btc_qm_engine:btc_ptmc_accept,1.0000000000
METRIC,2026-04-12T23:26:45Z,190741708901645,3532,btc_qm_engine:btc_ptmc_rep_hot,4.0000000000
METRIC,2026-04-12T23:26:45Z,190741708925925,3532,btc_qm_engine:btc_ptmc_rep_cold,3.0000000000
METRIC,2026-04-12T23:26:45Z,190741708950315,3532,btc_qm_engine:btc_ptmc_accept,0.9048374180
METRIC,2026-04-12T23:26:45Z,190741708979465,3532,btc_qm_engine:btc_ptmc_rep_hot,5.0000000000
METRIC,2026-04-12T23:26:45Z,190741709051935,3532,btc_qm_engine:btc_ptmc_rep_cold,4.0000000000
METRIC,2026-04-12T23:26:45Z,190741709077445,3532,btc_qm_engine:btc_ptmc_accept,0.9394130628
METRIC,2026-04-12T23:26:45Z,190741709113485,3532,btc_qm_engine:btc_ptmc_rep_hot,6.0000000000
METRIC,2026-04-12T23:26:45Z,190741709138305,3532,btc_qm_engine:btc_ptmc_rep_cold,5.0000000000
METRIC,2026-04-12T23:26:45Z,190741709162955,3532,btc_qm_engine:btc_ptmc_accept,0.9642895790
METRIC,2026-04-12T23:26:45Z,190741709194645,3532,btc_qm_engine:btc_ptmc_rep_hot,7.0000000000
METRIC,2026-04-12T23:26:45Z,190741709218635,3532,btc_qm_engine:btc_ptmc_rep_cold,6.0000000000
METRIC,2026-04-12T23:26:45Z,190741709241825,3532,btc_qm_engine:btc_ptmc_accept,0.9767452464
METRIC,2026-04-12T23:26:45Z,190741809121848,3532,btc_qm_engine:btc_ptmc_rep_hot,1.0000000000
METRIC,2026-04-12T23:26:45Z,190741809200308,3532,btc_qm_engine:btc_ptmc_rep_cold,0.0000000000
METRIC,2026-04-12T23:26:45Z,190741809227218,3532,btc_qm_engine:btc_ptmc_accept,-0.5134171190
METRIC,2026-04-12T23:26:45Z,190741809258318,3532,btc_qm_engine:btc_ptmc_rep_hot,2.0000000000
METRIC,2026-04-12T23:26:45Z,190741809283128,3532,btc_qm_engine:btc_ptmc_rep_cold,1.0000000000
METRIC,2026-04-12T23:26:45Z,190741809320758,3532,btc_qm_engine:btc_ptmc_accept,0.7165001846
METRIC,2026-04-12T23:26:45Z,190741809365488,3532,btc_qm_engine:btc_ptmc_rep_hot,3.0000000000
METRIC,2026-04-12T23:26:45Z,190741809389628,3532,btc_qm_engine:btc_ptmc_rep_cold,2.0000000000
METRIC,2026-04-12T23:26:45Z,190741809412858,3532,btc_qm_engine:btc_ptmc_accept,-0.8464725326
METRIC,2026-04-12T23:26:45Z,190741809445118,3532,btc_qm_engine:btc_ptmc_rep_hot,4.0000000000
METRIC,2026-04-12T23:26:45Z,190741809470708,3532,btc_qm_engine:btc_ptmc_rep_cold,3.0000000000
METRIC,2026-04-12T23:26:45Z,190741809493788,3532,btc_qm_engine:btc_ptmc_accept,1.0000000000
METRIC,2026-04-12T23:26:45Z,190741809523448,3532,btc_qm_engine:btc_ptmc_rep_hot,5.0000000000
METRIC,2026-04-12T23:26:45Z,190741809548708,3532,btc_qm_engine:btc_ptmc_rep_cold,4.0000000000
METRIC,2026-04-12T23:26:45Z,190741809573378,3532,btc_qm_engine:btc_ptmc_accept,1.0000000000
METRIC,2026-04-12T23:26:45Z,190741809604158,3532,btc_qm_engine:btc_ptmc_rep_hot,6.0000000000
METRIC,2026-04-12T23:26:45Z,190741809648078,3532,btc_qm_engine:btc_ptmc_rep_cold,5.0000000000
METRIC,2026-04-12T23:26:45Z,190741809672588,3532,btc_qm_engine:btc_ptmc_accept,1.0000000000
METRIC,2026-04-12T23:26:45Z,190741809703628,3532,btc_qm_engine:btc_ptmc_rep_hot,7.0000000000
METRIC,2026-04-12T23:26:45Z,190741809728098,3532,btc_qm_engine:btc_ptmc_rep_cold,6.0000000000
METRIC,2026-04-12T23:26:45Z,190741809752688,3532,btc_qm_engine:btc_ptmc_accept,1.0000000000
METRIC,2026-04-12T23:26:45Z,190741912798972,3532,btc_qm_engine:btc_ptmc_rep_hot,1.0000000000
METRIC,2026-04-12T23:26:45Z,190741912880092,3532,btc_qm_engine:btc_ptmc_rep_cold,0.0000000000
METRIC,2026-04-12T23:26:45Z,190741912906852,3532,btc_qm_engine:btc_ptmc_accept,1.0000000000
METRIC,2026-04-12T23:26:45Z,190741912939442,3532,btc_qm_engine:btc_ptmc_rep_hot,2.0000000000
METRIC,2026-04-12T23:26:45Z,190741912964242,3532,btc_qm_engine:btc_ptmc_rep_cold,1.0000000000
METRIC,2026-04-12T23:26:45Z,190741912989052,3532,btc_qm_engine:btc_ptmc_accept,1.0000000000
METRIC,2026-04-12T23:26:45Z,190741913118492,3532,btc_qm_engine:btc_ptmc_rep_hot,3.0000000000
METRIC,2026-04-12T23:26:45Z,190741913810892,3532,btc_qm_engine:btc_ptmc_rep_cold,2.0000000000
METRIC,2026-04-12T23:26:45Z,190741913837682,3532,btc_qm_engine:btc_ptmc_accept,1.0000000000
METRIC,2026-04-12T23:26:45Z,190741913875782,3532,btc_qm_engine:btc_ptmc_rep_hot,4.0000000000
METRIC,2026-04-12T23:26:45Z,190741913900702,3532,btc_qm_engine:btc_ptmc_rep_cold,3.0000000000
METRIC,2026-04-12T23:26:45Z,190741913925152,3532,btc_qm_engine:btc_ptmc_accept,1.0000000000
METRIC,2026-04-12T23:26:45Z,190741913954172,3532,btc_qm_engine:btc_ptmc_rep_hot,5.0000000000
METRIC,2026-04-12T23:26:45Z,190741913978382,3532,btc_qm_engine:btc_ptmc_rep_cold,4.0000000000
METRIC,2026-04-12T23:26:45Z,190741914018072,3532,btc_qm_engine:btc_ptmc_accept,1.0000000000
METRIC,2026-04-12T23:26:45Z,190741914042822,3532,btc_qm_engine:btc_ptmc_rep_hot,6.0000000000
METRIC,2026-04-12T23:26:45Z,190741914067702,3532,btc_qm_engine:btc_ptmc_rep_cold,5.0000000000
METRIC,2026-04-12T23:26:45Z,190741914091992,3532,btc_qm_engine:btc_ptmc_accept,1.0000000000
METRIC,2026-04-12T23:26:45Z,190741914121252,3532,btc_qm_engine:btc_ptmc_rep_hot,7.0000000000
METRIC,2026-04-12T23:26:45Z,190741914170202,3532,btc_qm_engine:btc_ptmc_rep_cold,6.0000000000
METRIC,2026-04-12T23:26:45Z,190741914206402,3532,btc_qm_engine:btc_ptmc_accept,1.0000000000
METRIC,2026-04-12T23:26:45Z,190742040849224,3532,btc_qm_engine:btc_ptmc_rep_hot,1.0000000000
METRIC,2026-04-12T23:26:45Z,190742040928104,3532,btc_qm_engine:btc_ptmc_rep_cold,0.0000000000
METRIC,2026-04-12T23:26:45Z,190742040949554,3532,btc_qm_engine:btc_ptmc_accept,1.0000000000
METRIC,2026-04-12T23:26:45Z,190742040984554,3532,btc_qm_engine:btc_ptmc_rep_hot,2.0000000000
METRIC,2026-04-12T23:26:45Z,190742041044173,3532,btc_qm_engine:btc_ptmc_rep_cold,1.0000000000
METRIC,2026-04-12T23:26:45Z,190742041064273,3532,btc_qm_engine:btc_ptmc_accept,1.0000000000
METRIC,2026-04-12T23:26:45Z,190742041094143,3532,btc_qm_engine:btc_ptmc_rep_hot,3.0000000000
METRIC,2026-04-12T23:26:45Z,190742041212033,3532,btc_qm_engine:btc_ptmc_rep_cold,2.0000000000
METRIC,2026-04-12T23:26:45Z,190742041231333,3532,btc_qm_engine:btc_ptmc_accept,1.0000000000
METRIC,2026-04-12T23:26:45Z,190742041259753,3532,btc_qm_engine:btc_ptmc_rep_hot,4.0000000000
METRIC,2026-04-12T23:26:45Z,190742041376423,3532,btc_qm_engine:btc_ptmc_rep_cold,3.0000000000
METRIC,2026-04-12T23:26:45Z,190742041395493,3532,btc_qm_engine:btc_ptmc_accept,1.0000000000
METRIC,2026-04-12T23:26:45Z,190742041421573,3532,btc_qm_engine:btc_ptmc_rep_hot,5.0000000000
METRIC,2026-04-12T23:26:45Z,190742041487883,3532,btc_qm_engine:btc_ptmc_rep_cold,4.0000000000
METRIC,2026-04-12T23:26:45Z,190742041506853,3532,btc_qm_engine:btc_ptmc_accept,1.0000000000
METRIC,2026-04-12T23:26:45Z,190742041745903,3532,btc_qm_engine:btc_ptmc_rep_hot,6.0000000000
METRIC,2026-04-12T23:26:45Z,190742041766263,3532,btc_qm_engine:btc_ptmc_rep_cold,5.0000000000
METRIC,2026-04-12T23:26:45Z,190742041802933,3532,btc_qm_engine:btc_ptmc_accept,1.0000000000
METRIC,2026-04-12T23:26:45Z,190742041858213,3532,btc_qm_engine:btc_ptmc_rep_hot,7.0000000000
METRIC,2026-04-12T23:26:45Z,190742041975513,3532,btc_qm_engine:btc_ptmc_rep_cold,6.0000000000
METRIC,2026-04-12T23:26:45Z,190742041998973,3532,btc_qm_engine:btc_ptmc_accept,1.0000000000
METRIC,2026-04-12T23:26:45Z,190742141698127,3532,btc_qm_engine:btc_ptmc_rep_hot,1.0000000000
METRIC,2026-04-12T23:26:45Z,190742141765327,3532,btc_qm_engine:btc_ptmc_rep_cold,0.0000000000
METRIC,2026-04-12T23:26:45Z,190742141786687,3532,btc_qm_engine:btc_ptmc_accept,1.0000000000
METRIC,2026-04-12T23:26:45Z,190742141810737,3532,btc_qm_engine:btc_ptmc_rep_hot,2.0000000000
METRIC,2026-04-12T23:26:45Z,190742141830027,3532,btc_qm_engine:btc_ptmc_rep_cold,1.0000000000
METRIC,2026-04-12T23:26:45Z,190742141848967,3532,btc_qm_engine:btc_ptmc_accept,1.0000000000
METRIC,2026-04-12T23:26:45Z,190742141874867,3532,btc_qm_engine:btc_ptmc_rep_hot,3.0000000000
METRIC,2026-04-12T23:26:45Z,190742141896327,3532,btc_qm_engine:btc_ptmc_rep_cold,2.0000000000
METRIC,2026-04-12T23:26:45Z,190742141933687,3532,btc_qm_engine:btc_ptmc_accept,1.0000000000
METRIC,2026-04-12T23:26:45Z,190742141974267,3532,btc_qm_engine:btc_ptmc_rep_hot,4.0000000000
METRIC,2026-04-12T23:26:45Z,190742141997557,3532,btc_qm_engine:btc_ptmc_rep_cold,3.0000000000
METRIC,2026-04-12T23:26:45Z,190742142045437,3532,btc_qm_engine:btc_ptmc_accept,1.0000000000
METRIC,2026-04-12T23:26:45Z,190742142077557,3532,btc_qm_engine:btc_ptmc_rep_hot,5.0000000000
METRIC,2026-04-12T23:26:45Z,190742142097957,3532,btc_qm_engine:btc_ptmc_rep_cold,4.0000000000
METRIC,2026-04-12T23:26:45Z,190742142123787,3532,btc_qm_engine:btc_ptmc_accept,1.0000000000
METRIC,2026-04-12T23:26:45Z,190742142159597,3532,btc_qm_engine:btc_ptmc_rep_hot,6.0000000000
METRIC,2026-04-12T23:26:45Z,190742142184227,3532,btc_qm_engine:btc_ptmc_rep_cold,5.0000000000
METRIC,2026-04-12T23:26:45Z,190742142203197,3532,btc_qm_engine:btc_ptmc_accept,1.0000000000
METRIC,2026-04-12T23:26:45Z,190742142227687,3532,btc_qm_engine:btc_ptmc_rep_hot,7.0000000000
METRIC,2026-04-12T23:26:45Z,190742142246587,3532,btc_qm_engine:btc_ptmc_rep_cold,6.0000000000
METRIC,2026-04-12T23:26:45Z,190742142265577,3532,btc_qm_engine:btc_ptmc_accept,1.0000000000
METRIC,2026-04-12T23:26:45Z,190742244196461,3532,btc_qm_engine:btc_ptmc_rep_hot,1.0000000000
METRIC,2026-04-12T23:26:45Z,190742244270281,3532,btc_qm_engine:btc_ptmc_rep_cold,0.0000000000
METRIC,2026-04-12T23:26:45Z,190742244296691,3532,btc_qm_engine:btc_ptmc_accept,0.5136174742
METRIC,2026-04-12T23:26:45Z,190742244331231,3532,btc_qm_engine:btc_ptmc_rep_hot,2.0000000000
METRIC,2026-04-12T23:26:45Z,190742244356271,3532,btc_qm_engine:btc_ptmc_rep_cold,1.0000000000
METRIC,2026-04-12T23:26:45Z,190742244381331,3532,btc_qm_engine:btc_ptmc_accept,-0.7165701146
METRIC,2026-04-12T23:26:45Z,190742244419341,3532,btc_qm_engine:btc_ptmc_rep_hot,3.0000000000
METRIC,2026-04-12T23:26:45Z,190742244444001,3532,btc_qm_engine:btc_ptmc_rep_cold,2.0000000000
METRIC,2026-04-12T23:26:45Z,190742244468611,3532,btc_qm_engine:btc_ptmc_accept,1.0000000000
METRIC,2026-04-12T23:26:45Z,190742244504631,3532,btc_qm_engine:btc_ptmc_rep_hot,4.0000000000
METRIC,2026-04-12T23:26:45Z,190742244529671,3532,btc_qm_engine:btc_ptmc_rep_cold,3.0000000000
METRIC,2026-04-12T23:26:45Z,190742244554521,3532,btc_qm_engine:btc_ptmc_accept,1.0000000000
METRIC,2026-04-12T23:26:45Z,190742244588581,3532,btc_qm_engine:btc_ptmc_rep_hot,5.0000000000
METRIC,2026-04-12T23:26:45Z,190742244614271,3532,btc_qm_engine:btc_ptmc_rep_cold,4.0000000000
METRIC,2026-04-12T23:26:45Z,190742244634441,3532,btc_qm_engine:btc_ptmc_accept,1.0000000000
METRIC,2026-04-12T23:26:45Z,190742244657391,3532,btc_qm_engine:btc_ptmc_rep_hot,6.0000000000
METRIC,2026-04-12T23:26:45Z,190742244682751,3532,btc_qm_engine:btc_ptmc_rep_cold,5.0000000000
METRIC,2026-04-12T23:26:45Z,190742244706541,3532,btc_qm_engine:btc_ptmc_accept,1.0000000000
METRIC,2026-04-12T23:26:45Z,190742244748851,3532,btc_qm_engine:btc_ptmc_rep_hot,7.0000000000
METRIC,2026-04-12T23:26:45Z,190742244773711,3532,btc_qm_engine:btc_ptmc_rep_cold,6.0000000000
METRIC,2026-04-12T23:26:45Z,190742244827441,3532,btc_qm_engine:btc_ptmc_accept,1.0000000000
METRIC,2026-04-12T23:26:45Z,190742344940504,3532,btc_qm_engine:btc_ptmc_rep_hot,1.0000000000
METRIC,2026-04-12T23:26:45Z,190742345066024,3532,btc_qm_engine:btc_ptmc_rep_cold,0.0000000000
METRIC,2026-04-12T23:26:45Z,190742345092894,3532,btc_qm_engine:btc_ptmc_accept,1.0000000000
METRIC,2026-04-12T23:26:45Z,190742345122224,3532,btc_qm_engine:btc_ptmc_rep_hot,2.0000000000
METRIC,2026-04-12T23:26:45Z,190742345152064,3532,btc_qm_engine:btc_ptmc_rep_cold,1.0000000000
METRIC,2026-04-12T23:26:45Z,190742345180314,3532,btc_qm_engine:btc_ptmc_accept,1.0000000000
METRIC,2026-04-12T23:26:45Z,190742345203994,3532,btc_qm_engine:btc_ptmc_rep_hot,3.0000000000
METRIC,2026-04-12T23:26:45Z,190742345222644,3532,btc_qm_engine:btc_ptmc_rep_cold,2.0000000000
METRIC,2026-04-12T23:26:45Z,190742345240914,3532,btc_qm_engine:btc_ptmc_accept,1.0000000000
METRIC,2026-04-12T23:26:45Z,190742345261884,3532,btc_qm_engine:btc_ptmc_rep_hot,4.0000000000
METRIC,2026-04-12T23:26:45Z,190742345280884,3532,btc_qm_engine:btc_ptmc_rep_cold,3.0000000000
METRIC,2026-04-12T23:26:45Z,190742345299094,3532,btc_qm_engine:btc_ptmc_accept,1.0000000000
METRIC,2026-04-12T23:26:45Z,190742345319914,3532,btc_qm_engine:btc_ptmc_rep_hot,5.0000000000
METRIC,2026-04-12T23:26:45Z,190742345338234,3532,btc_qm_engine:btc_ptmc_rep_cold,4.0000000000
METRIC,2026-04-12T23:26:45Z,190742345356514,3532,btc_qm_engine:btc_ptmc_accept,1.0000000000
METRIC,2026-04-12T23:26:45Z,190742345380334,3532,btc_qm_engine:btc_ptmc_rep_hot,6.0000000000
METRIC,2026-04-12T23:26:45Z,190742345398664,3532,btc_qm_engine:btc_ptmc_rep_cold,5.0000000000
METRIC,2026-04-12T23:26:45Z,190742345416784,3532,btc_qm_engine:btc_ptmc_accept,1.0000000000
METRIC,2026-04-12T23:26:45Z,190742345437574,3532,btc_qm_engine:btc_ptmc_rep_hot,7.0000000000
METRIC,2026-04-12T23:26:45Z,190742345456384,3532,btc_qm_engine:btc_ptmc_rep_cold,6.0000000000
METRIC,2026-04-12T23:26:45Z,190742345480664,3532,btc_qm_engine:btc_ptmc_accept,1.0000000000
METRIC,2026-04-12T23:26:45Z,190742387939651,3532,btc_qm_engine:btc_hashrate_mhs,0.9702255766
METRIC,2026-04-12T23:26:45Z,190742388015111,3532,btc_qm_engine:btc_hashrate_thread_id,5.0000000000
METRIC,2026-04-12T23:26:45Z,190742392413471,3532,btc_qm_engine:btc_hashrate_mhs,0.9700671067
METRIC,2026-04-12T23:26:45Z,190742392467961,3532,btc_qm_engine:btc_hashrate_thread_id,7.0000000000
METRIC,2026-04-12T23:26:45Z,190742392858611,3532,btc_qm_engine:btc_hashrate_mhs,0.9701409350
METRIC,2026-04-12T23:26:45Z,190742392908831,3532,btc_qm_engine:btc_hashrate_thread_id,6.0000000000
METRIC,2026-04-12T23:26:45Z,190742393065311,3532,btc_qm_engine:btc_nx48_stall_count,2.0000000000
METRIC,2026-04-12T23:26:45Z,190742393106191,3532,btc_qm_engine:btc_nx48_delta_nonce_old,1.8308436208
METRIC,2026-04-12T23:26:45Z,190742393132081,3532,btc_qm_engine:btc_nx48_delta_nonce_new,1.9565587696
METRIC,2026-04-12T23:26:45Z,190742393156931,3532,btc_qm_engine:btc_nx48_batch_old,4.0000000000
METRIC,2026-04-12T23:26:45Z,190742393181541,3532,btc_qm_engine:btc_nx48_batch_new,4.0000000000
METRIC,2026-04-12T23:26:45Z,190742393206631,3532,btc_qm_engine:btc_nx48_loss,0.6765372714
METRIC,2026-04-12T23:26:45Z,190742393231531,3532,btc_qm_engine:btc_nx48_grad_norm,0.7162414935
METRIC,2026-04-12T23:26:45Z,190742393287271,3532,btc_qm_engine:btc_nx48_update_count,41.0000000000
METRIC,2026-04-12T23:26:45Z,190742393313771,3532,btc_qm_engine:btc_nx48_exploration_bias,0.4776631463
METRIC,2026-04-12T23:26:45Z,190742393338341,3532,btc_qm_engine:btc_hashrate_mhs,0.9702440488
METRIC,2026-04-12T23:26:45Z,190742393362821,3532,btc_qm_engine:btc_hashrate_thread_id,0.0000000000
METRIC,2026-04-12T23:26:45Z,190742393450531,3532,btc_qm_engine:btc_hashrate_mhs,0.9704609617
METRIC,2026-04-12T23:26:45Z,190742393546011,3532,btc_qm_engine:btc_hashrate_thread_id,1.0000000000
METRIC,2026-04-12T23:26:45Z,190742394852291,3532,btc_qm_engine:btc_hashrate_mhs,0.9704106028
METRIC,2026-04-12T23:26:45Z,190742394887081,3532,btc_qm_engine:btc_hashrate_thread_id,4.0000000000
METRIC,2026-04-12T23:26:45Z,190742395498221,3532,btc_qm_engine:btc_hashrate_mhs,0.9704601201
METRIC,2026-04-12T23:26:45Z,190742395534431,3532,btc_qm_engine:btc_hashrate_thread_id,2.0000000000
METRIC,2026-04-12T23:26:45Z,190742399142741,3532,btc_qm_engine:btc_hashrate_mhs,0.9705298673
METRIC,2026-04-12T23:26:45Z,190742399187361,3532,btc_qm_engine:btc_hashrate_thread_id,3.0000000000
METRIC,2026-04-12T23:26:45Z,190742449802547,3532,btc_qm_engine:btc_ptmc_rep_hot,1.0000000000
METRIC,2026-04-12T23:26:45Z,190742449870667,3532,btc_qm_engine:btc_ptmc_rep_cold,0.0000000000
METRIC,2026-04-12T23:26:45Z,190742449890827,3532,btc_qm_engine:btc_ptmc_accept,1.0000000000
METRIC,2026-04-12T23:26:45Z,190742449926157,3532,btc_qm_engine:btc_ptmc_rep_hot,2.0000000000
METRIC,2026-04-12T23:26:45Z,190742449962307,3532,btc_qm_engine:btc_ptmc_rep_cold,1.0000000000
METRIC,2026-04-12T23:26:45Z,190742449989117,3532,btc_qm_engine:btc_ptmc_accept,1.0000000000
METRIC,2026-04-12T23:26:45Z,190742450318477,3532,btc_qm_engine:btc_ptmc_rep_hot,3.0000000000
METRIC,2026-04-12T23:26:45Z,190742450366377,3532,btc_qm_engine:btc_ptmc_rep_cold,2.0000000000
METRIC,2026-04-12T23:26:45Z,190742450418687,3532,btc_qm_engine:btc_ptmc_accept,1.0000000000
METRIC,2026-04-12T23:26:45Z,190742450450257,3532,btc_qm_engine:btc_ptmc_rep_hot,4.0000000000
METRIC,2026-04-12T23:26:45Z,190742450475057,3532,btc_qm_engine:btc_ptmc_rep_cold,3.0000000000
METRIC,2026-04-12T23:26:45Z,190742450497657,3532,btc_qm_engine:btc_ptmc_accept,0.9048374180
METRIC,2026-04-12T23:26:45Z,190742450529827,3532,btc_qm_engine:btc_ptmc_rep_hot,5.0000000000
METRIC,2026-04-12T23:26:45Z,190742450552677,3532,btc_qm_engine:btc_ptmc_rep_cold,4.0000000000
METRIC,2026-04-12T23:26:45Z,190742450573487,3532,btc_qm_engine:btc_ptmc_accept,1.0000000000
METRIC,2026-04-12T23:26:45Z,190742450597437,3532,btc_qm_engine:btc_ptmc_rep_hot,6.0000000000
METRIC,2026-04-12T23:26:45Z,190742450615817,3532,btc_qm_engine:btc_ptmc_rep_cold,5.0000000000
METRIC,2026-04-12T23:26:45Z,190742450634267,3532,btc_qm_engine:btc_ptmc_accept,0.9642895790
METRIC,2026-04-12T23:26:45Z,190742450664267,3532,btc_qm_engine:btc_ptmc_rep_hot,7.0000000000
METRIC,2026-04-12T23:26:45Z,190742450684647,3532,btc_qm_engine:btc_ptmc_rep_cold,6.0000000000
METRIC,2026-04-12T23:26:45Z,190742450710007,3532,btc_qm_engine:btc_ptmc_accept,0.9767452464
METRIC,2026-04-12T23:26:45Z,190742553391831,3532,btc_qm_engine:btc_ptmc_rep_hot,1.0000000000
METRIC,2026-04-12T23:26:45Z,190742553471411,3532,btc_qm_engine:btc_ptmc_rep_cold,0.0000000000
METRIC,2026-04-12T23:26:45Z,190742553491991,3532,btc_qm_engine:btc_ptmc_accept,1.0000000000
METRIC,2026-04-12T23:26:45Z,190742553516251,3532,btc_qm_engine:btc_ptmc_rep_hot,2.0000000000
METRIC,2026-04-12T23:26:45Z,190742553534721,3532,btc_qm_engine:btc_ptmc_rep_cold,1.0000000000
METRIC,2026-04-12T23:26:45Z,190742553554141,3532,btc_qm_engine:btc_ptmc_accept,0.3678315014
METRIC,2026-04-12T23:26:45Z,190742553669601,3532,btc_qm_engine:btc_ptmc_rep_hot,3.0000000000
METRIC,2026-04-12T23:26:45Z,190742553700271,3532,btc_qm_engine:btc_ptmc_rep_cold,2.0000000000
METRIC,2026-04-12T23:26:45Z,190742553718821,3532,btc_qm_engine:btc_ptmc_accept,1.0000000000
METRIC,2026-04-12T23:26:45Z,190742553742971,3532,btc_qm_engine:btc_ptmc_rep_hot,4.0000000000
METRIC,2026-04-12T23:26:45Z,190742553761271,3532,btc_qm_engine:btc_ptmc_rep_cold,3.0000000000
METRIC,2026-04-12T23:26:45Z,190742553796351,3532,btc_qm_engine:btc_ptmc_accept,0.9048338808
METRIC,2026-04-12T23:26:45Z,190742553822061,3532,btc_qm_engine:btc_ptmc_rep_hot,5.0000000000
METRIC,2026-04-12T23:26:45Z,190742553845401,3532,btc_qm_engine:btc_ptmc_rep_cold,4.0000000000
METRIC,2026-04-12T23:26:45Z,190742553870031,3532,btc_qm_engine:btc_ptmc_accept,1.0000000000
METRIC,2026-04-12T23:26:45Z,190742553900821,3532,btc_qm_engine:btc_ptmc_rep_hot,6.0000000000
METRIC,2026-04-12T23:26:45Z,190742553919291,3532,btc_qm_engine:btc_ptmc_rep_cold,5.0000000000
METRIC,2026-04-12T23:26:45Z,190742553937491,3532,btc_qm_engine:btc_ptmc_accept,0.9642890805
METRIC,2026-04-12T23:26:45Z,190742553961191,3532,btc_qm_engine:btc_ptmc_rep_hot,7.0000000000
METRIC,2026-04-12T23:26:45Z,190742553979501,3532,btc_qm_engine:btc_ptmc_rep_cold,6.0000000000
METRIC,2026-04-12T23:26:45Z,190742554038081,3532,btc_qm_engine:btc_ptmc_accept,0.9767450351
METRIC,2026-04-12T23:26:46Z,190742657507454,3532,btc_qm_engine:btc_ptmc_rep_hot,1.0000000000
METRIC,2026-04-12T23:26:46Z,190742657584944,3532,btc_qm_engine:btc_ptmc_rep_cold,0.0000000000
METRIC,2026-04-12T23:26:46Z,190742657610944,3532,btc_qm_engine:btc_ptmc_accept,-0.2636887251
METRIC,2026-04-12T23:26:46Z,190742657641764,3532,btc_qm_engine:btc_ptmc_rep_hot,2.0000000000
METRIC,2026-04-12T23:26:46Z,190742657662394,3532,btc_qm_engine:btc_ptmc_rep_cold,1.0000000000
METRIC,2026-04-12T23:26:46Z,190742657681044,3532,btc_qm_engine:btc_ptmc_accept,-0.7164924961
METRIC,2026-04-12T23:26:46Z,190742657705134,3532,btc_qm_engine:btc_ptmc_rep_hot,3.0000000000
METRIC,2026-04-12T23:26:46Z,190742657723434,3532,btc_qm_engine:btc_ptmc_rep_cold,2.0000000000
METRIC,2026-04-12T23:26:46Z,190742657742844,3532,btc_qm_engine:btc_ptmc_accept,1.0000000000
METRIC,2026-04-12T23:26:46Z,190742657766654,3532,btc_qm_engine:btc_ptmc_rep_hot,4.0000000000
METRIC,2026-04-12T23:26:46Z,190742657784924,3532,btc_qm_engine:btc_ptmc_rep_cold,3.0000000000
METRIC,2026-04-12T23:26:46Z,190742657803084,3532,btc_qm_engine:btc_ptmc_accept,1.0000000000
METRIC,2026-04-12T23:26:46Z,190742657826664,3532,btc_qm_engine:btc_ptmc_rep_hot,5.0000000000
METRIC,2026-04-12T23:26:46Z,190742657845034,3532,btc_qm_engine:btc_ptmc_rep_cold,4.0000000000
METRIC,2026-04-12T23:26:46Z,190742657863304,3532,btc_qm_engine:btc_ptmc_accept,1.0000000000
METRIC,2026-04-12T23:26:46Z,190742657883784,3532,btc_qm_engine:btc_ptmc_rep_hot,6.0000000000
METRIC,2026-04-12T23:26:46Z,190742657901854,3532,btc_qm_engine:btc_ptmc_rep_cold,5.0000000000
METRIC,2026-04-12T23:26:46Z,190742657920084,3532,btc_qm_engine:btc_ptmc_accept,1.0000000000
METRIC,2026-04-12T23:26:46Z,190742657945744,3532,btc_qm_engine:btc_ptmc_rep_hot,7.0000000000
METRIC,2026-04-12T23:26:46Z,190742658069034,3532,btc_qm_engine:btc_ptmc_rep_cold,6.0000000000
METRIC,2026-04-12T23:26:46Z,190742658105554,3532,btc_qm_engine:btc_ptmc_accept,1.0000000000
METRIC,2026-04-12T23:26:46Z,190742757780758,3532,btc_qm_engine:btc_ptmc_rep_hot,1.0000000000
METRIC,2026-04-12T23:26:46Z,190742757884738,3532,btc_qm_engine:btc_ptmc_rep_cold,0.0000000000
METRIC,2026-04-12T23:26:46Z,190742757912048,3532,btc_qm_engine:btc_ptmc_accept,1.0000000000
METRIC,2026-04-12T23:26:46Z,190742757939698,3532,btc_qm_engine:btc_ptmc_rep_hot,2.0000000000
METRIC,2026-04-12T23:26:46Z,190742757962798,3532,btc_qm_engine:btc_ptmc_rep_cold,1.0000000000
METRIC,2026-04-12T23:26:46Z,190742757986908,3532,btc_qm_engine:btc_ptmc_accept,1.0000000000
METRIC,2026-04-12T23:26:46Z,190742758067318,3532,btc_qm_engine:btc_ptmc_rep_hot,3.0000000000
METRIC,2026-04-12T23:26:46Z,190742758093588,3532,btc_qm_engine:btc_ptmc_rep_cold,2.0000000000
METRIC,2026-04-12T23:26:46Z,190742758117698,3532,btc_qm_engine:btc_ptmc_accept,1.0000000000
METRIC,2026-04-12T23:26:46Z,190742758147638,3532,btc_qm_engine:btc_ptmc_rep_hot,4.0000000000
METRIC,2026-04-12T23:26:46Z,190742758171608,3532,btc_qm_engine:btc_ptmc_rep_cold,3.0000000000
METRIC,2026-04-12T23:26:46Z,190742758196328,3532,btc_qm_engine:btc_ptmc_accept,1.0000000000
METRIC,2026-04-12T23:26:46Z,190742758222608,3532,btc_qm_engine:btc_ptmc_rep_hot,5.0000000000
METRIC,2026-04-12T23:26:46Z,190742758283428,3532,btc_qm_engine:btc_ptmc_rep_cold,4.0000000000
METRIC,2026-04-12T23:26:46Z,190742758307238,3532,btc_qm_engine:btc_ptmc_accept,1.0000000000
METRIC,2026-04-12T23:26:46Z,190742758341108,3532,btc_qm_engine:btc_ptmc_rep_hot,6.0000000000
METRIC,2026-04-12T23:26:46Z,190742758366138,3532,btc_qm_engine:btc_ptmc_rep_cold,5.0000000000
METRIC,2026-04-12T23:26:46Z,190742758389808,3532,btc_qm_engine:btc_ptmc_accept,1.0000000000
METRIC,2026-04-12T23:26:46Z,190742758421738,3532,btc_qm_engine:btc_ptmc_rep_hot,7.0000000000
METRIC,2026-04-12T23:26:46Z,190742758446618,3532,btc_qm_engine:btc_ptmc_rep_cold,6.0000000000
METRIC,2026-04-12T23:26:46Z,190742758470608,3532,btc_qm_engine:btc_ptmc_accept,1.0000000000
METRIC,2026-04-12T23:26:46Z,190742858808871,3532,btc_qm_engine:btc_ptmc_rep_hot,1.0000000000
METRIC,2026-04-12T23:26:46Z,190742858891421,3532,btc_qm_engine:btc_ptmc_rep_cold,0.0000000000
METRIC,2026-04-12T23:26:46Z,190742858912411,3532,btc_qm_engine:btc_ptmc_accept,-0.2638537189
METRIC,2026-04-12T23:26:46Z,190742858937741,3532,btc_qm_engine:btc_ptmc_rep_hot,2.0000000000
METRIC,2026-04-12T23:26:46Z,190742858956581,3532,btc_qm_engine:btc_ptmc_rep_cold,1.0000000000
METRIC,2026-04-12T23:26:46Z,190742858976721,3532,btc_qm_engine:btc_ptmc_accept,1.0000000000
METRIC,2026-04-12T23:26:46Z,190742859060531,3532,btc_qm_engine:btc_ptmc_rep_hot,3.0000000000
METRIC,2026-04-12T23:26:46Z,190742859084521,3532,btc_qm_engine:btc_ptmc_rep_cold,2.0000000000
METRIC,2026-04-12T23:26:46Z,190742859103301,3532,btc_qm_engine:btc_ptmc_accept,1.0000000000
METRIC,2026-04-12T23:26:46Z,190742859125601,3532,btc_qm_engine:btc_ptmc_rep_hot,4.0000000000
METRIC,2026-04-12T23:26:46Z,190742859143981,3532,btc_qm_engine:btc_ptmc_rep_cold,3.0000000000
METRIC,2026-04-12T23:26:46Z,190742859162151,3532,btc_qm_engine:btc_ptmc_accept,1.0000000000
METRIC,2026-04-12T23:26:46Z,190742859202091,3532,btc_qm_engine:btc_ptmc_rep_hot,5.0000000000
METRIC,2026-04-12T23:26:46Z,190742859233101,3532,btc_qm_engine:btc_ptmc_rep_cold,4.0000000000
METRIC,2026-04-12T23:26:46Z,190742859251411,3532,btc_qm_engine:btc_ptmc_accept,1.0000000000
METRIC,2026-04-12T23:26:46Z,190742859278341,3532,btc_qm_engine:btc_ptmc_rep_hot,6.0000000000
METRIC,2026-04-12T23:26:46Z,190742859303231,3532,btc_qm_engine:btc_ptmc_rep_cold,5.0000000000
METRIC,2026-04-12T23:26:46Z,190742859322331,3532,btc_qm_engine:btc_ptmc_accept,1.0000000000
METRIC,2026-04-12T23:26:46Z,190742859344201,3532,btc_qm_engine:btc_ptmc_rep_hot,7.0000000000
METRIC,2026-04-12T23:26:46Z,190742859362511,3532,btc_qm_engine:btc_ptmc_rep_cold,6.0000000000
METRIC,2026-04-12T23:26:46Z,190742859380731,3532,btc_qm_engine:btc_ptmc_accept,1.0000000000
METRIC,2026-04-12T23:26:46Z,190742960377435,3532,btc_qm_engine:btc_ptmc_rep_hot,1.0000000000
METRIC,2026-04-12T23:26:46Z,190742960462235,3532,btc_qm_engine:btc_ptmc_rep_cold,0.0000000000
METRIC,2026-04-12T23:26:46Z,190742960488645,3532,btc_qm_engine:btc_ptmc_accept,1.0000000000
METRIC,2026-04-12T23:26:46Z,190742960519745,3532,btc_qm_engine:btc_ptmc_rep_hot,2.0000000000
METRIC,2026-04-12T23:26:46Z,190742960543895,3532,btc_qm_engine:btc_ptmc_rep_cold,1.0000000000
METRIC,2026-04-12T23:26:46Z,190742960568515,3532,btc_qm_engine:btc_ptmc_accept,1.0000000000
METRIC,2026-04-12T23:26:46Z,190742960600045,3532,btc_qm_engine:btc_ptmc_rep_hot,3.0000000000
METRIC,2026-04-12T23:26:46Z,190742960625005,3532,btc_qm_engine:btc_ptmc_rep_cold,2.0000000000
METRIC,2026-04-12T23:26:46Z,190742960649515,3532,btc_qm_engine:btc_ptmc_accept,1.0000000000
METRIC,2026-04-12T23:26:46Z,190742960687055,3532,btc_qm_engine:btc_ptmc_rep_hot,4.0000000000
METRIC,2026-04-12T23:26:46Z,190742960711935,3532,btc_qm_engine:btc_ptmc_rep_cold,3.0000000000
METRIC,2026-04-12T23:26:46Z,190742960736235,3532,btc_qm_engine:btc_ptmc_accept,-0.9048418286
METRIC,2026-04-12T23:26:46Z,190742960772245,3532,btc_qm_engine:btc_ptmc_rep_hot,5.0000000000
METRIC,2026-04-12T23:26:46Z,190742960798215,3532,btc_qm_engine:btc_ptmc_rep_cold,4.0000000000
METRIC,2026-04-12T23:26:46Z,190742960822935,3532,btc_qm_engine:btc_ptmc_accept,1.0000000000
METRIC,2026-04-12T23:26:46Z,190742960889275,3532,btc_qm_engine:btc_ptmc_rep_hot,6.0000000000
METRIC,2026-04-12T23:26:46Z,190742960914295,3532,btc_qm_engine:btc_ptmc_rep_cold,5.0000000000
METRIC,2026-04-12T23:26:46Z,190742960938935,3532,btc_qm_engine:btc_ptmc_accept,1.0000000000
METRIC,2026-04-12T23:26:46Z,190742960969405,3532,btc_qm_engine:btc_ptmc_rep_hot,7.0000000000
METRIC,2026-04-12T23:26:46Z,190742960999345,3532,btc_qm_engine:btc_ptmc_rep_cold,6.0000000000
METRIC,2026-04-12T23:26:46Z,190742961387115,3532,btc_qm_engine:btc_ptmc_accept,1.0000000000
METRIC,2026-04-12T23:26:46Z,190743062455588,3532,btc_qm_engine:btc_ptmc_rep_hot,1.0000000000
METRIC,2026-04-12T23:26:46Z,190743062520538,3532,btc_qm_engine:btc_ptmc_rep_cold,0.0000000000
METRIC,2026-04-12T23:26:46Z,190743062546788,3532,btc_qm_engine:btc_ptmc_accept,1.0000000000
METRIC,2026-04-12T23:26:46Z,190743062579608,3532,btc_qm_engine:btc_ptmc_rep_hot,2.0000000000
METRIC,2026-04-12T23:26:46Z,190743062612648,3532,btc_qm_engine:btc_ptmc_rep_cold,1.0000000000
METRIC,2026-04-12T23:26:46Z,190743062645928,3532,btc_qm_engine:btc_ptmc_accept,-0.7165624298
METRIC,2026-04-12T23:26:46Z,190743062845888,3532,btc_qm_engine:btc_ptmc_rep_hot,3.0000000000
METRIC,2026-04-12T23:26:46Z,190743062871938,3532,btc_qm_engine:btc_ptmc_rep_cold,2.0000000000
METRIC,2026-04-12T23:26:46Z,190743062896288,3532,btc_qm_engine:btc_ptmc_accept,1.0000000000
METRIC,2026-04-12T23:26:46Z,190743062931838,3532,btc_qm_engine:btc_ptmc_rep_hot,4.0000000000
METRIC,2026-04-12T23:26:46Z,190743062956308,3532,btc_qm_engine:btc_ptmc_rep_cold,3.0000000000
METRIC,2026-04-12T23:26:46Z,190743062980498,3532,btc_qm_engine:btc_ptmc_accept,0.9048409551
METRIC,2026-04-12T23:26:46Z,190743063054878,3532,btc_qm_engine:btc_ptmc_rep_hot,5.0000000000
METRIC,2026-04-12T23:26:46Z,190743063080508,3532,btc_qm_engine:btc_ptmc_rep_cold,4.0000000000
METRIC,2026-04-12T23:26:46Z,190743063104178,3532,btc_qm_engine:btc_ptmc_accept,1.0000000000
METRIC,2026-04-12T23:26:46Z,190743063132328,3532,btc_qm_engine:btc_ptmc_rep_hot,6.0000000000
METRIC,2026-04-12T23:26:46Z,190743063156398,3532,btc_qm_engine:btc_ptmc_rep_cold,5.0000000000
METRIC,2026-04-12T23:26:46Z,190743063180248,3532,btc_qm_engine:btc_ptmc_accept,0.9642900774
METRIC,2026-04-12T23:26:46Z,190743063212268,3532,btc_qm_engine:btc_ptmc_rep_hot,7.0000000000
METRIC,2026-04-12T23:26:46Z,190743063237038,3532,btc_qm_engine:btc_ptmc_rep_cold,6.0000000000
METRIC,2026-04-12T23:26:46Z,190743063261368,3532,btc_qm_engine:btc_ptmc_accept,1.0000000000
METRIC,2026-04-12T23:26:46Z,190743162463892,3532,btc_qm_engine:btc_ptmc_rep_hot,1.0000000000
METRIC,2026-04-12T23:26:46Z,190743162550542,3532,btc_qm_engine:btc_ptmc_rep_cold,0.0000000000
METRIC,2026-04-12T23:26:46Z,190743162576832,3532,btc_qm_engine:btc_ptmc_accept,1.0000000000
METRIC,2026-04-12T23:26:46Z,190743162608392,3532,btc_qm_engine:btc_ptmc_rep_hot,2.0000000000
METRIC,2026-04-12T23:26:46Z,190743162631732,3532,btc_qm_engine:btc_ptmc_rep_cold,1.0000000000
METRIC,2026-04-12T23:26:46Z,190743162656122,3532,btc_qm_engine:btc_ptmc_accept,1.0000000000
METRIC,2026-04-12T23:26:46Z,190743162684962,3532,btc_qm_engine:btc_ptmc_rep_hot,3.0000000000
METRIC,2026-04-12T23:26:46Z,190743162710282,3532,btc_qm_engine:btc_ptmc_rep_cold,2.0000000000
METRIC,2026-04-12T23:26:46Z,190743162734292,3532,btc_qm_engine:btc_ptmc_accept,1.0000000000
METRIC,2026-04-12T23:26:46Z,190743162766202,3532,btc_qm_engine:btc_ptmc_rep_hot,4.0000000000
METRIC,2026-04-12T23:26:46Z,190743162790902,3532,btc_qm_engine:btc_ptmc_rep_cold,3.0000000000
METRIC,2026-04-12T23:26:46Z,190743162814802,3532,btc_qm_engine:btc_ptmc_accept,1.0000000000
METRIC,2026-04-12T23:26:46Z,190743162846772,3532,btc_qm_engine:btc_ptmc_rep_hot,5.0000000000
METRIC,2026-04-12T23:26:46Z,190743162870762,3532,btc_qm_engine:btc_ptmc_rep_cold,4.0000000000
METRIC,2026-04-12T23:26:46Z,190743162893842,3532,btc_qm_engine:btc_ptmc_accept,1.0000000000
METRIC,2026-04-12T23:26:46Z,190743162932822,3532,btc_qm_engine:btc_ptmc_rep_hot,6.0000000000
METRIC,2026-04-12T23:26:46Z,190743162958122,3532,btc_qm_engine:btc_ptmc_rep_cold,5.0000000000
METRIC,2026-04-12T23:26:46Z,190743163019202,3532,btc_qm_engine:btc_ptmc_accept,0.9642895790
METRIC,2026-04-12T23:26:46Z,190743163060832,3532,btc_qm_engine:btc_ptmc_rep_hot,7.0000000000
METRIC,2026-04-12T23:26:46Z,190743163096422,3532,btc_qm_engine:btc_ptmc_rep_cold,6.0000000000
METRIC,2026-04-12T23:26:46Z,190743163121272,3532,btc_qm_engine:btc_ptmc_accept,0.9540312765
METRIC,2026-04-12T23:26:46Z,190743265462565,3532,btc_qm_engine:btc_ptmc_rep_hot,1.0000000000
METRIC,2026-04-12T23:26:46Z,190743265541605,3532,btc_qm_engine:btc_ptmc_rep_cold,0.0000000000
METRIC,2026-04-12T23:26:46Z,190743265568075,3532,btc_qm_engine:btc_ptmc_accept,1.0000000000
METRIC,2026-04-12T23:26:46Z,190743265592975,3532,btc_qm_engine:btc_ptmc_rep_hot,2.0000000000
METRIC,2026-04-12T23:26:46Z,190743265617085,3532,btc_qm_engine:btc_ptmc_rep_cold,1.0000000000
METRIC,2026-04-12T23:26:46Z,190743265639925,3532,btc_qm_engine:btc_ptmc_accept,1.0000000000
METRIC,2026-04-12T23:26:46Z,190743265669115,3532,btc_qm_engine:btc_ptmc_rep_hot,3.0000000000
METRIC,2026-04-12T23:26:46Z,190743265693385,3532,btc_qm_engine:btc_ptmc_rep_cold,2.0000000000
METRIC,2026-04-12T23:26:46Z,190743265716345,3532,btc_qm_engine:btc_ptmc_accept,0.8464725326
METRIC,2026-04-12T23:26:46Z,190743265748305,3532,btc_qm_engine:btc_ptmc_rep_hot,4.0000000000
METRIC,2026-04-12T23:26:46Z,190743265773905,3532,btc_qm_engine:btc_ptmc_rep_cold,3.0000000000
METRIC,2026-04-12T23:26:46Z,190743265798415,3532,btc_qm_engine:btc_ptmc_accept,0.9048338808
METRIC,2026-04-12T23:26:46Z,190743265831575,3532,btc_qm_engine:btc_ptmc_rep_hot,5.0000000000
METRIC,2026-04-12T23:26:46Z,190743265856755,3532,btc_qm_engine:btc_ptmc_rep_cold,4.0000000000
METRIC,2026-04-12T23:26:46Z,190743265880425,3532,btc_qm_engine:btc_ptmc_accept,0.9394116283
METRIC,2026-04-12T23:26:46Z,190743265915735,3532,btc_qm_engine:btc_ptmc_rep_hot,6.0000000000
METRIC,2026-04-12T23:26:46Z,190743265939815,3532,btc_qm_engine:btc_ptmc_rep_cold,5.0000000000
METRIC,2026-04-12T23:26:46Z,190743265973855,3532,btc_qm_engine:btc_ptmc_accept,1.0000000000
METRIC,2026-04-12T23:26:46Z,190743266066985,3532,btc_qm_engine:btc_ptmc_rep_hot,7.0000000000
METRIC,2026-04-12T23:26:46Z,190743266093295,3532,btc_qm_engine:btc_ptmc_rep_cold,6.0000000000
METRIC,2026-04-12T23:26:46Z,190743266117765,3532,btc_qm_engine:btc_ptmc_accept,1.0000000000
METRIC,2026-04-12T23:26:46Z,190743372134799,3532,btc_qm_engine:btc_ptmc_rep_hot,1.0000000000
METRIC,2026-04-12T23:26:46Z,190743372211879,3532,btc_qm_engine:btc_ptmc_rep_cold,0.0000000000
METRIC,2026-04-12T23:26:46Z,190743372238799,3532,btc_qm_engine:btc_ptmc_accept,1.0000000000
METRIC,2026-04-12T23:26:46Z,190743372275359,3532,btc_qm_engine:btc_ptmc_rep_hot,2.0000000000
METRIC,2026-04-12T23:26:46Z,190743372300258,3532,btc_qm_engine:btc_ptmc_rep_cold,1.0000000000
METRIC,2026-04-12T23:26:46Z,190743372324768,3532,btc_qm_engine:btc_ptmc_accept,1.0000000000
METRIC,2026-04-12T23:26:46Z,190743372356898,3532,btc_qm_engine:btc_ptmc_rep_hot,3.0000000000
METRIC,2026-04-12T23:26:46Z,190743372381228,3532,btc_qm_engine:btc_ptmc_rep_cold,2.0000000000
METRIC,2026-04-12T23:26:46Z,190743372406498,3532,btc_qm_engine:btc_ptmc_accept,1.0000000000
METRIC,2026-04-12T23:26:46Z,190743372439608,3532,btc_qm_engine:btc_ptmc_rep_hot,4.0000000000
METRIC,2026-04-12T23:26:46Z,190743372463948,3532,btc_qm_engine:btc_ptmc_rep_cold,3.0000000000
METRIC,2026-04-12T23:26:46Z,190743372499718,3532,btc_qm_engine:btc_ptmc_accept,1.0000000000
METRIC,2026-04-12T23:26:46Z,190743372541418,3532,btc_qm_engine:btc_ptmc_rep_hot,5.0000000000
METRIC,2026-04-12T23:26:46Z,190743372565978,3532,btc_qm_engine:btc_ptmc_rep_cold,4.0000000000
METRIC,2026-04-12T23:26:46Z,190743372591538,3532,btc_qm_engine:btc_ptmc_accept,1.0000000000
METRIC,2026-04-12T23:26:46Z,190743372622338,3532,btc_qm_engine:btc_ptmc_rep_hot,6.0000000000
METRIC,2026-04-12T23:26:46Z,190743372646698,3532,btc_qm_engine:btc_ptmc_rep_cold,5.0000000000
METRIC,2026-04-12T23:26:46Z,190743372670908,3532,btc_qm_engine:btc_ptmc_accept,1.0000000000
METRIC,2026-04-12T23:26:46Z,190743372698308,3532,btc_qm_engine:btc_ptmc_rep_hot,7.0000000000
METRIC,2026-04-12T23:26:46Z,190743372742738,3532,btc_qm_engine:btc_ptmc_rep_cold,6.0000000000
METRIC,2026-04-12T23:26:46Z,190743372767398,3532,btc_qm_engine:btc_ptmc_accept,1.0000000000
METRIC,2026-04-12T23:26:46Z,190743474994282,3532,btc_qm_engine:btc_ptmc_rep_hot,1.0000000000
METRIC,2026-04-12T23:26:46Z,190743475119962,3532,btc_qm_engine:btc_ptmc_rep_cold,0.0000000000
METRIC,2026-04-12T23:26:46Z,190743475142412,3532,btc_qm_engine:btc_ptmc_accept,1.0000000000
METRIC,2026-04-12T23:26:46Z,190743475169432,3532,btc_qm_engine:btc_ptmc_rep_hot,2.0000000000
METRIC,2026-04-12T23:26:46Z,190743475188532,3532,btc_qm_engine:btc_ptmc_rep_cold,1.0000000000
METRIC,2026-04-12T23:26:46Z,190743475207362,3532,btc_qm_engine:btc_ptmc_accept,0.3678528374
METRIC,2026-04-12T23:26:46Z,190743475233022,3532,btc_qm_engine:btc_ptmc_rep_hot,3.0000000000
METRIC,2026-04-12T23:26:46Z,190743475251942,3532,btc_qm_engine:btc_ptmc_rep_cold,2.0000000000
METRIC,2026-04-12T23:26:46Z,190743475270582,3532,btc_qm_engine:btc_ptmc_accept,-0.6065196943
METRIC,2026-04-12T23:26:46Z,190743475294702,3532,btc_qm_engine:btc_ptmc_rep_hot,4.0000000000
METRIC,2026-04-12T23:26:46Z,190743475313522,3532,btc_qm_engine:btc_ptmc_rep_cold,3.0000000000
METRIC,2026-04-12T23:26:46Z,190743475338432,3532,btc_qm_engine:btc_ptmc_accept,1.0000000000
METRIC,2026-04-12T23:26:46Z,190743475370272,3532,btc_qm_engine:btc_ptmc_rep_hot,5.0000000000
METRIC,2026-04-12T23:26:46Z,190743475395742,3532,btc_qm_engine:btc_ptmc_rep_cold,4.0000000000
METRIC,2026-04-12T23:26:46Z,190743475419292,3532,btc_qm_engine:btc_ptmc_accept,1.0000000000
METRIC,2026-04-12T23:26:46Z,190743475441242,3532,btc_qm_engine:btc_ptmc_rep_hot,6.0000000000
METRIC,2026-04-12T23:26:46Z,190743475459872,3532,btc_qm_engine:btc_ptmc_rep_cold,5.0000000000
METRIC,2026-04-12T23:26:46Z,190743475478882,3532,btc_qm_engine:btc_ptmc_accept,1.0000000000
METRIC,2026-04-12T23:26:46Z,190743475527852,3532,btc_qm_engine:btc_ptmc_rep_hot,7.0000000000
METRIC,2026-04-12T23:26:46Z,190743475547042,3532,btc_qm_engine:btc_ptmc_rep_cold,6.0000000000
METRIC,2026-04-12T23:26:46Z,190743475568292,3532,btc_qm_engine:btc_ptmc_accept,1.0000000000
METRIC,2026-04-12T23:26:46Z,190743581702025,3532,btc_qm_engine:btc_ptmc_rep_hot,1.0000000000
METRIC,2026-04-12T23:26:46Z,190743581776565,3532,btc_qm_engine:btc_ptmc_rep_cold,0.0000000000
METRIC,2026-04-12T23:26:46Z,190743581803075,3532,btc_qm_engine:btc_ptmc_accept,1.0000000000
METRIC,2026-04-12T23:26:46Z,190743581828235,3532,btc_qm_engine:btc_ptmc_rep_hot,2.0000000000
METRIC,2026-04-12T23:26:46Z,190743581862365,3532,btc_qm_engine:btc_ptmc_rep_cold,1.0000000000
METRIC,2026-04-12T23:26:46Z,190743581894445,3532,btc_qm_engine:btc_ptmc_accept,1.0000000000
METRIC,2026-04-12T23:26:46Z,190743581926805,3532,btc_qm_engine:btc_ptmc_rep_hot,3.0000000000
METRIC,2026-04-12T23:26:46Z,190743581951655,3532,btc_qm_engine:btc_ptmc_rep_cold,2.0000000000
METRIC,2026-04-12T23:26:46Z,190743581974745,3532,btc_qm_engine:btc_ptmc_accept,1.0000000000
METRIC,2026-04-12T23:26:46Z,190743582017765,3532,btc_qm_engine:btc_ptmc_rep_hot,4.0000000000
METRIC,2026-04-12T23:26:46Z,190743582044075,3532,btc_qm_engine:btc_ptmc_rep_cold,3.0000000000
METRIC,2026-04-12T23:26:46Z,190743582067655,3532,btc_qm_engine:btc_ptmc_accept,1.0000000000
METRIC,2026-04-12T23:26:46Z,190743582096925,3532,btc_qm_engine:btc_ptmc_rep_hot,5.0000000000
METRIC,2026-04-12T23:26:46Z,190743582143355,3532,btc_qm_engine:btc_ptmc_rep_cold,4.0000000000
METRIC,2026-04-12T23:26:46Z,190743582168005,3532,btc_qm_engine:btc_ptmc_accept,1.0000000000
METRIC,2026-04-12T23:26:46Z,190743582199935,3532,btc_qm_engine:btc_ptmc_rep_hot,6.0000000000
METRIC,2026-04-12T23:26:46Z,190743582224875,3532,btc_qm_engine:btc_ptmc_rep_cold,5.0000000000
METRIC,2026-04-12T23:26:46Z,190743582249395,3532,btc_qm_engine:btc_ptmc_accept,1.0000000000
METRIC,2026-04-12T23:26:46Z,190743582280725,3532,btc_qm_engine:btc_ptmc_rep_hot,7.0000000000
METRIC,2026-04-12T23:26:46Z,190743582305365,3532,btc_qm_engine:btc_ptmc_rep_cold,6.0000000000
METRIC,2026-04-12T23:26:46Z,190743582329625,3532,btc_qm_engine:btc_ptmc_accept,1.0000000000
METRIC,2026-04-12T23:26:47Z,190743681707119,3532,btc_qm_engine:btc_ptmc_rep_hot,1.0000000000
METRIC,2026-04-12T23:26:47Z,190743681794919,3532,btc_qm_engine:btc_ptmc_rep_cold,0.0000000000
METRIC,2026-04-12T23:26:47Z,190743681821729,3532,btc_qm_engine:btc_ptmc_accept,1.0000000000
METRIC,2026-04-12T23:26:47Z,190743682079179,3532,btc_qm_engine:btc_ptmc_rep_hot,2.0000000000
METRIC,2026-04-12T23:26:47Z,190743682109269,3532,btc_qm_engine:btc_ptmc_rep_cold,1.0000000000
METRIC,2026-04-12T23:26:47Z,190743682133969,3532,btc_qm_engine:btc_ptmc_accept,0.7165701146
METRIC,2026-04-12T23:26:47Z,190743682164069,3532,btc_qm_engine:btc_ptmc_rep_hot,3.0000000000
METRIC,2026-04-12T23:26:47Z,190743682187809,3532,btc_qm_engine:btc_ptmc_rep_cold,2.0000000000
METRIC,2026-04-12T23:26:47Z,190743682210819,3532,btc_qm_engine:btc_ptmc_accept,0.7165507139
METRIC,2026-04-12T23:26:47Z,190743682240959,3532,btc_qm_engine:btc_ptmc_rep_hot,4.0000000000
METRIC,2026-04-12T23:26:47Z,190743682266829,3532,btc_qm_engine:btc_ptmc_rep_cold,3.0000000000
METRIC,2026-04-12T23:26:47Z,190743682290139,3532,btc_qm_engine:btc_ptmc_accept,1.0000000000
METRIC,2026-04-12T23:26:47Z,190743682320039,3532,btc_qm_engine:btc_ptmc_rep_hot,5.0000000000
METRIC,2026-04-12T23:26:47Z,190743682345389,3532,btc_qm_engine:btc_ptmc_rep_cold,4.0000000000
METRIC,2026-04-12T23:26:47Z,190743682369999,3532,btc_qm_engine:btc_ptmc_accept,0.9394148515
METRIC,2026-04-12T23:26:47Z,190743682401789,3532,btc_qm_engine:btc_ptmc_rep_hot,6.0000000000
METRIC,2026-04-12T23:26:47Z,190743682426009,3532,btc_qm_engine:btc_ptmc_rep_cold,5.0000000000
METRIC,2026-04-12T23:26:47Z,190743682450879,3532,btc_qm_engine:btc_ptmc_accept,-0.9642902005
METRIC,2026-04-12T23:26:47Z,190743682491819,3532,btc_qm_engine:btc_ptmc_rep_hot,7.0000000000
METRIC,2026-04-12T23:26:47Z,190743682527949,3532,btc_qm_engine:btc_ptmc_rep_cold,6.0000000000
METRIC,2026-04-12T23:26:47Z,190743682552569,3532,btc_qm_engine:btc_ptmc_accept,1.0000000000
METRIC,2026-04-12T23:26:47Z,190743788664322,3532,btc_qm_engine:btc_ptmc_rep_hot,1.0000000000
METRIC,2026-04-12T23:26:47Z,190743788751972,3532,btc_qm_engine:btc_ptmc_rep_cold,0.0000000000
METRIC,2026-04-12T23:26:47Z,190743788787782,3532,btc_qm_engine:btc_ptmc_accept,-0.1354058228
METRIC,2026-04-12T23:26:47Z,190743788814812,3532,btc_qm_engine:btc_ptmc_rep_hot,2.0000000000
METRIC,2026-04-12T23:26:47Z,190743788839542,3532,btc_qm_engine:btc_ptmc_rep_cold,1.0000000000
METRIC,2026-04-12T23:26:47Z,190743788864202,3532,btc_qm_engine:btc_ptmc_accept,-0.7165624298
METRIC,2026-04-12T23:26:47Z,190743788889252,3532,btc_qm_engine:btc_ptmc_rep_hot,3.0000000000
METRIC,2026-04-12T23:26:47Z,190743788913822,3532,btc_qm_engine:btc_ptmc_rep_cold,2.0000000000
METRIC,2026-04-12T23:26:47Z,190743788938302,3532,btc_qm_engine:btc_ptmc_accept,1.0000000000
METRIC,2026-04-12T23:26:47Z,190743788962802,3532,btc_qm_engine:btc_ptmc_rep_hot,4.0000000000
METRIC,2026-04-12T23:26:47Z,190743788987552,3532,btc_qm_engine:btc_ptmc_rep_cold,3.0000000000
METRIC,2026-04-12T23:26:47Z,190743789101452,3532,btc_qm_engine:btc_ptmc_accept,1.0000000000
METRIC,2026-04-12T23:26:47Z,190743789602722,3532,btc_qm_engine:btc_ptmc_rep_hot,5.0000000000
METRIC,2026-04-12T23:26:47Z,190743791768772,3532,btc_qm_engine:btc_ptmc_rep_cold,4.0000000000
METRIC,2026-04-12T23:26:47Z,190743791793952,3532,btc_qm_engine:btc_ptmc_accept,1.0000000000
METRIC,2026-04-12T23:26:47Z,190743791823132,3532,btc_qm_engine:btc_ptmc_rep_hot,6.0000000000
METRIC,2026-04-12T23:26:47Z,190743791870452,3532,btc_qm_engine:btc_ptmc_rep_cold,5.0000000000
METRIC,2026-04-12T23:26:47Z,190743791895222,3532,btc_qm_engine:btc_ptmc_accept,1.0000000000
METRIC,2026-04-12T23:26:47Z,190743791922982,3532,btc_qm_engine:btc_ptmc_rep_hot,7.0000000000
METRIC,2026-04-12T23:26:47Z,190743791947242,3532,btc_qm_engine:btc_ptmc_rep_cold,6.0000000000
METRIC,2026-04-12T23:26:47Z,190743791971862,3532,btc_qm_engine:btc_ptmc_accept,1.0000000000
METRIC,2026-04-12T23:26:47Z,190743896076385,3532,btc_qm_engine:btc_ptmc_rep_hot,1.0000000000
METRIC,2026-04-12T23:26:47Z,190743896149715,3532,btc_qm_engine:btc_ptmc_rep_cold,0.0000000000
METRIC,2026-04-12T23:26:47Z,190743896176165,3532,btc_qm_engine:btc_ptmc_accept,1.0000000000
METRIC,2026-04-12T23:26:47Z,190743896207595,3532,btc_qm_engine:btc_ptmc_rep_hot,2.0000000000
METRIC,2026-04-12T23:26:47Z,190743896232535,3532,btc_qm_engine:btc_ptmc_rep_cold,1.0000000000
METRIC,2026-04-12T23:26:47Z,190743896257155,3532,btc_qm_engine:btc_ptmc_accept,1.0000000000
METRIC,2026-04-12T23:26:47Z,190743896281585,3532,btc_qm_engine:btc_ptmc_rep_hot,3.0000000000
METRIC,2026-04-12T23:26:47Z,190743896305895,3532,btc_qm_engine:btc_ptmc_rep_cold,2.0000000000
METRIC,2026-04-12T23:26:47Z,190743896330275,3532,btc_qm_engine:btc_ptmc_accept,1.0000000000
METRIC,2026-04-12T23:26:47Z,190743896360825,3532,btc_qm_engine:btc_ptmc_rep_hot,4.0000000000
METRIC,2026-04-12T23:26:47Z,190743896395665,3532,btc_qm_engine:btc_ptmc_rep_cold,3.0000000000
METRIC,2026-04-12T23:26:47Z,190743896428385,3532,btc_qm_engine:btc_ptmc_accept,1.0000000000
METRIC,2026-04-12T23:26:47Z,190743896459775,3532,btc_qm_engine:btc_ptmc_rep_hot,5.0000000000
METRIC,2026-04-12T23:26:47Z,190743896484355,3532,btc_qm_engine:btc_ptmc_rep_cold,4.0000000000
METRIC,2026-04-12T23:26:47Z,190743896508395,3532,btc_qm_engine:btc_ptmc_accept,1.0000000000
METRIC,2026-04-12T23:26:47Z,190743896537905,3532,btc_qm_engine:btc_ptmc_rep_hot,6.0000000000
METRIC,2026-04-12T23:26:47Z,190743896562285,3532,btc_qm_engine:btc_ptmc_rep_cold,5.0000000000
METRIC,2026-04-12T23:26:47Z,190743896586585,3532,btc_qm_engine:btc_ptmc_accept,1.0000000000
METRIC,2026-04-12T23:26:47Z,190743896618275,3532,btc_qm_engine:btc_ptmc_rep_hot,7.0000000000
METRIC,2026-04-12T23:26:47Z,190743896642535,3532,btc_qm_engine:btc_ptmc_rep_cold,6.0000000000
METRIC,2026-04-12T23:26:47Z,190743896665505,3532,btc_qm_engine:btc_ptmc_accept,1.0000000000
METRIC,2026-04-12T23:26:47Z,190743996427839,3532,btc_qm_engine:btc_ptmc_rep_hot,1.0000000000
METRIC,2026-04-12T23:26:47Z,190743996499879,3532,btc_qm_engine:btc_ptmc_rep_cold,0.0000000000
METRIC,2026-04-12T23:26:47Z,190743996526819,3532,btc_qm_engine:btc_ptmc_accept,0.5134171190
METRIC,2026-04-12T23:26:47Z,190743996559739,3532,btc_qm_engine:btc_ptmc_rep_hot,2.0000000000
METRIC,2026-04-12T23:26:47Z,190743996584819,3532,btc_qm_engine:btc_ptmc_rep_cold,1.0000000000
METRIC,2026-04-12T23:26:47Z,190743996609449,3532,btc_qm_engine:btc_ptmc_accept,0.7165001846
METRIC,2026-04-12T23:26:47Z,190743996643899,3532,btc_qm_engine:btc_ptmc_rep_hot,3.0000000000
METRIC,2026-04-12T23:26:47Z,190743996668459,3532,btc_qm_engine:btc_ptmc_rep_cold,2.0000000000
METRIC,2026-04-12T23:26:47Z,190743996693839,3532,btc_qm_engine:btc_ptmc_accept,-0.8464725326
METRIC,2026-04-12T23:26:47Z,190743996726429,3532,btc_qm_engine:btc_ptmc_rep_hot,4.0000000000
METRIC,2026-04-12T23:26:47Z,190743996755909,3532,btc_qm_engine:btc_ptmc_rep_cold,3.0000000000
METRIC,2026-04-12T23:26:47Z,190743996780479,3532,btc_qm_engine:btc_ptmc_accept,1.0000000000
METRIC,2026-04-12T23:26:47Z,190743996812939,3532,btc_qm_engine:btc_ptmc_rep_hot,5.0000000000
METRIC,2026-04-12T23:26:47Z,190743996837209,3532,btc_qm_engine:btc_ptmc_rep_cold,4.0000000000
METRIC,2026-04-12T23:26:47Z,190743996860219,3532,btc_qm_engine:btc_ptmc_accept,1.0000000000
METRIC,2026-04-12T23:26:47Z,190743996889729,3532,btc_qm_engine:btc_ptmc_rep_hot,6.0000000000
METRIC,2026-04-12T23:26:47Z,190743996915229,3532,btc_qm_engine:btc_ptmc_rep_cold,5.0000000000
METRIC,2026-04-12T23:26:47Z,190743996938899,3532,btc_qm_engine:btc_ptmc_accept,1.0000000000
METRIC,2026-04-12T23:26:47Z,190743996992229,3532,btc_qm_engine:btc_ptmc_rep_hot,7.0000000000
METRIC,2026-04-12T23:26:47Z,190743997059289,3532,btc_qm_engine:btc_ptmc_rep_cold,6.0000000000
METRIC,2026-04-12T23:26:47Z,190743997083439,3532,btc_qm_engine:btc_ptmc_accept,0.9767450351
METRIC,2026-04-12T23:26:47Z,190744102414972,3532,btc_qm_engine:btc_ptmc_rep_hot,1.0000000000
METRIC,2026-04-12T23:26:47Z,190744102493482,3532,btc_qm_engine:btc_ptmc_rep_cold,0.0000000000
METRIC,2026-04-12T23:26:47Z,190744102519522,3532,btc_qm_engine:btc_ptmc_accept,1.0000000000
METRIC,2026-04-12T23:26:47Z,190744102558732,3532,btc_qm_engine:btc_ptmc_rep_hot,2.0000000000
METRIC,2026-04-12T23:26:47Z,190744102593752,3532,btc_qm_engine:btc_ptmc_rep_cold,1.0000000000
METRIC,2026-04-12T23:26:47Z,190744102618072,3532,btc_qm_engine:btc_ptmc_accept,1.0000000000
METRIC,2026-04-12T23:26:47Z,190744102739562,3532,btc_qm_engine:btc_ptmc_rep_hot,3.0000000000
METRIC,2026-04-12T23:26:47Z,190744102765932,3532,btc_qm_engine:btc_ptmc_rep_cold,2.0000000000
METRIC,2026-04-12T23:26:47Z,190744102790062,3532,btc_qm_engine:btc_ptmc_accept,1.0000000000
METRIC,2026-04-12T23:26:47Z,190744102819992,3532,btc_qm_engine:btc_ptmc_rep_hot,4.0000000000
METRIC,2026-04-12T23:26:47Z,190744102844432,3532,btc_qm_engine:btc_ptmc_rep_cold,3.0000000000
METRIC,2026-04-12T23:26:47Z,190744102869022,3532,btc_qm_engine:btc_ptmc_accept,1.0000000000
METRIC,2026-04-12T23:26:47Z,190744102899462,3532,btc_qm_engine:btc_ptmc_rep_hot,5.0000000000
METRIC,2026-04-12T23:26:47Z,190744102923192,3532,btc_qm_engine:btc_ptmc_rep_cold,4.0000000000
METRIC,2026-04-12T23:26:47Z,190744102946202,3532,btc_qm_engine:btc_ptmc_accept,1.0000000000
METRIC,2026-04-12T23:26:47Z,190744102975852,3532,btc_qm_engine:btc_ptmc_rep_hot,6.0000000000
METRIC,2026-04-12T23:26:47Z,190744103043012,3532,btc_qm_engine:btc_ptmc_rep_cold,5.0000000000
METRIC,2026-04-12T23:26:47Z,190744103066432,3532,btc_qm_engine:btc_ptmc_accept,1.0000000000
METRIC,2026-04-12T23:26:47Z,190744103091612,3532,btc_qm_engine:btc_ptmc_rep_hot,7.0000000000
METRIC,2026-04-12T23:26:47Z,190744103117292,3532,btc_qm_engine:btc_ptmc_rep_cold,6.0000000000
METRIC,2026-04-12T23:26:47Z,190744103142022,3532,btc_qm_engine:btc_ptmc_accept,1.0000000000
METRIC,2026-04-12T23:26:47Z,190744203716005,3532,btc_qm_engine:btc_ptmc_rep_hot,1.0000000000
METRIC,2026-04-12T23:26:47Z,190744203792295,3532,btc_qm_engine:btc_ptmc_rep_cold,0.0000000000
METRIC,2026-04-12T23:26:47Z,190744203818515,3532,btc_qm_engine:btc_ptmc_accept,1.0000000000
METRIC,2026-04-12T23:26:47Z,190744203849945,3532,btc_qm_engine:btc_ptmc_rep_hot,2.0000000000
METRIC,2026-04-12T23:26:47Z,190744203874745,3532,btc_qm_engine:btc_ptmc_rep_cold,1.0000000000
METRIC,2026-04-12T23:26:47Z,190744203898995,3532,btc_qm_engine:btc_ptmc_accept,1.0000000000
METRIC,2026-04-12T23:26:47Z,190744203944275,3532,btc_qm_engine:btc_ptmc_rep_hot,3.0000000000
METRIC,2026-04-12T23:26:47Z,190744203978135,3532,btc_qm_engine:btc_ptmc_rep_cold,2.0000000000
METRIC,2026-04-12T23:26:47Z,190744204022785,3532,btc_qm_engine:btc_ptmc_accept,1.0000000000
METRIC,2026-04-12T23:26:47Z,190744204055075,3532,btc_qm_engine:btc_ptmc_rep_hot,4.0000000000
METRIC,2026-04-12T23:26:47Z,190744204080175,3532,btc_qm_engine:btc_ptmc_rep_cold,3.0000000000
METRIC,2026-04-12T23:26:47Z,190744204104415,3532,btc_qm_engine:btc_ptmc_accept,1.0000000000
METRIC,2026-04-12T23:26:47Z,190744204139125,3532,btc_qm_engine:btc_ptmc_rep_hot,5.0000000000
METRIC,2026-04-12T23:26:47Z,190744204163595,3532,btc_qm_engine:btc_ptmc_rep_cold,4.0000000000
METRIC,2026-04-12T23:26:47Z,190744204187735,3532,btc_qm_engine:btc_ptmc_accept,1.0000000000
METRIC,2026-04-12T23:26:47Z,190744204219045,3532,btc_qm_engine:btc_ptmc_rep_hot,6.0000000000
METRIC,2026-04-12T23:26:47Z,190744204244025,3532,btc_qm_engine:btc_ptmc_rep_cold,5.0000000000
METRIC,2026-04-12T23:26:47Z,190744204276525,3532,btc_qm_engine:btc_ptmc_accept,1.0000000000
METRIC,2026-04-12T23:26:47Z,190744204311465,3532,btc_qm_engine:btc_ptmc_rep_hot,7.0000000000
METRIC,2026-04-12T23:26:47Z,190744204335985,3532,btc_qm_engine:btc_ptmc_rep_cold,6.0000000000
METRIC,2026-04-12T23:26:47Z,190744204379985,3532,btc_qm_engine:btc_ptmc_accept,1.0000000000
METRIC,2026-04-12T23:26:47Z,190744309366879,3532,btc_qm_engine:btc_ptmc_rep_hot,1.0000000000
METRIC,2026-04-12T23:26:47Z,190744309455959,3532,btc_qm_engine:btc_ptmc_rep_cold,0.0000000000
METRIC,2026-04-12T23:26:47Z,190744309482699,3532,btc_qm_engine:btc_ptmc_accept,-0.2638537189
METRIC,2026-04-12T23:26:47Z,190744309514299,3532,btc_qm_engine:btc_ptmc_rep_hot,2.0000000000
METRIC,2026-04-12T23:26:47Z,190744309539329,3532,btc_qm_engine:btc_ptmc_rep_cold,1.0000000000
METRIC,2026-04-12T23:26:47Z,190744309563709,3532,btc_qm_engine:btc_ptmc_accept,1.0000000000
METRIC,2026-04-12T23:26:47Z,190744309594859,3532,btc_qm_engine:btc_ptmc_rep_hot,3.0000000000
METRIC,2026-04-12T23:26:47Z,190744309619229,3532,btc_qm_engine:btc_ptmc_rep_cold,2.0000000000
METRIC,2026-04-12T23:26:47Z,190744309644079,3532,btc_qm_engine:btc_ptmc_accept,1.0000000000
METRIC,2026-04-12T23:26:47Z,190744309675479,3532,btc_qm_engine:btc_ptmc_rep_hot,4.0000000000
METRIC,2026-04-12T23:26:47Z,190744309699839,3532,btc_qm_engine:btc_ptmc_rep_cold,3.0000000000
METRIC,2026-04-12T23:26:47Z,190744309724719,3532,btc_qm_engine:btc_ptmc_accept,1.0000000000
METRIC,2026-04-12T23:26:47Z,190744309759209,3532,btc_qm_engine:btc_ptmc_rep_hot,5.0000000000
METRIC,2026-04-12T23:26:47Z,190744309784249,3532,btc_qm_engine:btc_ptmc_rep_cold,4.0000000000
METRIC,2026-04-12T23:26:47Z,190744309807369,3532,btc_qm_engine:btc_ptmc_accept,1.0000000000
METRIC,2026-04-12T23:26:47Z,190744309836989,3532,btc_qm_engine:btc_ptmc_rep_hot,6.0000000000
METRIC,2026-04-12T23:26:47Z,190744309862639,3532,btc_qm_engine:btc_ptmc_rep_cold,5.0000000000
METRIC,2026-04-12T23:26:47Z,190744309886279,3532,btc_qm_engine:btc_ptmc_accept,1.0000000000
METRIC,2026-04-12T23:26:47Z,190744309919299,3532,btc_qm_engine:btc_ptmc_rep_hot,7.0000000000
METRIC,2026-04-12T23:26:47Z,190744309944579,3532,btc_qm_engine:btc_ptmc_rep_cold,6.0000000000
METRIC,2026-04-12T23:26:47Z,190744309969499,3532,btc_qm_engine:btc_ptmc_accept,1.0000000000
METRIC,2026-04-12T23:26:47Z,190744379479394,3532,btc_qm_engine:btc_nonces_total,9683968.0000000000
METRIC,2026-04-12T23:26:47Z,190744379543584,3532,btc_qm_engine:btc_nonce_coverage_pct,inf
HW_SAMPLE,2026-04-12T23:26:47Z,190744382732814,3532,btc_qm_engine:cpu_delta_pct,63.0064
HW_SAMPLE,2026-04-12T23:26:47Z,190744382732814,3532,btc_qm_engine:mem_used_pct,81.0776
HW_SAMPLE,2026-04-12T23:26:47Z,190744382732814,3532,btc_qm_engine:vm_rss_kb,7800
HW_SAMPLE,2026-04-12T23:26:47Z,190744382732814,3532,btc_qm_engine:vm_peak_kb,604968
HW_SAMPLE,2026-04-12T23:26:47Z,190744383166574,3532,btc_qm_engine:cpu_delta_pct,100.0000
HW_SAMPLE,2026-04-12T23:26:47Z,190744383166574,3532,btc_qm_engine:mem_used_pct,81.0776
HW_SAMPLE,2026-04-12T23:26:47Z,190744383166574,3532,btc_qm_engine:vm_rss_kb,7800
HW_SAMPLE,2026-04-12T23:26:47Z,190744383166574,3532,btc_qm_engine:vm_peak_kb,604968
HW_SAMPLE,2026-04-12T23:26:47Z,190744384848924,3532,btc_qm_engine:cpu_delta_pct,0.0000
HW_SAMPLE,2026-04-12T23:26:47Z,190744384848924,3532,btc_qm_engine:mem_used_pct,81.0776
HW_SAMPLE,2026-04-12T23:26:47Z,190744384848924,3532,btc_qm_engine:vm_rss_kb,7800
HW_SAMPLE,2026-04-12T23:26:47Z,190744384848924,3532,btc_qm_engine:vm_peak_kb,604968
HW_SAMPLE,2026-04-12T23:26:47Z,190744386624904,3532,btc_qm_engine:cpu_delta_pct,50.0000
HW_SAMPLE,2026-04-12T23:26:47Z,190744386624904,3532,btc_qm_engine:mem_used_pct,81.0776
HW_SAMPLE,2026-04-12T23:26:47Z,190744386624904,3532,btc_qm_engine:vm_rss_kb,7800
HW_SAMPLE,2026-04-12T23:26:47Z,190744386624904,3532,btc_qm_engine:vm_peak_kb,604968
HW_SAMPLE,2026-04-12T23:26:47Z,190744386948364,3532,btc_qm_engine:cpu_delta_pct,0.0000
HW_SAMPLE,2026-04-12T23:26:47Z,190744386948364,3532,btc_qm_engine:mem_used_pct,81.0776
HW_SAMPLE,2026-04-12T23:26:47Z,190744386948364,3532,btc_qm_engine:vm_rss_kb,7800
HW_SAMPLE,2026-04-12T23:26:47Z,190744386948364,3532,btc_qm_engine:vm_peak_kb,604968
HW_SAMPLE,2026-04-12T23:26:47Z,190744387635124,3532,btc_qm_engine:cpu_delta_pct,0.0000
HW_SAMPLE,2026-04-12T23:26:47Z,190744387635124,3532,btc_qm_engine:mem_used_pct,81.0776
HW_SAMPLE,2026-04-12T23:26:47Z,190744387635124,3532,btc_qm_engine:vm_rss_kb,7800
HW_SAMPLE,2026-04-12T23:26:47Z,190744387635124,3532,btc_qm_engine:vm_peak_kb,604968
METRIC,2026-04-12T23:26:47Z,190744388490434,3532,btc_qm_engine:btc_hashrate_mhs,0.9684360455
METRIC,2026-04-12T23:26:47Z,190744388528604,3532,btc_qm_engine:btc_hashrate_thread_id,5.0000000000
HW_SAMPLE,2026-04-12T23:26:47Z,190744391643743,3532,btc_qm_engine:cpu_delta_pct,80.0000
HW_SAMPLE,2026-04-12T23:26:47Z,190744391643743,3532,btc_qm_engine:mem_used_pct,81.0776
HW_SAMPLE,2026-04-12T23:26:47Z,190744391643743,3532,btc_qm_engine:vm_rss_kb,7800
HW_SAMPLE,2026-04-12T23:26:47Z,190744391643743,3532,btc_qm_engine:vm_peak_kb,604968
METRIC,2026-04-12T23:26:47Z,190744392891863,3532,btc_qm_engine:btc_hashrate_mhs,0.9686237832
METRIC,2026-04-12T23:26:47Z,190744392937563,3532,btc_qm_engine:btc_hashrate_thread_id,7.0000000000
METRIC,2026-04-12T23:26:47Z,190744395254553,3532,btc_qm_engine:btc_hashrate_mhs,0.9684974929
METRIC,2026-04-12T23:26:47Z,190744395296523,3532,btc_qm_engine:btc_hashrate_thread_id,1.0000000000
HW_SAMPLE,2026-04-12T23:26:47Z,190744395547153,3532,btc_qm_engine:cpu_delta_pct,100.0000
HW_SAMPLE,2026-04-12T23:26:47Z,190744395547153,3532,btc_qm_engine:mem_used_pct,81.0776
HW_SAMPLE,2026-04-12T23:26:47Z,190744395547153,3532,btc_qm_engine:vm_rss_kb,7800
HW_SAMPLE,2026-04-12T23:26:47Z,190744395547153,3532,btc_qm_engine:vm_peak_kb,604968
METRIC,2026-04-12T23:26:47Z,190744396773543,3532,btc_qm_engine:btc_nx48_delta_nonce_old,1.9565587696
METRIC,2026-04-12T23:26:47Z,190744396825683,3532,btc_qm_engine:btc_nx48_delta_nonce_new,1.9854942082
METRIC,2026-04-12T23:26:47Z,190744396858773,3532,btc_qm_engine:btc_nx48_batch_old,4.0000000000
METRIC,2026-04-12T23:26:47Z,190744396881553,3532,btc_qm_engine:btc_nx48_batch_new,4.0000000000
METRIC,2026-04-12T23:26:47Z,190744396900633,3532,btc_qm_engine:btc_nx48_loss,0.6712670987
METRIC,2026-04-12T23:26:47Z,190744396920083,3532,btc_qm_engine:btc_nx48_grad_norm,0.7101558936
METRIC,2026-04-12T23:26:47Z,190744396938923,3532,btc_qm_engine:btc_nx48_update_count,42.0000000000
METRIC,2026-04-12T23:26:47Z,190744396958543,3532,btc_qm_engine:btc_nx48_exploration_bias,0.4768070330
METRIC,2026-04-12T23:26:47Z,190744396977653,3532,btc_qm_engine:btc_hashrate_mhs,0.9686576497
METRIC,2026-04-12T23:26:47Z,190744397056073,3532,btc_qm_engine:btc_hashrate_thread_id,0.0000000000
METRIC,2026-04-12T23:26:47Z,190744397515603,3532,btc_qm_engine:btc_hashrate_mhs,0.9686877552
METRIC,2026-04-12T23:26:47Z,190744397552493,3532,btc_qm_engine:btc_hashrate_thread_id,2.0000000000
METRIC,2026-04-12T23:26:47Z,190744397762423,3532,btc_qm_engine:btc_hashrate_mhs,0.9687660783
METRIC,2026-04-12T23:26:47Z,190744397813073,3532,btc_qm_engine:btc_hashrate_thread_id,6.0000000000
METRIC,2026-04-12T23:26:47Z,190744398216023,3532,btc_qm_engine:btc_hashrate_mhs,0.9688244151
METRIC,2026-04-12T23:26:47Z,190744398255343,3532,btc_qm_engine:btc_hashrate_thread_id,4.0000000000
METRIC,2026-04-12T23:26:47Z,190744402946493,3532,btc_qm_engine:btc_hashrate_mhs,0.9686736801
METRIC,2026-04-12T23:26:47Z,190744402985693,3532,btc_qm_engine:btc_hashrate_thread_id,3.0000000000
METRIC,2026-04-12T23:26:47Z,190744411656412,3532,btc_qm_engine:btc_ptmc_rep_hot,1.0000000000
METRIC,2026-04-12T23:26:47Z,190744411707162,3532,btc_qm_engine:btc_ptmc_rep_cold,0.0000000000
METRIC,2026-04-12T23:26:47Z,190744411732072,3532,btc_qm_engine:btc_ptmc_accept,1.0000000000
METRIC,2026-04-12T23:26:47Z,190744411760142,3532,btc_qm_engine:btc_ptmc_rep_hot,2.0000000000
METRIC,2026-04-12T23:26:47Z,190744411785572,3532,btc_qm_engine:btc_ptmc_rep_cold,1.0000000000
METRIC,2026-04-12T23:26:47Z,190744411811232,3532,btc_qm_engine:btc_ptmc_accept,1.0000000000
METRIC,2026-04-12T23:26:47Z,190744411840902,3532,btc_qm_engine:btc_ptmc_rep_hot,3.0000000000
METRIC,2026-04-12T23:26:47Z,190744411866272,3532,btc_qm_engine:btc_ptmc_rep_cold,2.0000000000
METRIC,2026-04-12T23:26:47Z,190744411891012,3532,btc_qm_engine:btc_ptmc_accept,1.0000000000
METRIC,2026-04-12T23:26:47Z,190744411922322,3532,btc_qm_engine:btc_ptmc_rep_hot,4.0000000000
METRIC,2026-04-12T23:26:47Z,190744411973232,3532,btc_qm_engine:btc_ptmc_rep_cold,3.0000000000
METRIC,2026-04-12T23:26:47Z,190744412042472,3532,btc_qm_engine:btc_ptmc_accept,1.0000000000
METRIC,2026-04-12T23:26:47Z,190744412073282,3532,btc_qm_engine:btc_ptmc_rep_hot,5.0000000000
METRIC,2026-04-12T23:26:47Z,190744412097692,3532,btc_qm_engine:btc_ptmc_rep_cold,4.0000000000
METRIC,2026-04-12T23:26:47Z,190744412122172,3532,btc_qm_engine:btc_ptmc_accept,1.0000000000
METRIC,2026-04-12T23:26:47Z,190744412153142,3532,btc_qm_engine:btc_ptmc_rep_hot,6.0000000000
METRIC,2026-04-12T23:26:47Z,190744412177012,3532,btc_qm_engine:btc_ptmc_rep_cold,5.0000000000
METRIC,2026-04-12T23:26:47Z,190744412213272,3532,btc_qm_engine:btc_ptmc_accept,1.0000000000
METRIC,2026-04-12T23:26:47Z,190744412244722,3532,btc_qm_engine:btc_ptmc_rep_hot,7.0000000000
METRIC,2026-04-12T23:26:47Z,190744412269632,3532,btc_qm_engine:btc_ptmc_rep_cold,6.0000000000
METRIC,2026-04-12T23:26:47Z,190744412294012,3532,btc_qm_engine:btc_ptmc_accept,1.0000000000
METRIC,2026-04-12T23:26:47Z,190744516532566,3532,btc_qm_engine:btc_ptmc_rep_hot,1.0000000000
METRIC,2026-04-12T23:26:47Z,190744516695886,3532,btc_qm_engine:btc_ptmc_rep_cold,0.0000000000
METRIC,2026-04-12T23:26:47Z,190744516722976,3532,btc_qm_engine:btc_ptmc_accept,0.5135063048
METRIC,2026-04-12T23:26:47Z,190744516753066,3532,btc_qm_engine:btc_ptmc_rep_hot,2.0000000000
METRIC,2026-04-12T23:26:47Z,190744516792906,3532,btc_qm_engine:btc_ptmc_rep_cold,1.0000000000
METRIC,2026-04-12T23:26:47Z,190744516830256,3532,btc_qm_engine:btc_ptmc_accept,1.0000000000
METRIC,2026-04-12T23:26:47Z,190744516861856,3532,btc_qm_engine:btc_ptmc_rep_hot,3.0000000000
METRIC,2026-04-12T23:26:47Z,190744516886286,3532,btc_qm_engine:btc_ptmc_rep_cold,2.0000000000
METRIC,2026-04-12T23:26:47Z,190744516910516,3532,btc_qm_engine:btc_ptmc_accept,1.0000000000
METRIC,2026-04-12T23:26:47Z,190744516948466,3532,btc_qm_engine:btc_ptmc_rep_hot,4.0000000000
METRIC,2026-04-12T23:26:47Z,190744516973206,3532,btc_qm_engine:btc_ptmc_rep_cold,3.0000000000
METRIC,2026-04-12T23:26:47Z,190744517044956,3532,btc_qm_engine:btc_ptmc_accept,-0.9048409551
METRIC,2026-04-12T23:26:47Z,190744517076216,3532,btc_qm_engine:btc_ptmc_rep_hot,5.0000000000
METRIC,2026-04-12T23:26:47Z,190744517100846,3532,btc_qm_engine:btc_ptmc_rep_cold,4.0000000000
METRIC,2026-04-12T23:26:47Z,190744517125826,3532,btc_qm_engine:btc_ptmc_accept,1.0000000000
METRIC,2026-04-12T23:26:47Z,190744517155296,3532,btc_qm_engine:btc_ptmc_rep_hot,6.0000000000
METRIC,2026-04-12T23:26:47Z,190744517179716,3532,btc_qm_engine:btc_ptmc_rep_cold,5.0000000000
METRIC,2026-04-12T23:26:47Z,190744517204366,3532,btc_qm_engine:btc_ptmc_accept,1.0000000000
METRIC,2026-04-12T23:26:47Z,190744517234846,3532,btc_qm_engine:btc_ptmc_rep_hot,7.0000000000
METRIC,2026-04-12T23:26:47Z,190744517258606,3532,btc_qm_engine:btc_ptmc_rep_cold,6.0000000000
METRIC,2026-04-12T23:26:47Z,190744517281636,3532,btc_qm_engine:btc_ptmc_accept,1.0000000000
METRIC,2026-04-12T23:26:47Z,190744645722787,3532,btc_qm_engine:btc_ptmc_rep_hot,1.0000000000
METRIC,2026-04-12T23:26:47Z,190744645808927,3532,btc_qm_engine:btc_ptmc_rep_cold,0.0000000000
METRIC,2026-04-12T23:26:47Z,190744645834687,3532,btc_qm_engine:btc_ptmc_accept,-0.2635971381
METRIC,2026-04-12T23:26:47Z,190744645860967,3532,btc_qm_engine:btc_ptmc_rep_hot,2.0000000000
METRIC,2026-04-12T23:26:47Z,190744645885777,3532,btc_qm_engine:btc_ptmc_rep_cold,1.0000000000
METRIC,2026-04-12T23:26:47Z,190744645910147,3532,btc_qm_engine:btc_ptmc_accept,1.0000000000
METRIC,2026-04-12T23:26:47Z,190744645940097,3532,btc_qm_engine:btc_ptmc_rep_hot,3.0000000000
METRIC,2026-04-12T23:26:47Z,190744645964387,3532,btc_qm_engine:btc_ptmc_rep_cold,2.0000000000
METRIC,2026-04-12T23:26:47Z,190744645988857,3532,btc_qm_engine:btc_ptmc_accept,1.0000000000
METRIC,2026-04-12T23:26:47Z,190744646054107,3532,btc_qm_engine:btc_ptmc_rep_hot,4.0000000000
METRIC,2026-04-12T23:26:47Z,190744646091547,3532,btc_qm_engine:btc_ptmc_rep_cold,3.0000000000
METRIC,2026-04-12T23:26:47Z,190744646126477,3532,btc_qm_engine:btc_ptmc_accept,1.0000000000
METRIC,2026-04-12T23:26:47Z,190744646175807,3532,btc_qm_engine:btc_ptmc_rep_hot,5.0000000000
METRIC,2026-04-12T23:26:47Z,190744646199997,3532,btc_qm_engine:btc_ptmc_rep_cold,4.0000000000
METRIC,2026-04-12T23:26:47Z,190744646224427,3532,btc_qm_engine:btc_ptmc_accept,1.0000000000
METRIC,2026-04-12T23:26:47Z,190744646251957,3532,btc_qm_engine:btc_ptmc_rep_hot,6.0000000000
METRIC,2026-04-12T23:26:47Z,190744646275937,3532,btc_qm_engine:btc_ptmc_rep_cold,5.0000000000
METRIC,2026-04-12T23:26:47Z,190744646300427,3532,btc_qm_engine:btc_ptmc_accept,1.0000000000
METRIC,2026-04-12T23:26:47Z,190744646332927,3532,btc_qm_engine:btc_ptmc_rep_hot,7.0000000000
METRIC,2026-04-12T23:26:47Z,190744646357297,3532,btc_qm_engine:btc_ptmc_rep_cold,6.0000000000
METRIC,2026-04-12T23:26:47Z,190744646381917,3532,btc_qm_engine:btc_ptmc_accept,1.0000000000
METRIC,2026-04-12T23:26:48Z,190744745732921,3532,btc_qm_engine:btc_ptmc_rep_hot,1.0000000000
METRIC,2026-04-12T23:26:48Z,190744745820851,3532,btc_qm_engine:btc_ptmc_rep_cold,0.0000000000
METRIC,2026-04-12T23:26:48Z,190744745844671,3532,btc_qm_engine:btc_ptmc_accept,1.0000000000
METRIC,2026-04-12T23:26:48Z,190744745881161,3532,btc_qm_engine:btc_ptmc_rep_hot,2.0000000000
METRIC,2026-04-12T23:26:48Z,190744745922321,3532,btc_qm_engine:btc_ptmc_rep_cold,1.0000000000
METRIC,2026-04-12T23:26:48Z,190744745941351,3532,btc_qm_engine:btc_ptmc_accept,1.0000000000
METRIC,2026-04-12T23:26:48Z,190744745966961,3532,btc_qm_engine:btc_ptmc_rep_hot,3.0000000000
METRIC,2026-04-12T23:26:48Z,190744745985751,3532,btc_qm_engine:btc_ptmc_rep_cold,2.0000000000
METRIC,2026-04-12T23:26:48Z,190744746019091,3532,btc_qm_engine:btc_ptmc_accept,1.0000000000
METRIC,2026-04-12T23:26:48Z,190744746052721,3532,btc_qm_engine:btc_ptmc_rep_hot,4.0000000000
METRIC,2026-04-12T23:26:48Z,190744746078371,3532,btc_qm_engine:btc_ptmc_rep_cold,3.0000000000
METRIC,2026-04-12T23:26:48Z,190744746127201,3532,btc_qm_engine:btc_ptmc_accept,1.0000000000
METRIC,2026-04-12T23:26:48Z,190744746157701,3532,btc_qm_engine:btc_ptmc_rep_hot,5.0000000000
METRIC,2026-04-12T23:26:48Z,190744746182921,3532,btc_qm_engine:btc_ptmc_rep_cold,4.0000000000
METRIC,2026-04-12T23:26:48Z,190744746206121,3532,btc_qm_engine:btc_ptmc_accept,1.0000000000
METRIC,2026-04-12T23:26:48Z,190744746232431,3532,btc_qm_engine:btc_ptmc_rep_hot,6.0000000000
METRIC,2026-04-12T23:26:48Z,190744746257931,3532,btc_qm_engine:btc_ptmc_rep_cold,5.0000000000
METRIC,2026-04-12T23:26:48Z,190744746281521,3532,btc_qm_engine:btc_ptmc_accept,1.0000000000
METRIC,2026-04-12T23:26:48Z,190744746310481,3532,btc_qm_engine:btc_ptmc_rep_hot,7.0000000000
METRIC,2026-04-12T23:26:48Z,190744746336591,3532,btc_qm_engine:btc_ptmc_rep_cold,6.0000000000
METRIC,2026-04-12T23:26:48Z,190744746361691,3532,btc_qm_engine:btc_ptmc_accept,1.0000000000
METRIC,2026-04-12T23:26:48Z,190744852182654,3532,btc_qm_engine:btc_ptmc_rep_hot,1.0000000000
METRIC,2026-04-12T23:26:48Z,190744852254124,3532,btc_qm_engine:btc_ptmc_rep_cold,0.0000000000
METRIC,2026-04-12T23:26:48Z,190744852280684,3532,btc_qm_engine:btc_ptmc_accept,0.5135063048
METRIC,2026-04-12T23:26:48Z,190744852321384,3532,btc_qm_engine:btc_ptmc_rep_hot,2.0000000000
METRIC,2026-04-12T23:26:48Z,190744852355444,3532,btc_qm_engine:btc_ptmc_rep_cold,1.0000000000
METRIC,2026-04-12T23:26:48Z,190744852380114,3532,btc_qm_engine:btc_ptmc_accept,0.7164924961
METRIC,2026-04-12T23:26:48Z,190744852412044,3532,btc_qm_engine:btc_ptmc_rep_hot,3.0000000000
METRIC,2026-04-12T23:26:48Z,190744852436384,3532,btc_qm_engine:btc_ptmc_rep_cold,2.0000000000
METRIC,2026-04-12T23:26:48Z,190744852460894,3532,btc_qm_engine:btc_ptmc_accept,0.8464702621
METRIC,2026-04-12T23:26:48Z,190744852493664,3532,btc_qm_engine:btc_ptmc_rep_hot,4.0000000000
METRIC,2026-04-12T23:26:48Z,190744852518094,3532,btc_qm_engine:btc_ptmc_rep_cold,3.0000000000
METRIC,2026-04-12T23:26:48Z,190744852542124,3532,btc_qm_engine:btc_ptmc_accept,0.9048330071
METRIC,2026-04-12T23:26:48Z,190744852569654,3532,btc_qm_engine:btc_ptmc_rep_hot,5.0000000000
METRIC,2026-04-12T23:26:48Z,190744852594354,3532,btc_qm_engine:btc_ptmc_rep_cold,4.0000000000
METRIC,2026-04-12T23:26:48Z,190744852618714,3532,btc_qm_engine:btc_ptmc_accept,0.9394112740
METRIC,2026-04-12T23:26:48Z,190744852643804,3532,btc_qm_engine:btc_ptmc_rep_hot,6.0000000000
METRIC,2026-04-12T23:26:48Z,190744852668314,3532,btc_qm_engine:btc_ptmc_rep_cold,5.0000000000
METRIC,2026-04-12T23:26:48Z,190744852691954,3532,btc_qm_engine:btc_ptmc_accept,0.9642889574
METRIC,2026-04-12T23:26:48Z,190744852719904,3532,btc_qm_engine:btc_ptmc_rep_hot,7.0000000000
METRIC,2026-04-12T23:26:48Z,190744852744344,3532,btc_qm_engine:btc_ptmc_rep_cold,6.0000000000
METRIC,2026-04-12T23:26:48Z,190744852767954,3532,btc_qm_engine:btc_ptmc_accept,1.0000000000
METRIC,2026-04-12T23:26:48Z,190744954528217,3532,btc_qm_engine:btc_ptmc_rep_hot,1.0000000000
METRIC,2026-04-12T23:26:48Z,190744954592977,3532,btc_qm_engine:btc_ptmc_rep_cold,0.0000000000
METRIC,2026-04-12T23:26:48Z,190744954613907,3532,btc_qm_engine:btc_ptmc_accept,1.0000000000
METRIC,2026-04-12T23:26:48Z,190744954637667,3532,btc_qm_engine:btc_ptmc_rep_hot,2.0000000000
METRIC,2026-04-12T23:26:48Z,190744954656637,3532,btc_qm_engine:btc_ptmc_rep_cold,1.0000000000
METRIC,2026-04-12T23:26:48Z,190744954681747,3532,btc_qm_engine:btc_ptmc_accept,1.0000000000
METRIC,2026-04-12T23:26:48Z,190744954714827,3532,btc_qm_engine:btc_ptmc_rep_hot,3.0000000000
METRIC,2026-04-12T23:26:48Z,190744954759537,3532,btc_qm_engine:btc_ptmc_rep_cold,2.0000000000
METRIC,2026-04-12T23:26:48Z,190744954785667,3532,btc_qm_engine:btc_ptmc_accept,1.0000000000
METRIC,2026-04-12T23:26:48Z,190744954823577,3532,btc_qm_engine:btc_ptmc_rep_hot,4.0000000000
METRIC,2026-04-12T23:26:48Z,190744954853307,3532,btc_qm_engine:btc_ptmc_rep_cold,3.0000000000
METRIC,2026-04-12T23:26:48Z,190744954878847,3532,btc_qm_engine:btc_ptmc_accept,1.0000000000
METRIC,2026-04-12T23:26:48Z,190744954907117,3532,btc_qm_engine:btc_ptmc_rep_hot,5.0000000000
METRIC,2026-04-12T23:26:48Z,190744954932607,3532,btc_qm_engine:btc_ptmc_rep_cold,4.0000000000
METRIC,2026-04-12T23:26:48Z,190744954956867,3532,btc_qm_engine:btc_ptmc_accept,1.0000000000
METRIC,2026-04-12T23:26:48Z,190744954982917,3532,btc_qm_engine:btc_ptmc_rep_hot,6.0000000000
METRIC,2026-04-12T23:26:48Z,190744955062097,3532,btc_qm_engine:btc_ptmc_rep_cold,5.0000000000
METRIC,2026-04-12T23:26:48Z,190744955092107,3532,btc_qm_engine:btc_ptmc_accept,1.0000000000
METRIC,2026-04-12T23:26:48Z,190744955128317,3532,btc_qm_engine:btc_ptmc_rep_hot,7.0000000000
METRIC,2026-04-12T23:26:48Z,190744955153477,3532,btc_qm_engine:btc_ptmc_rep_cold,6.0000000000
METRIC,2026-04-12T23:26:48Z,190744955176737,3532,btc_qm_engine:btc_ptmc_accept,1.0000000000
METRIC,2026-04-12T23:26:48Z,190745060568881,3532,btc_qm_engine:btc_ptmc_rep_hot,1.0000000000
METRIC,2026-04-12T23:26:48Z,190745060632981,3532,btc_qm_engine:btc_ptmc_rep_cold,0.0000000000
METRIC,2026-04-12T23:26:48Z,190745060654241,3532,btc_qm_engine:btc_ptmc_accept,0.2638537189
METRIC,2026-04-12T23:26:48Z,190745060678171,3532,btc_qm_engine:btc_ptmc_rep_hot,2.0000000000
METRIC,2026-04-12T23:26:48Z,190745060697171,3532,btc_qm_engine:btc_ptmc_rep_cold,1.0000000000
METRIC,2026-04-12T23:26:48Z,190745060716001,3532,btc_qm_engine:btc_ptmc_accept,0.5134418693
METRIC,2026-04-12T23:26:48Z,190745060742181,3532,btc_qm_engine:btc_ptmc_rep_hot,3.0000000000
METRIC,2026-04-12T23:26:48Z,190745060761641,3532,btc_qm_engine:btc_ptmc_rep_cold,2.0000000000
METRIC,2026-04-12T23:26:48Z,190745060787021,3532,btc_qm_engine:btc_ptmc_accept,1.0000000000
METRIC,2026-04-12T23:26:48Z,190745060815801,3532,btc_qm_engine:btc_ptmc_rep_hot,4.0000000000
METRIC,2026-04-12T23:26:48Z,190745060836181,3532,btc_qm_engine:btc_ptmc_rep_cold,3.0000000000
METRIC,2026-04-12T23:26:48Z,190745060855131,3532,btc_qm_engine:btc_ptmc_accept,0.8187343053
METRIC,2026-04-12T23:26:48Z,190745060878861,3532,btc_qm_engine:btc_ptmc_rep_hot,5.0000000000
METRIC,2026-04-12T23:26:48Z,190745060897891,3532,btc_qm_engine:btc_ptmc_rep_cold,4.0000000000
METRIC,2026-04-12T23:26:48Z,190745060916831,3532,btc_qm_engine:btc_ptmc_accept,1.0000000000
METRIC,2026-04-12T23:26:48Z,190745060945511,3532,btc_qm_engine:btc_ptmc_rep_hot,6.0000000000
METRIC,2026-04-12T23:26:48Z,190745060964571,3532,btc_qm_engine:btc_ptmc_rep_cold,5.0000000000
METRIC,2026-04-12T23:26:48Z,190745060983501,3532,btc_qm_engine:btc_ptmc_accept,1.0000000000
METRIC,2026-04-12T23:26:48Z,190745061057031,3532,btc_qm_engine:btc_ptmc_rep_hot,7.0000000000
METRIC,2026-04-12T23:26:48Z,190745061083981,3532,btc_qm_engine:btc_ptmc_rep_cold,6.0000000000
METRIC,2026-04-12T23:26:48Z,190745061108881,3532,btc_qm_engine:btc_ptmc_accept,1.0000000000
METRIC,2026-04-12T23:26:48Z,190745162216984,3532,btc_qm_engine:btc_ptmc_rep_hot,1.0000000000
METRIC,2026-04-12T23:26:48Z,190745162303244,3532,btc_qm_engine:btc_ptmc_rep_cold,0.0000000000
METRIC,2026-04-12T23:26:48Z,190745162329824,3532,btc_qm_engine:btc_ptmc_accept,0.5136174742
METRIC,2026-04-12T23:26:48Z,190745162360494,3532,btc_qm_engine:btc_ptmc_rep_hot,2.0000000000
METRIC,2026-04-12T23:26:48Z,190745162385124,3532,btc_qm_engine:btc_ptmc_rep_cold,1.0000000000
METRIC,2026-04-12T23:26:48Z,190745162410144,3532,btc_qm_engine:btc_ptmc_accept,0.7165701146
METRIC,2026-04-12T23:26:48Z,190745162440844,3532,btc_qm_engine:btc_ptmc_rep_hot,3.0000000000
METRIC,2026-04-12T23:26:48Z,190745162465224,3532,btc_qm_engine:btc_ptmc_rep_cold,2.0000000000
METRIC,2026-04-12T23:26:48Z,190745162489784,3532,btc_qm_engine:btc_ptmc_accept,0.8464931860
METRIC,2026-04-12T23:26:48Z,190745162556424,3532,btc_qm_engine:btc_ptmc_rep_hot,4.0000000000
METRIC,2026-04-12T23:26:48Z,190745162584434,3532,btc_qm_engine:btc_ptmc_rep_cold,3.0000000000
METRIC,2026-04-12T23:26:48Z,190745162608884,3532,btc_qm_engine:btc_ptmc_accept,0.9048418286
METRIC,2026-04-12T23:26:48Z,190745162640614,3532,btc_qm_engine:btc_ptmc_rep_hot,5.0000000000
METRIC,2026-04-12T23:26:48Z,190745162665024,3532,btc_qm_engine:btc_ptmc_rep_cold,4.0000000000
METRIC,2026-04-12T23:26:48Z,190745162688154,3532,btc_qm_engine:btc_ptmc_accept,0.9394148515
METRIC,2026-04-12T23:26:48Z,190745162717574,3532,btc_qm_engine:btc_ptmc_rep_hot,6.0000000000
METRIC,2026-04-12T23:26:48Z,190745162743244,3532,btc_qm_engine:btc_ptmc_rep_cold,5.0000000000
METRIC,2026-04-12T23:26:48Z,190745162767504,3532,btc_qm_engine:btc_ptmc_accept,1.0000000000
METRIC,2026-04-12T23:26:48Z,190745162796164,3532,btc_qm_engine:btc_ptmc_rep_hot,7.0000000000
METRIC,2026-04-12T23:26:48Z,190745162821304,3532,btc_qm_engine:btc_ptmc_rep_cold,6.0000000000
METRIC,2026-04-12T23:26:48Z,190745162845534,3532,btc_qm_engine:btc_ptmc_accept,0.9767450351
METRIC,2026-04-12T23:26:48Z,190745263511128,3532,btc_qm_engine:btc_ptmc_rep_hot,1.0000000000
METRIC,2026-04-12T23:26:48Z,190745263599288,3532,btc_qm_engine:btc_ptmc_rep_cold,0.0000000000
METRIC,2026-04-12T23:26:48Z,190745263625648,3532,btc_qm_engine:btc_ptmc_accept,1.0000000000
METRIC,2026-04-12T23:26:48Z,190745263650838,3532,btc_qm_engine:btc_ptmc_rep_hot,2.0000000000
METRIC,2026-04-12T23:26:48Z,190745263676048,3532,btc_qm_engine:btc_ptmc_rep_cold,1.0000000000
METRIC,2026-04-12T23:26:48Z,190745263700918,3532,btc_qm_engine:btc_ptmc_accept,1.0000000000
METRIC,2026-04-12T23:26:48Z,190745263730298,3532,btc_qm_engine:btc_ptmc_rep_hot,3.0000000000
METRIC,2026-04-12T23:26:48Z,190745263755318,3532,btc_qm_engine:btc_ptmc_rep_cold,2.0000000000
METRIC,2026-04-12T23:26:48Z,190745263779688,3532,btc_qm_engine:btc_ptmc_accept,1.0000000000
METRIC,2026-04-12T23:26:48Z,190745263816048,3532,btc_qm_engine:btc_ptmc_rep_hot,4.0000000000
METRIC,2026-04-12T23:26:48Z,190745263850888,3532,btc_qm_engine:btc_ptmc_rep_cold,3.0000000000
METRIC,2026-04-12T23:26:48Z,190745263875668,3532,btc_qm_engine:btc_ptmc_accept,1.0000000000
METRIC,2026-04-12T23:26:48Z,190745263907388,3532,btc_qm_engine:btc_ptmc_rep_hot,5.0000000000
METRIC,2026-04-12T23:26:48Z,190745263932098,3532,btc_qm_engine:btc_ptmc_rep_cold,4.0000000000
METRIC,2026-04-12T23:26:48Z,190745263956648,3532,btc_qm_engine:btc_ptmc_accept,1.0000000000
METRIC,2026-04-12T23:26:48Z,190745263984278,3532,btc_qm_engine:btc_ptmc_rep_hot,6.0000000000
METRIC,2026-04-12T23:26:48Z,190745264025098,3532,btc_qm_engine:btc_ptmc_rep_cold,5.0000000000
METRIC,2026-04-12T23:26:48Z,190745264050198,3532,btc_qm_engine:btc_ptmc_accept,1.0000000000
METRIC,2026-04-12T23:26:48Z,190745264080798,3532,btc_qm_engine:btc_ptmc_rep_hot,7.0000000000
METRIC,2026-04-12T23:26:48Z,190745264104888,3532,btc_qm_engine:btc_ptmc_rep_cold,6.0000000000
METRIC,2026-04-12T23:26:48Z,190745264129028,3532,btc_qm_engine:btc_ptmc_accept,1.0000000000
METRIC,2026-04-12T23:26:48Z,190745369159771,3532,btc_qm_engine:btc_ptmc_rep_hot,1.0000000000
METRIC,2026-04-12T23:26:48Z,190745369225971,3532,btc_qm_engine:btc_ptmc_rep_cold,0.0000000000
METRIC,2026-04-12T23:26:48Z,190745369256881,3532,btc_qm_engine:btc_ptmc_accept,-0.0694834512
METRIC,2026-04-12T23:26:48Z,190745369297571,3532,btc_qm_engine:btc_ptmc_rep_hot,2.0000000000
METRIC,2026-04-12T23:26:48Z,190745369322861,3532,btc_qm_engine:btc_ptmc_rep_cold,1.0000000000
METRIC,2026-04-12T23:26:48Z,190745369345721,3532,btc_qm_engine:btc_ptmc_accept,1.0000000000
METRIC,2026-04-12T23:26:48Z,190745369367791,3532,btc_qm_engine:btc_ptmc_rep_hot,3.0000000000
METRIC,2026-04-12T23:26:48Z,190745369393251,3532,btc_qm_engine:btc_ptmc_rep_cold,2.0000000000
METRIC,2026-04-12T23:26:48Z,190745369417251,3532,btc_qm_engine:btc_ptmc_accept,1.0000000000
METRIC,2026-04-12T23:26:48Z,190745369447461,3532,btc_qm_engine:btc_ptmc_rep_hot,4.0000000000
METRIC,2026-04-12T23:26:48Z,190745369468271,3532,btc_qm_engine:btc_ptmc_rep_cold,3.0000000000
METRIC,2026-04-12T23:26:48Z,190745369513761,3532,btc_qm_engine:btc_ptmc_accept,1.0000000000
METRIC,2026-04-12T23:26:48Z,190745369538541,3532,btc_qm_engine:btc_ptmc_rep_hot,5.0000000000
METRIC,2026-04-12T23:26:48Z,190745369559801,3532,btc_qm_engine:btc_ptmc_rep_cold,4.0000000000
METRIC,2026-04-12T23:26:48Z,190745369591881,3532,btc_qm_engine:btc_ptmc_accept,1.0000000000
METRIC,2026-04-12T23:26:48Z,190745369628631,3532,btc_qm_engine:btc_ptmc_rep_hot,6.0000000000
METRIC,2026-04-12T23:26:48Z,190745369654921,3532,btc_qm_engine:btc_ptmc_rep_cold,5.0000000000
METRIC,2026-04-12T23:26:48Z,190745369678711,3532,btc_qm_engine:btc_ptmc_accept,1.0000000000
METRIC,2026-04-12T23:26:48Z,190745369707591,3532,btc_qm_engine:btc_ptmc_rep_hot,7.0000000000
METRIC,2026-04-12T23:26:48Z,190745369727951,3532,btc_qm_engine:btc_ptmc_rep_cold,6.0000000000
METRIC,2026-04-12T23:26:48Z,190745369752891,3532,btc_qm_engine:btc_ptmc_accept,1.0000000000
METRIC,2026-04-12T23:26:48Z,190745472379354,3532,btc_qm_engine:btc_ptmc_rep_hot,1.0000000000
METRIC,2026-04-12T23:26:48Z,190745472450994,3532,btc_qm_engine:btc_ptmc_rep_cold,0.0000000000
METRIC,2026-04-12T23:26:48Z,190745472478254,3532,btc_qm_engine:btc_ptmc_accept,-0.1353352832
METRIC,2026-04-12T23:26:48Z,190745472515024,3532,btc_qm_engine:btc_ptmc_rep_hot,2.0000000000
METRIC,2026-04-12T23:26:48Z,190745472540514,3532,btc_qm_engine:btc_ptmc_rep_cold,1.0000000000
METRIC,2026-04-12T23:26:48Z,190745472559514,3532,btc_qm_engine:btc_ptmc_accept,0.7165001846
METRIC,2026-04-12T23:26:48Z,190745472588324,3532,btc_qm_engine:btc_ptmc_rep_hot,3.0000000000
METRIC,2026-04-12T23:26:48Z,190745472606774,3532,btc_qm_engine:btc_ptmc_rep_cold,2.0000000000
METRIC,2026-04-12T23:26:48Z,190745472625124,3532,btc_qm_engine:btc_ptmc_accept,0.8464725326
METRIC,2026-04-12T23:26:48Z,190745472649614,3532,btc_qm_engine:btc_ptmc_rep_hot,4.0000000000
METRIC,2026-04-12T23:26:48Z,190745472667884,3532,btc_qm_engine:btc_ptmc_rep_cold,3.0000000000
METRIC,2026-04-12T23:26:48Z,190745472686344,3532,btc_qm_engine:btc_ptmc_accept,0.9048338808
METRIC,2026-04-12T23:26:48Z,190745472707524,3532,btc_qm_engine:btc_ptmc_rep_hot,5.0000000000
METRIC,2026-04-12T23:26:48Z,190745472725894,3532,btc_qm_engine:btc_ptmc_rep_cold,4.0000000000
METRIC,2026-04-12T23:26:48Z,190745472748504,3532,btc_qm_engine:btc_ptmc_accept,1.0000000000
METRIC,2026-04-12T23:26:48Z,190745472780504,3532,btc_qm_engine:btc_ptmc_rep_hot,6.0000000000
METRIC,2026-04-12T23:26:48Z,190745472808174,3532,btc_qm_engine:btc_ptmc_rep_cold,5.0000000000
METRIC,2026-04-12T23:26:48Z,190745472826684,3532,btc_qm_engine:btc_ptmc_accept,0.9642890805
METRIC,2026-04-12T23:26:48Z,190745472847534,3532,btc_qm_engine:btc_ptmc_rep_hot,7.0000000000
METRIC,2026-04-12T23:26:48Z,190745472865884,3532,btc_qm_engine:btc_ptmc_rep_cold,6.0000000000
METRIC,2026-04-12T23:26:48Z,190745472884084,3532,btc_qm_engine:btc_ptmc_accept,0.9767450351
METRIC,2026-04-12T23:26:48Z,190745580036068,3532,btc_qm_engine:btc_ptmc_rep_hot,1.0000000000
METRIC,2026-04-12T23:26:48Z,190745580122008,3532,btc_qm_engine:btc_ptmc_rep_cold,0.0000000000
METRIC,2026-04-12T23:26:48Z,190745580148628,3532,btc_qm_engine:btc_ptmc_accept,1.0000000000
METRIC,2026-04-12T23:26:48Z,190745580249648,3532,btc_qm_engine:btc_ptmc_rep_hot,2.0000000000
METRIC,2026-04-12T23:26:48Z,190745580274988,3532,btc_qm_engine:btc_ptmc_rep_cold,1.0000000000
METRIC,2026-04-12T23:26:48Z,190745580299378,3532,btc_qm_engine:btc_ptmc_accept,0.7164924961
METRIC,2026-04-12T23:26:48Z,190745580329928,3532,btc_qm_engine:btc_ptmc_rep_hot,3.0000000000
METRIC,2026-04-12T23:26:48Z,190745580355258,3532,btc_qm_engine:btc_ptmc_rep_cold,2.0000000000
METRIC,2026-04-12T23:26:48Z,190745580379628,3532,btc_qm_engine:btc_ptmc_accept,1.0000000000
METRIC,2026-04-12T23:26:48Z,190745580407648,3532,btc_qm_engine:btc_ptmc_rep_hot,4.0000000000
METRIC,2026-04-12T23:26:48Z,190745580431878,3532,btc_qm_engine:btc_ptmc_rep_cold,3.0000000000
METRIC,2026-04-12T23:26:48Z,190745580456498,3532,btc_qm_engine:btc_ptmc_accept,0.9048330071
METRIC,2026-04-12T23:26:48Z,190745580484458,3532,btc_qm_engine:btc_ptmc_rep_hot,5.0000000000
METRIC,2026-04-12T23:26:48Z,190745580541078,3532,btc_qm_engine:btc_ptmc_rep_cold,4.0000000000
METRIC,2026-04-12T23:26:48Z,190745580563828,3532,btc_qm_engine:btc_ptmc_accept,1.0000000000
METRIC,2026-04-12T23:26:48Z,190745580589648,3532,btc_qm_engine:btc_ptmc_rep_hot,6.0000000000
METRIC,2026-04-12T23:26:48Z,190745580614688,3532,btc_qm_engine:btc_ptmc_rep_cold,5.0000000000
METRIC,2026-04-12T23:26:48Z,190745580638908,3532,btc_qm_engine:btc_ptmc_accept,1.0000000000
METRIC,2026-04-12T23:26:48Z,190745580670158,3532,btc_qm_engine:btc_ptmc_rep_hot,7.0000000000
METRIC,2026-04-12T23:26:48Z,190745580695058,3532,btc_qm_engine:btc_ptmc_rep_cold,6.0000000000
METRIC,2026-04-12T23:26:48Z,190745580719798,3532,btc_qm_engine:btc_ptmc_accept,0.9767447714
METRIC,2026-04-12T23:26:49Z,190745682898771,3532,btc_qm_engine:btc_ptmc_rep_hot,1.0000000000
METRIC,2026-04-12T23:26:49Z,190745682984931,3532,btc_qm_engine:btc_ptmc_rep_cold,0.0000000000
METRIC,2026-04-12T23:26:49Z,190745683062311,3532,btc_qm_engine:btc_ptmc_accept,1.0000000000
METRIC,2026-04-12T23:26:49Z,190745683090451,3532,btc_qm_engine:btc_ptmc_rep_hot,2.0000000000
METRIC,2026-04-12T23:26:49Z,190745683113871,3532,btc_qm_engine:btc_ptmc_rep_cold,1.0000000000
METRIC,2026-04-12T23:26:49Z,190745683137251,3532,btc_qm_engine:btc_ptmc_accept,1.0000000000
METRIC,2026-04-12T23:26:49Z,190745683167531,3532,btc_qm_engine:btc_ptmc_rep_hot,3.0000000000
METRIC,2026-04-12T23:26:49Z,190745683191031,3532,btc_qm_engine:btc_ptmc_rep_cold,2.0000000000
METRIC,2026-04-12T23:26:49Z,190745683242451,3532,btc_qm_engine:btc_ptmc_accept,1.0000000000
METRIC,2026-04-12T23:26:49Z,190745683282591,3532,btc_qm_engine:btc_ptmc_rep_hot,4.0000000000
METRIC,2026-04-12T23:26:49Z,190745683305441,3532,btc_qm_engine:btc_ptmc_rep_cold,3.0000000000
METRIC,2026-04-12T23:26:49Z,190745683329231,3532,btc_qm_engine:btc_ptmc_accept,1.0000000000
METRIC,2026-04-12T23:26:49Z,190745683363061,3532,btc_qm_engine:btc_ptmc_rep_hot,5.0000000000
METRIC,2026-04-12T23:26:49Z,190745683386171,3532,btc_qm_engine:btc_ptmc_rep_cold,4.0000000000
METRIC,2026-04-12T23:26:49Z,190745683408921,3532,btc_qm_engine:btc_ptmc_accept,1.0000000000
METRIC,2026-04-12T23:26:49Z,190745683438821,3532,btc_qm_engine:btc_ptmc_rep_hot,6.0000000000
METRIC,2026-04-12T23:26:49Z,190745683462591,3532,btc_qm_engine:btc_ptmc_rep_cold,5.0000000000
METRIC,2026-04-12T23:26:49Z,190745683486341,3532,btc_qm_engine:btc_ptmc_accept,1.0000000000
METRIC,2026-04-12T23:26:49Z,190745683517891,3532,btc_qm_engine:btc_ptmc_rep_hot,7.0000000000
METRIC,2026-04-12T23:26:49Z,190745683541561,3532,btc_qm_engine:btc_ptmc_rep_cold,6.0000000000
METRIC,2026-04-12T23:26:49Z,190745683565441,3532,btc_qm_engine:btc_ptmc_accept,1.0000000000
METRIC,2026-04-12T23:26:49Z,190745785169514,3532,btc_qm_engine:btc_ptmc_rep_hot,1.0000000000
METRIC,2026-04-12T23:26:49Z,190745785247494,3532,btc_qm_engine:btc_ptmc_rep_cold,0.0000000000
METRIC,2026-04-12T23:26:49Z,190745785274564,3532,btc_qm_engine:btc_ptmc_accept,1.0000000000
METRIC,2026-04-12T23:26:49Z,190745785304594,3532,btc_qm_engine:btc_ptmc_rep_hot,2.0000000000
METRIC,2026-04-12T23:26:49Z,190745785329914,3532,btc_qm_engine:btc_ptmc_rep_cold,1.0000000000
METRIC,2026-04-12T23:26:49Z,190745785354684,3532,btc_qm_engine:btc_ptmc_accept,1.0000000000
METRIC,2026-04-12T23:26:49Z,190745785387624,3532,btc_qm_engine:btc_ptmc_rep_hot,3.0000000000
METRIC,2026-04-12T23:26:49Z,190745785411674,3532,btc_qm_engine:btc_ptmc_rep_cold,2.0000000000
METRIC,2026-04-12T23:26:49Z,190745785434704,3532,btc_qm_engine:btc_ptmc_accept,0.8464868258
METRIC,2026-04-12T23:26:49Z,190745785465604,3532,btc_qm_engine:btc_ptmc_rep_hot,4.0000000000
METRIC,2026-04-12T23:26:49Z,190745785491034,3532,btc_qm_engine:btc_ptmc_rep_cold,3.0000000000
METRIC,2026-04-12T23:26:49Z,190745785514444,3532,btc_qm_engine:btc_ptmc_accept,1.0000000000
METRIC,2026-04-12T23:26:49Z,190745785544944,3532,btc_qm_engine:btc_ptmc_rep_hot,5.0000000000
METRIC,2026-04-12T23:26:49Z,190745785569914,3532,btc_qm_engine:btc_ptmc_rep_cold,4.0000000000
METRIC,2026-04-12T23:26:49Z,190745785593774,3532,btc_qm_engine:btc_ptmc_accept,1.0000000000
METRIC,2026-04-12T23:26:49Z,190745785651614,3532,btc_qm_engine:btc_ptmc_rep_hot,6.0000000000
METRIC,2026-04-12T23:26:49Z,190745785675744,3532,btc_qm_engine:btc_ptmc_rep_cold,5.0000000000
METRIC,2026-04-12T23:26:49Z,190745785701834,3532,btc_qm_engine:btc_ptmc_accept,0.9298549256
METRIC,2026-04-12T23:26:49Z,190745785730894,3532,btc_qm_engine:btc_ptmc_rep_hot,7.0000000000
METRIC,2026-04-12T23:26:49Z,190745785763044,3532,btc_qm_engine:btc_ptmc_rep_cold,6.0000000000
METRIC,2026-04-12T23:26:49Z,190745785792884,3532,btc_qm_engine:btc_ptmc_accept,0.9767447714
METRIC,2026-04-12T23:26:49Z,190745889905858,3532,btc_qm_engine:btc_ptmc_rep_hot,1.0000000000
METRIC,2026-04-12T23:26:49Z,190745889982188,3532,btc_qm_engine:btc_ptmc_rep_cold,0.0000000000
METRIC,2026-04-12T23:26:49Z,190745890052988,3532,btc_qm_engine:btc_ptmc_accept,-0.2638029098
METRIC,2026-04-12T23:26:49Z,190745890078148,3532,btc_qm_engine:btc_ptmc_rep_hot,2.0000000000
METRIC,2026-04-12T23:26:49Z,190745890096968,3532,btc_qm_engine:btc_ptmc_rep_cold,1.0000000000
METRIC,2026-04-12T23:26:49Z,190745890115308,3532,btc_qm_engine:btc_ptmc_accept,1.0000000000
METRIC,2026-04-12T23:26:49Z,190745890139648,3532,btc_qm_engine:btc_ptmc_rep_hot,3.0000000000
METRIC,2026-04-12T23:26:49Z,190745890161088,3532,btc_qm_engine:btc_ptmc_rep_cold,2.0000000000
METRIC,2026-04-12T23:26:49Z,190745890185288,3532,btc_qm_engine:btc_ptmc_accept,1.0000000000
METRIC,2026-04-12T23:26:49Z,190745890217088,3532,btc_qm_engine:btc_ptmc_rep_hot,4.0000000000
METRIC,2026-04-12T23:26:49Z,190745890240058,3532,btc_qm_engine:btc_ptmc_rep_cold,3.0000000000
METRIC,2026-04-12T23:26:49Z,190745890258728,3532,btc_qm_engine:btc_ptmc_accept,1.0000000000
METRIC,2026-04-12T23:26:49Z,190745890285208,3532,btc_qm_engine:btc_ptmc_rep_hot,5.0000000000
METRIC,2026-04-12T23:26:49Z,190745890310678,3532,btc_qm_engine:btc_ptmc_rep_cold,4.0000000000
METRIC,2026-04-12T23:26:49Z,190745890332318,3532,btc_qm_engine:btc_ptmc_accept,1.0000000000
METRIC,2026-04-12T23:26:49Z,190745890359938,3532,btc_qm_engine:btc_ptmc_rep_hot,6.0000000000
METRIC,2026-04-12T23:26:49Z,190745890385358,3532,btc_qm_engine:btc_ptmc_rep_cold,5.0000000000
METRIC,2026-04-12T23:26:49Z,190745890408338,3532,btc_qm_engine:btc_ptmc_accept,1.0000000000
METRIC,2026-04-12T23:26:49Z,190745890441178,3532,btc_qm_engine:btc_ptmc_rep_hot,7.0000000000
METRIC,2026-04-12T23:26:49Z,190745890465528,3532,btc_qm_engine:btc_ptmc_rep_cold,6.0000000000
METRIC,2026-04-12T23:26:49Z,190745890488958,3532,btc_qm_engine:btc_ptmc_accept,1.0000000000
METRIC,2026-04-12T23:26:49Z,190745991157831,3532,btc_qm_engine:btc_ptmc_rep_hot,1.0000000000
METRIC,2026-04-12T23:26:49Z,190745991242031,3532,btc_qm_engine:btc_ptmc_rep_cold,0.0000000000
METRIC,2026-04-12T23:26:49Z,190745991267951,3532,btc_qm_engine:btc_ptmc_accept,1.0000000000
METRIC,2026-04-12T23:26:49Z,190745991297821,3532,btc_qm_engine:btc_ptmc_rep_hot,2.0000000000
METRIC,2026-04-12T23:26:49Z,190745991322621,3532,btc_qm_engine:btc_ptmc_rep_cold,1.0000000000
METRIC,2026-04-12T23:26:49Z,190745991347881,3532,btc_qm_engine:btc_ptmc_accept,1.0000000000
METRIC,2026-04-12T23:26:49Z,190745991379181,3532,btc_qm_engine:btc_ptmc_rep_hot,3.0000000000
METRIC,2026-04-12T23:26:49Z,190745991403491,3532,btc_qm_engine:btc_ptmc_rep_cold,2.0000000000
METRIC,2026-04-12T23:26:49Z,190745991456521,3532,btc_qm_engine:btc_ptmc_accept,1.0000000000
METRIC,2026-04-12T23:26:49Z,190745991483401,3532,btc_qm_engine:btc_ptmc_rep_hot,4.0000000000
METRIC,2026-04-12T23:26:49Z,190745991509381,3532,btc_qm_engine:btc_ptmc_rep_cold,3.0000000000
METRIC,2026-04-12T23:26:49Z,190745991532621,3532,btc_qm_engine:btc_ptmc_accept,1.0000000000
METRIC,2026-04-12T23:26:49Z,190745991559181,3532,btc_qm_engine:btc_ptmc_rep_hot,5.0000000000
METRIC,2026-04-12T23:26:49Z,190745991583701,3532,btc_qm_engine:btc_ptmc_rep_cold,4.0000000000
METRIC,2026-04-12T23:26:49Z,190745991608151,3532,btc_qm_engine:btc_ptmc_accept,1.0000000000
METRIC,2026-04-12T23:26:49Z,190745991644721,3532,btc_qm_engine:btc_ptmc_rep_hot,6.0000000000
METRIC,2026-04-12T23:26:49Z,190745991672711,3532,btc_qm_engine:btc_ptmc_rep_cold,5.0000000000
METRIC,2026-04-12T23:26:49Z,190745991696981,3532,btc_qm_engine:btc_ptmc_accept,1.0000000000
METRIC,2026-04-12T23:26:49Z,190745991733711,3532,btc_qm_engine:btc_ptmc_rep_hot,7.0000000000
METRIC,2026-04-12T23:26:49Z,190745991764861,3532,btc_qm_engine:btc_ptmc_rep_cold,6.0000000000
METRIC,2026-04-12T23:26:49Z,190745991789451,3532,btc_qm_engine:btc_ptmc_accept,1.0000000000
METRIC,2026-04-12T23:26:49Z,190746096624065,3532,btc_qm_engine:btc_ptmc_rep_hot,1.0000000000
METRIC,2026-04-12T23:26:49Z,190746096687315,3532,btc_qm_engine:btc_ptmc_rep_cold,0.0000000000
METRIC,2026-04-12T23:26:49Z,190746096708275,3532,btc_qm_engine:btc_ptmc_accept,0.2635971381
METRIC,2026-04-12T23:26:49Z,190746096732655,3532,btc_qm_engine:btc_ptmc_rep_hot,2.0000000000
METRIC,2026-04-12T23:26:49Z,190746096753555,3532,btc_qm_engine:btc_ptmc_rep_cold,1.0000000000
METRIC,2026-04-12T23:26:49Z,190746096772535,3532,btc_qm_engine:btc_ptmc_accept,0.5134171190
METRIC,2026-04-12T23:26:49Z,190746096800105,3532,btc_qm_engine:btc_ptmc_rep_hot,3.0000000000
METRIC,2026-04-12T23:26:49Z,190746096819165,3532,btc_qm_engine:btc_ptmc_rep_cold,2.0000000000
METRIC,2026-04-12T23:26:49Z,190746096837945,3532,btc_qm_engine:btc_ptmc_accept,0.8464817249
METRIC,2026-04-12T23:26:49Z,190746096863485,3532,btc_qm_engine:btc_ptmc_rep_hot,4.0000000000
METRIC,2026-04-12T23:26:49Z,190746096882815,3532,btc_qm_engine:btc_ptmc_rep_cold,3.0000000000
METRIC,2026-04-12T23:26:49Z,190746096907765,3532,btc_qm_engine:btc_ptmc_accept,0.9048374180
METRIC,2026-04-12T23:26:49Z,190746096940235,3532,btc_qm_engine:btc_ptmc_rep_hot,5.0000000000
METRIC,2026-04-12T23:26:49Z,190746096963355,3532,btc_qm_engine:btc_ptmc_rep_cold,4.0000000000
METRIC,2026-04-12T23:26:49Z,190746096982295,3532,btc_qm_engine:btc_ptmc_accept,0.8824969026
METRIC,2026-04-12T23:26:49Z,190746097041725,3532,btc_qm_engine:btc_ptmc_rep_hot,6.0000000000
METRIC,2026-04-12T23:26:49Z,190746097061445,3532,btc_qm_engine:btc_ptmc_rep_cold,5.0000000000
METRIC,2026-04-12T23:26:49Z,190746097080255,3532,btc_qm_engine:btc_ptmc_accept,0.9298543921
METRIC,2026-04-12T23:26:49Z,190746097108995,3532,btc_qm_engine:btc_ptmc_rep_hot,7.0000000000
METRIC,2026-04-12T23:26:49Z,190746097133075,3532,btc_qm_engine:btc_ptmc_rep_cold,6.0000000000
METRIC,2026-04-12T23:26:49Z,190746097157035,3532,btc_qm_engine:btc_ptmc_accept,0.9767452464
METRIC,2026-04-12T23:26:49Z,190746203429728,3532,btc_qm_engine:btc_ptmc_rep_hot,1.0000000000
METRIC,2026-04-12T23:26:49Z,190746203508858,3532,btc_qm_engine:btc_ptmc_rep_cold,0.0000000000
METRIC,2026-04-12T23:26:49Z,190746203536098,3532,btc_qm_engine:btc_ptmc_accept,1.0000000000
METRIC,2026-04-12T23:26:49Z,190746203565988,3532,btc_qm_engine:btc_ptmc_rep_hot,2.0000000000
METRIC,2026-04-12T23:26:49Z,190746203590108,3532,btc_qm_engine:btc_ptmc_rep_cold,1.0000000000
METRIC,2026-04-12T23:26:49Z,190746203614568,3532,btc_qm_engine:btc_ptmc_accept,1.0000000000
METRIC,2026-04-12T23:26:49Z,190746203647588,3532,btc_qm_engine:btc_ptmc_rep_hot,3.0000000000
METRIC,2026-04-12T23:26:49Z,190746203692988,3532,btc_qm_engine:btc_ptmc_rep_cold,2.0000000000
METRIC,2026-04-12T23:26:49Z,190746203727268,3532,btc_qm_engine:btc_ptmc_accept,1.0000000000
METRIC,2026-04-12T23:26:49Z,190746203769148,3532,btc_qm_engine:btc_ptmc_rep_hot,4.0000000000
METRIC,2026-04-12T23:26:49Z,190746203793928,3532,btc_qm_engine:btc_ptmc_rep_cold,3.0000000000
METRIC,2026-04-12T23:26:49Z,190746203837418,3532,btc_qm_engine:btc_ptmc_accept,1.0000000000
METRIC,2026-04-12T23:26:49Z,190746203865558,3532,btc_qm_engine:btc_ptmc_rep_hot,5.0000000000
METRIC,2026-04-12T23:26:49Z,190746203889288,3532,btc_qm_engine:btc_ptmc_rep_cold,4.0000000000
METRIC,2026-04-12T23:26:49Z,190746203913688,3532,btc_qm_engine:btc_ptmc_accept,1.0000000000
METRIC,2026-04-12T23:26:49Z,190746203942358,3532,btc_qm_engine:btc_ptmc_rep_hot,6.0000000000
METRIC,2026-04-12T23:26:49Z,190746203976738,3532,btc_qm_engine:btc_ptmc_rep_cold,5.0000000000
METRIC,2026-04-12T23:26:49Z,190746204000228,3532,btc_qm_engine:btc_ptmc_accept,1.0000000000
METRIC,2026-04-12T23:26:49Z,190746204064548,3532,btc_qm_engine:btc_ptmc_rep_hot,7.0000000000
METRIC,2026-04-12T23:26:49Z,190746204090288,3532,btc_qm_engine:btc_ptmc_rep_cold,6.0000000000
METRIC,2026-04-12T23:26:49Z,190746204115728,3532,btc_qm_engine:btc_ptmc_accept,1.0000000000
METRIC,2026-04-12T23:26:49Z,190746304181711,3532,btc_qm_engine:btc_ptmc_rep_hot,1.0000000000
METRIC,2026-04-12T23:26:49Z,190746304266551,3532,btc_qm_engine:btc_ptmc_rep_cold,0.0000000000
METRIC,2026-04-12T23:26:49Z,190746304294111,3532,btc_qm_engine:btc_ptmc_accept,-0.2636887251
METRIC,2026-04-12T23:26:49Z,190746304337901,3532,btc_qm_engine:btc_ptmc_rep_hot,2.0000000000
METRIC,2026-04-12T23:26:49Z,190746304374781,3532,btc_qm_engine:btc_ptmc_rep_cold,1.0000000000
METRIC,2026-04-12T23:26:49Z,190746304400891,3532,btc_qm_engine:btc_ptmc_accept,1.0000000000
METRIC,2026-04-12T23:26:49Z,190746304436141,3532,btc_qm_engine:btc_ptmc_rep_hot,3.0000000000
METRIC,2026-04-12T23:26:49Z,190746304463141,3532,btc_qm_engine:btc_ptmc_rep_cold,2.0000000000
METRIC,2026-04-12T23:26:49Z,190746304486431,3532,btc_qm_engine:btc_ptmc_accept,1.0000000000
METRIC,2026-04-12T23:26:49Z,190746304515781,3532,btc_qm_engine:btc_ptmc_rep_hot,4.0000000000
METRIC,2026-04-12T23:26:49Z,190746304534751,3532,btc_qm_engine:btc_ptmc_rep_cold,3.0000000000
METRIC,2026-04-12T23:26:49Z,190746304553611,3532,btc_qm_engine:btc_ptmc_accept,1.0000000000
METRIC,2026-04-12T23:26:49Z,190746304575321,3532,btc_qm_engine:btc_ptmc_rep_hot,5.0000000000
METRIC,2026-04-12T23:26:49Z,190746304593941,3532,btc_qm_engine:btc_ptmc_rep_cold,4.0000000000
METRIC,2026-04-12T23:26:49Z,190746304612671,3532,btc_qm_engine:btc_ptmc_accept,1.0000000000
METRIC,2026-04-12T23:26:49Z,190746304634071,3532,btc_qm_engine:btc_ptmc_rep_hot,6.0000000000
METRIC,2026-04-12T23:26:49Z,190746304652671,3532,btc_qm_engine:btc_ptmc_rep_cold,5.0000000000
METRIC,2026-04-12T23:26:49Z,190746304671401,3532,btc_qm_engine:btc_ptmc_accept,1.0000000000
METRIC,2026-04-12T23:26:49Z,190746304694881,3532,btc_qm_engine:btc_ptmc_rep_hot,7.0000000000
METRIC,2026-04-12T23:26:49Z,190746304716081,3532,btc_qm_engine:btc_ptmc_rep_cold,6.0000000000
METRIC,2026-04-12T23:26:49Z,190746304740551,3532,btc_qm_engine:btc_ptmc_accept,1.0000000000
METRIC,2026-04-12T23:26:49Z,190746391394736,3532,btc_qm_engine:btc_hashrate_mhs,0.9658597831
METRIC,2026-04-12T23:26:49Z,190746391461556,3532,btc_qm_engine:btc_hashrate_thread_id,5.0000000000
METRIC,2026-04-12T23:26:49Z,190746397406285,3532,btc_qm_engine:btc_hashrate_mhs,0.9658877247
METRIC,2026-04-12T23:26:49Z,190746397457455,3532,btc_qm_engine:btc_hashrate_thread_id,1.0000000000
METRIC,2026-04-12T23:26:49Z,190746397754435,3532,btc_qm_engine:btc_hashrate_mhs,0.9659449465
METRIC,2026-04-12T23:26:49Z,190746397803315,3532,btc_qm_engine:btc_hashrate_thread_id,7.0000000000
METRIC,2026-04-12T23:26:49Z,190746398188135,3532,btc_qm_engine:btc_hashrate_mhs,0.9659952937
METRIC,2026-04-12T23:26:49Z,190746398373385,3532,btc_qm_engine:btc_hashrate_thread_id,6.0000000000
METRIC,2026-04-12T23:26:49Z,190746399597235,3532,btc_qm_engine:btc_nx48_stall_count,2.0000000000
METRIC,2026-04-12T23:26:49Z,190746399642565,3532,btc_qm_engine:btc_nx48_delta_nonce_old,1.9854942082
METRIC,2026-04-12T23:26:49Z,190746399664685,3532,btc_qm_engine:btc_nx48_delta_nonce_new,2.1184446846
METRIC,2026-04-12T23:26:49Z,190746399684115,3532,btc_qm_engine:btc_nx48_batch_old,4.0000000000
METRIC,2026-04-12T23:26:49Z,190746399723945,3532,btc_qm_engine:btc_nx48_batch_new,4.0000000000
METRIC,2026-04-12T23:26:49Z,190746399744745,3532,btc_qm_engine:btc_nx48_loss,0.6661330939
METRIC,2026-04-12T23:26:49Z,190746399764675,3532,btc_qm_engine:btc_nx48_grad_norm,0.7026952018
METRIC,2026-04-12T23:26:49Z,190746399783775,3532,btc_qm_engine:btc_nx48_update_count,43.0000000000
METRIC,2026-04-12T23:26:49Z,190746399809915,3532,btc_qm_engine:btc_nx48_exploration_bias,0.4745602268
METRIC,2026-04-12T23:26:49Z,190746399835585,3532,btc_qm_engine:btc_hashrate_mhs,0.9660526898
METRIC,2026-04-12T23:26:49Z,190746399859435,3532,btc_qm_engine:btc_hashrate_thread_id,0.0000000000
METRIC,2026-04-12T23:26:49Z,190746400046325,3532,btc_qm_engine:btc_hashrate_mhs,0.9661014929
METRIC,2026-04-12T23:26:49Z,190746400087775,3532,btc_qm_engine:btc_hashrate_thread_id,2.0000000000
METRIC,2026-04-12T23:26:49Z,190746404703555,3532,btc_qm_engine:btc_hashrate_mhs,0.9658976774
METRIC,2026-04-12T23:26:49Z,190746404754055,3532,btc_qm_engine:btc_hashrate_thread_id,4.0000000000
METRIC,2026-04-12T23:26:49Z,190746405351455,3532,btc_qm_engine:btc_hashrate_mhs,0.9660159425
METRIC,2026-04-12T23:26:49Z,190746405397705,3532,btc_qm_engine:btc_hashrate_thread_id,3.0000000000
METRIC,2026-04-12T23:26:49Z,190746407776885,3532,btc_qm_engine:btc_ptmc_rep_hot,1.0000000000
METRIC,2026-04-12T23:26:49Z,190746407825755,3532,btc_qm_engine:btc_ptmc_rep_cold,0.0000000000
METRIC,2026-04-12T23:26:49Z,190746407853155,3532,btc_qm_engine:btc_ptmc_accept,1.0000000000
METRIC,2026-04-12T23:26:49Z,190746407884655,3532,btc_qm_engine:btc_ptmc_rep_hot,2.0000000000
METRIC,2026-04-12T23:26:49Z,190746407910055,3532,btc_qm_engine:btc_ptmc_rep_cold,1.0000000000
METRIC,2026-04-12T23:26:49Z,190746407933965,3532,btc_qm_engine:btc_ptmc_accept,1.0000000000
METRIC,2026-04-12T23:26:49Z,190746407960115,3532,btc_qm_engine:btc_ptmc_rep_hot,3.0000000000
METRIC,2026-04-12T23:26:49Z,190746407984675,3532,btc_qm_engine:btc_ptmc_rep_cold,2.0000000000
METRIC,2026-04-12T23:26:49Z,190746408025135,3532,btc_qm_engine:btc_ptmc_accept,1.0000000000
METRIC,2026-04-12T23:26:49Z,190746408067275,3532,btc_qm_engine:btc_ptmc_rep_hot,4.0000000000
METRIC,2026-04-12T23:26:49Z,190746408097995,3532,btc_qm_engine:btc_ptmc_rep_cold,3.0000000000
METRIC,2026-04-12T23:26:49Z,190746408122495,3532,btc_qm_engine:btc_ptmc_accept,1.0000000000
METRIC,2026-04-12T23:26:49Z,190746408151665,3532,btc_qm_engine:btc_ptmc_rep_hot,5.0000000000
METRIC,2026-04-12T23:26:49Z,190746408176085,3532,btc_qm_engine:btc_ptmc_rep_cold,4.0000000000
METRIC,2026-04-12T23:26:49Z,190746408200795,3532,btc_qm_engine:btc_ptmc_accept,1.0000000000
METRIC,2026-04-12T23:26:49Z,190746408228875,3532,btc_qm_engine:btc_ptmc_rep_hot,6.0000000000
METRIC,2026-04-12T23:26:49Z,190746408253705,3532,btc_qm_engine:btc_ptmc_rep_cold,5.0000000000
METRIC,2026-04-12T23:26:49Z,190746408278015,3532,btc_qm_engine:btc_ptmc_accept,1.0000000000
METRIC,2026-04-12T23:26:49Z,190746408307895,3532,btc_qm_engine:btc_ptmc_rep_hot,7.0000000000
METRIC,2026-04-12T23:26:49Z,190746408332305,3532,btc_qm_engine:btc_ptmc_rep_cold,6.0000000000
METRIC,2026-04-12T23:26:49Z,190746408356805,3532,btc_qm_engine:btc_ptmc_accept,1.0000000000
METRIC,2026-04-12T23:26:49Z,190746510372058,3532,btc_qm_engine:btc_ptmc_rep_hot,1.0000000000
METRIC,2026-04-12T23:26:49Z,190746510451058,3532,btc_qm_engine:btc_ptmc_rep_cold,0.0000000000
METRIC,2026-04-12T23:26:49Z,190746510477048,3532,btc_qm_engine:btc_ptmc_accept,1.0000000000
METRIC,2026-04-12T23:26:49Z,190746510501468,3532,btc_qm_engine:btc_ptmc_rep_hot,2.0000000000
METRIC,2026-04-12T23:26:49Z,190746510525768,3532,btc_qm_engine:btc_ptmc_rep_cold,1.0000000000
METRIC,2026-04-12T23:26:49Z,190746510549938,3532,btc_qm_engine:btc_ptmc_accept,1.0000000000
METRIC,2026-04-12T23:26:49Z,190746510585558,3532,btc_qm_engine:btc_ptmc_rep_hot,3.0000000000
METRIC,2026-04-12T23:26:49Z,190746510609118,3532,btc_qm_engine:btc_ptmc_rep_cold,2.0000000000
METRIC,2026-04-12T23:26:49Z,190746510633388,3532,btc_qm_engine:btc_ptmc_accept,1.0000000000
METRIC,2026-04-12T23:26:49Z,190746510660678,3532,btc_qm_engine:btc_ptmc_rep_hot,4.0000000000
METRIC,2026-04-12T23:26:49Z,190746510716838,3532,btc_qm_engine:btc_ptmc_rep_cold,3.0000000000
METRIC,2026-04-12T23:26:49Z,190746510740148,3532,btc_qm_engine:btc_ptmc_accept,1.0000000000
METRIC,2026-04-12T23:26:49Z,190746510771038,3532,btc_qm_engine:btc_ptmc_rep_hot,5.0000000000
METRIC,2026-04-12T23:26:49Z,190746510796818,3532,btc_qm_engine:btc_ptmc_rep_cold,4.0000000000
METRIC,2026-04-12T23:26:49Z,190746510819798,3532,btc_qm_engine:btc_ptmc_accept,1.0000000000
METRIC,2026-04-12T23:26:49Z,190746510848798,3532,btc_qm_engine:btc_ptmc_rep_hot,6.0000000000
METRIC,2026-04-12T23:26:49Z,190746510873818,3532,btc_qm_engine:btc_ptmc_rep_cold,5.0000000000
METRIC,2026-04-12T23:26:49Z,190746510897608,3532,btc_qm_engine:btc_ptmc_accept,1.0000000000
METRIC,2026-04-12T23:26:49Z,190746510924728,3532,btc_qm_engine:btc_ptmc_rep_hot,7.0000000000
METRIC,2026-04-12T23:26:49Z,190746510948388,3532,btc_qm_engine:btc_ptmc_rep_cold,6.0000000000
METRIC,2026-04-12T23:26:49Z,190746510972718,3532,btc_qm_engine:btc_ptmc_accept,1.0000000000
METRIC,2026-04-12T23:26:49Z,190746614053072,3532,btc_qm_engine:btc_ptmc_rep_hot,1.0000000000
METRIC,2026-04-12T23:26:49Z,190746614143472,3532,btc_qm_engine:btc_ptmc_rep_cold,0.0000000000
METRIC,2026-04-12T23:26:49Z,190746614187772,3532,btc_qm_engine:btc_ptmc_accept,1.0000000000
METRIC,2026-04-12T23:26:49Z,190746614227192,3532,btc_qm_engine:btc_ptmc_rep_hot,2.0000000000
METRIC,2026-04-12T23:26:49Z,190746614252202,3532,btc_qm_engine:btc_ptmc_rep_cold,1.0000000000
METRIC,2026-04-12T23:26:49Z,190746614276702,3532,btc_qm_engine:btc_ptmc_accept,1.0000000000
METRIC,2026-04-12T23:26:49Z,190746614314482,3532,btc_qm_engine:btc_ptmc_rep_hot,3.0000000000
METRIC,2026-04-12T23:26:49Z,190746614338582,3532,btc_qm_engine:btc_ptmc_rep_cold,2.0000000000
METRIC,2026-04-12T23:26:49Z,190746614361692,3532,btc_qm_engine:btc_ptmc_accept,1.0000000000
METRIC,2026-04-12T23:26:49Z,190746614389282,3532,btc_qm_engine:btc_ptmc_rep_hot,4.0000000000
METRIC,2026-04-12T23:26:49Z,190746614414592,3532,btc_qm_engine:btc_ptmc_rep_cold,3.0000000000
METRIC,2026-04-12T23:26:49Z,190746614438792,3532,btc_qm_engine:btc_ptmc_accept,1.0000000000
METRIC,2026-04-12T23:26:49Z,190746614467832,3532,btc_qm_engine:btc_ptmc_rep_hot,5.0000000000
METRIC,2026-04-12T23:26:49Z,190746614492662,3532,btc_qm_engine:btc_ptmc_rep_cold,4.0000000000
METRIC,2026-04-12T23:26:49Z,190746614517232,3532,btc_qm_engine:btc_ptmc_accept,1.0000000000
METRIC,2026-04-12T23:26:49Z,190746614547922,3532,btc_qm_engine:btc_ptmc_rep_hot,6.0000000000
METRIC,2026-04-12T23:26:49Z,190746614572202,3532,btc_qm_engine:btc_ptmc_rep_cold,5.0000000000
METRIC,2026-04-12T23:26:49Z,190746614596822,3532,btc_qm_engine:btc_ptmc_accept,1.0000000000
METRIC,2026-04-12T23:26:49Z,190746614627142,3532,btc_qm_engine:btc_ptmc_rep_hot,7.0000000000
METRIC,2026-04-12T23:26:49Z,190746614651472,3532,btc_qm_engine:btc_ptmc_rep_cold,6.0000000000
METRIC,2026-04-12T23:26:49Z,190746614676042,3532,btc_qm_engine:btc_ptmc_accept,1.0000000000
METRIC,2026-04-12T23:26:50Z,190746714129045,3532,btc_qm_engine:btc_ptmc_rep_hot,1.0000000000
METRIC,2026-04-12T23:26:50Z,190746714209025,3532,btc_qm_engine:btc_ptmc_rep_cold,0.0000000000
METRIC,2026-04-12T23:26:50Z,190746714235725,3532,btc_qm_engine:btc_ptmc_accept,1.0000000000
METRIC,2026-04-12T23:26:50Z,190746714267025,3532,btc_qm_engine:btc_ptmc_rep_hot,2.0000000000
METRIC,2026-04-12T23:26:50Z,190746714292105,3532,btc_qm_engine:btc_ptmc_rep_cold,1.0000000000
METRIC,2026-04-12T23:26:50Z,190746714316955,3532,btc_qm_engine:btc_ptmc_accept,1.0000000000
METRIC,2026-04-12T23:26:50Z,190746714345595,3532,btc_qm_engine:btc_ptmc_rep_hot,3.0000000000
METRIC,2026-04-12T23:26:50Z,190746714370265,3532,btc_qm_engine:btc_ptmc_rep_cold,2.0000000000
METRIC,2026-04-12T23:26:50Z,190746714394615,3532,btc_qm_engine:btc_ptmc_accept,1.0000000000
METRIC,2026-04-12T23:26:50Z,190746714428785,3532,btc_qm_engine:btc_ptmc_rep_hot,4.0000000000
METRIC,2026-04-12T23:26:50Z,190746714453405,3532,btc_qm_engine:btc_ptmc_rep_cold,3.0000000000
METRIC,2026-04-12T23:26:50Z,190746714477605,3532,btc_qm_engine:btc_ptmc_accept,0.9048409551
METRIC,2026-04-12T23:26:50Z,190746714541225,3532,btc_qm_engine:btc_ptmc_rep_hot,5.0000000000
METRIC,2026-04-12T23:26:50Z,190746714566605,3532,btc_qm_engine:btc_ptmc_rep_cold,4.0000000000
METRIC,2026-04-12T23:26:50Z,190746714590655,3532,btc_qm_engine:btc_ptmc_accept,1.0000000000
METRIC,2026-04-12T23:26:50Z,190746714623415,3532,btc_qm_engine:btc_ptmc_rep_hot,6.0000000000
METRIC,2026-04-12T23:26:50Z,190746714650585,3532,btc_qm_engine:btc_ptmc_rep_cold,5.0000000000
METRIC,2026-04-12T23:26:50Z,190746714673905,3532,btc_qm_engine:btc_ptmc_accept,1.0000000000
METRIC,2026-04-12T23:26:50Z,190746714702115,3532,btc_qm_engine:btc_ptmc_rep_hot,7.0000000000
METRIC,2026-04-12T23:26:50Z,190746714726415,3532,btc_qm_engine:btc_ptmc_rep_cold,6.0000000000
METRIC,2026-04-12T23:26:50Z,190746714749565,3532,btc_qm_engine:btc_ptmc_accept,1.0000000000
METRIC,2026-04-12T23:26:50Z,190746822103298,3532,btc_qm_engine:btc_ptmc_rep_hot,1.0000000000
METRIC,2026-04-12T23:26:50Z,190746822188888,3532,btc_qm_engine:btc_ptmc_rep_cold,0.0000000000
METRIC,2026-04-12T23:26:50Z,190746822217098,3532,btc_qm_engine:btc_ptmc_accept,-0.5134171190
METRIC,2026-04-12T23:26:50Z,190746822246168,3532,btc_qm_engine:btc_ptmc_rep_hot,2.0000000000
METRIC,2026-04-12T23:26:50Z,190746822272288,3532,btc_qm_engine:btc_ptmc_rep_cold,1.0000000000
METRIC,2026-04-12T23:26:50Z,190746822296898,3532,btc_qm_engine:btc_ptmc_accept,0.7165313106
METRIC,2026-04-12T23:26:50Z,190746822321918,3532,btc_qm_engine:btc_ptmc_rep_hot,3.0000000000
METRIC,2026-04-12T23:26:50Z,190746822347448,3532,btc_qm_engine:btc_ptmc_rep_cold,2.0000000000
METRIC,2026-04-12T23:26:50Z,190746822371798,3532,btc_qm_engine:btc_ptmc_accept,1.0000000000
METRIC,2026-04-12T23:26:50Z,190746822395378,3532,btc_qm_engine:btc_ptmc_rep_hot,4.0000000000
METRIC,2026-04-12T23:26:50Z,190746822419778,3532,btc_qm_engine:btc_ptmc_rep_cold,3.0000000000
METRIC,2026-04-12T23:26:50Z,190746822444528,3532,btc_qm_engine:btc_ptmc_accept,1.0000000000
METRIC,2026-04-12T23:26:50Z,190746822474378,3532,btc_qm_engine:btc_ptmc_rep_hot,5.0000000000
METRIC,2026-04-12T23:26:50Z,190746822500508,3532,btc_qm_engine:btc_ptmc_rep_cold,4.0000000000
METRIC,2026-04-12T23:26:50Z,190746822525868,3532,btc_qm_engine:btc_ptmc_accept,1.0000000000
METRIC,2026-04-12T23:26:50Z,190746822564768,3532,btc_qm_engine:btc_ptmc_rep_hot,6.0000000000
METRIC,2026-04-12T23:26:50Z,190746822590848,3532,btc_qm_engine:btc_ptmc_rep_cold,5.0000000000
METRIC,2026-04-12T23:26:50Z,190746822615828,3532,btc_qm_engine:btc_ptmc_accept,0.9642895790
METRIC,2026-04-12T23:26:50Z,190746822649858,3532,btc_qm_engine:btc_ptmc_rep_hot,7.0000000000
METRIC,2026-04-12T23:26:50Z,190746822674198,3532,btc_qm_engine:btc_ptmc_rep_cold,6.0000000000
METRIC,2026-04-12T23:26:50Z,190746822698508,3532,btc_qm_engine:btc_ptmc_accept,1.0000000000
METRIC,2026-04-12T23:26:50Z,190746939356581,3532,btc_qm_engine:btc_ptmc_rep_hot,1.0000000000
METRIC,2026-04-12T23:26:50Z,190746939425041,3532,btc_qm_engine:btc_ptmc_rep_cold,0.0000000000
METRIC,2026-04-12T23:26:50Z,190746939446011,3532,btc_qm_engine:btc_ptmc_accept,1.0000000000
METRIC,2026-04-12T23:26:50Z,190746939472381,3532,btc_qm_engine:btc_ptmc_rep_hot,2.0000000000
METRIC,2026-04-12T23:26:50Z,190746939491451,3532,btc_qm_engine:btc_ptmc_rep_cold,1.0000000000
METRIC,2026-04-12T23:26:50Z,190746939510291,3532,btc_qm_engine:btc_ptmc_accept,1.0000000000
METRIC,2026-04-12T23:26:50Z,190746939535501,3532,btc_qm_engine:btc_ptmc_rep_hot,3.0000000000
METRIC,2026-04-12T23:26:50Z,190746939554411,3532,btc_qm_engine:btc_ptmc_rep_cold,2.0000000000
METRIC,2026-04-12T23:26:50Z,190746939584751,3532,btc_qm_engine:btc_ptmc_accept,0.8464725326
METRIC,2026-04-12T23:26:50Z,190746939627801,3532,btc_qm_engine:btc_ptmc_rep_hot,4.0000000000
METRIC,2026-04-12T23:26:50Z,190746939652431,3532,btc_qm_engine:btc_ptmc_rep_cold,3.0000000000
METRIC,2026-04-12T23:26:50Z,190746939671551,3532,btc_qm_engine:btc_ptmc_accept,0.9048338808
METRIC,2026-04-12T23:26:50Z,190746939771741,3532,btc_qm_engine:btc_ptmc_rep_hot,5.0000000000
METRIC,2026-04-12T23:26:50Z,190746939794931,3532,btc_qm_engine:btc_ptmc_rep_cold,4.0000000000
METRIC,2026-04-12T23:26:50Z,190746939833541,3532,btc_qm_engine:btc_ptmc_accept,1.0000000000
METRIC,2026-04-12T23:26:50Z,190746939852731,3532,btc_qm_engine:btc_ptmc_rep_hot,6.0000000000
METRIC,2026-04-12T23:26:50Z,190746939871401,3532,btc_qm_engine:btc_ptmc_rep_cold,5.0000000000
METRIC,2026-04-12T23:26:50Z,190746939890091,3532,btc_qm_engine:btc_ptmc_accept,1.0000000000
METRIC,2026-04-12T23:26:50Z,190746939914141,3532,btc_qm_engine:btc_ptmc_rep_hot,7.0000000000
METRIC,2026-04-12T23:26:50Z,190746939933661,3532,btc_qm_engine:btc_ptmc_rep_cold,6.0000000000
METRIC,2026-04-12T23:26:50Z,190746939953441,3532,btc_qm_engine:btc_ptmc_accept,1.0000000000
METRIC,2026-04-12T23:26:50Z,190747047584534,3532,btc_qm_engine:btc_ptmc_rep_hot,1.0000000000
METRIC,2026-04-12T23:26:50Z,190747047669344,3532,btc_qm_engine:btc_ptmc_rep_cold,0.0000000000
METRIC,2026-04-12T23:26:50Z,190747047695284,3532,btc_qm_engine:btc_ptmc_accept,1.0000000000
METRIC,2026-04-12T23:26:50Z,190747047726664,3532,btc_qm_engine:btc_ptmc_rep_hot,2.0000000000
METRIC,2026-04-12T23:26:50Z,190747047756304,3532,btc_qm_engine:btc_ptmc_rep_cold,1.0000000000
METRIC,2026-04-12T23:26:50Z,190747047780774,3532,btc_qm_engine:btc_ptmc_accept,1.0000000000
METRIC,2026-04-12T23:26:50Z,190747047851414,3532,btc_qm_engine:btc_ptmc_rep_hot,3.0000000000
METRIC,2026-04-12T23:26:50Z,190747047888904,3532,btc_qm_engine:btc_ptmc_rep_cold,2.0000000000
METRIC,2026-04-12T23:26:50Z,190747047925604,3532,btc_qm_engine:btc_ptmc_accept,1.0000000000
METRIC,2026-04-12T23:26:50Z,190747047950454,3532,btc_qm_engine:btc_ptmc_rep_hot,4.0000000000
METRIC,2026-04-12T23:26:50Z,190747047974854,3532,btc_qm_engine:btc_ptmc_rep_cold,3.0000000000
METRIC,2026-04-12T23:26:50Z,190747047999264,3532,btc_qm_engine:btc_ptmc_accept,1.0000000000
METRIC,2026-04-12T23:26:50Z,190747048079894,3532,btc_qm_engine:btc_ptmc_rep_hot,5.0000000000
METRIC,2026-04-12T23:26:50Z,190747048104554,3532,btc_qm_engine:btc_ptmc_rep_cold,4.0000000000
METRIC,2026-04-12T23:26:50Z,190747048128954,3532,btc_qm_engine:btc_ptmc_accept,1.0000000000
METRIC,2026-04-12T23:26:50Z,190747048153454,3532,btc_qm_engine:btc_ptmc_rep_hot,6.0000000000
METRIC,2026-04-12T23:26:50Z,190747048177964,3532,btc_qm_engine:btc_ptmc_rep_cold,5.0000000000
METRIC,2026-04-12T23:26:50Z,190747048202744,3532,btc_qm_engine:btc_ptmc_accept,1.0000000000
METRIC,2026-04-12T23:26:50Z,190747048230414,3532,btc_qm_engine:btc_ptmc_rep_hot,7.0000000000
METRIC,2026-04-12T23:26:50Z,190747048254384,3532,btc_qm_engine:btc_ptmc_rep_cold,6.0000000000
METRIC,2026-04-12T23:26:50Z,190747048278184,3532,btc_qm_engine:btc_ptmc_accept,1.0000000000
METRIC,2026-04-12T23:26:50Z,190747152470187,3532,btc_qm_engine:btc_ptmc_rep_hot,1.0000000000
METRIC,2026-04-12T23:26:50Z,190747152553107,3532,btc_qm_engine:btc_ptmc_rep_cold,0.0000000000
METRIC,2026-04-12T23:26:50Z,190747152581807,3532,btc_qm_engine:btc_ptmc_accept,1.0000000000
METRIC,2026-04-12T23:26:50Z,190747152609217,3532,btc_qm_engine:btc_ptmc_rep_hot,2.0000000000
METRIC,2026-04-12T23:26:50Z,190747152628737,3532,btc_qm_engine:btc_ptmc_rep_cold,1.0000000000
METRIC,2026-04-12T23:26:50Z,190747152647877,3532,btc_qm_engine:btc_ptmc_accept,1.0000000000
METRIC,2026-04-12T23:26:50Z,190747152676857,3532,btc_qm_engine:btc_ptmc_rep_hot,3.0000000000
METRIC,2026-04-12T23:26:50Z,190747152696297,3532,btc_qm_engine:btc_ptmc_rep_cold,2.0000000000
METRIC,2026-04-12T23:26:50Z,190747152730267,3532,btc_qm_engine:btc_ptmc_accept,1.0000000000
METRIC,2026-04-12T23:26:50Z,190747152753927,3532,btc_qm_engine:btc_ptmc_rep_hot,4.0000000000
METRIC,2026-04-12T23:26:50Z,190747152773387,3532,btc_qm_engine:btc_ptmc_rep_cold,3.0000000000
METRIC,2026-04-12T23:26:50Z,190747152792547,3532,btc_qm_engine:btc_ptmc_accept,1.0000000000
METRIC,2026-04-12T23:26:50Z,190747152814547,3532,btc_qm_engine:btc_ptmc_rep_hot,5.0000000000
METRIC,2026-04-12T23:26:50Z,190747152833707,3532,btc_qm_engine:btc_ptmc_rep_cold,4.0000000000
METRIC,2026-04-12T23:26:50Z,190747152852857,3532,btc_qm_engine:btc_ptmc_accept,1.0000000000
METRIC,2026-04-12T23:26:50Z,190747152876837,3532,btc_qm_engine:btc_ptmc_rep_hot,6.0000000000
METRIC,2026-04-12T23:26:50Z,190747152901617,3532,btc_qm_engine:btc_ptmc_rep_cold,5.0000000000
METRIC,2026-04-12T23:26:50Z,190747152925997,3532,btc_qm_engine:btc_ptmc_accept,1.0000000000
METRIC,2026-04-12T23:26:50Z,190747152955117,3532,btc_qm_engine:btc_ptmc_rep_hot,7.0000000000
METRIC,2026-04-12T23:26:50Z,190747152978457,3532,btc_qm_engine:btc_ptmc_rep_cold,6.0000000000
METRIC,2026-04-12T23:26:50Z,190747153014347,3532,btc_qm_engine:btc_ptmc_accept,1.0000000000
METRIC,2026-04-12T23:26:50Z,190747254607441,3532,btc_qm_engine:btc_ptmc_rep_hot,1.0000000000
METRIC,2026-04-12T23:26:50Z,190747254669511,3532,btc_qm_engine:btc_ptmc_rep_cold,0.0000000000
METRIC,2026-04-12T23:26:50Z,190747254690321,3532,btc_qm_engine:btc_ptmc_accept,1.0000000000
METRIC,2026-04-12T23:26:50Z,190747254714781,3532,btc_qm_engine:btc_ptmc_rep_hot,2.0000000000
METRIC,2026-04-12T23:26:50Z,190747254733901,3532,btc_qm_engine:btc_ptmc_rep_cold,1.0000000000
METRIC,2026-04-12T23:26:50Z,190747254753811,3532,btc_qm_engine:btc_ptmc_accept,1.0000000000
METRIC,2026-04-12T23:26:50Z,190747254778301,3532,btc_qm_engine:btc_ptmc_rep_hot,3.0000000000
METRIC,2026-04-12T23:26:50Z,190747254797291,3532,btc_qm_engine:btc_ptmc_rep_cold,2.0000000000
METRIC,2026-04-12T23:26:50Z,190747254816121,3532,btc_qm_engine:btc_ptmc_accept,1.0000000000
METRIC,2026-04-12T23:26:50Z,190747254839901,3532,btc_qm_engine:btc_ptmc_rep_hot,4.0000000000
METRIC,2026-04-12T23:26:50Z,190747254858591,3532,btc_qm_engine:btc_ptmc_rep_cold,3.0000000000
METRIC,2026-04-12T23:26:50Z,190747254877331,3532,btc_qm_engine:btc_ptmc_accept,1.0000000000
METRIC,2026-04-12T23:26:50Z,190747254900731,3532,btc_qm_engine:btc_ptmc_rep_hot,5.0000000000
METRIC,2026-04-12T23:26:50Z,190747254919481,3532,btc_qm_engine:btc_ptmc_rep_cold,4.0000000000
METRIC,2026-04-12T23:26:50Z,190747254946601,3532,btc_qm_engine:btc_ptmc_accept,1.0000000000
METRIC,2026-04-12T23:26:50Z,190747254973201,3532,btc_qm_engine:btc_ptmc_rep_hot,6.0000000000
METRIC,2026-04-12T23:26:50Z,190747254997211,3532,btc_qm_engine:btc_ptmc_rep_cold,5.0000000000
METRIC,2026-04-12T23:26:50Z,190747255062141,3532,btc_qm_engine:btc_ptmc_accept,1.0000000000
METRIC,2026-04-12T23:26:50Z,190747255096021,3532,btc_qm_engine:btc_ptmc_rep_hot,7.0000000000
METRIC,2026-04-12T23:26:50Z,190747255120351,3532,btc_qm_engine:btc_ptmc_rep_cold,6.0000000000
METRIC,2026-04-12T23:26:50Z,190747255139421,3532,btc_qm_engine:btc_ptmc_accept,1.0000000000
METRIC,2026-04-12T23:26:50Z,190747361106044,3532,btc_qm_engine:btc_ptmc_rep_hot,1.0000000000
METRIC,2026-04-12T23:26:50Z,190747361203584,3532,btc_qm_engine:btc_ptmc_rep_cold,0.0000000000
METRIC,2026-04-12T23:26:50Z,190747361229614,3532,btc_qm_engine:btc_ptmc_accept,1.0000000000
METRIC,2026-04-12T23:26:50Z,190747361259694,3532,btc_qm_engine:btc_ptmc_rep_hot,2.0000000000
METRIC,2026-04-12T23:26:50Z,190747361284564,3532,btc_qm_engine:btc_ptmc_rep_cold,1.0000000000
METRIC,2026-04-12T23:26:50Z,190747361309644,3532,btc_qm_engine:btc_ptmc_accept,1.0000000000
METRIC,2026-04-12T23:26:50Z,190747361337444,3532,btc_qm_engine:btc_ptmc_rep_hot,3.0000000000
METRIC,2026-04-12T23:26:50Z,190747361361544,3532,btc_qm_engine:btc_ptmc_rep_cold,2.0000000000
METRIC,2026-04-12T23:26:50Z,190747361386184,3532,btc_qm_engine:btc_ptmc_accept,1.0000000000
METRIC,2026-04-12T23:26:50Z,190747361419964,3532,btc_qm_engine:btc_ptmc_rep_hot,4.0000000000
METRIC,2026-04-12T23:26:50Z,190747361444424,3532,btc_qm_engine:btc_ptmc_rep_cold,3.0000000000
METRIC,2026-04-12T23:26:50Z,190747361496624,3532,btc_qm_engine:btc_ptmc_accept,1.0000000000
METRIC,2026-04-12T23:26:50Z,190747361538464,3532,btc_qm_engine:btc_ptmc_rep_hot,5.0000000000
METRIC,2026-04-12T23:26:50Z,190747361563134,3532,btc_qm_engine:btc_ptmc_rep_cold,4.0000000000
METRIC,2026-04-12T23:26:50Z,190747361587594,3532,btc_qm_engine:btc_ptmc_accept,1.0000000000
METRIC,2026-04-12T23:26:50Z,190747361622414,3532,btc_qm_engine:btc_ptmc_rep_hot,6.0000000000
METRIC,2026-04-12T23:26:50Z,190747361646524,3532,btc_qm_engine:btc_ptmc_rep_cold,5.0000000000
METRIC,2026-04-12T23:26:50Z,190747361670484,3532,btc_qm_engine:btc_ptmc_accept,1.0000000000
METRIC,2026-04-12T23:26:50Z,190747361702244,3532,btc_qm_engine:btc_ptmc_rep_hot,7.0000000000
METRIC,2026-04-12T23:26:50Z,190747361726684,3532,btc_qm_engine:btc_ptmc_rep_cold,6.0000000000
METRIC,2026-04-12T23:26:50Z,190747361756344,3532,btc_qm_engine:btc_ptmc_accept,1.0000000000
METRIC,2026-04-12T23:26:50Z,190747464843147,3532,btc_qm_engine:btc_ptmc_rep_hot,1.0000000000
METRIC,2026-04-12T23:26:50Z,190747464918207,3532,btc_qm_engine:btc_ptmc_rep_cold,0.0000000000
METRIC,2026-04-12T23:26:50Z,190747464944707,3532,btc_qm_engine:btc_ptmc_accept,1.0000000000
METRIC,2026-04-12T23:26:50Z,190747464974017,3532,btc_qm_engine:btc_ptmc_rep_hot,2.0000000000
METRIC,2026-04-12T23:26:50Z,190747464998417,3532,btc_qm_engine:btc_ptmc_rep_cold,1.0000000000
METRIC,2026-04-12T23:26:50Z,190747465048467,3532,btc_qm_engine:btc_ptmc_accept,1.0000000000
METRIC,2026-04-12T23:26:50Z,190747465145307,3532,btc_qm_engine:btc_ptmc_rep_hot,3.0000000000
METRIC,2026-04-12T23:26:50Z,190747465442667,3532,btc_qm_engine:btc_ptmc_rep_cold,2.0000000000
METRIC,2026-04-12T23:26:50Z,190747465475007,3532,btc_qm_engine:btc_ptmc_accept,1.0000000000
METRIC,2026-04-12T23:26:50Z,190747465508687,3532,btc_qm_engine:btc_ptmc_rep_hot,4.0000000000
METRIC,2026-04-12T23:26:50Z,190747465532557,3532,btc_qm_engine:btc_ptmc_rep_cold,3.0000000000
METRIC,2026-04-12T23:26:50Z,190747465557007,3532,btc_qm_engine:btc_ptmc_accept,1.0000000000
METRIC,2026-04-12T23:26:50Z,190747465591277,3532,btc_qm_engine:btc_ptmc_rep_hot,5.0000000000
METRIC,2026-04-12T23:26:50Z,190747465620897,3532,btc_qm_engine:btc_ptmc_rep_cold,4.0000000000
METRIC,2026-04-12T23:26:50Z,190747465644987,3532,btc_qm_engine:btc_ptmc_accept,1.0000000000
METRIC,2026-04-12T23:26:50Z,190747465675387,3532,btc_qm_engine:btc_ptmc_rep_hot,6.0000000000
METRIC,2026-04-12T23:26:50Z,190747465699377,3532,btc_qm_engine:btc_ptmc_rep_cold,5.0000000000
METRIC,2026-04-12T23:26:50Z,190747465723197,3532,btc_qm_engine:btc_ptmc_accept,1.0000000000
METRIC,2026-04-12T23:26:50Z,190747465755207,3532,btc_qm_engine:btc_ptmc_rep_hot,7.0000000000
METRIC,2026-04-12T23:26:50Z,190747465779197,3532,btc_qm_engine:btc_ptmc_rep_cold,6.0000000000
METRIC,2026-04-12T23:26:50Z,190747465802117,3532,btc_qm_engine:btc_ptmc_accept,1.0000000000
METRIC,2026-04-12T23:26:50Z,190747567551691,3532,btc_qm_engine:btc_ptmc_rep_hot,1.0000000000
METRIC,2026-04-12T23:26:50Z,190747567613071,3532,btc_qm_engine:btc_ptmc_rep_cold,0.0000000000
METRIC,2026-04-12T23:26:50Z,190747567639661,3532,btc_qm_engine:btc_ptmc_accept,1.0000000000
METRIC,2026-04-12T23:26:50Z,190747567665231,3532,btc_qm_engine:btc_ptmc_rep_hot,2.0000000000
METRIC,2026-04-12T23:26:50Z,190747567688131,3532,btc_qm_engine:btc_ptmc_rep_cold,1.0000000000
METRIC,2026-04-12T23:26:50Z,190747567711511,3532,btc_qm_engine:btc_ptmc_accept,1.0000000000
METRIC,2026-04-12T23:26:50Z,190747567744301,3532,btc_qm_engine:btc_ptmc_rep_hot,3.0000000000
METRIC,2026-04-12T23:26:50Z,190747567769091,3532,btc_qm_engine:btc_ptmc_rep_cold,2.0000000000
METRIC,2026-04-12T23:26:50Z,190747567793321,3532,btc_qm_engine:btc_ptmc_accept,1.0000000000
METRIC,2026-04-12T23:26:50Z,190747567818141,3532,btc_qm_engine:btc_ptmc_rep_hot,4.0000000000
METRIC,2026-04-12T23:26:50Z,190747567837081,3532,btc_qm_engine:btc_ptmc_rep_cold,3.0000000000
METRIC,2026-04-12T23:26:50Z,190747567855961,3532,btc_qm_engine:btc_ptmc_accept,1.0000000000
METRIC,2026-04-12T23:26:50Z,190747567877701,3532,btc_qm_engine:btc_ptmc_rep_hot,5.0000000000
METRIC,2026-04-12T23:26:50Z,190747567919281,3532,btc_qm_engine:btc_ptmc_rep_cold,4.0000000000
METRIC,2026-04-12T23:26:50Z,190747567938221,3532,btc_qm_engine:btc_ptmc_accept,1.0000000000
METRIC,2026-04-12T23:26:50Z,190747567961781,3532,btc_qm_engine:btc_ptmc_rep_hot,6.0000000000
METRIC,2026-04-12T23:26:50Z,190747567980811,3532,btc_qm_engine:btc_ptmc_rep_cold,5.0000000000
METRIC,2026-04-12T23:26:50Z,190747568045001,3532,btc_qm_engine:btc_ptmc_accept,1.0000000000
METRIC,2026-04-12T23:26:50Z,190747568076891,3532,btc_qm_engine:btc_ptmc_rep_hot,7.0000000000
METRIC,2026-04-12T23:26:50Z,190747568096341,3532,btc_qm_engine:btc_ptmc_rep_cold,6.0000000000
METRIC,2026-04-12T23:26:50Z,190747568115471,3532,btc_qm_engine:btc_ptmc_accept,1.0000000000
METRIC,2026-04-12T23:26:51Z,190747668503984,3532,btc_qm_engine:btc_ptmc_rep_hot,1.0000000000
METRIC,2026-04-12T23:26:51Z,190747668594544,3532,btc_qm_engine:btc_ptmc_rep_cold,0.0000000000
METRIC,2026-04-12T23:26:51Z,190747668621334,3532,btc_qm_engine:btc_ptmc_accept,1.0000000000
METRIC,2026-04-12T23:26:51Z,190747668652554,3532,btc_qm_engine:btc_ptmc_rep_hot,2.0000000000
METRIC,2026-04-12T23:26:51Z,190747668677744,3532,btc_qm_engine:btc_ptmc_rep_cold,1.0000000000
METRIC,2026-04-12T23:26:51Z,190747668702494,3532,btc_qm_engine:btc_ptmc_accept,1.0000000000
METRIC,2026-04-12T23:26:51Z,190747668733274,3532,btc_qm_engine:btc_ptmc_rep_hot,3.0000000000
METRIC,2026-04-12T23:26:51Z,190747668757794,3532,btc_qm_engine:btc_ptmc_rep_cold,2.0000000000
METRIC,2026-04-12T23:26:51Z,190747668782524,3532,btc_qm_engine:btc_ptmc_accept,1.0000000000
METRIC,2026-04-12T23:26:51Z,190747668818664,3532,btc_qm_engine:btc_ptmc_rep_hot,4.0000000000
METRIC,2026-04-12T23:26:51Z,190747668843634,3532,btc_qm_engine:btc_ptmc_rep_cold,3.0000000000
METRIC,2026-04-12T23:26:51Z,190747668868644,3532,btc_qm_engine:btc_ptmc_accept,1.0000000000
METRIC,2026-04-12T23:26:51Z,190747668897234,3532,btc_qm_engine:btc_ptmc_rep_hot,5.0000000000
METRIC,2026-04-12T23:26:51Z,190747668922214,3532,btc_qm_engine:btc_ptmc_rep_cold,4.0000000000
METRIC,2026-04-12T23:26:51Z,190747668946904,3532,btc_qm_engine:btc_ptmc_accept,1.0000000000
METRIC,2026-04-12T23:26:51Z,190747668977554,3532,btc_qm_engine:btc_ptmc_rep_hot,6.0000000000
METRIC,2026-04-12T23:26:51Z,190747669027424,3532,btc_qm_engine:btc_ptmc_rep_cold,5.0000000000
METRIC,2026-04-12T23:26:51Z,190747669050864,3532,btc_qm_engine:btc_ptmc_accept,1.0000000000
METRIC,2026-04-12T23:26:51Z,190747669076634,3532,btc_qm_engine:btc_ptmc_rep_hot,7.0000000000
METRIC,2026-04-12T23:26:51Z,190747669101954,3532,btc_qm_engine:btc_ptmc_rep_cold,6.0000000000
METRIC,2026-04-12T23:26:51Z,190747669127144,3532,btc_qm_engine:btc_ptmc_accept,1.0000000000
METRIC,2026-04-12T23:26:51Z,190747773952187,3532,btc_qm_engine:btc_ptmc_rep_hot,1.0000000000
METRIC,2026-04-12T23:26:51Z,190747774069177,3532,btc_qm_engine:btc_ptmc_rep_cold,0.0000000000
METRIC,2026-04-12T23:26:51Z,190747774096027,3532,btc_qm_engine:btc_ptmc_accept,-0.2636887251
METRIC,2026-04-12T23:26:51Z,190747774128757,3532,btc_qm_engine:btc_ptmc_rep_hot,2.0000000000
METRIC,2026-04-12T23:26:51Z,190747774153477,3532,btc_qm_engine:btc_ptmc_rep_cold,1.0000000000
METRIC,2026-04-12T23:26:51Z,190747774178027,3532,btc_qm_engine:btc_ptmc_accept,1.0000000000
METRIC,2026-04-12T23:26:51Z,190747774238597,3532,btc_qm_engine:btc_ptmc_rep_hot,3.0000000000
METRIC,2026-04-12T23:26:51Z,190747774263887,3532,btc_qm_engine:btc_ptmc_rep_cold,2.0000000000
METRIC,2026-04-12T23:26:51Z,190747774288987,3532,btc_qm_engine:btc_ptmc_accept,1.0000000000
METRIC,2026-04-12T23:26:51Z,190747774325057,3532,btc_qm_engine:btc_ptmc_rep_hot,4.0000000000
METRIC,2026-04-12T23:26:51Z,190747774349447,3532,btc_qm_engine:btc_ptmc_rep_cold,3.0000000000
METRIC,2026-04-12T23:26:51Z,190747774373817,3532,btc_qm_engine:btc_ptmc_accept,1.0000000000
METRIC,2026-04-12T23:26:51Z,190747774400937,3532,btc_qm_engine:btc_ptmc_rep_hot,5.0000000000
METRIC,2026-04-12T23:26:51Z,190747774437427,3532,btc_qm_engine:btc_ptmc_rep_cold,4.0000000000
METRIC,2026-04-12T23:26:51Z,190747774471137,3532,btc_qm_engine:btc_ptmc_accept,1.0000000000
METRIC,2026-04-12T23:26:51Z,190747774516107,3532,btc_qm_engine:btc_ptmc_rep_hot,6.0000000000
METRIC,2026-04-12T23:26:51Z,190747774542367,3532,btc_qm_engine:btc_ptmc_rep_cold,5.0000000000
METRIC,2026-04-12T23:26:51Z,190747774565837,3532,btc_qm_engine:btc_ptmc_accept,1.0000000000
METRIC,2026-04-12T23:26:51Z,190747774595537,3532,btc_qm_engine:btc_ptmc_rep_hot,7.0000000000
METRIC,2026-04-12T23:26:51Z,190747774620937,3532,btc_qm_engine:btc_ptmc_rep_cold,6.0000000000
METRIC,2026-04-12T23:26:51Z,190747774645227,3532,btc_qm_engine:btc_ptmc_accept,1.0000000000
METRIC,2026-04-12T23:26:51Z,190747876785191,3532,btc_qm_engine:btc_ptmc_rep_hot,1.0000000000
METRIC,2026-04-12T23:26:51Z,190747876849721,3532,btc_qm_engine:btc_ptmc_rep_cold,0.0000000000
METRIC,2026-04-12T23:26:51Z,190747876877841,3532,btc_qm_engine:btc_ptmc_accept,-0.5136174742
METRIC,2026-04-12T23:26:51Z,190747876904401,3532,btc_qm_engine:btc_ptmc_rep_hot,2.0000000000
METRIC,2026-04-12T23:26:51Z,190747876929201,3532,btc_qm_engine:btc_ptmc_rep_cold,1.0000000000
METRIC,2026-04-12T23:26:51Z,190747876954351,3532,btc_qm_engine:btc_ptmc_accept,1.0000000000
METRIC,2026-04-12T23:26:51Z,190747876979791,3532,btc_qm_engine:btc_ptmc_rep_hot,3.0000000000
METRIC,2026-04-12T23:26:51Z,190747876999871,3532,btc_qm_engine:btc_ptmc_rep_cold,2.0000000000
METRIC,2026-04-12T23:26:51Z,190747877063281,3532,btc_qm_engine:btc_ptmc_accept,1.0000000000
METRIC,2026-04-12T23:26:51Z,190747877091511,3532,btc_qm_engine:btc_ptmc_rep_hot,4.0000000000
METRIC,2026-04-12T23:26:51Z,190747877110511,3532,btc_qm_engine:btc_ptmc_rep_cold,3.0000000000
METRIC,2026-04-12T23:26:51Z,190747877129271,3532,btc_qm_engine:btc_ptmc_accept,1.0000000000
METRIC,2026-04-12T23:26:51Z,190747877154651,3532,btc_qm_engine:btc_ptmc_rep_hot,5.0000000000
METRIC,2026-04-12T23:26:51Z,190747877173701,3532,btc_qm_engine:btc_ptmc_rep_cold,4.0000000000
METRIC,2026-04-12T23:26:51Z,190747877192411,3532,btc_qm_engine:btc_ptmc_accept,1.0000000000
METRIC,2026-04-12T23:26:51Z,190747877214701,3532,btc_qm_engine:btc_ptmc_rep_hot,6.0000000000
METRIC,2026-04-12T23:26:51Z,190747877238041,3532,btc_qm_engine:btc_ptmc_rep_cold,5.0000000000
METRIC,2026-04-12T23:26:51Z,190747877272211,3532,btc_qm_engine:btc_ptmc_accept,1.0000000000
METRIC,2026-04-12T23:26:51Z,190747877304981,3532,btc_qm_engine:btc_ptmc_rep_hot,7.0000000000
METRIC,2026-04-12T23:26:51Z,190747877323891,3532,btc_qm_engine:btc_ptmc_rep_cold,6.0000000000
METRIC,2026-04-12T23:26:51Z,190747877342831,3532,btc_qm_engine:btc_ptmc_accept,1.0000000000
METRIC,2026-04-12T23:26:51Z,190747977464105,3532,btc_qm_engine:btc_ptmc_rep_hot,1.0000000000
METRIC,2026-04-12T23:26:51Z,190747977531854,3532,btc_qm_engine:btc_ptmc_rep_cold,0.0000000000
METRIC,2026-04-12T23:26:51Z,190747977554234,3532,btc_qm_engine:btc_ptmc_accept,1.0000000000
METRIC,2026-04-12T23:26:51Z,190747977732994,3532,btc_qm_engine:btc_ptmc_rep_hot,2.0000000000
METRIC,2026-04-12T23:26:51Z,190747977762854,3532,btc_qm_engine:btc_ptmc_rep_cold,1.0000000000
METRIC,2026-04-12T23:26:51Z,190747977782304,3532,btc_qm_engine:btc_ptmc_accept,0.7165485813
METRIC,2026-04-12T23:26:51Z,190747977826664,3532,btc_qm_engine:btc_ptmc_rep_hot,3.0000000000
METRIC,2026-04-12T23:26:51Z,190747977860494,3532,btc_qm_engine:btc_ptmc_rep_cold,2.0000000000
METRIC,2026-04-12T23:26:51Z,190747977879664,3532,btc_qm_engine:btc_ptmc_accept,1.0000000000
METRIC,2026-04-12T23:26:51Z,190747977899614,3532,btc_qm_engine:btc_ptmc_rep_hot,4.0000000000
METRIC,2026-04-12T23:26:51Z,190747977925104,3532,btc_qm_engine:btc_ptmc_rep_cold,3.0000000000
METRIC,2026-04-12T23:26:51Z,190747977949894,3532,btc_qm_engine:btc_ptmc_accept,-0.9048393810
METRIC,2026-04-12T23:26:51Z,190747977970464,3532,btc_qm_engine:btc_ptmc_rep_hot,5.0000000000
METRIC,2026-04-12T23:26:51Z,190747977990304,3532,btc_qm_engine:btc_ptmc_rep_cold,4.0000000000
METRIC,2026-04-12T23:26:51Z,190747978061254,3532,btc_qm_engine:btc_ptmc_accept,1.0000000000
METRIC,2026-04-12T23:26:51Z,190747978091074,3532,btc_qm_engine:btc_ptmc_rep_hot,6.0000000000
METRIC,2026-04-12T23:26:51Z,190747978115254,3532,btc_qm_engine:btc_ptmc_rep_cold,5.0000000000
METRIC,2026-04-12T23:26:51Z,190747978161414,3532,btc_qm_engine:btc_ptmc_accept,1.0000000000
METRIC,2026-04-12T23:26:51Z,190747978192494,3532,btc_qm_engine:btc_ptmc_rep_hot,7.0000000000
METRIC,2026-04-12T23:26:51Z,190747978211374,3532,btc_qm_engine:btc_ptmc_rep_cold,6.0000000000
METRIC,2026-04-12T23:26:51Z,190747978230084,3532,btc_qm_engine:btc_ptmc_accept,1.0000000000
METRIC,2026-04-12T23:26:51Z,190748078759398,3532,btc_qm_engine:btc_ptmc_rep_hot,1.0000000000
METRIC,2026-04-12T23:26:51Z,190748078841058,3532,btc_qm_engine:btc_ptmc_rep_cold,0.0000000000
METRIC,2026-04-12T23:26:51Z,190748078867048,3532,btc_qm_engine:btc_ptmc_accept,1.0000000000
METRIC,2026-04-12T23:26:51Z,190748078909388,3532,btc_qm_engine:btc_ptmc_rep_hot,2.0000000000
METRIC,2026-04-12T23:26:51Z,190748078934218,3532,btc_qm_engine:btc_ptmc_rep_cold,1.0000000000
METRIC,2026-04-12T23:26:51Z,190748078958678,3532,btc_qm_engine:btc_ptmc_accept,1.0000000000
METRIC,2026-04-12T23:26:51Z,190748078993338,3532,btc_qm_engine:btc_ptmc_rep_hot,3.0000000000
METRIC,2026-04-12T23:26:51Z,190748079056908,3532,btc_qm_engine:btc_ptmc_rep_cold,2.0000000000
METRIC,2026-04-12T23:26:51Z,190748079081518,3532,btc_qm_engine:btc_ptmc_accept,1.0000000000
METRIC,2026-04-12T23:26:51Z,190748079110158,3532,btc_qm_engine:btc_ptmc_rep_hot,4.0000000000
METRIC,2026-04-12T23:26:51Z,190748079134678,3532,btc_qm_engine:btc_ptmc_rep_cold,3.0000000000
METRIC,2026-04-12T23:26:51Z,190748079159208,3532,btc_qm_engine:btc_ptmc_accept,1.0000000000
METRIC,2026-04-12T23:26:51Z,190748079239448,3532,btc_qm_engine:btc_ptmc_rep_hot,5.0000000000
METRIC,2026-04-12T23:26:51Z,190748079325738,3532,btc_qm_engine:btc_ptmc_rep_cold,4.0000000000
METRIC,2026-04-12T23:26:51Z,190748079350348,3532,btc_qm_engine:btc_ptmc_accept,1.0000000000
METRIC,2026-04-12T23:26:51Z,190748079402618,3532,btc_qm_engine:btc_ptmc_rep_hot,6.0000000000
METRIC,2026-04-12T23:26:51Z,190748079427498,3532,btc_qm_engine:btc_ptmc_rep_cold,5.0000000000
METRIC,2026-04-12T23:26:51Z,190748079459788,3532,btc_qm_engine:btc_ptmc_accept,1.0000000000
METRIC,2026-04-12T23:26:51Z,190748079495898,3532,btc_qm_engine:btc_ptmc_rep_hot,7.0000000000
METRIC,2026-04-12T23:26:51Z,190748079519268,3532,btc_qm_engine:btc_ptmc_rep_cold,6.0000000000
METRIC,2026-04-12T23:26:51Z,190748079560208,3532,btc_qm_engine:btc_ptmc_accept,1.0000000000
METRIC,2026-04-12T23:26:51Z,190748184722861,3532,btc_qm_engine:btc_ptmc_rep_hot,1.0000000000
METRIC,2026-04-12T23:26:51Z,190748184807911,3532,btc_qm_engine:btc_ptmc_rep_cold,0.0000000000
METRIC,2026-04-12T23:26:51Z,190748184834011,3532,btc_qm_engine:btc_ptmc_accept,-0.5135063048
METRIC,2026-04-12T23:26:51Z,190748184869031,3532,btc_qm_engine:btc_ptmc_rep_hot,2.0000000000
METRIC,2026-04-12T23:26:51Z,190748184894461,3532,btc_qm_engine:btc_ptmc_rep_cold,1.0000000000
METRIC,2026-04-12T23:26:51Z,190748184919121,3532,btc_qm_engine:btc_ptmc_accept,1.0000000000
METRIC,2026-04-12T23:26:51Z,190748184950021,3532,btc_qm_engine:btc_ptmc_rep_hot,3.0000000000
METRIC,2026-04-12T23:26:51Z,190748184973911,3532,btc_qm_engine:btc_ptmc_rep_cold,2.0000000000
METRIC,2026-04-12T23:26:51Z,190748185048911,3532,btc_qm_engine:btc_ptmc_accept,1.0000000000
METRIC,2026-04-12T23:26:51Z,190748185083821,3532,btc_qm_engine:btc_ptmc_rep_hot,4.0000000000
METRIC,2026-04-12T23:26:51Z,190748185108141,3532,btc_qm_engine:btc_ptmc_rep_cold,3.0000000000
METRIC,2026-04-12T23:26:51Z,190748185133441,3532,btc_qm_engine:btc_ptmc_accept,1.0000000000
METRIC,2026-04-12T23:26:51Z,190748185167061,3532,btc_qm_engine:btc_ptmc_rep_hot,5.0000000000
METRIC,2026-04-12T23:26:51Z,190748185191241,3532,btc_qm_engine:btc_ptmc_rep_cold,4.0000000000
METRIC,2026-04-12T23:26:51Z,190748185214531,3532,btc_qm_engine:btc_ptmc_accept,1.0000000000
METRIC,2026-04-12T23:26:51Z,190748185241571,3532,btc_qm_engine:btc_ptmc_rep_hot,6.0000000000
METRIC,2026-04-12T23:26:51Z,190748185266521,3532,btc_qm_engine:btc_ptmc_rep_cold,5.0000000000
METRIC,2026-04-12T23:26:51Z,190748185290391,3532,btc_qm_engine:btc_ptmc_accept,1.0000000000
METRIC,2026-04-12T23:26:51Z,190748185316341,3532,btc_qm_engine:btc_ptmc_rep_hot,7.0000000000
METRIC,2026-04-12T23:26:51Z,190748185372791,3532,btc_qm_engine:btc_ptmc_rep_cold,6.0000000000
METRIC,2026-04-12T23:26:51Z,190748185397561,3532,btc_qm_engine:btc_ptmc_accept,1.0000000000
METRIC,2026-04-12T23:26:51Z,190748292274324,3532,btc_qm_engine:btc_ptmc_rep_hot,1.0000000000
METRIC,2026-04-12T23:26:51Z,190748292347934,3532,btc_qm_engine:btc_ptmc_rep_cold,0.0000000000
METRIC,2026-04-12T23:26:51Z,190748292379004,3532,btc_qm_engine:btc_ptmc_accept,1.0000000000
METRIC,2026-04-12T23:26:51Z,190748292400584,3532,btc_qm_engine:btc_ptmc_rep_hot,2.0000000000
METRIC,2026-04-12T23:26:51Z,190748292419944,3532,btc_qm_engine:btc_ptmc_rep_cold,1.0000000000
METRIC,2026-04-12T23:26:51Z,190748292438964,3532,btc_qm_engine:btc_ptmc_accept,1.0000000000
METRIC,2026-04-12T23:26:51Z,190748292461774,3532,btc_qm_engine:btc_ptmc_rep_hot,3.0000000000
METRIC,2026-04-12T23:26:51Z,190748292480804,3532,btc_qm_engine:btc_ptmc_rep_cold,2.0000000000
METRIC,2026-04-12T23:26:51Z,190748292499834,3532,btc_qm_engine:btc_ptmc_accept,1.0000000000
METRIC,2026-04-12T23:26:51Z,190748292518874,3532,btc_qm_engine:btc_ptmc_rep_hot,4.0000000000
METRIC,2026-04-12T23:26:51Z,190748292537774,3532,btc_qm_engine:btc_ptmc_rep_cold,3.0000000000
METRIC,2026-04-12T23:26:51Z,190748292556764,3532,btc_qm_engine:btc_ptmc_accept,1.0000000000
METRIC,2026-04-12T23:26:51Z,190748292577194,3532,btc_qm_engine:btc_ptmc_rep_hot,5.0000000000
METRIC,2026-04-12T23:26:51Z,190748292606474,3532,btc_qm_engine:btc_ptmc_rep_cold,4.0000000000
METRIC,2026-04-12T23:26:51Z,190748292634694,3532,btc_qm_engine:btc_ptmc_accept,0.9394130628
METRIC,2026-04-12T23:26:51Z,190748292657244,3532,btc_qm_engine:btc_ptmc_rep_hot,6.0000000000
METRIC,2026-04-12T23:26:51Z,190748292676674,3532,btc_qm_engine:btc_ptmc_rep_cold,5.0000000000
METRIC,2026-04-12T23:26:51Z,190748292695514,3532,btc_qm_engine:btc_ptmc_accept,0.9642895790
METRIC,2026-04-12T23:26:51Z,190748292716464,3532,btc_qm_engine:btc_ptmc_rep_hot,7.0000000000
METRIC,2026-04-12T23:26:51Z,190748292735524,3532,btc_qm_engine:btc_ptmc_rep_cold,6.0000000000
METRIC,2026-04-12T23:26:51Z,190748292759354,3532,btc_qm_engine:btc_ptmc_accept,1.0000000000
METRIC,2026-04-12T23:26:51Z,190748394164528,3532,btc_qm_engine:btc_hashrate_mhs,0.9660017257
METRIC,2026-04-12T23:26:51Z,190748394259478,3532,btc_qm_engine:btc_hashrate_thread_id,5.0000000000
METRIC,2026-04-12T23:26:51Z,190748395994428,3532,btc_qm_engine:btc_ptmc_rep_hot,1.0000000000
METRIC,2026-04-12T23:26:51Z,190748396087898,3532,btc_qm_engine:btc_ptmc_rep_cold,0.0000000000
METRIC,2026-04-12T23:26:51Z,190748396114908,3532,btc_qm_engine:btc_ptmc_accept,1.0000000000
METRIC,2026-04-12T23:26:51Z,190748396144678,3532,btc_qm_engine:btc_ptmc_rep_hot,2.0000000000
METRIC,2026-04-12T23:26:51Z,190748396170568,3532,btc_qm_engine:btc_ptmc_rep_cold,1.0000000000
METRIC,2026-04-12T23:26:51Z,190748396194138,3532,btc_qm_engine:btc_ptmc_accept,1.0000000000
METRIC,2026-04-12T23:26:51Z,190748396221668,3532,btc_qm_engine:btc_ptmc_rep_hot,3.0000000000
METRIC,2026-04-12T23:26:51Z,190748396245928,3532,btc_qm_engine:btc_ptmc_rep_cold,2.0000000000
METRIC,2026-04-12T23:26:51Z,190748396270598,3532,btc_qm_engine:btc_ptmc_accept,1.0000000000
METRIC,2026-04-12T23:26:51Z,190748396306128,3532,btc_qm_engine:btc_ptmc_rep_hot,4.0000000000
METRIC,2026-04-12T23:26:51Z,190748396356168,3532,btc_qm_engine:btc_ptmc_rep_cold,3.0000000000
METRIC,2026-04-12T23:26:51Z,190748396379798,3532,btc_qm_engine:btc_ptmc_accept,0.9048338808
METRIC,2026-04-12T23:26:51Z,190748396409988,3532,btc_qm_engine:btc_ptmc_rep_hot,5.0000000000
METRIC,2026-04-12T23:26:51Z,190748396435698,3532,btc_qm_engine:btc_ptmc_rep_cold,4.0000000000
METRIC,2026-04-12T23:26:51Z,190748396459088,3532,btc_qm_engine:btc_ptmc_accept,1.0000000000
METRIC,2026-04-12T23:26:51Z,190748396490978,3532,btc_qm_engine:btc_ptmc_rep_hot,6.0000000000
METRIC,2026-04-12T23:26:51Z,190748396516508,3532,btc_qm_engine:btc_ptmc_rep_cold,5.0000000000
METRIC,2026-04-12T23:26:51Z,190748396539818,3532,btc_qm_engine:btc_ptmc_accept,0.8966475098
METRIC,2026-04-12T23:26:51Z,190748396570518,3532,btc_qm_engine:btc_ptmc_rep_hot,7.0000000000
METRIC,2026-04-12T23:26:51Z,190748396593348,3532,btc_qm_engine:btc_ptmc_rep_cold,6.0000000000
METRIC,2026-04-12T23:26:51Z,190748396617878,3532,btc_qm_engine:btc_ptmc_accept,0.9318449092
METRIC,2026-04-12T23:26:51Z,190748398621318,3532,btc_qm_engine:btc_hashrate_mhs,0.9660596954
METRIC,2026-04-12T23:26:51Z,190748398672508,3532,btc_qm_engine:btc_hashrate_thread_id,1.0000000000
METRIC,2026-04-12T23:26:51Z,190748399581698,3532,btc_qm_engine:btc_hashrate_mhs,0.9661395770
METRIC,2026-04-12T23:26:51Z,190748399637908,3532,btc_qm_engine:btc_hashrate_thread_id,7.0000000000
METRIC,2026-04-12T23:26:51Z,190748400229368,3532,btc_qm_engine:btc_hashrate_mhs,0.9661679846
METRIC,2026-04-12T23:26:51Z,190748400274158,3532,btc_qm_engine:btc_hashrate_thread_id,6.0000000000
METRIC,2026-04-12T23:26:51Z,190748401795167,3532,btc_qm_engine:btc_nx48_delta_nonce_old,2.1184446846
METRIC,2026-04-12T23:26:51Z,190748401834667,3532,btc_qm_engine:btc_nx48_delta_nonce_new,2.2511160476
METRIC,2026-04-12T23:26:51Z,190748401861217,3532,btc_qm_engine:btc_nx48_batch_old,4.0000000000
METRIC,2026-04-12T23:26:51Z,190748401886657,3532,btc_qm_engine:btc_nx48_batch_new,4.0000000000
METRIC,2026-04-12T23:26:51Z,190748401910837,3532,btc_qm_engine:btc_nx48_loss,0.6610571298
METRIC,2026-04-12T23:26:51Z,190748401935907,3532,btc_qm_engine:btc_nx48_grad_norm,0.6974281442
METRIC,2026-04-12T23:26:51Z,190748401961557,3532,btc_qm_engine:btc_nx48_update_count,44.0000000000
METRIC,2026-04-12T23:26:51Z,190748401987167,3532,btc_qm_engine:btc_nx48_exploration_bias,0.4891682707
METRIC,2026-04-12T23:26:51Z,190748402025917,3532,btc_qm_engine:btc_hashrate_mhs,0.9661333047
METRIC,2026-04-12T23:26:51Z,190748402049837,3532,btc_qm_engine:btc_hashrate_thread_id,0.0000000000
METRIC,2026-04-12T23:26:51Z,190748403144467,3532,btc_qm_engine:btc_hashrate_mhs,0.9661862089
METRIC,2026-04-12T23:26:51Z,190748403189647,3532,btc_qm_engine:btc_hashrate_thread_id,2.0000000000
METRIC,2026-04-12T23:26:51Z,190748405824237,3532,btc_qm_engine:btc_hashrate_mhs,0.9661476327
METRIC,2026-04-12T23:26:51Z,190748405872137,3532,btc_qm_engine:btc_hashrate_thread_id,4.0000000000
METRIC,2026-04-12T23:26:51Z,190748407982737,3532,btc_qm_engine:btc_hashrate_mhs,0.9662179316
METRIC,2026-04-12T23:26:51Z,190748408034567,3532,btc_qm_engine:btc_hashrate_thread_id,3.0000000000
METRIC,2026-04-12T23:26:51Z,190748496458041,3532,btc_qm_engine:btc_ptmc_rep_hot,1.0000000000
METRIC,2026-04-12T23:26:51Z,190748496530631,3532,btc_qm_engine:btc_ptmc_rep_cold,0.0000000000
METRIC,2026-04-12T23:26:51Z,190748496557011,3532,btc_qm_engine:btc_ptmc_accept,1.0000000000
METRIC,2026-04-12T23:26:51Z,190748496582031,3532,btc_qm_engine:btc_ptmc_rep_hot,2.0000000000
METRIC,2026-04-12T23:26:51Z,190748496606931,3532,btc_qm_engine:btc_ptmc_rep_cold,1.0000000000
METRIC,2026-04-12T23:26:51Z,190748496631421,3532,btc_qm_engine:btc_ptmc_accept,1.0000000000
METRIC,2026-04-12T23:26:51Z,190748496668871,3532,btc_qm_engine:btc_ptmc_rep_hot,3.0000000000
METRIC,2026-04-12T23:26:51Z,190748496694571,3532,btc_qm_engine:btc_ptmc_rep_cold,2.0000000000
METRIC,2026-04-12T23:26:51Z,190748496719371,3532,btc_qm_engine:btc_ptmc_accept,1.0000000000
METRIC,2026-04-12T23:26:51Z,190748496751691,3532,btc_qm_engine:btc_ptmc_rep_hot,4.0000000000
METRIC,2026-04-12T23:26:51Z,190748496776221,3532,btc_qm_engine:btc_ptmc_rep_cold,3.0000000000
METRIC,2026-04-12T23:26:51Z,190748496845611,3532,btc_qm_engine:btc_ptmc_accept,1.0000000000
METRIC,2026-04-12T23:26:51Z,190748496876771,3532,btc_qm_engine:btc_ptmc_rep_hot,5.0000000000
METRIC,2026-04-12T23:26:51Z,190748496900991,3532,btc_qm_engine:btc_ptmc_rep_cold,4.0000000000
METRIC,2026-04-12T23:26:51Z,190748496925321,3532,btc_qm_engine:btc_ptmc_accept,1.0000000000
METRIC,2026-04-12T23:26:51Z,190748496960191,3532,btc_qm_engine:btc_ptmc_rep_hot,6.0000000000
METRIC,2026-04-12T23:26:51Z,190748496987291,3532,btc_qm_engine:btc_ptmc_rep_cold,5.0000000000
METRIC,2026-04-12T23:26:51Z,190748497057991,3532,btc_qm_engine:btc_ptmc_accept,1.0000000000
METRIC,2026-04-12T23:26:51Z,190748497086691,3532,btc_qm_engine:btc_ptmc_rep_hot,7.0000000000
METRIC,2026-04-12T23:26:51Z,190748497110961,3532,btc_qm_engine:btc_ptmc_rep_cold,6.0000000000
METRIC,2026-04-12T23:26:51Z,190748497135041,3532,btc_qm_engine:btc_ptmc_accept,1.0000000000
METRIC,2026-04-12T23:26:51Z,190748599320625,3532,btc_qm_engine:btc_ptmc_rep_hot,1.0000000000
METRIC,2026-04-12T23:26:51Z,190748599403185,3532,btc_qm_engine:btc_ptmc_rep_cold,0.0000000000
METRIC,2026-04-12T23:26:51Z,190748599430235,3532,btc_qm_engine:btc_ptmc_accept,1.0000000000
METRIC,2026-04-12T23:26:51Z,190748599464505,3532,btc_qm_engine:btc_ptmc_rep_hot,2.0000000000
METRIC,2026-04-12T23:26:51Z,190748599489955,3532,btc_qm_engine:btc_ptmc_rep_cold,1.0000000000
METRIC,2026-04-12T23:26:51Z,190748599515145,3532,btc_qm_engine:btc_ptmc_accept,1.0000000000
METRIC,2026-04-12T23:26:51Z,190748599546795,3532,btc_qm_engine:btc_ptmc_rep_hot,3.0000000000
METRIC,2026-04-12T23:26:51Z,190748599571935,3532,btc_qm_engine:btc_ptmc_rep_cold,2.0000000000
METRIC,2026-04-12T23:26:51Z,190748599597485,3532,btc_qm_engine:btc_ptmc_accept,1.0000000000
METRIC,2026-04-12T23:26:51Z,190748599640635,3532,btc_qm_engine:btc_ptmc_rep_hot,4.0000000000
METRIC,2026-04-12T23:26:51Z,190748599666215,3532,btc_qm_engine:btc_ptmc_rep_cold,3.0000000000
METRIC,2026-04-12T23:26:51Z,190748599691175,3532,btc_qm_engine:btc_ptmc_accept,1.0000000000
METRIC,2026-04-12T23:26:51Z,190748599722215,3532,btc_qm_engine:btc_ptmc_rep_hot,5.0000000000
METRIC,2026-04-12T23:26:51Z,190748599753095,3532,btc_qm_engine:btc_ptmc_rep_cold,4.0000000000
METRIC,2026-04-12T23:26:51Z,190748599778455,3532,btc_qm_engine:btc_ptmc_accept,1.0000000000
METRIC,2026-04-12T23:26:51Z,190748599803525,3532,btc_qm_engine:btc_ptmc_rep_hot,6.0000000000
METRIC,2026-04-12T23:26:51Z,190748599826855,3532,btc_qm_engine:btc_ptmc_rep_cold,5.0000000000
METRIC,2026-04-12T23:26:51Z,190748599850925,3532,btc_qm_engine:btc_ptmc_accept,1.0000000000
METRIC,2026-04-12T23:26:51Z,190748599876975,3532,btc_qm_engine:btc_ptmc_rep_hot,7.0000000000
METRIC,2026-04-12T23:26:51Z,190748599901625,3532,btc_qm_engine:btc_ptmc_rep_cold,6.0000000000
METRIC,2026-04-12T23:26:51Z,190748599925355,3532,btc_qm_engine:btc_ptmc_accept,1.0000000000
METRIC,2026-04-12T23:26:52Z,190748704989678,3532,btc_qm_engine:btc_ptmc_rep_hot,1.0000000000
METRIC,2026-04-12T23:26:52Z,190748705123608,3532,btc_qm_engine:btc_ptmc_rep_cold,0.0000000000
METRIC,2026-04-12T23:26:52Z,190748705156528,3532,btc_qm_engine:btc_ptmc_accept,1.0000000000
METRIC,2026-04-12T23:26:52Z,190748705410998,3532,btc_qm_engine:btc_ptmc_rep_hot,2.0000000000
METRIC,2026-04-12T23:26:52Z,190748705438098,3532,btc_qm_engine:btc_ptmc_rep_cold,1.0000000000
METRIC,2026-04-12T23:26:52Z,190748705461608,3532,btc_qm_engine:btc_ptmc_accept,1.0000000000
METRIC,2026-04-12T23:26:52Z,190748705493358,3532,btc_qm_engine:btc_ptmc_rep_hot,3.0000000000
METRIC,2026-04-12T23:26:52Z,190748705517998,3532,btc_qm_engine:btc_ptmc_rep_cold,2.0000000000
METRIC,2026-04-12T23:26:52Z,190748705548188,3532,btc_qm_engine:btc_ptmc_accept,1.0000000000
METRIC,2026-04-12T23:26:52Z,190748705590158,3532,btc_qm_engine:btc_ptmc_rep_hot,4.0000000000
METRIC,2026-04-12T23:26:52Z,190748705613998,3532,btc_qm_engine:btc_ptmc_rep_cold,3.0000000000
METRIC,2026-04-12T23:26:52Z,190748705637468,3532,btc_qm_engine:btc_ptmc_accept,0.8187343053
METRIC,2026-04-12T23:26:52Z,190748705668078,3532,btc_qm_engine:btc_ptmc_rep_hot,5.0000000000
METRIC,2026-04-12T23:26:52Z,190748705709458,3532,btc_qm_engine:btc_ptmc_rep_cold,4.0000000000
METRIC,2026-04-12T23:26:52Z,190748705732748,3532,btc_qm_engine:btc_ptmc_accept,0.8290312258
METRIC,2026-04-12T23:26:52Z,190748705762258,3532,btc_qm_engine:btc_ptmc_rep_hot,6.0000000000
METRIC,2026-04-12T23:26:52Z,190748705785638,3532,btc_qm_engine:btc_ptmc_rep_cold,5.0000000000
METRIC,2026-04-12T23:26:52Z,190748705808988,3532,btc_qm_engine:btc_ptmc_accept,1.0000000000
METRIC,2026-04-12T23:26:52Z,190748705842608,3532,btc_qm_engine:btc_ptmc_rep_hot,7.0000000000
METRIC,2026-04-12T23:26:52Z,190748705866128,3532,btc_qm_engine:btc_ptmc_rep_cold,6.0000000000
METRIC,2026-04-12T23:26:52Z,190748705889358,3532,btc_qm_engine:btc_ptmc_accept,0.9101739059
METRIC,2026-04-12T23:26:52Z,190748809986751,3532,btc_qm_engine:btc_ptmc_rep_hot,1.0000000000
METRIC,2026-04-12T23:26:52Z,190748810077081,3532,btc_qm_engine:btc_ptmc_rep_cold,0.0000000000
METRIC,2026-04-12T23:26:52Z,190748810102321,3532,btc_qm_engine:btc_ptmc_accept,1.0000000000
METRIC,2026-04-12T23:26:52Z,190748810126271,3532,btc_qm_engine:btc_ptmc_rep_hot,2.0000000000
METRIC,2026-04-12T23:26:52Z,190748810149671,3532,btc_qm_engine:btc_ptmc_rep_cold,1.0000000000
METRIC,2026-04-12T23:26:52Z,190748810172951,3532,btc_qm_engine:btc_ptmc_accept,1.0000000000
METRIC,2026-04-12T23:26:52Z,190748810196421,3532,btc_qm_engine:btc_ptmc_rep_hot,3.0000000000
METRIC,2026-04-12T23:26:52Z,190748810219651,3532,btc_qm_engine:btc_ptmc_rep_cold,2.0000000000
METRIC,2026-04-12T23:26:52Z,190748810242961,3532,btc_qm_engine:btc_ptmc_accept,1.0000000000
METRIC,2026-04-12T23:26:52Z,190748810266271,3532,btc_qm_engine:btc_ptmc_rep_hot,4.0000000000
METRIC,2026-04-12T23:26:52Z,190748810289371,3532,btc_qm_engine:btc_ptmc_rep_cold,3.0000000000
METRIC,2026-04-12T23:26:52Z,190748810312751,3532,btc_qm_engine:btc_ptmc_accept,1.0000000000
METRIC,2026-04-12T23:26:52Z,190748810336121,3532,btc_qm_engine:btc_ptmc_rep_hot,5.0000000000
METRIC,2026-04-12T23:26:52Z,190748810359261,3532,btc_qm_engine:btc_ptmc_rep_cold,4.0000000000
METRIC,2026-04-12T23:26:52Z,190748810382421,3532,btc_qm_engine:btc_ptmc_accept,1.0000000000
METRIC,2026-04-12T23:26:52Z,190748810409351,3532,btc_qm_engine:btc_ptmc_rep_hot,6.0000000000
METRIC,2026-04-12T23:26:52Z,190748810434261,3532,btc_qm_engine:btc_ptmc_rep_cold,5.0000000000
METRIC,2026-04-12T23:26:52Z,190748810458611,3532,btc_qm_engine:btc_ptmc_accept,1.0000000000
METRIC,2026-04-12T23:26:52Z,190748810485891,3532,btc_qm_engine:btc_ptmc_rep_hot,7.0000000000
METRIC,2026-04-12T23:26:52Z,190748810510551,3532,btc_qm_engine:btc_ptmc_rep_cold,6.0000000000
METRIC,2026-04-12T23:26:52Z,190748810534141,3532,btc_qm_engine:btc_ptmc_accept,1.0000000000
METRIC,2026-04-12T23:26:52Z,190748911377585,3532,btc_qm_engine:btc_ptmc_rep_hot,1.0000000000
METRIC,2026-04-12T23:26:52Z,190748911451645,3532,btc_qm_engine:btc_ptmc_rep_cold,0.0000000000
METRIC,2026-04-12T23:26:52Z,190748911479325,3532,btc_qm_engine:btc_ptmc_accept,1.0000000000
METRIC,2026-04-12T23:26:52Z,190748911512125,3532,btc_qm_engine:btc_ptmc_rep_hot,2.0000000000
METRIC,2026-04-12T23:26:52Z,190748911538375,3532,btc_qm_engine:btc_ptmc_rep_cold,1.0000000000
METRIC,2026-04-12T23:26:52Z,190748911560905,3532,btc_qm_engine:btc_ptmc_accept,-0.7165624298
METRIC,2026-04-12T23:26:52Z,190748911595665,3532,btc_qm_engine:btc_ptmc_rep_hot,3.0000000000
METRIC,2026-04-12T23:26:52Z,190748911618365,3532,btc_qm_engine:btc_ptmc_rep_cold,2.0000000000
METRIC,2026-04-12T23:26:52Z,190748911637675,3532,btc_qm_engine:btc_ptmc_accept,1.0000000000
METRIC,2026-04-12T23:26:52Z,190748911660305,3532,btc_qm_engine:btc_ptmc_rep_hot,4.0000000000
METRIC,2026-04-12T23:26:52Z,190748911679445,3532,btc_qm_engine:btc_ptmc_rep_cold,3.0000000000
METRIC,2026-04-12T23:26:52Z,190748911699225,3532,btc_qm_engine:btc_ptmc_accept,1.0000000000
METRIC,2026-04-12T23:26:52Z,190748911724245,3532,btc_qm_engine:btc_ptmc_rep_hot,5.0000000000
METRIC,2026-04-12T23:26:52Z,190748911756475,3532,btc_qm_engine:btc_ptmc_rep_cold,4.0000000000
METRIC,2026-04-12T23:26:52Z,190748911781425,3532,btc_qm_engine:btc_ptmc_accept,1.0000000000
METRIC,2026-04-12T23:26:52Z,190748911844685,3532,btc_qm_engine:btc_ptmc_rep_hot,6.0000000000
METRIC,2026-04-12T23:26:52Z,190748911871085,3532,btc_qm_engine:btc_ptmc_rep_cold,5.0000000000
METRIC,2026-04-12T23:26:52Z,190748911895795,3532,btc_qm_engine:btc_ptmc_accept,1.0000000000
METRIC,2026-04-12T23:26:52Z,190748912073115,3532,btc_qm_engine:btc_ptmc_rep_hot,7.0000000000
METRIC,2026-04-12T23:26:52Z,190748912098615,3532,btc_qm_engine:btc_ptmc_rep_cold,6.0000000000
METRIC,2026-04-12T23:26:52Z,190748912118075,3532,btc_qm_engine:btc_ptmc_accept,1.0000000000
METRIC,2026-04-12T23:26:52Z,190749013436518,3532,btc_qm_engine:btc_ptmc_rep_hot,1.0000000000
METRIC,2026-04-12T23:26:52Z,190749013513928,3532,btc_qm_engine:btc_ptmc_rep_cold,0.0000000000
METRIC,2026-04-12T23:26:52Z,190749013541388,3532,btc_qm_engine:btc_ptmc_accept,1.0000000000
METRIC,2026-04-12T23:26:52Z,190749013573728,3532,btc_qm_engine:btc_ptmc_rep_hot,2.0000000000
METRIC,2026-04-12T23:26:52Z,190749013600638,3532,btc_qm_engine:btc_ptmc_rep_cold,1.0000000000
METRIC,2026-04-12T23:26:52Z,190749013625378,3532,btc_qm_engine:btc_ptmc_accept,1.0000000000
METRIC,2026-04-12T23:26:52Z,190749013657748,3532,btc_qm_engine:btc_ptmc_rep_hot,3.0000000000
METRIC,2026-04-12T23:26:52Z,190749013684038,3532,btc_qm_engine:btc_ptmc_rep_cold,2.0000000000
METRIC,2026-04-12T23:26:52Z,190749013709178,3532,btc_qm_engine:btc_ptmc_accept,1.0000000000
METRIC,2026-04-12T23:26:52Z,190749013743528,3532,btc_qm_engine:btc_ptmc_rep_hot,4.0000000000
METRIC,2026-04-12T23:26:52Z,190749013769218,3532,btc_qm_engine:btc_ptmc_rep_cold,3.0000000000
METRIC,2026-04-12T23:26:52Z,190749013795348,3532,btc_qm_engine:btc_ptmc_accept,1.0000000000
METRIC,2026-04-12T23:26:52Z,190749013823858,3532,btc_qm_engine:btc_ptmc_rep_hot,5.0000000000
METRIC,2026-04-12T23:26:52Z,190749013848828,3532,btc_qm_engine:btc_ptmc_rep_cold,4.0000000000
METRIC,2026-04-12T23:26:52Z,190749013878168,3532,btc_qm_engine:btc_ptmc_accept,1.0000000000
METRIC,2026-04-12T23:26:52Z,190749013911638,3532,btc_qm_engine:btc_ptmc_rep_hot,6.0000000000
METRIC,2026-04-12T23:26:52Z,190749013930698,3532,btc_qm_engine:btc_ptmc_rep_cold,5.0000000000
METRIC,2026-04-12T23:26:52Z,190749013949668,3532,btc_qm_engine:btc_ptmc_accept,1.0000000000
METRIC,2026-04-12T23:26:52Z,190749013973728,3532,btc_qm_engine:btc_ptmc_rep_hot,7.0000000000
METRIC,2026-04-12T23:26:52Z,190749014013778,3532,btc_qm_engine:btc_ptmc_rep_cold,6.0000000000
METRIC,2026-04-12T23:26:52Z,190749014039478,3532,btc_qm_engine:btc_ptmc_accept,1.0000000000
METRIC,2026-04-12T23:26:52Z,190749140052470,3532,btc_qm_engine:btc_ptmc_rep_hot,1.0000000000
METRIC,2026-04-12T23:26:52Z,190749140134850,3532,btc_qm_engine:btc_ptmc_rep_cold,0.0000000000
METRIC,2026-04-12T23:26:52Z,190749140161460,3532,btc_qm_engine:btc_ptmc_accept,0.2635971381
METRIC,2026-04-12T23:26:52Z,190749140186520,3532,btc_qm_engine:btc_ptmc_rep_hot,2.0000000000
METRIC,2026-04-12T23:26:52Z,190749140210930,3532,btc_qm_engine:btc_ptmc_rep_cold,1.0000000000
METRIC,2026-04-12T23:26:52Z,190749140235820,3532,btc_qm_engine:btc_ptmc_accept,0.7165001846
METRIC,2026-04-12T23:26:52Z,190749140260160,3532,btc_qm_engine:btc_ptmc_rep_hot,3.0000000000
METRIC,2026-04-12T23:26:52Z,190749140295700,3532,btc_qm_engine:btc_ptmc_rep_cold,2.0000000000
METRIC,2026-04-12T23:26:52Z,190749140333710,3532,btc_qm_engine:btc_ptmc_accept,1.0000000000
METRIC,2026-04-12T23:26:52Z,190749140379890,3532,btc_qm_engine:btc_ptmc_rep_hot,4.0000000000
METRIC,2026-04-12T23:26:52Z,190749140403890,3532,btc_qm_engine:btc_ptmc_rep_cold,3.0000000000
METRIC,2026-04-12T23:26:52Z,190749140428820,3532,btc_qm_engine:btc_ptmc_accept,1.0000000000
METRIC,2026-04-12T23:26:52Z,190749140467180,3532,btc_qm_engine:btc_ptmc_rep_hot,5.0000000000
METRIC,2026-04-12T23:26:52Z,190749140493590,3532,btc_qm_engine:btc_ptmc_rep_cold,4.0000000000
METRIC,2026-04-12T23:26:52Z,190749140517800,3532,btc_qm_engine:btc_ptmc_accept,0.9394116283
METRIC,2026-04-12T23:26:52Z,190749140552090,3532,btc_qm_engine:btc_ptmc_rep_hot,6.0000000000
METRIC,2026-04-12T23:26:52Z,190749140573390,3532,btc_qm_engine:btc_ptmc_rep_cold,5.0000000000
METRIC,2026-04-12T23:26:52Z,190749140615210,3532,btc_qm_engine:btc_ptmc_accept,1.0000000000
METRIC,2026-04-12T23:26:52Z,190749140651210,3532,btc_qm_engine:btc_ptmc_rep_hot,7.0000000000
METRIC,2026-04-12T23:26:52Z,190749140676040,3532,btc_qm_engine:btc_ptmc_rep_cold,6.0000000000
METRIC,2026-04-12T23:26:52Z,190749140699140,3532,btc_qm_engine:btc_ptmc_accept,1.0000000000
METRIC,2026-04-12T23:26:52Z,190749241124184,3532,btc_qm_engine:btc_ptmc_rep_hot,1.0000000000
METRIC,2026-04-12T23:26:52Z,190749241200494,3532,btc_qm_engine:btc_ptmc_rep_cold,0.0000000000
METRIC,2026-04-12T23:26:52Z,190749241227224,3532,btc_qm_engine:btc_ptmc_accept,-0.2636887251
METRIC,2026-04-12T23:26:52Z,190749241253594,3532,btc_qm_engine:btc_ptmc_rep_hot,2.0000000000
METRIC,2026-04-12T23:26:52Z,190749241278514,3532,btc_qm_engine:btc_ptmc_rep_cold,1.0000000000
METRIC,2026-04-12T23:26:52Z,190749241303194,3532,btc_qm_engine:btc_ptmc_accept,1.0000000000
METRIC,2026-04-12T23:26:52Z,190749241328944,3532,btc_qm_engine:btc_ptmc_rep_hot,3.0000000000
METRIC,2026-04-12T23:26:52Z,190749241366434,3532,btc_qm_engine:btc_ptmc_rep_cold,2.0000000000
METRIC,2026-04-12T23:26:52Z,190749241401454,3532,btc_qm_engine:btc_ptmc_accept,1.0000000000
METRIC,2026-04-12T23:26:52Z,190749241435554,3532,btc_qm_engine:btc_ptmc_rep_hot,4.0000000000
METRIC,2026-04-12T23:26:52Z,190749241460084,3532,btc_qm_engine:btc_ptmc_rep_cold,3.0000000000
METRIC,2026-04-12T23:26:52Z,190749241484574,3532,btc_qm_engine:btc_ptmc_accept,1.0000000000
METRIC,2026-04-12T23:26:52Z,190749241515444,3532,btc_qm_engine:btc_ptmc_rep_hot,5.0000000000
METRIC,2026-04-12T23:26:52Z,190749241549644,3532,btc_qm_engine:btc_ptmc_rep_cold,4.0000000000
METRIC,2026-04-12T23:26:52Z,190749241573924,3532,btc_qm_engine:btc_ptmc_accept,1.0000000000
METRIC,2026-04-12T23:26:52Z,190749241603614,3532,btc_qm_engine:btc_ptmc_rep_hot,6.0000000000
METRIC,2026-04-12T23:26:52Z,190749241628484,3532,btc_qm_engine:btc_ptmc_rep_cold,5.0000000000
METRIC,2026-04-12T23:26:52Z,190749241653234,3532,btc_qm_engine:btc_ptmc_accept,1.0000000000
METRIC,2026-04-12T23:26:52Z,190749241678374,3532,btc_qm_engine:btc_ptmc_rep_hot,7.0000000000
METRIC,2026-04-12T23:26:52Z,190749241702784,3532,btc_qm_engine:btc_ptmc_rep_cold,6.0000000000
METRIC,2026-04-12T23:26:52Z,190749241727894,3532,btc_qm_engine:btc_ptmc_accept,1.0000000000
METRIC,2026-04-12T23:26:52Z,190749341729157,3532,btc_qm_engine:btc_ptmc_rep_hot,1.0000000000
METRIC,2026-04-12T23:26:52Z,190749341808157,3532,btc_qm_engine:btc_ptmc_rep_cold,0.0000000000
METRIC,2026-04-12T23:26:52Z,190749341834597,3532,btc_qm_engine:btc_ptmc_accept,1.0000000000
METRIC,2026-04-12T23:26:52Z,190749341863077,3532,btc_qm_engine:btc_ptmc_rep_hot,2.0000000000
METRIC,2026-04-12T23:26:52Z,190749341887667,3532,btc_qm_engine:btc_ptmc_rep_cold,1.0000000000
METRIC,2026-04-12T23:26:52Z,190749341912257,3532,btc_qm_engine:btc_ptmc_accept,1.0000000000
METRIC,2026-04-12T23:26:52Z,190749341941557,3532,btc_qm_engine:btc_ptmc_rep_hot,3.0000000000
METRIC,2026-04-12T23:26:52Z,190749341965997,3532,btc_qm_engine:btc_ptmc_rep_cold,2.0000000000
METRIC,2026-04-12T23:26:52Z,190749341995357,3532,btc_qm_engine:btc_ptmc_accept,0.8464766237
METRIC,2026-04-12T23:26:52Z,190749342060077,3532,btc_qm_engine:btc_ptmc_rep_hot,4.0000000000
METRIC,2026-04-12T23:26:52Z,190749342085617,3532,btc_qm_engine:btc_ptmc_rep_cold,3.0000000000
METRIC,2026-04-12T23:26:52Z,190749342108687,3532,btc_qm_engine:btc_ptmc_accept,0.9048354550
METRIC,2026-04-12T23:26:52Z,190749342138977,3532,btc_qm_engine:btc_ptmc_rep_hot,5.0000000000
METRIC,2026-04-12T23:26:52Z,190749342164197,3532,btc_qm_engine:btc_ptmc_rep_cold,4.0000000000
METRIC,2026-04-12T23:26:52Z,190749342187557,3532,btc_qm_engine:btc_ptmc_accept,0.9394122667
METRIC,2026-04-12T23:26:52Z,190749342214497,3532,btc_qm_engine:btc_ptmc_rep_hot,6.0000000000
METRIC,2026-04-12T23:26:52Z,190749342239877,3532,btc_qm_engine:btc_ptmc_rep_cold,5.0000000000
METRIC,2026-04-12T23:26:52Z,190749342264457,3532,btc_qm_engine:btc_ptmc_accept,0.9642893023
METRIC,2026-04-12T23:26:52Z,190749342297397,3532,btc_qm_engine:btc_ptmc_rep_hot,7.0000000000
METRIC,2026-04-12T23:26:52Z,190749342354177,3532,btc_qm_engine:btc_ptmc_rep_cold,6.0000000000
METRIC,2026-04-12T23:26:52Z,190749342378537,3532,btc_qm_engine:btc_ptmc_accept,0.9767446541
HW_SAMPLE,2026-04-12T23:26:52Z,190749383543195,3532,btc_qm_engine:cpu_delta_pct,66.9065
HW_SAMPLE,2026-04-12T23:26:52Z,190749383543195,3532,btc_qm_engine:mem_used_pct,81.1114
HW_SAMPLE,2026-04-12T23:26:52Z,190749383543195,3532,btc_qm_engine:vm_rss_kb,7800
HW_SAMPLE,2026-04-12T23:26:52Z,190749383543195,3532,btc_qm_engine:vm_peak_kb,604968
HW_SAMPLE,2026-04-12T23:26:52Z,190749387054675,3532,btc_qm_engine:cpu_delta_pct,100.0000
HW_SAMPLE,2026-04-12T23:26:52Z,190749387054675,3532,btc_qm_engine:mem_used_pct,81.1114
HW_SAMPLE,2026-04-12T23:26:52Z,190749387054675,3532,btc_qm_engine:vm_rss_kb,7800
HW_SAMPLE,2026-04-12T23:26:52Z,190749387054675,3532,btc_qm_engine:vm_peak_kb,604968
HW_SAMPLE,2026-04-12T23:26:52Z,190749387951274,3532,btc_qm_engine:cpu_delta_pct,0.0000
HW_SAMPLE,2026-04-12T23:26:52Z,190749387951274,3532,btc_qm_engine:mem_used_pct,81.1114
HW_SAMPLE,2026-04-12T23:26:52Z,190749387951274,3532,btc_qm_engine:vm_rss_kb,7800
HW_SAMPLE,2026-04-12T23:26:52Z,190749387951274,3532,btc_qm_engine:vm_peak_kb,604968
HW_SAMPLE,2026-04-12T23:26:52Z,190749389991464,3532,btc_qm_engine:cpu_delta_pct,100.0000
HW_SAMPLE,2026-04-12T23:26:52Z,190749389991464,3532,btc_qm_engine:mem_used_pct,81.1113
HW_SAMPLE,2026-04-12T23:26:52Z,190749389991464,3532,btc_qm_engine:vm_rss_kb,7800
HW_SAMPLE,2026-04-12T23:26:52Z,190749389991464,3532,btc_qm_engine:vm_peak_kb,604968
HW_SAMPLE,2026-04-12T23:26:52Z,190749390852134,3532,btc_qm_engine:cpu_delta_pct,0.0000
HW_SAMPLE,2026-04-12T23:26:52Z,190749390852134,3532,btc_qm_engine:mem_used_pct,81.1113
HW_SAMPLE,2026-04-12T23:26:52Z,190749390852134,3532,btc_qm_engine:vm_rss_kb,7800
HW_SAMPLE,2026-04-12T23:26:52Z,190749390852134,3532,btc_qm_engine:vm_peak_kb,604968
HW_SAMPLE,2026-04-12T23:26:52Z,190749391810584,3532,btc_qm_engine:cpu_delta_pct,100.0000
HW_SAMPLE,2026-04-12T23:26:52Z,190749391810584,3532,btc_qm_engine:mem_used_pct,81.1113
HW_SAMPLE,2026-04-12T23:26:52Z,190749391810584,3532,btc_qm_engine:vm_rss_kb,7800
HW_SAMPLE,2026-04-12T23:26:52Z,190749391810584,3532,btc_qm_engine:vm_peak_kb,604968
HW_SAMPLE,2026-04-12T23:26:52Z,190749397845374,3532,btc_qm_engine:cpu_delta_pct,66.6667
HW_SAMPLE,2026-04-12T23:26:52Z,190749397845374,3532,btc_qm_engine:mem_used_pct,81.1113
HW_SAMPLE,2026-04-12T23:26:52Z,190749397845374,3532,btc_qm_engine:vm_rss_kb,7800
HW_SAMPLE,2026-04-12T23:26:52Z,190749397845374,3532,btc_qm_engine:vm_peak_kb,604968
HW_SAMPLE,2026-04-12T23:26:52Z,190749398911344,3532,btc_qm_engine:cpu_delta_pct,100.0000
HW_SAMPLE,2026-04-12T23:26:52Z,190749398911344,3532,btc_qm_engine:mem_used_pct,81.1113
HW_SAMPLE,2026-04-12T23:26:52Z,190749398911344,3532,btc_qm_engine:vm_rss_kb,7800
HW_SAMPLE,2026-04-12T23:26:52Z,190749398911344,3532,btc_qm_engine:vm_peak_kb,604968
METRIC,2026-04-12T23:26:52Z,190749443802661,3532,btc_qm_engine:btc_ptmc_rep_hot,1.0000000000
METRIC,2026-04-12T23:26:52Z,190749443877181,3532,btc_qm_engine:btc_ptmc_rep_cold,0.0000000000
METRIC,2026-04-12T23:26:52Z,190749443904211,3532,btc_qm_engine:btc_ptmc_accept,1.0000000000
METRIC,2026-04-12T23:26:52Z,190749443934431,3532,btc_qm_engine:btc_ptmc_rep_hot,2.0000000000
METRIC,2026-04-12T23:26:52Z,190749443959271,3532,btc_qm_engine:btc_ptmc_rep_cold,1.0000000000
METRIC,2026-04-12T23:26:52Z,190749443983491,3532,btc_qm_engine:btc_ptmc_accept,1.0000000000
METRIC,2026-04-12T23:26:52Z,190749444055121,3532,btc_qm_engine:btc_ptmc_rep_hot,3.0000000000
METRIC,2026-04-12T23:26:52Z,190749444081111,3532,btc_qm_engine:btc_ptmc_rep_cold,2.0000000000
METRIC,2026-04-12T23:26:52Z,190749444105671,3532,btc_qm_engine:btc_ptmc_accept,1.0000000000
METRIC,2026-04-12T23:26:52Z,190749444138321,3532,btc_qm_engine:btc_ptmc_rep_hot,4.0000000000
METRIC,2026-04-12T23:26:52Z,190749444162791,3532,btc_qm_engine:btc_ptmc_rep_cold,3.0000000000
METRIC,2026-04-12T23:26:52Z,190749444187001,3532,btc_qm_engine:btc_ptmc_accept,1.0000000000
METRIC,2026-04-12T23:26:52Z,190749444221891,3532,btc_qm_engine:btc_ptmc_rep_hot,5.0000000000
METRIC,2026-04-12T23:26:52Z,190749444268801,3532,btc_qm_engine:btc_ptmc_rep_cold,4.0000000000
METRIC,2026-04-12T23:26:52Z,190749444290181,3532,btc_qm_engine:btc_ptmc_accept,1.0000000000
METRIC,2026-04-12T23:26:52Z,190749444313141,3532,btc_qm_engine:btc_ptmc_rep_hot,6.0000000000
METRIC,2026-04-12T23:26:52Z,190749444338221,3532,btc_qm_engine:btc_ptmc_rep_cold,5.0000000000
METRIC,2026-04-12T23:26:52Z,190749444362061,3532,btc_qm_engine:btc_ptmc_accept,1.0000000000
METRIC,2026-04-12T23:26:52Z,190749444394661,3532,btc_qm_engine:btc_ptmc_rep_hot,7.0000000000
METRIC,2026-04-12T23:26:52Z,190749444420261,3532,btc_qm_engine:btc_ptmc_rep_cold,6.0000000000
METRIC,2026-04-12T23:26:52Z,190749444445051,3532,btc_qm_engine:btc_ptmc_accept,1.0000000000
METRIC,2026-04-12T23:26:52Z,190749548850684,3532,btc_qm_engine:btc_ptmc_rep_hot,1.0000000000
METRIC,2026-04-12T23:26:52Z,190749548934094,3532,btc_qm_engine:btc_ptmc_rep_cold,0.0000000000
METRIC,2026-04-12T23:26:52Z,190749548960004,3532,btc_qm_engine:btc_ptmc_accept,1.0000000000
METRIC,2026-04-12T23:26:52Z,190749548990434,3532,btc_qm_engine:btc_ptmc_rep_hot,2.0000000000
METRIC,2026-04-12T23:26:52Z,190749549061614,3532,btc_qm_engine:btc_ptmc_rep_cold,1.0000000000
METRIC,2026-04-12T23:26:52Z,190749549106724,3532,btc_qm_engine:btc_ptmc_accept,1.0000000000
METRIC,2026-04-12T23:26:52Z,190749549137954,3532,btc_qm_engine:btc_ptmc_rep_hot,3.0000000000
METRIC,2026-04-12T23:26:52Z,190749549162374,3532,btc_qm_engine:btc_ptmc_rep_cold,2.0000000000
METRIC,2026-04-12T23:26:52Z,190749549269254,3532,btc_qm_engine:btc_ptmc_accept,0.8464931860
METRIC,2026-04-12T23:26:52Z,190749549459534,3532,btc_qm_engine:btc_ptmc_rep_hot,4.0000000000
METRIC,2026-04-12T23:26:52Z,190749549484534,3532,btc_qm_engine:btc_ptmc_rep_cold,3.0000000000
METRIC,2026-04-12T23:26:52Z,190749549509014,3532,btc_qm_engine:btc_ptmc_accept,1.0000000000
METRIC,2026-04-12T23:26:52Z,190749549543304,3532,btc_qm_engine:btc_ptmc_rep_hot,5.0000000000
METRIC,2026-04-12T23:26:52Z,190749549581684,3532,btc_qm_engine:btc_ptmc_rep_cold,4.0000000000
METRIC,2026-04-12T23:26:52Z,190749549609104,3532,btc_qm_engine:btc_ptmc_accept,1.0000000000
METRIC,2026-04-12T23:26:52Z,190749549643594,3532,btc_qm_engine:btc_ptmc_rep_hot,6.0000000000
METRIC,2026-04-12T23:26:52Z,190749549668754,3532,btc_qm_engine:btc_ptmc_rep_cold,5.0000000000
METRIC,2026-04-12T23:26:52Z,190749549693254,3532,btc_qm_engine:btc_ptmc_accept,1.0000000000
METRIC,2026-04-12T23:26:52Z,190749549725994,3532,btc_qm_engine:btc_ptmc_rep_hot,7.0000000000
METRIC,2026-04-12T23:26:52Z,190749549755764,3532,btc_qm_engine:btc_ptmc_rep_cold,6.0000000000
METRIC,2026-04-12T23:26:52Z,190749549779974,3532,btc_qm_engine:btc_ptmc_accept,1.0000000000
METRIC,2026-04-12T23:26:52Z,190749649340248,3532,btc_qm_engine:btc_ptmc_rep_hot,1.0000000000
METRIC,2026-04-12T23:26:52Z,190749649427378,3532,btc_qm_engine:btc_ptmc_rep_cold,0.0000000000
METRIC,2026-04-12T23:26:52Z,190749649457048,3532,btc_qm_engine:btc_ptmc_accept,1.0000000000
METRIC,2026-04-12T23:26:52Z,190749649486258,3532,btc_qm_engine:btc_ptmc_rep_hot,2.0000000000
METRIC,2026-04-12T23:26:52Z,190749649510788,3532,btc_qm_engine:btc_ptmc_rep_cold,1.0000000000
METRIC,2026-04-12T23:26:52Z,190749649535338,3532,btc_qm_engine:btc_ptmc_accept,1.0000000000
METRIC,2026-04-12T23:26:52Z,190749649570448,3532,btc_qm_engine:btc_ptmc_rep_hot,3.0000000000
METRIC,2026-04-12T23:26:52Z,190749649594108,3532,btc_qm_engine:btc_ptmc_rep_cold,2.0000000000
METRIC,2026-04-12T23:26:52Z,190749649618778,3532,btc_qm_engine:btc_ptmc_accept,1.0000000000
METRIC,2026-04-12T23:26:52Z,190749649647218,3532,btc_qm_engine:btc_ptmc_rep_hot,4.0000000000
METRIC,2026-04-12T23:26:52Z,190749649671718,3532,btc_qm_engine:btc_ptmc_rep_cold,3.0000000000
METRIC,2026-04-12T23:26:52Z,190749649696398,3532,btc_qm_engine:btc_ptmc_accept,1.0000000000
METRIC,2026-04-12T23:26:52Z,190749649724468,3532,btc_qm_engine:btc_ptmc_rep_hot,5.0000000000
METRIC,2026-04-12T23:26:52Z,190749649748698,3532,btc_qm_engine:btc_ptmc_rep_cold,4.0000000000
METRIC,2026-04-12T23:26:52Z,190749649769218,3532,btc_qm_engine:btc_ptmc_accept,1.0000000000
METRIC,2026-04-12T23:26:52Z,190749649795298,3532,btc_qm_engine:btc_ptmc_rep_hot,6.0000000000
METRIC,2026-04-12T23:26:52Z,190749649820738,3532,btc_qm_engine:btc_ptmc_rep_cold,5.0000000000
METRIC,2026-04-12T23:26:52Z,190749649844558,3532,btc_qm_engine:btc_ptmc_accept,1.0000000000
METRIC,2026-04-12T23:26:52Z,190749649868958,3532,btc_qm_engine:btc_ptmc_rep_hot,7.0000000000
METRIC,2026-04-12T23:26:52Z,190749649894098,3532,btc_qm_engine:btc_ptmc_rep_cold,6.0000000000
METRIC,2026-04-12T23:26:52Z,190749649918538,3532,btc_qm_engine:btc_ptmc_accept,1.0000000000
METRIC,2026-04-12T23:26:53Z,190749758195361,3532,btc_qm_engine:btc_ptmc_rep_hot,1.0000000000
METRIC,2026-04-12T23:26:53Z,190749758318671,3532,btc_qm_engine:btc_ptmc_rep_cold,0.0000000000
METRIC,2026-04-12T23:26:53Z,190749758346031,3532,btc_qm_engine:btc_ptmc_accept,1.0000000000
METRIC,2026-04-12T23:26:53Z,190749758390961,3532,btc_qm_engine:btc_ptmc_rep_hot,2.0000000000
METRIC,2026-04-12T23:26:53Z,190749758416551,3532,btc_qm_engine:btc_ptmc_rep_cold,1.0000000000
METRIC,2026-04-12T23:26:53Z,190749758441511,3532,btc_qm_engine:btc_ptmc_accept,1.0000000000
METRIC,2026-04-12T23:26:53Z,190749758494641,3532,btc_qm_engine:btc_ptmc_rep_hot,3.0000000000
METRIC,2026-04-12T23:26:53Z,190749758530521,3532,btc_qm_engine:btc_ptmc_rep_cold,2.0000000000
METRIC,2026-04-12T23:26:53Z,190749758571001,3532,btc_qm_engine:btc_ptmc_accept,1.0000000000
METRIC,2026-04-12T23:26:53Z,190749758602531,3532,btc_qm_engine:btc_ptmc_rep_hot,4.0000000000
METRIC,2026-04-12T23:26:53Z,190749758627781,3532,btc_qm_engine:btc_ptmc_rep_cold,3.0000000000
METRIC,2026-04-12T23:26:53Z,190749758652431,3532,btc_qm_engine:btc_ptmc_accept,1.0000000000
METRIC,2026-04-12T23:26:53Z,190749758680051,3532,btc_qm_engine:btc_ptmc_rep_hot,5.0000000000
METRIC,2026-04-12T23:26:53Z,190749758705131,3532,btc_qm_engine:btc_ptmc_rep_cold,4.0000000000
METRIC,2026-04-12T23:26:53Z,190749758728501,3532,btc_qm_engine:btc_ptmc_accept,1.0000000000
METRIC,2026-04-12T23:26:53Z,190749758765751,3532,btc_qm_engine:btc_ptmc_rep_hot,6.0000000000
METRIC,2026-04-12T23:26:53Z,190749758791081,3532,btc_qm_engine:btc_ptmc_rep_cold,5.0000000000
METRIC,2026-04-12T23:26:53Z,190749758815911,3532,btc_qm_engine:btc_ptmc_accept,1.0000000000
METRIC,2026-04-12T23:26:53Z,190749758849941,3532,btc_qm_engine:btc_ptmc_rep_hot,7.0000000000
METRIC,2026-04-12T23:26:53Z,190749758874981,3532,btc_qm_engine:btc_ptmc_rep_cold,6.0000000000
METRIC,2026-04-12T23:26:53Z,190749758898941,3532,btc_qm_engine:btc_ptmc_accept,1.0000000000
METRIC,2026-04-12T23:26:53Z,190749863560154,3532,btc_qm_engine:btc_ptmc_rep_hot,1.0000000000
METRIC,2026-04-12T23:26:53Z,190749863642154,3532,btc_qm_engine:btc_ptmc_rep_cold,0.0000000000
METRIC,2026-04-12T23:26:53Z,190749863668684,3532,btc_qm_engine:btc_ptmc_accept,1.0000000000
METRIC,2026-04-12T23:26:53Z,190749863698284,3532,btc_qm_engine:btc_ptmc_rep_hot,2.0000000000
METRIC,2026-04-12T23:26:53Z,190749863722884,3532,btc_qm_engine:btc_ptmc_rep_cold,1.0000000000
METRIC,2026-04-12T23:26:53Z,190749863747734,3532,btc_qm_engine:btc_ptmc_accept,1.0000000000
METRIC,2026-04-12T23:26:53Z,190749863775674,3532,btc_qm_engine:btc_ptmc_rep_hot,3.0000000000
METRIC,2026-04-12T23:26:53Z,190749863800654,3532,btc_qm_engine:btc_ptmc_rep_cold,2.0000000000
METRIC,2026-04-12T23:26:53Z,190749863824284,3532,btc_qm_engine:btc_ptmc_accept,1.0000000000
METRIC,2026-04-12T23:26:53Z,190749863852994,3532,btc_qm_engine:btc_ptmc_rep_hot,4.0000000000
METRIC,2026-04-12T23:26:53Z,190749863877424,3532,btc_qm_engine:btc_ptmc_rep_cold,3.0000000000
METRIC,2026-04-12T23:26:53Z,190749863901914,3532,btc_qm_engine:btc_ptmc_accept,1.0000000000
METRIC,2026-04-12T23:26:53Z,190749863932554,3532,btc_qm_engine:btc_ptmc_rep_hot,5.0000000000
METRIC,2026-04-12T23:26:53Z,190749863956664,3532,btc_qm_engine:btc_ptmc_rep_cold,4.0000000000
METRIC,2026-04-12T23:26:53Z,190749863979734,3532,btc_qm_engine:btc_ptmc_accept,1.0000000000
METRIC,2026-04-12T23:26:53Z,190749864047074,3532,btc_qm_engine:btc_ptmc_rep_hot,6.0000000000
METRIC,2026-04-12T23:26:53Z,190749864074874,3532,btc_qm_engine:btc_ptmc_rep_cold,5.0000000000
METRIC,2026-04-12T23:26:53Z,190749864098194,3532,btc_qm_engine:btc_ptmc_accept,1.0000000000
METRIC,2026-04-12T23:26:53Z,190749864124294,3532,btc_qm_engine:btc_ptmc_rep_hot,7.0000000000
METRIC,2026-04-12T23:26:53Z,190749864149414,3532,btc_qm_engine:btc_ptmc_rep_cold,6.0000000000
METRIC,2026-04-12T23:26:53Z,190749864185854,3532,btc_qm_engine:btc_ptmc_accept,1.0000000000
METRIC,2026-04-12T23:26:53Z,190749966483477,3532,btc_qm_engine:btc_ptmc_rep_hot,1.0000000000
METRIC,2026-04-12T23:26:53Z,190749966567147,3532,btc_qm_engine:btc_ptmc_rep_cold,0.0000000000
METRIC,2026-04-12T23:26:53Z,190749966593777,3532,btc_qm_engine:btc_ptmc_accept,-0.5135063048
METRIC,2026-04-12T23:26:53Z,190749966620557,3532,btc_qm_engine:btc_ptmc_rep_hot,2.0000000000
METRIC,2026-04-12T23:26:53Z,190749966645257,3532,btc_qm_engine:btc_ptmc_rep_cold,1.0000000000
METRIC,2026-04-12T23:26:53Z,190749966669967,3532,btc_qm_engine:btc_ptmc_accept,1.0000000000
METRIC,2026-04-12T23:26:53Z,190749966694517,3532,btc_qm_engine:btc_ptmc_rep_hot,3.0000000000
METRIC,2026-04-12T23:26:53Z,190749966718947,3532,btc_qm_engine:btc_ptmc_rep_cold,2.0000000000
METRIC,2026-04-12T23:26:53Z,190749966742167,3532,btc_qm_engine:btc_ptmc_accept,1.0000000000
METRIC,2026-04-12T23:26:53Z,190749966769177,3532,btc_qm_engine:btc_ptmc_rep_hot,4.0000000000
METRIC,2026-04-12T23:26:53Z,190749966828487,3532,btc_qm_engine:btc_ptmc_rep_cold,3.0000000000
METRIC,2026-04-12T23:26:53Z,190749966853657,3532,btc_qm_engine:btc_ptmc_accept,1.0000000000
METRIC,2026-04-12T23:26:53Z,190749966884157,3532,btc_qm_engine:btc_ptmc_rep_hot,5.0000000000
METRIC,2026-04-12T23:26:53Z,190749966909767,3532,btc_qm_engine:btc_ptmc_rep_cold,4.0000000000
METRIC,2026-04-12T23:26:53Z,190749966934597,3532,btc_qm_engine:btc_ptmc_accept,1.0000000000
METRIC,2026-04-12T23:26:53Z,190749966962767,3532,btc_qm_engine:btc_ptmc_rep_hot,6.0000000000
METRIC,2026-04-12T23:26:53Z,190749966987057,3532,btc_qm_engine:btc_ptmc_rep_cold,5.0000000000
METRIC,2026-04-12T23:26:53Z,190749967071057,3532,btc_qm_engine:btc_ptmc_accept,1.0000000000
METRIC,2026-04-12T23:26:53Z,190749967108177,3532,btc_qm_engine:btc_ptmc_rep_hot,7.0000000000
METRIC,2026-04-12T23:26:53Z,190749967132377,3532,btc_qm_engine:btc_ptmc_rep_cold,6.0000000000
METRIC,2026-04-12T23:26:53Z,190749967156437,3532,btc_qm_engine:btc_ptmc_accept,1.0000000000
METRIC,2026-04-12T23:26:53Z,190750070853361,3532,btc_qm_engine:btc_ptmc_rep_hot,1.0000000000
METRIC,2026-04-12T23:26:53Z,190750070935271,3532,btc_qm_engine:btc_ptmc_rep_cold,0.0000000000
METRIC,2026-04-12T23:26:53Z,190750070962291,3532,btc_qm_engine:btc_ptmc_accept,1.0000000000
METRIC,2026-04-12T23:26:53Z,190750070991871,3532,btc_qm_engine:btc_ptmc_rep_hot,2.0000000000
METRIC,2026-04-12T23:26:53Z,190750071027121,3532,btc_qm_engine:btc_ptmc_rep_cold,1.0000000000
METRIC,2026-04-12T23:26:53Z,190750071051881,3532,btc_qm_engine:btc_ptmc_accept,1.0000000000
METRIC,2026-04-12T23:26:53Z,190750071083521,3532,btc_qm_engine:btc_ptmc_rep_hot,3.0000000000
METRIC,2026-04-12T23:26:53Z,190750071108491,3532,btc_qm_engine:btc_ptmc_rep_cold,2.0000000000
METRIC,2026-04-12T23:26:53Z,190750071133761,3532,btc_qm_engine:btc_ptmc_accept,1.0000000000
METRIC,2026-04-12T23:26:53Z,190750071168801,3532,btc_qm_engine:btc_ptmc_rep_hot,4.0000000000
METRIC,2026-04-12T23:26:53Z,190750071193341,3532,btc_qm_engine:btc_ptmc_rep_cold,3.0000000000
METRIC,2026-04-12T23:26:53Z,190750071217891,3532,btc_qm_engine:btc_ptmc_accept,1.0000000000
METRIC,2026-04-12T23:26:53Z,190750071261571,3532,btc_qm_engine:btc_ptmc_rep_hot,5.0000000000
METRIC,2026-04-12T23:26:53Z,190750071296681,3532,btc_qm_engine:btc_ptmc_rep_cold,4.0000000000
METRIC,2026-04-12T23:26:53Z,190750071321171,3532,btc_qm_engine:btc_ptmc_accept,1.0000000000
METRIC,2026-04-12T23:26:53Z,190750071351901,3532,btc_qm_engine:btc_ptmc_rep_hot,6.0000000000
METRIC,2026-04-12T23:26:53Z,190750071376521,3532,btc_qm_engine:btc_ptmc_rep_cold,5.0000000000
METRIC,2026-04-12T23:26:53Z,190750071400791,3532,btc_qm_engine:btc_ptmc_accept,1.0000000000
METRIC,2026-04-12T23:26:53Z,190750071428561,3532,btc_qm_engine:btc_ptmc_rep_hot,7.0000000000
METRIC,2026-04-12T23:26:53Z,190750071452821,3532,btc_qm_engine:btc_ptmc_rep_cold,6.0000000000
METRIC,2026-04-12T23:26:53Z,190750071475871,3532,btc_qm_engine:btc_ptmc_accept,1.0000000000
METRIC,2026-04-12T23:26:53Z,190750172673794,3532,btc_qm_engine:btc_ptmc_rep_hot,1.0000000000
METRIC,2026-04-12T23:26:53Z,190750172762754,3532,btc_qm_engine:btc_ptmc_rep_cold,0.0000000000
METRIC,2026-04-12T23:26:53Z,190750172789054,3532,btc_qm_engine:btc_ptmc_accept,1.0000000000
METRIC,2026-04-12T23:26:53Z,190750172822334,3532,btc_qm_engine:btc_ptmc_rep_hot,2.0000000000
METRIC,2026-04-12T23:26:53Z,190750172846804,3532,btc_qm_engine:btc_ptmc_rep_cold,1.0000000000
METRIC,2026-04-12T23:26:53Z,190750172871694,3532,btc_qm_engine:btc_ptmc_accept,1.0000000000
METRIC,2026-04-12T23:26:53Z,190750172902404,3532,btc_qm_engine:btc_ptmc_rep_hot,3.0000000000
METRIC,2026-04-12T23:26:53Z,190750172927204,3532,btc_qm_engine:btc_ptmc_rep_cold,2.0000000000
METRIC,2026-04-12T23:26:53Z,190750172951514,3532,btc_qm_engine:btc_ptmc_accept,1.0000000000
METRIC,2026-04-12T23:26:53Z,190750172975894,3532,btc_qm_engine:btc_ptmc_rep_hot,4.0000000000
METRIC,2026-04-12T23:26:53Z,190750173058304,3532,btc_qm_engine:btc_ptmc_rep_cold,3.0000000000
METRIC,2026-04-12T23:26:53Z,190750173085924,3532,btc_qm_engine:btc_ptmc_accept,1.0000000000
METRIC,2026-04-12T23:26:53Z,190750173294014,3532,btc_qm_engine:btc_ptmc_rep_hot,5.0000000000
METRIC,2026-04-12T23:26:53Z,190750173322064,3532,btc_qm_engine:btc_ptmc_rep_cold,4.0000000000
METRIC,2026-04-12T23:26:53Z,190750173346704,3532,btc_qm_engine:btc_ptmc_accept,1.0000000000
METRIC,2026-04-12T23:26:53Z,190750173374004,3532,btc_qm_engine:btc_ptmc_rep_hot,6.0000000000
METRIC,2026-04-12T23:26:53Z,190750173397794,3532,btc_qm_engine:btc_ptmc_rep_cold,5.0000000000
METRIC,2026-04-12T23:26:53Z,190750173421864,3532,btc_qm_engine:btc_ptmc_accept,1.0000000000
METRIC,2026-04-12T23:26:53Z,190750173448284,3532,btc_qm_engine:btc_ptmc_rep_hot,7.0000000000
METRIC,2026-04-12T23:26:53Z,190750173472144,3532,btc_qm_engine:btc_ptmc_rep_cold,6.0000000000
METRIC,2026-04-12T23:26:53Z,190750173496054,3532,btc_qm_engine:btc_ptmc_accept,1.0000000000
METRIC,2026-04-12T23:26:53Z,190750276680538,3532,btc_qm_engine:btc_ptmc_rep_hot,1.0000000000
METRIC,2026-04-12T23:26:53Z,190750276766948,3532,btc_qm_engine:btc_ptmc_rep_cold,0.0000000000
METRIC,2026-04-12T23:26:53Z,190750276794868,3532,btc_qm_engine:btc_ptmc_accept,1.0000000000
METRIC,2026-04-12T23:26:53Z,190750276820578,3532,btc_qm_engine:btc_ptmc_rep_hot,2.0000000000
METRIC,2026-04-12T23:26:53Z,190750276845548,3532,btc_qm_engine:btc_ptmc_rep_cold,1.0000000000
METRIC,2026-04-12T23:26:53Z,190750276879918,3532,btc_qm_engine:btc_ptmc_accept,-0.7165701146
METRIC,2026-04-12T23:26:53Z,190750276916278,3532,btc_qm_engine:btc_ptmc_rep_hot,3.0000000000
METRIC,2026-04-12T23:26:53Z,190750276935728,3532,btc_qm_engine:btc_ptmc_rep_cold,2.0000000000
METRIC,2026-04-12T23:26:53Z,190750276954638,3532,btc_qm_engine:btc_ptmc_accept,1.0000000000
METRIC,2026-04-12T23:26:53Z,190750276976338,3532,btc_qm_engine:btc_ptmc_rep_hot,4.0000000000
METRIC,2026-04-12T23:26:53Z,190750276996298,3532,btc_qm_engine:btc_ptmc_rep_cold,3.0000000000
METRIC,2026-04-12T23:26:53Z,190750277063228,3532,btc_qm_engine:btc_ptmc_accept,1.0000000000
METRIC,2026-04-12T23:26:53Z,190750277093608,3532,btc_qm_engine:btc_ptmc_rep_hot,5.0000000000
METRIC,2026-04-12T23:26:53Z,190750277118628,3532,btc_qm_engine:btc_ptmc_rep_cold,4.0000000000
METRIC,2026-04-12T23:26:53Z,190750277141828,3532,btc_qm_engine:btc_ptmc_accept,1.0000000000
METRIC,2026-04-12T23:26:53Z,190750277172388,3532,btc_qm_engine:btc_ptmc_rep_hot,6.0000000000
METRIC,2026-04-12T23:26:53Z,190750277192308,3532,btc_qm_engine:btc_ptmc_rep_cold,5.0000000000
METRIC,2026-04-12T23:26:53Z,190750277211048,3532,btc_qm_engine:btc_ptmc_accept,1.0000000000
METRIC,2026-04-12T23:26:53Z,190750277234038,3532,btc_qm_engine:btc_ptmc_rep_hot,7.0000000000
METRIC,2026-04-12T23:26:53Z,190750277259418,3532,btc_qm_engine:btc_ptmc_rep_cold,6.0000000000
METRIC,2026-04-12T23:26:53Z,190750277283698,3532,btc_qm_engine:btc_ptmc_accept,1.0000000000
METRIC,2026-04-12T23:26:53Z,190750383448771,3532,btc_qm_engine:btc_ptmc_rep_hot,1.0000000000
METRIC,2026-04-12T23:26:53Z,190750383533511,3532,btc_qm_engine:btc_ptmc_rep_cold,0.0000000000
METRIC,2026-04-12T23:26:53Z,190750383558601,3532,btc_qm_engine:btc_ptmc_accept,1.0000000000
METRIC,2026-04-12T23:26:53Z,190750383584831,3532,btc_qm_engine:btc_ptmc_rep_hot,2.0000000000
METRIC,2026-04-12T23:26:53Z,190750383603571,3532,btc_qm_engine:btc_ptmc_rep_cold,1.0000000000
METRIC,2026-04-12T23:26:53Z,190750383626651,3532,btc_qm_engine:btc_ptmc_accept,1.0000000000
METRIC,2026-04-12T23:26:53Z,190750383657731,3532,btc_qm_engine:btc_ptmc_rep_hot,3.0000000000
METRIC,2026-04-12T23:26:53Z,190750383680411,3532,btc_qm_engine:btc_ptmc_rep_cold,2.0000000000
METRIC,2026-04-12T23:26:53Z,190750383702491,3532,btc_qm_engine:btc_ptmc_accept,1.0000000000
METRIC,2026-04-12T23:26:53Z,190750383734351,3532,btc_qm_engine:btc_ptmc_rep_hot,4.0000000000
METRIC,2026-04-12T23:26:53Z,190750383757321,3532,btc_qm_engine:btc_ptmc_rep_cold,3.0000000000
METRIC,2026-04-12T23:26:53Z,190750383779691,3532,btc_qm_engine:btc_ptmc_accept,1.0000000000
METRIC,2026-04-12T23:26:53Z,190750383806901,3532,btc_qm_engine:btc_ptmc_rep_hot,5.0000000000
METRIC,2026-04-12T23:26:53Z,190750383830201,3532,btc_qm_engine:btc_ptmc_rep_cold,4.0000000000
METRIC,2026-04-12T23:26:53Z,190750383884821,3532,btc_qm_engine:btc_ptmc_accept,1.0000000000
METRIC,2026-04-12T23:26:53Z,190750383909411,3532,btc_qm_engine:btc_ptmc_rep_hot,6.0000000000
METRIC,2026-04-12T23:26:53Z,190750383932151,3532,btc_qm_engine:btc_ptmc_rep_cold,5.0000000000
METRIC,2026-04-12T23:26:53Z,190750383954091,3532,btc_qm_engine:btc_ptmc_accept,1.0000000000
METRIC,2026-04-12T23:26:53Z,190750383981901,3532,btc_qm_engine:btc_ptmc_rep_hot,7.0000000000
METRIC,2026-04-12T23:26:53Z,190750384076401,3532,btc_qm_engine:btc_ptmc_rep_cold,6.0000000000
METRIC,2026-04-12T23:26:53Z,190750384103431,3532,btc_qm_engine:btc_ptmc_accept,1.0000000000
METRIC,2026-04-12T23:26:53Z,190750398725810,3532,btc_qm_engine:btc_hashrate_mhs,0.9691321101
METRIC,2026-04-12T23:26:53Z,190750398797250,3532,btc_qm_engine:btc_hashrate_thread_id,5.0000000000
METRIC,2026-04-12T23:26:53Z,190750403537390,3532,btc_qm_engine:btc_hashrate_mhs,0.9690327215
METRIC,2026-04-12T23:26:53Z,190750403580730,3532,btc_qm_engine:btc_hashrate_thread_id,1.0000000000
METRIC,2026-04-12T23:26:53Z,190750404180280,3532,btc_qm_engine:btc_hashrate_mhs,0.9691216384
METRIC,2026-04-12T23:26:53Z,190750404232780,3532,btc_qm_engine:btc_hashrate_thread_id,6.0000000000
METRIC,2026-04-12T23:26:53Z,190750404444949,3532,btc_qm_engine:btc_hashrate_mhs,0.9691695177
METRIC,2026-04-12T23:26:53Z,190750404483759,3532,btc_qm_engine:btc_hashrate_thread_id,7.0000000000
METRIC,2026-04-12T23:26:53Z,190750404589989,3532,btc_qm_engine:btc_nx48_stall_count,2.0000000000
METRIC,2026-04-12T23:26:53Z,190750404639279,3532,btc_qm_engine:btc_nx48_delta_nonce_old,2.2511160476
METRIC,2026-04-12T23:26:53Z,190750404666099,3532,btc_qm_engine:btc_nx48_delta_nonce_new,2.3036189622
METRIC,2026-04-12T23:26:53Z,190750404691069,3532,btc_qm_engine:btc_nx48_batch_old,4.0000000000
METRIC,2026-04-12T23:26:53Z,190750404715659,3532,btc_qm_engine:btc_nx48_batch_new,4.0000000000
METRIC,2026-04-12T23:26:53Z,190750404739399,3532,btc_qm_engine:btc_nx48_loss,0.6559997760
METRIC,2026-04-12T23:26:53Z,190750404764539,3532,btc_qm_engine:btc_nx48_grad_norm,0.6941134680
METRIC,2026-04-12T23:26:53Z,190750404788709,3532,btc_qm_engine:btc_nx48_update_count,45.0000000000
METRIC,2026-04-12T23:26:53Z,190750404813399,3532,btc_qm_engine:btc_nx48_exploration_bias,0.5007800684
METRIC,2026-04-12T23:26:53Z,190750404838459,3532,btc_qm_engine:btc_hashrate_mhs,0.9692248310
METRIC,2026-04-12T23:26:53Z,190750404862119,3532,btc_qm_engine:btc_hashrate_thread_id,0.0000000000
METRIC,2026-04-12T23:26:53Z,190750407913819,3532,btc_qm_engine:btc_hashrate_mhs,0.9692153376
METRIC,2026-04-12T23:26:53Z,190750407960839,3532,btc_qm_engine:btc_hashrate_thread_id,2.0000000000
METRIC,2026-04-12T23:26:53Z,190750410809699,3532,btc_qm_engine:btc_hashrate_mhs,0.9692318706
METRIC,2026-04-12T23:26:53Z,190750410850419,3532,btc_qm_engine:btc_hashrate_thread_id,4.0000000000
METRIC,2026-04-12T23:26:53Z,190750412702449,3532,btc_qm_engine:btc_hashrate_mhs,0.9693090446
METRIC,2026-04-12T23:26:53Z,190750412758869,3532,btc_qm_engine:btc_hashrate_thread_id,3.0000000000
METRIC,2026-04-12T23:26:53Z,190750488938734,3532,btc_qm_engine:btc_ptmc_rep_hot,1.0000000000
METRIC,2026-04-12T23:26:53Z,190750489053784,3532,btc_qm_engine:btc_ptmc_rep_cold,0.0000000000
METRIC,2026-04-12T23:26:53Z,190750489081684,3532,btc_qm_engine:btc_ptmc_accept,1.0000000000
METRIC,2026-04-12T23:26:53Z,190750489112064,3532,btc_qm_engine:btc_ptmc_rep_hot,2.0000000000
METRIC,2026-04-12T23:26:53Z,190750489136664,3532,btc_qm_engine:btc_ptmc_rep_cold,1.0000000000
METRIC,2026-04-12T23:26:53Z,190750489161064,3532,btc_qm_engine:btc_ptmc_accept,1.0000000000
METRIC,2026-04-12T23:26:53Z,190750489190944,3532,btc_qm_engine:btc_ptmc_rep_hot,3.0000000000
METRIC,2026-04-12T23:26:53Z,190750489225984,3532,btc_qm_engine:btc_ptmc_rep_cold,2.0000000000
METRIC,2026-04-12T23:26:53Z,190750489257374,3532,btc_qm_engine:btc_ptmc_accept,1.0000000000
METRIC,2026-04-12T23:26:53Z,190750489280654,3532,btc_qm_engine:btc_ptmc_rep_hot,4.0000000000
METRIC,2026-04-12T23:26:53Z,190750489306034,3532,btc_qm_engine:btc_ptmc_rep_cold,3.0000000000
METRIC,2026-04-12T23:26:53Z,190750489348104,3532,btc_qm_engine:btc_ptmc_accept,1.0000000000
METRIC,2026-04-12T23:26:53Z,190750489377174,3532,btc_qm_engine:btc_ptmc_rep_hot,5.0000000000
METRIC,2026-04-12T23:26:53Z,190750489402184,3532,btc_qm_engine:btc_ptmc_rep_cold,4.0000000000
METRIC,2026-04-12T23:26:53Z,190750489426694,3532,btc_qm_engine:btc_ptmc_accept,1.0000000000
METRIC,2026-04-12T23:26:53Z,190750489457994,3532,btc_qm_engine:btc_ptmc_rep_hot,6.0000000000
METRIC,2026-04-12T23:26:53Z,190750489483094,3532,btc_qm_engine:btc_ptmc_rep_cold,5.0000000000
METRIC,2026-04-12T23:26:53Z,190750489507684,3532,btc_qm_engine:btc_ptmc_accept,1.0000000000
METRIC,2026-04-12T23:26:53Z,190750489537444,3532,btc_qm_engine:btc_ptmc_rep_hot,7.0000000000
METRIC,2026-04-12T23:26:53Z,190750489561584,3532,btc_qm_engine:btc_ptmc_rep_cold,6.0000000000
METRIC,2026-04-12T23:26:53Z,190750489585654,3532,btc_qm_engine:btc_ptmc_accept,1.0000000000
METRIC,2026-04-12T23:26:53Z,190750594491507,3532,btc_qm_engine:btc_ptmc_rep_hot,1.0000000000
METRIC,2026-04-12T23:26:53Z,190750594575767,3532,btc_qm_engine:btc_ptmc_rep_cold,0.0000000000
METRIC,2026-04-12T23:26:53Z,190750594602337,3532,btc_qm_engine:btc_ptmc_accept,-0.5134171190
METRIC,2026-04-12T23:26:53Z,190750594637207,3532,btc_qm_engine:btc_ptmc_rep_hot,2.0000000000
METRIC,2026-04-12T23:26:53Z,190750594661837,3532,btc_qm_engine:btc_ptmc_rep_cold,1.0000000000
METRIC,2026-04-12T23:26:53Z,190750594684977,3532,btc_qm_engine:btc_ptmc_accept,1.0000000000
METRIC,2026-04-12T23:26:53Z,190750594716437,3532,btc_qm_engine:btc_ptmc_rep_hot,3.0000000000
METRIC,2026-04-12T23:26:53Z,190750594746407,3532,btc_qm_engine:btc_ptmc_rep_cold,2.0000000000
METRIC,2026-04-12T23:26:53Z,190750594769957,3532,btc_qm_engine:btc_ptmc_accept,1.0000000000
METRIC,2026-04-12T23:26:53Z,190750594801477,3532,btc_qm_engine:btc_ptmc_rep_hot,4.0000000000
METRIC,2026-04-12T23:26:53Z,190750594826667,3532,btc_qm_engine:btc_ptmc_rep_cold,3.0000000000
METRIC,2026-04-12T23:26:53Z,190750594851077,3532,btc_qm_engine:btc_ptmc_accept,1.0000000000
METRIC,2026-04-12T23:26:53Z,190750594882637,3532,btc_qm_engine:btc_ptmc_rep_hot,5.0000000000
METRIC,2026-04-12T23:26:53Z,190750594906777,3532,btc_qm_engine:btc_ptmc_rep_cold,4.0000000000
METRIC,2026-04-12T23:26:53Z,190750594931137,3532,btc_qm_engine:btc_ptmc_accept,1.0000000000
METRIC,2026-04-12T23:26:53Z,190750594958787,3532,btc_qm_engine:btc_ptmc_rep_hot,6.0000000000
METRIC,2026-04-12T23:26:53Z,190750594983137,3532,btc_qm_engine:btc_ptmc_rep_cold,5.0000000000
METRIC,2026-04-12T23:26:53Z,190750595040937,3532,btc_qm_engine:btc_ptmc_accept,1.0000000000
METRIC,2026-04-12T23:26:53Z,190750595072427,3532,btc_qm_engine:btc_ptmc_rep_hot,7.0000000000
METRIC,2026-04-12T23:26:53Z,190750595096437,3532,btc_qm_engine:btc_ptmc_rep_cold,6.0000000000
METRIC,2026-04-12T23:26:53Z,190750595132667,3532,btc_qm_engine:btc_ptmc_accept,1.0000000000
METRIC,2026-04-12T23:26:54Z,190750697506631,3532,btc_qm_engine:btc_ptmc_rep_hot,1.0000000000
METRIC,2026-04-12T23:26:54Z,190750697597221,3532,btc_qm_engine:btc_ptmc_rep_cold,0.0000000000
METRIC,2026-04-12T23:26:54Z,190750697623761,3532,btc_qm_engine:btc_ptmc_accept,0.5135063048
METRIC,2026-04-12T23:26:54Z,190750697655131,3532,btc_qm_engine:btc_ptmc_rep_hot,2.0000000000
METRIC,2026-04-12T23:26:54Z,190750697680361,3532,btc_qm_engine:btc_ptmc_rep_cold,1.0000000000
METRIC,2026-04-12T23:26:54Z,190750697737301,3532,btc_qm_engine:btc_ptmc_accept,1.0000000000
METRIC,2026-04-12T23:26:54Z,190750697779691,3532,btc_qm_engine:btc_ptmc_rep_hot,3.0000000000
METRIC,2026-04-12T23:26:54Z,190750697804301,3532,btc_qm_engine:btc_ptmc_rep_cold,2.0000000000
METRIC,2026-04-12T23:26:54Z,190750697829231,3532,btc_qm_engine:btc_ptmc_accept,1.0000000000
METRIC,2026-04-12T23:26:54Z,190750697861161,3532,btc_qm_engine:btc_ptmc_rep_hot,4.0000000000
METRIC,2026-04-12T23:26:54Z,190750697885141,3532,btc_qm_engine:btc_ptmc_rep_cold,3.0000000000
METRIC,2026-04-12T23:26:54Z,190750697909401,3532,btc_qm_engine:btc_ptmc_accept,1.0000000000
METRIC,2026-04-12T23:26:54Z,190750697940241,3532,btc_qm_engine:btc_ptmc_rep_hot,5.0000000000
METRIC,2026-04-12T23:26:54Z,190750697964581,3532,btc_qm_engine:btc_ptmc_rep_cold,4.0000000000
METRIC,2026-04-12T23:26:54Z,190750697987691,3532,btc_qm_engine:btc_ptmc_accept,1.0000000000
METRIC,2026-04-12T23:26:54Z,190750698052251,3532,btc_qm_engine:btc_ptmc_rep_hot,6.0000000000
METRIC,2026-04-12T23:26:54Z,190750698078221,3532,btc_qm_engine:btc_ptmc_rep_cold,5.0000000000
METRIC,2026-04-12T23:26:54Z,190750698102491,3532,btc_qm_engine:btc_ptmc_accept,0.9642889574
METRIC,2026-04-12T23:26:54Z,190750698129001,3532,btc_qm_engine:btc_ptmc_rep_hot,7.0000000000
METRIC,2026-04-12T23:26:54Z,190750698153991,3532,btc_qm_engine:btc_ptmc_rep_cold,6.0000000000
METRIC,2026-04-12T23:26:54Z,190750698178641,3532,btc_qm_engine:btc_ptmc_accept,1.0000000000
METRIC,2026-04-12T23:26:54Z,190750803975624,3532,btc_qm_engine:btc_ptmc_rep_hot,1.0000000000
METRIC,2026-04-12T23:26:54Z,190750804092384,3532,btc_qm_engine:btc_ptmc_rep_cold,0.0000000000
METRIC,2026-04-12T23:26:54Z,190750804118254,3532,btc_qm_engine:btc_ptmc_accept,1.0000000000
METRIC,2026-04-12T23:26:54Z,190750804151114,3532,btc_qm_engine:btc_ptmc_rep_hot,2.0000000000
METRIC,2026-04-12T23:26:54Z,190750804175954,3532,btc_qm_engine:btc_ptmc_rep_cold,1.0000000000
METRIC,2026-04-12T23:26:54Z,190750804200094,3532,btc_qm_engine:btc_ptmc_accept,1.0000000000
METRIC,2026-04-12T23:26:54Z,190750804232774,3532,btc_qm_engine:btc_ptmc_rep_hot,3.0000000000
METRIC,2026-04-12T23:26:54Z,190750804257104,3532,btc_qm_engine:btc_ptmc_rep_cold,2.0000000000
METRIC,2026-04-12T23:26:54Z,190750804281794,3532,btc_qm_engine:btc_ptmc_accept,1.0000000000
METRIC,2026-04-12T23:26:54Z,190750804311754,3532,btc_qm_engine:btc_ptmc_rep_hot,4.0000000000
METRIC,2026-04-12T23:26:54Z,190750804336324,3532,btc_qm_engine:btc_ptmc_rep_cold,3.0000000000
METRIC,2026-04-12T23:26:54Z,190750804360674,3532,btc_qm_engine:btc_ptmc_accept,1.0000000000
METRIC,2026-04-12T23:26:54Z,190750804389014,3532,btc_qm_engine:btc_ptmc_rep_hot,5.0000000000
METRIC,2026-04-12T23:26:54Z,190750804423944,3532,btc_qm_engine:btc_ptmc_rep_cold,4.0000000000
METRIC,2026-04-12T23:26:54Z,190750804453214,3532,btc_qm_engine:btc_ptmc_accept,1.0000000000
METRIC,2026-04-12T23:26:54Z,190750804483474,3532,btc_qm_engine:btc_ptmc_rep_hot,6.0000000000
METRIC,2026-04-12T23:26:54Z,190750804508214,3532,btc_qm_engine:btc_ptmc_rep_cold,5.0000000000
METRIC,2026-04-12T23:26:54Z,190750804532824,3532,btc_qm_engine:btc_ptmc_accept,1.0000000000
METRIC,2026-04-12T23:26:54Z,190750804564374,3532,btc_qm_engine:btc_ptmc_rep_hot,7.0000000000
METRIC,2026-04-12T23:26:54Z,190750804588484,3532,btc_qm_engine:btc_ptmc_rep_cold,6.0000000000
METRIC,2026-04-12T23:26:54Z,190750804611514,3532,btc_qm_engine:btc_ptmc_accept,1.0000000000
METRIC,2026-04-12T23:26:54Z,190750906357817,3532,btc_qm_engine:btc_ptmc_rep_hot,1.0000000000
METRIC,2026-04-12T23:26:54Z,190750906442667,3532,btc_qm_engine:btc_ptmc_rep_cold,0.0000000000
METRIC,2026-04-12T23:26:54Z,190750906471347,3532,btc_qm_engine:btc_ptmc_accept,1.0000000000
METRIC,2026-04-12T23:26:54Z,190750906497827,3532,btc_qm_engine:btc_ptmc_rep_hot,2.0000000000
METRIC,2026-04-12T23:26:54Z,190750906523707,3532,btc_qm_engine:btc_ptmc_rep_cold,1.0000000000
METRIC,2026-04-12T23:26:54Z,190750906549067,3532,btc_qm_engine:btc_ptmc_accept,1.0000000000
METRIC,2026-04-12T23:26:54Z,190750906588067,3532,btc_qm_engine:btc_ptmc_rep_hot,3.0000000000
METRIC,2026-04-12T23:26:54Z,190750906616517,3532,btc_qm_engine:btc_ptmc_rep_cold,2.0000000000
METRIC,2026-04-12T23:26:54Z,190750906675417,3532,btc_qm_engine:btc_ptmc_accept,1.0000000000
METRIC,2026-04-12T23:26:54Z,190750906720027,3532,btc_qm_engine:btc_ptmc_rep_hot,4.0000000000
METRIC,2026-04-12T23:26:54Z,190750906747137,3532,btc_qm_engine:btc_ptmc_rep_cold,3.0000000000
METRIC,2026-04-12T23:26:54Z,190750906773447,3532,btc_qm_engine:btc_ptmc_accept,1.0000000000
METRIC,2026-04-12T23:26:54Z,190750906803727,3532,btc_qm_engine:btc_ptmc_rep_hot,5.0000000000
METRIC,2026-04-12T23:26:54Z,190750906829577,3532,btc_qm_engine:btc_ptmc_rep_cold,4.0000000000
METRIC,2026-04-12T23:26:54Z,190750906855137,3532,btc_qm_engine:btc_ptmc_accept,1.0000000000
METRIC,2026-04-12T23:26:54Z,190750906890127,3532,btc_qm_engine:btc_ptmc_rep_hot,6.0000000000
METRIC,2026-04-12T23:26:54Z,190750906916767,3532,btc_qm_engine:btc_ptmc_rep_cold,5.0000000000
METRIC,2026-04-12T23:26:54Z,190750906941997,3532,btc_qm_engine:btc_ptmc_accept,1.0000000000
METRIC,2026-04-12T23:26:54Z,190750906978707,3532,btc_qm_engine:btc_ptmc_rep_hot,7.0000000000
METRIC,2026-04-12T23:26:54Z,190750907040547,3532,btc_qm_engine:btc_ptmc_rep_cold,6.0000000000
METRIC,2026-04-12T23:26:54Z,190750907068287,3532,btc_qm_engine:btc_ptmc_accept,1.0000000000
METRIC,2026-04-12T23:26:54Z,190751012863031,3532,btc_qm_engine:btc_ptmc_rep_hot,1.0000000000
METRIC,2026-04-12T23:26:54Z,190751012943101,3532,btc_qm_engine:btc_ptmc_rep_cold,0.0000000000
METRIC,2026-04-12T23:26:54Z,190751012969231,3532,btc_qm_engine:btc_ptmc_accept,1.0000000000
METRIC,2026-04-12T23:26:54Z,190751012998441,3532,btc_qm_engine:btc_ptmc_rep_hot,2.0000000000
METRIC,2026-04-12T23:26:54Z,190751013033441,3532,btc_qm_engine:btc_ptmc_rep_cold,1.0000000000
METRIC,2026-04-12T23:26:54Z,190751013057571,3532,btc_qm_engine:btc_ptmc_accept,1.0000000000
METRIC,2026-04-12T23:26:54Z,190751013101121,3532,btc_qm_engine:btc_ptmc_rep_hot,3.0000000000
METRIC,2026-04-12T23:26:54Z,190751013135131,3532,btc_qm_engine:btc_ptmc_rep_cold,2.0000000000
METRIC,2026-04-12T23:26:54Z,190751013159281,3532,btc_qm_engine:btc_ptmc_accept,1.0000000000
METRIC,2026-04-12T23:26:54Z,190751014338301,3532,btc_qm_engine:btc_ptmc_rep_hot,4.0000000000
METRIC,2026-04-12T23:26:54Z,190751014369801,3532,btc_qm_engine:btc_ptmc_rep_cold,3.0000000000
METRIC,2026-04-12T23:26:54Z,190751014393921,3532,btc_qm_engine:btc_ptmc_accept,1.0000000000
METRIC,2026-04-12T23:26:54Z,190751014424421,3532,btc_qm_engine:btc_ptmc_rep_hot,5.0000000000
METRIC,2026-04-12T23:26:54Z,190751014446641,3532,btc_qm_engine:btc_ptmc_rep_cold,4.0000000000
METRIC,2026-04-12T23:26:54Z,190751014470291,3532,btc_qm_engine:btc_ptmc_accept,1.0000000000
METRIC,2026-04-12T23:26:54Z,190751014499901,3532,btc_qm_engine:btc_ptmc_rep_hot,6.0000000000
METRIC,2026-04-12T23:26:54Z,190751014524311,3532,btc_qm_engine:btc_ptmc_rep_cold,5.0000000000
METRIC,2026-04-12T23:26:54Z,190751014548441,3532,btc_qm_engine:btc_ptmc_accept,1.0000000000
METRIC,2026-04-12T23:26:54Z,190751014575961,3532,btc_qm_engine:btc_ptmc_rep_hot,7.0000000000
METRIC,2026-04-12T23:26:54Z,190751014600071,3532,btc_qm_engine:btc_ptmc_rep_cold,6.0000000000
METRIC,2026-04-12T23:26:54Z,190751014623661,3532,btc_qm_engine:btc_ptmc_accept,1.0000000000
METRIC,2026-04-12T23:26:54Z,190751117355474,3532,btc_qm_engine:btc_ptmc_rep_hot,1.0000000000
METRIC,2026-04-12T23:26:54Z,190751117435184,3532,btc_qm_engine:btc_ptmc_rep_cold,0.0000000000
METRIC,2026-04-12T23:26:54Z,190751117461284,3532,btc_qm_engine:btc_ptmc_accept,1.0000000000
METRIC,2026-04-12T23:26:54Z,190751117489654,3532,btc_qm_engine:btc_ptmc_rep_hot,2.0000000000
METRIC,2026-04-12T23:26:54Z,190751117514184,3532,btc_qm_engine:btc_ptmc_rep_cold,1.0000000000
METRIC,2026-04-12T23:26:54Z,190751117538364,3532,btc_qm_engine:btc_ptmc_accept,1.0000000000
METRIC,2026-04-12T23:26:54Z,190751117562344,3532,btc_qm_engine:btc_ptmc_rep_hot,3.0000000000
METRIC,2026-04-12T23:26:54Z,190751117586254,3532,btc_qm_engine:btc_ptmc_rep_cold,2.0000000000
METRIC,2026-04-12T23:26:54Z,190751117609794,3532,btc_qm_engine:btc_ptmc_accept,1.0000000000
METRIC,2026-04-12T23:26:54Z,190751117633974,3532,btc_qm_engine:btc_ptmc_rep_hot,4.0000000000
METRIC,2026-04-12T23:26:54Z,190751117689834,3532,btc_qm_engine:btc_ptmc_rep_cold,3.0000000000
METRIC,2026-04-12T23:26:54Z,190751117713504,3532,btc_qm_engine:btc_ptmc_accept,1.0000000000
METRIC,2026-04-12T23:26:54Z,190751117745724,3532,btc_qm_engine:btc_ptmc_rep_hot,5.0000000000
METRIC,2026-04-12T23:26:54Z,190751117769754,3532,btc_qm_engine:btc_ptmc_rep_cold,4.0000000000
METRIC,2026-04-12T23:26:54Z,190751117793384,3532,btc_qm_engine:btc_ptmc_accept,1.0000000000
METRIC,2026-04-12T23:26:54Z,190751117824474,3532,btc_qm_engine:btc_ptmc_rep_hot,6.0000000000
METRIC,2026-04-12T23:26:54Z,190751117848404,3532,btc_qm_engine:btc_ptmc_rep_cold,5.0000000000
METRIC,2026-04-12T23:26:54Z,190751117870854,3532,btc_qm_engine:btc_ptmc_accept,1.0000000000
METRIC,2026-04-12T23:26:54Z,190751117897494,3532,btc_qm_engine:btc_ptmc_rep_hot,7.0000000000
METRIC,2026-04-12T23:26:54Z,190751117931044,3532,btc_qm_engine:btc_ptmc_rep_cold,6.0000000000
METRIC,2026-04-12T23:26:54Z,190751117956954,3532,btc_qm_engine:btc_ptmc_accept,1.0000000000
METRIC,2026-04-12T23:26:54Z,190751218500487,3532,btc_qm_engine:btc_ptmc_rep_hot,1.0000000000
METRIC,2026-04-12T23:26:54Z,190751218578987,3532,btc_qm_engine:btc_ptmc_rep_cold,0.0000000000
METRIC,2026-04-12T23:26:54Z,190751218605567,3532,btc_qm_engine:btc_ptmc_accept,-0.0694834512
METRIC,2026-04-12T23:26:54Z,190751218638247,3532,btc_qm_engine:btc_ptmc_rep_hot,2.0000000000
METRIC,2026-04-12T23:26:54Z,190751218662917,3532,btc_qm_engine:btc_ptmc_rep_cold,1.0000000000
METRIC,2026-04-12T23:26:54Z,190751218690217,3532,btc_qm_engine:btc_ptmc_accept,1.0000000000
METRIC,2026-04-12T23:26:54Z,190751218728237,3532,btc_qm_engine:btc_ptmc_rep_hot,3.0000000000
METRIC,2026-04-12T23:26:54Z,190751218759297,3532,btc_qm_engine:btc_ptmc_rep_cold,2.0000000000
METRIC,2026-04-12T23:26:54Z,190751218780287,3532,btc_qm_engine:btc_ptmc_accept,1.0000000000
METRIC,2026-04-12T23:26:54Z,190751218802677,3532,btc_qm_engine:btc_ptmc_rep_hot,4.0000000000
METRIC,2026-04-12T23:26:54Z,190751218828417,3532,btc_qm_engine:btc_ptmc_rep_cold,3.0000000000
METRIC,2026-04-12T23:26:54Z,190751218852977,3532,btc_qm_engine:btc_ptmc_accept,1.0000000000
METRIC,2026-04-12T23:26:54Z,190751218881017,3532,btc_qm_engine:btc_ptmc_rep_hot,5.0000000000
METRIC,2026-04-12T23:26:54Z,190751218905427,3532,btc_qm_engine:btc_ptmc_rep_cold,4.0000000000
METRIC,2026-04-12T23:26:54Z,190751218929807,3532,btc_qm_engine:btc_ptmc_accept,1.0000000000
METRIC,2026-04-12T23:26:54Z,190751218954257,3532,btc_qm_engine:btc_ptmc_rep_hot,6.0000000000
METRIC,2026-04-12T23:26:54Z,190751218978427,3532,btc_qm_engine:btc_ptmc_rep_cold,5.0000000000
METRIC,2026-04-12T23:26:54Z,190751219015437,3532,btc_qm_engine:btc_ptmc_accept,1.0000000000
METRIC,2026-04-12T23:26:54Z,190751219045047,3532,btc_qm_engine:btc_ptmc_rep_hot,7.0000000000
METRIC,2026-04-12T23:26:54Z,190751219069347,3532,btc_qm_engine:btc_ptmc_rep_cold,6.0000000000
METRIC,2026-04-12T23:26:54Z,190751219093437,3532,btc_qm_engine:btc_ptmc_accept,1.0000000000
METRIC,2026-04-12T23:26:54Z,190751324372811,3532,btc_qm_engine:btc_ptmc_rep_hot,1.0000000000
METRIC,2026-04-12T23:26:54Z,190751324471391,3532,btc_qm_engine:btc_ptmc_rep_cold,0.0000000000
METRIC,2026-04-12T23:26:54Z,190751324495931,3532,btc_qm_engine:btc_ptmc_accept,1.0000000000
METRIC,2026-04-12T23:26:54Z,190751324519091,3532,btc_qm_engine:btc_ptmc_rep_hot,2.0000000000
METRIC,2026-04-12T23:26:54Z,190751324542011,3532,btc_qm_engine:btc_ptmc_rep_cold,1.0000000000
METRIC,2026-04-12T23:26:54Z,190751324564931,3532,btc_qm_engine:btc_ptmc_accept,1.0000000000
METRIC,2026-04-12T23:26:54Z,190751324587841,3532,btc_qm_engine:btc_ptmc_rep_hot,3.0000000000
METRIC,2026-04-12T23:26:54Z,190751324610471,3532,btc_qm_engine:btc_ptmc_rep_cold,2.0000000000
METRIC,2026-04-12T23:26:54Z,190751324632531,3532,btc_qm_engine:btc_ptmc_accept,1.0000000000
METRIC,2026-04-12T23:26:54Z,190751324665411,3532,btc_qm_engine:btc_ptmc_rep_hot,4.0000000000
METRIC,2026-04-12T23:26:54Z,190751324688021,3532,btc_qm_engine:btc_ptmc_rep_cold,3.0000000000
METRIC,2026-04-12T23:26:54Z,190751324710621,3532,btc_qm_engine:btc_ptmc_accept,1.0000000000
METRIC,2026-04-12T23:26:54Z,190751324781941,3532,btc_qm_engine:btc_ptmc_rep_hot,5.0000000000
METRIC,2026-04-12T23:26:54Z,190751324807741,3532,btc_qm_engine:btc_ptmc_rep_cold,4.0000000000
METRIC,2026-04-12T23:26:54Z,190751324830291,3532,btc_qm_engine:btc_ptmc_accept,1.0000000000
METRIC,2026-04-12T23:26:54Z,190751324852821,3532,btc_qm_engine:btc_ptmc_rep_hot,6.0000000000
METRIC,2026-04-12T23:26:54Z,190751324875371,3532,btc_qm_engine:btc_ptmc_rep_cold,5.0000000000
METRIC,2026-04-12T23:26:54Z,190751324898361,3532,btc_qm_engine:btc_ptmc_accept,1.0000000000
METRIC,2026-04-12T23:26:54Z,190751324920551,3532,btc_qm_engine:btc_ptmc_rep_hot,7.0000000000
METRIC,2026-04-12T23:26:54Z,190751324942711,3532,btc_qm_engine:btc_ptmc_rep_cold,6.0000000000
METRIC,2026-04-12T23:26:54Z,190751324965551,3532,btc_qm_engine:btc_ptmc_accept,1.0000000000
METRIC,2026-04-12T23:26:54Z,190751476771721,3532,btc_qm_engine:btc_ptmc_rep_hot,1.0000000000
METRIC,2026-04-12T23:26:54Z,190751476850841,3532,btc_qm_engine:btc_ptmc_rep_cold,0.0000000000
METRIC,2026-04-12T23:26:54Z,190751476877291,3532,btc_qm_engine:btc_ptmc_accept,-0.5135063048
METRIC,2026-04-12T23:26:54Z,190751476903411,3532,btc_qm_engine:btc_ptmc_rep_hot,2.0000000000
METRIC,2026-04-12T23:26:54Z,190751476927551,3532,btc_qm_engine:btc_ptmc_rep_cold,1.0000000000
METRIC,2026-04-12T23:26:54Z,190751476951391,3532,btc_qm_engine:btc_ptmc_accept,1.0000000000
METRIC,2026-04-12T23:26:54Z,190751476975281,3532,btc_qm_engine:btc_ptmc_rep_hot,3.0000000000
METRIC,2026-04-12T23:26:54Z,190751477016351,3532,btc_qm_engine:btc_ptmc_rep_cold,2.0000000000
METRIC,2026-04-12T23:26:54Z,190751477040341,3532,btc_qm_engine:btc_ptmc_accept,1.0000000000
METRIC,2026-04-12T23:26:54Z,190751477064581,3532,btc_qm_engine:btc_ptmc_rep_hot,4.0000000000
METRIC,2026-04-12T23:26:54Z,190751477087851,3532,btc_qm_engine:btc_ptmc_rep_cold,3.0000000000
METRIC,2026-04-12T23:26:54Z,190751477110151,3532,btc_qm_engine:btc_ptmc_accept,0.9048330071
METRIC,2026-04-12T23:26:54Z,190751477137021,3532,btc_qm_engine:btc_ptmc_rep_hot,5.0000000000
METRIC,2026-04-12T23:26:54Z,190751477161411,3532,btc_qm_engine:btc_ptmc_rep_cold,4.0000000000
METRIC,2026-04-12T23:26:54Z,190751477184741,3532,btc_qm_engine:btc_ptmc_accept,0.9394112740
METRIC,2026-04-12T23:26:54Z,190751477210441,3532,btc_qm_engine:btc_ptmc_rep_hot,6.0000000000
METRIC,2026-04-12T23:26:54Z,190751477234531,3532,btc_qm_engine:btc_ptmc_rep_cold,5.0000000000
METRIC,2026-04-12T23:26:54Z,190751477258741,3532,btc_qm_engine:btc_ptmc_accept,1.0000000000
METRIC,2026-04-12T23:26:54Z,190751477297611,3532,btc_qm_engine:btc_ptmc_rep_hot,7.0000000000
METRIC,2026-04-12T23:26:54Z,190751477321721,3532,btc_qm_engine:btc_ptmc_rep_cold,6.0000000000
METRIC,2026-04-12T23:26:54Z,190751477345691,3532,btc_qm_engine:btc_ptmc_accept,0.9767447714
METRIC,2026-04-12T23:26:54Z,190751576833025,3532,btc_qm_engine:btc_ptmc_rep_hot,1.0000000000
METRIC,2026-04-12T23:26:54Z,190751576916245,3532,btc_qm_engine:btc_ptmc_rep_cold,0.0000000000
METRIC,2026-04-12T23:26:54Z,190751576944455,3532,btc_qm_engine:btc_ptmc_accept,-0.1354937842
METRIC,2026-04-12T23:26:54Z,190751576977285,3532,btc_qm_engine:btc_ptmc_rep_hot,2.0000000000
METRIC,2026-04-12T23:26:54Z,190751577018355,3532,btc_qm_engine:btc_ptmc_rep_cold,1.0000000000
METRIC,2026-04-12T23:26:54Z,190751577057995,3532,btc_qm_engine:btc_ptmc_accept,1.0000000000
METRIC,2026-04-12T23:26:54Z,190751577093945,3532,btc_qm_engine:btc_ptmc_rep_hot,3.0000000000
METRIC,2026-04-12T23:26:54Z,190751577119735,3532,btc_qm_engine:btc_ptmc_rep_cold,2.0000000000
METRIC,2026-04-12T23:26:54Z,190751577144725,3532,btc_qm_engine:btc_ptmc_accept,1.0000000000
METRIC,2026-04-12T23:26:54Z,190751577170315,3532,btc_qm_engine:btc_ptmc_rep_hot,4.0000000000
METRIC,2026-04-12T23:26:54Z,190751577195975,3532,btc_qm_engine:btc_ptmc_rep_cold,3.0000000000
METRIC,2026-04-12T23:26:54Z,190751577220805,3532,btc_qm_engine:btc_ptmc_accept,1.0000000000
METRIC,2026-04-12T23:26:54Z,190751577250095,3532,btc_qm_engine:btc_ptmc_rep_hot,5.0000000000
METRIC,2026-04-12T23:26:54Z,190751577274105,3532,btc_qm_engine:btc_ptmc_rep_cold,4.0000000000
METRIC,2026-04-12T23:26:54Z,190751577319665,3532,btc_qm_engine:btc_ptmc_accept,1.0000000000
METRIC,2026-04-12T23:26:54Z,190751577356915,3532,btc_qm_engine:btc_ptmc_rep_hot,6.0000000000
METRIC,2026-04-12T23:26:54Z,190751577383115,3532,btc_qm_engine:btc_ptmc_rep_cold,5.0000000000
METRIC,2026-04-12T23:26:54Z,190751577409015,3532,btc_qm_engine:btc_ptmc_accept,1.0000000000
METRIC,2026-04-12T23:26:54Z,190751577447614,3532,btc_qm_engine:btc_ptmc_rep_hot,7.0000000000
METRIC,2026-04-12T23:26:54Z,190751577473764,3532,btc_qm_engine:btc_ptmc_rep_cold,6.0000000000
METRIC,2026-04-12T23:26:54Z,190751577499434,3532,btc_qm_engine:btc_ptmc_accept,1.0000000000
METRIC,2026-04-12T23:26:55Z,190751679414408,3532,btc_qm_engine:btc_ptmc_rep_hot,1.0000000000
METRIC,2026-04-12T23:26:55Z,190751679494888,3532,btc_qm_engine:btc_ptmc_rep_cold,0.0000000000
METRIC,2026-04-12T23:26:55Z,190751679521318,3532,btc_qm_engine:btc_ptmc_accept,-0.1355329307
METRIC,2026-04-12T23:26:55Z,190751679553838,3532,btc_qm_engine:btc_ptmc_rep_hot,2.0000000000
METRIC,2026-04-12T23:26:55Z,190751679579038,3532,btc_qm_engine:btc_ptmc_rep_cold,1.0000000000
METRIC,2026-04-12T23:26:55Z,190751679603138,3532,btc_qm_engine:btc_ptmc_accept,1.0000000000
METRIC,2026-04-12T23:26:55Z,190751679631988,3532,btc_qm_engine:btc_ptmc_rep_hot,3.0000000000
METRIC,2026-04-12T23:26:55Z,190751679657458,3532,btc_qm_engine:btc_ptmc_rep_cold,2.0000000000
METRIC,2026-04-12T23:26:55Z,190751679681458,3532,btc_qm_engine:btc_ptmc_accept,-0.8464868258
METRIC,2026-04-12T23:26:55Z,190751679707608,3532,btc_qm_engine:btc_ptmc_rep_hot,4.0000000000
METRIC,2026-04-12T23:26:55Z,190751679755068,3532,btc_qm_engine:btc_ptmc_rep_cold,3.0000000000
METRIC,2026-04-12T23:26:55Z,190751679794468,3532,btc_qm_engine:btc_ptmc_accept,1.0000000000
METRIC,2026-04-12T23:26:55Z,190751679821298,3532,btc_qm_engine:btc_ptmc_rep_hot,5.0000000000
METRIC,2026-04-12T23:26:55Z,190751679847288,3532,btc_qm_engine:btc_ptmc_rep_cold,4.0000000000
METRIC,2026-04-12T23:26:55Z,190751679873248,3532,btc_qm_engine:btc_ptmc_accept,1.0000000000
METRIC,2026-04-12T23:26:55Z,190751679905328,3532,btc_qm_engine:btc_ptmc_rep_hot,6.0000000000
METRIC,2026-04-12T23:26:55Z,190751679931528,3532,btc_qm_engine:btc_ptmc_rep_cold,5.0000000000
METRIC,2026-04-12T23:26:55Z,190751679958288,3532,btc_qm_engine:btc_ptmc_accept,1.0000000000
METRIC,2026-04-12T23:26:55Z,190751679989008,3532,btc_qm_engine:btc_ptmc_rep_hot,7.0000000000
METRIC,2026-04-12T23:26:55Z,190751680039788,3532,btc_qm_engine:btc_ptmc_rep_cold,6.0000000000
METRIC,2026-04-12T23:26:55Z,190751680074418,3532,btc_qm_engine:btc_ptmc_accept,1.0000000000
METRIC,2026-04-12T23:26:55Z,190751780945921,3532,btc_qm_engine:btc_ptmc_rep_hot,1.0000000000
METRIC,2026-04-12T23:26:55Z,190751781069911,3532,btc_qm_engine:btc_ptmc_rep_cold,0.0000000000
METRIC,2026-04-12T23:26:55Z,190751781096531,3532,btc_qm_engine:btc_ptmc_accept,1.0000000000
METRIC,2026-04-12T23:26:55Z,190751781715441,3532,btc_qm_engine:btc_ptmc_rep_hot,2.0000000000
METRIC,2026-04-12T23:26:55Z,190751781747231,3532,btc_qm_engine:btc_ptmc_rep_cold,1.0000000000
METRIC,2026-04-12T23:26:55Z,190751781770691,3532,btc_qm_engine:btc_ptmc_accept,0.7165701146
METRIC,2026-04-12T23:26:55Z,190751782295731,3532,btc_qm_engine:btc_ptmc_rep_hot,3.0000000000
METRIC,2026-04-12T23:26:55Z,190751782326501,3532,btc_qm_engine:btc_ptmc_rep_cold,2.0000000000
METRIC,2026-04-12T23:26:55Z,190751782350131,3532,btc_qm_engine:btc_ptmc_accept,1.0000000000
METRIC,2026-04-12T23:26:55Z,190751782379181,3532,btc_qm_engine:btc_ptmc_rep_hot,4.0000000000
METRIC,2026-04-12T23:26:55Z,190751782404671,3532,btc_qm_engine:btc_ptmc_rep_cold,3.0000000000
METRIC,2026-04-12T23:26:55Z,190751782429391,3532,btc_qm_engine:btc_ptmc_accept,1.0000000000
METRIC,2026-04-12T23:26:55Z,190751782460921,3532,btc_qm_engine:btc_ptmc_rep_hot,5.0000000000
METRIC,2026-04-12T23:26:55Z,190751782485611,3532,btc_qm_engine:btc_ptmc_rep_cold,4.0000000000
METRIC,2026-04-12T23:26:55Z,190751782509901,3532,btc_qm_engine:btc_ptmc_accept,1.0000000000
METRIC,2026-04-12T23:26:55Z,190751782537771,3532,btc_qm_engine:btc_ptmc_rep_hot,6.0000000000
METRIC,2026-04-12T23:26:55Z,190751782594901,3532,btc_qm_engine:btc_ptmc_rep_cold,5.0000000000
METRIC,2026-04-12T23:26:55Z,190751782620231,3532,btc_qm_engine:btc_ptmc_accept,1.0000000000
METRIC,2026-04-12T23:26:55Z,190751782657241,3532,btc_qm_engine:btc_ptmc_rep_hot,7.0000000000
METRIC,2026-04-12T23:26:55Z,190751782681851,3532,btc_qm_engine:btc_ptmc_rep_cold,6.0000000000
METRIC,2026-04-12T23:26:55Z,190751782706071,3532,btc_qm_engine:btc_ptmc_accept,1.0000000000
METRIC,2026-04-12T23:26:55Z,190751883827135,3532,btc_qm_engine:btc_ptmc_rep_hot,1.0000000000
METRIC,2026-04-12T23:26:55Z,190751883903575,3532,btc_qm_engine:btc_ptmc_rep_cold,0.0000000000
METRIC,2026-04-12T23:26:55Z,190751883924715,3532,btc_qm_engine:btc_ptmc_accept,-0.0695317437
METRIC,2026-04-12T23:26:55Z,190751883950305,3532,btc_qm_engine:btc_ptmc_rep_hot,2.0000000000
METRIC,2026-04-12T23:26:55Z,190751883969535,3532,btc_qm_engine:btc_ptmc_rep_cold,1.0000000000
METRIC,2026-04-12T23:26:55Z,190751884445165,3532,btc_qm_engine:btc_ptmc_accept,1.0000000000
METRIC,2026-04-12T23:26:55Z,190751884479545,3532,btc_qm_engine:btc_ptmc_rep_hot,3.0000000000
METRIC,2026-04-12T23:26:55Z,190751884499145,3532,btc_qm_engine:btc_ptmc_rep_cold,2.0000000000
METRIC,2026-04-12T23:26:55Z,190751884518175,3532,btc_qm_engine:btc_ptmc_accept,1.0000000000
METRIC,2026-04-12T23:26:55Z,190751884537345,3532,btc_qm_engine:btc_ptmc_rep_hot,4.0000000000
METRIC,2026-04-12T23:26:55Z,190751884556095,3532,btc_qm_engine:btc_ptmc_rep_cold,3.0000000000
METRIC,2026-04-12T23:26:55Z,190751884586445,3532,btc_qm_engine:btc_ptmc_accept,1.0000000000
METRIC,2026-04-12T23:26:55Z,190751884617525,3532,btc_qm_engine:btc_ptmc_rep_hot,5.0000000000
METRIC,2026-04-12T23:26:55Z,190751884636275,3532,btc_qm_engine:btc_ptmc_rep_cold,4.0000000000
METRIC,2026-04-12T23:26:55Z,190751884655145,3532,btc_qm_engine:btc_ptmc_accept,1.0000000000
METRIC,2026-04-12T23:26:55Z,190751884676125,3532,btc_qm_engine:btc_ptmc_rep_hot,6.0000000000
METRIC,2026-04-12T23:26:55Z,190751884695295,3532,btc_qm_engine:btc_ptmc_rep_cold,5.0000000000
METRIC,2026-04-12T23:26:55Z,190751884714005,3532,btc_qm_engine:btc_ptmc_accept,1.0000000000
METRIC,2026-04-12T23:26:55Z,190751884734905,3532,btc_qm_engine:btc_ptmc_rep_hot,7.0000000000
METRIC,2026-04-12T23:26:55Z,190751884754865,3532,btc_qm_engine:btc_ptmc_rep_cold,6.0000000000
METRIC,2026-04-12T23:26:55Z,190751884773685,3532,btc_qm_engine:btc_ptmc_accept,1.0000000000
METRIC,2026-04-12T23:26:55Z,190751987899678,3532,btc_qm_engine:btc_ptmc_rep_hot,1.0000000000
METRIC,2026-04-12T23:26:55Z,190751987991028,3532,btc_qm_engine:btc_ptmc_rep_cold,0.0000000000
METRIC,2026-04-12T23:26:55Z,190751988052368,3532,btc_qm_engine:btc_ptmc_accept,1.0000000000
METRIC,2026-04-12T23:26:55Z,190751988103538,3532,btc_qm_engine:btc_ptmc_rep_hot,2.0000000000
METRIC,2026-04-12T23:26:55Z,190751988143118,3532,btc_qm_engine:btc_ptmc_rep_cold,1.0000000000
METRIC,2026-04-12T23:26:55Z,190751988167938,3532,btc_qm_engine:btc_ptmc_accept,-0.7165313106
METRIC,2026-04-12T23:26:55Z,190751988307088,3532,btc_qm_engine:btc_ptmc_rep_hot,3.0000000000
METRIC,2026-04-12T23:26:55Z,190751988458938,3532,btc_qm_engine:btc_ptmc_rep_cold,2.0000000000
METRIC,2026-04-12T23:26:55Z,190751988477998,3532,btc_qm_engine:btc_ptmc_accept,0.7165313106
METRIC,2026-04-12T23:26:55Z,190751988535138,3532,btc_qm_engine:btc_ptmc_rep_hot,4.0000000000
METRIC,2026-04-12T23:26:55Z,190751988561058,3532,btc_qm_engine:btc_ptmc_rep_cold,3.0000000000
METRIC,2026-04-12T23:26:55Z,190751988581288,3532,btc_qm_engine:btc_ptmc_accept,1.0000000000
METRIC,2026-04-12T23:26:55Z,190751988606598,3532,btc_qm_engine:btc_ptmc_rep_hot,5.0000000000
METRIC,2026-04-12T23:26:55Z,190751988631968,3532,btc_qm_engine:btc_ptmc_rep_cold,4.0000000000
METRIC,2026-04-12T23:26:55Z,190751988656468,3532,btc_qm_engine:btc_ptmc_accept,0.9394130628
METRIC,2026-04-12T23:26:55Z,190751988688058,3532,btc_qm_engine:btc_ptmc_rep_hot,6.0000000000
METRIC,2026-04-12T23:26:55Z,190751988712348,3532,btc_qm_engine:btc_ptmc_rep_cold,5.0000000000
METRIC,2026-04-12T23:26:55Z,190751988737208,3532,btc_qm_engine:btc_ptmc_accept,0.9298543921
METRIC,2026-04-12T23:26:55Z,190751988768328,3532,btc_qm_engine:btc_ptmc_rep_hot,7.0000000000
METRIC,2026-04-12T23:26:55Z,190751988793568,3532,btc_qm_engine:btc_ptmc_rep_cold,6.0000000000
METRIC,2026-04-12T23:26:55Z,190751988818478,3532,btc_qm_engine:btc_ptmc_accept,0.9540312765
METRIC,2026-04-12T23:26:55Z,190752088590552,3532,btc_qm_engine:btc_ptmc_rep_hot,1.0000000000
METRIC,2026-04-12T23:26:55Z,190752088664682,3532,btc_qm_engine:btc_ptmc_rep_cold,0.0000000000
METRIC,2026-04-12T23:26:55Z,190752088691852,3532,btc_qm_engine:btc_ptmc_accept,-0.5134171190
METRIC,2026-04-12T23:26:55Z,190752088722892,3532,btc_qm_engine:btc_ptmc_rep_hot,2.0000000000
METRIC,2026-04-12T23:26:55Z,190752088758812,3532,btc_qm_engine:btc_ptmc_rep_cold,1.0000000000
METRIC,2026-04-12T23:26:55Z,190752088793322,3532,btc_qm_engine:btc_ptmc_accept,1.0000000000
METRIC,2026-04-12T23:26:55Z,190752088820332,3532,btc_qm_engine:btc_ptmc_rep_hot,3.0000000000
METRIC,2026-04-12T23:26:55Z,190752088842722,3532,btc_qm_engine:btc_ptmc_rep_cold,2.0000000000
METRIC,2026-04-12T23:26:55Z,190752088865442,3532,btc_qm_engine:btc_ptmc_accept,1.0000000000
METRIC,2026-04-12T23:26:55Z,190752088895982,3532,btc_qm_engine:btc_ptmc_rep_hot,4.0000000000
METRIC,2026-04-12T23:26:55Z,190752088920732,3532,btc_qm_engine:btc_ptmc_rep_cold,3.0000000000
METRIC,2026-04-12T23:26:55Z,190752088945352,3532,btc_qm_engine:btc_ptmc_accept,1.0000000000
METRIC,2026-04-12T23:26:55Z,190752088976482,3532,btc_qm_engine:btc_ptmc_rep_hot,5.0000000000
METRIC,2026-04-12T23:26:55Z,190752089019192,3532,btc_qm_engine:btc_ptmc_rep_cold,4.0000000000
METRIC,2026-04-12T23:26:55Z,190752089042952,3532,btc_qm_engine:btc_ptmc_accept,1.0000000000
METRIC,2026-04-12T23:26:55Z,190752089079432,3532,btc_qm_engine:btc_ptmc_rep_hot,6.0000000000
METRIC,2026-04-12T23:26:55Z,190752089108812,3532,btc_qm_engine:btc_ptmc_rep_cold,5.0000000000
METRIC,2026-04-12T23:26:55Z,190752089131342,3532,btc_qm_engine:btc_ptmc_accept,1.0000000000
METRIC,2026-04-12T23:26:55Z,190752089154902,3532,btc_qm_engine:btc_ptmc_rep_hot,7.0000000000
METRIC,2026-04-12T23:26:55Z,190752089177582,3532,btc_qm_engine:btc_ptmc_rep_cold,6.0000000000
METRIC,2026-04-12T23:26:55Z,190752089202692,3532,btc_qm_engine:btc_ptmc_accept,1.0000000000
METRIC,2026-04-12T23:26:55Z,190752190290015,3532,btc_qm_engine:btc_ptmc_rep_hot,1.0000000000
METRIC,2026-04-12T23:26:55Z,190752190355075,3532,btc_qm_engine:btc_ptmc_rep_cold,0.0000000000
METRIC,2026-04-12T23:26:55Z,190752190381485,3532,btc_qm_engine:btc_ptmc_accept,0.5135063048
METRIC,2026-04-12T23:26:55Z,190752190416135,3532,btc_qm_engine:btc_ptmc_rep_hot,2.0000000000
METRIC,2026-04-12T23:26:55Z,190752190438365,3532,btc_qm_engine:btc_ptmc_rep_cold,1.0000000000
METRIC,2026-04-12T23:26:55Z,190752190460475,3532,btc_qm_engine:btc_ptmc_accept,1.0000000000
METRIC,2026-04-12T23:26:55Z,190752190491785,3532,btc_qm_engine:btc_ptmc_rep_hot,3.0000000000
METRIC,2026-04-12T23:26:55Z,190752190514745,3532,btc_qm_engine:btc_ptmc_rep_cold,2.0000000000
METRIC,2026-04-12T23:26:55Z,190752190537995,3532,btc_qm_engine:btc_ptmc_accept,1.0000000000
METRIC,2026-04-12T23:26:55Z,190752190567875,3532,btc_qm_engine:btc_ptmc_rep_hot,4.0000000000
METRIC,2026-04-12T23:26:55Z,190752190591755,3532,btc_qm_engine:btc_ptmc_rep_cold,3.0000000000
METRIC,2026-04-12T23:26:55Z,190752190614765,3532,btc_qm_engine:btc_ptmc_accept,1.0000000000
METRIC,2026-04-12T23:26:55Z,190752190670995,3532,btc_qm_engine:btc_ptmc_rep_hot,5.0000000000
METRIC,2026-04-12T23:26:55Z,190752190694435,3532,btc_qm_engine:btc_ptmc_rep_cold,4.0000000000
METRIC,2026-04-12T23:26:55Z,190752190717865,3532,btc_qm_engine:btc_ptmc_accept,1.0000000000
METRIC,2026-04-12T23:26:55Z,190752190757025,3532,btc_qm_engine:btc_ptmc_rep_hot,6.0000000000
METRIC,2026-04-12T23:26:55Z,190752190780405,3532,btc_qm_engine:btc_ptmc_rep_cold,5.0000000000
METRIC,2026-04-12T23:26:55Z,190752190804765,3532,btc_qm_engine:btc_ptmc_accept,0.9642889574
METRIC,2026-04-12T23:26:55Z,190752190849185,3532,btc_qm_engine:btc_ptmc_rep_hot,7.0000000000
METRIC,2026-04-12T23:26:55Z,190752190879555,3532,btc_qm_engine:btc_ptmc_rep_cold,6.0000000000
METRIC,2026-04-12T23:26:55Z,190752190903385,3532,btc_qm_engine:btc_ptmc_accept,1.0000000000
METRIC,2026-04-12T23:26:55Z,190752295319319,3532,btc_qm_engine:btc_ptmc_rep_hot,1.0000000000
METRIC,2026-04-12T23:26:55Z,190752295414059,3532,btc_qm_engine:btc_ptmc_rep_cold,0.0000000000
METRIC,2026-04-12T23:26:55Z,190752295440839,3532,btc_qm_engine:btc_ptmc_accept,1.0000000000
METRIC,2026-04-12T23:26:55Z,190752295494249,3532,btc_qm_engine:btc_ptmc_rep_hot,2.0000000000
METRIC,2026-04-12T23:26:55Z,190752295519559,3532,btc_qm_engine:btc_ptmc_rep_cold,1.0000000000
METRIC,2026-04-12T23:26:55Z,190752295553329,3532,btc_qm_engine:btc_ptmc_accept,1.0000000000
METRIC,2026-04-12T23:26:55Z,190752295579659,3532,btc_qm_engine:btc_ptmc_rep_hot,3.0000000000
METRIC,2026-04-12T23:26:55Z,190752295604199,3532,btc_qm_engine:btc_ptmc_rep_cold,2.0000000000
METRIC,2026-04-12T23:26:55Z,190752295629039,3532,btc_qm_engine:btc_ptmc_accept,0.8464766237
METRIC,2026-04-12T23:26:55Z,190752295658979,3532,btc_qm_engine:btc_ptmc_rep_hot,4.0000000000
METRIC,2026-04-12T23:26:55Z,190752295683519,3532,btc_qm_engine:btc_ptmc_rep_cold,3.0000000000
METRIC,2026-04-12T23:26:55Z,190752295707779,3532,btc_qm_engine:btc_ptmc_accept,0.9048354550
METRIC,2026-04-12T23:26:55Z,190752295735489,3532,btc_qm_engine:btc_ptmc_rep_hot,5.0000000000
METRIC,2026-04-12T23:26:55Z,190752295759139,3532,btc_qm_engine:btc_ptmc_rep_cold,4.0000000000
METRIC,2026-04-12T23:26:55Z,190752295783989,3532,btc_qm_engine:btc_ptmc_accept,0.9394122667
METRIC,2026-04-12T23:26:55Z,190752295811019,3532,btc_qm_engine:btc_ptmc_rep_hot,6.0000000000
METRIC,2026-04-12T23:26:55Z,190752295835509,3532,btc_qm_engine:btc_ptmc_rep_cold,5.0000000000
METRIC,2026-04-12T23:26:55Z,190752295861639,3532,btc_qm_engine:btc_ptmc_accept,0.9642893023
METRIC,2026-04-12T23:26:55Z,190752295899429,3532,btc_qm_engine:btc_ptmc_rep_hot,7.0000000000
METRIC,2026-04-12T23:26:55Z,190752295926039,3532,btc_qm_engine:btc_ptmc_rep_cold,6.0000000000
METRIC,2026-04-12T23:26:55Z,190752295950739,3532,btc_qm_engine:btc_ptmc_accept,0.9767446541
METRIC,2026-04-12T23:26:55Z,190752398421712,3532,btc_qm_engine:btc_ptmc_rep_hot,1.0000000000
METRIC,2026-04-12T23:26:55Z,190752398488612,3532,btc_qm_engine:btc_ptmc_rep_cold,0.0000000000
METRIC,2026-04-12T23:26:55Z,190752398508972,3532,btc_qm_engine:btc_ptmc_accept,1.0000000000
METRIC,2026-04-12T23:26:55Z,190752398532212,3532,btc_qm_engine:btc_ptmc_rep_hot,2.0000000000
METRIC,2026-04-12T23:26:55Z,190752398551352,3532,btc_qm_engine:btc_ptmc_rep_cold,1.0000000000
METRIC,2026-04-12T23:26:55Z,190752398576062,3532,btc_qm_engine:btc_ptmc_accept,1.0000000000
METRIC,2026-04-12T23:26:55Z,190752398603992,3532,btc_qm_engine:btc_ptmc_rep_hot,3.0000000000
METRIC,2026-04-12T23:26:55Z,190752398625632,3532,btc_qm_engine:btc_ptmc_rep_cold,2.0000000000
METRIC,2026-04-12T23:26:55Z,190752398644672,3532,btc_qm_engine:btc_ptmc_accept,1.0000000000
METRIC,2026-04-12T23:26:55Z,190752398684732,3532,btc_qm_engine:btc_ptmc_rep_hot,4.0000000000
METRIC,2026-04-12T23:26:55Z,190752398720762,3532,btc_qm_engine:btc_ptmc_rep_cold,3.0000000000
METRIC,2026-04-12T23:26:55Z,190752398753012,3532,btc_qm_engine:btc_ptmc_accept,1.0000000000
METRIC,2026-04-12T23:26:55Z,190752398778462,3532,btc_qm_engine:btc_ptmc_rep_hot,5.0000000000
METRIC,2026-04-12T23:26:55Z,190752398796962,3532,btc_qm_engine:btc_ptmc_rep_cold,4.0000000000
METRIC,2026-04-12T23:26:55Z,190752398829492,3532,btc_qm_engine:btc_ptmc_accept,0.9394138589
METRIC,2026-04-12T23:26:55Z,190752398854472,3532,btc_qm_engine:btc_ptmc_rep_hot,6.0000000000
METRIC,2026-04-12T23:26:55Z,190752398872802,3532,btc_qm_engine:btc_ptmc_rep_cold,5.0000000000
METRIC,2026-04-12T23:26:55Z,190752398891002,3532,btc_qm_engine:btc_ptmc_accept,1.0000000000
METRIC,2026-04-12T23:26:55Z,190752398922742,3532,btc_qm_engine:btc_ptmc_rep_hot,7.0000000000
METRIC,2026-04-12T23:26:55Z,190752398948472,3532,btc_qm_engine:btc_ptmc_rep_cold,6.0000000000
METRIC,2026-04-12T23:26:55Z,190752398967582,3532,btc_qm_engine:btc_ptmc_accept,0.9767447714
METRIC,2026-04-12T23:26:55Z,190752400377142,3532,btc_qm_engine:btc_hashrate_mhs,0.9730299356
METRIC,2026-04-12T23:26:55Z,190752400428472,3532,btc_qm_engine:btc_hashrate_thread_id,5.0000000000
METRIC,2026-04-12T23:26:55Z,190752406451132,3532,btc_qm_engine:btc_hashrate_mhs,0.9730996480
METRIC,2026-04-12T23:26:55Z,190752406498752,3532,btc_qm_engine:btc_hashrate_thread_id,1.0000000000
METRIC,2026-04-12T23:26:55Z,190752408292821,3532,btc_qm_engine:btc_hashrate_mhs,0.9731706252
METRIC,2026-04-12T23:26:55Z,190752408345731,3532,btc_qm_engine:btc_hashrate_thread_id,7.0000000000
METRIC,2026-04-12T23:26:55Z,190752408755091,3532,btc_qm_engine:btc_nx48_delta_nonce_old,2.3036189622
METRIC,2026-04-12T23:26:55Z,190752408788641,3532,btc_qm_engine:btc_nx48_delta_nonce_new,2.4594449437
METRIC,2026-04-12T23:26:55Z,190752408813721,3532,btc_qm_engine:btc_nx48_batch_old,4.0000000000
METRIC,2026-04-12T23:26:55Z,190752408838591,3532,btc_qm_engine:btc_nx48_batch_new,4.0000000000
METRIC,2026-04-12T23:26:55Z,190752408862891,3532,btc_qm_engine:btc_nx48_loss,0.6512139297
METRIC,2026-04-12T23:26:55Z,190752408887731,3532,btc_qm_engine:btc_nx48_grad_norm,0.6853571960
METRIC,2026-04-12T23:26:55Z,190752408912611,3532,btc_qm_engine:btc_nx48_update_count,46.0000000000
METRIC,2026-04-12T23:26:55Z,190752408938331,3532,btc_qm_engine:btc_nx48_exploration_bias,0.4968517640
METRIC,2026-04-12T23:26:55Z,190752408962871,3532,btc_qm_engine:btc_hashrate_mhs,0.9732025842
METRIC,2026-04-12T23:26:55Z,190752408987541,3532,btc_qm_engine:btc_hashrate_thread_id,0.0000000000
METRIC,2026-04-12T23:26:55Z,190752410476781,3532,btc_qm_engine:btc_hashrate_mhs,0.9732231287
METRIC,2026-04-12T23:26:55Z,190752410519791,3532,btc_qm_engine:btc_hashrate_thread_id,6.0000000000
METRIC,2026-04-12T23:26:55Z,190752414533021,3532,btc_qm_engine:btc_hashrate_mhs,0.9731745778
METRIC,2026-04-12T23:26:55Z,190752414581941,3532,btc_qm_engine:btc_hashrate_thread_id,2.0000000000
METRIC,2026-04-12T23:26:55Z,190752415091101,3532,btc_qm_engine:btc_hashrate_mhs,0.9732012141
METRIC,2026-04-12T23:26:55Z,190752415119861,3532,btc_qm_engine:btc_hashrate_thread_id,4.0000000000
METRIC,2026-04-12T23:26:55Z,190752419753641,3532,btc_qm_engine:btc_hashrate_mhs,0.9732335261
METRIC,2026-04-12T23:26:55Z,190752419814351,3532,btc_qm_engine:btc_hashrate_thread_id,3.0000000000
METRIC,2026-04-12T23:26:55Z,190752504653065,3532,btc_qm_engine:btc_ptmc_rep_hot,1.0000000000
METRIC,2026-04-12T23:26:55Z,190752504725095,3532,btc_qm_engine:btc_ptmc_rep_cold,0.0000000000
METRIC,2026-04-12T23:26:55Z,190752504755045,3532,btc_qm_engine:btc_ptmc_accept,1.0000000000
METRIC,2026-04-12T23:26:55Z,190752504784325,3532,btc_qm_engine:btc_ptmc_rep_hot,2.0000000000
METRIC,2026-04-12T23:26:55Z,190752504809735,3532,btc_qm_engine:btc_ptmc_rep_cold,1.0000000000
METRIC,2026-04-12T23:26:55Z,190752504832835,3532,btc_qm_engine:btc_ptmc_accept,1.0000000000
METRIC,2026-04-12T23:26:55Z,190752504862575,3532,btc_qm_engine:btc_ptmc_rep_hot,3.0000000000
METRIC,2026-04-12T23:26:55Z,190752504887565,3532,btc_qm_engine:btc_ptmc_rep_cold,2.0000000000
METRIC,2026-04-12T23:26:55Z,190752504911405,3532,btc_qm_engine:btc_ptmc_accept,1.0000000000
METRIC,2026-04-12T23:26:55Z,190752504941935,3532,btc_qm_engine:btc_ptmc_rep_hot,4.0000000000
METRIC,2026-04-12T23:26:55Z,190752504965505,3532,btc_qm_engine:btc_ptmc_rep_cold,3.0000000000
METRIC,2026-04-12T23:26:55Z,190752504989825,3532,btc_qm_engine:btc_ptmc_accept,1.0000000000
METRIC,2026-04-12T23:26:55Z,190752505097655,3532,btc_qm_engine:btc_ptmc_rep_hot,5.0000000000
METRIC,2026-04-12T23:26:55Z,190752505120835,3532,btc_qm_engine:btc_ptmc_rep_cold,4.0000000000
METRIC,2026-04-12T23:26:55Z,190752505196595,3532,btc_qm_engine:btc_ptmc_accept,1.0000000000
METRIC,2026-04-12T23:26:55Z,190752505225605,3532,btc_qm_engine:btc_ptmc_rep_hot,6.0000000000
METRIC,2026-04-12T23:26:55Z,190752505249525,3532,btc_qm_engine:btc_ptmc_rep_cold,5.0000000000
METRIC,2026-04-12T23:26:55Z,190752505272415,3532,btc_qm_engine:btc_ptmc_accept,1.0000000000
METRIC,2026-04-12T23:26:55Z,190752505298495,3532,btc_qm_engine:btc_ptmc_rep_hot,7.0000000000
METRIC,2026-04-12T23:26:55Z,190752505322775,3532,btc_qm_engine:btc_ptmc_rep_cold,6.0000000000
METRIC,2026-04-12T23:26:55Z,190752505346365,3532,btc_qm_engine:btc_ptmc_accept,1.0000000000
METRIC,2026-04-12T23:26:55Z,190752611142338,3532,btc_qm_engine:btc_ptmc_rep_hot,1.0000000000
METRIC,2026-04-12T23:26:55Z,190752611220258,3532,btc_qm_engine:btc_ptmc_rep_cold,0.0000000000
METRIC,2026-04-12T23:26:55Z,190752611246918,3532,btc_qm_engine:btc_ptmc_accept,1.0000000000
METRIC,2026-04-12T23:26:55Z,190752611277528,3532,btc_qm_engine:btc_ptmc_rep_hot,2.0000000000
METRIC,2026-04-12T23:26:55Z,190752611302468,3532,btc_qm_engine:btc_ptmc_rep_cold,1.0000000000
METRIC,2026-04-12T23:26:55Z,190752611327688,3532,btc_qm_engine:btc_ptmc_accept,1.0000000000
METRIC,2026-04-12T23:26:55Z,190752611355638,3532,btc_qm_engine:btc_ptmc_rep_hot,3.0000000000
METRIC,2026-04-12T23:26:55Z,190752611379938,3532,btc_qm_engine:btc_ptmc_rep_cold,2.0000000000
METRIC,2026-04-12T23:26:55Z,190752611404948,3532,btc_qm_engine:btc_ptmc_accept,1.0000000000
METRIC,2026-04-12T23:26:55Z,190752611435198,3532,btc_qm_engine:btc_ptmc_rep_hot,4.0000000000
METRIC,2026-04-12T23:26:55Z,190752611459918,3532,btc_qm_engine:btc_ptmc_rep_cold,3.0000000000
METRIC,2026-04-12T23:26:55Z,190752611484558,3532,btc_qm_engine:btc_ptmc_accept,1.0000000000
METRIC,2026-04-12T23:26:55Z,190752611512418,3532,btc_qm_engine:btc_ptmc_rep_hot,5.0000000000
METRIC,2026-04-12T23:26:55Z,190752611548688,3532,btc_qm_engine:btc_ptmc_rep_cold,4.0000000000
METRIC,2026-04-12T23:26:55Z,190752611584208,3532,btc_qm_engine:btc_ptmc_accept,1.0000000000
METRIC,2026-04-12T23:26:55Z,190752611620088,3532,btc_qm_engine:btc_ptmc_rep_hot,6.0000000000
METRIC,2026-04-12T23:26:55Z,190752611644518,3532,btc_qm_engine:btc_ptmc_rep_cold,5.0000000000
METRIC,2026-04-12T23:26:55Z,190752611668838,3532,btc_qm_engine:btc_ptmc_accept,1.0000000000
METRIC,2026-04-12T23:26:55Z,190752611698178,3532,btc_qm_engine:btc_ptmc_rep_hot,7.0000000000
METRIC,2026-04-12T23:26:55Z,190752611723148,3532,btc_qm_engine:btc_ptmc_rep_cold,6.0000000000
METRIC,2026-04-12T23:26:55Z,190752611753258,3532,btc_qm_engine:btc_ptmc_accept,1.0000000000
METRIC,2026-04-12T23:26:56Z,190752714275442,3532,btc_qm_engine:btc_ptmc_rep_hot,1.0000000000
METRIC,2026-04-12T23:26:56Z,190752714350072,3532,btc_qm_engine:btc_ptmc_rep_cold,0.0000000000
METRIC,2026-04-12T23:26:56Z,190752714376892,3532,btc_qm_engine:btc_ptmc_accept,1.0000000000
METRIC,2026-04-12T23:26:56Z,190752714409072,3532,btc_qm_engine:btc_ptmc_rep_hot,2.0000000000
METRIC,2026-04-12T23:26:56Z,190752714433862,3532,btc_qm_engine:btc_ptmc_rep_cold,1.0000000000
METRIC,2026-04-12T23:26:56Z,190752714458402,3532,btc_qm_engine:btc_ptmc_accept,1.0000000000
METRIC,2026-04-12T23:26:56Z,190752714488502,3532,btc_qm_engine:btc_ptmc_rep_hot,3.0000000000
METRIC,2026-04-12T23:26:56Z,190752714513292,3532,btc_qm_engine:btc_ptmc_rep_cold,2.0000000000
METRIC,2026-04-12T23:26:56Z,190752714537712,3532,btc_qm_engine:btc_ptmc_accept,1.0000000000
METRIC,2026-04-12T23:26:56Z,190752714568442,3532,btc_qm_engine:btc_ptmc_rep_hot,4.0000000000
METRIC,2026-04-12T23:26:56Z,190752714592872,3532,btc_qm_engine:btc_ptmc_rep_cold,3.0000000000
METRIC,2026-04-12T23:26:56Z,190752714617172,3532,btc_qm_engine:btc_ptmc_accept,1.0000000000
METRIC,2026-04-12T23:26:56Z,190752714649342,3532,btc_qm_engine:btc_ptmc_rep_hot,5.0000000000
METRIC,2026-04-12T23:26:56Z,190752714674172,3532,btc_qm_engine:btc_ptmc_rep_cold,4.0000000000
METRIC,2026-04-12T23:26:56Z,190752714726852,3532,btc_qm_engine:btc_ptmc_accept,1.0000000000
METRIC,2026-04-12T23:26:56Z,190752714763442,3532,btc_qm_engine:btc_ptmc_rep_hot,6.0000000000
METRIC,2026-04-12T23:26:56Z,190752714788122,3532,btc_qm_engine:btc_ptmc_rep_cold,5.0000000000
METRIC,2026-04-12T23:26:56Z,190752714812532,3532,btc_qm_engine:btc_ptmc_accept,1.0000000000
METRIC,2026-04-12T23:26:56Z,190752714846782,3532,btc_qm_engine:btc_ptmc_rep_hot,7.0000000000
METRIC,2026-04-12T23:26:56Z,190752714870922,3532,btc_qm_engine:btc_ptmc_rep_cold,6.0000000000
METRIC,2026-04-12T23:26:56Z,190752714893952,3532,btc_qm_engine:btc_ptmc_accept,1.0000000000
METRIC,2026-04-12T23:26:56Z,190752814517475,3532,btc_qm_engine:btc_ptmc_rep_hot,1.0000000000
METRIC,2026-04-12T23:26:56Z,190752814589825,3532,btc_qm_engine:btc_ptmc_rep_cold,0.0000000000
METRIC,2026-04-12T23:26:56Z,190752814616325,3532,btc_qm_engine:btc_ptmc_accept,1.0000000000
METRIC,2026-04-12T23:26:56Z,190752814645945,3532,btc_qm_engine:btc_ptmc_rep_hot,2.0000000000
METRIC,2026-04-12T23:26:56Z,190752814671735,3532,btc_qm_engine:btc_ptmc_rep_cold,1.0000000000
METRIC,2026-04-12T23:26:56Z,190752814696835,3532,btc_qm_engine:btc_ptmc_accept,1.0000000000
METRIC,2026-04-12T23:26:56Z,190752814733845,3532,btc_qm_engine:btc_ptmc_rep_hot,3.0000000000
METRIC,2026-04-12T23:26:56Z,190752814767405,3532,btc_qm_engine:btc_ptmc_rep_cold,2.0000000000
METRIC,2026-04-12T23:26:56Z,190752814792865,3532,btc_qm_engine:btc_ptmc_accept,1.0000000000
METRIC,2026-04-12T23:26:56Z,190752814821525,3532,btc_qm_engine:btc_ptmc_rep_hot,4.0000000000
METRIC,2026-04-12T23:26:56Z,190752814842065,3532,btc_qm_engine:btc_ptmc_rep_cold,3.0000000000
METRIC,2026-04-12T23:26:56Z,190752814860925,3532,btc_qm_engine:btc_ptmc_accept,1.0000000000
METRIC,2026-04-12T23:26:56Z,190752814882815,3532,btc_qm_engine:btc_ptmc_rep_hot,5.0000000000
METRIC,2026-04-12T23:26:56Z,190752814901595,3532,btc_qm_engine:btc_ptmc_rep_cold,4.0000000000
METRIC,2026-04-12T23:26:56Z,190752814920675,3532,btc_qm_engine:btc_ptmc_accept,1.0000000000
METRIC,2026-04-12T23:26:56Z,190752814942225,3532,btc_qm_engine:btc_ptmc_rep_hot,6.0000000000
METRIC,2026-04-12T23:26:56Z,190752814960895,3532,btc_qm_engine:btc_ptmc_rep_cold,5.0000000000
METRIC,2026-04-12T23:26:56Z,190752814979805,3532,btc_qm_engine:btc_ptmc_accept,1.0000000000
METRIC,2026-04-12T23:26:56Z,190752815015705,3532,btc_qm_engine:btc_ptmc_rep_hot,7.0000000000
METRIC,2026-04-12T23:26:56Z,190752815035005,3532,btc_qm_engine:btc_ptmc_rep_cold,6.0000000000
METRIC,2026-04-12T23:26:56Z,190752815060195,3532,btc_qm_engine:btc_ptmc_accept,1.0000000000
METRIC,2026-04-12T23:26:56Z,190752940261587,3532,btc_qm_engine:btc_ptmc_rep_hot,1.0000000000
METRIC,2026-04-12T23:26:56Z,190752940344497,3532,btc_qm_engine:btc_ptmc_rep_cold,0.0000000000
METRIC,2026-04-12T23:26:56Z,190752940371007,3532,btc_qm_engine:btc_ptmc_accept,1.0000000000
METRIC,2026-04-12T23:26:56Z,190752940401037,3532,btc_qm_engine:btc_ptmc_rep_hot,2.0000000000
METRIC,2026-04-12T23:26:56Z,190752940425877,3532,btc_qm_engine:btc_ptmc_rep_cold,1.0000000000
METRIC,2026-04-12T23:26:56Z,190752940450157,3532,btc_qm_engine:btc_ptmc_accept,1.0000000000
METRIC,2026-04-12T23:26:56Z,190752940477737,3532,btc_qm_engine:btc_ptmc_rep_hot,3.0000000000
METRIC,2026-04-12T23:26:56Z,190752940501997,3532,btc_qm_engine:btc_ptmc_rep_cold,2.0000000000
METRIC,2026-04-12T23:26:56Z,190752940526367,3532,btc_qm_engine:btc_ptmc_accept,1.0000000000
METRIC,2026-04-12T23:26:56Z,190752940562217,3532,btc_qm_engine:btc_ptmc_rep_hot,4.0000000000
METRIC,2026-04-12T23:26:56Z,190752940587717,3532,btc_qm_engine:btc_ptmc_rep_cold,3.0000000000
METRIC,2026-04-12T23:26:56Z,190752940612437,3532,btc_qm_engine:btc_ptmc_accept,1.0000000000
METRIC,2026-04-12T23:26:56Z,190752940645917,3532,btc_qm_engine:btc_ptmc_rep_hot,5.0000000000
METRIC,2026-04-12T23:26:56Z,190752940670327,3532,btc_qm_engine:btc_ptmc_rep_cold,4.0000000000
METRIC,2026-04-12T23:26:56Z,190752940694987,3532,btc_qm_engine:btc_ptmc_accept,1.0000000000
METRIC,2026-04-12T23:26:56Z,190752940720987,3532,btc_qm_engine:btc_ptmc_rep_hot,6.0000000000
METRIC,2026-04-12T23:26:56Z,190752940784687,3532,btc_qm_engine:btc_ptmc_rep_cold,5.0000000000
METRIC,2026-04-12T23:26:56Z,190752940809437,3532,btc_qm_engine:btc_ptmc_accept,1.0000000000
METRIC,2026-04-12T23:26:56Z,190752940844577,3532,btc_qm_engine:btc_ptmc_rep_hot,7.0000000000
METRIC,2026-04-12T23:26:56Z,190752940875847,3532,btc_qm_engine:btc_ptmc_rep_cold,6.0000000000
METRIC,2026-04-12T23:26:56Z,190752940903107,3532,btc_qm_engine:btc_ptmc_accept,1.0000000000
METRIC,2026-04-12T23:26:56Z,190753041846631,3532,btc_qm_engine:btc_ptmc_rep_hot,1.0000000000
METRIC,2026-04-12T23:26:56Z,190753041918541,3532,btc_qm_engine:btc_ptmc_rep_cold,0.0000000000
METRIC,2026-04-12T23:26:56Z,190753041945371,3532,btc_qm_engine:btc_ptmc_accept,-0.5136174742
METRIC,2026-04-12T23:26:56Z,190753041977481,3532,btc_qm_engine:btc_ptmc_rep_hot,2.0000000000
METRIC,2026-04-12T23:26:56Z,190753042028341,3532,btc_qm_engine:btc_ptmc_rep_cold,1.0000000000
METRIC,2026-04-12T23:26:56Z,190753042054541,3532,btc_qm_engine:btc_ptmc_accept,1.0000000000
METRIC,2026-04-12T23:26:56Z,190753042090671,3532,btc_qm_engine:btc_ptmc_rep_hot,3.0000000000
METRIC,2026-04-12T23:26:56Z,190753042115251,3532,btc_qm_engine:btc_ptmc_rep_cold,2.0000000000
METRIC,2026-04-12T23:26:56Z,190753042139851,3532,btc_qm_engine:btc_ptmc_accept,1.0000000000
METRIC,2026-04-12T23:26:56Z,190753042164611,3532,btc_qm_engine:btc_ptmc_rep_hot,4.0000000000
METRIC,2026-04-12T23:26:56Z,190753042189021,3532,btc_qm_engine:btc_ptmc_rep_cold,3.0000000000
METRIC,2026-04-12T23:26:56Z,190753042213671,3532,btc_qm_engine:btc_ptmc_accept,1.0000000000
METRIC,2026-04-12T23:26:56Z,190753042242601,3532,btc_qm_engine:btc_ptmc_rep_hot,5.0000000000
METRIC,2026-04-12T23:26:56Z,190753042266531,3532,btc_qm_engine:btc_ptmc_rep_cold,4.0000000000
METRIC,2026-04-12T23:26:56Z,190753042291861,3532,btc_qm_engine:btc_ptmc_accept,1.0000000000
METRIC,2026-04-12T23:26:56Z,190753042328281,3532,btc_qm_engine:btc_ptmc_rep_hot,6.0000000000
METRIC,2026-04-12T23:26:56Z,190753042353691,3532,btc_qm_engine:btc_ptmc_rep_cold,5.0000000000
METRIC,2026-04-12T23:26:56Z,190753042378201,3532,btc_qm_engine:btc_ptmc_accept,1.0000000000
METRIC,2026-04-12T23:26:56Z,190753042416071,3532,btc_qm_engine:btc_ptmc_rep_hot,7.0000000000
METRIC,2026-04-12T23:26:56Z,190753042442311,3532,btc_qm_engine:btc_ptmc_rep_cold,6.0000000000
METRIC,2026-04-12T23:26:56Z,190753042467311,3532,btc_qm_engine:btc_ptmc_accept,0.9767446541
METRIC,2026-04-12T23:26:56Z,190753142689204,3532,btc_qm_engine:btc_ptmc_rep_hot,1.0000000000
METRIC,2026-04-12T23:26:56Z,190753142770964,3532,btc_qm_engine:btc_ptmc_rep_cold,0.0000000000
METRIC,2026-04-12T23:26:56Z,190753142797724,3532,btc_qm_engine:btc_ptmc_accept,-0.5136669338
METRIC,2026-04-12T23:26:56Z,190753142829524,3532,btc_qm_engine:btc_ptmc_rep_hot,2.0000000000
METRIC,2026-04-12T23:26:56Z,190753142854154,3532,btc_qm_engine:btc_ptmc_rep_cold,1.0000000000
METRIC,2026-04-12T23:26:56Z,190753142878414,3532,btc_qm_engine:btc_ptmc_accept,-0.5134418693
METRIC,2026-04-12T23:26:56Z,190753142915634,3532,btc_qm_engine:btc_ptmc_rep_hot,3.0000000000
METRIC,2026-04-12T23:26:56Z,190753142940424,3532,btc_qm_engine:btc_ptmc_rep_cold,2.0000000000
METRIC,2026-04-12T23:26:56Z,190753142964394,3532,btc_qm_engine:btc_ptmc_accept,0.8464868258
METRIC,2026-04-12T23:26:56Z,190753142997434,3532,btc_qm_engine:btc_ptmc_rep_hot,4.0000000000
METRIC,2026-04-12T23:26:56Z,190753143049374,3532,btc_qm_engine:btc_ptmc_rep_cold,3.0000000000
METRIC,2026-04-12T23:26:56Z,190753143072564,3532,btc_qm_engine:btc_ptmc_accept,0.9048393810
METRIC,2026-04-12T23:26:56Z,190753143112324,3532,btc_qm_engine:btc_ptmc_rep_hot,5.0000000000
METRIC,2026-04-12T23:26:56Z,190753143141434,3532,btc_qm_engine:btc_ptmc_rep_cold,4.0000000000
METRIC,2026-04-12T23:26:56Z,190753143165694,3532,btc_qm_engine:btc_ptmc_accept,0.9394138589
METRIC,2026-04-12T23:26:56Z,190753143195604,3532,btc_qm_engine:btc_ptmc_rep_hot,6.0000000000
METRIC,2026-04-12T23:26:56Z,190753143221104,3532,btc_qm_engine:btc_ptmc_rep_cold,5.0000000000
METRIC,2026-04-12T23:26:56Z,190753143245624,3532,btc_qm_engine:btc_ptmc_accept,1.0000000000
METRIC,2026-04-12T23:26:56Z,190753143277864,3532,btc_qm_engine:btc_ptmc_rep_hot,7.0000000000
METRIC,2026-04-12T23:26:56Z,190753143302624,3532,btc_qm_engine:btc_ptmc_rep_cold,6.0000000000
METRIC,2026-04-12T23:26:56Z,190753143326914,3532,btc_qm_engine:btc_ptmc_accept,0.9767447714
METRIC,2026-04-12T23:26:56Z,190753243695718,3532,btc_qm_engine:btc_ptmc_rep_hot,1.0000000000
METRIC,2026-04-12T23:26:56Z,190753243780578,3532,btc_qm_engine:btc_ptmc_rep_cold,0.0000000000
METRIC,2026-04-12T23:26:56Z,190753243801088,3532,btc_qm_engine:btc_ptmc_accept,1.0000000000
METRIC,2026-04-12T23:26:56Z,190753243822758,3532,btc_qm_engine:btc_ptmc_rep_hot,2.0000000000
METRIC,2026-04-12T23:26:56Z,190753243841258,3532,btc_qm_engine:btc_ptmc_rep_cold,1.0000000000
METRIC,2026-04-12T23:26:56Z,190753243859578,3532,btc_qm_engine:btc_ptmc_accept,1.0000000000
METRIC,2026-04-12T23:26:56Z,190753243877878,3532,btc_qm_engine:btc_ptmc_rep_hot,3.0000000000
METRIC,2026-04-12T23:26:56Z,190753243896118,3532,btc_qm_engine:btc_ptmc_rep_cold,2.0000000000
METRIC,2026-04-12T23:26:56Z,190753243914468,3532,btc_qm_engine:btc_ptmc_accept,1.0000000000
METRIC,2026-04-12T23:26:56Z,190753243936718,3532,btc_qm_engine:btc_ptmc_rep_hot,4.0000000000
METRIC,2026-04-12T23:26:56Z,190753243954898,3532,btc_qm_engine:btc_ptmc_rep_cold,3.0000000000
METRIC,2026-04-12T23:26:56Z,190753243973068,3532,btc_qm_engine:btc_ptmc_accept,1.0000000000
METRIC,2026-04-12T23:26:56Z,190753243997418,3532,btc_qm_engine:btc_ptmc_rep_hot,5.0000000000
METRIC,2026-04-12T23:26:56Z,190753244052508,3532,btc_qm_engine:btc_ptmc_rep_cold,4.0000000000
METRIC,2026-04-12T23:26:56Z,190753244074008,3532,btc_qm_engine:btc_ptmc_accept,1.0000000000
METRIC,2026-04-12T23:26:56Z,190753244100038,3532,btc_qm_engine:btc_ptmc_rep_hot,6.0000000000
METRIC,2026-04-12T23:26:56Z,190753244118278,3532,btc_qm_engine:btc_ptmc_rep_cold,5.0000000000
METRIC,2026-04-12T23:26:56Z,190753244141148,3532,btc_qm_engine:btc_ptmc_accept,1.0000000000
METRIC,2026-04-12T23:26:56Z,190753244171378,3532,btc_qm_engine:btc_ptmc_rep_hot,7.0000000000
METRIC,2026-04-12T23:26:56Z,190753244194168,3532,btc_qm_engine:btc_ptmc_rep_cold,6.0000000000
METRIC,2026-04-12T23:26:56Z,190753244212628,3532,btc_qm_engine:btc_ptmc_accept,1.0000000000
METRIC,2026-04-12T23:26:56Z,190753345094501,3532,btc_qm_engine:btc_ptmc_rep_hot,1.0000000000
METRIC,2026-04-12T23:26:56Z,190753345160571,3532,btc_qm_engine:btc_ptmc_rep_cold,0.0000000000
METRIC,2026-04-12T23:26:56Z,190753345181191,3532,btc_qm_engine:btc_ptmc_accept,1.0000000000
METRIC,2026-04-12T23:26:56Z,190753345204121,3532,btc_qm_engine:btc_ptmc_rep_hot,2.0000000000
METRIC,2026-04-12T23:26:56Z,190753345240551,3532,btc_qm_engine:btc_ptmc_rep_cold,1.0000000000
METRIC,2026-04-12T23:26:56Z,190753345285091,3532,btc_qm_engine:btc_ptmc_accept,1.0000000000
METRIC,2026-04-12T23:26:56Z,190753345322531,3532,btc_qm_engine:btc_ptmc_rep_hot,3.0000000000
METRIC,2026-04-12T23:26:56Z,190753345341621,3532,btc_qm_engine:btc_ptmc_rep_cold,2.0000000000
METRIC,2026-04-12T23:26:56Z,190753345364231,3532,btc_qm_engine:btc_ptmc_accept,1.0000000000
METRIC,2026-04-12T23:26:56Z,190753345395051,3532,btc_qm_engine:btc_ptmc_rep_hot,4.0000000000
METRIC,2026-04-12T23:26:56Z,190753345419021,3532,btc_qm_engine:btc_ptmc_rep_cold,3.0000000000
METRIC,2026-04-12T23:26:56Z,190753345442121,3532,btc_qm_engine:btc_ptmc_accept,1.0000000000
METRIC,2026-04-12T23:26:56Z,190753345477941,3532,btc_qm_engine:btc_ptmc_rep_hot,5.0000000000
METRIC,2026-04-12T23:26:56Z,190753345518311,3532,btc_qm_engine:btc_ptmc_rep_cold,4.0000000000
METRIC,2026-04-12T23:26:56Z,190753345542741,3532,btc_qm_engine:btc_ptmc_accept,1.0000000000
METRIC,2026-04-12T23:26:56Z,190753345572851,3532,btc_qm_engine:btc_ptmc_rep_hot,6.0000000000
METRIC,2026-04-12T23:26:56Z,190753345596321,3532,btc_qm_engine:btc_ptmc_rep_cold,5.0000000000
METRIC,2026-04-12T23:26:56Z,190753345621021,3532,btc_qm_engine:btc_ptmc_accept,1.0000000000
METRIC,2026-04-12T23:26:56Z,190753345655911,3532,btc_qm_engine:btc_ptmc_rep_hot,7.0000000000
METRIC,2026-04-12T23:26:56Z,190753345681711,3532,btc_qm_engine:btc_ptmc_rep_cold,6.0000000000
METRIC,2026-04-12T23:26:56Z,190753345707061,3532,btc_qm_engine:btc_ptmc_accept,1.0000000000
METRIC,2026-04-12T23:26:56Z,190753446966925,3532,btc_qm_engine:btc_ptmc_rep_hot,1.0000000000
METRIC,2026-04-12T23:26:56Z,190753447096365,3532,btc_qm_engine:btc_ptmc_rep_cold,0.0000000000
METRIC,2026-04-12T23:26:56Z,190753447123595,3532,btc_qm_engine:btc_ptmc_accept,0.5134171190
METRIC,2026-04-12T23:26:56Z,190753447153135,3532,btc_qm_engine:btc_ptmc_rep_hot,2.0000000000
METRIC,2026-04-12T23:26:56Z,190753447176725,3532,btc_qm_engine:btc_ptmc_rep_cold,1.0000000000
METRIC,2026-04-12T23:26:56Z,190753447199935,3532,btc_qm_engine:btc_ptmc_accept,0.7165313106
METRIC,2026-04-12T23:26:56Z,190753447230135,3532,btc_qm_engine:btc_ptmc_rep_hot,3.0000000000
METRIC,2026-04-12T23:26:56Z,190753447252865,3532,btc_qm_engine:btc_ptmc_rep_cold,2.0000000000
METRIC,2026-04-12T23:26:56Z,190753447275195,3532,btc_qm_engine:btc_ptmc_accept,0.8464817249
METRIC,2026-04-12T23:26:56Z,190753447299305,3532,btc_qm_engine:btc_ptmc_rep_hot,4.0000000000
METRIC,2026-04-12T23:26:56Z,190753447317765,3532,btc_qm_engine:btc_ptmc_rep_cold,3.0000000000
METRIC,2026-04-12T23:26:56Z,190753447336035,3532,btc_qm_engine:btc_ptmc_accept,0.9048374180
METRIC,2026-04-12T23:26:56Z,190753447357405,3532,btc_qm_engine:btc_ptmc_rep_hot,5.0000000000
METRIC,2026-04-12T23:26:56Z,190753447442385,3532,btc_qm_engine:btc_ptmc_rep_cold,4.0000000000
METRIC,2026-04-12T23:26:56Z,190753447460705,3532,btc_qm_engine:btc_ptmc_accept,1.0000000000
METRIC,2026-04-12T23:26:56Z,190753447484355,3532,btc_qm_engine:btc_ptmc_rep_hot,6.0000000000
METRIC,2026-04-12T23:26:56Z,190753447502655,3532,btc_qm_engine:btc_ptmc_rep_cold,5.0000000000
METRIC,2026-04-12T23:26:56Z,190753447520905,3532,btc_qm_engine:btc_ptmc_accept,1.0000000000
METRIC,2026-04-12T23:26:56Z,190753447556985,3532,btc_qm_engine:btc_ptmc_rep_hot,7.0000000000
METRIC,2026-04-12T23:26:56Z,190753447584395,3532,btc_qm_engine:btc_ptmc_rep_cold,6.0000000000
METRIC,2026-04-12T23:26:56Z,190753447602605,3532,btc_qm_engine:btc_ptmc_accept,1.0000000000
METRIC,2026-04-12T23:26:56Z,190753554279988,3532,btc_qm_engine:btc_ptmc_rep_hot,1.0000000000
METRIC,2026-04-12T23:26:56Z,190753554366638,3532,btc_qm_engine:btc_ptmc_rep_cold,0.0000000000
METRIC,2026-04-12T23:26:56Z,190753554393318,3532,btc_qm_engine:btc_ptmc_accept,1.0000000000
METRIC,2026-04-12T23:26:56Z,190753554464928,3532,btc_qm_engine:btc_ptmc_rep_hot,2.0000000000
METRIC,2026-04-12T23:26:56Z,190753554489528,3532,btc_qm_engine:btc_ptmc_rep_cold,1.0000000000
METRIC,2026-04-12T23:26:56Z,190753554514018,3532,btc_qm_engine:btc_ptmc_accept,1.0000000000
METRIC,2026-04-12T23:26:56Z,190753554604908,3532,btc_qm_engine:btc_ptmc_rep_hot,3.0000000000
METRIC,2026-04-12T23:26:56Z,190753554629808,3532,btc_qm_engine:btc_ptmc_rep_cold,2.0000000000
METRIC,2026-04-12T23:26:56Z,190753554654368,3532,btc_qm_engine:btc_ptmc_accept,1.0000000000
METRIC,2026-04-12T23:26:56Z,190753554686688,3532,btc_qm_engine:btc_ptmc_rep_hot,4.0000000000
METRIC,2026-04-12T23:26:56Z,190753554710988,3532,btc_qm_engine:btc_ptmc_rep_cold,3.0000000000
METRIC,2026-04-12T23:26:56Z,190753554735578,3532,btc_qm_engine:btc_ptmc_accept,1.0000000000
METRIC,2026-04-12T23:26:56Z,190753554764758,3532,btc_qm_engine:btc_ptmc_rep_hot,5.0000000000
METRIC,2026-04-12T23:26:56Z,190753554789278,3532,btc_qm_engine:btc_ptmc_rep_cold,4.0000000000
METRIC,2026-04-12T23:26:56Z,190753554813718,3532,btc_qm_engine:btc_ptmc_accept,1.0000000000
METRIC,2026-04-12T23:26:56Z,190753554883808,3532,btc_qm_engine:btc_ptmc_rep_hot,6.0000000000
METRIC,2026-04-12T23:26:56Z,190753554910158,3532,btc_qm_engine:btc_ptmc_rep_cold,5.0000000000
METRIC,2026-04-12T23:26:56Z,190753554934988,3532,btc_qm_engine:btc_ptmc_accept,1.0000000000
METRIC,2026-04-12T23:26:56Z,190753554966418,3532,btc_qm_engine:btc_ptmc_rep_hot,7.0000000000
METRIC,2026-04-12T23:26:56Z,190753554991258,3532,btc_qm_engine:btc_ptmc_rep_cold,6.0000000000
METRIC,2026-04-12T23:26:56Z,190753555056638,3532,btc_qm_engine:btc_ptmc_accept,1.0000000000
METRIC,2026-04-12T23:26:57Z,190753656518382,3532,btc_qm_engine:btc_ptmc_rep_hot,1.0000000000
METRIC,2026-04-12T23:26:57Z,190753656597892,3532,btc_qm_engine:btc_ptmc_rep_cold,0.0000000000
METRIC,2026-04-12T23:26:57Z,190753656624572,3532,btc_qm_engine:btc_ptmc_accept,0.5135063048
METRIC,2026-04-12T23:26:57Z,190753656654912,3532,btc_qm_engine:btc_ptmc_rep_hot,2.0000000000
METRIC,2026-04-12T23:26:57Z,190753656680522,3532,btc_qm_engine:btc_ptmc_rep_cold,1.0000000000
METRIC,2026-04-12T23:26:57Z,190753656705782,3532,btc_qm_engine:btc_ptmc_accept,-0.7164924961
METRIC,2026-04-12T23:26:57Z,190753657226822,3532,btc_qm_engine:btc_ptmc_rep_hot,3.0000000000
METRIC,2026-04-12T23:26:57Z,190753657268712,3532,btc_qm_engine:btc_ptmc_rep_cold,2.0000000000
METRIC,2026-04-12T23:26:57Z,190753657294532,3532,btc_qm_engine:btc_ptmc_accept,-0.8464702621
METRIC,2026-04-12T23:26:57Z,190753658727021,3532,btc_qm_engine:btc_ptmc_rep_hot,4.0000000000
METRIC,2026-04-12T23:26:57Z,190753658762261,3532,btc_qm_engine:btc_ptmc_rep_cold,3.0000000000
METRIC,2026-04-12T23:26:57Z,190753658798181,3532,btc_qm_engine:btc_ptmc_accept,1.0000000000
METRIC,2026-04-12T23:26:57Z,190753658837821,3532,btc_qm_engine:btc_ptmc_rep_hot,5.0000000000
METRIC,2026-04-12T23:26:57Z,190753658861971,3532,btc_qm_engine:btc_ptmc_rep_cold,4.0000000000
METRIC,2026-04-12T23:26:57Z,190753658884871,3532,btc_qm_engine:btc_ptmc_accept,1.0000000000
METRIC,2026-04-12T23:26:57Z,190753658913641,3532,btc_qm_engine:btc_ptmc_rep_hot,6.0000000000
METRIC,2026-04-12T23:26:57Z,190753658938731,3532,btc_qm_engine:btc_ptmc_rep_cold,5.0000000000
METRIC,2026-04-12T23:26:57Z,190753658963161,3532,btc_qm_engine:btc_ptmc_accept,1.0000000000
METRIC,2026-04-12T23:26:57Z,190753658993251,3532,btc_qm_engine:btc_ptmc_rep_hot,7.0000000000
METRIC,2026-04-12T23:26:57Z,190753659029661,3532,btc_qm_engine:btc_ptmc_rep_cold,6.0000000000
METRIC,2026-04-12T23:26:57Z,190753659054091,3532,btc_qm_engine:btc_ptmc_accept,1.0000000000
METRIC,2026-04-12T23:26:57Z,190753760795655,3532,btc_qm_engine:btc_ptmc_rep_hot,1.0000000000
METRIC,2026-04-12T23:26:57Z,190753760874685,3532,btc_qm_engine:btc_ptmc_rep_cold,0.0000000000
METRIC,2026-04-12T23:26:57Z,190753760901925,3532,btc_qm_engine:btc_ptmc_accept,1.0000000000
METRIC,2026-04-12T23:26:57Z,190753760927365,3532,btc_qm_engine:btc_ptmc_rep_hot,2.0000000000
METRIC,2026-04-12T23:26:57Z,190753760952615,3532,btc_qm_engine:btc_ptmc_rep_cold,1.0000000000
METRIC,2026-04-12T23:26:57Z,190753760977485,3532,btc_qm_engine:btc_ptmc_accept,1.0000000000
METRIC,2026-04-12T23:26:57Z,190753761029195,3532,btc_qm_engine:btc_ptmc_rep_hot,3.0000000000
METRIC,2026-04-12T23:26:57Z,190753761055685,3532,btc_qm_engine:btc_ptmc_rep_cold,2.0000000000
METRIC,2026-04-12T23:26:57Z,190753761079935,3532,btc_qm_engine:btc_ptmc_accept,1.0000000000
METRIC,2026-04-12T23:26:57Z,190753761126395,3532,btc_qm_engine:btc_ptmc_rep_hot,4.0000000000
METRIC,2026-04-12T23:26:57Z,190753761162765,3532,btc_qm_engine:btc_ptmc_rep_cold,3.0000000000
METRIC,2026-04-12T23:26:57Z,190753761188255,3532,btc_qm_engine:btc_ptmc_accept,1.0000000000
METRIC,2026-04-12T23:26:57Z,190753761219195,3532,btc_qm_engine:btc_ptmc_rep_hot,5.0000000000
METRIC,2026-04-12T23:26:57Z,190753761244645,3532,btc_qm_engine:btc_ptmc_rep_cold,4.0000000000
METRIC,2026-04-12T23:26:57Z,190753761269615,3532,btc_qm_engine:btc_ptmc_accept,1.0000000000
METRIC,2026-04-12T23:26:57Z,190753761294415,3532,btc_qm_engine:btc_ptmc_rep_hot,6.0000000000
METRIC,2026-04-12T23:26:57Z,190753761319605,3532,btc_qm_engine:btc_ptmc_rep_cold,5.0000000000
METRIC,2026-04-12T23:26:57Z,190753761367255,3532,btc_qm_engine:btc_ptmc_accept,1.0000000000
METRIC,2026-04-12T23:26:57Z,190753761404885,3532,btc_qm_engine:btc_ptmc_rep_hot,7.0000000000
METRIC,2026-04-12T23:26:57Z,190753761429755,3532,btc_qm_engine:btc_ptmc_rep_cold,6.0000000000
METRIC,2026-04-12T23:26:57Z,190753761455525,3532,btc_qm_engine:btc_ptmc_accept,1.0000000000
METRIC,2026-04-12T23:26:57Z,190753877413527,3532,btc_qm_engine:btc_ptmc_rep_hot,1.0000000000
METRIC,2026-04-12T23:26:57Z,190753877499387,3532,btc_qm_engine:btc_ptmc_rep_cold,0.0000000000
METRIC,2026-04-12T23:26:57Z,190753877526377,3532,btc_qm_engine:btc_ptmc_accept,1.0000000000
METRIC,2026-04-12T23:26:57Z,190753877551977,3532,btc_qm_engine:btc_ptmc_rep_hot,2.0000000000
METRIC,2026-04-12T23:26:57Z,190753877588317,3532,btc_qm_engine:btc_ptmc_rep_cold,1.0000000000
METRIC,2026-04-12T23:26:57Z,190753877624437,3532,btc_qm_engine:btc_ptmc_accept,1.0000000000
METRIC,2026-04-12T23:26:57Z,190753878959447,3532,btc_qm_engine:btc_ptmc_rep_hot,3.0000000000
METRIC,2026-04-12T23:26:57Z,190753878989607,3532,btc_qm_engine:btc_ptmc_rep_cold,2.0000000000
METRIC,2026-04-12T23:26:57Z,190753879027287,3532,btc_qm_engine:btc_ptmc_accept,0.8464868258
METRIC,2026-04-12T23:26:57Z,190753879057917,3532,btc_qm_engine:btc_ptmc_rep_hot,4.0000000000
METRIC,2026-04-12T23:26:57Z,190753879083297,3532,btc_qm_engine:btc_ptmc_rep_cold,3.0000000000
METRIC,2026-04-12T23:26:57Z,190753879108247,3532,btc_qm_engine:btc_ptmc_accept,0.9048393810
METRIC,2026-04-12T23:26:57Z,190753879139417,3532,btc_qm_engine:btc_ptmc_rep_hot,5.0000000000
METRIC,2026-04-12T23:26:57Z,190753879164277,3532,btc_qm_engine:btc_ptmc_rep_cold,4.0000000000
METRIC,2026-04-12T23:26:57Z,190753879189027,3532,btc_qm_engine:btc_ptmc_accept,0.8824983983
METRIC,2026-04-12T23:26:57Z,190753879214247,3532,btc_qm_engine:btc_ptmc_rep_hot,6.0000000000
METRIC,2026-04-12T23:26:57Z,190753879238577,3532,btc_qm_engine:btc_ptmc_rep_cold,5.0000000000
METRIC,2026-04-12T23:26:57Z,190753879263267,3532,btc_qm_engine:btc_ptmc_accept,0.9298549256
METRIC,2026-04-12T23:26:57Z,190753879288137,3532,btc_qm_engine:btc_ptmc_rep_hot,7.0000000000
METRIC,2026-04-12T23:26:57Z,190753879312517,3532,btc_qm_engine:btc_ptmc_rep_cold,6.0000000000
METRIC,2026-04-12T23:26:57Z,190753879337097,3532,btc_qm_engine:btc_ptmc_accept,0.9540303485
METRIC,2026-04-12T23:26:57Z,190753984747180,3532,btc_qm_engine:btc_ptmc_rep_hot,1.0000000000
METRIC,2026-04-12T23:26:57Z,190753984825280,3532,btc_qm_engine:btc_ptmc_rep_cold,0.0000000000
METRIC,2026-04-12T23:26:57Z,190753984851870,3532,btc_qm_engine:btc_ptmc_accept,-0.5136174742
METRIC,2026-04-12T23:26:57Z,190753984878480,3532,btc_qm_engine:btc_ptmc_rep_hot,2.0000000000
METRIC,2026-04-12T23:26:57Z,190753984903610,3532,btc_qm_engine:btc_ptmc_rep_cold,1.0000000000
METRIC,2026-04-12T23:26:57Z,190753984933530,3532,btc_qm_engine:btc_ptmc_accept,1.0000000000
METRIC,2026-04-12T23:26:57Z,190753984963380,3532,btc_qm_engine:btc_ptmc_rep_hot,3.0000000000
METRIC,2026-04-12T23:26:57Z,190753984988550,3532,btc_qm_engine:btc_ptmc_rep_cold,2.0000000000
METRIC,2026-04-12T23:26:57Z,190753985744390,3532,btc_qm_engine:btc_ptmc_accept,1.0000000000
METRIC,2026-04-12T23:26:57Z,190753986200150,3532,btc_qm_engine:btc_ptmc_rep_hot,4.0000000000
METRIC,2026-04-12T23:26:57Z,190753986228050,3532,btc_qm_engine:btc_ptmc_rep_cold,3.0000000000
METRIC,2026-04-12T23:26:57Z,190753986251850,3532,btc_qm_engine:btc_ptmc_accept,1.0000000000
METRIC,2026-04-12T23:26:57Z,190753986273420,3532,btc_qm_engine:btc_ptmc_rep_hot,5.0000000000
METRIC,2026-04-12T23:26:57Z,190753986292000,3532,btc_qm_engine:btc_ptmc_rep_cold,4.0000000000
METRIC,2026-04-12T23:26:57Z,190753986310580,3532,btc_qm_engine:btc_ptmc_accept,0.9394148515
METRIC,2026-04-12T23:26:57Z,190753986329610,3532,btc_qm_engine:btc_ptmc_rep_hot,6.0000000000
METRIC,2026-04-12T23:26:57Z,190753986348060,3532,btc_qm_engine:btc_ptmc_rep_cold,5.0000000000
METRIC,2026-04-12T23:26:57Z,190753986366840,3532,btc_qm_engine:btc_ptmc_accept,1.0000000000
METRIC,2026-04-12T23:26:57Z,190753986395030,3532,btc_qm_engine:btc_ptmc_rep_hot,7.0000000000
METRIC,2026-04-12T23:26:57Z,190753986435870,3532,btc_qm_engine:btc_ptmc_rep_cold,6.0000000000
METRIC,2026-04-12T23:26:57Z,190753986454760,3532,btc_qm_engine:btc_ptmc_accept,0.9767450351
METRIC,2026-04-12T23:26:57Z,190754093092784,3532,btc_qm_engine:btc_ptmc_rep_hot,1.0000000000
METRIC,2026-04-12T23:26:57Z,190754093176134,3532,btc_qm_engine:btc_ptmc_rep_cold,0.0000000000
METRIC,2026-04-12T23:26:57Z,190754093202734,3532,btc_qm_engine:btc_ptmc_accept,-0.1354058228
METRIC,2026-04-12T23:26:57Z,190754093229324,3532,btc_qm_engine:btc_ptmc_rep_hot,2.0000000000
METRIC,2026-04-12T23:26:57Z,190754093253064,3532,btc_qm_engine:btc_ptmc_rep_cold,1.0000000000
METRIC,2026-04-12T23:26:57Z,190754093276154,3532,btc_qm_engine:btc_ptmc_accept,1.0000000000
METRIC,2026-04-12T23:26:57Z,190754096305813,3532,btc_qm_engine:btc_ptmc_rep_hot,3.0000000000
METRIC,2026-04-12T23:26:57Z,190754096332873,3532,btc_qm_engine:btc_ptmc_rep_cold,2.0000000000
METRIC,2026-04-12T23:26:57Z,190754096357883,3532,btc_qm_engine:btc_ptmc_accept,1.0000000000
METRIC,2026-04-12T23:26:57Z,190754096393613,3532,btc_qm_engine:btc_ptmc_rep_hot,4.0000000000
METRIC,2026-04-12T23:26:57Z,190754096418593,3532,btc_qm_engine:btc_ptmc_rep_cold,3.0000000000
METRIC,2026-04-12T23:26:57Z,190754096443253,3532,btc_qm_engine:btc_ptmc_accept,1.0000000000
METRIC,2026-04-12T23:26:57Z,190754096470913,3532,btc_qm_engine:btc_ptmc_rep_hot,5.0000000000
METRIC,2026-04-12T23:26:57Z,190754096495593,3532,btc_qm_engine:btc_ptmc_rep_cold,4.0000000000
METRIC,2026-04-12T23:26:57Z,190754096520033,3532,btc_qm_engine:btc_ptmc_accept,1.0000000000
METRIC,2026-04-12T23:26:57Z,190754096550673,3532,btc_qm_engine:btc_ptmc_rep_hot,6.0000000000
METRIC,2026-04-12T23:26:57Z,190754096575143,3532,btc_qm_engine:btc_ptmc_rep_cold,5.0000000000
METRIC,2026-04-12T23:26:57Z,190754096599853,3532,btc_qm_engine:btc_ptmc_accept,1.0000000000
METRIC,2026-04-12T23:26:57Z,190754096627293,3532,btc_qm_engine:btc_ptmc_rep_hot,7.0000000000
METRIC,2026-04-12T23:26:57Z,190754096650993,3532,btc_qm_engine:btc_ptmc_rep_cold,6.0000000000
METRIC,2026-04-12T23:26:57Z,190754096675553,3532,btc_qm_engine:btc_ptmc_accept,1.0000000000
METRIC,2026-04-12T23:26:57Z,190754193766807,3532,btc_qm_engine:btc_ptmc_rep_hot,1.0000000000
METRIC,2026-04-12T23:26:57Z,190754193835587,3532,btc_qm_engine:btc_ptmc_rep_cold,0.0000000000
METRIC,2026-04-12T23:26:57Z,190754193856767,3532,btc_qm_engine:btc_ptmc_accept,1.0000000000
METRIC,2026-04-12T23:26:57Z,190754193876677,3532,btc_qm_engine:btc_ptmc_rep_hot,2.0000000000
METRIC,2026-04-12T23:26:57Z,190754193895767,3532,btc_qm_engine:btc_ptmc_rep_cold,1.0000000000
METRIC,2026-04-12T23:26:57Z,190754193914747,3532,btc_qm_engine:btc_ptmc_accept,1.0000000000
METRIC,2026-04-12T23:26:57Z,190754193937567,3532,btc_qm_engine:btc_ptmc_rep_hot,3.0000000000
METRIC,2026-04-12T23:26:57Z,190754193963137,3532,btc_qm_engine:btc_ptmc_rep_cold,2.0000000000
METRIC,2026-04-12T23:26:57Z,190754193987927,3532,btc_qm_engine:btc_ptmc_accept,1.0000000000
METRIC,2026-04-12T23:26:57Z,190754194033197,3532,btc_qm_engine:btc_ptmc_rep_hot,4.0000000000
METRIC,2026-04-12T23:26:57Z,190754194066647,3532,btc_qm_engine:btc_ptmc_rep_cold,3.0000000000
METRIC,2026-04-12T23:26:57Z,190754194094837,3532,btc_qm_engine:btc_ptmc_accept,1.0000000000
METRIC,2026-04-12T23:26:57Z,190754194118147,3532,btc_qm_engine:btc_ptmc_rep_hot,5.0000000000
METRIC,2026-04-12T23:26:57Z,190754194138677,3532,btc_qm_engine:btc_ptmc_rep_cold,4.0000000000
METRIC,2026-04-12T23:26:57Z,190754194170647,3532,btc_qm_engine:btc_ptmc_accept,1.0000000000
METRIC,2026-04-12T23:26:57Z,190754194204747,3532,btc_qm_engine:btc_ptmc_rep_hot,6.0000000000
METRIC,2026-04-12T23:26:57Z,190754194224427,3532,btc_qm_engine:btc_ptmc_rep_cold,5.0000000000
METRIC,2026-04-12T23:26:57Z,190754194243477,3532,btc_qm_engine:btc_ptmc_accept,1.0000000000
METRIC,2026-04-12T23:26:57Z,190754194263097,3532,btc_qm_engine:btc_ptmc_rep_hot,7.0000000000
METRIC,2026-04-12T23:26:57Z,190754194282757,3532,btc_qm_engine:btc_ptmc_rep_cold,6.0000000000
METRIC,2026-04-12T23:26:57Z,190754194301657,3532,btc_qm_engine:btc_ptmc_accept,1.0000000000
METRIC,2026-04-12T23:26:57Z,190754301133340,3532,btc_qm_engine:btc_ptmc_rep_hot,1.0000000000
METRIC,2026-04-12T23:26:57Z,190754301291900,3532,btc_qm_engine:btc_ptmc_rep_cold,0.0000000000
METRIC,2026-04-12T23:26:57Z,190754301320590,3532,btc_qm_engine:btc_ptmc_accept,1.0000000000
METRIC,2026-04-12T23:26:57Z,190754301373470,3532,btc_qm_engine:btc_ptmc_rep_hot,2.0000000000
METRIC,2026-04-12T23:26:57Z,190754301398780,3532,btc_qm_engine:btc_ptmc_rep_cold,1.0000000000
METRIC,2026-04-12T23:26:57Z,190754301424460,3532,btc_qm_engine:btc_ptmc_accept,1.0000000000
METRIC,2026-04-12T23:26:57Z,190754301510650,3532,btc_qm_engine:btc_ptmc_rep_hot,3.0000000000
METRIC,2026-04-12T23:26:57Z,190754301594370,3532,btc_qm_engine:btc_ptmc_rep_cold,2.0000000000
METRIC,2026-04-12T23:26:57Z,190754301664090,3532,btc_qm_engine:btc_ptmc_accept,0.7165157484
METRIC,2026-04-12T23:26:57Z,190754301701700,3532,btc_qm_engine:btc_ptmc_rep_hot,4.0000000000
METRIC,2026-04-12T23:26:57Z,190754301880330,3532,btc_qm_engine:btc_ptmc_rep_cold,3.0000000000
METRIC,2026-04-12T23:26:57Z,190754301916960,3532,btc_qm_engine:btc_ptmc_accept,0.8187243518
METRIC,2026-04-12T23:26:57Z,190754301948380,3532,btc_qm_engine:btc_ptmc_rep_hot,5.0000000000
METRIC,2026-04-12T23:26:57Z,190754301973580,3532,btc_qm_engine:btc_ptmc_rep_cold,4.0000000000
METRIC,2026-04-12T23:26:57Z,190754302022300,3532,btc_qm_engine:btc_ptmc_accept,0.8824942074
METRIC,2026-04-12T23:26:57Z,190754302048600,3532,btc_qm_engine:btc_ptmc_rep_hot,6.0000000000
METRIC,2026-04-12T23:26:57Z,190754302074250,3532,btc_qm_engine:btc_ptmc_rep_cold,5.0000000000
METRIC,2026-04-12T23:26:57Z,190754302099150,3532,btc_qm_engine:btc_ptmc_accept,0.9298534308
METRIC,2026-04-12T23:26:57Z,190754302126980,3532,btc_qm_engine:btc_ptmc_rep_hot,7.0000000000
METRIC,2026-04-12T23:26:57Z,190754302151960,3532,btc_qm_engine:btc_ptmc_rep_cold,6.0000000000
METRIC,2026-04-12T23:26:57Z,190754302176690,3532,btc_qm_engine:btc_ptmc_accept,0.9540308635
METRIC,2026-04-12T23:26:57Z,190754379785015,3532,btc_qm_engine:btc_nonces_total,19495936.0000000000
METRIC,2026-04-12T23:26:57Z,190754379840065,3532,btc_qm_engine:btc_nonce_coverage_pct,inf
HW_SAMPLE,2026-04-12T23:26:57Z,190754388620375,3532,btc_qm_engine:cpu_delta_pct,73.1964
HW_SAMPLE,2026-04-12T23:26:57Z,190754388620375,3532,btc_qm_engine:mem_used_pct,81.2590
HW_SAMPLE,2026-04-12T23:26:57Z,190754388620375,3532,btc_qm_engine:vm_rss_kb,7800
HW_SAMPLE,2026-04-12T23:26:57Z,190754388620375,3532,btc_qm_engine:vm_peak_kb,604968
HW_SAMPLE,2026-04-12T23:26:57Z,190754390845185,3532,btc_qm_engine:cpu_delta_pct,100.0000
HW_SAMPLE,2026-04-12T23:26:57Z,190754390845185,3532,btc_qm_engine:mem_used_pct,81.2588
HW_SAMPLE,2026-04-12T23:26:57Z,190754390845185,3532,btc_qm_engine:vm_rss_kb,7800
HW_SAMPLE,2026-04-12T23:26:57Z,190754390845185,3532,btc_qm_engine:vm_peak_kb,604968
HW_SAMPLE,2026-04-12T23:26:57Z,190754394306854,3532,btc_qm_engine:cpu_delta_pct,0.0000
HW_SAMPLE,2026-04-12T23:26:57Z,190754394306854,3532,btc_qm_engine:mem_used_pct,81.2588
HW_SAMPLE,2026-04-12T23:26:57Z,190754394306854,3532,btc_qm_engine:vm_rss_kb,7800
HW_SAMPLE,2026-04-12T23:26:57Z,190754394306854,3532,btc_qm_engine:vm_peak_kb,604968
HW_SAMPLE,2026-04-12T23:26:57Z,190754394315054,3532,btc_qm_engine:cpu_delta_pct,66.6667
HW_SAMPLE,2026-04-12T23:26:57Z,190754394315054,3532,btc_qm_engine:mem_used_pct,81.2588
HW_SAMPLE,2026-04-12T23:26:57Z,190754394315054,3532,btc_qm_engine:vm_rss_kb,7800
HW_SAMPLE,2026-04-12T23:26:57Z,190754394315054,3532,btc_qm_engine:vm_peak_kb,604968
HW_SAMPLE,2026-04-12T23:26:57Z,190754397605704,3532,btc_qm_engine:cpu_delta_pct,100.0000
HW_SAMPLE,2026-04-12T23:26:57Z,190754397605704,3532,btc_qm_engine:mem_used_pct,81.2588
HW_SAMPLE,2026-04-12T23:26:57Z,190754397605704,3532,btc_qm_engine:vm_rss_kb,7800
HW_SAMPLE,2026-04-12T23:26:57Z,190754397605704,3532,btc_qm_engine:vm_peak_kb,604968
HW_SAMPLE,2026-04-12T23:26:57Z,190754397792174,3532,btc_qm_engine:cpu_delta_pct,0.0000
HW_SAMPLE,2026-04-12T23:26:57Z,190754397792174,3532,btc_qm_engine:mem_used_pct,81.2588
HW_SAMPLE,2026-04-12T23:26:57Z,190754397792174,3532,btc_qm_engine:vm_rss_kb,7800
HW_SAMPLE,2026-04-12T23:26:57Z,190754397792174,3532,btc_qm_engine:vm_peak_kb,604968
HW_SAMPLE,2026-04-12T23:26:57Z,190754398969204,3532,btc_qm_engine:cpu_delta_pct,50.0000
HW_SAMPLE,2026-04-12T23:26:57Z,190754398969204,3532,btc_qm_engine:mem_used_pct,81.2588
HW_SAMPLE,2026-04-12T23:26:57Z,190754398969204,3532,btc_qm_engine:vm_rss_kb,7800
HW_SAMPLE,2026-04-12T23:26:57Z,190754398969204,3532,btc_qm_engine:vm_peak_kb,604968
HW_SAMPLE,2026-04-12T23:26:57Z,190754402255214,3532,btc_qm_engine:cpu_delta_pct,100.0000
HW_SAMPLE,2026-04-12T23:26:57Z,190754402255214,3532,btc_qm_engine:mem_used_pct,81.2588
HW_SAMPLE,2026-04-12T23:26:57Z,190754402255214,3532,btc_qm_engine:vm_rss_kb,7800
HW_SAMPLE,2026-04-12T23:26:57Z,190754402255214,3532,btc_qm_engine:vm_peak_kb,604968
METRIC,2026-04-12T23:26:57Z,190754406529513,3532,btc_qm_engine:btc_hashrate_mhs,0.9748043675
METRIC,2026-04-12T23:26:57Z,190754406586333,3532,btc_qm_engine:btc_hashrate_thread_id,5.0000000000
METRIC,2026-04-12T23:26:57Z,190754407251953,3532,btc_qm_engine:btc_ptmc_rep_hot,1.0000000000
METRIC,2026-04-12T23:26:57Z,190754407322523,3532,btc_qm_engine:btc_ptmc_rep_cold,0.0000000000
METRIC,2026-04-12T23:26:57Z,190754407394743,3532,btc_qm_engine:btc_ptmc_accept,0.2636887251
METRIC,2026-04-12T23:26:57Z,190754407421723,3532,btc_qm_engine:btc_ptmc_rep_hot,2.0000000000
METRIC,2026-04-12T23:26:57Z,190754407468243,3532,btc_qm_engine:btc_ptmc_rep_cold,1.0000000000
METRIC,2026-04-12T23:26:57Z,190754407494413,3532,btc_qm_engine:btc_ptmc_accept,-0.7164924961
METRIC,2026-04-12T23:26:57Z,190754407519423,3532,btc_qm_engine:btc_ptmc_rep_hot,3.0000000000
METRIC,2026-04-12T23:26:57Z,190754407581663,3532,btc_qm_engine:btc_ptmc_rep_cold,2.0000000000
METRIC,2026-04-12T23:26:57Z,190754407605263,3532,btc_qm_engine:btc_ptmc_accept,1.0000000000
METRIC,2026-04-12T23:26:57Z,190754407652613,3532,btc_qm_engine:btc_ptmc_rep_hot,4.0000000000
METRIC,2026-04-12T23:26:57Z,190754407676973,3532,btc_qm_engine:btc_ptmc_rep_cold,3.0000000000
METRIC,2026-04-12T23:26:57Z,190754407814573,3532,btc_qm_engine:btc_ptmc_accept,1.0000000000
METRIC,2026-04-12T23:26:57Z,190754407850133,3532,btc_qm_engine:btc_ptmc_rep_hot,5.0000000000
METRIC,2026-04-12T23:26:57Z,190754407985913,3532,btc_qm_engine:btc_ptmc_rep_cold,4.0000000000
METRIC,2026-04-12T23:26:57Z,190754408039853,3532,btc_qm_engine:btc_ptmc_accept,1.0000000000
METRIC,2026-04-12T23:26:57Z,190754408076823,3532,btc_qm_engine:btc_ptmc_rep_hot,6.0000000000
METRIC,2026-04-12T23:26:57Z,190754408465933,3532,btc_qm_engine:btc_ptmc_rep_cold,5.0000000000
METRIC,2026-04-12T23:26:57Z,190754408494303,3532,btc_qm_engine:btc_ptmc_accept,1.0000000000
METRIC,2026-04-12T23:26:57Z,190754408521883,3532,btc_qm_engine:btc_ptmc_rep_hot,7.0000000000
METRIC,2026-04-12T23:26:57Z,190754408544453,3532,btc_qm_engine:btc_ptmc_rep_cold,6.0000000000
METRIC,2026-04-12T23:26:57Z,190754408568773,3532,btc_qm_engine:btc_ptmc_accept,1.0000000000
METRIC,2026-04-12T23:26:57Z,190754408647193,3532,btc_qm_engine:btc_hashrate_mhs,0.9748961320
METRIC,2026-04-12T23:26:57Z,190754408684833,3532,btc_qm_engine:btc_hashrate_thread_id,1.0000000000
METRIC,2026-04-12T23:26:57Z,190754408722903,3532,btc_qm_engine:btc_hashrate_mhs,0.9749548080
METRIC,2026-04-12T23:26:57Z,190754408766653,3532,btc_qm_engine:btc_hashrate_thread_id,7.0000000000
METRIC,2026-04-12T23:26:57Z,190754412983333,3532,btc_qm_engine:btc_nx48_stall_count,2.0000000000
METRIC,2026-04-12T23:26:57Z,190754413069183,3532,btc_qm_engine:btc_nx48_delta_nonce_old,2.4594449437
METRIC,2026-04-12T23:26:57Z,190754413095193,3532,btc_qm_engine:btc_nx48_delta_nonce_new,2.4487231305
METRIC,2026-04-12T23:26:57Z,190754413119543,3532,btc_qm_engine:btc_nx48_batch_old,4.0000000000
METRIC,2026-04-12T23:26:57Z,190754413144243,3532,btc_qm_engine:btc_nx48_batch_new,4.0000000000
METRIC,2026-04-12T23:26:57Z,190754413168653,3532,btc_qm_engine:btc_nx48_loss,0.6464188339
METRIC,2026-04-12T23:26:57Z,190754413193753,3532,btc_qm_engine:btc_nx48_grad_norm,0.6800341074
METRIC,2026-04-12T23:26:57Z,190754413218643,3532,btc_qm_engine:btc_nx48_update_count,47.0000000000
METRIC,2026-04-12T23:26:57Z,190754413252903,3532,btc_qm_engine:btc_nx48_exploration_bias,0.4999897581
METRIC,2026-04-12T23:26:57Z,190754413283293,3532,btc_qm_engine:btc_hashrate_mhs,0.9748481880
METRIC,2026-04-12T23:26:57Z,190754413307753,3532,btc_qm_engine:btc_hashrate_thread_id,0.0000000000
METRIC,2026-04-12T23:26:57Z,190754417214383,3532,btc_qm_engine:btc_hashrate_mhs,0.9748465962
METRIC,2026-04-12T23:26:57Z,190754417291823,3532,btc_qm_engine:btc_hashrate_thread_id,6.0000000000
METRIC,2026-04-12T23:26:57Z,190754418206083,3532,btc_qm_engine:btc_hashrate_mhs,0.9749005484
METRIC,2026-04-12T23:26:57Z,190754418255203,3532,btc_qm_engine:btc_hashrate_thread_id,2.0000000000
METRIC,2026-04-12T23:26:57Z,190754419978583,3532,btc_qm_engine:btc_hashrate_mhs,0.9749676106
METRIC,2026-04-12T23:26:57Z,190754420057803,3532,btc_qm_engine:btc_hashrate_thread_id,4.0000000000
METRIC,2026-04-12T23:26:57Z,190754426670092,3532,btc_qm_engine:btc_hashrate_mhs,0.9749997468
METRIC,2026-04-12T23:26:57Z,190754426720332,3532,btc_qm_engine:btc_hashrate_thread_id,3.0000000000
METRIC,2026-04-12T23:26:57Z,190754507859707,3532,btc_qm_engine:btc_ptmc_rep_hot,1.0000000000
METRIC,2026-04-12T23:26:57Z,190754507929627,3532,btc_qm_engine:btc_ptmc_rep_cold,0.0000000000
METRIC,2026-04-12T23:26:57Z,190754507975697,3532,btc_qm_engine:btc_ptmc_accept,-0.1354937842
METRIC,2026-04-12T23:26:57Z,190754508043047,3532,btc_qm_engine:btc_ptmc_rep_hot,2.0000000000
METRIC,2026-04-12T23:26:57Z,190754508065447,3532,btc_qm_engine:btc_ptmc_rep_cold,1.0000000000
METRIC,2026-04-12T23:26:57Z,190754508084697,3532,btc_qm_engine:btc_ptmc_accept,1.0000000000
METRIC,2026-04-12T23:26:57Z,190754508105557,3532,btc_qm_engine:btc_ptmc_rep_hot,3.0000000000
METRIC,2026-04-12T23:26:57Z,190754508124287,3532,btc_qm_engine:btc_ptmc_rep_cold,2.0000000000
METRIC,2026-04-12T23:26:57Z,190754508143077,3532,btc_qm_engine:btc_ptmc_accept,1.0000000000
METRIC,2026-04-12T23:26:57Z,190754508165287,3532,btc_qm_engine:btc_ptmc_rep_hot,4.0000000000
METRIC,2026-04-12T23:26:57Z,190754508184077,3532,btc_qm_engine:btc_ptmc_rep_cold,3.0000000000
METRIC,2026-04-12T23:26:57Z,190754508212677,3532,btc_qm_engine:btc_ptmc_accept,1.0000000000
METRIC,2026-04-12T23:26:57Z,190754508253107,3532,btc_qm_engine:btc_ptmc_rep_hot,5.0000000000
METRIC,2026-04-12T23:26:57Z,190754508286237,3532,btc_qm_engine:btc_ptmc_rep_cold,4.0000000000
METRIC,2026-04-12T23:26:57Z,190754508305507,3532,btc_qm_engine:btc_ptmc_accept,1.0000000000
METRIC,2026-04-12T23:26:57Z,190754508339517,3532,btc_qm_engine:btc_ptmc_rep_hot,6.0000000000
METRIC,2026-04-12T23:26:57Z,190754508364697,3532,btc_qm_engine:btc_ptmc_rep_cold,5.0000000000
METRIC,2026-04-12T23:26:57Z,190754508384437,3532,btc_qm_engine:btc_ptmc_accept,1.0000000000
METRIC,2026-04-12T23:26:57Z,190754508411047,3532,btc_qm_engine:btc_ptmc_rep_hot,7.0000000000
METRIC,2026-04-12T23:26:57Z,190754508435957,3532,btc_qm_engine:btc_ptmc_rep_cold,6.0000000000
METRIC,2026-04-12T23:26:57Z,190754508459417,3532,btc_qm_engine:btc_ptmc_accept,1.0000000000
METRIC,2026-04-12T23:26:57Z,190754608214211,3532,btc_qm_engine:btc_ptmc_rep_hot,1.0000000000
METRIC,2026-04-12T23:26:57Z,190754608291331,3532,btc_qm_engine:btc_ptmc_rep_cold,0.0000000000
METRIC,2026-04-12T23:26:57Z,190754608327951,3532,btc_qm_engine:btc_ptmc_accept,-0.0696187850
METRIC,2026-04-12T23:26:57Z,190754608367101,3532,btc_qm_engine:btc_ptmc_rep_hot,2.0000000000
METRIC,2026-04-12T23:26:57Z,190754608391711,3532,btc_qm_engine:btc_ptmc_rep_cold,1.0000000000
METRIC,2026-04-12T23:26:57Z,190754608415181,3532,btc_qm_engine:btc_ptmc_accept,1.0000000000
METRIC,2026-04-12T23:26:57Z,190754608447121,3532,btc_qm_engine:btc_ptmc_rep_hot,3.0000000000
METRIC,2026-04-12T23:26:57Z,190754608471641,3532,btc_qm_engine:btc_ptmc_rep_cold,2.0000000000
METRIC,2026-04-12T23:26:57Z,190754608496001,3532,btc_qm_engine:btc_ptmc_accept,1.0000000000
METRIC,2026-04-12T23:26:57Z,190754608528141,3532,btc_qm_engine:btc_ptmc_rep_hot,4.0000000000
METRIC,2026-04-12T23:26:57Z,190754608552601,3532,btc_qm_engine:btc_ptmc_rep_cold,3.0000000000
METRIC,2026-04-12T23:26:57Z,190754608577021,3532,btc_qm_engine:btc_ptmc_accept,1.0000000000
METRIC,2026-04-12T23:26:57Z,190754608607811,3532,btc_qm_engine:btc_ptmc_rep_hot,5.0000000000
METRIC,2026-04-12T23:26:57Z,190754608632311,3532,btc_qm_engine:btc_ptmc_rep_cold,4.0000000000
METRIC,2026-04-12T23:26:57Z,190754608656711,3532,btc_qm_engine:btc_ptmc_accept,1.0000000000
METRIC,2026-04-12T23:26:57Z,190754608788791,3532,btc_qm_engine:btc_ptmc_rep_hot,6.0000000000
METRIC,2026-04-12T23:26:57Z,190754609650131,3532,btc_qm_engine:btc_ptmc_rep_cold,5.0000000000
METRIC,2026-04-12T23:26:57Z,190754609677611,3532,btc_qm_engine:btc_ptmc_accept,1.0000000000
METRIC,2026-04-12T23:26:57Z,190754609711391,3532,btc_qm_engine:btc_ptmc_rep_hot,7.0000000000
METRIC,2026-04-12T23:26:57Z,190754609735551,3532,btc_qm_engine:btc_ptmc_rep_cold,6.0000000000
METRIC,2026-04-12T23:26:57Z,190754609764051,3532,btc_qm_engine:btc_ptmc_accept,1.0000000000
METRIC,2026-04-12T23:26:58Z,190754709679474,3532,btc_qm_engine:btc_ptmc_rep_hot,1.0000000000
METRIC,2026-04-12T23:26:58Z,190754709760604,3532,btc_qm_engine:btc_ptmc_rep_cold,0.0000000000
METRIC,2026-04-12T23:26:58Z,190754709785464,3532,btc_qm_engine:btc_ptmc_accept,-0.2638029098
METRIC,2026-04-12T23:26:58Z,190754709816774,3532,btc_qm_engine:btc_ptmc_rep_hot,2.0000000000
METRIC,2026-04-12T23:26:58Z,190754709867074,3532,btc_qm_engine:btc_ptmc_rep_cold,1.0000000000
METRIC,2026-04-12T23:26:58Z,190754709892814,3532,btc_qm_engine:btc_ptmc_accept,0.7165701146
METRIC,2026-04-12T23:26:58Z,190754709920784,3532,btc_qm_engine:btc_ptmc_rep_hot,3.0000000000
METRIC,2026-04-12T23:26:58Z,190754709943744,3532,btc_qm_engine:btc_ptmc_rep_cold,2.0000000000
METRIC,2026-04-12T23:26:58Z,190754709966684,3532,btc_qm_engine:btc_ptmc_accept,1.0000000000
METRIC,2026-04-12T23:26:58Z,190754709996924,3532,btc_qm_engine:btc_ptmc_rep_hot,4.0000000000
METRIC,2026-04-12T23:26:58Z,190754710066184,3532,btc_qm_engine:btc_ptmc_rep_cold,3.0000000000
METRIC,2026-04-12T23:26:58Z,190754710090324,3532,btc_qm_engine:btc_ptmc_accept,0.9048418286
METRIC,2026-04-12T23:26:58Z,190754710124454,3532,btc_qm_engine:btc_ptmc_rep_hot,5.0000000000
METRIC,2026-04-12T23:26:58Z,190754710149694,3532,btc_qm_engine:btc_ptmc_rep_cold,4.0000000000
METRIC,2026-04-12T23:26:58Z,190754710173514,3532,btc_qm_engine:btc_ptmc_accept,0.9394148515
METRIC,2026-04-12T23:26:58Z,190754710206564,3532,btc_qm_engine:btc_ptmc_rep_hot,6.0000000000
METRIC,2026-04-12T23:26:58Z,190754710239684,3532,btc_qm_engine:btc_ptmc_rep_cold,5.0000000000
METRIC,2026-04-12T23:26:58Z,190754710267324,3532,btc_qm_engine:btc_ptmc_accept,1.0000000000
METRIC,2026-04-12T23:26:58Z,190754710295714,3532,btc_qm_engine:btc_ptmc_rep_hot,7.0000000000
METRIC,2026-04-12T23:26:58Z,190754710318674,3532,btc_qm_engine:btc_ptmc_rep_cold,6.0000000000
METRIC,2026-04-12T23:26:58Z,190754710343114,3532,btc_qm_engine:btc_ptmc_accept,1.0000000000
METRIC,2026-04-12T23:26:58Z,190754813553578,3532,btc_qm_engine:btc_ptmc_rep_hot,1.0000000000
METRIC,2026-04-12T23:26:58Z,190754813636788,3532,btc_qm_engine:btc_ptmc_rep_cold,0.0000000000
METRIC,2026-04-12T23:26:58Z,190754813663008,3532,btc_qm_engine:btc_ptmc_accept,1.0000000000
METRIC,2026-04-12T23:26:58Z,190754813687698,3532,btc_qm_engine:btc_ptmc_rep_hot,2.0000000000
METRIC,2026-04-12T23:26:58Z,190754813712188,3532,btc_qm_engine:btc_ptmc_rep_cold,1.0000000000
METRIC,2026-04-12T23:26:58Z,190754813736498,3532,btc_qm_engine:btc_ptmc_accept,1.0000000000
METRIC,2026-04-12T23:26:58Z,190754813770827,3532,btc_qm_engine:btc_ptmc_rep_hot,3.0000000000
METRIC,2026-04-12T23:26:58Z,190754813795437,3532,btc_qm_engine:btc_ptmc_rep_cold,2.0000000000
METRIC,2026-04-12T23:26:58Z,190754813819737,3532,btc_qm_engine:btc_ptmc_accept,1.0000000000
METRIC,2026-04-12T23:26:58Z,190754813848377,3532,btc_qm_engine:btc_ptmc_rep_hot,4.0000000000
METRIC,2026-04-12T23:26:58Z,190754813872537,3532,btc_qm_engine:btc_ptmc_rep_cold,3.0000000000
METRIC,2026-04-12T23:26:58Z,190754813896057,3532,btc_qm_engine:btc_ptmc_accept,1.0000000000
METRIC,2026-04-12T23:26:58Z,190754813928357,3532,btc_qm_engine:btc_ptmc_rep_hot,5.0000000000
METRIC,2026-04-12T23:26:58Z,190754814823487,3532,btc_qm_engine:btc_ptmc_rep_cold,4.0000000000
METRIC,2026-04-12T23:26:58Z,190754814850377,3532,btc_qm_engine:btc_ptmc_accept,1.0000000000
METRIC,2026-04-12T23:26:58Z,190754814988807,3532,btc_qm_engine:btc_ptmc_rep_hot,6.0000000000
METRIC,2026-04-12T23:26:58Z,190754815715297,3532,btc_qm_engine:btc_ptmc_rep_cold,5.0000000000
METRIC,2026-04-12T23:26:58Z,190754815736957,3532,btc_qm_engine:btc_ptmc_accept,1.0000000000
METRIC,2026-04-12T23:26:58Z,190754815771367,3532,btc_qm_engine:btc_ptmc_rep_hot,7.0000000000
METRIC,2026-04-12T23:26:58Z,190754815791057,3532,btc_qm_engine:btc_ptmc_rep_cold,6.0000000000
METRIC,2026-04-12T23:26:58Z,190754815810437,3532,btc_qm_engine:btc_ptmc_accept,1.0000000000
METRIC,2026-04-12T23:26:58Z,190754915206891,3532,btc_qm_engine:btc_ptmc_rep_hot,1.0000000000
METRIC,2026-04-12T23:26:58Z,190754915288561,3532,btc_qm_engine:btc_ptmc_rep_cold,0.0000000000
METRIC,2026-04-12T23:26:58Z,190754915314701,3532,btc_qm_engine:btc_ptmc_accept,-0.0694834512
METRIC,2026-04-12T23:26:58Z,190754915348751,3532,btc_qm_engine:btc_ptmc_rep_hot,2.0000000000
METRIC,2026-04-12T23:26:58Z,190754915374681,3532,btc_qm_engine:btc_ptmc_rep_cold,1.0000000000
METRIC,2026-04-12T23:26:58Z,190754915398951,3532,btc_qm_engine:btc_ptmc_accept,1.0000000000
METRIC,2026-04-12T23:26:58Z,190754915452891,3532,btc_qm_engine:btc_ptmc_rep_hot,3.0000000000
METRIC,2026-04-12T23:26:58Z,190754915477611,3532,btc_qm_engine:btc_ptmc_rep_cold,2.0000000000
METRIC,2026-04-12T23:26:58Z,190754915502711,3532,btc_qm_engine:btc_ptmc_accept,1.0000000000
METRIC,2026-04-12T23:26:58Z,190754915537291,3532,btc_qm_engine:btc_ptmc_rep_hot,4.0000000000
METRIC,2026-04-12T23:26:58Z,190754915564591,3532,btc_qm_engine:btc_ptmc_rep_cold,3.0000000000
METRIC,2026-04-12T23:26:58Z,190754915588471,3532,btc_qm_engine:btc_ptmc_accept,1.0000000000
METRIC,2026-04-12T23:26:58Z,190754915613691,3532,btc_qm_engine:btc_ptmc_rep_hot,5.0000000000
METRIC,2026-04-12T23:26:58Z,190754915637691,3532,btc_qm_engine:btc_ptmc_rep_cold,4.0000000000
METRIC,2026-04-12T23:26:58Z,190754915662611,3532,btc_qm_engine:btc_ptmc_accept,1.0000000000
METRIC,2026-04-12T23:26:58Z,190754915695401,3532,btc_qm_engine:btc_ptmc_rep_hot,6.0000000000
METRIC,2026-04-12T23:26:58Z,190754915726941,3532,btc_qm_engine:btc_ptmc_rep_cold,5.0000000000
METRIC,2026-04-12T23:26:58Z,190754915763851,3532,btc_qm_engine:btc_ptmc_accept,1.0000000000
METRIC,2026-04-12T23:26:58Z,190754915792331,3532,btc_qm_engine:btc_ptmc_rep_hot,7.0000000000
METRIC,2026-04-12T23:26:58Z,190754915817201,3532,btc_qm_engine:btc_ptmc_rep_cold,6.0000000000
METRIC,2026-04-12T23:26:58Z,190754915841481,3532,btc_qm_engine:btc_ptmc_accept,1.0000000000
METRIC,2026-04-12T23:26:58Z,190755016371364,3532,btc_qm_engine:btc_ptmc_rep_hot,1.0000000000
METRIC,2026-04-12T23:26:58Z,190755016449154,3532,btc_qm_engine:btc_ptmc_rep_cold,0.0000000000
METRIC,2026-04-12T23:26:58Z,190755016474054,3532,btc_qm_engine:btc_ptmc_accept,1.0000000000
METRIC,2026-04-12T23:26:58Z,190755016497894,3532,btc_qm_engine:btc_ptmc_rep_hot,2.0000000000
METRIC,2026-04-12T23:26:58Z,190755016521144,3532,btc_qm_engine:btc_ptmc_rep_cold,1.0000000000
METRIC,2026-04-12T23:26:58Z,190755016544324,3532,btc_qm_engine:btc_ptmc_accept,1.0000000000
METRIC,2026-04-12T23:26:58Z,190755016567544,3532,btc_qm_engine:btc_ptmc_rep_hot,3.0000000000
METRIC,2026-04-12T23:26:58Z,190755016590604,3532,btc_qm_engine:btc_ptmc_rep_cold,2.0000000000
METRIC,2026-04-12T23:26:58Z,190755016613634,3532,btc_qm_engine:btc_ptmc_accept,1.0000000000
METRIC,2026-04-12T23:26:58Z,190755016636854,3532,btc_qm_engine:btc_ptmc_rep_hot,4.0000000000
METRIC,2026-04-12T23:26:58Z,190755016659864,3532,btc_qm_engine:btc_ptmc_rep_cold,3.0000000000
METRIC,2026-04-12T23:26:58Z,190755016682944,3532,btc_qm_engine:btc_ptmc_accept,1.0000000000
METRIC,2026-04-12T23:26:58Z,190755016705794,3532,btc_qm_engine:btc_ptmc_rep_hot,5.0000000000
METRIC,2026-04-12T23:26:58Z,190755016728894,3532,btc_qm_engine:btc_ptmc_rep_cold,4.0000000000
METRIC,2026-04-12T23:26:58Z,190755016752384,3532,btc_qm_engine:btc_ptmc_accept,1.0000000000
METRIC,2026-04-12T23:26:58Z,190755016775494,3532,btc_qm_engine:btc_ptmc_rep_hot,6.0000000000
METRIC,2026-04-12T23:26:58Z,190755016798474,3532,btc_qm_engine:btc_ptmc_rep_cold,5.0000000000
METRIC,2026-04-12T23:26:58Z,190755016821604,3532,btc_qm_engine:btc_ptmc_accept,1.0000000000
METRIC,2026-04-12T23:26:58Z,190755016844704,3532,btc_qm_engine:btc_ptmc_rep_hot,7.0000000000
METRIC,2026-04-12T23:26:58Z,190755016867774,3532,btc_qm_engine:btc_ptmc_rep_cold,6.0000000000
METRIC,2026-04-12T23:26:58Z,190755016890954,3532,btc_qm_engine:btc_ptmc_accept,1.0000000000
METRIC,2026-04-12T23:26:58Z,190755124466778,3532,btc_qm_engine:btc_ptmc_rep_hot,1.0000000000
METRIC,2026-04-12T23:26:58Z,190755124559348,3532,btc_qm_engine:btc_ptmc_rep_cold,0.0000000000
METRIC,2026-04-12T23:26:58Z,190755124597518,3532,btc_qm_engine:btc_ptmc_accept,1.0000000000
METRIC,2026-04-12T23:26:58Z,190755124622638,3532,btc_qm_engine:btc_ptmc_rep_hot,2.0000000000
METRIC,2026-04-12T23:26:58Z,190755124648228,3532,btc_qm_engine:btc_ptmc_rep_cold,1.0000000000
METRIC,2026-04-12T23:26:58Z,190755124673638,3532,btc_qm_engine:btc_ptmc_accept,0.7164924961
METRIC,2026-04-12T23:26:58Z,190755124699908,3532,btc_qm_engine:btc_ptmc_rep_hot,3.0000000000
METRIC,2026-04-12T23:26:58Z,190755124724668,3532,btc_qm_engine:btc_ptmc_rep_cold,2.0000000000
METRIC,2026-04-12T23:26:58Z,190755124770278,3532,btc_qm_engine:btc_ptmc_accept,0.8464702621
METRIC,2026-04-12T23:26:58Z,190755124795138,3532,btc_qm_engine:btc_ptmc_rep_hot,4.0000000000
METRIC,2026-04-12T23:26:58Z,190755124820168,3532,btc_qm_engine:btc_ptmc_rep_cold,3.0000000000
METRIC,2026-04-12T23:26:58Z,190755124845118,3532,btc_qm_engine:btc_ptmc_accept,1.0000000000
METRIC,2026-04-12T23:26:58Z,190755124879498,3532,btc_qm_engine:btc_ptmc_rep_hot,5.0000000000
METRIC,2026-04-12T23:26:58Z,190755124904798,3532,btc_qm_engine:btc_ptmc_rep_cold,4.0000000000
METRIC,2026-04-12T23:26:58Z,190755124929958,3532,btc_qm_engine:btc_ptmc_accept,0.9394112740
METRIC,2026-04-12T23:26:58Z,190755124960898,3532,btc_qm_engine:btc_ptmc_rep_hot,6.0000000000
METRIC,2026-04-12T23:26:58Z,190755124985148,3532,btc_qm_engine:btc_ptmc_rep_cold,5.0000000000
METRIC,2026-04-12T23:26:58Z,190755125027658,3532,btc_qm_engine:btc_ptmc_accept,1.0000000000
METRIC,2026-04-12T23:26:58Z,190755125059348,3532,btc_qm_engine:btc_ptmc_rep_hot,7.0000000000
METRIC,2026-04-12T23:26:58Z,190755125084768,3532,btc_qm_engine:btc_ptmc_rep_cold,6.0000000000
METRIC,2026-04-12T23:26:58Z,190755125109568,3532,btc_qm_engine:btc_ptmc_accept,0.9767447714
METRIC,2026-04-12T23:26:58Z,190755241746640,3532,btc_qm_engine:btc_ptmc_rep_hot,1.0000000000
METRIC,2026-04-12T23:26:58Z,190755241949790,3532,btc_qm_engine:btc_ptmc_rep_cold,0.0000000000
METRIC,2026-04-12T23:26:58Z,190755241976230,3532,btc_qm_engine:btc_ptmc_accept,-0.0695919752
METRIC,2026-04-12T23:26:58Z,190755242180690,3532,btc_qm_engine:btc_ptmc_rep_hot,2.0000000000
METRIC,2026-04-12T23:26:58Z,190755242207990,3532,btc_qm_engine:btc_ptmc_rep_cold,1.0000000000
METRIC,2026-04-12T23:26:58Z,190755242255460,3532,btc_qm_engine:btc_ptmc_accept,1.0000000000
METRIC,2026-04-12T23:26:58Z,190755242500700,3532,btc_qm_engine:btc_ptmc_rep_hot,3.0000000000
METRIC,2026-04-12T23:26:58Z,190755242526790,3532,btc_qm_engine:btc_ptmc_rep_cold,2.0000000000
METRIC,2026-04-12T23:26:58Z,190755242551590,3532,btc_qm_engine:btc_ptmc_accept,1.0000000000
METRIC,2026-04-12T23:26:58Z,190755242583700,3532,btc_qm_engine:btc_ptmc_rep_hot,4.0000000000
METRIC,2026-04-12T23:26:58Z,190755242608470,3532,btc_qm_engine:btc_ptmc_rep_cold,3.0000000000
METRIC,2026-04-12T23:26:58Z,190755242650980,3532,btc_qm_engine:btc_ptmc_accept,1.0000000000
METRIC,2026-04-12T23:26:58Z,190755242705730,3532,btc_qm_engine:btc_ptmc_rep_hot,5.0000000000
METRIC,2026-04-12T23:26:58Z,190755242730080,3532,btc_qm_engine:btc_ptmc_rep_cold,4.0000000000
METRIC,2026-04-12T23:26:58Z,190755242760260,3532,btc_qm_engine:btc_ptmc_accept,1.0000000000
METRIC,2026-04-12T23:26:58Z,190755242801100,3532,btc_qm_engine:btc_ptmc_rep_hot,6.0000000000
METRIC,2026-04-12T23:26:58Z,190755242838230,3532,btc_qm_engine:btc_ptmc_rep_cold,5.0000000000
METRIC,2026-04-12T23:26:58Z,190755242862490,3532,btc_qm_engine:btc_ptmc_accept,1.0000000000
METRIC,2026-04-12T23:26:58Z,190755242892670,3532,btc_qm_engine:btc_ptmc_rep_hot,7.0000000000
METRIC,2026-04-12T23:26:58Z,190755242917180,3532,btc_qm_engine:btc_ptmc_rep_cold,6.0000000000
METRIC,2026-04-12T23:26:58Z,190755242941350,3532,btc_qm_engine:btc_ptmc_accept,1.0000000000
METRIC,2026-04-12T23:26:58Z,190755352947553,3532,btc_qm_engine:btc_ptmc_rep_hot,1.0000000000
METRIC,2026-04-12T23:26:58Z,190755353058213,3532,btc_qm_engine:btc_ptmc_rep_cold,0.0000000000
METRIC,2026-04-12T23:26:58Z,190755353085823,3532,btc_qm_engine:btc_ptmc_accept,1.0000000000
METRIC,2026-04-12T23:26:58Z,190755353111003,3532,btc_qm_engine:btc_ptmc_rep_hot,2.0000000000
METRIC,2026-04-12T23:26:58Z,190755353135703,3532,btc_qm_engine:btc_ptmc_rep_cold,1.0000000000
METRIC,2026-04-12T23:26:58Z,190755353160403,3532,btc_qm_engine:btc_ptmc_accept,1.0000000000
METRIC,2026-04-12T23:26:58Z,190755353190123,3532,btc_qm_engine:btc_ptmc_rep_hot,3.0000000000
METRIC,2026-04-12T23:26:58Z,190755353214743,3532,btc_qm_engine:btc_ptmc_rep_cold,2.0000000000
METRIC,2026-04-12T23:26:58Z,190755353239323,3532,btc_qm_engine:btc_ptmc_accept,1.0000000000
METRIC,2026-04-12T23:26:58Z,190755353267123,3532,btc_qm_engine:btc_ptmc_rep_hot,4.0000000000
METRIC,2026-04-12T23:26:58Z,190755353321103,3532,btc_qm_engine:btc_ptmc_rep_cold,3.0000000000
METRIC,2026-04-12T23:26:58Z,190755353345733,3532,btc_qm_engine:btc_ptmc_accept,1.0000000000
METRIC,2026-04-12T23:26:58Z,190755353370403,3532,btc_qm_engine:btc_ptmc_rep_hot,5.0000000000
METRIC,2026-04-12T23:26:58Z,190755353394753,3532,btc_qm_engine:btc_ptmc_rep_cold,4.0000000000
METRIC,2026-04-12T23:26:58Z,190755353417873,3532,btc_qm_engine:btc_ptmc_accept,1.0000000000
METRIC,2026-04-12T23:26:58Z,190755353443493,3532,btc_qm_engine:btc_ptmc_rep_hot,6.0000000000
METRIC,2026-04-12T23:26:58Z,190755353468873,3532,btc_qm_engine:btc_ptmc_rep_cold,5.0000000000
METRIC,2026-04-12T23:26:58Z,190755353492633,3532,btc_qm_engine:btc_ptmc_accept,1.0000000000
METRIC,2026-04-12T23:26:58Z,190755353525603,3532,btc_qm_engine:btc_ptmc_rep_hot,7.0000000000
METRIC,2026-04-12T23:26:58Z,190755353551233,3532,btc_qm_engine:btc_ptmc_rep_cold,6.0000000000
METRIC,2026-04-12T23:26:58Z,190755353575943,3532,btc_qm_engine:btc_ptmc_accept,1.0000000000
METRIC,2026-04-12T23:26:58Z,190755455124126,3532,btc_qm_engine:btc_ptmc_rep_hot,1.0000000000
METRIC,2026-04-12T23:26:58Z,190755455216366,3532,btc_qm_engine:btc_ptmc_rep_cold,0.0000000000
METRIC,2026-04-12T23:26:58Z,190755455243056,3532,btc_qm_engine:btc_ptmc_accept,1.0000000000
METRIC,2026-04-12T23:26:58Z,190755455273456,3532,btc_qm_engine:btc_ptmc_rep_hot,2.0000000000
METRIC,2026-04-12T23:26:58Z,190755455298626,3532,btc_qm_engine:btc_ptmc_rep_cold,1.0000000000
METRIC,2026-04-12T23:26:58Z,190755455323606,3532,btc_qm_engine:btc_ptmc_accept,1.0000000000
METRIC,2026-04-12T23:26:58Z,190755455352306,3532,btc_qm_engine:btc_ptmc_rep_hot,3.0000000000
METRIC,2026-04-12T23:26:58Z,190755455377086,3532,btc_qm_engine:btc_ptmc_rep_cold,2.0000000000
METRIC,2026-04-12T23:26:58Z,190755455412966,3532,btc_qm_engine:btc_ptmc_accept,1.0000000000
METRIC,2026-04-12T23:26:58Z,190755455447926,3532,btc_qm_engine:btc_ptmc_rep_hot,4.0000000000
METRIC,2026-04-12T23:26:58Z,190755455472976,3532,btc_qm_engine:btc_ptmc_rep_cold,3.0000000000
METRIC,2026-04-12T23:26:58Z,190755455497346,3532,btc_qm_engine:btc_ptmc_accept,1.0000000000
METRIC,2026-04-12T23:26:58Z,190755455528286,3532,btc_qm_engine:btc_ptmc_rep_hot,5.0000000000
METRIC,2026-04-12T23:26:58Z,190755455552876,3532,btc_qm_engine:btc_ptmc_rep_cold,4.0000000000
METRIC,2026-04-12T23:26:58Z,190755455577436,3532,btc_qm_engine:btc_ptmc_accept,1.0000000000
METRIC,2026-04-12T23:26:58Z,190755455611336,3532,btc_qm_engine:btc_ptmc_rep_hot,6.0000000000
METRIC,2026-04-12T23:26:58Z,190755455636066,3532,btc_qm_engine:btc_ptmc_rep_cold,5.0000000000
METRIC,2026-04-12T23:26:58Z,190755455660806,3532,btc_qm_engine:btc_ptmc_accept,1.0000000000
METRIC,2026-04-12T23:26:58Z,190755455685976,3532,btc_qm_engine:btc_ptmc_rep_hot,7.0000000000
METRIC,2026-04-12T23:26:58Z,190755455710476,3532,btc_qm_engine:btc_ptmc_rep_cold,6.0000000000
METRIC,2026-04-12T23:26:58Z,190755455735166,3532,btc_qm_engine:btc_ptmc_accept,1.0000000000
METRIC,2026-04-12T23:26:58Z,190755559633100,3532,btc_qm_engine:btc_ptmc_rep_hot,1.0000000000
METRIC,2026-04-12T23:26:58Z,190755559714400,3532,btc_qm_engine:btc_ptmc_rep_cold,0.0000000000
METRIC,2026-04-12T23:26:58Z,190755559740800,3532,btc_qm_engine:btc_ptmc_accept,1.0000000000
METRIC,2026-04-12T23:26:58Z,190755559771590,3532,btc_qm_engine:btc_ptmc_rep_hot,2.0000000000
METRIC,2026-04-12T23:26:58Z,190755559826580,3532,btc_qm_engine:btc_ptmc_rep_cold,1.0000000000
METRIC,2026-04-12T23:26:58Z,190755559851400,3532,btc_qm_engine:btc_ptmc_accept,0.7165624298
METRIC,2026-04-12T23:26:58Z,190755559885850,3532,btc_qm_engine:btc_ptmc_rep_hot,3.0000000000
METRIC,2026-04-12T23:26:58Z,190755559910750,3532,btc_qm_engine:btc_ptmc_rep_cold,2.0000000000
METRIC,2026-04-12T23:26:58Z,190755559935070,3532,btc_qm_engine:btc_ptmc_accept,0.8464909161
METRIC,2026-04-12T23:26:58Z,190755559963450,3532,btc_qm_engine:btc_ptmc_rep_hot,4.0000000000
METRIC,2026-04-12T23:26:58Z,190755559987490,3532,btc_qm_engine:btc_ptmc_rep_cold,3.0000000000
METRIC,2026-04-12T23:26:58Z,190755560046690,3532,btc_qm_engine:btc_ptmc_accept,1.0000000000
METRIC,2026-04-12T23:26:58Z,190755560080850,3532,btc_qm_engine:btc_ptmc_rep_hot,5.0000000000
METRIC,2026-04-12T23:26:58Z,190755560105220,3532,btc_qm_engine:btc_ptmc_rep_cold,4.0000000000
METRIC,2026-04-12T23:26:58Z,190755560129300,3532,btc_qm_engine:btc_ptmc_accept,0.9394144973
METRIC,2026-04-12T23:26:58Z,190755560164110,3532,btc_qm_engine:btc_ptmc_rep_hot,6.0000000000
METRIC,2026-04-12T23:26:58Z,190755560188600,3532,btc_qm_engine:btc_ptmc_rep_cold,5.0000000000
METRIC,2026-04-12T23:26:58Z,190755560212900,3532,btc_qm_engine:btc_ptmc_accept,0.9642900774
METRIC,2026-04-12T23:26:58Z,190755560241040,3532,btc_qm_engine:btc_ptmc_rep_hot,7.0000000000
METRIC,2026-04-12T23:26:58Z,190755560265180,3532,btc_qm_engine:btc_ptmc_rep_cold,6.0000000000
METRIC,2026-04-12T23:26:58Z,190755560289080,3532,btc_qm_engine:btc_ptmc_accept,0.9767452464
METRIC,2026-04-12T23:26:59Z,190755661469253,3532,btc_qm_engine:btc_ptmc_rep_hot,1.0000000000
METRIC,2026-04-12T23:26:59Z,190755661567993,3532,btc_qm_engine:btc_ptmc_rep_cold,0.0000000000
METRIC,2026-04-12T23:26:59Z,190755661603253,3532,btc_qm_engine:btc_ptmc_accept,1.0000000000
METRIC,2026-04-12T23:26:59Z,190755661628923,3532,btc_qm_engine:btc_ptmc_rep_hot,2.0000000000
METRIC,2026-04-12T23:26:59Z,190755661654403,3532,btc_qm_engine:btc_ptmc_rep_cold,1.0000000000
METRIC,2026-04-12T23:26:59Z,190755661679113,3532,btc_qm_engine:btc_ptmc_accept,-0.7165313106
METRIC,2026-04-12T23:26:59Z,190755661709563,3532,btc_qm_engine:btc_ptmc_rep_hot,3.0000000000
METRIC,2026-04-12T23:26:59Z,190755661734343,3532,btc_qm_engine:btc_ptmc_rep_cold,2.0000000000
METRIC,2026-04-12T23:26:59Z,190755661764513,3532,btc_qm_engine:btc_ptmc_accept,1.0000000000
METRIC,2026-04-12T23:26:59Z,190755661807123,3532,btc_qm_engine:btc_ptmc_rep_hot,4.0000000000
METRIC,2026-04-12T23:26:59Z,190755661830343,3532,btc_qm_engine:btc_ptmc_rep_cold,3.0000000000
METRIC,2026-04-12T23:26:59Z,190755661854653,3532,btc_qm_engine:btc_ptmc_accept,1.0000000000
METRIC,2026-04-12T23:26:59Z,190755661885853,3532,btc_qm_engine:btc_ptmc_rep_hot,5.0000000000
METRIC,2026-04-12T23:26:59Z,190755661909123,3532,btc_qm_engine:btc_ptmc_rep_cold,4.0000000000
METRIC,2026-04-12T23:26:59Z,190755661932083,3532,btc_qm_engine:btc_ptmc_accept,1.0000000000
METRIC,2026-04-12T23:26:59Z,190755661955643,3532,btc_qm_engine:btc_ptmc_rep_hot,6.0000000000
METRIC,2026-04-12T23:26:59Z,190755661976713,3532,btc_qm_engine:btc_ptmc_rep_cold,5.0000000000
METRIC,2026-04-12T23:26:59Z,190755662014633,3532,btc_qm_engine:btc_ptmc_accept,1.0000000000
METRIC,2026-04-12T23:26:59Z,190755662048673,3532,btc_qm_engine:btc_ptmc_rep_hot,7.0000000000
METRIC,2026-04-12T23:26:59Z,190755662073723,3532,btc_qm_engine:btc_ptmc_rep_cold,6.0000000000
METRIC,2026-04-12T23:26:59Z,190755662098243,3532,btc_qm_engine:btc_ptmc_accept,1.0000000000
METRIC,2026-04-12T23:26:59Z,190755764056747,3532,btc_qm_engine:btc_ptmc_rep_hot,1.0000000000
METRIC,2026-04-12T23:26:59Z,190755764169927,3532,btc_qm_engine:btc_ptmc_rep_cold,0.0000000000
METRIC,2026-04-12T23:26:59Z,190755764197197,3532,btc_qm_engine:btc_ptmc_accept,1.0000000000
METRIC,2026-04-12T23:26:59Z,190755764268237,3532,btc_qm_engine:btc_ptmc_rep_hot,2.0000000000
METRIC,2026-04-12T23:26:59Z,190755764306157,3532,btc_qm_engine:btc_ptmc_rep_cold,1.0000000000
METRIC,2026-04-12T23:26:59Z,190755764330927,3532,btc_qm_engine:btc_ptmc_accept,0.7165001846
METRIC,2026-04-12T23:26:59Z,190755764406917,3532,btc_qm_engine:btc_ptmc_rep_hot,3.0000000000
METRIC,2026-04-12T23:26:59Z,190755764473197,3532,btc_qm_engine:btc_ptmc_rep_cold,2.0000000000
METRIC,2026-04-12T23:26:59Z,190755764497517,3532,btc_qm_engine:btc_ptmc_accept,1.0000000000
METRIC,2026-04-12T23:26:59Z,190755764532477,3532,btc_qm_engine:btc_ptmc_rep_hot,4.0000000000
METRIC,2026-04-12T23:26:59Z,190755764557877,3532,btc_qm_engine:btc_ptmc_rep_cold,3.0000000000
METRIC,2026-04-12T23:26:59Z,190755764582297,3532,btc_qm_engine:btc_ptmc_accept,1.0000000000
METRIC,2026-04-12T23:26:59Z,190755764613037,3532,btc_qm_engine:btc_ptmc_rep_hot,5.0000000000
METRIC,2026-04-12T23:26:59Z,190755764637237,3532,btc_qm_engine:btc_ptmc_rep_cold,4.0000000000
METRIC,2026-04-12T23:26:59Z,190755764667757,3532,btc_qm_engine:btc_ptmc_accept,1.0000000000
METRIC,2026-04-12T23:26:59Z,190755764697647,3532,btc_qm_engine:btc_ptmc_rep_hot,6.0000000000
METRIC,2026-04-12T23:26:59Z,190755764722747,3532,btc_qm_engine:btc_ptmc_rep_cold,5.0000000000
METRIC,2026-04-12T23:26:59Z,190755764745917,3532,btc_qm_engine:btc_ptmc_accept,1.0000000000
METRIC,2026-04-12T23:26:59Z,190755764775377,3532,btc_qm_engine:btc_ptmc_rep_hot,7.0000000000
METRIC,2026-04-12T23:26:59Z,190755764800807,3532,btc_qm_engine:btc_ptmc_rep_cold,6.0000000000
METRIC,2026-04-12T23:26:59Z,190755764825197,3532,btc_qm_engine:btc_ptmc_accept,1.0000000000
METRIC,2026-04-12T23:26:59Z,190755869693930,3532,btc_qm_engine:btc_ptmc_rep_hot,1.0000000000
METRIC,2026-04-12T23:26:59Z,190755869773460,3532,btc_qm_engine:btc_ptmc_rep_cold,0.0000000000
METRIC,2026-04-12T23:26:59Z,190755869799990,3532,btc_qm_engine:btc_ptmc_accept,-0.5135063048
METRIC,2026-04-12T23:26:59Z,190755869826890,3532,btc_qm_engine:btc_ptmc_rep_hot,2.0000000000
METRIC,2026-04-12T23:26:59Z,190755869851590,3532,btc_qm_engine:btc_ptmc_rep_cold,1.0000000000
METRIC,2026-04-12T23:26:59Z,190755869884680,3532,btc_qm_engine:btc_ptmc_accept,1.0000000000
METRIC,2026-04-12T23:26:59Z,190755869918420,3532,btc_qm_engine:btc_ptmc_rep_hot,3.0000000000
METRIC,2026-04-12T23:26:59Z,190755869944200,3532,btc_qm_engine:btc_ptmc_rep_cold,2.0000000000
METRIC,2026-04-12T23:26:59Z,190755869968470,3532,btc_qm_engine:btc_ptmc_accept,1.0000000000
METRIC,2026-04-12T23:26:59Z,190755869998640,3532,btc_qm_engine:btc_ptmc_rep_hot,4.0000000000
METRIC,2026-04-12T23:26:59Z,190755870036230,3532,btc_qm_engine:btc_ptmc_rep_cold,3.0000000000
METRIC,2026-04-12T23:26:59Z,190755870060900,3532,btc_qm_engine:btc_ptmc_accept,1.0000000000
METRIC,2026-04-12T23:26:59Z,190755870091980,3532,btc_qm_engine:btc_ptmc_rep_hot,5.0000000000
METRIC,2026-04-12T23:26:59Z,190755870116260,3532,btc_qm_engine:btc_ptmc_rep_cold,4.0000000000
METRIC,2026-04-12T23:26:59Z,190755870140770,3532,btc_qm_engine:btc_ptmc_accept,1.0000000000
METRIC,2026-04-12T23:26:59Z,190755870170110,3532,btc_qm_engine:btc_ptmc_rep_hot,6.0000000000
METRIC,2026-04-12T23:26:59Z,190755870194460,3532,btc_qm_engine:btc_ptmc_rep_cold,5.0000000000
METRIC,2026-04-12T23:26:59Z,190755870218960,3532,btc_qm_engine:btc_ptmc_accept,1.0000000000
METRIC,2026-04-12T23:26:59Z,190755870247350,3532,btc_qm_engine:btc_ptmc_rep_hot,7.0000000000
METRIC,2026-04-12T23:26:59Z,190755870271670,3532,btc_qm_engine:btc_ptmc_rep_cold,6.0000000000
METRIC,2026-04-12T23:26:59Z,190755870295770,3532,btc_qm_engine:btc_ptmc_accept,1.0000000000
METRIC,2026-04-12T23:26:59Z,190755976515513,3532,btc_qm_engine:btc_ptmc_rep_hot,1.0000000000
METRIC,2026-04-12T23:26:59Z,190755976590683,3532,btc_qm_engine:btc_ptmc_rep_cold,0.0000000000
METRIC,2026-04-12T23:26:59Z,190755976617753,3532,btc_qm_engine:btc_ptmc_accept,-0.2638029098
METRIC,2026-04-12T23:26:59Z,190755976643243,3532,btc_qm_engine:btc_ptmc_rep_hot,2.0000000000
METRIC,2026-04-12T23:26:59Z,190755976668373,3532,btc_qm_engine:btc_ptmc_rep_cold,1.0000000000
METRIC,2026-04-12T23:26:59Z,190755976692543,3532,btc_qm_engine:btc_ptmc_accept,1.0000000000
METRIC,2026-04-12T23:26:59Z,190755976724913,3532,btc_qm_engine:btc_ptmc_rep_hot,3.0000000000
METRIC,2026-04-12T23:26:59Z,190755976764183,3532,btc_qm_engine:btc_ptmc_rep_cold,2.0000000000
METRIC,2026-04-12T23:26:59Z,190755976798813,3532,btc_qm_engine:btc_ptmc_accept,1.0000000000
METRIC,2026-04-12T23:26:59Z,190755976850603,3532,btc_qm_engine:btc_ptmc_rep_hot,4.0000000000
METRIC,2026-04-12T23:26:59Z,190755976874053,3532,btc_qm_engine:btc_ptmc_rep_cold,3.0000000000
METRIC,2026-04-12T23:26:59Z,190755976897223,3532,btc_qm_engine:btc_ptmc_accept,1.0000000000
METRIC,2026-04-12T23:26:59Z,190755976926023,3532,btc_qm_engine:btc_ptmc_rep_hot,5.0000000000
METRIC,2026-04-12T23:26:59Z,190755976950983,3532,btc_qm_engine:btc_ptmc_rep_cold,4.0000000000
METRIC,2026-04-12T23:26:59Z,190755976973973,3532,btc_qm_engine:btc_ptmc_accept,1.0000000000
METRIC,2026-04-12T23:26:59Z,190755977049423,3532,btc_qm_engine:btc_ptmc_rep_hot,6.0000000000
METRIC,2026-04-12T23:26:59Z,190755977076733,3532,btc_qm_engine:btc_ptmc_rep_cold,5.0000000000
METRIC,2026-04-12T23:26:59Z,190755977099943,3532,btc_qm_engine:btc_ptmc_accept,0.9642893023
METRIC,2026-04-12T23:26:59Z,190755977129833,3532,btc_qm_engine:btc_ptmc_rep_hot,7.0000000000
METRIC,2026-04-12T23:26:59Z,190755977153933,3532,btc_qm_engine:btc_ptmc_rep_cold,6.0000000000
METRIC,2026-04-12T23:26:59Z,190755977176563,3532,btc_qm_engine:btc_ptmc_accept,0.9767446541
METRIC,2026-04-12T23:26:59Z,190756077443677,3532,btc_qm_engine:btc_ptmc_rep_hot,1.0000000000
METRIC,2026-04-12T23:26:59Z,190756077529727,3532,btc_qm_engine:btc_ptmc_rep_cold,0.0000000000
METRIC,2026-04-12T23:26:59Z,190756077556047,3532,btc_qm_engine:btc_ptmc_accept,1.0000000000
METRIC,2026-04-12T23:26:59Z,190756077849127,3532,btc_qm_engine:btc_ptmc_rep_hot,2.0000000000
METRIC,2026-04-12T23:26:59Z,190756077878937,3532,btc_qm_engine:btc_ptmc_rep_cold,1.0000000000
METRIC,2026-04-12T23:26:59Z,190756077902667,3532,btc_qm_engine:btc_ptmc_accept,0.7165485813
METRIC,2026-04-12T23:26:59Z,190756077937897,3532,btc_qm_engine:btc_ptmc_rep_hot,3.0000000000
METRIC,2026-04-12T23:26:59Z,190756077963507,3532,btc_qm_engine:btc_ptmc_rep_cold,2.0000000000
METRIC,2026-04-12T23:26:59Z,190756077986777,3532,btc_qm_engine:btc_ptmc_accept,1.0000000000
METRIC,2026-04-12T23:26:59Z,190756078064667,3532,btc_qm_engine:btc_ptmc_rep_hot,4.0000000000
METRIC,2026-04-12T23:26:59Z,190756078090017,3532,btc_qm_engine:btc_ptmc_rep_cold,3.0000000000
METRIC,2026-04-12T23:26:59Z,190756078113407,3532,btc_qm_engine:btc_ptmc_accept,1.0000000000
METRIC,2026-04-12T23:26:59Z,190756078143567,3532,btc_qm_engine:btc_ptmc_rep_hot,5.0000000000
METRIC,2026-04-12T23:26:59Z,190756078168167,3532,btc_qm_engine:btc_ptmc_rep_cold,4.0000000000
METRIC,2026-04-12T23:26:59Z,190756078193267,3532,btc_qm_engine:btc_ptmc_accept,1.0000000000
METRIC,2026-04-12T23:26:59Z,190756078225217,3532,btc_qm_engine:btc_ptmc_rep_hot,6.0000000000
METRIC,2026-04-12T23:26:59Z,190756078248667,3532,btc_qm_engine:btc_ptmc_rep_cold,5.0000000000
METRIC,2026-04-12T23:26:59Z,190756078271867,3532,btc_qm_engine:btc_ptmc_accept,0.9642898556
METRIC,2026-04-12T23:26:59Z,190756078297127,3532,btc_qm_engine:btc_ptmc_rep_hot,7.0000000000
METRIC,2026-04-12T23:26:59Z,190756078315777,3532,btc_qm_engine:btc_ptmc_rep_cold,6.0000000000
METRIC,2026-04-12T23:26:59Z,190756078334457,3532,btc_qm_engine:btc_ptmc_accept,1.0000000000
METRIC,2026-04-12T23:26:59Z,190756181020720,3532,btc_qm_engine:btc_ptmc_rep_hot,1.0000000000
METRIC,2026-04-12T23:26:59Z,190756181090330,3532,btc_qm_engine:btc_ptmc_rep_cold,0.0000000000
METRIC,2026-04-12T23:26:59Z,190756181110890,3532,btc_qm_engine:btc_ptmc_accept,1.0000000000
METRIC,2026-04-12T23:26:59Z,190756181130450,3532,btc_qm_engine:btc_ptmc_rep_hot,2.0000000000
METRIC,2026-04-12T23:26:59Z,190756181149340,3532,btc_qm_engine:btc_ptmc_rep_cold,1.0000000000
METRIC,2026-04-12T23:26:59Z,190756181168190,3532,btc_qm_engine:btc_ptmc_accept,1.0000000000
METRIC,2026-04-12T23:26:59Z,190756181187240,3532,btc_qm_engine:btc_ptmc_rep_hot,3.0000000000
METRIC,2026-04-12T23:26:59Z,190756181212210,3532,btc_qm_engine:btc_ptmc_rep_cold,2.0000000000
METRIC,2026-04-12T23:26:59Z,190756181235910,3532,btc_qm_engine:btc_ptmc_accept,1.0000000000
METRIC,2026-04-12T23:26:59Z,190756181261690,3532,btc_qm_engine:btc_ptmc_rep_hot,4.0000000000
METRIC,2026-04-12T23:26:59Z,190756181281990,3532,btc_qm_engine:btc_ptmc_rep_cold,3.0000000000
METRIC,2026-04-12T23:26:59Z,190756181327940,3532,btc_qm_engine:btc_ptmc_accept,-0.9048418286
METRIC,2026-04-12T23:26:59Z,190756181356980,3532,btc_qm_engine:btc_ptmc_rep_hot,5.0000000000
METRIC,2026-04-12T23:26:59Z,190756181376300,3532,btc_qm_engine:btc_ptmc_rep_cold,4.0000000000
METRIC,2026-04-12T23:26:59Z,190756181401930,3532,btc_qm_engine:btc_ptmc_accept,1.0000000000
METRIC,2026-04-12T23:26:59Z,190756181433240,3532,btc_qm_engine:btc_ptmc_rep_hot,6.0000000000
METRIC,2026-04-12T23:26:59Z,190756181456580,3532,btc_qm_engine:btc_ptmc_rep_cold,5.0000000000
METRIC,2026-04-12T23:26:59Z,190756181478690,3532,btc_qm_engine:btc_ptmc_accept,1.0000000000
METRIC,2026-04-12T23:26:59Z,190756181511860,3532,btc_qm_engine:btc_ptmc_rep_hot,7.0000000000
METRIC,2026-04-12T23:26:59Z,190756181545360,3532,btc_qm_engine:btc_ptmc_rep_cold,6.0000000000
METRIC,2026-04-12T23:26:59Z,190756181569970,3532,btc_qm_engine:btc_ptmc_accept,1.0000000000
METRIC,2026-04-12T23:26:59Z,190756284105463,3532,btc_qm_engine:btc_ptmc_rep_hot,1.0000000000
METRIC,2026-04-12T23:26:59Z,190756284195653,3532,btc_qm_engine:btc_ptmc_rep_cold,0.0000000000
METRIC,2026-04-12T23:26:59Z,190756284216813,3532,btc_qm_engine:btc_ptmc_accept,-0.1354058228
METRIC,2026-04-12T23:26:59Z,190756284245393,3532,btc_qm_engine:btc_ptmc_rep_hot,2.0000000000
METRIC,2026-04-12T23:26:59Z,190756284264653,3532,btc_qm_engine:btc_ptmc_rep_cold,1.0000000000
METRIC,2026-04-12T23:26:59Z,190756284283433,3532,btc_qm_engine:btc_ptmc_accept,1.0000000000
METRIC,2026-04-12T23:26:59Z,190756284307283,3532,btc_qm_engine:btc_ptmc_rep_hot,3.0000000000
METRIC,2026-04-12T23:26:59Z,190756284326233,3532,btc_qm_engine:btc_ptmc_rep_cold,2.0000000000
METRIC,2026-04-12T23:26:59Z,190756284345373,3532,btc_qm_engine:btc_ptmc_accept,1.0000000000
METRIC,2026-04-12T23:26:59Z,190756284364363,3532,btc_qm_engine:btc_ptmc_rep_hot,4.0000000000
METRIC,2026-04-12T23:26:59Z,190756284392543,3532,btc_qm_engine:btc_ptmc_rep_cold,3.0000000000
METRIC,2026-04-12T23:26:59Z,190756284420743,3532,btc_qm_engine:btc_ptmc_accept,1.0000000000
METRIC,2026-04-12T23:26:59Z,190756284439783,3532,btc_qm_engine:btc_ptmc_rep_hot,5.0000000000
METRIC,2026-04-12T23:26:59Z,190756284464343,3532,btc_qm_engine:btc_ptmc_rep_cold,4.0000000000
METRIC,2026-04-12T23:26:59Z,190756284487273,3532,btc_qm_engine:btc_ptmc_accept,1.0000000000
METRIC,2026-04-12T23:26:59Z,190756284510973,3532,btc_qm_engine:btc_ptmc_rep_hot,6.0000000000
METRIC,2026-04-12T23:26:59Z,190756284530543,3532,btc_qm_engine:btc_ptmc_rep_cold,5.0000000000
METRIC,2026-04-12T23:26:59Z,190756284549243,3532,btc_qm_engine:btc_ptmc_accept,1.0000000000
METRIC,2026-04-12T23:26:59Z,190756284570653,3532,btc_qm_engine:btc_ptmc_rep_hot,7.0000000000
METRIC,2026-04-12T23:26:59Z,190756284589413,3532,btc_qm_engine:btc_ptmc_rep_cold,6.0000000000
METRIC,2026-04-12T23:26:59Z,190756284609283,3532,btc_qm_engine:btc_ptmc_accept,1.0000000000
METRIC,2026-04-12T23:26:59Z,190756392303766,3532,btc_qm_engine:btc_ptmc_rep_hot,1.0000000000
METRIC,2026-04-12T23:26:59Z,190756392387886,3532,btc_qm_engine:btc_ptmc_rep_cold,0.0000000000
METRIC,2026-04-12T23:26:59Z,190756392414636,3532,btc_qm_engine:btc_ptmc_accept,1.0000000000
METRIC,2026-04-12T23:26:59Z,190756392440056,3532,btc_qm_engine:btc_ptmc_rep_hot,2.0000000000
METRIC,2026-04-12T23:26:59Z,190756392464946,3532,btc_qm_engine:btc_ptmc_rep_cold,1.0000000000
METRIC,2026-04-12T23:26:59Z,190756392489516,3532,btc_qm_engine:btc_ptmc_accept,1.0000000000
METRIC,2026-04-12T23:26:59Z,190756392513936,3532,btc_qm_engine:btc_ptmc_rep_hot,3.0000000000
METRIC,2026-04-12T23:26:59Z,190756392538226,3532,btc_qm_engine:btc_ptmc_rep_cold,2.0000000000
METRIC,2026-04-12T23:26:59Z,190756394409566,3532,btc_qm_engine:btc_ptmc_accept,1.0000000000
METRIC,2026-04-12T23:26:59Z,190756394449816,3532,btc_qm_engine:btc_ptmc_rep_hot,4.0000000000
METRIC,2026-04-12T23:26:59Z,190756394475256,3532,btc_qm_engine:btc_ptmc_rep_cold,3.0000000000
METRIC,2026-04-12T23:26:59Z,190756394500276,3532,btc_qm_engine:btc_ptmc_accept,1.0000000000
METRIC,2026-04-12T23:26:59Z,190756394525256,3532,btc_qm_engine:btc_ptmc_rep_hot,5.0000000000
METRIC,2026-04-12T23:26:59Z,190756394578916,3532,btc_qm_engine:btc_ptmc_rep_cold,4.0000000000
METRIC,2026-04-12T23:26:59Z,190756394603696,3532,btc_qm_engine:btc_ptmc_accept,1.0000000000
METRIC,2026-04-12T23:26:59Z,190756394633656,3532,btc_qm_engine:btc_ptmc_rep_hot,6.0000000000
METRIC,2026-04-12T23:26:59Z,190756394658156,3532,btc_qm_engine:btc_ptmc_rep_cold,5.0000000000
METRIC,2026-04-12T23:26:59Z,190756394683126,3532,btc_qm_engine:btc_ptmc_accept,1.0000000000
METRIC,2026-04-12T23:26:59Z,190756394712026,3532,btc_qm_engine:btc_ptmc_rep_hot,7.0000000000
METRIC,2026-04-12T23:26:59Z,190756394736766,3532,btc_qm_engine:btc_ptmc_rep_cold,6.0000000000
METRIC,2026-04-12T23:26:59Z,190756394761676,3532,btc_qm_engine:btc_ptmc_accept,1.0000000000
METRIC,2026-04-12T23:26:59Z,190756409494515,3532,btc_qm_engine:btc_hashrate_mhs,0.9818349920
METRIC,2026-04-12T23:26:59Z,190756409581545,3532,btc_qm_engine:btc_hashrate_thread_id,7.0000000000
METRIC,2026-04-12T23:26:59Z,190756411540345,3532,btc_qm_engine:btc_hashrate_mhs,0.9818831994
METRIC,2026-04-12T23:26:59Z,190756411590545,3532,btc_qm_engine:btc_hashrate_thread_id,1.0000000000
METRIC,2026-04-12T23:26:59Z,190756414174295,3532,btc_qm_engine:btc_hashrate_mhs,0.9818587367
METRIC,2026-04-12T23:26:59Z,190756414222425,3532,btc_qm_engine:btc_hashrate_thread_id,5.0000000000
METRIC,2026-04-12T23:26:59Z,190756416057315,3532,btc_qm_engine:btc_nx48_delta_nonce_old,2.4487231305
METRIC,2026-04-12T23:26:59Z,190756416115565,3532,btc_qm_engine:btc_nx48_delta_nonce_new,2.4628558986
METRIC,2026-04-12T23:26:59Z,190756416141305,3532,btc_qm_engine:btc_nx48_batch_old,4.0000000000
METRIC,2026-04-12T23:26:59Z,190756416166375,3532,btc_qm_engine:btc_nx48_batch_new,4.0000000000
METRIC,2026-04-12T23:26:59Z,190756416190925,3532,btc_qm_engine:btc_nx48_loss,0.6418668089
METRIC,2026-04-12T23:26:59Z,190756416216195,3532,btc_qm_engine:btc_nx48_grad_norm,0.6716490148
METRIC,2026-04-12T23:26:59Z,190756416241065,3532,btc_qm_engine:btc_nx48_update_count,48.0000000000
METRIC,2026-04-12T23:26:59Z,190756416266895,3532,btc_qm_engine:btc_nx48_exploration_bias,0.4762500314
METRIC,2026-04-12T23:26:59Z,190756416291585,3532,btc_qm_engine:btc_hashrate_mhs,0.9818679374
METRIC,2026-04-12T23:26:59Z,190756416316195,3532,btc_qm_engine:btc_hashrate_thread_id,0.0000000000
METRIC,2026-04-12T23:26:59Z,190756421228695,3532,btc_qm_engine:btc_hashrate_mhs,0.9819161527
METRIC,2026-04-12T23:26:59Z,190756421272555,3532,btc_qm_engine:btc_hashrate_thread_id,6.0000000000
METRIC,2026-04-12T23:26:59Z,190756421335735,3532,btc_qm_engine:btc_hashrate_mhs,0.9819578329
METRIC,2026-04-12T23:26:59Z,190756421384835,3532,btc_qm_engine:btc_hashrate_thread_id,4.0000000000
METRIC,2026-04-12T23:26:59Z,190756424440914,3532,btc_qm_engine:btc_hashrate_mhs,0.9819124277
METRIC,2026-04-12T23:26:59Z,190756424482424,3532,btc_qm_engine:btc_hashrate_thread_id,2.0000000000
METRIC,2026-04-12T23:26:59Z,190756430655204,3532,btc_qm_engine:btc_hashrate_mhs,0.9819607790
METRIC,2026-04-12T23:26:59Z,190756430700034,3532,btc_qm_engine:btc_hashrate_thread_id,3.0000000000
METRIC,2026-04-12T23:26:59Z,190756507073269,3532,btc_qm_engine:btc_ptmc_rep_hot,1.0000000000
METRIC,2026-04-12T23:26:59Z,190756507157379,3532,btc_qm_engine:btc_ptmc_rep_cold,0.0000000000
METRIC,2026-04-12T23:26:59Z,190756507181919,3532,btc_qm_engine:btc_ptmc_accept,-0.0694834512
METRIC,2026-04-12T23:26:59Z,190756507207309,3532,btc_qm_engine:btc_ptmc_rep_hot,2.0000000000
METRIC,2026-04-12T23:26:59Z,190756507230649,3532,btc_qm_engine:btc_ptmc_rep_cold,1.0000000000
METRIC,2026-04-12T23:26:59Z,190756507254149,3532,btc_qm_engine:btc_ptmc_accept,1.0000000000
METRIC,2026-04-12T23:26:59Z,190756509792389,3532,btc_qm_engine:btc_ptmc_rep_hot,3.0000000000
METRIC,2026-04-12T23:26:59Z,190756509842259,3532,btc_qm_engine:btc_ptmc_rep_cold,2.0000000000
METRIC,2026-04-12T23:26:59Z,190756509865629,3532,btc_qm_engine:btc_ptmc_accept,0.8464725326
METRIC,2026-04-12T23:26:59Z,190756509894619,3532,btc_qm_engine:btc_ptmc_rep_hot,4.0000000000
METRIC,2026-04-12T23:26:59Z,190756509917859,3532,btc_qm_engine:btc_ptmc_rep_cold,3.0000000000
METRIC,2026-04-12T23:26:59Z,190756509972279,3532,btc_qm_engine:btc_ptmc_accept,0.9048338808
METRIC,2026-04-12T23:26:59Z,190756510026529,3532,btc_qm_engine:btc_ptmc_rep_hot,5.0000000000
METRIC,2026-04-12T23:26:59Z,190756510050619,3532,btc_qm_engine:btc_ptmc_rep_cold,4.0000000000
METRIC,2026-04-12T23:26:59Z,190756510073629,3532,btc_qm_engine:btc_ptmc_accept,0.9394116283
METRIC,2026-04-12T23:26:59Z,190756510104569,3532,btc_qm_engine:btc_ptmc_rep_hot,6.0000000000
METRIC,2026-04-12T23:26:59Z,190756510134479,3532,btc_qm_engine:btc_ptmc_rep_cold,5.0000000000
METRIC,2026-04-12T23:26:59Z,190756510161239,3532,btc_qm_engine:btc_ptmc_accept,0.9642890805
METRIC,2026-04-12T23:26:59Z,190756510190689,3532,btc_qm_engine:btc_ptmc_rep_hot,7.0000000000
METRIC,2026-04-12T23:26:59Z,190756510213589,3532,btc_qm_engine:btc_ptmc_rep_cold,6.0000000000
METRIC,2026-04-12T23:26:59Z,190756510236449,3532,btc_qm_engine:btc_ptmc_accept,1.0000000000
METRIC,2026-04-12T23:26:59Z,190756608971153,3532,btc_qm_engine:btc_ptmc_rep_hot,1.0000000000
METRIC,2026-04-12T23:26:59Z,190756609094983,3532,btc_qm_engine:btc_ptmc_rep_cold,0.0000000000
METRIC,2026-04-12T23:26:59Z,190756609121263,3532,btc_qm_engine:btc_ptmc_accept,0.5135063048
METRIC,2026-04-12T23:26:59Z,190756609278193,3532,btc_qm_engine:btc_ptmc_rep_hot,2.0000000000
METRIC,2026-04-12T23:26:59Z,190756609304403,3532,btc_qm_engine:btc_ptmc_rep_cold,1.0000000000
METRIC,2026-04-12T23:26:59Z,190756609329363,3532,btc_qm_engine:btc_ptmc_accept,1.0000000000
METRIC,2026-04-12T23:26:59Z,190756609361073,3532,btc_qm_engine:btc_ptmc_rep_hot,3.0000000000
METRIC,2026-04-12T23:26:59Z,190756609386743,3532,btc_qm_engine:btc_ptmc_rep_cold,2.0000000000
METRIC,2026-04-12T23:26:59Z,190756609412343,3532,btc_qm_engine:btc_ptmc_accept,1.0000000000
METRIC,2026-04-12T23:26:59Z,190756609443583,3532,btc_qm_engine:btc_ptmc_rep_hot,4.0000000000
METRIC,2026-04-12T23:26:59Z,190756609480613,3532,btc_qm_engine:btc_ptmc_rep_cold,3.0000000000
METRIC,2026-04-12T23:26:59Z,190756609516783,3532,btc_qm_engine:btc_ptmc_accept,1.0000000000
METRIC,2026-04-12T23:26:59Z,190756609547003,3532,btc_qm_engine:btc_ptmc_rep_hot,5.0000000000
METRIC,2026-04-12T23:26:59Z,190756609571643,3532,btc_qm_engine:btc_ptmc_rep_cold,4.0000000000
METRIC,2026-04-12T23:26:59Z,190756609596583,3532,btc_qm_engine:btc_ptmc_accept,1.0000000000
METRIC,2026-04-12T23:26:59Z,190756609625993,3532,btc_qm_engine:btc_ptmc_rep_hot,6.0000000000
METRIC,2026-04-12T23:26:59Z,190756609650493,3532,btc_qm_engine:btc_ptmc_rep_cold,5.0000000000
METRIC,2026-04-12T23:26:59Z,190756609675033,3532,btc_qm_engine:btc_ptmc_accept,1.0000000000
METRIC,2026-04-12T23:26:59Z,190756609703183,3532,btc_qm_engine:btc_ptmc_rep_hot,7.0000000000
METRIC,2026-04-12T23:26:59Z,190756609727843,3532,btc_qm_engine:btc_ptmc_rep_cold,6.0000000000
METRIC,2026-04-12T23:26:59Z,190756609758323,3532,btc_qm_engine:btc_ptmc_accept,1.0000000000
METRIC,2026-04-12T23:27:00Z,190756709946376,3532,btc_qm_engine:btc_ptmc_rep_hot,1.0000000000
METRIC,2026-04-12T23:27:00Z,190756710051276,3532,btc_qm_engine:btc_ptmc_rep_cold,0.0000000000
METRIC,2026-04-12T23:27:00Z,190756710077286,3532,btc_qm_engine:btc_ptmc_accept,1.0000000000
METRIC,2026-04-12T23:27:00Z,190756710101846,3532,btc_qm_engine:btc_ptmc_rep_hot,2.0000000000
METRIC,2026-04-12T23:27:00Z,190756710125306,3532,btc_qm_engine:btc_ptmc_rep_cold,1.0000000000
METRIC,2026-04-12T23:27:00Z,190756710168376,3532,btc_qm_engine:btc_ptmc_accept,1.0000000000
METRIC,2026-04-12T23:27:00Z,190756710197836,3532,btc_qm_engine:btc_ptmc_rep_hot,3.0000000000
METRIC,2026-04-12T23:27:00Z,190756710222036,3532,btc_qm_engine:btc_ptmc_rep_cold,2.0000000000
METRIC,2026-04-12T23:27:00Z,190756710246366,3532,btc_qm_engine:btc_ptmc_accept,1.0000000000
METRIC,2026-04-12T23:27:00Z,190756710280626,3532,btc_qm_engine:btc_ptmc_rep_hot,4.0000000000
METRIC,2026-04-12T23:27:00Z,190756710307506,3532,btc_qm_engine:btc_ptmc_rep_cold,3.0000000000
METRIC,2026-04-12T23:27:00Z,190756710331966,3532,btc_qm_engine:btc_ptmc_accept,1.0000000000
METRIC,2026-04-12T23:27:00Z,190756710356326,3532,btc_qm_engine:btc_ptmc_rep_hot,5.0000000000
METRIC,2026-04-12T23:27:00Z,190756710378916,3532,btc_qm_engine:btc_ptmc_rep_cold,4.0000000000
METRIC,2026-04-12T23:27:00Z,190756710401276,3532,btc_qm_engine:btc_ptmc_accept,1.0000000000
METRIC,2026-04-12T23:27:00Z,190756710426656,3532,btc_qm_engine:btc_ptmc_rep_hot,6.0000000000
METRIC,2026-04-12T23:27:00Z,190756710450446,3532,btc_qm_engine:btc_ptmc_rep_cold,5.0000000000
METRIC,2026-04-12T23:27:00Z,190756710473836,3532,btc_qm_engine:btc_ptmc_accept,1.0000000000
METRIC,2026-04-12T23:27:00Z,190756710506856,3532,btc_qm_engine:btc_ptmc_rep_hot,7.0000000000
METRIC,2026-04-12T23:27:00Z,190756710530046,3532,btc_qm_engine:btc_ptmc_rep_cold,6.0000000000
METRIC,2026-04-12T23:27:00Z,190756710553516,3532,btc_qm_engine:btc_ptmc_accept,1.0000000000
METRIC,2026-04-12T23:27:00Z,190756817567069,3532,btc_qm_engine:btc_ptmc_rep_hot,1.0000000000
METRIC,2026-04-12T23:27:00Z,190756817668639,3532,btc_qm_engine:btc_ptmc_rep_cold,0.0000000000
METRIC,2026-04-12T23:27:00Z,190756817695599,3532,btc_qm_engine:btc_ptmc_accept,1.0000000000
METRIC,2026-04-12T23:27:00Z,190756817721029,3532,btc_qm_engine:btc_ptmc_rep_hot,2.0000000000
METRIC,2026-04-12T23:27:00Z,190756817745689,3532,btc_qm_engine:btc_ptmc_rep_cold,1.0000000000
METRIC,2026-04-12T23:27:00Z,190756817768789,3532,btc_qm_engine:btc_ptmc_accept,1.0000000000
METRIC,2026-04-12T23:27:00Z,190756819075569,3532,btc_qm_engine:btc_ptmc_rep_hot,3.0000000000
METRIC,2026-04-12T23:27:00Z,190756819106399,3532,btc_qm_engine:btc_ptmc_rep_cold,2.0000000000
METRIC,2026-04-12T23:27:00Z,190756819125989,3532,btc_qm_engine:btc_ptmc_accept,0.8464868258
METRIC,2026-04-12T23:27:00Z,190756819151079,3532,btc_qm_engine:btc_ptmc_rep_hot,4.0000000000
METRIC,2026-04-12T23:27:00Z,190756819170349,3532,btc_qm_engine:btc_ptmc_rep_cold,3.0000000000
METRIC,2026-04-12T23:27:00Z,190756819189199,3532,btc_qm_engine:btc_ptmc_accept,0.7408230420
METRIC,2026-04-12T23:27:00Z,190756819210709,3532,btc_qm_engine:btc_ptmc_rep_hot,5.0000000000
METRIC,2026-04-12T23:27:00Z,190756819229469,3532,btc_qm_engine:btc_ptmc_rep_cold,4.0000000000
METRIC,2026-04-12T23:27:00Z,190756819248259,3532,btc_qm_engine:btc_ptmc_accept,0.8290312258
METRIC,2026-04-12T23:27:00Z,190756819271729,3532,btc_qm_engine:btc_ptmc_rep_hot,6.0000000000
METRIC,2026-04-12T23:27:00Z,190756819290569,3532,btc_qm_engine:btc_ptmc_rep_cold,5.0000000000
METRIC,2026-04-12T23:27:00Z,190756819311699,3532,btc_qm_engine:btc_ptmc_accept,1.0000000000
METRIC,2026-04-12T23:27:00Z,190756819340889,3532,btc_qm_engine:btc_ptmc_rep_hot,7.0000000000
METRIC,2026-04-12T23:27:00Z,190756819366529,3532,btc_qm_engine:btc_ptmc_rep_cold,6.0000000000
METRIC,2026-04-12T23:27:00Z,190756819391049,3532,btc_qm_engine:btc_ptmc_accept,0.9540303485
METRIC,2026-04-12T23:27:00Z,190756926148092,3532,btc_qm_engine:btc_ptmc_rep_hot,1.0000000000
METRIC,2026-04-12T23:27:00Z,190756926248332,3532,btc_qm_engine:btc_ptmc_rep_cold,0.0000000000
METRIC,2026-04-12T23:27:00Z,190756926288992,3532,btc_qm_engine:btc_ptmc_accept,1.0000000000
METRIC,2026-04-12T23:27:00Z,190756926315112,3532,btc_qm_engine:btc_ptmc_rep_hot,2.0000000000
METRIC,2026-04-12T23:27:00Z,190756926340162,3532,btc_qm_engine:btc_ptmc_rep_cold,1.0000000000
METRIC,2026-04-12T23:27:00Z,190756926365552,3532,btc_qm_engine:btc_ptmc_accept,1.0000000000
METRIC,2026-04-12T23:27:00Z,190756926391002,3532,btc_qm_engine:btc_ptmc_rep_hot,3.0000000000
METRIC,2026-04-12T23:27:00Z,190756926416392,3532,btc_qm_engine:btc_ptmc_rep_cold,2.0000000000
METRIC,2026-04-12T23:27:00Z,190756926458032,3532,btc_qm_engine:btc_ptmc_accept,1.0000000000
METRIC,2026-04-12T23:27:00Z,190756926482732,3532,btc_qm_engine:btc_ptmc_rep_hot,4.0000000000
METRIC,2026-04-12T23:27:00Z,190756926506942,3532,btc_qm_engine:btc_ptmc_rep_cold,3.0000000000
METRIC,2026-04-12T23:27:00Z,190756926531142,3532,btc_qm_engine:btc_ptmc_accept,1.0000000000
METRIC,2026-04-12T23:27:00Z,190756926555432,3532,btc_qm_engine:btc_ptmc_rep_hot,5.0000000000
METRIC,2026-04-12T23:27:00Z,190756926580352,3532,btc_qm_engine:btc_ptmc_rep_cold,4.0000000000
METRIC,2026-04-12T23:27:00Z,190756926604892,3532,btc_qm_engine:btc_ptmc_accept,1.0000000000
METRIC,2026-04-12T23:27:00Z,190756926629582,3532,btc_qm_engine:btc_ptmc_rep_hot,6.0000000000
METRIC,2026-04-12T23:27:00Z,190756926654232,3532,btc_qm_engine:btc_ptmc_rep_cold,5.0000000000
METRIC,2026-04-12T23:27:00Z,190756926678762,3532,btc_qm_engine:btc_ptmc_accept,1.0000000000
METRIC,2026-04-12T23:27:00Z,190756926710622,3532,btc_qm_engine:btc_ptmc_rep_hot,7.0000000000
METRIC,2026-04-12T23:27:00Z,190756926735602,3532,btc_qm_engine:btc_ptmc_rep_cold,6.0000000000
METRIC,2026-04-12T23:27:00Z,190756926766742,3532,btc_qm_engine:btc_ptmc_accept,1.0000000000
METRIC,2026-04-12T23:27:00Z,190757036651175,3532,btc_qm_engine:btc_ptmc_rep_hot,1.0000000000
METRIC,2026-04-12T23:27:00Z,190757036737935,3532,btc_qm_engine:btc_ptmc_rep_cold,0.0000000000
METRIC,2026-04-12T23:27:00Z,190757036773515,3532,btc_qm_engine:btc_ptmc_accept,1.0000000000
METRIC,2026-04-12T23:27:00Z,190757036800085,3532,btc_qm_engine:btc_ptmc_rep_hot,2.0000000000
METRIC,2026-04-12T23:27:00Z,190757036826355,3532,btc_qm_engine:btc_ptmc_rep_cold,1.0000000000
METRIC,2026-04-12T23:27:00Z,190757036851845,3532,btc_qm_engine:btc_ptmc_accept,1.0000000000
METRIC,2026-04-12T23:27:00Z,190757036886295,3532,btc_qm_engine:btc_ptmc_rep_hot,3.0000000000
METRIC,2026-04-12T23:27:00Z,190757036911965,3532,btc_qm_engine:btc_ptmc_rep_cold,2.0000000000
METRIC,2026-04-12T23:27:00Z,190757036937555,3532,btc_qm_engine:btc_ptmc_accept,1.0000000000
METRIC,2026-04-12T23:27:00Z,190757036972525,3532,btc_qm_engine:btc_ptmc_rep_hot,4.0000000000
METRIC,2026-04-12T23:27:00Z,190757036999635,3532,btc_qm_engine:btc_ptmc_rep_cold,3.0000000000
METRIC,2026-04-12T23:27:00Z,190757037039605,3532,btc_qm_engine:btc_ptmc_accept,1.0000000000
METRIC,2026-04-12T23:27:00Z,190757037073515,3532,btc_qm_engine:btc_ptmc_rep_hot,5.0000000000
METRIC,2026-04-12T23:27:00Z,190757037099085,3532,btc_qm_engine:btc_ptmc_rep_cold,4.0000000000
METRIC,2026-04-12T23:27:00Z,190757037123795,3532,btc_qm_engine:btc_ptmc_accept,1.0000000000
METRIC,2026-04-12T23:27:00Z,190757037169525,3532,btc_qm_engine:btc_ptmc_rep_hot,6.0000000000
METRIC,2026-04-12T23:27:00Z,190757037214535,3532,btc_qm_engine:btc_ptmc_rep_cold,5.0000000000
METRIC,2026-04-12T23:27:00Z,190757037238445,3532,btc_qm_engine:btc_ptmc_accept,1.0000000000
METRIC,2026-04-12T23:27:00Z,190757037263205,3532,btc_qm_engine:btc_ptmc_rep_hot,7.0000000000
METRIC,2026-04-12T23:27:00Z,190757037287315,3532,btc_qm_engine:btc_ptmc_rep_cold,6.0000000000
METRIC,2026-04-12T23:27:00Z,190757037312745,3532,btc_qm_engine:btc_ptmc_accept,1.0000000000
METRIC,2026-04-12T23:27:00Z,190757145854388,3532,btc_qm_engine:btc_ptmc_rep_hot,1.0000000000
METRIC,2026-04-12T23:27:00Z,190757145935408,3532,btc_qm_engine:btc_ptmc_rep_cold,0.0000000000
METRIC,2026-04-12T23:27:00Z,190757145956738,3532,btc_qm_engine:btc_ptmc_accept,1.0000000000
METRIC,2026-04-12T23:27:00Z,190757145976398,3532,btc_qm_engine:btc_ptmc_rep_hot,2.0000000000
METRIC,2026-04-12T23:27:00Z,190757145996158,3532,btc_qm_engine:btc_ptmc_rep_cold,1.0000000000
METRIC,2026-04-12T23:27:00Z,190757146037118,3532,btc_qm_engine:btc_ptmc_accept,1.0000000000
METRIC,2026-04-12T23:27:00Z,190757146070158,3532,btc_qm_engine:btc_ptmc_rep_hot,3.0000000000
METRIC,2026-04-12T23:27:00Z,190757146089328,3532,btc_qm_engine:btc_ptmc_rep_cold,2.0000000000
METRIC,2026-04-12T23:27:00Z,190757146108178,3532,btc_qm_engine:btc_ptmc_accept,0.8464817249
METRIC,2026-04-12T23:27:00Z,190757146138718,3532,btc_qm_engine:btc_ptmc_rep_hot,4.0000000000
METRIC,2026-04-12T23:27:00Z,190757146185798,3532,btc_qm_engine:btc_ptmc_rep_cold,3.0000000000
METRIC,2026-04-12T23:27:00Z,190757146204728,3532,btc_qm_engine:btc_ptmc_accept,1.0000000000
METRIC,2026-04-12T23:27:00Z,190757146232638,3532,btc_qm_engine:btc_ptmc_rep_hot,5.0000000000
METRIC,2026-04-12T23:27:00Z,190757146251418,3532,btc_qm_engine:btc_ptmc_rep_cold,4.0000000000
METRIC,2026-04-12T23:27:00Z,190757146270138,3532,btc_qm_engine:btc_ptmc_accept,0.9394130628
METRIC,2026-04-12T23:27:00Z,190757146295328,3532,btc_qm_engine:btc_ptmc_rep_hot,6.0000000000
METRIC,2026-04-12T23:27:00Z,190757146314158,3532,btc_qm_engine:btc_ptmc_rep_cold,5.0000000000
METRIC,2026-04-12T23:27:00Z,190757146332918,3532,btc_qm_engine:btc_ptmc_accept,0.9642895790
METRIC,2026-04-12T23:27:00Z,190757146354898,3532,btc_qm_engine:btc_ptmc_rep_hot,7.0000000000
METRIC,2026-04-12T23:27:00Z,190757146379028,3532,btc_qm_engine:btc_ptmc_rep_cold,6.0000000000
METRIC,2026-04-12T23:27:00Z,190757146403548,3532,btc_qm_engine:btc_ptmc_accept,0.9767452464
METRIC,2026-04-12T23:27:00Z,190757248351742,3532,btc_qm_engine:btc_ptmc_rep_hot,1.0000000000
METRIC,2026-04-12T23:27:00Z,190757248431862,3532,btc_qm_engine:btc_ptmc_rep_cold,0.0000000000
METRIC,2026-04-12T23:27:00Z,190757248458962,3532,btc_qm_engine:btc_ptmc_accept,1.0000000000
METRIC,2026-04-12T23:27:00Z,190757248483922,3532,btc_qm_engine:btc_ptmc_rep_hot,2.0000000000
METRIC,2026-04-12T23:27:00Z,190757248508852,3532,btc_qm_engine:btc_ptmc_rep_cold,1.0000000000
METRIC,2026-04-12T23:27:00Z,190757248533732,3532,btc_qm_engine:btc_ptmc_accept,1.0000000000
METRIC,2026-04-12T23:27:00Z,190757248558602,3532,btc_qm_engine:btc_ptmc_rep_hot,3.0000000000
METRIC,2026-04-12T23:27:00Z,190757248580462,3532,btc_qm_engine:btc_ptmc_rep_cold,2.0000000000
METRIC,2026-04-12T23:27:00Z,190757248609732,3532,btc_qm_engine:btc_ptmc_accept,1.0000000000
METRIC,2026-04-12T23:27:00Z,190757248645182,3532,btc_qm_engine:btc_ptmc_rep_hot,4.0000000000
METRIC,2026-04-12T23:27:00Z,190757248664012,3532,btc_qm_engine:btc_ptmc_rep_cold,3.0000000000
METRIC,2026-04-12T23:27:00Z,190757248682702,3532,btc_qm_engine:btc_ptmc_accept,1.0000000000
METRIC,2026-04-12T23:27:00Z,190757248815862,3532,btc_qm_engine:btc_ptmc_rep_hot,5.0000000000
METRIC,2026-04-12T23:27:00Z,190757248934112,3532,btc_qm_engine:btc_ptmc_rep_cold,4.0000000000
METRIC,2026-04-12T23:27:00Z,190757248954012,3532,btc_qm_engine:btc_ptmc_accept,0.9394116283
METRIC,2026-04-12T23:27:00Z,190757248982822,3532,btc_qm_engine:btc_ptmc_rep_hot,6.0000000000
METRIC,2026-04-12T23:27:00Z,190757249022182,3532,btc_qm_engine:btc_ptmc_rep_cold,5.0000000000
METRIC,2026-04-12T23:27:00Z,190757249046842,3532,btc_qm_engine:btc_ptmc_accept,1.0000000000
METRIC,2026-04-12T23:27:00Z,190757249069052,3532,btc_qm_engine:btc_ptmc_rep_hot,7.0000000000
METRIC,2026-04-12T23:27:00Z,190757249088412,3532,btc_qm_engine:btc_ptmc_rep_cold,6.0000000000
METRIC,2026-04-12T23:27:00Z,190757249107332,3532,btc_qm_engine:btc_ptmc_accept,0.9767450351
METRIC,2026-04-12T23:27:00Z,190757355210825,3532,btc_qm_engine:btc_ptmc_rep_hot,1.0000000000
METRIC,2026-04-12T23:27:00Z,190757355281865,3532,btc_qm_engine:btc_ptmc_rep_cold,0.0000000000
METRIC,2026-04-12T23:27:00Z,190757355302715,3532,btc_qm_engine:btc_ptmc_accept,1.0000000000
METRIC,2026-04-12T23:27:00Z,190757355325885,3532,btc_qm_engine:btc_ptmc_rep_hot,2.0000000000
METRIC,2026-04-12T23:27:00Z,190757355344575,3532,btc_qm_engine:btc_ptmc_rep_cold,1.0000000000
METRIC,2026-04-12T23:27:00Z,190757355363035,3532,btc_qm_engine:btc_ptmc_accept,1.0000000000
METRIC,2026-04-12T23:27:00Z,190757355390485,3532,btc_qm_engine:btc_ptmc_rep_hot,3.0000000000
METRIC,2026-04-12T23:27:00Z,190757355409125,3532,btc_qm_engine:btc_ptmc_rep_cold,2.0000000000
METRIC,2026-04-12T23:27:00Z,190757355427765,3532,btc_qm_engine:btc_ptmc_accept,1.0000000000
METRIC,2026-04-12T23:27:00Z,190757355448675,3532,btc_qm_engine:btc_ptmc_rep_hot,4.0000000000
METRIC,2026-04-12T23:27:00Z,190757355467075,3532,btc_qm_engine:btc_ptmc_rep_cold,3.0000000000
METRIC,2026-04-12T23:27:00Z,190757355485385,3532,btc_qm_engine:btc_ptmc_accept,1.0000000000
METRIC,2026-04-12T23:27:00Z,190757355529245,3532,btc_qm_engine:btc_ptmc_rep_hot,5.0000000000
METRIC,2026-04-12T23:27:00Z,190757355547635,3532,btc_qm_engine:btc_ptmc_rep_cold,4.0000000000
METRIC,2026-04-12T23:27:00Z,190757355568605,3532,btc_qm_engine:btc_ptmc_accept,1.0000000000
METRIC,2026-04-12T23:27:00Z,190757355600215,3532,btc_qm_engine:btc_ptmc_rep_hot,6.0000000000
METRIC,2026-04-12T23:27:00Z,190757355623965,3532,btc_qm_engine:btc_ptmc_rep_cold,5.0000000000
METRIC,2026-04-12T23:27:00Z,190757355647285,3532,btc_qm_engine:btc_ptmc_accept,1.0000000000
METRIC,2026-04-12T23:27:00Z,190757355677395,3532,btc_qm_engine:btc_ptmc_rep_hot,7.0000000000
METRIC,2026-04-12T23:27:00Z,190757355702095,3532,btc_qm_engine:btc_ptmc_rep_cold,6.0000000000
METRIC,2026-04-12T23:27:00Z,190757355726875,3532,btc_qm_engine:btc_ptmc_accept,1.0000000000
METRIC,2026-04-12T23:27:00Z,190757458093918,3532,btc_qm_engine:btc_ptmc_rep_hot,1.0000000000
METRIC,2026-04-12T23:27:00Z,190757458181488,3532,btc_qm_engine:btc_ptmc_rep_cold,0.0000000000
METRIC,2026-04-12T23:27:00Z,190757458207918,3532,btc_qm_engine:btc_ptmc_accept,-0.5136174742
METRIC,2026-04-12T23:27:00Z,190757458234338,3532,btc_qm_engine:btc_ptmc_rep_hot,2.0000000000
METRIC,2026-04-12T23:27:00Z,190757458259018,3532,btc_qm_engine:btc_ptmc_rep_cold,1.0000000000
METRIC,2026-04-12T23:27:00Z,190757458283178,3532,btc_qm_engine:btc_ptmc_accept,1.0000000000
METRIC,2026-04-12T23:27:00Z,190757458747748,3532,btc_qm_engine:btc_ptmc_rep_hot,3.0000000000
METRIC,2026-04-12T23:27:00Z,190757458827268,3532,btc_qm_engine:btc_ptmc_rep_cold,2.0000000000
METRIC,2026-04-12T23:27:00Z,190757458849018,3532,btc_qm_engine:btc_ptmc_accept,1.0000000000
METRIC,2026-04-12T23:27:00Z,190757458878248,3532,btc_qm_engine:btc_ptmc_rep_hot,4.0000000000
METRIC,2026-04-12T23:27:00Z,190757458904108,3532,btc_qm_engine:btc_ptmc_rep_cold,3.0000000000
METRIC,2026-04-12T23:27:00Z,190757458930348,3532,btc_qm_engine:btc_ptmc_accept,1.0000000000
METRIC,2026-04-12T23:27:00Z,190757460019968,3532,btc_qm_engine:btc_ptmc_rep_hot,5.0000000000
METRIC,2026-04-12T23:27:00Z,190757460231188,3532,btc_qm_engine:btc_ptmc_rep_cold,4.0000000000
METRIC,2026-04-12T23:27:00Z,190757460257868,3532,btc_qm_engine:btc_ptmc_accept,1.0000000000
METRIC,2026-04-12T23:27:00Z,190757460287858,3532,btc_qm_engine:btc_ptmc_rep_hot,6.0000000000
METRIC,2026-04-12T23:27:00Z,190757460313058,3532,btc_qm_engine:btc_ptmc_rep_cold,5.0000000000
METRIC,2026-04-12T23:27:00Z,190757460337908,3532,btc_qm_engine:btc_ptmc_accept,0.8646281984
METRIC,2026-04-12T23:27:00Z,190757460374598,3532,btc_qm_engine:btc_ptmc_rep_hot,7.0000000000
METRIC,2026-04-12T23:27:00Z,190757460400048,3532,btc_qm_engine:btc_ptmc_rep_cold,6.0000000000
METRIC,2026-04-12T23:27:00Z,190757460436008,3532,btc_qm_engine:btc_ptmc_accept,-0.9318438190
METRIC,2026-04-12T23:27:00Z,190757564169811,3532,btc_qm_engine:btc_ptmc_rep_hot,1.0000000000
METRIC,2026-04-12T23:27:00Z,190757564252571,3532,btc_qm_engine:btc_ptmc_rep_cold,0.0000000000
METRIC,2026-04-12T23:27:00Z,190757564279151,3532,btc_qm_engine:btc_ptmc_accept,1.0000000000
METRIC,2026-04-12T23:27:00Z,190757564312061,3532,btc_qm_engine:btc_ptmc_rep_hot,2.0000000000
METRIC,2026-04-12T23:27:00Z,190757564337181,3532,btc_qm_engine:btc_ptmc_rep_cold,1.0000000000
METRIC,2026-04-12T23:27:00Z,190757564361801,3532,btc_qm_engine:btc_ptmc_accept,1.0000000000
METRIC,2026-04-12T23:27:00Z,190757564392651,3532,btc_qm_engine:btc_ptmc_rep_hot,3.0000000000
METRIC,2026-04-12T23:27:00Z,190757564417361,3532,btc_qm_engine:btc_ptmc_rep_cold,2.0000000000
METRIC,2026-04-12T23:27:00Z,190757564441961,3532,btc_qm_engine:btc_ptmc_accept,1.0000000000
METRIC,2026-04-12T23:27:00Z,190757564474061,3532,btc_qm_engine:btc_ptmc_rep_hot,4.0000000000
METRIC,2026-04-12T23:27:00Z,190757564953091,3532,btc_qm_engine:btc_ptmc_rep_cold,3.0000000000
METRIC,2026-04-12T23:27:00Z,190757565041661,3532,btc_qm_engine:btc_ptmc_accept,1.0000000000
METRIC,2026-04-12T23:27:00Z,190757565750231,3532,btc_qm_engine:btc_ptmc_rep_hot,5.0000000000
METRIC,2026-04-12T23:27:00Z,190757565779191,3532,btc_qm_engine:btc_ptmc_rep_cold,4.0000000000
METRIC,2026-04-12T23:27:00Z,190757565845141,3532,btc_qm_engine:btc_ptmc_accept,1.0000000000
METRIC,2026-04-12T23:27:00Z,190757565879091,3532,btc_qm_engine:btc_ptmc_rep_hot,6.0000000000
METRIC,2026-04-12T23:27:00Z,190757565903881,3532,btc_qm_engine:btc_ptmc_rep_cold,5.0000000000
METRIC,2026-04-12T23:27:00Z,190757565928391,3532,btc_qm_engine:btc_ptmc_accept,1.0000000000
METRIC,2026-04-12T23:27:00Z,190757565953371,3532,btc_qm_engine:btc_ptmc_rep_hot,7.0000000000
METRIC,2026-04-12T23:27:00Z,190757565977891,3532,btc_qm_engine:btc_ptmc_rep_cold,6.0000000000
METRIC,2026-04-12T23:27:00Z,190757566013571,3532,btc_qm_engine:btc_ptmc_accept,1.0000000000
METRIC,2026-04-12T23:27:01Z,190757665409835,3532,btc_qm_engine:btc_ptmc_rep_hot,1.0000000000
METRIC,2026-04-12T23:27:01Z,190757665491315,3532,btc_qm_engine:btc_ptmc_rep_cold,0.0000000000
METRIC,2026-04-12T23:27:01Z,190757665517945,3532,btc_qm_engine:btc_ptmc_accept,-0.2638029098
METRIC,2026-04-12T23:27:01Z,190757665548625,3532,btc_qm_engine:btc_ptmc_rep_hot,2.0000000000
METRIC,2026-04-12T23:27:01Z,190757665573205,3532,btc_qm_engine:btc_ptmc_rep_cold,1.0000000000
METRIC,2026-04-12T23:27:01Z,190757665597875,3532,btc_qm_engine:btc_ptmc_accept,1.0000000000
METRIC,2026-04-12T23:27:01Z,190757665631195,3532,btc_qm_engine:btc_ptmc_rep_hot,3.0000000000
METRIC,2026-04-12T23:27:01Z,190757665656255,3532,btc_qm_engine:btc_ptmc_rep_cold,2.0000000000
METRIC,2026-04-12T23:27:01Z,190757665680615,3532,btc_qm_engine:btc_ptmc_accept,1.0000000000
METRIC,2026-04-12T23:27:01Z,190757665711495,3532,btc_qm_engine:btc_ptmc_rep_hot,4.0000000000
METRIC,2026-04-12T23:27:01Z,190757665736695,3532,btc_qm_engine:btc_ptmc_rep_cold,3.0000000000
METRIC,2026-04-12T23:27:01Z,190757665765365,3532,btc_qm_engine:btc_ptmc_accept,1.0000000000
METRIC,2026-04-12T23:27:01Z,190757665797185,3532,btc_qm_engine:btc_ptmc_rep_hot,5.0000000000
METRIC,2026-04-12T23:27:01Z,190757665822215,3532,btc_qm_engine:btc_ptmc_rep_cold,4.0000000000
METRIC,2026-04-12T23:27:01Z,190757665846685,3532,btc_qm_engine:btc_ptmc_accept,1.0000000000
METRIC,2026-04-12T23:27:01Z,190757665874895,3532,btc_qm_engine:btc_ptmc_rep_hot,6.0000000000
METRIC,2026-04-12T23:27:01Z,190757665899115,3532,btc_qm_engine:btc_ptmc_rep_cold,5.0000000000
METRIC,2026-04-12T23:27:01Z,190757665923565,3532,btc_qm_engine:btc_ptmc_accept,1.0000000000
METRIC,2026-04-12T23:27:01Z,190757665950995,3532,btc_qm_engine:btc_ptmc_rep_hot,7.0000000000
METRIC,2026-04-12T23:27:01Z,190757665975635,3532,btc_qm_engine:btc_ptmc_rep_cold,6.0000000000
METRIC,2026-04-12T23:27:01Z,190757665999745,3532,btc_qm_engine:btc_ptmc_accept,1.0000000000
METRIC,2026-04-12T23:27:01Z,190757769344268,3532,btc_qm_engine:btc_ptmc_rep_hot,1.0000000000
METRIC,2026-04-12T23:27:01Z,190757769419048,3532,btc_qm_engine:btc_ptmc_rep_cold,0.0000000000
METRIC,2026-04-12T23:27:01Z,190757769445048,3532,btc_qm_engine:btc_ptmc_accept,1.0000000000
METRIC,2026-04-12T23:27:01Z,190757769469428,3532,btc_qm_engine:btc_ptmc_rep_hot,2.0000000000
METRIC,2026-04-12T23:27:01Z,190757769494108,3532,btc_qm_engine:btc_ptmc_rep_cold,1.0000000000
METRIC,2026-04-12T23:27:01Z,190757769518468,3532,btc_qm_engine:btc_ptmc_accept,1.0000000000
METRIC,2026-04-12T23:27:01Z,190757769546368,3532,btc_qm_engine:btc_ptmc_rep_hot,3.0000000000
METRIC,2026-04-12T23:27:01Z,190757769580228,3532,btc_qm_engine:btc_ptmc_rep_cold,2.0000000000
METRIC,2026-04-12T23:27:01Z,190757769607428,3532,btc_qm_engine:btc_ptmc_accept,1.0000000000
METRIC,2026-04-12T23:27:01Z,190757769633468,3532,btc_qm_engine:btc_ptmc_rep_hot,4.0000000000
METRIC,2026-04-12T23:27:01Z,190757769658778,3532,btc_qm_engine:btc_ptmc_rep_cold,3.0000000000
METRIC,2026-04-12T23:27:01Z,190757769683638,3532,btc_qm_engine:btc_ptmc_accept,1.0000000000
METRIC,2026-04-12T23:27:01Z,190757769712488,3532,btc_qm_engine:btc_ptmc_rep_hot,5.0000000000
METRIC,2026-04-12T23:27:01Z,190757769737008,3532,btc_qm_engine:btc_ptmc_rep_cold,4.0000000000
METRIC,2026-04-12T23:27:01Z,190757769761588,3532,btc_qm_engine:btc_ptmc_accept,1.0000000000
METRIC,2026-04-12T23:27:01Z,190757769792038,3532,btc_qm_engine:btc_ptmc_rep_hot,6.0000000000
METRIC,2026-04-12T23:27:01Z,190757769835908,3532,btc_qm_engine:btc_ptmc_rep_cold,5.0000000000
METRIC,2026-04-12T23:27:01Z,190757769860408,3532,btc_qm_engine:btc_ptmc_accept,1.0000000000
METRIC,2026-04-12T23:27:01Z,190757769892738,3532,btc_qm_engine:btc_ptmc_rep_hot,7.0000000000
METRIC,2026-04-12T23:27:01Z,190757769917598,3532,btc_qm_engine:btc_ptmc_rep_cold,6.0000000000
METRIC,2026-04-12T23:27:01Z,190757769942068,3532,btc_qm_engine:btc_ptmc_accept,1.0000000000
METRIC,2026-04-12T23:27:01Z,190757874669322,3532,btc_qm_engine:btc_ptmc_rep_hot,1.0000000000
METRIC,2026-04-12T23:27:01Z,190757874764002,3532,btc_qm_engine:btc_ptmc_rep_cold,0.0000000000
METRIC,2026-04-12T23:27:01Z,190757874791002,3532,btc_qm_engine:btc_ptmc_accept,-0.0694834512
METRIC,2026-04-12T23:27:01Z,190757874821742,3532,btc_qm_engine:btc_ptmc_rep_hot,2.0000000000
METRIC,2026-04-12T23:27:01Z,190757874846322,3532,btc_qm_engine:btc_ptmc_rep_cold,1.0000000000
METRIC,2026-04-12T23:27:01Z,190757874870872,3532,btc_qm_engine:btc_ptmc_accept,1.0000000000
METRIC,2026-04-12T23:27:01Z,190757874902332,3532,btc_qm_engine:btc_ptmc_rep_hot,3.0000000000
METRIC,2026-04-12T23:27:01Z,190757874926762,3532,btc_qm_engine:btc_ptmc_rep_cold,2.0000000000
METRIC,2026-04-12T23:27:01Z,190757874951362,3532,btc_qm_engine:btc_ptmc_accept,1.0000000000
METRIC,2026-04-12T23:27:01Z,190757874979712,3532,btc_qm_engine:btc_ptmc_rep_hot,4.0000000000
METRIC,2026-04-12T23:27:01Z,190757875016432,3532,btc_qm_engine:btc_ptmc_rep_cold,3.0000000000
METRIC,2026-04-12T23:27:01Z,190757875040352,3532,btc_qm_engine:btc_ptmc_accept,1.0000000000
METRIC,2026-04-12T23:27:01Z,190757875065012,3532,btc_qm_engine:btc_ptmc_rep_hot,5.0000000000
METRIC,2026-04-12T23:27:01Z,190757875089632,3532,btc_qm_engine:btc_ptmc_rep_cold,4.0000000000
METRIC,2026-04-12T23:27:01Z,190757875115062,3532,btc_qm_engine:btc_ptmc_accept,1.0000000000
METRIC,2026-04-12T23:27:01Z,190757875146252,3532,btc_qm_engine:btc_ptmc_rep_hot,6.0000000000
METRIC,2026-04-12T23:27:01Z,190757875170792,3532,btc_qm_engine:btc_ptmc_rep_cold,5.0000000000
METRIC,2026-04-12T23:27:01Z,190757875194002,3532,btc_qm_engine:btc_ptmc_accept,1.0000000000
METRIC,2026-04-12T23:27:01Z,190757875222372,3532,btc_qm_engine:btc_ptmc_rep_hot,7.0000000000
METRIC,2026-04-12T23:27:01Z,190757875248202,3532,btc_qm_engine:btc_ptmc_rep_cold,6.0000000000
METRIC,2026-04-12T23:27:01Z,190757875271912,3532,btc_qm_engine:btc_ptmc_accept,1.0000000000
METRIC,2026-04-12T23:27:01Z,190757982280275,3532,btc_qm_engine:btc_ptmc_rep_hot,1.0000000000
METRIC,2026-04-12T23:27:01Z,190757983926174,3532,btc_qm_engine:btc_ptmc_rep_cold,0.0000000000
METRIC,2026-04-12T23:27:01Z,190757983959294,3532,btc_qm_engine:btc_ptmc_accept,1.0000000000
METRIC,2026-04-12T23:27:01Z,190757983991594,3532,btc_qm_engine:btc_ptmc_rep_hot,2.0000000000
METRIC,2026-04-12T23:27:01Z,190757984038404,3532,btc_qm_engine:btc_ptmc_rep_cold,1.0000000000
METRIC,2026-04-12T23:27:01Z,190757984070974,3532,btc_qm_engine:btc_ptmc_accept,1.0000000000
METRIC,2026-04-12T23:27:01Z,190757984098474,3532,btc_qm_engine:btc_ptmc_rep_hot,3.0000000000
METRIC,2026-04-12T23:27:01Z,190757984123274,3532,btc_qm_engine:btc_ptmc_rep_cold,2.0000000000
METRIC,2026-04-12T23:27:01Z,190757984147324,3532,btc_qm_engine:btc_ptmc_accept,1.0000000000
METRIC,2026-04-12T23:27:01Z,190757984194074,3532,btc_qm_engine:btc_ptmc_rep_hot,4.0000000000
METRIC,2026-04-12T23:27:01Z,190757984218444,3532,btc_qm_engine:btc_ptmc_rep_cold,3.0000000000
METRIC,2026-04-12T23:27:01Z,190757984242124,3532,btc_qm_engine:btc_ptmc_accept,1.0000000000
METRIC,2026-04-12T23:27:01Z,190757984266594,3532,btc_qm_engine:btc_ptmc_rep_hot,5.0000000000
METRIC,2026-04-12T23:27:01Z,190757984291634,3532,btc_qm_engine:btc_ptmc_rep_cold,4.0000000000
METRIC,2026-04-12T23:27:01Z,190757984317034,3532,btc_qm_engine:btc_ptmc_accept,1.0000000000
METRIC,2026-04-12T23:27:01Z,190757984341144,3532,btc_qm_engine:btc_ptmc_rep_hot,6.0000000000
METRIC,2026-04-12T23:27:01Z,190757984364514,3532,btc_qm_engine:btc_ptmc_rep_cold,5.0000000000
METRIC,2026-04-12T23:27:01Z,190757984384884,3532,btc_qm_engine:btc_ptmc_accept,1.0000000000
METRIC,2026-04-12T23:27:01Z,190757984403754,3532,btc_qm_engine:btc_ptmc_rep_hot,7.0000000000
METRIC,2026-04-12T23:27:01Z,190757984422434,3532,btc_qm_engine:btc_ptmc_rep_cold,6.0000000000
METRIC,2026-04-12T23:27:01Z,190757984441064,3532,btc_qm_engine:btc_ptmc_accept,1.0000000000
METRIC,2026-04-12T23:27:01Z,190758081715328,3532,btc_qm_engine:btc_ptmc_rep_hot,1.0000000000
METRIC,2026-04-12T23:27:01Z,190758081792268,3532,btc_qm_engine:btc_ptmc_rep_cold,0.0000000000
METRIC,2026-04-12T23:27:01Z,190758081815418,3532,btc_qm_engine:btc_ptmc_accept,1.0000000000
METRIC,2026-04-12T23:27:01Z,190758081836538,3532,btc_qm_engine:btc_ptmc_rep_hot,2.0000000000
METRIC,2026-04-12T23:27:01Z,190758081856998,3532,btc_qm_engine:btc_ptmc_rep_cold,1.0000000000
METRIC,2026-04-12T23:27:01Z,190758081877318,3532,btc_qm_engine:btc_ptmc_accept,1.0000000000
METRIC,2026-04-12T23:27:01Z,190758081903428,3532,btc_qm_engine:btc_ptmc_rep_hot,3.0000000000
METRIC,2026-04-12T23:27:01Z,190758081924138,3532,btc_qm_engine:btc_ptmc_rep_cold,2.0000000000
METRIC,2026-04-12T23:27:01Z,190758081945778,3532,btc_qm_engine:btc_ptmc_accept,1.0000000000
METRIC,2026-04-12T23:27:01Z,190758081975448,3532,btc_qm_engine:btc_ptmc_rep_hot,4.0000000000
METRIC,2026-04-12T23:27:01Z,190758082029058,3532,btc_qm_engine:btc_ptmc_rep_cold,3.0000000000
METRIC,2026-04-12T23:27:01Z,190758082059818,3532,btc_qm_engine:btc_ptmc_accept,1.0000000000
METRIC,2026-04-12T23:27:01Z,190758082090498,3532,btc_qm_engine:btc_ptmc_rep_hot,5.0000000000
METRIC,2026-04-12T23:27:01Z,190758082128068,3532,btc_qm_engine:btc_ptmc_rep_cold,4.0000000000
METRIC,2026-04-12T23:27:01Z,190758082156578,3532,btc_qm_engine:btc_ptmc_accept,1.0000000000
METRIC,2026-04-12T23:27:01Z,190758082181318,3532,btc_qm_engine:btc_ptmc_rep_hot,6.0000000000
METRIC,2026-04-12T23:27:01Z,190758082202578,3532,btc_qm_engine:btc_ptmc_rep_cold,5.0000000000
METRIC,2026-04-12T23:27:01Z,190758082223908,3532,btc_qm_engine:btc_ptmc_accept,1.0000000000
METRIC,2026-04-12T23:27:01Z,190758082252148,3532,btc_qm_engine:btc_ptmc_rep_hot,7.0000000000
METRIC,2026-04-12T23:27:01Z,190758082273678,3532,btc_qm_engine:btc_ptmc_rep_cold,6.0000000000
METRIC,2026-04-12T23:27:01Z,190758082295008,3532,btc_qm_engine:btc_ptmc_accept,1.0000000000
METRIC,2026-04-12T23:27:01Z,190758184464972,3532,btc_qm_engine:btc_ptmc_rep_hot,1.0000000000
METRIC,2026-04-12T23:27:01Z,190758184550972,3532,btc_qm_engine:btc_ptmc_rep_cold,0.0000000000
METRIC,2026-04-12T23:27:01Z,190758184577122,3532,btc_qm_engine:btc_ptmc_accept,1.0000000000
METRIC,2026-04-12T23:27:01Z,190758184608922,3532,btc_qm_engine:btc_ptmc_rep_hot,2.0000000000
METRIC,2026-04-12T23:27:01Z,190758184634492,3532,btc_qm_engine:btc_ptmc_rep_cold,1.0000000000
METRIC,2026-04-12T23:27:01Z,190758184658682,3532,btc_qm_engine:btc_ptmc_accept,1.0000000000
METRIC,2026-04-12T23:27:01Z,190758184694512,3532,btc_qm_engine:btc_ptmc_rep_hot,3.0000000000
METRIC,2026-04-12T23:27:01Z,190758184719092,3532,btc_qm_engine:btc_ptmc_rep_cold,2.0000000000
METRIC,2026-04-12T23:27:01Z,190758184743092,3532,btc_qm_engine:btc_ptmc_accept,1.0000000000
METRIC,2026-04-12T23:27:01Z,190758184767442,3532,btc_qm_engine:btc_ptmc_rep_hot,4.0000000000
METRIC,2026-04-12T23:27:01Z,190758184791572,3532,btc_qm_engine:btc_ptmc_rep_cold,3.0000000000
METRIC,2026-04-12T23:27:01Z,190758184815082,3532,btc_qm_engine:btc_ptmc_accept,1.0000000000
METRIC,2026-04-12T23:27:01Z,190758184866202,3532,btc_qm_engine:btc_ptmc_rep_hot,5.0000000000
METRIC,2026-04-12T23:27:01Z,190758184891212,3532,btc_qm_engine:btc_ptmc_rep_cold,4.0000000000
METRIC,2026-04-12T23:27:01Z,190758184915182,3532,btc_qm_engine:btc_ptmc_accept,1.0000000000
METRIC,2026-04-12T23:27:01Z,190758184949822,3532,btc_qm_engine:btc_ptmc_rep_hot,6.0000000000
METRIC,2026-04-12T23:27:01Z,190758184974212,3532,btc_qm_engine:btc_ptmc_rep_cold,5.0000000000
METRIC,2026-04-12T23:27:01Z,190758185015362,3532,btc_qm_engine:btc_ptmc_accept,1.0000000000
METRIC,2026-04-12T23:27:01Z,190758185047712,3532,btc_qm_engine:btc_ptmc_rep_hot,7.0000000000
METRIC,2026-04-12T23:27:01Z,190758185072212,3532,btc_qm_engine:btc_ptmc_rep_cold,6.0000000000
METRIC,2026-04-12T23:27:01Z,190758185096662,3532,btc_qm_engine:btc_ptmc_accept,1.0000000000
METRIC,2026-04-12T23:27:01Z,190758285252185,3532,btc_qm_engine:btc_ptmc_rep_hot,1.0000000000
METRIC,2026-04-12T23:27:01Z,190758285320625,3532,btc_qm_engine:btc_ptmc_rep_cold,0.0000000000
METRIC,2026-04-12T23:27:01Z,190758285342025,3532,btc_qm_engine:btc_ptmc_accept,0.5136669338
METRIC,2026-04-12T23:27:01Z,190758285368875,3532,btc_qm_engine:btc_ptmc_rep_hot,2.0000000000
METRIC,2026-04-12T23:27:01Z,190758285393025,3532,btc_qm_engine:btc_ptmc_rep_cold,1.0000000000
METRIC,2026-04-12T23:27:01Z,190758285414955,3532,btc_qm_engine:btc_ptmc_accept,-0.7165485813
METRIC,2026-04-12T23:27:01Z,190758285448345,3532,btc_qm_engine:btc_ptmc_rep_hot,3.0000000000
METRIC,2026-04-12T23:27:01Z,190758285476165,3532,btc_qm_engine:btc_ptmc_rep_cold,2.0000000000
METRIC,2026-04-12T23:27:01Z,190758285495055,3532,btc_qm_engine:btc_ptmc_accept,1.0000000000
METRIC,2026-04-12T23:27:01Z,190758285529225,3532,btc_qm_engine:btc_ptmc_rep_hot,4.0000000000
METRIC,2026-04-12T23:27:01Z,190758285555495,3532,btc_qm_engine:btc_ptmc_rep_cold,3.0000000000
METRIC,2026-04-12T23:27:01Z,190758285576955,3532,btc_qm_engine:btc_ptmc_accept,0.9048393810
METRIC,2026-04-12T23:27:01Z,190758285602275,3532,btc_qm_engine:btc_ptmc_rep_hot,5.0000000000
METRIC,2026-04-12T23:27:01Z,190758285621105,3532,btc_qm_engine:btc_ptmc_rep_cold,4.0000000000
METRIC,2026-04-12T23:27:01Z,190758285639965,3532,btc_qm_engine:btc_ptmc_accept,0.8824983983
METRIC,2026-04-12T23:27:01Z,190758285663735,3532,btc_qm_engine:btc_ptmc_rep_hot,6.0000000000
METRIC,2026-04-12T23:27:01Z,190758285682695,3532,btc_qm_engine:btc_ptmc_rep_cold,5.0000000000
METRIC,2026-04-12T23:27:01Z,190758285702725,3532,btc_qm_engine:btc_ptmc_accept,0.9298549256
METRIC,2026-04-12T23:27:01Z,190758285731055,3532,btc_qm_engine:btc_ptmc_rep_hot,7.0000000000
METRIC,2026-04-12T23:27:01Z,190758285759975,3532,btc_qm_engine:btc_ptmc_rep_cold,6.0000000000
METRIC,2026-04-12T23:27:01Z,190758285779165,3532,btc_qm_engine:btc_ptmc_accept,0.9767447714
METRIC,2026-04-12T23:27:01Z,190758391783728,3532,btc_qm_engine:btc_ptmc_rep_hot,1.0000000000
METRIC,2026-04-12T23:27:01Z,190758391858908,3532,btc_qm_engine:btc_ptmc_rep_cold,0.0000000000
METRIC,2026-04-12T23:27:01Z,190758391886128,3532,btc_qm_engine:btc_ptmc_accept,1.0000000000
METRIC,2026-04-12T23:27:01Z,190758391915458,3532,btc_qm_engine:btc_ptmc_rep_hot,2.0000000000
METRIC,2026-04-12T23:27:01Z,190758391939978,3532,btc_qm_engine:btc_ptmc_rep_cold,1.0000000000
METRIC,2026-04-12T23:27:01Z,190758391964548,3532,btc_qm_engine:btc_ptmc_accept,1.0000000000
METRIC,2026-04-12T23:27:01Z,190758391995408,3532,btc_qm_engine:btc_ptmc_rep_hot,3.0000000000
METRIC,2026-04-12T23:27:01Z,190758392052918,3532,btc_qm_engine:btc_ptmc_rep_cold,2.0000000000
METRIC,2026-04-12T23:27:01Z,190758392077348,3532,btc_qm_engine:btc_ptmc_accept,1.0000000000
METRIC,2026-04-12T23:27:01Z,190758392120328,3532,btc_qm_engine:btc_ptmc_rep_hot,4.0000000000
METRIC,2026-04-12T23:27:01Z,190758392153438,3532,btc_qm_engine:btc_ptmc_rep_cold,3.0000000000
METRIC,2026-04-12T23:27:01Z,190758392178098,3532,btc_qm_engine:btc_ptmc_accept,1.0000000000
METRIC,2026-04-12T23:27:01Z,190758392213448,3532,btc_qm_engine:btc_ptmc_rep_hot,5.0000000000
METRIC,2026-04-12T23:27:01Z,190758392238328,3532,btc_qm_engine:btc_ptmc_rep_cold,4.0000000000
METRIC,2026-04-12T23:27:01Z,190758392286198,3532,btc_qm_engine:btc_ptmc_accept,1.0000000000
METRIC,2026-04-12T23:27:01Z,190758392317158,3532,btc_qm_engine:btc_ptmc_rep_hot,6.0000000000
METRIC,2026-04-12T23:27:01Z,190758392351468,3532,btc_qm_engine:btc_ptmc_rep_cold,5.0000000000
METRIC,2026-04-12T23:27:01Z,190758392375708,3532,btc_qm_engine:btc_ptmc_accept,1.0000000000
METRIC,2026-04-12T23:27:01Z,190758392411968,3532,btc_qm_engine:btc_ptmc_rep_hot,7.0000000000
METRIC,2026-04-12T23:27:01Z,190758392436478,3532,btc_qm_engine:btc_ptmc_rep_cold,6.0000000000
METRIC,2026-04-12T23:27:01Z,190758392468068,3532,btc_qm_engine:btc_ptmc_accept,1.0000000000
METRIC,2026-04-12T23:27:01Z,190758411984607,3532,btc_qm_engine:btc_hashrate_mhs,0.9896305941
METRIC,2026-04-12T23:27:01Z,190758412062197,3532,btc_qm_engine:btc_hashrate_thread_id,7.0000000000
METRIC,2026-04-12T23:27:01Z,190758413766027,3532,btc_qm_engine:btc_hashrate_mhs,0.9895997899
METRIC,2026-04-12T23:27:01Z,190758413816437,3532,btc_qm_engine:btc_hashrate_thread_id,1.0000000000
METRIC,2026-04-12T23:27:01Z,190758416325337,3532,btc_qm_engine:btc_nx48_stall_count,2.0000000000
METRIC,2026-04-12T23:27:01Z,190758416371547,3532,btc_qm_engine:btc_nx48_delta_nonce_old,2.4628558986
METRIC,2026-04-12T23:27:01Z,190758416396767,3532,btc_qm_engine:btc_nx48_delta_nonce_new,2.6900550605
METRIC,2026-04-12T23:27:01Z,190758416421467,3532,btc_qm_engine:btc_nx48_batch_old,4.0000000000
METRIC,2026-04-12T23:27:01Z,190758416445097,3532,btc_qm_engine:btc_nx48_batch_new,4.0000000000
METRIC,2026-04-12T23:27:01Z,190758416468737,3532,btc_qm_engine:btc_nx48_loss,0.6372588461
METRIC,2026-04-12T23:27:01Z,190758416493807,3532,btc_qm_engine:btc_nx48_grad_norm,0.6667349513
METRIC,2026-04-12T23:27:01Z,190758416517317,3532,btc_qm_engine:btc_nx48_update_count,49.0000000000
METRIC,2026-04-12T23:27:01Z,190758416542697,3532,btc_qm_engine:btc_nx48_exploration_bias,0.4693306625
METRIC,2026-04-12T23:27:01Z,190758416566767,3532,btc_qm_engine:btc_hashrate_mhs,0.9896223276
METRIC,2026-04-12T23:27:01Z,190758416590617,3532,btc_qm_engine:btc_hashrate_thread_id,0.0000000000
METRIC,2026-04-12T23:27:01Z,190758417133067,3532,btc_qm_engine:btc_hashrate_mhs,0.9896315659
METRIC,2026-04-12T23:27:01Z,190758417175337,3532,btc_qm_engine:btc_hashrate_thread_id,5.0000000000
METRIC,2026-04-12T23:27:01Z,190758442455385,3532,btc_qm_engine:btc_hashrate_mhs,0.9888029895
METRIC,2026-04-12T23:27:01Z,190758442518345,3532,btc_qm_engine:btc_hashrate_thread_id,3.0000000000
METRIC,2026-04-12T23:27:01Z,190758443094725,3532,btc_qm_engine:btc_hashrate_mhs,0.9888617829
METRIC,2026-04-12T23:27:01Z,190758443147185,3532,btc_qm_engine:btc_hashrate_thread_id,2.0000000000
METRIC,2026-04-12T23:27:01Z,190758443863545,3532,btc_qm_engine:btc_hashrate_mhs,0.9888727378
METRIC,2026-04-12T23:27:01Z,190758443903845,3532,btc_qm_engine:btc_hashrate_thread_id,4.0000000000
METRIC,2026-04-12T23:27:01Z,190758446555525,3532,btc_qm_engine:btc_hashrate_mhs,0.9888897704
METRIC,2026-04-12T23:27:01Z,190758446601235,3532,btc_qm_engine:btc_hashrate_thread_id,6.0000000000
METRIC,2026-04-12T23:27:01Z,190758492670902,3532,btc_qm_engine:btc_ptmc_rep_hot,1.0000000000
METRIC,2026-04-12T23:27:01Z,190758492746712,3532,btc_qm_engine:btc_ptmc_rep_cold,0.0000000000
METRIC,2026-04-12T23:27:01Z,190758492767982,3532,btc_qm_engine:btc_ptmc_accept,-0.1354058228
METRIC,2026-04-12T23:27:01Z,190758492793482,3532,btc_qm_engine:btc_ptmc_rep_hot,2.0000000000
METRIC,2026-04-12T23:27:01Z,190758492819422,3532,btc_qm_engine:btc_ptmc_rep_cold,1.0000000000
METRIC,2026-04-12T23:27:01Z,190758492843812,3532,btc_qm_engine:btc_ptmc_accept,-0.7165624298
METRIC,2026-04-12T23:27:01Z,190758492870622,3532,btc_qm_engine:btc_ptmc_rep_hot,3.0000000000
METRIC,2026-04-12T23:27:01Z,190758492909092,3532,btc_qm_engine:btc_ptmc_rep_cold,2.0000000000
METRIC,2026-04-12T23:27:01Z,190758492945352,3532,btc_qm_engine:btc_ptmc_accept,1.0000000000
METRIC,2026-04-12T23:27:01Z,190758492970012,3532,btc_qm_engine:btc_ptmc_rep_hot,4.0000000000
METRIC,2026-04-12T23:27:01Z,190758492994852,3532,btc_qm_engine:btc_ptmc_rep_cold,3.0000000000
METRIC,2026-04-12T23:27:01Z,190758493050172,3532,btc_qm_engine:btc_ptmc_accept,1.0000000000
METRIC,2026-04-12T23:27:01Z,190758493078502,3532,btc_qm_engine:btc_ptmc_rep_hot,5.0000000000
METRIC,2026-04-12T23:27:01Z,190758493103072,3532,btc_qm_engine:btc_ptmc_rep_cold,4.0000000000
METRIC,2026-04-12T23:27:01Z,190758493127712,3532,btc_qm_engine:btc_ptmc_accept,1.0000000000
METRIC,2026-04-12T23:27:01Z,190758493165912,3532,btc_qm_engine:btc_ptmc_rep_hot,6.0000000000
METRIC,2026-04-12T23:27:01Z,190758493190962,3532,btc_qm_engine:btc_ptmc_rep_cold,5.0000000000
METRIC,2026-04-12T23:27:01Z,190758493215532,3532,btc_qm_engine:btc_ptmc_accept,1.0000000000
METRIC,2026-04-12T23:27:01Z,190758493256462,3532,btc_qm_engine:btc_ptmc_rep_hot,7.0000000000
METRIC,2026-04-12T23:27:01Z,190758493280902,3532,btc_qm_engine:btc_ptmc_rep_cold,6.0000000000
METRIC,2026-04-12T23:27:01Z,190758493305542,3532,btc_qm_engine:btc_ptmc_accept,1.0000000000
METRIC,2026-04-12T23:27:01Z,190758596529985,3532,btc_qm_engine:btc_ptmc_rep_hot,1.0000000000
METRIC,2026-04-12T23:27:01Z,190758596608035,3532,btc_qm_engine:btc_ptmc_rep_cold,0.0000000000
METRIC,2026-04-12T23:27:01Z,190758596634565,3532,btc_qm_engine:btc_ptmc_accept,1.0000000000
METRIC,2026-04-12T23:27:01Z,190758596669865,3532,btc_qm_engine:btc_ptmc_rep_hot,2.0000000000
METRIC,2026-04-12T23:27:01Z,190758596694405,3532,btc_qm_engine:btc_ptmc_rep_cold,1.0000000000
METRIC,2026-04-12T23:27:01Z,190758596718785,3532,btc_qm_engine:btc_ptmc_accept,1.0000000000
METRIC,2026-04-12T23:27:01Z,190758596755445,3532,btc_qm_engine:btc_ptmc_rep_hot,3.0000000000
METRIC,2026-04-12T23:27:01Z,190758596780385,3532,btc_qm_engine:btc_ptmc_rep_cold,2.0000000000
METRIC,2026-04-12T23:27:01Z,190758596803775,3532,btc_qm_engine:btc_ptmc_accept,1.0000000000
METRIC,2026-04-12T23:27:01Z,190758596833255,3532,btc_qm_engine:btc_ptmc_rep_hot,4.0000000000
METRIC,2026-04-12T23:27:01Z,190758596857575,3532,btc_qm_engine:btc_ptmc_rep_cold,3.0000000000
METRIC,2026-04-12T23:27:01Z,190758596880715,3532,btc_qm_engine:btc_ptmc_accept,1.0000000000
METRIC,2026-04-12T23:27:01Z,190758596907765,3532,btc_qm_engine:btc_ptmc_rep_hot,5.0000000000
METRIC,2026-04-12T23:27:01Z,190758596933305,3532,btc_qm_engine:btc_ptmc_rep_cold,4.0000000000
METRIC,2026-04-12T23:27:01Z,190758596957425,3532,btc_qm_engine:btc_ptmc_accept,1.0000000000
METRIC,2026-04-12T23:27:01Z,190758596986365,3532,btc_qm_engine:btc_ptmc_rep_hot,6.0000000000
METRIC,2026-04-12T23:27:01Z,190758597052615,3532,btc_qm_engine:btc_ptmc_rep_cold,5.0000000000
METRIC,2026-04-12T23:27:01Z,190758597078285,3532,btc_qm_engine:btc_ptmc_accept,1.0000000000
METRIC,2026-04-12T23:27:01Z,190758597114085,3532,btc_qm_engine:btc_ptmc_rep_hot,7.0000000000
METRIC,2026-04-12T23:27:01Z,190758597137845,3532,btc_qm_engine:btc_ptmc_rep_cold,6.0000000000
METRIC,2026-04-12T23:27:01Z,190758597162125,3532,btc_qm_engine:btc_ptmc_accept,1.0000000000
METRIC,2026-04-12T23:27:02Z,190758700035839,3532,btc_qm_engine:btc_ptmc_rep_hot,1.0000000000
METRIC,2026-04-12T23:27:02Z,190758700121919,3532,btc_qm_engine:btc_ptmc_rep_cold,0.0000000000
METRIC,2026-04-12T23:27:02Z,190758700148389,3532,btc_qm_engine:btc_ptmc_accept,-0.2635971381
METRIC,2026-04-12T23:27:02Z,190758700179769,3532,btc_qm_engine:btc_ptmc_rep_hot,2.0000000000
METRIC,2026-04-12T23:27:02Z,190758700204529,3532,btc_qm_engine:btc_ptmc_rep_cold,1.0000000000
METRIC,2026-04-12T23:27:02Z,190758700229789,3532,btc_qm_engine:btc_ptmc_accept,1.0000000000
METRIC,2026-04-12T23:27:02Z,190758700262049,3532,btc_qm_engine:btc_ptmc_rep_hot,3.0000000000
METRIC,2026-04-12T23:27:02Z,190758700285299,3532,btc_qm_engine:btc_ptmc_rep_cold,2.0000000000
METRIC,2026-04-12T23:27:02Z,190758700319639,3532,btc_qm_engine:btc_ptmc_accept,1.0000000000
METRIC,2026-04-12T23:27:02Z,190758700356509,3532,btc_qm_engine:btc_ptmc_rep_hot,4.0000000000
METRIC,2026-04-12T23:27:02Z,190758700381109,3532,btc_qm_engine:btc_ptmc_rep_cold,3.0000000000
METRIC,2026-04-12T23:27:02Z,190758700405529,3532,btc_qm_engine:btc_ptmc_accept,1.0000000000
METRIC,2026-04-12T23:27:02Z,190758700428879,3532,btc_qm_engine:btc_ptmc_rep_hot,5.0000000000
METRIC,2026-04-12T23:27:02Z,190758700471229,3532,btc_qm_engine:btc_ptmc_rep_cold,4.0000000000
METRIC,2026-04-12T23:27:02Z,190758700495729,3532,btc_qm_engine:btc_ptmc_accept,1.0000000000
METRIC,2026-04-12T23:27:02Z,190758700520039,3532,btc_qm_engine:btc_ptmc_rep_hot,6.0000000000
METRIC,2026-04-12T23:27:02Z,190758700542119,3532,btc_qm_engine:btc_ptmc_rep_cold,5.0000000000
METRIC,2026-04-12T23:27:02Z,190758700564139,3532,btc_qm_engine:btc_ptmc_accept,1.0000000000
METRIC,2026-04-12T23:27:02Z,190758700590029,3532,btc_qm_engine:btc_ptmc_rep_hot,7.0000000000
METRIC,2026-04-12T23:27:02Z,190758700612859,3532,btc_qm_engine:btc_ptmc_rep_cold,6.0000000000
METRIC,2026-04-12T23:27:02Z,190758700636089,3532,btc_qm_engine:btc_ptmc_accept,1.0000000000
METRIC,2026-04-12T23:27:02Z,190758804403132,3532,btc_qm_engine:btc_ptmc_rep_hot,1.0000000000
METRIC,2026-04-12T23:27:02Z,190758804495032,3532,btc_qm_engine:btc_ptmc_rep_cold,0.0000000000
METRIC,2026-04-12T23:27:02Z,190758804522042,3532,btc_qm_engine:btc_ptmc_accept,1.0000000000
METRIC,2026-04-12T23:27:02Z,190758804564492,3532,btc_qm_engine:btc_ptmc_rep_hot,2.0000000000
METRIC,2026-04-12T23:27:02Z,190758804589692,3532,btc_qm_engine:btc_ptmc_rep_cold,1.0000000000
METRIC,2026-04-12T23:27:02Z,190758804615212,3532,btc_qm_engine:btc_ptmc_accept,1.0000000000
METRIC,2026-04-12T23:27:02Z,190758804643762,3532,btc_qm_engine:btc_ptmc_rep_hot,3.0000000000
METRIC,2026-04-12T23:27:02Z,190758804668702,3532,btc_qm_engine:btc_ptmc_rep_cold,2.0000000000
METRIC,2026-04-12T23:27:02Z,190758804693562,3532,btc_qm_engine:btc_ptmc_accept,1.0000000000
METRIC,2026-04-12T23:27:02Z,190758804722002,3532,btc_qm_engine:btc_ptmc_rep_hot,4.0000000000
METRIC,2026-04-12T23:27:02Z,190758804752792,3532,btc_qm_engine:btc_ptmc_rep_cold,3.0000000000
METRIC,2026-04-12T23:27:02Z,190758804777612,3532,btc_qm_engine:btc_ptmc_accept,1.0000000000
METRIC,2026-04-12T23:27:02Z,190758804808282,3532,btc_qm_engine:btc_ptmc_rep_hot,5.0000000000
METRIC,2026-04-12T23:27:02Z,190758804832572,3532,btc_qm_engine:btc_ptmc_rep_cold,4.0000000000
METRIC,2026-04-12T23:27:02Z,190758804867822,3532,btc_qm_engine:btc_ptmc_accept,1.0000000000
METRIC,2026-04-12T23:27:02Z,190758804908632,3532,btc_qm_engine:btc_ptmc_rep_hot,6.0000000000
METRIC,2026-04-12T23:27:02Z,190758804933102,3532,btc_qm_engine:btc_ptmc_rep_cold,5.0000000000
METRIC,2026-04-12T23:27:02Z,190758804967712,3532,btc_qm_engine:btc_ptmc_accept,1.0000000000
METRIC,2026-04-12T23:27:02Z,190758804998022,3532,btc_qm_engine:btc_ptmc_rep_hot,7.0000000000
METRIC,2026-04-12T23:27:02Z,190758805061262,3532,btc_qm_engine:btc_ptmc_rep_cold,6.0000000000
METRIC,2026-04-12T23:27:02Z,190758805086402,3532,btc_qm_engine:btc_ptmc_accept,1.0000000000
METRIC,2026-04-12T23:27:02Z,190758907545085,3532,btc_qm_engine:btc_ptmc_rep_hot,1.0000000000
METRIC,2026-04-12T23:27:02Z,190758907652105,3532,btc_qm_engine:btc_ptmc_rep_cold,0.0000000000
METRIC,2026-04-12T23:27:02Z,190758907678225,3532,btc_qm_engine:btc_ptmc_accept,1.0000000000
METRIC,2026-04-12T23:27:02Z,190758907703315,3532,btc_qm_engine:btc_ptmc_rep_hot,2.0000000000
METRIC,2026-04-12T23:27:02Z,190758907728085,3532,btc_qm_engine:btc_ptmc_rep_cold,1.0000000000
METRIC,2026-04-12T23:27:02Z,190758907759075,3532,btc_qm_engine:btc_ptmc_accept,1.0000000000
METRIC,2026-04-12T23:27:02Z,190758907792495,3532,btc_qm_engine:btc_ptmc_rep_hot,3.0000000000
METRIC,2026-04-12T23:27:02Z,190758907817085,3532,btc_qm_engine:btc_ptmc_rep_cold,2.0000000000
METRIC,2026-04-12T23:27:02Z,190758907840225,3532,btc_qm_engine:btc_ptmc_accept,1.0000000000
METRIC,2026-04-12T23:27:02Z,190758907873955,3532,btc_qm_engine:btc_ptmc_rep_hot,4.0000000000
METRIC,2026-04-12T23:27:02Z,190758907900185,3532,btc_qm_engine:btc_ptmc_rep_cold,3.0000000000
METRIC,2026-04-12T23:27:02Z,190758907923355,3532,btc_qm_engine:btc_ptmc_accept,1.0000000000
METRIC,2026-04-12T23:27:02Z,190758907952435,3532,btc_qm_engine:btc_ptmc_rep_hot,5.0000000000
METRIC,2026-04-12T23:27:02Z,190758907977575,3532,btc_qm_engine:btc_ptmc_rep_cold,4.0000000000
METRIC,2026-04-12T23:27:02Z,190758908013735,3532,btc_qm_engine:btc_ptmc_accept,1.0000000000
METRIC,2026-04-12T23:27:02Z,190758908105375,3532,btc_qm_engine:btc_ptmc_rep_hot,6.0000000000
METRIC,2026-04-12T23:27:02Z,190758908130585,3532,btc_qm_engine:btc_ptmc_rep_cold,5.0000000000
METRIC,2026-04-12T23:27:02Z,190758908154795,3532,btc_qm_engine:btc_ptmc_accept,1.0000000000
METRIC,2026-04-12T23:27:02Z,190758908188745,3532,btc_qm_engine:btc_ptmc_rep_hot,7.0000000000
METRIC,2026-04-12T23:27:02Z,190758908213345,3532,btc_qm_engine:btc_ptmc_rep_cold,6.0000000000
METRIC,2026-04-12T23:27:02Z,190758908237795,3532,btc_qm_engine:btc_ptmc_accept,1.0000000000
METRIC,2026-04-12T23:27:02Z,190759007863489,3532,btc_qm_engine:btc_ptmc_rep_hot,1.0000000000
METRIC,2026-04-12T23:27:02Z,190759007936949,3532,btc_qm_engine:btc_ptmc_rep_cold,0.0000000000
METRIC,2026-04-12T23:27:02Z,190759007957869,3532,btc_qm_engine:btc_ptmc_accept,-0.1355329307
METRIC,2026-04-12T23:27:02Z,190759007985529,3532,btc_qm_engine:btc_ptmc_rep_hot,2.0000000000
METRIC,2026-04-12T23:27:02Z,190759008066449,3532,btc_qm_engine:btc_ptmc_rep_cold,1.0000000000
METRIC,2026-04-12T23:27:02Z,190759008093999,3532,btc_qm_engine:btc_ptmc_accept,1.0000000000
METRIC,2026-04-12T23:27:02Z,190759008133499,3532,btc_qm_engine:btc_ptmc_rep_hot,3.0000000000
METRIC,2026-04-12T23:27:02Z,190759008166799,3532,btc_qm_engine:btc_ptmc_rep_cold,2.0000000000
METRIC,2026-04-12T23:27:02Z,190759008193829,3532,btc_qm_engine:btc_ptmc_accept,1.0000000000
METRIC,2026-04-12T23:27:02Z,190759008212799,3532,btc_qm_engine:btc_ptmc_rep_hot,4.0000000000
METRIC,2026-04-12T23:27:02Z,190759008231249,3532,btc_qm_engine:btc_ptmc_rep_cold,3.0000000000
METRIC,2026-04-12T23:27:02Z,190759008249769,3532,btc_qm_engine:btc_ptmc_accept,1.0000000000
METRIC,2026-04-12T23:27:02Z,190759008271059,3532,btc_qm_engine:btc_ptmc_rep_hot,5.0000000000
METRIC,2026-04-12T23:27:02Z,190759008291599,3532,btc_qm_engine:btc_ptmc_rep_cold,4.0000000000
METRIC,2026-04-12T23:27:02Z,190759008316459,3532,btc_qm_engine:btc_ptmc_accept,1.0000000000
METRIC,2026-04-12T23:27:02Z,190759008344769,3532,btc_qm_engine:btc_ptmc_rep_hot,6.0000000000
METRIC,2026-04-12T23:27:02Z,190759008369819,3532,btc_qm_engine:btc_ptmc_rep_cold,5.0000000000
METRIC,2026-04-12T23:27:02Z,190759008392979,3532,btc_qm_engine:btc_ptmc_accept,1.0000000000
METRIC,2026-04-12T23:27:02Z,190759008420449,3532,btc_qm_engine:btc_ptmc_rep_hot,7.0000000000
METRIC,2026-04-12T23:27:02Z,190759008439839,3532,btc_qm_engine:btc_ptmc_rep_cold,6.0000000000
METRIC,2026-04-12T23:27:02Z,190759008458339,3532,btc_qm_engine:btc_ptmc_accept,1.0000000000
METRIC,2026-04-12T23:27:02Z,190759109399212,3532,btc_qm_engine:btc_ptmc_rep_hot,1.0000000000
METRIC,2026-04-12T23:27:02Z,190759109480762,3532,btc_qm_engine:btc_ptmc_rep_cold,0.0000000000
METRIC,2026-04-12T23:27:02Z,190759109507002,3532,btc_qm_engine:btc_ptmc_accept,-0.5136174742
METRIC,2026-04-12T23:27:02Z,190759109534252,3532,btc_qm_engine:btc_ptmc_rep_hot,2.0000000000
METRIC,2026-04-12T23:27:02Z,190759109558892,3532,btc_qm_engine:btc_ptmc_rep_cold,1.0000000000
METRIC,2026-04-12T23:27:02Z,190759109583632,3532,btc_qm_engine:btc_ptmc_accept,0.7165701146
METRIC,2026-04-12T23:27:02Z,190759109626922,3532,btc_qm_engine:btc_ptmc_rep_hot,3.0000000000
METRIC,2026-04-12T23:27:02Z,190759109652092,3532,btc_qm_engine:btc_ptmc_rep_cold,2.0000000000
METRIC,2026-04-12T23:27:02Z,190759109676952,3532,btc_qm_engine:btc_ptmc_accept,0.8464931860
METRIC,2026-04-12T23:27:02Z,190759109748242,3532,btc_qm_engine:btc_ptmc_rep_hot,4.0000000000
METRIC,2026-04-12T23:27:02Z,190759109772842,3532,btc_qm_engine:btc_ptmc_rep_cold,3.0000000000
METRIC,2026-04-12T23:27:02Z,190759109797492,3532,btc_qm_engine:btc_ptmc_accept,1.0000000000
METRIC,2026-04-12T23:27:02Z,190759109828852,3532,btc_qm_engine:btc_ptmc_rep_hot,5.0000000000
METRIC,2026-04-12T23:27:02Z,190759109859892,3532,btc_qm_engine:btc_ptmc_rep_cold,4.0000000000
METRIC,2026-04-12T23:27:02Z,190759109890032,3532,btc_qm_engine:btc_ptmc_accept,0.9394148515
METRIC,2026-04-12T23:27:02Z,190759109923182,3532,btc_qm_engine:btc_ptmc_rep_hot,6.0000000000
METRIC,2026-04-12T23:27:02Z,190759109947972,3532,btc_qm_engine:btc_ptmc_rep_cold,5.0000000000
METRIC,2026-04-12T23:27:02Z,190759109972872,3532,btc_qm_engine:btc_ptmc_accept,1.0000000000
METRIC,2026-04-12T23:27:02Z,190759110048532,3532,btc_qm_engine:btc_ptmc_rep_hot,7.0000000000
METRIC,2026-04-12T23:27:02Z,190759110076352,3532,btc_qm_engine:btc_ptmc_rep_cold,6.0000000000
METRIC,2026-04-12T23:27:02Z,190759110109432,3532,btc_qm_engine:btc_ptmc_accept,1.0000000000
METRIC,2026-04-12T23:27:02Z,190759210554666,3532,btc_qm_engine:btc_ptmc_rep_hot,1.0000000000
METRIC,2026-04-12T23:27:02Z,190759210616136,3532,btc_qm_engine:btc_ptmc_rep_cold,0.0000000000
METRIC,2026-04-12T23:27:02Z,190759210636736,3532,btc_qm_engine:btc_ptmc_accept,1.0000000000
METRIC,2026-04-12T23:27:02Z,190759210657106,3532,btc_qm_engine:btc_ptmc_rep_hot,2.0000000000
METRIC,2026-04-12T23:27:02Z,190759210675796,3532,btc_qm_engine:btc_ptmc_rep_cold,1.0000000000
METRIC,2026-04-12T23:27:02Z,190759210694176,3532,btc_qm_engine:btc_ptmc_accept,0.7165624298
METRIC,2026-04-12T23:27:02Z,190759210713846,3532,btc_qm_engine:btc_ptmc_rep_hot,3.0000000000
METRIC,2026-04-12T23:27:02Z,190759210737246,3532,btc_qm_engine:btc_ptmc_rep_cold,2.0000000000
METRIC,2026-04-12T23:27:02Z,190759210766046,3532,btc_qm_engine:btc_ptmc_accept,1.0000000000
METRIC,2026-04-12T23:27:02Z,190759210791466,3532,btc_qm_engine:btc_ptmc_rep_hot,4.0000000000
METRIC,2026-04-12T23:27:02Z,190759210809916,3532,btc_qm_engine:btc_ptmc_rep_cold,3.0000000000
METRIC,2026-04-12T23:27:02Z,190759210828536,3532,btc_qm_engine:btc_ptmc_accept,1.0000000000
METRIC,2026-04-12T23:27:02Z,190759210851476,3532,btc_qm_engine:btc_ptmc_rep_hot,5.0000000000
METRIC,2026-04-12T23:27:02Z,190759210869946,3532,btc_qm_engine:btc_ptmc_rep_cold,4.0000000000
METRIC,2026-04-12T23:27:02Z,190759210888356,3532,btc_qm_engine:btc_ptmc_accept,1.0000000000
METRIC,2026-04-12T23:27:02Z,190759210909766,3532,btc_qm_engine:btc_ptmc_rep_hot,6.0000000000
METRIC,2026-04-12T23:27:02Z,190759210928306,3532,btc_qm_engine:btc_ptmc_rep_cold,5.0000000000
METRIC,2026-04-12T23:27:02Z,190759210946766,3532,btc_qm_engine:btc_ptmc_accept,1.0000000000
METRIC,2026-04-12T23:27:02Z,190759210969756,3532,btc_qm_engine:btc_ptmc_rep_hot,7.0000000000
METRIC,2026-04-12T23:27:02Z,190759210988346,3532,btc_qm_engine:btc_ptmc_rep_cold,6.0000000000
METRIC,2026-04-12T23:27:02Z,190759211097246,3532,btc_qm_engine:btc_ptmc_accept,1.0000000000
METRIC,2026-04-12T23:27:02Z,190759314835809,3532,btc_qm_engine:btc_ptmc_rep_hot,1.0000000000
METRIC,2026-04-12T23:27:02Z,190759314900199,3532,btc_qm_engine:btc_ptmc_rep_cold,0.0000000000
METRIC,2026-04-12T23:27:02Z,190759314927229,3532,btc_qm_engine:btc_ptmc_accept,0.5134171190
METRIC,2026-04-12T23:27:02Z,190759314952739,3532,btc_qm_engine:btc_ptmc_rep_hot,2.0000000000
METRIC,2026-04-12T23:27:02Z,190759314972719,3532,btc_qm_engine:btc_ptmc_rep_cold,1.0000000000
METRIC,2026-04-12T23:27:02Z,190759314996029,3532,btc_qm_engine:btc_ptmc_accept,1.0000000000
METRIC,2026-04-12T23:27:02Z,190759315068039,3532,btc_qm_engine:btc_ptmc_rep_hot,3.0000000000
METRIC,2026-04-12T23:27:02Z,190759315087659,3532,btc_qm_engine:btc_ptmc_rep_cold,2.0000000000
METRIC,2026-04-12T23:27:02Z,190759315106679,3532,btc_qm_engine:btc_ptmc_accept,1.0000000000
METRIC,2026-04-12T23:27:02Z,190759315134989,3532,btc_qm_engine:btc_ptmc_rep_hot,4.0000000000
METRIC,2026-04-12T23:27:02Z,190759315159259,3532,btc_qm_engine:btc_ptmc_rep_cold,3.0000000000
METRIC,2026-04-12T23:27:02Z,190759315183839,3532,btc_qm_engine:btc_ptmc_accept,1.0000000000
METRIC,2026-04-12T23:27:02Z,190759315240209,3532,btc_qm_engine:btc_ptmc_rep_hot,5.0000000000
METRIC,2026-04-12T23:27:02Z,190759315269789,3532,btc_qm_engine:btc_ptmc_rep_cold,4.0000000000
METRIC,2026-04-12T23:27:02Z,190759315293499,3532,btc_qm_engine:btc_ptmc_accept,0.9394130628
METRIC,2026-04-12T23:27:02Z,190759315323929,3532,btc_qm_engine:btc_ptmc_rep_hot,6.0000000000
METRIC,2026-04-12T23:27:02Z,190759315347529,3532,btc_qm_engine:btc_ptmc_rep_cold,5.0000000000
METRIC,2026-04-12T23:27:02Z,190759315370339,3532,btc_qm_engine:btc_ptmc_accept,1.0000000000
METRIC,2026-04-12T23:27:02Z,190759315399339,3532,btc_qm_engine:btc_ptmc_rep_hot,7.0000000000
METRIC,2026-04-12T23:27:02Z,190759315422979,3532,btc_qm_engine:btc_ptmc_rep_cold,6.0000000000
METRIC,2026-04-12T23:27:02Z,190759315446039,3532,btc_qm_engine:btc_ptmc_accept,0.9767452464
HW_SAMPLE,2026-04-12T23:27:02Z,190759393811194,3532,btc_qm_engine:cpu_delta_pct,75.0458
HW_SAMPLE,2026-04-12T23:27:02Z,190759393811194,3532,btc_qm_engine:mem_used_pct,82.0524
HW_SAMPLE,2026-04-12T23:27:02Z,190759393811194,3532,btc_qm_engine:vm_rss_kb,7800
HW_SAMPLE,2026-04-12T23:27:02Z,190759393811194,3532,btc_qm_engine:vm_peak_kb,604968
HW_SAMPLE,2026-04-12T23:27:02Z,190759397368224,3532,btc_qm_engine:cpu_delta_pct,66.6667
HW_SAMPLE,2026-04-12T23:27:02Z,190759397368224,3532,btc_qm_engine:mem_used_pct,82.0524
HW_SAMPLE,2026-04-12T23:27:02Z,190759397368224,3532,btc_qm_engine:vm_rss_kb,7800
HW_SAMPLE,2026-04-12T23:27:02Z,190759397368224,3532,btc_qm_engine:vm_peak_kb,604968
HW_SAMPLE,2026-04-12T23:27:02Z,190759397924904,3532,btc_qm_engine:cpu_delta_pct,0.0000
HW_SAMPLE,2026-04-12T23:27:02Z,190759397924904,3532,btc_qm_engine:mem_used_pct,82.0524
HW_SAMPLE,2026-04-12T23:27:02Z,190759397924904,3532,btc_qm_engine:vm_rss_kb,7800
HW_SAMPLE,2026-04-12T23:27:02Z,190759397924904,3532,btc_qm_engine:vm_peak_kb,604968
HW_SAMPLE,2026-04-12T23:27:02Z,190759399675794,3532,btc_qm_engine:cpu_delta_pct,100.0000
HW_SAMPLE,2026-04-12T23:27:02Z,190759399675794,3532,btc_qm_engine:mem_used_pct,82.0524
HW_SAMPLE,2026-04-12T23:27:02Z,190759399675794,3532,btc_qm_engine:vm_rss_kb,7800
HW_SAMPLE,2026-04-12T23:27:02Z,190759399675794,3532,btc_qm_engine:vm_peak_kb,604968
HW_SAMPLE,2026-04-12T23:27:02Z,190759400335054,3532,btc_qm_engine:cpu_delta_pct,100.0000
HW_SAMPLE,2026-04-12T23:27:02Z,190759400335054,3532,btc_qm_engine:mem_used_pct,82.0524
HW_SAMPLE,2026-04-12T23:27:02Z,190759400335054,3532,btc_qm_engine:vm_rss_kb,7800
HW_SAMPLE,2026-04-12T23:27:02Z,190759400335054,3532,btc_qm_engine:vm_peak_kb,604968
HW_SAMPLE,2026-04-12T23:27:02Z,190759400774144,3532,btc_qm_engine:cpu_delta_pct,0.0000
HW_SAMPLE,2026-04-12T23:27:02Z,190759400774144,3532,btc_qm_engine:mem_used_pct,82.0524
HW_SAMPLE,2026-04-12T23:27:02Z,190759400774144,3532,btc_qm_engine:vm_rss_kb,7800
HW_SAMPLE,2026-04-12T23:27:02Z,190759400774144,3532,btc_qm_engine:vm_peak_kb,604968
HW_SAMPLE,2026-04-12T23:27:02Z,190759400979894,3532,btc_qm_engine:cpu_delta_pct,100.0000
HW_SAMPLE,2026-04-12T23:27:02Z,190759400979894,3532,btc_qm_engine:mem_used_pct,82.0524
HW_SAMPLE,2026-04-12T23:27:02Z,190759400979894,3532,btc_qm_engine:vm_rss_kb,7800
HW_SAMPLE,2026-04-12T23:27:02Z,190759400979894,3532,btc_qm_engine:vm_peak_kb,604968
HW_SAMPLE,2026-04-12T23:27:02Z,190759404259073,3532,btc_qm_engine:cpu_delta_pct,100.0000
HW_SAMPLE,2026-04-12T23:27:02Z,190759404259073,3532,btc_qm_engine:mem_used_pct,82.0524
HW_SAMPLE,2026-04-12T23:27:02Z,190759404259073,3532,btc_qm_engine:vm_rss_kb,7800
HW_SAMPLE,2026-04-12T23:27:02Z,190759404259073,3532,btc_qm_engine:vm_peak_kb,604968
METRIC,2026-04-12T23:27:02Z,190759442378101,3532,btc_qm_engine:btc_ptmc_rep_hot,1.0000000000
METRIC,2026-04-12T23:27:02Z,190759442449971,3532,btc_qm_engine:btc_ptmc_rep_cold,0.0000000000
METRIC,2026-04-12T23:27:02Z,190759442472191,3532,btc_qm_engine:btc_ptmc_accept,1.0000000000
METRIC,2026-04-12T23:27:02Z,190759442495831,3532,btc_qm_engine:btc_ptmc_rep_hot,2.0000000000
METRIC,2026-04-12T23:27:02Z,190759442515191,3532,btc_qm_engine:btc_ptmc_rep_cold,1.0000000000
METRIC,2026-04-12T23:27:02Z,190759442560381,3532,btc_qm_engine:btc_ptmc_accept,1.0000000000
METRIC,2026-04-12T23:27:02Z,190759442580881,3532,btc_qm_engine:btc_ptmc_rep_hot,3.0000000000
METRIC,2026-04-12T23:27:02Z,190759442599951,3532,btc_qm_engine:btc_ptmc_rep_cold,2.0000000000
METRIC,2026-04-12T23:27:02Z,190759442618871,3532,btc_qm_engine:btc_ptmc_accept,1.0000000000
METRIC,2026-04-12T23:27:02Z,190759442642401,3532,btc_qm_engine:btc_ptmc_rep_hot,4.0000000000
METRIC,2026-04-12T23:27:02Z,190759442661381,3532,btc_qm_engine:btc_ptmc_rep_cold,3.0000000000
METRIC,2026-04-12T23:27:02Z,190759442680261,3532,btc_qm_engine:btc_ptmc_accept,1.0000000000
METRIC,2026-04-12T23:27:02Z,190759442702661,3532,btc_qm_engine:btc_ptmc_rep_hot,5.0000000000
METRIC,2026-04-12T23:27:02Z,190759442721811,3532,btc_qm_engine:btc_ptmc_rep_cold,4.0000000000
METRIC,2026-04-12T23:27:02Z,190759442745891,3532,btc_qm_engine:btc_ptmc_accept,1.0000000000
METRIC,2026-04-12T23:27:02Z,190759442881421,3532,btc_qm_engine:btc_ptmc_rep_hot,6.0000000000
METRIC,2026-04-12T23:27:02Z,190759442900761,3532,btc_qm_engine:btc_ptmc_rep_cold,5.0000000000
METRIC,2026-04-12T23:27:02Z,190759442920251,3532,btc_qm_engine:btc_ptmc_accept,0.9642890805
METRIC,2026-04-12T23:27:02Z,190759442955101,3532,btc_qm_engine:btc_ptmc_rep_hot,7.0000000000
METRIC,2026-04-12T23:27:02Z,190759442980621,3532,btc_qm_engine:btc_ptmc_rep_cold,6.0000000000
METRIC,2026-04-12T23:27:02Z,190759443034951,3532,btc_qm_engine:btc_ptmc_accept,1.0000000000
METRIC,2026-04-12T23:27:02Z,190759543571114,3532,btc_qm_engine:btc_ptmc_rep_hot,1.0000000000
METRIC,2026-04-12T23:27:02Z,190759543643584,3532,btc_qm_engine:btc_ptmc_rep_cold,0.0000000000
METRIC,2026-04-12T23:27:02Z,190759543669834,3532,btc_qm_engine:btc_ptmc_accept,1.0000000000
METRIC,2026-04-12T23:27:02Z,190759543695244,3532,btc_qm_engine:btc_ptmc_rep_hot,2.0000000000
METRIC,2026-04-12T23:27:02Z,190759543720314,3532,btc_qm_engine:btc_ptmc_rep_cold,1.0000000000
METRIC,2026-04-12T23:27:02Z,190759543744714,3532,btc_qm_engine:btc_ptmc_accept,1.0000000000
METRIC,2026-04-12T23:27:02Z,190759543784134,3532,btc_qm_engine:btc_ptmc_rep_hot,3.0000000000
METRIC,2026-04-12T23:27:02Z,190759543816694,3532,btc_qm_engine:btc_ptmc_rep_cold,2.0000000000
METRIC,2026-04-12T23:27:02Z,190759543840724,3532,btc_qm_engine:btc_ptmc_accept,1.0000000000
METRIC,2026-04-12T23:27:02Z,190759543872204,3532,btc_qm_engine:btc_ptmc_rep_hot,4.0000000000
METRIC,2026-04-12T23:27:02Z,190759543896384,3532,btc_qm_engine:btc_ptmc_rep_cold,3.0000000000
METRIC,2026-04-12T23:27:02Z,190759543920474,3532,btc_qm_engine:btc_ptmc_accept,1.0000000000
METRIC,2026-04-12T23:27:02Z,190759543950994,3532,btc_qm_engine:btc_ptmc_rep_hot,5.0000000000
METRIC,2026-04-12T23:27:02Z,190759543975434,3532,btc_qm_engine:btc_ptmc_rep_cold,4.0000000000
METRIC,2026-04-12T23:27:02Z,190759544038394,3532,btc_qm_engine:btc_ptmc_accept,1.0000000000
METRIC,2026-04-12T23:27:02Z,190759544073444,3532,btc_qm_engine:btc_ptmc_rep_hot,6.0000000000
METRIC,2026-04-12T23:27:02Z,190759544097974,3532,btc_qm_engine:btc_ptmc_rep_cold,5.0000000000
METRIC,2026-04-12T23:27:02Z,190759544122714,3532,btc_qm_engine:btc_ptmc_accept,1.0000000000
METRIC,2026-04-12T23:27:02Z,190759544157964,3532,btc_qm_engine:btc_ptmc_rep_hot,7.0000000000
METRIC,2026-04-12T23:27:02Z,190759544187874,3532,btc_qm_engine:btc_ptmc_rep_cold,6.0000000000
METRIC,2026-04-12T23:27:02Z,190759544207574,3532,btc_qm_engine:btc_ptmc_accept,1.0000000000
METRIC,2026-04-12T23:27:02Z,190759643907538,3532,btc_qm_engine:btc_ptmc_rep_hot,1.0000000000
METRIC,2026-04-12T23:27:02Z,190759643987348,3532,btc_qm_engine:btc_ptmc_rep_cold,0.0000000000
METRIC,2026-04-12T23:27:02Z,190759644042468,3532,btc_qm_engine:btc_ptmc_accept,1.0000000000
METRIC,2026-04-12T23:27:02Z,190759644072128,3532,btc_qm_engine:btc_ptmc_rep_hot,2.0000000000
METRIC,2026-04-12T23:27:02Z,190759644096088,3532,btc_qm_engine:btc_ptmc_rep_cold,1.0000000000
METRIC,2026-04-12T23:27:02Z,190759644115828,3532,btc_qm_engine:btc_ptmc_accept,1.0000000000
METRIC,2026-04-12T23:27:02Z,190759644142278,3532,btc_qm_engine:btc_ptmc_rep_hot,3.0000000000
METRIC,2026-04-12T23:27:02Z,190759644197658,3532,btc_qm_engine:btc_ptmc_rep_cold,2.0000000000
METRIC,2026-04-12T23:27:02Z,190759644216708,3532,btc_qm_engine:btc_ptmc_accept,1.0000000000
METRIC,2026-04-12T23:27:02Z,190759644243788,3532,btc_qm_engine:btc_ptmc_rep_hot,4.0000000000
METRIC,2026-04-12T23:27:02Z,190759644268988,3532,btc_qm_engine:btc_ptmc_rep_cold,3.0000000000
METRIC,2026-04-12T23:27:02Z,190759644293438,3532,btc_qm_engine:btc_ptmc_accept,1.0000000000
METRIC,2026-04-12T23:27:02Z,190759644344818,3532,btc_qm_engine:btc_ptmc_rep_hot,5.0000000000
METRIC,2026-04-12T23:27:02Z,190759644369598,3532,btc_qm_engine:btc_ptmc_rep_cold,4.0000000000
METRIC,2026-04-12T23:27:02Z,190759644393918,3532,btc_qm_engine:btc_ptmc_accept,-0.8824954069
METRIC,2026-04-12T23:27:02Z,190759644426078,3532,btc_qm_engine:btc_ptmc_rep_hot,6.0000000000
METRIC,2026-04-12T23:27:02Z,190759644451048,3532,btc_qm_engine:btc_ptmc_rep_cold,5.0000000000
METRIC,2026-04-12T23:27:02Z,190759644475388,3532,btc_qm_engine:btc_ptmc_accept,0.9298538586
METRIC,2026-04-12T23:27:02Z,190759644502988,3532,btc_qm_engine:btc_ptmc_rep_hot,7.0000000000
METRIC,2026-04-12T23:27:02Z,190759644534638,3532,btc_qm_engine:btc_ptmc_rep_cold,6.0000000000
METRIC,2026-04-12T23:27:02Z,190759644561948,3532,btc_qm_engine:btc_ptmc_accept,0.9540301194
METRIC,2026-04-12T23:27:03Z,190759748659511,3532,btc_qm_engine:btc_ptmc_rep_hot,1.0000000000
METRIC,2026-04-12T23:27:03Z,190759748738631,3532,btc_qm_engine:btc_ptmc_rep_cold,0.0000000000
METRIC,2026-04-12T23:27:03Z,190759748771811,3532,btc_qm_engine:btc_ptmc_accept,-0.5136669338
METRIC,2026-04-12T23:27:03Z,190759748906511,3532,btc_qm_engine:btc_ptmc_rep_hot,2.0000000000
METRIC,2026-04-12T23:27:03Z,190759748932361,3532,btc_qm_engine:btc_ptmc_rep_cold,1.0000000000
METRIC,2026-04-12T23:27:03Z,190759748957261,3532,btc_qm_engine:btc_ptmc_accept,1.0000000000
METRIC,2026-04-12T23:27:03Z,190759749406521,3532,btc_qm_engine:btc_ptmc_rep_hot,3.0000000000
METRIC,2026-04-12T23:27:03Z,190759749440591,3532,btc_qm_engine:btc_ptmc_rep_cold,2.0000000000
METRIC,2026-04-12T23:27:03Z,190759749467431,3532,btc_qm_engine:btc_ptmc_accept,0.7165399462
METRIC,2026-04-12T23:27:03Z,190759749497551,3532,btc_qm_engine:btc_ptmc_rep_hot,4.0000000000
METRIC,2026-04-12T23:27:03Z,190759749522171,3532,btc_qm_engine:btc_ptmc_rep_cold,3.0000000000
METRIC,2026-04-12T23:27:03Z,190759749546561,3532,btc_qm_engine:btc_ptmc_accept,0.9048393810
METRIC,2026-04-12T23:27:03Z,190759749575331,3532,btc_qm_engine:btc_ptmc_rep_hot,5.0000000000
METRIC,2026-04-12T23:27:03Z,190759749599371,3532,btc_qm_engine:btc_ptmc_rep_cold,4.0000000000
METRIC,2026-04-12T23:27:03Z,190759749623911,3532,btc_qm_engine:btc_ptmc_accept,0.8824983983
METRIC,2026-04-12T23:27:03Z,190759749654731,3532,btc_qm_engine:btc_ptmc_rep_hot,6.0000000000
METRIC,2026-04-12T23:27:03Z,190759749679861,3532,btc_qm_engine:btc_ptmc_rep_cold,5.0000000000
METRIC,2026-04-12T23:27:03Z,190759749704391,3532,btc_qm_engine:btc_ptmc_accept,0.9298549256
METRIC,2026-04-12T23:27:03Z,190759749731011,3532,btc_qm_engine:btc_ptmc_rep_hot,7.0000000000
METRIC,2026-04-12T23:27:03Z,190759749759761,3532,btc_qm_engine:btc_ptmc_rep_cold,6.0000000000
METRIC,2026-04-12T23:27:03Z,190759749785311,3532,btc_qm_engine:btc_ptmc_accept,0.9767447714
METRIC,2026-04-12T23:27:03Z,190759852185705,3532,btc_qm_engine:btc_ptmc_rep_hot,1.0000000000
METRIC,2026-04-12T23:27:03Z,190759852266835,3532,btc_qm_engine:btc_ptmc_rep_cold,0.0000000000
METRIC,2026-04-12T23:27:03Z,190759852293635,3532,btc_qm_engine:btc_ptmc_accept,1.0000000000
METRIC,2026-04-12T23:27:03Z,190759852325525,3532,btc_qm_engine:btc_ptmc_rep_hot,2.0000000000
METRIC,2026-04-12T23:27:03Z,190759852350165,3532,btc_qm_engine:btc_ptmc_rep_cold,1.0000000000
METRIC,2026-04-12T23:27:03Z,190759852375105,3532,btc_qm_engine:btc_ptmc_accept,1.0000000000
METRIC,2026-04-12T23:27:03Z,190759852406525,3532,btc_qm_engine:btc_ptmc_rep_hot,3.0000000000
METRIC,2026-04-12T23:27:03Z,190759852431335,3532,btc_qm_engine:btc_ptmc_rep_cold,2.0000000000
METRIC,2026-04-12T23:27:03Z,190759852456125,3532,btc_qm_engine:btc_ptmc_accept,1.0000000000
METRIC,2026-04-12T23:27:03Z,190759852524015,3532,btc_qm_engine:btc_ptmc_rep_hot,4.0000000000
METRIC,2026-04-12T23:27:03Z,190759852548425,3532,btc_qm_engine:btc_ptmc_rep_cold,3.0000000000
METRIC,2026-04-12T23:27:03Z,190759852572685,3532,btc_qm_engine:btc_ptmc_accept,1.0000000000
METRIC,2026-04-12T23:27:03Z,190759852610875,3532,btc_qm_engine:btc_ptmc_rep_hot,5.0000000000
METRIC,2026-04-12T23:27:03Z,190759852638235,3532,btc_qm_engine:btc_ptmc_rep_cold,4.0000000000
METRIC,2026-04-12T23:27:03Z,190759852662765,3532,btc_qm_engine:btc_ptmc_accept,1.0000000000
METRIC,2026-04-12T23:27:03Z,190759852689885,3532,btc_qm_engine:btc_ptmc_rep_hot,6.0000000000
METRIC,2026-04-12T23:27:03Z,190759852713905,3532,btc_qm_engine:btc_ptmc_rep_cold,5.0000000000
METRIC,2026-04-12T23:27:03Z,190759852738375,3532,btc_qm_engine:btc_ptmc_accept,1.0000000000
METRIC,2026-04-12T23:27:03Z,190759852765885,3532,btc_qm_engine:btc_ptmc_rep_hot,7.0000000000
METRIC,2026-04-12T23:27:03Z,190759852790325,3532,btc_qm_engine:btc_ptmc_rep_cold,6.0000000000
METRIC,2026-04-12T23:27:03Z,190759852814545,3532,btc_qm_engine:btc_ptmc_accept,1.0000000000
METRIC,2026-04-12T23:27:03Z,190759957540788,3532,btc_qm_engine:btc_ptmc_rep_hot,1.0000000000
METRIC,2026-04-12T23:27:03Z,190759957623158,3532,btc_qm_engine:btc_ptmc_rep_cold,0.0000000000
METRIC,2026-04-12T23:27:03Z,190759957650728,3532,btc_qm_engine:btc_ptmc_accept,1.0000000000
METRIC,2026-04-12T23:27:03Z,190759957680368,3532,btc_qm_engine:btc_ptmc_rep_hot,2.0000000000
METRIC,2026-04-12T23:27:03Z,190759957704808,3532,btc_qm_engine:btc_ptmc_rep_cold,1.0000000000
METRIC,2026-04-12T23:27:03Z,190759957728308,3532,btc_qm_engine:btc_ptmc_accept,-0.5134617158
METRIC,2026-04-12T23:27:03Z,190759957761478,3532,btc_qm_engine:btc_ptmc_rep_hot,3.0000000000
METRIC,2026-04-12T23:27:03Z,190759957781038,3532,btc_qm_engine:btc_ptmc_rep_cold,2.0000000000
METRIC,2026-04-12T23:27:03Z,190759957800238,3532,btc_qm_engine:btc_ptmc_accept,1.0000000000
METRIC,2026-04-12T23:27:03Z,190759957835158,3532,btc_qm_engine:btc_ptmc_rep_hot,4.0000000000
METRIC,2026-04-12T23:27:03Z,190759957855908,3532,btc_qm_engine:btc_ptmc_rep_cold,3.0000000000
METRIC,2026-04-12T23:27:03Z,190759957881418,3532,btc_qm_engine:btc_ptmc_accept,1.0000000000
METRIC,2026-04-12T23:27:03Z,190759958189008,3532,btc_qm_engine:btc_ptmc_rep_hot,5.0000000000
METRIC,2026-04-12T23:27:03Z,190759958239118,3532,btc_qm_engine:btc_ptmc_rep_cold,4.0000000000
METRIC,2026-04-12T23:27:03Z,190759958265758,3532,btc_qm_engine:btc_ptmc_accept,1.0000000000
METRIC,2026-04-12T23:27:03Z,190759958297188,3532,btc_qm_engine:btc_ptmc_rep_hot,6.0000000000
METRIC,2026-04-12T23:27:03Z,190759958321938,3532,btc_qm_engine:btc_ptmc_rep_cold,5.0000000000
METRIC,2026-04-12T23:27:03Z,190759958345118,3532,btc_qm_engine:btc_ptmc_accept,1.0000000000
METRIC,2026-04-12T23:27:03Z,190759958561418,3532,btc_qm_engine:btc_ptmc_rep_hot,7.0000000000
METRIC,2026-04-12T23:27:03Z,190759958587158,3532,btc_qm_engine:btc_ptmc_rep_cold,6.0000000000
METRIC,2026-04-12T23:27:03Z,190759958610508,3532,btc_qm_engine:btc_ptmc_accept,1.0000000000
METRIC,2026-04-12T23:27:03Z,190760057833682,3532,btc_qm_engine:btc_ptmc_rep_hot,1.0000000000
METRIC,2026-04-12T23:27:03Z,190760057911212,3532,btc_qm_engine:btc_ptmc_rep_cold,0.0000000000
METRIC,2026-04-12T23:27:03Z,190760057946912,3532,btc_qm_engine:btc_ptmc_accept,-0.5134171190
METRIC,2026-04-12T23:27:03Z,190760058105602,3532,btc_qm_engine:btc_ptmc_rep_hot,2.0000000000
METRIC,2026-04-12T23:27:03Z,190760058146752,3532,btc_qm_engine:btc_ptmc_rep_cold,1.0000000000
METRIC,2026-04-12T23:27:03Z,190760058178482,3532,btc_qm_engine:btc_ptmc_accept,1.0000000000
METRIC,2026-04-12T23:27:03Z,190760059095851,3532,btc_qm_engine:btc_ptmc_rep_hot,3.0000000000
METRIC,2026-04-12T23:27:03Z,190760059128691,3532,btc_qm_engine:btc_ptmc_rep_cold,2.0000000000
METRIC,2026-04-12T23:27:03Z,190760059152951,3532,btc_qm_engine:btc_ptmc_accept,-0.8464817249
METRIC,2026-04-12T23:27:03Z,190760059186321,3532,btc_qm_engine:btc_ptmc_rep_hot,4.0000000000
METRIC,2026-04-12T23:27:03Z,190760059210631,3532,btc_qm_engine:btc_ptmc_rep_cold,3.0000000000
METRIC,2026-04-12T23:27:03Z,190760059256901,3532,btc_qm_engine:btc_ptmc_accept,1.0000000000
METRIC,2026-04-12T23:27:03Z,190760059282851,3532,btc_qm_engine:btc_ptmc_rep_hot,5.0000000000
METRIC,2026-04-12T23:27:03Z,190760059306951,3532,btc_qm_engine:btc_ptmc_rep_cold,4.0000000000
METRIC,2026-04-12T23:27:03Z,190760059331361,3532,btc_qm_engine:btc_ptmc_accept,1.0000000000
METRIC,2026-04-12T23:27:03Z,190760059442711,3532,btc_qm_engine:btc_ptmc_rep_hot,6.0000000000
METRIC,2026-04-12T23:27:03Z,190760059478971,3532,btc_qm_engine:btc_ptmc_rep_cold,5.0000000000
METRIC,2026-04-12T23:27:03Z,190760059503571,3532,btc_qm_engine:btc_ptmc_accept,1.0000000000
METRIC,2026-04-12T23:27:03Z,190760059533841,3532,btc_qm_engine:btc_ptmc_rep_hot,7.0000000000
METRIC,2026-04-12T23:27:03Z,190760059557671,3532,btc_qm_engine:btc_ptmc_rep_cold,6.0000000000
METRIC,2026-04-12T23:27:03Z,190760059581671,3532,btc_qm_engine:btc_ptmc_accept,1.0000000000
METRIC,2026-04-12T23:27:03Z,190760164405255,3532,btc_qm_engine:btc_ptmc_rep_hot,1.0000000000
METRIC,2026-04-12T23:27:03Z,190760164487425,3532,btc_qm_engine:btc_ptmc_rep_cold,0.0000000000
METRIC,2026-04-12T23:27:03Z,190760164512985,3532,btc_qm_engine:btc_ptmc_accept,-0.1353352832
METRIC,2026-04-12T23:27:03Z,190760164543355,3532,btc_qm_engine:btc_ptmc_rep_hot,2.0000000000
METRIC,2026-04-12T23:27:03Z,190760164568035,3532,btc_qm_engine:btc_ptmc_rep_cold,1.0000000000
METRIC,2026-04-12T23:27:03Z,190760164592935,3532,btc_qm_engine:btc_ptmc_accept,1.0000000000
METRIC,2026-04-12T23:27:03Z,190760164624395,3532,btc_qm_engine:btc_ptmc_rep_hot,3.0000000000
METRIC,2026-04-12T23:27:03Z,190760164648835,3532,btc_qm_engine:btc_ptmc_rep_cold,2.0000000000
METRIC,2026-04-12T23:27:03Z,190760164673225,3532,btc_qm_engine:btc_ptmc_accept,1.0000000000
METRIC,2026-04-12T23:27:03Z,190760164701445,3532,btc_qm_engine:btc_ptmc_rep_hot,4.0000000000
METRIC,2026-04-12T23:27:03Z,190760164726085,3532,btc_qm_engine:btc_ptmc_rep_cold,3.0000000000
METRIC,2026-04-12T23:27:03Z,190760164754435,3532,btc_qm_engine:btc_ptmc_accept,1.0000000000
METRIC,2026-04-12T23:27:03Z,190760164782005,3532,btc_qm_engine:btc_ptmc_rep_hot,5.0000000000
METRIC,2026-04-12T23:27:03Z,190760164806265,3532,btc_qm_engine:btc_ptmc_rep_cold,4.0000000000
METRIC,2026-04-12T23:27:03Z,190760164830725,3532,btc_qm_engine:btc_ptmc_accept,1.0000000000
METRIC,2026-04-12T23:27:03Z,190760164859935,3532,btc_qm_engine:btc_ptmc_rep_hot,6.0000000000
METRIC,2026-04-12T23:27:03Z,190760164884205,3532,btc_qm_engine:btc_ptmc_rep_cold,5.0000000000
METRIC,2026-04-12T23:27:03Z,190760164908645,3532,btc_qm_engine:btc_ptmc_accept,1.0000000000
METRIC,2026-04-12T23:27:03Z,190760164964665,3532,btc_qm_engine:btc_ptmc_rep_hot,7.0000000000
METRIC,2026-04-12T23:27:03Z,190760164999245,3532,btc_qm_engine:btc_ptmc_rep_cold,6.0000000000
METRIC,2026-04-12T23:27:03Z,190760165048575,3532,btc_qm_engine:btc_ptmc_accept,1.0000000000
METRIC,2026-04-12T23:27:03Z,190760264970078,3532,btc_qm_engine:btc_ptmc_rep_hot,1.0000000000
METRIC,2026-04-12T23:27:03Z,190760265063188,3532,btc_qm_engine:btc_ptmc_rep_cold,0.0000000000
METRIC,2026-04-12T23:27:03Z,190760265089988,3532,btc_qm_engine:btc_ptmc_accept,0.5135063048
METRIC,2026-04-12T23:27:03Z,190760265117388,3532,btc_qm_engine:btc_ptmc_rep_hot,2.0000000000
METRIC,2026-04-12T23:27:03Z,190760265142758,3532,btc_qm_engine:btc_ptmc_rep_cold,1.0000000000
METRIC,2026-04-12T23:27:03Z,190760265167558,3532,btc_qm_engine:btc_ptmc_accept,0.7164924961
METRIC,2026-04-12T23:27:03Z,190760265201028,3532,btc_qm_engine:btc_ptmc_rep_hot,3.0000000000
METRIC,2026-04-12T23:27:03Z,190760265226298,3532,btc_qm_engine:btc_ptmc_rep_cold,2.0000000000
METRIC,2026-04-12T23:27:03Z,190760265250568,3532,btc_qm_engine:btc_ptmc_accept,1.0000000000
METRIC,2026-04-12T23:27:03Z,190760265280908,3532,btc_qm_engine:btc_ptmc_rep_hot,4.0000000000
METRIC,2026-04-12T23:27:03Z,190760265306108,3532,btc_qm_engine:btc_ptmc_rep_cold,3.0000000000
METRIC,2026-04-12T23:27:03Z,190760265330328,3532,btc_qm_engine:btc_ptmc_accept,0.9048330071
METRIC,2026-04-12T23:27:03Z,190760265361378,3532,btc_qm_engine:btc_ptmc_rep_hot,5.0000000000
METRIC,2026-04-12T23:27:03Z,190760265419988,3532,btc_qm_engine:btc_ptmc_rep_cold,4.0000000000
METRIC,2026-04-12T23:27:03Z,190760265443528,3532,btc_qm_engine:btc_ptmc_accept,1.0000000000
METRIC,2026-04-12T23:27:03Z,190760265473948,3532,btc_qm_engine:btc_ptmc_rep_hot,6.0000000000
METRIC,2026-04-12T23:27:03Z,190760265500198,3532,btc_qm_engine:btc_ptmc_rep_cold,5.0000000000
METRIC,2026-04-12T23:27:03Z,190760265524928,3532,btc_qm_engine:btc_ptmc_accept,1.0000000000
METRIC,2026-04-12T23:27:03Z,190760265553048,3532,btc_qm_engine:btc_ptmc_rep_hot,7.0000000000
METRIC,2026-04-12T23:27:03Z,190760265577968,3532,btc_qm_engine:btc_ptmc_rep_cold,6.0000000000
METRIC,2026-04-12T23:27:03Z,190760265603058,3532,btc_qm_engine:btc_ptmc_accept,1.0000000000
METRIC,2026-04-12T23:27:03Z,190760371574501,3532,btc_qm_engine:btc_ptmc_rep_hot,1.0000000000
METRIC,2026-04-12T23:27:03Z,190760371638211,3532,btc_qm_engine:btc_ptmc_rep_cold,0.0000000000
METRIC,2026-04-12T23:27:03Z,190760371659061,3532,btc_qm_engine:btc_ptmc_accept,-0.5136174742
METRIC,2026-04-12T23:27:03Z,190760371683491,3532,btc_qm_engine:btc_ptmc_rep_hot,2.0000000000
METRIC,2026-04-12T23:27:03Z,190760371702601,3532,btc_qm_engine:btc_ptmc_rep_cold,1.0000000000
METRIC,2026-04-12T23:27:03Z,190760371735661,3532,btc_qm_engine:btc_ptmc_accept,0.5133923664
METRIC,2026-04-12T23:27:03Z,190760371769361,3532,btc_qm_engine:btc_ptmc_rep_hot,3.0000000000
METRIC,2026-04-12T23:27:03Z,190760371788271,3532,btc_qm_engine:btc_ptmc_rep_cold,2.0000000000
METRIC,2026-04-12T23:27:03Z,190760371806731,3532,btc_qm_engine:btc_ptmc_accept,1.0000000000
METRIC,2026-04-12T23:27:03Z,190760371832321,3532,btc_qm_engine:btc_ptmc_rep_hot,4.0000000000
METRIC,2026-04-12T23:27:03Z,190760371850931,3532,btc_qm_engine:btc_ptmc_rep_cold,3.0000000000
METRIC,2026-04-12T23:27:03Z,190760371878051,3532,btc_qm_engine:btc_ptmc_accept,1.0000000000
METRIC,2026-04-12T23:27:03Z,190760371903621,3532,btc_qm_engine:btc_ptmc_rep_hot,5.0000000000
METRIC,2026-04-12T23:27:03Z,190760371928961,3532,btc_qm_engine:btc_ptmc_rep_cold,4.0000000000
METRIC,2026-04-12T23:27:03Z,190760371954461,3532,btc_qm_engine:btc_ptmc_accept,0.8824954069
METRIC,2026-04-12T23:27:03Z,190760371978871,3532,btc_qm_engine:btc_ptmc_rep_hot,6.0000000000
METRIC,2026-04-12T23:27:03Z,190760372000081,3532,btc_qm_engine:btc_ptmc_rep_cold,5.0000000000
METRIC,2026-04-12T23:27:03Z,190760372074711,3532,btc_qm_engine:btc_ptmc_accept,0.9642893023
METRIC,2026-04-12T23:27:03Z,190760372098661,3532,btc_qm_engine:btc_ptmc_rep_hot,7.0000000000
METRIC,2026-04-12T23:27:03Z,190760372117411,3532,btc_qm_engine:btc_ptmc_rep_cold,6.0000000000
METRIC,2026-04-12T23:27:03Z,190760372135961,3532,btc_qm_engine:btc_ptmc_accept,1.0000000000
METRIC,2026-04-12T23:27:03Z,190760413435079,3532,btc_qm_engine:btc_hashrate_mhs,0.9880072264
METRIC,2026-04-12T23:27:03Z,190760413510339,3532,btc_qm_engine:btc_hashrate_thread_id,7.0000000000
METRIC,2026-04-12T23:27:03Z,190760418917028,3532,btc_qm_engine:btc_nx48_delta_nonce_old,2.6900550605
METRIC,2026-04-12T23:27:03Z,190760418969848,3532,btc_qm_engine:btc_nx48_delta_nonce_new,2.6591770872
METRIC,2026-04-12T23:27:03Z,190760418995718,3532,btc_qm_engine:btc_nx48_batch_old,4.0000000000
METRIC,2026-04-12T23:27:03Z,190760419031348,3532,btc_qm_engine:btc_nx48_batch_new,4.0000000000
METRIC,2026-04-12T23:27:03Z,190760419054588,3532,btc_qm_engine:btc_nx48_loss,0.6328859795
METRIC,2026-04-12T23:27:03Z,190760419089638,3532,btc_qm_engine:btc_nx48_grad_norm,0.6592953007
METRIC,2026-04-12T23:27:03Z,190760419123988,3532,btc_qm_engine:btc_nx48_update_count,50.0000000000
METRIC,2026-04-12T23:27:03Z,190760419147918,3532,btc_qm_engine:btc_nx48_exploration_bias,0.4668028900
METRIC,2026-04-12T23:27:03Z,190760419171768,3532,btc_qm_engine:btc_hashrate_mhs,0.9879959241
METRIC,2026-04-12T23:27:03Z,190760419195438,3532,btc_qm_engine:btc_hashrate_thread_id,0.0000000000
METRIC,2026-04-12T23:27:03Z,190760419517918,3532,btc_qm_engine:btc_hashrate_mhs,0.9880122937
METRIC,2026-04-12T23:27:03Z,190760419548878,3532,btc_qm_engine:btc_hashrate_thread_id,1.0000000000
METRIC,2026-04-12T23:27:03Z,190760419582338,3532,btc_qm_engine:btc_hashrate_mhs,0.9880514278
METRIC,2026-04-12T23:27:03Z,190760419624618,3532,btc_qm_engine:btc_hashrate_thread_id,5.0000000000
METRIC,2026-04-12T23:27:03Z,190760444476227,3532,btc_qm_engine:btc_hashrate_mhs,0.9877341636
METRIC,2026-04-12T23:27:03Z,190760444535047,3532,btc_qm_engine:btc_hashrate_thread_id,3.0000000000
METRIC,2026-04-12T23:27:03Z,190760446886687,3532,btc_qm_engine:btc_hashrate_mhs,0.9876820850
METRIC,2026-04-12T23:27:03Z,190760446930167,3532,btc_qm_engine:btc_hashrate_thread_id,6.0000000000
METRIC,2026-04-12T23:27:03Z,190760447478546,3532,btc_qm_engine:btc_hashrate_mhs,0.9876989273
METRIC,2026-04-12T23:27:03Z,190760447527916,3532,btc_qm_engine:btc_hashrate_thread_id,2.0000000000
METRIC,2026-04-12T23:27:03Z,190760448734606,3532,btc_qm_engine:btc_hashrate_mhs,0.9876906100
METRIC,2026-04-12T23:27:03Z,190760448779276,3532,btc_qm_engine:btc_hashrate_thread_id,4.0000000000
METRIC,2026-04-12T23:27:03Z,190760475178255,3532,btc_qm_engine:btc_ptmc_rep_hot,1.0000000000
METRIC,2026-04-12T23:27:03Z,190760475259615,3532,btc_qm_engine:btc_ptmc_rep_cold,0.0000000000
METRIC,2026-04-12T23:27:03Z,190760475285145,3532,btc_qm_engine:btc_ptmc_accept,0.5136669338
METRIC,2026-04-12T23:27:03Z,190760475310665,3532,btc_qm_engine:btc_ptmc_rep_hot,2.0000000000
METRIC,2026-04-12T23:27:03Z,190760475354315,3532,btc_qm_engine:btc_ptmc_rep_cold,1.0000000000
METRIC,2026-04-12T23:27:03Z,190760475378505,3532,btc_qm_engine:btc_ptmc_accept,-0.7165485813
METRIC,2026-04-12T23:27:03Z,190760475408355,3532,btc_qm_engine:btc_ptmc_rep_hot,3.0000000000
METRIC,2026-04-12T23:27:03Z,190760475430685,3532,btc_qm_engine:btc_ptmc_rep_cold,2.0000000000
METRIC,2026-04-12T23:27:03Z,190760475454285,3532,btc_qm_engine:btc_ptmc_accept,1.0000000000
METRIC,2026-04-12T23:27:03Z,190760475479305,3532,btc_qm_engine:btc_ptmc_rep_hot,4.0000000000
METRIC,2026-04-12T23:27:03Z,190760475502715,3532,btc_qm_engine:btc_ptmc_rep_cold,3.0000000000
METRIC,2026-04-12T23:27:03Z,190760475527215,3532,btc_qm_engine:btc_ptmc_accept,1.0000000000
METRIC,2026-04-12T23:27:03Z,190760475556765,3532,btc_qm_engine:btc_ptmc_rep_hot,5.0000000000
METRIC,2026-04-12T23:27:03Z,190760475581195,3532,btc_qm_engine:btc_ptmc_rep_cold,4.0000000000
METRIC,2026-04-12T23:27:03Z,190760475727485,3532,btc_qm_engine:btc_ptmc_accept,1.0000000000
METRIC,2026-04-12T23:27:03Z,190760475768465,3532,btc_qm_engine:btc_ptmc_rep_hot,6.0000000000
METRIC,2026-04-12T23:27:03Z,190760475793855,3532,btc_qm_engine:btc_ptmc_rep_cold,5.0000000000
METRIC,2026-04-12T23:27:03Z,190760475816815,3532,btc_qm_engine:btc_ptmc_accept,1.0000000000
METRIC,2026-04-12T23:27:03Z,190760475846685,3532,btc_qm_engine:btc_ptmc_rep_hot,7.0000000000
METRIC,2026-04-12T23:27:03Z,190760475870725,3532,btc_qm_engine:btc_ptmc_rep_cold,6.0000000000
METRIC,2026-04-12T23:27:03Z,190760475895475,3532,btc_qm_engine:btc_ptmc_accept,1.0000000000
METRIC,2026-04-12T23:27:03Z,190760575474398,3532,btc_qm_engine:btc_ptmc_rep_hot,1.0000000000
METRIC,2026-04-12T23:27:03Z,190760575546588,3532,btc_qm_engine:btc_ptmc_rep_cold,0.0000000000
METRIC,2026-04-12T23:27:03Z,190760575573518,3532,btc_qm_engine:btc_ptmc_accept,1.0000000000
METRIC,2026-04-12T23:27:03Z,190760575603968,3532,btc_qm_engine:btc_ptmc_rep_hot,2.0000000000
METRIC,2026-04-12T23:27:03Z,190760575628848,3532,btc_qm_engine:btc_ptmc_rep_cold,1.0000000000
METRIC,2026-04-12T23:27:03Z,190760575652168,3532,btc_qm_engine:btc_ptmc_accept,1.0000000000
METRIC,2026-04-12T23:27:03Z,190760575687238,3532,btc_qm_engine:btc_ptmc_rep_hot,3.0000000000
METRIC,2026-04-12T23:27:03Z,190760575713108,3532,btc_qm_engine:btc_ptmc_rep_cold,2.0000000000
METRIC,2026-04-12T23:27:03Z,190760575736308,3532,btc_qm_engine:btc_ptmc_accept,1.0000000000
METRIC,2026-04-12T23:27:03Z,190760575769718,3532,btc_qm_engine:btc_ptmc_rep_hot,4.0000000000
METRIC,2026-04-12T23:27:03Z,190760575795158,3532,btc_qm_engine:btc_ptmc_rep_cold,3.0000000000
METRIC,2026-04-12T23:27:03Z,190760575819538,3532,btc_qm_engine:btc_ptmc_accept,1.0000000000
METRIC,2026-04-12T23:27:03Z,190760575850608,3532,btc_qm_engine:btc_ptmc_rep_hot,5.0000000000
METRIC,2026-04-12T23:27:03Z,190760575875208,3532,btc_qm_engine:btc_ptmc_rep_cold,4.0000000000
METRIC,2026-04-12T23:27:03Z,190760575909958,3532,btc_qm_engine:btc_ptmc_accept,1.0000000000
METRIC,2026-04-12T23:27:03Z,190760575947058,3532,btc_qm_engine:btc_ptmc_rep_hot,6.0000000000
METRIC,2026-04-12T23:27:03Z,190760575971908,3532,btc_qm_engine:btc_ptmc_rep_cold,5.0000000000
METRIC,2026-04-12T23:27:03Z,190760576000678,3532,btc_qm_engine:btc_ptmc_accept,1.0000000000
METRIC,2026-04-12T23:27:03Z,190760576097838,3532,btc_qm_engine:btc_ptmc_rep_hot,7.0000000000
METRIC,2026-04-12T23:27:03Z,190760576135818,3532,btc_qm_engine:btc_ptmc_rep_cold,6.0000000000
METRIC,2026-04-12T23:27:03Z,190760576160198,3532,btc_qm_engine:btc_ptmc_accept,1.0000000000
METRIC,2026-04-12T23:27:04Z,190760677142152,3532,btc_qm_engine:btc_ptmc_rep_hot,1.0000000000
METRIC,2026-04-12T23:27:04Z,190760677221942,3532,btc_qm_engine:btc_ptmc_rep_cold,0.0000000000
METRIC,2026-04-12T23:27:04Z,190760677248242,3532,btc_qm_engine:btc_ptmc_accept,1.0000000000
METRIC,2026-04-12T23:27:04Z,190760677280712,3532,btc_qm_engine:btc_ptmc_rep_hot,2.0000000000
METRIC,2026-04-12T23:27:04Z,190760677305732,3532,btc_qm_engine:btc_ptmc_rep_cold,1.0000000000
METRIC,2026-04-12T23:27:04Z,190760677330562,3532,btc_qm_engine:btc_ptmc_accept,1.0000000000
METRIC,2026-04-12T23:27:04Z,190760677390712,3532,btc_qm_engine:btc_ptmc_rep_hot,3.0000000000
METRIC,2026-04-12T23:27:04Z,190760677415262,3532,btc_qm_engine:btc_ptmc_rep_cold,2.0000000000
METRIC,2026-04-12T23:27:04Z,190760677439942,3532,btc_qm_engine:btc_ptmc_accept,1.0000000000
METRIC,2026-04-12T23:27:04Z,190760677464872,3532,btc_qm_engine:btc_ptmc_rep_hot,4.0000000000
METRIC,2026-04-12T23:27:04Z,190760677489002,3532,btc_qm_engine:btc_ptmc_rep_cold,3.0000000000
METRIC,2026-04-12T23:27:04Z,190760677512922,3532,btc_qm_engine:btc_ptmc_accept,1.0000000000
METRIC,2026-04-12T23:27:04Z,190760677537312,3532,btc_qm_engine:btc_ptmc_rep_hot,5.0000000000
METRIC,2026-04-12T23:27:04Z,190760677561782,3532,btc_qm_engine:btc_ptmc_rep_cold,4.0000000000
METRIC,2026-04-12T23:27:04Z,190760677585122,3532,btc_qm_engine:btc_ptmc_accept,1.0000000000
METRIC,2026-04-12T23:27:04Z,190760677607952,3532,btc_qm_engine:btc_ptmc_rep_hot,6.0000000000
METRIC,2026-04-12T23:27:04Z,190760677633262,3532,btc_qm_engine:btc_ptmc_rep_cold,5.0000000000
METRIC,2026-04-12T23:27:04Z,190760677657352,3532,btc_qm_engine:btc_ptmc_accept,1.0000000000
METRIC,2026-04-12T23:27:04Z,190760677686302,3532,btc_qm_engine:btc_ptmc_rep_hot,7.0000000000
METRIC,2026-04-12T23:27:04Z,190760677712012,3532,btc_qm_engine:btc_ptmc_rep_cold,6.0000000000
METRIC,2026-04-12T23:27:04Z,190760677737112,3532,btc_qm_engine:btc_ptmc_accept,1.0000000000
METRIC,2026-04-12T23:27:04Z,190760783149345,3532,btc_qm_engine:btc_ptmc_rep_hot,1.0000000000
METRIC,2026-04-12T23:27:04Z,190760783216665,3532,btc_qm_engine:btc_ptmc_rep_cold,0.0000000000
METRIC,2026-04-12T23:27:04Z,190760783237665,3532,btc_qm_engine:btc_ptmc_accept,1.0000000000
METRIC,2026-04-12T23:27:04Z,190760783257115,3532,btc_qm_engine:btc_ptmc_rep_hot,2.0000000000
METRIC,2026-04-12T23:27:04Z,190760783276205,3532,btc_qm_engine:btc_ptmc_rep_cold,1.0000000000
METRIC,2026-04-12T23:27:04Z,190760783294935,3532,btc_qm_engine:btc_ptmc_accept,1.0000000000
METRIC,2026-04-12T23:27:04Z,190760783322005,3532,btc_qm_engine:btc_ptmc_rep_hot,3.0000000000
METRIC,2026-04-12T23:27:04Z,190760783347495,3532,btc_qm_engine:btc_ptmc_rep_cold,2.0000000000
METRIC,2026-04-12T23:27:04Z,190760783374605,3532,btc_qm_engine:btc_ptmc_accept,1.0000000000
METRIC,2026-04-12T23:27:04Z,190760783410355,3532,btc_qm_engine:btc_ptmc_rep_hot,4.0000000000
METRIC,2026-04-12T23:27:04Z,190760783431885,3532,btc_qm_engine:btc_ptmc_rep_cold,3.0000000000
METRIC,2026-04-12T23:27:04Z,190760783450795,3532,btc_qm_engine:btc_ptmc_accept,1.0000000000
METRIC,2026-04-12T23:27:04Z,190760783473255,3532,btc_qm_engine:btc_ptmc_rep_hot,5.0000000000
METRIC,2026-04-12T23:27:04Z,190760783498415,3532,btc_qm_engine:btc_ptmc_rep_cold,4.0000000000
METRIC,2026-04-12T23:27:04Z,190760783520115,3532,btc_qm_engine:btc_ptmc_accept,1.0000000000
METRIC,2026-04-12T23:27:04Z,190760783539095,3532,btc_qm_engine:btc_ptmc_rep_hot,6.0000000000
METRIC,2026-04-12T23:27:04Z,190760783561015,3532,btc_qm_engine:btc_ptmc_rep_cold,5.0000000000
METRIC,2026-04-12T23:27:04Z,190760783586065,3532,btc_qm_engine:btc_ptmc_accept,1.0000000000
METRIC,2026-04-12T23:27:04Z,190760783611715,3532,btc_qm_engine:btc_ptmc_rep_hot,7.0000000000
METRIC,2026-04-12T23:27:04Z,190760783630265,3532,btc_qm_engine:btc_ptmc_rep_cold,6.0000000000
METRIC,2026-04-12T23:27:04Z,190760783652905,3532,btc_qm_engine:btc_ptmc_accept,1.0000000000
METRIC,2026-04-12T23:27:04Z,190760887957648,3532,btc_qm_engine:btc_ptmc_rep_hot,1.0000000000
METRIC,2026-04-12T23:27:04Z,190760888087028,3532,btc_qm_engine:btc_ptmc_rep_cold,0.0000000000
METRIC,2026-04-12T23:27:04Z,190760888113428,3532,btc_qm_engine:btc_ptmc_accept,1.0000000000
METRIC,2026-04-12T23:27:04Z,190760888138168,3532,btc_qm_engine:btc_ptmc_rep_hot,2.0000000000
METRIC,2026-04-12T23:27:04Z,190760888157168,3532,btc_qm_engine:btc_ptmc_rep_cold,1.0000000000
METRIC,2026-04-12T23:27:04Z,190760888175878,3532,btc_qm_engine:btc_ptmc_accept,0.7165001846
METRIC,2026-04-12T23:27:04Z,190760888196158,3532,btc_qm_engine:btc_ptmc_rep_hot,3.0000000000
METRIC,2026-04-12T23:27:04Z,190760888215038,3532,btc_qm_engine:btc_ptmc_rep_cold,2.0000000000
METRIC,2026-04-12T23:27:04Z,190760888266718,3532,btc_qm_engine:btc_ptmc_accept,1.0000000000
METRIC,2026-04-12T23:27:04Z,190760888285908,3532,btc_qm_engine:btc_ptmc_rep_hot,4.0000000000
METRIC,2026-04-12T23:27:04Z,190760888304618,3532,btc_qm_engine:btc_ptmc_rep_cold,3.0000000000
METRIC,2026-04-12T23:27:04Z,190760888323358,3532,btc_qm_engine:btc_ptmc_accept,1.0000000000
METRIC,2026-04-12T23:27:04Z,190760888345408,3532,btc_qm_engine:btc_ptmc_rep_hot,5.0000000000
METRIC,2026-04-12T23:27:04Z,190760888369868,3532,btc_qm_engine:btc_ptmc_rep_cold,4.0000000000
METRIC,2026-04-12T23:27:04Z,190760888393558,3532,btc_qm_engine:btc_ptmc_accept,1.0000000000
METRIC,2026-04-12T23:27:04Z,190760888429948,3532,btc_qm_engine:btc_ptmc_rep_hot,6.0000000000
METRIC,2026-04-12T23:27:04Z,190760888454648,3532,btc_qm_engine:btc_ptmc_rep_cold,5.0000000000
METRIC,2026-04-12T23:27:04Z,190760888479208,3532,btc_qm_engine:btc_ptmc_accept,0.9642890805
METRIC,2026-04-12T23:27:04Z,190760888510258,3532,btc_qm_engine:btc_ptmc_rep_hot,7.0000000000
METRIC,2026-04-12T23:27:04Z,190760888534878,3532,btc_qm_engine:btc_ptmc_rep_cold,6.0000000000
METRIC,2026-04-12T23:27:04Z,190760888566658,3532,btc_qm_engine:btc_ptmc_accept,1.0000000000
METRIC,2026-04-12T23:27:04Z,190760994334531,3532,btc_qm_engine:btc_ptmc_rep_hot,1.0000000000
METRIC,2026-04-12T23:27:04Z,190760994422321,3532,btc_qm_engine:btc_ptmc_rep_cold,0.0000000000
METRIC,2026-04-12T23:27:04Z,190760994448531,3532,btc_qm_engine:btc_ptmc_accept,1.0000000000
METRIC,2026-04-12T23:27:04Z,190760994477891,3532,btc_qm_engine:btc_ptmc_rep_hot,2.0000000000
METRIC,2026-04-12T23:27:04Z,190760994502291,3532,btc_qm_engine:btc_ptmc_rep_cold,1.0000000000
METRIC,2026-04-12T23:27:04Z,190760994526541,3532,btc_qm_engine:btc_ptmc_accept,1.0000000000
METRIC,2026-04-12T23:27:04Z,190760994557101,3532,btc_qm_engine:btc_ptmc_rep_hot,3.0000000000
METRIC,2026-04-12T23:27:04Z,190760994581501,3532,btc_qm_engine:btc_ptmc_rep_cold,2.0000000000
METRIC,2026-04-12T23:27:04Z,190760994606041,3532,btc_qm_engine:btc_ptmc_accept,1.0000000000
METRIC,2026-04-12T23:27:04Z,190760994637851,3532,btc_qm_engine:btc_ptmc_rep_hot,4.0000000000
METRIC,2026-04-12T23:27:04Z,190760994662661,3532,btc_qm_engine:btc_ptmc_rep_cold,3.0000000000
METRIC,2026-04-12T23:27:04Z,190760994687141,3532,btc_qm_engine:btc_ptmc_accept,1.0000000000
METRIC,2026-04-12T23:27:04Z,190760994721631,3532,btc_qm_engine:btc_ptmc_rep_hot,5.0000000000
METRIC,2026-04-12T23:27:04Z,190760994751241,3532,btc_qm_engine:btc_ptmc_rep_cold,4.0000000000
METRIC,2026-04-12T23:27:04Z,190760994775641,3532,btc_qm_engine:btc_ptmc_accept,1.0000000000
METRIC,2026-04-12T23:27:04Z,190760994809671,3532,btc_qm_engine:btc_ptmc_rep_hot,6.0000000000
METRIC,2026-04-12T23:27:04Z,190760994833841,3532,btc_qm_engine:btc_ptmc_rep_cold,5.0000000000
METRIC,2026-04-12T23:27:04Z,190760994858391,3532,btc_qm_engine:btc_ptmc_accept,1.0000000000
METRIC,2026-04-12T23:27:04Z,190760994889561,3532,btc_qm_engine:btc_ptmc_rep_hot,7.0000000000
METRIC,2026-04-12T23:27:04Z,190760994914891,3532,btc_qm_engine:btc_ptmc_rep_cold,6.0000000000
METRIC,2026-04-12T23:27:04Z,190760994939031,3532,btc_qm_engine:btc_ptmc_accept,1.0000000000
METRIC,2026-04-12T23:27:04Z,190761095810915,3532,btc_qm_engine:btc_ptmc_rep_hot,1.0000000000
METRIC,2026-04-12T23:27:04Z,190761095883235,3532,btc_qm_engine:btc_ptmc_rep_cold,0.0000000000
METRIC,2026-04-12T23:27:04Z,190761095909165,3532,btc_qm_engine:btc_ptmc_accept,1.0000000000
METRIC,2026-04-12T23:27:04Z,190761095940625,3532,btc_qm_engine:btc_ptmc_rep_hot,2.0000000000
METRIC,2026-04-12T23:27:04Z,190761095965225,3532,btc_qm_engine:btc_ptmc_rep_cold,1.0000000000
METRIC,2026-04-12T23:27:04Z,190761095989245,3532,btc_qm_engine:btc_ptmc_accept,1.0000000000
METRIC,2026-04-12T23:27:04Z,190761096038695,3532,btc_qm_engine:btc_ptmc_rep_hot,3.0000000000
METRIC,2026-04-12T23:27:04Z,190761096063265,3532,btc_qm_engine:btc_ptmc_rep_cold,2.0000000000
METRIC,2026-04-12T23:27:04Z,190761096086825,3532,btc_qm_engine:btc_ptmc_accept,1.0000000000
METRIC,2026-04-12T23:27:04Z,190761096118075,3532,btc_qm_engine:btc_ptmc_rep_hot,4.0000000000
METRIC,2026-04-12T23:27:04Z,190761096170765,3532,btc_qm_engine:btc_ptmc_rep_cold,3.0000000000
METRIC,2026-04-12T23:27:04Z,190761096196125,3532,btc_qm_engine:btc_ptmc_accept,1.0000000000
METRIC,2026-04-12T23:27:04Z,190761096226575,3532,btc_qm_engine:btc_ptmc_rep_hot,5.0000000000
METRIC,2026-04-12T23:27:04Z,190761096258705,3532,btc_qm_engine:btc_ptmc_rep_cold,4.0000000000
METRIC,2026-04-12T23:27:04Z,190761096286335,3532,btc_qm_engine:btc_ptmc_accept,1.0000000000
METRIC,2026-04-12T23:27:04Z,190761096318085,3532,btc_qm_engine:btc_ptmc_rep_hot,6.0000000000
METRIC,2026-04-12T23:27:04Z,190761096342615,3532,btc_qm_engine:btc_ptmc_rep_cold,5.0000000000
METRIC,2026-04-12T23:27:04Z,190761096367065,3532,btc_qm_engine:btc_ptmc_accept,1.0000000000
METRIC,2026-04-12T23:27:04Z,190761096402545,3532,btc_qm_engine:btc_ptmc_rep_hot,7.0000000000
METRIC,2026-04-12T23:27:04Z,190761096427245,3532,btc_qm_engine:btc_ptmc_rep_cold,6.0000000000
METRIC,2026-04-12T23:27:04Z,190761096451645,3532,btc_qm_engine:btc_ptmc_accept,1.0000000000
METRIC,2026-04-12T23:27:04Z,190761202629678,3532,btc_qm_engine:btc_ptmc_rep_hot,1.0000000000
METRIC,2026-04-12T23:27:04Z,190761202715218,3532,btc_qm_engine:btc_ptmc_rep_cold,0.0000000000
METRIC,2026-04-12T23:27:04Z,190761202741388,3532,btc_qm_engine:btc_ptmc_accept,-0.2638537189
METRIC,2026-04-12T23:27:04Z,190761202772748,3532,btc_qm_engine:btc_ptmc_rep_hot,2.0000000000
METRIC,2026-04-12T23:27:04Z,190761202799558,3532,btc_qm_engine:btc_ptmc_rep_cold,1.0000000000
METRIC,2026-04-12T23:27:04Z,190761202823728,3532,btc_qm_engine:btc_ptmc_accept,1.0000000000
METRIC,2026-04-12T23:27:04Z,190761202854828,3532,btc_qm_engine:btc_ptmc_rep_hot,3.0000000000
METRIC,2026-04-12T23:27:04Z,190761202880248,3532,btc_qm_engine:btc_ptmc_rep_cold,2.0000000000
METRIC,2026-04-12T23:27:04Z,190761202904828,3532,btc_qm_engine:btc_ptmc_accept,1.0000000000
METRIC,2026-04-12T23:27:04Z,190761202931148,3532,btc_qm_engine:btc_ptmc_rep_hot,4.0000000000
METRIC,2026-04-12T23:27:04Z,190761202953508,3532,btc_qm_engine:btc_ptmc_rep_cold,3.0000000000
METRIC,2026-04-12T23:27:04Z,190761202978528,3532,btc_qm_engine:btc_ptmc_accept,1.0000000000
METRIC,2026-04-12T23:27:04Z,190761203017858,3532,btc_qm_engine:btc_ptmc_rep_hot,5.0000000000
METRIC,2026-04-12T23:27:04Z,190761203052818,3532,btc_qm_engine:btc_ptmc_rep_cold,4.0000000000
METRIC,2026-04-12T23:27:04Z,190761203087158,3532,btc_qm_engine:btc_ptmc_accept,1.0000000000
METRIC,2026-04-12T23:27:04Z,190761203119008,3532,btc_qm_engine:btc_ptmc_rep_hot,6.0000000000
METRIC,2026-04-12T23:27:04Z,190761203142498,3532,btc_qm_engine:btc_ptmc_rep_cold,5.0000000000
METRIC,2026-04-12T23:27:04Z,190761203165868,3532,btc_qm_engine:btc_ptmc_accept,1.0000000000
METRIC,2026-04-12T23:27:04Z,190761203194798,3532,btc_qm_engine:btc_ptmc_rep_hot,7.0000000000
METRIC,2026-04-12T23:27:04Z,190761203218428,3532,btc_qm_engine:btc_ptmc_rep_cold,6.0000000000
METRIC,2026-04-12T23:27:04Z,190761203241548,3532,btc_qm_engine:btc_ptmc_accept,1.0000000000
METRIC,2026-04-12T23:27:04Z,190761303842412,3532,btc_qm_engine:btc_ptmc_rep_hot,1.0000000000
METRIC,2026-04-12T23:27:04Z,190761303961672,3532,btc_qm_engine:btc_ptmc_rep_cold,0.0000000000
METRIC,2026-04-12T23:27:04Z,190761303988682,3532,btc_qm_engine:btc_ptmc_accept,1.0000000000
METRIC,2026-04-12T23:27:04Z,190761304196062,3532,btc_qm_engine:btc_ptmc_rep_hot,2.0000000000
METRIC,2026-04-12T23:27:04Z,190761304224562,3532,btc_qm_engine:btc_ptmc_rep_cold,1.0000000000
METRIC,2026-04-12T23:27:04Z,190761304248442,3532,btc_qm_engine:btc_ptmc_accept,1.0000000000
METRIC,2026-04-12T23:27:04Z,190761304398512,3532,btc_qm_engine:btc_ptmc_rep_hot,3.0000000000
METRIC,2026-04-12T23:27:04Z,190761304535742,3532,btc_qm_engine:btc_ptmc_rep_cold,2.0000000000
METRIC,2026-04-12T23:27:04Z,190761304559372,3532,btc_qm_engine:btc_ptmc_accept,1.0000000000
METRIC,2026-04-12T23:27:04Z,190761304581252,3532,btc_qm_engine:btc_ptmc_rep_hot,4.0000000000
METRIC,2026-04-12T23:27:04Z,190761304705152,3532,btc_qm_engine:btc_ptmc_rep_cold,3.0000000000
METRIC,2026-04-12T23:27:04Z,190761304727902,3532,btc_qm_engine:btc_ptmc_accept,1.0000000000
METRIC,2026-04-12T23:27:04Z,190761304904302,3532,btc_qm_engine:btc_ptmc_rep_hot,5.0000000000
METRIC,2026-04-12T23:27:04Z,190761304926472,3532,btc_qm_engine:btc_ptmc_rep_cold,4.0000000000
METRIC,2026-04-12T23:27:04Z,190761304947752,3532,btc_qm_engine:btc_ptmc_accept,1.0000000000
METRIC,2026-04-12T23:27:04Z,190761304975122,3532,btc_qm_engine:btc_ptmc_rep_hot,6.0000000000
METRIC,2026-04-12T23:27:04Z,190761304997192,3532,btc_qm_engine:btc_ptmc_rep_cold,5.0000000000
METRIC,2026-04-12T23:27:04Z,190761305048461,3532,btc_qm_engine:btc_ptmc_accept,1.0000000000
METRIC,2026-04-12T23:27:04Z,190761305111751,3532,btc_qm_engine:btc_ptmc_rep_hot,7.0000000000
METRIC,2026-04-12T23:27:04Z,190761305144461,3532,btc_qm_engine:btc_ptmc_rep_cold,6.0000000000
METRIC,2026-04-12T23:27:04Z,190761305165711,3532,btc_qm_engine:btc_ptmc_accept,1.0000000000
METRIC,2026-04-12T23:27:04Z,190761404227725,3532,btc_qm_engine:btc_ptmc_rep_hot,1.0000000000
METRIC,2026-04-12T23:27:04Z,190761404309495,3532,btc_qm_engine:btc_ptmc_rep_cold,0.0000000000
METRIC,2026-04-12T23:27:04Z,190761404333725,3532,btc_qm_engine:btc_ptmc_accept,1.0000000000
METRIC,2026-04-12T23:27:04Z,190761404367255,3532,btc_qm_engine:btc_ptmc_rep_hot,2.0000000000
METRIC,2026-04-12T23:27:04Z,190761404389845,3532,btc_qm_engine:btc_ptmc_rep_cold,1.0000000000
METRIC,2026-04-12T23:27:04Z,190761404411875,3532,btc_qm_engine:btc_ptmc_accept,1.0000000000
METRIC,2026-04-12T23:27:04Z,190761404457495,3532,btc_qm_engine:btc_ptmc_rep_hot,3.0000000000
METRIC,2026-04-12T23:27:04Z,190761404482715,3532,btc_qm_engine:btc_ptmc_rep_cold,2.0000000000
METRIC,2026-04-12T23:27:04Z,190761404507575,3532,btc_qm_engine:btc_ptmc_accept,1.0000000000
METRIC,2026-04-12T23:27:04Z,190761404530485,3532,btc_qm_engine:btc_ptmc_rep_hot,4.0000000000
METRIC,2026-04-12T23:27:04Z,190761404552325,3532,btc_qm_engine:btc_ptmc_rep_cold,3.0000000000
METRIC,2026-04-12T23:27:04Z,190761404575355,3532,btc_qm_engine:btc_ptmc_accept,1.0000000000
METRIC,2026-04-12T23:27:04Z,190761404600675,3532,btc_qm_engine:btc_ptmc_rep_hot,5.0000000000
METRIC,2026-04-12T23:27:04Z,190761404622205,3532,btc_qm_engine:btc_ptmc_rep_cold,4.0000000000
METRIC,2026-04-12T23:27:04Z,190761404644235,3532,btc_qm_engine:btc_ptmc_accept,1.0000000000
METRIC,2026-04-12T23:27:04Z,190761404671195,3532,btc_qm_engine:btc_ptmc_rep_hot,6.0000000000
METRIC,2026-04-12T23:27:04Z,190761404693305,3532,btc_qm_engine:btc_ptmc_rep_cold,5.0000000000
METRIC,2026-04-12T23:27:04Z,190761404715305,3532,btc_qm_engine:btc_ptmc_accept,1.0000000000
METRIC,2026-04-12T23:27:04Z,190761404755665,3532,btc_qm_engine:btc_ptmc_rep_hot,7.0000000000
METRIC,2026-04-12T23:27:04Z,190761404791285,3532,btc_qm_engine:btc_ptmc_rep_cold,6.0000000000
METRIC,2026-04-12T23:27:04Z,190761406730125,3532,btc_qm_engine:btc_ptmc_accept,1.0000000000
METRIC,2026-04-12T23:27:04Z,190761508311798,3532,btc_qm_engine:btc_ptmc_rep_hot,1.0000000000
METRIC,2026-04-12T23:27:04Z,190761508388148,3532,btc_qm_engine:btc_ptmc_rep_cold,0.0000000000
METRIC,2026-04-12T23:27:04Z,190761508414088,3532,btc_qm_engine:btc_ptmc_accept,1.0000000000
METRIC,2026-04-12T23:27:04Z,190761508438808,3532,btc_qm_engine:btc_ptmc_rep_hot,2.0000000000
METRIC,2026-04-12T23:27:04Z,190761508462968,3532,btc_qm_engine:btc_ptmc_rep_cold,1.0000000000
METRIC,2026-04-12T23:27:04Z,190761508487118,3532,btc_qm_engine:btc_ptmc_accept,1.0000000000
METRIC,2026-04-12T23:27:04Z,190761508549328,3532,btc_qm_engine:btc_ptmc_rep_hot,3.0000000000
METRIC,2026-04-12T23:27:04Z,190761508573528,3532,btc_qm_engine:btc_ptmc_rep_cold,2.0000000000
METRIC,2026-04-12T23:27:04Z,190761508597478,3532,btc_qm_engine:btc_ptmc_accept,1.0000000000
METRIC,2026-04-12T23:27:04Z,190761508633818,3532,btc_qm_engine:btc_ptmc_rep_hot,4.0000000000
METRIC,2026-04-12T23:27:04Z,190761508657918,3532,btc_qm_engine:btc_ptmc_rep_cold,3.0000000000
METRIC,2026-04-12T23:27:04Z,190761508681918,3532,btc_qm_engine:btc_ptmc_accept,1.0000000000
METRIC,2026-04-12T23:27:04Z,190761508715198,3532,btc_qm_engine:btc_ptmc_rep_hot,5.0000000000
METRIC,2026-04-12T23:27:04Z,190761508739488,3532,btc_qm_engine:btc_ptmc_rep_cold,4.0000000000
METRIC,2026-04-12T23:27:04Z,190761508768278,3532,btc_qm_engine:btc_ptmc_accept,1.0000000000
METRIC,2026-04-12T23:27:04Z,190761508800378,3532,btc_qm_engine:btc_ptmc_rep_hot,6.0000000000
METRIC,2026-04-12T23:27:04Z,190761508824498,3532,btc_qm_engine:btc_ptmc_rep_cold,5.0000000000
METRIC,2026-04-12T23:27:04Z,190761508848758,3532,btc_qm_engine:btc_ptmc_accept,1.0000000000
METRIC,2026-04-12T23:27:04Z,190761508879228,3532,btc_qm_engine:btc_ptmc_rep_hot,7.0000000000
METRIC,2026-04-12T23:27:04Z,190761508903318,3532,btc_qm_engine:btc_ptmc_rep_cold,6.0000000000
METRIC,2026-04-12T23:27:04Z,190761508927388,3532,btc_qm_engine:btc_ptmc_accept,1.0000000000
METRIC,2026-04-12T23:27:04Z,190761610882972,3532,btc_qm_engine:btc_ptmc_rep_hot,1.0000000000
METRIC,2026-04-12T23:27:04Z,190761610955122,3532,btc_qm_engine:btc_ptmc_rep_cold,0.0000000000
METRIC,2026-04-12T23:27:04Z,190761610982432,3532,btc_qm_engine:btc_ptmc_accept,0.1353352832
METRIC,2026-04-12T23:27:04Z,190761611071712,3532,btc_qm_engine:btc_ptmc_rep_hot,2.0000000000
METRIC,2026-04-12T23:27:04Z,190761611096232,3532,btc_qm_engine:btc_ptmc_rep_cold,1.0000000000
METRIC,2026-04-12T23:27:04Z,190761611121372,3532,btc_qm_engine:btc_ptmc_accept,-0.3678315014
METRIC,2026-04-12T23:27:04Z,190761611157952,3532,btc_qm_engine:btc_ptmc_rep_hot,3.0000000000
METRIC,2026-04-12T23:27:04Z,190761611180692,3532,btc_qm_engine:btc_ptmc_rep_cold,2.0000000000
METRIC,2026-04-12T23:27:04Z,190761611205772,3532,btc_qm_engine:btc_ptmc_accept,1.0000000000
METRIC,2026-04-12T23:27:04Z,190761611239032,3532,btc_qm_engine:btc_ptmc_rep_hot,4.0000000000
METRIC,2026-04-12T23:27:04Z,190761611261302,3532,btc_qm_engine:btc_ptmc_rep_cold,3.0000000000
METRIC,2026-04-12T23:27:04Z,190761611286862,3532,btc_qm_engine:btc_ptmc_accept,1.0000000000
METRIC,2026-04-12T23:27:04Z,190761611324792,3532,btc_qm_engine:btc_ptmc_rep_hot,5.0000000000
METRIC,2026-04-12T23:27:04Z,190761611352842,3532,btc_qm_engine:btc_ptmc_rep_cold,4.0000000000
METRIC,2026-04-12T23:27:04Z,190761611374512,3532,btc_qm_engine:btc_ptmc_accept,1.0000000000
METRIC,2026-04-12T23:27:04Z,190761611399512,3532,btc_qm_engine:btc_ptmc_rep_hot,6.0000000000
METRIC,2026-04-12T23:27:04Z,190761611422612,3532,btc_qm_engine:btc_ptmc_rep_cold,5.0000000000
METRIC,2026-04-12T23:27:04Z,190761611445202,3532,btc_qm_engine:btc_ptmc_accept,1.0000000000
METRIC,2026-04-12T23:27:04Z,190761611527942,3532,btc_qm_engine:btc_ptmc_rep_hot,7.0000000000
METRIC,2026-04-12T23:27:04Z,190761611560632,3532,btc_qm_engine:btc_ptmc_rep_cold,6.0000000000
METRIC,2026-04-12T23:27:04Z,190761611583962,3532,btc_qm_engine:btc_ptmc_accept,0.9101748885
METRIC,2026-04-12T23:27:05Z,190761718292495,3532,btc_qm_engine:btc_ptmc_rep_hot,1.0000000000
METRIC,2026-04-12T23:27:05Z,190761718376055,3532,btc_qm_engine:btc_ptmc_rep_cold,0.0000000000
METRIC,2026-04-12T23:27:05Z,190761718401635,3532,btc_qm_engine:btc_ptmc_accept,-0.1354058228
METRIC,2026-04-12T23:27:05Z,190761718426465,3532,btc_qm_engine:btc_ptmc_rep_hot,2.0000000000
METRIC,2026-04-12T23:27:05Z,190761718450005,3532,btc_qm_engine:btc_ptmc_rep_cold,1.0000000000
METRIC,2026-04-12T23:27:05Z,190761718474275,3532,btc_qm_engine:btc_ptmc_accept,1.0000000000
METRIC,2026-04-12T23:27:05Z,190761718497345,3532,btc_qm_engine:btc_ptmc_rep_hot,3.0000000000
METRIC,2026-04-12T23:27:05Z,190761718521095,3532,btc_qm_engine:btc_ptmc_rep_cold,2.0000000000
METRIC,2026-04-12T23:27:05Z,190761718545935,3532,btc_qm_engine:btc_ptmc_accept,1.0000000000
METRIC,2026-04-12T23:27:05Z,190761718838695,3532,btc_qm_engine:btc_ptmc_rep_hot,4.0000000000
METRIC,2026-04-12T23:27:05Z,190761718866915,3532,btc_qm_engine:btc_ptmc_rep_cold,3.0000000000
METRIC,2026-04-12T23:27:05Z,190761718892055,3532,btc_qm_engine:btc_ptmc_accept,1.0000000000
METRIC,2026-04-12T23:27:05Z,190761718920465,3532,btc_qm_engine:btc_ptmc_rep_hot,5.0000000000
METRIC,2026-04-12T23:27:05Z,190761718945445,3532,btc_qm_engine:btc_ptmc_rep_cold,4.0000000000
METRIC,2026-04-12T23:27:05Z,190761718971415,3532,btc_qm_engine:btc_ptmc_accept,1.0000000000
METRIC,2026-04-12T23:27:05Z,190761719018855,3532,btc_qm_engine:btc_ptmc_rep_hot,6.0000000000
METRIC,2026-04-12T23:27:05Z,190761719045385,3532,btc_qm_engine:btc_ptmc_rep_cold,5.0000000000
METRIC,2026-04-12T23:27:05Z,190761719069665,3532,btc_qm_engine:btc_ptmc_accept,1.0000000000
METRIC,2026-04-12T23:27:05Z,190761719108725,3532,btc_qm_engine:btc_ptmc_rep_hot,7.0000000000
METRIC,2026-04-12T23:27:05Z,190761719135155,3532,btc_qm_engine:btc_ptmc_rep_cold,6.0000000000
METRIC,2026-04-12T23:27:05Z,190761719160755,3532,btc_qm_engine:btc_ptmc_accept,1.0000000000
METRIC,2026-04-12T23:27:05Z,190761823877048,3532,btc_qm_engine:btc_ptmc_rep_hot,1.0000000000
METRIC,2026-04-12T23:27:05Z,190761823951558,3532,btc_qm_engine:btc_ptmc_rep_cold,0.0000000000
METRIC,2026-04-12T23:27:05Z,190761823977758,3532,btc_qm_engine:btc_ptmc_accept,1.0000000000
METRIC,2026-04-12T23:27:05Z,190761824018138,3532,btc_qm_engine:btc_ptmc_rep_hot,2.0000000000
METRIC,2026-04-12T23:27:05Z,190761824042188,3532,btc_qm_engine:btc_ptmc_rep_cold,1.0000000000
METRIC,2026-04-12T23:27:05Z,190761824077398,3532,btc_qm_engine:btc_ptmc_accept,0.7165140378
METRIC,2026-04-12T23:27:05Z,190761824118918,3532,btc_qm_engine:btc_ptmc_rep_hot,3.0000000000
METRIC,2026-04-12T23:27:05Z,190761824143828,3532,btc_qm_engine:btc_ptmc_rep_cold,2.0000000000
METRIC,2026-04-12T23:27:05Z,190761824167958,3532,btc_qm_engine:btc_ptmc_accept,1.0000000000
METRIC,2026-04-12T23:27:05Z,190761824206498,3532,btc_qm_engine:btc_ptmc_rep_hot,4.0000000000
METRIC,2026-04-12T23:27:05Z,190761824231048,3532,btc_qm_engine:btc_ptmc_rep_cold,3.0000000000
METRIC,2026-04-12T23:27:05Z,190761824255228,3532,btc_qm_engine:btc_ptmc_accept,1.0000000000
METRIC,2026-04-12T23:27:05Z,190761824286448,3532,btc_qm_engine:btc_ptmc_rep_hot,5.0000000000
METRIC,2026-04-12T23:27:05Z,190761824310738,3532,btc_qm_engine:btc_ptmc_rep_cold,4.0000000000
METRIC,2026-04-12T23:27:05Z,190761824334808,3532,btc_qm_engine:btc_ptmc_accept,1.0000000000
METRIC,2026-04-12T23:27:05Z,190761824361968,3532,btc_qm_engine:btc_ptmc_rep_hot,6.0000000000
METRIC,2026-04-12T23:27:05Z,190761824386588,3532,btc_qm_engine:btc_ptmc_rep_cold,5.0000000000
METRIC,2026-04-12T23:27:05Z,190761824411188,3532,btc_qm_engine:btc_ptmc_accept,1.0000000000
METRIC,2026-04-12T23:27:05Z,190761824438408,3532,btc_qm_engine:btc_ptmc_rep_hot,7.0000000000
METRIC,2026-04-12T23:27:05Z,190761824462488,3532,btc_qm_engine:btc_ptmc_rep_cold,6.0000000000
METRIC,2026-04-12T23:27:05Z,190761824486718,3532,btc_qm_engine:btc_ptmc_accept,1.0000000000
METRIC,2026-04-12T23:27:05Z,190761942623871,3532,btc_qm_engine:btc_ptmc_rep_hot,1.0000000000
METRIC,2026-04-12T23:27:05Z,190761942694051,3532,btc_qm_engine:btc_ptmc_rep_cold,0.0000000000
METRIC,2026-04-12T23:27:05Z,190761942715351,3532,btc_qm_engine:btc_ptmc_accept,1.0000000000
METRIC,2026-04-12T23:27:05Z,190761942742241,3532,btc_qm_engine:btc_ptmc_rep_hot,2.0000000000
METRIC,2026-04-12T23:27:05Z,190761942761541,3532,btc_qm_engine:btc_ptmc_rep_cold,1.0000000000
METRIC,2026-04-12T23:27:05Z,190761942780621,3532,btc_qm_engine:btc_ptmc_accept,1.0000000000
METRIC,2026-04-12T23:27:05Z,190761942799591,3532,btc_qm_engine:btc_ptmc_rep_hot,3.0000000000
METRIC,2026-04-12T23:27:05Z,190761942818561,3532,btc_qm_engine:btc_ptmc_rep_cold,2.0000000000
METRIC,2026-04-12T23:27:05Z,190761942837481,3532,btc_qm_engine:btc_ptmc_accept,1.0000000000
METRIC,2026-04-12T23:27:05Z,190761942861981,3532,btc_qm_engine:btc_ptmc_rep_hot,4.0000000000
METRIC,2026-04-12T23:27:05Z,190761942881131,3532,btc_qm_engine:btc_ptmc_rep_cold,3.0000000000
METRIC,2026-04-12T23:27:05Z,190761942924681,3532,btc_qm_engine:btc_ptmc_accept,1.0000000000
METRIC,2026-04-12T23:27:05Z,190761942946131,3532,btc_qm_engine:btc_ptmc_rep_hot,5.0000000000
METRIC,2026-04-12T23:27:05Z,190761942965181,3532,btc_qm_engine:btc_ptmc_rep_cold,4.0000000000
METRIC,2026-04-12T23:27:05Z,190761942984301,3532,btc_qm_engine:btc_ptmc_accept,1.0000000000
METRIC,2026-04-12T23:27:05Z,190761943030521,3532,btc_qm_engine:btc_ptmc_rep_hot,6.0000000000
METRIC,2026-04-12T23:27:05Z,190761943051081,3532,btc_qm_engine:btc_ptmc_rep_cold,5.0000000000
METRIC,2026-04-12T23:27:05Z,190761943070351,3532,btc_qm_engine:btc_ptmc_accept,1.0000000000
METRIC,2026-04-12T23:27:05Z,190761943099451,3532,btc_qm_engine:btc_ptmc_rep_hot,7.0000000000
METRIC,2026-04-12T23:27:05Z,190761943121701,3532,btc_qm_engine:btc_ptmc_rep_cold,6.0000000000
METRIC,2026-04-12T23:27:05Z,190761943140651,3532,btc_qm_engine:btc_ptmc_accept,1.0000000000
METRIC,2026-04-12T23:27:05Z,190762044572674,3532,btc_qm_engine:btc_ptmc_rep_hot,1.0000000000
METRIC,2026-04-12T23:27:05Z,190762044647324,3532,btc_qm_engine:btc_ptmc_rep_cold,0.0000000000
METRIC,2026-04-12T23:27:05Z,190762044673754,3532,btc_qm_engine:btc_ptmc_accept,0.5136174742
METRIC,2026-04-12T23:27:05Z,190762044700354,3532,btc_qm_engine:btc_ptmc_rep_hot,2.0000000000
METRIC,2026-04-12T23:27:05Z,190762044725134,3532,btc_qm_engine:btc_ptmc_rep_cold,1.0000000000
METRIC,2026-04-12T23:27:05Z,190762044753904,3532,btc_qm_engine:btc_ptmc_accept,0.7165701146
METRIC,2026-04-12T23:27:05Z,190762044782544,3532,btc_qm_engine:btc_ptmc_rep_hot,3.0000000000
METRIC,2026-04-12T23:27:05Z,190762044807084,3532,btc_qm_engine:btc_ptmc_rep_cold,2.0000000000
METRIC,2026-04-12T23:27:05Z,190762044831594,3532,btc_qm_engine:btc_ptmc_accept,0.8464931860
METRIC,2026-04-12T23:27:05Z,190762044856284,3532,btc_qm_engine:btc_ptmc_rep_hot,4.0000000000
METRIC,2026-04-12T23:27:05Z,190762044880654,3532,btc_qm_engine:btc_ptmc_rep_cold,3.0000000000
METRIC,2026-04-12T23:27:05Z,190762044905294,3532,btc_qm_engine:btc_ptmc_accept,1.0000000000
METRIC,2026-04-12T23:27:05Z,190762044934104,3532,btc_qm_engine:btc_ptmc_rep_hot,5.0000000000
METRIC,2026-04-12T23:27:05Z,190762044958654,3532,btc_qm_engine:btc_ptmc_rep_cold,4.0000000000
METRIC,2026-04-12T23:27:05Z,190762044983094,3532,btc_qm_engine:btc_ptmc_accept,1.0000000000
METRIC,2026-04-12T23:27:05Z,190762045069674,3532,btc_qm_engine:btc_ptmc_rep_hot,6.0000000000
METRIC,2026-04-12T23:27:05Z,190762045096274,3532,btc_qm_engine:btc_ptmc_rep_cold,5.0000000000
METRIC,2026-04-12T23:27:05Z,190762045121014,3532,btc_qm_engine:btc_ptmc_accept,0.9642902005
METRIC,2026-04-12T23:27:05Z,190762045151564,3532,btc_qm_engine:btc_ptmc_rep_hot,7.0000000000
METRIC,2026-04-12T23:27:05Z,190762045176304,3532,btc_qm_engine:btc_ptmc_rep_cold,6.0000000000
METRIC,2026-04-12T23:27:05Z,190762045200864,3532,btc_qm_engine:btc_ptmc_accept,1.0000000000
METRIC,2026-04-12T23:27:05Z,190762148456138,3532,btc_qm_engine:btc_ptmc_rep_hot,1.0000000000
METRIC,2026-04-12T23:27:05Z,190762148540068,3532,btc_qm_engine:btc_ptmc_rep_cold,0.0000000000
METRIC,2026-04-12T23:27:05Z,190762148578328,3532,btc_qm_engine:btc_ptmc_accept,1.0000000000
METRIC,2026-04-12T23:27:05Z,190762148622078,3532,btc_qm_engine:btc_ptmc_rep_hot,2.0000000000
METRIC,2026-04-12T23:27:05Z,190762148646668,3532,btc_qm_engine:btc_ptmc_rep_cold,1.0000000000
METRIC,2026-04-12T23:27:05Z,190762148670748,3532,btc_qm_engine:btc_ptmc_accept,1.0000000000
METRIC,2026-04-12T23:27:05Z,190762148708498,3532,btc_qm_engine:btc_ptmc_rep_hot,3.0000000000
METRIC,2026-04-12T23:27:05Z,190762148733398,3532,btc_qm_engine:btc_ptmc_rep_cold,2.0000000000
METRIC,2026-04-12T23:27:05Z,190762148757417,3532,btc_qm_engine:btc_ptmc_accept,1.0000000000
METRIC,2026-04-12T23:27:05Z,190762148788407,3532,btc_qm_engine:btc_ptmc_rep_hot,4.0000000000
METRIC,2026-04-12T23:27:05Z,190762148812137,3532,btc_qm_engine:btc_ptmc_rep_cold,3.0000000000
METRIC,2026-04-12T23:27:05Z,190762148843157,3532,btc_qm_engine:btc_ptmc_accept,1.0000000000
METRIC,2026-04-12T23:27:05Z,190762148875667,3532,btc_qm_engine:btc_ptmc_rep_hot,5.0000000000
METRIC,2026-04-12T23:27:05Z,190762148916397,3532,btc_qm_engine:btc_ptmc_rep_cold,4.0000000000
METRIC,2026-04-12T23:27:05Z,190762148939637,3532,btc_qm_engine:btc_ptmc_accept,1.0000000000
METRIC,2026-04-12T23:27:05Z,190762148963507,3532,btc_qm_engine:btc_ptmc_rep_hot,6.0000000000
METRIC,2026-04-12T23:27:05Z,190762148986977,3532,btc_qm_engine:btc_ptmc_rep_cold,5.0000000000
METRIC,2026-04-12T23:27:05Z,190762149065117,3532,btc_qm_engine:btc_ptmc_accept,1.0000000000
METRIC,2026-04-12T23:27:05Z,190762149089587,3532,btc_qm_engine:btc_ptmc_rep_hot,7.0000000000
METRIC,2026-04-12T23:27:05Z,190762149113277,3532,btc_qm_engine:btc_ptmc_rep_cold,6.0000000000
METRIC,2026-04-12T23:27:05Z,190762149136947,3532,btc_qm_engine:btc_ptmc_accept,1.0000000000
METRIC,2026-04-12T23:27:05Z,190762255287561,3532,btc_qm_engine:btc_ptmc_rep_hot,1.0000000000
METRIC,2026-04-12T23:27:05Z,190762255353321,3532,btc_qm_engine:btc_ptmc_rep_cold,0.0000000000
METRIC,2026-04-12T23:27:05Z,190762255374021,3532,btc_qm_engine:btc_ptmc_accept,1.0000000000
METRIC,2026-04-12T23:27:05Z,190762255393641,3532,btc_qm_engine:btc_ptmc_rep_hot,2.0000000000
METRIC,2026-04-12T23:27:05Z,190762255412641,3532,btc_qm_engine:btc_ptmc_rep_cold,1.0000000000
METRIC,2026-04-12T23:27:05Z,190762255431501,3532,btc_qm_engine:btc_ptmc_accept,1.0000000000
METRIC,2026-04-12T23:27:05Z,190762255454201,3532,btc_qm_engine:btc_ptmc_rep_hot,3.0000000000
METRIC,2026-04-12T23:27:05Z,190762255472951,3532,btc_qm_engine:btc_ptmc_rep_cold,2.0000000000
METRIC,2026-04-12T23:27:05Z,190762255491621,3532,btc_qm_engine:btc_ptmc_accept,1.0000000000
METRIC,2026-04-12T23:27:05Z,190762255515611,3532,btc_qm_engine:btc_ptmc_rep_hot,4.0000000000
METRIC,2026-04-12T23:27:05Z,190762255534511,3532,btc_qm_engine:btc_ptmc_rep_cold,3.0000000000
METRIC,2026-04-12T23:27:05Z,190762255553441,3532,btc_qm_engine:btc_ptmc_accept,1.0000000000
METRIC,2026-04-12T23:27:05Z,190762255709561,3532,btc_qm_engine:btc_ptmc_rep_hot,5.0000000000
METRIC,2026-04-12T23:27:05Z,190762255729801,3532,btc_qm_engine:btc_ptmc_rep_cold,4.0000000000
METRIC,2026-04-12T23:27:05Z,190762255753281,3532,btc_qm_engine:btc_ptmc_accept,1.0000000000
METRIC,2026-04-12T23:27:05Z,190762255775301,3532,btc_qm_engine:btc_ptmc_rep_hot,6.0000000000
METRIC,2026-04-12T23:27:05Z,190762255794161,3532,btc_qm_engine:btc_ptmc_rep_cold,5.0000000000
METRIC,2026-04-12T23:27:05Z,190762255812980,3532,btc_qm_engine:btc_ptmc_accept,1.0000000000
METRIC,2026-04-12T23:27:05Z,190762255836050,3532,btc_qm_engine:btc_ptmc_rep_hot,7.0000000000
METRIC,2026-04-12T23:27:05Z,190762255854870,3532,btc_qm_engine:btc_ptmc_rep_cold,6.0000000000
METRIC,2026-04-12T23:27:05Z,190762255873640,3532,btc_qm_engine:btc_ptmc_accept,1.0000000000
METRIC,2026-04-12T23:27:05Z,190762363692124,3532,btc_qm_engine:btc_ptmc_rep_hot,1.0000000000
METRIC,2026-04-12T23:27:05Z,190762363756954,3532,btc_qm_engine:btc_ptmc_rep_cold,0.0000000000
METRIC,2026-04-12T23:27:05Z,190762363778184,3532,btc_qm_engine:btc_ptmc_accept,-0.2635971381
METRIC,2026-04-12T23:27:05Z,190762363804494,3532,btc_qm_engine:btc_ptmc_rep_hot,2.0000000000
METRIC,2026-04-12T23:27:05Z,190762363832184,3532,btc_qm_engine:btc_ptmc_rep_cold,1.0000000000
METRIC,2026-04-12T23:27:05Z,190762363858304,3532,btc_qm_engine:btc_ptmc_accept,1.0000000000
METRIC,2026-04-12T23:27:05Z,190762363882554,3532,btc_qm_engine:btc_ptmc_rep_hot,3.0000000000
METRIC,2026-04-12T23:27:05Z,190762363901824,3532,btc_qm_engine:btc_ptmc_rep_cold,2.0000000000
METRIC,2026-04-12T23:27:05Z,190762363920874,3532,btc_qm_engine:btc_ptmc_accept,1.0000000000
METRIC,2026-04-12T23:27:05Z,190762363940004,3532,btc_qm_engine:btc_ptmc_rep_hot,4.0000000000
METRIC,2026-04-12T23:27:05Z,190762363959014,3532,btc_qm_engine:btc_ptmc_rep_cold,3.0000000000
METRIC,2026-04-12T23:27:05Z,190762363978424,3532,btc_qm_engine:btc_ptmc_accept,1.0000000000
METRIC,2026-04-12T23:27:05Z,190762364013334,3532,btc_qm_engine:btc_ptmc_rep_hot,5.0000000000
METRIC,2026-04-12T23:27:05Z,190762364033444,3532,btc_qm_engine:btc_ptmc_rep_cold,4.0000000000
METRIC,2026-04-12T23:27:05Z,190762364053014,3532,btc_qm_engine:btc_ptmc_accept,1.0000000000
METRIC,2026-04-12T23:27:05Z,190762364089644,3532,btc_qm_engine:btc_ptmc_rep_hot,6.0000000000
METRIC,2026-04-12T23:27:05Z,190762364108884,3532,btc_qm_engine:btc_ptmc_rep_cold,5.0000000000
METRIC,2026-04-12T23:27:05Z,190762364127944,3532,btc_qm_engine:btc_ptmc_accept,1.0000000000
METRIC,2026-04-12T23:27:05Z,190762364147264,3532,btc_qm_engine:btc_ptmc_rep_hot,7.0000000000
METRIC,2026-04-12T23:27:05Z,190762364166194,3532,btc_qm_engine:btc_ptmc_rep_cold,6.0000000000
METRIC,2026-04-12T23:27:05Z,190762364185374,3532,btc_qm_engine:btc_ptmc_accept,1.0000000000
METRIC,2026-04-12T23:27:05Z,190762413619181,3532,btc_qm_engine:btc_hashrate_mhs,0.9902031852
METRIC,2026-04-12T23:27:05Z,190762413695981,3532,btc_qm_engine:btc_hashrate_thread_id,7.0000000000
METRIC,2026-04-12T23:27:05Z,190762419796130,3532,btc_qm_engine:btc_hashrate_mhs,0.9902405881
METRIC,2026-04-12T23:27:05Z,190762419838840,3532,btc_qm_engine:btc_hashrate_thread_id,5.0000000000
METRIC,2026-04-12T23:27:05Z,190762420179460,3532,btc_qm_engine:btc_hashrate_mhs,0.9902635790
METRIC,2026-04-12T23:27:05Z,190762420229730,3532,btc_qm_engine:btc_hashrate_thread_id,1.0000000000
METRIC,2026-04-12T23:27:05Z,190762422381730,3532,btc_qm_engine:btc_nx48_stall_count,2.0000000000
METRIC,2026-04-12T23:27:05Z,190762422431300,3532,btc_qm_engine:btc_nx48_delta_nonce_old,2.6591770872
METRIC,2026-04-12T23:27:05Z,190762422458290,3532,btc_qm_engine:btc_nx48_delta_nonce_new,3.1296223142
METRIC,2026-04-12T23:27:05Z,190762422484330,3532,btc_qm_engine:btc_nx48_batch_old,4.0000000000
METRIC,2026-04-12T23:27:05Z,190762422508670,3532,btc_qm_engine:btc_nx48_batch_new,4.0000000000
METRIC,2026-04-12T23:27:05Z,190762422533690,3532,btc_qm_engine:btc_nx48_loss,0.6284108420
METRIC,2026-04-12T23:27:05Z,190762422559540,3532,btc_qm_engine:btc_nx48_grad_norm,0.6552099804
METRIC,2026-04-12T23:27:05Z,190762422584180,3532,btc_qm_engine:btc_nx48_update_count,51.0000000000
METRIC,2026-04-12T23:27:05Z,190762422609800,3532,btc_qm_engine:btc_nx48_exploration_bias,0.4693538124
METRIC,2026-04-12T23:27:05Z,190762422634350,3532,btc_qm_engine:btc_hashrate_mhs,0.9902954678
METRIC,2026-04-12T23:27:05Z,190762422658510,3532,btc_qm_engine:btc_hashrate_thread_id,0.0000000000
METRIC,2026-04-12T23:27:05Z,190762448163618,3532,btc_qm_engine:btc_hashrate_mhs,0.9900060167
METRIC,2026-04-12T23:27:05Z,190762448243448,3532,btc_qm_engine:btc_hashrate_thread_id,6.0000000000
METRIC,2026-04-12T23:27:05Z,190762448882148,3532,btc_qm_engine:btc_hashrate_mhs,0.9900170722
METRIC,2026-04-12T23:27:05Z,190762448916978,3532,btc_qm_engine:btc_hashrate_thread_id,2.0000000000
METRIC,2026-04-12T23:27:05Z,190762449548748,3532,btc_qm_engine:btc_hashrate_mhs,0.9901029932
METRIC,2026-04-12T23:27:05Z,190762449577928,3532,btc_qm_engine:btc_hashrate_thread_id,3.0000000000
METRIC,2026-04-12T23:27:05Z,190762453679228,3532,btc_qm_engine:btc_hashrate_mhs,0.9900302971
METRIC,2026-04-12T23:27:05Z,190762453731178,3532,btc_qm_engine:btc_hashrate_thread_id,4.0000000000
METRIC,2026-04-12T23:27:05Z,190762465860387,3532,btc_qm_engine:btc_ptmc_rep_hot,1.0000000000
METRIC,2026-04-12T23:27:05Z,190762465933727,3532,btc_qm_engine:btc_ptmc_rep_cold,0.0000000000
METRIC,2026-04-12T23:27:05Z,190762465970707,3532,btc_qm_engine:btc_ptmc_accept,-0.0695317437
METRIC,2026-04-12T23:27:05Z,190762465997667,3532,btc_qm_engine:btc_ptmc_rep_hot,2.0000000000
METRIC,2026-04-12T23:27:05Z,190762466108857,3532,btc_qm_engine:btc_ptmc_rep_cold,1.0000000000
METRIC,2026-04-12T23:27:05Z,190762466128877,3532,btc_qm_engine:btc_ptmc_accept,1.0000000000
METRIC,2026-04-12T23:27:05Z,190762466152917,3532,btc_qm_engine:btc_ptmc_rep_hot,3.0000000000
METRIC,2026-04-12T23:27:05Z,190762466171797,3532,btc_qm_engine:btc_ptmc_rep_cold,2.0000000000
METRIC,2026-04-12T23:27:05Z,190762466190817,3532,btc_qm_engine:btc_ptmc_accept,1.0000000000
METRIC,2026-04-12T23:27:05Z,190762466219657,3532,btc_qm_engine:btc_ptmc_rep_hot,4.0000000000
METRIC,2026-04-12T23:27:05Z,190762466244647,3532,btc_qm_engine:btc_ptmc_rep_cold,3.0000000000
METRIC,2026-04-12T23:27:05Z,190762466270047,3532,btc_qm_engine:btc_ptmc_accept,1.0000000000
METRIC,2026-04-12T23:27:05Z,190762466321767,3532,btc_qm_engine:btc_ptmc_rep_hot,5.0000000000
METRIC,2026-04-12T23:27:05Z,190762466346457,3532,btc_qm_engine:btc_ptmc_rep_cold,4.0000000000
METRIC,2026-04-12T23:27:05Z,190762466371167,3532,btc_qm_engine:btc_ptmc_accept,1.0000000000
METRIC,2026-04-12T23:27:05Z,190762466399047,3532,btc_qm_engine:btc_ptmc_rep_hot,6.0000000000
METRIC,2026-04-12T23:27:05Z,190762466423357,3532,btc_qm_engine:btc_ptmc_rep_cold,5.0000000000
METRIC,2026-04-12T23:27:05Z,190762466447147,3532,btc_qm_engine:btc_ptmc_accept,1.0000000000
METRIC,2026-04-12T23:27:05Z,190762466478017,3532,btc_qm_engine:btc_ptmc_rep_hot,7.0000000000
METRIC,2026-04-12T23:27:05Z,190762466502097,3532,btc_qm_engine:btc_ptmc_rep_cold,6.0000000000
METRIC,2026-04-12T23:27:05Z,190762466526497,3532,btc_qm_engine:btc_ptmc_accept,1.0000000000
METRIC,2026-04-12T23:27:05Z,190762566038211,3532,btc_qm_engine:btc_ptmc_rep_hot,1.0000000000
METRIC,2026-04-12T23:27:05Z,190762566104711,3532,btc_qm_engine:btc_ptmc_rep_cold,0.0000000000
METRIC,2026-04-12T23:27:05Z,190762566125681,3532,btc_qm_engine:btc_ptmc_accept,0.2638029098
METRIC,2026-04-12T23:27:05Z,190762566171431,3532,btc_qm_engine:btc_ptmc_rep_hot,2.0000000000
METRIC,2026-04-12T23:27:05Z,190762566190811,3532,btc_qm_engine:btc_ptmc_rep_cold,1.0000000000
METRIC,2026-04-12T23:27:05Z,190762566219531,3532,btc_qm_engine:btc_ptmc_accept,0.2635717218
METRIC,2026-04-12T23:27:05Z,190762566253761,3532,btc_qm_engine:btc_ptmc_rep_hot,3.0000000000
METRIC,2026-04-12T23:27:05Z,190762566272681,3532,btc_qm_engine:btc_ptmc_rep_cold,2.0000000000
METRIC,2026-04-12T23:27:05Z,190762566291441,3532,btc_qm_engine:btc_ptmc_accept,0.7165226744
METRIC,2026-04-12T23:27:05Z,190762566318631,3532,btc_qm_engine:btc_ptmc_rep_hot,4.0000000000
METRIC,2026-04-12T23:27:05Z,190762566337711,3532,btc_qm_engine:btc_ptmc_rep_cold,3.0000000000
METRIC,2026-04-12T23:27:05Z,190762566356391,3532,btc_qm_engine:btc_ptmc_accept,0.6703142291
METRIC,2026-04-12T23:27:05Z,190762566380001,3532,btc_qm_engine:btc_ptmc_rep_hot,5.0000000000
METRIC,2026-04-12T23:27:05Z,190762566398781,3532,btc_qm_engine:btc_ptmc_rep_cold,4.0000000000
METRIC,2026-04-12T23:27:05Z,190762566417571,3532,btc_qm_engine:btc_ptmc_accept,0.7787981431
METRIC,2026-04-12T23:27:05Z,190762566441641,3532,btc_qm_engine:btc_ptmc_rep_hot,6.0000000000
METRIC,2026-04-12T23:27:05Z,190762566460491,3532,btc_qm_engine:btc_ptmc_rep_cold,5.0000000000
METRIC,2026-04-12T23:27:05Z,190762566479381,3532,btc_qm_engine:btc_ptmc_accept,0.8646281984
METRIC,2026-04-12T23:27:05Z,190762566502871,3532,btc_qm_engine:btc_ptmc_rep_hot,7.0000000000
METRIC,2026-04-12T23:27:05Z,190762566521571,3532,btc_qm_engine:btc_ptmc_rep_cold,6.0000000000
METRIC,2026-04-12T23:27:05Z,190762566540301,3532,btc_qm_engine:btc_ptmc_accept,0.9101734687
METRIC,2026-04-12T23:27:06Z,190762672530174,3532,btc_qm_engine:btc_ptmc_rep_hot,1.0000000000
METRIC,2026-04-12T23:27:06Z,190762672605394,3532,btc_qm_engine:btc_ptmc_rep_cold,0.0000000000
METRIC,2026-04-12T23:27:06Z,190762672634064,3532,btc_qm_engine:btc_ptmc_accept,1.0000000000
METRIC,2026-04-12T23:27:06Z,190762672659644,3532,btc_qm_engine:btc_ptmc_rep_hot,2.0000000000
METRIC,2026-04-12T23:27:06Z,190762672684884,3532,btc_qm_engine:btc_ptmc_rep_cold,1.0000000000
METRIC,2026-04-12T23:27:06Z,190762672707524,3532,btc_qm_engine:btc_ptmc_accept,0.7165485813
METRIC,2026-04-12T23:27:06Z,190762672767854,3532,btc_qm_engine:btc_ptmc_rep_hot,3.0000000000
METRIC,2026-04-12T23:27:06Z,190762672791474,3532,btc_qm_engine:btc_ptmc_rep_cold,2.0000000000
METRIC,2026-04-12T23:27:06Z,190762672816384,3532,btc_qm_engine:btc_ptmc_accept,1.0000000000
METRIC,2026-04-12T23:27:06Z,190762672840404,3532,btc_qm_engine:btc_ptmc_rep_hot,4.0000000000
METRIC,2026-04-12T23:27:06Z,190762672864124,3532,btc_qm_engine:btc_ptmc_rep_cold,3.0000000000
METRIC,2026-04-12T23:27:06Z,190762672887994,3532,btc_qm_engine:btc_ptmc_accept,0.9048393810
METRIC,2026-04-12T23:27:06Z,190762672918844,3532,btc_qm_engine:btc_ptmc_rep_hot,5.0000000000
METRIC,2026-04-12T23:27:06Z,190762672941134,3532,btc_qm_engine:btc_ptmc_rep_cold,4.0000000000
METRIC,2026-04-12T23:27:06Z,190762672962994,3532,btc_qm_engine:btc_ptmc_accept,1.0000000000
METRIC,2026-04-12T23:27:06Z,190762672990374,3532,btc_qm_engine:btc_ptmc_rep_hot,6.0000000000
METRIC,2026-04-12T23:27:06Z,190762673056604,3532,btc_qm_engine:btc_ptmc_rep_cold,5.0000000000
METRIC,2026-04-12T23:27:06Z,190762673086414,3532,btc_qm_engine:btc_ptmc_accept,1.0000000000
METRIC,2026-04-12T23:27:06Z,190762673119474,3532,btc_qm_engine:btc_ptmc_rep_hot,7.0000000000
METRIC,2026-04-12T23:27:06Z,190762673153614,3532,btc_qm_engine:btc_ptmc_rep_cold,6.0000000000
METRIC,2026-04-12T23:27:06Z,190762673183244,3532,btc_qm_engine:btc_ptmc_accept,1.0000000000
METRIC,2026-04-12T23:27:06Z,190762773159477,3532,btc_qm_engine:btc_ptmc_rep_hot,1.0000000000
METRIC,2026-04-12T23:27:06Z,190762773240297,3532,btc_qm_engine:btc_ptmc_rep_cold,0.0000000000
METRIC,2026-04-12T23:27:06Z,190762773261237,3532,btc_qm_engine:btc_ptmc_accept,1.0000000000
METRIC,2026-04-12T23:27:06Z,190762773291617,3532,btc_qm_engine:btc_ptmc_rep_hot,2.0000000000
METRIC,2026-04-12T23:27:06Z,190762773316607,3532,btc_qm_engine:btc_ptmc_rep_cold,1.0000000000
METRIC,2026-04-12T23:27:06Z,190762773341557,3532,btc_qm_engine:btc_ptmc_accept,1.0000000000
METRIC,2026-04-12T23:27:06Z,190762773370847,3532,btc_qm_engine:btc_ptmc_rep_hot,3.0000000000
METRIC,2026-04-12T23:27:06Z,190762773395287,3532,btc_qm_engine:btc_ptmc_rep_cold,2.0000000000
METRIC,2026-04-12T23:27:06Z,190762773420137,3532,btc_qm_engine:btc_ptmc_accept,1.0000000000
METRIC,2026-04-12T23:27:06Z,190762773452557,3532,btc_qm_engine:btc_ptmc_rep_hot,4.0000000000
METRIC,2026-04-12T23:27:06Z,190762773477197,3532,btc_qm_engine:btc_ptmc_rep_cold,3.0000000000
METRIC,2026-04-12T23:27:06Z,190762773500717,3532,btc_qm_engine:btc_ptmc_accept,1.0000000000
METRIC,2026-04-12T23:27:06Z,190762773533177,3532,btc_qm_engine:btc_ptmc_rep_hot,5.0000000000
METRIC,2026-04-12T23:27:06Z,190762773558037,3532,btc_qm_engine:btc_ptmc_rep_cold,4.0000000000
METRIC,2026-04-12T23:27:06Z,190762773582807,3532,btc_qm_engine:btc_ptmc_accept,1.0000000000
METRIC,2026-04-12T23:27:06Z,190762773613547,3532,btc_qm_engine:btc_ptmc_rep_hot,6.0000000000
METRIC,2026-04-12T23:27:06Z,190762773637807,3532,btc_qm_engine:btc_ptmc_rep_cold,5.0000000000
METRIC,2026-04-12T23:27:06Z,190762773662387,3532,btc_qm_engine:btc_ptmc_accept,1.0000000000
METRIC,2026-04-12T23:27:06Z,190762773693247,3532,btc_qm_engine:btc_ptmc_rep_hot,7.0000000000
METRIC,2026-04-12T23:27:06Z,190762773717447,3532,btc_qm_engine:btc_ptmc_rep_cold,6.0000000000
METRIC,2026-04-12T23:27:06Z,190762773746917,3532,btc_qm_engine:btc_ptmc_accept,1.0000000000
METRIC,2026-04-12T23:27:06Z,190762874107081,3532,btc_qm_engine:btc_ptmc_rep_hot,1.0000000000
METRIC,2026-04-12T23:27:06Z,190762874180431,3532,btc_qm_engine:btc_ptmc_rep_cold,0.0000000000
METRIC,2026-04-12T23:27:06Z,190762874207021,3532,btc_qm_engine:btc_ptmc_accept,-0.0695317437
METRIC,2026-04-12T23:27:06Z,190762874234171,3532,btc_qm_engine:btc_ptmc_rep_hot,2.0000000000
METRIC,2026-04-12T23:27:06Z,190762874259021,3532,btc_qm_engine:btc_ptmc_rep_cold,1.0000000000
METRIC,2026-04-12T23:27:06Z,190762874283881,3532,btc_qm_engine:btc_ptmc_accept,1.0000000000
METRIC,2026-04-12T23:27:06Z,190762874326451,3532,btc_qm_engine:btc_ptmc_rep_hot,3.0000000000
METRIC,2026-04-12T23:27:06Z,190762874360591,3532,btc_qm_engine:btc_ptmc_rep_cold,2.0000000000
METRIC,2026-04-12T23:27:06Z,190762874385431,3532,btc_qm_engine:btc_ptmc_accept,1.0000000000
METRIC,2026-04-12T23:27:06Z,190762874438061,3532,btc_qm_engine:btc_ptmc_rep_hot,4.0000000000
METRIC,2026-04-12T23:27:06Z,190762874462771,3532,btc_qm_engine:btc_ptmc_rep_cold,3.0000000000
METRIC,2026-04-12T23:27:06Z,190762874487031,3532,btc_qm_engine:btc_ptmc_accept,1.0000000000
METRIC,2026-04-12T23:27:06Z,190762874520951,3532,btc_qm_engine:btc_ptmc_rep_hot,5.0000000000
METRIC,2026-04-12T23:27:06Z,190762874548481,3532,btc_qm_engine:btc_ptmc_rep_cold,4.0000000000
METRIC,2026-04-12T23:27:06Z,190762874573131,3532,btc_qm_engine:btc_ptmc_accept,1.0000000000
METRIC,2026-04-12T23:27:06Z,190762874599931,3532,btc_qm_engine:btc_ptmc_rep_hot,6.0000000000
METRIC,2026-04-12T23:27:06Z,190762874624731,3532,btc_qm_engine:btc_ptmc_rep_cold,5.0000000000
METRIC,2026-04-12T23:27:06Z,190762874646731,3532,btc_qm_engine:btc_ptmc_accept,1.0000000000
METRIC,2026-04-12T23:27:06Z,190762874672231,3532,btc_qm_engine:btc_ptmc_rep_hot,7.0000000000
METRIC,2026-04-12T23:27:06Z,190762874697221,3532,btc_qm_engine:btc_ptmc_rep_cold,6.0000000000
METRIC,2026-04-12T23:27:06Z,190762874720751,3532,btc_qm_engine:btc_ptmc_accept,1.0000000000
METRIC,2026-04-12T23:27:06Z,190762977559824,3532,btc_qm_engine:btc_ptmc_rep_hot,1.0000000000
METRIC,2026-04-12T23:27:06Z,190762977646644,3532,btc_qm_engine:btc_ptmc_rep_cold,0.0000000000
METRIC,2026-04-12T23:27:06Z,190762977671774,3532,btc_qm_engine:btc_ptmc_accept,1.0000000000
METRIC,2026-04-12T23:27:06Z,190762977704924,3532,btc_qm_engine:btc_ptmc_rep_hot,2.0000000000
METRIC,2026-04-12T23:27:06Z,190762977729564,3532,btc_qm_engine:btc_ptmc_rep_cold,1.0000000000
METRIC,2026-04-12T23:27:06Z,190762977758954,3532,btc_qm_engine:btc_ptmc_accept,1.0000000000
METRIC,2026-04-12T23:27:06Z,190762977784784,3532,btc_qm_engine:btc_ptmc_rep_hot,3.0000000000
METRIC,2026-04-12T23:27:06Z,190762977809794,3532,btc_qm_engine:btc_ptmc_rep_cold,2.0000000000
METRIC,2026-04-12T23:27:06Z,190762977832854,3532,btc_qm_engine:btc_ptmc_accept,0.8464817249
METRIC,2026-04-12T23:27:06Z,190762977868154,3532,btc_qm_engine:btc_ptmc_rep_hot,4.0000000000
METRIC,2026-04-12T23:27:06Z,190762977894924,3532,btc_qm_engine:btc_ptmc_rep_cold,3.0000000000
METRIC,2026-04-12T23:27:06Z,190762977919664,3532,btc_qm_engine:btc_ptmc_accept,0.9048374180
METRIC,2026-04-12T23:27:06Z,190762977951394,3532,btc_qm_engine:btc_ptmc_rep_hot,5.0000000000
METRIC,2026-04-12T23:27:06Z,190762977976864,3532,btc_qm_engine:btc_ptmc_rep_cold,4.0000000000
METRIC,2026-04-12T23:27:06Z,190762978037594,3532,btc_qm_engine:btc_ptmc_accept,0.9394130628
METRIC,2026-04-12T23:27:06Z,190762978074334,3532,btc_qm_engine:btc_ptmc_rep_hot,6.0000000000
METRIC,2026-04-12T23:27:06Z,190762978099334,3532,btc_qm_engine:btc_ptmc_rep_cold,5.0000000000
METRIC,2026-04-12T23:27:06Z,190762978123644,3532,btc_qm_engine:btc_ptmc_accept,1.0000000000
METRIC,2026-04-12T23:27:06Z,190762978154014,3532,btc_qm_engine:btc_ptmc_rep_hot,7.0000000000
METRIC,2026-04-12T23:27:06Z,190762978178724,3532,btc_qm_engine:btc_ptmc_rep_cold,6.0000000000
METRIC,2026-04-12T23:27:06Z,190762978203564,3532,btc_qm_engine:btc_ptmc_accept,1.0000000000
METRIC,2026-04-12T23:27:06Z,190763078967888,3532,btc_qm_engine:btc_ptmc_rep_hot,1.0000000000
METRIC,2026-04-12T23:27:06Z,190763079091068,3532,btc_qm_engine:btc_ptmc_rep_cold,0.0000000000
METRIC,2026-04-12T23:27:06Z,190763079116528,3532,btc_qm_engine:btc_ptmc_accept,-0.5134171190
METRIC,2026-04-12T23:27:06Z,190763079147158,3532,btc_qm_engine:btc_ptmc_rep_hot,2.0000000000
METRIC,2026-04-12T23:27:06Z,190763079181158,3532,btc_qm_engine:btc_ptmc_rep_cold,1.0000000000
METRIC,2026-04-12T23:27:06Z,190763079213668,3532,btc_qm_engine:btc_ptmc_accept,1.0000000000
METRIC,2026-04-12T23:27:06Z,190763079244178,3532,btc_qm_engine:btc_ptmc_rep_hot,3.0000000000
METRIC,2026-04-12T23:27:06Z,190763079267998,3532,btc_qm_engine:btc_ptmc_rep_cold,2.0000000000
METRIC,2026-04-12T23:27:06Z,190763079292488,3532,btc_qm_engine:btc_ptmc_accept,1.0000000000
METRIC,2026-04-12T23:27:06Z,190763079320848,3532,btc_qm_engine:btc_ptmc_rep_hot,4.0000000000
METRIC,2026-04-12T23:27:06Z,190763079343948,3532,btc_qm_engine:btc_ptmc_rep_cold,3.0000000000
METRIC,2026-04-12T23:27:06Z,190763079387368,3532,btc_qm_engine:btc_ptmc_accept,1.0000000000
METRIC,2026-04-12T23:27:06Z,190763079422448,3532,btc_qm_engine:btc_ptmc_rep_hot,5.0000000000
METRIC,2026-04-12T23:27:06Z,190763079445848,3532,btc_qm_engine:btc_ptmc_rep_cold,4.0000000000
METRIC,2026-04-12T23:27:06Z,190763079470548,3532,btc_qm_engine:btc_ptmc_accept,0.8824942074
METRIC,2026-04-12T23:27:06Z,190763079503448,3532,btc_qm_engine:btc_ptmc_rep_hot,6.0000000000
METRIC,2026-04-12T23:27:06Z,190763079528148,3532,btc_qm_engine:btc_ptmc_rep_cold,5.0000000000
METRIC,2026-04-12T23:27:06Z,190763079551368,3532,btc_qm_engine:btc_ptmc_accept,0.8966475098
METRIC,2026-04-12T23:27:06Z,190763079583008,3532,btc_qm_engine:btc_ptmc_rep_hot,7.0000000000
METRIC,2026-04-12T23:27:06Z,190763079606108,3532,btc_qm_engine:btc_ptmc_rep_cold,6.0000000000
METRIC,2026-04-12T23:27:06Z,190763079629328,3532,btc_qm_engine:btc_ptmc_accept,0.9318449092
METRIC,2026-04-12T23:27:06Z,190763189640321,3532,btc_qm_engine:btc_ptmc_rep_hot,1.0000000000
METRIC,2026-04-12T23:27:06Z,190763189717741,3532,btc_qm_engine:btc_ptmc_rep_cold,0.0000000000
METRIC,2026-04-12T23:27:06Z,190763189749621,3532,btc_qm_engine:btc_ptmc_accept,1.0000000000
METRIC,2026-04-12T23:27:06Z,190763189774581,3532,btc_qm_engine:btc_ptmc_rep_hot,2.0000000000
METRIC,2026-04-12T23:27:06Z,190763189799251,3532,btc_qm_engine:btc_ptmc_rep_cold,1.0000000000
METRIC,2026-04-12T23:27:06Z,190763189823551,3532,btc_qm_engine:btc_ptmc_accept,1.0000000000
METRIC,2026-04-12T23:27:06Z,190763189852471,3532,btc_qm_engine:btc_ptmc_rep_hot,3.0000000000
METRIC,2026-04-12T23:27:06Z,190763189876731,3532,btc_qm_engine:btc_ptmc_rep_cold,2.0000000000
METRIC,2026-04-12T23:27:06Z,190763189901111,3532,btc_qm_engine:btc_ptmc_accept,1.0000000000
METRIC,2026-04-12T23:27:06Z,190763189928361,3532,btc_qm_engine:btc_ptmc_rep_hot,4.0000000000
METRIC,2026-04-12T23:27:06Z,190763189952671,3532,btc_qm_engine:btc_ptmc_rep_cold,3.0000000000
METRIC,2026-04-12T23:27:06Z,190763189976021,3532,btc_qm_engine:btc_ptmc_accept,1.0000000000
METRIC,2026-04-12T23:27:06Z,190763190033921,3532,btc_qm_engine:btc_ptmc_rep_hot,5.0000000000
METRIC,2026-04-12T23:27:06Z,190763190061221,3532,btc_qm_engine:btc_ptmc_rep_cold,4.0000000000
METRIC,2026-04-12T23:27:06Z,190763190084551,3532,btc_qm_engine:btc_ptmc_accept,1.0000000000
METRIC,2026-04-12T23:27:06Z,190763190111271,3532,btc_qm_engine:btc_ptmc_rep_hot,6.0000000000
METRIC,2026-04-12T23:27:06Z,190763190136301,3532,btc_qm_engine:btc_ptmc_rep_cold,5.0000000000
METRIC,2026-04-12T23:27:06Z,190763190161671,3532,btc_qm_engine:btc_ptmc_accept,1.0000000000
METRIC,2026-04-12T23:27:06Z,190763190201361,3532,btc_qm_engine:btc_ptmc_rep_hot,7.0000000000
METRIC,2026-04-12T23:27:06Z,190763190234751,3532,btc_qm_engine:btc_ptmc_rep_cold,6.0000000000
METRIC,2026-04-12T23:27:06Z,190763190259051,3532,btc_qm_engine:btc_ptmc_accept,1.0000000000
METRIC,2026-04-12T23:27:06Z,190763293653664,3532,btc_qm_engine:btc_ptmc_rep_hot,1.0000000000
METRIC,2026-04-12T23:27:06Z,190763293738394,3532,btc_qm_engine:btc_ptmc_rep_cold,0.0000000000
METRIC,2026-04-12T23:27:06Z,190763293770184,3532,btc_qm_engine:btc_ptmc_accept,1.0000000000
METRIC,2026-04-12T23:27:06Z,190763293801134,3532,btc_qm_engine:btc_ptmc_rep_hot,2.0000000000
METRIC,2026-04-12T23:27:06Z,190763293825914,3532,btc_qm_engine:btc_ptmc_rep_cold,1.0000000000
METRIC,2026-04-12T23:27:06Z,190763293850584,3532,btc_qm_engine:btc_ptmc_accept,1.0000000000
METRIC,2026-04-12T23:27:06Z,190763293882334,3532,btc_qm_engine:btc_ptmc_rep_hot,3.0000000000
METRIC,2026-04-12T23:27:06Z,190763293906494,3532,btc_qm_engine:btc_ptmc_rep_cold,2.0000000000
METRIC,2026-04-12T23:27:06Z,190763293930914,3532,btc_qm_engine:btc_ptmc_accept,1.0000000000
METRIC,2026-04-12T23:27:06Z,190763293962774,3532,btc_qm_engine:btc_ptmc_rep_hot,4.0000000000
METRIC,2026-04-12T23:27:06Z,190763293987574,3532,btc_qm_engine:btc_ptmc_rep_cold,3.0000000000
METRIC,2026-04-12T23:27:06Z,190763294059344,3532,btc_qm_engine:btc_ptmc_accept,1.0000000000
METRIC,2026-04-12T23:27:06Z,190763294101384,3532,btc_qm_engine:btc_ptmc_rep_hot,5.0000000000
METRIC,2026-04-12T23:27:06Z,190763294146984,3532,btc_qm_engine:btc_ptmc_rep_cold,4.0000000000
METRIC,2026-04-12T23:27:06Z,190763294172044,3532,btc_qm_engine:btc_ptmc_accept,1.0000000000
METRIC,2026-04-12T23:27:06Z,190763294432094,3532,btc_qm_engine:btc_ptmc_rep_hot,6.0000000000
METRIC,2026-04-12T23:27:06Z,190763294462364,3532,btc_qm_engine:btc_ptmc_rep_cold,5.0000000000
METRIC,2026-04-12T23:27:06Z,190763294486854,3532,btc_qm_engine:btc_ptmc_accept,1.0000000000
METRIC,2026-04-12T23:27:06Z,190763294521274,3532,btc_qm_engine:btc_ptmc_rep_hot,7.0000000000
METRIC,2026-04-12T23:27:06Z,190763294546454,3532,btc_qm_engine:btc_ptmc_rep_cold,6.0000000000
METRIC,2026-04-12T23:27:06Z,190763294570794,3532,btc_qm_engine:btc_ptmc_accept,1.0000000000
METRIC,2026-04-12T23:27:06Z,190763395616208,3532,btc_qm_engine:btc_ptmc_rep_hot,1.0000000000
METRIC,2026-04-12T23:27:06Z,190763395679858,3532,btc_qm_engine:btc_ptmc_rep_cold,0.0000000000
METRIC,2026-04-12T23:27:06Z,190763395700618,3532,btc_qm_engine:btc_ptmc_accept,-0.5136669338
METRIC,2026-04-12T23:27:06Z,190763395730518,3532,btc_qm_engine:btc_ptmc_rep_hot,2.0000000000
METRIC,2026-04-12T23:27:06Z,190763395762808,3532,btc_qm_engine:btc_ptmc_rep_cold,1.0000000000
METRIC,2026-04-12T23:27:06Z,190763395787697,3532,btc_qm_engine:btc_ptmc_accept,1.0000000000
METRIC,2026-04-12T23:27:06Z,190763395974497,3532,btc_qm_engine:btc_ptmc_rep_hot,3.0000000000
METRIC,2026-04-12T23:27:06Z,190763395996577,3532,btc_qm_engine:btc_ptmc_rep_cold,2.0000000000
METRIC,2026-04-12T23:27:06Z,190763396065307,3532,btc_qm_engine:btc_ptmc_accept,1.0000000000
METRIC,2026-04-12T23:27:06Z,190763396093487,3532,btc_qm_engine:btc_ptmc_rep_hot,4.0000000000
METRIC,2026-04-12T23:27:06Z,190763396118727,3532,btc_qm_engine:btc_ptmc_rep_cold,3.0000000000
METRIC,2026-04-12T23:27:06Z,190763396150357,3532,btc_qm_engine:btc_ptmc_accept,1.0000000000
METRIC,2026-04-12T23:27:06Z,190763396181297,3532,btc_qm_engine:btc_ptmc_rep_hot,5.0000000000
METRIC,2026-04-12T23:27:06Z,190763396206567,3532,btc_qm_engine:btc_ptmc_rep_cold,4.0000000000
METRIC,2026-04-12T23:27:06Z,190763396229167,3532,btc_qm_engine:btc_ptmc_accept,1.0000000000
METRIC,2026-04-12T23:27:06Z,190763396261737,3532,btc_qm_engine:btc_ptmc_rep_hot,6.0000000000
METRIC,2026-04-12T23:27:06Z,190763396286077,3532,btc_qm_engine:btc_ptmc_rep_cold,5.0000000000
METRIC,2026-04-12T23:27:06Z,190763396309157,3532,btc_qm_engine:btc_ptmc_accept,1.0000000000
METRIC,2026-04-12T23:27:06Z,190763396336447,3532,btc_qm_engine:btc_ptmc_rep_hot,7.0000000000
METRIC,2026-04-12T23:27:06Z,190763396359537,3532,btc_qm_engine:btc_ptmc_rep_cold,6.0000000000
METRIC,2026-04-12T23:27:06Z,190763396383417,3532,btc_qm_engine:btc_ptmc_accept,1.0000000000
METRIC,2026-04-12T23:27:06Z,190763497800161,3532,btc_qm_engine:btc_ptmc_rep_hot,1.0000000000
METRIC,2026-04-12T23:27:06Z,190763497882971,3532,btc_qm_engine:btc_ptmc_rep_cold,0.0000000000
METRIC,2026-04-12T23:27:06Z,190763497909861,3532,btc_qm_engine:btc_ptmc_accept,1.0000000000
METRIC,2026-04-12T23:27:06Z,190763497941321,3532,btc_qm_engine:btc_ptmc_rep_hot,2.0000000000
METRIC,2026-04-12T23:27:06Z,190763497966351,3532,btc_qm_engine:btc_ptmc_rep_cold,1.0000000000
METRIC,2026-04-12T23:27:06Z,190763497990071,3532,btc_qm_engine:btc_ptmc_accept,1.0000000000
METRIC,2026-04-12T23:27:06Z,190763498155451,3532,btc_qm_engine:btc_ptmc_rep_hot,3.0000000000
METRIC,2026-04-12T23:27:06Z,190763498209901,3532,btc_qm_engine:btc_ptmc_rep_cold,2.0000000000
METRIC,2026-04-12T23:27:06Z,190763498234651,3532,btc_qm_engine:btc_ptmc_accept,0.8464931860
METRIC,2026-04-12T23:27:06Z,190763498360391,3532,btc_qm_engine:btc_ptmc_rep_hot,4.0000000000
METRIC,2026-04-12T23:27:06Z,190763498387021,3532,btc_qm_engine:btc_ptmc_rep_cold,3.0000000000
METRIC,2026-04-12T23:27:06Z,190763498410441,3532,btc_qm_engine:btc_ptmc_accept,1.0000000000
METRIC,2026-04-12T23:27:06Z,190763498440801,3532,btc_qm_engine:btc_ptmc_rep_hot,5.0000000000
METRIC,2026-04-12T23:27:06Z,190763498465731,3532,btc_qm_engine:btc_ptmc_rep_cold,4.0000000000
METRIC,2026-04-12T23:27:06Z,190763498489791,3532,btc_qm_engine:btc_ptmc_accept,1.0000000000
METRIC,2026-04-12T23:27:06Z,190763498549181,3532,btc_qm_engine:btc_ptmc_rep_hot,6.0000000000
METRIC,2026-04-12T23:27:06Z,190763498574971,3532,btc_qm_engine:btc_ptmc_rep_cold,5.0000000000
METRIC,2026-04-12T23:27:06Z,190763498600001,3532,btc_qm_engine:btc_ptmc_accept,1.0000000000
METRIC,2026-04-12T23:27:06Z,190763498631431,3532,btc_qm_engine:btc_ptmc_rep_hot,7.0000000000
METRIC,2026-04-12T23:27:06Z,190763498655941,3532,btc_qm_engine:btc_ptmc_rep_cold,6.0000000000
METRIC,2026-04-12T23:27:06Z,190763498680681,3532,btc_qm_engine:btc_ptmc_accept,1.0000000000
METRIC,2026-04-12T23:27:06Z,190763602393604,3532,btc_qm_engine:btc_ptmc_rep_hot,1.0000000000
METRIC,2026-04-12T23:27:06Z,190763602473934,3532,btc_qm_engine:btc_ptmc_rep_cold,0.0000000000
METRIC,2026-04-12T23:27:06Z,190763602501344,3532,btc_qm_engine:btc_ptmc_accept,1.0000000000
METRIC,2026-04-12T23:27:06Z,190763602534874,3532,btc_qm_engine:btc_ptmc_rep_hot,2.0000000000
METRIC,2026-04-12T23:27:06Z,190763602574804,3532,btc_qm_engine:btc_ptmc_rep_cold,1.0000000000
METRIC,2026-04-12T23:27:06Z,190763602611514,3532,btc_qm_engine:btc_ptmc_accept,1.0000000000
METRIC,2026-04-12T23:27:06Z,190763602641224,3532,btc_qm_engine:btc_ptmc_rep_hot,3.0000000000
METRIC,2026-04-12T23:27:06Z,190763602667024,3532,btc_qm_engine:btc_ptmc_rep_cold,2.0000000000
METRIC,2026-04-12T23:27:06Z,190763602692664,3532,btc_qm_engine:btc_ptmc_accept,1.0000000000
METRIC,2026-04-12T23:27:06Z,190763602724634,3532,btc_qm_engine:btc_ptmc_rep_hot,4.0000000000
METRIC,2026-04-12T23:27:06Z,190763602756914,3532,btc_qm_engine:btc_ptmc_rep_cold,3.0000000000
METRIC,2026-04-12T23:27:06Z,190763602781494,3532,btc_qm_engine:btc_ptmc_accept,1.0000000000
METRIC,2026-04-12T23:27:06Z,190763602808234,3532,btc_qm_engine:btc_ptmc_rep_hot,5.0000000000
METRIC,2026-04-12T23:27:06Z,190763602833164,3532,btc_qm_engine:btc_ptmc_rep_cold,4.0000000000
METRIC,2026-04-12T23:27:06Z,190763602859254,3532,btc_qm_engine:btc_ptmc_accept,1.0000000000
METRIC,2026-04-12T23:27:06Z,190763602892274,3532,btc_qm_engine:btc_ptmc_rep_hot,6.0000000000
METRIC,2026-04-12T23:27:06Z,190763602917374,3532,btc_qm_engine:btc_ptmc_rep_cold,5.0000000000
METRIC,2026-04-12T23:27:06Z,190763602943664,3532,btc_qm_engine:btc_ptmc_accept,1.0000000000
METRIC,2026-04-12T23:27:06Z,190763602975514,3532,btc_qm_engine:btc_ptmc_rep_hot,7.0000000000
METRIC,2026-04-12T23:27:06Z,190763603059644,3532,btc_qm_engine:btc_ptmc_rep_cold,6.0000000000
METRIC,2026-04-12T23:27:06Z,190763603093354,3532,btc_qm_engine:btc_ptmc_accept,1.0000000000
METRIC,2026-04-12T23:27:07Z,190763708749787,3532,btc_qm_engine:btc_ptmc_rep_hot,1.0000000000
METRIC,2026-04-12T23:27:07Z,190763708827407,3532,btc_qm_engine:btc_ptmc_rep_cold,0.0000000000
METRIC,2026-04-12T23:27:07Z,190763708852837,3532,btc_qm_engine:btc_ptmc_accept,1.0000000000
METRIC,2026-04-12T23:27:07Z,190763708880237,3532,btc_qm_engine:btc_ptmc_rep_hot,2.0000000000
METRIC,2026-04-12T23:27:07Z,190763708903837,3532,btc_qm_engine:btc_ptmc_rep_cold,1.0000000000
METRIC,2026-04-12T23:27:07Z,190763708927327,3532,btc_qm_engine:btc_ptmc_accept,1.0000000000
METRIC,2026-04-12T23:27:07Z,190763708951057,3532,btc_qm_engine:btc_ptmc_rep_hot,3.0000000000
METRIC,2026-04-12T23:27:07Z,190763708974367,3532,btc_qm_engine:btc_ptmc_rep_cold,2.0000000000
METRIC,2026-04-12T23:27:07Z,190763708998217,3532,btc_qm_engine:btc_ptmc_accept,1.0000000000
METRIC,2026-04-12T23:27:07Z,190763709038127,3532,btc_qm_engine:btc_ptmc_rep_hot,4.0000000000
METRIC,2026-04-12T23:27:07Z,190763709061627,3532,btc_qm_engine:btc_ptmc_rep_cold,3.0000000000
METRIC,2026-04-12T23:27:07Z,190763709085507,3532,btc_qm_engine:btc_ptmc_accept,1.0000000000
METRIC,2026-04-12T23:27:07Z,190763709112107,3532,btc_qm_engine:btc_ptmc_rep_hot,5.0000000000
METRIC,2026-04-12T23:27:07Z,190763709135677,3532,btc_qm_engine:btc_ptmc_rep_cold,4.0000000000
METRIC,2026-04-12T23:27:07Z,190763709159307,3532,btc_qm_engine:btc_ptmc_accept,1.0000000000
METRIC,2026-04-12T23:27:07Z,190763709182807,3532,btc_qm_engine:btc_ptmc_rep_hot,6.0000000000
METRIC,2026-04-12T23:27:07Z,190763709216727,3532,btc_qm_engine:btc_ptmc_rep_cold,5.0000000000
METRIC,2026-04-12T23:27:07Z,190763709275467,3532,btc_qm_engine:btc_ptmc_accept,1.0000000000
METRIC,2026-04-12T23:27:07Z,190763709304807,3532,btc_qm_engine:btc_ptmc_rep_hot,7.0000000000
METRIC,2026-04-12T23:27:07Z,190763709328247,3532,btc_qm_engine:btc_ptmc_rep_cold,6.0000000000
METRIC,2026-04-12T23:27:07Z,190763709351597,3532,btc_qm_engine:btc_ptmc_accept,1.0000000000
METRIC,2026-04-12T23:27:07Z,190763812196921,3532,btc_qm_engine:btc_ptmc_rep_hot,1.0000000000
METRIC,2026-04-12T23:27:07Z,190763812269501,3532,btc_qm_engine:btc_ptmc_rep_cold,0.0000000000
METRIC,2026-04-12T23:27:07Z,190763812294811,3532,btc_qm_engine:btc_ptmc_accept,1.0000000000
METRIC,2026-04-12T23:27:07Z,190763812320161,3532,btc_qm_engine:btc_ptmc_rep_hot,2.0000000000
METRIC,2026-04-12T23:27:07Z,190763812343951,3532,btc_qm_engine:btc_ptmc_rep_cold,1.0000000000
METRIC,2026-04-12T23:27:07Z,190763812367181,3532,btc_qm_engine:btc_ptmc_accept,-0.3678315014
METRIC,2026-04-12T23:27:07Z,190763812398041,3532,btc_qm_engine:btc_ptmc_rep_hot,3.0000000000
METRIC,2026-04-12T23:27:07Z,190763812421521,3532,btc_qm_engine:btc_ptmc_rep_cold,2.0000000000
METRIC,2026-04-12T23:27:07Z,190763812444651,3532,btc_qm_engine:btc_ptmc_accept,1.0000000000
METRIC,2026-04-12T23:27:07Z,190763812471281,3532,btc_qm_engine:btc_ptmc_rep_hot,4.0000000000
METRIC,2026-04-12T23:27:07Z,190763812494911,3532,btc_qm_engine:btc_ptmc_rep_cold,3.0000000000
METRIC,2026-04-12T23:27:07Z,190763812518521,3532,btc_qm_engine:btc_ptmc_accept,1.0000000000
METRIC,2026-04-12T23:27:07Z,190763812542071,3532,btc_qm_engine:btc_ptmc_rep_hot,5.0000000000
METRIC,2026-04-12T23:27:07Z,190763812565511,3532,btc_qm_engine:btc_ptmc_rep_cold,4.0000000000
METRIC,2026-04-12T23:27:07Z,190763812588961,3532,btc_qm_engine:btc_ptmc_accept,1.0000000000
METRIC,2026-04-12T23:27:07Z,190763812612461,3532,btc_qm_engine:btc_ptmc_rep_hot,6.0000000000
METRIC,2026-04-12T23:27:07Z,190763812635841,3532,btc_qm_engine:btc_ptmc_rep_cold,5.0000000000
METRIC,2026-04-12T23:27:07Z,190763812659161,3532,btc_qm_engine:btc_ptmc_accept,1.0000000000
METRIC,2026-04-12T23:27:07Z,190763812682781,3532,btc_qm_engine:btc_ptmc_rep_hot,7.0000000000
METRIC,2026-04-12T23:27:07Z,190763812706171,3532,btc_qm_engine:btc_ptmc_rep_cold,6.0000000000
METRIC,2026-04-12T23:27:07Z,190763812729571,3532,btc_qm_engine:btc_ptmc_accept,1.0000000000
METRIC,2026-04-12T23:27:07Z,190763917331844,3532,btc_qm_engine:btc_ptmc_rep_hot,1.0000000000
METRIC,2026-04-12T23:27:07Z,190763917417274,3532,btc_qm_engine:btc_ptmc_rep_cold,0.0000000000
METRIC,2026-04-12T23:27:07Z,190763917444214,3532,btc_qm_engine:btc_ptmc_accept,-0.1354058228
METRIC,2026-04-12T23:27:07Z,190763917478684,3532,btc_qm_engine:btc_ptmc_rep_hot,2.0000000000
METRIC,2026-04-12T23:27:07Z,190763917503294,3532,btc_qm_engine:btc_ptmc_rep_cold,1.0000000000
METRIC,2026-04-12T23:27:07Z,190763917527544,3532,btc_qm_engine:btc_ptmc_accept,1.0000000000
METRIC,2026-04-12T23:27:07Z,190763917564874,3532,btc_qm_engine:btc_ptmc_rep_hot,3.0000000000
METRIC,2026-04-12T23:27:07Z,190763917589334,3532,btc_qm_engine:btc_ptmc_rep_cold,2.0000000000
METRIC,2026-04-12T23:27:07Z,190763917613604,3532,btc_qm_engine:btc_ptmc_accept,1.0000000000
METRIC,2026-04-12T23:27:07Z,190763917644314,3532,btc_qm_engine:btc_ptmc_rep_hot,4.0000000000
METRIC,2026-04-12T23:27:07Z,190763917706504,3532,btc_qm_engine:btc_ptmc_rep_cold,3.0000000000
METRIC,2026-04-12T23:27:07Z,190763917730934,3532,btc_qm_engine:btc_ptmc_accept,1.0000000000
METRIC,2026-04-12T23:27:07Z,190763917758644,3532,btc_qm_engine:btc_ptmc_rep_hot,5.0000000000
METRIC,2026-04-12T23:27:07Z,190763917783774,3532,btc_qm_engine:btc_ptmc_rep_cold,4.0000000000
METRIC,2026-04-12T23:27:07Z,190763917807914,3532,btc_qm_engine:btc_ptmc_accept,1.0000000000
METRIC,2026-04-12T23:27:07Z,190763917837084,3532,btc_qm_engine:btc_ptmc_rep_hot,6.0000000000
METRIC,2026-04-12T23:27:07Z,190763917862644,3532,btc_qm_engine:btc_ptmc_rep_cold,5.0000000000
METRIC,2026-04-12T23:27:07Z,190763917887044,3532,btc_qm_engine:btc_ptmc_accept,1.0000000000
METRIC,2026-04-12T23:27:07Z,190763917914824,3532,btc_qm_engine:btc_ptmc_rep_hot,7.0000000000
METRIC,2026-04-12T23:27:07Z,190763917939724,3532,btc_qm_engine:btc_ptmc_rep_cold,6.0000000000
METRIC,2026-04-12T23:27:07Z,190763917964454,3532,btc_qm_engine:btc_ptmc_accept,1.0000000000
METRIC,2026-04-12T23:27:07Z,190764043096736,3532,btc_qm_engine:btc_ptmc_rep_hot,1.0000000000
METRIC,2026-04-12T23:27:07Z,190764043181246,3532,btc_qm_engine:btc_ptmc_rep_cold,0.0000000000
METRIC,2026-04-12T23:27:07Z,190764043207666,3532,btc_qm_engine:btc_ptmc_accept,1.0000000000
METRIC,2026-04-12T23:27:07Z,190764043237956,3532,btc_qm_engine:btc_ptmc_rep_hot,2.0000000000
METRIC,2026-04-12T23:27:07Z,190764043263166,3532,btc_qm_engine:btc_ptmc_rep_cold,1.0000000000
METRIC,2026-04-12T23:27:07Z,190764043288026,3532,btc_qm_engine:btc_ptmc_accept,1.0000000000
METRIC,2026-04-12T23:27:07Z,190764043320146,3532,btc_qm_engine:btc_ptmc_rep_hot,3.0000000000
METRIC,2026-04-12T23:27:07Z,190764043344936,3532,btc_qm_engine:btc_ptmc_rep_cold,2.0000000000
METRIC,2026-04-12T23:27:07Z,190764043369416,3532,btc_qm_engine:btc_ptmc_accept,1.0000000000
METRIC,2026-04-12T23:27:07Z,190764043397116,3532,btc_qm_engine:btc_ptmc_rep_hot,4.0000000000
METRIC,2026-04-12T23:27:07Z,190764043421596,3532,btc_qm_engine:btc_ptmc_rep_cold,3.0000000000
METRIC,2026-04-12T23:27:07Z,190764043445866,3532,btc_qm_engine:btc_ptmc_accept,1.0000000000
METRIC,2026-04-12T23:27:07Z,190764043474446,3532,btc_qm_engine:btc_ptmc_rep_hot,5.0000000000
METRIC,2026-04-12T23:27:07Z,190764043499506,3532,btc_qm_engine:btc_ptmc_rep_cold,4.0000000000
METRIC,2026-04-12T23:27:07Z,190764043523706,3532,btc_qm_engine:btc_ptmc_accept,1.0000000000
METRIC,2026-04-12T23:27:07Z,190764043555446,3532,btc_qm_engine:btc_ptmc_rep_hot,6.0000000000
METRIC,2026-04-12T23:27:07Z,190764043580416,3532,btc_qm_engine:btc_ptmc_rep_cold,5.0000000000
METRIC,2026-04-12T23:27:07Z,190764043604696,3532,btc_qm_engine:btc_ptmc_accept,1.0000000000
METRIC,2026-04-12T23:27:07Z,190764043631876,3532,btc_qm_engine:btc_ptmc_rep_hot,7.0000000000
METRIC,2026-04-12T23:27:07Z,190764043656256,3532,btc_qm_engine:btc_ptmc_rep_cold,6.0000000000
METRIC,2026-04-12T23:27:07Z,190764043680946,3532,btc_qm_engine:btc_ptmc_accept,1.0000000000
METRIC,2026-04-12T23:27:07Z,190764151907509,3532,btc_qm_engine:btc_ptmc_rep_hot,1.0000000000
METRIC,2026-04-12T23:27:07Z,190764152000029,3532,btc_qm_engine:btc_ptmc_rep_cold,0.0000000000
METRIC,2026-04-12T23:27:07Z,190764152084639,3532,btc_qm_engine:btc_ptmc_accept,-0.2638537189
METRIC,2026-04-12T23:27:07Z,190764152132879,3532,btc_qm_engine:btc_ptmc_rep_hot,2.0000000000
METRIC,2026-04-12T23:27:07Z,190764152170699,3532,btc_qm_engine:btc_ptmc_rep_cold,1.0000000000
METRIC,2026-04-12T23:27:07Z,190764152194839,3532,btc_qm_engine:btc_ptmc_accept,1.0000000000
METRIC,2026-04-12T23:27:07Z,190764152225389,3532,btc_qm_engine:btc_ptmc_rep_hot,3.0000000000
METRIC,2026-04-12T23:27:07Z,190764152249469,3532,btc_qm_engine:btc_ptmc_rep_cold,2.0000000000
METRIC,2026-04-12T23:27:07Z,190764152274029,3532,btc_qm_engine:btc_ptmc_accept,1.0000000000
METRIC,2026-04-12T23:27:07Z,190764152306219,3532,btc_qm_engine:btc_ptmc_rep_hot,4.0000000000
METRIC,2026-04-12T23:27:07Z,190764152329909,3532,btc_qm_engine:btc_ptmc_rep_cold,3.0000000000
METRIC,2026-04-12T23:27:07Z,190764152353879,3532,btc_qm_engine:btc_ptmc_accept,1.0000000000
METRIC,2026-04-12T23:27:07Z,190764152384929,3532,btc_qm_engine:btc_ptmc_rep_hot,5.0000000000
METRIC,2026-04-12T23:27:07Z,190764152428479,3532,btc_qm_engine:btc_ptmc_rep_cold,4.0000000000
METRIC,2026-04-12T23:27:07Z,190764152451979,3532,btc_qm_engine:btc_ptmc_accept,1.0000000000
METRIC,2026-04-12T23:27:07Z,190764152890189,3532,btc_qm_engine:btc_ptmc_rep_hot,6.0000000000
METRIC,2026-04-12T23:27:07Z,190764152922239,3532,btc_qm_engine:btc_ptmc_rep_cold,5.0000000000
METRIC,2026-04-12T23:27:07Z,190764152943109,3532,btc_qm_engine:btc_ptmc_accept,1.0000000000
METRIC,2026-04-12T23:27:07Z,190764152965729,3532,btc_qm_engine:btc_ptmc_rep_hot,7.0000000000
METRIC,2026-04-12T23:27:07Z,190764152984859,3532,btc_qm_engine:btc_ptmc_rep_cold,6.0000000000
METRIC,2026-04-12T23:27:07Z,190764153019209,3532,btc_qm_engine:btc_ptmc_accept,1.0000000000
METRIC,2026-04-12T23:27:07Z,190764253131182,3532,btc_qm_engine:btc_ptmc_rep_hot,1.0000000000
METRIC,2026-04-12T23:27:07Z,190764253233972,3532,btc_qm_engine:btc_ptmc_rep_cold,0.0000000000
METRIC,2026-04-12T23:27:07Z,190764253255852,3532,btc_qm_engine:btc_ptmc_accept,1.0000000000
METRIC,2026-04-12T23:27:07Z,190764253280982,3532,btc_qm_engine:btc_ptmc_rep_hot,2.0000000000
METRIC,2026-04-12T23:27:07Z,190764253300132,3532,btc_qm_engine:btc_ptmc_rep_cold,1.0000000000
METRIC,2026-04-12T23:27:07Z,190764253319092,3532,btc_qm_engine:btc_ptmc_accept,1.0000000000
METRIC,2026-04-12T23:27:07Z,190764253344322,3532,btc_qm_engine:btc_ptmc_rep_hot,3.0000000000
METRIC,2026-04-12T23:27:07Z,190764253363062,3532,btc_qm_engine:btc_ptmc_rep_cold,2.0000000000
METRIC,2026-04-12T23:27:07Z,190764253381832,3532,btc_qm_engine:btc_ptmc_accept,1.0000000000
METRIC,2026-04-12T23:27:07Z,190764253409672,3532,btc_qm_engine:btc_ptmc_rep_hot,4.0000000000
METRIC,2026-04-12T23:27:07Z,190764253428662,3532,btc_qm_engine:btc_ptmc_rep_cold,3.0000000000
METRIC,2026-04-12T23:27:07Z,190764253447532,3532,btc_qm_engine:btc_ptmc_accept,1.0000000000
METRIC,2026-04-12T23:27:07Z,190764253471712,3532,btc_qm_engine:btc_ptmc_rep_hot,5.0000000000
METRIC,2026-04-12T23:27:07Z,190764253490482,3532,btc_qm_engine:btc_ptmc_rep_cold,4.0000000000
METRIC,2026-04-12T23:27:07Z,190764253509292,3532,btc_qm_engine:btc_ptmc_accept,1.0000000000
METRIC,2026-04-12T23:27:07Z,190764253534182,3532,btc_qm_engine:btc_ptmc_rep_hot,6.0000000000
METRIC,2026-04-12T23:27:07Z,190764253563632,3532,btc_qm_engine:btc_ptmc_rep_cold,5.0000000000
METRIC,2026-04-12T23:27:07Z,190764253586372,3532,btc_qm_engine:btc_ptmc_accept,1.0000000000
METRIC,2026-04-12T23:27:07Z,190764253610232,3532,btc_qm_engine:btc_ptmc_rep_hot,7.0000000000
METRIC,2026-04-12T23:27:07Z,190764253628992,3532,btc_qm_engine:btc_ptmc_rep_cold,6.0000000000
METRIC,2026-04-12T23:27:07Z,190764253647702,3532,btc_qm_engine:btc_ptmc_accept,1.0000000000
METRIC,2026-04-12T23:27:07Z,190764357549666,3532,btc_qm_engine:btc_ptmc_rep_hot,1.0000000000
METRIC,2026-04-12T23:27:07Z,190764357639916,3532,btc_qm_engine:btc_ptmc_rep_cold,0.0000000000
METRIC,2026-04-12T23:27:07Z,190764357666786,3532,btc_qm_engine:btc_ptmc_accept,1.0000000000
METRIC,2026-04-12T23:27:07Z,190764357696686,3532,btc_qm_engine:btc_ptmc_rep_hot,2.0000000000
METRIC,2026-04-12T23:27:07Z,190764357720906,3532,btc_qm_engine:btc_ptmc_rep_cold,1.0000000000
METRIC,2026-04-12T23:27:07Z,190764357745486,3532,btc_qm_engine:btc_ptmc_accept,1.0000000000
METRIC,2026-04-12T23:27:07Z,190764357774696,3532,btc_qm_engine:btc_ptmc_rep_hot,3.0000000000
METRIC,2026-04-12T23:27:07Z,190764357798736,3532,btc_qm_engine:btc_ptmc_rep_cold,2.0000000000
METRIC,2026-04-12T23:27:07Z,190764357823076,3532,btc_qm_engine:btc_ptmc_accept,0.7165468710
METRIC,2026-04-12T23:27:07Z,190764357854176,3532,btc_qm_engine:btc_ptmc_rep_hot,4.0000000000
METRIC,2026-04-12T23:27:07Z,190764357878646,3532,btc_qm_engine:btc_ptmc_rep_cold,3.0000000000
METRIC,2026-04-12T23:27:07Z,190764357903136,3532,btc_qm_engine:btc_ptmc_accept,1.0000000000
METRIC,2026-04-12T23:27:07Z,190764357935726,3532,btc_qm_engine:btc_ptmc_rep_hot,5.0000000000
METRIC,2026-04-12T23:27:07Z,190764357959936,3532,btc_qm_engine:btc_ptmc_rep_cold,4.0000000000
METRIC,2026-04-12T23:27:07Z,190764357982916,3532,btc_qm_engine:btc_ptmc_accept,1.0000000000
METRIC,2026-04-12T23:27:07Z,190764358056566,3532,btc_qm_engine:btc_ptmc_rep_hot,6.0000000000
METRIC,2026-04-12T23:27:07Z,190764358082646,3532,btc_qm_engine:btc_ptmc_rep_cold,5.0000000000
METRIC,2026-04-12T23:27:07Z,190764358107216,3532,btc_qm_engine:btc_ptmc_accept,0.9298553534
METRIC,2026-04-12T23:27:07Z,190764358135606,3532,btc_qm_engine:btc_ptmc_rep_hot,7.0000000000
METRIC,2026-04-12T23:27:07Z,190764358160226,3532,btc_qm_engine:btc_ptmc_rep_cold,6.0000000000
METRIC,2026-04-12T23:27:07Z,190764358184436,3532,btc_qm_engine:btc_ptmc_accept,0.9767452464
METRIC,2026-04-12T23:27:07Z,190764382528004,3532,btc_qm_engine:btc_nonces_total,29684736.0000000000
METRIC,2026-04-12T23:27:07Z,190764384581374,3532,btc_qm_engine:btc_nonce_coverage_pct,inf
HW_SAMPLE,2026-04-12T23:27:07Z,190764398528243,3532,btc_qm_engine:cpu_delta_pct,69.1614
HW_SAMPLE,2026-04-12T23:27:07Z,190764398528243,3532,btc_qm_engine:mem_used_pct,82.1379
HW_SAMPLE,2026-04-12T23:27:07Z,190764398528243,3532,btc_qm_engine:vm_rss_kb,7800
HW_SAMPLE,2026-04-12T23:27:07Z,190764398528243,3532,btc_qm_engine:vm_peak_kb,604968
HW_SAMPLE,2026-04-12T23:27:07Z,190764399847833,3532,btc_qm_engine:cpu_delta_pct,100.0000
HW_SAMPLE,2026-04-12T23:27:07Z,190764399847833,3532,btc_qm_engine:mem_used_pct,82.1379
HW_SAMPLE,2026-04-12T23:27:07Z,190764399847833,3532,btc_qm_engine:vm_rss_kb,7800
HW_SAMPLE,2026-04-12T23:27:07Z,190764399847833,3532,btc_qm_engine:vm_peak_kb,604968
HW_SAMPLE,2026-04-12T23:27:07Z,190764400495323,3532,btc_qm_engine:cpu_delta_pct,0.0000
HW_SAMPLE,2026-04-12T23:27:07Z,190764400495323,3532,btc_qm_engine:mem_used_pct,82.1379
HW_SAMPLE,2026-04-12T23:27:07Z,190764400495323,3532,btc_qm_engine:vm_rss_kb,7800
HW_SAMPLE,2026-04-12T23:27:07Z,190764400495323,3532,btc_qm_engine:vm_peak_kb,604968
HW_SAMPLE,2026-04-12T23:27:07Z,190764402912313,3532,btc_qm_engine:cpu_delta_pct,100.0000
HW_SAMPLE,2026-04-12T23:27:07Z,190764402912313,3532,btc_qm_engine:mem_used_pct,82.1379
HW_SAMPLE,2026-04-12T23:27:07Z,190764402912313,3532,btc_qm_engine:vm_rss_kb,7800
HW_SAMPLE,2026-04-12T23:27:07Z,190764402912313,3532,btc_qm_engine:vm_peak_kb,604968
HW_SAMPLE,2026-04-12T23:27:07Z,190764403319643,3532,btc_qm_engine:cpu_delta_pct,50.0000
HW_SAMPLE,2026-04-12T23:27:07Z,190764403319643,3532,btc_qm_engine:mem_used_pct,82.1379
HW_SAMPLE,2026-04-12T23:27:07Z,190764403319643,3532,btc_qm_engine:vm_rss_kb,7800
HW_SAMPLE,2026-04-12T23:27:07Z,190764403319643,3532,btc_qm_engine:vm_peak_kb,604968
HW_SAMPLE,2026-04-12T23:27:07Z,190764403999813,3532,btc_qm_engine:cpu_delta_pct,0.0000
HW_SAMPLE,2026-04-12T23:27:07Z,190764403999813,3532,btc_qm_engine:mem_used_pct,82.1379
HW_SAMPLE,2026-04-12T23:27:07Z,190764403999813,3532,btc_qm_engine:vm_rss_kb,7800
HW_SAMPLE,2026-04-12T23:27:07Z,190764403999813,3532,btc_qm_engine:vm_peak_kb,604968
HW_SAMPLE,2026-04-12T23:27:07Z,190764404390163,3532,btc_qm_engine:cpu_delta_pct,0.0000
HW_SAMPLE,2026-04-12T23:27:07Z,190764404390163,3532,btc_qm_engine:mem_used_pct,82.1379
HW_SAMPLE,2026-04-12T23:27:07Z,190764404390163,3532,btc_qm_engine:vm_rss_kb,7800
HW_SAMPLE,2026-04-12T23:27:07Z,190764404390163,3532,btc_qm_engine:vm_peak_kb,604968
HW_SAMPLE,2026-04-12T23:27:07Z,190764406192542,3532,btc_qm_engine:cpu_delta_pct,100.0000
HW_SAMPLE,2026-04-12T23:27:07Z,190764406192542,3532,btc_qm_engine:mem_used_pct,82.1379
HW_SAMPLE,2026-04-12T23:27:07Z,190764406192542,3532,btc_qm_engine:vm_rss_kb,7800
HW_SAMPLE,2026-04-12T23:27:07Z,190764406192542,3532,btc_qm_engine:vm_peak_kb,604968
METRIC,2026-04-12T23:27:07Z,190764414085642,3532,btc_qm_engine:btc_hashrate_mhs,0.9895062515
METRIC,2026-04-12T23:27:07Z,190764414132332,3532,btc_qm_engine:btc_hashrate_thread_id,7.0000000000
METRIC,2026-04-12T23:27:07Z,190764440949530,3532,btc_qm_engine:btc_nx48_delta_nonce_old,3.1296223142
METRIC,2026-04-12T23:27:07Z,190764441049450,3532,btc_qm_engine:btc_nx48_delta_nonce_new,3.0331958628
METRIC,2026-04-12T23:27:07Z,190764441070750,3532,btc_qm_engine:btc_nx48_batch_old,4.0000000000
METRIC,2026-04-12T23:27:07Z,190764441090060,3532,btc_qm_engine:btc_nx48_batch_new,4.0000000000
METRIC,2026-04-12T23:27:07Z,190764441134750,3532,btc_qm_engine:btc_nx48_loss,0.6241223935
METRIC,2026-04-12T23:27:07Z,190764441159190,3532,btc_qm_engine:btc_nx48_grad_norm,0.6494263717
METRIC,2026-04-12T23:27:07Z,190764441179740,3532,btc_qm_engine:btc_nx48_update_count,52.0000000000
METRIC,2026-04-12T23:27:07Z,190764441199100,3532,btc_qm_engine:btc_nx48_exploration_bias,0.4629303916
METRIC,2026-04-12T23:27:07Z,190764441217580,3532,btc_qm_engine:btc_hashrate_mhs,0.9887583758
METRIC,2026-04-12T23:27:07Z,190764441235970,3532,btc_qm_engine:btc_hashrate_thread_id,0.0000000000
METRIC,2026-04-12T23:27:07Z,190764441750230,3532,btc_qm_engine:btc_hashrate_mhs,0.9888340670
METRIC,2026-04-12T23:27:07Z,190764441802650,3532,btc_qm_engine:btc_hashrate_thread_id,1.0000000000
METRIC,2026-04-12T23:27:07Z,190764443910240,3532,btc_qm_engine:btc_hashrate_mhs,0.9888311344
METRIC,2026-04-12T23:27:07Z,190764443942360,3532,btc_qm_engine:btc_hashrate_thread_id,5.0000000000
METRIC,2026-04-12T23:27:07Z,190764449958680,3532,btc_qm_engine:btc_hashrate_mhs,0.9888706235
METRIC,2026-04-12T23:27:07Z,190764450058070,3532,btc_qm_engine:btc_hashrate_thread_id,3.0000000000
METRIC,2026-04-12T23:27:07Z,190764451109370,3532,btc_qm_engine:btc_hashrate_mhs,0.9889008771
METRIC,2026-04-12T23:27:07Z,190764451151900,3532,btc_qm_engine:btc_hashrate_thread_id,2.0000000000
METRIC,2026-04-12T23:27:07Z,190764453868639,3532,btc_qm_engine:btc_hashrate_mhs,0.9888782643
METRIC,2026-04-12T23:27:07Z,190764453935489,3532,btc_qm_engine:btc_hashrate_thread_id,6.0000000000
METRIC,2026-04-12T23:27:07Z,190764455637079,3532,btc_qm_engine:btc_hashrate_mhs,0.9888882031
METRIC,2026-04-12T23:27:07Z,190764455682929,3532,btc_qm_engine:btc_hashrate_thread_id,4.0000000000
METRIC,2026-04-12T23:27:07Z,190764460107689,3532,btc_qm_engine:btc_ptmc_rep_hot,1.0000000000
METRIC,2026-04-12T23:27:07Z,190764460158119,3532,btc_qm_engine:btc_ptmc_rep_cold,0.0000000000
METRIC,2026-04-12T23:27:07Z,190764460184239,3532,btc_qm_engine:btc_ptmc_accept,-0.5134171190
METRIC,2026-04-12T23:27:07Z,190764460214719,3532,btc_qm_engine:btc_ptmc_rep_hot,2.0000000000
METRIC,2026-04-12T23:27:07Z,190764460239979,3532,btc_qm_engine:btc_ptmc_rep_cold,1.0000000000
METRIC,2026-04-12T23:27:07Z,190764460264579,3532,btc_qm_engine:btc_ptmc_accept,1.0000000000
METRIC,2026-04-12T23:27:07Z,190764460292319,3532,btc_qm_engine:btc_ptmc_rep_hot,3.0000000000
METRIC,2026-04-12T23:27:07Z,190764460317019,3532,btc_qm_engine:btc_ptmc_rep_cold,2.0000000000
METRIC,2026-04-12T23:27:07Z,190764460341229,3532,btc_qm_engine:btc_ptmc_accept,1.0000000000
METRIC,2026-04-12T23:27:07Z,190764460368969,3532,btc_qm_engine:btc_ptmc_rep_hot,4.0000000000
METRIC,2026-04-12T23:27:07Z,190764460393809,3532,btc_qm_engine:btc_ptmc_rep_cold,3.0000000000
METRIC,2026-04-12T23:27:07Z,190764460416849,3532,btc_qm_engine:btc_ptmc_accept,1.0000000000
METRIC,2026-04-12T23:27:07Z,190764460443049,3532,btc_qm_engine:btc_ptmc_rep_hot,5.0000000000
METRIC,2026-04-12T23:27:07Z,190764460468749,3532,btc_qm_engine:btc_ptmc_rep_cold,4.0000000000
METRIC,2026-04-12T23:27:07Z,190764460492419,3532,btc_qm_engine:btc_ptmc_accept,1.0000000000
METRIC,2026-04-12T23:27:07Z,190764460524829,3532,btc_qm_engine:btc_ptmc_rep_hot,6.0000000000
METRIC,2026-04-12T23:27:07Z,190764460550619,3532,btc_qm_engine:btc_ptmc_rep_cold,5.0000000000
METRIC,2026-04-12T23:27:07Z,190764460585149,3532,btc_qm_engine:btc_ptmc_accept,1.0000000000
METRIC,2026-04-12T23:27:07Z,190764460618029,3532,btc_qm_engine:btc_ptmc_rep_hot,7.0000000000
METRIC,2026-04-12T23:27:07Z,190764460648989,3532,btc_qm_engine:btc_ptmc_rep_cold,6.0000000000
METRIC,2026-04-12T23:27:07Z,190764460679209,3532,btc_qm_engine:btc_ptmc_accept,1.0000000000
METRIC,2026-04-12T23:27:07Z,190764560563193,3532,btc_qm_engine:btc_ptmc_rep_hot,1.0000000000
METRIC,2026-04-12T23:27:07Z,190764560646883,3532,btc_qm_engine:btc_ptmc_rep_cold,0.0000000000
METRIC,2026-04-12T23:27:07Z,190764560674013,3532,btc_qm_engine:btc_ptmc_accept,1.0000000000
METRIC,2026-04-12T23:27:07Z,190764560704353,3532,btc_qm_engine:btc_ptmc_rep_hot,2.0000000000
METRIC,2026-04-12T23:27:07Z,190764560764913,3532,btc_qm_engine:btc_ptmc_rep_cold,1.0000000000
METRIC,2026-04-12T23:27:07Z,190764560789033,3532,btc_qm_engine:btc_ptmc_accept,1.0000000000
METRIC,2026-04-12T23:27:07Z,190764560820733,3532,btc_qm_engine:btc_ptmc_rep_hot,3.0000000000
METRIC,2026-04-12T23:27:07Z,190764560844673,3532,btc_qm_engine:btc_ptmc_rep_cold,2.0000000000
METRIC,2026-04-12T23:27:07Z,190764560868463,3532,btc_qm_engine:btc_ptmc_accept,1.0000000000
METRIC,2026-04-12T23:27:07Z,190764560899103,3532,btc_qm_engine:btc_ptmc_rep_hot,4.0000000000
METRIC,2026-04-12T23:27:07Z,190764560924203,3532,btc_qm_engine:btc_ptmc_rep_cold,3.0000000000
METRIC,2026-04-12T23:27:07Z,190764560948053,3532,btc_qm_engine:btc_ptmc_accept,1.0000000000
METRIC,2026-04-12T23:27:07Z,190764560977753,3532,btc_qm_engine:btc_ptmc_rep_hot,5.0000000000
METRIC,2026-04-12T23:27:07Z,190764561038493,3532,btc_qm_engine:btc_ptmc_rep_cold,4.0000000000
METRIC,2026-04-12T23:27:07Z,190764561065113,3532,btc_qm_engine:btc_ptmc_accept,1.0000000000
METRIC,2026-04-12T23:27:07Z,190764561098993,3532,btc_qm_engine:btc_ptmc_rep_hot,6.0000000000
METRIC,2026-04-12T23:27:07Z,190764561122633,3532,btc_qm_engine:btc_ptmc_rep_cold,5.0000000000
METRIC,2026-04-12T23:27:07Z,190764561147243,3532,btc_qm_engine:btc_ptmc_accept,1.0000000000
METRIC,2026-04-12T23:27:07Z,190764561181083,3532,btc_qm_engine:btc_ptmc_rep_hot,7.0000000000
METRIC,2026-04-12T23:27:07Z,190764561205483,3532,btc_qm_engine:btc_ptmc_rep_cold,6.0000000000
METRIC,2026-04-12T23:27:07Z,190764561229893,3532,btc_qm_engine:btc_ptmc_accept,1.0000000000
METRIC,2026-04-12T23:27:08Z,190764667103806,3532,btc_qm_engine:btc_ptmc_rep_hot,1.0000000000
METRIC,2026-04-12T23:27:08Z,190764667177986,3532,btc_qm_engine:btc_ptmc_rep_cold,0.0000000000
METRIC,2026-04-12T23:27:08Z,190764667204206,3532,btc_qm_engine:btc_ptmc_accept,1.0000000000
METRIC,2026-04-12T23:27:08Z,190764667234326,3532,btc_qm_engine:btc_ptmc_rep_hot,2.0000000000
METRIC,2026-04-12T23:27:08Z,190764667258736,3532,btc_qm_engine:btc_ptmc_rep_cold,1.0000000000
METRIC,2026-04-12T23:27:08Z,190764667283086,3532,btc_qm_engine:btc_ptmc_accept,1.0000000000
METRIC,2026-04-12T23:27:08Z,190764667314786,3532,btc_qm_engine:btc_ptmc_rep_hot,3.0000000000
METRIC,2026-04-12T23:27:08Z,190764667338776,3532,btc_qm_engine:btc_ptmc_rep_cold,2.0000000000
METRIC,2026-04-12T23:27:08Z,190764667362976,3532,btc_qm_engine:btc_ptmc_accept,1.0000000000
METRIC,2026-04-12T23:27:08Z,190764667390346,3532,btc_qm_engine:btc_ptmc_rep_hot,4.0000000000
METRIC,2026-04-12T23:27:08Z,190764667426366,3532,btc_qm_engine:btc_ptmc_rep_cold,3.0000000000
METRIC,2026-04-12T23:27:08Z,190764667458756,3532,btc_qm_engine:btc_ptmc_accept,1.0000000000
METRIC,2026-04-12T23:27:08Z,190764667489766,3532,btc_qm_engine:btc_ptmc_rep_hot,5.0000000000
METRIC,2026-04-12T23:27:08Z,190764667514576,3532,btc_qm_engine:btc_ptmc_rep_cold,4.0000000000
METRIC,2026-04-12T23:27:08Z,190764667538906,3532,btc_qm_engine:btc_ptmc_accept,1.0000000000
METRIC,2026-04-12T23:27:08Z,190764667569656,3532,btc_qm_engine:btc_ptmc_rep_hot,6.0000000000
METRIC,2026-04-12T23:27:08Z,190764667594156,3532,btc_qm_engine:btc_ptmc_rep_cold,5.0000000000
METRIC,2026-04-12T23:27:08Z,190764667618246,3532,btc_qm_engine:btc_ptmc_accept,1.0000000000
METRIC,2026-04-12T23:27:08Z,190764667648356,3532,btc_qm_engine:btc_ptmc_rep_hot,7.0000000000
METRIC,2026-04-12T23:27:08Z,190764667672396,3532,btc_qm_engine:btc_ptmc_rep_cold,6.0000000000
METRIC,2026-04-12T23:27:08Z,190764667696626,3532,btc_qm_engine:btc_ptmc_accept,1.0000000000
METRIC,2026-04-12T23:27:08Z,190764770721959,3532,btc_qm_engine:btc_ptmc_rep_hot,1.0000000000
METRIC,2026-04-12T23:27:08Z,190764770811659,3532,btc_qm_engine:btc_ptmc_rep_cold,0.0000000000
METRIC,2026-04-12T23:27:08Z,190764770837969,3532,btc_qm_engine:btc_ptmc_accept,1.0000000000
METRIC,2026-04-12T23:27:08Z,190764770869119,3532,btc_qm_engine:btc_ptmc_rep_hot,2.0000000000
METRIC,2026-04-12T23:27:08Z,190764770894149,3532,btc_qm_engine:btc_ptmc_rep_cold,1.0000000000
METRIC,2026-04-12T23:27:08Z,190764770918709,3532,btc_qm_engine:btc_ptmc_accept,1.0000000000
METRIC,2026-04-12T23:27:08Z,190764770948159,3532,btc_qm_engine:btc_ptmc_rep_hot,3.0000000000
METRIC,2026-04-12T23:27:08Z,190764771043219,3532,btc_qm_engine:btc_ptmc_rep_cold,2.0000000000
METRIC,2026-04-12T23:27:08Z,190764771063069,3532,btc_qm_engine:btc_ptmc_accept,1.0000000000
METRIC,2026-04-12T23:27:08Z,190764771089289,3532,btc_qm_engine:btc_ptmc_rep_hot,4.0000000000
METRIC,2026-04-12T23:27:08Z,190764771113849,3532,btc_qm_engine:btc_ptmc_rep_cold,3.0000000000
METRIC,2026-04-12T23:27:08Z,190764771137289,3532,btc_qm_engine:btc_ptmc_accept,1.0000000000
METRIC,2026-04-12T23:27:08Z,190764771166609,3532,btc_qm_engine:btc_ptmc_rep_hot,5.0000000000
METRIC,2026-04-12T23:27:08Z,190764771191379,3532,btc_qm_engine:btc_ptmc_rep_cold,4.0000000000
METRIC,2026-04-12T23:27:08Z,190764771215309,3532,btc_qm_engine:btc_ptmc_accept,1.0000000000
METRIC,2026-04-12T23:27:08Z,190764771246499,3532,btc_qm_engine:btc_ptmc_rep_hot,6.0000000000
METRIC,2026-04-12T23:27:08Z,190764771270369,3532,btc_qm_engine:btc_ptmc_rep_cold,5.0000000000
METRIC,2026-04-12T23:27:08Z,190764771294379,3532,btc_qm_engine:btc_ptmc_accept,1.0000000000
METRIC,2026-04-12T23:27:08Z,190764771322179,3532,btc_qm_engine:btc_ptmc_rep_hot,7.0000000000
METRIC,2026-04-12T23:27:08Z,190764771345749,3532,btc_qm_engine:btc_ptmc_rep_cold,6.0000000000
METRIC,2026-04-12T23:27:08Z,190764771369159,3532,btc_qm_engine:btc_ptmc_accept,1.0000000000
METRIC,2026-04-12T23:27:08Z,190764876219262,3532,btc_qm_engine:btc_ptmc_rep_hot,1.0000000000
METRIC,2026-04-12T23:27:08Z,190764876293112,3532,btc_qm_engine:btc_ptmc_rep_cold,0.0000000000
METRIC,2026-04-12T23:27:08Z,190764876323462,3532,btc_qm_engine:btc_ptmc_accept,1.0000000000
METRIC,2026-04-12T23:27:08Z,190764876355912,3532,btc_qm_engine:btc_ptmc_rep_hot,2.0000000000
METRIC,2026-04-12T23:27:08Z,190764876381322,3532,btc_qm_engine:btc_ptmc_rep_cold,1.0000000000
METRIC,2026-04-12T23:27:08Z,190764876405582,3532,btc_qm_engine:btc_ptmc_accept,1.0000000000
METRIC,2026-04-12T23:27:08Z,190764876435602,3532,btc_qm_engine:btc_ptmc_rep_hot,3.0000000000
METRIC,2026-04-12T23:27:08Z,190764876460862,3532,btc_qm_engine:btc_ptmc_rep_cold,2.0000000000
METRIC,2026-04-12T23:27:08Z,190764876485462,3532,btc_qm_engine:btc_ptmc_accept,1.0000000000
METRIC,2026-04-12T23:27:08Z,190764876517232,3532,btc_qm_engine:btc_ptmc_rep_hot,4.0000000000
METRIC,2026-04-12T23:27:08Z,190764876541832,3532,btc_qm_engine:btc_ptmc_rep_cold,3.0000000000
METRIC,2026-04-12T23:27:08Z,190764876566512,3532,btc_qm_engine:btc_ptmc_accept,1.0000000000
METRIC,2026-04-12T23:27:08Z,190764876598162,3532,btc_qm_engine:btc_ptmc_rep_hot,5.0000000000
METRIC,2026-04-12T23:27:08Z,190764876623072,3532,btc_qm_engine:btc_ptmc_rep_cold,4.0000000000
METRIC,2026-04-12T23:27:08Z,190764876647522,3532,btc_qm_engine:btc_ptmc_accept,1.0000000000
METRIC,2026-04-12T23:27:08Z,190764876677342,3532,btc_qm_engine:btc_ptmc_rep_hot,6.0000000000
METRIC,2026-04-12T23:27:08Z,190764876701722,3532,btc_qm_engine:btc_ptmc_rep_cold,5.0000000000
METRIC,2026-04-12T23:27:08Z,190764876726082,3532,btc_qm_engine:btc_ptmc_accept,1.0000000000
METRIC,2026-04-12T23:27:08Z,190764876755052,3532,btc_qm_engine:btc_ptmc_rep_hot,7.0000000000
METRIC,2026-04-12T23:27:08Z,190764876780172,3532,btc_qm_engine:btc_ptmc_rep_cold,6.0000000000
METRIC,2026-04-12T23:27:08Z,190764876805052,3532,btc_qm_engine:btc_ptmc_accept,1.0000000000
METRIC,2026-04-12T23:27:08Z,190764979859476,3532,btc_qm_engine:btc_ptmc_rep_hot,1.0000000000
METRIC,2026-04-12T23:27:08Z,190764979932926,3532,btc_qm_engine:btc_ptmc_rep_cold,0.0000000000
METRIC,2026-04-12T23:27:08Z,190764979957895,3532,btc_qm_engine:btc_ptmc_accept,0.5136174742
METRIC,2026-04-12T23:27:08Z,190764979997615,3532,btc_qm_engine:btc_ptmc_rep_hot,2.0000000000
METRIC,2026-04-12T23:27:08Z,190764980080985,3532,btc_qm_engine:btc_ptmc_rep_cold,1.0000000000
METRIC,2026-04-12T23:27:08Z,190764980105775,3532,btc_qm_engine:btc_ptmc_accept,0.7165701146
METRIC,2026-04-12T23:27:08Z,190764980130315,3532,btc_qm_engine:btc_ptmc_rep_hot,3.0000000000
METRIC,2026-04-12T23:27:08Z,190764980154145,3532,btc_qm_engine:btc_ptmc_rep_cold,2.0000000000
METRIC,2026-04-12T23:27:08Z,190764980178545,3532,btc_qm_engine:btc_ptmc_accept,-0.8464931860
METRIC,2026-04-12T23:27:08Z,190764980224275,3532,btc_qm_engine:btc_ptmc_rep_hot,4.0000000000
METRIC,2026-04-12T23:27:08Z,190764980247225,3532,btc_qm_engine:btc_ptmc_rep_cold,3.0000000000
METRIC,2026-04-12T23:27:08Z,190764980268695,3532,btc_qm_engine:btc_ptmc_accept,1.0000000000
METRIC,2026-04-12T23:27:08Z,190764980297525,3532,btc_qm_engine:btc_ptmc_rep_hot,5.0000000000
METRIC,2026-04-12T23:27:08Z,190764980320615,3532,btc_qm_engine:btc_ptmc_rep_cold,4.0000000000
METRIC,2026-04-12T23:27:08Z,190764980343665,3532,btc_qm_engine:btc_ptmc_accept,1.0000000000
METRIC,2026-04-12T23:27:08Z,190764980370245,3532,btc_qm_engine:btc_ptmc_rep_hot,6.0000000000
METRIC,2026-04-12T23:27:08Z,190764980401715,3532,btc_qm_engine:btc_ptmc_rep_cold,5.0000000000
METRIC,2026-04-12T23:27:08Z,190764980427335,3532,btc_qm_engine:btc_ptmc_accept,1.0000000000
METRIC,2026-04-12T23:27:08Z,190764980452965,3532,btc_qm_engine:btc_ptmc_rep_hot,7.0000000000
METRIC,2026-04-12T23:27:08Z,190764980478175,3532,btc_qm_engine:btc_ptmc_rep_cold,6.0000000000
METRIC,2026-04-12T23:27:08Z,190764980501055,3532,btc_qm_engine:btc_ptmc_accept,1.0000000000
METRIC,2026-04-12T23:27:08Z,190765079940459,3532,btc_qm_engine:btc_ptmc_rep_hot,1.0000000000
METRIC,2026-04-12T23:27:08Z,190765080080519,3532,btc_qm_engine:btc_ptmc_rep_cold,0.0000000000
METRIC,2026-04-12T23:27:08Z,190765080108009,3532,btc_qm_engine:btc_ptmc_accept,1.0000000000
METRIC,2026-04-12T23:27:08Z,190765080137459,3532,btc_qm_engine:btc_ptmc_rep_hot,2.0000000000
METRIC,2026-04-12T23:27:08Z,190765080162419,3532,btc_qm_engine:btc_ptmc_rep_cold,1.0000000000
METRIC,2026-04-12T23:27:08Z,190765080187099,3532,btc_qm_engine:btc_ptmc_accept,1.0000000000
METRIC,2026-04-12T23:27:08Z,190765080221009,3532,btc_qm_engine:btc_ptmc_rep_hot,3.0000000000
METRIC,2026-04-12T23:27:08Z,190765080245389,3532,btc_qm_engine:btc_ptmc_rep_cold,2.0000000000
METRIC,2026-04-12T23:27:08Z,190765080270489,3532,btc_qm_engine:btc_ptmc_accept,1.0000000000
METRIC,2026-04-12T23:27:08Z,190765080295479,3532,btc_qm_engine:btc_ptmc_rep_hot,4.0000000000
METRIC,2026-04-12T23:27:08Z,190765080319669,3532,btc_qm_engine:btc_ptmc_rep_cold,3.0000000000
METRIC,2026-04-12T23:27:08Z,190765080344209,3532,btc_qm_engine:btc_ptmc_accept,1.0000000000
METRIC,2026-04-12T23:27:08Z,190765080368939,3532,btc_qm_engine:btc_ptmc_rep_hot,5.0000000000
METRIC,2026-04-12T23:27:08Z,190765080392789,3532,btc_qm_engine:btc_ptmc_rep_cold,4.0000000000
METRIC,2026-04-12T23:27:08Z,190765080415719,3532,btc_qm_engine:btc_ptmc_accept,1.0000000000
METRIC,2026-04-12T23:27:08Z,190765080444589,3532,btc_qm_engine:btc_ptmc_rep_hot,6.0000000000
METRIC,2026-04-12T23:27:08Z,190765080468979,3532,btc_qm_engine:btc_ptmc_rep_cold,5.0000000000
METRIC,2026-04-12T23:27:08Z,190765080492069,3532,btc_qm_engine:btc_ptmc_accept,1.0000000000
METRIC,2026-04-12T23:27:08Z,190765080522589,3532,btc_qm_engine:btc_ptmc_rep_hot,7.0000000000
METRIC,2026-04-12T23:27:08Z,190765080548909,3532,btc_qm_engine:btc_ptmc_rep_cold,6.0000000000
METRIC,2026-04-12T23:27:08Z,190765080573369,3532,btc_qm_engine:btc_ptmc_accept,1.0000000000
METRIC,2026-04-12T23:27:08Z,190765180295693,3532,btc_qm_engine:btc_ptmc_rep_hot,1.0000000000
METRIC,2026-04-12T23:27:08Z,190765180354093,3532,btc_qm_engine:btc_ptmc_rep_cold,0.0000000000
METRIC,2026-04-12T23:27:08Z,190765180375913,3532,btc_qm_engine:btc_ptmc_accept,1.0000000000
METRIC,2026-04-12T23:27:08Z,190765180404643,3532,btc_qm_engine:btc_ptmc_rep_hot,2.0000000000
METRIC,2026-04-12T23:27:08Z,190765180423603,3532,btc_qm_engine:btc_ptmc_rep_cold,1.0000000000
METRIC,2026-04-12T23:27:08Z,190765180441963,3532,btc_qm_engine:btc_ptmc_accept,1.0000000000
METRIC,2026-04-12T23:27:08Z,190765180470103,3532,btc_qm_engine:btc_ptmc_rep_hot,3.0000000000
METRIC,2026-04-12T23:27:08Z,190765180495073,3532,btc_qm_engine:btc_ptmc_rep_cold,2.0000000000
METRIC,2026-04-12T23:27:08Z,190765180513513,3532,btc_qm_engine:btc_ptmc_accept,1.0000000000
METRIC,2026-04-12T23:27:08Z,190765180548303,3532,btc_qm_engine:btc_ptmc_rep_hot,4.0000000000
METRIC,2026-04-12T23:27:08Z,190765180580973,3532,btc_qm_engine:btc_ptmc_rep_cold,3.0000000000
METRIC,2026-04-12T23:27:08Z,190765180599853,3532,btc_qm_engine:btc_ptmc_accept,1.0000000000
METRIC,2026-04-12T23:27:08Z,190765180624713,3532,btc_qm_engine:btc_ptmc_rep_hot,5.0000000000
METRIC,2026-04-12T23:27:08Z,190765180649753,3532,btc_qm_engine:btc_ptmc_rep_cold,4.0000000000
METRIC,2026-04-12T23:27:08Z,190765180673733,3532,btc_qm_engine:btc_ptmc_accept,1.0000000000
METRIC,2026-04-12T23:27:08Z,190765180703663,3532,btc_qm_engine:btc_ptmc_rep_hot,6.0000000000
METRIC,2026-04-12T23:27:08Z,190765180727213,3532,btc_qm_engine:btc_ptmc_rep_cold,5.0000000000
METRIC,2026-04-12T23:27:08Z,190765180751533,3532,btc_qm_engine:btc_ptmc_accept,1.0000000000
METRIC,2026-04-12T23:27:08Z,190765180782173,3532,btc_qm_engine:btc_ptmc_rep_hot,7.0000000000
METRIC,2026-04-12T23:27:08Z,190765180806113,3532,btc_qm_engine:btc_ptmc_rep_cold,6.0000000000
METRIC,2026-04-12T23:27:08Z,190765180830653,3532,btc_qm_engine:btc_ptmc_accept,1.0000000000
METRIC,2026-04-12T23:27:08Z,190765285290656,3532,btc_qm_engine:btc_ptmc_rep_hot,1.0000000000
METRIC,2026-04-12T23:27:08Z,190765285372896,3532,btc_qm_engine:btc_ptmc_rep_cold,0.0000000000
METRIC,2026-04-12T23:27:08Z,190765285399696,3532,btc_qm_engine:btc_ptmc_accept,1.0000000000
METRIC,2026-04-12T23:27:08Z,190765285429936,3532,btc_qm_engine:btc_ptmc_rep_hot,2.0000000000
METRIC,2026-04-12T23:27:08Z,190765285475646,3532,btc_qm_engine:btc_ptmc_rep_cold,1.0000000000
METRIC,2026-04-12T23:27:08Z,190765285500476,3532,btc_qm_engine:btc_ptmc_accept,1.0000000000
METRIC,2026-04-12T23:27:08Z,190765285530646,3532,btc_qm_engine:btc_ptmc_rep_hot,3.0000000000
METRIC,2026-04-12T23:27:08Z,190765285555356,3532,btc_qm_engine:btc_ptmc_rep_cold,2.0000000000
METRIC,2026-04-12T23:27:08Z,190765285577996,3532,btc_qm_engine:btc_ptmc_accept,1.0000000000
METRIC,2026-04-12T23:27:08Z,190765285601306,3532,btc_qm_engine:btc_ptmc_rep_hot,4.0000000000
METRIC,2026-04-12T23:27:08Z,190765285626896,3532,btc_qm_engine:btc_ptmc_rep_cold,3.0000000000
METRIC,2026-04-12T23:27:08Z,190765285650866,3532,btc_qm_engine:btc_ptmc_accept,1.0000000000
METRIC,2026-04-12T23:27:08Z,190765285674306,3532,btc_qm_engine:btc_ptmc_rep_hot,5.0000000000
METRIC,2026-04-12T23:27:08Z,190765285699466,3532,btc_qm_engine:btc_ptmc_rep_cold,4.0000000000
METRIC,2026-04-12T23:27:08Z,190765285724956,3532,btc_qm_engine:btc_ptmc_accept,1.0000000000
METRIC,2026-04-12T23:27:08Z,190765285764456,3532,btc_qm_engine:btc_ptmc_rep_hot,6.0000000000
METRIC,2026-04-12T23:27:08Z,190765285788826,3532,btc_qm_engine:btc_ptmc_rep_cold,5.0000000000
METRIC,2026-04-12T23:27:08Z,190765285814036,3532,btc_qm_engine:btc_ptmc_accept,1.0000000000
METRIC,2026-04-12T23:27:08Z,190765285843546,3532,btc_qm_engine:btc_ptmc_rep_hot,7.0000000000
METRIC,2026-04-12T23:27:08Z,190765285868576,3532,btc_qm_engine:btc_ptmc_rep_cold,6.0000000000
METRIC,2026-04-12T23:27:08Z,190765285893006,3532,btc_qm_engine:btc_ptmc_accept,1.0000000000
METRIC,2026-04-12T23:27:08Z,190765385354019,3532,btc_qm_engine:btc_ptmc_rep_hot,1.0000000000
METRIC,2026-04-12T23:27:08Z,190765385451089,3532,btc_qm_engine:btc_ptmc_rep_cold,0.0000000000
METRIC,2026-04-12T23:27:08Z,190765385488169,3532,btc_qm_engine:btc_ptmc_accept,-0.2636887251
METRIC,2026-04-12T23:27:08Z,190765385514699,3532,btc_qm_engine:btc_ptmc_rep_hot,2.0000000000
METRIC,2026-04-12T23:27:08Z,190765385539359,3532,btc_qm_engine:btc_ptmc_rep_cold,1.0000000000
METRIC,2026-04-12T23:27:08Z,190765385563329,3532,btc_qm_engine:btc_ptmc_accept,1.0000000000
METRIC,2026-04-12T23:27:08Z,190765385592199,3532,btc_qm_engine:btc_ptmc_rep_hot,3.0000000000
METRIC,2026-04-12T23:27:08Z,190765385616349,3532,btc_qm_engine:btc_ptmc_rep_cold,2.0000000000
METRIC,2026-04-12T23:27:08Z,190765385647259,3532,btc_qm_engine:btc_ptmc_accept,1.0000000000
METRIC,2026-04-12T23:27:08Z,190765385684689,3532,btc_qm_engine:btc_ptmc_rep_hot,4.0000000000
METRIC,2026-04-12T23:27:08Z,190765385709199,3532,btc_qm_engine:btc_ptmc_rep_cold,3.0000000000
METRIC,2026-04-12T23:27:08Z,190765385733729,3532,btc_qm_engine:btc_ptmc_accept,1.0000000000
METRIC,2026-04-12T23:27:08Z,190765385769459,3532,btc_qm_engine:btc_ptmc_rep_hot,5.0000000000
METRIC,2026-04-12T23:27:08Z,190765385793639,3532,btc_qm_engine:btc_ptmc_rep_cold,4.0000000000
METRIC,2026-04-12T23:27:08Z,190765385818009,3532,btc_qm_engine:btc_ptmc_accept,1.0000000000
METRIC,2026-04-12T23:27:08Z,190765385847719,3532,btc_qm_engine:btc_ptmc_rep_hot,6.0000000000
METRIC,2026-04-12T23:27:08Z,190765385871869,3532,btc_qm_engine:btc_ptmc_rep_cold,5.0000000000
METRIC,2026-04-12T23:27:08Z,190765385895759,3532,btc_qm_engine:btc_ptmc_accept,1.0000000000
METRIC,2026-04-12T23:27:08Z,190765385920119,3532,btc_qm_engine:btc_ptmc_rep_hot,7.0000000000
METRIC,2026-04-12T23:27:08Z,190765385944659,3532,btc_qm_engine:btc_ptmc_rep_cold,6.0000000000
METRIC,2026-04-12T23:27:08Z,190765385968959,3532,btc_qm_engine:btc_ptmc_accept,1.0000000000
METRIC,2026-04-12T23:27:08Z,190765488506163,3532,btc_qm_engine:btc_ptmc_rep_hot,1.0000000000
METRIC,2026-04-12T23:27:08Z,190765488585833,3532,btc_qm_engine:btc_ptmc_rep_cold,0.0000000000
METRIC,2026-04-12T23:27:08Z,190765488611793,3532,btc_qm_engine:btc_ptmc_accept,1.0000000000
METRIC,2026-04-12T23:27:08Z,190765488651213,3532,btc_qm_engine:btc_ptmc_rep_hot,2.0000000000
METRIC,2026-04-12T23:27:08Z,190765488675043,3532,btc_qm_engine:btc_ptmc_rep_cold,1.0000000000
METRIC,2026-04-12T23:27:08Z,190765488699093,3532,btc_qm_engine:btc_ptmc_accept,0.5133923664
METRIC,2026-04-12T23:27:08Z,190765488769413,3532,btc_qm_engine:btc_ptmc_rep_hot,3.0000000000
METRIC,2026-04-12T23:27:08Z,190765488795263,3532,btc_qm_engine:btc_ptmc_rep_cold,2.0000000000
METRIC,2026-04-12T23:27:08Z,190765488820273,3532,btc_qm_engine:btc_ptmc_accept,0.8464766237
METRIC,2026-04-12T23:27:08Z,190765488850643,3532,btc_qm_engine:btc_ptmc_rep_hot,4.0000000000
METRIC,2026-04-12T23:27:08Z,190765488874843,3532,btc_qm_engine:btc_ptmc_rep_cold,3.0000000000
METRIC,2026-04-12T23:27:08Z,190765488900303,3532,btc_qm_engine:btc_ptmc_accept,0.9048354550
METRIC,2026-04-12T23:27:08Z,190765488930183,3532,btc_qm_engine:btc_ptmc_rep_hot,5.0000000000
METRIC,2026-04-12T23:27:08Z,190765488953153,3532,btc_qm_engine:btc_ptmc_rep_cold,4.0000000000
METRIC,2026-04-12T23:27:08Z,190765488978233,3532,btc_qm_engine:btc_ptmc_accept,0.9394122667
METRIC,2026-04-12T23:27:08Z,190765489141453,3532,btc_qm_engine:btc_ptmc_rep_hot,6.0000000000
METRIC,2026-04-12T23:27:08Z,190765489186123,3532,btc_qm_engine:btc_ptmc_rep_cold,5.0000000000
METRIC,2026-04-12T23:27:08Z,190765489215773,3532,btc_qm_engine:btc_ptmc_accept,0.9298538586
METRIC,2026-04-12T23:27:08Z,190765489248243,3532,btc_qm_engine:btc_ptmc_rep_hot,7.0000000000
METRIC,2026-04-12T23:27:08Z,190765489306183,3532,btc_qm_engine:btc_ptmc_rep_cold,6.0000000000
METRIC,2026-04-12T23:27:08Z,190765489325203,3532,btc_qm_engine:btc_ptmc_accept,0.9767446541
METRIC,2026-04-12T23:27:08Z,190765589516876,3532,btc_qm_engine:btc_ptmc_rep_hot,1.0000000000
METRIC,2026-04-12T23:27:08Z,190765589588856,3532,btc_qm_engine:btc_ptmc_rep_cold,0.0000000000
METRIC,2026-04-12T23:27:08Z,190765589615346,3532,btc_qm_engine:btc_ptmc_accept,0.5136669338
METRIC,2026-04-12T23:27:08Z,190765589646516,3532,btc_qm_engine:btc_ptmc_rep_hot,2.0000000000
METRIC,2026-04-12T23:27:08Z,190765589671566,3532,btc_qm_engine:btc_ptmc_rep_cold,1.0000000000
METRIC,2026-04-12T23:27:08Z,190765589696246,3532,btc_qm_engine:btc_ptmc_accept,1.0000000000
METRIC,2026-04-12T23:27:08Z,190765589727436,3532,btc_qm_engine:btc_ptmc_rep_hot,3.0000000000
METRIC,2026-04-12T23:27:08Z,190765589756956,3532,btc_qm_engine:btc_ptmc_rep_cold,2.0000000000
METRIC,2026-04-12T23:27:08Z,190765589781516,3532,btc_qm_engine:btc_ptmc_accept,1.0000000000
METRIC,2026-04-12T23:27:08Z,190765589820446,3532,btc_qm_engine:btc_ptmc_rep_hot,4.0000000000
METRIC,2026-04-12T23:27:08Z,190765589845186,3532,btc_qm_engine:btc_ptmc_rep_cold,3.0000000000
METRIC,2026-04-12T23:27:08Z,190765589870836,3532,btc_qm_engine:btc_ptmc_accept,0.9048393810
METRIC,2026-04-12T23:27:08Z,190765589905406,3532,btc_qm_engine:btc_ptmc_rep_hot,5.0000000000
METRIC,2026-04-12T23:27:08Z,190765589930666,3532,btc_qm_engine:btc_ptmc_rep_cold,4.0000000000
METRIC,2026-04-12T23:27:08Z,190765589955406,3532,btc_qm_engine:btc_ptmc_accept,0.9394138589
METRIC,2026-04-12T23:27:08Z,190765589983616,3532,btc_qm_engine:btc_ptmc_rep_hot,6.0000000000
METRIC,2026-04-12T23:27:08Z,190765590025566,3532,btc_qm_engine:btc_ptmc_rep_cold,5.0000000000
METRIC,2026-04-12T23:27:08Z,190765590050846,3532,btc_qm_engine:btc_ptmc_accept,0.9642898556
METRIC,2026-04-12T23:27:08Z,190765590082826,3532,btc_qm_engine:btc_ptmc_rep_hot,7.0000000000
METRIC,2026-04-12T23:27:08Z,190765590106886,3532,btc_qm_engine:btc_ptmc_rep_cold,6.0000000000
METRIC,2026-04-12T23:27:08Z,190765590131486,3532,btc_qm_engine:btc_ptmc_accept,0.9767447714
METRIC,2026-04-12T23:27:09Z,190765691219780,3532,btc_qm_engine:btc_ptmc_rep_hot,1.0000000000
METRIC,2026-04-12T23:27:09Z,190765691300410,3532,btc_qm_engine:btc_ptmc_rep_cold,0.0000000000
METRIC,2026-04-12T23:27:09Z,190765691327480,3532,btc_qm_engine:btc_ptmc_accept,-0.1354937842
METRIC,2026-04-12T23:27:09Z,190765691359630,3532,btc_qm_engine:btc_ptmc_rep_hot,2.0000000000
METRIC,2026-04-12T23:27:09Z,190765691384530,3532,btc_qm_engine:btc_ptmc_rep_cold,1.0000000000
METRIC,2026-04-12T23:27:09Z,190765691409020,3532,btc_qm_engine:btc_ptmc_accept,1.0000000000
METRIC,2026-04-12T23:27:09Z,190765691445180,3532,btc_qm_engine:btc_ptmc_rep_hot,3.0000000000
METRIC,2026-04-12T23:27:09Z,190765691469930,3532,btc_qm_engine:btc_ptmc_rep_cold,2.0000000000
METRIC,2026-04-12T23:27:09Z,190765691535680,3532,btc_qm_engine:btc_ptmc_accept,1.0000000000
METRIC,2026-04-12T23:27:09Z,190765691569620,3532,btc_qm_engine:btc_ptmc_rep_hot,4.0000000000
METRIC,2026-04-12T23:27:09Z,190765691593980,3532,btc_qm_engine:btc_ptmc_rep_cold,3.0000000000
METRIC,2026-04-12T23:27:09Z,190765691617960,3532,btc_qm_engine:btc_ptmc_accept,1.0000000000
METRIC,2026-04-12T23:27:09Z,190765691645370,3532,btc_qm_engine:btc_ptmc_rep_hot,5.0000000000
METRIC,2026-04-12T23:27:09Z,190765691669870,3532,btc_qm_engine:btc_ptmc_rep_cold,4.0000000000
METRIC,2026-04-12T23:27:09Z,190765691694400,3532,btc_qm_engine:btc_ptmc_accept,0.9394148515
METRIC,2026-04-12T23:27:09Z,190765691725290,3532,btc_qm_engine:btc_ptmc_rep_hot,6.0000000000
METRIC,2026-04-12T23:27:09Z,190765691755450,3532,btc_qm_engine:btc_ptmc_rep_cold,5.0000000000
METRIC,2026-04-12T23:27:09Z,190765691779080,3532,btc_qm_engine:btc_ptmc_accept,1.0000000000
METRIC,2026-04-12T23:27:09Z,190765691811240,3532,btc_qm_engine:btc_ptmc_rep_hot,7.0000000000
METRIC,2026-04-12T23:27:09Z,190765691835830,3532,btc_qm_engine:btc_ptmc_rep_cold,6.0000000000
METRIC,2026-04-12T23:27:09Z,190765691859140,3532,btc_qm_engine:btc_ptmc_accept,0.9767450351
METRIC,2026-04-12T23:27:09Z,190765794846813,3532,btc_qm_engine:btc_ptmc_rep_hot,1.0000000000
METRIC,2026-04-12T23:27:09Z,190765794916823,3532,btc_qm_engine:btc_ptmc_rep_cold,0.0000000000
METRIC,2026-04-12T23:27:09Z,190765794943983,3532,btc_qm_engine:btc_ptmc_accept,1.0000000000
METRIC,2026-04-12T23:27:09Z,190765794976933,3532,btc_qm_engine:btc_ptmc_rep_hot,2.0000000000
METRIC,2026-04-12T23:27:09Z,190765795044503,3532,btc_qm_engine:btc_ptmc_rep_cold,1.0000000000
METRIC,2026-04-12T23:27:09Z,190765795072363,3532,btc_qm_engine:btc_ptmc_accept,1.0000000000
METRIC,2026-04-12T23:27:09Z,190765795102843,3532,btc_qm_engine:btc_ptmc_rep_hot,3.0000000000
METRIC,2026-04-12T23:27:09Z,190765795121853,3532,btc_qm_engine:btc_ptmc_rep_cold,2.0000000000
METRIC,2026-04-12T23:27:09Z,190765795141063,3532,btc_qm_engine:btc_ptmc_accept,1.0000000000
METRIC,2026-04-12T23:27:09Z,190765795166823,3532,btc_qm_engine:btc_ptmc_rep_hot,4.0000000000
METRIC,2026-04-12T23:27:09Z,190765795185953,3532,btc_qm_engine:btc_ptmc_rep_cold,3.0000000000
METRIC,2026-04-12T23:27:09Z,190765795204603,3532,btc_qm_engine:btc_ptmc_accept,1.0000000000
METRIC,2026-04-12T23:27:09Z,190765795234653,3532,btc_qm_engine:btc_ptmc_rep_hot,5.0000000000
METRIC,2026-04-12T23:27:09Z,190765795271433,3532,btc_qm_engine:btc_ptmc_rep_cold,4.0000000000
METRIC,2026-04-12T23:27:09Z,190765795307763,3532,btc_qm_engine:btc_ptmc_accept,1.0000000000
METRIC,2026-04-12T23:27:09Z,190765795337763,3532,btc_qm_engine:btc_ptmc_rep_hot,6.0000000000
METRIC,2026-04-12T23:27:09Z,190765795362553,3532,btc_qm_engine:btc_ptmc_rep_cold,5.0000000000
METRIC,2026-04-12T23:27:09Z,190765795385963,3532,btc_qm_engine:btc_ptmc_accept,1.0000000000
METRIC,2026-04-12T23:27:09Z,190765795408223,3532,btc_qm_engine:btc_ptmc_rep_hot,7.0000000000
METRIC,2026-04-12T23:27:09Z,190765795426963,3532,btc_qm_engine:btc_ptmc_rep_cold,6.0000000000
METRIC,2026-04-12T23:27:09Z,190765795445593,3532,btc_qm_engine:btc_ptmc_accept,1.0000000000
METRIC,2026-04-12T23:27:09Z,190765899766576,3532,btc_qm_engine:btc_ptmc_rep_hot,1.0000000000
METRIC,2026-04-12T23:27:09Z,190765899840606,3532,btc_qm_engine:btc_ptmc_rep_cold,0.0000000000
METRIC,2026-04-12T23:27:09Z,190765899861546,3532,btc_qm_engine:btc_ptmc_accept,1.0000000000
METRIC,2026-04-12T23:27:09Z,190765899880836,3532,btc_qm_engine:btc_ptmc_rep_hot,2.0000000000
METRIC,2026-04-12T23:27:09Z,190765899899686,3532,btc_qm_engine:btc_ptmc_rep_cold,1.0000000000
METRIC,2026-04-12T23:27:09Z,190765899922636,3532,btc_qm_engine:btc_ptmc_accept,1.0000000000
METRIC,2026-04-12T23:27:09Z,190765899951806,3532,btc_qm_engine:btc_ptmc_rep_hot,3.0000000000
METRIC,2026-04-12T23:27:09Z,190765899976586,3532,btc_qm_engine:btc_ptmc_rep_cold,2.0000000000
METRIC,2026-04-12T23:27:09Z,190765900059776,3532,btc_qm_engine:btc_ptmc_accept,1.0000000000
METRIC,2026-04-12T23:27:09Z,190765900092636,3532,btc_qm_engine:btc_ptmc_rep_hot,4.0000000000
METRIC,2026-04-12T23:27:09Z,190765900139896,3532,btc_qm_engine:btc_ptmc_rep_cold,3.0000000000
METRIC,2026-04-12T23:27:09Z,190765900160596,3532,btc_qm_engine:btc_ptmc_accept,1.0000000000
METRIC,2026-04-12T23:27:09Z,190765900179846,3532,btc_qm_engine:btc_ptmc_rep_hot,5.0000000000
METRIC,2026-04-12T23:27:09Z,190765900198486,3532,btc_qm_engine:btc_ptmc_rep_cold,4.0000000000
METRIC,2026-04-12T23:27:09Z,190765900217386,3532,btc_qm_engine:btc_ptmc_accept,1.0000000000
METRIC,2026-04-12T23:27:09Z,190765900238106,3532,btc_qm_engine:btc_ptmc_rep_hot,6.0000000000
METRIC,2026-04-12T23:27:09Z,190765900256726,3532,btc_qm_engine:btc_ptmc_rep_cold,5.0000000000
METRIC,2026-04-12T23:27:09Z,190765900275436,3532,btc_qm_engine:btc_ptmc_accept,1.0000000000
METRIC,2026-04-12T23:27:09Z,190765900300006,3532,btc_qm_engine:btc_ptmc_rep_hot,7.0000000000
METRIC,2026-04-12T23:27:09Z,190765900318846,3532,btc_qm_engine:btc_ptmc_rep_cold,6.0000000000
METRIC,2026-04-12T23:27:09Z,190765900337576,3532,btc_qm_engine:btc_ptmc_accept,1.0000000000
METRIC,2026-04-12T23:27:09Z,190766005142070,3532,btc_qm_engine:btc_ptmc_rep_hot,1.0000000000
METRIC,2026-04-12T23:27:09Z,190766005216780,3532,btc_qm_engine:btc_ptmc_rep_cold,0.0000000000
METRIC,2026-04-12T23:27:09Z,190766005243450,3532,btc_qm_engine:btc_ptmc_accept,1.0000000000
METRIC,2026-04-12T23:27:09Z,190766005276320,3532,btc_qm_engine:btc_ptmc_rep_hot,2.0000000000
METRIC,2026-04-12T23:27:09Z,190766005301330,3532,btc_qm_engine:btc_ptmc_rep_cold,1.0000000000
METRIC,2026-04-12T23:27:09Z,190766005325160,3532,btc_qm_engine:btc_ptmc_accept,1.0000000000
METRIC,2026-04-12T23:27:09Z,190766005359610,3532,btc_qm_engine:btc_ptmc_rep_hot,3.0000000000
METRIC,2026-04-12T23:27:09Z,190766005383660,3532,btc_qm_engine:btc_ptmc_rep_cold,2.0000000000
METRIC,2026-04-12T23:27:09Z,190766005406920,3532,btc_qm_engine:btc_ptmc_accept,1.0000000000
METRIC,2026-04-12T23:27:09Z,190766005440140,3532,btc_qm_engine:btc_ptmc_rep_hot,4.0000000000
METRIC,2026-04-12T23:27:09Z,190766005466020,3532,btc_qm_engine:btc_ptmc_rep_cold,3.0000000000
METRIC,2026-04-12T23:27:09Z,190766005489200,3532,btc_qm_engine:btc_ptmc_accept,1.0000000000
METRIC,2026-04-12T23:27:09Z,190766005520380,3532,btc_qm_engine:btc_ptmc_rep_hot,5.0000000000
METRIC,2026-04-12T23:27:09Z,190766005545780,3532,btc_qm_engine:btc_ptmc_rep_cold,4.0000000000
METRIC,2026-04-12T23:27:09Z,190766005582640,3532,btc_qm_engine:btc_ptmc_accept,1.0000000000
METRIC,2026-04-12T23:27:09Z,190766005623920,3532,btc_qm_engine:btc_ptmc_rep_hot,6.0000000000
METRIC,2026-04-12T23:27:09Z,190766005648330,3532,btc_qm_engine:btc_ptmc_rep_cold,5.0000000000
METRIC,2026-04-12T23:27:09Z,190766005673120,3532,btc_qm_engine:btc_ptmc_accept,1.0000000000
METRIC,2026-04-12T23:27:09Z,190766005700760,3532,btc_qm_engine:btc_ptmc_rep_hot,7.0000000000
METRIC,2026-04-12T23:27:09Z,190766005725340,3532,btc_qm_engine:btc_ptmc_rep_cold,6.0000000000
METRIC,2026-04-12T23:27:09Z,190766005755010,3532,btc_qm_engine:btc_ptmc_accept,1.0000000000
METRIC,2026-04-12T23:27:09Z,190766108116083,3532,btc_qm_engine:btc_ptmc_rep_hot,1.0000000000
METRIC,2026-04-12T23:27:09Z,190766108182843,3532,btc_qm_engine:btc_ptmc_rep_cold,0.0000000000
METRIC,2026-04-12T23:27:09Z,190766108203033,3532,btc_qm_engine:btc_ptmc_accept,-0.1354058228
METRIC,2026-04-12T23:27:09Z,190766108275933,3532,btc_qm_engine:btc_ptmc_rep_hot,2.0000000000
METRIC,2026-04-12T23:27:09Z,190766108295053,3532,btc_qm_engine:btc_ptmc_rep_cold,1.0000000000
METRIC,2026-04-12T23:27:09Z,190766108313393,3532,btc_qm_engine:btc_ptmc_accept,0.7164924961
METRIC,2026-04-12T23:27:09Z,190766108336133,3532,btc_qm_engine:btc_ptmc_rep_hot,3.0000000000
METRIC,2026-04-12T23:27:09Z,190766108355123,3532,btc_qm_engine:btc_ptmc_rep_cold,2.0000000000
METRIC,2026-04-12T23:27:09Z,190766108373433,3532,btc_qm_engine:btc_ptmc_accept,1.0000000000
METRIC,2026-04-12T23:27:09Z,190766108396763,3532,btc_qm_engine:btc_ptmc_rep_hot,4.0000000000
METRIC,2026-04-12T23:27:09Z,190766108415023,3532,btc_qm_engine:btc_ptmc_rep_cold,3.0000000000
METRIC,2026-04-12T23:27:09Z,190766108433283,3532,btc_qm_engine:btc_ptmc_accept,1.0000000000
METRIC,2026-04-12T23:27:09Z,190766108485373,3532,btc_qm_engine:btc_ptmc_rep_hot,5.0000000000
METRIC,2026-04-12T23:27:09Z,190766108506473,3532,btc_qm_engine:btc_ptmc_rep_cold,4.0000000000
METRIC,2026-04-12T23:27:09Z,190766108532173,3532,btc_qm_engine:btc_ptmc_accept,0.9394112740
METRIC,2026-04-12T23:27:09Z,190766108563613,3532,btc_qm_engine:btc_ptmc_rep_hot,6.0000000000
METRIC,2026-04-12T23:27:09Z,190766108582253,3532,btc_qm_engine:btc_ptmc_rep_cold,5.0000000000
METRIC,2026-04-12T23:27:09Z,190766108600503,3532,btc_qm_engine:btc_ptmc_accept,0.9642889574
METRIC,2026-04-12T23:27:09Z,190766108623723,3532,btc_qm_engine:btc_ptmc_rep_hot,7.0000000000
METRIC,2026-04-12T23:27:09Z,190766108642413,3532,btc_qm_engine:btc_ptmc_rep_cold,6.0000000000
METRIC,2026-04-12T23:27:09Z,190766108667103,3532,btc_qm_engine:btc_ptmc_accept,1.0000000000
METRIC,2026-04-12T23:27:09Z,190766212106736,3532,btc_qm_engine:btc_ptmc_rep_hot,1.0000000000
METRIC,2026-04-12T23:27:09Z,190766212180246,3532,btc_qm_engine:btc_ptmc_rep_cold,0.0000000000
METRIC,2026-04-12T23:27:09Z,190766212206376,3532,btc_qm_engine:btc_ptmc_accept,-0.5136174742
METRIC,2026-04-12T23:27:09Z,190766212232196,3532,btc_qm_engine:btc_ptmc_rep_hot,2.0000000000
METRIC,2026-04-12T23:27:09Z,190766212257056,3532,btc_qm_engine:btc_ptmc_rep_cold,1.0000000000
METRIC,2026-04-12T23:27:09Z,190766212296976,3532,btc_qm_engine:btc_ptmc_accept,1.0000000000
METRIC,2026-04-12T23:27:09Z,190766212380546,3532,btc_qm_engine:btc_ptmc_rep_hot,3.0000000000
METRIC,2026-04-12T23:27:09Z,190766212415196,3532,btc_qm_engine:btc_ptmc_rep_cold,2.0000000000
METRIC,2026-04-12T23:27:09Z,190766212446596,3532,btc_qm_engine:btc_ptmc_accept,1.0000000000
METRIC,2026-04-12T23:27:09Z,190766212473626,3532,btc_qm_engine:btc_ptmc_rep_hot,4.0000000000
METRIC,2026-04-12T23:27:09Z,190766212498906,3532,btc_qm_engine:btc_ptmc_rep_cold,3.0000000000
METRIC,2026-04-12T23:27:09Z,190766212522006,3532,btc_qm_engine:btc_ptmc_accept,1.0000000000
METRIC,2026-04-12T23:27:09Z,190766212551706,3532,btc_qm_engine:btc_ptmc_rep_hot,5.0000000000
METRIC,2026-04-12T23:27:09Z,190766212576316,3532,btc_qm_engine:btc_ptmc_rep_cold,4.0000000000
METRIC,2026-04-12T23:27:09Z,190766212600936,3532,btc_qm_engine:btc_ptmc_accept,1.0000000000
METRIC,2026-04-12T23:27:09Z,190766212632606,3532,btc_qm_engine:btc_ptmc_rep_hot,6.0000000000
METRIC,2026-04-12T23:27:09Z,190766212656856,3532,btc_qm_engine:btc_ptmc_rep_cold,5.0000000000
METRIC,2026-04-12T23:27:09Z,190766212681046,3532,btc_qm_engine:btc_ptmc_accept,1.0000000000
METRIC,2026-04-12T23:27:09Z,190766212720406,3532,btc_qm_engine:btc_ptmc_rep_hot,7.0000000000
METRIC,2026-04-12T23:27:09Z,190766212754956,3532,btc_qm_engine:btc_ptmc_rep_cold,6.0000000000
METRIC,2026-04-12T23:27:09Z,190766212779976,3532,btc_qm_engine:btc_ptmc_accept,1.0000000000
METRIC,2026-04-12T23:27:09Z,190766313500660,3532,btc_qm_engine:btc_ptmc_rep_hot,1.0000000000
METRIC,2026-04-12T23:27:09Z,190766313578440,3532,btc_qm_engine:btc_ptmc_rep_cold,0.0000000000
METRIC,2026-04-12T23:27:09Z,190766313604340,3532,btc_qm_engine:btc_ptmc_accept,1.0000000000
METRIC,2026-04-12T23:27:09Z,190766313636540,3532,btc_qm_engine:btc_ptmc_rep_hot,2.0000000000
METRIC,2026-04-12T23:27:09Z,190766313661330,3532,btc_qm_engine:btc_ptmc_rep_cold,1.0000000000
METRIC,2026-04-12T23:27:09Z,190766313717660,3532,btc_qm_engine:btc_ptmc_accept,0.7165485813
METRIC,2026-04-12T23:27:09Z,190766313751710,3532,btc_qm_engine:btc_ptmc_rep_hot,3.0000000000
METRIC,2026-04-12T23:27:09Z,190766313776410,3532,btc_qm_engine:btc_ptmc_rep_cold,2.0000000000
METRIC,2026-04-12T23:27:09Z,190766313800560,3532,btc_qm_engine:btc_ptmc_accept,0.7165399462
METRIC,2026-04-12T23:27:09Z,190766313833420,3532,btc_qm_engine:btc_ptmc_rep_hot,4.0000000000
METRIC,2026-04-12T23:27:09Z,190766313858190,3532,btc_qm_engine:btc_ptmc_rep_cold,3.0000000000
METRIC,2026-04-12T23:27:09Z,190766313881410,3532,btc_qm_engine:btc_ptmc_accept,0.9048393810
METRIC,2026-04-12T23:27:09Z,190766313915100,3532,btc_qm_engine:btc_ptmc_rep_hot,5.0000000000
METRIC,2026-04-12T23:27:09Z,190766313941090,3532,btc_qm_engine:btc_ptmc_rep_cold,4.0000000000
METRIC,2026-04-12T23:27:09Z,190766313964520,3532,btc_qm_engine:btc_ptmc_accept,1.0000000000
METRIC,2026-04-12T23:27:09Z,190766313997650,3532,btc_qm_engine:btc_ptmc_rep_hot,6.0000000000
METRIC,2026-04-12T23:27:09Z,190766314034250,3532,btc_qm_engine:btc_ptmc_rep_cold,5.0000000000
METRIC,2026-04-12T23:27:09Z,190766314058510,3532,btc_qm_engine:btc_ptmc_accept,1.0000000000
METRIC,2026-04-12T23:27:09Z,190766314085950,3532,btc_qm_engine:btc_ptmc_rep_hot,7.0000000000
METRIC,2026-04-12T23:27:09Z,190766314109970,3532,btc_qm_engine:btc_ptmc_rep_cold,6.0000000000
METRIC,2026-04-12T23:27:09Z,190766314134460,3532,btc_qm_engine:btc_ptmc_accept,0.9767447714
METRIC,2026-04-12T23:27:09Z,190766414419313,3532,btc_qm_engine:btc_hashrate_mhs,0.9871744231
METRIC,2026-04-12T23:27:09Z,190766414511813,3532,btc_qm_engine:btc_hashrate_thread_id,7.0000000000
METRIC,2026-04-12T23:27:09Z,190766440161512,3532,btc_qm_engine:btc_ptmc_rep_hot,1.0000000000
METRIC,2026-04-12T23:27:09Z,190766440228562,3532,btc_qm_engine:btc_ptmc_rep_cold,0.0000000000
METRIC,2026-04-12T23:27:09Z,190766440255312,3532,btc_qm_engine:btc_ptmc_accept,1.0000000000
METRIC,2026-04-12T23:27:09Z,190766440285502,3532,btc_qm_engine:btc_ptmc_rep_hot,2.0000000000
METRIC,2026-04-12T23:27:09Z,190766440309922,3532,btc_qm_engine:btc_ptmc_rep_cold,1.0000000000
METRIC,2026-04-12T23:27:09Z,190766440334212,3532,btc_qm_engine:btc_ptmc_accept,1.0000000000
METRIC,2026-04-12T23:27:09Z,190766440362872,3532,btc_qm_engine:btc_ptmc_rep_hot,3.0000000000
METRIC,2026-04-12T23:27:09Z,190766440387112,3532,btc_qm_engine:btc_ptmc_rep_cold,2.0000000000
METRIC,2026-04-12T23:27:09Z,190766440412162,3532,btc_qm_engine:btc_ptmc_accept,1.0000000000
METRIC,2026-04-12T23:27:09Z,190766440441372,3532,btc_qm_engine:btc_ptmc_rep_hot,4.0000000000
METRIC,2026-04-12T23:27:09Z,190766440466972,3532,btc_qm_engine:btc_ptmc_rep_cold,3.0000000000
METRIC,2026-04-12T23:27:09Z,190766440489672,3532,btc_qm_engine:btc_ptmc_accept,1.0000000000
METRIC,2026-04-12T23:27:09Z,190766440515022,3532,btc_qm_engine:btc_ptmc_rep_hot,5.0000000000
METRIC,2026-04-12T23:27:09Z,190766440540352,3532,btc_qm_engine:btc_ptmc_rep_cold,4.0000000000
METRIC,2026-04-12T23:27:09Z,190766440565042,3532,btc_qm_engine:btc_ptmc_accept,1.0000000000
METRIC,2026-04-12T23:27:09Z,190766440599012,3532,btc_qm_engine:btc_ptmc_rep_hot,6.0000000000
METRIC,2026-04-12T23:27:09Z,190766440623792,3532,btc_qm_engine:btc_ptmc_rep_cold,5.0000000000
METRIC,2026-04-12T23:27:09Z,190766440648592,3532,btc_qm_engine:btc_ptmc_accept,1.0000000000
METRIC,2026-04-12T23:27:09Z,190766440679882,3532,btc_qm_engine:btc_ptmc_rep_hot,7.0000000000
METRIC,2026-04-12T23:27:09Z,190766440704422,3532,btc_qm_engine:btc_ptmc_rep_cold,6.0000000000
METRIC,2026-04-12T23:27:09Z,190766440728162,3532,btc_qm_engine:btc_ptmc_accept,1.0000000000
METRIC,2026-04-12T23:27:09Z,190766446474611,3532,btc_qm_engine:btc_hashrate_mhs,0.9865388612
METRIC,2026-04-12T23:27:09Z,190766446520751,3532,btc_qm_engine:btc_hashrate_thread_id,5.0000000000
METRIC,2026-04-12T23:27:09Z,190766446714361,3532,btc_qm_engine:btc_nx48_stall_count,2.0000000000
METRIC,2026-04-12T23:27:09Z,190766446753321,3532,btc_qm_engine:btc_nx48_delta_nonce_old,3.0331958628
METRIC,2026-04-12T23:27:09Z,190766446779771,3532,btc_qm_engine:btc_nx48_delta_nonce_new,3.2623406236
METRIC,2026-04-12T23:27:09Z,190766446837091,3532,btc_qm_engine:btc_nx48_batch_old,4.0000000000
METRIC,2026-04-12T23:27:09Z,190766446861991,3532,btc_qm_engine:btc_nx48_batch_new,4.0000000000
METRIC,2026-04-12T23:27:09Z,190766446886721,3532,btc_qm_engine:btc_nx48_loss,0.6198654690
METRIC,2026-04-12T23:27:09Z,190766446912191,3532,btc_qm_engine:btc_nx48_grad_norm,0.6444459156
METRIC,2026-04-12T23:27:09Z,190766446936681,3532,btc_qm_engine:btc_nx48_update_count,53.0000000000
METRIC,2026-04-12T23:27:09Z,190766446962791,3532,btc_qm_engine:btc_nx48_exploration_bias,0.4779466253
METRIC,2026-04-12T23:27:09Z,190766447000341,3532,btc_qm_engine:btc_hashrate_mhs,0.9865634832
METRIC,2026-04-12T23:27:09Z,190766447071131,3532,btc_qm_engine:btc_hashrate_thread_id,0.0000000000
METRIC,2026-04-12T23:27:09Z,190766447256411,3532,btc_qm_engine:btc_hashrate_mhs,0.9865786472
METRIC,2026-04-12T23:27:09Z,190766447308581,3532,btc_qm_engine:btc_hashrate_thread_id,1.0000000000
METRIC,2026-04-12T23:27:09Z,190766452187381,3532,btc_qm_engine:btc_hashrate_mhs,0.9865866106
METRIC,2026-04-12T23:27:09Z,190766452232821,3532,btc_qm_engine:btc_hashrate_thread_id,3.0000000000
METRIC,2026-04-12T23:27:09Z,190766454802031,3532,btc_qm_engine:btc_hashrate_mhs,0.9866658191
METRIC,2026-04-12T23:27:09Z,190766454853911,3532,btc_qm_engine:btc_hashrate_thread_id,6.0000000000
METRIC,2026-04-12T23:27:09Z,190766456595981,3532,btc_qm_engine:btc_hashrate_mhs,0.9866425453
METRIC,2026-04-12T23:27:09Z,190766456640081,3532,btc_qm_engine:btc_hashrate_thread_id,2.0000000000
METRIC,2026-04-12T23:27:09Z,190766462238440,3532,btc_qm_engine:btc_hashrate_mhs,0.9866924506
METRIC,2026-04-12T23:27:09Z,190766462282840,3532,btc_qm_engine:btc_hashrate_thread_id,4.0000000000
METRIC,2026-04-12T23:27:09Z,190766545218485,3532,btc_qm_engine:btc_ptmc_rep_hot,1.0000000000
METRIC,2026-04-12T23:27:09Z,190766545303615,3532,btc_qm_engine:btc_ptmc_rep_cold,0.0000000000
METRIC,2026-04-12T23:27:09Z,190766545330125,3532,btc_qm_engine:btc_ptmc_accept,1.0000000000
METRIC,2026-04-12T23:27:09Z,190766545361095,3532,btc_qm_engine:btc_ptmc_rep_hot,2.0000000000
METRIC,2026-04-12T23:27:09Z,190766545385725,3532,btc_qm_engine:btc_ptmc_rep_cold,1.0000000000
METRIC,2026-04-12T23:27:09Z,190766545406135,3532,btc_qm_engine:btc_ptmc_accept,1.0000000000
METRIC,2026-04-12T23:27:09Z,190766545436495,3532,btc_qm_engine:btc_ptmc_rep_hot,3.0000000000
METRIC,2026-04-12T23:27:09Z,190766545461585,3532,btc_qm_engine:btc_ptmc_rep_cold,2.0000000000
METRIC,2026-04-12T23:27:09Z,190766545484625,3532,btc_qm_engine:btc_ptmc_accept,1.0000000000
METRIC,2026-04-12T23:27:09Z,190766545509905,3532,btc_qm_engine:btc_ptmc_rep_hot,4.0000000000
METRIC,2026-04-12T23:27:09Z,190766545535065,3532,btc_qm_engine:btc_ptmc_rep_cold,3.0000000000
METRIC,2026-04-12T23:27:09Z,190766545559595,3532,btc_qm_engine:btc_ptmc_accept,1.0000000000
METRIC,2026-04-12T23:27:09Z,190766545588235,3532,btc_qm_engine:btc_ptmc_rep_hot,5.0000000000
METRIC,2026-04-12T23:27:09Z,190766545612445,3532,btc_qm_engine:btc_ptmc_rep_cold,4.0000000000
METRIC,2026-04-12T23:27:09Z,190766545637025,3532,btc_qm_engine:btc_ptmc_accept,1.0000000000
METRIC,2026-04-12T23:27:09Z,190766545668105,3532,btc_qm_engine:btc_ptmc_rep_hot,6.0000000000
METRIC,2026-04-12T23:27:09Z,190766545692165,3532,btc_qm_engine:btc_ptmc_rep_cold,5.0000000000
METRIC,2026-04-12T23:27:09Z,190766545731475,3532,btc_qm_engine:btc_ptmc_accept,1.0000000000
METRIC,2026-04-12T23:27:09Z,190766545780015,3532,btc_qm_engine:btc_ptmc_rep_hot,7.0000000000
METRIC,2026-04-12T23:27:09Z,190766545805205,3532,btc_qm_engine:btc_ptmc_rep_cold,6.0000000000
METRIC,2026-04-12T23:27:09Z,190766545829335,3532,btc_qm_engine:btc_ptmc_accept,1.0000000000
METRIC,2026-04-12T23:27:09Z,190766647361729,3532,btc_qm_engine:btc_ptmc_rep_hot,1.0000000000
METRIC,2026-04-12T23:27:09Z,190766647431639,3532,btc_qm_engine:btc_ptmc_rep_cold,0.0000000000
METRIC,2026-04-12T23:27:09Z,190766647460119,3532,btc_qm_engine:btc_ptmc_accept,1.0000000000
METRIC,2026-04-12T23:27:09Z,190766647485479,3532,btc_qm_engine:btc_ptmc_rep_hot,2.0000000000
METRIC,2026-04-12T23:27:09Z,190766647504699,3532,btc_qm_engine:btc_ptmc_rep_cold,1.0000000000
METRIC,2026-04-12T23:27:09Z,190766647538479,3532,btc_qm_engine:btc_ptmc_accept,0.7165313106
METRIC,2026-04-12T23:27:09Z,190766647561639,3532,btc_qm_engine:btc_ptmc_rep_hot,3.0000000000
METRIC,2026-04-12T23:27:09Z,190766647580919,3532,btc_qm_engine:btc_ptmc_rep_cold,2.0000000000
METRIC,2026-04-12T23:27:09Z,190766647602249,3532,btc_qm_engine:btc_ptmc_accept,-0.7165313106
METRIC,2026-04-12T23:27:09Z,190766647626469,3532,btc_qm_engine:btc_ptmc_rep_hot,4.0000000000
METRIC,2026-04-12T23:27:09Z,190766647660799,3532,btc_qm_engine:btc_ptmc_rep_cold,3.0000000000
METRIC,2026-04-12T23:27:09Z,190766647684269,3532,btc_qm_engine:btc_ptmc_accept,1.0000000000
METRIC,2026-04-12T23:27:09Z,190766647711579,3532,btc_qm_engine:btc_ptmc_rep_hot,5.0000000000
METRIC,2026-04-12T23:27:09Z,190766647732429,3532,btc_qm_engine:btc_ptmc_rep_cold,4.0000000000
METRIC,2026-04-12T23:27:09Z,190766647762969,3532,btc_qm_engine:btc_ptmc_accept,1.0000000000
METRIC,2026-04-12T23:27:09Z,190766647786299,3532,btc_qm_engine:btc_ptmc_rep_hot,6.0000000000
METRIC,2026-04-12T23:27:09Z,190766647819878,3532,btc_qm_engine:btc_ptmc_rep_cold,5.0000000000
METRIC,2026-04-12T23:27:09Z,190766647844548,3532,btc_qm_engine:btc_ptmc_accept,1.0000000000
METRIC,2026-04-12T23:27:09Z,190766647877848,3532,btc_qm_engine:btc_ptmc_rep_hot,7.0000000000
METRIC,2026-04-12T23:27:09Z,190766647901198,3532,btc_qm_engine:btc_ptmc_rep_cold,6.0000000000
METRIC,2026-04-12T23:27:09Z,190766647920268,3532,btc_qm_engine:btc_ptmc_accept,1.0000000000
METRIC,2026-04-12T23:27:10Z,190766756488821,3532,btc_qm_engine:btc_ptmc_rep_hot,1.0000000000
METRIC,2026-04-12T23:27:10Z,190766756559381,3532,btc_qm_engine:btc_ptmc_rep_cold,0.0000000000
METRIC,2026-04-12T23:27:10Z,190766756586021,3532,btc_qm_engine:btc_ptmc_accept,1.0000000000
METRIC,2026-04-12T23:27:10Z,190766756610431,3532,btc_qm_engine:btc_ptmc_rep_hot,2.0000000000
METRIC,2026-04-12T23:27:10Z,190766756633881,3532,btc_qm_engine:btc_ptmc_rep_cold,1.0000000000
METRIC,2026-04-12T23:27:10Z,190766756658221,3532,btc_qm_engine:btc_ptmc_accept,1.0000000000
METRIC,2026-04-12T23:27:10Z,190766756689161,3532,btc_qm_engine:btc_ptmc_rep_hot,3.0000000000
METRIC,2026-04-12T23:27:10Z,190766756713781,3532,btc_qm_engine:btc_ptmc_rep_cold,2.0000000000
METRIC,2026-04-12T23:27:10Z,190766756735221,3532,btc_qm_engine:btc_ptmc_accept,1.0000000000
METRIC,2026-04-12T23:27:10Z,190766756769741,3532,btc_qm_engine:btc_ptmc_rep_hot,4.0000000000
METRIC,2026-04-12T23:27:10Z,190766756795131,3532,btc_qm_engine:btc_ptmc_rep_cold,3.0000000000
METRIC,2026-04-12T23:27:10Z,190766756818461,3532,btc_qm_engine:btc_ptmc_accept,1.0000000000
METRIC,2026-04-12T23:27:10Z,190766756843081,3532,btc_qm_engine:btc_ptmc_rep_hot,5.0000000000
METRIC,2026-04-12T23:27:10Z,190766756862601,3532,btc_qm_engine:btc_ptmc_rep_cold,4.0000000000
METRIC,2026-04-12T23:27:10Z,190766756881831,3532,btc_qm_engine:btc_ptmc_accept,1.0000000000
METRIC,2026-04-12T23:27:10Z,190766756912881,3532,btc_qm_engine:btc_ptmc_rep_hot,6.0000000000
METRIC,2026-04-12T23:27:10Z,190766756944791,3532,btc_qm_engine:btc_ptmc_rep_cold,5.0000000000
METRIC,2026-04-12T23:27:10Z,190766756969261,3532,btc_qm_engine:btc_ptmc_accept,1.0000000000
METRIC,2026-04-12T23:27:10Z,190766757056061,3532,btc_qm_engine:btc_ptmc_rep_hot,7.0000000000
METRIC,2026-04-12T23:27:10Z,190766757086081,3532,btc_qm_engine:btc_ptmc_rep_cold,6.0000000000
METRIC,2026-04-12T23:27:10Z,190766757109681,3532,btc_qm_engine:btc_ptmc_accept,0.9101748885
METRIC,2026-04-12T23:27:10Z,190766861226845,3532,btc_qm_engine:btc_ptmc_rep_hot,1.0000000000
METRIC,2026-04-12T23:27:10Z,190766861712005,3532,btc_qm_engine:btc_ptmc_rep_cold,0.0000000000
METRIC,2026-04-12T23:27:10Z,190766861738805,3532,btc_qm_engine:btc_ptmc_accept,0.5135063048
METRIC,2026-04-12T23:27:10Z,190766861769705,3532,btc_qm_engine:btc_ptmc_rep_hot,2.0000000000
METRIC,2026-04-12T23:27:10Z,190766861794125,3532,btc_qm_engine:btc_ptmc_rep_cold,1.0000000000
METRIC,2026-04-12T23:27:10Z,190766861817735,3532,btc_qm_engine:btc_ptmc_accept,0.5133614969
METRIC,2026-04-12T23:27:10Z,190766861848895,3532,btc_qm_engine:btc_ptmc_rep_hot,3.0000000000
METRIC,2026-04-12T23:27:10Z,190766861904915,3532,btc_qm_engine:btc_ptmc_rep_cold,2.0000000000
METRIC,2026-04-12T23:27:10Z,190766861928505,3532,btc_qm_engine:btc_ptmc_accept,0.7165119046
METRIC,2026-04-12T23:27:10Z,190766861959495,3532,btc_qm_engine:btc_ptmc_rep_hot,4.0000000000
METRIC,2026-04-12T23:27:10Z,190766861984875,3532,btc_qm_engine:btc_ptmc_rep_cold,3.0000000000
METRIC,2026-04-12T23:27:10Z,190766862024955,3532,btc_qm_engine:btc_ptmc_accept,0.8187227707
METRIC,2026-04-12T23:27:10Z,190766862053225,3532,btc_qm_engine:btc_ptmc_rep_hot,5.0000000000
METRIC,2026-04-12T23:27:10Z,190766862078235,3532,btc_qm_engine:btc_ptmc_rep_cold,4.0000000000
METRIC,2026-04-12T23:27:10Z,190766862101585,3532,btc_qm_engine:btc_ptmc_accept,1.0000000000
METRIC,2026-04-12T23:27:10Z,190766862133225,3532,btc_qm_engine:btc_ptmc_rep_hot,6.0000000000
METRIC,2026-04-12T23:27:10Z,190766862157275,3532,btc_qm_engine:btc_ptmc_rep_cold,5.0000000000
METRIC,2026-04-12T23:27:10Z,190766862181375,3532,btc_qm_engine:btc_ptmc_accept,0.9298531933
METRIC,2026-04-12T23:27:10Z,190766862216075,3532,btc_qm_engine:btc_ptmc_rep_hot,7.0000000000
METRIC,2026-04-12T23:27:10Z,190766862239835,3532,btc_qm_engine:btc_ptmc_rep_cold,6.0000000000
METRIC,2026-04-12T23:27:10Z,190766862263765,3532,btc_qm_engine:btc_ptmc_accept,0.9767447714
METRIC,2026-04-12T23:27:10Z,190766966067238,3532,btc_qm_engine:btc_ptmc_rep_hot,1.0000000000
METRIC,2026-04-12T23:27:10Z,190766966254738,3532,btc_qm_engine:btc_ptmc_rep_cold,0.0000000000
METRIC,2026-04-12T23:27:10Z,190766966375878,3532,btc_qm_engine:btc_ptmc_accept,1.0000000000
METRIC,2026-04-12T23:27:10Z,190766966406468,3532,btc_qm_engine:btc_ptmc_rep_hot,2.0000000000
METRIC,2026-04-12T23:27:10Z,190766966456368,3532,btc_qm_engine:btc_ptmc_rep_cold,1.0000000000
METRIC,2026-04-12T23:27:10Z,190766966480618,3532,btc_qm_engine:btc_ptmc_accept,1.0000000000
METRIC,2026-04-12T23:27:10Z,190766966618698,3532,btc_qm_engine:btc_ptmc_rep_hot,3.0000000000
METRIC,2026-04-12T23:27:10Z,190766966643788,3532,btc_qm_engine:btc_ptmc_rep_cold,2.0000000000
METRIC,2026-04-12T23:27:10Z,190766966674288,3532,btc_qm_engine:btc_ptmc_accept,1.0000000000
METRIC,2026-04-12T23:27:10Z,190766966780688,3532,btc_qm_engine:btc_ptmc_rep_hot,4.0000000000
METRIC,2026-04-12T23:27:10Z,190766966805748,3532,btc_qm_engine:btc_ptmc_rep_cold,3.0000000000
METRIC,2026-04-12T23:27:10Z,190766966829388,3532,btc_qm_engine:btc_ptmc_accept,0.9048354550
METRIC,2026-04-12T23:27:10Z,190766966960148,3532,btc_qm_engine:btc_ptmc_rep_hot,5.0000000000
METRIC,2026-04-12T23:27:10Z,190766966985108,3532,btc_qm_engine:btc_ptmc_rep_cold,4.0000000000
METRIC,2026-04-12T23:27:10Z,190766967117058,3532,btc_qm_engine:btc_ptmc_accept,1.0000000000
METRIC,2026-04-12T23:27:10Z,190766967152288,3532,btc_qm_engine:btc_ptmc_rep_hot,6.0000000000
METRIC,2026-04-12T23:27:10Z,190766967240878,3532,btc_qm_engine:btc_ptmc_rep_cold,5.0000000000
METRIC,2026-04-12T23:27:10Z,190766967315858,3532,btc_qm_engine:btc_ptmc_accept,0.9642893023
METRIC,2026-04-12T23:27:10Z,190766967351888,3532,btc_qm_engine:btc_ptmc_rep_hot,7.0000000000
METRIC,2026-04-12T23:27:10Z,190766967375748,3532,btc_qm_engine:btc_ptmc_rep_cold,6.0000000000
METRIC,2026-04-12T23:27:10Z,190766967399468,3532,btc_qm_engine:btc_ptmc_accept,0.9767446541
METRIC,2026-04-12T23:27:10Z,190767069696011,3532,btc_qm_engine:btc_ptmc_rep_hot,1.0000000000
METRIC,2026-04-12T23:27:10Z,190767069793161,3532,btc_qm_engine:btc_ptmc_rep_cold,0.0000000000
METRIC,2026-04-12T23:27:10Z,190767069831701,3532,btc_qm_engine:btc_ptmc_accept,-0.2638537189
METRIC,2026-04-12T23:27:10Z,190767069863431,3532,btc_qm_engine:btc_ptmc_rep_hot,2.0000000000
METRIC,2026-04-12T23:27:10Z,190767069889801,3532,btc_qm_engine:btc_ptmc_rep_cold,1.0000000000
METRIC,2026-04-12T23:27:10Z,190767069913981,3532,btc_qm_engine:btc_ptmc_accept,1.0000000000
METRIC,2026-04-12T23:27:10Z,190767069945031,3532,btc_qm_engine:btc_ptmc_rep_hot,3.0000000000
METRIC,2026-04-12T23:27:10Z,190767069969911,3532,btc_qm_engine:btc_ptmc_rep_cold,2.0000000000
METRIC,2026-04-12T23:27:10Z,190767069999191,3532,btc_qm_engine:btc_ptmc_accept,1.0000000000
METRIC,2026-04-12T23:27:10Z,190767070058901,3532,btc_qm_engine:btc_ptmc_rep_hot,4.0000000000
METRIC,2026-04-12T23:27:10Z,190767070083141,3532,btc_qm_engine:btc_ptmc_rep_cold,3.0000000000
METRIC,2026-04-12T23:27:10Z,190767070107691,3532,btc_qm_engine:btc_ptmc_accept,1.0000000000
METRIC,2026-04-12T23:27:10Z,190767070135671,3532,btc_qm_engine:btc_ptmc_rep_hot,5.0000000000
METRIC,2026-04-12T23:27:10Z,190767070159291,3532,btc_qm_engine:btc_ptmc_rep_cold,4.0000000000
METRIC,2026-04-12T23:27:10Z,190767070182111,3532,btc_qm_engine:btc_ptmc_accept,1.0000000000
METRIC,2026-04-12T23:27:10Z,190767070213551,3532,btc_qm_engine:btc_ptmc_rep_hot,6.0000000000
METRIC,2026-04-12T23:27:10Z,190767070238521,3532,btc_qm_engine:btc_ptmc_rep_cold,5.0000000000
METRIC,2026-04-12T23:27:10Z,190767070262501,3532,btc_qm_engine:btc_ptmc_accept,0.9642898556
METRIC,2026-04-12T23:27:10Z,190767070291041,3532,btc_qm_engine:btc_ptmc_rep_hot,7.0000000000
METRIC,2026-04-12T23:27:10Z,190767070315321,3532,btc_qm_engine:btc_ptmc_rep_cold,6.0000000000
METRIC,2026-04-12T23:27:10Z,190767070340331,3532,btc_qm_engine:btc_ptmc_accept,1.0000000000
METRIC,2026-04-12T23:27:10Z,190767176255785,3532,btc_qm_engine:btc_ptmc_rep_hot,1.0000000000
METRIC,2026-04-12T23:27:10Z,190767176371795,3532,btc_qm_engine:btc_ptmc_rep_cold,0.0000000000
METRIC,2026-04-12T23:27:10Z,190767176398925,3532,btc_qm_engine:btc_ptmc_accept,1.0000000000
METRIC,2026-04-12T23:27:10Z,190767176424845,3532,btc_qm_engine:btc_ptmc_rep_hot,2.0000000000
METRIC,2026-04-12T23:27:10Z,190767176449525,3532,btc_qm_engine:btc_ptmc_rep_cold,1.0000000000
METRIC,2026-04-12T23:27:10Z,190767176474785,3532,btc_qm_engine:btc_ptmc_accept,1.0000000000
METRIC,2026-04-12T23:27:10Z,190767176508135,3532,btc_qm_engine:btc_ptmc_rep_hot,3.0000000000
METRIC,2026-04-12T23:27:10Z,190767176533235,3532,btc_qm_engine:btc_ptmc_rep_cold,2.0000000000
METRIC,2026-04-12T23:27:10Z,190767176557855,3532,btc_qm_engine:btc_ptmc_accept,1.0000000000
METRIC,2026-04-12T23:27:10Z,190767176595695,3532,btc_qm_engine:btc_ptmc_rep_hot,4.0000000000
METRIC,2026-04-12T23:27:10Z,190767176620475,3532,btc_qm_engine:btc_ptmc_rep_cold,3.0000000000
METRIC,2026-04-12T23:27:10Z,190767176646145,3532,btc_qm_engine:btc_ptmc_accept,1.0000000000
METRIC,2026-04-12T23:27:10Z,190767176681844,3532,btc_qm_engine:btc_ptmc_rep_hot,5.0000000000
METRIC,2026-04-12T23:27:10Z,190767176706624,3532,btc_qm_engine:btc_ptmc_rep_cold,4.0000000000
METRIC,2026-04-12T23:27:10Z,190767176731124,3532,btc_qm_engine:btc_ptmc_accept,0.9394148515
METRIC,2026-04-12T23:27:10Z,190767176763844,3532,btc_qm_engine:btc_ptmc_rep_hot,6.0000000000
METRIC,2026-04-12T23:27:10Z,190767176789644,3532,btc_qm_engine:btc_ptmc_rep_cold,5.0000000000
METRIC,2026-04-12T23:27:10Z,190767176814884,3532,btc_qm_engine:btc_ptmc_accept,0.9642902005
METRIC,2026-04-12T23:27:10Z,190767176846444,3532,btc_qm_engine:btc_ptmc_rep_hot,7.0000000000
METRIC,2026-04-12T23:27:10Z,190767176871374,3532,btc_qm_engine:btc_ptmc_rep_cold,6.0000000000
METRIC,2026-04-12T23:27:10Z,190767176894854,3532,btc_qm_engine:btc_ptmc_accept,0.9767450351
METRIC,2026-04-12T23:27:10Z,190767282706048,3532,btc_qm_engine:btc_ptmc_rep_hot,1.0000000000
METRIC,2026-04-12T23:27:10Z,190767282789858,3532,btc_qm_engine:btc_ptmc_rep_cold,0.0000000000
METRIC,2026-04-12T23:27:10Z,190767282814478,3532,btc_qm_engine:btc_ptmc_accept,1.0000000000
METRIC,2026-04-12T23:27:10Z,190767282847818,3532,btc_qm_engine:btc_ptmc_rep_hot,2.0000000000
METRIC,2026-04-12T23:27:10Z,190767282891018,3532,btc_qm_engine:btc_ptmc_rep_cold,1.0000000000
METRIC,2026-04-12T23:27:10Z,190767282914338,3532,btc_qm_engine:btc_ptmc_accept,1.0000000000
METRIC,2026-04-12T23:27:10Z,190767282946668,3532,btc_qm_engine:btc_ptmc_rep_hot,3.0000000000
METRIC,2026-04-12T23:27:10Z,190767282971648,3532,btc_qm_engine:btc_ptmc_rep_cold,2.0000000000
METRIC,2026-04-12T23:27:10Z,190767283047898,3532,btc_qm_engine:btc_ptmc_accept,1.0000000000
METRIC,2026-04-12T23:27:10Z,190767283084578,3532,btc_qm_engine:btc_ptmc_rep_hot,4.0000000000
METRIC,2026-04-12T23:27:10Z,190767283108588,3532,btc_qm_engine:btc_ptmc_rep_cold,3.0000000000
METRIC,2026-04-12T23:27:10Z,190767283162828,3532,btc_qm_engine:btc_ptmc_accept,1.0000000000
METRIC,2026-04-12T23:27:10Z,190767283187068,3532,btc_qm_engine:btc_ptmc_rep_hot,5.0000000000
METRIC,2026-04-12T23:27:10Z,190767283210818,3532,btc_qm_engine:btc_ptmc_rep_cold,4.0000000000
METRIC,2026-04-12T23:27:10Z,190767283241038,3532,btc_qm_engine:btc_ptmc_accept,1.0000000000
METRIC,2026-04-12T23:27:10Z,190767283281038,3532,btc_qm_engine:btc_ptmc_rep_hot,6.0000000000
METRIC,2026-04-12T23:27:10Z,190767283304938,3532,btc_qm_engine:btc_ptmc_rep_cold,5.0000000000
METRIC,2026-04-12T23:27:10Z,190767283328648,3532,btc_qm_engine:btc_ptmc_accept,1.0000000000
METRIC,2026-04-12T23:27:10Z,190767283362308,3532,btc_qm_engine:btc_ptmc_rep_hot,7.0000000000
METRIC,2026-04-12T23:27:10Z,190767283386338,3532,btc_qm_engine:btc_ptmc_rep_cold,6.0000000000
METRIC,2026-04-12T23:27:10Z,190767283410148,3532,btc_qm_engine:btc_ptmc_accept,1.0000000000
METRIC,2026-04-12T23:27:10Z,190767384842491,3532,btc_qm_engine:btc_ptmc_rep_hot,1.0000000000
METRIC,2026-04-12T23:27:10Z,190767384924181,3532,btc_qm_engine:btc_ptmc_rep_cold,0.0000000000
METRIC,2026-04-12T23:27:10Z,190767384950321,3532,btc_qm_engine:btc_ptmc_accept,-0.2635971381
METRIC,2026-04-12T23:27:10Z,190767384977011,3532,btc_qm_engine:btc_ptmc_rep_hot,2.0000000000
METRIC,2026-04-12T23:27:10Z,190767385044411,3532,btc_qm_engine:btc_ptmc_rep_cold,1.0000000000
METRIC,2026-04-12T23:27:10Z,190767385071431,3532,btc_qm_engine:btc_ptmc_accept,1.0000000000
METRIC,2026-04-12T23:27:10Z,190767385100191,3532,btc_qm_engine:btc_ptmc_rep_hot,3.0000000000
METRIC,2026-04-12T23:27:10Z,190767385124651,3532,btc_qm_engine:btc_ptmc_rep_cold,2.0000000000
METRIC,2026-04-12T23:27:10Z,190767385149041,3532,btc_qm_engine:btc_ptmc_accept,1.0000000000
METRIC,2026-04-12T23:27:10Z,190767385173491,3532,btc_qm_engine:btc_ptmc_rep_hot,4.0000000000
METRIC,2026-04-12T23:27:10Z,190767385197361,3532,btc_qm_engine:btc_ptmc_rep_cold,3.0000000000
METRIC,2026-04-12T23:27:10Z,190767385221481,3532,btc_qm_engine:btc_ptmc_accept,1.0000000000
METRIC,2026-04-12T23:27:10Z,190767385247981,3532,btc_qm_engine:btc_ptmc_rep_hot,5.0000000000
METRIC,2026-04-12T23:27:10Z,190767385272011,3532,btc_qm_engine:btc_ptmc_rep_cold,4.0000000000
METRIC,2026-04-12T23:27:10Z,190767385296391,3532,btc_qm_engine:btc_ptmc_accept,1.0000000000
METRIC,2026-04-12T23:27:10Z,190767385328291,3532,btc_qm_engine:btc_ptmc_rep_hot,6.0000000000
METRIC,2026-04-12T23:27:10Z,190767385352761,3532,btc_qm_engine:btc_ptmc_rep_cold,5.0000000000
METRIC,2026-04-12T23:27:10Z,190767385376871,3532,btc_qm_engine:btc_ptmc_accept,1.0000000000
METRIC,2026-04-12T23:27:10Z,190767385405231,3532,btc_qm_engine:btc_ptmc_rep_hot,7.0000000000
METRIC,2026-04-12T23:27:10Z,190767385429471,3532,btc_qm_engine:btc_ptmc_rep_cold,6.0000000000
METRIC,2026-04-12T23:27:10Z,190767385453581,3532,btc_qm_engine:btc_ptmc_accept,1.0000000000
METRIC,2026-04-12T23:27:10Z,190767490395214,3532,btc_qm_engine:btc_ptmc_rep_hot,1.0000000000
METRIC,2026-04-12T23:27:10Z,190767490481254,3532,btc_qm_engine:btc_ptmc_rep_cold,0.0000000000
METRIC,2026-04-12T23:27:10Z,190767490507914,3532,btc_qm_engine:btc_ptmc_accept,1.0000000000
METRIC,2026-04-12T23:27:10Z,190767490538804,3532,btc_qm_engine:btc_ptmc_rep_hot,2.0000000000
METRIC,2026-04-12T23:27:10Z,190767490564654,3532,btc_qm_engine:btc_ptmc_rep_cold,1.0000000000
METRIC,2026-04-12T23:27:10Z,190767490622464,3532,btc_qm_engine:btc_ptmc_accept,1.0000000000
METRIC,2026-04-12T23:27:10Z,190767490660284,3532,btc_qm_engine:btc_ptmc_rep_hot,3.0000000000
METRIC,2026-04-12T23:27:10Z,190767490697244,3532,btc_qm_engine:btc_ptmc_rep_cold,2.0000000000
METRIC,2026-04-12T23:27:10Z,190767490724904,3532,btc_qm_engine:btc_ptmc_accept,1.0000000000
METRIC,2026-04-12T23:27:10Z,190767490749654,3532,btc_qm_engine:btc_ptmc_rep_hot,4.0000000000
METRIC,2026-04-12T23:27:10Z,190767490774434,3532,btc_qm_engine:btc_ptmc_rep_cold,3.0000000000
METRIC,2026-04-12T23:27:10Z,190767490799504,3532,btc_qm_engine:btc_ptmc_accept,1.0000000000
METRIC,2026-04-12T23:27:10Z,190767490828974,3532,btc_qm_engine:btc_ptmc_rep_hot,5.0000000000
METRIC,2026-04-12T23:27:10Z,190767490853844,3532,btc_qm_engine:btc_ptmc_rep_cold,4.0000000000
METRIC,2026-04-12T23:27:10Z,190767490878854,3532,btc_qm_engine:btc_ptmc_accept,1.0000000000
METRIC,2026-04-12T23:27:10Z,190767490910874,3532,btc_qm_engine:btc_ptmc_rep_hot,6.0000000000
METRIC,2026-04-12T23:27:10Z,190767490935744,3532,btc_qm_engine:btc_ptmc_rep_cold,5.0000000000
METRIC,2026-04-12T23:27:10Z,190767490960424,3532,btc_qm_engine:btc_ptmc_accept,1.0000000000
METRIC,2026-04-12T23:27:10Z,190767490989074,3532,btc_qm_engine:btc_ptmc_rep_hot,7.0000000000
METRIC,2026-04-12T23:27:10Z,190767491033564,3532,btc_qm_engine:btc_ptmc_rep_cold,6.0000000000
METRIC,2026-04-12T23:27:10Z,190767491058304,3532,btc_qm_engine:btc_ptmc_accept,1.0000000000
METRIC,2026-04-12T23:27:10Z,190767590984008,3532,btc_qm_engine:btc_ptmc_rep_hot,1.0000000000
METRIC,2026-04-12T23:27:10Z,190767591124088,3532,btc_qm_engine:btc_ptmc_rep_cold,0.0000000000
METRIC,2026-04-12T23:27:10Z,190767591151348,3532,btc_qm_engine:btc_ptmc_accept,-0.5135063048
METRIC,2026-04-12T23:27:10Z,190767591178138,3532,btc_qm_engine:btc_ptmc_rep_hot,2.0000000000
METRIC,2026-04-12T23:27:10Z,190767591202548,3532,btc_qm_engine:btc_ptmc_rep_cold,1.0000000000
METRIC,2026-04-12T23:27:10Z,190767591225778,3532,btc_qm_engine:btc_ptmc_accept,1.0000000000
METRIC,2026-04-12T23:27:10Z,190767591255908,3532,btc_qm_engine:btc_ptmc_rep_hot,3.0000000000
METRIC,2026-04-12T23:27:10Z,190767591282648,3532,btc_qm_engine:btc_ptmc_rep_cold,2.0000000000
METRIC,2026-04-12T23:27:10Z,190767591307098,3532,btc_qm_engine:btc_ptmc_accept,1.0000000000
METRIC,2026-04-12T23:27:10Z,190767591337978,3532,btc_qm_engine:btc_ptmc_rep_hot,4.0000000000
METRIC,2026-04-12T23:27:10Z,190767591363428,3532,btc_qm_engine:btc_ptmc_rep_cold,3.0000000000
METRIC,2026-04-12T23:27:10Z,190767591386848,3532,btc_qm_engine:btc_ptmc_accept,1.0000000000
METRIC,2026-04-12T23:27:10Z,190767591410478,3532,btc_qm_engine:btc_ptmc_rep_hot,5.0000000000
METRIC,2026-04-12T23:27:10Z,190767591432218,3532,btc_qm_engine:btc_ptmc_rep_cold,4.0000000000
METRIC,2026-04-12T23:27:10Z,190767591457668,3532,btc_qm_engine:btc_ptmc_accept,1.0000000000
METRIC,2026-04-12T23:27:10Z,190767591487348,3532,btc_qm_engine:btc_ptmc_rep_hot,6.0000000000
METRIC,2026-04-12T23:27:10Z,190767591509908,3532,btc_qm_engine:btc_ptmc_rep_cold,5.0000000000
METRIC,2026-04-12T23:27:10Z,190767591534228,3532,btc_qm_engine:btc_ptmc_accept,1.0000000000
METRIC,2026-04-12T23:27:10Z,190767591567848,3532,btc_qm_engine:btc_ptmc_rep_hot,7.0000000000
METRIC,2026-04-12T23:27:10Z,190767591591628,3532,btc_qm_engine:btc_ptmc_rep_cold,6.0000000000
METRIC,2026-04-12T23:27:10Z,190767591628028,3532,btc_qm_engine:btc_ptmc_accept,1.0000000000
METRIC,2026-04-12T23:27:11Z,190767694704401,3532,btc_qm_engine:btc_ptmc_rep_hot,1.0000000000
METRIC,2026-04-12T23:27:11Z,190767694778831,3532,btc_qm_engine:btc_ptmc_rep_cold,0.0000000000
METRIC,2026-04-12T23:27:11Z,190767694800281,3532,btc_qm_engine:btc_ptmc_accept,0.5136174742
METRIC,2026-04-12T23:27:11Z,190767694826421,3532,btc_qm_engine:btc_ptmc_rep_hot,2.0000000000
METRIC,2026-04-12T23:27:11Z,190767694846181,3532,btc_qm_engine:btc_ptmc_rep_cold,1.0000000000
METRIC,2026-04-12T23:27:11Z,190767694865451,3532,btc_qm_engine:btc_ptmc_accept,1.0000000000
METRIC,2026-04-12T23:27:11Z,190767694887431,3532,btc_qm_engine:btc_ptmc_rep_hot,3.0000000000
METRIC,2026-04-12T23:27:11Z,190767694906731,3532,btc_qm_engine:btc_ptmc_rep_cold,2.0000000000
METRIC,2026-04-12T23:27:11Z,190767694951341,3532,btc_qm_engine:btc_ptmc_accept,1.0000000000
METRIC,2026-04-12T23:27:11Z,190767694974651,3532,btc_qm_engine:btc_ptmc_rep_hot,4.0000000000
METRIC,2026-04-12T23:27:11Z,190767694995151,3532,btc_qm_engine:btc_ptmc_rep_cold,3.0000000000
METRIC,2026-04-12T23:27:11Z,190767695076881,3532,btc_qm_engine:btc_ptmc_accept,-0.9048354550
METRIC,2026-04-12T23:27:11Z,190767695218361,3532,btc_qm_engine:btc_ptmc_rep_hot,5.0000000000
METRIC,2026-04-12T23:27:11Z,190767695257551,3532,btc_qm_engine:btc_ptmc_rep_cold,4.0000000000
METRIC,2026-04-12T23:27:11Z,190767695277241,3532,btc_qm_engine:btc_ptmc_accept,0.9394122667
METRIC,2026-04-12T23:27:11Z,190767695436761,3532,btc_qm_engine:btc_ptmc_rep_hot,6.0000000000
METRIC,2026-04-12T23:27:11Z,190767695458361,3532,btc_qm_engine:btc_ptmc_rep_cold,5.0000000000
METRIC,2026-04-12T23:27:11Z,190767695477381,3532,btc_qm_engine:btc_ptmc_accept,0.9298538586
METRIC,2026-04-12T23:27:11Z,190767695499111,3532,btc_qm_engine:btc_ptmc_rep_hot,7.0000000000
METRIC,2026-04-12T23:27:11Z,190767695518141,3532,btc_qm_engine:btc_ptmc_rep_cold,6.0000000000
METRIC,2026-04-12T23:27:11Z,190767695537161,3532,btc_qm_engine:btc_ptmc_accept,0.9767446541
METRIC,2026-04-12T23:27:11Z,190767796078985,3532,btc_qm_engine:btc_ptmc_rep_hot,1.0000000000
METRIC,2026-04-12T23:27:11Z,190767796141165,3532,btc_qm_engine:btc_ptmc_rep_cold,0.0000000000
METRIC,2026-04-12T23:27:11Z,190767796162315,3532,btc_qm_engine:btc_ptmc_accept,-0.2638537189
METRIC,2026-04-12T23:27:11Z,190767796189905,3532,btc_qm_engine:btc_ptmc_rep_hot,2.0000000000
METRIC,2026-04-12T23:27:11Z,190767796209275,3532,btc_qm_engine:btc_ptmc_rep_cold,1.0000000000
METRIC,2026-04-12T23:27:11Z,190767796228865,3532,btc_qm_engine:btc_ptmc_accept,1.0000000000
METRIC,2026-04-12T23:27:11Z,190767796254565,3532,btc_qm_engine:btc_ptmc_rep_hot,3.0000000000
METRIC,2026-04-12T23:27:11Z,190767796273915,3532,btc_qm_engine:btc_ptmc_rep_cold,2.0000000000
METRIC,2026-04-12T23:27:11Z,190767796292965,3532,btc_qm_engine:btc_ptmc_accept,1.0000000000
METRIC,2026-04-12T23:27:11Z,190767796312065,3532,btc_qm_engine:btc_ptmc_rep_hot,4.0000000000
METRIC,2026-04-12T23:27:11Z,190767796331625,3532,btc_qm_engine:btc_ptmc_rep_cold,3.0000000000
METRIC,2026-04-12T23:27:11Z,190767796350695,3532,btc_qm_engine:btc_ptmc_accept,1.0000000000
METRIC,2026-04-12T23:27:11Z,190767796375145,3532,btc_qm_engine:btc_ptmc_rep_hot,5.0000000000
METRIC,2026-04-12T23:27:11Z,190767796402555,3532,btc_qm_engine:btc_ptmc_rep_cold,4.0000000000
METRIC,2026-04-12T23:27:11Z,190767796428135,3532,btc_qm_engine:btc_ptmc_accept,1.0000000000
METRIC,2026-04-12T23:27:11Z,190767796447165,3532,btc_qm_engine:btc_ptmc_rep_hot,6.0000000000
METRIC,2026-04-12T23:27:11Z,190767796466135,3532,btc_qm_engine:btc_ptmc_rep_cold,5.0000000000
METRIC,2026-04-12T23:27:11Z,190767797077035,3532,btc_qm_engine:btc_ptmc_accept,1.0000000000
METRIC,2026-04-12T23:27:11Z,190767797122755,3532,btc_qm_engine:btc_ptmc_rep_hot,7.0000000000
METRIC,2026-04-12T23:27:11Z,190767797149155,3532,btc_qm_engine:btc_ptmc_rep_cold,6.0000000000
METRIC,2026-04-12T23:27:11Z,190767797169445,3532,btc_qm_engine:btc_ptmc_accept,1.0000000000
METRIC,2026-04-12T23:27:11Z,190767896921888,3532,btc_qm_engine:btc_ptmc_rep_hot,1.0000000000
METRIC,2026-04-12T23:27:11Z,190767897022858,3532,btc_qm_engine:btc_ptmc_rep_cold,0.0000000000
METRIC,2026-04-12T23:27:11Z,190767897047428,3532,btc_qm_engine:btc_ptmc_accept,1.0000000000
METRIC,2026-04-12T23:27:11Z,190767897070258,3532,btc_qm_engine:btc_ptmc_rep_hot,2.0000000000
METRIC,2026-04-12T23:27:11Z,190767897092878,3532,btc_qm_engine:btc_ptmc_rep_cold,1.0000000000
METRIC,2026-04-12T23:27:11Z,190767897117488,3532,btc_qm_engine:btc_ptmc_accept,1.0000000000
METRIC,2026-04-12T23:27:11Z,190767897148408,3532,btc_qm_engine:btc_ptmc_rep_hot,3.0000000000
METRIC,2026-04-12T23:27:11Z,190767897170338,3532,btc_qm_engine:btc_ptmc_rep_cold,2.0000000000
METRIC,2026-04-12T23:27:11Z,190767897193438,3532,btc_qm_engine:btc_ptmc_accept,1.0000000000
METRIC,2026-04-12T23:27:11Z,190767897216228,3532,btc_qm_engine:btc_ptmc_rep_hot,4.0000000000
METRIC,2026-04-12T23:27:11Z,190767897272048,3532,btc_qm_engine:btc_ptmc_rep_cold,3.0000000000
METRIC,2026-04-12T23:27:11Z,190767897300838,3532,btc_qm_engine:btc_ptmc_accept,1.0000000000
METRIC,2026-04-12T23:27:11Z,190767897329068,3532,btc_qm_engine:btc_ptmc_rep_hot,5.0000000000
METRIC,2026-04-12T23:27:11Z,190767897352768,3532,btc_qm_engine:btc_ptmc_rep_cold,4.0000000000
METRIC,2026-04-12T23:27:11Z,190767897377088,3532,btc_qm_engine:btc_ptmc_accept,1.0000000000
METRIC,2026-04-12T23:27:11Z,190767897410938,3532,btc_qm_engine:btc_ptmc_rep_hot,6.0000000000
METRIC,2026-04-12T23:27:11Z,190767897433408,3532,btc_qm_engine:btc_ptmc_rep_cold,5.0000000000
METRIC,2026-04-12T23:27:11Z,190767897455378,3532,btc_qm_engine:btc_ptmc_accept,1.0000000000
METRIC,2026-04-12T23:27:11Z,190767897477378,3532,btc_qm_engine:btc_ptmc_rep_hot,7.0000000000
METRIC,2026-04-12T23:27:11Z,190767897499318,3532,btc_qm_engine:btc_ptmc_rep_cold,6.0000000000
METRIC,2026-04-12T23:27:11Z,190767897521038,3532,btc_qm_engine:btc_ptmc_accept,1.0000000000
METRIC,2026-04-12T23:27:11Z,190768001485811,3532,btc_qm_engine:btc_ptmc_rep_hot,1.0000000000
METRIC,2026-04-12T23:27:11Z,190768001577401,3532,btc_qm_engine:btc_ptmc_rep_cold,0.0000000000
METRIC,2026-04-12T23:27:11Z,190768001604541,3532,btc_qm_engine:btc_ptmc_accept,1.0000000000
METRIC,2026-04-12T23:27:11Z,190768001639551,3532,btc_qm_engine:btc_ptmc_rep_hot,2.0000000000
METRIC,2026-04-12T23:27:11Z,190768001664541,3532,btc_qm_engine:btc_ptmc_rep_cold,1.0000000000
METRIC,2026-04-12T23:27:11Z,190768001689301,3532,btc_qm_engine:btc_ptmc_accept,1.0000000000
METRIC,2026-04-12T23:27:11Z,190768001733651,3532,btc_qm_engine:btc_ptmc_rep_hot,3.0000000000
METRIC,2026-04-12T23:27:11Z,190768001768101,3532,btc_qm_engine:btc_ptmc_rep_cold,2.0000000000
METRIC,2026-04-12T23:27:11Z,190768001793271,3532,btc_qm_engine:btc_ptmc_accept,1.0000000000
METRIC,2026-04-12T23:27:11Z,190768001821731,3532,btc_qm_engine:btc_ptmc_rep_hot,4.0000000000
METRIC,2026-04-12T23:27:11Z,190768001846291,3532,btc_qm_engine:btc_ptmc_rep_cold,3.0000000000
METRIC,2026-04-12T23:27:11Z,190768001871651,3532,btc_qm_engine:btc_ptmc_accept,1.0000000000
METRIC,2026-04-12T23:27:11Z,190768001906011,3532,btc_qm_engine:btc_ptmc_rep_hot,5.0000000000
METRIC,2026-04-12T23:27:11Z,190768001931861,3532,btc_qm_engine:btc_ptmc_rep_cold,4.0000000000
METRIC,2026-04-12T23:27:11Z,190768001957411,3532,btc_qm_engine:btc_ptmc_accept,1.0000000000
METRIC,2026-04-12T23:27:11Z,190768001989271,3532,btc_qm_engine:btc_ptmc_rep_hot,6.0000000000
METRIC,2026-04-12T23:27:11Z,190768002071381,3532,btc_qm_engine:btc_ptmc_rep_cold,5.0000000000
METRIC,2026-04-12T23:27:11Z,190768002096391,3532,btc_qm_engine:btc_ptmc_accept,1.0000000000
METRIC,2026-04-12T23:27:11Z,190768002120931,3532,btc_qm_engine:btc_ptmc_rep_hot,7.0000000000
METRIC,2026-04-12T23:27:11Z,190768002145021,3532,btc_qm_engine:btc_ptmc_rep_cold,6.0000000000
METRIC,2026-04-12T23:27:11Z,190768002169411,3532,btc_qm_engine:btc_ptmc_accept,1.0000000000
METRIC,2026-04-12T23:27:11Z,190768101909105,3532,btc_qm_engine:btc_ptmc_rep_hot,1.0000000000
METRIC,2026-04-12T23:27:11Z,190768102000615,3532,btc_qm_engine:btc_ptmc_rep_cold,0.0000000000
METRIC,2026-04-12T23:27:11Z,190768102069045,3532,btc_qm_engine:btc_ptmc_accept,0.5134171190
METRIC,2026-04-12T23:27:11Z,190768102102655,3532,btc_qm_engine:btc_ptmc_rep_hot,2.0000000000
METRIC,2026-04-12T23:27:11Z,190768102127895,3532,btc_qm_engine:btc_ptmc_rep_cold,1.0000000000
METRIC,2026-04-12T23:27:11Z,190768102153035,3532,btc_qm_engine:btc_ptmc_accept,0.7165313106
METRIC,2026-04-12T23:27:11Z,190768102179115,3532,btc_qm_engine:btc_ptmc_rep_hot,3.0000000000
METRIC,2026-04-12T23:27:11Z,190768102203685,3532,btc_qm_engine:btc_ptmc_rep_cold,2.0000000000
METRIC,2026-04-12T23:27:11Z,190768102228795,3532,btc_qm_engine:btc_ptmc_accept,1.0000000000
METRIC,2026-04-12T23:27:11Z,190768102257335,3532,btc_qm_engine:btc_ptmc_rep_hot,4.0000000000
METRIC,2026-04-12T23:27:11Z,190768102282035,3532,btc_qm_engine:btc_ptmc_rep_cold,3.0000000000
METRIC,2026-04-12T23:27:11Z,190768102305615,3532,btc_qm_engine:btc_ptmc_accept,0.9048374180
METRIC,2026-04-12T23:27:11Z,190768102361925,3532,btc_qm_engine:btc_ptmc_rep_hot,5.0000000000
METRIC,2026-04-12T23:27:11Z,190768102387705,3532,btc_qm_engine:btc_ptmc_rep_cold,4.0000000000
METRIC,2026-04-12T23:27:11Z,190768102412185,3532,btc_qm_engine:btc_ptmc_accept,0.9394130628
METRIC,2026-04-12T23:27:11Z,190768102441855,3532,btc_qm_engine:btc_ptmc_rep_hot,6.0000000000
METRIC,2026-04-12T23:27:11Z,190768102467105,3532,btc_qm_engine:btc_ptmc_rep_cold,5.0000000000
METRIC,2026-04-12T23:27:11Z,190768102492145,3532,btc_qm_engine:btc_ptmc_accept,1.0000000000
METRIC,2026-04-12T23:27:11Z,190768102523405,3532,btc_qm_engine:btc_ptmc_rep_hot,7.0000000000
METRIC,2026-04-12T23:27:11Z,190768102555305,3532,btc_qm_engine:btc_ptmc_rep_cold,6.0000000000
METRIC,2026-04-12T23:27:11Z,190768102583035,3532,btc_qm_engine:btc_ptmc_accept,0.9767452464
METRIC,2026-04-12T23:27:11Z,190768209468428,3532,btc_qm_engine:btc_ptmc_rep_hot,1.0000000000
METRIC,2026-04-12T23:27:11Z,190768209561568,3532,btc_qm_engine:btc_ptmc_rep_cold,0.0000000000
METRIC,2026-04-12T23:27:11Z,190768209589598,3532,btc_qm_engine:btc_ptmc_accept,1.0000000000
METRIC,2026-04-12T23:27:11Z,190768209615908,3532,btc_qm_engine:btc_ptmc_rep_hot,2.0000000000
METRIC,2026-04-12T23:27:11Z,190768209640848,3532,btc_qm_engine:btc_ptmc_rep_cold,1.0000000000
METRIC,2026-04-12T23:27:11Z,190768209666108,3532,btc_qm_engine:btc_ptmc_accept,1.0000000000
METRIC,2026-04-12T23:27:11Z,190768209700338,3532,btc_qm_engine:btc_ptmc_rep_hot,3.0000000000
METRIC,2026-04-12T23:27:11Z,190768209725358,3532,btc_qm_engine:btc_ptmc_rep_cold,2.0000000000
METRIC,2026-04-12T23:27:11Z,190768209750328,3532,btc_qm_engine:btc_ptmc_accept,1.0000000000
METRIC,2026-04-12T23:27:11Z,190768209784358,3532,btc_qm_engine:btc_ptmc_rep_hot,4.0000000000
METRIC,2026-04-12T23:27:11Z,190768209810478,3532,btc_qm_engine:btc_ptmc_rep_cold,3.0000000000
METRIC,2026-04-12T23:27:11Z,190768209836028,3532,btc_qm_engine:btc_ptmc_accept,1.0000000000
METRIC,2026-04-12T23:27:11Z,190768209861358,3532,btc_qm_engine:btc_ptmc_rep_hot,5.0000000000
METRIC,2026-04-12T23:27:11Z,190768209886648,3532,btc_qm_engine:btc_ptmc_rep_cold,4.0000000000
METRIC,2026-04-12T23:27:11Z,190768209911028,3532,btc_qm_engine:btc_ptmc_accept,1.0000000000
METRIC,2026-04-12T23:27:11Z,190768209948408,3532,btc_qm_engine:btc_ptmc_rep_hot,6.0000000000
METRIC,2026-04-12T23:27:11Z,190768209973588,3532,btc_qm_engine:btc_ptmc_rep_cold,5.0000000000
METRIC,2026-04-12T23:27:11Z,190768218129658,3532,btc_qm_engine:btc_ptmc_accept,1.0000000000
METRIC,2026-04-12T23:27:11Z,190768218196948,3532,btc_qm_engine:btc_ptmc_rep_hot,7.0000000000
METRIC,2026-04-12T23:27:11Z,190768218223018,3532,btc_qm_engine:btc_ptmc_rep_cold,6.0000000000
METRIC,2026-04-12T23:27:11Z,190768218247098,3532,btc_qm_engine:btc_ptmc_accept,1.0000000000
METRIC,2026-04-12T23:27:11Z,190768313186621,3532,btc_qm_engine:btc_ptmc_rep_hot,1.0000000000
METRIC,2026-04-12T23:27:11Z,190768313259561,3532,btc_qm_engine:btc_ptmc_rep_cold,0.0000000000
METRIC,2026-04-12T23:27:11Z,190768313279971,3532,btc_qm_engine:btc_ptmc_accept,1.0000000000
METRIC,2026-04-12T23:27:11Z,190768313303391,3532,btc_qm_engine:btc_ptmc_rep_hot,2.0000000000
METRIC,2026-04-12T23:27:11Z,190768313322051,3532,btc_qm_engine:btc_ptmc_rep_cold,1.0000000000
METRIC,2026-04-12T23:27:11Z,190768313340411,3532,btc_qm_engine:btc_ptmc_accept,1.0000000000
METRIC,2026-04-12T23:27:11Z,190768313364731,3532,btc_qm_engine:btc_ptmc_rep_hot,3.0000000000
METRIC,2026-04-12T23:27:11Z,190768313383151,3532,btc_qm_engine:btc_ptmc_rep_cold,2.0000000000
METRIC,2026-04-12T23:27:11Z,190768313401541,3532,btc_qm_engine:btc_ptmc_accept,1.0000000000
METRIC,2026-04-12T23:27:11Z,190768313426361,3532,btc_qm_engine:btc_ptmc_rep_hot,4.0000000000
METRIC,2026-04-12T23:27:11Z,190768313444671,3532,btc_qm_engine:btc_ptmc_rep_cold,3.0000000000
METRIC,2026-04-12T23:27:11Z,190768313462971,3532,btc_qm_engine:btc_ptmc_accept,1.0000000000
METRIC,2026-04-12T23:27:11Z,190768313496311,3532,btc_qm_engine:btc_ptmc_rep_hot,5.0000000000
METRIC,2026-04-12T23:27:11Z,190768313521811,3532,btc_qm_engine:btc_ptmc_rep_cold,4.0000000000
METRIC,2026-04-12T23:27:11Z,190768313554351,3532,btc_qm_engine:btc_ptmc_accept,1.0000000000
METRIC,2026-04-12T23:27:11Z,190768313577391,3532,btc_qm_engine:btc_ptmc_rep_hot,6.0000000000
METRIC,2026-04-12T23:27:11Z,190768313763511,3532,btc_qm_engine:btc_ptmc_rep_cold,5.0000000000
METRIC,2026-04-12T23:27:11Z,190768313789811,3532,btc_qm_engine:btc_ptmc_accept,1.0000000000
METRIC,2026-04-12T23:27:11Z,190768313817281,3532,btc_qm_engine:btc_ptmc_rep_hot,7.0000000000
METRIC,2026-04-12T23:27:11Z,190768313835871,3532,btc_qm_engine:btc_ptmc_rep_cold,6.0000000000
METRIC,2026-04-12T23:27:11Z,190768313854171,3532,btc_qm_engine:btc_ptmc_accept,1.0000000000
METRIC,2026-04-12T23:27:11Z,190768415176875,3532,btc_qm_engine:btc_ptmc_rep_hot,1.0000000000
METRIC,2026-04-12T23:27:11Z,190768415240045,3532,btc_qm_engine:btc_ptmc_rep_cold,0.0000000000
METRIC,2026-04-12T23:27:11Z,190768415260635,3532,btc_qm_engine:btc_ptmc_accept,1.0000000000
METRIC,2026-04-12T23:27:11Z,190768415279955,3532,btc_qm_engine:btc_ptmc_rep_hot,2.0000000000
METRIC,2026-04-12T23:27:11Z,190768415298825,3532,btc_qm_engine:btc_ptmc_rep_cold,1.0000000000
METRIC,2026-04-12T23:27:11Z,190768415317715,3532,btc_qm_engine:btc_ptmc_accept,1.0000000000
METRIC,2026-04-12T23:27:11Z,190768415336435,3532,btc_qm_engine:btc_ptmc_rep_hot,3.0000000000
METRIC,2026-04-12T23:27:11Z,190768415355195,3532,btc_qm_engine:btc_ptmc_rep_cold,2.0000000000
METRIC,2026-04-12T23:27:11Z,190768415373785,3532,btc_qm_engine:btc_ptmc_accept,1.0000000000
METRIC,2026-04-12T23:27:11Z,190768415399955,3532,btc_qm_engine:btc_ptmc_rep_hot,4.0000000000
METRIC,2026-04-12T23:27:11Z,190768415506955,3532,btc_qm_engine:btc_ptmc_rep_cold,3.0000000000
METRIC,2026-04-12T23:27:11Z,190768415547465,3532,btc_qm_engine:btc_ptmc_accept,1.0000000000
METRIC,2026-04-12T23:27:11Z,190768415576955,3532,btc_qm_engine:btc_ptmc_rep_hot,5.0000000000
METRIC,2026-04-12T23:27:11Z,190768415596955,3532,btc_qm_engine:btc_ptmc_rep_cold,4.0000000000
METRIC,2026-04-12T23:27:11Z,190768415615595,3532,btc_qm_engine:btc_ptmc_accept,1.0000000000
METRIC,2026-04-12T23:27:11Z,190768415639085,3532,btc_qm_engine:btc_ptmc_rep_hot,6.0000000000
METRIC,2026-04-12T23:27:11Z,190768415657595,3532,btc_qm_engine:btc_ptmc_rep_cold,5.0000000000
METRIC,2026-04-12T23:27:11Z,190768415676115,3532,btc_qm_engine:btc_ptmc_accept,1.0000000000
METRIC,2026-04-12T23:27:11Z,190768415704015,3532,btc_qm_engine:btc_ptmc_rep_hot,7.0000000000
METRIC,2026-04-12T23:27:11Z,190768415729395,3532,btc_qm_engine:btc_ptmc_rep_cold,6.0000000000
METRIC,2026-04-12T23:27:11Z,190768415757465,3532,btc_qm_engine:btc_ptmc_accept,1.0000000000
METRIC,2026-04-12T23:27:11Z,190768422894094,3532,btc_qm_engine:btc_hashrate_mhs,0.9897537749
METRIC,2026-04-12T23:27:11Z,190768422947414,3532,btc_qm_engine:btc_hashrate_thread_id,7.0000000000
METRIC,2026-04-12T23:27:11Z,190768447951893,3532,btc_qm_engine:btc_hashrate_mhs,0.9897171108
METRIC,2026-04-12T23:27:11Z,190768448071363,3532,btc_qm_engine:btc_hashrate_thread_id,1.0000000000
METRIC,2026-04-12T23:27:11Z,190768448688933,3532,btc_qm_engine:btc_nx48_delta_nonce_old,3.2623406236
METRIC,2026-04-12T23:27:11Z,190768448754723,3532,btc_qm_engine:btc_nx48_delta_nonce_new,3.4946223993
METRIC,2026-04-12T23:27:11Z,190768448787893,3532,btc_qm_engine:btc_nx48_batch_old,4.0000000000
METRIC,2026-04-12T23:27:11Z,190768448811473,3532,btc_qm_engine:btc_nx48_batch_new,4.0000000000
METRIC,2026-04-12T23:27:11Z,190768448834733,3532,btc_qm_engine:btc_nx48_loss,0.6156545282
METRIC,2026-04-12T23:27:11Z,190768448858173,3532,btc_qm_engine:btc_nx48_grad_norm,0.6398740912
METRIC,2026-04-12T23:27:11Z,190768448881163,3532,btc_qm_engine:btc_nx48_update_count,54.0000000000
METRIC,2026-04-12T23:27:11Z,190768448905853,3532,btc_qm_engine:btc_nx48_exploration_bias,0.4701134454
METRIC,2026-04-12T23:27:11Z,190768448930143,3532,btc_qm_engine:btc_hashrate_mhs,0.9897558708
METRIC,2026-04-12T23:27:11Z,190768448953053,3532,btc_qm_engine:btc_hashrate_thread_id,0.0000000000
METRIC,2026-04-12T23:27:11Z,190768455534402,3532,btc_qm_engine:btc_hashrate_mhs,0.9897071877
METRIC,2026-04-12T23:27:11Z,190768455614942,3532,btc_qm_engine:btc_hashrate_thread_id,5.0000000000
METRIC,2026-04-12T23:27:11Z,190768456089702,3532,btc_qm_engine:btc_hashrate_mhs,0.9897511535
METRIC,2026-04-12T23:27:11Z,190768456133852,3532,btc_qm_engine:btc_hashrate_thread_id,3.0000000000
METRIC,2026-04-12T23:27:11Z,190768456614362,3532,btc_qm_engine:btc_hashrate_mhs,0.9897659574
METRIC,2026-04-12T23:27:11Z,190768456651572,3532,btc_qm_engine:btc_hashrate_thread_id,2.0000000000
METRIC,2026-04-12T23:27:11Z,190768459941682,3532,btc_qm_engine:btc_hashrate_mhs,0.9897594735
METRIC,2026-04-12T23:27:11Z,190768459989342,3532,btc_qm_engine:btc_hashrate_thread_id,6.0000000000
METRIC,2026-04-12T23:27:11Z,190768464271002,3532,btc_qm_engine:btc_hashrate_mhs,0.9898140108
METRIC,2026-04-12T23:27:11Z,190768464319502,3532,btc_qm_engine:btc_hashrate_thread_id,4.0000000000
METRIC,2026-04-12T23:27:11Z,190768521200558,3532,btc_qm_engine:btc_ptmc_rep_hot,1.0000000000
METRIC,2026-04-12T23:27:11Z,190768521257578,3532,btc_qm_engine:btc_ptmc_rep_cold,0.0000000000
METRIC,2026-04-12T23:27:11Z,190768521277798,3532,btc_qm_engine:btc_ptmc_accept,1.0000000000
METRIC,2026-04-12T23:27:11Z,190768521302928,3532,btc_qm_engine:btc_ptmc_rep_hot,2.0000000000
METRIC,2026-04-12T23:27:11Z,190768521326998,3532,btc_qm_engine:btc_ptmc_rep_cold,1.0000000000
METRIC,2026-04-12T23:27:11Z,190768521349638,3532,btc_qm_engine:btc_ptmc_accept,1.0000000000
METRIC,2026-04-12T23:27:11Z,190768521687838,3532,btc_qm_engine:btc_ptmc_rep_hot,3.0000000000
METRIC,2026-04-12T23:27:11Z,190768521714038,3532,btc_qm_engine:btc_ptmc_rep_cold,2.0000000000
METRIC,2026-04-12T23:27:11Z,190768521733378,3532,btc_qm_engine:btc_ptmc_accept,1.0000000000
METRIC,2026-04-12T23:27:11Z,190768521761158,3532,btc_qm_engine:btc_ptmc_rep_hot,4.0000000000
METRIC,2026-04-12T23:27:11Z,190768521779958,3532,btc_qm_engine:btc_ptmc_rep_cold,3.0000000000
METRIC,2026-04-12T23:27:11Z,190768521798428,3532,btc_qm_engine:btc_ptmc_accept,0.8187343053
METRIC,2026-04-12T23:27:11Z,190768521819298,3532,btc_qm_engine:btc_ptmc_rep_hot,5.0000000000
METRIC,2026-04-12T23:27:11Z,190768521837918,3532,btc_qm_engine:btc_ptmc_rep_cold,4.0000000000
METRIC,2026-04-12T23:27:11Z,190768521856688,3532,btc_qm_engine:btc_ptmc_accept,0.8824983983
METRIC,2026-04-12T23:27:11Z,190768521888058,3532,btc_qm_engine:btc_ptmc_rep_hot,6.0000000000
METRIC,2026-04-12T23:27:11Z,190768521913158,3532,btc_qm_engine:btc_ptmc_rep_cold,5.0000000000
METRIC,2026-04-12T23:27:11Z,190768521931698,3532,btc_qm_engine:btc_ptmc_accept,0.9298549256
METRIC,2026-04-12T23:27:11Z,190768521953048,3532,btc_qm_engine:btc_ptmc_rep_hot,7.0000000000
METRIC,2026-04-12T23:27:11Z,190768521971558,3532,btc_qm_engine:btc_ptmc_rep_cold,6.0000000000
METRIC,2026-04-12T23:27:11Z,190768521990828,3532,btc_qm_engine:btc_ptmc_accept,0.9540303485
METRIC,2026-04-12T23:27:11Z,190768621892072,3532,btc_qm_engine:btc_ptmc_rep_hot,1.0000000000
METRIC,2026-04-12T23:27:11Z,190768621976932,3532,btc_qm_engine:btc_ptmc_rep_cold,0.0000000000
METRIC,2026-04-12T23:27:11Z,190768622018242,3532,btc_qm_engine:btc_ptmc_accept,1.0000000000
METRIC,2026-04-12T23:27:11Z,190768622050992,3532,btc_qm_engine:btc_ptmc_rep_hot,2.0000000000
METRIC,2026-04-12T23:27:11Z,190768622075922,3532,btc_qm_engine:btc_ptmc_rep_cold,1.0000000000
METRIC,2026-04-12T23:27:11Z,190768622100172,3532,btc_qm_engine:btc_ptmc_accept,1.0000000000
METRIC,2026-04-12T23:27:11Z,190768622167622,3532,btc_qm_engine:btc_ptmc_rep_hot,3.0000000000
METRIC,2026-04-12T23:27:11Z,190768622192162,3532,btc_qm_engine:btc_ptmc_rep_cold,2.0000000000
METRIC,2026-04-12T23:27:11Z,190768622215672,3532,btc_qm_engine:btc_ptmc_accept,1.0000000000
METRIC,2026-04-12T23:27:11Z,190768622243362,3532,btc_qm_engine:btc_ptmc_rep_hot,4.0000000000
METRIC,2026-04-12T23:27:11Z,190768622267692,3532,btc_qm_engine:btc_ptmc_rep_cold,3.0000000000
METRIC,2026-04-12T23:27:11Z,190768622291772,3532,btc_qm_engine:btc_ptmc_accept,1.0000000000
METRIC,2026-04-12T23:27:11Z,190768622322782,3532,btc_qm_engine:btc_ptmc_rep_hot,5.0000000000
METRIC,2026-04-12T23:27:11Z,190768622347682,3532,btc_qm_engine:btc_ptmc_rep_cold,4.0000000000
METRIC,2026-04-12T23:27:11Z,190768622371532,3532,btc_qm_engine:btc_ptmc_accept,1.0000000000
METRIC,2026-04-12T23:27:11Z,190768622401212,3532,btc_qm_engine:btc_ptmc_rep_hot,6.0000000000
METRIC,2026-04-12T23:27:11Z,190768622426682,3532,btc_qm_engine:btc_ptmc_rep_cold,5.0000000000
METRIC,2026-04-12T23:27:11Z,190768622456812,3532,btc_qm_engine:btc_ptmc_accept,1.0000000000
METRIC,2026-04-12T23:27:11Z,190768622490062,3532,btc_qm_engine:btc_ptmc_rep_hot,7.0000000000
METRIC,2026-04-12T23:27:11Z,190768622515262,3532,btc_qm_engine:btc_ptmc_rep_cold,6.0000000000
METRIC,2026-04-12T23:27:11Z,190768622539742,3532,btc_qm_engine:btc_ptmc_accept,1.0000000000
METRIC,2026-04-12T23:27:12Z,190768722927985,3532,btc_qm_engine:btc_ptmc_rep_hot,1.0000000000
METRIC,2026-04-12T23:27:12Z,190768723019515,3532,btc_qm_engine:btc_ptmc_rep_cold,0.0000000000
METRIC,2026-04-12T23:27:12Z,190768723047215,3532,btc_qm_engine:btc_ptmc_accept,0.1354058228
METRIC,2026-04-12T23:27:12Z,190768723081915,3532,btc_qm_engine:btc_ptmc_rep_hot,2.0000000000
METRIC,2026-04-12T23:27:12Z,190768723104645,3532,btc_qm_engine:btc_ptmc_rep_cold,1.0000000000
METRIC,2026-04-12T23:27:12Z,190768723123985,3532,btc_qm_engine:btc_ptmc_accept,-0.2636429336
METRIC,2026-04-12T23:27:12Z,190768723151805,3532,btc_qm_engine:btc_ptmc_rep_hot,3.0000000000
METRIC,2026-04-12T23:27:12Z,190768723180475,3532,btc_qm_engine:btc_ptmc_rep_cold,2.0000000000
METRIC,2026-04-12T23:27:12Z,190768723206955,3532,btc_qm_engine:btc_ptmc_accept,1.0000000000
METRIC,2026-04-12T23:27:12Z,190768723228665,3532,btc_qm_engine:btc_ptmc_rep_hot,4.0000000000
METRIC,2026-04-12T23:27:12Z,190768723247345,3532,btc_qm_engine:btc_ptmc_rep_cold,3.0000000000
METRIC,2026-04-12T23:27:12Z,190768723265975,3532,btc_qm_engine:btc_ptmc_accept,1.0000000000
METRIC,2026-04-12T23:27:12Z,190768723287725,3532,btc_qm_engine:btc_ptmc_rep_hot,5.0000000000
METRIC,2026-04-12T23:27:12Z,190768723306455,3532,btc_qm_engine:btc_ptmc_rep_cold,4.0000000000
METRIC,2026-04-12T23:27:12Z,190768723325235,3532,btc_qm_engine:btc_ptmc_accept,1.0000000000
METRIC,2026-04-12T23:27:12Z,190768723349685,3532,btc_qm_engine:btc_ptmc_rep_hot,6.0000000000
METRIC,2026-04-12T23:27:12Z,190768723368585,3532,btc_qm_engine:btc_ptmc_rep_cold,5.0000000000
METRIC,2026-04-12T23:27:12Z,190768723387385,3532,btc_qm_engine:btc_ptmc_accept,1.0000000000
METRIC,2026-04-12T23:27:12Z,190768723411735,3532,btc_qm_engine:btc_ptmc_rep_hot,7.0000000000
METRIC,2026-04-12T23:27:12Z,190768723430475,3532,btc_qm_engine:btc_ptmc_rep_cold,6.0000000000
METRIC,2026-04-12T23:27:12Z,190768723449175,3532,btc_qm_engine:btc_ptmc_accept,1.0000000000
METRIC,2026-04-12T23:27:12Z,190768842786257,3532,btc_qm_engine:btc_ptmc_rep_hot,1.0000000000
METRIC,2026-04-12T23:27:12Z,190768842851987,3532,btc_qm_engine:btc_ptmc_rep_cold,0.0000000000
METRIC,2026-04-12T23:27:12Z,190768842872907,3532,btc_qm_engine:btc_ptmc_accept,1.0000000000
METRIC,2026-04-12T23:27:12Z,190768842896457,3532,btc_qm_engine:btc_ptmc_rep_hot,2.0000000000
METRIC,2026-04-12T23:27:12Z,190768842922287,3532,btc_qm_engine:btc_ptmc_rep_cold,1.0000000000
METRIC,2026-04-12T23:27:12Z,190768842946257,3532,btc_qm_engine:btc_ptmc_accept,1.0000000000
METRIC,2026-04-12T23:27:12Z,190768842976677,3532,btc_qm_engine:btc_ptmc_rep_hot,3.0000000000
METRIC,2026-04-12T23:27:12Z,190768843026917,3532,btc_qm_engine:btc_ptmc_rep_cold,2.0000000000
METRIC,2026-04-12T23:27:12Z,190768843053887,3532,btc_qm_engine:btc_ptmc_accept,1.0000000000
METRIC,2026-04-12T23:27:12Z,190768843111947,3532,btc_qm_engine:btc_ptmc_rep_hot,4.0000000000
METRIC,2026-04-12T23:27:12Z,190768843136787,3532,btc_qm_engine:btc_ptmc_rep_cold,3.0000000000
METRIC,2026-04-12T23:27:12Z,190768843161967,3532,btc_qm_engine:btc_ptmc_accept,1.0000000000
METRIC,2026-04-12T23:27:12Z,190768843193377,3532,btc_qm_engine:btc_ptmc_rep_hot,5.0000000000
METRIC,2026-04-12T23:27:12Z,190768843218237,3532,btc_qm_engine:btc_ptmc_rep_cold,4.0000000000
METRIC,2026-04-12T23:27:12Z,190768843242737,3532,btc_qm_engine:btc_ptmc_accept,1.0000000000
METRIC,2026-04-12T23:27:12Z,190768843274877,3532,btc_qm_engine:btc_ptmc_rep_hot,6.0000000000
METRIC,2026-04-12T23:27:12Z,190768843299627,3532,btc_qm_engine:btc_ptmc_rep_cold,5.0000000000
METRIC,2026-04-12T23:27:12Z,190768843324267,3532,btc_qm_engine:btc_ptmc_accept,1.0000000000
METRIC,2026-04-12T23:27:12Z,190768843354677,3532,btc_qm_engine:btc_ptmc_rep_hot,7.0000000000
METRIC,2026-04-12T23:27:12Z,190768843379047,3532,btc_qm_engine:btc_ptmc_rep_cold,6.0000000000
METRIC,2026-04-12T23:27:12Z,190768843403477,3532,btc_qm_engine:btc_ptmc_accept,1.0000000000
METRIC,2026-04-12T23:27:12Z,190768947381881,3532,btc_qm_engine:btc_ptmc_rep_hot,1.0000000000
METRIC,2026-04-12T23:27:12Z,190768947480391,3532,btc_qm_engine:btc_ptmc_rep_cold,0.0000000000
METRIC,2026-04-12T23:27:12Z,190768947501591,3532,btc_qm_engine:btc_ptmc_accept,0.5134171190
METRIC,2026-04-12T23:27:12Z,190768947527891,3532,btc_qm_engine:btc_ptmc_rep_hot,2.0000000000
METRIC,2026-04-12T23:27:12Z,190768947547151,3532,btc_qm_engine:btc_ptmc_rep_cold,1.0000000000
METRIC,2026-04-12T23:27:12Z,190768947565991,3532,btc_qm_engine:btc_ptmc_accept,0.7165001846
METRIC,2026-04-12T23:27:12Z,190768947591211,3532,btc_qm_engine:btc_ptmc_rep_hot,3.0000000000
METRIC,2026-04-12T23:27:12Z,190768947610151,3532,btc_qm_engine:btc_ptmc_rep_cold,2.0000000000
METRIC,2026-04-12T23:27:12Z,190768947628841,3532,btc_qm_engine:btc_ptmc_accept,0.8464725326
METRIC,2026-04-12T23:27:12Z,190768947650621,3532,btc_qm_engine:btc_ptmc_rep_hot,4.0000000000
METRIC,2026-04-12T23:27:12Z,190768947673911,3532,btc_qm_engine:btc_ptmc_rep_cold,3.0000000000
METRIC,2026-04-12T23:27:12Z,190768947697541,3532,btc_qm_engine:btc_ptmc_accept,0.9048338808
METRIC,2026-04-12T23:27:12Z,190768947721771,3532,btc_qm_engine:btc_ptmc_rep_hot,5.0000000000
METRIC,2026-04-12T23:27:12Z,190768947744651,3532,btc_qm_engine:btc_ptmc_rep_cold,4.0000000000
METRIC,2026-04-12T23:27:12Z,190768947763511,3532,btc_qm_engine:btc_ptmc_accept,0.9394116283
METRIC,2026-04-12T23:27:12Z,190768947793871,3532,btc_qm_engine:btc_ptmc_rep_hot,6.0000000000
METRIC,2026-04-12T23:27:12Z,190768947818191,3532,btc_qm_engine:btc_ptmc_rep_cold,5.0000000000
METRIC,2026-04-12T23:27:12Z,190768947837281,3532,btc_qm_engine:btc_ptmc_accept,0.9642890805
METRIC,2026-04-12T23:27:12Z,190768947859431,3532,btc_qm_engine:btc_ptmc_rep_hot,7.0000000000
METRIC,2026-04-12T23:27:12Z,190768947883681,3532,btc_qm_engine:btc_ptmc_rep_cold,6.0000000000
METRIC,2026-04-12T23:27:12Z,190768947909051,3532,btc_qm_engine:btc_ptmc_accept,0.9767450351
METRIC,2026-04-12T23:27:12Z,190769053221804,3532,btc_qm_engine:btc_ptmc_rep_hot,1.0000000000
METRIC,2026-04-12T23:27:12Z,190769053304684,3532,btc_qm_engine:btc_ptmc_rep_cold,0.0000000000
METRIC,2026-04-12T23:27:12Z,190769053332754,3532,btc_qm_engine:btc_ptmc_accept,1.0000000000
METRIC,2026-04-12T23:27:12Z,190769053464154,3532,btc_qm_engine:btc_ptmc_rep_hot,2.0000000000
METRIC,2026-04-12T23:27:12Z,190769053493584,3532,btc_qm_engine:btc_ptmc_rep_cold,1.0000000000
METRIC,2026-04-12T23:27:12Z,190769053520164,3532,btc_qm_engine:btc_ptmc_accept,1.0000000000
METRIC,2026-04-12T23:27:12Z,190769053554634,3532,btc_qm_engine:btc_ptmc_rep_hot,3.0000000000
METRIC,2026-04-12T23:27:12Z,190769053581424,3532,btc_qm_engine:btc_ptmc_rep_cold,2.0000000000
METRIC,2026-04-12T23:27:12Z,190769053607404,3532,btc_qm_engine:btc_ptmc_accept,1.0000000000
METRIC,2026-04-12T23:27:12Z,190769053643684,3532,btc_qm_engine:btc_ptmc_rep_hot,4.0000000000
METRIC,2026-04-12T23:27:12Z,190769053671564,3532,btc_qm_engine:btc_ptmc_rep_cold,3.0000000000
METRIC,2026-04-12T23:27:12Z,190769053730914,3532,btc_qm_engine:btc_ptmc_accept,1.0000000000
METRIC,2026-04-12T23:27:12Z,190769053762944,3532,btc_qm_engine:btc_ptmc_rep_hot,5.0000000000
METRIC,2026-04-12T23:27:12Z,190769053788044,3532,btc_qm_engine:btc_ptmc_rep_cold,4.0000000000
METRIC,2026-04-12T23:27:12Z,190769053819894,3532,btc_qm_engine:btc_ptmc_accept,1.0000000000
METRIC,2026-04-12T23:27:12Z,190769053850074,3532,btc_qm_engine:btc_ptmc_rep_hot,6.0000000000
METRIC,2026-04-12T23:27:12Z,190769053876034,3532,btc_qm_engine:btc_ptmc_rep_cold,5.0000000000
METRIC,2026-04-12T23:27:12Z,190769053901504,3532,btc_qm_engine:btc_ptmc_accept,1.0000000000
METRIC,2026-04-12T23:27:12Z,190769053931044,3532,btc_qm_engine:btc_ptmc_rep_hot,7.0000000000
METRIC,2026-04-12T23:27:12Z,190769053957744,3532,btc_qm_engine:btc_ptmc_rep_cold,6.0000000000
METRIC,2026-04-12T23:27:12Z,190769053984284,3532,btc_qm_engine:btc_ptmc_accept,1.0000000000
METRIC,2026-04-12T23:27:12Z,190769153441787,3532,btc_qm_engine:btc_ptmc_rep_hot,1.0000000000
METRIC,2026-04-12T23:27:12Z,190769153517997,3532,btc_qm_engine:btc_ptmc_rep_cold,0.0000000000
METRIC,2026-04-12T23:27:12Z,190769153553537,3532,btc_qm_engine:btc_ptmc_accept,1.0000000000
METRIC,2026-04-12T23:27:12Z,190769153715617,3532,btc_qm_engine:btc_ptmc_rep_hot,2.0000000000
METRIC,2026-04-12T23:27:12Z,190769153736417,3532,btc_qm_engine:btc_ptmc_rep_cold,1.0000000000
METRIC,2026-04-12T23:27:12Z,190769153760097,3532,btc_qm_engine:btc_ptmc_accept,1.0000000000
METRIC,2026-04-12T23:27:12Z,190769153783317,3532,btc_qm_engine:btc_ptmc_rep_hot,3.0000000000
METRIC,2026-04-12T23:27:12Z,190769153802527,3532,btc_qm_engine:btc_ptmc_rep_cold,2.0000000000
METRIC,2026-04-12T23:27:12Z,190769153821567,3532,btc_qm_engine:btc_ptmc_accept,1.0000000000
METRIC,2026-04-12T23:27:12Z,190769153846537,3532,btc_qm_engine:btc_ptmc_rep_hot,4.0000000000
METRIC,2026-04-12T23:27:12Z,190769153865667,3532,btc_qm_engine:btc_ptmc_rep_cold,3.0000000000
METRIC,2026-04-12T23:27:12Z,190769153884657,3532,btc_qm_engine:btc_ptmc_accept,1.0000000000
METRIC,2026-04-12T23:27:12Z,190769153906227,3532,btc_qm_engine:btc_ptmc_rep_hot,5.0000000000
METRIC,2026-04-12T23:27:12Z,190769153925197,3532,btc_qm_engine:btc_ptmc_rep_cold,4.0000000000
METRIC,2026-04-12T23:27:12Z,190769153944167,3532,btc_qm_engine:btc_ptmc_accept,1.0000000000
METRIC,2026-04-12T23:27:12Z,190769153968187,3532,btc_qm_engine:btc_ptmc_rep_hot,6.0000000000
METRIC,2026-04-12T23:27:12Z,190769153987287,3532,btc_qm_engine:btc_ptmc_rep_cold,5.0000000000
METRIC,2026-04-12T23:27:12Z,190769154050717,3532,btc_qm_engine:btc_ptmc_accept,1.0000000000
METRIC,2026-04-12T23:27:12Z,190769154078537,3532,btc_qm_engine:btc_ptmc_rep_hot,7.0000000000
METRIC,2026-04-12T23:27:12Z,190769154097717,3532,btc_qm_engine:btc_ptmc_rep_cold,6.0000000000
METRIC,2026-04-12T23:27:12Z,190769154116657,3532,btc_qm_engine:btc_ptmc_accept,1.0000000000
METRIC,2026-04-12T23:27:12Z,190769255916051,3532,btc_qm_engine:btc_ptmc_rep_hot,1.0000000000
METRIC,2026-04-12T23:27:12Z,190769255997031,3532,btc_qm_engine:btc_ptmc_rep_cold,0.0000000000
METRIC,2026-04-12T23:27:12Z,190769256034121,3532,btc_qm_engine:btc_ptmc_accept,1.0000000000
METRIC,2026-04-12T23:27:12Z,190769256065061,3532,btc_qm_engine:btc_ptmc_rep_hot,2.0000000000
METRIC,2026-04-12T23:27:12Z,190769256089851,3532,btc_qm_engine:btc_ptmc_rep_cold,1.0000000000
METRIC,2026-04-12T23:27:12Z,190769256114401,3532,btc_qm_engine:btc_ptmc_accept,0.7165485813
METRIC,2026-04-12T23:27:12Z,190769256147761,3532,btc_qm_engine:btc_ptmc_rep_hot,3.0000000000
METRIC,2026-04-12T23:27:12Z,190769256183711,3532,btc_qm_engine:btc_ptmc_rep_cold,2.0000000000
METRIC,2026-04-12T23:27:12Z,190769256215081,3532,btc_qm_engine:btc_ptmc_accept,0.8464868258
METRIC,2026-04-12T23:27:12Z,190769256244961,3532,btc_qm_engine:btc_ptmc_rep_hot,4.0000000000
METRIC,2026-04-12T23:27:12Z,190769256270191,3532,btc_qm_engine:btc_ptmc_rep_cold,3.0000000000
METRIC,2026-04-12T23:27:12Z,190769256293391,3532,btc_qm_engine:btc_ptmc_accept,1.0000000000
METRIC,2026-04-12T23:27:12Z,190769256322991,3532,btc_qm_engine:btc_ptmc_rep_hot,5.0000000000
METRIC,2026-04-12T23:27:12Z,190769256367891,3532,btc_qm_engine:btc_ptmc_rep_cold,4.0000000000
METRIC,2026-04-12T23:27:12Z,190769256392261,3532,btc_qm_engine:btc_ptmc_accept,1.0000000000
METRIC,2026-04-12T23:27:12Z,190769256420101,3532,btc_qm_engine:btc_ptmc_rep_hot,6.0000000000
METRIC,2026-04-12T23:27:12Z,190769256443931,3532,btc_qm_engine:btc_ptmc_rep_cold,5.0000000000
METRIC,2026-04-12T23:27:12Z,190769256468201,3532,btc_qm_engine:btc_ptmc_accept,0.9642898556
METRIC,2026-04-12T23:27:12Z,190769256496231,3532,btc_qm_engine:btc_ptmc_rep_hot,7.0000000000
METRIC,2026-04-12T23:27:12Z,190769256521481,3532,btc_qm_engine:btc_ptmc_rep_cold,6.0000000000
METRIC,2026-04-12T23:27:12Z,190769256545991,3532,btc_qm_engine:btc_ptmc_accept,0.9767447714
METRIC,2026-04-12T23:27:12Z,190769360800634,3532,btc_qm_engine:btc_ptmc_rep_hot,1.0000000000
METRIC,2026-04-12T23:27:12Z,190769360873714,3532,btc_qm_engine:btc_ptmc_rep_cold,0.0000000000
METRIC,2026-04-12T23:27:12Z,190769360898874,3532,btc_qm_engine:btc_ptmc_accept,1.0000000000
METRIC,2026-04-12T23:27:12Z,190769360927394,3532,btc_qm_engine:btc_ptmc_rep_hot,2.0000000000
METRIC,2026-04-12T23:27:12Z,190769360952174,3532,btc_qm_engine:btc_ptmc_rep_cold,1.0000000000
METRIC,2026-04-12T23:27:12Z,190769360976944,3532,btc_qm_engine:btc_ptmc_accept,1.0000000000
METRIC,2026-04-12T23:27:12Z,190769361054494,3532,btc_qm_engine:btc_ptmc_rep_hot,3.0000000000
METRIC,2026-04-12T23:27:12Z,190769361081534,3532,btc_qm_engine:btc_ptmc_rep_cold,2.0000000000
METRIC,2026-04-12T23:27:12Z,190769361106064,3532,btc_qm_engine:btc_ptmc_accept,1.0000000000
METRIC,2026-04-12T23:27:12Z,190769361138234,3532,btc_qm_engine:btc_ptmc_rep_hot,4.0000000000
METRIC,2026-04-12T23:27:12Z,190769361162394,3532,btc_qm_engine:btc_ptmc_rep_cold,3.0000000000
METRIC,2026-04-12T23:27:12Z,190769361186644,3532,btc_qm_engine:btc_ptmc_accept,1.0000000000
METRIC,2026-04-12T23:27:12Z,190769361213824,3532,btc_qm_engine:btc_ptmc_rep_hot,5.0000000000
METRIC,2026-04-12T23:27:12Z,190769361238014,3532,btc_qm_engine:btc_ptmc_rep_cold,4.0000000000
METRIC,2026-04-12T23:27:12Z,190769361262464,3532,btc_qm_engine:btc_ptmc_accept,1.0000000000
METRIC,2026-04-12T23:27:12Z,190769361298474,3532,btc_qm_engine:btc_ptmc_rep_hot,6.0000000000
METRIC,2026-04-12T23:27:12Z,190769361323894,3532,btc_qm_engine:btc_ptmc_rep_cold,5.0000000000
METRIC,2026-04-12T23:27:12Z,190769361348644,3532,btc_qm_engine:btc_ptmc_accept,1.0000000000
METRIC,2026-04-12T23:27:12Z,190769361383434,3532,btc_qm_engine:btc_ptmc_rep_hot,7.0000000000
METRIC,2026-04-12T23:27:12Z,190769361407914,3532,btc_qm_engine:btc_ptmc_rep_cold,6.0000000000
METRIC,2026-04-12T23:27:12Z,190769361443644,3532,btc_qm_engine:btc_ptmc_accept,1.0000000000
HW_SAMPLE,2026-04-12T23:27:12Z,190769401590621,3532,btc_qm_engine:cpu_delta_pct,67.8943
HW_SAMPLE,2026-04-12T23:27:12Z,190769401590621,3532,btc_qm_engine:mem_used_pct,82.1022
HW_SAMPLE,2026-04-12T23:27:12Z,190769401590621,3532,btc_qm_engine:vm_rss_kb,7800
HW_SAMPLE,2026-04-12T23:27:12Z,190769401590621,3532,btc_qm_engine:vm_peak_kb,604968
HW_SAMPLE,2026-04-12T23:27:12Z,190769402078381,3532,btc_qm_engine:cpu_delta_pct,100.0000
HW_SAMPLE,2026-04-12T23:27:12Z,190769402078381,3532,btc_qm_engine:mem_used_pct,82.1022
HW_SAMPLE,2026-04-12T23:27:12Z,190769402078381,3532,btc_qm_engine:vm_rss_kb,7800
HW_SAMPLE,2026-04-12T23:27:12Z,190769402078381,3532,btc_qm_engine:vm_peak_kb,604968
HW_SAMPLE,2026-04-12T23:27:12Z,190769403131391,3532,btc_qm_engine:cpu_delta_pct,0.0000
HW_SAMPLE,2026-04-12T23:27:12Z,190769403131391,3532,btc_qm_engine:mem_used_pct,82.1022
HW_SAMPLE,2026-04-12T23:27:12Z,190769403131391,3532,btc_qm_engine:vm_rss_kb,7800
HW_SAMPLE,2026-04-12T23:27:12Z,190769403131391,3532,btc_qm_engine:vm_peak_kb,604968
HW_SAMPLE,2026-04-12T23:27:12Z,190769405641411,3532,btc_qm_engine:cpu_delta_pct,100.0000
HW_SAMPLE,2026-04-12T23:27:12Z,190769405641411,3532,btc_qm_engine:mem_used_pct,82.1022
HW_SAMPLE,2026-04-12T23:27:12Z,190769405641411,3532,btc_qm_engine:vm_rss_kb,7800
HW_SAMPLE,2026-04-12T23:27:12Z,190769405641411,3532,btc_qm_engine:vm_peak_kb,604968
HW_SAMPLE,2026-04-12T23:27:12Z,190769405808321,3532,btc_qm_engine:cpu_delta_pct,0.0000
HW_SAMPLE,2026-04-12T23:27:12Z,190769405808321,3532,btc_qm_engine:mem_used_pct,82.1022
HW_SAMPLE,2026-04-12T23:27:12Z,190769405808321,3532,btc_qm_engine:vm_rss_kb,7800
HW_SAMPLE,2026-04-12T23:27:12Z,190769405808321,3532,btc_qm_engine:vm_peak_kb,604968
HW_SAMPLE,2026-04-12T23:27:12Z,190769407663961,3532,btc_qm_engine:cpu_delta_pct,50.0000
HW_SAMPLE,2026-04-12T23:27:12Z,190769407663961,3532,btc_qm_engine:mem_used_pct,82.1022
HW_SAMPLE,2026-04-12T23:27:12Z,190769407663961,3532,btc_qm_engine:vm_rss_kb,7800
HW_SAMPLE,2026-04-12T23:27:12Z,190769407663961,3532,btc_qm_engine:vm_peak_kb,604968
HW_SAMPLE,2026-04-12T23:27:12Z,190769408541151,3532,btc_qm_engine:cpu_delta_pct,100.0000
HW_SAMPLE,2026-04-12T23:27:12Z,190769408541151,3532,btc_qm_engine:mem_used_pct,82.1022
HW_SAMPLE,2026-04-12T23:27:12Z,190769408541151,3532,btc_qm_engine:vm_rss_kb,7800
HW_SAMPLE,2026-04-12T23:27:12Z,190769408541151,3532,btc_qm_engine:vm_peak_kb,604968
HW_SAMPLE,2026-04-12T23:27:12Z,190769409429691,3532,btc_qm_engine:cpu_delta_pct,0.0000
HW_SAMPLE,2026-04-12T23:27:12Z,190769409429691,3532,btc_qm_engine:mem_used_pct,82.1022
HW_SAMPLE,2026-04-12T23:27:12Z,190769409429691,3532,btc_qm_engine:vm_rss_kb,7800
HW_SAMPLE,2026-04-12T23:27:12Z,190769409429691,3532,btc_qm_engine:vm_peak_kb,604968
METRIC,2026-04-12T23:27:12Z,190769462787448,3532,btc_qm_engine:btc_ptmc_rep_hot,1.0000000000
METRIC,2026-04-12T23:27:12Z,190769462860338,3532,btc_qm_engine:btc_ptmc_rep_cold,0.0000000000
METRIC,2026-04-12T23:27:12Z,190769462886538,3532,btc_qm_engine:btc_ptmc_accept,1.0000000000
METRIC,2026-04-12T23:27:12Z,190769462916588,3532,btc_qm_engine:btc_ptmc_rep_hot,2.0000000000
METRIC,2026-04-12T23:27:12Z,190769462941068,3532,btc_qm_engine:btc_ptmc_rep_cold,1.0000000000
METRIC,2026-04-12T23:27:12Z,190769462965458,3532,btc_qm_engine:btc_ptmc_accept,1.0000000000
METRIC,2026-04-12T23:27:12Z,190769462994768,3532,btc_qm_engine:btc_ptmc_rep_hot,3.0000000000
METRIC,2026-04-12T23:27:12Z,190769463056048,3532,btc_qm_engine:btc_ptmc_rep_cold,2.0000000000
METRIC,2026-04-12T23:27:12Z,190769463080398,3532,btc_qm_engine:btc_ptmc_accept,1.0000000000
METRIC,2026-04-12T23:27:12Z,190769463114788,3532,btc_qm_engine:btc_ptmc_rep_hot,4.0000000000
METRIC,2026-04-12T23:27:12Z,190769463139358,3532,btc_qm_engine:btc_ptmc_rep_cold,3.0000000000
METRIC,2026-04-12T23:27:12Z,190769463163348,3532,btc_qm_engine:btc_ptmc_accept,1.0000000000
METRIC,2026-04-12T23:27:12Z,190769463195328,3532,btc_qm_engine:btc_ptmc_rep_hot,5.0000000000
METRIC,2026-04-12T23:27:12Z,190769463219268,3532,btc_qm_engine:btc_ptmc_rep_cold,4.0000000000
METRIC,2026-04-12T23:27:12Z,190769463243368,3532,btc_qm_engine:btc_ptmc_accept,1.0000000000
METRIC,2026-04-12T23:27:12Z,190769463271878,3532,btc_qm_engine:btc_ptmc_rep_hot,6.0000000000
METRIC,2026-04-12T23:27:12Z,190769463296368,3532,btc_qm_engine:btc_ptmc_rep_cold,5.0000000000
METRIC,2026-04-12T23:27:12Z,190769463320438,3532,btc_qm_engine:btc_ptmc_accept,1.0000000000
METRIC,2026-04-12T23:27:12Z,190769463350928,3532,btc_qm_engine:btc_ptmc_rep_hot,7.0000000000
METRIC,2026-04-12T23:27:12Z,190769463374748,3532,btc_qm_engine:btc_ptmc_rep_cold,6.0000000000
METRIC,2026-04-12T23:27:12Z,190769463398848,3532,btc_qm_engine:btc_ptmc_accept,1.0000000000
METRIC,2026-04-12T23:27:12Z,190769566093571,3532,btc_qm_engine:btc_ptmc_rep_hot,1.0000000000
METRIC,2026-04-12T23:27:12Z,190769566170441,3532,btc_qm_engine:btc_ptmc_rep_cold,0.0000000000
METRIC,2026-04-12T23:27:12Z,190769566197251,3532,btc_qm_engine:btc_ptmc_accept,1.0000000000
METRIC,2026-04-12T23:27:12Z,190769566226821,3532,btc_qm_engine:btc_ptmc_rep_hot,2.0000000000
METRIC,2026-04-12T23:27:12Z,190769566251951,3532,btc_qm_engine:btc_ptmc_rep_cold,1.0000000000
METRIC,2026-04-12T23:27:12Z,190769566276591,3532,btc_qm_engine:btc_ptmc_accept,1.0000000000
METRIC,2026-04-12T23:27:12Z,190769566322121,3532,btc_qm_engine:btc_ptmc_rep_hot,3.0000000000
METRIC,2026-04-12T23:27:12Z,190769566358301,3532,btc_qm_engine:btc_ptmc_rep_cold,2.0000000000
METRIC,2026-04-12T23:27:12Z,190769566403061,3532,btc_qm_engine:btc_ptmc_accept,1.0000000000
METRIC,2026-04-12T23:27:12Z,190769566433621,3532,btc_qm_engine:btc_ptmc_rep_hot,4.0000000000
METRIC,2026-04-12T23:27:12Z,190769566457891,3532,btc_qm_engine:btc_ptmc_rep_cold,3.0000000000
METRIC,2026-04-12T23:27:12Z,190769566483851,3532,btc_qm_engine:btc_ptmc_accept,1.0000000000
METRIC,2026-04-12T23:27:12Z,190769566511381,3532,btc_qm_engine:btc_ptmc_rep_hot,5.0000000000
METRIC,2026-04-12T23:27:12Z,190769566542811,3532,btc_qm_engine:btc_ptmc_rep_cold,4.0000000000
METRIC,2026-04-12T23:27:12Z,190769566570521,3532,btc_qm_engine:btc_ptmc_accept,1.0000000000
METRIC,2026-04-12T23:27:12Z,190769566598891,3532,btc_qm_engine:btc_ptmc_rep_hot,6.0000000000
METRIC,2026-04-12T23:27:12Z,190769566623741,3532,btc_qm_engine:btc_ptmc_rep_cold,5.0000000000
METRIC,2026-04-12T23:27:12Z,190769566648851,3532,btc_qm_engine:btc_ptmc_accept,1.0000000000
METRIC,2026-04-12T23:27:12Z,190769566682511,3532,btc_qm_engine:btc_ptmc_rep_hot,7.0000000000
METRIC,2026-04-12T23:27:12Z,190769566706231,3532,btc_qm_engine:btc_ptmc_rep_cold,6.0000000000
METRIC,2026-04-12T23:27:12Z,190769566729111,3532,btc_qm_engine:btc_ptmc_accept,1.0000000000
METRIC,2026-04-12T23:27:13Z,190769667024864,3532,btc_qm_engine:btc_ptmc_rep_hot,1.0000000000
METRIC,2026-04-12T23:27:13Z,190769667094894,3532,btc_qm_engine:btc_ptmc_rep_cold,0.0000000000
METRIC,2026-04-12T23:27:13Z,190769667115384,3532,btc_qm_engine:btc_ptmc_accept,1.0000000000
METRIC,2026-04-12T23:27:13Z,190769667134404,3532,btc_qm_engine:btc_ptmc_rep_hot,2.0000000000
METRIC,2026-04-12T23:27:13Z,190769667152804,3532,btc_qm_engine:btc_ptmc_rep_cold,1.0000000000
METRIC,2026-04-12T23:27:13Z,190769667171094,3532,btc_qm_engine:btc_ptmc_accept,1.0000000000
METRIC,2026-04-12T23:27:13Z,190769667199844,3532,btc_qm_engine:btc_ptmc_rep_hot,3.0000000000
METRIC,2026-04-12T23:27:13Z,190769667218514,3532,btc_qm_engine:btc_ptmc_rep_cold,2.0000000000
METRIC,2026-04-12T23:27:13Z,190769667236804,3532,btc_qm_engine:btc_ptmc_accept,1.0000000000
METRIC,2026-04-12T23:27:13Z,190769667258184,3532,btc_qm_engine:btc_ptmc_rep_hot,4.0000000000
METRIC,2026-04-12T23:27:13Z,190769667276294,3532,btc_qm_engine:btc_ptmc_rep_cold,3.0000000000
METRIC,2026-04-12T23:27:13Z,190769667294524,3532,btc_qm_engine:btc_ptmc_accept,1.0000000000
METRIC,2026-04-12T23:27:13Z,190769667315784,3532,btc_qm_engine:btc_ptmc_rep_hot,5.0000000000
METRIC,2026-04-12T23:27:13Z,190769667334054,3532,btc_qm_engine:btc_ptmc_rep_cold,4.0000000000
METRIC,2026-04-12T23:27:13Z,190769667352224,3532,btc_qm_engine:btc_ptmc_accept,1.0000000000
METRIC,2026-04-12T23:27:13Z,190769667372894,3532,btc_qm_engine:btc_ptmc_rep_hot,6.0000000000
METRIC,2026-04-12T23:27:13Z,190769667391154,3532,btc_qm_engine:btc_ptmc_rep_cold,5.0000000000
METRIC,2026-04-12T23:27:13Z,190769667409284,3532,btc_qm_engine:btc_ptmc_accept,1.0000000000
METRIC,2026-04-12T23:27:13Z,190769667433234,3532,btc_qm_engine:btc_ptmc_rep_hot,7.0000000000
METRIC,2026-04-12T23:27:13Z,190769667451434,3532,btc_qm_engine:btc_ptmc_rep_cold,6.0000000000
METRIC,2026-04-12T23:27:13Z,190769667469594,3532,btc_qm_engine:btc_ptmc_accept,1.0000000000
METRIC,2026-04-12T23:27:13Z,190769768166088,3532,btc_qm_engine:btc_ptmc_rep_hot,1.0000000000
METRIC,2026-04-12T23:27:13Z,190769768238378,3532,btc_qm_engine:btc_ptmc_rep_cold,0.0000000000
METRIC,2026-04-12T23:27:13Z,190769768265518,3532,btc_qm_engine:btc_ptmc_accept,0.5135063048
METRIC,2026-04-12T23:27:13Z,190769768295898,3532,btc_qm_engine:btc_ptmc_rep_hot,2.0000000000
METRIC,2026-04-12T23:27:13Z,190769768320908,3532,btc_qm_engine:btc_ptmc_rep_cold,1.0000000000
METRIC,2026-04-12T23:27:13Z,190769768344448,3532,btc_qm_engine:btc_ptmc_accept,0.7164924961
METRIC,2026-04-12T23:27:13Z,190769768384658,3532,btc_qm_engine:btc_ptmc_rep_hot,3.0000000000
METRIC,2026-04-12T23:27:13Z,190769768418408,3532,btc_qm_engine:btc_ptmc_rep_cold,2.0000000000
METRIC,2026-04-12T23:27:13Z,190769768442868,3532,btc_qm_engine:btc_ptmc_accept,1.0000000000
METRIC,2026-04-12T23:27:13Z,190769768474028,3532,btc_qm_engine:btc_ptmc_rep_hot,4.0000000000
METRIC,2026-04-12T23:27:13Z,190769768498148,3532,btc_qm_engine:btc_ptmc_rep_cold,3.0000000000
METRIC,2026-04-12T23:27:13Z,190769768541608,3532,btc_qm_engine:btc_ptmc_accept,1.0000000000
METRIC,2026-04-12T23:27:13Z,190769768651108,3532,btc_qm_engine:btc_ptmc_rep_hot,5.0000000000
METRIC,2026-04-12T23:27:13Z,190769768676588,3532,btc_qm_engine:btc_ptmc_rep_cold,4.0000000000
METRIC,2026-04-12T23:27:13Z,190769768701758,3532,btc_qm_engine:btc_ptmc_accept,1.0000000000
METRIC,2026-04-12T23:27:13Z,190769768729858,3532,btc_qm_engine:btc_ptmc_rep_hot,6.0000000000
METRIC,2026-04-12T23:27:13Z,190769768760398,3532,btc_qm_engine:btc_ptmc_rep_cold,5.0000000000
METRIC,2026-04-12T23:27:13Z,190769768784978,3532,btc_qm_engine:btc_ptmc_accept,1.0000000000
METRIC,2026-04-12T23:27:13Z,190769768813228,3532,btc_qm_engine:btc_ptmc_rep_hot,7.0000000000
METRIC,2026-04-12T23:27:13Z,190769768837528,3532,btc_qm_engine:btc_ptmc_rep_cold,6.0000000000
METRIC,2026-04-12T23:27:13Z,190769768862028,3532,btc_qm_engine:btc_ptmc_accept,1.0000000000
METRIC,2026-04-12T23:27:13Z,190769870775481,3532,btc_qm_engine:btc_ptmc_rep_hot,1.0000000000
METRIC,2026-04-12T23:27:13Z,190769870843191,3532,btc_qm_engine:btc_ptmc_rep_cold,0.0000000000
METRIC,2026-04-12T23:27:13Z,190769870879571,3532,btc_qm_engine:btc_ptmc_accept,0.5136174742
METRIC,2026-04-12T23:27:13Z,190769870904341,3532,btc_qm_engine:btc_ptmc_rep_hot,2.0000000000
METRIC,2026-04-12T23:27:13Z,190769870923391,3532,btc_qm_engine:btc_ptmc_rep_cold,1.0000000000
METRIC,2026-04-12T23:27:13Z,190769870942231,3532,btc_qm_engine:btc_ptmc_accept,1.0000000000
METRIC,2026-04-12T23:27:13Z,190769870966851,3532,btc_qm_engine:btc_ptmc_rep_hot,3.0000000000
METRIC,2026-04-12T23:27:13Z,190769870985641,3532,btc_qm_engine:btc_ptmc_rep_cold,2.0000000000
METRIC,2026-04-12T23:27:13Z,190769871044551,3532,btc_qm_engine:btc_ptmc_accept,1.0000000000
METRIC,2026-04-12T23:27:13Z,190769871070981,3532,btc_qm_engine:btc_ptmc_rep_hot,4.0000000000
METRIC,2026-04-12T23:27:13Z,190769871090011,3532,btc_qm_engine:btc_ptmc_rep_cold,3.0000000000
METRIC,2026-04-12T23:27:13Z,190769871108681,3532,btc_qm_engine:btc_ptmc_accept,0.9048354550
METRIC,2026-04-12T23:27:13Z,190769871140671,3532,btc_qm_engine:btc_ptmc_rep_hot,5.0000000000
METRIC,2026-04-12T23:27:13Z,190769871159581,3532,btc_qm_engine:btc_ptmc_rep_cold,4.0000000000
METRIC,2026-04-12T23:27:13Z,190769871178401,3532,btc_qm_engine:btc_ptmc_accept,0.9394122667
METRIC,2026-04-12T23:27:13Z,190769871201561,3532,btc_qm_engine:btc_ptmc_rep_hot,6.0000000000
METRIC,2026-04-12T23:27:13Z,190769871220351,3532,btc_qm_engine:btc_ptmc_rep_cold,5.0000000000
METRIC,2026-04-12T23:27:13Z,190769871239071,3532,btc_qm_engine:btc_ptmc_accept,1.0000000000
METRIC,2026-04-12T23:27:13Z,190769871261011,3532,btc_qm_engine:btc_ptmc_rep_hot,7.0000000000
METRIC,2026-04-12T23:27:13Z,190769871290071,3532,btc_qm_engine:btc_ptmc_rep_cold,6.0000000000
METRIC,2026-04-12T23:27:13Z,190769871311571,3532,btc_qm_engine:btc_ptmc_accept,0.9767446541
METRIC,2026-04-12T23:27:13Z,190769971975105,3532,btc_qm_engine:btc_ptmc_rep_hot,1.0000000000
METRIC,2026-04-12T23:27:13Z,190769972100855,3532,btc_qm_engine:btc_ptmc_rep_cold,0.0000000000
METRIC,2026-04-12T23:27:13Z,190769972128545,3532,btc_qm_engine:btc_ptmc_accept,1.0000000000
METRIC,2026-04-12T23:27:13Z,190769972157435,3532,btc_qm_engine:btc_ptmc_rep_hot,2.0000000000
METRIC,2026-04-12T23:27:13Z,190769972182705,3532,btc_qm_engine:btc_ptmc_rep_cold,1.0000000000
METRIC,2026-04-12T23:27:13Z,190769972207515,3532,btc_qm_engine:btc_ptmc_accept,1.0000000000
METRIC,2026-04-12T23:27:13Z,190769972237575,3532,btc_qm_engine:btc_ptmc_rep_hot,3.0000000000
METRIC,2026-04-12T23:27:13Z,190769972262025,3532,btc_qm_engine:btc_ptmc_rep_cold,2.0000000000
METRIC,2026-04-12T23:27:13Z,190769972286735,3532,btc_qm_engine:btc_ptmc_accept,1.0000000000
METRIC,2026-04-12T23:27:13Z,190769972318275,3532,btc_qm_engine:btc_ptmc_rep_hot,4.0000000000
METRIC,2026-04-12T23:27:13Z,190769972342365,3532,btc_qm_engine:btc_ptmc_rep_cold,3.0000000000
METRIC,2026-04-12T23:27:13Z,190769972380585,3532,btc_qm_engine:btc_ptmc_accept,1.0000000000
METRIC,2026-04-12T23:27:13Z,190769972423495,3532,btc_qm_engine:btc_ptmc_rep_hot,5.0000000000
METRIC,2026-04-12T23:27:13Z,190769972447615,3532,btc_qm_engine:btc_ptmc_rep_cold,4.0000000000
METRIC,2026-04-12T23:27:13Z,190769972472105,3532,btc_qm_engine:btc_ptmc_accept,1.0000000000
METRIC,2026-04-12T23:27:13Z,190769972500155,3532,btc_qm_engine:btc_ptmc_rep_hot,6.0000000000
METRIC,2026-04-12T23:27:13Z,190769972524685,3532,btc_qm_engine:btc_ptmc_rep_cold,5.0000000000
METRIC,2026-04-12T23:27:13Z,190769972549135,3532,btc_qm_engine:btc_ptmc_accept,1.0000000000
METRIC,2026-04-12T23:27:13Z,190769972583165,3532,btc_qm_engine:btc_ptmc_rep_hot,7.0000000000
METRIC,2026-04-12T23:27:13Z,190769972607615,3532,btc_qm_engine:btc_ptmc_rep_cold,6.0000000000
METRIC,2026-04-12T23:27:13Z,190769972631675,3532,btc_qm_engine:btc_ptmc_accept,1.0000000000
METRIC,2026-04-12T23:27:13Z,190770075634978,3532,btc_qm_engine:btc_ptmc_rep_hot,1.0000000000
METRIC,2026-04-12T23:27:13Z,190770075700328,3532,btc_qm_engine:btc_ptmc_rep_cold,0.0000000000
METRIC,2026-04-12T23:27:13Z,190770075721158,3532,btc_qm_engine:btc_ptmc_accept,1.0000000000
METRIC,2026-04-12T23:27:13Z,190770075746208,3532,btc_qm_engine:btc_ptmc_rep_hot,2.0000000000
METRIC,2026-04-12T23:27:13Z,190770075765148,3532,btc_qm_engine:btc_ptmc_rep_cold,1.0000000000
METRIC,2026-04-12T23:27:13Z,190770075799938,3532,btc_qm_engine:btc_ptmc_accept,1.0000000000
METRIC,2026-04-12T23:27:13Z,190770075828158,3532,btc_qm_engine:btc_ptmc_rep_hot,3.0000000000
METRIC,2026-04-12T23:27:13Z,190770075850158,3532,btc_qm_engine:btc_ptmc_rep_cold,2.0000000000
METRIC,2026-04-12T23:27:13Z,190770075874678,3532,btc_qm_engine:btc_ptmc_accept,1.0000000000
METRIC,2026-04-12T23:27:13Z,190770075907118,3532,btc_qm_engine:btc_ptmc_rep_hot,4.0000000000
METRIC,2026-04-12T23:27:13Z,190770075926868,3532,btc_qm_engine:btc_ptmc_rep_cold,3.0000000000
METRIC,2026-04-12T23:27:13Z,190770075945598,3532,btc_qm_engine:btc_ptmc_accept,1.0000000000
METRIC,2026-04-12T23:27:13Z,190770075972838,3532,btc_qm_engine:btc_ptmc_rep_hot,5.0000000000
METRIC,2026-04-12T23:27:13Z,190770076042248,3532,btc_qm_engine:btc_ptmc_rep_cold,4.0000000000
METRIC,2026-04-12T23:27:13Z,190770076062988,3532,btc_qm_engine:btc_ptmc_accept,1.0000000000
METRIC,2026-04-12T23:27:13Z,190770076092128,3532,btc_qm_engine:btc_ptmc_rep_hot,6.0000000000
METRIC,2026-04-12T23:27:13Z,190770076116608,3532,btc_qm_engine:btc_ptmc_rep_cold,5.0000000000
METRIC,2026-04-12T23:27:13Z,190770076141258,3532,btc_qm_engine:btc_ptmc_accept,1.0000000000
METRIC,2026-04-12T23:27:13Z,190770076172098,3532,btc_qm_engine:btc_ptmc_rep_hot,7.0000000000
METRIC,2026-04-12T23:27:13Z,190770076193098,3532,btc_qm_engine:btc_ptmc_rep_cold,6.0000000000
METRIC,2026-04-12T23:27:13Z,190770076211858,3532,btc_qm_engine:btc_ptmc_accept,1.0000000000
METRIC,2026-04-12T23:27:13Z,190770182436041,3532,btc_qm_engine:btc_ptmc_rep_hot,1.0000000000
METRIC,2026-04-12T23:27:13Z,190770182501961,3532,btc_qm_engine:btc_ptmc_rep_cold,0.0000000000
METRIC,2026-04-12T23:27:13Z,190770182522241,3532,btc_qm_engine:btc_ptmc_accept,-0.5135063048
METRIC,2026-04-12T23:27:13Z,190770182549231,3532,btc_qm_engine:btc_ptmc_rep_hot,2.0000000000
METRIC,2026-04-12T23:27:13Z,190770182567941,3532,btc_qm_engine:btc_ptmc_rep_cold,1.0000000000
METRIC,2026-04-12T23:27:13Z,190770182586291,3532,btc_qm_engine:btc_ptmc_accept,1.0000000000
METRIC,2026-04-12T23:27:13Z,190770182611771,3532,btc_qm_engine:btc_ptmc_rep_hot,3.0000000000
METRIC,2026-04-12T23:27:13Z,190770182630051,3532,btc_qm_engine:btc_ptmc_rep_cold,2.0000000000
METRIC,2026-04-12T23:27:13Z,190770182648491,3532,btc_qm_engine:btc_ptmc_accept,1.0000000000
METRIC,2026-04-12T23:27:13Z,190770182670211,3532,btc_qm_engine:btc_ptmc_rep_hot,4.0000000000
METRIC,2026-04-12T23:27:13Z,190770182688431,3532,btc_qm_engine:btc_ptmc_rep_cold,3.0000000000
METRIC,2026-04-12T23:27:13Z,190770182706671,3532,btc_qm_engine:btc_ptmc_accept,1.0000000000
METRIC,2026-04-12T23:27:13Z,190770182727371,3532,btc_qm_engine:btc_ptmc_rep_hot,5.0000000000
METRIC,2026-04-12T23:27:13Z,190770182746941,3532,btc_qm_engine:btc_ptmc_rep_cold,4.0000000000
METRIC,2026-04-12T23:27:13Z,190770182765321,3532,btc_qm_engine:btc_ptmc_accept,1.0000000000
METRIC,2026-04-12T23:27:13Z,190770182786351,3532,btc_qm_engine:btc_ptmc_rep_hot,6.0000000000
METRIC,2026-04-12T23:27:13Z,190770182804431,3532,btc_qm_engine:btc_ptmc_rep_cold,5.0000000000
METRIC,2026-04-12T23:27:13Z,190770182822651,3532,btc_qm_engine:btc_ptmc_accept,1.0000000000
METRIC,2026-04-12T23:27:13Z,190770182845551,3532,btc_qm_engine:btc_ptmc_rep_hot,7.0000000000
METRIC,2026-04-12T23:27:13Z,190770182863691,3532,btc_qm_engine:btc_ptmc_rep_cold,6.0000000000
METRIC,2026-04-12T23:27:13Z,190770182881821,3532,btc_qm_engine:btc_ptmc_accept,1.0000000000
METRIC,2026-04-12T23:27:13Z,190770282585795,3532,btc_qm_engine:btc_ptmc_rep_hot,1.0000000000
METRIC,2026-04-12T23:27:13Z,190770282650085,3532,btc_qm_engine:btc_ptmc_rep_cold,0.0000000000
METRIC,2026-04-12T23:27:13Z,190770282670375,3532,btc_qm_engine:btc_ptmc_accept,1.0000000000
METRIC,2026-04-12T23:27:13Z,190770282693715,3532,btc_qm_engine:btc_ptmc_rep_hot,2.0000000000
METRIC,2026-04-12T23:27:13Z,190770282712335,3532,btc_qm_engine:btc_ptmc_rep_cold,1.0000000000
METRIC,2026-04-12T23:27:13Z,190770282749985,3532,btc_qm_engine:btc_ptmc_accept,1.0000000000
METRIC,2026-04-12T23:27:13Z,190770282781575,3532,btc_qm_engine:btc_ptmc_rep_hot,3.0000000000
METRIC,2026-04-12T23:27:13Z,190770282815125,3532,btc_qm_engine:btc_ptmc_rep_cold,2.0000000000
METRIC,2026-04-12T23:27:13Z,190770282833435,3532,btc_qm_engine:btc_ptmc_accept,1.0000000000
METRIC,2026-04-12T23:27:13Z,190770282857465,3532,btc_qm_engine:btc_ptmc_rep_hot,4.0000000000
METRIC,2026-04-12T23:27:13Z,190770282875715,3532,btc_qm_engine:btc_ptmc_rep_cold,3.0000000000
METRIC,2026-04-12T23:27:13Z,190770282893895,3532,btc_qm_engine:btc_ptmc_accept,1.0000000000
METRIC,2026-04-12T23:27:13Z,190770282914635,3532,btc_qm_engine:btc_ptmc_rep_hot,5.0000000000
METRIC,2026-04-12T23:27:13Z,190770282933135,3532,btc_qm_engine:btc_ptmc_rep_cold,4.0000000000
METRIC,2026-04-12T23:27:13Z,190770282951355,3532,btc_qm_engine:btc_ptmc_accept,1.0000000000
METRIC,2026-04-12T23:27:13Z,190770282978245,3532,btc_qm_engine:btc_ptmc_rep_hot,6.0000000000
METRIC,2026-04-12T23:27:13Z,190770283000625,3532,btc_qm_engine:btc_ptmc_rep_cold,5.0000000000
METRIC,2026-04-12T23:27:13Z,190770283063135,3532,btc_qm_engine:btc_ptmc_accept,1.0000000000
METRIC,2026-04-12T23:27:13Z,190770283084215,3532,btc_qm_engine:btc_ptmc_rep_hot,7.0000000000
METRIC,2026-04-12T23:27:13Z,190770283102435,3532,btc_qm_engine:btc_ptmc_rep_cold,6.0000000000
METRIC,2026-04-12T23:27:13Z,190770283120595,3532,btc_qm_engine:btc_ptmc_accept,1.0000000000
METRIC,2026-04-12T23:27:13Z,190770383603378,3532,btc_qm_engine:btc_ptmc_rep_hot,1.0000000000
METRIC,2026-04-12T23:27:13Z,190770383671658,3532,btc_qm_engine:btc_ptmc_rep_cold,0.0000000000
METRIC,2026-04-12T23:27:13Z,190770383697388,3532,btc_qm_engine:btc_ptmc_accept,1.0000000000
METRIC,2026-04-12T23:27:13Z,190770383726498,3532,btc_qm_engine:btc_ptmc_rep_hot,2.0000000000
METRIC,2026-04-12T23:27:13Z,190770383757358,3532,btc_qm_engine:btc_ptmc_rep_cold,1.0000000000
METRIC,2026-04-12T23:27:13Z,190770383781938,3532,btc_qm_engine:btc_ptmc_accept,1.0000000000
METRIC,2026-04-12T23:27:13Z,190770383820928,3532,btc_qm_engine:btc_ptmc_rep_hot,3.0000000000
METRIC,2026-04-12T23:27:13Z,190770383846718,3532,btc_qm_engine:btc_ptmc_rep_cold,2.0000000000
METRIC,2026-04-12T23:27:13Z,190770383870848,3532,btc_qm_engine:btc_ptmc_accept,-0.7165157484
METRIC,2026-04-12T23:27:13Z,190770383905378,3532,btc_qm_engine:btc_ptmc_rep_hot,4.0000000000
METRIC,2026-04-12T23:27:13Z,190770383930768,3532,btc_qm_engine:btc_ptmc_rep_cold,3.0000000000
METRIC,2026-04-12T23:27:13Z,190770383954748,3532,btc_qm_engine:btc_ptmc_accept,1.0000000000
METRIC,2026-04-12T23:27:13Z,190770383990768,3532,btc_qm_engine:btc_ptmc_rep_hot,5.0000000000
METRIC,2026-04-12T23:27:13Z,190770384059108,3532,btc_qm_engine:btc_ptmc_rep_cold,4.0000000000
METRIC,2026-04-12T23:27:13Z,190770384077718,3532,btc_qm_engine:btc_ptmc_accept,1.0000000000
METRIC,2026-04-12T23:27:13Z,190770384102688,3532,btc_qm_engine:btc_ptmc_rep_hot,6.0000000000
METRIC,2026-04-12T23:27:13Z,190770384130058,3532,btc_qm_engine:btc_ptmc_rep_cold,5.0000000000
METRIC,2026-04-12T23:27:13Z,190770384157318,3532,btc_qm_engine:btc_ptmc_accept,1.0000000000
METRIC,2026-04-12T23:27:13Z,190770384187868,3532,btc_qm_engine:btc_ptmc_rep_hot,7.0000000000
METRIC,2026-04-12T23:27:13Z,190770384210048,3532,btc_qm_engine:btc_ptmc_rep_cold,6.0000000000
METRIC,2026-04-12T23:27:13Z,190770384228328,3532,btc_qm_engine:btc_ptmc_accept,1.0000000000
METRIC,2026-04-12T23:27:13Z,190770445432784,3532,btc_qm_engine:btc_hashrate_mhs,0.9893308063
METRIC,2026-04-12T23:27:13Z,190770445498194,3532,btc_qm_engine:btc_hashrate_thread_id,7.0000000000
METRIC,2026-04-12T23:27:13Z,190770452147934,3532,btc_qm_engine:btc_nx48_stall_count,2.0000000000
METRIC,2026-04-12T23:27:13Z,190770452202204,3532,btc_qm_engine:btc_nx48_delta_nonce_old,3.4946223993
METRIC,2026-04-12T23:27:13Z,190770452228484,3532,btc_qm_engine:btc_nx48_delta_nonce_new,3.6003325679
METRIC,2026-04-12T23:27:13Z,190770452253144,3532,btc_qm_engine:btc_nx48_batch_old,4.0000000000
METRIC,2026-04-12T23:27:13Z,190770452276954,3532,btc_qm_engine:btc_nx48_batch_new,4.0000000000
METRIC,2026-04-12T23:27:13Z,190770452301574,3532,btc_qm_engine:btc_nx48_loss,0.6114035029
METRIC,2026-04-12T23:27:13Z,190770452350624,3532,btc_qm_engine:btc_nx48_grad_norm,0.6366128789
METRIC,2026-04-12T23:27:13Z,190770452375074,3532,btc_qm_engine:btc_nx48_update_count,55.0000000000
METRIC,2026-04-12T23:27:13Z,190770452399644,3532,btc_qm_engine:btc_nx48_exploration_bias,0.4691200980
METRIC,2026-04-12T23:27:13Z,190770452423564,3532,btc_qm_engine:btc_hashrate_mhs,0.9893737770
METRIC,2026-04-12T23:27:13Z,190770452447714,3532,btc_qm_engine:btc_hashrate_thread_id,0.0000000000
METRIC,2026-04-12T23:27:13Z,190770454903594,3532,btc_qm_engine:btc_hashrate_mhs,0.9894116464
METRIC,2026-04-12T23:27:13Z,190770454942104,3532,btc_qm_engine:btc_hashrate_thread_id,1.0000000000
METRIC,2026-04-12T23:27:13Z,190770457762444,3532,btc_qm_engine:btc_hashrate_mhs,0.9893900122
METRIC,2026-04-12T23:27:13Z,190770457810564,3532,btc_qm_engine:btc_hashrate_thread_id,5.0000000000
METRIC,2026-04-12T23:27:13Z,190770459646113,3532,btc_qm_engine:btc_hashrate_mhs,0.9894518763
METRIC,2026-04-12T23:27:13Z,190770459690513,3532,btc_qm_engine:btc_hashrate_thread_id,2.0000000000
METRIC,2026-04-12T23:27:13Z,190770461867543,3532,btc_qm_engine:btc_hashrate_mhs,0.9894477273
METRIC,2026-04-12T23:27:13Z,190770461918913,3532,btc_qm_engine:btc_hashrate_thread_id,3.0000000000
METRIC,2026-04-12T23:27:13Z,190770466081593,3532,btc_qm_engine:btc_hashrate_mhs,0.9894456867
METRIC,2026-04-12T23:27:13Z,190770466124223,3532,btc_qm_engine:btc_hashrate_thread_id,4.0000000000
METRIC,2026-04-12T23:27:13Z,190770469117143,3532,btc_qm_engine:btc_hashrate_mhs,0.9894759545
METRIC,2026-04-12T23:27:13Z,190770469165473,3532,btc_qm_engine:btc_hashrate_thread_id,6.0000000000
METRIC,2026-04-12T23:27:13Z,190770484181352,3532,btc_qm_engine:btc_ptmc_rep_hot,1.0000000000
METRIC,2026-04-12T23:27:13Z,190770484237132,3532,btc_qm_engine:btc_ptmc_rep_cold,0.0000000000
METRIC,2026-04-12T23:27:13Z,190770484262672,3532,btc_qm_engine:btc_ptmc_accept,-0.0695317437
METRIC,2026-04-12T23:27:13Z,190770484295082,3532,btc_qm_engine:btc_ptmc_rep_hot,2.0000000000
METRIC,2026-04-12T23:27:13Z,190770484318972,3532,btc_qm_engine:btc_ptmc_rep_cold,1.0000000000
METRIC,2026-04-12T23:27:13Z,190770484342102,3532,btc_qm_engine:btc_ptmc_accept,1.0000000000
METRIC,2026-04-12T23:27:13Z,190770484376342,3532,btc_qm_engine:btc_ptmc_rep_hot,3.0000000000
METRIC,2026-04-12T23:27:13Z,190770484400552,3532,btc_qm_engine:btc_ptmc_rep_cold,2.0000000000
METRIC,2026-04-12T23:27:13Z,190770484419762,3532,btc_qm_engine:btc_ptmc_accept,1.0000000000
METRIC,2026-04-12T23:27:13Z,190770484444772,3532,btc_qm_engine:btc_ptmc_rep_hot,4.0000000000
METRIC,2026-04-12T23:27:13Z,190770484464002,3532,btc_qm_engine:btc_ptmc_rep_cold,3.0000000000
METRIC,2026-04-12T23:27:13Z,190770484483262,3532,btc_qm_engine:btc_ptmc_accept,1.0000000000
METRIC,2026-04-12T23:27:13Z,190770484510722,3532,btc_qm_engine:btc_ptmc_rep_hot,5.0000000000
METRIC,2026-04-12T23:27:13Z,190770484529872,3532,btc_qm_engine:btc_ptmc_rep_cold,4.0000000000
METRIC,2026-04-12T23:27:13Z,190770484548902,3532,btc_qm_engine:btc_ptmc_accept,1.0000000000
METRIC,2026-04-12T23:27:13Z,190770484575462,3532,btc_qm_engine:btc_ptmc_rep_hot,6.0000000000
METRIC,2026-04-12T23:27:13Z,190770484595062,3532,btc_qm_engine:btc_ptmc_rep_cold,5.0000000000
METRIC,2026-04-12T23:27:13Z,190770484614312,3532,btc_qm_engine:btc_ptmc_accept,1.0000000000
METRIC,2026-04-12T23:27:13Z,190770484635792,3532,btc_qm_engine:btc_ptmc_rep_hot,7.0000000000
METRIC,2026-04-12T23:27:13Z,190770484654912,3532,btc_qm_engine:btc_ptmc_rep_cold,6.0000000000
METRIC,2026-04-12T23:27:13Z,190770484673852,3532,btc_qm_engine:btc_ptmc_accept,1.0000000000
METRIC,2026-04-12T23:27:13Z,190770589340945,3532,btc_qm_engine:btc_ptmc_rep_hot,1.0000000000
METRIC,2026-04-12T23:27:13Z,190770589410595,3532,btc_qm_engine:btc_ptmc_rep_cold,0.0000000000
METRIC,2026-04-12T23:27:13Z,190770589436935,3532,btc_qm_engine:btc_ptmc_accept,1.0000000000
METRIC,2026-04-12T23:27:13Z,190770589468715,3532,btc_qm_engine:btc_ptmc_rep_hot,2.0000000000
METRIC,2026-04-12T23:27:13Z,190770589493085,3532,btc_qm_engine:btc_ptmc_rep_cold,1.0000000000
METRIC,2026-04-12T23:27:13Z,190770589517775,3532,btc_qm_engine:btc_ptmc_accept,1.0000000000
METRIC,2026-04-12T23:27:13Z,190770589567315,3532,btc_qm_engine:btc_ptmc_rep_hot,3.0000000000
METRIC,2026-04-12T23:27:13Z,190770589591935,3532,btc_qm_engine:btc_ptmc_rep_cold,2.0000000000
METRIC,2026-04-12T23:27:13Z,190770589616605,3532,btc_qm_engine:btc_ptmc_accept,1.0000000000
METRIC,2026-04-12T23:27:13Z,190770589646745,3532,btc_qm_engine:btc_ptmc_rep_hot,4.0000000000
METRIC,2026-04-12T23:27:13Z,190770589671395,3532,btc_qm_engine:btc_ptmc_rep_cold,3.0000000000
METRIC,2026-04-12T23:27:13Z,190770589695785,3532,btc_qm_engine:btc_ptmc_accept,1.0000000000
METRIC,2026-04-12T23:27:13Z,190770589726965,3532,btc_qm_engine:btc_ptmc_rep_hot,5.0000000000
METRIC,2026-04-12T23:27:13Z,190770589751765,3532,btc_qm_engine:btc_ptmc_rep_cold,4.0000000000
METRIC,2026-04-12T23:27:13Z,190770589775985,3532,btc_qm_engine:btc_ptmc_accept,1.0000000000
METRIC,2026-04-12T23:27:13Z,190770589807425,3532,btc_qm_engine:btc_ptmc_rep_hot,6.0000000000
METRIC,2026-04-12T23:27:13Z,190770589831605,3532,btc_qm_engine:btc_ptmc_rep_cold,5.0000000000
METRIC,2026-04-12T23:27:13Z,190770589854755,3532,btc_qm_engine:btc_ptmc_accept,1.0000000000
METRIC,2026-04-12T23:27:13Z,190770589881955,3532,btc_qm_engine:btc_ptmc_rep_hot,7.0000000000
METRIC,2026-04-12T23:27:13Z,190770589907535,3532,btc_qm_engine:btc_ptmc_rep_cold,6.0000000000
METRIC,2026-04-12T23:27:13Z,190770589940135,3532,btc_qm_engine:btc_ptmc_accept,1.0000000000
METRIC,2026-04-12T23:27:14Z,190770696260168,3532,btc_qm_engine:btc_ptmc_rep_hot,1.0000000000
METRIC,2026-04-12T23:27:14Z,190770696343118,3532,btc_qm_engine:btc_ptmc_rep_cold,0.0000000000
METRIC,2026-04-12T23:27:14Z,190770696369808,3532,btc_qm_engine:btc_ptmc_accept,1.0000000000
METRIC,2026-04-12T23:27:14Z,190770696401778,3532,btc_qm_engine:btc_ptmc_rep_hot,2.0000000000
METRIC,2026-04-12T23:27:14Z,190770696427178,3532,btc_qm_engine:btc_ptmc_rep_cold,1.0000000000
METRIC,2026-04-12T23:27:14Z,190770696451578,3532,btc_qm_engine:btc_ptmc_accept,1.0000000000
METRIC,2026-04-12T23:27:14Z,190770696486608,3532,btc_qm_engine:btc_ptmc_rep_hot,3.0000000000
METRIC,2026-04-12T23:27:14Z,190770696511778,3532,btc_qm_engine:btc_ptmc_rep_cold,2.0000000000
METRIC,2026-04-12T23:27:14Z,190770696536588,3532,btc_qm_engine:btc_ptmc_accept,1.0000000000
METRIC,2026-04-12T23:27:14Z,190770696565478,3532,btc_qm_engine:btc_ptmc_rep_hot,4.0000000000
METRIC,2026-04-12T23:27:14Z,190770696589658,3532,btc_qm_engine:btc_ptmc_rep_cold,3.0000000000
METRIC,2026-04-12T23:27:14Z,190770696613668,3532,btc_qm_engine:btc_ptmc_accept,1.0000000000
METRIC,2026-04-12T23:27:14Z,190770696641998,3532,btc_qm_engine:btc_ptmc_rep_hot,5.0000000000
METRIC,2026-04-12T23:27:14Z,190770696666418,3532,btc_qm_engine:btc_ptmc_rep_cold,4.0000000000
METRIC,2026-04-12T23:27:14Z,190770696690758,3532,btc_qm_engine:btc_ptmc_accept,1.0000000000
METRIC,2026-04-12T23:27:14Z,190770696739238,3532,btc_qm_engine:btc_ptmc_rep_hot,6.0000000000
METRIC,2026-04-12T23:27:14Z,190770696781518,3532,btc_qm_engine:btc_ptmc_rep_cold,5.0000000000
METRIC,2026-04-12T23:27:14Z,190770696806208,3532,btc_qm_engine:btc_ptmc_accept,1.0000000000
METRIC,2026-04-12T23:27:14Z,190770696840518,3532,btc_qm_engine:btc_ptmc_rep_hot,7.0000000000
METRIC,2026-04-12T23:27:14Z,190770696865628,3532,btc_qm_engine:btc_ptmc_rep_cold,6.0000000000
METRIC,2026-04-12T23:27:14Z,190770696890188,3532,btc_qm_engine:btc_ptmc_accept,1.0000000000
METRIC,2026-04-12T23:27:14Z,190770799074652,3532,btc_qm_engine:btc_ptmc_rep_hot,1.0000000000
METRIC,2026-04-12T23:27:14Z,190770799148552,3532,btc_qm_engine:btc_ptmc_rep_cold,0.0000000000
METRIC,2026-04-12T23:27:14Z,190770799171922,3532,btc_qm_engine:btc_ptmc_accept,1.0000000000
METRIC,2026-04-12T23:27:14Z,190770799201382,3532,btc_qm_engine:btc_ptmc_rep_hot,2.0000000000
METRIC,2026-04-12T23:27:14Z,190770799223222,3532,btc_qm_engine:btc_ptmc_rep_cold,1.0000000000
METRIC,2026-04-12T23:27:14Z,190770799245912,3532,btc_qm_engine:btc_ptmc_accept,1.0000000000
METRIC,2026-04-12T23:27:14Z,190770799272422,3532,btc_qm_engine:btc_ptmc_rep_hot,3.0000000000
METRIC,2026-04-12T23:27:14Z,190770799294562,3532,btc_qm_engine:btc_ptmc_rep_cold,2.0000000000
METRIC,2026-04-12T23:27:14Z,190770799343632,3532,btc_qm_engine:btc_ptmc_accept,1.0000000000
METRIC,2026-04-12T23:27:14Z,190770799368832,3532,btc_qm_engine:btc_ptmc_rep_hot,4.0000000000
METRIC,2026-04-12T23:27:14Z,190770799391232,3532,btc_qm_engine:btc_ptmc_rep_cold,3.0000000000
METRIC,2026-04-12T23:27:14Z,190770799415232,3532,btc_qm_engine:btc_ptmc_accept,1.0000000000
METRIC,2026-04-12T23:27:14Z,190770799441742,3532,btc_qm_engine:btc_ptmc_rep_hot,5.0000000000
METRIC,2026-04-12T23:27:14Z,190770799470442,3532,btc_qm_engine:btc_ptmc_rep_cold,4.0000000000
METRIC,2026-04-12T23:27:14Z,190770799495642,3532,btc_qm_engine:btc_ptmc_accept,1.0000000000
METRIC,2026-04-12T23:27:14Z,190770799520712,3532,btc_qm_engine:btc_ptmc_rep_hot,6.0000000000
METRIC,2026-04-12T23:27:14Z,190770799543372,3532,btc_qm_engine:btc_ptmc_rep_cold,5.0000000000
METRIC,2026-04-12T23:27:14Z,190770799566102,3532,btc_qm_engine:btc_ptmc_accept,1.0000000000
METRIC,2026-04-12T23:27:14Z,190770799662952,3532,btc_qm_engine:btc_ptmc_rep_hot,7.0000000000
METRIC,2026-04-12T23:27:14Z,190770799701692,3532,btc_qm_engine:btc_ptmc_rep_cold,6.0000000000
METRIC,2026-04-12T23:27:14Z,190770799725032,3532,btc_qm_engine:btc_ptmc_accept,1.0000000000
METRIC,2026-04-12T23:27:14Z,190770904561185,3532,btc_qm_engine:btc_ptmc_rep_hot,1.0000000000
METRIC,2026-04-12T23:27:14Z,190770904636045,3532,btc_qm_engine:btc_ptmc_rep_cold,0.0000000000
METRIC,2026-04-12T23:27:14Z,190770904662685,3532,btc_qm_engine:btc_ptmc_accept,1.0000000000
METRIC,2026-04-12T23:27:14Z,190770904692365,3532,btc_qm_engine:btc_ptmc_rep_hot,2.0000000000
METRIC,2026-04-12T23:27:14Z,190770904716725,3532,btc_qm_engine:btc_ptmc_rep_cold,1.0000000000
METRIC,2026-04-12T23:27:14Z,190770904739955,3532,btc_qm_engine:btc_ptmc_accept,1.0000000000
METRIC,2026-04-12T23:27:14Z,190770904779405,3532,btc_qm_engine:btc_ptmc_rep_hot,3.0000000000
METRIC,2026-04-12T23:27:14Z,190770904805485,3532,btc_qm_engine:btc_ptmc_rep_cold,2.0000000000
METRIC,2026-04-12T23:27:14Z,190770904828735,3532,btc_qm_engine:btc_ptmc_accept,1.0000000000
METRIC,2026-04-12T23:27:14Z,190770904859205,3532,btc_qm_engine:btc_ptmc_rep_hot,4.0000000000
METRIC,2026-04-12T23:27:14Z,190770904884595,3532,btc_qm_engine:btc_ptmc_rep_cold,3.0000000000
METRIC,2026-04-12T23:27:14Z,190770904909055,3532,btc_qm_engine:btc_ptmc_accept,1.0000000000
METRIC,2026-04-12T23:27:14Z,190770904937235,3532,btc_qm_engine:btc_ptmc_rep_hot,5.0000000000
METRIC,2026-04-12T23:27:14Z,190770904961565,3532,btc_qm_engine:btc_ptmc_rep_cold,4.0000000000
METRIC,2026-04-12T23:27:14Z,190770904986185,3532,btc_qm_engine:btc_ptmc_accept,1.0000000000
METRIC,2026-04-12T23:27:14Z,190770905056545,3532,btc_qm_engine:btc_ptmc_rep_hot,6.0000000000
METRIC,2026-04-12T23:27:14Z,190770905082595,3532,btc_qm_engine:btc_ptmc_rep_cold,5.0000000000
METRIC,2026-04-12T23:27:14Z,190770905106925,3532,btc_qm_engine:btc_ptmc_accept,1.0000000000
METRIC,2026-04-12T23:27:14Z,190770905135455,3532,btc_qm_engine:btc_ptmc_rep_hot,7.0000000000
METRIC,2026-04-12T23:27:14Z,190770905160025,3532,btc_qm_engine:btc_ptmc_rep_cold,6.0000000000
METRIC,2026-04-12T23:27:14Z,190770905184485,3532,btc_qm_engine:btc_ptmc_accept,1.0000000000
METRIC,2026-04-12T23:27:14Z,190771010366088,3532,btc_qm_engine:btc_ptmc_rep_hot,1.0000000000
METRIC,2026-04-12T23:27:14Z,190771010612818,3532,btc_qm_engine:btc_ptmc_rep_cold,0.0000000000
METRIC,2026-04-12T23:27:14Z,190771010663508,3532,btc_qm_engine:btc_ptmc_accept,1.0000000000
METRIC,2026-04-12T23:27:14Z,190771010683648,3532,btc_qm_engine:btc_ptmc_rep_hot,2.0000000000
METRIC,2026-04-12T23:27:14Z,190771010702808,3532,btc_qm_engine:btc_ptmc_rep_cold,1.0000000000
METRIC,2026-04-12T23:27:14Z,190771010727388,3532,btc_qm_engine:btc_ptmc_accept,1.0000000000
METRIC,2026-04-12T23:27:14Z,190771010757958,3532,btc_qm_engine:btc_ptmc_rep_hot,3.0000000000
METRIC,2026-04-12T23:27:14Z,190771010777148,3532,btc_qm_engine:btc_ptmc_rep_cold,2.0000000000
METRIC,2026-04-12T23:27:14Z,190771010796068,3532,btc_qm_engine:btc_ptmc_accept,1.0000000000
METRIC,2026-04-12T23:27:14Z,190771010818338,3532,btc_qm_engine:btc_ptmc_rep_hot,4.0000000000
METRIC,2026-04-12T23:27:14Z,190771010843138,3532,btc_qm_engine:btc_ptmc_rep_cold,3.0000000000
METRIC,2026-04-12T23:27:14Z,190771010868488,3532,btc_qm_engine:btc_ptmc_accept,1.0000000000
METRIC,2026-04-12T23:27:14Z,190771011613518,3532,btc_qm_engine:btc_ptmc_rep_hot,5.0000000000
METRIC,2026-04-12T23:27:14Z,190771011643348,3532,btc_qm_engine:btc_ptmc_rep_cold,4.0000000000
METRIC,2026-04-12T23:27:14Z,190771011663298,3532,btc_qm_engine:btc_ptmc_accept,1.0000000000
METRIC,2026-04-12T23:27:14Z,190771011688048,3532,btc_qm_engine:btc_ptmc_rep_hot,6.0000000000
METRIC,2026-04-12T23:27:14Z,190771011707158,3532,btc_qm_engine:btc_ptmc_rep_cold,5.0000000000
METRIC,2026-04-12T23:27:14Z,190771011726218,3532,btc_qm_engine:btc_ptmc_accept,1.0000000000
METRIC,2026-04-12T23:27:14Z,190771011746318,3532,btc_qm_engine:btc_ptmc_rep_hot,7.0000000000
METRIC,2026-04-12T23:27:14Z,190771011765268,3532,btc_qm_engine:btc_ptmc_rep_cold,6.0000000000
METRIC,2026-04-12T23:27:14Z,190771011784208,3532,btc_qm_engine:btc_ptmc_accept,1.0000000000
METRIC,2026-04-12T23:27:14Z,190771113485211,3532,btc_qm_engine:btc_ptmc_rep_hot,1.0000000000
METRIC,2026-04-12T23:27:14Z,190771113566391,3532,btc_qm_engine:btc_ptmc_rep_cold,0.0000000000
METRIC,2026-04-12T23:27:14Z,190771113594741,3532,btc_qm_engine:btc_ptmc_accept,1.0000000000
METRIC,2026-04-12T23:27:14Z,190771113620491,3532,btc_qm_engine:btc_ptmc_rep_hot,2.0000000000
METRIC,2026-04-12T23:27:14Z,190771113644311,3532,btc_qm_engine:btc_ptmc_rep_cold,1.0000000000
METRIC,2026-04-12T23:27:14Z,190771113669981,3532,btc_qm_engine:btc_ptmc_accept,1.0000000000
METRIC,2026-04-12T23:27:14Z,190771113694491,3532,btc_qm_engine:btc_ptmc_rep_hot,3.0000000000
METRIC,2026-04-12T23:27:14Z,190771113718021,3532,btc_qm_engine:btc_ptmc_rep_cold,2.0000000000
METRIC,2026-04-12T23:27:14Z,190771113743011,3532,btc_qm_engine:btc_ptmc_accept,1.0000000000
METRIC,2026-04-12T23:27:14Z,190771113773661,3532,btc_qm_engine:btc_ptmc_rep_hot,4.0000000000
METRIC,2026-04-12T23:27:14Z,190771113797271,3532,btc_qm_engine:btc_ptmc_rep_cold,3.0000000000
METRIC,2026-04-12T23:27:14Z,190771113821281,3532,btc_qm_engine:btc_ptmc_accept,1.0000000000
METRIC,2026-04-12T23:27:14Z,190771113850731,3532,btc_qm_engine:btc_ptmc_rep_hot,5.0000000000
METRIC,2026-04-12T23:27:14Z,190771113874991,3532,btc_qm_engine:btc_ptmc_rep_cold,4.0000000000
METRIC,2026-04-12T23:27:14Z,190771113898341,3532,btc_qm_engine:btc_ptmc_accept,1.0000000000
METRIC,2026-04-12T23:27:14Z,190771113932321,3532,btc_qm_engine:btc_ptmc_rep_hot,6.0000000000
METRIC,2026-04-12T23:27:14Z,190771113957191,3532,btc_qm_engine:btc_ptmc_rep_cold,5.0000000000
METRIC,2026-04-12T23:27:14Z,190771113980451,3532,btc_qm_engine:btc_ptmc_accept,1.0000000000
METRIC,2026-04-12T23:27:14Z,190771114029211,3532,btc_qm_engine:btc_ptmc_rep_hot,7.0000000000
METRIC,2026-04-12T23:27:14Z,190771114067831,3532,btc_qm_engine:btc_ptmc_rep_cold,6.0000000000
METRIC,2026-04-12T23:27:14Z,190771114129131,3532,btc_qm_engine:btc_ptmc_accept,1.0000000000
METRIC,2026-04-12T23:27:14Z,190771218089575,3532,btc_qm_engine:btc_ptmc_rep_hot,1.0000000000
METRIC,2026-04-12T23:27:14Z,190771218172755,3532,btc_qm_engine:btc_ptmc_rep_cold,0.0000000000
METRIC,2026-04-12T23:27:14Z,190771218193595,3532,btc_qm_engine:btc_ptmc_accept,1.0000000000
METRIC,2026-04-12T23:27:14Z,190771218219415,3532,btc_qm_engine:btc_ptmc_rep_hot,2.0000000000
METRIC,2026-04-12T23:27:14Z,190771218238455,3532,btc_qm_engine:btc_ptmc_rep_cold,1.0000000000
METRIC,2026-04-12T23:27:14Z,190771218281815,3532,btc_qm_engine:btc_ptmc_accept,1.0000000000
METRIC,2026-04-12T23:27:14Z,190771218306235,3532,btc_qm_engine:btc_ptmc_rep_hot,3.0000000000
METRIC,2026-04-12T23:27:14Z,190771218325855,3532,btc_qm_engine:btc_ptmc_rep_cold,2.0000000000
METRIC,2026-04-12T23:27:14Z,190771218344605,3532,btc_qm_engine:btc_ptmc_accept,1.0000000000
METRIC,2026-04-12T23:27:14Z,190771218366595,3532,btc_qm_engine:btc_ptmc_rep_hot,4.0000000000
METRIC,2026-04-12T23:27:14Z,190771218385225,3532,btc_qm_engine:btc_ptmc_rep_cold,3.0000000000
METRIC,2026-04-12T23:27:14Z,190771218404225,3532,btc_qm_engine:btc_ptmc_accept,1.0000000000
METRIC,2026-04-12T23:27:14Z,190771218429065,3532,btc_qm_engine:btc_ptmc_rep_hot,5.0000000000
METRIC,2026-04-12T23:27:14Z,190771218447895,3532,btc_qm_engine:btc_ptmc_rep_cold,4.0000000000
METRIC,2026-04-12T23:27:14Z,190771218466725,3532,btc_qm_engine:btc_ptmc_accept,1.0000000000
METRIC,2026-04-12T23:27:14Z,190771218490445,3532,btc_qm_engine:btc_ptmc_rep_hot,6.0000000000
METRIC,2026-04-12T23:27:14Z,190771218509625,3532,btc_qm_engine:btc_ptmc_rep_cold,5.0000000000
METRIC,2026-04-12T23:27:14Z,190771218528775,3532,btc_qm_engine:btc_ptmc_accept,1.0000000000
METRIC,2026-04-12T23:27:14Z,190771218549125,3532,btc_qm_engine:btc_ptmc_rep_hot,7.0000000000
METRIC,2026-04-12T23:27:14Z,190771218567805,3532,btc_qm_engine:btc_ptmc_rep_cold,6.0000000000
METRIC,2026-04-12T23:27:14Z,190771218586485,3532,btc_qm_engine:btc_ptmc_accept,1.0000000000
METRIC,2026-04-12T23:27:14Z,190771341417997,3532,btc_qm_engine:btc_ptmc_rep_hot,1.0000000000
METRIC,2026-04-12T23:27:14Z,190771341501197,3532,btc_qm_engine:btc_ptmc_rep_cold,0.0000000000
METRIC,2026-04-12T23:27:14Z,190771341536687,3532,btc_qm_engine:btc_ptmc_accept,1.0000000000
METRIC,2026-04-12T23:27:14Z,190771341565447,3532,btc_qm_engine:btc_ptmc_rep_hot,2.0000000000
METRIC,2026-04-12T23:27:14Z,190771341590017,3532,btc_qm_engine:btc_ptmc_rep_cold,1.0000000000
METRIC,2026-04-12T23:27:14Z,190771341614717,3532,btc_qm_engine:btc_ptmc_accept,1.0000000000
METRIC,2026-04-12T23:27:14Z,190771341646547,3532,btc_qm_engine:btc_ptmc_rep_hot,3.0000000000
METRIC,2026-04-12T23:27:14Z,190771341671957,3532,btc_qm_engine:btc_ptmc_rep_cold,2.0000000000
METRIC,2026-04-12T23:27:14Z,190771341696557,3532,btc_qm_engine:btc_ptmc_accept,1.0000000000
METRIC,2026-04-12T23:27:14Z,190771341726967,3532,btc_qm_engine:btc_ptmc_rep_hot,4.0000000000
METRIC,2026-04-12T23:27:14Z,190771341752007,3532,btc_qm_engine:btc_ptmc_rep_cold,3.0000000000
METRIC,2026-04-12T23:27:14Z,190771341776597,3532,btc_qm_engine:btc_ptmc_accept,1.0000000000
METRIC,2026-04-12T23:27:14Z,190771341814427,3532,btc_qm_engine:btc_ptmc_rep_hot,5.0000000000
METRIC,2026-04-12T23:27:14Z,190771341850707,3532,btc_qm_engine:btc_ptmc_rep_cold,4.0000000000
METRIC,2026-04-12T23:27:14Z,190771341875087,3532,btc_qm_engine:btc_ptmc_accept,1.0000000000
METRIC,2026-04-12T23:27:14Z,190771341905047,3532,btc_qm_engine:btc_ptmc_rep_hot,6.0000000000
METRIC,2026-04-12T23:27:14Z,190771341929577,3532,btc_qm_engine:btc_ptmc_rep_cold,5.0000000000
METRIC,2026-04-12T23:27:14Z,190771341954127,3532,btc_qm_engine:btc_ptmc_accept,1.0000000000
METRIC,2026-04-12T23:27:14Z,190771341986797,3532,btc_qm_engine:btc_ptmc_rep_hot,7.0000000000
METRIC,2026-04-12T23:27:14Z,190771342028887,3532,btc_qm_engine:btc_ptmc_rep_cold,6.0000000000
METRIC,2026-04-12T23:27:14Z,190771342053647,3532,btc_qm_engine:btc_ptmc_accept,1.0000000000
METRIC,2026-04-12T23:27:14Z,190771447751900,3532,btc_qm_engine:btc_ptmc_rep_hot,1.0000000000
METRIC,2026-04-12T23:27:14Z,190771447834830,3532,btc_qm_engine:btc_ptmc_rep_cold,0.0000000000
METRIC,2026-04-12T23:27:14Z,190771447861240,3532,btc_qm_engine:btc_ptmc_accept,1.0000000000
METRIC,2026-04-12T23:27:14Z,190771447892210,3532,btc_qm_engine:btc_ptmc_rep_hot,2.0000000000
METRIC,2026-04-12T23:27:14Z,190771447918610,3532,btc_qm_engine:btc_ptmc_rep_cold,1.0000000000
METRIC,2026-04-12T23:27:14Z,190771447943390,3532,btc_qm_engine:btc_ptmc_accept,1.0000000000
METRIC,2026-04-12T23:27:14Z,190771447969850,3532,btc_qm_engine:btc_ptmc_rep_hot,3.0000000000
METRIC,2026-04-12T23:27:14Z,190771448069750,3532,btc_qm_engine:btc_ptmc_rep_cold,2.0000000000
METRIC,2026-04-12T23:27:14Z,190771448094480,3532,btc_qm_engine:btc_ptmc_accept,1.0000000000
METRIC,2026-04-12T23:27:14Z,190771448122330,3532,btc_qm_engine:btc_ptmc_rep_hot,4.0000000000
METRIC,2026-04-12T23:27:14Z,190771448148930,3532,btc_qm_engine:btc_ptmc_rep_cold,3.0000000000
METRIC,2026-04-12T23:27:14Z,190771448176800,3532,btc_qm_engine:btc_ptmc_accept,1.0000000000
METRIC,2026-04-12T23:27:14Z,190771448207750,3532,btc_qm_engine:btc_ptmc_rep_hot,5.0000000000
METRIC,2026-04-12T23:27:14Z,190771448232470,3532,btc_qm_engine:btc_ptmc_rep_cold,4.0000000000
METRIC,2026-04-12T23:27:14Z,190771448256970,3532,btc_qm_engine:btc_ptmc_accept,1.0000000000
METRIC,2026-04-12T23:27:14Z,190771448286140,3532,btc_qm_engine:btc_ptmc_rep_hot,6.0000000000
METRIC,2026-04-12T23:27:14Z,190771448310710,3532,btc_qm_engine:btc_ptmc_rep_cold,5.0000000000
METRIC,2026-04-12T23:27:14Z,190771448335190,3532,btc_qm_engine:btc_ptmc_accept,1.0000000000
METRIC,2026-04-12T23:27:14Z,190771448366560,3532,btc_qm_engine:btc_ptmc_rep_hot,7.0000000000
METRIC,2026-04-12T23:27:14Z,190771448391670,3532,btc_qm_engine:btc_ptmc_rep_cold,6.0000000000
METRIC,2026-04-12T23:27:14Z,190771448416190,3532,btc_qm_engine:btc_ptmc_accept,1.0000000000
METRIC,2026-04-12T23:27:14Z,190771553689713,3532,btc_qm_engine:btc_ptmc_rep_hot,1.0000000000
METRIC,2026-04-12T23:27:14Z,190771553769243,3532,btc_qm_engine:btc_ptmc_rep_cold,0.0000000000
METRIC,2026-04-12T23:27:14Z,190771553796203,3532,btc_qm_engine:btc_ptmc_accept,1.0000000000
METRIC,2026-04-12T23:27:14Z,190771553829263,3532,btc_qm_engine:btc_ptmc_rep_hot,2.0000000000
METRIC,2026-04-12T23:27:14Z,190771553854303,3532,btc_qm_engine:btc_ptmc_rep_cold,1.0000000000
METRIC,2026-04-12T23:27:14Z,190771553892343,3532,btc_qm_engine:btc_ptmc_accept,1.0000000000
METRIC,2026-04-12T23:27:14Z,190771553938933,3532,btc_qm_engine:btc_ptmc_rep_hot,3.0000000000
METRIC,2026-04-12T23:27:14Z,190771553964003,3532,btc_qm_engine:btc_ptmc_rep_cold,2.0000000000
METRIC,2026-04-12T23:27:14Z,190771553988803,3532,btc_qm_engine:btc_ptmc_accept,1.0000000000
METRIC,2026-04-12T23:27:14Z,190771554061713,3532,btc_qm_engine:btc_ptmc_rep_hot,4.0000000000
METRIC,2026-04-12T23:27:14Z,190771554087883,3532,btc_qm_engine:btc_ptmc_rep_cold,3.0000000000
METRIC,2026-04-12T23:27:14Z,190771554112843,3532,btc_qm_engine:btc_ptmc_accept,1.0000000000
METRIC,2026-04-12T23:27:14Z,190771554137293,3532,btc_qm_engine:btc_ptmc_rep_hot,5.0000000000
METRIC,2026-04-12T23:27:14Z,190771554163943,3532,btc_qm_engine:btc_ptmc_rep_cold,4.0000000000
METRIC,2026-04-12T23:27:14Z,190771554188373,3532,btc_qm_engine:btc_ptmc_accept,1.0000000000
METRIC,2026-04-12T23:27:14Z,190771554212913,3532,btc_qm_engine:btc_ptmc_rep_hot,6.0000000000
METRIC,2026-04-12T23:27:14Z,190771554237313,3532,btc_qm_engine:btc_ptmc_rep_cold,5.0000000000
METRIC,2026-04-12T23:27:14Z,190771554261683,3532,btc_qm_engine:btc_ptmc_accept,1.0000000000
METRIC,2026-04-12T23:27:14Z,190771554286853,3532,btc_qm_engine:btc_ptmc_rep_hot,7.0000000000
METRIC,2026-04-12T23:27:14Z,190771554311393,3532,btc_qm_engine:btc_ptmc_rep_cold,6.0000000000
METRIC,2026-04-12T23:27:14Z,190771554336213,3532,btc_qm_engine:btc_ptmc_accept,1.0000000000
METRIC,2026-04-12T23:27:15Z,190771653894217,3532,btc_qm_engine:btc_ptmc_rep_hot,1.0000000000
METRIC,2026-04-12T23:27:15Z,190771653974317,3532,btc_qm_engine:btc_ptmc_rep_cold,0.0000000000
METRIC,2026-04-12T23:27:15Z,190771654018747,3532,btc_qm_engine:btc_ptmc_accept,-0.5135063048
METRIC,2026-04-12T23:27:15Z,190771655141187,3532,btc_qm_engine:btc_ptmc_rep_hot,2.0000000000
METRIC,2026-04-12T23:27:15Z,190771655183987,3532,btc_qm_engine:btc_ptmc_rep_cold,1.0000000000
METRIC,2026-04-12T23:27:15Z,190771655217877,3532,btc_qm_engine:btc_ptmc_accept,1.0000000000
METRIC,2026-04-12T23:27:15Z,190771655247807,3532,btc_qm_engine:btc_ptmc_rep_hot,3.0000000000
METRIC,2026-04-12T23:27:15Z,190771655272507,3532,btc_qm_engine:btc_ptmc_rep_cold,2.0000000000
METRIC,2026-04-12T23:27:15Z,190771655297297,3532,btc_qm_engine:btc_ptmc_accept,1.0000000000
METRIC,2026-04-12T23:27:15Z,190771655349717,3532,btc_qm_engine:btc_ptmc_rep_hot,4.0000000000
METRIC,2026-04-12T23:27:15Z,190771655374377,3532,btc_qm_engine:btc_ptmc_rep_cold,3.0000000000
METRIC,2026-04-12T23:27:15Z,190771655398997,3532,btc_qm_engine:btc_ptmc_accept,0.9048409551
METRIC,2026-04-12T23:27:15Z,190771655424347,3532,btc_qm_engine:btc_ptmc_rep_hot,5.0000000000
METRIC,2026-04-12T23:27:15Z,190771655448957,3532,btc_qm_engine:btc_ptmc_rep_cold,4.0000000000
METRIC,2026-04-12T23:27:15Z,190771655474027,3532,btc_qm_engine:btc_ptmc_accept,1.0000000000
METRIC,2026-04-12T23:27:15Z,190771655501187,3532,btc_qm_engine:btc_ptmc_rep_hot,6.0000000000
METRIC,2026-04-12T23:27:15Z,190771655526127,3532,btc_qm_engine:btc_ptmc_rep_cold,5.0000000000
METRIC,2026-04-12T23:27:15Z,190771655550877,3532,btc_qm_engine:btc_ptmc_accept,0.9642900774
METRIC,2026-04-12T23:27:15Z,190771655588527,3532,btc_qm_engine:btc_ptmc_rep_hot,7.0000000000
METRIC,2026-04-12T23:27:15Z,190771655616017,3532,btc_qm_engine:btc_ptmc_rep_cold,6.0000000000
METRIC,2026-04-12T23:27:15Z,190771655640387,3532,btc_qm_engine:btc_ptmc_accept,0.9767452464
METRIC,2026-04-12T23:27:15Z,190771786361948,3532,btc_qm_engine:btc_ptmc_rep_hot,1.0000000000
METRIC,2026-04-12T23:27:15Z,190771786462158,3532,btc_qm_engine:btc_ptmc_rep_cold,0.0000000000
METRIC,2026-04-12T23:27:15Z,190771786487808,3532,btc_qm_engine:btc_ptmc_accept,1.0000000000
METRIC,2026-04-12T23:27:15Z,190771786522808,3532,btc_qm_engine:btc_ptmc_rep_hot,2.0000000000
METRIC,2026-04-12T23:27:15Z,190771786546468,3532,btc_qm_engine:btc_ptmc_rep_cold,1.0000000000
METRIC,2026-04-12T23:27:15Z,190771786570238,3532,btc_qm_engine:btc_ptmc_accept,0.7165313106
METRIC,2026-04-12T23:27:15Z,190771786601608,3532,btc_qm_engine:btc_ptmc_rep_hot,3.0000000000
METRIC,2026-04-12T23:27:15Z,190771786625318,3532,btc_qm_engine:btc_ptmc_rep_cold,2.0000000000
METRIC,2026-04-12T23:27:15Z,190771786648518,3532,btc_qm_engine:btc_ptmc_accept,1.0000000000
METRIC,2026-04-12T23:27:15Z,190771786672818,3532,btc_qm_engine:btc_ptmc_rep_hot,4.0000000000
METRIC,2026-04-12T23:27:15Z,190771786696058,3532,btc_qm_engine:btc_ptmc_rep_cold,3.0000000000
METRIC,2026-04-12T23:27:15Z,190771786719468,3532,btc_qm_engine:btc_ptmc_accept,1.0000000000
METRIC,2026-04-12T23:27:15Z,190771786746728,3532,btc_qm_engine:btc_ptmc_rep_hot,5.0000000000
METRIC,2026-04-12T23:27:15Z,190771786769208,3532,btc_qm_engine:btc_ptmc_rep_cold,4.0000000000
METRIC,2026-04-12T23:27:15Z,190771786792288,3532,btc_qm_engine:btc_ptmc_accept,0.9394130628
METRIC,2026-04-12T23:27:15Z,190771786819728,3532,btc_qm_engine:btc_ptmc_rep_hot,6.0000000000
METRIC,2026-04-12T23:27:15Z,190771786842688,3532,btc_qm_engine:btc_ptmc_rep_cold,5.0000000000
METRIC,2026-04-12T23:27:15Z,190771786865988,3532,btc_qm_engine:btc_ptmc_accept,1.0000000000
METRIC,2026-04-12T23:27:15Z,190771786888868,3532,btc_qm_engine:btc_ptmc_rep_hot,7.0000000000
METRIC,2026-04-12T23:27:15Z,190771786911148,3532,btc_qm_engine:btc_ptmc_rep_cold,6.0000000000
METRIC,2026-04-12T23:27:15Z,190771786934348,3532,btc_qm_engine:btc_ptmc_accept,1.0000000000
METRIC,2026-04-12T23:27:15Z,190771889989761,3532,btc_qm_engine:btc_ptmc_rep_hot,1.0000000000
METRIC,2026-04-12T23:27:15Z,190771890121301,3532,btc_qm_engine:btc_ptmc_rep_cold,0.0000000000
METRIC,2026-04-12T23:27:15Z,190771890148881,3532,btc_qm_engine:btc_ptmc_accept,1.0000000000
METRIC,2026-04-12T23:27:15Z,190771890179271,3532,btc_qm_engine:btc_ptmc_rep_hot,2.0000000000
METRIC,2026-04-12T23:27:15Z,190771890204671,3532,btc_qm_engine:btc_ptmc_rep_cold,1.0000000000
METRIC,2026-04-12T23:27:15Z,190771890230331,3532,btc_qm_engine:btc_ptmc_accept,1.0000000000
METRIC,2026-04-12T23:27:15Z,190771890265081,3532,btc_qm_engine:btc_ptmc_rep_hot,3.0000000000
METRIC,2026-04-12T23:27:15Z,190771890290641,3532,btc_qm_engine:btc_ptmc_rep_cold,2.0000000000
METRIC,2026-04-12T23:27:15Z,190771890365501,3532,btc_qm_engine:btc_ptmc_accept,1.0000000000
METRIC,2026-04-12T23:27:15Z,190771890429461,3532,btc_qm_engine:btc_ptmc_rep_hot,4.0000000000
METRIC,2026-04-12T23:27:15Z,190771890455401,3532,btc_qm_engine:btc_ptmc_rep_cold,3.0000000000
METRIC,2026-04-12T23:27:15Z,190771890649331,3532,btc_qm_engine:btc_ptmc_accept,1.0000000000
METRIC,2026-04-12T23:27:15Z,190771890697581,3532,btc_qm_engine:btc_ptmc_rep_hot,5.0000000000
METRIC,2026-04-12T23:27:15Z,190771890723441,3532,btc_qm_engine:btc_ptmc_rep_cold,4.0000000000
METRIC,2026-04-12T23:27:15Z,190771890748561,3532,btc_qm_engine:btc_ptmc_accept,1.0000000000
METRIC,2026-04-12T23:27:15Z,190771890777521,3532,btc_qm_engine:btc_ptmc_rep_hot,6.0000000000
METRIC,2026-04-12T23:27:15Z,190771890802551,3532,btc_qm_engine:btc_ptmc_rep_cold,5.0000000000
METRIC,2026-04-12T23:27:15Z,190771890827401,3532,btc_qm_engine:btc_ptmc_accept,1.0000000000
METRIC,2026-04-12T23:27:15Z,190771890857161,3532,btc_qm_engine:btc_ptmc_rep_hot,7.0000000000
METRIC,2026-04-12T23:27:15Z,190771890882541,3532,btc_qm_engine:btc_ptmc_rep_cold,6.0000000000
METRIC,2026-04-12T23:27:15Z,190771890907751,3532,btc_qm_engine:btc_ptmc_accept,1.0000000000
METRIC,2026-04-12T23:27:15Z,190771993086525,3532,btc_qm_engine:btc_ptmc_rep_hot,1.0000000000
METRIC,2026-04-12T23:27:15Z,190771993175465,3532,btc_qm_engine:btc_ptmc_rep_cold,0.0000000000
METRIC,2026-04-12T23:27:15Z,190771993202195,3532,btc_qm_engine:btc_ptmc_accept,-0.1354058228
METRIC,2026-04-12T23:27:15Z,190771993228885,3532,btc_qm_engine:btc_ptmc_rep_hot,2.0000000000
METRIC,2026-04-12T23:27:15Z,190771993253645,3532,btc_qm_engine:btc_ptmc_rep_cold,1.0000000000
METRIC,2026-04-12T23:27:15Z,190771993278345,3532,btc_qm_engine:btc_ptmc_accept,1.0000000000
METRIC,2026-04-12T23:27:15Z,190771993302975,3532,btc_qm_engine:btc_ptmc_rep_hot,3.0000000000
METRIC,2026-04-12T23:27:15Z,190771993327465,3532,btc_qm_engine:btc_ptmc_rep_cold,2.0000000000
METRIC,2026-04-12T23:27:15Z,190771993351875,3532,btc_qm_engine:btc_ptmc_accept,1.0000000000
METRIC,2026-04-12T23:27:15Z,190771993376155,3532,btc_qm_engine:btc_ptmc_rep_hot,4.0000000000
METRIC,2026-04-12T23:27:15Z,190771993400765,3532,btc_qm_engine:btc_ptmc_rep_cold,3.0000000000
METRIC,2026-04-12T23:27:15Z,190771993425215,3532,btc_qm_engine:btc_ptmc_accept,1.0000000000
METRIC,2026-04-12T23:27:15Z,190771993455995,3532,btc_qm_engine:btc_ptmc_rep_hot,5.0000000000
METRIC,2026-04-12T23:27:15Z,190771993480475,3532,btc_qm_engine:btc_ptmc_rep_cold,4.0000000000
METRIC,2026-04-12T23:27:15Z,190771993504615,3532,btc_qm_engine:btc_ptmc_accept,1.0000000000
METRIC,2026-04-12T23:27:15Z,190771993542805,3532,btc_qm_engine:btc_ptmc_rep_hot,6.0000000000
METRIC,2026-04-12T23:27:15Z,190771993567195,3532,btc_qm_engine:btc_ptmc_rep_cold,5.0000000000
METRIC,2026-04-12T23:27:15Z,190771993591735,3532,btc_qm_engine:btc_ptmc_accept,1.0000000000
METRIC,2026-04-12T23:27:15Z,190771993622325,3532,btc_qm_engine:btc_ptmc_rep_hot,7.0000000000
METRIC,2026-04-12T23:27:15Z,190771993647735,3532,btc_qm_engine:btc_ptmc_rep_cold,6.0000000000
METRIC,2026-04-12T23:27:15Z,190771993672425,3532,btc_qm_engine:btc_ptmc_accept,1.0000000000
METRIC,2026-04-12T23:27:15Z,190772095561928,3532,btc_qm_engine:btc_ptmc_rep_hot,1.0000000000
METRIC,2026-04-12T23:27:15Z,190772095640788,3532,btc_qm_engine:btc_ptmc_rep_cold,0.0000000000
METRIC,2026-04-12T23:27:15Z,190772095666598,3532,btc_qm_engine:btc_ptmc_accept,1.0000000000
METRIC,2026-04-12T23:27:15Z,190772095696458,3532,btc_qm_engine:btc_ptmc_rep_hot,2.0000000000
METRIC,2026-04-12T23:27:15Z,190772095733088,3532,btc_qm_engine:btc_ptmc_rep_cold,1.0000000000
METRIC,2026-04-12T23:27:15Z,190772095773308,3532,btc_qm_engine:btc_ptmc_accept,1.0000000000
METRIC,2026-04-12T23:27:15Z,190772095804888,3532,btc_qm_engine:btc_ptmc_rep_hot,3.0000000000
METRIC,2026-04-12T23:27:15Z,190772095829248,3532,btc_qm_engine:btc_ptmc_rep_cold,2.0000000000
METRIC,2026-04-12T23:27:15Z,190772095853838,3532,btc_qm_engine:btc_ptmc_accept,1.0000000000
METRIC,2026-04-12T23:27:15Z,190772095888288,3532,btc_qm_engine:btc_ptmc_rep_hot,4.0000000000
METRIC,2026-04-12T23:27:15Z,190772095918428,3532,btc_qm_engine:btc_ptmc_rep_cold,3.0000000000
METRIC,2026-04-12T23:27:15Z,190772095942558,3532,btc_qm_engine:btc_ptmc_accept,1.0000000000
METRIC,2026-04-12T23:27:15Z,190772095968768,3532,btc_qm_engine:btc_ptmc_rep_hot,5.0000000000
METRIC,2026-04-12T23:27:15Z,190772096052988,3532,btc_qm_engine:btc_ptmc_rep_cold,4.0000000000
METRIC,2026-04-12T23:27:15Z,190772096077498,3532,btc_qm_engine:btc_ptmc_accept,0.9394122667
METRIC,2026-04-12T23:27:15Z,190772096110248,3532,btc_qm_engine:btc_ptmc_rep_hot,6.0000000000
METRIC,2026-04-12T23:27:15Z,190772096135488,3532,btc_qm_engine:btc_ptmc_rep_cold,5.0000000000
METRIC,2026-04-12T23:27:15Z,190772096158418,3532,btc_qm_engine:btc_ptmc_accept,0.9298538586
METRIC,2026-04-12T23:27:15Z,190772096186118,3532,btc_qm_engine:btc_ptmc_rep_hot,7.0000000000
METRIC,2026-04-12T23:27:15Z,190772096211508,3532,btc_qm_engine:btc_ptmc_rep_cold,6.0000000000
METRIC,2026-04-12T23:27:15Z,190772096236168,3532,btc_qm_engine:btc_ptmc_accept,0.9767446541
METRIC,2026-04-12T23:27:15Z,190772195948122,3532,btc_qm_engine:btc_ptmc_rep_hot,1.0000000000
METRIC,2026-04-12T23:27:15Z,190772196042942,3532,btc_qm_engine:btc_ptmc_rep_cold,0.0000000000
METRIC,2026-04-12T23:27:15Z,190772196064542,3532,btc_qm_engine:btc_ptmc_accept,1.0000000000
METRIC,2026-04-12T23:27:15Z,190772196088842,3532,btc_qm_engine:btc_ptmc_rep_hot,2.0000000000
METRIC,2026-04-12T23:27:15Z,190772196114222,3532,btc_qm_engine:btc_ptmc_rep_cold,1.0000000000
METRIC,2026-04-12T23:27:15Z,190772196138802,3532,btc_qm_engine:btc_ptmc_accept,1.0000000000
METRIC,2026-04-12T23:27:15Z,190772196170012,3532,btc_qm_engine:btc_ptmc_rep_hot,3.0000000000
METRIC,2026-04-12T23:27:15Z,190772196195592,3532,btc_qm_engine:btc_ptmc_rep_cold,2.0000000000
METRIC,2026-04-12T23:27:15Z,190772196220202,3532,btc_qm_engine:btc_ptmc_accept,1.0000000000
METRIC,2026-04-12T23:27:15Z,190772196256422,3532,btc_qm_engine:btc_ptmc_rep_hot,4.0000000000
METRIC,2026-04-12T23:27:15Z,190772196280682,3532,btc_qm_engine:btc_ptmc_rep_cold,3.0000000000
METRIC,2026-04-12T23:27:15Z,190772196305032,3532,btc_qm_engine:btc_ptmc_accept,1.0000000000
METRIC,2026-04-12T23:27:15Z,190772196331662,3532,btc_qm_engine:btc_ptmc_rep_hot,5.0000000000
METRIC,2026-04-12T23:27:15Z,190772196356162,3532,btc_qm_engine:btc_ptmc_rep_cold,4.0000000000
METRIC,2026-04-12T23:27:15Z,190772196381412,3532,btc_qm_engine:btc_ptmc_accept,1.0000000000
METRIC,2026-04-12T23:27:15Z,190772196405702,3532,btc_qm_engine:btc_ptmc_rep_hot,6.0000000000
METRIC,2026-04-12T23:27:15Z,190772196429852,3532,btc_qm_engine:btc_ptmc_rep_cold,5.0000000000
METRIC,2026-04-12T23:27:15Z,190772196466112,3532,btc_qm_engine:btc_ptmc_accept,1.0000000000
METRIC,2026-04-12T23:27:15Z,190772196504392,3532,btc_qm_engine:btc_ptmc_rep_hot,7.0000000000
METRIC,2026-04-12T23:27:15Z,190772196529112,3532,btc_qm_engine:btc_ptmc_rep_cold,6.0000000000
METRIC,2026-04-12T23:27:15Z,190772196553652,3532,btc_qm_engine:btc_ptmc_accept,1.0000000000
METRIC,2026-04-12T23:27:15Z,190772298199745,3532,btc_qm_engine:btc_ptmc_rep_hot,1.0000000000
METRIC,2026-04-12T23:27:15Z,190772298287805,3532,btc_qm_engine:btc_ptmc_rep_cold,0.0000000000
METRIC,2026-04-12T23:27:15Z,190772298313865,3532,btc_qm_engine:btc_ptmc_accept,0.5136174742
METRIC,2026-04-12T23:27:15Z,190772298340395,3532,btc_qm_engine:btc_ptmc_rep_hot,2.0000000000
METRIC,2026-04-12T23:27:15Z,190772298365595,3532,btc_qm_engine:btc_ptmc_rep_cold,1.0000000000
METRIC,2026-04-12T23:27:15Z,190772298390155,3532,btc_qm_engine:btc_ptmc_accept,1.0000000000
METRIC,2026-04-12T23:27:15Z,190772298451955,3532,btc_qm_engine:btc_ptmc_rep_hot,3.0000000000
METRIC,2026-04-12T23:27:15Z,190772298476455,3532,btc_qm_engine:btc_ptmc_rep_cold,2.0000000000
METRIC,2026-04-12T23:27:15Z,190772298501165,3532,btc_qm_engine:btc_ptmc_accept,0.8464931860
METRIC,2026-04-12T23:27:15Z,190772298531245,3532,btc_qm_engine:btc_ptmc_rep_hot,4.0000000000
METRIC,2026-04-12T23:27:15Z,190772298555805,3532,btc_qm_engine:btc_ptmc_rep_cold,3.0000000000
METRIC,2026-04-12T23:27:15Z,190772298580035,3532,btc_qm_engine:btc_ptmc_accept,0.9048418286
METRIC,2026-04-12T23:27:15Z,190772298607975,3532,btc_qm_engine:btc_ptmc_rep_hot,5.0000000000
METRIC,2026-04-12T23:27:15Z,190772298632435,3532,btc_qm_engine:btc_ptmc_rep_cold,4.0000000000
METRIC,2026-04-12T23:27:15Z,190772298656745,3532,btc_qm_engine:btc_ptmc_accept,1.0000000000
METRIC,2026-04-12T23:27:15Z,190772298684475,3532,btc_qm_engine:btc_ptmc_rep_hot,6.0000000000
METRIC,2026-04-12T23:27:15Z,190772298708785,3532,btc_qm_engine:btc_ptmc_rep_cold,5.0000000000
METRIC,2026-04-12T23:27:15Z,190772298732895,3532,btc_qm_engine:btc_ptmc_accept,1.0000000000
METRIC,2026-04-12T23:27:15Z,190772298763155,3532,btc_qm_engine:btc_ptmc_rep_hot,7.0000000000
METRIC,2026-04-12T23:27:15Z,190772298787885,3532,btc_qm_engine:btc_ptmc_rep_cold,6.0000000000
METRIC,2026-04-12T23:27:15Z,190772298811305,3532,btc_qm_engine:btc_ptmc_accept,0.9767450351
METRIC,2026-04-12T23:27:15Z,190772402848958,3532,btc_qm_engine:btc_ptmc_rep_hot,1.0000000000
METRIC,2026-04-12T23:27:15Z,190772402924318,3532,btc_qm_engine:btc_ptmc_rep_cold,0.0000000000
METRIC,2026-04-12T23:27:15Z,190772402950288,3532,btc_qm_engine:btc_ptmc_accept,1.0000000000
METRIC,2026-04-12T23:27:15Z,190772402981408,3532,btc_qm_engine:btc_ptmc_rep_hot,2.0000000000
METRIC,2026-04-12T23:27:15Z,190772403019038,3532,btc_qm_engine:btc_ptmc_rep_cold,1.0000000000
METRIC,2026-04-12T23:27:15Z,190772403043488,3532,btc_qm_engine:btc_ptmc_accept,1.0000000000
METRIC,2026-04-12T23:27:15Z,190772403080368,3532,btc_qm_engine:btc_ptmc_rep_hot,3.0000000000
METRIC,2026-04-12T23:27:15Z,190772403104258,3532,btc_qm_engine:btc_ptmc_rep_cold,2.0000000000
METRIC,2026-04-12T23:27:15Z,190772403127128,3532,btc_qm_engine:btc_ptmc_accept,1.0000000000
METRIC,2026-04-12T23:27:15Z,190772403157628,3532,btc_qm_engine:btc_ptmc_rep_hot,4.0000000000
METRIC,2026-04-12T23:27:15Z,190772403193918,3532,btc_qm_engine:btc_ptmc_rep_cold,3.0000000000
METRIC,2026-04-12T23:27:15Z,190772403223768,3532,btc_qm_engine:btc_ptmc_accept,1.0000000000
METRIC,2026-04-12T23:27:15Z,190772403249798,3532,btc_qm_engine:btc_ptmc_rep_hot,5.0000000000
METRIC,2026-04-12T23:27:15Z,190772403275188,3532,btc_qm_engine:btc_ptmc_rep_cold,4.0000000000
METRIC,2026-04-12T23:27:15Z,190772403298218,3532,btc_qm_engine:btc_ptmc_accept,1.0000000000
METRIC,2026-04-12T23:27:15Z,190772403322788,3532,btc_qm_engine:btc_ptmc_rep_hot,6.0000000000
METRIC,2026-04-12T23:27:15Z,190772403346948,3532,btc_qm_engine:btc_ptmc_rep_cold,5.0000000000
METRIC,2026-04-12T23:27:15Z,190772403370508,3532,btc_qm_engine:btc_ptmc_accept,1.0000000000
METRIC,2026-04-12T23:27:15Z,190772403396128,3532,btc_qm_engine:btc_ptmc_rep_hot,7.0000000000
METRIC,2026-04-12T23:27:15Z,190772403421898,3532,btc_qm_engine:btc_ptmc_rep_cold,6.0000000000
METRIC,2026-04-12T23:27:15Z,190772403446098,3532,btc_qm_engine:btc_ptmc_accept,0.9767452464
METRIC,2026-04-12T23:27:15Z,190772448158825,3532,btc_qm_engine:btc_hashrate_mhs,0.9870466294
METRIC,2026-04-12T23:27:15Z,190772448233685,3532,btc_qm_engine:btc_hashrate_thread_id,7.0000000000
METRIC,2026-04-12T23:27:15Z,190772455662825,3532,btc_qm_engine:btc_nx48_delta_nonce_old,3.6003325679
METRIC,2026-04-12T23:27:15Z,190772455716815,3532,btc_qm_engine:btc_nx48_delta_nonce_new,3.7123022199
METRIC,2026-04-12T23:27:15Z,190772455740605,3532,btc_qm_engine:btc_nx48_batch_old,4.0000000000
METRIC,2026-04-12T23:27:15Z,190772455760145,3532,btc_qm_engine:btc_nx48_batch_new,4.0000000000
METRIC,2026-04-12T23:27:15Z,190772455778825,3532,btc_qm_engine:btc_nx48_loss,0.6072895562
METRIC,2026-04-12T23:27:15Z,190772455797715,3532,btc_qm_engine:btc_nx48_grad_norm,0.6323986840
METRIC,2026-04-12T23:27:15Z,190772455840875,3532,btc_qm_engine:btc_nx48_update_count,56.0000000000
METRIC,2026-04-12T23:27:15Z,190772455860305,3532,btc_qm_engine:btc_nx48_exploration_bias,0.4688677957
METRIC,2026-04-12T23:27:15Z,190772455878715,3532,btc_qm_engine:btc_hashrate_mhs,0.9870941744
METRIC,2026-04-12T23:27:15Z,190772455897355,3532,btc_qm_engine:btc_hashrate_thread_id,0.0000000000
METRIC,2026-04-12T23:27:15Z,190772458308675,3532,btc_qm_engine:btc_hashrate_mhs,0.9871330685
METRIC,2026-04-12T23:27:15Z,190772458370295,3532,btc_qm_engine:btc_hashrate_thread_id,5.0000000000
METRIC,2026-04-12T23:27:15Z,190772459538285,3532,btc_qm_engine:btc_hashrate_mhs,0.9871280767
METRIC,2026-04-12T23:27:15Z,190772459580385,3532,btc_qm_engine:btc_hashrate_thread_id,1.0000000000
METRIC,2026-04-12T23:27:15Z,190772464653134,3532,btc_qm_engine:btc_hashrate_mhs,0.9871568300
METRIC,2026-04-12T23:27:15Z,190772464693414,3532,btc_qm_engine:btc_hashrate_thread_id,2.0000000000
METRIC,2026-04-12T23:27:15Z,190772468302684,3532,btc_qm_engine:btc_hashrate_mhs,0.9871160231
METRIC,2026-04-12T23:27:15Z,190772468342874,3532,btc_qm_engine:btc_hashrate_thread_id,4.0000000000
METRIC,2026-04-12T23:27:15Z,190772468504204,3532,btc_qm_engine:btc_hashrate_mhs,0.9871645611
METRIC,2026-04-12T23:27:15Z,190772468555114,3532,btc_qm_engine:btc_hashrate_thread_id,3.0000000000
METRIC,2026-04-12T23:27:15Z,190772475182674,3532,btc_qm_engine:btc_hashrate_mhs,0.9872065422
METRIC,2026-04-12T23:27:15Z,190772475244604,3532,btc_qm_engine:btc_hashrate_thread_id,6.0000000000
METRIC,2026-04-12T23:27:15Z,190772509618322,3532,btc_qm_engine:btc_ptmc_rep_hot,1.0000000000
METRIC,2026-04-12T23:27:15Z,190772509678422,3532,btc_qm_engine:btc_ptmc_rep_cold,0.0000000000
METRIC,2026-04-12T23:27:15Z,190772509698272,3532,btc_qm_engine:btc_ptmc_accept,1.0000000000
METRIC,2026-04-12T23:27:15Z,190772509717322,3532,btc_qm_engine:btc_ptmc_rep_hot,2.0000000000
METRIC,2026-04-12T23:27:15Z,190772509735712,3532,btc_qm_engine:btc_ptmc_rep_cold,1.0000000000
METRIC,2026-04-12T23:27:15Z,190772509760222,3532,btc_qm_engine:btc_ptmc_accept,1.0000000000
METRIC,2026-04-12T23:27:15Z,190772509778632,3532,btc_qm_engine:btc_ptmc_rep_hot,3.0000000000
METRIC,2026-04-12T23:27:15Z,190772509796932,3532,btc_qm_engine:btc_ptmc_rep_cold,2.0000000000
METRIC,2026-04-12T23:27:15Z,190772509815282,3532,btc_qm_engine:btc_ptmc_accept,1.0000000000
METRIC,2026-04-12T23:27:15Z,190772509833562,3532,btc_qm_engine:btc_ptmc_rep_hot,4.0000000000
METRIC,2026-04-12T23:27:15Z,190772509851822,3532,btc_qm_engine:btc_ptmc_rep_cold,3.0000000000
METRIC,2026-04-12T23:27:15Z,190772509870032,3532,btc_qm_engine:btc_ptmc_accept,1.0000000000
METRIC,2026-04-12T23:27:15Z,190772509897542,3532,btc_qm_engine:btc_ptmc_rep_hot,5.0000000000
METRIC,2026-04-12T23:27:15Z,190772509922822,3532,btc_qm_engine:btc_ptmc_rep_cold,4.0000000000
METRIC,2026-04-12T23:27:15Z,190772509947572,3532,btc_qm_engine:btc_ptmc_accept,1.0000000000
METRIC,2026-04-12T23:27:15Z,190772509975762,3532,btc_qm_engine:btc_ptmc_rep_hot,6.0000000000
METRIC,2026-04-12T23:27:15Z,190772510000492,3532,btc_qm_engine:btc_ptmc_rep_cold,5.0000000000
METRIC,2026-04-12T23:27:15Z,190772510037222,3532,btc_qm_engine:btc_ptmc_accept,1.0000000000
METRIC,2026-04-12T23:27:15Z,190772510074292,3532,btc_qm_engine:btc_ptmc_rep_hot,7.0000000000
METRIC,2026-04-12T23:27:15Z,190772510099002,3532,btc_qm_engine:btc_ptmc_rep_cold,6.0000000000
METRIC,2026-04-12T23:27:15Z,190772510123532,3532,btc_qm_engine:btc_ptmc_accept,1.0000000000
METRIC,2026-04-12T23:27:15Z,190772615263755,3532,btc_qm_engine:btc_ptmc_rep_hot,1.0000000000
METRIC,2026-04-12T23:27:15Z,190772615354455,3532,btc_qm_engine:btc_ptmc_rep_cold,0.0000000000
METRIC,2026-04-12T23:27:15Z,190772615380925,3532,btc_qm_engine:btc_ptmc_accept,1.0000000000
METRIC,2026-04-12T23:27:15Z,190772615412135,3532,btc_qm_engine:btc_ptmc_rep_hot,2.0000000000
METRIC,2026-04-12T23:27:15Z,190772615436255,3532,btc_qm_engine:btc_ptmc_rep_cold,1.0000000000
METRIC,2026-04-12T23:27:15Z,190772615460575,3532,btc_qm_engine:btc_ptmc_accept,1.0000000000
METRIC,2026-04-12T23:27:15Z,190772615485165,3532,btc_qm_engine:btc_ptmc_rep_hot,3.0000000000
METRIC,2026-04-12T23:27:15Z,190772615545785,3532,btc_qm_engine:btc_ptmc_rep_cold,2.0000000000
METRIC,2026-04-12T23:27:15Z,190772615569605,3532,btc_qm_engine:btc_ptmc_accept,1.0000000000
METRIC,2026-04-12T23:27:15Z,190772615593935,3532,btc_qm_engine:btc_ptmc_rep_hot,4.0000000000
METRIC,2026-04-12T23:27:15Z,190772615617595,3532,btc_qm_engine:btc_ptmc_rep_cold,3.0000000000
METRIC,2026-04-12T23:27:15Z,190772615640305,3532,btc_qm_engine:btc_ptmc_accept,1.0000000000
METRIC,2026-04-12T23:27:15Z,190772615665605,3532,btc_qm_engine:btc_ptmc_rep_hot,5.0000000000
METRIC,2026-04-12T23:27:15Z,190772615697935,3532,btc_qm_engine:btc_ptmc_rep_cold,4.0000000000
METRIC,2026-04-12T23:27:15Z,190772615724065,3532,btc_qm_engine:btc_ptmc_accept,1.0000000000
METRIC,2026-04-12T23:27:15Z,190772615757355,3532,btc_qm_engine:btc_ptmc_rep_hot,6.0000000000
METRIC,2026-04-12T23:27:15Z,190772615782495,3532,btc_qm_engine:btc_ptmc_rep_cold,5.0000000000
METRIC,2026-04-12T23:27:15Z,190772615806485,3532,btc_qm_engine:btc_ptmc_accept,1.0000000000
METRIC,2026-04-12T23:27:15Z,190772615837785,3532,btc_qm_engine:btc_ptmc_rep_hot,7.0000000000
METRIC,2026-04-12T23:27:15Z,190772615861775,3532,btc_qm_engine:btc_ptmc_rep_cold,6.0000000000
METRIC,2026-04-12T23:27:15Z,190772615885845,3532,btc_qm_engine:btc_ptmc_accept,1.0000000000
METRIC,2026-04-12T23:27:16Z,190772745210486,3532,btc_qm_engine:btc_ptmc_rep_hot,1.0000000000
METRIC,2026-04-12T23:27:16Z,190772745284476,3532,btc_qm_engine:btc_ptmc_rep_cold,0.0000000000
METRIC,2026-04-12T23:27:16Z,190772745310216,3532,btc_qm_engine:btc_ptmc_accept,-0.5135063048
METRIC,2026-04-12T23:27:16Z,190772745337056,3532,btc_qm_engine:btc_ptmc_rep_hot,2.0000000000
METRIC,2026-04-12T23:27:16Z,190772745361496,3532,btc_qm_engine:btc_ptmc_rep_cold,1.0000000000
METRIC,2026-04-12T23:27:16Z,190772745384646,3532,btc_qm_engine:btc_ptmc_accept,1.0000000000
METRIC,2026-04-12T23:27:16Z,190772745415226,3532,btc_qm_engine:btc_ptmc_rep_hot,3.0000000000
METRIC,2026-04-12T23:27:16Z,190772745439456,3532,btc_qm_engine:btc_ptmc_rep_cold,2.0000000000
METRIC,2026-04-12T23:27:16Z,190772745462726,3532,btc_qm_engine:btc_ptmc_accept,1.0000000000
METRIC,2026-04-12T23:27:16Z,190772745517206,3532,btc_qm_engine:btc_ptmc_rep_hot,4.0000000000
METRIC,2026-04-12T23:27:16Z,190772745540936,3532,btc_qm_engine:btc_ptmc_rep_cold,3.0000000000
METRIC,2026-04-12T23:27:16Z,190772745565956,3532,btc_qm_engine:btc_ptmc_accept,1.0000000000
METRIC,2026-04-12T23:27:16Z,190772745596676,3532,btc_qm_engine:btc_ptmc_rep_hot,5.0000000000
METRIC,2026-04-12T23:27:16Z,190772745619626,3532,btc_qm_engine:btc_ptmc_rep_cold,4.0000000000
METRIC,2026-04-12T23:27:16Z,190772745642346,3532,btc_qm_engine:btc_ptmc_accept,1.0000000000
METRIC,2026-04-12T23:27:16Z,190772745667486,3532,btc_qm_engine:btc_ptmc_rep_hot,6.0000000000
METRIC,2026-04-12T23:27:16Z,190772745691316,3532,btc_qm_engine:btc_ptmc_rep_cold,5.0000000000
METRIC,2026-04-12T23:27:16Z,190772745714046,3532,btc_qm_engine:btc_ptmc_accept,1.0000000000
METRIC,2026-04-12T23:27:16Z,190772745748746,3532,btc_qm_engine:btc_ptmc_rep_hot,7.0000000000
METRIC,2026-04-12T23:27:16Z,190772745773866,3532,btc_qm_engine:btc_ptmc_rep_cold,6.0000000000
METRIC,2026-04-12T23:27:16Z,190772745797846,3532,btc_qm_engine:btc_ptmc_accept,1.0000000000
METRIC,2026-04-12T23:27:16Z,190772846341200,3532,btc_qm_engine:btc_ptmc_rep_hot,1.0000000000
METRIC,2026-04-12T23:27:16Z,190772846412970,3532,btc_qm_engine:btc_ptmc_rep_cold,0.0000000000
METRIC,2026-04-12T23:27:16Z,190772846439280,3532,btc_qm_engine:btc_ptmc_accept,1.0000000000
METRIC,2026-04-12T23:27:16Z,190772846469290,3532,btc_qm_engine:btc_ptmc_rep_hot,2.0000000000
METRIC,2026-04-12T23:27:16Z,190772846493870,3532,btc_qm_engine:btc_ptmc_rep_cold,1.0000000000
METRIC,2026-04-12T23:27:16Z,190772846537230,3532,btc_qm_engine:btc_ptmc_accept,1.0000000000
METRIC,2026-04-12T23:27:16Z,190772846578050,3532,btc_qm_engine:btc_ptmc_rep_hot,3.0000000000
METRIC,2026-04-12T23:27:16Z,190772846602640,3532,btc_qm_engine:btc_ptmc_rep_cold,2.0000000000
METRIC,2026-04-12T23: