seq,ts_ns,module,key,value
406379,13297060805418,btc_qm_engine,btc_sha256_nonce,1773437448.0000000000
406380,13297060805496,btc_qm_engine,btc_leading_zeros,4.0000000000
406381,13297060805570,btc_qm_engine,btc_sha256_elapsed_ns,1089.0000000000
406382,13297060805758,btc_qm_engine,btc_leading_zeros,0.0000000000
406383,13297060805890,btc_qm_engine,btc_sha256_nonce,290362586.0000000000
406384,13297060806239,btc_qm_engine,btc_sha256_elapsed_ns,1102.0000000000
406385,13297060806751,btc_qm_engine,btc_leading_zeros,3.0000000000
406386,13297060806966,btc_qm_engine,btc_sha256_nonce,3011090142.0000000000
406387,13297060807040,btc_qm_engine,btc_leading_zeros,1.0000000000
406388,13297060807205,btc_qm_engine,btc_sha256_elapsed_ns,1126.0000000000
406389,13297060807664,btc_qm_engine,btc_sha256_elapsed_ns,1130.0000000000
406390,13297060807924,btc_qm_engine,btc_sha256_nonce,3021699878.0000000000
406391,13297060808005,btc_qm_engine,btc_leading_zeros,0.0000000000
406392,13297060808076,btc_qm_engine,btc_sha256_elapsed_ns,1097.0000000000
406393,13297060809287,btc_qm_engine,btc_sha256_nonce,3885112389.0000000000
406394,13297060809363,btc_qm_engine,btc_leading_zeros,1.0000000000
406395,13297060809501,btc_qm_engine,btc_sha256_elapsed_ns,973.0000000000
406396,13297060809657,btc_qm_engine,btc_sha256_nonce,2995789943.0000000000
406397,13297060809939,btc_qm_engine,btc_sha256_nonce,2423883890.0000000000
406398,13297060810005,btc_qm_engine,btc_leading_zeros,0.0000000000
406399,13297060810079,btc_qm_engine,btc_sha256_elapsed_ns,1101.0000000000
406400,13297060810260,btc_qm_engine,btc_leading_zeros,0.0000000000
406401,13297060810332,btc_qm_engine,btc_sha256_elapsed_ns,1102.0000000000
406402,13297060810932,btc_qm_engine,btc_leading_zeros,1.0000000000
406403,13297060811270,btc_qm_engine,btc_sha256_nonce,1556690799.0000000000
406404,13297060811346,btc_qm_engine,btc_leading_zeros,0.0000000000
406405,13297060811582,btc_qm_engine,btc_sha256_nonce,2422956183.0000000000
406406,13297060811815,btc_qm_engine,btc_leading_zeros,2.0000000000
406407,13297060812369,btc_qm_engine,btc_sha256_elapsed_ns,1074.0000000000
406408,13297060812917,btc_qm_engine,btc_sha256_nonce,2342407233.0000000000
406409,13297060813287,btc_qm_engine,btc_leading_zeros,0.0000000000
406410,13297060813372,btc_qm_engine,btc_sha256_elapsed_ns,1064.0000000000
406411,13297060813852,btc_qm_engine,btc_sha256_elapsed_ns,961.0000000000
406412,13297060814116,btc_qm_engine,btc_sha256_nonce,1417128892.0000000000
406413,13297060814185,btc_qm_engine,btc_leading_zeros,0.0000000000
406414,13297060814251,btc_qm_engine,btc_sha256_elapsed_ns,795.0000000000
406415,13297060814577,btc_qm_engine,btc_sha256_elapsed_ns,1071.0000000000
406416,13297060814997,btc_qm_engine,btc_sha256_nonce,2526545496.0000000000
406417,13297060815332,btc_qm_engine,btc_leading_zeros,1.0000000000
406418,13297060815496,btc_qm_engine,btc_sha256_nonce,4286229325.0000000000
406419,13297060815694,btc_qm_engine,btc_sha256_nonce,3021436848.0000000000
406420,13297060815845,btc_qm_engine,btc_sha256_elapsed_ns,1048.0000000000
406421,13297060816350,btc_qm_engine,btc_leading_zeros,0.0000000000
406422,13297060816430,btc_qm_engine,btc_sha256_elapsed_ns,1067.0000000000
406423,13297060816839,btc_qm_engine,btc_sha256_nonce,613554736.0000000000
406424,13297060817215,btc_qm_engine,btc_leading_zeros,1.0000000000
406425,13297060817575,btc_qm_engine,btc_sha256_elapsed_ns,1035.0000000000
406426,13297060817721,btc_qm_engine,btc_sha256_nonce,3990641612.0000000000
406427,13297060818046,btc_qm_engine,btc_sha256_nonce,3021863095.0000000000
406428,13297060818195,btc_qm_engine,btc_leading_zeros,0.0000000000
406429,13297060818380,btc_qm_engine,btc_sha256_nonce,1380358676.0000000000
406430,13297060819000,btc_qm_engine,btc_sha256_elapsed_ns,1131.0000000000
406431,13297060819070,btc_qm_engine,btc_leading_zeros,0.0000000000
406432,13297060819157,btc_qm_engine,btc_sha256_elapsed_ns,1096.0000000000
406433,13297060819362,btc_qm_engine,btc_sha256_nonce,612424925.0000000000
406434,13297060819645,btc_qm_engine,btc_leading_zeros,2.0000000000
406435,13297060820098,btc_qm_engine,btc_leading_zeros,0.0000000000
406436,13297060820332,btc_qm_engine,btc_sha256_nonce,1730859931.0000000000
406437,13297060820403,btc_qm_engine,btc_leading_zeros,2.0000000000
406438,13297060820479,btc_qm_engine,btc_sha256_elapsed_ns,1047.0000000000
406439,13297060820654,btc_qm_engine,btc_sha256_elapsed_ns,1012.0000000000
406440,13297060820845,btc_qm_engine,btc_leading_zeros,1.0000000000
406441,13297060821026,btc_qm_engine,btc_sha256_nonce,3654424068.0000000000
406442,13297060821221,btc_qm_engine,btc_sha256_elapsed_ns,842.0000000000
406443,13297060821307,btc_qm_engine,btc_sha256_elapsed_ns,1042.0000000000
406444,13297060821456,btc_qm_engine,btc_leading_zeros,0.0000000000
406445,13297060821692,btc_qm_engine,btc_sha256_nonce,4192930301.0000000000
406446,13297060821816,btc_qm_engine,btc_leading_zeros,0.0000000000
406447,13297060821867,btc_qm_engine,btc_sha256_elapsed_ns,1006.0000000000
406448,13297060821999,btc_qm_engine,btc_sha256_elapsed_ns,1097.0000000000
406449,13297060822411,btc_qm_engine,btc_leading_zeros,0.0000000000
406450,13297060822686,btc_qm_engine,btc_sha256_nonce,3723166150.0000000000
406451,13297060822806,btc_qm_engine,btc_sha256_nonce,4200929712.0000000000
406452,13297060822946,btc_qm_engine,btc_sha256_nonce,1737554369.0000000000
406453,13297060823178,btc_qm_engine,btc_leading_zeros,0.0000000000
406454,13297060823420,btc_qm_engine,btc_leading_zeros,0.0000000000
406455,13297060823662,btc_qm_engine,btc_sha256_elapsed_ns,1067.0000000000
406456,13297060823799,btc_qm_engine,btc_sha256_nonce,4189425742.0000000000
406457,13297060824760,btc_qm_engine,btc_sha256_elapsed_ns,1063.0000000000
406458,13297060825500,btc_qm_engine,btc_sha256_nonce,2742719809.0000000000
406459,13297060825890,btc_qm_engine,btc_leading_zeros,0.0000000000
406460,13297060825974,btc_qm_engine,btc_sha256_elapsed_ns,1058.0000000000
406461,13297060826459,btc_qm_engine,btc_sha256_elapsed_ns,1125.0000000000
406462,13297060826876,btc_qm_engine,btc_leading_zeros,1.0000000000
406463,13297060827307,btc_qm_engine,btc_sha256_nonce,122991819.0000000000
406464,13297060827404,btc_qm_engine,btc_leading_zeros,3.0000000000
406465,13297060827767,btc_qm_engine,btc_sha256_elapsed_ns,1134.0000000000
406466,13297060827947,btc_qm_engine,btc_sha256_nonce,2826881258.0000000000
406467,13297060828168,btc_qm_engine,btc_sha256_nonce,3520567599.0000000000
406468,13297060828512,btc_qm_engine,btc_sha256_nonce,4039118065.0000000000
406469,13297060828704,btc_qm_engine,btc_leading_zeros,4.0000000000
406470,13297060828832,btc_qm_engine,btc_sha256_elapsed_ns,1069.0000000000
406471,13297060828994,btc_qm_engine,btc_sha256_nonce,2423998090.0000000000
406472,13297060829214,btc_qm_engine,btc_leading_zeros,1.0000000000
406473,13297060829546,btc_qm_engine,btc_sha256_nonce,2849370172.0000000000
406474,13297060829741,btc_qm_engine,btc_leading_zeros,0.0000000000
406475,13297060829988,btc_qm_engine,btc_leading_zeros,3.0000000000
406476,13297060830104,btc_qm_engine,btc_sha256_elapsed_ns,1085.0000000000
406477,13297060830354,btc_qm_engine,btc_sha256_elapsed_ns,1004.0000000000
406478,13297060830623,btc_qm_engine,btc_sha256_nonce,98141052.0000000000
406479,13297060831007,btc_qm_engine,btc_sha256_elapsed_ns,1090.0000000000
406480,13297060831504,btc_qm_engine,btc_leading_zeros,2.0000000000
406481,13297060831673,btc_qm_engine,btc_sha256_elapsed_ns,1076.0000000000
406482,13297060832129,btc_qm_engine,btc_sha256_elapsed_ns,1014.0000000000
406483,13297060832329,btc_qm_engine,btc_sha256_nonce,997523253.0000000000
406484,13297060832410,btc_qm_engine,btc_leading_zeros,4.0000000000
406485,13297060832477,btc_qm_engine,btc_sha256_elapsed_ns,997.0000000000
406486,13297060832728,btc_qm_engine,btc_sha256_nonce,473911718.0000000000
406487,13297060832819,btc_qm_engine,btc_leading_zeros,0.0000000000
406488,13297060832874,btc_qm_engine,btc_sha256_elapsed_ns,1076.0000000000
406489,13297060833494,btc_qm_engine,btc_sha256_nonce,1097884553.0000000000
406490,13297060833645,btc_qm_engine,btc_sha256_nonce,3249513252.0000000000
406491,13297060833834,btc_qm_engine,btc_sha256_nonce,1389258251.0000000000
406492,13297060833915,btc_qm_engine,btc_leading_zeros,0.0000000000
406493,13297060833982,btc_qm_engine,btc_sha256_elapsed_ns,1104.0000000000
406494,13297060834202,btc_qm_engine,btc_sha256_nonce,2462932168.0000000000
406495,13297060834524,btc_qm_engine,btc_sha256_elapsed_ns,1027.0000000000
406496,13297060834665,btc_qm_engine,btc_leading_zeros,0.0000000000
406497,13297060834883,btc_qm_engine,btc_sha256_nonce,1646651509.0000000000
406498,13297060835208,btc_qm_engine,btc_sha256_nonce,3565126647.0000000000
406499,13297060835448,btc_qm_engine,btc_leading_zeros,2.0000000000
406500,13297060835818,btc_qm_engine,btc_sha256_elapsed_ns,1037.0000000000
406501,13297060835928,btc_qm_engine,btc_sha256_elapsed_ns,1044.0000000000
406502,13297060836154,btc_qm_engine,btc_leading_zeros,0.0000000000
406503,13297060836607,btc_qm_engine,btc_sha256_elapsed_ns,895.0000000000
406504,13297060837153,btc_qm_engine,btc_leading_zeros,0.0000000000
406505,13297060837390,btc_qm_engine,btc_sha256_nonce,2684795288.0000000000
406506,13297060837471,btc_qm_engine,btc_leading_zeros,4.0000000000
406507,13297060837590,btc_qm_engine,btc_sha256_elapsed_ns,1015.0000000000
406508,13297060838153,btc_qm_engine,btc_sha256_nonce,4289873980.0000000000
406509,13297060838294,btc_qm_engine,btc_leading_zeros,0.0000000000
406510,13297060838846,btc_qm_engine,btc_sha256_elapsed_ns,740.0000000000
406511,13297060838999,btc_qm_engine,btc_sha256_elapsed_ns,1008.0000000000
406512,13297060839528,btc_qm_engine,btc_sha256_nonce,3667259425.0000000000
406513,13297060839860,btc_qm_engine,btc_sha256_nonce,1222861960.0000000000
406514,13297060839953,btc_qm_engine,btc_leading_zeros,2.0000000000
406515,13297060840019,btc_qm_engine,btc_sha256_elapsed_ns,1065.0000000000
406516,13297060840171,btc_qm_engine,btc_sha256_nonce,1001013721.0000000000
406517,13297060840472,btc_qm_engine,btc_sha256_nonce,867439502.0000000000
406518,13297060840556,btc_qm_engine,btc_leading_zeros,0.0000000000
406519,13297060840634,btc_qm_engine,btc_sha256_elapsed_ns,1089.0000000000
406520,13297060840774,btc_qm_engine,btc_sha256_nonce,2875116011.0000000000
406521,13297060840988,btc_qm_engine,btc_leading_zeros,3.0000000000
406522,13297060841312,btc_qm_engine,btc_leading_zeros,1.0000000000
406523,13297060841501,btc_qm_engine,btc_leading_zeros,0.0000000000
406524,13297060842116,btc_qm_engine,btc_sha256_nonce,82034945.0000000000
406525,13297060842312,btc_qm_engine,btc_sha256_elapsed_ns,917.0000000000
406526,13297060842790,btc_qm_engine,btc_sha256_nonce,941660889.0000000000
406527,13297060842889,btc_qm_engine,btc_leading_zeros,0.0000000000
406528,13297060842960,btc_qm_engine,btc_sha256_elapsed_ns,1069.0000000000
406529,13297060843209,btc_qm_engine,btc_leading_zeros,0.0000000000
406530,13297060843284,btc_qm_engine,btc_sha256_elapsed_ns,940.0000000000
406531,13297060843794,btc_qm_engine,btc_sha256_elapsed_ns,1045.0000000000
406532,13297060843976,btc_qm_engine,btc_sha256_nonce,4017324018.0000000000
406533,13297060844046,btc_qm_engine,btc_leading_zeros,1.0000000000
406534,13297060844115,btc_qm_engine,btc_sha256_elapsed_ns,906.0000000000
406535,13297060844297,btc_qm_engine,btc_sha256_nonce,81972942.0000000000
406536,13297060844381,btc_qm_engine,btc_leading_zeros,1.0000000000
406537,13297060844457,btc_qm_engine,btc_sha256_elapsed_ns,1096.0000000000
406538,13297060844596,btc_qm_engine,btc_sha256_nonce,612953184.0000000000
406539,13297060844742,btc_qm_engine,btc_sha256_elapsed_ns,1083.0000000000
406540,13297060845185,btc_qm_engine,btc_sha256_nonce,306742822.0000000000
406541,13297060845400,btc_qm_engine,btc_sha256_nonce,1989921414.0000000000
406542,13297060845474,btc_qm_engine,btc_leading_zeros,0.0000000000
406543,13297060845542,btc_qm_engine,btc_sha256_elapsed_ns,1090.0000000000
406544,13297060845631,btc_qm_engine,btc_leading_zeros,0.0000000000
406545,13297060846129,btc_qm_engine,btc_sha256_nonce,3551843897.0000000000
406546,13297060846306,btc_qm_engine,btc_leading_zeros,0.0000000000
406547,13297060846542,btc_qm_engine,btc_leading_zeros,1.0000000000
406548,13297060846718,btc_qm_engine,btc_sha256_elapsed_ns,1084.0000000000
406549,13297060846810,btc_qm_engine,btc_sha256_elapsed_ns,1110.0000000000
406550,13297060847571,btc_qm_engine,btc_leading_zeros,1.0000000000
406551,13297060848009,btc_qm_engine,btc_sha256_nonce,3316900265.0000000000
406552,13297060848550,btc_qm_engine,btc_sha256_nonce,1668140044.0000000000
406553,13297060848680,btc_qm_engine,btc_leading_zeros,2.0000000000
406554,13297060848757,btc_qm_engine,btc_sha256_elapsed_ns,1046.0000000000
406555,13297060848872,btc_qm_engine,btc_sha256_nonce,2059013783.0000000000
406556,13297060848987,btc_qm_engine,btc_leading_zeros,0.0000000000
406557,13297060849478,btc_qm_engine,btc_sha256_elapsed_ns,1097.0000000000
406558,13297060849566,btc_qm_engine,btc_leading_zeros,0.0000000000
406559,13297060849728,btc_qm_engine,btc_leading_zeros,2.0000000000
406560,13297060849938,btc_qm_engine,btc_sha256_elapsed_ns,1101.0000000000
406561,13297060850227,btc_qm_engine,btc_sha256_elapsed_ns,922.0000000000
406562,13297060850506,btc_qm_engine,btc_sha256_nonce,4004955442.0000000000
406563,13297060850834,btc_qm_engine,btc_sha256_nonce,1708970685.0000000000
406564,13297060851038,btc_qm_engine,btc_leading_zeros,0.0000000000
406565,13297060851513,btc_qm_engine,btc_leading_zeros,0.0000000000
406566,13297060851733,btc_qm_engine,btc_sha256_elapsed_ns,1086.0000000000
406567,13297060852007,btc_qm_engine,btc_sha256_elapsed_ns,1108.0000000000
406568,13297060852442,btc_qm_engine,btc_sha256_nonce,1573632436.0000000000
406569,13297060852650,btc_qm_engine,btc_sha256_nonce,1905405541.0000000000
406570,13297060852730,btc_qm_engine,btc_sha256_elapsed_ns,952.0000000000
406571,13297060852823,btc_qm_engine,btc_sha256_elapsed_ns,995.0000000000
406572,13297060853066,btc_qm_engine,btc_sha256_nonce,996539384.0000000000
406573,13297060853335,btc_qm_engine,btc_leading_zeros,0.0000000000
406574,13297060853905,btc_qm_engine,btc_leading_zeros,4.0000000000
406575,13297060854017,btc_qm_engine,btc_sha256_nonce,4209383599.0000000000
406576,13297060854122,btc_qm_engine,btc_leading_zeros,0.0000000000
406577,13297060854310,btc_qm_engine,btc_sha256_nonce,4107532944.0000000000
406578,13297060854574,btc_qm_engine,btc_leading_zeros,0.0000000000
406579,13297060855016,btc_qm_engine,btc_sha256_elapsed_ns,1002.0000000000
406580,13297060855513,btc_qm_engine,btc_sha256_elapsed_ns,973.0000000000
406581,13297060855656,btc_qm_engine,btc_sha256_elapsed_ns,1129.0000000000
406582,13297060856034,btc_qm_engine,btc_sha256_elapsed_ns,979.0000000000
406583,13297060856874,btc_qm_engine,btc_sha256_nonce,3552585097.0000000000
406584,13297060856954,btc_qm_engine,btc_leading_zeros,1.0000000000
406585,13297060857192,btc_qm_engine,btc_sha256_elapsed_ns,1080.0000000000
406586,13297060857358,btc_qm_engine,btc_sha256_nonce,2232459136.0000000000
406587,13297060857439,btc_qm_engine,btc_leading_zeros,0.0000000000
406588,13297060857540,btc_qm_engine,btc_sha256_elapsed_ns,1105.0000000000
406589,13297060857619,btc_qm_engine,btc_sha256_nonce,2316285031.0000000000
406590,13297060857752,btc_qm_engine,btc_sha256_nonce,1673523087.0000000000
406591,13297060858084,btc_qm_engine,btc_leading_zeros,1.0000000000
406592,13297060858248,btc_qm_engine,btc_leading_zeros,4.0000000000
406593,13297060858322,btc_qm_engine,btc_sha256_elapsed_ns,1106.0000000000
406594,13297060858404,btc_qm_engine,btc_sha256_elapsed_ns,1051.0000000000
406595,13297060858632,btc_qm_engine,btc_sha256_nonce,2458023874.0000000000
406596,13297060858707,btc_qm_engine,btc_leading_zeros,0.0000000000
406597,13297060858758,btc_qm_engine,btc_sha256_elapsed_ns,860.0000000000
406598,13297060859082,btc_qm_engine,btc_sha256_nonce,3970571410.0000000000
406599,13297060859159,btc_qm_engine,btc_leading_zeros,2.0000000000
406600,13297060859229,btc_qm_engine,btc_sha256_elapsed_ns,1103.0000000000
406601,13297060859687,btc_qm_engine,btc_sha256_nonce,2268254903.0000000000
406602,13297060859807,btc_qm_engine,btc_sha256_nonce,1701594463.0000000000
406603,13297060860071,btc_qm_engine,btc_leading_zeros,0.0000000000
406604,13297060860182,btc_qm_engine,btc_sha256_elapsed_ns,1099.0000000000
406605,13297060860363,btc_qm_engine,btc_leading_zeros,0.0000000000
406606,13297060860675,btc_qm_engine,btc_sha256_nonce,2827293924.0000000000
406607,13297060860833,btc_qm_engine,btc_sha256_elapsed_ns,1074.0000000000
406608,13297060860912,btc_qm_engine,btc_sha256_nonce,1172580019.0000000000
406609,13297060861069,btc_qm_engine,btc_leading_zeros,0.0000000000
406610,13297060861144,btc_qm_engine,btc_sha256_elapsed_ns,740.0000000000
406611,13297060861386,btc_qm_engine,btc_leading_zeros,1.0000000000
406612,13297060861462,btc_qm_engine,btc_sha256_elapsed_ns,948.0000000000
406613,13297060861623,btc_qm_engine,btc_sha256_nonce,2606955431.0000000000
406614,13297060861722,btc_qm_engine,btc_leading_zeros,1.0000000000
406615,13297060861773,btc_qm_engine,btc_sha256_elapsed_ns,737.0000000000
406616,13297060862178,btc_qm_engine,btc_sha256_nonce,457099690.0000000000
406617,13297060862263,btc_qm_engine,btc_leading_zeros,0.0000000000
406618,13297060862336,btc_qm_engine,btc_sha256_elapsed_ns,1087.0000000000
406619,13297060862462,btc_qm_engine,btc_sha256_nonce,365046829.0000000000
406620,13297060862552,btc_qm_engine,btc_leading_zeros,3.0000000000
406621,13297060862717,btc_qm_engine,btc_leading_zeros,1.0000000000
406622,13297060862949,btc_qm_engine,btc_sha256_nonce,2207952895.0000000000
406623,13297060863128,btc_qm_engine,btc_sha256_elapsed_ns,1100.0000000000
406624,13297060863293,btc_qm_engine,btc_sha256_elapsed_ns,1091.0000000000
406625,13297060863465,btc_qm_engine,btc_sha256_nonce,997160954.0000000000
406626,13297060863538,btc_qm_engine,btc_leading_zeros,0.0000000000
406627,13297060863634,btc_qm_engine,btc_sha256_elapsed_ns,920.0000000000
406628,13297060863797,btc_qm_engine,btc_leading_zeros,0.0000000000
406629,13297060863994,btc_qm_engine,btc_sha256_nonce,131266042.0000000000
406630,13297060864226,btc_qm_engine,btc_leading_zeros,0.0000000000
406631,13297060864432,btc_qm_engine,btc_leading_zeros,2.0000000000
406632,13297060864885,btc_qm_engine,btc_sha256_nonce,4063024677.0000000000
406633,13297060865051,btc_qm_engine,btc_sha256_elapsed_ns,1055.0000000000
406634,13297060865318,btc_qm_engine,btc_sha256_nonce,2826335825.0000000000
406635,13297060865464,btc_qm_engine,btc_sha256_nonce,3796022128.0000000000
406636,13297060865654,btc_qm_engine,btc_leading_zeros,4.0000000000
406637,13297060865888,btc_qm_engine,btc_sha256_elapsed_ns,1067.0000000000
406638,13297060866099,btc_qm_engine,btc_sha256_elapsed_ns,1034.0000000000
406639,13297060866226,btc_qm_engine,btc_sha256_elapsed_ns,936.0000000000
406640,13297060866482,btc_qm_engine,btc_leading_zeros,4.0000000000
406641,13297060866818,btc_qm_engine,btc_sha256_nonce,3287879692.0000000000
406642,13297060867147,btc_qm_engine,btc_sha256_elapsed_ns,1060.0000000000
406643,13297060867300,btc_qm_engine,btc_sha256_nonce,1402233796.0000000000
406644,13297060867375,btc_qm_engine,btc_leading_zeros,0.0000000000
406645,13297060867451,btc_qm_engine,btc_sha256_elapsed_ns,955.0000000000
406646,13297060867652,btc_qm_engine,btc_sha256_nonce,99123851.0000000000
406647,13297060868024,btc_qm_engine,btc_sha256_nonce,1962697473.0000000000
406648,13297060868639,btc_qm_engine,btc_leading_zeros,9.0000000000
406649,13297060868717,btc_qm_engine,btc_sha256_elapsed_ns,897.0000000000
406650,13297060869045,btc_qm_engine,btc_sha256_nonce,2827324229.0000000000
406651,13297060869134,btc_qm_engine,btc_leading_zeros,1.0000000000
406652,13297060869473,btc_qm_engine,btc_sha256_elapsed_ns,1071.0000000000
406653,13297060869861,btc_qm_engine,btc_sha256_nonce,622948535.0000000000
406654,13297060870100,btc_qm_engine,btc_sha256_nonce,3189952106.0000000000
406655,13297060870276,btc_qm_engine,btc_leading_zeros,0.0000000000
406656,13297060870416,btc_qm_engine,btc_sha256_nonce,2423408797.0000000000
406657,13297060870829,btc_qm_engine,btc_leading_zeros,0.0000000000
406658,13297060871050,btc_qm_engine,btc_sha256_elapsed_ns,1115.0000000000
406659,13297060871270,btc_qm_engine,btc_sha256_elapsed_ns,1094.0000000000
406660,13297060871406,btc_qm_engine,btc_sha256_nonce,3196916681.0000000000
406661,13297060871910,btc_qm_engine,btc_leading_zeros,1.0000000000
406662,13297060872102,btc_qm_engine,btc_leading_zeros,0.0000000000
406663,13297060872333,btc_qm_engine,btc_sha256_nonce,3991323113.0000000000
406664,13297060872404,btc_qm_engine,btc_leading_zeros,1.0000000000
406665,13297060872518,btc_qm_engine,btc_sha256_nonce,1141935730.0000000000
406666,13297060872694,btc_qm_engine,btc_sha256_elapsed_ns,1082.0000000000
406667,13297060872913,btc_qm_engine,btc_sha256_elapsed_ns,938.0000000000
406668,13297060873075,btc_qm_engine,btc_leading_zeros,1.0000000000
406669,13297060873149,btc_qm_engine,btc_sha256_elapsed_ns,986.0000000000
406670,13297060873390,btc_qm_engine,btc_sha256_nonce,3393934420.0000000000
406671,13297060873792,btc_qm_engine,btc_sha256_elapsed_ns,811.0000000000
406672,13297060874149,btc_qm_engine,btc_sha256_nonce,2983939150.0000000000
406673,13297060874218,btc_qm_engine,btc_leading_zeros,0.0000000000
406674,13297060874393,btc_qm_engine,btc_sha256_nonce,2951158409.0000000000
406675,13297060874900,btc_qm_engine,btc_sha256_nonce,1251638850.0000000000
406676,13297060874969,btc_qm_engine,btc_leading_zeros,1.0000000000
406677,13297060875029,btc_qm_engine,btc_sha256_elapsed_ns,1000.0000000000
406678,13297060875526,btc_qm_engine,btc_sha256_nonce,997540161.0000000000
406679,13297060875601,btc_qm_engine,btc_leading_zeros,2.0000000000
406680,13297060875669,btc_qm_engine,btc_sha256_elapsed_ns,852.0000000000
406681,13297060876058,btc_qm_engine,btc_leading_zeros,0.0000000000
406682,13297060876310,btc_qm_engine,btc_sha256_elapsed_ns,1075.0000000000
406683,13297060876616,btc_qm_engine,btc_sha256_nonce,2116170248.0000000000
406684,13297060876690,btc_qm_engine,btc_leading_zeros,1.0000000000
406685,13297060876764,btc_qm_engine,btc_sha256_elapsed_ns,734.0000000000
406686,13297060876941,btc_qm_engine,btc_leading_zeros,0.0000000000
406687,13297060877197,btc_qm_engine,btc_leading_zeros,1.0000000000
406688,13297060877283,btc_qm_engine,btc_sha256_elapsed_ns,871.0000000000
406689,13297060877396,btc_qm_engine,btc_sha256_nonce,3086472089.0000000000
406690,13297060877603,btc_qm_engine,btc_leading_zeros,2.0000000000
406691,13297060877976,btc_qm_engine,btc_sha256_elapsed_ns,1063.0000000000
406692,13297060878134,btc_qm_engine,btc_sha256_elapsed_ns,837.0000000000
406693,13297060878539,btc_qm_engine,btc_sha256_nonce,2826326153.0000000000
406694,13297060878679,btc_qm_engine,btc_sha256_nonce,2254937226.0000000000
406695,13297060878757,btc_qm_engine,btc_leading_zeros,2.0000000000
406696,13297060878830,btc_qm_engine,btc_sha256_elapsed_ns,965.0000000000
406697,13297060879021,btc_qm_engine,btc_leading_zeros,0.0000000000
406698,13297060879352,btc_qm_engine,btc_sha256_nonce,3153787012.0000000000
406699,13297060879619,btc_qm_engine,btc_sha256_nonce,3103549854.0000000000
406700,13297060879844,btc_qm_engine,btc_leading_zeros,1.0000000000
406701,13297060880036,btc_qm_engine,btc_sha256_nonce,3021898067.0000000000
406702,13297060880157,btc_qm_engine,btc_sha256_nonce,613824214.0000000000
406703,13297060880222,btc_qm_engine,btc_leading_zeros,2.0000000000
406704,13297060880302,btc_qm_engine,btc_sha256_elapsed_ns,1053.0000000000
406705,13297060880430,btc_qm_engine,btc_leading_zeros,0.0000000000
406706,13297060880567,btc_qm_engine,btc_leading_zeros,0.0000000000
406707,13297060880775,btc_qm_engine,btc_sha256_elapsed_ns,1099.0000000000
406708,13297060881022,btc_qm_engine,btc_leading_zeros,1.0000000000
406709,13297060881495,btc_qm_engine,btc_sha256_elapsed_ns,1070.0000000000
406710,13297060881682,btc_qm_engine,btc_sha256_elapsed_ns,1061.0000000000
406711,13297060881795,btc_qm_engine,btc_sha256_nonce,613728257.0000000000
406712,13297060882131,btc_qm_engine,btc_sha256_nonce,4209436785.0000000000
406713,13297060882225,btc_qm_engine,btc_leading_zeros,0.0000000000
406714,13297060882295,btc_qm_engine,btc_sha256_elapsed_ns,1031.0000000000
406715,13297060882478,btc_qm_engine,btc_sha256_elapsed_ns,1068.0000000000
406716,13297060882784,btc_qm_engine,btc_sha256_nonce,2596890218.0000000000
406717,13297060882855,btc_qm_engine,btc_leading_zeros,0.0000000000
406718,13297060882907,btc_qm_engine,btc_sha256_elapsed_ns,828.0000000000
406719,13297060883078,btc_qm_engine,btc_sha256_nonce,2597214688.0000000000
406720,13297060883159,btc_qm_engine,btc_leading_zeros,4.0000000000
406721,13297060883228,btc_qm_engine,btc_sha256_elapsed_ns,1045.0000000000
406722,13297060883638,btc_qm_engine,btc_sha256_nonce,3296399017.0000000000
406723,13297060883713,btc_qm_engine,btc_leading_zeros,0.0000000000
406724,13297060883788,btc_qm_engine,btc_sha256_elapsed_ns,1100.0000000000
406725,13297060883968,btc_qm_engine,btc_sha256_nonce,609038330.0000000000
406726,13297060884133,btc_qm_engine,btc_sha256_nonce,1212777069.0000000000
406727,13297060884213,btc_qm_engine,btc_leading_zeros,0.0000000000
406728,13297060884587,btc_qm_engine,btc_sha256_nonce,4084950761.0000000000
406729,13297060884703,btc_qm_engine,btc_leading_zeros,1.0000000000
406730,13297060884853,btc_qm_engine,btc_sha256_elapsed_ns,1081.0000000000
406731,13297060885023,btc_qm_engine,btc_sha256_elapsed_ns,1006.0000000000
406732,13297060885227,btc_qm_engine,btc_sha256_nonce,4210100919.0000000000
406733,13297060885975,btc_qm_engine,btc_sha256_nonce,171887677.0000000000
406734,13297060886308,btc_qm_engine,btc_leading_zeros,3.0000000000
406735,13297060886362,btc_qm_engine,btc_sha256_elapsed_ns,894.0000000000
406736,13297060886876,btc_qm_engine,btc_sha256_elapsed_ns,945.0000000000
406737,13297060887301,btc_qm_engine,btc_sha256_elapsed_ns,1111.0000000000
406738,13297060887447,btc_qm_engine,btc_leading_zeros,0.0000000000
406739,13297060887805,btc_qm_engine,btc_sha256_elapsed_ns,959.0000000000
406740,13297060888342,btc_qm_engine,btc_sha256_nonce,997265771.0000000000
406741,13297060888523,btc_qm_engine,btc_leading_zeros,0.0000000000
406742,13297060888780,btc_qm_engine,btc_leading_zeros,1.0000000000
406743,13297060888862,btc_qm_engine,btc_sha256_elapsed_ns,1028.0000000000
406744,13297060888998,btc_qm_engine,btc_sha256_nonce,98969680.0000000000
406745,13297060889073,btc_qm_engine,btc_leading_zeros,0.0000000000
406746,13297060889326,btc_qm_engine,btc_sha256_nonce,3413011694.0000000000
406747,13297060889466,btc_qm_engine,btc_leading_zeros,1.0000000000
406748,13297060889517,btc_qm_engine,btc_sha256_elapsed_ns,906.0000000000
406749,13297060889649,btc_qm_engine,btc_leading_zeros,0.0000000000
406750,13297060889733,btc_qm_engine,btc_sha256_nonce,349922925.0000000000
406751,13297060889917,btc_qm_engine,btc_sha256_elapsed_ns,1080.0000000000
406752,13297060890052,btc_qm_engine,btc_sha256_elapsed_ns,1101.0000000000
406753,13297060890240,btc_qm_engine,btc_leading_zeros,0.0000000000
406754,13297060890599,btc_qm_engine,btc_sha256_elapsed_ns,1053.0000000000
406755,13297060890758,btc_qm_engine,btc_sha256_nonce,276114342.0000000000
406756,13297060891098,btc_qm_engine,btc_sha256_nonce,3847467376.0000000000
406757,13297060891632,btc_qm_engine,btc_sha256_elapsed_ns,1039.0000000000
406758,13297060891754,btc_qm_engine,btc_leading_zeros,1.0000000000
406759,13297060891854,btc_qm_engine,btc_sha256_nonce,3434047200.0000000000
406760,13297060892163,btc_qm_engine,btc_sha256_nonce,928952822.0000000000
406761,13297060892367,btc_qm_engine,btc_leading_zeros,0.0000000000
406762,13297060892442,btc_qm_engine,btc_sha256_elapsed_ns,1011.0000000000
406763,13297060892590,btc_qm_engine,btc_sha256_elapsed_ns,1008.0000000000
406764,13297060892702,btc_qm_engine,btc_leading_zeros,2.0000000000
406765,13297060893420,btc_qm_engine,btc_sha256_nonce,4210130334.0000000000
406766,13297060893473,btc_qm_engine,btc_leading_zeros,1.0000000000
406767,13297060893802,btc_qm_engine,btc_sha256_elapsed_ns,913.0000000000
406768,13297060894070,btc_qm_engine,btc_leading_zeros,0.0000000000
406769,13297060894590,btc_qm_engine,btc_sha256_nonce,4033791969.0000000000
406770,13297060894763,btc_qm_engine,btc_sha256_nonce,3990948248.0000000000
406771,13297060894909,btc_qm_engine,btc_sha256_elapsed_ns,1044.0000000000
406772,13297060895137,btc_qm_engine,btc_sha256_nonce,2604827082.0000000000
406773,13297060895396,btc_qm_engine,btc_sha256_elapsed_ns,745.0000000000
406774,13297060895486,btc_qm_engine,btc_leading_zeros,1.0000000000
406775,13297060895804,btc_qm_engine,btc_leading_zeros,2.0000000000
406776,13297060895906,btc_qm_engine,btc_leading_zeros,0.0000000000
406777,13297060896142,btc_qm_engine,btc_sha256_elapsed_ns,1106.0000000000
406778,13297060896348,btc_qm_engine,btc_sha256_elapsed_ns,1016.0000000000
406779,13297060896447,btc_qm_engine,btc_sha256_elapsed_ns,737.0000000000
406780,13297060896620,btc_qm_engine,btc_sha256_nonce,3650580486.0000000000
406781,13297060896704,btc_qm_engine,btc_leading_zeros,0.0000000000
406782,13297060896777,btc_qm_engine,btc_sha256_elapsed_ns,1034.0000000000
406783,13297060897522,btc_qm_engine,btc_sha256_nonce,2586293802.0000000000
406784,13297060897623,btc_qm_engine,btc_leading_zeros,3.0000000000
406785,13297060897984,btc_qm_engine,btc_sha256_elapsed_ns,1105.0000000000
406786,13297060898099,btc_qm_engine,btc_sha256_nonce,2679051280.0000000000
406787,13297060898552,btc_qm_engine,btc_sha256_nonce,2827528116.0000000000
406788,13297060898758,btc_qm_engine,btc_leading_zeros,10.0000000000
406789,13297060898838,btc_qm_engine,btc_sha256_elapsed_ns,1099.0000000000
406790,13297060899190,btc_qm_engine,btc_sha256_nonce,1594915446.0000000000
406791,13297060899456,btc_qm_engine,btc_sha256_nonce,2866703393.0000000000
406792,13297060899534,btc_qm_engine,btc_leading_zeros,0.0000000000
406793,13297060899603,btc_qm_engine,btc_sha256_elapsed_ns,897.0000000000
406794,13297060899763,btc_qm_engine,btc_sha256_nonce,2333470680.0000000000
406795,13297060899897,btc_qm_engine,btc_leading_zeros,0.0000000000
406796,13297060899965,btc_qm_engine,btc_sha256_elapsed_ns,1026.0000000000
406797,13297060900266,btc_qm_engine,btc_leading_zeros,0.0000000000
406798,13297060900344,btc_qm_engine,btc_sha256_elapsed_ns,1095.0000000000
406799,13297060900555,btc_qm_engine,btc_sha256_nonce,997037626.0000000000
406800,13297060900639,btc_qm_engine,btc_leading_zeros,0.0000000000
406801,13297060901102,btc_qm_engine,btc_sha256_elapsed_ns,732.0000000000
406802,13297060901184,btc_qm_engine,btc_sha256_nonce,2931855012.0000000000
406803,13297060901558,btc_qm_engine,btc_sha256_nonce,1459516300.0000000000
406804,13297060901717,btc_qm_engine,btc_sha256_nonce,1102989731.0000000000
406805,13297060901797,btc_qm_engine,btc_leading_zeros,0.0000000000
406806,13297060901878,btc_qm_engine,btc_sha256_elapsed_ns,1030.0000000000
406807,13297060901988,btc_qm_engine,btc_leading_zeros,1.0000000000
406808,13297060902427,btc_qm_engine,btc_sha256_elapsed_ns,833.0000000000
406809,13297060902564,btc_qm_engine,btc_sha256_nonce,3720955191.0000000000
406810,13297060902710,btc_qm_engine,btc_sha256_nonce,278544084.0000000000
406811,13297060902789,btc_qm_engine,btc_leading_zeros,1.0000000000
406812,13297060903124,btc_qm_engine,btc_sha256_nonce,3504125835.0000000000
406813,13297060903219,btc_qm_engine,btc_leading_zeros,0.0000000000
406814,13297060903296,btc_qm_engine,btc_sha256_elapsed_ns,1008.0000000000
406815,13297060903546,btc_qm_engine,btc_leading_zeros,0.0000000000
406816,13297060903684,btc_qm_engine,btc_sha256_nonce,4231153523.0000000000
406817,13297060903892,btc_qm_engine,btc_sha256_elapsed_ns,827.0000000000
406818,13297060904144,btc_qm_engine,btc_leading_zeros,2.0000000000
406819,13297060904289,btc_qm_engine,btc_sha256_elapsed_ns,971.0000000000
406820,13297060904369,btc_qm_engine,btc_sha256_elapsed_ns,1069.0000000000
406821,13297060905150,btc_qm_engine,btc_sha256_nonce,3325810236.0000000000
406822,13297060905377,btc_qm_engine,btc_leading_zeros,0.0000000000
406823,13297060905560,btc_qm_engine,btc_leading_zeros,1.0000000000
406824,13297060905711,btc_qm_engine,btc_sha256_nonce,3194195350.0000000000
406825,13297060905784,btc_qm_engine,btc_leading_zeros,1.0000000000
406826,13297060905856,btc_qm_engine,btc_sha256_elapsed_ns,1111.0000000000
406827,13297060905978,btc_qm_engine,btc_sha256_nonce,176531202.0000000000
406828,13297060906092,btc_qm_engine,btc_leading_zeros,0.0000000000
406829,13297060906238,btc_qm_engine,btc_sha256_elapsed_ns,1078.0000000000
406830,13297060906625,btc_qm_engine,btc_sha256_elapsed_ns,745.0000000000
406831,13297060907021,btc_qm_engine,btc_sha256_nonce,2875354947.0000000000
406832,13297060907185,btc_qm_engine,btc_sha256_nonce,1538794899.0000000000
406833,13297060907266,btc_qm_engine,btc_leading_zeros,2.0000000000
406834,13297060907333,btc_qm_engine,btc_sha256_elapsed_ns,1064.0000000000
406835,13297060907513,btc_qm_engine,btc_leading_zeros,0.0000000000
406836,13297060907864,btc_qm_engine,btc_sha256_elapsed_ns,1039.0000000000
406837,13297060908104,btc_qm_engine,btc_sha256_nonce,2978649203.0000000000
406838,13297060908179,btc_qm_engine,btc_leading_zeros,1.0000000000
406839,13297060908256,btc_qm_engine,btc_sha256_elapsed_ns,996.0000000000
406840,13297060908427,btc_qm_engine,btc_sha256_elapsed_ns,1104.0000000000
406841,13297060908630,btc_qm_engine,btc_sha256_nonce,2329681850.0000000000
406842,13297060908706,btc_qm_engine,btc_leading_zeros,1.0000000000
406843,13297060908789,btc_qm_engine,btc_sha256_elapsed_ns,986.0000000000
406844,13297060908874,btc_qm_engine,btc_leading_zeros,0.0000000000
406845,13297060909629,btc_qm_engine,btc_sha256_nonce,3439957547.0000000000
406846,13297060909969,btc_qm_engine,btc_leading_zeros,0.0000000000
406847,13297060910076,btc_qm_engine,btc_sha256_nonce,997442975.0000000000
406848,13297060910157,btc_qm_engine,btc_leading_zeros,0.0000000000
406849,13297060910412,btc_qm_engine,btc_sha256_nonce,3347102665.0000000000
406850,13297060910770,btc_qm_engine,btc_sha256_elapsed_ns,1150.0000000000
406851,13297060910944,btc_qm_engine,btc_leading_zeros,0.0000000000
406852,13297060911322,btc_qm_engine,btc_sha256_nonce,2855473824.0000000000
406853,13297060911567,btc_qm_engine,btc_sha256_elapsed_ns,993.0000000000
406854,13297060911664,btc_qm_engine,btc_leading_zeros,1.0000000000
406855,13297060912128,btc_qm_engine,btc_sha256_elapsed_ns,1082.0000000000
406856,13297060912356,btc_qm_engine,btc_sha256_elapsed_ns,1047.0000000000
406857,13297060912610,btc_qm_engine,btc_sha256_nonce,176489688.0000000000
406858,13297060912915,btc_qm_engine,btc_sha256_nonce,2899351732.0000000000
406859,13297060913237,btc_qm_engine,btc_leading_zeros,0.0000000000
406860,13297060913384,btc_qm_engine,btc_leading_zeros,0.0000000000
406861,13297060913460,btc_qm_engine,btc_sha256_elapsed_ns,1033.0000000000
406862,13297060913594,btc_qm_engine,btc_sha256_elapsed_ns,870.0000000000
406863,13297060913914,btc_qm_engine,btc_sha256_nonce,4284407727.0000000000
406864,13297060914162,btc_qm_engine,btc_leading_zeros,0.0000000000
406865,13297060914535,btc_qm_engine,btc_sha256_nonce,154878413.0000000000
406866,13297060914663,btc_qm_engine,btc_leading_zeros,2.0000000000
406867,13297060914820,btc_qm_engine,btc_sha256_nonce,3201432800.0000000000
406868,13297060915204,btc_qm_engine,btc_leading_zeros,3.0000000000
406869,13297060915276,btc_qm_engine,btc_sha256_elapsed_ns,1072.0000000000
406870,13297060915384,btc_qm_engine,btc_sha256_nonce,1500869356.0000000000
406871,13297060915496,btc_qm_engine,btc_leading_zeros,4.0000000000
406872,13297060915759,btc_qm_engine,btc_leading_zeros,0.0000000000
406873,13297060915934,btc_qm_engine,btc_sha256_elapsed_ns,938.0000000000
406874,13297060916402,btc_qm_engine,btc_sha256_elapsed_ns,1129.0000000000
406875,13297060916509,btc_qm_engine,btc_sha256_nonce,2423406092.0000000000
406876,13297060916860,btc_qm_engine,btc_leading_zeros,9.0000000000
406877,13297060916931,btc_qm_engine,btc_sha256_elapsed_ns,970.0000000000
406878,13297060917207,btc_qm_engine,btc_sha256_elapsed_ns,1042.0000000000
406879,13297060917936,btc_qm_engine,btc_sha256_nonce,683768727.0000000000
406880,13297060918386,btc_qm_engine,btc_leading_zeros,4.0000000000
406881,13297060918545,btc_qm_engine,btc_sha256_nonce,543994715.0000000000
406882,13297060918693,btc_qm_engine,btc_sha256_nonce,3022014517.0000000000
406883,13297060918982,btc_qm_engine,btc_sha256_elapsed_ns,1058.0000000000
406884,13297060919346,btc_qm_engine,btc_sha256_nonce,98786639.0000000000
406885,13297060919422,btc_qm_engine,btc_leading_zeros,0.0000000000
406886,13297060919496,btc_qm_engine,btc_sha256_elapsed_ns,1093.0000000000
406887,13297060920010,btc_qm_engine,btc_sha256_nonce,2664734101.0000000000
406888,13297060920427,btc_qm_engine,btc_leading_zeros,0.0000000000
406889,13297060920497,btc_qm_engine,btc_sha256_elapsed_ns,1047.0000000000
406890,13297060920638,btc_qm_engine,btc_leading_zeros,4.0000000000
406891,13297060920769,btc_qm_engine,btc_sha256_elapsed_ns,912.0000000000
406892,13297060921056,btc_qm_engine,btc_sha256_nonce,1930774922.0000000000
406893,13297060921231,btc_qm_engine,btc_leading_zeros,0.0000000000
406894,13297060921785,btc_qm_engine,btc_sha256_nonce,1216744333.0000000000
406895,13297060922140,btc_qm_engine,btc_sha256_nonce,798777348.0000000000
406896,13297060922342,btc_qm_engine,btc_leading_zeros,1.0000000000
406897,13297060922476,btc_qm_engine,btc_sha256_elapsed_ns,1014.0000000000
406898,13297060922619,btc_qm_engine,btc_sha256_elapsed_ns,1103.0000000000
406899,13297060923078,btc_qm_engine,btc_sha256_elapsed_ns,998.0000000000
406900,13297060923467,btc_qm_engine,btc_sha256_elapsed_ns,1111.0000000000
406901,13297060923772,btc_qm_engine,btc_sha256_nonce,2908918483.0000000000
406902,13297060923887,btc_qm_engine,btc_leading_zeros,4.0000000000
406903,13297060923947,btc_qm_engine,btc_sha256_elapsed_ns,1026.0000000000
406904,13297060924193,btc_qm_engine,btc_sha256_nonce,2435773916.0000000000
406905,13297060924266,btc_qm_engine,btc_leading_zeros,4.0000000000
406906,13297060924334,btc_qm_engine,btc_sha256_elapsed_ns,999.0000000000
406907,13297060924510,btc_qm_engine,btc_leading_zeros,0.0000000000
406908,13297060924755,btc_qm_engine,btc_leading_zeros,3.0000000000
406909,13297060924831,btc_qm_engine,btc_sha256_elapsed_ns,1093.0000000000
406910,13297060924937,btc_qm_engine,btc_sha256_nonce,1957619727.0000000000
406911,13297060925079,btc_qm_engine,btc_sha256_elapsed_ns,1079.0000000000
406912,13297060925357,btc_qm_engine,btc_leading_zeros,1.0000000000
406913,13297060925565,btc_qm_engine,btc_sha256_nonce,3830045616.0000000000
406914,13297060925788,btc_qm_engine,btc_sha256_nonce,138000969.0000000000
406915,13297060925947,btc_qm_engine,btc_sha256_elapsed_ns,830.0000000000
406916,13297060926134,btc_qm_engine,btc_leading_zeros,0.0000000000
406917,13297060926280,btc_qm_engine,btc_sha256_nonce,1202728281.0000000000
406918,13297060926779,btc_qm_engine,btc_leading_zeros,0.0000000000
406919,13297060927363,btc_qm_engine,btc_sha256_elapsed_ns,1066.0000000000
406920,13297060927556,btc_qm_engine,btc_sha256_elapsed_ns,1003.0000000000
406921,13297060927985,btc_qm_engine,btc_sha256_nonce,98860843.0000000000
406922,13297060928336,btc_qm_engine,btc_sha256_nonce,3437030603.0000000000
406923,13297060928409,btc_qm_engine,btc_leading_zeros,1.0000000000
406924,13297060928537,btc_qm_engine,btc_sha256_elapsed_ns,740.0000000000
406925,13297060928967,btc_qm_engine,btc_leading_zeros,1.0000000000
406926,13297060929162,btc_qm_engine,btc_sha256_nonce,1704024719.0000000000
406927,13297060929245,btc_qm_engine,btc_leading_zeros,4.0000000000
406928,13297060929451,btc_qm_engine,btc_sha256_elapsed_ns,1080.0000000000
406929,13297060929952,btc_qm_engine,btc_sha256_nonce,3727045981.0000000000
406930,13297060930518,btc_qm_engine,btc_sha256_nonce,3555823479.0000000000
406931,13297060930906,btc_qm_engine,btc_sha256_elapsed_ns,1090.0000000000
406932,13297060931302,btc_qm_engine,btc_leading_zeros,1.0000000000
406933,13297060931375,btc_qm_engine,btc_sha256_elapsed_ns,990.0000000000
406934,13297060931525,btc_qm_engine,btc_sha256_nonce,996975328.0000000000
406935,13297060932014,btc_qm_engine,btc_leading_zeros,0.0000000000
406936,13297060932079,btc_qm_engine,btc_sha256_elapsed_ns,997.0000000000
406937,13297060932574,btc_qm_engine,btc_sha256_nonce,3119817196.0000000000
406938,13297060932649,btc_qm_engine,btc_leading_zeros,0.0000000000
406939,13297060933013,btc_qm_engine,btc_leading_zeros,0.0000000000
406940,13297060933228,btc_qm_engine,btc_sha256_nonce,2423988263.0000000000
406941,13297060933440,btc_qm_engine,btc_sha256_nonce,612919750.0000000000
406942,13297060933655,btc_qm_engine,btc_sha256_nonce,1805244173.0000000000
406943,13297060934025,btc_qm_engine,btc_sha256_elapsed_ns,976.0000000000
406944,13297060934210,btc_qm_engine,btc_leading_zeros,1.0000000000
406945,13297060934283,btc_qm_engine,btc_sha256_elapsed_ns,1091.0000000000
406946,13297060934413,btc_qm_engine,btc_sha256_elapsed_ns,1083.0000000000
406947,13297060934564,btc_qm_engine,btc_leading_zeros,1.0000000000
406948,13297060934718,btc_qm_engine,btc_leading_zeros,1.0000000000
406949,13297060934949,btc_qm_engine,btc_sha256_elapsed_ns,1106.0000000000
406950,13297060935077,btc_qm_engine,btc_sha256_elapsed_ns,1106.0000000000
406951,13297060935528,btc_qm_engine,btc_sha256_nonce,3320821107.0000000000
406952,13297060936049,btc_qm_engine,btc_sha256_nonce,3758209525.0000000000
406953,13297060936325,btc_qm_engine,btc_sha256_nonce,626861612.0000000000
406954,13297060936634,btc_qm_engine,btc_leading_zeros,1.0000000000
406955,13297060937283,btc_qm_engine,btc_sha256_nonce,745332292.0000000000
406956,13297060937536,btc_qm_engine,btc_sha256_nonce,3022341969.0000000000
406957,13297060937606,btc_qm_engine,btc_leading_zeros,0.0000000000
406958,13297060937660,btc_qm_engine,btc_sha256_elapsed_ns,890.0000000000
406959,13297060937831,btc_qm_engine,btc_leading_zeros,1.0000000000
406960,13297060937911,btc_qm_engine,btc_sha256_elapsed_ns,965.0000000000
406961,13297060938598,btc_qm_engine,btc_sha256_nonce,1376092859.0000000000
406962,13297060938671,btc_qm_engine,btc_leading_zeros,0.0000000000
406963,13297060938726,btc_qm_engine,btc_sha256_elapsed_ns,732.0000000000
406964,13297060938909,btc_qm_engine,btc_sha256_nonce,4205436629.0000000000
406965,13297060938966,btc_qm_engine,btc_leading_zeros,3.0000000000
406966,13297060939057,btc_qm_engine,btc_sha256_elapsed_ns,762.0000000000
406967,13297060939249,btc_qm_engine,btc_leading_zeros,3.0000000000
406968,13297060939325,btc_qm_engine,btc_sha256_elapsed_ns,1046.0000000000
406969,13297060939800,btc_qm_engine,btc_leading_zeros,1.0000000000
406970,13297060939969,btc_qm_engine,btc_sha256_elapsed_ns,756.0000000000
406971,13297060940418,btc_qm_engine,btc_sha256_nonce,2678313240.0000000000
406972,13297060940498,btc_qm_engine,btc_leading_zeros,2.0000000000
406973,13297060940570,btc_qm_engine,btc_sha256_elapsed_ns,1110.0000000000
406974,13297060940645,btc_qm_engine,btc_sha256_nonce,3513710670.0000000000
406975,13297060941067,btc_qm_engine,btc_leading_zeros,0.0000000000
406976,13297060941140,btc_qm_engine,btc_sha256_elapsed_ns,1083.0000000000
406977,13297060941623,btc_qm_engine,btc_sha256_nonce,183004297.0000000000
406978,13297060941711,btc_qm_engine,btc_leading_zeros,0.0000000000
406979,13297060941786,btc_qm_engine,btc_sha256_elapsed_ns,1037.0000000000
406980,13297060941961,btc_qm_engine,btc_sha256_nonce,352895387.0000000000
406981,13297060942488,btc_qm_engine,btc_sha256_nonce,663860818.0000000000
406982,13297060942555,btc_qm_engine,btc_leading_zeros,0.0000000000
406983,13297060943060,btc_qm_engine,btc_sha256_nonce,2762481928.0000000000
406984,13297060943366,btc_qm_engine,btc_sha256_nonce,3031103597.0000000000
406985,13297060943791,btc_qm_engine,btc_sha256_elapsed_ns,1044.0000000000
406986,13297060944513,btc_qm_engine,btc_sha256_elapsed_ns,1123.0000000000
406987,13297060944867,btc_qm_engine,btc_sha256_nonce,1371313516.0000000000
406988,13297060945148,btc_qm_engine,btc_leading_zeros,1.0000000000
406989,13297060945201,btc_qm_engine,btc_sha256_elapsed_ns,980.0000000000
406990,13297060945783,btc_qm_engine,btc_leading_zeros,0.0000000000
406991,13297060945899,btc_qm_engine,btc_sha256_elapsed_ns,1126.0000000000
406992,13297060946172,btc_qm_engine,btc_sha256_nonce,4039774376.0000000000
406993,13297060946447,btc_qm_engine,btc_leading_zeros,0.0000000000
406994,13297060946600,btc_qm_engine,btc_sha256_elapsed_ns,1050.0000000000
406995,13297060946839,btc_qm_engine,btc_sha256_nonce,2849784693.0000000000
406996,13297060947275,btc_qm_engine,btc_sha256_nonce,99381778.0000000000
406997,13297060947466,btc_qm_engine,btc_leading_zeros,1.0000000000
406998,13297060947740,btc_qm_engine,btc_sha256_nonce,3766195632.0000000000
406999,13297060947808,btc_qm_engine,btc_leading_zeros,0.0000000000
407000,13297060947871,btc_qm_engine,btc_sha256_elapsed_ns,796.0000000000
407001,13297060947963,btc_qm_engine,btc_leading_zeros,0.0000000000
407002,13297060948451,btc_qm_engine,btc_sha256_elapsed_ns,1041.0000000000
407003,13297060948595,btc_qm_engine,btc_sha256_elapsed_ns,1080.0000000000
407004,13297060948800,btc_qm_engine,btc_sha256_nonce,470512710.0000000000
407005,13297060948869,btc_qm_engine,btc_leading_zeros,0.0000000000
407006,13297060948940,btc_qm_engine,btc_sha256_elapsed_ns,740.0000000000
407007,13297060949204,btc_qm_engine,btc_leading_zeros,0.0000000000
407008,13297060949808,btc_qm_engine,btc_leading_zeros,0.0000000000
407009,13297060949974,btc_qm_engine,btc_leading_zeros,0.0000000000
407010,13297060950152,btc_qm_engine,btc_sha256_nonce,4077741438.0000000000
407011,13297060950432,btc_qm_engine,btc_sha256_nonce,3644540022.0000000000
407012,13297060950664,btc_qm_engine,btc_sha256_elapsed_ns,1149.0000000000
407013,13297060950932,btc_qm_engine,btc_sha256_elapsed_ns,1070.0000000000
407014,13297060951527,btc_qm_engine,btc_sha256_elapsed_ns,762.0000000000
407015,13297060951712,btc_qm_engine,btc_sha256_nonce,823799227.0000000000
407016,13297060952514,btc_qm_engine,btc_leading_zeros,0.0000000000
407017,13297060952568,btc_qm_engine,btc_sha256_elapsed_ns,994.0000000000
407018,13297060953241,btc_qm_engine,btc_sha256_nonce,395742320.0000000000
407019,13297060953624,btc_qm_engine,btc_leading_zeros,2.0000000000
407020,13297060953736,btc_qm_engine,btc_sha256_nonce,2139477774.0000000000
407021,13297060954294,btc_qm_engine,btc_sha256_elapsed_ns,810.0000000000
407022,13297060954469,btc_qm_engine,btc_leading_zeros,1.0000000000
407023,13297060954802,btc_qm_engine,btc_sha256_elapsed_ns,906.0000000000
407024,13297060955316,btc_qm_engine,btc_sha256_nonce,1224271037.0000000000
407025,13297060955514,btc_qm_engine,btc_sha256_nonce,388464020.0000000000
407026,13297060955597,btc_qm_engine,btc_leading_zeros,0.0000000000
407027,13297060955675,btc_qm_engine,btc_sha256_elapsed_ns,1090.0000000000
407028,13297060955787,btc_qm_engine,btc_leading_zeros,0.0000000000
407029,13297060955858,btc_qm_engine,btc_sha256_elapsed_ns,954.0000000000
407030,13297060956386,btc_qm_engine,btc_sha256_nonce,2422874234.0000000000
407031,13297060956464,btc_qm_engine,btc_leading_zeros,1.0000000000
407032,13297060956535,btc_qm_engine,btc_sha256_elapsed_ns,991.0000000000
407033,13297060956774,btc_qm_engine,btc_sha256_nonce,2266748931.0000000000
407034,13297060957149,btc_qm_engine,btc_leading_zeros,1.0000000000
407035,13297060957374,btc_qm_engine,btc_sha256_nonce,3429296692.0000000000
407036,13297060957457,btc_qm_engine,btc_leading_zeros,4.0000000000
407037,13297060957662,btc_qm_engine,btc_sha256_elapsed_ns,1098.0000000000
407038,13297060957780,btc_qm_engine,btc_sha256_nonce,1257431200.0000000000
407039,13297060957978,btc_qm_engine,btc_leading_zeros,1.0000000000
407040,13297060958241,btc_qm_engine,btc_sha256_elapsed_ns,876.0000000000
407041,13297060958497,btc_qm_engine,btc_sha256_nonce,4078685640.0000000000
407042,13297060958754,btc_qm_engine,btc_leading_zeros,1.0000000000
407043,13297060958826,btc_qm_engine,btc_sha256_elapsed_ns,1040.0000000000
407044,13297060959041,btc_qm_engine,btc_sha256_nonce,2827319071.0000000000
407045,13297060959153,btc_qm_engine,btc_sha256_elapsed_ns,1067.0000000000
407046,13297060959401,btc_qm_engine,btc_leading_zeros,0.0000000000
407047,13297060959723,btc_qm_engine,btc_sha256_nonce,4208998573.0000000000
407048,13297060960028,btc_qm_engine,btc_leading_zeros,1.0000000000
407049,13297060960348,btc_qm_engine,btc_leading_zeros,1.0000000000
407050,13297060960420,btc_qm_engine,btc_sha256_elapsed_ns,894.0000000000
407051,13297060960522,btc_qm_engine,btc_sha256_nonce,3610293.0000000000
407052,13297060960684,btc_qm_engine,btc_sha256_elapsed_ns,1081.0000000000
407053,13297060960839,btc_qm_engine,btc_sha256_nonce,496936224.0000000000
407054,13297060961326,btc_qm_engine,btc_leading_zeros,1.0000000000
407055,13297060961775,btc_qm_engine,btc_sha256_elapsed_ns,1048.0000000000
407056,13297060962031,btc_qm_engine,btc_sha256_nonce,998559739.0000000000
407057,13297060962176,btc_qm_engine,btc_sha256_elapsed_ns,896.0000000000
407058,13297060962747,btc_qm_engine,btc_leading_zeros,1.0000000000
407059,13297060963375,btc_qm_engine,btc_leading_zeros,0.0000000000
407060,13297060963887,btc_qm_engine,btc_sha256_nonce,262744883.0000000000
407061,13297060964007,btc_qm_engine,btc_sha256_elapsed_ns,1123.0000000000
407062,13297060964295,btc_qm_engine,btc_leading_zeros,1.0000000000
407063,13297060964388,btc_qm_engine,btc_sha256_elapsed_ns,1002.0000000000
407064,13297060964569,btc_qm_engine,btc_leading_zeros,0.0000000000
407065,13297060964904,btc_qm_engine,btc_sha256_nonce,3552809787.0000000000
407066,13297060965214,btc_qm_engine,btc_sha256_elapsed_ns,1004.0000000000
407067,13297060965329,btc_qm_engine,btc_leading_zeros,1.0000000000
407068,13297060965433,btc_qm_engine,btc_sha256_elapsed_ns,1037.0000000000
407069,13297060965657,btc_qm_engine,btc_sha256_elapsed_ns,1056.0000000000
407070,13297060965782,btc_qm_engine,btc_sha256_nonce,99135179.0000000000
407071,13297060965857,btc_qm_engine,btc_leading_zeros,1.0000000000
407072,13297060965914,btc_qm_engine,btc_sha256_elapsed_ns,1092.0000000000
407073,13297060966079,btc_qm_engine,btc_sha256_nonce,4210167375.0000000000
407074,13297060966155,btc_qm_engine,btc_leading_zeros,2.0000000000
407075,13297060966247,btc_qm_engine,btc_sha256_elapsed_ns,1097.0000000000
407076,13297060966547,btc_qm_engine,btc_sha256_nonce,3861923707.0000000000
407077,13297060966725,btc_qm_engine,btc_sha256_nonce,3673715989.0000000000
407078,13297060966804,btc_qm_engine,btc_leading_zeros,1.0000000000
407079,13297060966872,btc_qm_engine,btc_sha256_elapsed_ns,1064.0000000000
407080,13297060967042,btc_qm_engine,btc_sha256_nonce,3534167829.0000000000
407081,13297060967216,btc_qm_engine,btc_leading_zeros,2.0000000000
407082,13297060967415,btc_qm_engine,btc_sha256_nonce,2135853322.0000000000
407083,13297060967679,btc_qm_engine,btc_sha256_elapsed_ns,950.0000000000
407084,13297060967792,btc_qm_engine,btc_sha256_nonce,430388835.0000000000
407085,13297060968071,btc_qm_engine,btc_leading_zeros,4.0000000000
407086,13297060968232,btc_qm_engine,btc_sha256_nonce,3190994878.0000000000
407087,13297060968312,btc_qm_engine,btc_leading_zeros,1.0000000000
407088,13297060968383,btc_qm_engine,btc_sha256_elapsed_ns,1061.0000000000
407089,13297060968583,btc_qm_engine,btc_sha256_elapsed_ns,1070.0000000000
407090,13297060968947,btc_qm_engine,btc_sha256_nonce,3261954171.0000000000
407091,13297060969400,btc_qm_engine,btc_leading_zeros,2.0000000000
407092,13297060969472,btc_qm_engine,btc_sha256_elapsed_ns,746.0000000000
407093,13297060969715,btc_qm_engine,btc_sha256_nonce,4142179655.0000000000
407094,13297060970045,btc_qm_engine,btc_leading_zeros,2.0000000000
407095,13297060970161,btc_qm_engine,btc_sha256_elapsed_ns,1088.0000000000
407096,13297060970388,btc_qm_engine,btc_leading_zeros,1.0000000000
407097,13297060970663,btc_qm_engine,btc_sha256_nonce,2859394283.0000000000
407098,13297060970774,btc_qm_engine,btc_sha256_elapsed_ns,984.0000000000
407099,13297060971016,btc_qm_engine,btc_leading_zeros,1.0000000000
407100,13297060971120,btc_qm_engine,btc_sha256_elapsed_ns,991.0000000000
407101,13297060971220,btc_qm_engine,btc_sha256_nonce,1139340083.0000000000
407102,13297060971571,btc_qm_engine,btc_leading_zeros,11.0000000000
407103,13297060971644,btc_qm_engine,btc_sha256_elapsed_ns,986.0000000000
407104,13297060971938,btc_qm_engine,btc_sha256_nonce,398440117.0000000000
407105,13297060972011,btc_qm_engine,btc_leading_zeros,0.0000000000
407106,13297060972085,btc_qm_engine,btc_sha256_elapsed_ns,1049.0000000000
407107,13297060972312,btc_qm_engine,btc_sha256_nonce,2333968116.0000000000
407108,13297060972454,btc_qm_engine,btc_sha256_nonce,337783606.0000000000
407109,13297060972696,btc_qm_engine,btc_sha256_nonce,2826572235.0000000000
407110,13297060972904,btc_qm_engine,btc_leading_zeros,1.0000000000
407111,13297060973089,btc_qm_engine,btc_sha256_elapsed_ns,1049.0000000000
407112,13297060973290,btc_qm_engine,btc_leading_zeros,0.0000000000
407113,13297060973440,btc_qm_engine,btc_sha256_nonce,99599416.0000000000
407114,13297060973664,btc_qm_engine,btc_sha256_nonce,1822856265.0000000000
407115,13297060973967,btc_qm_engine,btc_leading_zeros,0.0000000000
407116,13297060974162,btc_qm_engine,btc_sha256_elapsed_ns,1034.0000000000
407117,13297060974413,btc_qm_engine,btc_leading_zeros,1.0000000000
407118,13297060974556,btc_qm_engine,btc_sha256_elapsed_ns,1085.0000000000
407119,13297060974818,btc_qm_engine,btc_sha256_elapsed_ns,923.0000000000
407120,13297060975664,btc_qm_engine,btc_sha256_nonce,491500000.0000000000
407121,13297060975776,btc_qm_engine,btc_leading_zeros,0.0000000000
407122,13297060975851,btc_qm_engine,btc_sha256_elapsed_ns,977.0000000000
407123,13297060976174,btc_qm_engine,btc_sha256_nonce,3690218510.0000000000
407124,13297060976304,btc_qm_engine,btc_leading_zeros,0.0000000000
407125,13297060976553,btc_qm_engine,btc_sha256_nonce,3579614757.0000000000
407126,13297060976660,btc_qm_engine,btc_leading_zeros,2.0000000000
407127,13297060976839,btc_qm_engine,btc_sha256_nonce,722497042.0000000000
407128,13297060977040,btc_qm_engine,btc_sha256_elapsed_ns,1064.0000000000
407129,13297060977174,btc_qm_engine,btc_sha256_elapsed_ns,1062.0000000000
407130,13297060977439,btc_qm_engine,btc_sha256_nonce,3891516730.0000000000
407131,13297060977593,btc_qm_engine,btc_leading_zeros,1.0000000000
407132,13297060977741,btc_qm_engine,btc_sha256_nonce,1276498174.0000000000
407133,13297060977953,btc_qm_engine,btc_leading_zeros,0.0000000000
407134,13297060978383,btc_qm_engine,btc_leading_zeros,3.0000000000
407135,13297060978655,btc_qm_engine,btc_leading_zeros,0.0000000000
407136,13297060978788,btc_qm_engine,btc_sha256_nonce,775994885.0000000000
407137,13297060978884,btc_qm_engine,btc_leading_zeros,0.0000000000
407138,13297060978940,btc_qm_engine,btc_sha256_elapsed_ns,1036.0000000000
407139,13297060979059,btc_qm_engine,btc_leading_zeros,2.0000000000
407140,13297060979286,btc_qm_engine,btc_sha256_nonce,522440792.0000000000
407141,13297060979546,btc_qm_engine,btc_sha256_nonce,3681775525.0000000000
407142,13297060979882,btc_qm_engine,btc_leading_zeros,4.0000000000
407143,13297060980064,btc_qm_engine,btc_sha256_nonce,2422919766.0000000000
407144,13297060980136,btc_qm_engine,btc_leading_zeros,0.0000000000
407145,13297060980514,btc_qm_engine,btc_sha256_elapsed_ns,1097.0000000000
407146,13297060980707,btc_qm_engine,btc_sha256_elapsed_ns,1147.0000000000
407147,13297060980938,btc_qm_engine,btc_sha256_elapsed_ns,1129.0000000000
407148,13297060981382,btc_qm_engine,btc_sha256_elapsed_ns,1070.0000000000
407149,13297060982137,btc_qm_engine,btc_sha256_elapsed_ns,864.0000000000
407150,13297060982369,btc_qm_engine,btc_sha256_nonce,2827147740.0000000000
407151,13297060982451,btc_qm_engine,btc_leading_zeros,2.0000000000
407152,13297060982553,btc_qm_engine,btc_sha256_elapsed_ns,1002.0000000000
407153,13297060982650,btc_qm_engine,btc_sha256_nonce,2412191927.0000000000
407154,13297060982940,btc_qm_engine,btc_leading_zeros,0.0000000000
407155,13297060982990,btc_qm_engine,btc_sha256_elapsed_ns,809.0000000000
407156,13297060983501,btc_qm_engine,btc_sha256_nonce,2282988648.0000000000
407157,13297060983572,btc_qm_engine,btc_leading_zeros,0.0000000000
407158,13297060983634,btc_qm_engine,btc_sha256_elapsed_ns,1094.0000000000
407159,13297060983907,btc_qm_engine,btc_sha256_nonce,1691863764.0000000000
407160,13297060984065,btc_qm_engine,btc_sha256_nonce,3808868976.0000000000
407161,13297060984145,btc_qm_engine,btc_leading_zeros,4.0000000000
407162,13297060984223,btc_qm_engine,btc_sha256_elapsed_ns,870.0000000000
407163,13297060984361,btc_qm_engine,btc_sha256_nonce,2729102069.0000000000
407164,13297060984491,btc_qm_engine,btc_leading_zeros,0.0000000000
407165,13297060984740,btc_qm_engine,btc_leading_zeros,0.0000000000
407166,13297060984823,btc_qm_engine,btc_sha256_elapsed_ns,1067.0000000000
407167,13297060985031,btc_qm_engine,btc_sha256_elapsed_ns,1093.0000000000
407168,13297060985360,btc_qm_engine,btc_sha256_nonce,113947450.0000000000
407169,13297060985431,btc_qm_engine,btc_leading_zeros,2.0000000000
407170,13297060985831,btc_qm_engine,btc_sha256_nonce,3506937362.0000000000
407171,13297060986076,btc_qm_engine,btc_sha256_elapsed_ns,1109.0000000000
407172,13297060986263,btc_qm_engine,btc_leading_zeros,1.0000000000
407173,13297060986337,btc_qm_engine,btc_sha256_elapsed_ns,1086.0000000000
407174,13297060986507,btc_qm_engine,btc_sha256_nonce,2498378322.0000000000
407175,13297060986740,btc_qm_engine,btc_leading_zeros,0.0000000000
407176,13297060986888,btc_qm_engine,btc_leading_zeros,1.0000000000
407177,13297060986986,btc_qm_engine,btc_sha256_elapsed_ns,1029.0000000000
407178,13297060987156,btc_qm_engine,btc_sha256_elapsed_ns,1113.0000000000
407179,13297060987733,btc_qm_engine,btc_sha256_nonce,1811969677.0000000000
407180,13297060988211,btc_qm_engine,btc_sha256_nonce,2145764691.0000000000
407181,13297060988386,btc_qm_engine,btc_sha256_nonce,1598113413.0000000000
407182,13297060988650,btc_qm_engine,btc_sha256_nonce,3494087972.0000000000
407183,13297060988731,btc_qm_engine,btc_leading_zeros,0.0000000000
407184,13297060988813,btc_qm_engine,btc_sha256_elapsed_ns,1066.0000000000
407185,13297060989023,btc_qm_engine,btc_leading_zeros,0.0000000000
407186,13297060989119,btc_qm_engine,btc_leading_zeros,2.0000000000
407187,13297060989462,btc_qm_engine,btc_sha256_nonce,2827323577.0000000000
407188,13297060989736,btc_qm_engine,btc_leading_zeros,0.0000000000
407189,13297060989802,btc_qm_engine,btc_sha256_elapsed_ns,1076.0000000000
407190,13297060990033,btc_qm_engine,btc_sha256_elapsed_ns,1013.0000000000
407191,13297060990147,btc_qm_engine,btc_sha256_elapsed_ns,1062.0000000000
407192,13297060990362,btc_qm_engine,btc_leading_zeros,0.0000000000
407193,13297060990435,btc_qm_engine,btc_sha256_elapsed_ns,1093.0000000000
407194,13297060990537,btc_qm_engine,btc_sha256_nonce,2881125688.0000000000
407195,13297060990758,btc_qm_engine,btc_sha256_nonce,2475940603.0000000000
407196,13297060991108,btc_qm_engine,btc_sha256_elapsed_ns,1092.0000000000
407197,13297060991327,btc_qm_engine,btc_sha256_nonce,1228491458.0000000000
407198,13297060991571,btc_qm_engine,btc_sha256_nonce,3208605401.0000000000
407199,13297060991662,btc_qm_engine,btc_leading_zeros,0.0000000000
407200,13297060991731,btc_qm_engine,btc_sha256_elapsed_ns,887.0000000000
407201,13297060991998,btc_qm_engine,btc_leading_zeros,2.0000000000
407202,13297060992133,btc_qm_engine,btc_leading_zeros,0.0000000000
407203,13297060992213,btc_qm_engine,btc_sha256_elapsed_ns,1092.0000000000
407204,13297060992459,btc_qm_engine,btc_sha256_nonce,3725425197.0000000000
407205,13297060992759,btc_qm_engine,btc_sha256_nonce,1901397064.0000000000
407206,13297060992833,btc_qm_engine,btc_leading_zeros,4.0000000000
407207,13297060992906,btc_qm_engine,btc_sha256_elapsed_ns,728.0000000000
407208,13297060993029,btc_qm_engine,btc_sha256_elapsed_ns,942.0000000000
407209,13297060993554,btc_qm_engine,btc_sha256_nonce,3786736262.0000000000
407210,13297060993784,btc_qm_engine,btc_sha256_nonce,2764150218.0000000000
407211,13297060994033,btc_qm_engine,btc_leading_zeros,0.0000000000
407212,13297060994227,btc_qm_engine,btc_leading_zeros,0.0000000000
407213,13297060994426,btc_qm_engine,btc_sha256_elapsed_ns,1097.0000000000
407214,13297060994520,btc_qm_engine,btc_sha256_nonce,1879921464.0000000000
407215,13297060994663,btc_qm_engine,btc_sha256_elapsed_ns,1084.0000000000
407216,13297060994851,btc_qm_engine,btc_sha256_nonce,2052740557.0000000000
407217,13297060994927,btc_qm_engine,btc_leading_zeros,0.0000000000
407218,13297060995069,btc_qm_engine,btc_sha256_nonce,3067941816.0000000000
407219,13297060995354,btc_qm_engine,btc_leading_zeros,4.0000000000
407220,13297060995416,btc_qm_engine,btc_sha256_elapsed_ns,1021.0000000000
407221,13297060995576,btc_qm_engine,btc_sha256_elapsed_ns,1072.0000000000
407222,13297060995762,btc_qm_engine,btc_sha256_nonce,613146210.0000000000
407223,13297060995842,btc_qm_engine,btc_leading_zeros,0.0000000000
407224,13297060995908,btc_qm_engine,btc_sha256_elapsed_ns,1088.0000000000
407225,13297060995992,btc_qm_engine,btc_sha256_nonce,494022761.0000000000
407226,13297060996296,btc_qm_engine,btc_leading_zeros,2.0000000000
407227,13297060996457,btc_qm_engine,btc_leading_zeros,0.0000000000
407228,13297060996714,btc_qm_engine,btc_sha256_elapsed_ns,1115.0000000000
407229,13297060996932,btc_qm_engine,btc_sha256_nonce,997253774.0000000000
407230,13297060997209,btc_qm_engine,btc_sha256_elapsed_ns,1087.0000000000
407231,13297060997516,btc_qm_engine,btc_leading_zeros,0.0000000000
407232,13297060997618,btc_qm_engine,btc_sha256_elapsed_ns,728.0000000000
407233,13297060997954,btc_qm_engine,btc_sha256_nonce,3017671241.0000000000
407234,13297060998211,btc_qm_engine,btc_sha256_nonce,2485859755.0000000000
407235,13297060998547,btc_qm_engine,btc_sha256_nonce,2583160770.0000000000
407236,13297060998826,btc_qm_engine,btc_leading_zeros,0.0000000000
407237,13297060999005,btc_qm_engine,btc_sha256_elapsed_ns,999.0000000000
407238,13297060999318,btc_qm_engine,btc_sha256_nonce,1470229461.0000000000
407239,13297060999519,btc_qm_engine,btc_sha256_nonce,671058856.0000000000
407240,13297060999607,btc_qm_engine,btc_leading_zeros,0.0000000000
407241,13297060999683,btc_qm_engine,btc_sha256_elapsed_ns,1039.0000000000
407242,13297061005681,btc_qm_engine,btc_sha256_nonce,2855363138.0000000000
407243,13297061006139,btc_qm_engine,btc_leading_zeros,0.0000000000
407244,13297061006363,btc_qm_engine,btc_leading_zeros,0.0000000000
407245,13297061006615,btc_qm_engine,btc_sha256_nonce,2423184608.0000000000
407246,13297061006885,btc_qm_engine,btc_leading_zeros,1.0000000000
407247,13297061007220,btc_qm_engine,btc_sha256_elapsed_ns,1100.0000000000
407248,13297061007307,btc_qm_engine,btc_leading_zeros,0.0000000000
407249,13297061007449,btc_qm_engine,btc_sha256_elapsed_ns,915.0000000000
407250,13297061007692,btc_qm_engine,btc_leading_zeros,0.0000000000
407251,13297061008011,btc_qm_engine,btc_sha256_elapsed_ns,5717.0000000000
407252,13297061008389,btc_qm_engine,btc_sha256_elapsed_ns,880.0000000000
407253,13297061008657,btc_qm_engine,btc_sha256_nonce,98840447.0000000000
407254,13297061008730,btc_qm_engine,btc_leading_zeros,1.0000000000
407255,13297061008784,btc_qm_engine,btc_sha256_elapsed_ns,1130.0000000000
407256,13297061008995,btc_qm_engine,btc_leading_zeros,0.0000000000
407257,13297061009342,btc_qm_engine,btc_sha256_nonce,201581094.0000000000
407258,13297061009424,btc_qm_engine,btc_leading_zeros,1.0000000000
407259,13297061009899,btc_qm_engine,btc_sha256_nonce,3552840460.0000000000
407260,13297061009999,btc_qm_engine,btc_leading_zeros,1.0000000000
407261,13297061010194,btc_qm_engine,btc_sha256_nonce,1622320626.0000000000
407262,13297061010475,btc_qm_engine,btc_sha256_nonce,56130389.0000000000
407263,13297061010602,btc_qm_engine,btc_sha256_elapsed_ns,951.0000000000
407264,13297061010740,btc_qm_engine,btc_sha256_elapsed_ns,978.0000000000
407265,13297061010844,btc_qm_engine,btc_sha256_elapsed_ns,966.0000000000
407266,13297061011010,btc_qm_engine,btc_leading_zeros,0.0000000000
407267,13297061011138,btc_qm_engine,btc_sha256_elapsed_ns,1107.0000000000
407268,13297061011299,btc_qm_engine,btc_leading_zeros,0.0000000000
407269,13297061011370,btc_qm_engine,btc_sha256_elapsed_ns,1029.0000000000
407270,13297061011604,btc_qm_engine,btc_sha256_elapsed_ns,744.0000000000
407271,13297061011747,btc_qm_engine,btc_sha256_nonce,108487953.0000000000
407272,13297061011819,btc_qm_engine,btc_leading_zeros,2.0000000000
407273,13297061011893,btc_qm_engine,btc_sha256_elapsed_ns,909.0000000000
407274,13297061012135,btc_qm_engine,btc_sha256_nonce,1951231639.0000000000
407275,13297061012206,btc_qm_engine,btc_leading_zeros,2.0000000000
407276,13297061012275,btc_qm_engine,btc_sha256_elapsed_ns,1116.0000000000
407277,13297061012416,btc_qm_engine,btc_sha256_nonce,3422805970.0000000000
407278,13297061012495,btc_qm_engine,btc_leading_zeros,0.0000000000
407279,13297061012565,btc_qm_engine,btc_sha256_elapsed_ns,1072.0000000000
407280,13297061012704,btc_qm_engine,btc_sha256_nonce,4209527028.0000000000
407281,13297061012784,btc_qm_engine,btc_leading_zeros,0.0000000000
407282,13297061012850,btc_qm_engine,btc_sha256_elapsed_ns,1082.0000000000
407283,13297061012949,btc_qm_engine,btc_sha256_nonce,1349058433.0000000000
407284,13297061013030,btc_qm_engine,btc_leading_zeros,0.0000000000
407285,13297061013093,btc_qm_engine,btc_sha256_elapsed_ns,1082.0000000000
407286,13297061013283,btc_qm_engine,btc_sha256_nonce,1195771012.0000000000
407287,13297061013638,btc_qm_engine,btc_sha256_nonce,3512590953.0000000000
407288,13297061013789,btc_qm_engine,btc_leading_zeros,0.0000000000
407289,13297061013981,btc_qm_engine,btc_sha256_nonce,4152389492.0000000000
407290,13297061014199,btc_qm_engine,btc_leading_zeros,0.0000000000
407291,13297061014441,btc_qm_engine,btc_sha256_nonce,110712418.0000000000
407292,13297061014519,btc_qm_engine,btc_leading_zeros,2.0000000000
407293,13297061014581,btc_qm_engine,btc_sha256_elapsed_ns,1088.0000000000
407294,13297061014722,btc_qm_engine,btc_sha256_nonce,3327062211.0000000000
407295,13297061014945,btc_qm_engine,btc_sha256_nonce,1245197242.0000000000
407296,13297061015185,btc_qm_engine,btc_leading_zeros,0.0000000000
407297,13297061015446,btc_qm_engine,btc_leading_zeros,1.0000000000
407298,13297061015527,btc_qm_engine,btc_sha256_elapsed_ns,1136.0000000000
407299,13297061015705,btc_qm_engine,btc_leading_zeros,0.0000000000
407300,13297061015834,btc_qm_engine,btc_sha256_elapsed_ns,957.0000000000
407301,13297061016091,btc_qm_engine,btc_sha256_elapsed_ns,1063.0000000000
407302,13297061016392,btc_qm_engine,btc_sha256_elapsed_ns,1106.0000000000
407303,13297061016594,btc_qm_engine,btc_sha256_nonce,480398518.0000000000
407304,13297061016802,btc_qm_engine,btc_sha256_elapsed_ns,6135.0000000000
407305,13297061017023,btc_qm_engine,btc_leading_zeros,1.0000000000
407306,13297061017106,btc_qm_engine,btc_sha256_elapsed_ns,1094.0000000000
407307,13297061017280,btc_qm_engine,btc_sha256_nonce,40354247.0000000000
407308,13297061017505,btc_qm_engine,btc_sha256_nonce,3589293135.0000000000
407309,13297061017584,btc_qm_engine,btc_leading_zeros,0.0000000000
407310,13297061017777,btc_qm_engine,btc_sha256_elapsed_ns,1128.0000000000
407311,13297061017905,btc_qm_engine,btc_sha256_nonce,1154324842.0000000000
407312,13297061017972,btc_qm_engine,btc_leading_zeros,2.0000000000
407313,13297061018044,btc_qm_engine,btc_sha256_elapsed_ns,1042.0000000000
407314,13297061018405,btc_qm_engine,btc_sha256_nonce,889003428.0000000000
407315,13297061018636,btc_qm_engine,btc_sha256_nonce,2647519140.0000000000
407316,13297061018711,btc_qm_engine,btc_leading_zeros,2.0000000000
407317,13297061018777,btc_qm_engine,btc_sha256_elapsed_ns,1103.0000000000
407318,13297061019037,btc_qm_engine,btc_leading_zeros,1.0000000000
407319,13297061019136,btc_qm_engine,btc_leading_zeros,0.0000000000
407320,13297061019575,btc_qm_engine,btc_leading_zeros,2.0000000000
407321,13297061019981,btc_qm_engine,btc_sha256_elapsed_ns,934.0000000000
407322,13297061020101,btc_qm_engine,btc_sha256_nonce,3628088705.0000000000
407323,13297061020184,btc_qm_engine,btc_leading_zeros,4.0000000000
407324,13297061020338,btc_qm_engine,btc_sha256_elapsed_ns,1140.0000000000
407325,13297061020793,btc_qm_engine,btc_sha256_elapsed_ns,1073.0000000000
407326,13297061021491,btc_qm_engine,btc_sha256_nonce,2891971394.0000000000
407327,13297061021639,btc_qm_engine,btc_sha256_elapsed_ns,21889.0000000000
407328,13297061022059,btc_qm_engine,btc_leading_zeros,0.0000000000
407329,13297061022208,btc_qm_engine,btc_sha256_nonce,1391455337.0000000000
407330,13297061022294,btc_qm_engine,btc_leading_zeros,4.0000000000
407331,13297061022375,btc_qm_engine,btc_sha256_elapsed_ns,998.0000000000
407332,13297061022558,btc_qm_engine,btc_sha256_nonce,2156373185.0000000000
407333,13297061022944,btc_qm_engine,btc_leading_zeros,4.0000000000
407334,13297061023037,btc_qm_engine,btc_sha256_elapsed_ns,1093.0000000000
407335,13297061023399,btc_qm_engine,btc_sha256_nonce,3021732413.0000000000
407336,13297061023705,btc_qm_engine,btc_sha256_nonce,3392006562.0000000000
407337,13297061023861,btc_qm_engine,btc_leading_zeros,0.0000000000
407338,13297061023948,btc_qm_engine,btc_sha256_elapsed_ns,1066.0000000000
407339,13297061024245,btc_qm_engine,btc_leading_zeros,0.0000000000
407340,13297061024327,btc_qm_engine,btc_sha256_elapsed_ns,1091.0000000000
407341,13297061024515,btc_qm_engine,btc_sha256_elapsed_ns,978.0000000000
407342,13297061024794,btc_qm_engine,btc_sha256_nonce,1758234303.0000000000
407343,13297061024878,btc_qm_engine,btc_leading_zeros,1.0000000000
407344,13297061024937,btc_qm_engine,btc_sha256_elapsed_ns,1107.0000000000
407345,13297061025265,btc_qm_engine,btc_sha256_elapsed_ns,965.0000000000
407346,13297061025853,btc_qm_engine,btc_sha256_nonce,3982181124.0000000000
407347,13297061025923,btc_qm_engine,btc_leading_zeros,0.0000000000
407348,13297061025978,btc_qm_engine,btc_sha256_elapsed_ns,728.0000000000
407349,13297061026317,btc_qm_engine,btc_sha256_nonce,99743853.0000000000
407350,13297061026399,btc_qm_engine,btc_leading_zeros,0.0000000000
407351,13297061026470,btc_qm_engine,btc_sha256_elapsed_ns,1109.0000000000
407352,13297061026651,btc_qm_engine,btc_sha256_nonce,1991227835.0000000000
407353,13297061026727,btc_qm_engine,btc_leading_zeros,3.0000000000
407354,13297061026792,btc_qm_engine,btc_sha256_elapsed_ns,1086.0000000000
407355,13297061026934,btc_qm_engine,btc_sha256_nonce,417704604.0000000000
407356,13297061027121,btc_qm_engine,btc_sha256_nonce,3021771893.0000000000
407357,13297061027198,btc_qm_engine,btc_leading_zeros,0.0000000000
407358,13297061027273,btc_qm_engine,btc_sha256_elapsed_ns,883.0000000000
407359,13297061027481,btc_qm_engine,btc_sha256_nonce,2826971900.0000000000
407360,13297061027657,btc_qm_engine,btc_leading_zeros,1.0000000000
407361,13297061027820,btc_qm_engine,btc_sha256_nonce,1926250727.0000000000
407362,13297061028011,btc_qm_engine,btc_leading_zeros,1.0000000000
407363,13297061028285,btc_qm_engine,btc_sha256_elapsed_ns,1061.0000000000
407364,13297061028628,btc_qm_engine,btc_sha256_nonce,3021614367.0000000000
407365,13297061028699,btc_qm_engine,btc_leading_zeros,2.0000000000
407366,13297061028798,btc_qm_engine,btc_sha256_nonce,542506456.0000000000
407367,13297061029352,btc_qm_engine,btc_sha256_nonce,1176055172.0000000000
407368,13297061029926,btc_qm_engine,btc_sha256_nonce,3500425497.0000000000
407369,13297061030278,btc_qm_engine,btc_sha256_nonce,3380423172.0000000000
407370,13297061030369,btc_qm_engine,btc_leading_zeros,1.0000000000
407371,13297061030432,btc_qm_engine,btc_sha256_elapsed_ns,999.0000000000
407372,13297061030529,btc_qm_engine,btc_leading_zeros,3.0000000000
407373,13297061030753,btc_qm_engine,btc_sha256_elapsed_ns,1091.0000000000
407374,13297061031054,btc_qm_engine,btc_sha256_elapsed_ns,1094.0000000000
407375,13297061031151,btc_qm_engine,btc_leading_zeros,0.0000000000
407376,13297061031579,btc_qm_engine,btc_sha256_nonce,2506821362.0000000000
407377,13297061031932,btc_qm_engine,btc_leading_zeros,0.0000000000
407378,13297061032276,btc_qm_engine,btc_sha256_nonce,3825422569.0000000000
407379,13297061032496,btc_qm_engine,btc_sha256_nonce,1498643029.0000000000
407380,13297061032574,btc_qm_engine,btc_leading_zeros,3.0000000000
407381,13297061032675,btc_qm_engine,btc_sha256_elapsed_ns,1069.0000000000
407382,13297061033139,btc_qm_engine,btc_sha256_nonce,3953461474.0000000000
407383,13297061033719,btc_qm_engine,btc_leading_zeros,2.0000000000
407384,13297061034096,btc_qm_engine,btc_leading_zeros,0.0000000000
407385,13297061034168,btc_qm_engine,btc_sha256_elapsed_ns,1011.0000000000
407386,13297061034266,btc_qm_engine,btc_sha256_elapsed_ns,1048.0000000000
407387,13297061034455,btc_qm_engine,btc_sha256_elapsed_ns,828.0000000000
407388,13297061035142,btc_qm_engine,btc_sha256_nonce,483057266.0000000000
407389,13297061035784,btc_qm_engine,btc_leading_zeros,0.0000000000
407390,13297061036046,btc_qm_engine,btc_sha256_nonce,3504540828.0000000000
407391,13297061036485,btc_qm_engine,btc_sha256_nonce,3012295108.0000000000
407392,13297061037067,btc_qm_engine,btc_sha256_elapsed_ns,1074.0000000000
407393,13297061037384,btc_qm_engine,btc_leading_zeros,0.0000000000
407394,13297061037458,btc_qm_engine,btc_sha256_elapsed_ns,946.0000000000
407395,13297061038347,btc_qm_engine,btc_sha256_elapsed_ns,981.0000000000
407396,13297061038718,btc_qm_engine,btc_sha256_elapsed_ns,971.0000000000
407397,13297061038844,btc_qm_engine,btc_sha256_nonce,4210454080.0000000000
407398,13297061039176,btc_qm_engine,btc_leading_zeros,1.0000000000
407399,13297061039341,btc_qm_engine,btc_sha256_elapsed_ns,936.0000000000
407400,13297061039833,btc_qm_engine,btc_sha256_nonce,3021415777.0000000000
407401,13297061039989,btc_qm_engine,btc_sha256_nonce,2296634343.0000000000
407402,13297061040073,btc_qm_engine,btc_leading_zeros,0.0000000000
407403,13297061040171,btc_qm_engine,btc_sha256_elapsed_ns,955.0000000000
407404,13297061040345,btc_qm_engine,btc_sha256_nonce,2161403555.0000000000
407405,13297061040709,btc_qm_engine,btc_leading_zeros,1.0000000000
407406,13297061040857,btc_qm_engine,btc_leading_zeros,0.0000000000
407407,13297061040940,btc_qm_engine,btc_sha256_elapsed_ns,1009.0000000000
407408,13297061041078,btc_qm_engine,btc_sha256_nonce,4173962270.0000000000
407409,13297061041146,btc_qm_engine,btc_leading_zeros,0.0000000000
407410,13297061041219,btc_qm_engine,btc_sha256_elapsed_ns,977.0000000000
407411,13297061041431,btc_qm_engine,btc_sha256_nonce,982241691.0000000000
407412,13297061041578,btc_qm_engine,btc_sha256_nonce,4165292743.0000000000
407413,13297061041927,btc_qm_engine,btc_leading_zeros,2.0000000000
407414,13297061042071,btc_qm_engine,btc_leading_zeros,0.0000000000
407415,13297061042148,btc_qm_engine,btc_sha256_elapsed_ns,852.0000000000
407416,13297061042270,btc_qm_engine,btc_sha256_elapsed_ns,954.0000000000
407417,13297061042365,btc_qm_engine,btc_leading_zeros,3.0000000000
407418,13297061042600,btc_qm_engine,btc_sha256_nonce,2827035299.0000000000
407419,13297061042679,btc_qm_engine,btc_leading_zeros,0.0000000000
407420,13297061042943,btc_qm_engine,btc_sha256_elapsed_ns,1070.0000000000
407421,13297061043194,btc_qm_engine,btc_sha256_nonce,4078398841.0000000000
407422,13297061043406,btc_qm_engine,btc_sha256_elapsed_ns,1120.0000000000
407423,13297061043631,btc_qm_engine,btc_sha256_nonce,2491832881.0000000000
407424,13297061044060,btc_qm_engine,btc_leading_zeros,0.0000000000
407425,13297061044240,btc_qm_engine,btc_leading_zeros,0.0000000000
407426,13297061044700,btc_qm_engine,btc_sha256_elapsed_ns,1037.0000000000
407427,13297061044818,btc_qm_engine,btc_sha256_nonce,287091168.0000000000
407428,13297061044904,btc_qm_engine,btc_leading_zeros,1.0000000000
407429,13297061044973,btc_qm_engine,btc_sha256_elapsed_ns,1098.0000000000
407430,13297061045636,btc_qm_engine,btc_sha256_nonce,788922480.0000000000
407431,13297061045710,btc_qm_engine,btc_leading_zeros,1.0000000000
407432,13297061045765,btc_qm_engine,btc_sha256_elapsed_ns,738.0000000000
407433,13297061046274,btc_qm_engine,btc_sha256_elapsed_ns,972.0000000000
407434,13297061046793,btc_qm_engine,btc_sha256_nonce,685128098.0000000000
407435,13297061047040,btc_qm_engine,btc_sha256_nonce,3447383344.0000000000
407436,13297061047119,btc_qm_engine,btc_leading_zeros,0.0000000000
407437,13297061047214,btc_qm_engine,btc_sha256_elapsed_ns,1098.0000000000
407438,13297061047389,btc_qm_engine,btc_sha256_nonce,1618239568.0000000000
407439,13297061047530,btc_qm_engine,btc_sha256_nonce,952936443.0000000000
407440,13297061047605,btc_qm_engine,btc_leading_zeros,1.0000000000
407441,13297061047660,btc_qm_engine,btc_sha256_elapsed_ns,741.0000000000
407442,13297061047794,btc_qm_engine,btc_leading_zeros,4.0000000000
407443,13297061047877,btc_qm_engine,btc_sha256_elapsed_ns,826.0000000000
407444,13297061048364,btc_qm_engine,btc_leading_zeros,0.0000000000
407445,13297061048614,btc_qm_engine,btc_sha256_nonce,2827559524.0000000000
407446,13297061048771,btc_qm_engine,btc_sha256_nonce,4100602420.0000000000
407447,13297061048844,btc_qm_engine,btc_leading_zeros,1.0000000000
407448,13297061049014,btc_qm_engine,btc_sha256_elapsed_ns,1094.0000000000
407449,13297061049214,btc_qm_engine,btc_sha256_elapsed_ns,729.0000000000
407450,13297061049305,btc_qm_engine,btc_leading_zeros,0.0000000000
407451,13297061049518,btc_qm_engine,btc_leading_zeros,2.0000000000
407452,13297061049655,btc_qm_engine,btc_sha256_nonce,3958170915.0000000000
407453,13297061049926,btc_qm_engine,btc_sha256_elapsed_ns,976.0000000000
407454,13297061050101,btc_qm_engine,btc_sha256_nonce,613232799.0000000000
407455,13297061050348,btc_qm_engine,btc_leading_zeros,2.0000000000
407456,13297061050612,btc_qm_engine,btc_sha256_elapsed_ns,1053.0000000000
407457,13297061050774,btc_qm_engine,btc_leading_zeros,0.0000000000
407458,13297061051041,btc_qm_engine,btc_sha256_nonce,1786946392.0000000000
407459,13297061051221,btc_qm_engine,btc_sha256_nonce,1894213598.0000000000
407460,13297061051380,btc_qm_engine,btc_sha256_elapsed_ns,930.0000000000
407461,13297061051964,btc_qm_engine,btc_sha256_nonce,1903576462.0000000000
407462,13297061052039,btc_qm_engine,btc_leading_zeros,1.0000000000
407463,13297061052089,btc_qm_engine,btc_sha256_elapsed_ns,813.0000000000
407464,13297061052376,btc_qm_engine,btc_sha256_elapsed_ns,999.0000000000
407465,13297061052480,btc_qm_engine,btc_sha256_elapsed_ns,1076.0000000000
407466,13297061052618,btc_qm_engine,btc_leading_zeros,0.0000000000
407467,13297061052698,btc_qm_engine,btc_sha256_elapsed_ns,893.0000000000
407468,13297061053314,btc_qm_engine,btc_sha256_nonce,4194006992.0000000000
407469,13297061053384,btc_qm_engine,btc_leading_zeros,3.0000000000
407470,13297061053459,btc_qm_engine,btc_sha256_elapsed_ns,1010.0000000000
407471,13297061053695,btc_qm_engine,btc_sha256_nonce,239576710.0000000000
407472,13297061054063,btc_qm_engine,btc_leading_zeros,0.0000000000
407473,13297061054170,btc_qm_engine,btc_sha256_elapsed_ns,741.0000000000
407474,13297061054367,btc_qm_engine,btc_sha256_nonce,2254820929.0000000000
407475,13297061054456,btc_qm_engine,btc_leading_zeros,1.0000000000
407476,13297061054573,btc_qm_engine,btc_sha256_nonce,3237595135.0000000000
407477,13297061054716,btc_qm_engine,btc_sha256_nonce,1910077461.0000000000
407478,13297061054795,btc_qm_engine,btc_leading_zeros,1.0000000000
407479,13297061054876,btc_qm_engine,btc_sha256_elapsed_ns,990.0000000000
407480,13297061055065,btc_qm_engine,btc_sha256_nonce,4122417132.0000000000
407481,13297061055163,btc_qm_engine,btc_leading_zeros,0.0000000000
407482,13297061055715,btc_qm_engine,btc_leading_zeros,0.0000000000
407483,13297061055786,btc_qm_engine,btc_sha256_elapsed_ns,1037.0000000000
407484,13297061055893,btc_qm_engine,btc_sha256_nonce,3144339995.0000000000
407485,13297061056163,btc_qm_engine,btc_sha256_nonce,687963706.0000000000
407486,13297061056265,btc_qm_engine,btc_sha256_elapsed_ns,987.0000000000
407487,13297061056761,btc_qm_engine,btc_sha256_nonce,1896551942.0000000000
407488,13297061056830,btc_qm_engine,btc_leading_zeros,0.0000000000
407489,13297061056967,btc_qm_engine,btc_leading_zeros,0.0000000000
407490,13297061057326,btc_qm_engine,btc_sha256_elapsed_ns,743.0000000000
407491,13297061057491,btc_qm_engine,btc_sha256_nonce,3068261995.0000000000
407492,13297061057788,btc_qm_engine,btc_leading_zeros,1.0000000000
407493,13297061057927,btc_qm_engine,btc_leading_zeros,0.0000000000
407494,13297061058005,btc_qm_engine,btc_sha256_elapsed_ns,1071.0000000000
407495,13297061058233,btc_qm_engine,btc_sha256_nonce,4185319294.0000000000
407496,13297061058367,btc_qm_engine,btc_sha256_elapsed_ns,1036.0000000000
407497,13297061058672,btc_qm_engine,btc_leading_zeros,0.0000000000
407498,13297061058753,btc_qm_engine,btc_sha256_elapsed_ns,943.0000000000
407499,13297061058957,btc_qm_engine,btc_sha256_nonce,1203116969.0000000000
407500,13297061059033,btc_qm_engine,btc_leading_zeros,0.0000000000
407501,13297061059109,btc_qm_engine,btc_sha256_elapsed_ns,1039.0000000000
407502,13297061059371,btc_qm_engine,btc_sha256_nonce,99747023.0000000000
407503,13297061059455,btc_qm_engine,btc_leading_zeros,0.0000000000
407504,13297061059523,btc_qm_engine,btc_sha256_elapsed_ns,1093.0000000000
407505,13297061059716,btc_qm_engine,btc_sha256_nonce,1107160039.0000000000
407506,13297061059798,btc_qm_engine,btc_leading_zeros,2.0000000000
407507,13297061059870,btc_qm_engine,btc_sha256_elapsed_ns,1082.0000000000
407508,13297061060020,btc_qm_engine,btc_sha256_nonce,2665102618.0000000000
407509,13297061060100,btc_qm_engine,btc_leading_zeros,0.0000000000
407510,13297061060163,btc_qm_engine,btc_sha256_elapsed_ns,1015.0000000000
407511,13297061060449,btc_qm_engine,btc_sha256_nonce,3819497253.0000000000
407512,13297061060554,btc_qm_engine,btc_leading_zeros,1.0000000000
407513,13297061060851,btc_qm_engine,btc_sha256_nonce,4197199111.0000000000
407514,13297061061045,btc_qm_engine,btc_sha256_elapsed_ns,1012.0000000000
407515,13297061061255,btc_qm_engine,btc_sha256_nonce,3955443171.0000000000
407516,13297061061644,btc_qm_engine,btc_leading_zeros,0.0000000000
407517,13297061062044,btc_qm_engine,btc_sha256_elapsed_ns,1012.0000000000
407518,13297061062241,btc_qm_engine,btc_sha256_nonce,418144511.0000000000
407519,13297061062349,btc_qm_engine,btc_leading_zeros,2.0000000000
407520,13297061062768,btc_qm_engine,btc_sha256_elapsed_ns,1078.0000000000
407521,13297061063091,btc_qm_engine,btc_sha256_nonce,3941753375.0000000000
407522,13297061063236,btc_qm_engine,btc_leading_zeros,0.0000000000
407523,13297061063453,btc_qm_engine,btc_leading_zeros,4.0000000000
407524,13297061063663,btc_qm_engine,btc_sha256_elapsed_ns,924.0000000000
407525,13297061063822,btc_qm_engine,btc_sha256_elapsed_ns,738.0000000000
407526,13297061064107,btc_qm_engine,btc_sha256_nonce,374566050.0000000000
407527,13297061064584,btc_qm_engine,btc_sha256_nonce,3285172340.0000000000
407528,13297061064679,btc_qm_engine,btc_leading_zeros,1.0000000000
407529,13297061064874,btc_qm_engine,btc_leading_zeros,1.0000000000
407530,13297061064952,btc_qm_engine,btc_sha256_elapsed_ns,1125.0000000000
407531,13297061065156,btc_qm_engine,btc_sha256_elapsed_ns,1080.0000000000
407532,13297061065347,btc_qm_engine,btc_sha256_elapsed_ns,1073.0000000000
407533,13297061065461,btc_qm_engine,btc_sha256_nonce,3548673405.0000000000
407534,13297061065537,btc_qm_engine,btc_leading_zeros,4.0000000000
407535,13297061065600,btc_qm_engine,btc_sha256_elapsed_ns,1082.0000000000
407536,13297061066302,btc_qm_engine,btc_sha256_nonce,4179161470.0000000000
407537,13297061067008,btc_qm_engine,btc_sha256_nonce,4209654422.0000000000
407538,13297061067472,btc_qm_engine,btc_sha256_nonce,3021282035.0000000000
407539,13297061068026,btc_qm_engine,btc_sha256_nonce,3853537817.0000000000
407540,13297061068767,btc_qm_engine,btc_leading_zeros,0.0000000000
407541,13297061069149,btc_qm_engine,btc_leading_zeros,0.0000000000
407542,13297061069412,btc_qm_engine,btc_leading_zeros,2.0000000000
407543,13297061069556,btc_qm_engine,btc_sha256_elapsed_ns,946.0000000000
407544,13297061069807,btc_qm_engine,btc_sha256_elapsed_ns,1015.0000000000
407545,13297061070124,btc_qm_engine,btc_leading_zeros,1.0000000000
407546,13297061070194,btc_qm_engine,btc_sha256_elapsed_ns,738.0000000000
407547,13297061070774,btc_qm_engine,btc_sha256_nonce,2205029553.0000000000
407548,13297061070849,btc_qm_engine,btc_leading_zeros,1.0000000000
407549,13297061070916,btc_qm_engine,btc_sha256_elapsed_ns,735.0000000000
407550,13297061071131,btc_qm_engine,btc_sha256_nonce,613270825.0000000000
407551,13297061071213,btc_qm_engine,btc_leading_zeros,0.0000000000
407552,13297061071288,btc_qm_engine,btc_sha256_elapsed_ns,1073.0000000000
407553,13297061071500,btc_qm_engine,btc_sha256_elapsed_ns,1065.0000000000
407554,13297061071705,btc_qm_engine,btc_sha256_elapsed_ns,1097.0000000000
407555,13297061072021,btc_qm_engine,btc_sha256_nonce,3021726360.0000000000
407556,13297061072200,btc_qm_engine,btc_sha256_nonce,2937218385.0000000000
407557,13297061072470,btc_qm_engine,btc_leading_zeros,3.0000000000
407558,13297061072612,btc_qm_engine,btc_leading_zeros,2.0000000000
407559,13297061072687,btc_qm_engine,btc_sha256_elapsed_ns,960.0000000000
407560,13297061072860,btc_qm_engine,btc_sha256_nonce,396185360.0000000000
407561,13297061073212,btc_qm_engine,btc_leading_zeros,1.0000000000
407562,13297061073365,btc_qm_engine,btc_sha256_nonce,4209280092.0000000000
407563,13297061073444,btc_qm_engine,btc_leading_zeros,0.0000000000
407564,13297061073580,btc_qm_engine,btc_sha256_nonce,2360834998.0000000000
407565,13297061073775,btc_qm_engine,btc_sha256_elapsed_ns,990.0000000000
407566,13297061073996,btc_qm_engine,btc_sha256_nonce,2604446064.0000000000
407567,13297061074069,btc_qm_engine,btc_leading_zeros,0.0000000000
407568,13297061074393,btc_qm_engine,btc_leading_zeros,2.0000000000
407569,13297061074472,btc_qm_engine,btc_sha256_elapsed_ns,1069.0000000000
407570,13297061074649,btc_qm_engine,btc_leading_zeros,0.0000000000
407571,13297061074730,btc_qm_engine,btc_sha256_nonce,1729512049.0000000000
407572,13297061075179,btc_qm_engine,btc_sha256_elapsed_ns,1080.0000000000
407573,13297061075346,btc_qm_engine,btc_sha256_nonce,1063791981.0000000000
407574,13297061075423,btc_qm_engine,btc_leading_zeros,4.0000000000
407575,13297061075491,btc_qm_engine,btc_sha256_elapsed_ns,946.0000000000
407576,13297061075714,btc_qm_engine,btc_sha256_elapsed_ns,1031.0000000000
407577,13297061076039,btc_qm_engine,btc_sha256_nonce,669720816.0000000000
407578,13297061076449,btc_qm_engine,btc_leading_zeros,0.0000000000
407579,13297061076916,btc_qm_engine,btc_sha256_nonce,704890811.0000000000
407580,13297061077091,btc_qm_engine,btc_sha256_elapsed_ns,1123.0000000000
407581,13297061077253,btc_qm_engine,btc_sha256_elapsed_ns,1091.0000000000
407582,13297061077426,btc_qm_engine,btc_sha256_nonce,3021384369.0000000000
407583,13297061077622,btc_qm_engine,btc_sha256_nonce,3635251642.0000000000
407584,13297061077700,btc_qm_engine,btc_leading_zeros,0.0000000000
407585,13297061077766,btc_qm_engine,btc_sha256_elapsed_ns,948.0000000000
407586,13297061078078,btc_qm_engine,btc_leading_zeros,2.0000000000
407587,13297061078350,btc_qm_engine,btc_sha256_elapsed_ns,1118.0000000000
407588,13297061078503,btc_qm_engine,btc_sha256_nonce,271582800.0000000000
407589,13297061078962,btc_qm_engine,btc_leading_zeros,3.0000000000
407590,13297061079128,btc_qm_engine,btc_sha256_nonce,3625491106.0000000000
407591,13297061079362,btc_qm_engine,btc_sha256_nonce,1677525353.0000000000
407592,13297061079435,btc_qm_engine,btc_leading_zeros,8.0000000000
407593,13297061079575,btc_qm_engine,btc_sha256_elapsed_ns,741.0000000000
407594,13297061079880,btc_qm_engine,btc_leading_zeros,0.0000000000
407595,13297061079993,btc_qm_engine,btc_sha256_elapsed_ns,1087.0000000000
407596,13297061080179,btc_qm_engine,btc_sha256_elapsed_ns,1106.0000000000
407597,13297061080522,btc_qm_engine,btc_sha256_elapsed_ns,1073.0000000000
407598,13297061080796,btc_qm_engine,btc_leading_zeros,0.0000000000
407599,13297061081139,btc_qm_engine,btc_sha256_elapsed_ns,1073.0000000000
407600,13297061081493,btc_qm_engine,btc_sha256_nonce,2922048582.0000000000
407601,13297061081561,btc_qm_engine,btc_leading_zeros,1.0000000000
407602,13297061081622,btc_qm_engine,btc_sha256_elapsed_ns,755.0000000000
407603,13297061081903,btc_qm_engine,btc_sha256_nonce,2862621368.0000000000
407604,13297061081992,btc_qm_engine,btc_leading_zeros,0.0000000000
407605,13297061082067,btc_qm_engine,btc_sha256_elapsed_ns,1095.0000000000
407606,13297061082177,btc_qm_engine,btc_sha256_nonce,4210062977.0000000000
407607,13297061082254,btc_qm_engine,btc_leading_zeros,1.0000000000
407608,13297061082314,btc_qm_engine,btc_sha256_elapsed_ns,1051.0000000000
407609,13297061082486,btc_qm_engine,btc_sha256_nonce,3690565201.0000000000
407610,13297061082699,btc_qm_engine,btc_leading_zeros,0.0000000000
407611,13297061082892,btc_qm_engine,btc_leading_zeros,1.0000000000
407612,13297061083052,btc_qm_engine,btc_sha256_elapsed_ns,882.0000000000
407613,13297061083251,btc_qm_engine,btc_sha256_nonce,3246303465.0000000000
407614,13297061083476,btc_qm_engine,btc_sha256_nonce,1010627108.0000000000
407615,13297061083730,btc_qm_engine,btc_leading_zeros,1.0000000000
407616,13297061083857,btc_qm_engine,btc_sha256_elapsed_ns,1051.0000000000
407617,13297061083959,btc_qm_engine,btc_sha256_nonce,1738562894.0000000000
407618,13297061084120,btc_qm_engine,btc_leading_zeros,0.0000000000
407619,13297061084316,btc_qm_engine,btc_sha256_nonce,2693293924.0000000000
407620,13297061084402,btc_qm_engine,btc_leading_zeros,1.0000000000
407621,13297061084471,btc_qm_engine,btc_sha256_elapsed_ns,972.0000000000
407622,13297061084752,btc_qm_engine,btc_leading_zeros,0.0000000000
407623,13297061085092,btc_qm_engine,btc_sha256_nonce,3280855441.0000000000
407624,13297061085520,btc_qm_engine,btc_sha256_elapsed_ns,1066.0000000000
407625,13297061085716,btc_qm_engine,btc_leading_zeros,0.0000000000
407626,13297061086107,btc_qm_engine,btc_sha256_elapsed_ns,1080.0000000000
407627,13297061086299,btc_qm_engine,btc_sha256_nonce,3551532151.0000000000
407628,13297061086631,btc_qm_engine,btc_leading_zeros,1.0000000000
407629,13297061086703,btc_qm_engine,btc_sha256_elapsed_ns,1063.0000000000
407630,13297061087186,btc_qm_engine,btc_sha256_nonce,47401925.0000000000
407631,13297061087265,btc_qm_engine,btc_leading_zeros,1.0000000000
407632,13297061087524,btc_qm_engine,btc_sha256_nonce,2422921339.0000000000
407633,13297061087840,btc_qm_engine,btc_sha256_elapsed_ns,1074.0000000000
407634,13297061088030,btc_qm_engine,btc_sha256_nonce,996560108.0000000000
407635,13297061088144,btc_qm_engine,btc_leading_zeros,0.0000000000
407636,13297061088205,btc_qm_engine,btc_sha256_elapsed_ns,1052.0000000000
407637,13297061088342,btc_qm_engine,btc_sha256_nonce,2687944551.0000000000
407638,13297061088661,btc_qm_engine,btc_leading_zeros,1.0000000000
407639,13297061088857,btc_qm_engine,btc_leading_zeros,0.0000000000
407640,13297061089075,btc_qm_engine,btc_sha256_elapsed_ns,1010.0000000000
407641,13297061089196,btc_qm_engine,btc_sha256_elapsed_ns,942.0000000000
407642,13297061089512,btc_qm_engine,btc_sha256_nonce,1887147403.0000000000
407643,13297061089592,btc_qm_engine,btc_leading_zeros,1.0000000000
407644,13297061089921,btc_qm_engine,btc_sha256_elapsed_ns,1070.0000000000
407645,13297061090068,btc_qm_engine,btc_sha256_elapsed_ns,1040.0000000000
407646,13297061090357,btc_qm_engine,btc_sha256_nonce,2002967495.0000000000
407647,13297061090559,btc_qm_engine,btc_leading_zeros,1.0000000000
407648,13297061090791,btc_qm_engine,btc_sha256_nonce,2365806041.0000000000
407649,13297061091142,btc_qm_engine,btc_leading_zeros,0.0000000000
407650,13297061091233,btc_qm_engine,btc_leading_zeros,0.0000000000
407651,13297061091309,btc_qm_engine,btc_sha256_elapsed_ns,1130.0000000000
407652,13297061091466,btc_qm_engine,btc_sha256_elapsed_ns,1080.0000000000
407653,13297061091667,btc_qm_engine,btc_sha256_nonce,4045366944.0000000000
407654,13297061091777,btc_qm_engine,btc_sha256_nonce,111923679.0000000000
407655,13297061092126,btc_qm_engine,btc_leading_zeros,0.0000000000
407656,13297061092493,btc_qm_engine,btc_leading_zeros,2.0000000000
407657,13297061092695,btc_qm_engine,btc_sha256_nonce,1431318456.0000000000
407658,13297061092767,btc_qm_engine,btc_leading_zeros,0.0000000000
407659,13297061092922,btc_qm_engine,btc_sha256_elapsed_ns,797.0000000000
407660,13297061093203,btc_qm_engine,btc_sha256_elapsed_ns,1067.0000000000
407661,13297061094436,btc_qm_engine,btc_sha256_nonce,3687213712.0000000000
407662,13297061094995,btc_qm_engine,btc_sha256_nonce,2533285023.0000000000
407663,13297061095167,btc_qm_engine,btc_sha256_elapsed_ns,1115.0000000000
407664,13297061095382,btc_qm_engine,btc_sha256_elapsed_ns,1093.0000000000
407665,13297061095785,btc_qm_engine,btc_sha256_nonce,613147849.0000000000
407666,13297061096192,btc_qm_engine,btc_leading_zeros,2.0000000000
407667,13297061096379,btc_qm_engine,btc_leading_zeros,1.0000000000
407668,13297061096455,btc_qm_engine,btc_sha256_elapsed_ns,1002.0000000000
407669,13297061096615,btc_qm_engine,btc_sha256_nonce,3431950564.0000000000
407670,13297061097009,btc_qm_engine,btc_sha256_elapsed_ns,731.0000000000
407671,13297061097514,btc_qm_engine,btc_leading_zeros,0.0000000000
407672,13297061097795,btc_qm_engine,btc_sha256_nonce,1785080050.0000000000
407673,13297061097947,btc_qm_engine,btc_leading_zeros,0.0000000000
407674,13297061098151,btc_qm_engine,btc_sha256_nonce,23808490.0000000000
407675,13297061098317,btc_qm_engine,btc_sha256_elapsed_ns,1069.0000000000
407676,13297061098604,btc_qm_engine,btc_sha256_nonce,1808328875.0000000000
407677,13297061098973,btc_qm_engine,btc_leading_zeros,1.0000000000
407678,13297061099046,btc_qm_engine,btc_sha256_elapsed_ns,1077.0000000000
407679,13297061099228,btc_qm_engine,btc_leading_zeros,1.0000000000
407680,13297061099329,btc_qm_engine,btc_sha256_elapsed_ns,868.0000000000
407681,13297061099629,btc_qm_engine,btc_sha256_elapsed_ns,1104.0000000000
407682,13297061099774,btc_qm_engine,btc_sha256_nonce,2938691688.0000000000
407683,13297061099847,btc_qm_engine,btc_leading_zeros,0.0000000000
407684,13297061099901,btc_qm_engine,btc_sha256_elapsed_ns,741.0000000000
407685,13297061100637,btc_qm_engine,btc_sha256_elapsed_ns,1064.0000000000
407686,13297061100955,btc_qm_engine,btc_sha256_nonce,1447301874.0000000000
407687,13297061101042,btc_qm_engine,btc_leading_zeros,0.0000000000
407688,13297061101269,btc_qm_engine,btc_sha256_nonce,2776815595.0000000000
407689,13297061101569,btc_qm_engine,btc_sha256_nonce,1100682589.0000000000
407690,13297061101808,btc_qm_engine,btc_leading_zeros,3.0000000000
407691,13297061102019,btc_qm_engine,btc_leading_zeros,0.0000000000
407692,13297061102219,btc_qm_engine,btc_sha256_nonce,3094098387.0000000000
407693,13297061102408,btc_qm_engine,btc_sha256_elapsed_ns,917.0000000000
407694,13297061102573,btc_qm_engine,btc_leading_zeros,4.0000000000
407695,13297061102811,btc_qm_engine,btc_sha256_elapsed_ns,1103.0000000000
407696,13297061103034,btc_qm_engine,btc_sha256_elapsed_ns,1137.0000000000
407697,13297061103429,btc_qm_engine,btc_leading_zeros,9.0000000000
407698,13297061103612,btc_qm_engine,btc_sha256_nonce,1548986287.0000000000
407699,13297061103840,btc_qm_engine,btc_sha256_nonce,4255054613.0000000000
407700,13297061104014,btc_qm_engine,btc_leading_zeros,4.0000000000
407701,13297061104089,btc_qm_engine,btc_sha256_elapsed_ns,1091.0000000000
407702,13297061104342,btc_qm_engine,btc_sha256_elapsed_ns,889.0000000000
407703,13297061104487,btc_qm_engine,btc_leading_zeros,0.0000000000
407704,13297061104580,btc_qm_engine,btc_sha256_elapsed_ns,1006.0000000000
407705,13297061105470,btc_qm_engine,btc_sha256_nonce,1629531446.0000000000
407706,13297061105547,btc_qm_engine,btc_leading_zeros,0.0000000000
407707,13297061105618,btc_qm_engine,btc_sha256_elapsed_ns,1096.0000000000
407708,13297061105749,btc_qm_engine,btc_sha256_nonce,2928030858.0000000000
407709,13297061105837,btc_qm_engine,btc_leading_zeros,0.0000000000
407710,13297061105912,btc_qm_engine,btc_sha256_elapsed_ns,871.0000000000
407711,13297061106411,btc_qm_engine,btc_sha256_nonce,3211842596.0000000000
407712,13297061106773,btc_qm_engine,btc_leading_zeros,0.0000000000
407713,13297061106904,btc_qm_engine,btc_sha256_nonce,2424118434.0000000000
407714,13297061107110,btc_qm_engine,btc_sha256_nonce,3552179230.0000000000
407715,13297061107469,btc_qm_engine,btc_sha256_nonce,3396444183.0000000000
407716,13297061107564,btc_qm_engine,btc_leading_zeros,0.0000000000
407717,13297061107924,btc_qm_engine,btc_sha256_elapsed_ns,1140.0000000000
407718,13297061108044,btc_qm_engine,btc_sha256_elapsed_ns,1012.0000000000
407719,13297061108397,btc_qm_engine,btc_sha256_elapsed_ns,1036.0000000000
407720,13297061108808,btc_qm_engine,btc_leading_zeros,1.0000000000
407721,13297061109002,btc_qm_engine,btc_sha256_nonce,614011795.0000000000
407722,13297061109108,btc_qm_engine,btc_leading_zeros,0.0000000000
407723,13297061109174,btc_qm_engine,btc_sha256_elapsed_ns,740.0000000000
407724,13297061109265,btc_qm_engine,btc_sha256_nonce,1570971341.0000000000
407725,13297061109405,btc_qm_engine,btc_sha256_elapsed_ns,1075.0000000000
407726,13297061109697,btc_qm_engine,btc_leading_zeros,4.0000000000
407727,13297061109946,btc_qm_engine,btc_sha256_nonce,3667939573.0000000000
407728,13297061110139,btc_qm_engine,btc_sha256_elapsed_ns,1049.0000000000
407729,13297061110341,btc_qm_engine,btc_leading_zeros,1.0000000000
407730,13297061110552,btc_qm_engine,btc_sha256_nonce,1097750889.0000000000
407731,13297061110722,btc_qm_engine,btc_leading_zeros,1.0000000000
407732,13297061110880,btc_qm_engine,btc_sha256_nonce,1084525751.0000000000
407733,13297061110947,btc_qm_engine,btc_leading_zeros,0.0000000000
407734,13297061110996,btc_qm_engine,btc_sha256_elapsed_ns,987.0000000000
407735,13297061111264,btc_qm_engine,btc_sha256_elapsed_ns,1001.0000000000
407736,13297061111424,btc_qm_engine,btc_leading_zeros,0.0000000000
407737,13297061111596,btc_qm_engine,btc_sha256_elapsed_ns,998.0000000000
407738,13297061111945,btc_qm_engine,btc_sha256_nonce,1941804469.0000000000
407739,13297061112020,btc_qm_engine,btc_leading_zeros,1.0000000000
407740,13297061112127,btc_qm_engine,btc_sha256_elapsed_ns,980.0000000000
407741,13297061112480,btc_qm_engine,btc_sha256_elapsed_ns,915.0000000000
407742,13297061112684,btc_qm_engine,btc_sha256_nonce,2955103230.0000000000
407743,13297061112886,btc_qm_engine,btc_sha256_nonce,2063607566.0000000000
407744,13297061112965,btc_qm_engine,btc_leading_zeros,4.0000000000
407745,13297061113031,btc_qm_engine,btc_sha256_elapsed_ns,1078.0000000000
407746,13297061113226,btc_qm_engine,btc_sha256_nonce,3485362983.0000000000
407747,13297061113495,btc_qm_engine,btc_sha256_nonce,3417422500.0000000000
407748,13297061113566,btc_qm_engine,btc_leading_zeros,0.0000000000
407749,13297061113629,btc_qm_engine,btc_sha256_elapsed_ns,843.0000000000
407750,13297061114416,btc_qm_engine,btc_leading_zeros,0.0000000000
407751,13297061114754,btc_qm_engine,btc_sha256_elapsed_ns,1086.0000000000
407752,13297061114811,btc_qm_engine,btc_sha256_nonce,1682450569.0000000000
407753,13297061115125,btc_qm_engine,btc_leading_zeros,0.0000000000
407754,13297061115203,btc_qm_engine,btc_sha256_elapsed_ns,935.0000000000
407755,13297061115403,btc_qm_engine,btc_sha256_nonce,3974732144.0000000000
407756,13297061115482,btc_qm_engine,btc_leading_zeros,0.0000000000
407757,13297061115554,btc_qm_engine,btc_sha256_elapsed_ns,1029.0000000000
407758,13297061116008,btc_qm_engine,btc_sha256_nonce,3868098073.0000000000
407759,13297061116150,btc_qm_engine,btc_leading_zeros,1.0000000000
407760,13297061116487,btc_qm_engine,btc_sha256_nonce,1021397997.0000000000
407761,13297061116625,btc_qm_engine,btc_leading_zeros,0.0000000000
407762,13297061116792,btc_qm_engine,btc_sha256_nonce,613774768.0000000000
407763,13297061116935,btc_qm_engine,btc_leading_zeros,0.0000000000
407764,13297061117268,btc_qm_engine,btc_sha256_nonce,2827461501.0000000000
407765,13297061117579,btc_qm_engine,btc_sha256_elapsed_ns,1073.0000000000
407766,13297061118053,btc_qm_engine,btc_leading_zeros,1.0000000000
407767,13297061118118,btc_qm_engine,btc_sha256_elapsed_ns,974.0000000000
407768,13297061118926,btc_qm_engine,btc_sha256_nonce,4265404012.0000000000
407769,13297061119002,btc_qm_engine,btc_leading_zeros,0.0000000000
407770,13297061119057,btc_qm_engine,btc_sha256_elapsed_ns,748.0000000000
407771,13297061119286,btc_qm_engine,btc_sha256_nonce,2827271903.0000000000
407772,13297061119585,btc_qm_engine,btc_sha256_nonce,4271319899.0000000000
407773,13297061120010,btc_qm_engine,btc_leading_zeros,0.0000000000
407774,13297061120071,btc_qm_engine,btc_sha256_elapsed_ns,1073.0000000000
407775,13297061120281,btc_qm_engine,btc_sha256_elapsed_ns,1001.0000000000
407776,13297061120739,btc_qm_engine,btc_sha256_nonce,772097449.0000000000
407777,13297061120819,btc_qm_engine,btc_leading_zeros,2.0000000000
407778,13297061120889,btc_qm_engine,btc_sha256_elapsed_ns,1048.0000000000
407779,13297061121442,btc_qm_engine,btc_sha256_nonce,609740813.0000000000
407780,13297061121845,btc_qm_engine,btc_leading_zeros,0.0000000000
407781,13297061121941,btc_qm_engine,btc_sha256_elapsed_ns,741.0000000000
407782,13297061122188,btc_qm_engine,btc_sha256_nonce,105050088.0000000000
407783,13297061122439,btc_qm_engine,btc_sha256_nonce,660852940.0000000000
407784,13297061122825,btc_qm_engine,btc_leading_zeros,2.0000000000
407785,13297061123155,btc_qm_engine,btc_leading_zeros,4.0000000000
407786,13297061123327,btc_qm_engine,btc_sha256_elapsed_ns,741.0000000000
407787,13297061123498,btc_qm_engine,btc_sha256_elapsed_ns,1109.0000000000
407788,13297061123993,btc_qm_engine,btc_sha256_nonce,2689326612.0000000000
407789,13297061124081,btc_qm_engine,btc_sha256_elapsed_ns,1064.0000000000
407790,13297061124377,btc_qm_engine,btc_leading_zeros,0.0000000000
407791,13297061124564,btc_qm_engine,btc_leading_zeros,0.0000000000
407792,13297061124755,btc_qm_engine,btc_leading_zeros,0.0000000000
407793,13297061124882,btc_qm_engine,btc_sha256_nonce,1991290597.0000000000
407794,13297061124982,btc_qm_engine,btc_leading_zeros,0.0000000000
407795,13297061125042,btc_qm_engine,btc_sha256_elapsed_ns,977.0000000000
407796,13297061125235,btc_qm_engine,btc_sha256_elapsed_ns,1055.0000000000
407797,13297061125406,btc_qm_engine,btc_sha256_nonce,3363973733.0000000000
407798,13297061125666,btc_qm_engine,btc_sha256_elapsed_ns,967.0000000000
407799,13297061125851,btc_qm_engine,btc_sha256_nonce,4201093918.0000000000
407800,13297061126342,btc_qm_engine,btc_leading_zeros,1.0000000000
407801,13297061126411,btc_qm_engine,btc_leading_zeros,0.0000000000
407802,13297061126483,btc_qm_engine,btc_sha256_elapsed_ns,1079.0000000000
407803,13297061126650,btc_qm_engine,btc_sha256_nonce,1246944597.0000000000
407804,13297061126781,btc_qm_engine,btc_sha256_elapsed_ns,1081.0000000000
407805,13297061127032,btc_qm_engine,btc_sha256_nonce,2803413207.0000000000
407806,13297061127160,btc_qm_engine,btc_leading_zeros,1.0000000000
407807,13297061127235,btc_qm_engine,btc_sha256_elapsed_ns,1025.0000000000
407808,13297061127397,btc_qm_engine,btc_leading_zeros,0.0000000000
407809,13297061127466,btc_qm_engine,btc_sha256_elapsed_ns,849.0000000000
407810,13297061127736,btc_qm_engine,btc_sha256_nonce,98726171.0000000000
407811,13297061127991,btc_qm_engine,btc_sha256_nonce,311506191.0000000000
407812,13297061128088,btc_qm_engine,btc_sha256_nonce,4126049567.0000000000
407813,13297061128316,btc_qm_engine,btc_leading_zeros,1.0000000000
407814,13297061128451,btc_qm_engine,btc_leading_zeros,1.0000000000
407815,13297061128680,btc_qm_engine,btc_sha256_nonce,3176567134.0000000000
407816,13297061128860,btc_qm_engine,btc_sha256_elapsed_ns,1077.0000000000
407817,13297061129183,btc_qm_engine,btc_sha256_nonce,2826430208.0000000000
407818,13297061129460,btc_qm_engine,btc_sha256_nonce,614130993.0000000000
407819,13297061129578,btc_qm_engine,btc_leading_zeros,1.0000000000
407820,13297061129948,btc_qm_engine,btc_sha256_elapsed_ns,884.0000000000
407821,13297061130148,btc_qm_engine,btc_leading_zeros,1.0000000000
407822,13297061130430,btc_qm_engine,btc_sha256_nonce,3604345194.0000000000
407823,13297061130519,btc_qm_engine,btc_sha256_elapsed_ns,1117.0000000000
407824,13297061130713,btc_qm_engine,btc_leading_zeros,0.0000000000
407825,13297061130802,btc_qm_engine,btc_sha256_elapsed_ns,899.0000000000
407826,13297061131109,btc_qm_engine,btc_leading_zeros,0.0000000000
407827,13297061131353,btc_qm_engine,btc_sha256_nonce,613735097.0000000000
407828,13297061131438,btc_qm_engine,btc_leading_zeros,0.0000000000
407829,13297061131573,btc_qm_engine,btc_sha256_elapsed_ns,1054.0000000000
407830,13297061131951,btc_qm_engine,btc_sha256_elapsed_ns,978.0000000000
407831,13297061132121,btc_qm_engine,btc_sha256_elapsed_ns,862.0000000000
407832,13297061132288,btc_qm_engine,btc_sha256_nonce,4209453226.0000000000
407833,13297061132370,btc_qm_engine,btc_leading_zeros,0.0000000000
407834,13297061132433,btc_qm_engine,btc_sha256_elapsed_ns,1115.0000000000
407835,13297061132738,btc_qm_engine,btc_sha256_nonce,2804428936.0000000000
407836,13297061133042,btc_qm_engine,btc_sha256_elapsed_ns,935.0000000000
407837,13297061133225,btc_qm_engine,btc_leading_zeros,2.0000000000
407838,13297061133299,btc_qm_engine,btc_sha256_elapsed_ns,1126.0000000000
407839,13297061133556,btc_qm_engine,btc_sha256_nonce,3657795062.0000000000
407840,13297061133735,btc_qm_engine,btc_sha256_nonce,3907281835.0000000000
407841,13297061133811,btc_qm_engine,btc_leading_zeros,2.0000000000
407842,13297061133883,btc_qm_engine,btc_sha256_elapsed_ns,1001.0000000000
407843,13297061134049,btc_qm_engine,btc_leading_zeros,1.0000000000
407844,13297061134337,btc_qm_engine,btc_sha256_nonce,996574172.0000000000
407845,13297061134571,btc_qm_engine,btc_sha256_nonce,4251931038.0000000000
407846,13297061134716,btc_qm_engine,btc_sha256_nonce,613820184.0000000000
407847,13297061134792,btc_qm_engine,btc_leading_zeros,2.0000000000
407848,13297061134864,btc_qm_engine,btc_sha256_elapsed_ns,1066.0000000000
407849,13297061135180,btc_qm_engine,btc_leading_zeros,0.0000000000
407850,13297061135364,btc_qm_engine,btc_sha256_nonce,1079888623.0000000000
407851,13297061135866,btc_qm_engine,btc_sha256_nonce,2423553111.0000000000
407852,13297061135972,btc_qm_engine,btc_sha256_elapsed_ns,1055.0000000000
407853,13297061136190,btc_qm_engine,btc_leading_zeros,0.0000000000
407854,13297061136426,btc_qm_engine,btc_sha256_nonce,617856792.0000000000
407855,13297061136847,btc_qm_engine,btc_leading_zeros,1.0000000000
407856,13297061137110,btc_qm_engine,btc_sha256_elapsed_ns,995.0000000000
407857,13297061137384,btc_qm_engine,btc_sha256_nonce,3459037627.0000000000
407858,13297061137487,btc_qm_engine,btc_leading_zeros,0.0000000000
407859,13297061137906,btc_qm_engine,btc_leading_zeros,1.0000000000
407860,13297061138184,btc_qm_engine,btc_sha256_elapsed_ns,932.0000000000
407861,13297061138590,btc_qm_engine,btc_sha256_nonce,2991875163.0000000000
407862,13297061138666,btc_qm_engine,btc_leading_zeros,0.0000000000
407863,13297061138715,btc_qm_engine,btc_sha256_elapsed_ns,867.0000000000
407864,13297061138919,btc_qm_engine,btc_sha256_elapsed_ns,1095.0000000000
407865,13297061139355,btc_qm_engine,btc_sha256_nonce,3364565594.0000000000
407866,13297061139437,btc_qm_engine,btc_leading_zeros,2.0000000000
407867,13297061139509,btc_qm_engine,btc_sha256_elapsed_ns,978.0000000000
407868,13297061139808,btc_qm_engine,btc_sha256_nonce,2826422091.0000000000
407869,13297061140038,btc_qm_engine,btc_leading_zeros,0.0000000000
407870,13297061140313,btc_qm_engine,btc_sha256_nonce,1478412399.0000000000
407871,13297061140390,btc_qm_engine,btc_leading_zeros,0.0000000000
407872,13297061140468,btc_qm_engine,btc_sha256_elapsed_ns,1131.0000000000
407873,13297061140897,btc_qm_engine,btc_leading_zeros,1.0000000000
407874,13297061141360,btc_qm_engine,btc_sha256_nonce,614129578.0000000000
407875,13297061141553,btc_qm_engine,btc_sha256_elapsed_ns,831.0000000000
407876,13297061141805,btc_qm_engine,btc_sha256_nonce,3275079651.0000000000
407877,13297061141889,btc_qm_engine,btc_leading_zeros,2.0000000000
407878,13297061142154,btc_qm_engine,btc_leading_zeros,3.0000000000
407879,13297061142214,btc_qm_engine,btc_sha256_elapsed_ns,993.0000000000
407880,13297061142333,btc_qm_engine,btc_sha256_elapsed_ns,1098.0000000000
407881,13297061142987,btc_qm_engine,btc_sha256_nonce,2827381397.0000000000
407882,13297061143067,btc_qm_engine,btc_leading_zeros,0.0000000000
407883,13297061143143,btc_qm_engine,btc_sha256_elapsed_ns,922.0000000000
407884,13297061143299,btc_qm_engine,btc_sha256_elapsed_ns,1060.0000000000
407885,13297061144208,btc_qm_engine,btc_sha256_nonce,2143869795.0000000000
407886,13297061144323,btc_qm_engine,btc_leading_zeros,2.0000000000
407887,13297061144396,btc_qm_engine,btc_sha256_elapsed_ns,729.0000000000
407888,13297061144586,btc_qm_engine,btc_sha256_nonce,920252024.0000000000
407889,13297061144930,btc_qm_engine,btc_leading_zeros,0.0000000000
407890,13297061145005,btc_qm_engine,btc_sha256_elapsed_ns,1067.0000000000
407891,13297061145631,btc_qm_engine,btc_sha256_elapsed_ns,921.0000000000
407892,13297061145825,btc_qm_engine,btc_sha256_nonce,613213561.0000000000
407893,13297061145896,btc_qm_engine,btc_leading_zeros,0.0000000000
407894,13297061145974,btc_qm_engine,btc_sha256_elapsed_ns,1098.0000000000
407895,13297061146253,btc_qm_engine,btc_sha256_nonce,3356375843.0000000000
407896,13297061146335,btc_qm_engine,btc_leading_zeros,0.0000000000
407897,13297061146735,btc_qm_engine,btc_sha256_elapsed_ns,988.0000000000
407898,13297061146939,btc_qm_engine,btc_sha256_nonce,2814766020.0000000000
407899,13297061147088,btc_qm_engine,btc_sha256_nonce,3863339124.0000000000
407900,13297061147166,btc_qm_engine,btc_leading_zeros,0.0000000000
407901,13297061147275,btc_qm_engine,btc_sha256_nonce,1057497044.0000000000
407902,13297061147506,btc_qm_engine,btc_sha256_nonce,2555517428.0000000000
407903,13297061147592,btc_qm_engine,btc_leading_zeros,0.0000000000
407904,13297061147666,btc_qm_engine,btc_sha256_elapsed_ns,1031.0000000000
407905,13297061147938,btc_qm_engine,btc_leading_zeros,0.0000000000
407906,13297061148244,btc_qm_engine,btc_leading_zeros,1.0000000000
407907,13297061148417,btc_qm_engine,btc_sha256_elapsed_ns,1078.0000000000
407908,13297061148918,btc_qm_engine,btc_sha256_nonce,2341091718.0000000000
407909,13297061148987,btc_qm_engine,btc_leading_zeros,2.0000000000
407910,13297061149053,btc_qm_engine,btc_sha256_elapsed_ns,892.0000000000
407911,13297061149329,btc_qm_engine,btc_sha256_elapsed_ns,1124.0000000000
407912,13297061149821,btc_qm_engine,btc_sha256_nonce,1224439754.0000000000
407913,13297061150018,btc_qm_engine,btc_sha256_nonce,2769920557.0000000000
407914,13297061150094,btc_qm_engine,btc_leading_zeros,0.0000000000
407915,13297061150160,btc_qm_engine,btc_sha256_elapsed_ns,742.0000000000
407916,13297061150269,btc_qm_engine,btc_leading_zeros,0.0000000000
407917,13297061150340,btc_qm_engine,btc_sha256_elapsed_ns,995.0000000000
407918,13297061150755,btc_qm_engine,btc_sha256_elapsed_ns,1080.0000000000
407919,13297061151043,btc_qm_engine,btc_sha256_nonce,3671701420.0000000000
407920,13297061151117,btc_qm_engine,btc_leading_zeros,0.0000000000
407921,13297061151189,btc_qm_engine,btc_sha256_elapsed_ns,1139.0000000000
407922,13297061151404,btc_qm_engine,btc_sha256_nonce,554585310.0000000000
407923,13297061151645,btc_qm_engine,btc_sha256_nonce,2533257858.0000000000
407924,13297061151730,btc_qm_engine,btc_leading_zeros,3.0000000000
407925,13297061151895,btc_qm_engine,btc_sha256_nonce,2334214429.0000000000
407926,13297061152276,btc_qm_engine,btc_sha256_nonce,4103563761.0000000000
407927,13297061152337,btc_qm_engine,btc_leading_zeros,4.0000000000
407928,13297061152401,btc_qm_engine,btc_sha256_elapsed_ns,965.0000000000
407929,13297061152681,btc_qm_engine,btc_sha256_elapsed_ns,1068.0000000000
407930,13297061153226,btc_qm_engine,btc_sha256_nonce,406395868.0000000000
407931,13297061153717,btc_qm_engine,btc_leading_zeros,1.0000000000
407932,13297061154131,btc_qm_engine,btc_leading_zeros,4.0000000000
407933,13297061154310,btc_qm_engine,btc_sha256_nonce,3552376291.0000000000
407934,13297061154385,btc_qm_engine,btc_leading_zeros,0.0000000000
407935,13297061154435,btc_qm_engine,btc_sha256_elapsed_ns,739.0000000000
407936,13297061154766,btc_qm_engine,btc_sha256_nonce,3102078041.0000000000
407937,13297061154872,btc_qm_engine,btc_leading_zeros,0.0000000000
407938,13297061154945,btc_qm_engine,btc_sha256_elapsed_ns,1048.0000000000
407939,13297061155117,btc_qm_engine,btc_leading_zeros,0.0000000000
407940,13297061155409,btc_qm_engine,btc_sha256_elapsed_ns,1074.0000000000
407941,13297061155540,btc_qm_engine,btc_sha256_elapsed_ns,978.0000000000
407942,13297061155634,btc_qm_engine,btc_sha256_nonce,4161763702.0000000000
407943,13297061155710,btc_qm_engine,btc_leading_zeros,0.0000000000
407944,13297061155771,btc_qm_engine,btc_sha256_elapsed_ns,999.0000000000
407945,13297061156578,btc_qm_engine,btc_sha256_elapsed_ns,1097.0000000000
407946,13297061156932,btc_qm_engine,btc_sha256_nonce,613564685.0000000000
407947,13297061157016,btc_qm_engine,btc_leading_zeros,0.0000000000
407948,13297061157279,btc_qm_engine,btc_sha256_nonce,3552800338.0000000000
407949,13297061157478,btc_qm_engine,btc_sha256_elapsed_ns,1121.0000000000
407950,13297061157578,btc_qm_engine,btc_sha256_nonce,2362135970.0000000000
407951,13297061157818,btc_qm_engine,btc_sha256_elapsed_ns,1038.0000000000
407952,13297061158207,btc_qm_engine,btc_leading_zeros,0.0000000000
407953,13297061158281,btc_qm_engine,btc_sha256_elapsed_ns,1061.0000000000
407954,13297061158448,btc_qm_engine,btc_sha256_nonce,1564615496.0000000000
407955,13297061159005,btc_qm_engine,btc_sha256_nonce,2114677459.0000000000
407956,13297061159132,btc_qm_engine,btc_leading_zeros,0.0000000000
407957,13297061159186,btc_qm_engine,btc_sha256_elapsed_ns,1109.0000000000
407958,13297061159370,btc_qm_engine,btc_leading_zeros,1.0000000000
407959,13297061159500,btc_qm_engine,btc_leading_zeros,2.0000000000
407960,13297061159933,btc_qm_engine,btc_sha256_elapsed_ns,778.0000000000
407961,13297061160230,btc_qm_engine,btc_sha256_nonce,2423362712.0000000000
407962,13297061160367,btc_qm_engine,btc_leading_zeros,0.0000000000
407963,13297061160452,btc_qm_engine,btc_sha256_elapsed_ns,1075.0000000000
407964,13297061160559,btc_qm_engine,btc_sha256_nonce,1130364004.0000000000
407965,13297061160633,btc_qm_engine,btc_leading_zeros,1.0000000000
407966,13297061160706,btc_qm_engine,btc_sha256_elapsed_ns,1123.0000000000
407967,13297061161411,btc_qm_engine,btc_sha256_nonce,1221335895.0000000000
407968,13297061161485,btc_qm_engine,btc_leading_zeros,1.0000000000
407969,13297061161555,btc_qm_engine,btc_sha256_elapsed_ns,728.0000000000
407970,13297061162069,btc_qm_engine,btc_leading_zeros,2.0000000000
407971,13297061162502,btc_qm_engine,btc_sha256_elapsed_ns,1019.0000000000
407972,13297061162605,btc_qm_engine,btc_sha256_nonce,132438057.0000000000
407973,13297061162795,btc_qm_engine,btc_sha256_nonce,1593104780.0000000000
407974,13297061162874,btc_qm_engine,btc_leading_zeros,0.0000000000
407975,13297061162972,btc_qm_engine,btc_sha256_elapsed_ns,1040.0000000000
407976,13297061163382,btc_qm_engine,btc_sha256_nonce,1026469399.0000000000
407977,13297061163508,btc_qm_engine,btc_sha256_nonce,3350207198.0000000000
407978,13297061163813,btc_qm_engine,btc_leading_zeros,0.0000000000
407979,13297061164014,btc_qm_engine,btc_leading_zeros,3.0000000000
407980,13297061164323,btc_qm_engine,btc_sha256_elapsed_ns,1058.0000000000
407981,13297061164496,btc_qm_engine,btc_sha256_elapsed_ns,1039.0000000000
407982,13297061164719,btc_qm_engine,btc_sha256_nonce,2827594324.0000000000
407983,13297061165261,btc_qm_engine,btc_leading_zeros,0.0000000000
407984,13297061165371,btc_qm_engine,btc_sha256_elapsed_ns,1081.0000000000
407985,13297061165651,btc_qm_engine,btc_sha256_nonce,535264284.0000000000
407986,13297061165768,btc_qm_engine,btc_sha256_nonce,1004077078.0000000000
407987,13297061165849,btc_qm_engine,btc_leading_zeros,1.0000000000
407988,13297061165927,btc_qm_engine,btc_sha256_elapsed_ns,903.0000000000
407989,13297061166044,btc_qm_engine,btc_leading_zeros,1.0000000000
407990,13297061166113,btc_qm_engine,btc_sha256_elapsed_ns,1085.0000000000
407991,13297061166274,btc_qm_engine,btc_sha256_elapsed_ns,1098.0000000000
407992,13297061166598,btc_qm_engine,btc_leading_zeros,0.0000000000
407993,13297061166677,btc_qm_engine,btc_sha256_elapsed_ns,1124.0000000000
407994,13297061167074,btc_qm_engine,btc_sha256_nonce,2913260281.0000000000
407995,13297061167625,btc_qm_engine,btc_sha256_nonce,1614480230.0000000000
407996,13297061168294,btc_qm_engine,btc_sha256_nonce,2423786267.0000000000
407997,13297061168364,btc_qm_engine,btc_leading_zeros,0.0000000000
407998,13297061168487,btc_qm_engine,btc_sha256_nonce,1164917230.0000000000
407999,13297061168843,btc_qm_engine,btc_leading_zeros,0.0000000000
408000,13297061169008,btc_qm_engine,btc_sha256_nonce,2827434480.0000000000
408001,13297061169092,btc_qm_engine,btc_sha256_nonce,1398497201.0000000000
408002,13297061169201,btc_qm_engine,btc_sha256_elapsed_ns,901.0000000000
408003,13297061169355,btc_qm_engine,btc_leading_zeros,0.0000000000
408004,13297061169586,btc_qm_engine,btc_leading_zeros,0.0000000000
408005,13297061170072,btc_qm_engine,btc_leading_zeros,1.0000000000
408006,13297061170219,btc_qm_engine,btc_sha256_nonce,3021908490.0000000000
408007,13297061170352,btc_qm_engine,btc_sha256_elapsed_ns,1071.0000000000
408008,13297061170494,btc_qm_engine,btc_sha256_elapsed_ns,1107.0000000000
408009,13297061170679,btc_qm_engine,btc_sha256_elapsed_ns,1104.0000000000
408010,13297061170821,btc_qm_engine,btc_leading_zeros,1.0000000000
408011,13297061170894,btc_qm_engine,btc_sha256_elapsed_ns,69996.0000000000
408012,13297061171285,btc_qm_engine,btc_leading_zeros,1.0000000000
408013,13297061171632,btc_qm_engine,btc_sha256_elapsed_ns,1009.0000000000
408014,13297061171756,btc_qm_engine,btc_sha256_nonce,731855527.0000000000
408015,13297061171839,btc_qm_engine,btc_sha256_nonce,2807314052.0000000000
408016,13297061172200,btc_qm_engine,btc_leading_zeros,3.0000000000
408017,13297061172330,btc_qm_engine,btc_sha256_nonce,2336269285.0000000000
408018,13297061172402,btc_qm_engine,btc_leading_zeros,1.0000000000
408019,13297061172473,btc_qm_engine,btc_sha256_elapsed_ns,1075.0000000000
408020,13297061172793,btc_qm_engine,btc_sha256_nonce,1052088854.0000000000
408021,13297061172867,btc_qm_engine,btc_leading_zeros,2.0000000000
408022,13297061172985,btc_qm_engine,btc_sha256_nonce,1964603961.0000000000
408023,13297061173289,btc_qm_engine,btc_sha256_nonce,2930459185.0000000000
408024,13297061173766,btc_qm_engine,btc_sha256_elapsed_ns,1147.0000000000
408025,13297061173857,btc_qm_engine,btc_sha256_elapsed_ns,908.0000000000
408026,13297061174405,btc_qm_engine,btc_sha256_nonce,3841019797.0000000000
408027,13297061174485,btc_qm_engine,btc_leading_zeros,1.0000000000
408028,13297061174552,btc_qm_engine,btc_sha256_elapsed_ns,1071.0000000000
408029,13297061175695,btc_qm_engine,btc_leading_zeros,0.0000000000
408030,13297061175990,btc_qm_engine,btc_sha256_nonce,16116549.0000000000
408031,13297061176189,btc_qm_engine,btc_sha256_elapsed_ns,1077.0000000000
408032,13297061176366,btc_qm_engine,btc_leading_zeros,1.0000000000
408033,13297061176434,btc_qm_engine,btc_sha256_elapsed_ns,1104.0000000000
408034,13297061176619,btc_qm_engine,btc_leading_zeros,0.0000000000
408035,13297061176760,btc_qm_engine,btc_sha256_nonce,622175496.0000000000
408036,13297061177372,btc_qm_engine,btc_sha256_elapsed_ns,1056.0000000000
408037,13297061177563,btc_qm_engine,btc_leading_zeros,2.0000000000
408038,13297061177687,btc_qm_engine,btc_sha256_nonce,613909272.0000000000
408039,13297061177998,btc_qm_engine,btc_leading_zeros,0.0000000000
408040,13297061178164,btc_qm_engine,btc_sha256_elapsed_ns,1076.0000000000
408041,13297061178449,btc_qm_engine,btc_leading_zeros,1.0000000000
408042,13297061178836,btc_qm_engine,btc_sha256_elapsed_ns,837.0000000000
408043,13297061178998,btc_qm_engine,btc_sha256_elapsed_ns,1112.0000000000
408044,13297061179438,btc_qm_engine,btc_sha256_nonce,2423489225.0000000000
408045,13297061179593,btc_qm_engine,btc_sha256_elapsed_ns,1131.0000000000
408046,13297061179789,btc_qm_engine,btc_leading_zeros,4.0000000000
408047,13297061179858,btc_qm_engine,btc_sha256_elapsed_ns,1098.0000000000
408048,13297061180114,btc_qm_engine,btc_sha256_nonce,4210867034.0000000000
408049,13297061180456,btc_qm_engine,btc_sha256_nonce,619298748.0000000000
408050,13297061180724,btc_qm_engine,btc_sha256_nonce,996646036.0000000000
408051,13297061180812,btc_qm_engine,btc_leading_zeros,0.0000000000
408052,13297061180875,btc_qm_engine,btc_sha256_elapsed_ns,1011.0000000000
408053,13297061181056,btc_qm_engine,btc_leading_zeros,2.0000000000
408054,13297061181154,btc_qm_engine,btc_leading_zeros,3.0000000000
408055,13297061181312,btc_qm_engine,btc_sha256_nonce,167284043.0000000000
408056,13297061181399,btc_qm_engine,btc_leading_zeros,0.0000000000
408057,13297061181606,btc_qm_engine,btc_sha256_elapsed_ns,976.0000000000
408058,13297061181857,btc_qm_engine,btc_sha256_elapsed_ns,1106.0000000000
408059,13297061181974,btc_qm_engine,btc_sha256_elapsed_ns,1120.0000000000
408060,13297061182101,btc_qm_engine,btc_sha256_nonce,3021274915.0000000000
408061,13297061182427,btc_qm_engine,btc_sha256_nonce,534730971.0000000000
408062,13297061182585,btc_qm_engine,btc_leading_zeros,2.0000000000
408063,13297061183130,btc_qm_engine,btc_sha256_nonce,937708620.0000000000
408064,13297061183203,btc_qm_engine,btc_leading_zeros,4.0000000000
408065,13297061183392,btc_qm_engine,btc_sha256_elapsed_ns,1105.0000000000
408066,13297061183562,btc_qm_engine,btc_sha256_nonce,2826844417.0000000000
408067,13297061184054,btc_qm_engine,btc_sha256_elapsed_ns,884.0000000000
408068,13297061184652,btc_qm_engine,btc_sha256_nonce,2098374778.0000000000
408069,13297061184728,btc_qm_engine,btc_leading_zeros,2.0000000000
408070,13297061184912,btc_qm_engine,btc_sha256_elapsed_ns,929.0000000000
408071,13297061185157,btc_qm_engine,btc_leading_zeros,1.0000000000
408072,13297061185416,btc_qm_engine,btc_sha256_elapsed_ns,1110.0000000000
408073,13297061186032,btc_qm_engine,btc_leading_zeros,0.0000000000
408074,13297061186143,btc_qm_engine,btc_sha256_elapsed_ns,1078.0000000000
408075,13297061186372,btc_qm_engine,btc_sha256_nonce,3722848587.0000000000
408076,13297061186508,btc_qm_engine,btc_sha256_nonce,254036621.0000000000
408077,13297061186914,btc_qm_engine,btc_leading_zeros,1.0000000000
408078,13297061187009,btc_qm_engine,btc_leading_zeros,1.0000000000
408079,13297061187400,btc_qm_engine,btc_sha256_elapsed_ns,736.0000000000
408080,13297061187590,btc_qm_engine,btc_sha256_nonce,4063013630.0000000000
408081,13297061187969,btc_qm_engine,btc_sha256_nonce,2780988704.0000000000
408082,13297061188448,btc_qm_engine,btc_sha256_elapsed_ns,1031.0000000000
408083,13297061188754,btc_qm_engine,btc_leading_zeros,2.0000000000
408084,13297061188984,btc_qm_engine,btc_sha256_nonce,117350682.0000000000
408085,13297061189378,btc_qm_engine,btc_sha256_nonce,1248923899.0000000000
408086,13297061189759,btc_qm_engine,btc_leading_zeros,0.0000000000
408087,13297061189831,btc_qm_engine,btc_sha256_elapsed_ns,1089.0000000000
408088,13297061189959,btc_qm_engine,btc_sha256_nonce,1531178756.0000000000
408089,13297061190127,btc_qm_engine,btc_leading_zeros,2.0000000000
408090,13297061190377,btc_qm_engine,btc_leading_zeros,0.0000000000
408091,13297061190518,btc_qm_engine,btc_sha256_elapsed_ns,1034.0000000000
408092,13297061191002,btc_qm_engine,btc_sha256_elapsed_ns,932.0000000000
408093,13297061191195,btc_qm_engine,btc_sha256_nonce,4014636141.0000000000
408094,13297061191274,btc_qm_engine,btc_leading_zeros,1.0000000000
408095,13297061191348,btc_qm_engine,btc_sha256_elapsed_ns,1102.0000000000
408096,13297061191496,btc_qm_engine,btc_sha256_elapsed_ns,986.0000000000
408097,13297061191907,btc_qm_engine,btc_sha256_nonce,465945946.0000000000
408098,13297061191985,btc_qm_engine,btc_leading_zeros,1.0000000000
408099,13297061192072,btc_qm_engine,btc_sha256_elapsed_ns,1056.0000000000
408100,13297061192228,btc_qm_engine,btc_sha256_nonce,2021654466.0000000000
408101,13297061192560,btc_qm_engine,btc_leading_zeros,4.0000000000
408102,13297061192779,btc_qm_engine,btc_sha256_nonce,532569650.0000000000
408103,13297061192926,btc_qm_engine,btc_sha256_nonce,3526013498.0000000000
408104,13297061193168,btc_qm_engine,btc_leading_zeros,1.0000000000
408105,13297061193376,btc_qm_engine,btc_sha256_nonce,3799604448.0000000000
408106,13297061193447,btc_qm_engine,btc_leading_zeros,0.0000000000
408107,13297061193535,btc_qm_engine,btc_sha256_elapsed_ns,985.0000000000
408108,13297061193908,btc_qm_engine,btc_sha256_elapsed_ns,1039.0000000000
408109,13297061194046,btc_qm_engine,btc_leading_zeros,2.0000000000
408110,13297061194556,btc_qm_engine,btc_sha256_nonce,2786568969.0000000000
408111,13297061194968,btc_qm_engine,btc_sha256_nonce,1860999222.0000000000
408112,13297061195144,btc_qm_engine,btc_sha256_nonce,2076551477.0000000000
408113,13297061195316,btc_qm_engine,btc_sha256_elapsed_ns,1075.0000000000
408114,13297061195865,btc_qm_engine,btc_sha256_elapsed_ns,1091.0000000000
408115,13297061196093,btc_qm_engine,btc_sha256_nonce,875485852.0000000000
408116,13297061196247,btc_qm_engine,btc_leading_zeros,4.0000000000
408117,13297061196950,btc_qm_engine,btc_leading_zeros,0.0000000000
408118,13297061197026,btc_qm_engine,btc_sha256_elapsed_ns,972.0000000000
408119,13297061197220,btc_qm_engine,btc_leading_zeros,4.0000000000
408120,13297061197373,btc_qm_engine,btc_sha256_nonce,619787346.0000000000
408121,13297061197635,btc_qm_engine,btc_sha256_elapsed_ns,1031.0000000000
408122,13297061198345,btc_qm_engine,btc_leading_zeros,0.0000000000
408123,13297061198582,btc_qm_engine,btc_sha256_nonce,2047568169.0000000000
408124,13297061198711,btc_qm_engine,btc_sha256_elapsed_ns,1073.0000000000
408125,13297061199067,btc_qm_engine,btc_sha256_nonce,2559417689.0000000000
408126,13297061199565,btc_qm_engine,btc_sha256_nonce,3670138131.0000000000
408127,13297061199630,btc_qm_engine,btc_leading_zeros,2.0000000000
408128,13297061199681,btc_qm_engine,btc_sha256_elapsed_ns,982.0000000000
408129,13297061200287,btc_qm_engine,btc_sha256_nonce,2827051267.0000000000
408130,13297061200638,btc_qm_engine,btc_sha256_nonce,1763583709.0000000000
408131,13297061200782,btc_qm_engine,btc_leading_zeros,1.0000000000
408132,13297061201342,btc_qm_engine,btc_leading_zeros,1.0000000000
408133,13297061201642,btc_qm_engine,btc_leading_zeros,0.0000000000
408134,13297061201728,btc_qm_engine,btc_sha256_elapsed_ns,998.0000000000
408135,13297061201867,btc_qm_engine,btc_sha256_nonce,3482528781.0000000000
408136,13297061202016,btc_qm_engine,btc_sha256_elapsed_ns,737.0000000000
408137,13297061202209,btc_qm_engine,btc_leading_zeros,0.0000000000
408138,13297061202277,btc_qm_engine,btc_sha256_elapsed_ns,976.0000000000
408139,13297061203107,btc_qm_engine,btc_sha256_nonce,1347351811.0000000000
408140,13297061203258,btc_qm_engine,btc_leading_zeros,0.0000000000
408141,13297061203344,btc_qm_engine,btc_sha256_nonce,400229835.0000000000
408142,13297061203637,btc_qm_engine,btc_sha256_nonce,996891170.0000000000
408143,13297061203809,btc_qm_engine,btc_sha256_elapsed_ns,1081.0000000000
408144,13297061203974,btc_qm_engine,btc_sha256_elapsed_ns,961.0000000000
408145,13297061204099,btc_qm_engine,btc_leading_zeros,0.0000000000
408146,13297061204184,btc_qm_engine,btc_sha256_elapsed_ns,742.0000000000
408147,13297061204635,btc_qm_engine,btc_leading_zeros,0.0000000000
408148,13297061205136,btc_qm_engine,btc_sha256_elapsed_ns,1046.0000000000
408149,13297061205308,btc_qm_engine,btc_sha256_nonce,3216789482.0000000000
408150,13297061205642,btc_qm_engine,btc_leading_zeros,1.0000000000
408151,13297061205973,btc_qm_engine,btc_sha256_nonce,629382054.0000000000
408152,13297061206054,btc_qm_engine,btc_leading_zeros,0.0000000000
408153,13297061206139,btc_qm_engine,btc_sha256_elapsed_ns,1017.0000000000
408154,13297061206257,btc_qm_engine,btc_sha256_elapsed_ns,1066.0000000000
408155,13297061206784,btc_qm_engine,btc_leading_zeros,1.0000000000
408156,13297061207074,btc_qm_engine,btc_sha256_nonce,3557105723.0000000000
408157,13297061207307,btc_qm_engine,btc_leading_zeros,0.0000000000
408158,13297061207904,btc_qm_engine,btc_sha256_nonce,443545666.0000000000
408159,13297061207988,btc_qm_engine,btc_leading_zeros,1.0000000000
408160,13297061208243,btc_qm_engine,btc_sha256_elapsed_ns,1062.0000000000
408161,13297061208448,btc_qm_engine,btc_sha256_elapsed_ns,1089.0000000000
408162,13297061208723,btc_qm_engine,btc_leading_zeros,0.0000000000
408163,13297061208848,btc_qm_engine,btc_sha256_elapsed_ns,1065.0000000000
408164,13297061208941,btc_qm_engine,btc_sha256_elapsed_ns,865.0000000000
408165,13297061209618,btc_qm_engine,btc_sha256_nonce,3004726079.0000000000
408166,13297061209699,btc_qm_engine,btc_leading_zeros,0.0000000000
408167,13297061209769,btc_qm_engine,btc_sha256_elapsed_ns,1085.0000000000
408168,13297061209935,btc_qm_engine,btc_sha256_nonce,1206771630.0000000000
408169,13297061210128,btc_qm_engine,btc_sha256_nonce,4168837468.0000000000
408170,13297061210342,btc_qm_engine,btc_leading_zeros,1.0000000000
408171,13297061210533,btc_qm_engine,btc_sha256_nonce,3475998585.0000000000
408172,13297061210694,btc_qm_engine,btc_sha256_elapsed_ns,738.0000000000
408173,13297061210969,btc_qm_engine,btc_leading_zeros,1.0000000000
408174,13297061211233,btc_qm_engine,btc_sha256_elapsed_ns,1035.0000000000
408175,13297061211839,btc_qm_engine,btc_sha256_nonce,2351636729.0000000000
408176,13297061212128,btc_qm_engine,btc_sha256_nonce,1958028018.0000000000
408177,13297061212203,btc_qm_engine,btc_leading_zeros,0.0000000000
408178,13297061212821,btc_qm_engine,btc_leading_zeros,0.0000000000
408179,13297061212970,btc_qm_engine,btc_sha256_elapsed_ns,880.0000000000
408180,13297061213254,btc_qm_engine,btc_sha256_nonce,4168152912.0000000000
408181,13297061214315,btc_qm_engine,btc_sha256_nonce,1023873183.0000000000
408182,13297061214398,btc_qm_engine,btc_leading_zeros,2.0000000000
408183,13297061214467,btc_qm_engine,btc_sha256_elapsed_ns,1084.0000000000
408184,13297061215263,btc_qm_engine,btc_sha256_nonce,106162619.0000000000
408185,13297061215336,btc_qm_engine,btc_leading_zeros,4.0000000000
408186,13297061215611,btc_qm_engine,btc_sha256_elapsed_ns,1028.0000000000
408187,13297061215804,btc_qm_engine,btc_sha256_nonce,4078955340.0000000000
408188,13297061216259,btc_qm_engine,btc_leading_zeros,0.0000000000
408189,13297061216431,btc_qm_engine,btc_leading_zeros,0.0000000000
408190,13297061216626,btc_qm_engine,btc_sha256_elapsed_ns,964.0000000000
408191,13297061216741,btc_qm_engine,btc_sha256_nonce,3405604767.0000000000
408192,13297061216862,btc_qm_engine,btc_leading_zeros,0.0000000000
408193,13297061217042,btc_qm_engine,btc_sha256_elapsed_ns,1030.0000000000
408194,13297061217223,btc_qm_engine,btc_sha256_nonce,99261429.0000000000
408195,13297061217495,btc_qm_engine,btc_sha256_elapsed_ns,821.0000000000
408196,13297061217705,btc_qm_engine,btc_sha256_elapsed_ns,832.0000000000
408197,13297061217848,btc_qm_engine,btc_leading_zeros,3.0000000000
408198,13297061218047,btc_qm_engine,btc_sha256_nonce,4209456564.0000000000
408199,13297061218386,btc_qm_engine,btc_sha256_nonce,2740231189.0000000000
408200,13297061218619,btc_qm_engine,btc_leading_zeros,1.0000000000
408201,13297061218976,btc_qm_engine,btc_leading_zeros,2.0000000000
408202,13297061219215,btc_qm_engine,btc_sha256_nonce,246214185.0000000000
408203,13297061219720,btc_qm_engine,btc_leading_zeros,0.0000000000
408204,13297061219914,btc_qm_engine,btc_sha256_nonce,1463024549.0000000000
408205,13297061220059,btc_qm_engine,btc_leading_zeros,0.0000000000
408206,13297061220129,btc_qm_engine,btc_sha256_elapsed_ns,964.0000000000
408207,13297061220267,btc_qm_engine,btc_leading_zeros,0.0000000000
408208,13297061220425,btc_qm_engine,btc_sha256_elapsed_ns,1044.0000000000
408209,13297061220703,btc_qm_engine,btc_sha256_elapsed_ns,1089.0000000000
408210,13297061221092,btc_qm_engine,btc_sha256_elapsed_ns,1012.0000000000
408211,13297061221257,btc_qm_engine,btc_sha256_nonce,1664785102.0000000000
408212,13297061221487,btc_qm_engine,btc_sha256_elapsed_ns,1024.0000000000
408213,13297061221580,btc_qm_engine,btc_leading_zeros,4.0000000000
408214,13297061221658,btc_qm_engine,btc_sha256_elapsed_ns,773.0000000000
408215,13297061221856,btc_qm_engine,btc_sha256_nonce,4086231053.0000000000
408216,13297061221947,btc_qm_engine,btc_leading_zeros,0.0000000000
408217,13297061222032,btc_qm_engine,btc_sha256_elapsed_ns,1123.0000000000
408218,13297061222307,btc_qm_engine,btc_sha256_nonce,3326654008.0000000000
408219,13297061222389,btc_qm_engine,btc_leading_zeros,1.0000000000
408220,13297061222462,btc_qm_engine,btc_sha256_elapsed_ns,1098.0000000000
408221,13297061222767,btc_qm_engine,btc_sha256_nonce,2552200745.0000000000
408222,13297061222881,btc_qm_engine,btc_leading_zeros,0.0000000000
408223,13297061223012,btc_qm_engine,btc_sha256_nonce,4103997827.0000000000
408224,13297061223343,btc_qm_engine,btc_sha256_elapsed_ns,1107.0000000000
408225,13297061223839,btc_qm_engine,btc_sha256_nonce,4209635832.0000000000
408226,13297061224186,btc_qm_engine,btc_leading_zeros,2.0000000000
408227,13297061224242,btc_qm_engine,btc_sha256_elapsed_ns,1104.0000000000
408228,13297061224380,btc_qm_engine,btc_sha256_nonce,1068331270.0000000000
408229,13297061224465,btc_qm_engine,btc_sha256_nonce,2191350128.0000000000
408230,13297061224769,btc_qm_engine,btc_leading_zeros,3.0000000000
408231,13297061224964,btc_qm_engine,btc_sha256_elapsed_ns,1046.0000000000
408232,13297061225080,btc_qm_engine,btc_sha256_nonce,1348718592.0000000000
408233,13297061225149,btc_qm_engine,btc_leading_zeros,0.0000000000
408234,13297061225567,btc_qm_engine,btc_sha256_elapsed_ns,1102.0000000000
408235,13297061225770,btc_qm_engine,btc_leading_zeros,2.0000000000
408236,13297061226072,btc_qm_engine,btc_sha256_nonce,4210408409.0000000000
408237,13297061226307,btc_qm_engine,btc_sha256_elapsed_ns,1040.0000000000
408238,13297061226594,btc_qm_engine,btc_leading_zeros,2.0000000000
408239,13297061226932,btc_qm_engine,btc_sha256_nonce,1015316016.0000000000
408240,13297061227014,btc_qm_engine,btc_leading_zeros,0.0000000000
408241,13297061227095,btc_qm_engine,btc_sha256_elapsed_ns,936.0000000000
408242,13297061227285,btc_qm_engine,btc_sha256_elapsed_ns,1087.0000000000
408243,13297061227531,btc_qm_engine,btc_leading_zeros,0.0000000000
408244,13297061227768,btc_qm_engine,btc_sha256_nonce,273157364.0000000000
408245,13297061227943,btc_qm_engine,btc_sha256_elapsed_ns,734.0000000000
408246,13297061228143,btc_qm_engine,btc_leading_zeros,4.0000000000
408247,13297061228276,btc_qm_engine,btc_leading_zeros,0.0000000000
408248,13297061228355,btc_qm_engine,btc_sha256_elapsed_ns,1096.0000000000
408249,13297061228488,btc_qm_engine,btc_sha256_elapsed_ns,850.0000000000
408250,13297061228666,btc_qm_engine,btc_sha256_nonce,3021440132.0000000000
408251,13297061228755,btc_qm_engine,btc_leading_zeros,0.0000000000
408252,13297061228897,btc_qm_engine,btc_sha256_nonce,2494476345.0000000000
408253,13297061229184,btc_qm_engine,btc_leading_zeros,4.0000000000
408254,13297061229703,btc_qm_engine,btc_sha256_nonce,98813788.0000000000
408255,13297061229877,btc_qm_engine,btc_sha256_elapsed_ns,1096.0000000000
408256,13297061230041,btc_qm_engine,btc_sha256_elapsed_ns,1083.0000000000
408257,13297061230236,btc_qm_engine,btc_leading_zeros,0.0000000000
408258,13297061230311,btc_qm_engine,btc_sha256_elapsed_ns,1101.0000000000
408259,13297061230495,btc_qm_engine,btc_sha256_nonce,1711621949.0000000000
408260,13297061230909,btc_qm_engine,btc_sha256_nonce,1780903822.0000000000
408261,13297061231111,btc_qm_engine,btc_sha256_nonce,4209466597.0000000000
408262,13297061231260,btc_qm_engine,btc_leading_zeros,0.0000000000
408263,13297061231415,btc_qm_engine,btc_sha256_nonce,4139718879.0000000000
408264,13297061231596,btc_qm_engine,btc_leading_zeros,3.0000000000
408265,13297061231788,btc_qm_engine,btc_leading_zeros,0.0000000000
408266,13297061232231,btc_qm_engine,btc_sha256_elapsed_ns,1013.0000000000
408267,13297061232399,btc_qm_engine,btc_sha256_nonce,3533595891.0000000000
408268,13297061233102,btc_qm_engine,btc_sha256_elapsed_ns,949.0000000000
408269,13297061233377,btc_qm_engine,btc_leading_zeros,1.0000000000
408270,13297061233461,btc_qm_engine,btc_sha256_elapsed_ns,1106.0000000000
408271,13297061234158,btc_qm_engine,btc_sha256_nonce,2283692176.0000000000
408272,13297061234264,btc_qm_engine,btc_leading_zeros,0.0000000000
408273,13297061234580,btc_qm_engine,btc_sha256_elapsed_ns,979.0000000000
408274,13297061234753,btc_qm_engine,btc_sha256_elapsed_ns,801.0000000000
408275,13297061235453,btc_qm_engine,btc_sha256_elapsed_ns,980.0000000000
408276,13297061235783,btc_qm_engine,btc_sha256_nonce,1597500019.0000000000
408277,13297061235898,btc_qm_engine,btc_sha256_elapsed_ns,1121.0000000000
408278,13297061236196,btc_qm_engine,btc_leading_zeros,0.0000000000
408279,13297061236269,btc_qm_engine,btc_sha256_elapsed_ns,1086.0000000000
408280,13297061236447,btc_qm_engine,btc_sha256_nonce,2413297889.0000000000
408281,13297061236524,btc_qm_engine,btc_leading_zeros,0.0000000000
408282,13297061236604,btc_qm_engine,btc_sha256_elapsed_ns,765.0000000000
408283,13297061237195,btc_qm_engine,btc_sha256_nonce,2423844566.0000000000
408284,13297061237389,btc_qm_engine,btc_leading_zeros,4.0000000000
408285,13297061237643,btc_qm_engine,btc_sha256_nonce,99333199.0000000000
408286,13297061237851,btc_qm_engine,btc_leading_zeros,0.0000000000
408287,13297061237986,btc_qm_engine,btc_sha256_nonce,2827238952.0000000000
408288,13297061238381,btc_qm_engine,btc_sha256_elapsed_ns,1036.0000000000
408289,13297061238624,btc_qm_engine,btc_sha256_elapsed_ns,1116.0000000000
408290,13297061238802,btc_qm_engine,btc_sha256_nonce,3332033654.0000000000
408291,13297061238921,btc_qm_engine,btc_leading_zeros,0.0000000000
408292,13297061238990,btc_qm_engine,btc_sha256_elapsed_ns,1111.0000000000
408293,13297061239173,btc_qm_engine,btc_leading_zeros,1.0000000000
408294,13297061239243,btc_qm_engine,btc_sha256_elapsed_ns,1100.0000000000
408295,13297061239934,btc_qm_engine,btc_sha256_nonce,2427452489.0000000000
408296,13297061240008,btc_qm_engine,btc_leading_zeros,0.0000000000
408297,13297061240087,btc_qm_engine,btc_sha256_elapsed_ns,1045.0000000000
408298,13297061240324,btc_qm_engine,btc_sha256_nonce,2195249085.0000000000
408299,13297061240394,btc_qm_engine,btc_leading_zeros,0.0000000000
408300,13297061240629,btc_qm_engine,btc_sha256_nonce,997173071.0000000000
408301,13297061241241,btc_qm_engine,btc_sha256_nonce,4247582866.0000000000
408302,13297061241329,btc_qm_engine,btc_leading_zeros,0.0000000000
408303,13297061241382,btc_qm_engine,btc_sha256_elapsed_ns,918.0000000000
408304,13297061241712,btc_qm_engine,btc_sha256_nonce,3894022543.0000000000
408305,13297061242414,btc_qm_engine,btc_leading_zeros,0.0000000000
408306,13297061242618,btc_qm_engine,btc_sha256_nonce,1800643752.0000000000
408307,13297061242702,btc_qm_engine,btc_leading_zeros,1.0000000000
408308,13297061242905,btc_qm_engine,btc_sha256_elapsed_ns,754.0000000000
408309,13297061243000,btc_qm_engine,btc_sha256_elapsed_ns,1077.0000000000
408310,13297061243294,btc_qm_engine,btc_sha256_elapsed_ns,1083.0000000000
408311,13297061244164,btc_qm_engine,btc_leading_zeros,0.0000000000
408312,13297061244249,btc_qm_engine,btc_sha256_elapsed_ns,730.0000000000
408313,13297061244670,btc_qm_engine,btc_sha256_nonce,3013102464.0000000000
408314,13297061244995,btc_qm_engine,btc_leading_zeros,0.0000000000
408315,13297061245150,btc_qm_engine,btc_sha256_nonce,1548637003.0000000000
408316,13297061245384,btc_qm_engine,btc_sha256_elapsed_ns,1150.0000000000
408317,13297061245581,btc_qm_engine,btc_sha256_nonce,3552789955.0000000000
408318,13297061245832,btc_qm_engine,btc_sha256_nonce,2106394610.0000000000
408319,13297061246007,btc_qm_engine,btc_leading_zeros,1.0000000000
408320,13297061246227,btc_qm_engine,btc_leading_zeros,0.0000000000
408321,13297061246309,btc_qm_engine,btc_sha256_elapsed_ns,1132.0000000000
408322,13297061246417,btc_qm_engine,btc_sha256_elapsed_ns,1026.0000000000
408323,13297061246863,btc_qm_engine,btc_sha256_nonce,4173847465.0000000000
408324,13297061247166,btc_qm_engine,btc_leading_zeros,0.0000000000
408325,13297061247398,btc_qm_engine,btc_leading_zeros,1.0000000000
408326,13297061247531,btc_qm_engine,btc_sha256_nonce,2423694686.0000000000
408327,13297061247606,btc_qm_engine,btc_leading_zeros,1.0000000000
408328,13297061248073,btc_qm_engine,btc_sha256_elapsed_ns,1047.0000000000
408329,13297061248338,btc_qm_engine,btc_sha256_elapsed_ns,974.0000000000
408330,13297061248746,btc_qm_engine,btc_sha256_nonce,3307337331.0000000000
408331,13297061249093,btc_qm_engine,btc_leading_zeros,0.0000000000
408332,13297061249211,btc_qm_engine,btc_sha256_nonce,1268882892.0000000000
408333,13297061249520,btc_qm_engine,btc_sha256_elapsed_ns,1084.0000000000
408334,13297061249660,btc_qm_engine,btc_sha256_elapsed_ns,1122.0000000000
408335,13297061249955,btc_qm_engine,btc_leading_zeros,1.0000000000
408336,13297061250289,btc_qm_engine,btc_sha256_nonce,2378509592.0000000000
408337,13297061250375,btc_qm_engine,btc_leading_zeros,0.0000000000
408338,13297061250801,btc_qm_engine,btc_sha256_elapsed_ns,1097.0000000000
408339,13297061251124,btc_qm_engine,btc_sha256_nonce,356561421.0000000000
408340,13297061251726,btc_qm_engine,btc_sha256_nonce,3490700002.0000000000
408341,13297061252160,btc_qm_engine,btc_sha256_nonce,905300751.0000000000
408342,13297061252363,btc_qm_engine,btc_leading_zeros,0.0000000000
408343,13297061252568,btc_qm_engine,btc_sha256_nonce,2423753952.0000000000
408344,13297061252779,btc_qm_engine,btc_sha256_elapsed_ns,771.0000000000
408345,13297061252926,btc_qm_engine,btc_leading_zeros,1.0000000000
408346,13297061253093,btc_qm_engine,btc_leading_zeros,0.0000000000
408347,13297061253496,btc_qm_engine,btc_leading_zeros,0.0000000000
408348,13297061253633,btc_qm_engine,btc_sha256_elapsed_ns,1099.0000000000
408349,13297061253869,btc_qm_engine,btc_sha256_elapsed_ns,1110.0000000000
408350,13297061254011,btc_qm_engine,btc_sha256_nonce,996522649.0000000000
408351,13297061254118,btc_qm_engine,btc_leading_zeros,0.0000000000
408352,13297061254565,btc_qm_engine,btc_sha256_elapsed_ns,946.0000000000
408353,13297061254684,btc_qm_engine,btc_sha256_elapsed_ns,1047.0000000000
408354,13297061255076,btc_qm_engine,btc_sha256_elapsed_ns,1021.0000000000
408355,13297061255326,btc_qm_engine,btc_sha256_nonce,1572375327.0000000000
408356,13297061255406,btc_qm_engine,btc_leading_zeros,4.0000000000
408357,13297061255477,btc_qm_engine,btc_sha256_elapsed_ns,1112.0000000000
408358,13297061255676,btc_qm_engine,btc_sha256_nonce,1219206741.0000000000
408359,13297061256191,btc_qm_engine,btc_leading_zeros,0.0000000000
408360,13297061256321,btc_qm_engine,btc_sha256_nonce,3551773872.0000000000
408361,13297061256397,btc_qm_engine,btc_leading_zeros,1.0000000000
408362,13297061256469,btc_qm_engine,btc_sha256_elapsed_ns,1089.0000000000
408363,13297061256709,btc_qm_engine,btc_sha256_nonce,2633350252.0000000000
408364,13297061256841,btc_qm_engine,btc_sha256_nonce,3944820274.0000000000
408365,13297061257143,btc_qm_engine,btc_sha256_nonce,158011998.0000000000
408366,13297061257346,btc_qm_engine,btc_leading_zeros,0.0000000000
408367,13297061257716,btc_qm_engine,btc_sha256_nonce,26108623.0000000000
408368,13297061257792,btc_qm_engine,btc_leading_zeros,2.0000000000
408369,13297061258028,btc_qm_engine,btc_sha256_nonce,285923809.0000000000
408370,13297061258233,btc_qm_engine,btc_sha256_elapsed_ns,1024.0000000000
408371,13297061258439,btc_qm_engine,btc_leading_zeros,2.0000000000
408372,13297061258627,btc_qm_engine,btc_sha256_elapsed_ns,1109.0000000000
408373,13297061259070,btc_qm_engine,btc_leading_zeros,1.0000000000
408374,13297061259565,btc_qm_engine,btc_sha256_elapsed_ns,1069.0000000000
408375,13297061259717,btc_qm_engine,btc_leading_zeros,0.0000000000
408376,13297061259995,btc_qm_engine,btc_sha256_elapsed_ns,1113.0000000000
408377,13297061260121,btc_qm_engine,btc_sha256_elapsed_ns,1085.0000000000
408378,13297061260885,btc_qm_engine,btc_sha256_nonce,1567551829.0000000000
408379,13297061261039,btc_qm_engine,btc_sha256_nonce,3825812620.0000000000
408380,13297061261320,btc_qm_engine,btc_sha256_nonce,2853756346.0000000000
408381,13297061262043,btc_qm_engine,btc_sha256_nonce,463738415.0000000000
408382,13297061282119,btc_qm_engine,btc_leading_zeros,1.0000000000
408383,13297061283255,btc_qm_engine,btc_sha256_elapsed_ns,825.0000000000
408384,13297061284237,btc_qm_engine,btc_sha256_nonce,3043361711.0000000000
408385,13297061284295,btc_qm_engine,btc_leading_zeros,0.0000000000
408386,13297061284348,btc_qm_engine,btc_sha256_elapsed_ns,806.0000000000
408387,13297061285224,btc_qm_engine,btc_sha256_nonce,4252470752.0000000000
408388,13297061285276,btc_qm_engine,btc_leading_zeros,1.0000000000
408389,13297061285335,btc_qm_engine,btc_sha256_elapsed_ns,736.0000000000
408390,13297061286229,btc_qm_engine,btc_sha256_nonce,1559727118.0000000000
408391,13297061286281,btc_qm_engine,btc_leading_zeros,2.0000000000
408392,13297061286333,btc_qm_engine,btc_sha256_elapsed_ns,738.0000000000
408393,13297061287225,btc_qm_engine,btc_sha256_nonce,1256604759.0000000000
408394,13297061287278,btc_qm_engine,btc_leading_zeros,0.0000000000
408395,13297061287327,btc_qm_engine,btc_sha256_elapsed_ns,740.0000000000
408396,13297061287846,btc_qm_engine,btc_leading_zeros,0.0000000000
408397,13297061288274,btc_qm_engine,btc_sha256_nonce,613995494.0000000000
408398,13297061288344,btc_qm_engine,btc_leading_zeros,1.0000000000
408399,13297061288396,btc_qm_engine,btc_sha256_elapsed_ns,739.0000000000
408400,13297061288991,btc_qm_engine,btc_sha256_elapsed_ns,797.0000000000
408401,13297061289441,btc_qm_engine,btc_sha256_nonce,964417550.0000000000
408402,13297061289526,btc_qm_engine,btc_leading_zeros,2.0000000000
408403,13297061289599,btc_qm_engine,btc_sha256_elapsed_ns,827.0000000000
408404,13297061290366,btc_qm_engine,btc_sha256_nonce,1769967464.0000000000
408405,13297061290461,btc_qm_engine,btc_leading_zeros,0.0000000000
408406,13297061290550,btc_qm_engine,btc_sha256_elapsed_ns,932.0000000000
408407,13297061290926,btc_qm_engine,btc_sha256_nonce,2285577830.0000000000
408408,13297061291005,btc_qm_engine,btc_leading_zeros,4.0000000000
408409,13297061291070,btc_qm_engine,btc_sha256_elapsed_ns,1070.0000000000
408410,13297061291779,btc_qm_engine,btc_sha256_nonce,1183148194.0000000000
408411,13297061291894,btc_qm_engine,btc_leading_zeros,0.0000000000
408412,13297061291971,btc_qm_engine,btc_sha256_elapsed_ns,952.0000000000
408413,13297061292325,btc_qm_engine,btc_sha256_nonce,1637865273.0000000000
408414,13297061292405,btc_qm_engine,btc_leading_zeros,0.0000000000
408415,13297061292467,btc_qm_engine,btc_sha256_elapsed_ns,1037.0000000000
408416,13297061293049,btc_qm_engine,btc_sha256_nonce,1174646545.0000000000
408417,13297061293176,btc_qm_engine,btc_sha256_nonce,1114871334.0000000000
408418,13297061293280,btc_qm_engine,btc_leading_zeros,0.0000000000
408419,13297061293373,btc_qm_engine,btc_sha256_elapsed_ns,907.0000000000
408420,13297061293898,btc_qm_engine,btc_leading_zeros,0.0000000000
408421,13297061293994,btc_qm_engine,btc_sha256_elapsed_ns,811.0000000000
408422,13297061294391,btc_qm_engine,btc_sha256_nonce,3800601370.0000000000
408423,13297061294464,btc_qm_engine,btc_leading_zeros,1.0000000000
408424,13297061294593,btc_qm_engine,btc_sha256_nonce,2240601723.0000000000
408425,13297061295273,btc_qm_engine,btc_sha256_elapsed_ns,1011.0000000000
408426,13297061295868,btc_qm_engine,btc_sha256_nonce,1584635735.0000000000
408427,13297061296639,btc_qm_engine,btc_leading_zeros,3.0000000000
408428,13297061296715,btc_qm_engine,btc_sha256_elapsed_ns,993.0000000000
408429,13297061296933,btc_qm_engine,btc_leading_zeros,4.0000000000
408430,13297061297322,btc_qm_engine,btc_leading_zeros,0.0000000000
408431,13297061297470,btc_qm_engine,btc_sha256_nonce,788942773.0000000000
408432,13297061297552,btc_qm_engine,btc_leading_zeros,1.0000000000
408433,13297061297629,btc_qm_engine,btc_sha256_elapsed_ns,1099.0000000000
408434,13297061297806,btc_qm_engine,btc_sha256_elapsed_ns,966.0000000000
408435,13297061298022,btc_qm_engine,btc_sha256_nonce,1727735666.0000000000
408436,13297061298385,btc_qm_engine,btc_leading_zeros,0.0000000000
408437,13297061299053,btc_qm_engine,btc_leading_zeros,0.0000000000
408438,13297061299353,btc_qm_engine,btc_sha256_nonce,613026287.0000000000
408439,13297061299425,btc_qm_engine,btc_leading_zeros,0.0000000000
408440,13297061299502,btc_qm_engine,btc_sha256_elapsed_ns,978.0000000000
408441,13297061299592,btc_qm_engine,btc_sha256_nonce,4210420993.0000000000
408442,13297061299748,btc_qm_engine,btc_sha256_elapsed_ns,866.0000000000
408443,13297061299896,btc_qm_engine,btc_leading_zeros,0.0000000000
408444,13297061299965,btc_qm_engine,btc_sha256_elapsed_ns,805.0000000000
408445,13297061300450,btc_qm_engine,btc_sha256_nonce,614127482.0000000000
408446,13297061300532,btc_qm_engine,btc_leading_zeros,1.0000000000
408447,13297061300730,btc_qm_engine,btc_leading_zeros,0.0000000000
408448,13297061301010,btc_qm_engine,btc_sha256_nonce,586636689.0000000000
408449,13297061301150,btc_qm_engine,btc_leading_zeros,3.0000000000
408450,13297061302065,btc_qm_engine,btc_sha256_nonce,109470657.0000000000
408451,13297061302349,btc_qm_engine,btc_sha256_elapsed_ns,942.0000000000
408452,13297061302573,btc_qm_engine,btc_sha256_elapsed_ns,1139.0000000000
408453,13297061302656,btc_qm_engine,btc_leading_zeros,1.0000000000
408454,13297061302728,btc_qm_engine,btc_sha256_elapsed_ns,853.0000000000
408455,13297061303001,btc_qm_engine,btc_sha256_elapsed_ns,744.0000000000
408456,13297061303536,btc_qm_engine,btc_sha256_elapsed_ns,1053.0000000000
408457,13297061303666,btc_qm_engine,btc_sha256_nonce,997325604.0000000000
408458,13297061303817,btc_qm_engine,btc_sha256_elapsed_ns,917.0000000000
408459,13297061304173,btc_qm_engine,btc_sha256_nonce,1175413176.0000000000
408460,13297061304266,btc_qm_engine,btc_leading_zeros,2.0000000000
408461,13297061304384,btc_qm_engine,btc_sha256_nonce,2423704615.0000000000
408462,13297061304643,btc_qm_engine,btc_sha256_nonce,1831328416.0000000000
408463,13297061304722,btc_qm_engine,btc_leading_zeros,4.0000000000
408464,13297061304795,btc_qm_engine,btc_sha256_elapsed_ns,1102.0000000000
408465,13297061305006,btc_qm_engine,btc_leading_zeros,0.0000000000
408466,13297061305298,btc_qm_engine,btc_leading_zeros,0.0000000000
408467,13297061305541,btc_qm_engine,btc_sha256_nonce,5864117.0000000000
408468,13297061305639,btc_qm_engine,btc_leading_zeros,1.0000000000
408469,13297061305722,btc_qm_engine,btc_sha256_elapsed_ns,1020.0000000000
408470,13297061305791,btc_qm_engine,btc_sha256_nonce,3552825163.0000000000
408471,13297061305947,btc_qm_engine,btc_sha256_elapsed_ns,1070.0000000000
408472,13297061306167,btc_qm_engine,btc_leading_zeros,0.0000000000
408473,13297061306784,btc_qm_engine,btc_sha256_elapsed_ns,1084.0000000000
408474,13297061307014,btc_qm_engine,btc_sha256_elapsed_ns,1057.0000000000
408475,13297061307607,btc_qm_engine,btc_sha256_nonce,1891247754.0000000000
408476,13297061308004,btc_qm_engine,btc_leading_zeros,1.0000000000
408477,13297061308084,btc_qm_engine,btc_sha256_elapsed_ns,1007.0000000000
408478,13297061308551,btc_qm_engine,btc_sha256_nonce,19149359.0000000000
408479,13297061308766,btc_qm_engine,btc_sha256_nonce,85721089.0000000000
408480,13297061309142,btc_qm_engine,btc_sha256_nonce,997079497.0000000000
408481,13297061309340,btc_qm_engine,btc_leading_zeros,1.0000000000
408482,13297061309554,btc_qm_engine,btc_leading_zeros,0.0000000000
408483,13297061309811,btc_qm_engine,btc_sha256_elapsed_ns,1080.0000000000
408484,13297061310042,btc_qm_engine,btc_sha256_nonce,1113742055.0000000000
408485,13297061310375,btc_qm_engine,btc_leading_zeros,2.0000000000
408486,13297061310468,btc_qm_engine,btc_sha256_elapsed_ns,1092.0000000000
408487,13297061310763,btc_qm_engine,btc_sha256_elapsed_ns,1068.0000000000
408488,13297061310952,btc_qm_engine,btc_leading_zeros,4.0000000000
408489,13297061311068,btc_qm_engine,btc_sha256_elapsed_ns,894.0000000000
408490,13297061311445,btc_qm_engine,btc_sha256_elapsed_ns,1118.0000000000
408491,13297061312048,btc_qm_engine,btc_sha256_nonce,613458355.0000000000
408492,13297061312132,btc_qm_engine,btc_leading_zeros,0.0000000000
408493,13297061312530,btc_qm_engine,btc_sha256_nonce,2795713687.0000000000
408494,13297061313087,btc_qm_engine,btc_sha256_nonce,1010047897.0000000000
408495,13297061313167,btc_qm_engine,btc_leading_zeros,0.0000000000
408496,13297061313259,btc_qm_engine,btc_sha256_elapsed_ns,907.0000000000
408497,13297061313342,btc_qm_engine,btc_sha256_nonce,3013178013.0000000000
408498,13297061313747,btc_qm_engine,btc_leading_zeros,1.0000000000
408499,13297061313818,btc_qm_engine,btc_sha256_elapsed_ns,961.0000000000
408500,13297061314085,btc_qm_engine,btc_sha256_nonce,2704836961.0000000000
408501,13297061314163,btc_qm_engine,btc_leading_zeros,1.0000000000
408502,13297061314229,btc_qm_engine,btc_sha256_elapsed_ns,819.0000000000
408503,13297061314550,btc_qm_engine,btc_sha256_nonce,851756293.0000000000
408504,13297061314624,btc_qm_engine,btc_leading_zeros,0.0000000000
408505,13297061314696,btc_qm_engine,btc_sha256_elapsed_ns,1061.0000000000
408506,13297061315133,btc_qm_engine,btc_sha256_nonce,3695872950.0000000000
408507,13297061315554,btc_qm_engine,btc_leading_zeros,0.0000000000
408508,13297061315631,btc_qm_engine,btc_sha256_elapsed_ns,1065.0000000000
408509,13297061315780,btc_qm_engine,btc_leading_zeros,0.0000000000
408510,13297061315964,btc_qm_engine,btc_sha256_elapsed_ns,984.0000000000
408511,13297061316427,btc_qm_engine,btc_sha256_nonce,1327588180.0000000000
408512,13297061316559,btc_qm_engine,btc_sha256_nonce,326557055.0000000000
408513,13297061316958,btc_qm_engine,btc_leading_zeros,1.0000000000
408514,13297061317030,btc_qm_engine,btc_sha256_elapsed_ns,1068.0000000000
408515,13297061317258,btc_qm_engine,btc_sha256_nonce,2909545424.0000000000
408516,13297061317350,btc_qm_engine,btc_leading_zeros,2.0000000000
408517,13297061317870,btc_qm_engine,btc_leading_zeros,2.0000000000
408518,13297061318082,btc_qm_engine,btc_sha256_elapsed_ns,954.0000000000
408519,13297061318259,btc_qm_engine,btc_sha256_nonce,1176305713.0000000000
408520,13297061318578,btc_qm_engine,btc_sha256_nonce,2816830299.0000000000
408521,13297061318659,btc_qm_engine,btc_leading_zeros,0.0000000000
408522,13297061318729,btc_qm_engine,btc_sha256_elapsed_ns,1011.0000000000
408523,13297061318895,btc_qm_engine,btc_leading_zeros,0.0000000000
408524,13297061318989,btc_qm_engine,btc_sha256_elapsed_ns,1071.0000000000
408525,13297061319170,btc_qm_engine,btc_sha256_elapsed_ns,988.0000000000
408526,13297061319618,btc_qm_engine,btc_sha256_nonce,1663295048.0000000000
408527,13297061319697,btc_qm_engine,btc_leading_zeros,0.0000000000
408528,13297061319765,btc_qm_engine,btc_sha256_elapsed_ns,1004.0000000000
408529,13297061320268,btc_qm_engine,btc_sha256_nonce,3672555549.0000000000
408530,13297061320402,btc_qm_engine,btc_leading_zeros,2.0000000000
408531,13297061320769,btc_qm_engine,btc_sha256_elapsed_ns,1012.0000000000
408532,13297061320979,btc_qm_engine,btc_sha256_nonce,67769095.0000000000
408533,13297061321213,btc_qm_engine,btc_sha256_nonce,2488471779.0000000000
408534,13297061321298,btc_qm_engine,btc_leading_zeros,1.0000000000
408535,13297061321364,btc_qm_engine,btc_sha256_elapsed_ns,1112.0000000000
408536,13297061321757,btc_qm_engine,btc_sha256_elapsed_ns,976.0000000000
408537,13297061321992,btc_qm_engine,btc_sha256_nonce,1391512051.0000000000
408538,13297061322475,btc_qm_engine,btc_leading_zeros,0.0000000000
408539,13297061322551,btc_qm_engine,btc_sha256_elapsed_ns,751.0000000000
408540,13297061322903,btc_qm_engine,btc_sha256_nonce,2826628772.0000000000
408541,13297061323382,btc_qm_engine,btc_leading_zeros,1.0000000000
408542,13297061323835,btc_qm_engine,btc_sha256_nonce,1175657860.0000000000
408543,13297061324018,btc_qm_engine,btc_sha256_elapsed_ns,1005.0000000000
408544,13297061324133,btc_qm_engine,btc_sha256_nonce,2709139145.0000000000
408545,13297061324208,btc_qm_engine,btc_leading_zeros,0.0000000000
408546,13297061324281,btc_qm_engine,btc_sha256_elapsed_ns,996.0000000000
408547,13297061324470,btc_qm_engine,btc_leading_zeros,0.0000000000
408548,13297061324686,btc_qm_engine,btc_sha256_nonce,3300460744.0000000000
408549,13297061324759,btc_qm_engine,btc_sha256_elapsed_ns,871.0000000000
408550,13297061324947,btc_qm_engine,btc_leading_zeros,0.0000000000
408551,13297061325121,btc_qm_engine,btc_sha256_elapsed_ns,1007.0000000000
408552,13297061325212,btc_qm_engine,btc_leading_zeros,1.0000000000
408553,13297061325621,btc_qm_engine,btc_sha256_nonce,1181439276.0000000000
408554,13297061325811,btc_qm_engine,btc_sha256_elapsed_ns,1039.0000000000
408555,13297061326192,btc_qm_engine,btc_sha256_nonce,3021289572.0000000000
408556,13297061326297,btc_qm_engine,btc_leading_zeros,0.0000000000
408557,13297061326426,btc_qm_engine,btc_sha256_nonce,699135724.0000000000
408558,13297061326520,btc_qm_engine,btc_leading_zeros,0.0000000000
408559,13297061326590,btc_qm_engine,btc_sha256_elapsed_ns,982.0000000000
408560,13297061326840,btc_qm_engine,btc_sha256_nonce,2914337531.0000000000
408561,13297061327284,btc_qm_engine,btc_sha256_elapsed_ns,997.0000000000
408562,13297061327428,btc_qm_engine,btc_leading_zeros,3.0000000000
408563,13297061327508,btc_qm_engine,btc_sha256_elapsed_ns,1043.0000000000
408564,13297061327626,btc_qm_engine,btc_leading_zeros,1.0000000000
408565,13297061328049,btc_qm_engine,btc_sha256_nonce,98609976.0000000000
408566,13297061328270,btc_qm_engine,btc_sha256_elapsed_ns,1107.0000000000
408567,13297061328537,btc_qm_engine,btc_sha256_nonce,1974201352.0000000000
408568,13297061328696,btc_qm_engine,btc_leading_zeros,1.0000000000
408569,13297061328800,btc_qm_engine,btc_sha256_elapsed_ns,996.0000000000
408570,13297061329034,btc_qm_engine,btc_sha256_nonce,1517069011.0000000000
408571,13297061329278,btc_qm_engine,btc_sha256_nonce,1882940963.0000000000
408572,13297061329697,btc_qm_engine,btc_leading_zeros,0.0000000000
408573,13297061329985,btc_qm_engine,btc_leading_zeros,2.0000000000
408574,13297061330232,btc_qm_engine,btc_sha256_nonce,2481551685.0000000000
408575,13297061330977,btc_qm_engine,btc_leading_zeros,0.0000000000
408576,13297061331117,btc_qm_engine,btc_sha256_elapsed_ns,1083.0000000000
408577,13297061331215,btc_qm_engine,btc_sha256_elapsed_ns,973.0000000000
408578,13297061331550,btc_qm_engine,btc_sha256_nonce,99647737.0000000000
408579,13297061332395,btc_qm_engine,btc_sha256_nonce,3725503362.0000000000
408580,13297061332545,btc_qm_engine,btc_sha256_nonce,1238628515.0000000000
408581,13297061332627,btc_qm_engine,btc_leading_zeros,0.0000000000
408582,13297061332797,btc_qm_engine,btc_sha256_elapsed_ns,1112.0000000000
408583,13297061333007,btc_qm_engine,btc_leading_zeros,0.0000000000
408584,13297061333083,btc_qm_engine,btc_sha256_elapsed_ns,1015.0000000000
408585,13297061333295,btc_qm_engine,btc_sha256_elapsed_ns,773.0000000000
408586,13297061334456,btc_qm_engine,btc_sha256_nonce,2086709049.0000000000
408587,13297061334530,btc_qm_engine,btc_leading_zeros,2.0000000000
408588,13297061334593,btc_qm_engine,btc_sha256_elapsed_ns,1108.0000000000
408589,13297061334858,btc_qm_engine,btc_sha256_nonce,2273357629.0000000000
408590,13297061334936,btc_qm_engine,btc_leading_zeros,1.0000000000
408591,13297061335001,btc_qm_engine,btc_sha256_elapsed_ns,1060.0000000000
408592,13297061335509,btc_qm_engine,btc_sha256_nonce,3021988652.0000000000
408593,13297061335851,btc_qm_engine,btc_sha256_nonce,493133719.0000000000
408594,13297061336176,btc_qm_engine,btc_sha256_nonce,3385464039.0000000000
408595,13297061336308,btc_qm_engine,btc_leading_zeros,2.0000000000
408596,13297061336394,btc_qm_engine,btc_leading_zeros,1.0000000000
408597,13297061336538,btc_qm_engine,btc_sha256_nonce,2253513313.0000000000
408598,13297061336807,btc_qm_engine,btc_sha256_elapsed_ns,1016.0000000000
408599,13297061337297,btc_qm_engine,btc_leading_zeros,0.0000000000
408600,13297061337484,btc_qm_engine,btc_sha256_elapsed_ns,1139.0000000000
408601,13297061337612,btc_qm_engine,btc_leading_zeros,0.0000000000
408602,13297061337697,btc_qm_engine,btc_sha256_elapsed_ns,1009.0000000000
408603,13297061337802,btc_qm_engine,btc_sha256_elapsed_ns,1045.0000000000
408604,13297061338284,btc_qm_engine,btc_leading_zeros,4.0000000000
408605,13297061338446,btc_qm_engine,btc_leading_zeros,1.0000000000
408606,13297061338614,btc_qm_engine,btc_sha256_nonce,2311350102.0000000000
408607,13297061338689,btc_qm_engine,btc_leading_zeros,1.0000000000
408608,13297061338738,btc_qm_engine,btc_sha256_elapsed_ns,730.0000000000
408609,13297061338916,btc_qm_engine,btc_sha256_elapsed_ns,1100.0000000000
408610,13297061339209,btc_qm_engine,btc_sha256_nonce,2485403598.0000000000
408611,13297061339481,btc_qm_engine,btc_sha256_elapsed_ns,956.0000000000
408612,13297061339606,btc_qm_engine,btc_sha256_nonce,4278149692.0000000000
408613,13297061339939,btc_qm_engine,btc_leading_zeros,3.0000000000
408614,13297061340081,btc_qm_engine,btc_leading_zeros,3.0000000000
408615,13297061340387,btc_qm_engine,btc_sha256_elapsed_ns,1072.0000000000
408616,13297061340523,btc_qm_engine,btc_sha256_nonce,4209540315.0000000000
408617,13297061340884,btc_qm_engine,btc_sha256_nonce,2965591532.0000000000
408618,13297061341132,btc_qm_engine,btc_leading_zeros,1.0000000000
408619,13297061341697,btc_qm_engine,btc_sha256_nonce,617264863.0000000000
408620,13297061341797,btc_qm_engine,btc_leading_zeros,4.0000000000
408621,13297061341891,btc_qm_engine,btc_sha256_nonce,574057991.0000000000
408622,13297061342071,btc_qm_engine,btc_sha256_elapsed_ns,754.0000000000
408623,13297061342181,btc_qm_engine,btc_sha256_elapsed_ns,1067.0000000000
408624,13297061342334,btc_qm_engine,btc_leading_zeros,0.0000000000
408625,13297061342421,btc_qm_engine,btc_sha256_elapsed_ns,1053.0000000000
408626,13297061342973,btc_qm_engine,btc_sha256_elapsed_ns,968.0000000000
408627,13297061343418,btc_qm_engine,btc_sha256_nonce,4209516008.0000000000
408628,13297061343589,btc_qm_engine,btc_sha256_nonce,2424117047.0000000000
408629,13297061343895,btc_qm_engine,btc_leading_zeros,0.0000000000
408630,13297061344168,btc_qm_engine,btc_sha256_nonce,996497278.0000000000
408631,13297061344243,btc_qm_engine,btc_leading_zeros,0.0000000000
408632,13297061344350,btc_qm_engine,btc_sha256_elapsed_ns,745.0000000000
408633,13297061344513,btc_qm_engine,btc_sha256_nonce,2824862489.0000000000
408634,13297061344742,btc_qm_engine,btc_leading_zeros,0.0000000000
408635,13297061345129,btc_qm_engine,btc_sha256_elapsed_ns,965.0000000000
408636,13297061345258,btc_qm_engine,btc_sha256_elapsed_ns,1060.0000000000
408637,13297061345422,btc_qm_engine,btc_leading_zeros,0.0000000000
408638,13297061345718,btc_qm_engine,btc_sha256_elapsed_ns,991.0000000000
408639,13297061346053,btc_qm_engine,btc_sha256_nonce,1527496847.0000000000
408640,13297061346137,btc_qm_engine,btc_leading_zeros,2.0000000000
408641,13297061346216,btc_qm_engine,btc_sha256_elapsed_ns,1097.0000000000
408642,13297061346537,btc_qm_engine,btc_sha256_nonce,4210454632.0000000000
408643,13297061346695,btc_qm_engine,btc_sha256_nonce,3616166359.0000000000
408644,13297061346773,btc_qm_engine,btc_leading_zeros,1.0000000000
408645,13297061346889,btc_qm_engine,btc_sha256_elapsed_ns,1035.0000000000
408646,13297061347045,btc_qm_engine,btc_leading_zeros,4.0000000000
408647,13297061347546,btc_qm_engine,btc_sha256_elapsed_ns,1069.0000000000
408648,13297061348041,btc_qm_engine,btc_sha256_nonce,3214457365.0000000000
408649,13297061348118,btc_qm_engine,btc_leading_zeros,0.0000000000
408650,13297061348182,btc_qm_engine,btc_sha256_elapsed_ns,908.0000000000
408651,13297061348361,btc_qm_engine,btc_leading_zeros,2.0000000000
408652,13297061348476,btc_qm_engine,btc_sha256_nonce,1741121383.0000000000
408653,13297061349113,btc_qm_engine,btc_sha256_elapsed_ns,942.0000000000
408654,13297061349228,btc_qm_engine,btc_leading_zeros,1.0000000000
408655,13297061349302,btc_qm_engine,btc_sha256_elapsed_ns,1044.0000000000
408656,13297061349439,btc_qm_engine,btc_sha256_nonce,679187773.0000000000
408657,13297061349513,btc_qm_engine,btc_leading_zeros,0.0000000000
408658,13297061349579,btc_qm_engine,btc_sha256_elapsed_ns,1023.0000000000
408659,13297061349930,btc_qm_engine,btc_sha256_nonce,3283760023.0000000000
408660,13297061350171,btc_qm_engine,btc_sha256_nonce,3888486041.0000000000
408661,13297061350401,btc_qm_engine,btc_leading_zeros,0.0000000000
408662,13297061350671,btc_qm_engine,btc_sha256_nonce,2735027593.0000000000
408663,13297061350856,btc_qm_engine,btc_sha256_nonce,368162701.0000000000
408664,13297061351042,btc_qm_engine,btc_sha256_elapsed_ns,1073.0000000000
408665,13297061351750,btc_qm_engine,btc_leading_zeros,0.0000000000
408666,13297061351830,btc_qm_engine,btc_sha256_elapsed_ns,729.0000000000
408667,13297061352063,btc_qm_engine,btc_leading_zeros,0.0000000000
408668,13297061352380,btc_qm_engine,btc_sha256_elapsed_ns,979.0000000000
408669,13297061352745,btc_qm_engine,btc_sha256_nonce,433787120.0000000000
408670,13297061352981,btc_qm_engine,btc_sha256_nonce,464590807.0000000000
408671,13297061353173,btc_qm_engine,btc_sha256_nonce,2889327577.0000000000
408672,13297061353390,btc_qm_engine,btc_leading_zeros,1.0000000000
408673,13297061353522,btc_qm_engine,btc_sha256_elapsed_ns,1068.0000000000
408674,13297061353606,btc_qm_engine,btc_sha256_nonce,2287057677.0000000000
408675,13297061353930,btc_qm_engine,btc_sha256_elapsed_ns,829.0000000000
408676,13297061354208,btc_qm_engine,btc_sha256_nonce,1120557305.0000000000
408677,13297061354404,btc_qm_engine,btc_leading_zeros,0.0000000000
408678,13297061354550,btc_qm_engine,btc_leading_zeros,0.0000000000
408679,13297061354887,btc_qm_engine,btc_sha256_elapsed_ns,1058.0000000000
408680,13297061355194,btc_qm_engine,btc_sha256_nonce,1113878570.0000000000
408681,13297061355411,btc_qm_engine,btc_leading_zeros,1.0000000000
408682,13297061355886,btc_qm_engine,btc_sha256_nonce,2014641580.0000000000
408683,13297061356029,btc_qm_engine,btc_leading_zeros,0.0000000000
408684,13297061356229,btc_qm_engine,btc_sha256_elapsed_ns,768.0000000000
408685,13297061356977,btc_qm_engine,btc_sha256_elapsed_ns,908.0000000000
408686,13297061357443,btc_qm_engine,btc_sha256_nonce,2799849411.0000000000
408687,13297061357799,btc_qm_engine,btc_leading_zeros,0.0000000000
408688,13297061357871,btc_qm_engine,btc_sha256_elapsed_ns,1098.0000000000
408689,13297061358076,btc_qm_engine,btc_leading_zeros,0.0000000000
408690,13297061358342,btc_qm_engine,btc_sha256_elapsed_ns,929.0000000000
408691,13297061358784,btc_qm_engine,btc_sha256_nonce,2826495018.0000000000
408692,13297061359305,btc_qm_engine,btc_sha256_nonce,1363182763.0000000000
408693,13297061359742,btc_qm_engine,btc_leading_zeros,1.0000000000
408694,13297061359874,btc_qm_engine,btc_leading_zeros,0.0000000000
408695,13297061359945,btc_qm_engine,btc_sha256_elapsed_ns,1108.0000000000
408696,13297061360089,btc_qm_engine,btc_sha256_nonce,2466446126.0000000000
408697,13297061360310,btc_qm_engine,btc_sha256_elapsed_ns,1011.0000000000
408698,13297061360562,btc_qm_engine,btc_leading_zeros,0.0000000000
408699,13297061360644,btc_qm_engine,btc_sha256_elapsed_ns,1026.0000000000
408700,13297061360931,btc_qm_engine,btc_sha256_nonce,1382320308.0000000000
408701,13297061361027,btc_qm_engine,btc_leading_zeros,2.0000000000
408702,13297061361128,btc_qm_engine,btc_sha256_elapsed_ns,1095.0000000000
408703,13297061361616,btc_qm_engine,btc_leading_zeros,0.0000000000
408704,13297061361975,btc_qm_engine,btc_sha256_elapsed_ns,732.0000000000
408705,13297061362216,btc_qm_engine,btc_sha256_nonce,4228158487.0000000000
408706,13297061362741,btc_qm_engine,btc_sha256_elapsed_ns,1018.0000000000
408707,13297061362944,btc_qm_engine,btc_sha256_nonce,3597277244.0000000000
408708,13297061363257,btc_qm_engine,btc_leading_zeros,0.0000000000
408709,13297061363462,btc_qm_engine,btc_leading_zeros,3.0000000000
408710,13297061363545,btc_qm_engine,btc_sha256_elapsed_ns,974.0000000000
408711,13297061363725,btc_qm_engine,btc_sha256_elapsed_ns,1045.0000000000
408712,13297061364000,btc_qm_engine,btc_leading_zeros,0.0000000000
408713,13297061364475,btc_qm_engine,btc_sha256_elapsed_ns,1105.0000000000
408714,13297061364776,btc_qm_engine,btc_sha256_nonce,3551755529.0000000000
408715,13297061364854,btc_qm_engine,btc_leading_zeros,2.0000000000
408716,13297061364924,btc_qm_engine,btc_sha256_elapsed_ns,1101.0000000000
408717,13297061365188,btc_qm_engine,btc_sha256_nonce,613506420.0000000000
408718,13297061365263,btc_qm_engine,btc_leading_zeros,2.0000000000
408719,13297061365335,btc_qm_engine,btc_sha256_elapsed_ns,1078.0000000000
408720,13297061365520,btc_qm_engine,btc_sha256_nonce,2416438734.0000000000
408721,13297061365672,btc_qm_engine,btc_sha256_nonce,1607544740.0000000000
408722,13297061365916,btc_qm_engine,btc_leading_zeros,0.0000000000
408723,13297061365985,btc_qm_engine,btc_sha256_elapsed_ns,731.0000000000
408724,13297061366081,btc_qm_engine,btc_leading_zeros,0.0000000000
408725,13297061366149,btc_qm_engine,btc_sha256_elapsed_ns,1106.0000000000
408726,13297061366348,btc_qm_engine,btc_sha256_nonce,2796220485.0000000000
408727,13297061366428,btc_qm_engine,btc_leading_zeros,10.0000000000
408728,13297061366499,btc_qm_engine,btc_sha256_elapsed_ns,1113.0000000000
408729,13297061366711,btc_qm_engine,btc_sha256_nonce,3935581477.0000000000
408730,13297061366790,btc_qm_engine,btc_leading_zeros,1.0000000000
408731,13297061367087,btc_qm_engine,btc_sha256_nonce,1153763958.0000000000
408732,13297061367297,btc_qm_engine,btc_sha256_elapsed_ns,1115.0000000000
408733,13297061367451,btc_qm_engine,btc_sha256_nonce,1707079154.0000000000
408734,13297061367530,btc_qm_engine,btc_leading_zeros,1.0000000000
408735,13297061367622,btc_qm_engine,btc_sha256_nonce,4209229970.0000000000
408736,13297061367776,btc_qm_engine,btc_sha256_nonce,96321420.0000000000
408737,13297061367873,btc_qm_engine,btc_leading_zeros,0.0000000000
408738,13297061367943,btc_qm_engine,btc_sha256_elapsed_ns,1023.0000000000
408739,13297061368067,btc_qm_engine,btc_leading_zeros,2.0000000000
408740,13297061368194,btc_qm_engine,btc_sha256_nonce,2820271467.0000000000
408741,13297061368268,btc_qm_engine,btc_leading_zeros,1.0000000000
408742,13297061368338,btc_qm_engine,btc_sha256_elapsed_ns,976.0000000000
408743,13297061368443,btc_qm_engine,btc_sha256_elapsed_ns,953.0000000000
408744,13297061368830,btc_qm_engine,btc_sha256_elapsed_ns,1053.0000000000
408745,13297061368923,btc_qm_engine,btc_sha256_nonce,662742652.0000000000
408746,13297061368995,btc_qm_engine,btc_leading_zeros,1.0000000000
408747,13297061369058,btc_qm_engine,btc_sha256_elapsed_ns,740.0000000000
408748,13297061369637,btc_qm_engine,btc_sha256_nonce,639116281.0000000000
408749,13297061370085,btc_qm_engine,btc_leading_zeros,0.0000000000
408750,13297061370254,btc_qm_engine,btc_sha256_nonce,448981881.0000000000
408751,13297061370331,btc_qm_engine,btc_leading_zeros,0.0000000000
408752,13297061370407,btc_qm_engine,btc_sha256_nonce,2423913761.0000000000
408753,13297061370854,btc_qm_engine,btc_sha256_nonce,195766080.0000000000
408754,13297061371216,btc_qm_engine,btc_leading_zeros,0.0000000000
408755,13297061371446,btc_qm_engine,btc_leading_zeros,0.0000000000
408756,13297061371522,btc_qm_engine,btc_sha256_elapsed_ns,815.0000000000
408757,13297061371817,btc_qm_engine,btc_sha256_nonce,3787061799.0000000000
408758,13297061372320,btc_qm_engine,btc_sha256_elapsed_ns,1086.0000000000
408759,13297061372499,btc_qm_engine,btc_leading_zeros,0.0000000000
408760,13297061372683,btc_qm_engine,btc_sha256_elapsed_ns,1051.0000000000
408761,13297061372887,btc_qm_engine,btc_sha256_elapsed_ns,844.0000000000
408762,13297061373101,btc_qm_engine,btc_sha256_nonce,451355084.0000000000
408763,13297061373379,btc_qm_engine,btc_leading_zeros,0.0000000000
408764,13297061373431,btc_qm_engine,btc_sha256_elapsed_ns,907.0000000000
408765,13297061373954,btc_qm_engine,btc_sha256_nonce,2423560362.0000000000
408766,13297061374173,btc_qm_engine,btc_leading_zeros,2.0000000000
408767,13297061374229,btc_qm_engine,btc_sha256_elapsed_ns,1065.0000000000
408768,13297061374397,btc_qm_engine,btc_sha256_nonce,2621369561.0000000000
408769,13297061374607,btc_qm_engine,btc_sha256_nonce,2729158006.0000000000
408770,13297061374687,btc_qm_engine,btc_leading_zeros,2.0000000000
408771,13297061374758,btc_qm_engine,btc_sha256_elapsed_ns,934.0000000000
408772,13297061374875,btc_qm_engine,btc_leading_zeros,0.0000000000
408773,13297061375185,btc_qm_engine,btc_leading_zeros,3.0000000000
408774,13297061375380,btc_qm_engine,btc_sha256_elapsed_ns,1113.0000000000
408775,13297061376121,btc_qm_engine,btc_sha256_nonce,2192511176.0000000000
408776,13297061376301,btc_qm_engine,btc_sha256_nonce,756720227.0000000000
408777,13297061376376,btc_qm_engine,btc_leading_zeros,0.0000000000
408778,13297061376426,btc_qm_engine,btc_sha256_elapsed_ns,816.0000000000
408779,13297061377003,btc_qm_engine,btc_leading_zeros,0.0000000000
408780,13297061377463,btc_qm_engine,btc_sha256_nonce,88611406.0000000000
408781,13297061377537,btc_qm_engine,btc_leading_zeros,3.0000000000
408782,13297061377603,btc_qm_engine,btc_sha256_elapsed_ns,1073.0000000000
408783,13297061377757,btc_qm_engine,btc_sha256_nonce,1015915256.0000000000
408784,13297061378075,btc_qm_engine,btc_sha256_elapsed_ns,1108.0000000000
408785,13297061378890,btc_qm_engine,btc_sha256_nonce,2826755113.0000000000
408786,13297061378969,btc_qm_engine,btc_leading_zeros,0.0000000000
408787,13297061379049,btc_qm_engine,btc_sha256_elapsed_ns,1040.0000000000
408788,13297061379179,btc_qm_engine,btc_sha256_elapsed_ns,760.0000000000
408789,13297061379723,btc_qm_engine,btc_sha256_nonce,111194638.0000000000
408790,13297061379799,btc_qm_engine,btc_leading_zeros,2.0000000000
408791,13297061379875,btc_qm_engine,btc_sha256_elapsed_ns,1104.0000000000
408792,13297061380252,btc_qm_engine,btc_leading_zeros,1.0000000000
408793,13297061380439,btc_qm_engine,btc_sha256_elapsed_ns,827.0000000000
408794,13297061380575,btc_qm_engine,btc_sha256_nonce,2423381380.0000000000
408795,13297061380657,btc_qm_engine,btc_leading_zeros,0.0000000000
408796,13297061380737,btc_qm_engine,btc_sha256_elapsed_ns,1110.0000000000
408797,13297061380963,btc_qm_engine,btc_sha256_nonce,1336737016.0000000000
408798,13297061381127,btc_qm_engine,btc_sha256_nonce,996737211.0000000000
408799,13297061381248,btc_qm_engine,btc_sha256_nonce,2913329931.0000000000
408800,13297061381320,btc_qm_engine,btc_leading_zeros,0.0000000000
408801,13297061381517,btc_qm_engine,btc_sha256_elapsed_ns,1126.0000000000
408802,13297061381971,btc_qm_engine,btc_sha256_nonce,3639724088.0000000000
408803,13297061382388,btc_qm_engine,btc_sha256_nonce,1329740530.0000000000
408804,13297061382471,btc_qm_engine,btc_leading_zeros,3.0000000000
408805,13297061382525,btc_qm_engine,btc_sha256_elapsed_ns,977.0000000000
408806,13297061382830,btc_qm_engine,btc_sha256_nonce,1984380082.0000000000
408807,13297061383344,btc_qm_engine,btc_leading_zeros,0.0000000000
408808,13297061383485,btc_qm_engine,btc_leading_zeros,1.0000000000
408809,13297061383563,btc_qm_engine,btc_sha256_elapsed_ns,985.0000000000
408810,13297061383733,btc_qm_engine,btc_sha256_elapsed_ns,1097.0000000000
408811,13297061383888,btc_qm_engine,btc_sha256_nonce,3159107395.0000000000
408812,13297061384228,btc_qm_engine,btc_leading_zeros,0.0000000000
408813,13297061384300,btc_qm_engine,btc_sha256_elapsed_ns,1034.0000000000
408814,13297061384684,btc_qm_engine,btc_sha256_nonce,3388269879.0000000000
408815,13297061384753,btc_qm_engine,btc_leading_zeros,0.0000000000
408816,13297061384825,btc_qm_engine,btc_sha256_elapsed_ns,830.0000000000
408817,13297061385060,btc_qm_engine,btc_sha256_nonce,3743271692.0000000000
408818,13297061385136,btc_qm_engine,btc_leading_zeros,0.0000000000
408819,13297061385191,btc_qm_engine,btc_sha256_elapsed_ns,1045.0000000000
408820,13297061385490,btc_qm_engine,btc_sha256_elapsed_ns,922.0000000000
408821,13297061385579,btc_qm_engine,btc_sha256_nonce,3552619736.0000000000
408822,13297061385769,btc_qm_engine,btc_leading_zeros,0.0000000000
408823,13297061385911,btc_qm_engine,btc_sha256_nonce,98904162.0000000000
408824,13297061385991,btc_qm_engine,btc_leading_zeros,0.0000000000
408825,13297061386073,btc_qm_engine,btc_sha256_elapsed_ns,856.0000000000
408826,13297061386187,btc_qm_engine,btc_sha256_nonce,969134937.0000000000
408827,13297061386394,btc_qm_engine,btc_sha256_nonce,1925586045.0000000000
408828,13297061386587,btc_qm_engine,btc_leading_zeros,0.0000000000
408829,13297061386655,btc_qm_engine,btc_sha256_elapsed_ns,822.0000000000
408830,13297061386903,btc_qm_engine,btc_sha256_elapsed_ns,1084.0000000000
408831,13297061387082,btc_qm_engine,btc_sha256_nonce,98517730.0000000000
408832,13297061387184,btc_qm_engine,btc_leading_zeros,0.0000000000
408833,13297061387236,btc_qm_engine,btc_sha256_elapsed_ns,737.0000000000
408834,13297061387491,btc_qm_engine,btc_leading_zeros,0.0000000000
408835,13297061387916,btc_qm_engine,btc_sha256_nonce,2391428666.0000000000
408836,13297061388017,btc_qm_engine,btc_leading_zeros,1.0000000000
408837,13297061388079,btc_qm_engine,btc_sha256_elapsed_ns,1015.0000000000
408838,13297061388208,btc_qm_engine,btc_sha256_nonce,1273822126.0000000000
408839,13297061388364,btc_qm_engine,btc_leading_zeros,1.0000000000
408840,13297061388511,btc_qm_engine,btc_sha256_nonce,590087604.0000000000
408841,13297061388583,btc_qm_engine,btc_leading_zeros,2.0000000000
408842,13297061389328,btc_qm_engine,btc_sha256_nonce,2826728174.0000000000
408843,13297061389735,btc_qm_engine,btc_leading_zeros,0.0000000000
408844,13297061389788,btc_qm_engine,btc_sha256_elapsed_ns,1061.0000000000
408845,13297061389941,btc_qm_engine,btc_sha256_elapsed_ns,790.0000000000
408846,13297061390302,btc_qm_engine,btc_sha256_nonce,3091939982.0000000000
408847,13297061390690,btc_qm_engine,btc_leading_zeros,2.0000000000
408848,13297061390760,btc_qm_engine,btc_sha256_elapsed_ns,983.0000000000
408849,13297061391069,btc_qm_engine,btc_sha256_elapsed_ns,844.0000000000
408850,13297061391232,btc_qm_engine,btc_leading_zeros,0.0000000000
408851,13297061391361,btc_qm_engine,btc_sha256_nonce,3996513731.0000000000
408852,13297061391441,btc_qm_engine,btc_leading_zeros,0.0000000000
408853,13297061391512,btc_qm_engine,btc_sha256_elapsed_ns,964.0000000000
408854,13297061391727,btc_qm_engine,btc_sha256_elapsed_ns,27195.0000000000
408855,13297061392157,btc_qm_engine,btc_sha256_elapsed_ns,747.0000000000
408856,13297061392285,btc_qm_engine,btc_sha256_nonce,710241316.0000000000
408857,13297061392364,btc_qm_engine,btc_leading_zeros,0.0000000000
408858,13297061392785,btc_qm_engine,btc_sha256_elapsed_ns,996.0000000000
408859,13297061392881,btc_qm_engine,btc_sha256_nonce,996566891.0000000000
408860,13297061393216,btc_qm_engine,btc_sha256_nonce,1440730613.0000000000
408861,13297061393302,btc_qm_engine,btc_leading_zeros,0.0000000000
408862,13297061393371,btc_qm_engine,btc_sha256_elapsed_ns,1080.0000000000
408863,13297061393556,btc_qm_engine,btc_leading_zeros,1.0000000000
408864,13297061393627,btc_qm_engine,btc_sha256_elapsed_ns,1063.0000000000
408865,13297061394006,btc_qm_engine,btc_sha256_nonce,3021763496.0000000000
408866,13297061394164,btc_qm_engine,btc_sha256_nonce,1668447331.0000000000
408867,13297061394262,btc_qm_engine,btc_leading_zeros,2.0000000000
408868,13297061394326,btc_qm_engine,btc_sha256_elapsed_ns,1094.0000000000
408869,13297061394497,btc_qm_engine,btc_leading_zeros,0.0000000000
408870,13297061394906,btc_qm_engine,btc_sha256_nonce,2083614704.0000000000
408871,13297061395141,btc_qm_engine,btc_sha256_elapsed_ns,1016.0000000000
408872,13297061395312,btc_qm_engine,btc_sha256_nonce,1241079558.0000000000
408873,13297061395448,btc_qm_engine,btc_leading_zeros,0.0000000000
408874,13297061395662,btc_qm_engine,btc_sha256_nonce,113030491.0000000000
408875,13297061395932,btc_qm_engine,btc_sha256_nonce,2969197450.0000000000
408876,13297061396005,btc_qm_engine,btc_leading_zeros,4.0000000000
408877,13297061396056,btc_qm_engine,btc_sha256_elapsed_ns,1030.0000000000
408878,13297061396304,btc_qm_engine,btc_sha256_nonce,2422897992.0000000000
408879,13297061396445,btc_qm_engine,btc_leading_zeros,0.0000000000
408880,13297061396526,btc_qm_engine,btc_sha256_elapsed_ns,979.0000000000
408881,13297061396809,btc_qm_engine,btc_leading_zeros,1.0000000000
408882,13297061396941,btc_qm_engine,btc_leading_zeros,0.0000000000
408883,13297061397016,btc_qm_engine,btc_sha256_elapsed_ns,898.0000000000
408884,13297061397232,btc_qm_engine,btc_sha256_nonce,1981495326.0000000000
408885,13297061397577,btc_qm_engine,btc_sha256_nonce,535088870.0000000000
408886,13297061397807,btc_qm_engine,btc_sha256_nonce,713870660.0000000000
408887,13297061397892,btc_qm_engine,btc_leading_zeros,0.0000000000
408888,13297061397963,btc_qm_engine,btc_sha256_elapsed_ns,1018.0000000000
408889,13297061398069,btc_qm_engine,btc_leading_zeros,0.0000000000
408890,13297061398488,btc_qm_engine,btc_sha256_nonce,2424126229.0000000000
408891,13297061398877,btc_qm_engine,btc_sha256_elapsed_ns,1003.0000000000
408892,13297061399064,btc_qm_engine,btc_leading_zeros,1.0000000000
408893,13297061399140,btc_qm_engine,btc_sha256_elapsed_ns,1117.0000000000
408894,13297061399240,btc_qm_engine,btc_sha256_nonce,4210434991.0000000000
408895,13297061399602,btc_qm_engine,btc_leading_zeros,0.0000000000
408896,13297061399691,btc_qm_engine,btc_sha256_elapsed_ns,1016.0000000000
408897,13297061400040,btc_qm_engine,btc_sha256_elapsed_ns,778.0000000000
408898,13297061400173,btc_qm_engine,btc_leading_zeros,3.0000000000
408899,13297061400253,btc_qm_engine,btc_sha256_elapsed_ns,1018.0000000000
408900,13297061400415,btc_qm_engine,btc_sha256_nonce,3022186973.0000000000
408901,13297061400523,btc_qm_engine,btc_leading_zeros,1.0000000000
408902,13297061400744,btc_qm_engine,btc_leading_zeros,4.0000000000
408903,13297061401324,btc_qm_engine,btc_sha256_nonce,4250084550.0000000000
408904,13297061401568,btc_qm_engine,btc_sha256_elapsed_ns,1075.0000000000
408905,13297061402012,btc_qm_engine,btc_sha256_nonce,2163916797.0000000000
408906,13297061402175,btc_qm_engine,btc_sha256_nonce,3568109978.0000000000
408907,13297061402294,btc_qm_engine,btc_leading_zeros,3.0000000000
408908,13297061402480,btc_qm_engine,btc_leading_zeros,0.0000000000
408909,13297061402592,btc_qm_engine,btc_leading_zeros,3.0000000000
408910,13297061402746,btc_qm_engine,btc_sha256_elapsed_ns,1002.0000000000
408911,13297061402891,btc_qm_engine,btc_sha256_elapsed_ns,1039.0000000000
408912,13297061403247,btc_qm_engine,btc_sha256_elapsed_ns,766.0000000000
408913,13297061403433,btc_qm_engine,btc_sha256_elapsed_ns,934.0000000000
408914,13297061403573,btc_qm_engine,btc_sha256_nonce,3357079904.0000000000
408915,13297061404020,btc_qm_engine,btc_leading_zeros,0.0000000000
408916,13297061404103,btc_qm_engine,btc_sha256_elapsed_ns,892.0000000000
408917,13297061404523,btc_qm_engine,btc_sha256_nonce,2826495763.0000000000
408918,13297061404703,btc_qm_engine,btc_sha256_nonce,2734988329.0000000000
408919,13297061404776,btc_qm_engine,btc_leading_zeros,0.0000000000
408920,13297061404965,btc_qm_engine,btc_sha256_nonce,780389743.0000000000
408921,13297061405261,btc_qm_engine,btc_sha256_nonce,3090143651.0000000000
408922,13297061405607,btc_qm_engine,btc_sha256_nonce,3552943973.0000000000
408923,13297061405690,btc_qm_engine,btc_leading_zeros,0.0000000000
408924,13297061405757,btc_qm_engine,btc_sha256_elapsed_ns,928.0000000000
408925,13297061405973,btc_qm_engine,btc_leading_zeros,0.0000000000
408926,13297061406151,btc_qm_engine,btc_leading_zeros,0.0000000000
408927,13297061406715,btc_qm_engine,btc_sha256_elapsed_ns,1035.0000000000
408928,13297061406876,btc_qm_engine,btc_leading_zeros,4.0000000000
408929,13297061406993,btc_qm_engine,btc_sha256_elapsed_ns,991.0000000000
408930,13297061407152,btc_qm_engine,btc_sha256_nonce,3001709737.0000000000
408931,13297061407333,btc_qm_engine,btc_sha256_nonce,1057608100.0000000000
408932,13297061407414,btc_qm_engine,btc_leading_zeros,1.0000000000
408933,13297061407620,btc_qm_engine,btc_sha256_elapsed_ns,1009.0000000000
408934,13297061407863,btc_qm_engine,btc_leading_zeros,0.0000000000
408935,13297061408146,btc_qm_engine,btc_sha256_elapsed_ns,1138.0000000000
408936,13297061408311,btc_qm_engine,btc_sha256_nonce,1915570327.0000000000
408937,13297061408629,btc_qm_engine,btc_sha256_elapsed_ns,824.0000000000
408938,13297061408892,btc_qm_engine,btc_sha256_nonce,517611879.0000000000
408939,13297061409036,btc_qm_engine,btc_leading_zeros,0.0000000000
408940,13297061409109,btc_qm_engine,btc_sha256_elapsed_ns,1025.0000000000
408941,13297061409251,btc_qm_engine,btc_sha256_elapsed_ns,964.0000000000
408942,13297061409349,btc_qm_engine,btc_leading_zeros,0.0000000000
408943,13297061409416,btc_qm_engine,btc_sha256_elapsed_ns,1080.0000000000
408944,13297061409592,btc_qm_engine,btc_sha256_nonce,1544955220.0000000000
408945,13297061409965,btc_qm_engine,btc_sha256_nonce,1271284173.0000000000
408946,13297061410021,btc_qm_engine,btc_leading_zeros,1.0000000000
408947,13297061410547,btc_qm_engine,btc_sha256_nonce,3521345681.0000000000
408948,13297061410691,btc_qm_engine,btc_sha256_elapsed_ns,1105.0000000000
408949,13297061410799,btc_qm_engine,btc_sha256_nonce,2867177468.0000000000
408950,13297061410927,btc_qm_engine,btc_sha256_nonce,4239231283.0000000000
408951,13297061411147,btc_qm_engine,btc_sha256_elapsed_ns,814.0000000000
408952,13297061411536,btc_qm_engine,btc_sha256_nonce,3021142351.0000000000
408953,13297061411653,btc_qm_engine,btc_leading_zeros,3.0000000000
408954,13297061411739,btc_qm_engine,btc_sha256_elapsed_ns,1085.0000000000
408955,13297061411914,btc_qm_engine,btc_leading_zeros,1.0000000000
408956,13297061412021,btc_qm_engine,btc_leading_zeros,0.0000000000
408957,13297061412087,btc_qm_engine,btc_sha256_elapsed_ns,976.0000000000
408958,13297061412328,btc_qm_engine,btc_sha256_elapsed_ns,1109.0000000000
408959,13297061412512,btc_qm_engine,btc_sha256_nonce,1849136562.0000000000
408960,13297061412725,btc_qm_engine,btc_sha256_nonce,98966426.0000000000
408961,13297061412984,btc_qm_engine,btc_leading_zeros,0.0000000000
408962,13297061413291,btc_qm_engine,btc_sha256_nonce,855731278.0000000000
408963,13297061413550,btc_qm_engine,btc_sha256_nonce,2342002516.0000000000
408964,13297061413625,btc_qm_engine,btc_leading_zeros,1.0000000000
408965,13297061413952,btc_qm_engine,btc_sha256_elapsed_ns,1101.0000000000
408966,13297061414178,btc_qm_engine,btc_leading_zeros,0.0000000000
408967,13297061414403,btc_qm_engine,btc_leading_zeros,0.0000000000
408968,13297061414477,btc_qm_engine,btc_sha256_elapsed_ns,979.0000000000
408969,13297061414649,btc_qm_engine,btc_sha256_elapsed_ns,1000.0000000000
408970,13297061414754,btc_qm_engine,btc_sha256_nonce,2403124060.0000000000
408971,13297061414958,btc_qm_engine,btc_sha256_elapsed_ns,771.0000000000
408972,13297061415052,btc_qm_engine,btc_leading_zeros,2.0000000000
408973,13297061415230,btc_qm_engine,btc_leading_zeros,4.0000000000
408974,13297061415488,btc_qm_engine,btc_sha256_elapsed_ns,1016.0000000000
408975,13297061415697,btc_qm_engine,btc_sha256_elapsed_ns,1072.0000000000
408976,13297061415845,btc_qm_engine,btc_sha256_nonce,4096183326.0000000000
408977,13297061415929,btc_qm_engine,btc_leading_zeros,1.0000000000
408978,13297061416037,btc_qm_engine,btc_sha256_nonce,611123487.0000000000
408979,13297061416368,btc_qm_engine,btc_sha256_elapsed_ns,989.0000000000
408980,13297061416738,btc_qm_engine,btc_sha256_nonce,1285907957.0000000000
408981,13297061416848,btc_qm_engine,btc_sha256_nonce,314117100.0000000000
408982,13297061417138,btc_qm_engine,btc_sha256_nonce,1914323073.0000000000
408983,13297061417212,btc_qm_engine,btc_leading_zeros,0.0000000000
408984,13297061417291,btc_qm_engine,btc_sha256_elapsed_ns,878.0000000000
408985,13297061417583,btc_qm_engine,btc_sha256_nonce,2837293908.0000000000
408986,13297061418080,btc_qm_engine,btc_leading_zeros,0.0000000000
408987,13297061418329,btc_qm_engine,btc_sha256_elapsed_ns,1097.0000000000
408988,13297061418632,btc_qm_engine,btc_leading_zeros,1.0000000000
408989,13297061418782,btc_qm_engine,btc_sha256_nonce,4114520232.0000000000
408990,13297061419086,btc_qm_engine,btc_sha256_elapsed_ns,980.0000000000
408991,13297061419563,btc_qm_engine,btc_leading_zeros,0.0000000000
408992,13297061419881,btc_qm_engine,btc_sha256_elapsed_ns,736.0000000000
408993,13297061420012,btc_qm_engine,btc_leading_zeros,4.0000000000
408994,13297061420094,btc_qm_engine,btc_sha256_elapsed_ns,1021.0000000000
408995,13297061420255,btc_qm_engine,btc_sha256_nonce,3436896794.0000000000
408996,13297061420631,btc_qm_engine,btc_leading_zeros,2.0000000000
408997,13297061420919,btc_qm_engine,btc_sha256_elapsed_ns,1126.0000000000
408998,13297061421102,btc_qm_engine,btc_sha256_nonce,3098600202.0000000000
408999,13297061421381,btc_qm_engine,btc_sha256_nonce,4088034878.0000000000
409000,13297061421459,btc_qm_engine,btc_leading_zeros,0.0000000000
409001,13297061421818,btc_qm_engine,btc_sha256_elapsed_ns,1008.0000000000
409002,13297061422175,btc_qm_engine,btc_sha256_nonce,22172168.0000000000
409003,13297061422545,btc_qm_engine,btc_leading_zeros,1.0000000000
409004,13297061422639,btc_qm_engine,btc_sha256_elapsed_ns,1007.0000000000
409005,13297061422740,btc_qm_engine,btc_sha256_nonce,4209598767.0000000000
409006,13297061423102,btc_qm_engine,btc_leading_zeros,1.0000000000
409007,13297061423314,btc_qm_engine,btc_sha256_elapsed_ns,1043.0000000000
409008,13297061423522,btc_qm_engine,btc_leading_zeros,0.0000000000
409009,13297061423974,btc_qm_engine,btc_leading_zeros,2.0000000000
409010,13297061424514,btc_qm_engine,btc_sha256_elapsed_ns,1100.0000000000
409011,13297061424602,btc_qm_engine,btc_sha256_nonce,530998597.0000000000
409012,13297061425029,btc_qm_engine,btc_leading_zeros,0.0000000000
409013,13297061425100,btc_qm_engine,btc_sha256_elapsed_ns,1076.0000000000
409014,13297061425531,btc_qm_engine,btc_sha256_nonce,2423487204.0000000000
409015,13297061425603,btc_qm_engine,btc_leading_zeros,1.0000000000
409016,13297061425670,btc_qm_engine,btc_sha256_elapsed_ns,747.0000000000
409017,13297061425824,btc_qm_engine,btc_sha256_nonce,1508090438.0000000000
409018,13297061426184,btc_qm_engine,btc_sha256_nonce,613358893.0000000000
409019,13297061426316,btc_qm_engine,btc_sha256_nonce,3632490174.0000000000
409020,13297061426386,btc_qm_engine,btc_leading_zeros,1.0000000000
409021,13297061426462,btc_qm_engine,btc_sha256_elapsed_ns,1011.0000000000
409022,13297061426601,btc_qm_engine,btc_leading_zeros,0.0000000000
409023,13297061426673,btc_qm_engine,btc_sha256_elapsed_ns,896.0000000000
409024,13297061426987,btc_qm_engine,btc_sha256_nonce,1984564892.0000000000
409025,13297061427070,btc_qm_engine,btc_leading_zeros,2.0000000000
409026,13297061427257,btc_qm_engine,btc_sha256_elapsed_ns,832.0000000000
409027,13297061427513,btc_qm_engine,btc_sha256_nonce,1055196662.0000000000
409028,13297061427781,btc_qm_engine,btc_sha256_nonce,1521624876.0000000000
409029,13297061427853,btc_qm_engine,btc_leading_zeros,0.0000000000
409030,13297061428050,btc_qm_engine,btc_leading_zeros,0.0000000000
409031,13297061428190,btc_qm_engine,btc_leading_zeros,1.0000000000
409032,13297061428263,btc_qm_engine,btc_sha256_elapsed_ns,1079.0000000000
409033,13297061428372,btc_qm_engine,btc_sha256_elapsed_ns,1039.0000000000
409034,13297061428511,btc_qm_engine,btc_sha256_elapsed_ns,1054.0000000000
409035,13297061428761,btc_qm_engine,btc_leading_zeros,1.0000000000
409036,13297061429229,btc_qm_engine,btc_sha256_nonce,613407486.0000000000
409037,13297061429360,btc_qm_engine,btc_sha256_nonce,2312442724.0000000000
409038,13297061429514,btc_qm_engine,btc_sha256_elapsed_ns,1129.0000000000
409039,13297061429665,btc_qm_engine,btc_sha256_nonce,1358434034.0000000000
409040,13297061429878,btc_qm_engine,btc_sha256_nonce,3907173483.0000000000
409041,13297061430071,btc_qm_engine,btc_leading_zeros,1.0000000000
409042,13297061430184,btc_qm_engine,btc_sha256_elapsed_ns,937.0000000000
409043,13297061430431,btc_qm_engine,btc_leading_zeros,1.0000000000
409044,13297061430612,btc_qm_engine,btc_leading_zeros,0.0000000000
409045,13297061430808,btc_qm_engine,btc_sha256_nonce,766743372.0000000000
409046,13297061430952,btc_qm_engine,btc_sha256_elapsed_ns,1002.0000000000
409047,13297061431099,btc_qm_engine,btc_sha256_nonce,4210499016.0000000000
409048,13297061431343,btc_qm_engine,btc_sha256_nonce,2780286379.0000000000
409049,13297061431421,btc_qm_engine,btc_leading_zeros,2.0000000000
409050,13297061431495,btc_qm_engine,btc_sha256_elapsed_ns,734.0000000000
409051,13297061431646,btc_qm_engine,btc_leading_zeros,0.0000000000
409052,13297061431714,btc_qm_engine,btc_sha256_elapsed_ns,884.0000000000
409053,13297061431946,btc_qm_engine,btc_leading_zeros,0.0000000000
409054,13297061432093,btc_qm_engine,btc_sha256_nonce,996505079.0000000000
409055,13297061432427,btc_qm_engine,btc_leading_zeros,1.0000000000
409056,13297061432476,btc_qm_engine,btc_sha256_elapsed_ns,798.0000000000
409057,13297061432636,btc_qm_engine,btc_sha256_elapsed_ns,1015.0000000000
409058,13297061432831,btc_qm_engine,btc_sha256_nonce,4210028782.0000000000
409059,13297061432906,btc_qm_engine,btc_leading_zeros,0.0000000000
409060,13297061432985,btc_qm_engine,btc_sha256_elapsed_ns,743.0000000000
409061,13297061433077,btc_qm_engine,btc_sha256_nonce,154018209.0000000000
409062,13297061433469,btc_qm_engine,btc_leading_zeros,2.0000000000
409063,13297061433592,btc_qm_engine,btc_sha256_nonce,996866866.0000000000
409064,13297061433674,btc_qm_engine,btc_leading_zeros,0.0000000000
409065,13297061433743,btc_qm_engine,btc_sha256_elapsed_ns,894.0000000000
409066,13297061433962,btc_qm_engine,btc_leading_zeros,0.0000000000
409067,13297061434095,btc_qm_engine,btc_sha256_elapsed_ns,945.0000000000
409068,13297061434382,btc_qm_engine,btc_sha256_elapsed_ns,971.0000000000
409069,13297061434557,btc_qm_engine,btc_sha256_nonce,2071291674.0000000000
409070,13297061434823,btc_qm_engine,btc_sha256_nonce,4209808751.0000000000
409071,13297061434963,btc_qm_engine,btc_leading_zeros,0.0000000000
409072,13297061435104,btc_qm_engine,btc_sha256_nonce,2824905785.0000000000
409073,13297061435337,btc_qm_engine,btc_leading_zeros,3.0000000000
409074,13297061435577,btc_qm_engine,btc_leading_zeros,0.0000000000
409075,13297061435651,btc_qm_engine,btc_sha256_elapsed_ns,1038.0000000000
409076,13297061435845,btc_qm_engine,btc_sha256_nonce,1331322532.0000000000
409077,13297061436062,btc_qm_engine,btc_sha256_nonce,2288817481.0000000000
409078,13297061436133,btc_qm_engine,btc_leading_zeros,1.0000000000
409079,13297061436204,btc_qm_engine,btc_sha256_elapsed_ns,977.0000000000
409080,13297061436276,btc_qm_engine,btc_sha256_elapsed_ns,979.0000000000
409081,13297061436762,btc_qm_engine,btc_sha256_elapsed_ns,1069.0000000000
409082,13297061436968,btc_qm_engine,btc_sha256_elapsed_ns,935.0000000000
409083,13297061437308,btc_qm_engine,btc_sha256_nonce,3614793703.0000000000
409084,13297061437492,btc_qm_engine,btc_sha256_nonce,2781526687.0000000000
409085,13297061437918,btc_qm_engine,btc_leading_zeros,0.0000000000
409086,13297061438091,btc_qm_engine,btc_leading_zeros,2.0000000000
409087,13297061438187,btc_qm_engine,btc_sha256_nonce,3658513474.0000000000
409088,13297061438333,btc_qm_engine,btc_sha256_elapsed_ns,808.0000000000
409089,13297061438647,btc_qm_engine,btc_sha256_nonce,306058426.0000000000
409090,13297061438907,btc_qm_engine,btc_leading_zeros,0.0000000000
409091,13297061439012,btc_qm_engine,btc_sha256_elapsed_ns,1032.0000000000
409092,13297061439413,btc_qm_engine,btc_sha256_elapsed_ns,951.0000000000
409093,13297061439586,btc_qm_engine,btc_leading_zeros,0.0000000000
409094,13297061439677,btc_qm_engine,btc_sha256_elapsed_ns,1035.0000000000
409095,13297061439978,btc_qm_engine,btc_sha256_nonce,85020383.0000000000
409096,13297061440061,btc_qm_engine,btc_leading_zeros,0.0000000000
409097,13297061440197,btc_qm_engine,btc_sha256_nonce,3098305794.0000000000
409098,13297061440592,btc_qm_engine,btc_sha256_elapsed_ns,731.0000000000
409099,13297061440730,btc_qm_engine,btc_leading_zeros,2.0000000000
409100,13297061440803,btc_qm_engine,btc_sha256_elapsed_ns,836.0000000000
409101,13297061441021,btc_qm_engine,btc_sha256_nonce,175469178.0000000000
409102,13297061441102,btc_qm_engine,btc_leading_zeros,3.0000000000
409103,13297061441175,btc_qm_engine,btc_sha256_elapsed_ns,1065.0000000000
409104,13297061441317,btc_qm_engine,btc_sha256_nonce,3158687455.0000000000
409105,13297061441390,btc_qm_engine,btc_leading_zeros,0.0000000000
409106,13297061441458,btc_qm_engine,btc_sha256_elapsed_ns,1091.0000000000
409107,13297061441777,btc_qm_engine,btc_sha256_elapsed_ns,1085.0000000000
409108,13297061442015,btc_qm_engine,btc_sha256_nonce,1552463221.0000000000
409109,13297061442094,btc_qm_engine,btc_leading_zeros,4.0000000000
409110,13297061442150,btc_qm_engine,btc_sha256_elapsed_ns,910.0000000000
409111,13297061442306,btc_qm_engine,btc_sha256_nonce,3552722081.0000000000
409112,13297061442652,btc_qm_engine,btc_leading_zeros,0.0000000000
409113,13297061442703,btc_qm_engine,btc_sha256_elapsed_ns,895.0000000000
409114,13297061443086,btc_qm_engine,btc_sha256_nonce,1715701554.0000000000
409115,13297061443327,btc_qm_engine,btc_sha256_nonce,1581785841.0000000000
409116,13297061443526,btc_qm_engine,btc_leading_zeros,0.0000000000
409117,13297061443820,btc_qm_engine,btc_leading_zeros,3.0000000000
409118,13297061443992,btc_qm_engine,btc_sha256_nonce,624922225.0000000000
409119,13297061444067,btc_qm_engine,btc_leading_zeros,2.0000000000
409120,13297061444118,btc_qm_engine,btc_sha256_elapsed_ns,742.0000000000
409121,13297061444579,btc_qm_engine,btc_sha256_elapsed_ns,748.0000000000
409122,13297061445257,btc_qm_engine,btc_sha256_nonce,4108100343.0000000000
409123,13297061445354,btc_qm_engine,btc_leading_zeros,0.0000000000
409124,13297061445422,btc_qm_engine,btc_sha256_elapsed_ns,928.0000000000
409125,13297061445537,btc_qm_engine,btc_sha256_nonce,625216449.0000000000
409126,13297061445621,btc_qm_engine,btc_leading_zeros,1.0000000000
409127,13297061445693,btc_qm_engine,btc_sha256_elapsed_ns,1046.0000000000
409128,13297061445799,btc_qm_engine,btc_sha256_nonce,4210132988.0000000000
409129,13297061445882,btc_qm_engine,btc_leading_zeros,1.0000000000
409130,13297061445935,btc_qm_engine,btc_sha256_elapsed_ns,742.0000000000
409131,13297061446357,btc_qm_engine,btc_sha256_elapsed_ns,778.0000000000
409132,13297061446712,btc_qm_engine,btc_sha256_nonce,3583628414.0000000000
409133,13297061446786,btc_qm_engine,btc_leading_zeros,2.0000000000
409134,13297061446912,btc_qm_engine,btc_sha256_nonce,2782971569.0000000000
409135,13297061446999,btc_qm_engine,btc_leading_zeros,0.0000000000
409136,13297061447070,btc_qm_engine,btc_sha256_elapsed_ns,964.0000000000
409137,13297061447229,btc_qm_engine,btc_sha256_nonce,3834035827.0000000000
409138,13297061447688,btc_qm_engine,btc_leading_zeros,0.0000000000
409139,13297061447882,btc_qm_engine,btc_leading_zeros,0.0000000000
409140,13297061448149,btc_qm_engine,btc_sha256_nonce,99057684.0000000000
409141,13297061448458,btc_qm_engine,btc_sha256_nonce,3145514346.0000000000
409142,13297061448532,btc_qm_engine,btc_leading_zeros,0.0000000000
409143,13297061448605,btc_qm_engine,btc_sha256_elapsed_ns,1120.0000000000
409144,13297061448766,btc_qm_engine,btc_sha256_nonce,3462864934.0000000000
409145,13297061449010,btc_qm_engine,btc_leading_zeros,0.0000000000
409146,13297061449095,btc_qm_engine,btc_sha256_elapsed_ns,784.0000000000
409147,13297061449284,btc_qm_engine,btc_sha256_nonce,2826391067.0000000000
409148,13297061449712,btc_qm_engine,btc_leading_zeros,4.0000000000
409149,13297061449852,btc_qm_engine,btc_sha256_nonce,2174003757.0000000000
409150,13297061449959,btc_qm_engine,btc_leading_zeros,0.0000000000
409151,13297061450065,btc_qm_engine,btc_sha256_elapsed_ns,930.0000000000
409152,13297061450205,btc_qm_engine,btc_sha256_nonce,99068160.0000000000
409153,13297061450288,btc_qm_engine,btc_leading_zeros,0.0000000000
409154,13297061450339,btc_qm_engine,btc_sha256_elapsed_ns,822.0000000000
409155,13297061450504,btc_qm_engine,btc_leading_zeros,1.0000000000
409156,13297061450657,btc_qm_engine,btc_sha256_elapsed_ns,990.0000000000
409157,13297061450778,btc_qm_engine,btc_sha256_elapsed_ns,992.0000000000
409158,13297061450946,btc_qm_engine,btc_sha256_elapsed_ns,974.0000000000
409159,13297061451359,btc_qm_engine,btc_sha256_nonce,916449321.0000000000
409160,13297061451439,btc_qm_engine,btc_leading_zeros,1.0000000000
409161,13297061451508,btc_qm_engine,btc_sha256_elapsed_ns,1041.0000000000
409162,13297061451695,btc_qm_engine,btc_sha256_nonce,329763467.0000000000
409163,13297061451793,btc_qm_engine,btc_leading_zeros,2.0000000000
409164,13297061451845,btc_qm_engine,btc_sha256_elapsed_ns,858.0000000000
409165,13297061451990,btc_qm_engine,btc_sha256_nonce,861879440.0000000000
409166,13297061452069,btc_qm_engine,btc_leading_zeros,0.0000000000
409167,13297061452141,btc_qm_engine,btc_sha256_elapsed_ns,1093.0000000000
409168,13297061452686,btc_qm_engine,btc_sha256_nonce,1076138793.0000000000
409169,13297061452904,btc_qm_engine,btc_leading_zeros,1.0000000000
409170,13297061453362,btc_qm_engine,btc_sha256_nonce,2198295012.0000000000
409171,13297061454135,btc_qm_engine,btc_sha256_nonce,99257862.0000000000
409172,13297061454349,btc_qm_engine,btc_sha256_nonce,4026518690.0000000000
409173,13297061454668,btc_qm_engine,btc_leading_zeros,2.0000000000
409174,13297061454883,btc_qm_engine,btc_sha256_elapsed_ns,750.0000000000
409175,13297061455255,btc_qm_engine,btc_leading_zeros,1.0000000000
409176,13297061455673,btc_qm_engine,btc_sha256_elapsed_ns,1069.0000000000
409177,13297061455784,btc_qm_engine,btc_sha256_elapsed_ns,1066.0000000000
409178,13297061456036,btc_qm_engine,btc_sha256_elapsed_ns,888.0000000000
409179,13297061456326,btc_qm_engine,btc_sha256_nonce,969299248.0000000000
409180,13297061456402,btc_qm_engine,btc_leading_zeros,1.0000000000
409181,13297061456855,btc_qm_engine,btc_sha256_elapsed_ns,996.0000000000
409182,13297061456953,btc_qm_engine,btc_leading_zeros,0.0000000000
409183,13297061457187,btc_qm_engine,btc_sha256_nonce,612976872.0000000000
409184,13297061457259,btc_qm_engine,btc_leading_zeros,4.0000000000
409185,13297061457326,btc_qm_engine,btc_sha256_elapsed_ns,883.0000000000
409186,13297061457476,btc_qm_engine,btc_sha256_elapsed_ns,1000.0000000000
409187,13297061457928,btc_qm_engine,btc_sha256_nonce,1143377908.0000000000
409188,13297061458083,btc_qm_engine,btc_sha256_nonce,3920746033.0000000000
409189,13297061458335,btc_qm_engine,btc_leading_zeros,0.0000000000
409190,13297061458576,btc_qm_engine,btc_sha256_nonce,3094356352.0000000000
409191,13297061458650,btc_qm_engine,btc_leading_zeros,0.0000000000
409192,13297061458725,btc_qm_engine,btc_sha256_elapsed_ns,998.0000000000
409193,13297061458908,btc_qm_engine,btc_sha256_nonce,2605272066.0000000000
409194,13297061459249,btc_qm_engine,btc_sha256_nonce,4209246239.0000000000
409195,13297061459321,btc_qm_engine,btc_leading_zeros,0.0000000000
409196,13297061459447,btc_qm_engine,btc_sha256_elapsed_ns,1002.0000000000
409197,13297061460121,btc_qm_engine,btc_sha256_nonce,1206373440.0000000000
409198,13297061460207,btc_qm_engine,btc_leading_zeros,0.0000000000
409199,13297061460295,btc_qm_engine,btc_sha256_elapsed_ns,1121.0000000000
409200,13297061460509,btc_qm_engine,btc_sha256_elapsed_ns,996.0000000000
409201,13297061460826,btc_qm_engine,btc_leading_zeros,1.0000000000
409202,13297061461146,btc_qm_engine,btc_sha256_elapsed_ns,958.0000000000
409203,13297061461449,btc_qm_engine,btc_leading_zeros,0.0000000000
409204,13297061461550,btc_qm_engine,btc_sha256_elapsed_ns,1076.0000000000
409205,13297061462160,btc_qm_engine,btc_sha256_nonce,1860150271.0000000000
409206,13297061462374,btc_qm_engine,btc_sha256_nonce,2176587950.0000000000
409207,13297061462680,btc_qm_engine,btc_leading_zeros,2.0000000000
409208,13297061462729,btc_qm_engine,btc_sha256_elapsed_ns,898.0000000000
409209,13297061462926,btc_qm_engine,btc_sha256_nonce,2422961939.0000000000
409210,13297061463008,btc_qm_engine,btc_leading_zeros,2.0000000000
409211,13297061463082,btc_qm_engine,btc_sha256_elapsed_ns,1103.0000000000
409212,13297061463161,btc_qm_engine,btc_sha256_nonce,33252038.0000000000
409213,13297061463231,btc_qm_engine,btc_leading_zeros,1.0000000000
409214,13297061463309,btc_qm_engine,btc_sha256_elapsed_ns,1098.0000000000
409215,13297061463731,btc_qm_engine,btc_sha256_nonce,833915337.0000000000
409216,13297061463812,btc_qm_engine,btc_leading_zeros,4.0000000000
409217,13297061463864,btc_qm_engine,btc_sha256_elapsed_ns,779.0000000000
409218,13297061464129,btc_qm_engine,btc_leading_zeros,0.0000000000
409219,13297061464294,btc_qm_engine,btc_sha256_nonce,3672782319.0000000000
409220,13297061464515,btc_qm_engine,btc_sha256_nonce,2189528600.0000000000
409221,13297061464704,btc_qm_engine,btc_sha256_nonce,628562056.0000000000
409222,13297061464875,btc_qm_engine,btc_sha256_nonce,3305416063.0000000000
409223,13297061464952,btc_qm_engine,btc_leading_zeros,1.0000000000
409224,13297061465021,btc_qm_engine,btc_sha256_elapsed_ns,790.0000000000
409225,13297061465277,btc_qm_engine,btc_sha256_elapsed_ns,1054.0000000000
409226,13297061465425,btc_qm_engine,btc_leading_zeros,3.0000000000
409227,13297061465775,btc_qm_engine,btc_sha256_elapsed_ns,1139.0000000000
409228,13297061465980,btc_qm_engine,btc_sha256_nonce,2817624722.0000000000
409229,13297061466091,btc_qm_engine,btc_leading_zeros,3.0000000000
409230,13297061466162,btc_qm_engine,btc_sha256_elapsed_ns,734.0000000000
409231,13297061466326,btc_qm_engine,btc_sha256_nonce,3552707072.0000000000
409232,13297061466557,btc_qm_engine,btc_sha256_nonce,677998164.0000000000
409233,13297061466647,btc_qm_engine,btc_leading_zeros,1.0000000000
409234,13297061466868,btc_qm_engine,btc_leading_zeros,0.0000000000
409235,13297061466952,btc_qm_engine,btc_sha256_elapsed_ns,1113.0000000000
409236,13297061467119,btc_qm_engine,btc_leading_zeros,2.0000000000
409237,13297061467251,btc_qm_engine,btc_sha256_nonce,2283409938.0000000000
409238,13297061467327,btc_qm_engine,btc_leading_zeros,2.0000000000
409239,13297061467391,btc_qm_engine,btc_sha256_elapsed_ns,922.0000000000
409240,13297061467574,btc_qm_engine,btc_sha256_nonce,3942526429.0000000000
409241,13297061467732,btc_qm_engine,btc_leading_zeros,0.0000000000
409242,13297061468146,btc_qm_engine,btc_leading_zeros,2.0000000000
409243,13297061468417,btc_qm_engine,btc_sha256_elapsed_ns,735.0000000000
409244,13297061468571,btc_qm_engine,btc_sha256_elapsed_ns,1071.0000000000
409245,13297061468878,btc_qm_engine,btc_sha256_nonce,2167853621.0000000000
409246,13297061468988,btc_qm_engine,btc_sha256_nonce,944099059.0000000000
409247,13297061469256,btc_qm_engine,btc_leading_zeros,4.0000000000
409248,13297061469699,btc_qm_engine,btc_leading_zeros,0.0000000000
409249,13297061469818,btc_qm_engine,btc_sha256_elapsed_ns,916.0000000000
409250,13297061470045,btc_qm_engine,btc_sha256_elapsed_ns,784.0000000000
409251,13297061470236,btc_qm_engine,btc_sha256_nonce,2045860171.0000000000
409252,13297061470600,btc_qm_engine,btc_leading_zeros,0.0000000000
409253,13297061470666,btc_qm_engine,btc_sha256_elapsed_ns,979.0000000000
409254,13297061471089,btc_qm_engine,btc_sha256_nonce,1557843892.0000000000
409255,13297061471393,btc_qm_engine,btc_sha256_nonce,2423086853.0000000000
409256,13297061471541,btc_qm_engine,btc_sha256_elapsed_ns,1106.0000000000
409257,13297061471907,btc_qm_engine,btc_leading_zeros,0.0000000000
409258,13297061472058,btc_qm_engine,btc_leading_zeros,1.0000000000
409259,13297061472241,btc_qm_engine,btc_sha256_nonce,3437033579.0000000000
409260,13297061472858,btc_qm_engine,btc_sha256_elapsed_ns,1036.0000000000
409261,13297061473077,btc_qm_engine,btc_leading_zeros,1.0000000000
409262,13297061473296,btc_qm_engine,btc_sha256_elapsed_ns,1098.0000000000
409263,13297061474281,btc_qm_engine,btc_sha256_elapsed_ns,762.0000000000
409264,13297061474623,btc_qm_engine,btc_sha256_elapsed_ns,936.0000000000
409265,13297061475133,btc_qm_engine,btc_sha256_nonce,3169787656.0000000000
409266,13297061475297,btc_qm_engine,btc_sha256_nonce,4209782453.0000000000
409267,13297061475376,btc_qm_engine,btc_leading_zeros,2.0000000000
409268,13297061475443,btc_qm_engine,btc_sha256_elapsed_ns,1040.0000000000
409269,13297061475599,btc_qm_engine,btc_leading_zeros,0.0000000000
409270,13297061475972,btc_qm_engine,btc_sha256_elapsed_ns,1096.0000000000
409271,13297061476575,btc_qm_engine,btc_sha256_nonce,1443368429.0000000000
409272,13297061476694,btc_qm_engine,btc_sha256_nonce,3862453701.0000000000
409273,13297061476780,btc_qm_engine,btc_leading_zeros,0.0000000000
409274,13297061477019,btc_qm_engine,btc_leading_zeros,2.0000000000
409275,13297061477297,btc_qm_engine,btc_sha256_nonce,1353435879.0000000000
409276,13297061477506,btc_qm_engine,btc_sha256_elapsed_ns,726.0000000000
409277,13297061477743,btc_qm_engine,btc_leading_zeros,0.0000000000
409278,13297061477872,btc_qm_engine,btc_sha256_nonce,662288048.0000000000
409279,13297061478049,btc_qm_engine,btc_sha256_elapsed_ns,1067.0000000000
409280,13297061478191,btc_qm_engine,btc_sha256_nonce,1388886747.0000000000
409281,13297061478305,btc_qm_engine,btc_leading_zeros,2.0000000000
409282,13297061478965,btc_qm_engine,btc_sha256_nonce,996856872.0000000000
409283,13297061479374,btc_qm_engine,btc_sha256_elapsed_ns,1036.0000000000
409284,13297061479602,btc_qm_engine,btc_sha256_nonce,3043706555.0000000000
409285,13297061479747,btc_qm_engine,btc_leading_zeros,0.0000000000
409286,13297061479817,btc_qm_engine,btc_sha256_elapsed_ns,1135.0000000000
409287,13297061479938,btc_qm_engine,btc_leading_zeros,2.0000000000
409288,13297061480010,btc_qm_engine,btc_sha256_elapsed_ns,770.0000000000
409289,13297061480680,btc_qm_engine,btc_sha256_nonce,2423889113.0000000000
409290,13297061480802,btc_qm_engine,btc_sha256_nonce,3864420930.0000000000
409291,13297061480990,btc_qm_engine,btc_leading_zeros,0.0000000000
409292,13297061481354,btc_qm_engine,btc_sha256_nonce,3952604619.0000000000
409293,13297061481497,btc_qm_engine,btc_sha256_elapsed_ns,763.0000000000
409294,13297061481736,btc_qm_engine,btc_sha256_nonce,613176136.0000000000
409295,13297061482260,btc_qm_engine,btc_sha256_elapsed_ns,1095.0000000000
409296,13297061482440,btc_qm_engine,btc_leading_zeros,4.0000000000
409297,13297061482874,btc_qm_engine,btc_sha256_elapsed_ns,9279.0000000000
409298,13297061483014,btc_qm_engine,btc_sha256_nonce,579611067.0000000000
409299,13297061483228,btc_qm_engine,btc_sha256_nonce,2422947440.0000000000
409300,13297061483329,btc_qm_engine,btc_leading_zeros,0.0000000000
409301,13297061483399,btc_qm_engine,btc_sha256_elapsed_ns,1081.0000000000
409302,13297061483547,btc_qm_engine,btc_leading_zeros,0.0000000000
409303,13297061483614,btc_qm_engine,btc_sha256_elapsed_ns,1103.0000000000
409304,13297061483810,btc_qm_engine,btc_leading_zeros,2.0000000000
409305,13297061484333,btc_qm_engine,btc_sha256_nonce,437120788.0000000000
409306,13297061484522,btc_qm_engine,btc_sha256_elapsed_ns,771.0000000000
409307,13297061484726,btc_qm_engine,btc_sha256_nonce,1070579030.0000000000
409308,13297061484890,btc_qm_engine,btc_leading_zeros,0.0000000000
409309,13297061485382,btc_qm_engine,btc_leading_zeros,1.0000000000
409310,13297061485473,btc_qm_engine,btc_sha256_nonce,2423575268.0000000000
409311,13297061485737,btc_qm_engine,btc_sha256_elapsed_ns,1059.0000000000
409312,13297061486083,btc_qm_engine,btc_leading_zeros,0.0000000000
409313,13297061486357,btc_qm_engine,btc_sha256_nonce,627145073.0000000000
409314,13297061486736,btc_qm_engine,btc_leading_zeros,0.0000000000
409315,13297061486788,btc_qm_engine,btc_sha256_elapsed_ns,796.0000000000
409316,13297061487410,btc_qm_engine,btc_sha256_nonce,4101146563.0000000000
409317,13297061487482,btc_qm_engine,btc_leading_zeros,2.0000000000
409318,13297061487552,btc_qm_engine,btc_sha256_elapsed_ns,1023.0000000000
409319,13297061487767,btc_qm_engine,btc_sha256_nonce,1566829708.0000000000
409320,13297061487872,btc_qm_engine,btc_leading_zeros,0.0000000000
409321,13297061488463,btc_qm_engine,btc_leading_zeros,0.0000000000
409322,13297061488885,btc_qm_engine,btc_sha256_elapsed_ns,1071.0000000000
409323,13297061489081,btc_qm_engine,btc_sha256_elapsed_ns,930.0000000000
409324,13297061489434,btc_qm_engine,btc_sha256_elapsed_ns,783.0000000000
409325,13297061489686,btc_qm_engine,btc_sha256_nonce,4210322093.0000000000
409326,13297061490074,btc_qm_engine,btc_leading_zeros,0.0000000000
409327,13297061490146,btc_qm_engine,btc_sha256_elapsed_ns,1096.0000000000
409328,13297061490499,btc_qm_engine,btc_sha256_nonce,86201166.0000000000
409329,13297061490581,btc_qm_engine,btc_leading_zeros,2.0000000000
409330,13297061490653,btc_qm_engine,btc_sha256_elapsed_ns,1085.0000000000
409331,13297061490758,btc_qm_engine,btc_sha256_nonce,2827567639.0000000000
409332,13297061490839,btc_qm_engine,btc_leading_zeros,0.0000000000
409333,13297061490911,btc_qm_engine,btc_sha256_elapsed_ns,1032.0000000000
409334,13297061491070,btc_qm_engine,btc_sha256_nonce,3003678081.0000000000
409335,13297061491446,btc_qm_engine,btc_leading_zeros,0.0000000000
409336,13297061491836,btc_qm_engine,btc_sha256_elapsed_ns,1047.0000000000
409337,13297061492025,btc_qm_engine,btc_sha256_nonce,1634604132.0000000000
409338,13297061492253,btc_qm_engine,btc_sha256_nonce,2659984042.0000000000
409339,13297061492489,btc_qm_engine,btc_leading_zeros,3.0000000000
409340,13297061492917,btc_qm_engine,btc_leading_zeros,1.0000000000
409341,13297061492997,btc_qm_engine,btc_leading_zeros,0.0000000000
409342,13297061493214,btc_qm_engine,btc_sha256_nonce,218241063.0000000000
409343,13297061493398,btc_qm_engine,btc_sha256_elapsed_ns,998.0000000000
409344,13297061494096,btc_qm_engine,btc_sha256_elapsed_ns,1101.0000000000
409345,13297061494386,btc_qm_engine,btc_sha256_elapsed_ns,728.0000000000
409346,13297061495003,btc_qm_engine,btc_sha256_elapsed_ns,1091.0000000000
409347,13297061495319,btc_qm_engine,btc_sha256_nonce,3022052883.0000000000
409348,13297061495399,btc_qm_engine,btc_leading_zeros,1.0000000000
409349,13297061495469,btc_qm_engine,btc_sha256_elapsed_ns,1079.0000000000
409350,13297061495675,btc_qm_engine,btc_sha256_nonce,3455207904.0000000000
409351,13297061495745,btc_qm_engine,btc_leading_zeros,0.0000000000
409352,13297061495814,btc_qm_engine,btc_sha256_elapsed_ns,1068.0000000000
409353,13297061496096,btc_qm_engine,btc_sha256_nonce,3657552826.0000000000
409354,13297061496174,btc_qm_engine,btc_leading_zeros,0.0000000000
409355,13297061496244,btc_qm_engine,btc_sha256_elapsed_ns,1109.0000000000
409356,13297061496442,btc_qm_engine,btc_sha256_nonce,3432336911.0000000000
409357,13297061496808,btc_qm_engine,btc_leading_zeros,1.0000000000
409358,13297061497004,btc_qm_engine,btc_sha256_nonce,379847258.0000000000
409359,13297061497409,btc_qm_engine,btc_leading_zeros,2.0000000000
409360,13297061497567,btc_qm_engine,btc_sha256_elapsed_ns,1108.0000000000
409361,13297061497850,btc_qm_engine,btc_sha256_nonce,1063701977.0000000000
409362,13297061498392,btc_qm_engine,btc_leading_zeros,0.0000000000
409363,13297061498562,btc_qm_engine,btc_leading_zeros,1.0000000000
409364,13297061498630,btc_qm_engine,btc_sha256_elapsed_ns,1065.0000000000
409365,13297061498820,btc_qm_engine,btc_sha256_elapsed_ns,1134.0000000000
409366,13297061499292,btc_qm_engine,btc_sha256_nonce,3648196101.0000000000
409367,13297061499737,btc_qm_engine,btc_sha256_nonce,4056399406.0000000000
409368,13297061499816,btc_qm_engine,btc_leading_zeros,0.0000000000
409369,13297061499885,btc_qm_engine,btc_sha256_elapsed_ns,823.0000000000
409370,13297061500068,btc_qm_engine,btc_sha256_elapsed_ns,965.0000000000
409371,13297061500579,btc_qm_engine,btc_sha256_nonce,2827212122.0000000000
409372,13297061501436,btc_qm_engine,btc_sha256_nonce,2080103079.0000000000
409373,13297061501516,btc_qm_engine,btc_leading_zeros,1.0000000000
409374,13297061501590,btc_qm_engine,btc_sha256_elapsed_ns,1034.0000000000
409375,13297061501851,btc_qm_engine,btc_sha256_nonce,50399740.0000000000
409376,13297061501921,btc_qm_engine,btc_leading_zeros,0.0000000000
409377,13297061501992,btc_qm_engine,btc_sha256_elapsed_ns,1088.0000000000
409378,13297061502720,btc_qm_engine,btc_leading_zeros,1.0000000000
409379,13297061502852,btc_qm_engine,btc_sha256_elapsed_ns,975.0000000000
409380,13297061503025,btc_qm_engine,btc_sha256_nonce,4239983771.0000000000
409381,13297061503193,btc_qm_engine,btc_sha256_nonce,3021242206.0000000000
409382,13297061503274,btc_qm_engine,btc_leading_zeros,0.0000000000
409383,13297061503422,btc_qm_engine,btc_sha256_nonce,2360781337.0000000000
409384,13297061503576,btc_qm_engine,btc_leading_zeros,1.0000000000
409385,13297061503886,btc_qm_engine,btc_sha256_nonce,3117342924.0000000000
409386,13297061503966,btc_qm_engine,btc_leading_zeros,0.0000000000
409387,13297061504017,btc_qm_engine,btc_sha256_elapsed_ns,784.0000000000
409388,13297061504167,btc_qm_engine,btc_leading_zeros,4.0000000000
409389,13297061504374,btc_qm_engine,btc_sha256_elapsed_ns,1038.0000000000
409390,13297061504742,btc_qm_engine,btc_sha256_elapsed_ns,1139.0000000000
409391,13297061505121,btc_qm_engine,btc_sha256_nonce,639426769.0000000000
409392,13297061505207,btc_qm_engine,btc_leading_zeros,2.0000000000
409393,13297061505313,btc_qm_engine,btc_sha256_elapsed_ns,873.0000000000
409394,13297061505548,btc_qm_engine,btc_sha256_nonce,3450944143.0000000000
409395,13297061505633,btc_qm_engine,btc_leading_zeros,0.0000000000
409396,13297061505720,btc_qm_engine,btc_sha256_elapsed_ns,729.0000000000
409397,13297061505832,btc_qm_engine,btc_leading_zeros,1.0000000000
409398,13297061506098,btc_qm_engine,btc_sha256_elapsed_ns,1028.0000000000
409399,13297061506225,btc_qm_engine,btc_sha256_elapsed_ns,767.0000000000
409400,13297061506356,btc_qm_engine,btc_sha256_nonce,3688499378.0000000000
409401,13297061506438,btc_qm_engine,btc_leading_zeros,3.0000000000
409402,13297061506495,btc_qm_engine,btc_sha256_elapsed_ns,1073.0000000000
409403,13297061507006,btc_qm_engine,btc_sha256_nonce,1863980940.0000000000
409404,13297061507236,btc_qm_engine,btc_leading_zeros,2.0000000000
409405,13297061507381,btc_qm_engine,btc_sha256_nonce,472829462.0000000000
409406,13297061507453,btc_qm_engine,btc_leading_zeros,1.0000000000
409407,13297061507541,btc_qm_engine,btc_sha256_elapsed_ns,1023.0000000000
409408,13297061507791,btc_qm_engine,btc_sha256_nonce,637549770.0000000000
409409,13297061508011,btc_qm_engine,btc_sha256_elapsed_ns,1043.0000000000
409410,13297061508524,btc_qm_engine,btc_sha256_nonce,997418133.0000000000
409411,13297061508859,btc_qm_engine,btc_sha256_nonce,1250161446.0000000000
409412,13297061509128,btc_qm_engine,btc_leading_zeros,0.0000000000
409413,13297061509195,btc_qm_engine,btc_sha256_elapsed_ns,996.0000000000
409414,13297061509480,btc_qm_engine,btc_sha256_nonce,2149279430.0000000000
409415,13297061509619,btc_qm_engine,btc_leading_zeros,0.0000000000
409416,13297061509878,btc_qm_engine,btc_leading_zeros,1.0000000000
409417,13297061509957,btc_qm_engine,btc_sha256_elapsed_ns,1089.0000000000
409418,13297061510216,btc_qm_engine,btc_sha256_nonce,4090750178.0000000000
409419,13297061510499,btc_qm_engine,btc_sha256_nonce,505024133.0000000000
409420,13297061510581,btc_qm_engine,btc_leading_zeros,2.0000000000
409421,13297061510647,btc_qm_engine,btc_sha256_elapsed_ns,982.0000000000
409422,13297061511276,btc_qm_engine,btc_sha256_nonce,1272265480.0000000000
409423,13297061511361,btc_qm_engine,btc_leading_zeros,0.0000000000
409424,13297061511423,btc_qm_engine,btc_sha256_elapsed_ns,1060.0000000000
409425,13297061511882,btc_qm_engine,btc_sha256_nonce,1198349963.0000000000
409426,13297061512426,btc_qm_engine,btc_sha256_nonce,1587234735.0000000000
409427,13297061512559,btc_qm_engine,btc_leading_zeros,1.0000000000
409428,13297061512750,btc_qm_engine,btc_sha256_nonce,3837357656.0000000000
409429,13297061512936,btc_qm_engine,btc_leading_zeros,0.0000000000
409430,13297061513142,btc_qm_engine,btc_leading_zeros,2.0000000000
409431,13297061513723,btc_qm_engine,btc_sha256_elapsed_ns,801.0000000000
409432,13297061514831,btc_qm_engine,btc_sha256_elapsed_ns,973.0000000000
409433,13297061515296,btc_qm_engine,btc_sha256_nonce,99055767.0000000000
409434,13297061515370,btc_qm_engine,btc_leading_zeros,1.0000000000
409435,13297061515442,btc_qm_engine,btc_sha256_elapsed_ns,792.0000000000
409436,13297061515785,btc_qm_engine,btc_sha256_elapsed_ns,1080.0000000000
409437,13297061515997,btc_qm_engine,btc_sha256_elapsed_ns,933.0000000000
409438,13297061516298,btc_qm_engine,btc_sha256_nonce,3552865651.0000000000
409439,13297061516394,btc_qm_engine,btc_leading_zeros,3.0000000000
409440,13297061516569,btc_qm_engine,btc_leading_zeros,0.0000000000
409441,13297061516784,btc_qm_engine,btc_sha256_nonce,3857893187.0000000000
409442,13297061517042,btc_qm_engine,btc_sha256_nonce,1815313041.0000000000
409443,13297061517573,btc_qm_engine,btc_sha256_nonce,2798567196.0000000000
409444,13297061517648,btc_qm_engine,btc_leading_zeros,0.0000000000
409445,13297061517698,btc_qm_engine,btc_sha256_elapsed_ns,942.0000000000
409446,13297061517872,btc_qm_engine,btc_leading_zeros,1.0000000000
409447,13297061517962,btc_qm_engine,btc_sha256_elapsed_ns,1104.0000000000
409448,13297061518131,btc_qm_engine,btc_leading_zeros,3.0000000000
409449,13297061518205,btc_qm_engine,btc_sha256_elapsed_ns,947.0000000000
409450,13297061518304,btc_qm_engine,btc_leading_zeros,0.0000000000
409451,13297061518923,btc_qm_engine,btc_sha256_nonce,405302056.0000000000
409452,13297061519006,btc_qm_engine,btc_leading_zeros,0.0000000000
409453,13297061519069,btc_qm_engine,btc_sha256_elapsed_ns,1000.0000000000
409454,13297061519278,btc_qm_engine,btc_sha256_elapsed_ns,1038.0000000000
409455,13297061519582,btc_qm_engine,btc_sha256_nonce,3450293780.0000000000
409456,13297061519937,btc_qm_engine,btc_leading_zeros,0.0000000000
409457,13297061520332,btc_qm_engine,btc_sha256_elapsed_ns,1128.0000000000
409458,13297061520878,btc_qm_engine,btc_sha256_nonce,2826505663.0000000000
409459,13297061521353,btc_qm_engine,btc_sha256_elapsed_ns,1026.0000000000
409460,13297061521619,btc_qm_engine,btc_sha256_nonce,3339925394.0000000000
409461,13297061522016,btc_qm_engine,btc_leading_zeros,4.0000000000
409462,13297061522068,btc_qm_engine,btc_sha256_elapsed_ns,834.0000000000
409463,13297061523043,btc_qm_engine,btc_sha256_nonce,3286301527.0000000000
409464,13297061523170,btc_qm_engine,btc_sha256_nonce,3539054778.0000000000
409465,13297061523378,btc_qm_engine,btc_leading_zeros,0.0000000000
409466,13297061523480,btc_qm_engine,btc_sha256_elapsed_ns,753.0000000000
409467,13297061523663,btc_qm_engine,btc_leading_zeros,1.0000000000
409468,13297061523979,btc_qm_engine,btc_sha256_elapsed_ns,793.0000000000
409469,13297061524108,btc_qm_engine,btc_sha256_elapsed_ns,1013.0000000000
409470,13297061524733,btc_qm_engine,btc_sha256_nonce,3959645691.0000000000
409471,13297061525010,btc_qm_engine,btc_sha256_nonce,4063171903.0000000000
409472,13297061525418,btc_qm_engine,btc_sha256_nonce,3141617173.0000000000
409473,13297061525490,btc_qm_engine,btc_leading_zeros,0.0000000000
409474,13297061525539,btc_qm_engine,btc_sha256_elapsed_ns,1009.0000000000
409475,13297061526093,btc_qm_engine,btc_sha256_elapsed_ns,939.0000000000
409476,13297061526655,btc_qm_engine,btc_sha256_nonce,2869501315.0000000000
409477,13297061527013,btc_qm_engine,btc_leading_zeros,0.0000000000
409478,13297061527150,btc_qm_engine,btc_sha256_nonce,1767078301.0000000000
409479,13297061527553,btc_qm_engine,btc_sha256_nonce,1448057434.0000000000
409480,13297061527746,btc_qm_engine,btc_sha256_nonce,540844136.0000000000
409481,13297061528084,btc_qm_engine,btc_sha256_elapsed_ns,861.0000000000
409482,13297061528314,btc_qm_engine,btc_leading_zeros,2.0000000000
409483,13297061528483,btc_qm_engine,btc_sha256_nonce,3947185257.0000000000
409484,13297061529461,btc_qm_engine,btc_leading_zeros,0.0000000000
409485,13297061529653,btc_qm_engine,btc_leading_zeros,1.0000000000
409486,13297061529942,btc_qm_engine,btc_sha256_elapsed_ns,1051.0000000000
409487,13297061530145,btc_qm_engine,btc_sha256_elapsed_ns,1108.0000000000
409488,13297061530830,btc_qm_engine,btc_leading_zeros,2.0000000000
409489,13297061531216,btc_qm_engine,btc_sha256_nonce,1043254729.0000000000
409490,13297061531348,btc_qm_engine,btc_sha256_elapsed_ns,1018.0000000000
409491,13297061531484,btc_qm_engine,btc_sha256_nonce,2251186534.0000000000
409492,13297061531556,btc_qm_engine,btc_leading_zeros,1.0000000000
409493,13297061531724,btc_qm_engine,btc_sha256_elapsed_ns,1073.0000000000
409494,13297061532326,btc_qm_engine,btc_sha256_elapsed_ns,1001.0000000000
409495,13297061532517,btc_qm_engine,btc_sha256_nonce,3884628747.0000000000
409496,13297061532639,btc_qm_engine,btc_leading_zeros,4.0000000000
409497,13297061532848,btc_qm_engine,btc_leading_zeros,0.0000000000
409498,13297061533309,btc_qm_engine,btc_leading_zeros,1.0000000000
409499,13297061533756,btc_qm_engine,btc_sha256_nonce,2947190892.0000000000
409500,13297061533954,btc_qm_engine,btc_sha256_nonce,3511556782.0000000000
409501,13297061534021,btc_qm_engine,btc_leading_zeros,1.0000000000
409502,13297061534073,btc_qm_engine,btc_sha256_elapsed_ns,853.0000000000
409503,13297061534426,btc_qm_engine,btc_leading_zeros,1.0000000000
409504,13297061534618,btc_qm_engine,btc_leading_zeros,0.0000000000
409505,13297061534965,btc_qm_engine,btc_sha256_elapsed_ns,745.0000000000
409506,13297061535194,btc_qm_engine,btc_sha256_nonce,2090063873.0000000000
409507,13297061535316,btc_qm_engine,btc_sha256_elapsed_ns,1009.0000000000
409508,13297061535625,btc_qm_engine,btc_sha256_elapsed_ns,1098.0000000000
409509,13297061536090,btc_qm_engine,btc_sha256_nonce,852915804.0000000000
409510,13297061536161,btc_qm_engine,btc_leading_zeros,1.0000000000
409511,13297061536528,btc_qm_engine,btc_sha256_elapsed_ns,818.0000000000
409512,13297061536642,btc_qm_engine,btc_leading_zeros,2.0000000000
409513,13297061536991,btc_qm_engine,btc_sha256_elapsed_ns,809.0000000000
409514,13297061537167,btc_qm_engine,btc_sha256_elapsed_ns,889.0000000000
409515,13297061537490,btc_qm_engine,btc_sha256_nonce,2423516801.0000000000
409516,13297061537656,btc_qm_engine,btc_leading_zeros,3.0000000000
409517,13297061537994,btc_qm_engine,btc_sha256_nonce,1527753259.0000000000
409518,13297061538138,btc_qm_engine,btc_sha256_elapsed_ns,1074.0000000000
409519,13297061538288,btc_qm_engine,btc_sha256_nonce,3552356608.0000000000
409520,13297061538439,btc_qm_engine,btc_leading_zeros,0.0000000000
409521,13297061538750,btc_qm_engine,btc_sha256_nonce,329081828.0000000000
409522,13297061539023,btc_qm_engine,btc_leading_zeros,0.0000000000
409523,13297061539262,btc_qm_engine,btc_leading_zeros,1.0000000000
409524,13297061539494,btc_qm_engine,btc_sha256_elapsed_ns,861.0000000000
409525,13297061539700,btc_qm_engine,btc_sha256_elapsed_ns,1029.0000000000
409526,13297061539837,btc_qm_engine,btc_sha256_nonce,2984443670.0000000000
409527,13297061540003,btc_qm_engine,btc_sha256_elapsed_ns,1044.0000000000
409528,13297061540182,btc_qm_engine,btc_sha256_nonce,3768379144.0000000000
409529,13297061540476,btc_qm_engine,btc_sha256_nonce,717962487.0000000000
409530,13297061540759,btc_qm_engine,btc_leading_zeros,1.0000000000
409531,13297061541000,btc_qm_engine,btc_leading_zeros,2.0000000000
409532,13297061541137,btc_qm_engine,btc_sha256_nonce,1005320355.0000000000
409533,13297061541242,btc_qm_engine,btc_leading_zeros,1.0000000000
409534,13297061541420,btc_qm_engine,btc_sha256_elapsed_ns,1095.0000000000
409535,13297061541735,btc_qm_engine,btc_sha256_nonce,1625027302.0000000000
409536,13297061541862,btc_qm_engine,btc_leading_zeros,0.0000000000
409537,13297061542067,btc_qm_engine,btc_sha256_elapsed_ns,1003.0000000000
409538,13297061542200,btc_qm_engine,btc_sha256_nonce,3639902400.0000000000
409539,13297061542647,btc_qm_engine,btc_leading_zeros,4.0000000000
409540,13297061542829,btc_qm_engine,btc_sha256_elapsed_ns,864.0000000000
409541,13297061543065,btc_qm_engine,btc_sha256_nonce,2382365754.0000000000
409542,13297061543141,btc_qm_engine,btc_leading_zeros,1.0000000000
409543,13297061543485,btc_qm_engine,btc_sha256_elapsed_ns,1015.0000000000
409544,13297061543688,btc_qm_engine,btc_sha256_elapsed_ns,808.0000000000
409545,13297061544021,btc_qm_engine,btc_sha256_elapsed_ns,845.0000000000
409546,13297061544467,btc_qm_engine,btc_sha256_nonce,2411554781.0000000000
409547,13297061544549,btc_qm_engine,btc_leading_zeros,1.0000000000
409548,13297061544620,btc_qm_engine,btc_sha256_elapsed_ns,1054.0000000000
409549,13297061544774,btc_qm_engine,btc_sha256_nonce,4075641511.0000000000
409550,13297061544851,btc_qm_engine,btc_leading_zeros,0.0000000000
409551,13297061544914,btc_qm_engine,btc_sha256_elapsed_ns,793.0000000000
409552,13297061545258,btc_qm_engine,btc_sha256_nonce,99004483.0000000000
409553,13297061545326,btc_qm_engine,btc_leading_zeros,0.0000000000
409554,13297061545502,btc_qm_engine,btc_sha256_elapsed_ns,728.0000000000
409555,13297061545834,btc_qm_engine,btc_sha256_nonce,553375302.0000000000
409556,13297061546241,btc_qm_engine,btc_sha256_nonce,3272974529.0000000000
409557,13297061546392,btc_qm_engine,btc_sha256_nonce,3523104.0000000000
409558,13297061546487,btc_qm_engine,btc_leading_zeros,0.0000000000
409559,13297061546731,btc_qm_engine,btc_leading_zeros,0.0000000000
409560,13297061547382,btc_qm_engine,btc_leading_zeros,3.0000000000
409561,13297061547509,btc_qm_engine,btc_sha256_elapsed_ns,1075.0000000000
409562,13297061547708,btc_qm_engine,btc_sha256_nonce,4138459264.0000000000
409563,13297061547899,btc_qm_engine,btc_sha256_elapsed_ns,1088.0000000000
409564,13297061548146,btc_qm_engine,btc_sha256_elapsed_ns,1042.0000000000
409565,13297061548527,btc_qm_engine,btc_sha256_nonce,2135097215.0000000000
409566,13297061548602,btc_qm_engine,btc_leading_zeros,0.0000000000
409567,13297061548689,btc_qm_engine,btc_sha256_elapsed_ns,786.0000000000
409568,13297061548811,btc_qm_engine,btc_leading_zeros,0.0000000000
409569,13297061549201,btc_qm_engine,btc_leading_zeros,0.0000000000
409570,13297061549436,btc_qm_engine,btc_sha256_elapsed_ns,1111.0000000000
409571,13297061549559,btc_qm_engine,btc_sha256_elapsed_ns,760.0000000000
409572,13297061550008,btc_qm_engine,btc_sha256_nonce,3195514103.0000000000
409573,13297061550464,btc_qm_engine,btc_leading_zeros,2.0000000000
409574,13297061550739,btc_qm_engine,btc_sha256_nonce,2416000559.0000000000
409575,13297061550915,btc_qm_engine,btc_sha256_elapsed_ns,1008.0000000000
409576,13297061551166,btc_qm_engine,btc_sha256_nonce,612910166.0000000000
409577,13297061551789,btc_qm_engine,btc_sha256_nonce,1717370134.0000000000
409578,13297061552315,btc_qm_engine,btc_leading_zeros,0.0000000000
409579,13297061552395,btc_qm_engine,btc_sha256_elapsed_ns,1117.0000000000
409580,13297061552583,btc_qm_engine,btc_sha256_nonce,4209327870.0000000000
409581,13297061552937,btc_qm_engine,btc_leading_zeros,1.0000000000
409582,13297061553019,btc_qm_engine,btc_sha256_elapsed_ns,1081.0000000000
409583,13297061553774,btc_qm_engine,btc_sha256_nonce,3593581038.0000000000
409584,13297061553869,btc_qm_engine,btc_leading_zeros,1.0000000000
409585,13297061553938,btc_qm_engine,btc_sha256_elapsed_ns,1086.0000000000
409586,13297061554019,btc_qm_engine,btc_sha256_elapsed_ns,949.0000000000
409587,13297061554129,btc_qm_engine,btc_leading_zeros,0.0000000000
409588,13297061554262,btc_qm_engine,btc_sha256_nonce,1082410377.0000000000
409589,13297061554689,btc_qm_engine,btc_leading_zeros,1.0000000000
409590,13297061554754,btc_qm_engine,btc_sha256_elapsed_ns,977.0000000000
409591,13297061554958,btc_qm_engine,btc_sha256_nonce,1424982226.0000000000
409592,13297061555054,btc_qm_engine,btc_leading_zeros,0.0000000000
409593,13297061555114,btc_qm_engine,btc_sha256_elapsed_ns,972.0000000000
409594,13297061555280,btc_qm_engine,btc_sha256_nonce,3197904543.0000000000
409595,13297061555357,btc_qm_engine,btc_leading_zeros,2.0000000000
409596,13297061555430,btc_qm_engine,btc_sha256_elapsed_ns,1093.0000000000
409597,13297061555557,btc_qm_engine,btc_sha256_elapsed_ns,1076.0000000000
409598,13297061555751,btc_qm_engine,btc_sha256_nonce,945720330.0000000000
409599,13297061555830,btc_qm_engine,btc_leading_zeros,1.0000000000
409600,13297061555898,btc_qm_engine,btc_sha256_elapsed_ns,1078.0000000000
409601,13297061556548,btc_qm_engine,btc_sha256_nonce,547413468.0000000000
409602,13297061556700,btc_qm_engine,btc_sha256_nonce,2423429624.0000000000
409603,13297061556885,btc_qm_engine,btc_sha256_nonce,3551863624.0000000000
409604,13297061556956,btc_qm_engine,btc_leading_zeros,0.0000000000
409605,13297061557149,btc_qm_engine,btc_leading_zeros,0.0000000000
409606,13297061557816,btc_qm_engine,btc_leading_zeros,0.0000000000
409607,13297061558077,btc_qm_engine,btc_sha256_elapsed_ns,1103.0000000000
409608,13297061558244,btc_qm_engine,btc_sha256_nonce,716923680.0000000000
409609,13297061558307,btc_qm_engine,btc_sha256_nonce,1530562549.0000000000
409610,13297061558705,btc_qm_engine,btc_leading_zeros,0.0000000000
409611,13297061559078,btc_qm_engine,btc_sha256_elapsed_ns,1075.0000000000
409612,13297061559261,btc_qm_engine,btc_sha256_elapsed_ns,1102.0000000000
409613,13297061559498,btc_qm_engine,btc_sha256_nonce,4209407203.0000000000
409614,13297061560680,btc_qm_engine,btc_sha256_elapsed_ns,745.0000000000
409615,13297061560875,btc_qm_engine,btc_sha256_nonce,2827474116.0000000000
409616,13297061561126,btc_qm_engine,btc_sha256_nonce,3948038349.0000000000
409617,13297061561331,btc_qm_engine,btc_leading_zeros,0.0000000000
409618,13297061561514,btc_qm_engine,btc_leading_zeros,0.0000000000
409619,13297061561628,btc_qm_engine,btc_sha256_elapsed_ns,1063.0000000000
409620,13297061561730,btc_qm_engine,btc_leading_zeros,0.0000000000
409621,13297061562006,btc_qm_engine,btc_sha256_nonce,2423139011.0000000000
409622,13297061562180,btc_qm_engine,btc_leading_zeros,2.0000000000
409623,13297061562247,btc_qm_engine,btc_sha256_elapsed_ns,778.0000000000
409624,13297061562442,btc_qm_engine,btc_sha256_elapsed_ns,729.0000000000
409625,13297061562981,btc_qm_engine,btc_sha256_nonce,2456377058.0000000000
409626,13297061563453,btc_qm_engine,btc_sha256_elapsed_ns,1056.0000000000
409627,13297061563845,btc_qm_engine,btc_sha256_nonce,3499739644.0000000000
409628,13297061564228,btc_qm_engine,btc_sha256_nonce,2650462175.0000000000
409629,13297061564569,btc_qm_engine,btc_leading_zeros,0.0000000000
409630,13297061565148,btc_qm_engine,btc_sha256_nonce,2827510356.0000000000
409631,13297061565236,btc_qm_engine,btc_sha256_elapsed_ns,1065.0000000000
409632,13297061565451,btc_qm_engine,btc_leading_zeros,0.0000000000
409633,13297061565881,btc_qm_engine,btc_sha256_elapsed_ns,1089.0000000000
409634,13297061566326,btc_qm_engine,btc_leading_zeros,2.0000000000
409635,13297061566476,btc_qm_engine,btc_sha256_elapsed_ns,849.0000000000
409636,13297061566764,btc_qm_engine,btc_sha256_nonce,1116756445.0000000000
409637,13297061566846,btc_qm_engine,btc_leading_zeros,1.0000000000
409638,13297061566899,btc_qm_engine,btc_sha256_elapsed_ns,749.0000000000
409639,13297061567277,btc_qm_engine,btc_sha256_nonce,1648892918.0000000000
409640,13297061567360,btc_qm_engine,btc_leading_zeros,0.0000000000
409641,13297061567427,btc_qm_engine,btc_sha256_elapsed_ns,1126.0000000000
409642,13297061567607,btc_qm_engine,btc_sha256_nonce,925690021.0000000000
409643,13297061567851,btc_qm_engine,btc_leading_zeros,0.0000000000
409644,13297061567905,btc_qm_engine,btc_sha256_elapsed_ns,808.0000000000
409645,13297061568115,btc_qm_engine,btc_leading_zeros,4.0000000000
409646,13297061568411,btc_qm_engine,btc_sha256_nonce,1844456690.0000000000
409647,13297061568503,btc_qm_engine,btc_sha256_elapsed_ns,1003.0000000000
409648,13297061568664,btc_qm_engine,btc_leading_zeros,0.0000000000
409649,13297061568854,btc_qm_engine,btc_leading_zeros,1.0000000000
409650,13297061568950,btc_qm_engine,btc_sha256_elapsed_ns,842.0000000000
409651,13297061569135,btc_qm_engine,btc_sha256_nonce,3649224004.0000000000
409652,13297061569496,btc_qm_engine,btc_leading_zeros,1.0000000000
409653,13297061569580,btc_qm_engine,btc_sha256_elapsed_ns,765.0000000000
409654,13297061569683,btc_qm_engine,btc_sha256_elapsed_ns,751.0000000000
409655,13297061569835,btc_qm_engine,btc_sha256_nonce,2418273133.0000000000
409656,13297061570144,btc_qm_engine,btc_sha256_nonce,182178009.0000000000
409657,13297061570306,btc_qm_engine,btc_sha256_nonce,3486124939.0000000000
409658,13297061570462,btc_qm_engine,btc_leading_zeros,0.0000000000
409659,13297061570670,btc_qm_engine,btc_sha256_nonce,99729692.0000000000
409660,13297061570822,btc_qm_engine,btc_leading_zeros,4.0000000000
409661,13297061570893,btc_qm_engine,btc_sha256_elapsed_ns,1003.0000000000
409662,13297061571185,btc_qm_engine,btc_sha256_elapsed_ns,1026.0000000000
409663,13297061571319,btc_qm_engine,btc_sha256_nonce,1757105272.0000000000
409664,13297061571388,btc_qm_engine,btc_leading_zeros,0.0000000000
409665,13297061571459,btc_qm_engine,btc_sha256_elapsed_ns,1011.0000000000
409666,13297061571857,btc_qm_engine,btc_leading_zeros,1.0000000000
409667,13297061572264,btc_qm_engine,btc_sha256_elapsed_ns,782.0000000000
409668,13297061572402,btc_qm_engine,btc_sha256_nonce,1147990185.0000000000
409669,13297061572471,btc_qm_engine,btc_leading_zeros,3.0000000000
409670,13297061572537,btc_qm_engine,btc_sha256_elapsed_ns,740.0000000000
409671,13297061572649,btc_qm_engine,btc_leading_zeros,0.0000000000
409672,13297061572762,btc_qm_engine,btc_sha256_elapsed_ns,989.0000000000
409673,13297061573136,btc_qm_engine,btc_sha256_nonce,866973286.0000000000
409674,13297061573216,btc_qm_engine,btc_leading_zeros,0.0000000000
409675,13297061573286,btc_qm_engine,btc_sha256_elapsed_ns,990.0000000000
409676,13297061573450,btc_qm_engine,btc_sha256_nonce,11263535.0000000000
409677,13297061573688,btc_qm_engine,btc_leading_zeros,1.0000000000
409678,13297061573807,btc_qm_engine,btc_sha256_nonce,2423733748.0000000000
409679,13297061573980,btc_qm_engine,btc_sha256_nonce,958303380.0000000000
409680,13297061574062,btc_qm_engine,btc_leading_zeros,0.0000000000
409681,13297061574151,btc_qm_engine,btc_sha256_elapsed_ns,939.0000000000
409682,13297061574297,btc_qm_engine,btc_sha256_elapsed_ns,849.0000000000
409683,13297061574547,btc_qm_engine,btc_sha256_nonce,2679283162.0000000000
409684,13297061574631,btc_qm_engine,btc_leading_zeros,1.0000000000
409685,13297061574755,btc_qm_engine,btc_sha256_nonce,1967548774.0000000000
409686,13297061575185,btc_qm_engine,btc_leading_zeros,1.0000000000
409687,13297061575358,btc_qm_engine,btc_leading_zeros,1.0000000000
409688,13297061575538,btc_qm_engine,btc_sha256_nonce,3552202315.0000000000
409689,13297061575751,btc_qm_engine,btc_sha256_elapsed_ns,1027.0000000000
409690,13297061575948,btc_qm_engine,btc_sha256_nonce,3759147618.0000000000
409691,13297061576131,btc_qm_engine,btc_sha256_nonce,4068502359.0000000000
409692,13297061576333,btc_qm_engine,btc_leading_zeros,0.0000000000
409693,13297061576662,btc_qm_engine,btc_leading_zeros,1.0000000000
409694,13297061576747,btc_qm_engine,btc_sha256_elapsed_ns,1090.0000000000
409695,13297061577005,btc_qm_engine,btc_leading_zeros,0.0000000000
409696,13297061577162,btc_qm_engine,btc_sha256_elapsed_ns,1011.0000000000
409697,13297061577342,btc_qm_engine,btc_sha256_elapsed_ns,1078.0000000000
409698,13297061577496,btc_qm_engine,btc_sha256_elapsed_ns,1004.0000000000
409699,13297061577771,btc_qm_engine,btc_sha256_elapsed_ns,1131.0000000000
409700,13297061578470,btc_qm_engine,btc_sha256_nonce,4209817224.0000000000
409701,13297061578810,btc_qm_engine,btc_leading_zeros,0.0000000000
409702,13297061578890,btc_qm_engine,btc_sha256_nonce,4219389994.0000000000
409703,13297061579297,btc_qm_engine,btc_leading_zeros,1.0000000000
409704,13297061579424,btc_qm_engine,btc_sha256_elapsed_ns,818.0000000000
409705,13297061579571,btc_qm_engine,btc_sha256_nonce,895292876.0000000000
409706,13297061579643,btc_qm_engine,btc_leading_zeros,3.0000000000
409707,13297061580301,btc_qm_engine,btc_sha256_nonce,2168555483.0000000000
409708,13297061580858,btc_qm_engine,btc_sha256_nonce,1282563088.0000000000
409709,13297061580926,btc_qm_engine,btc_leading_zeros,3.0000000000
409710,13297061580978,btc_qm_engine,btc_sha256_elapsed_ns,915.0000000000
409711,13297061581308,btc_qm_engine,btc_sha256_nonce,2826769788.0000000000
409712,13297061581390,btc_qm_engine,btc_leading_zeros,3.0000000000
409713,13297061581454,btc_qm_engine,btc_sha256_elapsed_ns,782.0000000000
409714,13297061581561,btc_qm_engine,btc_leading_zeros,0.0000000000
409715,13297061581852,btc_qm_engine,btc_sha256_elapsed_ns,1058.0000000000
409716,13297061582261,btc_qm_engine,btc_sha256_nonce,2465909201.0000000000
409717,13297061582339,btc_qm_engine,btc_leading_zeros,0.0000000000
409718,13297061582404,btc_qm_engine,btc_sha256_elapsed_ns,1059.0000000000
409719,13297061582648,btc_qm_engine,btc_leading_zeros,0.0000000000
409720,13297061583027,btc_qm_engine,btc_sha256_elapsed_ns,737.0000000000
409721,13297061583149,btc_qm_engine,btc_sha256_nonce,2854880203.0000000000
409722,13297061583307,btc_qm_engine,btc_sha256_elapsed_ns,745.0000000000
409723,13297061583584,btc_qm_engine,btc_sha256_nonce,1429748193.0000000000
409724,13297061583736,btc_qm_engine,btc_sha256_nonce,3227094610.0000000000
409725,13297061583814,btc_qm_engine,btc_leading_zeros,1.0000000000
409726,13297061583884,btc_qm_engine,btc_sha256_elapsed_ns,962.0000000000
409727,13297061584120,btc_qm_engine,btc_leading_zeros,1.0000000000
409728,13297061584194,btc_qm_engine,btc_sha256_elapsed_ns,841.0000000000
409729,13297061584378,btc_qm_engine,btc_sha256_nonce,996956978.0000000000
409730,13297061584450,btc_qm_engine,btc_leading_zeros,0.0000000000
409731,13297061584499,btc_qm_engine,btc_sha256_elapsed_ns,786.0000000000
409732,13297061584864,btc_qm_engine,btc_sha256_nonce,2647376061.0000000000
409733,13297061584932,btc_qm_engine,btc_leading_zeros,0.0000000000
409734,13297061584993,btc_qm_engine,btc_sha256_elapsed_ns,794.0000000000
409735,13297061585276,btc_qm_engine,btc_sha256_nonce,4210164186.0000000000
409736,13297061585352,btc_qm_engine,btc_leading_zeros,1.0000000000
409737,13297061585500,btc_qm_engine,btc_sha256_nonce,997634427.0000000000
409738,13297061585759,btc_qm_engine,btc_sha256_nonce,3520736625.0000000000
409739,13297061586029,btc_qm_engine,btc_leading_zeros,0.0000000000
409740,13297061586218,btc_qm_engine,btc_leading_zeros,1.0000000000
409741,13297061586749,btc_qm_engine,btc_sha256_nonce,2661990084.0000000000
409742,13297061586901,btc_qm_engine,btc_sha256_nonce,311138508.0000000000
409743,13297061587093,btc_qm_engine,btc_sha256_elapsed_ns,746.0000000000
409744,13297061587427,btc_qm_engine,btc_leading_zeros,0.0000000000
409745,13297061587538,btc_qm_engine,btc_sha256_elapsed_ns,1130.0000000000
409746,13297061587635,btc_qm_engine,btc_leading_zeros,0.0000000000
409747,13297061587774,btc_qm_engine,btc_sha256_elapsed_ns,1029.0000000000
409748,13297061587947,btc_qm_engine,btc_sha256_elapsed_ns,954.0000000000
409749,13297061588115,btc_qm_engine,btc_sha256_elapsed_ns,1039.0000000000
409750,13297061588485,btc_qm_engine,btc_leading_zeros,0.0000000000
409751,13297061588768,btc_qm_engine,btc_sha256_nonce,511239528.0000000000
409752,13297061589217,btc_qm_engine,btc_leading_zeros,0.0000000000
409753,13297061589394,btc_qm_engine,btc_sha256_nonce,803238220.0000000000
409754,13297061589545,btc_qm_engine,btc_sha256_nonce,1606695302.0000000000
409755,13297061589721,btc_qm_engine,btc_leading_zeros,0.0000000000
409756,13297061590420,btc_qm_engine,btc_leading_zeros,0.0000000000
409757,13297061590607,btc_qm_engine,btc_sha256_elapsed_ns,1083.0000000000
409758,13297061590849,btc_qm_engine,btc_sha256_nonce,627821153.0000000000
409759,13297061590979,btc_qm_engine,btc_sha256_elapsed_ns,977.0000000000
409760,13297061591246,btc_qm_engine,btc_leading_zeros,0.0000000000
409761,13297061591383,btc_qm_engine,btc_leading_zeros,1.0000000000
409762,13297061591869,btc_qm_engine,btc_sha256_elapsed_ns,962.0000000000
409763,13297061592031,btc_qm_engine,btc_sha256_nonce,2423485474.0000000000
409764,13297061592197,btc_qm_engine,btc_sha256_nonce,2494886677.0000000000
409765,13297061592271,btc_qm_engine,btc_leading_zeros,0.0000000000
409766,13297061592374,btc_qm_engine,btc_sha256_elapsed_ns,958.0000000000
409767,13297061592569,btc_qm_engine,btc_sha256_elapsed_ns,1013.0000000000
409768,13297061593015,btc_qm_engine,btc_sha256_elapsed_ns,985.0000000000
409769,13297061593264,btc_qm_engine,btc_leading_zeros,3.0000000000
409770,13297061593466,btc_qm_engine,btc_sha256_nonce,4240802750.0000000000
409771,13297061593629,btc_qm_engine,btc_sha256_elapsed_ns,1067.0000000000
409772,13297061593900,btc_qm_engine,btc_sha256_elapsed_ns,825.0000000000
409773,13297061594015,btc_qm_engine,btc_leading_zeros,1.0000000000
409774,13297061594098,btc_qm_engine,btc_sha256_elapsed_ns,1017.0000000000
409775,13297061594399,btc_qm_engine,btc_sha256_nonce,4256643212.0000000000
409776,13297061594483,btc_qm_engine,btc_leading_zeros,4.0000000000
409777,13297061594564,btc_qm_engine,btc_sha256_elapsed_ns,1116.0000000000
409778,13297061594695,btc_qm_engine,btc_sha256_nonce,613576870.0000000000
409779,13297061594774,btc_qm_engine,btc_leading_zeros,0.0000000000
409780,13297061594843,btc_qm_engine,btc_sha256_elapsed_ns,1080.0000000000
409781,13297061595028,btc_qm_engine,btc_sha256_nonce,2423769027.0000000000
409782,13297061595234,btc_qm_engine,btc_sha256_nonce,1550513604.0000000000
409783,13297061595339,btc_qm_engine,btc_leading_zeros,1.0000000000
409784,13297061595445,btc_qm_engine,btc_sha256_nonce,2243263287.0000000000
409785,13297061595619,btc_qm_engine,btc_leading_zeros,0.0000000000
409786,13297061595715,btc_qm_engine,btc_sha256_elapsed_ns,1086.0000000000
409787,13297061596044,btc_qm_engine,btc_sha256_elapsed_ns,792.0000000000
409788,13297061596242,btc_qm_engine,btc_sha256_nonce,2098275585.0000000000
409789,13297061596355,btc_qm_engine,btc_leading_zeros,0.0000000000
409790,13297061596916,btc_qm_engine,btc_sha256_nonce,1110645524.0000000000
409791,13297061597551,btc_qm_engine,btc_leading_zeros,0.0000000000
409792,13297061597649,btc_qm_engine,btc_sha256_elapsed_ns,980.0000000000
409793,13297061597792,btc_qm_engine,btc_sha256_nonce,159344973.0000000000
409794,13297061598144,btc_qm_engine,btc_sha256_nonce,3328571734.0000000000
409795,13297061598320,btc_qm_engine,btc_leading_zeros,1.0000000000
409796,13297061598402,btc_qm_engine,btc_sha256_elapsed_ns,882.0000000000
409797,13297061598630,btc_qm_engine,btc_leading_zeros,2.0000000000
409798,13297061599014,btc_qm_engine,btc_sha256_nonce,364371666.0000000000
409799,13297061599368,btc_qm_engine,btc_sha256_elapsed_ns,957.0000000000
409800,13297061599546,btc_qm_engine,btc_leading_zeros,0.0000000000
409801,13297061599866,btc_qm_engine,btc_sha256_nonce,99277147.0000000000
409802,13297061599947,btc_qm_engine,btc_leading_zeros,2.0000000000
409803,13297061600134,btc_qm_engine,btc_sha256_elapsed_ns,929.0000000000
409804,13297061600592,btc_qm_engine,btc_sha256_elapsed_ns,1111.0000000000
409805,13297061600782,btc_qm_engine,btc_sha256_nonce,2027744517.0000000000
409806,13297061601137,btc_qm_engine,btc_leading_zeros,0.0000000000
409807,13297061601214,btc_qm_engine,btc_sha256_elapsed_ns,1047.0000000000
409808,13297061601724,btc_qm_engine,btc_sha256_nonce,2390951274.0000000000
409809,13297061601799,btc_qm_engine,btc_leading_zeros,2.0000000000
409810,13297061601869,btc_qm_engine,btc_sha256_elapsed_ns,1075.0000000000
409811,13297061602037,btc_qm_engine,btc_sha256_nonce,23236287.0000000000
409812,13297061602197,btc_qm_engine,btc_sha256_nonce,2603937993.0000000000
409813,13297061602547,btc_qm_engine,btc_sha256_nonce,3110413108.0000000000
409814,13297061602679,btc_qm_engine,btc_sha256_elapsed_ns,732.0000000000
409815,13297061603071,btc_qm_engine,btc_sha256_nonce,3599369683.0000000000
409816,13297061603145,btc_qm_engine,btc_leading_zeros,1.0000000000
409817,13297061603205,btc_qm_engine,btc_sha256_elapsed_ns,974.0000000000
409818,13297061603324,btc_qm_engine,btc_leading_zeros,3.0000000000
409819,13297061603395,btc_qm_engine,btc_sha256_elapsed_ns,1028.0000000000
409820,13297061603465,btc_qm_engine,btc_leading_zeros,2.0000000000
409821,13297061603841,btc_qm_engine,btc_sha256_elapsed_ns,1088.0000000000
409822,13297061604481,btc_qm_engine,btc_sha256_nonce,3803716370.0000000000
409823,13297061604555,btc_qm_engine,btc_leading_zeros,0.0000000000
409824,13297061604626,btc_qm_engine,btc_sha256_elapsed_ns,1092.0000000000
409825,13297061604747,btc_qm_engine,btc_sha256_nonce,4268835770.0000000000
409826,13297061604931,btc_qm_engine,btc_leading_zeros,3.0000000000
409827,13297061605243,btc_qm_engine,btc_sha256_nonce,760806634.0000000000
409828,13297061605332,btc_qm_engine,btc_leading_zeros,0.0000000000
409829,13297061605485,btc_qm_engine,btc_leading_zeros,3.0000000000
409830,13297061605813,btc_qm_engine,btc_leading_zeros,0.0000000000
409831,13297061605999,btc_qm_engine,btc_sha256_nonce,2607687035.0000000000
409832,13297061606217,btc_qm_engine,btc_sha256_elapsed_ns,1109.0000000000
409833,13297061606419,btc_qm_engine,btc_sha256_elapsed_ns,1107.0000000000
409834,13297061606624,btc_qm_engine,btc_sha256_elapsed_ns,1090.0000000000
409835,13297061606761,btc_qm_engine,btc_leading_zeros,0.0000000000
409836,13297061606843,btc_qm_engine,btc_sha256_elapsed_ns,1025.0000000000
409837,13297061607086,btc_qm_engine,btc_sha256_elapsed_ns,1029.0000000000
409838,13297061607536,btc_qm_engine,btc_sha256_nonce,4192927908.0000000000
409839,13297061607643,btc_qm_engine,btc_leading_zeros,0.0000000000
409840,13297061607701,btc_qm_engine,btc_sha256_elapsed_ns,954.0000000000
409841,13297061607952,btc_qm_engine,btc_sha256_nonce,3627933922.0000000000
409842,13297061608538,btc_qm_engine,btc_sha256_nonce,1025436134.0000000000
409843,13297061608758,btc_qm_engine,btc_leading_zeros,1.0000000000
409844,13297061608832,btc_qm_engine,btc_sha256_elapsed_ns,918.0000000000
409845,13297061608999,btc_qm_engine,btc_leading_zeros,2.0000000000
409846,13297061609287,btc_qm_engine,btc_sha256_nonce,996686829.0000000000
409847,13297061609585,btc_qm_engine,btc_sha256_nonce,4097315897.0000000000
409848,13297061609742,btc_qm_engine,btc_leading_zeros,1.0000000000
409849,13297061610039,btc_qm_engine,btc_sha256_elapsed_ns,1137.0000000000
409850,13297061610195,btc_qm_engine,btc_leading_zeros,0.0000000000
409851,13297061610330,btc_qm_engine,btc_sha256_nonce,2424095105.0000000000
409852,13297061610515,btc_qm_engine,btc_sha256_nonce,1444164772.0000000000
409853,13297061610676,btc_qm_engine,btc_sha256_nonce,2826380855.0000000000
409854,13297061610793,btc_qm_engine,btc_leading_zeros,0.0000000000
409855,13297061610861,btc_qm_engine,btc_sha256_elapsed_ns,967.0000000000
409856,13297061611179,btc_qm_engine,btc_sha256_elapsed_ns,803.0000000000
409857,13297061611398,btc_qm_engine,btc_leading_zeros,3.0000000000
409858,13297061611692,btc_qm_engine,btc_sha256_nonce,3375673390.0000000000
409859,13297061611903,btc_qm_engine,btc_sha256_elapsed_ns,933.0000000000
409860,13297061612136,btc_qm_engine,btc_leading_zeros,4.0000000000
409861,13297061612624,btc_qm_engine,btc_sha256_nonce,1944892937.0000000000
409862,13297061612717,btc_qm_engine,btc_sha256_nonce,3214716248.0000000000
409863,13297061612797,btc_qm_engine,btc_leading_zeros,0.0000000000
409864,13297061612877,btc_qm_engine,btc_sha256_elapsed_ns,997.0000000000
409865,13297061613020,btc_qm_engine,btc_leading_zeros,0.0000000000
409866,13297061613090,btc_qm_engine,btc_sha256_elapsed_ns,1034.0000000000
409867,13297061613245,btc_qm_engine,btc_sha256_nonce,2061461316.0000000000
409868,13297061613633,btc_qm_engine,btc_sha256_elapsed_ns,1088.0000000000
409869,13297061613780,btc_qm_engine,btc_leading_zeros,0.0000000000
409870,13297061613862,btc_qm_engine,btc_sha256_elapsed_ns,1102.0000000000
409871,13297061614028,btc_qm_engine,btc_sha256_nonce,1869484518.0000000000
409872,13297061614139,btc_qm_engine,btc_sha256_nonce,4062543871.0000000000
409873,13297061614209,btc_qm_engine,btc_leading_zeros,0.0000000000
409874,13297061614261,btc_qm_engine,btc_sha256_elapsed_ns,775.0000000000
409875,13297061614417,btc_qm_engine,btc_leading_zeros,0.0000000000
409876,13297061614489,btc_qm_engine,btc_sha256_elapsed_ns,1060.0000000000
409877,13297061615151,btc_qm_engine,btc_sha256_nonce,2050946331.0000000000
409878,13297061615290,btc_qm_engine,btc_leading_zeros,0.0000000000
409879,13297061615558,btc_qm_engine,btc_sha256_nonce,1778669717.0000000000
409880,13297061620374,btc_qm_engine,btc_sha256_elapsed_ns,1068.0000000000
409881,13297061622212,btc_qm_engine,btc_sha256_nonce,1973317421.0000000000
409882,13297061622262,btc_qm_engine,btc_leading_zeros,1.0000000000
409883,13297061622315,btc_qm_engine,btc_sha256_elapsed_ns,765.0000000000
409884,13297061623212,btc_qm_engine,btc_sha256_nonce,3397758466.0000000000
409885,13297061623265,btc_qm_engine,btc_leading_zeros,0.0000000000
409886,13297061623317,btc_qm_engine,btc_sha256_elapsed_ns,735.0000000000
409887,13297061624208,btc_qm_engine,btc_sha256_nonce,354671765.0000000000
409888,13297061624260,btc_qm_engine,btc_leading_zeros,1.0000000000
409889,13297061624314,btc_qm_engine,btc_sha256_elapsed_ns,739.0000000000
409890,13297061625210,btc_qm_engine,btc_sha256_nonce,2605149520.0000000000
409891,13297061625282,btc_qm_engine,btc_leading_zeros,2.0000000000
409892,13297061625335,btc_qm_engine,btc_sha256_elapsed_ns,741.0000000000
409893,13297061626249,btc_qm_engine,btc_sha256_nonce,2359017086.0000000000
409894,13297061626584,btc_qm_engine,btc_sha256_nonce,2764848229.0000000000
409895,13297061627314,btc_qm_engine,btc_leading_zeros,2.0000000000
409896,13297061627976,btc_qm_engine,btc_leading_zeros,0.0000000000
409897,13297061628108,btc_qm_engine,btc_sha256_elapsed_ns,727.0000000000
409898,13297061628883,btc_qm_engine,btc_sha256_elapsed_ns,1053.0000000000
409899,13297061629436,btc_qm_engine,btc_sha256_nonce,734368295.0000000000
409900,13297061629520,btc_qm_engine,btc_leading_zeros,0.0000000000
409901,13297061629595,btc_qm_engine,btc_sha256_elapsed_ns,1099.0000000000
409902,13297061630305,btc_qm_engine,btc_sha256_nonce,3989994415.0000000000
409903,13297061630381,btc_qm_engine,btc_leading_zeros,0.0000000000
409904,13297061630436,btc_qm_engine,btc_sha256_elapsed_ns,1084.0000000000
409905,13297061630905,btc_qm_engine,btc_sha256_nonce,3886596589.0000000000
409906,13297061631330,btc_qm_engine,btc_leading_zeros,0.0000000000
409907,13297061631548,btc_qm_engine,btc_sha256_nonce,2067778822.0000000000
409908,13297061631789,btc_qm_engine,btc_leading_zeros,0.0000000000
409909,13297061631866,btc_qm_engine,btc_sha256_elapsed_ns,1067.0000000000
409910,13297061632098,btc_qm_engine,btc_sha256_nonce,1773623089.0000000000
409911,13297061632398,btc_qm_engine,btc_leading_zeros,0.0000000000
409912,13297061632574,btc_qm_engine,btc_leading_zeros,1.0000000000
409913,13297061632657,btc_qm_engine,btc_sha256_elapsed_ns,869.0000000000
409914,13297061632810,btc_qm_engine,btc_sha256_elapsed_ns,1058.0000000000
409915,13297061633219,btc_qm_engine,btc_sha256_nonce,1179200568.0000000000
409916,13297061633292,btc_qm_engine,btc_leading_zeros,3.0000000000
409917,13297061633515,btc_qm_engine,btc_sha256_elapsed_ns,1088.0000000000
409918,13297061633836,btc_qm_engine,btc_sha256_nonce,588550580.0000000000
409919,13297061633990,btc_qm_engine,btc_sha256_elapsed_ns,1023.0000000000
409920,13297061634183,btc_qm_engine,btc_leading_zeros,0.0000000000
409921,13297061634524,btc_qm_engine,btc_sha256_nonce,2827589290.0000000000
409922,13297061635052,btc_qm_engine,btc_leading_zeros,1.0000000000
409923,13297061635170,btc_qm_engine,btc_leading_zeros,0.0000000000
409924,13297061635301,btc_qm_engine,btc_sha256_nonce,2423636561.0000000000
409925,13297061635373,btc_qm_engine,btc_leading_zeros,0.0000000000
409926,13297061635547,btc_qm_engine,btc_sha256_elapsed_ns,786.0000000000
409927,13297061635722,btc_qm_engine,btc_sha256_nonce,1391344384.0000000000
409928,13297061635805,btc_qm_engine,btc_leading_zeros,1.0000000000
409929,13297061635912,btc_qm_engine,btc_sha256_elapsed_ns,1092.0000000000
409930,13297061636050,btc_qm_engine,btc_sha256_elapsed_ns,988.0000000000
409931,13297061636434,btc_qm_engine,btc_sha256_elapsed_ns,843.0000000000
409932,13297061637297,btc_qm_engine,btc_sha256_nonce,1987978621.0000000000
409933,13297061637376,btc_qm_engine,btc_leading_zeros,0.0000000000
409934,13297061637431,btc_qm_engine,btc_sha256_elapsed_ns,1056.0000000000
409935,13297061660712,btc_qm_engine,btc_sha256_nonce,4193797995.0000000000
409936,13297061660794,btc_qm_engine,btc_leading_zeros,1.0000000000
409937,13297061660859,btc_qm_engine,btc_sha256_elapsed_ns,23261.0000000000
409938,13297061661287,btc_qm_engine,btc_sha256_nonce,315748347.0000000000
409939,13297061661775,btc_qm_engine,btc_sha256_elapsed_ns,934.0000000000
409940,13297061661944,btc_qm_engine,btc_sha256_nonce,168926847.0000000000
409941,13297061662167,btc_qm_engine,btc_sha256_nonce,2159716536.0000000000
409942,13297061662764,btc_qm_engine,btc_leading_zeros,0.0000000000
409943,13297061662866,btc_qm_engine,btc_sha256_elapsed_ns,944.0000000000
409944,13297061663201,btc_qm_engine,btc_sha256_elapsed_ns,1021.0000000000
409945,13297061663437,btc_qm_engine,btc_sha256_nonce,616373893.0000000000
409946,13297061663648,btc_qm_engine,btc_sha256_nonce,2337779935.0000000000
409947,13297061663835,btc_qm_engine,btc_leading_zeros,4.0000000000
409948,13297061663905,btc_qm_engine,btc_sha256_elapsed_ns,954.0000000000
409949,13297061664064,btc_qm_engine,btc_leading_zeros,0.0000000000
409950,13297061664460,btc_qm_engine,btc_sha256_elapsed_ns,1029.0000000000
409951,13297061664821,btc_qm_engine,btc_sha256_elapsed_ns,979.0000000000
409952,13297061664954,btc_qm_engine,btc_sha256_nonce,2497851514.0000000000
409953,13297061665019,btc_qm_engine,btc_leading_zeros,2.0000000000
409954,13297061665153,btc_qm_engine,btc_sha256_elapsed_ns,980.0000000000
409955,13297061665371,btc_qm_engine,btc_leading_zeros,1.0000000000
409956,13297061665655,btc_qm_engine,btc_sha256_nonce,2625912115.0000000000
409957,13297061665806,btc_qm_engine,btc_sha256_elapsed_ns,780.0000000000
409958,13297061666018,btc_qm_engine,btc_leading_zeros,1.0000000000
409959,13297061666097,btc_qm_engine,btc_sha256_elapsed_ns,934.0000000000
409960,13297061666269,btc_qm_engine,btc_sha256_nonce,2665417980.0000000000
409961,13297061666515,btc_qm_engine,btc_leading_zeros,0.0000000000
409962,13297061666565,btc_qm_engine,btc_sha256_elapsed_ns,706.0000000000
409963,13297061666840,btc_qm_engine,btc_sha256_nonce,2434160070.0000000000
409964,13297061666911,btc_qm_engine,btc_leading_zeros,1.0000000000
409965,13297061667071,btc_qm_engine,btc_sha256_nonce,248755535.0000000000
409966,13297061667397,btc_qm_engine,btc_sha256_nonce,2922993658.0000000000
409967,13297061667492,btc_qm_engine,btc_leading_zeros,1.0000000000
409968,13297061667561,btc_qm_engine,btc_sha256_elapsed_ns,1021.0000000000
409969,13297061667793,btc_qm_engine,btc_leading_zeros,0.0000000000
409970,13297061668176,btc_qm_engine,btc_sha256_elapsed_ns,813.0000000000
409971,13297061668311,btc_qm_engine,btc_sha256_nonce,2423119450.0000000000
409972,13297061668410,btc_qm_engine,btc_leading_zeros,1.0000000000
409973,13297061668459,btc_qm_engine,btc_sha256_elapsed_ns,888.0000000000
409974,13297061668581,btc_qm_engine,btc_leading_zeros,4.0000000000
409975,13297061668723,btc_qm_engine,btc_sha256_nonce,1171995838.0000000000
409976,13297061668856,btc_qm_engine,btc_sha256_elapsed_ns,1050.0000000000
409977,13297061668991,btc_qm_engine,btc_sha256_elapsed_ns,23593.0000000000
409978,13297061669133,btc_qm_engine,btc_leading_zeros,0.0000000000
409979,13297061669202,btc_qm_engine,btc_sha256_elapsed_ns,926.0000000000
409980,13297061669477,btc_qm_engine,btc_sha256_nonce,3021297964.0000000000
409981,13297061669546,btc_qm_engine,btc_leading_zeros,1.0000000000
409982,13297061669653,btc_qm_engine,btc_sha256_nonce,1397108367.0000000000
409983,13297061669887,btc_qm_engine,btc_sha256_nonce,1337578556.0000000000
409984,13297061670049,btc_qm_engine,btc_sha256_nonce,841121870.0000000000
409985,13297061670186,btc_qm_engine,btc_sha256_nonce,2794912230.0000000000
409986,13297061670261,btc_qm_engine,btc_leading_zeros,2.0000000000
409987,13297061670464,btc_qm_engine,btc_sha256_nonce,4209552168.0000000000
409988,13297061670543,btc_qm_engine,btc_leading_zeros,1.0000000000
409989,13297061670659,btc_qm_engine,btc_sha256_elapsed_ns,983.0000000000
409990,13297061671056,btc_qm_engine,btc_leading_zeros,0.0000000000
409991,13297061671225,btc_qm_engine,btc_sha256_elapsed_ns,1034.0000000000
409992,13297061671454,btc_qm_engine,btc_leading_zeros,1.0000000000
409993,13297061672015,btc_qm_engine,btc_leading_zeros,0.0000000000
409994,13297061672098,btc_qm_engine,btc_sha256_elapsed_ns,963.0000000000
409995,13297061672249,btc_qm_engine,btc_sha256_elapsed_ns,966.0000000000
409996,13297061672518,btc_qm_engine,btc_sha256_nonce,4210130464.0000000000
409997,13297061672586,btc_qm_engine,btc_leading_zeros,0.0000000000
409998,13297061672675,btc_qm_engine,btc_sha256_elapsed_ns,864.0000000000
409999,13297061672781,btc_qm_engine,btc_sha256_nonce,394677774.0000000000
410000,13297061672869,btc_qm_engine,btc_leading_zeros,1.0000000000
410001,13297061672936,btc_qm_engine,btc_sha256_elapsed_ns,1027.0000000000
410002,13297061673380,btc_qm_engine,btc_sha256_nonce,1572569955.0000000000
410003,13297061673474,btc_qm_engine,btc_leading_zeros,1.0000000000
410004,13297061673541,btc_qm_engine,btc_sha256_elapsed_ns,1014.0000000000
410005,13297061673900,btc_qm_engine,btc_sha256_nonce,4210346128.0000000000
410006,13297061674090,btc_qm_engine,btc_sha256_elapsed_ns,808.0000000000
410007,13297061674328,btc_qm_engine,btc_leading_zeros,0.0000000000
410008,13297061674738,btc_qm_engine,btc_sha256_nonce,4229348240.0000000000
410009,13297061674850,btc_qm_engine,btc_sha256_elapsed_ns,695.0000000000
410010,13297061675171,btc_qm_engine,btc_leading_zeros,0.0000000000
410011,13297061675365,btc_qm_engine,btc_sha256_nonce,709064133.0000000000
410012,13297061675623,btc_qm_engine,btc_sha256_nonce,2439530876.0000000000
410013,13297061675788,btc_qm_engine,btc_sha256_elapsed_ns,1050.0000000000
410014,13297061675950,btc_qm_engine,btc_leading_zeros,0.0000000000
410015,13297061676109,btc_qm_engine,btc_leading_zeros,1.0000000000
410016,13297061676179,btc_qm_engine,btc_sha256_elapsed_ns,1046.0000000000
410017,13297061676295,btc_qm_engine,btc_sha256_elapsed_ns,812.0000000000
410018,13297061676447,btc_qm_engine,btc_sha256_nonce,4209974522.0000000000
410019,13297061676789,btc_qm_engine,btc_sha256_elapsed_ns,1063.0000000000
410020,13297061677046,btc_qm_engine,btc_sha256_nonce,996512765.0000000000
410021,13297061677122,btc_qm_engine,btc_leading_zeros,0.0000000000
410022,13297061677208,btc_qm_engine,btc_sha256_elapsed_ns,1021.0000000000
410023,13297061677304,btc_qm_engine,btc_sha256_nonce,3611323363.0000000000
410024,13297061677685,btc_qm_engine,btc_leading_zeros,0.0000000000
410025,13297061677880,btc_qm_engine,btc_sha256_nonce,713434538.0000000000
410026,13297061678135,btc_qm_engine,btc_sha256_nonce,2707921473.0000000000
410027,13297061678338,btc_qm_engine,btc_sha256_elapsed_ns,940.0000000000
410028,13297061678607,btc_qm_engine,btc_leading_zeros,0.0000000000
410029,13297061678744,btc_qm_engine,btc_sha256_nonce,2423585324.0000000000
410030,13297061678956,btc_qm_engine,btc_leading_zeros,0.0000000000
410031,13297061679314,btc_qm_engine,btc_sha256_nonce,2905229538.0000000000
410032,13297061679756,btc_qm_engine,btc_leading_zeros,3.0000000000
410033,13297061679872,btc_qm_engine,btc_sha256_elapsed_ns,1040.0000000000
410034,13297061679968,btc_qm_engine,btc_sha256_nonce,1024006276.0000000000
410035,13297061680165,btc_qm_engine,btc_leading_zeros,1.0000000000
410036,13297061680317,btc_qm_engine,btc_leading_zeros,0.0000000000
410037,13297061680403,btc_qm_engine,btc_sha256_elapsed_ns,917.0000000000
410038,13297061680594,btc_qm_engine,btc_sha256_elapsed_ns,897.0000000000
410039,13297061680721,btc_qm_engine,btc_sha256_nonce,3173986600.0000000000
410040,13297061681026,btc_qm_engine,btc_sha256_elapsed_ns,1088.0000000000
410041,13297061681170,btc_qm_engine,btc_leading_zeros,0.0000000000
410042,13297061681450,btc_qm_engine,btc_sha256_elapsed_ns,891.0000000000
410043,13297061681626,btc_qm_engine,btc_sha256_nonce,3833166242.0000000000
410044,13297061681779,btc_qm_engine,btc_sha256_elapsed_ns,963.0000000000
410045,13297061681979,btc_qm_engine,btc_leading_zeros,0.0000000000
410046,13297061682197,btc_qm_engine,btc_sha256_nonce,3601164359.0000000000
410047,13297061682279,btc_qm_engine,btc_leading_zeros,0.0000000000
410048,13297061682411,btc_qm_engine,btc_sha256_elapsed_ns,993.0000000000
410049,13297061682599,btc_qm_engine,btc_sha256_nonce,4192667898.0000000000
410050,13297061682671,btc_qm_engine,btc_leading_zeros,0.0000000000
410051,13297061682914,btc_qm_engine,btc_sha256_elapsed_ns,963.0000000000
410052,13297061683151,btc_qm_engine,btc_sha256_nonce,2808139283.0000000000
410053,13297061683429,btc_qm_engine,btc_sha256_nonce,4209754958.0000000000
410054,13297061683553,btc_qm_engine,btc_leading_zeros,1.0000000000
410055,13297061683624,btc_qm_engine,btc_sha256_elapsed_ns,1024.0000000000
410056,13297061683762,btc_qm_engine,btc_leading_zeros,1.0000000000
410057,13297061683832,btc_qm_engine,btc_sha256_elapsed_ns,921.0000000000
410058,13297061683938,btc_qm_engine,btc_sha256_nonce,997304429.0000000000
410059,13297061684019,btc_qm_engine,btc_leading_zeros,0.0000000000
410060,13297061684464,btc_qm_engine,btc_sha256_elapsed_ns,991.0000000000
410061,13297061684689,btc_qm_engine,btc_leading_zeros,0.0000000000
410062,13297061684987,btc_qm_engine,btc_sha256_nonce,1984846681.0000000000
410063,13297061685172,btc_qm_engine,btc_sha256_nonce,4209433808.0000000000
410064,13297061685376,btc_qm_engine,btc_sha256_elapsed_ns,1046.0000000000
410065,13297061685581,btc_qm_engine,btc_leading_zeros,1.0000000000
410066,13297061685715,btc_qm_engine,btc_leading_zeros,1.0000000000
410067,13297061686008,btc_qm_engine,btc_sha256_nonce,2498423147.0000000000
410068,13297061686129,btc_qm_engine,btc_leading_zeros,0.0000000000
410069,13297061686296,btc_qm_engine,btc_sha256_elapsed_ns,688.0000000000
410070,13297061686542,btc_qm_engine,btc_sha256_nonce,2061434331.0000000000
410071,13297061686612,btc_qm_engine,btc_sha256_elapsed_ns,1005.0000000000
410072,13297061686776,btc_qm_engine,btc_sha256_elapsed_ns,704.0000000000
410073,13297061687117,btc_qm_engine,btc_leading_zeros,4.0000000000
410074,13297061687444,btc_qm_engine,btc_sha256_elapsed_ns,954.0000000000
410075,13297061687585,btc_qm_engine,btc_sha256_elapsed_ns,840.0000000000
410076,13297061687857,btc_qm_engine,btc_sha256_nonce,2617686028.0000000000
410077,13297061688042,btc_qm_engine,btc_sha256_nonce,2199385141.0000000000
410078,13297061688236,btc_qm_engine,btc_leading_zeros,2.0000000000
410079,13297061688307,btc_qm_engine,btc_sha256_elapsed_ns,945.0000000000
410080,13297061688524,btc_qm_engine,btc_leading_zeros,1.0000000000
410081,13297061688608,btc_qm_engine,btc_sha256_nonce,1833957104.0000000000
410082,13297061688816,btc_qm_engine,btc_sha256_nonce,137470247.0000000000
410083,13297061688885,btc_qm_engine,btc_leading_zeros,0.0000000000
410084,13297061689136,btc_qm_engine,btc_sha256_nonce,2827135491.0000000000
410085,13297061689294,btc_qm_engine,btc_leading_zeros,1.0000000000
410086,13297061689410,btc_qm_engine,btc_sha256_elapsed_ns,906.0000000000
410087,13297061689625,btc_qm_engine,btc_leading_zeros,1.0000000000
410088,13297061690009,btc_qm_engine,btc_sha256_nonce,1902325837.0000000000
410089,13297061690119,btc_qm_engine,btc_sha256_elapsed_ns,928.0000000000
410090,13297061690230,btc_qm_engine,btc_sha256_nonce,1758400305.0000000000
410091,13297061690649,btc_qm_engine,btc_sha256_elapsed_ns,1038.0000000000
410092,13297061690827,btc_qm_engine,btc_leading_zeros,0.0000000000
410093,13297061690898,btc_qm_engine,btc_sha256_elapsed_ns,1022.0000000000
410094,13297061691040,btc_qm_engine,btc_leading_zeros,0.0000000000
410095,13297061691138,btc_qm_engine,btc_sha256_nonce,4078041872.0000000000
410096,13297061691419,btc_qm_engine,btc_sha256_elapsed_ns,1017.0000000000
410097,13297061691617,btc_qm_engine,btc_leading_zeros,1.0000000000
410098,13297061691939,btc_qm_engine,btc_sha256_elapsed_ns,996.0000000000
410099,13297061692102,btc_qm_engine,btc_sha256_nonce,3551759990.0000000000
410100,13297061692180,btc_qm_engine,btc_leading_zeros,1.0000000000
410101,13297061692248,btc_qm_engine,btc_sha256_elapsed_ns,951.0000000000
410102,13297061692392,btc_qm_engine,btc_sha256_nonce,212709303.0000000000
410103,13297061692621,btc_qm_engine,btc_sha256_nonce,3721620530.0000000000
410104,13297061692885,btc_qm_engine,btc_sha256_nonce,3301182549.0000000000
410105,13297061693126,btc_qm_engine,btc_sha256_nonce,3192466423.0000000000
410106,13297061693404,btc_qm_engine,btc_leading_zeros,1.0000000000
410107,13297061693502,btc_qm_engine,btc_leading_zeros,0.0000000000
410108,13297061693704,btc_qm_engine,btc_sha256_nonce,1883130874.0000000000
410109,13297061693979,btc_qm_engine,btc_sha256_elapsed_ns,975.0000000000
410110,13297061694216,btc_qm_engine,btc_leading_zeros,4.0000000000
410111,13297061694285,btc_qm_engine,btc_sha256_elapsed_ns,1049.0000000000
410112,13297061694502,btc_qm_engine,btc_leading_zeros,0.0000000000
410113,13297061694897,btc_qm_engine,btc_leading_zeros,1.0000000000
410114,13297061695313,btc_qm_engine,btc_sha256_elapsed_ns,1024.0000000000
410115,13297061695539,btc_qm_engine,btc_sha256_nonce,613169071.0000000000
410116,13297061695704,btc_qm_engine,btc_sha256_elapsed_ns,958.0000000000
410117,13297061695933,btc_qm_engine,btc_sha256_elapsed_ns,962.0000000000
410118,13297061696034,btc_qm_engine,btc_leading_zeros,0.0000000000
410119,13297061696105,btc_qm_engine,btc_sha256_elapsed_ns,1041.0000000000
410120,13297061696503,btc_qm_engine,btc_sha256_nonce,3665920446.0000000000
410121,13297061696890,btc_qm_engine,btc_leading_zeros,0.0000000000
410122,13297061696960,btc_qm_engine,btc_sha256_elapsed_ns,966.0000000000
410123,13297061697301,btc_qm_engine,btc_sha256_nonce,3596606586.0000000000
410124,13297061697366,btc_qm_engine,btc_leading_zeros,1.0000000000
410125,13297061697920,btc_qm_engine,btc_sha256_nonce,745984304.0000000000
410126,13297061698012,btc_qm_engine,btc_sha256_nonce,751452378.0000000000
410127,13297061698079,btc_qm_engine,btc_leading_zeros,3.0000000000
410128,13297061698160,btc_qm_engine,btc_sha256_elapsed_ns,928.0000000000
410129,13297061698262,btc_qm_engine,btc_leading_zeros,1.0000000000
410130,13297061698335,btc_qm_engine,btc_sha256_elapsed_ns,690.0000000000
410131,13297061698493,btc_qm_engine,btc_sha256_nonce,3552899299.0000000000
410132,13297061699379,btc_qm_engine,btc_sha256_elapsed_ns,814.0000000000
410133,13297061699586,btc_qm_engine,btc_sha256_elapsed_ns,980.0000000000
410134,13297061699700,btc_qm_engine,btc_sha256_nonce,2205492467.0000000000
410135,13297061700025,btc_qm_engine,btc_leading_zeros,1.0000000000
410136,13297061700342,btc_qm_engine,btc_sha256_elapsed_ns,1068.0000000000
410137,13297061700713,btc_qm_engine,btc_sha256_nonce,2047486302.0000000000
410138,13297061700945,btc_qm_engine,btc_leading_zeros,0.0000000000
410139,13297061701023,btc_qm_engine,btc_sha256_elapsed_ns,808.0000000000
410140,13297061701307,btc_qm_engine,btc_sha256_nonce,613702289.0000000000
410141,13297061701423,btc_qm_engine,btc_leading_zeros,1.0000000000
410142,13297061701510,btc_qm_engine,btc_sha256_nonce,4230914022.0000000000
410143,13297061701732,btc_qm_engine,btc_sha256_elapsed_ns,1061.0000000000
410144,13297061701863,btc_qm_engine,btc_leading_zeros,0.0000000000
410145,13297061701935,btc_qm_engine,btc_sha256_elapsed_ns,817.0000000000
410146,13297061702182,btc_qm_engine,btc_sha256_nonce,3685871070.0000000000
410147,13297061702462,btc_qm_engine,btc_leading_zeros,0.0000000000
410148,13297061702686,btc_qm_engine,btc_leading_zeros,0.0000000000
410149,13297061702773,btc_qm_engine,btc_sha256_elapsed_ns,864.0000000000
410150,13297061702906,btc_qm_engine,btc_sha256_elapsed_ns,797.0000000000
410151,13297061703090,btc_qm_engine,btc_sha256_nonce,1696494319.0000000000
410152,13297061703169,btc_qm_engine,btc_leading_zeros,8.0000000000
410153,13297061703262,btc_qm_engine,btc_sha256_elapsed_ns,907.0000000000
410154,13297061703327,btc_qm_engine,btc_sha256_nonce,3814281699.0000000000
410155,13297061703445,btc_qm_engine,btc_sha256_nonce,2827451148.0000000000
410156,13297061703548,btc_qm_engine,btc_leading_zeros,0.0000000000
410157,13297061703625,btc_qm_engine,btc_sha256_elapsed_ns,990.0000000000
410158,13297061703775,btc_qm_engine,btc_leading_zeros,0.0000000000
410159,13297061703853,btc_qm_engine,btc_sha256_elapsed_ns,931.0000000000
410160,13297061704027,btc_qm_engine,btc_sha256_nonce,4209792956.0000000000
410161,13297061704270,btc_qm_engine,btc_sha256_nonce,1905534305.0000000000
410162,13297061704341,btc_qm_engine,btc_leading_zeros,4.0000000000
410163,13297061704504,btc_qm_engine,btc_sha256_elapsed_ns,779.0000000000
410164,13297061704696,btc_qm_engine,btc_leading_zeros,0.0000000000
410165,13297061704769,btc_qm_engine,btc_sha256_elapsed_ns,1018.0000000000
410166,13297061704965,btc_qm_engine,btc_sha256_nonce,3552165551.0000000000
410167,13297061705040,btc_qm_engine,btc_leading_zeros,0.0000000000
410168,13297061705529,btc_qm_engine,btc_sha256_nonce,613463876.0000000000
410169,13297061705625,btc_qm_engine,btc_sha256_elapsed_ns,906.0000000000
410170,13297061705844,btc_qm_engine,btc_leading_zeros,1.0000000000
410171,13297061705915,btc_qm_engine,btc_sha256_elapsed_ns,1009.0000000000
410172,13297061706105,btc_qm_engine,btc_sha256_nonce,4209972561.0000000000
410173,13297061706177,btc_qm_engine,btc_leading_zeros,1.0000000000
410174,13297061706264,btc_qm_engine,btc_sha256_elapsed_ns,1056.0000000000
410175,13297061706937,btc_qm_engine,btc_sha256_nonce,484865135.0000000000
410176,13297061707016,btc_qm_engine,btc_leading_zeros,1.0000000000
410177,13297061707095,btc_qm_engine,btc_sha256_elapsed_ns,1059.0000000000
410178,13297061707170,btc_qm_engine,btc_sha256_nonce,3087154857.0000000000
410179,13297061707488,btc_qm_engine,btc_leading_zeros,0.0000000000
410180,13297061708001,btc_qm_engine,btc_sha256_nonce,2827379188.0000000000
410181,13297061708136,btc_qm_engine,btc_sha256_nonce,3423225665.0000000000
410182,13297061708242,btc_qm_engine,btc_sha256_elapsed_ns,1037.0000000000
410183,13297061708517,btc_qm_engine,btc_leading_zeros,3.0000000000
410184,13297061708986,btc_qm_engine,btc_leading_zeros,0.0000000000
410185,13297061709436,btc_qm_engine,btc_sha256_nonce,2842816513.0000000000
410186,13297061709641,btc_qm_engine,btc_sha256_elapsed_ns,946.0000000000
410187,13297061709806,btc_qm_engine,btc_leading_zeros,3.0000000000
410188,13297061709976,btc_qm_engine,btc_sha256_elapsed_ns,751.0000000000
410189,13297061710421,btc_qm_engine,btc_sha256_elapsed_ns,921.0000000000
410190,13297061710588,btc_qm_engine,btc_sha256_nonce,542797359.0000000000
410191,13297061710870,btc_qm_engine,btc_sha256_nonce,621764790.0000000000
410192,13297061711040,btc_qm_engine,btc_leading_zeros,1.0000000000
410193,13297061711131,btc_qm_engine,btc_sha256_elapsed_ns,1064.0000000000
410194,13297061711204,btc_qm_engine,btc_sha256_nonce,4087636349.0000000000
410195,13297061711523,btc_qm_engine,btc_leading_zeros,4.0000000000
410196,13297061711653,btc_qm_engine,btc_sha256_nonce,99588756.0000000000
410197,13297061711798,btc_qm_engine,btc_leading_zeros,2.0000000000
410198,13297061711954,btc_qm_engine,btc_leading_zeros,4.0000000000
410199,13297061712208,btc_qm_engine,btc_sha256_elapsed_ns,890.0000000000
410200,13297061712347,btc_qm_engine,btc_sha256_nonce,1975391477.0000000000
410201,13297061712553,btc_qm_engine,btc_sha256_nonce,1175509137.0000000000
410202,13297061712758,btc_qm_engine,btc_leading_zeros,3.0000000000
410203,13297061712834,btc_qm_engine,btc_sha256_elapsed_ns,1048.0000000000
410204,13297061713032,btc_qm_engine,btc_sha256_nonce,3606412933.0000000000
410205,13297061713422,btc_qm_engine,btc_sha256_elapsed_ns,970.0000000000
410206,13297061714070,btc_qm_engine,btc_sha256_nonce,613787790.0000000000
410207,13297061714539,btc_qm_engine,btc_sha256_nonce,2252525657.0000000000
410208,13297061715104,btc_qm_engine,btc_leading_zeros,0.0000000000
410209,13297061715164,btc_qm_engine,btc_sha256_elapsed_ns,1004.0000000000
410210,13297061715743,btc_qm_engine,btc_sha256_nonce,1288719111.0000000000
410211,13297061715812,btc_qm_engine,btc_leading_zeros,0.0000000000
410212,13297061715861,btc_qm_engine,btc_sha256_elapsed_ns,38158.0000000000
410213,13297061716004,btc_qm_engine,btc_leading_zeros,0.0000000000
410214,13297061716133,btc_qm_engine,btc_sha256_elapsed_ns,1033.0000000000
410215,13297061716237,btc_qm_engine,btc_sha256_nonce,2252974910.0000000000
410216,13297061716308,btc_qm_engine,btc_leading_zeros,0.0000000000
410217,13297061716362,btc_qm_engine,btc_sha256_elapsed_ns,853.0000000000
410218,13297061716539,btc_qm_engine,btc_sha256_nonce,2827204543.0000000000
410219,13297061716613,btc_qm_engine,btc_leading_zeros,1.0000000000
410220,13297061716683,btc_qm_engine,btc_sha256_elapsed_ns,1045.0000000000
410221,13297061716882,btc_qm_engine,btc_sha256_nonce,616320389.0000000000
410222,13297061717207,btc_qm_engine,btc_leading_zeros,1.0000000000
410223,13297061717582,btc_qm_engine,btc_sha256_elapsed_ns,985.0000000000
410224,13297061717703,btc_qm_engine,btc_sha256_nonce,142474631.0000000000
410225,13297061717924,btc_qm_engine,btc_sha256_nonce,1833118749.0000000000
410226,13297061718035,btc_qm_engine,btc_leading_zeros,0.0000000000
410227,13297061718147,btc_qm_engine,btc_sha256_elapsed_ns,1001.0000000000
410228,13297061718362,btc_qm_engine,btc_leading_zeros,1.0000000000
410229,13297061718463,btc_qm_engine,btc_leading_zeros,4.0000000000
410230,13297061718533,btc_qm_engine,btc_sha256_elapsed_ns,707.0000000000
410231,13297061718667,btc_qm_engine,btc_sha256_elapsed_ns,950.0000000000
410232,13297061719306,btc_qm_engine,btc_sha256_nonce,3658439263.0000000000
410233,13297061719428,btc_qm_engine,btc_leading_zeros,4.0000000000
410234,13297061719663,btc_qm_engine,btc_sha256_nonce,613502646.0000000000
410235,13297061719859,btc_qm_engine,btc_leading_zeros,2.0000000000
410236,13297061720132,btc_qm_engine,btc_sha256_elapsed_ns,784.0000000000
410237,13297061720425,btc_qm_engine,btc_sha256_nonce,1816223155.0000000000
410238,13297061720706,btc_qm_engine,btc_sha256_elapsed_ns,712.0000000000
410239,13297061720811,btc_qm_engine,btc_sha256_elapsed_ns,967.0000000000
410240,13297061721064,btc_qm_engine,btc_sha256_nonce,3826337040.0000000000
410241,13297061721191,btc_qm_engine,btc_leading_zeros,2.0000000000
410242,13297061721429,btc_qm_engine,btc_leading_zeros,1.0000000000
410243,13297061721615,btc_qm_engine,btc_sha256_elapsed_ns,713.0000000000
410244,13297061721975,btc_qm_engine,btc_sha256_nonce,2052417114.0000000000
410245,13297061722055,btc_qm_engine,btc_leading_zeros,0.0000000000
410246,13297061722197,btc_qm_engine,btc_sha256_nonce,2739763597.0000000000
410247,13297061722499,btc_qm_engine,btc_sha256_elapsed_ns,992.0000000000
410248,13297061722631,btc_qm_engine,btc_sha256_nonce,1022490166.0000000000
410249,13297061723170,btc_qm_engine,btc_sha256_nonce,3018494994.0000000000
410250,13297061723362,btc_qm_engine,btc_leading_zeros,1.0000000000
410251,13297061723587,btc_qm_engine,btc_leading_zeros,0.0000000000
410252,13297061723651,btc_qm_engine,btc_sha256_elapsed_ns,940.0000000000
410253,13297061723827,btc_qm_engine,btc_sha256_elapsed_ns,1021.0000000000
410254,13297061724022,btc_qm_engine,btc_sha256_nonce,1176222045.0000000000
410255,13297061724140,btc_qm_engine,btc_leading_zeros,4.0000000000
410256,13297061724234,btc_qm_engine,btc_sha256_elapsed_ns,701.0000000000
410257,13297061724600,btc_qm_engine,btc_sha256_elapsed_ns,1046.0000000000
410258,13297061724952,btc_qm_engine,btc_sha256_nonce,3388315441.0000000000
410259,13297061725167,btc_qm_engine,btc_leading_zeros,0.0000000000
410260,13297061725502,btc_qm_engine,btc_leading_zeros,0.0000000000
410261,13297061725724,btc_qm_engine,btc_sha256_nonce,3345930845.0000000000
410262,13297061725959,btc_qm_engine,btc_sha256_elapsed_ns,1010.0000000000
410263,13297061726438,btc_qm_engine,btc_sha256_elapsed_ns,863.0000000000
410264,13297061727472,btc_qm_engine,btc_sha256_nonce,3466584062.0000000000
410265,13297061727525,btc_qm_engine,btc_leading_zeros,0.0000000000
410266,13297061727693,btc_qm_engine,btc_sha256_nonce,777048255.0000000000
410267,13297061727767,btc_qm_engine,btc_leading_zeros,0.0000000000
410268,13297061727821,btc_qm_engine,btc_sha256_elapsed_ns,1016.0000000000
410269,13297061728035,btc_qm_engine,btc_leading_zeros,0.0000000000
410270,13297061728320,btc_qm_engine,btc_sha256_elapsed_ns,691.0000000000
410271,13297061728418,btc_qm_engine,btc_leading_zeros,0.0000000000
410272,13297061728619,btc_qm_engine,btc_sha256_elapsed_ns,910.0000000000
410273,13297061729015,btc_qm_engine,btc_sha256_nonce,4005490211.0000000000
410274,13297061729335,btc_qm_engine,btc_leading_zeros,1.0000000000
410275,13297061729655,btc_qm_engine,btc_sha256_elapsed_ns,934.0000000000
410276,13297061729802,btc_qm_engine,btc_sha256_nonce,4189199934.0000000000
410277,13297061729870,btc_qm_engine,btc_leading_zeros,0.0000000000
410278,13297061729940,btc_qm_engine,btc_sha256_elapsed_ns,1046.0000000000
410279,13297061730088,btc_qm_engine,btc_sha256_elapsed_ns,1052.0000000000
410280,13297061730601,btc_qm_engine,btc_sha256_nonce,3315639432.0000000000
410281,13297061730773,btc_qm_engine,btc_sha256_nonce,2542731370.0000000000
410282,13297061730851,btc_qm_engine,btc_leading_zeros,0.0000000000
410283,13297061730914,btc_qm_engine,btc_sha256_elapsed_ns,1010.0000000000
410284,13297061731164,btc_qm_engine,btc_sha256_nonce,295837545.0000000000
410285,13297061731286,btc_qm_engine,btc_leading_zeros,1.0000000000
410286,13297061731519,btc_qm_engine,btc_leading_zeros,0.0000000000
410287,13297061731718,btc_qm_engine,btc_sha256_nonce,95653897.0000000000
410288,13297061731949,btc_qm_engine,btc_sha256_nonce,360273050.0000000000
410289,13297061732369,btc_qm_engine,btc_sha256_elapsed_ns,948.0000000000
410290,13297061732516,btc_qm_engine,btc_sha256_nonce,2438352099.0000000000
410291,13297061732687,btc_qm_engine,btc_leading_zeros,0.0000000000
410292,13297061732751,btc_qm_engine,btc_sha256_elapsed_ns,981.0000000000
410293,13297061732870,btc_qm_engine,btc_leading_zeros,1.0000000000
410294,13297061733193,btc_qm_engine,btc_sha256_elapsed_ns,985.0000000000
410295,13297061733378,btc_qm_engine,btc_sha256_nonce,641556898.0000000000
410296,13297061733751,btc_qm_engine,btc_sha256_nonce,1057778674.0000000000
410297,13297061733981,btc_qm_engine,btc_sha256_nonce,1488228245.0000000000
410298,13297061734072,btc_qm_engine,btc_leading_zeros,4.0000000000
410299,13297061734256,btc_qm_engine,btc_leading_zeros,0.0000000000
410300,13297061734372,btc_qm_engine,btc_sha256_elapsed_ns,971.0000000000
410301,13297061735151,btc_qm_engine,btc_sha256_nonce,3373975883.0000000000
410302,13297061735314,btc_qm_engine,btc_leading_zeros,1.0000000000
410303,13297061735517,btc_qm_engine,btc_leading_zeros,4.0000000000
410304,13297061735736,btc_qm_engine,btc_sha256_elapsed_ns,967.0000000000
410305,13297061736101,btc_qm_engine,btc_sha256_elapsed_ns,981.0000000000
410306,13297061736543,btc_qm_engine,btc_sha256_nonce,2827542764.0000000000
410307,13297061736616,btc_qm_engine,btc_leading_zeros,0.0000000000
410308,13297061736682,btc_qm_engine,btc_sha256_elapsed_ns,950.0000000000
410309,13297061736915,btc_qm_engine,btc_sha256_elapsed_ns,700.0000000000
410310,13297061737269,btc_qm_engine,btc_sha256_nonce,2314546117.0000000000
410311,13297061737342,btc_qm_engine,btc_leading_zeros,0.0000000000
410312,13297061737418,btc_qm_engine,btc_sha256_elapsed_ns,947.0000000000
410313,13297061737916,btc_qm_engine,btc_sha256_nonce,2655694979.0000000000
410314,13297061738070,btc_qm_engine,btc_sha256_nonce,281231226.0000000000
410315,13297061738135,btc_qm_engine,btc_leading_zeros,3.0000000000
410316,13297061738202,btc_qm_engine,btc_sha256_elapsed_ns,946.0000000000
410317,13297061738390,btc_qm_engine,btc_sha256_elapsed_ns,1023.0000000000
410318,13297061738519,btc_qm_engine,btc_leading_zeros,0.0000000000
410319,13297061738587,btc_qm_engine,btc_sha256_elapsed_ns,958.0000000000
410320,13297061738764,btc_qm_engine,btc_sha256_nonce,1774875869.0000000000
410321,13297061739018,btc_qm_engine,btc_sha256_nonce,234751347.0000000000
410322,13297061739094,btc_qm_engine,btc_leading_zeros,0.0000000000
410323,13297061739162,btc_qm_engine,btc_sha256_elapsed_ns,1035.0000000000
410324,13297061739432,btc_qm_engine,btc_sha256_nonce,2423151653.0000000000
410325,13297061739504,btc_qm_engine,btc_leading_zeros,2.0000000000
410326,13297061739581,btc_qm_engine,btc_sha256_elapsed_ns,982.0000000000
410327,13297061739872,btc_qm_engine,btc_leading_zeros,1.0000000000
410328,13297061740291,btc_qm_engine,btc_sha256_nonce,1436154482.0000000000
410329,13297061740348,btc_qm_engine,btc_leading_zeros,3.0000000000
410330,13297061740412,btc_qm_engine,btc_sha256_elapsed_ns,915.0000000000
410331,13297061740511,btc_qm_engine,btc_sha256_nonce,418264078.0000000000
410332,13297061740746,btc_qm_engine,btc_sha256_elapsed_ns,698.0000000000
410333,13297061740873,btc_qm_engine,btc_leading_zeros,0.0000000000
410334,13297061741475,btc_qm_engine,btc_sha256_nonce,3471280300.0000000000
410335,13297061741644,btc_qm_engine,btc_sha256_elapsed_ns,896.0000000000
410336,13297061741989,btc_qm_engine,btc_sha256_nonce,1668837736.0000000000
410337,13297061742129,btc_qm_engine,btc_leading_zeros,0.0000000000
410338,13297061742191,btc_qm_engine,btc_sha256_elapsed_ns,862.0000000000
410339,13297061742422,btc_qm_engine,btc_leading_zeros,1.0000000000
410340,13297061742497,btc_qm_engine,btc_sha256_elapsed_ns,1038.0000000000
410341,13297061742681,btc_qm_engine,btc_sha256_nonce,4272892977.0000000000
410342,13297061742751,btc_qm_engine,btc_leading_zeros,1.0000000000
410343,13297061742798,btc_qm_engine,btc_sha256_elapsed_ns,809.0000000000
410344,13297061743220,btc_qm_engine,btc_sha256_nonce,3727854628.0000000000
410345,13297061743296,btc_qm_engine,btc_leading_zeros,1.0000000000
410346,13297061743356,btc_qm_engine,btc_sha256_elapsed_ns,821.0000000000
410347,13297061743650,btc_qm_engine,btc_sha256_nonce,177163965.0000000000
410348,13297061743801,btc_qm_engine,btc_sha256_nonce,863203029.0000000000
410349,13297061744113,btc_qm_engine,btc_leading_zeros,0.0000000000
410350,13297061744192,btc_qm_engine,btc_sha256_elapsed_ns,700.0000000000
410351,13297061744407,btc_qm_engine,btc_sha256_nonce,4217525702.0000000000
410352,13297061744485,btc_qm_engine,btc_leading_zeros,1.0000000000
410353,13297061744580,btc_qm_engine,btc_sha256_elapsed_ns,1042.0000000000
410354,13297061744669,btc_qm_engine,btc_leading_zeros,0.0000000000
410355,13297061745006,btc_qm_engine,btc_sha256_nonce,3021813671.0000000000
410356,13297061745148,btc_qm_engine,btc_sha256_elapsed_ns,886.0000000000
410357,13297061745415,btc_qm_engine,btc_leading_zeros,2.0000000000
410358,13297061745488,btc_qm_engine,btc_sha256_elapsed_ns,1037.0000000000
410359,13297061745585,btc_qm_engine,btc_sha256_nonce,4164142706.0000000000
410360,13297061745678,btc_qm_engine,btc_leading_zeros,0.0000000000
410361,13297061745743,btc_qm_engine,btc_sha256_elapsed_ns,898.0000000000
410362,13297061746051,btc_qm_engine,btc_sha256_nonce,612917174.0000000000
410363,13297061746507,btc_qm_engine,btc_sha256_nonce,544086941.0000000000
410364,13297061746645,btc_qm_engine,btc_leading_zeros,0.0000000000
410365,13297061746830,btc_qm_engine,btc_sha256_nonce,4210309065.0000000000
410366,13297061747001,btc_qm_engine,btc_sha256_elapsed_ns,982.0000000000
410367,13297061747232,btc_qm_engine,btc_sha256_nonce,547807748.0000000000
410368,13297061747608,btc_qm_engine,btc_sha256_nonce,1548457183.0000000000
410369,13297061747869,btc_qm_engine,btc_leading_zeros,2.0000000000
410370,13297061748005,btc_qm_engine,btc_leading_zeros,4.0000000000
410371,13297061748081,btc_qm_engine,btc_sha256_elapsed_ns,1050.0000000000
410372,13297061748382,btc_qm_engine,btc_leading_zeros,1.0000000000
410373,13297061748562,btc_qm_engine,btc_sha256_elapsed_ns,886.0000000000
410374,13297061748728,btc_qm_engine,btc_sha256_elapsed_ns,926.0000000000
410375,13297061748859,btc_qm_engine,btc_sha256_nonce,2847198395.0000000000
410376,13297061749109,btc_qm_engine,btc_leading_zeros,1.0000000000
410377,13297061749176,btc_qm_engine,btc_sha256_elapsed_ns,852.0000000000
410378,13297061749286,btc_qm_engine,btc_sha256_nonce,637739421.0000000000
410379,13297061749382,btc_qm_engine,btc_leading_zeros,0.0000000000
410380,13297061749448,btc_qm_engine,btc_sha256_elapsed_ns,993.0000000000
410381,13297061750038,btc_qm_engine,btc_sha256_nonce,4209559825.0000000000
410382,13297061750218,btc_qm_engine,btc_sha256_nonce,3506365803.0000000000
410383,13297061750382,btc_qm_engine,btc_leading_zeros,0.0000000000
410384,13297061750457,btc_qm_engine,btc_sha256_elapsed_ns,996.0000000000
410385,13297061750587,btc_qm_engine,btc_leading_zeros,3.0000000000
410386,13297061750727,btc_qm_engine,btc_sha256_nonce,1928992479.0000000000
410387,13297061751201,btc_qm_engine,btc_sha256_nonce,3866909877.0000000000
410388,13297061751325,btc_qm_engine,btc_sha256_elapsed_ns,1028.0000000000
410389,13297061751441,btc_qm_engine,btc_leading_zeros,0.0000000000
410390,13297061751547,btc_qm_engine,btc_leading_zeros,0.0000000000
410391,13297061751756,btc_qm_engine,btc_sha256_elapsed_ns,928.0000000000
410392,13297061752088,btc_qm_engine,btc_sha256_elapsed_ns,742.0000000000
410393,13297061752802,btc_qm_engine,btc_sha256_nonce,4205217893.0000000000
410394,13297061752934,btc_qm_engine,btc_leading_zeros,1.0000000000
410395,13297061753287,btc_qm_engine,btc_sha256_nonce,182383320.0000000000
410396,13297061753364,btc_qm_engine,btc_leading_zeros,1.0000000000
410397,13297061753524,btc_qm_engine,btc_sha256_elapsed_ns,1034.0000000000
410398,13297061753736,btc_qm_engine,btc_sha256_nonce,755429487.0000000000
410399,13297061754004,btc_qm_engine,btc_sha256_nonce,880269854.0000000000
410400,13297061754076,btc_qm_engine,btc_leading_zeros,4.0000000000
410401,13297061754133,btc_qm_engine,btc_sha256_elapsed_ns,913.0000000000
410402,13297061754477,btc_qm_engine,btc_sha256_nonce,3353716766.0000000000
410403,13297061754624,btc_qm_engine,btc_leading_zeros,0.0000000000
410404,13297061754717,btc_qm_engine,btc_sha256_elapsed_ns,880.0000000000
410405,13297061754930,btc_qm_engine,btc_leading_zeros,1.0000000000
410406,13297061755006,btc_qm_engine,btc_sha256_elapsed_ns,935.0000000000
410407,13297061755299,btc_qm_engine,btc_sha256_nonce,2007123022.0000000000
410408,13297061755662,btc_qm_engine,btc_leading_zeros,1.0000000000
410409,13297061755788,btc_qm_engine,btc_leading_zeros,1.0000000000
410410,13297061755863,btc_qm_engine,btc_sha256_elapsed_ns,936.0000000000
410411,13297061756214,btc_qm_engine,btc_sha256_nonce,2441504775.0000000000
410412,13297061756279,btc_qm_engine,btc_leading_zeros,3.0000000000
410413,13297061756382,btc_qm_engine,btc_sha256_elapsed_ns,992.0000000000
410414,13297061756560,btc_qm_engine,btc_sha256_nonce,4297603.0000000000
410415,13297061756863,btc_qm_engine,btc_sha256_elapsed_ns,1001.0000000000
410416,13297061756988,btc_qm_engine,btc_leading_zeros,0.0000000000
410417,13297061757142,btc_qm_engine,btc_sha256_nonce,2459595104.0000000000
410418,13297061757548,btc_qm_engine,btc_sha256_nonce,4153147277.0000000000
410419,13297061757627,btc_qm_engine,btc_leading_zeros,0.0000000000
410420,13297061757898,btc_qm_engine,btc_sha256_elapsed_ns,1037.0000000000
410421,13297061758100,btc_qm_engine,btc_sha256_elapsed_ns,730.0000000000
410422,13297061758364,btc_qm_engine,btc_sha256_nonce,1439171549.0000000000
410423,13297061758474,btc_qm_engine,btc_leading_zeros,1.0000000000
410424,13297061758563,btc_qm_engine,btc_sha256_elapsed_ns,984.0000000000
410425,13297061758709,btc_qm_engine,btc_sha256_elapsed_ns,1079.0000000000
410426,13297061759045,btc_qm_engine,btc_sha256_nonce,529500580.0000000000
410427,13297061759124,btc_qm_engine,btc_leading_zeros,1.0000000000
410428,13297061759173,btc_qm_engine,btc_sha256_elapsed_ns,876.0000000000
410429,13297061759709,btc_qm_engine,btc_sha256_nonce,1686436755.0000000000
410430,13297061759816,btc_qm_engine,btc_leading_zeros,0.0000000000
410431,13297061759876,btc_qm_engine,btc_sha256_elapsed_ns,940.0000000000
410432,13297061760081,btc_qm_engine,btc_sha256_nonce,2715640456.0000000000
410433,13297061760144,btc_qm_engine,btc_leading_zeros,1.0000000000
410434,13297061760194,btc_qm_engine,btc_sha256_elapsed_ns,705.0000000000
410435,13297061760280,btc_qm_engine,btc_sha256_nonce,505688644.0000000000
410436,13297061760361,btc_qm_engine,btc_leading_zeros,0.0000000000
410437,13297061760418,btc_qm_engine,btc_sha256_elapsed_ns,893.0000000000
410438,13297061760581,btc_qm_engine,btc_leading_zeros,1.0000000000
410439,13297061760724,btc_qm_engine,btc_sha256_nonce,3719283866.0000000000
410440,13297061760914,btc_qm_engine,btc_sha256_nonce,532660614.0000000000
410441,13297061761000,btc_qm_engine,btc_sha256_nonce,320392521.0000000000
410442,13297061761154,btc_qm_engine,btc_sha256_elapsed_ns,974.0000000000
410443,13297061761342,btc_qm_engine,btc_leading_zeros,0.0000000000
410444,13297061761419,btc_qm_engine,btc_sha256_elapsed_ns,1014.0000000000
410445,13297061761724,btc_qm_engine,btc_leading_zeros,0.0000000000
410446,13297061762157,btc_qm_engine,btc_sha256_nonce,130438137.0000000000
410447,13297061762544,btc_qm_engine,btc_sha256_nonce,1745394678.0000000000
410448,13297061762694,btc_qm_engine,btc_sha256_elapsed_ns,929.0000000000
410449,13297061762764,btc_qm_engine,btc_sha256_nonce,105102223.0000000000
410450,13297061762832,btc_qm_engine,btc_leading_zeros,1.0000000000
410451,13297061763050,btc_qm_engine,btc_leading_zeros,0.0000000000
410452,13297061763326,btc_qm_engine,btc_sha256_nonce,2423648394.0000000000
410453,13297061763589,btc_qm_engine,btc_leading_zeros,3.0000000000
410454,13297061763755,btc_qm_engine,btc_sha256_nonce,2810534056.0000000000
410455,13297061763845,btc_qm_engine,btc_leading_zeros,3.0000000000
410456,13297061763911,btc_qm_engine,btc_sha256_elapsed_ns,805.0000000000
410457,13297061764119,btc_qm_engine,btc_sha256_elapsed_ns,872.0000000000
410458,13297061764413,btc_qm_engine,btc_leading_zeros,0.0000000000
410459,13297061764679,btc_qm_engine,btc_sha256_elapsed_ns,948.0000000000
410460,13297061764941,btc_qm_engine,btc_sha256_nonce,1863043834.0000000000
410461,13297061765016,btc_qm_engine,btc_leading_zeros,0.0000000000
410462,13297061765084,btc_qm_engine,btc_sha256_elapsed_ns,1045.0000000000
410463,13297061765202,btc_qm_engine,btc_sha256_nonce,2331846825.0000000000
410464,13297061765293,btc_qm_engine,btc_leading_zeros,0.0000000000
410465,13297061765369,btc_qm_engine,btc_sha256_elapsed_ns,1022.0000000000
410466,13297061765519,btc_qm_engine,btc_sha256_nonce,99526639.0000000000
410467,13297061765608,btc_qm_engine,btc_leading_zeros,3.0000000000
410468,13297061765664,btc_qm_engine,btc_sha256_elapsed_ns,861.0000000000
410469,13297061765963,btc_qm_engine,btc_leading_zeros,1.0000000000
410470,13297061766111,btc_qm_engine,btc_sha256_elapsed_ns,812.0000000000
410471,13297061766353,btc_qm_engine,btc_sha256_elapsed_ns,946.0000000000
410472,13297061768203,btc_qm_engine,btc_sha256_elapsed_ns,826.0000000000
410473,13297061772269,btc_qm_engine,btc_leading_zeros,1.0000000000
410474,13297061772596,btc_qm_engine,btc_sha256_elapsed_ns,940.0000000000
