seq,ts_ns,module,key,value
1134152,7444994143710,btc_qm_engine,btc_sha256_elapsed_ns,953.0000000000
1134153,7444994144014,btc_qm_engine,btc_sha256_elapsed_ns,1084.0000000000
1134154,7444994144162,btc_qm_engine,btc_leading_zeros,2.0000000000
1134155,7444994144336,btc_qm_engine,btc_sha256_nonce,2058986243.0000000000
1134156,7444994144504,btc_qm_engine,btc_leading_zeros,1.0000000000
1134157,7444994144614,btc_qm_engine,btc_sha256_elapsed_ns,921.0000000000
1134158,7444994144801,btc_qm_engine,btc_leading_zeros,3.0000000000
1134159,7444994144931,btc_qm_engine,btc_sha256_elapsed_ns,1125.0000000000
1134160,7444994145096,btc_qm_engine,btc_sha256_nonce,556609696.0000000000
1134161,7444994145441,btc_qm_engine,btc_sha256_nonce,2898204179.0000000000
1134162,7444994145535,btc_qm_engine,btc_leading_zeros,4.0000000000
1134163,7444994145662,btc_qm_engine,btc_sha256_nonce,1330653189.0000000000
1134164,7444994145738,btc_qm_engine,btc_leading_zeros,0.0000000000
1134165,7444994145872,btc_qm_engine,btc_leading_zeros,3.0000000000
1134166,7444994146283,btc_qm_engine,btc_sha256_nonce,3343109490.0000000000
1134167,7444994146364,btc_qm_engine,btc_leading_zeros,0.0000000000
1134168,7444994146605,btc_qm_engine,btc_sha256_elapsed_ns,975.0000000000
1134169,7444994146772,btc_qm_engine,btc_sha256_elapsed_ns,1015.0000000000
1134170,7444994147147,btc_qm_engine,btc_sha256_elapsed_ns,1002.0000000000
1134171,7444994147451,btc_qm_engine,btc_sha256_elapsed_ns,1054.0000000000
1134172,7444994148155,btc_qm_engine,btc_sha256_nonce,2059390206.0000000000
1134173,7444994148236,btc_qm_engine,btc_leading_zeros,2.0000000000
1134174,7444994148303,btc_qm_engine,btc_sha256_elapsed_ns,1089.0000000000
1134175,7444994149041,btc_qm_engine,btc_sha256_nonce,2899180933.0000000000
1134176,7444994149244,btc_qm_engine,btc_sha256_elapsed_ns,1057.0000000000
1134177,7444994149529,btc_qm_engine,btc_sha256_nonce,3284159721.0000000000
1134178,7444994149702,btc_qm_engine,btc_leading_zeros,0.0000000000
1134179,7444994150280,btc_qm_engine,btc_sha256_nonce,2146382055.0000000000
1134180,7444994150420,btc_qm_engine,btc_sha256_elapsed_ns,1118.0000000000
1134181,7444994150655,btc_qm_engine,btc_sha256_nonce,3200928964.0000000000
1134182,7444994150845,btc_qm_engine,btc_leading_zeros,0.0000000000
1134183,7444994150924,btc_qm_engine,btc_sha256_elapsed_ns,992.0000000000
1134184,7444994151160,btc_qm_engine,btc_sha256_nonce,748560016.0000000000
1134185,7444994151471,btc_qm_engine,btc_leading_zeros,1.0000000000
1134186,7444994151625,btc_qm_engine,btc_sha256_elapsed_ns,1123.0000000000
1134187,7444994151860,btc_qm_engine,btc_sha256_nonce,3047838849.0000000000
1134188,7444994152167,btc_qm_engine,btc_sha256_nonce,3324886696.0000000000
1134189,7444994152238,btc_qm_engine,btc_leading_zeros,0.0000000000
1134190,7444994152351,btc_qm_engine,btc_sha256_elapsed_ns,1013.0000000000
1134191,7444994152488,btc_qm_engine,btc_leading_zeros,0.0000000000
1134192,7444994152896,btc_qm_engine,btc_leading_zeros,1.0000000000
1134193,7444994153456,btc_qm_engine,btc_leading_zeros,0.0000000000
1134194,7444994153568,btc_qm_engine,btc_sha256_elapsed_ns,1070.0000000000
1134195,7444994153809,btc_qm_engine,btc_sha256_elapsed_ns,1116.0000000000
1134196,7444994153971,btc_qm_engine,btc_sha256_nonce,3243575708.0000000000
1134197,7444994154249,btc_qm_engine,btc_sha256_nonce,953232106.0000000000
1134198,7444994154335,btc_qm_engine,btc_leading_zeros,1.0000000000
1134199,7444994154748,btc_qm_engine,btc_sha256_elapsed_ns,1092.0000000000
1134200,7444994154917,btc_qm_engine,btc_sha256_nonce,654423858.0000000000
1134201,7444994155198,btc_qm_engine,btc_sha256_elapsed_ns,984.0000000000
1134202,7444994155314,btc_qm_engine,btc_sha256_nonce,749662610.0000000000
1134203,7444994155436,btc_qm_engine,btc_leading_zeros,0.0000000000
1134204,7444994155509,btc_qm_engine,btc_sha256_elapsed_ns,1060.0000000000
1134205,7444994155710,btc_qm_engine,btc_leading_zeros,2.0000000000
1134206,7444994156171,btc_qm_engine,btc_sha256_nonce,710145990.0000000000
1134207,7444994156304,btc_qm_engine,btc_sha256_elapsed_ns,738.0000000000
1134208,7444994156425,btc_qm_engine,btc_sha256_nonce,2246128232.0000000000
1134209,7444994156514,btc_qm_engine,btc_leading_zeros,0.0000000000
1134210,7444994156611,btc_qm_engine,btc_sha256_elapsed_ns,1029.0000000000
1134211,7444994156880,btc_qm_engine,btc_leading_zeros,0.0000000000
1134212,7444994157439,btc_qm_engine,btc_sha256_nonce,1731207404.0000000000
1134213,7444994157552,btc_qm_engine,btc_leading_zeros,1.0000000000
1134214,7444994157772,btc_qm_engine,btc_sha256_elapsed_ns,964.0000000000
1134215,7444994158026,btc_qm_engine,btc_sha256_nonce,653782203.0000000000
1134216,7444994158184,btc_qm_engine,btc_sha256_elapsed_ns,907.0000000000
1134217,7444994158398,btc_qm_engine,btc_sha256_elapsed_ns,797.0000000000
1134218,7444994158549,btc_qm_engine,btc_leading_zeros,0.0000000000
1134219,7444994158629,btc_qm_engine,btc_sha256_elapsed_ns,1064.0000000000
1134220,7444994159363,btc_qm_engine,btc_sha256_nonce,3034812187.0000000000
1134221,7444994159463,btc_qm_engine,btc_leading_zeros,0.0000000000
1134222,7444994159599,btc_qm_engine,btc_sha256_elapsed_ns,993.0000000000
1134223,7444994159774,btc_qm_engine,btc_sha256_nonce,2767442714.0000000000
1134224,7444994159939,btc_qm_engine,btc_sha256_nonce,967689379.0000000000
1134225,7444994160117,btc_qm_engine,btc_sha256_nonce,3556079626.0000000000
1134226,7444994160311,btc_qm_engine,btc_leading_zeros,0.0000000000
1134227,7444994160645,btc_qm_engine,btc_sha256_nonce,669284822.0000000000
1134228,7444994160912,btc_qm_engine,btc_leading_zeros,0.0000000000
1134229,7444994161034,btc_qm_engine,btc_sha256_elapsed_ns,892.0000000000
1134230,7444994161206,btc_qm_engine,btc_sha256_nonce,418746328.0000000000
1134231,7444994161409,btc_qm_engine,btc_leading_zeros,1.0000000000
1134232,7444994161481,btc_qm_engine,btc_sha256_elapsed_ns,1009.0000000000
1134233,7444994161695,btc_qm_engine,btc_sha256_elapsed_ns,1058.0000000000
1134234,7444994161866,btc_qm_engine,btc_leading_zeros,0.0000000000
1134235,7444994161941,btc_qm_engine,btc_sha256_elapsed_ns,943.0000000000
1134236,7444994162667,btc_qm_engine,btc_sha256_nonce,3149403736.0000000000
1134237,7444994162950,btc_qm_engine,btc_sha256_nonce,2992766552.0000000000
1134238,7444994163148,btc_qm_engine,btc_sha256_nonce,4110070469.0000000000
1134239,7444994163412,btc_qm_engine,btc_leading_zeros,0.0000000000
1134240,7444994163612,btc_qm_engine,btc_leading_zeros,0.0000000000
1134241,7444994163750,btc_qm_engine,btc_sha256_nonce,2445108770.0000000000
1134242,7444994163824,btc_qm_engine,btc_leading_zeros,0.0000000000
1134243,7444994163874,btc_qm_engine,btc_sha256_elapsed_ns,821.0000000000
1134244,7444994164027,btc_qm_engine,btc_sha256_elapsed_ns,1096.0000000000
1134245,7444994164179,btc_qm_engine,btc_sha256_elapsed_ns,878.0000000000
1134246,7444994164934,btc_qm_engine,btc_leading_zeros,0.0000000000
1134247,7444994165261,btc_qm_engine,btc_leading_zeros,0.0000000000
1134248,7444994165636,btc_qm_engine,btc_sha256_nonce,1474703859.0000000000
1134249,7444994165712,btc_qm_engine,btc_sha256_elapsed_ns,934.0000000000
1134250,7444994165900,btc_qm_engine,btc_leading_zeros,0.0000000000
1134251,7444994166552,btc_qm_engine,btc_sha256_elapsed_ns,977.0000000000
1134252,7444994167413,btc_qm_engine,btc_sha256_elapsed_ns,737.0000000000
1134253,7444994167641,btc_qm_engine,btc_sha256_nonce,758710930.0000000000
1134254,7444994168098,btc_qm_engine,btc_leading_zeros,0.0000000000
1134255,7444994168652,btc_qm_engine,btc_leading_zeros,3.0000000000
1134256,7444994168793,btc_qm_engine,btc_sha256_elapsed_ns,1010.0000000000
1134257,7444994168981,btc_qm_engine,btc_sha256_nonce,1514735596.0000000000
1134258,7444994169401,btc_qm_engine,btc_sha256_nonce,1689826315.0000000000
1134259,7444994169540,btc_qm_engine,btc_leading_zeros,2.0000000000
1134260,7444994169616,btc_qm_engine,btc_sha256_elapsed_ns,931.0000000000
1134261,7444994169923,btc_qm_engine,btc_sha256_nonce,2002697876.0000000000
1134262,7444994170003,btc_qm_engine,btc_leading_zeros,4.0000000000
1134263,7444994170062,btc_qm_engine,btc_sha256_elapsed_ns,1111.0000000000
1134264,7444994170287,btc_qm_engine,btc_sha256_nonce,3893067098.0000000000
1134265,7444994170663,btc_qm_engine,btc_leading_zeros,1.0000000000
1134266,7444994170737,btc_qm_engine,btc_sha256_elapsed_ns,1069.0000000000
1134267,7444994170863,btc_qm_engine,btc_sha256_nonce,380844542.0000000000
1134268,7444994170933,btc_qm_engine,btc_leading_zeros,1.0000000000
1134269,7444994171010,btc_qm_engine,btc_sha256_elapsed_ns,1042.0000000000
1134270,7444994171178,btc_qm_engine,btc_sha256_nonce,2304290886.0000000000
1134271,7444994171393,btc_qm_engine,btc_sha256_nonce,749211759.0000000000
1134272,7444994171561,btc_qm_engine,btc_leading_zeros,0.0000000000
1134273,7444994171634,btc_qm_engine,btc_sha256_elapsed_ns,865.0000000000
1134274,7444994171853,btc_qm_engine,btc_sha256_nonce,2381094989.0000000000
1134275,7444994172016,btc_qm_engine,btc_leading_zeros,0.0000000000
1134276,7444994172095,btc_qm_engine,btc_sha256_elapsed_ns,1018.0000000000
1134277,7444994172421,btc_qm_engine,btc_sha256_nonce,1330174544.0000000000
1134278,7444994172592,btc_qm_engine,btc_sha256_nonce,1823337434.0000000000
1134279,7444994172673,btc_qm_engine,btc_leading_zeros,0.0000000000
1134280,7444994172745,btc_qm_engine,btc_sha256_elapsed_ns,1126.0000000000
1134281,7444994172982,btc_qm_engine,btc_leading_zeros,0.0000000000
1134282,7444994173182,btc_qm_engine,btc_sha256_nonce,1675263111.0000000000
1134283,7444994173465,btc_qm_engine,btc_sha256_nonce,3190498280.0000000000
1134284,7444994173820,btc_qm_engine,btc_sha256_elapsed_ns,933.0000000000
1134285,7444994174562,btc_qm_engine,btc_sha256_elapsed_ns,15734.0000000000
1134286,7444994174701,btc_qm_engine,btc_leading_zeros,1.0000000000
1134287,7444994174775,btc_qm_engine,btc_sha256_elapsed_ns,1028.0000000000
1134288,7444994174955,btc_qm_engine,btc_leading_zeros,4.0000000000
1134289,7444994175384,btc_qm_engine,btc_sha256_elapsed_ns,1139.0000000000
1134290,7444994175732,btc_qm_engine,btc_sha256_nonce,749692020.0000000000
1134291,7444994175819,btc_qm_engine,btc_leading_zeros,1.0000000000
1134292,7444994175969,btc_qm_engine,btc_sha256_nonce,1588383487.0000000000
1134293,7444994176157,btc_qm_engine,btc_sha256_elapsed_ns,739.0000000000
1134294,7444994176237,btc_qm_engine,btc_leading_zeros,0.0000000000
1134295,7444994176305,btc_qm_engine,btc_sha256_elapsed_ns,1121.0000000000
1134296,7444994176512,btc_qm_engine,btc_leading_zeros,0.0000000000
1134297,7444994176759,btc_qm_engine,btc_sha256_nonce,1381984633.0000000000
1134298,7444994176904,btc_qm_engine,btc_sha256_elapsed_ns,797.0000000000
1134299,7444994177374,btc_qm_engine,btc_leading_zeros,3.0000000000
1134300,7444994177673,btc_qm_engine,btc_sha256_elapsed_ns,1109.0000000000
1134301,7444994177851,btc_qm_engine,btc_sha256_nonce,1929345581.0000000000
1134302,7444994178187,btc_qm_engine,btc_leading_zeros,0.0000000000
1134303,7444994178600,btc_qm_engine,btc_sha256_elapsed_ns,1145.0000000000
1134304,7444994178742,btc_qm_engine,btc_sha256_nonce,2871597100.0000000000
1134305,7444994178821,btc_qm_engine,btc_leading_zeros,4.0000000000
1134306,7444994178923,btc_qm_engine,btc_sha256_elapsed_ns,1069.0000000000
1134307,7444994179111,btc_qm_engine,btc_sha256_nonce,4141089400.0000000000
1134308,7444994179198,btc_qm_engine,btc_leading_zeros,1.0000000000
1134309,7444994179272,btc_qm_engine,btc_sha256_elapsed_ns,1136.0000000000
1134310,7444994179413,btc_qm_engine,btc_sha256_nonce,3265975219.0000000000
1134311,7444994179754,btc_qm_engine,btc_leading_zeros,2.0000000000
1134312,7444994179864,btc_qm_engine,btc_leading_zeros,0.0000000000
1134313,7444994179956,btc_qm_engine,btc_sha256_elapsed_ns,1103.0000000000
1134314,7444994180088,btc_qm_engine,btc_sha256_nonce,258595776.0000000000
1134315,7444994180270,btc_qm_engine,btc_sha256_elapsed_ns,1085.0000000000
1134316,7444994180570,btc_qm_engine,btc_sha256_nonce,1330334421.0000000000
1134317,7444994180908,btc_qm_engine,btc_leading_zeros,0.0000000000
1134318,7444994180985,btc_qm_engine,btc_sha256_elapsed_ns,977.0000000000
1134319,7444994181149,btc_qm_engine,btc_sha256_nonce,776664966.0000000000
1134320,7444994181238,btc_qm_engine,btc_leading_zeros,1.0000000000
1134321,7444994181432,btc_qm_engine,btc_leading_zeros,0.0000000000
1134322,7444994181601,btc_qm_engine,btc_sha256_elapsed_ns,1108.0000000000
1134323,7444994181845,btc_qm_engine,btc_sha256_elapsed_ns,884.0000000000
1134324,7444994182097,btc_qm_engine,btc_sha256_nonce,3448747457.0000000000
1134325,7444994182345,btc_qm_engine,btc_sha256_nonce,2477002374.0000000000
1134326,7444994182519,btc_qm_engine,btc_leading_zeros,3.0000000000
1134327,7444994182819,btc_qm_engine,btc_sha256_nonce,1661690009.0000000000
1134328,7444994182973,btc_qm_engine,btc_leading_zeros,3.0000000000
1134329,7444994183045,btc_qm_engine,btc_sha256_elapsed_ns,1097.0000000000
1134330,7444994183122,btc_qm_engine,btc_sha256_nonce,3632634680.0000000000
1134331,7444994183350,btc_qm_engine,btc_sha256_nonce,2497194567.0000000000
1134332,7444994183455,btc_qm_engine,btc_leading_zeros,1.0000000000
1134333,7444994183525,btc_qm_engine,btc_sha256_elapsed_ns,929.0000000000
1134334,7444994183688,btc_qm_engine,btc_sha256_nonce,775829403.0000000000
1134335,7444994183848,btc_qm_engine,btc_leading_zeros,0.0000000000
1134336,7444994184064,btc_qm_engine,btc_leading_zeros,0.0000000000
1134337,7444994184383,btc_qm_engine,btc_sha256_nonce,276450709.0000000000
1134338,7444994184759,btc_qm_engine,btc_sha256_nonce,3754644676.0000000000
1134339,7444994184831,btc_qm_engine,btc_leading_zeros,1.0000000000
1134340,7444994184939,btc_qm_engine,btc_sha256_elapsed_ns,946.0000000000
1134341,7444994185456,btc_qm_engine,btc_leading_zeros,4.0000000000
1134342,7444994186012,btc_qm_engine,btc_sha256_elapsed_ns,1087.0000000000
1134343,7444994186138,btc_qm_engine,btc_sha256_elapsed_ns,1008.0000000000
1134344,7444994186446,btc_qm_engine,btc_sha256_elapsed_ns,1114.0000000000
1134345,7444994186876,btc_qm_engine,btc_sha256_nonce,61198027.0000000000
1134346,7444994186958,btc_qm_engine,btc_leading_zeros,4.0000000000
1134347,7444994187034,btc_qm_engine,btc_sha256_elapsed_ns,1038.0000000000
1134348,7444994187259,btc_qm_engine,btc_sha256_nonce,2763336607.0000000000
1134349,7444994187506,btc_qm_engine,btc_sha256_elapsed_ns,1002.0000000000
1134350,7444994187805,btc_qm_engine,btc_sha256_nonce,616766200.0000000000
1134351,7444994187971,btc_qm_engine,btc_leading_zeros,1.0000000000
1134352,7444994188309,btc_qm_engine,btc_sha256_nonce,1416444601.0000000000
1134353,7444994188836,btc_qm_engine,btc_sha256_nonce,2066104447.0000000000
1134354,7444994189103,btc_qm_engine,btc_leading_zeros,0.0000000000
1134355,7444994189249,btc_qm_engine,btc_leading_zeros,0.0000000000
1134356,7444994189326,btc_qm_engine,btc_sha256_elapsed_ns,983.0000000000
1134357,7444994189439,btc_qm_engine,btc_sha256_elapsed_ns,758.0000000000
1134358,7444994190050,btc_qm_engine,btc_leading_zeros,0.0000000000
1134359,7444994190366,btc_qm_engine,btc_sha256_elapsed_ns,1007.0000000000
1134360,7444994190582,btc_qm_engine,btc_sha256_nonce,3537302663.0000000000
1134361,7444994190904,btc_qm_engine,btc_leading_zeros,1.0000000000
1134362,7444994191068,btc_qm_engine,btc_leading_zeros,1.0000000000
1134363,7444994191146,btc_qm_engine,btc_sha256_elapsed_ns,1134.0000000000
1134364,7444994191335,btc_qm_engine,btc_sha256_nonce,805990020.0000000000
1134365,7444994191662,btc_qm_engine,btc_sha256_nonce,1829027609.0000000000
1134366,7444994191868,btc_qm_engine,btc_leading_zeros,3.0000000000
1134367,7444994192053,btc_qm_engine,btc_leading_zeros,0.0000000000
1134368,7444994192119,btc_qm_engine,btc_sha256_elapsed_ns,1093.0000000000
1134369,7444994192275,btc_qm_engine,btc_sha256_nonce,3319252305.0000000000
1134370,7444994192485,btc_qm_engine,btc_sha256_elapsed_ns,1044.0000000000
1134371,7444994192643,btc_qm_engine,btc_sha256_elapsed_ns,1034.0000000000
1134372,7444994193214,btc_qm_engine,btc_sha256_nonce,1618572831.0000000000
1134373,7444994193449,btc_qm_engine,btc_sha256_nonce,3817049007.0000000000
1134374,7444994193531,btc_qm_engine,btc_leading_zeros,4.0000000000
1134375,7444994193717,btc_qm_engine,btc_leading_zeros,0.0000000000
1134376,7444994193946,btc_qm_engine,btc_sha256_nonce,2857632071.0000000000
1134377,7444994194141,btc_qm_engine,btc_sha256_nonce,1329868871.0000000000
1134378,7444994194727,btc_qm_engine,btc_sha256_nonce,2898471208.0000000000
1134379,7444994194875,btc_qm_engine,btc_leading_zeros,3.0000000000
1134380,7444994194955,btc_qm_engine,btc_sha256_elapsed_ns,751.0000000000
1134381,7444994195118,btc_qm_engine,btc_leading_zeros,0.0000000000
1134382,7444994195188,btc_qm_engine,btc_sha256_elapsed_ns,865.0000000000
1134383,7444994195305,btc_qm_engine,btc_leading_zeros,0.0000000000
1134384,7444994195397,btc_qm_engine,btc_leading_zeros,1.0000000000
1134385,7444994195725,btc_qm_engine,btc_sha256_elapsed_ns,1033.0000000000
1134386,7444994195847,btc_qm_engine,btc_sha256_elapsed_ns,1021.0000000000
1134387,7444994196240,btc_qm_engine,btc_sha256_nonce,2936317028.0000000000
1134388,7444994196315,btc_qm_engine,btc_leading_zeros,0.0000000000
1134389,7444994196372,btc_qm_engine,btc_sha256_elapsed_ns,805.0000000000
1134390,7444994196510,btc_qm_engine,btc_sha256_elapsed_ns,974.0000000000
1134391,7444994196615,btc_qm_engine,btc_sha256_nonce,2551522830.0000000000
1134392,7444994196694,btc_qm_engine,btc_leading_zeros,0.0000000000
1134393,7444994196770,btc_qm_engine,btc_sha256_elapsed_ns,1097.0000000000
1134394,7444994196917,btc_qm_engine,btc_sha256_nonce,1398726132.0000000000
1134395,7444994197017,btc_qm_engine,btc_leading_zeros,0.0000000000
1134396,7444994197097,btc_qm_engine,btc_sha256_elapsed_ns,947.0000000000
1134397,7444994197209,btc_qm_engine,btc_sha256_nonce,461748838.0000000000
1134398,7444994197290,btc_qm_engine,btc_leading_zeros,3.0000000000
1134399,7444994197366,btc_qm_engine,btc_sha256_elapsed_ns,1094.0000000000
1134400,7444994197755,btc_qm_engine,btc_sha256_nonce,2898849223.0000000000
1134401,7444994197843,btc_qm_engine,btc_sha256_nonce,2382744629.0000000000
1134402,7444994198157,btc_qm_engine,btc_sha256_elapsed_ns,1057.0000000000
1134403,7444994198455,btc_qm_engine,btc_sha256_nonce,1104802229.0000000000
1134404,7444994198535,btc_qm_engine,btc_leading_zeros,0.0000000000
1134405,7444994198695,btc_qm_engine,btc_sha256_nonce,1918887363.0000000000
1134406,7444994198881,btc_qm_engine,btc_sha256_nonce,1513008605.0000000000
1134407,7444994198985,btc_qm_engine,btc_leading_zeros,1.0000000000
1134408,7444994199469,btc_qm_engine,btc_leading_zeros,1.0000000000
1134409,7444994199554,btc_qm_engine,btc_sha256_elapsed_ns,1032.0000000000
1134410,7444994199699,btc_qm_engine,btc_sha256_elapsed_ns,1091.0000000000
1134411,7444994199884,btc_qm_engine,btc_sha256_elapsed_ns,1078.0000000000
1134412,7444994200079,btc_qm_engine,btc_sha256_elapsed_ns,1080.0000000000
1134413,7444994200847,btc_qm_engine,btc_sha256_nonce,2618502237.0000000000
1134414,7444994200927,btc_qm_engine,btc_leading_zeros,4.0000000000
1134415,7444994201041,btc_qm_engine,btc_sha256_nonce,1562452936.0000000000
1134416,7444994201237,btc_qm_engine,btc_sha256_nonce,2851074952.0000000000
1134417,7444994201626,btc_qm_engine,btc_leading_zeros,1.0000000000
1134418,7444994201799,btc_qm_engine,btc_leading_zeros,1.0000000000
1134419,7444994202285,btc_qm_engine,btc_sha256_elapsed_ns,1034.0000000000
1134420,7444994202590,btc_qm_engine,btc_sha256_elapsed_ns,839.0000000000
1134421,7444994202741,btc_qm_engine,btc_leading_zeros,1.0000000000
1134422,7444994203101,btc_qm_engine,btc_sha256_elapsed_ns,1107.0000000000
1134423,7444994203816,btc_qm_engine,btc_sha256_nonce,3384745590.0000000000
1134424,7444994203906,btc_qm_engine,btc_leading_zeros,0.0000000000
1134425,7444994204015,btc_qm_engine,btc_sha256_nonce,2196606847.0000000000
1134426,7444994204190,btc_qm_engine,btc_sha256_elapsed_ns,1106.0000000000
1134427,7444994204388,btc_qm_engine,btc_sha256_elapsed_ns,1082.0000000000
1134428,7444994204800,btc_qm_engine,btc_leading_zeros,1.0000000000
1134429,7444994205081,btc_qm_engine,btc_leading_zeros,2.0000000000
1134430,7444994205202,btc_qm_engine,btc_sha256_nonce,2060422997.0000000000
1134431,7444994205394,btc_qm_engine,btc_sha256_elapsed_ns,1100.0000000000
1134432,7444994205657,btc_qm_engine,btc_leading_zeros,2.0000000000
1134433,7444994205747,btc_qm_engine,btc_sha256_elapsed_ns,1002.0000000000
1134434,7444994205835,btc_qm_engine,btc_sha256_elapsed_ns,1110.0000000000
1134435,7444994206480,btc_qm_engine,btc_sha256_nonce,1678404913.0000000000
1134436,7444994206561,btc_qm_engine,btc_leading_zeros,0.0000000000
1134437,7444994206628,btc_qm_engine,btc_sha256_elapsed_ns,1040.0000000000
1134438,7444994207067,btc_qm_engine,btc_sha256_nonce,3179343670.0000000000
1134439,7444994207460,btc_qm_engine,btc_sha256_nonce,2771356458.0000000000
1134440,7444994208048,btc_qm_engine,btc_sha256_nonce,3598916105.0000000000
1134441,7444994208468,btc_qm_engine,btc_sha256_nonce,2244496704.0000000000
1134442,7444994208758,btc_qm_engine,btc_sha256_nonce,279247208.0000000000
1134443,7444994208904,btc_qm_engine,btc_leading_zeros,1.0000000000
1134444,7444994209402,btc_qm_engine,btc_sha256_elapsed_ns,892.0000000000
1134445,7444994210063,btc_qm_engine,btc_leading_zeros,0.0000000000
1134446,7444994210144,btc_qm_engine,btc_sha256_elapsed_ns,1106.0000000000
1134447,7444994210426,btc_qm_engine,btc_leading_zeros,2.0000000000
1134448,7444994210806,btc_qm_engine,btc_sha256_nonce,4099088961.0000000000
1134449,7444994211154,btc_qm_engine,btc_leading_zeros,0.0000000000
1134450,7444994211487,btc_qm_engine,btc_sha256_nonce,2059473729.0000000000
1134451,7444994211581,btc_qm_engine,btc_leading_zeros,4.0000000000
1134452,7444994211649,btc_qm_engine,btc_sha256_elapsed_ns,1075.0000000000
1134453,7444994211770,btc_qm_engine,btc_sha256_elapsed_ns,869.0000000000
1134454,7444994212153,btc_qm_engine,btc_leading_zeros,0.0000000000
1134455,7444994212531,btc_qm_engine,btc_sha256_elapsed_ns,1075.0000000000
1134456,7444994213102,btc_qm_engine,btc_sha256_nonce,1815734125.0000000000
1134457,7444994213191,btc_qm_engine,btc_leading_zeros,1.0000000000
1134458,7444994213531,btc_qm_engine,btc_leading_zeros,0.0000000000
1134459,7444994213887,btc_qm_engine,btc_sha256_nonce,3360311759.0000000000
1134460,7444994213960,btc_qm_engine,btc_leading_zeros,2.0000000000
1134461,7444994214064,btc_qm_engine,btc_sha256_elapsed_ns,1083.0000000000
1134462,7444994214237,btc_qm_engine,btc_sha256_elapsed_ns,1084.0000000000
1134463,7444994214736,btc_qm_engine,btc_sha256_nonce,2228297080.0000000000
1134464,7444994215222,btc_qm_engine,btc_sha256_nonce,3357829683.0000000000
1134465,7444994215410,btc_qm_engine,btc_sha256_nonce,4123654913.0000000000
1134466,7444994215711,btc_qm_engine,btc_leading_zeros,4.0000000000
1134467,7444994215955,btc_qm_engine,btc_sha256_nonce,2334854331.0000000000
1134468,7444994216041,btc_qm_engine,btc_leading_zeros,0.0000000000
1134469,7444994216123,btc_qm_engine,btc_sha256_elapsed_ns,982.0000000000
1134470,7444994216238,btc_qm_engine,btc_leading_zeros,0.0000000000
1134471,7444994217028,btc_qm_engine,btc_leading_zeros,1.0000000000
1134472,7444994217203,btc_qm_engine,btc_sha256_nonce,2007728510.0000000000
1134473,7444994217285,btc_qm_engine,btc_leading_zeros,0.0000000000
1134474,7444994217337,btc_qm_engine,btc_sha256_elapsed_ns,784.0000000000
1134475,7444994217494,btc_qm_engine,btc_sha256_elapsed_ns,1065.0000000000
1134476,7444994217624,btc_qm_engine,btc_sha256_elapsed_ns,1159.0000000000
1134477,7444994218238,btc_qm_engine,btc_sha256_nonce,2898461221.0000000000
1134478,7444994218409,btc_qm_engine,btc_sha256_nonce,953969082.0000000000
1134479,7444994218499,btc_qm_engine,btc_leading_zeros,0.0000000000
1134480,7444994218572,btc_qm_engine,btc_sha256_elapsed_ns,1056.0000000000
1134481,7444994218719,btc_qm_engine,btc_sha256_nonce,2835370095.0000000000
1134482,7444994218859,btc_qm_engine,btc_sha256_nonce,3038961766.0000000000
1134483,7444994218948,btc_qm_engine,btc_leading_zeros,0.0000000000
1134484,7444994219021,btc_qm_engine,btc_sha256_elapsed_ns,1096.0000000000
1134485,7444994219183,btc_qm_engine,btc_leading_zeros,1.0000000000
1134486,7444994219753,btc_qm_engine,btc_sha256_nonce,3749550080.0000000000
1134487,7444994219869,btc_qm_engine,btc_sha256_elapsed_ns,732.0000000000
1134488,7444994220130,btc_qm_engine,btc_leading_zeros,0.0000000000
1134489,7444994220215,btc_qm_engine,btc_sha256_elapsed_ns,998.0000000000
1134490,7444994220399,btc_qm_engine,btc_sha256_nonce,3312899422.0000000000
1134491,7444994220474,btc_qm_engine,btc_leading_zeros,2.0000000000
1134492,7444994221100,btc_qm_engine,btc_sha256_elapsed_ns,39710.0000000000
1134493,7444994221398,btc_qm_engine,btc_sha256_elapsed_ns,1050.0000000000
1134494,7444994221519,btc_qm_engine,btc_sha256_nonce,2335565647.0000000000
1134495,7444994221602,btc_qm_engine,btc_leading_zeros,2.0000000000
1134496,7444994221674,btc_qm_engine,btc_sha256_elapsed_ns,1018.0000000000
1134497,7444994222456,btc_qm_engine,btc_sha256_elapsed_ns,1077.0000000000
1134498,7444994222873,btc_qm_engine,btc_sha256_nonce,3526313217.0000000000
1134499,7444994222953,btc_qm_engine,btc_leading_zeros,2.0000000000
1134500,7444994223145,btc_qm_engine,btc_sha256_nonce,1330898880.0000000000
1134501,7444994223348,btc_qm_engine,btc_sha256_elapsed_ns,1106.0000000000
1134502,7444994223517,btc_qm_engine,btc_leading_zeros,0.0000000000
1134503,7444994223596,btc_qm_engine,btc_sha256_elapsed_ns,1062.0000000000
1134504,7444994223815,btc_qm_engine,btc_sha256_nonce,812341237.0000000000
1134505,7444994224183,btc_qm_engine,btc_sha256_nonce,93464054.0000000000
1134506,7444994224330,btc_qm_engine,btc_sha256_nonce,3567642410.0000000000
1134507,7444994224753,btc_qm_engine,btc_leading_zeros,1.0000000000
1134508,7444994224830,btc_qm_engine,btc_sha256_elapsed_ns,1086.0000000000
1134509,7444994225064,btc_qm_engine,btc_sha256_nonce,1439511036.0000000000
1134510,7444994225668,btc_qm_engine,btc_leading_zeros,1.0000000000
1134511,7444994226407,btc_qm_engine,btc_leading_zeros,3.0000000000
1134512,7444994226514,btc_qm_engine,btc_sha256_nonce,3334169253.0000000000
1134513,7444994226971,btc_qm_engine,btc_leading_zeros,1.0000000000
1134514,7444994227485,btc_qm_engine,btc_leading_zeros,1.0000000000
1134515,7444994227753,btc_qm_engine,btc_sha256_elapsed_ns,1090.0000000000
1134516,7444994227903,btc_qm_engine,btc_sha256_elapsed_ns,1006.0000000000
1134517,7444994228053,btc_qm_engine,btc_sha256_nonce,1674678056.0000000000
1134518,7444994228570,btc_qm_engine,btc_sha256_elapsed_ns,1044.0000000000
1134519,7444994228796,btc_qm_engine,btc_leading_zeros,0.0000000000
1134520,7444994229091,btc_qm_engine,btc_sha256_nonce,1329833976.0000000000
1134521,7444994229185,btc_qm_engine,btc_leading_zeros,3.0000000000
1134522,7444994229266,btc_qm_engine,btc_sha256_elapsed_ns,1071.0000000000
1134523,7444994229486,btc_qm_engine,btc_sha256_elapsed_ns,1085.0000000000
1134524,7444994229818,btc_qm_engine,btc_sha256_nonce,1883227638.0000000000
1134525,7444994229915,btc_qm_engine,btc_sha256_elapsed_ns,1041.0000000000
1134526,7444994230200,btc_qm_engine,btc_leading_zeros,2.0000000000
1134527,7444994230382,btc_qm_engine,btc_sha256_nonce,1068698045.0000000000
1134528,7444994230539,btc_qm_engine,btc_leading_zeros,0.0000000000
1134529,7444994230793,btc_qm_engine,btc_sha256_nonce,654180753.0000000000
1134530,7444994230909,btc_qm_engine,btc_sha256_nonce,3122180898.0000000000
1134531,7444994231137,btc_qm_engine,btc_leading_zeros,1.0000000000
1134532,7444994231339,btc_qm_engine,btc_sha256_nonce,1294106710.0000000000
1134533,7444994231440,btc_qm_engine,btc_sha256_elapsed_ns,930.0000000000
1134534,7444994231584,btc_qm_engine,btc_sha256_nonce,4017943501.0000000000
1134535,7444994231660,btc_qm_engine,btc_leading_zeros,0.0000000000
1134536,7444994231714,btc_qm_engine,btc_sha256_elapsed_ns,1060.0000000000
1134537,7444994232145,btc_qm_engine,btc_sha256_elapsed_ns,1121.0000000000
1134538,7444994232269,btc_qm_engine,btc_leading_zeros,0.0000000000
1134539,7444994232337,btc_qm_engine,btc_sha256_elapsed_ns,992.0000000000
1134540,7444994232496,btc_qm_engine,btc_leading_zeros,0.0000000000
1134541,7444994232569,btc_qm_engine,btc_sha256_elapsed_ns,1042.0000000000
1134542,7444994232812,btc_qm_engine,btc_sha256_nonce,1743398232.0000000000
1134543,7444994232877,btc_qm_engine,btc_leading_zeros,0.0000000000
1134544,7444994232944,btc_qm_engine,btc_sha256_elapsed_ns,899.0000000000
1134545,7444994233412,btc_qm_engine,btc_sha256_nonce,1480440325.0000000000
1134546,7444994233492,btc_qm_engine,btc_leading_zeros,1.0000000000
1134547,7444994233553,btc_qm_engine,btc_sha256_elapsed_ns,742.0000000000
1134548,7444994233722,btc_qm_engine,btc_sha256_nonce,2335158973.0000000000
1134549,7444994233989,btc_qm_engine,btc_sha256_nonce,2364774775.0000000000
1134550,7444994234203,btc_qm_engine,btc_sha256_elapsed_ns,1101.0000000000
1134551,7444994234394,btc_qm_engine,btc_sha256_nonce,1330250133.0000000000
1134552,7444994234631,btc_qm_engine,btc_leading_zeros,2.0000000000
1134553,7444994234777,btc_qm_engine,btc_sha256_nonce,62934961.0000000000
1134554,7444994235072,btc_qm_engine,btc_sha256_nonce,818399763.0000000000
1134555,7444994235263,btc_qm_engine,btc_leading_zeros,0.0000000000
1134556,7444994235340,btc_qm_engine,btc_sha256_elapsed_ns,987.0000000000
1134557,7444994235827,btc_qm_engine,btc_sha256_elapsed_ns,1117.0000000000
1134558,7444994235968,btc_qm_engine,btc_sha256_nonce,2899027826.0000000000
1134559,7444994236361,btc_qm_engine,btc_leading_zeros,0.0000000000
1134560,7444994236431,btc_qm_engine,btc_sha256_elapsed_ns,1039.0000000000
1134561,7444994236916,btc_qm_engine,btc_leading_zeros,1.0000000000
1134562,7444994237057,btc_qm_engine,btc_sha256_nonce,694138172.0000000000
1134563,7444994237266,btc_qm_engine,btc_leading_zeros,0.0000000000
1134564,7444994237345,btc_qm_engine,btc_sha256_elapsed_ns,1107.0000000000
1134565,7444994237527,btc_qm_engine,btc_sha256_elapsed_ns,1070.0000000000
1134566,7444994237714,btc_qm_engine,btc_sha256_nonce,1552082152.0000000000
1134567,7444994237835,btc_qm_engine,btc_leading_zeros,0.0000000000
1134568,7444994237929,btc_qm_engine,btc_sha256_elapsed_ns,757.0000000000
1134569,7444994238114,btc_qm_engine,btc_leading_zeros,2.0000000000
1134570,7444994238526,btc_qm_engine,btc_leading_zeros,0.0000000000
1134571,7444994238672,btc_qm_engine,btc_sha256_nonce,818576923.0000000000
1134572,7444994238845,btc_qm_engine,btc_leading_zeros,0.0000000000
1134573,7444994238973,btc_qm_engine,btc_sha256_elapsed_ns,979.0000000000
1134574,7444994239158,btc_qm_engine,btc_sha256_elapsed_ns,1068.0000000000
1134575,7444994239374,btc_qm_engine,btc_sha256_nonce,3406271307.0000000000
1134576,7444994239461,btc_qm_engine,btc_leading_zeros,1.0000000000
1134577,7444994239535,btc_qm_engine,btc_sha256_elapsed_ns,1136.0000000000
1134578,7444994239753,btc_qm_engine,btc_sha256_nonce,826640220.0000000000
1134579,7444994239910,btc_qm_engine,btc_leading_zeros,0.0000000000
1134580,7444994240223,btc_qm_engine,btc_leading_zeros,0.0000000000
1134581,7444994240393,btc_qm_engine,btc_sha256_elapsed_ns,1132.0000000000
1134582,7444994240533,btc_qm_engine,btc_sha256_elapsed_ns,938.0000000000
1134583,7444994240783,btc_qm_engine,btc_sha256_nonce,2118691248.0000000000
1134584,7444994240861,btc_qm_engine,btc_leading_zeros,1.0000000000
1134585,7444994240937,btc_qm_engine,btc_sha256_elapsed_ns,1007.0000000000
1134586,7444994241140,btc_qm_engine,btc_sha256_nonce,422676695.0000000000
1134587,7444994241536,btc_qm_engine,btc_sha256_nonce,552461422.0000000000
1134588,7444994241727,btc_qm_engine,btc_sha256_elapsed_ns,909.0000000000
1134589,7444994242272,btc_qm_engine,btc_sha256_nonce,1329908282.0000000000
1134590,7444994242959,btc_qm_engine,btc_sha256_nonce,2058666898.0000000000
1134591,7444994243029,btc_qm_engine,btc_leading_zeros,1.0000000000
1134592,7444994243132,btc_qm_engine,btc_sha256_elapsed_ns,1030.0000000000
1134593,7444994243274,btc_qm_engine,btc_leading_zeros,0.0000000000
1134594,7444994243349,btc_qm_engine,btc_sha256_elapsed_ns,1053.0000000000
1134595,7444994243627,btc_qm_engine,btc_leading_zeros,4.0000000000
1134596,7444994243971,btc_qm_engine,btc_sha256_elapsed_ns,1092.0000000000
1134597,7444994244188,btc_qm_engine,btc_sha256_nonce,533043662.0000000000
1134598,7444994244346,btc_qm_engine,btc_leading_zeros,0.0000000000
1134599,7444994244768,btc_qm_engine,btc_sha256_nonce,250350264.0000000000
1134600,7444994245016,btc_qm_engine,btc_leading_zeros,4.0000000000
1134601,7444994245133,btc_qm_engine,btc_sha256_nonce,1707430766.0000000000
1134602,7444994245238,btc_qm_engine,btc_leading_zeros,2.0000000000
1134603,7444994245433,btc_qm_engine,btc_sha256_elapsed_ns,1096.0000000000
1134604,7444994245542,btc_qm_engine,btc_leading_zeros,0.0000000000
1134605,7444994245615,btc_qm_engine,btc_sha256_nonce,4093940218.0000000000
1134606,7444994245838,btc_qm_engine,btc_sha256_nonce,1330648550.0000000000
1134607,7444994246398,btc_qm_engine,btc_sha256_elapsed_ns,973.0000000000
1134608,7444994246471,btc_qm_engine,btc_leading_zeros,0.0000000000
1134609,7444994246643,btc_qm_engine,btc_leading_zeros,1.0000000000
1134610,7444994246712,btc_qm_engine,btc_sha256_elapsed_ns,1096.0000000000
1134611,7444994246889,btc_qm_engine,btc_sha256_nonce,653445098.0000000000
1134612,7444994247611,btc_qm_engine,btc_sha256_elapsed_ns,951.0000000000
1134613,7444994247746,btc_qm_engine,btc_sha256_nonce,320867929.0000000000
1134614,7444994247898,btc_qm_engine,btc_leading_zeros,0.0000000000
1134615,7444994248444,btc_qm_engine,btc_sha256_elapsed_ns,1092.0000000000
1134616,7444994248733,btc_qm_engine,btc_sha256_elapsed_ns,1131.0000000000
1134617,7444994249055,btc_qm_engine,btc_sha256_nonce,926522197.0000000000
1134618,7444994249133,btc_qm_engine,btc_leading_zeros,0.0000000000
1134619,7444994249687,btc_qm_engine,btc_sha256_nonce,3316583188.0000000000
1134620,7444994249850,btc_qm_engine,btc_sha256_elapsed_ns,915.0000000000
1134621,7444994250104,btc_qm_engine,btc_leading_zeros,1.0000000000
1134622,7444994250243,btc_qm_engine,btc_sha256_nonce,4131973755.0000000000
1134623,7444994250334,btc_qm_engine,btc_leading_zeros,0.0000000000
1134624,7444994250407,btc_qm_engine,btc_sha256_elapsed_ns,1042.0000000000
1134625,7444994250633,btc_qm_engine,btc_leading_zeros,1.0000000000
1134626,7444994250764,btc_qm_engine,btc_sha256_elapsed_ns,764.0000000000
1134627,7444994251068,btc_qm_engine,btc_sha256_elapsed_ns,1097.0000000000
1134628,7444994251247,btc_qm_engine,btc_sha256_nonce,2204667609.0000000000
1134629,7444994251657,btc_qm_engine,btc_sha256_elapsed_ns,733.0000000000
1134630,7444994251894,btc_qm_engine,btc_leading_zeros,3.0000000000
1134631,7444994252190,btc_qm_engine,btc_sha256_nonce,776272971.0000000000
1134632,7444994252382,btc_qm_engine,btc_sha256_nonce,3219512676.0000000000
1134633,7444994252550,btc_qm_engine,btc_leading_zeros,0.0000000000
1134634,7444994252644,btc_qm_engine,btc_sha256_elapsed_ns,1087.0000000000
1134635,7444994252915,btc_qm_engine,btc_sha256_nonce,2397425845.0000000000
1134636,7444994253089,btc_qm_engine,btc_leading_zeros,1.0000000000
1134637,7444994253293,btc_qm_engine,btc_sha256_nonce,3119337634.0000000000
1134638,7444994253640,btc_qm_engine,btc_sha256_nonce,122319061.0000000000
1134639,7444994254135,btc_qm_engine,btc_sha256_nonce,2283827155.0000000000
1134640,7444994254214,btc_qm_engine,btc_leading_zeros,4.0000000000
1134641,7444994254315,btc_qm_engine,btc_sha256_elapsed_ns,866.0000000000
1134642,7444994254460,btc_qm_engine,btc_sha256_nonce,329195468.0000000000
1134643,7444994254796,btc_qm_engine,btc_leading_zeros,0.0000000000
1134644,7444994255253,btc_qm_engine,btc_sha256_nonce,775744975.0000000000
1134645,7444994255399,btc_qm_engine,btc_sha256_elapsed_ns,984.0000000000
1134646,7444994255730,btc_qm_engine,btc_leading_zeros,0.0000000000
1134647,7444994255931,btc_qm_engine,btc_sha256_elapsed_ns,814.0000000000
1134648,7444994256111,btc_qm_engine,btc_sha256_elapsed_ns,1100.0000000000
1134649,7444994256318,btc_qm_engine,btc_leading_zeros,3.0000000000
1134650,7444994256489,btc_qm_engine,btc_leading_zeros,0.0000000000
1134651,7444994256611,btc_qm_engine,btc_sha256_elapsed_ns,1003.0000000000
1134652,7444994257308,btc_qm_engine,btc_sha256_elapsed_ns,738.0000000000
1134653,7444994257445,btc_qm_engine,btc_sha256_nonce,653875412.0000000000
1134654,7444994257670,btc_qm_engine,btc_sha256_nonce,3705668545.0000000000
1134655,7444994257954,btc_qm_engine,btc_sha256_nonce,1293045398.0000000000
1134656,7444994258111,btc_qm_engine,btc_leading_zeros,0.0000000000
1134657,7444994258357,btc_qm_engine,btc_leading_zeros,0.0000000000
1134658,7444994258438,btc_qm_engine,btc_sha256_elapsed_ns,1029.0000000000
1134659,7444994258599,btc_qm_engine,btc_sha256_elapsed_ns,1006.0000000000
1134660,7444994258844,btc_qm_engine,btc_sha256_nonce,1888326534.0000000000
1134661,7444994259090,btc_qm_engine,btc_leading_zeros,0.0000000000
1134662,7444994259193,btc_qm_engine,btc_leading_zeros,0.0000000000
1134663,7444994259401,btc_qm_engine,btc_sha256_elapsed_ns,1075.0000000000
1134664,7444994259560,btc_qm_engine,btc_sha256_nonce,1076245332.0000000000
1134665,7444994259631,btc_qm_engine,btc_leading_zeros,0.0000000000
1134666,7444994259693,btc_qm_engine,btc_sha256_elapsed_ns,872.0000000000
1134667,7444994259948,btc_qm_engine,btc_sha256_elapsed_ns,975.0000000000
1134668,7444994260131,btc_qm_engine,btc_sha256_elapsed_ns,965.0000000000
1134669,7444994260483,btc_qm_engine,btc_leading_zeros,3.0000000000
1134670,7444994260660,btc_qm_engine,btc_sha256_nonce,1651945190.0000000000
1134671,7444994260729,btc_qm_engine,btc_leading_zeros,0.0000000000
1134672,7444994260778,btc_qm_engine,btc_sha256_elapsed_ns,734.0000000000
1134673,7444994260891,btc_qm_engine,btc_sha256_elapsed_ns,1126.0000000000
1134674,7444994261146,btc_qm_engine,btc_sha256_nonce,2417658918.0000000000
1134675,7444994261248,btc_qm_engine,btc_leading_zeros,1.0000000000
1134676,7444994261319,btc_qm_engine,btc_sha256_elapsed_ns,1091.0000000000
1134677,7444994261466,btc_qm_engine,btc_sha256_nonce,2141939745.0000000000
1134678,7444994261652,btc_qm_engine,btc_sha256_nonce,2872698488.0000000000
1134679,7444994261922,btc_qm_engine,btc_sha256_nonce,3679826575.0000000000
1134680,7444994262003,btc_qm_engine,btc_leading_zeros,0.0000000000
1134681,7444994262085,btc_qm_engine,btc_sha256_elapsed_ns,914.0000000000
1134682,7444994262584,btc_qm_engine,btc_sha256_nonce,2058378804.0000000000
1134683,7444994262974,btc_qm_engine,btc_sha256_nonce,4037434847.0000000000
1134684,7444994263047,btc_qm_engine,btc_leading_zeros,0.0000000000
1134685,7444994263112,btc_qm_engine,btc_sha256_elapsed_ns,1103.0000000000
1134686,7444994263296,btc_qm_engine,btc_leading_zeros,0.0000000000
1134687,7444994263612,btc_qm_engine,btc_sha256_elapsed_ns,1008.0000000000
1134688,7444994264035,btc_qm_engine,btc_sha256_nonce,748940263.0000000000
1134689,7444994264312,btc_qm_engine,btc_leading_zeros,0.0000000000
1134690,7444994264361,btc_qm_engine,btc_sha256_elapsed_ns,857.0000000000
1134691,7444994264489,btc_qm_engine,btc_sha256_nonce,2086725801.0000000000
1134692,7444994264561,btc_qm_engine,btc_leading_zeros,2.0000000000
1134693,7444994264629,btc_qm_engine,btc_sha256_elapsed_ns,1077.0000000000
1134694,7444994265055,btc_qm_engine,btc_sha256_nonce,213245663.0000000000
1134695,7444994265483,btc_qm_engine,btc_sha256_nonce,3511620464.0000000000
1134696,7444994265657,btc_qm_engine,btc_leading_zeros,3.0000000000
1134697,7444994265740,btc_qm_engine,btc_sha256_elapsed_ns,1007.0000000000
1134698,7444994265951,btc_qm_engine,btc_sha256_nonce,654027044.0000000000
1134699,7444994266120,btc_qm_engine,btc_leading_zeros,2.0000000000
1134700,7444994266195,btc_qm_engine,btc_sha256_elapsed_ns,910.0000000000
1134701,7444994266522,btc_qm_engine,btc_sha256_nonce,1626506270.0000000000
1134702,7444994266715,btc_qm_engine,btc_sha256_nonce,2059543451.0000000000
1134703,7444994267086,btc_qm_engine,btc_leading_zeros,2.0000000000
1134704,7444994267243,btc_qm_engine,btc_leading_zeros,0.0000000000
1134705,7444994267412,btc_qm_engine,btc_sha256_nonce,2039616116.0000000000
1134706,7444994267489,btc_qm_engine,btc_leading_zeros,0.0000000000
1134707,7444994267565,btc_qm_engine,btc_sha256_elapsed_ns,940.0000000000
1134708,7444994267968,btc_qm_engine,btc_sha256_elapsed_ns,765.0000000000
1134709,7444994268486,btc_qm_engine,btc_sha256_nonce,2004124647.0000000000
1134710,7444994268907,btc_qm_engine,btc_sha256_nonce,2127948038.0000000000
1134711,7444994269256,btc_qm_engine,btc_leading_zeros,0.0000000000
1134712,7444994269646,btc_qm_engine,btc_sha256_elapsed_ns,1083.0000000000
1134713,7444994269992,btc_qm_engine,btc_sha256_elapsed_ns,1055.0000000000
1134714,7444994270166,btc_qm_engine,btc_sha256_elapsed_ns,1024.0000000000
1134715,7444994270306,btc_qm_engine,btc_sha256_nonce,2231309647.0000000000
1134716,7444994270621,btc_qm_engine,btc_leading_zeros,0.0000000000
1134717,7444994270692,btc_qm_engine,btc_sha256_elapsed_ns,875.0000000000
1134718,7444994271630,btc_qm_engine,btc_sha256_nonce,2513285532.0000000000
1134719,7444994271709,btc_qm_engine,btc_leading_zeros,4.0000000000
1134720,7444994271847,btc_qm_engine,btc_sha256_elapsed_ns,1064.0000000000
1134721,7444994272036,btc_qm_engine,btc_sha256_nonce,818490352.0000000000
1134722,7444994272315,btc_qm_engine,btc_leading_zeros,4.0000000000
1134723,7444994272448,btc_qm_engine,btc_leading_zeros,4.0000000000
1134724,7444994272519,btc_qm_engine,btc_sha256_elapsed_ns,1050.0000000000
1134725,7444994272980,btc_qm_engine,btc_sha256_nonce,404844884.0000000000
1134726,7444994273170,btc_qm_engine,btc_sha256_elapsed_ns,1015.0000000000
1134727,7444994273307,btc_qm_engine,btc_leading_zeros,1.0000000000
1134728,7444994273379,btc_qm_engine,btc_sha256_elapsed_ns,1106.0000000000
1134729,7444994273523,btc_qm_engine,btc_sha256_nonce,3492273572.0000000000
1134730,7444994273602,btc_qm_engine,btc_leading_zeros,2.0000000000
1134731,7444994273697,btc_qm_engine,btc_sha256_elapsed_ns,1095.0000000000
1134732,7444994274195,btc_qm_engine,btc_sha256_nonce,4170785746.0000000000
1134733,7444994274337,btc_qm_engine,btc_sha256_nonce,753179899.0000000000
1134734,7444994274526,btc_qm_engine,btc_sha256_nonce,2921248859.0000000000
1134735,7444994274860,btc_qm_engine,btc_leading_zeros,0.0000000000
1134736,7444994274936,btc_qm_engine,btc_sha256_elapsed_ns,1155.0000000000
1134737,7444994275052,btc_qm_engine,btc_leading_zeros,0.0000000000
1134738,7444994275447,btc_qm_engine,btc_sha256_nonce,4182681641.0000000000
1134739,7444994275747,btc_qm_engine,btc_leading_zeros,1.0000000000
1134740,7444994275834,btc_qm_engine,btc_sha256_elapsed_ns,1011.0000000000
1134741,7444994276122,btc_qm_engine,btc_sha256_nonce,2456058899.0000000000
1134742,7444994276512,btc_qm_engine,btc_leading_zeros,0.0000000000
1134743,7444994276585,btc_qm_engine,btc_sha256_elapsed_ns,1110.0000000000
1134744,7444994276724,btc_qm_engine,btc_sha256_elapsed_ns,934.0000000000
1134745,7444994276899,btc_qm_engine,btc_leading_zeros,0.0000000000
1134746,7444994277006,btc_qm_engine,btc_leading_zeros,2.0000000000
1134747,7444994277301,btc_qm_engine,btc_sha256_nonce,3809757916.0000000000
1134748,7444994277466,btc_qm_engine,btc_sha256_elapsed_ns,920.0000000000
1134749,7444994277728,btc_qm_engine,btc_leading_zeros,1.0000000000
1134750,7444994277809,btc_qm_engine,btc_sha256_elapsed_ns,1077.0000000000
1134751,7444994277998,btc_qm_engine,btc_sha256_nonce,3895407431.0000000000
1134752,7444994278181,btc_qm_engine,btc_sha256_nonce,100376863.0000000000
1134753,7444994278411,btc_qm_engine,btc_sha256_nonce,818562050.0000000000
1134754,7444994278489,btc_qm_engine,btc_leading_zeros,1.0000000000
1134755,7444994278556,btc_qm_engine,btc_sha256_elapsed_ns,727.0000000000
1134756,7444994278722,btc_qm_engine,btc_leading_zeros,2.0000000000
1134757,7444994278793,btc_qm_engine,btc_sha256_elapsed_ns,1105.0000000000
1134758,7444994279179,btc_qm_engine,btc_sha256_nonce,2204317091.0000000000
1134759,7444994279261,btc_qm_engine,btc_leading_zeros,0.0000000000
1134760,7444994279316,btc_qm_engine,btc_sha256_elapsed_ns,1095.0000000000
1134761,7444994279612,btc_qm_engine,btc_sha256_elapsed_ns,731.0000000000
1134762,7444994279993,btc_qm_engine,btc_sha256_nonce,818274020.0000000000
1134763,7444994280144,btc_qm_engine,btc_sha256_nonce,1118713150.0000000000
1134764,7444994280218,btc_qm_engine,btc_leading_zeros,0.0000000000
1134765,7444994280288,btc_qm_engine,btc_sha256_elapsed_ns,1088.0000000000
1134766,7444994280412,btc_qm_engine,btc_leading_zeros,0.0000000000
1134767,7444994280486,btc_qm_engine,btc_sha256_elapsed_ns,878.0000000000
1134768,7444994280727,btc_qm_engine,btc_leading_zeros,0.0000000000
1134769,7444994281181,btc_qm_engine,btc_sha256_nonce,4105117950.0000000000
1134770,7444994281559,btc_qm_engine,btc_sha256_nonce,1293254681.0000000000
1134771,7444994281663,btc_qm_engine,btc_leading_zeros,0.0000000000
1134772,7444994281842,btc_qm_engine,btc_sha256_nonce,818492797.0000000000
1134773,7444994282050,btc_qm_engine,btc_leading_zeros,0.0000000000
1134774,7444994282546,btc_qm_engine,btc_leading_zeros,3.0000000000
1134775,7444994282756,btc_qm_engine,btc_sha256_elapsed_ns,1113.0000000000
1134776,7444994282952,btc_qm_engine,btc_leading_zeros,0.0000000000
1134777,7444994283120,btc_qm_engine,btc_sha256_elapsed_ns,1012.0000000000
1134778,7444994283335,btc_qm_engine,btc_sha256_nonce,3399486156.0000000000
1134779,7444994283798,btc_qm_engine,btc_leading_zeros,1.0000000000
1134780,7444994283849,btc_qm_engine,btc_sha256_elapsed_ns,1109.0000000000
1134781,7444994284399,btc_qm_engine,btc_sha256_nonce,2700178968.0000000000
1134782,7444994284514,btc_qm_engine,btc_leading_zeros,4.0000000000
1134783,7444994284657,btc_qm_engine,btc_sha256_nonce,4262719997.0000000000
1134784,7444994284740,btc_qm_engine,btc_leading_zeros,4.0000000000
1134785,7444994284817,btc_qm_engine,btc_sha256_elapsed_ns,1108.0000000000
1134786,7444994285035,btc_qm_engine,btc_sha256_elapsed_ns,1014.0000000000
1134787,7444994285158,btc_qm_engine,btc_sha256_elapsed_ns,1040.0000000000
1134788,7444994285439,btc_qm_engine,btc_sha256_nonce,27432810.0000000000
1134789,7444994285779,btc_qm_engine,btc_leading_zeros,0.0000000000
1134790,7444994285854,btc_qm_engine,btc_sha256_elapsed_ns,993.0000000000
1134791,7444994286000,btc_qm_engine,btc_sha256_elapsed_ns,994.0000000000
1134792,7444994286468,btc_qm_engine,btc_sha256_nonce,341287889.0000000000
1134793,7444994286793,btc_qm_engine,btc_sha256_nonce,10503683.0000000000
1134794,7444994286877,btc_qm_engine,btc_leading_zeros,1.0000000000
1134795,7444994287145,btc_qm_engine,btc_sha256_nonce,2360425301.0000000000
1134796,7444994287223,btc_qm_engine,btc_leading_zeros,0.0000000000
1134797,7444994287292,btc_qm_engine,btc_sha256_elapsed_ns,1048.0000000000
1134798,7444994287520,btc_qm_engine,btc_sha256_elapsed_ns,1107.0000000000
1134799,7444994287658,btc_qm_engine,btc_sha256_nonce,866879892.0000000000
1134800,7444994287797,btc_qm_engine,btc_sha256_nonce,4268922569.0000000000
1134801,7444994287867,btc_qm_engine,btc_leading_zeros,1.0000000000
1134802,7444994287937,btc_qm_engine,btc_sha256_elapsed_ns,1035.0000000000
1134803,7444994288323,btc_qm_engine,btc_sha256_nonce,1580121804.0000000000
1134804,7444994288708,btc_qm_engine,btc_sha256_nonce,2898321688.0000000000
1134805,7444994288878,btc_qm_engine,btc_sha256_elapsed_ns,1134.0000000000
1134806,7444994289712,btc_qm_engine,btc_sha256_nonce,973162563.0000000000
1134807,7444994290171,btc_qm_engine,btc_leading_zeros,0.0000000000
1134808,7444994290235,btc_qm_engine,btc_sha256_elapsed_ns,1079.0000000000
1134809,7444994290870,btc_qm_engine,btc_leading_zeros,0.0000000000
1134810,7444994290986,btc_qm_engine,btc_sha256_elapsed_ns,1084.0000000000
1134811,7444994291304,btc_qm_engine,btc_leading_zeros,3.0000000000
1134812,7444994291667,btc_qm_engine,btc_sha256_nonce,1364839591.0000000000
1134813,7444994291817,btc_qm_engine,btc_sha256_elapsed_ns,1129.0000000000
1134814,7444994292063,btc_qm_engine,btc_leading_zeros,1.0000000000
1134815,7444994292138,btc_qm_engine,btc_sha256_elapsed_ns,869.0000000000
1134816,7444994292283,btc_qm_engine,btc_sha256_nonce,3519946288.0000000000
1134817,7444994292628,btc_qm_engine,btc_leading_zeros,0.0000000000
1134818,7444994292772,btc_qm_engine,btc_leading_zeros,0.0000000000
1134819,7444994292844,btc_qm_engine,btc_sha256_elapsed_ns,990.0000000000
1134820,7444994292963,btc_qm_engine,btc_sha256_elapsed_ns,1059.0000000000
1134821,7444994293503,btc_qm_engine,btc_sha256_nonce,4182968339.0000000000
1134822,7444994293866,btc_qm_engine,btc_sha256_nonce,2897960921.0000000000
1134823,7444994294087,btc_qm_engine,btc_leading_zeros,1.0000000000
1134824,7444994294309,btc_qm_engine,btc_leading_zeros,3.0000000000
1134825,7444994294667,btc_qm_engine,btc_sha256_nonce,839628742.0000000000
1134826,7444994295212,btc_qm_engine,btc_sha256_nonce,849347747.0000000000
1134827,7444994295326,btc_qm_engine,btc_sha256_nonce,4243219728.0000000000
1134828,7444994295462,btc_qm_engine,btc_sha256_elapsed_ns,1125.0000000000
1134829,7444994295610,btc_qm_engine,btc_leading_zeros,1.0000000000
1134830,7444994295692,btc_qm_engine,btc_sha256_elapsed_ns,1069.0000000000
1134831,7444994295770,btc_qm_engine,btc_leading_zeros,0.0000000000
1134832,7444994295942,btc_qm_engine,btc_leading_zeros,0.0000000000
1134833,7444994296021,btc_qm_engine,btc_sha256_elapsed_ns,1097.0000000000
1134834,7444994296271,btc_qm_engine,btc_sha256_elapsed_ns,1001.0000000000
1134835,7444994296601,btc_qm_engine,btc_sha256_elapsed_ns,1086.0000000000
1134836,7444994296801,btc_qm_engine,btc_sha256_nonce,2291357125.0000000000
1134837,7444994296929,btc_qm_engine,btc_sha256_nonce,723495499.0000000000
1134838,7444994297015,btc_qm_engine,btc_leading_zeros,0.0000000000
1134839,7444994297085,btc_qm_engine,btc_sha256_elapsed_ns,983.0000000000
1134840,7444994297301,btc_qm_engine,btc_sha256_nonce,1330321023.0000000000
1134841,7444994297422,btc_qm_engine,btc_leading_zeros,0.0000000000
1134842,7444994297498,btc_qm_engine,btc_sha256_elapsed_ns,1022.0000000000
1134843,7444994297672,btc_qm_engine,btc_leading_zeros,3.0000000000
1134844,7444994298104,btc_qm_engine,btc_sha256_nonce,3770920679.0000000000
1134845,7444994298295,btc_qm_engine,btc_sha256_nonce,3080180048.0000000000
1134846,7444994298627,btc_qm_engine,btc_leading_zeros,0.0000000000
1134847,7444994298773,btc_qm_engine,btc_leading_zeros,0.0000000000
1134848,7444994298971,btc_qm_engine,btc_sha256_nonce,270457040.0000000000
1134849,7444994299450,btc_qm_engine,btc_sha256_nonce,3624767210.0000000000
1134850,7444994299603,btc_qm_engine,btc_sha256_elapsed_ns,1118.0000000000
1134851,7444994299934,btc_qm_engine,btc_leading_zeros,1.0000000000
1134852,7444994300266,btc_qm_engine,btc_leading_zeros,1.0000000000
1134853,7444994300669,btc_qm_engine,btc_leading_zeros,0.0000000000
1134854,7444994300820,btc_qm_engine,btc_sha256_elapsed_ns,1062.0000000000
1134855,7444994301062,btc_qm_engine,btc_sha256_elapsed_ns,1090.0000000000
1134856,7444994301213,btc_qm_engine,btc_sha256_elapsed_ns,1110.0000000000
1134857,7444994301469,btc_qm_engine,btc_sha256_nonce,675118439.0000000000
1134858,7444994301873,btc_qm_engine,btc_leading_zeros,0.0000000000
1134859,7444994301940,btc_qm_engine,btc_sha256_elapsed_ns,737.0000000000
1134860,7444994302382,btc_qm_engine,btc_sha256_nonce,1199671401.0000000000
1134861,7444994302457,btc_qm_engine,btc_leading_zeros,1.0000000000
1134862,7444994302527,btc_qm_engine,btc_sha256_elapsed_ns,1065.0000000000
1134863,7444994302658,btc_qm_engine,btc_sha256_nonce,2222327939.0000000000
1134864,7444994302742,btc_qm_engine,btc_leading_zeros,2.0000000000
1134865,7444994303088,btc_qm_engine,btc_sha256_elapsed_ns,1115.0000000000
1134866,7444994303291,btc_qm_engine,btc_sha256_nonce,1616822369.0000000000
1134867,7444994303456,btc_qm_engine,btc_sha256_nonce,775924762.0000000000
1134868,7444994303630,btc_qm_engine,btc_sha256_nonce,2335784177.0000000000
1134869,7444994303870,btc_qm_engine,btc_leading_zeros,0.0000000000
1134870,7444994304112,btc_qm_engine,btc_sha256_elapsed_ns,1109.0000000000
1134871,7444994304281,btc_qm_engine,btc_leading_zeros,1.0000000000
1134872,7444994304446,btc_qm_engine,btc_sha256_elapsed_ns,1058.0000000000
1134873,7444994304586,btc_qm_engine,btc_sha256_nonce,776538141.0000000000
1134874,7444994304663,btc_qm_engine,btc_leading_zeros,0.0000000000
1134875,7444994304849,btc_qm_engine,btc_sha256_elapsed_ns,1005.0000000000
1134876,7444994305188,btc_qm_engine,btc_leading_zeros,0.0000000000
1134877,7444994305412,btc_qm_engine,btc_sha256_elapsed_ns,980.0000000000
1134878,7444994305730,btc_qm_engine,btc_sha256_elapsed_ns,1106.0000000000
1134879,7444994305885,btc_qm_engine,btc_sha256_nonce,1184610921.0000000000
1134880,7444994306312,btc_qm_engine,btc_leading_zeros,0.0000000000
1134881,7444994306401,btc_qm_engine,btc_sha256_elapsed_ns,1114.0000000000
1134882,7444994306572,btc_qm_engine,btc_sha256_nonce,3835778694.0000000000
1134883,7444994306691,btc_qm_engine,btc_leading_zeros,2.0000000000
1134884,7444994306842,btc_qm_engine,btc_sha256_elapsed_ns,803.0000000000
1134885,7444994306979,btc_qm_engine,btc_sha256_elapsed_ns,1116.0000000000
1134886,7444994307362,btc_qm_engine,btc_sha256_nonce,2558323939.0000000000
1134887,7444994307461,btc_qm_engine,btc_sha256_nonce,812938946.0000000000
1134888,7444994307851,btc_qm_engine,btc_leading_zeros,1.0000000000
1134889,7444994308087,btc_qm_engine,btc_sha256_nonce,2093611697.0000000000
1134890,7444994308283,btc_qm_engine,btc_sha256_elapsed_ns,1020.0000000000
1134891,7444994308540,btc_qm_engine,btc_sha256_nonce,3698382230.0000000000
1134892,7444994308740,btc_qm_engine,btc_leading_zeros,2.0000000000
1134893,7444994308950,btc_qm_engine,btc_sha256_nonce,2894159475.0000000000
1134894,7444994309442,btc_qm_engine,btc_sha256_nonce,1858210176.0000000000
1134895,7444994309562,btc_qm_engine,btc_sha256_elapsed_ns,1008.0000000000
1134896,7444994309917,btc_qm_engine,btc_sha256_nonce,2951564769.0000000000
1134897,7444994310086,btc_qm_engine,btc_leading_zeros,1.0000000000
1134898,7444994310180,btc_qm_engine,btc_sha256_elapsed_ns,937.0000000000
1134899,7444994310813,btc_qm_engine,btc_sha256_nonce,903280667.0000000000
1134900,7444994311168,btc_qm_engine,btc_leading_zeros,4.0000000000
1134901,7444994311358,btc_qm_engine,btc_sha256_nonce,1200555470.0000000000
1134902,7444994311782,btc_qm_engine,btc_leading_zeros,0.0000000000
1134903,7444994311988,btc_qm_engine,btc_sha256_nonce,482082440.0000000000
1134904,7444994312282,btc_qm_engine,btc_sha256_elapsed_ns,1009.0000000000
1134905,7444994312493,btc_qm_engine,btc_leading_zeros,0.0000000000
1134906,7444994312662,btc_qm_engine,btc_leading_zeros,0.0000000000
1134907,7444994312738,btc_qm_engine,btc_sha256_elapsed_ns,948.0000000000
1134908,7444994312918,btc_qm_engine,btc_sha256_elapsed_ns,1074.0000000000
1134909,7444994313081,btc_qm_engine,btc_leading_zeros,0.0000000000
1134910,7444994313221,btc_qm_engine,btc_sha256_elapsed_ns,1120.0000000000
1134911,7444994313616,btc_qm_engine,btc_sha256_elapsed_ns,1064.0000000000
1134912,7444994314016,btc_qm_engine,btc_sha256_nonce,1560730211.0000000000
1134913,7444994314084,btc_qm_engine,btc_leading_zeros,0.0000000000
1134914,7444994314260,btc_qm_engine,btc_sha256_nonce,749485041.0000000000
1134915,7444994314340,btc_qm_engine,btc_leading_zeros,0.0000000000
1134916,7444994314538,btc_qm_engine,btc_sha256_elapsed_ns,1036.0000000000
1134917,7444994314862,btc_qm_engine,btc_sha256_nonce,1723807117.0000000000
1134918,7444994315311,btc_qm_engine,btc_leading_zeros,2.0000000000
1134919,7444994315544,btc_qm_engine,btc_leading_zeros,0.0000000000
1134920,7444994315707,btc_qm_engine,btc_sha256_elapsed_ns,1097.0000000000
1134921,7444994315949,btc_qm_engine,btc_sha256_nonce,1937627785.0000000000
1134922,7444994316043,btc_qm_engine,btc_leading_zeros,1.0000000000
1134923,7444994316122,btc_qm_engine,btc_sha256_elapsed_ns,940.0000000000
1134924,7444994316316,btc_qm_engine,btc_sha256_elapsed_ns,1063.0000000000
1134925,7444994316435,btc_qm_engine,btc_sha256_elapsed_ns,1090.0000000000
1134926,7444994316830,btc_qm_engine,btc_sha256_nonce,1308430884.0000000000
1134927,7444994317195,btc_qm_engine,btc_leading_zeros,0.0000000000
1134928,7444994317272,btc_qm_engine,btc_sha256_elapsed_ns,972.0000000000
1134929,7444994317547,btc_qm_engine,btc_sha256_nonce,4009489337.0000000000
1134930,7444994317624,btc_qm_engine,btc_leading_zeros,0.0000000000
1134931,7444994317688,btc_qm_engine,btc_sha256_elapsed_ns,747.0000000000
1134932,7444994317894,btc_qm_engine,btc_leading_zeros,0.0000000000
1134933,7444994318081,btc_qm_engine,btc_sha256_nonce,1691710778.0000000000
1134934,7444994318161,btc_qm_engine,btc_leading_zeros,1.0000000000
1134935,7444994318241,btc_qm_engine,btc_sha256_elapsed_ns,1029.0000000000
1134936,7444994318431,btc_qm_engine,btc_sha256_nonce,3119528882.0000000000
1134937,7444994318609,btc_qm_engine,btc_sha256_nonce,1515781263.0000000000
1134938,7444994318747,btc_qm_engine,btc_sha256_elapsed_ns,1046.0000000000
1134939,7444994318957,btc_qm_engine,btc_sha256_nonce,1017359882.0000000000
1134940,7444994319330,btc_qm_engine,btc_leading_zeros,0.0000000000
1134941,7444994319450,btc_qm_engine,btc_leading_zeros,0.0000000000
1134942,7444994319606,btc_qm_engine,btc_sha256_nonce,1330113370.0000000000
1134943,7444994319682,btc_qm_engine,btc_leading_zeros,1.0000000000
1134944,7444994319753,btc_qm_engine,btc_sha256_elapsed_ns,1107.0000000000
1134945,7444994320010,btc_qm_engine,btc_sha256_elapsed_ns,921.0000000000
1134946,7444994320366,btc_qm_engine,btc_sha256_nonce,2739070007.0000000000
1134947,7444994320425,btc_qm_engine,btc_leading_zeros,1.0000000000
1134948,7444994320854,btc_qm_engine,btc_sha256_elapsed_ns,939.0000000000
1134949,7444994320975,btc_qm_engine,btc_sha256_elapsed_ns,1058.0000000000
1134950,7444994321103,btc_qm_engine,btc_sha256_nonce,3729263587.0000000000
1134951,7444994321257,btc_qm_engine,btc_leading_zeros,0.0000000000
1134952,7444994321856,btc_qm_engine,btc_leading_zeros,0.0000000000
1134953,7444994322003,btc_qm_engine,btc_sha256_elapsed_ns,1079.0000000000
1134954,7444994322515,btc_qm_engine,btc_sha256_nonce,873375233.0000000000
1134955,7444994322667,btc_qm_engine,btc_sha256_nonce,776254949.0000000000
1134956,7444994322750,btc_qm_engine,btc_leading_zeros,1.0000000000
1134957,7444994322822,btc_qm_engine,btc_sha256_elapsed_ns,1106.0000000000
1134958,7444994322989,btc_qm_engine,btc_sha256_nonce,2898590009.0000000000
1134959,7444994323314,btc_qm_engine,btc_leading_zeros,0.0000000000
1134960,7444994323392,btc_qm_engine,btc_sha256_elapsed_ns,954.0000000000
1134961,7444994323651,btc_qm_engine,btc_sha256_nonce,170507819.0000000000
1134962,7444994323904,btc_qm_engine,btc_sha256_nonce,251292866.0000000000
1134963,7444994324160,btc_qm_engine,btc_sha256_nonce,3999455501.0000000000
1134964,7444994324349,btc_qm_engine,btc_leading_zeros,2.0000000000
1134965,7444994324511,btc_qm_engine,btc_leading_zeros,0.0000000000
1134966,7444994324583,btc_qm_engine,btc_sha256_elapsed_ns,899.0000000000
1134967,7444994324835,btc_qm_engine,btc_sha256_elapsed_ns,1037.0000000000
1134968,7444994325038,btc_qm_engine,btc_sha256_nonce,3330151003.0000000000
1134969,7444994325110,btc_qm_engine,btc_leading_zeros,0.0000000000
1134970,7444994325171,btc_qm_engine,btc_sha256_elapsed_ns,1033.0000000000
1134971,7444994325364,btc_qm_engine,btc_sha256_elapsed_ns,1037.0000000000
1134972,7444994325822,btc_qm_engine,btc_sha256_nonce,454167434.0000000000
1134973,7444994326297,btc_qm_engine,btc_leading_zeros,3.0000000000
1134974,7444994326541,btc_qm_engine,btc_sha256_nonce,2898395880.0000000000
1134975,7444994326797,btc_qm_engine,btc_sha256_nonce,3715890261.0000000000
1134976,7444994326992,btc_qm_engine,btc_sha256_elapsed_ns,1012.0000000000
1134977,7444994327649,btc_qm_engine,btc_leading_zeros,0.0000000000
1134978,7444994327877,btc_qm_engine,btc_leading_zeros,1.0000000000
1134979,7444994328432,btc_qm_engine,btc_sha256_elapsed_ns,1037.0000000000
1134980,7444994328778,btc_qm_engine,btc_leading_zeros,1.0000000000
1134981,7444994329043,btc_qm_engine,btc_sha256_elapsed_ns,1076.0000000000
1134982,7444994329163,btc_qm_engine,btc_leading_zeros,0.0000000000
1134983,7444994329599,btc_qm_engine,btc_sha256_nonce,2966073671.0000000000
1134984,7444994329728,btc_qm_engine,btc_sha256_nonce,1126288488.0000000000
1134985,7444994329822,btc_qm_engine,btc_leading_zeros,1.0000000000
1134986,7444994329875,btc_qm_engine,btc_sha256_elapsed_ns,991.0000000000
1134987,7444994330215,btc_qm_engine,btc_leading_zeros,1.0000000000
1134988,7444994330297,btc_qm_engine,btc_sha256_elapsed_ns,1035.0000000000
1134989,7444994330582,btc_qm_engine,btc_sha256_nonce,3862547818.0000000000
1134990,7444994330655,btc_qm_engine,btc_leading_zeros,1.0000000000
1134991,7444994330731,btc_qm_engine,btc_sha256_elapsed_ns,763.0000000000
1134992,7444994330930,btc_qm_engine,btc_sha256_elapsed_ns,1058.0000000000
1134993,7444994331242,btc_qm_engine,btc_sha256_nonce,2898424452.0000000000
1134994,7444994331325,btc_qm_engine,btc_leading_zeros,1.0000000000
1134995,7444994331387,btc_qm_engine,btc_sha256_elapsed_ns,1110.0000000000
1134996,7444994331677,btc_qm_engine,btc_sha256_nonce,738275128.0000000000
1134997,7444994331754,btc_qm_engine,btc_leading_zeros,0.0000000000
1134998,7444994331823,btc_qm_engine,btc_sha256_elapsed_ns,743.0000000000
1134999,7444994332010,btc_qm_engine,btc_sha256_elapsed_ns,1068.0000000000
1135000,7444994332186,btc_qm_engine,btc_sha256_nonce,638158734.0000000000
1135001,7444994332264,btc_qm_engine,btc_leading_zeros,1.0000000000
1135002,7444994332327,btc_qm_engine,btc_sha256_elapsed_ns,1091.0000000000
1135003,7444994332547,btc_qm_engine,btc_sha256_nonce,4002902104.0000000000
1135004,7444994332634,btc_qm_engine,btc_leading_zeros,0.0000000000
1135005,7444994332763,btc_qm_engine,btc_sha256_elapsed_ns,1090.0000000000
1135006,7444994332995,btc_qm_engine,btc_sha256_nonce,345526208.0000000000
1135007,7444994333169,btc_qm_engine,btc_sha256_nonce,2386266400.0000000000
1135008,7444994333255,btc_qm_engine,btc_sha256_nonce,3553816712.0000000000
1135009,7444994333476,btc_qm_engine,btc_leading_zeros,0.0000000000
1135010,7444994333576,btc_qm_engine,btc_sha256_nonce,1980364847.0000000000
1135011,7444994333922,btc_qm_engine,btc_sha256_nonce,3106699472.0000000000
1135012,7444994334371,btc_qm_engine,btc_leading_zeros,2.0000000000
1135013,7444994334537,btc_qm_engine,btc_leading_zeros,2.0000000000
1135014,7444994334806,btc_qm_engine,btc_sha256_elapsed_ns,1007.0000000000
1135015,7444994335164,btc_qm_engine,btc_leading_zeros,1.0000000000
1135016,7444994335816,btc_qm_engine,btc_sha256_nonce,748592741.0000000000
1135017,7444994335912,btc_qm_engine,btc_leading_zeros,1.0000000000
1135018,7444994335997,btc_qm_engine,btc_sha256_elapsed_ns,754.0000000000
1135019,7444994336389,btc_qm_engine,btc_sha256_nonce,2504362546.0000000000
1135020,7444994337580,btc_qm_engine,btc_sha256_nonce,748638992.0000000000
1135021,7444994337657,btc_qm_engine,btc_leading_zeros,0.0000000000
1135022,7444994337725,btc_qm_engine,btc_sha256_elapsed_ns,1028.0000000000
1135023,7444994337860,btc_qm_engine,btc_sha256_elapsed_ns,1092.0000000000
1135024,7444994338905,btc_qm_engine,btc_leading_zeros,1.0000000000
1135025,7444994339067,btc_qm_engine,btc_sha256_nonce,2689797193.0000000000
1135026,7444994339166,btc_qm_engine,btc_leading_zeros,0.0000000000
1135027,7444994339240,btc_qm_engine,btc_sha256_elapsed_ns,857.0000000000
1135028,7444994339525,btc_qm_engine,btc_sha256_elapsed_ns,1001.0000000000
1135029,7444994339719,btc_qm_engine,btc_sha256_elapsed_ns,1071.0000000000
1135030,7444994339906,btc_qm_engine,btc_sha256_nonce,705460288.0000000000
1135031,7444994340254,btc_qm_engine,btc_leading_zeros,2.0000000000
1135032,7444994340331,btc_qm_engine,btc_sha256_elapsed_ns,996.0000000000
1135033,7444994340519,btc_qm_engine,btc_sha256_nonce,3965012833.0000000000
1135034,7444994340787,btc_qm_engine,btc_leading_zeros,0.0000000000
1135035,7444994340930,btc_qm_engine,btc_sha256_nonce,3836066857.0000000000
1135036,7444994341095,btc_qm_engine,btc_sha256_nonce,2898174780.0000000000
1135037,7444994341358,btc_qm_engine,btc_leading_zeros,0.0000000000
1135038,7444994341612,btc_qm_engine,btc_leading_zeros,3.0000000000
1135039,7444994341709,btc_qm_engine,btc_sha256_elapsed_ns,1114.0000000000
1135040,7444994342345,btc_qm_engine,btc_leading_zeros,0.0000000000
1135041,7444994342660,btc_qm_engine,btc_sha256_elapsed_ns,988.0000000000
1135042,7444994343397,btc_qm_engine,btc_sha256_elapsed_ns,978.0000000000
1135043,7444994343606,btc_qm_engine,btc_sha256_elapsed_ns,1089.0000000000
1135044,7444994344092,btc_qm_engine,btc_sha256_elapsed_ns,1085.0000000000
1135045,7444994344519,btc_qm_engine,btc_sha256_nonce,989867588.0000000000
1135046,7444994344591,btc_qm_engine,btc_leading_zeros,0.0000000000
1135047,7444994344647,btc_qm_engine,btc_sha256_elapsed_ns,740.0000000000
1135048,7444994344888,btc_qm_engine,btc_sha256_nonce,2335294210.0000000000
1135049,7444994344966,btc_qm_engine,btc_leading_zeros,1.0000000000
1135050,7444994345037,btc_qm_engine,btc_sha256_elapsed_ns,1066.0000000000
1135051,7444994345347,btc_qm_engine,btc_sha256_nonce,1646325995.0000000000
1135052,7444994345437,btc_qm_engine,btc_leading_zeros,0.0000000000
1135053,7444994345512,btc_qm_engine,btc_sha256_elapsed_ns,1071.0000000000
1135054,7444994345642,btc_qm_engine,btc_sha256_nonce,1070199014.0000000000
1135055,7444994345720,btc_qm_engine,btc_leading_zeros,0.0000000000
1135056,7444994345787,btc_qm_engine,btc_sha256_elapsed_ns,979.0000000000
1135057,7444994345949,btc_qm_engine,btc_sha256_nonce,1435824998.0000000000
1135058,7444994346031,btc_qm_engine,btc_leading_zeros,0.0000000000
1135059,7444994346102,btc_qm_engine,btc_sha256_elapsed_ns,1079.0000000000
1135060,7444994346346,btc_qm_engine,btc_sha256_nonce,655847902.0000000000
1135061,7444994346469,btc_qm_engine,btc_sha256_nonce,2334996455.0000000000
1135062,7444994346797,btc_qm_engine,btc_sha256_nonce,1861579137.0000000000
1135063,7444994346947,btc_qm_engine,btc_leading_zeros,2.0000000000
1135064,7444994347014,btc_qm_engine,btc_sha256_elapsed_ns,1104.0000000000
1135065,7444994347145,btc_qm_engine,btc_sha256_nonce,1399024242.0000000000
1135066,7444994347328,btc_qm_engine,btc_sha256_nonce,1547164806.0000000000
1135067,7444994347825,btc_qm_engine,btc_sha256_nonce,3190030417.0000000000
1135068,7444994348073,btc_qm_engine,btc_sha256_nonce,2844881047.0000000000
1135069,7444994348265,btc_qm_engine,btc_leading_zeros,1.0000000000
1135070,7444994348436,btc_qm_engine,btc_leading_zeros,0.0000000000
1135071,7444994348621,btc_qm_engine,btc_sha256_elapsed_ns,1046.0000000000
1135072,7444994348815,btc_qm_engine,btc_leading_zeros,0.0000000000
1135073,7444994348904,btc_qm_engine,btc_leading_zeros,0.0000000000
1135074,7444994349088,btc_qm_engine,btc_sha256_elapsed_ns,806.0000000000
1135075,7444994349188,btc_qm_engine,btc_leading_zeros,0.0000000000
1135076,7444994349478,btc_qm_engine,btc_sha256_elapsed_ns,934.0000000000
1135077,7444994349758,btc_qm_engine,btc_sha256_nonce,1303885993.0000000000
1135078,7444994349829,btc_qm_engine,btc_leading_zeros,0.0000000000
1135079,7444994349962,btc_qm_engine,btc_leading_zeros,0.0000000000
1135080,7444994350372,btc_qm_engine,btc_sha256_elapsed_ns,886.0000000000
1135081,7444994350497,btc_qm_engine,btc_sha256_elapsed_ns,1102.0000000000
1135082,7444994350619,btc_qm_engine,btc_sha256_nonce,3791289113.0000000000
1135083,7444994350691,btc_qm_engine,btc_leading_zeros,0.0000000000
1135084,7444994350761,btc_qm_engine,btc_sha256_elapsed_ns,1028.0000000000
1135085,7444994351006,btc_qm_engine,btc_sha256_nonce,2104635866.0000000000
1135086,7444994351097,btc_qm_engine,btc_leading_zeros,0.0000000000
1135087,7444994351159,btc_qm_engine,btc_sha256_elapsed_ns,1022.0000000000
1135088,7444994351417,btc_qm_engine,btc_sha256_elapsed_ns,1096.0000000000
1135089,7444994351722,btc_qm_engine,btc_sha256_nonce,2311091235.0000000000
1135090,7444994351948,btc_qm_engine,btc_sha256_nonce,776373686.0000000000
1135091,7444994352093,btc_qm_engine,btc_sha256_nonce,1909774012.0000000000
1135092,7444994352248,btc_qm_engine,btc_leading_zeros,1.0000000000
1135093,7444994352355,btc_qm_engine,btc_leading_zeros,0.0000000000
1135094,7444994352574,btc_qm_engine,btc_leading_zeros,1.0000000000
1135095,7444994352767,btc_qm_engine,btc_sha256_nonce,2898551294.0000000000
1135096,7444994352983,btc_qm_engine,btc_sha256_elapsed_ns,976.0000000000
1135097,7444994353327,btc_qm_engine,btc_leading_zeros,0.0000000000
1135098,7444994353697,btc_qm_engine,btc_leading_zeros,0.0000000000
1135099,7444994353764,btc_qm_engine,btc_sha256_elapsed_ns,1010.0000000000
1135100,7444994353852,btc_qm_engine,btc_sha256_nonce,313431743.0000000000
1135101,7444994354087,btc_qm_engine,btc_sha256_elapsed_ns,1100.0000000000
1135102,7444994354358,btc_qm_engine,btc_sha256_nonce,3673881245.0000000000
1135103,7444994354601,btc_qm_engine,btc_sha256_elapsed_ns,1098.0000000000
1135104,7444994354847,btc_qm_engine,btc_leading_zeros,0.0000000000
1135105,7444994355134,btc_qm_engine,btc_sha256_nonce,4168968931.0000000000
1135106,7444994355549,btc_qm_engine,btc_leading_zeros,0.0000000000
1135107,7444994355614,btc_qm_engine,btc_sha256_elapsed_ns,787.0000000000
1135108,7444994355789,btc_qm_engine,btc_sha256_nonce,1696525868.0000000000
1135109,7444994355850,btc_qm_engine,btc_leading_zeros,3.0000000000
1135110,7444994355960,btc_qm_engine,btc_sha256_nonce,1880441279.0000000000
1135111,7444994356506,btc_qm_engine,btc_sha256_elapsed_ns,871.0000000000
1135112,7444994356640,btc_qm_engine,btc_leading_zeros,0.0000000000
1135113,7444994356707,btc_qm_engine,btc_sha256_elapsed_ns,1037.0000000000
1135114,7444994356801,btc_qm_engine,btc_sha256_nonce,1125743591.0000000000
1135115,7444994356875,btc_qm_engine,btc_leading_zeros,1.0000000000
1135116,7444994356945,btc_qm_engine,btc_sha256_elapsed_ns,984.0000000000
1135117,7444994357610,btc_qm_engine,btc_sha256_elapsed_ns,974.0000000000
1135118,7444994357817,btc_qm_engine,btc_sha256_nonce,396652865.0000000000
1135119,7444994357889,btc_qm_engine,btc_leading_zeros,0.0000000000
1135120,7444994357971,btc_qm_engine,btc_sha256_elapsed_ns,890.0000000000
1135121,7444994358163,btc_qm_engine,btc_sha256_nonce,1261342261.0000000000
1135122,7444994358649,btc_qm_engine,btc_sha256_nonce,2662555249.0000000000
1135123,7444994358989,btc_qm_engine,btc_leading_zeros,2.0000000000
1135124,7444994359065,btc_qm_engine,btc_sha256_elapsed_ns,1023.0000000000
1135125,7444994359393,btc_qm_engine,btc_sha256_nonce,1539154864.0000000000
1135126,7444994359802,btc_qm_engine,btc_sha256_nonce,2058630004.0000000000
1135127,7444994359948,btc_qm_engine,btc_leading_zeros,0.0000000000
1135128,7444994360065,btc_qm_engine,btc_sha256_elapsed_ns,1074.0000000000
1135129,7444994360268,btc_qm_engine,btc_leading_zeros,0.0000000000
1135130,7444994360441,btc_qm_engine,btc_sha256_nonce,1691491524.0000000000
1135131,7444994360638,btc_qm_engine,btc_sha256_elapsed_ns,1137.0000000000
1135132,7444994361428,btc_qm_engine,btc_leading_zeros,1.0000000000
1135133,7444994361628,btc_qm_engine,btc_leading_zeros,0.0000000000
1135134,7444994361886,btc_qm_engine,btc_sha256_elapsed_ns,1122.0000000000
1135135,7444994362013,btc_qm_engine,btc_sha256_elapsed_ns,1085.0000000000
1135136,7444994362326,btc_qm_engine,btc_sha256_nonce,2335404682.0000000000
1135137,7444994362698,btc_qm_engine,btc_leading_zeros,4.0000000000
1135138,7444994362773,btc_qm_engine,btc_sha256_elapsed_ns,894.0000000000
1135139,7444994362994,btc_qm_engine,btc_sha256_nonce,817960577.0000000000
1135140,7444994363327,btc_qm_engine,btc_sha256_nonce,3061197486.0000000000
1135141,7444994363396,btc_qm_engine,btc_leading_zeros,1.0000000000
1135142,7444994363831,btc_qm_engine,btc_sha256_nonce,399788019.0000000000
1135143,7444994364084,btc_qm_engine,btc_sha256_elapsed_ns,1101.0000000000
1135144,7444994364364,btc_qm_engine,btc_sha256_nonce,3717290965.0000000000
1135145,7444994364693,btc_qm_engine,btc_sha256_elapsed_ns,1054.0000000000
1135146,7444994364938,btc_qm_engine,btc_sha256_nonce,362345075.0000000000
1135147,7444994365218,btc_qm_engine,btc_leading_zeros,0.0000000000
1135148,7444994365559,btc_qm_engine,btc_sha256_elapsed_ns,1094.0000000000
1135149,7444994365665,btc_qm_engine,btc_sha256_nonce,1808790753.0000000000
1135150,7444994365985,btc_qm_engine,btc_sha256_elapsed_ns,1003.0000000000
1135151,7444994366325,btc_qm_engine,btc_sha256_nonce,607970872.0000000000
1135152,7444994366420,btc_qm_engine,btc_leading_zeros,1.0000000000
1135153,7444994366488,btc_qm_engine,btc_sha256_elapsed_ns,1080.0000000000
1135154,7444994366616,btc_qm_engine,btc_leading_zeros,1.0000000000
1135155,7444994366850,btc_qm_engine,btc_sha256_nonce,1696850170.0000000000
1135156,7444994366950,btc_qm_engine,btc_leading_zeros,1.0000000000
1135157,7444994367026,btc_qm_engine,btc_sha256_elapsed_ns,1004.0000000000
1135158,7444994367209,btc_qm_engine,btc_sha256_elapsed_ns,1146.0000000000
1135159,7444994367394,btc_qm_engine,btc_leading_zeros,2.0000000000
1135160,7444994367707,btc_qm_engine,btc_sha256_nonce,3618663357.0000000000
1135161,7444994367860,btc_qm_engine,btc_sha256_nonce,4186581207.0000000000
1135162,7444994367973,btc_qm_engine,btc_leading_zeros,0.0000000000
1135163,7444994368041,btc_qm_engine,btc_sha256_elapsed_ns,1115.0000000000
1135164,7444994368182,btc_qm_engine,btc_leading_zeros,0.0000000000
1135165,7444994368258,btc_qm_engine,btc_sha256_elapsed_ns,1014.0000000000
1135166,7444994368567,btc_qm_engine,btc_sha256_nonce,3874724742.0000000000
1135167,7444994368891,btc_qm_engine,btc_sha256_elapsed_ns,1092.0000000000
1135168,7444994369334,btc_qm_engine,btc_sha256_nonce,776366166.0000000000
1135169,7444994369554,btc_qm_engine,btc_leading_zeros,1.0000000000
1135170,7444994369699,btc_qm_engine,btc_sha256_nonce,2752885524.0000000000
1135171,7444994369776,btc_qm_engine,btc_leading_zeros,0.0000000000
1135172,7444994369970,btc_qm_engine,btc_leading_zeros,1.0000000000
1135173,7444994370100,btc_qm_engine,btc_sha256_elapsed_ns,1045.0000000000
1135174,7444994370237,btc_qm_engine,btc_sha256_nonce,3075228194.0000000000
1135175,7444994370461,btc_qm_engine,btc_sha256_elapsed_ns,1102.0000000000
1135176,7444994370619,btc_qm_engine,btc_sha256_elapsed_ns,1023.0000000000
1135177,7444994370777,btc_qm_engine,btc_leading_zeros,1.0000000000
1135178,7444994370852,btc_qm_engine,btc_sha256_elapsed_ns,896.0000000000
1135179,7444994371360,btc_qm_engine,btc_sha256_nonce,392996299.0000000000
1135180,7444994371442,btc_qm_engine,btc_leading_zeros,4.0000000000
1135181,7444994371511,btc_qm_engine,btc_sha256_elapsed_ns,1051.0000000000
1135182,7444994371756,btc_qm_engine,btc_leading_zeros,0.0000000000
1135183,7444994371909,btc_qm_engine,btc_sha256_nonce,3911945400.0000000000
1135184,7444994371999,btc_qm_engine,btc_leading_zeros,2.0000000000
1135185,7444994372191,btc_qm_engine,btc_sha256_elapsed_ns,1002.0000000000
1135186,7444994372346,btc_qm_engine,btc_sha256_nonce,1016868738.0000000000
1135187,7444994372735,btc_qm_engine,btc_sha256_nonce,2733202076.0000000000
1135188,7444994372884,btc_qm_engine,btc_sha256_nonce,748673653.0000000000
1135189,7444994373338,btc_qm_engine,btc_sha256_elapsed_ns,1027.0000000000
1135190,7444994373503,btc_qm_engine,btc_leading_zeros,2.0000000000
1135191,7444994373585,btc_qm_engine,btc_sha256_elapsed_ns,1102.0000000000
1135192,7444994373816,btc_qm_engine,btc_leading_zeros,0.0000000000
1135193,7444994374429,btc_qm_engine,btc_leading_zeros,3.0000000000
1135194,7444994374792,btc_qm_engine,btc_sha256_elapsed_ns,740.0000000000
1135195,7444994374951,btc_qm_engine,btc_sha256_nonce,2345128665.0000000000
1135196,7444994375171,btc_qm_engine,btc_sha256_nonce,3305054730.0000000000
1135197,7444994375335,btc_qm_engine,btc_leading_zeros,3.0000000000
1135198,7444994375413,btc_qm_engine,btc_sha256_elapsed_ns,1043.0000000000
1135199,7444994375572,btc_qm_engine,btc_leading_zeros,4.0000000000
1135200,7444994375786,btc_qm_engine,btc_leading_zeros,0.0000000000
1135201,7444994376000,btc_qm_engine,btc_sha256_elapsed_ns,1099.0000000000
1135202,7444994376136,btc_qm_engine,btc_sha256_elapsed_ns,1111.0000000000
1135203,7444994376320,btc_qm_engine,btc_sha256_elapsed_ns,991.0000000000
1135204,7444994376580,btc_qm_engine,btc_sha256_nonce,2915398574.0000000000
1135205,7444994376657,btc_qm_engine,btc_leading_zeros,0.0000000000
1135206,7444994376739,btc_qm_engine,btc_sha256_nonce,121670570.0000000000
1135207,7444994377067,btc_qm_engine,btc_leading_zeros,2.0000000000
1135208,7444994377322,btc_qm_engine,btc_sha256_nonce,2024900979.0000000000
1135209,7444994377478,btc_qm_engine,btc_leading_zeros,0.0000000000
1135210,7444994377873,btc_qm_engine,btc_sha256_nonce,850309687.0000000000
1135211,7444994378016,btc_qm_engine,btc_leading_zeros,2.0000000000
1135212,7444994378106,btc_qm_engine,btc_sha256_nonce,3510611528.0000000000
1135213,7444994378322,btc_qm_engine,btc_sha256_elapsed_ns,1068.0000000000
1135214,7444994378471,btc_qm_engine,btc_sha256_nonce,381004659.0000000000
1135215,7444994378670,btc_qm_engine,btc_sha256_elapsed_ns,1033.0000000000
1135216,7444994378872,btc_qm_engine,btc_sha256_elapsed_ns,1095.0000000000
1135217,7444994379030,btc_qm_engine,btc_sha256_nonce,4096709865.0000000000
1135218,7444994379367,btc_qm_engine,btc_leading_zeros,1.0000000000
1135219,7444994379462,btc_qm_engine,btc_sha256_elapsed_ns,899.0000000000
1135220,7444994379621,btc_qm_engine,btc_sha256_nonce,2947007308.0000000000
1135221,7444994379693,btc_qm_engine,btc_leading_zeros,4.0000000000
1135222,7444994379802,btc_qm_engine,btc_sha256_elapsed_ns,1055.0000000000
1135223,7444994379906,btc_qm_engine,btc_leading_zeros,1.0000000000
1135224,7444994380031,btc_qm_engine,btc_sha256_nonce,2572765526.0000000000
1135225,7444994380109,btc_qm_engine,btc_leading_zeros,2.0000000000
1135226,7444994380182,btc_qm_engine,btc_sha256_elapsed_ns,1060.0000000000
1135227,7444994380329,btc_qm_engine,btc_sha256_elapsed_ns,1111.0000000000
1135228,7444994380804,btc_qm_engine,btc_sha256_nonce,2482244396.0000000000
1135229,7444994380892,btc_qm_engine,btc_leading_zeros,2.0000000000
1135230,7444994380959,btc_qm_engine,btc_sha256_elapsed_ns,1055.0000000000
1135231,7444994381114,btc_qm_engine,btc_sha256_nonce,3866332710.0000000000
1135232,7444994381614,btc_qm_engine,btc_sha256_nonce,2069580184.0000000000
1135233,7444994382136,btc_qm_engine,btc_leading_zeros,0.0000000000
1135234,7444994382238,btc_qm_engine,btc_sha256_nonce,921987050.0000000000
1135235,7444994382393,btc_qm_engine,btc_leading_zeros,0.0000000000
1135236,7444994382552,btc_qm_engine,btc_sha256_elapsed_ns,1070.0000000000
1135237,7444994382678,btc_qm_engine,btc_leading_zeros,2.0000000000
1135238,7444994382837,btc_qm_engine,btc_sha256_elapsed_ns,1054.0000000000
1135239,7444994383194,btc_qm_engine,btc_sha256_nonce,1015842549.0000000000
1135240,7444994383685,btc_qm_engine,btc_sha256_elapsed_ns,978.0000000000
1135241,7444994383828,btc_qm_engine,btc_leading_zeros,0.0000000000
1135242,7444994384007,btc_qm_engine,btc_sha256_nonce,3020171410.0000000000
1135243,7444994384136,btc_qm_engine,btc_leading_zeros,2.0000000000
1135244,7444994384268,btc_qm_engine,btc_sha256_elapsed_ns,1100.0000000000
1135245,7444994384663,btc_qm_engine,btc_sha256_elapsed_ns,1069.0000000000
1135246,7444994385143,btc_qm_engine,btc_sha256_nonce,3835073166.0000000000
1135247,7444994385259,btc_qm_engine,btc_leading_zeros,0.0000000000
1135248,7444994385321,btc_qm_engine,btc_sha256_elapsed_ns,867.0000000000
1135249,7444994385778,btc_qm_engine,btc_leading_zeros,1.0000000000
1135250,7444994386083,btc_qm_engine,btc_sha256_elapsed_ns,1061.0000000000
1135251,7444994386518,btc_qm_engine,btc_sha256_nonce,1825656659.0000000000
1135252,7444994386590,btc_qm_engine,btc_leading_zeros,0.0000000000
1135253,7444994386799,btc_qm_engine,btc_sha256_elapsed_ns,738.0000000000
1135254,7444994386913,btc_qm_engine,btc_sha256_nonce,1829179129.0000000000
1135255,7444994386991,btc_qm_engine,btc_leading_zeros,3.0000000000
1135256,7444994387054,btc_qm_engine,btc_sha256_elapsed_ns,1067.0000000000
1135257,7444994387276,btc_qm_engine,btc_sha256_nonce,2950683069.0000000000
1135258,7444994387417,btc_qm_engine,btc_sha256_nonce,923455499.0000000000
1135259,7444994387501,btc_qm_engine,btc_leading_zeros,0.0000000000
1135260,7444994387571,btc_qm_engine,btc_sha256_elapsed_ns,1081.0000000000
1135261,7444994387686,btc_qm_engine,btc_leading_zeros,1.0000000000
1135262,7444994387765,btc_qm_engine,btc_sha256_elapsed_ns,1097.0000000000
1135263,7444994388313,btc_qm_engine,btc_sha256_nonce,892970137.0000000000
1135264,7444994388388,btc_qm_engine,btc_leading_zeros,1.0000000000
1135265,7444994388456,btc_qm_engine,btc_sha256_elapsed_ns,1064.0000000000
1135266,7444994388642,btc_qm_engine,btc_sha256_nonce,2552360191.0000000000
1135267,7444994388876,btc_qm_engine,btc_sha256_nonce,1863783141.0000000000
1135268,7444994389094,btc_qm_engine,btc_sha256_nonce,1330327032.0000000000
1135269,7444994389323,btc_qm_engine,btc_leading_zeros,1.0000000000
1135270,7444994389678,btc_qm_engine,btc_leading_zeros,2.0000000000
1135271,7444994389977,btc_qm_engine,btc_leading_zeros,0.0000000000
1135272,7444994390069,btc_qm_engine,btc_sha256_nonce,2517149235.0000000000
1135273,7444994390681,btc_qm_engine,btc_sha256_elapsed_ns,1058.0000000000
1135274,7444994390880,btc_qm_engine,btc_sha256_elapsed_ns,1074.0000000000
1135275,7444994391362,btc_qm_engine,btc_sha256_nonce,982435901.0000000000
1135276,7444994391481,btc_qm_engine,btc_leading_zeros,0.0000000000
1135277,7444994391673,btc_qm_engine,btc_leading_zeros,0.0000000000
1135278,7444994391739,btc_qm_engine,btc_sha256_elapsed_ns,1031.0000000000
1135279,7444994391852,btc_qm_engine,btc_sha256_elapsed_ns,867.0000000000
1135280,7444994392634,btc_qm_engine,btc_sha256_elapsed_ns,1069.0000000000
1135281,7444994392825,btc_qm_engine,btc_sha256_nonce,1347065467.0000000000
1135282,7444994392912,btc_qm_engine,btc_leading_zeros,0.0000000000
1135283,7444994393048,btc_qm_engine,btc_leading_zeros,2.0000000000
1135284,7444994393451,btc_qm_engine,btc_sha256_elapsed_ns,1024.0000000000
1135285,7444994393654,btc_qm_engine,btc_sha256_elapsed_ns,1015.0000000000
1135286,7444994393901,btc_qm_engine,btc_sha256_nonce,3043835592.0000000000
1135287,7444994394250,btc_qm_engine,btc_leading_zeros,0.0000000000
1135288,7444994394330,btc_qm_engine,btc_sha256_elapsed_ns,1003.0000000000
1135289,7444994395063,btc_qm_engine,btc_sha256_nonce,2898110659.0000000000
1135290,7444994395268,btc_qm_engine,btc_sha256_nonce,2181047724.0000000000
1135291,7444994395360,btc_qm_engine,btc_leading_zeros,1.0000000000
1135292,7444994395446,btc_qm_engine,btc_sha256_elapsed_ns,1077.0000000000
1135293,7444994395656,btc_qm_engine,btc_sha256_nonce,818449315.0000000000
1135294,7444994395791,btc_qm_engine,btc_sha256_nonce,2859944284.0000000000
1135295,7444994396082,btc_qm_engine,btc_leading_zeros,0.0000000000
1135296,7444994396201,btc_qm_engine,btc_leading_zeros,2.0000000000
1135297,7444994396274,btc_qm_engine,btc_sha256_elapsed_ns,1108.0000000000
1135298,7444994396563,btc_qm_engine,btc_sha256_nonce,2058447946.0000000000
1135299,7444994396776,btc_qm_engine,btc_sha256_nonce,3538516666.0000000000
1135300,7444994397101,btc_qm_engine,btc_leading_zeros,1.0000000000
1135301,7444994397198,btc_qm_engine,btc_sha256_elapsed_ns,1057.0000000000
1135302,7444994397400,btc_qm_engine,btc_sha256_elapsed_ns,1094.0000000000
1135303,7444994397568,btc_qm_engine,btc_sha256_nonce,3730984759.0000000000
1135304,7444994397761,btc_qm_engine,btc_sha256_nonce,779675595.0000000000
1135305,7444994398171,btc_qm_engine,btc_sha256_nonce,221530456.0000000000
1135306,7444994398558,btc_qm_engine,btc_leading_zeros,0.0000000000
1135307,7444994398651,btc_qm_engine,btc_sha256_elapsed_ns,1003.0000000000
1135308,7444994398746,btc_qm_engine,btc_leading_zeros,1.0000000000
1135309,7444994398928,btc_qm_engine,btc_leading_zeros,2.0000000000
1135310,7444994399006,btc_qm_engine,btc_sha256_elapsed_ns,1087.0000000000
1135311,7444994399186,btc_qm_engine,btc_leading_zeros,1.0000000000
1135312,7444994399437,btc_qm_engine,btc_sha256_nonce,3093300467.0000000000
1135313,7444994399516,btc_qm_engine,btc_leading_zeros,0.0000000000
1135314,7444994399638,btc_qm_engine,btc_leading_zeros,2.0000000000
1135315,7444994399707,btc_qm_engine,btc_sha256_elapsed_ns,854.0000000000
1135316,7444994399825,btc_qm_engine,btc_sha256_nonce,394260325.0000000000
1135317,7444994400165,btc_qm_engine,btc_leading_zeros,0.0000000000
1135318,7444994400336,btc_qm_engine,btc_sha256_nonce,2877401434.0000000000
1135319,7444994400698,btc_qm_engine,btc_leading_zeros,0.0000000000
1135320,7444994400940,btc_qm_engine,btc_sha256_nonce,1210707149.0000000000
1135321,7444994401174,btc_qm_engine,btc_sha256_nonce,1244209546.0000000000
1135322,7444994401675,btc_qm_engine,btc_sha256_elapsed_ns,1035.0000000000
1135323,7444994401821,btc_qm_engine,btc_leading_zeros,0.0000000000
1135324,7444994401899,btc_qm_engine,btc_sha256_elapsed_ns,1085.0000000000
1135325,7444994402052,btc_qm_engine,btc_sha256_elapsed_ns,747.0000000000
1135326,7444994402151,btc_qm_engine,btc_leading_zeros,0.0000000000
1135327,7444994402479,btc_qm_engine,btc_sha256_elapsed_ns,765.0000000000
1135328,7444994403261,btc_qm_engine,btc_sha256_nonce,1577148172.0000000000
1135329,7444994403417,btc_qm_engine,btc_sha256_elapsed_ns,1024.0000000000
1135330,7444994403664,btc_qm_engine,btc_sha256_nonce,776213069.0000000000
1135331,7444994403812,btc_qm_engine,btc_sha256_nonce,2770964395.0000000000
1135332,7444994403912,btc_qm_engine,btc_leading_zeros,0.0000000000
1135333,7444994404411,btc_qm_engine,btc_sha256_nonce,313050021.0000000000
1135334,7444994404617,btc_qm_engine,btc_sha256_elapsed_ns,1067.0000000000
1135335,7444994404791,btc_qm_engine,btc_leading_zeros,1.0000000000
1135336,7444994404864,btc_qm_engine,btc_sha256_elapsed_ns,1096.0000000000
1135337,7444994405032,btc_qm_engine,btc_leading_zeros,0.0000000000
1135338,7444994405396,btc_qm_engine,btc_sha256_elapsed_ns,931.0000000000
1135339,7444994405761,btc_qm_engine,btc_sha256_elapsed_ns,1117.0000000000
1135340,7444994406326,btc_qm_engine,btc_sha256_nonce,1310487000.0000000000
1135341,7444994406541,btc_qm_engine,btc_sha256_elapsed_ns,949.0000000000
1135342,7444994407162,btc_qm_engine,btc_sha256_nonce,2723980162.0000000000
1135343,7444994407257,btc_qm_engine,btc_leading_zeros,0.0000000000
1135344,7444994407487,btc_qm_engine,btc_sha256_nonce,2861699948.0000000000
1135345,7444994407560,btc_qm_engine,btc_leading_zeros,0.0000000000
1135346,7444994407761,btc_qm_engine,btc_sha256_nonce,2430583244.0000000000
1135347,7444994408157,btc_qm_engine,btc_sha256_elapsed_ns,1127.0000000000
1135348,7444994408352,btc_qm_engine,btc_leading_zeros,1.0000000000
1135349,7444994408807,btc_qm_engine,btc_sha256_nonce,1489246184.0000000000
1135350,7444994408996,btc_qm_engine,btc_leading_zeros,1.0000000000
1135351,7444994409161,btc_qm_engine,btc_leading_zeros,1.0000000000
1135352,7444994409357,btc_qm_engine,btc_sha256_elapsed_ns,965.0000000000
1135353,7444994409472,btc_qm_engine,btc_leading_zeros,0.0000000000
1135354,7444994409639,btc_qm_engine,btc_sha256_nonce,4275510897.0000000000
1135355,7444994409727,btc_qm_engine,btc_leading_zeros,0.0000000000
1135356,7444994409795,btc_qm_engine,btc_sha256_elapsed_ns,941.0000000000
1135357,7444994410166,btc_qm_engine,btc_sha256_elapsed_ns,1176.0000000000
1135358,7444994410288,btc_qm_engine,btc_sha256_elapsed_ns,1127.0000000000
1135359,7444994410615,btc_qm_engine,btc_sha256_nonce,142301268.0000000000
1135360,7444994410754,btc_qm_engine,btc_sha256_nonce,2043927893.0000000000
1135361,7444994410837,btc_qm_engine,btc_leading_zeros,3.0000000000
1135362,7444994410897,btc_qm_engine,btc_sha256_elapsed_ns,738.0000000000
1135363,7444994411036,btc_qm_engine,btc_leading_zeros,2.0000000000
1135364,7444994411175,btc_qm_engine,btc_sha256_nonce,4268421836.0000000000
1135365,7444994411401,btc_qm_engine,btc_sha256_elapsed_ns,1171.0000000000
1135366,7444994411661,btc_qm_engine,btc_sha256_nonce,4202966031.0000000000
1135367,7444994411868,btc_qm_engine,btc_leading_zeros,1.0000000000
1135368,7444994412217,btc_qm_engine,btc_sha256_nonce,696791941.0000000000
1135369,7444994412546,btc_qm_engine,btc_sha256_elapsed_ns,1085.0000000000
1135370,7444994412712,btc_qm_engine,btc_sha256_nonce,2759574384.0000000000
1135371,7444994412991,btc_qm_engine,btc_sha256_elapsed_ns,1118.0000000000
1135372,7444994413827,btc_qm_engine,btc_sha256_nonce,125025427.0000000000
1135373,7444994414362,btc_qm_engine,btc_sha256_nonce,2862902677.0000000000
1135374,7444994414673,btc_qm_engine,btc_leading_zeros,0.0000000000
1135375,7444994414741,btc_qm_engine,btc_sha256_elapsed_ns,798.0000000000
1135376,7444994414917,btc_qm_engine,btc_sha256_nonce,1945070040.0000000000
1135377,7444994414992,btc_qm_engine,btc_leading_zeros,0.0000000000
1135378,7444994415066,btc_qm_engine,btc_sha256_elapsed_ns,1040.0000000000
1135379,7444994415398,btc_qm_engine,btc_sha256_elapsed_ns,1034.0000000000
1135380,7444994415595,btc_qm_engine,btc_sha256_elapsed_ns,831.0000000000
1135381,7444994415882,btc_qm_engine,btc_sha256_nonce,4255361614.0000000000
1135382,7444994415970,btc_qm_engine,btc_leading_zeros,1.0000000000
1135383,7444994416037,btc_qm_engine,btc_sha256_elapsed_ns,903.0000000000
1135384,7444994416146,btc_qm_engine,btc_leading_zeros,0.0000000000
1135385,7444994416214,btc_qm_engine,btc_sha256_elapsed_ns,738.0000000000
1135386,7444994416380,btc_qm_engine,btc_leading_zeros,0.0000000000
1135387,7444994416492,btc_qm_engine,btc_sha256_elapsed_ns,913.0000000000
1135388,7444994416926,btc_qm_engine,btc_sha256_nonce,4087290953.0000000000
1135389,7444994417002,btc_qm_engine,btc_leading_zeros,2.0000000000
1135390,7444994417121,btc_qm_engine,btc_sha256_nonce,1990674962.0000000000
1135391,7444994417268,btc_qm_engine,btc_sha256_nonce,3004076529.0000000000
1135392,7444994417432,btc_qm_engine,btc_sha256_nonce,454870887.0000000000
1135393,7444994417554,btc_qm_engine,btc_sha256_nonce,2786301607.0000000000
1135394,7444994417624,btc_qm_engine,btc_leading_zeros,2.0000000000
1135395,7444994417737,btc_qm_engine,btc_sha256_elapsed_ns,1074.0000000000
1135396,7444994417940,btc_qm_engine,btc_leading_zeros,0.0000000000
1135397,7444994418073,btc_qm_engine,btc_leading_zeros,0.0000000000
1135398,7444994418189,btc_qm_engine,btc_sha256_elapsed_ns,1089.0000000000
1135399,7444994418302,btc_qm_engine,btc_sha256_nonce,4115807636.0000000000
1135400,7444994418477,btc_qm_engine,btc_sha256_elapsed_ns,1098.0000000000
1135401,7444994418758,btc_qm_engine,btc_leading_zeros,0.0000000000
1135402,7444994418832,btc_qm_engine,btc_sha256_elapsed_ns,1106.0000000000
1135403,7444994419083,btc_qm_engine,btc_leading_zeros,0.0000000000
1135404,7444994419423,btc_qm_engine,btc_sha256_elapsed_ns,968.0000000000
1135405,7444994419610,btc_qm_engine,btc_sha256_nonce,1277845306.0000000000
1135406,7444994419808,btc_qm_engine,btc_sha256_nonce,2059246504.0000000000
1135407,7444994419961,btc_qm_engine,btc_leading_zeros,0.0000000000
1135408,7444994420032,btc_qm_engine,btc_sha256_elapsed_ns,1089.0000000000
1135409,7444994420213,btc_qm_engine,btc_sha256_nonce,749649425.0000000000
1135410,7444994420738,btc_qm_engine,btc_sha256_nonce,2244758759.0000000000
1135411,7444994421213,btc_qm_engine,btc_leading_zeros,0.0000000000
1135412,7444994421404,btc_qm_engine,btc_leading_zeros,0.0000000000
1135413,7444994421610,btc_qm_engine,btc_sha256_nonce,4276595718.0000000000
1135414,7444994421883,btc_qm_engine,btc_leading_zeros,2.0000000000
1135415,7444994422484,btc_qm_engine,btc_leading_zeros,4.0000000000
1135416,7444994422676,btc_qm_engine,btc_sha256_elapsed_ns,1134.0000000000
1135417,7444994422880,btc_qm_engine,btc_sha256_elapsed_ns,950.0000000000
1135418,7444994423449,btc_qm_engine,btc_sha256_elapsed_ns,1078.0000000000
1135419,7444994423694,btc_qm_engine,btc_sha256_elapsed_ns,796.0000000000
1135420,7444994424029,btc_qm_engine,btc_sha256_nonce,983617806.0000000000
1135421,7444994424105,btc_qm_engine,btc_leading_zeros,1.0000000000
1135422,7444994424175,btc_qm_engine,btc_sha256_elapsed_ns,1086.0000000000
1135423,7444994424480,btc_qm_engine,btc_sha256_nonce,2937409051.0000000000
1135424,7444994425030,btc_qm_engine,btc_sha256_nonce,2059476600.0000000000
1135425,7444994425407,btc_qm_engine,btc_sha256_nonce,3803211786.0000000000
1135426,7444994425678,btc_qm_engine,btc_leading_zeros,1.0000000000
1135427,7444994425907,btc_qm_engine,btc_leading_zeros,3.0000000000
1135428,7444994425979,btc_qm_engine,btc_sha256_elapsed_ns,997.0000000000
1135429,7444994426144,btc_qm_engine,btc_sha256_nonce,1177970407.0000000000
1135430,7444994426282,btc_qm_engine,btc_sha256_elapsed_ns,1066.0000000000
1135431,7444994426479,btc_qm_engine,btc_leading_zeros,0.0000000000
1135432,7444994426693,btc_qm_engine,btc_leading_zeros,0.0000000000
1135433,7444994426770,btc_qm_engine,btc_sha256_elapsed_ns,1125.0000000000
1135434,7444994427077,btc_qm_engine,btc_leading_zeros,2.0000000000
1135435,7444994427195,btc_qm_engine,btc_sha256_elapsed_ns,1078.0000000000
1135436,7444994427343,btc_qm_engine,btc_sha256_nonce,1200498766.0000000000
1135437,7444994427549,btc_qm_engine,btc_sha256_elapsed_ns,1041.0000000000
1135438,7444994427899,btc_qm_engine,btc_sha256_nonce,653948591.0000000000
1135439,7444994428024,btc_qm_engine,btc_sha256_nonce,2066792397.0000000000
1135440,7444994428100,btc_qm_engine,btc_leading_zeros,0.0000000000
1135441,7444994428169,btc_qm_engine,btc_sha256_elapsed_ns,975.0000000000
1135442,7444994428470,btc_qm_engine,btc_leading_zeros,0.0000000000
1135443,7444994428549,btc_qm_engine,btc_sha256_elapsed_ns,1099.0000000000
1135444,7444994428655,btc_qm_engine,btc_sha256_nonce,3220268041.0000000000
1135445,7444994428760,btc_qm_engine,btc_sha256_elapsed_ns,1018.0000000000
1135446,7444994429174,btc_qm_engine,btc_leading_zeros,0.0000000000
1135447,7444994429561,btc_qm_engine,btc_sha256_nonce,1058822249.0000000000
1135448,7444994429721,btc_qm_engine,btc_sha256_elapsed_ns,1131.0000000000
1135449,7444994429850,btc_qm_engine,btc_sha256_nonce,4007744555.0000000000
1135450,7444994430058,btc_qm_engine,btc_leading_zeros,1.0000000000
1135451,7444994430420,btc_qm_engine,btc_sha256_nonce,2898364134.0000000000
1135452,7444994430545,btc_qm_engine,btc_leading_zeros,1.0000000000
1135453,7444994430735,btc_qm_engine,btc_sha256_elapsed_ns,750.0000000000
1135454,7444994431018,btc_qm_engine,btc_sha256_nonce,142282120.0000000000
1135455,7444994431112,btc_qm_engine,btc_leading_zeros,2.0000000000
1135456,7444994431176,btc_qm_engine,btc_sha256_elapsed_ns,1036.0000000000
1135457,7444994431301,btc_qm_engine,btc_sha256_nonce,4096959200.0000000000
1135458,7444994431655,btc_qm_engine,btc_leading_zeros,0.0000000000
1135459,7444994431794,btc_qm_engine,btc_leading_zeros,1.0000000000
1135460,7444994432022,btc_qm_engine,btc_sha256_elapsed_ns,1061.0000000000
1135461,7444994432319,btc_qm_engine,btc_sha256_nonce,775729793.0000000000
1135462,7444994432683,btc_qm_engine,btc_sha256_elapsed_ns,996.0000000000
1135463,7444994432894,btc_qm_engine,btc_sha256_nonce,812638816.0000000000
1135464,7444994433205,btc_qm_engine,btc_sha256_elapsed_ns,1036.0000000000
1135465,7444994433295,btc_qm_engine,btc_leading_zeros,0.0000000000
1135466,7444994433425,btc_qm_engine,btc_leading_zeros,2.0000000000
1135467,7444994433504,btc_qm_engine,btc_sha256_elapsed_ns,1003.0000000000
1135468,7444994433618,btc_qm_engine,btc_sha256_nonce,1578106394.0000000000
1135469,7444994433816,btc_qm_engine,btc_sha256_elapsed_ns,800.0000000000
1135470,7444994433979,btc_qm_engine,btc_leading_zeros,0.0000000000
1135471,7444994434053,btc_qm_engine,btc_sha256_elapsed_ns,1026.0000000000
1135472,7444994434301,btc_qm_engine,btc_sha256_nonce,2898329745.0000000000
1135473,7444994434428,btc_qm_engine,btc_leading_zeros,1.0000000000
1135474,7444994434769,btc_qm_engine,btc_sha256_nonce,316915153.0000000000
1135475,7444994434945,btc_qm_engine,btc_sha256_nonce,3391466479.0000000000
1135476,7444994435100,btc_qm_engine,btc_sha256_nonce,599137251.0000000000
1135477,7444994435189,btc_qm_engine,btc_leading_zeros,0.0000000000
1135478,7444994435264,btc_qm_engine,btc_sha256_elapsed_ns,1030.0000000000
1135479,7444994435460,btc_qm_engine,btc_sha256_elapsed_ns,1082.0000000000
1135480,7444994435632,btc_qm_engine,btc_sha256_nonce,1386395816.0000000000
1135481,7444994435937,btc_qm_engine,btc_leading_zeros,0.0000000000
1135482,7444994436209,btc_qm_engine,btc_leading_zeros,0.0000000000
1135483,7444994436486,btc_qm_engine,btc_sha256_nonce,4084526538.0000000000
1135484,7444994436560,btc_qm_engine,btc_leading_zeros,4.0000000000
1135485,7444994436626,btc_qm_engine,btc_sha256_elapsed_ns,911.0000000000
1135486,7444994436780,btc_qm_engine,btc_sha256_elapsed_ns,1056.0000000000
1135487,7444994437334,btc_qm_engine,btc_sha256_elapsed_ns,1079.0000000000
1135488,7444994437844,btc_qm_engine,btc_sha256_nonce,775715460.0000000000
1135489,7444994437926,btc_qm_engine,btc_leading_zeros,0.0000000000
1135490,7444994437990,btc_qm_engine,btc_sha256_elapsed_ns,1009.0000000000
1135491,7444994438607,btc_qm_engine,btc_leading_zeros,2.0000000000
1135492,7444994438836,btc_qm_engine,btc_sha256_nonce,3666172283.0000000000
1135493,7444994439080,btc_qm_engine,btc_sha256_nonce,3614809753.0000000000
1135494,7444994439315,btc_qm_engine,btc_leading_zeros,3.0000000000
1135495,7444994439705,btc_qm_engine,btc_sha256_nonce,2965854775.0000000000
1135496,7444994439830,btc_qm_engine,btc_sha256_elapsed_ns,982.0000000000
1135497,7444994440331,btc_qm_engine,btc_leading_zeros,2.0000000000
1135498,7444994440705,btc_qm_engine,btc_sha256_elapsed_ns,1108.0000000000
1135499,7444994440836,btc_qm_engine,btc_leading_zeros,3.0000000000
1135500,7444994441078,btc_qm_engine,btc_leading_zeros,2.0000000000
1135501,7444994441249,btc_qm_engine,btc_sha256_elapsed_ns,1109.0000000000
1135502,7444994441457,btc_qm_engine,btc_sha256_elapsed_ns,1057.0000000000
1135503,7444994442051,btc_qm_engine,btc_sha256_nonce,1428797843.0000000000
1135504,7444994442196,btc_qm_engine,btc_leading_zeros,2.0000000000
1135505,7444994442554,btc_qm_engine,btc_sha256_nonce,1946413297.0000000000
1135506,7444994442781,btc_qm_engine,btc_sha256_nonce,4053633166.0000000000
1135507,7444994443159,btc_qm_engine,btc_sha256_nonce,1667505206.0000000000
1135508,7444994443747,btc_qm_engine,btc_leading_zeros,0.0000000000
1135509,7444994443883,btc_qm_engine,btc_leading_zeros,1.0000000000
1135510,7444994443962,btc_qm_engine,btc_sha256_elapsed_ns,1027.0000000000
1135511,7444994444152,btc_qm_engine,btc_sha256_nonce,1957386371.0000000000
1135512,7444994444555,btc_qm_engine,btc_leading_zeros,3.0000000000
1135513,7444994444625,btc_qm_engine,btc_sha256_elapsed_ns,1017.0000000000
1135514,7444994445120,btc_qm_engine,btc_sha256_elapsed_ns,1067.0000000000
1135515,7444994445392,btc_qm_engine,btc_sha256_nonce,945832733.0000000000
1135516,7444994445763,btc_qm_engine,btc_sha256_nonce,1462682685.0000000000
1135517,7444994445897,btc_qm_engine,btc_sha256_nonce,3120263919.0000000000
1135518,7444994445976,btc_qm_engine,btc_leading_zeros,1.0000000000
1135519,7444994446048,btc_qm_engine,btc_sha256_elapsed_ns,990.0000000000
1135520,7444994446166,btc_qm_engine,btc_leading_zeros,0.0000000000
1135521,7444994446294,btc_qm_engine,btc_leading_zeros,2.0000000000
1135522,7444994446571,btc_qm_engine,btc_sha256_nonce,571562492.0000000000
1135523,7444994446649,btc_qm_engine,btc_leading_zeros,2.0000000000
1135524,7444994446767,btc_qm_engine,btc_sha256_elapsed_ns,1079.0000000000
1135525,7444994446971,btc_qm_engine,btc_sha256_elapsed_ns,989.0000000000
1135526,7444994447305,btc_qm_engine,btc_sha256_nonce,1330503148.0000000000
1135527,7444994447385,btc_qm_engine,btc_leading_zeros,3.0000000000
1135528,7444994447590,btc_qm_engine,btc_sha256_elapsed_ns,977.0000000000
1135529,7444994447888,btc_qm_engine,btc_sha256_elapsed_ns,945.0000000000
1135530,7444994448123,btc_qm_engine,btc_sha256_elapsed_ns,1040.0000000000
1135531,7444994448207,btc_qm_engine,btc_sha256_elapsed_ns,1077.0000000000
1135532,7444994448775,btc_qm_engine,btc_leading_zeros,2.0000000000
1135533,7444994449022,btc_qm_engine,btc_sha256_nonce,332929490.0000000000
1135534,7444994449102,btc_qm_engine,btc_leading_zeros,0.0000000000
1135535,7444994449316,btc_qm_engine,btc_sha256_elapsed_ns,975.0000000000
1135536,7444994449545,btc_qm_engine,btc_sha256_nonce,682018051.0000000000
1135537,7444994449743,btc_qm_engine,btc_sha256_nonce,3944846296.0000000000
1135538,7444994449935,btc_qm_engine,btc_sha256_nonce,748885834.0000000000
1135539,7444994450294,btc_qm_engine,btc_sha256_nonce,1509398374.0000000000
1135540,7444994450957,btc_qm_engine,btc_leading_zeros,0.0000000000
1135541,7444994451096,btc_qm_engine,btc_leading_zeros,0.0000000000
1135542,7444994451171,btc_qm_engine,btc_sha256_elapsed_ns,1101.0000000000
1135543,7444994451243,btc_qm_engine,btc_sha256_nonce,2612212359.0000000000
1135544,7444994451374,btc_qm_engine,btc_sha256_elapsed_ns,1051.0000000000
1135545,7444994451666,btc_qm_engine,btc_sha256_nonce,234665094.0000000000
1135546,7444994452009,btc_qm_engine,btc_leading_zeros,2.0000000000
1135547,7444994452074,btc_qm_engine,btc_sha256_elapsed_ns,1060.0000000000
1135548,7444994452186,btc_qm_engine,btc_leading_zeros,0.0000000000
1135549,7444994452574,btc_qm_engine,btc_sha256_nonce,2185603339.0000000000
1135550,7444994452716,btc_qm_engine,btc_sha256_nonce,2665444185.0000000000
1135551,7444994452808,btc_qm_engine,btc_leading_zeros,2.0000000000
1135552,7444994452873,btc_qm_engine,btc_sha256_elapsed_ns,1083.0000000000
1135553,7444994453375,btc_qm_engine,btc_sha256_nonce,3473497847.0000000000
1135554,7444994453694,btc_qm_engine,btc_sha256_elapsed_ns,1045.0000000000
1135555,7444994453884,btc_qm_engine,btc_leading_zeros,4.0000000000
1135556,7444994453996,btc_qm_engine,btc_sha256_elapsed_ns,1091.0000000000
1135557,7444994454578,btc_qm_engine,btc_sha256_elapsed_ns,1049.0000000000
1135558,7444994454756,btc_qm_engine,btc_sha256_nonce,1555395144.0000000000
1135559,7444994455098,btc_qm_engine,btc_leading_zeros,0.0000000000
1135560,7444994455164,btc_qm_engine,btc_sha256_elapsed_ns,980.0000000000
1135561,7444994455333,btc_qm_engine,btc_sha256_nonce,3550848392.0000000000
1135562,7444994455510,btc_qm_engine,btc_sha256_nonce,150623602.0000000000
1135563,7444994455936,btc_qm_engine,btc_sha256_nonce,2681005595.0000000000
1135564,7444994456060,btc_qm_engine,btc_leading_zeros,0.0000000000
1135565,7444994456307,btc_qm_engine,btc_leading_zeros,1.0000000000
1135566,7444994456405,btc_qm_engine,btc_sha256_elapsed_ns,1089.0000000000
1135567,7444994456549,btc_qm_engine,btc_sha256_nonce,4197196473.0000000000
1135568,7444994456722,btc_qm_engine,btc_leading_zeros,1.0000000000
1135569,7444994457104,btc_qm_engine,btc_leading_zeros,1.0000000000
1135570,7444994457188,btc_qm_engine,btc_leading_zeros,0.0000000000
1135571,7444994457501,btc_qm_engine,btc_sha256_elapsed_ns,1072.0000000000
1135572,7444994457653,btc_qm_engine,btc_sha256_elapsed_ns,1114.0000000000
1135573,7444994457949,btc_qm_engine,btc_sha256_nonce,2335633662.0000000000
1135574,7444994458269,btc_qm_engine,btc_leading_zeros,3.0000000000
1135575,7444994458331,btc_qm_engine,btc_sha256_elapsed_ns,795.0000000000
1135576,7444994458519,btc_qm_engine,btc_sha256_elapsed_ns,1038.0000000000
1135577,7444994458769,btc_qm_engine,btc_leading_zeros,1.0000000000
1135578,7444994458936,btc_qm_engine,btc_sha256_nonce,1944544538.0000000000
1135579,7444994459027,btc_qm_engine,btc_leading_zeros,1.0000000000
1135580,7444994459103,btc_qm_engine,btc_sha256_elapsed_ns,1039.0000000000
1135581,7444994459232,btc_qm_engine,btc_sha256_elapsed_ns,849.0000000000
1135582,7444994459522,btc_qm_engine,btc_sha256_nonce,2335813189.0000000000
1135583,7444994459690,btc_qm_engine,btc_sha256_elapsed_ns,760.0000000000
1135584,7444994460103,btc_qm_engine,btc_sha256_nonce,2203227627.0000000000
1135585,7444994460449,btc_qm_engine,btc_sha256_nonce,3331738634.0000000000
1135586,7444994460530,btc_qm_engine,btc_leading_zeros,1.0000000000
1135587,7444994460659,btc_qm_engine,btc_leading_zeros,3.0000000000
1135588,7444994460878,btc_qm_engine,btc_sha256_nonce,1083143896.0000000000
1135589,7444994461231,btc_qm_engine,btc_leading_zeros,1.0000000000
1135590,7444994461463,btc_qm_engine,btc_sha256_elapsed_ns,1101.0000000000
1135591,7444994461706,btc_qm_engine,btc_sha256_elapsed_ns,1086.0000000000
1135592,7444994461869,btc_qm_engine,btc_sha256_nonce,776055881.0000000000
1135593,7444994462082,btc_qm_engine,btc_leading_zeros,0.0000000000
1135594,7444994462236,btc_qm_engine,btc_leading_zeros,0.0000000000
1135595,7444994462301,btc_qm_engine,btc_sha256_elapsed_ns,814.0000000000
1135596,7444994462635,btc_qm_engine,btc_sha256_elapsed_ns,989.0000000000
1135597,7444994462829,btc_qm_engine,btc_sha256_elapsed_ns,965.0000000000
1135598,7444994463174,btc_qm_engine,btc_sha256_nonce,3147939030.0000000000
1135599,7444994463263,btc_qm_engine,btc_leading_zeros,0.0000000000
1135600,7444994463421,btc_qm_engine,btc_leading_zeros,0.0000000000
1135601,7444994464076,btc_qm_engine,btc_sha256_elapsed_ns,1080.0000000000
1135602,7444994464304,btc_qm_engine,btc_sha256_nonce,952250964.0000000000
1135603,7444994464408,btc_qm_engine,btc_leading_zeros,0.0000000000
1135604,7444994464505,btc_qm_engine,btc_sha256_nonce,3799874625.0000000000
1135605,7444994464789,btc_qm_engine,btc_sha256_nonce,590089496.0000000000
1135606,7444994465143,btc_qm_engine,btc_sha256_elapsed_ns,1123.0000000000
1135607,7444994465515,btc_qm_engine,btc_leading_zeros,1.0000000000
1135608,7444994465823,btc_qm_engine,btc_sha256_elapsed_ns,897.0000000000
1135609,7444994466224,btc_qm_engine,btc_sha256_nonce,4209679355.0000000000
1135610,7444994466310,btc_qm_engine,btc_leading_zeros,1.0000000000
1135611,7444994466394,btc_qm_engine,btc_sha256_elapsed_ns,1099.0000000000
1135612,7444994466551,btc_qm_engine,btc_sha256_elapsed_ns,903.0000000000
1135613,7444994467002,btc_qm_engine,btc_sha256_nonce,3186299348.0000000000
1135614,7444994467111,btc_qm_engine,btc_leading_zeros,1.0000000000
1135615,7444994467615,btc_qm_engine,btc_leading_zeros,0.0000000000
1135616,7444994467839,btc_qm_engine,btc_sha256_nonce,2621370028.0000000000
1135617,7444994468062,btc_qm_engine,btc_sha256_nonce,1330702960.0000000000
1135618,7444994468762,btc_qm_engine,btc_sha256_nonce,1848227146.0000000000
1135619,7444994468960,btc_qm_engine,btc_leading_zeros,1.0000000000
1135620,7444994469198,btc_qm_engine,btc_leading_zeros,0.0000000000
1135621,7444994469437,btc_qm_engine,btc_sha256_elapsed_ns,1062.0000000000
1135622,7444994469700,btc_qm_engine,btc_leading_zeros,0.0000000000
1135623,7444994469867,btc_qm_engine,btc_sha256_nonce,1014801493.0000000000
1135624,7444994469958,btc_qm_engine,btc_sha256_nonce,2691908726.0000000000
1135625,7444994470108,btc_qm_engine,btc_sha256_elapsed_ns,924.0000000000
1135626,7444994470313,btc_qm_engine,btc_sha256_elapsed_ns,984.0000000000
1135627,7444994470505,btc_qm_engine,btc_leading_zeros,3.0000000000
1135628,7444994470860,btc_qm_engine,btc_leading_zeros,1.0000000000
1135629,7444994471126,btc_qm_engine,btc_sha256_nonce,878678337.0000000000
1135630,7444994471282,btc_qm_engine,btc_sha256_elapsed_ns,1045.0000000000
1135631,7444994471716,btc_qm_engine,btc_leading_zeros,0.0000000000
1135632,7444994472174,btc_qm_engine,btc_sha256_nonce,4052762441.0000000000
1135633,7444994472769,btc_qm_engine,btc_sha256_elapsed_ns,1067.0000000000
1135634,7444994472882,btc_qm_engine,btc_sha256_nonce,3983017425.0000000000
1135635,7444994473072,btc_qm_engine,btc_sha256_nonce,880829645.0000000000
1135636,7444994473151,btc_qm_engine,btc_leading_zeros,1.0000000000
1135637,7444994473245,btc_qm_engine,btc_sha256_elapsed_ns,978.0000000000
1135638,7444994473369,btc_qm_engine,btc_leading_zeros,3.0000000000
1135639,7444994473518,btc_qm_engine,btc_leading_zeros,0.0000000000
1135640,7444994473593,btc_qm_engine,btc_sha256_elapsed_ns,923.0000000000
1135641,7444994473771,btc_qm_engine,btc_sha256_elapsed_ns,791.0000000000
1135642,7444994473864,btc_qm_engine,btc_sha256_elapsed_ns,945.0000000000
1135643,7444994474560,btc_qm_engine,btc_sha256_nonce,2898534999.0000000000
1135644,7444994474640,btc_qm_engine,btc_leading_zeros,0.0000000000
1135645,7444994475144,btc_qm_engine,btc_sha256_nonce,2242029421.0000000000
1135646,7444994475330,btc_qm_engine,btc_sha256_nonce,605477913.0000000000
1135647,7444994475427,btc_qm_engine,btc_leading_zeros,0.0000000000
1135648,7444994475608,btc_qm_engine,btc_leading_zeros,1.0000000000
1135649,7444994475713,btc_qm_engine,btc_sha256_nonce,3384872868.0000000000
1135650,7444994476543,btc_qm_engine,btc_sha256_elapsed_ns,1051.0000000000
1135651,7444994476682,btc_qm_engine,btc_leading_zeros,2.0000000000
1135652,7444994476872,btc_qm_engine,btc_leading_zeros,0.0000000000
1135653,7444994477084,btc_qm_engine,btc_sha256_elapsed_ns,1098.0000000000
1135654,7444994477276,btc_qm_engine,btc_sha256_elapsed_ns,884.0000000000
1135655,7444994477558,btc_qm_engine,btc_sha256_elapsed_ns,1124.0000000000
1135656,7444994477808,btc_qm_engine,btc_sha256_elapsed_ns,1141.0000000000
1135657,7444994478035,btc_qm_engine,btc_sha256_nonce,2519865466.0000000000
1135658,7444994478105,btc_qm_engine,btc_leading_zeros,0.0000000000
1135659,7444994478170,btc_qm_engine,btc_sha256_elapsed_ns,986.0000000000
1135660,7444994478641,btc_qm_engine,btc_sha256_nonce,472014350.0000000000
1135661,7444994478712,btc_qm_engine,btc_leading_zeros,2.0000000000
1135662,7444994478779,btc_qm_engine,btc_sha256_elapsed_ns,1067.0000000000
1135663,7444994478913,btc_qm_engine,btc_sha256_nonce,3903884722.0000000000
1135664,7444994478985,btc_qm_engine,btc_leading_zeros,0.0000000000
1135665,7444994479056,btc_qm_engine,btc_sha256_elapsed_ns,1085.0000000000
1135666,7444994479253,btc_qm_engine,btc_sha256_nonce,776504391.0000000000
1135667,7444994479496,btc_qm_engine,btc_sha256_nonce,3882041344.0000000000
1135668,7444994479700,btc_qm_engine,btc_sha256_nonce,1386490402.0000000000
1135669,7444994479876,btc_qm_engine,btc_leading_zeros,1.0000000000
1135670,7444994480265,btc_qm_engine,btc_sha256_nonce,1961231616.0000000000
1135671,7444994480456,btc_qm_engine,btc_sha256_nonce,2335498215.0000000000
1135672,7444994480610,btc_qm_engine,btc_sha256_elapsed_ns,1075.0000000000
1135673,7444994480782,btc_qm_engine,btc_sha256_elapsed_ns,1108.0000000000
1135674,7444994480911,btc_qm_engine,btc_leading_zeros,0.0000000000
1135675,7444994481086,btc_qm_engine,btc_leading_zeros,1.0000000000
1135676,7444994481510,btc_qm_engine,btc_sha256_elapsed_ns,976.0000000000
1135677,7444994481847,btc_qm_engine,btc_sha256_nonce,901738230.0000000000
1135678,7444994481931,btc_qm_engine,btc_leading_zeros,1.0000000000
1135679,7444994482004,btc_qm_engine,btc_sha256_elapsed_ns,1038.0000000000
1135680,7444994482178,btc_qm_engine,btc_sha256_nonce,871353439.0000000000
1135681,7444994482251,btc_qm_engine,btc_leading_zeros,1.0000000000
1135682,7444994482317,btc_qm_engine,btc_sha256_elapsed_ns,1094.0000000000
1135683,7444994482880,btc_qm_engine,btc_sha256_nonce,2933876847.0000000000
1135684,7444994482953,btc_qm_engine,btc_leading_zeros,1.0000000000
1135685,7444994483027,btc_qm_engine,btc_sha256_elapsed_ns,1108.0000000000
1135686,7444994483276,btc_qm_engine,btc_sha256_elapsed_ns,980.0000000000
1135687,7444994483661,btc_qm_engine,btc_sha256_nonce,376633359.0000000000
1135688,7444994483762,btc_qm_engine,btc_leading_zeros,0.0000000000
1135689,7444994484252,btc_qm_engine,btc_sha256_nonce,2335130278.0000000000
1135690,7444994484439,btc_qm_engine,btc_sha256_elapsed_ns,1092.0000000000
1135691,7444994484562,btc_qm_engine,btc_sha256_nonce,1226336688.0000000000
1135692,7444994484723,btc_qm_engine,btc_leading_zeros,4.0000000000
1135693,7444994484809,btc_qm_engine,btc_sha256_elapsed_ns,1003.0000000000
1135694,7444994484987,btc_qm_engine,btc_sha256_elapsed_ns,982.0000000000
1135695,7444994485169,btc_qm_engine,btc_sha256_nonce,1186911759.0000000000
1135696,7444994485468,btc_qm_engine,btc_leading_zeros,2.0000000000
1135697,7444994485749,btc_qm_engine,btc_leading_zeros,3.0000000000
1135698,7444994485915,btc_qm_engine,btc_sha256_elapsed_ns,1091.0000000000
1135699,7444994486200,btc_qm_engine,btc_leading_zeros,0.0000000000
1135700,7444994486444,btc_qm_engine,btc_sha256_nonce,818919935.0000000000
1135701,7444994486552,btc_qm_engine,btc_leading_zeros,0.0000000000
1135702,7444994486639,btc_qm_engine,btc_sha256_elapsed_ns,1046.0000000000
1135703,7444994486836,btc_qm_engine,btc_sha256_elapsed_ns,1117.0000000000
1135704,7444994486966,btc_qm_engine,btc_sha256_nonce,2069876169.0000000000
1135705,7444994487289,btc_qm_engine,btc_leading_zeros,4.0000000000
1135706,7444994487353,btc_qm_engine,btc_sha256_elapsed_ns,744.0000000000
1135707,7444994487917,btc_qm_engine,btc_sha256_nonce,818721734.0000000000
1135708,7444994488087,btc_qm_engine,btc_leading_zeros,0.0000000000
1135709,7444994488495,btc_qm_engine,btc_sha256_nonce,1805442445.0000000000
1135710,7444994488747,btc_qm_engine,btc_sha256_elapsed_ns,1031.0000000000
1135711,7444994488887,btc_qm_engine,btc_leading_zeros,0.0000000000
1135712,7444994489017,btc_qm_engine,btc_sha256_nonce,2147311132.0000000000
1135713,7444994489107,btc_qm_engine,btc_leading_zeros,3.0000000000
1135714,7444994489179,btc_qm_engine,btc_sha256_elapsed_ns,1084.0000000000
1135715,7444994489374,btc_qm_engine,btc_sha256_elapsed_ns,748.0000000000
1135716,7444994489589,btc_qm_engine,btc_sha256_nonce,4225952466.0000000000
1135717,7444994489885,btc_qm_engine,btc_leading_zeros,1.0000000000
1135718,7444994489950,btc_qm_engine,btc_sha256_elapsed_ns,1081.0000000000
1135719,7444994490427,btc_qm_engine,btc_sha256_nonce,1330145280.0000000000
1135720,7444994490763,btc_qm_engine,btc_leading_zeros,0.0000000000
1135721,7444994490830,btc_qm_engine,btc_sha256_nonce,1133411269.0000000000
1135722,7444994491123,btc_qm_engine,btc_sha256_nonce,2849536184.0000000000
1135723,7444994491389,btc_qm_engine,btc_sha256_nonce,3864276464.0000000000
1135724,7444994491550,btc_qm_engine,btc_leading_zeros,1.0000000000
1135725,7444994491797,btc_qm_engine,btc_leading_zeros,0.0000000000
1135726,7444994491885,btc_qm_engine,btc_sha256_elapsed_ns,730.0000000000
1135727,7444994492004,btc_qm_engine,btc_sha256_nonce,2534321667.0000000000
1135728,7444994492224,btc_qm_engine,btc_sha256_elapsed_ns,1052.0000000000
1135729,7444994492729,btc_qm_engine,btc_leading_zeros,0.0000000000
1135730,7444994493121,btc_qm_engine,btc_sha256_elapsed_ns,1086.0000000000
1135731,7444994493239,btc_qm_engine,btc_sha256_nonce,2195457176.0000000000
1135732,7444994493316,btc_qm_engine,btc_leading_zeros,0.0000000000
1135733,7444994493420,btc_qm_engine,btc_sha256_elapsed_ns,1107.0000000000
1135734,7444994493560,btc_qm_engine,btc_sha256_nonce,3258383518.0000000000
1135735,7444994494048,btc_qm_engine,btc_sha256_nonce,1616504551.0000000000
1135736,7444994494203,btc_qm_engine,btc_leading_zeros,0.0000000000
1135737,7444994494278,btc_qm_engine,btc_sha256_elapsed_ns,1082.0000000000
1135738,7444994494458,btc_qm_engine,btc_sha256_elapsed_ns,1110.0000000000
1135739,7444994494610,btc_qm_engine,btc_leading_zeros,0.0000000000
1135740,7444994494861,btc_qm_engine,btc_sha256_nonce,2498786757.0000000000
1135741,7444994495043,btc_qm_engine,btc_leading_zeros,0.0000000000
1135742,7444994495475,btc_qm_engine,btc_sha256_nonce,3831074762.0000000000
1135743,7444994495645,btc_qm_engine,btc_sha256_elapsed_ns,1029.0000000000
1135744,7444994495910,btc_qm_engine,btc_leading_zeros,0.0000000000
1135745,7444994495995,btc_qm_engine,btc_sha256_elapsed_ns,1007.0000000000
1135746,7444994496228,btc_qm_engine,btc_sha256_nonce,2898477283.0000000000
1135747,7444994496304,btc_qm_engine,btc_leading_zeros,0.0000000000
1135748,7444994496385,btc_qm_engine,btc_sha256_elapsed_ns,1008.0000000000
1135749,7444994496475,btc_qm_engine,btc_leading_zeros,0.0000000000
1135750,7444994496811,btc_qm_engine,btc_sha256_elapsed_ns,1111.0000000000
1135751,7444994496976,btc_qm_engine,btc_sha256_nonce,1035460454.0000000000
1135752,7444994497112,btc_qm_engine,btc_leading_zeros,0.0000000000
1135753,7444994497200,btc_qm_engine,btc_sha256_elapsed_ns,1091.0000000000
1135754,7444994497462,btc_qm_engine,btc_sha256_elapsed_ns,1095.0000000000
1135755,7444994497746,btc_qm_engine,btc_sha256_elapsed_ns,930.0000000000
1135756,7444994498108,btc_qm_engine,btc_sha256_nonce,2335688759.0000000000
1135757,7444994498229,btc_qm_engine,btc_sha256_nonce,1653684000.0000000000
1135758,7444994498449,btc_qm_engine,btc_sha256_nonce,818997500.0000000000
1135759,7444994498666,btc_qm_engine,btc_leading_zeros,0.0000000000
1135760,7444994498766,btc_qm_engine,btc_leading_zeros,4.0000000000
1135761,7444994498970,btc_qm_engine,btc_sha256_nonce,2599730936.0000000000
1135762,7444994499249,btc_qm_engine,btc_sha256_elapsed_ns,1009.0000000000
1135763,7444994499451,btc_qm_engine,btc_sha256_nonce,3871493451.0000000000
1135764,7444994499798,btc_qm_engine,btc_sha256_nonce,4129017316.0000000000
1135765,7444994499951,btc_qm_engine,btc_leading_zeros,1.0000000000
1135766,7444994500050,btc_qm_engine,btc_sha256_elapsed_ns,1078.0000000000
1135767,7444994500476,btc_qm_engine,btc_sha256_nonce,1589697348.0000000000
1135768,7444994500551,btc_qm_engine,btc_leading_zeros,0.0000000000
1135769,7444994500764,btc_qm_engine,btc_sha256_elapsed_ns,1075.0000000000
1135770,7444994501125,btc_qm_engine,btc_sha256_elapsed_ns,955.0000000000
1135771,7444994501246,btc_qm_engine,btc_leading_zeros,1.0000000000
1135772,7444994501345,btc_qm_engine,btc_sha256_elapsed_ns,1022.0000000000
1135773,7444994501769,btc_qm_engine,btc_sha256_nonce,1805094260.0000000000
1135774,7444994501899,btc_qm_engine,btc_leading_zeros,0.0000000000
1135775,7444994501969,btc_qm_engine,btc_sha256_elapsed_ns,1032.0000000000
1135776,7444994502278,btc_qm_engine,btc_leading_zeros,1.0000000000
1135777,7444994502390,btc_qm_engine,btc_sha256_elapsed_ns,1015.0000000000
1135778,7444994502522,btc_qm_engine,btc_sha256_nonce,653782789.0000000000
1135779,7444994502691,btc_qm_engine,btc_leading_zeros,1.0000000000
1135780,7444994502845,btc_qm_engine,btc_sha256_nonce,818895128.0000000000
1135781,7444994503308,btc_qm_engine,btc_sha256_nonce,1947518480.0000000000
1135782,7444994503531,btc_qm_engine,btc_leading_zeros,0.0000000000
1135783,7444994503621,btc_qm_engine,btc_sha256_elapsed_ns,994.0000000000
1135784,7444994503709,btc_qm_engine,btc_sha256_nonce,748960101.0000000000
1135785,7444994503836,btc_qm_engine,btc_leading_zeros,0.0000000000
1135786,7444994504324,btc_qm_engine,btc_sha256_elapsed_ns,1103.0000000000
1135787,7444994504490,btc_qm_engine,btc_sha256_nonce,3377999882.0000000000
1135788,7444994504622,btc_qm_engine,btc_leading_zeros,0.0000000000
1135789,7444994504957,btc_qm_engine,btc_sha256_nonce,2477678403.0000000000
1135790,7444994505242,btc_qm_engine,btc_sha256_nonce,3656102073.0000000000
1135791,7444994505425,btc_qm_engine,btc_leading_zeros,1.0000000000
1135792,7444994505500,btc_qm_engine,btc_sha256_elapsed_ns,1063.0000000000
1135793,7444994505689,btc_qm_engine,btc_leading_zeros,0.0000000000
1135794,7444994506125,btc_qm_engine,btc_sha256_elapsed_ns,889.0000000000
1135795,7444994506345,btc_qm_engine,btc_leading_zeros,4.0000000000
1135796,7444994506430,btc_qm_engine,btc_sha256_elapsed_ns,897.0000000000
1135797,7444994506747,btc_qm_engine,btc_leading_zeros,0.0000000000
1135798,7444994507114,btc_qm_engine,btc_sha256_elapsed_ns,939.0000000000
1135799,7444994507282,btc_qm_engine,btc_sha256_nonce,1120191771.0000000000
1135800,7444994507391,btc_qm_engine,btc_leading_zeros,0.0000000000
1135801,7444994507471,btc_qm_engine,btc_sha256_elapsed_ns,989.0000000000
1135802,7444994507804,btc_qm_engine,btc_sha256_nonce,745774727.0000000000
1135803,7444994507882,btc_qm_engine,btc_leading_zeros,0.0000000000
1135804,7444994507963,btc_qm_engine,btc_sha256_elapsed_ns,1101.0000000000
1135805,7444994508150,btc_qm_engine,btc_sha256_elapsed_ns,967.0000000000
1135806,7444994508420,btc_qm_engine,btc_sha256_nonce,4093585739.0000000000
1135807,7444994508505,btc_qm_engine,btc_leading_zeros,1.0000000000
1135808,7444994508578,btc_qm_engine,btc_sha256_elapsed_ns,1061.0000000000
1135809,7444994508731,btc_qm_engine,btc_sha256_nonce,817987663.0000000000
1135810,7444994508835,btc_qm_engine,btc_leading_zeros,0.0000000000
1135811,7444994508910,btc_qm_engine,btc_sha256_elapsed_ns,993.0000000000
1135812,7444994509116,btc_qm_engine,btc_sha256_nonce,1330967517.0000000000
1135813,7444994509327,btc_qm_engine,btc_sha256_nonce,96122506.0000000000
1135814,7444994509514,btc_qm_engine,btc_leading_zeros,1.0000000000
1135815,7444994509589,btc_qm_engine,btc_sha256_elapsed_ns,1071.0000000000
1135816,7444994509762,btc_qm_engine,btc_leading_zeros,0.0000000000
1135817,7444994510018,btc_qm_engine,btc_sha256_nonce,65937391.0000000000
1135818,7444994510116,btc_qm_engine,btc_leading_zeros,1.0000000000
1135819,7444994510382,btc_qm_engine,btc_sha256_elapsed_ns,1112.0000000000
1135820,7444994510510,btc_qm_engine,btc_sha256_nonce,317481547.0000000000
1135821,7444994510808,btc_qm_engine,btc_sha256_nonce,1704378720.0000000000
1135822,7444994510895,btc_qm_engine,btc_leading_zeros,1.0000000000
1135823,7444994510946,btc_qm_engine,btc_sha256_elapsed_ns,983.0000000000
1135824,7444994511194,btc_qm_engine,btc_sha256_elapsed_ns,1086.0000000000
1135825,7444994511511,btc_qm_engine,btc_sha256_elapsed_ns,1109.0000000000
1135826,7444994511819,btc_qm_engine,btc_sha256_nonce,776529515.0000000000
1135827,7444994512007,btc_qm_engine,btc_sha256_nonce,569212163.0000000000
1135828,7444994512282,btc_qm_engine,btc_leading_zeros,0.0000000000
1135829,7444994512490,btc_qm_engine,btc_leading_zeros,0.0000000000
1135830,7444994512677,btc_qm_engine,btc_sha256_nonce,1493887672.0000000000
1135831,7444994512802,btc_qm_engine,btc_sha256_elapsed_ns,990.0000000000
1135832,7444994512972,btc_qm_engine,btc_leading_zeros,0.0000000000
1135833,7444994513167,btc_qm_engine,btc_sha256_elapsed_ns,1056.0000000000
1135834,7444994513400,btc_qm_engine,btc_sha256_elapsed_ns,1012.0000000000
1135835,7444994513555,btc_qm_engine,btc_sha256_nonce,749204211.0000000000
1135836,7444994513632,btc_qm_engine,btc_leading_zeros,1.0000000000
1135837,7444994513771,btc_qm_engine,btc_sha256_elapsed_ns,1046.0000000000
1135838,7444994513889,btc_qm_engine,btc_sha256_nonce,2392825573.0000000000
1135839,7444994514136,btc_qm_engine,btc_sha256_nonce,2898635334.0000000000
1135840,7444994514307,btc_qm_engine,btc_leading_zeros,2.0000000000
1135841,7444994514377,btc_qm_engine,btc_sha256_elapsed_ns,920.0000000000
1135842,7444994514551,btc_qm_engine,btc_leading_zeros,0.0000000000
1135843,7444994515282,btc_qm_engine,btc_leading_zeros,0.0000000000
1135844,7444994515396,btc_qm_engine,btc_sha256_nonce,1587787122.0000000000
1135845,7444994515538,btc_qm_engine,btc_sha256_nonce,1220251113.0000000000
1135846,7444994515637,btc_qm_engine,btc_leading_zeros,1.0000000000
1135847,7444994515700,btc_qm_engine,btc_sha256_elapsed_ns,914.0000000000
1135848,7444994515957,btc_qm_engine,btc_sha256_elapsed_ns,1051.0000000000
1135849,7444994516052,btc_qm_engine,btc_leading_zeros,0.0000000000
1135850,7444994516134,btc_qm_engine,btc_sha256_elapsed_ns,906.0000000000
1135851,7444994516477,btc_qm_engine,btc_sha256_nonce,3922013815.0000000000
1135852,7444994516558,btc_qm_engine,btc_leading_zeros,0.0000000000
1135853,7444994516631,btc_qm_engine,btc_sha256_elapsed_ns,1149.0000000000
1135854,7444994517027,btc_qm_engine,btc_sha256_nonce,2444029299.0000000000
1135855,7444994517112,btc_qm_engine,btc_leading_zeros,1.0000000000
1135856,7444994517183,btc_qm_engine,btc_sha256_elapsed_ns,1093.0000000000
1135857,7444994517546,btc_qm_engine,btc_sha256_nonce,1331005398.0000000000
1135858,7444994517941,btc_qm_engine,btc_sha256_elapsed_ns,1104.0000000000
1135859,7444994518139,btc_qm_engine,btc_sha256_nonce,1279452454.0000000000
1135860,7444994518252,btc_qm_engine,btc_leading_zeros,1.0000000000
1135861,7444994518374,btc_qm_engine,btc_sha256_nonce,594027321.0000000000
1135862,7444994518580,btc_qm_engine,btc_sha256_nonce,3574089880.0000000000
1135863,7444994519254,btc_qm_engine,btc_leading_zeros,0.0000000000
1135864,7444994519433,btc_qm_engine,btc_leading_zeros,0.0000000000
1135865,7444994519602,btc_qm_engine,btc_sha256_elapsed_ns,924.0000000000
1135866,7444994519767,btc_qm_engine,btc_sha256_elapsed_ns,1031.0000000000
1135867,7444994520111,btc_qm_engine,btc_leading_zeros,3.0000000000
1135868,7444994520391,btc_qm_engine,btc_sha256_elapsed_ns,1105.0000000000
1135869,7444994520631,btc_qm_engine,btc_sha256_elapsed_ns,1043.0000000000
1135870,7444994520952,btc_qm_engine,btc_sha256_nonce,271189967.0000000000
1135871,7444994521306,btc_qm_engine,btc_leading_zeros,0.0000000000
1135872,7444994521514,btc_qm_engine,btc_sha256_nonce,302618077.0000000000
1135873,7444994521758,btc_qm_engine,btc_sha256_elapsed_ns,966.0000000000
1135874,7444994522007,btc_qm_engine,btc_leading_zeros,0.0000000000
1135875,7444994522188,btc_qm_engine,btc_sha256_elapsed_ns,1013.0000000000
1135876,7444994522965,btc_qm_engine,btc_sha256_nonce,3407351230.0000000000
1135877,7444994523197,btc_qm_engine,btc_sha256_nonce,2284571845.0000000000
1135878,7444994523289,btc_qm_engine,btc_sha256_nonce,922657920.0000000000
1135879,7444994523366,btc_qm_engine,btc_leading_zeros,1.0000000000
1135880,7444994523656,btc_qm_engine,btc_sha256_nonce,3535123599.0000000000
1135881,7444994523834,btc_qm_engine,btc_sha256_elapsed_ns,859.0000000000
1135882,7444994523969,btc_qm_engine,btc_leading_zeros,0.0000000000
1135883,7444994524044,btc_qm_engine,btc_sha256_elapsed_ns,1027.0000000000
1135884,7444994524184,btc_qm_engine,btc_sha256_nonce,3451491141.0000000000
1135885,7444994524453,btc_qm_engine,btc_leading_zeros,0.0000000000
1135886,7444994524623,btc_qm_engine,btc_leading_zeros,2.0000000000
1135887,7444994524729,btc_qm_engine,btc_sha256_elapsed_ns,1108.0000000000
1135888,7444994524959,btc_qm_engine,btc_leading_zeros,2.0000000000
1135889,7444994525130,btc_qm_engine,btc_sha256_elapsed_ns,1074.0000000000
1135890,7444994525413,btc_qm_engine,btc_sha256_elapsed_ns,1054.0000000000
1135891,7444994525627,btc_qm_engine,btc_leading_zeros,0.0000000000
1135892,7444994525829,btc_qm_engine,btc_sha256_nonce,2918144890.0000000000
1135893,7444994525923,btc_qm_engine,btc_leading_zeros,0.0000000000
1135894,7444994525982,btc_qm_engine,btc_sha256_elapsed_ns,1067.0000000000
1135895,7444994526092,btc_qm_engine,btc_sha256_nonce,748406008.0000000000
1135896,7444994526255,btc_qm_engine,btc_sha256_elapsed_ns,5819.0000000000
1135897,7444994526429,btc_qm_engine,btc_sha256_nonce,3986331038.0000000000
1135898,7444994526703,btc_qm_engine,btc_sha256_nonce,2747816513.0000000000
1135899,7444994526892,btc_qm_engine,btc_leading_zeros,0.0000000000
1135900,7444994527005,btc_qm_engine,btc_sha256_elapsed_ns,1054.0000000000
1135901,7444994527206,btc_qm_engine,btc_sha256_nonce,3981303048.0000000000
1135902,7444994527312,btc_qm_engine,btc_leading_zeros,0.0000000000
1135903,7444994527460,btc_qm_engine,btc_sha256_nonce,1946903162.0000000000
1135904,7444994527573,btc_qm_engine,btc_leading_zeros,1.0000000000
1135905,7444994527624,btc_qm_engine,btc_sha256_elapsed_ns,997.0000000000
1135906,7444994527833,btc_qm_engine,btc_sha256_nonce,1466339363.0000000000
1135907,7444994528340,btc_qm_engine,btc_sha256_nonce,3042971771.0000000000
1135908,7444994528429,btc_qm_engine,btc_leading_zeros,1.0000000000
1135909,7444994528499,btc_qm_engine,btc_sha256_elapsed_ns,1083.0000000000
1135910,7444994528662,btc_qm_engine,btc_leading_zeros,0.0000000000
1135911,7444994528827,btc_qm_engine,btc_sha256_nonce,3032085738.0000000000
1135912,7444994528899,btc_qm_engine,btc_leading_zeros,0.0000000000
1135913,7444994529128,btc_qm_engine,btc_sha256_elapsed_ns,1034.0000000000
1135914,7444994529370,btc_qm_engine,btc_sha256_elapsed_ns,940.0000000000
1135915,7444994529822,btc_qm_engine,btc_leading_zeros,0.0000000000
1135916,7444994530154,btc_qm_engine,btc_sha256_nonce,3698919174.0000000000
1135917,7444994530255,btc_qm_engine,btc_leading_zeros,1.0000000000
1135918,7444994530599,btc_qm_engine,btc_sha256_nonce,3588286696.0000000000
1135919,7444994530675,btc_qm_engine,btc_leading_zeros,0.0000000000
1135920,7444994530928,btc_qm_engine,btc_sha256_elapsed_ns,967.0000000000
1135921,7444994531312,btc_qm_engine,btc_sha256_nonce,3157588328.0000000000
1135922,7444994531525,btc_qm_engine,btc_sha256_elapsed_ns,980.0000000000
1135923,7444994531825,btc_qm_engine,btc_sha256_elapsed_ns,1079.0000000000
1135924,7444994532028,btc_qm_engine,btc_leading_zeros,0.0000000000
1135925,7444994532369,btc_qm_engine,btc_sha256_elapsed_ns,1060.0000000000
1135926,7444994532600,btc_qm_engine,btc_sha256_nonce,442863800.0000000000
1135927,7444994532680,btc_qm_engine,btc_leading_zeros,2.0000000000
1135928,7444994532843,btc_qm_engine,btc_sha256_elapsed_ns,976.0000000000
1135929,7444994533013,btc_qm_engine,btc_sha256_nonce,47760021.0000000000
1135930,7444994533186,btc_qm_engine,btc_sha256_nonce,815382879.0000000000
1135931,7444994533295,btc_qm_engine,btc_sha256_elapsed_ns,1088.0000000000
1135932,7444994533528,btc_qm_engine,btc_leading_zeros,0.0000000000
1135933,7444994534173,btc_qm_engine,btc_sha256_nonce,2335329587.0000000000
1135934,7444994534270,btc_qm_engine,btc_leading_zeros,2.0000000000
1135935,7444994534534,btc_qm_engine,btc_leading_zeros,0.0000000000
1135936,7444994534601,btc_qm_engine,btc_sha256_elapsed_ns,1038.0000000000
1135937,7444994534697,btc_qm_engine,btc_sha256_nonce,4094563122.0000000000
1135938,7444994534867,btc_qm_engine,btc_sha256_nonce,589707105.0000000000
1135939,7444994534946,btc_qm_engine,btc_leading_zeros,0.0000000000
1135940,7444994535016,btc_qm_engine,btc_sha256_elapsed_ns,1044.0000000000
1135941,7444994535146,btc_qm_engine,btc_leading_zeros,2.0000000000
1135942,7444994535414,btc_qm_engine,btc_leading_zeros,2.0000000000
1135943,7444994535506,btc_qm_engine,btc_sha256_elapsed_ns,1023.0000000000
1135944,7444994535628,btc_qm_engine,btc_sha256_elapsed_ns,908.0000000000
1135945,7444994535808,btc_qm_engine,btc_sha256_elapsed_ns,1011.0000000000
1135946,7444994536021,btc_qm_engine,btc_sha256_nonce,1755256222.0000000000
1135947,7444994536336,btc_qm_engine,btc_sha256_nonce,2458226569.0000000000
1135948,7444994536469,btc_qm_engine,btc_leading_zeros,0.0000000000
1135949,7444994536860,btc_qm_engine,btc_sha256_nonce,1316405139.0000000000
1135950,7444994536930,btc_qm_engine,btc_leading_zeros,2.0000000000
1135951,7444994537031,btc_qm_engine,btc_leading_zeros,1.0000000000
1135952,7444994537191,btc_qm_engine,btc_sha256_nonce,3979215104.0000000000
1135953,7444994537260,btc_qm_engine,btc_leading_zeros,0.0000000000
1135954,7444994537328,btc_qm_engine,btc_sha256_elapsed_ns,1088.0000000000
1135955,7444994537538,btc_qm_engine,btc_sha256_elapsed_ns,1008.0000000000
1135956,7444994537653,btc_qm_engine,btc_sha256_elapsed_ns,1060.0000000000
1135957,7444994537800,btc_qm_engine,btc_sha256_nonce,749543559.0000000000
1135958,7444994538147,btc_qm_engine,btc_leading_zeros,0.0000000000
1135959,7444994538367,btc_qm_engine,btc_sha256_elapsed_ns,1097.0000000000
1135960,7444994538492,btc_qm_engine,btc_sha256_nonce,3290283448.0000000000
1135961,7444994538565,btc_qm_engine,btc_leading_zeros,4.0000000000
1135962,7444994538635,btc_qm_engine,btc_sha256_elapsed_ns,924.0000000000
1135963,7444994538751,btc_qm_engine,btc_sha256_nonce,4258136704.0000000000
1135964,7444994538972,btc_qm_engine,btc_sha256_nonce,473042907.0000000000
1135965,7444994539048,btc_qm_engine,btc_leading_zeros,0.0000000000
1135966,7444994539170,btc_qm_engine,btc_leading_zeros,2.0000000000
1135967,7444994539766,btc_qm_engine,btc_sha256_nonce,2390817679.0000000000
1135968,7444994540000,btc_qm_engine,btc_sha256_elapsed_ns,736.0000000000
1135969,7444994540575,btc_qm_engine,btc_sha256_elapsed_ns,1016.0000000000
1135970,7444994540690,btc_qm_engine,btc_sha256_nonce,3860606930.0000000000
1135971,7444994541080,btc_qm_engine,btc_sha256_nonce,748691879.0000000000
1135972,7444994541165,btc_qm_engine,btc_leading_zeros,1.0000000000
1135973,7444994541253,btc_qm_engine,btc_sha256_elapsed_ns,1109.0000000000
1135974,7444994541423,btc_qm_engine,btc_leading_zeros,0.0000000000
1135975,7444994541496,btc_qm_engine,btc_sha256_elapsed_ns,1081.0000000000
1135976,7444994542343,btc_qm_engine,btc_leading_zeros,1.0000000000
1135977,7444994542456,btc_qm_engine,btc_sha256_elapsed_ns,962.0000000000
1135978,7444994542857,btc_qm_engine,btc_sha256_nonce,4111245713.0000000000
1135979,7444994542929,btc_qm_engine,btc_leading_zeros,4.0000000000
1135980,7444994543062,btc_qm_engine,btc_sha256_elapsed_ns,1093.0000000000
1135981,7444994543187,btc_qm_engine,btc_sha256_nonce,2897393419.0000000000
1135982,7444994543387,btc_qm_engine,btc_sha256_nonce,1267696749.0000000000
1135983,7444994543457,btc_qm_engine,btc_sha256_nonce,4002537912.0000000000
1135984,7444994543584,btc_qm_engine,btc_leading_zeros,0.0000000000
1135985,7444994543663,btc_qm_engine,btc_sha256_elapsed_ns,1105.0000000000
1135986,7444994543778,btc_qm_engine,btc_leading_zeros,2.0000000000
1135987,7444994544120,btc_qm_engine,btc_sha256_elapsed_ns,1116.0000000000
1135988,7444994544398,btc_qm_engine,btc_sha256_nonce,2844928491.0000000000
1135989,7444994544870,btc_qm_engine,btc_sha256_elapsed_ns,1033.0000000000
1135990,7444994545043,btc_qm_engine,btc_sha256_nonce,389817092.0000000000
1135991,7444994545286,btc_qm_engine,btc_leading_zeros,3.0000000000
1135992,7444994545445,btc_qm_engine,btc_sha256_nonce,1559679563.0000000000
1135993,7444994545636,btc_qm_engine,btc_sha256_elapsed_ns,1014.0000000000
1135994,7444994545796,btc_qm_engine,btc_sha256_nonce,1408300325.0000000000
1135995,7444994546261,btc_qm_engine,btc_sha256_elapsed_ns,1074.0000000000
1135996,7444994546491,btc_qm_engine,btc_leading_zeros,1.0000000000
1135997,7444994546996,btc_qm_engine,btc_sha256_nonce,1498209468.0000000000
1135998,7444994547224,btc_qm_engine,btc_sha256_elapsed_ns,1092.0000000000
1135999,7444994547377,btc_qm_engine,btc_sha256_nonce,2898116620.0000000000
1136000,7444994547473,btc_qm_engine,btc_leading_zeros,1.0000000000
1136001,7444994547574,btc_qm_engine,btc_leading_zeros,3.0000000000
1136002,7444994547653,btc_qm_engine,btc_sha256_elapsed_ns,989.0000000000
1136003,7444994547876,btc_qm_engine,btc_leading_zeros,3.0000000000
1136004,7444994548219,btc_qm_engine,btc_sha256_elapsed_ns,1081.0000000000
1136005,7444994548535,btc_qm_engine,btc_sha256_elapsed_ns,930.0000000000
1136006,7444994548876,btc_qm_engine,btc_sha256_nonce,3608928180.0000000000
1136007,7444994548957,btc_qm_engine,btc_leading_zeros,0.0000000000
1136008,7444994549133,btc_qm_engine,btc_sha256_nonce,242639505.0000000000
1136009,7444994549402,btc_qm_engine,btc_sha256_nonce,4040343221.0000000000
1136010,7444994549536,btc_qm_engine,btc_leading_zeros,0.0000000000
1136011,7444994549620,btc_qm_engine,btc_sha256_elapsed_ns,1098.0000000000
1136012,7444994549900,btc_qm_engine,btc_leading_zeros,0.0000000000
1136013,7444994550016,btc_qm_engine,btc_leading_zeros,2.0000000000
1136014,7444994550632,btc_qm_engine,btc_sha256_nonce,2602812758.0000000000
1136015,7444994550856,btc_qm_engine,btc_sha256_elapsed_ns,999.0000000000
1136016,7444994551041,btc_qm_engine,btc_sha256_elapsed_ns,1060.0000000000
1136017,7444994551216,btc_qm_engine,btc_leading_zeros,0.0000000000
1136018,7444994551309,btc_qm_engine,btc_sha256_elapsed_ns,1102.0000000000
1136019,7444994551463,btc_qm_engine,btc_sha256_nonce,3053105049.0000000000
1136020,7444994551791,btc_qm_engine,btc_leading_zeros,3.0000000000
1136021,7444994551864,btc_qm_engine,btc_sha256_elapsed_ns,1081.0000000000
1136022,7444994552539,btc_qm_engine,btc_sha256_nonce,3404216803.0000000000
1136023,7444994552630,btc_qm_engine,btc_leading_zeros,4.0000000000
1136024,7444994553071,btc_qm_engine,btc_sha256_elapsed_ns,936.0000000000
1136025,7444994553246,btc_qm_engine,btc_sha256_nonce,2926442047.0000000000
1136026,7444994553452,btc_qm_engine,btc_sha256_nonce,2876353650.0000000000
1136027,7444994553604,btc_qm_engine,btc_sha256_nonce,2794971841.0000000000
1136028,7444994553704,btc_qm_engine,btc_sha256_nonce,830196222.0000000000
1136029,7444994554408,btc_qm_engine,btc_leading_zeros,0.0000000000
1136030,7444994554608,btc_qm_engine,btc_sha256_nonce,41450162.0000000000
1136031,7444994554688,btc_qm_engine,btc_leading_zeros,0.0000000000
1136032,7444994555118,btc_qm_engine,btc_sha256_elapsed_ns,1032.0000000000
1136033,7444994555334,btc_qm_engine,btc_sha256_elapsed_ns,1081.0000000000
1136034,7444994555611,btc_qm_engine,btc_sha256_elapsed_ns,1040.0000000000
1136035,7444994556081,btc_qm_engine,btc_leading_zeros,1.0000000000
1136036,7444994556317,btc_qm_engine,btc_sha256_nonce,3171811493.0000000000
1136037,7444994556402,btc_qm_engine,btc_leading_zeros,3.0000000000
1136038,7444994556523,btc_qm_engine,btc_sha256_elapsed_ns,1127.0000000000
1136039,7444994556716,btc_qm_engine,btc_leading_zeros,1.0000000000
1136040,7444994557183,btc_qm_engine,btc_sha256_nonce,2440100951.0000000000
1136041,7444994557429,btc_qm_engine,btc_sha256_elapsed_ns,1083.0000000000
1136042,7444994557648,btc_qm_engine,btc_leading_zeros,2.0000000000
1136043,7444994557734,btc_qm_engine,btc_sha256_elapsed_ns,998.0000000000
1136044,7444994557847,btc_qm_engine,btc_sha256_nonce,1241980672.0000000000
1136045,7444994558145,btc_qm_engine,btc_sha256_nonce,748770054.0000000000
1136046,7444994558318,btc_qm_engine,btc_leading_zeros,0.0000000000
1136047,7444994558553,btc_qm_engine,btc_leading_zeros,0.0000000000
1136048,7444994559063,btc_qm_engine,btc_leading_zeros,0.0000000000
1136049,7444994559218,btc_qm_engine,btc_sha256_nonce,1741316223.0000000000
1136050,7444994559380,btc_qm_engine,btc_sha256_elapsed_ns,1028.0000000000
1136051,7444994559587,btc_qm_engine,btc_leading_zeros,0.0000000000
1136052,7444994559743,btc_qm_engine,btc_sha256_nonce,2676836270.0000000000
1136053,7444994560345,btc_qm_engine,btc_sha256_nonce,3047188734.0000000000
1136054,7444994560553,btc_qm_engine,btc_sha256_elapsed_ns,1004.0000000000
1136055,7444994560677,btc_qm_engine,btc_leading_zeros,0.0000000000
1136056,7444994560798,btc_qm_engine,btc_sha256_elapsed_ns,1055.0000000000
1136057,7444994560984,btc_qm_engine,btc_leading_zeros,0.0000000000
1136058,7444994561063,btc_qm_engine,btc_sha256_elapsed_ns,1120.0000000000
1136059,7444994561265,btc_qm_engine,btc_leading_zeros,4.0000000000
1136060,7444994561377,btc_qm_engine,btc_sha256_elapsed_ns,959.0000000000
1136061,7444994561727,btc_qm_engine,btc_sha256_nonce,235126645.0000000000
1136062,7444994562272,btc_qm_engine,btc_sha256_nonce,4271504832.0000000000
1136063,7444994562445,btc_qm_engine,btc_leading_zeros,1.0000000000
1136064,7444994562669,btc_qm_engine,btc_sha256_nonce,653695932.0000000000
1136065,7444994562944,btc_qm_engine,btc_sha256_nonce,3091058921.0000000000
1136066,7444994563044,btc_qm_engine,btc_sha256_nonce,514976937.0000000000
1136067,7444994563183,btc_qm_engine,btc_sha256_elapsed_ns,1011.0000000000
1136068,7444994563340,btc_qm_engine,btc_leading_zeros,0.0000000000
1136069,7444994563417,btc_qm_engine,btc_sha256_elapsed_ns,1083.0000000000
1136070,7444994563552,btc_qm_engine,btc_sha256_elapsed_ns,841.0000000000
1136071,7444994563790,btc_qm_engine,btc_leading_zeros,1.0000000000
1136072,7444994563877,btc_qm_engine,btc_leading_zeros,1.0000000000
1136073,7444994564013,btc_qm_engine,btc_leading_zeros,1.0000000000
1136074,7444994564098,btc_qm_engine,btc_sha256_elapsed_ns,925.0000000000
1136075,7444994564425,btc_qm_engine,btc_sha256_elapsed_ns,1002.0000000000
1136076,7444994564762,btc_qm_engine,btc_sha256_nonce,2322392495.0000000000
1136077,7444994564854,btc_qm_engine,btc_leading_zeros,1.0000000000
1136078,7444994564928,btc_qm_engine,btc_sha256_elapsed_ns,1076.0000000000
1136079,7444994565098,btc_qm_engine,btc_sha256_nonce,350735418.0000000000
1136080,7444994565245,btc_qm_engine,btc_leading_zeros,2.0000000000
1136081,7444994565487,btc_qm_engine,btc_sha256_nonce,2058956022.0000000000
1136082,7444994565633,btc_qm_engine,btc_sha256_elapsed_ns,747.0000000000
1136083,7444994565776,btc_qm_engine,btc_sha256_nonce,2821342154.0000000000
1136084,7444994565911,btc_qm_engine,btc_leading_zeros,0.0000000000
1136085,7444994566088,btc_qm_engine,btc_sha256_nonce,36633479.0000000000
1136086,7444994566361,btc_qm_engine,btc_sha256_elapsed_ns,876.0000000000
1136087,7444994566882,btc_qm_engine,btc_sha256_nonce,1218230584.0000000000
1136088,7444994567419,btc_qm_engine,btc_sha256_elapsed_ns,1019.0000000000
1136089,7444994567701,btc_qm_engine,btc_sha256_nonce,866166731.0000000000
1136090,7444994567956,btc_qm_engine,btc_leading_zeros,2.0000000000
1136091,7444994568148,btc_qm_engine,btc_leading_zeros,1.0000000000
1136092,7444994568334,btc_qm_engine,btc_sha256_elapsed_ns,922.0000000000
1136093,7444994568750,btc_qm_engine,btc_leading_zeros,0.0000000000
1136094,7444994569093,btc_qm_engine,btc_sha256_elapsed_ns,995.0000000000
1136095,7444994569286,btc_qm_engine,btc_sha256_elapsed_ns,966.0000000000
1136096,7444994569631,btc_qm_engine,btc_sha256_nonce,2898383870.0000000000
1136097,7444994569730,btc_qm_engine,btc_leading_zeros,2.0000000000
1136098,7444994569796,btc_qm_engine,btc_sha256_elapsed_ns,1046.0000000000
1136099,7444994570401,btc_qm_engine,btc_leading_zeros,4.0000000000
1136100,7444994570760,btc_qm_engine,btc_sha256_elapsed_ns,1034.0000000000
1136101,7444994570846,btc_qm_engine,btc_sha256_nonce,2334540543.0000000000
1136102,7444994570926,btc_qm_engine,btc_leading_zeros,1.0000000000
1136103,7444994570997,btc_qm_engine,btc_sha256_elapsed_ns,1062.0000000000
1136104,7444994571174,btc_qm_engine,btc_sha256_nonce,3843692705.0000000000
1136105,7444994571455,btc_qm_engine,btc_sha256_elapsed_ns,1084.0000000000
1136106,7444994571702,btc_qm_engine,btc_sha256_elapsed_ns,5163.0000000000
1136107,7444994572180,btc_qm_engine,btc_sha256_nonce,400647622.0000000000
1136108,7444994572346,btc_qm_engine,btc_sha256_nonce,2334794709.0000000000
1136109,7444994572727,btc_qm_engine,btc_leading_zeros,0.0000000000
1136110,7444994572955,btc_qm_engine,btc_leading_zeros,2.0000000000
1136111,7444994573306,btc_qm_engine,btc_sha256_nonce,875773391.0000000000
1136112,7444994573407,btc_qm_engine,btc_leading_zeros,1.0000000000
1136113,7444994573474,btc_qm_engine,btc_sha256_elapsed_ns,999.0000000000
1136114,7444994573777,btc_qm_engine,btc_sha256_nonce,2730875820.0000000000
1136115,7444994574194,btc_qm_engine,btc_sha256_nonce,2108529258.0000000000
1136116,7444994574736,btc_qm_engine,btc_leading_zeros,0.0000000000
1136117,7444994574821,btc_qm_engine,btc_sha256_elapsed_ns,1091.0000000000
1136118,7444994575013,btc_qm_engine,btc_leading_zeros,0.0000000000
1136119,7444994575196,btc_qm_engine,btc_sha256_elapsed_ns,1131.0000000000
1136120,7444994575667,btc_qm_engine,btc_sha256_elapsed_ns,925.0000000000
1136121,7444994575774,btc_qm_engine,btc_sha256_elapsed_ns,1066.0000000000
1136122,7444994576710,btc_qm_engine,btc_sha256_nonce,3068262317.0000000000
1136123,7444994576790,btc_qm_engine,btc_leading_zeros,1.0000000000
1136124,7444994576856,btc_qm_engine,btc_sha256_elapsed_ns,1086.0000000000
1136125,7444994577134,btc_qm_engine,btc_sha256_nonce,106790880.0000000000
1136126,7444994577303,btc_qm_engine,btc_leading_zeros,2.0000000000
1136127,7444994577508,btc_qm_engine,btc_sha256_nonce,2474618473.0000000000
1136128,7444994577597,btc_qm_engine,btc_leading_zeros,4.0000000000
1136129,7444994577713,btc_qm_engine,btc_sha256_elapsed_ns,1158.0000000000
1136130,7444994577822,btc_qm_engine,btc_sha256_nonce,817829613.0000000000
1136131,7444994577912,btc_qm_engine,btc_sha256_nonce,1836504217.0000000000
1136132,7444994578139,btc_qm_engine,btc_sha256_nonce,880410492.0000000000
1136133,7444994578276,btc_qm_engine,btc_leading_zeros,0.0000000000
1136134,7444994578443,btc_qm_engine,btc_leading_zeros,0.0000000000
1136135,7444994578619,btc_qm_engine,btc_sha256_elapsed_ns,1097.0000000000
1136136,7444994578865,btc_qm_engine,btc_sha256_nonce,899333603.0000000000
1136137,7444994578934,btc_qm_engine,btc_leading_zeros,0.0000000000
1136138,7444994578986,btc_qm_engine,btc_sha256_elapsed_ns,932.0000000000
1136139,7444994579162,btc_qm_engine,btc_sha256_elapsed_ns,1043.0000000000
1136140,7444994579282,btc_qm_engine,btc_sha256_nonce,2924924700.0000000000
1136141,7444994579706,btc_qm_engine,btc_sha256_nonce,1454708029.0000000000
1136142,7444994579800,btc_qm_engine,btc_leading_zeros,1.0000000000
1136143,7444994579864,btc_qm_engine,btc_sha256_elapsed_ns,874.0000000000
1136144,7444994580256,btc_qm_engine,btc_sha256_nonce,748558894.0000000000
1136145,7444994580306,btc_qm_engine,btc_leading_zeros,0.0000000000
1136146,7444994580357,btc_qm_engine,btc_sha256_elapsed_ns,743.0000000000
1136147,7444994580488,btc_qm_engine,btc_sha256_nonce,329185701.0000000000
1136148,7444994580560,btc_qm_engine,btc_leading_zeros,1.0000000000
1136149,7444994580632,btc_qm_engine,btc_sha256_elapsed_ns,1080.0000000000
1136150,7444994580812,btc_qm_engine,btc_sha256_nonce,2453327031.0000000000
1136151,7444994580895,btc_qm_engine,btc_leading_zeros,2.0000000000
1136152,7444994580945,btc_qm_engine,btc_sha256_elapsed_ns,732.0000000000
1136153,7444994581063,btc_qm_engine,btc_leading_zeros,1.0000000000
1136154,7444994581136,btc_qm_engine,btc_sha256_elapsed_ns,1146.0000000000
1136155,7444994581648,btc_qm_engine,btc_sha256_nonce,958685840.0000000000
1136156,7444994581945,btc_qm_engine,btc_sha256_nonce,653450416.0000000000
1136157,7444994582077,btc_qm_engine,btc_leading_zeros,1.0000000000
1136158,7444994582376,btc_qm_engine,btc_sha256_nonce,1594308366.0000000000
1136159,7444994582475,btc_qm_engine,btc_leading_zeros,1.0000000000
1136160,7444994582587,btc_qm_engine,btc_leading_zeros,0.0000000000
1136161,7444994582819,btc_qm_engine,btc_sha256_elapsed_ns,1035.0000000000
1136162,7444994582913,btc_qm_engine,btc_leading_zeros,1.0000000000
1136163,7444994583621,btc_qm_engine,btc_sha256_nonce,741228935.0000000000
1136164,7444994583961,btc_qm_engine,btc_leading_zeros,1.0000000000
1136165,7444994584077,btc_qm_engine,btc_sha256_elapsed_ns,981.0000000000
1136166,7444994584576,btc_qm_engine,btc_leading_zeros,0.0000000000
1136167,7444994584714,btc_qm_engine,btc_sha256_elapsed_ns,1068.0000000000
1136168,7444994584976,btc_qm_engine,btc_sha256_nonce,2120799753.0000000000
1136169,7444994585692,btc_qm_engine,btc_sha256_elapsed_ns,1048.0000000000
1136170,7444994585824,btc_qm_engine,btc_leading_zeros,1.0000000000
1136171,7444994585901,btc_qm_engine,btc_sha256_elapsed_ns,1035.0000000000
1136172,7444994586183,btc_qm_engine,btc_sha256_elapsed_ns,1093.0000000000
1136173,7444994586426,btc_qm_engine,btc_sha256_nonce,1796444413.0000000000
1136174,7444994586772,btc_qm_engine,btc_leading_zeros,0.0000000000
1136175,7444994586846,btc_qm_engine,btc_sha256_elapsed_ns,861.0000000000
1136176,7444994587251,btc_qm_engine,btc_sha256_nonce,2865506798.0000000000
1136177,7444994587340,btc_qm_engine,btc_leading_zeros,3.0000000000
1136178,7444994587404,btc_qm_engine,btc_sha256_elapsed_ns,1088.0000000000
1136179,7444994587549,btc_qm_engine,btc_sha256_nonce,3409295689.0000000000
1136180,7444994587639,btc_qm_engine,btc_leading_zeros,0.0000000000
1136181,7444994587824,btc_qm_engine,btc_sha256_nonce,2709392760.0000000000
1136182,7444994588136,btc_qm_engine,btc_sha256_nonce,1344373709.0000000000
1136183,7444994588231,btc_qm_engine,btc_leading_zeros,0.0000000000
1136184,7444994588365,btc_qm_engine,btc_leading_zeros,0.0000000000
1136185,7444994588452,btc_qm_engine,btc_sha256_elapsed_ns,1028.0000000000
1136186,7444994588566,btc_qm_engine,btc_sha256_elapsed_ns,1017.0000000000
1136187,7444994588698,btc_qm_engine,btc_sha256_nonce,2443218281.0000000000
1136188,7444994589088,btc_qm_engine,btc_sha256_elapsed_ns,1015.0000000000
1136189,7444994589232,btc_qm_engine,btc_leading_zeros,4.0000000000
1136190,7444994589324,btc_qm_engine,btc_sha256_elapsed_ns,1053.0000000000
1136191,7444994589400,btc_qm_engine,btc_sha256_nonce,2330492696.0000000000
1136192,7444994589829,btc_qm_engine,btc_sha256_nonce,1568579260.0000000000
1136193,7444994589968,btc_qm_engine,btc_leading_zeros,0.0000000000
1136194,7444994590459,btc_qm_engine,btc_sha256_nonce,2185177237.0000000000
1136195,7444994590614,btc_qm_engine,btc_sha256_elapsed_ns,1073.0000000000
1136196,7444994590792,btc_qm_engine,btc_sha256_elapsed_ns,1064.0000000000
1136197,7444994591059,btc_qm_engine,btc_leading_zeros,0.0000000000
1136198,7444994591265,btc_qm_engine,btc_leading_zeros,0.0000000000
1136199,7444994591562,btc_qm_engine,btc_sha256_elapsed_ns,1113.0000000000
1136200,7444994591678,btc_qm_engine,btc_sha256_elapsed_ns,1095.0000000000
1136201,7444994592138,btc_qm_engine,btc_sha256_nonce,653605531.0000000000
1136202,7444994592260,btc_qm_engine,btc_sha256_nonce,2957781037.0000000000
1136203,7444994592544,btc_qm_engine,btc_sha256_nonce,2335298507.0000000000
1136204,7444994592625,btc_qm_engine,btc_leading_zeros,3.0000000000
1136205,7444994592709,btc_qm_engine,btc_sha256_elapsed_ns,734.0000000000
1136206,7444994592810,btc_qm_engine,btc_leading_zeros,0.0000000000
1136207,7444994593064,btc_qm_engine,btc_leading_zeros,3.0000000000
1136208,7444994593258,btc_qm_engine,btc_sha256_elapsed_ns,1070.0000000000
1136209,7444994593578,btc_qm_engine,btc_sha256_nonce,1430807843.0000000000
1136210,7444994593770,btc_qm_engine,btc_sha256_elapsed_ns,1141.0000000000
1136211,7444994593982,btc_qm_engine,btc_sha256_nonce,2242214244.0000000000
1136212,7444994594465,btc_qm_engine,btc_sha256_elapsed_ns,1093.0000000000
1136213,7444994594599,btc_qm_engine,btc_leading_zeros,4.0000000000
1136214,7444994594744,btc_qm_engine,btc_leading_zeros,1.0000000000
1136215,7444994595096,btc_qm_engine,btc_sha256_elapsed_ns,1081.0000000000
1136216,7444994595329,btc_qm_engine,btc_sha256_elapsed_ns,865.0000000000
1136217,7444994595696,btc_qm_engine,btc_sha256_nonce,345556555.0000000000
1136218,7444994595957,btc_qm_engine,btc_sha256_nonce,1448280741.0000000000
1136219,7444994596255,btc_qm_engine,btc_sha256_nonce,749336204.0000000000
1136220,7444994596393,btc_qm_engine,btc_sha256_nonce,1335411702.0000000000
1136221,7444994596615,btc_qm_engine,btc_leading_zeros,0.0000000000
1136222,7444994596695,btc_qm_engine,btc_sha256_elapsed_ns,1010.0000000000
1136223,7444994596817,btc_qm_engine,btc_leading_zeros,0.0000000000
1136224,7444994597288,btc_qm_engine,btc_sha256_nonce,1684253907.0000000000
1136225,7444994597358,btc_qm_engine,btc_leading_zeros,0.0000000000
1136226,7444994597484,btc_qm_engine,btc_sha256_elapsed_ns,978.0000000000
1136227,7444994597849,btc_qm_engine,btc_sha256_nonce,1614293709.0000000000
1136228,7444994598135,btc_qm_engine,btc_sha256_nonce,3110599675.0000000000
1136229,7444994598561,btc_qm_engine,btc_leading_zeros,0.0000000000
1136230,7444994598725,btc_qm_engine,btc_leading_zeros,0.0000000000
1136231,7444994599393,btc_qm_engine,btc_leading_zeros,0.0000000000
1136232,7444994599617,btc_qm_engine,btc_sha256_elapsed_ns,1096.0000000000
1136233,7444994599814,btc_qm_engine,btc_sha256_elapsed_ns,968.0000000000
1136234,7444994600017,btc_qm_engine,btc_sha256_nonce,448934324.0000000000
1136235,7444994600097,btc_qm_engine,btc_leading_zeros,0.0000000000
1136236,7444994600191,btc_qm_engine,btc_sha256_elapsed_ns,1115.0000000000
1136237,7444994600381,btc_qm_engine,btc_sha256_nonce,3881922243.0000000000
1136238,7444994600985,btc_qm_engine,btc_sha256_nonce,1282098222.0000000000
1136239,7444994601140,btc_qm_engine,btc_leading_zeros,0.0000000000
1136240,7444994601445,btc_qm_engine,btc_sha256_nonce,3978264729.0000000000
1136241,7444994601562,btc_qm_engine,btc_leading_zeros,2.0000000000
1136242,7444994601894,btc_qm_engine,btc_leading_zeros,0.0000000000
1136243,7444994602149,btc_qm_engine,btc_leading_zeros,2.0000000000
1136244,7444994602376,btc_qm_engine,btc_sha256_elapsed_ns,901.0000000000
1136245,7444994602476,btc_qm_engine,btc_sha256_elapsed_ns,1111.0000000000
1136246,7444994602649,btc_qm_engine,btc_sha256_elapsed_ns,857.0000000000
1136247,7444994602739,btc_qm_engine,btc_sha256_nonce,2949139366.0000000000
1136248,7444994602869,btc_qm_engine,btc_sha256_elapsed_ns,873.0000000000
1136249,7444994603131,btc_qm_engine,btc_leading_zeros,1.0000000000
1136250,7444994603207,btc_qm_engine,btc_sha256_elapsed_ns,1050.0000000000
1136251,7444994603465,btc_qm_engine,btc_sha256_elapsed_ns,1090.0000000000
1136252,7444994603718,btc_qm_engine,btc_sha256_nonce,2251604651.0000000000
1136253,7444994603813,btc_qm_engine,btc_leading_zeros,0.0000000000
1136254,7444994603878,btc_qm_engine,btc_sha256_elapsed_ns,1086.0000000000
1136255,7444994603954,btc_qm_engine,btc_sha256_nonce,698091851.0000000000
1136256,7444994604028,btc_qm_engine,btc_leading_zeros,0.0000000000
1136257,7444994604129,btc_qm_engine,btc_sha256_elapsed_ns,1080.0000000000
1136258,7444994604332,btc_qm_engine,btc_sha256_elapsed_ns,923.0000000000
1136259,7444994604553,btc_qm_engine,btc_sha256_nonce,1425299732.0000000000
1136260,7444994604638,btc_qm_engine,btc_sha256_nonce,1972897300.0000000000
1136261,7444994604896,btc_qm_engine,btc_sha256_nonce,921676711.0000000000
1136262,7444994605070,btc_qm_engine,btc_sha256_nonce,1165321282.0000000000
1136263,7444994605341,btc_qm_engine,btc_leading_zeros,0.0000000000
1136264,7444994605418,btc_qm_engine,btc_sha256_elapsed_ns,1089.0000000000
1136265,7444994605701,btc_qm_engine,btc_leading_zeros,0.0000000000
1136266,7444994605904,btc_qm_engine,btc_sha256_nonce,818638586.0000000000
1136267,7444994605980,btc_qm_engine,btc_leading_zeros,0.0000000000
1136268,7444994606044,btc_qm_engine,btc_sha256_elapsed_ns,887.0000000000
1136269,7444994606197,btc_qm_engine,btc_sha256_nonce,2214975661.0000000000
1136270,7444994606430,btc_qm_engine,btc_sha256_elapsed_ns,1088.0000000000
1136271,7444994606634,btc_qm_engine,btc_sha256_nonce,697139899.0000000000
1136272,7444994606811,btc_qm_engine,btc_leading_zeros,3.0000000000
1136273,7444994607087,btc_qm_engine,btc_leading_zeros,0.0000000000
1136274,7444994607163,btc_qm_engine,btc_sha256_elapsed_ns,1053.0000000000
1136275,7444994607417,btc_qm_engine,btc_sha256_elapsed_ns,1014.0000000000
1136276,7444994607606,btc_qm_engine,btc_leading_zeros,0.0000000000
1136277,7444994608374,btc_qm_engine,btc_sha256_nonce,818300342.0000000000
1136278,7444994608552,btc_qm_engine,btc_sha256_elapsed_ns,1081.0000000000
1136279,7444994608679,btc_qm_engine,btc_sha256_nonce,2334832581.0000000000
1136280,7444994609370,btc_qm_engine,btc_sha256_nonce,776395162.0000000000
1136281,7444994609581,btc_qm_engine,btc_leading_zeros,0.0000000000
1136282,7444994609664,btc_qm_engine,btc_sha256_elapsed_ns,1042.0000000000
1136283,7444994609801,btc_qm_engine,btc_sha256_nonce,1233150956.0000000000
1136284,7444994609932,btc_qm_engine,btc_leading_zeros,1.0000000000
1136285,7444994610003,btc_qm_engine,btc_sha256_elapsed_ns,872.0000000000
1136286,7444994610166,btc_qm_engine,btc_leading_zeros,1.0000000000
1136287,7444994610281,btc_qm_engine,btc_sha256_elapsed_ns,949.0000000000
1136288,7444994610666,btc_qm_engine,btc_sha256_nonce,748879761.0000000000
1136289,7444994611039,btc_qm_engine,btc_leading_zeros,0.0000000000
1136290,7444994611354,btc_qm_engine,btc_leading_zeros,1.0000000000
1136291,7444994611549,btc_qm_engine,btc_sha256_nonce,1079061784.0000000000
1136292,7444994611760,btc_qm_engine,btc_sha256_nonce,3959894747.0000000000
1136293,7444994612321,btc_qm_engine,btc_sha256_nonce,2641083733.0000000000
1136294,7444994612411,btc_qm_engine,btc_sha256_elapsed_ns,1128.0000000000
1136295,7444994612589,btc_qm_engine,btc_leading_zeros,1.0000000000
1136296,7444994612764,btc_qm_engine,btc_leading_zeros,4.0000000000
1136297,7444994613081,btc_qm_engine,btc_sha256_elapsed_ns,942.0000000000
1136298,7444994613250,btc_qm_engine,btc_leading_zeros,4.0000000000
1136299,7444994613491,btc_qm_engine,btc_sha256_elapsed_ns,1107.0000000000
1136300,7444994613597,btc_qm_engine,btc_sha256_elapsed_ns,1058.0000000000
1136301,7444994613890,btc_qm_engine,btc_sha256_elapsed_ns,1007.0000000000
1136302,7444994614046,btc_qm_engine,btc_sha256_nonce,2196035535.0000000000
1136303,7444994614131,btc_qm_engine,btc_leading_zeros,0.0000000000
1136304,7444994614181,btc_qm_engine,btc_sha256_elapsed_ns,1062.0000000000
1136305,7444994614596,btc_qm_engine,btc_sha256_nonce,1544615294.0000000000
1136306,7444994614777,btc_qm_engine,btc_sha256_nonce,3928284202.0000000000
1136307,7444994614859,btc_qm_engine,btc_leading_zeros,0.0000000000
1136308,7444994615038,btc_qm_engine,btc_sha256_elapsed_ns,1061.0000000000
1136309,7444994615203,btc_qm_engine,btc_sha256_nonce,3344312352.0000000000
1136310,7444994615277,btc_qm_engine,btc_leading_zeros,1.0000000000
1136311,7444994615349,btc_qm_engine,btc_sha256_elapsed_ns,1043.0000000000
1136312,7444994615528,btc_qm_engine,btc_sha256_nonce,2456207291.0000000000
1136313,7444994615609,btc_qm_engine,btc_leading_zeros,1.0000000000
1136314,7444994615683,btc_qm_engine,btc_sha256_elapsed_ns,1104.0000000000
1136315,7444994615828,btc_qm_engine,btc_leading_zeros,0.0000000000
1136316,7444994616201,btc_qm_engine,btc_sha256_nonce,2777195088.0000000000
1136317,7444994616606,btc_qm_engine,btc_leading_zeros,0.0000000000
1136318,7444994616811,btc_qm_engine,btc_sha256_nonce,842464616.0000000000
1136319,7444994617027,btc_qm_engine,btc_leading_zeros,0.0000000000
1136320,7444994617278,btc_qm_engine,btc_leading_zeros,1.0000000000
1136321,7444994617353,btc_qm_engine,btc_sha256_elapsed_ns,1030.0000000000
1136322,7444994617513,btc_qm_engine,btc_sha256_elapsed_ns,1033.0000000000
1136323,7444994618107,btc_qm_engine,btc_sha256_nonce,3955594796.0000000000
1136324,7444994618476,btc_qm_engine,btc_leading_zeros,1.0000000000
1136325,7444994618550,btc_qm_engine,btc_sha256_elapsed_ns,1030.0000000000
1136326,7444994618965,btc_qm_engine,btc_sha256_nonce,411363207.0000000000
1136327,7444994619375,btc_qm_engine,btc_leading_zeros,0.0000000000
1136328,7444994619743,btc_qm_engine,btc_sha256_elapsed_ns,1080.0000000000
1136329,7444994620003,btc_qm_engine,btc_sha256_nonce,3956045564.0000000000
1136330,7444994620126,btc_qm_engine,btc_sha256_nonce,3614241324.0000000000
1136331,7444994620284,btc_qm_engine,btc_leading_zeros,0.0000000000
1136332,7444994620343,btc_qm_engine,btc_sha256_elapsed_ns,1042.0000000000
1136333,7444994620630,btc_qm_engine,btc_sha256_elapsed_ns,976.0000000000
1136334,7444994620791,btc_qm_engine,btc_sha256_nonce,2660053393.0000000000
1136335,7444994621112,btc_qm_engine,btc_leading_zeros,0.0000000000
1136336,7444994621165,btc_qm_engine,btc_sha256_elapsed_ns,1101.0000000000
1136337,7444994621652,btc_qm_engine,btc_leading_zeros,0.0000000000
1136338,7444994622153,btc_qm_engine,btc_sha256_nonce,3380925527.0000000000
1136339,7444994622336,btc_qm_engine,btc_sha256_elapsed_ns,1076.0000000000
1136340,7444994622529,btc_qm_engine,btc_leading_zeros,0.0000000000
1136341,7444994622697,btc_qm_engine,btc_sha256_elapsed_ns,1046.0000000000
1136342,7444994622939,btc_qm_engine,btc_sha256_elapsed_ns,1008.0000000000
1136343,7444994623460,btc_qm_engine,btc_sha256_nonce,966488154.0000000000
1136344,7444994623646,btc_qm_engine,btc_sha256_nonce,1504461555.0000000000
1136345,7444994623726,btc_qm_engine,btc_leading_zeros,1.0000000000
1136346,7444994623809,btc_qm_engine,btc_sha256_elapsed_ns,1048.0000000000
1136347,7444994623982,btc_qm_engine,btc_sha256_nonce,775979594.0000000000
1136348,7444994624468,btc_qm_engine,btc_sha256_nonce,1803168386.0000000000
1136349,7444994625056,btc_qm_engine,btc_leading_zeros,0.0000000000
1136350,7444994625237,btc_qm_engine,btc_sha256_nonce,1406097660.0000000000
1136351,7444994625555,btc_qm_engine,btc_sha256_elapsed_ns,1024.0000000000
1136352,7444994625688,btc_qm_engine,btc_sha256_nonce,749264469.0000000000
1136353,7444994626019,btc_qm_engine,btc_leading_zeros,4.0000000000
1136354,7444994626370,btc_qm_engine,btc_sha256_elapsed_ns,1059.0000000000
1136355,7444994626576,btc_qm_engine,btc_leading_zeros,0.0000000000
1136356,7444994626658,btc_qm_engine,btc_sha256_elapsed_ns,1062.0000000000
1136357,7444994626808,btc_qm_engine,btc_leading_zeros,4.0000000000
1136358,7444994627086,btc_qm_engine,btc_sha256_nonce,3250448854.0000000000
1136359,7444994627720,btc_qm_engine,btc_sha256_elapsed_ns,1065.0000000000
1136360,7444994627944,btc_qm_engine,btc_leading_zeros,0.0000000000
1136361,7444994628349,btc_qm_engine,btc_sha256_nonce,2154291089.0000000000
1136362,7444994628490,btc_qm_engine,btc_sha256_nonce,2898268711.0000000000
1136363,7444994628944,btc_qm_engine,btc_leading_zeros,2.0000000000
1136364,7444994629099,btc_qm_engine,btc_leading_zeros,3.0000000000
1136365,7444994629174,btc_qm_engine,btc_sha256_nonce,11777837.0000000000
1136366,7444994629369,btc_qm_engine,btc_sha256_nonce,1330055642.0000000000
1136367,7444994629619,btc_qm_engine,btc_leading_zeros,0.0000000000
1136368,7444994629824,btc_qm_engine,btc_leading_zeros,2.0000000000
1136369,7444994630066,btc_qm_engine,btc_sha256_elapsed_ns,1072.0000000000
1136370,7444994630499,btc_qm_engine,btc_leading_zeros,1.0000000000
1136371,7444994630844,btc_qm_engine,btc_sha256_elapsed_ns,1119.0000000000
1136372,7444994631476,btc_qm_engine,btc_sha256_elapsed_ns,1090.0000000000
1136373,7444994631715,btc_qm_engine,btc_sha256_nonce,1749993626.0000000000
1136374,7444994632010,btc_qm_engine,btc_sha256_nonce,2594934410.0000000000
1136375,7444994632132,btc_qm_engine,btc_sha256_nonce,1330402021.0000000000
1136376,7444994632211,btc_qm_engine,btc_leading_zeros,0.0000000000
1136377,7444994632281,btc_qm_engine,btc_sha256_elapsed_ns,1028.0000000000
1136378,7444994632533,btc_qm_engine,btc_leading_zeros,0.0000000000
1136379,7444994632604,btc_qm_engine,btc_sha256_elapsed_ns,1124.0000000000
1136380,7444994633010,btc_qm_engine,btc_sha256_nonce,3604574790.0000000000
1136381,7444994633082,btc_qm_engine,btc_leading_zeros,0.0000000000
1136382,7444994633131,btc_qm_engine,btc_sha256_elapsed_ns,779.0000000000
1136383,7444994633632,btc_qm_engine,btc_sha256_nonce,3206328473.0000000000
1136384,7444994633715,btc_qm_engine,btc_leading_zeros,0.0000000000
1136385,7444994633791,btc_qm_engine,btc_sha256_elapsed_ns,1106.0000000000
1136386,7444994633910,btc_qm_engine,btc_sha256_nonce,2058378143.0000000000
1136387,7444994634005,btc_qm_engine,btc_leading_zeros,4.0000000000
1136388,7444994634481,btc_qm_engine,btc_sha256_elapsed_ns,1066.0000000000
1136389,7444994634907,btc_qm_engine,btc_leading_zeros,0.0000000000
1136390,7444994635065,btc_qm_engine,btc_sha256_nonce,1330483643.0000000000
1136391,7444994635824,btc_qm_engine,btc_sha256_nonce,1642254464.0000000000
1136392,7444994635956,btc_qm_engine,btc_leading_zeros,1.0000000000
1136393,7444994636021,btc_qm_engine,btc_sha256_elapsed_ns,976.0000000000
1136394,7444994636259,btc_qm_engine,btc_leading_zeros,0.0000000000
1136395,7444994636328,btc_qm_engine,btc_sha256_elapsed_ns,738.0000000000
1136396,7444994637134,btc_qm_engine,btc_sha256_nonce,1826968152.0000000000
1136397,7444994637408,btc_qm_engine,btc_sha256_nonce,3728462603.0000000000
1136398,7444994637480,btc_qm_engine,btc_leading_zeros,2.0000000000
1136399,7444994637563,btc_qm_engine,btc_sha256_elapsed_ns,944.0000000000
1136400,7444994637651,btc_qm_engine,btc_sha256_elapsed_ns,939.0000000000
1136401,7444994637824,btc_qm_engine,btc_leading_zeros,0.0000000000
1136402,7444994637936,btc_qm_engine,btc_sha256_nonce,809809077.0000000000
1136403,7444994638010,btc_qm_engine,btc_leading_zeros,3.0000000000
1136404,7444994638085,btc_qm_engine,btc_sha256_elapsed_ns,953.0000000000
1136405,7444994638255,btc_qm_engine,btc_sha256_elapsed_ns,891.0000000000
1136406,7444994639177,btc_qm_engine,btc_sha256_elapsed_ns,1027.0000000000
1136407,7444994639470,btc_qm_engine,btc_sha256_nonce,2783926525.0000000000
1136408,7444994639569,btc_qm_engine,btc_sha256_nonce,3906242529.0000000000
1136409,7444994639681,btc_qm_engine,btc_sha256_nonce,3788432172.0000000000
1136410,7444994639930,btc_qm_engine,btc_leading_zeros,0.0000000000
1136411,7444994640067,btc_qm_engine,btc_leading_zeros,1.0000000000
1136412,7444994640144,btc_qm_engine,btc_sha256_elapsed_ns,1078.0000000000
1136413,7444994640358,btc_qm_engine,btc_sha256_elapsed_ns,1086.0000000000
1136414,7444994640495,btc_qm_engine,btc_sha256_elapsed_ns,1075.0000000000
1136415,7444994640796,btc_qm_engine,btc_leading_zeros,4.0000000000
1136416,7444994640917,btc_qm_engine,btc_sha256_nonce,4186802243.0000000000
1136417,7444994640995,btc_qm_engine,btc_leading_zeros,0.0000000000
1136418,7444994641068,btc_qm_engine,btc_sha256_elapsed_ns,1029.0000000000
1136419,7444994641283,btc_qm_engine,btc_sha256_elapsed_ns,1116.0000000000
1136420,7444994641445,btc_qm_engine,btc_sha256_nonce,2334929461.0000000000
1136421,7444994641525,btc_qm_engine,btc_leading_zeros,0.0000000000
1136422,7444994641659,btc_qm_engine,btc_sha256_elapsed_ns,1041.0000000000
1136423,7444994641915,btc_qm_engine,btc_sha256_nonce,2087556291.0000000000
1136424,7444994642045,btc_qm_engine,btc_leading_zeros,0.0000000000
1136425,7444994642213,btc_qm_engine,btc_sha256_nonce,607845355.0000000000
1136426,7444994642346,btc_qm_engine,btc_sha256_nonce,1418330772.0000000000
1136427,7444994642552,btc_qm_engine,btc_sha256_nonce,624046142.0000000000
1136428,7444994642626,btc_qm_engine,btc_leading_zeros,0.0000000000
1136429,7444994642696,btc_qm_engine,btc_sha256_elapsed_ns,1015.0000000000
1136430,7444994642984,btc_qm_engine,btc_sha256_elapsed_ns,816.0000000000
1136431,7444994643332,btc_qm_engine,btc_sha256_nonce,327967433.0000000000
1136432,7444994643415,btc_qm_engine,btc_leading_zeros,2.0000000000
1136433,7444994643485,btc_qm_engine,btc_sha256_elapsed_ns,987.0000000000
1136434,7444994643686,btc_qm_engine,btc_sha256_nonce,3750245225.0000000000
1136435,7444994643763,btc_qm_engine,btc_leading_zeros,2.0000000000
1136436,7444994643816,btc_qm_engine,btc_sha256_elapsed_ns,736.0000000000
1136437,7444994644001,btc_qm_engine,btc_leading_zeros,0.0000000000
1136438,7444994644355,btc_qm_engine,btc_sha256_elapsed_ns,987.0000000000
1136439,7444994644869,btc_qm_engine,btc_sha256_elapsed_ns,1063.0000000000
1136440,7444994644992,btc_qm_engine,btc_sha256_nonce,2126618268.0000000000
1136441,7444994645064,btc_qm_engine,btc_leading_zeros,0.0000000000
1136442,7444994645133,btc_qm_engine,btc_sha256_elapsed_ns,748.0000000000
1136443,7444994645279,btc_qm_engine,btc_sha256_nonce,2059463934.0000000000
1136444,7444994645670,btc_qm_engine,btc_leading_zeros,0.0000000000
1136445,7444994646166,btc_qm_engine,btc_sha256_nonce,2898455391.0000000000
1136446,7444994646304,btc_qm_engine,btc_sha256_elapsed_ns,842.0000000000
1136447,7444994646537,btc_qm_engine,btc_sha256_nonce,604841620.0000000000
1136448,7444994646756,btc_qm_engine,btc_leading_zeros,2.0000000000
1136449,7444994647007,btc_qm_engine,btc_sha256_nonce,948759956.0000000000
1136450,7444994647181,btc_qm_engine,btc_sha256_nonce,3950095649.0000000000
1136451,7444994647369,btc_qm_engine,btc_sha256_elapsed_ns,1000.0000000000
1136452,7444994647583,btc_qm_engine,btc_sha256_nonce,2058364298.0000000000
1136453,7444994647944,btc_qm_engine,btc_leading_zeros,1.0000000000
1136454,7444994648034,btc_qm_engine,btc_leading_zeros,4.0000000000
1136455,7444994648208,btc_qm_engine,btc_leading_zeros,1.0000000000
1136456,7444994648495,btc_qm_engine,btc_sha256_elapsed_ns,1102.0000000000
1136457,7444994648634,btc_qm_engine,btc_sha256_nonce,748971613.0000000000
1136458,7444994648777,btc_qm_engine,btc_sha256_elapsed_ns,988.0000000000
1136459,7444994648955,btc_qm_engine,btc_sha256_nonce,1657202404.0000000000
1136460,7444994649182,btc_qm_engine,btc_leading_zeros,2.0000000000
1136461,7444994649380,btc_qm_engine,btc_leading_zeros,0.0000000000
1136462,7444994649462,btc_qm_engine,btc_sha256_elapsed_ns,1025.0000000000
1136463,7444994649718,btc_qm_engine,btc_sha256_elapsed_ns,1025.0000000000
1136464,7444994649888,btc_qm_engine,btc_sha256_nonce,2789323253.0000000000
1136465,7444994649962,btc_qm_engine,btc_leading_zeros,4.0000000000
1136466,7444994650032,btc_qm_engine,btc_sha256_elapsed_ns,1114.0000000000
1136467,7444994650283,btc_qm_engine,btc_sha256_nonce,461343158.0000000000
1136468,7444994650363,btc_qm_engine,btc_leading_zeros,3.0000000000
1136469,7444994650438,btc_qm_engine,btc_sha256_elapsed_ns,998.0000000000
1136470,7444994650850,btc_qm_engine,btc_sha256_nonce,2529005773.0000000000
1136471,7444994650963,btc_qm_engine,btc_leading_zeros,2.0000000000
1136472,7444994651031,btc_qm_engine,btc_sha256_elapsed_ns,1106.0000000000
1136473,7444994651216,btc_qm_engine,btc_leading_zeros,3.0000000000
1136474,7444994651413,btc_qm_engine,btc_sha256_nonce,1168981385.0000000000
1136475,7444994651598,btc_qm_engine,btc_sha256_elapsed_ns,1079.0000000000
1136476,7444994651762,btc_qm_engine,btc_sha256_nonce,2753306067.0000000000
1136477,7444994651832,btc_qm_engine,btc_leading_zeros,0.0000000000
1136478,7444994652001,btc_qm_engine,btc_leading_zeros,1.0000000000
1136479,7444994652195,btc_qm_engine,btc_sha256_elapsed_ns,1044.0000000000
1136480,7444994652329,btc_qm_engine,btc_sha256_nonce,2294528349.0000000000
1136481,7444994652604,btc_qm_engine,btc_sha256_elapsed_ns,1079.0000000000
1136482,7444994653086,btc_qm_engine,btc_sha256_nonce,4086101175.0000000000
1136483,7444994653157,btc_qm_engine,btc_leading_zeros,1.0000000000
1136484,7444994653628,btc_qm_engine,btc_sha256_nonce,1213139274.0000000000
1136485,7444994653701,btc_qm_engine,btc_leading_zeros,0.0000000000
1136486,7444994653876,btc_qm_engine,btc_sha256_elapsed_ns,970.0000000000
1136487,7444994654017,btc_qm_engine,btc_leading_zeros,4.0000000000
1136488,7444994654597,btc_qm_engine,btc_sha256_elapsed_ns,1086.0000000000
1136489,7444994654696,btc_qm_engine,btc_sha256_elapsed_ns,843.0000000000
1136490,7444994654858,btc_qm_engine,btc_sha256_elapsed_ns,1068.0000000000
1136491,7444994655809,btc_qm_engine,btc_sha256_nonce,362125226.0000000000
1136492,7444994655878,btc_qm_engine,btc_leading_zeros,1.0000000000
1136493,7444994655944,btc_qm_engine,btc_sha256_elapsed_ns,745.0000000000
1136494,7444994656140,btc_qm_engine,btc_sha256_nonce,2145564234.0000000000
1136495,7444994656373,btc_qm_engine,btc_leading_zeros,0.0000000000
1136496,7444994656787,btc_qm_engine,btc_sha256_nonce,861696377.0000000000
1136497,7444994656941,btc_qm_engine,btc_sha256_elapsed_ns,1008.0000000000
1136498,7444994657220,btc_qm_engine,btc_sha256_nonce,2335568517.0000000000
1136499,7444994657302,btc_qm_engine,btc_leading_zeros,0.0000000000
1136500,7444994657578,btc_qm_engine,btc_leading_zeros,0.0000000000
1136501,7444994657791,btc_qm_engine,btc_sha256_nonce,775587726.0000000000
1136502,7444994657901,btc_qm_engine,btc_leading_zeros,1.0000000000
1136503,7444994657990,btc_qm_engine,btc_sha256_elapsed_ns,1014.0000000000
1136504,7444994658206,btc_qm_engine,btc_sha256_elapsed_ns,1071.0000000000
1136505,7444994658393,btc_qm_engine,btc_sha256_nonce,689398629.0000000000
1136506,7444994658621,btc_qm_engine,btc_leading_zeros,1.0000000000
1136507,7444994658719,btc_qm_engine,btc_leading_zeros,2.0000000000
1136508,7444994658792,btc_qm_engine,btc_sha256_elapsed_ns,1073.0000000000
1136509,7444994659021,btc_qm_engine,btc_sha256_elapsed_ns,1048.0000000000
1136510,7444994659171,btc_qm_engine,btc_sha256_nonce,387741357.0000000000
1136511,7444994659676,btc_qm_engine,btc_leading_zeros,1.0000000000
1136512,7444994659738,btc_qm_engine,btc_sha256_elapsed_ns,1104.0000000000
1136513,7444994659890,btc_qm_engine,btc_sha256_nonce,3721813620.0000000000
1136514,7444994660264,btc_qm_engine,btc_sha256_nonce,562561610.0000000000
1136515,7444994660455,btc_qm_engine,btc_leading_zeros,0.0000000000
1136516,7444994660545,btc_qm_engine,btc_sha256_elapsed_ns,1088.0000000000
1136517,7444994660713,btc_qm_engine,btc_leading_zeros,0.0000000000
1136518,7444994661016,btc_qm_engine,btc_sha256_nonce,3613847946.0000000000
1136519,7444994661146,btc_qm_engine,btc_sha256_elapsed_ns,890.0000000000
1136520,7444994661346,btc_qm_engine,btc_leading_zeros,1.0000000000
1136521,7444994661442,btc_qm_engine,btc_sha256_elapsed_ns,1021.0000000000
1136522,7444994661869,btc_qm_engine,btc_sha256_nonce,818134169.0000000000
1136523,7444994662186,btc_qm_engine,btc_sha256_nonce,711939095.0000000000
1136524,7444994662370,btc_qm_engine,btc_leading_zeros,0.0000000000
1136525,7444994662484,btc_qm_engine,btc_sha256_nonce,749287838.0000000000
1136526,7444994662564,btc_qm_engine,btc_leading_zeros,0.0000000000
1136527,7444994662661,btc_qm_engine,btc_sha256_elapsed_ns,1083.0000000000
1136528,7444994662740,btc_qm_engine,btc_sha256_nonce,2095178045.0000000000
1136529,7444994662880,btc_qm_engine,btc_sha256_elapsed_ns,1081.0000000000
1136530,7444994663063,btc_qm_engine,btc_sha256_nonce,1330655078.0000000000
1136531,7444994663276,btc_qm_engine,btc_sha256_elapsed_ns,1049.0000000000
1136532,7444994663742,btc_qm_engine,btc_sha256_nonce,4147780396.0000000000
1136533,7444994663811,btc_qm_engine,btc_leading_zeros,1.0000000000
1136534,7444994663989,btc_qm_engine,btc_sha256_elapsed_ns,854.0000000000
1136535,7444994664266,btc_qm_engine,btc_sha256_nonce,2419029089.0000000000
1136536,7444994664373,btc_qm_engine,btc_leading_zeros,1.0000000000
1136537,7444994664447,btc_qm_engine,btc_sha256_elapsed_ns,1067.0000000000
1136538,7444994664627,btc_qm_engine,btc_sha256_nonce,1884543680.0000000000
1136539,7444994665013,btc_qm_engine,btc_leading_zeros,1.0000000000
1136540,7444994665204,btc_qm_engine,btc_leading_zeros,0.0000000000
1136541,7444994665420,btc_qm_engine,btc_sha256_nonce,1856240339.0000000000
1136542,7444994665743,btc_qm_engine,btc_sha256_nonce,749481039.0000000000
1136543,7444994665908,btc_qm_engine,btc_sha256_elapsed_ns,940.0000000000
1136544,7444994666105,btc_qm_engine,btc_sha256_nonce,3551106752.0000000000
1136545,7444994666293,btc_qm_engine,btc_sha256_elapsed_ns,1003.0000000000
1136546,7444994666444,btc_qm_engine,btc_leading_zeros,0.0000000000
1136547,7444994666517,btc_qm_engine,btc_sha256_elapsed_ns,1047.0000000000
1136548,7444994666689,btc_qm_engine,btc_leading_zeros,0.0000000000
1136549,7444994666796,btc_qm_engine,btc_sha256_nonce,653940198.0000000000
1136550,7444994667000,btc_qm_engine,btc_leading_zeros,0.0000000000
1136551,7444994667284,btc_qm_engine,btc_sha256_elapsed_ns,762.0000000000
1136552,7444994667457,btc_qm_engine,btc_sha256_elapsed_ns,1080.0000000000
1136553,7444994667668,btc_qm_engine,btc_leading_zeros,1.0000000000
1136554,7444994668015,btc_qm_engine,btc_sha256_nonce,835444655.0000000000
1136555,7444994668177,btc_qm_engine,btc_sha256_nonce,2059475830.0000000000
1136556,7444994668451,btc_qm_engine,btc_sha256_nonce,993240044.0000000000
1136557,7444994668594,btc_qm_engine,btc_leading_zeros,4.0000000000
1136558,7444994668875,btc_qm_engine,btc_leading_zeros,0.0000000000
1136559,7444994669120,btc_qm_engine,btc_leading_zeros,2.0000000000
1136560,7444994669303,btc_qm_engine,btc_sha256_nonce,749121209.0000000000
1136561,7444994669518,btc_qm_engine,btc_sha256_elapsed_ns,1072.0000000000
1136562,7444994669691,btc_qm_engine,btc_sha256_elapsed_ns,866.0000000000
1136563,7444994670304,btc_qm_engine,btc_sha256_elapsed_ns,740.0000000000
1136564,7444994670604,btc_qm_engine,btc_leading_zeros,4.0000000000
1136565,7444994670930,btc_qm_engine,btc_sha256_elapsed_ns,806.0000000000
1136566,7444994671456,btc_qm_engine,btc_sha256_nonce,2481664484.0000000000
1136567,7444994671536,btc_qm_engine,btc_leading_zeros,1.0000000000
1136568,7444994671610,btc_qm_engine,btc_sha256_elapsed_ns,1038.0000000000
1136569,7444994671742,btc_qm_engine,btc_sha256_nonce,2371658583.0000000000
1136570,7444994671819,btc_qm_engine,btc_leading_zeros,2.0000000000
1136571,7444994672155,btc_qm_engine,btc_sha256_elapsed_ns,1094.0000000000
1136572,7444994672843,btc_qm_engine,btc_leading_zeros,3.0000000000
1136573,7444994673326,btc_qm_engine,btc_sha256_nonce,1472115282.0000000000
1136574,7444994673515,btc_qm_engine,btc_sha256_nonce,2945678406.0000000000
1136575,7444994673763,btc_qm_engine,btc_sha256_nonce,2932816762.0000000000
1136576,7444994674092,btc_qm_engine,btc_sha256_nonce,3127556046.0000000000
1136577,7444994674164,btc_qm_engine,btc_leading_zeros,2.0000000000
1136578,7444994674223,btc_qm_engine,btc_sha256_elapsed_ns,880.0000000000
1136579,7444994674541,btc_qm_engine,btc_leading_zeros,1.0000000000
1136580,7444994674635,btc_qm_engine,btc_sha256_elapsed_ns,1107.0000000000
1136581,7444994674840,btc_qm_engine,btc_leading_zeros,0.0000000000
1136582,7444994674995,btc_qm_engine,btc_sha256_nonce,1330692360.0000000000
1136583,7444994675097,btc_qm_engine,btc_leading_zeros,0.0000000000
1136584,7444994675147,btc_qm_engine,btc_sha256_elapsed_ns,834.0000000000
1136585,7444994675220,btc_qm_engine,btc_leading_zeros,2.0000000000
1136586,7444994675406,btc_qm_engine,btc_sha256_elapsed_ns,1073.0000000000
1136587,7444994675663,btc_qm_engine,btc_sha256_elapsed_ns,993.0000000000
1136588,7444994675841,btc_qm_engine,btc_sha256_nonce,2335679949.0000000000
1136589,7444994675959,btc_qm_engine,btc_sha256_nonce,1940258817.0000000000
1136590,7444994676036,btc_qm_engine,btc_leading_zeros,0.0000000000
1136591,7444994676108,btc_qm_engine,btc_sha256_elapsed_ns,989.0000000000
1136592,7444994676240,btc_qm_engine,btc_leading_zeros,3.0000000000
1136593,7444994676315,btc_qm_engine,btc_sha256_elapsed_ns,967.0000000000
1136594,7444994676424,btc_qm_engine,btc_sha256_nonce,1663035674.0000000000
1136595,7444994676505,btc_qm_engine,btc_leading_zeros,1.0000000000
1136596,7444994676573,btc_qm_engine,btc_sha256_elapsed_ns,1073.0000000000
1136597,7444994676832,btc_qm_engine,btc_sha256_elapsed_ns,1075.0000000000
1136598,7444994677072,btc_qm_engine,btc_sha256_nonce,4218506152.0000000000
1136599,7444994677416,btc_qm_engine,btc_sha256_nonce,1522457305.0000000000
1136600,7444994677494,btc_qm_engine,btc_leading_zeros,0.0000000000
1136601,7444994677698,btc_qm_engine,btc_sha256_nonce,3489533691.0000000000
1136602,7444994677907,btc_qm_engine,btc_sha256_nonce,2965562344.0000000000
1136603,7444994677985,btc_qm_engine,btc_leading_zeros,1.0000000000
1136604,7444994678051,btc_qm_engine,btc_sha256_elapsed_ns,1088.0000000000
1136605,7444994678266,btc_qm_engine,btc_sha256_elapsed_ns,1068.0000000000
1136606,7444994678368,btc_qm_engine,btc_leading_zeros,0.0000000000
1136607,7444994678521,btc_qm_engine,btc_sha256_nonce,1007247636.0000000000
1136608,7444994678934,btc_qm_engine,btc_leading_zeros,1.0000000000
1136609,7444994679174,btc_qm_engine,btc_sha256_elapsed_ns,1091.0000000000
1136610,7444994679322,btc_qm_engine,btc_leading_zeros,0.0000000000
1136611,7444994679399,btc_qm_engine,btc_sha256_elapsed_ns,1059.0000000000
1136612,7444994679563,btc_qm_engine,btc_sha256_elapsed_ns,1079.0000000000
1136613,7444994679859,btc_qm_engine,btc_leading_zeros,2.0000000000
1136614,7444994680120,btc_qm_engine,btc_sha256_nonce,3373663959.0000000000
1136615,7444994680242,btc_qm_engine,btc_sha256_elapsed_ns,1100.0000000000
1136616,7444994680515,btc_qm_engine,btc_leading_zeros,1.0000000000
1136617,7444994681038,btc_qm_engine,btc_sha256_nonce,776098139.0000000000
1136618,7444994681450,btc_qm_engine,btc_leading_zeros,0.0000000000
1136619,7444994681696,btc_qm_engine,btc_sha256_nonce,2058652568.0000000000
1136620,7444994682006,btc_qm_engine,btc_sha256_nonce,517435250.0000000000
1136621,7444994682221,btc_qm_engine,btc_leading_zeros,0.0000000000
1136622,7444994682603,btc_qm_engine,btc_sha256_nonce,748680149.0000000000
1136623,7444994682903,btc_qm_engine,btc_sha256_elapsed_ns,1076.0000000000
1136624,7444994683299,btc_qm_engine,btc_sha256_nonce,1870269698.0000000000
1136625,7444994683593,btc_qm_engine,btc_leading_zeros,3.0000000000
1136626,7444994683924,btc_qm_engine,btc_sha256_elapsed_ns,1006.0000000000
1136627,7444994684207,btc_qm_engine,btc_leading_zeros,0.0000000000
1136628,7444994684645,btc_qm_engine,btc_sha256_elapsed_ns,1010.0000000000
1136629,7444994684831,btc_qm_engine,btc_sha256_nonce,2424634998.0000000000
1136630,7444994684911,btc_qm_engine,btc_leading_zeros,0.0000000000
1136631,7444994684982,btc_qm_engine,btc_sha256_elapsed_ns,997.0000000000
1136632,7444994685195,btc_qm_engine,btc_sha256_nonce,859218640.0000000000
1136633,7444994685267,btc_qm_engine,btc_leading_zeros,2.0000000000
1136634,7444994685362,btc_qm_engine,btc_sha256_elapsed_ns,941.0000000000
1136635,7444994685432,btc_qm_engine,btc_sha256_elapsed_ns,1002.0000000000
1136636,7444994686355,btc_qm_engine,btc_sha256_nonce,401992158.0000000000
1136637,7444994686435,btc_qm_engine,btc_leading_zeros,0.0000000000
1136638,7444994686555,btc_qm_engine,btc_sha256_elapsed_ns,1090.0000000000
1136639,7444994686847,btc_qm_engine,btc_sha256_nonce,4062054398.0000000000
1136640,7444994687390,btc_qm_engine,btc_sha256_nonce,1785671202.0000000000
1136641,7444994687516,btc_qm_engine,btc_leading_zeros,2.0000000000
1136642,7444994687611,btc_qm_engine,btc_sha256_elapsed_ns,1057.0000000000
1136643,7444994687757,btc_qm_engine,btc_leading_zeros,1.0000000000
1136644,7444994687847,btc_qm_engine,btc_sha256_elapsed_ns,1058.0000000000
1136645,7444994687986,btc_qm_engine,btc_sha256_elapsed_ns,935.0000000000
1136646,7444994689007,btc_qm_engine,btc_sha256_nonce,657191993.0000000000
1136647,7444994689085,btc_qm_engine,btc_leading_zeros,0.0000000000
1136648,7444994689158,btc_qm_engine,btc_sha256_elapsed_ns,1131.0000000000
1136649,7444994689294,btc_qm_engine,btc_sha256_nonce,2169853711.0000000000
1136650,7444994689573,btc_qm_engine,btc_sha256_nonce,1330005447.0000000000
1136651,7444994689687,btc_qm_engine,btc_leading_zeros,2.0000000000
1136652,7444994689738,btc_qm_engine,btc_sha256_elapsed_ns,1067.0000000000
1136653,7444994689877,btc_qm_engine,btc_leading_zeros,1.0000000000
1136654,7444994689999,btc_qm_engine,btc_sha256_nonce,3481564582.0000000000
1136655,7444994690274,btc_qm_engine,btc_sha256_nonce,1752042531.0000000000
1136656,7444994690370,btc_qm_engine,btc_sha256_nonce,2899140744.0000000000
1136657,7444994690469,btc_qm_engine,btc_leading_zeros,0.0000000000
1136658,7444994690538,btc_qm_engine,btc_sha256_elapsed_ns,1001.0000000000
1136659,7444994690741,btc_qm_engine,btc_leading_zeros,1.0000000000
1136660,7444994691048,btc_qm_engine,btc_sha256_elapsed_ns,1106.0000000000
1136661,7444994691190,btc_qm_engine,btc_leading_zeros,0.0000000000
1136662,7444994691403,btc_qm_engine,btc_sha256_elapsed_ns,1134.0000000000
1136663,7444994691851,btc_qm_engine,btc_sha256_nonce,2727297478.0000000000
1136664,7444994692002,btc_qm_engine,btc_sha256_nonce,783001293.0000000000
1136665,7444994692541,btc_qm_engine,btc_leading_zeros,1.0000000000
1136666,7444994692616,btc_qm_engine,btc_sha256_elapsed_ns,917.0000000000
1136667,7444994692958,btc_qm_engine,btc_sha256_elapsed_ns,1102.0000000000
1136668,7444994693174,btc_qm_engine,btc_sha256_nonce,3591378468.0000000000
1136669,7444994693251,btc_qm_engine,btc_leading_zeros,0.0000000000
1136670,7444994693313,btc_qm_engine,btc_sha256_elapsed_ns,1079.0000000000
1136671,7444994694291,btc_qm_engine,btc_leading_zeros,4.0000000000
1136672,7444994694620,btc_qm_engine,btc_sha256_nonce,748718754.0000000000
1136673,7444994695032,btc_qm_engine,btc_sha256_elapsed_ns,969.0000000000
1136674,7444994695209,btc_qm_engine,btc_sha256_nonce,3148162934.0000000000
1136675,7444994695469,btc_qm_engine,btc_leading_zeros,0.0000000000
1136676,7444994696310,btc_qm_engine,btc_sha256_nonce,4234718808.0000000000
1136677,7444994696815,btc_qm_engine,btc_sha256_nonce,1955328107.0000000000
1136678,7444994696987,btc_qm_engine,btc_leading_zeros,0.0000000000
1136679,7444994697064,btc_qm_engine,btc_sha256_elapsed_ns,941.0000000000
1136680,7444994697240,btc_qm_engine,btc_leading_zeros,1.0000000000
1136681,7444994697461,btc_qm_engine,btc_sha256_elapsed_ns,1015.0000000000
1136682,7444994697685,btc_qm_engine,btc_sha256_elapsed_ns,1088.0000000000
1136683,7444994698217,btc_qm_engine,btc_leading_zeros,0.0000000000
1136684,7444994698392,btc_qm_engine,btc_sha256_nonce,1468455382.0000000000
1136685,7444994698759,btc_qm_engine,btc_sha256_nonce,3331974945.0000000000
1136686,7444994698853,btc_qm_engine,btc_sha256_elapsed_ns,1097.0000000000
1136687,7444994699120,btc_qm_engine,btc_leading_zeros,1.0000000000
1136688,7444994699239,btc_qm_engine,btc_sha256_elapsed_ns,1065.0000000000
1136689,7444994699818,btc_qm_engine,btc_leading_zeros,0.0000000000
1136690,7444994699975,btc_qm_engine,btc_sha256_nonce,2150474929.0000000000
1136691,7444994700174,btc_qm_engine,btc_sha256_elapsed_ns,1058.0000000000
1136692,7444994700371,btc_qm_engine,btc_leading_zeros,3.0000000000
1136693,7444994700438,btc_qm_engine,btc_sha256_elapsed_ns,1011.0000000000
1136694,7444994700575,btc_qm_engine,btc_sha256_nonce,3228639438.0000000000
1136695,7444994700646,btc_qm_engine,btc_leading_zeros,1.0000000000
1136696,7444994700908,btc_qm_engine,btc_sha256_elapsed_ns,1098.0000000000
1136697,7444994701079,btc_qm_engine,btc_sha256_nonce,1022025477.0000000000
1136698,7444994701279,btc_qm_engine,btc_sha256_nonce,66607382.0000000000
1136699,7444994701403,btc_qm_engine,btc_leading_zeros,0.0000000000
1136700,7444994701562,btc_qm_engine,btc_leading_zeros,0.0000000000
1136701,7444994701785,btc_qm_engine,btc_sha256_elapsed_ns,1132.0000000000
1136702,7444994701955,btc_qm_engine,btc_sha256_elapsed_ns,1060.0000000000
1136703,7444994702102,btc_qm_engine,btc_sha256_elapsed_ns,1088.0000000000
1136704,7444994702340,btc_qm_engine,btc_sha256_nonce,2124454038.0000000000
1136705,7444994702414,btc_qm_engine,btc_leading_zeros,2.0000000000
1136706,7444994702500,btc_qm_engine,btc_sha256_elapsed_ns,1077.0000000000
1136707,7444994702906,btc_qm_engine,btc_sha256_nonce,341534310.0000000000
1136708,7444994703331,btc_qm_engine,btc_leading_zeros,1.0000000000
1136709,7444994703404,btc_qm_engine,btc_sha256_elapsed_ns,1026.0000000000
1136710,7444994703534,btc_qm_engine,btc_sha256_nonce,748895460.0000000000
1136711,7444994703602,btc_qm_engine,btc_leading_zeros,4.0000000000
1136712,7444994703655,btc_qm_engine,btc_sha256_elapsed_ns,732.0000000000
1136713,7444994703813,btc_qm_engine,btc_sha256_nonce,2089589663.0000000000
1136714,7444994703887,btc_qm_engine,btc_leading_zeros,0.0000000000
1136715,7444994703984,btc_qm_engine,btc_sha256_elapsed_ns,1063.0000000000
1136716,7444994704481,btc_qm_engine,btc_leading_zeros,0.0000000000
1136717,7444994704685,btc_qm_engine,btc_sha256_nonce,277210808.0000000000
1136718,7444994704782,btc_qm_engine,btc_leading_zeros,0.0000000000
1136719,7444994704951,btc_qm_engine,btc_sha256_nonce,1704793600.0000000000
1136720,7444994705185,btc_qm_engine,btc_sha256_elapsed_ns,1008.0000000000
1136721,7444994705346,btc_qm_engine,btc_sha256_nonce,2350752636.0000000000
1136722,7444994705653,btc_qm_engine,btc_sha256_nonce,1457864290.0000000000
1136723,7444994705807,btc_qm_engine,btc_leading_zeros,4.0000000000
1136724,7444994705954,btc_qm_engine,btc_leading_zeros,1.0000000000
1136725,7444994706266,btc_qm_engine,btc_sha256_nonce,4073427436.0000000000
1136726,7444994706423,btc_qm_engine,btc_sha256_nonce,4159438515.0000000000
1136727,7444994706501,btc_qm_engine,btc_leading_zeros,2.0000000000
1136728,7444994706560,btc_qm_engine,btc_sha256_elapsed_ns,967.0000000000
1136729,7444994706839,btc_qm_engine,btc_leading_zeros,1.0000000000
1136730,7444994706923,btc_qm_engine,btc_sha256_elapsed_ns,1005.0000000000
1136731,7444994707348,btc_qm_engine,btc_sha256_nonce,1687443551.0000000000
1136732,7444994707535,btc_qm_engine,btc_sha256_nonce,341517765.0000000000
1136733,7444994707604,btc_qm_engine,btc_leading_zeros,1.0000000000
1136734,7444994707680,btc_qm_engine,btc_sha256_elapsed_ns,735.0000000000
1136735,7444994707796,btc_qm_engine,btc_leading_zeros,1.0000000000
1136736,7444994707868,btc_qm_engine,btc_sha256_elapsed_ns,995.0000000000
1136737,7444994708118,btc_qm_engine,btc_sha256_elapsed_ns,1071.0000000000
1136738,7444994708488,btc_qm_engine,btc_sha256_elapsed_ns,1065.0000000000
1136739,7444994708704,btc_qm_engine,btc_sha256_nonce,3978542580.0000000000
1136740,7444994708879,btc_qm_engine,btc_sha256_nonce,3469348299.0000000000
1136741,7444994709148,btc_qm_engine,btc_leading_zeros,0.0000000000
1136742,7444994709254,btc_qm_engine,btc_sha256_elapsed_ns,1043.0000000000
1136743,7444994709730,btc_qm_engine,btc_sha256_nonce,817780618.0000000000
1136744,7444994710009,btc_qm_engine,btc_sha256_nonce,3799655751.0000000000
1136745,7444994710135,btc_qm_engine,btc_leading_zeros,2.0000000000
1136746,7444994710576,btc_qm_engine,btc_sha256_elapsed_ns,1047.0000000000
1136747,7444994711159,btc_qm_engine,btc_sha256_nonce,2670946368.0000000000
1136748,7444994711234,btc_qm_engine,btc_leading_zeros,4.0000000000
1136749,7444994711397,btc_qm_engine,btc_sha256_elapsed_ns,1087.0000000000
1136750,7444994711619,btc_qm_engine,btc_leading_zeros,0.0000000000
1136751,7444994711935,btc_qm_engine,btc_leading_zeros,0.0000000000
1136752,7444994712203,btc_qm_engine,btc_sha256_elapsed_ns,968.0000000000
1136753,7444994712308,btc_qm_engine,btc_sha256_nonce,2212794849.0000000000
1136754,7444994712574,btc_qm_engine,btc_sha256_elapsed_ns,1102.0000000000
1136755,7444994712727,btc_qm_engine,btc_leading_zeros,0.0000000000
1136756,7444994712828,btc_qm_engine,btc_sha256_elapsed_ns,1112.0000000000
1136757,7444994713015,btc_qm_engine,btc_sha256_nonce,776343421.0000000000
1136758,7444994713366,btc_qm_engine,btc_sha256_nonce,2899000370.0000000000
1136759,7444994713457,btc_qm_engine,btc_leading_zeros,0.0000000000
1136760,7444994713640,btc_qm_engine,btc_leading_zeros,1.0000000000
1136761,7444994713724,btc_qm_engine,btc_sha256_elapsed_ns,839.0000000000
1136762,7444994713905,btc_qm_engine,btc_sha256_nonce,3784585332.0000000000
1136763,7444994714109,btc_qm_engine,btc_sha256_nonce,2202312195.0000000000
1136764,7444994714213,btc_qm_engine,btc_leading_zeros,0.0000000000
1136765,7444994714330,btc_qm_engine,btc_sha256_elapsed_ns,1012.0000000000
1136766,7444994714671,btc_qm_engine,btc_sha256_elapsed_ns,1116.0000000000
1136767,7444994715002,btc_qm_engine,btc_sha256_nonce,776592319.0000000000
1136768,7444994715087,btc_qm_engine,btc_leading_zeros,0.0000000000
1136769,7444994715156,btc_qm_engine,btc_sha256_elapsed_ns,993.0000000000
1136770,7444994715272,btc_qm_engine,btc_leading_zeros,0.0000000000
1136771,7444994715719,btc_qm_engine,btc_sha256_elapsed_ns,894.0000000000
1136772,7444994716052,btc_qm_engine,btc_sha256_nonce,432940445.0000000000
1136773,7444994716241,btc_qm_engine,btc_sha256_nonce,1940552023.0000000000
1136774,7444994716552,btc_qm_engine,btc_leading_zeros,0.0000000000
1136775,7444994716976,btc_qm_engine,btc_sha256_nonce,1330281466.0000000000
1136776,7444994717033,btc_qm_engine,btc_leading_zeros,0.0000000000
1136777,7444994717181,btc_qm_engine,btc_sha256_elapsed_ns,968.0000000000
1136778,7444994717791,btc_qm_engine,btc_sha256_nonce,3043229246.0000000000
1136779,7444994718061,btc_qm_engine,btc_leading_zeros,4.0000000000
1136780,7444994718116,btc_qm_engine,btc_sha256_elapsed_ns,1091.0000000000
1136781,7444994718216,btc_qm_engine,btc_sha256_nonce,2643185131.0000000000
1136782,7444994718287,btc_qm_engine,btc_leading_zeros,0.0000000000
1136783,7444994718351,btc_qm_engine,btc_sha256_elapsed_ns,785.0000000000
1136784,7444994718610,btc_qm_engine,btc_sha256_nonce,3866320848.0000000000
1136785,7444994718694,btc_qm_engine,btc_leading_zeros,0.0000000000
1136786,7444994718762,btc_qm_engine,btc_sha256_elapsed_ns,1083.0000000000
1136787,7444994719327,btc_qm_engine,btc_sha256_nonce,1765788718.0000000000
1136788,7444994719671,btc_qm_engine,btc_sha256_elapsed_ns,993.0000000000
1136789,7444994720065,btc_qm_engine,btc_sha256_nonce,2059399254.0000000000
1136790,7444994720655,btc_qm_engine,btc_leading_zeros,0.0000000000
1136791,7444994720817,btc_qm_engine,btc_sha256_nonce,1330309606.0000000000
1136792,7444994720906,btc_qm_engine,btc_sha256_nonce,2335240256.0000000000
1136793,7444994721571,btc_qm_engine,btc_sha256_elapsed_ns,979.0000000000
1136794,7444994722161,btc_qm_engine,btc_leading_zeros,2.0000000000
1136795,7444994722510,btc_qm_engine,btc_sha256_elapsed_ns,1074.0000000000
1136796,7444994722633,btc_qm_engine,btc_leading_zeros,2.0000000000
1136797,7444994723070,btc_qm_engine,btc_sha256_elapsed_ns,744.0000000000
1136798,7444994723429,btc_qm_engine,btc_sha256_nonce,3971504966.0000000000
1136799,7444994723508,btc_qm_engine,btc_leading_zeros,1.0000000000
1136800,7444994723581,btc_qm_engine,btc_sha256_elapsed_ns,1103.0000000000
1136801,7444994723858,btc_qm_engine,btc_sha256_nonce,748511925.0000000000
1136802,7444994723939,btc_qm_engine,btc_leading_zeros,0.0000000000
1136803,7444994724081,btc_qm_engine,btc_leading_zeros,1.0000000000
1136804,7444994724249,btc_qm_engine,btc_leading_zeros,0.0000000000
1136805,7444994724553,btc_qm_engine,btc_sha256_elapsed_ns,1095.0000000000
1136806,7444994724661,btc_qm_engine,btc_sha256_elapsed_ns,977.0000000000
1136807,7444994724779,btc_qm_engine,btc_sha256_nonce,4093330965.0000000000
1136808,7444994724947,btc_qm_engine,btc_sha256_nonce,1835423748.0000000000
1136809,7444994725227,btc_qm_engine,btc_leading_zeros,0.0000000000
1136810,7444994725363,btc_qm_engine,btc_sha256_elapsed_ns,939.0000000000
1136811,7444994725766,btc_qm_engine,btc_sha256_elapsed_ns,950.0000000000
1136812,7444994725947,btc_qm_engine,btc_sha256_nonce,1582251006.0000000000
1136813,7444994726064,btc_qm_engine,btc_leading_zeros,0.0000000000
1136814,7444994726471,btc_qm_engine,btc_sha256_elapsed_ns,1002.0000000000
1136815,7444994726859,btc_qm_engine,btc_sha256_nonce,749425724.0000000000
1136816,7444994727291,btc_qm_engine,btc_leading_zeros,1.0000000000
1136817,7444994727423,btc_qm_engine,btc_leading_zeros,0.0000000000
1136818,7444994727944,btc_qm_engine,btc_sha256_nonce,1233003404.0000000000
1136819,7444994728014,btc_qm_engine,btc_leading_zeros,1.0000000000
1136820,7444994728169,btc_qm_engine,btc_sha256_elapsed_ns,929.0000000000
1136821,7444994728499,btc_qm_engine,btc_sha256_nonce,3780483453.0000000000
1136822,7444994728640,btc_qm_engine,btc_sha256_elapsed_ns,1146.0000000000
1136823,7444994728894,btc_qm_engine,btc_leading_zeros,1.0000000000
1136824,7444994728970,btc_qm_engine,btc_sha256_elapsed_ns,732.0000000000
1136825,7444994729451,btc_qm_engine,btc_sha256_nonce,749387461.0000000000
1136826,7444994729836,btc_qm_engine,btc_leading_zeros,1.0000000000
1136827,7444994729942,btc_qm_engine,btc_sha256_elapsed_ns,1039.0000000000
1136828,7444994730196,btc_qm_engine,btc_sha256_nonce,1480518002.0000000000
1136829,7444994730530,btc_qm_engine,btc_sha256_elapsed_ns,858.0000000000
1136830,7444994731237,btc_qm_engine,btc_leading_zeros,0.0000000000
1136831,7444994731763,btc_qm_engine,btc_sha256_nonce,4192595797.0000000000
1136832,7444994731912,btc_qm_engine,btc_sha256_elapsed_ns,1010.0000000000
1136833,7444994732184,btc_qm_engine,btc_leading_zeros,0.0000000000
1136834,7444994732537,btc_qm_engine,btc_sha256_nonce,748857412.0000000000
1136835,7444994732639,btc_qm_engine,btc_leading_zeros,0.0000000000
1136836,7444994732909,btc_qm_engine,btc_sha256_elapsed_ns,1036.0000000000
1136837,7444994733022,btc_qm_engine,btc_leading_zeros,0.0000000000
1136838,7444994733227,btc_qm_engine,btc_sha256_elapsed_ns,1143.0000000000
1136839,7444994733472,btc_qm_engine,btc_sha256_nonce,2303509158.0000000000
1136840,7444994733853,btc_qm_engine,btc_sha256_elapsed_ns,843.0000000000
1136841,7444994734175,btc_qm_engine,btc_sha256_nonce,1383038111.0000000000
1136842,7444994734372,btc_qm_engine,btc_leading_zeros,0.0000000000
1136843,7444994734444,btc_qm_engine,btc_sha256_elapsed_ns,1032.0000000000
1136844,7444994734624,btc_qm_engine,btc_leading_zeros,3.0000000000
1136845,7444994734918,btc_qm_engine,btc_sha256_elapsed_ns,991.0000000000
1136846,7444994735539,btc_qm_engine,btc_sha256_nonce,1035482416.0000000000
1136847,7444994735624,btc_qm_engine,btc_leading_zeros,0.0000000000
1136848,7444994735705,btc_qm_engine,btc_sha256_elapsed_ns,1096.0000000000
1136849,7444994735964,btc_qm_engine,btc_sha256_nonce,2111789805.0000000000
1136850,7444994736495,btc_qm_engine,btc_sha256_nonce,1379711154.0000000000
1136851,7444994736823,btc_qm_engine,btc_sha256_nonce,3677880838.0000000000
1136852,7444994737086,btc_qm_engine,btc_sha256_nonce,819002590.0000000000
1136853,7444994737216,btc_qm_engine,btc_leading_zeros,0.0000000000
1136854,7444994737385,btc_qm_engine,btc_leading_zeros,0.0000000000
1136855,7444994738084,btc_qm_engine,btc_leading_zeros,1.0000000000
1136856,7444994738288,btc_qm_engine,btc_sha256_elapsed_ns,1113.0000000000
1136857,7444994738591,btc_qm_engine,btc_sha256_elapsed_ns,1080.0000000000
1136858,7444994738724,btc_qm_engine,btc_leading_zeros,1.0000000000
1136859,7444994738805,btc_qm_engine,btc_sha256_elapsed_ns,772.0000000000
1136860,7444994739384,btc_qm_engine,btc_sha256_elapsed_ns,981.0000000000
1136861,7444994739758,btc_qm_engine,btc_sha256_nonce,1608451941.0000000000
1136862,7444994739842,btc_qm_engine,btc_leading_zeros,0.0000000000
1136863,7444994740004,btc_qm_engine,btc_sha256_elapsed_ns,1119.0000000000
1136864,7444994740547,btc_qm_engine,btc_sha256_nonce,1434439897.0000000000
1136865,7444994740866,btc_qm_engine,btc_sha256_nonce,740450728.0000000000
1136866,7444994741198,btc_qm_engine,btc_leading_zeros,0.0000000000
1136867,7444994741287,btc_qm_engine,btc_sha256_elapsed_ns,934.0000000000
1136868,7444994741578,btc_qm_engine,btc_sha256_nonce,1763955686.0000000000
1136869,7444994741894,btc_qm_engine,btc_sha256_elapsed_ns,1006.0000000000
1136870,7444994742226,btc_qm_engine,btc_leading_zeros,2.0000000000
1136871,7444994742297,btc_qm_engine,btc_sha256_elapsed_ns,1131.0000000000
1136872,7444994742940,btc_qm_engine,btc_sha256_nonce,3860861546.0000000000
1136873,7444994743363,btc_qm_engine,btc_leading_zeros,0.0000000000
1136874,7444994743426,btc_qm_engine,btc_sha256_elapsed_ns,864.0000000000
1136875,7444994743636,btc_qm_engine,btc_sha256_nonce,2621246170.0000000000
1136876,7444994743717,btc_qm_engine,btc_leading_zeros,1.0000000000
1136877,7444994743796,btc_qm_engine,btc_sha256_elapsed_ns,1074.0000000000
1136878,7444994743920,btc_qm_engine,btc_sha256_nonce,3606355307.0000000000
1136879,7444994744347,btc_qm_engine,btc_leading_zeros,1.0000000000
1136880,7444994744525,btc_qm_engine,btc_sha256_nonce,818724360.0000000000
1136881,7444994744891,btc_qm_engine,btc_sha256_nonce,3968726837.0000000000
1136882,7444994745063,btc_qm_engine,btc_sha256_elapsed_ns,1104.0000000000
1136883,7444994745297,btc_qm_engine,btc_sha256_nonce,1289226335.0000000000
1136884,7444994745510,btc_qm_engine,btc_sha256_nonce,2059057211.0000000000
1136885,7444994745877,btc_qm_engine,btc_sha256_nonce,3535013606.0000000000
1136886,7444994745961,btc_qm_engine,btc_leading_zeros,0.0000000000
1136887,7444994746142,btc_qm_engine,btc_leading_zeros,0.0000000000
1136888,7444994746532,btc_qm_engine,btc_sha256_nonce,418981964.0000000000
1136889,7444994746689,btc_qm_engine,btc_leading_zeros,0.0000000000
1136890,7444994746841,btc_qm_engine,btc_sha256_elapsed_ns,1065.0000000000
1136891,7444994747056,btc_qm_engine,btc_leading_zeros,0.0000000000
1136892,7444994747496,btc_qm_engine,btc_sha256_elapsed_ns,1042.0000000000
1136893,7444994747686,btc_qm_engine,btc_sha256_elapsed_ns,895.0000000000
1136894,7444994748255,btc_qm_engine,btc_sha256_nonce,3683276164.0000000000
1136895,7444994748335,btc_qm_engine,btc_leading_zeros,1.0000000000
1136896,7444994748395,btc_qm_engine,btc_sha256_elapsed_ns,1095.0000000000
1136897,7444994748573,btc_qm_engine,btc_leading_zeros,2.0000000000
1136898,7444994748654,btc_qm_engine,btc_sha256_elapsed_ns,1016.0000000000
1136899,7444994748848,btc_qm_engine,btc_sha256_elapsed_ns,1137.0000000000
1136900,7444994749085,btc_qm_engine,btc_sha256_nonce,2924208970.0000000000
1136901,7444994749552,btc_qm_engine,btc_leading_zeros,1.0000000000
1136902,7444994749615,btc_qm_engine,btc_sha256_elapsed_ns,982.0000000000
1136903,7444994749952,btc_qm_engine,btc_sha256_nonce,3874329949.0000000000
1136904,7444994750265,btc_qm_engine,btc_sha256_nonce,2918565551.0000000000
1136905,7444994750424,btc_qm_engine,btc_leading_zeros,2.0000000000
1136906,7444994750565,btc_qm_engine,btc_sha256_nonce,3442008272.0000000000
1136907,7444994750641,btc_qm_engine,btc_leading_zeros,0.0000000000
1136908,7444994750715,btc_qm_engine,btc_sha256_elapsed_ns,1139.0000000000
1136909,7444994750981,btc_qm_engine,btc_sha256_elapsed_ns,1030.0000000000
1136910,7444994751228,btc_qm_engine,btc_leading_zeros,0.0000000000
1136911,7444994751349,btc_qm_engine,btc_sha256_nonce,2432555200.0000000000
1136912,7444994751428,btc_qm_engine,btc_leading_zeros,1.0000000000
1136913,7444994751492,btc_qm_engine,btc_sha256_elapsed_ns,1086.0000000000
1136914,7444994751656,btc_qm_engine,btc_sha256_elapsed_ns,1024.0000000000
1136915,7444994751834,btc_qm_engine,btc_leading_zeros,0.0000000000
1136916,7444994752015,btc_qm_engine,btc_sha256_nonce,749255588.0000000000
1136917,7444994752086,btc_qm_engine,btc_leading_zeros,4.0000000000
1136918,7444994752155,btc_qm_engine,btc_sha256_elapsed_ns,1039.0000000000
1136919,7444994752414,btc_qm_engine,btc_sha256_elapsed_ns,1120.0000000000
1136920,7444994752743,btc_qm_engine,btc_sha256_nonce,3055963927.0000000000
1136921,7444994752817,btc_qm_engine,btc_leading_zeros,2.0000000000
1136922,7444994753027,btc_qm_engine,btc_leading_zeros,3.0000000000
1136923,7444994753507,btc_qm_engine,btc_sha256_nonce,2220317148.0000000000
1136924,7444994753580,btc_qm_engine,btc_leading_zeros,2.0000000000
1136925,7444994753653,btc_qm_engine,btc_sha256_elapsed_ns,1048.0000000000
1136926,7444994753845,btc_qm_engine,btc_sha256_elapsed_ns,1095.0000000000
1136927,7444994753962,btc_qm_engine,btc_sha256_nonce,4197807192.0000000000
1136928,7444994754047,btc_qm_engine,btc_leading_zeros,0.0000000000
1136929,7444994754349,btc_qm_engine,btc_sha256_elapsed_ns,850.0000000000
1136930,7444994754618,btc_qm_engine,btc_sha256_nonce,1918933381.0000000000
1136931,7444994754991,btc_qm_engine,btc_leading_zeros,1.0000000000
1136932,7444994755071,btc_qm_engine,btc_sha256_elapsed_ns,1067.0000000000
1136933,7444994755195,btc_qm_engine,btc_sha256_nonce,817758426.0000000000
1136934,7444994755421,btc_qm_engine,btc_sha256_nonce,24890017.0000000000
1136935,7444994755737,btc_qm_engine,btc_sha256_nonce,547169199.0000000000
1136936,7444994756126,btc_qm_engine,btc_sha256_elapsed_ns,1013.0000000000
1136937,7444994756345,btc_qm_engine,btc_sha256_nonce,2898730825.0000000000
1136938,7444994756485,btc_qm_engine,btc_leading_zeros,2.0000000000
1136939,7444994756632,btc_qm_engine,btc_sha256_elapsed_ns,955.0000000000
1136940,7444994756951,btc_qm_engine,btc_sha256_nonce,1390274702.0000000000
1136941,7444994757588,btc_qm_engine,btc_leading_zeros,4.0000000000
1136942,7444994757756,btc_qm_engine,btc_leading_zeros,0.0000000000
1136943,7444994757836,btc_qm_engine,btc_sha256_elapsed_ns,1020.0000000000
1136944,7444994757998,btc_qm_engine,btc_sha256_elapsed_ns,1104.0000000000
1136945,7444994758416,btc_qm_engine,btc_sha256_nonce,1989268212.0000000000
1136946,7444994758497,btc_qm_engine,btc_leading_zeros,0.0000000000
1136947,7444994759024,btc_qm_engine,btc_sha256_elapsed_ns,826.0000000000
1136948,7444994759199,btc_qm_engine,btc_sha256_nonce,535238021.0000000000
1136949,7444994759657,btc_qm_engine,btc_sha256_nonce,1224263237.0000000000
1136950,7444994759898,btc_qm_engine,btc_sha256_nonce,3550584312.0000000000
1136951,7444994759975,btc_qm_engine,btc_leading_zeros,0.0000000000
1136952,7444994760057,btc_qm_engine,btc_sha256_nonce,1330048981.0000000000
1136953,7444994760235,btc_qm_engine,btc_leading_zeros,3.0000000000
1136954,7444994760524,btc_qm_engine,btc_leading_zeros,0.0000000000
1136955,7444994760578,btc_qm_engine,btc_sha256_elapsed_ns,912.0000000000
1136956,7444994760779,btc_qm_engine,btc_sha256_elapsed_ns,1079.0000000000
1136957,7444994760881,btc_qm_engine,btc_leading_zeros,1.0000000000
1136958,7444994761081,btc_qm_engine,btc_sha256_elapsed_ns,1052.0000000000
1136959,7444994761307,btc_qm_engine,btc_sha256_elapsed_ns,1015.0000000000
1136960,7444994761468,btc_qm_engine,btc_leading_zeros,0.0000000000
1136961,7444994761834,btc_qm_engine,btc_sha256_nonce,1016323509.0000000000
1136962,7444994761946,btc_qm_engine,btc_leading_zeros,2.0000000000
1136963,7444994762347,btc_qm_engine,btc_sha256_elapsed_ns,1009.0000000000
1136964,7444994762722,btc_qm_engine,btc_sha256_nonce,2058913099.0000000000
1136965,7444994763322,btc_qm_engine,btc_sha256_nonce,2898439900.0000000000
1136966,7444994763499,btc_qm_engine,btc_sha256_nonce,817914681.0000000000
1136967,7444994763716,btc_qm_engine,btc_leading_zeros,2.0000000000
1136968,7444994764324,btc_qm_engine,btc_leading_zeros,3.0000000000
1136969,7444994764380,btc_qm_engine,btc_sha256_elapsed_ns,1081.0000000000
1136970,7444994764549,btc_qm_engine,btc_leading_zeros,1.0000000000
1136971,7444994764632,btc_qm_engine,btc_sha256_elapsed_ns,1092.0000000000
1136972,7444994764752,btc_qm_engine,btc_sha256_elapsed_ns,1048.0000000000
1136973,7444994765328,btc_qm_engine,btc_sha256_nonce,506546848.0000000000
1136974,7444994765403,btc_qm_engine,btc_leading_zeros,1.0000000000
1136975,7444994765457,btc_qm_engine,btc_sha256_elapsed_ns,732.0000000000
1136976,7444994765675,btc_qm_engine,btc_sha256_nonce,3826747845.0000000000
1136977,7444994765757,btc_qm_engine,btc_leading_zeros,0.0000000000
1136978,7444994765826,btc_qm_engine,btc_sha256_elapsed_ns,1064.0000000000
1136979,7444994765989,btc_qm_engine,btc_sha256_nonce,1953179090.0000000000
1136980,7444994766128,btc_qm_engine,btc_leading_zeros,0.0000000000
1136981,7444994766347,btc_qm_engine,btc_sha256_nonce,1562638860.0000000000
1136982,7444994766611,btc_qm_engine,btc_sha256_elapsed_ns,926.0000000000
1136983,7444994766828,btc_qm_engine,btc_leading_zeros,0.0000000000
1136984,7444994766905,btc_qm_engine,btc_sha256_elapsed_ns,1097.0000000000
1136985,7444994767150,btc_qm_engine,btc_sha256_elapsed_ns,740.0000000000
1136986,7444994767844,btc_qm_engine,btc_sha256_nonce,1513619705.0000000000
1136987,7444994768202,btc_qm_engine,btc_sha256_nonce,3059029004.0000000000
1136988,7444994768377,btc_qm_engine,btc_sha256_nonce,98140356.0000000000
1136989,7444994768630,btc_qm_engine,btc_leading_zeros,1.0000000000
1136990,7444994768760,btc_qm_engine,btc_leading_zeros,0.0000000000
1136991,7444994768982,btc_qm_engine,btc_sha256_elapsed_ns,1010.0000000000
1136992,7444994769254,btc_qm_engine,btc_leading_zeros,0.0000000000
1136993,7444994769387,btc_qm_engine,btc_sha256_nonce,9501004.0000000000
1136994,7444994769473,btc_qm_engine,btc_sha256_elapsed_ns,931.0000000000
1136995,7444994769667,btc_qm_engine,btc_leading_zeros,1.0000000000
1136996,7444994770101,btc_qm_engine,btc_sha256_elapsed_ns,1020.0000000000
1136997,7444994770253,btc_qm_engine,btc_sha256_elapsed_ns,46254.0000000000
1136998,7444994770490,btc_qm_engine,btc_sha256_nonce,811310686.0000000000
1136999,7444994770570,btc_qm_engine,btc_leading_zeros,0.0000000000
1137000,7444994770645,btc_qm_engine,btc_sha256_elapsed_ns,942.0000000000
1137001,7444994771068,btc_qm_engine,btc_sha256_nonce,749555343.0000000000
1137002,7444994771150,btc_qm_engine,btc_leading_zeros,2.0000000000
1137003,7444994771327,btc_qm_engine,btc_sha256_nonce,755500830.0000000000
1137004,7444994771534,btc_qm_engine,btc_sha256_nonce,1896482405.0000000000
1137005,7444994771745,btc_qm_engine,btc_sha256_elapsed_ns,1083.0000000000
1137006,7444994771882,btc_qm_engine,btc_leading_zeros,0.0000000000
1137007,7444994772035,btc_qm_engine,btc_sha256_nonce,1015750815.0000000000
1137008,7444994772475,btc_qm_engine,btc_leading_zeros,0.0000000000
1137009,7444994772888,btc_qm_engine,btc_sha256_elapsed_ns,1088.0000000000
1137010,7444994773145,btc_qm_engine,btc_sha256_nonce,3421236853.0000000000
1137011,7444994773362,btc_qm_engine,btc_sha256_elapsed_ns,1069.0000000000
1137012,7444994773676,btc_qm_engine,btc_leading_zeros,1.0000000000
1137013,7444994773818,btc_qm_engine,btc_leading_zeros,3.0000000000
1137014,7444994773890,btc_qm_engine,btc_sha256_elapsed_ns,989.0000000000
1137015,7444994774075,btc_qm_engine,btc_sha256_elapsed_ns,1055.0000000000
1137016,7444994774170,btc_qm_engine,btc_sha256_nonce,2086981673.0000000000
1137017,7444994774330,btc_qm_engine,btc_sha256_nonce,1331769151.0000000000
1137018,7444994774633,btc_qm_engine,btc_leading_zeros,4.0000000000
1137019,7444994775057,btc_qm_engine,btc_sha256_elapsed_ns,1057.0000000000
1137020,7444994775227,btc_qm_engine,btc_sha256_nonce,2571179185.0000000000
1137021,7444994775416,btc_qm_engine,btc_sha256_nonce,734944636.0000000000
1137022,7444994776100,btc_qm_engine,btc_sha256_nonce,1330083766.0000000000
1137023,7444994776295,btc_qm_engine,btc_leading_zeros,4.0000000000
1137024,7444994776448,btc_qm_engine,btc_sha256_nonce,1606590446.0000000000
1137025,7444994776690,btc_qm_engine,btc_sha256_elapsed_ns,1107.0000000000
1137026,7444994776925,btc_qm_engine,btc_leading_zeros,0.0000000000
1137027,7444994777191,btc_qm_engine,btc_sha256_nonce,2902683993.0000000000
1137028,7444994777919,btc_qm_engine,btc_leading_zeros,0.0000000000
1137029,7444994778046,btc_qm_engine,btc_sha256_nonce,463524480.0000000000
1137030,7444994778230,btc_qm_engine,btc_sha256_nonce,4162336123.0000000000
1137031,7444994778388,btc_qm_engine,btc_sha256_elapsed_ns,989.0000000000
1137032,7444994778616,btc_qm_engine,btc_leading_zeros,0.0000000000
1137033,7444994778712,btc_qm_engine,btc_sha256_elapsed_ns,1051.0000000000
1137034,7444994779079,btc_qm_engine,btc_leading_zeros,0.0000000000
1137035,7444994779171,btc_qm_engine,btc_leading_zeros,0.0000000000
1137036,7444994779474,btc_qm_engine,btc_sha256_elapsed_ns,976.0000000000
1137037,7444994779599,btc_qm_engine,btc_sha256_elapsed_ns,997.0000000000
1137038,7444994779835,btc_qm_engine,btc_sha256_elapsed_ns,1085.0000000000
1137039,7444994780161,btc_qm_engine,btc_sha256_nonce,456927235.0000000000
1137040,7444994780245,btc_qm_engine,btc_leading_zeros,1.0000000000
1137041,7444994780318,btc_qm_engine,btc_sha256_elapsed_ns,1042.0000000000
1137042,7444994780431,btc_qm_engine,btc_leading_zeros,0.0000000000
1137043,7444994780581,btc_qm_engine,btc_sha256_nonce,2334932181.0000000000
1137044,7444994780667,btc_qm_engine,btc_leading_zeros,0.0000000000
1137045,7444994780955,btc_qm_engine,btc_sha256_nonce,2287288294.0000000000
1137046,7444994781214,btc_qm_engine,btc_sha256_nonce,2132565843.0000000000
1137047,7444994781319,btc_qm_engine,btc_leading_zeros,0.0000000000
1137048,7444994781375,btc_qm_engine,btc_sha256_elapsed_ns,1088.0000000000
1137049,7444994781529,btc_qm_engine,btc_sha256_elapsed_ns,1079.0000000000
1137050,7444994781897,btc_qm_engine,btc_sha256_elapsed_ns,825.0000000000
1137051,7444994782306,btc_qm_engine,btc_sha256_nonce,1520711730.0000000000
1137052,7444994782468,btc_qm_engine,btc_leading_zeros,2.0000000000
1137053,7444994782665,btc_qm_engine,btc_leading_zeros,0.0000000000
1137054,7444994782839,btc_qm_engine,btc_sha256_nonce,4284232651.0000000000
1137055,7444994783434,btc_qm_engine,btc_sha256_elapsed_ns,1113.0000000000
1137056,7444994783567,btc_qm_engine,btc_sha256_elapsed_ns,908.0000000000
1137057,7444994783821,btc_qm_engine,btc_sha256_nonce,817064292.0000000000
1137058,7444994784332,btc_qm_engine,btc_leading_zeros,0.0000000000
1137059,7444994784456,btc_qm_engine,btc_leading_zeros,3.0000000000
1137060,7444994784585,btc_qm_engine,btc_leading_zeros,1.0000000000
1137061,7444994784660,btc_qm_engine,btc_sha256_elapsed_ns,1077.0000000000
1137062,7444994784822,btc_qm_engine,btc_sha256_elapsed_ns,1104.0000000000
1137063,7444994785010,btc_qm_engine,btc_sha256_nonce,29507016.0000000000
1137064,7444994785097,btc_qm_engine,btc_leading_zeros,0.0000000000
1137065,7444994785163,btc_qm_engine,btc_sha256_elapsed_ns,972.0000000000
1137066,7444994785355,btc_qm_engine,btc_sha256_elapsed_ns,1018.0000000000
1137067,7444994786115,btc_qm_engine,btc_sha256_nonce,2898520040.0000000000
1137068,7444994786201,btc_qm_engine,btc_leading_zeros,4.0000000000
1137069,7444994786275,btc_qm_engine,btc_sha256_elapsed_ns,1142.0000000000
1137070,7444994786483,btc_qm_engine,btc_sha256_nonce,1407376478.0000000000
1137071,7444994786618,btc_qm_engine,btc_leading_zeros,1.0000000000
1137072,7444994787018,btc_qm_engine,btc_sha256_nonce,749640850.0000000000
1137073,7444994787185,btc_qm_engine,btc_sha256_nonce,874214971.0000000000
1137074,7444994787482,btc_qm_engine,btc_sha256_nonce,771108178.0000000000
1137075,7444994787627,btc_qm_engine,btc_leading_zeros,0.0000000000
1137076,7444994787767,btc_qm_engine,btc_sha256_nonce,2149999844.0000000000
1137077,7444994787940,btc_qm_engine,btc_leading_zeros,1.0000000000
1137078,7444994788256,btc_qm_engine,btc_sha256_nonce,1005126401.0000000000
1137079,7444994788983,btc_qm_engine,btc_leading_zeros,0.0000000000
1137080,7444994789206,btc_qm_engine,btc_sha256_elapsed_ns,1042.0000000000
1137081,7444994789649,btc_qm_engine,btc_sha256_nonce,2838732479.0000000000
1137082,7444994789870,btc_qm_engine,btc_sha256_elapsed_ns,1126.0000000000
1137083,7444994790371,btc_qm_engine,btc_leading_zeros,0.0000000000
1137084,7444994790452,btc_qm_engine,btc_sha256_elapsed_ns,946.0000000000
1137085,7444994791306,btc_qm_engine,btc_leading_zeros,0.0000000000
1137086,7444994791579,btc_qm_engine,btc_sha256_nonce,687883403.0000000000
1137087,7444994791688,btc_qm_engine,btc_leading_zeros,0.0000000000
1137088,7444994791821,btc_qm_engine,btc_sha256_nonce,158322094.0000000000
1137089,7444994791951,btc_qm_engine,btc_sha256_elapsed_ns,935.0000000000
1137090,7444994792137,btc_qm_engine,btc_sha256_elapsed_ns,1085.0000000000
1137091,7444994792589,btc_qm_engine,btc_sha256_elapsed_ns,1104.0000000000
1137092,7444994793692,btc_qm_engine,btc_sha256_nonce,2478660175.0000000000
1137093,7444994793759,btc_qm_engine,btc_leading_zeros,0.0000000000
1137094,7444994793831,btc_qm_engine,btc_sha256_elapsed_ns,739.0000000000
1137095,7444994794033,btc_qm_engine,btc_leading_zeros,1.0000000000
1137096,7444994794215,btc_qm_engine,btc_sha256_nonce,1228901923.0000000000
1137097,7444994794291,btc_qm_engine,btc_leading_zeros,2.0000000000
1137098,7444994794373,btc_qm_engine,btc_sha256_elapsed_ns,1086.0000000000
1137099,7444994794526,btc_qm_engine,btc_leading_zeros,0.0000000000
1137100,7444994794898,btc_qm_engine,btc_sha256_elapsed_ns,1030.0000000000
1137101,7444994795009,btc_qm_engine,btc_leading_zeros,0.0000000000
1137102,7444994795117,btc_qm_engine,btc_sha256_elapsed_ns,1112.0000000000
1137103,7444994795369,btc_qm_engine,btc_sha256_elapsed_ns,1072.0000000000
1137104,7444994795477,btc_qm_engine,btc_sha256_nonce,1910709085.0000000000
1137105,7444994795684,btc_qm_engine,btc_sha256_nonce,1697476108.0000000000
1137106,7444994795879,btc_qm_engine,btc_leading_zeros,1.0000000000
1137107,7444994795955,btc_qm_engine,btc_sha256_elapsed_ns,966.0000000000
1137108,7444994796197,btc_qm_engine,btc_sha256_elapsed_ns,1092.0000000000
1137109,7444994796407,btc_qm_engine,btc_leading_zeros,1.0000000000
1137110,7444994796691,btc_qm_engine,btc_sha256_nonce,1278072710.0000000000
1137111,7444994796777,btc_qm_engine,btc_leading_zeros,0.0000000000
1137112,7444994797012,btc_qm_engine,btc_sha256_nonce,218590146.0000000000
1137113,7444994797247,btc_qm_engine,btc_sha256_nonce,4177508287.0000000000
1137114,7444994797379,btc_qm_engine,btc_sha256_nonce,2666848485.0000000000
1137115,7444994797542,btc_qm_engine,btc_leading_zeros,1.0000000000
1137116,7444994797614,btc_qm_engine,btc_sha256_elapsed_ns,851.0000000000
1137117,7444994797726,btc_qm_engine,btc_sha256_elapsed_ns,1051.0000000000
1137118,7444994797926,btc_qm_engine,btc_sha256_elapsed_ns,1061.0000000000
1137119,7444994798209,btc_qm_engine,btc_leading_zeros,1.0000000000
1137120,7444994798279,btc_qm_engine,btc_sha256_elapsed_ns,1063.0000000000
1137121,7444994798387,btc_qm_engine,btc_sha256_nonce,1330213664.0000000000
1137122,7444994798756,btc_qm_engine,btc_sha256_nonce,2347449214.0000000000
1137123,7444994799382,btc_qm_engine,btc_sha256_nonce,1841906244.0000000000
1137124,7444994799453,btc_qm_engine,btc_leading_zeros,1.0000000000
1137125,7444994799564,btc_qm_engine,btc_sha256_elapsed_ns,874.0000000000
1137126,7444994799690,btc_qm_engine,btc_leading_zeros,2.0000000000
1137127,7444994799975,btc_qm_engine,btc_sha256_nonce,184286330.0000000000
1137128,7444994800155,btc_qm_engine,btc_sha256_elapsed_ns,868.0000000000
1137129,7444994800377,btc_qm_engine,btc_leading_zeros,0.0000000000
1137130,7444994800487,btc_qm_engine,btc_sha256_elapsed_ns,1087.0000000000
1137131,7444994800759,btc_qm_engine,btc_sha256_nonce,2105025202.0000000000
1137132,7444994801309,btc_qm_engine,btc_leading_zeros,3.0000000000
1137133,7444994801488,btc_qm_engine,btc_leading_zeros,0.0000000000
1137134,7444994801562,btc_qm_engine,btc_sha256_elapsed_ns,1056.0000000000
1137135,7444994801702,btc_qm_engine,btc_sha256_elapsed_ns,983.0000000000
1137136,7444994801983,btc_qm_engine,btc_sha256_nonce,4008364909.0000000000
1137137,7444994802069,btc_qm_engine,btc_leading_zeros,3.0000000000
1137138,7444994802214,btc_qm_engine,btc_sha256_nonce,1681761347.0000000000
1137139,7444994802689,btc_qm_engine,btc_sha256_elapsed_ns,1046.0000000000
1137140,7444994802799,btc_qm_engine,btc_leading_zeros,0.0000000000
1137141,7444994802873,btc_qm_engine,btc_sha256_elapsed_ns,732.0000000000
1137142,7444994803075,btc_qm_engine,btc_sha256_nonce,3485149131.0000000000
1137143,7444994803490,btc_qm_engine,btc_leading_zeros,0.0000000000
1137144,7444994803637,btc_qm_engine,btc_sha256_elapsed_ns,1129.0000000000
1137145,7444994804010,btc_qm_engine,btc_leading_zeros,0.0000000000
1137146,7444994804273,btc_qm_engine,btc_sha256_nonce,749348272.0000000000
1137147,7444994804542,btc_qm_engine,btc_sha256_nonce,2242972546.0000000000
1137148,7444994804690,btc_qm_engine,btc_sha256_nonce,901800232.0000000000
1137149,7444994804763,btc_qm_engine,btc_leading_zeros,1.0000000000
1137150,7444994804832,btc_qm_engine,btc_sha256_elapsed_ns,1104.0000000000
1137151,7444994805168,btc_qm_engine,btc_sha256_nonce,2336024656.0000000000
1137152,7444994805247,btc_qm_engine,btc_leading_zeros,2.0000000000
1137153,7444994805309,btc_qm_engine,btc_sha256_elapsed_ns,1031.0000000000
1137154,7444994805802,btc_qm_engine,btc_leading_zeros,1.0000000000
1137155,7444994805949,btc_qm_engine,btc_sha256_nonce,2898187963.0000000000
1137156,7444994806171,btc_qm_engine,btc_sha256_nonce,3060503613.0000000000
1137157,7444994806243,btc_qm_engine,btc_leading_zeros,2.0000000000
1137158,7444994806305,btc_qm_engine,btc_sha256_elapsed_ns,1100.0000000000
1137159,7444994806471,btc_qm_engine,btc_leading_zeros,3.0000000000
1137160,7444994806549,btc_qm_engine,btc_sha256_elapsed_ns,947.0000000000
1137161,7444994807008,btc_qm_engine,btc_leading_zeros,0.0000000000
1137162,7444994807080,btc_qm_engine,btc_sha256_elapsed_ns,996.0000000000
1137163,7444994807241,btc_qm_engine,btc_sha256_nonce,1474292638.0000000000
1137164,7444994807700,btc_qm_engine,btc_leading_zeros,1.0000000000
1137165,7444994807941,btc_qm_engine,btc_sha256_nonce,637391061.0000000000
1137166,7444994808129,btc_qm_engine,btc_sha256_elapsed_ns,1099.0000000000
1137167,7444994808508,btc_qm_engine,btc_sha256_elapsed_ns,940.0000000000
1137168,7444994808696,btc_qm_engine,btc_leading_zeros,1.0000000000
1137169,7444994809003,btc_qm_engine,btc_sha256_nonce,2440808141.0000000000
1137170,7444994809168,btc_qm_engine,btc_sha256_elapsed_ns,1071.0000000000
1137171,7444994809367,btc_qm_engine,btc_sha256_nonce,748926271.0000000000
1137172,7444994809531,btc_qm_engine,btc_leading_zeros,0.0000000000
1137173,7444994809815,btc_qm_engine,btc_sha256_nonce,2058548433.0000000000
1137174,7444994809985,btc_qm_engine,btc_sha256_elapsed_ns,1104.0000000000
1137175,7444994810238,btc_qm_engine,btc_sha256_nonce,3288033735.0000000000
1137176,7444994810408,btc_qm_engine,btc_sha256_nonce,1985794632.0000000000
1137177,7444994810614,btc_qm_engine,btc_sha256_nonce,345929582.0000000000
1137178,7444994811408,btc_qm_engine,btc_leading_zeros,2.0000000000
1137179,7444994811576,btc_qm_engine,btc_leading_zeros,0.0000000000
1137180,7444994811665,btc_qm_engine,btc_leading_zeros,2.0000000000
1137181,7444994811834,btc_qm_engine,btc_sha256_elapsed_ns,978.0000000000
1137182,7444994812069,btc_qm_engine,btc_sha256_elapsed_ns,1006.0000000000
1137183,7444994812339,btc_qm_engine,btc_sha256_nonce,654304448.0000000000
1137184,7444994813067,btc_qm_engine,btc_sha256_elapsed_ns,1110.0000000000
1137185,7444994813431,btc_qm_engine,btc_leading_zeros,1.0000000000
1137186,7444994813664,btc_qm_engine,btc_leading_zeros,1.0000000000
1137187,7444994813821,btc_qm_engine,btc_sha256_nonce,2945591210.0000000000
1137188,7444994813987,btc_qm_engine,btc_sha256_elapsed_ns,1105.0000000000
1137189,7444994814170,btc_qm_engine,btc_sha256_elapsed_ns,986.0000000000
1137190,7444994814464,btc_qm_engine,btc_leading_zeros,1.0000000000
1137191,7444994814735,btc_qm_engine,btc_sha256_nonce,233627296.0000000000
1137192,7444994814966,btc_qm_engine,btc_leading_zeros,1.0000000000
1137193,7444994815356,btc_qm_engine,btc_sha256_nonce,1157376287.0000000000
1137194,7444994815632,btc_qm_engine,btc_sha256_elapsed_ns,984.0000000000
1137195,7444994815775,btc_qm_engine,btc_sha256_nonce,3448743203.0000000000
1137196,7444994815848,btc_qm_engine,btc_leading_zeros,0.0000000000
1137197,7444994816557,btc_qm_engine,btc_sha256_nonce,519919561.0000000000
1137198,7444994816802,btc_qm_engine,btc_leading_zeros,1.0000000000
1137199,7444994816928,btc_qm_engine,btc_sha256_elapsed_ns,1091.0000000000
1137200,7444994817154,btc_qm_engine,btc_sha256_elapsed_ns,1058.0000000000
1137201,7444994817522,btc_qm_engine,btc_leading_zeros,0.0000000000
1137202,7444994817754,btc_qm_engine,btc_sha256_elapsed_ns,915.0000000000
1137203,7444994817928,btc_qm_engine,btc_sha256_elapsed_ns,1014.0000000000
1137204,7444994818156,btc_qm_engine,btc_sha256_nonce,174757123.0000000000
1137205,7444994818314,btc_qm_engine,btc_sha256_nonce,2843873228.0000000000
1137206,7444994818404,btc_qm_engine,btc_leading_zeros,0.0000000000
1137207,7444994818581,btc_qm_engine,btc_leading_zeros,2.0000000000
1137208,7444994818655,btc_qm_engine,btc_sha256_elapsed_ns,1002.0000000000
1137209,7444994818834,btc_qm_engine,btc_sha256_nonce,1884122763.0000000000
1137210,7444994819189,btc_qm_engine,btc_sha256_elapsed_ns,1086.0000000000
1137211,7444994819299,btc_qm_engine,btc_leading_zeros,0.0000000000
1137212,7444994819574,btc_qm_engine,btc_sha256_nonce,2053191256.0000000000
1137213,7444994819656,btc_qm_engine,btc_leading_zeros,1.0000000000
1137214,7444994819731,btc_qm_engine,btc_sha256_elapsed_ns,1130.0000000000
1137215,7444994819840,btc_qm_engine,btc_sha256_elapsed_ns,1033.0000000000
1137216,7444994820018,btc_qm_engine,btc_sha256_nonce,778774632.0000000000
1137217,7444994820096,btc_qm_engine,btc_leading_zeros,2.0000000000
1137218,7444994820177,btc_qm_engine,btc_sha256_elapsed_ns,1014.0000000000
1137219,7444994820296,btc_qm_engine,btc_sha256_nonce,3958428149.0000000000
1137220,7444994820619,btc_qm_engine,btc_sha256_elapsed_ns,926.0000000000
1137221,7444994821010,btc_qm_engine,btc_sha256_nonce,3446512112.0000000000
1137222,7444994821085,btc_qm_engine,btc_leading_zeros,1.0000000000
1137223,7444994821452,btc_qm_engine,btc_sha256_nonce,1726344176.0000000000
1137224,7444994821609,btc_qm_engine,btc_sha256_elapsed_ns,1048.0000000000
1137225,7444994821811,btc_qm_engine,btc_leading_zeros,0.0000000000
1137226,7444994822398,btc_qm_engine,btc_sha256_nonce,2058806235.0000000000
1137227,7444994822484,btc_qm_engine,btc_leading_zeros,0.0000000000
1137228,7444994822545,btc_qm_engine,btc_sha256_elapsed_ns,903.0000000000
1137229,7444994822653,btc_qm_engine,btc_sha256_nonce,1688225147.0000000000
1137230,7444994822858,btc_qm_engine,btc_sha256_elapsed_ns,1059.0000000000
1137231,7444994822959,btc_qm_engine,btc_sha256_nonce,64726231.0000000000
1137232,7444994823101,btc_qm_engine,btc_leading_zeros,0.0000000000
1137233,7444994823178,btc_qm_engine,btc_sha256_elapsed_ns,789.0000000000
1137234,7444994823275,btc_qm_engine,btc_sha256_nonce,3277912352.0000000000
1137235,7444994823426,btc_qm_engine,btc_leading_zeros,0.0000000000
1137236,7444994823628,btc_qm_engine,btc_sha256_nonce,1614523634.0000000000
1137237,7444994823846,btc_qm_engine,btc_sha256_elapsed_ns,28534.0000000000
1137238,7444994824017,btc_qm_engine,btc_leading_zeros,1.0000000000
1137239,7444994824108,btc_qm_engine,btc_sha256_elapsed_ns,735.0000000000
1137240,7444994824255,btc_qm_engine,btc_sha256_nonce,2334823904.0000000000
1137241,7444994824439,btc_qm_engine,btc_sha256_nonce,2313862407.0000000000
1137242,7444994824525,btc_qm_engine,btc_leading_zeros,2.0000000000
1137243,7444994824590,btc_qm_engine,btc_sha256_elapsed_ns,968.0000000000
1137244,7444994824740,btc_qm_engine,btc_leading_zeros,0.0000000000
1137245,7444994824813,btc_qm_engine,btc_sha256_elapsed_ns,1080.0000000000
1137246,7444994825497,btc_qm_engine,btc_sha256_nonce,2172435582.0000000000
1137247,7444994825942,btc_qm_engine,btc_sha256_nonce,2058372950.0000000000
1137248,7444994826016,btc_qm_engine,btc_leading_zeros,2.0000000000
1137249,7444994826087,btc_qm_engine,btc_sha256_elapsed_ns,1131.0000000000
1137250,7444994826220,btc_qm_engine,btc_sha256_nonce,4189701035.0000000000
1137251,7444994826323,btc_qm_engine,btc_leading_zeros,1.0000000000
1137252,7444994826458,btc_qm_engine,btc_sha256_nonce,1019486062.0000000000
1137253,7444994826883,btc_qm_engine,btc_leading_zeros,0.0000000000
1137254,7444994827374,btc_qm_engine,btc_sha256_nonce,2018860595.0000000000
1137255,7444994827724,btc_qm_engine,btc_sha256_elapsed_ns,1130.0000000000
1137256,7444994827971,btc_qm_engine,btc_sha256_elapsed_ns,1020.0000000000
1137257,7444994828153,btc_qm_engine,btc_leading_zeros,0.0000000000
1137258,7444994828298,btc_qm_engine,btc_sha256_nonce,818343545.0000000000
1137259,7444994828379,btc_qm_engine,btc_leading_zeros,0.0000000000
1137260,7444994828461,btc_qm_engine,btc_sha256_elapsed_ns,1107.0000000000
1137261,7444994828572,btc_qm_engine,btc_sha256_elapsed_ns,957.0000000000
1137262,7444994829097,btc_qm_engine,btc_leading_zeros,1.0000000000
1137263,7444994829369,btc_qm_engine,btc_sha256_nonce,3114610585.0000000000
1137264,7444994829447,btc_qm_engine,btc_leading_zeros,2.0000000000
1137265,7444994829533,btc_qm_engine,btc_sha256_elapsed_ns,1098.0000000000
1137266,7444994829698,btc_qm_engine,btc_sha256_elapsed_ns,974.0000000000
1137267,7444994829813,btc_qm_engine,btc_sha256_nonce,216734693.0000000000
1137268,7444994829989,btc_qm_engine,btc_sha256_nonce,601538495.0000000000
1137269,7444994830211,btc_qm_engine,btc_leading_zeros,0.0000000000
1137270,7444994830498,btc_qm_engine,btc_leading_zeros,0.0000000000
1137271,7444994830877,btc_qm_engine,btc_sha256_elapsed_ns,1065.0000000000
1137272,7444994831065,btc_qm_engine,btc_sha256_nonce,424719539.0000000000
1137273,7444994831151,btc_qm_engine,btc_leading_zeros,1.0000000000
1137274,7444994831218,btc_qm_engine,btc_sha256_elapsed_ns,1018.0000000000
1137275,7444994831404,btc_qm_engine,btc_sha256_elapsed_ns,1065.0000000000
1137276,7444994831891,btc_qm_engine,btc_leading_zeros,2.0000000000
1137277,7444994832344,btc_qm_engine,btc_leading_zeros,0.0000000000
1137278,7444994832407,btc_qm_engine,btc_sha256_elapsed_ns,1050.0000000000
1137279,7444994832518,btc_qm_engine,btc_sha256_nonce,3711403304.0000000000
1137280,7444994832646,btc_qm_engine,btc_leading_zeros,0.0000000000
1137281,7444994833055,btc_qm_engine,btc_sha256_nonce,2026449211.0000000000
1137282,7444994833229,btc_qm_engine,btc_sha256_elapsed_ns,1038.0000000000
1137283,7444994833387,btc_qm_engine,btc_sha256_nonce,1509281546.0000000000
1137284,7444994833861,btc_qm_engine,btc_leading_zeros,0.0000000000
1137285,7444994833929,btc_qm_engine,btc_leading_zeros,1.0000000000
1137286,7444994834066,btc_qm_engine,btc_sha256_elapsed_ns,740.0000000000
1137287,7444994834300,btc_qm_engine,btc_sha256_elapsed_ns,1126.0000000000
1137288,7444994834498,btc_qm_engine,btc_sha256_nonce,1603466210.0000000000
1137289,7444994834584,btc_qm_engine,btc_leading_zeros,2.0000000000
1137290,7444994834648,btc_qm_engine,btc_sha256_elapsed_ns,1006.0000000000
1137291,7444994835440,btc_qm_engine,btc_sha256_nonce,1330214139.0000000000
1137292,7444994835605,btc_qm_engine,btc_sha256_nonce,1444864833.0000000000
1137293,7444994835680,btc_qm_engine,btc_leading_zeros,1.0000000000
1137294,7444994835752,btc_qm_engine,btc_sha256_elapsed_ns,1066.0000000000
1137295,7444994835872,btc_qm_engine,btc_leading_zeros,4.0000000000
1137296,7444994836103,btc_qm_engine,btc_sha256_nonce,2437783832.0000000000
1137297,7444994836438,btc_qm_engine,btc_sha256_nonce,923267167.0000000000
1137298,7444994836638,btc_qm_engine,btc_sha256_elapsed_ns,1106.0000000000
1137299,7444994836918,btc_qm_engine,btc_sha256_nonce,3624052570.0000000000
1137300,7444994836978,btc_qm_engine,btc_leading_zeros,0.0000000000
1137301,7444994837041,btc_qm_engine,btc_sha256_elapsed_ns,947.0000000000
1137302,7444994837174,btc_qm_engine,btc_leading_zeros,0.0000000000
1137303,7444994837305,btc_qm_engine,btc_leading_zeros,0.0000000000
1137304,7444994837380,btc_qm_engine,btc_sha256_elapsed_ns,1067.0000000000
1137305,7444994837578,btc_qm_engine,btc_sha256_elapsed_ns,1068.0000000000
1137306,7444994837884,btc_qm_engine,btc_sha256_nonce,683034433.0000000000
1137307,7444994838234,btc_qm_engine,btc_leading_zeros,3.0000000000
1137308,7444994838308,btc_qm_engine,btc_sha256_elapsed_ns,1124.0000000000
1137309,7444994838779,btc_qm_engine,btc_sha256_nonce,1918466357.0000000000
1137310,7444994838860,btc_qm_engine,btc_leading_zeros,0.0000000000
1137311,7444994839043,btc_qm_engine,btc_sha256_nonce,1931687855.0000000000
1137312,7444994839137,btc_qm_engine,btc_leading_zeros,1.0000000000
1137313,7444994839212,btc_qm_engine,btc_sha256_elapsed_ns,1070.0000000000
1137314,7444994839418,btc_qm_engine,btc_sha256_nonce,287580669.0000000000
1137315,7444994839695,btc_qm_engine,btc_sha256_nonce,748461270.0000000000
1137316,7444994839794,btc_qm_engine,btc_sha256_nonce,2898568698.0000000000
1137317,7444994840004,btc_qm_engine,btc_sha256_nonce,2396969464.0000000000
1137318,7444994840079,btc_qm_engine,btc_leading_zeros,0.0000000000
1137319,7444994840148,btc_qm_engine,btc_sha256_elapsed_ns,1022.0000000000
1137320,7444994840421,btc_qm_engine,btc_leading_zeros,0.0000000000
1137321,7444994840496,btc_qm_engine,btc_sha256_elapsed_ns,1094.0000000000
1137322,7444994840575,btc_qm_engine,btc_leading_zeros,0.0000000000
1137323,7444994840969,btc_qm_engine,btc_sha256_elapsed_ns,1052.0000000000
1137324,7444994841153,btc_qm_engine,btc_sha256_nonce,2166358260.0000000000
1137325,7444994841369,btc_qm_engine,btc_sha256_nonce,2205831359.0000000000
1137326,7444994841564,btc_qm_engine,btc_sha256_nonce,1040624671.0000000000
1137327,7444994842112,btc_qm_engine,btc_leading_zeros,0.0000000000
1137328,7444994842261,btc_qm_engine,btc_sha256_nonce,2021544467.0000000000
1137329,7444994842566,btc_qm_engine,btc_leading_zeros,2.0000000000
1137330,7444994843160,btc_qm_engine,btc_sha256_elapsed_ns,1030.0000000000
1137331,7444994843276,btc_qm_engine,btc_sha256_elapsed_ns,1005.0000000000
1137332,7444994843344,btc_qm_engine,btc_leading_zeros,0.0000000000
1137333,7444994843673,btc_qm_engine,btc_sha256_elapsed_ns,1093.0000000000
1137334,7444994844536,btc_qm_engine,btc_sha256_nonce,749205217.0000000000
1137335,7444994844618,btc_qm_engine,btc_leading_zeros,1.0000000000
1137336,7444994844921,btc_qm_engine,btc_sha256_nonce,431151753.0000000000
1137337,7444994845053,btc_qm_engine,btc_sha256_nonce,558140750.0000000000
1137338,7444994845313,btc_qm_engine,btc_sha256_elapsed_ns,1104.0000000000
1137339,7444994845463,btc_qm_engine,btc_leading_zeros,1.0000000000
1137340,7444994846363,btc_qm_engine,btc_sha256_elapsed_ns,1128.0000000000
1137341,7444994847274,btc_qm_engine,btc_sha256_nonce,2095308294.0000000000
1137342,7444994847343,btc_qm_engine,btc_leading_zeros,1.0000000000
1137343,7444994847409,btc_qm_engine,btc_sha256_elapsed_ns,737.0000000000
1137344,7444994847825,btc_qm_engine,btc_leading_zeros,0.0000000000
1137345,7444994848290,btc_qm_engine,btc_sha256_elapsed_ns,744.0000000000
1137346,7444994848392,btc_qm_engine,btc_leading_zeros,1.0000000000
1137347,7444994848694,btc_qm_engine,btc_sha256_nonce,2335681364.0000000000
1137348,7444994848744,btc_qm_engine,btc_leading_zeros,0.0000000000
1137349,7444994848814,btc_qm_engine,btc_sha256_elapsed_ns,1001.0000000000
1137350,7444994848987,btc_qm_engine,btc_sha256_elapsed_ns,1104.0000000000
1137351,7444994849557,btc_qm_engine,btc_sha256_nonce,4121038337.0000000000
1137352,7444994849639,btc_qm_engine,btc_leading_zeros,1.0000000000
1137353,7444994849718,btc_qm_engine,btc_sha256_elapsed_ns,1264.0000000000
1137354,7444994849794,btc_qm_engine,btc_sha256_nonce,2883829706.0000000000
1137355,7444994850132,btc_qm_engine,btc_leading_zeros,1.0000000000
1137356,7444994850206,btc_qm_engine,btc_sha256_elapsed_ns,1251.0000000000
1137357,7444994850379,btc_qm_engine,btc_sha256_nonce,776117397.0000000000
1137358,7444994850742,btc_qm_engine,btc_sha256_nonce,2334839043.0000000000
1137359,7444994850812,btc_qm_engine,btc_leading_zeros,0.0000000000
1137360,7444994851056,btc_qm_engine,btc_leading_zeros,0.0000000000
1137361,7444994851324,btc_qm_engine,btc_sha256_elapsed_ns,1091.0000000000
1137362,7444994851586,btc_qm_engine,btc_sha256_nonce,3437065953.0000000000
1137363,7444994851818,btc_qm_engine,btc_leading_zeros,0.0000000000
1137364,7444994852072,btc_qm_engine,btc_sha256_elapsed_ns,1047.0000000000
1137365,7444994852273,btc_qm_engine,btc_sha256_nonce,3430464713.0000000000
1137366,7444994852414,btc_qm_engine,btc_sha256_elapsed_ns,1052.0000000000
1137367,7444994852623,btc_qm_engine,btc_leading_zeros,0.0000000000
1137368,7444994852750,btc_qm_engine,btc_leading_zeros,3.0000000000
1137369,7444994852834,btc_qm_engine,btc_sha256_elapsed_ns,1109.0000000000
1137370,7444994853008,btc_qm_engine,btc_sha256_elapsed_ns,1199.0000000000
1137371,7444994853410,btc_qm_engine,btc_sha256_nonce,4155502858.0000000000
1137372,7444994853885,btc_qm_engine,btc_sha256_elapsed_ns,1171.0000000000
1137373,7444994853998,btc_qm_engine,btc_leading_zeros,1.0000000000
1137374,7444994854352,btc_qm_engine,btc_sha256_nonce,262947374.0000000000
1137375,7444994854545,btc_qm_engine,btc_sha256_elapsed_ns,1126.0000000000
1137376,7444994854980,btc_qm_engine,btc_sha256_nonce,2767289828.0000000000
1137377,7444994855380,btc_qm_engine,btc_sha256_nonce,331534159.0000000000
1137378,7444994855692,btc_qm_engine,btc_leading_zeros,1.0000000000
1137379,7444994856051,btc_qm_engine,btc_sha256_elapsed_ns,1024.0000000000
1137380,7444994856436,btc_qm_engine,btc_leading_zeros,4.0000000000
1137381,7444994856743,btc_qm_engine,btc_sha256_elapsed_ns,1064.0000000000
1137382,7444994857257,btc_qm_engine,btc_leading_zeros,0.0000000000
1137383,7444994857457,btc_qm_engine,btc_sha256_nonce,3854987968.0000000000
1137384,7444994857547,btc_qm_engine,btc_leading_zeros,1.0000000000
1137385,7444994857618,btc_qm_engine,btc_sha256_elapsed_ns,998.0000000000
1137386,7444994857740,btc_qm_engine,btc_sha256_nonce,4150929315.0000000000
1137387,7444994857982,btc_qm_engine,btc_sha256_nonce,2898889359.0000000000
1137388,7444994858089,btc_qm_engine,btc_leading_zeros,1.0000000000
1137389,7444994858160,btc_qm_engine,btc_sha256_elapsed_ns,1005.0000000000
1137390,7444994858294,btc_qm_engine,btc_leading_zeros,3.0000000000
1137391,7444994858364,btc_qm_engine,btc_sha256_elapsed_ns,1106.0000000000
1137392,7444994858515,btc_qm_engine,btc_sha256_elapsed_ns,1107.0000000000
1137393,7444994858632,btc_qm_engine,btc_sha256_nonce,2058429606.0000000000
1137394,7444994858719,btc_qm_engine,btc_sha256_nonce,670117168.0000000000
1137395,7444994858797,btc_qm_engine,btc_leading_zeros,0.0000000000
1137396,7444994858860,btc_qm_engine,btc_sha256_elapsed_ns,1060.0000000000
1137397,7444994858972,btc_qm_engine,btc_sha256_nonce,3589890553.0000000000
1137398,7444994859052,btc_qm_engine,btc_leading_zeros,0.0000000000
1137399,7444994859336,btc_qm_engine,btc_leading_zeros,1.0000000000
1137400,7444994859740,btc_qm_engine,btc_sha256_nonce,3904074458.0000000000
1137401,7444994859889,btc_qm_engine,btc_sha256_elapsed_ns,1097.0000000000
1137402,7444994860095,btc_qm_engine,btc_sha256_nonce,3366131436.0000000000
1137403,7444994860521,btc_qm_engine,btc_sha256_nonce,48576226.0000000000
1137404,7444994860810,btc_qm_engine,btc_leading_zeros,0.0000000000
1137405,7444994861764,btc_qm_engine,btc_sha256_elapsed_ns,1017.0000000000
1137406,7444994862369,btc_qm_engine,btc_leading_zeros,0.0000000000
1137407,7444994862487,btc_qm_engine,btc_sha256_elapsed_ns,943.0000000000
1137408,7444994863049,btc_qm_engine,btc_sha256_nonce,3149283080.0000000000
1137409,7444994863121,btc_qm_engine,btc_leading_zeros,0.0000000000
1137410,7444994863209,btc_qm_engine,btc_sha256_elapsed_ns,1005.0000000000
1137411,7444994863624,btc_qm_engine,btc_leading_zeros,0.0000000000
1137412,7444994863859,btc_qm_engine,btc_sha256_nonce,1866197846.0000000000
1137413,7444994864054,btc_qm_engine,btc_sha256_nonce,684553423.0000000000
1137414,7444994864162,btc_qm_engine,btc_leading_zeros,2.0000000000
1137415,7444994864232,btc_qm_engine,btc_sha256_elapsed_ns,1024.0000000000
1137416,7444994864298,btc_qm_engine,btc_leading_zeros,2.0000000000
1137417,7444994864373,btc_qm_engine,btc_sha256_elapsed_ns,1080.0000000000
1137418,7444994864556,btc_qm_engine,btc_sha256_nonce,3042544596.0000000000
1137419,7444994864639,btc_qm_engine,btc_leading_zeros,3.0000000000
1137420,7444994864731,btc_qm_engine,btc_sha256_elapsed_ns,1087.0000000000
1137421,7444994864849,btc_qm_engine,btc_sha256_elapsed_ns,941.0000000000
1137422,7444994865279,btc_qm_engine,btc_sha256_elapsed_ns,1086.0000000000
1137423,7444994865446,btc_qm_engine,btc_sha256_nonce,3439311661.0000000000
1137424,7444994865973,btc_qm_engine,btc_sha256_nonce,463931288.0000000000
1137425,7444994866159,btc_qm_engine,btc_sha256_nonce,3332842002.0000000000
1137426,7444994866441,btc_qm_engine,btc_sha256_nonce,164313543.0000000000
1137427,7444994866855,btc_qm_engine,btc_sha256_nonce,1492144224.0000000000
1137428,7444994866928,btc_qm_engine,btc_leading_zeros,1.0000000000
1137429,7444994867002,btc_qm_engine,btc_sha256_elapsed_ns,999.0000000000
1137430,7444994867278,btc_qm_engine,btc_leading_zeros,1.0000000000
1137431,7444994867379,btc_qm_engine,btc_sha256_elapsed_ns,976.0000000000
1137432,7444994867474,btc_qm_engine,btc_sha256_nonce,553692189.0000000000
1137433,7444994867612,btc_qm_engine,btc_leading_zeros,0.0000000000
1137434,7444994867928,btc_qm_engine,btc_leading_zeros,0.0000000000
1137435,7444994868248,btc_qm_engine,btc_leading_zeros,1.0000000000
1137436,7444994868603,btc_qm_engine,btc_sha256_nonce,2730667784.0000000000
1137437,7444994868692,btc_qm_engine,btc_leading_zeros,0.0000000000
1137438,7444994868757,btc_qm_engine,btc_sha256_elapsed_ns,943.0000000000
1137439,7444994868958,btc_qm_engine,btc_sha256_elapsed_ns,1050.0000000000
1137440,7444994869255,btc_qm_engine,btc_leading_zeros,1.0000000000
1137441,7444994869671,btc_qm_engine,btc_sha256_elapsed_ns,1035.0000000000
1137442,7444994870017,btc_qm_engine,btc_sha256_nonce,659160582.0000000000
1137443,7444994870158,btc_qm_engine,btc_leading_zeros,1.0000000000
1137444,7444994870233,btc_qm_engine,btc_sha256_elapsed_ns,930.0000000000
1137445,7444994870633,btc_qm_engine,btc_sha256_nonce,1330660220.0000000000
1137446,7444994870994,btc_qm_engine,btc_leading_zeros,0.0000000000
1137447,7444994871087,btc_qm_engine,btc_leading_zeros,4.0000000000
1137448,7444994871366,btc_qm_engine,btc_sha256_nonce,3246451362.0000000000
1137449,7444994871484,btc_qm_engine,btc_leading_zeros,2.0000000000
1137450,7444994871570,btc_qm_engine,btc_sha256_elapsed_ns,846.0000000000
1137451,7444994871738,btc_qm_engine,btc_sha256_elapsed_ns,726.0000000000
1137452,7444994871890,btc_qm_engine,btc_sha256_elapsed_ns,1085.0000000000
1137453,7444994872083,btc_qm_engine,btc_sha256_elapsed_ns,1110.0000000000
1137454,7444994872845,btc_qm_engine,btc_sha256_nonce,2636388400.0000000000
1137455,7444994873010,btc_qm_engine,btc_leading_zeros,0.0000000000
1137456,7444994873264,btc_qm_engine,btc_sha256_elapsed_ns,1010.0000000000
1137457,7444994873485,btc_qm_engine,btc_sha256_nonce,2155166421.0000000000
1137458,7444994873670,btc_qm_engine,btc_sha256_nonce,223976122.0000000000
1137459,7444994873747,btc_qm_engine,btc_leading_zeros,0.0000000000
1137460,7444994873802,btc_qm_engine,btc_sha256_elapsed_ns,1061.0000000000
1137461,7444994874151,btc_qm_engine,btc_sha256_nonce,3575267205.0000000000
1137462,7444994874410,btc_qm_engine,btc_leading_zeros,12.0000000000
1137463,7444994874563,btc_qm_engine,btc_sha256_elapsed_ns,1021.0000000000
1137464,7444994874983,btc_qm_engine,btc_sha256_nonce,776119093.0000000000
1137465,7444994875120,btc_qm_engine,btc_sha256_nonce,3023715649.0000000000
1137466,7444994875200,btc_qm_engine,btc_leading_zeros,1.0000000000
1137467,7444994875277,btc_qm_engine,btc_sha256_elapsed_ns,1006.0000000000
1137468,7444994875426,btc_qm_engine,btc_leading_zeros,0.0000000000
1137469,7444994875584,btc_qm_engine,btc_leading_zeros,1.0000000000
1137470,7444994875860,btc_qm_engine,btc_sha256_elapsed_ns,1104.0000000000
1137471,7444994876116,btc_qm_engine,btc_sha256_elapsed_ns,1076.0000000000
1137472,7444994876566,btc_qm_engine,btc_sha256_nonce,2547843529.0000000000
1137473,7444994876653,btc_qm_engine,btc_leading_zeros,3.0000000000
1137474,7444994876730,btc_qm_engine,btc_sha256_elapsed_ns,1039.0000000000
1137475,7444994877058,btc_qm_engine,btc_sha256_elapsed_ns,912.0000000000
1137476,7444994877447,btc_qm_engine,btc_sha256_nonce,2568606383.0000000000
1137477,7444994877527,btc_qm_engine,btc_leading_zeros,2.0000000000
1137478,7444994877923,btc_qm_engine,btc_sha256_elapsed_ns,994.0000000000
1137479,7444994878025,btc_qm_engine,btc_sha256_nonce,3911188075.0000000000
1137480,7444994878358,btc_qm_engine,btc_leading_zeros,1.0000000000
1137481,7444994878674,btc_qm_engine,btc_sha256_nonce,3480483033.0000000000
1137482,7444994878880,btc_qm_engine,btc_sha256_nonce,3190120632.0000000000
1137483,7444994878990,btc_qm_engine,btc_leading_zeros,0.0000000000
1137484,7444994879056,btc_qm_engine,btc_sha256_elapsed_ns,965.0000000000
1137485,7444994879225,btc_qm_engine,btc_sha256_nonce,3594806559.0000000000
1137486,7444994879370,btc_qm_engine,btc_leading_zeros,0.0000000000
1137487,7444994879455,btc_qm_engine,btc_sha256_elapsed_ns,1091.0000000000
1137488,7444994879590,btc_qm_engine,btc_sha256_elapsed_ns,1032.0000000000
1137489,7444994879714,btc_qm_engine,btc_sha256_nonce,2997747329.0000000000
1137490,7444994880046,btc_qm_engine,btc_sha256_nonce,3386239825.0000000000
1137491,7444994880205,btc_qm_engine,btc_leading_zeros,1.0000000000
1137492,7444994880439,btc_qm_engine,btc_sha256_elapsed_ns,1122.0000000000
1137493,7444994880661,btc_qm_engine,btc_sha256_nonce,373329786.0000000000
1137494,7444994880788,btc_qm_engine,btc_leading_zeros,0.0000000000
1137495,7444994880969,btc_qm_engine,btc_sha256_nonce,228192817.0000000000
1137496,7444994881254,btc_qm_engine,btc_sha256_elapsed_ns,962.0000000000
1137497,7444994881384,btc_qm_engine,btc_sha256_nonce,1288876808.0000000000
1137498,7444994881600,btc_qm_engine,btc_leading_zeros,0.0000000000
1137499,7444994881770,btc_qm_engine,btc_sha256_nonce,805809377.0000000000
1137500,7444994882054,btc_qm_engine,btc_leading_zeros,0.0000000000
1137501,7444994882202,btc_qm_engine,btc_leading_zeros,0.0000000000
1137502,7444994882279,btc_qm_engine,btc_sha256_elapsed_ns,856.0000000000
1137503,7444994882358,btc_qm_engine,btc_sha256_elapsed_ns,943.0000000000
1137504,7444994882565,btc_qm_engine,btc_sha256_nonce,749264946.0000000000
1137505,7444994882645,btc_qm_engine,btc_leading_zeros,0.0000000000
1137506,7444994882741,btc_qm_engine,btc_sha256_elapsed_ns,1004.0000000000
1137507,7444994882865,btc_qm_engine,btc_leading_zeros,1.0000000000
1137508,7444994883414,btc_qm_engine,btc_sha256_elapsed_ns,1011.0000000000
1137509,7444994883572,btc_qm_engine,btc_sha256_nonce,3862463631.0000000000
1137510,7444994883910,btc_qm_engine,btc_leading_zeros,1.0000000000
1137511,7444994884085,btc_qm_engine,btc_sha256_nonce,2366167388.0000000000
1137512,7444994884286,btc_qm_engine,btc_sha256_elapsed_ns,1059.0000000000
1137513,7444994884586,btc_qm_engine,btc_leading_zeros,0.0000000000
1137514,7444994884994,btc_qm_engine,btc_sha256_nonce,3187849798.0000000000
1137515,7444994885065,btc_qm_engine,btc_leading_zeros,1.0000000000
1137516,7444994885157,btc_qm_engine,btc_sha256_elapsed_ns,972.0000000000
1137517,7444994885350,btc_qm_engine,btc_sha256_elapsed_ns,1045.0000000000
1137518,7444994885787,btc_qm_engine,btc_sha256_nonce,2058950026.0000000000
1137519,7444994886059,btc_qm_engine,btc_leading_zeros,0.0000000000
1137520,7444994886179,btc_qm_engine,btc_sha256_nonce,653770822.0000000000
1137521,7444994886368,btc_qm_engine,btc_leading_zeros,1.0000000000
1137522,7444994887040,btc_qm_engine,btc_leading_zeros,2.0000000000
1137523,7444994887241,btc_qm_engine,btc_sha256_nonce,1043235409.0000000000
1137524,7444994887469,btc_qm_engine,btc_sha256_elapsed_ns,904.0000000000
1137525,7444994887677,btc_qm_engine,btc_leading_zeros,0.0000000000
1137526,7444994888105,btc_qm_engine,btc_sha256_elapsed_ns,953.0000000000
1137527,7444994888341,btc_qm_engine,btc_sha256_elapsed_ns,840.0000000000
1137528,7444994888802,btc_qm_engine,btc_sha256_nonce,3674892194.0000000000
1137529,7444994889054,btc_qm_engine,btc_sha256_elapsed_ns,1059.0000000000
1137530,7444994889385,btc_qm_engine,btc_leading_zeros,2.0000000000
1137531,7444994889793,btc_qm_engine,btc_sha256_elapsed_ns,1049.0000000000
1137532,7444994889898,btc_qm_engine,btc_sha256_nonce,3205747830.0000000000
1137533,7444994890232,btc_qm_engine,btc_leading_zeros,4.0000000000
1137534,7444994890298,btc_qm_engine,btc_sha256_elapsed_ns,971.0000000000
1137535,7444994890436,btc_qm_engine,btc_sha256_nonce,4094599105.0000000000
1137536,7444994890765,btc_qm_engine,btc_leading_zeros,1.0000000000
1137537,7444994890830,btc_qm_engine,btc_sha256_nonce,4286261891.0000000000
1137538,7444994891179,btc_qm_engine,btc_sha256_nonce,3485112090.0000000000
1137539,7444994891371,btc_qm_engine,btc_leading_zeros,1.0000000000
1137540,7444994891557,btc_qm_engine,btc_sha256_nonce,3906678146.0000000000
1137541,7444994892051,btc_qm_engine,btc_sha256_nonce,2131330627.0000000000
1137542,7444994892163,btc_qm_engine,btc_leading_zeros,0.0000000000
1137543,7444994892463,btc_qm_engine,btc_leading_zeros,3.0000000000
1137544,7444994892551,btc_qm_engine,btc_sha256_elapsed_ns,1008.0000000000
1137545,7444994892812,btc_qm_engine,btc_leading_zeros,1.0000000000
1137546,7444994893336,btc_qm_engine,btc_sha256_elapsed_ns,1102.0000000000
1137547,7444994893487,btc_qm_engine,btc_sha256_elapsed_ns,1113.0000000000
1137548,7444994893770,btc_qm_engine,btc_sha256_elapsed_ns,1143.0000000000
1137549,7444994894110,btc_qm_engine,btc_sha256_nonce,2335971639.0000000000
1137550,7444994894367,btc_qm_engine,btc_leading_zeros,2.0000000000
1137551,7444994894422,btc_qm_engine,btc_sha256_elapsed_ns,1097.0000000000
1137552,7444994894786,btc_qm_engine,btc_sha256_nonce,336117678.0000000000
1137553,7444994894916,btc_qm_engine,btc_sha256_nonce,1741741949.0000000000
1137554,7444994895367,btc_qm_engine,btc_leading_zeros,0.0000000000
1137555,7444994895501,btc_qm_engine,btc_leading_zeros,3.0000000000
1137556,7444994895744,btc_qm_engine,btc_sha256_elapsed_ns,1092.0000000000
1137557,7444994895889,btc_qm_engine,btc_sha256_nonce,4016596612.0000000000
1137558,7444994896023,btc_qm_engine,btc_sha256_elapsed_ns,1117.0000000000
1137559,7444994896585,btc_qm_engine,btc_sha256_nonce,3077687919.0000000000
1137560,7444994896672,btc_qm_engine,btc_leading_zeros,1.0000000000
1137561,7444994896742,btc_qm_engine,btc_sha256_elapsed_ns,1004.0000000000
1137562,7444994896870,btc_qm_engine,btc_sha256_elapsed_ns,1134.0000000000
1137563,7444994897104,btc_qm_engine,btc_sha256_nonce,3380249408.0000000000
1137564,7444994897213,btc_qm_engine,btc_leading_zeros,0.0000000000
1137565,7444994897284,btc_qm_engine,btc_sha256_elapsed_ns,1108.0000000000
1137566,7444994898120,btc_qm_engine,btc_sha256_elapsed_ns,971.0000000000
1137567,7444994898284,btc_qm_engine,btc_sha256_nonce,1478604699.0000000000
1137568,7444994898360,btc_qm_engine,btc_leading_zeros,0.0000000000
1137569,7444994898463,btc_qm_engine,btc_sha256_elapsed_ns,1070.0000000000
1137570,7444994898839,btc_qm_engine,btc_sha256_nonce,1161773083.0000000000
1137571,7444994899514,btc_qm_engine,btc_sha256_nonce,3036720778.0000000000
1137572,7444994899669,btc_qm_engine,btc_leading_zeros,1.0000000000
1137573,7444994899801,btc_qm_engine,btc_sha256_elapsed_ns,1080.0000000000
1137574,7444994899989,btc_qm_engine,btc_leading_zeros,1.0000000000
1137575,7444994900267,btc_qm_engine,btc_sha256_nonce,983234474.0000000000
1137576,7444994900841,btc_qm_engine,btc_leading_zeros,2.0000000000
1137577,7444994900912,btc_qm_engine,btc_sha256_elapsed_ns,915.0000000000
1137578,7444994901091,btc_qm_engine,btc_sha256_nonce,3772157483.0000000000
1137579,7444994901167,btc_qm_engine,btc_leading_zeros,0.0000000000
1137580,7444994901235,btc_qm_engine,btc_sha256_elapsed_ns,783.0000000000
1137581,7444994901357,btc_qm_engine,btc_sha256_nonce,3536765963.0000000000
1137582,7444994901774,btc_qm_engine,btc_leading_zeros,1.0000000000
1137583,7444994901844,btc_qm_engine,btc_sha256_elapsed_ns,888.0000000000
1137584,7444994902218,btc_qm_engine,btc_sha256_nonce,3071648596.0000000000
1137585,7444994902316,btc_qm_engine,btc_leading_zeros,0.0000000000
1137586,7444994902377,btc_qm_engine,btc_sha256_elapsed_ns,1052.0000000000
1137587,7444994902575,btc_qm_engine,btc_sha256_nonce,1316907940.0000000000
1137588,7444994902943,btc_qm_engine,btc_sha256_elapsed_ns,933.0000000000
1137589,7444994903267,btc_qm_engine,btc_sha256_nonce,2769564149.0000000000
1137590,7444994903369,btc_qm_engine,btc_leading_zeros,0.0000000000
1137591,7444994903438,btc_qm_engine,btc_sha256_elapsed_ns,1114.0000000000
1137592,7444994903609,btc_qm_engine,btc_sha256_nonce,3687997992.0000000000
1137593,7444994903767,btc_qm_engine,btc_leading_zeros,0.0000000000
1137594,7444994904228,btc_qm_engine,btc_leading_zeros,0.0000000000
1137595,7444994904412,btc_qm_engine,btc_sha256_nonce,2162536912.0000000000
1137596,7444994904522,btc_qm_engine,btc_sha256_nonce,2994802783.0000000000
1137597,7444994904637,btc_qm_engine,btc_sha256_elapsed_ns,1112.0000000000
1137598,7444994904915,btc_qm_engine,btc_leading_zeros,2.0000000000
1137599,7444994905053,btc_qm_engine,btc_sha256_nonce,2378215647.0000000000
1137600,7444994905137,btc_qm_engine,btc_leading_zeros,2.0000000000
1137601,7444994905539,btc_qm_engine,btc_leading_zeros,1.0000000000
1137602,7444994906009,btc_qm_engine,btc_sha256_nonce,3448297295.0000000000
1137603,7444994906210,btc_qm_engine,btc_sha256_elapsed_ns,1001.0000000000
1137604,7444994906524,btc_qm_engine,btc_leading_zeros,0.0000000000
1137605,7444994906665,btc_qm_engine,btc_leading_zeros,0.0000000000
1137606,7444994906767,btc_qm_engine,btc_sha256_elapsed_ns,810.0000000000
1137607,7444994906865,btc_qm_engine,btc_sha256_elapsed_ns,926.0000000000
1137608,7444994907702,btc_qm_engine,btc_sha256_nonce,1415022219.0000000000
1137609,7444994907767,btc_qm_engine,btc_leading_zeros,1.0000000000
1137610,7444994907954,btc_qm_engine,btc_sha256_elapsed_ns,742.0000000000
1137611,7444994908137,btc_qm_engine,btc_sha256_nonce,211195954.0000000000
1137612,7444994908428,btc_qm_engine,btc_sha256_nonce,1330179443.0000000000
1137613,7444994908832,btc_qm_engine,btc_sha256_elapsed_ns,1108.0000000000
1137614,7444994909155,btc_qm_engine,btc_leading_zeros,1.0000000000
1137615,7444994909353,btc_qm_engine,btc_sha256_elapsed_ns,1115.0000000000
1137616,7444994909580,btc_qm_engine,btc_sha256_nonce,2797567248.0000000000
1137617,7444994910136,btc_qm_engine,btc_sha256_nonce,1613484226.0000000000
1137618,7444994910270,btc_qm_engine,btc_leading_zeros,1.0000000000
1137619,7444994910342,btc_qm_engine,btc_sha256_elapsed_ns,945.0000000000
1137620,7444994910671,btc_qm_engine,btc_leading_zeros,3.0000000000
1137621,7444994911444,btc_qm_engine,btc_sha256_elapsed_ns,1104.0000000000
1137622,7444994911920,btc_qm_engine,btc_sha256_elapsed_ns,986.0000000000
1137623,7444994913211,btc_qm_engine,btc_sha256_nonce,333078695.0000000000
1137624,7444994913456,btc_qm_engine,btc_sha256_nonce,2141350510.0000000000
1137625,7444994913583,btc_qm_engine,btc_leading_zeros,1.0000000000
1137626,7444994913816,btc_qm_engine,btc_leading_zeros,1.0000000000
1137627,7444994913952,btc_qm_engine,btc_sha256_elapsed_ns,1032.0000000000
1137628,7444994914137,btc_qm_engine,btc_sha256_elapsed_ns,982.0000000000
1137629,7444994914548,btc_qm_engine,btc_sha256_elapsed_ns,1103.0000000000
1137630,7444994914712,btc_qm_engine,btc_sha256_nonce,817951577.0000000000
1137631,7444994914794,btc_qm_engine,btc_leading_zeros,0.0000000000
1137632,7444994915075,btc_qm_engine,btc_sha256_nonce,1331050892.0000000000
1137633,7444994915158,btc_qm_engine,btc_leading_zeros,0.0000000000
1137634,7444994915409,btc_qm_engine,btc_leading_zeros,2.0000000000
1137635,7444994915611,btc_qm_engine,btc_sha256_elapsed_ns,883.0000000000
1137636,7444994915713,btc_qm_engine,btc_sha256_elapsed_ns,1006.0000000000
1137637,7444994915871,btc_qm_engine,btc_sha256_elapsed_ns,733.0000000000
1137638,7444994916116,btc_qm_engine,btc_sha256_nonce,1315014480.0000000000
1137639,7444994916209,btc_qm_engine,btc_leading_zeros,0.0000000000
1137640,7444994916284,btc_qm_engine,btc_sha256_elapsed_ns,1058.0000000000
1137641,7444994916425,btc_qm_engine,btc_sha256_elapsed_ns,1072.0000000000
1137642,7444994916637,btc_qm_engine,btc_sha256_nonce,2996879824.0000000000
1137643,7444994916730,btc_qm_engine,btc_leading_zeros,4.0000000000
1137644,7444994916801,btc_qm_engine,btc_sha256_elapsed_ns,797.0000000000
1137645,7444994917049,btc_qm_engine,btc_sha256_nonce,4053517909.0000000000
1137646,7444994917122,btc_qm_engine,btc_leading_zeros,0.0000000000
1137647,7444994917270,btc_qm_engine,btc_sha256_nonce,870158065.0000000000
1137648,7444994917527,btc_qm_engine,btc_sha256_nonce,319607550.0000000000
1137649,7444994917621,btc_qm_engine,btc_leading_zeros,1.0000000000
1137650,7444994917854,btc_qm_engine,btc_leading_zeros,0.0000000000
1137651,7444994917974,btc_qm_engine,btc_sha256_elapsed_ns,1055.0000000000
1137652,7444994918134,btc_qm_engine,btc_sha256_elapsed_ns,881.0000000000
1137653,7444994918366,btc_qm_engine,btc_sha256_nonce,1013076859.0000000000
1137654,7444994918509,btc_qm_engine,btc_sha256_nonce,571392436.0000000000
1137655,7444994918804,btc_qm_engine,btc_sha256_nonce,3277554701.0000000000
1137656,7444994918910,btc_qm_engine,btc_sha256_elapsed_ns,1002.0000000000
1137657,7444994919071,btc_qm_engine,btc_leading_zeros,2.0000000000
1137658,7444994919154,btc_qm_engine,btc_sha256_elapsed_ns,1121.0000000000
1137659,7444994919406,btc_qm_engine,btc_leading_zeros,0.0000000000
1137660,7444994919566,btc_qm_engine,btc_sha256_nonce,4123085797.0000000000
1137661,7444994919718,btc_qm_engine,btc_sha256_nonce,818341137.0000000000
1137662,7444994919872,btc_qm_engine,btc_sha256_elapsed_ns,1062.0000000000
1137663,7444994920041,btc_qm_engine,btc_leading_zeros,1.0000000000
1137664,7444994920150,btc_qm_engine,btc_sha256_elapsed_ns,1096.0000000000
1137665,7444994920363,btc_qm_engine,btc_leading_zeros,0.0000000000
1137666,7444994920520,btc_qm_engine,btc_sha256_nonce,844500338.0000000000
1137667,7444994920600,btc_qm_engine,btc_leading_zeros,0.0000000000
1137668,7444994920749,btc_qm_engine,btc_sha256_nonce,3792795663.0000000000
1137669,7444994921190,btc_qm_engine,btc_leading_zeros,1.0000000000
1137670,7444994921281,btc_qm_engine,btc_sha256_elapsed_ns,1017.0000000000
1137671,7444994921736,btc_qm_engine,btc_sha256_nonce,749423857.0000000000
1137672,7444994922033,btc_qm_engine,btc_sha256_elapsed_ns,1037.0000000000
1137673,7444994922580,btc_qm_engine,btc_leading_zeros,0.0000000000
1137674,7444994922825,btc_qm_engine,btc_sha256_elapsed_ns,912.0000000000
1137675,7444994923073,btc_qm_engine,btc_sha256_nonce,2521847955.0000000000
1137676,7444994923411,btc_qm_engine,btc_leading_zeros,1.0000000000
1137677,7444994923730,btc_qm_engine,btc_sha256_nonce,3443457933.0000000000
1137678,7444994923844,btc_qm_engine,btc_leading_zeros,4.0000000000
1137679,7444994923917,btc_qm_engine,btc_sha256_elapsed_ns,1099.0000000000
1137680,7444994923996,btc_qm_engine,btc_sha256_elapsed_ns,960.0000000000
1137681,7444994924360,btc_qm_engine,btc_sha256_elapsed_ns,1024.0000000000
1137682,7444994924780,btc_qm_engine,btc_sha256_nonce,2105986636.0000000000
1137683,7444994925013,btc_qm_engine,btc_leading_zeros,1.0000000000
1137684,7444994925171,btc_qm_engine,btc_leading_zeros,2.0000000000
1137685,7444994925363,btc_qm_engine,btc_sha256_nonce,1330716466.0000000000
1137686,7444994925703,btc_qm_engine,btc_sha256_nonce,4111645979.0000000000
1137687,7444994925773,btc_qm_engine,btc_leading_zeros,0.0000000000
1137688,7444994925926,btc_qm_engine,btc_sha256_nonce,291962367.0000000000
1137689,7444994926587,btc_qm_engine,btc_sha256_elapsed_ns,975.0000000000
1137690,7444994926839,btc_qm_engine,btc_leading_zeros,0.0000000000
1137691,7444994926920,btc_qm_engine,btc_sha256_elapsed_ns,1018.0000000000
1137692,7444994927175,btc_qm_engine,btc_leading_zeros,0.0000000000
1137693,7444994927712,btc_qm_engine,btc_sha256_nonce,2308072331.0000000000
1137694,7444994927883,btc_qm_engine,btc_sha256_elapsed_ns,1045.0000000000
1137695,7444994928000,btc_qm_engine,btc_sha256_elapsed_ns,745.0000000000
1137696,7444994928107,btc_qm_engine,btc_leading_zeros,0.0000000000
1137697,7444994928370,btc_qm_engine,btc_sha256_nonce,2673362843.0000000000
1137698,7444994928555,btc_qm_engine,btc_sha256_elapsed_ns,727.0000000000
1137699,7444994928768,btc_qm_engine,btc_sha256_nonce,961457009.0000000000
1137700,7444994928930,btc_qm_engine,btc_leading_zeros,0.0000000000
1137701,7444994929170,btc_qm_engine,btc_leading_zeros,0.0000000000
1137702,7444994929410,btc_qm_engine,btc_sha256_nonce,10247068.0000000000
1137703,7444994929607,btc_qm_engine,btc_sha256_nonce,1643450063.0000000000
1137704,7444994929842,btc_qm_engine,btc_sha256_nonce,319866631.0000000000
1137705,7444994929919,btc_qm_engine,btc_leading_zeros,0.0000000000
1137706,7444994929992,btc_qm_engine,btc_sha256_elapsed_ns,1021.0000000000
1137707,7444994930078,btc_qm_engine,btc_sha256_nonce,776733563.0000000000
1137708,7444994930400,btc_qm_engine,btc_sha256_elapsed_ns,1118.0000000000
1137709,7444994930612,btc_qm_engine,btc_sha256_elapsed_ns,1111.0000000000
1137710,7444994930736,btc_qm_engine,btc_leading_zeros,0.0000000000
1137711,7444994930834,btc_qm_engine,btc_sha256_elapsed_ns,909.0000000000
1137712,7444994931058,btc_qm_engine,btc_sha256_nonce,1484119687.0000000000
1137713,7444994931477,btc_qm_engine,btc_leading_zeros,2.0000000000
1137714,7444994931636,btc_qm_engine,btc_leading_zeros,2.0000000000
1137715,7444994931884,btc_qm_engine,btc_sha256_elapsed_ns,1092.0000000000
1137716,7444994932108,btc_qm_engine,btc_sha256_nonce,1625640485.0000000000
1137717,7444994932215,btc_qm_engine,btc_leading_zeros,1.0000000000
1137718,7444994932427,btc_qm_engine,btc_sha256_elapsed_ns,735.0000000000
1137719,7444994933102,btc_qm_engine,btc_sha256_nonce,2564319896.0000000000
1137720,7444994933309,btc_qm_engine,btc_sha256_elapsed_ns,928.0000000000
1137721,7444994933570,btc_qm_engine,btc_sha256_nonce,857652775.0000000000
1137722,7444994934017,btc_qm_engine,btc_leading_zeros,0.0000000000
1137723,7444994934217,btc_qm_engine,btc_leading_zeros,0.0000000000
1137724,7444994934328,btc_qm_engine,btc_sha256_nonce,1341354210.0000000000
1137725,7444994934396,btc_qm_engine,btc_leading_zeros,0.0000000000
1137726,7444994934698,btc_qm_engine,btc_sha256_elapsed_ns,729.0000000000
1137727,7444994934980,btc_qm_engine,btc_sha256_elapsed_ns,1062.0000000000
1137728,7444994935896,btc_qm_engine,btc_leading_zeros,2.0000000000
1137729,7444994936015,btc_qm_engine,btc_sha256_elapsed_ns,1025.0000000000
1137730,7444994936362,btc_qm_engine,btc_sha256_nonce,1330267909.0000000000
1137731,7444994936619,btc_qm_engine,btc_leading_zeros,2.0000000000
1137732,7444994936671,btc_qm_engine,btc_sha256_elapsed_ns,787.0000000000
1137733,7444994937016,btc_qm_engine,btc_sha256_nonce,4235639797.0000000000
1137734,7444994937093,btc_qm_engine,btc_leading_zeros,2.0000000000
1137735,7444994937168,btc_qm_engine,btc_sha256_elapsed_ns,1075.0000000000
1137736,7444994937741,btc_qm_engine,btc_sha256_nonce,3728814819.0000000000
1137737,7444994938208,btc_qm_engine,btc_leading_zeros,2.0000000000
1137738,7444994938491,btc_qm_engine,btc_sha256_nonce,454496085.0000000000
1137739,7444994938565,btc_qm_engine,btc_leading_zeros,11.0000000000
1137740,7444994939567,btc_qm_engine,btc_sha256_nonce,1248885662.0000000000
1137741,7444994940000,btc_qm_engine,btc_sha256_nonce,2253052983.0000000000
1137742,7444994940360,btc_qm_engine,btc_leading_zeros,2.0000000000
1137743,7444994940412,btc_qm_engine,btc_sha256_elapsed_ns,1075.0000000000
1137744,7444994940514,btc_qm_engine,btc_sha256_nonce,749040882.0000000000
1137745,7444994940824,btc_qm_engine,btc_sha256_elapsed_ns,1038.0000000000
1137746,7444994941365,btc_qm_engine,btc_sha256_nonce,3800990919.0000000000
1137747,7444994941440,btc_qm_engine,btc_leading_zeros,2.0000000000
1137748,7444994941492,btc_qm_engine,btc_sha256_elapsed_ns,737.0000000000
1137749,7444994941795,btc_qm_engine,btc_sha256_nonce,3893459734.0000000000
1137750,7444994941879,btc_qm_engine,btc_leading_zeros,2.0000000000
1137751,7444994941932,btc_qm_engine,btc_sha256_elapsed_ns,748.0000000000
1137752,7444994942187,btc_qm_engine,btc_sha256_elapsed_ns,936.0000000000
1137753,7444994942684,btc_qm_engine,btc_sha256_nonce,3628422942.0000000000
1137754,7444994942762,btc_qm_engine,btc_leading_zeros,0.0000000000
1137755,7444994942827,btc_qm_engine,btc_sha256_elapsed_ns,942.0000000000
1137756,7444994943019,btc_qm_engine,btc_sha256_nonce,3066183384.0000000000
1137757,7444994943388,btc_qm_engine,btc_leading_zeros,2.0000000000
1137758,7444994943740,btc_qm_engine,btc_sha256_elapsed_ns,763.0000000000
1137759,7444994943921,btc_qm_engine,btc_sha256_nonce,653540642.0000000000
1137760,7444994943995,btc_qm_engine,btc_leading_zeros,2.0000000000
1137761,7444994944050,btc_qm_engine,btc_sha256_elapsed_ns,1001.0000000000
1137762,7444994944166,btc_qm_engine,btc_sha256_nonce,3385266564.0000000000
1137763,7444994944618,btc_qm_engine,btc_sha256_elapsed_ns,1053.0000000000
1137764,7444994944728,btc_qm_engine,btc_leading_zeros,0.0000000000
1137765,7444994944870,btc_qm_engine,btc_leading_zeros,0.0000000000
1137766,7444994945028,btc_qm_engine,btc_sha256_nonce,698704914.0000000000
1137767,7444994945222,btc_qm_engine,btc_sha256_elapsed_ns,1039.0000000000
1137768,7444994945511,btc_qm_engine,btc_sha256_elapsed_ns,1023.0000000000
1137769,7444994945648,btc_qm_engine,btc_leading_zeros,3.0000000000
1137770,7444994945723,btc_qm_engine,btc_sha256_elapsed_ns,915.0000000000
1137771,7444994945809,btc_qm_engine,btc_leading_zeros,0.0000000000
1137772,7444994946370,btc_qm_engine,btc_sha256_nonce,1813121635.0000000000
1137773,7444994946541,btc_qm_engine,btc_sha256_elapsed_ns,953.0000000000
1137774,7444994946764,btc_qm_engine,btc_sha256_elapsed_ns,964.0000000000
1137775,7444994946979,btc_qm_engine,btc_sha256_nonce,924159502.0000000000
1137776,7444994947099,btc_qm_engine,btc_leading_zeros,3.0000000000
1137777,7444994947169,btc_qm_engine,btc_sha256_elapsed_ns,946.0000000000
1137778,7444994947258,btc_qm_engine,btc_leading_zeros,4.0000000000
1137779,7444994947770,btc_qm_engine,btc_sha256_elapsed_ns,1015.0000000000
1137780,7444994948206,btc_qm_engine,btc_sha256_nonce,2058436051.0000000000
1137781,7444994948285,btc_qm_engine,btc_leading_zeros,0.0000000000
1137782,7444994948365,btc_qm_engine,btc_sha256_elapsed_ns,1103.0000000000
1137783,7444994948478,btc_qm_engine,btc_sha256_nonce,1392114143.0000000000
1137784,7444994948554,btc_qm_engine,btc_leading_zeros,2.0000000000
1137785,7444994948627,btc_qm_engine,btc_sha256_elapsed_ns,1096.0000000000
1137786,7444994949155,btc_qm_engine,btc_sha256_nonce,776746660.0000000000
1137787,7444994949236,btc_qm_engine,btc_leading_zeros,0.0000000000
1137788,7444994949309,btc_qm_engine,btc_sha256_elapsed_ns,1092.0000000000
1137789,7444994949375,btc_qm_engine,btc_sha256_nonce,3819236250.0000000000
1137790,7444994949440,btc_qm_engine,btc_leading_zeros,0.0000000000
1137791,7444994949509,btc_qm_engine,btc_sha256_elapsed_ns,1075.0000000000
1137792,7444994949719,btc_qm_engine,btc_sha256_nonce,1444275372.0000000000
1137793,7444994949794,btc_qm_engine,btc_leading_zeros,1.0000000000
1137794,7444994949864,btc_qm_engine,btc_sha256_elapsed_ns,1104.0000000000
1137795,7444994949985,btc_qm_engine,btc_sha256_nonce,4067485143.0000000000
1137796,7444994950056,btc_qm_engine,btc_leading_zeros,2.0000000000
1137797,7444994950126,btc_qm_engine,btc_sha256_elapsed_ns,1094.0000000000
1137798,7444994950694,btc_qm_engine,btc_sha256_nonce,207586738.0000000000
1137799,7444994950775,btc_qm_engine,btc_leading_zeros,0.0000000000
1137800,7444994950894,btc_qm_engine,btc_sha256_nonce,2431442483.0000000000
1137801,7444994951009,btc_qm_engine,btc_leading_zeros,0.0000000000
1137802,7444994951066,btc_qm_engine,btc_sha256_elapsed_ns,802.0000000000
1137803,7444994951282,btc_qm_engine,btc_sha256_elapsed_ns,1113.0000000000
1137804,7444994951427,btc_qm_engine,btc_sha256_nonce,36649471.0000000000
1137805,7444994951509,btc_qm_engine,btc_leading_zeros,2.0000000000
1137806,7444994951607,btc_qm_engine,btc_sha256_elapsed_ns,1044.0000000000
1137807,7444994951733,btc_qm_engine,btc_sha256_nonce,3397773308.0000000000
1137808,7444994952059,btc_qm_engine,btc_sha256_nonce,817892216.0000000000
1137809,7444994952132,btc_qm_engine,btc_leading_zeros,0.0000000000
1137810,7444994952186,btc_qm_engine,btc_sha256_elapsed_ns,776.0000000000
1137811,7444994952275,btc_qm_engine,btc_sha256_nonce,411558893.0000000000
1137812,7444994952451,btc_qm_engine,btc_sha256_nonce,1829641006.0000000000
1137813,7444994952657,btc_qm_engine,btc_leading_zeros,1.0000000000
1137814,7444994952727,btc_qm_engine,btc_sha256_elapsed_ns,991.0000000000
1137815,7444994952965,btc_qm_engine,btc_sha256_nonce,3464097468.0000000000
1137816,7444994953185,btc_qm_engine,btc_sha256_nonce,817885730.0000000000
1137817,7444994953300,btc_qm_engine,btc_leading_zeros,1.0000000000
1137818,7444994953766,btc_qm_engine,btc_leading_zeros,0.0000000000
1137819,7444994954120,btc_qm_engine,btc_sha256_elapsed_ns,1100.0000000000
1137820,7444994954495,btc_qm_engine,btc_leading_zeros,1.0000000000
1137821,7444994954675,btc_qm_engine,btc_sha256_nonce,2982272725.0000000000
1137822,7444994954753,btc_qm_engine,btc_leading_zeros,0.0000000000
1137823,7444994954969,btc_qm_engine,btc_sha256_elapsed_ns,1136.0000000000
1137824,7444994955108,btc_qm_engine,btc_sha256_nonce,3346824277.0000000000
1137825,7444994955397,btc_qm_engine,btc_sha256_elapsed_ns,1033.0000000000
1137826,7444994955546,btc_qm_engine,btc_leading_zeros,2.0000000000
1137827,7444994955830,btc_qm_engine,btc_sha256_nonce,719905412.0000000000
1137828,7444994956171,btc_qm_engine,btc_sha256_nonce,3267098500.0000000000
1137829,7444994956537,btc_qm_engine,btc_sha256_nonce,2898612202.0000000000
1137830,7444994956645,btc_qm_engine,btc_leading_zeros,0.0000000000
1137831,7444994956832,btc_qm_engine,btc_sha256_nonce,1052023877.0000000000
1137832,7444994957606,btc_qm_engine,btc_leading_zeros,4.0000000000
1137833,7444994957657,btc_qm_engine,btc_sha256_elapsed_ns,894.0000000000
1137834,7444994957811,btc_qm_engine,btc_leading_zeros,1.0000000000
1137835,7444994958099,btc_qm_engine,btc_leading_zeros,1.0000000000
1137836,7444994958486,btc_qm_engine,btc_sha256_elapsed_ns,1059.0000000000
1137837,7444994958580,btc_qm_engine,btc_leading_zeros,1.0000000000
1137838,7444994958722,btc_qm_engine,btc_sha256_elapsed_ns,1087.0000000000
1137839,7444994959314,btc_qm_engine,btc_sha256_nonce,1331049014.0000000000
1137840,7444994959491,btc_qm_engine,btc_sha256_elapsed_ns,986.0000000000
1137841,7444994959616,btc_qm_engine,btc_sha256_nonce,2758354049.0000000000
1137842,7444994959817,btc_qm_engine,btc_leading_zeros,0.0000000000
1137843,7444994959955,btc_qm_engine,btc_sha256_elapsed_ns,1010.0000000000
1137844,7444994960148,btc_qm_engine,btc_sha256_nonce,4225960888.0000000000
1137845,7444994960273,btc_qm_engine,btc_leading_zeros,0.0000000000
1137846,7444994960523,btc_qm_engine,btc_leading_zeros,0.0000000000
1137847,7444994960601,btc_qm_engine,btc_sha256_elapsed_ns,15738.0000000000
1137848,7444994960742,btc_qm_engine,btc_sha256_nonce,1725763689.0000000000
1137849,7444994960947,btc_qm_engine,btc_sha256_nonce,3985968165.0000000000
1137850,7444994961022,btc_qm_engine,btc_leading_zeros,2.0000000000
1137851,7444994961123,btc_qm_engine,btc_sha256_elapsed_ns,957.0000000000
1137852,7444994961304,btc_qm_engine,btc_sha256_elapsed_ns,862.0000000000
1137853,7444994961634,btc_qm_engine,btc_sha256_nonce,653755671.0000000000
1137854,7444994961717,btc_qm_engine,btc_leading_zeros,0.0000000000
1137855,7444994961773,btc_qm_engine,btc_sha256_elapsed_ns,795.0000000000
1137856,7444994962125,btc_qm_engine,btc_sha256_nonce,2819684879.0000000000
1137857,7444994962223,btc_qm_engine,btc_sha256_elapsed_ns,896.0000000000
1137858,7444994962423,btc_qm_engine,btc_leading_zeros,0.0000000000
1137859,7444994962535,btc_qm_engine,btc_leading_zeros,0.0000000000
1137860,7444994962632,btc_qm_engine,btc_sha256_elapsed_ns,976.0000000000
1137861,7444994962742,btc_qm_engine,btc_sha256_nonce,3762925347.0000000000
1137862,7444994962870,btc_qm_engine,btc_sha256_elapsed_ns,1124.0000000000
1137863,7444994963396,btc_qm_engine,btc_leading_zeros,2.0000000000
1137864,7444994963528,btc_qm_engine,btc_sha256_nonce,1260531756.0000000000
1137865,7444994963598,btc_qm_engine,btc_leading_zeros,0.0000000000
1137866,7444994963664,btc_qm_engine,btc_sha256_elapsed_ns,849.0000000000
1137867,7444994963780,btc_qm_engine,btc_sha256_elapsed_ns,745.0000000000
1137868,7444994963890,btc_qm_engine,btc_sha256_nonce,749370455.0000000000
1137869,7444994963967,btc_qm_engine,btc_sha256_nonce,4088546699.0000000000
1137870,7444994964269,btc_qm_engine,btc_leading_zeros,0.0000000000
1137871,7444994964336,btc_qm_engine,btc_leading_zeros,0.0000000000
1137872,7444994964631,btc_qm_engine,btc_sha256_nonce,1206003049.0000000000
1137873,7444994964954,btc_qm_engine,btc_sha256_nonce,2620449492.0000000000
1137874,7444994965394,btc_qm_engine,btc_sha256_elapsed_ns,1118.0000000000
1137875,7444994965928,btc_qm_engine,btc_sha256_nonce,3178043171.0000000000
1137876,7444994966040,btc_qm_engine,btc_sha256_nonce,56944562.0000000000
1137877,7444994966206,btc_qm_engine,btc_leading_zeros,1.0000000000
1137878,7444994966280,btc_qm_engine,btc_sha256_elapsed_ns,773.0000000000
1137879,7444994966389,btc_qm_engine,btc_leading_zeros,3.0000000000
1137880,7444994966879,btc_qm_engine,btc_leading_zeros,1.0000000000
1137881,7444994967210,btc_qm_engine,btc_sha256_elapsed_ns,1077.0000000000
1137882,7444994967395,btc_qm_engine,btc_sha256_nonce,118195005.0000000000
1137883,7444994967521,btc_qm_engine,btc_sha256_nonce,1724353593.0000000000
1137884,7444994967601,btc_qm_engine,btc_leading_zeros,4.0000000000
1137885,7444994967662,btc_qm_engine,btc_sha256_elapsed_ns,1034.0000000000
1137886,7444994967886,btc_qm_engine,btc_leading_zeros,4.0000000000
1137887,7444994968198,btc_qm_engine,btc_sha256_nonce,762720952.0000000000
1137888,7444994968474,btc_qm_engine,btc_sha256_elapsed_ns,1010.0000000000
1137889,7444994968667,btc_qm_engine,btc_leading_zeros,0.0000000000
1137890,7444994968753,btc_qm_engine,btc_sha256_elapsed_ns,728.0000000000
1137891,7444994968984,btc_qm_engine,btc_leading_zeros,2.0000000000
1137892,7444994969248,btc_qm_engine,btc_sha256_elapsed_ns,1111.0000000000
1137893,7444994969428,btc_qm_engine,btc_sha256_elapsed_ns,818.0000000000
1137894,7444994969610,btc_qm_engine,btc_sha256_nonce,1751649659.0000000000
1137895,7444994969707,btc_qm_engine,btc_leading_zeros,0.0000000000
1137896,7444994969793,btc_qm_engine,btc_sha256_elapsed_ns,1098.0000000000
1137897,7444994970030,btc_qm_engine,btc_sha256_nonce,1330029562.0000000000
1137898,7444994970107,btc_qm_engine,btc_leading_zeros,3.0000000000
1137899,7444994970178,btc_qm_engine,btc_sha256_elapsed_ns,1022.0000000000
1137900,7444994970467,btc_qm_engine,btc_sha256_elapsed_ns,1105.0000000000
1137901,7444994970604,btc_qm_engine,btc_sha256_nonce,3355504198.0000000000
1137902,7444994970774,btc_qm_engine,btc_sha256_nonce,654350473.0000000000
1137903,7444994971093,btc_qm_engine,btc_leading_zeros,0.0000000000
1137904,7444994971190,btc_qm_engine,btc_sha256_nonce,1303395477.0000000000
1137905,7444994971341,btc_qm_engine,btc_leading_zeros,1.0000000000
1137906,7444994971415,btc_qm_engine,btc_sha256_elapsed_ns,784.0000000000
1137907,7444994971673,btc_qm_engine,btc_sha256_nonce,1601865254.0000000000
1137908,7444994971892,btc_qm_engine,btc_sha256_nonce,1230800739.0000000000
1137909,7444994972014,btc_qm_engine,btc_sha256_nonce,267401607.0000000000
1137910,7444994972234,btc_qm_engine,btc_leading_zeros,4.0000000000
1137911,7444994972474,btc_qm_engine,btc_sha256_nonce,653824833.0000000000
1137912,7444994972558,btc_qm_engine,btc_leading_zeros,2.0000000000
1137913,7444994972611,btc_qm_engine,btc_sha256_elapsed_ns,770.0000000000
1137914,7444994973121,btc_qm_engine,btc_leading_zeros,0.0000000000
1137915,7444994973278,btc_qm_engine,btc_leading_zeros,0.0000000000
1137916,7444994973443,btc_qm_engine,btc_sha256_elapsed_ns,1024.0000000000
1137917,7444994973619,btc_qm_engine,btc_sha256_nonce,1282328486.0000000000
1137918,7444994973813,btc_qm_engine,btc_sha256_elapsed_ns,968.0000000000
1137919,7444994974285,btc_qm_engine,btc_sha256_elapsed_ns,1039.0000000000
1137920,7444994974495,btc_qm_engine,btc_sha256_nonce,748838910.0000000000
1137921,7444994974580,btc_qm_engine,btc_leading_zeros,0.0000000000
1137922,7444994975099,btc_qm_engine,btc_sha256_elapsed_ns,940.0000000000
1137923,7444994975187,btc_qm_engine,btc_leading_zeros,0.0000000000
1137924,7444994975550,btc_qm_engine,btc_sha256_elapsed_ns,843.0000000000
1137925,7444994975996,btc_qm_engine,btc_sha256_elapsed_ns,1101.0000000000
1137926,7444994976419,btc_qm_engine,btc_sha256_nonce,2340988804.0000000000
1137927,7444994976793,btc_qm_engine,btc_sha256_elapsed_ns,774.0000000000
1137928,7444994977205,btc_qm_engine,btc_sha256_nonce,748860901.0000000000
1137929,7444994977504,btc_qm_engine,btc_leading_zeros,1.0000000000
1137930,7444994977593,btc_qm_engine,btc_sha256_elapsed_ns,980.0000000000
1137931,7444994977743,btc_qm_engine,btc_sha256_nonce,2601750734.0000000000
1137932,7444994978181,btc_qm_engine,btc_sha256_nonce,1846440444.0000000000
1137933,7444994978390,btc_qm_engine,btc_leading_zeros,1.0000000000
1137934,7444994978592,btc_qm_engine,btc_sha256_nonce,2838365278.0000000000
1137935,7444994978728,btc_qm_engine,btc_leading_zeros,0.0000000000
1137936,7444994978905,btc_qm_engine,btc_sha256_nonce,4020301599.0000000000
1137937,7444994979157,btc_qm_engine,btc_leading_zeros,0.0000000000
1137938,7444994979221,btc_qm_engine,btc_sha256_elapsed_ns,1078.0000000000
1137939,7444994979393,btc_qm_engine,btc_sha256_elapsed_ns,1054.0000000000
1137940,7444994979970,btc_qm_engine,btc_sha256_elapsed_ns,732.0000000000
1137941,7444994980105,btc_qm_engine,btc_sha256_elapsed_ns,978.0000000000
1137942,7444994980424,btc_qm_engine,btc_sha256_nonce,1058268324.0000000000
1137943,7444994980504,btc_qm_engine,btc_leading_zeros,0.0000000000
1137944,7444994980577,btc_qm_engine,btc_sha256_elapsed_ns,916.0000000000
1137945,7444994981356,btc_qm_engine,btc_sha256_nonce,638586697.0000000000
1137946,7444994981548,btc_qm_engine,btc_sha256_nonce,3163019238.0000000000
1137947,7444994981638,btc_qm_engine,btc_leading_zeros,2.0000000000
1137948,7444994981794,btc_qm_engine,btc_sha256_nonce,1365458656.0000000000
1137949,7444994982106,btc_qm_engine,btc_leading_zeros,1.0000000000
1137950,7444994982485,btc_qm_engine,btc_leading_zeros,0.0000000000
1137951,7444994983133,btc_qm_engine,btc_sha256_elapsed_ns,808.0000000000
1137952,7444994983262,btc_qm_engine,btc_sha256_elapsed_ns,1094.0000000000
1137953,7444994984145,btc_qm_engine,btc_sha256_elapsed_ns,1089.0000000000
1137954,7444994984349,btc_qm_engine,btc_sha256_nonce,1165310862.0000000000
1137955,7444994984601,btc_qm_engine,btc_sha256_nonce,2063092077.0000000000
1137956,7444994984685,btc_qm_engine,btc_leading_zeros,2.0000000000
1137957,7444994985004,btc_qm_engine,btc_leading_zeros,0.0000000000
1137958,7444994985332,btc_qm_engine,btc_leading_zeros,1.0000000000
1137959,7444994985441,btc_qm_engine,btc_sha256_nonce,1109293130.0000000000
1137960,7444994985826,btc_qm_engine,btc_leading_zeros,2.0000000000
1137961,7444994985904,btc_qm_engine,btc_sha256_elapsed_ns,953.0000000000
1137962,7444994985965,btc_qm_engine,btc_sha256_elapsed_ns,986.0000000000
1137963,7444994986355,btc_qm_engine,btc_sha256_nonce,2955457319.0000000000
1137964,7444994986457,btc_qm_engine,btc_leading_zeros,0.0000000000
1137965,7444994986704,btc_qm_engine,btc_leading_zeros,2.0000000000
1137966,7444994986774,btc_qm_engine,btc_sha256_elapsed_ns,744.0000000000
1137967,7444994986880,btc_qm_engine,btc_sha256_elapsed_ns,815.0000000000
1137968,7444994987275,btc_qm_engine,btc_sha256_nonce,4116916886.0000000000
1137969,7444994987363,btc_qm_engine,btc_sha256_nonce,1376786268.0000000000
1137970,7444994987680,btc_qm_engine,btc_leading_zeros,0.0000000000
1137971,7444994987943,btc_qm_engine,btc_sha256_elapsed_ns,1005.0000000000
1137972,7444994988471,btc_qm_engine,btc_leading_zeros,0.0000000000
1137973,7444994988569,btc_qm_engine,btc_sha256_nonce,3521407739.0000000000
1137974,7444994988934,btc_qm_engine,btc_sha256_elapsed_ns,1132.0000000000
1137975,7444994989290,btc_qm_engine,btc_leading_zeros,0.0000000000
1137976,7444994989555,btc_qm_engine,btc_sha256_elapsed_ns,813.0000000000
1137977,7444994990152,btc_qm_engine,btc_sha256_elapsed_ns,1133.0000000000
1137978,7444994990304,btc_qm_engine,btc_sha256_nonce,1330713275.0000000000
1137979,7444994990388,btc_qm_engine,btc_leading_zeros,0.0000000000
1137980,7444994990456,btc_qm_engine,btc_sha256_elapsed_ns,881.0000000000
1137981,7444994990594,btc_qm_engine,btc_sha256_nonce,818726575.0000000000
1137982,7444994990669,btc_qm_engine,btc_leading_zeros,1.0000000000
1137983,7444994991030,btc_qm_engine,btc_sha256_elapsed_ns,763.0000000000
1137984,7444994991160,btc_qm_engine,btc_sha256_elapsed_ns,1082.0000000000
1137985,7444994991491,btc_qm_engine,btc_sha256_nonce,2521863825.0000000000
1137986,7444994991569,btc_qm_engine,btc_leading_zeros,1.0000000000
1137987,7444994991640,btc_qm_engine,btc_sha256_elapsed_ns,1089.0000000000
1137988,7444994991871,btc_qm_engine,btc_sha256_nonce,2145559123.0000000000
1137989,7444994992086,btc_qm_engine,btc_sha256_nonce,818018793.0000000000
1137990,7444994992160,btc_qm_engine,btc_leading_zeros,1.0000000000
1137991,7444994992249,btc_qm_engine,btc_sha256_elapsed_ns,833.0000000000
1137992,7444994992347,btc_qm_engine,btc_sha256_nonce,2236255950.0000000000
1137993,7444994992497,btc_qm_engine,btc_leading_zeros,3.0000000000
1137994,7444994992570,btc_qm_engine,btc_sha256_elapsed_ns,1153.0000000000
1137995,7444994992670,btc_qm_engine,btc_sha256_nonce,3839888982.0000000000
1137996,7444994992841,btc_qm_engine,btc_sha256_nonce,2379015673.0000000000
1137997,7444994992967,btc_qm_engine,btc_sha256_nonce,1521888155.0000000000
1137998,7444994993297,btc_qm_engine,btc_leading_zeros,1.0000000000
1137999,7444994993705,btc_qm_engine,btc_sha256_nonce,1952916784.0000000000
1138000,7444994993786,btc_qm_engine,btc_leading_zeros,1.0000000000
1138001,7444994993853,btc_qm_engine,btc_sha256_elapsed_ns,909.0000000000
1138002,7444994994243,btc_qm_engine,btc_leading_zeros,0.0000000000
1138003,7444994994933,btc_qm_engine,btc_sha256_nonce,2754613428.0000000000
1138004,7444994994998,btc_qm_engine,btc_leading_zeros,0.0000000000
1138005,7444994995148,btc_qm_engine,btc_sha256_elapsed_ns,848.0000000000
1138006,7444994995505,btc_qm_engine,btc_sha256_nonce,818195149.0000000000
1138007,7444994995639,btc_qm_engine,btc_sha256_elapsed_ns,898.0000000000
1138008,7444994995871,btc_qm_engine,btc_leading_zeros,0.0000000000
1138009,7444994996210,btc_qm_engine,btc_leading_zeros,4.0000000000
1138010,7444994996342,btc_qm_engine,btc_sha256_elapsed_ns,949.0000000000
1138011,7444994996503,btc_qm_engine,btc_sha256_elapsed_ns,873.0000000000
1138012,7444994996696,btc_qm_engine,btc_sha256_elapsed_ns,1080.0000000000
1138013,7444994996877,btc_qm_engine,btc_sha256_nonce,3556491389.0000000000
1138014,7444994996957,btc_qm_engine,btc_leading_zeros,1.0000000000
1138015,7444994997302,btc_qm_engine,btc_sha256_elapsed_ns,1101.0000000000
1138016,7444994997577,btc_qm_engine,btc_sha256_nonce,616831470.0000000000
1138017,7444994997681,btc_qm_engine,btc_leading_zeros,0.0000000000
1138018,7444994998005,btc_qm_engine,btc_sha256_nonce,4065666115.0000000000
1138019,7444994998229,btc_qm_engine,btc_sha256_elapsed_ns,845.0000000000
1138020,7444994998839,btc_qm_engine,btc_sha256_nonce,967554284.0000000000
1138021,7444994999035,btc_qm_engine,btc_sha256_nonce,971348334.0000000000
1138022,7444994999204,btc_qm_engine,btc_leading_zeros,1.0000000000
1138023,7444994999603,btc_qm_engine,btc_sha256_nonce,748661780.0000000000
1138024,7444994999731,btc_qm_engine,btc_leading_zeros,0.0000000000
1138025,7444994999884,btc_qm_engine,btc_sha256_nonce,1706231113.0000000000
1138026,7444994999966,btc_qm_engine,btc_leading_zeros,1.0000000000
1138027,7444995005793,btc_qm_engine,btc_sha256_elapsed_ns,818.0000000000
1138028,7444995007814,btc_qm_engine,btc_sha256_nonce,3270385121.0000000000
1138029,7444995008463,btc_qm_engine,btc_sha256_nonce,808109966.0000000000
1138030,7444995008688,btc_qm_engine,btc_leading_zeros,1.0000000000
1138031,7444995008768,btc_qm_engine,btc_sha256_elapsed_ns,813.0000000000
1138032,7444995009263,btc_qm_engine,btc_leading_zeros,0.0000000000
1138033,7444995009338,btc_qm_engine,btc_sha256_elapsed_ns,1084.0000000000
1138034,7444995009778,btc_qm_engine,btc_sha256_nonce,2927851049.0000000000
1138035,7444995010333,btc_qm_engine,btc_sha256_nonce,3694583970.0000000000
1138036,7444995010405,btc_qm_engine,btc_leading_zeros,0.0000000000
1138037,7444995010477,btc_qm_engine,btc_sha256_elapsed_ns,756.0000000000
1138038,7444995010708,btc_qm_engine,btc_sha256_elapsed_ns,1091.0000000000
1138039,7444995010839,btc_qm_engine,btc_leading_zeros,0.0000000000
1138040,7444995010914,btc_qm_engine,btc_sha256_elapsed_ns,814.0000000000
1138041,7444995011128,btc_qm_engine,btc_leading_zeros,3.0000000000
1138042,7444995011560,btc_qm_engine,btc_sha256_elapsed_ns,1083.0000000000
1138043,7444995011663,btc_qm_engine,btc_sha256_nonce,567162088.0000000000
1138044,7444995011742,btc_qm_engine,btc_leading_zeros,1.0000000000
1138045,7444995011819,btc_qm_engine,btc_sha256_elapsed_ns,949.0000000000
1138046,7444995011958,btc_qm_engine,btc_sha256_nonce,282018416.0000000000
1138047,7444995012032,btc_qm_engine,btc_leading_zeros,1.0000000000
1138048,7444995012085,btc_qm_engine,btc_sha256_elapsed_ns,840.0000000000
1138049,7444995012348,btc_qm_engine,btc_leading_zeros,2.0000000000
1138050,7444995012718,btc_qm_engine,btc_sha256_elapsed_ns,1021.0000000000
1138051,7444995012898,btc_qm_engine,btc_sha256_nonce,3559847247.0000000000
1138052,7444995013084,btc_qm_engine,btc_sha256_nonce,2897954903.0000000000
1138053,7444995013847,btc_qm_engine,btc_sha256_nonce,2458686249.0000000000
1138054,7444995013973,btc_qm_engine,btc_leading_zeros,2.0000000000
1138055,7444995014194,btc_qm_engine,btc_leading_zeros,3.0000000000
1138056,7444995014316,btc_qm_engine,btc_leading_zeros,0.0000000000
1138057,7444995014494,btc_qm_engine,btc_sha256_nonce,3597676004.0000000000
1138058,7444995015509,btc_qm_engine,btc_sha256_elapsed_ns,1028.0000000000
1138059,7444995015730,btc_qm_engine,btc_sha256_elapsed_ns,985.0000000000
1138060,7444995016103,btc_qm_engine,btc_leading_zeros,0.0000000000
1138061,7444995016658,btc_qm_engine,btc_leading_zeros,0.0000000000
1138062,7444995016874,btc_qm_engine,btc_sha256_elapsed_ns,825.0000000000
1138063,7444995017033,btc_qm_engine,btc_sha256_elapsed_ns,1044.0000000000
1138064,7444995017208,btc_qm_engine,btc_sha256_elapsed_ns,1068.0000000000
1138065,7444995017355,btc_qm_engine,btc_sha256_nonce,3349388799.0000000000
1138066,7444995017652,btc_qm_engine,btc_leading_zeros,0.0000000000
1138067,7444995017940,btc_qm_engine,btc_sha256_nonce,1354079604.0000000000
1138068,7444995018094,btc_qm_engine,btc_sha256_elapsed_ns,824.0000000000
1138069,7444995018409,btc_qm_engine,btc_leading_zeros,1.0000000000
1138070,7444995018659,btc_qm_engine,btc_sha256_nonce,3989950742.0000000000
1138071,7444995018871,btc_qm_engine,btc_sha256_nonce,3826569747.0000000000
1138072,7444995018973,btc_qm_engine,btc_leading_zeros,0.0000000000
1138073,7444995019122,btc_qm_engine,btc_sha256_nonce,3059296733.0000000000
1138074,7444995019234,btc_qm_engine,btc_sha256_elapsed_ns,967.0000000000
1138075,7444995019515,btc_qm_engine,btc_leading_zeros,0.0000000000
1138076,7444995019702,btc_qm_engine,btc_sha256_nonce,1313439567.0000000000
1138077,7444995019776,btc_qm_engine,btc_leading_zeros,0.0000000000
1138078,7444995019866,btc_qm_engine,btc_sha256_elapsed_ns,1023.0000000000
1138079,7444995020046,btc_qm_engine,btc_leading_zeros,1.0000000000
1138080,7444995020209,btc_qm_engine,btc_sha256_nonce,1706535561.0000000000
1138081,7444995020292,btc_qm_engine,btc_leading_zeros,1.0000000000
1138082,7444995020344,btc_qm_engine,btc_sha256_elapsed_ns,733.0000000000
1138083,7444995020501,btc_qm_engine,btc_sha256_elapsed_ns,1041.0000000000
1138084,7444995020675,btc_qm_engine,btc_sha256_elapsed_ns,811.0000000000
1138085,7444995021297,btc_qm_engine,btc_sha256_elapsed_ns,1099.0000000000
1138086,7444995021436,btc_qm_engine,btc_sha256_nonce,828300819.0000000000
1138087,7444995021539,btc_qm_engine,btc_leading_zeros,1.0000000000
1138088,7444995021672,btc_qm_engine,btc_sha256_nonce,824009101.0000000000
1138089,7444995021821,btc_qm_engine,btc_sha256_elapsed_ns,857.0000000000
1138090,7444995022091,btc_qm_engine,btc_sha256_nonce,2669088727.0000000000
1138091,7444995022204,btc_qm_engine,btc_sha256_nonce,3287540214.0000000000
1138092,7444995022379,btc_qm_engine,btc_leading_zeros,0.0000000000
1138093,7444995022452,btc_qm_engine,btc_sha256_elapsed_ns,975.0000000000
1138094,7444995022807,btc_qm_engine,btc_sha256_elapsed_ns,960.0000000000
1138095,7444995023001,btc_qm_engine,btc_leading_zeros,2.0000000000
1138096,7444995023257,btc_qm_engine,btc_leading_zeros,1.0000000000
1138097,7444995023541,btc_qm_engine,btc_sha256_elapsed_ns,770.0000000000
1138098,7444995023645,btc_qm_engine,btc_sha256_nonce,3555890081.0000000000
1138099,7444995023735,btc_qm_engine,btc_leading_zeros,2.0000000000
1138100,7444995023930,btc_qm_engine,btc_sha256_nonce,3453832894.0000000000
1138101,7444995024370,btc_qm_engine,btc_sha256_elapsed_ns,946.0000000000
1138102,7444995024487,btc_qm_engine,btc_leading_zeros,4.0000000000
1138103,7444995025132,btc_qm_engine,btc_sha256_nonce,1220721304.0000000000
1138104,7444995025334,btc_qm_engine,btc_sha256_elapsed_ns,1043.0000000000
1138105,7444995025609,btc_qm_engine,btc_leading_zeros,3.0000000000
1138106,7444995025674,btc_qm_engine,btc_sha256_elapsed_ns,951.0000000000
1138107,7444995026773,btc_qm_engine,btc_sha256_nonce,1198737282.0000000000
1138108,7444995026852,btc_qm_engine,btc_leading_zeros,0.0000000000
1138109,7444995027078,btc_qm_engine,btc_sha256_elapsed_ns,1123.0000000000
1138110,7444995027473,btc_qm_engine,btc_sha256_nonce,2994449310.0000000000
1138111,7444995027823,btc_qm_engine,btc_leading_zeros,2.0000000000
1138112,7444995027997,btc_qm_engine,btc_sha256_nonce,81907061.0000000000
1138113,7444995028234,btc_qm_engine,btc_sha256_elapsed_ns,1036.0000000000
1138114,7444995028347,btc_qm_engine,btc_sha256_nonce,1347933146.0000000000
1138115,7444995028468,btc_qm_engine,btc_sha256_nonce,8313915.0000000000
1138116,7444995028721,btc_qm_engine,btc_sha256_nonce,2818723534.0000000000
1138117,7444995029324,btc_qm_engine,btc_leading_zeros,0.0000000000
1138118,7444995029468,btc_qm_engine,btc_sha256_nonce,2944770559.0000000000
1138119,7444995029678,btc_qm_engine,btc_leading_zeros,3.0000000000
1138120,7444995030300,btc_qm_engine,btc_sha256_elapsed_ns,873.0000000000
1138121,7444995030440,btc_qm_engine,btc_sha256_elapsed_ns,896.0000000000
1138122,7444995030530,btc_qm_engine,btc_leading_zeros,3.0000000000
1138123,7444995030933,btc_qm_engine,btc_sha256_elapsed_ns,1092.0000000000
1138124,7444995031477,btc_qm_engine,btc_leading_zeros,2.0000000000
1138125,7444995031600,btc_qm_engine,btc_sha256_nonce,3838640150.0000000000
1138126,7444995031677,btc_qm_engine,btc_leading_zeros,1.0000000000
1138127,7444995031743,btc_qm_engine,btc_sha256_elapsed_ns,976.0000000000
1138128,7444995031932,btc_qm_engine,btc_sha256_elapsed_ns,1054.0000000000
1138129,7444995032250,btc_qm_engine,btc_sha256_elapsed_ns,999.0000000000
1138130,7444995032498,btc_qm_engine,btc_sha256_nonce,4116723296.0000000000
1138131,7444995032687,btc_qm_engine,btc_sha256_nonce,2624920148.0000000000
1138132,7444995032772,btc_qm_engine,btc_leading_zeros,0.0000000000
1138133,7444995032840,btc_qm_engine,btc_sha256_elapsed_ns,1122.0000000000
1138134,7444995032957,btc_qm_engine,btc_leading_zeros,1.0000000000
1138135,7444995033032,btc_qm_engine,btc_sha256_elapsed_ns,822.0000000000
1138136,7444995033222,btc_qm_engine,btc_sha256_nonce,3546001065.0000000000
1138137,7444995033583,btc_qm_engine,btc_sha256_nonce,779120413.0000000000
1138138,7444995033745,btc_qm_engine,btc_sha256_nonce,2767802720.0000000000
1138139,7444995033828,btc_qm_engine,btc_leading_zeros,0.0000000000
1138140,7444995033906,btc_qm_engine,btc_sha256_elapsed_ns,1133.0000000000
1138141,7444995034157,btc_qm_engine,btc_sha256_nonce,749070693.0000000000
1138142,7444995034386,btc_qm_engine,btc_leading_zeros,0.0000000000
1138143,7444995034928,btc_qm_engine,btc_leading_zeros,0.0000000000
1138144,7444995035201,btc_qm_engine,btc_sha256_nonce,2850869941.0000000000
1138145,7444995035412,btc_qm_engine,btc_sha256_nonce,1089588176.0000000000
1138146,7444995035697,btc_qm_engine,btc_sha256_elapsed_ns,952.0000000000
1138147,7444995035907,btc_qm_engine,btc_leading_zeros,0.0000000000
1138148,7444995036460,btc_qm_engine,btc_sha256_elapsed_ns,1113.0000000000
1138149,7444995037832,btc_qm_engine,btc_sha256_nonce,4051347859.0000000000
1138150,7444995037903,btc_qm_engine,btc_leading_zeros,0.0000000000
1138151,7444995037974,btc_qm_engine,btc_sha256_elapsed_ns,1085.0000000000
1138152,7444995038414,btc_qm_engine,btc_sha256_elapsed_ns,1025.0000000000
1138153,7444995038918,btc_qm_engine,btc_leading_zeros,3.0000000000
1138154,7444995039188,btc_qm_engine,btc_sha256_nonce,1134481448.0000000000
1138155,7444995039326,btc_qm_engine,btc_sha256_nonce,776588697.0000000000
1138156,7444995039583,btc_qm_engine,btc_sha256_nonce,653861558.0000000000
1138157,7444995039653,btc_qm_engine,btc_leading_zeros,0.0000000000
1138158,7444995039703,btc_qm_engine,btc_sha256_elapsed_ns,926.0000000000
1138159,7444995039870,btc_qm_engine,btc_leading_zeros,2.0000000000
1138160,7444995040465,btc_qm_engine,btc_leading_zeros,0.0000000000
1138161,7444995040748,btc_qm_engine,btc_sha256_nonce,653825962.0000000000
1138162,7444995041217,btc_qm_engine,btc_leading_zeros,2.0000000000
1138163,7444995041602,btc_qm_engine,btc_leading_zeros,0.0000000000
1138164,7444995041760,btc_qm_engine,btc_sha256_elapsed_ns,1024.0000000000
1138165,7444995042049,btc_qm_engine,btc_sha256_elapsed_ns,829.0000000000
1138166,7444995042294,btc_qm_engine,btc_sha256_elapsed_ns,1040.0000000000
1138167,7444995042820,btc_qm_engine,btc_sha256_elapsed_ns,943.0000000000
1138168,7444995043140,btc_qm_engine,btc_sha256_nonce,1884201120.0000000000
1138169,7444995043212,btc_qm_engine,btc_leading_zeros,0.0000000000
1138170,7444995043264,btc_qm_engine,btc_sha256_elapsed_ns,851.0000000000
1138171,7444995043377,btc_qm_engine,btc_sha256_nonce,220489820.0000000000
1138172,7444995043451,btc_qm_engine,btc_leading_zeros,0.0000000000
1138173,7444995043531,btc_qm_engine,btc_sha256_elapsed_ns,1065.0000000000
1138174,7444995044201,btc_qm_engine,btc_sha256_nonce,2485809721.0000000000
1138175,7444995044440,btc_qm_engine,btc_sha256_nonce,653851451.0000000000
1138176,7444995044517,btc_qm_engine,btc_leading_zeros,4.0000000000
1138177,7444995044583,btc_qm_engine,btc_sha256_elapsed_ns,890.0000000000
1138178,7444995044713,btc_qm_engine,btc_leading_zeros,2.0000000000
1138179,7444995044899,btc_qm_engine,btc_sha256_nonce,1330428790.0000000000
1138180,7444995044987,btc_qm_engine,btc_leading_zeros,1.0000000000
1138181,7444995045059,btc_qm_engine,btc_sha256_elapsed_ns,1100.0000000000
1138182,7444995045653,btc_qm_engine,btc_sha256_nonce,1725659212.0000000000
1138183,7444995045799,btc_qm_engine,btc_leading_zeros,2.0000000000
1138184,7444995046179,btc_qm_engine,btc_sha256_elapsed_ns,1135.0000000000
1138185,7444995046532,btc_qm_engine,btc_sha256_nonce,1063222414.0000000000
1138186,7444995046668,btc_qm_engine,btc_sha256_elapsed_ns,1108.0000000000
1138187,7444995046913,btc_qm_engine,btc_sha256_nonce,1240882692.0000000000
1138188,7444995047247,btc_qm_engine,btc_leading_zeros,1.0000000000
1138189,7444995047708,btc_qm_engine,btc_leading_zeros,3.0000000000
1138190,7444995047951,btc_qm_engine,btc_sha256_nonce,2058665553.0000000000
1138191,7444995048179,btc_qm_engine,btc_leading_zeros,0.0000000000
1138192,7444995048827,btc_qm_engine,btc_sha256_nonce,50055372.0000000000
1138193,7444995049453,btc_qm_engine,btc_sha256_elapsed_ns,853.0000000000
1138194,7444995049648,btc_qm_engine,btc_leading_zeros,0.0000000000
1138195,7444995049726,btc_qm_engine,btc_sha256_elapsed_ns,1024.0000000000
1138196,7444995049899,btc_qm_engine,btc_leading_zeros,2.0000000000
1138197,7444995050178,btc_qm_engine,btc_sha256_elapsed_ns,863.0000000000
1138198,7444995050705,btc_qm_engine,btc_sha256_nonce,632995444.0000000000
1138199,7444995050775,btc_qm_engine,btc_leading_zeros,1.0000000000
1138200,7444995050825,btc_qm_engine,btc_sha256_elapsed_ns,761.0000000000
1138201,7444995051151,btc_qm_engine,btc_sha256_nonce,2904187909.0000000000
1138202,7444995051361,btc_qm_engine,btc_leading_zeros,1.0000000000
1138203,7444995051718,btc_qm_engine,btc_sha256_nonce,1709528484.0000000000
1138204,7444995051929,btc_qm_engine,btc_sha256_elapsed_ns,1127.0000000000
1138205,7444995052036,btc_qm_engine,btc_sha256_elapsed_ns,1081.0000000000
1138206,7444995052395,btc_qm_engine,btc_sha256_nonce,3418763144.0000000000
1138207,7444995052465,btc_qm_engine,btc_leading_zeros,3.0000000000
1138208,7444995052541,btc_qm_engine,btc_sha256_elapsed_ns,871.0000000000
1138209,7444995052703,btc_qm_engine,btc_sha256_elapsed_ns,883.0000000000
1138210,7444995053641,btc_qm_engine,btc_sha256_nonce,1128849044.0000000000
1138211,7444995053734,btc_qm_engine,btc_leading_zeros,0.0000000000
1138212,7444995053794,btc_qm_engine,btc_sha256_elapsed_ns,859.0000000000
1138213,7444995053910,btc_qm_engine,btc_sha256_nonce,1352447278.0000000000
1138214,7444995054350,btc_qm_engine,btc_sha256_nonce,55643538.0000000000
1138215,7444995054724,btc_qm_engine,btc_leading_zeros,4.0000000000
1138216,7444995054814,btc_qm_engine,btc_sha256_elapsed_ns,1150.0000000000
1138217,7444995055005,btc_qm_engine,btc_sha256_nonce,2059197992.0000000000
1138218,7444995055186,btc_qm_engine,btc_leading_zeros,1.0000000000
1138219,7444995055709,btc_qm_engine,btc_sha256_nonce,2388406973.0000000000
1138220,7444995056078,btc_qm_engine,btc_leading_zeros,0.0000000000
1138221,7444995056630,btc_qm_engine,btc_leading_zeros,0.0000000000
1138222,7444995057115,btc_qm_engine,btc_sha256_elapsed_ns,797.0000000000
1138223,7444995057832,btc_qm_engine,btc_sha256_nonce,1261426911.0000000000
1138224,7444995058149,btc_qm_engine,btc_leading_zeros,1.0000000000
1138225,7444995058224,btc_qm_engine,btc_sha256_elapsed_ns,826.0000000000
1138226,7444995058407,btc_qm_engine,btc_sha256_nonce,4049974419.0000000000
1138227,7444995058486,btc_qm_engine,btc_leading_zeros,1.0000000000
1138228,7444995058560,btc_qm_engine,btc_sha256_elapsed_ns,1060.0000000000
1138229,7444995058997,btc_qm_engine,btc_sha256_elapsed_ns,1051.0000000000
1138230,7444995059093,btc_qm_engine,btc_sha256_nonce,2335875764.0000000000
1138231,7444995059436,btc_qm_engine,btc_sha256_nonce,2543823759.0000000000
1138232,7444995059934,btc_qm_engine,btc_sha256_nonce,3547311564.0000000000
1138233,7444995060119,btc_qm_engine,btc_leading_zeros,0.0000000000
1138234,7444995060266,btc_qm_engine,btc_leading_zeros,1.0000000000
1138235,7444995060829,btc_qm_engine,btc_sha256_elapsed_ns,977.0000000000
1138236,7444995060978,btc_qm_engine,btc_sha256_nonce,2059018592.0000000000
1138237,7444995061263,btc_qm_engine,btc_leading_zeros,0.0000000000
1138238,7444995061613,btc_qm_engine,btc_sha256_elapsed_ns,850.0000000000
1138239,7444995061742,btc_qm_engine,btc_leading_zeros,0.0000000000
1138240,7444995061826,btc_qm_engine,btc_sha256_elapsed_ns,991.0000000000
1138241,7444995062056,btc_qm_engine,btc_sha256_elapsed_ns,722.0000000000
1138242,7444995062389,btc_qm_engine,btc_sha256_elapsed_ns,1145.0000000000
1138243,7444995065038,btc_qm_engine,btc_leading_zeros,0.0000000000
1138244,7444995065350,btc_qm_engine,btc_sha256_elapsed_ns,1089.0000000000
1138245,7444995069764,btc_qm_engine,btc_sha256_elapsed_ns,850.0000000000
1138246,7444995502069,btc_qm_engine,btc_leading_zeros,0.0000000000
1138247,7444995502221,btc_qm_engine,btc_sha256_elapsed_ns,1014.0000000000
