seq,ts_ns,module,key,value
1375724,11647912291229,btc_qm_engine,btc_sha256_elapsed_ns,1097.0000000000
1375725,11647912291521,btc_qm_engine,btc_sha256_elapsed_ns,1045.0000000000
1375726,11647912291656,btc_qm_engine,btc_sha256_nonce,948065709.0000000000
1375727,11647912292032,btc_qm_engine,btc_leading_zeros,2.0000000000
1375728,11647912292115,btc_qm_engine,btc_sha256_elapsed_ns,873.0000000000
1375729,11647912292193,btc_qm_engine,btc_sha256_elapsed_ns,979.0000000000
1375730,11647912292447,btc_qm_engine,btc_leading_zeros,0.0000000000
1375731,11647912292618,btc_qm_engine,btc_sha256_nonce,3885897807.0000000000
1375732,11647912292911,btc_qm_engine,btc_sha256_elapsed_ns,1122.0000000000
1375733,11647912293080,btc_qm_engine,btc_sha256_nonce,1503113760.0000000000
1375734,11647912293262,btc_qm_engine,btc_leading_zeros,2.0000000000
1375735,11647912293329,btc_qm_engine,btc_sha256_elapsed_ns,1093.0000000000
1375736,11647912293471,btc_qm_engine,btc_sha256_nonce,642812822.0000000000
1375737,11647912293702,btc_qm_engine,btc_sha256_nonce,3625803464.0000000000
1375738,11647912293780,btc_qm_engine,btc_leading_zeros,0.0000000000
1375739,11647912293880,btc_qm_engine,btc_sha256_elapsed_ns,1020.0000000000
1375740,11647912294038,btc_qm_engine,btc_leading_zeros,0.0000000000
1375741,11647912294279,btc_qm_engine,btc_sha256_nonce,359974831.0000000000
1375742,11647912294689,btc_qm_engine,btc_sha256_nonce,3393079414.0000000000
1375743,11647912294835,btc_qm_engine,btc_sha256_nonce,2308166004.0000000000
1375744,11647912295076,btc_qm_engine,btc_sha256_nonce,2742778009.0000000000
1375745,11647912295251,btc_qm_engine,btc_leading_zeros,0.0000000000
1375746,11647912295397,btc_qm_engine,btc_leading_zeros,1.0000000000
1375747,11647912295481,btc_qm_engine,btc_sha256_elapsed_ns,1039.0000000000
1375748,11647912295709,btc_qm_engine,btc_leading_zeros,0.0000000000
1375749,11647912295979,btc_qm_engine,btc_sha256_elapsed_ns,1020.0000000000
1375750,11647912296160,btc_qm_engine,btc_leading_zeros,0.0000000000
1375751,11647912296441,btc_qm_engine,btc_sha256_elapsed_ns,880.0000000000
1375752,11647912296765,btc_qm_engine,btc_sha256_nonce,3541561857.0000000000
1375753,11647912296945,btc_qm_engine,btc_sha256_elapsed_ns,1094.0000000000
1375754,11647912297116,btc_qm_engine,btc_sha256_nonce,2679368107.0000000000
1375755,11647912297194,btc_qm_engine,btc_leading_zeros,0.0000000000
1375756,11647912297282,btc_qm_engine,btc_sha256_nonce,3313461054.0000000000
1375757,11647912297506,btc_qm_engine,btc_sha256_nonce,1734330663.0000000000
1375758,11647912297578,btc_qm_engine,btc_leading_zeros,0.0000000000
1375759,11647912297641,btc_qm_engine,btc_sha256_elapsed_ns,844.0000000000
1375760,11647912297914,btc_qm_engine,btc_sha256_elapsed_ns,910.0000000000
1375761,11647912298316,btc_qm_engine,btc_sha256_elapsed_ns,1104.0000000000
1375762,11647912298557,btc_qm_engine,btc_sha256_nonce,1847424242.0000000000
1375763,11647912298642,btc_qm_engine,btc_leading_zeros,0.0000000000
1375764,11647912298712,btc_qm_engine,btc_sha256_elapsed_ns,1007.0000000000
1375765,11647912298885,btc_qm_engine,btc_sha256_nonce,1744480279.0000000000
1375766,11647912298962,btc_qm_engine,btc_leading_zeros,0.0000000000
1375767,11647912299030,btc_qm_engine,btc_sha256_elapsed_ns,1009.0000000000
1375768,11647912299576,btc_qm_engine,btc_leading_zeros,0.0000000000
1375769,11647912299793,btc_qm_engine,btc_leading_zeros,4.0000000000
1375770,11647912299897,btc_qm_engine,btc_sha256_elapsed_ns,20313.0000000000
1375771,11647912300027,btc_qm_engine,btc_sha256_nonce,4231502910.0000000000
1375772,11647912300183,btc_qm_engine,btc_sha256_elapsed_ns,977.0000000000
1375773,11647912300315,btc_qm_engine,btc_sha256_nonce,3144834614.0000000000
1375774,11647912300631,btc_qm_engine,btc_sha256_nonce,2067362655.0000000000
1375775,11647912301170,btc_qm_engine,btc_leading_zeros,3.0000000000
1375776,11647912301328,btc_qm_engine,btc_sha256_nonce,4067545118.0000000000
1375777,11647912301601,btc_qm_engine,btc_sha256_nonce,2003684462.0000000000
1375778,11647912301819,btc_qm_engine,btc_sha256_elapsed_ns,1070.0000000000
1375779,11647912302497,btc_qm_engine,btc_leading_zeros,1.0000000000
1375780,11647912302709,btc_qm_engine,btc_leading_zeros,2.0000000000
1375781,11647912302783,btc_qm_engine,btc_sha256_elapsed_ns,986.0000000000
1375782,11647912302961,btc_qm_engine,btc_sha256_elapsed_ns,1060.0000000000
1375783,11647912303431,btc_qm_engine,btc_leading_zeros,4.0000000000
1375784,11647912303763,btc_qm_engine,btc_sha256_elapsed_ns,1093.0000000000
1375785,11647912304199,btc_qm_engine,btc_sha256_nonce,4022859364.0000000000
1375786,11647912304436,btc_qm_engine,btc_sha256_nonce,2841917982.0000000000
1375787,11647912304594,btc_qm_engine,btc_leading_zeros,3.0000000000
1375788,11647912304667,btc_qm_engine,btc_sha256_elapsed_ns,1091.0000000000
1375789,11647912304962,btc_qm_engine,btc_leading_zeros,0.0000000000
1375790,11647912305223,btc_qm_engine,btc_sha256_nonce,3825779866.0000000000
1375791,11647912305422,btc_qm_engine,btc_sha256_nonce,2222697243.0000000000
1375792,11647912305502,btc_qm_engine,btc_leading_zeros,4.0000000000
1375793,11647912305572,btc_qm_engine,btc_sha256_elapsed_ns,1067.0000000000
1375794,11647912305800,btc_qm_engine,btc_leading_zeros,1.0000000000
1375795,11647912306175,btc_qm_engine,btc_sha256_nonce,2744608644.0000000000
1375796,11647912306606,btc_qm_engine,btc_sha256_elapsed_ns,1038.0000000000
1375797,11647912306959,btc_qm_engine,btc_leading_zeros,4.0000000000
1375798,11647912307233,btc_qm_engine,btc_leading_zeros,0.0000000000
1375799,11647912307435,btc_qm_engine,btc_sha256_elapsed_ns,1106.0000000000
1375800,11647912307761,btc_qm_engine,btc_sha256_elapsed_ns,1091.0000000000
1375801,11647912308207,btc_qm_engine,btc_sha256_nonce,1269844910.0000000000
1375802,11647912308613,btc_qm_engine,btc_sha256_nonce,1888957038.0000000000
1375803,11647912308829,btc_qm_engine,btc_leading_zeros,0.0000000000
1375804,11647912309081,btc_qm_engine,btc_leading_zeros,0.0000000000
1375805,11647912309149,btc_qm_engine,btc_sha256_elapsed_ns,1084.0000000000
1375806,11647912309275,btc_qm_engine,btc_sha256_nonce,3552194633.0000000000
1375807,11647912309413,btc_qm_engine,btc_sha256_elapsed_ns,1002.0000000000
1375808,11647912309627,btc_qm_engine,btc_leading_zeros,0.0000000000
1375809,11647912309749,btc_qm_engine,btc_sha256_elapsed_ns,749.0000000000
1375810,11647912309828,btc_qm_engine,btc_sha256_nonce,2891467510.0000000000
1375811,11647912310168,btc_qm_engine,btc_leading_zeros,0.0000000000
1375812,11647912310433,btc_qm_engine,btc_leading_zeros,2.0000000000
1375813,11647912310894,btc_qm_engine,btc_sha256_nonce,1734214237.0000000000
1375814,11647912311061,btc_qm_engine,btc_leading_zeros,1.0000000000
1375815,11647912311292,btc_qm_engine,btc_sha256_elapsed_ns,1102.0000000000
1375816,11647912311523,btc_qm_engine,btc_sha256_nonce,3826048235.0000000000
1375817,11647912311686,btc_qm_engine,btc_sha256_nonce,1152394117.0000000000
1375818,11647912311957,btc_qm_engine,btc_leading_zeros,1.0000000000
1375819,11647912312032,btc_qm_engine,btc_sha256_elapsed_ns,979.0000000000
1375820,11647912312221,btc_qm_engine,btc_leading_zeros,1.0000000000
1375821,11647912312295,btc_qm_engine,btc_sha256_elapsed_ns,1071.0000000000
1375822,11647912312515,btc_qm_engine,btc_sha256_elapsed_ns,907.0000000000
1375823,11647912312684,btc_qm_engine,btc_sha256_nonce,385844532.0000000000
1375824,11647912312830,btc_qm_engine,btc_sha256_elapsed_ns,979.0000000000
1375825,11647912313108,btc_qm_engine,btc_sha256_elapsed_ns,1072.0000000000
1375826,11647912313620,btc_qm_engine,btc_sha256_nonce,3763169287.0000000000
1375827,11647912314082,btc_qm_engine,btc_sha256_nonce,2147541174.0000000000
1375828,11647912314160,btc_qm_engine,btc_leading_zeros,2.0000000000
1375829,11647912314278,btc_qm_engine,btc_sha256_elapsed_ns,1065.0000000000
1375830,11647912314499,btc_qm_engine,btc_sha256_nonce,2744705845.0000000000
1375831,11647912315096,btc_qm_engine,btc_sha256_nonce,4033624120.0000000000
1375832,11647912315353,btc_qm_engine,btc_leading_zeros,1.0000000000
1375833,11647912315709,btc_qm_engine,btc_leading_zeros,4.0000000000
1375834,11647912315792,btc_qm_engine,btc_sha256_elapsed_ns,1097.0000000000
1375835,11647912315906,btc_qm_engine,btc_leading_zeros,0.0000000000
1375836,11647912316035,btc_qm_engine,btc_sha256_elapsed_ns,1013.0000000000
1375837,11647912316219,btc_qm_engine,btc_leading_zeros,0.0000000000
1375838,11647912316531,btc_qm_engine,btc_sha256_elapsed_ns,1038.0000000000
1375839,11647912317163,btc_qm_engine,btc_sha256_nonce,676157332.0000000000
1375840,11647912317245,btc_qm_engine,btc_leading_zeros,1.0000000000
1375841,11647912317514,btc_qm_engine,btc_sha256_nonce,796312817.0000000000
1375842,11647912317593,btc_qm_engine,btc_leading_zeros,4.0000000000
1375843,11647912317643,btc_qm_engine,btc_sha256_elapsed_ns,738.0000000000
1375844,11647912317753,btc_qm_engine,btc_sha256_elapsed_ns,1077.0000000000
1375845,11647912318300,btc_qm_engine,btc_sha256_nonce,907821178.0000000000
1375846,11647912318452,btc_qm_engine,btc_sha256_elapsed_ns,849.0000000000
1375847,11647912318712,btc_qm_engine,btc_leading_zeros,1.0000000000
1375848,11647912318783,btc_qm_engine,btc_sha256_elapsed_ns,1036.0000000000
1375849,11647912318955,btc_qm_engine,btc_sha256_nonce,2078119250.0000000000
1375850,11647912319321,btc_qm_engine,btc_leading_zeros,3.0000000000
1375851,11647912319413,btc_qm_engine,btc_sha256_elapsed_ns,988.0000000000
1375852,11647912319589,btc_qm_engine,btc_sha256_nonce,4068020683.0000000000
1375853,11647912319665,btc_qm_engine,btc_leading_zeros,1.0000000000
1375854,11647912319808,btc_qm_engine,btc_sha256_elapsed_ns,1101.0000000000
1375855,11647912320051,btc_qm_engine,btc_sha256_nonce,340021550.0000000000
1375856,11647912320196,btc_qm_engine,btc_sha256_nonce,2217135798.0000000000
1375857,11647912320275,btc_qm_engine,btc_leading_zeros,0.0000000000
1375858,11647912320348,btc_qm_engine,btc_sha256_elapsed_ns,1064.0000000000
1375859,11647912320650,btc_qm_engine,btc_leading_zeros,1.0000000000
1375860,11647912320723,btc_qm_engine,btc_sha256_elapsed_ns,950.0000000000
1375861,11647912321313,btc_qm_engine,btc_sha256_nonce,512798349.0000000000
1375862,11647912321410,btc_qm_engine,btc_leading_zeros,0.0000000000
1375863,11647912321480,btc_qm_engine,btc_sha256_elapsed_ns,1070.0000000000
1375864,11647912321556,btc_qm_engine,btc_sha256_nonce,1534106709.0000000000
1375865,11647912321698,btc_qm_engine,btc_sha256_nonce,461578166.0000000000
1375866,11647912321782,btc_qm_engine,btc_leading_zeros,0.0000000000
1375867,11647912321847,btc_qm_engine,btc_sha256_elapsed_ns,1070.0000000000
1375868,11647912321980,btc_qm_engine,btc_leading_zeros,0.0000000000
1375869,11647912322306,btc_qm_engine,btc_sha256_nonce,1486805928.0000000000
1375870,11647912322405,btc_qm_engine,btc_sha256_elapsed_ns,1058.0000000000
1375871,11647912322509,btc_qm_engine,btc_sha256_nonce,1899222729.0000000000
1375872,11647912322685,btc_qm_engine,btc_leading_zeros,0.0000000000
1375873,11647912322819,btc_qm_engine,btc_sha256_nonce,804276105.0000000000
1375874,11647912323068,btc_qm_engine,btc_leading_zeros,2.0000000000
1375875,11647912323363,btc_qm_engine,btc_sha256_elapsed_ns,1033.0000000000
1375876,11647912323587,btc_qm_engine,btc_sha256_elapsed_ns,1050.0000000000
1375877,11647912323908,btc_qm_engine,btc_sha256_nonce,1736228975.0000000000
1375878,11647912324000,btc_qm_engine,btc_leading_zeros,0.0000000000
1375879,11647912324069,btc_qm_engine,btc_sha256_elapsed_ns,1076.0000000000
1375880,11647912324246,btc_qm_engine,btc_leading_zeros,0.0000000000
1375881,11647912324441,btc_qm_engine,btc_sha256_nonce,1820852477.0000000000
1375882,11647912324681,btc_qm_engine,btc_sha256_elapsed_ns,1061.0000000000
1375883,11647912324863,btc_qm_engine,btc_leading_zeros,1.0000000000
1375884,11647912325130,btc_qm_engine,btc_sha256_elapsed_ns,934.0000000000
1375885,11647912325315,btc_qm_engine,btc_sha256_nonce,517394433.0000000000
1375886,11647912325450,btc_qm_engine,btc_sha256_nonce,3635087979.0000000000
1375887,11647912325630,btc_qm_engine,btc_sha256_nonce,2288910434.0000000000
1375888,11647912325831,btc_qm_engine,btc_leading_zeros,1.0000000000
1375889,11647912325911,btc_qm_engine,btc_sha256_elapsed_ns,1026.0000000000
1375890,11647912326084,btc_qm_engine,btc_leading_zeros,0.0000000000
1375891,11647912326189,btc_qm_engine,btc_sha256_elapsed_ns,1027.0000000000
1375892,11647912326322,btc_qm_engine,btc_sha256_nonce,2199031203.0000000000
1375893,11647912326928,btc_qm_engine,btc_leading_zeros,4.0000000000
1375894,11647912327054,btc_qm_engine,btc_sha256_nonce,356601799.0000000000
1375895,11647912327136,btc_qm_engine,btc_leading_zeros,1.0000000000
1375896,11647912327199,btc_qm_engine,btc_sha256_elapsed_ns,990.0000000000
1375897,11647912327330,btc_qm_engine,btc_sha256_elapsed_ns,1110.0000000000
1375898,11647912327534,btc_qm_engine,btc_sha256_nonce,1706791275.0000000000
1375899,11647912327611,btc_qm_engine,btc_leading_zeros,1.0000000000
1375900,11647912327677,btc_qm_engine,btc_sha256_elapsed_ns,1082.0000000000
1375901,11647912327839,btc_qm_engine,btc_sha256_nonce,3712433946.0000000000
1375902,11647912328178,btc_qm_engine,btc_sha256_nonce,3999341345.0000000000
1375903,11647912328375,btc_qm_engine,btc_leading_zeros,2.0000000000
1375904,11647912328725,btc_qm_engine,btc_sha256_nonce,4068216778.0000000000
1375905,11647912328796,btc_qm_engine,btc_leading_zeros,1.0000000000
1375906,11647912329085,btc_qm_engine,btc_sha256_elapsed_ns,1090.0000000000
1375907,11647912329606,btc_qm_engine,btc_sha256_nonce,940062753.0000000000
1375908,11647912330517,btc_qm_engine,btc_leading_zeros,1.0000000000
1375909,11647912330868,btc_qm_engine,btc_sha256_nonce,3853289840.0000000000
1375910,11647912331057,btc_qm_engine,btc_sha256_elapsed_ns,970.0000000000
1375911,11647912331518,btc_qm_engine,btc_sha256_nonce,2627335818.0000000000
1375912,11647912331598,btc_qm_engine,btc_leading_zeros,2.0000000000
1375913,11647912331669,btc_qm_engine,btc_sha256_elapsed_ns,1054.0000000000
1375914,11647912332314,btc_qm_engine,btc_sha256_elapsed_ns,1125.0000000000
1375915,11647912332545,btc_qm_engine,btc_sha256_nonce,2497927480.0000000000
1375916,11647912332627,btc_qm_engine,btc_leading_zeros,1.0000000000
1375917,11647912332710,btc_qm_engine,btc_sha256_nonce,3973411340.0000000000
1375918,11647912332867,btc_qm_engine,btc_leading_zeros,3.0000000000
1375919,11647912333128,btc_qm_engine,btc_leading_zeros,0.0000000000
1375920,11647912333688,btc_qm_engine,btc_sha256_nonce,4068642791.0000000000
1375921,11647912333778,btc_qm_engine,btc_leading_zeros,0.0000000000
1375922,11647912333956,btc_qm_engine,btc_sha256_elapsed_ns,977.0000000000
1375923,11647912334595,btc_qm_engine,btc_leading_zeros,1.0000000000
1375924,11647912335132,btc_qm_engine,btc_leading_zeros,10.0000000000
1375925,11647912335241,btc_qm_engine,btc_sha256_elapsed_ns,984.0000000000
1375926,11647912335405,btc_qm_engine,btc_sha256_elapsed_ns,1011.0000000000
1375927,11647912335568,btc_qm_engine,btc_sha256_elapsed_ns,1047.0000000000
1375928,11647912335765,btc_qm_engine,btc_sha256_elapsed_ns,744.0000000000
1375929,11647912336425,btc_qm_engine,btc_leading_zeros,1.0000000000
1375930,11647912336751,btc_qm_engine,btc_sha256_nonce,4186604625.0000000000
1375931,11647912336999,btc_qm_engine,btc_sha256_nonce,1977003177.0000000000
1375932,11647912337319,btc_qm_engine,btc_sha256_nonce,3250448117.0000000000
1375933,11647912337393,btc_qm_engine,btc_leading_zeros,0.0000000000
1375934,11647912337476,btc_qm_engine,btc_sha256_elapsed_ns,1051.0000000000
1375935,11647912337692,btc_qm_engine,btc_sha256_elapsed_ns,1097.0000000000
1375936,11647912338283,btc_qm_engine,btc_sha256_nonce,3515821055.0000000000
1375937,11647912338602,btc_qm_engine,btc_sha256_nonce,3523977823.0000000000
1375938,11647912338657,btc_qm_engine,btc_leading_zeros,4.0000000000
1375939,11647912338722,btc_qm_engine,btc_sha256_elapsed_ns,979.0000000000
1375940,11647912338813,btc_qm_engine,btc_sha256_nonce,3825543328.0000000000
1375941,11647912338972,btc_qm_engine,btc_leading_zeros,0.0000000000
1375942,11647912339045,btc_qm_engine,btc_sha256_elapsed_ns,987.0000000000
1375943,11647912339194,btc_qm_engine,btc_leading_zeros,2.0000000000
1375944,11647912339792,btc_qm_engine,btc_sha256_nonce,2672061392.0000000000
1375945,11647912339942,btc_qm_engine,btc_sha256_elapsed_ns,1059.0000000000
1375946,11647912340118,btc_qm_engine,btc_sha256_nonce,554197406.0000000000
1375947,11647912340262,btc_qm_engine,btc_leading_zeros,0.0000000000
1375948,11647912340337,btc_qm_engine,btc_sha256_elapsed_ns,1106.0000000000
1375949,11647912340544,btc_qm_engine,btc_sha256_nonce,1395532348.0000000000
1375950,11647912340668,btc_qm_engine,btc_leading_zeros,2.0000000000
1375951,11647912340739,btc_qm_engine,btc_sha256_elapsed_ns,1059.0000000000
1375952,11647912340895,btc_qm_engine,btc_leading_zeros,0.0000000000
1375953,11647912340967,btc_qm_engine,btc_sha256_elapsed_ns,1058.0000000000
1375954,11647912341297,btc_qm_engine,btc_sha256_nonce,1755066913.0000000000
1375955,11647912341382,btc_qm_engine,btc_leading_zeros,3.0000000000
1375956,11647912341451,btc_qm_engine,btc_sha256_elapsed_ns,1040.0000000000
1375957,11647912341723,btc_qm_engine,btc_sha256_nonce,2112874994.0000000000
1375958,11647912341798,btc_qm_engine,btc_leading_zeros,0.0000000000
1375959,11647912341864,btc_qm_engine,btc_sha256_elapsed_ns,1057.0000000000
1375960,11647912342129,btc_qm_engine,btc_sha256_nonce,2432988720.0000000000
1375961,11647912342213,btc_qm_engine,btc_leading_zeros,0.0000000000
1375962,11647912342285,btc_qm_engine,btc_sha256_elapsed_ns,1127.0000000000
1375963,11647912342653,btc_qm_engine,btc_sha256_nonce,357908890.0000000000
1375964,11647912342843,btc_qm_engine,btc_sha256_nonce,859806721.0000000000
1375965,11647912343041,btc_qm_engine,btc_leading_zeros,0.0000000000
1375966,11647912343217,btc_qm_engine,btc_sha256_nonce,2113302128.0000000000
1375967,11647912343774,btc_qm_engine,btc_sha256_nonce,1792549490.0000000000
1375968,11647912343943,btc_qm_engine,btc_leading_zeros,0.0000000000
1375969,11647912344392,btc_qm_engine,btc_leading_zeros,1.0000000000
1375970,11647912344804,btc_qm_engine,btc_leading_zeros,2.0000000000
1375971,11647912345435,btc_qm_engine,btc_sha256_elapsed_ns,1092.0000000000
1375972,11647912345558,btc_qm_engine,btc_sha256_nonce,1734782301.0000000000
1375973,11647912346052,btc_qm_engine,btc_sha256_elapsed_ns,1076.0000000000
1375974,11647912346164,btc_qm_engine,btc_leading_zeros,0.0000000000
1375975,11647912346510,btc_qm_engine,btc_sha256_elapsed_ns,958.0000000000
1375976,11647912346774,btc_qm_engine,btc_sha256_nonce,2942770921.0000000000
1375977,11647912346889,btc_qm_engine,btc_leading_zeros,0.0000000000
1375978,11647912347267,btc_qm_engine,btc_sha256_elapsed_ns,952.0000000000
1375979,11647912347510,btc_qm_engine,btc_sha256_elapsed_ns,1109.0000000000
1375980,11647912347847,btc_qm_engine,btc_leading_zeros,0.0000000000
1375981,11647912347975,btc_qm_engine,btc_sha256_nonce,634057253.0000000000
1375982,11647912348055,btc_qm_engine,btc_leading_zeros,0.0000000000
1375983,11647912348126,btc_qm_engine,btc_sha256_elapsed_ns,986.0000000000
1375984,11647912348543,btc_qm_engine,btc_sha256_elapsed_ns,1093.0000000000
1375985,11647912349060,btc_qm_engine,btc_sha256_nonce,2124238740.0000000000
1375986,11647912349129,btc_qm_engine,btc_leading_zeros,0.0000000000
1375987,11647912349368,btc_qm_engine,btc_sha256_elapsed_ns,1022.0000000000
1375988,11647912349722,btc_qm_engine,btc_sha256_nonce,156252252.0000000000
1375989,11647912350135,btc_qm_engine,btc_sha256_nonce,352900674.0000000000
1375990,11647912350214,btc_qm_engine,btc_leading_zeros,1.0000000000
1375991,11647912350303,btc_qm_engine,btc_sha256_elapsed_ns,1028.0000000000
1375992,11647912350410,btc_qm_engine,btc_leading_zeros,3.0000000000
1375993,11647912350878,btc_qm_engine,btc_sha256_elapsed_ns,744.0000000000
1375994,11647912351078,btc_qm_engine,btc_sha256_elapsed_ns,1073.0000000000
1375995,11647912351521,btc_qm_engine,btc_sha256_nonce,1792087038.0000000000
1375996,11647912351591,btc_qm_engine,btc_sha256_nonce,2627105876.0000000000
1375997,11647912351662,btc_qm_engine,btc_leading_zeros,4.0000000000
1375998,11647912351738,btc_qm_engine,btc_sha256_elapsed_ns,1067.0000000000
1375999,11647912351891,btc_qm_engine,btc_sha256_elapsed_ns,1077.0000000000
1376000,11647912352283,btc_qm_engine,btc_sha256_nonce,1734662523.0000000000
1376001,11647912352641,btc_qm_engine,btc_sha256_nonce,3134718483.0000000000
1376002,11647912352721,btc_qm_engine,btc_leading_zeros,3.0000000000
1376003,11647912352959,btc_qm_engine,btc_leading_zeros,2.0000000000
1376004,11647912353483,btc_qm_engine,btc_leading_zeros,2.0000000000
1376005,11647912353636,btc_qm_engine,btc_sha256_nonce,570850188.0000000000
1376006,11647912354264,btc_qm_engine,btc_sha256_nonce,219849919.0000000000
1376007,11647912355056,btc_qm_engine,btc_sha256_nonce,2357263316.0000000000
1376008,11647912355239,btc_qm_engine,btc_sha256_elapsed_ns,732.0000000000
1376009,11647912355463,btc_qm_engine,btc_leading_zeros,2.0000000000
1376010,11647912355546,btc_qm_engine,btc_sha256_elapsed_ns,1007.0000000000
1376011,11647912355735,btc_qm_engine,btc_leading_zeros,0.0000000000
1376012,11647912355885,btc_qm_engine,btc_sha256_elapsed_ns,1076.0000000000
1376013,11647912356241,btc_qm_engine,btc_sha256_elapsed_ns,997.0000000000
1376014,11647912356788,btc_qm_engine,btc_leading_zeros,0.0000000000
1376015,11647912357009,btc_qm_engine,btc_sha256_nonce,2627408220.0000000000
1376016,11647912357171,btc_qm_engine,btc_sha256_nonce,24119865.0000000000
1376017,11647912357253,btc_qm_engine,btc_leading_zeros,0.0000000000
1376018,11647912357322,btc_qm_engine,btc_sha256_elapsed_ns,1040.0000000000
1376019,11647912357394,btc_qm_engine,btc_leading_zeros,3.0000000000
1376020,11647912357468,btc_qm_engine,btc_sha256_elapsed_ns,1096.0000000000
1376021,11647912357615,btc_qm_engine,btc_sha256_elapsed_ns,1036.0000000000
1376022,11647912358101,btc_qm_engine,btc_sha256_nonce,3825408735.0000000000
1376023,11647912358225,btc_qm_engine,btc_leading_zeros,0.0000000000
1376024,11647912358506,btc_qm_engine,btc_leading_zeros,0.0000000000
1376025,11647912358590,btc_qm_engine,btc_sha256_elapsed_ns,1038.0000000000
1376026,11647912358701,btc_qm_engine,btc_sha256_nonce,266741157.0000000000
1376027,11647912358842,btc_qm_engine,btc_sha256_nonce,2626871932.0000000000
1376028,11647912359227,btc_qm_engine,btc_sha256_elapsed_ns,918.0000000000
1376029,11647912359452,btc_qm_engine,btc_leading_zeros,1.0000000000
1376030,11647912359900,btc_qm_engine,btc_sha256_nonce,3795176169.0000000000
1376031,11647912360000,btc_qm_engine,btc_leading_zeros,2.0000000000
1376032,11647912360489,btc_qm_engine,btc_sha256_elapsed_ns,1047.0000000000
1376033,11647912360763,btc_qm_engine,btc_sha256_elapsed_ns,1078.0000000000
1376034,11647912360927,btc_qm_engine,btc_sha256_nonce,1734045015.0000000000
1376035,11647912361319,btc_qm_engine,btc_leading_zeros,0.0000000000
1376036,11647912361760,btc_qm_engine,btc_sha256_nonce,279085498.0000000000
1376037,11647912362281,btc_qm_engine,btc_sha256_nonce,1136385171.0000000000
1376038,11647912362405,btc_qm_engine,btc_sha256_nonce,3776884157.0000000000
1376039,11647912362566,btc_qm_engine,btc_leading_zeros,0.0000000000
1376040,11647912362739,btc_qm_engine,btc_leading_zeros,1.0000000000
1376041,11647912362853,btc_qm_engine,btc_leading_zeros,0.0000000000
1376042,11647912362936,btc_qm_engine,btc_sha256_elapsed_ns,1074.0000000000
1376043,11647912363274,btc_qm_engine,btc_sha256_elapsed_ns,1019.0000000000
1376044,11647912363541,btc_qm_engine,btc_sha256_nonce,692156978.0000000000
1376045,11647912363689,btc_qm_engine,btc_sha256_elapsed_ns,1101.0000000000
1376046,11647912363962,btc_qm_engine,btc_leading_zeros,4.0000000000
1376047,11647912364064,btc_qm_engine,btc_sha256_elapsed_ns,1043.0000000000
1376048,11647912364237,btc_qm_engine,btc_sha256_nonce,2805100185.0000000000
1376049,11647912364317,btc_qm_engine,btc_leading_zeros,0.0000000000
1376050,11647912364472,btc_qm_engine,btc_sha256_nonce,5257290.0000000000
1376051,11647912364950,btc_qm_engine,btc_sha256_elapsed_ns,1072.0000000000
1376052,11647912365154,btc_qm_engine,btc_sha256_nonce,1698844341.0000000000
1376053,11647912365371,btc_qm_engine,btc_sha256_nonce,2112338426.0000000000
1376054,11647912365483,btc_qm_engine,btc_leading_zeros,4.0000000000
1376055,11647912365536,btc_qm_engine,btc_sha256_elapsed_ns,1006.0000000000
1376056,11647912365640,btc_qm_engine,btc_leading_zeros,0.0000000000
1376057,11647912365727,btc_qm_engine,btc_sha256_elapsed_ns,733.0000000000
1376058,11647912365846,btc_qm_engine,btc_leading_zeros,1.0000000000
1376059,11647912365938,btc_qm_engine,btc_sha256_elapsed_ns,1095.0000000000
1376060,11647912366116,btc_qm_engine,btc_sha256_elapsed_ns,712.0000000000
1376061,11647912366392,btc_qm_engine,btc_leading_zeros,1.0000000000
1376062,11647912366479,btc_qm_engine,btc_sha256_nonce,489518108.0000000000
1376063,11647912366548,btc_qm_engine,btc_leading_zeros,1.0000000000
1376064,11647912366611,btc_qm_engine,btc_sha256_elapsed_ns,1008.0000000000
1376065,11647912366740,btc_qm_engine,btc_sha256_elapsed_ns,1119.0000000000
1376066,11647912366867,btc_qm_engine,btc_sha256_nonce,2852450598.0000000000
1376067,11647912366948,btc_qm_engine,btc_leading_zeros,0.0000000000
1376068,11647912367015,btc_qm_engine,btc_sha256_elapsed_ns,1095.0000000000
1376069,11647912367373,btc_qm_engine,btc_sha256_nonce,3945630125.0000000000
1376070,11647912367755,btc_qm_engine,btc_sha256_nonce,4068607943.0000000000
1376071,11647912367963,btc_qm_engine,btc_sha256_nonce,1275140007.0000000000
1376072,11647912368093,btc_qm_engine,btc_sha256_nonce,3066887023.0000000000
1376073,11647912368263,btc_qm_engine,btc_leading_zeros,1.0000000000
1376074,11647912368513,btc_qm_engine,btc_sha256_nonce,1571627174.0000000000
1376075,11647912369297,btc_qm_engine,btc_leading_zeros,2.0000000000
1376076,11647912369502,btc_qm_engine,btc_leading_zeros,0.0000000000
1376077,11647912369645,btc_qm_engine,btc_leading_zeros,1.0000000000
1376078,11647912369727,btc_qm_engine,btc_sha256_elapsed_ns,1075.0000000000
1376079,11647912370087,btc_qm_engine,btc_sha256_elapsed_ns,1040.0000000000
1376080,11647912370248,btc_qm_engine,btc_sha256_elapsed_ns,1079.0000000000
1376081,11647912370557,btc_qm_engine,btc_sha256_elapsed_ns,1112.0000000000
1376082,11647912370921,btc_qm_engine,btc_sha256_nonce,3794772865.0000000000
1376083,11647912371111,btc_qm_engine,btc_leading_zeros,2.0000000000
1376084,11647912371341,btc_qm_engine,btc_leading_zeros,4.0000000000
1376085,11647912371477,btc_qm_engine,btc_sha256_elapsed_ns,1102.0000000000
1376086,11647912371681,btc_qm_engine,btc_sha256_elapsed_ns,957.0000000000
1376087,11647912371812,btc_qm_engine,btc_sha256_nonce,1215672235.0000000000
1376088,11647912371923,btc_qm_engine,btc_leading_zeros,0.0000000000
1376089,11647912372059,btc_qm_engine,btc_sha256_nonce,1734416393.0000000000
1376090,11647912372521,btc_qm_engine,btc_sha256_nonce,934348365.0000000000
1376091,11647912372604,btc_qm_engine,btc_leading_zeros,3.0000000000
1376092,11647912372666,btc_qm_engine,btc_sha256_elapsed_ns,1129.0000000000
1376093,11647912372889,btc_qm_engine,btc_sha256_elapsed_ns,1108.0000000000
1376094,11647912373127,btc_qm_engine,btc_sha256_nonce,3825171891.0000000000
1376095,11647912373259,btc_qm_engine,btc_sha256_nonce,2307096176.0000000000
1376096,11647912373982,btc_qm_engine,btc_leading_zeros,1.0000000000
1376097,11647912374118,btc_qm_engine,btc_leading_zeros,4.0000000000
1376098,11647912374185,btc_qm_engine,btc_sha256_elapsed_ns,1088.0000000000
1376099,11647912374319,btc_qm_engine,btc_leading_zeros,0.0000000000
1376100,11647912374402,btc_qm_engine,btc_sha256_elapsed_ns,914.0000000000
1376101,11647912375122,btc_qm_engine,btc_sha256_nonce,2857235665.0000000000
1376102,11647912375322,btc_qm_engine,btc_sha256_nonce,3825877136.0000000000
1376103,11647912375434,btc_qm_engine,btc_leading_zeros,1.0000000000
1376104,11647912375544,btc_qm_engine,btc_sha256_elapsed_ns,851.0000000000
1376105,11647912375672,btc_qm_engine,btc_sha256_elapsed_ns,998.0000000000
1376106,11647912375841,btc_qm_engine,btc_leading_zeros,1.0000000000
1376107,11647912375935,btc_qm_engine,btc_sha256_elapsed_ns,1078.0000000000
1376108,11647912376079,btc_qm_engine,btc_sha256_nonce,1860445055.0000000000
1376109,11647912376458,btc_qm_engine,btc_leading_zeros,2.0000000000
1376110,11647912376621,btc_qm_engine,btc_sha256_nonce,3375177711.0000000000
1376111,11647912376694,btc_qm_engine,btc_leading_zeros,2.0000000000
1376112,11647912376763,btc_qm_engine,btc_sha256_elapsed_ns,1039.0000000000
1376113,11647912376908,btc_qm_engine,btc_sha256_elapsed_ns,934.0000000000
1376114,11647912377247,btc_qm_engine,btc_sha256_nonce,583776654.0000000000
1376115,11647912377432,btc_qm_engine,btc_leading_zeros,3.0000000000
1376116,11647912377847,btc_qm_engine,btc_sha256_nonce,1337095237.0000000000
1376117,11647912377977,btc_qm_engine,btc_sha256_nonce,230723756.0000000000
1376118,11647912378147,btc_qm_engine,btc_sha256_elapsed_ns,1066.0000000000
1376119,11647912378334,btc_qm_engine,btc_sha256_elapsed_ns,977.0000000000
1376120,11647912378614,btc_qm_engine,btc_leading_zeros,0.0000000000
1376121,11647912379219,btc_qm_engine,btc_sha256_nonce,2884342544.0000000000
1376122,11647912379495,btc_qm_engine,btc_sha256_nonce,4067593919.0000000000
1376123,11647912379574,btc_qm_engine,btc_leading_zeros,1.0000000000
1376124,11647912379644,btc_qm_engine,btc_sha256_elapsed_ns,1117.0000000000
1376125,11647912380079,btc_qm_engine,btc_leading_zeros,4.0000000000
1376126,11647912380162,btc_qm_engine,btc_sha256_elapsed_ns,896.0000000000
1376127,11647912380744,btc_qm_engine,btc_leading_zeros,0.0000000000
1376128,11647912380882,btc_qm_engine,btc_sha256_nonce,1791994733.0000000000
1376129,11647912380984,btc_qm_engine,btc_leading_zeros,0.0000000000
1376130,11647912381039,btc_qm_engine,btc_sha256_elapsed_ns,760.0000000000
1376131,11647912381119,btc_qm_engine,btc_sha256_elapsed_ns,1033.0000000000
1376132,11647912381524,btc_qm_engine,btc_sha256_nonce,4181589500.0000000000
1376133,11647912381592,btc_qm_engine,btc_leading_zeros,0.0000000000
1376134,11647912381979,btc_qm_engine,btc_sha256_nonce,1857347766.0000000000
1376135,11647912382070,btc_qm_engine,btc_leading_zeros,0.0000000000
1376136,11647912382168,btc_qm_engine,btc_sha256_elapsed_ns,935.0000000000
1376137,11647912382375,btc_qm_engine,btc_sha256_nonce,1033565399.0000000000
1376138,11647912382452,btc_qm_engine,btc_leading_zeros,0.0000000000
1376139,11647912382525,btc_qm_engine,btc_sha256_elapsed_ns,1094.0000000000
1376140,11647912382842,btc_qm_engine,btc_sha256_elapsed_ns,1098.0000000000
1376141,11647912383026,btc_qm_engine,btc_sha256_nonce,2268250094.0000000000
1376142,11647912383508,btc_qm_engine,btc_sha256_nonce,936813491.0000000000
1376143,11647912383683,btc_qm_engine,btc_sha256_nonce,3323371351.0000000000
1376144,11647912383754,btc_qm_engine,btc_leading_zeros,0.0000000000
1376145,11647912383805,btc_qm_engine,btc_sha256_elapsed_ns,914.0000000000
1376146,11647912384702,btc_qm_engine,btc_sha256_nonce,1792368756.0000000000
1376147,11647912384753,btc_qm_engine,btc_leading_zeros,2.0000000000
1376148,11647912384805,btc_qm_engine,btc_sha256_elapsed_ns,736.0000000000
1376149,11647912385517,btc_qm_engine,btc_sha256_nonce,2151327724.0000000000
1376150,11647912385774,btc_qm_engine,btc_sha256_nonce,3806699508.0000000000
1376151,11647912385914,btc_qm_engine,btc_leading_zeros,1.0000000000
1376152,11647912386469,btc_qm_engine,btc_leading_zeros,1.0000000000
1376153,11647912386695,btc_qm_engine,btc_sha256_nonce,978475192.0000000000
1376154,11647912386905,btc_qm_engine,btc_sha256_nonce,933878325.0000000000
1376155,11647912387559,btc_qm_engine,btc_sha256_elapsed_ns,1041.0000000000
1376156,11647912387690,btc_qm_engine,btc_leading_zeros,4.0000000000
1376157,11647912387763,btc_qm_engine,btc_sha256_elapsed_ns,1085.0000000000
1376158,11647912388044,btc_qm_engine,btc_leading_zeros,0.0000000000
1376159,11647912388151,btc_qm_engine,btc_sha256_elapsed_ns,771.0000000000
1376160,11647912388766,btc_qm_engine,btc_sha256_nonce,1432547376.0000000000
1376161,11647912388835,btc_qm_engine,btc_leading_zeros,1.0000000000
1376162,11647912388895,btc_qm_engine,btc_sha256_elapsed_ns,705.0000000000
1376163,11647912389093,btc_qm_engine,btc_sha256_nonce,4182728136.0000000000
1376164,11647912389169,btc_qm_engine,btc_leading_zeros,0.0000000000
1376165,11647912389244,btc_qm_engine,btc_sha256_elapsed_ns,1096.0000000000
1376166,11647912389462,btc_qm_engine,btc_leading_zeros,3.0000000000
1376167,11647912389656,btc_qm_engine,btc_sha256_nonce,3860882776.0000000000
1376168,11647912390084,btc_qm_engine,btc_sha256_nonce,47049123.0000000000
1376169,11647912390338,btc_qm_engine,btc_leading_zeros,2.0000000000
1376170,11647912390410,btc_qm_engine,btc_sha256_elapsed_ns,1113.0000000000
1376171,11647912390641,btc_qm_engine,btc_sha256_nonce,737011409.0000000000
1376172,11647912391010,btc_qm_engine,btc_leading_zeros,0.0000000000
1376173,11647912391259,btc_qm_engine,btc_sha256_elapsed_ns,990.0000000000
1376174,11647912391438,btc_qm_engine,btc_leading_zeros,1.0000000000
1376175,11647912391525,btc_qm_engine,btc_sha256_elapsed_ns,1078.0000000000
1376176,11647912391621,btc_qm_engine,btc_leading_zeros,1.0000000000
1376177,11647912391745,btc_qm_engine,btc_sha256_elapsed_ns,969.0000000000
1376178,11647912392054,btc_qm_engine,btc_sha256_elapsed_ns,1114.0000000000
1376179,11647912392145,btc_qm_engine,btc_sha256_nonce,2683708405.0000000000
1376180,11647912392472,btc_qm_engine,btc_leading_zeros,1.0000000000
1376181,11647912392881,btc_qm_engine,btc_sha256_nonce,661732622.0000000000
1376182,11647912392959,btc_qm_engine,btc_leading_zeros,1.0000000000
1376183,11647912393146,btc_qm_engine,btc_sha256_elapsed_ns,1033.0000000000
1376184,11647912393391,btc_qm_engine,btc_sha256_nonce,1173494931.0000000000
1376185,11647912394233,btc_qm_engine,btc_sha256_nonce,3825822932.0000000000
1376186,11647912394454,btc_qm_engine,btc_sha256_elapsed_ns,1114.0000000000
1376187,11647912395090,btc_qm_engine,btc_leading_zeros,0.0000000000
1376188,11647912395444,btc_qm_engine,btc_sha256_elapsed_ns,1098.0000000000
1376189,11647912395534,btc_qm_engine,btc_sha256_nonce,2369068013.0000000000
1376190,11647912395866,btc_qm_engine,btc_leading_zeros,0.0000000000
1376191,11647912395942,btc_qm_engine,btc_sha256_elapsed_ns,1091.0000000000
1376192,11647912396434,btc_qm_engine,btc_leading_zeros,0.0000000000
1376193,11647912396829,btc_qm_engine,btc_sha256_nonce,3826184547.0000000000
1376194,11647912396979,btc_qm_engine,btc_sha256_elapsed_ns,962.0000000000
1376195,11647912397091,btc_qm_engine,btc_sha256_nonce,871993392.0000000000
1376196,11647912397168,btc_qm_engine,btc_leading_zeros,0.0000000000
1376197,11647912397293,btc_qm_engine,btc_sha256_nonce,2863762511.0000000000
1376198,11647912397536,btc_qm_engine,btc_sha256_nonce,336892749.0000000000
1376199,11647912397783,btc_qm_engine,btc_leading_zeros,3.0000000000
1376200,11647912397939,btc_qm_engine,btc_leading_zeros,2.0000000000
1376201,11647912398137,btc_qm_engine,btc_sha256_elapsed_ns,1056.0000000000
1376202,11647912398434,btc_qm_engine,btc_sha256_elapsed_ns,1126.0000000000
1376203,11647912398657,btc_qm_engine,btc_sha256_elapsed_ns,1069.0000000000
1376204,11647912398904,btc_qm_engine,btc_sha256_nonce,2033686418.0000000000
1376205,11647912399847,btc_qm_engine,btc_sha256_elapsed_ns,901.0000000000
1376206,11647912399974,btc_qm_engine,btc_leading_zeros,3.0000000000
1376207,11647912400043,btc_qm_engine,btc_sha256_elapsed_ns,1094.0000000000
1376208,11647912400326,btc_qm_engine,btc_sha256_nonce,2629540206.0000000000
1376209,11647912400669,btc_qm_engine,btc_leading_zeros,2.0000000000
1376210,11647912400739,btc_qm_engine,btc_sha256_elapsed_ns,1028.0000000000
1376211,11647912401426,btc_qm_engine,btc_sha256_nonce,2627180198.0000000000
1376212,11647912401660,btc_qm_engine,btc_sha256_nonce,1922438094.0000000000
1376213,11647912401773,btc_qm_engine,btc_leading_zeros,0.0000000000
1376214,11647912401977,btc_qm_engine,btc_sha256_nonce,292708407.0000000000
1376215,11647912402053,btc_qm_engine,btc_leading_zeros,3.0000000000
1376216,11647912402128,btc_qm_engine,btc_sha256_elapsed_ns,987.0000000000
1376217,11647912402420,btc_qm_engine,btc_sha256_nonce,170318167.0000000000
1376218,11647912402633,btc_qm_engine,btc_sha256_elapsed_ns,1013.0000000000
1376219,11647912403166,btc_qm_engine,btc_sha256_elapsed_ns,1122.0000000000
1376220,11647912403315,btc_qm_engine,btc_sha256_nonce,2734992505.0000000000
1376221,11647912403483,btc_qm_engine,btc_sha256_nonce,2745662630.0000000000
1376222,11647912403566,btc_qm_engine,btc_leading_zeros,0.0000000000
1376223,11647912403632,btc_qm_engine,btc_sha256_elapsed_ns,1098.0000000000
1376224,11647912403741,btc_qm_engine,btc_leading_zeros,0.0000000000
1376225,11647912403812,btc_qm_engine,btc_sha256_elapsed_ns,1101.0000000000
1376226,11647912404391,btc_qm_engine,btc_leading_zeros,3.0000000000
1376227,11647912404770,btc_qm_engine,btc_sha256_nonce,3760623153.0000000000
1376228,11647912404926,btc_qm_engine,btc_sha256_nonce,3033011633.0000000000
1376229,11647912405028,btc_qm_engine,btc_sha256_elapsed_ns,1106.0000000000
1376230,11647912405215,btc_qm_engine,btc_sha256_nonce,2559584791.0000000000
1376231,11647912405419,btc_qm_engine,btc_leading_zeros,2.0000000000
1376232,11647912405718,btc_qm_engine,btc_leading_zeros,0.0000000000
1376233,11647912405890,btc_qm_engine,btc_sha256_nonce,2780294142.0000000000
1376234,11647912406056,btc_qm_engine,btc_sha256_elapsed_ns,1127.0000000000
1376235,11647912406151,btc_qm_engine,btc_leading_zeros,0.0000000000
1376236,11647912406464,btc_qm_engine,btc_sha256_elapsed_ns,1102.0000000000
1376237,11647912406728,btc_qm_engine,btc_sha256_elapsed_ns,1089.0000000000
1376238,11647912406916,btc_qm_engine,btc_sha256_nonce,1640074559.0000000000
1376239,11647912407108,btc_qm_engine,btc_sha256_nonce,4247758579.0000000000
1376240,11647912407215,btc_qm_engine,btc_leading_zeros,0.0000000000
1376241,11647912407268,btc_qm_engine,btc_sha256_elapsed_ns,774.0000000000
1376242,11647912407392,btc_qm_engine,btc_leading_zeros,0.0000000000
1376243,11647912407853,btc_qm_engine,btc_leading_zeros,4.0000000000
1376244,11647912407999,btc_qm_engine,btc_sha256_elapsed_ns,1110.0000000000
1376245,11647912408259,btc_qm_engine,btc_sha256_nonce,243173044.0000000000
1376246,11647912408548,btc_qm_engine,btc_sha256_nonce,363528231.0000000000
1376247,11647912408751,btc_qm_engine,btc_leading_zeros,1.0000000000
1376248,11647912408837,btc_qm_engine,btc_sha256_elapsed_ns,1131.0000000000
1376249,11647912409264,btc_qm_engine,btc_sha256_elapsed_ns,915.0000000000
1376250,11647912409421,btc_qm_engine,btc_leading_zeros,1.0000000000
1376251,11647912409824,btc_qm_engine,btc_sha256_nonce,3941810169.0000000000
1376252,11647912410018,btc_qm_engine,btc_sha256_elapsed_ns,955.0000000000
1376253,11647912410365,btc_qm_engine,btc_sha256_nonce,700327582.0000000000
1376254,11647912410499,btc_qm_engine,btc_leading_zeros,0.0000000000
1376255,11647912410578,btc_qm_engine,btc_sha256_elapsed_ns,890.0000000000
1376256,11647912410686,btc_qm_engine,btc_sha256_nonce,3886317155.0000000000
1376257,11647912410938,btc_qm_engine,btc_sha256_nonce,2494980582.0000000000
1376258,11647912411048,btc_qm_engine,btc_leading_zeros,2.0000000000
1376259,11647912411110,btc_qm_engine,btc_sha256_elapsed_ns,1124.0000000000
1376260,11647912411193,btc_qm_engine,btc_leading_zeros,0.0000000000
1376261,11647912411343,btc_qm_engine,btc_leading_zeros,1.0000000000
1376262,11647912411547,btc_qm_engine,btc_sha256_elapsed_ns,738.0000000000
1376263,11647912411728,btc_qm_engine,btc_leading_zeros,0.0000000000
1376264,11647912411794,btc_qm_engine,btc_sha256_elapsed_ns,737.0000000000
1376265,11647912411988,btc_qm_engine,btc_sha256_nonce,534295384.0000000000
1376266,11647912412133,btc_qm_engine,btc_sha256_elapsed_ns,973.0000000000
1376267,11647912412268,btc_qm_engine,btc_sha256_nonce,546233996.0000000000
1376268,11647912412391,btc_qm_engine,btc_leading_zeros,1.0000000000
1376269,11647912412739,btc_qm_engine,btc_sha256_nonce,2626993411.0000000000
1376270,11647912412922,btc_qm_engine,btc_sha256_nonce,3004836841.0000000000
1376271,11647912413045,btc_qm_engine,btc_leading_zeros,2.0000000000
1376272,11647912413116,btc_qm_engine,btc_sha256_elapsed_ns,1020.0000000000
1376273,11647912413287,btc_qm_engine,btc_sha256_nonce,1734105338.0000000000
1376274,11647912413464,btc_qm_engine,btc_sha256_elapsed_ns,910.0000000000
1376275,11647912413658,btc_qm_engine,btc_leading_zeros,1.0000000000
1376276,11647912413905,btc_qm_engine,btc_sha256_nonce,3282088649.0000000000
1376277,11647912414027,btc_qm_engine,btc_sha256_elapsed_ns,1072.0000000000
1376278,11647912414330,btc_qm_engine,btc_leading_zeros,0.0000000000
1376279,11647912414424,btc_qm_engine,btc_sha256_elapsed_ns,1057.0000000000
1376280,11647912414507,btc_qm_engine,btc_sha256_nonce,3505618517.0000000000
1376281,11647912414733,btc_qm_engine,btc_leading_zeros,4.0000000000
1376282,11647912414869,btc_qm_engine,btc_leading_zeros,1.0000000000
1376283,11647912414947,btc_qm_engine,btc_sha256_elapsed_ns,727.0000000000
1376284,11647912415206,btc_qm_engine,btc_sha256_elapsed_ns,1058.0000000000
1376285,11647912415661,btc_qm_engine,btc_sha256_nonce,3853684271.0000000000
1376286,11647912415790,btc_qm_engine,btc_sha256_nonce,1022938106.0000000000
1376287,11647912416234,btc_qm_engine,btc_leading_zeros,1.0000000000
1376288,11647912416431,btc_qm_engine,btc_sha256_nonce,3825100945.0000000000
1376289,11647912416728,btc_qm_engine,btc_leading_zeros,2.0000000000
1376290,11647912416874,btc_qm_engine,btc_sha256_elapsed_ns,993.0000000000
1376291,11647912417128,btc_qm_engine,btc_sha256_nonce,3419903477.0000000000
1376292,11647912417333,btc_qm_engine,btc_leading_zeros,0.0000000000
1376293,11647912417447,btc_qm_engine,btc_sha256_elapsed_ns,1065.0000000000
1376294,11647912417572,btc_qm_engine,btc_leading_zeros,0.0000000000
1376295,11647912417760,btc_qm_engine,btc_sha256_elapsed_ns,988.0000000000
1376296,11647912417985,btc_qm_engine,btc_leading_zeros,2.0000000000
1376297,11647912418173,btc_qm_engine,btc_sha256_nonce,2261398180.0000000000
1376298,11647912418273,btc_qm_engine,btc_leading_zeros,0.0000000000
1376299,11647912418348,btc_qm_engine,btc_sha256_elapsed_ns,1014.0000000000
1376300,11647912418450,btc_qm_engine,btc_sha256_nonce,473276950.0000000000
1376301,11647912418589,btc_qm_engine,btc_sha256_elapsed_ns,992.0000000000
1376302,11647912418767,btc_qm_engine,btc_leading_zeros,4.0000000000
1376303,11647912419098,btc_qm_engine,btc_sha256_elapsed_ns,1058.0000000000
1376304,11647912419244,btc_qm_engine,btc_sha256_nonce,1790586674.0000000000
1376305,11647912419583,btc_qm_engine,btc_sha256_elapsed_ns,763.0000000000
1376306,11647912419772,btc_qm_engine,btc_sha256_nonce,1315136670.0000000000
1376307,11647912420117,btc_qm_engine,btc_leading_zeros,0.0000000000
1376308,11647912420211,btc_qm_engine,btc_sha256_elapsed_ns,1029.0000000000
1376309,11647912420295,btc_qm_engine,btc_sha256_nonce,2112392624.0000000000
1376310,11647912420380,btc_qm_engine,btc_leading_zeros,2.0000000000
1376311,11647912420583,btc_qm_engine,btc_sha256_elapsed_ns,1019.0000000000
1376312,11647912420921,btc_qm_engine,btc_sha256_nonce,1445191072.0000000000
1376313,11647912421086,btc_qm_engine,btc_sha256_nonce,1544871154.0000000000
1376314,11647912421168,btc_qm_engine,btc_leading_zeros,0.0000000000
1376315,11647912421339,btc_qm_engine,btc_sha256_nonce,1792425095.0000000000
1376316,11647912421418,btc_qm_engine,btc_leading_zeros,1.0000000000
1376317,11647912421558,btc_qm_engine,btc_sha256_elapsed_ns,1067.0000000000
1376318,11647912421683,btc_qm_engine,btc_leading_zeros,2.0000000000
1376319,11647912421836,btc_qm_engine,btc_sha256_elapsed_ns,1085.0000000000
1376320,11647912422089,btc_qm_engine,btc_sha256_nonce,3390236316.0000000000
1376321,11647912422221,btc_qm_engine,btc_sha256_nonce,166411847.0000000000
1376322,11647912422526,btc_qm_engine,btc_sha256_elapsed_ns,801.0000000000
1376323,11647912422745,btc_qm_engine,btc_leading_zeros,1.0000000000
1376324,11647912423108,btc_qm_engine,btc_sha256_nonce,1712271772.0000000000
1376325,11647912423283,btc_qm_engine,btc_sha256_nonce,19381272.0000000000
1376326,11647912423537,btc_qm_engine,btc_leading_zeros,0.0000000000
1376327,11647912423704,btc_qm_engine,btc_sha256_elapsed_ns,1120.0000000000
1376328,11647912423829,btc_qm_engine,btc_leading_zeros,0.0000000000
1376329,11647912423904,btc_qm_engine,btc_sha256_elapsed_ns,1056.0000000000
1376330,11647912424092,btc_qm_engine,btc_leading_zeros,0.0000000000
1376331,11647912424199,btc_qm_engine,btc_sha256_elapsed_ns,1134.0000000000
1376332,11647912424341,btc_qm_engine,btc_sha256_nonce,433693593.0000000000
1376333,11647912424509,btc_qm_engine,btc_sha256_elapsed_ns,986.0000000000
1376334,11647912424725,btc_qm_engine,btc_leading_zeros,2.0000000000
1376335,11647912424800,btc_qm_engine,btc_sha256_elapsed_ns,1135.0000000000
1376336,11647912425065,btc_qm_engine,btc_sha256_nonce,3825181664.0000000000
1376337,11647912425213,btc_qm_engine,btc_leading_zeros,4.0000000000
1376338,11647912425280,btc_qm_engine,btc_sha256_elapsed_ns,942.0000000000
1376339,11647912425408,btc_qm_engine,btc_leading_zeros,1.0000000000
1376340,11647912425485,btc_qm_engine,btc_sha256_elapsed_ns,1026.0000000000
1376341,11647912425748,btc_qm_engine,btc_sha256_nonce,2271723146.0000000000
1376342,11647912426064,btc_qm_engine,btc_sha256_nonce,1792163212.0000000000
1376343,11647912426155,btc_qm_engine,btc_leading_zeros,1.0000000000
1376344,11647912426348,btc_qm_engine,btc_sha256_nonce,1733727573.0000000000
1376345,11647912426596,btc_qm_engine,btc_sha256_nonce,3982563651.0000000000
1376346,11647912426693,btc_qm_engine,btc_leading_zeros,1.0000000000
1376347,11647912426770,btc_qm_engine,btc_sha256_elapsed_ns,1032.0000000000
1376348,11647912426939,btc_qm_engine,btc_sha256_nonce,3825904879.0000000000
1376349,11647912427163,btc_qm_engine,btc_sha256_nonce,1540264968.0000000000
1376350,11647912427835,btc_qm_engine,btc_leading_zeros,0.0000000000
1376351,11647912428162,btc_qm_engine,btc_sha256_nonce,346703910.0000000000
1376352,11647912428388,btc_qm_engine,btc_leading_zeros,0.0000000000
1376353,11647912428539,btc_qm_engine,btc_leading_zeros,0.0000000000
1376354,11647912428726,btc_qm_engine,btc_leading_zeros,1.0000000000
1376355,11647912429391,btc_qm_engine,btc_sha256_elapsed_ns,1052.0000000000
1376356,11647912429870,btc_qm_engine,btc_sha256_elapsed_ns,820.0000000000
1376357,11647912430545,btc_qm_engine,btc_sha256_elapsed_ns,1096.0000000000
1376358,11647912431128,btc_qm_engine,btc_leading_zeros,1.0000000000
1376359,11647912431480,btc_qm_engine,btc_sha256_elapsed_ns,1102.0000000000
1376360,11647912431704,btc_qm_engine,btc_sha256_nonce,4138248988.0000000000
1376361,11647912431775,btc_qm_engine,btc_leading_zeros,0.0000000000
1376362,11647912431843,btc_qm_engine,btc_sha256_elapsed_ns,1040.0000000000
1376363,11647912432224,btc_qm_engine,btc_sha256_nonce,2578505105.0000000000
1376364,11647912432302,btc_qm_engine,btc_leading_zeros,1.0000000000
1376365,11647912432369,btc_qm_engine,btc_sha256_elapsed_ns,1028.0000000000
1376366,11647912432864,btc_qm_engine,btc_sha256_nonce,3825705189.0000000000
1376367,11647912432945,btc_qm_engine,btc_leading_zeros,0.0000000000
1376368,11647912433014,btc_qm_engine,btc_sha256_elapsed_ns,1112.0000000000
1376369,11647912433157,btc_qm_engine,btc_sha256_nonce,2001706672.0000000000
1376370,11647912433229,btc_qm_engine,btc_leading_zeros,0.0000000000
1376371,11647912433307,btc_qm_engine,btc_sha256_elapsed_ns,1099.0000000000
1376372,11647912433486,btc_qm_engine,btc_sha256_elapsed_ns,1005.0000000000
1376373,11647912433613,btc_qm_engine,btc_sha256_nonce,245761818.0000000000
1376374,11647912433687,btc_qm_engine,btc_leading_zeros,0.0000000000
1376375,11647912433764,btc_qm_engine,btc_sha256_elapsed_ns,1041.0000000000
1376376,11647912433891,btc_qm_engine,btc_sha256_nonce,3192227980.0000000000
1376377,11647912434061,btc_qm_engine,btc_leading_zeros,0.0000000000
1376378,11647912434381,btc_qm_engine,btc_sha256_nonce,218222842.0000000000
1376379,11647912434500,btc_qm_engine,btc_leading_zeros,1.0000000000
1376380,11647912434670,btc_qm_engine,btc_sha256_nonce,2584837014.0000000000
1376381,11647912434843,btc_qm_engine,btc_leading_zeros,0.0000000000
1376382,11647912434983,btc_qm_engine,btc_sha256_elapsed_ns,1079.0000000000
1376383,11647912435230,btc_qm_engine,btc_sha256_elapsed_ns,1054.0000000000
1376384,11647912435400,btc_qm_engine,btc_sha256_elapsed_ns,1119.0000000000
1376385,11647912435501,btc_qm_engine,btc_leading_zeros,1.0000000000
1376386,11647912435611,btc_qm_engine,btc_sha256_elapsed_ns,990.0000000000
1376387,11647912435712,btc_qm_engine,btc_sha256_nonce,734374394.0000000000
1376388,11647912436424,btc_qm_engine,btc_sha256_elapsed_ns,1064.0000000000
1376389,11647912436557,btc_qm_engine,btc_leading_zeros,0.0000000000
1376390,11647912436731,btc_qm_engine,btc_sha256_nonce,3648505500.0000000000
1376391,11647912436818,btc_qm_engine,btc_leading_zeros,0.0000000000
1376392,11647912436887,btc_qm_engine,btc_sha256_elapsed_ns,1104.0000000000
1376393,11647912437068,btc_qm_engine,btc_sha256_nonce,289617472.0000000000
1376394,11647912437516,btc_qm_engine,btc_leading_zeros,0.0000000000
1376395,11647912437663,btc_qm_engine,btc_sha256_nonce,3599757912.0000000000
1376396,11647912437733,btc_qm_engine,btc_leading_zeros,0.0000000000
1376397,11647912437826,btc_qm_engine,btc_sha256_elapsed_ns,1014.0000000000
1376398,11647912437933,btc_qm_engine,btc_sha256_nonce,2112904881.0000000000
1376399,11647912438237,btc_qm_engine,btc_sha256_nonce,112795725.0000000000
1376400,11647912438312,btc_qm_engine,btc_leading_zeros,0.0000000000
1376401,11647912438380,btc_qm_engine,btc_sha256_elapsed_ns,1086.0000000000
1376402,11647912438621,btc_qm_engine,btc_sha256_elapsed_ns,917.0000000000
1376403,11647912439078,btc_qm_engine,btc_sha256_nonce,2132135499.0000000000
1376404,11647912439146,btc_qm_engine,btc_leading_zeros,2.0000000000
1376405,11647912439287,btc_qm_engine,btc_sha256_nonce,3647890368.0000000000
1376406,11647912439450,btc_qm_engine,btc_sha256_elapsed_ns,984.0000000000
1376407,11647912439722,btc_qm_engine,btc_sha256_nonce,3886980888.0000000000
1376408,11647912439810,btc_qm_engine,btc_leading_zeros,1.0000000000
1376409,11647912439924,btc_qm_engine,btc_sha256_elapsed_ns,1081.0000000000
1376410,11647912440116,btc_qm_engine,btc_sha256_nonce,3567506284.0000000000
1376411,11647912440193,btc_qm_engine,btc_leading_zeros,0.0000000000
1376412,11647912440280,btc_qm_engine,btc_sha256_elapsed_ns,978.0000000000
1376413,11647912440491,btc_qm_engine,btc_leading_zeros,1.0000000000
1376414,11647912440578,btc_qm_engine,btc_sha256_elapsed_ns,763.0000000000
1376415,11647912440781,btc_qm_engine,btc_leading_zeros,2.0000000000
1376416,11647912441204,btc_qm_engine,btc_sha256_nonce,1694813433.0000000000
1376417,11647912441756,btc_qm_engine,btc_leading_zeros,2.0000000000
1376418,11647912441993,btc_qm_engine,btc_sha256_nonce,3825361306.0000000000
1376419,11647912442082,btc_qm_engine,btc_leading_zeros,0.0000000000
1376420,11647912442193,btc_qm_engine,btc_sha256_elapsed_ns,760.0000000000
1376421,11647912442676,btc_qm_engine,btc_sha256_nonce,3886042603.0000000000
1376422,11647912443201,btc_qm_engine,btc_sha256_nonce,106679055.0000000000
1376423,11647912443538,btc_qm_engine,btc_sha256_elapsed_ns,1120.0000000000
1376424,11647912444191,btc_qm_engine,btc_leading_zeros,3.0000000000
1376425,11647912444496,btc_qm_engine,btc_sha256_elapsed_ns,1045.0000000000
1376426,11647912444718,btc_qm_engine,btc_sha256_nonce,2055015001.0000000000
1376427,11647912445013,btc_qm_engine,btc_sha256_nonce,1162484817.0000000000
1376428,11647912445085,btc_qm_engine,btc_leading_zeros,1.0000000000
1376429,11647912445141,btc_qm_engine,btc_sha256_elapsed_ns,731.0000000000
1376430,11647912445293,btc_qm_engine,btc_leading_zeros,0.0000000000
1376431,11647912445369,btc_qm_engine,btc_sha256_elapsed_ns,1046.0000000000
1376432,11647912445603,btc_qm_engine,btc_sha256_elapsed_ns,1099.0000000000
1376433,11647912445843,btc_qm_engine,btc_sha256_nonce,159536790.0000000000
1376434,11647912445936,btc_qm_engine,btc_leading_zeros,1.0000000000
1376435,11647912446009,btc_qm_engine,btc_sha256_elapsed_ns,1055.0000000000
1376436,11647912446211,btc_qm_engine,btc_leading_zeros,1.0000000000
1376437,11647912446284,btc_qm_engine,btc_sha256_elapsed_ns,1116.0000000000
1376438,11647912446541,btc_qm_engine,btc_sha256_nonce,301902097.0000000000
1376439,11647912446619,btc_qm_engine,btc_leading_zeros,1.0000000000
1376440,11647912446686,btc_qm_engine,btc_sha256_elapsed_ns,957.0000000000
1376441,11647912447049,btc_qm_engine,btc_sha256_nonce,2113067812.0000000000
1376442,11647912447210,btc_qm_engine,btc_sha256_nonce,631707669.0000000000
1376443,11647912447359,btc_qm_engine,btc_sha256_nonce,153352468.0000000000
1376444,11647912447537,btc_qm_engine,btc_sha256_nonce,523126183.0000000000
1376445,11647912447721,btc_qm_engine,btc_leading_zeros,0.0000000000
1376446,11647912447943,btc_qm_engine,btc_leading_zeros,2.0000000000
1376447,11647912448115,btc_qm_engine,btc_sha256_elapsed_ns,966.0000000000
1376448,11647912448469,btc_qm_engine,btc_leading_zeros,0.0000000000
1376449,11647912448829,btc_qm_engine,btc_sha256_elapsed_ns,1019.0000000000
1376450,11647912449067,btc_qm_engine,btc_sha256_nonce,3219779789.0000000000
1376451,11647912449157,btc_qm_engine,btc_leading_zeros,3.0000000000
1376452,11647912449224,btc_qm_engine,btc_sha256_elapsed_ns,730.0000000000
1376453,11647912449687,btc_qm_engine,btc_sha256_elapsed_ns,1002.0000000000
1376454,11647912450035,btc_qm_engine,btc_sha256_nonce,2116485265.0000000000
1376455,11647912450105,btc_qm_engine,btc_leading_zeros,1.0000000000
1376456,11647912450177,btc_qm_engine,btc_sha256_elapsed_ns,1022.0000000000
1376457,11647912450302,btc_qm_engine,btc_sha256_elapsed_ns,1070.0000000000
1376458,11647912450754,btc_qm_engine,btc_sha256_nonce,1728050851.0000000000
1376459,11647912451152,btc_qm_engine,btc_sha256_nonce,4097473548.0000000000
1376460,11647912451234,btc_qm_engine,btc_leading_zeros,1.0000000000
1376461,11647912451310,btc_qm_engine,btc_sha256_elapsed_ns,1109.0000000000
1376462,11647912451537,btc_qm_engine,btc_sha256_nonce,2354036706.0000000000
1376463,11647912451694,btc_qm_engine,btc_sha256_nonce,3291434947.0000000000
1376464,11647912451795,btc_qm_engine,btc_leading_zeros,2.0000000000
1376465,11647912451865,btc_qm_engine,btc_sha256_elapsed_ns,1100.0000000000
1376466,11647912451953,btc_qm_engine,btc_leading_zeros,0.0000000000
1376467,11647912452104,btc_qm_engine,btc_leading_zeros,1.0000000000
1376468,11647912452178,btc_qm_engine,btc_sha256_elapsed_ns,1146.0000000000
1376469,11647912452300,btc_qm_engine,btc_sha256_nonce,1734627729.0000000000
1376470,11647912452627,btc_qm_engine,btc_sha256_nonce,632581517.0000000000
1376471,11647912452772,btc_qm_engine,btc_leading_zeros,0.0000000000
1376472,11647912452865,btc_qm_engine,btc_sha256_elapsed_ns,1130.0000000000
1376473,11647912453065,btc_qm_engine,btc_leading_zeros,1.0000000000
1376474,11647912453192,btc_qm_engine,btc_sha256_nonce,1427378079.0000000000
1376475,11647912453305,btc_qm_engine,btc_leading_zeros,0.0000000000
1376476,11647912453424,btc_qm_engine,btc_sha256_elapsed_ns,1068.0000000000
1376477,11647912453565,btc_qm_engine,btc_sha256_elapsed_ns,974.0000000000
1376478,11647912453733,btc_qm_engine,btc_leading_zeros,0.0000000000
1376479,11647912454199,btc_qm_engine,btc_sha256_nonce,2706281220.0000000000
1376480,11647912454369,btc_qm_engine,btc_sha256_elapsed_ns,977.0000000000
1376481,11647912454521,btc_qm_engine,btc_sha256_elapsed_ns,1072.0000000000
1376482,11647912454838,btc_qm_engine,btc_sha256_nonce,4086018695.0000000000
1376483,11647912454918,btc_qm_engine,btc_leading_zeros,1.0000000000
1376484,11647912455254,btc_qm_engine,btc_sha256_elapsed_ns,1042.0000000000
1376485,11647912455615,btc_qm_engine,btc_leading_zeros,2.0000000000
1376486,11647912455931,btc_qm_engine,btc_sha256_nonce,2623061987.0000000000
1376487,11647912456575,btc_qm_engine,btc_sha256_nonce,1430810650.0000000000
1376488,11647912456769,btc_qm_engine,btc_sha256_elapsed_ns,1003.0000000000
1376489,11647912456963,btc_qm_engine,btc_leading_zeros,2.0000000000
1376490,11647912457326,btc_qm_engine,btc_leading_zeros,0.0000000000
1376491,11647912457509,btc_qm_engine,btc_sha256_nonce,1950460928.0000000000
1376492,11647912457588,btc_qm_engine,btc_leading_zeros,1.0000000000
1376493,11647912457659,btc_qm_engine,btc_sha256_elapsed_ns,1069.0000000000
1376494,11647912457834,btc_qm_engine,btc_sha256_elapsed_ns,1069.0000000000
1376495,11647912458373,btc_qm_engine,btc_sha256_nonce,3542789189.0000000000
1376496,11647912458749,btc_qm_engine,btc_sha256_nonce,2473312877.0000000000
1376497,11647912459007,btc_qm_engine,btc_sha256_nonce,1284578566.0000000000
1376498,11647912459211,btc_qm_engine,btc_leading_zeros,4.0000000000
1376499,11647912459619,btc_qm_engine,btc_leading_zeros,0.0000000000
1376500,11647912459820,btc_qm_engine,btc_sha256_elapsed_ns,1087.0000000000
1376501,11647912459989,btc_qm_engine,btc_sha256_elapsed_ns,1109.0000000000
1376502,11647912460303,btc_qm_engine,btc_sha256_nonce,1291093354.0000000000
1376503,11647912460420,btc_qm_engine,btc_leading_zeros,1.0000000000
1376504,11647912460914,btc_qm_engine,btc_leading_zeros,0.0000000000
1376505,11647912461052,btc_qm_engine,btc_sha256_elapsed_ns,1125.0000000000
1376506,11647912461279,btc_qm_engine,btc_sha256_nonce,231259841.0000000000
1376507,11647912461552,btc_qm_engine,btc_sha256_nonce,1899812237.0000000000
1376508,11647912461694,btc_qm_engine,btc_sha256_nonce,952462262.0000000000
1376509,11647912462091,btc_qm_engine,btc_sha256_nonce,2621759292.0000000000
1376510,11647912462250,btc_qm_engine,btc_sha256_nonce,3885665293.0000000000
1376511,11647912462327,btc_qm_engine,btc_leading_zeros,2.0000000000
1376512,11647912462391,btc_qm_engine,btc_sha256_elapsed_ns,905.0000000000
1376513,11647912462712,btc_qm_engine,btc_sha256_elapsed_ns,1107.0000000000
1376514,11647912462803,btc_qm_engine,btc_leading_zeros,1.0000000000
1376515,11647912462884,btc_qm_engine,btc_sha256_elapsed_ns,1070.0000000000
1376516,11647912463107,btc_qm_engine,btc_leading_zeros,0.0000000000
1376517,11647912463199,btc_qm_engine,btc_leading_zeros,1.0000000000
1376518,11647912463534,btc_qm_engine,btc_sha256_elapsed_ns,973.0000000000
1376519,11647912463925,btc_qm_engine,btc_leading_zeros,0.0000000000
1376520,11647912464055,btc_qm_engine,btc_sha256_elapsed_ns,1091.0000000000
1376521,11647912464382,btc_qm_engine,btc_sha256_nonce,1792766384.0000000000
1376522,11647912464465,btc_qm_engine,btc_leading_zeros,0.0000000000
1376523,11647912464597,btc_qm_engine,btc_sha256_elapsed_ns,1001.0000000000
1376524,11647912464844,btc_qm_engine,btc_sha256_elapsed_ns,1110.0000000000
1376525,11647912465256,btc_qm_engine,btc_sha256_nonce,2627659256.0000000000
1376526,11647912465770,btc_qm_engine,btc_sha256_nonce,1734345011.0000000000
1376527,11647912465971,btc_qm_engine,btc_leading_zeros,0.0000000000
1376528,11647912466322,btc_qm_engine,btc_sha256_nonce,1014258232.0000000000
1376529,11647912466626,btc_qm_engine,btc_sha256_elapsed_ns,1055.0000000000
1376530,11647912467384,btc_qm_engine,btc_sha256_elapsed_ns,1075.0000000000
1376531,11647912467805,btc_qm_engine,btc_sha256_nonce,447260713.0000000000
1376532,11647912467936,btc_qm_engine,btc_sha256_nonce,3597236611.0000000000
1376533,11647912468008,btc_qm_engine,btc_leading_zeros,1.0000000000
1376534,11647912468082,btc_qm_engine,btc_sha256_elapsed_ns,1066.0000000000
1376535,11647912468314,btc_qm_engine,btc_leading_zeros,2.0000000000
1376536,11647912468391,btc_qm_engine,btc_sha256_elapsed_ns,990.0000000000
1376537,11647912468544,btc_qm_engine,btc_sha256_nonce,3757301940.0000000000
1376538,11647912468878,btc_qm_engine,btc_leading_zeros,1.0000000000
1376539,11647912469010,btc_qm_engine,btc_sha256_elapsed_ns,732.0000000000
1376540,11647912469148,btc_qm_engine,btc_leading_zeros,0.0000000000
1376541,11647912469392,btc_qm_engine,btc_sha256_nonce,2836844775.0000000000
1376542,11647912469471,btc_qm_engine,btc_leading_zeros,0.0000000000
1376543,11647912469659,btc_qm_engine,btc_sha256_nonce,1792588038.0000000000
1376544,11647912469738,btc_qm_engine,btc_leading_zeros,0.0000000000
1376545,11647912469916,btc_qm_engine,btc_sha256_elapsed_ns,1131.0000000000
1376546,11647912470055,btc_qm_engine,btc_sha256_nonce,4213216545.0000000000
1376547,11647912470751,btc_qm_engine,btc_sha256_elapsed_ns,968.0000000000
1376548,11647912470928,btc_qm_engine,btc_leading_zeros,2.0000000000
1376549,11647912471033,btc_qm_engine,btc_sha256_elapsed_ns,940.0000000000
1376550,11647912471131,btc_qm_engine,btc_sha256_nonce,3547203169.0000000000
1376551,11647912471575,btc_qm_engine,btc_leading_zeros,0.0000000000
1376552,11647912471645,btc_qm_engine,btc_sha256_elapsed_ns,881.0000000000
1376553,11647912472187,btc_qm_engine,btc_sha256_nonce,1694438901.0000000000
1376554,11647912472381,btc_qm_engine,btc_sha256_nonce,988253210.0000000000
1376555,11647912472533,btc_qm_engine,btc_leading_zeros,4.0000000000
1376556,11647912472673,btc_qm_engine,btc_leading_zeros,1.0000000000
1376557,11647912472748,btc_qm_engine,btc_sha256_elapsed_ns,1069.0000000000
1376558,11647912472897,btc_qm_engine,btc_sha256_nonce,4262459305.0000000000
1376559,11647912472973,btc_qm_engine,btc_leading_zeros,0.0000000000
1376560,11647912473326,btc_qm_engine,btc_sha256_elapsed_ns,1075.0000000000
1376561,11647912473410,btc_qm_engine,btc_sha256_nonce,648302067.0000000000
1376562,11647912473542,btc_qm_engine,btc_sha256_elapsed_ns,1037.0000000000
1376563,11647912473908,btc_qm_engine,btc_leading_zeros,0.0000000000
1376564,11647912474001,btc_qm_engine,btc_sha256_elapsed_ns,1081.0000000000
1376565,11647912474159,btc_qm_engine,btc_sha256_nonce,657044339.0000000000
1376566,11647912474481,btc_qm_engine,btc_sha256_nonce,1888493118.0000000000
1376567,11647912474708,btc_qm_engine,btc_sha256_nonce,2720495948.0000000000
1376568,11647912474821,btc_qm_engine,btc_leading_zeros,0.0000000000
1376569,11647912475173,btc_qm_engine,btc_sha256_nonce,648450734.0000000000
1376570,11647912475253,btc_qm_engine,btc_leading_zeros,0.0000000000
1376571,11647912475483,btc_qm_engine,btc_sha256_nonce,2113242656.0000000000
1376572,11647912475988,btc_qm_engine,btc_leading_zeros,1.0000000000
1376573,11647912476191,btc_qm_engine,btc_leading_zeros,0.0000000000
1376574,11647912476271,btc_qm_engine,btc_sha256_elapsed_ns,1024.0000000000
1376575,11647912476344,btc_qm_engine,btc_sha256_elapsed_ns,50633.0000000000
1376576,11647912476711,btc_qm_engine,btc_sha256_elapsed_ns,1050.0000000000
1376577,11647912477195,btc_qm_engine,btc_sha256_nonce,1267974667.0000000000
1376578,11647912477269,btc_qm_engine,btc_leading_zeros,1.0000000000
1376579,11647912477339,btc_qm_engine,btc_sha256_elapsed_ns,726.0000000000
1376580,11647912477807,btc_qm_engine,btc_leading_zeros,2.0000000000
1376581,11647912477977,btc_qm_engine,btc_sha256_elapsed_ns,1065.0000000000
1376582,11647912478201,btc_qm_engine,btc_sha256_nonce,4067706074.0000000000
1376583,11647912478552,btc_qm_engine,btc_sha256_nonce,2557698689.0000000000
1376584,11647912478658,btc_qm_engine,btc_leading_zeros,1.0000000000
1376585,11647912478735,btc_qm_engine,btc_sha256_elapsed_ns,952.0000000000
1376586,11647912478921,btc_qm_engine,btc_sha256_elapsed_ns,1051.0000000000
1376587,11647912479079,btc_qm_engine,btc_leading_zeros,0.0000000000
1376588,11647912479407,btc_qm_engine,btc_sha256_elapsed_ns,1108.0000000000
1376589,11647912479697,btc_qm_engine,btc_sha256_nonce,3572040460.0000000000
1376590,11647912479779,btc_qm_engine,btc_leading_zeros,0.0000000000
1376591,11647912479831,btc_qm_engine,btc_sha256_elapsed_ns,736.0000000000
1376592,11647912480644,btc_qm_engine,btc_sha256_nonce,1655344578.0000000000
1376593,11647912480864,btc_qm_engine,btc_sha256_nonce,1212595118.0000000000
1376594,11647912481048,btc_qm_engine,btc_leading_zeros,4.0000000000
1376595,11647912481158,btc_qm_engine,btc_leading_zeros,0.0000000000
1376596,11647912481302,btc_qm_engine,btc_sha256_elapsed_ns,1027.0000000000
1376597,11647912482071,btc_qm_engine,btc_leading_zeros,0.0000000000
1376598,11647912482424,btc_qm_engine,btc_sha256_nonce,2799557367.0000000000
1376599,11647912482854,btc_qm_engine,btc_sha256_nonce,1680441249.0000000000
1376600,11647912483002,btc_qm_engine,btc_leading_zeros,3.0000000000
1376601,11647912483628,btc_qm_engine,btc_sha256_elapsed_ns,919.0000000000
1376602,11647912483710,btc_qm_engine,btc_sha256_nonce,4205204425.0000000000
1376603,11647912483909,btc_qm_engine,btc_sha256_elapsed_ns,1059.0000000000
1376604,11647912484042,btc_qm_engine,btc_leading_zeros,2.0000000000
1376605,11647912484495,btc_qm_engine,btc_sha256_elapsed_ns,742.0000000000
1376606,11647912484587,btc_qm_engine,btc_sha256_nonce,1792609640.0000000000
1376607,11647912484950,btc_qm_engine,btc_sha256_nonce,1994925179.0000000000
1376608,11647912485321,btc_qm_engine,btc_sha256_nonce,2744557619.0000000000
1376609,11647912485593,btc_qm_engine,btc_leading_zeros,1.0000000000
1376610,11647912485750,btc_qm_engine,btc_sha256_nonce,2303820596.0000000000
1376611,11647912485921,btc_qm_engine,btc_leading_zeros,0.0000000000
1376612,11647912485977,btc_qm_engine,btc_sha256_elapsed_ns,998.0000000000
1376613,11647912486095,btc_qm_engine,btc_leading_zeros,0.0000000000
1376614,11647912486220,btc_qm_engine,btc_leading_zeros,1.0000000000
1376615,11647912486687,btc_qm_engine,btc_sha256_elapsed_ns,1118.0000000000
1376616,11647912487117,btc_qm_engine,btc_sha256_nonce,1757035489.0000000000
1376617,11647912487210,btc_qm_engine,btc_sha256_elapsed_ns,909.0000000000
1376618,11647912487407,btc_qm_engine,btc_leading_zeros,1.0000000000
1376619,11647912487485,btc_qm_engine,btc_sha256_elapsed_ns,1076.0000000000
1376620,11647912487802,btc_qm_engine,btc_sha256_nonce,3617071976.0000000000
1376621,11647912488139,btc_qm_engine,btc_leading_zeros,2.0000000000
1376622,11647912488220,btc_qm_engine,btc_sha256_elapsed_ns,1024.0000000000
1376623,11647912488364,btc_qm_engine,btc_sha256_elapsed_ns,733.0000000000
1376624,11647912488524,btc_qm_engine,btc_sha256_nonce,2745151815.0000000000
1376625,11647912488605,btc_qm_engine,btc_leading_zeros,0.0000000000
1376626,11647912488804,btc_qm_engine,btc_sha256_elapsed_ns,1060.0000000000
1376627,11647912488966,btc_qm_engine,btc_sha256_nonce,738773369.0000000000
1376628,11647912489363,btc_qm_engine,btc_sha256_elapsed_ns,1115.0000000000
1376629,11647912489539,btc_qm_engine,btc_sha256_nonce,4202537846.0000000000
1376630,11647912489898,btc_qm_engine,btc_leading_zeros,0.0000000000
1376631,11647912489957,btc_qm_engine,btc_sha256_elapsed_ns,1130.0000000000
1376632,11647912490067,btc_qm_engine,btc_leading_zeros,1.0000000000
1376633,11647912490316,btc_qm_engine,btc_sha256_nonce,1769558495.0000000000
1376634,11647912490394,btc_qm_engine,btc_leading_zeros,3.0000000000
1376635,11647912490466,btc_qm_engine,btc_sha256_elapsed_ns,966.0000000000
1376636,11647912490889,btc_qm_engine,btc_sha256_nonce,2966164771.0000000000
1376637,11647912491067,btc_qm_engine,btc_sha256_nonce,584709947.0000000000
1376638,11647912491141,btc_qm_engine,btc_leading_zeros,1.0000000000
1376639,11647912491203,btc_qm_engine,btc_sha256_elapsed_ns,865.0000000000
1376640,11647912491398,btc_qm_engine,btc_leading_zeros,1.0000000000
1376641,11647912491716,btc_qm_engine,btc_sha256_elapsed_ns,1126.0000000000
1376642,11647912491941,btc_qm_engine,btc_leading_zeros,1.0000000000
1376643,11647912492145,btc_qm_engine,btc_sha256_nonce,3851851393.0000000000
1376644,11647912492252,btc_qm_engine,btc_leading_zeros,1.0000000000
1376645,11647912492323,btc_qm_engine,btc_sha256_elapsed_ns,737.0000000000
1376646,11647912492584,btc_qm_engine,btc_sha256_elapsed_ns,1121.0000000000
1376647,11647912492940,btc_qm_engine,btc_sha256_nonce,2112502558.0000000000
1376648,11647912493027,btc_qm_engine,btc_sha256_nonce,3101287381.0000000000
1376649,11647912493458,btc_qm_engine,btc_leading_zeros,0.0000000000
1376650,11647912493655,btc_qm_engine,btc_leading_zeros,0.0000000000
1376651,11647912493826,btc_qm_engine,btc_sha256_elapsed_ns,905.0000000000
1376652,11647912494073,btc_qm_engine,btc_sha256_nonce,3470220070.0000000000
1376653,11647912494168,btc_qm_engine,btc_sha256_nonce,739287195.0000000000
1376654,11647912494236,btc_qm_engine,btc_leading_zeros,2.0000000000
1376655,11647912494309,btc_qm_engine,btc_sha256_elapsed_ns,1084.0000000000
1376656,11647912494428,btc_qm_engine,btc_sha256_elapsed_ns,1092.0000000000
1376657,11647912494673,btc_qm_engine,btc_leading_zeros,2.0000000000
1376658,11647912494755,btc_qm_engine,btc_sha256_elapsed_ns,1112.0000000000
1376659,11647912494945,btc_qm_engine,btc_sha256_nonce,2513292788.0000000000
1376660,11647912495022,btc_qm_engine,btc_leading_zeros,1.0000000000
1376661,11647912495088,btc_qm_engine,btc_sha256_elapsed_ns,900.0000000000
1376662,11647912495363,btc_qm_engine,btc_sha256_elapsed_ns,1070.0000000000
1376663,11647912495452,btc_qm_engine,btc_sha256_nonce,2406309692.0000000000
1376664,11647912495607,btc_qm_engine,btc_sha256_nonce,972934676.0000000000
1376665,11647912495680,btc_qm_engine,btc_leading_zeros,0.0000000000
1376666,11647912495747,btc_qm_engine,btc_sha256_elapsed_ns,1061.0000000000
1376667,11647912496039,btc_qm_engine,btc_sha256_nonce,815679976.0000000000
1376668,11647912496109,btc_qm_engine,btc_leading_zeros,0.0000000000
1376669,11647912496190,btc_qm_engine,btc_sha256_elapsed_ns,1075.0000000000
1376670,11647912496467,btc_qm_engine,btc_sha256_nonce,3571320143.0000000000
1376671,11647912496547,btc_qm_engine,btc_leading_zeros,1.0000000000
1376672,11647912496617,btc_qm_engine,btc_sha256_elapsed_ns,1073.0000000000
1376673,11647912496815,btc_qm_engine,btc_sha256_nonce,2722602278.0000000000
1376674,11647912497107,btc_qm_engine,btc_sha256_nonce,461130985.0000000000
1376675,11647912497202,btc_qm_engine,btc_sha256_nonce,309689337.0000000000
1376676,11647912497481,btc_qm_engine,btc_sha256_nonce,3278765477.0000000000
1376677,11647912497683,btc_qm_engine,btc_leading_zeros,1.0000000000
1376678,11647912497778,btc_qm_engine,btc_leading_zeros,0.0000000000
1376679,11647912498038,btc_qm_engine,btc_leading_zeros,3.0000000000
1376680,11647912498118,btc_qm_engine,btc_sha256_elapsed_ns,1031.0000000000
1376681,11647912498356,btc_qm_engine,btc_leading_zeros,0.0000000000
1376682,11647912498501,btc_qm_engine,btc_sha256_elapsed_ns,1157.0000000000
1376683,11647912499072,btc_qm_engine,btc_sha256_nonce,3903431120.0000000000
1376684,11647912499343,btc_qm_engine,btc_sha256_nonce,1136709952.0000000000
1376685,11647912499603,btc_qm_engine,btc_leading_zeros,4.0000000000
1376686,11647912499811,btc_qm_engine,btc_sha256_elapsed_ns,1151.0000000000
1376687,11647912500182,btc_qm_engine,btc_sha256_elapsed_ns,1075.0000000000
1376688,11647912500331,btc_qm_engine,btc_leading_zeros,2.0000000000
1376689,11647912500499,btc_qm_engine,btc_sha256_nonce,2394129488.0000000000
1376690,11647912500586,btc_qm_engine,btc_leading_zeros,0.0000000000
1376691,11647912500657,btc_qm_engine,btc_sha256_elapsed_ns,999.0000000000
1376692,11647912501020,btc_qm_engine,btc_sha256_elapsed_ns,806.0000000000
1376693,11647912501407,btc_qm_engine,btc_sha256_elapsed_ns,1101.0000000000
1376694,11647912501774,btc_qm_engine,btc_sha256_nonce,1733961807.0000000000
1376695,11647912501860,btc_qm_engine,btc_leading_zeros,0.0000000000
1376696,11647912501936,btc_qm_engine,btc_sha256_elapsed_ns,1094.0000000000
1376697,11647912502321,btc_qm_engine,btc_sha256_nonce,2112838751.0000000000
1376698,11647912502514,btc_qm_engine,btc_leading_zeros,1.0000000000
1376699,11647912502777,btc_qm_engine,btc_leading_zeros,1.0000000000
1376700,11647912503024,btc_qm_engine,btc_sha256_nonce,1792164767.0000000000
1376701,11647912503215,btc_qm_engine,btc_sha256_nonce,1205356131.0000000000
1376702,11647912503389,btc_qm_engine,btc_sha256_elapsed_ns,1077.0000000000
1376703,11647912504074,btc_qm_engine,btc_leading_zeros,0.0000000000
1376704,11647912504141,btc_qm_engine,btc_sha256_elapsed_ns,1081.0000000000
1376705,11647912504413,btc_qm_engine,btc_sha256_nonce,919775730.0000000000
1376706,11647912505272,btc_qm_engine,btc_sha256_nonce,3279043514.0000000000
1376707,11647912505328,btc_qm_engine,btc_leading_zeros,0.0000000000
1376708,11647912505432,btc_qm_engine,btc_sha256_nonce,1854655987.0000000000
1376709,11647912505782,btc_qm_engine,btc_leading_zeros,1.0000000000
1376710,11647912505887,btc_qm_engine,btc_sha256_elapsed_ns,1019.0000000000
1376711,11647912506007,btc_qm_engine,btc_leading_zeros,0.0000000000
1376712,11647912506083,btc_qm_engine,btc_sha256_elapsed_ns,749.0000000000
1376713,11647912506347,btc_qm_engine,btc_sha256_elapsed_ns,892.0000000000
1376714,11647912507315,btc_qm_engine,btc_sha256_nonce,3078032856.0000000000
1376715,11647912507404,btc_qm_engine,btc_leading_zeros,0.0000000000
1376716,11647912507678,btc_qm_engine,btc_sha256_nonce,2112235784.0000000000
1376717,11647912507883,btc_qm_engine,btc_sha256_elapsed_ns,1058.0000000000
1376718,11647912508297,btc_qm_engine,btc_sha256_elapsed_ns,1070.0000000000
1376719,11647912508422,btc_qm_engine,btc_leading_zeros,1.0000000000
1376720,11647912508649,btc_qm_engine,btc_leading_zeros,4.0000000000
1376721,11647912508717,btc_qm_engine,btc_sha256_elapsed_ns,778.0000000000
1376722,11647912508823,btc_qm_engine,btc_sha256_elapsed_ns,982.0000000000
1376723,11647912508903,btc_qm_engine,btc_sha256_nonce,1196777891.0000000000
1376724,11647912509222,btc_qm_engine,btc_leading_zeros,1.0000000000
1376725,11647912509294,btc_qm_engine,btc_sha256_elapsed_ns,1055.0000000000
1376726,11647912509537,btc_qm_engine,btc_sha256_nonce,4047283607.0000000000
1376727,11647912509606,btc_qm_engine,btc_leading_zeros,2.0000000000
1376728,11647912509656,btc_qm_engine,btc_sha256_elapsed_ns,749.0000000000
1376729,11647912509938,btc_qm_engine,btc_sha256_nonce,1289182046.0000000000
1376730,11647912510016,btc_qm_engine,btc_leading_zeros,1.0000000000
1376731,11647912510217,btc_qm_engine,btc_sha256_elapsed_ns,1096.0000000000
1376732,11647912510406,btc_qm_engine,btc_sha256_elapsed_ns,1139.0000000000
1376733,11647912510592,btc_qm_engine,btc_sha256_nonce,1077068839.0000000000
1376734,11647912510671,btc_qm_engine,btc_leading_zeros,1.0000000000
1376735,11647912510851,btc_qm_engine,btc_sha256_nonce,1216242862.0000000000
1376736,11647912510924,btc_qm_engine,btc_leading_zeros,3.0000000000
1376737,11647912511003,btc_qm_engine,btc_sha256_elapsed_ns,955.0000000000
1376738,11647912511164,btc_qm_engine,btc_sha256_elapsed_ns,1016.0000000000
1376739,11647912511667,btc_qm_engine,btc_sha256_nonce,634505729.0000000000
1376740,11647912512081,btc_qm_engine,btc_leading_zeros,3.0000000000
1376741,11647912512164,btc_qm_engine,btc_sha256_elapsed_ns,1094.0000000000
1376742,11647912512324,btc_qm_engine,btc_sha256_nonce,2744522712.0000000000
1376743,11647912512682,btc_qm_engine,btc_leading_zeros,1.0000000000
1376744,11647912512758,btc_qm_engine,btc_sha256_elapsed_ns,1109.0000000000
1376745,11647912512901,btc_qm_engine,btc_sha256_nonce,1261304613.0000000000
1376746,11647912513243,btc_qm_engine,btc_sha256_nonce,1036530368.0000000000
1376747,11647912513439,btc_qm_engine,btc_sha256_nonce,1620842758.0000000000
1376748,11647912513522,btc_qm_engine,btc_leading_zeros,1.0000000000
1376749,11647912513622,btc_qm_engine,btc_sha256_elapsed_ns,1014.0000000000
1376750,11647912513855,btc_qm_engine,btc_leading_zeros,1.0000000000
1376751,11647912514051,btc_qm_engine,btc_sha256_elapsed_ns,1110.0000000000
1376752,11647912514134,btc_qm_engine,btc_leading_zeros,1.0000000000
1376753,11647912514252,btc_qm_engine,btc_sha256_nonce,2744384580.0000000000
1376754,11647912514461,btc_qm_engine,btc_sha256_nonce,3400417196.0000000000
1376755,11647912514626,btc_qm_engine,btc_sha256_elapsed_ns,1122.0000000000
1376756,11647912514791,btc_qm_engine,btc_leading_zeros,0.0000000000
1376757,11647912515056,btc_qm_engine,btc_leading_zeros,0.0000000000
1376758,11647912515133,btc_qm_engine,btc_sha256_elapsed_ns,1102.0000000000
1376759,11647912515236,btc_qm_engine,btc_sha256_nonce,1792047842.0000000000
1376760,11647912515397,btc_qm_engine,btc_sha256_elapsed_ns,969.0000000000
1376761,11647912515699,btc_qm_engine,btc_leading_zeros,0.0000000000
1376762,11647912515878,btc_qm_engine,btc_sha256_nonce,2103460288.0000000000
1376763,11647912516113,btc_qm_engine,btc_sha256_nonce,2628042902.0000000000
1376764,11647912516474,btc_qm_engine,btc_sha256_nonce,3841626626.0000000000
1376765,11647912516545,btc_qm_engine,btc_leading_zeros,4.0000000000
1376766,11647912516632,btc_qm_engine,btc_sha256_elapsed_ns,1076.0000000000
1376767,11647912516882,btc_qm_engine,btc_sha256_nonce,3660817990.0000000000
1376768,11647912517085,btc_qm_engine,btc_leading_zeros,0.0000000000
1376769,11647912517256,btc_qm_engine,btc_leading_zeros,0.0000000000
1376770,11647912517394,btc_qm_engine,btc_sha256_elapsed_ns,1064.0000000000
1376771,11647912517622,btc_qm_engine,btc_sha256_elapsed_ns,936.0000000000
1376772,11647912517762,btc_qm_engine,btc_leading_zeros,1.0000000000
1376773,11647912517842,btc_qm_engine,btc_sha256_elapsed_ns,1102.0000000000
1376774,11647912518062,btc_qm_engine,btc_sha256_elapsed_ns,946.0000000000
1376775,11647912518819,btc_qm_engine,btc_sha256_nonce,3759782249.0000000000
1376776,11647912518915,btc_qm_engine,btc_leading_zeros,2.0000000000
1376777,11647912519195,btc_qm_engine,btc_sha256_nonce,2632339520.0000000000
1376778,11647912519628,btc_qm_engine,btc_sha256_nonce,1884067627.0000000000
1376779,11647912519858,btc_qm_engine,btc_leading_zeros,1.0000000000
1376780,11647912519927,btc_qm_engine,btc_sha256_elapsed_ns,1091.0000000000
1376781,11647912520283,btc_qm_engine,btc_sha256_nonce,3640075995.0000000000
1376782,11647912520969,btc_qm_engine,btc_sha256_nonce,89428166.0000000000
1376783,11647912521153,btc_qm_engine,btc_sha256_nonce,595178489.0000000000
1376784,11647912521234,btc_qm_engine,btc_leading_zeros,2.0000000000
1376785,11647912521303,btc_qm_engine,btc_sha256_elapsed_ns,933.0000000000
1376786,11647912521483,btc_qm_engine,btc_leading_zeros,2.0000000000
1376787,11647912521725,btc_qm_engine,btc_sha256_nonce,766676820.0000000000
1376788,11647912522305,btc_qm_engine,btc_sha256_nonce,1466943587.0000000000
1376789,11647912522559,btc_qm_engine,btc_leading_zeros,0.0000000000
1376790,11647912522785,btc_qm_engine,btc_sha256_elapsed_ns,1027.0000000000
1376791,11647912522929,btc_qm_engine,btc_leading_zeros,0.0000000000
1376792,11647912523238,btc_qm_engine,btc_leading_zeros,1.0000000000
1376793,11647912523393,btc_qm_engine,btc_sha256_elapsed_ns,763.0000000000
1376794,11647912523736,btc_qm_engine,btc_leading_zeros,0.0000000000
1376795,11647912524212,btc_qm_engine,btc_sha256_elapsed_ns,1095.0000000000
1376796,11647912524449,btc_qm_engine,btc_sha256_elapsed_ns,1067.0000000000
1376797,11647912524659,btc_qm_engine,btc_sha256_nonce,2626874182.0000000000
1376798,11647912524793,btc_qm_engine,btc_sha256_nonce,3431493933.0000000000
1376799,11647912524939,btc_qm_engine,btc_sha256_nonce,2383456353.0000000000
1376800,11647912525101,btc_qm_engine,btc_leading_zeros,0.0000000000
1376801,11647912525179,btc_qm_engine,btc_sha256_elapsed_ns,1105.0000000000
1376802,11647912525487,btc_qm_engine,btc_leading_zeros,1.0000000000
1376803,11647912525580,btc_qm_engine,btc_sha256_elapsed_ns,1135.0000000000
1376804,11647912525884,btc_qm_engine,btc_sha256_nonce,92104759.0000000000
1376805,11647912525950,btc_qm_engine,btc_leading_zeros,2.0000000000
1376806,11647912526021,btc_qm_engine,btc_sha256_elapsed_ns,1017.0000000000
1376807,11647912526171,btc_qm_engine,btc_sha256_nonce,511853748.0000000000
1376808,11647912526485,btc_qm_engine,btc_sha256_nonce,4109318621.0000000000
1376809,11647912526619,btc_qm_engine,btc_leading_zeros,1.0000000000
1376810,11647912526699,btc_qm_engine,btc_sha256_elapsed_ns,1109.0000000000
1376811,11647912526825,btc_qm_engine,btc_leading_zeros,1.0000000000
1376812,11647912526896,btc_qm_engine,btc_sha256_elapsed_ns,744.0000000000
1376813,11647912527107,btc_qm_engine,btc_sha256_nonce,3924122707.0000000000
1376814,11647912527286,btc_qm_engine,btc_sha256_nonce,825138201.0000000000
1376815,11647912527357,btc_qm_engine,btc_leading_zeros,0.0000000000
1376816,11647912527461,btc_qm_engine,btc_sha256_elapsed_ns,1049.0000000000
1376817,11647912527614,btc_qm_engine,btc_leading_zeros,1.0000000000
1376818,11647912528029,btc_qm_engine,btc_leading_zeros,1.0000000000
1376819,11647912528202,btc_qm_engine,btc_sha256_nonce,2628109918.0000000000
1376820,11647912528286,btc_qm_engine,btc_leading_zeros,2.0000000000
1376821,11647912528349,btc_qm_engine,btc_sha256_elapsed_ns,961.0000000000
1376822,11647912528536,btc_qm_engine,btc_sha256_elapsed_ns,1109.0000000000
1376823,11647912528982,btc_qm_engine,btc_sha256_nonce,1994017519.0000000000
1376824,11647912529046,btc_qm_engine,btc_leading_zeros,0.0000000000
1376825,11647912529319,btc_qm_engine,btc_sha256_nonce,2627886453.0000000000
1376826,11647912529393,btc_qm_engine,btc_leading_zeros,0.0000000000
1376827,11647912529566,btc_qm_engine,btc_sha256_elapsed_ns,1005.0000000000
1376828,11647912530014,btc_qm_engine,btc_sha256_nonce,2716174247.0000000000
1376829,11647912530177,btc_qm_engine,btc_sha256_elapsed_ns,745.0000000000
1376830,11647912530309,btc_qm_engine,btc_sha256_nonce,524514095.0000000000
1376831,11647912530422,btc_qm_engine,btc_leading_zeros,1.0000000000
1376832,11647912530646,btc_qm_engine,btc_sha256_elapsed_ns,1091.0000000000
1376833,11647912530892,btc_qm_engine,btc_sha256_elapsed_ns,903.0000000000
1376834,11647912531347,btc_qm_engine,btc_sha256_nonce,1203606129.0000000000
1376835,11647912531425,btc_qm_engine,btc_leading_zeros,2.0000000000
1376836,11647912531747,btc_qm_engine,btc_sha256_nonce,2627103664.0000000000
1376837,11647912531819,btc_qm_engine,btc_leading_zeros,1.0000000000
1376838,11647912531896,btc_qm_engine,btc_sha256_elapsed_ns,1071.0000000000
1376839,11647912531973,btc_qm_engine,btc_sha256_nonce,1791926471.0000000000
1376840,11647912532167,btc_qm_engine,btc_leading_zeros,2.0000000000
1376841,11647912532414,btc_qm_engine,btc_sha256_elapsed_ns,1003.0000000000
1376842,11647912532555,btc_qm_engine,btc_sha256_elapsed_ns,962.0000000000
1376843,11647912533052,btc_qm_engine,btc_leading_zeros,0.0000000000
1376844,11647912533135,btc_qm_engine,btc_sha256_nonce,2627274285.0000000000
1376845,11647912533201,btc_qm_engine,btc_leading_zeros,2.0000000000
1376846,11647912533382,btc_qm_engine,btc_sha256_elapsed_ns,1075.0000000000
1376847,11647912533578,btc_qm_engine,btc_sha256_elapsed_ns,1099.0000000000
1376848,11647912534092,btc_qm_engine,btc_sha256_nonce,1612524277.0000000000
1376849,11647912534296,btc_qm_engine,btc_sha256_nonce,2545931519.0000000000
1376850,11647912534635,btc_qm_engine,btc_sha256_nonce,248650865.0000000000
1376851,11647912534720,btc_qm_engine,btc_leading_zeros,0.0000000000
1376852,11647912534794,btc_qm_engine,btc_sha256_elapsed_ns,1002.0000000000
1376853,11647912535375,btc_qm_engine,btc_sha256_nonce,3886323903.0000000000
1376854,11647912535810,btc_qm_engine,btc_sha256_nonce,3767990476.0000000000
1376855,11647912535932,btc_qm_engine,btc_leading_zeros,0.0000000000
1376856,11647912536011,btc_qm_engine,btc_sha256_elapsed_ns,1078.0000000000
1376857,11647912536174,btc_qm_engine,btc_sha256_nonce,775491393.0000000000
1376858,11647912536432,btc_qm_engine,btc_leading_zeros,0.0000000000
1376859,11647912536893,btc_qm_engine,btc_leading_zeros,4.0000000000
1376860,11647912537026,btc_qm_engine,btc_leading_zeros,0.0000000000
1376861,11647912537099,btc_qm_engine,btc_sha256_elapsed_ns,1048.0000000000
1376862,11647912537300,btc_qm_engine,btc_sha256_elapsed_ns,787.0000000000
1376863,11647912537518,btc_qm_engine,btc_sha256_nonce,782591185.0000000000
1376864,11647912537838,btc_qm_engine,btc_leading_zeros,4.0000000000
1376865,11647912538030,btc_qm_engine,btc_sha256_elapsed_ns,1068.0000000000
1376866,11647912538238,btc_qm_engine,btc_leading_zeros,0.0000000000
1376867,11647912538396,btc_qm_engine,btc_sha256_nonce,3826226705.0000000000
1376868,11647912538625,btc_qm_engine,btc_sha256_elapsed_ns,1072.0000000000
1376869,11647912538822,btc_qm_engine,btc_leading_zeros,1.0000000000
1376870,11647912538901,btc_qm_engine,btc_sha256_elapsed_ns,1114.0000000000
1376871,11647912539095,btc_qm_engine,btc_sha256_elapsed_ns,1010.0000000000
1376872,11647912539269,btc_qm_engine,btc_sha256_elapsed_ns,1085.0000000000
1376873,11647912539703,btc_qm_engine,btc_sha256_nonce,3331939761.0000000000
1376874,11647912540048,btc_qm_engine,btc_leading_zeros,0.0000000000
1376875,11647912540122,btc_qm_engine,btc_sha256_elapsed_ns,991.0000000000
1376876,11647912540282,btc_qm_engine,btc_sha256_nonce,1097710124.0000000000
1376877,11647912540352,btc_qm_engine,btc_leading_zeros,0.0000000000
1376878,11647912540453,btc_qm_engine,btc_sha256_elapsed_ns,1082.0000000000
1376879,11647912540570,btc_qm_engine,btc_sha256_nonce,2745636027.0000000000
1376880,11647912540653,btc_qm_engine,btc_sha256_nonce,1522436856.0000000000
1376881,11647912540917,btc_qm_engine,btc_sha256_nonce,937060347.0000000000
1376882,11647912541093,btc_qm_engine,btc_leading_zeros,0.0000000000
1376883,11647912541622,btc_qm_engine,btc_leading_zeros,1.0000000000
1376884,11647912541742,btc_qm_engine,btc_sha256_elapsed_ns,1009.0000000000
1376885,11647912541985,btc_qm_engine,btc_leading_zeros,1.0000000000
1376886,11647912542521,btc_qm_engine,btc_sha256_nonce,3886299604.0000000000
1376887,11647912542732,btc_qm_engine,btc_sha256_nonce,2627942690.0000000000
1376888,11647912543048,btc_qm_engine,btc_sha256_nonce,2838546031.0000000000
1376889,11647912543233,btc_qm_engine,btc_sha256_elapsed_ns,1047.0000000000
1376890,11647912543353,btc_qm_engine,btc_leading_zeros,1.0000000000
1376891,11647912543436,btc_qm_engine,btc_sha256_elapsed_ns,1120.0000000000
1376892,11647912543637,btc_qm_engine,btc_leading_zeros,4.0000000000
1376893,11647912543866,btc_qm_engine,btc_sha256_nonce,1000721349.0000000000
1376894,11647912544326,btc_qm_engine,btc_leading_zeros,1.0000000000
1376895,11647912544402,btc_qm_engine,btc_sha256_elapsed_ns,1098.0000000000
1376896,11647912544521,btc_qm_engine,btc_sha256_nonce,2979982728.0000000000
1376897,11647912544596,btc_qm_engine,btc_leading_zeros,2.0000000000
1376898,11647912544664,btc_qm_engine,btc_sha256_elapsed_ns,742.0000000000
1376899,11647912544787,btc_qm_engine,btc_sha256_nonce,2627594878.0000000000
1376900,11647912544867,btc_qm_engine,btc_leading_zeros,1.0000000000
1376901,11647912544938,btc_qm_engine,btc_sha256_elapsed_ns,1037.0000000000
1376902,11647912545133,btc_qm_engine,btc_sha256_elapsed_ns,1046.0000000000
1376903,11647912545788,btc_qm_engine,btc_sha256_nonce,1627204656.0000000000
1376904,11647912545866,btc_qm_engine,btc_leading_zeros,2.0000000000
1376905,11647912546026,btc_qm_engine,btc_sha256_nonce,4116047351.0000000000
1376906,11647912546234,btc_qm_engine,btc_sha256_elapsed_ns,1089.0000000000
1376907,11647912546399,btc_qm_engine,btc_sha256_elapsed_ns,1093.0000000000
1376908,11647912546707,btc_qm_engine,btc_leading_zeros,1.0000000000
1376909,11647912547135,btc_qm_engine,btc_sha256_nonce,3611979689.0000000000
1376910,11647912547896,btc_qm_engine,btc_sha256_nonce,730624908.0000000000
1376911,11647912548293,btc_qm_engine,btc_sha256_elapsed_ns,1089.0000000000
1376912,11647912548447,btc_qm_engine,btc_sha256_nonce,1792245758.0000000000
1376913,11647912549096,btc_qm_engine,btc_leading_zeros,0.0000000000
1376914,11647912549169,btc_qm_engine,btc_sha256_elapsed_ns,894.0000000000
1376915,11647912549362,btc_qm_engine,btc_leading_zeros,4.0000000000
1376916,11647912549680,btc_qm_engine,btc_sha256_elapsed_ns,912.0000000000
1376917,11647912550250,btc_qm_engine,btc_sha256_nonce,2745329877.0000000000
1376918,11647912550332,btc_qm_engine,btc_leading_zeros,1.0000000000
1376919,11647912550404,btc_qm_engine,btc_sha256_elapsed_ns,1044.0000000000
1376920,11647912550635,btc_qm_engine,btc_sha256_nonce,1792707207.0000000000
1376921,11647912550784,btc_qm_engine,btc_sha256_nonce,2056258907.0000000000
1376922,11647912550862,btc_qm_engine,btc_leading_zeros,0.0000000000
1376923,11647912550925,btc_qm_engine,btc_sha256_elapsed_ns,786.0000000000
1376924,11647912551093,btc_qm_engine,btc_leading_zeros,1.0000000000
1376925,11647912551719,btc_qm_engine,btc_leading_zeros,1.0000000000
1376926,11647912551898,btc_qm_engine,btc_sha256_nonce,2744978170.0000000000
1376927,11647912552102,btc_qm_engine,btc_sha256_nonce,2836139510.0000000000
1376928,11647912552502,btc_qm_engine,btc_sha256_elapsed_ns,948.0000000000
1376929,11647912552715,btc_qm_engine,btc_sha256_nonce,1768983942.0000000000
1376930,11647912552873,btc_qm_engine,btc_leading_zeros,1.0000000000
1376931,11647912552946,btc_qm_engine,btc_sha256_elapsed_ns,1118.0000000000
1376932,11647912553190,btc_qm_engine,btc_leading_zeros,0.0000000000
1376933,11647912553277,btc_qm_engine,btc_sha256_elapsed_ns,1047.0000000000
1376934,11647912553543,btc_qm_engine,btc_leading_zeros,1.0000000000
1376935,11647912553833,btc_qm_engine,btc_sha256_nonce,3612461630.0000000000
1376936,11647912554274,btc_qm_engine,btc_sha256_nonce,2729972178.0000000000
1376937,11647912554324,btc_qm_engine,btc_leading_zeros,2.0000000000
1376938,11647912554379,btc_qm_engine,btc_sha256_elapsed_ns,873.0000000000
1376939,11647912554614,btc_qm_engine,btc_sha256_nonce,2112343613.0000000000
1376940,11647912554778,btc_qm_engine,btc_leading_zeros,0.0000000000
1376941,11647912554865,btc_qm_engine,btc_sha256_elapsed_ns,1020.0000000000
1376942,11647912555022,btc_qm_engine,btc_sha256_elapsed_ns,1039.0000000000
1376943,11647912555124,btc_qm_engine,btc_leading_zeros,3.0000000000
1376944,11647912555314,btc_qm_engine,btc_leading_zeros,1.0000000000
1376945,11647912555570,btc_qm_engine,btc_sha256_elapsed_ns,1064.0000000000
1376946,11647912555709,btc_qm_engine,btc_sha256_elapsed_ns,870.0000000000
1376947,11647912555946,btc_qm_engine,btc_sha256_nonce,2712562587.0000000000
1376948,11647912556119,btc_qm_engine,btc_sha256_nonce,4203860198.0000000000
1376949,11647912556199,btc_qm_engine,btc_leading_zeros,1.0000000000
1376950,11647912556268,btc_qm_engine,btc_sha256_elapsed_ns,1023.0000000000
1376951,11647912556358,btc_qm_engine,btc_leading_zeros,3.0000000000
1376952,11647912556459,btc_qm_engine,btc_sha256_nonce,2627807114.0000000000
1376953,11647912556538,btc_qm_engine,btc_leading_zeros,0.0000000000
1376954,11647912556608,btc_qm_engine,btc_sha256_elapsed_ns,955.0000000000
1376955,11647912556834,btc_qm_engine,btc_sha256_elapsed_ns,1097.0000000000
1376956,11647912556983,btc_qm_engine,btc_sha256_nonce,475610567.0000000000
1376957,11647912557136,btc_qm_engine,btc_sha256_nonce,3332205504.0000000000
1376958,11647912557515,btc_qm_engine,btc_leading_zeros,0.0000000000
1376959,11647912557696,btc_qm_engine,btc_sha256_elapsed_ns,972.0000000000
1376960,11647912557915,btc_qm_engine,btc_sha256_nonce,3680078035.0000000000
1376961,11647912557994,btc_qm_engine,btc_leading_zeros,0.0000000000
1376962,11647912558055,btc_qm_engine,btc_sha256_elapsed_ns,1049.0000000000
1376963,11647912558315,btc_qm_engine,btc_sha256_nonce,1131244527.0000000000
1376964,11647912558778,btc_qm_engine,btc_leading_zeros,1.0000000000
1376965,11647912559268,btc_qm_engine,btc_sha256_elapsed_ns,898.0000000000
1376966,11647912559404,btc_qm_engine,btc_sha256_elapsed_ns,1111.0000000000
1376967,11647912559618,btc_qm_engine,btc_sha256_nonce,2320383381.0000000000
1376968,11647912559703,btc_qm_engine,btc_leading_zeros,0.0000000000
1376969,11647912559838,btc_qm_engine,btc_sha256_elapsed_ns,973.0000000000
1376970,11647912559994,btc_qm_engine,btc_sha256_nonce,1792837488.0000000000
1376971,11647912560211,btc_qm_engine,btc_sha256_nonce,2628048747.0000000000
1376972,11647912560321,btc_qm_engine,btc_leading_zeros,2.0000000000
1376973,11647912560398,btc_qm_engine,btc_sha256_elapsed_ns,1090.0000000000
1376974,11647912560540,btc_qm_engine,btc_leading_zeros,0.0000000000
1376975,11647912560763,btc_qm_engine,btc_sha256_nonce,48291136.0000000000
1376976,11647912560841,btc_qm_engine,btc_leading_zeros,0.0000000000
1376977,11647912560911,btc_qm_engine,btc_sha256_elapsed_ns,1101.0000000000
1376978,11647912561066,btc_qm_engine,btc_leading_zeros,1.0000000000
1376979,11647912561358,btc_qm_engine,btc_sha256_nonce,3748946045.0000000000
1376980,11647912561443,btc_qm_engine,btc_sha256_nonce,3976329703.0000000000
1376981,11647912561589,btc_qm_engine,btc_sha256_elapsed_ns,907.0000000000
1376982,11647912562163,btc_qm_engine,btc_leading_zeros,0.0000000000
1376983,11647912562293,btc_qm_engine,btc_sha256_nonce,914131078.0000000000
1376984,11647912562500,btc_qm_engine,btc_sha256_elapsed_ns,1094.0000000000
1376985,11647912562752,btc_qm_engine,btc_sha256_nonce,3886637860.0000000000
1376986,11647912563189,btc_qm_engine,btc_leading_zeros,0.0000000000
1376987,11647912563274,btc_qm_engine,btc_sha256_elapsed_ns,1102.0000000000
1376988,11647912563354,btc_qm_engine,btc_leading_zeros,2.0000000000
1376989,11647912563929,btc_qm_engine,btc_sha256_nonce,1447634642.0000000000
1376990,11647912564013,btc_qm_engine,btc_leading_zeros,0.0000000000
1376991,11647912564093,btc_qm_engine,btc_sha256_elapsed_ns,1100.0000000000
1376992,11647912564255,btc_qm_engine,btc_sha256_nonce,2196341165.0000000000
1376993,11647912564406,btc_qm_engine,btc_leading_zeros,0.0000000000
1376994,11647912564621,btc_qm_engine,btc_leading_zeros,1.0000000000
1376995,11647912564804,btc_qm_engine,btc_sha256_elapsed_ns,732.0000000000
1376996,11647912564965,btc_qm_engine,btc_sha256_elapsed_ns,989.0000000000
1376997,11647912565060,btc_qm_engine,btc_sha256_nonce,3887060054.0000000000
1376998,11647912565465,btc_qm_engine,btc_sha256_nonce,2035905555.0000000000
1376999,11647912565655,btc_qm_engine,btc_sha256_elapsed_ns,982.0000000000
1377000,11647912565905,btc_qm_engine,btc_leading_zeros,0.0000000000
1377001,11647912566140,btc_qm_engine,btc_sha256_nonce,3924113247.0000000000
1377002,11647912566332,btc_qm_engine,btc_sha256_nonce,1960896861.0000000000
1377003,11647912566535,btc_qm_engine,btc_sha256_elapsed_ns,1109.0000000000
1377004,11647912566712,btc_qm_engine,btc_sha256_elapsed_ns,1063.0000000000
1377005,11647912566910,btc_qm_engine,btc_sha256_nonce,2077256951.0000000000
1377006,11647912566996,btc_qm_engine,btc_leading_zeros,0.0000000000
1377007,11647912567295,btc_qm_engine,btc_leading_zeros,0.0000000000
1377008,11647912567756,btc_qm_engine,btc_leading_zeros,0.0000000000
1377009,11647912568059,btc_qm_engine,btc_sha256_nonce,2097241874.0000000000
1377010,11647912568581,btc_qm_engine,btc_sha256_elapsed_ns,986.0000000000
1377011,11647912568896,btc_qm_engine,btc_sha256_nonce,442287938.0000000000
1377012,11647912569017,btc_qm_engine,btc_leading_zeros,3.0000000000
1377013,11647912569114,btc_qm_engine,btc_sha256_elapsed_ns,1109.0000000000
1377014,11647912569262,btc_qm_engine,btc_leading_zeros,0.0000000000
1377015,11647912569340,btc_qm_engine,btc_sha256_elapsed_ns,1110.0000000000
1377016,11647912570164,btc_qm_engine,btc_sha256_nonce,4061877837.0000000000
1377017,11647912570249,btc_qm_engine,btc_leading_zeros,0.0000000000
1377018,11647912570490,btc_qm_engine,btc_sha256_nonce,1427074477.0000000000
1377019,11647912570691,btc_qm_engine,btc_sha256_nonce,3065097872.0000000000
1377020,11647912570773,btc_qm_engine,btc_leading_zeros,3.0000000000
1377021,11647912571013,btc_qm_engine,btc_leading_zeros,0.0000000000
1377022,11647912571137,btc_qm_engine,btc_sha256_nonce,1503215518.0000000000
1377023,11647912571388,btc_qm_engine,btc_leading_zeros,0.0000000000
1377024,11647912572181,btc_qm_engine,btc_sha256_elapsed_ns,1118.0000000000
1377025,11647912572321,btc_qm_engine,btc_sha256_elapsed_ns,1063.0000000000
1377026,11647912573051,btc_qm_engine,btc_sha256_elapsed_ns,1017.0000000000
1377027,11647912573541,btc_qm_engine,btc_sha256_elapsed_ns,1090.0000000000
1377028,11647912573737,btc_qm_engine,btc_sha256_nonce,4002761151.0000000000
1377029,11647912573822,btc_qm_engine,btc_leading_zeros,1.0000000000
1377030,11647912574053,btc_qm_engine,btc_sha256_nonce,275790534.0000000000
1377031,11647912574293,btc_qm_engine,btc_leading_zeros,0.0000000000
1377032,11647912574457,btc_qm_engine,btc_leading_zeros,2.0000000000
1377033,11647912574601,btc_qm_engine,btc_sha256_elapsed_ns,1087.0000000000
1377034,11647912574925,btc_qm_engine,btc_sha256_nonce,3722822064.0000000000
1377035,11647912575157,btc_qm_engine,btc_sha256_elapsed_ns,746.0000000000
1377036,11647912575503,btc_qm_engine,btc_sha256_elapsed_ns,1056.0000000000
1377037,11647912575695,btc_qm_engine,btc_leading_zeros,0.0000000000
1377038,11647912576136,btc_qm_engine,btc_sha256_elapsed_ns,1020.0000000000
1377039,11647912576320,btc_qm_engine,btc_sha256_elapsed_ns,1026.0000000000
1377040,11647912576662,btc_qm_engine,btc_sha256_nonce,1934574686.0000000000
1377041,11647912576851,btc_qm_engine,btc_sha256_nonce,3418408613.0000000000
1377042,11647912577002,btc_qm_engine,btc_sha256_nonce,2231417909.0000000000
1377043,11647912577072,btc_qm_engine,btc_leading_zeros,0.0000000000
1377044,11647912577146,btc_qm_engine,btc_sha256_elapsed_ns,915.0000000000
1377045,11647912577465,btc_qm_engine,btc_leading_zeros,1.0000000000
1377046,11647912578006,btc_qm_engine,btc_sha256_elapsed_ns,1054.0000000000
1377047,11647912578142,btc_qm_engine,btc_sha256_nonce,1952563565.0000000000
1377048,11647912578222,btc_qm_engine,btc_leading_zeros,0.0000000000
1377049,11647912578298,btc_qm_engine,btc_sha256_elapsed_ns,753.0000000000
1377050,11647912578450,btc_qm_engine,btc_sha256_nonce,304969279.0000000000
1377051,11647912578532,btc_qm_engine,btc_leading_zeros,0.0000000000
1377052,11647912578599,btc_qm_engine,btc_sha256_elapsed_ns,998.0000000000
1377053,11647912579741,btc_qm_engine,btc_sha256_nonce,2113088313.0000000000
1377054,11647912579889,btc_qm_engine,btc_sha256_nonce,505731398.0000000000
1377055,11647912580211,btc_qm_engine,btc_sha256_nonce,3411981092.0000000000
1377056,11647912580316,btc_qm_engine,btc_sha256_nonce,4034039125.0000000000
1377057,11647912580563,btc_qm_engine,btc_sha256_nonce,2845588085.0000000000
1377058,11647912580923,btc_qm_engine,btc_sha256_elapsed_ns,988.0000000000
1377059,11647912581085,btc_qm_engine,btc_leading_zeros,4.0000000000
1377060,11647912581169,btc_qm_engine,btc_sha256_elapsed_ns,1109.0000000000
1377061,11647912581479,btc_qm_engine,btc_leading_zeros,0.0000000000
1377062,11647912581573,btc_qm_engine,btc_leading_zeros,1.0000000000
1377063,11647912582333,btc_qm_engine,btc_sha256_elapsed_ns,932.0000000000
1377064,11647912582686,btc_qm_engine,btc_sha256_nonce,1387532532.0000000000
1377065,11647912582904,btc_qm_engine,btc_sha256_nonce,2528130549.0000000000
1377066,11647912582999,btc_qm_engine,btc_leading_zeros,3.0000000000
1377067,11647912583075,btc_qm_engine,btc_sha256_elapsed_ns,1095.0000000000
1377068,11647912583274,btc_qm_engine,btc_leading_zeros,0.0000000000
1377069,11647912583566,btc_qm_engine,btc_leading_zeros,1.0000000000
1377070,11647912583798,btc_qm_engine,btc_sha256_elapsed_ns,922.0000000000
1377071,11647912584079,btc_qm_engine,btc_sha256_elapsed_ns,1060.0000000000
1377072,11647912584199,btc_qm_engine,btc_sha256_elapsed_ns,1140.0000000000
1377073,11647912584334,btc_qm_engine,btc_sha256_nonce,4251506047.0000000000
1377074,11647912584729,btc_qm_engine,btc_leading_zeros,0.0000000000
1377075,11647912584816,btc_qm_engine,btc_sha256_elapsed_ns,1015.0000000000
1377076,11647912585265,btc_qm_engine,btc_sha256_nonce,3621475102.0000000000
1377077,11647912585463,btc_qm_engine,btc_sha256_nonce,3886688218.0000000000
1377078,11647912585635,btc_qm_engine,btc_leading_zeros,1.0000000000
1377079,11647912585824,btc_qm_engine,btc_sha256_nonce,1534614095.0000000000
1377080,11647912586170,btc_qm_engine,btc_sha256_nonce,726462139.0000000000
1377081,11647912586303,btc_qm_engine,btc_leading_zeros,0.0000000000
1377082,11647912586606,btc_qm_engine,btc_sha256_nonce,1675139875.0000000000
1377083,11647912586738,btc_qm_engine,btc_sha256_elapsed_ns,1017.0000000000
1377084,11647912587055,btc_qm_engine,btc_leading_zeros,2.0000000000
1377085,11647912587185,btc_qm_engine,btc_leading_zeros,1.0000000000
1377086,11647912587442,btc_qm_engine,btc_leading_zeros,0.0000000000
1377087,11647912587759,btc_qm_engine,btc_sha256_elapsed_ns,1113.0000000000
1377088,11647912587934,btc_qm_engine,btc_sha256_nonce,2280721404.0000000000
1377089,11647912588170,btc_qm_engine,btc_sha256_elapsed_ns,999.0000000000
1377090,11647912588295,btc_qm_engine,btc_leading_zeros,3.0000000000
1377091,11647912588368,btc_qm_engine,btc_sha256_elapsed_ns,865.0000000000
1377092,11647912588603,btc_qm_engine,btc_sha256_elapsed_ns,1139.0000000000
1377093,11647912588883,btc_qm_engine,btc_sha256_elapsed_ns,1122.0000000000
1377094,11647912589574,btc_qm_engine,btc_sha256_nonce,2752315510.0000000000
1377095,11647912589745,btc_qm_engine,btc_sha256_nonce,3622921990.0000000000
1377096,11647912590167,btc_qm_engine,btc_sha256_nonce,709549900.0000000000
1377097,11647912590319,btc_qm_engine,btc_leading_zeros,1.0000000000
1377098,11647912590440,btc_qm_engine,btc_leading_zeros,1.0000000000
1377099,11647912590576,btc_qm_engine,btc_sha256_nonce,1248909794.0000000000
1377100,11647912590655,btc_qm_engine,btc_leading_zeros,1.0000000000
1377101,11647912590722,btc_qm_engine,btc_sha256_elapsed_ns,1068.0000000000
1377102,11647912591035,btc_qm_engine,btc_leading_zeros,0.0000000000
1377103,11647912591259,btc_qm_engine,btc_sha256_elapsed_ns,997.0000000000
1377104,11647912591435,btc_qm_engine,btc_sha256_elapsed_ns,951.0000000000
1377105,11647912591849,btc_qm_engine,btc_sha256_elapsed_ns,1112.0000000000
1377106,11647912592076,btc_qm_engine,btc_sha256_nonce,4026174608.0000000000
1377107,11647912592151,btc_qm_engine,btc_leading_zeros,1.0000000000
1377108,11647912592218,btc_qm_engine,btc_sha256_elapsed_ns,1104.0000000000
1377109,11647912592405,btc_qm_engine,btc_leading_zeros,1.0000000000
1377110,11647912592560,btc_qm_engine,btc_sha256_nonce,313224513.0000000000
1377111,11647912592726,btc_qm_engine,btc_sha256_nonce,3825162302.0000000000
1377112,11647912592878,btc_qm_engine,btc_sha256_elapsed_ns,1027.0000000000
1377113,11647912593048,btc_qm_engine,btc_leading_zeros,1.0000000000
1377114,11647912593208,btc_qm_engine,btc_leading_zeros,0.0000000000
1377115,11647912593349,btc_qm_engine,btc_leading_zeros,0.0000000000
1377116,11647912593596,btc_qm_engine,btc_sha256_nonce,2210927474.0000000000
1377117,11647912593669,btc_qm_engine,btc_leading_zeros,1.0000000000
1377118,11647912593732,btc_qm_engine,btc_sha256_elapsed_ns,1082.0000000000
1377119,11647912593905,btc_qm_engine,btc_sha256_elapsed_ns,1052.0000000000
1377120,11647912594144,btc_qm_engine,btc_sha256_nonce,1644914005.0000000000
1377121,11647912595023,btc_qm_engine,btc_sha256_nonce,1792100622.0000000000
1377122,11647912595211,btc_qm_engine,btc_sha256_nonce,2414113003.0000000000
1377123,11647912595525,btc_qm_engine,btc_leading_zeros,0.0000000000
1377124,11647912595720,btc_qm_engine,btc_leading_zeros,3.0000000000
1377125,11647912595936,btc_qm_engine,btc_sha256_nonce,2018064457.0000000000
1377126,11647912596109,btc_qm_engine,btc_sha256_elapsed_ns,1087.0000000000
1377127,11647912596345,btc_qm_engine,btc_sha256_elapsed_ns,986.0000000000
1377128,11647912596464,btc_qm_engine,btc_leading_zeros,2.0000000000
1377129,11647912596550,btc_qm_engine,btc_sha256_elapsed_ns,1048.0000000000
1377130,11647912596735,btc_qm_engine,btc_leading_zeros,1.0000000000
1377131,11647912597073,btc_qm_engine,btc_sha256_elapsed_ns,968.0000000000
1377132,11647912597462,btc_qm_engine,btc_sha256_nonce,4068525875.0000000000
1377133,11647912597538,btc_qm_engine,btc_leading_zeros,1.0000000000
1377134,11647912597607,btc_qm_engine,btc_sha256_elapsed_ns,1087.0000000000
1377135,11647912598000,btc_qm_engine,btc_sha256_nonce,982059057.0000000000
1377136,11647912598462,btc_qm_engine,btc_leading_zeros,0.0000000000
1377137,11647912598917,btc_qm_engine,btc_sha256_nonce,1104827279.0000000000
1377138,11647912599082,btc_qm_engine,btc_sha256_nonce,2112341147.0000000000
1377139,11647912599397,btc_qm_engine,btc_sha256_elapsed_ns,760.0000000000
1377140,11647912599809,btc_qm_engine,btc_sha256_elapsed_ns,828.0000000000
1377141,11647912600166,btc_qm_engine,btc_leading_zeros,0.0000000000
1377142,11647912600238,btc_qm_engine,btc_sha256_elapsed_ns,1072.0000000000
1377143,11647912601286,btc_qm_engine,btc_sha256_elapsed_ns,1151.0000000000
1377144,11647912601510,btc_qm_engine,btc_sha256_nonce,2090105473.0000000000
1377145,11647912601761,btc_qm_engine,btc_sha256_nonce,3446277921.0000000000
1377146,11647912602216,btc_qm_engine,btc_leading_zeros,0.0000000000
1377147,11647912602356,btc_qm_engine,btc_leading_zeros,2.0000000000
1377148,11647912602434,btc_qm_engine,btc_sha256_elapsed_ns,1092.0000000000
1377149,11647912602606,btc_qm_engine,btc_sha256_elapsed_ns,1075.0000000000
1377150,11647912602768,btc_qm_engine,btc_sha256_nonce,4105665101.0000000000
1377151,11647912602857,btc_qm_engine,btc_leading_zeros,0.0000000000
1377152,11647912602915,btc_qm_engine,btc_sha256_elapsed_ns,1053.0000000000
1377153,11647912603790,btc_qm_engine,btc_leading_zeros,0.0000000000
1377154,11647912603994,btc_qm_engine,btc_sha256_nonce,873796144.0000000000
1377155,11647912604114,btc_qm_engine,btc_sha256_nonce,2627771891.0000000000
1377156,11647912604616,btc_qm_engine,btc_sha256_nonce,2810858380.0000000000
1377157,11647912604992,btc_qm_engine,btc_leading_zeros,1.0000000000
1377158,11647912605044,btc_qm_engine,btc_sha256_elapsed_ns,1035.0000000000
1377159,11647912605192,btc_qm_engine,btc_sha256_nonce,2070253558.0000000000
1377160,11647912605337,btc_qm_engine,btc_leading_zeros,2.0000000000
1377161,11647912605425,btc_qm_engine,btc_sha256_elapsed_ns,1115.0000000000
1377162,11647912605591,btc_qm_engine,btc_leading_zeros,0.0000000000
1377163,11647912606066,btc_qm_engine,btc_leading_zeros,0.0000000000
1377164,11647912606215,btc_qm_engine,btc_sha256_nonce,3240327488.0000000000
1377165,11647912606435,btc_qm_engine,btc_sha256_nonce,2113301944.0000000000
1377166,11647912606671,btc_qm_engine,btc_leading_zeros,0.0000000000
1377167,11647912606807,btc_qm_engine,btc_sha256_nonce,1734046524.0000000000
1377168,11647912606887,btc_qm_engine,btc_leading_zeros,2.0000000000
1377169,11647912607133,btc_qm_engine,btc_sha256_elapsed_ns,1054.0000000000
1377170,11647912607735,btc_qm_engine,btc_leading_zeros,0.0000000000
1377171,11647912608197,btc_qm_engine,btc_sha256_elapsed_ns,1106.0000000000
1377172,11647912608419,btc_qm_engine,btc_sha256_elapsed_ns,1016.0000000000
1377173,11647912608587,btc_qm_engine,btc_sha256_elapsed_ns,1050.0000000000
1377174,11647912609366,btc_qm_engine,btc_sha256_elapsed_ns,1079.0000000000
1377175,11647912609662,btc_qm_engine,btc_sha256_nonce,1792654622.0000000000
1377176,11647912609940,btc_qm_engine,btc_sha256_nonce,199173304.0000000000
1377177,11647912610214,btc_qm_engine,btc_sha256_elapsed_ns,1097.0000000000
1377178,11647912610393,btc_qm_engine,btc_leading_zeros,2.0000000000
1377179,11647912611013,btc_qm_engine,btc_sha256_nonce,3825672665.0000000000
1377180,11647912611419,btc_qm_engine,btc_leading_zeros,1.0000000000
1377181,11647912611705,btc_qm_engine,btc_sha256_elapsed_ns,1144.0000000000
1377182,11647912612566,btc_qm_engine,btc_sha256_nonce,2279122413.0000000000
1377183,11647912613208,btc_qm_engine,btc_leading_zeros,1.0000000000
1377184,11647912613523,btc_qm_engine,btc_sha256_elapsed_ns,968.0000000000
1377185,11647912613863,btc_qm_engine,btc_sha256_nonce,2286633643.0000000000
1377186,11647912613939,btc_qm_engine,btc_leading_zeros,2.0000000000
1377187,11647912613999,btc_qm_engine,btc_sha256_elapsed_ns,1083.0000000000
1377188,11647912614473,btc_qm_engine,btc_sha256_nonce,1950347405.0000000000
1377189,11647912614565,btc_qm_engine,btc_leading_zeros,0.0000000000
1377190,11647912614628,btc_qm_engine,btc_sha256_elapsed_ns,735.0000000000
1377191,11647912615092,btc_qm_engine,btc_sha256_nonce,3885887968.0000000000
1377192,11647912615336,btc_qm_engine,btc_leading_zeros,0.0000000000
1377193,11647912615753,btc_qm_engine,btc_leading_zeros,1.0000000000
1377194,11647912615963,btc_qm_engine,btc_sha256_nonce,2627745655.0000000000
1377195,11647912616093,btc_qm_engine,btc_sha256_elapsed_ns,6252.0000000000
1377196,11647912616334,btc_qm_engine,btc_sha256_nonce,4066345891.0000000000
1377197,11647912616704,btc_qm_engine,btc_leading_zeros,0.0000000000
1377198,11647912616865,btc_qm_engine,btc_leading_zeros,3.0000000000
1377199,11647912617028,btc_qm_engine,btc_sha256_elapsed_ns,1095.0000000000
1377200,11647912617346,btc_qm_engine,btc_sha256_elapsed_ns,1049.0000000000
1377201,11647912617572,btc_qm_engine,btc_sha256_elapsed_ns,1061.0000000000
1377202,11647912617924,btc_qm_engine,btc_sha256_elapsed_ns,1089.0000000000
1377203,11647912618293,btc_qm_engine,btc_sha256_elapsed_ns,896.0000000000
1377204,11647912618722,btc_qm_engine,btc_sha256_nonce,1911112152.0000000000
1377205,11647912618809,btc_qm_engine,btc_leading_zeros,4.0000000000
1377206,11647912619324,btc_qm_engine,btc_sha256_nonce,3083169955.0000000000
1377207,11647912619433,btc_qm_engine,btc_sha256_nonce,1792577681.0000000000
1377208,11647912619675,btc_qm_engine,btc_leading_zeros,0.0000000000
1377209,11647912619757,btc_qm_engine,btc_sha256_nonce,2538772185.0000000000
1377210,11647912619948,btc_qm_engine,btc_sha256_elapsed_ns,1177.0000000000
1377211,11647912620154,btc_qm_engine,btc_sha256_nonce,2482629113.0000000000
1377212,11647912620233,btc_qm_engine,btc_leading_zeros,3.0000000000
1377213,11647912620323,btc_qm_engine,btc_sha256_elapsed_ns,1066.0000000000
1377214,11647912621007,btc_qm_engine,btc_sha256_nonce,694305588.0000000000
1377215,11647912621374,btc_qm_engine,btc_leading_zeros,4.0000000000
1377216,11647912621448,btc_qm_engine,btc_sha256_elapsed_ns,976.0000000000
1377217,11647912621570,btc_qm_engine,btc_sha256_nonce,1511620706.0000000000
1377218,11647912621648,btc_qm_engine,btc_leading_zeros,1.0000000000
1377219,11647912621879,btc_qm_engine,btc_sha256_nonce,1061527399.0000000000
1377220,11647912622323,btc_qm_engine,btc_leading_zeros,0.0000000000
1377221,11647912622597,btc_qm_engine,btc_leading_zeros,3.0000000000
1377222,11647912622870,btc_qm_engine,btc_sha256_nonce,3274793895.0000000000
1377223,11647912623157,btc_qm_engine,btc_leading_zeros,4.0000000000
1377224,11647912623327,btc_qm_engine,btc_sha256_elapsed_ns,1046.0000000000
1377225,11647912623458,btc_qm_engine,btc_leading_zeros,1.0000000000
1377226,11647912623883,btc_qm_engine,btc_sha256_elapsed_ns,1069.0000000000
1377227,11647912624100,btc_qm_engine,btc_sha256_elapsed_ns,743.0000000000
1377228,11647912624245,btc_qm_engine,btc_sha256_elapsed_ns,988.0000000000
1377229,11647912624785,btc_qm_engine,btc_sha256_nonce,2745220380.0000000000
1377230,11647912624879,btc_qm_engine,btc_leading_zeros,1.0000000000
1377231,11647912624948,btc_qm_engine,btc_sha256_elapsed_ns,967.0000000000
1377232,11647912625859,btc_qm_engine,btc_sha256_nonce,488890892.0000000000
1377233,11647912626264,btc_qm_engine,btc_sha256_nonce,803195554.0000000000
1377234,11647912626364,btc_qm_engine,btc_leading_zeros,0.0000000000
1377235,11647912626796,btc_qm_engine,btc_sha256_elapsed_ns,1023.0000000000
1377236,11647912627086,btc_qm_engine,btc_sha256_nonce,810512258.0000000000
1377237,11647912627225,btc_qm_engine,btc_sha256_elapsed_ns,1098.0000000000
1377238,11647912627473,btc_qm_engine,btc_leading_zeros,0.0000000000
1377239,11647912627550,btc_qm_engine,btc_sha256_elapsed_ns,1097.0000000000
1377240,11647912627977,btc_qm_engine,btc_sha256_nonce,600153599.0000000000
1377241,11647912628050,btc_qm_engine,btc_leading_zeros,0.0000000000
1377242,11647912628117,btc_qm_engine,btc_sha256_elapsed_ns,1037.0000000000
1377243,11647912628558,btc_qm_engine,btc_sha256_nonce,2745062763.0000000000
1377244,11647912628743,btc_qm_engine,btc_leading_zeros,4.0000000000
1377245,11647912628844,btc_qm_engine,btc_sha256_elapsed_ns,1014.0000000000
1377246,11647912629057,btc_qm_engine,btc_leading_zeros,0.0000000000
1377247,11647912629138,btc_qm_engine,btc_sha256_elapsed_ns,1081.0000000000
1377248,11647912629584,btc_qm_engine,btc_sha256_nonce,2369452606.0000000000
1377249,11647912629741,btc_qm_engine,btc_sha256_elapsed_ns,1181.0000000000
1377250,11647912629899,btc_qm_engine,btc_leading_zeros,4.0000000000
1377251,11647912630041,btc_qm_engine,btc_sha256_elapsed_ns,1093.0000000000
1377252,11647912630548,btc_qm_engine,btc_sha256_nonce,4067769875.0000000000
1377253,11647912630983,btc_qm_engine,btc_sha256_nonce,1019775228.0000000000
1377254,11647912631138,btc_qm_engine,btc_leading_zeros,1.0000000000
1377255,11647912631218,btc_qm_engine,btc_sha256_elapsed_ns,1093.0000000000
1377256,11647912631450,btc_qm_engine,btc_sha256_nonce,1792757467.0000000000
1377257,11647912631636,btc_qm_engine,btc_sha256_nonce,3766356298.0000000000
1377258,11647912631726,btc_qm_engine,btc_sha256_nonce,3825781062.0000000000
1377259,11647912632206,btc_qm_engine,btc_sha256_nonce,2433381765.0000000000
1377260,11647912632286,btc_qm_engine,btc_leading_zeros,1.0000000000
1377261,11647912632546,btc_qm_engine,btc_leading_zeros,0.0000000000
1377262,11647912632648,btc_qm_engine,btc_sha256_elapsed_ns,1113.0000000000
1377263,11647912632783,btc_qm_engine,btc_leading_zeros,2.0000000000
1377264,11647912632900,btc_qm_engine,btc_sha256_elapsed_ns,1143.0000000000
1377265,11647912633028,btc_qm_engine,btc_sha256_nonce,2653672614.0000000000
1377266,11647912633240,btc_qm_engine,btc_leading_zeros,0.0000000000
1377267,11647912633527,btc_qm_engine,btc_sha256_elapsed_ns,1077.0000000000
1377268,11647912633785,btc_qm_engine,btc_sha256_nonce,53509201.0000000000
1377269,11647912633913,btc_qm_engine,btc_sha256_elapsed_ns,1094.0000000000
1377270,11647912634055,btc_qm_engine,btc_sha256_nonce,1527193755.0000000000
1377271,11647912634210,btc_qm_engine,btc_leading_zeros,1.0000000000
1377272,11647912634424,btc_qm_engine,btc_leading_zeros,0.0000000000
1377273,11647912634615,btc_qm_engine,btc_sha256_nonce,1734893871.0000000000
1377274,11647912634882,btc_qm_engine,btc_sha256_elapsed_ns,1059.0000000000
1377275,11647912635107,btc_qm_engine,btc_sha256_elapsed_ns,773.0000000000
1377276,11647912635305,btc_qm_engine,btc_sha256_nonce,3476552090.0000000000
1377277,11647912635403,btc_qm_engine,btc_leading_zeros,0.0000000000
1377278,11647912635462,btc_qm_engine,btc_sha256_elapsed_ns,1095.0000000000
1377279,11647912635634,btc_qm_engine,btc_leading_zeros,2.0000000000
1377280,11647912635947,btc_qm_engine,btc_sha256_nonce,3860879895.0000000000
1377281,11647912636386,btc_qm_engine,btc_leading_zeros,0.0000000000
1377282,11647912636437,btc_qm_engine,btc_sha256_elapsed_ns,973.0000000000
1377283,11647912636616,btc_qm_engine,btc_sha256_nonce,3679687242.0000000000
1377284,11647912636720,btc_qm_engine,btc_leading_zeros,0.0000000000
1377285,11647912636875,btc_qm_engine,btc_sha256_nonce,4068498541.0000000000
1377286,11647912637376,btc_qm_engine,btc_sha256_nonce,3035315037.0000000000
1377287,11647912637617,btc_qm_engine,btc_leading_zeros,1.0000000000
1377288,11647912637691,btc_qm_engine,btc_sha256_elapsed_ns,1102.0000000000
1377289,11647912638038,btc_qm_engine,btc_sha256_elapsed_ns,1048.0000000000
1377290,11647912638415,btc_qm_engine,btc_sha256_elapsed_ns,1148.0000000000
1377291,11647912638756,btc_qm_engine,btc_leading_zeros,2.0000000000
1377292,11647912639080,btc_qm_engine,btc_sha256_elapsed_ns,1120.0000000000
1377293,11647912639431,btc_qm_engine,btc_sha256_nonce,2478268332.0000000000
1377294,11647912639510,btc_qm_engine,btc_leading_zeros,0.0000000000
1377295,11647912639562,btc_qm_engine,btc_sha256_elapsed_ns,732.0000000000
1377296,11647912640098,btc_qm_engine,btc_sha256_nonce,4279974175.0000000000
1377297,11647912640171,btc_qm_engine,btc_leading_zeros,1.0000000000
1377298,11647912640288,btc_qm_engine,btc_sha256_nonce,38663585.0000000000
1377299,11647912640423,btc_qm_engine,btc_sha256_nonce,730992864.0000000000
1377300,11647912640503,btc_qm_engine,btc_leading_zeros,0.0000000000
1377301,11647912640691,btc_qm_engine,btc_sha256_nonce,4111177319.0000000000
1377302,11647912640869,btc_qm_engine,btc_sha256_elapsed_ns,1077.0000000000
1377303,11647912641129,btc_qm_engine,btc_sha256_elapsed_ns,1097.0000000000
1377304,11647912641325,btc_qm_engine,btc_leading_zeros,1.0000000000
1377305,11647912641398,btc_qm_engine,btc_sha256_elapsed_ns,813.0000000000
1377306,11647912641754,btc_qm_engine,btc_leading_zeros,1.0000000000
1377307,11647912641950,btc_qm_engine,btc_leading_zeros,1.0000000000
1377308,11647912642154,btc_qm_engine,btc_sha256_elapsed_ns,1090.0000000000
1377309,11647912642386,btc_qm_engine,btc_sha256_elapsed_ns,1033.0000000000
1377310,11647912642700,btc_qm_engine,btc_sha256_nonce,1349912506.0000000000
1377311,11647912642799,btc_qm_engine,btc_leading_zeros,3.0000000000
1377312,11647912642873,btc_qm_engine,btc_sha256_elapsed_ns,1067.0000000000
1377313,11647912643172,btc_qm_engine,btc_sha256_nonce,3571032728.0000000000
1377314,11647912643251,btc_qm_engine,btc_leading_zeros,0.0000000000
1377315,11647912643340,btc_qm_engine,btc_sha256_elapsed_ns,1075.0000000000
1377316,11647912643465,btc_qm_engine,btc_sha256_nonce,2017971398.0000000000
1377317,11647912643556,btc_qm_engine,btc_leading_zeros,4.0000000000
1377318,11647912643633,btc_qm_engine,btc_sha256_elapsed_ns,1083.0000000000
1377319,11647912643786,btc_qm_engine,btc_sha256_nonce,1733858987.0000000000
1377320,11647912643866,btc_qm_engine,btc_leading_zeros,0.0000000000
1377321,11647912643925,btc_qm_engine,btc_sha256_elapsed_ns,1114.0000000000
1377322,11647912644167,btc_qm_engine,btc_sha256_nonce,3244571903.0000000000
1377323,11647912644261,btc_qm_engine,btc_leading_zeros,3.0000000000
1377324,11647912644396,btc_qm_engine,btc_sha256_nonce,1642909944.0000000000
1377325,11647912644738,btc_qm_engine,btc_sha256_nonce,3972662258.0000000000
1377326,11647912644922,btc_qm_engine,btc_sha256_nonce,2675646586.0000000000
1377327,11647912644997,btc_qm_engine,btc_leading_zeros,4.0000000000
1377328,11647912645070,btc_qm_engine,btc_sha256_elapsed_ns,1065.0000000000
1377329,11647912645382,btc_qm_engine,btc_sha256_nonce,570698391.0000000000
1377330,11647912645590,btc_qm_engine,btc_leading_zeros,0.0000000000
1377331,11647912645709,btc_qm_engine,btc_sha256_elapsed_ns,1146.0000000000
1377332,11647912645801,btc_qm_engine,btc_leading_zeros,2.0000000000
1377333,11647912646191,btc_qm_engine,btc_sha256_nonce,3296298684.0000000000
1377334,11647912646422,btc_qm_engine,btc_leading_zeros,2.0000000000
1377335,11647912646615,btc_qm_engine,btc_leading_zeros,0.0000000000
1377336,11647912646817,btc_qm_engine,btc_sha256_elapsed_ns,967.0000000000
1377337,11647912647027,btc_qm_engine,btc_sha256_elapsed_ns,743.0000000000
1377338,11647912647267,btc_qm_engine,btc_sha256_nonce,2471889707.0000000000
1377339,11647912647638,btc_qm_engine,btc_sha256_nonce,2744457335.0000000000
1377340,11647912647753,btc_qm_engine,btc_leading_zeros,0.0000000000
1377341,11647912647893,btc_qm_engine,btc_leading_zeros,0.0000000000
1377342,11647912648261,btc_qm_engine,btc_sha256_elapsed_ns,1071.0000000000
1377343,11647912648443,btc_qm_engine,btc_sha256_nonce,3413499724.0000000000
1377344,11647912648774,btc_qm_engine,btc_sha256_nonce,880640927.0000000000
1377345,11647912649220,btc_qm_engine,btc_sha256_elapsed_ns,1090.0000000000
1377346,11647912649344,btc_qm_engine,btc_leading_zeros,0.0000000000
1377347,11647912649626,btc_qm_engine,btc_sha256_nonce,3398278212.0000000000
1377348,11647912649699,btc_qm_engine,btc_leading_zeros,0.0000000000
1377349,11647912650061,btc_qm_engine,btc_sha256_elapsed_ns,1101.0000000000
1377350,11647912650204,btc_qm_engine,btc_sha256_elapsed_ns,1099.0000000000
1377351,11647912650798,btc_qm_engine,btc_sha256_nonce,471533734.0000000000
1377352,11647912650874,btc_qm_engine,btc_leading_zeros,0.0000000000
1377353,11647912650941,btc_qm_engine,btc_sha256_elapsed_ns,1062.0000000000
1377354,11647912651101,btc_qm_engine,btc_leading_zeros,1.0000000000
1377355,11647912651511,btc_qm_engine,btc_sha256_elapsed_ns,732.0000000000
1377356,11647912651691,btc_qm_engine,btc_sha256_elapsed_ns,1008.0000000000
1377357,11647912652161,btc_qm_engine,btc_sha256_nonce,4068342338.0000000000
1377358,11647912652618,btc_qm_engine,btc_sha256_nonce,1644947901.0000000000
1377359,11647912652811,btc_qm_engine,btc_sha256_nonce,2504117593.0000000000
1377360,11647912653120,btc_qm_engine,btc_leading_zeros,0.0000000000
1377361,11647912653194,btc_qm_engine,btc_sha256_elapsed_ns,842.0000000000
1377362,11647912653344,btc_qm_engine,btc_leading_zeros,0.0000000000
1377363,11647912653422,btc_qm_engine,btc_sha256_elapsed_ns,1007.0000000000
1377364,11647912653633,btc_qm_engine,btc_sha256_nonce,3476147856.0000000000
1377365,11647912653864,btc_qm_engine,btc_sha256_nonce,1694739831.0000000000
1377366,11647912654125,btc_qm_engine,btc_leading_zeros,1.0000000000
1377367,11647912654314,btc_qm_engine,btc_leading_zeros,2.0000000000
1377368,11647912654486,btc_qm_engine,btc_leading_zeros,2.0000000000
1377369,11647912654735,btc_qm_engine,btc_sha256_nonce,618533426.0000000000
1377370,11647912654872,btc_qm_engine,btc_sha256_nonce,4289529548.0000000000
1377371,11647912655137,btc_qm_engine,btc_leading_zeros,0.0000000000
1377372,11647912655209,btc_qm_engine,btc_sha256_elapsed_ns,958.0000000000
1377373,11647912655348,btc_qm_engine,btc_sha256_elapsed_ns,1078.0000000000
1377374,11647912655734,btc_qm_engine,btc_sha256_elapsed_ns,1054.0000000000
1377375,11647912656061,btc_qm_engine,btc_sha256_elapsed_ns,1029.0000000000
1377376,11647912657435,btc_qm_engine,btc_sha256_nonce,159703170.0000000000
1377377,11647912657508,btc_qm_engine,btc_leading_zeros,0.0000000000
1377378,11647912657567,btc_qm_engine,btc_sha256_elapsed_ns,817.0000000000
1377379,11647912657867,btc_qm_engine,btc_sha256_nonce,1216464294.0000000000
1377380,11647912658195,btc_qm_engine,btc_sha256_nonce,1690719699.0000000000
1377381,11647912658355,btc_qm_engine,btc_leading_zeros,0.0000000000
1377382,11647912658442,btc_qm_engine,btc_sha256_elapsed_ns,1118.0000000000
1377383,11647912658749,btc_qm_engine,btc_leading_zeros,1.0000000000
1377384,11647912658871,btc_qm_engine,btc_leading_zeros,0.0000000000
1377385,11647912658995,btc_qm_engine,btc_sha256_nonce,2407252575.0000000000
1377386,11647912659113,btc_qm_engine,btc_sha256_elapsed_ns,1000.0000000000
1377387,11647912659355,btc_qm_engine,btc_sha256_nonce,4175033811.0000000000
1377388,11647912659436,btc_qm_engine,btc_leading_zeros,1.0000000000
1377389,11647912659749,btc_qm_engine,btc_sha256_nonce,2627812484.0000000000
1377390,11647912659836,btc_qm_engine,btc_leading_zeros,0.0000000000
1377391,11647912659890,btc_qm_engine,btc_sha256_elapsed_ns,911.0000000000
1377392,11647912660000,btc_qm_engine,btc_sha256_elapsed_ns,41772.0000000000
1377393,11647912660412,btc_qm_engine,btc_sha256_nonce,2610900830.0000000000
1377394,11647912660893,btc_qm_engine,btc_sha256_nonce,2626993494.0000000000
1377395,11647912661324,btc_qm_engine,btc_sha256_elapsed_ns,1127.0000000000
1377396,11647912661546,btc_qm_engine,btc_sha256_elapsed_ns,1111.0000000000
1377397,11647912661680,btc_qm_engine,btc_leading_zeros,0.0000000000
1377398,11647912661864,btc_qm_engine,btc_leading_zeros,4.0000000000
1377399,11647912661936,btc_qm_engine,btc_sha256_elapsed_ns,744.0000000000
1377400,11647912662458,btc_qm_engine,btc_leading_zeros,0.0000000000
1377401,11647912663007,btc_qm_engine,btc_sha256_elapsed_ns,1112.0000000000
1377402,11647912663101,btc_qm_engine,btc_sha256_nonce,2891906537.0000000000
1377403,11647912663256,btc_qm_engine,btc_sha256_nonce,290735759.0000000000
1377404,11647912663335,btc_qm_engine,btc_leading_zeros,3.0000000000
1377405,11647912663409,btc_qm_engine,btc_sha256_elapsed_ns,1093.0000000000
1377406,11647912663517,btc_qm_engine,btc_leading_zeros,0.0000000000
1377407,11647912664054,btc_qm_engine,btc_sha256_nonce,3825737051.0000000000
1377408,11647912664247,btc_qm_engine,btc_sha256_elapsed_ns,923.0000000000
1377409,11647912664376,btc_qm_engine,btc_sha256_nonce,2112592210.0000000000
1377410,11647912664601,btc_qm_engine,btc_leading_zeros,0.0000000000
1377411,11647912664831,btc_qm_engine,btc_leading_zeros,1.0000000000
1377412,11647912664899,btc_qm_engine,btc_sha256_elapsed_ns,967.0000000000
1377413,11647912665081,btc_qm_engine,btc_sha256_nonce,1836086367.0000000000
1377414,11647912665317,btc_qm_engine,btc_sha256_elapsed_ns,1110.0000000000
1377415,11647912665716,btc_qm_engine,btc_sha256_nonce,4134768358.0000000000
1377416,11647912665791,btc_qm_engine,btc_leading_zeros,0.0000000000
1377417,11647912665870,btc_qm_engine,btc_sha256_elapsed_ns,948.0000000000
1377418,11647912665939,btc_qm_engine,btc_leading_zeros,1.0000000000
1377419,11647912666231,btc_qm_engine,btc_sha256_nonce,2245034191.0000000000
1377420,11647912666456,btc_qm_engine,btc_leading_zeros,4.0000000000
1377421,11647912666764,btc_qm_engine,btc_sha256_elapsed_ns,1022.0000000000
1377422,11647912666959,btc_qm_engine,btc_sha256_elapsed_ns,1091.0000000000
1377423,11647912667291,btc_qm_engine,btc_sha256_nonce,3825792426.0000000000
1377424,11647912667365,btc_qm_engine,btc_leading_zeros,0.0000000000
1377425,11647912667420,btc_qm_engine,btc_sha256_elapsed_ns,1071.0000000000
1377426,11647912667589,btc_qm_engine,btc_sha256_nonce,1577566875.0000000000
1377427,11647912667946,btc_qm_engine,btc_leading_zeros,0.0000000000
1377428,11647912668079,btc_qm_engine,btc_leading_zeros,2.0000000000
1377429,11647912668239,btc_qm_engine,btc_sha256_nonce,2360757354.0000000000
1377430,11647912668670,btc_qm_engine,btc_sha256_elapsed_ns,736.0000000000
1377431,11647912669302,btc_qm_engine,btc_sha256_nonce,817933088.0000000000
1377432,11647912669645,btc_qm_engine,btc_sha256_nonce,3705012771.0000000000
1377433,11647912669811,btc_qm_engine,btc_leading_zeros,1.0000000000
1377434,11647912669911,btc_qm_engine,btc_sha256_elapsed_ns,1039.0000000000
1377435,11647912670363,btc_qm_engine,btc_sha256_nonce,2627411788.0000000000
1377436,11647912670439,btc_qm_engine,btc_leading_zeros,0.0000000000
1377437,11647912670509,btc_qm_engine,btc_sha256_elapsed_ns,1064.0000000000
1377438,11647912670745,btc_qm_engine,btc_sha256_nonce,440268825.0000000000
1377439,11647912671091,btc_qm_engine,btc_sha256_nonce,4072388658.0000000000
1377440,11647912671161,btc_qm_engine,btc_leading_zeros,0.0000000000
1377441,11647912671647,btc_qm_engine,btc_leading_zeros,0.0000000000
1377442,11647912671738,btc_qm_engine,btc_leading_zeros,3.0000000000
1377443,11647912671967,btc_qm_engine,btc_sha256_elapsed_ns,976.0000000000
1377444,11647912672133,btc_qm_engine,btc_sha256_elapsed_ns,1104.0000000000
1377445,11647912672280,btc_qm_engine,btc_sha256_nonce,2605628596.0000000000
1377446,11647912672652,btc_qm_engine,btc_leading_zeros,2.0000000000
1377447,11647912672732,btc_qm_engine,btc_sha256_elapsed_ns,1076.0000000000
1377448,11647912673367,btc_qm_engine,btc_sha256_nonce,1920666630.0000000000
1377449,11647912673450,btc_qm_engine,btc_leading_zeros,0.0000000000
1377450,11647912673545,btc_qm_engine,btc_sha256_elapsed_ns,1042.0000000000
1377451,11647912674105,btc_qm_engine,btc_sha256_nonce,963302826.0000000000
1377452,11647912674234,btc_qm_engine,btc_sha256_elapsed_ns,972.0000000000
1377453,11647912674553,btc_qm_engine,btc_leading_zeros,1.0000000000
1377454,11647912674728,btc_qm_engine,btc_leading_zeros,1.0000000000
1377455,11647912674825,btc_qm_engine,btc_sha256_elapsed_ns,1037.0000000000
1377456,11647912675087,btc_qm_engine,btc_sha256_nonce,2954253893.0000000000
1377457,11647912675284,btc_qm_engine,btc_sha256_elapsed_ns,1093.0000000000
1377458,11647912675590,btc_qm_engine,btc_sha256_nonce,2967903812.0000000000
1377459,11647912676043,btc_qm_engine,btc_leading_zeros,0.0000000000
1377460,11647912676231,btc_qm_engine,btc_sha256_nonce,2000857236.0000000000
1377461,11647912676513,btc_qm_engine,btc_sha256_nonce,1792482651.0000000000
1377462,11647912676621,btc_qm_engine,btc_sha256_elapsed_ns,1093.0000000000
1377463,11647912676972,btc_qm_engine,btc_leading_zeros,0.0000000000
1377464,11647912677223,btc_qm_engine,btc_sha256_elapsed_ns,1002.0000000000
1377465,11647912677778,btc_qm_engine,btc_leading_zeros,4.0000000000
1377466,11647912677962,btc_qm_engine,btc_sha256_nonce,97809278.0000000000
1377467,11647912678113,btc_qm_engine,btc_leading_zeros,0.0000000000
1377468,11647912678524,btc_qm_engine,btc_leading_zeros,0.0000000000
1377469,11647912678663,btc_qm_engine,btc_sha256_elapsed_ns,1045.0000000000
1377470,11647912678817,btc_qm_engine,btc_sha256_elapsed_ns,1094.0000000000
1377471,11647912678977,btc_qm_engine,btc_sha256_elapsed_ns,989.0000000000
1377472,11647912679110,btc_qm_engine,btc_sha256_nonce,643867298.0000000000
1377473,11647912679195,btc_qm_engine,btc_leading_zeros,4.0000000000
1377474,11647912679266,btc_qm_engine,btc_sha256_elapsed_ns,1038.0000000000
1377475,11647912679980,btc_qm_engine,btc_sha256_nonce,2742232212.0000000000
1377476,11647912680117,btc_qm_engine,btc_sha256_nonce,3351375100.0000000000
1377477,11647912680319,btc_qm_engine,btc_sha256_nonce,810548112.0000000000
1377478,11647912680593,btc_qm_engine,btc_sha256_nonce,2745360876.0000000000
1377479,11647912681031,btc_qm_engine,btc_sha256_elapsed_ns,1063.0000000000
1377480,11647912681154,btc_qm_engine,btc_leading_zeros,0.0000000000
1377481,11647912681227,btc_qm_engine,btc_sha256_elapsed_ns,1094.0000000000
1377482,11647912681434,btc_qm_engine,btc_sha256_nonce,810474601.0000000000
1377483,11647912681906,btc_qm_engine,btc_leading_zeros,0.0000000000
1377484,11647912682056,btc_qm_engine,btc_leading_zeros,2.0000000000
1377485,11647912682142,btc_qm_engine,btc_sha256_elapsed_ns,946.0000000000
1377486,11647912682304,btc_qm_engine,btc_sha256_elapsed_ns,1097.0000000000
1377487,11647912682445,btc_qm_engine,btc_sha256_nonce,1556325031.0000000000
1377488,11647912682521,btc_qm_engine,btc_leading_zeros,0.0000000000
1377489,11647912682600,btc_qm_engine,btc_sha256_elapsed_ns,1021.0000000000
1377490,11647912682888,btc_qm_engine,btc_sha256_elapsed_ns,1130.0000000000
1377491,11647912683112,btc_qm_engine,btc_leading_zeros,3.0000000000
1377492,11647912683408,btc_qm_engine,btc_sha256_nonce,2112770903.0000000000
1377493,11647912683570,btc_qm_engine,btc_leading_zeros,9.0000000000
1377494,11647912683792,btc_qm_engine,btc_sha256_nonce,4180609047.0000000000
1377495,11647912683878,btc_qm_engine,btc_sha256_nonce,2844532858.0000000000
1377496,11647912683952,btc_qm_engine,btc_leading_zeros,3.0000000000
1377497,11647912684187,btc_qm_engine,btc_sha256_elapsed_ns,1091.0000000000
1377498,11647912684382,btc_qm_engine,btc_sha256_nonce,447775710.0000000000
1377499,11647912684520,btc_qm_engine,btc_leading_zeros,0.0000000000
1377500,11647912684922,btc_qm_engine,btc_sha256_elapsed_ns,1058.0000000000
1377501,11647912685432,btc_qm_engine,btc_sha256_nonce,3885868531.0000000000
1377502,11647912685636,btc_qm_engine,btc_sha256_elapsed_ns,1070.0000000000
1377503,11647912685788,btc_qm_engine,btc_sha256_elapsed_ns,971.0000000000
1377504,11647912685972,btc_qm_engine,btc_leading_zeros,2.0000000000
1377505,11647912686108,btc_qm_engine,btc_leading_zeros,0.0000000000
1377506,11647912686188,btc_qm_engine,btc_sha256_elapsed_ns,1096.0000000000
1377507,11647912686382,btc_qm_engine,btc_sha256_elapsed_ns,757.0000000000
1377508,11647912686872,btc_qm_engine,btc_sha256_nonce,3193207475.0000000000
1377509,11647912686957,btc_qm_engine,btc_leading_zeros,0.0000000000
1377510,11647912687031,btc_qm_engine,btc_sha256_elapsed_ns,1037.0000000000
1377511,11647912687157,btc_qm_engine,btc_sha256_nonce,3824959066.0000000000
1377512,11647912687240,btc_qm_engine,btc_leading_zeros,2.0000000000
1377513,11647912687297,btc_qm_engine,btc_sha256_elapsed_ns,1011.0000000000
1377514,11647912687429,btc_qm_engine,btc_sha256_nonce,1908108038.0000000000
1377515,11647912687732,btc_qm_engine,btc_sha256_nonce,1271765074.0000000000
1377516,11647912687877,btc_qm_engine,btc_leading_zeros,2.0000000000
1377517,11647912688300,btc_qm_engine,btc_sha256_nonce,2609658716.0000000000
1377518,11647912688400,btc_qm_engine,btc_sha256_nonce,2139203387.0000000000
1377519,11647912688559,btc_qm_engine,btc_sha256_elapsed_ns,1112.0000000000
1377520,11647912689230,btc_qm_engine,btc_sha256_nonce,4068453949.0000000000
1377521,11647912689445,btc_qm_engine,btc_leading_zeros,0.0000000000
1377522,11647912689550,btc_qm_engine,btc_sha256_nonce,2044833867.0000000000
1377523,11647912689728,btc_qm_engine,btc_leading_zeros,2.0000000000
1377524,11647912689977,btc_qm_engine,btc_sha256_elapsed_ns,1086.0000000000
1377525,11647912690150,btc_qm_engine,btc_sha256_elapsed_ns,1054.0000000000
1377526,11647912690492,btc_qm_engine,btc_leading_zeros,1.0000000000
1377527,11647912690682,btc_qm_engine,btc_leading_zeros,4.0000000000
1377528,11647912691149,btc_qm_engine,btc_leading_zeros,0.0000000000
1377529,11647912691279,btc_qm_engine,btc_sha256_nonce,3154349160.0000000000
1377530,11647912691417,btc_qm_engine,btc_sha256_elapsed_ns,977.0000000000
1377531,11647912691603,btc_qm_engine,btc_sha256_elapsed_ns,1095.0000000000
1377532,11647912691789,btc_qm_engine,btc_sha256_nonce,3190237762.0000000000
1377533,11647912692105,btc_qm_engine,btc_sha256_nonce,958625649.0000000000
1377534,11647912692194,btc_qm_engine,btc_leading_zeros,2.0000000000
1377535,11647912692338,btc_qm_engine,btc_leading_zeros,1.0000000000
1377536,11647912692425,btc_qm_engine,btc_sha256_elapsed_ns,894.0000000000
1377537,11647912692600,btc_qm_engine,btc_sha256_elapsed_ns,996.0000000000
1377538,11647912692709,btc_qm_engine,btc_leading_zeros,1.0000000000
1377539,11647912692859,btc_qm_engine,btc_sha256_nonce,4134220768.0000000000
1377540,11647912693113,btc_qm_engine,btc_sha256_elapsed_ns,1057.0000000000
1377541,11647912693253,btc_qm_engine,btc_leading_zeros,2.0000000000
1377542,11647912693327,btc_qm_engine,btc_sha256_elapsed_ns,1110.0000000000
1377543,11647912693399,btc_qm_engine,btc_leading_zeros,0.0000000000
1377544,11647912693733,btc_qm_engine,btc_sha256_elapsed_ns,1058.0000000000
1377545,11647912693946,btc_qm_engine,btc_sha256_nonce,1981425234.0000000000
1377546,11647912694040,btc_qm_engine,btc_leading_zeros,0.0000000000
1377547,11647912694107,btc_qm_engine,btc_sha256_elapsed_ns,1091.0000000000
1377548,11647912694214,btc_qm_engine,btc_sha256_nonce,500546175.0000000000
1377549,11647912694480,btc_qm_engine,btc_sha256_nonce,1840636804.0000000000
1377550,11647912694636,btc_qm_engine,btc_leading_zeros,1.0000000000
1377551,11647912694999,btc_qm_engine,btc_sha256_nonce,3664337192.0000000000
1377552,11647912695082,btc_qm_engine,btc_leading_zeros,1.0000000000
1377553,11647912695151,btc_qm_engine,btc_sha256_elapsed_ns,1140.0000000000
1377554,11647912695296,btc_qm_engine,btc_sha256_nonce,4213879443.0000000000
1377555,11647912695529,btc_qm_engine,btc_sha256_nonce,1619528653.0000000000
1377556,11647912695786,btc_qm_engine,btc_sha256_nonce,3444239996.0000000000
1377557,11647912695978,btc_qm_engine,btc_sha256_elapsed_ns,1104.0000000000
1377558,11647912696335,btc_qm_engine,btc_leading_zeros,0.0000000000
1377559,11647912696540,btc_qm_engine,btc_leading_zeros,0.0000000000
1377560,11647912696617,btc_qm_engine,btc_sha256_elapsed_ns,1096.0000000000
1377561,11647912696825,btc_qm_engine,btc_sha256_nonce,3825710677.0000000000
1377562,11647912696934,btc_qm_engine,btc_sha256_elapsed_ns,1070.0000000000
1377563,11647912697069,btc_qm_engine,btc_sha256_elapsed_ns,974.0000000000
1377564,11647912697256,btc_qm_engine,btc_leading_zeros,0.0000000000
1377565,11647912697808,btc_qm_engine,btc_sha256_elapsed_ns,1007.0000000000
1377566,11647912698024,btc_qm_engine,btc_leading_zeros,1.0000000000
1377567,11647912698095,btc_qm_engine,btc_sha256_elapsed_ns,966.0000000000
1377568,11647912698183,btc_qm_engine,btc_sha256_nonce,377425622.0000000000
1377569,11647912698309,btc_qm_engine,btc_sha256_nonce,3894576233.0000000000
1377570,11647912698506,btc_qm_engine,btc_sha256_nonce,2174780768.0000000000
1377571,11647912698871,btc_qm_engine,btc_leading_zeros,1.0000000000
1377572,11647912699198,btc_qm_engine,btc_sha256_nonce,2628117528.0000000000
1377573,11647912699297,btc_qm_engine,btc_sha256_nonce,1056457670.0000000000
1377574,11647912699576,btc_qm_engine,btc_sha256_nonce,1009824496.0000000000
1377575,11647912699948,btc_qm_engine,btc_leading_zeros,1.0000000000
1377576,11647912700355,btc_qm_engine,btc_leading_zeros,1.0000000000
1377577,11647912700758,btc_qm_engine,btc_sha256_elapsed_ns,1036.0000000000
1377578,11647912700890,btc_qm_engine,btc_sha256_elapsed_ns,845.0000000000
1377579,11647912701080,btc_qm_engine,btc_sha256_nonce,742176397.0000000000
1377580,11647912701263,btc_qm_engine,btc_leading_zeros,0.0000000000
1377581,11647912701486,btc_qm_engine,btc_leading_zeros,2.0000000000
1377582,11647912701560,btc_qm_engine,btc_sha256_elapsed_ns,1038.0000000000
1377583,11647912701701,btc_qm_engine,btc_sha256_elapsed_ns,1109.0000000000
1377584,11647912701967,btc_qm_engine,btc_sha256_nonce,1353429402.0000000000
1377585,11647912702047,btc_qm_engine,btc_leading_zeros,0.0000000000
1377586,11647912702108,btc_qm_engine,btc_sha256_elapsed_ns,958.0000000000
1377587,11647912702180,btc_qm_engine,btc_sha256_elapsed_ns,1101.0000000000
1377588,11647912702352,btc_qm_engine,btc_sha256_nonce,3826102013.0000000000
1377589,11647912702770,btc_qm_engine,btc_sha256_nonce,4150547769.0000000000
1377590,11647912703208,btc_qm_engine,btc_leading_zeros,4.0000000000
1377591,11647912703306,btc_qm_engine,btc_leading_zeros,1.0000000000
1377592,11647912703497,btc_qm_engine,btc_sha256_nonce,2626863507.0000000000
1377593,11647912703811,btc_qm_engine,btc_sha256_nonce,2085038743.0000000000
1377594,11647912703959,btc_qm_engine,btc_sha256_nonce,2088310865.0000000000
1377595,11647912704801,btc_qm_engine,btc_leading_zeros,1.0000000000
1377596,11647912704878,btc_qm_engine,btc_sha256_elapsed_ns,1020.0000000000
1377597,11647912704964,btc_qm_engine,btc_sha256_elapsed_ns,968.0000000000
1377598,11647912705189,btc_qm_engine,btc_leading_zeros,4.0000000000
1377599,11647912705590,btc_qm_engine,btc_leading_zeros,1.0000000000
1377600,11647912705817,btc_qm_engine,btc_sha256_nonce,68658752.0000000000
1377601,11647912705889,btc_qm_engine,btc_leading_zeros,1.0000000000
1377602,11647912705997,btc_qm_engine,btc_sha256_elapsed_ns,1026.0000000000
1377603,11647912706423,btc_qm_engine,btc_sha256_elapsed_ns,739.0000000000
1377604,11647912706654,btc_qm_engine,btc_sha256_elapsed_ns,1089.0000000000
1377605,11647912707191,btc_qm_engine,btc_leading_zeros,2.0000000000
1377606,11647912707511,btc_qm_engine,btc_sha256_elapsed_ns,731.0000000000
1377607,11647912707747,btc_qm_engine,btc_sha256_nonce,2217554898.0000000000
1377608,11647912707824,btc_qm_engine,btc_leading_zeros,1.0000000000
1377609,11647912707885,btc_qm_engine,btc_sha256_elapsed_ns,1033.0000000000
1377610,11647912708070,btc_qm_engine,btc_sha256_nonce,2783942206.0000000000
1377611,11647912708316,btc_qm_engine,btc_sha256_nonce,2804247005.0000000000
1377612,11647912708398,btc_qm_engine,btc_leading_zeros,2.0000000000
1377613,11647912708516,btc_qm_engine,btc_leading_zeros,0.0000000000
1377614,11647912708641,btc_qm_engine,btc_sha256_elapsed_ns,1102.0000000000
1377615,11647912708799,btc_qm_engine,btc_sha256_nonce,511642122.0000000000
1377616,11647912709070,btc_qm_engine,btc_sha256_elapsed_ns,1038.0000000000
1377617,11647912709300,btc_qm_engine,btc_leading_zeros,0.0000000000
1377618,11647912710063,btc_qm_engine,btc_leading_zeros,0.0000000000
1377619,11647912710201,btc_qm_engine,btc_sha256_elapsed_ns,1114.0000000000
1377620,11647912710400,btc_qm_engine,btc_sha256_nonce,895420966.0000000000
1377621,11647912710782,btc_qm_engine,btc_sha256_nonce,1332397007.0000000000
1377622,11647912710924,btc_qm_engine,btc_leading_zeros,1.0000000000
1377623,11647912711010,btc_qm_engine,btc_sha256_elapsed_ns,1116.0000000000
1377624,11647912711132,btc_qm_engine,btc_sha256_elapsed_ns,1102.0000000000
1377625,11647912711523,btc_qm_engine,btc_leading_zeros,4.0000000000
1377626,11647912711886,btc_qm_engine,btc_sha256_nonce,4220758387.0000000000
1377627,11647912712208,btc_qm_engine,btc_leading_zeros,1.0000000000
1377628,11647912712365,btc_qm_engine,btc_sha256_nonce,940670665.0000000000
1377629,11647912712601,btc_qm_engine,btc_leading_zeros,0.0000000000
1377630,11647912712913,btc_qm_engine,btc_leading_zeros,0.0000000000
1377631,11647912713126,btc_qm_engine,btc_sha256_elapsed_ns,1134.0000000000
1377632,11647912713622,btc_qm_engine,btc_sha256_nonce,2991236639.0000000000
1377633,11647912713737,btc_qm_engine,btc_leading_zeros,1.0000000000
1377634,11647912713817,btc_qm_engine,btc_sha256_elapsed_ns,968.0000000000
1377635,11647912713887,btc_qm_engine,btc_sha256_nonce,978602559.0000000000
1377636,11647912714301,btc_qm_engine,btc_leading_zeros,8.0000000000
1377637,11647912714391,btc_qm_engine,btc_sha256_nonce,3886918857.0000000000
1377638,11647912714918,btc_qm_engine,btc_leading_zeros,0.0000000000
1377639,11647912715066,btc_qm_engine,btc_sha256_nonce,1791922667.0000000000
1377640,11647912715324,btc_qm_engine,btc_sha256_nonce,2745007007.0000000000
1377641,11647912715936,btc_qm_engine,btc_sha256_elapsed_ns,1062.0000000000
1377642,11647912716099,btc_qm_engine,btc_sha256_elapsed_ns,1020.0000000000
1377643,11647912716175,btc_qm_engine,btc_leading_zeros,2.0000000000
1377644,11647912716329,btc_qm_engine,btc_leading_zeros,0.0000000000
1377645,11647912716399,btc_qm_engine,btc_sha256_elapsed_ns,1064.0000000000
1377646,11647912716546,btc_qm_engine,btc_sha256_elapsed_ns,984.0000000000
1377647,11647912717335,btc_qm_engine,btc_sha256_nonce,4068385562.0000000000
1377648,11647912717429,btc_qm_engine,btc_leading_zeros,0.0000000000
1377649,11647912717505,btc_qm_engine,btc_sha256_elapsed_ns,1063.0000000000
1377650,11647912717619,btc_qm_engine,btc_sha256_elapsed_ns,1088.0000000000
1377651,11647912717894,btc_qm_engine,btc_sha256_nonce,2697397920.0000000000
1377652,11647912717969,btc_qm_engine,btc_leading_zeros,0.0000000000
1377653,11647912718038,btc_qm_engine,btc_sha256_elapsed_ns,1080.0000000000
1377654,11647912718103,btc_qm_engine,btc_sha256_nonce,946008241.0000000000
1377655,11647912718787,btc_qm_engine,btc_sha256_elapsed_ns,1024.0000000000
1377656,11647912719121,btc_qm_engine,btc_sha256_nonce,1793066091.0000000000
1377657,11647912719224,btc_qm_engine,btc_leading_zeros,0.0000000000
1377658,11647912719315,btc_qm_engine,btc_sha256_nonce,3886169912.0000000000
1377659,11647912719755,btc_qm_engine,btc_sha256_elapsed_ns,833.0000000000
1377660,11647912720234,btc_qm_engine,btc_sha256_elapsed_ns,1064.0000000000
1377661,11647912720477,btc_qm_engine,btc_sha256_nonce,3020091332.0000000000
1377662,11647912720638,btc_qm_engine,btc_leading_zeros,0.0000000000
1377663,11647912720904,btc_qm_engine,btc_sha256_elapsed_ns,844.0000000000
1377664,11647912721088,btc_qm_engine,btc_leading_zeros,1.0000000000
1377665,11647912721369,btc_qm_engine,btc_sha256_nonce,899269238.0000000000
1377666,11647912721440,btc_qm_engine,btc_leading_zeros,0.0000000000
1377667,11647912721504,btc_qm_engine,btc_sha256_elapsed_ns,990.0000000000
1377668,11647912721884,btc_qm_engine,btc_sha256_nonce,2038432493.0000000000
1377669,11647912722068,btc_qm_engine,btc_sha256_nonce,3825573311.0000000000
1377670,11647912722143,btc_qm_engine,btc_leading_zeros,4.0000000000
1377671,11647912722241,btc_qm_engine,btc_sha256_elapsed_ns,1138.0000000000
1377672,11647912722470,btc_qm_engine,btc_leading_zeros,4.0000000000
1377673,11647912722795,btc_qm_engine,btc_sha256_elapsed_ns,1105.0000000000
1377674,11647912723065,btc_qm_engine,btc_leading_zeros,1.0000000000
1377675,11647912723207,btc_qm_engine,btc_sha256_nonce,205625758.0000000000
1377676,11647912723525,btc_qm_engine,btc_sha256_nonce,2896929194.0000000000
1377677,11647912723669,btc_qm_engine,btc_sha256_elapsed_ns,958.0000000000
1377678,11647912724044,btc_qm_engine,btc_sha256_nonce,2905893693.0000000000
1377679,11647912724319,btc_qm_engine,btc_sha256_nonce,3999878498.0000000000
1377680,11647912724451,btc_qm_engine,btc_leading_zeros,1.0000000000
1377681,11647912725062,btc_qm_engine,btc_sha256_nonce,3886943768.0000000000
1377682,11647912725217,btc_qm_engine,btc_sha256_elapsed_ns,943.0000000000
1377683,11647912725311,btc_qm_engine,btc_leading_zeros,1.0000000000
1377684,11647912725427,btc_qm_engine,btc_leading_zeros,2.0000000000
1377685,11647912725541,btc_qm_engine,btc_leading_zeros,1.0000000000
1377686,11647912725723,btc_qm_engine,btc_sha256_elapsed_ns,1104.0000000000
1377687,11647912725883,btc_qm_engine,btc_sha256_nonce,4067783812.0000000000
1377688,11647912726075,btc_qm_engine,btc_sha256_elapsed_ns,1002.0000000000
1377689,11647912726522,btc_qm_engine,btc_sha256_nonce,2909908146.0000000000
1377690,11647912726606,btc_qm_engine,btc_leading_zeros,0.0000000000
1377691,11647912726759,btc_qm_engine,btc_leading_zeros,1.0000000000
1377692,11647912726917,btc_qm_engine,btc_leading_zeros,0.0000000000
1377693,11647912727200,btc_qm_engine,btc_sha256_elapsed_ns,1080.0000000000
1377694,11647912727418,btc_qm_engine,btc_sha256_nonce,1792651465.0000000000
1377695,11647912727553,btc_qm_engine,btc_leading_zeros,4.0000000000
1377696,11647912727812,btc_qm_engine,btc_sha256_elapsed_ns,1101.0000000000
1377697,11647912728639,btc_qm_engine,btc_sha256_elapsed_ns,746.0000000000
1377698,11647912729109,btc_qm_engine,btc_sha256_nonce,915800121.0000000000
1377699,11647912729188,btc_qm_engine,btc_leading_zeros,1.0000000000
1377700,11647912729252,btc_qm_engine,btc_sha256_elapsed_ns,1063.0000000000
1377701,11647912729760,btc_qm_engine,btc_sha256_nonce,1980562199.0000000000
1377702,11647912729958,btc_qm_engine,btc_sha256_nonce,4292723414.0000000000
1377703,11647912730183,btc_qm_engine,btc_sha256_nonce,1257475995.0000000000
1377704,11647912730301,btc_qm_engine,btc_leading_zeros,0.0000000000
1377705,11647912730356,btc_qm_engine,btc_sha256_elapsed_ns,1022.0000000000
1377706,11647912730538,btc_qm_engine,btc_sha256_elapsed_ns,1020.0000000000
1377707,11647912731255,btc_qm_engine,btc_sha256_nonce,4067915265.0000000000
1377708,11647912731720,btc_qm_engine,btc_sha256_elapsed_ns,973.0000000000
1377709,11647912732235,btc_qm_engine,btc_sha256_nonce,4177396376.0000000000
1377710,11647912732584,btc_qm_engine,btc_leading_zeros,0.0000000000
1377711,11647912732646,btc_qm_engine,btc_sha256_elapsed_ns,915.0000000000
1377712,11647912733120,btc_qm_engine,btc_sha256_nonce,1737829494.0000000000
1377713,11647912733196,btc_qm_engine,btc_leading_zeros,2.0000000000
1377714,11647912733303,btc_qm_engine,btc_sha256_elapsed_ns,960.0000000000
1377715,11647912733839,btc_qm_engine,btc_sha256_nonce,869536620.0000000000
1377716,11647912733968,btc_qm_engine,btc_sha256_elapsed_ns,985.0000000000
1377717,11647912734191,btc_qm_engine,btc_leading_zeros,0.0000000000
1377718,11647912734335,btc_qm_engine,btc_sha256_elapsed_ns,1113.0000000000
1377719,11647912734404,btc_qm_engine,btc_leading_zeros,0.0000000000
1377720,11647912734844,btc_qm_engine,btc_sha256_elapsed_ns,978.0000000000
1377721,11647912735407,btc_qm_engine,btc_sha256_nonce,1688852033.0000000000
1377722,11647912735535,btc_qm_engine,btc_sha256_nonce,671177460.0000000000
1377723,11647912735709,btc_qm_engine,btc_leading_zeros,1.0000000000
1377724,11647912735907,btc_qm_engine,btc_leading_zeros,0.0000000000
1377725,11647912735989,btc_qm_engine,btc_sha256_elapsed_ns,909.0000000000
1377726,11647912736539,btc_qm_engine,btc_leading_zeros,1.0000000000
1377727,11647912736679,btc_qm_engine,btc_sha256_nonce,819670794.0000000000
1377728,11647912736768,btc_qm_engine,btc_leading_zeros,4.0000000000
1377729,11647912737297,btc_qm_engine,btc_sha256_nonce,1039524897.0000000000
1377730,11647912737430,btc_qm_engine,btc_sha256_nonce,3826107294.0000000000
1377731,11647912737716,btc_qm_engine,btc_leading_zeros,0.0000000000
1377732,11647912737912,btc_qm_engine,btc_sha256_nonce,2884694150.0000000000
1377733,11647912738489,btc_qm_engine,btc_leading_zeros,0.0000000000
1377734,11647912738827,btc_qm_engine,btc_sha256_elapsed_ns,807.0000000000
1377735,11647912739171,btc_qm_engine,btc_sha256_elapsed_ns,1096.0000000000
1377736,11647912739338,btc_qm_engine,btc_sha256_elapsed_ns,881.0000000000
1377737,11647912739581,btc_qm_engine,btc_leading_zeros,0.0000000000
1377738,11647912739957,btc_qm_engine,btc_sha256_elapsed_ns,1100.0000000000
1377739,11647912740129,btc_qm_engine,btc_sha256_nonce,2627435586.0000000000
1377740,11647912740203,btc_qm_engine,btc_leading_zeros,0.0000000000
1377741,11647912740260,btc_qm_engine,btc_sha256_elapsed_ns,764.0000000000
1377742,11647912740632,btc_qm_engine,btc_sha256_nonce,675350333.0000000000
1377743,11647912740709,btc_qm_engine,btc_leading_zeros,1.0000000000
1377744,11647912740881,btc_qm_engine,btc_sha256_nonce,1886367654.0000000000
1377745,11647912741135,btc_qm_engine,btc_leading_zeros,0.0000000000
1377746,11647912741381,btc_qm_engine,btc_sha256_elapsed_ns,1104.0000000000
1377747,11647912741842,btc_qm_engine,btc_sha256_nonce,4032431114.0000000000
1377748,11647912747688,btc_qm_engine,btc_leading_zeros,0.0000000000
1377749,11647912748330,btc_qm_engine,btc_leading_zeros,0.0000000000
1377750,11647912748579,btc_qm_engine,btc_sha256_elapsed_ns,984.0000000000
1377751,11647912749215,btc_qm_engine,btc_sha256_elapsed_ns,1064.0000000000
1377752,11647912749551,btc_qm_engine,btc_sha256_nonce,3456462823.0000000000
1377753,11647912749616,btc_qm_engine,btc_leading_zeros,0.0000000000
1377754,11647912749671,btc_qm_engine,btc_sha256_elapsed_ns,757.0000000000
1377755,11647912750571,btc_qm_engine,btc_sha256_nonce,3090801547.0000000000
1377756,11647912750779,btc_qm_engine,btc_leading_zeros,0.0000000000
1377757,11647912751001,btc_qm_engine,btc_sha256_elapsed_ns,1059.0000000000
1377758,11647912751695,btc_qm_engine,btc_sha256_nonce,419632888.0000000000
1377759,11647912752600,btc_qm_engine,btc_leading_zeros,0.0000000000
1377760,11647912752666,btc_qm_engine,btc_sha256_elapsed_ns,928.0000000000
1377761,11647912753339,btc_qm_engine,btc_sha256_nonce,4044935919.0000000000
1377762,11647912753417,btc_qm_engine,btc_leading_zeros,4.0000000000
1377763,11647912753467,btc_qm_engine,btc_sha256_elapsed_ns,985.0000000000
1377764,11647912754231,btc_qm_engine,btc_sha256_elapsed_ns,1016.0000000000
1377765,11647912754559,btc_qm_engine,btc_sha256_nonce,2584066248.0000000000
1377766,11647912754716,btc_qm_engine,btc_sha256_elapsed_ns,956.0000000000
1377767,11647912754887,btc_qm_engine,btc_sha256_elapsed_ns,1078.0000000000
1377768,11647912755453,btc_qm_engine,btc_sha256_nonce,2745329268.0000000000
1377769,11647912755969,btc_qm_engine,btc_sha256_nonce,2023727814.0000000000
1377770,11647912756259,btc_qm_engine,btc_leading_zeros,0.0000000000
1377771,11647912756467,btc_qm_engine,btc_sha256_nonce,2342919907.0000000000
1377772,11647912756584,btc_qm_engine,btc_sha256_nonce,3690968423.0000000000
1377773,11647912756731,btc_qm_engine,btc_sha256_nonce,4068089760.0000000000
1377774,11647912756817,btc_qm_engine,btc_leading_zeros,2.0000000000
1377775,11647912756884,btc_qm_engine,btc_sha256_elapsed_ns,1063.0000000000
1377776,11647912756995,btc_qm_engine,btc_leading_zeros,0.0000000000
1377777,11647912757175,btc_qm_engine,btc_leading_zeros,1.0000000000
1377778,11647912757333,btc_qm_engine,btc_sha256_elapsed_ns,932.0000000000
1377779,11647912757696,btc_qm_engine,btc_leading_zeros,0.0000000000
1377780,11647912757902,btc_qm_engine,btc_sha256_elapsed_ns,1046.0000000000
1377781,11647912758161,btc_qm_engine,btc_sha256_elapsed_ns,1045.0000000000
1377782,11647912758325,btc_qm_engine,btc_sha256_nonce,2806190419.0000000000
1377783,11647912758697,btc_qm_engine,btc_sha256_elapsed_ns,1130.0000000000
1377784,11647912758828,btc_qm_engine,btc_sha256_nonce,2493660443.0000000000
1377785,11647912759150,btc_qm_engine,btc_sha256_nonce,1063487338.0000000000
1377786,11647912759233,btc_qm_engine,btc_leading_zeros,0.0000000000
1377787,11647912759491,btc_qm_engine,btc_sha256_nonce,1684430986.0000000000
1377788,11647912759606,btc_qm_engine,btc_leading_zeros,0.0000000000
1377789,11647912759690,btc_qm_engine,btc_sha256_elapsed_ns,1032.0000000000
1377790,11647912759820,btc_qm_engine,btc_sha256_nonce,2627974279.0000000000
1377791,11647912759896,btc_qm_engine,btc_leading_zeros,0.0000000000
1377792,11647912760112,btc_qm_engine,btc_sha256_elapsed_ns,1002.0000000000
1377793,11647912760633,btc_qm_engine,btc_sha256_elapsed_ns,1007.0000000000
1377794,11647912760783,btc_qm_engine,btc_sha256_elapsed_ns,868.0000000000
1377795,11647912760965,btc_qm_engine,btc_sha256_nonce,2091286422.0000000000
1377796,11647912761209,btc_qm_engine,btc_leading_zeros,0.0000000000
1377797,11647912761350,btc_qm_engine,btc_leading_zeros,0.0000000000
1377798,11647912761429,btc_qm_engine,btc_sha256_elapsed_ns,946.0000000000
1377799,11647912761685,btc_qm_engine,btc_sha256_elapsed_ns,1033.0000000000
1377800,11647912761857,btc_qm_engine,btc_leading_zeros,0.0000000000
1377801,11647912761948,btc_qm_engine,btc_sha256_elapsed_ns,756.0000000000
1377802,11647912762074,btc_qm_engine,btc_sha256_nonce,3585364049.0000000000
1377803,11647912762146,btc_qm_engine,btc_leading_zeros,0.0000000000
1377804,11647912762393,btc_qm_engine,btc_sha256_nonce,2020087913.0000000000
1377805,11647912762729,btc_qm_engine,btc_sha256_nonce,1221282948.0000000000
1377806,11647912762810,btc_qm_engine,btc_leading_zeros,0.0000000000
1377807,11647912762890,btc_qm_engine,btc_sha256_elapsed_ns,1057.0000000000
1377808,11647912763067,btc_qm_engine,btc_sha256_nonce,1891458398.0000000000
1377809,11647912763315,btc_qm_engine,btc_sha256_elapsed_ns,1039.0000000000
1377810,11647912763405,btc_qm_engine,btc_sha256_nonce,1677956673.0000000000
1377811,11647912764090,btc_qm_engine,btc_leading_zeros,1.0000000000
1377812,11647912764300,btc_qm_engine,btc_leading_zeros,2.0000000000
1377813,11647912764369,btc_qm_engine,btc_sha256_elapsed_ns,934.0000000000
1377814,11647912764519,btc_qm_engine,btc_leading_zeros,0.0000000000
1377815,11647912764916,btc_qm_engine,btc_leading_zeros,0.0000000000
1377816,11647912765270,btc_qm_engine,btc_sha256_elapsed_ns,996.0000000000
1377817,11647912765397,btc_qm_engine,btc_sha256_nonce,3479619304.0000000000
1377818,11647912765468,btc_qm_engine,btc_leading_zeros,0.0000000000
1377819,11647912765636,btc_qm_engine,btc_sha256_elapsed_ns,1080.0000000000
1377820,11647912765844,btc_qm_engine,btc_sha256_elapsed_ns,851.0000000000
1377821,11647912766363,btc_qm_engine,btc_sha256_nonce,2237575727.0000000000
1377822,11647912766637,btc_qm_engine,btc_leading_zeros,0.0000000000
1377823,11647912766853,btc_qm_engine,btc_sha256_nonce,2866436779.0000000000
1377824,11647912767022,btc_qm_engine,btc_sha256_nonce,1020554422.0000000000
1377825,11647912767095,btc_qm_engine,btc_leading_zeros,0.0000000000
1377826,11647912767163,btc_qm_engine,btc_sha256_elapsed_ns,1064.0000000000
1377827,11647912767386,btc_qm_engine,btc_sha256_elapsed_ns,1083.0000000000
1377828,11647912767516,btc_qm_engine,btc_sha256_nonce,2141132733.0000000000
1377829,11647912767686,btc_qm_engine,btc_leading_zeros,0.0000000000
1377830,11647912767769,btc_qm_engine,btc_sha256_elapsed_ns,1026.0000000000
1377831,11647912767906,btc_qm_engine,btc_leading_zeros,0.0000000000
1377832,11647912768349,btc_qm_engine,btc_sha256_nonce,376677323.0000000000
1377833,11647912768504,btc_qm_engine,btc_sha256_nonce,170282620.0000000000
1377834,11647912768585,btc_qm_engine,btc_leading_zeros,1.0000000000
1377835,11647912768679,btc_qm_engine,btc_sha256_elapsed_ns,1079.0000000000
1377836,11647912768891,btc_qm_engine,btc_leading_zeros,0.0000000000
1377837,11647912768976,btc_qm_engine,btc_sha256_nonce,4290196247.0000000000
1377838,11647912769499,btc_qm_engine,btc_sha256_nonce,1809739906.0000000000
1377839,11647912770074,btc_qm_engine,btc_leading_zeros,0.0000000000
1377840,11647912770227,btc_qm_engine,btc_sha256_elapsed_ns,1074.0000000000
1377841,11647912770500,btc_qm_engine,btc_sha256_elapsed_ns,979.0000000000
1377842,11647912770640,btc_qm_engine,btc_sha256_elapsed_ns,979.0000000000
1377843,11647912770778,btc_qm_engine,btc_leading_zeros,1.0000000000
1377844,11647912770945,btc_qm_engine,btc_sha256_elapsed_ns,1079.0000000000
1377845,11647912771118,btc_qm_engine,btc_sha256_elapsed_ns,902.0000000000
1377846,11647912771685,btc_qm_engine,btc_sha256_nonce,1280932864.0000000000
1377847,11647912771764,btc_qm_engine,btc_leading_zeros,2.0000000000
1377848,11647912771837,btc_qm_engine,btc_sha256_elapsed_ns,936.0000000000
1377849,11647912772245,btc_qm_engine,btc_sha256_nonce,3139731103.0000000000
1377850,11647912772478,btc_qm_engine,btc_leading_zeros,1.0000000000
1377851,11647912772685,btc_qm_engine,btc_sha256_nonce,472398299.0000000000
1377852,11647912773032,btc_qm_engine,btc_sha256_nonce,539915130.0000000000
1377853,11647912773187,btc_qm_engine,btc_sha256_nonce,183610725.0000000000
1377854,11647912773824,btc_qm_engine,btc_sha256_nonce,1589966852.0000000000
1377855,11647912774067,btc_qm_engine,btc_leading_zeros,2.0000000000
1377856,11647912774272,btc_qm_engine,btc_leading_zeros,0.0000000000
1377857,11647912774364,btc_qm_engine,btc_sha256_elapsed_ns,907.0000000000
1377858,11647912774503,btc_qm_engine,btc_leading_zeros,0.0000000000
1377859,11647912774650,btc_qm_engine,btc_sha256_elapsed_ns,1006.0000000000
1377860,11647912774924,btc_qm_engine,btc_sha256_elapsed_ns,1094.0000000000
1377861,11647912775174,btc_qm_engine,btc_sha256_elapsed_ns,1033.0000000000
1377862,11647912775549,btc_qm_engine,btc_sha256_nonce,1393824277.0000000000
1377863,11647912775624,btc_qm_engine,btc_leading_zeros,1.0000000000
1377864,11647912775699,btc_qm_engine,btc_sha256_elapsed_ns,965.0000000000
1377865,11647912775942,btc_qm_engine,btc_sha256_nonce,1049506769.0000000000
1377866,11647912776042,btc_qm_engine,btc_leading_zeros,4.0000000000
1377867,11647912776136,btc_qm_engine,btc_sha256_elapsed_ns,1027.0000000000
1377868,11647912776243,btc_qm_engine,btc_sha256_nonce,2744645810.0000000000
1377869,11647912776316,btc_qm_engine,btc_leading_zeros,0.0000000000
1377870,11647912776388,btc_qm_engine,btc_sha256_elapsed_ns,1016.0000000000
1377871,11647912776591,btc_qm_engine,btc_sha256_nonce,2628040794.0000000000
1377872,11647912776673,btc_qm_engine,btc_leading_zeros,0.0000000000
1377873,11647912776746,btc_qm_engine,btc_sha256_elapsed_ns,1134.0000000000
1377874,11647912776983,btc_qm_engine,btc_sha256_nonce,889048847.0000000000
1377875,11647912777196,btc_qm_engine,btc_leading_zeros,0.0000000000
1377876,11647912777424,btc_qm_engine,btc_sha256_nonce,617485697.0000000000
1377877,11647912777530,btc_qm_engine,btc_leading_zeros,0.0000000000
1377878,11647912777602,btc_qm_engine,btc_sha256_nonce,2011850976.0000000000
1377879,11647912777821,btc_qm_engine,btc_sha256_nonce,2745071520.0000000000
1377880,11647912778059,btc_qm_engine,btc_sha256_nonce,925159870.0000000000
1377881,11647912778328,btc_qm_engine,btc_leading_zeros,0.0000000000
1377882,11647912778446,btc_qm_engine,btc_sha256_elapsed_ns,1088.0000000000
1377883,11647912778806,btc_qm_engine,btc_sha256_elapsed_ns,1030.0000000000
1377884,11647912779817,btc_qm_engine,btc_sha256_nonce,449335190.0000000000
1377885,11647912780356,btc_qm_engine,btc_leading_zeros,1.0000000000
1377886,11647912780825,btc_qm_engine,btc_sha256_nonce,4036353537.0000000000
1377887,11647912780981,btc_qm_engine,btc_leading_zeros,0.0000000000
1377888,11647912781053,btc_qm_engine,btc_sha256_elapsed_ns,1006.0000000000
1377889,11647912781306,btc_qm_engine,btc_leading_zeros,0.0000000000
1377890,11647912781670,btc_qm_engine,btc_sha256_nonce,2789687033.0000000000
1377891,11647912781830,btc_qm_engine,btc_sha256_elapsed_ns,760.0000000000
1377892,11647912782003,btc_qm_engine,btc_leading_zeros,0.0000000000
1377893,11647912782075,btc_qm_engine,btc_sha256_elapsed_ns,965.0000000000
1377894,11647912782336,btc_qm_engine,btc_sha256_nonce,150181554.0000000000
1377895,11647912782417,btc_qm_engine,btc_leading_zeros,2.0000000000
1377896,11647912782487,btc_qm_engine,btc_sha256_elapsed_ns,1021.0000000000
1377897,11647912783210,btc_qm_engine,btc_sha256_nonce,1288435734.0000000000
1377898,11647912783291,btc_qm_engine,btc_leading_zeros,0.0000000000
1377899,11647912783381,btc_qm_engine,btc_sha256_nonce,2545367449.0000000000
1377900,11647912783505,btc_qm_engine,btc_sha256_elapsed_ns,1079.0000000000
1377901,11647912783777,btc_qm_engine,btc_sha256_elapsed_ns,1107.0000000000
1377902,11647912783971,btc_qm_engine,btc_sha256_nonce,2043995621.0000000000
1377903,11647912784257,btc_qm_engine,btc_leading_zeros,1.0000000000
1377904,11647912784414,btc_qm_engine,btc_sha256_elapsed_ns,1079.0000000000
1377905,11647912784652,btc_qm_engine,btc_sha256_elapsed_ns,1086.0000000000
1377906,11647912784897,btc_qm_engine,btc_sha256_nonce,2745232859.0000000000
1377907,11647912785188,btc_qm_engine,btc_leading_zeros,1.0000000000
1377908,11647912785352,btc_qm_engine,btc_leading_zeros,2.0000000000
1377909,11647912785569,btc_qm_engine,btc_sha256_elapsed_ns,1058.0000000000
1377910,11647912785902,btc_qm_engine,btc_sha256_nonce,1792204126.0000000000
1377911,11647912785986,btc_qm_engine,btc_leading_zeros,1.0000000000
1377912,11647912786065,btc_qm_engine,btc_sha256_nonce,1327642290.0000000000
1377913,11647912786289,btc_qm_engine,btc_sha256_nonce,1303140617.0000000000
1377914,11647912786360,btc_qm_engine,btc_leading_zeros,0.0000000000
1377915,11647912786620,btc_qm_engine,btc_leading_zeros,0.0000000000
1377916,11647912787013,btc_qm_engine,btc_sha256_elapsed_ns,896.0000000000
1377917,11647912787177,btc_qm_engine,btc_sha256_elapsed_ns,935.0000000000
1377918,11647912787401,btc_qm_engine,btc_sha256_nonce,3797374623.0000000000
1377919,11647912787483,btc_qm_engine,btc_leading_zeros,0.0000000000
1377920,11647912787543,btc_qm_engine,btc_sha256_elapsed_ns,1072.0000000000
1377921,11647912787793,btc_qm_engine,btc_sha256_elapsed_ns,1116.0000000000
1377922,11647912788811,btc_qm_engine,btc_sha256_nonce,2745278407.0000000000
1377923,11647912788963,btc_qm_engine,btc_leading_zeros,3.0000000000
1377924,11647912789242,btc_qm_engine,btc_sha256_nonce,2390946756.0000000000
1377925,11647912789317,btc_qm_engine,btc_sha256_nonce,1631216370.0000000000
1377926,11647912789687,btc_qm_engine,btc_leading_zeros,0.0000000000
1377927,11647912789864,btc_qm_engine,btc_sha256_elapsed_ns,1097.0000000000
1377928,11647912790054,btc_qm_engine,btc_leading_zeros,0.0000000000
1377929,11647912790552,btc_qm_engine,btc_sha256_nonce,1409742151.0000000000
1377930,11647912790919,btc_qm_engine,btc_sha256_elapsed_ns,1059.0000000000
1377931,11647912791282,btc_qm_engine,btc_sha256_nonce,2864538940.0000000000
1377932,11647912791367,btc_qm_engine,btc_leading_zeros,0.0000000000
1377933,11647912791440,btc_qm_engine,btc_sha256_elapsed_ns,1100.0000000000
1377934,11647912791925,btc_qm_engine,btc_sha256_elapsed_ns,1042.0000000000
1377935,11647912792757,btc_qm_engine,btc_sha256_nonce,2665339095.0000000000
1377936,11647912792837,btc_qm_engine,btc_leading_zeros,1.0000000000
1377937,11647912793020,btc_qm_engine,btc_sha256_nonce,904936280.0000000000
1377938,11647912793395,btc_qm_engine,btc_leading_zeros,0.0000000000
1377939,11647912793792,btc_qm_engine,btc_sha256_nonce,2445022445.0000000000
1377940,11647912793874,btc_qm_engine,btc_leading_zeros,3.0000000000
1377941,11647912794360,btc_qm_engine,btc_sha256_nonce,1587548668.0000000000
1377942,11647912794544,btc_qm_engine,btc_sha256_elapsed_ns,1123.0000000000
1377943,11647912794861,btc_qm_engine,btc_leading_zeros,4.0000000000
1377944,11647912795050,btc_qm_engine,btc_leading_zeros,3.0000000000
1377945,11647912795423,btc_qm_engine,btc_sha256_elapsed_ns,1059.0000000000
1377946,11647912795612,btc_qm_engine,btc_sha256_elapsed_ns,1093.0000000000
1377947,11647912795834,btc_qm_engine,btc_sha256_nonce,2058127723.0000000000
1377948,11647912796443,btc_qm_engine,btc_leading_zeros,2.0000000000
1377949,11647912797010,btc_qm_engine,btc_sha256_nonce,1792736825.0000000000
1377950,11647912797167,btc_qm_engine,btc_leading_zeros,4.0000000000
1377951,11647912797605,btc_qm_engine,btc_sha256_elapsed_ns,1074.0000000000
1377952,11647912798178,btc_qm_engine,btc_sha256_elapsed_ns,940.0000000000
1377953,11647912798337,btc_qm_engine,btc_sha256_elapsed_ns,740.0000000000
1377954,11647912799310,btc_qm_engine,btc_sha256_elapsed_ns,1089.0000000000
1377955,11647912800465,btc_qm_engine,btc_sha256_nonce,2744404192.0000000000
1377956,11647912800548,btc_qm_engine,btc_leading_zeros,3.0000000000
1377957,11647912800651,btc_qm_engine,btc_sha256_elapsed_ns,1114.0000000000
1377958,11647912800802,btc_qm_engine,btc_leading_zeros,0.0000000000
1377959,11647912801016,btc_qm_engine,btc_sha256_nonce,11165259.0000000000
1377960,11647912801202,btc_qm_engine,btc_sha256_elapsed_ns,1104.0000000000
1377961,11647912801509,btc_qm_engine,btc_sha256_nonce,1375300473.0000000000
1377962,11647912801632,btc_qm_engine,btc_leading_zeros,0.0000000000
1377963,11647912801713,btc_qm_engine,btc_sha256_elapsed_ns,1089.0000000000
1377964,11647912801910,btc_qm_engine,btc_leading_zeros,1.0000000000
1377965,11647912802124,btc_qm_engine,btc_sha256_nonce,2137206060.0000000000
1377966,11647912802398,btc_qm_engine,btc_sha256_elapsed_ns,988.0000000000
1377967,11647912802872,btc_qm_engine,btc_sha256_nonce,2436458489.0000000000
1377968,11647912803088,btc_qm_engine,btc_sha256_nonce,2538742279.0000000000
1377969,11647912803160,btc_qm_engine,btc_leading_zeros,4.0000000000
1377970,11647912803961,btc_qm_engine,btc_sha256_nonce,881576002.0000000000
1377971,11647912804329,btc_qm_engine,btc_leading_zeros,0.0000000000
1377972,11647912804405,btc_qm_engine,btc_sha256_elapsed_ns,929.0000000000
1377973,11647912804814,btc_qm_engine,btc_leading_zeros,0.0000000000
1377974,11647912804953,btc_qm_engine,btc_sha256_elapsed_ns,1033.0000000000
1377975,11647912805285,btc_qm_engine,btc_sha256_nonce,3159498464.0000000000
1377976,11647912805363,btc_qm_engine,btc_leading_zeros,0.0000000000
1377977,11647912805435,btc_qm_engine,btc_sha256_elapsed_ns,1116.0000000000
1377978,11647912805711,btc_qm_engine,btc_sha256_elapsed_ns,1096.0000000000
1377979,11647912806251,btc_qm_engine,btc_sha256_nonce,2965529292.0000000000
1377980,11647912806408,btc_qm_engine,btc_sha256_nonce,2463200608.0000000000
1377981,11647912806484,btc_qm_engine,btc_leading_zeros,0.0000000000
1377982,11647912806556,btc_qm_engine,btc_sha256_elapsed_ns,1125.0000000000
1377983,11647912806702,btc_qm_engine,btc_leading_zeros,2.0000000000
1377984,11647912807056,btc_qm_engine,btc_leading_zeros,4.0000000000
1377985,11647912807461,btc_qm_engine,btc_sha256_nonce,1221329548.0000000000
1377986,11647912807539,btc_qm_engine,btc_leading_zeros,0.0000000000
1377987,11647912807754,btc_qm_engine,btc_sha256_elapsed_ns,974.0000000000
1377988,11647912807965,btc_qm_engine,btc_sha256_nonce,848891413.0000000000
1377989,11647912808294,btc_qm_engine,btc_sha256_nonce,3826052429.0000000000
1377990,11647912808460,btc_qm_engine,btc_leading_zeros,0.0000000000
1377991,11647912808540,btc_qm_engine,btc_sha256_elapsed_ns,1038.0000000000
1377992,11647912808914,btc_qm_engine,btc_sha256_elapsed_ns,1094.0000000000
1377993,11647912809042,btc_qm_engine,btc_sha256_nonce,1791832913.0000000000
1377994,11647912809499,btc_qm_engine,btc_leading_zeros,1.0000000000
1377995,11647912809553,btc_qm_engine,btc_sha256_elapsed_ns,961.0000000000
1377996,11647912809717,btc_qm_engine,btc_leading_zeros,1.0000000000
1377997,11647912809846,btc_qm_engine,btc_sha256_nonce,1211479355.0000000000
1377998,11647912809924,btc_qm_engine,btc_leading_zeros,0.0000000000
1377999,11647912810171,btc_qm_engine,btc_sha256_elapsed_ns,1004.0000000000
1378000,11647912810336,btc_qm_engine,btc_sha256_elapsed_ns,944.0000000000
1378001,11647912810590,btc_qm_engine,btc_sha256_nonce,122181347.0000000000
1378002,11647912811004,btc_qm_engine,btc_leading_zeros,0.0000000000
1378003,11647912811460,btc_qm_engine,btc_sha256_elapsed_ns,1023.0000000000
1378004,11647912811551,btc_qm_engine,btc_sha256_nonce,1792242302.0000000000
1378005,11647912811666,btc_qm_engine,btc_sha256_elapsed_ns,959.0000000000
1378006,11647912811828,btc_qm_engine,btc_sha256_nonce,4157566768.0000000000
1378007,11647912812355,btc_qm_engine,btc_leading_zeros,0.0000000000
1378008,11647912812483,btc_qm_engine,btc_leading_zeros,0.0000000000
1378009,11647912812567,btc_qm_engine,btc_sha256_elapsed_ns,1084.0000000000
1378010,11647912812766,btc_qm_engine,btc_sha256_nonce,4068489666.0000000000
1378011,11647912812999,btc_qm_engine,btc_sha256_elapsed_ns,816.0000000000
1378012,11647912813503,btc_qm_engine,btc_leading_zeros,1.0000000000
1378013,11647912813593,btc_qm_engine,btc_sha256_nonce,3630586675.0000000000
1378014,11647912813886,btc_qm_engine,btc_sha256_elapsed_ns,792.0000000000
1378015,11647912814107,btc_qm_engine,btc_leading_zeros,2.0000000000
1378016,11647912814518,btc_qm_engine,btc_sha256_nonce,2532297538.0000000000
1378017,11647912814886,btc_qm_engine,btc_sha256_elapsed_ns,1001.0000000000
1378018,11647912815120,btc_qm_engine,btc_sha256_nonce,1918764053.0000000000
1378019,11647912815548,btc_qm_engine,btc_leading_zeros,1.0000000000
1378020,11647912816036,btc_qm_engine,btc_leading_zeros,0.0000000000
1378021,11647912816207,btc_qm_engine,btc_sha256_elapsed_ns,1035.0000000000
1378022,11647912816796,btc_qm_engine,btc_sha256_nonce,1829733272.0000000000
1378023,11647912816917,btc_qm_engine,btc_sha256_nonce,3530494579.0000000000
1378024,11647912817155,btc_qm_engine,btc_leading_zeros,0.0000000000
1378025,11647912817226,btc_qm_engine,btc_sha256_elapsed_ns,1005.0000000000
1378026,11647912817615,btc_qm_engine,btc_leading_zeros,2.0000000000
1378027,11647912817940,btc_qm_engine,btc_sha256_elapsed_ns,1055.0000000000
1378028,11647912818315,btc_qm_engine,btc_sha256_nonce,2863699225.0000000000
1378029,11647912818381,btc_qm_engine,btc_leading_zeros,4.0000000000
1378030,11647912818458,btc_qm_engine,btc_sha256_elapsed_ns,1059.0000000000
1378031,11647912818560,btc_qm_engine,btc_sha256_elapsed_ns,1014.0000000000
1378032,11647912818889,btc_qm_engine,btc_sha256_nonce,1632095658.0000000000
1378033,11647912823179,btc_qm_engine,btc_leading_zeros,1.0000000000
1378034,11647912823869,btc_qm_engine,btc_sha256_elapsed_ns,1113.0000000000
1378035,11647912825054,btc_qm_engine,btc_sha256_nonce,1088431648.0000000000
1378036,11647912825123,btc_qm_engine,btc_leading_zeros,0.0000000000
1378037,11647912825194,btc_qm_engine,btc_sha256_elapsed_ns,992.0000000000
1378038,11647912826478,btc_qm_engine,btc_sha256_nonce,1733952646.0000000000
1378039,11647912826550,btc_qm_engine,btc_leading_zeros,0.0000000000
1378040,11647912826628,btc_qm_engine,btc_sha256_elapsed_ns,1074.0000000000
1378041,11647912826851,btc_qm_engine,btc_sha256_nonce,1369335191.0000000000
1378042,11647912827397,btc_qm_engine,btc_sha256_nonce,4009438006.0000000000
1378043,11647912827738,btc_qm_engine,btc_leading_zeros,0.0000000000
1378044,11647912827869,btc_qm_engine,btc_sha256_nonce,2391010322.0000000000
1378045,11647912828432,btc_qm_engine,btc_leading_zeros,3.0000000000
1378046,11647912828755,btc_qm_engine,btc_sha256_elapsed_ns,1102.0000000000
1378047,11647912829315,btc_qm_engine,btc_sha256_elapsed_ns,1047.0000000000
1378048,11647912830297,btc_qm_engine,btc_sha256_nonce,794437157.0000000000
1378049,11647912830376,btc_qm_engine,btc_leading_zeros,1.0000000000
1378050,11647912830437,btc_qm_engine,btc_sha256_elapsed_ns,1059.0000000000
1378051,11647912830588,btc_qm_engine,btc_sha256_nonce,2277333667.0000000000
1378052,11647912830924,btc_qm_engine,btc_sha256_nonce,1115948288.0000000000
1378053,11647912831233,btc_qm_engine,btc_sha256_elapsed_ns,1102.0000000000
1378054,11647912831921,btc_qm_engine,btc_sha256_nonce,3825136368.0000000000
1378055,11647912832438,btc_qm_engine,btc_leading_zeros,0.0000000000
1378056,11647912832800,btc_qm_engine,btc_sha256_nonce,1792194856.0000000000
1378057,11647912833096,btc_qm_engine,btc_leading_zeros,0.0000000000
1378058,11647912833146,btc_qm_engine,btc_sha256_elapsed_ns,1074.0000000000
1378059,11647912833715,btc_qm_engine,btc_leading_zeros,3.0000000000
1378060,11647912833796,btc_qm_engine,btc_sha256_elapsed_ns,772.0000000000
1378061,11647912834183,btc_qm_engine,btc_sha256_nonce,1266126737.0000000000
1378062,11647912834390,btc_qm_engine,btc_leading_zeros,3.0000000000
1378063,11647912834708,btc_qm_engine,btc_sha256_elapsed_ns,1037.0000000000
1378064,11647912834925,btc_qm_engine,btc_sha256_elapsed_ns,779.0000000000
1378065,11647912835130,btc_qm_engine,btc_sha256_nonce,1141450512.0000000000
1378066,11647912835654,btc_qm_engine,btc_leading_zeros,1.0000000000
1378067,11647912835901,btc_qm_engine,btc_leading_zeros,0.0000000000
1378068,11647912836189,btc_qm_engine,btc_sha256_elapsed_ns,957.0000000000
1378069,11647912836343,btc_qm_engine,btc_sha256_elapsed_ns,950.0000000000
1378070,11647912836634,btc_qm_engine,btc_sha256_nonce,3820219431.0000000000
1378071,11647912836744,btc_qm_engine,btc_leading_zeros,0.0000000000
1378072,11647912836811,btc_qm_engine,btc_sha256_elapsed_ns,1100.0000000000
1378073,11647912837221,btc_qm_engine,btc_leading_zeros,1.0000000000
1378074,11647912837353,btc_qm_engine,btc_sha256_nonce,3877277191.0000000000
1378075,11647912837589,btc_qm_engine,btc_sha256_elapsed_ns,1220.0000000000
1378076,11647912837771,btc_qm_engine,btc_leading_zeros,1.0000000000
1378077,11647912837928,btc_qm_engine,btc_sha256_nonce,1636203841.0000000000
1378078,11647912838217,btc_qm_engine,btc_sha256_nonce,2302954300.0000000000
1378079,11647912838553,btc_qm_engine,btc_leading_zeros,0.0000000000
1378080,11647912838714,btc_qm_engine,btc_sha256_nonce,1984882491.0000000000
1378081,11647912838789,btc_qm_engine,btc_leading_zeros,0.0000000000
1378082,11647912838853,btc_qm_engine,btc_sha256_elapsed_ns,1089.0000000000
1378083,11647912839148,btc_qm_engine,btc_sha256_elapsed_ns,958.0000000000
1378084,11647912839396,btc_qm_engine,btc_sha256_nonce,2637074577.0000000000
1378085,11647912839771,btc_qm_engine,btc_leading_zeros,0.0000000000
1378086,11647912839870,btc_qm_engine,btc_sha256_elapsed_ns,1056.0000000000
1378087,11647912840153,btc_qm_engine,btc_sha256_nonce,2913215623.0000000000
1378088,11647912840225,btc_qm_engine,btc_leading_zeros,1.0000000000
1378089,11647912840295,btc_qm_engine,btc_sha256_elapsed_ns,745.0000000000
1378090,11647912840487,btc_qm_engine,btc_sha256_nonce,3891811549.0000000000
1378091,11647912840577,btc_qm_engine,btc_leading_zeros,3.0000000000
1378092,11647912840642,btc_qm_engine,btc_sha256_elapsed_ns,1079.0000000000
1378093,11647912840847,btc_qm_engine,btc_leading_zeros,2.0000000000
1378094,11647912840946,btc_qm_engine,btc_sha256_elapsed_ns,1079.0000000000
1378095,11647912841218,btc_qm_engine,btc_sha256_nonce,1843933283.0000000000
1378096,11647912841327,btc_qm_engine,btc_leading_zeros,0.0000000000
1378097,11647912841531,btc_qm_engine,btc_sha256_nonce,3586317268.0000000000
1378098,11647912841603,btc_qm_engine,btc_leading_zeros,1.0000000000
1378099,11647912841673,btc_qm_engine,btc_sha256_elapsed_ns,1007.0000000000
1378100,11647912841875,btc_qm_engine,btc_sha256_elapsed_ns,1096.0000000000
1378101,11647912842227,btc_qm_engine,btc_sha256_nonce,2317016146.0000000000
1378102,11647912842813,btc_qm_engine,btc_sha256_nonce,1498552120.0000000000
1378103,11647912842934,btc_qm_engine,btc_sha256_nonce,4145632757.0000000000
1378104,11647912843003,btc_qm_engine,btc_leading_zeros,1.0000000000
1378105,11647912843069,btc_qm_engine,btc_sha256_elapsed_ns,1012.0000000000
1378106,11647912843182,btc_qm_engine,btc_leading_zeros,0.0000000000
1378107,11647912843353,btc_qm_engine,btc_sha256_nonce,880714546.0000000000
1378108,11647912843564,btc_qm_engine,btc_sha256_elapsed_ns,1030.0000000000
1378109,11647912843740,btc_qm_engine,btc_leading_zeros,3.0000000000
1378110,11647912843809,btc_qm_engine,btc_sha256_elapsed_ns,868.0000000000
1378111,11647912843880,btc_qm_engine,btc_sha256_elapsed_ns,1062.0000000000
1378112,11647912844021,btc_qm_engine,btc_sha256_nonce,3591488438.0000000000
1378113,11647912844312,btc_qm_engine,btc_sha256_nonce,3886147026.0000000000
1378114,11647912844470,btc_qm_engine,btc_leading_zeros,0.0000000000
1378115,11647912844752,btc_qm_engine,btc_sha256_nonce,2942078545.0000000000
1378116,11647912844822,btc_qm_engine,btc_leading_zeros,2.0000000000
1378117,11647912844896,btc_qm_engine,btc_sha256_elapsed_ns,737.0000000000
1378118,11647912844993,btc_qm_engine,btc_leading_zeros,1.0000000000
1378119,11647912845184,btc_qm_engine,btc_sha256_elapsed_ns,995.0000000000
1378120,11647912845327,btc_qm_engine,btc_sha256_nonce,3256132716.0000000000
1378121,11647912845414,btc_qm_engine,btc_leading_zeros,0.0000000000
1378122,11647912845512,btc_qm_engine,btc_sha256_elapsed_ns,941.0000000000
1378123,11647912845664,btc_qm_engine,btc_sha256_elapsed_ns,980.0000000000
1378124,11647912845862,btc_qm_engine,btc_leading_zeros,0.0000000000
1378125,11647912845974,btc_qm_engine,btc_sha256_nonce,86704971.0000000000
1378126,11647912846097,btc_qm_engine,btc_leading_zeros,0.0000000000
1378127,11647912846220,btc_qm_engine,btc_sha256_elapsed_ns,1018.0000000000
1378128,11647912846547,btc_qm_engine,btc_sha256_nonce,536874926.0000000000
1378129,11647912846715,btc_qm_engine,btc_sha256_elapsed_ns,867.0000000000
1378130,11647912846913,btc_qm_engine,btc_sha256_nonce,2112341499.0000000000
1378131,11647912847091,btc_qm_engine,btc_sha256_nonce,3886785217.0000000000
1378132,11647912847162,btc_qm_engine,btc_leading_zeros,0.0000000000
1378133,11647912847320,btc_qm_engine,btc_sha256_nonce,1996042858.0000000000
1378134,11647912847600,btc_qm_engine,btc_sha256_nonce,2745035837.0000000000
1378135,11647912847685,btc_qm_engine,btc_leading_zeros,0.0000000000
1378136,11647912847823,btc_qm_engine,btc_sha256_elapsed_ns,1072.0000000000
1378137,11647912847980,btc_qm_engine,btc_leading_zeros,1.0000000000
1378138,11647912848735,btc_qm_engine,btc_sha256_elapsed_ns,1093.0000000000
1378139,11647912848931,btc_qm_engine,btc_leading_zeros,1.0000000000
1378140,11647912849418,btc_qm_engine,btc_leading_zeros,0.0000000000
1378141,11647912849684,btc_qm_engine,btc_sha256_elapsed_ns,953.0000000000
1378142,11647912850153,btc_qm_engine,btc_sha256_elapsed_ns,948.0000000000
1378143,11647912850363,btc_qm_engine,btc_sha256_elapsed_ns,1113.0000000000
1378144,11647912851541,btc_qm_engine,btc_sha256_nonce,4047046963.0000000000
1378145,11647912851822,btc_qm_engine,btc_sha256_nonce,311061307.0000000000
1378146,11647912852007,btc_qm_engine,btc_leading_zeros,1.0000000000
1378147,11647912852428,btc_qm_engine,btc_sha256_nonce,2745293666.0000000000
1378148,11647912852696,btc_qm_engine,btc_leading_zeros,3.0000000000
1378149,11647912852822,btc_qm_engine,btc_leading_zeros,1.0000000000
1378150,11647912853090,btc_qm_engine,btc_sha256_elapsed_ns,998.0000000000
1378151,11647912853513,btc_qm_engine,btc_sha256_elapsed_ns,963.0000000000
1378152,11647912853962,btc_qm_engine,btc_sha256_elapsed_ns,1072.0000000000
1378153,11647912854689,btc_qm_engine,btc_sha256_nonce,3825193184.0000000000
1378154,11647912855169,btc_qm_engine,btc_leading_zeros,0.0000000000
1378155,11647912855441,btc_qm_engine,btc_leading_zeros,2.0000000000
1378156,11647912855607,btc_qm_engine,btc_sha256_nonce,2104926265.0000000000
1378157,11647912855796,btc_qm_engine,btc_sha256_elapsed_ns,1051.0000000000
1378158,11647912855874,btc_qm_engine,btc_sha256_nonce,3926205789.0000000000
1378159,11647912856067,btc_qm_engine,btc_leading_zeros,0.0000000000
1378160,11647912856452,btc_qm_engine,btc_sha256_nonce,3590707860.0000000000
1378161,11647912856530,btc_qm_engine,btc_leading_zeros,0.0000000000
1378162,11647912856594,btc_qm_engine,btc_sha256_elapsed_ns,19949.0000000000
1378163,11647912856765,btc_qm_engine,btc_sha256_elapsed_ns,1036.0000000000
1378164,11647912856977,btc_qm_engine,btc_sha256_nonce,2684455997.0000000000
1378165,11647912857040,btc_qm_engine,btc_leading_zeros,0.0000000000
1378166,11647912857091,btc_qm_engine,btc_sha256_elapsed_ns,925.0000000000
1378167,11647912857960,btc_qm_engine,btc_sha256_nonce,1670847675.0000000000
1378168,11647912858084,btc_qm_engine,btc_sha256_nonce,2512680206.0000000000
1378169,11647912858326,btc_qm_engine,btc_leading_zeros,0.0000000000
1378170,11647912858517,btc_qm_engine,btc_leading_zeros,0.0000000000
1378171,11647912859113,btc_qm_engine,btc_sha256_nonce,1734343906.0000000000
1378172,11647912859369,btc_qm_engine,btc_sha256_nonce,3584307135.0000000000
1378173,11647912859553,btc_qm_engine,btc_sha256_elapsed_ns,982.0000000000
1378174,11647912859706,btc_qm_engine,btc_sha256_elapsed_ns,840.0000000000
1378175,11647912859886,btc_qm_engine,btc_leading_zeros,1.0000000000
1378176,11647912860028,btc_qm_engine,btc_leading_zeros,3.0000000000
1378177,11647912860103,btc_qm_engine,btc_sha256_elapsed_ns,1008.0000000000
1378178,11647912860269,btc_qm_engine,btc_sha256_elapsed_ns,1047.0000000000
1378179,11647912860707,btc_qm_engine,btc_leading_zeros,0.0000000000
1378180,11647912860969,btc_qm_engine,btc_sha256_nonce,1773540903.0000000000
1378181,11647912861368,btc_qm_engine,btc_sha256_nonce,2849244912.0000000000
1378182,11647912861455,btc_qm_engine,btc_leading_zeros,1.0000000000
1378183,11647912861550,btc_qm_engine,btc_sha256_elapsed_ns,1014.0000000000
1378184,11647912861679,btc_qm_engine,btc_sha256_nonce,3491930528.0000000000
1378185,11647912862255,btc_qm_engine,btc_leading_zeros,2.0000000000
1378186,11647912862599,btc_qm_engine,btc_sha256_elapsed_ns,1025.0000000000
1378187,11647912862890,btc_qm_engine,btc_sha256_nonce,633620888.0000000000
1378188,11647912862988,btc_qm_engine,btc_leading_zeros,1.0000000000
1378189,11647912863060,btc_qm_engine,btc_sha256_elapsed_ns,1068.0000000000
1378190,11647912863458,btc_qm_engine,btc_leading_zeros,0.0000000000
1378191,11647912863687,btc_qm_engine,btc_sha256_elapsed_ns,976.0000000000
1378192,11647912863905,btc_qm_engine,btc_sha256_nonce,1901389100.0000000000
1378193,11647912863987,btc_qm_engine,btc_leading_zeros,0.0000000000
1378194,11647912864141,btc_qm_engine,btc_sha256_elapsed_ns,1010.0000000000
1378195,11647912864358,btc_qm_engine,btc_sha256_elapsed_ns,1030.0000000000
1378196,11647912864817,btc_qm_engine,btc_sha256_nonce,3825733829.0000000000
1378197,11647912864950,btc_qm_engine,btc_sha256_nonce,3090633112.0000000000
1378198,11647912865042,btc_qm_engine,btc_leading_zeros,1.0000000000
1378199,11647912865109,btc_qm_engine,btc_sha256_elapsed_ns,982.0000000000
1378200,11647912865299,btc_qm_engine,btc_sha256_nonce,523072645.0000000000
1378201,11647912865535,btc_qm_engine,btc_leading_zeros,1.0000000000
1378202,11647912865752,btc_qm_engine,btc_leading_zeros,1.0000000000
1378203,11647912866029,btc_qm_engine,btc_sha256_elapsed_ns,1106.0000000000
1378204,11647912866339,btc_qm_engine,btc_sha256_nonce,3164396361.0000000000
1378205,11647912866430,btc_qm_engine,btc_leading_zeros,1.0000000000
1378206,11647912866529,btc_qm_engine,btc_sha256_elapsed_ns,924.0000000000
1378207,11647912866667,btc_qm_engine,btc_sha256_nonce,1693086569.0000000000
1378208,11647912867235,btc_qm_engine,btc_sha256_elapsed_ns,1071.0000000000
1378209,11647912867369,btc_qm_engine,btc_leading_zeros,0.0000000000
1378210,11647912867439,btc_qm_engine,btc_sha256_elapsed_ns,920.0000000000
1378211,11647912867776,btc_qm_engine,btc_sha256_nonce,3753269086.0000000000
1378212,11647912867876,btc_qm_engine,btc_leading_zeros,1.0000000000
1378213,11647912867950,btc_qm_engine,btc_sha256_elapsed_ns,966.0000000000
1378214,11647912868183,btc_qm_engine,btc_sha256_nonce,3838175602.0000000000
1378215,11647912868255,btc_qm_engine,btc_leading_zeros,2.0000000000
1378216,11647912868310,btc_qm_engine,btc_sha256_elapsed_ns,738.0000000000
1378217,11647912868420,btc_qm_engine,btc_sha256_nonce,3367261876.0000000000
1378218,11647912868494,btc_qm_engine,btc_leading_zeros,0.0000000000
1378219,11647912868544,btc_qm_engine,btc_sha256_elapsed_ns,742.0000000000
1378220,11647912869176,btc_qm_engine,btc_sha256_nonce,1654201896.0000000000
1378221,11647912869295,btc_qm_engine,btc_leading_zeros,1.0000000000
1378222,11647912869440,btc_qm_engine,btc_sha256_nonce,2915328314.0000000000
1378223,11647912869698,btc_qm_engine,btc_sha256_nonce,4221853055.0000000000
1378224,11647912869789,btc_qm_engine,btc_leading_zeros,3.0000000000
1378225,11647912869853,btc_qm_engine,btc_sha256_elapsed_ns,863.0000000000
1378226,11647912869985,btc_qm_engine,btc_leading_zeros,0.0000000000
1378227,11647912870070,btc_qm_engine,btc_sha256_elapsed_ns,987.0000000000
1378228,11647912870266,btc_qm_engine,btc_sha256_elapsed_ns,942.0000000000
1378229,11647912870558,btc_qm_engine,btc_sha256_nonce,2285487836.0000000000
1378230,11647912870660,btc_qm_engine,btc_sha256_nonce,4166593487.0000000000
1378231,11647912870898,btc_qm_engine,btc_leading_zeros,3.0000000000
1378232,11647912870980,btc_qm_engine,btc_sha256_elapsed_ns,946.0000000000
1378233,11647912871132,btc_qm_engine,btc_sha256_nonce,526141457.0000000000
1378234,11647912871219,btc_qm_engine,btc_leading_zeros,0.0000000000
1378235,11647912871306,btc_qm_engine,btc_sha256_elapsed_ns,1035.0000000000
1378236,11647912871415,btc_qm_engine,btc_leading_zeros,0.0000000000
1378237,11647912876726,btc_qm_engine,btc_sha256_nonce,670865590.0000000000
1378238,11647912877414,btc_qm_engine,btc_leading_zeros,0.0000000000
1378239,11647912877473,btc_qm_engine,btc_sha256_elapsed_ns,1096.0000000000
1378240,11647912878361,btc_qm_engine,btc_sha256_nonce,3425138399.0000000000
1378241,11647912878419,btc_qm_engine,btc_leading_zeros,3.0000000000
1378242,11647912878465,btc_qm_engine,btc_sha256_elapsed_ns,601.0000000000
1378243,11647912879190,btc_qm_engine,btc_sha256_nonce,904948141.0000000000
1378244,11647912879238,btc_qm_engine,btc_leading_zeros,0.0000000000
1378245,11647912879285,btc_qm_engine,btc_sha256_elapsed_ns,596.0000000000
1378246,11647912879552,btc_qm_engine,btc_sha256_elapsed_ns,986.0000000000
1378247,11647912880057,btc_qm_engine,btc_sha256_nonce,1880792378.0000000000
1378248,11647912880132,btc_qm_engine,btc_leading_zeros,0.0000000000
1378249,11647912880178,btc_qm_engine,btc_sha256_elapsed_ns,593.0000000000
1378250,11647912880896,btc_qm_engine,btc_sha256_nonce,1073017805.0000000000
1378251,11647912880946,btc_qm_engine,btc_leading_zeros,0.0000000000
1378252,11647912880995,btc_qm_engine,btc_sha256_elapsed_ns,593.0000000000
1378253,11647912881090,btc_qm_engine,btc_sha256_nonce,599476556.0000000000
1378254,11647912881167,btc_qm_engine,btc_leading_zeros,1.0000000000
1378255,11647912881215,btc_qm_engine,btc_sha256_elapsed_ns,604.0000000000
1378256,11647912881793,btc_qm_engine,btc_sha256_nonce,2152818552.0000000000
1378257,11647912881862,btc_qm_engine,btc_leading_zeros,2.0000000000
1378258,11647912881908,btc_qm_engine,btc_sha256_elapsed_ns,593.0000000000
1378259,11647912882033,btc_qm_engine,btc_sha256_nonce,147221639.0000000000
1378260,11647912882104,btc_qm_engine,btc_leading_zeros,0.0000000000
1378261,11647912882156,btc_qm_engine,btc_sha256_elapsed_ns,598.0000000000
1378262,11647912882729,btc_qm_engine,btc_sha256_nonce,1563435009.0000000000
1378263,11647912882796,btc_qm_engine,btc_leading_zeros,0.0000000000
1378264,11647912882856,btc_qm_engine,btc_sha256_elapsed_ns,591.0000000000
1378265,11647912883036,btc_qm_engine,btc_sha256_nonce,3482732125.0000000000
1378266,11647912883616,btc_qm_engine,btc_leading_zeros,0.0000000000
1378267,11647912883665,btc_qm_engine,btc_sha256_elapsed_ns,598.0000000000
1378268,11647912883815,btc_qm_engine,btc_sha256_nonce,1680949377.0000000000
1378269,11647912884538,btc_qm_engine,btc_sha256_nonce,444223064.0000000000
1378270,11647912884921,btc_qm_engine,btc_sha256_nonce,2699098986.0000000000
1378271,11647912885702,btc_qm_engine,btc_sha256_elapsed_ns,797.0000000000
1378272,11647912886006,btc_qm_engine,btc_leading_zeros,1.0000000000
1378273,11647912886176,btc_qm_engine,btc_leading_zeros,0.0000000000
1378274,11647912886730,btc_qm_engine,btc_sha256_elapsed_ns,1001.0000000000
1378275,11647912887207,btc_qm_engine,btc_sha256_elapsed_ns,600.0000000000
1378276,11647912887460,btc_qm_engine,btc_sha256_nonce,1676158010.0000000000
1378277,11647912887923,btc_qm_engine,btc_leading_zeros,0.0000000000
1378278,11647912887994,btc_qm_engine,btc_sha256_elapsed_ns,1063.0000000000
1378279,11647912888252,btc_qm_engine,btc_sha256_nonce,404531522.0000000000
1378280,11647912888332,btc_qm_engine,btc_leading_zeros,2.0000000000
1378281,11647912888406,btc_qm_engine,btc_sha256_elapsed_ns,1064.0000000000
1378282,11647912888584,btc_qm_engine,btc_sha256_nonce,2749411932.0000000000
1378283,11647912889076,btc_qm_engine,btc_sha256_nonce,660513181.0000000000
1378284,11647912889385,btc_qm_engine,btc_sha256_nonce,2255211783.0000000000
1378285,11647912889543,btc_qm_engine,btc_leading_zeros,0.0000000000
1378286,11647912889683,btc_qm_engine,btc_sha256_elapsed_ns,1106.0000000000
1378287,11647912890382,btc_qm_engine,btc_sha256_nonce,4265616680.0000000000
1378288,11647912890626,btc_qm_engine,btc_leading_zeros,0.0000000000
1378289,11647912890853,btc_qm_engine,btc_sha256_nonce,1329641873.0000000000
1378290,11647912890957,btc_qm_engine,btc_leading_zeros,1.0000000000
1378291,11647912891080,btc_qm_engine,btc_sha256_elapsed_ns,1073.0000000000
1378292,11647912891236,btc_qm_engine,btc_leading_zeros,0.0000000000
1378293,11647912891326,btc_qm_engine,btc_sha256_elapsed_ns,966.0000000000
1378294,11647912891714,btc_qm_engine,btc_sha256_elapsed_ns,1011.0000000000
1378295,11647912891951,btc_qm_engine,btc_sha256_nonce,1702597545.0000000000
1378296,11647912892215,btc_qm_engine,btc_sha256_nonce,3273024826.0000000000
1378297,11647912892334,btc_qm_engine,btc_sha256_nonce,3553823472.0000000000
1378298,11647912892827,btc_qm_engine,btc_leading_zeros,4.0000000000
1378299,11647912893116,btc_qm_engine,btc_sha256_nonce,1966923324.0000000000
1378300,11647912893189,btc_qm_engine,btc_leading_zeros,2.0000000000
1378301,11647912893263,btc_qm_engine,btc_sha256_elapsed_ns,1108.0000000000
1378302,11647912893421,btc_qm_engine,btc_sha256_nonce,3825450357.0000000000
1378303,11647912893571,btc_qm_engine,btc_sha256_elapsed_ns,1097.0000000000
1378304,11647912893687,btc_qm_engine,btc_leading_zeros,1.0000000000
1378305,11647912894133,btc_qm_engine,btc_leading_zeros,0.0000000000
1378306,11647912894397,btc_qm_engine,btc_sha256_nonce,1140508113.0000000000
1378307,11647912894564,btc_qm_engine,btc_sha256_elapsed_ns,882.0000000000
1378308,11647912894937,btc_qm_engine,btc_sha256_nonce,1734844516.0000000000
1378309,11647912895402,btc_qm_engine,btc_leading_zeros,1.0000000000
1378310,11647912895617,btc_qm_engine,btc_sha256_nonce,2334356757.0000000000
1378311,11647912895773,btc_qm_engine,btc_sha256_elapsed_ns,873.0000000000
1378312,11647912896074,btc_qm_engine,btc_sha256_nonce,3545605139.0000000000
1378313,11647912896447,btc_qm_engine,btc_leading_zeros,0.0000000000
1378314,11647912896579,btc_qm_engine,btc_sha256_elapsed_ns,1072.0000000000
1378315,11647912896784,btc_qm_engine,btc_leading_zeros,1.0000000000
1378316,11647912897067,btc_qm_engine,btc_sha256_nonce,1503307346.0000000000
1378317,11647912897143,btc_qm_engine,btc_leading_zeros,0.0000000000
1378318,11647912897259,btc_qm_engine,btc_sha256_elapsed_ns,1040.0000000000
1378319,11647912897373,btc_qm_engine,btc_leading_zeros,1.0000000000
1378320,11647912897533,btc_qm_engine,btc_sha256_elapsed_ns,1037.0000000000
1378321,11647912897769,btc_qm_engine,btc_sha256_elapsed_ns,1072.0000000000
1378322,11647912898010,btc_qm_engine,btc_sha256_nonce,286857622.0000000000
1378323,11647912898437,btc_qm_engine,btc_sha256_nonce,2276625553.0000000000
1378324,11647912898502,btc_qm_engine,btc_leading_zeros,0.0000000000
1378325,11647912898587,btc_qm_engine,btc_leading_zeros,2.0000000000
1378326,11647912899005,btc_qm_engine,btc_sha256_elapsed_ns,1060.0000000000
1378327,11647912899344,btc_qm_engine,btc_sha256_elapsed_ns,993.0000000000
1378328,11647912899600,btc_qm_engine,btc_sha256_nonce,3979145426.0000000000
1378329,11647912899872,btc_qm_engine,btc_sha256_elapsed_ns,947.0000000000
1378330,11647912900279,btc_qm_engine,btc_leading_zeros,0.0000000000
1378331,11647912900799,btc_qm_engine,btc_sha256_nonce,3825611193.0000000000
1378332,11647912900880,btc_qm_engine,btc_leading_zeros,4.0000000000
1378333,11647912900953,btc_qm_engine,btc_sha256_elapsed_ns,1093.0000000000
1378334,11647912901034,btc_qm_engine,btc_sha256_nonce,550807059.0000000000
1378335,11647912901103,btc_qm_engine,btc_leading_zeros,0.0000000000
1378336,11647912901168,btc_qm_engine,btc_sha256_elapsed_ns,1084.0000000000
1378337,11647912901572,btc_qm_engine,btc_sha256_nonce,3330985348.0000000000
1378338,11647912901668,btc_qm_engine,btc_leading_zeros,0.0000000000
1378339,11647912901825,btc_qm_engine,btc_sha256_nonce,3365920157.0000000000
1378340,11647912902258,btc_qm_engine,btc_leading_zeros,2.0000000000
1378341,11647912902503,btc_qm_engine,btc_sha256_nonce,4284050824.0000000000
1378342,11647912902589,btc_qm_engine,btc_leading_zeros,0.0000000000
1378343,11647912902738,btc_qm_engine,btc_sha256_elapsed_ns,1101.0000000000
1378344,11647912902875,btc_qm_engine,btc_sha256_elapsed_ns,1134.0000000000
1378345,11647912903090,btc_qm_engine,btc_sha256_elapsed_ns,747.0000000000
1378346,11647912903217,btc_qm_engine,btc_sha256_elapsed_ns,1084.0000000000
1378347,11647912903562,btc_qm_engine,btc_sha256_nonce,3508729975.0000000000
1378348,11647912903821,btc_qm_engine,btc_leading_zeros,4.0000000000
1378349,11647912903966,btc_qm_engine,btc_leading_zeros,1.0000000000
1378350,11647912904048,btc_qm_engine,btc_sha256_elapsed_ns,1112.0000000000
1378351,11647912904338,btc_qm_engine,btc_sha256_elapsed_ns,911.0000000000
1378352,11647912904675,btc_qm_engine,btc_sha256_nonce,516477291.0000000000
1378353,11647912905024,btc_qm_engine,btc_sha256_nonce,2678808297.0000000000
1378354,11647912905288,btc_qm_engine,btc_sha256_nonce,2363535532.0000000000
1378355,11647912905610,btc_qm_engine,btc_sha256_nonce,4068393402.0000000000
1378356,11647912905867,btc_qm_engine,btc_sha256_nonce,844491437.0000000000
1378357,11647912906510,btc_qm_engine,btc_sha256_nonce,398445831.0000000000
1378358,11647912906640,btc_qm_engine,btc_leading_zeros,1.0000000000
1378359,11647912907057,btc_qm_engine,btc_leading_zeros,1.0000000000
1378360,11647912907276,btc_qm_engine,btc_leading_zeros,0.0000000000
1378361,11647912907340,btc_qm_engine,btc_sha256_elapsed_ns,1133.0000000000
1378362,11647912907513,btc_qm_engine,btc_leading_zeros,0.0000000000
1378363,11647912907976,btc_qm_engine,btc_sha256_elapsed_ns,1028.0000000000
1378364,11647912908625,btc_qm_engine,btc_sha256_nonce,1259542700.0000000000
1378365,11647912908763,btc_qm_engine,btc_leading_zeros,4.0000000000
1378366,11647912909164,btc_qm_engine,btc_sha256_elapsed_ns,982.0000000000
1378367,11647912909339,btc_qm_engine,btc_leading_zeros,0.0000000000
1378368,11647912909474,btc_qm_engine,btc_leading_zeros,4.0000000000
1378369,11647912909837,btc_qm_engine,btc_sha256_elapsed_ns,992.0000000000
1378370,11647912909978,btc_qm_engine,btc_sha256_elapsed_ns,593.0000000000
1378371,11647912910404,btc_qm_engine,btc_sha256_nonce,1159480900.0000000000
1378372,11647912910843,btc_qm_engine,btc_leading_zeros,0.0000000000
1378373,11647912910904,btc_qm_engine,btc_sha256_elapsed_ns,1000.0000000000
1378374,11647912911310,btc_qm_engine,btc_sha256_nonce,3886819372.0000000000
1378375,11647912911387,btc_qm_engine,btc_leading_zeros,2.0000000000
1378376,11647912911682,btc_qm_engine,btc_sha256_nonce,2382505149.0000000000
1378377,11647912912267,btc_qm_engine,btc_sha256_nonce,2131528694.0000000000
1378378,11647912912459,btc_qm_engine,btc_leading_zeros,2.0000000000
1378379,11647912912680,btc_qm_engine,btc_leading_zeros,1.0000000000
1378380,11647912913251,btc_qm_engine,btc_sha256_elapsed_ns,1069.0000000000
1378381,11647912913935,btc_qm_engine,btc_leading_zeros,0.0000000000
1378382,11647912914274,btc_qm_engine,btc_sha256_elapsed_ns,1082.0000000000
1378383,11647912914832,btc_qm_engine,btc_sha256_elapsed_ns,1078.0000000000
1378384,11647912915193,btc_qm_engine,btc_sha256_elapsed_ns,919.0000000000
1378385,11647912915727,btc_qm_engine,btc_sha256_nonce,3024557035.0000000000
1378386,11647912916101,btc_qm_engine,btc_sha256_nonce,3886843037.0000000000
1378387,11647912916165,btc_qm_engine,btc_leading_zeros,0.0000000000
1378388,11647912916316,btc_qm_engine,btc_sha256_elapsed_ns,1085.0000000000
1378389,11647912916538,btc_qm_engine,btc_sha256_nonce,2872229064.0000000000
1378390,11647912916727,btc_qm_engine,btc_sha256_elapsed_ns,1025.0000000000
1378391,11647912916946,btc_qm_engine,btc_sha256_nonce,3882061439.0000000000
1378392,11647912917059,btc_qm_engine,btc_leading_zeros,0.0000000000
1378393,11647912917129,btc_qm_engine,btc_sha256_elapsed_ns,1093.0000000000
1378394,11647912917768,btc_qm_engine,btc_sha256_nonce,2657352240.0000000000
1378395,11647912917847,btc_qm_engine,btc_leading_zeros,0.0000000000
1378396,11647912917911,btc_qm_engine,btc_sha256_elapsed_ns,1085.0000000000
1378397,11647912918084,btc_qm_engine,btc_sha256_nonce,3434049550.0000000000
1378398,11647912918155,btc_qm_engine,btc_leading_zeros,0.0000000000
1378399,11647912918205,btc_qm_engine,btc_sha256_elapsed_ns,735.0000000000
1378400,11647912918560,btc_qm_engine,btc_sha256_nonce,3451607042.0000000000
1378401,11647912918685,btc_qm_engine,btc_leading_zeros,0.0000000000
1378402,11647912919147,btc_qm_engine,btc_sha256_nonce,2205130663.0000000000
1378403,11647912919221,btc_qm_engine,btc_leading_zeros,4.0000000000
1378404,11647912919348,btc_qm_engine,btc_sha256_elapsed_ns,1102.0000000000
1378405,11647912919581,btc_qm_engine,btc_sha256_nonce,3875084596.0000000000
1378406,11647912920445,btc_qm_engine,btc_sha256_nonce,916464407.0000000000
1378407,11647912920607,btc_qm_engine,btc_leading_zeros,0.0000000000
1378408,11647912920680,btc_qm_engine,btc_sha256_elapsed_ns,739.0000000000
1378409,11647912921488,btc_qm_engine,btc_sha256_elapsed_ns,973.0000000000
1378410,11647912922130,btc_qm_engine,btc_leading_zeros,3.0000000000
1378411,11647912922203,btc_qm_engine,btc_sha256_elapsed_ns,1086.0000000000
1378412,11647912922413,btc_qm_engine,btc_sha256_nonce,2627536019.0000000000
1378413,11647912922484,btc_qm_engine,btc_leading_zeros,0.0000000000
1378414,11647912922556,btc_qm_engine,btc_sha256_elapsed_ns,973.0000000000
1378415,11647912923067,btc_qm_engine,btc_sha256_nonce,2745667991.0000000000
1378416,11647912923604,btc_qm_engine,btc_sha256_nonce,2113441692.0000000000
1378417,11647912923941,btc_qm_engine,btc_sha256_nonce,1167381080.0000000000
1378418,11647912924126,btc_qm_engine,btc_leading_zeros,2.0000000000
1378419,11647912924271,btc_qm_engine,btc_sha256_nonce,487867942.0000000000
1378420,11647912924693,btc_qm_engine,btc_leading_zeros,2.0000000000
1378421,11647912924814,btc_qm_engine,btc_leading_zeros,2.0000000000
1378422,11647912925016,btc_qm_engine,btc_sha256_elapsed_ns,1027.0000000000
1378423,11647912925446,btc_qm_engine,btc_sha256_elapsed_ns,1057.0000000000
1378424,11647912925614,btc_qm_engine,btc_leading_zeros,0.0000000000
1378425,11647912925754,btc_qm_engine,btc_sha256_elapsed_ns,1111.0000000000
1378426,11647912926284,btc_qm_engine,btc_sha256_elapsed_ns,965.0000000000
1378427,11647912926534,btc_qm_engine,btc_leading_zeros,3.0000000000
1378428,11647912926628,btc_qm_engine,btc_sha256_elapsed_ns,965.0000000000
1378429,11647912927478,btc_qm_engine,btc_sha256_nonce,1296350639.0000000000
1378430,11647912927915,btc_qm_engine,btc_sha256_nonce,2113140762.0000000000
1378431,11647912928074,btc_qm_engine,btc_sha256_nonce,4168020964.0000000000
1378432,11647912928318,btc_qm_engine,btc_leading_zeros,2.0000000000
1378433,11647912928602,btc_qm_engine,btc_leading_zeros,3.0000000000
1378434,11647912928752,btc_qm_engine,btc_sha256_nonce,3489515612.0000000000
1378435,11647912928949,btc_qm_engine,btc_leading_zeros,0.0000000000
1378436,11647912929128,btc_qm_engine,btc_sha256_nonce,458135099.0000000000
1378437,11647912929215,btc_qm_engine,btc_leading_zeros,0.0000000000
1378438,11647912929285,btc_qm_engine,btc_sha256_elapsed_ns,1026.0000000000
1378439,11647912929435,btc_qm_engine,btc_leading_zeros,0.0000000000
1378440,11647912929500,btc_qm_engine,btc_sha256_elapsed_ns,829.0000000000
1378441,11647912929690,btc_qm_engine,btc_sha256_elapsed_ns,1027.0000000000
1378442,11647912929949,btc_qm_engine,btc_sha256_elapsed_ns,1041.0000000000
1378443,11647912930538,btc_qm_engine,btc_sha256_nonce,65542620.0000000000
1378444,11647912930622,btc_qm_engine,btc_leading_zeros,1.0000000000
1378445,11647912930698,btc_qm_engine,btc_sha256_elapsed_ns,1044.0000000000
1378446,11647912930853,btc_qm_engine,btc_sha256_nonce,1008603269.0000000000
1378447,11647912930932,btc_qm_engine,btc_leading_zeros,2.0000000000
1378448,11647912930995,btc_qm_engine,btc_sha256_elapsed_ns,807.0000000000
1378449,11647912931201,btc_qm_engine,btc_sha256_nonce,4006777301.0000000000
1378450,11647912931524,btc_qm_engine,btc_sha256_nonce,1355288686.0000000000
1378451,11647912931746,btc_qm_engine,btc_leading_zeros,0.0000000000
1378452,11647912931824,btc_qm_engine,btc_sha256_elapsed_ns,1085.0000000000
1378453,11647912931910,btc_qm_engine,btc_sha256_nonce,3961814354.0000000000
1378454,11647912932163,btc_qm_engine,btc_sha256_elapsed_ns,1101.0000000000
1378455,11647912932794,btc_qm_engine,btc_sha256_nonce,2132746687.0000000000
1378456,11647912932915,btc_qm_engine,btc_sha256_nonce,2721363957.0000000000
1378457,11647912933006,btc_qm_engine,btc_leading_zeros,1.0000000000
1378458,11647912933222,btc_qm_engine,btc_leading_zeros,0.0000000000
1378459,11647912933682,btc_qm_engine,btc_sha256_elapsed_ns,739.0000000000
1378460,11647912934420,btc_qm_engine,btc_sha256_nonce,1506910759.0000000000
1378461,11647912934684,btc_qm_engine,btc_sha256_nonce,4068510279.0000000000
1378462,11647912934771,btc_qm_engine,btc_leading_zeros,4.0000000000
1378463,11647912934914,btc_qm_engine,btc_leading_zeros,4.0000000000
1378464,11647912934993,btc_qm_engine,btc_sha256_elapsed_ns,998.0000000000
1378465,11647912935267,btc_qm_engine,btc_sha256_elapsed_ns,1055.0000000000
1378466,11647912935402,btc_qm_engine,btc_sha256_elapsed_ns,773.0000000000
1378467,11647912935583,btc_qm_engine,btc_sha256_elapsed_ns,856.0000000000
1378468,11647912936371,btc_qm_engine,btc_sha256_nonce,2627388046.0000000000
1378469,11647912936769,btc_qm_engine,btc_sha256_nonce,1892162141.0000000000
1378470,11647912936953,btc_qm_engine,btc_leading_zeros,0.0000000000
1378471,11647912937202,btc_qm_engine,btc_sha256_nonce,3069572101.0000000000
1378472,11647912937363,btc_qm_engine,btc_leading_zeros,0.0000000000
1378473,11647912937515,btc_qm_engine,btc_sha256_elapsed_ns,1089.0000000000
1378474,11647912937741,btc_qm_engine,btc_sha256_nonce,167462765.0000000000
1378475,11647912938147,btc_qm_engine,btc_leading_zeros,4.0000000000
1378476,11647912938314,btc_qm_engine,btc_leading_zeros,0.0000000000
1378477,11647912938407,btc_qm_engine,btc_sha256_elapsed_ns,1044.0000000000
1378478,11647912938679,btc_qm_engine,btc_leading_zeros,2.0000000000
1378479,11647912938995,btc_qm_engine,btc_sha256_elapsed_ns,789.0000000000
1378480,11647912939325,btc_qm_engine,btc_leading_zeros,3.0000000000
1378481,11647912939428,btc_qm_engine,btc_sha256_nonce,893150867.0000000000
1378482,11647912939553,btc_qm_engine,btc_sha256_nonce,2245076982.0000000000
1378483,11647912939640,btc_qm_engine,btc_leading_zeros,0.0000000000
1378484,11647912939824,btc_qm_engine,btc_leading_zeros,0.0000000000
1378485,11647912939893,btc_qm_engine,btc_sha256_elapsed_ns,1012.0000000000
1378486,11647912940132,btc_qm_engine,btc_sha256_elapsed_ns,939.0000000000
1378487,11647912940656,btc_qm_engine,btc_leading_zeros,1.0000000000
1378488,11647912940826,btc_qm_engine,btc_sha256_nonce,4230466192.0000000000
1378489,11647912940899,btc_qm_engine,btc_leading_zeros,3.0000000000
1378490,11647912940951,btc_qm_engine,btc_sha256_elapsed_ns,791.0000000000
1378491,11647912941089,btc_qm_engine,btc_sha256_elapsed_ns,934.0000000000
1378492,11647912941255,btc_qm_engine,btc_sha256_nonce,2268462763.0000000000
1378493,11647912941339,btc_qm_engine,btc_leading_zeros,2.0000000000
1378494,11647912941407,btc_qm_engine,btc_sha256_elapsed_ns,1095.0000000000
1378495,11647912941524,btc_qm_engine,btc_sha256_elapsed_ns,1029.0000000000
1378496,11647912941769,btc_qm_engine,btc_leading_zeros,0.0000000000
1378497,11647912941890,btc_qm_engine,btc_sha256_nonce,3363350793.0000000000
1378498,11647912941971,btc_qm_engine,btc_leading_zeros,1.0000000000
1378499,11647912942185,btc_qm_engine,btc_sha256_elapsed_ns,1058.0000000000
1378500,11647912942440,btc_qm_engine,btc_sha256_nonce,2305866259.0000000000
1378501,11647912942666,btc_qm_engine,btc_sha256_nonce,1275658409.0000000000
1378502,11647912942908,btc_qm_engine,btc_sha256_nonce,2232848633.0000000000
1378503,11647912943052,btc_qm_engine,btc_leading_zeros,0.0000000000
1378504,11647912943130,btc_qm_engine,btc_sha256_elapsed_ns,1062.0000000000
1378505,11647912943344,btc_qm_engine,btc_sha256_nonce,3515689479.0000000000
1378506,11647912943575,btc_qm_engine,btc_sha256_nonce,4201063274.0000000000
1378507,11647912943772,btc_qm_engine,btc_sha256_elapsed_ns,963.0000000000
1378508,11647912944116,btc_qm_engine,btc_leading_zeros,4.0000000000
1378509,11647912944292,btc_qm_engine,btc_leading_zeros,0.0000000000
1378510,11647912944844,btc_qm_engine,btc_sha256_nonce,3403901663.0000000000
1378511,11647912944932,btc_qm_engine,btc_sha256_elapsed_ns,1073.0000000000
1378512,11647912945162,btc_qm_engine,btc_leading_zeros,0.0000000000
1378513,11647912945246,btc_qm_engine,btc_sha256_elapsed_ns,955.0000000000
1378514,11647912945612,btc_qm_engine,btc_sha256_nonce,1291999594.0000000000
1378515,11647912945695,btc_qm_engine,btc_leading_zeros,2.0000000000
1378516,11647912945776,btc_qm_engine,btc_leading_zeros,1.0000000000
1378517,11647912946102,btc_qm_engine,btc_sha256_elapsed_ns,902.0000000000
1378518,11647912946275,btc_qm_engine,btc_sha256_nonce,3012476995.0000000000
1378519,11647912946362,btc_qm_engine,btc_leading_zeros,2.0000000000
1378520,11647912946466,btc_qm_engine,btc_sha256_elapsed_ns,1056.0000000000
1378521,11647912946904,btc_qm_engine,btc_sha256_nonce,2803404477.0000000000
1378522,11647912946975,btc_qm_engine,btc_sha256_elapsed_ns,1065.0000000000
1378523,11647912947143,btc_qm_engine,btc_sha256_elapsed_ns,993.0000000000
1378524,11647912947410,btc_qm_engine,btc_sha256_elapsed_ns,1079.0000000000
1378525,11647912947501,btc_qm_engine,btc_leading_zeros,1.0000000000
1378526,11647912947685,btc_qm_engine,btc_sha256_nonce,3825254857.0000000000
1378527,11647912947767,btc_qm_engine,btc_leading_zeros,1.0000000000
1378528,11647912947942,btc_qm_engine,btc_sha256_elapsed_ns,1015.0000000000
1378529,11647912948021,btc_qm_engine,btc_sha256_nonce,3886459439.0000000000
1378530,11647912948099,btc_qm_engine,btc_leading_zeros,1.0000000000
1378531,11647912948176,btc_qm_engine,btc_sha256_elapsed_ns,999.0000000000
1378532,11647912948387,btc_qm_engine,btc_sha256_elapsed_ns,1038.0000000000
1378533,11647912948502,btc_qm_engine,btc_sha256_nonce,2817198809.0000000000
1378534,11647912948702,btc_qm_engine,btc_sha256_nonce,2207201048.0000000000
1378535,11647912949030,btc_qm_engine,btc_sha256_nonce,974091951.0000000000
1378536,11647912949109,btc_qm_engine,btc_leading_zeros,0.0000000000
1378537,11647912949264,btc_qm_engine,btc_leading_zeros,2.0000000000
1378538,11647912949340,btc_qm_engine,btc_sha256_elapsed_ns,975.0000000000
1378539,11647912949481,btc_qm_engine,btc_sha256_elapsed_ns,1041.0000000000
1378540,11647912949620,btc_qm_engine,btc_sha256_nonce,2897986485.0000000000
1378541,11647912949746,btc_qm_engine,btc_leading_zeros,1.0000000000
1378542,11647912949936,btc_qm_engine,btc_sha256_nonce,4087626975.0000000000
1378543,11647912950017,btc_qm_engine,btc_leading_zeros,3.0000000000
1378544,11647912950090,btc_qm_engine,btc_sha256_elapsed_ns,1051.0000000000
1378545,11647912950273,btc_qm_engine,btc_sha256_nonce,2113040671.0000000000
1378546,11647912950454,btc_qm_engine,btc_leading_zeros,1.0000000000
1378547,11647912950526,btc_qm_engine,btc_sha256_elapsed_ns,1151.0000000000
1378548,11647912950635,btc_qm_engine,btc_sha256_elapsed_ns,842.0000000000
1378549,11647912950842,btc_qm_engine,btc_sha256_nonce,2745112553.0000000000
1378550,11647912951287,btc_qm_engine,btc_leading_zeros,2.0000000000
1378551,11647912951495,btc_qm_engine,btc_leading_zeros,0.0000000000
1378552,11647912951785,btc_qm_engine,btc_sha256_nonce,1832276464.0000000000
1378553,11647912951985,btc_qm_engine,btc_sha256_elapsed_ns,1120.0000000000
1378554,11647912952296,btc_qm_engine,btc_sha256_nonce,2732844032.0000000000
1378555,11647912952502,btc_qm_engine,btc_sha256_nonce,1068469664.0000000000
1378556,11647912952737,btc_qm_engine,btc_sha256_elapsed_ns,1112.0000000000
1378557,11647912952887,btc_qm_engine,btc_leading_zeros,0.0000000000
1378558,11647912953180,btc_qm_engine,btc_sha256_nonce,1202285893.0000000000
1378559,11647912953253,btc_qm_engine,btc_leading_zeros,1.0000000000
1378560,11647912953336,btc_qm_engine,btc_sha256_elapsed_ns,1106.0000000000
1378561,11647912953682,btc_qm_engine,btc_sha256_nonce,4236028633.0000000000
1378562,11647912954150,btc_qm_engine,btc_sha256_nonce,3130342464.0000000000
1378563,11647912954403,btc_qm_engine,btc_leading_zeros,0.0000000000
1378564,11647912954547,btc_qm_engine,btc_leading_zeros,0.0000000000
1378565,11647912954740,btc_qm_engine,btc_leading_zeros,0.0000000000
1378566,11647912954815,btc_qm_engine,btc_sha256_elapsed_ns,921.0000000000
1378567,11647912955249,btc_qm_engine,btc_sha256_nonce,1793022700.0000000000
1378568,11647912955387,btc_qm_engine,btc_sha256_elapsed_ns,947.0000000000
1378569,11647912955592,btc_qm_engine,btc_leading_zeros,1.0000000000
1378570,11647912955757,btc_qm_engine,btc_leading_zeros,0.0000000000
1378571,11647912956085,btc_qm_engine,btc_sha256_nonce,2318870068.0000000000
1378572,11647912956275,btc_qm_engine,btc_sha256_elapsed_ns,902.0000000000
1378573,11647912956549,btc_qm_engine,btc_sha256_elapsed_ns,996.0000000000
1378574,11647912956824,btc_qm_engine,btc_leading_zeros,0.0000000000
1378575,11647912957017,btc_qm_engine,btc_sha256_nonce,1068781455.0000000000
1378576,11647912957128,btc_qm_engine,btc_sha256_elapsed_ns,1074.0000000000
1378577,11647912957391,btc_qm_engine,btc_leading_zeros,1.0000000000
1378578,11647912957469,btc_qm_engine,btc_sha256_elapsed_ns,1017.0000000000
1378579,11647912957632,btc_qm_engine,btc_sha256_nonce,4094422343.0000000000
1378580,11647912957712,btc_qm_engine,btc_leading_zeros,0.0000000000
1378581,11647912957772,btc_qm_engine,btc_sha256_elapsed_ns,1101.0000000000
1378582,11647912957956,btc_qm_engine,btc_leading_zeros,2.0000000000
1378583,11647912958182,btc_qm_engine,btc_sha256_nonce,1792467730.0000000000
1378584,11647912958381,btc_qm_engine,btc_sha256_elapsed_ns,1010.0000000000
1378585,11647912958616,btc_qm_engine,btc_leading_zeros,2.0000000000
1378586,11647912958772,btc_qm_engine,btc_sha256_nonce,1192034969.0000000000
1378587,11647912958873,btc_qm_engine,btc_leading_zeros,0.0000000000
1378588,11647912959051,btc_qm_engine,btc_sha256_nonce,2627771462.0000000000
1378589,11647912959228,btc_qm_engine,btc_sha256_elapsed_ns,1037.0000000000
1378590,11647912959461,btc_qm_engine,btc_sha256_elapsed_ns,1002.0000000000
1378591,11647912959594,btc_qm_engine,btc_sha256_elapsed_ns,1014.0000000000
1378592,11647912959775,btc_qm_engine,btc_leading_zeros,0.0000000000
1378593,11647912960216,btc_qm_engine,btc_sha256_nonce,2341283979.0000000000
1378594,11647912960308,btc_qm_engine,btc_sha256_nonce,1833277198.0000000000
1378595,11647912960569,btc_qm_engine,btc_sha256_elapsed_ns,1032.0000000000
1378596,11647912960728,btc_qm_engine,btc_leading_zeros,3.0000000000
1378597,11647912961101,btc_qm_engine,btc_sha256_nonce,120912097.0000000000
1378598,11647912961388,btc_qm_engine,btc_leading_zeros,4.0000000000
1378599,11647912961877,btc_qm_engine,btc_sha256_nonce,2178256405.0000000000
1378600,11647912961963,btc_qm_engine,btc_leading_zeros,0.0000000000
1378601,11647912962049,btc_qm_engine,btc_sha256_elapsed_ns,962.0000000000
1378602,11647912962194,btc_qm_engine,btc_sha256_nonce,1792630474.0000000000
1378603,11647912962344,btc_qm_engine,btc_sha256_elapsed_ns,1125.0000000000
1378604,11647912962596,btc_qm_engine,btc_sha256_elapsed_ns,813.0000000000
1378605,11647912963171,btc_qm_engine,btc_sha256_nonce,120584201.0000000000
1378606,11647912963244,btc_qm_engine,btc_leading_zeros,2.0000000000
1378607,11647912963297,btc_qm_engine,btc_sha256_elapsed_ns,907.0000000000
1378608,11647912963449,btc_qm_engine,btc_leading_zeros,0.0000000000
1378609,11647912963569,btc_qm_engine,btc_sha256_elapsed_ns,1104.0000000000
1378610,11647912964084,btc_qm_engine,btc_sha256_nonce,1499837713.0000000000
1378611,11647912964269,btc_qm_engine,btc_sha256_nonce,582718194.0000000000
1378612,11647912964340,btc_qm_engine,btc_leading_zeros,2.0000000000
1378613,11647912964412,btc_qm_engine,btc_sha256_elapsed_ns,750.0000000000
1378614,11647912964616,btc_qm_engine,btc_sha256_nonce,1819794554.0000000000
1378615,11647912964794,btc_qm_engine,btc_leading_zeros,2.0000000000
1378616,11647912965110,btc_qm_engine,btc_leading_zeros,2.0000000000
1378617,11647912965273,btc_qm_engine,btc_leading_zeros,1.0000000000
1378618,11647912965504,btc_qm_engine,btc_sha256_nonce,2517347394.0000000000
1378619,11647912965689,btc_qm_engine,btc_sha256_nonce,2627717564.0000000000
1378620,11647912966042,btc_qm_engine,btc_sha256_nonce,3288835058.0000000000
1378621,11647912966357,btc_qm_engine,btc_sha256_elapsed_ns,812.0000000000
1378622,11647912966522,btc_qm_engine,btc_leading_zeros,0.0000000000
1378623,11647912966749,btc_qm_engine,btc_sha256_elapsed_ns,966.0000000000
1378624,11647912966911,btc_qm_engine,btc_leading_zeros,0.0000000000
1378625,11647912966980,btc_qm_engine,btc_sha256_elapsed_ns,1070.0000000000
1378626,11647912967161,btc_qm_engine,btc_leading_zeros,4.0000000000
1378627,11647912967267,btc_qm_engine,btc_sha256_elapsed_ns,1032.0000000000
1378628,11647912967567,btc_qm_engine,btc_sha256_elapsed_ns,947.0000000000
1378629,11647912968054,btc_qm_engine,btc_sha256_elapsed_ns,1113.0000000000
1378630,11647912968145,btc_qm_engine,btc_sha256_nonce,2112286719.0000000000
1378631,11647912968240,btc_qm_engine,btc_leading_zeros,0.0000000000
1378632,11647912968466,btc_qm_engine,btc_sha256_elapsed_ns,927.0000000000
1378633,11647912968804,btc_qm_engine,btc_sha256_nonce,1287465167.0000000000
1378634,11647912969011,btc_qm_engine,btc_sha256_nonce,2745184829.0000000000
1378635,11647912969098,btc_qm_engine,btc_leading_zeros,0.0000000000
1378636,11647912969174,btc_qm_engine,btc_sha256_elapsed_ns,1038.0000000000
1378637,11647912969343,btc_qm_engine,btc_sha256_elapsed_ns,1090.0000000000
1378638,11647912969702,btc_qm_engine,btc_sha256_nonce,3886282828.0000000000
1378639,11647912969783,btc_qm_engine,btc_leading_zeros,0.0000000000
1378640,11647912969856,btc_qm_engine,btc_sha256_elapsed_ns,1118.0000000000
1378641,11647912970075,btc_qm_engine,btc_sha256_nonce,3367896930.0000000000
1378642,11647912970229,btc_qm_engine,btc_sha256_nonce,1523330274.0000000000
1378643,11647912970312,btc_qm_engine,btc_leading_zeros,2.0000000000
1378644,11647912970434,btc_qm_engine,btc_sha256_nonce,3460450215.0000000000
1378645,11647912970611,btc_qm_engine,btc_leading_zeros,0.0000000000
1378646,11647912971043,btc_qm_engine,btc_sha256_elapsed_ns,1086.0000000000
1378647,11647912971221,btc_qm_engine,btc_sha256_nonce,2697740703.0000000000
1378648,11647912971299,btc_qm_engine,btc_leading_zeros,1.0000000000
1378649,11647912971365,btc_qm_engine,btc_sha256_elapsed_ns,947.0000000000
1378650,11647912971710,btc_qm_engine,btc_sha256_nonce,3893087773.0000000000
1378651,11647912971982,btc_qm_engine,btc_leading_zeros,2.0000000000
1378652,11647912972146,btc_qm_engine,btc_leading_zeros,1.0000000000
1378653,11647912972583,btc_qm_engine,btc_sha256_elapsed_ns,937.0000000000
1378654,11647912972786,btc_qm_engine,btc_sha256_nonce,2526778211.0000000000
1378655,11647912972868,btc_qm_engine,btc_leading_zeros,0.0000000000
1378656,11647912972953,btc_qm_engine,btc_sha256_elapsed_ns,1052.0000000000
1378657,11647912973404,btc_qm_engine,btc_sha256_elapsed_ns,794.0000000000
1378658,11647912973776,btc_qm_engine,btc_sha256_elapsed_ns,1058.0000000000
1378659,11647912974129,btc_qm_engine,btc_sha256_nonce,3886616915.0000000000
1378660,11647912974205,btc_qm_engine,btc_leading_zeros,0.0000000000
1378661,11647912974274,btc_qm_engine,btc_sha256_elapsed_ns,820.0000000000
1378662,11647912974687,btc_qm_engine,btc_sha256_nonce,261980636.0000000000
1378663,11647912974764,btc_qm_engine,btc_leading_zeros,0.0000000000
1378664,11647912974820,btc_qm_engine,btc_sha256_elapsed_ns,800.0000000000
1378665,11647912975121,btc_qm_engine,btc_sha256_nonce,174501163.0000000000
1378666,11647912975205,btc_qm_engine,btc_leading_zeros,0.0000000000
1378667,11647912975305,btc_qm_engine,btc_sha256_elapsed_ns,1040.0000000000
1378668,11647912975799,btc_qm_engine,btc_sha256_nonce,3886915231.0000000000
1378669,11647912975951,btc_qm_engine,btc_sha256_nonce,442045572.0000000000
1378670,11647912976024,btc_qm_engine,btc_leading_zeros,0.0000000000
1378671,11647912976074,btc_qm_engine,btc_sha256_elapsed_ns,910.0000000000
1378672,11647912976184,btc_qm_engine,btc_leading_zeros,1.0000000000
1378673,11647912976464,btc_qm_engine,btc_leading_zeros,0.0000000000
1378674,11647912976690,btc_qm_engine,btc_sha256_nonce,2140927484.0000000000
1378675,11647912976789,btc_qm_engine,btc_leading_zeros,2.0000000000
1378676,11647912976863,btc_qm_engine,btc_sha256_elapsed_ns,1019.0000000000
1378677,11647912977013,btc_qm_engine,btc_sha256_elapsed_ns,992.0000000000
1378678,11647912977226,btc_qm_engine,btc_sha256_nonce,2752838244.0000000000
1378679,11647912977576,btc_qm_engine,btc_sha256_nonce,3770594.0000000000
1378680,11647912977750,btc_qm_engine,btc_leading_zeros,3.0000000000
1378681,11647912977907,btc_qm_engine,btc_sha256_nonce,3571550381.0000000000
1378682,11647912978397,btc_qm_engine,btc_sha256_nonce,1798743933.0000000000
1378683,11647912978679,btc_qm_engine,btc_sha256_nonce,3825537843.0000000000
1378684,11647912979001,btc_qm_engine,btc_sha256_elapsed_ns,825.0000000000
1378685,11647912979154,btc_qm_engine,btc_leading_zeros,0.0000000000
1378686,11647912979335,btc_qm_engine,btc_leading_zeros,2.0000000000
1378687,11647912979416,btc_qm_engine,btc_sha256_elapsed_ns,1054.0000000000
1378688,11647912979609,btc_qm_engine,btc_leading_zeros,0.0000000000
1378689,11647912979736,btc_qm_engine,btc_sha256_elapsed_ns,814.0000000000
1378690,11647912980006,btc_qm_engine,btc_sha256_nonce,244304027.0000000000
1378691,11647912980306,btc_qm_engine,btc_leading_zeros,0.0000000000
1378692,11647912980390,btc_qm_engine,btc_sha256_elapsed_ns,734.0000000000
1378693,11647912980484,btc_qm_engine,btc_sha256_elapsed_ns,1092.0000000000
1378694,11647912980715,btc_qm_engine,btc_sha256_nonce,1973289128.0000000000
1378695,11647912980924,btc_qm_engine,btc_leading_zeros,0.0000000000
1378696,11647912981335,btc_qm_engine,btc_sha256_nonce,4067746916.0000000000
1378697,11647912981562,btc_qm_engine,btc_sha256_nonce,59468905.0000000000
1378698,11647912981653,btc_qm_engine,btc_leading_zeros,1.0000000000
1378699,11647912981719,btc_qm_engine,btc_sha256_elapsed_ns,949.0000000000
1378700,11647912981834,btc_qm_engine,btc_leading_zeros,0.0000000000
1378701,11647912981903,btc_qm_engine,btc_sha256_elapsed_ns,853.0000000000
1378702,11647912982025,btc_qm_engine,btc_sha256_nonce,3661695193.0000000000
1378703,11647912982106,btc_qm_engine,btc_leading_zeros,0.0000000000
1378704,11647912982177,btc_qm_engine,btc_sha256_elapsed_ns,973.0000000000
1378705,11647912982644,btc_qm_engine,btc_sha256_nonce,2539400240.0000000000
1378706,11647912982719,btc_qm_engine,btc_leading_zeros,0.0000000000
1378707,11647912982784,btc_qm_engine,btc_sha256_elapsed_ns,731.0000000000
1378708,11647912982960,btc_qm_engine,btc_sha256_nonce,1792924651.0000000000
1378709,11647912983266,btc_qm_engine,btc_sha256_elapsed_ns,1015.0000000000
1378710,11647912983564,btc_qm_engine,btc_sha256_nonce,1123272625.0000000000
1378711,11647912983741,btc_qm_engine,btc_sha256_nonce,377443670.0000000000
1378712,11647912983886,btc_qm_engine,btc_sha256_elapsed_ns,733.0000000000
1378713,11647912984662,btc_qm_engine,btc_leading_zeros,0.0000000000
1378714,11647912984781,btc_qm_engine,btc_sha256_elapsed_ns,826.0000000000
1378715,11647912984866,btc_qm_engine,btc_sha256_nonce,3886467645.0000000000
1378716,11647912985293,btc_qm_engine,btc_leading_zeros,3.0000000000
1378717,11647912985427,btc_qm_engine,btc_sha256_nonce,870085381.0000000000
1378718,11647912985770,btc_qm_engine,btc_sha256_nonce,2773453056.0000000000
1378719,11647912986007,btc_qm_engine,btc_leading_zeros,0.0000000000
1378720,11647912986076,btc_qm_engine,btc_sha256_elapsed_ns,992.0000000000
1378721,11647912986193,btc_qm_engine,btc_leading_zeros,0.0000000000
1378722,11647912986389,btc_qm_engine,btc_sha256_nonce,782364797.0000000000
1378723,11647912986865,btc_qm_engine,btc_sha256_elapsed_ns,854.0000000000
1378724,11647912987103,btc_qm_engine,btc_sha256_elapsed_ns,775.0000000000
1378725,11647912987268,btc_qm_engine,btc_leading_zeros,1.0000000000
1378726,11647912987428,btc_qm_engine,btc_leading_zeros,0.0000000000
1378727,11647912987585,btc_qm_engine,btc_leading_zeros,0.0000000000
1378728,11647912987800,btc_qm_engine,btc_sha256_elapsed_ns,971.0000000000
1378729,11647912988162,btc_qm_engine,btc_sha256_nonce,533287998.0000000000
1378730,11647912988346,btc_qm_engine,btc_sha256_elapsed_ns,1089.0000000000
1378731,11647912988651,btc_qm_engine,btc_sha256_nonce,4046072935.0000000000
1378732,11647912988727,btc_qm_engine,btc_leading_zeros,0.0000000000
1378733,11647912988797,btc_qm_engine,btc_sha256_elapsed_ns,929.0000000000
1378734,11647912989014,btc_qm_engine,btc_leading_zeros,0.0000000000
1378735,11647912989291,btc_qm_engine,btc_leading_zeros,0.0000000000
1378736,11647912989382,btc_qm_engine,btc_sha256_elapsed_ns,847.0000000000
1378737,11647912989494,btc_qm_engine,btc_sha256_elapsed_ns,1013.0000000000
1378738,11647912989674,btc_qm_engine,btc_sha256_elapsed_ns,1051.0000000000
1378739,11647912989859,btc_qm_engine,btc_sha256_nonce,4105600316.0000000000
1378740,11647912990119,btc_qm_engine,btc_leading_zeros,0.0000000000
1378741,11647912990187,btc_qm_engine,btc_sha256_elapsed_ns,738.0000000000
1378742,11647912990323,btc_qm_engine,btc_sha256_nonce,162277414.0000000000
1378743,11647912990539,btc_qm_engine,btc_leading_zeros,2.0000000000
1378744,11647912990896,btc_qm_engine,btc_sha256_nonce,1105108100.0000000000
1378745,11647912991127,btc_qm_engine,btc_sha256_nonce,3825564699.0000000000
1378746,11647912991396,btc_qm_engine,btc_sha256_nonce,130151251.0000000000
1378747,11647912991471,btc_qm_engine,btc_leading_zeros,1.0000000000
1378748,11647912991538,btc_qm_engine,btc_sha256_elapsed_ns,1038.0000000000
1378749,11647912991848,btc_qm_engine,btc_leading_zeros,0.0000000000
1378750,11647912991963,btc_qm_engine,btc_sha256_nonce,488601851.0000000000
1378751,11647912992179,btc_qm_engine,btc_sha256_elapsed_ns,814.0000000000
1378752,11647912992354,btc_qm_engine,btc_leading_zeros,0.0000000000
1378753,11647912992703,btc_qm_engine,btc_sha256_elapsed_ns,811.0000000000
1378754,11647912992913,btc_qm_engine,btc_sha256_nonce,2213092541.0000000000
1378755,11647912992992,btc_qm_engine,btc_leading_zeros,0.0000000000
1378756,11647912993062,btc_qm_engine,btc_sha256_elapsed_ns,1076.0000000000
1378757,11647912993214,btc_qm_engine,btc_sha256_nonce,3302698748.0000000000
1378758,11647912993294,btc_qm_engine,btc_leading_zeros,0.0000000000
1378759,11647912993557,btc_qm_engine,btc_sha256_nonce,3245339012.0000000000
1378760,11647912993748,btc_qm_engine,btc_sha256_elapsed_ns,767.0000000000
1378761,11647912993979,btc_qm_engine,btc_leading_zeros,1.0000000000
1378762,11647912994057,btc_qm_engine,btc_sha256_elapsed_ns,903.0000000000
1378763,11647912994263,btc_qm_engine,btc_sha256_nonce,3968961147.0000000000
1378764,11647912994696,btc_qm_engine,btc_leading_zeros,1.0000000000
1378765,11647912994839,btc_qm_engine,btc_leading_zeros,1.0000000000
1378766,11647912994915,btc_qm_engine,btc_sha256_elapsed_ns,1023.0000000000
1378767,11647912995121,btc_qm_engine,btc_sha256_nonce,936076974.0000000000
1378768,11647912995267,btc_qm_engine,btc_sha256_nonce,3098139719.0000000000
1378769,11647912995701,btc_qm_engine,btc_leading_zeros,0.0000000000
1378770,11647912995921,btc_qm_engine,btc_sha256_nonce,1857104185.0000000000
1378771,11647912996122,btc_qm_engine,btc_sha256_nonce,4125960896.0000000000
1378772,11647912996194,btc_qm_engine,btc_leading_zeros,2.0000000000
1378773,11647912996408,btc_qm_engine,btc_sha256_elapsed_ns,948.0000000000
1378774,11647912996507,btc_qm_engine,btc_leading_zeros,4.0000000000
1378775,11647912996651,btc_qm_engine,btc_sha256_elapsed_ns,973.0000000000
1378776,11647912996858,btc_qm_engine,btc_leading_zeros,2.0000000000
1378777,11647912996946,btc_qm_engine,btc_sha256_elapsed_ns,1026.0000000000
1378778,11647912997058,btc_qm_engine,btc_sha256_elapsed_ns,1082.0000000000
1378779,11647912997187,btc_qm_engine,btc_sha256_elapsed_ns,733.0000000000
1378780,11647912997585,btc_qm_engine,btc_sha256_elapsed_ns,986.0000000000
1378781,11647912997762,btc_qm_engine,btc_sha256_nonce,1006811476.0000000000
1378782,11647912997838,btc_qm_engine,btc_leading_zeros,1.0000000000
1378783,11647912997909,btc_qm_engine,btc_sha256_elapsed_ns,1071.0000000000
1378784,11647912998260,btc_qm_engine,btc_sha256_nonce,3683623329.0000000000
1378785,11647912998407,btc_qm_engine,btc_leading_zeros,2.0000000000
1378786,11647912998802,btc_qm_engine,btc_sha256_nonce,1792529209.0000000000
1378787,11647912998944,btc_qm_engine,btc_sha256_nonce,1412750868.0000000000
1378788,11647912999188,btc_qm_engine,btc_sha256_nonce,1187742836.0000000000
1378789,11647912999698,btc_qm_engine,btc_sha256_nonce,3239638001.0000000000
1378790,11647912999880,btc_qm_engine,btc_leading_zeros,0.0000000000
1378791,11647912999958,btc_qm_engine,btc_sha256_elapsed_ns,963.0000000000
1378792,11647913005570,btc_qm_engine,btc_leading_zeros,0.0000000000
1378793,11647913006003,btc_qm_engine,btc_sha256_nonce,3966001462.0000000000
1378794,11647913006505,btc_qm_engine,btc_sha256_elapsed_ns,1097.0000000000
1378795,11647913007220,btc_qm_engine,btc_leading_zeros,3.0000000000
1378796,11647913007293,btc_qm_engine,btc_sha256_elapsed_ns,1069.0000000000
1378797,11647913008329,btc_qm_engine,btc_sha256_elapsed_ns,1066.0000000000
1378798,11647913008421,btc_qm_engine,btc_sha256_nonce,4282277839.0000000000
1378799,11647913008497,btc_qm_engine,btc_leading_zeros,1.0000000000
1378800,11647913008749,btc_qm_engine,btc_sha256_nonce,3715198268.0000000000
1378801,11647913009201,btc_qm_engine,btc_sha256_elapsed_ns,967.0000000000
1378802,11647913010106,btc_qm_engine,btc_sha256_nonce,1025866808.0000000000
1378803,11647913010180,btc_qm_engine,btc_leading_zeros,0.0000000000
1378804,11647913010318,btc_qm_engine,btc_sha256_elapsed_ns,1034.0000000000
1378805,11647913010735,btc_qm_engine,btc_leading_zeros,1.0000000000
1378806,11647913011630,btc_qm_engine,btc_sha256_nonce,2180088017.0000000000
1378807,11647913011804,btc_qm_engine,btc_sha256_nonce,3252094641.0000000000
1378808,11647913011972,btc_qm_engine,btc_leading_zeros,3.0000000000
1378809,11647913012375,btc_qm_engine,btc_sha256_elapsed_ns,976.0000000000
1378810,11647913012540,btc_qm_engine,btc_leading_zeros,0.0000000000
1378811,11647913012881,btc_qm_engine,btc_leading_zeros,0.0000000000
1378812,11647913013230,btc_qm_engine,btc_sha256_elapsed_ns,1094.0000000000
1378813,11647913013352,btc_qm_engine,btc_sha256_elapsed_ns,983.0000000000
1378814,11647913013508,btc_qm_engine,btc_sha256_nonce,2628036641.0000000000
1378815,11647913013595,btc_qm_engine,btc_sha256_elapsed_ns,1118.0000000000
1378816,11647913013979,btc_qm_engine,btc_leading_zeros,1.0000000000
1378817,11647913014297,btc_qm_engine,btc_sha256_elapsed_ns,825.0000000000
1378818,11647913014475,btc_qm_engine,btc_sha256_elapsed_ns,1020.0000000000
1378819,11647913014955,btc_qm_engine,btc_sha256_nonce,1022553525.0000000000
1378820,11647913015277,btc_qm_engine,btc_sha256_nonce,241518092.0000000000
1378821,11647913015435,btc_qm_engine,btc_leading_zeros,2.0000000000
1378822,11647913015519,btc_qm_engine,btc_sha256_elapsed_ns,1066.0000000000
1378823,11647913015640,btc_qm_engine,btc_sha256_nonce,322447029.0000000000
1378824,11647913015754,btc_qm_engine,btc_leading_zeros,4.0000000000
1378825,11647913015829,btc_qm_engine,btc_sha256_nonce,896713599.0000000000
1378826,11647913016330,btc_qm_engine,btc_sha256_nonce,1558997965.0000000000
1378827,11647913016616,btc_qm_engine,btc_sha256_nonce,2502556452.0000000000
1378828,11647913016714,btc_qm_engine,btc_leading_zeros,0.0000000000
1378829,11647913016782,btc_qm_engine,btc_sha256_elapsed_ns,850.0000000000
1378830,11647913017119,btc_qm_engine,btc_sha256_nonce,65381354.0000000000
1378831,11647913017369,btc_qm_engine,btc_leading_zeros,1.0000000000
1378832,11647913017442,btc_qm_engine,btc_sha256_elapsed_ns,912.0000000000
1378833,11647913017627,btc_qm_engine,btc_leading_zeros,4.0000000000
1378834,11647913017756,btc_qm_engine,btc_sha256_nonce,2776149649.0000000000
1378835,11647913017827,btc_qm_engine,btc_leading_zeros,0.0000000000
1378836,11647913017876,btc_qm_engine,btc_sha256_elapsed_ns,728.0000000000
1378837,11647913018078,btc_qm_engine,btc_sha256_elapsed_ns,1063.0000000000
1378838,11647913018275,btc_qm_engine,btc_sha256_elapsed_ns,791.0000000000
1378839,11647913018614,btc_qm_engine,btc_sha256_nonce,4068522486.0000000000
1378840,11647913018762,btc_qm_engine,btc_leading_zeros,0.0000000000
1378841,11647913018990,btc_qm_engine,btc_sha256_nonce,1734776793.0000000000
1378842,11647913019054,btc_qm_engine,btc_leading_zeros,0.0000000000
1378843,11647913019145,btc_qm_engine,btc_sha256_elapsed_ns,918.0000000000
1378844,11647913019243,btc_qm_engine,btc_leading_zeros,1.0000000000
1378845,11647913019393,btc_qm_engine,btc_sha256_elapsed_ns,1100.0000000000
1378846,11647913019595,btc_qm_engine,btc_sha256_elapsed_ns,857.0000000000
1378847,11647913019720,btc_qm_engine,btc_sha256_nonce,3901465289.0000000000
1378848,11647913019813,btc_qm_engine,btc_leading_zeros,1.0000000000
1378849,11647913019881,btc_qm_engine,btc_sha256_elapsed_ns,903.0000000000
1378850,11647913020409,btc_qm_engine,btc_sha256_nonce,1834753610.0000000000
1378851,11647913020505,btc_qm_engine,btc_leading_zeros,0.0000000000
1378852,11647913020577,btc_qm_engine,btc_sha256_elapsed_ns,1038.0000000000
1378853,11647913020673,btc_qm_engine,btc_sha256_nonce,2112468673.0000000000
1378854,11647913020750,btc_qm_engine,btc_leading_zeros,0.0000000000
1378855,11647913020913,btc_qm_engine,btc_sha256_nonce,2070786691.0000000000
1378856,11647913021001,btc_qm_engine,btc_leading_zeros,0.0000000000
1378857,11647913021086,btc_qm_engine,btc_sha256_elapsed_ns,758.0000000000
1378858,11647913021248,btc_qm_engine,btc_sha256_nonce,836874901.0000000000
1378859,11647913021456,btc_qm_engine,btc_sha256_elapsed_ns,1059.0000000000
1378860,11647913021658,btc_qm_engine,btc_leading_zeros,1.0000000000
1378861,11647913021771,btc_qm_engine,btc_sha256_nonce,3764699551.0000000000
1378862,11647913021847,btc_qm_engine,btc_leading_zeros,1.0000000000
1378863,11647913021955,btc_qm_engine,btc_sha256_elapsed_ns,948.0000000000
1378864,11647913022148,btc_qm_engine,btc_sha256_nonce,3629185012.0000000000
1378865,11647913022417,btc_qm_engine,btc_sha256_elapsed_ns,940.0000000000
1378866,11647913022714,btc_qm_engine,btc_leading_zeros,0.0000000000
1378867,11647913023303,btc_qm_engine,btc_leading_zeros,0.0000000000
1378868,11647913023632,btc_qm_engine,btc_sha256_nonce,1734313937.0000000000
1378869,11647913023861,btc_qm_engine,btc_sha256_elapsed_ns,795.0000000000
1378870,11647913024098,btc_qm_engine,btc_leading_zeros,0.0000000000
1378871,11647913024545,btc_qm_engine,btc_sha256_nonce,965009497.0000000000
1378872,11647913024670,btc_qm_engine,btc_sha256_elapsed_ns,905.0000000000
1378873,11647913024803,btc_qm_engine,btc_sha256_nonce,3135022989.0000000000
1378874,11647913025001,btc_qm_engine,btc_leading_zeros,0.0000000000
1378875,11647913025458,btc_qm_engine,btc_leading_zeros,2.0000000000
1378876,11647913025564,btc_qm_engine,btc_sha256_elapsed_ns,832.0000000000
1378877,11647913025859,btc_qm_engine,btc_sha256_elapsed_ns,713.0000000000
1378878,11647913026016,btc_qm_engine,btc_sha256_nonce,2244213325.0000000000
1378879,11647913026474,btc_qm_engine,btc_sha256_elapsed_ns,1103.0000000000
1378880,11647913026651,btc_qm_engine,btc_leading_zeros,4.0000000000
1378881,11647913026724,btc_qm_engine,btc_sha256_elapsed_ns,1040.0000000000
1378882,11647913026865,btc_qm_engine,btc_sha256_nonce,4257650617.0000000000
1378883,11647913026936,btc_qm_engine,btc_leading_zeros,1.0000000000
1378884,11647913027002,btc_qm_engine,btc_sha256_nonce,1180492838.0000000000
1378885,11647913027191,btc_qm_engine,btc_sha256_elapsed_ns,770.0000000000
1378886,11647913027375,btc_qm_engine,btc_leading_zeros,0.0000000000
1378887,11647913027444,btc_qm_engine,btc_sha256_elapsed_ns,771.0000000000
1378888,11647913028097,btc_qm_engine,btc_sha256_nonce,1792854131.0000000000
1378889,11647913028429,btc_qm_engine,btc_leading_zeros,0.0000000000
1378890,11647913028727,btc_qm_engine,btc_sha256_nonce,2858330170.0000000000
1378891,11647913029232,btc_qm_engine,btc_sha256_nonce,4067441778.0000000000
1378892,11647913029417,btc_qm_engine,btc_sha256_elapsed_ns,777.0000000000
1378893,11647913029570,btc_qm_engine,btc_sha256_nonce,1698932479.0000000000
1378894,11647913029921,btc_qm_engine,btc_leading_zeros,0.0000000000
1378895,11647913030133,btc_qm_engine,btc_sha256_elapsed_ns,866.0000000000
1378896,11647913030589,btc_qm_engine,btc_leading_zeros,0.0000000000
1378897,11647913030784,btc_qm_engine,btc_sha256_nonce,4043437190.0000000000
1378898,11647913030856,btc_qm_engine,btc_leading_zeros,0.0000000000
1378899,11647913030955,btc_qm_engine,btc_sha256_elapsed_ns,747.0000000000
1378900,11647913031416,btc_qm_engine,btc_sha256_elapsed_ns,789.0000000000
1378901,11647913031874,btc_qm_engine,btc_sha256_nonce,1080300558.0000000000
1378902,11647913032173,btc_qm_engine,btc_leading_zeros,2.0000000000
1378903,11647913032432,btc_qm_engine,btc_sha256_nonce,759164162.0000000000
1378904,11647913032511,btc_qm_engine,btc_leading_zeros,1.0000000000
1378905,11647913032710,btc_qm_engine,btc_sha256_elapsed_ns,962.0000000000
1378906,11647913032963,btc_qm_engine,btc_sha256_nonce,4068502744.0000000000
1378907,11647913033155,btc_qm_engine,btc_sha256_elapsed_ns,752.0000000000
1378908,11647913033427,btc_qm_engine,btc_leading_zeros,0.0000000000
1378909,11647913033705,btc_qm_engine,btc_sha256_elapsed_ns,864.0000000000
1378910,11647913033834,btc_qm_engine,btc_leading_zeros,0.0000000000
1378911,11647913034132,btc_qm_engine,btc_sha256_elapsed_ns,815.0000000000
1378912,11647913034262,btc_qm_engine,btc_leading_zeros,0.0000000000
1378913,11647913034398,btc_qm_engine,btc_sha256_nonce,4181334396.0000000000
1378914,11647913034640,btc_qm_engine,btc_sha256_nonce,667250201.0000000000
1378915,11647913034717,btc_qm_engine,btc_leading_zeros,0.0000000000
1378916,11647913034847,btc_qm_engine,btc_sha256_elapsed_ns,716.0000000000
1378917,11647913035104,btc_qm_engine,btc_sha256_nonce,150521921.0000000000
1378918,11647913035181,btc_qm_engine,btc_leading_zeros,0.0000000000
1378919,11647913035235,btc_qm_engine,btc_sha256_elapsed_ns,752.0000000000
1378920,11647913035382,btc_qm_engine,btc_leading_zeros,1.0000000000
1378921,11647913035687,btc_qm_engine,btc_sha256_elapsed_ns,755.0000000000
1378922,11647913035774,btc_qm_engine,btc_sha256_nonce,1734537868.0000000000
1378923,11647913036112,btc_qm_engine,btc_leading_zeros,1.0000000000
1378924,11647913036260,btc_qm_engine,btc_sha256_elapsed_ns,1101.0000000000
1378925,11647913036697,btc_qm_engine,btc_sha256_nonce,2834242218.0000000000
1378926,11647913037018,btc_qm_engine,btc_leading_zeros,2.0000000000
1378927,11647913037089,btc_qm_engine,btc_sha256_elapsed_ns,778.0000000000
1378928,11647913037530,btc_qm_engine,btc_sha256_nonce,1250734018.0000000000
1378929,11647913037820,btc_qm_engine,btc_leading_zeros,3.0000000000
1378930,11647913037874,btc_qm_engine,btc_sha256_elapsed_ns,775.0000000000
1378931,11647913038049,btc_qm_engine,btc_sha256_nonce,3842090437.0000000000
1378932,11647913038275,btc_qm_engine,btc_sha256_nonce,4271141696.0000000000
1378933,11647913038413,btc_qm_engine,btc_leading_zeros,0.0000000000
1378934,11647913038585,btc_qm_engine,btc_leading_zeros,2.0000000000
1378935,11647913038652,btc_qm_engine,btc_sha256_elapsed_ns,794.0000000000
1378936,11647913038888,btc_qm_engine,btc_sha256_nonce,4067479855.0000000000
1378937,11647913039088,btc_qm_engine,btc_sha256_elapsed_ns,923.0000000000
1378938,11647913039296,btc_qm_engine,btc_leading_zeros,0.0000000000
1378939,11647913039611,btc_qm_engine,btc_sha256_nonce,2561868081.0000000000
1378940,11647913039688,btc_qm_engine,btc_leading_zeros,0.0000000000
1378941,11647913039838,btc_qm_engine,btc_sha256_elapsed_ns,729.0000000000
1378942,11647913040127,btc_qm_engine,btc_sha256_nonce,4191383427.0000000000
1378943,11647913040294,btc_qm_engine,btc_sha256_elapsed_ns,759.0000000000
1378944,11647913040474,btc_qm_engine,btc_sha256_nonce,1994606753.0000000000
1378945,11647913040769,btc_qm_engine,btc_sha256_nonce,846324878.0000000000
1378946,11647913040899,btc_qm_engine,btc_leading_zeros,1.0000000000
1378947,11647913041045,btc_qm_engine,btc_leading_zeros,2.0000000000
1378948,11647913041151,btc_qm_engine,btc_sha256_elapsed_ns,1126.0000000000
1378949,11647913041284,btc_qm_engine,btc_leading_zeros,4.0000000000
1378950,11647913041406,btc_qm_engine,btc_sha256_elapsed_ns,734.0000000000
1378951,11647913041619,btc_qm_engine,btc_sha256_nonce,3612849061.0000000000
1378952,11647913042056,btc_qm_engine,btc_sha256_elapsed_ns,715.0000000000
1378953,11647913042255,btc_qm_engine,btc_sha256_nonce,3464317820.0000000000
1378954,11647913042348,btc_qm_engine,btc_leading_zeros,0.0000000000
1378955,11647913042603,btc_qm_engine,btc_sha256_elapsed_ns,885.0000000000
1378956,11647913042979,btc_qm_engine,btc_sha256_nonce,3332687887.0000000000
1378957,11647913043306,btc_qm_engine,btc_leading_zeros,0.0000000000
1378958,11647913043366,btc_qm_engine,btc_sha256_elapsed_ns,763.0000000000
1378959,11647913043600,btc_qm_engine,btc_sha256_nonce,2966475470.0000000000
1378960,11647913043675,btc_qm_engine,btc_leading_zeros,1.0000000000
1378961,11647913043726,btc_qm_engine,btc_sha256_elapsed_ns,812.0000000000
1378962,11647913044324,btc_qm_engine,btc_sha256_nonce,3159885239.0000000000
1378963,11647913044540,btc_qm_engine,btc_leading_zeros,0.0000000000
1378964,11647913044788,btc_qm_engine,btc_sha256_elapsed_ns,754.0000000000
1378965,11647913044943,btc_qm_engine,btc_leading_zeros,1.0000000000
1378966,11647913045046,btc_qm_engine,btc_sha256_elapsed_ns,1109.0000000000
1378967,11647913045196,btc_qm_engine,btc_sha256_nonce,2214284842.0000000000
1378968,11647913045307,btc_qm_engine,btc_sha256_nonce,214326619.0000000000
1378969,11647913045499,btc_qm_engine,btc_leading_zeros,0.0000000000
1378970,11647913045573,btc_qm_engine,btc_sha256_elapsed_ns,741.0000000000
1378971,11647913045735,btc_qm_engine,btc_leading_zeros,1.0000000000
1378972,11647913046031,btc_qm_engine,btc_sha256_elapsed_ns,817.0000000000
1378973,11647913046297,btc_qm_engine,btc_sha256_nonce,3825884588.0000000000
1378974,11647913046378,btc_qm_engine,btc_leading_zeros,0.0000000000
1378975,11647913046524,btc_qm_engine,btc_sha256_elapsed_ns,736.0000000000
1378976,11647913046690,btc_qm_engine,btc_sha256_nonce,802108242.0000000000
1378977,11647913046761,btc_qm_engine,btc_leading_zeros,8.0000000000
1378978,11647913046813,btc_qm_engine,btc_sha256_elapsed_ns,795.0000000000
1378979,11647913046999,btc_qm_engine,btc_sha256_elapsed_ns,964.0000000000
1378980,11647913047229,btc_qm_engine,btc_sha256_nonce,4058205359.0000000000
1378981,11647913047791,btc_qm_engine,btc_sha256_nonce,1733791550.0000000000
1378982,11647913047959,btc_qm_engine,btc_sha256_nonce,3825256707.0000000000
1378983,11647913048072,btc_qm_engine,btc_leading_zeros,8.0000000000
1378984,11647913048302,btc_qm_engine,btc_leading_zeros,0.0000000000
1378985,11647913048540,btc_qm_engine,btc_leading_zeros,4.0000000000
1378986,11647913048650,btc_qm_engine,btc_sha256_nonce,1510082525.0000000000
1378987,11647913049316,btc_qm_engine,btc_sha256_nonce,4068158010.0000000000
1378988,11647913049537,btc_qm_engine,btc_leading_zeros,0.0000000000
1378989,11647913049643,btc_qm_engine,btc_sha256_elapsed_ns,961.0000000000
1378990,11647913049817,btc_qm_engine,btc_sha256_nonce,3063142159.0000000000
1378991,11647913050229,btc_qm_engine,btc_leading_zeros,0.0000000000
1378992,11647913050589,btc_qm_engine,btc_sha256_nonce,3565871291.0000000000
1378993,11647913050772,btc_qm_engine,btc_sha256_elapsed_ns,748.0000000000
1378994,11647913051212,btc_qm_engine,btc_leading_zeros,1.0000000000
1378995,11647913051548,btc_qm_engine,btc_sha256_elapsed_ns,1164.0000000000
1378996,11647913051927,btc_qm_engine,btc_sha256_elapsed_ns,742.0000000000
1378997,11647913052165,btc_qm_engine,btc_sha256_nonce,3295501917.0000000000
1378998,11647913052245,btc_qm_engine,btc_leading_zeros,0.0000000000
1378999,11647913052297,btc_qm_engine,btc_sha256_elapsed_ns,823.0000000000
1379000,11647913052567,btc_qm_engine,btc_leading_zeros,0.0000000000
1379001,11647913052703,btc_qm_engine,btc_sha256_elapsed_ns,31011.0000000000
1379002,11647913053272,btc_qm_engine,btc_sha256_nonce,4175841819.0000000000
1379003,11647913053411,btc_qm_engine,btc_sha256_nonce,995298438.0000000000
1379004,11647913053578,btc_qm_engine,btc_sha256_nonce,2112576989.0000000000
1379005,11647913054150,btc_qm_engine,btc_sha256_elapsed_ns,840.0000000000
1379006,11647913054645,btc_qm_engine,btc_leading_zeros,1.0000000000
1379007,11647913054925,btc_qm_engine,btc_sha256_nonce,2627107538.0000000000
1379008,11647913055178,btc_qm_engine,btc_sha256_elapsed_ns,984.0000000000
1379009,11647913055372,btc_qm_engine,btc_leading_zeros,0.0000000000
1379010,11647913055450,btc_qm_engine,btc_sha256_elapsed_ns,1108.0000000000
1379011,11647913056798,btc_qm_engine,btc_sha256_nonce,859921445.0000000000
1379012,11647913057026,btc_qm_engine,btc_sha256_nonce,3924308576.0000000000
1379013,11647913057199,btc_qm_engine,btc_leading_zeros,1.0000000000
1379014,11647913057625,btc_qm_engine,btc_sha256_nonce,1962387701.0000000000
1379015,11647913057805,btc_qm_engine,btc_sha256_elapsed_ns,1155.0000000000
1379016,11647913058408,btc_qm_engine,btc_sha256_nonce,2670062815.0000000000
1379017,11647913058538,btc_qm_engine,btc_sha256_elapsed_ns,1063.0000000000
1379018,11647913058773,btc_qm_engine,btc_leading_zeros,0.0000000000
1379019,11647913058843,btc_qm_engine,btc_sha256_elapsed_ns,777.0000000000
1379020,11647913059400,btc_qm_engine,btc_leading_zeros,0.0000000000
1379021,11647913059738,btc_qm_engine,btc_sha256_nonce,337820786.0000000000
1379022,11647913059905,btc_qm_engine,btc_sha256_nonce,4002742384.0000000000
1379023,11647913060086,btc_qm_engine,btc_sha256_elapsed_ns,859.0000000000
1379024,11647913060317,btc_qm_engine,btc_leading_zeros,1.0000000000
1379025,11647913060731,btc_qm_engine,btc_leading_zeros,3.0000000000
1379026,11647913060946,btc_qm_engine,btc_leading_zeros,0.0000000000
1379027,11647913061017,btc_qm_engine,btc_sha256_elapsed_ns,1153.0000000000
1379028,11647913061197,btc_qm_engine,btc_sha256_elapsed_ns,1119.0000000000
1379029,11647913061353,btc_qm_engine,btc_sha256_elapsed_ns,1053.0000000000
1379030,11647913061687,btc_qm_engine,btc_leading_zeros,3.0000000000
1379031,11647913062050,btc_qm_engine,btc_sha256_elapsed_ns,740.0000000000
1379032,11647913062301,btc_qm_engine,btc_sha256_nonce,3742934609.0000000000
1379033,11647913062386,btc_qm_engine,btc_leading_zeros,4.0000000000
1379034,11647913062458,btc_qm_engine,btc_sha256_elapsed_ns,1034.0000000000
1379035,11647913062743,btc_qm_engine,btc_sha256_nonce,2981127708.0000000000
1379036,11647913062835,btc_qm_engine,btc_sha256_nonce,501293903.0000000000
1379037,11647913063157,btc_qm_engine,btc_leading_zeros,1.0000000000
1379038,11647913063443,btc_qm_engine,btc_sha256_nonce,2627432475.0000000000
1379039,11647913063612,btc_qm_engine,btc_leading_zeros,0.0000000000
1379040,11647913063790,btc_qm_engine,btc_sha256_nonce,2162403931.0000000000
1379041,11647913063927,btc_qm_engine,btc_sha256_nonce,758119497.0000000000
1379042,11647913064057,btc_qm_engine,btc_sha256_elapsed_ns,1117.0000000000
1379043,11647913064536,btc_qm_engine,btc_leading_zeros,2.0000000000
1379044,11647913064652,btc_qm_engine,btc_leading_zeros,1.0000000000
1379045,11647913064723,btc_qm_engine,btc_sha256_elapsed_ns,944.0000000000
1379046,11647913064872,btc_qm_engine,btc_sha256_elapsed_ns,1105.0000000000
1379047,11647913065110,btc_qm_engine,btc_sha256_nonce,1429696423.0000000000
1379048,11647913065422,btc_qm_engine,btc_sha256_nonce,2671912915.0000000000
1379049,11647913065504,btc_qm_engine,btc_leading_zeros,3.0000000000
1379050,11647913065835,btc_qm_engine,btc_sha256_nonce,2628087081.0000000000
1379051,11647913066043,btc_qm_engine,btc_leading_zeros,0.0000000000
1379052,11647913066198,btc_qm_engine,btc_sha256_elapsed_ns,1104.0000000000
1379053,11647913066533,btc_qm_engine,btc_sha256_nonce,4027977362.0000000000
1379054,11647913066864,btc_qm_engine,btc_leading_zeros,1.0000000000
1379055,11647913067222,btc_qm_engine,btc_leading_zeros,0.0000000000
1379056,11647913067527,btc_qm_engine,btc_sha256_nonce,159387186.0000000000
1379057,11647913067641,btc_qm_engine,btc_leading_zeros,2.0000000000
1379058,11647913067693,btc_qm_engine,btc_sha256_elapsed_ns,1080.0000000000
1379059,11647913067772,btc_qm_engine,btc_sha256_elapsed_ns,1072.0000000000
1379060,11647913067906,btc_qm_engine,btc_sha256_elapsed_ns,933.0000000000
1379061,11647913068815,btc_qm_engine,btc_sha256_elapsed_ns,731.0000000000
1379062,11647913069084,btc_qm_engine,btc_sha256_nonce,2112340247.0000000000
1379063,11647913069162,btc_qm_engine,btc_leading_zeros,0.0000000000
1379064,11647913069291,btc_qm_engine,btc_sha256_nonce,1284822595.0000000000
1379065,11647913069514,btc_qm_engine,btc_leading_zeros,0.0000000000
1379066,11647913069798,btc_qm_engine,btc_sha256_elapsed_ns,1128.0000000000
1379067,11647913070045,btc_qm_engine,btc_sha256_elapsed_ns,1079.0000000000
1379068,11647913070534,btc_qm_engine,btc_leading_zeros,0.0000000000
1379069,11647913070918,btc_qm_engine,btc_sha256_elapsed_ns,1083.0000000000
1379070,11647913071220,btc_qm_engine,btc_leading_zeros,0.0000000000
1379071,11647913071412,btc_qm_engine,btc_sha256_nonce,1916120048.0000000000
1379072,11647913071490,btc_qm_engine,btc_leading_zeros,0.0000000000
1379073,11647913071632,btc_qm_engine,btc_sha256_elapsed_ns,1025.0000000000
1379074,11647913071902,btc_qm_engine,btc_sha256_nonce,1285370680.0000000000
1379075,11647913071990,btc_qm_engine,btc_leading_zeros,1.0000000000
1379076,11647913072372,btc_qm_engine,btc_sha256_elapsed_ns,723.0000000000
1379077,11647913072477,btc_qm_engine,btc_sha256_elapsed_ns,1066.0000000000
1379078,11647913072680,btc_qm_engine,btc_sha256_nonce,3343946540.0000000000
1379079,11647913073072,btc_qm_engine,btc_leading_zeros,0.0000000000
1379080,11647913073155,btc_qm_engine,btc_sha256_elapsed_ns,1049.0000000000
1379081,11647913073329,btc_qm_engine,btc_sha256_nonce,3841450782.0000000000
1379082,11647913073550,btc_qm_engine,btc_sha256_nonce,981246633.0000000000
1379083,11647913073615,btc_qm_engine,btc_leading_zeros,3.0000000000
1379084,11647913073779,btc_qm_engine,btc_sha256_nonce,4156225360.0000000000
1379085,11647913074076,btc_qm_engine,btc_sha256_elapsed_ns,732.0000000000
1379086,11647913074283,btc_qm_engine,btc_leading_zeros,0.0000000000
1379087,11647913074870,btc_qm_engine,btc_sha256_nonce,852323704.0000000000
1379088,11647913075068,btc_qm_engine,btc_sha256_elapsed_ns,902.0000000000
1379089,11647913075324,btc_qm_engine,btc_leading_zeros,1.0000000000
1379090,11647913075686,btc_qm_engine,btc_leading_zeros,2.0000000000
1379091,11647913076026,btc_qm_engine,btc_sha256_elapsed_ns,941.0000000000
1379092,11647913076108,btc_qm_engine,btc_sha256_elapsed_ns,1020.0000000000
1379093,11647913076435,btc_qm_engine,btc_sha256_nonce,2412214803.0000000000
1379094,11647913076531,btc_qm_engine,btc_sha256_nonce,809813395.0000000000
1379095,11647913076612,btc_qm_engine,btc_leading_zeros,1.0000000000
1379096,11647913076679,btc_qm_engine,btc_sha256_elapsed_ns,1008.0000000000
1379097,11647913076818,btc_qm_engine,btc_leading_zeros,1.0000000000
1379098,11647913076897,btc_qm_engine,btc_sha256_elapsed_ns,959.0000000000
1379099,11647913077394,btc_qm_engine,btc_sha256_nonce,2679287921.0000000000
1379100,11647913077472,btc_qm_engine,btc_leading_zeros,1.0000000000
1379101,11647913077550,btc_qm_engine,btc_sha256_elapsed_ns,1113.0000000000
1379102,11647913077671,btc_qm_engine,btc_sha256_nonce,3659331406.0000000000
1379103,11647913077748,btc_qm_engine,btc_leading_zeros,1.0000000000
1379104,11647913077891,btc_qm_engine,btc_sha256_elapsed_ns,1089.0000000000
1379105,11647913078063,btc_qm_engine,btc_sha256_nonce,1792866088.0000000000
1379106,11647913078177,btc_qm_engine,btc_leading_zeros,0.0000000000
1379107,11647913078651,btc_qm_engine,btc_sha256_nonce,4119486735.0000000000
1379108,11647913078829,btc_qm_engine,btc_sha256_elapsed_ns,1107.0000000000
1379109,11647913079330,btc_qm_engine,btc_sha256_nonce,3485107907.0000000000
1379110,11647913079476,btc_qm_engine,btc_sha256_nonce,2901666970.0000000000
1379111,11647913079552,btc_qm_engine,btc_leading_zeros,3.0000000000
1379112,11647913079626,btc_qm_engine,btc_sha256_elapsed_ns,1001.0000000000
1379113,11647913079748,btc_qm_engine,btc_leading_zeros,0.0000000000
1379114,11647913079828,btc_qm_engine,btc_sha256_elapsed_ns,1095.0000000000
1379115,11647913080338,btc_qm_engine,btc_sha256_elapsed_ns,1037.0000000000
1379116,11647913080600,btc_qm_engine,btc_sha256_nonce,100206668.0000000000
1379117,11647913080668,btc_qm_engine,btc_leading_zeros,0.0000000000
1379118,11647913080736,btc_qm_engine,btc_sha256_elapsed_ns,1040.0000000000
1379119,11647913080949,btc_qm_engine,btc_sha256_nonce,2086008280.0000000000
1379120,11647913081024,btc_qm_engine,btc_leading_zeros,1.0000000000
1379121,11647913081238,btc_qm_engine,btc_sha256_nonce,2363062513.0000000000
1379122,11647913081305,btc_qm_engine,btc_leading_zeros,1.0000000000
1379123,11647913081398,btc_qm_engine,btc_sha256_elapsed_ns,830.0000000000
1379124,11647913081508,btc_qm_engine,btc_leading_zeros,1.0000000000
1379125,11647913081662,btc_qm_engine,btc_sha256_elapsed_ns,1051.0000000000
1379126,11647913081786,btc_qm_engine,btc_sha256_elapsed_ns,747.0000000000
1379127,11647913081952,btc_qm_engine,btc_sha256_nonce,1792093637.0000000000
1379128,11647913082363,btc_qm_engine,btc_leading_zeros,0.0000000000
1379129,11647913082499,btc_qm_engine,btc_sha256_nonce,1072537800.0000000000
1379130,11647913082892,btc_qm_engine,btc_sha256_nonce,1312901100.0000000000
1379131,11647913083082,btc_qm_engine,btc_leading_zeros,1.0000000000
1379132,11647913083695,btc_qm_engine,btc_sha256_nonce,3211091619.0000000000
1379133,11647913083774,btc_qm_engine,btc_sha256_elapsed_ns,997.0000000000
1379134,11647913083969,btc_qm_engine,btc_sha256_elapsed_ns,928.0000000000
1379135,11647913084096,btc_qm_engine,btc_leading_zeros,0.0000000000
1379136,11647913084632,btc_qm_engine,btc_sha256_nonce,2627028561.0000000000
1379137,11647913084764,btc_qm_engine,btc_sha256_elapsed_ns,979.0000000000
1379138,11647913084924,btc_qm_engine,btc_sha256_nonce,1345186138.0000000000
1379139,11647913085035,btc_qm_engine,btc_leading_zeros,0.0000000000
1379140,11647913085443,btc_qm_engine,btc_sha256_nonce,2108151067.0000000000
1379141,11647913085650,btc_qm_engine,btc_sha256_elapsed_ns,944.0000000000
1379142,11647913086040,btc_qm_engine,btc_sha256_nonce,2322129895.0000000000
1379143,11647913086562,btc_qm_engine,btc_leading_zeros,0.0000000000
1379144,11647913086732,btc_qm_engine,btc_leading_zeros,4.0000000000
1379145,11647913086929,btc_qm_engine,btc_sha256_elapsed_ns,1061.0000000000
1379146,11647913087267,btc_qm_engine,btc_sha256_nonce,588332864.0000000000
1379147,11647913087457,btc_qm_engine,btc_sha256_elapsed_ns,996.0000000000
1379148,11647913087665,btc_qm_engine,btc_leading_zeros,1.0000000000
1379149,11647913087721,btc_qm_engine,btc_sha256_elapsed_ns,935.0000000000
1379150,11647913088070,btc_qm_engine,btc_sha256_nonce,2733469921.0000000000
1379151,11647913088292,btc_qm_engine,btc_sha256_nonce,3370256231.0000000000
1379152,11647913088604,btc_qm_engine,btc_leading_zeros,1.0000000000
1379153,11647913088798,btc_qm_engine,btc_leading_zeros,2.0000000000
1379154,11647913088913,btc_qm_engine,btc_sha256_nonce,2618120996.0000000000
1379155,11647913089126,btc_qm_engine,btc_leading_zeros,2.0000000000
1379156,11647913089243,btc_qm_engine,btc_sha256_elapsed_ns,991.0000000000
1379157,11647913089401,btc_qm_engine,btc_sha256_nonce,1395544393.0000000000
1379158,11647913090009,btc_qm_engine,btc_sha256_elapsed_ns,1001.0000000000
1379159,11647913090238,btc_qm_engine,btc_leading_zeros,0.0000000000
1379160,11647913090323,btc_qm_engine,btc_sha256_elapsed_ns,963.0000000000
1379161,11647913090720,btc_qm_engine,btc_sha256_nonce,356772124.0000000000
1379162,11647913090948,btc_qm_engine,btc_sha256_nonce,69804983.0000000000
1379163,11647913091030,btc_qm_engine,btc_leading_zeros,0.0000000000
1379164,11647913091236,btc_qm_engine,btc_sha256_elapsed_ns,731.0000000000
1379165,11647913091603,btc_qm_engine,btc_leading_zeros,0.0000000000
1379166,11647913091696,btc_qm_engine,btc_leading_zeros,4.0000000000
1379167,11647913092251,btc_qm_engine,btc_sha256_elapsed_ns,948.0000000000
1379168,11647913092384,btc_qm_engine,btc_sha256_elapsed_ns,932.0000000000
1379169,11647913092816,btc_qm_engine,btc_leading_zeros,1.0000000000
1379170,11647913093638,btc_qm_engine,btc_sha256_nonce,2627289531.0000000000
1379171,11647913093718,btc_qm_engine,btc_leading_zeros,2.0000000000
1379172,11647913093818,btc_qm_engine,btc_sha256_elapsed_ns,981.0000000000
1379173,11647913094078,btc_qm_engine,btc_sha256_elapsed_ns,789.0000000000
1379174,11647913094943,btc_qm_engine,btc_sha256_nonce,747395950.0000000000
1379175,11647913095016,btc_qm_engine,btc_leading_zeros,1.0000000000
1379176,11647913095076,btc_qm_engine,btc_sha256_elapsed_ns,904.0000000000
1379177,11647913095279,btc_qm_engine,btc_sha256_elapsed_ns,745.0000000000
1379178,11647913095481,btc_qm_engine,btc_sha256_nonce,892662564.0000000000
1379179,11647913095561,btc_qm_engine,btc_leading_zeros,1.0000000000
1379180,11647913095623,btc_qm_engine,btc_sha256_elapsed_ns,835.0000000000
1379181,11647913096124,btc_qm_engine,btc_sha256_nonce,1819767528.0000000000
1379182,11647913096199,btc_qm_engine,btc_leading_zeros,3.0000000000
1379183,11647913096260,btc_qm_engine,btc_sha256_elapsed_ns,813.0000000000
1379184,11647913096532,btc_qm_engine,btc_sha256_nonce,3079350751.0000000000
1379185,11647913097057,btc_qm_engine,btc_sha256_nonce,3539429093.0000000000
1379186,11647913097222,btc_qm_engine,btc_sha256_nonce,2627242116.0000000000
1379187,11647913097437,btc_qm_engine,btc_leading_zeros,1.0000000000
1379188,11647913097502,btc_qm_engine,btc_sha256_elapsed_ns,751.0000000000
1379189,11647913097723,btc_qm_engine,btc_leading_zeros,0.0000000000
1379190,11647913097980,btc_qm_engine,btc_leading_zeros,1.0000000000
1379191,11647913098115,btc_qm_engine,btc_sha256_elapsed_ns,718.0000000000
1379192,11647913098293,btc_qm_engine,btc_sha256_elapsed_ns,927.0000000000
1379193,11647913098438,btc_qm_engine,btc_sha256_nonce,2443953226.0000000000
1379194,11647913098516,btc_qm_engine,btc_leading_zeros,0.0000000000
1379195,11647913098564,btc_qm_engine,btc_sha256_elapsed_ns,717.0000000000
1379196,11647913098994,btc_qm_engine,btc_sha256_nonce,419768835.0000000000
1379197,11647913099089,btc_qm_engine,btc_leading_zeros,4.0000000000
1379198,11647913099172,btc_qm_engine,btc_sha256_elapsed_ns,1080.0000000000
1379199,11647913099277,btc_qm_engine,btc_sha256_nonce,2627403333.0000000000
1379200,11647913099457,btc_qm_engine,btc_leading_zeros,2.0000000000
1379201,11647913099591,btc_qm_engine,btc_sha256_nonce,3212064832.0000000000
1379202,11647913099695,btc_qm_engine,btc_leading_zeros,1.0000000000
1379203,11647913099746,btc_qm_engine,btc_sha256_elapsed_ns,814.0000000000
1379204,11647913099904,btc_qm_engine,btc_sha256_elapsed_ns,780.0000000000
1379205,11647913100162,btc_qm_engine,btc_sha256_nonce,5578780.0000000000
1379206,11647913100438,btc_qm_engine,btc_sha256_nonce,1734169654.0000000000
1379207,11647913100608,btc_qm_engine,btc_leading_zeros,0.0000000000
1379208,11647913100850,btc_qm_engine,btc_sha256_nonce,3865442850.0000000000
1379209,11647913100936,btc_qm_engine,btc_leading_zeros,0.0000000000
1379210,11647913101143,btc_qm_engine,btc_leading_zeros,1.0000000000
1379211,11647913101358,btc_qm_engine,btc_sha256_elapsed_ns,738.0000000000
1379212,11647913101553,btc_qm_engine,btc_sha256_elapsed_ns,1032.0000000000
1379213,11647913101810,btc_qm_engine,btc_sha256_elapsed_ns,854.0000000000
1379214,11647913102552,btc_qm_engine,btc_sha256_nonce,3534295844.0000000000
1379215,11647913102627,btc_qm_engine,btc_leading_zeros,0.0000000000
1379216,11647913102764,btc_qm_engine,btc_sha256_elapsed_ns,745.0000000000
1379217,11647913102913,btc_qm_engine,btc_sha256_nonce,3225523782.0000000000
1379218,11647913102992,btc_qm_engine,btc_leading_zeros,0.0000000000
1379219,11647913103188,btc_qm_engine,btc_sha256_nonce,3875673520.0000000000
1379220,11647913103807,btc_qm_engine,btc_sha256_elapsed_ns,719.0000000000
1379221,11647913103992,btc_qm_engine,btc_leading_zeros,0.0000000000
1379222,11647913104620,btc_qm_engine,btc_sha256_elapsed_ns,672.0000000000
1379223,11647913105084,btc_qm_engine,btc_sha256_nonce,3918534802.0000000000
1379224,11647913105340,btc_qm_engine,btc_sha256_nonce,898535112.0000000000
1379225,11647913105923,btc_qm_engine,btc_leading_zeros,0.0000000000
1379226,11647913106133,btc_qm_engine,btc_sha256_nonce,1559338480.0000000000
1379227,11647913106296,btc_qm_engine,btc_leading_zeros,0.0000000000
1379228,11647913106546,btc_qm_engine,btc_sha256_nonce,3825527651.0000000000
1379229,11647913106763,btc_qm_engine,btc_leading_zeros,4.0000000000
1379230,11647913106949,btc_qm_engine,btc_leading_zeros,2.0000000000
1379231,11647913107119,btc_qm_engine,btc_sha256_elapsed_ns,37689.0000000000
1379232,11647913107385,btc_qm_engine,btc_sha256_elapsed_ns,792.0000000000
1379233,11647913107569,btc_qm_engine,btc_sha256_elapsed_ns,735.0000000000
1379234,11647913107714,btc_qm_engine,btc_sha256_nonce,1557876451.0000000000
1379235,11647913107789,btc_qm_engine,btc_leading_zeros,1.0000000000
1379236,11647913107838,btc_qm_engine,btc_sha256_elapsed_ns,761.0000000000
1379237,11647913108126,btc_qm_engine,btc_sha256_elapsed_ns,944.0000000000
1379238,11647913108529,btc_qm_engine,btc_sha256_nonce,578688603.0000000000
1379239,11647913108605,btc_qm_engine,btc_leading_zeros,0.0000000000
1379240,11647913108813,btc_qm_engine,btc_sha256_nonce,4019374075.0000000000
1379241,11647913109143,btc_qm_engine,btc_sha256_nonce,4068673239.0000000000
1379242,11647913109220,btc_qm_engine,btc_leading_zeros,0.0000000000
1379243,11647913109287,btc_qm_engine,btc_sha256_elapsed_ns,1090.0000000000
1379244,11647913109578,btc_qm_engine,btc_leading_zeros,0.0000000000
1379245,11647913109808,btc_qm_engine,btc_sha256_nonce,3467828750.0000000000
1379246,11647913110162,btc_qm_engine,btc_sha256_elapsed_ns,741.0000000000
1379247,11647913110315,btc_qm_engine,btc_sha256_elapsed_ns,727.0000000000
1379248,11647913110454,btc_qm_engine,btc_leading_zeros,3.0000000000
1379249,11647913110520,btc_qm_engine,btc_sha256_elapsed_ns,1032.0000000000
1379250,11647913110649,btc_qm_engine,btc_sha256_nonce,1961336534.0000000000
1379251,11647913110992,btc_qm_engine,btc_sha256_nonce,3493706691.0000000000
1379252,11647913111335,btc_qm_engine,btc_leading_zeros,3.0000000000
1379253,11647913111451,btc_qm_engine,btc_sha256_nonce,1887831885.0000000000
1379254,11647913111683,btc_qm_engine,btc_sha256_nonce,3685475662.0000000000
1379255,11647913111803,btc_qm_engine,btc_sha256_nonce,2806107970.0000000000
1379256,11647913111888,btc_qm_engine,btc_leading_zeros,0.0000000000
1379257,11647913111975,btc_qm_engine,btc_sha256_elapsed_ns,1040.0000000000
1379258,11647913112078,btc_qm_engine,btc_sha256_elapsed_ns,816.0000000000
1379259,11647913112194,btc_qm_engine,btc_leading_zeros,1.0000000000
1379260,11647913112375,btc_qm_engine,btc_leading_zeros,1.0000000000
1379261,11647913112821,btc_qm_engine,btc_sha256_elapsed_ns,797.0000000000
1379262,11647913112992,btc_qm_engine,btc_sha256_elapsed_ns,737.0000000000
1379263,11647913113086,btc_qm_engine,btc_leading_zeros,4.0000000000
1379264,11647913113381,btc_qm_engine,btc_sha256_nonce,761990100.0000000000
1379265,11647913113465,btc_qm_engine,btc_leading_zeros,0.0000000000
1379266,11647913113668,btc_qm_engine,btc_sha256_elapsed_ns,882.0000000000
1379267,11647913117375,btc_qm_engine,btc_sha256_nonce,2295054601.0000000000
1379268,11647913118253,btc_qm_engine,btc_leading_zeros,1.0000000000
1379269,11647913118340,btc_qm_engine,btc_sha256_elapsed_ns,946.0000000000
1379270,11647913118649,btc_qm_engine,btc_sha256_nonce,3899823331.0000000000
1379271,11647913118727,btc_qm_engine,btc_leading_zeros,1.0000000000
1379272,11647913118800,btc_qm_engine,btc_sha256_elapsed_ns,1039.0000000000
1379273,11647913119666,btc_qm_engine,btc_sha256_nonce,1734319251.0000000000
1379274,11647913119735,btc_qm_engine,btc_leading_zeros,0.0000000000
1379275,11647913119811,btc_qm_engine,btc_sha256_elapsed_ns,1081.0000000000
1379276,11647913120110,btc_qm_engine,btc_sha256_nonce,3829347800.0000000000
1379277,11647913120184,btc_qm_engine,btc_leading_zeros,0.0000000000
1379278,11647913120256,btc_qm_engine,btc_sha256_elapsed_ns,1107.0000000000
1379279,11647913121128,btc_qm_engine,btc_sha256_nonce,1733824351.0000000000
1379280,11647913121553,btc_qm_engine,btc_sha256_nonce,3453353736.0000000000
1379281,11647913121633,btc_qm_engine,btc_sha256_nonce,411503155.0000000000
1379282,11647913122162,btc_qm_engine,btc_leading_zeros,0.0000000000
1379283,11647913122506,btc_qm_engine,btc_sha256_elapsed_ns,1107.0000000000
1379284,11647913122971,btc_qm_engine,btc_sha256_elapsed_ns,712.0000000000
1379285,11647913123915,btc_qm_engine,btc_sha256_nonce,4068615935.0000000000
1379286,11647913123968,btc_qm_engine,btc_leading_zeros,2.0000000000
1379287,11647913124020,btc_qm_engine,btc_sha256_elapsed_ns,716.0000000000
1379288,11647913124436,btc_qm_engine,btc_leading_zeros,0.0000000000
1379289,11647913124537,btc_qm_engine,btc_sha256_elapsed_ns,713.0000000000
1379290,11647913124697,btc_qm_engine,btc_sha256_nonce,3886885410.0000000000
1379291,11647913124930,btc_qm_engine,btc_sha256_nonce,1939937540.0000000000
1379292,11647913125000,btc_qm_engine,btc_leading_zeros,1.0000000000
1379293,11647913125058,btc_qm_engine,btc_sha256_elapsed_ns,714.0000000000
1379294,11647913125225,btc_qm_engine,btc_leading_zeros,0.0000000000
1379295,11647913125495,btc_qm_engine,btc_sha256_nonce,1724500214.0000000000
1379296,11647913125642,btc_qm_engine,btc_leading_zeros,0.0000000000
1379297,11647913125975,btc_qm_engine,btc_sha256_elapsed_ns,719.0000000000
1379298,11647913126173,btc_qm_engine,btc_sha256_nonce,3078114946.0000000000
1379299,11647913126571,btc_qm_engine,btc_sha256_elapsed_ns,924.0000000000
1379300,11647913126788,btc_qm_engine,btc_leading_zeros,0.0000000000
1379301,11647913127047,btc_qm_engine,btc_leading_zeros,3.0000000000
1379302,11647913127181,btc_qm_engine,btc_sha256_nonce,2359734890.0000000000
1379303,11647913127410,btc_qm_engine,btc_leading_zeros,1.0000000000
1379304,11647913127800,btc_qm_engine,btc_sha256_elapsed_ns,710.0000000000
1379305,11647913127933,btc_qm_engine,btc_sha256_elapsed_ns,715.0000000000
1379306,11647913128023,btc_qm_engine,btc_sha256_elapsed_ns,1087.0000000000
1379307,11647913128417,btc_qm_engine,btc_sha256_nonce,3160703422.0000000000
1379308,11647913128751,btc_qm_engine,btc_leading_zeros,1.0000000000
1379309,11647913128826,btc_qm_engine,btc_sha256_elapsed_ns,872.0000000000
1379310,11647913129334,btc_qm_engine,btc_sha256_nonce,2673214021.0000000000
1379311,11647913129566,btc_qm_engine,btc_sha256_nonce,1311478363.0000000000
1379312,11647913129749,btc_qm_engine,btc_leading_zeros,0.0000000000
1379313,11647913130142,btc_qm_engine,btc_sha256_nonce,754372578.0000000000
1379314,11647913130323,btc_qm_engine,btc_sha256_elapsed_ns,725.0000000000
1379315,11647913130627,btc_qm_engine,btc_sha256_nonce,3101518771.0000000000
1379316,11647913130700,btc_qm_engine,btc_leading_zeros,0.0000000000
1379317,11647913130772,btc_qm_engine,btc_sha256_elapsed_ns,950.0000000000
1379318,11647913131656,btc_qm_engine,btc_sha256_nonce,90978943.0000000000
1379319,11647913131726,btc_qm_engine,btc_leading_zeros,4.0000000000
1379320,11647913131792,btc_qm_engine,btc_sha256_elapsed_ns,740.0000000000
1379321,11647913132132,btc_qm_engine,btc_sha256_nonce,3885957403.0000000000
1379322,11647913132220,btc_qm_engine,btc_leading_zeros,0.0000000000
1379323,11647913132297,btc_qm_engine,btc_sha256_elapsed_ns,1091.0000000000
1379324,11647913132764,btc_qm_engine,btc_sha256_nonce,2780490800.0000000000
1379325,11647913133133,btc_qm_engine,btc_leading_zeros,0.0000000000
1379326,11647913133471,btc_qm_engine,btc_leading_zeros,0.0000000000
1379327,11647913133638,btc_qm_engine,btc_sha256_elapsed_ns,719.0000000000
1379328,11647913133847,btc_qm_engine,btc_sha256_elapsed_ns,1035.0000000000
1379329,11647913134001,btc_qm_engine,btc_sha256_nonce,157273568.0000000000
1379330,11647913134315,btc_qm_engine,btc_leading_zeros,1.0000000000
1379331,11647913134394,btc_qm_engine,btc_sha256_elapsed_ns,983.0000000000
1379332,11647913134585,btc_qm_engine,btc_sha256_nonce,695129795.0000000000
1379333,11647913134655,btc_qm_engine,btc_leading_zeros,0.0000000000
1379334,11647913134718,btc_qm_engine,btc_sha256_elapsed_ns,715.0000000000
1379335,11647913134822,btc_qm_engine,btc_sha256_nonce,655208584.0000000000
1379336,11647913134890,btc_qm_engine,btc_leading_zeros,1.0000000000
1379337,11647913134959,btc_qm_engine,btc_sha256_elapsed_ns,721.0000000000
1379338,11647913135378,btc_qm_engine,btc_sha256_nonce,2918456495.0000000000
1379339,11647913135478,btc_qm_engine,btc_leading_zeros,4.0000000000
1379340,11647913135545,btc_qm_engine,btc_sha256_elapsed_ns,758.0000000000
1379341,11647913135662,btc_qm_engine,btc_sha256_nonce,3106335641.0000000000
1379342,11647913135738,btc_qm_engine,btc_leading_zeros,1.0000000000
1379343,11647913135791,btc_qm_engine,btc_sha256_elapsed_ns,710.0000000000
1379344,11647913135903,btc_qm_engine,btc_sha256_nonce,4067824671.0000000000
1379345,11647913135971,btc_qm_engine,btc_leading_zeros,4.0000000000
1379346,11647913136037,btc_qm_engine,btc_sha256_elapsed_ns,734.0000000000
1379347,11647913136553,btc_qm_engine,btc_sha256_nonce,3561556136.0000000000
1379348,11647913136630,btc_qm_engine,btc_leading_zeros,0.0000000000
1379349,11647913138515,btc_qm_engine,btc_leading_zeros,0.0000000000
1379350,11647913139298,btc_qm_engine,btc_sha256_elapsed_ns,1014.0000000000
1379351,11647913139742,btc_qm_engine,btc_sha256_nonce,3823134790.0000000000
1379352,11647913143274,btc_qm_engine,btc_sha256_nonce,1988294797.0000000000
1379353,11647913143355,btc_qm_engine,btc_leading_zeros,2.0000000000
1379354,11647913143405,btc_qm_engine,btc_sha256_elapsed_ns,20508.0000000000
1379355,11647913144001,btc_qm_engine,btc_leading_zeros,0.0000000000
1379356,11647913144365,btc_qm_engine,btc_sha256_nonce,1189020096.0000000000
1379357,11647913144445,btc_qm_engine,btc_sha256_nonce,719692110.0000000000
1379358,11647913144793,btc_qm_engine,btc_leading_zeros,3.0000000000
1379359,11647913144868,btc_qm_engine,btc_sha256_elapsed_ns,719.0000000000
1379360,11647913145010,btc_qm_engine,btc_leading_zeros,1.0000000000
1379361,11647913145419,btc_qm_engine,btc_sha256_elapsed_ns,717.0000000000
1379362,11647913145552,btc_qm_engine,btc_sha256_elapsed_ns,758.0000000000
1379363,11647913145870,btc_qm_engine,btc_sha256_nonce,462276991.0000000000
1379364,11647913145951,btc_qm_engine,btc_leading_zeros,0.0000000000
1379365,11647913146004,btc_qm_engine,btc_sha256_elapsed_ns,790.0000000000
1379366,11647913146375,btc_qm_engine,btc_sha256_nonce,2331854039.0000000000
1379367,11647913146651,btc_qm_engine,btc_sha256_nonce,918277732.0000000000
1379368,11647913146841,btc_qm_engine,btc_leading_zeros,4.0000000000
1379369,11647913147023,btc_qm_engine,btc_sha256_nonce,594214071.0000000000
1379370,11647913147124,btc_qm_engine,btc_leading_zeros,1.0000000000
1379371,11647913147288,btc_qm_engine,btc_sha256_elapsed_ns,950.0000000000
1379372,11647913149995,btc_qm_engine,btc_sha256_elapsed_ns,766.0000000000
1379373,11647913151972,btc_qm_engine,btc_sha256_elapsed_ns,776.0000000000
1379374,11647913152235,btc_qm_engine,btc_sha256_nonce,4257154716.0000000000
1379375,11647913152613,btc_qm_engine,btc_leading_zeros,0.0000000000
1379376,11647913152684,btc_qm_engine,btc_sha256_elapsed_ns,1107.0000000000
1379377,11647913152935,btc_qm_engine,btc_sha256_nonce,3264296135.0000000000
1379378,11647913153004,btc_qm_engine,btc_leading_zeros,0.0000000000
1379379,11647913153072,btc_qm_engine,btc_sha256_elapsed_ns,715.0000000000
1379380,11647913153555,btc_qm_engine,btc_sha256_nonce,1552412696.0000000000
1379381,11647913153911,btc_qm_engine,btc_leading_zeros,0.0000000000
1379382,11647913154149,btc_qm_engine,btc_sha256_nonce,1734482687.0000000000
1379383,11647913154225,btc_qm_engine,btc_leading_zeros,4.0000000000
1379384,11647913154290,btc_qm_engine,btc_sha256_elapsed_ns,1073.0000000000
1379385,11647913154525,btc_qm_engine,btc_sha256_nonce,1443882848.0000000000
1379386,11647913154670,btc_qm_engine,btc_sha256_elapsed_ns,1026.0000000000
1379387,11647913154886,btc_qm_engine,btc_leading_zeros,0.0000000000
1379388,11647913155446,btc_qm_engine,btc_sha256_nonce,369575532.0000000000
1379389,11647913155650,btc_qm_engine,btc_sha256_elapsed_ns,779.0000000000
1379390,11647913155968,btc_qm_engine,btc_leading_zeros,0.0000000000
1379391,11647913156103,btc_qm_engine,btc_leading_zeros,1.0000000000
1379392,11647913156171,btc_qm_engine,btc_sha256_elapsed_ns,937.0000000000
1379393,11647913156326,btc_qm_engine,btc_sha256_elapsed_ns,750.0000000000
1379394,11647913156588,btc_qm_engine,btc_sha256_nonce,2907745721.0000000000
1379395,11647913156667,btc_qm_engine,btc_leading_zeros,0.0000000000
1379396,11647913156717,btc_qm_engine,btc_sha256_elapsed_ns,720.0000000000
1379397,11647913157366,btc_qm_engine,btc_sha256_nonce,1637359471.0000000000
1379398,11647913157521,btc_qm_engine,btc_sha256_nonce,1740653895.0000000000
1379399,11647913157717,btc_qm_engine,btc_sha256_nonce,942739111.0000000000
1379400,11647913157801,btc_qm_engine,btc_leading_zeros,0.0000000000
1379401,11647913157978,btc_qm_engine,btc_leading_zeros,2.0000000000
1379402,11647913158102,btc_qm_engine,btc_sha256_nonce,440329227.0000000000
1379403,11647913158225,btc_qm_engine,btc_leading_zeros,1.0000000000
1379404,11647913158338,btc_qm_engine,btc_sha256_elapsed_ns,713.0000000000
1379405,11647913158633,btc_qm_engine,btc_sha256_elapsed_ns,1056.0000000000
1379406,11647913158753,btc_qm_engine,btc_sha256_elapsed_ns,804.0000000000
1379407,11647913159062,btc_qm_engine,btc_leading_zeros,1.0000000000
1379408,11647913159287,btc_qm_engine,btc_sha256_nonce,1844871088.0000000000
1379409,11647913159336,btc_qm_engine,btc_leading_zeros,2.0000000000
1379410,11647913159387,btc_qm_engine,btc_sha256_elapsed_ns,712.0000000000
1379411,11647913159560,btc_qm_engine,btc_sha256_elapsed_ns,1044.0000000000
1379412,11647913159729,btc_qm_engine,btc_sha256_nonce,1031485176.0000000000
1379413,11647913159800,btc_qm_engine,btc_leading_zeros,3.0000000000
1379414,11647913159868,btc_qm_engine,btc_sha256_elapsed_ns,723.0000000000
1379415,11647913160212,btc_qm_engine,btc_sha256_nonce,1142263717.0000000000
1379416,11647913165355,btc_qm_engine,btc_leading_zeros,0.0000000000
1379417,11647913165466,btc_qm_engine,btc_sha256_elapsed_ns,1064.0000000000
1379418,11647913166673,btc_qm_engine,btc_sha256_nonce,375598753.0000000000
1379419,11647913166737,btc_qm_engine,btc_leading_zeros,0.0000000000
1379420,11647913166878,btc_qm_engine,btc_sha256_elapsed_ns,1024.0000000000
1379421,11647913167757,btc_qm_engine,btc_sha256_nonce,2719326077.0000000000
1379422,11647913167809,btc_qm_engine,btc_leading_zeros,0.0000000000
1379423,11647913167861,btc_qm_engine,btc_sha256_elapsed_ns,740.0000000000
1379424,11647913168741,btc_qm_engine,btc_sha256_nonce,3889222741.0000000000
1379425,11647913168794,btc_qm_engine,btc_leading_zeros,1.0000000000
1379426,11647913168847,btc_qm_engine,btc_sha256_elapsed_ns,737.0000000000
1379427,11647913169029,btc_qm_engine,btc_sha256_nonce,3739089009.0000000000
1379428,11647913169775,btc_qm_engine,btc_sha256_nonce,836172412.0000000000
1379429,11647913170178,btc_qm_engine,btc_leading_zeros,3.0000000000
1379430,11647913170768,btc_qm_engine,btc_leading_zeros,0.0000000000
1379431,11647913170855,btc_qm_engine,btc_sha256_elapsed_ns,737.0000000000
1379432,11647913171014,btc_qm_engine,btc_sha256_elapsed_ns,713.0000000000
1379433,11647913171797,btc_qm_engine,btc_sha256_nonce,2948598056.0000000000
1379434,11647913172140,btc_qm_engine,btc_leading_zeros,2.0000000000
1379435,11647913172345,btc_qm_engine,btc_sha256_nonce,674349593.0000000000
1379436,11647913172618,btc_qm_engine,btc_sha256_nonce,3415772030.0000000000
1379437,11647913173158,btc_qm_engine,btc_leading_zeros,0.0000000000
1379438,11647913173206,btc_qm_engine,btc_sha256_elapsed_ns,759.0000000000
1379439,11647913173529,btc_qm_engine,btc_sha256_nonce,122040885.0000000000
1379440,11647913173859,btc_qm_engine,btc_leading_zeros,0.0000000000
1379441,11647913173910,btc_qm_engine,btc_sha256_elapsed_ns,886.0000000000
1379442,11647913174168,btc_qm_engine,btc_sha256_nonce,2628005529.0000000000
1379443,11647913174241,btc_qm_engine,btc_leading_zeros,2.0000000000
1379444,11647913174292,btc_qm_engine,btc_sha256_elapsed_ns,745.0000000000
1379445,11647913174723,btc_qm_engine,btc_leading_zeros,0.0000000000
1379446,11647913174799,btc_qm_engine,btc_sha256_elapsed_ns,1063.0000000000
1379447,11647913175060,btc_qm_engine,btc_sha256_nonce,3346609783.0000000000
1379448,11647913175137,btc_qm_engine,btc_leading_zeros,0.0000000000
1379449,11647913175213,btc_qm_engine,btc_sha256_elapsed_ns,968.0000000000
1379450,11647913175398,btc_qm_engine,btc_sha256_nonce,1904880341.0000000000
1379451,11647913175740,btc_qm_engine,btc_leading_zeros,0.0000000000
1379452,11647913175807,btc_qm_engine,btc_sha256_nonce,2098623177.0000000000
1379453,11647913175960,btc_qm_engine,btc_sha256_elapsed_ns,789.0000000000
1379454,11647913176175,btc_qm_engine,btc_leading_zeros,4.0000000000
1379455,11647913176498,btc_qm_engine,btc_sha256_elapsed_ns,2919.0000000000
1379456,11647913176714,btc_qm_engine,btc_sha256_nonce,585466002.0000000000
1379457,11647913176938,btc_qm_engine,btc_sha256_nonce,3894913431.0000000000
1379458,11647913177114,btc_qm_engine,btc_leading_zeros,0.0000000000
1379459,11647913177194,btc_qm_engine,btc_sha256_elapsed_ns,1077.0000000000
1379460,11647913177563,btc_qm_engine,btc_sha256_elapsed_ns,722.0000000000
1379461,11647913178033,btc_qm_engine,btc_sha256_nonce,3716330740.0000000000
1379462,11647913178121,btc_qm_engine,btc_leading_zeros,0.0000000000
1379463,11647913178578,btc_qm_engine,btc_leading_zeros,3.0000000000
1379464,11647913178791,btc_qm_engine,btc_sha256_elapsed_ns,764.0000000000
1379465,11647913179047,btc_qm_engine,btc_sha256_elapsed_ns,809.0000000000
1379466,11647913179233,btc_qm_engine,btc_sha256_nonce,3473433485.0000000000
1379467,11647913179588,btc_qm_engine,btc_leading_zeros,0.0000000000
1379468,11647913179654,btc_qm_engine,btc_sha256_elapsed_ns,1067.0000000000
1379469,11647913180183,btc_qm_engine,btc_sha256_nonce,66513860.0000000000
1379470,11647913180576,btc_qm_engine,btc_sha256_nonce,2627051175.0000000000
1379471,11647913180690,btc_qm_engine,btc_leading_zeros,1.0000000000
1379472,11647913180829,btc_qm_engine,btc_sha256_nonce,3307185386.0000000000
1379473,11647913181524,btc_qm_engine,btc_sha256_elapsed_ns,862.0000000000
1379474,11647913181785,btc_qm_engine,btc_sha256_nonce,3380139068.0000000000
1379475,11647913182453,btc_qm_engine,btc_leading_zeros,0.0000000000
1379476,11647913182511,btc_qm_engine,btc_sha256_elapsed_ns,742.0000000000
1379477,11647913183435,btc_qm_engine,btc_sha256_nonce,3825637430.0000000000
1379478,11647913183493,btc_qm_engine,btc_leading_zeros,0.0000000000
1379479,11647913183720,btc_qm_engine,btc_sha256_nonce,4060805437.0000000000
1379480,11647913183983,btc_qm_engine,btc_sha256_elapsed_ns,771.0000000000
1379481,11647913184204,btc_qm_engine,btc_leading_zeros,0.0000000000
1379482,11647913184527,btc_qm_engine,btc_sha256_nonce,2787912296.0000000000
1379483,11647913185161,btc_qm_engine,btc_leading_zeros,2.0000000000
1379484,11647913185231,btc_qm_engine,btc_sha256_elapsed_ns,1040.0000000000
1379485,11647913185483,btc_qm_engine,btc_sha256_nonce,3609741248.0000000000
1379486,11647913185561,btc_qm_engine,btc_leading_zeros,4.0000000000
1379487,11647913185611,btc_qm_engine,btc_sha256_elapsed_ns,780.0000000000
1379488,11647913186525,btc_qm_engine,btc_sha256_nonce,4176361281.0000000000
1379489,11647913186706,btc_qm_engine,btc_sha256_nonce,3691043052.0000000000
1379490,11647913187144,btc_qm_engine,btc_leading_zeros,0.0000000000
1379491,11647913187286,btc_qm_engine,btc_leading_zeros,0.0000000000
1379492,11647913187554,btc_qm_engine,btc_sha256_elapsed_ns,758.0000000000
1379493,11647913187691,btc_qm_engine,btc_sha256_nonce,133445528.0000000000
1379494,11647913187767,btc_qm_engine,btc_leading_zeros,0.0000000000
1379495,11647913187820,btc_qm_engine,btc_sha256_elapsed_ns,964.0000000000
1379496,11647913188417,btc_qm_engine,btc_leading_zeros,2.0000000000
1379497,11647913188562,btc_qm_engine,btc_sha256_nonce,3826106805.0000000000
1379498,11647913188636,btc_qm_engine,btc_leading_zeros,4.0000000000
1379499,11647913188706,btc_qm_engine,btc_sha256_elapsed_ns,777.0000000000
1379500,11647913188816,btc_qm_engine,btc_sha256_elapsed_ns,723.0000000000
1379501,11647913189475,btc_qm_engine,btc_sha256_nonce,3741348420.0000000000
1379502,11647913189551,btc_qm_engine,btc_leading_zeros,0.0000000000
1379503,11647913189615,btc_qm_engine,btc_sha256_elapsed_ns,732.0000000000
1379504,11647913189845,btc_qm_engine,btc_sha256_nonce,3825751139.0000000000
1379505,11647913190105,btc_qm_engine,btc_sha256_elapsed_ns,1062.0000000000
1379506,11647913190231,btc_qm_engine,btc_sha256_nonce,1628660422.0000000000
1379507,11647913190584,btc_qm_engine,btc_leading_zeros,0.0000000000
1379508,11647913190635,btc_qm_engine,btc_sha256_elapsed_ns,733.0000000000
1379509,11647913212603,btc_qm_engine,btc_sha256_nonce,1096277863.0000000000
1379510,11647913212939,btc_qm_engine,btc_leading_zeros,2.0000000000
1379511,11647913213130,btc_qm_engine,btc_leading_zeros,1.0000000000
1379512,11647913213212,btc_qm_engine,btc_sha256_nonce,472647641.0000000000
1379513,11647913213429,btc_qm_engine,btc_sha256_elapsed_ns,834.0000000000
1379514,11647913213580,btc_qm_engine,btc_sha256_elapsed_ns,22773.0000000000
1379515,11647913215204,btc_qm_engine,btc_sha256_nonce,2889406411.0000000000
1379516,11647913215269,btc_qm_engine,btc_leading_zeros,3.0000000000
1379517,11647913215338,btc_qm_engine,btc_sha256_elapsed_ns,1052.0000000000
1379518,11647913215452,btc_qm_engine,btc_sha256_elapsed_ns,1074.0000000000
1379519,11647913216526,btc_qm_engine,btc_sha256_nonce,912152013.0000000000
1379520,11647913216600,btc_qm_engine,btc_leading_zeros,3.0000000000
1379521,11647913216668,btc_qm_engine,btc_sha256_elapsed_ns,959.0000000000
1379522,11647913216836,btc_qm_engine,btc_sha256_nonce,2246496840.0000000000
1379523,11647913217147,btc_qm_engine,btc_sha256_nonce,558179965.0000000000
1379524,11647913217275,btc_qm_engine,btc_leading_zeros,1.0000000000
1379525,11647913217355,btc_qm_engine,btc_sha256_elapsed_ns,740.0000000000
1379526,11647913217539,btc_qm_engine,btc_leading_zeros,1.0000000000
1379527,11647913217603,btc_qm_engine,btc_sha256_elapsed_ns,715.0000000000
1379528,11647913217969,btc_qm_engine,btc_sha256_nonce,4030650322.0000000000
1379529,11647913218042,btc_qm_engine,btc_leading_zeros,1.0000000000
1379530,11647913218102,btc_qm_engine,btc_sha256_elapsed_ns,1022.0000000000
1379531,11647913218320,btc_qm_engine,btc_sha256_nonce,4067827761.0000000000
1379532,11647913218474,btc_qm_engine,btc_sha256_nonce,677357591.0000000000
1379533,11647913218545,btc_qm_engine,btc_leading_zeros,0.0000000000
1379534,11647913218661,btc_qm_engine,btc_sha256_elapsed_ns,700.0000000000
1379535,11647913218790,btc_qm_engine,btc_leading_zeros,1.0000000000
1379536,11647913219106,btc_qm_engine,btc_leading_zeros,0.0000000000
1379537,11647913219237,btc_qm_engine,btc_sha256_elapsed_ns,22915.0000000000
1379538,11647913219398,btc_qm_engine,btc_sha256_elapsed_ns,747.0000000000
1379539,11647913219588,btc_qm_engine,btc_sha256_nonce,2956318592.0000000000
1379540,11647913219899,btc_qm_engine,btc_leading_zeros,3.0000000000
1379541,11647913219971,btc_qm_engine,btc_sha256_elapsed_ns,932.0000000000
1379542,11647913220092,btc_qm_engine,btc_sha256_nonce,772694178.0000000000
1379543,11647913220158,btc_qm_engine,btc_leading_zeros,0.0000000000
1379544,11647913220205,btc_qm_engine,btc_sha256_elapsed_ns,813.0000000000
1379545,11647913220329,btc_qm_engine,btc_sha256_nonce,2362597371.0000000000
1379546,11647913220399,btc_qm_engine,btc_leading_zeros,1.0000000000
1379547,11647913220447,btc_qm_engine,btc_sha256_elapsed_ns,719.0000000000
1379548,11647913220793,btc_qm_engine,btc_sha256_nonce,305306408.0000000000
1379549,11647913220997,btc_qm_engine,btc_leading_zeros,3.0000000000
1379550,11647913221185,btc_qm_engine,btc_sha256_nonce,3134815242.0000000000
1379551,11647913221470,btc_qm_engine,btc_sha256_elapsed_ns,764.0000000000
1379552,11647913222002,btc_qm_engine,btc_sha256_nonce,1525394263.0000000000
1379553,11647913222150,btc_qm_engine,btc_sha256_nonce,4068454617.0000000000
1379554,11647913222373,btc_qm_engine,btc_leading_zeros,0.0000000000
1379555,11647913222760,btc_qm_engine,btc_sha256_nonce,2714085637.0000000000
1379556,11647913222961,btc_qm_engine,btc_sha256_elapsed_ns,762.0000000000
1379557,11647913223111,btc_qm_engine,btc_leading_zeros,2.0000000000
1379558,11647913223212,btc_qm_engine,btc_sha256_elapsed_ns,1055.0000000000
1379559,11647913223398,btc_qm_engine,btc_sha256_nonce,1114120694.0000000000
1379560,11647913223750,btc_qm_engine,btc_leading_zeros,0.0000000000
1379561,11647913223952,btc_qm_engine,btc_leading_zeros,1.0000000000
1379562,11647913224161,btc_qm_engine,btc_sha256_elapsed_ns,1008.0000000000
1379563,11647913224350,btc_qm_engine,btc_sha256_elapsed_ns,726.0000000000
1379564,11647913224498,btc_qm_engine,btc_leading_zeros,0.0000000000
1379565,11647913224855,btc_qm_engine,btc_sha256_nonce,4132119377.0000000000
1379566,11647913225060,btc_qm_engine,btc_leading_zeros,0.0000000000
1379567,11647913225311,btc_qm_engine,btc_sha256_nonce,499265415.0000000000
1379568,11647913225476,btc_qm_engine,btc_sha256_elapsed_ns,899.0000000000
1379569,11647913225728,btc_qm_engine,btc_sha256_elapsed_ns,679.0000000000
1379570,11647913226161,btc_qm_engine,btc_leading_zeros,1.0000000000
1379571,11647913226397,btc_qm_engine,btc_sha256_elapsed_ns,752.0000000000
1379572,11647913226898,btc_qm_engine,btc_sha256_nonce,1928897045.0000000000
1379573,11647913227012,btc_qm_engine,btc_sha256_nonce,3328344557.0000000000
1379574,11647913227085,btc_qm_engine,btc_leading_zeros,2.0000000000
1379575,11647913227132,btc_qm_engine,btc_sha256_elapsed_ns,739.0000000000
1379576,11647913227283,btc_qm_engine,btc_leading_zeros,0.0000000000
1379577,11647913227358,btc_qm_engine,btc_sha256_elapsed_ns,771.0000000000
1379578,11647913227547,btc_qm_engine,btc_sha256_nonce,1419397452.0000000000
1379579,11647913227618,btc_qm_engine,btc_leading_zeros,0.0000000000
1379580,11647913227684,btc_qm_engine,btc_sha256_elapsed_ns,697.0000000000
1379581,11647913227853,btc_qm_engine,btc_sha256_nonce,3886080152.0000000000
1379582,11647913227930,btc_qm_engine,btc_leading_zeros,0.0000000000
1379583,11647913228073,btc_qm_engine,btc_sha256_elapsed_ns,994.0000000000
1379584,11647913228488,btc_qm_engine,btc_sha256_nonce,529525521.0000000000
1379585,11647913228636,btc_qm_engine,btc_sha256_nonce,3893917885.0000000000
1379586,11647913228858,btc_qm_engine,btc_leading_zeros,1.0000000000
1379587,11647913228943,btc_qm_engine,btc_sha256_elapsed_ns,725.0000000000
1379588,11647913229061,btc_qm_engine,btc_sha256_nonce,370847747.0000000000
1379589,11647913229260,btc_qm_engine,btc_leading_zeros,2.0000000000
1379590,11647913229423,btc_qm_engine,btc_leading_zeros,4.0000000000
1379591,11647913229645,btc_qm_engine,btc_sha256_elapsed_ns,954.0000000000
1379592,11647913229831,btc_qm_engine,btc_sha256_nonce,4253719910.0000000000
1379593,11647913229900,btc_qm_engine,btc_leading_zeros,1.0000000000
1379594,11647913229948,btc_qm_engine,btc_sha256_elapsed_ns,685.0000000000
1379595,11647913230294,btc_qm_engine,btc_sha256_nonce,3886984901.0000000000
1379596,11647913230623,btc_qm_engine,btc_leading_zeros,0.0000000000
1379597,11647913230690,btc_qm_engine,btc_sha256_elapsed_ns,956.0000000000
1379598,11647913230839,btc_qm_engine,btc_sha256_nonce,3754582783.0000000000
1379599,11647913230915,btc_qm_engine,btc_leading_zeros,1.0000000000
1379600,11647913230964,btc_qm_engine,btc_sha256_elapsed_ns,693.0000000000
1379601,11647913231619,btc_qm_engine,btc_sha256_nonce,3885774722.0000000000
1379602,11647913231837,btc_qm_engine,btc_sha256_nonce,2627275982.0000000000
1379603,11647913231907,btc_qm_engine,btc_leading_zeros,0.0000000000
1379604,11647913232062,btc_qm_engine,btc_sha256_nonce,3886270815.0000000000
1379605,11647913232222,btc_qm_engine,btc_leading_zeros,0.0000000000
1379606,11647913232298,btc_qm_engine,btc_sha256_elapsed_ns,1030.0000000000
1379607,11647913232594,btc_qm_engine,btc_sha256_elapsed_ns,793.0000000000
1379608,11647913233309,btc_qm_engine,btc_sha256_nonce,1605254515.0000000000
1379609,11647913233376,btc_qm_engine,btc_leading_zeros,0.0000000000
1379610,11647913233422,btc_qm_engine,btc_sha256_elapsed_ns,779.0000000000
1379611,11647913233679,btc_qm_engine,btc_sha256_nonce,1435172330.0000000000
1379612,11647913233891,btc_qm_engine,btc_sha256_nonce,570578088.0000000000
1379613,11647913233956,btc_qm_engine,btc_leading_zeros,1.0000000000
1379614,11647913234004,btc_qm_engine,btc_sha256_elapsed_ns,690.0000000000
1379615,11647913234102,btc_qm_engine,btc_leading_zeros,0.0000000000
1379616,11647913234163,btc_qm_engine,btc_sha256_elapsed_ns,686.0000000000
1379617,11647913234338,btc_qm_engine,btc_sha256_nonce,2536327986.0000000000
1379618,11647913234430,btc_qm_engine,btc_leading_zeros,2.0000000000
1379619,11647913234504,btc_qm_engine,btc_sha256_elapsed_ns,712.0000000000
1379620,11647913234612,btc_qm_engine,btc_leading_zeros,2.0000000000
1379621,11647913234676,btc_qm_engine,btc_sha256_elapsed_ns,1014.0000000000
1379622,11647913234869,btc_qm_engine,btc_sha256_nonce,2832487093.0000000000
1379623,11647913234942,btc_qm_engine,btc_leading_zeros,1.0000000000
1379624,11647913234988,btc_qm_engine,btc_sha256_elapsed_ns,678.0000000000
1379625,11647913235189,btc_qm_engine,btc_sha256_nonce,2430424436.0000000000
1379626,11647913235261,btc_qm_engine,btc_leading_zeros,2.0000000000
1379627,11647913235319,btc_qm_engine,btc_sha256_elapsed_ns,787.0000000000
1379628,11647913235826,btc_qm_engine,btc_sha256_nonce,578595614.0000000000
1379629,11647913235973,btc_qm_engine,btc_sha256_nonce,546062381.0000000000
1379630,11647913236189,btc_qm_engine,btc_sha256_nonce,2241671995.0000000000
1379631,11647913236366,btc_qm_engine,btc_leading_zeros,4.0000000000
1379632,11647913236608,btc_qm_engine,btc_sha256_nonce,4068020371.0000000000
1379633,11647913236857,btc_qm_engine,btc_leading_zeros,0.0000000000
1379634,11647913236966,btc_qm_engine,btc_leading_zeros,0.0000000000
1379635,11647913237356,btc_qm_engine,btc_sha256_elapsed_ns,1055.0000000000
1379636,11647913237493,btc_qm_engine,btc_sha256_elapsed_ns,666.0000000000
1379637,11647913237986,btc_qm_engine,btc_sha256_elapsed_ns,685.0000000000
1379638,11647913239109,btc_qm_engine,btc_sha256_nonce,2217275282.0000000000
1379639,11647913239177,btc_qm_engine,btc_leading_zeros,1.0000000000
1379640,11647913239407,btc_qm_engine,btc_sha256_elapsed_ns,717.0000000000
1379641,11647913239885,btc_qm_engine,btc_sha256_nonce,3131962689.0000000000
1379642,11647913240054,btc_qm_engine,btc_leading_zeros,0.0000000000
1379643,11647913240798,btc_qm_engine,btc_leading_zeros,0.0000000000
1379644,11647913241228,btc_qm_engine,btc_sha256_nonce,3825699275.0000000000
1379645,11647913241356,btc_qm_engine,btc_sha256_elapsed_ns,755.0000000000
1379646,11647913241536,btc_qm_engine,btc_leading_zeros,0.0000000000
1379647,11647913241603,btc_qm_engine,btc_sha256_elapsed_ns,707.0000000000
1379648,11647913241780,btc_qm_engine,btc_sha256_elapsed_ns,689.0000000000
1379649,11647913242106,btc_qm_engine,btc_sha256_elapsed_ns,748.0000000000
1379650,11647913242549,btc_qm_engine,btc_sha256_nonce,3825868768.0000000000
1379651,11647913242708,btc_qm_engine,btc_sha256_nonce,1532408726.0000000000
1379652,11647913242834,btc_qm_engine,btc_sha256_nonce,3642101842.0000000000
1379653,11647913243230,btc_qm_engine,btc_leading_zeros,0.0000000000
1379654,11647913243342,btc_qm_engine,btc_leading_zeros,1.0000000000
1379655,11647913243546,btc_qm_engine,btc_sha256_elapsed_ns,716.0000000000
1379656,11647913243733,btc_qm_engine,btc_sha256_nonce,3636102689.0000000000
1379657,11647913244159,btc_qm_engine,btc_sha256_elapsed_ns,703.0000000000
1379658,11647913244285,btc_qm_engine,btc_sha256_nonce,4292142435.0000000000
1379659,11647913244495,btc_qm_engine,btc_sha256_nonce,1495722553.0000000000
1379660,11647913244573,btc_qm_engine,btc_leading_zeros,4.0000000000
1379661,11647913244637,btc_qm_engine,btc_sha256_elapsed_ns,714.0000000000
1379662,11647913244730,btc_qm_engine,btc_leading_zeros,3.0000000000
1379663,11647913244797,btc_qm_engine,btc_sha256_elapsed_ns,986.0000000000
1379664,11647913245495,btc_qm_engine,btc_sha256_nonce,2563997511.0000000000
1379665,11647913245614,btc_qm_engine,btc_sha256_nonce,586720510.0000000000
1379666,11647913245863,btc_qm_engine,btc_sha256_nonce,55088833.0000000000
1379667,11647913246256,btc_qm_engine,btc_leading_zeros,0.0000000000
1379668,11647913246316,btc_qm_engine,btc_sha256_elapsed_ns,1023.0000000000
1379669,11647913246409,btc_qm_engine,btc_leading_zeros,0.0000000000
1379670,11647913246484,btc_qm_engine,btc_sha256_elapsed_ns,704.0000000000
1379671,11647913247570,btc_qm_engine,btc_sha256_nonce,1793738907.0000000000
1379672,11647913247643,btc_qm_engine,btc_leading_zeros,0.0000000000
1379673,11647913247714,btc_qm_engine,btc_sha256_elapsed_ns,1060.0000000000
1379674,11647913248030,btc_qm_engine,btc_leading_zeros,1.0000000000
1379675,11647913248509,btc_qm_engine,btc_sha256_nonce,3094883203.0000000000
1379676,11647913248620,btc_qm_engine,btc_sha256_elapsed_ns,767.0000000000
1379677,11647913248890,btc_qm_engine,btc_leading_zeros,0.0000000000
1379678,11647913248961,btc_qm_engine,btc_sha256_elapsed_ns,1060.0000000000
1379679,11647913249120,btc_qm_engine,btc_sha256_nonce,2502917631.0000000000
1379680,11647913249191,btc_qm_engine,btc_leading_zeros,1.0000000000
1379681,11647913249255,btc_qm_engine,btc_sha256_elapsed_ns,957.0000000000
1379682,11647913249538,btc_qm_engine,btc_sha256_nonce,1730088099.0000000000
1379683,11647913249819,btc_qm_engine,btc_leading_zeros,0.0000000000
1379684,11647913249883,btc_qm_engine,btc_sha256_elapsed_ns,694.0000000000
1379685,11647913250020,btc_qm_engine,btc_leading_zeros,2.0000000000
1379686,11647913250263,btc_qm_engine,btc_sha256_nonce,1117694626.0000000000
1379687,11647913250473,btc_qm_engine,btc_leading_zeros,0.0000000000
1379688,11647913250681,btc_qm_engine,btc_leading_zeros,1.0000000000
1379689,11647913251124,btc_qm_engine,btc_sha256_nonce,3438270141.0000000000
1379690,11647913251299,btc_qm_engine,btc_sha256_nonce,864894990.0000000000
1379691,11647913251454,btc_qm_engine,btc_sha256_elapsed_ns,670.0000000000
1379692,11647913251716,btc_qm_engine,btc_leading_zeros,0.0000000000
1379693,11647913251946,btc_qm_engine,btc_leading_zeros,0.0000000000
1379694,11647913252108,btc_qm_engine,btc_sha256_elapsed_ns,717.0000000000
1379695,11647913252315,btc_qm_engine,btc_sha256_elapsed_ns,1001.0000000000
1379696,11647913252534,btc_qm_engine,btc_sha256_elapsed_ns,1065.0000000000
1379697,11647913252987,btc_qm_engine,btc_sha256_nonce,1378130409.0000000000
1379698,11647913253060,btc_qm_engine,btc_leading_zeros,1.0000000000
1379699,11647913253125,btc_qm_engine,btc_sha256_elapsed_ns,854.0000000000
1379700,11647913253271,btc_qm_engine,btc_sha256_nonce,839996860.0000000000
1379701,11647913253340,btc_qm_engine,btc_leading_zeros,1.0000000000
1379702,11647913253388,btc_qm_engine,btc_sha256_elapsed_ns,701.0000000000
1379703,11647913253577,btc_qm_engine,btc_sha256_nonce,3372120668.0000000000
1379704,11647913253653,btc_qm_engine,btc_leading_zeros,1.0000000000
1379705,11647913253733,btc_qm_engine,btc_sha256_elapsed_ns,1039.0000000000
1379706,11647913254111,btc_qm_engine,btc_sha256_nonce,3958658121.0000000000
1379707,11647913254233,btc_qm_engine,btc_sha256_nonce,2713400079.0000000000
1379708,11647913254481,btc_qm_engine,btc_leading_zeros,0.0000000000
1379709,11647913254548,btc_qm_engine,btc_sha256_elapsed_ns,1025.0000000000
1379710,11647913254737,btc_qm_engine,btc_sha256_nonce,4281470695.0000000000
1379711,11647913255081,btc_qm_engine,btc_leading_zeros,1.0000000000
1379712,11647913255462,btc_qm_engine,btc_sha256_elapsed_ns,696.0000000000
1379713,11647913255663,btc_qm_engine,btc_leading_zeros,2.0000000000
1379714,11647913255781,btc_qm_engine,btc_sha256_elapsed_ns,882.0000000000
1379715,11647913255931,btc_qm_engine,btc_sha256_nonce,2129407627.0000000000
1379716,11647913256052,btc_qm_engine,btc_sha256_elapsed_ns,684.0000000000
1379717,11647913256217,btc_qm_engine,btc_sha256_nonce,49020412.0000000000
1379718,11647913256295,btc_qm_engine,btc_leading_zeros,1.0000000000
1379719,11647913256610,btc_qm_engine,btc_sha256_elapsed_ns,831.0000000000
1379720,11647913256684,btc_qm_engine,btc_leading_zeros,0.0000000000
1379721,11647913256974,btc_qm_engine,btc_sha256_nonce,2993910748.0000000000
1379722,11647913257110,btc_qm_engine,btc_sha256_nonce,3814557859.0000000000
1379723,11647913257344,btc_qm_engine,btc_leading_zeros,2.0000000000
1379724,11647913257710,btc_qm_engine,btc_sha256_nonce,2408854893.0000000000
1379725,11647913258010,btc_qm_engine,btc_sha256_elapsed_ns,935.0000000000
1379726,11647913258162,btc_qm_engine,btc_leading_zeros,0.0000000000
1379727,11647913258286,btc_qm_engine,btc_sha256_elapsed_ns,708.0000000000
1379728,11647913258501,btc_qm_engine,btc_sha256_nonce,1008329252.0000000000
1379729,11647913258859,btc_qm_engine,btc_leading_zeros,0.0000000000
1379730,11647913258930,btc_qm_engine,btc_sha256_elapsed_ns,724.0000000000
1379731,11647913259030,btc_qm_engine,btc_leading_zeros,0.0000000000
1379732,11647913259122,btc_qm_engine,btc_sha256_elapsed_ns,853.0000000000
1379733,11647913259428,btc_qm_engine,btc_sha256_elapsed_ns,896.0000000000
1379734,11647913259583,btc_qm_engine,btc_sha256_nonce,259293503.0000000000
1379735,11647913259695,btc_qm_engine,btc_sha256_nonce,1734501314.0000000000
1379736,11647913259766,btc_qm_engine,btc_leading_zeros,1.0000000000
1379737,11647913259840,btc_qm_engine,btc_sha256_elapsed_ns,904.0000000000
1379738,11647913260432,btc_qm_engine,btc_leading_zeros,0.0000000000
1379739,11647913260598,btc_qm_engine,btc_sha256_nonce,3288456267.0000000000
1379740,11647913260674,btc_qm_engine,btc_leading_zeros,0.0000000000
1379741,11647913260772,btc_qm_engine,btc_sha256_elapsed_ns,909.0000000000
1379742,11647913260918,btc_qm_engine,btc_sha256_nonce,2644171601.0000000000
1379743,11647913261049,btc_qm_engine,btc_sha256_elapsed_ns,706.0000000000
1379744,11647913261243,btc_qm_engine,btc_leading_zeros,0.0000000000
1379745,11647913261346,btc_qm_engine,btc_sha256_elapsed_ns,779.0000000000
1379746,11647913261795,btc_qm_engine,btc_sha256_nonce,3350066436.0000000000
1379747,11647913261971,btc_qm_engine,btc_sha256_nonce,1133950770.0000000000
1379748,11647913262068,btc_qm_engine,btc_leading_zeros,2.0000000000
1379749,11647913262260,btc_qm_engine,btc_sha256_nonce,247569397.0000000000
1379750,11647913262430,btc_qm_engine,btc_sha256_elapsed_ns,708.0000000000
1379751,11647913262626,btc_qm_engine,btc_sha256_nonce,2503554386.0000000000
1379752,11647913262695,btc_qm_engine,btc_leading_zeros,0.0000000000
1379753,11647913262745,btc_qm_engine,btc_sha256_elapsed_ns,687.0000000000
1379754,11647913262853,btc_qm_engine,btc_leading_zeros,1.0000000000
1379755,11647913263126,btc_qm_engine,btc_sha256_elapsed_ns,1060.0000000000
1379756,11647913263416,btc_qm_engine,btc_sha256_nonce,908977649.0000000000
1379757,11647913263486,btc_qm_engine,btc_leading_zeros,4.0000000000
1379758,11647913263532,btc_qm_engine,btc_sha256_elapsed_ns,783.0000000000
1379759,11647913263626,btc_qm_engine,btc_sha256_nonce,2627615291.0000000000
1379760,11647913263824,btc_qm_engine,btc_leading_zeros,4.0000000000
1379761,11647913263872,btc_qm_engine,btc_sha256_elapsed_ns,679.0000000000
1379762,11647913264016,btc_qm_engine,btc_leading_zeros,2.0000000000
1379763,11647913264123,btc_qm_engine,btc_sha256_elapsed_ns,1011.0000000000
1379764,11647913264300,btc_qm_engine,btc_sha256_nonce,1752371889.0000000000
1379765,11647913264482,btc_qm_engine,btc_sha256_nonce,2644236606.0000000000
1379766,11647913264772,btc_qm_engine,btc_leading_zeros,0.0000000000
1379767,11647913264887,btc_qm_engine,btc_sha256_nonce,212685578.0000000000
1379768,11647913265177,btc_qm_engine,btc_leading_zeros,0.0000000000
1379769,11647913265404,btc_qm_engine,btc_sha256_nonce,831448457.0000000000
1379770,11647913265483,btc_qm_engine,btc_leading_zeros,0.0000000000
1379771,11647913265550,btc_qm_engine,btc_sha256_elapsed_ns,1045.0000000000
1379772,11647913265754,btc_qm_engine,btc_sha256_elapsed_ns,979.0000000000
1379773,11647913266324,btc_qm_engine,btc_sha256_nonce,2318574249.0000000000
1379774,11647913266698,btc_qm_engine,btc_sha256_nonce,4067715331.0000000000
1379775,11647913267093,btc_qm_engine,btc_leading_zeros,0.0000000000
1379776,11647913267168,btc_qm_engine,btc_sha256_elapsed_ns,728.0000000000
1379777,11647913267316,btc_qm_engine,btc_leading_zeros,0.0000000000
1379778,11647913267527,btc_qm_engine,btc_sha256_nonce,3514743286.0000000000
1379779,11647913267762,btc_qm_engine,btc_sha256_elapsed_ns,1027.0000000000
1379780,11647913268148,btc_qm_engine,btc_leading_zeros,1.0000000000
1379781,11647913268315,btc_qm_engine,btc_sha256_nonce,274777828.0000000000
1379782,11647913268388,btc_qm_engine,btc_leading_zeros,0.0000000000
1379783,11647913268443,btc_qm_engine,btc_sha256_elapsed_ns,702.0000000000
1379784,11647913269267,btc_qm_engine,btc_sha256_nonce,601792567.0000000000
1379785,11647913269342,btc_qm_engine,btc_leading_zeros,0.0000000000
1379786,11647913269405,btc_qm_engine,btc_sha256_elapsed_ns,959.0000000000
1379787,11647913269587,btc_qm_engine,btc_sha256_nonce,1165458005.0000000000
1379788,11647913269996,btc_qm_engine,btc_leading_zeros,2.0000000000
1379789,11647913270066,btc_qm_engine,btc_sha256_elapsed_ns,806.0000000000
1379790,11647913270294,btc_qm_engine,btc_leading_zeros,1.0000000000
1379791,11647913270522,btc_qm_engine,btc_sha256_elapsed_ns,688.0000000000
1379792,11647913270638,btc_qm_engine,btc_sha256_nonce,821399190.0000000000
1379793,11647913271082,btc_qm_engine,btc_sha256_elapsed_ns,811.0000000000
1379794,11647913271284,btc_qm_engine,btc_sha256_nonce,649244386.0000000000
1379795,11647913271391,btc_qm_engine,btc_leading_zeros,2.0000000000
1379796,11647913271448,btc_qm_engine,btc_sha256_elapsed_ns,963.0000000000
1379797,11647913271793,btc_qm_engine,btc_sha256_nonce,1708814542.0000000000
1379798,11647913271893,btc_qm_engine,btc_leading_zeros,2.0000000000
1379799,11647913271952,btc_qm_engine,btc_sha256_elapsed_ns,756.0000000000
1379800,11647913272043,btc_qm_engine,btc_sha256_elapsed_ns,1021.0000000000
1379801,11647913272922,btc_qm_engine,btc_sha256_nonce,1483188224.0000000000
1379802,11647913273283,btc_qm_engine,btc_sha256_nonce,321187993.0000000000
1379803,11647913273462,btc_qm_engine,btc_leading_zeros,0.0000000000
1379804,11647913273665,btc_qm_engine,btc_sha256_nonce,1382788426.0000000000
1379805,11647913273799,btc_qm_engine,btc_sha256_elapsed_ns,727.0000000000
1379806,11647913274085,btc_qm_engine,btc_leading_zeros,0.0000000000
1379807,11647913274213,btc_qm_engine,btc_leading_zeros,0.0000000000
1379808,11647913274304,btc_qm_engine,btc_sha256_elapsed_ns,1015.0000000000
1379809,11647913274406,btc_qm_engine,btc_sha256_elapsed_ns,712.0000000000
1379810,11647913275924,btc_qm_engine,btc_leading_zeros,1.0000000000
1379811,11647913276227,btc_qm_engine,btc_sha256_elapsed_ns,948.0000000000
1379812,11647913282045,btc_qm_engine,btc_leading_zeros,1.0000000000
1379813,11647913282414,btc_qm_engine,btc_sha256_elapsed_ns,967.0000000000
1379814,11647913570080,btc_qm_engine,btc_sha256_nonce,3302473477.0000000000
1379815,11647913571079,btc_qm_engine,btc_leading_zeros,4.0000000000
1379816,11647913571135,btc_qm_engine,btc_sha256_elapsed_ns,1060.0000000000
1379817,11647914065252,btc_qm_engine,btc_sha256_nonce,835138452.0000000000
1379818,11647914066047,btc_qm_engine,btc_leading_zeros,1.0000000000
1379819,11647914066135,btc_qm_engine,btc_sha256_elapsed_ns,925.0000000000
