seq,ts_ns,module,key,value
767249,10464530785165,btc_qm_engine,btc_leading_zeros,0.0000000000
767250,10464530785237,btc_qm_engine,btc_sha256_elapsed_ns,952.0000000000
767251,10464530785366,btc_qm_engine,btc_sha256_elapsed_ns,1068.0000000000
767252,10464530786610,btc_qm_engine,btc_sha256_nonce,1941643903.0000000000
767253,10464530786821,btc_qm_engine,btc_sha256_nonce,853904117.0000000000
767254,10464530786983,btc_qm_engine,btc_sha256_nonce,2465828078.0000000000
767255,10464530787068,btc_qm_engine,btc_leading_zeros,0.0000000000
767256,10464530787138,btc_qm_engine,btc_sha256_elapsed_ns,1084.0000000000
767257,10464530787287,btc_qm_engine,btc_leading_zeros,2.0000000000
767258,10464530787458,btc_qm_engine,btc_sha256_nonce,3860386569.0000000000
767259,10464530788222,btc_qm_engine,btc_sha256_nonce,773010980.0000000000
767260,10464530788783,btc_qm_engine,btc_leading_zeros,0.0000000000
767261,10464530788850,btc_qm_engine,btc_sha256_elapsed_ns,1113.0000000000
767262,10464530789062,btc_qm_engine,btc_sha256_elapsed_ns,1119.0000000000
767263,10464530789422,btc_qm_engine,btc_leading_zeros,0.0000000000
767264,10464530789738,btc_qm_engine,btc_sha256_elapsed_ns,1035.0000000000
767265,10464530790097,btc_qm_engine,btc_sha256_nonce,2917496293.0000000000
767266,10464530790174,btc_qm_engine,btc_leading_zeros,0.0000000000
767267,10464530790261,btc_qm_engine,btc_sha256_elapsed_ns,736.0000000000
767268,10464530790603,btc_qm_engine,btc_sha256_elapsed_ns,1115.0000000000
767269,10464530790789,btc_qm_engine,btc_sha256_nonce,855406300.0000000000
767270,10464530790872,btc_qm_engine,btc_leading_zeros,0.0000000000
767271,10464530790934,btc_qm_engine,btc_sha256_elapsed_ns,1027.0000000000
767272,10464530791050,btc_qm_engine,btc_sha256_nonce,1995761530.0000000000
767273,10464530791127,btc_qm_engine,btc_leading_zeros,0.0000000000
767274,10464530791290,btc_qm_engine,btc_sha256_nonce,1060408878.0000000000
767275,10464530791612,btc_qm_engine,btc_sha256_nonce,1572385538.0000000000
767276,10464530791693,btc_qm_engine,btc_leading_zeros,4.0000000000
767277,10464530791777,btc_qm_engine,btc_sha256_elapsed_ns,1043.0000000000
767278,10464530792014,btc_qm_engine,btc_sha256_nonce,2111474713.0000000000
767279,10464530792287,btc_qm_engine,btc_sha256_nonce,4052332035.0000000000
767280,10464530792361,btc_qm_engine,btc_leading_zeros,0.0000000000
767281,10464530792432,btc_qm_engine,btc_sha256_elapsed_ns,1098.0000000000
767282,10464530792659,btc_qm_engine,btc_sha256_elapsed_ns,1006.0000000000
767283,10464530792826,btc_qm_engine,btc_leading_zeros,4.0000000000
767284,10464530792907,btc_qm_engine,btc_sha256_elapsed_ns,1049.0000000000
767285,10464530793122,btc_qm_engine,btc_leading_zeros,0.0000000000
767286,10464530793305,btc_qm_engine,btc_leading_zeros,1.0000000000
767287,10464530793502,btc_qm_engine,btc_sha256_elapsed_ns,1090.0000000000
767288,10464530793735,btc_qm_engine,btc_sha256_nonce,3933349092.0000000000
767289,10464530793940,btc_qm_engine,btc_sha256_nonce,2787291196.0000000000
767290,10464530794041,btc_qm_engine,btc_leading_zeros,1.0000000000
767291,10464530794204,btc_qm_engine,btc_sha256_elapsed_ns,1070.0000000000
767292,10464530794855,btc_qm_engine,btc_sha256_nonce,2567590251.0000000000
767293,10464530795180,btc_qm_engine,btc_sha256_nonce,97511743.0000000000
767294,10464530795868,btc_qm_engine,btc_sha256_nonce,2594066964.0000000000
767295,10464530796049,btc_qm_engine,btc_sha256_nonce,2758981283.0000000000
767296,10464530796264,btc_qm_engine,btc_sha256_elapsed_ns,746.0000000000
767297,10464530796355,btc_qm_engine,btc_leading_zeros,0.0000000000
767298,10464530796485,btc_qm_engine,btc_leading_zeros,1.0000000000
767299,10464530796630,btc_qm_engine,btc_sha256_elapsed_ns,865.0000000000
767300,10464530797179,btc_qm_engine,btc_sha256_elapsed_ns,909.0000000000
767301,10464530797399,btc_qm_engine,btc_sha256_elapsed_ns,1088.0000000000
767302,10464530797743,btc_qm_engine,btc_leading_zeros,0.0000000000
767303,10464530797910,btc_qm_engine,btc_sha256_nonce,2786505836.0000000000
767304,10464530798090,btc_qm_engine,btc_sha256_elapsed_ns,1002.0000000000
767305,10464530798278,btc_qm_engine,btc_sha256_nonce,2125053287.0000000000
767306,10464530798489,btc_qm_engine,btc_leading_zeros,1.0000000000
767307,10464530798600,btc_qm_engine,btc_leading_zeros,0.0000000000
767308,10464530798723,btc_qm_engine,btc_sha256_nonce,3086886840.0000000000
767309,10464530798894,btc_qm_engine,btc_sha256_elapsed_ns,1088.0000000000
767310,10464530799048,btc_qm_engine,btc_sha256_nonce,465597793.0000000000
767311,10464530799278,btc_qm_engine,btc_sha256_elapsed_ns,1024.0000000000
767312,10464530799443,btc_qm_engine,btc_leading_zeros,1.0000000000
767313,10464530799521,btc_qm_engine,btc_sha256_elapsed_ns,973.0000000000
767314,10464530799772,btc_qm_engine,btc_sha256_nonce,1656272351.0000000000
767315,10464530800080,btc_qm_engine,btc_leading_zeros,0.0000000000
767316,10464530800284,btc_qm_engine,btc_leading_zeros,1.0000000000
767317,10464530800614,btc_qm_engine,btc_leading_zeros,1.0000000000
767318,10464530800895,btc_qm_engine,btc_sha256_nonce,2556647986.0000000000
767319,10464530801023,btc_qm_engine,btc_leading_zeros,1.0000000000
767320,10464530801093,btc_qm_engine,btc_sha256_elapsed_ns,983.0000000000
767321,10464530801232,btc_qm_engine,btc_sha256_elapsed_ns,1065.0000000000
767322,10464530801569,btc_qm_engine,btc_leading_zeros,3.0000000000
767323,10464530802306,btc_qm_engine,btc_leading_zeros,2.0000000000
767324,10464530802441,btc_qm_engine,btc_sha256_nonce,3357675302.0000000000
767325,10464530802674,btc_qm_engine,btc_sha256_elapsed_ns,1040.0000000000
767326,10464530803016,btc_qm_engine,btc_sha256_elapsed_ns,1104.0000000000
767327,10464530803144,btc_qm_engine,btc_leading_zeros,0.0000000000
767328,10464530803272,btc_qm_engine,btc_sha256_elapsed_ns,1025.0000000000
767329,10464530803807,btc_qm_engine,btc_sha256_elapsed_ns,1122.0000000000
767330,10464530803924,btc_qm_engine,btc_sha256_nonce,1336893470.0000000000
767331,10464530804003,btc_qm_engine,btc_leading_zeros,0.0000000000
767332,10464530804071,btc_qm_engine,btc_sha256_elapsed_ns,976.0000000000
767333,10464530804559,btc_qm_engine,btc_sha256_nonce,81293724.0000000000
767334,10464530804641,btc_qm_engine,btc_leading_zeros,0.0000000000
767335,10464530804711,btc_qm_engine,btc_sha256_elapsed_ns,961.0000000000
767336,10464530805106,btc_qm_engine,btc_sha256_nonce,293251676.0000000000
767337,10464530805185,btc_qm_engine,btc_leading_zeros,0.0000000000
767338,10464530805260,btc_qm_engine,btc_sha256_elapsed_ns,1107.0000000000
767339,10464530805384,btc_qm_engine,btc_sha256_nonce,4192649516.0000000000
767340,10464530805550,btc_qm_engine,btc_sha256_nonce,67085885.0000000000
767341,10464530805872,btc_qm_engine,btc_sha256_nonce,4150820055.0000000000
767342,10464530806048,btc_qm_engine,btc_sha256_nonce,1028676083.0000000000
767343,10464530806125,btc_qm_engine,btc_leading_zeros,0.0000000000
767344,10464530806194,btc_qm_engine,btc_sha256_elapsed_ns,1087.0000000000
767345,10464530806484,btc_qm_engine,btc_sha256_nonce,1810569368.0000000000
767346,10464530806652,btc_qm_engine,btc_leading_zeros,0.0000000000
767347,10464530806724,btc_qm_engine,btc_sha256_elapsed_ns,1061.0000000000
767348,10464530806836,btc_qm_engine,btc_sha256_elapsed_ns,1011.0000000000
767349,10464530807350,btc_qm_engine,btc_sha256_nonce,3555688523.0000000000
767350,10464530807430,btc_qm_engine,btc_leading_zeros,3.0000000000
767351,10464530807488,btc_qm_engine,btc_sha256_elapsed_ns,966.0000000000
767352,10464530807706,btc_qm_engine,btc_sha256_nonce,2536995997.0000000000
767353,10464530807776,btc_qm_engine,btc_leading_zeros,1.0000000000
767354,10464530807840,btc_qm_engine,btc_sha256_elapsed_ns,747.0000000000
767355,10464530808272,btc_qm_engine,btc_leading_zeros,0.0000000000
767356,10464530808351,btc_qm_engine,btc_sha256_elapsed_ns,1155.0000000000
767357,10464530808828,btc_qm_engine,btc_sha256_nonce,44843280.0000000000
767358,10464530809171,btc_qm_engine,btc_sha256_nonce,2404149006.0000000000
767359,10464530809356,btc_qm_engine,btc_sha256_nonce,2250049746.0000000000
767360,10464530809694,btc_qm_engine,btc_sha256_nonce,3871912605.0000000000
767361,10464530809757,btc_qm_engine,btc_leading_zeros,4.0000000000
767362,10464530809817,btc_qm_engine,btc_sha256_elapsed_ns,1075.0000000000
767363,10464530809970,btc_qm_engine,btc_leading_zeros,0.0000000000
767364,10464530810271,btc_qm_engine,btc_leading_zeros,0.0000000000
767365,10464530810398,btc_qm_engine,btc_sha256_elapsed_ns,1122.0000000000
767366,10464530810971,btc_qm_engine,btc_leading_zeros,0.0000000000
767367,10464530811079,btc_qm_engine,btc_sha256_nonce,3642892017.0000000000
767368,10464530811159,btc_qm_engine,btc_leading_zeros,0.0000000000
767369,10464530811246,btc_qm_engine,btc_sha256_elapsed_ns,1035.0000000000
767370,10464530811435,btc_qm_engine,btc_sha256_elapsed_ns,1136.0000000000
767371,10464530811867,btc_qm_engine,btc_leading_zeros,0.0000000000
767372,10464530812132,btc_qm_engine,btc_sha256_nonce,2236680105.0000000000
767373,10464530812207,btc_qm_engine,btc_leading_zeros,3.0000000000
767374,10464530812276,btc_qm_engine,btc_sha256_elapsed_ns,1024.0000000000
767375,10464530812473,btc_qm_engine,btc_sha256_nonce,1569635255.0000000000
767376,10464530812653,btc_qm_engine,btc_sha256_nonce,52839937.0000000000
767377,10464530812864,btc_qm_engine,btc_leading_zeros,2.0000000000
767378,10464530813080,btc_qm_engine,btc_sha256_nonce,1974675471.0000000000
767379,10464530813579,btc_qm_engine,btc_sha256_nonce,2587846396.0000000000
767380,10464530813920,btc_qm_engine,btc_leading_zeros,0.0000000000
767381,10464530814072,btc_qm_engine,btc_leading_zeros,3.0000000000
767382,10464530814356,btc_qm_engine,btc_sha256_elapsed_ns,1064.0000000000
767383,10464530814476,btc_qm_engine,btc_sha256_elapsed_ns,1109.0000000000
767384,10464530814881,btc_qm_engine,btc_leading_zeros,0.0000000000
767385,10464530815298,btc_qm_engine,btc_sha256_nonce,1670541572.0000000000
767386,10464530815518,btc_qm_engine,btc_leading_zeros,2.0000000000
767387,10464530815714,btc_qm_engine,btc_sha256_elapsed_ns,1087.0000000000
767388,10464530815893,btc_qm_engine,btc_sha256_elapsed_ns,1097.0000000000
767389,10464530816355,btc_qm_engine,btc_sha256_nonce,2965680214.0000000000
767390,10464530816480,btc_qm_engine,btc_leading_zeros,0.0000000000
767391,10464530816801,btc_qm_engine,btc_leading_zeros,1.0000000000
767392,10464530816874,btc_qm_engine,btc_sha256_elapsed_ns,1101.0000000000
767393,10464530817053,btc_qm_engine,btc_sha256_nonce,4058738392.0000000000
767394,10464530817129,btc_qm_engine,btc_leading_zeros,1.0000000000
767395,10464530817228,btc_qm_engine,btc_sha256_elapsed_ns,1017.0000000000
767396,10464530817461,btc_qm_engine,btc_sha256_elapsed_ns,747.0000000000
767397,10464530817554,btc_qm_engine,btc_sha256_elapsed_ns,1017.0000000000
767398,10464530817832,btc_qm_engine,btc_sha256_nonce,686275000.0000000000
767399,10464530817907,btc_qm_engine,btc_leading_zeros,0.0000000000
767400,10464530817979,btc_qm_engine,btc_sha256_elapsed_ns,1077.0000000000
767401,10464530818529,btc_qm_engine,btc_sha256_nonce,3647718192.0000000000
767402,10464530818604,btc_qm_engine,btc_leading_zeros,0.0000000000
767403,10464530818739,btc_qm_engine,btc_sha256_nonce,550493935.0000000000
767404,10464530819127,btc_qm_engine,btc_sha256_nonce,958801487.0000000000
767405,10464530819312,btc_qm_engine,btc_leading_zeros,0.0000000000
767406,10464530819753,btc_qm_engine,btc_sha256_nonce,635802757.0000000000
767407,10464530820079,btc_qm_engine,btc_sha256_elapsed_ns,1000.0000000000
767408,10464530820164,btc_qm_engine,btc_sha256_nonce,2490742842.0000000000
767409,10464530820571,btc_qm_engine,btc_sha256_elapsed_ns,1098.0000000000
767410,10464530820828,btc_qm_engine,btc_leading_zeros,0.0000000000
767411,10464530821184,btc_qm_engine,btc_sha256_elapsed_ns,1083.0000000000
767412,10464530821335,btc_qm_engine,btc_leading_zeros,0.0000000000
767413,10464530821952,btc_qm_engine,btc_sha256_elapsed_ns,1093.0000000000
767414,10464530822194,btc_qm_engine,btc_sha256_nonce,1559205176.0000000000
767415,10464530822298,btc_qm_engine,btc_sha256_nonce,241139969.0000000000
767416,10464530822563,btc_qm_engine,btc_sha256_elapsed_ns,1026.0000000000
767417,10464530822741,btc_qm_engine,btc_leading_zeros,0.0000000000
767418,10464530822819,btc_qm_engine,btc_sha256_elapsed_ns,1088.0000000000
767419,10464530823623,btc_qm_engine,btc_sha256_nonce,1043653201.0000000000
767420,10464530824167,btc_qm_engine,btc_sha256_nonce,3091829740.0000000000
767421,10464530824339,btc_qm_engine,btc_leading_zeros,0.0000000000
767422,10464530824872,btc_qm_engine,btc_sha256_elapsed_ns,1071.0000000000
767423,10464530825249,btc_qm_engine,btc_sha256_nonce,2465545880.0000000000
767424,10464530825331,btc_qm_engine,btc_leading_zeros,2.0000000000
767425,10464530825407,btc_qm_engine,btc_sha256_elapsed_ns,1102.0000000000
767426,10464530826227,btc_qm_engine,btc_sha256_nonce,1001933546.0000000000
767427,10464530826308,btc_qm_engine,btc_leading_zeros,1.0000000000
767428,10464530826442,btc_qm_engine,btc_sha256_elapsed_ns,1090.0000000000
767429,10464530826677,btc_qm_engine,btc_leading_zeros,1.0000000000
767430,10464530826918,btc_qm_engine,btc_leading_zeros,0.0000000000
767431,10464530827300,btc_qm_engine,btc_sha256_elapsed_ns,1072.0000000000
767432,10464530827439,btc_qm_engine,btc_sha256_nonce,2188210033.0000000000
767433,10464530827574,btc_qm_engine,btc_sha256_elapsed_ns,1096.0000000000
767434,10464530827804,btc_qm_engine,btc_sha256_nonce,3265848835.0000000000
767435,10464530827938,btc_qm_engine,btc_leading_zeros,2.0000000000
767436,10464530828017,btc_qm_engine,btc_sha256_elapsed_ns,1024.0000000000
767437,10464530828197,btc_qm_engine,btc_leading_zeros,1.0000000000
767438,10464530828351,btc_qm_engine,btc_sha256_nonce,2587813741.0000000000
767439,10464530828433,btc_qm_engine,btc_leading_zeros,3.0000000000
767440,10464530828503,btc_qm_engine,btc_sha256_elapsed_ns,1028.0000000000
767441,10464530828710,btc_qm_engine,btc_leading_zeros,3.0000000000
767442,10464530828846,btc_qm_engine,btc_sha256_elapsed_ns,1097.0000000000
767443,10464530828983,btc_qm_engine,btc_sha256_nonce,2051868052.0000000000
767444,10464530829155,btc_qm_engine,btc_sha256_elapsed_ns,1067.0000000000
767445,10464530829346,btc_qm_engine,btc_sha256_nonce,4171093692.0000000000
767446,10464530829565,btc_qm_engine,btc_leading_zeros,1.0000000000
767447,10464530829698,btc_qm_engine,btc_sha256_nonce,2833842494.0000000000
767448,10464530829774,btc_qm_engine,btc_leading_zeros,0.0000000000
767449,10464530829845,btc_qm_engine,btc_sha256_elapsed_ns,987.0000000000
767450,10464530830063,btc_qm_engine,btc_sha256_nonce,4168163482.0000000000
767451,10464530830146,btc_qm_engine,btc_leading_zeros,0.0000000000
767452,10464530830320,btc_qm_engine,btc_sha256_elapsed_ns,1079.0000000000
767453,10464530830509,btc_qm_engine,btc_sha256_elapsed_ns,936.0000000000
767454,10464530830825,btc_qm_engine,btc_sha256_nonce,2520244321.0000000000
767455,10464530831148,btc_qm_engine,btc_sha256_nonce,2587976614.0000000000
767456,10464530831398,btc_qm_engine,btc_leading_zeros,2.0000000000
767457,10464530831620,btc_qm_engine,btc_sha256_nonce,2012014292.0000000000
767458,10464530831732,btc_qm_engine,btc_leading_zeros,2.0000000000
767459,10464530831903,btc_qm_engine,btc_leading_zeros,0.0000000000
767460,10464530832019,btc_qm_engine,btc_sha256_nonce,1941953192.0000000000
767461,10464530832108,btc_qm_engine,btc_leading_zeros,2.0000000000
767462,10464530832176,btc_qm_engine,btc_sha256_elapsed_ns,947.0000000000
767463,10464530832266,btc_qm_engine,btc_leading_zeros,0.0000000000
767464,10464530832830,btc_qm_engine,btc_sha256_elapsed_ns,1074.0000000000
767465,10464530833144,btc_qm_engine,btc_sha256_elapsed_ns,1088.0000000000
767466,10464530833494,btc_qm_engine,btc_sha256_nonce,2907721154.0000000000
767467,10464530833603,btc_qm_engine,btc_leading_zeros,2.0000000000
767468,10464530833704,btc_qm_engine,btc_sha256_elapsed_ns,1064.0000000000
767469,10464530834180,btc_qm_engine,btc_sha256_elapsed_ns,1088.0000000000
767470,10464530834505,btc_qm_engine,btc_sha256_elapsed_ns,1046.0000000000
767471,10464530834741,btc_qm_engine,btc_sha256_nonce,2416750001.0000000000
767472,10464530835085,btc_qm_engine,btc_leading_zeros,0.0000000000
767473,10464530835162,btc_qm_engine,btc_sha256_elapsed_ns,744.0000000000
767474,10464530835348,btc_qm_engine,btc_sha256_nonce,1941202648.0000000000
767475,10464530835427,btc_qm_engine,btc_leading_zeros,0.0000000000
767476,10464530835499,btc_qm_engine,btc_sha256_elapsed_ns,961.0000000000
767477,10464530835788,btc_qm_engine,btc_sha256_nonce,139605198.0000000000
767478,10464530835869,btc_qm_engine,btc_leading_zeros,0.0000000000
767479,10464530836110,btc_qm_engine,btc_sha256_nonce,1161772560.0000000000
767480,10464530836191,btc_qm_engine,btc_leading_zeros,4.0000000000
767481,10464530836266,btc_qm_engine,btc_sha256_elapsed_ns,36320.0000000000
767482,10464530836375,btc_qm_engine,btc_sha256_elapsed_ns,1086.0000000000
767483,10464530836526,btc_qm_engine,btc_sha256_nonce,3648215414.0000000000
767484,10464530836606,btc_qm_engine,btc_leading_zeros,0.0000000000
767485,10464530836689,btc_qm_engine,btc_sha256_elapsed_ns,1071.0000000000
767486,10464530836823,btc_qm_engine,btc_sha256_nonce,1123790605.0000000000
767487,10464530837146,btc_qm_engine,btc_sha256_nonce,3911827413.0000000000
767488,10464530837236,btc_qm_engine,btc_leading_zeros,0.0000000000
767489,10464530837315,btc_qm_engine,btc_sha256_elapsed_ns,1068.0000000000
767490,10464530837487,btc_qm_engine,btc_leading_zeros,0.0000000000
767491,10464530837772,btc_qm_engine,btc_sha256_nonce,240417167.0000000000
767492,10464530837952,btc_qm_engine,btc_sha256_nonce,3825122435.0000000000
767493,10464530838028,btc_qm_engine,btc_leading_zeros,3.0000000000
767494,10464530838202,btc_qm_engine,btc_sha256_elapsed_ns,1072.0000000000
767495,10464530838930,btc_qm_engine,btc_sha256_nonce,3127834137.0000000000
767496,10464530839099,btc_qm_engine,btc_sha256_nonce,3240626253.0000000000
767497,10464530839331,btc_qm_engine,btc_leading_zeros,0.0000000000
767498,10464530839400,btc_qm_engine,btc_sha256_elapsed_ns,879.0000000000
767499,10464530839667,btc_qm_engine,btc_leading_zeros,0.0000000000
767500,10464530839814,btc_qm_engine,btc_leading_zeros,0.0000000000
767501,10464530839893,btc_qm_engine,btc_sha256_elapsed_ns,1080.0000000000
767502,10464530840315,btc_qm_engine,btc_sha256_nonce,1941694655.0000000000
767503,10464530840390,btc_qm_engine,btc_leading_zeros,0.0000000000
767504,10464530840442,btc_qm_engine,btc_sha256_elapsed_ns,921.0000000000
767505,10464530840596,btc_qm_engine,btc_sha256_nonce,2042453486.0000000000
767506,10464530840669,btc_qm_engine,btc_leading_zeros,0.0000000000
767507,10464530840742,btc_qm_engine,btc_sha256_elapsed_ns,735.0000000000
767508,10464530841080,btc_qm_engine,btc_sha256_elapsed_ns,1026.0000000000
767509,10464530841395,btc_qm_engine,btc_sha256_nonce,1942085413.0000000000
767510,10464530841467,btc_qm_engine,btc_leading_zeros,1.0000000000
767511,10464530841907,btc_qm_engine,btc_sha256_nonce,2051363686.0000000000
767512,10464530842160,btc_qm_engine,btc_sha256_nonce,1262949548.0000000000
767513,10464530842380,btc_qm_engine,btc_leading_zeros,1.0000000000
767514,10464530842468,btc_qm_engine,btc_sha256_elapsed_ns,1003.0000000000
767515,10464530842646,btc_qm_engine,btc_sha256_elapsed_ns,733.0000000000
767516,10464530842874,btc_qm_engine,btc_leading_zeros,8.0000000000
767517,10464530843341,btc_qm_engine,btc_sha256_elapsed_ns,953.0000000000
767518,10464530843465,btc_qm_engine,btc_sha256_nonce,2876890309.0000000000
767519,10464530843554,btc_qm_engine,btc_sha256_elapsed_ns,1009.0000000000
767520,10464530843692,btc_qm_engine,btc_sha256_nonce,38304384.0000000000
767521,10464530843766,btc_qm_engine,btc_leading_zeros,4.0000000000
767522,10464530843947,btc_qm_engine,btc_sha256_elapsed_ns,985.0000000000
767523,10464530844147,btc_qm_engine,btc_sha256_elapsed_ns,934.0000000000
767524,10464530844308,btc_qm_engine,btc_sha256_nonce,466369437.0000000000
767525,10464530844387,btc_qm_engine,btc_leading_zeros,0.0000000000
767526,10464530844481,btc_qm_engine,btc_sha256_elapsed_ns,1069.0000000000
767527,10464530844923,btc_qm_engine,btc_sha256_nonce,240372108.0000000000
767528,10464530844985,btc_qm_engine,btc_leading_zeros,1.0000000000
767529,10464530845356,btc_qm_engine,btc_sha256_nonce,4093242296.0000000000
767530,10464530845557,btc_qm_engine,btc_leading_zeros,0.0000000000
767531,10464530845692,btc_qm_engine,btc_sha256_nonce,814327713.0000000000
767532,10464530845762,btc_qm_engine,btc_leading_zeros,3.0000000000
767533,10464530845988,btc_qm_engine,btc_sha256_elapsed_ns,1053.0000000000
767534,10464530846130,btc_qm_engine,btc_sha256_nonce,2169824934.0000000000
767535,10464530847030,btc_qm_engine,btc_sha256_nonce,3439406051.0000000000
767536,10464530847126,btc_qm_engine,btc_sha256_elapsed_ns,898.0000000000
767537,10464530847300,btc_qm_engine,btc_sha256_elapsed_ns,991.0000000000
767538,10464530847527,btc_qm_engine,btc_leading_zeros,0.0000000000
767539,10464530847860,btc_qm_engine,btc_leading_zeros,0.0000000000
767540,10464530848443,btc_qm_engine,btc_sha256_elapsed_ns,945.0000000000
767541,10464530848714,btc_qm_engine,btc_sha256_nonce,2750137815.0000000000
767542,10464530848793,btc_qm_engine,btc_leading_zeros,0.0000000000
767543,10464530848863,btc_qm_engine,btc_sha256_elapsed_ns,1071.0000000000
767544,10464530849171,btc_qm_engine,btc_sha256_nonce,1435484224.0000000000
767545,10464530849245,btc_qm_engine,btc_leading_zeros,0.0000000000
767546,10464530849316,btc_qm_engine,btc_sha256_elapsed_ns,1110.0000000000
767547,10464530849852,btc_qm_engine,btc_sha256_nonce,2713090593.0000000000
767548,10464530850018,btc_qm_engine,btc_sha256_nonce,3333285654.0000000000
767549,10464530850092,btc_qm_engine,btc_leading_zeros,2.0000000000
767550,10464530850167,btc_qm_engine,btc_sha256_elapsed_ns,1028.0000000000
767551,10464530850398,btc_qm_engine,btc_sha256_nonce,1632791134.0000000000
767552,10464530850678,btc_qm_engine,btc_sha256_nonce,2587959849.0000000000
767553,10464530850866,btc_qm_engine,btc_leading_zeros,0.0000000000
767554,10464530851392,btc_qm_engine,btc_sha256_nonce,3473340458.0000000000
767555,10464530851465,btc_qm_engine,btc_leading_zeros,0.0000000000
767556,10464530851516,btc_qm_engine,btc_sha256_elapsed_ns,986.0000000000
767557,10464530851872,btc_qm_engine,btc_leading_zeros,1.0000000000
767558,10464530851952,btc_qm_engine,btc_sha256_elapsed_ns,1039.0000000000
767559,10464530852512,btc_qm_engine,btc_leading_zeros,2.0000000000
767560,10464530852701,btc_qm_engine,btc_sha256_elapsed_ns,1066.0000000000
767561,10464530852879,btc_qm_engine,btc_sha256_elapsed_ns,1106.0000000000
767562,10464530853039,btc_qm_engine,btc_sha256_elapsed_ns,1085.0000000000
767563,10464530854120,btc_qm_engine,btc_sha256_nonce,3771642024.0000000000
767564,10464530854263,btc_qm_engine,btc_sha256_nonce,1347815076.0000000000
767565,10464530854514,btc_qm_engine,btc_sha256_nonce,246158915.0000000000
767566,10464530854663,btc_qm_engine,btc_sha256_nonce,2587824578.0000000000
767567,10464530854746,btc_qm_engine,btc_leading_zeros,0.0000000000
767568,10464530854818,btc_qm_engine,btc_sha256_elapsed_ns,1104.0000000000
767569,10464530855001,btc_qm_engine,btc_sha256_nonce,1748837990.0000000000
767570,10464530855124,btc_qm_engine,btc_leading_zeros,3.0000000000
767571,10464530855188,btc_qm_engine,btc_sha256_elapsed_ns,1144.0000000000
767572,10464530855363,btc_qm_engine,btc_leading_zeros,0.0000000000
767573,10464530855522,btc_qm_engine,btc_leading_zeros,3.0000000000
767574,10464530855770,btc_qm_engine,btc_leading_zeros,4.0000000000
767575,10464530855898,btc_qm_engine,btc_leading_zeros,0.0000000000
767576,10464530856153,btc_qm_engine,btc_sha256_elapsed_ns,1074.0000000000
767577,10464530856364,btc_qm_engine,btc_sha256_elapsed_ns,1131.0000000000
767578,10464530856529,btc_qm_engine,btc_sha256_nonce,3817103251.0000000000
767579,10464530856794,btc_qm_engine,btc_sha256_elapsed_ns,1076.0000000000
767580,10464530856932,btc_qm_engine,btc_sha256_elapsed_ns,1087.0000000000
767581,10464530857109,btc_qm_engine,btc_sha256_nonce,1740943378.0000000000
767582,10464530857414,btc_qm_engine,btc_sha256_nonce,1781377774.0000000000
767583,10464530857523,btc_qm_engine,btc_leading_zeros,0.0000000000
767584,10464530857592,btc_qm_engine,btc_sha256_elapsed_ns,986.0000000000
767585,10464530857812,btc_qm_engine,btc_sha256_nonce,3111278369.0000000000
767586,10464530857890,btc_qm_engine,btc_leading_zeros,0.0000000000
767587,10464530857941,btc_qm_engine,btc_sha256_elapsed_ns,931.0000000000
767588,10464530858075,btc_qm_engine,btc_sha256_nonce,527577272.0000000000
767589,10464530858269,btc_qm_engine,btc_sha256_nonce,3821968774.0000000000
767590,10464530858358,btc_qm_engine,btc_leading_zeros,0.0000000000
767591,10464530858428,btc_qm_engine,btc_sha256_elapsed_ns,1082.0000000000
767592,10464530858652,btc_qm_engine,btc_leading_zeros,0.0000000000
767593,10464530858903,btc_qm_engine,btc_sha256_nonce,2786421997.0000000000
767594,10464530859122,btc_qm_engine,btc_sha256_elapsed_ns,1037.0000000000
767595,10464530859275,btc_qm_engine,btc_sha256_nonce,782112239.0000000000
767596,10464530859462,btc_qm_engine,btc_leading_zeros,4.0000000000
767597,10464530859743,btc_qm_engine,btc_leading_zeros,1.0000000000
767598,10464530859973,btc_qm_engine,btc_sha256_nonce,1615431487.0000000000
767599,10464530860121,btc_qm_engine,btc_sha256_elapsed_ns,731.0000000000
767600,10464530860299,btc_qm_engine,btc_sha256_nonce,241208625.0000000000
767601,10464530860560,btc_qm_engine,btc_leading_zeros,2.0000000000
767602,10464530860778,btc_qm_engine,btc_leading_zeros,3.0000000000
767603,10464530860870,btc_qm_engine,btc_sha256_elapsed_ns,1079.0000000000
767604,10464530861437,btc_qm_engine,btc_sha256_elapsed_ns,912.0000000000
767605,10464530861625,btc_qm_engine,btc_sha256_elapsed_ns,1143.0000000000
767606,10464530862735,btc_qm_engine,btc_sha256_nonce,3446868408.0000000000
767607,10464530862810,btc_qm_engine,btc_leading_zeros,1.0000000000
767608,10464530862885,btc_qm_engine,btc_sha256_elapsed_ns,1079.0000000000
767609,10464530863326,btc_qm_engine,btc_sha256_nonce,3276232011.0000000000
767610,10464530863407,btc_qm_engine,btc_leading_zeros,2.0000000000
767611,10464530863827,btc_qm_engine,btc_sha256_elapsed_ns,1023.0000000000
767612,10464530864147,btc_qm_engine,btc_sha256_nonce,2503248538.0000000000
767613,10464530864603,btc_qm_engine,btc_sha256_nonce,1094131304.0000000000
767614,10464530864761,btc_qm_engine,btc_leading_zeros,0.0000000000
767615,10464530864858,btc_qm_engine,btc_sha256_elapsed_ns,1109.0000000000
767616,10464530865137,btc_qm_engine,btc_sha256_nonce,2665315541.0000000000
767617,10464530865377,btc_qm_engine,btc_sha256_nonce,3874897350.0000000000
767618,10464530865628,btc_qm_engine,btc_leading_zeros,0.0000000000
767619,10464530866166,btc_qm_engine,btc_sha256_nonce,2882487493.0000000000
767620,10464530866246,btc_qm_engine,btc_leading_zeros,2.0000000000
767621,10464530866309,btc_qm_engine,btc_sha256_elapsed_ns,986.0000000000
767622,10464530866504,btc_qm_engine,btc_sha256_elapsed_ns,822.0000000000
767623,10464530866754,btc_qm_engine,btc_leading_zeros,0.0000000000
767624,10464530867012,btc_qm_engine,btc_leading_zeros,3.0000000000
767625,10464530867196,btc_qm_engine,btc_sha256_elapsed_ns,1010.0000000000
767626,10464530867443,btc_qm_engine,btc_sha256_elapsed_ns,943.0000000000
767627,10464530867640,btc_qm_engine,btc_leading_zeros,4.0000000000
767628,10464530867979,btc_qm_engine,btc_leading_zeros,0.0000000000
767629,10464530868290,btc_qm_engine,btc_sha256_nonce,2183393994.0000000000
767630,10464530868681,btc_qm_engine,btc_sha256_nonce,855753609.0000000000
767631,10464530868922,btc_qm_engine,btc_sha256_elapsed_ns,1071.0000000000
767632,10464530869387,btc_qm_engine,btc_leading_zeros,0.0000000000
767633,10464530869522,btc_qm_engine,btc_sha256_elapsed_ns,958.0000000000
767634,10464530869686,btc_qm_engine,btc_leading_zeros,1.0000000000
767635,10464530869762,btc_qm_engine,btc_sha256_elapsed_ns,992.0000000000
767636,10464530869966,btc_qm_engine,btc_sha256_nonce,263573632.0000000000
767637,10464530870214,btc_qm_engine,btc_sha256_nonce,3504183962.0000000000
767638,10464530870374,btc_qm_engine,btc_sha256_elapsed_ns,1075.0000000000
767639,10464530870546,btc_qm_engine,btc_leading_zeros,0.0000000000
767640,10464530870747,btc_qm_engine,btc_leading_zeros,0.0000000000
767641,10464530870836,btc_qm_engine,btc_sha256_nonce,2267588042.0000000000
767642,10464530870908,btc_qm_engine,btc_leading_zeros,0.0000000000
767643,10464530870999,btc_qm_engine,btc_sha256_elapsed_ns,937.0000000000
767644,10464530871148,btc_qm_engine,btc_sha256_elapsed_ns,1033.0000000000
767645,10464530871321,btc_qm_engine,btc_sha256_nonce,2493326269.0000000000
767646,10464530871419,btc_qm_engine,btc_leading_zeros,3.0000000000
767647,10464530871550,btc_qm_engine,btc_sha256_nonce,2051427222.0000000000
767648,10464530871815,btc_qm_engine,btc_sha256_nonce,2588290372.0000000000
767649,10464530871919,btc_qm_engine,btc_leading_zeros,0.0000000000
767650,10464530871970,btc_qm_engine,btc_sha256_elapsed_ns,960.0000000000
767651,10464530872123,btc_qm_engine,btc_sha256_elapsed_ns,1074.0000000000
767652,10464530872542,btc_qm_engine,btc_sha256_nonce,959730784.0000000000
767653,10464530872686,btc_qm_engine,btc_sha256_nonce,3966635981.0000000000
767654,10464530872785,btc_qm_engine,btc_sha256_nonce,416269153.0000000000
767655,10464530872955,btc_qm_engine,btc_leading_zeros,0.0000000000
767656,10464530873130,btc_qm_engine,btc_leading_zeros,1.0000000000
767657,10464530873402,btc_qm_engine,btc_sha256_nonce,4112964727.0000000000
767658,10464530873576,btc_qm_engine,btc_sha256_elapsed_ns,991.0000000000
767659,10464530873871,btc_qm_engine,btc_sha256_nonce,2701149847.0000000000
767660,10464530874402,btc_qm_engine,btc_sha256_elapsed_ns,1092.0000000000
767661,10464530875335,btc_qm_engine,btc_sha256_nonce,1476364417.0000000000
767662,10464530875417,btc_qm_engine,btc_leading_zeros,0.0000000000
767663,10464530875489,btc_qm_engine,btc_sha256_elapsed_ns,1050.0000000000
767664,10464530875840,btc_qm_engine,btc_leading_zeros,0.0000000000
767665,10464530875982,btc_qm_engine,btc_sha256_elapsed_ns,773.0000000000
767666,10464530876092,btc_qm_engine,btc_sha256_nonce,1252340782.0000000000
767667,10464530876225,btc_qm_engine,btc_leading_zeros,1.0000000000
767668,10464530876292,btc_qm_engine,btc_sha256_elapsed_ns,999.0000000000
767669,10464530876785,btc_qm_engine,btc_leading_zeros,0.0000000000
767670,10464530877191,btc_qm_engine,btc_sha256_nonce,61233431.0000000000
767671,10464530877266,btc_qm_engine,btc_leading_zeros,2.0000000000
767672,10464530877436,btc_qm_engine,btc_sha256_elapsed_ns,1068.0000000000
767673,10464530877631,btc_qm_engine,btc_sha256_nonce,2428235053.0000000000
767674,10464530877733,btc_qm_engine,btc_leading_zeros,0.0000000000
767675,10464530877821,btc_qm_engine,btc_sha256_elapsed_ns,1098.0000000000
767676,10464530877986,btc_qm_engine,btc_sha256_elapsed_ns,932.0000000000
767677,10464530878108,btc_qm_engine,btc_sha256_elapsed_ns,959.0000000000
767678,10464530878347,btc_qm_engine,btc_sha256_nonce,614434623.0000000000
767679,10464530878704,btc_qm_engine,btc_leading_zeros,2.0000000000
767680,10464530879075,btc_qm_engine,btc_leading_zeros,1.0000000000
767681,10464530879431,btc_qm_engine,btc_sha256_nonce,3025843781.0000000000
767682,10464530879514,btc_qm_engine,btc_leading_zeros,1.0000000000
767683,10464530879747,btc_qm_engine,btc_sha256_nonce,2787435035.0000000000
767684,10464530880226,btc_qm_engine,btc_sha256_nonce,3797510743.0000000000
767685,10464530881035,btc_qm_engine,btc_leading_zeros,2.0000000000
767686,10464530881115,btc_qm_engine,btc_sha256_elapsed_ns,1020.0000000000
767687,10464530881601,btc_qm_engine,btc_sha256_nonce,845061860.0000000000
767688,10464530882035,btc_qm_engine,btc_sha256_elapsed_ns,1118.0000000000
767689,10464530882422,btc_qm_engine,btc_sha256_elapsed_ns,1072.0000000000
767690,10464530882762,btc_qm_engine,btc_sha256_nonce,1479445209.0000000000
767691,10464530883208,btc_qm_engine,btc_leading_zeros,0.0000000000
767692,10464530883647,btc_qm_engine,btc_sha256_elapsed_ns,984.0000000000
767693,10464530883849,btc_qm_engine,btc_sha256_nonce,2587850695.0000000000
767694,10464530884438,btc_qm_engine,btc_sha256_nonce,2393453843.0000000000
767695,10464530884613,btc_qm_engine,btc_leading_zeros,0.0000000000
767696,10464530884871,btc_qm_engine,btc_sha256_nonce,1344368256.0000000000
767697,10464530884943,btc_qm_engine,btc_leading_zeros,0.0000000000
767698,10464530885038,btc_qm_engine,btc_sha256_elapsed_ns,955.0000000000
767699,10464530885121,btc_qm_engine,btc_leading_zeros,4.0000000000
767700,10464530885541,btc_qm_engine,btc_sha256_elapsed_ns,1070.0000000000
767701,10464530886223,btc_qm_engine,btc_leading_zeros,1.0000000000
767702,10464530886544,btc_qm_engine,btc_sha256_nonce,3299432965.0000000000
767703,10464530886630,btc_qm_engine,btc_leading_zeros,0.0000000000
767704,10464530886692,btc_qm_engine,btc_sha256_elapsed_ns,754.0000000000
767705,10464530886852,btc_qm_engine,btc_sha256_elapsed_ns,939.0000000000
767706,10464530887328,btc_qm_engine,btc_sha256_nonce,3495092061.0000000000
767707,10464530887505,btc_qm_engine,btc_sha256_nonce,1717382814.0000000000
767708,10464530887573,btc_qm_engine,btc_leading_zeros,0.0000000000
767709,10464530887636,btc_qm_engine,btc_sha256_elapsed_ns,1019.0000000000
767710,10464530887768,btc_qm_engine,btc_leading_zeros,1.0000000000
767711,10464530887851,btc_qm_engine,btc_sha256_elapsed_ns,1056.0000000000
767712,10464530888137,btc_qm_engine,btc_sha256_nonce,215473634.0000000000
767713,10464530888297,btc_qm_engine,btc_sha256_nonce,2052146987.0000000000
767714,10464530888566,btc_qm_engine,btc_sha256_elapsed_ns,1012.0000000000
767715,10464530888751,btc_qm_engine,btc_leading_zeros,0.0000000000
767716,10464530888969,btc_qm_engine,btc_sha256_nonce,3274202213.0000000000
767717,10464530889193,btc_qm_engine,btc_sha256_elapsed_ns,731.0000000000
767718,10464530889436,btc_qm_engine,btc_leading_zeros,0.0000000000
767719,10464530889832,btc_qm_engine,btc_sha256_nonce,3648318106.0000000000
767720,10464530890015,btc_qm_engine,btc_sha256_elapsed_ns,997.0000000000
767721,10464530890484,btc_qm_engine,btc_leading_zeros,0.0000000000
767722,10464530890992,btc_qm_engine,btc_leading_zeros,3.0000000000
767723,10464530891143,btc_qm_engine,btc_sha256_elapsed_ns,1052.0000000000
767724,10464530891282,btc_qm_engine,btc_leading_zeros,3.0000000000
767725,10464530891643,btc_qm_engine,btc_sha256_elapsed_ns,1130.0000000000
767726,10464530891844,btc_qm_engine,btc_sha256_elapsed_ns,975.0000000000
767727,10464530892362,btc_qm_engine,btc_sha256_nonce,902215130.0000000000
767728,10464530892444,btc_qm_engine,btc_leading_zeros,0.0000000000
767729,10464530892514,btc_qm_engine,btc_sha256_elapsed_ns,969.0000000000
767730,10464530893293,btc_qm_engine,btc_sha256_nonce,4066102013.0000000000
767731,10464530893559,btc_qm_engine,btc_sha256_nonce,3860975376.0000000000
767732,10464530893669,btc_qm_engine,btc_leading_zeros,1.0000000000
767733,10464530893962,btc_qm_engine,btc_leading_zeros,0.0000000000
767734,10464530894449,btc_qm_engine,btc_sha256_elapsed_ns,1004.0000000000
767735,10464530894619,btc_qm_engine,btc_sha256_elapsed_ns,1096.0000000000
767736,10464530894767,btc_qm_engine,btc_leading_zeros,2.0000000000
767737,10464530894850,btc_qm_engine,btc_sha256_nonce,2050907151.0000000000
767738,10464530895024,btc_qm_engine,btc_sha256_nonce,1431244909.0000000000
767739,10464530895204,btc_qm_engine,btc_sha256_elapsed_ns,1016.0000000000
767740,10464530895299,btc_qm_engine,btc_leading_zeros,0.0000000000
767741,10464530895514,btc_qm_engine,btc_sha256_elapsed_ns,1115.0000000000
767742,10464530895895,btc_qm_engine,btc_sha256_nonce,2739712524.0000000000
767743,10464530896278,btc_qm_engine,btc_sha256_nonce,3498311082.0000000000
767744,10464530896482,btc_qm_engine,btc_leading_zeros,0.0000000000
767745,10464530896891,btc_qm_engine,btc_sha256_nonce,819417087.0000000000
767746,10464530897136,btc_qm_engine,btc_sha256_nonce,210333110.0000000000
767747,10464530897277,btc_qm_engine,btc_sha256_elapsed_ns,979.0000000000
767748,10464530897417,btc_qm_engine,btc_leading_zeros,1.0000000000
767749,10464530897542,btc_qm_engine,btc_leading_zeros,0.0000000000
767750,10464530897613,btc_qm_engine,btc_sha256_elapsed_ns,912.0000000000
767751,10464530897875,btc_qm_engine,btc_sha256_elapsed_ns,1068.0000000000
767752,10464530898268,btc_qm_engine,btc_sha256_nonce,3475984688.0000000000
767753,10464530898340,btc_qm_engine,btc_leading_zeros,0.0000000000
767754,10464530898391,btc_qm_engine,btc_sha256_elapsed_ns,743.0000000000
767755,10464530898785,btc_qm_engine,btc_sha256_nonce,1942223411.0000000000
767756,10464530898866,btc_qm_engine,btc_leading_zeros,2.0000000000
767757,10464530898938,btc_qm_engine,btc_sha256_elapsed_ns,954.0000000000
767758,10464530899116,btc_qm_engine,btc_leading_zeros,1.0000000000
767759,10464530899197,btc_qm_engine,btc_sha256_elapsed_ns,1028.0000000000
767760,10464530899590,btc_qm_engine,btc_sha256_nonce,400238997.0000000000
767761,10464530899685,btc_qm_engine,btc_leading_zeros,1.0000000000
767762,10464530900134,btc_qm_engine,btc_sha256_elapsed_ns,1014.0000000000
767763,10464530900366,btc_qm_engine,btc_sha256_nonce,3267063570.0000000000
767764,10464530900729,btc_qm_engine,btc_leading_zeros,2.0000000000
767765,10464530900799,btc_qm_engine,btc_sha256_elapsed_ns,1034.0000000000
767766,10464530900920,btc_qm_engine,btc_sha256_nonce,240526625.0000000000
767767,10464530901049,btc_qm_engine,btc_sha256_nonce,1566530616.0000000000
767768,10464530901140,btc_qm_engine,btc_leading_zeros,8.0000000000
767769,10464530901230,btc_qm_engine,btc_sha256_elapsed_ns,1076.0000000000
767770,10464530901391,btc_qm_engine,btc_leading_zeros,0.0000000000
767771,10464530901462,btc_qm_engine,btc_sha256_elapsed_ns,1103.0000000000
767772,10464530901641,btc_qm_engine,btc_sha256_nonce,728644531.0000000000
767773,10464530901725,btc_qm_engine,btc_sha256_nonce,1586029405.0000000000
767774,10464530902025,btc_qm_engine,btc_leading_zeros,1.0000000000
767775,10464530902100,btc_qm_engine,btc_sha256_elapsed_ns,1072.0000000000
767776,10464530902354,btc_qm_engine,btc_leading_zeros,0.0000000000
767777,10464530902516,btc_qm_engine,btc_sha256_nonce,2651353462.0000000000
767778,10464530902830,btc_qm_engine,btc_sha256_nonce,240548227.0000000000
767779,10464530903007,btc_qm_engine,btc_leading_zeros,0.0000000000
767780,10464530903190,btc_qm_engine,btc_sha256_elapsed_ns,1029.0000000000
767781,10464530903320,btc_qm_engine,btc_leading_zeros,2.0000000000
767782,10464530903395,btc_qm_engine,btc_sha256_elapsed_ns,1057.0000000000
767783,10464530903491,btc_qm_engine,btc_sha256_nonce,4109739865.0000000000
767784,10464530903621,btc_qm_engine,btc_leading_zeros,0.0000000000
767785,10464530903699,btc_qm_engine,btc_sha256_elapsed_ns,1040.0000000000
767786,10464530903881,btc_qm_engine,btc_leading_zeros,0.0000000000
767787,10464530904174,btc_qm_engine,btc_sha256_elapsed_ns,995.0000000000
767788,10464530904314,btc_qm_engine,btc_sha256_elapsed_ns,1104.0000000000
767789,10464530904552,btc_qm_engine,btc_sha256_nonce,3051141671.0000000000
767790,10464530904629,btc_qm_engine,btc_leading_zeros,0.0000000000
767791,10464530904831,btc_qm_engine,btc_sha256_elapsed_ns,1086.0000000000
767792,10464530905087,btc_qm_engine,btc_sha256_nonce,4059070219.0000000000
767793,10464530905180,btc_qm_engine,btc_leading_zeros,0.0000000000
767794,10464530905250,btc_qm_engine,btc_sha256_elapsed_ns,1075.0000000000
767795,10464530905518,btc_qm_engine,btc_sha256_nonce,3259936483.0000000000
767796,10464530905604,btc_qm_engine,btc_leading_zeros,1.0000000000
767797,10464530905697,btc_qm_engine,btc_sha256_nonce,3469812972.0000000000
767798,10464530905823,btc_qm_engine,btc_sha256_nonce,1419623122.0000000000
767799,10464530906046,btc_qm_engine,btc_sha256_nonce,930165264.0000000000
767800,10464530906219,btc_qm_engine,btc_leading_zeros,9.0000000000
767801,10464530906296,btc_qm_engine,btc_sha256_elapsed_ns,1053.0000000000
767802,10464530906546,btc_qm_engine,btc_sha256_nonce,273438854.0000000000
767803,10464530906637,btc_qm_engine,btc_leading_zeros,1.0000000000
767804,10464530906736,btc_qm_engine,btc_sha256_elapsed_ns,1142.0000000000
767805,10464530906962,btc_qm_engine,btc_leading_zeros,0.0000000000
767806,10464530907116,btc_qm_engine,btc_sha256_elapsed_ns,1084.0000000000
767807,10464530907412,btc_qm_engine,btc_sha256_nonce,240210942.0000000000
767808,10464530907530,btc_qm_engine,btc_sha256_elapsed_ns,1069.0000000000
767809,10464530907867,btc_qm_engine,btc_sha256_nonce,3315355806.0000000000
767810,10464530908094,btc_qm_engine,btc_sha256_nonce,1360569396.0000000000
767811,10464530908221,btc_qm_engine,btc_leading_zeros,2.0000000000
767812,10464530908463,btc_qm_engine,btc_leading_zeros,2.0000000000
767813,10464530908812,btc_qm_engine,btc_leading_zeros,0.0000000000
767814,10464530909004,btc_qm_engine,btc_sha256_nonce,3648169207.0000000000
767815,10464530909179,btc_qm_engine,btc_sha256_elapsed_ns,959.0000000000
767816,10464530909347,btc_qm_engine,btc_sha256_elapsed_ns,1086.0000000000
767817,10464530910090,btc_qm_engine,btc_leading_zeros,4.0000000000
767818,10464530910459,btc_qm_engine,btc_sha256_elapsed_ns,1025.0000000000
767819,10464530910855,btc_qm_engine,btc_sha256_elapsed_ns,1078.0000000000
767820,10464530910965,btc_qm_engine,btc_sha256_elapsed_ns,1032.0000000000
767821,10464530911481,btc_qm_engine,btc_sha256_nonce,3505994716.0000000000
767822,10464530911560,btc_qm_engine,btc_leading_zeros,4.0000000000
767823,10464530911632,btc_qm_engine,btc_sha256_elapsed_ns,1066.0000000000
767824,10464530911826,btc_qm_engine,btc_sha256_nonce,2918149166.0000000000
767825,10464530911900,btc_qm_engine,btc_leading_zeros,0.0000000000
767826,10464530911965,btc_qm_engine,btc_sha256_elapsed_ns,1114.0000000000
767827,10464530912236,btc_qm_engine,btc_sha256_nonce,433544524.0000000000
767828,10464530912321,btc_qm_engine,btc_leading_zeros,0.0000000000
767829,10464530912390,btc_qm_engine,btc_sha256_elapsed_ns,987.0000000000
767830,10464530912590,btc_qm_engine,btc_sha256_nonce,508983080.0000000000
767831,10464530913002,btc_qm_engine,btc_sha256_nonce,3518169878.0000000000
767832,10464530913248,btc_qm_engine,btc_sha256_nonce,2428430340.0000000000
767833,10464530913326,btc_qm_engine,btc_leading_zeros,3.0000000000
767834,10464530913537,btc_qm_engine,btc_leading_zeros,1.0000000000
767835,10464530913711,btc_qm_engine,btc_sha256_elapsed_ns,999.0000000000
767836,10464530913907,btc_qm_engine,btc_sha256_nonce,27406647.0000000000
767837,10464530913996,btc_qm_engine,btc_sha256_nonce,2977586528.0000000000
767838,10464530914166,btc_qm_engine,btc_sha256_elapsed_ns,1072.0000000000
767839,10464530914440,btc_qm_engine,btc_leading_zeros,3.0000000000
767840,10464530914813,btc_qm_engine,btc_sha256_nonce,4235160812.0000000000
767841,10464530915415,btc_qm_engine,btc_leading_zeros,0.0000000000
767842,10464530915466,btc_qm_engine,btc_sha256_elapsed_ns,972.0000000000
767843,10464530915691,btc_qm_engine,btc_leading_zeros,0.0000000000
767844,10464530915803,btc_qm_engine,btc_sha256_nonce,2830983249.0000000000
767845,10464530915881,btc_qm_engine,btc_leading_zeros,0.0000000000
767846,10464530915952,btc_qm_engine,btc_sha256_elapsed_ns,1097.0000000000
767847,10464530916101,btc_qm_engine,btc_sha256_elapsed_ns,1060.0000000000
767848,10464530916428,btc_qm_engine,btc_sha256_nonce,1284936295.0000000000
767849,10464530916494,btc_qm_engine,btc_leading_zeros,0.0000000000
767850,10464530916550,btc_qm_engine,btc_sha256_elapsed_ns,741.0000000000
767851,10464530916978,btc_qm_engine,btc_sha256_nonce,2469772285.0000000000
767852,10464530917052,btc_qm_engine,btc_leading_zeros,3.0000000000
767853,10464530917138,btc_qm_engine,btc_sha256_elapsed_ns,1147.0000000000
767854,10464530917283,btc_qm_engine,btc_sha256_nonce,3610739404.0000000000
767855,10464530917435,btc_qm_engine,btc_sha256_nonce,2507764215.0000000000
767856,10464530917520,btc_qm_engine,btc_leading_zeros,0.0000000000
767857,10464530917584,btc_qm_engine,btc_sha256_elapsed_ns,1046.0000000000
767858,10464530917694,btc_qm_engine,btc_sha256_nonce,732808654.0000000000
767859,10464530917771,btc_qm_engine,btc_leading_zeros,1.0000000000
767860,10464530918033,btc_qm_engine,btc_leading_zeros,0.0000000000
767861,10464530918231,btc_qm_engine,btc_sha256_elapsed_ns,935.0000000000
767862,10464530918459,btc_qm_engine,btc_sha256_nonce,843124821.0000000000
767863,10464530918549,btc_qm_engine,btc_leading_zeros,1.0000000000
767864,10464530918603,btc_qm_engine,btc_sha256_elapsed_ns,1057.0000000000
767865,10464530918750,btc_qm_engine,btc_leading_zeros,2.0000000000
767866,10464530918903,btc_qm_engine,btc_sha256_nonce,4266473.0000000000
767867,10464530918986,btc_qm_engine,btc_leading_zeros,1.0000000000
767868,10464530919056,btc_qm_engine,btc_sha256_elapsed_ns,1083.0000000000
767869,10464530919218,btc_qm_engine,btc_sha256_elapsed_ns,1064.0000000000
767870,10464530919544,btc_qm_engine,btc_sha256_nonce,2587958517.0000000000
767871,10464530919620,btc_qm_engine,btc_leading_zeros,4.0000000000
767872,10464530919690,btc_qm_engine,btc_sha256_elapsed_ns,1060.0000000000
767873,10464530919879,btc_qm_engine,btc_sha256_nonce,2281982011.0000000000
767874,10464530920306,btc_qm_engine,btc_leading_zeros,3.0000000000
767875,10464530920623,btc_qm_engine,btc_sha256_elapsed_ns,1087.0000000000
767876,10464530920879,btc_qm_engine,btc_sha256_nonce,294648473.0000000000
767877,10464530921266,btc_qm_engine,btc_sha256_elapsed_ns,1031.0000000000
767878,10464530921449,btc_qm_engine,btc_leading_zeros,0.0000000000
767879,10464530921602,btc_qm_engine,btc_leading_zeros,1.0000000000
767880,10464530921851,btc_qm_engine,btc_sha256_nonce,1883366915.0000000000
767881,10464530922045,btc_qm_engine,btc_sha256_nonce,305473844.0000000000
767882,10464530922121,btc_qm_engine,btc_leading_zeros,0.0000000000
767883,10464530922208,btc_qm_engine,btc_sha256_elapsed_ns,1088.0000000000
767884,10464530922349,btc_qm_engine,btc_sha256_nonce,2734791781.0000000000
767885,10464530922472,btc_qm_engine,btc_sha256_elapsed_ns,1002.0000000000
767886,10464530922680,btc_qm_engine,btc_leading_zeros,0.0000000000
767887,10464530922885,btc_qm_engine,btc_sha256_elapsed_ns,1003.0000000000
767888,10464530923043,btc_qm_engine,btc_sha256_elapsed_ns,1104.0000000000
767889,10464530923256,btc_qm_engine,btc_sha256_nonce,2566683383.0000000000
767890,10464530923336,btc_qm_engine,btc_leading_zeros,1.0000000000
767891,10464530923522,btc_qm_engine,btc_sha256_nonce,764654842.0000000000
767892,10464530923608,btc_qm_engine,btc_leading_zeros,1.0000000000
767893,10464530923681,btc_qm_engine,btc_sha256_elapsed_ns,1079.0000000000
767894,10464530923829,btc_qm_engine,btc_leading_zeros,0.0000000000
767895,10464530923962,btc_qm_engine,btc_sha256_nonce,241048366.0000000000
767896,10464530924052,btc_qm_engine,btc_leading_zeros,0.0000000000
767897,10464530924112,btc_qm_engine,btc_sha256_elapsed_ns,929.0000000000
767898,10464530924277,btc_qm_engine,btc_sha256_elapsed_ns,975.0000000000
767899,10464530924594,btc_qm_engine,btc_sha256_elapsed_ns,1086.0000000000
767900,10464530924751,btc_qm_engine,btc_sha256_nonce,139733957.0000000000
767901,10464530924824,btc_qm_engine,btc_leading_zeros,3.0000000000
767902,10464530925164,btc_qm_engine,btc_sha256_elapsed_ns,1123.0000000000
767903,10464530925239,btc_qm_engine,btc_sha256_nonce,3650428516.0000000000
767904,10464530925363,btc_qm_engine,btc_sha256_nonce,2786652169.0000000000
767905,10464530925439,btc_qm_engine,btc_leading_zeros,1.0000000000
767906,10464530925540,btc_qm_engine,btc_sha256_elapsed_ns,1098.0000000000
767907,10464530925917,btc_qm_engine,btc_sha256_nonce,1056996605.0000000000
767908,10464530926284,btc_qm_engine,btc_sha256_nonce,1484863749.0000000000
767909,10464530926473,btc_qm_engine,btc_sha256_nonce,3420783607.0000000000
767910,10464530926547,btc_qm_engine,btc_leading_zeros,0.0000000000
767911,10464530926732,btc_qm_engine,btc_leading_zeros,4.0000000000
767912,10464530927078,btc_qm_engine,btc_sha256_elapsed_ns,866.0000000000
767913,10464530927244,btc_qm_engine,btc_sha256_elapsed_ns,1063.0000000000
767914,10464530927744,btc_qm_engine,btc_sha256_nonce,2289458734.0000000000
767915,10464530928080,btc_qm_engine,btc_leading_zeros,0.0000000000
767916,10464530928150,btc_qm_engine,btc_sha256_elapsed_ns,1108.0000000000
767917,10464530928343,btc_qm_engine,btc_leading_zeros,3.0000000000
767918,10464530928414,btc_qm_engine,btc_sha256_elapsed_ns,1108.0000000000
767919,10464530928583,btc_qm_engine,btc_sha256_nonce,2629097027.0000000000
767920,10464530928763,btc_qm_engine,btc_sha256_nonce,222658968.0000000000
767921,10464530928841,btc_qm_engine,btc_leading_zeros,0.0000000000
767922,10464530928908,btc_qm_engine,btc_sha256_elapsed_ns,969.0000000000
767923,10464530929056,btc_qm_engine,btc_leading_zeros,0.0000000000
767924,10464530929406,btc_qm_engine,btc_sha256_nonce,2539645113.0000000000
767925,10464530929547,btc_qm_engine,btc_sha256_nonce,2455690336.0000000000
767926,10464530929633,btc_qm_engine,btc_leading_zeros,4.0000000000
767927,10464530929728,btc_qm_engine,btc_sha256_elapsed_ns,1086.0000000000
767928,10464530929947,btc_qm_engine,btc_sha256_elapsed_ns,1155.0000000000
767929,10464530930312,btc_qm_engine,btc_sha256_nonce,782261890.0000000000
767930,10464530930459,btc_qm_engine,btc_sha256_nonce,2896584578.0000000000
767931,10464530930999,btc_qm_engine,btc_leading_zeros,2.0000000000
767932,10464530931188,btc_qm_engine,btc_sha256_nonce,4285525291.0000000000
767933,10464530931267,btc_qm_engine,btc_leading_zeros,2.0000000000
767934,10464530931322,btc_qm_engine,btc_sha256_elapsed_ns,1110.0000000000
767935,10464530931471,btc_qm_engine,btc_leading_zeros,0.0000000000
767936,10464530931788,btc_qm_engine,btc_sha256_elapsed_ns,1027.0000000000
767937,10464530932699,btc_qm_engine,btc_sha256_nonce,1170356337.0000000000
767938,10464530933015,btc_qm_engine,btc_leading_zeros,0.0000000000
767939,10464530933093,btc_qm_engine,btc_sha256_elapsed_ns,1089.0000000000
767940,10464530933261,btc_qm_engine,btc_sha256_nonce,57568833.0000000000
767941,10464530933631,btc_qm_engine,btc_leading_zeros,4.0000000000
767942,10464530933716,btc_qm_engine,btc_sha256_elapsed_ns,1081.0000000000
767943,10464530934270,btc_qm_engine,btc_sha256_nonce,3070245274.0000000000
767944,10464530934352,btc_qm_engine,btc_leading_zeros,4.0000000000
767945,10464530934428,btc_qm_engine,btc_sha256_elapsed_ns,879.0000000000
767946,10464530935077,btc_qm_engine,btc_sha256_nonce,3861510091.0000000000
767947,10464530935283,btc_qm_engine,btc_leading_zeros,2.0000000000
767948,10464530935571,btc_qm_engine,btc_sha256_nonce,566045969.0000000000
767949,10464530935656,btc_qm_engine,btc_leading_zeros,0.0000000000
767950,10464530935845,btc_qm_engine,btc_sha256_elapsed_ns,1093.0000000000
767951,10464530936264,btc_qm_engine,btc_leading_zeros,0.0000000000
767952,10464530936390,btc_qm_engine,btc_leading_zeros,2.0000000000
767953,10464530936536,btc_qm_engine,btc_sha256_elapsed_ns,1146.0000000000
767954,10464530936900,btc_qm_engine,btc_sha256_elapsed_ns,1155.0000000000
767955,10464530937216,btc_qm_engine,btc_sha256_nonce,2025083992.0000000000
767956,10464530937295,btc_qm_engine,btc_leading_zeros,3.0000000000
767957,10464530937378,btc_qm_engine,btc_sha256_elapsed_ns,1112.0000000000
767958,10464530937826,btc_qm_engine,btc_sha256_nonce,1929679789.0000000000
767959,10464530938083,btc_qm_engine,btc_sha256_nonce,535464858.0000000000
767960,10464530938249,btc_qm_engine,btc_sha256_elapsed_ns,1096.0000000000
767961,10464530938408,btc_qm_engine,btc_sha256_elapsed_ns,1096.0000000000
767962,10464530938789,btc_qm_engine,btc_leading_zeros,0.0000000000
767963,10464530939081,btc_qm_engine,btc_sha256_nonce,3296845989.0000000000
767964,10464530939276,btc_qm_engine,btc_sha256_elapsed_ns,1119.0000000000
767965,10464530939539,btc_qm_engine,btc_leading_zeros,1.0000000000
767966,10464530939712,btc_qm_engine,btc_leading_zeros,0.0000000000
767967,10464530940006,btc_qm_engine,btc_sha256_elapsed_ns,1067.0000000000
767968,10464530940217,btc_qm_engine,btc_sha256_elapsed_ns,1070.0000000000
767969,10464530940569,btc_qm_engine,btc_sha256_nonce,301742210.0000000000
767970,10464530940690,btc_qm_engine,btc_sha256_nonce,3301261570.0000000000
767971,10464530940933,btc_qm_engine,btc_leading_zeros,0.0000000000
767972,10464530941015,btc_qm_engine,btc_leading_zeros,0.0000000000
767973,10464530941341,btc_qm_engine,btc_sha256_elapsed_ns,1106.0000000000
767974,10464530941537,btc_qm_engine,btc_sha256_elapsed_ns,1112.0000000000
767975,10464530942019,btc_qm_engine,btc_sha256_nonce,2786799222.0000000000
767976,10464530942500,btc_qm_engine,btc_sha256_nonce,2459625239.0000000000
767977,10464530942629,btc_qm_engine,btc_sha256_nonce,2784831233.0000000000
767978,10464530942706,btc_qm_engine,btc_leading_zeros,0.0000000000
767979,10464530942777,btc_qm_engine,btc_sha256_elapsed_ns,1146.0000000000
767980,10464530943111,btc_qm_engine,btc_leading_zeros,0.0000000000
767981,10464530943308,btc_qm_engine,btc_sha256_nonce,2987496435.0000000000
767982,10464530943512,btc_qm_engine,btc_sha256_elapsed_ns,1109.0000000000
767983,10464530943787,btc_qm_engine,btc_sha256_elapsed_ns,754.0000000000
767984,10464530944010,btc_qm_engine,btc_sha256_nonce,3938950325.0000000000
767985,10464530944091,btc_qm_engine,btc_leading_zeros,1.0000000000
767986,10464530944190,btc_qm_engine,btc_sha256_elapsed_ns,1018.0000000000
767987,10464530944306,btc_qm_engine,btc_leading_zeros,0.0000000000
767988,10464530944672,btc_qm_engine,btc_sha256_elapsed_ns,1096.0000000000
767989,10464530944799,btc_qm_engine,btc_sha256_nonce,3111832999.0000000000
767990,10464530944881,btc_qm_engine,btc_leading_zeros,0.0000000000
767991,10464530944970,btc_qm_engine,btc_sha256_elapsed_ns,847.0000000000
767992,10464530945180,btc_qm_engine,btc_sha256_nonce,4060927352.0000000000
767993,10464530945366,btc_qm_engine,btc_leading_zeros,0.0000000000
767994,10464530945441,btc_qm_engine,btc_sha256_elapsed_ns,1089.0000000000
767995,10464530945614,btc_qm_engine,btc_leading_zeros,1.0000000000
767996,10464530945781,btc_qm_engine,btc_sha256_nonce,1250649789.0000000000
767997,10464530946127,btc_qm_engine,btc_sha256_nonce,685404822.0000000000
767998,10464530946335,btc_qm_engine,btc_sha256_elapsed_ns,1086.0000000000
767999,10464530946532,btc_qm_engine,btc_sha256_nonce,3950782284.0000000000
768000,10464530946641,btc_qm_engine,btc_leading_zeros,0.0000000000
768001,10464530946694,btc_qm_engine,btc_sha256_elapsed_ns,984.0000000000
768002,10464530946810,btc_qm_engine,btc_sha256_nonce,1977203895.0000000000
768003,10464530946879,btc_qm_engine,btc_leading_zeros,1.0000000000
768004,10464530946930,btc_qm_engine,btc_sha256_elapsed_ns,1034.0000000000
768005,10464530947178,btc_qm_engine,btc_sha256_nonce,3074662815.0000000000
768006,10464530947271,btc_qm_engine,btc_leading_zeros,4.0000000000
768007,10464530947597,btc_qm_engine,btc_sha256_elapsed_ns,1099.0000000000
768008,10464530947816,btc_qm_engine,btc_leading_zeros,0.0000000000
768009,10464530948107,btc_qm_engine,btc_sha256_nonce,787698074.0000000000
768010,10464530948289,btc_qm_engine,btc_sha256_elapsed_ns,1045.0000000000
768011,10464530948556,btc_qm_engine,btc_leading_zeros,0.0000000000
768012,10464530948751,btc_qm_engine,btc_leading_zeros,4.0000000000
768013,10464530948965,btc_qm_engine,btc_sha256_nonce,1941659951.0000000000
768014,10464530949103,btc_qm_engine,btc_sha256_nonce,304033290.0000000000
768015,10464530949466,btc_qm_engine,btc_sha256_nonce,2796616542.0000000000
768016,10464530949540,btc_qm_engine,btc_leading_zeros,1.0000000000
768017,10464530949636,btc_qm_engine,btc_sha256_elapsed_ns,967.0000000000
768018,10464530949841,btc_qm_engine,btc_leading_zeros,0.0000000000
768019,10464530950286,btc_qm_engine,btc_sha256_elapsed_ns,1020.0000000000
768020,10464530950617,btc_qm_engine,btc_sha256_nonce,2787303820.0000000000
768021,10464530950692,btc_qm_engine,btc_leading_zeros,1.0000000000
768022,10464530950754,btc_qm_engine,btc_sha256_elapsed_ns,785.0000000000
768023,10464530951627,btc_qm_engine,btc_sha256_nonce,2681357196.0000000000
768024,10464530951847,btc_qm_engine,btc_sha256_nonce,1348040999.0000000000
768025,10464530952011,btc_qm_engine,btc_sha256_nonce,3117956080.0000000000
768026,10464530952443,btc_qm_engine,btc_leading_zeros,3.0000000000
768027,10464530952564,btc_qm_engine,btc_leading_zeros,1.0000000000
768028,10464530952642,btc_qm_engine,btc_sha256_elapsed_ns,747.0000000000
768029,10464530952858,btc_qm_engine,btc_sha256_nonce,240545186.0000000000
768030,10464530953057,btc_qm_engine,btc_leading_zeros,0.0000000000
768031,10464530953137,btc_qm_engine,btc_sha256_elapsed_ns,1066.0000000000
768032,10464530953243,btc_qm_engine,btc_sha256_elapsed_ns,1110.0000000000
768033,10464530953558,btc_qm_engine,btc_leading_zeros,0.0000000000
768034,10464530953912,btc_qm_engine,btc_sha256_elapsed_ns,1055.0000000000
768035,10464530954132,btc_qm_engine,btc_sha256_nonce,2994869649.0000000000
768036,10464530954214,btc_qm_engine,btc_leading_zeros,0.0000000000
768037,10464530954302,btc_qm_engine,btc_sha256_elapsed_ns,946.0000000000
768038,10464530954389,btc_qm_engine,btc_leading_zeros,2.0000000000
768039,10464530954502,btc_qm_engine,btc_sha256_nonce,3861288522.0000000000
768040,10464530954769,btc_qm_engine,btc_sha256_elapsed_ns,1007.0000000000
768041,10464530954954,btc_qm_engine,btc_leading_zeros,0.0000000000
768042,10464530955283,btc_qm_engine,btc_sha256_elapsed_ns,757.0000000000
768043,10464530955650,btc_qm_engine,btc_sha256_nonce,519840721.0000000000
768044,10464530955854,btc_qm_engine,btc_leading_zeros,1.0000000000
768045,10464530956035,btc_qm_engine,btc_sha256_nonce,3783957747.0000000000
768046,10464530956158,btc_qm_engine,btc_leading_zeros,0.0000000000
768047,10464530956567,btc_qm_engine,btc_sha256_nonce,642728160.0000000000
768048,10464530956799,btc_qm_engine,btc_sha256_elapsed_ns,1081.0000000000
768049,10464530956906,btc_qm_engine,btc_sha256_elapsed_ns,1098.0000000000
768050,10464530957128,btc_qm_engine,btc_sha256_elapsed_ns,1036.0000000000
768051,10464530957544,btc_qm_engine,btc_leading_zeros,1.0000000000
768052,10464530957839,btc_qm_engine,btc_sha256_nonce,3802516343.0000000000
768053,10464530958079,btc_qm_engine,btc_sha256_nonce,644875337.0000000000
768054,10464530958159,btc_qm_engine,btc_leading_zeros,0.0000000000
768055,10464530958252,btc_qm_engine,btc_sha256_elapsed_ns,1026.0000000000
768056,10464530958368,btc_qm_engine,btc_sha256_elapsed_ns,1008.0000000000
768057,10464530958564,btc_qm_engine,btc_leading_zeros,1.0000000000
768058,10464530958870,btc_qm_engine,btc_sha256_nonce,37625376.0000000000
768059,10464530959023,btc_qm_engine,btc_sha256_nonce,2315430106.0000000000
768060,10464530959207,btc_qm_engine,btc_sha256_elapsed_ns,1098.0000000000
768061,10464530959403,btc_qm_engine,btc_sha256_nonce,1164081268.0000000000
768062,10464530959519,btc_qm_engine,btc_sha256_nonce,3302235117.0000000000
768063,10464530959777,btc_qm_engine,btc_leading_zeros,0.0000000000
768064,10464530959859,btc_qm_engine,btc_sha256_elapsed_ns,1058.0000000000
768065,10464530959959,btc_qm_engine,btc_leading_zeros,3.0000000000
768066,10464530960110,btc_qm_engine,btc_leading_zeros,2.0000000000
768067,10464530960481,btc_qm_engine,btc_sha256_nonce,4173350381.0000000000
768068,10464530960595,btc_qm_engine,btc_sha256_nonce,1855301659.0000000000
768069,10464530960670,btc_qm_engine,btc_leading_zeros,2.0000000000
768070,10464530960741,btc_qm_engine,btc_sha256_elapsed_ns,1072.0000000000
768071,10464530960933,btc_qm_engine,btc_sha256_nonce,3022790855.0000000000
768072,10464530961097,btc_qm_engine,btc_sha256_elapsed_ns,1011.0000000000
768073,10464530961282,btc_qm_engine,btc_leading_zeros,2.0000000000
768074,10464530961407,btc_qm_engine,btc_leading_zeros,0.0000000000
768075,10464530961490,btc_qm_engine,btc_sha256_elapsed_ns,847.0000000000
768076,10464530961650,btc_qm_engine,btc_sha256_elapsed_ns,1115.0000000000
768077,10464530962165,btc_qm_engine,btc_sha256_nonce,2279704704.0000000000
768078,10464530962410,btc_qm_engine,btc_sha256_nonce,3777866699.0000000000
768079,10464530962660,btc_qm_engine,btc_sha256_nonce,2051627753.0000000000
768080,10464530962821,btc_qm_engine,btc_leading_zeros,0.0000000000
768081,10464530963128,btc_qm_engine,btc_sha256_nonce,2077881754.0000000000
768082,10464530963307,btc_qm_engine,btc_leading_zeros,4.0000000000
768083,10464530963637,btc_qm_engine,btc_leading_zeros,4.0000000000
768084,10464530963769,btc_qm_engine,btc_leading_zeros,4.0000000000
768085,10464530963837,btc_qm_engine,btc_sha256_elapsed_ns,894.0000000000
768086,10464530964035,btc_qm_engine,btc_sha256_elapsed_ns,1095.0000000000
768087,10464530964199,btc_qm_engine,btc_sha256_elapsed_ns,980.0000000000
768088,10464530964433,btc_qm_engine,btc_sha256_elapsed_ns,1008.0000000000
768089,10464530964752,btc_qm_engine,btc_sha256_elapsed_ns,1044.0000000000
768090,10464530965105,btc_qm_engine,btc_sha256_nonce,3504774192.0000000000
768091,10464530965173,btc_qm_engine,btc_leading_zeros,1.0000000000
768092,10464530965238,btc_qm_engine,btc_sha256_elapsed_ns,988.0000000000
768093,10464530965604,btc_qm_engine,btc_leading_zeros,3.0000000000
768094,10464530965830,btc_qm_engine,btc_sha256_nonce,296484248.0000000000
768095,10464530966043,btc_qm_engine,btc_sha256_elapsed_ns,1077.0000000000
768096,10464530966200,btc_qm_engine,btc_sha256_nonce,3673093042.0000000000
768097,10464530966271,btc_qm_engine,btc_leading_zeros,0.0000000000
768098,10464530966486,btc_qm_engine,btc_leading_zeros,0.0000000000
768099,10464530967168,btc_qm_engine,btc_sha256_elapsed_ns,1045.0000000000
768100,10464530967406,btc_qm_engine,btc_sha256_nonce,918321264.0000000000
768101,10464530967558,btc_qm_engine,btc_sha256_nonce,3647335481.0000000000
768102,10464530967638,btc_qm_engine,btc_leading_zeros,1.0000000000
768103,10464530967734,btc_qm_engine,btc_sha256_elapsed_ns,981.0000000000
768104,10464530968054,btc_qm_engine,btc_sha256_nonce,1898257021.0000000000
768105,10464530968126,btc_qm_engine,btc_leading_zeros,0.0000000000
768106,10464530968177,btc_qm_engine,btc_sha256_elapsed_ns,737.0000000000
768107,10464530968320,btc_qm_engine,btc_leading_zeros,0.0000000000
768108,10464530968461,btc_qm_engine,btc_sha256_nonce,3456348475.0000000000
768109,10464530968554,btc_qm_engine,btc_leading_zeros,2.0000000000
768110,10464530968634,btc_qm_engine,btc_sha256_elapsed_ns,1031.0000000000
768111,10464530968758,btc_qm_engine,btc_sha256_elapsed_ns,1094.0000000000
768112,10464530969107,btc_qm_engine,btc_sha256_nonce,1736390039.0000000000
768113,10464530969188,btc_qm_engine,btc_leading_zeros,1.0000000000
768114,10464530969253,btc_qm_engine,btc_sha256_elapsed_ns,740.0000000000
768115,10464530969374,btc_qm_engine,btc_sha256_elapsed_ns,1081.0000000000
768116,10464530969556,btc_qm_engine,btc_sha256_nonce,3646129597.0000000000
768117,10464530969633,btc_qm_engine,btc_leading_zeros,0.0000000000
768118,10464530969706,btc_qm_engine,btc_sha256_elapsed_ns,1092.0000000000
768119,10464530969973,btc_qm_engine,btc_sha256_nonce,2912375784.0000000000
768120,10464530970070,btc_qm_engine,btc_leading_zeros,2.0000000000
768121,10464530970294,btc_qm_engine,btc_sha256_nonce,3303330755.0000000000
768122,10464530970571,btc_qm_engine,btc_sha256_nonce,2610900384.0000000000
768123,10464530970656,btc_qm_engine,btc_leading_zeros,2.0000000000
768124,10464530970732,btc_qm_engine,btc_sha256_elapsed_ns,1048.0000000000
768125,10464530971484,btc_qm_engine,btc_sha256_nonce,3647704342.0000000000
768126,10464530971947,btc_qm_engine,btc_sha256_elapsed_ns,735.0000000000
768127,10464530972250,btc_qm_engine,btc_leading_zeros,1.0000000000
768128,10464530972335,btc_qm_engine,btc_sha256_elapsed_ns,954.0000000000
768129,10464530972524,btc_qm_engine,btc_leading_zeros,1.0000000000
768130,10464530972677,btc_qm_engine,btc_sha256_elapsed_ns,1117.0000000000
768131,10464530972850,btc_qm_engine,btc_sha256_elapsed_ns,1043.0000000000
768132,10464530973432,btc_qm_engine,btc_sha256_nonce,4257130444.0000000000
768133,10464530973551,btc_qm_engine,btc_leading_zeros,1.0000000000
768134,10464530973614,btc_qm_engine,btc_sha256_nonce,2051693945.0000000000
768135,10464530973973,btc_qm_engine,btc_sha256_nonce,3799401345.0000000000
768136,10464530974160,btc_qm_engine,btc_sha256_elapsed_ns,1132.0000000000
768137,10464530974397,btc_qm_engine,btc_sha256_nonce,1212117169.0000000000
768138,10464530974871,btc_qm_engine,btc_leading_zeros,4.0000000000
768139,10464530975227,btc_qm_engine,btc_sha256_nonce,240380361.0000000000
768140,10464530975955,btc_qm_engine,btc_leading_zeros,0.0000000000
768141,10464530976008,btc_qm_engine,btc_sha256_elapsed_ns,1068.0000000000
768142,10464530976949,btc_qm_engine,btc_sha256_nonce,411626475.0000000000
768143,10464530977024,btc_qm_engine,btc_leading_zeros,0.0000000000
768144,10464530977097,btc_qm_engine,btc_sha256_elapsed_ns,764.0000000000
768145,10464530977276,btc_qm_engine,btc_leading_zeros,2.0000000000
768146,10464530977415,btc_qm_engine,btc_sha256_elapsed_ns,1117.0000000000
768147,10464530977810,btc_qm_engine,btc_sha256_elapsed_ns,1076.0000000000
768148,10464530978364,btc_qm_engine,btc_sha256_nonce,3737101675.0000000000
768149,10464530978806,btc_qm_engine,btc_leading_zeros,0.0000000000
768150,10464530978865,btc_qm_engine,btc_sha256_elapsed_ns,1104.0000000000
768151,10464530979354,btc_qm_engine,btc_sha256_nonce,870306621.0000000000
768152,10464530979635,btc_qm_engine,btc_sha256_nonce,2910332199.0000000000
768153,10464530979868,btc_qm_engine,btc_leading_zeros,0.0000000000
768154,10464530980042,btc_qm_engine,btc_sha256_nonce,3648031702.0000000000
768155,10464530980587,btc_qm_engine,btc_leading_zeros,0.0000000000
768156,10464530980779,btc_qm_engine,btc_leading_zeros,1.0000000000
768157,10464530980855,btc_qm_engine,btc_sha256_elapsed_ns,1069.0000000000
768158,10464530980978,btc_qm_engine,btc_sha256_elapsed_ns,1040.0000000000
768159,10464530981196,btc_qm_engine,btc_leading_zeros,2.0000000000
768160,10464530981548,btc_qm_engine,btc_sha256_elapsed_ns,1029.0000000000
768161,10464530981795,btc_qm_engine,btc_sha256_nonce,3778907664.0000000000
768162,10464530981859,btc_qm_engine,btc_leading_zeros,3.0000000000
768163,10464530981941,btc_qm_engine,btc_sha256_elapsed_ns,1054.0000000000
768164,10464530982143,btc_qm_engine,btc_sha256_elapsed_ns,1077.0000000000
768165,10464530982413,btc_qm_engine,btc_sha256_nonce,3822895640.0000000000
768166,10464530982681,btc_qm_engine,btc_sha256_nonce,1971559332.0000000000
768167,10464530982860,btc_qm_engine,btc_sha256_nonce,1893454598.0000000000
768168,10464530983122,btc_qm_engine,btc_leading_zeros,0.0000000000
768169,10464530983306,btc_qm_engine,btc_sha256_nonce,1320632046.0000000000
768170,10464530983494,btc_qm_engine,btc_leading_zeros,1.0000000000
768171,10464530984324,btc_qm_engine,btc_sha256_nonce,241115598.0000000000
768172,10464530984874,btc_qm_engine,btc_sha256_elapsed_ns,1103.0000000000
768173,10464530985076,btc_qm_engine,btc_leading_zeros,0.0000000000
768174,10464530985224,btc_qm_engine,btc_sha256_elapsed_ns,1104.0000000000
768175,10464530985575,btc_qm_engine,btc_sha256_elapsed_ns,1125.0000000000
768176,10464530985798,btc_qm_engine,btc_leading_zeros,1.0000000000
768177,10464530985927,btc_qm_engine,btc_sha256_elapsed_ns,964.0000000000
768178,10464530986614,btc_qm_engine,btc_sha256_nonce,2734966968.0000000000
768179,10464530986702,btc_qm_engine,btc_leading_zeros,2.0000000000
768180,10464530986787,btc_qm_engine,btc_sha256_elapsed_ns,1087.0000000000
768181,10464530986952,btc_qm_engine,btc_sha256_nonce,4182339060.0000000000
768182,10464530987037,btc_qm_engine,btc_leading_zeros,2.0000000000
768183,10464530987090,btc_qm_engine,btc_sha256_elapsed_ns,1093.0000000000
768184,10464530987281,btc_qm_engine,btc_sha256_nonce,3231495045.0000000000
768185,10464530987360,btc_qm_engine,btc_leading_zeros,0.0000000000
768186,10464530987436,btc_qm_engine,btc_sha256_elapsed_ns,1123.0000000000
768187,10464530987814,btc_qm_engine,btc_leading_zeros,1.0000000000
768188,10464530988032,btc_qm_engine,btc_sha256_nonce,1139928757.0000000000
768189,10464530988123,btc_qm_engine,btc_leading_zeros,3.0000000000
768190,10464530988190,btc_qm_engine,btc_sha256_elapsed_ns,1093.0000000000
768191,10464530988389,btc_qm_engine,btc_sha256_nonce,240926094.0000000000
768192,10464530988516,btc_qm_engine,btc_sha256_nonce,3299275242.0000000000
768193,10464530988664,btc_qm_engine,btc_sha256_elapsed_ns,1045.0000000000
768194,10464530988822,btc_qm_engine,btc_sha256_nonce,2359519413.0000000000
768195,10464530988972,btc_qm_engine,btc_leading_zeros,1.0000000000
768196,10464530989156,btc_qm_engine,btc_leading_zeros,1.0000000000
768197,10464530989384,btc_qm_engine,btc_sha256_elapsed_ns,1066.0000000000
768198,10464530989680,btc_qm_engine,btc_sha256_nonce,2214616340.0000000000
768199,10464530990157,btc_qm_engine,btc_sha256_nonce,493947924.0000000000
768200,10464530990297,btc_qm_engine,btc_sha256_nonce,3648271344.0000000000
768201,10464530990383,btc_qm_engine,btc_leading_zeros,0.0000000000
768202,10464530990433,btc_qm_engine,btc_sha256_elapsed_ns,1023.0000000000
768203,10464530990649,btc_qm_engine,btc_leading_zeros,1.0000000000
768204,10464530990722,btc_qm_engine,btc_sha256_elapsed_ns,1081.0000000000
768205,10464530990907,btc_qm_engine,btc_sha256_nonce,2786350549.0000000000
768206,10464530991048,btc_qm_engine,btc_leading_zeros,0.0000000000
768207,10464530991125,btc_qm_engine,btc_sha256_elapsed_ns,1043.0000000000
768208,10464530991431,btc_qm_engine,btc_leading_zeros,0.0000000000
768209,10464530991510,btc_qm_engine,btc_sha256_elapsed_ns,1071.0000000000
768210,10464530991773,btc_qm_engine,btc_sha256_nonce,2544349215.0000000000
768211,10464530991847,btc_qm_engine,btc_leading_zeros,1.0000000000
768212,10464530991924,btc_qm_engine,btc_sha256_elapsed_ns,822.0000000000
768213,10464530992244,btc_qm_engine,btc_sha256_nonce,3861082803.0000000000
768214,10464530992325,btc_qm_engine,btc_leading_zeros,1.0000000000
768215,10464530992395,btc_qm_engine,btc_sha256_elapsed_ns,12559.0000000000
768216,10464530992967,btc_qm_engine,btc_sha256_nonce,537550318.0000000000
768217,10464530993144,btc_qm_engine,btc_sha256_nonce,952896730.0000000000
768218,10464530993384,btc_qm_engine,btc_leading_zeros,3.0000000000
768219,10464530993626,btc_qm_engine,btc_leading_zeros,1.0000000000
768220,10464530993760,btc_qm_engine,btc_sha256_nonce,2665538894.0000000000
768221,10464530993918,btc_qm_engine,btc_sha256_nonce,3675690850.0000000000
768222,10464530994239,btc_qm_engine,btc_sha256_elapsed_ns,1097.0000000000
768223,10464530994440,btc_qm_engine,btc_leading_zeros,1.0000000000
768224,10464530994907,btc_qm_engine,btc_sha256_nonce,1100272032.0000000000
768225,10464530994999,btc_qm_engine,btc_leading_zeros,1.0000000000
768226,10464530995110,btc_qm_engine,btc_leading_zeros,0.0000000000
768227,10464530995218,btc_qm_engine,btc_sha256_elapsed_ns,972.0000000000
768228,10464530995357,btc_qm_engine,btc_sha256_nonce,274857519.0000000000
768229,10464530995601,btc_qm_engine,btc_sha256_elapsed_ns,1028.0000000000
768230,10464530995719,btc_qm_engine,btc_sha256_elapsed_ns,1029.0000000000
768231,10464530996244,btc_qm_engine,btc_leading_zeros,0.0000000000
768232,10464530996460,btc_qm_engine,btc_sha256_nonce,2176512905.0000000000
768233,10464530996539,btc_qm_engine,btc_leading_zeros,1.0000000000
768234,10464530996749,btc_qm_engine,btc_sha256_elapsed_ns,986.0000000000
768235,10464530997152,btc_qm_engine,btc_sha256_elapsed_ns,1095.0000000000
768236,10464530997385,btc_qm_engine,btc_sha256_nonce,2785705322.0000000000
768237,10464530997792,btc_qm_engine,btc_sha256_nonce,1684821319.0000000000
768238,10464530997875,btc_qm_engine,btc_leading_zeros,0.0000000000
768239,10464530997945,btc_qm_engine,btc_sha256_elapsed_ns,1055.0000000000
768240,10464530998103,btc_qm_engine,btc_leading_zeros,0.0000000000
768241,10464530998179,btc_qm_engine,btc_sha256_elapsed_ns,1015.0000000000
768242,10464530998248,btc_qm_engine,btc_sha256_nonce,1046273830.0000000000
768243,10464530998323,btc_qm_engine,btc_leading_zeros,0.0000000000
768244,10464530998427,btc_qm_engine,btc_sha256_elapsed_ns,938.0000000000
768245,10464530998511,btc_qm_engine,btc_sha256_nonce,177460195.0000000000
768246,10464530998838,btc_qm_engine,btc_leading_zeros,0.0000000000
768247,10464530998918,btc_qm_engine,btc_sha256_elapsed_ns,1017.0000000000
768248,10464530999005,btc_qm_engine,btc_sha256_elapsed_ns,733.0000000000
768249,10464530999530,btc_qm_engine,btc_sha256_nonce,64364534.0000000000
768250,10464530999708,btc_qm_engine,btc_sha256_nonce,3633459142.0000000000
768251,10464530999833,btc_qm_engine,btc_leading_zeros,0.0000000000
768252,10464531004605,btc_qm_engine,btc_sha256_nonce,163692893.0000000000
768253,10464531004821,btc_qm_engine,btc_sha256_nonce,3162050837.0000000000
768254,10464531005090,btc_qm_engine,btc_sha256_nonce,2560821375.0000000000
768255,10464531005415,btc_qm_engine,btc_sha256_elapsed_ns,1108.0000000000
768256,10464531005616,btc_qm_engine,btc_leading_zeros,4.0000000000
768257,10464531005874,btc_qm_engine,btc_leading_zeros,0.0000000000
768258,10464531006078,btc_qm_engine,btc_sha256_elapsed_ns,1051.0000000000
768259,10464531006166,btc_qm_engine,btc_leading_zeros,1.0000000000
768260,10464531006234,btc_qm_engine,btc_sha256_elapsed_ns,1065.0000000000
768261,10464531006428,btc_qm_engine,btc_leading_zeros,4.0000000000
768262,10464531006651,btc_qm_engine,btc_sha256_elapsed_ns,5465.0000000000
768263,10464531007287,btc_qm_engine,btc_sha256_elapsed_ns,1055.0000000000
768264,10464531007659,btc_qm_engine,btc_sha256_nonce,2067491259.0000000000
768265,10464531007887,btc_qm_engine,btc_sha256_nonce,240366969.0000000000
768266,10464531008214,btc_qm_engine,btc_leading_zeros,0.0000000000
768267,10464531008277,btc_qm_engine,btc_sha256_elapsed_ns,1088.0000000000
768268,10464531008414,btc_qm_engine,btc_leading_zeros,0.0000000000
768269,10464531008522,btc_qm_engine,btc_sha256_nonce,2052075904.0000000000
768270,10464531008655,btc_qm_engine,btc_sha256_nonce,3647415953.0000000000
768271,10464531008730,btc_qm_engine,btc_leading_zeros,4.0000000000
768272,10464531008900,btc_qm_engine,btc_sha256_elapsed_ns,1086.0000000000
768273,10464531009187,btc_qm_engine,btc_sha256_elapsed_ns,5223.0000000000
768274,10464531009465,btc_qm_engine,btc_sha256_nonce,1430667283.0000000000
768275,10464531009540,btc_qm_engine,btc_leading_zeros,1.0000000000
768276,10464531009619,btc_qm_engine,btc_sha256_elapsed_ns,944.0000000000
768277,10464531009751,btc_qm_engine,btc_leading_zeros,0.0000000000
768278,10464531010542,btc_qm_engine,btc_sha256_elapsed_ns,967.0000000000
768279,10464531010897,btc_qm_engine,btc_sha256_nonce,2767154627.0000000000
768280,10464531010988,btc_qm_engine,btc_leading_zeros,4.0000000000
768281,10464531011065,btc_qm_engine,btc_sha256_elapsed_ns,1056.0000000000
768282,10464531011515,btc_qm_engine,btc_sha256_nonce,1122333296.0000000000
768283,10464531011845,btc_qm_engine,btc_sha256_nonce,2964489918.0000000000
768284,10464531011940,btc_qm_engine,btc_leading_zeros,4.0000000000
768285,10464531012119,btc_qm_engine,btc_sha256_elapsed_ns,1056.0000000000
768286,10464531012371,btc_qm_engine,btc_sha256_nonce,241200319.0000000000
768287,10464531012445,btc_qm_engine,btc_leading_zeros,1.0000000000
768288,10464531012519,btc_qm_engine,btc_sha256_elapsed_ns,1048.0000000000
768289,10464531012658,btc_qm_engine,btc_leading_zeros,3.0000000000
768290,10464531013021,btc_qm_engine,btc_sha256_elapsed_ns,5513.0000000000
768291,10464531013120,btc_qm_engine,btc_sha256_nonce,3912663343.0000000000
768292,10464531013186,btc_qm_engine,btc_leading_zeros,0.0000000000
768293,10464531013254,btc_qm_engine,btc_sha256_elapsed_ns,1007.0000000000
768294,10464531013735,btc_qm_engine,btc_sha256_nonce,3860801193.0000000000
768295,10464531013890,btc_qm_engine,btc_leading_zeros,0.0000000000
768296,10464531014040,btc_qm_engine,btc_sha256_nonce,1802463211.0000000000
768297,10464531014115,btc_qm_engine,btc_leading_zeros,2.0000000000
768298,10464531014196,btc_qm_engine,btc_sha256_elapsed_ns,1106.0000000000
768299,10464531014467,btc_qm_engine,btc_sha256_nonce,4148377053.0000000000
768300,10464531014602,btc_qm_engine,btc_sha256_nonce,3298716194.0000000000
768301,10464531014672,btc_qm_engine,btc_leading_zeros,0.0000000000
768302,10464531014758,btc_qm_engine,btc_sha256_elapsed_ns,1081.0000000000
768303,10464531015001,btc_qm_engine,btc_sha256_nonce,1317885997.0000000000
768304,10464531015187,btc_qm_engine,btc_leading_zeros,1.0000000000
768305,10464531015437,btc_qm_engine,btc_sha256_nonce,421392547.0000000000
768306,10464531015538,btc_qm_engine,btc_leading_zeros,2.0000000000
768307,10464531015602,btc_qm_engine,btc_sha256_elapsed_ns,983.0000000000
768308,10464531015819,btc_qm_engine,btc_sha256_elapsed_ns,1089.0000000000
768309,10464531016075,btc_qm_engine,btc_sha256_nonce,1115850954.0000000000
768310,10464531016672,btc_qm_engine,btc_sha256_nonce,2729607138.0000000000
768311,10464531016917,btc_qm_engine,btc_leading_zeros,0.0000000000
768312,10464531017195,btc_qm_engine,btc_leading_zeros,0.0000000000
768313,10464531017267,btc_qm_engine,btc_sha256_elapsed_ns,916.0000000000
768314,10464531017497,btc_qm_engine,btc_leading_zeros,1.0000000000
768315,10464531017681,btc_qm_engine,btc_sha256_elapsed_ns,977.0000000000
768316,10464531017897,btc_qm_engine,btc_sha256_elapsed_ns,1064.0000000000
768317,10464531018223,btc_qm_engine,btc_sha256_nonce,3488276898.0000000000
768318,10464531018728,btc_qm_engine,btc_sha256_elapsed_ns,1109.0000000000
768319,10464531019255,btc_qm_engine,btc_leading_zeros,0.0000000000
768320,10464531019413,btc_qm_engine,btc_sha256_nonce,1985979397.0000000000
768321,10464531019486,btc_qm_engine,btc_leading_zeros,0.0000000000
768322,10464531019559,btc_qm_engine,btc_sha256_elapsed_ns,1076.0000000000
768323,10464531020186,btc_qm_engine,btc_sha256_nonce,3296377242.0000000000
768324,10464531020501,btc_qm_engine,btc_sha256_nonce,2787099461.0000000000
768325,10464531020585,btc_qm_engine,btc_leading_zeros,2.0000000000
768326,10464531020645,btc_qm_engine,btc_sha256_elapsed_ns,1054.0000000000
768327,10464531020823,btc_qm_engine,btc_sha256_elapsed_ns,1105.0000000000
768328,10464531021504,btc_qm_engine,btc_sha256_nonce,2051728269.0000000000
768329,10464531021583,btc_qm_engine,btc_leading_zeros,1.0000000000
768330,10464531021657,btc_qm_engine,btc_sha256_elapsed_ns,1091.0000000000
768331,10464531021998,btc_qm_engine,btc_sha256_nonce,685898531.0000000000
768332,10464531022542,btc_qm_engine,btc_sha256_nonce,2992216971.0000000000
768333,10464531022776,btc_qm_engine,btc_leading_zeros,0.0000000000
768334,10464531022915,btc_qm_engine,btc_sha256_elapsed_ns,1086.0000000000
768335,10464531023032,btc_qm_engine,btc_leading_zeros,3.0000000000
768336,10464531023106,btc_qm_engine,btc_sha256_elapsed_ns,740.0000000000
768337,10464531023394,btc_qm_engine,btc_sha256_nonce,557729357.0000000000
768338,10464531023856,btc_qm_engine,btc_leading_zeros,0.0000000000
768339,10464531023942,btc_qm_engine,btc_sha256_elapsed_ns,976.0000000000
768340,10464531024334,btc_qm_engine,btc_sha256_nonce,629824613.0000000000
768341,10464531024499,btc_qm_engine,btc_sha256_nonce,2179076136.0000000000
768342,10464531024588,btc_qm_engine,btc_leading_zeros,0.0000000000
768343,10464531024656,btc_qm_engine,btc_sha256_elapsed_ns,1117.0000000000
768344,10464531025194,btc_qm_engine,btc_leading_zeros,0.0000000000
768345,10464531025621,btc_qm_engine,btc_leading_zeros,0.0000000000
768346,10464531025702,btc_qm_engine,btc_sha256_elapsed_ns,1062.0000000000
768347,10464531025817,btc_qm_engine,btc_leading_zeros,0.0000000000
768348,10464531025996,btc_qm_engine,btc_sha256_nonce,2134625614.0000000000
768349,10464531026563,btc_qm_engine,btc_leading_zeros,0.0000000000
768350,10464531026819,btc_qm_engine,btc_sha256_nonce,1768109173.0000000000
768351,10464531026889,btc_qm_engine,btc_leading_zeros,2.0000000000
768352,10464531026981,btc_qm_engine,btc_sha256_elapsed_ns,862.0000000000
768353,10464531027621,btc_qm_engine,btc_sha256_elapsed_ns,1099.0000000000
768354,10464531027915,btc_qm_engine,btc_sha256_elapsed_ns,1090.0000000000
768355,10464531028067,btc_qm_engine,btc_sha256_nonce,446873012.0000000000
768356,10464531028344,btc_qm_engine,btc_sha256_elapsed_ns,976.0000000000
768357,10464531028524,btc_qm_engine,btc_leading_zeros,0.0000000000
768358,10464531028938,btc_qm_engine,btc_sha256_nonce,1995221123.0000000000
768359,10464531029340,btc_qm_engine,btc_leading_zeros,1.0000000000
768360,10464531029547,btc_qm_engine,btc_sha256_nonce,2878307780.0000000000
768361,10464531029733,btc_qm_engine,btc_sha256_nonce,3647724948.0000000000
768362,10464531029808,btc_qm_engine,btc_leading_zeros,1.0000000000
768363,10464531029902,btc_qm_engine,btc_sha256_elapsed_ns,1066.0000000000
768364,10464531030058,btc_qm_engine,btc_sha256_elapsed_ns,1024.0000000000
768365,10464531030551,btc_qm_engine,btc_sha256_nonce,1391956486.0000000000
768366,10464531030832,btc_qm_engine,btc_sha256_elapsed_ns,972.0000000000
768367,10464531031440,btc_qm_engine,btc_leading_zeros,1.0000000000
768368,10464531031589,btc_qm_engine,btc_sha256_nonce,450930212.0000000000
768369,10464531031665,btc_qm_engine,btc_leading_zeros,1.0000000000
768370,10464531031738,btc_qm_engine,btc_sha256_elapsed_ns,1030.0000000000
768371,10464531031877,btc_qm_engine,btc_sha256_nonce,247904514.0000000000
768372,10464531032002,btc_qm_engine,btc_sha256_elapsed_ns,1123.0000000000
768373,10464531032450,btc_qm_engine,btc_leading_zeros,0.0000000000
768374,10464531032714,btc_qm_engine,btc_sha256_elapsed_ns,901.0000000000
768375,10464531033060,btc_qm_engine,btc_sha256_nonce,276505780.0000000000
768376,10464531033140,btc_qm_engine,btc_leading_zeros,4.0000000000
768377,10464531033196,btc_qm_engine,btc_sha256_elapsed_ns,1070.0000000000
768378,10464531033345,btc_qm_engine,btc_leading_zeros,0.0000000000
768379,10464531033452,btc_qm_engine,btc_sha256_elapsed_ns,1086.0000000000
768380,10464531033775,btc_qm_engine,btc_sha256_nonce,239959771.0000000000
768381,10464531033849,btc_qm_engine,btc_leading_zeros,1.0000000000
768382,10464531033919,btc_qm_engine,btc_sha256_elapsed_ns,1085.0000000000
768383,10464531034083,btc_qm_engine,btc_sha256_nonce,2825085593.0000000000
768384,10464531034488,btc_qm_engine,btc_sha256_nonce,2166479938.0000000000
768385,10464531034638,btc_qm_engine,btc_sha256_nonce,2786491287.0000000000
768386,10464531034870,btc_qm_engine,btc_leading_zeros,0.0000000000
768387,10464531035039,btc_qm_engine,btc_leading_zeros,3.0000000000
768388,10464531035116,btc_qm_engine,btc_sha256_elapsed_ns,1022.0000000000
768389,10464531035374,btc_qm_engine,btc_sha256_nonce,3518068995.0000000000
768390,10464531035560,btc_qm_engine,btc_sha256_elapsed_ns,1008.0000000000
768391,10464531035864,btc_qm_engine,btc_leading_zeros,4.0000000000
768392,10464531036298,btc_qm_engine,btc_sha256_nonce,241052691.0000000000
768393,10464531036437,btc_qm_engine,btc_sha256_elapsed_ns,1040.0000000000
768394,10464531036639,btc_qm_engine,btc_sha256_nonce,3458336210.0000000000
768395,10464531036820,btc_qm_engine,btc_leading_zeros,1.0000000000
768396,10464531037001,btc_qm_engine,btc_sha256_nonce,2787451772.0000000000
768397,10464531037222,btc_qm_engine,btc_sha256_elapsed_ns,1079.0000000000
768398,10464531037433,btc_qm_engine,btc_sha256_nonce,1941832360.0000000000
768399,10464531037563,btc_qm_engine,btc_leading_zeros,2.0000000000
768400,10464531037658,btc_qm_engine,btc_sha256_elapsed_ns,1007.0000000000
768401,10464531037821,btc_qm_engine,btc_leading_zeros,0.0000000000
768402,10464531037900,btc_qm_engine,btc_sha256_elapsed_ns,1071.0000000000
768403,10464531038177,btc_qm_engine,btc_leading_zeros,0.0000000000
768404,10464531038324,btc_qm_engine,btc_sha256_nonce,772285784.0000000000
768405,10464531038589,btc_qm_engine,btc_leading_zeros,0.0000000000
768406,10464531039121,btc_qm_engine,btc_sha256_nonce,2516094565.0000000000
768407,10464531039314,btc_qm_engine,btc_sha256_nonce,1941921774.0000000000
768408,10464531040042,btc_qm_engine,btc_sha256_elapsed_ns,1003.0000000000
768409,10464531040436,btc_qm_engine,btc_sha256_nonce,3821869409.0000000000
768410,10464531040755,btc_qm_engine,btc_leading_zeros,0.0000000000
768411,10464531040829,btc_qm_engine,btc_sha256_elapsed_ns,890.0000000000
768412,10464531041616,btc_qm_engine,btc_leading_zeros,1.0000000000
768413,10464531042090,btc_qm_engine,btc_sha256_elapsed_ns,1117.0000000000
768414,10464531042237,btc_qm_engine,btc_sha256_nonce,4052275749.0000000000
768415,10464531042316,btc_qm_engine,btc_leading_zeros,2.0000000000
768416,10464531042399,btc_qm_engine,btc_sha256_elapsed_ns,1067.0000000000
768417,10464531042546,btc_qm_engine,btc_sha256_nonce,1757294683.0000000000
768418,10464531042815,btc_qm_engine,btc_sha256_nonce,3648302825.0000000000
768419,10464531043387,btc_qm_engine,btc_leading_zeros,0.0000000000
768420,10464531043472,btc_qm_engine,btc_sha256_elapsed_ns,1116.0000000000
768421,10464531043740,btc_qm_engine,btc_sha256_nonce,700216565.0000000000
768422,10464531043974,btc_qm_engine,btc_sha256_elapsed_ns,1079.0000000000
768423,10464531044111,btc_qm_engine,btc_leading_zeros,0.0000000000
768424,10464531044184,btc_qm_engine,btc_sha256_elapsed_ns,887.0000000000
768425,10464531044635,btc_qm_engine,btc_sha256_nonce,3878701396.0000000000
768426,10464531044983,btc_qm_engine,btc_leading_zeros,0.0000000000
768427,10464531045247,btc_qm_engine,btc_sha256_nonce,3789909491.0000000000
768428,10464531045376,btc_qm_engine,btc_leading_zeros,2.0000000000
768429,10464531045585,btc_qm_engine,btc_sha256_nonce,1845423998.0000000000
768430,10464531045793,btc_qm_engine,btc_sha256_elapsed_ns,745.0000000000
768431,10464531046000,btc_qm_engine,btc_sha256_nonce,2994393963.0000000000
768432,10464531046167,btc_qm_engine,btc_leading_zeros,0.0000000000
768433,10464531046247,btc_qm_engine,btc_sha256_elapsed_ns,834.0000000000
768434,10464531046320,btc_qm_engine,btc_sha256_elapsed_ns,1012.0000000000
768435,10464531046721,btc_qm_engine,btc_leading_zeros,0.0000000000
768436,10464531046873,btc_qm_engine,btc_leading_zeros,1.0000000000
768437,10464531046947,btc_qm_engine,btc_sha256_elapsed_ns,1082.0000000000
768438,10464531047201,btc_qm_engine,btc_sha256_elapsed_ns,1010.0000000000
768439,10464531047427,btc_qm_engine,btc_sha256_nonce,240386041.0000000000
768440,10464531047517,btc_qm_engine,btc_sha256_nonce,2052117337.0000000000
768441,10464531047686,btc_qm_engine,btc_leading_zeros,0.0000000000
768442,10464531047926,btc_qm_engine,btc_leading_zeros,1.0000000000
768443,10464531048162,btc_qm_engine,btc_sha256_elapsed_ns,942.0000000000
768444,10464531048397,btc_qm_engine,btc_sha256_nonce,2787348795.0000000000
768445,10464531048782,btc_qm_engine,btc_sha256_nonce,4110320757.0000000000
768446,10464531048981,btc_qm_engine,btc_leading_zeros,1.0000000000
768447,10464531049223,btc_qm_engine,btc_sha256_nonce,1367968756.0000000000
768448,10464531049436,btc_qm_engine,btc_sha256_nonce,1432734951.0000000000
768449,10464531049509,btc_qm_engine,btc_leading_zeros,0.0000000000
768450,10464531049583,btc_qm_engine,btc_sha256_elapsed_ns,1013.0000000000
768451,10464531049888,btc_qm_engine,btc_sha256_elapsed_ns,1023.0000000000
768452,10464531050073,btc_qm_engine,btc_leading_zeros,4.0000000000
768453,10464531050147,btc_qm_engine,btc_sha256_elapsed_ns,1014.0000000000
768454,10464531050373,btc_qm_engine,btc_sha256_elapsed_ns,748.0000000000
768455,10464531050821,btc_qm_engine,btc_sha256_nonce,827984003.0000000000
768456,10464531051029,btc_qm_engine,btc_leading_zeros,4.0000000000
768457,10464531051202,btc_qm_engine,btc_sha256_nonce,2906882110.0000000000
768458,10464531051306,btc_qm_engine,btc_leading_zeros,1.0000000000
768459,10464531051358,btc_qm_engine,btc_sha256_elapsed_ns,728.0000000000
768460,10464531051562,btc_qm_engine,btc_sha256_elapsed_ns,981.0000000000
768461,10464531051841,btc_qm_engine,btc_sha256_nonce,3211016385.0000000000
768462,10464531052261,btc_qm_engine,btc_leading_zeros,0.0000000000
768463,10464531052637,btc_qm_engine,btc_sha256_nonce,528884399.0000000000
768464,10464531053010,btc_qm_engine,btc_sha256_elapsed_ns,1103.0000000000
768465,10464531053612,btc_qm_engine,btc_sha256_elapsed_ns,997.0000000000
768466,10464531053901,btc_qm_engine,btc_leading_zeros,0.0000000000
768467,10464531053972,btc_qm_engine,btc_sha256_elapsed_ns,1017.0000000000
768468,10464531054887,btc_qm_engine,btc_sha256_nonce,3647476166.0000000000
768469,10464531054939,btc_qm_engine,btc_leading_zeros,0.0000000000
768470,10464531054992,btc_qm_engine,btc_sha256_elapsed_ns,749.0000000000
768471,10464531055144,btc_qm_engine,btc_sha256_nonce,3195695768.0000000000
768472,10464531055362,btc_qm_engine,btc_sha256_nonce,1885844778.0000000000
768473,10464531055439,btc_qm_engine,btc_leading_zeros,1.0000000000
768474,10464531055509,btc_qm_engine,btc_sha256_elapsed_ns,1128.0000000000
768475,10464531055759,btc_qm_engine,btc_leading_zeros,1.0000000000
768476,10464531056151,btc_qm_engine,btc_leading_zeros,3.0000000000
768477,10464531056277,btc_qm_engine,btc_sha256_nonce,142891844.0000000000
768478,10464531056350,btc_qm_engine,btc_leading_zeros,0.0000000000
768479,10464531056406,btc_qm_engine,btc_sha256_elapsed_ns,979.0000000000
768480,10464531056657,btc_qm_engine,btc_sha256_nonce,1172184296.0000000000
768481,10464531056766,btc_qm_engine,btc_sha256_nonce,1789255201.0000000000
768482,10464531056838,btc_qm_engine,btc_leading_zeros,0.0000000000
768483,10464531056907,btc_qm_engine,btc_sha256_elapsed_ns,995.0000000000
768484,10464531057103,btc_qm_engine,btc_sha256_elapsed_ns,1098.0000000000
768485,10464531057228,btc_qm_engine,btc_leading_zeros,0.0000000000
768486,10464531057309,btc_qm_engine,btc_sha256_elapsed_ns,1011.0000000000
768487,10464531057815,btc_qm_engine,btc_sha256_nonce,1996087415.0000000000
768488,10464531058188,btc_qm_engine,btc_leading_zeros,1.0000000000
768489,10464531058303,btc_qm_engine,btc_leading_zeros,0.0000000000
768490,10464531058536,btc_qm_engine,btc_sha256_elapsed_ns,742.0000000000
768491,10464531058688,btc_qm_engine,btc_sha256_elapsed_ns,734.0000000000
768492,10464531058946,btc_qm_engine,btc_sha256_elapsed_ns,1057.0000000000
768493,10464531059089,btc_qm_engine,btc_sha256_nonce,1856296356.0000000000
768494,10464531059168,btc_qm_engine,btc_leading_zeros,4.0000000000
768495,10464531059254,btc_qm_engine,btc_sha256_elapsed_ns,1010.0000000000
768496,10464531059401,btc_qm_engine,btc_sha256_nonce,1369504125.0000000000
768497,10464531059747,btc_qm_engine,btc_leading_zeros,0.0000000000
768498,10464531059818,btc_qm_engine,btc_sha256_elapsed_ns,1115.0000000000
768499,10464531060107,btc_qm_engine,btc_sha256_nonce,188223328.0000000000
768500,10464531060438,btc_qm_engine,btc_leading_zeros,0.0000000000
768501,10464531060608,btc_qm_engine,btc_sha256_nonce,2599848555.0000000000
768502,10464531061229,btc_qm_engine,btc_sha256_elapsed_ns,1103.0000000000
768503,10464531061438,btc_qm_engine,btc_leading_zeros,4.0000000000
768504,10464531061623,btc_qm_engine,btc_sha256_elapsed_ns,1097.0000000000
768505,10464531061796,btc_qm_engine,btc_sha256_nonce,3385805952.0000000000
768506,10464531062144,btc_qm_engine,btc_sha256_nonce,770114865.0000000000
768507,10464531062671,btc_qm_engine,btc_sha256_nonce,3713783886.0000000000
768508,10464531062725,btc_qm_engine,btc_leading_zeros,1.0000000000
768509,10464531063074,btc_qm_engine,btc_sha256_elapsed_ns,1051.0000000000
768510,10464531063298,btc_qm_engine,btc_sha256_nonce,2851062704.0000000000
768511,10464531063409,btc_qm_engine,btc_sha256_nonce,3647992636.0000000000
768512,10464531063849,btc_qm_engine,btc_leading_zeros,1.0000000000
768513,10464531063980,btc_qm_engine,btc_leading_zeros,1.0000000000
768514,10464531064195,btc_qm_engine,btc_leading_zeros,0.0000000000
768515,10464531064545,btc_qm_engine,btc_sha256_nonce,3528923366.0000000000
768516,10464531064937,btc_qm_engine,btc_leading_zeros,3.0000000000
768517,10464531065069,btc_qm_engine,btc_sha256_elapsed_ns,1093.0000000000
768518,10464531065199,btc_qm_engine,btc_sha256_elapsed_ns,930.0000000000
768519,10464531065384,btc_qm_engine,btc_sha256_elapsed_ns,1082.0000000000
768520,10464531065714,btc_qm_engine,btc_sha256_nonce,2051571151.0000000000
768521,10464531066138,btc_qm_engine,btc_leading_zeros,4.0000000000
768522,10464531066214,btc_qm_engine,btc_sha256_elapsed_ns,941.0000000000
768523,10464531066507,btc_qm_engine,btc_sha256_nonce,210505661.0000000000
768524,10464531066585,btc_qm_engine,btc_leading_zeros,3.0000000000
768525,10464531066654,btc_qm_engine,btc_sha256_elapsed_ns,1109.0000000000
768526,10464531067001,btc_qm_engine,btc_sha256_nonce,3478896300.0000000000
768527,10464531067247,btc_qm_engine,btc_sha256_nonce,1601021574.0000000000
768528,10464531067451,btc_qm_engine,btc_sha256_nonce,3281975594.0000000000
768529,10464531067527,btc_qm_engine,btc_leading_zeros,1.0000000000
768530,10464531067647,btc_qm_engine,btc_sha256_elapsed_ns,1020.0000000000
768531,10464531067755,btc_qm_engine,btc_sha256_nonce,1729829413.0000000000
768532,10464531067978,btc_qm_engine,btc_sha256_nonce,618031827.0000000000
768533,10464531068050,btc_qm_engine,btc_leading_zeros,2.0000000000
768534,10464531068126,btc_qm_engine,btc_sha256_elapsed_ns,1065.0000000000
768535,10464531068370,btc_qm_engine,btc_leading_zeros,1.0000000000
768536,10464531068449,btc_qm_engine,btc_leading_zeros,0.0000000000
768537,10464531068517,btc_qm_engine,btc_sha256_elapsed_ns,1051.0000000000
768538,10464531068751,btc_qm_engine,btc_sha256_nonce,2699705796.0000000000
768539,10464531068940,btc_qm_engine,btc_leading_zeros,0.0000000000
768540,10464531069260,btc_qm_engine,btc_sha256_elapsed_ns,798.0000000000
768541,10464531069345,btc_qm_engine,btc_sha256_elapsed_ns,1014.0000000000
768542,10464531069484,btc_qm_engine,btc_sha256_nonce,2135606627.0000000000
768543,10464531069558,btc_qm_engine,btc_leading_zeros,2.0000000000
768544,10464531069627,btc_qm_engine,btc_sha256_elapsed_ns,1095.0000000000
768545,10464531069823,btc_qm_engine,btc_sha256_nonce,1941822483.0000000000
768546,10464531069899,btc_qm_engine,btc_leading_zeros,0.0000000000
768547,10464531070355,btc_qm_engine,btc_sha256_elapsed_ns,1010.0000000000
768548,10464531070504,btc_qm_engine,btc_leading_zeros,3.0000000000
768549,10464531070599,btc_qm_engine,btc_sha256_elapsed_ns,1109.0000000000
768550,10464531070704,btc_qm_engine,btc_sha256_nonce,2051838027.0000000000
768551,10464531071044,btc_qm_engine,btc_sha256_nonce,3860559769.0000000000
768552,10464531071541,btc_qm_engine,btc_sha256_nonce,1136096265.0000000000
768553,10464531071660,btc_qm_engine,btc_leading_zeros,0.0000000000
768554,10464531071938,btc_qm_engine,btc_leading_zeros,1.0000000000
768555,10464531072154,btc_qm_engine,btc_sha256_nonce,2588157742.0000000000
768556,10464531072274,btc_qm_engine,btc_sha256_elapsed_ns,1121.0000000000
768557,10464531072503,btc_qm_engine,btc_leading_zeros,0.0000000000
768558,10464531072575,btc_qm_engine,btc_sha256_elapsed_ns,848.0000000000
768559,10464531072782,btc_qm_engine,btc_sha256_elapsed_ns,1062.0000000000
768560,10464531072908,btc_qm_engine,btc_sha256_nonce,1709673360.0000000000
768561,10464531073053,btc_qm_engine,btc_leading_zeros,0.0000000000
768562,10464531073128,btc_qm_engine,btc_sha256_elapsed_ns,831.0000000000
768563,10464531073270,btc_qm_engine,btc_leading_zeros,3.0000000000
768564,10464531073349,btc_qm_engine,btc_sha256_elapsed_ns,998.0000000000
768565,10464531073810,btc_qm_engine,btc_leading_zeros,2.0000000000
768566,10464531074250,btc_qm_engine,btc_sha256_nonce,4284991523.0000000000
768567,10464531074406,btc_qm_engine,btc_sha256_nonce,2954783888.0000000000
768568,10464531074631,btc_qm_engine,btc_sha256_elapsed_ns,1062.0000000000
768569,10464531074883,btc_qm_engine,btc_sha256_nonce,2346529148.0000000000
768570,10464531074988,btc_qm_engine,btc_sha256_nonce,4263677033.0000000000
768571,10464531075281,btc_qm_engine,btc_leading_zeros,1.0000000000
768572,10464531075375,btc_qm_engine,btc_sha256_elapsed_ns,1089.0000000000
768573,10464531075550,btc_qm_engine,btc_sha256_elapsed_ns,1098.0000000000
768574,10464531076353,btc_qm_engine,btc_leading_zeros,2.0000000000
768575,10464531076487,btc_qm_engine,btc_sha256_nonce,240422775.0000000000
768576,10464531076564,btc_qm_engine,btc_leading_zeros,2.0000000000
768577,10464531076648,btc_qm_engine,btc_sha256_elapsed_ns,830.0000000000
768578,10464531077451,btc_qm_engine,btc_sha256_nonce,311102676.0000000000
768579,10464531077536,btc_qm_engine,btc_sha256_nonce,1598731287.0000000000
768580,10464531077975,btc_qm_engine,btc_sha256_nonce,2688994371.0000000000
768581,10464531078589,btc_qm_engine,btc_leading_zeros,0.0000000000
768582,10464531078741,btc_qm_engine,btc_leading_zeros,3.0000000000
768583,10464531078881,btc_qm_engine,btc_sha256_elapsed_ns,1031.0000000000
768584,10464531079000,btc_qm_engine,btc_sha256_elapsed_ns,1120.0000000000
768585,10464531079156,btc_qm_engine,btc_leading_zeros,1.0000000000
768586,10464531079280,btc_qm_engine,btc_sha256_elapsed_ns,1067.0000000000
768587,10464531079533,btc_qm_engine,btc_sha256_elapsed_ns,1087.0000000000
768588,10464531079954,btc_qm_engine,btc_sha256_nonce,168503250.0000000000
768589,10464531080030,btc_qm_engine,btc_leading_zeros,1.0000000000
768590,10464531080081,btc_qm_engine,btc_sha256_elapsed_ns,744.0000000000
768591,10464531080202,btc_qm_engine,btc_sha256_nonce,2838444695.0000000000
768592,10464531080277,btc_qm_engine,btc_leading_zeros,2.0000000000
768593,10464531080355,btc_qm_engine,btc_sha256_elapsed_ns,1057.0000000000
768594,10464531080614,btc_qm_engine,btc_sha256_nonce,1008515382.0000000000
768595,10464531080685,btc_qm_engine,btc_leading_zeros,1.0000000000
768596,10464531080763,btc_qm_engine,btc_sha256_elapsed_ns,1084.0000000000
768597,10464531080891,btc_qm_engine,btc_sha256_nonce,166986169.0000000000
768598,10464531081049,btc_qm_engine,btc_leading_zeros,0.0000000000
768599,10464531081253,btc_qm_engine,btc_leading_zeros,0.0000000000
768600,10464531081520,btc_qm_engine,btc_sha256_nonce,154029911.0000000000
768601,10464531081649,btc_qm_engine,btc_sha256_elapsed_ns,1094.0000000000
768602,10464531081971,btc_qm_engine,btc_leading_zeros,1.0000000000
768603,10464531082572,btc_qm_engine,btc_sha256_nonce,2694341600.0000000000
768604,10464531082702,btc_qm_engine,btc_sha256_nonce,2295268358.0000000000
768605,10464531083117,btc_qm_engine,btc_sha256_elapsed_ns,743.0000000000
768606,10464531083247,btc_qm_engine,btc_sha256_nonce,2120103135.0000000000
768607,10464531083412,btc_qm_engine,btc_leading_zeros,0.0000000000
768608,10464531083480,btc_qm_engine,btc_sha256_elapsed_ns,1061.0000000000
768609,10464531083622,btc_qm_engine,btc_leading_zeros,1.0000000000
768610,10464531083872,btc_qm_engine,btc_leading_zeros,2.0000000000
768611,10464531084084,btc_qm_engine,btc_sha256_elapsed_ns,991.0000000000
768612,10464531084260,btc_qm_engine,btc_sha256_nonce,1131620869.0000000000
768613,10464531084358,btc_qm_engine,btc_leading_zeros,0.0000000000
768614,10464531084502,btc_qm_engine,btc_sha256_nonce,62226105.0000000000
768615,10464531085041,btc_qm_engine,btc_sha256_elapsed_ns,1109.0000000000
768616,10464531085466,btc_qm_engine,btc_sha256_elapsed_ns,913.0000000000
768617,10464531085626,btc_qm_engine,btc_sha256_nonce,2031612488.0000000000
768618,10464531085707,btc_qm_engine,btc_leading_zeros,0.0000000000
768619,10464531085775,btc_qm_engine,btc_sha256_elapsed_ns,1014.0000000000
768620,10464531086228,btc_qm_engine,btc_leading_zeros,4.0000000000
768621,10464531086628,btc_qm_engine,btc_sha256_elapsed_ns,1095.0000000000
768622,10464531086764,btc_qm_engine,btc_sha256_nonce,2787068620.0000000000
768623,10464531086837,btc_qm_engine,btc_leading_zeros,1.0000000000
768624,10464531086913,btc_qm_engine,btc_sha256_elapsed_ns,1111.0000000000
768625,10464531087101,btc_qm_engine,btc_sha256_nonce,93729419.0000000000
768626,10464531087235,btc_qm_engine,btc_leading_zeros,1.0000000000
768627,10464531087315,btc_qm_engine,btc_sha256_elapsed_ns,738.0000000000
768628,10464531087565,btc_qm_engine,btc_sha256_nonce,706622515.0000000000
768629,10464531087690,btc_qm_engine,btc_leading_zeros,2.0000000000
768630,10464531087765,btc_qm_engine,btc_sha256_elapsed_ns,1092.0000000000
768631,10464531087868,btc_qm_engine,btc_sha256_nonce,268849205.0000000000
768632,10464531088091,btc_qm_engine,btc_sha256_nonce,3032402695.0000000000
768633,10464531088546,btc_qm_engine,btc_sha256_nonce,469433904.0000000000
768634,10464531088620,btc_qm_engine,btc_leading_zeros,0.0000000000
768635,10464531088685,btc_qm_engine,btc_leading_zeros,0.0000000000
768636,10464531088927,btc_qm_engine,btc_sha256_nonce,2520395286.0000000000
768637,10464531089001,btc_qm_engine,btc_leading_zeros,2.0000000000
768638,10464531089061,btc_qm_engine,btc_sha256_elapsed_ns,904.0000000000
768639,10464531089498,btc_qm_engine,btc_leading_zeros,0.0000000000
768640,10464531090202,btc_qm_engine,btc_sha256_elapsed_ns,1105.0000000000
768641,10464531090345,btc_qm_engine,btc_sha256_nonce,2501917557.0000000000
768642,10464531090419,btc_qm_engine,btc_leading_zeros,1.0000000000
768643,10464531090491,btc_qm_engine,btc_sha256_elapsed_ns,1046.0000000000
768644,10464531090653,btc_qm_engine,btc_leading_zeros,0.0000000000
768645,10464531090986,btc_qm_engine,btc_sha256_elapsed_ns,1031.0000000000
768646,10464531091377,btc_qm_engine,btc_sha256_nonce,3653526961.0000000000
768647,10464531091552,btc_qm_engine,btc_leading_zeros,1.0000000000
768648,10464531091768,btc_qm_engine,btc_sha256_nonce,3647208043.0000000000
768649,10464531091958,btc_qm_engine,btc_leading_zeros,0.0000000000
768650,10464531092087,btc_qm_engine,btc_leading_zeros,4.0000000000
768651,10464531092258,btc_qm_engine,btc_sha256_nonce,240477731.0000000000
768652,10464531092338,btc_qm_engine,btc_leading_zeros,0.0000000000
768653,10464531092561,btc_qm_engine,btc_sha256_elapsed_ns,1028.0000000000
768654,10464531092738,btc_qm_engine,btc_sha256_elapsed_ns,740.0000000000
768655,10464531092836,btc_qm_engine,btc_sha256_elapsed_ns,1048.0000000000
768656,10464531092990,btc_qm_engine,btc_sha256_elapsed_ns,998.0000000000
768657,10464531093104,btc_qm_engine,btc_sha256_elapsed_ns,1098.0000000000
768658,10464531094012,btc_qm_engine,btc_sha256_nonce,2787422977.0000000000
768659,10464531094146,btc_qm_engine,btc_sha256_nonce,2781673208.0000000000
768660,10464531094222,btc_qm_engine,btc_leading_zeros,1.0000000000
768661,10464531094458,btc_qm_engine,btc_sha256_elapsed_ns,1103.0000000000
768662,10464531094627,btc_qm_engine,btc_sha256_nonce,2896043768.0000000000
768663,10464531094776,btc_qm_engine,btc_sha256_nonce,1174744127.0000000000
768664,10464531094849,btc_qm_engine,btc_leading_zeros,1.0000000000
768665,10464531094926,btc_qm_engine,btc_sha256_elapsed_ns,1095.0000000000
768666,10464531095057,btc_qm_engine,btc_sha256_nonce,3170823725.0000000000
768667,10464531095453,btc_qm_engine,btc_sha256_nonce,2975452306.0000000000
768668,10464531095623,btc_qm_engine,btc_leading_zeros,1.0000000000
768669,10464531095694,btc_qm_engine,btc_leading_zeros,1.0000000000
768670,10464531095954,btc_qm_engine,btc_leading_zeros,4.0000000000
768671,10464531096271,btc_qm_engine,btc_sha256_nonce,645093364.0000000000
768672,10464531096352,btc_qm_engine,btc_leading_zeros,0.0000000000
768673,10464531096463,btc_qm_engine,btc_sha256_elapsed_ns,1093.0000000000
768674,10464531096653,btc_qm_engine,btc_sha256_elapsed_ns,1030.0000000000
768675,10464531096789,btc_qm_engine,btc_sha256_elapsed_ns,1066.0000000000
768676,10464531096947,btc_qm_engine,btc_leading_zeros,0.0000000000
768677,10464531097178,btc_qm_engine,btc_sha256_elapsed_ns,1045.0000000000
768678,10464531097332,btc_qm_engine,btc_sha256_elapsed_ns,1084.0000000000
768679,10464531097869,btc_qm_engine,btc_sha256_nonce,2846993399.0000000000
768680,10464531097950,btc_qm_engine,btc_leading_zeros,3.0000000000
768681,10464531098027,btc_qm_engine,btc_sha256_elapsed_ns,1079.0000000000
768682,10464531098107,btc_qm_engine,btc_sha256_nonce,1088553340.0000000000
768683,10464531098438,btc_qm_engine,btc_sha256_nonce,2125856515.0000000000
768684,10464531098517,btc_qm_engine,btc_leading_zeros,1.0000000000
768685,10464531098685,btc_qm_engine,btc_leading_zeros,0.0000000000
768686,10464531099112,btc_qm_engine,btc_sha256_elapsed_ns,981.0000000000
768687,10464531099653,btc_qm_engine,btc_sha256_nonce,240102346.0000000000
768688,10464531099809,btc_qm_engine,btc_sha256_elapsed_ns,1059.0000000000
768689,10464531100124,btc_qm_engine,btc_sha256_nonce,4096123082.0000000000
768690,10464531100739,btc_qm_engine,btc_leading_zeros,0.0000000000
768691,10464531100807,btc_qm_engine,btc_sha256_elapsed_ns,1133.0000000000
768692,10464531101003,btc_qm_engine,btc_leading_zeros,0.0000000000
768693,10464531101073,btc_qm_engine,btc_sha256_elapsed_ns,934.0000000000
768694,10464531101276,btc_qm_engine,btc_sha256_elapsed_ns,1081.0000000000
768695,10464531101758,btc_qm_engine,btc_sha256_nonce,2760937704.0000000000
768696,10464531101832,btc_qm_engine,btc_leading_zeros,4.0000000000
768697,10464531101885,btc_qm_engine,btc_sha256_elapsed_ns,735.0000000000
768698,10464531102051,btc_qm_engine,btc_sha256_nonce,75284757.0000000000
768699,10464531102141,btc_qm_engine,btc_leading_zeros,1.0000000000
768700,10464531102202,btc_qm_engine,btc_sha256_elapsed_ns,1079.0000000000
768701,10464531102450,btc_qm_engine,btc_sha256_nonce,392081144.0000000000
768702,10464531102534,btc_qm_engine,btc_leading_zeros,1.0000000000
768703,10464531102855,btc_qm_engine,btc_sha256_elapsed_ns,1109.0000000000
768704,10464531103004,btc_qm_engine,btc_sha256_nonce,2867444894.0000000000
768705,10464531103083,btc_qm_engine,btc_leading_zeros,2.0000000000
768706,10464531103154,btc_qm_engine,btc_sha256_elapsed_ns,889.0000000000
768707,10464531103289,btc_qm_engine,btc_sha256_nonce,3027576266.0000000000
768708,10464531103564,btc_qm_engine,btc_sha256_nonce,2465427910.0000000000
768709,10464531103634,btc_qm_engine,btc_leading_zeros,1.0000000000
768710,10464531103836,btc_qm_engine,btc_leading_zeros,1.0000000000
768711,10464531103983,btc_qm_engine,btc_sha256_nonce,2787386479.0000000000
768712,10464531104375,btc_qm_engine,btc_sha256_nonce,2052076806.0000000000
768713,10464531104498,btc_qm_engine,btc_sha256_nonce,3461573815.0000000000
768714,10464531104898,btc_qm_engine,btc_sha256_elapsed_ns,1094.0000000000
768715,10464531105111,btc_qm_engine,btc_leading_zeros,1.0000000000
768716,10464531105258,btc_qm_engine,btc_sha256_elapsed_ns,969.0000000000
768717,10464531105378,btc_qm_engine,btc_sha256_elapsed_ns,1072.0000000000
768718,10464531106000,btc_qm_engine,btc_sha256_nonce,2447158723.0000000000
768719,10464531106570,btc_qm_engine,btc_leading_zeros,1.0000000000
768720,10464531106621,btc_qm_engine,btc_sha256_elapsed_ns,1083.0000000000
768721,10464531107264,btc_qm_engine,btc_sha256_nonce,394869193.0000000000
768722,10464531107712,btc_qm_engine,btc_leading_zeros,4.0000000000
768723,10464531107826,btc_qm_engine,btc_sha256_nonce,13277590.0000000000
768724,10464531107943,btc_qm_engine,btc_leading_zeros,3.0000000000
768725,10464531108044,btc_qm_engine,btc_sha256_elapsed_ns,1086.0000000000
768726,10464531108183,btc_qm_engine,btc_sha256_nonce,1941688396.0000000000
768727,10464531108367,btc_qm_engine,btc_leading_zeros,1.0000000000
768728,10464531108581,btc_qm_engine,btc_leading_zeros,0.0000000000
768729,10464531108767,btc_qm_engine,btc_sha256_elapsed_ns,723.0000000000
768730,10464531108935,btc_qm_engine,btc_sha256_elapsed_ns,836.0000000000
768731,10464531109312,btc_qm_engine,btc_sha256_elapsed_ns,1077.0000000000
768732,10464531109771,btc_qm_engine,btc_sha256_nonce,3696706235.0000000000
768733,10464531110110,btc_qm_engine,btc_sha256_nonce,2052261744.0000000000
768734,10464531110186,btc_qm_engine,btc_leading_zeros,2.0000000000
768735,10464531110264,btc_qm_engine,btc_sha256_elapsed_ns,1079.0000000000
768736,10464531110441,btc_qm_engine,btc_leading_zeros,0.0000000000
768737,10464531110604,btc_qm_engine,btc_sha256_nonce,2160549574.0000000000
768738,10464531110684,btc_qm_engine,btc_leading_zeros,0.0000000000
768739,10464531110754,btc_qm_engine,btc_sha256_elapsed_ns,1090.0000000000
768740,10464531110851,btc_qm_engine,btc_sha256_nonce,3369864585.0000000000
768741,10464531110969,btc_qm_engine,btc_sha256_nonce,3155660833.0000000000
768742,10464531111049,btc_qm_engine,btc_leading_zeros,0.0000000000
768743,10464531111165,btc_qm_engine,btc_leading_zeros,1.0000000000
768744,10464531111575,btc_qm_engine,btc_sha256_nonce,2108827324.0000000000
768745,10464531111733,btc_qm_engine,btc_sha256_elapsed_ns,1081.0000000000
768746,10464531111960,btc_qm_engine,btc_sha256_elapsed_ns,1060.0000000000
768747,10464531112211,btc_qm_engine,btc_sha256_elapsed_ns,1108.0000000000
768748,10464531112722,btc_qm_engine,btc_leading_zeros,0.0000000000
768749,10464531112850,btc_qm_engine,btc_sha256_nonce,1781055608.0000000000
768750,10464531113182,btc_qm_engine,btc_sha256_nonce,240784125.0000000000
768751,10464531113245,btc_qm_engine,btc_leading_zeros,0.0000000000
768752,10464531113329,btc_qm_engine,btc_sha256_elapsed_ns,860.0000000000
768753,10464531113585,btc_qm_engine,btc_sha256_elapsed_ns,1061.0000000000
768754,10464531113754,btc_qm_engine,btc_leading_zeros,1.0000000000
768755,10464531113844,btc_qm_engine,btc_leading_zeros,0.0000000000
768756,10464531114236,btc_qm_engine,btc_sha256_elapsed_ns,1072.0000000000
768757,10464531114425,btc_qm_engine,btc_sha256_elapsed_ns,980.0000000000
768758,10464531114675,btc_qm_engine,btc_sha256_nonce,2787528957.0000000000
768759,10464531114757,btc_qm_engine,btc_leading_zeros,2.0000000000
768760,10464531114831,btc_qm_engine,btc_sha256_elapsed_ns,1025.0000000000
768761,10464531115060,btc_qm_engine,btc_sha256_nonce,4257770401.0000000000
768762,10464531115549,btc_qm_engine,btc_sha256_nonce,980015978.0000000000
768763,10464531115692,btc_qm_engine,btc_leading_zeros,0.0000000000
768764,10464531115766,btc_qm_engine,btc_sha256_elapsed_ns,1027.0000000000
768765,10464531115848,btc_qm_engine,btc_sha256_nonce,3035305703.0000000000
768766,10464531115924,btc_qm_engine,btc_leading_zeros,2.0000000000
768767,10464531116139,btc_qm_engine,btc_sha256_nonce,3516298555.0000000000
768768,10464531116313,btc_qm_engine,btc_sha256_nonce,166289752.0000000000
768769,10464531116471,btc_qm_engine,btc_sha256_elapsed_ns,935.0000000000
768770,10464531116764,btc_qm_engine,btc_leading_zeros,0.0000000000
768771,10464531116906,btc_qm_engine,btc_sha256_nonce,2052245929.0000000000
768772,10464531117079,btc_qm_engine,btc_leading_zeros,0.0000000000
768773,10464531117177,btc_qm_engine,btc_sha256_elapsed_ns,1049.0000000000
768774,10464531117286,btc_qm_engine,btc_leading_zeros,1.0000000000
768775,10464531117357,btc_qm_engine,btc_sha256_elapsed_ns,934.0000000000
768776,10464531117525,btc_qm_engine,btc_sha256_elapsed_ns,1040.0000000000
768777,10464531117786,btc_qm_engine,btc_sha256_nonce,2121237688.0000000000
768778,10464531117857,btc_qm_engine,btc_leading_zeros,1.0000000000
768779,10464531117925,btc_qm_engine,btc_sha256_elapsed_ns,1035.0000000000
768780,10464531118308,btc_qm_engine,btc_sha256_nonce,3122224336.0000000000
768781,10464531118503,btc_qm_engine,btc_sha256_nonce,2051912575.0000000000
768782,10464531118689,btc_qm_engine,btc_leading_zeros,2.0000000000
768783,10464531118763,btc_qm_engine,btc_sha256_elapsed_ns,1013.0000000000
768784,10464531118906,btc_qm_engine,btc_sha256_nonce,1180629112.0000000000
768785,10464531119079,btc_qm_engine,btc_leading_zeros,0.0000000000
768786,10464531119155,btc_qm_engine,btc_sha256_elapsed_ns,826.0000000000
768787,10464531119339,btc_qm_engine,btc_leading_zeros,0.0000000000
768788,10464531119495,btc_qm_engine,btc_sha256_nonce,3518576410.0000000000
768789,10464531119578,btc_qm_engine,btc_leading_zeros,1.0000000000
768790,10464531119651,btc_qm_engine,btc_sha256_elapsed_ns,1059.0000000000
768791,10464531119996,btc_qm_engine,btc_sha256_nonce,2787366019.0000000000
768792,10464531120124,btc_qm_engine,btc_sha256_nonce,3936027805.0000000000
768793,10464531120376,btc_qm_engine,btc_leading_zeros,2.0000000000
768794,10464531120843,btc_qm_engine,btc_sha256_nonce,677513075.0000000000
768795,10464531120938,btc_qm_engine,btc_leading_zeros,0.0000000000
768796,10464531121001,btc_qm_engine,btc_sha256_elapsed_ns,960.0000000000
768797,10464531121176,btc_qm_engine,btc_sha256_nonce,2051944590.0000000000
768798,10464531121339,btc_qm_engine,btc_sha256_elapsed_ns,1066.0000000000
768799,10464531121645,btc_qm_engine,btc_leading_zeros,1.0000000000
768800,10464531121722,btc_qm_engine,btc_sha256_elapsed_ns,950.0000000000
768801,10464531121983,btc_qm_engine,btc_sha256_nonce,242318850.0000000000
768802,10464531122065,btc_qm_engine,btc_leading_zeros,12.0000000000
768803,10464531122130,btc_qm_engine,btc_sha256_elapsed_ns,729.0000000000
768804,10464531122341,btc_qm_engine,btc_sha256_nonce,2787230048.0000000000
768805,10464531122797,btc_qm_engine,btc_sha256_nonce,3123115197.0000000000
768806,10464531122949,btc_qm_engine,btc_leading_zeros,4.0000000000
768807,10464531123154,btc_qm_engine,btc_sha256_elapsed_ns,764.0000000000
768808,10464531123400,btc_qm_engine,btc_leading_zeros,2.0000000000
768809,10464531123496,btc_qm_engine,btc_sha256_elapsed_ns,1053.0000000000
768810,10464531123657,btc_qm_engine,btc_sha256_nonce,2052141779.0000000000
768811,10464531123818,btc_qm_engine,btc_sha256_nonce,891330374.0000000000
768812,10464531124043,btc_qm_engine,btc_leading_zeros,0.0000000000
768813,10464531124331,btc_qm_engine,btc_leading_zeros,0.0000000000
768814,10464531124538,btc_qm_engine,btc_leading_zeros,4.0000000000
768815,10464531125318,btc_qm_engine,btc_sha256_elapsed_ns,1094.0000000000
768816,10464531125459,btc_qm_engine,btc_sha256_nonce,3602669375.0000000000
768817,10464531126161,btc_qm_engine,btc_leading_zeros,0.0000000000
768818,10464531126209,btc_qm_engine,btc_sha256_elapsed_ns,796.0000000000
768819,10464531127429,btc_qm_engine,btc_sha256_nonce,899808785.0000000000
768820,10464531127916,btc_qm_engine,btc_sha256_nonce,3939996536.0000000000
768821,10464531128069,btc_qm_engine,btc_leading_zeros,4.0000000000
768822,10464531128278,btc_qm_engine,btc_sha256_elapsed_ns,1068.0000000000
768823,10464531128572,btc_qm_engine,btc_sha256_nonce,1533172535.0000000000
768824,10464531128680,btc_qm_engine,btc_sha256_elapsed_ns,985.0000000000
768825,10464531129111,btc_qm_engine,btc_sha256_elapsed_ns,1089.0000000000
768826,10464531129723,btc_qm_engine,btc_sha256_nonce,1825605854.0000000000
768827,10464531129799,btc_qm_engine,btc_leading_zeros,2.0000000000
768828,10464531129848,btc_qm_engine,btc_sha256_elapsed_ns,798.0000000000
768829,10464531130127,btc_qm_engine,btc_leading_zeros,0.0000000000
768830,10464531130321,btc_qm_engine,btc_sha256_nonce,1818573246.0000000000
768831,10464531130401,btc_qm_engine,btc_leading_zeros,1.0000000000
768832,10464531130474,btc_qm_engine,btc_sha256_elapsed_ns,1096.0000000000
768833,10464531130607,btc_qm_engine,btc_sha256_elapsed_ns,1092.0000000000
768834,10464531130799,btc_qm_engine,btc_sha256_nonce,3306025011.0000000000
768835,10464531130867,btc_qm_engine,btc_leading_zeros,2.0000000000
768836,10464531131188,btc_qm_engine,btc_sha256_elapsed_ns,740.0000000000
768837,10464531131393,btc_qm_engine,btc_sha256_nonce,1222099309.0000000000
768838,10464531131652,btc_qm_engine,btc_sha256_elapsed_ns,865.0000000000
768839,10464531131810,btc_qm_engine,btc_leading_zeros,3.0000000000
768840,10464531131942,btc_qm_engine,btc_sha256_nonce,1069820351.0000000000
768841,10464531132009,btc_qm_engine,btc_leading_zeros,2.0000000000
768842,10464531132103,btc_qm_engine,btc_sha256_elapsed_ns,1046.0000000000
768843,10464531132184,btc_qm_engine,btc_sha256_nonce,2052198236.0000000000
768844,10464531132673,btc_qm_engine,btc_sha256_nonce,2734265565.0000000000
768845,10464531133395,btc_qm_engine,btc_sha256_nonce,1819138663.0000000000
768846,10464531133873,btc_qm_engine,btc_leading_zeros,0.0000000000
768847,10464531135615,btc_qm_engine,btc_sha256_elapsed_ns,1145.0000000000
768848,10464531136008,btc_qm_engine,btc_leading_zeros,1.0000000000
768849,10464531136244,btc_qm_engine,btc_leading_zeros,0.0000000000
768850,10464531136520,btc_qm_engine,btc_sha256_elapsed_ns,1115.0000000000
768851,10464531136691,btc_qm_engine,btc_sha256_elapsed_ns,1017.0000000000
768852,10464531136844,btc_qm_engine,btc_sha256_elapsed_ns,1091.0000000000
768853,10464531137627,btc_qm_engine,btc_sha256_nonce,2801977791.0000000000
768854,10464531137715,btc_qm_engine,btc_leading_zeros,4.0000000000
768855,10464531137784,btc_qm_engine,btc_sha256_elapsed_ns,1098.0000000000
768856,10464531137891,btc_qm_engine,btc_sha256_nonce,57822755.0000000000
768857,10464531137970,btc_qm_engine,btc_leading_zeros,0.0000000000
768858,10464531138038,btc_qm_engine,btc_sha256_elapsed_ns,1120.0000000000
768859,10464531138226,btc_qm_engine,btc_sha256_nonce,2466273974.0000000000
768860,10464531138619,btc_qm_engine,btc_leading_zeros,1.0000000000
768861,10464531138796,btc_qm_engine,btc_sha256_nonce,1395740517.0000000000
768862,10464531139051,btc_qm_engine,btc_sha256_elapsed_ns,812.0000000000
768863,10464531139154,btc_qm_engine,btc_leading_zeros,0.0000000000
768864,10464531139307,btc_qm_engine,btc_sha256_nonce,1940101488.0000000000
768865,10464531140006,btc_qm_engine,btc_leading_zeros,0.0000000000
768866,10464531140264,btc_qm_engine,btc_leading_zeros,0.0000000000
768867,10464531141084,btc_qm_engine,btc_sha256_nonce,3809609813.0000000000
768868,10464531141249,btc_qm_engine,btc_sha256_elapsed_ns,1108.0000000000
768869,10464531141444,btc_qm_engine,btc_leading_zeros,9.0000000000
768870,10464531141794,btc_qm_engine,btc_sha256_elapsed_ns,882.0000000000
768871,10464531142008,btc_qm_engine,btc_sha256_elapsed_ns,1132.0000000000
768872,10464531142596,btc_qm_engine,btc_sha256_elapsed_ns,1109.0000000000
768873,10464531142799,btc_qm_engine,btc_sha256_elapsed_ns,1053.0000000000
768874,10464531143262,btc_qm_engine,btc_sha256_nonce,834458999.0000000000
768875,10464531143584,btc_qm_engine,btc_leading_zeros,0.0000000000
768876,10464531143670,btc_qm_engine,btc_sha256_elapsed_ns,862.0000000000
768877,10464531143886,btc_qm_engine,btc_sha256_nonce,3308295492.0000000000
768878,10464531143961,btc_qm_engine,btc_leading_zeros,2.0000000000
768879,10464531144032,btc_qm_engine,btc_sha256_elapsed_ns,1072.0000000000
768880,10464531144646,btc_qm_engine,btc_sha256_nonce,3663898322.0000000000
768881,10464531144944,btc_qm_engine,btc_sha256_nonce,737610367.0000000000
768882,10464531145011,btc_qm_engine,btc_leading_zeros,1.0000000000
768883,10464531145122,btc_qm_engine,btc_leading_zeros,0.0000000000
768884,10464531145337,btc_qm_engine,btc_sha256_nonce,446064804.0000000000
768885,10464531145625,btc_qm_engine,btc_sha256_nonce,2271053627.0000000000
768886,10464531146390,btc_qm_engine,btc_leading_zeros,4.0000000000
768887,10464531146455,btc_qm_engine,btc_sha256_elapsed_ns,1042.0000000000
768888,10464531146615,btc_qm_engine,btc_sha256_nonce,3008531180.0000000000
768889,10464531146691,btc_qm_engine,btc_leading_zeros,2.0000000000
768890,10464531146762,btc_qm_engine,btc_sha256_elapsed_ns,1077.0000000000
768891,10464531147644,btc_qm_engine,btc_sha256_elapsed_ns,1106.0000000000
768892,10464531147869,btc_qm_engine,btc_leading_zeros,0.0000000000
768893,10464531148051,btc_qm_engine,btc_sha256_nonce,1585988550.0000000000
768894,10464531148724,btc_qm_engine,btc_sha256_nonce,3045816464.0000000000
768895,10464531148864,btc_qm_engine,btc_leading_zeros,1.0000000000
768896,10464531149049,btc_qm_engine,btc_sha256_nonce,64784369.0000000000
768897,10464531149210,btc_qm_engine,btc_leading_zeros,0.0000000000
768898,10464531149287,btc_qm_engine,btc_sha256_elapsed_ns,1075.0000000000
768899,10464531149595,btc_qm_engine,btc_leading_zeros,1.0000000000
768900,10464531150092,btc_qm_engine,btc_leading_zeros,0.0000000000
768901,10464531150638,btc_qm_engine,btc_sha256_nonce,1409363637.0000000000
768902,10464531150795,btc_qm_engine,btc_sha256_elapsed_ns,1049.0000000000
768903,10464531150978,btc_qm_engine,btc_sha256_elapsed_ns,1054.0000000000
768904,10464531151208,btc_qm_engine,btc_sha256_elapsed_ns,987.0000000000
768905,10464531151639,btc_qm_engine,btc_leading_zeros,0.0000000000
768906,10464531151993,btc_qm_engine,btc_sha256_elapsed_ns,1120.0000000000
768907,10464531152664,btc_qm_engine,btc_sha256_elapsed_ns,1025.0000000000
768908,10464531152844,btc_qm_engine,btc_sha256_nonce,1909411142.0000000000
768909,10464531153284,btc_qm_engine,btc_sha256_nonce,1576068700.0000000000
768910,10464531153466,btc_qm_engine,btc_sha256_nonce,2465520298.0000000000
768911,10464531153950,btc_qm_engine,btc_sha256_nonce,2787000730.0000000000
768912,10464531154170,btc_qm_engine,btc_leading_zeros,2.0000000000
768913,10464531154343,btc_qm_engine,btc_leading_zeros,0.0000000000
768914,10464531154592,btc_qm_engine,btc_sha256_elapsed_ns,1094.0000000000
768915,10464531154778,btc_qm_engine,btc_sha256_elapsed_ns,966.0000000000
768916,10464531155158,btc_qm_engine,btc_sha256_nonce,3620597904.0000000000
768917,10464531155312,btc_qm_engine,btc_sha256_elapsed_ns,1057.0000000000
768918,10464531155488,btc_qm_engine,btc_leading_zeros,0.0000000000
768919,10464531155562,btc_qm_engine,btc_sha256_elapsed_ns,1108.0000000000
768920,10464531155881,btc_qm_engine,btc_sha256_nonce,2527053675.0000000000
768921,10464531155983,btc_qm_engine,btc_leading_zeros,1.0000000000
768922,10464531156048,btc_qm_engine,btc_sha256_elapsed_ns,888.0000000000
768923,10464531156292,btc_qm_engine,btc_leading_zeros,0.0000000000
768924,10464531156444,btc_qm_engine,btc_sha256_nonce,2713852523.0000000000
768925,10464531156865,btc_qm_engine,btc_leading_zeros,9.0000000000
768926,10464531156933,btc_qm_engine,btc_sha256_elapsed_ns,18281.0000000000
768927,10464531157159,btc_qm_engine,btc_sha256_nonce,909537199.0000000000
768928,10464531157292,btc_qm_engine,btc_sha256_nonce,2337514465.0000000000
768929,10464531157364,btc_qm_engine,btc_leading_zeros,2.0000000000
768930,10464531157418,btc_qm_engine,btc_sha256_elapsed_ns,965.0000000000
768931,10464531157739,btc_qm_engine,btc_sha256_nonce,514608196.0000000000
768932,10464531158127,btc_qm_engine,btc_leading_zeros,0.0000000000
768933,10464531158381,btc_qm_engine,btc_sha256_elapsed_ns,1153.0000000000
768934,10464531158499,btc_qm_engine,btc_sha256_nonce,2465618287.0000000000
768935,10464531158581,btc_qm_engine,btc_leading_zeros,4.0000000000
768936,10464531158653,btc_qm_engine,btc_sha256_elapsed_ns,1074.0000000000
768937,10464531158911,btc_qm_engine,btc_sha256_nonce,2257210262.0000000000
768938,10464531159062,btc_qm_engine,btc_leading_zeros,2.0000000000
768939,10464531159345,btc_qm_engine,btc_sha256_nonce,1143770273.0000000000
768940,10464531159447,btc_qm_engine,btc_leading_zeros,1.0000000000
768941,10464531159499,btc_qm_engine,btc_sha256_elapsed_ns,746.0000000000
768942,10464531159562,btc_qm_engine,btc_sha256_nonce,3880132319.0000000000
768943,10464531159953,btc_qm_engine,btc_sha256_nonce,3228368204.0000000000
768944,10464531160033,btc_qm_engine,btc_leading_zeros,1.0000000000
768945,10464531160102,btc_qm_engine,btc_sha256_elapsed_ns,1053.0000000000
768946,10464531160306,btc_qm_engine,btc_leading_zeros,1.0000000000
768947,10464531160556,btc_qm_engine,btc_leading_zeros,4.0000000000
768948,10464531160685,btc_qm_engine,btc_sha256_nonce,1941631930.0000000000
768949,10464531161255,btc_qm_engine,btc_sha256_elapsed_ns,1153.0000000000
768950,10464531161446,btc_qm_engine,btc_sha256_elapsed_ns,1096.0000000000
768951,10464531161593,btc_qm_engine,btc_leading_zeros,0.0000000000
768952,10464531161667,btc_qm_engine,btc_sha256_elapsed_ns,926.0000000000
768953,10464531162144,btc_qm_engine,btc_sha256_elapsed_ns,1096.0000000000
768954,10464531162524,btc_qm_engine,btc_sha256_nonce,1803360215.0000000000
768955,10464531162602,btc_qm_engine,btc_leading_zeros,0.0000000000
768956,10464531162667,btc_qm_engine,btc_sha256_elapsed_ns,1056.0000000000
768957,10464531163112,btc_qm_engine,btc_sha256_nonce,1710287912.0000000000
768958,10464531163204,btc_qm_engine,btc_leading_zeros,0.0000000000
768959,10464531163284,btc_qm_engine,btc_sha256_elapsed_ns,855.0000000000
768960,10464531163613,btc_qm_engine,btc_sha256_elapsed_ns,1103.0000000000
768961,10464531163790,btc_qm_engine,btc_sha256_nonce,2684956724.0000000000
768962,10464531163981,btc_qm_engine,btc_sha256_nonce,3546103752.0000000000
768963,10464531164062,btc_qm_engine,btc_leading_zeros,0.0000000000
768964,10464531164165,btc_qm_engine,btc_sha256_nonce,2466400267.0000000000
768965,10464531164342,btc_qm_engine,btc_sha256_elapsed_ns,1067.0000000000
768966,10464531164621,btc_qm_engine,btc_sha256_nonce,1941925786.0000000000
768967,10464531164746,btc_qm_engine,btc_leading_zeros,0.0000000000
768968,10464531165002,btc_qm_engine,btc_leading_zeros,0.0000000000
768969,10464531165202,btc_qm_engine,btc_sha256_nonce,3778949631.0000000000
768970,10464531165424,btc_qm_engine,btc_sha256_elapsed_ns,1110.0000000000
768971,10464531165551,btc_qm_engine,btc_sha256_nonce,3272869553.0000000000
768972,10464531165658,btc_qm_engine,btc_leading_zeros,0.0000000000
768973,10464531165794,btc_qm_engine,btc_sha256_elapsed_ns,1088.0000000000
768974,10464531166278,btc_qm_engine,btc_leading_zeros,3.0000000000
768975,10464531166504,btc_qm_engine,btc_sha256_elapsed_ns,1110.0000000000
768976,10464531166817,btc_qm_engine,btc_sha256_nonce,2466094802.0000000000
768977,10464531167017,btc_qm_engine,btc_sha256_elapsed_ns,1111.0000000000
768978,10464531167348,btc_qm_engine,btc_leading_zeros,0.0000000000
768979,10464531167792,btc_qm_engine,btc_sha256_nonce,4230424029.0000000000
768980,10464531167913,btc_qm_engine,btc_sha256_elapsed_ns,1095.0000000000
768981,10464531168138,btc_qm_engine,btc_leading_zeros,2.0000000000
768982,10464531168508,btc_qm_engine,btc_sha256_nonce,2667023320.0000000000
768983,10464531168664,btc_qm_engine,btc_sha256_elapsed_ns,953.0000000000
768984,10464531169434,btc_qm_engine,btc_sha256_nonce,1479385071.0000000000
768985,10464531169998,btc_qm_engine,btc_leading_zeros,2.0000000000
768986,10464531170238,btc_qm_engine,btc_sha256_elapsed_ns,1050.0000000000
768987,10464531170426,btc_qm_engine,btc_sha256_nonce,2465994598.0000000000
768988,10464531170788,btc_qm_engine,btc_leading_zeros,0.0000000000
768989,10464531170863,btc_qm_engine,btc_sha256_elapsed_ns,1099.0000000000
768990,10464531171013,btc_qm_engine,btc_leading_zeros,1.0000000000
768991,10464531171089,btc_qm_engine,btc_sha256_elapsed_ns,1103.0000000000
768992,10464531171249,btc_qm_engine,btc_leading_zeros,1.0000000000
768993,10464531171372,btc_qm_engine,btc_sha256_elapsed_ns,1113.0000000000
768994,10464531172260,btc_qm_engine,btc_sha256_nonce,693937335.0000000000
768995,10464531172626,btc_qm_engine,btc_sha256_nonce,1490937529.0000000000
768996,10464531172923,btc_qm_engine,btc_leading_zeros,0.0000000000
768997,10464531173296,btc_qm_engine,btc_sha256_nonce,1997101610.0000000000
768998,10464531173525,btc_qm_engine,btc_sha256_nonce,1566456984.0000000000
768999,10464531173690,btc_qm_engine,btc_sha256_elapsed_ns,1029.0000000000
769000,10464531173786,btc_qm_engine,btc_sha256_nonce,1942118007.0000000000
769001,10464531173867,btc_qm_engine,btc_leading_zeros,0.0000000000
769002,10464531174144,btc_qm_engine,btc_leading_zeros,1.0000000000
769003,10464531174294,btc_qm_engine,btc_leading_zeros,1.0000000000
769004,10464531174572,btc_qm_engine,btc_sha256_elapsed_ns,890.0000000000
769005,10464531174749,btc_qm_engine,btc_sha256_elapsed_ns,1083.0000000000
769006,10464531174940,btc_qm_engine,btc_sha256_nonce,2786951085.0000000000
769007,10464531175300,btc_qm_engine,btc_sha256_nonce,2587644823.0000000000
769008,10464531175489,btc_qm_engine,btc_leading_zeros,4.0000000000
769009,10464531175959,btc_qm_engine,btc_sha256_elapsed_ns,742.0000000000
769010,10464531176697,btc_qm_engine,btc_sha256_nonce,3610137754.0000000000
769011,10464531176778,btc_qm_engine,btc_leading_zeros,1.0000000000
769012,10464531177052,btc_qm_engine,btc_leading_zeros,0.0000000000
769013,10464531177140,btc_qm_engine,btc_sha256_elapsed_ns,1032.0000000000
769014,10464531177593,btc_qm_engine,btc_sha256_elapsed_ns,1008.0000000000
769015,10464531177949,btc_qm_engine,btc_sha256_nonce,1941638962.0000000000
769016,10464531178027,btc_qm_engine,btc_leading_zeros,0.0000000000
769017,10464531178097,btc_qm_engine,btc_sha256_elapsed_ns,1143.0000000000
769018,10464531178243,btc_qm_engine,btc_leading_zeros,0.0000000000
769019,10464531178649,btc_qm_engine,btc_sha256_elapsed_ns,1095.0000000000
769020,10464531178763,btc_qm_engine,btc_sha256_nonce,3761359417.0000000000
769021,10464531178837,btc_qm_engine,btc_leading_zeros,2.0000000000
769022,10464531178914,btc_qm_engine,btc_sha256_elapsed_ns,1108.0000000000
769023,10464531179065,btc_qm_engine,btc_sha256_elapsed_ns,990.0000000000
769024,10464531179209,btc_qm_engine,btc_sha256_nonce,1544577710.0000000000
769025,10464531179289,btc_qm_engine,btc_leading_zeros,0.0000000000
769026,10464531179903,btc_qm_engine,btc_sha256_nonce,3646908808.0000000000
769027,10464531180075,btc_qm_engine,btc_sha256_nonce,2551876635.0000000000
769028,10464531180189,btc_qm_engine,btc_sha256_nonce,2587792083.0000000000
769029,10464531180303,btc_qm_engine,btc_leading_zeros,1.0000000000
769030,10464531180400,btc_qm_engine,btc_sha256_elapsed_ns,1091.0000000000
769031,10464531180697,btc_qm_engine,btc_sha256_nonce,1207927838.0000000000
769032,10464531181142,btc_qm_engine,btc_sha256_nonce,694897644.0000000000
769033,10464531181371,btc_qm_engine,btc_leading_zeros,0.0000000000
769034,10464531181525,btc_qm_engine,btc_sha256_nonce,1118429937.0000000000
769035,10464531181608,btc_qm_engine,btc_leading_zeros,0.0000000000
769036,10464531181687,btc_qm_engine,btc_sha256_elapsed_ns,850.0000000000
769037,10464531181817,btc_qm_engine,btc_sha256_elapsed_ns,1094.0000000000
769038,10464531182198,btc_qm_engine,btc_leading_zeros,0.0000000000
769039,10464531182328,btc_qm_engine,btc_leading_zeros,1.0000000000
769040,10464531182606,btc_qm_engine,btc_sha256_elapsed_ns,951.0000000000
769041,10464531182791,btc_qm_engine,btc_sha256_elapsed_ns,931.0000000000
769042,10464531183036,btc_qm_engine,btc_sha256_nonce,3311809582.0000000000
769043,10464531183123,btc_qm_engine,btc_leading_zeros,2.0000000000
769044,10464531183429,btc_qm_engine,btc_sha256_nonce,3089782136.0000000000
769045,10464531183510,btc_qm_engine,btc_leading_zeros,0.0000000000
769046,10464531183608,btc_qm_engine,btc_sha256_elapsed_ns,1048.0000000000
769047,10464531183764,btc_qm_engine,btc_sha256_elapsed_ns,1099.0000000000
769048,10464531184034,btc_qm_engine,btc_leading_zeros,0.0000000000
769049,10464531184384,btc_qm_engine,btc_sha256_nonce,213703031.0000000000
769050,10464531184536,btc_qm_engine,btc_leading_zeros,1.0000000000
769051,10464531184667,btc_qm_engine,btc_sha256_elapsed_ns,1045.0000000000
769052,10464531184867,btc_qm_engine,btc_sha256_elapsed_ns,1082.0000000000
769053,10464531185041,btc_qm_engine,btc_sha256_nonce,3523297026.0000000000
769054,10464531185465,btc_qm_engine,btc_leading_zeros,0.0000000000
769055,10464531185689,btc_qm_engine,btc_sha256_nonce,2323801069.0000000000
769056,10464531185772,btc_qm_engine,btc_sha256_nonce,41603617.0000000000
769057,10464531186185,btc_qm_engine,btc_sha256_nonce,1942083695.0000000000
769058,10464531186412,btc_qm_engine,btc_sha256_nonce,2605917295.0000000000
769059,10464531186841,btc_qm_engine,btc_leading_zeros,2.0000000000
769060,10464531187108,btc_qm_engine,btc_leading_zeros,0.0000000000
769061,10464531187288,btc_qm_engine,btc_sha256_elapsed_ns,996.0000000000
769062,10464531187612,btc_qm_engine,btc_sha256_elapsed_ns,997.0000000000
769063,10464531187720,btc_qm_engine,btc_leading_zeros,0.0000000000
769064,10464531188064,btc_qm_engine,btc_leading_zeros,0.0000000000
769065,10464531188552,btc_qm_engine,btc_sha256_nonce,3001439406.0000000000
769066,10464531188682,btc_qm_engine,btc_sha256_elapsed_ns,943.0000000000
769067,10464531188953,btc_qm_engine,btc_sha256_nonce,1593012883.0000000000
769068,10464531189290,btc_qm_engine,btc_sha256_nonce,3620195218.0000000000
769069,10464531189727,btc_qm_engine,btc_leading_zeros,2.0000000000
769070,10464531189982,btc_qm_engine,btc_leading_zeros,2.0000000000
769071,10464531190102,btc_qm_engine,btc_sha256_elapsed_ns,1001.0000000000
769072,10464531190225,btc_qm_engine,btc_sha256_nonce,2052253081.0000000000
769073,10464531190295,btc_qm_engine,btc_leading_zeros,0.0000000000
769074,10464531190575,btc_qm_engine,btc_sha256_elapsed_ns,965.0000000000
769075,10464531190950,btc_qm_engine,btc_leading_zeros,3.0000000000
769076,10464531191384,btc_qm_engine,btc_leading_zeros,0.0000000000
769077,10464531191517,btc_qm_engine,btc_sha256_elapsed_ns,918.0000000000
769078,10464531191598,btc_qm_engine,btc_sha256_elapsed_ns,18062.0000000000
769079,10464531191884,btc_qm_engine,btc_sha256_elapsed_ns,1014.0000000000
769080,10464531192110,btc_qm_engine,btc_sha256_elapsed_ns,948.0000000000
769081,10464531192702,btc_qm_engine,btc_sha256_nonce,3177943679.0000000000
769082,10464531192777,btc_qm_engine,btc_leading_zeros,0.0000000000
769083,10464531192896,btc_qm_engine,btc_sha256_nonce,2052441067.0000000000
769084,10464531193054,btc_qm_engine,btc_sha256_elapsed_ns,786.0000000000
769085,10464531193311,btc_qm_engine,btc_sha256_nonce,2585384858.0000000000
769086,10464531193448,btc_qm_engine,btc_sha256_nonce,3861287578.0000000000
769087,10464531193712,btc_qm_engine,btc_sha256_nonce,1583195140.0000000000
769088,10464531193822,btc_qm_engine,btc_leading_zeros,1.0000000000
769089,10464531193891,btc_qm_engine,btc_sha256_elapsed_ns,1066.0000000000
769090,10464531194059,btc_qm_engine,btc_leading_zeros,1.0000000000
769091,10464531194297,btc_qm_engine,btc_sha256_nonce,2532828567.0000000000
769092,10464531194378,btc_qm_engine,btc_leading_zeros,1.0000000000
769093,10464531194545,btc_qm_engine,btc_sha256_elapsed_ns,1098.0000000000
769094,10464531194679,btc_qm_engine,btc_sha256_nonce,2395137070.0000000000
769095,10464531194766,btc_qm_engine,btc_leading_zeros,0.0000000000
769096,10464531194840,btc_qm_engine,btc_sha256_elapsed_ns,1036.0000000000
769097,10464531195096,btc_qm_engine,btc_sha256_elapsed_ns,1096.0000000000
769098,10464531195564,btc_qm_engine,btc_sha256_nonce,2198187120.0000000000
769099,10464531196057,btc_qm_engine,btc_sha256_nonce,240414958.0000000000
769100,10464531196289,btc_qm_engine,btc_sha256_nonce,1225706864.0000000000
769101,10464531196366,btc_qm_engine,btc_leading_zeros,3.0000000000
769102,10464531196751,btc_qm_engine,btc_sha256_nonce,1902164867.0000000000
769103,10464531196827,btc_qm_engine,btc_leading_zeros,2.0000000000
769104,10464531196894,btc_qm_engine,btc_sha256_elapsed_ns,920.0000000000
769105,10464531197216,btc_qm_engine,btc_leading_zeros,0.0000000000
769106,10464531197573,btc_qm_engine,btc_sha256_elapsed_ns,998.0000000000
769107,10464531197860,btc_qm_engine,btc_sha256_nonce,2866126528.0000000000
769108,10464531197934,btc_qm_engine,btc_leading_zeros,0.0000000000
769109,10464531197987,btc_qm_engine,btc_sha256_elapsed_ns,750.0000000000
769110,10464531198169,btc_qm_engine,btc_leading_zeros,0.0000000000
769111,10464531198524,btc_qm_engine,btc_sha256_nonce,3648294388.0000000000
769112,10464531198668,btc_qm_engine,btc_sha256_elapsed_ns,1078.0000000000
769113,10464531198941,btc_qm_engine,btc_sha256_nonce,4011250102.0000000000
769114,10464531199014,btc_qm_engine,btc_leading_zeros,0.0000000000
769115,10464531199479,btc_qm_engine,btc_sha256_elapsed_ns,1079.0000000000
769116,10464531199663,btc_qm_engine,btc_sha256_elapsed_ns,756.0000000000
769117,10464531199794,btc_qm_engine,btc_sha256_elapsed_ns,985.0000000000
769118,10464531199952,btc_qm_engine,btc_leading_zeros,2.0000000000
769119,10464531200316,btc_qm_engine,btc_sha256_elapsed_ns,742.0000000000
769120,10464531200825,btc_qm_engine,btc_sha256_nonce,2052552148.0000000000
769121,10464531200998,btc_qm_engine,btc_sha256_nonce,1379292278.0000000000
769122,10464531201108,btc_qm_engine,btc_leading_zeros,2.0000000000
769123,10464531201294,btc_qm_engine,btc_sha256_nonce,2238949255.0000000000
769124,10464531201530,btc_qm_engine,btc_sha256_elapsed_ns,1060.0000000000
769125,10464531201629,btc_qm_engine,btc_sha256_nonce,890068339.0000000000
769126,10464531201736,btc_qm_engine,btc_leading_zeros,2.0000000000
769127,10464531201889,btc_qm_engine,btc_sha256_nonce,1364493905.0000000000
769128,10464531201962,btc_qm_engine,btc_leading_zeros,2.0000000000
769129,10464531202110,btc_qm_engine,btc_sha256_elapsed_ns,990.0000000000
769130,10464531202252,btc_qm_engine,btc_leading_zeros,0.0000000000
769131,10464531202361,btc_qm_engine,btc_sha256_elapsed_ns,1013.0000000000
769132,10464531202470,btc_qm_engine,btc_leading_zeros,2.0000000000
769133,10464531202815,btc_qm_engine,btc_sha256_nonce,2661095700.0000000000
769134,10464531203364,btc_qm_engine,btc_sha256_elapsed_ns,1104.0000000000
769135,10464531203560,btc_qm_engine,btc_sha256_nonce,446933173.0000000000
769136,10464531203636,btc_qm_engine,btc_leading_zeros,2.0000000000
769137,10464531203716,btc_qm_engine,btc_sha256_elapsed_ns,918.0000000000
769138,10464531204036,btc_qm_engine,btc_leading_zeros,0.0000000000
769139,10464531204521,btc_qm_engine,btc_sha256_elapsed_ns,1054.0000000000
769140,10464531204744,btc_qm_engine,btc_sha256_elapsed_ns,1029.0000000000
769141,10464531205203,btc_qm_engine,btc_sha256_nonce,240448347.0000000000
769142,10464531205484,btc_qm_engine,btc_sha256_nonce,237387476.0000000000
769143,10464531205661,btc_qm_engine,btc_leading_zeros,0.0000000000
769144,10464531205806,btc_qm_engine,btc_leading_zeros,2.0000000000
769145,10464531205892,btc_qm_engine,btc_sha256_elapsed_ns,1005.0000000000
769146,10464531206219,btc_qm_engine,btc_leading_zeros,0.0000000000
769147,10464531206414,btc_qm_engine,btc_sha256_elapsed_ns,725.0000000000
769148,10464531206603,btc_qm_engine,btc_sha256_nonce,667505753.0000000000
769149,10464531207013,btc_qm_engine,btc_leading_zeros,0.0000000000
769150,10464531207076,btc_qm_engine,btc_sha256_elapsed_ns,1055.0000000000
769151,10464531207228,btc_qm_engine,btc_sha256_elapsed_ns,1106.0000000000
769152,10464531207740,btc_qm_engine,btc_sha256_nonce,1941222641.0000000000
769153,10464531207878,btc_qm_engine,btc_sha256_nonce,240455893.0000000000
769154,10464531207949,btc_qm_engine,btc_leading_zeros,0.0000000000
769155,10464531208022,btc_qm_engine,btc_sha256_elapsed_ns,998.0000000000
769156,10464531208090,btc_qm_engine,btc_leading_zeros,0.0000000000
769157,10464531208164,btc_qm_engine,btc_sha256_elapsed_ns,1031.0000000000
769158,10464531208349,btc_qm_engine,btc_sha256_nonce,210012432.0000000000
769159,10464531208431,btc_qm_engine,btc_leading_zeros,4.0000000000
769160,10464531208683,btc_qm_engine,btc_sha256_elapsed_ns,989.0000000000
769161,10464531208900,btc_qm_engine,btc_sha256_nonce,3251369830.0000000000
769162,10464531209381,btc_qm_engine,btc_sha256_nonce,1215286884.0000000000
769163,10464531209545,btc_qm_engine,btc_sha256_nonce,3532700933.0000000000
769164,10464531209674,btc_qm_engine,btc_sha256_nonce,945717695.0000000000
769165,10464531209845,btc_qm_engine,btc_leading_zeros,1.0000000000
769166,10464531210028,btc_qm_engine,btc_sha256_elapsed_ns,1003.0000000000
769167,10464531210196,btc_qm_engine,btc_sha256_nonce,942632795.0000000000
769168,10464531211073,btc_qm_engine,btc_sha256_elapsed_ns,1126.0000000000
769169,10464531211239,btc_qm_engine,btc_leading_zeros,2.0000000000
769170,10464531211726,btc_qm_engine,btc_sha256_nonce,4183602027.0000000000
769171,10464531212005,btc_qm_engine,btc_sha256_elapsed_ns,931.0000000000
769172,10464531212111,btc_qm_engine,btc_leading_zeros,0.0000000000
769173,10464531212185,btc_qm_engine,btc_sha256_elapsed_ns,898.0000000000
769174,10464531212613,btc_qm_engine,btc_leading_zeros,0.0000000000
769175,10464531212688,btc_qm_engine,btc_sha256_elapsed_ns,1101.0000000000
769176,10464531213074,btc_qm_engine,btc_sha256_nonce,1400461033.0000000000
769177,10464531213517,btc_qm_engine,btc_sha256_nonce,3773090028.0000000000
769178,10464531213660,btc_qm_engine,btc_leading_zeros,0.0000000000
769179,10464531213767,btc_qm_engine,btc_sha256_elapsed_ns,1058.0000000000
769180,10464531214051,btc_qm_engine,btc_sha256_nonce,2620079371.0000000000
769181,10464531214571,btc_qm_engine,btc_leading_zeros,0.0000000000
769182,10464531214736,btc_qm_engine,btc_leading_zeros,0.0000000000
769183,10464531214942,btc_qm_engine,btc_sha256_nonce,4111054602.0000000000
769184,10464531215016,btc_qm_engine,btc_leading_zeros,4.0000000000
769185,10464531215238,btc_qm_engine,btc_sha256_elapsed_ns,750.0000000000
769186,10464531215638,btc_qm_engine,btc_sha256_nonce,2705752440.0000000000
769187,10464531215773,btc_qm_engine,btc_sha256_elapsed_ns,937.0000000000
769188,10464531216096,btc_qm_engine,btc_leading_zeros,0.0000000000
769189,10464531216210,btc_qm_engine,btc_leading_zeros,0.0000000000
769190,10464531216510,btc_qm_engine,btc_leading_zeros,1.0000000000
769191,10464531216844,btc_qm_engine,btc_sha256_elapsed_ns,1095.0000000000
769192,10464531217106,btc_qm_engine,btc_sha256_nonce,2052545454.0000000000
769193,10464531217546,btc_qm_engine,btc_sha256_elapsed_ns,1115.0000000000
769194,10464531217683,btc_qm_engine,btc_leading_zeros,0.0000000000
769195,10464531217772,btc_qm_engine,btc_sha256_elapsed_ns,1115.0000000000
769196,10464531218280,btc_qm_engine,btc_sha256_nonce,1095525449.0000000000
769197,10464531218353,btc_qm_engine,btc_leading_zeros,0.0000000000
769198,10464531218422,btc_qm_engine,btc_sha256_elapsed_ns,1118.0000000000
769199,10464531218944,btc_qm_engine,btc_sha256_elapsed_ns,1065.0000000000
769200,10464531219501,btc_qm_engine,btc_sha256_nonce,1234880903.0000000000
769201,10464531219755,btc_qm_engine,btc_sha256_nonce,3647908192.0000000000
769202,10464531219862,btc_qm_engine,btc_leading_zeros,0.0000000000
769203,10464531220035,btc_qm_engine,btc_leading_zeros,0.0000000000
769204,10464531220458,btc_qm_engine,btc_sha256_nonce,1307864858.0000000000
769205,10464531220559,btc_qm_engine,btc_sha256_elapsed_ns,1039.0000000000
769206,10464531220691,btc_qm_engine,btc_sha256_nonce,988457466.0000000000
769207,10464531220768,btc_qm_engine,btc_leading_zeros,1.0000000000
769208,10464531220961,btc_qm_engine,btc_leading_zeros,0.0000000000
769209,10464531221457,btc_qm_engine,btc_sha256_elapsed_ns,1101.0000000000
769210,10464531221619,btc_qm_engine,btc_sha256_elapsed_ns,1100.0000000000
769211,10464531221956,btc_qm_engine,btc_sha256_nonce,1942109233.0000000000
769212,10464531222112,btc_qm_engine,btc_sha256_nonce,693111441.0000000000
769213,10464531222187,btc_qm_engine,btc_leading_zeros,4.0000000000
769214,10464531222258,btc_qm_engine,btc_sha256_elapsed_ns,1004.0000000000
769215,10464531222482,btc_qm_engine,btc_sha256_elapsed_ns,1045.0000000000
769216,10464531222830,btc_qm_engine,btc_leading_zeros,1.0000000000
769217,10464531222935,btc_qm_engine,btc_sha256_nonce,566710697.0000000000
769218,10464531223216,btc_qm_engine,btc_sha256_elapsed_ns,1041.0000000000
769219,10464531223344,btc_qm_engine,btc_sha256_nonce,2786973900.0000000000
769220,10464531223657,btc_qm_engine,btc_sha256_nonce,1639012589.0000000000
769221,10464531223947,btc_qm_engine,btc_sha256_nonce,3385109401.0000000000
769222,10464531224105,btc_qm_engine,btc_leading_zeros,0.0000000000
769223,10464531224186,btc_qm_engine,btc_sha256_elapsed_ns,1092.0000000000
769224,10464531224393,btc_qm_engine,btc_sha256_nonce,325218910.0000000000
769225,10464531224739,btc_qm_engine,btc_sha256_nonce,1190039962.0000000000
769226,10464531224821,btc_qm_engine,btc_leading_zeros,0.0000000000
769227,10464531224886,btc_qm_engine,btc_sha256_elapsed_ns,1041.0000000000
769228,10464531225028,btc_qm_engine,btc_leading_zeros,0.0000000000
769229,10464531225485,btc_qm_engine,btc_sha256_elapsed_ns,1048.0000000000
769230,10464531225673,btc_qm_engine,btc_sha256_nonce,2465964910.0000000000
769231,10464531225755,btc_qm_engine,btc_leading_zeros,0.0000000000
769232,10464531225823,btc_qm_engine,btc_sha256_elapsed_ns,1089.0000000000
769233,10464531226022,btc_qm_engine,btc_sha256_elapsed_ns,1080.0000000000
769234,10464531226151,btc_qm_engine,btc_sha256_nonce,2830289069.0000000000
769235,10464531226318,btc_qm_engine,btc_leading_zeros,1.0000000000
769236,10464531226552,btc_qm_engine,btc_leading_zeros,0.0000000000
769237,10464531226707,btc_qm_engine,btc_leading_zeros,2.0000000000
769238,10464531227057,btc_qm_engine,btc_sha256_elapsed_ns,1028.0000000000
769239,10464531227333,btc_qm_engine,btc_sha256_nonce,297359256.0000000000
769240,10464531227585,btc_qm_engine,btc_sha256_nonce,2660180088.0000000000
769241,10464531228306,btc_qm_engine,btc_sha256_nonce,273600047.0000000000
769242,10464531228487,btc_qm_engine,btc_leading_zeros,0.0000000000
769243,10464531228576,btc_qm_engine,btc_sha256_elapsed_ns,1078.0000000000
769244,10464531228918,btc_qm_engine,btc_sha256_elapsed_ns,993.0000000000
769245,10464531229028,btc_qm_engine,btc_leading_zeros,1.0000000000
769246,10464531229105,btc_qm_engine,btc_sha256_elapsed_ns,1027.0000000000
769247,10464531229261,btc_qm_engine,btc_leading_zeros,1.0000000000
769248,10464531229861,btc_qm_engine,btc_sha256_elapsed_ns,931.0000000000
769249,10464531230359,btc_qm_engine,btc_leading_zeros,4.0000000000
769250,10464531230717,btc_qm_engine,btc_sha256_nonce,2945038531.0000000000
769251,10464531230806,btc_qm_engine,btc_sha256_elapsed_ns,1094.0000000000
769252,10464531231096,btc_qm_engine,btc_sha256_nonce,1483948336.0000000000
769253,10464531231528,btc_qm_engine,btc_leading_zeros,0.0000000000
769254,10464531231687,btc_qm_engine,btc_leading_zeros,1.0000000000
769255,10464531231765,btc_qm_engine,btc_sha256_elapsed_ns,1095.0000000000
769256,10464531231995,btc_qm_engine,btc_sha256_nonce,2884510840.0000000000
769257,10464531232116,btc_qm_engine,btc_sha256_elapsed_ns,1025.0000000000
769258,10464531232273,btc_qm_engine,btc_sha256_nonce,832070880.0000000000
769259,10464531236407,btc_qm_engine,btc_leading_zeros,2.0000000000
769260,10464531237193,btc_qm_engine,btc_sha256_elapsed_ns,978.0000000000
769261,10464531238155,btc_qm_engine,btc_sha256_nonce,3216121521.0000000000
769262,10464531238207,btc_qm_engine,btc_leading_zeros,1.0000000000
769263,10464531238263,btc_qm_engine,btc_sha256_elapsed_ns,755.0000000000
769264,10464531239153,btc_qm_engine,btc_sha256_nonce,570870817.0000000000
769265,10464531239205,btc_qm_engine,btc_leading_zeros,1.0000000000
769266,10464531239258,btc_qm_engine,btc_sha256_elapsed_ns,733.0000000000
769267,10464531240147,btc_qm_engine,btc_sha256_nonce,1675737194.0000000000
769268,10464531240199,btc_qm_engine,btc_leading_zeros,3.0000000000
769269,10464531240253,btc_qm_engine,btc_sha256_elapsed_ns,736.0000000000
769270,10464531241220,btc_qm_engine,btc_leading_zeros,1.0000000000
769271,10464531242345,btc_qm_engine,btc_sha256_elapsed_ns,1065.0000000000
769272,10464531243381,btc_qm_engine,btc_sha256_nonce,3665810940.0000000000
769273,10464531243434,btc_qm_engine,btc_leading_zeros,3.0000000000
769274,10464531243486,btc_qm_engine,btc_sha256_elapsed_ns,769.0000000000
769275,10464531244368,btc_qm_engine,btc_sha256_nonce,2341355325.0000000000
769276,10464531244421,btc_qm_engine,btc_leading_zeros,4.0000000000
769277,10464531244472,btc_qm_engine,btc_sha256_elapsed_ns,728.0000000000
769278,10464531244992,btc_qm_engine,btc_sha256_nonce,3008646001.0000000000
769279,10464531245425,btc_qm_engine,btc_sha256_nonce,2971386459.0000000000
769280,10464531245495,btc_qm_engine,btc_leading_zeros,0.0000000000
769281,10464531245550,btc_qm_engine,btc_sha256_elapsed_ns,752.0000000000
769282,10464531245906,btc_qm_engine,btc_leading_zeros,1.0000000000
769283,10464531246007,btc_qm_engine,btc_sha256_elapsed_ns,1095.0000000000
769284,10464531246708,btc_qm_engine,btc_sha256_nonce,240963492.0000000000
769285,10464531246778,btc_qm_engine,btc_leading_zeros,0.0000000000
769286,10464531246851,btc_qm_engine,btc_sha256_elapsed_ns,945.0000000000
769287,10464531247388,btc_qm_engine,btc_sha256_nonce,2466192389.0000000000
769288,10464531247488,btc_qm_engine,btc_leading_zeros,3.0000000000
769289,10464531247554,btc_qm_engine,btc_sha256_elapsed_ns,1091.0000000000
769290,10464531248162,btc_qm_engine,btc_sha256_nonce,497138934.0000000000
769291,10464531248245,btc_qm_engine,btc_leading_zeros,3.0000000000
769292,10464531248310,btc_qm_engine,btc_sha256_elapsed_ns,1070.0000000000
769293,10464531248937,btc_qm_engine,btc_sha256_nonce,3857507840.0000000000
769294,10464531249428,btc_qm_engine,btc_sha256_nonce,2951646155.0000000000
769295,10464531250104,btc_qm_engine,btc_sha256_nonce,3334333669.0000000000
769296,10464531250317,btc_qm_engine,btc_leading_zeros,0.0000000000
769297,10464531250450,btc_qm_engine,btc_sha256_elapsed_ns,905.0000000000
769298,10464531250671,btc_qm_engine,btc_leading_zeros,3.0000000000
769299,10464531251089,btc_qm_engine,btc_leading_zeros,0.0000000000
769300,10464531251164,btc_qm_engine,btc_sha256_elapsed_ns,1044.0000000000
769301,10464531251532,btc_qm_engine,btc_sha256_elapsed_ns,1107.0000000000
769302,10464531251713,btc_qm_engine,btc_sha256_nonce,3345540756.0000000000
769303,10464531251794,btc_qm_engine,btc_leading_zeros,1.0000000000
769304,10464531251867,btc_qm_engine,btc_sha256_elapsed_ns,1042.0000000000
769305,10464531252522,btc_qm_engine,btc_sha256_nonce,2590836576.0000000000
769306,10464531252940,btc_qm_engine,btc_sha256_nonce,2718573255.0000000000
769307,10464531253125,btc_qm_engine,btc_sha256_nonce,1054071357.0000000000
769308,10464531253197,btc_qm_engine,btc_leading_zeros,0.0000000000
769309,10464531253250,btc_qm_engine,btc_sha256_elapsed_ns,1017.0000000000
769310,10464531253375,btc_qm_engine,btc_sha256_nonce,1532947972.0000000000
769311,10464531253571,btc_qm_engine,btc_sha256_nonce,2707046835.0000000000
769312,10464531253720,btc_qm_engine,btc_leading_zeros,0.0000000000
769313,10464531253791,btc_qm_engine,btc_sha256_elapsed_ns,1100.0000000000
769314,10464531253991,btc_qm_engine,btc_leading_zeros,0.0000000000
769315,10464531254089,btc_qm_engine,btc_sha256_elapsed_ns,1076.0000000000
769316,10464531254262,btc_qm_engine,btc_sha256_elapsed_ns,1019.0000000000
769317,10464531254426,btc_qm_engine,btc_sha256_nonce,1124981292.0000000000
769318,10464531254539,btc_qm_engine,btc_leading_zeros,3.0000000000
769319,10464531254622,btc_qm_engine,btc_sha256_elapsed_ns,954.0000000000
769320,10464531255108,btc_qm_engine,btc_leading_zeros,0.0000000000
769321,10464531255427,btc_qm_engine,btc_leading_zeros,3.0000000000
769322,10464531255967,btc_qm_engine,btc_sha256_nonce,1559377923.0000000000
769323,10464531256196,btc_qm_engine,btc_sha256_nonce,1420983565.0000000000
769324,10464531256373,btc_qm_engine,btc_sha256_nonce,3650478986.0000000000
769325,10464531256595,btc_qm_engine,btc_leading_zeros,0.0000000000
769326,10464531256770,btc_qm_engine,btc_leading_zeros,1.0000000000
769327,10464531256846,btc_qm_engine,btc_sha256_elapsed_ns,1031.0000000000
769328,10464531256925,btc_qm_engine,btc_sha256_elapsed_ns,949.0000000000
769329,10464531257041,btc_qm_engine,btc_leading_zeros,0.0000000000
769330,10464531257231,btc_qm_engine,btc_sha256_elapsed_ns,1056.0000000000
769331,10464531257502,btc_qm_engine,btc_sha256_elapsed_ns,1082.0000000000
769332,10464531257665,btc_qm_engine,btc_leading_zeros,1.0000000000
769333,10464531257781,btc_qm_engine,btc_sha256_elapsed_ns,1039.0000000000
769334,10464531258108,btc_qm_engine,btc_sha256_nonce,380313730.0000000000
769335,10464531258395,btc_qm_engine,btc_sha256_nonce,1844879997.0000000000
769336,10464531258477,btc_qm_engine,btc_leading_zeros,0.0000000000
769337,10464531258532,btc_qm_engine,btc_sha256_elapsed_ns,959.0000000000
769338,10464531258641,btc_qm_engine,btc_sha256_elapsed_ns,1063.0000000000
769339,10464531258803,btc_qm_engine,btc_sha256_nonce,1941882339.0000000000
769340,10464531259061,btc_qm_engine,btc_sha256_nonce,3177690890.0000000000
769341,10464531259165,btc_qm_engine,btc_leading_zeros,4.0000000000
769342,10464531259351,btc_qm_engine,btc_leading_zeros,4.0000000000
769343,10464531259892,btc_qm_engine,btc_sha256_nonce,2051558679.0000000000
769344,10464531260010,btc_qm_engine,btc_leading_zeros,0.0000000000
769345,10464531260132,btc_qm_engine,btc_sha256_elapsed_ns,1014.0000000000
769346,10464531260305,btc_qm_engine,btc_sha256_nonce,634966482.0000000000
769347,10464531260446,btc_qm_engine,btc_sha256_nonce,1962263308.0000000000
769348,10464531260573,btc_qm_engine,btc_sha256_elapsed_ns,1101.0000000000
769349,10464531260820,btc_qm_engine,btc_leading_zeros,0.0000000000
769350,10464531261020,btc_qm_engine,btc_sha256_nonce,3493794648.0000000000
769351,10464531261235,btc_qm_engine,btc_leading_zeros,0.0000000000
769352,10464531261420,btc_qm_engine,btc_leading_zeros,0.0000000000
769353,10464531261672,btc_qm_engine,btc_sha256_elapsed_ns,1059.0000000000
769354,10464531262045,btc_qm_engine,btc_sha256_nonce,4169162849.0000000000
769355,10464531262114,btc_qm_engine,btc_leading_zeros,2.0000000000
769356,10464531262168,btc_qm_engine,btc_sha256_elapsed_ns,997.0000000000
769357,10464531262403,btc_qm_engine,btc_sha256_elapsed_ns,1135.0000000000
769358,10464531262485,btc_qm_engine,btc_sha256_elapsed_ns,928.0000000000
769359,10464531262882,btc_qm_engine,btc_sha256_nonce,3982096773.0000000000
769360,10464531263568,btc_qm_engine,btc_leading_zeros,0.0000000000
769361,10464531263644,btc_qm_engine,btc_sha256_elapsed_ns,1041.0000000000
769362,10464531263932,btc_qm_engine,btc_sha256_nonce,786173456.0000000000
769363,10464531264392,btc_qm_engine,btc_sha256_nonce,941374856.0000000000
769364,10464531264738,btc_qm_engine,btc_leading_zeros,0.0000000000
769365,10464531264906,btc_qm_engine,btc_leading_zeros,1.0000000000
769366,10464531265236,btc_qm_engine,btc_sha256_nonce,576781277.0000000000
769367,10464531265634,btc_qm_engine,btc_sha256_elapsed_ns,1121.0000000000
769368,10464531265795,btc_qm_engine,btc_sha256_nonce,44484000.0000000000
769369,10464531265967,btc_qm_engine,btc_leading_zeros,1.0000000000
769370,10464531266173,btc_qm_engine,btc_leading_zeros,2.0000000000
769371,10464531266242,btc_qm_engine,btc_sha256_elapsed_ns,1059.0000000000
769372,10464531266367,btc_qm_engine,btc_sha256_elapsed_ns,737.0000000000
769373,10464531266789,btc_qm_engine,btc_sha256_nonce,3492853272.0000000000
769374,10464531266873,btc_qm_engine,btc_leading_zeros,1.0000000000
769375,10464531267252,btc_qm_engine,btc_sha256_elapsed_ns,1051.0000000000
769376,10464531267377,btc_qm_engine,btc_sha256_nonce,3919156220.0000000000
769377,10464531267532,btc_qm_engine,btc_sha256_elapsed_ns,1023.0000000000
769378,10464531268126,btc_qm_engine,btc_sha256_nonce,674766128.0000000000
769379,10464531268477,btc_qm_engine,btc_leading_zeros,0.0000000000
769380,10464531268563,btc_qm_engine,btc_sha256_elapsed_ns,981.0000000000
769381,10464531268938,btc_qm_engine,btc_sha256_nonce,4230370991.0000000000
769382,10464531269014,btc_qm_engine,btc_leading_zeros,1.0000000000
769383,10464531269085,btc_qm_engine,btc_sha256_elapsed_ns,1099.0000000000
769384,10464531269415,btc_qm_engine,btc_sha256_nonce,109289686.0000000000
769385,10464531269700,btc_qm_engine,btc_sha256_elapsed_ns,1117.0000000000
769386,10464531269923,btc_qm_engine,btc_leading_zeros,2.0000000000
769387,10464531270177,btc_qm_engine,btc_leading_zeros,0.0000000000
769388,10464531270353,btc_qm_engine,btc_sha256_nonce,2471908833.0000000000
769389,10464531270428,btc_qm_engine,btc_leading_zeros,0.0000000000
769390,10464531270640,btc_qm_engine,btc_sha256_elapsed_ns,1047.0000000000
769391,10464531270818,btc_qm_engine,btc_leading_zeros,0.0000000000
769392,10464531271495,btc_qm_engine,btc_sha256_nonce,1708945425.0000000000
769393,10464531271564,btc_qm_engine,btc_leading_zeros,1.0000000000
769394,10464531271634,btc_qm_engine,btc_sha256_elapsed_ns,1109.0000000000
769395,10464531271810,btc_qm_engine,btc_sha256_nonce,2421720740.0000000000
769396,10464531271875,btc_qm_engine,btc_leading_zeros,1.0000000000
769397,10464531271929,btc_qm_engine,btc_sha256_elapsed_ns,898.0000000000
769398,10464531272382,btc_qm_engine,btc_sha256_nonce,3203427115.0000000000
769399,10464531272855,btc_qm_engine,btc_sha256_nonce,3147049684.0000000000
769400,10464531273154,btc_qm_engine,btc_sha256_nonce,240400168.0000000000
769401,10464531273343,btc_qm_engine,btc_leading_zeros,0.0000000000
769402,10464531273469,btc_qm_engine,btc_sha256_elapsed_ns,1131.0000000000
769403,10464531273675,btc_qm_engine,btc_leading_zeros,1.0000000000
769404,10464531273838,btc_qm_engine,btc_sha256_elapsed_ns,1005.0000000000
769405,10464531274353,btc_qm_engine,btc_sha256_elapsed_ns,726.0000000000
769406,10464531274537,btc_qm_engine,btc_leading_zeros,0.0000000000
769407,10464531274819,btc_qm_engine,btc_sha256_elapsed_ns,1107.0000000000
769408,10464531275013,btc_qm_engine,btc_sha256_elapsed_ns,862.0000000000
769409,10464531275210,btc_qm_engine,btc_sha256_nonce,3758070216.0000000000
769410,10464531275739,btc_qm_engine,btc_sha256_nonce,3232596328.0000000000
769411,10464531275878,btc_qm_engine,btc_leading_zeros,1.0000000000
769412,10464531276155,btc_qm_engine,btc_sha256_nonce,1660130734.0000000000
769413,10464531276300,btc_qm_engine,btc_sha256_elapsed_ns,1067.0000000000
769414,10464531276386,btc_qm_engine,btc_sha256_nonce,2484222152.0000000000
769415,10464531276518,btc_qm_engine,btc_sha256_nonce,3539967084.0000000000
769416,10464531276756,btc_qm_engine,btc_sha256_nonce,1043652159.0000000000
769417,10464531277448,btc_qm_engine,btc_leading_zeros,0.0000000000
769418,10464531277561,btc_qm_engine,btc_leading_zeros,0.0000000000
769419,10464531277737,btc_qm_engine,btc_sha256_nonce,2072877074.0000000000
769420,10464531278422,btc_qm_engine,btc_sha256_elapsed_ns,1017.0000000000
769421,10464531278705,btc_qm_engine,btc_leading_zeros,0.0000000000
769422,10464531278793,btc_qm_engine,btc_sha256_elapsed_ns,1085.0000000000
769423,10464531278939,btc_qm_engine,btc_sha256_elapsed_ns,1051.0000000000
769424,10464531279297,btc_qm_engine,btc_leading_zeros,0.0000000000
769425,10464531279803,btc_qm_engine,btc_sha256_nonce,3861183234.0000000000
769426,10464531280022,btc_qm_engine,btc_leading_zeros,1.0000000000
769427,10464531280284,btc_qm_engine,btc_sha256_nonce,2184829613.0000000000
769428,10464531280556,btc_qm_engine,btc_leading_zeros,0.0000000000
769429,10464531280750,btc_qm_engine,btc_sha256_nonce,430186148.0000000000
769430,10464531280968,btc_qm_engine,btc_sha256_elapsed_ns,729.0000000000
769431,10464531281609,btc_qm_engine,btc_leading_zeros,1.0000000000
769432,10464531281721,btc_qm_engine,btc_leading_zeros,3.0000000000
769433,10464531281944,btc_qm_engine,btc_sha256_elapsed_ns,738.0000000000
769434,10464531282147,btc_qm_engine,btc_sha256_elapsed_ns,1103.0000000000
769435,10464531282604,btc_qm_engine,btc_sha256_nonce,535221555.0000000000
769436,10464531283087,btc_qm_engine,btc_sha256_elapsed_ns,1089.0000000000
769437,10464531283205,btc_qm_engine,btc_leading_zeros,0.0000000000
769438,10464531283277,btc_qm_engine,btc_sha256_elapsed_ns,971.0000000000
769439,10464531283555,btc_qm_engine,btc_sha256_nonce,1154372902.0000000000
769440,10464531284007,btc_qm_engine,btc_leading_zeros,2.0000000000
769441,10464531284118,btc_qm_engine,btc_sha256_elapsed_ns,1011.0000000000
769442,10464531284562,btc_qm_engine,btc_sha256_nonce,1564013169.0000000000
769443,10464531284715,btc_qm_engine,btc_sha256_nonce,3302710436.0000000000
769444,10464531284791,btc_qm_engine,btc_leading_zeros,1.0000000000
769445,10464531284891,btc_qm_engine,btc_sha256_elapsed_ns,1099.0000000000
769446,10464531285184,btc_qm_engine,btc_sha256_nonce,1479982654.0000000000
769447,10464531285430,btc_qm_engine,btc_sha256_nonce,3092539676.0000000000
769448,10464531285661,btc_qm_engine,btc_sha256_nonce,241174969.0000000000
769449,10464531285817,btc_qm_engine,btc_leading_zeros,3.0000000000
769450,10464531285915,btc_qm_engine,btc_sha256_elapsed_ns,1003.0000000000
769451,10464531286184,btc_qm_engine,btc_sha256_elapsed_ns,1011.0000000000
769452,10464531286567,btc_qm_engine,btc_leading_zeros,2.0000000000
769453,10464531287193,btc_qm_engine,btc_leading_zeros,0.0000000000
769454,10464531287392,btc_qm_engine,btc_sha256_elapsed_ns,1112.0000000000
769455,10464531287511,btc_qm_engine,btc_sha256_nonce,1661104859.0000000000
769456,10464531287854,btc_qm_engine,btc_sha256_nonce,2052118274.0000000000
769457,10464531287936,btc_qm_engine,btc_leading_zeros,3.0000000000
769458,10464531288012,btc_qm_engine,btc_sha256_elapsed_ns,930.0000000000
769459,10464531288177,btc_qm_engine,btc_leading_zeros,1.0000000000
769460,10464531288537,btc_qm_engine,btc_sha256_elapsed_ns,931.0000000000
769461,10464531288771,btc_qm_engine,btc_sha256_nonce,3802478971.0000000000
769462,10464531288875,btc_qm_engine,btc_leading_zeros,4.0000000000
769463,10464531289315,btc_qm_engine,btc_sha256_nonce,2051434465.0000000000
769464,10464531289378,btc_qm_engine,btc_leading_zeros,0.0000000000
769465,10464531289505,btc_qm_engine,btc_sha256_elapsed_ns,1094.0000000000
769466,10464531289931,btc_qm_engine,btc_sha256_elapsed_ns,1016.0000000000
769467,10464531290160,btc_qm_engine,btc_leading_zeros,0.0000000000
769468,10464531290476,btc_qm_engine,btc_sha256_elapsed_ns,1071.0000000000
769469,10464531290638,btc_qm_engine,btc_sha256_elapsed_ns,1095.0000000000
769470,10464531290790,btc_qm_engine,btc_sha256_nonce,2471508242.0000000000
769471,10464531290893,btc_qm_engine,btc_leading_zeros,1.0000000000
769472,10464531290963,btc_qm_engine,btc_sha256_elapsed_ns,1025.0000000000
769473,10464531291178,btc_qm_engine,btc_sha256_nonce,1049927806.0000000000
769474,10464531291441,btc_qm_engine,btc_sha256_nonce,130539242.0000000000
769475,10464531291511,btc_qm_engine,btc_leading_zeros,0.0000000000
769476,10464531291583,btc_qm_engine,btc_sha256_elapsed_ns,961.0000000000
769477,10464531291660,btc_qm_engine,btc_leading_zeros,3.0000000000
769478,10464531291989,btc_qm_engine,btc_sha256_elapsed_ns,938.0000000000
769479,10464531292345,btc_qm_engine,btc_sha256_nonce,1560518719.0000000000
769480,10464531292558,btc_qm_engine,btc_sha256_nonce,3391279323.0000000000
769481,10464531292762,btc_qm_engine,btc_sha256_nonce,2522097472.0000000000
769482,10464531292914,btc_qm_engine,btc_leading_zeros,0.0000000000
769483,10464531293631,btc_qm_engine,btc_sha256_nonce,1588957123.0000000000
769484,10464531293802,btc_qm_engine,btc_sha256_nonce,4070792595.0000000000
769485,10464531293901,btc_qm_engine,btc_leading_zeros,0.0000000000
769486,10464531294076,btc_qm_engine,btc_sha256_nonce,1243248451.0000000000
769487,10464531294297,btc_qm_engine,btc_leading_zeros,0.0000000000
769488,10464531294371,btc_qm_engine,btc_sha256_elapsed_ns,1041.0000000000
769489,10464531294490,btc_qm_engine,btc_sha256_elapsed_ns,881.0000000000
769490,10464531294645,btc_qm_engine,btc_leading_zeros,0.0000000000
769491,10464531294958,btc_qm_engine,btc_sha256_elapsed_ns,1110.0000000000
769492,10464531295383,btc_qm_engine,btc_leading_zeros,3.0000000000
769493,10464531295783,btc_qm_engine,btc_sha256_nonce,1363411927.0000000000
769494,10464531296168,btc_qm_engine,btc_sha256_elapsed_ns,946.0000000000
769495,10464531296328,btc_qm_engine,btc_sha256_elapsed_ns,1063.0000000000
769496,10464531296776,btc_qm_engine,btc_sha256_nonce,3648108179.0000000000
769497,10464531297195,btc_qm_engine,btc_leading_zeros,0.0000000000
769498,10464531297306,btc_qm_engine,btc_sha256_nonce,2986759728.0000000000
769499,10464531297396,btc_qm_engine,btc_leading_zeros,0.0000000000
769500,10464531297467,btc_qm_engine,btc_sha256_elapsed_ns,924.0000000000
769501,10464531297604,btc_qm_engine,btc_sha256_elapsed_ns,1039.0000000000
769502,10464531297971,btc_qm_engine,btc_leading_zeros,0.0000000000
769503,10464531298376,btc_qm_engine,btc_leading_zeros,0.0000000000
769504,10464531298517,btc_qm_engine,btc_sha256_elapsed_ns,1071.0000000000
769505,10464531298806,btc_qm_engine,btc_sha256_elapsed_ns,1098.0000000000
769506,10464531299095,btc_qm_engine,btc_sha256_nonce,2105008689.0000000000
769507,10464531299171,btc_qm_engine,btc_leading_zeros,1.0000000000
769508,10464531299310,btc_qm_engine,btc_sha256_nonce,3647792150.0000000000
769509,10464531299444,btc_qm_engine,btc_sha256_nonce,2542843581.0000000000
769510,10464531299573,btc_qm_engine,btc_leading_zeros,0.0000000000
769511,10464531299710,btc_qm_engine,btc_sha256_elapsed_ns,1007.0000000000
769512,10464531299846,btc_qm_engine,btc_leading_zeros,0.0000000000
769513,10464531300001,btc_qm_engine,btc_sha256_nonce,342480878.0000000000
769514,10464531300333,btc_qm_engine,btc_sha256_elapsed_ns,1105.0000000000
769515,10464531300518,btc_qm_engine,btc_leading_zeros,0.0000000000
769516,10464531301044,btc_qm_engine,btc_sha256_nonce,985522102.0000000000
769517,10464531301283,btc_qm_engine,btc_sha256_nonce,2989270516.0000000000
769518,10464531301605,btc_qm_engine,btc_sha256_elapsed_ns,760.0000000000
769519,10464531301799,btc_qm_engine,btc_sha256_elapsed_ns,1092.0000000000
769520,10464531301942,btc_qm_engine,btc_sha256_nonce,1490457459.0000000000
769521,10464531302445,btc_qm_engine,btc_leading_zeros,4.0000000000
769522,10464531302569,btc_qm_engine,btc_leading_zeros,2.0000000000
769523,10464531302644,btc_qm_engine,btc_sha256_elapsed_ns,984.0000000000
769524,10464531302837,btc_qm_engine,btc_sha256_elapsed_ns,858.0000000000
769525,10464531303202,btc_qm_engine,btc_sha256_nonce,2374662654.0000000000
769526,10464531303292,btc_qm_engine,btc_leading_zeros,3.0000000000
769527,10464531303355,btc_qm_engine,btc_sha256_elapsed_ns,1122.0000000000
769528,10464531303776,btc_qm_engine,btc_sha256_nonce,280266960.0000000000
769529,10464531303847,btc_qm_engine,btc_leading_zeros,0.0000000000
769530,10464531303901,btc_qm_engine,btc_sha256_elapsed_ns,886.0000000000
769531,10464531304304,btc_qm_engine,btc_sha256_nonce,1986099105.0000000000
769532,10464531304682,btc_qm_engine,btc_sha256_nonce,1700121724.0000000000
769533,10464531304792,btc_qm_engine,btc_leading_zeros,0.0000000000
769534,10464531304864,btc_qm_engine,btc_sha256_elapsed_ns,1124.0000000000
769535,10464531305080,btc_qm_engine,btc_leading_zeros,0.0000000000
769536,10464531305729,btc_qm_engine,btc_sha256_nonce,3642284586.0000000000
769537,10464531305918,btc_qm_engine,btc_sha256_nonce,729047852.0000000000
769538,10464531306058,btc_qm_engine,btc_leading_zeros,0.0000000000
769539,10464531306400,btc_qm_engine,btc_leading_zeros,0.0000000000
769540,10464531306515,btc_qm_engine,btc_sha256_elapsed_ns,980.0000000000
769541,10464531306694,btc_qm_engine,btc_sha256_nonce,4024602228.0000000000
769542,10464531306819,btc_qm_engine,btc_sha256_elapsed_ns,972.0000000000
769543,10464531307034,btc_qm_engine,btc_leading_zeros,2.0000000000
769544,10464531307148,btc_qm_engine,btc_leading_zeros,0.0000000000
769545,10464531307228,btc_qm_engine,btc_sha256_elapsed_ns,870.0000000000
769546,10464531307418,btc_qm_engine,btc_sha256_elapsed_ns,1145.0000000000
769547,10464531307840,btc_qm_engine,btc_sha256_elapsed_ns,1036.0000000000
769548,10464531308224,btc_qm_engine,btc_sha256_nonce,1941449044.0000000000
769549,10464531308464,btc_qm_engine,btc_sha256_nonce,2787433932.0000000000
769550,10464531308688,btc_qm_engine,btc_sha256_nonce,1250143723.0000000000
769551,10464531308775,btc_qm_engine,btc_leading_zeros,0.0000000000
769552,10464531308904,btc_qm_engine,btc_sha256_elapsed_ns,979.0000000000
769553,10464531309013,btc_qm_engine,btc_sha256_elapsed_ns,1158.0000000000
769554,10464531309116,btc_qm_engine,btc_sha256_nonce,4072918212.0000000000
769555,10464531309326,btc_qm_engine,btc_sha256_nonce,1034017565.0000000000
769556,10464531309960,btc_qm_engine,btc_leading_zeros,2.0000000000
769557,10464531310225,btc_qm_engine,btc_sha256_nonce,503180560.0000000000
769558,10464531310555,btc_qm_engine,btc_sha256_elapsed_ns,837.0000000000
769559,10464531310695,btc_qm_engine,btc_leading_zeros,0.0000000000
769560,10464531310903,btc_qm_engine,btc_leading_zeros,0.0000000000
769561,10464531311159,btc_qm_engine,btc_leading_zeros,0.0000000000
769562,10464531311303,btc_qm_engine,btc_sha256_elapsed_ns,921.0000000000
769563,10464531311507,btc_qm_engine,btc_sha256_elapsed_ns,883.0000000000
769564,10464531311723,btc_qm_engine,btc_sha256_elapsed_ns,972.0000000000
769565,10464531312177,btc_qm_engine,btc_sha256_nonce,3704431337.0000000000
769566,10464531312255,btc_qm_engine,btc_leading_zeros,1.0000000000
769567,10464531312327,btc_qm_engine,btc_sha256_elapsed_ns,1000.0000000000
769568,10464531312820,btc_qm_engine,btc_sha256_nonce,1100448872.0000000000
769569,10464531313311,btc_qm_engine,btc_sha256_nonce,1525722583.0000000000
769570,10464531313389,btc_qm_engine,btc_leading_zeros,1.0000000000
769571,10464531313510,btc_qm_engine,btc_sha256_elapsed_ns,1070.0000000000
769572,10464531314173,btc_qm_engine,btc_sha256_nonce,346647465.0000000000
769573,10464531314269,btc_qm_engine,btc_sha256_nonce,796219092.0000000000
769574,10464531314972,btc_qm_engine,btc_leading_zeros,0.0000000000
769575,10464531315088,btc_qm_engine,btc_sha256_elapsed_ns,958.0000000000
769576,10464531315466,btc_qm_engine,btc_leading_zeros,4.0000000000
769577,10464531315670,btc_qm_engine,btc_leading_zeros,0.0000000000
769578,10464531316134,btc_qm_engine,btc_leading_zeros,2.0000000000
769579,10464531316325,btc_qm_engine,btc_sha256_elapsed_ns,1084.0000000000
769580,10464531316680,btc_qm_engine,btc_sha256_elapsed_ns,1098.0000000000
769581,10464531316838,btc_qm_engine,btc_sha256_elapsed_ns,1093.0000000000
769582,10464531317260,btc_qm_engine,btc_sha256_nonce,363289432.0000000000
769583,10464531317516,btc_qm_engine,btc_leading_zeros,0.0000000000
769584,10464531317573,btc_qm_engine,btc_sha256_elapsed_ns,1124.0000000000
769585,10464531317726,btc_qm_engine,btc_sha256_nonce,1714001922.0000000000
769586,10464531317807,btc_qm_engine,btc_leading_zeros,0.0000000000
769587,10464531317876,btc_qm_engine,btc_sha256_elapsed_ns,1085.0000000000
769588,10464531318064,btc_qm_engine,btc_sha256_nonce,3186201598.0000000000
769589,10464531318200,btc_qm_engine,btc_sha256_nonce,185162283.0000000000
769590,10464531318271,btc_qm_engine,btc_leading_zeros,0.0000000000
769591,10464531318345,btc_qm_engine,btc_sha256_elapsed_ns,1026.0000000000
769592,10464531318605,btc_qm_engine,btc_sha256_nonce,426923342.0000000000
769593,10464531318676,btc_qm_engine,btc_leading_zeros,2.0000000000
769594,10464531318745,btc_qm_engine,btc_sha256_elapsed_ns,1075.0000000000
769595,10464531318929,btc_qm_engine,btc_sha256_nonce,3698795497.0000000000
769596,10464531319265,btc_qm_engine,btc_sha256_nonce,3997808367.0000000000
769597,10464531319428,btc_qm_engine,btc_leading_zeros,0.0000000000
769598,10464531319505,btc_qm_engine,btc_sha256_elapsed_ns,1036.0000000000
769599,10464531319736,btc_qm_engine,btc_sha256_nonce,1831397413.0000000000
769600,10464531319897,btc_qm_engine,btc_sha256_nonce,3647327100.0000000000
769601,10464531320289,btc_qm_engine,btc_leading_zeros,1.0000000000
769602,10464531320467,btc_qm_engine,btc_sha256_nonce,1762874144.0000000000
769603,10464531320829,btc_qm_engine,btc_sha256_nonce,693854273.0000000000
769604,10464531320911,btc_qm_engine,btc_leading_zeros,1.0000000000
769605,10464531321639,btc_qm_engine,btc_leading_zeros,0.0000000000
769606,10464531321800,btc_qm_engine,btc_sha256_nonce,1960973845.0000000000
769607,10464531322002,btc_qm_engine,btc_sha256_elapsed_ns,970.0000000000
769608,10464531322240,btc_qm_engine,btc_sha256_elapsed_ns,1081.0000000000
769609,10464531322577,btc_qm_engine,btc_leading_zeros,1.0000000000
769610,10464531322941,btc_qm_engine,btc_leading_zeros,0.0000000000
769611,10464531323096,btc_qm_engine,btc_sha256_elapsed_ns,758.0000000000
769612,10464531323299,btc_qm_engine,btc_leading_zeros,2.0000000000
769613,10464531323526,btc_qm_engine,btc_sha256_elapsed_ns,1080.0000000000
769614,10464531323710,btc_qm_engine,btc_sha256_nonce,3861445373.0000000000
769615,10464531323781,btc_qm_engine,btc_leading_zeros,1.0000000000
769616,10464531323859,btc_qm_engine,btc_sha256_elapsed_ns,932.0000000000
769617,10464531324033,btc_qm_engine,btc_sha256_nonce,1269421676.0000000000
769618,10464531324113,btc_qm_engine,btc_leading_zeros,2.0000000000
769619,10464531324192,btc_qm_engine,btc_sha256_elapsed_ns,1096.0000000000
769620,10464531324349,btc_qm_engine,btc_sha256_elapsed_ns,906.0000000000
769621,10464531324635,btc_qm_engine,btc_sha256_nonce,240411151.0000000000
769622,10464531324730,btc_qm_engine,btc_leading_zeros,4.0000000000
769623,10464531324793,btc_qm_engine,btc_sha256_elapsed_ns,1037.0000000000
769624,10464531324906,btc_qm_engine,btc_leading_zeros,1.0000000000
769625,10464531325288,btc_qm_engine,btc_sha256_nonce,2843440343.0000000000
769626,10464531325508,btc_qm_engine,btc_sha256_nonce,1171244673.0000000000
769627,10464531325807,btc_qm_engine,btc_sha256_elapsed_ns,1114.0000000000
769628,10464531326015,btc_qm_engine,btc_leading_zeros,0.0000000000
769629,10464531326251,btc_qm_engine,btc_sha256_nonce,1091878294.0000000000
769630,10464531326405,btc_qm_engine,btc_sha256_elapsed_ns,1078.0000000000
769631,10464531326617,btc_qm_engine,btc_sha256_nonce,1489037181.0000000000
769632,10464531326855,btc_qm_engine,btc_sha256_nonce,43721725.0000000000
769633,10464531327090,btc_qm_engine,btc_sha256_elapsed_ns,1120.0000000000
769634,10464531327180,btc_qm_engine,btc_leading_zeros,1.0000000000
769635,10464531327585,btc_qm_engine,btc_leading_zeros,0.0000000000
769636,10464531327738,btc_qm_engine,btc_sha256_elapsed_ns,1100.0000000000
769637,10464531327901,btc_qm_engine,btc_leading_zeros,0.0000000000
769638,10464531328170,btc_qm_engine,btc_sha256_nonce,821906641.0000000000
769639,10464531328250,btc_qm_engine,btc_leading_zeros,4.0000000000
769640,10464531328320,btc_qm_engine,btc_sha256_elapsed_ns,818.0000000000
769641,10464531328587,btc_qm_engine,btc_sha256_nonce,908460007.0000000000
769642,10464531328692,btc_qm_engine,btc_sha256_elapsed_ns,1029.0000000000
769643,10464531328874,btc_qm_engine,btc_sha256_nonce,1091817940.0000000000
769644,10464531329016,btc_qm_engine,btc_leading_zeros,0.0000000000
769645,10464531329088,btc_qm_engine,btc_sha256_elapsed_ns,896.0000000000
769646,10464531329307,btc_qm_engine,btc_leading_zeros,0.0000000000
769647,10464531329759,btc_qm_engine,btc_sha256_nonce,3017583436.0000000000
769648,10464531330169,btc_qm_engine,btc_leading_zeros,4.0000000000
769649,10464531330257,btc_qm_engine,btc_sha256_elapsed_ns,730.0000000000
769650,10464531330324,btc_qm_engine,btc_sha256_nonce,1941694230.0000000000
769651,10464531330548,btc_qm_engine,btc_sha256_nonce,2669817475.0000000000
769652,10464531330734,btc_qm_engine,btc_sha256_elapsed_ns,1063.0000000000
769653,10464531331360,btc_qm_engine,btc_sha256_nonce,4073119512.0000000000
769654,10464531331456,btc_qm_engine,btc_leading_zeros,3.0000000000
769655,10464531331527,btc_qm_engine,btc_sha256_elapsed_ns,919.0000000000
769656,10464531332632,btc_qm_engine,btc_leading_zeros,0.0000000000
769657,10464531332971,btc_qm_engine,btc_sha256_nonce,1881666046.0000000000
769658,10464531333330,btc_qm_engine,btc_sha256_nonce,3268676111.0000000000
769659,10464531333924,btc_qm_engine,btc_sha256_elapsed_ns,1087.0000000000
769660,10464531334259,btc_qm_engine,btc_leading_zeros,1.0000000000
769661,10464531334426,btc_qm_engine,btc_leading_zeros,0.0000000000
769662,10464531334749,btc_qm_engine,btc_sha256_elapsed_ns,1064.0000000000
769663,10464531335030,btc_qm_engine,btc_sha256_nonce,2262372079.0000000000
769664,10464531335423,btc_qm_engine,btc_sha256_nonce,4287109834.0000000000
769665,10464531335487,btc_qm_engine,btc_leading_zeros,1.0000000000
769666,10464531335857,btc_qm_engine,btc_leading_zeros,3.0000000000
769667,10464531336048,btc_qm_engine,btc_leading_zeros,1.0000000000
769668,10464531336506,btc_qm_engine,btc_sha256_elapsed_ns,1023.0000000000
769669,10464531336780,btc_qm_engine,btc_sha256_elapsed_ns,1103.0000000000
769670,10464531337030,btc_qm_engine,btc_sha256_elapsed_ns,1110.0000000000
769671,10464531337607,btc_qm_engine,btc_sha256_elapsed_ns,1099.0000000000
769672,10464531338010,btc_qm_engine,btc_leading_zeros,1.0000000000
769673,10464531338320,btc_qm_engine,btc_sha256_nonce,1334225487.0000000000
769674,10464531338497,btc_qm_engine,btc_sha256_elapsed_ns,1094.0000000000
769675,10464531338752,btc_qm_engine,btc_sha256_nonce,382843614.0000000000
769676,10464531339019,btc_qm_engine,btc_sha256_nonce,240381379.0000000000
769677,10464531339191,btc_qm_engine,btc_leading_zeros,1.0000000000
769678,10464531339268,btc_qm_engine,btc_sha256_elapsed_ns,988.0000000000
769679,10464531339639,btc_qm_engine,btc_leading_zeros,1.0000000000
769680,10464531340279,btc_qm_engine,btc_sha256_nonce,3154720380.0000000000
769681,10464531340448,btc_qm_engine,btc_sha256_nonce,644042830.0000000000
769682,10464531340587,btc_qm_engine,btc_leading_zeros,0.0000000000
769683,10464531340818,btc_qm_engine,btc_leading_zeros,4.0000000000
769684,10464531341460,btc_qm_engine,btc_sha256_nonce,3861626562.0000000000
769685,10464531341712,btc_qm_engine,btc_sha256_elapsed_ns,1095.0000000000
769686,10464531341850,btc_qm_engine,btc_leading_zeros,2.0000000000
769687,10464531341937,btc_qm_engine,btc_sha256_elapsed_ns,1104.0000000000
769688,10464531342094,btc_qm_engine,btc_leading_zeros,2.0000000000
769689,10464531342197,btc_qm_engine,btc_sha256_elapsed_ns,1019.0000000000
769690,10464531342483,btc_qm_engine,btc_sha256_elapsed_ns,876.0000000000
769691,10464531342861,btc_qm_engine,btc_sha256_elapsed_ns,931.0000000000
769692,10464531343314,btc_qm_engine,btc_sha256_nonce,1962843800.0000000000
769693,10464531343389,btc_qm_engine,btc_leading_zeros,0.0000000000
769694,10464531343458,btc_qm_engine,btc_sha256_elapsed_ns,1030.0000000000
769695,10464531343579,btc_qm_engine,btc_sha256_nonce,1942629597.0000000000
769696,10464531343658,btc_qm_engine,btc_leading_zeros,1.0000000000
769697,10464531343735,btc_qm_engine,btc_sha256_elapsed_ns,1076.0000000000
769698,10464531343918,btc_qm_engine,btc_sha256_nonce,3167509358.0000000000
769699,10464531344140,btc_qm_engine,btc_sha256_nonce,2628158052.0000000000
769700,10464531344274,btc_qm_engine,btc_sha256_nonce,2985580902.0000000000
769701,10464531344493,btc_qm_engine,btc_leading_zeros,0.0000000000
769702,10464531344676,btc_qm_engine,btc_sha256_nonce,3444727662.0000000000
769703,10464531344763,btc_qm_engine,btc_leading_zeros,0.0000000000
769704,10464531344821,btc_qm_engine,btc_sha256_elapsed_ns,955.0000000000
769705,10464531344968,btc_qm_engine,btc_sha256_nonce,1184052379.0000000000
769706,10464531345103,btc_qm_engine,btc_leading_zeros,0.0000000000
769707,10464531345269,btc_qm_engine,btc_sha256_elapsed_ns,1015.0000000000
769708,10464531345432,btc_qm_engine,btc_leading_zeros,3.0000000000
769709,10464531345874,btc_qm_engine,btc_sha256_elapsed_ns,1049.0000000000
769710,10464531346016,btc_qm_engine,btc_sha256_nonce,2613498256.0000000000
769711,10464531346093,btc_qm_engine,btc_leading_zeros,3.0000000000
769712,10464531346141,btc_qm_engine,btc_sha256_elapsed_ns,949.0000000000
769713,10464531346473,btc_qm_engine,btc_sha256_elapsed_ns,1098.0000000000
769714,10464531346595,btc_qm_engine,btc_leading_zeros,1.0000000000
769715,10464531346706,btc_qm_engine,btc_sha256_elapsed_ns,945.0000000000
769716,10464531347008,btc_qm_engine,btc_sha256_elapsed_ns,1090.0000000000
769717,10464531347297,btc_qm_engine,btc_sha256_nonce,3157620355.0000000000
769718,10464531347416,btc_qm_engine,btc_sha256_nonce,3647630272.0000000000
769719,10464531347763,btc_qm_engine,btc_leading_zeros,0.0000000000
769720,10464531347841,btc_qm_engine,btc_sha256_elapsed_ns,708.0000000000
769721,10464531347930,btc_qm_engine,btc_leading_zeros,1.0000000000
769722,10464531348082,btc_qm_engine,btc_sha256_nonce,1942027888.0000000000
769723,10464531348291,btc_qm_engine,btc_sha256_nonce,3747165160.0000000000
769724,10464531348459,btc_qm_engine,btc_leading_zeros,0.0000000000
769725,10464531348663,btc_qm_engine,btc_leading_zeros,3.0000000000
769726,10464531348817,btc_qm_engine,btc_sha256_elapsed_ns,1144.0000000000
769727,10464531348989,btc_qm_engine,btc_sha256_nonce,2230538266.0000000000
769728,10464531349170,btc_qm_engine,btc_sha256_nonce,97022032.0000000000
769729,10464531349250,btc_qm_engine,btc_leading_zeros,0.0000000000
769730,10464531349352,btc_qm_engine,btc_sha256_elapsed_ns,1080.0000000000
769731,10464531349516,btc_qm_engine,btc_sha256_elapsed_ns,1009.0000000000
769732,10464531349692,btc_qm_engine,btc_sha256_nonce,2787004485.0000000000
769733,10464531349779,btc_qm_engine,btc_leading_zeros,1.0000000000
769734,10464531349855,btc_qm_engine,btc_sha256_elapsed_ns,1079.0000000000
769735,10464531350006,btc_qm_engine,btc_sha256_nonce,920890454.0000000000
769736,10464531350244,btc_qm_engine,btc_leading_zeros,0.0000000000
769737,10464531350306,btc_qm_engine,btc_sha256_elapsed_ns,866.0000000000
769738,10464531350668,btc_qm_engine,btc_sha256_nonce,1560916825.0000000000
769739,10464531350742,btc_qm_engine,btc_leading_zeros,1.0000000000
769740,10464531350808,btc_qm_engine,btc_sha256_elapsed_ns,1061.0000000000
769741,10464531351125,btc_qm_engine,btc_sha256_nonce,3860663283.0000000000
769742,10464531351199,btc_qm_engine,btc_leading_zeros,0.0000000000
769743,10464531351912,btc_qm_engine,btc_sha256_nonce,2786255926.0000000000
769744,10464531352007,btc_qm_engine,btc_sha256_nonce,3736124691.0000000000
769745,10464531352255,btc_qm_engine,btc_leading_zeros,0.0000000000
769746,10464531352512,btc_qm_engine,btc_sha256_nonce,240802993.0000000000
769747,10464531352871,btc_qm_engine,btc_leading_zeros,0.0000000000
769748,10464531352979,btc_qm_engine,btc_sha256_elapsed_ns,1094.0000000000
769749,10464531353699,btc_qm_engine,btc_leading_zeros,2.0000000000
769750,10464531353789,btc_qm_engine,btc_leading_zeros,1.0000000000
769751,10464531354244,btc_qm_engine,btc_sha256_elapsed_ns,1102.0000000000
769752,10464531354391,btc_qm_engine,btc_sha256_elapsed_ns,1133.0000000000
769753,10464531354519,btc_qm_engine,btc_sha256_elapsed_ns,1085.0000000000
769754,10464531354786,btc_qm_engine,btc_sha256_elapsed_ns,937.0000000000
769755,10464531355070,btc_qm_engine,btc_sha256_elapsed_ns,995.0000000000
769756,10464531355486,btc_qm_engine,btc_sha256_nonce,2787287747.0000000000
769757,10464531355691,btc_qm_engine,btc_sha256_nonce,2180012416.0000000000
769758,10464531355802,btc_qm_engine,btc_sha256_nonce,3312855751.0000000000
769759,10464531355878,btc_qm_engine,btc_leading_zeros,1.0000000000
769760,10464531356054,btc_qm_engine,btc_leading_zeros,0.0000000000
769761,10464531356247,btc_qm_engine,btc_leading_zeros,0.0000000000
769762,10464531356520,btc_qm_engine,btc_sha256_elapsed_ns,976.0000000000
769763,10464531356609,btc_qm_engine,btc_sha256_nonce,2324434266.0000000000
769764,10464531356790,btc_qm_engine,btc_sha256_nonce,1797459607.0000000000
769765,10464531357413,btc_qm_engine,btc_sha256_nonce,2424461080.0000000000
769766,10464531357721,btc_qm_engine,btc_sha256_nonce,3211854050.0000000000
769767,10464531358245,btc_qm_engine,btc_sha256_nonce,1177696883.0000000000
769768,10464531358364,btc_qm_engine,btc_leading_zeros,0.0000000000
769769,10464531358574,btc_qm_engine,btc_leading_zeros,1.0000000000
769770,10464531358857,btc_qm_engine,btc_leading_zeros,0.0000000000
769771,10464531359022,btc_qm_engine,btc_sha256_elapsed_ns,975.0000000000
769772,10464531359213,btc_qm_engine,btc_sha256_elapsed_ns,850.0000000000
769773,10464531359587,btc_qm_engine,btc_leading_zeros,2.0000000000
769774,10464531359676,btc_qm_engine,btc_sha256_elapsed_ns,993.0000000000
769775,10464531359879,btc_qm_engine,btc_leading_zeros,2.0000000000
769776,10464531360488,btc_qm_engine,btc_sha256_nonce,3576861127.0000000000
769777,10464531360686,btc_qm_engine,btc_sha256_elapsed_ns,839.0000000000
769778,10464531360961,btc_qm_engine,btc_sha256_nonce,3647653990.0000000000
769779,10464531361232,btc_qm_engine,btc_leading_zeros,0.0000000000
769780,10464531361331,btc_qm_engine,btc_sha256_elapsed_ns,914.0000000000
769781,10464531361475,btc_qm_engine,btc_sha256_nonce,80011767.0000000000
769782,10464531361914,btc_qm_engine,btc_leading_zeros,1.0000000000
769783,10464531361988,btc_qm_engine,btc_sha256_elapsed_ns,785.0000000000
769784,10464531362295,btc_qm_engine,btc_sha256_nonce,2787120503.0000000000
769785,10464531362628,btc_qm_engine,btc_sha256_nonce,2231186670.0000000000
769786,10464531362791,btc_qm_engine,btc_sha256_elapsed_ns,924.0000000000
769787,10464531363238,btc_qm_engine,btc_sha256_nonce,1122651935.0000000000
769788,10464531363354,btc_qm_engine,btc_leading_zeros,1.0000000000
769789,10464531363430,btc_qm_engine,btc_sha256_elapsed_ns,1036.0000000000
769790,10464531363706,btc_qm_engine,btc_leading_zeros,1.0000000000
769791,10464531363837,btc_qm_engine,btc_leading_zeros,0.0000000000
769792,10464531363915,btc_qm_engine,btc_sha256_elapsed_ns,997.0000000000
769793,10464531364081,btc_qm_engine,btc_leading_zeros,0.0000000000
769794,10464531364532,btc_qm_engine,btc_sha256_elapsed_ns,931.0000000000
769795,10464531364613,btc_qm_engine,btc_leading_zeros,1.0000000000
769796,10464531364758,btc_qm_engine,btc_sha256_nonce,1493549229.0000000000
769797,10464531364833,btc_qm_engine,btc_leading_zeros,1.0000000000
769798,10464531364926,btc_qm_engine,btc_sha256_elapsed_ns,794.0000000000
769799,10464531365093,btc_qm_engine,btc_sha256_nonce,96188281.0000000000
769800,10464531365173,btc_qm_engine,btc_leading_zeros,0.0000000000
769801,10464531365239,btc_qm_engine,btc_sha256_elapsed_ns,932.0000000000
769802,10464531365544,btc_qm_engine,btc_sha256_elapsed_ns,1061.0000000000
769803,10464531366161,btc_qm_engine,btc_sha256_nonce,1671114662.0000000000
769804,10464531366243,btc_qm_engine,btc_leading_zeros,2.0000000000
769805,10464531366306,btc_qm_engine,btc_sha256_elapsed_ns,994.0000000000
769806,10464531366566,btc_qm_engine,btc_sha256_nonce,3819795435.0000000000
769807,10464531366643,btc_qm_engine,btc_leading_zeros,0.0000000000
769808,10464531366859,btc_qm_engine,btc_sha256_elapsed_ns,1070.0000000000
769809,10464531367184,btc_qm_engine,btc_sha256_elapsed_ns,1124.0000000000
769810,10464531367477,btc_qm_engine,btc_sha256_elapsed_ns,826.0000000000
769811,10464531367648,btc_qm_engine,btc_sha256_nonce,1479093337.0000000000
769812,10464531367862,btc_qm_engine,btc_sha256_nonce,240861285.0000000000
769813,10464531368046,btc_qm_engine,btc_leading_zeros,0.0000000000
769814,10464531368129,btc_qm_engine,btc_sha256_elapsed_ns,998.0000000000
769815,10464531368257,btc_qm_engine,btc_leading_zeros,2.0000000000
769816,10464531368347,btc_qm_engine,btc_sha256_elapsed_ns,729.0000000000
769817,10464531368848,btc_qm_engine,btc_sha256_nonce,1097667138.0000000000
769818,10464531368924,btc_qm_engine,btc_leading_zeros,0.0000000000
769819,10464531369001,btc_qm_engine,btc_sha256_elapsed_ns,1090.0000000000
769820,10464531369187,btc_qm_engine,btc_sha256_nonce,2466645397.0000000000
769821,10464531369264,btc_qm_engine,btc_leading_zeros,0.0000000000
769822,10464531369333,btc_qm_engine,btc_sha256_elapsed_ns,1087.0000000000
769823,10464531369459,btc_qm_engine,btc_sha256_nonce,2121465808.0000000000
769824,10464531369717,btc_qm_engine,btc_sha256_nonce,3941923397.0000000000
769825,10464531369794,btc_qm_engine,btc_leading_zeros,1.0000000000
769826,10464531370032,btc_qm_engine,btc_leading_zeros,1.0000000000
769827,10464531370128,btc_qm_engine,btc_sha256_elapsed_ns,985.0000000000
769828,10464531370331,btc_qm_engine,btc_sha256_nonce,3839737687.0000000000
769829,10464531370656,btc_qm_engine,btc_sha256_nonce,1511152187.0000000000
769830,10464531370821,btc_qm_engine,btc_leading_zeros,1.0000000000
769831,10464531371404,btc_qm_engine,btc_sha256_nonce,695905843.0000000000
769832,10464531371527,btc_qm_engine,btc_leading_zeros,0.0000000000
769833,10464531371635,btc_qm_engine,btc_sha256_elapsed_ns,1021.0000000000
769834,10464531371769,btc_qm_engine,btc_sha256_nonce,1135922833.0000000000
769835,10464531372098,btc_qm_engine,btc_sha256_nonce,4178667435.0000000000
769836,10464531372553,btc_qm_engine,btc_leading_zeros,1.0000000000
769837,10464531372629,btc_qm_engine,btc_sha256_elapsed_ns,1050.0000000000
769838,10464531372888,btc_qm_engine,btc_sha256_nonce,2837285632.0000000000
769839,10464531373104,btc_qm_engine,btc_sha256_nonce,1178852829.0000000000
769840,10464531373684,btc_qm_engine,btc_leading_zeros,3.0000000000
769841,10464531373750,btc_qm_engine,btc_sha256_elapsed_ns,1077.0000000000
769842,10464531374128,btc_qm_engine,btc_sha256_nonce,4225018171.0000000000
769843,10464531374358,btc_qm_engine,btc_leading_zeros,0.0000000000
769844,10464531374670,btc_qm_engine,btc_sha256_elapsed_ns,777.0000000000
769845,10464531374748,btc_qm_engine,btc_leading_zeros,0.0000000000
769846,10464531374961,btc_qm_engine,btc_sha256_nonce,1755290556.0000000000
769847,10464531375035,btc_qm_engine,btc_leading_zeros,0.0000000000
769848,10464531375112,btc_qm_engine,btc_sha256_elapsed_ns,1082.0000000000
769849,10464531375446,btc_qm_engine,btc_sha256_elapsed_ns,1108.0000000000
769850,10464531375782,btc_qm_engine,btc_sha256_nonce,3769392308.0000000000
769851,10464531375916,btc_qm_engine,btc_sha256_elapsed_ns,995.0000000000
769852,10464531376147,btc_qm_engine,btc_leading_zeros,0.0000000000
769853,10464531376503,btc_qm_engine,btc_sha256_elapsed_ns,876.0000000000
769854,10464531376738,btc_qm_engine,btc_sha256_nonce,1023534090.0000000000
769855,10464531376846,btc_qm_engine,btc_leading_zeros,0.0000000000
769856,10464531377059,btc_qm_engine,btc_sha256_nonce,180278516.0000000000
769857,10464531377131,btc_qm_engine,btc_leading_zeros,2.0000000000
769858,10464531377193,btc_qm_engine,btc_sha256_elapsed_ns,846.0000000000
769859,10464531377438,btc_qm_engine,btc_sha256_nonce,2786762050.0000000000
769860,10464531377628,btc_qm_engine,btc_leading_zeros,0.0000000000
769861,10464531377697,btc_qm_engine,btc_sha256_elapsed_ns,997.0000000000
769862,10464531378083,btc_qm_engine,btc_leading_zeros,2.0000000000
769863,10464531378201,btc_qm_engine,btc_sha256_nonce,2273093407.0000000000
769864,10464531378279,btc_qm_engine,btc_leading_zeros,3.0000000000
769865,10464531378365,btc_qm_engine,btc_sha256_elapsed_ns,1012.0000000000
769866,10464531378488,btc_qm_engine,btc_sha256_elapsed_ns,1069.0000000000
769867,10464531378677,btc_qm_engine,btc_sha256_nonce,1591712725.0000000000
769868,10464531378745,btc_qm_engine,btc_leading_zeros,0.0000000000
769869,10464531378810,btc_qm_engine,btc_sha256_elapsed_ns,746.0000000000
769870,10464531379150,btc_qm_engine,btc_sha256_nonce,240964953.0000000000
769871,10464531379240,btc_qm_engine,btc_leading_zeros,2.0000000000
769872,10464531379303,btc_qm_engine,btc_sha256_elapsed_ns,1093.0000000000
769873,10464531379716,btc_qm_engine,btc_sha256_nonce,2669087010.0000000000
769874,10464531379958,btc_qm_engine,btc_sha256_nonce,3422662831.0000000000
769875,10464531380458,btc_qm_engine,btc_sha256_nonce,1745761516.0000000000
769876,10464531380535,btc_qm_engine,btc_leading_zeros,0.0000000000
769877,10464531380591,btc_qm_engine,btc_sha256_elapsed_ns,921.0000000000
769878,10464531380840,btc_qm_engine,btc_sha256_elapsed_ns,1046.0000000000
769879,10464531380921,btc_qm_engine,btc_sha256_nonce,2290036161.0000000000
769880,10464531381324,btc_qm_engine,btc_leading_zeros,4.0000000000
769881,10464531381395,btc_qm_engine,btc_sha256_elapsed_ns,842.0000000000
769882,10464531381684,btc_qm_engine,btc_leading_zeros,1.0000000000
769883,10464531381893,btc_qm_engine,btc_sha256_nonce,2399230946.0000000000
769884,10464531381970,btc_qm_engine,btc_leading_zeros,1.0000000000
769885,10464531382041,btc_qm_engine,btc_sha256_elapsed_ns,1041.0000000000
769886,10464531382339,btc_qm_engine,btc_sha256_elapsed_ns,1001.0000000000
769887,10464531382510,btc_qm_engine,btc_sha256_nonce,1115090378.0000000000
769888,10464531382614,btc_qm_engine,btc_leading_zeros,3.0000000000
769889,10464531383223,btc_qm_engine,btc_leading_zeros,0.0000000000
769890,10464531383780,btc_qm_engine,btc_sha256_elapsed_ns,1097.0000000000
769891,10464531383961,btc_qm_engine,btc_sha256_elapsed_ns,1065.0000000000
769892,10464531384389,btc_qm_engine,btc_sha256_nonce,2051635873.0000000000
769893,10464531384515,btc_qm_engine,btc_sha256_elapsed_ns,1038.0000000000
769894,10464531384759,btc_qm_engine,btc_leading_zeros,2.0000000000
769895,10464531384843,btc_qm_engine,btc_sha256_elapsed_ns,957.0000000000
769896,10464531385509,btc_qm_engine,btc_sha256_nonce,3999818845.0000000000
769897,10464531385581,btc_qm_engine,btc_leading_zeros,12.0000000000
769898,10464531386008,btc_qm_engine,btc_sha256_elapsed_ns,1060.0000000000
769899,10464531386096,btc_qm_engine,btc_sha256_nonce,2587559378.0000000000
769900,10464531386240,btc_qm_engine,btc_sha256_nonce,3256924808.0000000000
769901,10464531386305,btc_qm_engine,btc_leading_zeros,2.0000000000
769902,10464531386414,btc_qm_engine,btc_sha256_elapsed_ns,1053.0000000000
769903,10464531386590,btc_qm_engine,btc_sha256_nonce,1175305936.0000000000
769904,10464531386917,btc_qm_engine,btc_leading_zeros,0.0000000000
769905,10464531387108,btc_qm_engine,btc_sha256_nonce,1457722036.0000000000
769906,10464531387325,btc_qm_engine,btc_leading_zeros,1.0000000000
769907,10464531387785,btc_qm_engine,btc_sha256_nonce,2927019022.0000000000
769908,10464531387897,btc_qm_engine,btc_leading_zeros,2.0000000000
769909,10464531387975,btc_qm_engine,btc_sha256_elapsed_ns,1070.0000000000
769910,10464531388152,btc_qm_engine,btc_sha256_elapsed_ns,1094.0000000000
769911,10464531388277,btc_qm_engine,btc_sha256_nonce,1715687058.0000000000
769912,10464531388690,btc_qm_engine,btc_sha256_elapsed_ns,1085.0000000000
769913,10464531388966,btc_qm_engine,btc_sha256_nonce,2425097046.0000000000
769914,10464531389151,btc_qm_engine,btc_leading_zeros,1.0000000000
769915,10464531389227,btc_qm_engine,btc_sha256_elapsed_ns,1067.0000000000
769916,10464531389417,btc_qm_engine,btc_leading_zeros,2.0000000000
769917,10464531389589,btc_qm_engine,btc_leading_zeros,2.0000000000
769918,10464531389990,btc_qm_engine,btc_sha256_nonce,3647277728.0000000000
769919,10464531390067,btc_qm_engine,btc_leading_zeros,0.0000000000
769920,10464531390373,btc_qm_engine,btc_sha256_nonce,3676790918.0000000000
769921,10464531390570,btc_qm_engine,btc_sha256_nonce,134991638.0000000000
769922,10464531390643,btc_qm_engine,btc_leading_zeros,0.0000000000
769923,10464531390701,btc_qm_engine,btc_sha256_elapsed_ns,1045.0000000000
769924,10464531391192,btc_qm_engine,btc_sha256_elapsed_ns,1120.0000000000
769925,10464531391382,btc_qm_engine,btc_sha256_nonce,3062121342.0000000000
769926,10464531391754,btc_qm_engine,btc_sha256_nonce,3220351666.0000000000
769927,10464531391886,btc_qm_engine,btc_leading_zeros,0.0000000000
769928,10464531392135,btc_qm_engine,btc_leading_zeros,0.0000000000
769929,10464531392315,btc_qm_engine,btc_leading_zeros,0.0000000000
769930,10464531392498,btc_qm_engine,btc_sha256_elapsed_ns,931.0000000000
769931,10464531392643,btc_qm_engine,btc_leading_zeros,4.0000000000
769932,10464531392841,btc_qm_engine,btc_sha256_elapsed_ns,744.0000000000
769933,10464531393110,btc_qm_engine,btc_sha256_elapsed_ns,1056.0000000000
769934,10464531393426,btc_qm_engine,btc_sha256_elapsed_ns,1086.0000000000
769935,10464531393758,btc_qm_engine,btc_sha256_elapsed_ns,1060.0000000000
769936,10464531394052,btc_qm_engine,btc_sha256_nonce,2625991064.0000000000
769937,10464531394133,btc_qm_engine,btc_leading_zeros,1.0000000000
769938,10464531394203,btc_qm_engine,btc_sha256_elapsed_ns,1091.0000000000
769939,10464531394408,btc_qm_engine,btc_sha256_nonce,3554477774.0000000000
769940,10464531394475,btc_qm_engine,btc_leading_zeros,0.0000000000
769941,10464531394544,btc_qm_engine,btc_sha256_elapsed_ns,1074.0000000000
769942,10464531395000,btc_qm_engine,btc_sha256_nonce,3140703545.0000000000
769943,10464531395067,btc_qm_engine,btc_leading_zeros,0.0000000000
769944,10464531395118,btc_qm_engine,btc_sha256_elapsed_ns,734.0000000000
769945,10464531395392,btc_qm_engine,btc_sha256_nonce,3987506896.0000000000
769946,10464531395473,btc_qm_engine,btc_leading_zeros,0.0000000000
769947,10464531395917,btc_qm_engine,btc_sha256_nonce,1241232925.0000000000
769948,10464531396307,btc_qm_engine,btc_sha256_nonce,309554088.0000000000
769949,10464531396410,btc_qm_engine,btc_leading_zeros,1.0000000000
769950,10464531396490,btc_qm_engine,btc_sha256_elapsed_ns,959.0000000000
769951,10464531396624,btc_qm_engine,btc_sha256_elapsed_ns,981.0000000000
769952,10464531397019,btc_qm_engine,btc_sha256_nonce,2209835393.0000000000
769953,10464531397157,btc_qm_engine,btc_sha256_nonce,3575834081.0000000000
769954,10464531397240,btc_qm_engine,btc_leading_zeros,0.0000000000
769955,10464531397333,btc_qm_engine,btc_sha256_elapsed_ns,1048.0000000000
769956,10464531397410,btc_qm_engine,btc_leading_zeros,0.0000000000
769957,10464531397537,btc_qm_engine,btc_leading_zeros,0.0000000000
769958,10464531397615,btc_qm_engine,btc_sha256_elapsed_ns,1102.0000000000
769959,10464531397725,btc_qm_engine,btc_sha256_elapsed_ns,1078.0000000000
769960,10464531397890,btc_qm_engine,btc_sha256_nonce,1247564913.0000000000
769961,10464531398079,btc_qm_engine,btc_sha256_nonce,3854647330.0000000000
769962,10464531398285,btc_qm_engine,btc_leading_zeros,1.0000000000
769963,10464531398360,btc_qm_engine,btc_sha256_elapsed_ns,1055.0000000000
769964,10464531398533,btc_qm_engine,btc_leading_zeros,0.0000000000
769965,10464531398634,btc_qm_engine,btc_sha256_nonce,872288538.0000000000
769966,10464531398713,btc_qm_engine,btc_leading_zeros,0.0000000000
769967,10464531398781,btc_qm_engine,btc_sha256_elapsed_ns,1045.0000000000
769968,10464531398912,btc_qm_engine,btc_sha256_elapsed_ns,1041.0000000000
769969,10464531399081,btc_qm_engine,btc_sha256_nonce,3780346557.0000000000
769970,10464531399160,btc_qm_engine,btc_leading_zeros,0.0000000000
769971,10464531399261,btc_qm_engine,btc_sha256_elapsed_ns,1067.0000000000
769972,10464531399434,btc_qm_engine,btc_sha256_nonce,772095772.0000000000
769973,10464531399716,btc_qm_engine,btc_sha256_nonce,109712760.0000000000
769974,10464531399883,btc_qm_engine,btc_leading_zeros,1.0000000000
769975,10464531400079,btc_qm_engine,btc_sha256_nonce,2880936047.0000000000
769976,10464531400182,btc_qm_engine,btc_leading_zeros,0.0000000000
769977,10464531400261,btc_qm_engine,btc_sha256_elapsed_ns,1025.0000000000
769978,10464531400342,btc_qm_engine,btc_leading_zeros,1.0000000000
769979,10464531400468,btc_qm_engine,btc_sha256_elapsed_ns,1080.0000000000
769980,10464531400628,btc_qm_engine,btc_sha256_nonce,240382240.0000000000
769981,10464531400911,btc_qm_engine,btc_sha256_elapsed_ns,1062.0000000000
769982,10464531401421,btc_qm_engine,btc_sha256_nonce,1159962950.0000000000
769983,10464531401520,btc_qm_engine,btc_sha256_nonce,3027531702.0000000000
769984,10464531401883,btc_qm_engine,btc_sha256_nonce,4284860422.0000000000
769985,10464531401963,btc_qm_engine,btc_leading_zeros,1.0000000000
769986,10464531402028,btc_qm_engine,btc_sha256_elapsed_ns,896.0000000000
769987,10464531402173,btc_qm_engine,btc_leading_zeros,0.0000000000
769988,10464531402442,btc_qm_engine,btc_sha256_elapsed_ns,1075.0000000000
769989,10464531402662,btc_qm_engine,btc_sha256_elapsed_ns,1099.0000000000
769990,10464531403366,btc_qm_engine,btc_sha256_nonce,2587761071.0000000000
769991,10464531403444,btc_qm_engine,btc_leading_zeros,0.0000000000
769992,10464531403514,btc_qm_engine,btc_sha256_elapsed_ns,1087.0000000000
769993,10464531403623,btc_qm_engine,btc_sha256_nonce,3811768435.0000000000
769994,10464531403705,btc_qm_engine,btc_leading_zeros,0.0000000000
769995,10464531403773,btc_qm_engine,btc_sha256_elapsed_ns,740.0000000000
769996,10464531404116,btc_qm_engine,btc_sha256_nonce,3369291850.0000000000
769997,10464531404203,btc_qm_engine,btc_leading_zeros,2.0000000000
769998,10464531404276,btc_qm_engine,btc_sha256_elapsed_ns,1082.0000000000
769999,10464531404444,btc_qm_engine,btc_leading_zeros,0.0000000000
770000,10464531404531,btc_qm_engine,btc_sha256_elapsed_ns,1083.0000000000
770001,10464531404727,btc_qm_engine,btc_sha256_nonce,1220522179.0000000000
770002,10464531404806,btc_qm_engine,btc_leading_zeros,0.0000000000
770003,10464531404867,btc_qm_engine,btc_sha256_elapsed_ns,968.0000000000
770004,10464531405004,btc_qm_engine,btc_sha256_nonce,241143151.0000000000
770005,10464531405078,btc_qm_engine,btc_leading_zeros,1.0000000000
770006,10464531405153,btc_qm_engine,btc_sha256_elapsed_ns,1026.0000000000
770007,10464531405339,btc_qm_engine,btc_sha256_nonce,3377518956.0000000000
770008,10464531405632,btc_qm_engine,btc_sha256_nonce,2466570171.0000000000
770009,10464531405858,btc_qm_engine,btc_leading_zeros,0.0000000000
770010,10464531406208,btc_qm_engine,btc_sha256_nonce,2997828316.0000000000
770011,10464531406398,btc_qm_engine,btc_sha256_elapsed_ns,1081.0000000000
770012,10464531406512,btc_qm_engine,btc_sha256_nonce,923062684.0000000000
770013,10464531406594,btc_qm_engine,btc_leading_zeros,0.0000000000
770014,10464531406672,btc_qm_engine,btc_sha256_elapsed_ns,1062.0000000000
770015,10464531406823,btc_qm_engine,btc_leading_zeros,1.0000000000
770016,10464531407128,btc_qm_engine,btc_leading_zeros,1.0000000000
770017,10464531407280,btc_qm_engine,btc_sha256_nonce,3492427949.0000000000
770018,10464531407473,btc_qm_engine,btc_sha256_elapsed_ns,983.0000000000
770019,10464531407683,btc_qm_engine,btc_leading_zeros,1.0000000000
770020,10464531407865,btc_qm_engine,btc_sha256_nonce,2004398950.0000000000
770021,10464531408042,btc_qm_engine,btc_sha256_nonce,4205655681.0000000000
770022,10464531408133,btc_qm_engine,btc_leading_zeros,0.0000000000
770023,10464531408198,btc_qm_engine,btc_sha256_elapsed_ns,1091.0000000000
770024,10464531408385,btc_qm_engine,btc_sha256_elapsed_ns,993.0000000000
770025,10464531408573,btc_qm_engine,btc_leading_zeros,1.0000000000
770026,10464531408812,btc_qm_engine,btc_leading_zeros,0.0000000000
770027,10464531408952,btc_qm_engine,btc_sha256_nonce,1274306329.0000000000
770028,10464531409035,btc_qm_engine,btc_leading_zeros,1.0000000000
770029,10464531409190,btc_qm_engine,btc_sha256_elapsed_ns,1093.0000000000
770030,10464531409404,btc_qm_engine,btc_sha256_nonce,925269109.0000000000
770031,10464531409510,btc_qm_engine,btc_leading_zeros,1.0000000000
770032,10464531409587,btc_qm_engine,btc_sha256_elapsed_ns,944.0000000000
770033,10464531409813,btc_qm_engine,btc_sha256_elapsed_ns,961.0000000000
770034,10464531409952,btc_qm_engine,btc_sha256_elapsed_ns,1105.0000000000
770035,10464531410323,btc_qm_engine,btc_sha256_nonce,2507133779.0000000000
770036,10464531410627,btc_qm_engine,btc_leading_zeros,0.0000000000
770037,10464531410699,btc_qm_engine,btc_sha256_elapsed_ns,964.0000000000
770038,10464531410957,btc_qm_engine,btc_sha256_nonce,4023966102.0000000000
770039,10464531411043,btc_qm_engine,btc_leading_zeros,2.0000000000
770040,10464531411113,btc_qm_engine,btc_sha256_elapsed_ns,1105.0000000000
770041,10464531411278,btc_qm_engine,btc_sha256_nonce,456857399.0000000000
770042,10464531411374,btc_qm_engine,btc_leading_zeros,1.0000000000
770043,10464531411448,btc_qm_engine,btc_sha256_elapsed_ns,1131.0000000000
770044,10464531411589,btc_qm_engine,btc_sha256_nonce,1941635323.0000000000
770045,10464531411699,btc_qm_engine,btc_sha256_nonce,4143219534.0000000000
770046,10464531411779,btc_qm_engine,btc_leading_zeros,0.0000000000
770047,10464531411852,btc_qm_engine,btc_sha256_elapsed_ns,1137.0000000000
770048,10464531412001,btc_qm_engine,btc_sha256_nonce,3326113285.0000000000
770049,10464531412396,btc_qm_engine,btc_sha256_nonce,4050294654.0000000000
770050,10464531412805,btc_qm_engine,btc_sha256_nonce,2857198080.0000000000
770051,10464531413034,btc_qm_engine,btc_leading_zeros,2.0000000000
770052,10464531413383,btc_qm_engine,btc_leading_zeros,0.0000000000
770053,10464531413655,btc_qm_engine,btc_leading_zeros,3.0000000000
770054,10464531413839,btc_qm_engine,btc_sha256_nonce,2587807051.0000000000
770055,10464531414245,btc_qm_engine,btc_sha256_elapsed_ns,976.0000000000
770056,10464531414515,btc_qm_engine,btc_sha256_elapsed_ns,1095.0000000000
770057,10464531414904,btc_qm_engine,btc_leading_zeros,1.0000000000
770058,10464531415024,btc_qm_engine,btc_sha256_elapsed_ns,984.0000000000
770059,10464531415410,btc_qm_engine,btc_sha256_elapsed_ns,1044.0000000000
770060,10464531415833,btc_qm_engine,btc_sha256_nonce,2594888501.0000000000
770061,10464531415908,btc_qm_engine,btc_leading_zeros,0.0000000000
770062,10464531415988,btc_qm_engine,btc_sha256_elapsed_ns,1079.0000000000
770063,10464531416410,btc_qm_engine,btc_sha256_nonce,1970109060.0000000000
770064,10464531416484,btc_qm_engine,btc_leading_zeros,0.0000000000
770065,10464531416686,btc_qm_engine,btc_sha256_nonce,241314002.0000000000
770066,10464531416859,btc_qm_engine,btc_sha256_nonce,1007355260.0000000000
770067,10464531417058,btc_qm_engine,btc_sha256_elapsed_ns,1100.0000000000
770068,10464531417329,btc_qm_engine,btc_sha256_nonce,2233655492.0000000000
770069,10464531417873,btc_qm_engine,btc_leading_zeros,0.0000000000
770070,10464531418076,btc_qm_engine,btc_leading_zeros,0.0000000000
770071,10464531418425,btc_qm_engine,btc_sha256_nonce,1258629683.0000000000
770072,10464531418518,btc_qm_engine,btc_leading_zeros,0.0000000000
770073,10464531418613,btc_qm_engine,btc_sha256_elapsed_ns,1094.0000000000
770074,10464531418830,btc_qm_engine,btc_sha256_elapsed_ns,1097.0000000000
770075,10464531419171,btc_qm_engine,btc_sha256_nonce,2075841643.0000000000
770076,10464531419625,btc_qm_engine,btc_leading_zeros,4.0000000000
770077,10464531419750,btc_qm_engine,btc_leading_zeros,1.0000000000
770078,10464531419829,btc_qm_engine,btc_sha256_elapsed_ns,1122.0000000000
770079,10464531420046,btc_qm_engine,btc_sha256_elapsed_ns,1121.0000000000
770080,10464531420282,btc_qm_engine,btc_sha256_nonce,2051462592.0000000000
770081,10464531420464,btc_qm_engine,btc_sha256_nonce,2292688638.0000000000
770082,10464531421005,btc_qm_engine,btc_leading_zeros,0.0000000000
770083,10464531421195,btc_qm_engine,btc_leading_zeros,0.0000000000
770084,10464531421521,btc_qm_engine,btc_sha256_elapsed_ns,1021.0000000000
770085,10464531421738,btc_qm_engine,btc_sha256_elapsed_ns,1070.0000000000
770086,10464531422121,btc_qm_engine,btc_sha256_elapsed_ns,1072.0000000000
770087,10464531422622,btc_qm_engine,btc_sha256_nonce,1504550005.0000000000
770088,10464531422972,btc_qm_engine,btc_leading_zeros,1.0000000000
770089,10464531423041,btc_qm_engine,btc_sha256_elapsed_ns,1001.0000000000
770090,10464531423346,btc_qm_engine,btc_leading_zeros,0.0000000000
770091,10464531423718,btc_qm_engine,btc_sha256_elapsed_ns,878.0000000000
770092,10464531423842,btc_qm_engine,btc_sha256_elapsed_ns,986.0000000000
770093,10464531424035,btc_qm_engine,btc_sha256_nonce,3033322960.0000000000
770094,10464531424270,btc_qm_engine,btc_sha256_nonce,472351673.0000000000
770095,10464531424602,btc_qm_engine,btc_sha256_elapsed_ns,1033.0000000000
770096,10464531424878,btc_qm_engine,btc_sha256_nonce,402411451.0000000000
770097,10464531425031,btc_qm_engine,btc_sha256_nonce,3071848813.0000000000
770098,10464531425260,btc_qm_engine,btc_leading_zeros,1.0000000000
770099,10464531425509,btc_qm_engine,btc_leading_zeros,1.0000000000
770100,10464531425657,btc_qm_engine,btc_leading_zeros,0.0000000000
770101,10464531425829,btc_qm_engine,btc_sha256_nonce,3648265966.0000000000
770102,10464531426165,btc_qm_engine,btc_leading_zeros,0.0000000000
770103,10464531426462,btc_qm_engine,btc_sha256_elapsed_ns,999.0000000000
770104,10464531426638,btc_qm_engine,btc_sha256_nonce,3861061076.0000000000
770105,10464531426744,btc_qm_engine,btc_sha256_elapsed_ns,1116.0000000000
770106,10464531427013,btc_qm_engine,btc_sha256_elapsed_ns,1020.0000000000
770107,10464531427615,btc_qm_engine,btc_leading_zeros,0.0000000000
770108,10464531427781,btc_qm_engine,btc_sha256_elapsed_ns,849.0000000000
770109,10464531428005,btc_qm_engine,btc_sha256_elapsed_ns,930.0000000000
770110,10464531428075,btc_qm_engine,btc_sha256_nonce,1314537111.0000000000
770111,10464531428399,btc_qm_engine,btc_leading_zeros,0.0000000000
770112,10464531428475,btc_qm_engine,btc_sha256_elapsed_ns,968.0000000000
770113,10464531428938,btc_qm_engine,btc_sha256_nonce,1583808203.0000000000
770114,10464531429023,btc_qm_engine,btc_leading_zeros,2.0000000000
770115,10464531429380,btc_qm_engine,btc_sha256_nonce,2989051794.0000000000
770116,10464531429460,btc_qm_engine,btc_leading_zeros,0.0000000000
770117,10464531429648,btc_qm_engine,btc_sha256_elapsed_ns,1113.0000000000
770118,10464531429768,btc_qm_engine,btc_sha256_nonce,1390336564.0000000000
770119,10464531429841,btc_qm_engine,btc_leading_zeros,1.0000000000
770120,10464531429911,btc_qm_engine,btc_sha256_elapsed_ns,1020.0000000000
770121,10464531430143,btc_qm_engine,btc_sha256_elapsed_ns,1029.0000000000
770122,10464531430299,btc_qm_engine,btc_sha256_nonce,3339556219.0000000000
770123,10464531430656,btc_qm_engine,btc_leading_zeros,1.0000000000
770124,10464531430834,btc_qm_engine,btc_sha256_nonce,1102286689.0000000000
770125,10464531431255,btc_qm_engine,btc_sha256_nonce,2051843450.0000000000
770126,10464531431334,btc_qm_engine,btc_leading_zeros,4.0000000000
770127,10464531431423,btc_qm_engine,btc_sha256_elapsed_ns,1031.0000000000
770128,10464531431604,btc_qm_engine,btc_sha256_nonce,1941632120.0000000000
770129,10464531431757,btc_qm_engine,btc_leading_zeros,1.0000000000
770130,10464531432047,btc_qm_engine,btc_sha256_nonce,799644281.0000000000
770131,10464531432553,btc_qm_engine,btc_sha256_nonce,1765971902.0000000000
770132,10464531432889,btc_qm_engine,btc_leading_zeros,0.0000000000
770133,10464531433219,btc_qm_engine,btc_leading_zeros,1.0000000000
770134,10464531433507,btc_qm_engine,btc_leading_zeros,0.0000000000
770135,10464531433593,btc_qm_engine,btc_sha256_elapsed_ns,1052.0000000000
770136,10464531433754,btc_qm_engine,btc_sha256_elapsed_ns,870.0000000000
770137,10464531433991,btc_qm_engine,btc_sha256_elapsed_ns,889.0000000000
770138,10464531434505,btc_qm_engine,btc_leading_zeros,0.0000000000
770139,10464531434791,btc_qm_engine,btc_sha256_nonce,1941391717.0000000000
770140,10464531434954,btc_qm_engine,btc_leading_zeros,0.0000000000
770141,10464531435437,btc_qm_engine,btc_sha256_elapsed_ns,820.0000000000
770142,10464531435656,btc_qm_engine,btc_sha256_elapsed_ns,1088.0000000000
770143,10464531436182,btc_qm_engine,btc_sha256_nonce,3223453658.0000000000
770144,10464531436319,btc_qm_engine,btc_sha256_elapsed_ns,826.0000000000
770145,10464531436595,btc_qm_engine,btc_leading_zeros,3.0000000000
770146,10464531436672,btc_qm_engine,btc_sha256_elapsed_ns,1001.0000000000
770147,10464531437047,btc_qm_engine,btc_sha256_nonce,176979423.0000000000
770148,10464531437143,btc_qm_engine,btc_leading_zeros,1.0000000000
770149,10464531437419,btc_qm_engine,btc_sha256_elapsed_ns,1068.0000000000
770150,10464531437626,btc_qm_engine,btc_sha256_elapsed_ns,1024.0000000000
770151,10464531437803,btc_qm_engine,btc_sha256_nonce,2290025582.0000000000
770152,10464531437887,btc_qm_engine,btc_leading_zeros,2.0000000000
770153,10464531438063,btc_qm_engine,btc_sha256_nonce,3451641328.0000000000
770154,10464531438317,btc_qm_engine,btc_sha256_nonce,2250125676.0000000000
770155,10464531438431,btc_qm_engine,btc_sha256_nonce,2465660356.0000000000
770156,10464531438923,btc_qm_engine,btc_sha256_elapsed_ns,988.0000000000
770157,10464531439031,btc_qm_engine,btc_leading_zeros,1.0000000000
770158,10464531439109,btc_qm_engine,btc_sha256_elapsed_ns,1025.0000000000
770159,10464531439239,btc_qm_engine,btc_leading_zeros,1.0000000000
770160,10464531439320,btc_qm_engine,btc_sha256_elapsed_ns,874.0000000000
770161,10464531439504,btc_qm_engine,btc_sha256_nonce,2667704942.0000000000
770162,10464531439755,btc_qm_engine,btc_sha256_nonce,972562433.0000000000
770163,10464531439861,btc_qm_engine,btc_leading_zeros,0.0000000000
770164,10464531439929,btc_qm_engine,btc_sha256_elapsed_ns,1044.0000000000
770165,10464531440142,btc_qm_engine,btc_leading_zeros,0.0000000000
770166,10464531440307,btc_qm_engine,btc_sha256_nonce,648469287.0000000000
770167,10464531440510,btc_qm_engine,btc_sha256_nonce,574244389.0000000000
770168,10464531440727,btc_qm_engine,btc_sha256_nonce,2052160771.0000000000
770169,10464531440940,btc_qm_engine,btc_leading_zeros,1.0000000000
770170,10464531441528,btc_qm_engine,btc_sha256_elapsed_ns,937.0000000000
770171,10464531441658,btc_qm_engine,btc_sha256_nonce,11101104.0000000000
770172,10464531442006,btc_qm_engine,btc_leading_zeros,1.0000000000
770173,10464531442336,btc_qm_engine,btc_sha256_elapsed_ns,920.0000000000
770174,10464531442451,btc_qm_engine,btc_sha256_elapsed_ns,885.0000000000
770175,10464531442809,btc_qm_engine,btc_sha256_nonce,2742902238.0000000000
770176,10464531442884,btc_qm_engine,btc_leading_zeros,0.0000000000
770177,10464531442937,btc_qm_engine,btc_sha256_elapsed_ns,763.0000000000
770178,10464531443063,btc_qm_engine,btc_leading_zeros,0.0000000000
770179,10464531443148,btc_qm_engine,btc_sha256_elapsed_ns,925.0000000000
770180,10464531443704,btc_qm_engine,btc_sha256_nonce,2581049613.0000000000
770181,10464531443778,btc_qm_engine,btc_leading_zeros,2.0000000000
770182,10464531443853,btc_qm_engine,btc_sha256_elapsed_ns,1111.0000000000
770183,10464531444002,btc_qm_engine,btc_sha256_nonce,3708910703.0000000000
770184,10464531444076,btc_qm_engine,btc_leading_zeros,0.0000000000
770185,10464531444169,btc_qm_engine,btc_sha256_elapsed_ns,1076.0000000000
770186,10464531444368,btc_qm_engine,btc_sha256_nonce,3529749380.0000000000
770187,10464531444928,btc_qm_engine,btc_sha256_nonce,2442711969.0000000000
770188,10464531445163,btc_qm_engine,btc_sha256_nonce,1799731477.0000000000
770189,10464531445243,btc_qm_engine,btc_leading_zeros,0.0000000000
770190,10464531445344,btc_qm_engine,btc_sha256_elapsed_ns,1054.0000000000
770191,10464531445514,btc_qm_engine,btc_leading_zeros,1.0000000000
770192,10464531445849,btc_qm_engine,btc_leading_zeros,11.0000000000
770193,10464531446023,btc_qm_engine,btc_leading_zeros,0.0000000000
770194,10464531446212,btc_qm_engine,btc_sha256_elapsed_ns,1008.0000000000
770195,10464531446537,btc_qm_engine,btc_sha256_nonce,3542998345.0000000000
770196,10464531446701,btc_qm_engine,btc_sha256_elapsed_ns,1134.0000000000
770197,10464531446902,btc_qm_engine,btc_sha256_elapsed_ns,1075.0000000000
770198,10464531447044,btc_qm_engine,btc_sha256_nonce,2402926557.0000000000
770199,10464531447225,btc_qm_engine,btc_leading_zeros,3.0000000000
770200,10464531447418,btc_qm_engine,btc_leading_zeros,3.0000000000
770201,10464531447589,btc_qm_engine,btc_sha256_elapsed_ns,1039.0000000000
770202,10464531447779,btc_qm_engine,btc_sha256_elapsed_ns,1079.0000000000
770203,10464531448255,btc_qm_engine,btc_sha256_nonce,2162242462.0000000000
770204,10464531448709,btc_qm_engine,btc_sha256_nonce,3295787112.0000000000
770205,10464531448924,btc_qm_engine,btc_leading_zeros,2.0000000000
770206,10464531449070,btc_qm_engine,btc_sha256_nonce,240507377.0000000000
770207,10464531449312,btc_qm_engine,btc_leading_zeros,0.0000000000
770208,10464531449802,btc_qm_engine,btc_sha256_nonce,1089204840.0000000000
770209,10464531450544,btc_qm_engine,btc_sha256_nonce,1357368405.0000000000
770210,10464531450751,btc_qm_engine,btc_leading_zeros,0.0000000000
770211,10464531450828,btc_qm_engine,btc_sha256_elapsed_ns,1064.0000000000
770212,10464531450941,btc_qm_engine,btc_leading_zeros,1.0000000000
770213,10464531451015,btc_qm_engine,btc_sha256_elapsed_ns,977.0000000000
770214,10464531451214,btc_qm_engine,btc_sha256_elapsed_ns,1080.0000000000
770215,10464531451452,btc_qm_engine,btc_leading_zeros,2.0000000000
770216,10464531451590,btc_qm_engine,btc_sha256_elapsed_ns,944.0000000000
770217,10464531451673,btc_qm_engine,btc_sha256_nonce,2901186859.0000000000
770218,10464531452088,btc_qm_engine,btc_leading_zeros,0.0000000000
770219,10464531452235,btc_qm_engine,btc_sha256_nonce,1186987680.0000000000
770220,10464531452339,btc_qm_engine,btc_leading_zeros,2.0000000000
770221,10464531452393,btc_qm_engine,btc_sha256_elapsed_ns,969.0000000000
770222,10464531452570,btc_qm_engine,btc_sha256_elapsed_ns,979.0000000000
770223,10464531452749,btc_qm_engine,btc_sha256_elapsed_ns,1125.0000000000
770224,10464531453024,btc_qm_engine,btc_sha256_nonce,3836171645.0000000000
770225,10464531453480,btc_qm_engine,btc_sha256_nonce,3646265423.0000000000
770226,10464531453651,btc_qm_engine,btc_leading_zeros,2.0000000000
770227,10464531453929,btc_qm_engine,btc_sha256_nonce,642536346.0000000000
770228,10464531454114,btc_qm_engine,btc_sha256_elapsed_ns,1127.0000000000
770229,10464531454675,btc_qm_engine,btc_sha256_nonce,1937372236.0000000000
770230,10464531455160,btc_qm_engine,btc_leading_zeros,0.0000000000
770231,10464531455296,btc_qm_engine,btc_leading_zeros,1.0000000000
770232,10464531455381,btc_qm_engine,btc_sha256_elapsed_ns,1061.0000000000
770233,10464531455571,btc_qm_engine,btc_sha256_elapsed_ns,864.0000000000
770234,10464531456098,btc_qm_engine,btc_sha256_nonce,1902335134.0000000000
770235,10464531456295,btc_qm_engine,btc_leading_zeros,0.0000000000
770236,10464531456411,btc_qm_engine,btc_sha256_elapsed_ns,1106.0000000000
770237,10464531456651,btc_qm_engine,btc_sha256_nonce,2787255358.0000000000
770238,10464531456861,btc_qm_engine,btc_sha256_nonce,3647977456.0000000000
770239,10464531456932,btc_qm_engine,btc_leading_zeros,0.0000000000
770240,10464531457009,btc_qm_engine,btc_sha256_elapsed_ns,996.0000000000
770241,10464531457429,btc_qm_engine,btc_sha256_nonce,2262071949.0000000000
770242,10464531457695,btc_qm_engine,btc_sha256_nonce,3485752307.0000000000
770243,10464531457845,btc_qm_engine,btc_sha256_nonce,2466060656.0000000000
770244,10464531458283,btc_qm_engine,btc_sha256_nonce,3193641162.0000000000
770245,10464531458364,btc_qm_engine,btc_leading_zeros,1.0000000000
770246,10464531458431,btc_qm_engine,btc_sha256_elapsed_ns,946.0000000000
770247,10464531458586,btc_qm_engine,btc_leading_zeros,0.0000000000
770248,10464531459075,btc_qm_engine,btc_sha256_elapsed_ns,816.0000000000
770249,10464531459157,btc_qm_engine,btc_leading_zeros,2.0000000000
770250,10464531459475,btc_qm_engine,btc_sha256_elapsed_ns,1065.0000000000
770251,10464531459757,btc_qm_engine,btc_sha256_nonce,3327966979.0000000000
770252,10464531459834,btc_qm_engine,btc_leading_zeros,1.0000000000
770253,10464531459909,btc_qm_engine,btc_sha256_elapsed_ns,1088.0000000000
770254,10464531460051,btc_qm_engine,btc_leading_zeros,0.0000000000
770255,10464531460168,btc_qm_engine,btc_sha256_elapsed_ns,1112.0000000000
770256,10464531460281,btc_qm_engine,btc_leading_zeros,0.0000000000
770257,10464531460720,btc_qm_engine,btc_sha256_elapsed_ns,1028.0000000000
770258,10464531460796,btc_qm_engine,btc_sha256_nonce,281490325.0000000000
770259,10464531461251,btc_qm_engine,btc_sha256_nonce,1152344752.0000000000
770260,10464531461397,btc_qm_engine,btc_sha256_nonce,2192686259.0000000000
770261,10464531461547,btc_qm_engine,btc_sha256_nonce,3861191318.0000000000
770262,10464531461623,btc_qm_engine,btc_leading_zeros,3.0000000000
770263,10464531461702,btc_qm_engine,btc_sha256_elapsed_ns,1104.0000000000
770264,10464531461821,btc_qm_engine,btc_leading_zeros,2.0000000000
770265,10464531461978,btc_qm_engine,btc_leading_zeros,1.0000000000
770266,10464531462138,btc_qm_engine,btc_sha256_nonce,2837207067.0000000000
770267,10464531462221,btc_qm_engine,btc_leading_zeros,2.0000000000
770268,10464531462349,btc_qm_engine,btc_sha256_elapsed_ns,988.0000000000
770269,10464531462558,btc_qm_engine,btc_sha256_elapsed_ns,1080.0000000000
770270,10464531462860,btc_qm_engine,btc_sha256_nonce,1626135150.0000000000
770271,10464531462921,btc_qm_engine,btc_leading_zeros,0.0000000000
770272,10464531463183,btc_qm_engine,btc_leading_zeros,2.0000000000
770273,10464531463602,btc_qm_engine,btc_sha256_nonce,1942182234.0000000000
770274,10464531463669,btc_qm_engine,btc_leading_zeros,0.0000000000
770275,10464531463722,btc_qm_engine,btc_sha256_elapsed_ns,1011.0000000000
770276,10464531463938,btc_qm_engine,btc_leading_zeros,4.0000000000
770277,10464531464282,btc_qm_engine,btc_sha256_elapsed_ns,1101.0000000000
770278,10464531464780,btc_qm_engine,btc_sha256_elapsed_ns,1006.0000000000
770279,10464531464940,btc_qm_engine,btc_sha256_nonce,1709589561.0000000000
770280,10464531465325,btc_qm_engine,btc_leading_zeros,1.0000000000
770281,10464531465426,btc_qm_engine,btc_sha256_elapsed_ns,947.0000000000
770282,10464531465606,btc_qm_engine,btc_sha256_elapsed_ns,915.0000000000
770283,10464531466037,btc_qm_engine,btc_sha256_nonce,2209327772.0000000000
770284,10464531466108,btc_qm_engine,btc_leading_zeros,0.0000000000
770285,10464531466176,btc_qm_engine,btc_sha256_elapsed_ns,1045.0000000000
770286,10464531466351,btc_qm_engine,btc_sha256_nonce,3079186453.0000000000
770287,10464531466453,btc_qm_engine,btc_leading_zeros,0.0000000000
770288,10464531466522,btc_qm_engine,btc_sha256_elapsed_ns,1031.0000000000
770289,10464531466800,btc_qm_engine,btc_sha256_nonce,4025846268.0000000000
770290,10464531467193,btc_qm_engine,btc_sha256_nonce,875219562.0000000000
770291,10464531467488,btc_qm_engine,btc_sha256_nonce,1431127852.0000000000
770292,10464531467617,btc_qm_engine,btc_leading_zeros,3.0000000000
770293,10464531467802,btc_qm_engine,btc_leading_zeros,3.0000000000
770294,10464531468602,btc_qm_engine,btc_leading_zeros,1.0000000000
770295,10464531469188,btc_qm_engine,btc_sha256_elapsed_ns,1069.0000000000
770296,10464531469367,btc_qm_engine,btc_leading_zeros,0.0000000000
770297,10464531469697,btc_qm_engine,btc_sha256_elapsed_ns,1090.0000000000
770298,10464531469832,btc_qm_engine,btc_sha256_elapsed_ns,1038.0000000000
770299,10464531470155,btc_qm_engine,btc_sha256_elapsed_ns,1054.0000000000
770300,10464531470641,btc_qm_engine,btc_sha256_nonce,3715126548.0000000000
770301,10464531470716,btc_qm_engine,btc_leading_zeros,2.0000000000
770302,10464531470797,btc_qm_engine,btc_sha256_elapsed_ns,1005.0000000000
770303,10464531470989,btc_qm_engine,btc_sha256_elapsed_ns,1043.0000000000
770304,10464531471213,btc_qm_engine,btc_sha256_nonce,1866580540.0000000000
770305,10464531471365,btc_qm_engine,btc_sha256_nonce,1903993516.0000000000
770306,10464531471447,btc_qm_engine,btc_leading_zeros,0.0000000000
770307,10464531471691,btc_qm_engine,btc_sha256_elapsed_ns,1084.0000000000
770308,10464531472078,btc_qm_engine,btc_sha256_nonce,1941180599.0000000000
770309,10464531472148,btc_qm_engine,btc_leading_zeros,2.0000000000
770310,10464531472481,btc_qm_engine,btc_sha256_nonce,2770425972.0000000000
770311,10464531472638,btc_qm_engine,btc_sha256_nonce,633530023.0000000000
770312,10464531472972,btc_qm_engine,btc_leading_zeros,0.0000000000
770313,10464531473437,btc_qm_engine,btc_leading_zeros,4.0000000000
770314,10464531473518,btc_qm_engine,btc_sha256_elapsed_ns,1098.0000000000
770315,10464531473626,btc_qm_engine,btc_sha256_elapsed_ns,1010.0000000000
770316,10464531473807,btc_qm_engine,btc_sha256_elapsed_ns,1013.0000000000
770317,10464531474007,btc_qm_engine,btc_sha256_nonce,2192521085.0000000000
770318,10464531474253,btc_qm_engine,btc_sha256_nonce,1862928456.0000000000
770319,10464531474409,btc_qm_engine,btc_leading_zeros,0.0000000000
770320,10464531474482,btc_qm_engine,btc_sha256_elapsed_ns,1096.0000000000
770321,10464531474688,btc_qm_engine,btc_sha256_nonce,4286357631.0000000000
770322,10464531475124,btc_qm_engine,btc_leading_zeros,2.0000000000
770323,10464531475307,btc_qm_engine,btc_leading_zeros,0.0000000000
770324,10464531475490,btc_qm_engine,btc_sha256_nonce,4268707877.0000000000
770325,10464531475841,btc_qm_engine,btc_sha256_nonce,1246740159.0000000000
770326,10464531475930,btc_qm_engine,btc_leading_zeros,0.0000000000
770327,10464531475984,btc_qm_engine,btc_sha256_elapsed_ns,1056.0000000000
770328,10464531476132,btc_qm_engine,btc_sha256_nonce,3113244378.0000000000
770329,10464531476587,btc_qm_engine,btc_leading_zeros,4.0000000000
770330,10464531477057,btc_qm_engine,btc_sha256_nonce,2973389071.0000000000
770331,10464531477319,btc_qm_engine,btc_sha256_nonce,1834301192.0000000000
770332,10464531477445,btc_qm_engine,btc_leading_zeros,0.0000000000
770333,10464531477511,btc_qm_engine,btc_sha256_elapsed_ns,1118.0000000000
770334,10464531478123,btc_qm_engine,btc_sha256_nonce,2721669214.0000000000
770335,10464531478469,btc_qm_engine,btc_sha256_nonce,2912014881.0000000000
770336,10464531478553,btc_qm_engine,btc_leading_zeros,1.0000000000
770337,10464531478680,btc_qm_engine,btc_leading_zeros,0.0000000000
770338,10464531478757,btc_qm_engine,btc_sha256_elapsed_ns,997.0000000000
770339,10464531478953,btc_qm_engine,btc_sha256_elapsed_ns,1027.0000000000
770340,10464531479108,btc_qm_engine,btc_sha256_elapsed_ns,1122.0000000000
770341,10464531479323,btc_qm_engine,btc_leading_zeros,1.0000000000
770342,10464531479732,btc_qm_engine,btc_sha256_elapsed_ns,744.0000000000
770343,10464531479939,btc_qm_engine,btc_sha256_elapsed_ns,1027.0000000000
770344,10464531480070,btc_qm_engine,btc_sha256_nonce,1910400788.0000000000
770345,10464531480277,btc_qm_engine,btc_leading_zeros,0.0000000000
770346,10464531480702,btc_qm_engine,btc_sha256_nonce,2592004662.0000000000
770347,10464531481322,btc_qm_engine,btc_sha256_nonce,241271885.0000000000
770348,10464531481508,btc_qm_engine,btc_leading_zeros,1.0000000000
770349,10464531481590,btc_qm_engine,btc_sha256_elapsed_ns,1003.0000000000
770350,10464531481824,btc_qm_engine,btc_leading_zeros,1.0000000000
770351,10464531481908,btc_qm_engine,btc_sha256_elapsed_ns,976.0000000000
770352,10464531482175,btc_qm_engine,btc_leading_zeros,0.0000000000
770353,10464531482699,btc_qm_engine,btc_sha256_elapsed_ns,950.0000000000
770354,10464531482830,btc_qm_engine,btc_sha256_nonce,3006634072.0000000000
770355,10464531483026,btc_qm_engine,btc_sha256_elapsed_ns,1082.0000000000
770356,10464531483172,btc_qm_engine,btc_sha256_nonce,861528716.0000000000
770357,10464531483390,btc_qm_engine,btc_leading_zeros,0.0000000000
770358,10464531483752,btc_qm_engine,btc_sha256_elapsed_ns,1091.0000000000
770359,10464531483903,btc_qm_engine,btc_sha256_nonce,2840057430.0000000000
770360,10464531484130,btc_qm_engine,btc_sha256_nonce,2883577034.0000000000
770361,10464531484206,btc_qm_engine,btc_leading_zeros,0.0000000000
770362,10464531484276,btc_qm_engine,btc_sha256_elapsed_ns,846.0000000000
770363,10464531484490,btc_qm_engine,btc_sha256_elapsed_ns,815.0000000000
770364,10464531484630,btc_qm_engine,btc_leading_zeros,1.0000000000
770365,10464531484707,btc_qm_engine,btc_sha256_elapsed_ns,937.0000000000
770366,10464531484911,btc_qm_engine,btc_leading_zeros,1.0000000000
770367,10464531485092,btc_qm_engine,btc_sha256_nonce,2713412258.0000000000
770368,10464531485360,btc_qm_engine,btc_sha256_elapsed_ns,926.0000000000
770369,10464531485520,btc_qm_engine,btc_sha256_nonce,2803862887.0000000000
770370,10464531485674,btc_qm_engine,btc_sha256_nonce,3865703696.0000000000
770371,10464531485934,btc_qm_engine,btc_leading_zeros,0.0000000000
770372,10464531486127,btc_qm_engine,btc_sha256_nonce,1958080226.0000000000
770373,10464531486486,btc_qm_engine,btc_leading_zeros,0.0000000000
770374,10464531486646,btc_qm_engine,btc_sha256_nonce,693684461.0000000000
770375,10464531486719,btc_qm_engine,btc_leading_zeros,3.0000000000
770376,10464531486869,btc_qm_engine,btc_sha256_nonce,2660124228.0000000000
770377,10464531487734,btc_qm_engine,btc_sha256_elapsed_ns,989.0000000000
770378,10464531489075,btc_qm_engine,btc_leading_zeros,0.0000000000
770379,10464531489149,btc_qm_engine,btc_sha256_elapsed_ns,1035.0000000000
770380,10464531489231,btc_qm_engine,btc_sha256_nonce,2764986104.0000000000
770381,10464531489306,btc_qm_engine,btc_leading_zeros,2.0000000000
770382,10464531489445,btc_qm_engine,btc_sha256_elapsed_ns,867.0000000000
770383,10464531489717,btc_qm_engine,btc_leading_zeros,0.0000000000
770384,10464531489853,btc_qm_engine,btc_sha256_elapsed_ns,1078.0000000000
770385,10464531489964,btc_qm_engine,btc_sha256_elapsed_ns,986.0000000000
770386,10464531490424,btc_qm_engine,btc_sha256_nonce,558037124.0000000000
770387,10464531490513,btc_qm_engine,btc_leading_zeros,0.0000000000
770388,10464531490584,btc_qm_engine,btc_sha256_elapsed_ns,1033.0000000000
770389,10464531491206,btc_qm_engine,btc_sha256_nonce,420302175.0000000000
770390,10464531491607,btc_qm_engine,btc_sha256_nonce,2762887390.0000000000
770391,10464531491801,btc_qm_engine,btc_sha256_nonce,2682392573.0000000000
770392,10464531492106,btc_qm_engine,btc_sha256_elapsed_ns,1124.0000000000
770393,10464531492470,btc_qm_engine,btc_leading_zeros,1.0000000000
770394,10464531492866,btc_qm_engine,btc_sha256_nonce,2499012749.0000000000
770395,10464531493011,btc_qm_engine,btc_leading_zeros,0.0000000000
770396,10464531493083,btc_qm_engine,btc_sha256_elapsed_ns,1108.0000000000
770397,10464531493245,btc_qm_engine,btc_sha256_nonce,2357284466.0000000000
770398,10464531493464,btc_qm_engine,btc_sha256_elapsed_ns,1093.0000000000
770399,10464531494217,btc_qm_engine,btc_sha256_nonce,3500641514.0000000000
770400,10464531494601,btc_qm_engine,btc_leading_zeros,0.0000000000
770401,10464531494854,btc_qm_engine,btc_leading_zeros,0.0000000000
770402,10464531494939,btc_qm_engine,btc_sha256_elapsed_ns,947.0000000000
770403,10464531495119,btc_qm_engine,btc_sha256_nonce,2587100231.0000000000
770404,10464531495530,btc_qm_engine,btc_leading_zeros,0.0000000000
770405,10464531495645,btc_qm_engine,btc_sha256_elapsed_ns,851.0000000000
770406,10464531495870,btc_qm_engine,btc_leading_zeros,3.0000000000
770407,10464531496011,btc_qm_engine,btc_sha256_elapsed_ns,1009.0000000000
770408,10464531496120,btc_qm_engine,btc_sha256_elapsed_ns,1092.0000000000
770409,10464531496246,btc_qm_engine,btc_sha256_nonce,3648375961.0000000000
770410,10464531496324,btc_qm_engine,btc_leading_zeros,0.0000000000
770411,10464531496395,btc_qm_engine,btc_sha256_elapsed_ns,1045.0000000000
770412,10464531497057,btc_qm_engine,btc_sha256_nonce,3758749902.0000000000
770413,10464531497128,btc_qm_engine,btc_leading_zeros,1.0000000000
770414,10464531497194,btc_qm_engine,btc_sha256_elapsed_ns,728.0000000000
770415,10464531497586,btc_qm_engine,btc_leading_zeros,1.0000000000
770416,10464531497816,btc_qm_engine,btc_sha256_nonce,3444782859.0000000000
770417,10464531497889,btc_qm_engine,btc_leading_zeros,0.0000000000
770418,10464531497960,btc_qm_engine,btc_sha256_elapsed_ns,1123.0000000000
770419,10464531498098,btc_qm_engine,btc_sha256_elapsed_ns,1081.0000000000
770420,10464531498362,btc_qm_engine,btc_sha256_nonce,749107022.0000000000
770421,10464531498436,btc_qm_engine,btc_leading_zeros,1.0000000000
770422,10464531498523,btc_qm_engine,btc_sha256_elapsed_ns,933.0000000000
770423,10464531498627,btc_qm_engine,btc_sha256_nonce,4221076607.0000000000
770424,10464531498764,btc_qm_engine,btc_leading_zeros,4.0000000000
770425,10464531499008,btc_qm_engine,btc_leading_zeros,0.0000000000
770426,10464531499082,btc_qm_engine,btc_sha256_elapsed_ns,1080.0000000000
770427,10464531499310,btc_qm_engine,btc_sha256_nonce,1756471919.0000000000
770428,10464531499792,btc_qm_engine,btc_sha256_nonce,3855885442.0000000000
770429,10464531499961,btc_qm_engine,btc_sha256_nonce,3678984837.0000000000
770430,10464531500278,btc_qm_engine,btc_sha256_elapsed_ns,1032.0000000000
770431,10464531500512,btc_qm_engine,btc_sha256_nonce,3720894946.0000000000
770432,10464531500764,btc_qm_engine,btc_leading_zeros,1.0000000000
770433,10464531500840,btc_qm_engine,btc_sha256_elapsed_ns,1099.0000000000
770434,10464531501126,btc_qm_engine,btc_leading_zeros,1.0000000000
770435,10464531501525,btc_qm_engine,btc_sha256_nonce,2787477636.0000000000
770436,10464531502196,btc_qm_engine,btc_sha256_nonce,4276008560.0000000000
770437,10464531502369,btc_qm_engine,btc_leading_zeros,0.0000000000
770438,10464531502438,btc_qm_engine,btc_sha256_elapsed_ns,998.0000000000
770439,10464531502527,btc_qm_engine,btc_sha256_nonce,3153401860.0000000000
770440,10464531502679,btc_qm_engine,btc_leading_zeros,2.0000000000
770441,10464531502993,btc_qm_engine,btc_sha256_elapsed_ns,1063.0000000000
770442,10464531503302,btc_qm_engine,btc_sha256_nonce,2466308790.0000000000
770443,10464531503536,btc_qm_engine,btc_leading_zeros,0.0000000000
770444,10464531503906,btc_qm_engine,btc_sha256_nonce,3086602506.0000000000
770445,10464531504183,btc_qm_engine,btc_leading_zeros,2.0000000000
770446,10464531504267,btc_qm_engine,btc_leading_zeros,0.0000000000
770447,10464531504589,btc_qm_engine,btc_sha256_elapsed_ns,739.0000000000
770448,10464531504978,btc_qm_engine,btc_sha256_elapsed_ns,1104.0000000000
770449,10464531505486,btc_qm_engine,btc_sha256_elapsed_ns,1067.0000000000
770450,10464531506231,btc_qm_engine,btc_sha256_nonce,2771324008.0000000000
770451,10464531506308,btc_qm_engine,btc_leading_zeros,8.0000000000
770452,10464531506379,btc_qm_engine,btc_sha256_elapsed_ns,1100.0000000000
770453,10464531506523,btc_qm_engine,btc_sha256_nonce,1045713522.0000000000
770454,10464531506596,btc_qm_engine,btc_leading_zeros,0.0000000000
770455,10464531506888,btc_qm_engine,btc_sha256_nonce,3686679374.0000000000
770456,10464531506968,btc_qm_engine,btc_leading_zeros,0.0000000000
770457,10464531507039,btc_qm_engine,btc_sha256_elapsed_ns,1102.0000000000
770458,10464531507228,btc_qm_engine,btc_sha256_nonce,2587382536.0000000000
770459,10464531507597,btc_qm_engine,btc_sha256_nonce,4110074592.0000000000
770460,10464531507821,btc_qm_engine,btc_leading_zeros,2.0000000000
770461,10464531507993,btc_qm_engine,btc_sha256_elapsed_ns,1019.0000000000
770462,10464531508323,btc_qm_engine,btc_leading_zeros,0.0000000000
770463,10464531508686,btc_qm_engine,btc_leading_zeros,2.0000000000
770464,10464531509026,btc_qm_engine,btc_leading_zeros,1.0000000000
770465,10464531509176,btc_qm_engine,btc_sha256_elapsed_ns,1042.0000000000
770466,10464531509264,btc_qm_engine,btc_sha256_nonce,1950678544.0000000000
770467,10464531509380,btc_qm_engine,btc_sha256_elapsed_ns,993.0000000000
770468,10464531509650,btc_qm_engine,btc_leading_zeros,4.0000000000
770469,10464531509721,btc_qm_engine,btc_sha256_elapsed_ns,1069.0000000000
770470,10464531509887,btc_qm_engine,btc_sha256_elapsed_ns,987.0000000000
770471,10464531510266,btc_qm_engine,btc_sha256_nonce,2051783514.0000000000
770472,10464531510568,btc_qm_engine,btc_sha256_nonce,241047016.0000000000
770473,10464531510782,btc_qm_engine,btc_leading_zeros,2.0000000000
770474,10464531510981,btc_qm_engine,btc_sha256_elapsed_ns,1065.0000000000
770475,10464531511395,btc_qm_engine,btc_sha256_nonce,584948491.0000000000
770476,10464531511628,btc_qm_engine,btc_leading_zeros,0.0000000000
770477,10464531511770,btc_qm_engine,btc_sha256_nonce,345204434.0000000000
770478,10464531512211,btc_qm_engine,btc_sha256_elapsed_ns,740.0000000000
770479,10464531512469,btc_qm_engine,btc_sha256_nonce,3244989755.0000000000
770480,10464531512781,btc_qm_engine,btc_sha256_nonce,3592572028.0000000000
770481,10464531513506,btc_qm_engine,btc_leading_zeros,0.0000000000
770482,10464531513622,btc_qm_engine,btc_leading_zeros,0.0000000000
770483,10464531513845,btc_qm_engine,btc_sha256_nonce,2524674163.0000000000
770484,10464531514022,btc_qm_engine,btc_leading_zeros,0.0000000000
770485,10464531514300,btc_qm_engine,btc_sha256_elapsed_ns,1067.0000000000
770486,10464531514748,btc_qm_engine,btc_sha256_elapsed_ns,1083.0000000000
770487,10464531515488,btc_qm_engine,btc_sha256_elapsed_ns,1041.0000000000
770488,10464531515889,btc_qm_engine,btc_leading_zeros,0.0000000000
770489,10464531516023,btc_qm_engine,btc_sha256_elapsed_ns,890.0000000000
770490,10464531516315,btc_qm_engine,btc_sha256_elapsed_ns,851.0000000000
770491,10464531516809,btc_qm_engine,btc_leading_zeros,0.0000000000
770492,10464531517196,btc_qm_engine,btc_sha256_elapsed_ns,1122.0000000000
770493,10464531517488,btc_qm_engine,btc_sha256_nonce,754655820.0000000000
770494,10464531517695,btc_qm_engine,btc_sha256_nonce,3349872999.0000000000
770495,10464531518017,btc_qm_engine,btc_sha256_nonce,2466275443.0000000000
770496,10464531518309,btc_qm_engine,btc_leading_zeros,0.0000000000
770497,10464531518530,btc_qm_engine,btc_sha256_nonce,3414814848.0000000000
770498,10464531518603,btc_qm_engine,btc_leading_zeros,1.0000000000
770499,10464531518719,btc_qm_engine,btc_sha256_elapsed_ns,1064.0000000000
770500,10464531518882,btc_qm_engine,btc_sha256_nonce,4286741558.0000000000
770501,10464531519324,btc_qm_engine,btc_sha256_elapsed_ns,1085.0000000000
770502,10464531519765,btc_qm_engine,btc_leading_zeros,0.0000000000
770503,10464531519915,btc_qm_engine,btc_sha256_nonce,1488935591.0000000000
770504,10464531520031,btc_qm_engine,btc_leading_zeros,2.0000000000
770505,10464531520124,btc_qm_engine,btc_sha256_elapsed_ns,1092.0000000000
770506,10464531520441,btc_qm_engine,btc_leading_zeros,0.0000000000
770507,10464531520719,btc_qm_engine,btc_sha256_elapsed_ns,1013.0000000000
770508,10464531520884,btc_qm_engine,btc_sha256_elapsed_ns,1123.0000000000
770509,10464531521048,btc_qm_engine,btc_sha256_nonce,4030648218.0000000000
770510,10464531521132,btc_qm_engine,btc_leading_zeros,4.0000000000
770511,10464531521193,btc_qm_engine,btc_sha256_elapsed_ns,1072.0000000000
770512,10464531521433,btc_qm_engine,btc_sha256_nonce,2108938148.0000000000
770513,10464531521837,btc_qm_engine,btc_leading_zeros,2.0000000000
770514,10464531522042,btc_qm_engine,btc_sha256_nonce,4241295753.0000000000
770515,10464531522118,btc_qm_engine,btc_leading_zeros,2.0000000000
770516,10464531522203,btc_qm_engine,btc_sha256_elapsed_ns,1014.0000000000
770517,10464531522331,btc_qm_engine,btc_sha256_elapsed_ns,1086.0000000000
770518,10464531522531,btc_qm_engine,btc_sha256_nonce,425034187.0000000000
770519,10464531522910,btc_qm_engine,btc_leading_zeros,0.0000000000
770520,10464531523143,btc_qm_engine,btc_sha256_nonce,3551723769.0000000000
770521,10464531523213,btc_qm_engine,btc_leading_zeros,0.0000000000
770522,10464531523266,btc_qm_engine,btc_sha256_elapsed_ns,728.0000000000
770523,10464531523450,btc_qm_engine,btc_sha256_elapsed_ns,979.0000000000
770524,10464531523724,btc_qm_engine,btc_sha256_nonce,1964746741.0000000000
770525,10464531523803,btc_qm_engine,btc_leading_zeros,1.0000000000
770526,10464531523874,btc_qm_engine,btc_sha256_elapsed_ns,1099.0000000000
770527,10464531524095,btc_qm_engine,btc_leading_zeros,0.0000000000
770528,10464531524234,btc_qm_engine,btc_leading_zeros,9.0000000000
770529,10464531524355,btc_qm_engine,btc_sha256_elapsed_ns,1004.0000000000
770530,10464531524463,btc_qm_engine,btc_sha256_elapsed_ns,1045.0000000000
770531,10464531524764,btc_qm_engine,btc_sha256_nonce,130596332.0000000000
770532,10464531525196,btc_qm_engine,btc_sha256_nonce,4282738296.0000000000
770533,10464531525284,btc_qm_engine,btc_leading_zeros,1.0000000000
770534,10464531525432,btc_qm_engine,btc_leading_zeros,1.0000000000
770535,10464531525510,btc_qm_engine,btc_sha256_elapsed_ns,1056.0000000000
770536,10464531525639,btc_qm_engine,btc_sha256_nonce,1924978401.0000000000
770537,10464531525723,btc_qm_engine,btc_leading_zeros,0.0000000000
770538,10464531525922,btc_qm_engine,btc_sha256_nonce,2786555859.0000000000
770539,10464531526153,btc_qm_engine,btc_sha256_nonce,3779609721.0000000000
770540,10464531526465,btc_qm_engine,btc_sha256_elapsed_ns,1008.0000000000
770541,10464531526666,btc_qm_engine,btc_sha256_nonce,3647215717.0000000000
770542,10464531526739,btc_qm_engine,btc_leading_zeros,1.0000000000
770543,10464531526796,btc_qm_engine,btc_sha256_elapsed_ns,893.0000000000
770544,10464531527899,btc_qm_engine,btc_sha256_elapsed_ns,1135.0000000000
770545,10464531528241,btc_qm_engine,btc_leading_zeros,2.0000000000
770546,10464531528331,btc_qm_engine,btc_sha256_elapsed_ns,1001.0000000000
770547,10464531528654,btc_qm_engine,btc_sha256_nonce,3600667985.0000000000
770548,10464531528727,btc_qm_engine,btc_leading_zeros,1.0000000000
770549,10464531528951,btc_qm_engine,btc_sha256_elapsed_ns,1011.0000000000
770550,10464531529244,btc_qm_engine,btc_leading_zeros,1.0000000000
770551,10464531529369,btc_qm_engine,btc_sha256_nonce,1817614940.0000000000
770552,10464531529570,btc_qm_engine,btc_sha256_nonce,2786380208.0000000000
770553,10464531529651,btc_qm_engine,btc_leading_zeros,2.0000000000
770554,10464531529755,btc_qm_engine,btc_sha256_elapsed_ns,953.0000000000
770555,10464531529977,btc_qm_engine,btc_sha256_elapsed_ns,952.0000000000
770556,10464531530154,btc_qm_engine,btc_leading_zeros,3.0000000000
770557,10464531530267,btc_qm_engine,btc_sha256_elapsed_ns,1012.0000000000
770558,10464531530535,btc_qm_engine,btc_sha256_nonce,689399630.0000000000
770559,10464531530610,btc_qm_engine,btc_leading_zeros,1.0000000000
770560,10464531531026,btc_qm_engine,btc_sha256_elapsed_ns,969.0000000000
770561,10464531531220,btc_qm_engine,btc_sha256_nonce,983778722.0000000000
770562,10464531531544,btc_qm_engine,btc_sha256_nonce,1942016022.0000000000
770563,10464531531636,btc_qm_engine,btc_leading_zeros,0.0000000000
770564,10464531531693,btc_qm_engine,btc_sha256_elapsed_ns,1015.0000000000
770565,10464531531816,btc_qm_engine,btc_sha256_nonce,1705451593.0000000000
770566,10464531532061,btc_qm_engine,btc_leading_zeros,0.0000000000
770567,10464531532278,btc_qm_engine,btc_sha256_nonce,2985504948.0000000000
770568,10464531532443,btc_qm_engine,btc_sha256_nonce,663151160.0000000000
770569,10464531532595,btc_qm_engine,btc_leading_zeros,0.0000000000
770570,10464531532668,btc_qm_engine,btc_sha256_elapsed_ns,867.0000000000
770571,10464531532830,btc_qm_engine,btc_sha256_nonce,1378311208.0000000000
770572,10464531533446,btc_qm_engine,btc_leading_zeros,1.0000000000
770573,10464531533681,btc_qm_engine,btc_sha256_nonce,3344845380.0000000000
770574,10464531533814,btc_qm_engine,btc_leading_zeros,4.0000000000
770575,10464531534003,btc_qm_engine,btc_sha256_elapsed_ns,999.0000000000
770576,10464531534201,btc_qm_engine,btc_leading_zeros,0.0000000000
770577,10464531534398,btc_qm_engine,btc_sha256_elapsed_ns,856.0000000000
770578,10464531535034,btc_qm_engine,btc_sha256_nonce,92999857.0000000000
770579,10464531535317,btc_qm_engine,btc_leading_zeros,0.0000000000
770580,10464531535523,btc_qm_engine,btc_sha256_elapsed_ns,922.0000000000
770581,10464531535641,btc_qm_engine,btc_sha256_nonce,3145802686.0000000000
770582,10464531535725,btc_qm_engine,btc_leading_zeros,0.0000000000
770583,10464531535794,btc_qm_engine,btc_sha256_elapsed_ns,1039.0000000000
770584,10464531535975,btc_qm_engine,btc_leading_zeros,2.0000000000
770585,10464531536315,btc_qm_engine,btc_sha256_elapsed_ns,1037.0000000000
770586,10464531536428,btc_qm_engine,btc_sha256_nonce,3647239930.0000000000
770587,10464531536508,btc_qm_engine,btc_leading_zeros,4.0000000000
770588,10464531536571,btc_qm_engine,btc_sha256_elapsed_ns,1061.0000000000
770589,10464531536697,btc_qm_engine,btc_sha256_nonce,240758860.0000000000
770590,10464531536781,btc_qm_engine,btc_leading_zeros,0.0000000000
770591,10464531536830,btc_qm_engine,btc_sha256_elapsed_ns,745.0000000000
770592,10464531537127,btc_qm_engine,btc_sha256_nonce,3698443813.0000000000
770593,10464531537211,btc_qm_engine,btc_leading_zeros,0.0000000000
770594,10464531537278,btc_qm_engine,btc_sha256_elapsed_ns,1072.0000000000
770595,10464531537572,btc_qm_engine,btc_sha256_nonce,3077571135.0000000000
770596,10464531537918,btc_qm_engine,btc_sha256_nonce,240548982.0000000000
770597,10464531538080,btc_qm_engine,btc_sha256_nonce,1451449291.0000000000
770598,10464531538439,btc_qm_engine,btc_sha256_elapsed_ns,1095.0000000000
770599,10464531538609,btc_qm_engine,btc_leading_zeros,0.0000000000
770600,10464531538688,btc_qm_engine,btc_sha256_elapsed_ns,822.0000000000
770601,10464531539091,btc_qm_engine,btc_sha256_nonce,1966128866.0000000000
770602,10464531539446,btc_qm_engine,btc_leading_zeros,0.0000000000
770603,10464531539857,btc_qm_engine,btc_sha256_nonce,1571637936.0000000000
770604,10464531539968,btc_qm_engine,btc_sha256_nonce,1844382252.0000000000
770605,10464531540043,btc_qm_engine,btc_leading_zeros,0.0000000000
770606,10464531540110,btc_qm_engine,btc_sha256_elapsed_ns,1065.0000000000
770607,10464531540348,btc_qm_engine,btc_leading_zeros,1.0000000000
770608,10464531540507,btc_qm_engine,btc_leading_zeros,3.0000000000
770609,10464531545800,btc_qm_engine,btc_sha256_elapsed_ns,1151.0000000000
770610,10464531546917,btc_qm_engine,btc_sha256_nonce,2234143523.0000000000
770611,10464531547583,btc_qm_engine,btc_sha256_nonce,4190577762.0000000000
770612,10464531547775,btc_qm_engine,btc_leading_zeros,0.0000000000
770613,10464531548460,btc_qm_engine,btc_sha256_elapsed_ns,922.0000000000
770614,10464531548640,btc_qm_engine,btc_leading_zeros,0.0000000000
770615,10464531548718,btc_qm_engine,btc_sha256_elapsed_ns,1072.0000000000
770616,10464531549899,btc_qm_engine,btc_sha256_elapsed_ns,965.0000000000
770617,10464531550082,btc_qm_engine,btc_sha256_nonce,2175161295.0000000000
770618,10464531550155,btc_qm_engine,btc_leading_zeros,0.0000000000
770619,10464531550218,btc_qm_engine,btc_sha256_elapsed_ns,1104.0000000000
770620,10464531550392,btc_qm_engine,btc_sha256_elapsed_ns,1070.0000000000
770621,10464531550691,btc_qm_engine,btc_sha256_nonce,825771551.0000000000
770622,10464531550776,btc_qm_engine,btc_leading_zeros,1.0000000000
770623,10464531550852,btc_qm_engine,btc_sha256_elapsed_ns,1111.0000000000
770624,10464531551500,btc_qm_engine,btc_sha256_nonce,240506922.0000000000
770625,10464531551678,btc_qm_engine,btc_sha256_nonce,3953923761.0000000000
770626,10464531551943,btc_qm_engine,btc_sha256_nonce,715124322.0000000000
770627,10464531552241,btc_qm_engine,btc_sha256_nonce,3697555761.0000000000
770628,10464531553034,btc_qm_engine,btc_leading_zeros,2.0000000000
770629,10464531553248,btc_qm_engine,btc_leading_zeros,0.0000000000
770630,10464531553471,btc_qm_engine,btc_sha256_elapsed_ns,981.0000000000
770631,10464531553705,btc_qm_engine,btc_sha256_elapsed_ns,956.0000000000
770632,10464531553995,btc_qm_engine,btc_leading_zeros,0.0000000000
770633,10464531554455,btc_qm_engine,btc_sha256_elapsed_ns,1008.0000000000
770634,10464531554660,btc_qm_engine,btc_leading_zeros,1.0000000000
770635,10464531554728,btc_qm_engine,btc_sha256_elapsed_ns,1052.0000000000
770636,10464531554981,btc_qm_engine,btc_sha256_nonce,1275091193.0000000000
770637,10464531555051,btc_qm_engine,btc_leading_zeros,2.0000000000
770638,10464531555115,btc_qm_engine,btc_sha256_elapsed_ns,995.0000000000
770639,10464531555376,btc_qm_engine,btc_sha256_nonce,4108035101.0000000000
770640,10464531555576,btc_qm_engine,btc_sha256_elapsed_ns,1104.0000000000
770641,10464531555893,btc_qm_engine,btc_sha256_nonce,2051838003.0000000000
770642,10464531556023,btc_qm_engine,btc_leading_zeros,0.0000000000
770643,10464531556463,btc_qm_engine,btc_sha256_nonce,2047788676.0000000000
770644,10464531556546,btc_qm_engine,btc_leading_zeros,1.0000000000
770645,10464531556738,btc_qm_engine,btc_sha256_elapsed_ns,1076.0000000000
770646,10464531556878,btc_qm_engine,btc_sha256_nonce,4013261996.0000000000
770647,10464531557038,btc_qm_engine,btc_leading_zeros,0.0000000000
770648,10464531557169,btc_qm_engine,btc_sha256_elapsed_ns,1124.0000000000
770649,10464531557407,btc_qm_engine,btc_leading_zeros,2.0000000000
770650,10464531557782,btc_qm_engine,btc_leading_zeros,2.0000000000
770651,10464531558046,btc_qm_engine,btc_sha256_nonce,1462367293.0000000000
770652,10464531558177,btc_qm_engine,btc_leading_zeros,0.0000000000
770653,10464531558253,btc_qm_engine,btc_sha256_elapsed_ns,1025.0000000000
770654,10464531558430,btc_qm_engine,btc_sha256_nonce,3779021757.0000000000
770655,10464531558535,btc_qm_engine,btc_leading_zeros,1.0000000000
770656,10464531558595,btc_qm_engine,btc_sha256_elapsed_ns,926.0000000000
770657,10464531558719,btc_qm_engine,btc_sha256_nonce,3647914027.0000000000
770658,10464531558840,btc_qm_engine,btc_sha256_elapsed_ns,938.0000000000
770659,10464531559105,btc_qm_engine,btc_leading_zeros,4.0000000000
770660,10464531559196,btc_qm_engine,btc_sha256_elapsed_ns,1092.0000000000
770661,10464531559299,btc_qm_engine,btc_sha256_elapsed_ns,1130.0000000000
770662,10464531559517,btc_qm_engine,btc_sha256_nonce,2787124955.0000000000
770663,10464531559592,btc_qm_engine,btc_leading_zeros,2.0000000000
770664,10464531559659,btc_qm_engine,btc_sha256_elapsed_ns,977.0000000000
770665,10464531559834,btc_qm_engine,btc_sha256_nonce,3348805662.0000000000
770666,10464531559912,btc_qm_engine,btc_leading_zeros,0.0000000000
770667,10464531559982,btc_qm_engine,btc_sha256_elapsed_ns,978.0000000000
770668,10464531560347,btc_qm_engine,btc_sha256_elapsed_ns,1108.0000000000
770669,10464531560535,btc_qm_engine,btc_sha256_nonce,2114778373.0000000000
770670,10464531560610,btc_qm_engine,btc_leading_zeros,0.0000000000
770671,10464531560809,btc_qm_engine,btc_sha256_nonce,241244559.0000000000
770672,10464531561010,btc_qm_engine,btc_sha256_nonce,517461338.0000000000
770673,10464531561245,btc_qm_engine,btc_sha256_nonce,2109864443.0000000000
770674,10464531561321,btc_qm_engine,btc_leading_zeros,0.0000000000
770675,10464531561411,btc_qm_engine,btc_sha256_elapsed_ns,1027.0000000000
770676,10464531561555,btc_qm_engine,btc_sha256_nonce,2166567955.0000000000
770677,10464531561718,btc_qm_engine,btc_leading_zeros,0.0000000000
770678,10464531561905,btc_qm_engine,btc_sha256_elapsed_ns,1096.0000000000
770679,10464531562336,btc_qm_engine,btc_leading_zeros,0.0000000000
770680,10464531562422,btc_qm_engine,btc_sha256_elapsed_ns,1075.0000000000
770681,10464531562914,btc_qm_engine,btc_leading_zeros,0.0000000000
770682,10464531563079,btc_qm_engine,btc_sha256_nonce,1123975169.0000000000
770683,10464531563335,btc_qm_engine,btc_sha256_nonce,3385447513.0000000000
770684,10464531563862,btc_qm_engine,btc_sha256_elapsed_ns,856.0000000000
770685,10464531563991,btc_qm_engine,btc_leading_zeros,0.0000000000
770686,10464531564273,btc_qm_engine,btc_sha256_elapsed_ns,973.0000000000
770687,10464531564515,btc_qm_engine,btc_sha256_elapsed_ns,859.0000000000
770688,10464531565017,btc_qm_engine,btc_sha256_nonce,3733577844.0000000000
770689,10464531565365,btc_qm_engine,btc_leading_zeros,0.0000000000
770690,10464531565434,btc_qm_engine,btc_sha256_elapsed_ns,1069.0000000000
770691,10464531565648,btc_qm_engine,btc_sha256_nonce,2588150749.0000000000
770692,10464531565847,btc_qm_engine,btc_sha256_nonce,2164058198.0000000000
770693,10464531565918,btc_qm_engine,btc_leading_zeros,4.0000000000
770694,10464531566040,btc_qm_engine,btc_sha256_elapsed_ns,993.0000000000
770695,10464531566150,btc_qm_engine,btc_leading_zeros,0.0000000000
770696,10464531566356,btc_qm_engine,btc_sha256_nonce,3680539696.0000000000
770697,10464531566695,btc_qm_engine,btc_sha256_elapsed_ns,1088.0000000000
770698,10464531566962,btc_qm_engine,btc_sha256_nonce,1978310587.0000000000
770699,10464531567246,btc_qm_engine,btc_sha256_nonce,3882321422.0000000000
770700,10464531567326,btc_qm_engine,btc_leading_zeros,0.0000000000
770701,10464531567382,btc_qm_engine,btc_sha256_elapsed_ns,983.0000000000
770702,10464531567593,btc_qm_engine,btc_leading_zeros,2.0000000000
770703,10464531568025,btc_qm_engine,btc_sha256_elapsed_ns,1016.0000000000
770704,10464531568297,btc_qm_engine,btc_leading_zeros,0.0000000000
770705,10464531568493,btc_qm_engine,btc_sha256_elapsed_ns,1107.0000000000
770706,10464531568961,btc_qm_engine,btc_sha256_nonce,2560431977.0000000000
770707,10464531569512,btc_qm_engine,btc_sha256_elapsed_ns,1085.0000000000
770708,10464531569777,btc_qm_engine,btc_sha256_nonce,2355878056.0000000000
770709,10464531569851,btc_qm_engine,btc_leading_zeros,0.0000000000
770710,10464531569904,btc_qm_engine,btc_sha256_elapsed_ns,920.0000000000
770711,10464531570095,btc_qm_engine,btc_sha256_nonce,2588054896.0000000000
770712,10464531570194,btc_qm_engine,btc_leading_zeros,0.0000000000
770713,10464531570263,btc_qm_engine,btc_sha256_elapsed_ns,1070.0000000000
770714,10464531570848,btc_qm_engine,btc_sha256_nonce,1948714771.0000000000
770715,10464531570924,btc_qm_engine,btc_leading_zeros,0.0000000000
770716,10464531570981,btc_qm_engine,btc_sha256_elapsed_ns,738.0000000000
770717,10464531571164,btc_qm_engine,btc_sha256_nonce,3007702732.0000000000
770718,10464531571433,btc_qm_engine,btc_sha256_nonce,561230098.0000000000
770719,10464531571675,btc_qm_engine,btc_leading_zeros,0.0000000000
770720,10464531571752,btc_qm_engine,btc_sha256_elapsed_ns,1042.0000000000
770721,10464531572025,btc_qm_engine,btc_leading_zeros,0.0000000000
770722,10464531572126,btc_qm_engine,btc_sha256_nonce,3903228998.0000000000
770723,10464531572389,btc_qm_engine,btc_sha256_elapsed_ns,1023.0000000000
770724,10464531572596,btc_qm_engine,btc_leading_zeros,0.0000000000
770725,10464531572668,btc_qm_engine,btc_sha256_elapsed_ns,1012.0000000000
770726,10464531572754,btc_qm_engine,btc_leading_zeros,0.0000000000
770727,10464531573039,btc_qm_engine,btc_sha256_nonce,1941609675.0000000000
770728,10464531573117,btc_qm_engine,btc_leading_zeros,1.0000000000
770729,10464531573206,btc_qm_engine,btc_leading_zeros,0.0000000000
770730,10464531573592,btc_qm_engine,btc_sha256_elapsed_ns,1044.0000000000
770731,10464531573812,btc_qm_engine,btc_sha256_elapsed_ns,1097.0000000000
770732,10464531574014,btc_qm_engine,btc_sha256_nonce,1349265279.0000000000
770733,10464531574567,btc_qm_engine,btc_sha256_nonce,663285783.0000000000
770734,10464531574897,btc_qm_engine,btc_sha256_nonce,3646605964.0000000000
770735,10464531575131,btc_qm_engine,btc_leading_zeros,2.0000000000
770736,10464531575271,btc_qm_engine,btc_sha256_elapsed_ns,1122.0000000000
770737,10464531575616,btc_qm_engine,btc_leading_zeros,3.0000000000
770738,10464531575756,btc_qm_engine,btc_leading_zeros,0.0000000000
770739,10464531575907,btc_qm_engine,btc_sha256_elapsed_ns,930.0000000000
770740,10464531576109,btc_qm_engine,btc_sha256_elapsed_ns,791.0000000000
770741,10464531576346,btc_qm_engine,btc_sha256_elapsed_ns,1085.0000000000
770742,10464531576724,btc_qm_engine,btc_sha256_nonce,3694121045.0000000000
770743,10464531576801,btc_qm_engine,btc_leading_zeros,0.0000000000
770744,10464531576871,btc_qm_engine,btc_sha256_elapsed_ns,1105.0000000000
770745,10464531577441,btc_qm_engine,btc_sha256_nonce,1941055648.0000000000
770746,10464531577659,btc_qm_engine,btc_leading_zeros,0.0000000000
770747,10464531577722,btc_qm_engine,btc_sha256_nonce,2686752170.0000000000
770748,10464531577793,btc_qm_engine,btc_leading_zeros,0.0000000000
770749,10464531577877,btc_qm_engine,btc_sha256_elapsed_ns,1025.0000000000
770750,10464531578090,btc_qm_engine,btc_sha256_nonce,2239088639.0000000000
770751,10464531578327,btc_qm_engine,btc_sha256_nonce,4041027968.0000000000
770752,10464531579074,btc_qm_engine,btc_sha256_elapsed_ns,1079.0000000000
770753,10464531579200,btc_qm_engine,btc_leading_zeros,1.0000000000
770754,10464531579438,btc_qm_engine,btc_sha256_elapsed_ns,1098.0000000000
770755,10464531579572,btc_qm_engine,btc_sha256_nonce,2646205289.0000000000
770756,10464531579838,btc_qm_engine,btc_leading_zeros,0.0000000000
770757,10464531580163,btc_qm_engine,btc_sha256_nonce,3920271174.0000000000
770758,10464531580326,btc_qm_engine,btc_sha256_elapsed_ns,1063.0000000000
770759,10464531580462,btc_qm_engine,btc_sha256_nonce,2988992364.0000000000
770760,10464531580899,btc_qm_engine,btc_sha256_nonce,931427189.0000000000
770761,10464531581017,btc_qm_engine,btc_leading_zeros,3.0000000000
770762,10464531581093,btc_qm_engine,btc_sha256_elapsed_ns,901.0000000000
770763,10464531581257,btc_qm_engine,btc_leading_zeros,1.0000000000
770764,10464531581329,btc_qm_engine,btc_sha256_elapsed_ns,746.0000000000
770765,10464531581514,btc_qm_engine,btc_sha256_nonce,1064107479.0000000000
770766,10464531581858,btc_qm_engine,btc_leading_zeros,0.0000000000
770767,10464531581936,btc_qm_engine,btc_sha256_elapsed_ns,984.0000000000
770768,10464531582131,btc_qm_engine,btc_leading_zeros,1.0000000000
770769,10464531582244,btc_qm_engine,btc_sha256_elapsed_ns,924.0000000000
770770,10464531582433,btc_qm_engine,btc_sha256_nonce,1529315060.0000000000
770771,10464531582613,btc_qm_engine,btc_sha256_nonce,114342829.0000000000
770772,10464531582767,btc_qm_engine,btc_sha256_nonce,3685022971.0000000000
770773,10464531582914,btc_qm_engine,btc_leading_zeros,2.0000000000
770774,10464531583123,btc_qm_engine,btc_leading_zeros,1.0000000000
770775,10464531583292,btc_qm_engine,btc_leading_zeros,3.0000000000
770776,10464531583560,btc_qm_engine,btc_sha256_nonce,1492298782.0000000000
770777,10464531583750,btc_qm_engine,btc_sha256_nonce,2786595467.0000000000
770778,10464531584362,btc_qm_engine,btc_leading_zeros,0.0000000000
770779,10464531584593,btc_qm_engine,btc_leading_zeros,1.0000000000
770780,10464531584698,btc_qm_engine,btc_sha256_elapsed_ns,1091.0000000000
770781,10464531584840,btc_qm_engine,btc_leading_zeros,0.0000000000
770782,10464531585183,btc_qm_engine,btc_sha256_elapsed_ns,1017.0000000000
770783,10464531585336,btc_qm_engine,btc_sha256_elapsed_ns,1075.0000000000
770784,10464531585513,btc_qm_engine,btc_sha256_nonce,2947601807.0000000000
770785,10464531585709,btc_qm_engine,btc_sha256_elapsed_ns,1132.0000000000
770786,10464531586005,btc_qm_engine,btc_leading_zeros,1.0000000000
770787,10464531586211,btc_qm_engine,btc_sha256_elapsed_ns,1079.0000000000
770788,10464531586438,btc_qm_engine,btc_sha256_elapsed_ns,1054.0000000000
770789,10464531587020,btc_qm_engine,btc_sha256_nonce,2423992411.0000000000
770790,10464531587446,btc_qm_engine,btc_sha256_nonce,2786594660.0000000000
770791,10464531587671,btc_qm_engine,btc_leading_zeros,0.0000000000
770792,10464531587880,btc_qm_engine,btc_sha256_nonce,1350120597.0000000000
770793,10464531588087,btc_qm_engine,btc_leading_zeros,1.0000000000
770794,10464531588573,btc_qm_engine,btc_sha256_elapsed_ns,1109.0000000000
770795,10464531588825,btc_qm_engine,btc_leading_zeros,1.0000000000
770796,10464531588900,btc_qm_engine,btc_sha256_elapsed_ns,1107.0000000000
770797,10464531589043,btc_qm_engine,btc_sha256_nonce,2466424049.0000000000
770798,10464531589154,btc_qm_engine,btc_sha256_nonce,2356873355.0000000000
770799,10464531589293,btc_qm_engine,btc_sha256_elapsed_ns,1000.0000000000
770800,10464531589459,btc_qm_engine,btc_leading_zeros,0.0000000000
770801,10464531589611,btc_qm_engine,btc_sha256_elapsed_ns,1107.0000000000
770802,10464531590063,btc_qm_engine,btc_sha256_nonce,2999832635.0000000000
770803,10464531590345,btc_qm_engine,btc_sha256_elapsed_ns,1003.0000000000
770804,10464531590538,btc_qm_engine,btc_leading_zeros,0.0000000000
770805,10464531591148,btc_qm_engine,btc_sha256_nonce,721294265.0000000000
770806,10464531591474,btc_qm_engine,btc_sha256_nonce,3116098735.0000000000
770807,10464531591550,btc_qm_engine,btc_leading_zeros,0.0000000000
770808,10464531591749,btc_qm_engine,btc_leading_zeros,0.0000000000
770809,10464531591990,btc_qm_engine,btc_leading_zeros,1.0000000000
770810,10464531592067,btc_qm_engine,btc_sha256_elapsed_ns,939.0000000000
770811,10464531592187,btc_qm_engine,btc_sha256_elapsed_ns,1113.0000000000
770812,10464531592496,btc_qm_engine,btc_sha256_nonce,1808612186.0000000000
770813,10464531592955,btc_qm_engine,btc_leading_zeros,3.0000000000
770814,10464531593035,btc_qm_engine,btc_sha256_elapsed_ns,933.0000000000
770815,10464531593351,btc_qm_engine,btc_sha256_nonce,3647406479.0000000000
770816,10464531593572,btc_qm_engine,btc_sha256_elapsed_ns,977.0000000000
770817,10464531593704,btc_qm_engine,btc_sha256_nonce,1585208861.0000000000
770818,10464531593851,btc_qm_engine,btc_leading_zeros,2.0000000000
770819,10464531594255,btc_qm_engine,btc_sha256_elapsed_ns,934.0000000000
770820,10464531594919,btc_qm_engine,btc_leading_zeros,2.0000000000
770821,10464531595320,btc_qm_engine,btc_sha256_elapsed_ns,1091.0000000000
770822,10464531595482,btc_qm_engine,btc_sha256_nonce,4151167441.0000000000
770823,10464531595944,btc_qm_engine,btc_leading_zeros,0.0000000000
770824,10464531596181,btc_qm_engine,btc_sha256_nonce,2786276503.0000000000
770825,10464531596575,btc_qm_engine,btc_sha256_nonce,240712773.0000000000
770826,10464531596658,btc_qm_engine,btc_leading_zeros,0.0000000000
770827,10464531596734,btc_qm_engine,btc_sha256_elapsed_ns,1019.0000000000
770828,10464531596980,btc_qm_engine,btc_sha256_nonce,131817879.0000000000
770829,10464531597150,btc_qm_engine,btc_sha256_elapsed_ns,1069.0000000000
770830,10464531597530,btc_qm_engine,btc_leading_zeros,0.0000000000
770831,10464531597882,btc_qm_engine,btc_sha256_elapsed_ns,1010.0000000000
770832,10464531598061,btc_qm_engine,btc_sha256_nonce,3955282774.0000000000
770833,10464531598156,btc_qm_engine,btc_leading_zeros,1.0000000000
770834,10464531598216,btc_qm_engine,btc_sha256_elapsed_ns,1096.0000000000
770835,10464531598852,btc_qm_engine,btc_sha256_elapsed_ns,1071.0000000000
770836,10464531599258,btc_qm_engine,btc_sha256_nonce,2867389346.0000000000
770837,10464531599516,btc_qm_engine,btc_sha256_nonce,241200295.0000000000
770838,10464531599620,btc_qm_engine,btc_leading_zeros,2.0000000000
770839,10464531599689,btc_qm_engine,btc_sha256_elapsed_ns,1030.0000000000
770840,10464531599802,btc_qm_engine,btc_sha256_nonce,1159771853.0000000000
770841,10464531599905,btc_qm_engine,btc_leading_zeros,3.0000000000
770842,10464531600028,btc_qm_engine,btc_leading_zeros,2.0000000000
770843,10464531600106,btc_qm_engine,btc_sha256_elapsed_ns,867.0000000000
770844,10464531600208,btc_qm_engine,btc_leading_zeros,4.0000000000
770845,10464531600282,btc_qm_engine,btc_sha256_elapsed_ns,1065.0000000000
770846,10464531600541,btc_qm_engine,btc_sha256_nonce,2995722254.0000000000
770847,10464531600945,btc_qm_engine,btc_sha256_elapsed_ns,1074.0000000000
770848,10464531601148,btc_qm_engine,btc_sha256_nonce,2381539870.0000000000
770849,10464531601278,btc_qm_engine,btc_sha256_nonce,2052181765.0000000000
770850,10464531601359,btc_qm_engine,btc_leading_zeros,0.0000000000
770851,10464531601462,btc_qm_engine,btc_sha256_elapsed_ns,894.0000000000
770852,10464531601575,btc_qm_engine,btc_sha256_nonce,874353347.0000000000
770853,10464531601701,btc_qm_engine,btc_sha256_nonce,2540495145.0000000000
770854,10464531601851,btc_qm_engine,btc_leading_zeros,0.0000000000
770855,10464531601993,btc_qm_engine,btc_leading_zeros,0.0000000000
770856,10464531602396,btc_qm_engine,btc_leading_zeros,0.0000000000
770857,10464531602626,btc_qm_engine,btc_sha256_nonce,2485803825.0000000000
770858,10464531602783,btc_qm_engine,btc_sha256_nonce,1407834447.0000000000
770859,10464531603348,btc_qm_engine,btc_sha256_elapsed_ns,1036.0000000000
770860,10464531603888,btc_qm_engine,btc_sha256_nonce,2449952048.0000000000
770861,10464531604165,btc_qm_engine,btc_leading_zeros,1.0000000000
770862,10464531604215,btc_qm_engine,btc_sha256_elapsed_ns,1059.0000000000
770863,10464531604593,btc_qm_engine,btc_sha256_elapsed_ns,1084.0000000000
770864,10464531604745,btc_qm_engine,btc_sha256_elapsed_ns,1089.0000000000
770865,10464531604936,btc_qm_engine,btc_sha256_nonce,2943744596.0000000000
770866,10464531605003,btc_qm_engine,btc_leading_zeros,0.0000000000
770867,10464531605076,btc_qm_engine,btc_sha256_elapsed_ns,1006.0000000000
770868,10464531605211,btc_qm_engine,btc_sha256_nonce,894083381.0000000000
770869,10464531605285,btc_qm_engine,btc_leading_zeros,0.0000000000
770870,10464531605350,btc_qm_engine,btc_sha256_elapsed_ns,749.0000000000
770871,10464531606023,btc_qm_engine,btc_sha256_nonce,458787534.0000000000
770872,10464531606208,btc_qm_engine,btc_sha256_nonce,701862492.0000000000
770873,10464531606360,btc_qm_engine,btc_sha256_nonce,2209780393.0000000000
770874,10464531606594,btc_qm_engine,btc_leading_zeros,0.0000000000
770875,10464531606872,btc_qm_engine,btc_sha256_nonce,2969171269.0000000000
770876,10464531607004,btc_qm_engine,btc_leading_zeros,2.0000000000
770877,10464531607166,btc_qm_engine,btc_sha256_elapsed_ns,1051.0000000000
770878,10464531607312,btc_qm_engine,btc_leading_zeros,0.0000000000
770879,10464531607448,btc_qm_engine,btc_leading_zeros,0.0000000000
770880,10464531607526,btc_qm_engine,btc_sha256_elapsed_ns,811.0000000000
770881,10464531607978,btc_qm_engine,btc_sha256_elapsed_ns,1096.0000000000
770882,10464531608117,btc_qm_engine,btc_sha256_elapsed_ns,1129.0000000000
770883,10464531608576,btc_qm_engine,btc_leading_zeros,4.0000000000
770884,10464531608752,btc_qm_engine,btc_sha256_nonce,4149660608.0000000000
770885,10464531609071,btc_qm_engine,btc_sha256_elapsed_ns,1078.0000000000
770886,10464531609464,btc_qm_engine,btc_sha256_nonce,1304786955.0000000000
770887,10464531609545,btc_qm_engine,btc_leading_zeros,1.0000000000
770888,10464531609624,btc_qm_engine,btc_sha256_elapsed_ns,1064.0000000000
770889,10464531609729,btc_qm_engine,btc_leading_zeros,2.0000000000
770890,10464531610652,btc_qm_engine,btc_sha256_nonce,3654159296.0000000000
770891,10464531610723,btc_qm_engine,btc_leading_zeros,0.0000000000
770892,10464531610773,btc_qm_engine,btc_sha256_elapsed_ns,853.0000000000
770893,10464531610873,btc_qm_engine,btc_sha256_nonce,1719407067.0000000000
770894,10464531610952,btc_qm_engine,btc_leading_zeros,0.0000000000
770895,10464531611057,btc_qm_engine,btc_sha256_nonce,2256746023.0000000000
770896,10464531611217,btc_qm_engine,btc_sha256_elapsed_ns,1006.0000000000
770897,10464531611728,btc_qm_engine,btc_sha256_nonce,424943832.0000000000
770898,10464531612179,btc_qm_engine,btc_leading_zeros,0.0000000000
770899,10464531612348,btc_qm_engine,btc_leading_zeros,1.0000000000
770900,10464531612423,btc_qm_engine,btc_sha256_elapsed_ns,762.0000000000
770901,10464531612607,btc_qm_engine,btc_sha256_elapsed_ns,1068.0000000000
770902,10464531612875,btc_qm_engine,btc_sha256_nonce,3872968390.0000000000
770903,10464531613392,btc_qm_engine,btc_sha256_nonce,729135012.0000000000
770904,10464531613588,btc_qm_engine,btc_leading_zeros,1.0000000000
770905,10464531613983,btc_qm_engine,btc_sha256_nonce,238442805.0000000000
770906,10464531614150,btc_qm_engine,btc_leading_zeros,0.0000000000
770907,10464531614354,btc_qm_engine,btc_leading_zeros,0.0000000000
770908,10464531614429,btc_qm_engine,btc_sha256_elapsed_ns,1072.0000000000
770909,10464531614539,btc_qm_engine,btc_sha256_elapsed_ns,754.0000000000
770910,10464531615092,btc_qm_engine,btc_sha256_nonce,898433572.0000000000
770911,10464531615313,btc_qm_engine,btc_sha256_elapsed_ns,1057.0000000000
770912,10464531615438,btc_qm_engine,btc_leading_zeros,0.0000000000
770913,10464531615505,btc_qm_engine,btc_sha256_elapsed_ns,740.0000000000
770914,10464531615663,btc_qm_engine,btc_sha256_nonce,2464686262.0000000000
770915,10464531615737,btc_qm_engine,btc_leading_zeros,0.0000000000
770916,10464531615805,btc_qm_engine,btc_sha256_elapsed_ns,984.0000000000
770917,10464531616090,btc_qm_engine,btc_leading_zeros,2.0000000000
770918,10464531616534,btc_qm_engine,btc_sha256_nonce,2917039968.0000000000
770919,10464531616764,btc_qm_engine,btc_sha256_nonce,2301304066.0000000000
770920,10464531616938,btc_qm_engine,btc_sha256_nonce,529418246.0000000000
770921,10464531617023,btc_qm_engine,btc_leading_zeros,0.0000000000
770922,10464531617099,btc_qm_engine,btc_sha256_nonce,351591053.0000000000
770923,10464531617312,btc_qm_engine,btc_leading_zeros,1.0000000000
770924,10464531617395,btc_qm_engine,btc_sha256_elapsed_ns,929.0000000000
770925,10464531617546,btc_qm_engine,btc_sha256_elapsed_ns,1103.0000000000
770926,10464531617900,btc_qm_engine,btc_leading_zeros,0.0000000000
770927,10464531618229,btc_qm_engine,btc_sha256_elapsed_ns,1075.0000000000
770928,10464531618623,btc_qm_engine,btc_sha256_nonce,297662767.0000000000
770929,10464531618692,btc_qm_engine,btc_leading_zeros,0.0000000000
770930,10464531618754,btc_qm_engine,btc_sha256_elapsed_ns,978.0000000000
770931,10464531619147,btc_qm_engine,btc_sha256_nonce,2650148796.0000000000
770932,10464531619221,btc_qm_engine,btc_leading_zeros,0.0000000000
770933,10464531619297,btc_qm_engine,btc_sha256_elapsed_ns,1099.0000000000
770934,10464531619522,btc_qm_engine,btc_sha256_nonce,3918903832.0000000000
770935,10464531619596,btc_qm_engine,btc_leading_zeros,0.0000000000
770936,10464531619673,btc_qm_engine,btc_sha256_elapsed_ns,1077.0000000000
770937,10464531620057,btc_qm_engine,btc_sha256_nonce,1941101260.0000000000
770938,10464531620400,btc_qm_engine,btc_leading_zeros,0.0000000000
770939,10464531620468,btc_qm_engine,btc_sha256_nonce,981151759.0000000000
770940,10464531620697,btc_qm_engine,btc_sha256_nonce,487799674.0000000000
770941,10464531620770,btc_qm_engine,btc_leading_zeros,4.0000000000
770942,10464531620866,btc_qm_engine,btc_sha256_elapsed_ns,1132.0000000000
770943,10464531621060,btc_qm_engine,btc_sha256_nonce,650783298.0000000000
770944,10464531621129,btc_qm_engine,btc_leading_zeros,0.0000000000
770945,10464531621198,btc_qm_engine,btc_sha256_elapsed_ns,1080.0000000000
770946,10464531621504,btc_qm_engine,btc_leading_zeros,4.0000000000
770947,10464531621584,btc_qm_engine,btc_sha256_elapsed_ns,1107.0000000000
770948,10464531621932,btc_qm_engine,btc_sha256_elapsed_ns,893.0000000000
770949,10464531622183,btc_qm_engine,btc_leading_zeros,1.0000000000
770950,10464531622351,btc_qm_engine,btc_sha256_elapsed_ns,772.0000000000
770951,10464531622550,btc_qm_engine,btc_sha256_nonce,3648317116.0000000000
770952,10464531622625,btc_qm_engine,btc_leading_zeros,0.0000000000
770953,10464531622818,btc_qm_engine,btc_sha256_elapsed_ns,1060.0000000000
770954,10464531622995,btc_qm_engine,btc_sha256_nonce,1713684875.0000000000
770955,10464531623071,btc_qm_engine,btc_leading_zeros,0.0000000000
770956,10464531623385,btc_qm_engine,btc_sha256_elapsed_ns,1104.0000000000
770957,10464531623529,btc_qm_engine,btc_sha256_elapsed_ns,1145.0000000000
770958,10464531623664,btc_qm_engine,btc_sha256_nonce,2588008952.0000000000
770959,10464531623752,btc_qm_engine,btc_leading_zeros,0.0000000000
770960,10464531623819,btc_qm_engine,btc_sha256_elapsed_ns,1079.0000000000
770961,10464531624135,btc_qm_engine,btc_sha256_nonce,2941691945.0000000000
770962,10464531624241,btc_qm_engine,btc_leading_zeros,1.0000000000
770963,10464531624290,btc_qm_engine,btc_sha256_elapsed_ns,980.0000000000
770964,10464531624734,btc_qm_engine,btc_sha256_nonce,1228471333.0000000000
770965,10464531624808,btc_qm_engine,btc_leading_zeros,0.0000000000
770966,10464531624946,btc_qm_engine,btc_leading_zeros,2.0000000000
770967,10464531625172,btc_qm_engine,btc_sha256_elapsed_ns,1096.0000000000
770968,10464531625389,btc_qm_engine,btc_sha256_nonce,2587894023.0000000000
770969,10464531625618,btc_qm_engine,btc_sha256_nonce,3729943335.0000000000
770970,10464531625821,btc_qm_engine,btc_leading_zeros,1.0000000000
770971,10464531625900,btc_qm_engine,btc_sha256_elapsed_ns,936.0000000000
770972,10464531626185,btc_qm_engine,btc_leading_zeros,0.0000000000
770973,10464531626674,btc_qm_engine,btc_sha256_nonce,277607828.0000000000
770974,10464531627004,btc_qm_engine,btc_leading_zeros,0.0000000000
770975,10464531627082,btc_qm_engine,btc_sha256_nonce,4022127581.0000000000
770976,10464531627381,btc_qm_engine,btc_sha256_elapsed_ns,1001.0000000000
770977,10464531627480,btc_qm_engine,btc_leading_zeros,0.0000000000
770978,10464531627649,btc_qm_engine,btc_sha256_nonce,3996176928.0000000000
770979,10464531628222,btc_qm_engine,btc_sha256_elapsed_ns,1078.0000000000
770980,10464531628412,btc_qm_engine,btc_leading_zeros,0.0000000000
770981,10464531628484,btc_qm_engine,btc_sha256_elapsed_ns,1133.0000000000
770982,10464531628830,btc_qm_engine,btc_sha256_elapsed_ns,932.0000000000
770983,10464531629367,btc_qm_engine,btc_sha256_nonce,3745684032.0000000000
770984,10464531629440,btc_qm_engine,btc_leading_zeros,0.0000000000
770985,10464531629513,btc_qm_engine,btc_sha256_elapsed_ns,729.0000000000
770986,10464531629766,btc_qm_engine,btc_sha256_nonce,2235396851.0000000000
770987,10464531629847,btc_qm_engine,btc_leading_zeros,1.0000000000
770988,10464531629919,btc_qm_engine,btc_sha256_elapsed_ns,1051.0000000000
770989,10464531630071,btc_qm_engine,btc_sha256_nonce,1766567869.0000000000
770990,10464531630184,btc_qm_engine,btc_leading_zeros,0.0000000000
770991,10464531630257,btc_qm_engine,btc_sha256_elapsed_ns,921.0000000000
770992,10464531630444,btc_qm_engine,btc_sha256_nonce,2154251577.0000000000
770993,10464531630820,btc_qm_engine,btc_sha256_nonce,1947477866.0000000000
770994,10464531631025,btc_qm_engine,btc_leading_zeros,0.0000000000
770995,10464531631301,btc_qm_engine,btc_sha256_nonce,4271444735.0000000000
770996,10464531631374,btc_qm_engine,btc_leading_zeros,2.0000000000
770997,10464531631650,btc_qm_engine,btc_sha256_nonce,4227161549.0000000000
770998,10464531632290,btc_qm_engine,btc_sha256_elapsed_ns,1008.0000000000
770999,10464531632593,btc_qm_engine,btc_leading_zeros,1.0000000000
771000,10464531632826,btc_qm_engine,btc_sha256_elapsed_ns,1053.0000000000
771001,10464531632961,btc_qm_engine,btc_leading_zeros,2.0000000000
771002,10464531633053,btc_qm_engine,btc_sha256_elapsed_ns,963.0000000000
771003,10464531633218,btc_qm_engine,btc_sha256_elapsed_ns,1030.0000000000
771004,10464531633636,btc_qm_engine,btc_sha256_nonce,1124570660.0000000000
771005,10464531633813,btc_qm_engine,btc_sha256_nonce,2342813967.0000000000
771006,10464531633897,btc_qm_engine,btc_leading_zeros,0.0000000000
771007,10464531633949,btc_qm_engine,btc_sha256_elapsed_ns,749.0000000000
771008,10464531634128,btc_qm_engine,btc_leading_zeros,0.0000000000
771009,10464531634211,btc_qm_engine,btc_sha256_elapsed_ns,827.0000000000
771010,10464531634360,btc_qm_engine,btc_sha256_nonce,748857726.0000000000
771011,10464531634647,btc_qm_engine,btc_sha256_elapsed_ns,1090.0000000000
771012,10464531634840,btc_qm_engine,btc_sha256_nonce,1941201118.0000000000
771013,10464531634923,btc_qm_engine,btc_leading_zeros,0.0000000000
771014,10464531634992,btc_qm_engine,btc_sha256_elapsed_ns,1061.0000000000
771015,10464531635110,btc_qm_engine,btc_sha256_nonce,2787095712.0000000000
771016,10464531635561,btc_qm_engine,btc_sha256_nonce,1727329064.0000000000
771017,10464531635642,btc_qm_engine,btc_leading_zeros,0.0000000000
771018,10464531635808,btc_qm_engine,btc_leading_zeros,1.0000000000
771019,10464531635896,btc_qm_engine,btc_sha256_elapsed_ns,1066.0000000000
771020,10464531636129,btc_qm_engine,btc_sha256_nonce,889677914.0000000000
771021,10464531636272,btc_qm_engine,btc_sha256_nonce,10501784.0000000000
771022,10464531636468,btc_qm_engine,btc_leading_zeros,0.0000000000
771023,10464531636543,btc_qm_engine,btc_sha256_elapsed_ns,961.0000000000
771024,10464531636661,btc_qm_engine,btc_sha256_elapsed_ns,1100.0000000000
771025,10464531636981,btc_qm_engine,btc_sha256_nonce,3647363091.0000000000
771026,10464531637173,btc_qm_engine,btc_sha256_nonce,1650798087.0000000000
771027,10464531637248,btc_qm_engine,btc_leading_zeros,0.0000000000
771028,10464531637330,btc_qm_engine,btc_sha256_elapsed_ns,1057.0000000000
771029,10464531637500,btc_qm_engine,btc_sha256_nonce,810164970.0000000000
771030,10464531637575,btc_qm_engine,btc_leading_zeros,0.0000000000
771031,10464531637628,btc_qm_engine,btc_sha256_elapsed_ns,744.0000000000
771032,10464531638246,btc_qm_engine,btc_sha256_nonce,1362287343.0000000000
771033,10464531638451,btc_qm_engine,btc_leading_zeros,0.0000000000
771034,10464531638696,btc_qm_engine,btc_sha256_nonce,2450580855.0000000000
771035,10464531638866,btc_qm_engine,btc_sha256_elapsed_ns,1077.0000000000
771036,10464531639036,btc_qm_engine,btc_sha256_nonce,2410461776.0000000000
771037,10464531639167,btc_qm_engine,btc_leading_zeros,1.0000000000
771038,10464531639247,btc_qm_engine,btc_sha256_elapsed_ns,863.0000000000
771039,10464531639411,btc_qm_engine,btc_leading_zeros,0.0000000000
771040,10464531639525,btc_qm_engine,btc_sha256_elapsed_ns,739.0000000000
771041,10464531639937,btc_qm_engine,btc_sha256_nonce,2587753185.0000000000
771042,10464531640094,btc_qm_engine,btc_sha256_nonce,1846877651.0000000000
771043,10464531640209,btc_qm_engine,btc_leading_zeros,0.0000000000
771044,10464531640280,btc_qm_engine,btc_sha256_elapsed_ns,950.0000000000
771045,10464531640356,btc_qm_engine,btc_leading_zeros,0.0000000000
771046,10464531640528,btc_qm_engine,btc_sha256_nonce,3857986767.0000000000
771047,10464531640807,btc_qm_engine,btc_sha256_elapsed_ns,1036.0000000000
771048,10464531641004,btc_qm_engine,btc_leading_zeros,0.0000000000
771049,10464531641303,btc_qm_engine,btc_leading_zeros,0.0000000000
771050,10464531641620,btc_qm_engine,btc_sha256_nonce,2951815534.0000000000
771051,10464531641777,btc_qm_engine,btc_sha256_elapsed_ns,1066.0000000000
771052,10464531642023,btc_qm_engine,btc_leading_zeros,0.0000000000
771053,10464531642121,btc_qm_engine,btc_sha256_elapsed_ns,1117.0000000000
771054,10464531642223,btc_qm_engine,btc_sha256_nonce,61276362.0000000000
771055,10464531642601,btc_qm_engine,btc_leading_zeros,0.0000000000
771056,10464531643015,btc_qm_engine,btc_sha256_nonce,1566578757.0000000000
771057,10464531643169,btc_qm_engine,btc_sha256_elapsed_ns,979.0000000000
771058,10464531643441,btc_qm_engine,btc_leading_zeros,3.0000000000
771059,10464531643723,btc_qm_engine,btc_sha256_elapsed_ns,1017.0000000000
771060,10464531643998,btc_qm_engine,btc_sha256_nonce,1317655837.0000000000
771061,10464531644333,btc_qm_engine,btc_leading_zeros,2.0000000000
771062,10464531644401,btc_qm_engine,btc_sha256_elapsed_ns,1019.0000000000
771063,10464531644583,btc_qm_engine,btc_sha256_nonce,2106414155.0000000000
771064,10464531644706,btc_qm_engine,btc_leading_zeros,0.0000000000
771065,10464531645039,btc_qm_engine,btc_leading_zeros,2.0000000000
771066,10464531645119,btc_qm_engine,btc_sha256_elapsed_ns,1002.0000000000
771067,10464531645486,btc_qm_engine,btc_sha256_nonce,2368338087.0000000000
771068,10464531645599,btc_qm_engine,btc_sha256_nonce,3261391988.0000000000
771069,10464531645686,btc_qm_engine,btc_leading_zeros,2.0000000000
771070,10464531645754,btc_qm_engine,btc_sha256_elapsed_ns,940.0000000000
771071,10464531645962,btc_qm_engine,btc_sha256_elapsed_ns,961.0000000000
771072,10464531646374,btc_qm_engine,btc_sha256_elapsed_ns,1054.0000000000
771073,10464531646955,btc_qm_engine,btc_sha256_nonce,3349319923.0000000000
771074,10464531647029,btc_qm_engine,btc_leading_zeros,1.0000000000
771075,10464531647244,btc_qm_engine,btc_sha256_nonce,240952450.0000000000
771076,10464531647573,btc_qm_engine,btc_sha256_elapsed_ns,789.0000000000
771077,10464531647702,btc_qm_engine,btc_leading_zeros,0.0000000000
771078,10464531648057,btc_qm_engine,btc_sha256_nonce,3959347448.0000000000
771079,10464531648246,btc_qm_engine,btc_sha256_elapsed_ns,1105.0000000000
771080,10464531648988,btc_qm_engine,btc_leading_zeros,0.0000000000
771081,10464531649538,btc_qm_engine,btc_sha256_nonce,2466432579.0000000000
771082,10464531649801,btc_qm_engine,btc_sha256_nonce,240052864.0000000000
771083,10464531650108,btc_qm_engine,btc_sha256_nonce,688889010.0000000000
771084,10464531650297,btc_qm_engine,btc_leading_zeros,0.0000000000
771085,10464531650870,btc_qm_engine,btc_leading_zeros,1.0000000000
771086,10464531650978,btc_qm_engine,btc_leading_zeros,0.0000000000
771087,10464531651125,btc_qm_engine,btc_sha256_elapsed_ns,968.0000000000
771088,10464531651308,btc_qm_engine,btc_sha256_nonce,3051275219.0000000000
771089,10464531651541,btc_qm_engine,btc_sha256_elapsed_ns,991.0000000000
771090,10464531651840,btc_qm_engine,btc_sha256_elapsed_ns,1022.0000000000
771091,10464531651993,btc_qm_engine,btc_leading_zeros,0.0000000000
771092,10464531652070,btc_qm_engine,btc_sha256_elapsed_ns,1124.0000000000
771093,10464531652355,btc_qm_engine,btc_sha256_elapsed_ns,868.0000000000
771094,10464531652869,btc_qm_engine,btc_sha256_nonce,4185884603.0000000000
771095,10464531653111,btc_qm_engine,btc_sha256_nonce,3365589028.0000000000
771096,10464531653304,btc_qm_engine,btc_leading_zeros,0.0000000000
771097,10464531653478,btc_qm_engine,btc_leading_zeros,1.0000000000
771098,10464531653616,btc_qm_engine,btc_sha256_nonce,1515204116.0000000000
771099,10464531653823,btc_qm_engine,btc_sha256_elapsed_ns,964.0000000000
771100,10464531654025,btc_qm_engine,btc_leading_zeros,0.0000000000
771101,10464531654458,btc_qm_engine,btc_sha256_nonce,3465820181.0000000000
771102,10464531654909,btc_qm_engine,btc_leading_zeros,1.0000000000
771103,10464531655238,btc_qm_engine,btc_leading_zeros,0.0000000000
771104,10464531655428,btc_qm_engine,btc_sha256_elapsed_ns,814.0000000000
771105,10464531655588,btc_qm_engine,btc_leading_zeros,0.0000000000
771106,10464531655855,btc_qm_engine,btc_sha256_elapsed_ns,943.0000000000
771107,10464531656394,btc_qm_engine,btc_sha256_elapsed_ns,1053.0000000000
771108,10464531656593,btc_qm_engine,btc_sha256_elapsed_ns,977.0000000000
771109,10464531656880,btc_qm_engine,btc_sha256_nonce,1927933395.0000000000
771110,10464531656970,btc_qm_engine,btc_leading_zeros,0.0000000000
771111,10464531657035,btc_qm_engine,btc_sha256_elapsed_ns,1010.0000000000
771112,10464531657538,btc_qm_engine,btc_sha256_nonce,2427832757.0000000000
771113,10464531658024,btc_qm_engine,btc_sha256_nonce,3055004509.0000000000
771114,10464531658218,btc_qm_engine,btc_leading_zeros,1.0000000000
771115,10464531658360,btc_qm_engine,btc_sha256_nonce,140255901.0000000000
771116,10464531658439,btc_qm_engine,btc_leading_zeros,1.0000000000
771117,10464531658551,btc_qm_engine,btc_sha256_elapsed_ns,1102.0000000000
771118,10464531658701,btc_qm_engine,btc_sha256_elapsed_ns,1039.0000000000
771119,10464531658865,btc_qm_engine,btc_sha256_elapsed_ns,779.0000000000
771120,10464531659934,btc_qm_engine,btc_sha256_nonce,1941070099.0000000000
771121,10464531660006,btc_qm_engine,btc_leading_zeros,3.0000000000
771122,10464531660073,btc_qm_engine,btc_sha256_elapsed_ns,1070.0000000000
771123,10464531660203,btc_qm_engine,btc_sha256_nonce,3860910552.0000000000
771124,10464531660316,btc_qm_engine,btc_leading_zeros,4.0000000000
771125,10464531660535,btc_qm_engine,btc_sha256_nonce,3647559176.0000000000
771126,10464531660765,btc_qm_engine,btc_sha256_elapsed_ns,1067.0000000000
771127,10464531661222,btc_qm_engine,btc_sha256_nonce,1680477336.0000000000
771128,10464531661436,btc_qm_engine,btc_sha256_nonce,2503130741.0000000000
771129,10464531661619,btc_qm_engine,btc_leading_zeros,1.0000000000
771130,10464531661691,btc_qm_engine,btc_sha256_elapsed_ns,1122.0000000000
771131,10464531661799,btc_qm_engine,btc_leading_zeros,1.0000000000
771132,10464531661871,btc_qm_engine,btc_sha256_elapsed_ns,969.0000000000
771133,10464531662428,btc_qm_engine,btc_leading_zeros,2.0000000000
771134,10464531662712,btc_qm_engine,btc_sha256_nonce,318905916.0000000000
771135,10464531662884,btc_qm_engine,btc_sha256_elapsed_ns,966.0000000000
771136,10464531663057,btc_qm_engine,btc_leading_zeros,0.0000000000
771137,10464531663131,btc_qm_engine,btc_sha256_elapsed_ns,747.0000000000
771138,10464531663217,btc_qm_engine,btc_sha256_nonce,2946747711.0000000000
771139,10464531663517,btc_qm_engine,btc_leading_zeros,0.0000000000
771140,10464531663580,btc_qm_engine,btc_sha256_elapsed_ns,1127.0000000000
771141,10464531663736,btc_qm_engine,btc_sha256_nonce,3655238597.0000000000
771142,10464531663821,btc_qm_engine,btc_leading_zeros,4.0000000000
771143,10464531663893,btc_qm_engine,btc_sha256_elapsed_ns,1070.0000000000
771144,10464531664262,btc_qm_engine,btc_sha256_nonce,2988546157.0000000000
771145,10464531664450,btc_qm_engine,btc_sha256_nonce,1812307242.0000000000
771146,10464531664681,btc_qm_engine,btc_sha256_nonce,1711719183.0000000000
771147,10464531664835,btc_qm_engine,btc_sha256_nonce,3145668719.0000000000
771148,10464531665041,btc_qm_engine,btc_leading_zeros,0.0000000000
771149,10464531665179,btc_qm_engine,btc_sha256_nonce,3375194177.0000000000
771150,10464531665649,btc_qm_engine,btc_sha256_nonce,4195724765.0000000000
771151,10464531665742,btc_qm_engine,btc_leading_zeros,0.0000000000
771152,10464531665794,btc_qm_engine,btc_sha256_elapsed_ns,905.0000000000
771153,10464531665908,btc_qm_engine,btc_sha256_elapsed_ns,988.0000000000
771154,10464531666053,btc_qm_engine,btc_leading_zeros,3.0000000000
771155,10464531666394,btc_qm_engine,btc_leading_zeros,0.0000000000
771156,10464531666527,btc_qm_engine,btc_sha256_elapsed_ns,969.0000000000
771157,10464531666736,btc_qm_engine,btc_sha256_nonce,1941158873.0000000000
771158,10464531666815,btc_qm_engine,btc_leading_zeros,2.0000000000
771159,10464531666869,btc_qm_engine,btc_sha256_elapsed_ns,730.0000000000
771160,10464531667062,btc_qm_engine,btc_sha256_elapsed_ns,1096.0000000000
771161,10464531667516,btc_qm_engine,btc_sha256_nonce,1550239657.0000000000
771162,10464531667812,btc_qm_engine,btc_sha256_nonce,1941359789.0000000000
771163,10464531668016,btc_qm_engine,btc_sha256_nonce,1422877284.0000000000
771164,10464531668118,btc_qm_engine,btc_leading_zeros,1.0000000000
771165,10464531668189,btc_qm_engine,btc_sha256_elapsed_ns,968.0000000000
771166,10464531668386,btc_qm_engine,btc_leading_zeros,2.0000000000
771167,10464531668611,btc_qm_engine,btc_sha256_nonce,1499522564.0000000000
771168,10464531668670,btc_qm_engine,btc_leading_zeros,1.0000000000
771169,10464531668761,btc_qm_engine,btc_sha256_elapsed_ns,1037.0000000000
771170,10464531668950,btc_qm_engine,btc_leading_zeros,0.0000000000
771171,10464531669659,btc_qm_engine,btc_sha256_nonce,1451812971.0000000000
771172,10464531669880,btc_qm_engine,btc_sha256_elapsed_ns,951.0000000000
771173,10464531670055,btc_qm_engine,btc_sha256_elapsed_ns,729.0000000000
771174,10464531670228,btc_qm_engine,btc_leading_zeros,4.0000000000
771175,10464531670534,btc_qm_engine,btc_sha256_elapsed_ns,897.0000000000
771176,10464531670956,btc_qm_engine,btc_sha256_elapsed_ns,1068.0000000000
771177,10464531671065,btc_qm_engine,btc_sha256_nonce,2272572518.0000000000
771178,10464531671144,btc_qm_engine,btc_leading_zeros,2.0000000000
771179,10464531671213,btc_qm_engine,btc_sha256_elapsed_ns,747.0000000000
771180,10464531671791,btc_qm_engine,btc_sha256_nonce,3145370835.0000000000
771181,10464531671894,btc_qm_engine,btc_leading_zeros,1.0000000000
771182,10464531672135,btc_qm_engine,btc_sha256_nonce,582939837.0000000000
771183,10464531672215,btc_qm_engine,btc_leading_zeros,1.0000000000
771184,10464531672427,btc_qm_engine,btc_sha256_elapsed_ns,1009.0000000000
771185,10464531672648,btc_qm_engine,btc_sha256_nonce,2672355335.0000000000
771186,10464531672798,btc_qm_engine,btc_sha256_nonce,1462821509.0000000000
771187,10464531672886,btc_qm_engine,btc_leading_zeros,2.0000000000
771188,10464531672939,btc_qm_engine,btc_sha256_elapsed_ns,1018.0000000000
771189,10464531673008,btc_qm_engine,btc_sha256_elapsed_ns,1116.0000000000
771190,10464531673326,btc_qm_engine,btc_sha256_nonce,3518103873.0000000000
771191,10464531673537,btc_qm_engine,btc_leading_zeros,0.0000000000
771192,10464531673613,btc_qm_engine,btc_sha256_elapsed_ns,1061.0000000000
771193,10464531673737,btc_qm_engine,btc_leading_zeros,1.0000000000
771194,10464531673814,btc_qm_engine,btc_sha256_elapsed_ns,1054.0000000000
771195,10464531674090,btc_qm_engine,btc_leading_zeros,0.0000000000
771196,10464531674659,btc_qm_engine,btc_sha256_nonce,1002303236.0000000000
771197,10464531674807,btc_qm_engine,btc_sha256_elapsed_ns,728.0000000000
771198,10464531675063,btc_qm_engine,btc_leading_zeros,0.0000000000
771199,10464531675234,btc_qm_engine,btc_sha256_nonce,3373878249.0000000000
771200,10464531675452,btc_qm_engine,btc_sha256_elapsed_ns,1015.0000000000
771201,10464531675651,btc_qm_engine,btc_leading_zeros,0.0000000000
771202,10464531676037,btc_qm_engine,btc_sha256_elapsed_ns,1088.0000000000
771203,10464531676217,btc_qm_engine,btc_sha256_nonce,4268322256.0000000000
771204,10464531676293,btc_qm_engine,btc_leading_zeros,2.0000000000
771205,10464531676366,btc_qm_engine,btc_sha256_elapsed_ns,1041.0000000000
771206,10464531676563,btc_qm_engine,btc_sha256_nonce,2977872103.0000000000
771207,10464531676740,btc_qm_engine,btc_sha256_nonce,1304346177.0000000000
771208,10464531676815,btc_qm_engine,btc_leading_zeros,0.0000000000
771209,10464531676889,btc_qm_engine,btc_sha256_elapsed_ns,1098.0000000000
771210,10464531676993,btc_qm_engine,btc_sha256_nonce,734800113.0000000000
771211,10464531677083,btc_qm_engine,btc_leading_zeros,4.0000000000
771212,10464531677190,btc_qm_engine,btc_sha256_elapsed_ns,993.0000000000
771213,10464531677498,btc_qm_engine,btc_leading_zeros,1.0000000000
771214,10464531677754,btc_qm_engine,btc_sha256_nonce,3864505437.0000000000
771215,10464531677959,btc_qm_engine,btc_leading_zeros,3.0000000000
771216,10464531678122,btc_qm_engine,btc_sha256_nonce,2709916601.0000000000
771217,10464531678339,btc_qm_engine,btc_sha256_nonce,84311259.0000000000
771218,10464531678553,btc_qm_engine,btc_sha256_nonce,1113857528.0000000000
771219,10464531678727,btc_qm_engine,btc_sha256_elapsed_ns,1114.0000000000
771220,10464531678859,btc_qm_engine,btc_sha256_elapsed_ns,994.0000000000
771221,10464531679035,btc_qm_engine,btc_leading_zeros,1.0000000000
771222,10464531679131,btc_qm_engine,btc_sha256_elapsed_ns,1000.0000000000
771223,10464531679238,btc_qm_engine,btc_leading_zeros,4.0000000000
771224,10464531679391,btc_qm_engine,btc_leading_zeros,0.0000000000
771225,10464531679464,btc_qm_engine,btc_sha256_elapsed_ns,1025.0000000000
771226,10464531679632,btc_qm_engine,btc_sha256_elapsed_ns,737.0000000000
771227,10464531680003,btc_qm_engine,btc_sha256_nonce,2417026669.0000000000
771228,10464531680086,btc_qm_engine,btc_leading_zeros,1.0000000000
771229,10464531680145,btc_qm_engine,btc_sha256_elapsed_ns,987.0000000000
771230,10464531680491,btc_qm_engine,btc_sha256_nonce,2465689302.0000000000
771231,10464531680865,btc_qm_engine,btc_sha256_nonce,3043722836.0000000000
771232,10464531680941,btc_qm_engine,btc_leading_zeros,0.0000000000
771233,10464531681059,btc_qm_engine,btc_sha256_elapsed_ns,1160.0000000000
771234,10464531681601,btc_qm_engine,btc_leading_zeros,1.0000000000
771235,10464531681789,btc_qm_engine,btc_sha256_nonce,241051933.0000000000
771236,10464531681860,btc_qm_engine,btc_leading_zeros,2.0000000000
771237,10464531681938,btc_qm_engine,btc_sha256_elapsed_ns,1090.0000000000
771238,10464531682210,btc_qm_engine,btc_sha256_nonce,2707550488.0000000000
771239,10464531682590,btc_qm_engine,btc_leading_zeros,4.0000000000
771240,10464531682919,btc_qm_engine,btc_sha256_elapsed_ns,1109.0000000000
771241,10464531683047,btc_qm_engine,btc_sha256_nonce,1921698771.0000000000
771242,10464531683118,btc_qm_engine,btc_leading_zeros,0.0000000000
771243,10464531683184,btc_qm_engine,btc_sha256_elapsed_ns,771.0000000000
771244,10464531683335,btc_qm_engine,btc_sha256_nonce,3691603664.0000000000
771245,10464531683659,btc_qm_engine,btc_leading_zeros,0.0000000000
771246,10464531683816,btc_qm_engine,btc_sha256_elapsed_ns,1012.0000000000
771247,10464531684191,btc_qm_engine,btc_sha256_elapsed_ns,1040.0000000000
771248,10464531684319,btc_qm_engine,btc_leading_zeros,1.0000000000
771249,10464531684580,btc_qm_engine,btc_sha256_nonce,2364480147.0000000000
771250,10464531684769,btc_qm_engine,btc_sha256_elapsed_ns,1026.0000000000
771251,10464531685070,btc_qm_engine,btc_sha256_nonce,225850641.0000000000
771252,10464531685194,btc_qm_engine,btc_leading_zeros,3.0000000000
771253,10464531685267,btc_qm_engine,btc_sha256_elapsed_ns,1028.0000000000
771254,10464531685515,btc_qm_engine,btc_leading_zeros,0.0000000000
771255,10464531685646,btc_qm_engine,btc_sha256_nonce,3302717149.0000000000
771256,10464531685820,btc_qm_engine,btc_sha256_nonce,966411823.0000000000
771257,10464531685952,btc_qm_engine,btc_sha256_nonce,1161725940.0000000000
771258,10464531686102,btc_qm_engine,btc_leading_zeros,1.0000000000
771259,10464531686234,btc_qm_engine,btc_sha256_elapsed_ns,870.0000000000
771260,10464531686372,btc_qm_engine,btc_sha256_nonce,2549828846.0000000000
771261,10464531686670,btc_qm_engine,btc_sha256_nonce,1764591078.0000000000
771262,10464531686912,btc_qm_engine,btc_leading_zeros,0.0000000000
771263,10464531687034,btc_qm_engine,btc_leading_zeros,1.0000000000
771264,10464531687118,btc_qm_engine,btc_sha256_elapsed_ns,1049.0000000000
771265,10464531687242,btc_qm_engine,btc_sha256_nonce,3647680587.0000000000
771266,10464531687512,btc_qm_engine,btc_sha256_elapsed_ns,986.0000000000
771267,10464531687619,btc_qm_engine,btc_leading_zeros,4.0000000000
771268,10464531687698,btc_qm_engine,btc_sha256_elapsed_ns,910.0000000000
771269,10464531688344,btc_qm_engine,btc_leading_zeros,0.0000000000
771270,10464531688584,btc_qm_engine,btc_sha256_nonce,1942069568.0000000000
771271,10464531688664,btc_qm_engine,btc_leading_zeros,1.0000000000
771272,10464531688806,btc_qm_engine,btc_sha256_elapsed_ns,11587.0000000000
771273,10464531688925,btc_qm_engine,btc_sha256_nonce,2444899508.0000000000
771274,10464531689208,btc_qm_engine,btc_sha256_elapsed_ns,825.0000000000
771275,10464531689834,btc_qm_engine,btc_leading_zeros,1.0000000000
771276,10464531689924,btc_qm_engine,btc_sha256_elapsed_ns,960.0000000000
771277,10464531690182,btc_qm_engine,btc_sha256_nonce,4043307137.0000000000
771278,10464531690336,btc_qm_engine,btc_sha256_nonce,3593945236.0000000000
771279,10464531690467,btc_qm_engine,btc_leading_zeros,1.0000000000
771280,10464531690864,btc_qm_engine,btc_sha256_elapsed_ns,836.0000000000
771281,10464531691014,btc_qm_engine,btc_leading_zeros,1.0000000000
771282,10464531691164,btc_qm_engine,btc_leading_zeros,1.0000000000
771283,10464531691332,btc_qm_engine,btc_sha256_nonce,3093032163.0000000000
771284,10464531691550,btc_qm_engine,btc_leading_zeros,0.0000000000
771285,10464531691947,btc_qm_engine,btc_sha256_elapsed_ns,1069.0000000000
771286,10464531692254,btc_qm_engine,btc_sha256_elapsed_ns,914.0000000000
771287,10464531692664,btc_qm_engine,btc_sha256_elapsed_ns,884.0000000000
771288,10464531693340,btc_qm_engine,btc_sha256_nonce,376970190.0000000000
771289,10464531693676,btc_qm_engine,btc_leading_zeros,1.0000000000
771290,10464531693750,btc_qm_engine,btc_sha256_elapsed_ns,912.0000000000
771291,10464531694304,btc_qm_engine,btc_sha256_nonce,4018885465.0000000000
771292,10464531694674,btc_qm_engine,btc_leading_zeros,0.0000000000
771293,10464531695057,btc_qm_engine,btc_sha256_nonce,2942129545.0000000000
771294,10464531695139,btc_qm_engine,btc_leading_zeros,1.0000000000
771295,10464531695198,btc_qm_engine,btc_sha256_elapsed_ns,1033.0000000000
771296,10464531695456,btc_qm_engine,btc_sha256_nonce,2466513302.0000000000
771297,10464531696152,btc_qm_engine,btc_leading_zeros,0.0000000000
771298,10464531696249,btc_qm_engine,btc_sha256_elapsed_ns,1057.0000000000
771299,10464531696353,btc_qm_engine,btc_sha256_elapsed_ns,998.0000000000
771300,10464531696652,btc_qm_engine,btc_sha256_nonce,2051828519.0000000000
771301,10464531696725,btc_qm_engine,btc_leading_zeros,1.0000000000
771302,10464531696778,btc_qm_engine,btc_sha256_elapsed_ns,950.0000000000
771303,10464531697036,btc_qm_engine,btc_sha256_nonce,3749071686.0000000000
771304,10464531697114,btc_qm_engine,btc_leading_zeros,2.0000000000
771305,10464531697182,btc_qm_engine,btc_sha256_elapsed_ns,1084.0000000000
771306,10464531697482,btc_qm_engine,btc_sha256_nonce,76473098.0000000000
771307,10464531697562,btc_qm_engine,btc_leading_zeros,0.0000000000
771308,10464531697627,btc_qm_engine,btc_sha256_elapsed_ns,991.0000000000
771309,10464531698122,btc_qm_engine,btc_sha256_nonce,3191711144.0000000000
771310,10464531698437,btc_qm_engine,btc_sha256_nonce,2787197512.0000000000
771311,10464531698602,btc_qm_engine,btc_leading_zeros,1.0000000000
771312,10464531698690,btc_qm_engine,btc_sha256_elapsed_ns,1126.0000000000
771313,10464531698855,btc_qm_engine,btc_sha256_nonce,3942343604.0000000000
771314,10464531699332,btc_qm_engine,btc_sha256_nonce,1123312350.0000000000
771315,10464531699471,btc_qm_engine,btc_sha256_nonce,831976120.0000000000
771316,10464531699956,btc_qm_engine,btc_sha256_nonce,2056018762.0000000000
771317,10464531700029,btc_qm_engine,btc_leading_zeros,0.0000000000
771318,10464531700079,btc_qm_engine,btc_sha256_elapsed_ns,996.0000000000
771319,10464531700269,btc_qm_engine,btc_leading_zeros,3.0000000000
771320,10464531700349,btc_qm_engine,btc_sha256_elapsed_ns,1103.0000000000
771321,10464531700585,btc_qm_engine,btc_leading_zeros,4.0000000000
771322,10464531701099,btc_qm_engine,btc_leading_zeros,1.0000000000
771323,10464531701241,btc_qm_engine,btc_sha256_elapsed_ns,1045.0000000000
771324,10464531701564,btc_qm_engine,btc_sha256_elapsed_ns,990.0000000000
771325,10464531701786,btc_qm_engine,btc_leading_zeros,1.0000000000
771326,10464531702172,btc_qm_engine,btc_sha256_elapsed_ns,974.0000000000
771327,10464531702455,btc_qm_engine,btc_sha256_nonce,720696286.0000000000
771328,10464531702623,btc_qm_engine,btc_sha256_nonce,3647932051.0000000000
771329,10464531703289,btc_qm_engine,btc_leading_zeros,2.0000000000
771330,10464531703363,btc_qm_engine,btc_sha256_elapsed_ns,788.0000000000
771331,10464531703652,btc_qm_engine,btc_sha256_nonce,703400259.0000000000
771332,10464531704143,btc_qm_engine,btc_leading_zeros,2.0000000000
771333,10464531704256,btc_qm_engine,btc_leading_zeros,0.0000000000
771334,10464531704460,btc_qm_engine,btc_sha256_elapsed_ns,1035.0000000000
771335,10464531704578,btc_qm_engine,btc_sha256_elapsed_ns,980.0000000000
771336,10464531706181,btc_qm_engine,btc_leading_zeros,1.0000000000
771337,10464531706312,btc_qm_engine,btc_sha256_elapsed_ns,1014.0000000000
771338,10464531708435,btc_qm_engine,btc_sha256_nonce,2734214911.0000000000
771339,10464531708784,btc_qm_engine,btc_leading_zeros,1.0000000000
771340,10464531708846,btc_qm_engine,btc_sha256_elapsed_ns,888.0000000000
771341,10464531709154,btc_qm_engine,btc_sha256_elapsed_ns,1127.0000000000
771342,10464531713196,btc_qm_engine,btc_sha256_nonce,1034218302.0000000000
771343,10464531713629,btc_qm_engine,btc_leading_zeros,0.0000000000
771344,10464531713694,btc_qm_engine,btc_sha256_elapsed_ns,990.0000000000
