seq,ts_ns,module,key,value
122269324,13877700439539,btc_qm_engine,btc_sha256_elapsed_ns,2394.0000000000
122269325,13877700440012,btc_qm_engine,btc_sha256_nonce,3577382979.0000000000
122269326,13877700440182,btc_qm_engine,btc_leading_zeros,0.0000000000
122269327,13877700440339,btc_qm_engine,btc_sha256_elapsed_ns,2356.0000000000
122269328,13877700440704,btc_qm_engine,btc_orbital_scan_nonce,529363397.0000000000
122269329,13877700441617,btc_qm_engine,btc_sha256_nonce,529371375.0000000000
122269330,13877700441759,btc_qm_engine,btc_leading_zeros,0.0000000000
122269331,13877700441905,btc_qm_engine,btc_sha256_elapsed_ns,2471.0000000000
122269332,13877700442590,btc_qm_engine,btc_sha256_nonce,3578159395.0000000000
122269333,13877700442744,btc_qm_engine,btc_leading_zeros,4.0000000000
122269334,13877700442934,btc_qm_engine,btc_sha256_elapsed_ns,2475.0000000000
122269335,13877700443443,btc_qm_engine,btc_sha256_nonce,529302788.0000000000
122269336,13877700444119,btc_qm_engine,btc_leading_zeros,1.0000000000
122269337,13877700444266,btc_qm_engine,btc_sha256_elapsed_ns,2421.0000000000
122269338,13877700444584,btc_qm_engine,btc_sha256_nonce,529363397.0000000000
122269339,13877700445019,btc_qm_engine,btc_sha256_nonce,47196725.0000000000
122269340,13877700445594,btc_qm_engine,btc_leading_zeros,1.0000000000
122269341,13877700445750,btc_qm_engine,btc_sha256_elapsed_ns,2354.0000000000
122269342,13877700446209,btc_qm_engine,btc_sha256_nonce,3579743237.0000000000
122269343,13877700446390,btc_qm_engine,btc_lebesgue_scan_nonce,17.0000000000
122269344,13877700446970,btc_qm_engine,btc_leading_zeros,0.0000000000
122269345,13877700447294,btc_qm_engine,btc_leading_zeros,0.0000000000
122269346,13877700448638,btc_qm_engine,btc_sha256_nonce,3580391289.0000000000
122269347,13877700449008,btc_qm_engine,btc_sha256_elapsed_ns,2369.0000000000
122269348,13877700449663,btc_qm_engine,btc_leading_zeros,0.0000000000
122269349,13877700450417,btc_qm_engine,btc_sha256_elapsed_ns,2198.0000000000
122269350,13877700450654,btc_qm_engine,btc_sha256_elapsed_ns,2092.0000000000
122269351,13877700451464,btc_qm_engine,btc_sha256_nonce,529375462.0000000000
122269352,13877700451927,btc_qm_engine,btc_sha256_nonce,48327465.0000000000
122269353,13877700452079,btc_qm_engine,btc_leading_zeros,0.0000000000
122269354,13877700452338,btc_qm_engine,btc_leading_zeros,1.0000000000
122269355,13877700453232,btc_qm_engine,btc_sha256_elapsed_ns,1985.0000000000
122269356,13877700453471,btc_qm_engine,btc_sha256_elapsed_ns,2372.0000000000
122269357,13877700453798,btc_qm_engine,btc_sha256_nonce,24950410.0000000000
122269358,13877700454102,btc_qm_engine,btc_leading_zeros,1.0000000000
122269359,13877700454326,btc_qm_engine,btc_sha256_elapsed_ns,2368.0000000000
122269360,13877700454660,btc_qm_engine,btc_sha256_nonce,3576924579.0000000000
122269361,13877700454963,btc_qm_engine,btc_lebesgue_scan_nonce,3.0000000000
122269362,13877700455394,btc_qm_engine,btc_leading_zeros,1.0000000000
122269363,13877700456200,btc_qm_engine,btc_leading_zeros,0.0000000000
122269364,13877700456383,btc_qm_engine,btc_sha256_elapsed_ns,2313.0000000000
122269365,13877700456862,btc_qm_engine,btc_sha256_nonce,47126483.0000000000
122269366,13877700457215,btc_qm_engine,btc_leading_zeros,0.0000000000
122269367,13877700457914,btc_qm_engine,btc_sha256_elapsed_ns,2286.0000000000
122269368,13877700458572,btc_qm_engine,btc_sha256_nonce,529349137.0000000000
122269369,13877700459220,btc_qm_engine,btc_sha256_elapsed_ns,2284.0000000000
122269370,13877700459625,btc_qm_engine,btc_orbital_scan_nonce,529362255.0000000000
122269371,13877700459875,btc_qm_engine,btc_leading_zeros,0.0000000000
122269372,13877700460048,btc_qm_engine,btc_sha256_elapsed_ns,2359.0000000000
122269373,13877700460418,btc_qm_engine,btc_orbital_scan_nonce,529326620.0000000000
122269374,13877700461315,btc_qm_engine,btc_sha256_elapsed_ns,2225.0000000000
122269375,13877700462122,btc_qm_engine,btc_sha256_nonce,48270569.0000000000
122269376,13877700463125,btc_qm_engine,btc_leading_zeros,0.0000000000
122269377,13877700463734,btc_qm_engine,btc_orbital_scan_nonce,529336568.0000000000
122269378,13877700464213,btc_qm_engine,btc_sha256_nonce,529362255.0000000000
122269379,13877700464432,btc_qm_engine,btc_sha256_elapsed_ns,2404.0000000000
122269380,13877700464764,btc_qm_engine,btc_sha256_nonce,3579331393.0000000000
122269381,13877700465103,btc_qm_engine,btc_leading_zeros,0.0000000000
122269382,13877700465310,btc_qm_engine,btc_sha256_elapsed_ns,1591.0000000000
122269383,13877700465755,btc_qm_engine,btc_lebesgue_scan_nonce,9.0000000000
122269384,13877700466894,btc_qm_engine,btc_sha256_nonce,529336568.0000000000
122269385,13877700467002,btc_qm_engine,btc_leading_zeros,4.0000000000
122269386,13877700467809,btc_qm_engine,btc_sha256_elapsed_ns,2149.0000000000
122269387,13877700468211,btc_qm_engine,btc_orbital_scan_nonce,529389160.0000000000
122269388,13877700469175,btc_qm_engine,btc_leading_zeros,0.0000000000
122269389,13877700469582,btc_qm_engine,btc_sha256_nonce,529326620.0000000000
122269390,13877700469909,btc_qm_engine,btc_sha256_elapsed_ns,2305.0000000000
122269391,13877700470230,btc_qm_engine,btc_orbital_scan_nonce,529385402.0000000000
122269392,13877700470491,btc_qm_engine,btc_leading_zeros,4.0000000000
122269393,13877700470640,btc_qm_engine,btc_sha256_elapsed_ns,2424.0000000000
122269394,13877700470885,btc_qm_engine,btc_leading_zeros,2.0000000000
122269395,13877700471350,btc_qm_engine,btc_sha256_nonce,529389160.0000000000
122269396,13877700471510,btc_qm_engine,btc_leading_zeros,1.0000000000
122269397,13877700471653,btc_qm_engine,btc_sha256_elapsed_ns,1839.0000000000
122269398,13877700472019,btc_qm_engine,btc_sha256_elapsed_ns,2096.0000000000
122269399,13877700472654,btc_qm_engine,btc_sha256_nonce,3579748288.0000000000
122269400,13877700473631,btc_qm_engine,btc_sha256_nonce,3577552879.0000000000
122269401,13877700473780,btc_qm_engine,btc_leading_zeros,2.0000000000
122269402,13877700474696,btc_qm_engine,btc_sha256_elapsed_ns,2346.0000000000
122269403,13877700474959,btc_qm_engine,btc_sha256_nonce,529385402.0000000000
122269404,13877700475294,btc_qm_engine,btc_sha256_nonce,529333392.0000000000
122269405,13877700475451,btc_qm_engine,btc_leading_zeros,0.0000000000
122269406,13877700475598,btc_qm_engine,btc_sha256_elapsed_ns,2330.0000000000
122269407,13877700476052,btc_qm_engine,btc_lebesgue_scan_nonce,6.0000000000
122269408,13877700476764,btc_qm_engine,btc_lebesgue_scan_nonce,25.0000000000
122269409,13877700478383,btc_qm_engine,btc_lebesgue_scan_nonce,18.0000000000
122269410,13877700479109,btc_qm_engine,btc_sha256_nonce,529414576.0000000000
122269411,13877700479558,btc_qm_engine,btc_leading_zeros,0.0000000000
122269412,13877700479987,btc_qm_engine,btc_leading_zeros,3.0000000000
122269413,13877700480137,btc_qm_engine,btc_sha256_elapsed_ns,2422.0000000000
122269414,13877700480496,btc_qm_engine,btc_sha256_nonce,529209088.0000000000
122269415,13877700481229,btc_qm_engine,btc_sha256_nonce,529288502.0000000000
122269416,13877700481387,btc_qm_engine,btc_leading_zeros,0.0000000000
122269417,13877700481763,btc_qm_engine,btc_leading_zeros,4.0000000000
122269418,13877700482809,btc_qm_engine,btc_sha256_elapsed_ns,1636.0000000000
122269419,13877700483042,btc_qm_engine,btc_sha256_elapsed_ns,2480.0000000000
122269420,13877700483767,btc_qm_engine,btc_orbital_scan_nonce,529376722.0000000000
122269421,13877700484088,btc_qm_engine,btc_orbital_scan_nonce,529368911.0000000000
122269422,13877700485859,btc_qm_engine,btc_leading_zeros,3.0000000000
122269423,13877700486345,btc_qm_engine,btc_sha256_nonce,529376722.0000000000
122269424,13877700486533,btc_qm_engine,btc_leading_zeros,1.0000000000
122269425,13877700486839,btc_qm_engine,btc_sha256_elapsed_ns,2191.0000000000
122269426,13877700487388,btc_qm_engine,btc_sha256_elapsed_ns,2372.0000000000
122269427,13877700488159,btc_qm_engine,btc_sha256_nonce,46469609.0000000000
122269428,13877700489665,btc_qm_engine,btc_lebesgue_scan_nonce,12.0000000000
122269429,13877700490025,btc_qm_engine,btc_leading_zeros,0.0000000000
122269430,13877700490187,btc_qm_engine,btc_sha256_elapsed_ns,2452.0000000000
122269431,13877700490553,btc_qm_engine,btc_orbital_scan_nonce,529340184.0000000000
122269432,13877700491658,btc_qm_engine,btc_sha256_elapsed_ns,1764.0000000000
122269433,13877700492080,btc_qm_engine,btc_lebesgue_scan_nonce,16.0000000000
122269434,13877700492732,btc_qm_engine,btc_sha256_nonce,529196753.0000000000
122269435,13877700493583,btc_qm_engine,btc_lebesgue_scan_nonce,9.0000000000
122269436,13877700494364,btc_qm_engine,btc_sha256_nonce,529340184.0000000000
122269437,13877700494528,btc_qm_engine,btc_leading_zeros,0.0000000000
122269438,13877700495260,btc_qm_engine,btc_sha256_nonce,529328592.0000000000
122269439,13877700495440,btc_qm_engine,btc_leading_zeros,0.0000000000
122269440,13877700495547,btc_qm_engine,btc_sha256_elapsed_ns,2081.0000000000
122269441,13877700495859,btc_qm_engine,btc_sha256_elapsed_ns,2476.0000000000
122269442,13877700496211,btc_qm_engine,btc_orbital_scan_nonce,529348750.0000000000
122269443,13877700496559,btc_qm_engine,btc_leading_zeros,0.0000000000
122269444,13877700497442,btc_qm_engine,btc_sha256_elapsed_ns,2184.0000000000
122269445,13877700497927,btc_qm_engine,btc_sha256_nonce,3580778547.0000000000
122269446,13877700498890,btc_qm_engine,btc_sha256_nonce,529454588.0000000000
122269447,13877700499320,btc_qm_engine,btc_sha256_nonce,3578125761.0000000000
122269448,13877700499492,btc_qm_engine,btc_leading_zeros,0.0000000000
122269449,13877700499641,btc_qm_engine,btc_sha256_elapsed_ns,2398.0000000000
122269450,13877700500076,btc_qm_engine,btc_sha256_nonce,24431737.0000000000
122269451,13877700500504,btc_qm_engine,btc_leading_zeros,0.0000000000
122269452,13877700500727,btc_qm_engine,btc_sha256_elapsed_ns,2159.0000000000
122269453,13877700502318,btc_qm_engine,btc_orbital_scan_nonce,529401557.0000000000
122269454,13877700502654,btc_qm_engine,btc_sha256_nonce,3578625568.0000000000
122269455,13877700502833,btc_qm_engine,btc_leading_zeros,0.0000000000
122269456,13877700502984,btc_qm_engine,btc_sha256_elapsed_ns,2294.0000000000
122269457,13877700503338,btc_qm_engine,btc_sha256_nonce,529348750.0000000000
122269458,13877700503682,btc_qm_engine,btc_orbital_scan_nonce,529328415.0000000000
122269459,13877700504070,btc_qm_engine,btc_sha256_nonce,529368911.0000000000
122269460,13877700504769,btc_qm_engine,btc_sha256_nonce,529401557.0000000000
122269461,13877700505010,btc_qm_engine,btc_leading_zeros,1.0000000000
122269462,13877700505153,btc_qm_engine,btc_sha256_elapsed_ns,1603.0000000000
122269463,13877700505468,btc_qm_engine,btc_leading_zeros,0.0000000000
122269464,13877700505635,btc_qm_engine,btc_sha256_elapsed_ns,2308.0000000000
122269465,13877700506105,btc_qm_engine,btc_leading_zeros,0.0000000000
122269466,13877700506416,btc_qm_engine,btc_leading_zeros,0.0000000000
122269467,13877700506790,btc_qm_engine,btc_sha256_nonce,529328415.0000000000
122269468,13877700507276,btc_qm_engine,btc_orbital_scan_nonce,529312144.0000000000
122269469,13877700507680,btc_qm_engine,btc_sha256_elapsed_ns,2150.0000000000
122269470,13877700508025,btc_qm_engine,btc_orbital_scan_nonce,529310102.0000000000
122269471,13877700509260,btc_qm_engine,btc_leading_zeros,0.0000000000
122269472,13877700509605,btc_qm_engine,btc_sha256_nonce,529312144.0000000000
122269473,13877700509756,btc_qm_engine,btc_leading_zeros,3.0000000000
122269474,13877700509862,btc_qm_engine,btc_sha256_elapsed_ns,2000.0000000000
122269475,13877700510094,btc_qm_engine,btc_sha256_elapsed_ns,2101.0000000000
122269476,13877700510358,btc_qm_engine,btc_lebesgue_scan_nonce,9.0000000000
122269477,13877700510686,btc_qm_engine,btc_sha256_nonce,529310102.0000000000
122269478,13877700511391,btc_qm_engine,btc_leading_zeros,2.0000000000
122269479,13877700512123,btc_qm_engine,btc_sha256_elapsed_ns,2197.0000000000
122269480,13877700512368,btc_qm_engine,btc_sha256_nonce,529244489.0000000000
122269481,13877700512480,btc_qm_engine,btc_leading_zeros,0.0000000000
122269482,13877700512625,btc_qm_engine,btc_sha256_elapsed_ns,1607.0000000000
122269483,13877700513196,btc_qm_engine,btc_lebesgue_scan_nonce,19.0000000000
122269484,13877700513404,btc_qm_engine,btc_lebesgue_scan_nonce,16.0000000000
122269485,13877700514326,btc_qm_engine,btc_leading_zeros,1.0000000000
122269486,13877700514778,btc_qm_engine,btc_lebesgue_scan_nonce,1.0000000000
122269487,13877700515510,btc_qm_engine,btc_sha256_elapsed_ns,2296.0000000000
122269488,13877700515799,btc_qm_engine,btc_sha256_nonce,529445623.0000000000
122269489,13877700515977,btc_qm_engine,btc_leading_zeros,1.0000000000
122269490,13877700516137,btc_qm_engine,btc_sha256_elapsed_ns,1982.0000000000
122269491,13877700518428,btc_qm_engine,btc_sha256_nonce,3579249800.0000000000
122269492,13877700519062,btc_qm_engine,btc_sha256_nonce,3577332847.0000000000
122269493,13877700519262,btc_qm_engine,btc_leading_zeros,2.0000000000
122269494,13877700519427,btc_qm_engine,btc_sha256_elapsed_ns,2330.0000000000
122269495,13877700519784,btc_qm_engine,btc_leading_zeros,0.0000000000
122269496,13877700519945,btc_qm_engine,btc_sha256_elapsed_ns,2285.0000000000
122269497,13877700521397,btc_qm_engine,btc_lebesgue_scan_nonce,13.0000000000
122269498,13877700522103,btc_qm_engine,btc_sha256_nonce,529389813.0000000000
122269499,13877700522278,btc_qm_engine,btc_leading_zeros,4.0000000000
122269500,13877700522443,btc_qm_engine,btc_sha256_elapsed_ns,2292.0000000000
122269501,13877700522859,btc_qm_engine,btc_sha256_nonce,3580256047.0000000000
122269502,13877700523496,btc_qm_engine,btc_sha256_nonce,3576593166.0000000000
122269503,13877700523663,btc_qm_engine,btc_leading_zeros,0.0000000000
122269504,13877700524238,btc_qm_engine,btc_sha256_nonce,529339654.0000000000
122269505,13877700524818,btc_qm_engine,btc_sha256_elapsed_ns,2405.0000000000
122269506,13877700525200,btc_qm_engine,btc_leading_zeros,2.0000000000
122269507,13877700525801,btc_qm_engine,btc_orbital_scan_nonce,529390443.0000000000
122269508,13877700526840,btc_qm_engine,btc_orbital_scan_nonce,529357617.0000000000
122269509,13877700527959,btc_qm_engine,btc_leading_zeros,0.0000000000
122269510,13877700528214,btc_qm_engine,btc_sha256_elapsed_ns,2378.0000000000
122269511,13877700528848,btc_qm_engine,btc_sha256_elapsed_ns,2227.0000000000
122269512,13877700529274,btc_qm_engine,btc_orbital_scan_nonce,529347838.0000000000
122269513,13877700530275,btc_qm_engine,btc_lebesgue_scan_nonce,18.0000000000
122269514,13877700530848,btc_qm_engine,btc_sha256_nonce,529390443.0000000000
122269515,13877700531284,btc_qm_engine,btc_sha256_elapsed_ns,2321.0000000000
122269516,13877700531623,btc_qm_engine,btc_leading_zeros,1.0000000000
122269517,13877700532367,btc_qm_engine,btc_sha256_elapsed_ns,2395.0000000000
122269518,13877700533344,btc_qm_engine,btc_sha256_nonce,529357617.0000000000
122269519,13877700533695,btc_qm_engine,btc_sha256_nonce,529454463.0000000000
122269520,13877700533894,btc_qm_engine,btc_leading_zeros,2.0000000000
122269521,13877700534038,btc_qm_engine,btc_sha256_elapsed_ns,2452.0000000000
122269522,13877700534310,btc_qm_engine,btc_sha256_nonce,3579051901.0000000000
122269523,13877700534678,btc_qm_engine,btc_leading_zeros,4.0000000000
122269524,13877700535534,btc_qm_engine,btc_sha256_elapsed_ns,2359.0000000000
122269525,13877700535871,btc_qm_engine,btc_orbital_scan_nonce,529349772.0000000000
122269526,13877700536524,btc_qm_engine,btc_sha256_nonce,3577977350.0000000000
122269527,13877700537140,btc_qm_engine,btc_leading_zeros,2.0000000000
122269528,13877700537839,btc_qm_engine,btc_sha256_elapsed_ns,1911.0000000000
122269529,13877700538158,btc_qm_engine,btc_orbital_scan_nonce,529343061.0000000000
122269530,13877700538701,btc_qm_engine,btc_leading_zeros,1.0000000000
122269531,13877700539119,btc_qm_engine,btc_sha256_elapsed_ns,2419.0000000000
122269532,13877700539399,btc_qm_engine,btc_sha256_nonce,3579049018.0000000000
122269533,13877700539673,btc_qm_engine,btc_leading_zeros,1.0000000000
122269534,13877700539848,btc_qm_engine,btc_sha256_elapsed_ns,2433.0000000000
122269535,13877700611375,btc_qm_engine,btc_sha256_nonce,3579684821.0000000000
122269536,13877700611605,btc_qm_engine,btc_leading_zeros,2.0000000000
122269537,13877700611789,btc_qm_engine,btc_sha256_elapsed_ns,2355.0000000000
122269538,13877700614033,btc_qm_engine,btc_orbital_scan_nonce,529346750.0000000000
122269539,13877700614727,btc_qm_engine,btc_sha256_nonce,3579532037.0000000000
122269540,13877700614881,btc_qm_engine,btc_leading_zeros,0.0000000000
122269541,13877700615047,btc_qm_engine,btc_sha256_elapsed_ns,2337.0000000000
122269542,13877700617506,btc_qm_engine,btc_sha256_nonce,529346750.0000000000
122269543,13877700617658,btc_qm_engine,btc_leading_zeros,1.0000000000
122269544,13877700617757,btc_qm_engine,btc_sha256_elapsed_ns,1343.0000000000
122269545,13877700618019,btc_qm_engine,btc_sha256_nonce,3580407067.0000000000
122269546,13877700618167,btc_qm_engine,btc_leading_zeros,1.0000000000
122269547,13877700618319,btc_qm_engine,btc_sha256_elapsed_ns,2449.0000000000
122269548,13877700619484,btc_qm_engine,btc_sha256_nonce,3579525472.0000000000
122269549,13877700619585,btc_qm_engine,btc_leading_zeros,0.0000000000
122269550,13877700619683,btc_qm_engine,btc_sha256_elapsed_ns,1291.0000000000
122269551,13877700621219,btc_qm_engine,btc_sha256_nonce,3579450287.0000000000
122269552,13877700621480,btc_qm_engine,btc_sha256_nonce,3577962346.0000000000
122269553,13877700621863,btc_qm_engine,btc_leading_zeros,4.0000000000
122269554,13877700622842,btc_qm_engine,btc_leading_zeros,2.0000000000
122269555,13877700623919,btc_qm_engine,btc_sha256_elapsed_ns,2333.0000000000
122269556,13877700624330,btc_qm_engine,btc_sha256_elapsed_ns,1290.0000000000
122269557,13877700626444,btc_qm_engine,btc_sha256_nonce,529349772.0000000000
122269558,13877700626854,btc_qm_engine,btc_sha256_nonce,3580615241.0000000000
122269559,13877700627167,btc_qm_engine,btc_sha256_nonce,3579303567.0000000000
122269560,13877700628519,btc_qm_engine,btc_leading_zeros,0.0000000000
122269561,13877700629260,btc_qm_engine,btc_sha256_elapsed_ns,2368.0000000000
122269562,13877700631829,btc_qm_engine,btc_sha256_nonce,3576873151.0000000000
122269563,13877700632364,btc_qm_engine,btc_sha256_nonce,3579030377.0000000000
122269564,13877700633109,btc_qm_engine,btc_leading_zeros,3.0000000000
122269565,13877700633922,btc_qm_engine,btc_sha256_elapsed_ns,2449.0000000000
122269566,13877700634514,btc_qm_engine,btc_leading_zeros,0.0000000000
122269567,13877700635757,btc_qm_engine,btc_sha256_nonce,529343061.0000000000
122269568,13877700636230,btc_qm_engine,btc_leading_zeros,2.0000000000
122269569,13877700636401,btc_qm_engine,btc_sha256_elapsed_ns,2258.0000000000
122269570,13877700636774,btc_qm_engine,btc_orbital_scan_nonce,529311122.0000000000
122269571,13877700637175,btc_qm_engine,btc_sha256_nonce,3576581934.0000000000
122269572,13877700637635,btc_qm_engine,btc_sha256_nonce,529348150.0000000000
122269573,13877700638720,btc_qm_engine,btc_leading_zeros,1.0000000000
122269574,13877700638875,btc_qm_engine,btc_sha256_elapsed_ns,2505.0000000000
122269575,13877700639103,btc_qm_engine,btc_sha256_nonce,529311122.0000000000
122269576,13877700639252,btc_qm_engine,btc_leading_zeros,0.0000000000
122269577,13877700639613,btc_qm_engine,btc_orbital_scan_nonce,529304200.0000000000
122269578,13877700640680,btc_qm_engine,btc_sha256_elapsed_ns,1902.0000000000
122269579,13877700641366,btc_qm_engine,btc_lebesgue_scan_nonce,2.0000000000
122269580,13877700642869,btc_qm_engine,btc_leading_zeros,0.0000000000
122269581,13877700643028,btc_qm_engine,btc_sha256_elapsed_ns,2299.0000000000
122269582,13877700643381,btc_qm_engine,btc_sha256_nonce,529304200.0000000000
122269583,13877700643540,btc_qm_engine,btc_leading_zeros,3.0000000000
122269584,13877700643699,btc_qm_engine,btc_sha256_elapsed_ns,2413.0000000000
122269585,13877700645018,btc_qm_engine,btc_sha256_nonce,529546210.0000000000
122269586,13877700645742,btc_qm_engine,btc_sha256_nonce,3578080863.0000000000
122269587,13877700646478,btc_qm_engine,btc_leading_zeros,0.0000000000
122269588,13877700647149,btc_qm_engine,btc_sha256_elapsed_ns,2251.0000000000
122269589,13877700647308,btc_qm_engine,btc_leading_zeros,1.0000000000
122269590,13877700647572,btc_qm_engine,btc_lebesgue_scan_nonce,27.0000000000
122269591,13877700647969,btc_qm_engine,btc_sha256_nonce,48002566.0000000000
122269592,13877700648493,btc_qm_engine,btc_leading_zeros,0.0000000000
122269593,13877700650420,btc_qm_engine,btc_sha256_nonce,529338074.0000000000
122269594,13877700651104,btc_qm_engine,btc_sha256_elapsed_ns,2343.0000000000
122269595,13877700651862,btc_qm_engine,btc_sha256_elapsed_ns,2361.0000000000
122269596,13877700652158,btc_qm_engine,btc_leading_zeros,0.0000000000
122269597,13877700652423,btc_qm_engine,btc_lebesgue_scan_nonce,15.0000000000
122269598,13877700653041,btc_qm_engine,btc_orbital_scan_nonce,529333359.0000000000
122269599,13877700653483,btc_qm_engine,btc_sha256_elapsed_ns,2224.0000000000
122269600,13877700654034,btc_qm_engine,btc_leading_zeros,0.0000000000
122269601,13877700654543,btc_qm_engine,btc_lebesgue_scan_nonce,25.0000000000
122269602,13877700654794,btc_qm_engine,btc_sha256_elapsed_ns,2378.0000000000
122269603,13877700655125,btc_qm_engine,btc_sha256_nonce,529429559.0000000000
122269604,13877700655270,btc_qm_engine,btc_leading_zeros,0.0000000000
122269605,13877700655383,btc_qm_engine,btc_sha256_elapsed_ns,1668.0000000000
122269606,13877700655815,btc_qm_engine,btc_sha256_nonce,529333359.0000000000
122269607,13877700655978,btc_qm_engine,btc_leading_zeros,2.0000000000
122269608,13877700656117,btc_qm_engine,btc_sha256_elapsed_ns,2416.0000000000
122269609,13877700657423,btc_qm_engine,btc_sha256_nonce,529391039.0000000000
122269610,13877700657840,btc_qm_engine,btc_sha256_nonce,3577202349.0000000000
122269611,13877700658391,btc_qm_engine,btc_leading_zeros,0.0000000000
122269612,13877700658856,btc_qm_engine,btc_leading_zeros,2.0000000000
122269613,13877700659147,btc_qm_engine,btc_sha256_nonce,3579780733.0000000000
122269614,13877700659314,btc_qm_engine,btc_leading_zeros,3.0000000000
122269615,13877700659473,btc_qm_engine,btc_sha256_elapsed_ns,2461.0000000000
122269616,13877700659822,btc_qm_engine,btc_sha256_elapsed_ns,1609.0000000000
122269617,13877700660057,btc_qm_engine,btc_sha256_elapsed_ns,2166.0000000000
122269618,13877700661266,btc_qm_engine,btc_sha256_elapsed_ns,2429.0000000000
122269619,13877700661705,btc_qm_engine,btc_orbital_scan_nonce,529350333.0000000000
122269620,13877700662413,btc_qm_engine,btc_sha256_nonce,3580030244.0000000000
122269621,13877700662570,btc_qm_engine,btc_leading_zeros,0.0000000000
122269622,13877700662711,btc_qm_engine,btc_sha256_elapsed_ns,2378.0000000000
122269623,13877700663057,btc_qm_engine,btc_sha256_nonce,3577642060.0000000000
122269624,13877700663207,btc_qm_engine,btc_leading_zeros,0.0000000000
122269625,13877700663318,btc_qm_engine,btc_sha256_elapsed_ns,1560.0000000000
122269626,13877700664211,btc_qm_engine,btc_sha256_nonce,3578374522.0000000000
122269627,13877700664417,btc_qm_engine,btc_sha256_nonce,529350333.0000000000
122269628,13877700664822,btc_qm_engine,btc_leading_zeros,1.0000000000
122269629,13877700665557,btc_qm_engine,btc_sha256_nonce,3578958393.0000000000
122269630,13877700666088,btc_qm_engine,btc_sha256_elapsed_ns,2006.0000000000
122269631,13877700666773,btc_qm_engine,btc_sha256_nonce,3576745050.0000000000
122269632,13877700667607,btc_qm_engine,btc_leading_zeros,0.0000000000
122269633,13877700667799,btc_qm_engine,btc_sha256_elapsed_ns,1740.0000000000
122269634,13877700668169,btc_qm_engine,btc_leading_zeros,0.0000000000
122269635,13877700668408,btc_qm_engine,btc_leading_zeros,0.0000000000
122269636,13877700668604,btc_qm_engine,btc_sha256_elapsed_ns,2398.0000000000
122269637,13877700669150,btc_qm_engine,btc_sha256_elapsed_ns,2289.0000000000
122269638,13877700669477,btc_qm_engine,btc_sha256_nonce,46230253.0000000000
122269639,13877700669648,btc_qm_engine,btc_leading_zeros,0.0000000000
122269640,13877700669857,btc_qm_engine,btc_sha256_elapsed_ns,2010.0000000000
122269641,13877700670436,btc_qm_engine,btc_orbital_scan_nonce,529368349.0000000000
122269642,13877700672875,btc_qm_engine,btc_sha256_nonce,3580141488.0000000000
122269643,13877700673062,btc_qm_engine,btc_leading_zeros,0.0000000000
122269644,13877700673987,btc_qm_engine,btc_sha256_elapsed_ns,2405.0000000000
122269645,13877700674233,btc_qm_engine,btc_sha256_nonce,529368349.0000000000
122269646,13877700675049,btc_qm_engine,btc_leading_zeros,0.0000000000
122269647,13877700675333,btc_qm_engine,btc_orbital_scan_nonce,529345101.0000000000
122269648,13877700675917,btc_qm_engine,btc_leading_zeros,1.0000000000
122269649,13877700676778,btc_qm_engine,btc_sha256_elapsed_ns,2312.0000000000
122269650,13877700677523,btc_qm_engine,btc_sha256_elapsed_ns,2427.0000000000
122269651,13877700677968,btc_qm_engine,btc_sha256_nonce,529345101.0000000000
122269652,13877700678234,btc_qm_engine,btc_leading_zeros,1.0000000000
122269653,13877700678438,btc_qm_engine,btc_sha256_elapsed_ns,2201.0000000000
122269654,13877700678829,btc_qm_engine,btc_lebesgue_scan_nonce,7.0000000000
122269655,13877700680000,btc_qm_engine,btc_sha256_nonce,3577094990.0000000000
122269656,13877700681085,btc_qm_engine,btc_sha256_nonce,529390675.0000000000
122269657,13877700681233,btc_qm_engine,btc_leading_zeros,0.0000000000
122269658,13877700681375,btc_qm_engine,btc_sha256_elapsed_ns,1847.0000000000
122269659,13877700681720,btc_qm_engine,btc_lebesgue_scan_nonce,1.0000000000
122269660,13877700683137,btc_qm_engine,btc_orbital_scan_nonce,529387424.0000000000
122269661,13877700684487,btc_qm_engine,btc_sha256_nonce,529398352.0000000000
122269662,13877700684684,btc_qm_engine,btc_leading_zeros,2.0000000000
122269663,13877700684853,btc_qm_engine,btc_sha256_elapsed_ns,2418.0000000000
122269664,13877700685270,btc_qm_engine,btc_orbital_scan_nonce,529392650.0000000000
122269665,13877700685582,btc_qm_engine,btc_leading_zeros,0.0000000000
122269666,13877700685932,btc_qm_engine,btc_sha256_nonce,529387424.0000000000
122269667,13877700686826,btc_qm_engine,btc_sha256_elapsed_ns,1572.0000000000
122269668,13877700687057,btc_qm_engine,btc_leading_zeros,4.0000000000
122269669,13877700687269,btc_qm_engine,btc_sha256_elapsed_ns,2303.0000000000
122269670,13877700688149,btc_qm_engine,btc_sha256_nonce,529392650.0000000000
122269671,13877700688309,btc_qm_engine,btc_leading_zeros,0.0000000000
122269672,13877700688474,btc_qm_engine,btc_sha256_elapsed_ns,2467.0000000000
122269673,13877700689455,btc_qm_engine,btc_orbital_scan_nonce,529352690.0000000000
122269674,13877700690312,btc_qm_engine,btc_sha256_nonce,3578109698.0000000000
122269675,13877700690522,btc_qm_engine,btc_leading_zeros,0.0000000000
122269676,13877700690683,btc_qm_engine,btc_sha256_elapsed_ns,2505.0000000000
122269677,13877700690874,btc_qm_engine,btc_sha256_nonce,3578931878.0000000000
122269678,13877700691294,btc_qm_engine,btc_sha256_nonce,46125970.0000000000
122269679,13877700691752,btc_qm_engine,btc_sha256_nonce,3577703949.0000000000
122269680,13877700693172,btc_qm_engine,btc_sha256_nonce,3577619377.0000000000
122269681,13877700693535,btc_qm_engine,btc_leading_zeros,0.0000000000
122269682,13877700693682,btc_qm_engine,btc_sha256_elapsed_ns,1822.0000000000
122269683,13877700694026,btc_qm_engine,btc_leading_zeros,1.0000000000
122269684,13877700694311,btc_qm_engine,btc_leading_zeros,1.0000000000
122269685,13877700695332,btc_qm_engine,btc_sha256_elapsed_ns,2159.0000000000
122269686,13877700695515,btc_qm_engine,btc_sha256_elapsed_ns,2002.0000000000
122269687,13877700696457,btc_qm_engine,btc_orbital_scan_nonce,529331745.0000000000
122269688,13877700696903,btc_qm_engine,btc_leading_zeros,0.0000000000
122269689,13877700697417,btc_qm_engine,btc_sha256_nonce,3577407920.0000000000
122269690,13877700698020,btc_qm_engine,btc_sha256_elapsed_ns,2259.0000000000
122269691,13877700698438,btc_qm_engine,btc_leading_zeros,1.0000000000
122269692,13877700699468,btc_qm_engine,btc_sha256_nonce,3580146473.0000000000
122269693,13877700699862,btc_qm_engine,btc_sha256_elapsed_ns,2231.0000000000
122269694,13877700700609,btc_qm_engine,btc_leading_zeros,0.0000000000
122269695,13877700700917,btc_qm_engine,btc_sha256_nonce,46082461.0000000000
122269696,13877700701080,btc_qm_engine,btc_leading_zeros,0.0000000000
122269697,13877700701294,btc_qm_engine,btc_sha256_elapsed_ns,2196.0000000000
122269698,13877700701603,btc_qm_engine,btc_sha256_nonce,529331745.0000000000
122269699,13877700702097,btc_qm_engine,btc_sha256_elapsed_ns,2364.0000000000
122269700,13877700702974,btc_qm_engine,btc_lebesgue_scan_nonce,13.0000000000
122269701,13877700703454,btc_qm_engine,btc_sha256_nonce,3577863659.0000000000
122269702,13877700703628,btc_qm_engine,btc_leading_zeros,1.0000000000
122269703,13877700703780,btc_qm_engine,btc_sha256_elapsed_ns,2070.0000000000
122269704,13877700704575,btc_qm_engine,btc_leading_zeros,3.0000000000
122269705,13877700705362,btc_qm_engine,btc_sha256_nonce,529352690.0000000000
122269706,13877700706604,btc_qm_engine,btc_sha256_nonce,3577040324.0000000000
122269707,13877700706832,btc_qm_engine,btc_leading_zeros,0.0000000000
122269708,13877700707729,btc_qm_engine,btc_sha256_elapsed_ns,2207.0000000000
122269709,13877700707933,btc_qm_engine,btc_sha256_nonce,529312605.0000000000
122269710,13877700708143,btc_qm_engine,btc_sha256_elapsed_ns,2208.0000000000
122269711,13877700708840,btc_qm_engine,btc_leading_zeros,4.0000000000
122269712,13877700709012,btc_qm_engine,btc_sha256_elapsed_ns,1774.0000000000
122269713,13877700709348,btc_qm_engine,btc_orbital_scan_nonce,529381184.0000000000
122269714,13877700710783,btc_qm_engine,btc_sha256_nonce,3578145645.0000000000
122269715,13877700711533,btc_qm_engine,btc_sha256_nonce,3579215996.0000000000
122269716,13877700711680,btc_qm_engine,btc_leading_zeros,0.0000000000
122269717,13877700711946,btc_qm_engine,btc_leading_zeros,3.0000000000
122269718,13877700712285,btc_qm_engine,btc_sha256_nonce,529381184.0000000000
122269719,13877700713653,btc_qm_engine,btc_sha256_elapsed_ns,2413.0000000000
122269720,13877700714077,btc_qm_engine,btc_leading_zeros,2.0000000000
122269721,13877700714253,btc_qm_engine,btc_sha256_elapsed_ns,2349.0000000000
122269722,13877700714515,btc_qm_engine,btc_orbital_scan_nonce,529351940.0000000000
122269723,13877700714813,btc_qm_engine,btc_lebesgue_scan_nonce,21.0000000000
122269724,13877700716744,btc_qm_engine,btc_sha256_nonce,529351940.0000000000
122269725,13877700716945,btc_qm_engine,btc_sha256_elapsed_ns,2327.0000000000
122269726,13877700717553,btc_qm_engine,btc_sha256_nonce,529336906.0000000000
122269727,13877700717713,btc_qm_engine,btc_leading_zeros,0.0000000000
122269728,13877700717992,btc_qm_engine,btc_leading_zeros,1.0000000000
122269729,13877700718923,btc_qm_engine,btc_sha256_elapsed_ns,1789.0000000000
122269730,13877700719098,btc_qm_engine,btc_sha256_elapsed_ns,2409.0000000000
122269731,13877700719404,btc_qm_engine,btc_lebesgue_scan_nonce,6.0000000000
122269732,13877700720311,btc_qm_engine,btc_sha256_nonce,3577958131.0000000000
122269733,13877700720955,btc_qm_engine,btc_orbital_scan_nonce,529385962.0000000000
122269734,13877700722158,btc_qm_engine,btc_leading_zeros,1.0000000000
122269735,13877700722695,btc_qm_engine,btc_leading_zeros,1.0000000000
122269736,13877700722908,btc_qm_engine,btc_sha256_nonce,529241544.0000000000
122269737,13877700723167,btc_qm_engine,btc_sha256_elapsed_ns,1624.0000000000
122269738,13877700723454,btc_qm_engine,btc_sha256_elapsed_ns,2104.0000000000
122269739,13877700723635,btc_qm_engine,btc_leading_zeros,1.0000000000
122269740,13877700723826,btc_qm_engine,btc_sha256_elapsed_ns,2124.0000000000
122269741,13877700724809,btc_qm_engine,btc_orbital_scan_nonce,529313475.0000000000
122269742,13877700725470,btc_qm_engine,btc_sha256_nonce,47402287.0000000000
122269743,13877700725975,btc_qm_engine,btc_sha256_nonce,3577177417.0000000000
122269744,13877700726150,btc_qm_engine,btc_leading_zeros,1.0000000000
122269745,13877700726493,btc_qm_engine,btc_leading_zeros,0.0000000000
122269746,13877700727427,btc_qm_engine,btc_sha256_elapsed_ns,1986.0000000000
122269747,13877700727908,btc_qm_engine,btc_sha256_nonce,3578293592.0000000000
122269748,13877700728904,btc_qm_engine,btc_sha256_elapsed_ns,2485.0000000000
122269749,13877700729285,btc_qm_engine,btc_leading_zeros,3.0000000000
122269750,13877700730276,btc_qm_engine,btc_sha256_nonce,529385962.0000000000
122269751,13877700730504,btc_qm_engine,btc_leading_zeros,3.0000000000
122269752,13877700730927,btc_qm_engine,btc_sha256_elapsed_ns,2445.0000000000
122269753,13877700731972,btc_qm_engine,btc_sha256_nonce,3577114183.0000000000
122269754,13877700732793,btc_qm_engine,btc_leading_zeros,0.0000000000
122269755,13877700732903,btc_qm_engine,btc_sha256_elapsed_ns,1893.0000000000
122269756,13877700733901,btc_qm_engine,btc_sha256_elapsed_ns,2398.0000000000
122269757,13877700734665,btc_qm_engine,btc_sha256_nonce,3577246214.0000000000
122269758,13877700734866,btc_qm_engine,btc_leading_zeros,2.0000000000
122269759,13877700735025,btc_qm_engine,btc_sha256_elapsed_ns,2226.0000000000
122269760,13877700735403,btc_qm_engine,btc_orbital_scan_nonce,529371529.0000000000
122269761,13877700735961,btc_qm_engine,btc_sha256_nonce,3576797893.0000000000
122269762,13877700736114,btc_qm_engine,btc_leading_zeros,0.0000000000
122269763,13877700736228,btc_qm_engine,btc_sha256_elapsed_ns,1914.0000000000
122269764,13877700736689,btc_qm_engine,btc_sha256_nonce,47233993.0000000000
122269765,13877700736849,btc_qm_engine,btc_leading_zeros,0.0000000000
122269766,13877700737012,btc_qm_engine,btc_sha256_elapsed_ns,2503.0000000000
122269767,13877700737459,btc_qm_engine,btc_sha256_nonce,3580523052.0000000000
122269768,13877700737612,btc_qm_engine,btc_leading_zeros,2.0000000000
122269769,13877700737734,btc_qm_engine,btc_sha256_elapsed_ns,2390.0000000000
122269770,13877700738150,btc_qm_engine,btc_orbital_scan_nonce,529384109.0000000000
122269771,13877700738474,btc_qm_engine,btc_sha256_nonce,3577853473.0000000000
122269772,13877700738639,btc_qm_engine,btc_leading_zeros,0.0000000000
122269773,13877700738752,btc_qm_engine,btc_sha256_elapsed_ns,1683.0000000000
122269774,13877700739172,btc_qm_engine,btc_sha256_nonce,529371529.0000000000
122269775,13877700739757,btc_qm_engine,btc_sha256_nonce,529313475.0000000000
122269776,13877700740083,btc_qm_engine,btc_leading_zeros,0.0000000000
122269777,13877700740243,btc_qm_engine,btc_sha256_elapsed_ns,2445.0000000000
122269778,13877700740693,btc_qm_engine,btc_leading_zeros,1.0000000000
122269779,13877700741062,btc_qm_engine,btc_sha256_elapsed_ns,2310.0000000000
122269780,13877700741455,btc_qm_engine,btc_sha256_nonce,529384109.0000000000
122269781,13877700741613,btc_qm_engine,btc_leading_zeros,2.0000000000
122269782,13877700741789,btc_qm_engine,btc_sha256_elapsed_ns,2298.0000000000
122269783,13877700742113,btc_qm_engine,btc_sha256_nonce,3577604635.0000000000
122269784,13877700742478,btc_qm_engine,btc_sha256_nonce,47058206.0000000000
122269785,13877700742887,btc_qm_engine,btc_lebesgue_scan_nonce,25.0000000000
122269786,13877700744140,btc_qm_engine,btc_leading_zeros,0.0000000000
122269787,13877700746802,btc_qm_engine,btc_sha256_nonce,529331836.0000000000
122269788,13877700746963,btc_qm_engine,btc_leading_zeros,0.0000000000
122269789,13877700747100,btc_qm_engine,btc_sha256_elapsed_ns,2326.0000000000
122269790,13877700747452,btc_qm_engine,btc_lebesgue_scan_nonce,7.0000000000
122269791,13877700748329,btc_qm_engine,btc_leading_zeros,0.0000000000
122269792,13877700748505,btc_qm_engine,btc_sha256_elapsed_ns,2298.0000000000
122269793,13877700749639,btc_qm_engine,btc_sha256_elapsed_ns,1724.0000000000
122269794,13877700750141,btc_qm_engine,btc_sha256_nonce,529366581.0000000000
122269795,13877700750310,btc_qm_engine,btc_leading_zeros,2.0000000000
122269796,13877700750464,btc_qm_engine,btc_sha256_elapsed_ns,2315.0000000000
122269797,13877700750820,btc_qm_engine,btc_lebesgue_scan_nonce,10.0000000000
122269798,13877700751533,btc_qm_engine,btc_sha256_nonce,48054055.0000000000
122269799,13877700751695,btc_qm_engine,btc_leading_zeros,2.0000000000
122269800,13877700751836,btc_qm_engine,btc_sha256_elapsed_ns,2489.0000000000
122269801,13877700752119,btc_qm_engine,btc_sha256_nonce,3576964957.0000000000
122269802,13877700752283,btc_qm_engine,btc_leading_zeros,0.0000000000
122269803,13877700752433,btc_qm_engine,btc_sha256_elapsed_ns,1782.0000000000
122269804,13877700752809,btc_qm_engine,btc_orbital_scan_nonce,529376822.0000000000
122269805,13877700753622,btc_qm_engine,btc_sha256_nonce,529518028.0000000000
122269806,13877700753788,btc_qm_engine,btc_leading_zeros,1.0000000000
122269807,13877700753942,btc_qm_engine,btc_sha256_elapsed_ns,2440.0000000000
122269808,13877700754297,btc_qm_engine,btc_orbital_scan_nonce,529392895.0000000000
122269809,13877700754867,btc_qm_engine,btc_sha256_nonce,48011096.0000000000
122269810,13877700755218,btc_qm_engine,btc_lebesgue_scan_nonce,19.0000000000
122269811,13877700755516,btc_qm_engine,btc_sha256_nonce,3577471195.0000000000
122269812,13877700755937,btc_qm_engine,btc_sha256_nonce,529376822.0000000000
122269813,13877700756325,btc_qm_engine,btc_leading_zeros,3.0000000000
122269814,13877700757049,btc_qm_engine,btc_sha256_nonce,529392895.0000000000
122269815,13877700757859,btc_qm_engine,btc_leading_zeros,0.0000000000
122269816,13877700758165,btc_qm_engine,btc_leading_zeros,1.0000000000
122269817,13877700758317,btc_qm_engine,btc_sha256_elapsed_ns,2302.0000000000
122269818,13877700758612,btc_qm_engine,btc_leading_zeros,0.0000000000
122269819,13877700758982,btc_qm_engine,btc_sha256_elapsed_ns,1813.0000000000
122269820,13877700759461,btc_qm_engine,btc_sha256_elapsed_ns,2438.0000000000
122269821,13877700759738,btc_qm_engine,btc_sha256_elapsed_ns,2125.0000000000
122269822,13877700760070,btc_qm_engine,btc_sha256_nonce,529336682.0000000000
122269823,13877700760496,btc_qm_engine,btc_orbital_scan_nonce,529361980.0000000000
122269824,13877700761035,btc_qm_engine,btc_leading_zeros,0.0000000000
122269825,13877700761202,btc_qm_engine,btc_sha256_elapsed_ns,2487.0000000000
122269826,13877700761734,btc_qm_engine,btc_sha256_nonce,3577004996.0000000000
122269827,13877700761908,btc_qm_engine,btc_leading_zeros,0.0000000000
122269828,13877700762035,btc_qm_engine,btc_sha256_elapsed_ns,2089.0000000000
122269829,13877700762336,btc_qm_engine,btc_sha256_nonce,3579105897.0000000000
122269830,13877700762508,btc_qm_engine,btc_leading_zeros,0.0000000000
122269831,13877700762658,btc_qm_engine,btc_sha256_elapsed_ns,2179.0000000000
122269832,13877700763100,btc_qm_engine,btc_sha256_nonce,47692361.0000000000
122269833,13877700763293,btc_qm_engine,btc_leading_zeros,1.0000000000
122269834,13877700763438,btc_qm_engine,btc_sha256_elapsed_ns,2398.0000000000
122269835,13877700763807,btc_qm_engine,btc_orbital_scan_nonce,529353942.0000000000
122269836,13877700764092,btc_qm_engine,btc_sha256_nonce,529361980.0000000000
122269837,13877700764817,btc_qm_engine,btc_sha256_nonce,3577640061.0000000000
122269838,13877700765103,btc_qm_engine,btc_leading_zeros,0.0000000000
122269839,13877700765459,btc_qm_engine,btc_sha256_nonce,3578310611.0000000000
122269840,13877700766232,btc_qm_engine,btc_sha256_nonce,3580558349.0000000000
122269841,13877700766780,btc_qm_engine,btc_sha256_elapsed_ns,2392.0000000000
122269842,13877700767278,btc_qm_engine,btc_leading_zeros,2.0000000000
122269843,13877700767871,btc_qm_engine,btc_sha256_nonce,529353942.0000000000
122269844,13877700768130,btc_qm_engine,btc_leading_zeros,0.0000000000
122269845,13877700768723,btc_qm_engine,btc_leading_zeros,0.0000000000
122269846,13877700768954,btc_qm_engine,btc_sha256_elapsed_ns,2486.0000000000
122269847,13877700769325,btc_qm_engine,btc_sha256_elapsed_ns,2162.0000000000
122269848,13877700770719,btc_qm_engine,btc_sha256_nonce,3577379772.0000000000
122269849,13877700771480,btc_qm_engine,btc_leading_zeros,0.0000000000
122269850,13877700771630,btc_qm_engine,btc_sha256_elapsed_ns,2104.0000000000
122269851,13877700771887,btc_qm_engine,btc_sha256_elapsed_ns,2106.0000000000
122269852,13877700772038,btc_qm_engine,btc_orbital_scan_nonce,529327041.0000000000
122269853,13877700772575,btc_qm_engine,btc_sha256_nonce,3577820760.0000000000
122269854,13877700772785,btc_qm_engine,btc_leading_zeros,2.0000000000
122269855,13877700772908,btc_qm_engine,btc_sha256_elapsed_ns,1926.0000000000
122269856,13877700773919,btc_qm_engine,btc_lebesgue_scan_nonce,22.0000000000
122269857,13877700775408,btc_qm_engine,btc_sha256_nonce,3577910435.0000000000
122269858,13877700775635,btc_qm_engine,btc_sha256_nonce,529327041.0000000000
122269859,13877700776103,btc_qm_engine,btc_sha256_nonce,3576861964.0000000000
122269860,13877700776255,btc_qm_engine,btc_leading_zeros,2.0000000000
122269861,13877700776672,btc_qm_engine,btc_sha256_elapsed_ns,1955.0000000000
122269862,13877700777130,btc_qm_engine,btc_sha256_nonce,529360641.0000000000
122269863,13877700777290,btc_qm_engine,btc_leading_zeros,0.0000000000
122269864,13877700777464,btc_qm_engine,btc_sha256_elapsed_ns,2300.0000000000
122269865,13877700777821,btc_qm_engine,btc_leading_zeros,0.0000000000
122269866,13877700778520,btc_qm_engine,btc_leading_zeros,0.0000000000
122269867,13877700778829,btc_qm_engine,btc_sha256_elapsed_ns,2428.0000000000
122269868,13877700779211,btc_qm_engine,btc_sha256_elapsed_ns,2395.0000000000
122269869,13877700779628,btc_qm_engine,btc_orbital_scan_nonce,529351266.0000000000
122269870,13877700780079,btc_qm_engine,btc_orbital_scan_nonce,529301557.0000000000
122269871,13877700781000,btc_qm_engine,btc_sha256_nonce,3576755020.0000000000
122269872,13877700781678,btc_qm_engine,btc_leading_zeros,0.0000000000
122269873,13877700781832,btc_qm_engine,btc_sha256_elapsed_ns,2085.0000000000
122269874,13877700782510,btc_qm_engine,btc_sha256_nonce,529351266.0000000000
122269875,13877700783294,btc_qm_engine,btc_leading_zeros,0.0000000000
122269876,13877700783619,btc_qm_engine,btc_sha256_nonce,529301557.0000000000
122269877,13877700783800,btc_qm_engine,btc_leading_zeros,0.0000000000
122269878,13877700783972,btc_qm_engine,btc_sha256_elapsed_ns,2301.0000000000
122269879,13877700784149,btc_qm_engine,btc_sha256_nonce,3579407846.0000000000
122269880,13877700784483,btc_qm_engine,btc_sha256_nonce,3578151587.0000000000
122269881,13877700784635,btc_qm_engine,btc_leading_zeros,0.0000000000
122269882,13877700784808,btc_qm_engine,btc_sha256_elapsed_ns,2055.0000000000
122269883,13877700785209,btc_qm_engine,btc_leading_zeros,0.0000000000
122269884,13877700785387,btc_qm_engine,btc_sha256_elapsed_ns,2436.0000000000
122269885,13877700785753,btc_qm_engine,btc_orbital_scan_nonce,529366707.0000000000
122269886,13877700785993,btc_qm_engine,btc_sha256_elapsed_ns,2432.0000000000
122269887,13877700786839,btc_qm_engine,btc_sha256_nonce,48055312.0000000000
122269888,13877700787114,btc_qm_engine,btc_lebesgue_scan_nonce,23.0000000000
122269889,13877700788217,btc_qm_engine,btc_leading_zeros,0.0000000000
122269890,13877700788588,btc_qm_engine,btc_sha256_nonce,3577431798.0000000000
122269891,13877700788750,btc_qm_engine,btc_leading_zeros,0.0000000000
122269892,13877700788864,btc_qm_engine,btc_sha256_elapsed_ns,2161.0000000000
122269893,13877700789544,btc_qm_engine,btc_sha256_nonce,529366707.0000000000
122269894,13877700789969,btc_qm_engine,btc_sha256_elapsed_ns,2334.0000000000
122269895,13877700790298,btc_qm_engine,btc_sha256_nonce,529353745.0000000000
122269896,13877700791227,btc_qm_engine,btc_sha256_nonce,529347838.0000000000
122269897,13877700792272,btc_qm_engine,btc_lebesgue_scan_nonce,25.0000000000
122269898,13877700792500,btc_qm_engine,btc_leading_zeros,2.0000000000
122269899,13877700794592,btc_qm_engine,btc_sha256_elapsed_ns,2106.0000000000
122269900,13877700794927,btc_qm_engine,btc_leading_zeros,1.0000000000
122269901,13877700795128,btc_qm_engine,btc_sha256_elapsed_ns,2247.0000000000
122269902,13877700797557,btc_qm_engine,btc_sha256_nonce,3576967639.0000000000
122269903,13877700797764,btc_qm_engine,btc_leading_zeros,3.0000000000
122269904,13877700797933,btc_qm_engine,btc_sha256_elapsed_ns,2353.0000000000
122269905,13877700799149,btc_qm_engine,btc_sha256_nonce,23970609.0000000000
122269906,13877700799792,btc_qm_engine,btc_leading_zeros,0.0000000000
122269907,13877700799932,btc_qm_engine,btc_sha256_elapsed_ns,2226.0000000000
122269908,13877700800859,btc_qm_engine,btc_sha256_nonce,529412257.0000000000
122269909,13877700801012,btc_qm_engine,btc_leading_zeros,0.0000000000
122269910,13877700801182,btc_qm_engine,btc_sha256_elapsed_ns,2301.0000000000
122269911,13877700801819,btc_qm_engine,btc_leading_zeros,0.0000000000
122269912,13877700802547,btc_qm_engine,btc_sha256_elapsed_ns,2290.0000000000
122269913,13877700802847,btc_qm_engine,btc_sha256_nonce,24928611.0000000000
122269914,13877700803026,btc_qm_engine,btc_leading_zeros,0.0000000000
122269915,13877700803188,btc_qm_engine,btc_sha256_elapsed_ns,2347.0000000000
122269916,13877700803533,btc_qm_engine,btc_sha256_nonce,3577042002.0000000000
122269917,13877700804158,btc_qm_engine,btc_sha256_nonce,48388237.0000000000
122269918,13877700804455,btc_qm_engine,btc_leading_zeros,0.0000000000
122269919,13877700805315,btc_qm_engine,btc_sha256_elapsed_ns,2332.0000000000
122269920,13877700805510,btc_qm_engine,btc_leading_zeros,1.0000000000
122269921,13877700805832,btc_qm_engine,btc_lebesgue_scan_nonce,16.0000000000
122269922,13877700806208,btc_qm_engine,btc_sha256_nonce,23699133.0000000000
122269923,13877700806557,btc_qm_engine,btc_sha256_elapsed_ns,2451.0000000000
122269924,13877700806774,btc_qm_engine,btc_sha256_nonce,3578507141.0000000000
122269925,13877700807450,btc_qm_engine,btc_leading_zeros,0.0000000000
122269926,13877700807755,btc_qm_engine,btc_leading_zeros,0.0000000000
122269927,13877700808385,btc_qm_engine,btc_sha256_elapsed_ns,2304.0000000000
122269928,13877700808807,btc_qm_engine,btc_lebesgue_scan_nonce,1.0000000000
122269929,13877700809526,btc_qm_engine,btc_sha256_nonce,48905101.0000000000
122269930,13877700809778,btc_qm_engine,btc_leading_zeros,1.0000000000
122269931,13877700810654,btc_qm_engine,btc_sha256_elapsed_ns,2247.0000000000
122269932,13877700810940,btc_qm_engine,btc_sha256_elapsed_ns,2436.0000000000
122269933,13877700811378,btc_qm_engine,btc_lebesgue_scan_nonce,3.0000000000
122269934,13877700811654,btc_qm_engine,btc_sha256_nonce,529361787.0000000000
122269935,13877700811819,btc_qm_engine,btc_leading_zeros,0.0000000000
122269936,13877700811997,btc_qm_engine,btc_sha256_elapsed_ns,2039.0000000000
122269937,13877700812348,btc_qm_engine,btc_orbital_scan_nonce,529317203.0000000000
122269938,13877700813526,btc_qm_engine,btc_sha256_nonce,529326298.0000000000
122269939,13877700813719,btc_qm_engine,btc_leading_zeros,4.0000000000
122269940,13877700814199,btc_qm_engine,btc_sha256_nonce,529256103.0000000000
122269941,13877700814350,btc_qm_engine,btc_leading_zeros,0.0000000000
122269942,13877700814542,btc_qm_engine,btc_sha256_elapsed_ns,2429.0000000000
122269943,13877700815033,btc_qm_engine,btc_sha256_nonce,24858555.0000000000
122269944,13877700815812,btc_qm_engine,btc_sha256_nonce,529317203.0000000000
122269945,13877700816239,btc_qm_engine,btc_leading_zeros,0.0000000000
122269946,13877700816408,btc_qm_engine,btc_sha256_elapsed_ns,1776.0000000000
122269947,13877700816773,btc_qm_engine,btc_leading_zeros,0.0000000000
122269948,13877700816932,btc_qm_engine,btc_sha256_elapsed_ns,2380.0000000000
122269949,13877700817392,btc_qm_engine,btc_sha256_nonce,48104253.0000000000
122269950,13877700817610,btc_qm_engine,btc_leading_zeros,0.0000000000
122269951,13877700817834,btc_qm_engine,btc_sha256_elapsed_ns,2307.0000000000
122269952,13877700818113,btc_qm_engine,btc_sha256_elapsed_ns,2258.0000000000
122269953,13877700818599,btc_qm_engine,btc_lebesgue_scan_nonce,3.0000000000
122269954,13877700819301,btc_qm_engine,btc_sha256_nonce,23463398.0000000000
122269955,13877700819461,btc_qm_engine,btc_leading_zeros,0.0000000000
122269956,13877700819571,btc_qm_engine,btc_sha256_elapsed_ns,2400.0000000000
122269957,13877700819974,btc_qm_engine,btc_orbital_scan_nonce,529339270.0000000000
122269958,13877700821099,btc_qm_engine,btc_sha256_nonce,3578252217.0000000000
122269959,13877700821872,btc_qm_engine,btc_leading_zeros,0.0000000000
122269960,13877700822169,btc_qm_engine,btc_sha256_elapsed_ns,1944.0000000000
122269961,13877700823079,btc_qm_engine,btc_sha256_nonce,529339270.0000000000
122269962,13877700823367,btc_qm_engine,btc_sha256_nonce,529414521.0000000000
122269963,13877700824125,btc_qm_engine,btc_leading_zeros,1.0000000000
122269964,13877700824290,btc_qm_engine,btc_leading_zeros,1.0000000000
122269965,13877700825142,btc_qm_engine,btc_sha256_elapsed_ns,2235.0000000000
122269966,13877700825375,btc_qm_engine,btc_sha256_nonce,3579262622.0000000000
122269967,13877700826542,btc_qm_engine,btc_sha256_elapsed_ns,2530.0000000000
122269968,13877700827469,btc_qm_engine,btc_orbital_scan_nonce,529367686.0000000000
122269969,13877700828228,btc_qm_engine,btc_lebesgue_scan_nonce,16.0000000000
122269970,13877700829908,btc_qm_engine,btc_leading_zeros,0.0000000000
122269971,13877700830067,btc_qm_engine,btc_sha256_elapsed_ns,2344.0000000000
122269972,13877700830292,btc_qm_engine,btc_sha256_nonce,48411780.0000000000
122269973,13877700830590,btc_qm_engine,btc_sha256_nonce,529367686.0000000000
122269974,13877700831640,btc_qm_engine,btc_sha256_nonce,529277916.0000000000
122269975,13877700832663,btc_qm_engine,btc_leading_zeros,2.0000000000
122269976,13877700832964,btc_qm_engine,btc_sha256_nonce,3578063839.0000000000
122269977,13877700833117,btc_qm_engine,btc_leading_zeros,0.0000000000
122269978,13877700833493,btc_qm_engine,btc_sha256_elapsed_ns,2417.0000000000
122269979,13877700833853,btc_qm_engine,btc_leading_zeros,0.0000000000
122269980,13877700834008,btc_qm_engine,btc_sha256_elapsed_ns,2211.0000000000
122269981,13877700834272,btc_qm_engine,btc_sha256_elapsed_ns,2333.0000000000
122269982,13877700835193,btc_qm_engine,btc_leading_zeros,0.0000000000
122269983,13877700835540,btc_qm_engine,btc_orbital_scan_nonce,529374155.0000000000
122269984,13877700835930,btc_qm_engine,btc_sha256_elapsed_ns,2170.0000000000
122269985,13877700836130,btc_qm_engine,btc_lebesgue_scan_nonce,12.0000000000
122269986,13877700836640,btc_qm_engine,btc_sha256_nonce,48573333.0000000000
122269987,13877700836871,btc_qm_engine,btc_leading_zeros,0.0000000000
122269988,13877700837077,btc_qm_engine,btc_sha256_elapsed_ns,2520.0000000000
122269989,13877700838079,btc_qm_engine,btc_sha256_nonce,3576488731.0000000000
122269990,13877700838837,btc_qm_engine,btc_leading_zeros,1.0000000000
122269991,13877700839283,btc_qm_engine,btc_sha256_elapsed_ns,2235.0000000000
122269992,13877700839480,btc_qm_engine,btc_sha256_nonce,529453959.0000000000
122269993,13877700840284,btc_qm_engine,btc_sha256_nonce,25328748.0000000000
122269994,13877700840473,btc_qm_engine,btc_sha256_nonce,529374155.0000000000
122269995,13877700840969,btc_qm_engine,btc_orbital_scan_nonce,529327302.0000000000
122269996,13877700842137,btc_qm_engine,btc_sha256_nonce,48899421.0000000000
122269997,13877700843610,btc_qm_engine,btc_leading_zeros,0.0000000000
122269998,13877700843853,btc_qm_engine,btc_leading_zeros,0.0000000000
122269999,13877700844025,btc_qm_engine,btc_sha256_elapsed_ns,2357.0000000000
122270000,13877700844500,btc_qm_engine,btc_leading_zeros,4.0000000000
122270001,13877700845219,btc_qm_engine,btc_sha256_elapsed_ns,2558.0000000000
122270002,13877700846033,btc_qm_engine,btc_sha256_elapsed_ns,2546.0000000000
122270003,13877700847013,btc_qm_engine,btc_sha256_nonce,48761938.0000000000
122270004,13877700847184,btc_qm_engine,btc_leading_zeros,1.0000000000
122270005,13877700847338,btc_qm_engine,btc_sha256_elapsed_ns,2433.0000000000
122270006,13877700848824,btc_qm_engine,btc_sha256_nonce,3577612424.0000000000
122270007,13877700848979,btc_qm_engine,btc_leading_zeros,1.0000000000
122270008,13877700849139,btc_qm_engine,btc_sha256_elapsed_ns,2406.0000000000
122270009,13877700849392,btc_qm_engine,btc_sha256_nonce,24579798.0000000000
122270010,13877700849553,btc_qm_engine,btc_leading_zeros,2.0000000000
122270011,13877700849717,btc_qm_engine,btc_sha256_elapsed_ns,2373.0000000000
122270012,13877700850109,btc_qm_engine,btc_orbital_scan_nonce,529367385.0000000000
122270013,13877700850534,btc_qm_engine,btc_sha256_nonce,48131894.0000000000
122270014,13877700851107,btc_qm_engine,btc_sha256_nonce,529327302.0000000000
122270015,13877700851612,btc_qm_engine,btc_leading_zeros,0.0000000000
122270016,13877700852061,btc_qm_engine,btc_sha256_nonce,3577739034.0000000000
122270017,13877700852228,btc_qm_engine,btc_leading_zeros,0.0000000000
122270018,13877700852677,btc_qm_engine,btc_leading_zeros,0.0000000000
122270019,13877700853603,btc_qm_engine,btc_sha256_elapsed_ns,2454.0000000000
122270020,13877700854278,btc_qm_engine,btc_sha256_elapsed_ns,2349.0000000000
122270021,13877700854728,btc_qm_engine,btc_sha256_elapsed_ns,2406.0000000000
122270022,13877700855252,btc_qm_engine,btc_sha256_nonce,529367385.0000000000
122270023,13877700855940,btc_qm_engine,btc_leading_zeros,2.0000000000
122270024,13877700856089,btc_qm_engine,btc_sha256_elapsed_ns,2241.0000000000
122270025,13877700857033,btc_qm_engine,btc_orbital_scan_nonce,529385621.0000000000
122270026,13877700857297,btc_qm_engine,btc_sha256_nonce,47043149.0000000000
122270027,13877700857503,btc_qm_engine,btc_leading_zeros,3.0000000000
122270028,13877700857675,btc_qm_engine,btc_sha256_elapsed_ns,2379.0000000000
122270029,13877700858988,btc_qm_engine,btc_sha256_nonce,3578452722.0000000000
122270030,13877700859369,btc_qm_engine,btc_sha256_nonce,24613283.0000000000
122270031,13877700859642,btc_qm_engine,btc_sha256_nonce,529385621.0000000000
122270032,13877700859798,btc_qm_engine,btc_leading_zeros,2.0000000000
122270033,13877700859969,btc_qm_engine,btc_sha256_elapsed_ns,2323.0000000000
122270034,13877700860425,btc_qm_engine,btc_orbital_scan_nonce,529345156.0000000000
122270035,13877700861044,btc_qm_engine,btc_sha256_nonce,49049822.0000000000
122270036,13877700861647,btc_qm_engine,btc_leading_zeros,1.0000000000
122270037,13877700862713,btc_qm_engine,btc_leading_zeros,2.0000000000
122270038,13877700863432,btc_qm_engine,btc_leading_zeros,0.0000000000
122270039,13877700863857,btc_qm_engine,btc_sha256_nonce,529345156.0000000000
122270040,13877700864028,btc_qm_engine,btc_leading_zeros,1.0000000000
122270041,13877700864192,btc_qm_engine,btc_sha256_elapsed_ns,2106.0000000000
122270042,13877700864391,btc_qm_engine,btc_sha256_elapsed_ns,2409.0000000000
122270043,13877700864742,btc_qm_engine,btc_sha256_elapsed_ns,2454.0000000000
122270044,13877700865450,btc_qm_engine,btc_orbital_scan_nonce,529381696.0000000000
122270045,13877700865764,btc_qm_engine,btc_lebesgue_scan_nonce,27.0000000000
122270046,13877700866979,btc_qm_engine,btc_sha256_elapsed_ns,2432.0000000000
122270047,13877700867419,btc_qm_engine,btc_orbital_scan_nonce,529390967.0000000000
122270048,13877700868183,btc_qm_engine,btc_sha256_nonce,529381696.0000000000
122270049,13877700868364,btc_qm_engine,btc_leading_zeros,0.0000000000
122270050,13877700868530,btc_qm_engine,btc_sha256_elapsed_ns,2381.0000000000
122270051,13877700868790,btc_qm_engine,btc_sha256_nonce,48539444.0000000000
122270052,13877700869177,btc_qm_engine,btc_leading_zeros,1.0000000000
122270053,13877700869639,btc_qm_engine,btc_orbital_scan_nonce,529401557.0000000000
122270054,13877700870330,btc_qm_engine,btc_sha256_nonce,529373422.0000000000
122270055,13877700870649,btc_qm_engine,btc_sha256_elapsed_ns,2412.0000000000
122270056,13877700870933,btc_qm_engine,btc_sha256_nonce,529390967.0000000000
122270057,13877700871209,btc_qm_engine,btc_leading_zeros,1.0000000000
122270058,13877700871381,btc_qm_engine,btc_sha256_elapsed_ns,2377.0000000000
122270059,13877700871639,btc_qm_engine,btc_leading_zeros,1.0000000000
122270060,13877700871776,btc_qm_engine,btc_sha256_elapsed_ns,1643.0000000000
122270061,13877700872713,btc_qm_engine,btc_orbital_scan_nonce,529304843.0000000000
122270062,13877700873076,btc_qm_engine,btc_sha256_nonce,529401557.0000000000
122270063,13877700873451,btc_qm_engine,btc_leading_zeros,2.0000000000
122270064,13877700874719,btc_qm_engine,btc_sha256_nonce,47018642.0000000000
122270065,13877700875075,btc_qm_engine,btc_sha256_nonce,529304843.0000000000
122270066,13877700875560,btc_qm_engine,btc_leading_zeros,1.0000000000
122270067,13877700875980,btc_qm_engine,btc_sha256_elapsed_ns,2406.0000000000
122270068,13877700876314,btc_qm_engine,btc_sha256_elapsed_ns,2423.0000000000
122270069,13877700877104,btc_qm_engine,btc_leading_zeros,0.0000000000
122270070,13877700877612,btc_qm_engine,btc_leading_zeros,1.0000000000
122270071,13877700878445,btc_qm_engine,btc_orbital_scan_nonce,529350143.0000000000
122270072,13877700878814,btc_qm_engine,btc_sha256_elapsed_ns,2326.0000000000
122270073,13877700880193,btc_qm_engine,btc_sha256_nonce,3579892822.0000000000
122270074,13877700880353,btc_qm_engine,btc_leading_zeros,0.0000000000
122270075,13877700880479,btc_qm_engine,btc_sha256_elapsed_ns,2426.0000000000
122270076,13877700881955,btc_qm_engine,btc_sha256_nonce,24437222.0000000000
122270077,13877700882127,btc_qm_engine,btc_leading_zeros,0.0000000000
122270078,13877700882283,btc_qm_engine,btc_sha256_elapsed_ns,2534.0000000000
122270079,13877700882765,btc_qm_engine,btc_orbital_scan_nonce,529369352.0000000000
122270080,13877700883395,btc_qm_engine,btc_sha256_nonce,3579673907.0000000000
122270081,13877700883550,btc_qm_engine,btc_leading_zeros,1.0000000000
122270082,13877700883695,btc_qm_engine,btc_sha256_elapsed_ns,2382.0000000000
122270083,13877700884104,btc_qm_engine,btc_lebesgue_scan_nonce,23.0000000000
122270084,13877700885188,btc_qm_engine,btc_sha256_nonce,25192833.0000000000
122270085,13877700885362,btc_qm_engine,btc_leading_zeros,1.0000000000
122270086,13877700885528,btc_qm_engine,btc_sha256_elapsed_ns,2374.0000000000
122270087,13877700885879,btc_qm_engine,btc_orbital_scan_nonce,529387207.0000000000
122270088,13877700886112,btc_qm_engine,btc_sha256_nonce,529369352.0000000000
122270089,13877700886295,btc_qm_engine,btc_leading_zeros,2.0000000000
122270090,13877700886451,btc_qm_engine,btc_sha256_elapsed_ns,2367.0000000000
122270091,13877700886811,btc_qm_engine,btc_sha256_nonce,529306971.0000000000
122270092,13877700887340,btc_qm_engine,btc_leading_zeros,0.0000000000
122270093,13877700888048,btc_qm_engine,btc_sha256_elapsed_ns,2344.0000000000
122270094,13877700888373,btc_qm_engine,btc_sha256_nonce,529350143.0000000000
122270095,13877700888863,btc_qm_engine,btc_sha256_nonce,529387207.0000000000
122270096,13877700889044,btc_qm_engine,btc_leading_zeros,2.0000000000
122270097,13877700889217,btc_qm_engine,btc_sha256_elapsed_ns,2451.0000000000
122270098,13877700889489,btc_qm_engine,btc_leading_zeros,2.0000000000
122270099,13877700889639,btc_qm_engine,btc_sha256_elapsed_ns,2456.0000000000
122270100,13877700890330,btc_qm_engine,btc_sha256_nonce,3578370605.0000000000
122270101,13877700890705,btc_qm_engine,btc_sha256_elapsed_ns,1732.0000000000
122270102,13877700891071,btc_qm_engine,btc_leading_zeros,1.0000000000
122270103,13877700891220,btc_qm_engine,btc_sha256_elapsed_ns,2295.0000000000
122270104,13877700891598,btc_qm_engine,btc_lebesgue_scan_nonce,0.0000000000
122270105,13877700892022,btc_qm_engine,btc_orbital_scan_nonce,529387186.0000000000
122270106,13877700892653,btc_qm_engine,btc_sha256_nonce,47308552.0000000000
122270107,13877700892839,btc_qm_engine,btc_leading_zeros,1.0000000000
122270108,13877700892997,btc_qm_engine,btc_sha256_elapsed_ns,2423.0000000000
122270109,13877700893533,btc_qm_engine,btc_sha256_nonce,529131015.0000000000
122270110,13877700893693,btc_qm_engine,btc_leading_zeros,0.0000000000
122270111,13877700893834,btc_qm_engine,btc_sha256_elapsed_ns,1628.0000000000
122270112,13877700894424,btc_qm_engine,btc_sha256_nonce,529387186.0000000000
122270113,13877700894589,btc_qm_engine,btc_leading_zeros,0.0000000000
122270114,13877700894720,btc_qm_engine,btc_sha256_elapsed_ns,2026.0000000000
122270115,13877700895967,btc_qm_engine,btc_sha256_nonce,47188676.0000000000
122270116,13877700896137,btc_qm_engine,btc_leading_zeros,0.0000000000
122270117,13877700896308,btc_qm_engine,btc_sha256_elapsed_ns,2461.0000000000
122270118,13877700896663,btc_qm_engine,btc_orbital_scan_nonce,529329851.0000000000
122270119,13877700896916,btc_qm_engine,btc_sha256_nonce,3577961446.0000000000
122270120,13877700897088,btc_qm_engine,btc_leading_zeros,0.0000000000
122270121,13877700897440,btc_qm_engine,btc_sha256_nonce,23579286.0000000000
122270122,13877700897618,btc_qm_engine,btc_leading_zeros,0.0000000000
122270123,13877700897793,btc_qm_engine,btc_sha256_elapsed_ns,2420.0000000000
122270124,13877700898060,btc_qm_engine,btc_sha256_elapsed_ns,2450.0000000000
122270125,13877700898300,btc_qm_engine,btc_sha256_nonce,3578047849.0000000000
122270126,13877700898595,btc_qm_engine,btc_lebesgue_scan_nonce,22.0000000000
122270127,13877700899089,btc_qm_engine,btc_leading_zeros,0.0000000000
122270128,13877700899658,btc_qm_engine,btc_sha256_nonce,529329851.0000000000
122270129,13877700900289,btc_qm_engine,btc_sha256_elapsed_ns,1938.0000000000
122270130,13877700900582,btc_qm_engine,btc_leading_zeros,1.0000000000
122270131,13877700900749,btc_qm_engine,btc_sha256_elapsed_ns,2294.0000000000
122270132,13877700901084,btc_qm_engine,btc_sha256_nonce,25031405.0000000000
122270133,13877700901989,btc_qm_engine,btc_orbital_scan_nonce,529341690.0000000000
122270134,13877700902307,btc_qm_engine,btc_orbital_scan_nonce,529314516.0000000000
122270135,13877700902690,btc_qm_engine,btc_leading_zeros,0.0000000000
122270136,13877700902857,btc_qm_engine,btc_sha256_elapsed_ns,2457.0000000000
122270137,13877700903750,btc_qm_engine,btc_sha256_nonce,49104854.0000000000
122270138,13877700903928,btc_qm_engine,btc_leading_zeros,0.0000000000
122270139,13877700904075,btc_qm_engine,btc_sha256_elapsed_ns,2414.0000000000
122270140,13877700905847,btc_qm_engine,btc_sha256_nonce,23805076.0000000000
122270141,13877700906794,btc_qm_engine,btc_sha256_nonce,529314516.0000000000
122270142,13877700907339,btc_qm_engine,btc_leading_zeros,3.0000000000
122270143,13877700907710,btc_qm_engine,btc_leading_zeros,1.0000000000
122270144,13877700907859,btc_qm_engine,btc_sha256_elapsed_ns,2246.0000000000
122270145,13877700908185,btc_qm_engine,btc_sha256_elapsed_ns,2417.0000000000
122270146,13877700909109,btc_qm_engine,btc_sha256_nonce,47383062.0000000000
122270147,13877700909443,btc_qm_engine,btc_orbital_scan_nonce,529309673.0000000000
122270148,13877700912123,btc_qm_engine,btc_sha256_nonce,529309673.0000000000
122270149,13877700912279,btc_qm_engine,btc_leading_zeros,3.0000000000
122270150,13877700912447,btc_qm_engine,btc_sha256_elapsed_ns,2420.0000000000
122270151,13877700914243,btc_qm_engine,btc_leading_zeros,1.0000000000
122270152,13877700914424,btc_qm_engine,btc_sha256_elapsed_ns,2366.0000000000
122270153,13877700914758,btc_qm_engine,btc_sha256_nonce,529402189.0000000000
122270154,13877700915279,btc_qm_engine,btc_sha256_nonce,25174589.0000000000
122270155,13877700915440,btc_qm_engine,btc_leading_zeros,2.0000000000
122270156,13877700915628,btc_qm_engine,btc_leading_zeros,2.0000000000
122270157,13877700916362,btc_qm_engine,btc_sha256_elapsed_ns,2358.0000000000
122270158,13877700916547,btc_qm_engine,btc_sha256_elapsed_ns,2335.0000000000
122270159,13877700917309,btc_qm_engine,btc_sha256_nonce,48150409.0000000000
122270160,13877700917469,btc_qm_engine,btc_leading_zeros,0.0000000000
122270161,13877700917826,btc_qm_engine,btc_lebesgue_scan_nonce,15.0000000000
122270162,13877700918839,btc_qm_engine,btc_sha256_elapsed_ns,2375.0000000000
122270163,13877700919743,btc_qm_engine,btc_orbital_scan_nonce,529354539.0000000000
122270164,13877700920969,btc_qm_engine,btc_sha256_nonce,24708611.0000000000
122270165,13877700921454,btc_qm_engine,btc_orbital_scan_nonce,529354856.0000000000
122270166,13877700921742,btc_qm_engine,btc_leading_zeros,1.0000000000
122270167,13877700922635,btc_qm_engine,btc_sha256_elapsed_ns,2266.0000000000
122270168,13877700923389,btc_qm_engine,btc_sha256_nonce,529395710.0000000000
122270169,13877700923711,btc_qm_engine,btc_sha256_nonce,529354539.0000000000
122270170,13877700924121,btc_qm_engine,btc_leading_zeros,2.0000000000
122270171,13877700924288,btc_qm_engine,btc_sha256_elapsed_ns,2139.0000000000
122270172,13877700924677,btc_qm_engine,btc_orbital_scan_nonce,529345104.0000000000
122270173,13877700924942,btc_qm_engine,btc_lebesgue_scan_nonce,11.0000000000
122270174,13877700925381,btc_qm_engine,btc_leading_zeros,0.0000000000
122270175,13877700926710,btc_qm_engine,btc_leading_zeros,1.0000000000
122270176,13877700927394,btc_qm_engine,btc_sha256_nonce,529345104.0000000000
122270177,13877700928067,btc_qm_engine,btc_sha256_elapsed_ns,2275.0000000000
122270178,13877700928397,btc_qm_engine,btc_leading_zeros,1.0000000000
122270179,13877700928612,btc_qm_engine,btc_sha256_nonce,529325947.0000000000
122270180,13877700928772,btc_qm_engine,btc_leading_zeros,4.0000000000
122270181,13877700928933,btc_qm_engine,btc_sha256_elapsed_ns,2304.0000000000
122270182,13877700929125,btc_qm_engine,btc_sha256_elapsed_ns,2164.0000000000
122270183,13877700930755,btc_qm_engine,btc_sha256_nonce,3578154426.0000000000
122270184,13877700930908,btc_qm_engine,btc_leading_zeros,0.0000000000
122270185,13877700931022,btc_qm_engine,btc_sha256_elapsed_ns,1597.0000000000
122270186,13877700931359,btc_qm_engine,btc_orbital_scan_nonce,529335639.0000000000
122270187,13877700931853,btc_qm_engine,btc_sha256_nonce,23880655.0000000000
122270188,13877700932070,btc_qm_engine,btc_sha256_nonce,3577398080.0000000000
122270189,13877700932750,btc_qm_engine,btc_leading_zeros,0.0000000000
122270190,13877700933118,btc_qm_engine,btc_orbital_scan_nonce,529401557.0000000000
122270191,13877700933530,btc_qm_engine,btc_sha256_nonce,529335639.0000000000
122270192,13877700933928,btc_qm_engine,btc_sha256_elapsed_ns,2377.0000000000
122270193,13877700934520,btc_qm_engine,btc_leading_zeros,0.0000000000
122270194,13877700934869,btc_qm_engine,btc_leading_zeros,0.0000000000
122270195,13877700935069,btc_qm_engine,btc_sha256_elapsed_ns,1860.0000000000
122270196,13877700935272,btc_qm_engine,btc_sha256_elapsed_ns,2369.0000000000
122270197,13877700935632,btc_qm_engine,btc_orbital_scan_nonce,529323708.0000000000
122270198,13877700935993,btc_qm_engine,btc_sha256_elapsed_ns,2244.0000000000
122270199,13877700936509,btc_qm_engine,btc_sha256_nonce,529401557.0000000000
122270200,13877700937402,btc_qm_engine,btc_lebesgue_scan_nonce,16.0000000000
122270201,13877700937724,btc_qm_engine,btc_orbital_scan_nonce,529365369.0000000000
122270202,13877700938063,btc_qm_engine,btc_leading_zeros,1.0000000000
122270203,13877701047928,btc_qm_engine,btc_sha256_nonce,529323708.0000000000
122270204,13877701052450,btc_qm_engine,btc_leading_zeros,4.0000000000
122270205,13877701052647,btc_qm_engine,btc_sha256_elapsed_ns,2375.0000000000
122270206,13877701055173,btc_qm_engine,btc_sha256_nonce,25445073.0000000000
122270207,13877701055320,btc_qm_engine,btc_leading_zeros,0.0000000000
122270208,13877701055440,btc_qm_engine,btc_sha256_elapsed_ns,1896.0000000000
122270209,13877701055769,btc_qm_engine,btc_lebesgue_scan_nonce,25.0000000000
122270210,13877701058016,btc_qm_engine,btc_sha256_nonce,529414875.0000000000
122270211,13877701058158,btc_qm_engine,btc_leading_zeros,0.0000000000
122270212,13877701058269,btc_qm_engine,btc_sha256_elapsed_ns,2012.0000000000
122270213,13877701058609,btc_qm_engine,btc_orbital_scan_nonce,529374928.0000000000
122270214,13877701061075,btc_qm_engine,btc_sha256_nonce,3577557741.0000000000
122270215,13877701061971,btc_qm_engine,btc_sha256_nonce,529374928.0000000000
122270216,13877701063799,btc_qm_engine,btc_leading_zeros,0.0000000000
122270217,13877701063933,btc_qm_engine,btc_sha256_elapsed_ns,2405.0000000000
122270218,13877701065914,btc_qm_engine,btc_sha256_nonce,3578424331.0000000000
122270219,13877701066015,btc_qm_engine,btc_leading_zeros,0.0000000000
122270220,13877701066122,btc_qm_engine,btc_sha256_elapsed_ns,1395.0000000000
122270221,13877701066401,btc_qm_engine,btc_leading_zeros,2.0000000000
122270222,13877701066562,btc_qm_engine,btc_sha256_elapsed_ns,2096.0000000000
122270223,13877701067853,btc_qm_engine,btc_sha256_nonce,3577730662.0000000000
122270224,13877701067992,btc_qm_engine,btc_leading_zeros,0.0000000000
122270225,13877701068135,btc_qm_engine,btc_sha256_elapsed_ns,1305.0000000000
122270226,13877701069057,btc_qm_engine,btc_sha256_nonce,24665130.0000000000
122270227,13877701069219,btc_qm_engine,btc_leading_zeros,0.0000000000
122270228,13877701069345,btc_qm_engine,btc_sha256_elapsed_ns,2015.0000000000
122270229,13877701069847,btc_qm_engine,btc_sha256_nonce,3577113016.0000000000
122270230,13877701069987,btc_qm_engine,btc_leading_zeros,0.0000000000
122270231,13877701070085,btc_qm_engine,btc_sha256_elapsed_ns,1304.0000000000
122270232,13877701070452,btc_qm_engine,btc_orbital_scan_nonce,529324778.0000000000
122270233,13877701071825,btc_qm_engine,btc_sha256_nonce,24452251.0000000000
122270234,13877701072346,btc_qm_engine,btc_leading_zeros,4.0000000000
122270235,13877701073072,btc_qm_engine,btc_sha256_elapsed_ns,2283.0000000000
122270236,13877701074804,btc_qm_engine,btc_sha256_elapsed_ns,1961.0000000000
122270237,13877701075149,btc_qm_engine,btc_orbital_scan_nonce,529368564.0000000000
122270238,13877701076890,btc_qm_engine,btc_sha256_nonce,529385885.0000000000
122270239,13877701077600,btc_qm_engine,btc_sha256_nonce,529368564.0000000000
122270240,13877701077762,btc_qm_engine,btc_leading_zeros,4.0000000000
122270241,13877701077975,btc_qm_engine,btc_sha256_elapsed_ns,2063.0000000000
122270242,13877701080067,btc_qm_engine,btc_sha256_nonce,24976874.0000000000
122270243,13877701080224,btc_qm_engine,btc_leading_zeros,3.0000000000
122270244,13877701080359,btc_qm_engine,btc_sha256_elapsed_ns,1670.0000000000
122270245,13877701080658,btc_qm_engine,btc_orbital_scan_nonce,529301557.0000000000
122270246,13877701082909,btc_qm_engine,btc_sha256_nonce,529301557.0000000000
122270247,13877701083075,btc_qm_engine,btc_leading_zeros,0.0000000000
122270248,13877701083246,btc_qm_engine,btc_sha256_elapsed_ns,2028.0000000000
122270249,13877701083593,btc_qm_engine,btc_orbital_scan_nonce,529361371.0000000000
122270250,13877701083979,btc_qm_engine,btc_sha256_nonce,47037320.0000000000
122270251,13877701084394,btc_qm_engine,btc_leading_zeros,0.0000000000
122270252,13877701085817,btc_qm_engine,btc_leading_zeros,1.0000000000
122270253,13877701086116,btc_qm_engine,btc_sha256_nonce,529361371.0000000000
122270254,13877701086455,btc_qm_engine,btc_leading_zeros,3.0000000000
122270255,13877701087227,btc_qm_engine,btc_sha256_nonce,529365369.0000000000
122270256,13877701088890,btc_qm_engine,btc_sha256_elapsed_ns,2455.0000000000
122270257,13877701089272,btc_qm_engine,btc_leading_zeros,2.0000000000
122270258,13877701089434,btc_qm_engine,btc_sha256_elapsed_ns,2354.0000000000
122270259,13877701090173,btc_qm_engine,btc_lebesgue_scan_nonce,20.0000000000
122270260,13877701091974,btc_qm_engine,btc_sha256_nonce,529354856.0000000000
122270261,13877701092859,btc_qm_engine,btc_leading_zeros,1.0000000000
122270262,13877701093158,btc_qm_engine,btc_sha256_nonce,529450058.0000000000
122270263,13877701093310,btc_qm_engine,btc_leading_zeros,0.0000000000
122270264,13877701093472,btc_qm_engine,btc_sha256_elapsed_ns,2549.0000000000
122270265,13877701094118,btc_qm_engine,btc_sha256_nonce,529324778.0000000000
122270266,13877701095237,btc_qm_engine,btc_sha256_elapsed_ns,2162.0000000000
122270267,13877701095829,btc_qm_engine,btc_orbital_scan_nonce,529302645.0000000000
122270268,13877701097279,btc_qm_engine,btc_lebesgue_scan_nonce,25.0000000000
122270269,13877701097588,btc_qm_engine,btc_sha256_elapsed_ns,2479.0000000000
122270270,13877701099419,btc_qm_engine,btc_leading_zeros,1.0000000000
122270271,13877701100070,btc_qm_engine,btc_sha256_nonce,529302645.0000000000
122270272,13877701101135,btc_qm_engine,btc_sha256_elapsed_ns,1300.0000000000
122270273,13877701101635,btc_qm_engine,btc_leading_zeros,2.0000000000
122270274,13877701101848,btc_qm_engine,btc_sha256_elapsed_ns,2371.0000000000
122270275,13877701103080,btc_qm_engine,btc_sha256_nonce,47250937.0000000000
122270276,13877701103760,btc_qm_engine,btc_leading_zeros,2.0000000000
122270277,13877701103957,btc_qm_engine,btc_sha256_elapsed_ns,2532.0000000000
122270278,13877701104209,btc_qm_engine,btc_sha256_nonce,3578306462.0000000000
122270279,13877701104747,btc_qm_engine,btc_sha256_nonce,3579073921.0000000000
122270280,13877701104903,btc_qm_engine,btc_leading_zeros,0.0000000000
122270281,13877701105135,btc_qm_engine,btc_sha256_elapsed_ns,2335.0000000000
122270282,13877701105433,btc_qm_engine,btc_orbital_scan_nonce,529301557.0000000000
122270283,13877701105677,btc_qm_engine,btc_leading_zeros,2.0000000000
122270284,13877701105821,btc_qm_engine,btc_sha256_elapsed_ns,2599.0000000000
122270285,13877701107992,btc_qm_engine,btc_sha256_nonce,3576965778.0000000000
122270286,13877701108838,btc_qm_engine,btc_sha256_nonce,529301557.0000000000
122270287,13877701109223,btc_qm_engine,btc_leading_zeros,4.0000000000
122270288,13877701110258,btc_qm_engine,btc_sha256_nonce,3577645051.0000000000
122270289,13877701110548,btc_qm_engine,btc_leading_zeros,0.0000000000
122270290,13877701110858,btc_qm_engine,btc_sha256_elapsed_ns,1642.0000000000
122270291,13877701111338,btc_qm_engine,btc_leading_zeros,1.0000000000
122270292,13877701111677,btc_qm_engine,btc_sha256_nonce,3577753790.0000000000
122270293,13877701111849,btc_qm_engine,btc_leading_zeros,1.0000000000
122270294,13877701112025,btc_qm_engine,btc_sha256_elapsed_ns,2095.0000000000
122270295,13877701112447,btc_qm_engine,btc_sha256_elapsed_ns,2365.0000000000
122270296,13877701113512,btc_qm_engine,btc_sha256_elapsed_ns,2486.0000000000
122270297,13877701113983,btc_qm_engine,btc_sha256_nonce,3577442227.0000000000
122270298,13877701114163,btc_qm_engine,btc_leading_zeros,0.0000000000
122270299,13877701114322,btc_qm_engine,btc_sha256_elapsed_ns,2406.0000000000
122270300,13877701114547,btc_qm_engine,btc_lebesgue_scan_nonce,26.0000000000
122270301,13877701114980,btc_qm_engine,btc_sha256_nonce,3576454427.0000000000
122270302,13877701115144,btc_qm_engine,btc_leading_zeros,2.0000000000
122270303,13877701115318,btc_qm_engine,btc_sha256_elapsed_ns,2364.0000000000
122270304,13877701116619,btc_qm_engine,btc_sha256_nonce,529294292.0000000000
122270305,13877701117302,btc_qm_engine,btc_sha256_nonce,3577450539.0000000000
122270306,13877701117635,btc_qm_engine,btc_leading_zeros,0.0000000000
122270307,13877701117783,btc_qm_engine,btc_sha256_elapsed_ns,2000.0000000000
122270308,13877701118187,btc_qm_engine,btc_sha256_nonce,3577710697.0000000000
122270309,13877701118538,btc_qm_engine,btc_orbital_scan_nonce,529386501.0000000000
122270310,13877701119549,btc_qm_engine,btc_leading_zeros,0.0000000000
122270311,13877701120090,btc_qm_engine,btc_leading_zeros,2.0000000000
122270312,13877701120383,btc_qm_engine,btc_sha256_elapsed_ns,2425.0000000000
122270313,13877701121113,btc_qm_engine,btc_sha256_elapsed_ns,2340.0000000000
122270314,13877701122308,btc_qm_engine,btc_sha256_nonce,529373756.0000000000
122270315,13877701123196,btc_qm_engine,btc_sha256_nonce,3576531089.0000000000
122270316,13877701123388,btc_qm_engine,btc_sha256_nonce,529386501.0000000000
122270317,13877701123859,btc_qm_engine,btc_leading_zeros,0.0000000000
122270318,13877701124394,btc_qm_engine,btc_leading_zeros,3.0000000000
122270319,13877701124658,btc_qm_engine,btc_leading_zeros,0.0000000000
122270320,13877701125130,btc_qm_engine,btc_sha256_nonce,3577507213.0000000000
122270321,13877701126460,btc_qm_engine,btc_leading_zeros,0.0000000000
122270322,13877701126575,btc_qm_engine,btc_sha256_elapsed_ns,2170.0000000000
122270323,13877701127528,btc_qm_engine,btc_sha256_elapsed_ns,2445.0000000000
122270324,13877701129219,btc_qm_engine,btc_sha256_nonce,3578146476.0000000000
122270325,13877701129395,btc_qm_engine,btc_leading_zeros,0.0000000000
122270326,13877701129539,btc_qm_engine,btc_sha256_elapsed_ns,1628.0000000000
122270327,13877701130202,btc_qm_engine,btc_sha256_elapsed_ns,2256.0000000000
122270328,13877701131229,btc_qm_engine,btc_sha256_nonce,47621400.0000000000
122270329,13877701131389,btc_qm_engine,btc_leading_zeros,0.0000000000
122270330,13877701131539,btc_qm_engine,btc_sha256_elapsed_ns,2566.0000000000
122270331,13877701131852,btc_qm_engine,btc_orbital_scan_nonce,529365282.0000000000
122270332,13877701132526,btc_qm_engine,btc_sha256_nonce,3577413023.0000000000
122270333,13877701132720,btc_qm_engine,btc_leading_zeros,4.0000000000
122270334,13877701132883,btc_qm_engine,btc_sha256_elapsed_ns,2405.0000000000
122270335,13877701133054,btc_qm_engine,btc_sha256_nonce,3576531283.0000000000
122270336,13877701133227,btc_qm_engine,btc_leading_zeros,1.0000000000
122270337,13877701133344,btc_qm_engine,btc_sha256_elapsed_ns,2369.0000000000
122270338,13877701134748,btc_qm_engine,btc_sha256_nonce,529365282.0000000000
122270339,13877701134905,btc_qm_engine,btc_leading_zeros,0.0000000000
122270340,13877701135030,btc_qm_engine,btc_sha256_elapsed_ns,2561.0000000000
122270341,13877701135392,btc_qm_engine,btc_lebesgue_scan_nonce,25.0000000000
122270342,13877701135934,btc_qm_engine,btc_sha256_nonce,3577233776.0000000000
122270343,13877701136095,btc_qm_engine,btc_leading_zeros,0.0000000000
122270344,13877701136260,btc_qm_engine,btc_sha256_nonce,3577772337.0000000000
122270345,13877701136608,btc_qm_engine,btc_sha256_elapsed_ns,1731.0000000000
122270346,13877701138072,btc_qm_engine,btc_sha256_nonce,529348585.0000000000
122270347,13877701138269,btc_qm_engine,btc_leading_zeros,0.0000000000
122270348,13877701138410,btc_qm_engine,btc_sha256_elapsed_ns,2346.0000000000
122270349,13877701138715,btc_qm_engine,btc_orbital_scan_nonce,529401557.0000000000
122270350,13877701140172,btc_qm_engine,btc_sha256_nonce,25034719.0000000000
122270351,13877701140327,btc_qm_engine,btc_leading_zeros,0.0000000000
122270352,13877701140465,btc_qm_engine,btc_sha256_elapsed_ns,2070.0000000000
122270353,13877701140974,btc_qm_engine,btc_leading_zeros,2.0000000000
122270354,13877701141215,btc_qm_engine,btc_sha256_elapsed_ns,2359.0000000000
122270355,13877701141452,btc_qm_engine,btc_sha256_nonce,529401557.0000000000
122270356,13877701141622,btc_qm_engine,btc_leading_zeros,1.0000000000
122270357,13877701141792,btc_qm_engine,btc_sha256_elapsed_ns,2409.0000000000
122270358,13877701143113,btc_qm_engine,btc_sha256_nonce,23889379.0000000000
122270359,13877701143278,btc_qm_engine,btc_leading_zeros,0.0000000000
122270360,13877701143399,btc_qm_engine,btc_sha256_elapsed_ns,2163.0000000000
122270361,13877701144230,btc_qm_engine,btc_sha256_nonce,3576483905.0000000000
122270362,13877701144403,btc_qm_engine,btc_leading_zeros,0.0000000000
122270363,13877701144557,btc_qm_engine,btc_sha256_elapsed_ns,2408.0000000000
122270364,13877701144797,btc_qm_engine,btc_sha256_nonce,48900109.0000000000
122270365,13877701145150,btc_qm_engine,btc_orbital_scan_nonce,529345395.0000000000
122270366,13877701145868,btc_qm_engine,btc_sha256_nonce,23615579.0000000000
122270367,13877701146064,btc_qm_engine,btc_leading_zeros,0.0000000000
122270368,13877701146202,btc_qm_engine,btc_sha256_elapsed_ns,1931.0000000000
122270369,13877701147322,btc_qm_engine,btc_leading_zeros,0.0000000000
122270370,13877701147697,btc_qm_engine,btc_lebesgue_scan_nonce,22.0000000000
122270371,13877701148205,btc_qm_engine,btc_sha256_elapsed_ns,2458.0000000000
122270372,13877701148709,btc_qm_engine,btc_sha256_nonce,529345395.0000000000
122270373,13877701148875,btc_qm_engine,btc_leading_zeros,1.0000000000
122270374,13877701149038,btc_qm_engine,btc_sha256_elapsed_ns,2481.0000000000
122270375,13877701150381,btc_qm_engine,btc_sha256_nonce,529306627.0000000000
122270376,13877701150533,btc_qm_engine,btc_leading_zeros,0.0000000000
122270377,13877701150693,btc_qm_engine,btc_sha256_elapsed_ns,2350.0000000000
122270378,13877701151160,btc_qm_engine,btc_orbital_scan_nonce,529308317.0000000000
122270379,13877701151469,btc_qm_engine,btc_sha256_elapsed_ns,2431.0000000000
122270380,13877701151951,btc_qm_engine,btc_sha256_nonce,3577612794.0000000000
122270381,13877701152776,btc_qm_engine,btc_leading_zeros,0.0000000000
122270382,13877701152965,btc_qm_engine,btc_sha256_elapsed_ns,2394.0000000000
122270383,13877701153178,btc_qm_engine,btc_sha256_nonce,48418888.0000000000
122270384,13877701153909,btc_qm_engine,btc_leading_zeros,0.0000000000
122270385,13877701154050,btc_qm_engine,btc_sha256_elapsed_ns,2303.0000000000
122270386,13877701154522,btc_qm_engine,btc_sha256_nonce,529308317.0000000000
122270387,13877701155122,btc_qm_engine,btc_sha256_nonce,3576910616.0000000000
122270388,13877701155334,btc_qm_engine,btc_leading_zeros,0.0000000000
122270389,13877701155517,btc_qm_engine,btc_sha256_elapsed_ns,2407.0000000000
122270390,13877701155934,btc_qm_engine,btc_sha256_nonce,3576732283.0000000000
122270391,13877701156108,btc_qm_engine,btc_leading_zeros,1.0000000000
122270392,13877701156308,btc_qm_engine,btc_sha256_elapsed_ns,2353.0000000000
122270393,13877701156737,btc_qm_engine,btc_orbital_scan_nonce,529301557.0000000000
122270394,13877701158561,btc_qm_engine,btc_sha256_nonce,3578262494.0000000000
122270395,13877701158712,btc_qm_engine,btc_leading_zeros,1.0000000000
122270396,13877701158820,btc_qm_engine,btc_sha256_elapsed_ns,1725.0000000000
122270397,13877701159098,btc_qm_engine,btc_orbital_scan_nonce,529350056.0000000000
122270398,13877701160457,btc_qm_engine,btc_sha256_nonce,529301557.0000000000
122270399,13877701160653,btc_qm_engine,btc_leading_zeros,0.0000000000
122270400,13877701160820,btc_qm_engine,btc_sha256_elapsed_ns,2275.0000000000
122270401,13877701161076,btc_qm_engine,btc_sha256_nonce,529350056.0000000000
122270402,13877701161227,btc_qm_engine,btc_leading_zeros,2.0000000000
122270403,13877701161349,btc_qm_engine,btc_sha256_elapsed_ns,1612.0000000000
122270404,13877701162423,btc_qm_engine,btc_orbital_scan_nonce,529323912.0000000000
122270405,13877701163776,btc_qm_engine,btc_sha256_nonce,48238148.0000000000
122270406,13877701163929,btc_qm_engine,btc_leading_zeros,0.0000000000
122270407,13877701164075,btc_qm_engine,btc_sha256_elapsed_ns,2391.0000000000
122270408,13877701164435,btc_qm_engine,btc_sha256_nonce,3577774853.0000000000
122270409,13877701164904,btc_qm_engine,btc_sha256_nonce,529323912.0000000000
122270410,13877701165062,btc_qm_engine,btc_leading_zeros,0.0000000000
122270411,13877701165219,btc_qm_engine,btc_leading_zeros,1.0000000000
122270412,13877701165927,btc_qm_engine,btc_sha256_elapsed_ns,2290.0000000000
122270413,13877701166242,btc_qm_engine,btc_sha256_elapsed_ns,2246.0000000000
122270414,13877701166969,btc_qm_engine,btc_sha256_nonce,47952120.0000000000
122270415,13877701167140,btc_qm_engine,btc_leading_zeros,1.0000000000
122270416,13877701167309,btc_qm_engine,btc_sha256_elapsed_ns,2324.0000000000
122270417,13877701168293,btc_qm_engine,btc_leading_zeros,2.0000000000
122270418,13877701168756,btc_qm_engine,btc_sha256_nonce,529341690.0000000000
122270419,13877701169320,btc_qm_engine,btc_sha256_elapsed_ns,2189.0000000000
122270420,13877701169654,btc_qm_engine,btc_sha256_nonce,3577128149.0000000000
122270421,13877701170158,btc_qm_engine,btc_orbital_scan_nonce,529345631.0000000000
122270422,13877701171617,btc_qm_engine,btc_leading_zeros,3.0000000000
122270423,13877701172247,btc_qm_engine,btc_sha256_nonce,47970123.0000000000
122270424,13877701172567,btc_qm_engine,btc_sha256_elapsed_ns,47738.0000000000
122270425,13877701173024,btc_qm_engine,btc_orbital_scan_nonce,529325376.0000000000
122270426,13877701173382,btc_qm_engine,btc_leading_zeros,0.0000000000
122270427,13877701174130,btc_qm_engine,btc_sha256_nonce,529345631.0000000000
122270428,13877701174526,btc_qm_engine,btc_leading_zeros,1.0000000000
122270429,13877701174756,btc_qm_engine,btc_sha256_elapsed_ns,2348.0000000000
122270430,13877701175284,btc_qm_engine,btc_leading_zeros,0.0000000000
122270431,13877701175987,btc_qm_engine,btc_sha256_nonce,529325376.0000000000
122270432,13877701176149,btc_qm_engine,btc_leading_zeros,0.0000000000
122270433,13877701176309,btc_qm_engine,btc_sha256_elapsed_ns,2361.0000000000
122270434,13877701178022,btc_qm_engine,btc_sha256_elapsed_ns,2342.0000000000
122270435,13877701180394,btc_qm_engine,btc_sha256_nonce,3577291761.0000000000
122270436,13877701181234,btc_qm_engine,btc_sha256_nonce,3579965082.0000000000
122270437,13877701181552,btc_qm_engine,btc_leading_zeros,1.0000000000
122270438,13877701182024,btc_qm_engine,btc_sha256_nonce,48123852.0000000000
122270439,13877701183273,btc_qm_engine,btc_sha256_elapsed_ns,2353.0000000000
122270440,13877701183481,btc_qm_engine,btc_leading_zeros,0.0000000000
122270441,13877701183942,btc_qm_engine,btc_leading_zeros,0.0000000000
122270442,13877701184413,btc_qm_engine,btc_orbital_scan_nonce,529401557.0000000000
122270443,13877701184785,btc_qm_engine,btc_sha256_elapsed_ns,2414.0000000000
122270444,13877701185965,btc_qm_engine,btc_sha256_elapsed_ns,2116.0000000000
122270445,13877701186158,btc_qm_engine,btc_sha256_elapsed_ns,2229.0000000000
122270446,13877701187368,btc_qm_engine,btc_sha256_nonce,529401557.0000000000
122270447,13877701187518,btc_qm_engine,btc_leading_zeros,1.0000000000
122270448,13877701187663,btc_qm_engine,btc_sha256_elapsed_ns,2474.0000000000
122270449,13877701188143,btc_qm_engine,btc_sha256_nonce,3576718907.0000000000
122270450,13877701188318,btc_qm_engine,btc_leading_zeros,0.0000000000
122270451,13877701188482,btc_qm_engine,btc_sha256_elapsed_ns,2130.0000000000
122270452,13877701188813,btc_qm_engine,btc_orbital_scan_nonce,529355568.0000000000
122270453,13877701189367,btc_qm_engine,btc_sha256_nonce,25308233.0000000000
122270454,13877701189548,btc_qm_engine,btc_leading_zeros,0.0000000000
122270455,13877701189899,btc_qm_engine,btc_sha256_nonce,48964042.0000000000
122270456,13877701190267,btc_qm_engine,btc_sha256_elapsed_ns,2280.0000000000
122270457,13877701190582,btc_qm_engine,btc_sha256_nonce,3580106542.0000000000
122270458,13877701190743,btc_qm_engine,btc_leading_zeros,0.0000000000
122270459,13877701191084,btc_qm_engine,btc_sha256_elapsed_ns,2376.0000000000
122270460,13877701191485,btc_qm_engine,btc_sha256_nonce,529355568.0000000000
122270461,13877701191998,btc_qm_engine,btc_sha256_nonce,24375683.0000000000
122270462,13877701192390,btc_qm_engine,btc_leading_zeros,0.0000000000
122270463,13877701192558,btc_qm_engine,btc_sha256_elapsed_ns,2125.0000000000
122270464,13877701193182,btc_qm_engine,btc_leading_zeros,0.0000000000
122270465,13877701193887,btc_qm_engine,btc_leading_zeros,2.0000000000
122270466,13877701194200,btc_qm_engine,btc_sha256_elapsed_ns,2424.0000000000
122270467,13877701194478,btc_qm_engine,btc_sha256_elapsed_ns,1300.0000000000
122270468,13877701194762,btc_qm_engine,btc_lebesgue_scan_nonce,14.0000000000
122270469,13877701195158,btc_qm_engine,btc_sha256_nonce,3579442058.0000000000
122270470,13877701195519,btc_qm_engine,btc_sha256_nonce,3578141073.0000000000
122270471,13877701195724,btc_qm_engine,btc_leading_zeros,3.0000000000
122270472,13877701195877,btc_qm_engine,btc_sha256_elapsed_ns,2336.0000000000
122270473,13877701196436,btc_qm_engine,btc_sha256_nonce,529230312.0000000000
122270474,13877701196600,btc_qm_engine,btc_leading_zeros,0.0000000000
122270475,13877701196733,btc_qm_engine,btc_sha256_elapsed_ns,1287.0000000000
122270476,13877701197044,btc_qm_engine,btc_leading_zeros,0.0000000000
122270477,13877701197558,btc_qm_engine,btc_orbital_scan_nonce,529369111.0000000000
122270478,13877701197974,btc_qm_engine,btc_orbital_scan_nonce,529336517.0000000000
122270479,13877701198326,btc_qm_engine,btc_sha256_elapsed_ns,2365.0000000000
122270480,13877701199374,btc_qm_engine,btc_orbital_scan_nonce,529354088.0000000000
122270481,13877701201347,btc_qm_engine,btc_sha256_nonce,3579043027.0000000000
122270482,13877701201503,btc_qm_engine,btc_leading_zeros,1.0000000000
122270483,13877701201658,btc_qm_engine,btc_sha256_elapsed_ns,2465.0000000000
122270484,13877701201932,btc_qm_engine,btc_sha256_nonce,529336517.0000000000
122270485,13877701202096,btc_qm_engine,btc_leading_zeros,0.0000000000
122270486,13877701202263,btc_qm_engine,btc_sha256_elapsed_ns,2360.0000000000
122270487,13877701202602,btc_qm_engine,btc_orbital_scan_nonce,529318538.0000000000
122270488,13877701202875,btc_qm_engine,btc_sha256_elapsed_ns,2620.0000000000
122270489,13877701203992,btc_qm_engine,btc_sha256_nonce,529354088.0000000000
122270490,13877701204619,btc_qm_engine,btc_sha256_nonce,3580188033.0000000000
122270491,13877701204955,btc_qm_engine,btc_leading_zeros,0.0000000000
122270492,13877701205131,btc_qm_engine,btc_sha256_nonce,529318538.0000000000
122270493,13877701205417,btc_qm_engine,btc_sha256_nonce,529369111.0000000000
122270494,13877701205580,btc_qm_engine,btc_leading_zeros,1.0000000000
122270495,13877701205926,btc_qm_engine,btc_sha256_elapsed_ns,2388.0000000000
122270496,13877701207014,btc_qm_engine,btc_sha256_nonce,47242797.0000000000
122270497,13877701208135,btc_qm_engine,btc_leading_zeros,2.0000000000
122270498,13877701209042,btc_qm_engine,btc_sha256_elapsed_ns,1355.0000000000
122270499,13877701209422,btc_qm_engine,btc_leading_zeros,0.0000000000
122270500,13877701209688,btc_qm_engine,btc_sha256_elapsed_ns,2181.0000000000
122270501,13877701210038,btc_qm_engine,btc_sha256_elapsed_ns,2396.0000000000
122270502,13877701210309,btc_qm_engine,btc_lebesgue_scan_nonce,15.0000000000
122270503,13877701211345,btc_qm_engine,btc_sha256_nonce,23579951.0000000000
122270504,13877701211506,btc_qm_engine,btc_leading_zeros,0.0000000000
122270505,13877701211630,btc_qm_engine,btc_sha256_elapsed_ns,1299.0000000000
122270506,13877701212272,btc_qm_engine,btc_sha256_nonce,529464252.0000000000
122270507,13877701212413,btc_qm_engine,btc_leading_zeros,0.0000000000
122270508,13877701212522,btc_qm_engine,btc_sha256_elapsed_ns,1634.0000000000
122270509,13877701212842,btc_qm_engine,btc_orbital_scan_nonce,529400936.0000000000
122270510,13877701213384,btc_qm_engine,btc_sha256_nonce,24875338.0000000000
122270511,13877701213785,btc_qm_engine,btc_sha256_nonce,46776149.0000000000
122270512,13877701214543,btc_qm_engine,btc_leading_zeros,4.0000000000
122270513,13877701214844,btc_qm_engine,btc_leading_zeros,0.0000000000
122270514,13877701215016,btc_qm_engine,btc_sha256_elapsed_ns,2296.0000000000
122270515,13877701215390,btc_qm_engine,btc_sha256_elapsed_ns,1296.0000000000
122270516,13877701215959,btc_qm_engine,btc_lebesgue_scan_nonce,26.0000000000
122270517,13877701216508,btc_qm_engine,btc_sha256_nonce,529400936.0000000000
122270518,13877701216743,btc_qm_engine,btc_lebesgue_scan_nonce,0.0000000000
122270519,13877701217158,btc_qm_engine,btc_lebesgue_scan_nonce,21.0000000000
122270520,13877701217439,btc_qm_engine,btc_leading_zeros,0.0000000000
122270521,13877701217602,btc_qm_engine,btc_sha256_elapsed_ns,2178.0000000000
122270522,13877701218547,btc_qm_engine,btc_sha256_nonce,529374489.0000000000
122270523,13877701218707,btc_qm_engine,btc_leading_zeros,0.0000000000
122270524,13877701218887,btc_qm_engine,btc_sha256_elapsed_ns,2345.0000000000
122270525,13877701219783,btc_qm_engine,btc_sha256_nonce,529295443.0000000000
122270526,13877701219940,btc_qm_engine,btc_leading_zeros,1.0000000000
122270527,13877701220667,btc_qm_engine,btc_sha256_nonce,3578266978.0000000000
122270528,13877701221052,btc_qm_engine,btc_sha256_elapsed_ns,2233.0000000000
122270529,13877701221308,btc_qm_engine,btc_sha256_nonce,529238037.0000000000
122270530,13877701221785,btc_qm_engine,btc_sha256_nonce,3577248647.0000000000
122270531,13877701222135,btc_qm_engine,btc_leading_zeros,1.0000000000
122270532,13877701222298,btc_qm_engine,btc_sha256_elapsed_ns,2423.0000000000
122270533,13877701222562,btc_qm_engine,btc_leading_zeros,0.0000000000
122270534,13877701223292,btc_qm_engine,btc_sha256_elapsed_ns,2339.0000000000
122270535,13877701224080,btc_qm_engine,btc_leading_zeros,1.0000000000
122270536,13877701224288,btc_qm_engine,btc_lebesgue_scan_nonce,21.0000000000
122270537,13877701224708,btc_qm_engine,btc_sha256_nonce,25512233.0000000000
122270538,13877701224889,btc_qm_engine,btc_leading_zeros,0.0000000000
122270539,13877701225292,btc_qm_engine,btc_sha256_elapsed_ns,2512.0000000000
122270540,13877701226704,btc_qm_engine,btc_sha256_nonce,529403497.0000000000
122270541,13877701227128,btc_qm_engine,btc_sha256_elapsed_ns,2360.0000000000
122270542,13877701227607,btc_qm_engine,btc_orbital_scan_nonce,529301557.0000000000
122270543,13877701228187,btc_qm_engine,btc_sha256_nonce,46654563.0000000000
122270544,13877701229686,btc_qm_engine,btc_leading_zeros,0.0000000000
122270545,13877701230875,btc_qm_engine,btc_sha256_nonce,529301557.0000000000
122270546,13877701231452,btc_qm_engine,btc_orbital_scan_nonce,529367736.0000000000
122270547,13877701231864,btc_qm_engine,btc_leading_zeros,0.0000000000
122270548,13877701232482,btc_qm_engine,btc_sha256_elapsed_ns,1699.0000000000
122270549,13877701232845,btc_qm_engine,btc_sha256_elapsed_ns,2395.0000000000
122270550,13877701233197,btc_qm_engine,btc_lebesgue_scan_nonce,10.0000000000
122270551,13877701233519,btc_qm_engine,btc_leading_zeros,1.0000000000
122270552,13877701233685,btc_qm_engine,btc_sha256_elapsed_ns,2144.0000000000
122270553,13877701234836,btc_qm_engine,btc_sha256_nonce,529367736.0000000000
122270554,13877701235008,btc_qm_engine,btc_leading_zeros,0.0000000000
122270555,13877701235167,btc_qm_engine,btc_sha256_elapsed_ns,2303.0000000000
122270556,13877701235528,btc_qm_engine,btc_orbital_scan_nonce,529341193.0000000000
122270557,13877701236579,btc_qm_engine,btc_sha256_nonce,47309106.0000000000
122270558,13877701237894,btc_qm_engine,btc_sha256_nonce,3576432681.0000000000
122270559,13877701238237,btc_qm_engine,btc_leading_zeros,0.0000000000
122270560,13877701238580,btc_qm_engine,btc_sha256_nonce,529341193.0000000000
122270561,13877701238936,btc_qm_engine,btc_sha256_nonce,529497933.0000000000
122270562,13877701239481,btc_qm_engine,btc_leading_zeros,0.0000000000
122270563,13877701240469,btc_qm_engine,btc_leading_zeros,0.0000000000
122270564,13877701241417,btc_qm_engine,btc_leading_zeros,1.0000000000
122270565,13877701241746,btc_qm_engine,btc_sha256_elapsed_ns,2414.0000000000
122270566,13877701242108,btc_qm_engine,btc_sha256_elapsed_ns,2404.0000000000
122270567,13877701242988,btc_qm_engine,btc_lebesgue_scan_nonce,14.0000000000
122270568,13877701243358,btc_qm_engine,btc_sha256_elapsed_ns,2537.0000000000
122270569,13877701244917,btc_qm_engine,btc_sha256_nonce,529240445.0000000000
122270570,13877701245622,btc_qm_engine,btc_leading_zeros,1.0000000000
122270571,13877701245879,btc_qm_engine,btc_sha256_elapsed_ns,1639.0000000000
122270572,13877701246723,btc_qm_engine,btc_sha256_nonce,25027332.0000000000
122270573,13877701246875,btc_qm_engine,btc_leading_zeros,1.0000000000
122270574,13877701247543,btc_qm_engine,btc_sha256_nonce,48709580.0000000000
122270575,13877701247947,btc_qm_engine,btc_sha256_elapsed_ns,2300.0000000000
122270576,13877701248559,btc_qm_engine,btc_leading_zeros,2.0000000000
122270577,13877701248705,btc_qm_engine,btc_sha256_elapsed_ns,2370.0000000000
122270578,13877701249125,btc_qm_engine,btc_lebesgue_scan_nonce,12.0000000000
122270579,13877701249425,btc_qm_engine,btc_lebesgue_scan_nonce,26.0000000000
122270580,13877701250584,btc_qm_engine,btc_orbital_scan_nonce,529359765.0000000000
122270581,13877701251723,btc_qm_engine,btc_sha256_nonce,529232169.0000000000
122270582,13877701251924,btc_qm_engine,btc_leading_zeros,0.0000000000
122270583,13877701252067,btc_qm_engine,btc_sha256_elapsed_ns,2278.0000000000
122270584,13877701252410,btc_qm_engine,btc_orbital_scan_nonce,529363011.0000000000
122270585,13877701252845,btc_qm_engine,btc_leading_zeros,0.0000000000
122270586,13877701253000,btc_qm_engine,btc_sha256_elapsed_ns,2380.0000000000
122270587,13877701253304,btc_qm_engine,btc_sha256_nonce,529305294.0000000000
122270588,13877701253775,btc_qm_engine,btc_leading_zeros,0.0000000000
122270589,13877701254707,btc_qm_engine,btc_orbital_scan_nonce,529322033.0000000000
122270590,13877701255028,btc_qm_engine,btc_sha256_nonce,529363011.0000000000
122270591,13877701255987,btc_qm_engine,btc_sha256_nonce,529359765.0000000000
122270592,13877701256302,btc_qm_engine,btc_leading_zeros,1.0000000000
122270593,13877701256451,btc_qm_engine,btc_sha256_elapsed_ns,2149.0000000000
122270594,13877701256821,btc_qm_engine,btc_orbital_scan_nonce,529372977.0000000000
122270595,13877701258019,btc_qm_engine,btc_sha256_elapsed_ns,2477.0000000000
122270596,13877701259274,btc_qm_engine,btc_sha256_nonce,529322033.0000000000
122270597,13877701259519,btc_qm_engine,btc_sha256_nonce,529372977.0000000000
122270598,13877701259686,btc_qm_engine,btc_leading_zeros,0.0000000000
122270599,13877701259848,btc_qm_engine,btc_sha256_elapsed_ns,2302.0000000000
122270600,13877701260130,btc_qm_engine,btc_leading_zeros,0.0000000000
122270601,13877701260325,btc_qm_engine,btc_sha256_elapsed_ns,2273.0000000000
122270602,13877701261342,btc_qm_engine,btc_sha256_nonce,3579109514.0000000000
122270603,13877701261899,btc_qm_engine,btc_leading_zeros,1.0000000000
122270604,13877701262038,btc_qm_engine,btc_sha256_elapsed_ns,2189.0000000000
122270605,13877701262223,btc_qm_engine,btc_leading_zeros,4.0000000000
122270606,13877701262427,btc_qm_engine,btc_orbital_scan_nonce,529354539.0000000000
122270607,13877701262926,btc_qm_engine,btc_sha256_nonce,47614440.0000000000
122270608,13877701263383,btc_qm_engine,btc_sha256_nonce,48213723.0000000000
122270609,13877701263538,btc_qm_engine,btc_leading_zeros,2.0000000000
122270610,13877701263701,btc_qm_engine,btc_sha256_elapsed_ns,2448.0000000000
122270611,13877701264133,btc_qm_engine,btc_sha256_nonce,3576391014.0000000000
122270612,13877701264594,btc_qm_engine,btc_leading_zeros,0.0000000000
122270613,13877701264903,btc_qm_engine,btc_orbital_scan_nonce,529388270.0000000000
122270614,13877701265677,btc_qm_engine,btc_sha256_elapsed_ns,2484.0000000000
122270615,13877701266014,btc_qm_engine,btc_sha256_nonce,529354539.0000000000
122270616,13877701266395,btc_qm_engine,btc_lebesgue_scan_nonce,10.0000000000
122270617,13877701266945,btc_qm_engine,btc_leading_zeros,0.0000000000
122270618,13877701267107,btc_qm_engine,btc_sha256_elapsed_ns,2269.0000000000
122270619,13877701267665,btc_qm_engine,btc_sha256_nonce,529388270.0000000000
122270620,13877701267834,btc_qm_engine,btc_leading_zeros,1.0000000000
122270621,13877701267993,btc_qm_engine,btc_sha256_elapsed_ns,2385.0000000000
122270622,13877701268329,btc_qm_engine,btc_sha256_elapsed_ns,2384.0000000000
122270623,13877701269182,btc_qm_engine,btc_lebesgue_scan_nonce,10.0000000000
122270624,13877701269744,btc_qm_engine,btc_sha256_nonce,529193846.0000000000
122270625,13877701270050,btc_qm_engine,btc_leading_zeros,4.0000000000
122270626,13877701270927,btc_qm_engine,btc_sha256_nonce,47685394.0000000000
122270627,13877701271105,btc_qm_engine,btc_leading_zeros,1.0000000000
122270628,13877701271392,btc_qm_engine,btc_orbital_scan_nonce,529301557.0000000000
122270629,13877701272173,btc_qm_engine,btc_sha256_nonce,529301716.0000000000
122270630,13877701272349,btc_qm_engine,btc_leading_zeros,2.0000000000
122270631,13877701272473,btc_qm_engine,btc_sha256_elapsed_ns,1740.0000000000
122270632,13877701273748,btc_qm_engine,btc_sha256_elapsed_ns,2400.0000000000
122270633,13877701274274,btc_qm_engine,btc_orbital_scan_nonce,529321939.0000000000
122270634,13877701274844,btc_qm_engine,btc_sha256_elapsed_ns,2386.0000000000
122270635,13877701277135,btc_qm_engine,btc_sha256_nonce,529321939.0000000000
122270636,13877701277303,btc_qm_engine,btc_leading_zeros,0.0000000000
122270637,13877701277450,btc_qm_engine,btc_sha256_elapsed_ns,2495.0000000000
122270638,13877701277835,btc_qm_engine,btc_sha256_nonce,46393277.0000000000
122270639,13877701278048,btc_qm_engine,btc_leading_zeros,1.0000000000
122270640,13877701278220,btc_qm_engine,btc_sha256_elapsed_ns,2357.0000000000
122270641,13877701278842,btc_qm_engine,btc_sha256_elapsed_ns,2415.0000000000
122270642,13877701279800,btc_qm_engine,btc_sha256_nonce,48444550.0000000000
122270643,13877701280204,btc_qm_engine,btc_sha256_nonce,529301557.0000000000
122270644,13877701280525,btc_qm_engine,btc_orbital_scan_nonce,529335545.0000000000
122270645,13877701280790,btc_qm_engine,btc_leading_zeros,2.0000000000
122270646,13877701281112,btc_qm_engine,btc_leading_zeros,0.0000000000
122270647,13877701281932,btc_qm_engine,btc_leading_zeros,4.0000000000
122270648,13877701282195,btc_qm_engine,btc_sha256_nonce,25209829.0000000000
122270649,13877701282548,btc_qm_engine,btc_sha256_elapsed_ns,2440.0000000000
122270650,13877701282742,btc_qm_engine,btc_sha256_nonce,47006888.0000000000
122270651,13877701283468,btc_qm_engine,btc_sha256_elapsed_ns,2511.0000000000
122270652,13877701284609,btc_qm_engine,btc_lebesgue_scan_nonce,3.0000000000
122270653,13877701284871,btc_qm_engine,btc_sha256_nonce,529335545.0000000000
122270654,13877701285844,btc_qm_engine,btc_leading_zeros,0.0000000000
122270655,13877701286635,btc_qm_engine,btc_sha256_elapsed_ns,2120.0000000000
122270656,13877701287492,btc_qm_engine,btc_leading_zeros,1.0000000000
122270657,13877701288264,btc_qm_engine,btc_sha256_elapsed_ns,1972.0000000000
122270658,13877701289042,btc_qm_engine,btc_sha256_elapsed_ns,2201.0000000000
122270659,13877701289190,btc_qm_engine,btc_lebesgue_scan_nonce,10.0000000000
122270660,13877701289436,btc_qm_engine,btc_sha256_nonce,3577582180.0000000000
122270661,13877701289860,btc_qm_engine,btc_sha256_nonce,529358586.0000000000
122270662,13877701290498,btc_qm_engine,btc_lebesgue_scan_nonce,20.0000000000
122270663,13877701290758,btc_qm_engine,btc_leading_zeros,2.0000000000
122270664,13877701291142,btc_qm_engine,btc_leading_zeros,2.0000000000
122270665,13877701291733,btc_qm_engine,btc_sha256_elapsed_ns,1617.0000000000
122270666,13877701292176,btc_qm_engine,btc_sha256_nonce,529405500.0000000000
122270667,13877701292503,btc_qm_engine,btc_sha256_nonce,3580120684.0000000000
122270668,13877701292675,btc_qm_engine,btc_leading_zeros,0.0000000000
122270669,13877701293005,btc_qm_engine,btc_sha256_elapsed_ns,2299.0000000000
122270670,13877701294094,btc_qm_engine,btc_sha256_nonce,529371610.0000000000
122270671,13877701295285,btc_qm_engine,btc_sha256_elapsed_ns,2395.0000000000
122270672,13877701296144,btc_qm_engine,btc_leading_zeros,0.0000000000
122270673,13877701296565,btc_qm_engine,btc_leading_zeros,0.0000000000
122270674,13877701296803,btc_qm_engine,btc_sha256_elapsed_ns,2089.0000000000
122270675,13877701297378,btc_qm_engine,btc_leading_zeros,2.0000000000
122270676,13877701298020,btc_qm_engine,btc_sha256_elapsed_ns,2399.0000000000
122270677,13877701299233,btc_qm_engine,btc_sha256_nonce,47649836.0000000000
122270678,13877701299741,btc_qm_engine,btc_sha256_nonce,3578166552.0000000000
122270679,13877701299937,btc_qm_engine,btc_leading_zeros,2.0000000000
122270680,13877701300508,btc_qm_engine,btc_sha256_elapsed_ns,2423.0000000000
122270681,13877701301571,btc_qm_engine,btc_leading_zeros,3.0000000000
122270682,13877701301964,btc_qm_engine,btc_sha256_nonce,3580734481.0000000000
122270683,13877701302622,btc_qm_engine,btc_sha256_elapsed_ns,2357.0000000000
122270684,13877701302994,btc_qm_engine,btc_orbital_scan_nonce,529358273.0000000000
122270685,13877701303385,btc_qm_engine,btc_leading_zeros,0.0000000000
122270686,13877701303549,btc_qm_engine,btc_sha256_elapsed_ns,2516.0000000000
122270687,13877701304207,btc_qm_engine,btc_sha256_elapsed_ns,2291.0000000000
122270688,13877701304779,btc_qm_engine,btc_sha256_nonce,47026269.0000000000
122270689,13877701304932,btc_qm_engine,btc_leading_zeros,0.0000000000
122270690,13877701306237,btc_qm_engine,btc_sha256_nonce,24405722.0000000000
122270691,13877701307150,btc_qm_engine,btc_sha256_nonce,529358273.0000000000
122270692,13877701307334,btc_qm_engine,btc_leading_zeros,0.0000000000
122270693,13877701307547,btc_qm_engine,btc_sha256_elapsed_ns,2455.0000000000
122270694,13877701308034,btc_qm_engine,btc_leading_zeros,0.0000000000
122270695,13877701309367,btc_qm_engine,btc_sha256_nonce,3577108513.0000000000
122270696,13877701309669,btc_qm_engine,btc_sha256_elapsed_ns,2491.0000000000
122270697,13877701310232,btc_qm_engine,btc_leading_zeros,3.0000000000
122270698,13877701310399,btc_qm_engine,btc_sha256_elapsed_ns,2082.0000000000
122270699,13877701310778,btc_qm_engine,btc_lebesgue_scan_nonce,16.0000000000
122270700,13877701311195,btc_qm_engine,btc_sha256_elapsed_ns,2386.0000000000
122270701,13877701311637,btc_qm_engine,btc_orbital_scan_nonce,529338721.0000000000
122270702,13877701312560,btc_qm_engine,btc_sha256_nonce,24157758.0000000000
122270703,13877701312721,btc_qm_engine,btc_leading_zeros,3.0000000000
122270704,13877701312864,btc_qm_engine,btc_sha256_elapsed_ns,2270.0000000000
122270705,13877701313394,btc_qm_engine,btc_sha256_nonce,529298113.0000000000
122270706,13877701313561,btc_qm_engine,btc_leading_zeros,1.0000000000
122270707,13877701313776,btc_qm_engine,btc_sha256_elapsed_ns,2287.0000000000
122270708,13877701313989,btc_qm_engine,btc_orbital_scan_nonce,529373556.0000000000
122270709,13877701314355,btc_qm_engine,btc_sha256_nonce,529338721.0000000000
122270710,13877701314604,btc_qm_engine,btc_leading_zeros,0.0000000000
122270711,13877701314778,btc_qm_engine,btc_sha256_elapsed_ns,2362.0000000000
122270712,13877701316746,btc_qm_engine,btc_orbital_scan_nonce,529308244.0000000000
122270713,13877701317062,btc_qm_engine,btc_sha256_nonce,24464345.0000000000
122270714,13877701317234,btc_qm_engine,btc_leading_zeros,2.0000000000
122270715,13877701317390,btc_qm_engine,btc_sha256_elapsed_ns,2506.0000000000
122270716,13877701318050,btc_qm_engine,btc_sha256_nonce,529373556.0000000000
122270717,13877701318498,btc_qm_engine,btc_sha256_nonce,3579418634.0000000000
122270718,13877701318875,btc_qm_engine,btc_sha256_nonce,3576520424.0000000000
122270719,13877701319103,btc_qm_engine,btc_sha256_nonce,47554572.0000000000
122270720,13877701319605,btc_qm_engine,btc_leading_zeros,0.0000000000
122270721,13877701320052,btc_qm_engine,btc_sha256_nonce,529308244.0000000000
122270722,13877701320915,btc_qm_engine,btc_sha256_nonce,23796703.0000000000
122270723,13877701321682,btc_qm_engine,btc_leading_zeros,0.0000000000
122270724,13877701322135,btc_qm_engine,btc_sha256_elapsed_ns,2470.0000000000
122270725,13877701322367,btc_qm_engine,btc_leading_zeros,4.0000000000
122270726,13877701322722,btc_qm_engine,btc_lebesgue_scan_nonce,6.0000000000
122270727,13877701323141,btc_qm_engine,btc_leading_zeros,1.0000000000
122270728,13877701323357,btc_qm_engine,btc_sha256_elapsed_ns,1964.0000000000
122270729,13877701324504,btc_qm_engine,btc_leading_zeros,2.0000000000
122270730,13877701325224,btc_qm_engine,btc_sha256_elapsed_ns,2207.0000000000
122270731,13877701325687,btc_qm_engine,btc_sha256_elapsed_ns,2103.0000000000
122270732,13877701325963,btc_qm_engine,btc_sha256_elapsed_ns,2398.0000000000
122270733,13877701328292,btc_qm_engine,btc_sha256_nonce,3580459204.0000000000
122270734,13877701328459,btc_qm_engine,btc_leading_zeros,8.0000000000
122270735,13877701328618,btc_qm_engine,btc_sha256_elapsed_ns,2414.0000000000
122270736,13877701328964,btc_qm_engine,btc_sha256_nonce,3577326152.0000000000
122270737,13877701329294,btc_qm_engine,btc_lebesgue_scan_nonce,2.0000000000
122270738,13877701329752,btc_qm_engine,btc_sha256_nonce,3576613227.0000000000
122270739,13877701330178,btc_qm_engine,btc_sha256_nonce,24567359.0000000000
122270740,13877701330540,btc_qm_engine,btc_leading_zeros,1.0000000000
122270741,13877701330690,btc_qm_engine,btc_leading_zeros,3.0000000000
122270742,13877701331117,btc_qm_engine,btc_leading_zeros,1.0000000000
122270743,13877701331459,btc_qm_engine,btc_sha256_elapsed_ns,2429.0000000000
122270744,13877701331928,btc_qm_engine,btc_sha256_elapsed_ns,2318.0000000000
122270745,13877701332455,btc_qm_engine,btc_sha256_elapsed_ns,2399.0000000000
122270746,13877701332720,btc_qm_engine,btc_sha256_nonce,529420084.0000000000
122270747,13877701332914,btc_qm_engine,btc_leading_zeros,0.0000000000
122270748,13877701333803,btc_qm_engine,btc_orbital_scan_nonce,529335656.0000000000
122270749,13877701334210,btc_qm_engine,btc_leading_zeros,0.0000000000
122270750,13877701334890,btc_qm_engine,btc_sha256_nonce,3576496115.0000000000
122270751,13877701335061,btc_qm_engine,btc_leading_zeros,0.0000000000
122270752,13877701335506,btc_qm_engine,btc_sha256_nonce,25069076.0000000000
122270753,13877701336043,btc_qm_engine,btc_sha256_elapsed_ns,2227.0000000000
122270754,13877701336317,btc_qm_engine,btc_leading_zeros,1.0000000000
122270755,13877701336517,btc_qm_engine,btc_sha256_elapsed_ns,2002.0000000000
122270756,13877701336859,btc_qm_engine,btc_sha256_elapsed_ns,2285.0000000000
122270757,13877701337174,btc_qm_engine,btc_orbital_scan_nonce,529371488.0000000000
122270758,13877701338180,btc_qm_engine,btc_sha256_elapsed_ns,2351.0000000000
122270759,13877701338617,btc_qm_engine,btc_sha256_nonce,529335656.0000000000
122270760,13877701338790,btc_qm_engine,btc_leading_zeros,1.0000000000
122270761,13877701338945,btc_qm_engine,btc_sha256_elapsed_ns,2448.0000000000
122270762,13877701339738,btc_qm_engine,btc_sha256_nonce,3576382092.0000000000
122270763,13877701339936,btc_qm_engine,btc_orbital_scan_nonce,529364461.0000000000
122270764,13877701340145,btc_qm_engine,btc_sha256_nonce,529371488.0000000000
122270765,13877701340292,btc_qm_engine,btc_leading_zeros,0.0000000000
122270766,13877701340428,btc_qm_engine,btc_sha256_elapsed_ns,1627.0000000000
122270767,13877701340720,btc_qm_engine,btc_leading_zeros,0.0000000000
122270768,13877701340863,btc_qm_engine,btc_sha256_elapsed_ns,2391.0000000000
122270769,13877701341863,btc_qm_engine,btc_sha256_nonce,47204564.0000000000
122270770,13877701342026,btc_qm_engine,btc_leading_zeros,3.0000000000
122270771,13877701342165,btc_qm_engine,btc_sha256_elapsed_ns,2412.0000000000
122270772,13877701342505,btc_qm_engine,btc_sha256_nonce,25275062.0000000000
122270773,13877701342647,btc_qm_engine,btc_leading_zeros,1.0000000000
122270774,13877701342770,btc_qm_engine,btc_sha256_elapsed_ns,1608.0000000000
122270775,13877701343201,btc_qm_engine,btc_sha256_nonce,529364461.0000000000
122270776,13877701343369,btc_qm_engine,btc_leading_zeros,2.0000000000
122270777,13877701343519,btc_qm_engine,btc_sha256_elapsed_ns,2398.0000000000
122270778,13877701343744,btc_qm_engine,btc_sha256_nonce,3576441243.0000000000
122270779,13877701343929,btc_qm_engine,btc_leading_zeros,0.0000000000
122270780,13877701344659,btc_qm_engine,btc_sha256_elapsed_ns,2421.0000000000
122270781,13877701345174,btc_qm_engine,btc_sha256_nonce,45981992.0000000000
122270782,13877701345418,btc_qm_engine,btc_leading_zeros,1.0000000000
122270783,13877701345832,btc_qm_engine,btc_orbital_scan_nonce,529344547.0000000000
122270784,13877701346510,btc_qm_engine,btc_sha256_nonce,3580732356.0000000000
122270785,13877701346887,btc_qm_engine,btc_sha256_nonce,24913713.0000000000
122270786,13877701347133,btc_qm_engine,btc_sha256_elapsed_ns,2451.0000000000
122270787,13877701347505,btc_qm_engine,btc_leading_zeros,1.0000000000
122270788,13877701347730,btc_qm_engine,btc_leading_zeros,1.0000000000
122270789,13877701348303,btc_qm_engine,btc_sha256_elapsed_ns,2322.0000000000
122270790,13877701348730,btc_qm_engine,btc_sha256_elapsed_ns,2332.0000000000
122270791,13877701348925,btc_qm_engine,btc_orbital_scan_nonce,529318454.0000000000
122270792,13877701349850,btc_qm_engine,btc_orbital_scan_nonce,529326036.0000000000
122270793,13877701350264,btc_qm_engine,btc_sha256_nonce,47823760.0000000000
122270794,13877701350419,btc_qm_engine,btc_leading_zeros,2.0000000000
122270795,13877701350598,btc_qm_engine,btc_sha256_elapsed_ns,2372.0000000000
122270796,13877701350763,btc_qm_engine,btc_sha256_nonce,529344547.0000000000
122270797,13877701352677,btc_qm_engine,btc_sha256_nonce,529318454.0000000000
122270798,13877701353042,btc_qm_engine,btc_sha256_nonce,529326036.0000000000
122270799,13877701353385,btc_qm_engine,btc_sha256_nonce,23745881.0000000000
122270800,13877701353839,btc_qm_engine,btc_leading_zeros,1.0000000000
122270801,13877701353969,btc_qm_engine,btc_sha256_elapsed_ns,1858.0000000000
122270802,13877701354338,btc_qm_engine,btc_leading_zeros,0.0000000000
122270803,13877701354500,btc_qm_engine,btc_sha256_elapsed_ns,2363.0000000000
122270804,13877701354838,btc_qm_engine,btc_orbital_scan_nonce,529312603.0000000000
122270805,13877701354992,btc_qm_engine,btc_leading_zeros,0.0000000000
122270806,13877701355780,btc_qm_engine,btc_sha256_elapsed_ns,2465.0000000000
122270807,13877701356028,btc_qm_engine,btc_leading_zeros,1.0000000000
122270808,13877701356451,btc_qm_engine,btc_sha256_elapsed_ns,2259.0000000000
122270809,13877701357223,btc_qm_engine,btc_lebesgue_scan_nonce,9.0000000000
122270810,13877701357577,btc_qm_engine,btc_sha256_nonce,529312603.0000000000
122270811,13877701357753,btc_qm_engine,btc_leading_zeros,1.0000000000
122270812,13877701357895,btc_qm_engine,btc_sha256_elapsed_ns,2351.0000000000
122270813,13877701358237,btc_qm_engine,btc_orbital_scan_nonce,529342639.0000000000
122270814,13877701359113,btc_qm_engine,btc_orbital_scan_nonce,529351593.0000000000
122270815,13877701360369,btc_qm_engine,btc_sha256_nonce,529316882.0000000000
122270816,13877701360548,btc_qm_engine,btc_leading_zeros,0.0000000000
122270817,13877701360700,btc_qm_engine,btc_sha256_elapsed_ns,2259.0000000000
122270818,13877701361684,btc_qm_engine,btc_sha256_nonce,529342639.0000000000
122270819,13877701362103,btc_qm_engine,btc_leading_zeros,0.0000000000
122270820,13877701362253,btc_qm_engine,btc_sha256_nonce,529351593.0000000000
122270821,13877701362427,btc_qm_engine,btc_leading_zeros,2.0000000000
122270822,13877701362599,btc_qm_engine,btc_sha256_elapsed_ns,2317.0000000000
122270823,13877701362862,btc_qm_engine,btc_sha256_elapsed_ns,2438.0000000000
122270824,13877701363123,btc_qm_engine,btc_sha256_nonce,3577698806.0000000000
122270825,13877701363575,btc_qm_engine,btc_sha256_nonce,3578348114.0000000000
122270826,13877701364680,btc_qm_engine,btc_sha256_nonce,45913703.0000000000
122270827,13877701365086,btc_qm_engine,btc_leading_zeros,0.0000000000
122270828,13877701365238,btc_qm_engine,btc_sha256_elapsed_ns,2157.0000000000
122270829,13877701365957,btc_qm_engine,btc_sha256_nonce,529369933.0000000000
122270830,13877701366540,btc_qm_engine,btc_orbital_scan_nonce,529301557.0000000000
122270831,13877701367193,btc_qm_engine,btc_leading_zeros,2.0000000000
122270832,13877701367364,btc_qm_engine,btc_sha256_elapsed_ns,2415.0000000000
122270833,13877701368778,btc_qm_engine,btc_leading_zeros,4.0000000000
122270834,13877701368940,btc_qm_engine,btc_sha256_elapsed_ns,2358.0000000000
122270835,13877701369345,btc_qm_engine,btc_sha256_nonce,529301557.0000000000
122270836,13877701369507,btc_qm_engine,btc_leading_zeros,0.0000000000
122270837,13877701369669,btc_qm_engine,btc_sha256_elapsed_ns,2165.0000000000
122270838,13877701370427,btc_qm_engine,btc_sha256_nonce,47205691.0000000000
122270839,13877701370595,btc_qm_engine,btc_leading_zeros,0.0000000000
122270840,13877701370762,btc_qm_engine,btc_sha256_elapsed_ns,2297.0000000000
122270841,13877701371219,btc_qm_engine,btc_orbital_scan_nonce,529348374.0000000000
122270842,13877701371506,btc_qm_engine,btc_leading_zeros,0.0000000000
122270843,13877701371950,btc_qm_engine,btc_sha256_nonce,3577401650.0000000000
122270844,13877701372113,btc_qm_engine,btc_leading_zeros,0.0000000000
122270845,13877701372279,btc_qm_engine,btc_sha256_elapsed_ns,2421.0000000000
122270846,13877701372748,btc_qm_engine,btc_sha256_nonce,3577112713.0000000000
122270847,13877701373667,btc_qm_engine,btc_sha256_elapsed_ns,2376.0000000000
122270848,13877701373955,btc_qm_engine,btc_leading_zeros,0.0000000000
122270849,13877701374809,btc_qm_engine,btc_orbital_scan_nonce,529356087.0000000000
122270850,13877701375075,btc_qm_engine,btc_sha256_elapsed_ns,2387.0000000000
122270851,13877701376054,btc_qm_engine,btc_sha256_nonce,529348374.0000000000
122270852,13877701377446,btc_qm_engine,btc_leading_zeros,2.0000000000
122270853,13877701378097,btc_qm_engine,btc_orbital_scan_nonce,529401557.0000000000
122270854,13877701378667,btc_qm_engine,btc_sha256_nonce,3577820440.0000000000
122270855,13877701378854,btc_qm_engine,btc_leading_zeros,1.0000000000
122270856,13877701379012,btc_qm_engine,btc_sha256_elapsed_ns,2143.0000000000
122270857,13877701379637,btc_qm_engine,btc_sha256_nonce,529356087.0000000000
122270858,13877701380605,btc_qm_engine,btc_orbital_scan_nonce,529375076.0000000000
122270859,13877701381729,btc_qm_engine,btc_leading_zeros,1.0000000000
122270860,13877701382085,btc_qm_engine,btc_sha256_nonce,3577975328.0000000000
122270861,13877701382242,btc_qm_engine,btc_leading_zeros,0.0000000000
122270862,13877701382403,btc_qm_engine,btc_sha256_elapsed_ns,2402.0000000000
122270863,13877701382846,btc_qm_engine,btc_sha256_nonce,529401557.0000000000
122270864,13877701383570,btc_qm_engine,btc_sha256_elapsed_ns,2411.0000000000
122270865,13877701384085,btc_qm_engine,btc_sha256_nonce,529375076.0000000000
122270866,13877701385112,btc_qm_engine,btc_sha256_elapsed_ns,2362.0000000000
122270867,13877701385367,btc_qm_engine,btc_sha256_nonce,3576592784.0000000000
122270868,13877701385844,btc_qm_engine,btc_leading_zeros,0.0000000000
122270869,13877701386177,btc_qm_engine,btc_orbital_scan_nonce,529383472.0000000000
122270870,13877701386974,btc_qm_engine,btc_leading_zeros,1.0000000000
122270871,13877701387373,btc_qm_engine,btc_sha256_elapsed_ns,2281.0000000000
122270872,13877701387818,btc_qm_engine,btc_sha256_elapsed_ns,2359.0000000000
122270873,13877701389035,btc_qm_engine,btc_sha256_nonce,46714626.0000000000
122270874,13877701389205,btc_qm_engine,btc_leading_zeros,0.0000000000
122270875,13877701389738,btc_qm_engine,btc_sha256_nonce,529383472.0000000000
122270876,13877701390005,btc_qm_engine,btc_lebesgue_scan_nonce,14.0000000000
122270877,13877701390452,btc_qm_engine,btc_sha256_elapsed_ns,2308.0000000000
122270878,13877701390925,btc_qm_engine,btc_sha256_nonce,3577971362.0000000000
122270879,13877701392097,btc_qm_engine,btc_leading_zeros,1.0000000000
122270880,13877701392233,btc_qm_engine,btc_sha256_elapsed_ns,2287.0000000000
122270881,13877701392639,btc_qm_engine,btc_sha256_nonce,529305516.0000000000
122270882,13877701393307,btc_qm_engine,btc_lebesgue_scan_nonce,15.0000000000
122270883,13877701393505,btc_qm_engine,btc_leading_zeros,0.0000000000
122270884,13877701394594,btc_qm_engine,btc_orbital_scan_nonce,529355172.0000000000
122270885,13877701394825,btc_qm_engine,btc_sha256_elapsed_ns,1613.0000000000
122270886,13877701395166,btc_qm_engine,btc_orbital_scan_nonce,529331459.0000000000
122270887,13877701395775,btc_qm_engine,btc_sha256_nonce,529431454.0000000000
122270888,13877701395960,btc_qm_engine,btc_leading_zeros,3.0000000000
122270889,13877701396133,btc_qm_engine,btc_sha256_elapsed_ns,2174.0000000000
122270890,13877701397882,btc_qm_engine,btc_sha256_nonce,529331459.0000000000
122270891,13877701398834,btc_qm_engine,btc_leading_zeros,2.0000000000
122270892,13877701398969,btc_qm_engine,btc_sha256_nonce,3580983814.0000000000
122270893,13877701399383,btc_qm_engine,btc_sha256_nonce,47640658.0000000000
122270894,13877701400121,btc_qm_engine,btc_leading_zeros,0.0000000000
122270895,13877701400404,btc_qm_engine,btc_leading_zeros,0.0000000000
122270896,13877701400548,btc_qm_engine,btc_sha256_elapsed_ns,2393.0000000000
122270897,13877701401117,btc_qm_engine,btc_leading_zeros,1.0000000000
122270898,13877701401641,btc_qm_engine,btc_sha256_elapsed_ns,2402.0000000000
122270899,13877701402410,btc_qm_engine,btc_sha256_nonce,529355172.0000000000
122270900,13877701402659,btc_qm_engine,btc_sha256_elapsed_ns,2189.0000000000
122270901,13877701403003,btc_qm_engine,btc_sha256_elapsed_ns,2450.0000000000
122270902,13877701403294,btc_qm_engine,btc_leading_zeros,0.0000000000
122270903,13877701403598,btc_qm_engine,btc_sha256_elapsed_ns,2421.0000000000
122270904,13877701404040,btc_qm_engine,btc_sha256_nonce,3579635787.0000000000
122270905,13877701404702,btc_qm_engine,btc_leading_zeros,0.0000000000
122270906,13877701405487,btc_qm_engine,btc_orbital_scan_nonce,529361538.0000000000
122270907,13877701405914,btc_qm_engine,btc_sha256_nonce,47888948.0000000000
122270908,13877701406095,btc_qm_engine,btc_leading_zeros,0.0000000000
122270909,13877701406304,btc_qm_engine,btc_sha256_elapsed_ns,2407.0000000000
122270910,13877701406682,btc_qm_engine,btc_sha256_elapsed_ns,2465.0000000000
122270911,13877701407057,btc_qm_engine,btc_lebesgue_scan_nonce,15.0000000000
122270912,13877701407934,btc_qm_engine,btc_sha256_nonce,529361538.0000000000
122270913,13877701408109,btc_qm_engine,btc_leading_zeros,0.0000000000
122270914,13877701408222,btc_qm_engine,btc_sha256_elapsed_ns,1625.0000000000
122270915,13877701409177,btc_qm_engine,btc_sha256_nonce,3577367782.0000000000
122270916,13877701409538,btc_qm_engine,btc_leading_zeros,0.0000000000
122270917,13877701409909,btc_qm_engine,btc_sha256_nonce,47332274.0000000000
122270918,13877701410075,btc_qm_engine,btc_leading_zeros,2.0000000000
122270919,13877701410241,btc_qm_engine,btc_sha256_elapsed_ns,2505.0000000000
122270920,13877701410683,btc_qm_engine,btc_leading_zeros,0.0000000000
122270921,13877701411048,btc_qm_engine,btc_sha256_nonce,25140536.0000000000
122270922,13877701411460,btc_qm_engine,btc_orbital_scan_nonce,529345306.0000000000
122270923,13877701412278,btc_qm_engine,btc_sha256_elapsed_ns,2166.0000000000
122270924,13877701412970,btc_qm_engine,btc_leading_zeros,0.0000000000
122270925,13877701413388,btc_qm_engine,btc_orbital_scan_nonce,529361996.0000000000
122270926,13877701413664,btc_qm_engine,btc_sha256_elapsed_ns,2113.0000000000
122270927,13877701414034,btc_qm_engine,btc_orbital_scan_nonce,529307187.0000000000
122270928,13877701414493,btc_qm_engine,btc_orbital_scan_nonce,529348556.0000000000
122270929,13877701415543,btc_qm_engine,btc_sha256_nonce,529345306.0000000000
122270930,13877701416047,btc_qm_engine,btc_sha256_nonce,529361996.0000000000
122270931,13877701416207,btc_qm_engine,btc_leading_zeros,3.0000000000
122270932,13877701416378,btc_qm_engine,btc_sha256_elapsed_ns,2310.0000000000
122270933,13877701416719,btc_qm_engine,btc_leading_zeros,0.0000000000
122270934,13877701417640,btc_qm_engine,btc_sha256_elapsed_ns,2416.0000000000
122270935,13877701417845,btc_qm_engine,btc_sha256_nonce,529348556.0000000000
122270936,13877701417992,btc_qm_engine,btc_leading_zeros,1.0000000000
122270937,13877701418999,btc_qm_engine,btc_sha256_nonce,3578939613.0000000000
122270938,13877701419169,btc_qm_engine,btc_leading_zeros,0.0000000000
122270939,13877701420339,btc_qm_engine,btc_sha256_elapsed_ns,2398.0000000000
122270940,13877701420616,btc_qm_engine,btc_sha256_nonce,49112596.0000000000
122270941,13877701420805,btc_qm_engine,btc_leading_zeros,1.0000000000
122270942,13877701421006,btc_qm_engine,btc_sha256_elapsed_ns,2383.0000000000
122270943,13877701421279,btc_qm_engine,btc_sha256_elapsed_ns,2116.0000000000
122270944,13877701421759,btc_qm_engine,btc_lebesgue_scan_nonce,23.0000000000
122270945,13877701422291,btc_qm_engine,btc_orbital_scan_nonce,529301557.0000000000
122270946,13877701422558,btc_qm_engine,btc_lebesgue_scan_nonce,0.0000000000
122270947,13877701423204,btc_qm_engine,btc_sha256_elapsed_ns,2077.0000000000
122270948,13877701424910,btc_qm_engine,btc_sha256_nonce,529301557.0000000000
122270949,13877701425289,btc_qm_engine,btc_sha256_nonce,529335389.0000000000
122270950,13877701425800,btc_qm_engine,btc_sha256_nonce,529170239.0000000000
122270951,13877701425978,btc_qm_engine,btc_leading_zeros,0.0000000000
122270952,13877701426658,btc_qm_engine,btc_leading_zeros,0.0000000000
122270953,13877701428088,btc_qm_engine,btc_sha256_nonce,529375701.0000000000
122270954,13877701429344,btc_qm_engine,btc_sha256_nonce,3577426213.0000000000
122270955,13877701430778,btc_qm_engine,btc_sha256_nonce,529307187.0000000000
122270956,13877701431196,btc_qm_engine,btc_leading_zeros,3.0000000000
122270957,13877701431853,btc_qm_engine,btc_leading_zeros,0.0000000000
122270958,13877701432750,btc_qm_engine,btc_sha256_elapsed_ns,2356.0000000000
122270959,13877701433088,btc_qm_engine,btc_sha256_elapsed_ns,2381.0000000000
122270960,13877701433728,btc_qm_engine,btc_orbital_scan_nonce,529351753.0000000000
122270961,13877701434755,btc_qm_engine,btc_leading_zeros,1.0000000000
122270962,13877701435788,btc_qm_engine,btc_sha256_elapsed_ns,2394.0000000000
122270963,13877701435982,btc_qm_engine,btc_sha256_elapsed_ns,2382.0000000000
122270964,13877701436903,btc_qm_engine,btc_sha256_nonce,24243708.0000000000
122270965,13877701437152,btc_qm_engine,btc_orbital_scan_nonce,529301557.0000000000
122270966,13877701437550,btc_qm_engine,btc_sha256_nonce,529351753.0000000000
122270967,13877701437704,btc_qm_engine,btc_leading_zeros,0.0000000000
122270968,13877701437853,btc_qm_engine,btc_sha256_elapsed_ns,2320.0000000000
122270969,13877701438265,btc_qm_engine,btc_leading_zeros,1.0000000000
122270970,13877701438794,btc_qm_engine,btc_sha256_elapsed_ns,2424.0000000000
122270971,13877701439247,btc_qm_engine,btc_sha256_elapsed_ns,2324.0000000000
122270972,13877701439675,btc_qm_engine,btc_orbital_scan_nonce,529309903.0000000000
122270973,13877701440130,btc_qm_engine,btc_orbital_scan_nonce,529371403.0000000000
122270974,13877701440367,btc_qm_engine,btc_sha256_nonce,529301557.0000000000
122270975,13877701440794,btc_qm_engine,btc_sha256_nonce,47655946.0000000000
122270976,13877701441211,btc_qm_engine,btc_sha256_nonce,46073987.0000000000
122270977,13877701441499,btc_qm_engine,btc_leading_zeros,0.0000000000
122270978,13877701442057,btc_qm_engine,btc_leading_zeros,0.0000000000
122270979,13877701442408,btc_qm_engine,btc_sha256_nonce,529309903.0000000000
122270980,13877701442605,btc_qm_engine,btc_leading_zeros,2.0000000000
122270981,13877701442762,btc_qm_engine,btc_sha256_elapsed_ns,2198.0000000000
122270982,13877701443100,btc_qm_engine,btc_leading_zeros,0.0000000000
122270983,13877701443334,btc_qm_engine,btc_sha256_elapsed_ns,2153.0000000000
122270984,13877701443667,btc_qm_engine,btc_leading_zeros,1.0000000000
122270985,13877701444015,btc_qm_engine,btc_sha256_elapsed_ns,2398.0000000000
122270986,13877701445183,btc_qm_engine,btc_sha256_elapsed_ns,2354.0000000000
122270987,13877701445645,btc_qm_engine,btc_orbital_scan_nonce,529315911.0000000000
122270988,13877701446095,btc_qm_engine,btc_orbital_scan_nonce,529360184.0000000000
122270989,13877701446391,btc_qm_engine,btc_sha256_elapsed_ns,2238.0000000000
122270990,13877701447447,btc_qm_engine,btc_orbital_scan_nonce,529378627.0000000000
122270991,13877701448739,btc_qm_engine,btc_lebesgue_scan_nonce,0.0000000000
122270992,13877701449104,btc_qm_engine,btc_sha256_nonce,529360184.0000000000
122270993,13877701449853,btc_qm_engine,btc_leading_zeros,0.0000000000
122270994,13877701450033,btc_qm_engine,btc_sha256_elapsed_ns,2417.0000000000
122270995,13877701450285,btc_qm_engine,btc_sha256_nonce,529378627.0000000000
122270996,13877701450446,btc_qm_engine,btc_leading_zeros,0.0000000000
122270997,13877701450605,btc_qm_engine,btc_sha256_elapsed_ns,2403.0000000000
122270998,13877701451640,btc_qm_engine,btc_sha256_nonce,529181799.0000000000
122270999,13877701451827,btc_qm_engine,btc_leading_zeros,1.0000000000
122271000,13877701451945,btc_qm_engine,btc_sha256_elapsed_ns,2461.0000000000
122271001,13877701452987,btc_qm_engine,btc_sha256_nonce,47341386.0000000000
122271002,13877701453128,btc_qm_engine,btc_leading_zeros,0.0000000000
122271003,13877701453283,btc_qm_engine,btc_sha256_elapsed_ns,2420.0000000000
122271004,13877701453594,btc_qm_engine,btc_sha256_nonce,3579919510.0000000000
122271005,13877701453747,btc_qm_engine,btc_leading_zeros,0.0000000000
122271006,13877701454224,btc_qm_engine,btc_sha256_elapsed_ns,2433.0000000000
122271007,13877701455029,btc_qm_engine,btc_sha256_nonce,529315911.0000000000
122271008,13877701455390,btc_qm_engine,btc_lebesgue_scan_nonce,23.0000000000
122271009,13877701455893,btc_qm_engine,btc_orbital_scan_nonce,529355640.0000000000
122271010,13877701456270,btc_qm_engine,btc_sha256_nonce,48703519.0000000000
122271011,13877701456494,btc_qm_engine,btc_leading_zeros,2.0000000000
122271012,13877701456653,btc_qm_engine,btc_sha256_elapsed_ns,2442.0000000000
122271013,13877701458151,btc_qm_engine,btc_sha256_nonce,529401048.0000000000
122271014,13877701458314,btc_qm_engine,btc_leading_zeros,0.0000000000
122271015,13877701458469,btc_qm_engine,btc_sha256_elapsed_ns,2411.0000000000
122271016,13877701459247,btc_qm_engine,btc_sha256_nonce,529355640.0000000000
122271017,13877701459409,btc_qm_engine,btc_leading_zeros,3.0000000000
122271018,13877701459859,btc_qm_engine,btc_sha256_elapsed_ns,2417.0000000000
122271019,13877701460725,btc_qm_engine,btc_sha256_nonce,529371403.0000000000
122271020,13877701461266,btc_qm_engine,btc_sha256_nonce,3579647428.0000000000
122271021,13877701461667,btc_qm_engine,btc_leading_zeros,0.0000000000
122271022,13877701461970,btc_qm_engine,btc_sha256_nonce,47415400.0000000000
122271023,13877701463475,btc_qm_engine,btc_leading_zeros,1.0000000000
122271024,13877701465145,btc_qm_engine,btc_leading_zeros,1.0000000000
122271025,13877701465908,btc_qm_engine,btc_sha256_elapsed_ns,2382.0000000000
122271026,13877701466168,btc_qm_engine,btc_sha256_nonce,3576880375.0000000000
122271027,13877701466780,btc_qm_engine,btc_sha256_elapsed_ns,2402.0000000000
122271028,13877701467408,btc_qm_engine,btc_orbital_scan_nonce,529349390.0000000000
122271029,13877701467700,btc_qm_engine,btc_leading_zeros,1.0000000000
122271030,13877701467842,btc_qm_engine,btc_sha256_elapsed_ns,1840.0000000000
122271031,13877701469033,btc_qm_engine,btc_sha256_elapsed_ns,1985.0000000000
122271032,13877701469443,btc_qm_engine,btc_orbital_scan_nonce,529385490.0000000000
122271033,13877701469760,btc_qm_engine,btc_sha256_nonce,45946050.0000000000
122271034,13877701469929,btc_qm_engine,btc_leading_zeros,1.0000000000
122271035,13877701470100,btc_qm_engine,btc_sha256_elapsed_ns,2314.0000000000
122271036,13877701470853,btc_qm_engine,btc_sha256_nonce,3577148668.0000000000
122271037,13877701471334,btc_qm_engine,btc_sha256_nonce,529349390.0000000000
122271038,13877701472029,btc_qm_engine,btc_sha256_nonce,529385490.0000000000
122271039,13877701472183,btc_qm_engine,btc_leading_zeros,2.0000000000
122271040,13877701472518,btc_qm_engine,btc_leading_zeros,0.0000000000
122271041,13877701472666,btc_qm_engine,btc_sha256_elapsed_ns,2396.0000000000
122271042,13877701472950,btc_qm_engine,btc_sha256_elapsed_ns,2275.0000000000
122271043,13877701473847,btc_qm_engine,btc_orbital_scan_nonce,529340299.0000000000
122271044,13877701474228,btc_qm_engine,btc_orbital_scan_nonce,529332487.0000000000
122271045,13877701475598,btc_qm_engine,btc_sha256_nonce,47479084.0000000000
122271046,13877701475766,btc_qm_engine,btc_leading_zeros,0.0000000000
122271047,13877701475936,btc_qm_engine,btc_sha256_elapsed_ns,2429.0000000000
122271048,13877701476366,btc_qm_engine,btc_lebesgue_scan_nonce,5.0000000000
122271049,13877701477094,btc_qm_engine,btc_sha256_nonce,529332487.0000000000
122271050,13877701477265,btc_qm_engine,btc_leading_zeros,0.0000000000
122271051,13877701479112,btc_qm_engine,btc_leading_zeros,1.0000000000
122271052,13877701480424,btc_qm_engine,btc_sha256_nonce,529155499.0000000000
122271053,13877701480718,btc_qm_engine,btc_sha256_elapsed_ns,2266.0000000000
122271054,13877701481625,btc_qm_engine,btc_sha256_nonce,529340299.0000000000
122271055,13877701481784,btc_qm_engine,btc_leading_zeros,2.0000000000
122271056,13877701481964,btc_qm_engine,btc_sha256_elapsed_ns,2161.0000000000
122271057,13877701482389,btc_qm_engine,btc_orbital_scan_nonce,529375968.0000000000
122271058,13877701483705,btc_qm_engine,btc_sha256_nonce,3579327149.0000000000
122271059,13877701483863,btc_qm_engine,btc_leading_zeros,0.0000000000
122271060,13877701484010,btc_qm_engine,btc_sha256_elapsed_ns,2425.0000000000
122271061,13877701485089,btc_qm_engine,btc_leading_zeros,1.0000000000
122271062,13877701485687,btc_qm_engine,btc_leading_zeros,1.0000000000
122271063,13877701485932,btc_qm_engine,btc_sha256_elapsed_ns,2402.0000000000
122271064,13877701486127,btc_qm_engine,btc_sha256_nonce,529375968.0000000000
122271065,13877701486482,btc_qm_engine,btc_sha256_elapsed_ns,2360.0000000000
122271066,13877701486992,btc_qm_engine,btc_sha256_nonce,3578983089.0000000000
122271067,13877701488107,btc_qm_engine,btc_orbital_scan_nonce,529321913.0000000000
122271068,13877701488885,btc_qm_engine,btc_sha256_nonce,47843049.0000000000
122271069,13877701490222,btc_qm_engine,btc_sha256_nonce,47915492.0000000000
122271070,13877701490980,btc_qm_engine,btc_leading_zeros,4.0000000000
122271071,13877701491154,btc_qm_engine,btc_sha256_elapsed_ns,2481.0000000000
122271072,13877701491609,btc_qm_engine,btc_lebesgue_scan_nonce,17.0000000000
122271073,13877701492512,btc_qm_engine,btc_sha256_elapsed_ns,2521.0000000000
122271074,13877701494246,btc_qm_engine,btc_leading_zeros,0.0000000000
122271075,13877701494483,btc_qm_engine,btc_sha256_elapsed_ns,2374.0000000000
122271076,13877701495039,btc_qm_engine,btc_sha256_nonce,529323187.0000000000
122271077,13877701495177,btc_qm_engine,btc_leading_zeros,2.0000000000
122271078,13877701495343,btc_qm_engine,btc_sha256_elapsed_ns,2475.0000000000
122271079,13877701495709,btc_qm_engine,btc_lebesgue_scan_nonce,15.0000000000
122271080,13877701496154,btc_qm_engine,btc_sha256_nonce,3577560438.0000000000
122271081,13877701496915,btc_qm_engine,btc_leading_zeros,0.0000000000
122271082,13877701497526,btc_qm_engine,btc_sha256_nonce,47251187.0000000000
122271083,13877701497958,btc_qm_engine,btc_sha256_elapsed_ns,2445.0000000000
122271084,13877701498445,btc_qm_engine,btc_sha256_nonce,529433813.0000000000
122271085,13877701499045,btc_qm_engine,btc_leading_zeros,3.0000000000
122271086,13877701500279,btc_qm_engine,btc_sha256_elapsed_ns,2395.0000000000
122271087,13877701501826,btc_qm_engine,btc_sha256_nonce,3578247448.0000000000
122271088,13877701502000,btc_qm_engine,btc_leading_zeros,1.0000000000
122271089,13877701502142,btc_qm_engine,btc_sha256_elapsed_ns,2336.0000000000
122271090,13877701503315,btc_qm_engine,btc_sha256_nonce,47921757.0000000000
122271091,13877701503993,btc_qm_engine,btc_leading_zeros,1.0000000000
122271092,13877701504367,btc_qm_engine,btc_leading_zeros,2.0000000000
122271093,13877701504527,btc_qm_engine,btc_sha256_elapsed_ns,2400.0000000000
122271094,13877701504855,btc_qm_engine,btc_leading_zeros,0.0000000000
122271095,13877701505299,btc_qm_engine,btc_sha256_nonce,3577615041.0000000000
122271096,13877701506085,btc_qm_engine,btc_sha256_elapsed_ns,2413.0000000000
122271097,13877701506538,btc_qm_engine,btc_leading_zeros,0.0000000000
122271098,13877701507408,btc_qm_engine,btc_sha256_elapsed_ns,2327.0000000000
122271099,13877701507603,btc_qm_engine,btc_orbital_scan_nonce,529301557.0000000000
122271100,13877701507930,btc_qm_engine,btc_lebesgue_scan_nonce,16.0000000000
122271101,13877701509209,btc_qm_engine,btc_sha256_elapsed_ns,2448.0000000000
122271102,13877701510302,btc_qm_engine,btc_sha256_nonce,48021949.0000000000
122271103,13877701510540,btc_qm_engine,btc_sha256_nonce,529321913.0000000000
122271104,13877701510983,btc_qm_engine,btc_sha256_nonce,529301557.0000000000
122271105,13877701511452,btc_qm_engine,btc_leading_zeros,4.0000000000
122271106,13877701511790,btc_qm_engine,btc_sha256_nonce,529383908.0000000000
122271107,13877701512211,btc_qm_engine,btc_leading_zeros,0.0000000000
122271108,13877701512372,btc_qm_engine,btc_sha256_elapsed_ns,2352.0000000000
122271109,13877701512562,btc_qm_engine,btc_leading_zeros,4.0000000000
122271110,13877701512923,btc_qm_engine,btc_sha256_elapsed_ns,2436.0000000000
122271111,13877701513209,btc_qm_engine,btc_leading_zeros,0.0000000000
122271112,13877701514734,btc_qm_engine,btc_leading_zeros,2.0000000000
122271113,13877701515230,btc_qm_engine,btc_orbital_scan_nonce,529317533.0000000000
122271114,13877701515594,btc_qm_engine,btc_sha256_elapsed_ns,2248.0000000000
122271115,13877701515880,btc_qm_engine,btc_sha256_elapsed_ns,2302.0000000000
122271116,13877701516382,btc_qm_engine,btc_lebesgue_scan_nonce,10.0000000000
122271117,13877701517557,btc_qm_engine,btc_sha256_nonce,46808266.0000000000
122271118,13877701518239,btc_qm_engine,btc_sha256_elapsed_ns,2463.0000000000
122271119,13877701518817,btc_qm_engine,btc_sha256_nonce,529317533.0000000000
122271120,13877701518988,btc_qm_engine,btc_leading_zeros,1.0000000000
122271121,13877701519154,btc_qm_engine,btc_sha256_elapsed_ns,2477.0000000000
122271122,13877701519348,btc_qm_engine,btc_sha256_nonce,3577137709.0000000000
122271123,13877701519668,btc_qm_engine,btc_orbital_scan_nonce,529339696.0000000000
122271124,13877701520384,btc_qm_engine,btc_sha256_nonce,529372390.0000000000
122271125,13877701520528,btc_qm_engine,btc_leading_zeros,0.0000000000
122271126,13877701520843,btc_qm_engine,btc_sha256_elapsed_ns,2338.0000000000
122271127,13877701521914,btc_qm_engine,btc_leading_zeros,0.0000000000
122271128,13877701522350,btc_qm_engine,btc_sha256_nonce,48701682.0000000000
122271129,13877701523072,btc_qm_engine,btc_sha256_nonce,529339696.0000000000
122271130,13877701523427,btc_qm_engine,btc_sha256_elapsed_ns,2389.0000000000
122271131,13877701524783,btc_qm_engine,btc_lebesgue_scan_nonce,27.0000000000
122271132,13877701525076,btc_qm_engine,btc_leading_zeros,0.0000000000
122271133,13877701525272,btc_qm_engine,btc_leading_zeros,4.0000000000
122271134,13877701525969,btc_qm_engine,btc_sha256_elapsed_ns,2073.0000000000
122271135,13877701526388,btc_qm_engine,btc_sha256_elapsed_ns,2506.0000000000
122271136,13877701527547,btc_qm_engine,btc_sha256_nonce,529343523.0000000000
122271137,13877701527692,btc_qm_engine,btc_leading_zeros,1.0000000000
122271138,13877701527811,btc_qm_engine,btc_sha256_elapsed_ns,1934.0000000000
122271139,13877701528294,btc_qm_engine,btc_sha256_nonce,47342909.0000000000
122271140,13877701528455,btc_qm_engine,btc_leading_zeros,1.0000000000
122271141,13877701528608,btc_qm_engine,btc_sha256_elapsed_ns,2375.0000000000
122271142,13877701529015,btc_qm_engine,btc_orbital_scan_nonce,529401557.0000000000
122271143,13877701529450,btc_qm_engine,btc_sha256_nonce,3577008622.0000000000
122271144,13877701530102,btc_qm_engine,btc_sha256_nonce,23803803.0000000000
122271145,13877701530258,btc_qm_engine,btc_leading_zeros,0.0000000000
122271146,13877701530403,btc_qm_engine,btc_sha256_elapsed_ns,1819.0000000000
122271147,13877701530784,btc_qm_engine,btc_leading_zeros,0.0000000000
122271148,13877701530950,btc_qm_engine,btc_sha256_elapsed_ns,2319.0000000000
122271149,13877701531377,btc_qm_engine,btc_orbital_scan_nonce,529311594.0000000000
122271150,13877701531845,btc_qm_engine,btc_sha256_nonce,529401557.0000000000
122271151,13877701532010,btc_qm_engine,btc_leading_zeros,1.0000000000
122271152,13877701532178,btc_qm_engine,btc_sha256_elapsed_ns,2360.0000000000
122271153,13877701532572,btc_qm_engine,btc_sha256_nonce,48201532.0000000000
122271154,13877701533682,btc_qm_engine,btc_leading_zeros,3.0000000000
122271155,13877701534084,btc_qm_engine,btc_leading_zeros,0.0000000000
122271156,13877701534374,btc_qm_engine,btc_sha256_nonce,24477579.0000000000
122271157,13877701534525,btc_qm_engine,btc_leading_zeros,0.0000000000
122271158,13877701534641,btc_qm_engine,btc_sha256_elapsed_ns,2203.0000000000
122271159,13877701534934,btc_qm_engine,btc_sha256_elapsed_ns,2416.0000000000
122271160,13877701535362,btc_qm_engine,btc_sha256_nonce,529311594.0000000000
122271161,13877701536363,btc_qm_engine,btc_sha256_elapsed_ns,2375.0000000000
122271162,13877701536982,btc_qm_engine,btc_sha256_nonce,47918931.0000000000
122271163,13877701537303,btc_qm_engine,btc_sha256_nonce,24331824.0000000000
122271164,13877701537619,btc_qm_engine,btc_leading_zeros,1.0000000000
122271165,13877701538010,btc_qm_engine,btc_leading_zeros,0.0000000000
122271166,13877701538489,btc_qm_engine,btc_orbital_scan_nonce,529334242.0000000000
122271167,13877701539040,btc_qm_engine,btc_sha256_elapsed_ns,2295.0000000000
122271168,13877701539423,btc_qm_engine,btc_sha256_elapsed_ns,2216.0000000000
122271169,13877701540714,btc_qm_engine,btc_orbital_scan_nonce,529361811.0000000000
122271170,13877701543728,btc_qm_engine,btc_sha256_nonce,46246472.0000000000
122271171,13877701543894,btc_qm_engine,btc_leading_zeros,0.0000000000
122271172,13877701544184,btc_qm_engine,btc_sha256_nonce,529361811.0000000000
122271173,13877701545344,btc_qm_engine,btc_sha256_nonce,3576894505.0000000000
122271174,13877701545770,btc_qm_engine,btc_sha256_elapsed_ns,2308.0000000000
122271175,13877701546077,btc_qm_engine,btc_leading_zeros,3.0000000000
122271176,13877701546609,btc_qm_engine,btc_sha256_nonce,529334242.0000000000
122271177,13877701546859,btc_qm_engine,btc_sha256_elapsed_ns,2460.0000000000
122271178,13877701547910,btc_qm_engine,btc_leading_zeros,0.0000000000
122271179,13877701548729,btc_qm_engine,btc_orbital_scan_nonce,529370800.0000000000
122271180,13877701549035,btc_qm_engine,btc_sha256_elapsed_ns,2493.0000000000
122271181,13877701549256,btc_qm_engine,btc_leading_zeros,1.0000000000
122271182,13877701549692,btc_qm_engine,btc_sha256_nonce,46937762.0000000000
122271183,13877701550057,btc_qm_engine,btc_leading_zeros,2.0000000000
122271184,13877701550540,btc_qm_engine,btc_leading_zeros,1.0000000000
122271185,13877701550711,btc_qm_engine,btc_sha256_elapsed_ns,2337.0000000000
122271186,13877701551228,btc_qm_engine,btc_sha256_elapsed_ns,2353.0000000000
122271187,13877701552270,btc_qm_engine,btc_sha256_nonce,529370800.0000000000
122271188,13877701553006,btc_qm_engine,btc_leading_zeros,0.0000000000
122271189,13877701553635,btc_qm_engine,btc_sha256_nonce,46433662.0000000000
122271190,13877701553808,btc_qm_engine,btc_leading_zeros,1.0000000000
122271191,13877701554004,btc_qm_engine,btc_sha256_elapsed_ns,2339.0000000000
122271192,13877701554207,btc_qm_engine,btc_orbital_scan_nonce,529337144.0000000000
122271193,13877701554470,btc_qm_engine,btc_sha256_elapsed_ns,2375.0000000000
122271194,13877701554882,btc_qm_engine,btc_orbital_scan_nonce,529369503.0000000000
122271195,13877701555557,btc_qm_engine,btc_sha256_elapsed_ns,1947.0000000000
122271196,13877701556100,btc_qm_engine,btc_orbital_scan_nonce,529388328.0000000000
122271197,13877701556934,btc_qm_engine,btc_sha256_nonce,47326511.0000000000
122271198,13877701557165,btc_qm_engine,btc_leading_zeros,0.0000000000
122271199,13877701557475,btc_qm_engine,btc_sha256_nonce,529369503.0000000000
122271200,13877701557893,btc_qm_engine,btc_sha256_nonce,529337144.0000000000
122271201,13877701558117,btc_qm_engine,btc_leading_zeros,3.0000000000
122271202,13877701558274,btc_qm_engine,btc_sha256_elapsed_ns,2494.0000000000
122271203,13877701558675,btc_qm_engine,btc_leading_zeros,4.0000000000
122271204,13877701559505,btc_qm_engine,btc_sha256_elapsed_ns,2347.0000000000
122271205,13877701559934,btc_qm_engine,btc_sha256_elapsed_ns,1662.0000000000
122271206,13877701561209,btc_qm_engine,btc_lebesgue_scan_nonce,26.0000000000
122271207,13877701563700,btc_qm_engine,btc_orbital_scan_nonce,529314588.0000000000
122271208,13877701564436,btc_qm_engine,btc_sha256_nonce,3576772730.0000000000
122271209,13877701564762,btc_qm_engine,btc_sha256_nonce,529299080.0000000000
122271210,13877701565349,btc_qm_engine,btc_leading_zeros,1.0000000000
122271211,13877701565696,btc_qm_engine,btc_sha256_elapsed_ns,2342.0000000000
122271212,13877701566552,btc_qm_engine,btc_leading_zeros,1.0000000000
122271213,13877701567099,btc_qm_engine,btc_sha256_nonce,529314588.0000000000
122271214,13877701567619,btc_qm_engine,btc_leading_zeros,0.0000000000
122271215,13877701567904,btc_qm_engine,btc_sha256_nonce,47294179.0000000000
122271216,13877701568123,btc_qm_engine,btc_leading_zeros,0.0000000000
122271217,13877701568320,btc_qm_engine,btc_sha256_elapsed_ns,2358.0000000000
122271218,13877701568562,btc_qm_engine,btc_sha256_elapsed_ns,2440.0000000000
122271219,13877701568964,btc_qm_engine,btc_orbital_scan_nonce,529353517.0000000000
122271220,13877701569368,btc_qm_engine,btc_sha256_nonce,3576943333.0000000000
122271221,13877701570818,btc_qm_engine,btc_leading_zeros,2.0000000000
122271222,13877701570967,btc_qm_engine,btc_sha256_elapsed_ns,2033.0000000000
122271223,13877701571237,btc_qm_engine,btc_sha256_nonce,529388328.0000000000
122271224,13877701572428,btc_qm_engine,btc_orbital_scan_nonce,529359967.0000000000
122271225,13877701572737,btc_qm_engine,btc_leading_zeros,4.0000000000
122271226,13877701572887,btc_qm_engine,btc_sha256_elapsed_ns,2273.0000000000
122271227,13877701573237,btc_qm_engine,btc_sha256_nonce,529353517.0000000000
122271228,13877701573394,btc_qm_engine,btc_leading_zeros,0.0000000000
122271229,13877701573524,btc_qm_engine,btc_sha256_elapsed_ns,2404.0000000000
122271230,13877701573827,btc_qm_engine,btc_orbital_scan_nonce,529351734.0000000000
122271231,13877701575857,btc_qm_engine,btc_sha256_nonce,25481340.0000000000
122271232,13877701576567,btc_qm_engine,btc_sha256_nonce,529351734.0000000000
122271233,13877701577020,btc_qm_engine,btc_leading_zeros,0.0000000000
122271234,13877701577242,btc_qm_engine,btc_sha256_nonce,48827736.0000000000
122271235,13877701577435,btc_qm_engine,btc_leading_zeros,0.0000000000
122271236,13877701577594,btc_qm_engine,btc_sha256_elapsed_ns,2570.0000000000
122271237,13877701577989,btc_qm_engine,btc_orbital_scan_nonce,529392010.0000000000
122271238,13877701579709,btc_qm_engine,btc_leading_zeros,2.0000000000
122271239,13877701580040,btc_qm_engine,btc_sha256_elapsed_ns,2288.0000000000
122271240,13877701580545,btc_qm_engine,btc_sha256_elapsed_ns,2292.0000000000
122271241,13877701581242,btc_qm_engine,btc_orbital_scan_nonce,529390221.0000000000
122271242,13877701582469,btc_qm_engine,btc_sha256_nonce,529392010.0000000000
122271243,13877701582647,btc_qm_engine,btc_leading_zeros,0.0000000000
122271244,13877701582882,btc_qm_engine,btc_sha256_nonce,24868559.0000000000
122271245,13877701583424,btc_qm_engine,btc_sha256_elapsed_ns,2390.0000000000
122271246,13877701583803,btc_qm_engine,btc_leading_zeros,0.0000000000
122271247,13877701584666,btc_qm_engine,btc_sha256_elapsed_ns,1777.0000000000
122271248,13877701585069,btc_qm_engine,btc_sha256_elapsed_ns,2441.0000000000
122271249,13877701586776,btc_qm_engine,btc_sha256_nonce,23644195.0000000000
122271250,13877701586928,btc_qm_engine,btc_leading_zeros,0.0000000000
122271251,13877701587250,btc_qm_engine,btc_sha256_elapsed_ns,1610.0000000000
122271252,13877701588217,btc_qm_engine,btc_sha256_nonce,47878242.0000000000
122271253,13877701588881,btc_qm_engine,btc_leading_zeros,0.0000000000
122271254,13877701589040,btc_qm_engine,btc_sha256_elapsed_ns,2377.0000000000
122271255,13877701589359,btc_qm_engine,btc_orbital_scan_nonce,529338750.0000000000
122271256,13877701589709,btc_qm_engine,btc_sha256_nonce,23814053.0000000000
122271257,13877701589854,btc_qm_engine,btc_leading_zeros,4.0000000000
122271258,13877701589961,btc_qm_engine,btc_sha256_elapsed_ns,1612.0000000000
122271259,13877701590187,btc_qm_engine,btc_sha256_nonce,529359967.0000000000
122271260,13877701590923,btc_qm_engine,btc_orbital_scan_nonce,529388173.0000000000
122271261,13877701591170,btc_qm_engine,btc_leading_zeros,0.0000000000
122271262,13877701591344,btc_qm_engine,btc_sha256_elapsed_ns,2270.0000000000
122271263,13877701592059,btc_qm_engine,btc_sha256_nonce,529338750.0000000000
122271264,13877701592894,btc_qm_engine,btc_sha256_nonce,23678414.0000000000
122271265,13877701593195,btc_qm_engine,btc_leading_zeros,0.0000000000
122271266,13877701593357,btc_qm_engine,btc_sha256_elapsed_ns,2348.0000000000
122271267,13877701593835,btc_qm_engine,btc_leading_zeros,1.0000000000
122271268,13877701594677,btc_qm_engine,btc_sha256_nonce,3577331306.0000000000
122271269,13877701595826,btc_qm_engine,btc_sha256_elapsed_ns,1618.0000000000
122271270,13877701596188,btc_qm_engine,btc_leading_zeros,0.0000000000
122271271,13877701596845,btc_qm_engine,btc_sha256_nonce,529388173.0000000000
122271272,13877701597562,btc_qm_engine,btc_sha256_nonce,47108685.0000000000
122271273,13877701598026,btc_qm_engine,btc_sha256_elapsed_ns,2510.0000000000
122271274,13877701598586,btc_qm_engine,btc_sha256_nonce,24225580.0000000000
122271275,13877701599117,btc_qm_engine,btc_sha256_nonce,529390221.0000000000
122271276,13877701599417,btc_qm_engine,btc_leading_zeros,2.0000000000
122271277,13877701600399,btc_qm_engine,btc_leading_zeros,0.0000000000
122271278,13877701600553,btc_qm_engine,btc_sha256_elapsed_ns,1623.0000000000
122271279,13877701601010,btc_qm_engine,btc_leading_zeros,0.0000000000
122271280,13877701601196,btc_qm_engine,btc_sha256_elapsed_ns,2284.0000000000
122271281,13877701601586,btc_qm_engine,btc_leading_zeros,0.0000000000
122271282,13877701602403,btc_qm_engine,btc_sha256_nonce,3578401540.0000000000
122271283,13877701602753,btc_qm_engine,btc_sha256_elapsed_ns,2306.0000000000
122271284,13877701603208,btc_qm_engine,btc_sha256_nonce,24749148.0000000000
122271285,13877701603357,btc_qm_engine,btc_leading_zeros,0.0000000000
122271286,13877701603688,btc_qm_engine,btc_leading_zeros,0.0000000000
122271287,13877701603855,btc_qm_engine,btc_sha256_elapsed_ns,2070.0000000000
122271288,13877701604102,btc_qm_engine,btc_sha256_elapsed_ns,1688.0000000000
122271289,13877701604446,btc_qm_engine,btc_sha256_elapsed_ns,2361.0000000000
122271290,13877701604951,btc_qm_engine,btc_sha256_nonce,3577800365.0000000000
122271291,13877701605173,btc_qm_engine,btc_leading_zeros,3.0000000000
122271292,13877701605364,btc_qm_engine,btc_sha256_elapsed_ns,2220.0000000000
122271293,13877701605762,btc_qm_engine,btc_sha256_nonce,46201145.0000000000
122271294,13877701605939,btc_qm_engine,btc_leading_zeros,2.0000000000
122271295,13877701606107,btc_qm_engine,btc_sha256_elapsed_ns,2250.0000000000
122271296,13877701606586,btc_qm_engine,btc_orbital_scan_nonce,529397544.0000000000
122271297,13877701607200,btc_qm_engine,btc_sha256_nonce,25082866.0000000000
122271298,13877701607767,btc_qm_engine,btc_sha256_nonce,3577671500.0000000000
122271299,13877701608720,btc_qm_engine,btc_leading_zeros,3.0000000000
122271300,13877701608970,btc_qm_engine,btc_leading_zeros,0.0000000000
122271301,13877701609125,btc_qm_engine,btc_sha256_elapsed_ns,2229.0000000000
122271302,13877701609527,btc_qm_engine,btc_sha256_elapsed_ns,1603.0000000000
122271303,13877701609974,btc_qm_engine,btc_sha256_nonce,3576988202.0000000000
122271304,13877701610445,btc_qm_engine,btc_sha256_nonce,529397544.0000000000
122271305,13877701610609,btc_qm_engine,btc_leading_zeros,1.0000000000
122271306,13877701610802,btc_qm_engine,btc_sha256_elapsed_ns,2399.0000000000
122271307,13877701611174,btc_qm_engine,btc_leading_zeros,0.0000000000
122271308,13877701611649,btc_qm_engine,btc_sha256_nonce,23825078.0000000000
122271309,13877701611818,btc_qm_engine,btc_leading_zeros,1.0000000000
122271310,13877701612057,btc_qm_engine,btc_sha256_nonce,45761062.0000000000
122271311,13877701612635,btc_qm_engine,btc_sha256_nonce,3576466964.0000000000
122271312,13877701612812,btc_qm_engine,btc_leading_zeros,1.0000000000
122271313,13877701613000,btc_qm_engine,btc_sha256_elapsed_ns,2036.0000000000
122271314,13877701613302,btc_qm_engine,btc_sha256_elapsed_ns,1609.0000000000
122271315,13877701613570,btc_qm_engine,btc_leading_zeros,0.0000000000
122271316,13877701613743,btc_qm_engine,btc_sha256_elapsed_ns,2354.0000000000
122271317,13877701614098,btc_qm_engine,btc_orbital_scan_nonce,529331226.0000000000
122271318,13877701614425,btc_qm_engine,btc_orbital_scan_nonce,529373239.0000000000
122271319,13877701615123,btc_qm_engine,btc_sha256_nonce,3578383536.0000000000
122271320,13877701615283,btc_qm_engine,btc_leading_zeros,0.0000000000
122271321,13877701615392,btc_qm_engine,btc_sha256_elapsed_ns,1629.0000000000
122271322,13877701615709,btc_qm_engine,btc_orbital_scan_nonce,529375212.0000000000
122271323,13877701616722,btc_qm_engine,btc_sha256_nonce,529373239.0000000000
122271324,13877701617385,btc_qm_engine,btc_leading_zeros,1.0000000000
122271325,13877701617732,btc_qm_engine,btc_sha256_nonce,529375212.0000000000
122271326,13877701618798,btc_qm_engine,btc_sha256_elapsed_ns,1624.0000000000
122271327,13877701619180,btc_qm_engine,btc_sha256_elapsed_ns,2066.0000000000
122271328,13877701621242,btc_qm_engine,btc_sha256_nonce,3578157951.0000000000
122271329,13877701621390,btc_qm_engine,btc_leading_zeros,1.0000000000
122271330,13877701621515,btc_qm_engine,btc_sha256_elapsed_ns,1616.0000000000
122271331,13877701621815,btc_qm_engine,btc_orbital_scan_nonce,529311690.0000000000
122271332,13877701622228,btc_qm_engine,btc_sha256_nonce,23773663.0000000000
122271333,13877701622608,btc_qm_engine,btc_leading_zeros,3.0000000000
122271334,13877701622729,btc_qm_engine,btc_sha256_elapsed_ns,1946.0000000000
122271335,13877701623044,btc_qm_engine,btc_orbital_scan_nonce,529324181.0000000000
122271336,13877701623875,btc_qm_engine,btc_sha256_nonce,529311690.0000000000
122271337,13877701624050,btc_qm_engine,btc_leading_zeros,0.0000000000
122271338,13877701624766,btc_qm_engine,btc_sha256_elapsed_ns,1611.0000000000
122271339,13877701625630,btc_qm_engine,btc_lebesgue_scan_nonce,27.0000000000
122271340,13877701630087,btc_qm_engine,btc_orbital_scan_nonce,529350018.0000000000
122271341,13877701630307,btc_qm_engine,btc_sha256_nonce,529331226.0000000000
122271342,13877701631143,btc_qm_engine,btc_leading_zeros,1.0000000000
122271343,13877701631312,btc_qm_engine,btc_sha256_elapsed_ns,2321.0000000000
122271344,13877701632797,btc_qm_engine,btc_sha256_nonce,529350018.0000000000
122271345,13877701633121,btc_qm_engine,btc_sha256_nonce,529323357.0000000000
122271346,13877701633974,btc_qm_engine,btc_leading_zeros,1.0000000000
122271347,13877701634108,btc_qm_engine,btc_sha256_elapsed_ns,2467.0000000000
122271348,13877701634538,btc_qm_engine,btc_sha256_nonce,46500418.0000000000
122271349,13877701635149,btc_qm_engine,btc_sha256_nonce,529324181.0000000000
122271350,13877701635506,btc_qm_engine,btc_orbital_scan_nonce,529351112.0000000000
122271351,13877701635885,btc_qm_engine,btc_leading_zeros,1.0000000000
122271352,13877701636117,btc_qm_engine,btc_leading_zeros,1.0000000000
122271353,13877701636492,btc_qm_engine,btc_leading_zeros,0.0000000000
122271354,13877701636633,btc_qm_engine,btc_sha256_elapsed_ns,1567.0000000000
122271355,13877701636900,btc_qm_engine,btc_leading_zeros,3.0000000000
122271356,13877701637776,btc_qm_engine,btc_sha256_elapsed_ns,2344.0000000000
122271357,13877701638503,btc_qm_engine,btc_sha256_nonce,24086006.0000000000
122271358,13877701638650,btc_qm_engine,btc_leading_zeros,0.0000000000
122271359,13877701638748,btc_qm_engine,btc_sha256_elapsed_ns,1307.0000000000
122271360,13877701639016,btc_qm_engine,btc_orbital_scan_nonce,529318827.0000000000
122271361,13877701639207,btc_qm_engine,btc_sha256_nonce,529351112.0000000000
122271362,13877701639603,btc_qm_engine,btc_orbital_scan_nonce,529325230.0000000000
122271363,13877701640552,btc_qm_engine,btc_leading_zeros,2.0000000000
122271364,13877701641399,btc_qm_engine,btc_sha256_nonce,529318827.0000000000
122271365,13877701641669,btc_qm_engine,btc_sha256_elapsed_ns,2462.0000000000
122271366,13877701642033,btc_qm_engine,btc_leading_zeros,2.0000000000
122271367,13877701642175,btc_qm_engine,btc_sha256_elapsed_ns,1289.0000000000
122271368,13877701642925,btc_qm_engine,btc_sha256_elapsed_ns,2420.0000000000
122271369,13877701643917,btc_qm_engine,btc_sha256_nonce,24965488.0000000000
122271370,13877701644344,btc_qm_engine,btc_orbital_scan_nonce,529353636.0000000000
122271371,13877701644637,btc_qm_engine,btc_sha256_nonce,47001738.0000000000
122271372,13877701644836,btc_qm_engine,btc_leading_zeros,3.0000000000
122271373,13877701644992,btc_qm_engine,btc_sha256_elapsed_ns,2382.0000000000
122271374,13877701645389,btc_qm_engine,btc_lebesgue_scan_nonce,9.0000000000
122271375,13877701648038,btc_qm_engine,btc_sha256_nonce,529222846.0000000000
122271376,13877701648357,btc_qm_engine,btc_leading_zeros,3.0000000000
122271377,13877701649253,btc_qm_engine,btc_sha256_nonce,529353636.0000000000
122271378,13877701649528,btc_qm_engine,btc_sha256_elapsed_ns,2387.0000000000
122271379,13877701649809,btc_qm_engine,btc_leading_zeros,3.0000000000
122271380,13877701649963,btc_qm_engine,btc_sha256_elapsed_ns,1296.0000000000
122271381,13877701650197,btc_qm_engine,btc_leading_zeros,2.0000000000
122271382,13877701651151,btc_qm_engine,btc_orbital_scan_nonce,529370943.0000000000
122271383,13877701652542,btc_qm_engine,btc_sha256_nonce,48915255.0000000000
122271384,13877701653285,btc_qm_engine,btc_sha256_nonce,529370943.0000000000
122271385,13877701653428,btc_qm_engine,btc_leading_zeros,1.0000000000
122271386,13877701655103,btc_qm_engine,btc_sha256_elapsed_ns,1785.0000000000
122271387,13877701656118,btc_qm_engine,btc_sha256_nonce,529325230.0000000000
122271388,13877701656735,btc_qm_engine,btc_leading_zeros,0.0000000000
122271389,13877701656854,btc_qm_engine,btc_sha256_elapsed_ns,2579.0000000000
122271390,13877701658088,btc_qm_engine,btc_sha256_elapsed_ns,1302.0000000000
122271391,13877701658382,btc_qm_engine,btc_orbital_scan_nonce,529350534.0000000000
122271392,13877701659088,btc_qm_engine,btc_sha256_nonce,3576821374.0000000000
122271393,13877701659244,btc_qm_engine,btc_leading_zeros,1.0000000000
122271394,13877701659375,btc_qm_engine,btc_sha256_elapsed_ns,1663.0000000000
122271395,13877701659687,btc_qm_engine,btc_orbital_scan_nonce,529380923.0000000000
122271396,13877701659975,btc_qm_engine,btc_sha256_nonce,529350534.0000000000
122271397,13877701660104,btc_qm_engine,btc_leading_zeros,0.0000000000
122271398,13877701660230,btc_qm_engine,btc_sha256_elapsed_ns,1303.0000000000
122271399,13877701660492,btc_qm_engine,btc_lebesgue_scan_nonce,0.0000000000
122271400,13877701661972,btc_qm_engine,btc_sha256_nonce,529312018.0000000000
122271401,13877701662430,btc_qm_engine,btc_sha256_nonce,529380923.0000000000
122271402,13877701663153,btc_qm_engine,btc_leading_zeros,0.0000000000
122271403,13877701663760,btc_qm_engine,btc_sha256_elapsed_ns,1286.0000000000
122271404,13877701664086,btc_qm_engine,btc_sha256_nonce,3576434978.0000000000
122271405,13877701664215,btc_qm_engine,btc_leading_zeros,0.0000000000
122271406,13877701664793,btc_qm_engine,btc_sha256_elapsed_ns,2331.0000000000
122271407,13877701665068,btc_qm_engine,btc_sha256_elapsed_ns,2141.0000000000
122271408,13877701665463,btc_qm_engine,btc_lebesgue_scan_nonce,3.0000000000
122271409,13877701666007,btc_qm_engine,btc_sha256_nonce,25548818.0000000000
122271410,13877701666151,btc_qm_engine,btc_leading_zeros,0.0000000000
122271411,13877701666276,btc_qm_engine,btc_sha256_elapsed_ns,1299.0000000000
122271412,13877701666498,btc_qm_engine,btc_orbital_scan_nonce,529327932.0000000000
122271413,13877701667985,btc_qm_engine,btc_sha256_nonce,529327932.0000000000
122271414,13877701668283,btc_qm_engine,btc_sha256_nonce,529551314.0000000000
122271415,13877701669172,btc_qm_engine,btc_leading_zeros,0.0000000000
122271416,13877701669538,btc_qm_engine,btc_leading_zeros,1.0000000000
122271417,13877701669873,btc_qm_engine,btc_sha256_elapsed_ns,1292.0000000000
122271418,13877701670105,btc_qm_engine,btc_orbital_scan_nonce,529367467.0000000000
122271419,13877701670433,btc_qm_engine,btc_sha256_elapsed_ns,2304.0000000000
122271420,13877701671034,btc_qm_engine,btc_lebesgue_scan_nonce,8.0000000000
122271421,13877701672107,btc_qm_engine,btc_sha256_nonce,529367467.0000000000
122271422,13877701672758,btc_qm_engine,btc_leading_zeros,0.0000000000
122271423,13877701672909,btc_qm_engine,btc_sha256_elapsed_ns,1293.0000000000
122271424,13877701673413,btc_qm_engine,btc_leading_zeros,0.0000000000
122271425,13877701673957,btc_qm_engine,btc_lebesgue_scan_nonce,6.0000000000
122271426,13877701674469,btc_qm_engine,btc_sha256_nonce,46149918.0000000000
122271427,13877701674763,btc_qm_engine,btc_sha256_elapsed_ns,2467.0000000000
122271428,13877701675197,btc_qm_engine,btc_sha256_nonce,529313540.0000000000
122271429,13877701675575,btc_qm_engine,btc_orbital_scan_nonce,529372122.0000000000
122271430,13877701676153,btc_qm_engine,btc_sha256_nonce,529324587.0000000000
122271431,13877701676432,btc_qm_engine,btc_leading_zeros,1.0000000000
122271432,13877701677387,btc_qm_engine,btc_leading_zeros,1.0000000000
122271433,13877701677658,btc_qm_engine,btc_leading_zeros,0.0000000000
122271434,13877701677922,btc_qm_engine,btc_leading_zeros,0.0000000000
122271435,13877701678209,btc_qm_engine,btc_sha256_elapsed_ns,2420.0000000000
122271436,13877701678575,btc_qm_engine,btc_sha256_elapsed_ns,2263.0000000000
122271437,13877701678989,btc_qm_engine,btc_sha256_elapsed_ns,2350.0000000000
122271438,13877701679327,btc_qm_engine,btc_sha256_nonce,529372122.0000000000
122271439,13877701679500,btc_qm_engine,btc_leading_zeros,1.0000000000
122271440,13877701680006,btc_qm_engine,btc_sha256_elapsed_ns,1296.0000000000
122271441,13877701680276,btc_qm_engine,btc_lebesgue_scan_nonce,23.0000000000
122271442,13877701680631,btc_qm_engine,btc_lebesgue_scan_nonce,8.0000000000
122271443,13877701680992,btc_qm_engine,btc_sha256_elapsed_ns,2462.0000000000
122271444,13877701681446,btc_qm_engine,btc_lebesgue_scan_nonce,7.0000000000
122271445,13877701682772,btc_qm_engine,btc_sha256_nonce,24455659.0000000000
122271446,13877701683075,btc_qm_engine,btc_sha256_nonce,529349842.0000000000
122271447,13877701683867,btc_qm_engine,btc_sha256_nonce,49083137.0000000000
122271448,13877701684028,btc_qm_engine,btc_leading_zeros,0.0000000000
122271449,13877701684515,btc_qm_engine,btc_leading_zeros,0.0000000000
122271450,13877701684917,btc_qm_engine,btc_sha256_nonce,529399596.0000000000
122271451,13877701685858,btc_qm_engine,btc_sha256_nonce,529241860.0000000000
122271452,13877701686199,btc_qm_engine,btc_sha256_elapsed_ns,2395.0000000000
122271453,13877701686658,btc_qm_engine,btc_leading_zeros,0.0000000000
122271454,13877701687500,btc_qm_engine,btc_leading_zeros,1.0000000000
122271455,13877701688184,btc_qm_engine,btc_sha256_elapsed_ns,2457.0000000000
122271456,13877701688635,btc_qm_engine,btc_sha256_elapsed_ns,2327.0000000000
122271457,13877701689167,btc_qm_engine,btc_sha256_nonce,46145496.0000000000
122271458,13877701690130,btc_qm_engine,btc_sha256_elapsed_ns,2325.0000000000
122271459,13877701690359,btc_qm_engine,btc_orbital_scan_nonce,529354243.0000000000
122271460,13877701690641,btc_qm_engine,btc_leading_zeros,2.0000000000
122271461,13877701690784,btc_qm_engine,btc_sha256_elapsed_ns,2417.0000000000
122271462,13877701691599,btc_qm_engine,btc_sha256_nonce,49077165.0000000000
122271463,13877701691769,btc_qm_engine,btc_leading_zeros,0.0000000000
122271464,13877701691922,btc_qm_engine,btc_sha256_elapsed_ns,2329.0000000000
122271465,13877701692283,btc_qm_engine,btc_orbital_scan_nonce,529384713.0000000000
122271466,13877701693618,btc_qm_engine,btc_sha256_nonce,529354243.0000000000
122271467,13877701693998,btc_qm_engine,btc_sha256_nonce,45862266.0000000000
122271468,13877701694272,btc_qm_engine,btc_sha256_nonce,3577302197.0000000000
122271469,13877701694885,btc_qm_engine,btc_leading_zeros,0.0000000000
122271470,13877701695201,btc_qm_engine,btc_sha256_nonce,529384713.0000000000
122271471,13877701695378,btc_qm_engine,btc_leading_zeros,4.0000000000
122271472,13877701696850,btc_qm_engine,btc_sha256_elapsed_ns,2352.0000000000
122271473,13877701697353,btc_qm_engine,btc_sha256_elapsed_ns,2516.0000000000
122271474,13877701697898,btc_qm_engine,btc_leading_zeros,0.0000000000
122271475,13877701698873,btc_qm_engine,btc_orbital_scan_nonce,529366846.0000000000
122271476,13877701699130,btc_qm_engine,btc_sha256_elapsed_ns,1315.0000000000
122271477,13877701699811,btc_qm_engine,btc_sha256_nonce,3577356532.0000000000
122271478,13877701699973,btc_qm_engine,btc_leading_zeros,2.0000000000
122271479,13877701700119,btc_qm_engine,btc_sha256_elapsed_ns,1606.0000000000
122271480,13877701701050,btc_qm_engine,btc_sha256_nonce,25419964.0000000000
122271481,13877701701539,btc_qm_engine,btc_leading_zeros,0.0000000000
122271482,13877701701642,btc_qm_engine,btc_sha256_elapsed_ns,1297.0000000000
122271483,13877701701946,btc_qm_engine,btc_orbital_scan_nonce,529385927.0000000000
122271484,13877701702270,btc_qm_engine,btc_sha256_nonce,529366846.0000000000
122271485,13877701702427,btc_qm_engine,btc_leading_zeros,0.0000000000
122271486,13877701702589,btc_qm_engine,btc_sha256_elapsed_ns,2444.0000000000
122271487,13877701702952,btc_qm_engine,btc_sha256_nonce,3576986283.0000000000
122271488,13877701703738,btc_qm_engine,btc_leading_zeros,0.0000000000
122271489,13877701703997,btc_qm_engine,btc_sha256_nonce,529385927.0000000000
122271490,13877701704132,btc_qm_engine,btc_leading_zeros,0.0000000000
122271491,13877701704232,btc_qm_engine,btc_sha256_elapsed_ns,1296.0000000000
122271492,13877701704592,btc_qm_engine,btc_sha256_elapsed_ns,2284.0000000000
122271493,13877701705426,btc_qm_engine,btc_orbital_scan_nonce,529313890.0000000000
122271494,13877701705963,btc_qm_engine,btc_lebesgue_scan_nonce,0.0000000000
122271495,13877701706675,btc_qm_engine,btc_sha256_nonce,48526969.0000000000
122271496,13877701706908,btc_qm_engine,btc_leading_zeros,1.0000000000
122271497,13877701707540,btc_qm_engine,btc_leading_zeros,1.0000000000
122271498,13877701707910,btc_qm_engine,btc_sha256_elapsed_ns,2363.0000000000
122271499,13877701708408,btc_qm_engine,btc_sha256_nonce,529227933.0000000000
122271500,13877701709410,btc_qm_engine,btc_leading_zeros,2.0000000000
122271501,13877701711311,btc_qm_engine,btc_leading_zeros,4.0000000000
122271502,13877701712484,btc_qm_engine,btc_sha256_elapsed_ns,2341.0000000000
122271503,13877701712942,btc_qm_engine,btc_orbital_scan_nonce,529348079.0000000000
122271504,13877701713837,btc_qm_engine,btc_sha256_nonce,3577904556.0000000000
122271505,13877701714022,btc_qm_engine,btc_leading_zeros,0.0000000000
122271506,13877701714183,btc_qm_engine,btc_sha256_elapsed_ns,1604.0000000000
122271507,13877701714778,btc_qm_engine,btc_sha256_elapsed_ns,2012.0000000000
122271508,13877701715112,btc_qm_engine,btc_orbital_scan_nonce,529340503.0000000000
122271509,13877701715739,btc_qm_engine,btc_sha256_nonce,529348079.0000000000
122271510,13877701715908,btc_qm_engine,btc_leading_zeros,1.0000000000
122271511,13877701716071,btc_qm_engine,btc_sha256_elapsed_ns,2375.0000000000
122271512,13877701716350,btc_qm_engine,btc_sha256_nonce,529313890.0000000000
122271513,13877701716936,btc_qm_engine,btc_leading_zeros,0.0000000000
122271514,13877701717034,btc_qm_engine,btc_sha256_elapsed_ns,1288.0000000000
122271515,13877701717402,btc_qm_engine,btc_sha256_nonce,3578214219.0000000000
122271516,13877701717713,btc_qm_engine,btc_sha256_nonce,529340503.0000000000
122271517,13877701717872,btc_qm_engine,btc_leading_zeros,4.0000000000
122271518,13877701718070,btc_qm_engine,btc_sha256_elapsed_ns,2309.0000000000
122271519,13877701718366,btc_qm_engine,btc_leading_zeros,0.0000000000
122271520,13877701718535,btc_qm_engine,btc_sha256_elapsed_ns,2414.0000000000
122271521,13877701718780,btc_qm_engine,btc_lebesgue_scan_nonce,22.0000000000
122271522,13877701719044,btc_qm_engine,btc_sha256_nonce,46997599.0000000000
122271523,13877701719255,btc_qm_engine,btc_leading_zeros,3.0000000000
122271524,13877701719385,btc_qm_engine,btc_sha256_elapsed_ns,2344.0000000000
122271525,13877701720857,btc_qm_engine,btc_sha256_nonce,529280905.0000000000
122271526,13877701721342,btc_qm_engine,btc_leading_zeros,0.0000000000
122271527,13877701721510,btc_qm_engine,btc_sha256_elapsed_ns,1327.0000000000
122271528,13877701721863,btc_qm_engine,btc_sha256_elapsed_ns,2421.0000000000
122271529,13877701722134,btc_qm_engine,btc_orbital_scan_nonce,529377712.0000000000
122271530,13877701722381,btc_qm_engine,btc_sha256_nonce,3576664441.0000000000
122271531,13877701722942,btc_qm_engine,btc_sha256_nonce,3577489462.0000000000
122271532,13877701723701,btc_qm_engine,btc_sha256_nonce,46681944.0000000000
122271533,13877701724000,btc_qm_engine,btc_leading_zeros,0.0000000000
122271534,13877701724682,btc_qm_engine,btc_sha256_nonce,529377712.0000000000
122271535,13877701725336,btc_qm_engine,btc_leading_zeros,2.0000000000
122271536,13877701725436,btc_qm_engine,btc_sha256_elapsed_ns,1294.0000000000
122271537,13877701726025,btc_qm_engine,btc_sha256_nonce,47732320.0000000000
122271538,13877701726253,btc_qm_engine,btc_leading_zeros,0.0000000000
122271539,13877701726420,btc_qm_engine,btc_sha256_elapsed_ns,2454.0000000000
122271540,13877701727419,btc_qm_engine,btc_leading_zeros,0.0000000000
122271541,13877701727682,btc_qm_engine,btc_sha256_nonce,25557335.0000000000
122271542,13877701728248,btc_qm_engine,btc_sha256_elapsed_ns,2397.0000000000
122271543,13877701728844,btc_qm_engine,btc_orbital_scan_nonce,529340275.0000000000
122271544,13877701729971,btc_qm_engine,btc_sha256_elapsed_ns,2275.0000000000
122271545,13877701730265,btc_qm_engine,btc_leading_zeros,0.0000000000
122271546,13877701730792,btc_qm_engine,btc_sha256_elapsed_ns,1294.0000000000
122271547,13877701731068,btc_qm_engine,btc_orbital_scan_nonce,529301557.0000000000
122271548,13877701732493,btc_qm_engine,btc_sha256_nonce,24387697.0000000000
122271549,13877701732628,btc_qm_engine,btc_leading_zeros,0.0000000000
122271550,13877701732753,btc_qm_engine,btc_sha256_elapsed_ns,1298.0000000000
122271551,13877701732958,btc_qm_engine,btc_orbital_scan_nonce,529354475.0000000000
122271552,13877701733350,btc_qm_engine,btc_sha256_nonce,46800269.0000000000
122271553,13877701733880,btc_qm_engine,btc_sha256_nonce,529301557.0000000000
122271554,13877701734464,btc_qm_engine,btc_sha256_nonce,529354475.0000000000
122271555,13877701734925,btc_qm_engine,btc_leading_zeros,0.0000000000
122271556,13877701736175,btc_qm_engine,btc_sha256_nonce,529340275.0000000000
122271557,13877701736653,btc_qm_engine,btc_leading_zeros,0.0000000000
122271558,13877701736893,btc_qm_engine,btc_sha256_elapsed_ns,2483.0000000000
122271559,13877701737202,btc_qm_engine,btc_leading_zeros,1.0000000000
122271560,13877701737594,btc_qm_engine,btc_sha256_elapsed_ns,2365.0000000000
122271561,13877701739163,btc_qm_engine,btc_sha256_elapsed_ns,2458.0000000000
122271562,13877701740200,btc_qm_engine,btc_orbital_scan_nonce,529302194.0000000000
122271563,13877701742154,btc_qm_engine,btc_sha256_nonce,45863961.0000000000
122271564,13877701742313,btc_qm_engine,btc_leading_zeros,2.0000000000
122271565,13877701742438,btc_qm_engine,btc_sha256_elapsed_ns,2397.0000000000
122271566,13877701743766,btc_qm_engine,btc_sha256_nonce,529302194.0000000000
122271567,13877701743967,btc_qm_engine,btc_leading_zeros,0.0000000000
122271568,13877701744125,btc_qm_engine,btc_sha256_elapsed_ns,2309.0000000000
122271569,13877701745410,btc_qm_engine,btc_sha256_nonce,47607821.0000000000
122271570,13877701745563,btc_qm_engine,btc_leading_zeros,1.0000000000
122271571,13877701745718,btc_qm_engine,btc_sha256_elapsed_ns,2418.0000000000
122271572,13877701746766,btc_qm_engine,btc_sha256_nonce,48459722.0000000000
122271573,13877701746988,btc_qm_engine,btc_leading_zeros,0.0000000000
122271574,13877701747355,btc_qm_engine,btc_sha256_nonce,3576862192.0000000000
122271575,13877701748588,btc_qm_engine,btc_sha256_nonce,46500852.0000000000
122271576,13877701749097,btc_qm_engine,btc_leading_zeros,1.0000000000
122271577,13877701749445,btc_qm_engine,btc_leading_zeros,0.0000000000
122271578,13877701749607,btc_qm_engine,btc_sha256_elapsed_ns,2423.0000000000
122271579,13877701750097,btc_qm_engine,btc_leading_zeros,0.0000000000
122271580,13877701750742,btc_qm_engine,btc_orbital_scan_nonce,529311223.0000000000
122271581,13877701751130,btc_qm_engine,btc_sha256_elapsed_ns,2405.0000000000
122271582,13877701752061,btc_qm_engine,btc_leading_zeros,2.0000000000
122271583,13877701752952,btc_qm_engine,btc_sha256_nonce,529311223.0000000000
122271584,13877701753108,btc_qm_engine,btc_leading_zeros,1.0000000000
122271585,13877701753272,btc_qm_engine,btc_sha256_elapsed_ns,2436.0000000000
122271586,13877701754061,btc_qm_engine,btc_sha256_elapsed_ns,1982.0000000000
122271587,13877701754209,btc_qm_engine,btc_orbital_scan_nonce,529381895.0000000000
122271588,13877701754538,btc_qm_engine,btc_sha256_elapsed_ns,2368.0000000000
122271589,13877701755070,btc_qm_engine,btc_orbital_scan_nonce,529339999.0000000000
122271590,13877701755401,btc_qm_engine,btc_sha256_nonce,49121530.0000000000
122271591,13877701755562,btc_qm_engine,btc_leading_zeros,2.0000000000
122271592,13877701755717,btc_qm_engine,btc_sha256_elapsed_ns,2454.0000000000
122271593,13877701756075,btc_qm_engine,btc_orbital_scan_nonce,529336686.0000000000
122271594,13877701756905,btc_qm_engine,btc_sha256_nonce,529381895.0000000000
122271595,13877701757062,btc_qm_engine,btc_leading_zeros,1.0000000000
122271596,13877701757246,btc_qm_engine,btc_sha256_elapsed_ns,2350.0000000000
122271597,13877701757582,btc_qm_engine,btc_sha256_nonce,3576633021.0000000000
122271598,13877701758053,btc_qm_engine,btc_sha256_nonce,529339999.0000000000
122271599,13877701758762,btc_qm_engine,btc_orbital_scan_nonce,529312075.0000000000
122271600,13877701759201,btc_qm_engine,btc_sha256_elapsed_ns,1292.0000000000
122271601,13877701760433,btc_qm_engine,btc_leading_zeros,0.0000000000
122271602,13877701761144,btc_qm_engine,btc_sha256_nonce,529336686.0000000000
122271603,13877701761621,btc_qm_engine,btc_sha256_nonce,25168437.0000000000
122271604,13877701761978,btc_qm_engine,btc_sha256_nonce,529312075.0000000000
122271605,13877701762424,btc_qm_engine,btc_leading_zeros,1.0000000000
122271606,13877701763629,btc_qm_engine,btc_sha256_elapsed_ns,2438.0000000000
122271607,13877701763897,btc_qm_engine,btc_orbital_scan_nonce,529339112.0000000000
122271608,13877701765555,btc_qm_engine,btc_sha256_elapsed_ns,2346.0000000000
122271609,13877701766080,btc_qm_engine,btc_sha256_nonce,529339112.0000000000
122271610,13877701766438,btc_qm_engine,btc_leading_zeros,4.0000000000
122271611,13877701767392,btc_qm_engine,btc_leading_zeros,1.0000000000
122271612,13877701767674,btc_qm_engine,btc_sha256_elapsed_ns,2068.0000000000
122271613,13877701768019,btc_qm_engine,btc_lebesgue_scan_nonce,11.0000000000
122271614,13877701768533,btc_qm_engine,btc_sha256_nonce,47646852.0000000000
122271615,13877701768687,btc_qm_engine,btc_leading_zeros,0.0000000000
122271616,13877701768894,btc_qm_engine,btc_sha256_elapsed_ns,2351.0000000000
122271617,13877701769186,btc_qm_engine,btc_sha256_elapsed_ns,1869.0000000000
122271618,13877701769563,btc_qm_engine,btc_orbital_scan_nonce,529386097.0000000000
122271619,13877701770193,btc_qm_engine,btc_orbital_scan_nonce,529334844.0000000000
122271620,13877701770445,btc_qm_engine,btc_leading_zeros,0.0000000000
122271621,13877701770945,btc_qm_engine,btc_sha256_elapsed_ns,1319.0000000000
122271622,13877701771383,btc_qm_engine,btc_leading_zeros,1.0000000000
122271623,13877701771797,btc_qm_engine,btc_sha256_nonce,529514072.0000000000
122271624,13877701771945,btc_qm_engine,btc_leading_zeros,1.0000000000
122271625,13877701772183,btc_qm_engine,btc_sha256_elapsed_ns,2364.0000000000
122271626,13877701772669,btc_qm_engine,btc_sha256_nonce,25051152.0000000000
122271627,13877701773076,btc_qm_engine,btc_sha256_nonce,529334844.0000000000
122271628,13877701773371,btc_qm_engine,btc_sha256_nonce,529386097.0000000000
122271629,13877701774653,btc_qm_engine,btc_sha256_elapsed_ns,2378.0000000000
122271630,13877701775369,btc_qm_engine,btc_leading_zeros,2.0000000000
122271631,13877701775535,btc_qm_engine,btc_sha256_elapsed_ns,2357.0000000000
122271632,13877701775885,btc_qm_engine,btc_sha256_nonce,3577923520.0000000000
122271633,13877701776278,btc_qm_engine,btc_orbital_scan_nonce,529363823.0000000000
122271634,13877701776779,btc_qm_engine,btc_orbital_scan_nonce,529371316.0000000000
122271635,13877701777103,btc_qm_engine,btc_leading_zeros,1.0000000000
122271636,13877701777272,btc_qm_engine,btc_sha256_elapsed_ns,2278.0000000000
122271637,13877701777677,btc_qm_engine,btc_leading_zeros,1.0000000000
122271638,13877701778465,btc_qm_engine,btc_sha256_elapsed_ns,2106.0000000000
122271639,13877701779527,btc_qm_engine,btc_sha256_nonce,529363823.0000000000
122271640,13877701779729,btc_qm_engine,btc_leading_zeros,1.0000000000
122271641,13877701779890,btc_qm_engine,btc_sha256_elapsed_ns,2300.0000000000
122271642,13877701780224,btc_qm_engine,btc_sha256_nonce,49002751.0000000000
122271643,13877701780667,btc_qm_engine,btc_sha256_nonce,529371316.0000000000
122271644,13877701781223,btc_qm_engine,btc_sha256_nonce,3576525009.0000000000
122271645,13877701781567,btc_qm_engine,btc_leading_zeros,0.0000000000
122271646,13877701782830,btc_qm_engine,btc_sha256_elapsed_ns,2422.0000000000
122271647,13877701783994,btc_qm_engine,btc_sha256_nonce,47336001.0000000000
122271648,13877701784855,btc_qm_engine,btc_leading_zeros,4.0000000000
122271649,13877701785020,btc_qm_engine,btc_sha256_elapsed_ns,2405.0000000000
122271650,13877701785368,btc_qm_engine,btc_leading_zeros,2.0000000000
122271651,13877701785533,btc_qm_engine,btc_sha256_elapsed_ns,2229.0000000000
122271652,13877701785945,btc_qm_engine,btc_lebesgue_scan_nonce,21.0000000000
122271653,13877701786132,btc_qm_engine,btc_leading_zeros,1.0000000000
122271654,13877701786584,btc_qm_engine,btc_orbital_scan_nonce,529401557.0000000000
122271655,13877701787112,btc_qm_engine,btc_sha256_nonce,3577144205.0000000000
122271656,13877701787434,btc_qm_engine,btc_sha256_elapsed_ns,2387.0000000000
122271657,13877701787766,btc_qm_engine,btc_orbital_scan_nonce,529369763.0000000000
122271658,13877701788246,btc_qm_engine,btc_leading_zeros,1.0000000000
122271659,13877701788471,btc_qm_engine,btc_sha256_elapsed_ns,2019.0000000000
122271660,13877701788813,btc_qm_engine,btc_leading_zeros,0.0000000000
122271661,13877701789184,btc_qm_engine,btc_sha256_nonce,529362111.0000000000
122271662,13877701789576,btc_qm_engine,btc_sha256_elapsed_ns,1297.0000000000
122271663,13877701790538,btc_qm_engine,btc_sha256_nonce,529369763.0000000000
122271664,13877701791025,btc_qm_engine,btc_sha256_nonce,3578349199.0000000000
122271665,13877701791854,btc_qm_engine,btc_sha256_nonce,529401557.0000000000
122271666,13877701792132,btc_qm_engine,btc_leading_zeros,1.0000000000
122271667,13877701792334,btc_qm_engine,btc_sha256_elapsed_ns,2455.0000000000
122271668,13877701792594,btc_qm_engine,btc_lebesgue_scan_nonce,23.0000000000
122271669,13877701793895,btc_qm_engine,btc_leading_zeros,1.0000000000
122271670,13877701794063,btc_qm_engine,btc_sha256_elapsed_ns,2348.0000000000
122271671,13877701794401,btc_qm_engine,btc_orbital_scan_nonce,529349687.0000000000
122271672,13877701795508,btc_qm_engine,btc_sha256_nonce,48503448.0000000000
122271673,13877701796255,btc_qm_engine,btc_sha256_nonce,529305106.0000000000
122271674,13877701796621,btc_qm_engine,btc_leading_zeros,3.0000000000
122271675,13877701797133,btc_qm_engine,btc_sha256_nonce,529349687.0000000000
122271676,13877701797547,btc_qm_engine,btc_sha256_elapsed_ns,2507.0000000000
122271677,13877701797908,btc_qm_engine,btc_leading_zeros,0.0000000000
122271678,13877701798315,btc_qm_engine,btc_leading_zeros,0.0000000000
122271679,13877701799260,btc_qm_engine,btc_sha256_elapsed_ns,2324.0000000000
122271680,13877701799575,btc_qm_engine,btc_orbital_scan_nonce,529374379.0000000000
122271681,13877701800617,btc_qm_engine,btc_sha256_nonce,47670063.0000000000
122271682,13877701800783,btc_qm_engine,btc_leading_zeros,1.0000000000
122271683,13877701800937,btc_qm_engine,btc_sha256_elapsed_ns,2485.0000000000
122271684,13877701801399,btc_qm_engine,btc_lebesgue_scan_nonce,26.0000000000
122271685,13877701802293,btc_qm_engine,btc_sha256_nonce,529374379.0000000000
122271686,13877701802457,btc_qm_engine,btc_leading_zeros,0.0000000000
122271687,13877701802610,btc_qm_engine,btc_sha256_elapsed_ns,2385.0000000000
122271688,13877701802792,btc_qm_engine,btc_leading_zeros,0.0000000000
122271689,13877701803178,btc_qm_engine,btc_lebesgue_scan_nonce,27.0000000000
122271690,13877701803812,btc_qm_engine,btc_sha256_elapsed_ns,1316.0000000000
122271691,13877701804135,btc_qm_engine,btc_sha256_elapsed_ns,2238.0000000000
122271692,13877701804818,btc_qm_engine,btc_lebesgue_scan_nonce,7.0000000000
122271693,13877701805469,btc_qm_engine,btc_sha256_nonce,529363753.0000000000
122271694,13877701805923,btc_qm_engine,btc_sha256_nonce,529355025.0000000000
122271695,13877701806125,btc_qm_engine,btc_leading_zeros,2.0000000000
122271696,13877701806272,btc_qm_engine,btc_sha256_elapsed_ns,2357.0000000000
122271697,13877701806631,btc_qm_engine,btc_leading_zeros,0.0000000000
122271698,13877701806863,btc_qm_engine,btc_sha256_elapsed_ns,2440.0000000000
122271699,13877701807028,btc_qm_engine,btc_orbital_scan_nonce,529399220.0000000000
122271700,13877701808349,btc_qm_engine,btc_sha256_nonce,529355077.0000000000
122271701,13877701808498,btc_qm_engine,btc_leading_zeros,2.0000000000
122271702,13877701808635,btc_qm_engine,btc_sha256_elapsed_ns,2423.0000000000
122271703,13877701809124,btc_qm_engine,btc_sha256_nonce,529399220.0000000000
122271704,13877701809305,btc_qm_engine,btc_leading_zeros,2.0000000000
122271705,13877701809420,btc_qm_engine,btc_sha256_elapsed_ns,1300.0000000000
122271706,13877701809595,btc_qm_engine,btc_leading_zeros,0.0000000000
122271707,13877701809946,btc_qm_engine,btc_sha256_nonce,46965472.0000000000
122271708,13877701810233,btc_qm_engine,btc_sha256_nonce,47290084.0000000000
122271709,13877701810559,btc_qm_engine,btc_sha256_elapsed_ns,1955.0000000000
122271710,13877701811109,btc_qm_engine,btc_sha256_nonce,25112650.0000000000
122271711,13877701811248,btc_qm_engine,btc_leading_zeros,0.0000000000
122271712,13877701811688,btc_qm_engine,btc_leading_zeros,2.0000000000
122271713,13877701812099,btc_qm_engine,btc_sha256_elapsed_ns,1300.0000000000
122271714,13877701812289,btc_qm_engine,btc_leading_zeros,0.0000000000
122271715,13877701812895,btc_qm_engine,btc_sha256_nonce,3578003748.0000000000
122271716,13877701813267,btc_qm_engine,btc_sha256_elapsed_ns,2292.0000000000
122271717,13877701813807,btc_qm_engine,btc_leading_zeros,2.0000000000
122271718,13877701814428,btc_qm_engine,btc_orbital_scan_nonce,529359518.0000000000
122271719,13877701814708,btc_qm_engine,btc_sha256_nonce,25157335.0000000000
122271720,13877701815267,btc_qm_engine,btc_leading_zeros,0.0000000000
122271721,13877701815367,btc_qm_engine,btc_sha256_elapsed_ns,1297.0000000000
122271722,13877701815600,btc_qm_engine,btc_orbital_scan_nonce,529343309.0000000000
122271723,13877701817080,btc_qm_engine,btc_sha256_nonce,529359518.0000000000
122271724,13877701817343,btc_qm_engine,btc_sha256_nonce,529343309.0000000000
122271725,13877701817955,btc_qm_engine,btc_leading_zeros,0.0000000000
122271726,13877701818058,btc_qm_engine,btc_sha256_elapsed_ns,1296.0000000000
122271727,13877701818325,btc_qm_engine,btc_orbital_scan_nonce,529380133.0000000000
122271728,13877701819387,btc_qm_engine,btc_leading_zeros,1.0000000000
122271729,13877701819822,btc_qm_engine,btc_sha256_elapsed_ns,2049.0000000000
122271730,13877701820204,btc_qm_engine,btc_orbital_scan_nonce,529357957.0000000000
122271731,13877701820889,btc_qm_engine,btc_sha256_nonce,529380133.0000000000
122271732,13877701821067,btc_qm_engine,btc_leading_zeros,0.0000000000
122271733,13877701821189,btc_qm_engine,btc_sha256_elapsed_ns,1297.0000000000
122271734,13877701821982,btc_qm_engine,btc_lebesgue_scan_nonce,26.0000000000
122271735,13877701822151,btc_qm_engine,btc_sha256_elapsed_ns,2313.0000000000
122271736,13877701823103,btc_qm_engine,btc_orbital_scan_nonce,529369931.0000000000
122271737,13877701823398,btc_qm_engine,btc_sha256_nonce,529357957.0000000000
122271738,13877701824484,btc_qm_engine,btc_sha256_nonce,529330685.0000000000
122271739,13877701824743,btc_qm_engine,btc_leading_zeros,2.0000000000
122271740,13877701824909,btc_qm_engine,btc_sha256_elapsed_ns,1968.0000000000
122271741,13877701825222,btc_qm_engine,btc_leading_zeros,1.0000000000
122271742,13877701826189,btc_qm_engine,btc_sha256_nonce,529369931.0000000000
122271743,13877701826765,btc_qm_engine,btc_sha256_elapsed_ns,1294.0000000000
122271744,13877701828336,btc_qm_engine,btc_orbital_scan_nonce,529394693.0000000000
122271745,13877701830045,btc_qm_engine,btc_sha256_nonce,25600363.0000000000
122271746,13877701830184,btc_qm_engine,btc_leading_zeros,2.0000000000
122271747,13877701830314,btc_qm_engine,btc_sha256_elapsed_ns,1295.0000000000
122271748,13877701830522,btc_qm_engine,btc_orbital_scan_nonce,529301557.0000000000
122271749,13877701831570,btc_qm_engine,btc_sha256_nonce,529394693.0000000000
122271750,13877701831748,btc_qm_engine,btc_leading_zeros,0.0000000000
122271751,13877701831889,btc_qm_engine,btc_sha256_elapsed_ns,2324.0000000000
122271752,13877701832079,btc_qm_engine,btc_sha256_nonce,529301557.0000000000
122271753,13877701832353,btc_qm_engine,btc_orbital_scan_nonce,529341145.0000000000
122271754,13877701832792,btc_qm_engine,btc_leading_zeros,1.0000000000
122271755,13877701833343,btc_qm_engine,btc_leading_zeros,0.0000000000
122271756,13877701833800,btc_qm_engine,btc_sha256_elapsed_ns,2393.0000000000
122271757,13877701834753,btc_qm_engine,btc_sha256_elapsed_ns,1291.0000000000
122271758,13877701835579,btc_qm_engine,btc_sha256_nonce,529341145.0000000000
122271759,13877701835747,btc_qm_engine,btc_leading_zeros,0.0000000000
122271760,13877701835864,btc_qm_engine,btc_sha256_elapsed_ns,2010.0000000000
122271761,13877701836202,btc_qm_engine,btc_lebesgue_scan_nonce,17.0000000000
122271762,13877701836875,btc_qm_engine,btc_sha256_nonce,23508323.0000000000
122271763,13877701837040,btc_qm_engine,btc_leading_zeros,2.0000000000
122271764,13877701837135,btc_qm_engine,btc_sha256_elapsed_ns,1290.0000000000
122271765,13877701837561,btc_qm_engine,btc_sha256_nonce,46889601.0000000000
122271766,13877701837723,btc_qm_engine,btc_leading_zeros,0.0000000000
122271767,13877701837891,btc_qm_engine,btc_sha256_elapsed_ns,2352.0000000000
122271768,13877701838235,btc_qm_engine,btc_orbital_scan_nonce,529328346.0000000000
122271769,13877701838470,btc_qm_engine,btc_sha256_nonce,529328823.0000000000
122271770,13877701838625,btc_qm_engine,btc_leading_zeros,0.0000000000
122271771,13877701838769,btc_qm_engine,btc_sha256_elapsed_ns,1971.0000000000
122271772,13877701839834,btc_qm_engine,btc_sha256_nonce,24457965.0000000000
122271773,13877701840279,btc_qm_engine,btc_leading_zeros,1.0000000000
122271774,13877701840385,btc_qm_engine,btc_sha256_elapsed_ns,1293.0000000000
122271775,13877701840955,btc_qm_engine,btc_sha256_nonce,529328346.0000000000
122271776,13877701841121,btc_qm_engine,btc_leading_zeros,0.0000000000
122271777,13877701841280,btc_qm_engine,btc_sha256_elapsed_ns,2387.0000000000
122271778,13877701841969,btc_qm_engine,btc_sha256_elapsed_ns,2445.0000000000
122271779,13877701842533,btc_qm_engine,btc_sha256_nonce,3576567276.0000000000
122271780,13877701842892,btc_qm_engine,btc_leading_zeros,2.0000000000
122271781,13877701843089,btc_qm_engine,btc_sha256_nonce,24765605.0000000000
122271782,13877701843760,btc_qm_engine,btc_lebesgue_scan_nonce,19.0000000000
122271783,13877701844092,btc_qm_engine,btc_leading_zeros,4.0000000000
122271784,13877701844445,btc_qm_engine,btc_sha256_elapsed_ns,1291.0000000000
122271785,13877701844987,btc_qm_engine,btc_orbital_scan_nonce,529381885.0000000000
122271786,13877701845766,btc_qm_engine,btc_sha256_elapsed_ns,2289.0000000000
122271787,13877701847050,btc_qm_engine,btc_sha256_nonce,23569212.0000000000
122271788,13877701847183,btc_qm_engine,btc_leading_zeros,0.0000000000
122271789,13877701847325,btc_qm_engine,btc_sha256_elapsed_ns,1295.0000000000
122271790,13877701847890,btc_qm_engine,btc_sha256_nonce,529349940.0000000000
122271791,13877701848058,btc_qm_engine,btc_leading_zeros,0.0000000000
122271792,13877701848222,btc_qm_engine,btc_sha256_elapsed_ns,2447.0000000000
122271793,13877701849169,btc_qm_engine,btc_sha256_nonce,24839374.0000000000
122271794,13877701849445,btc_qm_engine,btc_sha256_nonce,529381885.0000000000
122271795,13877701849897,btc_qm_engine,btc_leading_zeros,0.0000000000
122271796,13877701850049,btc_qm_engine,btc_sha256_elapsed_ns,1298.0000000000
122271797,13877701850465,btc_qm_engine,btc_sha256_nonce,3577959691.0000000000
122271798,13877701851473,btc_qm_engine,btc_leading_zeros,1.0000000000
122271799,13877701851783,btc_qm_engine,btc_sha256_nonce,25602833.0000000000
122271800,13877701851996,btc_qm_engine,btc_leading_zeros,0.0000000000
122271801,13877701852246,btc_qm_engine,btc_sha256_nonce,48501717.0000000000
122271802,13877701852753,btc_qm_engine,btc_sha256_elapsed_ns,2023.0000000000
122271803,13877701854028,btc_qm_engine,btc_sha256_elapsed_ns,1295.0000000000
122271804,13877701854529,btc_qm_engine,btc_orbital_scan_nonce,529340928.0000000000
122271805,13877701856182,btc_qm_engine,btc_sha256_nonce,25288981.0000000000
122271806,13877701856332,btc_qm_engine,btc_leading_zeros,1.0000000000
122271807,13877701856432,btc_qm_engine,btc_sha256_elapsed_ns,1293.0000000000
122271808,13877701856660,btc_qm_engine,btc_orbital_scan_nonce,529331215.0000000000
122271809,13877701856993,btc_qm_engine,btc_sha256_nonce,529340928.0000000000
122271810,13877701857362,btc_qm_engine,btc_leading_zeros,4.0000000000
122271811,13877701857533,btc_qm_engine,btc_sha256_elapsed_ns,2474.0000000000
122271812,13877701857813,btc_qm_engine,btc_leading_zeros,0.0000000000
122271813,13877701858262,btc_qm_engine,btc_orbital_scan_nonce,529366434.0000000000
122271814,13877701858630,btc_qm_engine,btc_sha256_nonce,529331215.0000000000
122271815,13877701859342,btc_qm_engine,btc_sha256_elapsed_ns,1942.0000000000
122271816,13877701859678,btc_qm_engine,btc_leading_zeros,0.0000000000
122271817,13877701859811,btc_qm_engine,btc_sha256_elapsed_ns,1295.0000000000
122271818,13877701860033,btc_qm_engine,btc_orbital_scan_nonce,529352324.0000000000
122271819,13877701860334,btc_qm_engine,btc_lebesgue_scan_nonce,17.0000000000
122271820,13877701861586,btc_qm_engine,btc_sha256_nonce,529352324.0000000000
122271821,13877701861712,btc_qm_engine,btc_leading_zeros,2.0000000000
122271822,13877701861811,btc_qm_engine,btc_sha256_elapsed_ns,1296.0000000000
122271823,13877701862220,btc_qm_engine,btc_sha256_nonce,529366434.0000000000
122271824,13877701862397,btc_qm_engine,btc_leading_zeros,2.0000000000
122271825,13877701862705,btc_qm_engine,btc_sha256_elapsed_ns,2505.0000000000
122271826,13877701863039,btc_qm_engine,btc_leading_zeros,2.0000000000
122271827,13877701863542,btc_qm_engine,btc_sha256_nonce,23694448.0000000000
122271828,13877701863799,btc_qm_engine,btc_orbital_scan_nonce,529332839.0000000000
122271829,13877701864175,btc_qm_engine,btc_leading_zeros,0.0000000000
122271830,13877701864470,btc_qm_engine,btc_sha256_elapsed_ns,2342.0000000000
122271831,13877701864867,btc_qm_engine,btc_orbital_scan_nonce,529371911.0000000000
122271832,13877701865124,btc_qm_engine,btc_sha256_nonce,529377270.0000000000
122271833,13877701866086,btc_qm_engine,btc_sha256_elapsed_ns,1293.0000000000
122271834,13877701866434,btc_qm_engine,btc_leading_zeros,0.0000000000
122271835,13877701866696,btc_qm_engine,btc_sha256_nonce,529332839.0000000000
122271836,13877701866864,btc_qm_engine,btc_leading_zeros,0.0000000000
122271837,13877701867618,btc_qm_engine,btc_sha256_nonce,529371911.0000000000
122271838,13877701867949,btc_qm_engine,btc_sha256_elapsed_ns,2453.0000000000
122271839,13877701868312,btc_qm_engine,btc_orbital_scan_nonce,529380838.0000000000
122271840,13877701868825,btc_qm_engine,btc_leading_zeros,0.0000000000
122271841,13877701869003,btc_qm_engine,btc_sha256_elapsed_ns,2357.0000000000
122271842,13877701869283,btc_qm_engine,btc_sha256_elapsed_ns,1953.0000000000
122271843,13877701870432,btc_qm_engine,btc_orbital_scan_nonce,529339981.0000000000
122271844,13877701871877,btc_qm_engine,btc_sha256_nonce,529339981.0000000000
122271845,13877701872283,btc_qm_engine,btc_leading_zeros,0.0000000000
122271846,13877701873142,btc_qm_engine,btc_sha256_nonce,46977412.0000000000
122271847,13877701873961,btc_qm_engine,btc_sha256_elapsed_ns,1299.0000000000
122271848,13877701874269,btc_qm_engine,btc_leading_zeros,1.0000000000
122271849,13877701874424,btc_qm_engine,btc_sha256_elapsed_ns,2384.0000000000
122271850,13877701875488,btc_qm_engine,btc_sha256_nonce,529380838.0000000000
122271851,13877701875670,btc_qm_engine,btc_leading_zeros,0.0000000000
122271852,13877701875822,btc_qm_engine,btc_sha256_elapsed_ns,2464.0000000000
122271853,13877701876542,btc_qm_engine,btc_sha256_nonce,25263005.0000000000
122271854,13877701877103,btc_qm_engine,btc_sha256_nonce,3577978336.0000000000
122271855,13877701877359,btc_qm_engine,btc_leading_zeros,3.0000000000
122271856,13877701877854,btc_qm_engine,btc_sha256_elapsed_ns,1297.0000000000
122271857,13877701878690,btc_qm_engine,btc_leading_zeros,1.0000000000
122271858,13877701878954,btc_qm_engine,btc_sha256_nonce,47489861.0000000000
122271859,13877701879345,btc_qm_engine,btc_sha256_elapsed_ns,1301.0000000000
122271860,13877701879625,btc_qm_engine,btc_orbital_scan_nonce,529334649.0000000000
122271861,13877701879901,btc_qm_engine,btc_orbital_scan_nonce,529318572.0000000000
122271862,13877701880339,btc_qm_engine,btc_leading_zeros,0.0000000000
122271863,13877701880508,btc_qm_engine,btc_sha256_elapsed_ns,2540.0000000000
122271864,13877701881283,btc_qm_engine,btc_sha256_nonce,529334649.0000000000
122271865,13877701881417,btc_qm_engine,btc_leading_zeros,0.0000000000
122271866,13877701881617,btc_qm_engine,btc_sha256_elapsed_ns,1295.0000000000
122271867,13877701882209,btc_qm_engine,btc_sha256_nonce,529318572.0000000000
122271868,13877701882373,btc_qm_engine,btc_leading_zeros,1.0000000000
122271869,13877701882478,btc_qm_engine,btc_sha256_elapsed_ns,1348.0000000000
122271870,13877701883234,btc_qm_engine,btc_orbital_scan_nonce,529370397.0000000000
122271871,13877701883436,btc_qm_engine,btc_sha256_nonce,46317079.0000000000
122271872,13877701883829,btc_qm_engine,btc_sha256_nonce,3577784129.0000000000
122271873,13877701883963,btc_qm_engine,btc_leading_zeros,1.0000000000
122271874,13877701884062,btc_qm_engine,btc_sha256_elapsed_ns,1299.0000000000
122271875,13877701884307,btc_qm_engine,btc_leading_zeros,3.0000000000
122271876,13877701884612,btc_qm_engine,btc_sha256_nonce,48813335.0000000000
122271877,13877701885061,btc_qm_engine,btc_sha256_nonce,529370397.0000000000
122271878,13877701885803,btc_qm_engine,btc_sha256_nonce,3578401087.0000000000
122271879,13877701886410,btc_qm_engine,btc_leading_zeros,0.0000000000
122271880,13877701886766,btc_qm_engine,btc_leading_zeros,0.0000000000
122271881,13877701887492,btc_qm_engine,btc_leading_zeros,0.0000000000
122271882,13877701887944,btc_qm_engine,btc_sha256_elapsed_ns,2500.0000000000
122271883,13877701888290,btc_qm_engine,btc_sha256_elapsed_ns,1292.0000000000
122271884,13877701888735,btc_qm_engine,btc_sha256_elapsed_ns,2376.0000000000
122271885,13877701889006,btc_qm_engine,btc_sha256_elapsed_ns,1299.0000000000
122271886,13877701889292,btc_qm_engine,btc_lebesgue_scan_nonce,19.0000000000
122271887,13877701890003,btc_qm_engine,btc_sha256_nonce,3577759686.0000000000
122271888,13877701890137,btc_qm_engine,btc_leading_zeros,0.0000000000
122271889,13877701890274,btc_qm_engine,btc_sha256_elapsed_ns,1295.0000000000
122271890,13877701890838,btc_qm_engine,btc_sha256_nonce,529437073.0000000000
122271891,13877701891250,btc_qm_engine,btc_leading_zeros,2.0000000000
122271892,13877701891723,btc_qm_engine,btc_sha256_elapsed_ns,1294.0000000000
122271893,13877701892016,btc_qm_engine,btc_sha256_nonce,3576904542.0000000000
122271894,13877701892418,btc_qm_engine,btc_sha256_nonce,47072096.0000000000
122271895,13877701892580,btc_qm_engine,btc_leading_zeros,0.0000000000
122271896,13877701892849,btc_qm_engine,btc_leading_zeros,0.0000000000
122271897,13877701893336,btc_qm_engine,btc_sha256_nonce,47057920.0000000000
122271898,13877701893630,btc_qm_engine,btc_sha256_nonce,23540203.0000000000
122271899,13877701894242,btc_qm_engine,btc_sha256_elapsed_ns,1292.0000000000
122271900,13877701895575,btc_qm_engine,btc_leading_zeros,0.0000000000
122271901,13877701895702,btc_qm_engine,btc_sha256_elapsed_ns,1295.0000000000
122271902,13877701897362,btc_qm_engine,btc_sha256_nonce,3578020037.0000000000
122271903,13877701897697,btc_qm_engine,btc_sha256_nonce,24411225.0000000000
122271904,13877701898688,btc_qm_engine,btc_leading_zeros,2.0000000000
122271905,13877701898936,btc_qm_engine,btc_leading_zeros,1.0000000000
122271906,13877701899079,btc_qm_engine,btc_sha256_elapsed_ns,1292.0000000000
122271907,13877701899345,btc_qm_engine,btc_orbital_scan_nonce,529360757.0000000000
122271908,13877701899640,btc_qm_engine,btc_leading_zeros,0.0000000000
122271909,13877701899783,btc_qm_engine,btc_sha256_elapsed_ns,2442.0000000000
122271910,13877701900127,btc_qm_engine,btc_sha256_elapsed_ns,1288.0000000000
122271911,13877701901492,btc_qm_engine,btc_sha256_nonce,529360757.0000000000
122271912,13877701901625,btc_qm_engine,btc_leading_zeros,0.0000000000
122271913,13877701901767,btc_qm_engine,btc_sha256_elapsed_ns,1301.0000000000
122271914,13877701902415,btc_qm_engine,btc_sha256_nonce,3577599698.0000000000
122271915,13877701902563,btc_qm_engine,btc_leading_zeros,0.0000000000
122271916,13877701902669,btc_qm_engine,btc_sha256_elapsed_ns,1290.0000000000
122271917,13877701902947,btc_qm_engine,btc_sha256_nonce,47225443.0000000000
122271918,13877701903494,btc_qm_engine,btc_sha256_nonce,24095960.0000000000
122271919,13877701903634,btc_qm_engine,btc_leading_zeros,3.0000000000
122271920,13877701903942,btc_qm_engine,btc_leading_zeros,0.0000000000
122271921,13877701904547,btc_qm_engine,btc_sha256_nonce,3578505268.0000000000
122271922,13877701904908,btc_qm_engine,btc_sha256_elapsed_ns,2474.0000000000
122271923,13877701905305,btc_qm_engine,btc_lebesgue_scan_nonce,0.0000000000
122271924,13877701905719,btc_qm_engine,btc_leading_zeros,2.0000000000
122271925,13877701905848,btc_qm_engine,btc_sha256_elapsed_ns,1287.0000000000
122271926,13877701906125,btc_qm_engine,btc_sha256_elapsed_ns,1291.0000000000
122271927,13877701906543,btc_qm_engine,btc_sha256_elapsed_ns,2481.0000000000
122271928,13877701907687,btc_qm_engine,btc_sha256_nonce,3576702425.0000000000
122271929,13877701907815,btc_qm_engine,btc_leading_zeros,1.0000000000
122271930,13877701907919,btc_qm_engine,btc_sha256_elapsed_ns,1292.0000000000
122271931,13877701908242,btc_qm_engine,btc_sha256_nonce,23590868.0000000000
122271932,13877701908378,btc_qm_engine,btc_leading_zeros,3.0000000000
122271933,13877701908508,btc_qm_engine,btc_sha256_elapsed_ns,1288.0000000000
122271934,13877701908767,btc_qm_engine,btc_lebesgue_scan_nonce,20.0000000000
122271935,13877701909071,btc_qm_engine,btc_sha256_nonce,529348294.0000000000
122271936,13877701909242,btc_qm_engine,btc_leading_zeros,0.0000000000
122271937,13877701909410,btc_qm_engine,btc_sha256_elapsed_ns,2509.0000000000
122271938,13877701909710,btc_qm_engine,btc_sha256_nonce,3578191106.0000000000
122271939,13877701910092,btc_qm_engine,btc_orbital_scan_nonce,529350672.0000000000
122271940,13877701910494,btc_qm_engine,btc_sha256_nonce,529436055.0000000000
122271941,13877701911512,btc_qm_engine,btc_sha256_nonce,45837171.0000000000
122271942,13877701912142,btc_qm_engine,btc_leading_zeros,1.0000000000
122271943,13877701912533,btc_qm_engine,btc_leading_zeros,3.0000000000
122271944,13877701912862,btc_qm_engine,btc_sha256_elapsed_ns,1288.0000000000
122271945,13877701913127,btc_qm_engine,btc_sha256_elapsed_ns,1292.0000000000
122271946,13877701913438,btc_qm_engine,btc_leading_zeros,4.0000000000
122271947,13877701914167,btc_qm_engine,btc_sha256_elapsed_ns,2394.0000000000
122271948,13877701914594,btc_qm_engine,btc_orbital_scan_nonce,529321508.0000000000
122271949,13877701915133,btc_qm_engine,btc_sha256_nonce,24622964.0000000000
122271950,13877701916033,btc_qm_engine,btc_sha256_nonce,3577766026.0000000000
122271951,13877701916320,btc_qm_engine,btc_leading_zeros,0.0000000000
122271952,13877701916469,btc_qm_engine,btc_sha256_elapsed_ns,1299.0000000000
122271953,13877701916737,btc_qm_engine,btc_leading_zeros,0.0000000000
122271954,13877701916897,btc_qm_engine,btc_sha256_elapsed_ns,1299.0000000000
122271955,13877701917347,btc_qm_engine,btc_orbital_scan_nonce,529333493.0000000000
122271956,13877701918167,btc_qm_engine,btc_sha256_nonce,529321508.0000000000
122271957,13877701918357,btc_qm_engine,btc_sha256_nonce,529350672.0000000000
122271958,13877701918743,btc_qm_engine,btc_sha256_nonce,3577467944.0000000000
122271959,13877701918894,btc_qm_engine,btc_leading_zeros,1.0000000000
122271960,13877701918992,btc_qm_engine,btc_sha256_elapsed_ns,1294.0000000000
122271961,13877701919318,btc_qm_engine,btc_leading_zeros,4.0000000000
122271962,13877701919683,btc_qm_engine,btc_leading_zeros,4.0000000000
122271963,13877701920158,btc_qm_engine,btc_sha256_nonce,529333493.0000000000
122271964,13877701920402,btc_qm_engine,btc_sha256_elapsed_ns,2494.0000000000
122271965,13877701920800,btc_qm_engine,btc_sha256_elapsed_ns,2388.0000000000
122271966,13877701921871,btc_qm_engine,btc_leading_zeros,1.0000000000
122271967,13877701922484,btc_qm_engine,btc_sha256_elapsed_ns,1302.0000000000
122271968,13877701922732,btc_qm_engine,btc_sha256_nonce,3576577564.0000000000
122271969,13877701923318,btc_qm_engine,btc_leading_zeros,1.0000000000
122271970,13877701923422,btc_qm_engine,btc_sha256_elapsed_ns,1289.0000000000
122271971,13877701923655,btc_qm_engine,btc_sha256_nonce,47566131.0000000000
122271972,13877701923825,btc_qm_engine,btc_leading_zeros,0.0000000000
122271973,13877701923992,btc_qm_engine,btc_sha256_elapsed_ns,2440.0000000000
122271974,13877701924242,btc_qm_engine,btc_sha256_nonce,24987156.0000000000
122271975,13877701924385,btc_qm_engine,btc_leading_zeros,4.0000000000
122271976,13877701924483,btc_qm_engine,btc_sha256_elapsed_ns,1288.0000000000
122271977,13877701925017,btc_qm_engine,btc_sha256_nonce,46114238.0000000000
122271978,13877701925375,btc_qm_engine,btc_sha256_nonce,3576622981.0000000000
122271979,13877701925869,btc_qm_engine,btc_leading_zeros,0.0000000000
122271980,13877701925970,btc_qm_engine,btc_sha256_elapsed_ns,1290.0000000000
122271981,13877701926188,btc_qm_engine,btc_sha256_nonce,24317491.0000000000
122271982,13877701927040,btc_qm_engine,btc_sha256_nonce,47637572.0000000000
122271983,13877701927205,btc_qm_engine,btc_leading_zeros,2.0000000000
122271984,13877701927357,btc_qm_engine,btc_sha256_elapsed_ns,2493.0000000000
122271985,13877701927612,btc_qm_engine,btc_leading_zeros,2.0000000000
122271986,13877701927767,btc_qm_engine,btc_sha256_elapsed_ns,1287.0000000000
122271987,13877701927952,btc_qm_engine,btc_leading_zeros,1.0000000000
122271988,13877701929026,btc_qm_engine,btc_sha256_elapsed_ns,2417.0000000000
122271989,13877701929508,btc_qm_engine,btc_sha256_nonce,24469446.0000000000
122271990,13877701929658,btc_qm_engine,btc_leading_zeros,2.0000000000
122271991,13877701929755,btc_qm_engine,btc_sha256_elapsed_ns,1292.0000000000
122271992,13877701931329,btc_qm_engine,btc_sha256_nonce,25532535.0000000000
122271993,13877701931429,btc_qm_engine,btc_leading_zeros,0.0000000000
122271994,13877701931529,btc_qm_engine,btc_sha256_elapsed_ns,1292.0000000000
122271995,13877701932041,btc_qm_engine,btc_sha256_nonce,46864431.0000000000
122271996,13877701932242,btc_qm_engine,btc_leading_zeros,0.0000000000
122271997,13877701932401,btc_qm_engine,btc_sha256_elapsed_ns,2401.0000000000
122271998,13877701933302,btc_qm_engine,btc_orbital_scan_nonce,529318937.0000000000
122271999,13877701934064,btc_qm_engine,btc_sha256_nonce,24881366.0000000000
122272000,13877701934719,btc_qm_engine,btc_leading_zeros,0.0000000000
122272001,13877701934864,btc_qm_engine,btc_sha256_elapsed_ns,1286.0000000000
122272002,13877701935106,btc_qm_engine,btc_lebesgue_scan_nonce,23.0000000000
122272003,13877701935337,btc_qm_engine,btc_sha256_nonce,47015437.0000000000
122272004,13877701935512,btc_qm_engine,btc_leading_zeros,3.0000000000
122272005,13877701935660,btc_qm_engine,btc_sha256_elapsed_ns,2364.0000000000
122272006,13877701936614,btc_qm_engine,btc_sha256_nonce,529358196.0000000000
122272007,13877701936758,btc_qm_engine,btc_leading_zeros,0.0000000000
122272008,13877701936894,btc_qm_engine,btc_sha256_elapsed_ns,1293.0000000000
122272009,13877701937257,btc_qm_engine,btc_sha256_nonce,529318937.0000000000
122272010,13877701937994,btc_qm_engine,btc_leading_zeros,0.0000000000
122272011,13877701938188,btc_qm_engine,btc_sha256_elapsed_ns,2464.0000000000
122272012,13877701938586,btc_qm_engine,btc_sha256_nonce,46843928.0000000000
122272013,13877701938844,btc_qm_engine,btc_sha256_nonce,24716903.0000000000
122272014,13877701939820,btc_qm_engine,btc_orbital_scan_nonce,529379191.0000000000
122272015,13877701940252,btc_qm_engine,btc_leading_zeros,0.0000000000
122272016,13877701940384,btc_qm_engine,btc_sha256_elapsed_ns,1296.0000000000
122272017,13877701941190,btc_qm_engine,btc_sha256_nonce,47217798.0000000000
122272018,13877701942065,btc_qm_engine,btc_sha256_nonce,529379191.0000000000
122272019,13877701942205,btc_qm_engine,btc_leading_zeros,0.0000000000
122272020,13877701942301,btc_qm_engine,btc_sha256_elapsed_ns,1320.0000000000
122272021,13877701942686,btc_qm_engine,btc_sha256_nonce,24105809.0000000000
122272022,13877701943708,btc_qm_engine,btc_leading_zeros,0.0000000000
122272023,13877701944008,btc_qm_engine,btc_leading_zeros,1.0000000000
122272024,13877701944478,btc_qm_engine,btc_sha256_elapsed_ns,2364.0000000000
122272025,13877701944933,btc_qm_engine,btc_sha256_elapsed_ns,1297.0000000000
122272026,13877701945222,btc_qm_engine,btc_sha256_nonce,3576661395.0000000000
122272027,13877701946535,btc_qm_engine,btc_orbital_scan_nonce,529336842.0000000000
122272028,13877701946820,btc_qm_engine,btc_leading_zeros,4.0000000000
122272029,13877701946972,btc_qm_engine,btc_sha256_elapsed_ns,1291.0000000000
122272030,13877701948644,btc_qm_engine,btc_sha256_nonce,3577229289.0000000000
122272031,13877701948750,btc_qm_engine,btc_leading_zeros,0.0000000000
122272032,13877701948848,btc_qm_engine,btc_sha256_elapsed_ns,1298.0000000000
122272033,13877701949077,btc_qm_engine,btc_orbital_scan_nonce,529341697.0000000000
122272034,13877701949793,btc_qm_engine,btc_sha256_nonce,529336842.0000000000
122272035,13877701950008,btc_qm_engine,btc_leading_zeros,1.0000000000
122272036,13877701950182,btc_qm_engine,btc_sha256_elapsed_ns,2271.0000000000
122272037,13877701950630,btc_qm_engine,btc_sha256_nonce,529341697.0000000000
122272038,13877701950793,btc_qm_engine,btc_leading_zeros,1.0000000000
122272039,13877701950891,btc_qm_engine,btc_sha256_elapsed_ns,1293.0000000000
122272040,13877701951163,btc_qm_engine,btc_lebesgue_scan_nonce,16.0000000000
122272041,13877701951913,btc_qm_engine,btc_sha256_nonce,23597485.0000000000
122272042,13877701952065,btc_qm_engine,btc_leading_zeros,0.0000000000
122272043,13877701952164,btc_qm_engine,btc_sha256_elapsed_ns,1297.0000000000
122272044,13877701952743,btc_qm_engine,btc_sha256_nonce,529365058.0000000000
122272045,13877701952871,btc_qm_engine,btc_leading_zeros,4.0000000000
122272046,13877701953175,btc_qm_engine,btc_sha256_elapsed_ns,1292.0000000000
122272047,13877701953871,btc_qm_engine,btc_sha256_nonce,24048928.0000000000
122272048,13877701954026,btc_qm_engine,btc_leading_zeros,1.0000000000
122272049,13877701954127,btc_qm_engine,btc_sha256_elapsed_ns,1293.0000000000
122272050,13877701955105,btc_qm_engine,btc_sha256_nonce,46275053.0000000000
122272051,13877701955847,btc_qm_engine,btc_leading_zeros,1.0000000000
122272052,13877701956405,btc_qm_engine,btc_sha256_nonce,25251989.0000000000
122272053,13877701956926,btc_qm_engine,btc_sha256_nonce,3577929708.0000000000
122272054,13877701957182,btc_qm_engine,btc_leading_zeros,0.0000000000
122272055,13877701957523,btc_qm_engine,btc_leading_zeros,0.0000000000
122272056,13877701958025,btc_qm_engine,btc_sha256_elapsed_ns,1299.0000000000
122272057,13877701959409,btc_qm_engine,btc_sha256_elapsed_ns,2356.0000000000
122272058,13877701959859,btc_qm_engine,btc_orbital_scan_nonce,529363436.0000000000
122272059,13877701961380,btc_qm_engine,btc_sha256_nonce,529363436.0000000000
122272060,13877701961473,btc_qm_engine,btc_leading_zeros,4.0000000000
122272061,13877701961598,btc_qm_engine,btc_sha256_elapsed_ns,1297.0000000000
122272062,13877701962086,btc_qm_engine,btc_sha256_elapsed_ns,2481.0000000000
122272063,13877701962480,btc_qm_engine,btc_orbital_scan_nonce,529377171.0000000000
122272064,13877701963014,btc_qm_engine,btc_sha256_nonce,45829031.0000000000
122272065,13877701963172,btc_qm_engine,btc_leading_zeros,0.0000000000
122272066,13877701963563,btc_qm_engine,btc_sha256_nonce,25089874.0000000000
122272067,13877701964050,btc_qm_engine,btc_leading_zeros,0.0000000000
122272068,13877701964224,btc_qm_engine,btc_sha256_elapsed_ns,1292.0000000000
122272069,13877701964408,btc_qm_engine,btc_sha256_elapsed_ns,2398.0000000000
122272070,13877701965326,btc_qm_engine,btc_sha256_nonce,529377171.0000000000
122272071,13877701965575,btc_qm_engine,btc_lebesgue_scan_nonce,6.0000000000
122272072,13877701966043,btc_qm_engine,btc_leading_zeros,0.0000000000
122272073,13877701966687,btc_qm_engine,btc_sha256_nonce,25043542.0000000000
122272074,13877701966945,btc_qm_engine,btc_sha256_elapsed_ns,2494.0000000000
122272075,13877701967275,btc_qm_engine,btc_leading_zeros,0.0000000000
122272076,13877701967594,btc_qm_engine,btc_lebesgue_scan_nonce,20.0000000000
122272077,13877701968353,btc_qm_engine,btc_sha256_elapsed_ns,1291.0000000000
122272078,13877701969044,btc_qm_engine,btc_orbital_scan_nonce,529373409.0000000000
122272079,13877701969542,btc_qm_engine,btc_sha256_nonce,529421413.0000000000
122272080,13877701970135,btc_qm_engine,btc_leading_zeros,0.0000000000
122272081,13877701970547,btc_qm_engine,btc_leading_zeros,1.0000000000
122272082,13877701970994,btc_qm_engine,btc_sha256_elapsed_ns,1291.0000000000
122272083,13877701971362,btc_qm_engine,btc_sha256_nonce,529373409.0000000000
122272084,13877701972000,btc_qm_engine,btc_leading_zeros,0.0000000000
122272085,13877701972100,btc_qm_engine,btc_sha256_elapsed_ns,1296.0000000000
122272086,13877701972586,btc_qm_engine,btc_sha256_nonce,529257354.0000000000
122272087,13877701973038,btc_qm_engine,btc_sha256_elapsed_ns,2423.0000000000
122272088,13877701973284,btc_qm_engine,btc_sha256_nonce,3576341107.0000000000
122272089,13877701973423,btc_qm_engine,btc_leading_zeros,4.0000000000
122272090,13877701973733,btc_qm_engine,btc_sha256_elapsed_ns,1316.0000000000
122272091,13877701974144,btc_qm_engine,btc_leading_zeros,0.0000000000
122272092,13877701974859,btc_qm_engine,btc_sha256_nonce,25133943.0000000000
122272093,13877701975144,btc_qm_engine,btc_sha256_elapsed_ns,2464.0000000000
122272094,13877701975728,btc_qm_engine,btc_sha256_nonce,3577315861.0000000000
122272095,13877701975874,btc_qm_engine,btc_leading_zeros,0.0000000000
122272096,13877701975983,btc_qm_engine,btc_sha256_elapsed_ns,1332.0000000000
122272097,13877701977617,btc_qm_engine,btc_sha256_nonce,3577245956.0000000000
122272098,13877701977717,btc_qm_engine,btc_leading_zeros,0.0000000000
122272099,13877701977818,btc_qm_engine,btc_sha256_elapsed_ns,1289.0000000000
122272100,13877701978177,btc_qm_engine,btc_sha256_nonce,49030959.0000000000
122272101,13877701978334,btc_qm_engine,btc_leading_zeros,0.0000000000
122272102,13877701978498,btc_qm_engine,btc_sha256_elapsed_ns,2451.0000000000
122272103,13877701978853,btc_qm_engine,btc_orbital_scan_nonce,529323091.0000000000
122272104,13877701979542,btc_qm_engine,btc_sha256_nonce,3577865891.0000000000
122272105,13877701980603,btc_qm_engine,btc_leading_zeros,0.0000000000
122272106,13877701980871,btc_qm_engine,btc_leading_zeros,1.0000000000
122272107,13877701981020,btc_qm_engine,btc_sha256_elapsed_ns,1291.0000000000
122272108,13877701981329,btc_qm_engine,btc_sha256_elapsed_ns,1289.0000000000
122272109,13877701981678,btc_qm_engine,btc_sha256_nonce,529323091.0000000000
122272110,13877701981855,btc_qm_engine,btc_leading_zeros,0.0000000000
122272111,13877701982017,btc_qm_engine,btc_sha256_elapsed_ns,2440.0000000000
122272112,13877701982432,btc_qm_engine,btc_lebesgue_scan_nonce,1.0000000000
122272113,13877701983184,btc_qm_engine,btc_lebesgue_scan_nonce,24.0000000000
122272114,13877701984822,btc_qm_engine,btc_sha256_nonce,529409356.0000000000
122272115,13877701984972,btc_qm_engine,btc_leading_zeros,0.0000000000
122272116,13877701985492,btc_qm_engine,btc_sha256_nonce,47145091.0000000000
122272117,13877701986395,btc_qm_engine,btc_sha256_nonce,529395329.0000000000
122272118,13877701987401,btc_qm_engine,btc_sha256_elapsed_ns,1300.0000000000
122272119,13877701988326,btc_qm_engine,btc_leading_zeros,0.0000000000
122272120,13877701988811,btc_qm_engine,btc_sha256_elapsed_ns,1314.0000000000
122272121,13877701989062,btc_qm_engine,btc_lebesgue_scan_nonce,2.0000000000
122272122,13877701990564,btc_qm_engine,btc_sha256_nonce,24420711.0000000000
122272123,13877701990720,btc_qm_engine,btc_leading_zeros,0.0000000000
122272124,13877701990820,btc_qm_engine,btc_sha256_elapsed_ns,1299.0000000000
122272125,13877701991054,btc_qm_engine,btc_sha256_nonce,529524636.0000000000
122272126,13877701991200,btc_qm_engine,btc_leading_zeros,1.0000000000
122272127,13877701991300,btc_qm_engine,btc_sha256_elapsed_ns,1295.0000000000
122272128,13877701991621,btc_qm_engine,btc_orbital_scan_nonce,529331483.0000000000
122272129,13877701991945,btc_qm_engine,btc_leading_zeros,0.0000000000
122272130,13877701992576,btc_qm_engine,btc_sha256_nonce,24908786.0000000000
122272131,13877701992853,btc_qm_engine,btc_sha256_elapsed_ns,2461.0000000000
122272132,13877701993336,btc_qm_engine,btc_sha256_nonce,529331483.0000000000
122272133,13877701993535,btc_qm_engine,btc_leading_zeros,0.0000000000
122272134,13877701993634,btc_qm_engine,btc_sha256_elapsed_ns,1296.0000000000
122272135,13877701993836,btc_qm_engine,btc_leading_zeros,0.0000000000
122272136,13877701994366,btc_qm_engine,btc_sha256_elapsed_ns,1286.0000000000
122272137,13877701994628,btc_qm_engine,btc_lebesgue_scan_nonce,17.0000000000
122272138,13877701995353,btc_qm_engine,btc_sha256_nonce,3576974994.0000000000
122272139,13877701995517,btc_qm_engine,btc_leading_zeros,0.0000000000
122272140,13877701995617,btc_qm_engine,btc_sha256_elapsed_ns,1284.0000000000
122272141,13877701996190,btc_qm_engine,btc_sha256_nonce,529439576.0000000000
122272142,13877701996330,btc_qm_engine,btc_leading_zeros,4.0000000000
122272143,13877701996430,btc_qm_engine,btc_sha256_elapsed_ns,1289.0000000000
122272144,13877701996899,btc_qm_engine,btc_sha256_nonce,47243607.0000000000
122272145,13877701997075,btc_qm_engine,btc_leading_zeros,0.0000000000
122272146,13877701997235,btc_qm_engine,btc_sha256_elapsed_ns,2513.0000000000
122272147,13877701997582,btc_qm_engine,btc_sha256_nonce,3577218985.0000000000
122272148,13877701998234,btc_qm_engine,btc_leading_zeros,0.0000000000
122272149,13877701998445,btc_qm_engine,btc_lebesgue_scan_nonce,1.0000000000
122272150,13877701999033,btc_qm_engine,btc_sha256_nonce,24529619.0000000000
122272151,13877701999590,btc_qm_engine,btc_leading_zeros,1.0000000000
122272152,13877701999687,btc_qm_engine,btc_sha256_elapsed_ns,1294.0000000000
122272153,13877701999950,btc_qm_engine,btc_sha256_elapsed_ns,1289.0000000000
122272154,13877702008825,btc_qm_engine,btc_sha256_nonce,529532939.0000000000
122272155,13877702009417,btc_qm_engine,btc_sha256_nonce,48021615.0000000000
122272156,13877702009579,btc_qm_engine,btc_leading_zeros,1.0000000000
122272157,13877702009927,btc_qm_engine,btc_leading_zeros,1.0000000000
122272158,13877702010655,btc_qm_engine,btc_sha256_nonce,3577098611.0000000000
122272159,13877702010808,btc_qm_engine,btc_leading_zeros,0.0000000000
122272160,13877702010905,btc_qm_engine,btc_sha256_elapsed_ns,1301.0000000000
122272161,13877702011345,btc_qm_engine,btc_sha256_elapsed_ns,9363.0000000000
122272162,13877702011715,btc_qm_engine,btc_orbital_scan_nonce,529380809.0000000000
122272163,13877702012459,btc_qm_engine,btc_orbital_scan_nonce,529301557.0000000000
122272164,13877702014312,btc_qm_engine,btc_sha256_nonce,529380809.0000000000
122272165,13877702014442,btc_qm_engine,btc_leading_zeros,1.0000000000
122272166,13877702014539,btc_qm_engine,btc_sha256_elapsed_ns,1299.0000000000
122272167,13877702014790,btc_qm_engine,btc_lebesgue_scan_nonce,25.0000000000
122272168,13877702015905,btc_qm_engine,btc_sha256_nonce,529301557.0000000000
122272169,13877702016058,btc_qm_engine,btc_leading_zeros,0.0000000000
122272170,13877702016205,btc_qm_engine,btc_sha256_elapsed_ns,2418.0000000000
122272171,13877702016975,btc_qm_engine,btc_orbital_scan_nonce,529334204.0000000000
122272172,13877702017210,btc_qm_engine,btc_sha256_nonce,529341157.0000000000
122272173,13877702017487,btc_qm_engine,btc_orbital_scan_nonce,529370733.0000000000
122272174,13877702017770,btc_qm_engine,btc_leading_zeros,4.0000000000
122272175,13877702017908,btc_qm_engine,btc_sha256_elapsed_ns,1294.0000000000
122272176,13877702019757,btc_qm_engine,btc_sha256_nonce,529334204.0000000000
122272177,13877702020040,btc_qm_engine,btc_sha256_nonce,3578392494.0000000000
122272178,13877702020452,btc_qm_engine,btc_sha256_nonce,529370733.0000000000
122272179,13877702021693,btc_qm_engine,btc_leading_zeros,3.0000000000
122272180,13877702022085,btc_qm_engine,btc_leading_zeros,2.0000000000
122272181,13877702022659,btc_qm_engine,btc_sha256_elapsed_ns,2456.0000000000
122272182,13877702023304,btc_qm_engine,btc_sha256_elapsed_ns,11495.0000000000
122272183,13877702024213,btc_qm_engine,btc_leading_zeros,2.0000000000
122272184,13877702024820,btc_qm_engine,btc_sha256_elapsed_ns,1509.0000000000
122272185,13877702027303,btc_qm_engine,btc_sha256_nonce,48418515.0000000000
122272186,13877702027585,btc_qm_engine,btc_sha256_nonce,3576691444.0000000000
122272187,13877702028408,btc_qm_engine,btc_leading_zeros,0.0000000000
122272188,13877702029832,btc_qm_engine,btc_lebesgue_scan_nonce,14.0000000000
122272189,13877702033848,btc_qm_engine,btc_sha256_elapsed_ns,2134.0000000000
122272190,13877702034660,btc_qm_engine,btc_sha256_nonce,529391051.0000000000
122272191,13877702035132,btc_qm_engine,btc_orbital_scan_nonce,529348848.0000000000
122272192,13877702035558,btc_qm_engine,btc_sha256_elapsed_ns,2102.0000000000
122272193,13877702036562,btc_qm_engine,btc_leading_zeros,1.0000000000
122272194,13877702036859,btc_qm_engine,btc_sha256_nonce,529348848.0000000000
122272195,13877702037002,btc_qm_engine,btc_leading_zeros,1.0000000000
122272196,13877702037100,btc_qm_engine,btc_sha256_elapsed_ns,1320.0000000000
122272197,13877702037342,btc_qm_engine,btc_orbital_scan_nonce,529367850.0000000000
122272198,13877702037700,btc_qm_engine,btc_sha256_elapsed_ns,2309.0000000000
122272199,13877702037940,btc_qm_engine,btc_sha256_nonce,3578196494.0000000000
122272200,13877702038112,btc_qm_engine,btc_leading_zeros,2.0000000000
122272201,13877702038211,btc_qm_engine,btc_sha256_elapsed_ns,1299.0000000000
122272202,13877702038470,btc_qm_engine,btc_orbital_scan_nonce,529363975.0000000000
122272203,13877702038732,btc_qm_engine,btc_lebesgue_scan_nonce,23.0000000000
122272204,13877702039094,btc_qm_engine,btc_sha256_nonce,529367850.0000000000
122272205,13877702039229,btc_qm_engine,btc_leading_zeros,0.0000000000
122272206,13877702039359,btc_qm_engine,btc_sha256_elapsed_ns,1298.0000000000
122272207,13877702040061,btc_qm_engine,btc_sha256_nonce,529363975.0000000000
122272208,13877702040193,btc_qm_engine,btc_leading_zeros,0.0000000000
122272209,13877702040320,btc_qm_engine,btc_sha256_elapsed_ns,1331.0000000000
122272210,13877702040580,btc_qm_engine,btc_orbital_scan_nonce,529359649.0000000000
122272211,13877702041478,btc_qm_engine,btc_sha256_nonce,529426785.0000000000
122272212,13877702041633,btc_qm_engine,btc_leading_zeros,1.0000000000
122272213,13877702041766,btc_qm_engine,btc_sha256_elapsed_ns,2396.0000000000
122272214,13877702042176,btc_qm_engine,btc_sha256_nonce,529359649.0000000000
122272215,13877702042325,btc_qm_engine,btc_leading_zeros,4.0000000000
122272216,13877702042452,btc_qm_engine,btc_sha256_elapsed_ns,1288.0000000000
122272217,13877702042724,btc_qm_engine,btc_orbital_scan_nonce,529352274.0000000000
122272218,13877702043141,btc_qm_engine,btc_leading_zeros,0.0000000000
122272219,13877702044003,btc_qm_engine,btc_sha256_elapsed_ns,2477.0000000000
122272220,13877702044272,btc_qm_engine,btc_sha256_nonce,529352274.0000000000
122272221,13877702044404,btc_qm_engine,btc_leading_zeros,1.0000000000
122272222,13877702044534,btc_qm_engine,btc_sha256_elapsed_ns,1290.0000000000
122272223,13877702044843,btc_qm_engine,btc_sha256_nonce,47272495.0000000000
122272224,13877702045863,btc_qm_engine,btc_lebesgue_scan_nonce,10.0000000000
122272225,13877702046100,btc_qm_engine,btc_leading_zeros,1.0000000000
122272226,13877702046265,btc_qm_engine,btc_sha256_elapsed_ns,2352.0000000000
122272227,13877702046639,btc_qm_engine,btc_lebesgue_scan_nonce,16.0000000000
122272228,13877702047135,btc_qm_engine,btc_sha256_nonce,47322411.0000000000
122272229,13877702047300,btc_qm_engine,btc_leading_zeros,0.0000000000
122272230,13877702047461,btc_qm_engine,btc_sha256_elapsed_ns,2515.0000000000
122272231,13877702047869,btc_qm_engine,btc_sha256_nonce,529426880.0000000000
122272232,13877702048034,btc_qm_engine,btc_leading_zeros,3.0000000000
122272233,13877702048169,btc_qm_engine,btc_sha256_elapsed_ns,1294.0000000000
122272234,13877702049403,btc_qm_engine,btc_sha256_nonce,529314343.0000000000
122272235,13877702049575,btc_qm_engine,btc_leading_zeros,3.0000000000
122272236,13877702049742,btc_qm_engine,btc_sha256_elapsed_ns,2399.0000000000
122272237,13877702050029,btc_qm_engine,btc_sha256_nonce,3577930777.0000000000
122272238,13877702050188,btc_qm_engine,btc_leading_zeros,0.0000000000
122272239,13877702050288,btc_qm_engine,btc_sha256_elapsed_ns,1289.0000000000
122272240,13877702050589,btc_qm_engine,btc_sha256_nonce,47084070.0000000000
122272241,13877702051639,btc_qm_engine,btc_orbital_scan_nonce,529391973.0000000000
122272242,13877702051943,btc_qm_engine,btc_leading_zeros,1.0000000000
122272243,13877702052121,btc_qm_engine,btc_sha256_elapsed_ns,2502.0000000000
122272244,13877702052474,btc_qm_engine,btc_orbital_scan_nonce,529374012.0000000000
122272245,13877702052854,btc_qm_engine,btc_sha256_nonce,46550986.0000000000
122272246,13877702053580,btc_qm_engine,btc_leading_zeros,1.0000000000
122272247,13877702053843,btc_qm_engine,btc_sha256_nonce,529391973.0000000000
122272248,13877702054237,btc_qm_engine,btc_leading_zeros,0.0000000000
122272249,13877702054676,btc_qm_engine,btc_sha256_elapsed_ns,1292.0000000000
122272250,13877702055070,btc_qm_engine,btc_sha256_elapsed_ns,2320.0000000000
122272251,13877702055415,btc_qm_engine,btc_sha256_nonce,529374012.0000000000
122272252,13877702055582,btc_qm_engine,btc_leading_zeros,0.0000000000
122272253,13877702055739,btc_qm_engine,btc_sha256_elapsed_ns,2455.0000000000
122272254,13877702056469,btc_qm_engine,btc_sha256_nonce,3576390167.0000000000
122272255,13877702056612,btc_qm_engine,btc_leading_zeros,1.0000000000
122272256,13877702056749,btc_qm_engine,btc_sha256_elapsed_ns,1284.0000000000
122272257,13877702058393,btc_qm_engine,btc_sha256_nonce,3577507681.0000000000
122272258,13877702058498,btc_qm_engine,btc_leading_zeros,1.0000000000
122272259,13877702058607,btc_qm_engine,btc_sha256_elapsed_ns,1289.0000000000
122272260,13877702058959,btc_qm_engine,btc_sha256_nonce,46182302.0000000000
122272261,13877702060131,btc_qm_engine,btc_sha256_nonce,49029494.0000000000
122272262,13877702060390,btc_qm_engine,btc_sha256_nonce,3577883180.0000000000
122272263,13877702061050,btc_qm_engine,btc_leading_zeros,1.0000000000
122272264,13877702061371,btc_qm_engine,btc_leading_zeros,3.0000000000
122272265,13877702062645,btc_qm_engine,btc_sha256_elapsed_ns,1283.0000000000
122272266,13877702063872,btc_qm_engine,btc_orbital_scan_nonce,529354790.0000000000
122272267,13877702065368,btc_qm_engine,btc_sha256_nonce,529354790.0000000000
122272268,13877702065462,btc_qm_engine,btc_leading_zeros,2.0000000000
122272269,13877702065588,btc_qm_engine,btc_sha256_elapsed_ns,1294.0000000000
122272270,13877702065810,btc_qm_engine,btc_orbital_scan_nonce,529344733.0000000000
122272271,13877702067258,btc_qm_engine,btc_sha256_nonce,529344733.0000000000
122272272,13877702067350,btc_qm_engine,btc_leading_zeros,0.0000000000
122272273,13877702067454,btc_qm_engine,btc_sha256_elapsed_ns,1297.0000000000
122272274,13877702068444,btc_qm_engine,btc_sha256_elapsed_ns,2448.0000000000
122272275,13877702069239,btc_qm_engine,btc_sha256_nonce,3576502810.0000000000
122272276,13877702069381,btc_qm_engine,btc_leading_zeros,4.0000000000
122272277,13877702069524,btc_qm_engine,btc_sha256_elapsed_ns,1296.0000000000
122272278,13877702069760,btc_qm_engine,btc_lebesgue_scan_nonce,9.0000000000
122272279,13877702071213,btc_qm_engine,btc_sha256_nonce,529359107.0000000000
122272280,13877702071309,btc_qm_engine,btc_leading_zeros,0.0000000000
122272281,13877702071607,btc_qm_engine,btc_sha256_nonce,47021705.0000000000
122272282,13877702072617,btc_qm_engine,btc_sha256_elapsed_ns,1292.0000000000
122272283,13877702072993,btc_qm_engine,btc_leading_zeros,3.0000000000
122272284,13877702073700,btc_qm_engine,btc_sha256_elapsed_ns,2460.0000000000
122272285,13877702074068,btc_qm_engine,btc_orbital_scan_nonce,529367729.0000000000
122272286,13877702074883,btc_qm_engine,btc_sha256_nonce,3576656860.0000000000
122272287,13877702075164,btc_qm_engine,btc_leading_zeros,1.0000000000
122272288,13877702076005,btc_qm_engine,btc_leading_zeros,0.0000000000
122272289,13877702076766,btc_qm_engine,btc_sha256_elapsed_ns,1289.0000000000
122272290,13877702077131,btc_qm_engine,btc_sha256_elapsed_ns,2339.0000000000
122272291,13877702077510,btc_qm_engine,btc_sha256_nonce,529367729.0000000000
122272292,13877702077697,btc_qm_engine,btc_leading_zeros,1.0000000000
122272293,13877702077853,btc_qm_engine,btc_sha256_elapsed_ns,2437.0000000000
122272294,13877702078618,btc_qm_engine,btc_sha256_nonce,3578149405.0000000000
122272295,13877702078774,btc_qm_engine,btc_leading_zeros,1.0000000000
122272296,13877702078901,btc_qm_engine,btc_sha256_elapsed_ns,1296.0000000000
122272297,13877702079172,btc_qm_engine,btc_lebesgue_scan_nonce,27.0000000000
122272298,13877702080651,btc_qm_engine,btc_sha256_nonce,46000148.0000000000
122272299,13877702081044,btc_qm_engine,btc_sha256_nonce,48980749.0000000000
122272300,13877702081217,btc_qm_engine,btc_leading_zeros,0.0000000000
122272301,13877702081436,btc_qm_engine,btc_sha256_elapsed_ns,2469.0000000000
122272302,13877702081733,btc_qm_engine,btc_sha256_nonce,529354681.0000000000
122272303,13877702082038,btc_qm_engine,btc_leading_zeros,0.0000000000
122272304,13877702082250,btc_qm_engine,btc_sha256_elapsed_ns,2378.0000000000
122272305,13877702083149,btc_qm_engine,btc_leading_zeros,1.0000000000
122272306,13877702083783,btc_qm_engine,btc_sha256_elapsed_ns,1292.0000000000
122272307,13877702084528,btc_qm_engine,btc_sha256_nonce,48740572.0000000000
122272308,13877702084700,btc_qm_engine,btc_leading_zeros,2.0000000000
122272309,13877702085858,btc_qm_engine,btc_orbital_scan_nonce,529369495.0000000000
122272310,13877702086394,btc_qm_engine,btc_sha256_elapsed_ns,2528.0000000000
122272311,13877702087535,btc_qm_engine,btc_orbital_scan_nonce,529315346.0000000000
122272312,13877702090238,btc_qm_engine,btc_sha256_nonce,529315346.0000000000
122272313,13877702090399,btc_qm_engine,btc_leading_zeros,0.0000000000
122272314,13877702090559,btc_qm_engine,btc_sha256_elapsed_ns,2447.0000000000
122272315,13877702090959,btc_qm_engine,btc_lebesgue_scan_nonce,25.0000000000
122272316,13877702093399,btc_qm_engine,btc_sha256_nonce,529369495.0000000000
122272317,13877702093560,btc_qm_engine,btc_leading_zeros,0.0000000000
122272318,13877702093835,btc_qm_engine,btc_sha256_nonce,529364520.0000000000
122272319,13877702094998,btc_qm_engine,btc_sha256_elapsed_ns,2353.0000000000
122272320,13877702095359,btc_qm_engine,btc_leading_zeros,0.0000000000
122272321,13877702096076,btc_qm_engine,btc_orbital_scan_nonce,529322660.0000000000
122272322,13877702096433,btc_qm_engine,btc_sha256_elapsed_ns,2417.0000000000
122272323,13877702096866,btc_qm_engine,btc_sha256_nonce,3576964525.0000000000
122272324,13877702097594,btc_qm_engine,btc_leading_zeros,0.0000000000
122272325,13877702097695,btc_qm_engine,btc_sha256_elapsed_ns,1292.0000000000
122272326,13877702098015,btc_qm_engine,btc_lebesgue_scan_nonce,22.0000000000
122272327,13877702099528,btc_qm_engine,btc_sha256_nonce,529322660.0000000000
122272328,13877702099807,btc_qm_engine,btc_sha256_nonce,3578281280.0000000000
122272329,13877702100445,btc_qm_engine,btc_leading_zeros,1.0000000000
122272330,13877702100617,btc_qm_engine,btc_sha256_elapsed_ns,1310.0000000000
122272331,13877702100818,btc_qm_engine,btc_leading_zeros,0.0000000000
122272332,13877702101403,btc_qm_engine,btc_sha256_nonce,529276409.0000000000
122272333,13877702101561,btc_qm_engine,btc_leading_zeros,0.0000000000
122272334,13877702101730,btc_qm_engine,btc_sha256_elapsed_ns,2462.0000000000
122272335,13877702102367,btc_qm_engine,btc_sha256_nonce,3578478677.0000000000
122272336,13877702102608,btc_qm_engine,btc_leading_zeros,1.0000000000
122272337,13877702102709,btc_qm_engine,btc_sha256_elapsed_ns,1304.0000000000
122272338,13877702102970,btc_qm_engine,btc_sha256_elapsed_ns,2421.0000000000
122272339,13877702103938,btc_qm_engine,btc_orbital_scan_nonce,529387332.0000000000
122272340,13877702104353,btc_qm_engine,btc_orbital_scan_nonce,529351506.0000000000
122272341,13877702106000,btc_qm_engine,btc_sha256_nonce,48520029.0000000000
122272342,13877702106783,btc_qm_engine,btc_sha256_nonce,529387332.0000000000
122272343,13877702107165,btc_qm_engine,btc_sha256_nonce,529351506.0000000000
122272344,13877702107526,btc_qm_engine,btc_leading_zeros,0.0000000000
122272345,13877702107673,btc_qm_engine,btc_sha256_elapsed_ns,1293.0000000000
122272346,13877702107969,btc_qm_engine,btc_leading_zeros,0.0000000000
122272347,13877702108154,btc_qm_engine,btc_leading_zeros,1.0000000000
122272348,13877702108512,btc_qm_engine,btc_sha256_elapsed_ns,2322.0000000000
122272349,13877702109028,btc_qm_engine,btc_sha256_elapsed_ns,2483.0000000000
122272350,13877702109533,btc_qm_engine,btc_orbital_scan_nonce,529371453.0000000000
122272351,13877702110283,btc_qm_engine,btc_sha256_nonce,3576655259.0000000000
122272352,13877702110950,btc_qm_engine,btc_leading_zeros,0.0000000000
122272353,13877702111088,btc_qm_engine,btc_sha256_elapsed_ns,1291.0000000000
122272354,13877702111348,btc_qm_engine,btc_lebesgue_scan_nonce,5.0000000000
122272355,13877702112033,btc_qm_engine,btc_sha256_nonce,46329497.0000000000
122272356,13877702112190,btc_qm_engine,btc_leading_zeros,1.0000000000
122272357,13877702112355,btc_qm_engine,btc_sha256_elapsed_ns,2422.0000000000
122272358,13877702112734,btc_qm_engine,btc_orbital_scan_nonce,529348901.0000000000
122272359,13877702113094,btc_qm_engine,btc_sha256_nonce,529496792.0000000000
122272360,13877702113579,btc_qm_engine,btc_leading_zeros,2.0000000000
122272361,13877702113723,btc_qm_engine,btc_sha256_elapsed_ns,1286.0000000000
122272362,13877702114027,btc_qm_engine,btc_lebesgue_scan_nonce,27.0000000000
122272363,13877702114210,btc_qm_engine,btc_sha256_nonce,529371453.0000000000
122272364,13877702114979,btc_qm_engine,btc_leading_zeros,4.0000000000
122272365,13877702115151,btc_qm_engine,btc_sha256_elapsed_ns,2458.0000000000
122272366,13877702115445,btc_qm_engine,btc_sha256_nonce,529348901.0000000000
122272367,13877702115684,btc_qm_engine,btc_sha256_nonce,529340415.0000000000
122272368,13877702116373,btc_qm_engine,btc_leading_zeros,1.0000000000
122272369,13877702116587,btc_qm_engine,btc_sha256_elapsed_ns,1296.0000000000
122272370,13877702116765,btc_qm_engine,btc_leading_zeros,1.0000000000
122272371,13877702117528,btc_qm_engine,btc_sha256_elapsed_ns,2299.0000000000
122272372,13877702118155,btc_qm_engine,btc_sha256_nonce,48271397.0000000000
122272373,13877702118315,btc_qm_engine,btc_leading_zeros,0.0000000000
122272374,13877702118478,btc_qm_engine,btc_sha256_elapsed_ns,2441.0000000000
122272375,13877702120480,btc_qm_engine,btc_sha256_nonce,47141225.0000000000
122272376,13877702120649,btc_qm_engine,btc_leading_zeros,0.0000000000
122272377,13877702120802,btc_qm_engine,btc_sha256_elapsed_ns,2358.0000000000
122272378,13877702121497,btc_qm_engine,btc_sha256_nonce,47874247.0000000000
122272379,13877702121685,btc_qm_engine,btc_leading_zeros,2.0000000000
122272380,13877702121839,btc_qm_engine,btc_sha256_elapsed_ns,2451.0000000000
122272381,13877702123770,btc_qm_engine,btc_sha256_nonce,45959726.0000000000
122272382,13877702123938,btc_qm_engine,btc_leading_zeros,1.0000000000
122272383,13877702124095,btc_qm_engine,btc_sha256_elapsed_ns,2394.0000000000
122272384,13877702124996,btc_qm_engine,btc_sha256_nonce,48964138.0000000000
122272385,13877702125167,btc_qm_engine,btc_leading_zeros,4.0000000000
122272386,13877702125321,btc_qm_engine,btc_sha256_elapsed_ns,2536.0000000000
122272387,13877702126974,btc_qm_engine,btc_sha256_nonce,46029760.0000000000
122272388,13877702127147,btc_qm_engine,btc_leading_zeros,0.0000000000
122272389,13877702127305,btc_qm_engine,btc_sha256_elapsed_ns,2319.0000000000
122272390,13877702128362,btc_qm_engine,btc_sha256_nonce,49009242.0000000000
122272391,13877702128542,btc_qm_engine,btc_leading_zeros,0.0000000000
122272392,13877702128688,btc_qm_engine,btc_sha256_elapsed_ns,2455.0000000000
122272393,13877702130192,btc_qm_engine,btc_sha256_nonce,47397872.0000000000
122272394,13877702130369,btc_qm_engine,btc_leading_zeros,0.0000000000
122272395,13877702130528,btc_qm_engine,btc_sha256_elapsed_ns,2326.0000000000
122272396,13877702130820,btc_qm_engine,btc_orbital_scan_nonce,529359146.0000000000
122272397,13877702131817,btc_qm_engine,btc_sha256_nonce,47239902.0000000000
122272398,13877702131994,btc_qm_engine,btc_leading_zeros,1.0000000000
122272399,13877702132153,btc_qm_engine,btc_sha256_elapsed_ns,2542.0000000000
122272400,13877702132505,btc_qm_engine,btc_orbital_scan_nonce,529360720.0000000000
122272401,13877702133568,btc_qm_engine,btc_sha256_nonce,529359146.0000000000
122272402,13877702133725,btc_qm_engine,btc_leading_zeros,0.0000000000
122272403,13877702133914,btc_qm_engine,btc_sha256_elapsed_ns,2409.0000000000
122272404,13877702134249,btc_qm_engine,btc_orbital_scan_nonce,529379428.0000000000
122272405,13877702135408,btc_qm_engine,btc_sha256_nonce,529360720.0000000000
122272406,13877702135619,btc_qm_engine,btc_leading_zeros,9.0000000000
122272407,13877702135790,btc_qm_engine,btc_sha256_elapsed_ns,2466.0000000000
122272408,13877702136132,btc_qm_engine,btc_orbital_scan_nonce,529358841.0000000000
122272409,13877702136987,btc_qm_engine,btc_sha256_nonce,529379428.0000000000
122272410,13877702137154,btc_qm_engine,btc_leading_zeros,0.0000000000
122272411,13877702137303,btc_qm_engine,btc_sha256_elapsed_ns,2373.0000000000
122272412,13877702138946,btc_qm_engine,btc_sha256_nonce,529358841.0000000000
122272413,13877702139100,btc_qm_engine,btc_leading_zeros,0.0000000000
122272414,13877702139255,btc_qm_engine,btc_sha256_elapsed_ns,2458.0000000000
122272415,13877702140299,btc_qm_engine,btc_sha256_nonce,46565797.0000000000
122272416,13877702140500,btc_qm_engine,btc_leading_zeros,9.0000000000
122272417,13877702140659,btc_qm_engine,btc_sha256_elapsed_ns,2345.0000000000
122272418,13877702142283,btc_qm_engine,btc_sha256_nonce,47971156.0000000000
122272419,13877702142478,btc_qm_engine,btc_leading_zeros,0.0000000000
122272420,13877702142625,btc_qm_engine,btc_sha256_elapsed_ns,2458.0000000000
122272421,13877702142992,btc_qm_engine,btc_lebesgue_scan_nonce,23.0000000000
122272422,13877702143630,btc_qm_engine,btc_sha256_nonce,46922870.0000000000
122272423,13877702143798,btc_qm_engine,btc_leading_zeros,2.0000000000
122272424,13877702143950,btc_qm_engine,btc_sha256_elapsed_ns,2411.0000000000
122272425,13877702144305,btc_qm_engine,btc_orbital_scan_nonce,529401557.0000000000
122272426,13877702145395,btc_qm_engine,btc_sha256_nonce,529420423.0000000000
122272427,13877702145612,btc_qm_engine,btc_leading_zeros,0.0000000000
122272428,13877702145747,btc_qm_engine,btc_sha256_elapsed_ns,2063.0000000000
122272429,13877702146040,btc_qm_engine,btc_orbital_scan_nonce,529319171.0000000000
122272430,13877702147025,btc_qm_engine,btc_sha256_nonce,529401557.0000000000
122272431,13877702147186,btc_qm_engine,btc_leading_zeros,1.0000000000
122272432,13877702147347,btc_qm_engine,btc_sha256_elapsed_ns,2356.0000000000
122272433,13877702147724,btc_qm_engine,btc_lebesgue_scan_nonce,17.0000000000
122272434,13877702148460,btc_qm_engine,btc_sha256_nonce,529319171.0000000000
122272435,13877702148644,btc_qm_engine,btc_leading_zeros,0.0000000000
122272436,13877702148788,btc_qm_engine,btc_sha256_elapsed_ns,2091.0000000000
122272437,13877702150394,btc_qm_engine,btc_sha256_nonce,529294150.0000000000
122272438,13877702150559,btc_qm_engine,btc_leading_zeros,2.0000000000
122272439,13877702150697,btc_qm_engine,btc_sha256_elapsed_ns,2319.0000000000
122272440,13877702151744,btc_qm_engine,btc_sha256_nonce,47399017.0000000000
122272441,13877702151914,btc_qm_engine,btc_leading_zeros,0.0000000000
122272442,13877702152058,btc_qm_engine,btc_sha256_elapsed_ns,2414.0000000000
122272443,13877702152403,btc_qm_engine,btc_orbital_scan_nonce,529387239.0000000000
122272444,13877702153612,btc_qm_engine,btc_sha256_nonce,46808327.0000000000
122272445,13877702153764,btc_qm_engine,btc_leading_zeros,2.0000000000
122272446,13877702153910,btc_qm_engine,btc_sha256_elapsed_ns,2385.0000000000
122272447,13877702154242,btc_qm_engine,btc_orbital_scan_nonce,529396465.0000000000
122272448,13877702155228,btc_qm_engine,btc_sha256_nonce,529387239.0000000000
122272449,13877702155403,btc_qm_engine,btc_leading_zeros,1.0000000000
122272450,13877702155553,btc_qm_engine,btc_sha256_elapsed_ns,2481.0000000000
122272451,13877702156947,btc_qm_engine,btc_sha256_nonce,529396465.0000000000
122272452,13877702157107,btc_qm_engine,btc_leading_zeros,3.0000000000
122272453,13877702157259,btc_qm_engine,btc_sha256_elapsed_ns,2347.0000000000
122272454,13877702157635,btc_qm_engine,btc_lebesgue_scan_nonce,11.0000000000
122272455,13877702158597,btc_qm_engine,btc_sha256_nonce,47043682.0000000000
122272456,13877702158776,btc_qm_engine,btc_leading_zeros,0.0000000000
122272457,13877702158927,btc_qm_engine,btc_sha256_elapsed_ns,2466.0000000000
122272458,13877702159260,btc_qm_engine,btc_orbital_scan_nonce,529353573.0000000000
122272459,13877702160336,btc_qm_engine,btc_sha256_nonce,529506028.0000000000
122272460,13877702160530,btc_qm_engine,btc_leading_zeros,4.0000000000
122272461,13877702160684,btc_qm_engine,btc_sha256_elapsed_ns,2333.0000000000
122272462,13877702160998,btc_qm_engine,btc_orbital_scan_nonce,529365021.0000000000
122272463,13877702161996,btc_qm_engine,btc_sha256_nonce,529353573.0000000000
122272464,13877702162172,btc_qm_engine,btc_leading_zeros,0.0000000000
122272465,13877702162313,btc_qm_engine,btc_sha256_elapsed_ns,2390.0000000000
122272466,13877702163704,btc_qm_engine,btc_sha256_nonce,529365021.0000000000
122272467,13877702163853,btc_qm_engine,btc_leading_zeros,1.0000000000
122272468,13877702163972,btc_qm_engine,btc_sha256_elapsed_ns,2374.0000000000
122272469,13877702165301,btc_qm_engine,btc_sha256_nonce,47553033.0000000000
122272470,13877702165482,btc_qm_engine,btc_leading_zeros,1.0000000000
122272471,13877702165640,btc_qm_engine,btc_sha256_elapsed_ns,2441.0000000000
122272472,13877702166882,btc_qm_engine,btc_sha256_nonce,46500589.0000000000
122272473,13877702167042,btc_qm_engine,btc_leading_zeros,0.0000000000
122272474,13877702167197,btc_qm_engine,btc_sha256_elapsed_ns,2349.0000000000
122272475,13877702168609,btc_qm_engine,btc_sha256_nonce,48712531.0000000000
122272476,13877702168769,btc_qm_engine,btc_leading_zeros,1.0000000000
122272477,13877702168928,btc_qm_engine,btc_sha256_elapsed_ns,2405.0000000000
122272478,13877702169265,btc_qm_engine,btc_orbital_scan_nonce,529342684.0000000000
122272479,13877702170130,btc_qm_engine,btc_sha256_nonce,47704782.0000000000
122272480,13877702170297,btc_qm_engine,btc_leading_zeros,2.0000000000
122272481,13877702170469,btc_qm_engine,btc_sha256_elapsed_ns,2337.0000000000
122272482,13877702170804,btc_qm_engine,btc_orbital_scan_nonce,529370019.0000000000
122272483,13877702172042,btc_qm_engine,btc_sha256_nonce,529342684.0000000000
122272484,13877702172201,btc_qm_engine,btc_leading_zeros,0.0000000000
122272485,13877702172359,btc_qm_engine,btc_sha256_elapsed_ns,2443.0000000000
122272486,13877702173484,btc_qm_engine,btc_sha256_nonce,529370019.0000000000
122272487,13877702173647,btc_qm_engine,btc_leading_zeros,1.0000000000
122272488,13877702173812,btc_qm_engine,btc_sha256_elapsed_ns,2323.0000000000
122272489,13877702175390,btc_qm_engine,btc_sha256_nonce,48345776.0000000000
122272490,13877702175550,btc_qm_engine,btc_leading_zeros,1.0000000000
122272491,13877702175693,btc_qm_engine,btc_sha256_elapsed_ns,2475.0000000000
122272492,13877702176713,btc_qm_engine,btc_sha256_nonce,46137040.0000000000
122272493,13877702176848,btc_qm_engine,btc_leading_zeros,2.0000000000
122272494,13877702176974,btc_qm_engine,btc_sha256_elapsed_ns,2348.0000000000
122272495,13877702177298,btc_qm_engine,btc_orbital_scan_nonce,529401557.0000000000
122272496,13877702178660,btc_qm_engine,btc_sha256_nonce,48595362.0000000000
122272497,13877702178834,btc_qm_engine,btc_leading_zeros,0.0000000000
122272498,13877702178992,btc_qm_engine,btc_sha256_elapsed_ns,2433.0000000000
122272499,13877702179992,btc_qm_engine,btc_sha256_nonce,529401557.0000000000
122272500,13877702180147,btc_qm_engine,btc_leading_zeros,1.0000000000
122272501,13877702180305,btc_qm_engine,btc_sha256_elapsed_ns,2347.0000000000
122272502,13877702180655,btc_qm_engine,btc_orbital_scan_nonce,529324348.0000000000
122272503,13877702181973,btc_qm_engine,btc_sha256_nonce,48436533.0000000000
122272504,13877702182135,btc_qm_engine,btc_leading_zeros,1.0000000000
122272505,13877702182304,btc_qm_engine,btc_sha256_elapsed_ns,2421.0000000000
122272506,13877702182667,btc_qm_engine,btc_lebesgue_scan_nonce,22.0000000000
122272507,13877702183291,btc_qm_engine,btc_sha256_nonce,529324348.0000000000
122272508,13877702183471,btc_qm_engine,btc_leading_zeros,1.0000000000
122272509,13877702183625,btc_qm_engine,btc_sha256_elapsed_ns,2296.0000000000
122272510,13877702183951,btc_qm_engine,btc_orbital_scan_nonce,529362881.0000000000
122272511,13877702185475,btc_qm_engine,btc_sha256_nonce,529364883.0000000000
122272512,13877702185641,btc_qm_engine,btc_leading_zeros,3.0000000000
122272513,13877702185810,btc_qm_engine,btc_sha256_elapsed_ns,2458.0000000000
122272514,13877702186667,btc_qm_engine,btc_sha256_nonce,529362881.0000000000
122272515,13877702186829,btc_qm_engine,btc_leading_zeros,1.0000000000
122272516,13877702186970,btc_qm_engine,btc_sha256_elapsed_ns,2313.0000000000
122272517,13877702188825,btc_qm_engine,btc_sha256_nonce,48659596.0000000000
122272518,13877702188992,btc_qm_engine,btc_leading_zeros,2.0000000000
122272519,13877702189149,btc_qm_engine,btc_sha256_elapsed_ns,2437.0000000000
122272520,13877702189506,btc_qm_engine,btc_lebesgue_scan_nonce,16.0000000000
122272521,13877702189920,btc_qm_engine,btc_sha256_nonce,47170579.0000000000
122272522,13877702190082,btc_qm_engine,btc_leading_zeros,0.0000000000
122272523,13877702190233,btc_qm_engine,btc_sha256_elapsed_ns,2395.0000000000
122272524,13877702192375,btc_qm_engine,btc_sha256_nonce,529343360.0000000000
122272525,13877702192545,btc_qm_engine,btc_leading_zeros,3.0000000000
122272526,13877702192711,btc_qm_engine,btc_sha256_elapsed_ns,2474.0000000000
122272527,13877702193172,btc_qm_engine,btc_sha256_nonce,45816626.0000000000
122272528,13877702193321,btc_qm_engine,btc_leading_zeros,0.0000000000
122272529,13877702193480,btc_qm_engine,btc_sha256_elapsed_ns,2374.0000000000
122272530,13877702193854,btc_qm_engine,btc_lebesgue_scan_nonce,15.0000000000
122272531,13877702195667,btc_qm_engine,btc_sha256_nonce,47065640.0000000000
122272532,13877702195842,btc_qm_engine,btc_leading_zeros,0.0000000000
122272533,13877702195997,btc_qm_engine,btc_sha256_elapsed_ns,2419.0000000000
122272534,13877702196519,btc_qm_engine,btc_sha256_nonce,529282038.0000000000
122272535,13877702196690,btc_qm_engine,btc_leading_zeros,0.0000000000
122272536,13877702196844,btc_qm_engine,btc_sha256_elapsed_ns,2286.0000000000
122272537,13877702197204,btc_qm_engine,btc_lebesgue_scan_nonce,16.0000000000
122272538,13877702199077,btc_qm_engine,btc_sha256_nonce,47888151.0000000000
122272539,13877702199238,btc_qm_engine,btc_leading_zeros,2.0000000000
122272540,13877702199392,btc_qm_engine,btc_sha256_elapsed_ns,2505.0000000000
122272541,13877702199956,btc_qm_engine,btc_sha256_nonce,529330333.0000000000
122272542,13877702200112,btc_qm_engine,btc_leading_zeros,0.0000000000
122272543,13877702200258,btc_qm_engine,btc_sha256_elapsed_ns,2408.0000000000
122272544,13877702202487,btc_qm_engine,btc_sha256_nonce,49074889.0000000000
122272545,13877702202649,btc_qm_engine,btc_leading_zeros,2.0000000000
122272546,13877702202812,btc_qm_engine,btc_sha256_elapsed_ns,2510.0000000000
122272547,13877702203167,btc_qm_engine,btc_sha256_nonce,47320243.0000000000
122272548,13877702204086,btc_qm_engine,btc_leading_zeros,1.0000000000
122272549,13877702204262,btc_qm_engine,btc_sha256_elapsed_ns,2350.0000000000
122272550,13877702204449,btc_qm_engine,btc_orbital_scan_nonce,529401557.0000000000
122272551,13877702207236,btc_qm_engine,btc_sha256_nonce,47512032.0000000000
122272552,13877702207381,btc_qm_engine,btc_leading_zeros,0.0000000000
122272553,13877702207554,btc_qm_engine,btc_sha256_elapsed_ns,2427.0000000000
122272554,13877702207854,btc_qm_engine,btc_sha256_nonce,529401557.0000000000
122272555,13877702208195,btc_qm_engine,btc_leading_zeros,1.0000000000
122272556,13877702208946,btc_qm_engine,btc_sha256_elapsed_ns,2486.0000000000
122272557,13877702209353,btc_qm_engine,btc_lebesgue_scan_nonce,17.0000000000
122272558,13877702212015,btc_qm_engine,btc_sha256_nonce,47581914.0000000000
122272559,13877702212175,btc_qm_engine,btc_leading_zeros,0.0000000000
122272560,13877702212334,btc_qm_engine,btc_sha256_elapsed_ns,2490.0000000000
122272561,13877702212640,btc_qm_engine,btc_sha256_nonce,529391983.0000000000
122272562,13877702212903,btc_qm_engine,btc_lebesgue_scan_nonce,15.0000000000
122272563,13877702214114,btc_qm_engine,btc_leading_zeros,0.0000000000
122272564,13877702214878,btc_qm_engine,btc_sha256_elapsed_ns,2397.0000000000
122272565,13877702216924,btc_qm_engine,btc_sha256_nonce,529279662.0000000000
122272566,13877702217088,btc_qm_engine,btc_leading_zeros,0.0000000000
122272567,13877702217241,btc_qm_engine,btc_sha256_elapsed_ns,2462.0000000000
122272568,13877702217834,btc_qm_engine,btc_sha256_nonce,47823640.0000000000
122272569,13877702217993,btc_qm_engine,btc_leading_zeros,1.0000000000
122272570,13877702218146,btc_qm_engine,btc_sha256_elapsed_ns,2343.0000000000
122272571,13877702220218,btc_qm_engine,btc_sha256_nonce,48868814.0000000000
122272572,13877702220380,btc_qm_engine,btc_leading_zeros,1.0000000000
122272573,13877702220553,btc_qm_engine,btc_sha256_elapsed_ns,2437.0000000000
122272574,13877702220906,btc_qm_engine,btc_orbital_scan_nonce,529321448.0000000000
122272575,13877702221255,btc_qm_engine,btc_sha256_nonce,47596037.0000000000
122272576,13877702221936,btc_qm_engine,btc_leading_zeros,0.0000000000
122272577,13877702222112,btc_qm_engine,btc_sha256_elapsed_ns,2370.0000000000
122272578,13877702222457,btc_qm_engine,btc_orbital_scan_nonce,529397812.0000000000
122272579,13877702223842,btc_qm_engine,btc_sha256_nonce,529321448.0000000000
122272580,13877702224012,btc_qm_engine,btc_leading_zeros,2.0000000000
122272581,13877702224174,btc_qm_engine,btc_sha256_elapsed_ns,2440.0000000000
122272582,13877702224525,btc_qm_engine,btc_orbital_scan_nonce,529349211.0000000000
122272583,13877702225161,btc_qm_engine,btc_sha256_nonce,529397812.0000000000
122272584,13877702225333,btc_qm_engine,btc_leading_zeros,1.0000000000
122272585,13877702225506,btc_qm_engine,btc_sha256_elapsed_ns,2347.0000000000
122272586,13877702225834,btc_qm_engine,btc_orbital_scan_nonce,529308521.0000000000
122272587,13877702227283,btc_qm_engine,btc_sha256_nonce,529349211.0000000000
122272588,13877702227445,btc_qm_engine,btc_leading_zeros,0.0000000000
122272589,13877702227624,btc_qm_engine,btc_sha256_elapsed_ns,2417.0000000000
122272590,13877702227970,btc_qm_engine,btc_orbital_scan_nonce,529338014.0000000000
122272591,13877702228538,btc_qm_engine,btc_sha256_nonce,529308521.0000000000
122272592,13877702228701,btc_qm_engine,btc_leading_zeros,0.0000000000
122272593,13877702228844,btc_qm_engine,btc_sha256_elapsed_ns,2356.0000000000
122272594,13877702229206,btc_qm_engine,btc_lebesgue_scan_nonce,26.0000000000
122272595,13877702230825,btc_qm_engine,btc_sha256_nonce,529338014.0000000000
122272596,13877702230993,btc_qm_engine,btc_leading_zeros,4.0000000000
122272597,13877702231146,btc_qm_engine,btc_sha256_elapsed_ns,2452.0000000000
122272598,13877702231890,btc_qm_engine,btc_sha256_nonce,529392518.0000000000
122272599,13877702232061,btc_qm_engine,btc_leading_zeros,1.0000000000
122272600,13877702232234,btc_qm_engine,btc_sha256_elapsed_ns,2304.0000000000
122272601,13877702232686,btc_qm_engine,btc_lebesgue_scan_nonce,8.0000000000
122272602,13877702234229,btc_qm_engine,btc_sha256_nonce,47190329.0000000000
122272603,13877702234396,btc_qm_engine,btc_leading_zeros,0.0000000000
122272604,13877702234542,btc_qm_engine,btc_sha256_elapsed_ns,2503.0000000000
122272605,13877702235428,btc_qm_engine,btc_sha256_nonce,529215094.0000000000
122272606,13877702235622,btc_qm_engine,btc_leading_zeros,1.0000000000
122272607,13877702235775,btc_qm_engine,btc_sha256_elapsed_ns,2425.0000000000
122272608,13877702237589,btc_qm_engine,btc_sha256_nonce,47053292.0000000000
122272609,13877702237743,btc_qm_engine,btc_leading_zeros,2.0000000000
122272610,13877702237909,btc_qm_engine,btc_sha256_elapsed_ns,2485.0000000000
122272611,13877702238659,btc_qm_engine,btc_sha256_nonce,46200955.0000000000
122272612,13877702238816,btc_qm_engine,btc_leading_zeros,1.0000000000
122272613,13877702238974,btc_qm_engine,btc_sha256_elapsed_ns,2344.0000000000
122272614,13877702240927,btc_qm_engine,btc_sha256_nonce,48601448.0000000000
122272615,13877702241092,btc_qm_engine,btc_leading_zeros,0.0000000000
122272616,13877702241237,btc_qm_engine,btc_sha256_elapsed_ns,2457.0000000000
122272617,13877702241604,btc_qm_engine,btc_lebesgue_scan_nonce,7.0000000000
122272618,13877702241903,btc_qm_engine,btc_sha256_nonce,46250544.0000000000
122272619,13877702242061,btc_qm_engine,btc_leading_zeros,3.0000000000
122272620,13877702242206,btc_qm_engine,btc_sha256_elapsed_ns,2348.0000000000
122272621,13877702244424,btc_qm_engine,btc_sha256_nonce,529471131.0000000000
122272622,13877702244603,btc_qm_engine,btc_leading_zeros,0.0000000000
122272623,13877702244759,btc_qm_engine,btc_sha256_elapsed_ns,2474.0000000000
122272624,13877702245077,btc_qm_engine,btc_sha256_nonce,46373586.0000000000
122272625,13877702246213,btc_qm_engine,btc_orbital_scan_nonce,529329357.0000000000
122272626,13877702246494,btc_qm_engine,btc_leading_zeros,0.0000000000
122272627,13877702246659,btc_qm_engine,btc_sha256_elapsed_ns,2328.0000000000
122272628,13877702247001,btc_qm_engine,btc_orbital_scan_nonce,529371483.0000000000
122272629,13877702249623,btc_qm_engine,btc_sha256_nonce,529329357.0000000000
122272630,13877702249872,btc_qm_engine,btc_sha256_nonce,529371483.0000000000
122272631,13877702250794,btc_qm_engine,btc_leading_zeros,0.0000000000
122272632,13877702251024,btc_qm_engine,btc_sha256_elapsed_ns,2446.0000000000
122272633,13877702251229,btc_qm_engine,btc_leading_zeros,0.0000000000
122272634,13877702251978,btc_qm_engine,btc_sha256_elapsed_ns,2437.0000000000
122272635,13877702252332,btc_qm_engine,btc_orbital_scan_nonce,529401557.0000000000
122272636,13877702254021,btc_qm_engine,btc_sha256_nonce,47330083.0000000000
122272637,13877702254214,btc_qm_engine,btc_leading_zeros,1.0000000000
122272638,13877702254345,btc_qm_engine,btc_sha256_elapsed_ns,2446.0000000000
122272639,13877702255158,btc_qm_engine,btc_sha256_nonce,529401557.0000000000
122272640,13877702255345,btc_qm_engine,btc_leading_zeros,1.0000000000
122272641,13877702255531,btc_qm_engine,btc_sha256_elapsed_ns,2454.0000000000
122272642,13877702255871,btc_qm_engine,btc_orbital_scan_nonce,529336780.0000000000
122272643,13877702257265,btc_qm_engine,btc_sha256_nonce,45768258.0000000000
122272644,13877702257427,btc_qm_engine,btc_leading_zeros,0.0000000000
122272645,13877702257582,btc_qm_engine,btc_sha256_elapsed_ns,2369.0000000000
122272646,13877702258487,btc_qm_engine,btc_sha256_nonce,529336780.0000000000
122272647,13877702258653,btc_qm_engine,btc_leading_zeros,3.0000000000
122272648,13877702258808,btc_qm_engine,btc_sha256_elapsed_ns,2232.0000000000
122272649,13877702259219,btc_qm_engine,btc_orbital_scan_nonce,529333571.0000000000
122272650,13877702260487,btc_qm_engine,btc_sha256_nonce,45923877.0000000000
122272651,13877702260653,btc_qm_engine,btc_leading_zeros,2.0000000000
122272652,13877702260807,btc_qm_engine,btc_sha256_elapsed_ns,2322.0000000000
122272653,13877702261173,btc_qm_engine,btc_lebesgue_scan_nonce,23.0000000000
122272654,13877702263880,btc_qm_engine,btc_sha256_nonce,529280082.0000000000
122272655,13877702264048,btc_qm_engine,btc_leading_zeros,0.0000000000
122272656,13877702264202,btc_qm_engine,btc_sha256_elapsed_ns,2404.0000000000
122272657,13877702264507,btc_qm_engine,btc_orbital_scan_nonce,529401557.0000000000
122272658,13877702267128,btc_qm_engine,btc_sha256_nonce,529401557.0000000000
122272659,13877702267289,btc_qm_engine,btc_leading_zeros,1.0000000000
122272660,13877702267451,btc_qm_engine,btc_sha256_elapsed_ns,2381.0000000000
122272661,13877702267798,btc_qm_engine,btc_sha256_nonce,529333571.0000000000
122272662,13877702268026,btc_qm_engine,btc_leading_zeros,0.0000000000
122272663,13877702268191,btc_qm_engine,btc_sha256_elapsed_ns,1972.0000000000
122272664,13877702268556,btc_qm_engine,btc_orbital_scan_nonce,529327746.0000000000
122272665,13877702270378,btc_qm_engine,btc_sha256_nonce,46235366.0000000000
122272666,13877702270521,btc_qm_engine,btc_leading_zeros,0.0000000000
122272667,13877702270696,btc_qm_engine,btc_sha256_elapsed_ns,2398.0000000000
122272668,13877702271432,btc_qm_engine,btc_sha256_nonce,529327746.0000000000
122272669,13877702271592,btc_qm_engine,btc_leading_zeros,0.0000000000
122272670,13877702271751,btc_qm_engine,btc_sha256_elapsed_ns,2531.0000000000
122272671,13877702272140,btc_qm_engine,btc_lebesgue_scan_nonce,3.0000000000
122272672,13877702273597,btc_qm_engine,btc_sha256_nonce,47416879.0000000000
122272673,13877702273769,btc_qm_engine,btc_leading_zeros,1.0000000000
122272674,13877702273924,btc_qm_engine,btc_sha256_elapsed_ns,2336.0000000000
122272675,13877702274264,btc_qm_engine,btc_orbital_scan_nonce,529338401.0000000000
122272676,13877702274989,btc_qm_engine,btc_sha256_nonce,529337969.0000000000
122272677,13877702275144,btc_qm_engine,btc_leading_zeros,2.0000000000
122272678,13877702275308,btc_qm_engine,btc_sha256_elapsed_ns,2475.0000000000
122272679,13877702276987,btc_qm_engine,btc_sha256_nonce,529338401.0000000000
122272680,13877702277164,btc_qm_engine,btc_leading_zeros,2.0000000000
122272681,13877702277338,btc_qm_engine,btc_sha256_elapsed_ns,2356.0000000000
122272682,13877702278302,btc_qm_engine,btc_sha256_nonce,48160346.0000000000
122272683,13877702278487,btc_qm_engine,btc_leading_zeros,3.0000000000
122272684,13877702278626,btc_qm_engine,btc_sha256_elapsed_ns,2421.0000000000
122272685,13877702278961,btc_qm_engine,btc_orbital_scan_nonce,529340685.0000000000
122272686,13877702280226,btc_qm_engine,btc_sha256_nonce,46393942.0000000000
122272687,13877702280368,btc_qm_engine,btc_leading_zeros,4.0000000000
122272688,13877702280511,btc_qm_engine,btc_sha256_elapsed_ns,2354.0000000000
122272689,13877702281739,btc_qm_engine,btc_sha256_nonce,529340685.0000000000
122272690,13877702281901,btc_qm_engine,btc_leading_zeros,1.0000000000
122272691,13877702282085,btc_qm_engine,btc_sha256_elapsed_ns,2442.0000000000
122272692,13877702282423,btc_qm_engine,btc_orbital_scan_nonce,529310058.0000000000
122272693,13877702283434,btc_qm_engine,btc_sha256_nonce,45866055.0000000000
122272694,13877702283584,btc_qm_engine,btc_leading_zeros,0.0000000000
122272695,13877702283728,btc_qm_engine,btc_sha256_elapsed_ns,2377.0000000000
122272696,13877702284075,btc_qm_engine,btc_orbital_scan_nonce,529316117.0000000000
122272697,13877702285217,btc_qm_engine,btc_sha256_nonce,529310058.0000000000
122272698,13877702285390,btc_qm_engine,btc_leading_zeros,1.0000000000
122272699,13877702285549,btc_qm_engine,btc_sha256_elapsed_ns,2464.0000000000
122272700,13877702286769,btc_qm_engine,btc_sha256_nonce,529316117.0000000000
122272701,13877702287033,btc_qm_engine,btc_leading_zeros,1.0000000000
122272702,13877702287189,btc_qm_engine,btc_sha256_elapsed_ns,2315.0000000000
122272703,13877702288543,btc_qm_engine,btc_sha256_nonce,47934212.0000000000
122272704,13877702288743,btc_qm_engine,btc_leading_zeros,1.0000000000
122272705,13877702288894,btc_qm_engine,btc_sha256_elapsed_ns,2427.0000000000
122272706,13877702289237,btc_qm_engine,btc_orbital_scan_nonce,529372350.0000000000
122272707,13877702290077,btc_qm_engine,btc_sha256_nonce,47934801.0000000000
122272708,13877702290242,btc_qm_engine,btc_leading_zeros,1.0000000000
122272709,13877702290390,btc_qm_engine,btc_sha256_elapsed_ns,2292.0000000000
122272710,13877702290713,btc_qm_engine,btc_orbital_scan_nonce,529390633.0000000000
122272711,13877702292042,btc_qm_engine,btc_sha256_nonce,529372350.0000000000
122272712,13877702292206,btc_qm_engine,btc_leading_zeros,1.0000000000
122272713,13877702292355,btc_qm_engine,btc_sha256_elapsed_ns,2446.0000000000
122272714,13877702292704,btc_qm_engine,btc_orbital_scan_nonce,529345281.0000000000
122272715,13877702293508,btc_qm_engine,btc_sha256_nonce,529390633.0000000000
122272716,13877702293658,btc_qm_engine,btc_leading_zeros,2.0000000000
122272717,13877702293801,btc_qm_engine,btc_sha256_elapsed_ns,2430.0000000000
122272718,13877702294132,btc_qm_engine,btc_orbital_scan_nonce,529331249.0000000000
122272719,13877702295526,btc_qm_engine,btc_sha256_nonce,529345281.0000000000
122272720,13877702295697,btc_qm_engine,btc_leading_zeros,0.0000000000
122272721,13877702295869,btc_qm_engine,btc_sha256_elapsed_ns,2485.0000000000
122272722,13877702296200,btc_qm_engine,btc_orbital_scan_nonce,529337894.0000000000
122272723,13877702296880,btc_qm_engine,btc_sha256_nonce,529331249.0000000000
122272724,13877702297029,btc_qm_engine,btc_leading_zeros,0.0000000000
122272725,13877702297191,btc_qm_engine,btc_sha256_elapsed_ns,2401.0000000000
122272726,13877702299022,btc_qm_engine,btc_sha256_nonce,529337894.0000000000
122272727,13877702299201,btc_qm_engine,btc_leading_zeros,1.0000000000
122272728,13877702299338,btc_qm_engine,btc_sha256_elapsed_ns,2486.0000000000
122272729,13877702299709,btc_qm_engine,btc_lebesgue_scan_nonce,7.0000000000
122272730,13877702300098,btc_qm_engine,btc_sha256_nonce,47565447.0000000000
122272731,13877702300278,btc_qm_engine,btc_leading_zeros,3.0000000000
122272732,13877702300436,btc_qm_engine,btc_sha256_elapsed_ns,2342.0000000000
122272733,13877702300769,btc_qm_engine,btc_orbital_scan_nonce,529376924.0000000000
122272734,13877702302568,btc_qm_engine,btc_sha256_nonce,529218912.0000000000
122272735,13877702302720,btc_qm_engine,btc_leading_zeros,0.0000000000
122272736,13877702302876,btc_qm_engine,btc_sha256_elapsed_ns,2495.0000000000
122272737,13877702303193,btc_qm_engine,btc_orbital_scan_nonce,529368936.0000000000
122272738,13877702303542,btc_qm_engine,btc_sha256_nonce,529376924.0000000000
122272739,13877702303696,btc_qm_engine,btc_leading_zeros,0.0000000000
122272740,13877702303849,btc_qm_engine,btc_sha256_elapsed_ns,2375.0000000000
122272741,13877702304158,btc_qm_engine,btc_orbital_scan_nonce,529399835.0000000000
122272742,13877702305970,btc_qm_engine,btc_sha256_nonce,529368936.0000000000
122272743,13877702306137,btc_qm_engine,btc_leading_zeros,0.0000000000
122272744,13877702306300,btc_qm_engine,btc_sha256_elapsed_ns,2417.0000000000
122272745,13877702306896,btc_qm_engine,btc_sha256_nonce,529399835.0000000000
122272746,13877702307058,btc_qm_engine,btc_leading_zeros,3.0000000000
122272747,13877702307207,btc_qm_engine,btc_sha256_elapsed_ns,2371.0000000000
122272748,13877702307586,btc_qm_engine,btc_lebesgue_scan_nonce,12.0000000000
122272749,13877702309306,btc_qm_engine,btc_sha256_nonce,47378535.0000000000
122272750,13877702309480,btc_qm_engine,btc_leading_zeros,1.0000000000
122272751,13877702309633,btc_qm_engine,btc_sha256_elapsed_ns,2428.0000000000
122272752,13877702310353,btc_qm_engine,btc_sha256_nonce,529350504.0000000000
122272753,13877702310517,btc_qm_engine,btc_leading_zeros,0.0000000000
122272754,13877702310667,btc_qm_engine,btc_sha256_elapsed_ns,2409.0000000000
122272755,13877702312641,btc_qm_engine,btc_sha256_nonce,47559796.0000000000
122272756,13877702312810,btc_qm_engine,btc_leading_zeros,4.0000000000
122272757,13877702312970,btc_qm_engine,btc_sha256_elapsed_ns,2414.0000000000
122272758,13877702313704,btc_qm_engine,btc_sha256_nonce,47474578.0000000000
122272759,13877702313892,btc_qm_engine,btc_leading_zeros,8.0000000000
122272760,13877702314058,btc_qm_engine,btc_sha256_elapsed_ns,2466.0000000000
122272761,13877702315997,btc_qm_engine,btc_sha256_nonce,47479305.0000000000
122272762,13877702316175,btc_qm_engine,btc_leading_zeros,0.0000000000
122272763,13877702316342,btc_qm_engine,btc_sha256_elapsed_ns,2468.0000000000
122272764,13877702316669,btc_qm_engine,btc_orbital_scan_nonce,529348420.0000000000
122272765,13877702316992,btc_qm_engine,btc_sha256_nonce,47262434.0000000000
122272766,13877702317219,btc_qm_engine,btc_leading_zeros,1.0000000000
122272767,13877702317363,btc_qm_engine,btc_sha256_elapsed_ns,2391.0000000000
122272768,13877702319436,btc_qm_engine,btc_sha256_nonce,529348420.0000000000
122272769,13877702319591,btc_qm_engine,btc_leading_zeros,0.0000000000
122272770,13877702319758,btc_qm_engine,btc_sha256_elapsed_ns,2411.0000000000
122272771,13877702320076,btc_qm_engine,btc_orbital_scan_nonce,529301557.0000000000
122272772,13877702320336,btc_qm_engine,btc_sha256_nonce,45998825.0000000000
122272773,13877702320519,btc_qm_engine,btc_leading_zeros,3.0000000000
122272774,13877702320677,btc_qm_engine,btc_sha256_elapsed_ns,2322.0000000000
122272775,13877702322927,btc_qm_engine,btc_sha256_nonce,529301557.0000000000
122272776,13877702323094,btc_qm_engine,btc_leading_zeros,0.0000000000
122272777,13877702323271,btc_qm_engine,btc_sha256_elapsed_ns,2445.0000000000
122272778,13877702323582,btc_qm_engine,btc_sha256_nonce,47520560.0000000000
122272779,13877702323844,btc_qm_engine,btc_lebesgue_scan_nonce,13.0000000000
122272780,13877702325128,btc_qm_engine,btc_leading_zeros,3.0000000000
122272781,13877702326081,btc_qm_engine,btc_sha256_elapsed_ns,2358.0000000000
122272782,13877702327901,btc_qm_engine,btc_sha256_nonce,529308090.0000000000
122272783,13877702328075,btc_qm_engine,btc_leading_zeros,0.0000000000
122272784,13877702328229,btc_qm_engine,btc_sha256_elapsed_ns,2498.0000000000
122272785,13877702328556,btc_qm_engine,btc_orbital_scan_nonce,529383163.0000000000
122272786,13877702329028,btc_qm_engine,btc_sha256_nonce,47043429.0000000000
122272787,13877702329182,btc_qm_engine,btc_leading_zeros,0.0000000000
122272788,13877702329337,btc_qm_engine,btc_sha256_elapsed_ns,2375.0000000000
122272789,13877702329644,btc_qm_engine,btc_orbital_scan_nonce,529375161.0000000000
122272790,13877702331344,btc_qm_engine,btc_sha256_nonce,529383163.0000000000
122272791,13877702331512,btc_qm_engine,btc_leading_zeros,0.0000000000
122272792,13877702331666,btc_qm_engine,btc_sha256_elapsed_ns,2448.0000000000
122272793,13877702331988,btc_qm_engine,btc_orbital_scan_nonce,529367495.0000000000
122272794,13877702332383,btc_qm_engine,btc_sha256_nonce,529375161.0000000000
122272795,13877702332549,btc_qm_engine,btc_leading_zeros,1.0000000000
122272796,13877702332696,btc_qm_engine,btc_sha256_elapsed_ns,2391.0000000000
122272797,13877702333056,btc_qm_engine,btc_lebesgue_scan_nonce,27.0000000000
122272798,13877702334817,btc_qm_engine,btc_sha256_nonce,529367495.0000000000
122272799,13877702334976,btc_qm_engine,btc_leading_zeros,1.0000000000
122272800,13877702335138,btc_qm_engine,btc_sha256_elapsed_ns,2483.0000000000
122272801,13877702335798,btc_qm_engine,btc_sha256_nonce,529391417.0000000000
122272802,13877702335957,btc_qm_engine,btc_leading_zeros,0.0000000000
122272803,13877702336127,btc_qm_engine,btc_sha256_elapsed_ns,2381.0000000000
122272804,13877702338182,btc_qm_engine,btc_sha256_nonce,48982913.0000000000
122272805,13877702338355,btc_qm_engine,btc_leading_zeros,0.0000000000
122272806,13877702338507,btc_qm_engine,btc_sha256_elapsed_ns,2450.0000000000
122272807,13877702338966,btc_qm_engine,btc_lebesgue_scan_nonce,7.0000000000
122272808,13877702340159,btc_qm_engine,btc_sha256_nonce,45969169.0000000000
122272809,13877702340915,btc_qm_engine,btc_leading_zeros,0.0000000000
122272810,13877702341071,btc_qm_engine,btc_sha256_elapsed_ns,2289.0000000000
122272811,13877702341427,btc_qm_engine,btc_orbital_scan_nonce,529336035.0000000000
122272812,13877702342908,btc_qm_engine,btc_sha256_nonce,529470225.0000000000
122272813,13877702343070,btc_qm_engine,btc_leading_zeros,0.0000000000
122272814,13877702343228,btc_qm_engine,btc_sha256_elapsed_ns,2460.0000000000
122272815,13877702343626,btc_qm_engine,btc_lebesgue_scan_nonce,6.0000000000
122272816,13877702344209,btc_qm_engine,btc_sha256_nonce,529336035.0000000000
122272817,13877702344408,btc_qm_engine,btc_leading_zeros,3.0000000000
122272818,13877702344562,btc_qm_engine,btc_sha256_elapsed_ns,2411.0000000000
122272819,13877702346434,btc_qm_engine,btc_sha256_nonce,529531573.0000000000
122272820,13877702346612,btc_qm_engine,btc_leading_zeros,4.0000000000
122272821,13877702346767,btc_qm_engine,btc_sha256_elapsed_ns,2448.0000000000
122272822,13877702347132,btc_qm_engine,btc_orbital_scan_nonce,529335646.0000000000
122272823,13877702347457,btc_qm_engine,btc_sha256_nonce,46046550.0000000000
122272824,13877702347661,btc_qm_engine,btc_leading_zeros,0.0000000000
122272825,13877702347825,btc_qm_engine,btc_sha256_elapsed_ns,2328.0000000000
122272826,13877702349914,btc_qm_engine,btc_sha256_nonce,529335646.0000000000
122272827,13877702350092,btc_qm_engine,btc_leading_zeros,1.0000000000
122272828,13877702350248,btc_qm_engine,btc_sha256_elapsed_ns,2433.0000000000
122272829,13877702350582,btc_qm_engine,btc_orbital_scan_nonce,529375107.0000000000
122272830,13877702350960,btc_qm_engine,btc_sha256_nonce,46661288.0000000000
122272831,13877702351700,btc_qm_engine,btc_leading_zeros,0.0000000000
122272832,13877702351867,btc_qm_engine,btc_sha256_elapsed_ns,2368.0000000000
122272833,13877702352200,btc_qm_engine,btc_orbital_scan_nonce,529356019.0000000000
122272834,13877702353559,btc_qm_engine,btc_sha256_nonce,529375107.0000000000
122272835,13877702353729,btc_qm_engine,btc_leading_zeros,3.0000000000
122272836,13877702353886,btc_qm_engine,btc_sha256_elapsed_ns,2445.0000000000
122272837,13877702354937,btc_qm_engine,btc_sha256_nonce,529356019.0000000000
122272838,13877702355103,btc_qm_engine,btc_leading_zeros,0.0000000000
122272839,13877702355231,btc_qm_engine,btc_sha256_elapsed_ns,2406.0000000000
122272840,13877702355559,btc_qm_engine,btc_orbital_scan_nonce,529379936.0000000000
122272841,13877702356900,btc_qm_engine,btc_sha256_nonce,48350566.0000000000
122272842,13877702357070,btc_qm_engine,btc_leading_zeros,1.0000000000
122272843,13877702357229,btc_qm_engine,btc_sha256_elapsed_ns,2422.0000000000
122272844,13877702358300,btc_qm_engine,btc_sha256_nonce,529379936.0000000000
122272845,13877702358439,btc_qm_engine,btc_leading_zeros,3.0000000000
122272846,13877702358591,btc_qm_engine,btc_sha256_elapsed_ns,2343.0000000000
122272847,13877702360234,btc_qm_engine,btc_sha256_nonce,47279651.0000000000
122272848,13877702360396,btc_qm_engine,btc_leading_zeros,0.0000000000
122272849,13877702360544,btc_qm_engine,btc_sha256_elapsed_ns,2435.0000000000
122272850,13877702360890,btc_qm_engine,btc_orbital_scan_nonce,529355941.0000000000
122272851,13877702361515,btc_qm_engine,btc_sha256_nonce,47012000.0000000000
122272852,13877702361669,btc_qm_engine,btc_leading_zeros,0.0000000000
122272853,13877702361844,btc_qm_engine,btc_sha256_elapsed_ns,2376.0000000000
122272854,13877702363653,btc_qm_engine,btc_sha256_nonce,529355941.0000000000
122272855,13877702363834,btc_qm_engine,btc_leading_zeros,0.0000000000
122272856,13877702363988,btc_qm_engine,btc_sha256_elapsed_ns,2420.0000000000
122272857,13877702364811,btc_qm_engine,btc_sha256_nonce,46099858.0000000000
122272858,13877702364963,btc_qm_engine,btc_leading_zeros,2.0000000000
122272859,13877702365117,btc_qm_engine,btc_sha256_elapsed_ns,2395.0000000000
122272860,13877702365450,btc_qm_engine,btc_orbital_scan_nonce,529334768.0000000000
122272861,13877702367052,btc_qm_engine,btc_sha256_nonce,47636900.0000000000
122272862,13877702367217,btc_qm_engine,btc_leading_zeros,1.0000000000
122272863,13877702367367,btc_qm_engine,btc_sha256_elapsed_ns,2477.0000000000
122272864,13877702368228,btc_qm_engine,btc_sha256_nonce,529334768.0000000000
122272865,13877702368409,btc_qm_engine,btc_leading_zeros,0.0000000000
122272866,13877702368558,btc_qm_engine,btc_sha256_elapsed_ns,2455.0000000000
122272867,13877702368896,btc_qm_engine,btc_lebesgue_scan_nonce,22.0000000000
122272868,13877702370381,btc_qm_engine,btc_sha256_nonce,48140470.0000000000
122272869,13877702370547,btc_qm_engine,btc_leading_zeros,0.0000000000
122272870,13877702370700,btc_qm_engine,btc_sha256_elapsed_ns,2455.0000000000
122272871,13877702371057,btc_qm_engine,btc_orbital_scan_nonce,529374712.0000000000
122272872,13877702371618,btc_qm_engine,btc_sha256_nonce,529373835.0000000000
122272873,13877702371784,btc_qm_engine,btc_leading_zeros,0.0000000000
122272874,13877702371934,btc_qm_engine,btc_sha256_elapsed_ns,2411.0000000000
122272875,13877702373908,btc_qm_engine,btc_sha256_nonce,529374712.0000000000
122272876,13877702374071,btc_qm_engine,btc_leading_zeros,0.0000000000
122272877,13877702374228,btc_qm_engine,btc_sha256_elapsed_ns,2489.0000000000
122272878,13877702374533,btc_qm_engine,btc_orbital_scan_nonce,529393903.0000000000
122272879,13877702374820,btc_qm_engine,btc_sha256_nonce,46483632.0000000000
122272880,13877702375005,btc_qm_engine,btc_leading_zeros,1.0000000000
122272881,13877702375175,btc_qm_engine,btc_sha256_elapsed_ns,2316.0000000000
122272882,13877702377312,btc_qm_engine,btc_sha256_nonce,529393903.0000000000
122272883,13877702377473,btc_qm_engine,btc_leading_zeros,0.0000000000
122272884,13877702377630,btc_qm_engine,btc_sha256_elapsed_ns,2437.0000000000
122272885,13877702378079,btc_qm_engine,btc_sha256_nonce,47463932.0000000000
122272886,13877702378232,btc_qm_engine,btc_leading_zeros,2.0000000000
122272887,13877702378386,btc_qm_engine,btc_sha256_elapsed_ns,2320.0000000000
122272888,13877702378717,btc_qm_engine,btc_orbital_scan_nonce,529397026.0000000000
122272889,13877702380592,btc_qm_engine,btc_sha256_nonce,47811887.0000000000
122272890,13877702380761,btc_qm_engine,btc_leading_zeros,1.0000000000
122272891,13877702380913,btc_qm_engine,btc_sha256_elapsed_ns,2402.0000000000
122272892,13877702381438,btc_qm_engine,btc_sha256_nonce,529397026.0000000000
122272893,13877702381591,btc_qm_engine,btc_leading_zeros,0.0000000000
122272894,13877702381742,btc_qm_engine,btc_sha256_elapsed_ns,2340.0000000000
122272895,13877702382104,btc_qm_engine,btc_lebesgue_scan_nonce,23.0000000000
122272896,13877702383876,btc_qm_engine,btc_sha256_nonce,47578387.0000000000
122272897,13877702384028,btc_qm_engine,btc_leading_zeros,0.0000000000
122272898,13877702384182,btc_qm_engine,btc_sha256_elapsed_ns,2410.0000000000
122272899,13877702384794,btc_qm_engine,btc_sha256_nonce,529310063.0000000000
122272900,13877702384961,btc_qm_engine,btc_leading_zeros,0.0000000000
122272901,13877702385117,btc_qm_engine,btc_sha256_elapsed_ns,2356.0000000000
122272902,13877702387136,btc_qm_engine,btc_sha256_nonce,48311497.0000000000
122272903,13877702387311,btc_qm_engine,btc_leading_zeros,1.0000000000
122272904,13877702387469,btc_qm_engine,btc_sha256_elapsed_ns,2397.0000000000
122272905,13877702387827,btc_qm_engine,btc_lebesgue_scan_nonce,19.0000000000
122272906,13877702388098,btc_qm_engine,btc_sha256_nonce,46513963.0000000000
122272907,13877702388265,btc_qm_engine,btc_leading_zeros,1.0000000000
122272908,13877702388417,btc_qm_engine,btc_sha256_elapsed_ns,2324.0000000000
122272909,13877702388702,btc_qm_engine,btc_orbital_scan_nonce,529386834.0000000000
122272910,13877702390709,btc_qm_engine,btc_sha256_nonce,529256388.0000000000
122272911,13877702390872,btc_qm_engine,btc_leading_zeros,0.0000000000
122272912,13877702391022,btc_qm_engine,btc_sha256_elapsed_ns,2480.0000000000
122272913,13877702391476,btc_qm_engine,btc_sha256_nonce,529386834.0000000000
122272914,13877702391640,btc_qm_engine,btc_leading_zeros,0.0000000000
122272915,13877702391803,btc_qm_engine,btc_sha256_elapsed_ns,2410.0000000000
122272916,13877702394001,btc_qm_engine,btc_sha256_nonce,48036464.0000000000
122272917,13877702394159,btc_qm_engine,btc_leading_zeros,0.0000000000
122272918,13877702394311,btc_qm_engine,btc_sha256_elapsed_ns,2422.0000000000
122272919,13877702394718,btc_qm_engine,btc_sha256_nonce,46953151.0000000000
122272920,13877702394943,btc_qm_engine,btc_leading_zeros,0.0000000000
122272921,13877702395112,btc_qm_engine,btc_sha256_elapsed_ns,2345.0000000000
122272922,13877702395451,btc_qm_engine,btc_orbital_scan_nonce,529378227.0000000000
122272923,13877702397344,btc_qm_engine,btc_sha256_nonce,47224643.0000000000
122272924,13877702397522,btc_qm_engine,btc_leading_zeros,4.0000000000
122272925,13877702397675,btc_qm_engine,btc_sha256_elapsed_ns,2468.0000000000
122272926,13877702398213,btc_qm_engine,btc_sha256_nonce,529378227.0000000000
122272927,13877702398367,btc_qm_engine,btc_leading_zeros,0.0000000000
122272928,13877702398508,btc_qm_engine,btc_sha256_elapsed_ns,2411.0000000000
122272929,13877702398859,btc_qm_engine,btc_lebesgue_scan_nonce,4.0000000000
122272930,13877702400730,btc_qm_engine,btc_sha256_nonce,48984050.0000000000
122272931,13877702400896,btc_qm_engine,btc_leading_zeros,0.0000000000
122272932,13877702401052,btc_qm_engine,btc_sha256_elapsed_ns,2480.0000000000
122272933,13877702401563,btc_qm_engine,btc_sha256_nonce,529307982.0000000000
122272934,13877702401734,btc_qm_engine,btc_leading_zeros,1.0000000000
122272935,13877702401886,btc_qm_engine,btc_sha256_elapsed_ns,2347.0000000000
122272936,13877702404052,btc_qm_engine,btc_sha256_nonce,47246819.0000000000
122272937,13877702404209,btc_qm_engine,btc_leading_zeros,1.0000000000
122272938,13877702404349,btc_qm_engine,btc_sha256_elapsed_ns,2417.0000000000
122272939,13877702404836,btc_qm_engine,btc_lebesgue_scan_nonce,5.0000000000
122272940,13877702405849,btc_qm_engine,btc_sha256_nonce,46457600.0000000000
122272941,13877702406588,btc_qm_engine,btc_leading_zeros,1.0000000000
122272942,13877702406762,btc_qm_engine,btc_sha256_elapsed_ns,2319.0000000000
122272943,13877702408279,btc_qm_engine,btc_sha256_nonce,529299259.0000000000
122272944,13877702408454,btc_qm_engine,btc_leading_zeros,1.0000000000
122272945,13877702408609,btc_qm_engine,btc_sha256_elapsed_ns,2481.0000000000
122272946,13877702409693,btc_qm_engine,btc_sha256_nonce,46253483.0000000000
122272947,13877702409855,btc_qm_engine,btc_leading_zeros,1.0000000000
122272948,13877702410002,btc_qm_engine,btc_sha256_elapsed_ns,2385.0000000000
122272949,13877702410337,btc_qm_engine,btc_orbital_scan_nonce,529379373.0000000000
122272950,13877702411651,btc_qm_engine,btc_sha256_nonce,47589087.0000000000
122272951,13877702411818,btc_qm_engine,btc_leading_zeros,0.0000000000
122272952,13877702411970,btc_qm_engine,btc_sha256_elapsed_ns,2475.0000000000
122272953,13877702412320,btc_qm_engine,btc_lebesgue_scan_nonce,19.0000000000
122272954,13877702413021,btc_qm_engine,btc_sha256_nonce,529379373.0000000000
122272955,13877702413183,btc_qm_engine,btc_leading_zeros,0.0000000000
122272956,13877702413331,btc_qm_engine,btc_sha256_elapsed_ns,2330.0000000000
122272957,13877702415093,btc_qm_engine,btc_sha256_nonce,529409094.0000000000
122272958,13877702415271,btc_qm_engine,btc_leading_zeros,0.0000000000
122272959,13877702415427,btc_qm_engine,btc_sha256_elapsed_ns,2434.0000000000
122272960,13877702416226,btc_qm_engine,btc_sha256_nonce,47496570.0000000000
122272961,13877702416394,btc_qm_engine,btc_leading_zeros,2.0000000000
122272962,13877702416539,btc_qm_engine,btc_sha256_elapsed_ns,2329.0000000000
122272963,13877702416871,btc_qm_engine,btc_orbital_scan_nonce,529326943.0000000000
122272964,13877702418443,btc_qm_engine,btc_sha256_nonce,47995835.0000000000
122272965,13877702418601,btc_qm_engine,btc_leading_zeros,2.0000000000
122272966,13877702418766,btc_qm_engine,btc_sha256_elapsed_ns,2438.0000000000
122272967,13877702419101,btc_qm_engine,btc_orbital_scan_nonce,529368751.0000000000
122272968,13877702419570,btc_qm_engine,btc_sha256_nonce,529326943.0000000000
122272969,13877702419747,btc_qm_engine,btc_leading_zeros,0.0000000000
122272970,13877702419903,btc_qm_engine,btc_sha256_elapsed_ns,2320.0000000000
122272971,13877702420204,btc_qm_engine,btc_orbital_scan_nonce,529354827.0000000000
122272972,13877702421886,btc_qm_engine,btc_sha256_nonce,529368751.0000000000
122272973,13877702422040,btc_qm_engine,btc_leading_zeros,0.0000000000
122272974,13877702422204,btc_qm_engine,btc_sha256_elapsed_ns,2448.0000000000
122272975,13877702422954,btc_qm_engine,btc_sha256_nonce,529354827.0000000000
122272976,13877702423119,btc_qm_engine,btc_leading_zeros,2.0000000000
122272977,13877702423277,btc_qm_engine,btc_sha256_elapsed_ns,2381.0000000000
122272978,13877702425195,btc_qm_engine,btc_sha256_nonce,47266516.0000000000
122272979,13877702425369,btc_qm_engine,btc_leading_zeros,0.0000000000
122272980,13877702425519,btc_qm_engine,btc_sha256_elapsed_ns,2421.0000000000
122272981,13877702425835,btc_qm_engine,btc_orbital_scan_nonce,529342521.0000000000
122272982,13877702426159,btc_qm_engine,btc_sha256_nonce,47273324.0000000000
122272983,13877702426326,btc_qm_engine,btc_leading_zeros,0.0000000000
122272984,13877702426483,btc_qm_engine,btc_sha256_elapsed_ns,2327.0000000000
122272985,13877702426822,btc_qm_engine,btc_orbital_scan_nonce,529310401.0000000000
122272986,13877702428650,btc_qm_engine,btc_sha256_nonce,529342521.0000000000
122272987,13877702428816,btc_qm_engine,btc_leading_zeros,0.0000000000
122272988,13877702428970,btc_qm_engine,btc_sha256_elapsed_ns,2475.0000000000
122272989,13877702429511,btc_qm_engine,btc_sha256_nonce,529310401.0000000000
122272990,13877702429682,btc_qm_engine,btc_leading_zeros,1.0000000000
122272991,13877702429829,btc_qm_engine,btc_sha256_elapsed_ns,2324.0000000000
122272992,13877702430191,btc_qm_engine,btc_lebesgue_scan_nonce,0.0000000000
122272993,13877702431919,btc_qm_engine,btc_sha256_nonce,48679632.0000000000
122272994,13877702432089,btc_qm_engine,btc_leading_zeros,0.0000000000
122272995,13877702432239,btc_qm_engine,btc_sha256_elapsed_ns,2390.0000000000
122272996,13877702432586,btc_qm_engine,btc_orbital_scan_nonce,529374084.0000000000
122272997,13877702432908,btc_qm_engine,btc_sha256_nonce,529394645.0000000000
122272998,13877702433070,btc_qm_engine,btc_leading_zeros,1.0000000000
122272999,13877702433226,btc_qm_engine,btc_sha256_elapsed_ns,2344.0000000000
122273000,13877702435445,btc_qm_engine,btc_sha256_nonce,529374084.0000000000
122273001,13877702435599,btc_qm_engine,btc_leading_zeros,3.0000000000
122273002,13877702435762,btc_qm_engine,btc_sha256_elapsed_ns,2493.0000000000
122273003,13877702436142,btc_qm_engine,btc_sha256_nonce,45915009.0000000000
122273004,13877702436316,btc_qm_engine,btc_leading_zeros,0.0000000000
122273005,13877702436469,btc_qm_engine,btc_sha256_elapsed_ns,2339.0000000000
122273006,13877702438757,btc_qm_engine,btc_sha256_nonce,47426013.0000000000
122273007,13877702438932,btc_qm_engine,btc_leading_zeros,1.0000000000
122273008,13877702439103,btc_qm_engine,btc_sha256_elapsed_ns,2454.0000000000
122273009,13877702439386,btc_qm_engine,btc_sha256_nonce,45837934.0000000000
122273010,13877702439669,btc_qm_engine,btc_orbital_scan_nonce,529360417.0000000000
122273011,13877702440743,btc_qm_engine,btc_leading_zeros,0.0000000000
122273012,13877702441450,btc_qm_engine,btc_sha256_elapsed_ns,2288.0000000000
122273013,13877702443526,btc_qm_engine,btc_sha256_nonce,529360417.0000000000
122273014,13877702443695,btc_qm_engine,btc_leading_zeros,1.0000000000
122273015,13877702443854,btc_qm_engine,btc_sha256_elapsed_ns,2477.0000000000
122273016,13877702444334,btc_qm_engine,btc_sha256_nonce,47574479.0000000000
122273017,13877702444489,btc_qm_engine,btc_leading_zeros,1.0000000000
122273018,13877702444644,btc_qm_engine,btc_sha256_elapsed_ns,2364.0000000000
122273019,13877702444988,btc_qm_engine,btc_orbital_scan_nonce,529326308.0000000000
122273020,13877702446862,btc_qm_engine,btc_sha256_nonce,48354044.0000000000
122273021,13877702447017,btc_qm_engine,btc_leading_zeros,0.0000000000
122273022,13877702447175,btc_qm_engine,btc_sha256_elapsed_ns,2453.0000000000
122273023,13877702447525,btc_qm_engine,btc_orbital_scan_nonce,529392541.0000000000
122273024,13877702447752,btc_qm_engine,btc_sha256_nonce,529326308.0000000000
122273025,13877702447918,btc_qm_engine,btc_leading_zeros,1.0000000000
122273026,13877702448089,btc_qm_engine,btc_sha256_elapsed_ns,2410.0000000000
122273027,13877702450338,btc_qm_engine,btc_sha256_nonce,529392541.0000000000
122273028,13877702450504,btc_qm_engine,btc_leading_zeros,4.0000000000
122273029,13877702450664,btc_qm_engine,btc_sha256_elapsed_ns,2452.0000000000
122273030,13877702450956,btc_qm_engine,btc_sha256_nonce,47939266.0000000000
122273031,13877702451128,btc_qm_engine,btc_leading_zeros,0.0000000000
122273032,13877702451289,btc_qm_engine,btc_sha256_elapsed_ns,2306.0000000000
122273033,13877702453673,btc_qm_engine,btc_sha256_nonce,47371480.0000000000
122273034,13877702453847,btc_qm_engine,btc_leading_zeros,0.0000000000
122273035,13877702454005,btc_qm_engine,btc_sha256_elapsed_ns,2460.0000000000
122273036,13877702454262,btc_qm_engine,btc_sha256_nonce,46021452.0000000000
122273037,13877702454548,btc_qm_engine,btc_orbital_scan_nonce,529339751.0000000000
122273038,13877702455804,btc_qm_engine,btc_leading_zeros,0.0000000000
122273039,13877702456522,btc_qm_engine,btc_sha256_elapsed_ns,2348.0000000000
122273040,13877702458042,btc_qm_engine,btc_sha256_nonce,529339751.0000000000
122273041,13877702458209,btc_qm_engine,btc_leading_zeros,0.0000000000
122273042,13877702458366,btc_qm_engine,btc_sha256_elapsed_ns,2467.0000000000
122273043,13877702458719,btc_qm_engine,btc_orbital_scan_nonce,529401557.0000000000
122273044,13877702459512,btc_qm_engine,btc_sha256_nonce,47280026.0000000000
122273045,13877702459677,btc_qm_engine,btc_leading_zeros,2.0000000000
122273046,13877702459835,btc_qm_engine,btc_sha256_elapsed_ns,2389.0000000000
122273047,13877702460119,btc_qm_engine,btc_orbital_scan_nonce,529343188.0000000000
122273048,13877702461533,btc_qm_engine,btc_sha256_nonce,529401557.0000000000
122273049,13877702461700,btc_qm_engine,btc_leading_zeros,1.0000000000
122273050,13877702461856,btc_qm_engine,btc_sha256_elapsed_ns,2473.0000000000
122273051,13877702462211,btc_qm_engine,btc_orbital_scan_nonce,529357810.0000000000
122273052,13877702462886,btc_qm_engine,btc_sha256_nonce,529343188.0000000000
122273053,13877702463024,btc_qm_engine,btc_leading_zeros,1.0000000000
122273054,13877702463167,btc_qm_engine,btc_sha256_elapsed_ns,2395.0000000000
122273055,13877702463492,btc_qm_engine,btc_orbital_scan_nonce,529331837.0000000000
122273056,13877702465049,btc_qm_engine,btc_sha256_nonce,529357810.0000000000
122273057,13877702465200,btc_qm_engine,btc_leading_zeros,0.0000000000
122273058,13877702465369,btc_qm_engine,btc_sha256_elapsed_ns,2484.0000000000
122273059,13877702465762,btc_qm_engine,btc_lebesgue_scan_nonce,8.0000000000
122273060,13877702466201,btc_qm_engine,btc_sha256_nonce,529331837.0000000000
122273061,13877702466362,btc_qm_engine,btc_leading_zeros,0.0000000000
122273062,13877702466526,btc_qm_engine,btc_sha256_elapsed_ns,2370.0000000000
122273063,13877702466894,btc_qm_engine,btc_lebesgue_scan_nonce,19.0000000000
122273064,13877702468623,btc_qm_engine,btc_sha256_nonce,529355481.0000000000
122273065,13877702468776,btc_qm_engine,btc_leading_zeros,0.0000000000
122273066,13877702468934,btc_qm_engine,btc_sha256_elapsed_ns,2513.0000000000
122273067,13877702469292,btc_qm_engine,btc_lebesgue_scan_nonce,27.0000000000
122273068,13877702469575,btc_qm_engine,btc_sha256_nonce,529355787.0000000000
122273069,13877702469747,btc_qm_engine,btc_leading_zeros,0.0000000000
122273070,13877702469906,btc_qm_engine,btc_sha256_elapsed_ns,2303.0000000000
122273071,13877702472131,btc_qm_engine,btc_sha256_nonce,529370480.0000000000
122273072,13877702472297,btc_qm_engine,btc_leading_zeros,3.0000000000
122273073,13877702472454,btc_qm_engine,btc_sha256_elapsed_ns,2458.0000000000
122273074,13877702472808,btc_qm_engine,btc_sha256_nonce,45852153.0000000000
122273075,13877702473695,btc_qm_engine,btc_leading_zeros,2.0000000000
122273076,13877702473899,btc_qm_engine,btc_sha256_elapsed_ns,2345.0000000000
122273077,13877702474146,btc_qm_engine,btc_lebesgue_scan_nonce,7.0000000000
122273078,13877702474425,btc_qm_engine,btc_orbital_scan_nonce,529370243.0000000000
122273079,13877702477003,btc_qm_engine,btc_sha256_nonce,529370243.0000000000
122273080,13877702477158,btc_qm_engine,btc_leading_zeros,0.0000000000
122273081,13877702477341,btc_qm_engine,btc_sha256_elapsed_ns,2313.0000000000
122273082,13877702477734,btc_qm_engine,btc_sha256_nonce,529456668.0000000000
122273083,13877702478112,btc_qm_engine,btc_orbital_scan_nonce,529350654.0000000000
122273084,13877702478673,btc_qm_engine,btc_leading_zeros,0.0000000000
122273085,13877702478834,btc_qm_engine,btc_sha256_elapsed_ns,2449.0000000000
122273086,13877702479186,btc_qm_engine,btc_orbital_scan_nonce,529340050.0000000000
122273087,13877702481433,btc_qm_engine,btc_sha256_nonce,529350654.0000000000
122273088,13877702481603,btc_qm_engine,btc_leading_zeros,1.0000000000
122273089,13877702481761,btc_qm_engine,btc_sha256_elapsed_ns,2415.0000000000
122273090,13877702481997,btc_qm_engine,btc_sha256_nonce,529340050.0000000000
122273091,13877702482265,btc_qm_engine,btc_orbital_scan_nonce,529376370.0000000000
122273092,13877702483386,btc_qm_engine,btc_leading_zeros,1.0000000000
122273093,13877702484103,btc_qm_engine,btc_sha256_elapsed_ns,2452.0000000000
122273094,13877702485652,btc_qm_engine,btc_sha256_nonce,529376370.0000000000
122273095,13877702485817,btc_qm_engine,btc_leading_zeros,0.0000000000
122273096,13877702485967,btc_qm_engine,btc_sha256_elapsed_ns,2362.0000000000
122273097,13877702486289,btc_qm_engine,btc_orbital_scan_nonce,529383859.0000000000
122273098,13877702487152,btc_qm_engine,btc_sha256_nonce,48197001.0000000000
122273099,13877702487336,btc_qm_engine,btc_leading_zeros,0.0000000000
122273100,13877702487501,btc_qm_engine,btc_sha256_elapsed_ns,2491.0000000000
122273101,13877702489044,btc_qm_engine,btc_sha256_nonce,529383859.0000000000
122273102,13877702489213,btc_qm_engine,btc_leading_zeros,0.0000000000
122273103,13877702489376,btc_qm_engine,btc_sha256_elapsed_ns,2422.0000000000
122273104,13877702490509,btc_qm_engine,btc_sha256_nonce,47074792.0000000000
122273105,13877702490687,btc_qm_engine,btc_leading_zeros,1.0000000000
122273106,13877702490839,btc_qm_engine,btc_sha256_elapsed_ns,2455.0000000000
122273107,13877702492319,btc_qm_engine,btc_sha256_nonce,47282824.0000000000
122273108,13877702492478,btc_qm_engine,btc_leading_zeros,0.0000000000
122273109,13877702492636,btc_qm_engine,btc_sha256_elapsed_ns,2374.0000000000
122273110,13877702492969,btc_qm_engine,btc_orbital_scan_nonce,529355745.0000000000
122273111,13877702493854,btc_qm_engine,btc_sha256_nonce,47609339.0000000000
122273112,13877702494025,btc_qm_engine,btc_leading_zeros,1.0000000000
122273113,13877702494184,btc_qm_engine,btc_sha256_elapsed_ns,2455.0000000000
122273114,13877702494556,btc_qm_engine,btc_lebesgue_scan_nonce,2.0000000000
122273115,13877702495608,btc_qm_engine,btc_sha256_nonce,529355745.0000000000
122273116,13877702495772,btc_qm_engine,btc_leading_zeros,0.0000000000
122273117,13877702495946,btc_qm_engine,btc_sha256_elapsed_ns,2303.0000000000
122273118,13877702496302,btc_qm_engine,btc_lebesgue_scan_nonce,2.0000000000
122273119,13877702497380,btc_qm_engine,btc_sha256_nonce,529243670.0000000000
122273120,13877702497543,btc_qm_engine,btc_leading_zeros,1.0000000000
122273121,13877702497704,btc_qm_engine,btc_sha256_elapsed_ns,2467.0000000000
122273122,13877702499083,btc_qm_engine,btc_sha256_nonce,529343075.0000000000
122273123,13877702499236,btc_qm_engine,btc_leading_zeros,1.0000000000
122273124,13877702499383,btc_qm_engine,btc_sha256_elapsed_ns,2423.0000000000
122273125,13877702500722,btc_qm_engine,btc_sha256_nonce,47200599.0000000000
122273126,13877702500914,btc_qm_engine,btc_leading_zeros,3.0000000000
122273127,13877702501088,btc_qm_engine,btc_sha256_elapsed_ns,2432.0000000000
122273128,13877702501419,btc_qm_engine,btc_orbital_scan_nonce,529338857.0000000000
122273129,13877702502276,btc_qm_engine,btc_sha256_nonce,47273794.0000000000
122273130,13877702502446,btc_qm_engine,btc_leading_zeros,3.0000000000
122273131,13877702502607,btc_qm_engine,btc_sha256_elapsed_ns,2329.0000000000
122273132,13877702502943,btc_qm_engine,btc_orbital_scan_nonce,529319499.0000000000
122273133,13877702504187,btc_qm_engine,btc_sha256_nonce,529338857.0000000000
122273134,13877702504353,btc_qm_engine,btc_leading_zeros,1.0000000000
122273135,13877702504516,btc_qm_engine,btc_sha256_elapsed_ns,2411.0000000000
122273136,13877702505621,btc_qm_engine,btc_sha256_nonce,529319499.0000000000
122273137,13877702505776,btc_qm_engine,btc_leading_zeros,0.0000000000
122273138,13877702505945,btc_qm_engine,btc_sha256_elapsed_ns,2314.0000000000
122273139,13877702507474,btc_qm_engine,btc_sha256_nonce,47500501.0000000000
122273140,13877702507633,btc_qm_engine,btc_leading_zeros,2.0000000000
122273141,13877702507802,btc_qm_engine,btc_sha256_elapsed_ns,2375.0000000000
122273142,13877702508156,btc_qm_engine,btc_orbital_scan_nonce,529345333.0000000000
122273143,13877702508798,btc_qm_engine,btc_sha256_nonce,46319954.0000000000
122273144,13877702508946,btc_qm_engine,btc_leading_zeros,1.0000000000
122273145,13877702509117,btc_qm_engine,btc_sha256_elapsed_ns,2351.0000000000
122273146,13877702510924,btc_qm_engine,btc_sha256_nonce,529345333.0000000000
122273147,13877702511084,btc_qm_engine,btc_leading_zeros,0.0000000000
122273148,13877702511238,btc_qm_engine,btc_sha256_elapsed_ns,2427.0000000000
122273149,13877702511563,btc_qm_engine,btc_orbital_scan_nonce,529401557.0000000000
122273150,13877702512026,btc_qm_engine,btc_sha256_nonce,46574228.0000000000
122273151,13877702512191,btc_qm_engine,btc_leading_zeros,1.0000000000
122273152,13877702512348,btc_qm_engine,btc_sha256_elapsed_ns,2385.0000000000
122273153,13877702514348,btc_qm_engine,btc_sha256_nonce,529401557.0000000000
122273154,13877702514528,btc_qm_engine,btc_leading_zeros,1.0000000000
122273155,13877702514684,btc_qm_engine,btc_sha256_elapsed_ns,2433.0000000000
122273156,13877702515226,btc_qm_engine,btc_sha256_nonce,46125366.0000000000
122273157,13877702515380,btc_qm_engine,btc_leading_zeros,0.0000000000
122273158,13877702515527,btc_qm_engine,btc_sha256_elapsed_ns,2334.0000000000
122273159,13877702515869,btc_qm_engine,btc_orbital_scan_nonce,529401557.0000000000
122273160,13877702517717,btc_qm_engine,btc_sha256_nonce,47904965.0000000000
122273161,13877702517959,btc_qm_engine,btc_leading_zeros,1.0000000000
122273162,13877702518107,btc_qm_engine,btc_sha256_elapsed_ns,2467.0000000000
122273163,13877702518616,btc_qm_engine,btc_orbital_scan_nonce,529326316.0000000000
122273164,13877702519789,btc_qm_engine,btc_sha256_nonce,529401557.0000000000
122273165,13877702520494,btc_qm_engine,btc_leading_zeros,1.0000000000
122273166,13877702520640,btc_qm_engine,btc_sha256_elapsed_ns,2307.0000000000
122273167,13877702522533,btc_qm_engine,btc_sha256_nonce,529326316.0000000000
122273168,13877702522722,btc_qm_engine,btc_leading_zeros,1.0000000000
122273169,13877702522877,btc_qm_engine,btc_sha256_elapsed_ns,2460.0000000000
122273170,13877702523219,btc_qm_engine,btc_orbital_scan_nonce,529384092.0000000000
122273171,13877702523582,btc_qm_engine,btc_sha256_nonce,46101587.0000000000
122273172,13877702523774,btc_qm_engine,btc_leading_zeros,3.0000000000
122273173,13877702523928,btc_qm_engine,btc_sha256_elapsed_ns,2393.0000000000
122273174,13877702526075,btc_qm_engine,btc_sha256_nonce,529384092.0000000000
122273175,13877702526261,btc_qm_engine,btc_leading_zeros,0.0000000000
122273176,13877702526409,btc_qm_engine,btc_sha256_elapsed_ns,2514.0000000000
122273177,13877702526742,btc_qm_engine,btc_lebesgue_scan_nonce,2.0000000000
122273178,13877702527844,btc_qm_engine,btc_sha256_nonce,47719204.0000000000
122273179,13877702528817,btc_qm_engine,btc_leading_zeros,0.0000000000
122273180,13877702528961,btc_qm_engine,btc_sha256_elapsed_ns,2375.0000000000
122273181,13877702529262,btc_qm_engine,btc_orbital_scan_nonce,529391713.0000000000
122273182,13877702530344,btc_qm_engine,btc_sha256_nonce,529186237.0000000000
122273183,13877702530519,btc_qm_engine,btc_leading_zeros,3.0000000000
122273184,13877702530684,btc_qm_engine,btc_sha256_elapsed_ns,2482.0000000000
122273185,13877702531028,btc_qm_engine,btc_orbital_scan_nonce,529369379.0000000000
122273186,13877702531980,btc_qm_engine,btc_sha256_nonce,529391713.0000000000
122273187,13877702532133,btc_qm_engine,btc_leading_zeros,0.0000000000
122273188,13877702532242,btc_qm_engine,btc_sha256_elapsed_ns,2375.0000000000
122273189,13877702533842,btc_qm_engine,btc_sha256_nonce,529369379.0000000000
122273190,13877702534015,btc_qm_engine,btc_leading_zeros,0.0000000000
122273191,13877702534161,btc_qm_engine,btc_sha256_elapsed_ns,2469.0000000000
122273192,13877702534528,btc_qm_engine,btc_lebesgue_scan_nonce,7.0000000000
122273193,13877702535195,btc_qm_engine,btc_sha256_nonce,47252265.0000000000
122273194,13877702535344,btc_qm_engine,btc_leading_zeros,0.0000000000
122273195,13877702535511,btc_qm_engine,btc_sha256_elapsed_ns,2403.0000000000
122273196,13877702535853,btc_qm_engine,btc_orbital_scan_nonce,529301557.0000000000
122273197,13877702537348,btc_qm_engine,btc_sha256_nonce,529415930.0000000000
122273198,13877702537534,btc_qm_engine,btc_leading_zeros,4.0000000000
122273199,13877702537687,btc_qm_engine,btc_sha256_elapsed_ns,2428.0000000000
122273200,13877702538042,btc_qm_engine,btc_orbital_scan_nonce,529360712.0000000000
122273201,13877702538568,btc_qm_engine,btc_sha256_nonce,529301557.0000000000
122273202,13877702538723,btc_qm_engine,btc_leading_zeros,0.0000000000
122273203,13877702538880,btc_qm_engine,btc_sha256_elapsed_ns,2357.0000000000
122273204,13877702540872,btc_qm_engine,btc_sha256_nonce,529360712.0000000000
122273205,13877702541034,btc_qm_engine,btc_leading_zeros,2.0000000000
122273206,13877702541191,btc_qm_engine,btc_sha256_elapsed_ns,2432.0000000000
122273207,13877702541552,btc_qm_engine,btc_orbital_scan_nonce,529378132.0000000000
122273208,13877702544307,btc_qm_engine,btc_sha256_nonce,529378132.0000000000
122273209,13877702544467,btc_qm_engine,btc_leading_zeros,1.0000000000
122273210,13877702544628,btc_qm_engine,btc_sha256_elapsed_ns,2523.0000000000
122273211,13877702545002,btc_qm_engine,btc_lebesgue_scan_nonce,4.0000000000
122273212,13877702547719,btc_qm_engine,btc_sha256_nonce,529502718.0000000000
122273213,13877702547899,btc_qm_engine,btc_leading_zeros,1.0000000000
122273214,13877702548068,btc_qm_engine,btc_sha256_elapsed_ns,2492.0000000000
122273215,13877702550976,btc_qm_engine,btc_sha256_nonce,48071555.0000000000
122273216,13877702551140,btc_qm_engine,btc_leading_zeros,1.0000000000
122273217,13877702551307,btc_qm_engine,btc_sha256_elapsed_ns,2450.0000000000
122273218,13877702554200,btc_qm_engine,btc_sha256_nonce,48081635.0000000000
122273219,13877702554353,btc_qm_engine,btc_leading_zeros,0.0000000000
122273220,13877702554501,btc_qm_engine,btc_sha256_elapsed_ns,2441.0000000000
122273221,13877702554854,btc_qm_engine,btc_lebesgue_scan_nonce,9.0000000000
122273222,13877702557538,btc_qm_engine,btc_sha256_nonce,529173038.0000000000
122273223,13877702557693,btc_qm_engine,btc_leading_zeros,1.0000000000
122273224,13877702557844,btc_qm_engine,btc_sha256_elapsed_ns,2440.0000000000
122273225,13877702558187,btc_qm_engine,btc_orbital_scan_nonce,529398652.0000000000
122273226,13877702560832,btc_qm_engine,btc_sha256_nonce,529398652.0000000000
122273227,13877702560982,btc_qm_engine,btc_leading_zeros,1.0000000000
122273228,13877702561119,btc_qm_engine,btc_sha256_elapsed_ns,2412.0000000000
122273229,13877702561451,btc_qm_engine,btc_orbital_scan_nonce,529346377.0000000000
122273230,13877702564244,btc_qm_engine,btc_sha256_nonce,529346377.0000000000
122273231,13877702564408,btc_qm_engine,btc_leading_zeros,0.0000000000
122273232,13877702564563,btc_qm_engine,btc_sha256_elapsed_ns,2545.0000000000
122273233,13877702567441,btc_qm_engine,btc_sha256_nonce,49023673.0000000000
122273234,13877702567599,btc_qm_engine,btc_leading_zeros,0.0000000000
122273235,13877702567756,btc_qm_engine,btc_sha256_elapsed_ns,2428.0000000000
122273236,13877702568108,btc_qm_engine,btc_orbital_scan_nonce,529378905.0000000000
122273237,13877702570783,btc_qm_engine,btc_sha256_nonce,529378905.0000000000
122273238,13877702570945,btc_qm_engine,btc_leading_zeros,0.0000000000
122273239,13877702571098,btc_qm_engine,btc_sha256_elapsed_ns,2438.0000000000
122273240,13877702573993,btc_qm_engine,btc_sha256_nonce,48206702.0000000000
122273241,13877702574151,btc_qm_engine,btc_leading_zeros,1.0000000000
122273242,13877702574314,btc_qm_engine,btc_sha256_elapsed_ns,2438.0000000000
122273243,13877702577218,btc_qm_engine,btc_sha256_nonce,47207034.0000000000
122273244,13877702577378,btc_qm_engine,btc_leading_zeros,0.0000000000
122273245,13877702577539,btc_qm_engine,btc_sha256_elapsed_ns,2450.0000000000
122273246,13877702580479,btc_qm_engine,btc_sha256_nonce,47764143.0000000000
122273247,13877702580639,btc_qm_engine,btc_leading_zeros,0.0000000000
122273248,13877702580799,btc_qm_engine,btc_sha256_elapsed_ns,2505.0000000000
122273249,13877702581156,btc_qm_engine,btc_lebesgue_scan_nonce,16.0000000000
122273250,13877702583924,btc_qm_engine,btc_sha256_nonce,529349911.0000000000
122273251,13877702584088,btc_qm_engine,btc_leading_zeros,0.0000000000
122273252,13877702584244,btc_qm_engine,btc_sha256_elapsed_ns,2527.0000000000
122273253,13877702584584,btc_qm_engine,btc_orbital_scan_nonce,529393849.0000000000
122273254,13877702587247,btc_qm_engine,btc_sha256_nonce,529393849.0000000000
122273255,13877702587400,btc_qm_engine,btc_leading_zeros,0.0000000000
122273256,13877702587552,btc_qm_engine,btc_sha256_elapsed_ns,2418.0000000000
122273257,13877702590506,btc_qm_engine,btc_sha256_nonce,47845497.0000000000
122273258,13877702590659,btc_qm_engine,btc_leading_zeros,0.0000000000
122273259,13877702590810,btc_qm_engine,btc_sha256_elapsed_ns,2484.0000000000
122273260,13877702591165,btc_qm_engine,btc_lebesgue_scan_nonce,17.0000000000
122273261,13877702593889,btc_qm_engine,btc_sha256_nonce,529424782.0000000000
122273262,13877702594047,btc_qm_engine,btc_leading_zeros,1.0000000000
122273263,13877702594204,btc_qm_engine,btc_sha256_elapsed_ns,2473.0000000000
122273264,13877702594550,btc_qm_engine,btc_orbital_scan_nonce,529354442.0000000000
122273265,13877702597237,btc_qm_engine,btc_sha256_nonce,529354442.0000000000
122273266,13877702597400,btc_qm_engine,btc_leading_zeros,0.0000000000
122273267,13877702597543,btc_qm_engine,btc_sha256_elapsed_ns,2455.0000000000
122273268,13877702597882,btc_qm_engine,btc_orbital_scan_nonce,529383076.0000000000
122273269,13877702600552,btc_qm_engine,btc_sha256_nonce,529383076.0000000000
122273270,13877702600707,btc_qm_engine,btc_leading_zeros,2.0000000000
122273271,13877702600858,btc_qm_engine,btc_sha256_elapsed_ns,2425.0000000000
122273272,13877702601184,btc_qm_engine,btc_orbital_scan_nonce,529340695.0000000000
122273273,13877702603863,btc_qm_engine,btc_sha256_nonce,529340695.0000000000
122273274,13877702604017,btc_qm_engine,btc_leading_zeros,1.0000000000
122273275,13877702604174,btc_qm_engine,btc_sha256_elapsed_ns,2453.0000000000
122273276,13877702607074,btc_qm_engine,btc_sha256_nonce,47308906.0000000000
122273277,13877702607229,btc_qm_engine,btc_leading_zeros,0.0000000000
122273278,13877702607391,btc_qm_engine,btc_sha256_elapsed_ns,2428.0000000000
122273279,13877702610288,btc_qm_engine,btc_sha256_nonce,48597036.0000000000
122273280,13877702610447,btc_qm_engine,btc_leading_zeros,1.0000000000
122273281,13877702610607,btc_qm_engine,btc_sha256_elapsed_ns,2433.0000000000
122273282,13877702610951,btc_qm_engine,btc_orbital_scan_nonce,529338694.0000000000
122273283,13877702613362,btc_qm_engine,btc_sha256_nonce,529338694.0000000000
122273284,13877702613497,btc_qm_engine,btc_leading_zeros,1.0000000000
122273285,13877702613641,btc_qm_engine,btc_sha256_elapsed_ns,2203.0000000000
122273286,13877702616536,btc_qm_engine,btc_sha256_nonce,47892736.0000000000
122273287,13877702616693,btc_qm_engine,btc_leading_zeros,0.0000000000
122273288,13877702616853,btc_qm_engine,btc_sha256_elapsed_ns,2474.0000000000
122273289,13877702619728,btc_qm_engine,btc_sha256_nonce,47045577.0000000000
122273290,13877702619896,btc_qm_engine,btc_leading_zeros,0.0000000000
122273291,13877702620062,btc_qm_engine,btc_sha256_elapsed_ns,2440.0000000000
122273292,13877702620394,btc_qm_engine,btc_orbital_scan_nonce,529329956.0000000000
122273293,13877702623107,btc_qm_engine,btc_sha256_nonce,529329956.0000000000
122273294,13877702623267,btc_qm_engine,btc_leading_zeros,0.0000000000
122273295,13877702623426,btc_qm_engine,btc_sha256_elapsed_ns,2478.0000000000
122273296,13877702623759,btc_qm_engine,btc_orbital_scan_nonce,529301557.0000000000
122273297,13877702626459,btc_qm_engine,btc_sha256_nonce,529301557.0000000000
122273298,13877702626630,btc_qm_engine,btc_leading_zeros,0.0000000000
122273299,13877702626798,btc_qm_engine,btc_sha256_elapsed_ns,2463.0000000000
122273300,13877702629742,btc_qm_engine,btc_sha256_nonce,47864601.0000000000
122273301,13877702629903,btc_qm_engine,btc_leading_zeros,3.0000000000
122273302,13877702630068,btc_qm_engine,btc_sha256_elapsed_ns,2443.0000000000
122273303,13877702633001,btc_qm_engine,btc_sha256_nonce,48480159.0000000000
122273304,13877702633158,btc_qm_engine,btc_leading_zeros,0.0000000000
122273305,13877702633318,btc_qm_engine,btc_sha256_elapsed_ns,2458.0000000000
122273306,13877702633683,btc_qm_engine,btc_lebesgue_scan_nonce,23.0000000000
122273307,13877702636354,btc_qm_engine,btc_sha256_nonce,529424180.0000000000
122273308,13877702636505,btc_qm_engine,btc_leading_zeros,4.0000000000
122273309,13877702636659,btc_qm_engine,btc_sha256_elapsed_ns,2416.0000000000
122273310,13877702639584,btc_qm_engine,btc_sha256_nonce,47003031.0000000000
122273311,13877702639739,btc_qm_engine,btc_leading_zeros,1.0000000000
122273312,13877702639904,btc_qm_engine,btc_sha256_elapsed_ns,2471.0000000000
122273313,13877702640239,btc_qm_engine,btc_orbital_scan_nonce,529313560.0000000000
122273314,13877702642937,btc_qm_engine,btc_sha256_nonce,529313560.0000000000
122273315,13877702643153,btc_qm_engine,btc_leading_zeros,0.0000000000
122273316,13877702643302,btc_qm_engine,btc_sha256_elapsed_ns,2463.0000000000
122273317,13877702643647,btc_qm_engine,btc_orbital_scan_nonce,529327828.0000000000
122273318,13877702646367,btc_qm_engine,btc_sha256_nonce,529327828.0000000000
122273319,13877702646524,btc_qm_engine,btc_leading_zeros,3.0000000000
122273320,13877702646678,btc_qm_engine,btc_sha256_elapsed_ns,2464.0000000000
122273321,13877702647025,btc_qm_engine,btc_orbital_scan_nonce,529369424.0000000000
122273322,13877702649775,btc_qm_engine,btc_sha256_nonce,529369424.0000000000
122273323,13877702649936,btc_qm_engine,btc_leading_zeros,1.0000000000
122273324,13877702650079,btc_qm_engine,btc_sha256_elapsed_ns,2516.0000000000
122273325,13877702653022,btc_qm_engine,btc_sha256_nonce,48925376.0000000000
122273326,13877702653192,btc_qm_engine,btc_leading_zeros,0.0000000000
122273327,13877702653342,btc_qm_engine,btc_sha256_elapsed_ns,2477.0000000000
122273328,13877702656302,btc_qm_engine,btc_sha256_nonce,48804463.0000000000
122273329,13877702656459,btc_qm_engine,btc_leading_zeros,0.0000000000
122273330,13877702656612,btc_qm_engine,btc_sha256_elapsed_ns,2506.0000000000
122273331,13877702659460,btc_qm_engine,btc_sha256_nonce,47196205.0000000000
122273332,13877702659619,btc_qm_engine,btc_leading_zeros,0.0000000000
122273333,13877702659784,btc_qm_engine,btc_sha256_elapsed_ns,2396.0000000000
122273334,13877702660151,btc_qm_engine,btc_lebesgue_scan_nonce,1.0000000000
122273335,13877702662857,btc_qm_engine,btc_sha256_nonce,529445814.0000000000
122273336,13877702663017,btc_qm_engine,btc_leading_zeros,0.0000000000
122273337,13877702663177,btc_qm_engine,btc_sha256_elapsed_ns,2461.0000000000
122273338,13877702663540,btc_qm_engine,btc_lebesgue_scan_nonce,15.0000000000
122273339,13877702666234,btc_qm_engine,btc_sha256_nonce,529364110.0000000000
122273340,13877702666387,btc_qm_engine,btc_leading_zeros,1.0000000000
122273341,13877702666533,btc_qm_engine,btc_sha256_elapsed_ns,2458.0000000000
122273342,13877702669428,btc_qm_engine,btc_sha256_nonce,47930241.0000000000
122273343,13877702669589,btc_qm_engine,btc_leading_zeros,1.0000000000
122273344,13877702669755,btc_qm_engine,btc_sha256_elapsed_ns,2463.0000000000
122273345,13877702672661,btc_qm_engine,btc_sha256_nonce,48150315.0000000000
122273346,13877702672818,btc_qm_engine,btc_leading_zeros,1.0000000000
122273347,13877702672969,btc_qm_engine,btc_sha256_elapsed_ns,2467.0000000000
122273348,13877702673314,btc_qm_engine,btc_orbital_scan_nonce,529346761.0000000000
122273349,13877702676046,btc_qm_engine,btc_sha256_nonce,529346761.0000000000
122273350,13877702676207,btc_qm_engine,btc_leading_zeros,0.0000000000
122273351,13877702676371,btc_qm_engine,btc_sha256_elapsed_ns,2486.0000000000
122273352,13877702679274,btc_qm_engine,btc_sha256_nonce,48099821.0000000000
122273353,13877702679415,btc_qm_engine,btc_leading_zeros,0.0000000000
122273354,13877702679566,btc_qm_engine,btc_sha256_elapsed_ns,2448.0000000000
122273355,13877702682514,btc_qm_engine,btc_sha256_nonce,48720283.0000000000
122273356,13877702682672,btc_qm_engine,btc_leading_zeros,1.0000000000
122273357,13877702682835,btc_qm_engine,btc_sha256_elapsed_ns,2509.0000000000
122273358,13877702683202,btc_qm_engine,btc_lebesgue_scan_nonce,6.0000000000
122273359,13877702685869,btc_qm_engine,btc_sha256_nonce,529405577.0000000000
122273360,13877702686025,btc_qm_engine,btc_leading_zeros,1.0000000000
122273361,13877702686179,btc_qm_engine,btc_sha256_elapsed_ns,2436.0000000000
122273362,13877702689114,btc_qm_engine,btc_sha256_nonce,47664153.0000000000
122273363,13877702689274,btc_qm_engine,btc_leading_zeros,0.0000000000
122273364,13877702689425,btc_qm_engine,btc_sha256_elapsed_ns,2486.0000000000
122273365,13877702692368,btc_qm_engine,btc_sha256_nonce,49152544.0000000000
122273366,13877702692536,btc_qm_engine,btc_leading_zeros,1.0000000000
122273367,13877702692684,btc_qm_engine,btc_sha256_elapsed_ns,2497.0000000000
122273368,13877702695454,btc_qm_engine,btc_sha256_nonce,48614261.0000000000
122273369,13877702695617,btc_qm_engine,btc_leading_zeros,2.0000000000
122273370,13877702695751,btc_qm_engine,btc_sha256_elapsed_ns,2330.0000000000
122273371,13877702698399,btc_qm_engine,btc_sha256_nonce,48394021.0000000000
122273372,13877702698552,btc_qm_engine,btc_leading_zeros,2.0000000000
122273373,13877702698720,btc_qm_engine,btc_sha256_elapsed_ns,2195.0000000000
122273374,13877702699061,btc_qm_engine,btc_orbital_scan_nonce,529333815.0000000000
122273375,13877702701656,btc_qm_engine,btc_sha256_nonce,529333815.0000000000
122273376,13877702701820,btc_qm_engine,btc_leading_zeros,0.0000000000
122273377,13877702701982,btc_qm_engine,btc_sha256_elapsed_ns,2350.0000000000
122273378,13877702704881,btc_qm_engine,btc_sha256_nonce,48827708.0000000000
122273379,13877702705050,btc_qm_engine,btc_leading_zeros,1.0000000000
122273380,13877702705202,btc_qm_engine,btc_sha256_elapsed_ns,2438.0000000000
122273381,13877702708085,btc_qm_engine,btc_sha256_nonce,48787730.0000000000
122273382,13877702708237,btc_qm_engine,btc_leading_zeros,3.0000000000
122273383,13877702708390,btc_qm_engine,btc_sha256_elapsed_ns,2439.0000000000
122273384,13877702708731,btc_qm_engine,btc_orbital_scan_nonce,529334802.0000000000
122273385,13877702711417,btc_qm_engine,btc_sha256_nonce,529334802.0000000000
122273386,13877702711584,btc_qm_engine,btc_leading_zeros,0.0000000000
122273387,13877702711742,btc_qm_engine,btc_sha256_elapsed_ns,2449.0000000000
122273388,13877702714613,btc_qm_engine,btc_sha256_nonce,47995100.0000000000
122273389,13877702714778,btc_qm_engine,btc_leading_zeros,0.0000000000
122273390,13877702714927,btc_qm_engine,btc_sha256_elapsed_ns,2417.0000000000
122273391,13877702717871,btc_qm_engine,btc_sha256_nonce,48490417.0000000000
122273392,13877702718036,btc_qm_engine,btc_leading_zeros,1.0000000000
122273393,13877702718200,btc_qm_engine,btc_sha256_elapsed_ns,2481.0000000000
122273394,13877702721137,btc_qm_engine,btc_sha256_nonce,48027396.0000000000
122273395,13877702721292,btc_qm_engine,btc_leading_zeros,2.0000000000
122273396,13877702721450,btc_qm_engine,btc_sha256_elapsed_ns,2492.0000000000
122273397,13877702724312,btc_qm_engine,btc_sha256_nonce,48224024.0000000000
122273398,13877702724472,btc_qm_engine,btc_leading_zeros,0.0000000000
122273399,13877702724633,btc_qm_engine,btc_sha256_elapsed_ns,2436.0000000000
122273400,13877702727539,btc_qm_engine,btc_sha256_nonce,48922840.0000000000
122273401,13877702727696,btc_qm_engine,btc_leading_zeros,1.0000000000
122273402,13877702727854,btc_qm_engine,btc_sha256_elapsed_ns,2459.0000000000
122273403,13877702730730,btc_qm_engine,btc_sha256_nonce,47354109.0000000000
122273404,13877702730892,btc_qm_engine,btc_leading_zeros,2.0000000000
122273405,13877702731052,btc_qm_engine,btc_sha256_elapsed_ns,2395.0000000000
122273406,13877702733947,btc_qm_engine,btc_sha256_nonce,47700819.0000000000
122273407,13877702734113,btc_qm_engine,btc_leading_zeros,0.0000000000
122273408,13877702734266,btc_qm_engine,btc_sha256_elapsed_ns,2457.0000000000
122273409,13877702737143,btc_qm_engine,btc_sha256_nonce,47835809.0000000000
122273410,13877702737300,btc_qm_engine,btc_leading_zeros,0.0000000000
122273411,13877702737456,btc_qm_engine,btc_sha256_elapsed_ns,2425.0000000000
122273412,13877702737825,btc_qm_engine,btc_lebesgue_scan_nonce,5.0000000000
122273413,13877702740515,btc_qm_engine,btc_sha256_nonce,529196188.0000000000
122273414,13877702740682,btc_qm_engine,btc_leading_zeros,0.0000000000
122273415,13877702740834,btc_qm_engine,btc_sha256_elapsed_ns,2457.0000000000
122273416,13877702741191,btc_qm_engine,btc_orbital_scan_nonce,529388184.0000000000
122273417,13877702743915,btc_qm_engine,btc_sha256_nonce,529388184.0000000000
122273418,13877702744081,btc_qm_engine,btc_leading_zeros,0.0000000000
122273419,13877702744234,btc_qm_engine,btc_sha256_elapsed_ns,2435.0000000000
