seq,ts_ns,module,key,value
270893,13825921159812,btc_qm_engine,btc_sha256_elapsed_ns,941.0000000000
270894,13825921159967,btc_qm_engine,btc_sha256_nonce,1133823889.0000000000
270895,13825921160182,btc_qm_engine,btc_leading_zeros,1.0000000000
270896,13825921160474,btc_qm_engine,btc_sha256_nonce,4191480490.0000000000
270897,13825921160848,btc_qm_engine,btc_sha256_nonce,1862932305.0000000000
270898,13825921160965,btc_qm_engine,btc_sha256_nonce,1942987259.0000000000
270899,13825921161046,btc_qm_engine,btc_leading_zeros,0.0000000000
270900,13825921161114,btc_qm_engine,btc_sha256_elapsed_ns,958.0000000000
270901,13825921161306,btc_qm_engine,btc_sha256_nonce,1970576510.0000000000
270902,13825921161552,btc_qm_engine,btc_sha256_nonce,155133872.0000000000
270903,13825921161857,btc_qm_engine,btc_leading_zeros,0.0000000000
270904,13825921162030,btc_qm_engine,btc_leading_zeros,0.0000000000
270905,13825921162107,btc_qm_engine,btc_sha256_elapsed_ns,1108.0000000000
270906,13825921162339,btc_qm_engine,btc_leading_zeros,0.0000000000
270907,13825921162667,btc_qm_engine,btc_sha256_elapsed_ns,948.0000000000
270908,13825921163169,btc_qm_engine,btc_sha256_nonce,1942803495.0000000000
270909,13825921163277,btc_qm_engine,btc_sha256_elapsed_ns,1120.0000000000
270910,13825921163531,btc_qm_engine,btc_leading_zeros,0.0000000000
270911,13825921163628,btc_qm_engine,btc_sha256_elapsed_ns,881.0000000000
270912,13825921163807,btc_qm_engine,btc_leading_zeros,1.0000000000
270913,13825921164157,btc_qm_engine,btc_sha256_elapsed_ns,1119.0000000000
270914,13825921164691,btc_qm_engine,btc_sha256_nonce,1324854803.0000000000
270915,13825921164778,btc_qm_engine,btc_leading_zeros,0.0000000000
270916,13825921164849,btc_qm_engine,btc_sha256_elapsed_ns,1114.0000000000
270917,13825921164988,btc_qm_engine,btc_sha256_nonce,1943381583.0000000000
270918,13825921165370,btc_qm_engine,btc_leading_zeros,0.0000000000
270919,13825921165472,btc_qm_engine,btc_sha256_nonce,497310572.0000000000
270920,13825921165571,btc_qm_engine,btc_leading_zeros,1.0000000000
270921,13825921165690,btc_qm_engine,btc_sha256_elapsed_ns,1055.0000000000
270922,13825921165895,btc_qm_engine,btc_sha256_elapsed_ns,736.0000000000
270923,13825921166188,btc_qm_engine,btc_sha256_nonce,3694632196.0000000000
270924,13825921166314,btc_qm_engine,btc_sha256_nonce,777122644.0000000000
270925,13825921167035,btc_qm_engine,btc_leading_zeros,0.0000000000
270926,13825921167252,btc_qm_engine,btc_leading_zeros,0.0000000000
270927,13825921167592,btc_qm_engine,btc_sha256_elapsed_ns,993.0000000000
270928,13825921167728,btc_qm_engine,btc_sha256_elapsed_ns,1069.0000000000
270929,13825921167920,btc_qm_engine,btc_sha256_elapsed_ns,1028.0000000000
270930,13825921168150,btc_qm_engine,btc_sha256_nonce,60663178.0000000000
270931,13825921168226,btc_qm_engine,btc_leading_zeros,2.0000000000
270932,13825921168296,btc_qm_engine,btc_sha256_elapsed_ns,1009.0000000000
270933,13825921168864,btc_qm_engine,btc_sha256_nonce,1605565139.0000000000
270934,13825921168965,btc_qm_engine,btc_leading_zeros,0.0000000000
270935,13825921169032,btc_qm_engine,btc_sha256_elapsed_ns,968.0000000000
270936,13825921169201,btc_qm_engine,btc_sha256_nonce,3293773822.0000000000
270937,13825921169513,btc_qm_engine,btc_sha256_nonce,1096752114.0000000000
270938,13825921170115,btc_qm_engine,btc_sha256_nonce,2135137995.0000000000
270939,13825921170276,btc_qm_engine,btc_leading_zeros,0.0000000000
270940,13825921170496,btc_qm_engine,btc_sha256_nonce,1606115733.0000000000
270941,13825921170632,btc_qm_engine,btc_leading_zeros,0.0000000000
270942,13825921170709,btc_qm_engine,btc_sha256_elapsed_ns,1089.0000000000
270943,13825921170809,btc_qm_engine,btc_sha256_nonce,2917928313.0000000000
270944,13825921171327,btc_qm_engine,btc_leading_zeros,0.0000000000
270945,13825921171685,btc_qm_engine,btc_sha256_elapsed_ns,1060.0000000000
270946,13825921171885,btc_qm_engine,btc_sha256_elapsed_ns,1100.0000000000
270947,13825921172435,btc_qm_engine,btc_sha256_nonce,2420871700.0000000000
270948,13825921172764,btc_qm_engine,btc_leading_zeros,0.0000000000
270949,13825921172844,btc_qm_engine,btc_sha256_elapsed_ns,1007.0000000000
270950,13825921173063,btc_qm_engine,btc_sha256_elapsed_ns,1076.0000000000
270951,13825921173474,btc_qm_engine,btc_sha256_nonce,559665702.0000000000
270952,13825921173828,btc_qm_engine,btc_leading_zeros,0.0000000000
270953,13825921174240,btc_qm_engine,btc_leading_zeros,1.0000000000
270954,13825921174640,btc_qm_engine,btc_sha256_nonce,46937655.0000000000
270955,13825921175379,btc_qm_engine,btc_sha256_nonce,1067586826.0000000000
270956,13825921175501,btc_qm_engine,btc_sha256_elapsed_ns,1045.0000000000
270957,13825921175749,btc_qm_engine,btc_leading_zeros,0.0000000000
270958,13825921175822,btc_qm_engine,btc_sha256_elapsed_ns,862.0000000000
270959,13825921175995,btc_qm_engine,btc_leading_zeros,0.0000000000
270960,13825921176345,btc_qm_engine,btc_sha256_elapsed_ns,1055.0000000000
270961,13825921176776,btc_qm_engine,btc_sha256_nonce,3135949063.0000000000
270962,13825921177019,btc_qm_engine,btc_sha256_nonce,439695066.0000000000
270963,13825921177122,btc_qm_engine,btc_leading_zeros,0.0000000000
270964,13825921177187,btc_qm_engine,btc_sha256_elapsed_ns,1004.0000000000
270965,13825921177363,btc_qm_engine,btc_sha256_elapsed_ns,1052.0000000000
270966,13825921177573,btc_qm_engine,btc_leading_zeros,2.0000000000
270967,13825921178248,btc_qm_engine,btc_sha256_nonce,1008938204.0000000000
270968,13825921178466,btc_qm_engine,btc_sha256_nonce,659829923.0000000000
270969,13825921178582,btc_qm_engine,btc_leading_zeros,1.0000000000
270970,13825921178744,btc_qm_engine,btc_sha256_nonce,1840887989.0000000000
270971,13825921178946,btc_qm_engine,btc_leading_zeros,0.0000000000
270972,13825921179180,btc_qm_engine,btc_leading_zeros,4.0000000000
270973,13825921179352,btc_qm_engine,btc_sha256_elapsed_ns,978.0000000000
270974,13825921179468,btc_qm_engine,btc_sha256_elapsed_ns,1087.0000000000
270975,13825921179855,btc_qm_engine,btc_sha256_elapsed_ns,1096.0000000000
270976,13825921180193,btc_qm_engine,btc_sha256_elapsed_ns,1091.0000000000
270977,13825921180328,btc_qm_engine,btc_sha256_nonce,2922927664.0000000000
270978,13825921180604,btc_qm_engine,btc_sha256_nonce,2811970313.0000000000
270979,13825921180813,btc_qm_engine,btc_leading_zeros,0.0000000000
270980,13825921181055,btc_qm_engine,btc_sha256_nonce,728637310.0000000000
270981,13825921181127,btc_qm_engine,btc_leading_zeros,0.0000000000
270982,13825921181296,btc_qm_engine,btc_sha256_elapsed_ns,1007.0000000000
270983,13825921181461,btc_qm_engine,btc_sha256_elapsed_ns,732.0000000000
270984,13825921181603,btc_qm_engine,btc_sha256_nonce,2085493024.0000000000
270985,13825921181920,btc_qm_engine,btc_leading_zeros,0.0000000000
270986,13825921182293,btc_qm_engine,btc_leading_zeros,0.0000000000
270987,13825921182374,btc_qm_engine,btc_sha256_elapsed_ns,1057.0000000000
270988,13825921182538,btc_qm_engine,btc_sha256_nonce,2775085856.0000000000
270989,13825921182639,btc_qm_engine,btc_leading_zeros,0.0000000000
270990,13825921183329,btc_qm_engine,btc_leading_zeros,1.0000000000
270991,13825921183554,btc_qm_engine,btc_sha256_nonce,2208479522.0000000000
270992,13825921183765,btc_qm_engine,btc_sha256_nonce,2748682953.0000000000
270993,13825921183879,btc_qm_engine,btc_leading_zeros,0.0000000000
270994,13825921183934,btc_qm_engine,btc_sha256_elapsed_ns,846.0000000000
270995,13825921184043,btc_qm_engine,btc_sha256_elapsed_ns,1040.0000000000
270996,13825921184315,btc_qm_engine,btc_sha256_elapsed_ns,1112.0000000000
270997,13825921184860,btc_qm_engine,btc_leading_zeros,1.0000000000
270998,13825921185279,btc_qm_engine,btc_sha256_elapsed_ns,896.0000000000
270999,13825921185447,btc_qm_engine,btc_sha256_nonce,1193956113.0000000000
271000,13825921185642,btc_qm_engine,btc_sha256_nonce,2972559368.0000000000
271001,13825921185726,btc_qm_engine,btc_leading_zeros,2.0000000000
271002,13825921185801,btc_qm_engine,btc_sha256_nonce,2865442811.0000000000
271003,13825921186081,btc_qm_engine,btc_sha256_nonce,380163897.0000000000
271004,13825921186161,btc_qm_engine,btc_leading_zeros,2.0000000000
271005,13825921186232,btc_qm_engine,btc_sha256_elapsed_ns,1106.0000000000
271006,13825921186369,btc_qm_engine,btc_sha256_elapsed_ns,980.0000000000
271007,13825921186545,btc_qm_engine,btc_leading_zeros,2.0000000000
271008,13825921186690,btc_qm_engine,btc_sha256_nonce,1943026598.0000000000
271009,13825921186762,btc_qm_engine,btc_leading_zeros,0.0000000000
271010,13825921186844,btc_qm_engine,btc_sha256_elapsed_ns,838.0000000000
271011,13825921186941,btc_qm_engine,btc_sha256_elapsed_ns,1047.0000000000
271012,13825921187332,btc_qm_engine,btc_sha256_elapsed_ns,1097.0000000000
271013,13825921187575,btc_qm_engine,btc_sha256_nonce,41832390.0000000000
271014,13825921187649,btc_qm_engine,btc_leading_zeros,0.0000000000
271015,13825921187802,btc_qm_engine,btc_sha256_nonce,3629350042.0000000000
271016,13825921188215,btc_qm_engine,btc_leading_zeros,2.0000000000
271017,13825921188584,btc_qm_engine,btc_sha256_nonce,3583413946.0000000000
271018,13825921188879,btc_qm_engine,btc_sha256_nonce,2602547754.0000000000
271019,13825921188961,btc_qm_engine,btc_leading_zeros,2.0000000000
271020,13825921189066,btc_qm_engine,btc_sha256_elapsed_ns,1064.0000000000
271021,13825921189325,btc_qm_engine,btc_sha256_elapsed_ns,1106.0000000000
271022,13825921190061,btc_qm_engine,btc_sha256_nonce,2913076417.0000000000
271023,13825921190132,btc_qm_engine,btc_leading_zeros,1.0000000000
271024,13825921190198,btc_qm_engine,btc_sha256_elapsed_ns,782.0000000000
271025,13825921190821,btc_qm_engine,btc_leading_zeros,0.0000000000
271026,13825921191079,btc_qm_engine,btc_sha256_nonce,2552976284.0000000000
271027,13825921191352,btc_qm_engine,btc_sha256_nonce,2210959913.0000000000
271028,13825921191617,btc_qm_engine,btc_leading_zeros,0.0000000000
271029,13825921191991,btc_qm_engine,btc_leading_zeros,0.0000000000
271030,13825921192061,btc_qm_engine,btc_sha256_elapsed_ns,1109.0000000000
271031,13825921192313,btc_qm_engine,btc_leading_zeros,1.0000000000
271032,13825921192534,btc_qm_engine,btc_sha256_elapsed_ns,1096.0000000000
271033,13825921192771,btc_qm_engine,btc_sha256_elapsed_ns,734.0000000000
271034,13825921193025,btc_qm_engine,btc_sha256_elapsed_ns,944.0000000000
271035,13825921193225,btc_qm_engine,btc_sha256_nonce,2201089681.0000000000
271036,13825921193521,btc_qm_engine,btc_sha256_nonce,2908493887.0000000000
271037,13825921193684,btc_qm_engine,btc_leading_zeros,2.0000000000
271038,13825921193795,btc_qm_engine,btc_sha256_elapsed_ns,1088.0000000000
271039,13825921193922,btc_qm_engine,btc_sha256_nonce,2814569085.0000000000
271040,13825921194072,btc_qm_engine,btc_leading_zeros,0.0000000000
271041,13825921194152,btc_qm_engine,btc_sha256_elapsed_ns,1090.0000000000
271042,13825921194402,btc_qm_engine,btc_sha256_nonce,4118087535.0000000000
271043,13825921194485,btc_qm_engine,btc_leading_zeros,2.0000000000
271044,13825921194657,btc_qm_engine,btc_leading_zeros,0.0000000000
271045,13825921194940,btc_qm_engine,btc_sha256_elapsed_ns,1108.0000000000
271046,13825921195189,btc_qm_engine,btc_sha256_nonce,1940351867.0000000000
271047,13825921195469,btc_qm_engine,btc_sha256_nonce,1193307792.0000000000
271048,13825921195731,btc_qm_engine,btc_sha256_elapsed_ns,1072.0000000000
271049,13825921195962,btc_qm_engine,btc_leading_zeros,4.0000000000
271050,13825921196015,btc_qm_engine,btc_sha256_elapsed_ns,1045.0000000000
271051,13825921196265,btc_qm_engine,btc_leading_zeros,1.0000000000
271052,13825921196449,btc_qm_engine,btc_leading_zeros,0.0000000000
271053,13825921196522,btc_qm_engine,btc_sha256_elapsed_ns,1068.0000000000
271054,13825921196776,btc_qm_engine,btc_sha256_elapsed_ns,982.0000000000
271055,13825921197265,btc_qm_engine,btc_sha256_elapsed_ns,728.0000000000
271056,13825921197396,btc_qm_engine,btc_sha256_nonce,1033603056.0000000000
271057,13825921197765,btc_qm_engine,btc_sha256_nonce,4121430021.0000000000
271058,13825921197840,btc_qm_engine,btc_leading_zeros,0.0000000000
271059,13825921198199,btc_qm_engine,btc_sha256_nonce,1915786713.0000000000
271060,13825921198318,btc_qm_engine,btc_sha256_elapsed_ns,1028.0000000000
271061,13825921198526,btc_qm_engine,btc_leading_zeros,0.0000000000
271062,13825921198662,btc_qm_engine,btc_sha256_nonce,4138868232.0000000000
271063,13825921198883,btc_qm_engine,btc_sha256_nonce,1554265946.0000000000
271064,13825921198958,btc_qm_engine,btc_leading_zeros,1.0000000000
271065,13825921199265,btc_qm_engine,btc_sha256_nonce,1606585979.0000000000
271066,13825921199500,btc_qm_engine,btc_sha256_nonce,2493708488.0000000000
271067,13825921199573,btc_qm_engine,btc_leading_zeros,1.0000000000
271068,13825921199631,btc_qm_engine,btc_sha256_elapsed_ns,924.0000000000
271069,13825921199744,btc_qm_engine,btc_leading_zeros,0.0000000000
271070,13825921199865,btc_qm_engine,btc_sha256_elapsed_ns,941.0000000000
271071,13825921200100,btc_qm_engine,btc_leading_zeros,0.0000000000
271072,13825921200222,btc_qm_engine,btc_sha256_elapsed_ns,1036.0000000000
271073,13825921200386,btc_qm_engine,btc_sha256_elapsed_ns,976.0000000000
271074,13825921200719,btc_qm_engine,btc_sha256_elapsed_ns,900.0000000000
271075,13825921200894,btc_qm_engine,btc_sha256_nonce,1741216871.0000000000
271076,13825921200968,btc_qm_engine,btc_leading_zeros,3.0000000000
271077,13825921201038,btc_qm_engine,btc_sha256_elapsed_ns,999.0000000000
271078,13825921201448,btc_qm_engine,btc_sha256_nonce,4238615399.0000000000
271079,13825921201526,btc_qm_engine,btc_leading_zeros,0.0000000000
271080,13825921201601,btc_qm_engine,btc_sha256_elapsed_ns,1063.0000000000
271081,13825921201726,btc_qm_engine,btc_leading_zeros,0.0000000000
271082,13825921201808,btc_qm_engine,btc_sha256_elapsed_ns,1133.0000000000
271083,13825921202043,btc_qm_engine,btc_sha256_nonce,442077606.0000000000
271084,13825921202167,btc_qm_engine,btc_sha256_nonce,2291143543.0000000000
271085,13825921202367,btc_qm_engine,btc_sha256_nonce,2768842132.0000000000
271086,13825921202628,btc_qm_engine,btc_leading_zeros,2.0000000000
271087,13825921202718,btc_qm_engine,btc_leading_zeros,0.0000000000
271088,13825921202857,btc_qm_engine,btc_sha256_nonce,4265884676.0000000000
271089,13825921202982,btc_qm_engine,btc_leading_zeros,4.0000000000
271090,13825921203141,btc_qm_engine,btc_sha256_nonce,3475986103.0000000000
271091,13825921203586,btc_qm_engine,btc_sha256_elapsed_ns,1087.0000000000
271092,13825921203728,btc_qm_engine,btc_sha256_elapsed_ns,1018.0000000000
271093,13825921203959,btc_qm_engine,btc_leading_zeros,0.0000000000
271094,13825921204033,btc_qm_engine,btc_sha256_elapsed_ns,1071.0000000000
271095,13825921204201,btc_qm_engine,btc_sha256_nonce,1853986500.0000000000
271096,13825921204532,btc_qm_engine,btc_sha256_nonce,2920514899.0000000000
271097,13825921204666,btc_qm_engine,btc_leading_zeros,1.0000000000
271098,13825921205272,btc_qm_engine,btc_sha256_elapsed_ns,734.0000000000
271099,13825921205515,btc_qm_engine,btc_sha256_nonce,1193525434.0000000000
271100,13825921206269,btc_qm_engine,btc_sha256_nonce,3081142225.0000000000
271101,13825921206623,btc_qm_engine,btc_sha256_nonce,1110524441.0000000000
271102,13825921207063,btc_qm_engine,btc_leading_zeros,2.0000000000
271103,13825921207494,btc_qm_engine,btc_leading_zeros,0.0000000000
271104,13825921207672,btc_qm_engine,btc_sha256_elapsed_ns,1085.0000000000
271105,13825921207908,btc_qm_engine,btc_sha256_elapsed_ns,1049.0000000000
271106,13825921208351,btc_qm_engine,btc_sha256_elapsed_ns,1111.0000000000
271107,13825921208836,btc_qm_engine,btc_leading_zeros,4.0000000000
271108,13825921209030,btc_qm_engine,btc_sha256_nonce,3951077520.0000000000
271109,13825921209103,btc_qm_engine,btc_leading_zeros,1.0000000000
271110,13825921209281,btc_qm_engine,btc_sha256_elapsed_ns,1096.0000000000
271111,13825921209627,btc_qm_engine,btc_sha256_elapsed_ns,973.0000000000
271112,13825921209850,btc_qm_engine,btc_sha256_nonce,3694402848.0000000000
271113,13825921209967,btc_qm_engine,btc_sha256_nonce,17263286.0000000000
271114,13825921210218,btc_qm_engine,btc_leading_zeros,1.0000000000
271115,13825921210388,btc_qm_engine,btc_leading_zeros,0.0000000000
271116,13825921210482,btc_qm_engine,btc_sha256_elapsed_ns,999.0000000000
271117,13825921210679,btc_qm_engine,btc_sha256_elapsed_ns,1070.0000000000
271118,13825921210977,btc_qm_engine,btc_sha256_nonce,2202107541.0000000000
271119,13825921211068,btc_qm_engine,btc_sha256_nonce,2123962572.0000000000
271120,13825921211242,btc_qm_engine,btc_sha256_nonce,2623119016.0000000000
271121,13825921211309,btc_qm_engine,btc_leading_zeros,0.0000000000
271122,13825921211476,btc_qm_engine,btc_leading_zeros,0.0000000000
271123,13825921211599,btc_qm_engine,btc_sha256_elapsed_ns,955.0000000000
271124,13825921211794,btc_qm_engine,btc_sha256_nonce,2930293087.0000000000
271125,13825921211902,btc_qm_engine,btc_leading_zeros,2.0000000000
271126,13825921211986,btc_qm_engine,btc_sha256_elapsed_ns,1046.0000000000
271127,13825921212143,btc_qm_engine,btc_leading_zeros,0.0000000000
271128,13825921212309,btc_qm_engine,btc_sha256_nonce,885591520.0000000000
271129,13825921212614,btc_qm_engine,btc_leading_zeros,0.0000000000
271130,13825921212732,btc_qm_engine,btc_sha256_elapsed_ns,980.0000000000
271131,13825921212912,btc_qm_engine,btc_sha256_elapsed_ns,993.0000000000
271132,13825921213188,btc_qm_engine,btc_sha256_nonce,2907852818.0000000000
271133,13825921213684,btc_qm_engine,btc_sha256_elapsed_ns,1060.0000000000
271134,13825921214037,btc_qm_engine,btc_sha256_nonce,1134457878.0000000000
271135,13825921214674,btc_qm_engine,btc_sha256_nonce,918170356.0000000000
271136,13825921215020,btc_qm_engine,btc_leading_zeros,2.0000000000
271137,13825921215095,btc_qm_engine,btc_sha256_elapsed_ns,724.0000000000
271138,13825921215504,btc_qm_engine,btc_sha256_nonce,1245000154.0000000000
271139,13825921215914,btc_qm_engine,btc_leading_zeros,0.0000000000
271140,13825921216458,btc_qm_engine,btc_sha256_nonce,4121339177.0000000000
271141,13825921217085,btc_qm_engine,btc_leading_zeros,3.0000000000
271142,13825921217426,btc_qm_engine,btc_sha256_nonce,2279982478.0000000000
271143,13825921217806,btc_qm_engine,btc_leading_zeros,1.0000000000
271144,13825921218565,btc_qm_engine,btc_sha256_elapsed_ns,1086.0000000000
271145,13825921219131,btc_qm_engine,btc_leading_zeros,0.0000000000
271146,13825921219520,btc_qm_engine,btc_leading_zeros,2.0000000000
271147,13825921219693,btc_qm_engine,btc_sha256_elapsed_ns,963.0000000000
271148,13825921219977,btc_qm_engine,btc_sha256_nonce,4149681803.0000000000
271149,13825921220060,btc_qm_engine,btc_sha256_elapsed_ns,1114.0000000000
271150,13825921220953,btc_qm_engine,btc_leading_zeros,1.0000000000
271151,13825921221376,btc_qm_engine,btc_sha256_elapsed_ns,1133.0000000000
271152,13825921221892,btc_qm_engine,btc_sha256_elapsed_ns,1109.0000000000
271153,13825921222338,btc_qm_engine,btc_sha256_nonce,332221347.0000000000
271154,13825921222710,btc_qm_engine,btc_leading_zeros,2.0000000000
271155,13825921222794,btc_qm_engine,btc_sha256_elapsed_ns,1056.0000000000
271156,13825921223181,btc_qm_engine,btc_sha256_elapsed_ns,968.0000000000
271157,13825921223417,btc_qm_engine,btc_sha256_nonce,3810209182.0000000000
271158,13825921223497,btc_qm_engine,btc_leading_zeros,1.0000000000
271159,13825921223560,btc_qm_engine,btc_sha256_elapsed_ns,999.0000000000
271160,13825921223721,btc_qm_engine,btc_sha256_nonce,1627236626.0000000000
271161,13825921223984,btc_qm_engine,btc_sha256_nonce,91032018.0000000000
271162,13825921224151,btc_qm_engine,btc_leading_zeros,2.0000000000
271163,13825921224369,btc_qm_engine,btc_sha256_nonce,2293427271.0000000000
271164,13825921224447,btc_qm_engine,btc_leading_zeros,1.0000000000
271165,13825921224685,btc_qm_engine,btc_sha256_elapsed_ns,1097.0000000000
271166,13825921224890,btc_qm_engine,btc_sha256_nonce,2698631648.0000000000
271167,13825921225044,btc_qm_engine,btc_leading_zeros,0.0000000000
271168,13825921225392,btc_qm_engine,btc_sha256_elapsed_ns,1056.0000000000
271169,13825921225730,btc_qm_engine,btc_leading_zeros,1.0000000000
271170,13825921225852,btc_qm_engine,btc_sha256_nonce,2201050162.0000000000
271171,13825921226029,btc_qm_engine,btc_sha256_elapsed_ns,1034.0000000000
271172,13825921226191,btc_qm_engine,btc_sha256_nonce,1941456845.0000000000
271173,13825921226502,btc_qm_engine,btc_leading_zeros,4.0000000000
271174,13825921226745,btc_qm_engine,btc_leading_zeros,0.0000000000
271175,13825921226889,btc_qm_engine,btc_sha256_nonce,1335889517.0000000000
271176,13825921226962,btc_qm_engine,btc_leading_zeros,2.0000000000
271177,13825921227112,btc_qm_engine,btc_leading_zeros,1.0000000000
271178,13825921227282,btc_qm_engine,btc_sha256_elapsed_ns,977.0000000000
271179,13825921227411,btc_qm_engine,btc_sha256_nonce,546574007.0000000000
271180,13825921227651,btc_qm_engine,btc_sha256_nonce,890360687.0000000000
271181,13825921228154,btc_qm_engine,btc_sha256_elapsed_ns,1036.0000000000
271182,13825921228473,btc_qm_engine,btc_sha256_nonce,2828812164.0000000000
271183,13825921228563,btc_qm_engine,btc_leading_zeros,1.0000000000
271184,13825921229186,btc_qm_engine,btc_leading_zeros,0.0000000000
271185,13825921229304,btc_qm_engine,btc_sha256_elapsed_ns,1115.0000000000
271186,13825921229496,btc_qm_engine,btc_sha256_elapsed_ns,869.0000000000
271187,13825921229649,btc_qm_engine,btc_sha256_elapsed_ns,1102.0000000000
271188,13825921230301,btc_qm_engine,btc_sha256_nonce,67262780.0000000000
271189,13825921230372,btc_qm_engine,btc_leading_zeros,0.0000000000
271190,13825921230440,btc_qm_engine,btc_sha256_elapsed_ns,744.0000000000
271191,13825921230657,btc_qm_engine,btc_sha256_nonce,1636005809.0000000000
271192,13825921230735,btc_qm_engine,btc_leading_zeros,0.0000000000
271193,13825921230880,btc_qm_engine,btc_sha256_nonce,3974312182.0000000000
271194,13825921231246,btc_qm_engine,btc_sha256_nonce,1095712667.0000000000
271195,13825921231512,btc_qm_engine,btc_leading_zeros,0.0000000000
271196,13825921231767,btc_qm_engine,btc_sha256_elapsed_ns,1125.0000000000
271197,13825921231925,btc_qm_engine,btc_leading_zeros,0.0000000000
271198,13825921232002,btc_qm_engine,btc_sha256_elapsed_ns,1089.0000000000
271199,13825921232213,btc_qm_engine,btc_sha256_nonce,875413035.0000000000
271200,13825921232491,btc_qm_engine,btc_sha256_elapsed_ns,1127.0000000000
271201,13825921232680,btc_qm_engine,btc_leading_zeros,0.0000000000
271202,13825921232762,btc_qm_engine,btc_sha256_elapsed_ns,871.0000000000
271203,13825921233356,btc_qm_engine,btc_sha256_nonce,1198201962.0000000000
271204,13825921233430,btc_qm_engine,btc_leading_zeros,1.0000000000
271205,13825921233506,btc_qm_engine,btc_sha256_elapsed_ns,1110.0000000000
271206,13825921233893,btc_qm_engine,btc_sha256_elapsed_ns,1071.0000000000
271207,13825921234048,btc_qm_engine,btc_sha256_nonce,2419430884.0000000000
271208,13825921234563,btc_qm_engine,btc_sha256_elapsed_ns,1048.0000000000
271209,13825921234703,btc_qm_engine,btc_sha256_nonce,1941140693.0000000000
271210,13825921234868,btc_qm_engine,btc_sha256_nonce,1865544563.0000000000
271211,13825921234947,btc_qm_engine,btc_leading_zeros,0.0000000000
271212,13825921235031,btc_qm_engine,btc_sha256_elapsed_ns,1066.0000000000
271213,13825921235157,btc_qm_engine,btc_leading_zeros,3.0000000000
271214,13825921235348,btc_qm_engine,btc_leading_zeros,2.0000000000
271215,13825921235471,btc_qm_engine,btc_sha256_elapsed_ns,1112.0000000000
271216,13825921235669,btc_qm_engine,btc_sha256_nonce,2008624335.0000000000
271217,13825921235843,btc_qm_engine,btc_sha256_nonce,3384779457.0000000000
271218,13825921235913,btc_qm_engine,btc_leading_zeros,1.0000000000
271219,13825921235988,btc_qm_engine,btc_sha256_elapsed_ns,1058.0000000000
271220,13825921236372,btc_qm_engine,btc_sha256_nonce,3854448461.0000000000
271221,13825921236729,btc_qm_engine,btc_sha256_nonce,2629087232.0000000000
271222,13825921236806,btc_qm_engine,btc_leading_zeros,1.0000000000
271223,13825921237034,btc_qm_engine,btc_leading_zeros,3.0000000000
271224,13825921237158,btc_qm_engine,btc_sha256_elapsed_ns,972.0000000000
271225,13825921237476,btc_qm_engine,btc_sha256_nonce,342987871.0000000000
271226,13825921237637,btc_qm_engine,btc_sha256_elapsed_ns,1095.0000000000
271227,13825921237838,btc_qm_engine,btc_leading_zeros,1.0000000000
271228,13825921238214,btc_qm_engine,btc_leading_zeros,0.0000000000
271229,13825921238305,btc_qm_engine,btc_sha256_elapsed_ns,767.0000000000
271230,13825921238656,btc_qm_engine,btc_sha256_nonce,4290986706.0000000000
271231,13825921238987,btc_qm_engine,btc_leading_zeros,0.0000000000
271232,13825921239311,btc_qm_engine,btc_sha256_nonce,3662474963.0000000000
271233,13825921239472,btc_qm_engine,btc_sha256_elapsed_ns,1080.0000000000
271234,13825921239829,btc_qm_engine,btc_sha256_nonce,3612671606.0000000000
271235,13825921240414,btc_qm_engine,btc_sha256_elapsed_ns,976.0000000000
271236,13825921240625,btc_qm_engine,btc_sha256_elapsed_ns,1069.0000000000
271237,13825921240955,btc_qm_engine,btc_sha256_nonce,1530781059.0000000000
271238,13825921241481,btc_qm_engine,btc_sha256_nonce,2259279740.0000000000
271239,13825921241683,btc_qm_engine,btc_leading_zeros,0.0000000000
271240,13825921241766,btc_qm_engine,btc_sha256_elapsed_ns,1041.0000000000
271241,13825921241952,btc_qm_engine,btc_sha256_nonce,4122279430.0000000000
271242,13825921242030,btc_qm_engine,btc_leading_zeros,0.0000000000
271243,13825921242159,btc_qm_engine,btc_leading_zeros,0.0000000000
271244,13825921242229,btc_qm_engine,btc_sha256_elapsed_ns,969.0000000000
271245,13825921242425,btc_qm_engine,btc_leading_zeros,0.0000000000
271246,13825921242610,btc_qm_engine,btc_sha256_elapsed_ns,980.0000000000
271247,13825921242799,btc_qm_engine,btc_sha256_elapsed_ns,724.0000000000
271248,13825921243172,btc_qm_engine,btc_sha256_nonce,718816898.0000000000
271249,13825921243333,btc_qm_engine,btc_leading_zeros,4.0000000000
271250,13825921243648,btc_qm_engine,btc_leading_zeros,1.0000000000
271251,13825921243924,btc_qm_engine,btc_sha256_nonce,1752070350.0000000000
271252,13825921244001,btc_qm_engine,btc_leading_zeros,2.0000000000
271253,13825921244173,btc_qm_engine,btc_sha256_elapsed_ns,1044.0000000000
271254,13825921244365,btc_qm_engine,btc_sha256_nonce,3550548709.0000000000
271255,13825921244537,btc_qm_engine,btc_sha256_elapsed_ns,1110.0000000000
271256,13825921244858,btc_qm_engine,btc_sha256_nonce,88426956.0000000000
271257,13825921245263,btc_qm_engine,btc_sha256_nonce,2741827230.0000000000
271258,13825921245385,btc_qm_engine,btc_leading_zeros,0.0000000000
271259,13825921245472,btc_qm_engine,btc_sha256_elapsed_ns,1081.0000000000
271260,13825921245630,btc_qm_engine,btc_leading_zeros,0.0000000000
271261,13825921245750,btc_qm_engine,btc_leading_zeros,1.0000000000
271262,13825921245955,btc_qm_engine,btc_sha256_elapsed_ns,962.0000000000
271263,13825921246267,btc_qm_engine,btc_sha256_elapsed_ns,1074.0000000000
271264,13825921246386,btc_qm_engine,btc_leading_zeros,0.0000000000
271265,13825921246571,btc_qm_engine,btc_sha256_nonce,1507857683.0000000000
271266,13825921246659,btc_qm_engine,btc_leading_zeros,0.0000000000
271267,13825921246772,btc_qm_engine,btc_sha256_elapsed_ns,821.0000000000
271268,13825921246914,btc_qm_engine,btc_sha256_nonce,1531818537.0000000000
271269,13825921246984,btc_qm_engine,btc_leading_zeros,0.0000000000
271270,13825921247038,btc_qm_engine,btc_sha256_elapsed_ns,1054.0000000000
271271,13825921247268,btc_qm_engine,btc_sha256_elapsed_ns,725.0000000000
271272,13825921247537,btc_qm_engine,btc_sha256_nonce,2789626018.0000000000
271273,13825921247641,btc_qm_engine,btc_leading_zeros,1.0000000000
271274,13825921247859,btc_qm_engine,btc_sha256_nonce,1835783888.0000000000
271275,13825921247949,btc_qm_engine,btc_leading_zeros,0.0000000000
271276,13825921248073,btc_qm_engine,btc_sha256_elapsed_ns,1065.0000000000
271277,13825921248230,btc_qm_engine,btc_sha256_elapsed_ns,984.0000000000
271278,13825921248433,btc_qm_engine,btc_sha256_nonce,2881856090.0000000000
271279,13825921248523,btc_qm_engine,btc_leading_zeros,1.0000000000
271280,13825921248636,btc_qm_engine,btc_sha256_nonce,1321442057.0000000000
271281,13825921248865,btc_qm_engine,btc_sha256_nonce,16923069.0000000000
271282,13825921248945,btc_qm_engine,btc_leading_zeros,1.0000000000
271283,13825921249014,btc_qm_engine,btc_sha256_elapsed_ns,983.0000000000
271284,13825921249141,btc_qm_engine,btc_sha256_nonce,2803607616.0000000000
271285,13825921249316,btc_qm_engine,btc_leading_zeros,0.0000000000
271286,13825921249438,btc_qm_engine,btc_sha256_elapsed_ns,1118.0000000000
271287,13825921249691,btc_qm_engine,btc_sha256_nonce,1956807511.0000000000
271288,13825921249992,btc_qm_engine,btc_sha256_nonce,2201191069.0000000000
271289,13825921250088,btc_qm_engine,btc_leading_zeros,4.0000000000
271290,13825921250164,btc_qm_engine,btc_sha256_elapsed_ns,1083.0000000000
271291,13825921250297,btc_qm_engine,btc_sha256_nonce,2626081011.0000000000
271292,13825921250381,btc_qm_engine,btc_leading_zeros,1.0000000000
271293,13825921250537,btc_qm_engine,btc_leading_zeros,2.0000000000
271294,13825921251123,btc_qm_engine,btc_sha256_elapsed_ns,1071.0000000000
271295,13825921251241,btc_qm_engine,btc_sha256_elapsed_ns,1136.0000000000
271296,13825921251398,btc_qm_engine,btc_sha256_nonce,2200979144.0000000000
271297,13825921251476,btc_qm_engine,btc_leading_zeros,2.0000000000
271298,13825921251547,btc_qm_engine,btc_sha256_elapsed_ns,919.0000000000
271299,13825921251713,btc_qm_engine,btc_leading_zeros,0.0000000000
271300,13825921252086,btc_qm_engine,btc_sha256_elapsed_ns,921.0000000000
271301,13825921252607,btc_qm_engine,btc_sha256_nonce,4286931982.0000000000
271302,13825921252686,btc_qm_engine,btc_leading_zeros,0.0000000000
271303,13825921252904,btc_qm_engine,btc_sha256_nonce,1393804817.0000000000
271304,13825921253028,btc_qm_engine,btc_sha256_elapsed_ns,1058.0000000000
271305,13825921253315,btc_qm_engine,btc_leading_zeros,0.0000000000
271306,13825921253416,btc_qm_engine,btc_sha256_nonce,3038313069.0000000000
271307,13825921253566,btc_qm_engine,btc_sha256_nonce,3267874371.0000000000
271308,13825921253845,btc_qm_engine,btc_leading_zeros,9.0000000000
271309,13825921253933,btc_qm_engine,btc_sha256_elapsed_ns,1085.0000000000
271310,13825921254011,btc_qm_engine,btc_sha256_elapsed_ns,1099.0000000000
271311,13825921254173,btc_qm_engine,btc_sha256_elapsed_ns,1079.0000000000
271312,13825921254342,btc_qm_engine,btc_sha256_nonce,172450204.0000000000
271313,13825921254689,btc_qm_engine,btc_sha256_elapsed_ns,1025.0000000000
271314,13825921254845,btc_qm_engine,btc_leading_zeros,2.0000000000
271315,13825921254934,btc_qm_engine,btc_sha256_elapsed_ns,1027.0000000000
271316,13825921255230,btc_qm_engine,btc_sha256_nonce,2200718383.0000000000
271317,13825921255305,btc_qm_engine,btc_leading_zeros,1.0000000000
271318,13825921255376,btc_qm_engine,btc_sha256_elapsed_ns,1048.0000000000
271319,13825921255810,btc_qm_engine,btc_sha256_nonce,16567586.0000000000
271320,13825921255913,btc_qm_engine,btc_leading_zeros,3.0000000000
271321,13825921255991,btc_qm_engine,btc_sha256_elapsed_ns,1085.0000000000
271322,13825921256132,btc_qm_engine,btc_sha256_nonce,3245328607.0000000000
271323,13825921256212,btc_qm_engine,btc_leading_zeros,0.0000000000
271324,13825921256301,btc_qm_engine,btc_sha256_elapsed_ns,1136.0000000000
271325,13825921256577,btc_qm_engine,btc_leading_zeros,0.0000000000
271326,13825921256811,btc_qm_engine,btc_sha256_nonce,4107197154.0000000000
271327,13825921257131,btc_qm_engine,btc_sha256_nonce,3366712207.0000000000
271328,13825921257280,btc_qm_engine,btc_sha256_nonce,2878314086.0000000000
271329,13825921257351,btc_qm_engine,btc_leading_zeros,0.0000000000
271330,13825921257419,btc_qm_engine,btc_sha256_elapsed_ns,1051.0000000000
271331,13825921257542,btc_qm_engine,btc_leading_zeros,1.0000000000
271332,13825921257617,btc_qm_engine,btc_sha256_elapsed_ns,1113.0000000000
271333,13825921257896,btc_qm_engine,btc_leading_zeros,4.0000000000
271334,13825921258277,btc_qm_engine,btc_sha256_elapsed_ns,1120.0000000000
271335,13825921258362,btc_qm_engine,btc_sha256_nonce,3001094799.0000000000
271336,13825921258709,btc_qm_engine,btc_leading_zeros,3.0000000000
271337,13825921258792,btc_qm_engine,btc_sha256_elapsed_ns,999.0000000000
271338,13825921258929,btc_qm_engine,btc_sha256_nonce,2869986023.0000000000
271339,13825921259002,btc_qm_engine,btc_leading_zeros,0.0000000000
271340,13825921259304,btc_qm_engine,btc_sha256_elapsed_ns,1073.0000000000
271341,13825921259565,btc_qm_engine,btc_sha256_nonce,3598871912.0000000000
271342,13825921259946,btc_qm_engine,btc_sha256_nonce,992641740.0000000000
271343,13825921260064,btc_qm_engine,btc_leading_zeros,0.0000000000
271344,13825921260138,btc_qm_engine,btc_sha256_elapsed_ns,888.0000000000
271345,13825921260375,btc_qm_engine,btc_sha256_nonce,2127720502.0000000000
271346,13825921260528,btc_qm_engine,btc_leading_zeros,1.0000000000
271347,13825921260625,btc_qm_engine,btc_sha256_elapsed_ns,1038.0000000000
271348,13825921260742,btc_qm_engine,btc_sha256_nonce,914659773.0000000000
271349,13825921260979,btc_qm_engine,btc_leading_zeros,4.0000000000
271350,13825921261124,btc_qm_engine,btc_sha256_nonce,1605411419.0000000000
271351,13825921261198,btc_qm_engine,btc_leading_zeros,1.0000000000
271352,13825921261265,btc_qm_engine,btc_sha256_elapsed_ns,734.0000000000
271353,13825921261432,btc_qm_engine,btc_leading_zeros,0.0000000000
271354,13825921261563,btc_qm_engine,btc_sha256_elapsed_ns,1122.0000000000
271355,13825921261867,btc_qm_engine,btc_sha256_elapsed_ns,1111.0000000000
271356,13825921262021,btc_qm_engine,btc_sha256_nonce,398419285.0000000000
271357,13825921262093,btc_qm_engine,btc_leading_zeros,0.0000000000
271358,13825921262313,btc_qm_engine,btc_sha256_elapsed_ns,1111.0000000000
271359,13825921262493,btc_qm_engine,btc_sha256_elapsed_ns,1052.0000000000
271360,13825921262807,btc_qm_engine,btc_sha256_nonce,1772012513.0000000000
271361,13825921262957,btc_qm_engine,btc_sha256_nonce,3232608398.0000000000
271362,13825921263202,btc_qm_engine,btc_sha256_nonce,1547026148.0000000000
271363,13825921263453,btc_qm_engine,btc_leading_zeros,3.0000000000
271364,13825921263549,btc_qm_engine,btc_leading_zeros,1.0000000000
271365,13825921263638,btc_qm_engine,btc_sha256_elapsed_ns,994.0000000000
271366,13825921263721,btc_qm_engine,btc_sha256_nonce,3200951537.0000000000
271367,13825921264162,btc_qm_engine,btc_sha256_nonce,3876520642.0000000000
271368,13825921264334,btc_qm_engine,btc_sha256_nonce,1530980843.0000000000
271369,13825921264538,btc_qm_engine,btc_leading_zeros,2.0000000000
271370,13825921264661,btc_qm_engine,btc_sha256_nonce,2344809216.0000000000
271371,13825921264732,btc_qm_engine,btc_leading_zeros,1.0000000000
271372,13825921264824,btc_qm_engine,btc_sha256_elapsed_ns,783.0000000000
271373,13825921264966,btc_qm_engine,btc_leading_zeros,2.0000000000
271374,13825921265176,btc_qm_engine,btc_sha256_elapsed_ns,1072.0000000000
271375,13825921265816,btc_qm_engine,btc_sha256_nonce,762659851.0000000000
271376,13825921265892,btc_qm_engine,btc_leading_zeros,0.0000000000
271377,13825921265968,btc_qm_engine,btc_sha256_elapsed_ns,771.0000000000
271378,13825921266036,btc_qm_engine,btc_sha256_elapsed_ns,1092.0000000000
271379,13825921266664,btc_qm_engine,btc_sha256_nonce,80636395.0000000000
271380,13825921266977,btc_qm_engine,btc_sha256_nonce,2201111438.0000000000
271381,13825921267052,btc_qm_engine,btc_leading_zeros,0.0000000000
271382,13825921267121,btc_qm_engine,btc_sha256_elapsed_ns,1075.0000000000
271383,13825921267352,btc_qm_engine,btc_leading_zeros,3.0000000000
271384,13825921267699,btc_qm_engine,btc_leading_zeros,1.0000000000
271385,13825921267980,btc_qm_engine,btc_sha256_nonce,47838698.0000000000
271386,13825921268198,btc_qm_engine,btc_leading_zeros,4.0000000000
271387,13825921268743,btc_qm_engine,btc_sha256_nonce,4069281563.0000000000
271388,13825921269209,btc_qm_engine,btc_sha256_nonce,3939188360.0000000000
271389,13825921269295,btc_qm_engine,btc_leading_zeros,0.0000000000
271390,13825921269542,btc_qm_engine,btc_leading_zeros,2.0000000000
271391,13825921269617,btc_qm_engine,btc_sha256_elapsed_ns,1093.0000000000
271392,13825921269700,btc_qm_engine,btc_sha256_elapsed_ns,944.0000000000
271393,13825921269828,btc_qm_engine,btc_sha256_elapsed_ns,1073.0000000000
271394,13825921270629,btc_qm_engine,btc_leading_zeros,0.0000000000
271395,13825921270897,btc_qm_engine,btc_sha256_nonce,851826078.0000000000
271396,13825921270986,btc_qm_engine,btc_leading_zeros,1.0000000000
271397,13825921271056,btc_qm_engine,btc_sha256_nonce,4230424551.0000000000
271398,13825921271204,btc_qm_engine,btc_sha256_nonce,3784164256.0000000000
271399,13825921271286,btc_qm_engine,btc_leading_zeros,0.0000000000
271400,13825921271353,btc_qm_engine,btc_sha256_elapsed_ns,1077.0000000000
271401,13825921271552,btc_qm_engine,btc_sha256_elapsed_ns,755.0000000000
271402,13825921271719,btc_qm_engine,btc_leading_zeros,0.0000000000
271403,13825921272103,btc_qm_engine,btc_sha256_elapsed_ns,988.0000000000
271404,13825921272743,btc_qm_engine,btc_sha256_nonce,2200959717.0000000000
271405,13825921272813,btc_qm_engine,btc_leading_zeros,1.0000000000
271406,13825921272864,btc_qm_engine,btc_sha256_elapsed_ns,1114.0000000000
271407,13825921273075,btc_qm_engine,btc_sha256_nonce,2576100614.0000000000
271408,13825921273153,btc_qm_engine,btc_leading_zeros,1.0000000000
271409,13825921273216,btc_qm_engine,btc_sha256_elapsed_ns,1037.0000000000
271410,13825921273438,btc_qm_engine,btc_leading_zeros,0.0000000000
271411,13825921273731,btc_qm_engine,btc_sha256_elapsed_ns,1076.0000000000
271412,13825921274255,btc_qm_engine,btc_sha256_nonce,2533155687.0000000000
271413,13825921274329,btc_qm_engine,btc_leading_zeros,0.0000000000
271414,13825921274394,btc_qm_engine,btc_sha256_elapsed_ns,1134.0000000000
271415,13825921274532,btc_qm_engine,btc_sha256_nonce,1736399541.0000000000
271416,13825921274614,btc_qm_engine,btc_leading_zeros,0.0000000000
271417,13825921274674,btc_qm_engine,btc_sha256_elapsed_ns,1014.0000000000
271418,13825921274794,btc_qm_engine,btc_sha256_elapsed_ns,866.0000000000
271419,13825921275254,btc_qm_engine,btc_sha256_elapsed_ns,1099.0000000000
271420,13825921275736,btc_qm_engine,btc_sha256_nonce,877211687.0000000000
271421,13825921276024,btc_qm_engine,btc_sha256_nonce,4183333394.0000000000
271422,13825921276168,btc_qm_engine,btc_leading_zeros,0.0000000000
271423,13825921276373,btc_qm_engine,btc_sha256_nonce,2201581624.0000000000
271424,13825921276869,btc_qm_engine,btc_sha256_elapsed_ns,975.0000000000
271425,13825921277588,btc_qm_engine,btc_sha256_elapsed_ns,838.0000000000
271426,13825921277813,btc_qm_engine,btc_leading_zeros,1.0000000000
271427,13825921278080,btc_qm_engine,btc_sha256_nonce,2106060223.0000000000
271428,13825921278197,btc_qm_engine,btc_sha256_elapsed_ns,1091.0000000000
271429,13825921278289,btc_qm_engine,btc_sha256_nonce,140984376.0000000000
271430,13825921278465,btc_qm_engine,btc_leading_zeros,0.0000000000
271431,13825921278543,btc_qm_engine,btc_sha256_elapsed_ns,1076.0000000000
271432,13825921278688,btc_qm_engine,btc_leading_zeros,0.0000000000
271433,13825921278768,btc_qm_engine,btc_sha256_elapsed_ns,875.0000000000
271434,13825921278848,btc_qm_engine,btc_sha256_nonce,2365791880.0000000000
271435,13825921278929,btc_qm_engine,btc_leading_zeros,1.0000000000
271436,13825921279000,btc_qm_engine,btc_sha256_elapsed_ns,1042.0000000000
271437,13825921279289,btc_qm_engine,btc_leading_zeros,0.0000000000
271438,13825921279541,btc_qm_engine,btc_sha256_nonce,2091828217.0000000000
271439,13825921279630,btc_qm_engine,btc_leading_zeros,1.0000000000
271440,13825921279763,btc_qm_engine,btc_sha256_nonce,1358686180.0000000000
271441,13825921279983,btc_qm_engine,btc_sha256_nonce,3143988351.0000000000
271442,13825921280147,btc_qm_engine,btc_sha256_nonce,1940829195.0000000000
271443,13825921280252,btc_qm_engine,btc_leading_zeros,1.0000000000
271444,13825921280327,btc_qm_engine,btc_sha256_nonce,72973440.0000000000
271445,13825921280419,btc_qm_engine,btc_sha256_elapsed_ns,1077.0000000000
271446,13825921280672,btc_qm_engine,btc_leading_zeros,0.0000000000
271447,13825921280846,btc_qm_engine,btc_leading_zeros,0.0000000000
271448,13825921280926,btc_qm_engine,btc_sha256_elapsed_ns,1081.0000000000
271449,13825921281185,btc_qm_engine,btc_sha256_elapsed_ns,1110.0000000000
271450,13825921281312,btc_qm_engine,btc_sha256_elapsed_ns,1063.0000000000
271451,13825921281650,btc_qm_engine,btc_sha256_elapsed_ns,849.0000000000
271452,13825921282114,btc_qm_engine,btc_sha256_nonce,2451403553.0000000000
271453,13825921282189,btc_qm_engine,btc_leading_zeros,1.0000000000
271454,13825921282248,btc_qm_engine,btc_sha256_elapsed_ns,1078.0000000000
271455,13825921282433,btc_qm_engine,btc_sha256_nonce,1995475429.0000000000
271456,13825921282603,btc_qm_engine,btc_sha256_nonce,1507928597.0000000000
271457,13825921282801,btc_qm_engine,btc_sha256_nonce,2220341397.0000000000
271458,13825921283075,btc_qm_engine,btc_leading_zeros,3.0000000000
271459,13825921283235,btc_qm_engine,btc_leading_zeros,0.0000000000
271460,13825921283313,btc_qm_engine,btc_sha256_elapsed_ns,1069.0000000000
271461,13825921283494,btc_qm_engine,btc_sha256_nonce,17292444.0000000000
271462,13825921283663,btc_qm_engine,btc_sha256_nonce,2201297148.0000000000
271463,13825921283744,btc_qm_engine,btc_leading_zeros,0.0000000000
271464,13825921283809,btc_qm_engine,btc_sha256_elapsed_ns,1107.0000000000
271465,13825921284682,btc_qm_engine,btc_sha256_nonce,3714870401.0000000000
271466,13825921284761,btc_qm_engine,btc_leading_zeros,2.0000000000
271467,13825921284834,btc_qm_engine,btc_sha256_elapsed_ns,1076.0000000000
271468,13825921285058,btc_qm_engine,btc_sha256_elapsed_ns,1094.0000000000
271469,13825921285553,btc_qm_engine,btc_sha256_nonce,258204338.0000000000
271470,13825921285753,btc_qm_engine,btc_sha256_elapsed_ns,1031.0000000000
271471,13825921286021,btc_qm_engine,btc_leading_zeros,0.0000000000
271472,13825921286279,btc_qm_engine,btc_sha256_nonce,3681661535.0000000000
271473,13825921286455,btc_qm_engine,btc_sha256_elapsed_ns,1089.0000000000
271474,13825921286622,btc_qm_engine,btc_sha256_nonce,1941500015.0000000000
271475,13825921286765,btc_qm_engine,btc_leading_zeros,1.0000000000
271476,13825921287013,btc_qm_engine,btc_leading_zeros,3.0000000000
271477,13825921287159,btc_qm_engine,btc_sha256_nonce,3406896347.0000000000
271478,13825921287575,btc_qm_engine,btc_sha256_nonce,1531887196.0000000000
271479,13825921287805,btc_qm_engine,btc_sha256_nonce,2201980656.0000000000
271480,13825921287894,btc_qm_engine,btc_leading_zeros,0.0000000000
271481,13825921287963,btc_qm_engine,btc_sha256_elapsed_ns,1085.0000000000
271482,13825921288248,btc_qm_engine,btc_leading_zeros,2.0000000000
271483,13825921288670,btc_qm_engine,btc_sha256_elapsed_ns,1122.0000000000
271484,13825921288868,btc_qm_engine,btc_leading_zeros,0.0000000000
271485,13825921288941,btc_qm_engine,btc_sha256_elapsed_ns,1077.0000000000
271486,13825921289030,btc_qm_engine,btc_leading_zeros,0.0000000000
271487,13825921289308,btc_qm_engine,btc_sha256_nonce,2314434994.0000000000
271488,13825921289540,btc_qm_engine,btc_leading_zeros,0.0000000000
271489,13825921289629,btc_qm_engine,btc_leading_zeros,0.0000000000
271490,13825921289817,btc_qm_engine,btc_sha256_elapsed_ns,1007.0000000000
271491,13825921289932,btc_qm_engine,btc_sha256_nonce,3619527712.0000000000
271492,13825921290135,btc_qm_engine,btc_sha256_nonce,2186003285.0000000000
271493,13825921290280,btc_qm_engine,btc_leading_zeros,1.0000000000
271494,13825921290371,btc_qm_engine,btc_leading_zeros,0.0000000000
271495,13825921290451,btc_qm_engine,btc_sha256_elapsed_ns,1090.0000000000
271496,13825921290586,btc_qm_engine,btc_leading_zeros,3.0000000000
271497,13825921290679,btc_qm_engine,btc_sha256_elapsed_ns,1092.0000000000
271498,13825921291103,btc_qm_engine,btc_sha256_elapsed_ns,1084.0000000000
271499,13825921291454,btc_qm_engine,btc_sha256_nonce,16613892.0000000000
271500,13825921291533,btc_qm_engine,btc_leading_zeros,0.0000000000
271501,13825921291605,btc_qm_engine,btc_sha256_elapsed_ns,1050.0000000000
271502,13825921292057,btc_qm_engine,btc_sha256_nonce,3205022480.0000000000
271503,13825921292148,btc_qm_engine,btc_leading_zeros,4.0000000000
271504,13825921292222,btc_qm_engine,btc_sha256_elapsed_ns,1081.0000000000
271505,13825921292408,btc_qm_engine,btc_sha256_nonce,381623922.0000000000
271506,13825921292701,btc_qm_engine,btc_leading_zeros,0.0000000000
271507,13825921292785,btc_qm_engine,btc_sha256_elapsed_ns,731.0000000000
271508,13825921292960,btc_qm_engine,btc_sha256_nonce,4257601505.0000000000
271509,13825921293029,btc_qm_engine,btc_leading_zeros,0.0000000000
271510,13825921293098,btc_qm_engine,btc_sha256_elapsed_ns,1091.0000000000
271511,13825921293369,btc_qm_engine,btc_sha256_elapsed_ns,978.0000000000
271512,13825921293492,btc_qm_engine,btc_sha256_nonce,1967088443.0000000000
271513,13825921293590,btc_qm_engine,btc_leading_zeros,0.0000000000
271514,13825921294352,btc_qm_engine,btc_sha256_elapsed_ns,1117.0000000000
271515,13825921294508,btc_qm_engine,btc_sha256_elapsed_ns,998.0000000000
271516,13825921294650,btc_qm_engine,btc_sha256_nonce,1509507127.0000000000
271517,13825921294728,btc_qm_engine,btc_leading_zeros,0.0000000000
271518,13825921294797,btc_qm_engine,btc_sha256_elapsed_ns,1041.0000000000
271519,13825921295452,btc_qm_engine,btc_sha256_nonce,1940438339.0000000000
271520,13825921295524,btc_qm_engine,btc_leading_zeros,0.0000000000
271521,13825921295662,btc_qm_engine,btc_sha256_nonce,2200063046.0000000000
271522,13825921301626,btc_qm_engine,btc_leading_zeros,1.0000000000
271523,13825921301729,btc_qm_engine,btc_sha256_elapsed_ns,744.0000000000
271524,13825921302782,btc_qm_engine,btc_sha256_nonce,2961769606.0000000000
271525,13825921302848,btc_qm_engine,btc_leading_zeros,0.0000000000
271526,13825921302908,btc_qm_engine,btc_sha256_elapsed_ns,841.0000000000
271527,13825921303630,btc_qm_engine,btc_sha256_nonce,2029493025.0000000000
271528,13825921303681,btc_qm_engine,btc_leading_zeros,1.0000000000
271529,13825921304287,btc_qm_engine,btc_sha256_elapsed_ns,1054.0000000000
271530,13825921304411,btc_qm_engine,btc_sha256_elapsed_ns,596.0000000000
271531,13825921305160,btc_qm_engine,btc_sha256_nonce,1691434159.0000000000
271532,13825921305208,btc_qm_engine,btc_leading_zeros,0.0000000000
271533,13825921305256,btc_qm_engine,btc_sha256_elapsed_ns,593.0000000000
271534,13825921305990,btc_qm_engine,btc_sha256_nonce,2820541500.0000000000
271535,13825921306041,btc_qm_engine,btc_leading_zeros,1.0000000000
271536,13825921306087,btc_qm_engine,btc_sha256_elapsed_ns,591.0000000000
271537,13825921306538,btc_qm_engine,btc_sha256_nonce,2596733152.0000000000
271538,13825921306621,btc_qm_engine,btc_leading_zeros,2.0000000000
271539,13825921306682,btc_qm_engine,btc_sha256_elapsed_ns,1109.0000000000
271540,13825921306886,btc_qm_engine,btc_sha256_nonce,3935040346.0000000000
271541,13825921306952,btc_qm_engine,btc_leading_zeros,3.0000000000
271542,13825921306998,btc_qm_engine,btc_sha256_elapsed_ns,592.0000000000
271543,13825921307269,btc_qm_engine,btc_sha256_nonce,2904423707.0000000000
271544,13825921307794,btc_qm_engine,btc_sha256_nonce,1721573336.0000000000
271545,13825921307894,btc_qm_engine,btc_leading_zeros,2.0000000000
271546,13825921308216,btc_qm_engine,btc_sha256_nonce,2731705865.0000000000
271547,13825921308491,btc_qm_engine,btc_sha256_nonce,1941363380.0000000000
271548,13825921308581,btc_qm_engine,btc_leading_zeros,1.0000000000
271549,13825921309060,btc_qm_engine,btc_sha256_elapsed_ns,1040.0000000000
271550,13825921309222,btc_qm_engine,btc_leading_zeros,0.0000000000
271551,13825921309307,btc_qm_engine,btc_sha256_elapsed_ns,991.0000000000
271552,13825921309511,btc_qm_engine,btc_leading_zeros,1.0000000000
271553,13825921309807,btc_qm_engine,btc_sha256_elapsed_ns,593.0000000000
271554,13825921309937,btc_qm_engine,btc_sha256_elapsed_ns,970.0000000000
271555,13825921310301,btc_qm_engine,btc_sha256_nonce,567966625.0000000000
271556,13825921310385,btc_qm_engine,btc_leading_zeros,2.0000000000
271557,13825921310458,btc_qm_engine,btc_sha256_elapsed_ns,983.0000000000
271558,13825921310779,btc_qm_engine,btc_sha256_nonce,4072246023.0000000000
271559,13825921310862,btc_qm_engine,btc_leading_zeros,0.0000000000
271560,13825921310922,btc_qm_engine,btc_sha256_elapsed_ns,1125.0000000000
271561,13825921311085,btc_qm_engine,btc_sha256_elapsed_ns,759.0000000000
271562,13825921311303,btc_qm_engine,btc_sha256_nonce,2201058470.0000000000
271563,13825921311692,btc_qm_engine,btc_leading_zeros,0.0000000000
271564,13825921311897,btc_qm_engine,btc_sha256_nonce,2407054488.0000000000
271565,13825921312184,btc_qm_engine,btc_sha256_elapsed_ns,999.0000000000
271566,13825921312613,btc_qm_engine,btc_sha256_nonce,1941541032.0000000000
271567,13825921312802,btc_qm_engine,btc_sha256_nonce,1350609606.0000000000
271568,13825921312880,btc_qm_engine,btc_leading_zeros,0.0000000000
271569,13825921313273,btc_qm_engine,btc_sha256_elapsed_ns,1066.0000000000
271570,13825921313462,btc_qm_engine,btc_leading_zeros,0.0000000000
271571,13825921313927,btc_qm_engine,btc_sha256_nonce,2307395718.0000000000
271572,13825921314360,btc_qm_engine,btc_sha256_nonce,2850780194.0000000000
271573,13825921314452,btc_qm_engine,btc_sha256_nonce,276944231.0000000000
271574,13825921314530,btc_qm_engine,btc_leading_zeros,0.0000000000
271575,13825921314608,btc_qm_engine,btc_sha256_elapsed_ns,986.0000000000
271576,13825921314819,btc_qm_engine,btc_sha256_elapsed_ns,1084.0000000000
271577,13825921315027,btc_qm_engine,btc_leading_zeros,0.0000000000
271578,13825921315099,btc_qm_engine,btc_sha256_elapsed_ns,1106.0000000000
271579,13825921315903,btc_qm_engine,btc_sha256_nonce,4160211603.0000000000
271580,13825921315978,btc_qm_engine,btc_leading_zeros,2.0000000000
271581,13825921316054,btc_qm_engine,btc_sha256_elapsed_ns,1079.0000000000
271582,13825921316220,btc_qm_engine,btc_sha256_nonce,1228089234.0000000000
271583,13825921316288,btc_qm_engine,btc_leading_zeros,0.0000000000
271584,13825921316349,btc_qm_engine,btc_sha256_elapsed_ns,774.0000000000
271585,13825921316484,btc_qm_engine,btc_sha256_nonce,907465502.0000000000
271586,13825921316563,btc_qm_engine,btc_leading_zeros,3.0000000000
271587,13825921316959,btc_qm_engine,btc_leading_zeros,3.0000000000
271588,13825921317083,btc_qm_engine,btc_sha256_elapsed_ns,1012.0000000000
271589,13825921317258,btc_qm_engine,btc_sha256_nonce,2777954693.0000000000
271590,13825921317337,btc_qm_engine,btc_leading_zeros,1.0000000000
271591,13825921317530,btc_qm_engine,btc_sha256_nonce,281695191.0000000000
271592,13825921317705,btc_qm_engine,btc_sha256_nonce,1343508793.0000000000
271593,13825921317999,btc_qm_engine,btc_sha256_elapsed_ns,953.0000000000
271594,13825921318393,btc_qm_engine,btc_leading_zeros,2.0000000000
271595,13825921318479,btc_qm_engine,btc_sha256_elapsed_ns,1161.0000000000
271596,13825921318760,btc_qm_engine,btc_sha256_nonce,1861667621.0000000000
271597,13825921318826,btc_qm_engine,btc_leading_zeros,0.0000000000
271598,13825921318877,btc_qm_engine,btc_sha256_elapsed_ns,805.0000000000
271599,13825921319539,btc_qm_engine,btc_sha256_nonce,155592343.0000000000
271600,13825921319640,btc_qm_engine,btc_leading_zeros,1.0000000000
271601,13825921319717,btc_qm_engine,btc_sha256_elapsed_ns,1039.0000000000
271602,13825921320201,btc_qm_engine,btc_sha256_elapsed_ns,1117.0000000000
271603,13825921320368,btc_qm_engine,btc_leading_zeros,0.0000000000
271604,13825921320544,btc_qm_engine,btc_sha256_nonce,17429874.0000000000
271605,13825921321114,btc_qm_engine,btc_sha256_elapsed_ns,1058.0000000000
271606,13825921321248,btc_qm_engine,btc_leading_zeros,0.0000000000
271607,13825921321598,btc_qm_engine,btc_sha256_elapsed_ns,955.0000000000
271608,13825921321770,btc_qm_engine,btc_sha256_nonce,3809680964.0000000000
271609,13825921321848,btc_qm_engine,btc_leading_zeros,0.0000000000
271610,13825921321941,btc_qm_engine,btc_sha256_elapsed_ns,1122.0000000000
271611,13825921322034,btc_qm_engine,btc_leading_zeros,1.0000000000
271612,13825921322174,btc_qm_engine,btc_sha256_nonce,3777659766.0000000000
271613,13825921322244,btc_qm_engine,btc_leading_zeros,0.0000000000
271614,13825921322306,btc_qm_engine,btc_sha256_elapsed_ns,755.0000000000
271615,13825921322476,btc_qm_engine,btc_sha256_elapsed_ns,732.0000000000
271616,13825921322985,btc_qm_engine,btc_sha256_nonce,1155233510.0000000000
271617,13825921323219,btc_qm_engine,btc_sha256_nonce,2201240281.0000000000
271618,13825921323414,btc_qm_engine,btc_leading_zeros,0.0000000000
271619,13825921323595,btc_qm_engine,btc_sha256_nonce,1196407399.0000000000
271620,13825921324045,btc_qm_engine,btc_sha256_nonce,2851068073.0000000000
271621,13825921324116,btc_qm_engine,btc_leading_zeros,1.0000000000
271622,13825921324186,btc_qm_engine,btc_sha256_elapsed_ns,937.0000000000
271623,13825921324370,btc_qm_engine,btc_sha256_nonce,1644503850.0000000000
271624,13825921324707,btc_qm_engine,btc_sha256_elapsed_ns,1077.0000000000
271625,13825921324920,btc_qm_engine,btc_sha256_nonce,1613696713.0000000000
271626,13825921325155,btc_qm_engine,btc_sha256_nonce,1926661442.0000000000
271627,13825921325260,btc_qm_engine,btc_leading_zeros,0.0000000000
271628,13825921325311,btc_qm_engine,btc_sha256_elapsed_ns,733.0000000000
271629,13825921325664,btc_qm_engine,btc_leading_zeros,0.0000000000
271630,13825921325737,btc_qm_engine,btc_sha256_elapsed_ns,952.0000000000
271631,13825921325860,btc_qm_engine,btc_leading_zeros,0.0000000000
271632,13825921326171,btc_qm_engine,btc_sha256_elapsed_ns,1055.0000000000
271633,13825921326341,btc_qm_engine,btc_leading_zeros,1.0000000000
271634,13825921326487,btc_qm_engine,btc_sha256_nonce,2629721785.0000000000
271635,13825921326564,btc_qm_engine,btc_leading_zeros,4.0000000000
271636,13825921326632,btc_qm_engine,btc_sha256_elapsed_ns,987.0000000000
271637,13825921326708,btc_qm_engine,btc_sha256_elapsed_ns,1074.0000000000
271638,13825921327055,btc_qm_engine,btc_sha256_nonce,524442641.0000000000
271639,13825921327134,btc_qm_engine,btc_leading_zeros,0.0000000000
271640,13825921327351,btc_qm_engine,btc_sha256_elapsed_ns,1045.0000000000
271641,13825921327809,btc_qm_engine,btc_sha256_nonce,876327339.0000000000
271642,13825921327999,btc_qm_engine,btc_sha256_nonce,2881921564.0000000000
271643,13825921328189,btc_qm_engine,btc_leading_zeros,1.0000000000
271644,13825921328274,btc_qm_engine,btc_sha256_elapsed_ns,822.0000000000
271645,13825921328421,btc_qm_engine,btc_sha256_nonce,1584009825.0000000000
271646,13825921328626,btc_qm_engine,btc_sha256_nonce,2200923134.0000000000
271647,13825921328709,btc_qm_engine,btc_leading_zeros,0.0000000000
271648,13825921328792,btc_qm_engine,btc_sha256_elapsed_ns,1085.0000000000
271649,13825921328999,btc_qm_engine,btc_leading_zeros,1.0000000000
271650,13825921329164,btc_qm_engine,btc_sha256_nonce,1940754847.0000000000
271651,13825921329284,btc_qm_engine,btc_leading_zeros,0.0000000000
271652,13825921329357,btc_qm_engine,btc_sha256_elapsed_ns,1083.0000000000
271653,13825921329598,btc_qm_engine,btc_sha256_elapsed_ns,1110.0000000000
271654,13825921329982,btc_qm_engine,btc_sha256_elapsed_ns,1123.0000000000
271655,13825921330530,btc_qm_engine,btc_sha256_nonce,424356402.0000000000
271656,13825921330945,btc_qm_engine,btc_leading_zeros,4.0000000000
271657,13825921331266,btc_qm_engine,btc_sha256_elapsed_ns,925.0000000000
271658,13825921331778,btc_qm_engine,btc_leading_zeros,0.0000000000
271659,13825921332273,btc_qm_engine,btc_sha256_nonce,3984002250.0000000000
271660,13825921332710,btc_qm_engine,btc_sha256_elapsed_ns,911.0000000000
271661,13825921332916,btc_qm_engine,btc_sha256_nonce,1940558327.0000000000
271662,13825921333341,btc_qm_engine,btc_leading_zeros,0.0000000000
271663,13825921333808,btc_qm_engine,btc_leading_zeros,0.0000000000
271664,13825921333963,btc_qm_engine,btc_leading_zeros,0.0000000000
271665,13825921334035,btc_qm_engine,btc_sha256_elapsed_ns,981.0000000000
271666,13825921334129,btc_qm_engine,btc_sha256_elapsed_ns,1077.0000000000
271667,13825921334293,btc_qm_engine,btc_sha256_elapsed_ns,1108.0000000000
271668,13825921334631,btc_qm_engine,btc_sha256_nonce,569210809.0000000000
271669,13825921334967,btc_qm_engine,btc_sha256_nonce,863860035.0000000000
271670,13825921335101,btc_qm_engine,btc_leading_zeros,0.0000000000
271671,13825921335501,btc_qm_engine,btc_sha256_nonce,2808694707.0000000000
271672,13825921335613,btc_qm_engine,btc_leading_zeros,0.0000000000
271673,13825921335826,btc_qm_engine,btc_sha256_nonce,2155915784.0000000000
271674,13825921336720,btc_qm_engine,btc_leading_zeros,1.0000000000
271675,13825921336977,btc_qm_engine,btc_sha256_elapsed_ns,736.0000000000
271676,13825921337166,btc_qm_engine,btc_leading_zeros,2.0000000000
271677,13825921337256,btc_qm_engine,btc_sha256_elapsed_ns,1072.0000000000
271678,13825921337498,btc_qm_engine,btc_sha256_elapsed_ns,915.0000000000
271679,13825921337660,btc_qm_engine,btc_sha256_elapsed_ns,1056.0000000000
271680,13825921338094,btc_qm_engine,btc_sha256_nonce,3021308586.0000000000
271681,13825921338171,btc_qm_engine,btc_leading_zeros,0.0000000000
271682,13825921338240,btc_qm_engine,btc_sha256_elapsed_ns,1112.0000000000
271683,13825921338558,btc_qm_engine,btc_sha256_nonce,2201031294.0000000000
271684,13825921338877,btc_qm_engine,btc_sha256_nonce,4071241296.0000000000
271685,13825921339067,btc_qm_engine,btc_sha256_nonce,1605550935.0000000000
271686,13825921339220,btc_qm_engine,btc_leading_zeros,1.0000000000
271687,13825921339379,btc_qm_engine,btc_sha256_nonce,1860655630.0000000000
271688,13825921339547,btc_qm_engine,btc_sha256_nonce,3030991977.0000000000
271689,13825921339623,btc_qm_engine,btc_leading_zeros,2.0000000000
271690,13825921339683,btc_qm_engine,btc_sha256_elapsed_ns,1034.0000000000
271691,13825921339936,btc_qm_engine,btc_sha256_nonce,1646394256.0000000000
271692,13825921340194,btc_qm_engine,btc_leading_zeros,3.0000000000
271693,13825921340274,btc_qm_engine,btc_leading_zeros,2.0000000000
271694,13825921340399,btc_qm_engine,btc_leading_zeros,4.0000000000
271695,13825921340653,btc_qm_engine,btc_sha256_elapsed_ns,1127.0000000000
271696,13825921340747,btc_qm_engine,btc_sha256_elapsed_ns,1120.0000000000
271697,13825921340878,btc_qm_engine,btc_sha256_elapsed_ns,1118.0000000000
271698,13825921341011,btc_qm_engine,btc_sha256_nonce,4121793199.0000000000
271699,13825921341088,btc_qm_engine,btc_leading_zeros,0.0000000000
271700,13825921341161,btc_qm_engine,btc_sha256_elapsed_ns,1065.0000000000
271701,13825921341944,btc_qm_engine,btc_sha256_nonce,2097212191.0000000000
271702,13825921342175,btc_qm_engine,btc_sha256_nonce,2200390365.0000000000
271703,13825921342270,btc_qm_engine,btc_leading_zeros,2.0000000000
271704,13825921342382,btc_qm_engine,btc_sha256_elapsed_ns,738.0000000000
271705,13825921342533,btc_qm_engine,btc_sha256_nonce,1934404002.0000000000
271706,13825921342632,btc_qm_engine,btc_leading_zeros,1.0000000000
271707,13825921342703,btc_qm_engine,btc_sha256_elapsed_ns,989.0000000000
271708,13825921343037,btc_qm_engine,btc_leading_zeros,0.0000000000
271709,13825921343610,btc_qm_engine,btc_sha256_nonce,234087220.0000000000
271710,13825921343951,btc_qm_engine,btc_sha256_elapsed_ns,1125.0000000000
271711,13825921344118,btc_qm_engine,btc_leading_zeros,2.0000000000
271712,13825921344450,btc_qm_engine,btc_sha256_elapsed_ns,1095.0000000000
271713,13825921344614,btc_qm_engine,btc_sha256_nonce,2755062292.0000000000
271714,13825921344927,btc_qm_engine,btc_sha256_nonce,2189592577.0000000000
271715,13825921345012,btc_qm_engine,btc_leading_zeros,0.0000000000
271716,13825921345179,btc_qm_engine,btc_leading_zeros,1.0000000000
271717,13825921345254,btc_qm_engine,btc_sha256_elapsed_ns,734.0000000000
271718,13825921345403,btc_qm_engine,btc_sha256_nonce,2826130588.0000000000
271719,13825921345570,btc_qm_engine,btc_sha256_elapsed_ns,1036.0000000000
271720,13825921345822,btc_qm_engine,btc_sha256_nonce,1736528353.0000000000
271721,13825921345989,btc_qm_engine,btc_sha256_nonce,1851538519.0000000000
271722,13825921346310,btc_qm_engine,btc_leading_zeros,1.0000000000
271723,13825921346535,btc_qm_engine,btc_leading_zeros,4.0000000000
271724,13825921346677,btc_qm_engine,btc_sha256_nonce,923025349.0000000000
271725,13825921346815,btc_qm_engine,btc_sha256_elapsed_ns,1072.0000000000
271726,13825921347078,btc_qm_engine,btc_leading_zeros,0.0000000000
271727,13825921347521,btc_qm_engine,btc_sha256_nonce,2424162120.0000000000
271728,13825921348197,btc_qm_engine,btc_sha256_elapsed_ns,1085.0000000000
271729,13825921348342,btc_qm_engine,btc_sha256_nonce,3343242827.0000000000
271730,13825921348582,btc_qm_engine,btc_leading_zeros,0.0000000000
271731,13825921348665,btc_qm_engine,btc_sha256_elapsed_ns,1101.0000000000
271732,13825921348938,btc_qm_engine,btc_leading_zeros,2.0000000000
271733,13825921349246,btc_qm_engine,btc_sha256_elapsed_ns,1117.0000000000
271734,13825921349457,btc_qm_engine,btc_sha256_elapsed_ns,820.0000000000
271735,13825921349667,btc_qm_engine,btc_sha256_nonce,193122196.0000000000
271736,13825921349959,btc_qm_engine,btc_sha256_nonce,3212184731.0000000000
271737,13825921350066,btc_qm_engine,btc_leading_zeros,4.0000000000
271738,13825921350124,btc_qm_engine,btc_sha256_elapsed_ns,1024.0000000000
271739,13825921350198,btc_qm_engine,btc_leading_zeros,0.0000000000
271740,13825921350325,btc_qm_engine,btc_leading_zeros,1.0000000000
271741,13825921350396,btc_qm_engine,btc_sha256_elapsed_ns,1069.0000000000
271742,13825921350602,btc_qm_engine,btc_sha256_elapsed_ns,982.0000000000
271743,13825921350735,btc_qm_engine,btc_sha256_nonce,803298508.0000000000
271744,13825921350808,btc_qm_engine,btc_leading_zeros,1.0000000000
271745,13825921350879,btc_qm_engine,btc_sha256_elapsed_ns,985.0000000000
271746,13825921351082,btc_qm_engine,btc_sha256_nonce,1530816375.0000000000
271747,13825921351211,btc_qm_engine,btc_sha256_nonce,1687965582.0000000000
271748,13825921351290,btc_qm_engine,btc_leading_zeros,4.0000000000
271749,13825921351375,btc_qm_engine,btc_sha256_elapsed_ns,872.0000000000
271750,13825921351462,btc_qm_engine,btc_sha256_nonce,1605730461.0000000000
271751,13825921351750,btc_qm_engine,btc_sha256_nonce,3333916821.0000000000
271752,13825921351862,btc_qm_engine,btc_leading_zeros,1.0000000000
271753,13825921352272,btc_qm_engine,btc_sha256_nonce,3577799791.0000000000
271754,13825921352378,btc_qm_engine,btc_leading_zeros,2.0000000000
271755,13825921352493,btc_qm_engine,btc_sha256_nonce,3681744313.0000000000
271756,13825921352698,btc_qm_engine,btc_sha256_nonce,1591048824.0000000000
271757,13825921352888,btc_qm_engine,btc_leading_zeros,0.0000000000
271758,13825921353248,btc_qm_engine,btc_sha256_elapsed_ns,1119.0000000000
271759,13825921353401,btc_qm_engine,btc_leading_zeros,0.0000000000
271760,13825921353486,btc_qm_engine,btc_sha256_elapsed_ns,1074.0000000000
271761,13825921353720,btc_qm_engine,btc_leading_zeros,1.0000000000
271762,13825921354528,btc_qm_engine,btc_sha256_nonce,1705750289.0000000000
271763,13825921354666,btc_qm_engine,btc_sha256_elapsed_ns,1105.0000000000
271764,13825921354970,btc_qm_engine,btc_leading_zeros,1.0000000000
271765,13825921355071,btc_qm_engine,btc_leading_zeros,1.0000000000
271766,13825921355220,btc_qm_engine,btc_leading_zeros,1.0000000000
271767,13825921355294,btc_qm_engine,btc_sha256_elapsed_ns,847.0000000000
271768,13825921355454,btc_qm_engine,btc_sha256_elapsed_ns,1163.0000000000
271769,13825921355647,btc_qm_engine,btc_sha256_elapsed_ns,1071.0000000000
271770,13825921355990,btc_qm_engine,btc_sha256_nonce,17413435.0000000000
271771,13825921356080,btc_qm_engine,btc_leading_zeros,2.0000000000
271772,13825921356156,btc_qm_engine,btc_sha256_elapsed_ns,1006.0000000000
271773,13825921356261,btc_qm_engine,btc_sha256_nonce,1943153849.0000000000
271774,13825921356636,btc_qm_engine,btc_leading_zeros,4.0000000000
271775,13825921357090,btc_qm_engine,btc_sha256_nonce,2506559991.0000000000
271776,13825921357215,btc_qm_engine,btc_sha256_elapsed_ns,1072.0000000000
271777,13825921357451,btc_qm_engine,btc_sha256_nonce,1691097049.0000000000
271778,13825921357701,btc_qm_engine,btc_sha256_nonce,1061309998.0000000000
271779,13825921357831,btc_qm_engine,btc_sha256_elapsed_ns,1090.0000000000
271780,13825921358014,btc_qm_engine,btc_leading_zeros,4.0000000000
271781,13825921358520,btc_qm_engine,btc_leading_zeros,0.0000000000
271782,13825921358701,btc_qm_engine,btc_sha256_nonce,3641656898.0000000000
271783,13825921358815,btc_qm_engine,btc_sha256_nonce,2912504291.0000000000
271784,13825921358895,btc_qm_engine,btc_leading_zeros,0.0000000000
271785,13825921359127,btc_qm_engine,btc_sha256_elapsed_ns,1030.0000000000
271786,13825921359290,btc_qm_engine,btc_leading_zeros,2.0000000000
271787,13825921359712,btc_qm_engine,btc_sha256_elapsed_ns,1124.0000000000
271788,13825921359828,btc_qm_engine,btc_sha256_elapsed_ns,1160.0000000000
271789,13825921360439,btc_qm_engine,btc_sha256_elapsed_ns,1113.0000000000
271790,13825921361367,btc_qm_engine,btc_sha256_nonce,3520611417.0000000000
271791,13825921361581,btc_qm_engine,btc_sha256_nonce,429725559.0000000000
271792,13825921361839,btc_qm_engine,btc_leading_zeros,1.0000000000
271793,13825921361902,btc_qm_engine,btc_sha256_elapsed_ns,1128.0000000000
271794,13825921362004,btc_qm_engine,btc_sha256_nonce,1036043931.0000000000
271795,13825921362401,btc_qm_engine,btc_leading_zeros,3.0000000000
271796,13825921362486,btc_qm_engine,btc_sha256_elapsed_ns,1094.0000000000
271797,13825921362636,btc_qm_engine,btc_leading_zeros,2.0000000000
271798,13825921363059,btc_qm_engine,btc_sha256_nonce,959502981.0000000000
271799,13825921363231,btc_qm_engine,btc_leading_zeros,2.0000000000
271800,13825921363484,btc_qm_engine,btc_sha256_elapsed_ns,1104.0000000000
271801,13825921363655,btc_qm_engine,btc_sha256_nonce,4031569749.0000000000
271802,13825921363770,btc_qm_engine,btc_sha256_nonce,788709716.0000000000
271803,13825921363915,btc_qm_engine,btc_sha256_nonce,4271975134.0000000000
271804,13825921364074,btc_qm_engine,btc_sha256_elapsed_ns,1117.0000000000
271805,13825921364277,btc_qm_engine,btc_leading_zeros,1.0000000000
271806,13825921364607,btc_qm_engine,btc_sha256_nonce,2154461432.0000000000
271807,13825921364682,btc_qm_engine,btc_leading_zeros,0.0000000000
271808,13825921364738,btc_qm_engine,btc_sha256_elapsed_ns,861.0000000000
271809,13825921364873,btc_qm_engine,btc_leading_zeros,0.0000000000
271810,13825921364941,btc_qm_engine,btc_sha256_elapsed_ns,972.0000000000
271811,13825921365130,btc_qm_engine,btc_sha256_elapsed_ns,1061.0000000000
271812,13825921365433,btc_qm_engine,btc_sha256_nonce,1007194288.0000000000
271813,13825921365533,btc_qm_engine,btc_leading_zeros,1.0000000000
271814,13825921365642,btc_qm_engine,btc_sha256_elapsed_ns,1080.0000000000
271815,13825921366131,btc_qm_engine,btc_sha256_elapsed_ns,1040.0000000000
271816,13825921366378,btc_qm_engine,btc_sha256_nonce,3808063605.0000000000
271817,13825921366456,btc_qm_engine,btc_leading_zeros,0.0000000000
271818,13825921366685,btc_qm_engine,btc_sha256_nonce,530689796.0000000000
271819,13825921366909,btc_qm_engine,btc_sha256_elapsed_ns,1114.0000000000
271820,13825921367255,btc_qm_engine,btc_sha256_nonce,2201129840.0000000000
271821,13825921367319,btc_qm_engine,btc_leading_zeros,1.0000000000
271822,13825921367658,btc_qm_engine,btc_sha256_elapsed_ns,1040.0000000000
271823,13825921368238,btc_qm_engine,btc_sha256_nonce,1530971496.0000000000
271824,13825921368465,btc_qm_engine,btc_leading_zeros,1.0000000000
271825,13825921368660,btc_qm_engine,btc_leading_zeros,0.0000000000
271826,13825921368891,btc_qm_engine,btc_sha256_elapsed_ns,1064.0000000000
271827,13825921369201,btc_qm_engine,btc_sha256_elapsed_ns,1082.0000000000
271828,13825921369371,btc_qm_engine,btc_leading_zeros,0.0000000000
271829,13825921369442,btc_qm_engine,btc_sha256_elapsed_ns,1019.0000000000
271830,13825921370413,btc_qm_engine,btc_sha256_nonce,2210781793.0000000000
271831,13825921370763,btc_qm_engine,btc_leading_zeros,3.0000000000
271832,13825921370845,btc_qm_engine,btc_sha256_elapsed_ns,729.0000000000
271833,13825921371596,btc_qm_engine,btc_sha256_nonce,3359621997.0000000000
271834,13825921372097,btc_qm_engine,btc_sha256_nonce,177797248.0000000000
271835,13825921372231,btc_qm_engine,btc_leading_zeros,1.0000000000
271836,13825921372305,btc_qm_engine,btc_sha256_elapsed_ns,1099.0000000000
271837,13825921372470,btc_qm_engine,btc_leading_zeros,0.0000000000
271838,13825921372804,btc_qm_engine,btc_sha256_elapsed_ns,1123.0000000000
271839,13825921373249,btc_qm_engine,btc_sha256_nonce,3295512838.0000000000
271840,13825921373448,btc_qm_engine,btc_sha256_nonce,2218040426.0000000000
271841,13825921373554,btc_qm_engine,btc_sha256_nonce,124421348.0000000000
271842,13825921373699,btc_qm_engine,btc_leading_zeros,1.0000000000
271843,13825921373914,btc_qm_engine,btc_sha256_nonce,2231307253.0000000000
271844,13825921374108,btc_qm_engine,btc_sha256_elapsed_ns,1000.0000000000
271845,13825921374329,btc_qm_engine,btc_leading_zeros,0.0000000000
271846,13825921374615,btc_qm_engine,btc_sha256_nonce,1015092963.0000000000
271847,13825921374693,btc_qm_engine,btc_leading_zeros,0.0000000000
271848,13825921374761,btc_qm_engine,btc_sha256_elapsed_ns,964.0000000000
271849,13825921375286,btc_qm_engine,btc_leading_zeros,0.0000000000
271850,13825921375762,btc_qm_engine,btc_sha256_nonce,4118227082.0000000000
271851,13825921376117,btc_qm_engine,btc_sha256_elapsed_ns,1081.0000000000
271852,13825921376240,btc_qm_engine,btc_leading_zeros,4.0000000000
271853,13825921376308,btc_qm_engine,btc_sha256_elapsed_ns,1019.0000000000
271854,13825921376588,btc_qm_engine,btc_sha256_nonce,3489657878.0000000000
271855,13825921376662,btc_qm_engine,btc_leading_zeros,2.0000000000
271856,13825921376734,btc_qm_engine,btc_sha256_elapsed_ns,1021.0000000000
271857,13825921376920,btc_qm_engine,btc_sha256_elapsed_ns,1109.0000000000
271858,13825921377568,btc_qm_engine,btc_sha256_nonce,1795503059.0000000000
271859,13825921377647,btc_qm_engine,btc_leading_zeros,0.0000000000
271860,13825921377732,btc_qm_engine,btc_sha256_elapsed_ns,996.0000000000
271861,13825921377998,btc_qm_engine,btc_sha256_elapsed_ns,882.0000000000
271862,13825921378482,btc_qm_engine,btc_sha256_nonce,3407443068.0000000000
271863,13825921378652,btc_qm_engine,btc_sha256_nonce,2198915440.0000000000
271864,13825921378938,btc_qm_engine,btc_sha256_nonce,1569740386.0000000000
271865,13825921379041,btc_qm_engine,btc_sha256_nonce,3417745715.0000000000
271866,13825921379754,btc_qm_engine,btc_leading_zeros,0.0000000000
271867,13825921379920,btc_qm_engine,btc_leading_zeros,0.0000000000
271868,13825921380115,btc_qm_engine,btc_sha256_nonce,1023342348.0000000000
271869,13825921380232,btc_qm_engine,btc_leading_zeros,4.0000000000
271870,13825921380322,btc_qm_engine,btc_leading_zeros,3.0000000000
271871,13825921380526,btc_qm_engine,btc_sha256_elapsed_ns,1100.0000000000
271872,13825921380725,btc_qm_engine,btc_leading_zeros,0.0000000000
271873,13825921380860,btc_qm_engine,btc_sha256_elapsed_ns,1095.0000000000
271874,13825921381038,btc_qm_engine,btc_sha256_elapsed_ns,1111.0000000000
271875,13825921382265,btc_qm_engine,btc_sha256_nonce,63297319.0000000000
271876,13825921382366,btc_qm_engine,btc_leading_zeros,2.0000000000
271877,13825921382443,btc_qm_engine,btc_sha256_elapsed_ns,1123.0000000000
271878,13825921382760,btc_qm_engine,btc_sha256_nonce,2435010545.0000000000
271879,13825921382994,btc_qm_engine,btc_leading_zeros,2.0000000000
271880,13825921383575,btc_qm_engine,btc_sha256_elapsed_ns,1114.0000000000
271881,13825921383684,btc_qm_engine,btc_sha256_nonce,2973402595.0000000000
271882,13825921384080,btc_qm_engine,btc_sha256_nonce,2438746379.0000000000
271883,13825921384530,btc_qm_engine,btc_leading_zeros,0.0000000000
271884,13825921384821,btc_qm_engine,btc_sha256_nonce,1574726446.0000000000
271885,13825921384963,btc_qm_engine,btc_sha256_nonce,4225072653.0000000000
271886,13825921385037,btc_qm_engine,btc_leading_zeros,0.0000000000
271887,13825921385216,btc_qm_engine,btc_sha256_elapsed_ns,1090.0000000000
271888,13825921385402,btc_qm_engine,btc_sha256_elapsed_ns,1043.0000000000
271889,13825921385581,btc_qm_engine,btc_sha256_elapsed_ns,1033.0000000000
271890,13825921385880,btc_qm_engine,btc_leading_zeros,0.0000000000
271891,13825921385972,btc_qm_engine,btc_sha256_elapsed_ns,1062.0000000000
271892,13825921386055,btc_qm_engine,btc_leading_zeros,0.0000000000
271893,13825921386313,btc_qm_engine,btc_sha256_elapsed_ns,997.0000000000
271894,13825921386878,btc_qm_engine,btc_sha256_nonce,2679046847.0000000000
271895,13825921386955,btc_qm_engine,btc_leading_zeros,0.0000000000
271896,13825921387028,btc_qm_engine,btc_sha256_elapsed_ns,1103.0000000000
271897,13825921387297,btc_qm_engine,btc_sha256_nonce,1595066872.0000000000
271898,13825921387505,btc_qm_engine,btc_sha256_nonce,4118462212.0000000000
271899,13825921388056,btc_qm_engine,btc_sha256_nonce,1041113234.0000000000
271900,13825921388189,btc_qm_engine,btc_leading_zeros,3.0000000000
271901,13825921388413,btc_qm_engine,btc_leading_zeros,0.0000000000
271902,13825921388642,btc_qm_engine,btc_sha256_elapsed_ns,743.0000000000
271903,13825921388790,btc_qm_engine,btc_sha256_elapsed_ns,1153.0000000000
271904,13825921388918,btc_qm_engine,btc_sha256_nonce,3522653148.0000000000
271905,13825921389270,btc_qm_engine,btc_sha256_nonce,138053150.0000000000
271906,13825921389842,btc_qm_engine,btc_sha256_elapsed_ns,1108.0000000000
271907,13825921389978,btc_qm_engine,btc_sha256_nonce,299468687.0000000000
271908,13825921390159,btc_qm_engine,btc_sha256_nonce,808764396.0000000000
271909,13825921390381,btc_qm_engine,btc_leading_zeros,0.0000000000
271910,13825921390492,btc_qm_engine,btc_leading_zeros,3.0000000000
271911,13825921390711,btc_qm_engine,btc_sha256_elapsed_ns,1014.0000000000
271912,13825921391148,btc_qm_engine,btc_leading_zeros,2.0000000000
271913,13825921391309,btc_qm_engine,btc_sha256_elapsed_ns,1018.0000000000
271914,13825921391465,btc_qm_engine,btc_sha256_nonce,2200405350.0000000000
271915,13825921391585,btc_qm_engine,btc_sha256_elapsed_ns,1039.0000000000
271916,13825921391744,btc_qm_engine,btc_leading_zeros,0.0000000000
271917,13825921391895,btc_qm_engine,btc_leading_zeros,0.0000000000
271918,13825921392582,btc_qm_engine,btc_leading_zeros,1.0000000000
271919,13825921392698,btc_qm_engine,btc_sha256_nonce,1318024201.0000000000
271920,13825921392774,btc_qm_engine,btc_leading_zeros,0.0000000000
271921,13825921392842,btc_qm_engine,btc_sha256_elapsed_ns,916.0000000000
271922,13825921393036,btc_qm_engine,btc_sha256_nonce,2118060411.0000000000
271923,13825921393300,btc_qm_engine,btc_sha256_elapsed_ns,1104.0000000000
271924,13825921393449,btc_qm_engine,btc_sha256_elapsed_ns,1117.0000000000
271925,13825921393751,btc_qm_engine,btc_leading_zeros,0.0000000000
271926,13825921393959,btc_qm_engine,btc_sha256_nonce,1749037870.0000000000
271927,13825921394108,btc_qm_engine,btc_sha256_nonce,1711954032.0000000000
271928,13825921394330,btc_qm_engine,btc_sha256_elapsed_ns,1079.0000000000
271929,13825921394671,btc_qm_engine,btc_leading_zeros,0.0000000000
271930,13825921394762,btc_qm_engine,btc_leading_zeros,3.0000000000
271931,13825921395054,btc_qm_engine,btc_sha256_elapsed_ns,932.0000000000
271932,13825921395153,btc_qm_engine,btc_sha256_nonce,516560840.0000000000
271933,13825921395271,btc_qm_engine,btc_sha256_elapsed_ns,1057.0000000000
271934,13825921395416,btc_qm_engine,btc_sha256_nonce,3749828399.0000000000
271935,13825921395496,btc_qm_engine,btc_leading_zeros,0.0000000000
271936,13825921395630,btc_qm_engine,btc_leading_zeros,2.0000000000
271937,13825921395942,btc_qm_engine,btc_leading_zeros,0.0000000000
271938,13825921396179,btc_qm_engine,btc_sha256_elapsed_ns,974.0000000000
271939,13825921396331,btc_qm_engine,btc_sha256_nonce,1468914785.0000000000
271940,13825921396446,btc_qm_engine,btc_leading_zeros,0.0000000000
271941,13825921396644,btc_qm_engine,btc_sha256_nonce,2800660515.0000000000
271942,13825921397341,btc_qm_engine,btc_sha256_elapsed_ns,1001.0000000000
271943,13825921397940,btc_qm_engine,btc_sha256_elapsed_ns,981.0000000000
271944,13825921398724,btc_qm_engine,btc_sha256_elapsed_ns,1035.0000000000
271945,13825921399176,btc_qm_engine,btc_sha256_nonce,4121499324.0000000000
271946,13825921399255,btc_qm_engine,btc_leading_zeros,1.0000000000
271947,13825921399331,btc_qm_engine,btc_sha256_elapsed_ns,1099.0000000000
271948,13825921399509,btc_qm_engine,btc_sha256_nonce,597093926.0000000000
271949,13825921399590,btc_qm_engine,btc_leading_zeros,3.0000000000
271950,13825921399663,btc_qm_engine,btc_sha256_elapsed_ns,1075.0000000000
271951,13825921399809,btc_qm_engine,btc_leading_zeros,0.0000000000
271952,13825921399947,btc_qm_engine,btc_leading_zeros,0.0000000000
271953,13825921400353,btc_qm_engine,btc_sha256_nonce,1050487088.0000000000
271954,13825921400487,btc_qm_engine,btc_sha256_elapsed_ns,1089.0000000000
271955,13825921400702,btc_qm_engine,btc_sha256_nonce,3447355131.0000000000
271956,13825921400867,btc_qm_engine,btc_leading_zeros,0.0000000000
271957,13825921400943,btc_qm_engine,btc_sha256_elapsed_ns,1010.0000000000
271958,13825921401126,btc_qm_engine,btc_sha256_elapsed_ns,1019.0000000000
271959,13825921401251,btc_qm_engine,btc_leading_zeros,1.0000000000
271960,13825921401349,btc_qm_engine,btc_sha256_elapsed_ns,1122.0000000000
271961,13825921401449,btc_qm_engine,btc_sha256_nonce,2339758574.0000000000
271962,13825921401767,btc_qm_engine,btc_leading_zeros,3.0000000000
271963,13825921401910,btc_qm_engine,btc_sha256_elapsed_ns,1081.0000000000
271964,13825921402312,btc_qm_engine,btc_sha256_nonce,2444449628.0000000000
271965,13825921402387,btc_qm_engine,btc_leading_zeros,0.0000000000
271966,13825921402607,btc_qm_engine,btc_sha256_nonce,2853942767.0000000000
271967,13825921402686,btc_qm_engine,btc_leading_zeros,0.0000000000
271968,13825921402878,btc_qm_engine,btc_sha256_elapsed_ns,973.0000000000
271969,13825921403085,btc_qm_engine,btc_sha256_elapsed_ns,1088.0000000000
271970,13825921403243,btc_qm_engine,btc_sha256_nonce,2435733945.0000000000
271971,13825921403581,btc_qm_engine,btc_sha256_nonce,468288398.0000000000
271972,13825921403655,btc_qm_engine,btc_leading_zeros,0.0000000000
271973,13825921403773,btc_qm_engine,btc_leading_zeros,1.0000000000
271974,13825921404241,btc_qm_engine,btc_sha256_elapsed_ns,942.0000000000
271975,13825921404521,btc_qm_engine,btc_sha256_nonce,1653209978.0000000000
271976,13825921404859,btc_qm_engine,btc_sha256_nonce,2720861887.0000000000
271977,13825921405012,btc_qm_engine,btc_sha256_elapsed_ns,929.0000000000
271978,13825921405145,btc_qm_engine,btc_leading_zeros,4.0000000000
271979,13825921405225,btc_qm_engine,btc_sha256_elapsed_ns,1040.0000000000
271980,13825921405507,btc_qm_engine,btc_sha256_elapsed_ns,1082.0000000000
271981,13825921405726,btc_qm_engine,btc_leading_zeros,0.0000000000
271982,13825921405877,btc_qm_engine,btc_sha256_nonce,182627164.0000000000
271983,13825921405955,btc_qm_engine,btc_leading_zeros,3.0000000000
271984,13825921406023,btc_qm_engine,btc_sha256_elapsed_ns,1006.0000000000
271985,13825921406485,btc_qm_engine,btc_sha256_nonce,127926240.0000000000
271986,13825921406542,btc_qm_engine,btc_leading_zeros,0.0000000000
271987,13825921406936,btc_qm_engine,btc_sha256_nonce,2740267951.0000000000
271988,13825921407253,btc_qm_engine,btc_sha256_nonce,1410946815.0000000000
271989,13825921407512,btc_qm_engine,btc_sha256_nonce,2651776630.0000000000
271990,13825921407683,btc_qm_engine,btc_leading_zeros,0.0000000000
271991,13825921407789,btc_qm_engine,btc_sha256_elapsed_ns,1034.0000000000
271992,13825921407999,btc_qm_engine,btc_sha256_nonce,1606292992.0000000000
271993,13825921408720,btc_qm_engine,btc_sha256_elapsed_ns,1080.0000000000
271994,13825921409073,btc_qm_engine,btc_leading_zeros,2.0000000000
271995,13825921409489,btc_qm_engine,btc_sha256_nonce,1462116168.0000000000
271996,13825921409603,btc_qm_engine,btc_sha256_elapsed_ns,1025.0000000000
271997,13825921409904,btc_qm_engine,btc_leading_zeros,1.0000000000
271998,13825921409972,btc_qm_engine,btc_sha256_elapsed_ns,1074.0000000000
271999,13825921410117,btc_qm_engine,btc_sha256_nonce,2306194732.0000000000
272000,13825921410191,btc_qm_engine,btc_leading_zeros,4.0000000000
272001,13825921410780,btc_qm_engine,btc_leading_zeros,0.0000000000
272002,13825921410916,btc_qm_engine,btc_sha256_nonce,2547974121.0000000000
272003,13825921411216,btc_qm_engine,btc_sha256_elapsed_ns,1056.0000000000
272004,13825921411371,btc_qm_engine,btc_sha256_elapsed_ns,842.0000000000
272005,13825921411516,btc_qm_engine,btc_leading_zeros,2.0000000000
272006,13825921411595,btc_qm_engine,btc_sha256_elapsed_ns,982.0000000000
272007,13825921411794,btc_qm_engine,btc_sha256_nonce,2563633620.0000000000
272008,13825921412158,btc_qm_engine,btc_leading_zeros,0.0000000000
272009,13825921412485,btc_qm_engine,btc_leading_zeros,2.0000000000
272010,13825921412732,btc_qm_engine,btc_sha256_nonce,1746602998.0000000000
272011,13825921412973,btc_qm_engine,btc_sha256_nonce,630944486.0000000000
272012,13825921413056,btc_qm_engine,btc_leading_zeros,2.0000000000
272013,13825921413299,btc_qm_engine,btc_sha256_elapsed_ns,1019.0000000000
272014,13825921413617,btc_qm_engine,btc_leading_zeros,0.0000000000
272015,13825921413710,btc_qm_engine,btc_sha256_elapsed_ns,1094.0000000000
272016,13825921413999,btc_qm_engine,btc_sha256_elapsed_ns,1039.0000000000
272017,13825921414132,btc_qm_engine,btc_sha256_elapsed_ns,1104.0000000000
272018,13825921415179,btc_qm_engine,btc_sha256_nonce,3266679096.0000000000
272019,13825921415342,btc_qm_engine,btc_sha256_nonce,1823756833.0000000000
272020,13825921415502,btc_qm_engine,btc_sha256_elapsed_ns,1095.0000000000
272021,13825921415945,btc_qm_engine,btc_sha256_nonce,1830165449.0000000000
272022,13825921416935,btc_qm_engine,btc_leading_zeros,1.0000000000
272023,13825921417297,btc_qm_engine,btc_leading_zeros,0.0000000000
272024,13825921417448,btc_qm_engine,btc_sha256_elapsed_ns,1040.0000000000
272025,13825921417728,btc_qm_engine,btc_sha256_elapsed_ns,1052.0000000000
272026,13825921418228,btc_qm_engine,btc_sha256_nonce,780274164.0000000000
272027,13825921418632,btc_qm_engine,btc_leading_zeros,0.0000000000
272028,13825921418720,btc_qm_engine,btc_sha256_elapsed_ns,1044.0000000000
272029,13825921418893,btc_qm_engine,btc_sha256_nonce,2413751456.0000000000
272030,13825921419059,btc_qm_engine,btc_sha256_nonce,888395253.0000000000
272031,13825921419662,btc_qm_engine,btc_leading_zeros,0.0000000000
272032,13825921420038,btc_qm_engine,btc_sha256_elapsed_ns,947.0000000000
272033,13825921420212,btc_qm_engine,btc_sha256_nonce,1314681542.0000000000
272034,13825921420283,btc_qm_engine,btc_leading_zeros,0.0000000000
272035,13825921420349,btc_qm_engine,btc_sha256_elapsed_ns,844.0000000000
272036,13825921420658,btc_qm_engine,btc_sha256_nonce,3385827685.0000000000
272037,13825921421000,btc_qm_engine,btc_leading_zeros,0.0000000000
272038,13825921421071,btc_qm_engine,btc_sha256_elapsed_ns,1071.0000000000
272039,13825921421264,btc_qm_engine,btc_sha256_nonce,2676340244.0000000000
272040,13825921421335,btc_qm_engine,btc_leading_zeros,0.0000000000
272041,13825921421675,btc_qm_engine,btc_sha256_nonce,4045933548.0000000000
272042,13825921421759,btc_qm_engine,btc_sha256_nonce,3433512907.0000000000
272043,13825921421931,btc_qm_engine,btc_sha256_elapsed_ns,728.0000000000
272044,13825921422440,btc_qm_engine,btc_leading_zeros,1.0000000000
272045,13825921422505,btc_qm_engine,btc_sha256_elapsed_ns,921.0000000000
272046,13825921422931,btc_qm_engine,btc_sha256_nonce,1453019945.0000000000
272047,13825921423139,btc_qm_engine,btc_sha256_nonce,1678470408.0000000000
272048,13825921423221,btc_qm_engine,btc_leading_zeros,0.0000000000
272049,13825921423290,btc_qm_engine,btc_sha256_elapsed_ns,956.0000000000
272050,13825921423409,btc_qm_engine,btc_leading_zeros,0.0000000000
272051,13825921423586,btc_qm_engine,btc_leading_zeros,0.0000000000
272052,13825921423753,btc_qm_engine,btc_sha256_nonce,4122204127.0000000000
272053,13825921423934,btc_qm_engine,btc_sha256_elapsed_ns,1017.0000000000
272054,13825921424211,btc_qm_engine,btc_leading_zeros,4.0000000000
272055,13825921424289,btc_qm_engine,btc_sha256_elapsed_ns,1052.0000000000
272056,13825921424525,btc_qm_engine,btc_sha256_nonce,1934833441.0000000000
272057,13825921424600,btc_qm_engine,btc_leading_zeros,0.0000000000
272058,13825921424655,btc_qm_engine,btc_sha256_elapsed_ns,1001.0000000000
272059,13825921424886,btc_qm_engine,btc_leading_zeros,1.0000000000
272060,13825921425209,btc_qm_engine,btc_sha256_elapsed_ns,767.0000000000
272061,13825921425601,btc_qm_engine,btc_sha256_nonce,4074036797.0000000000
272062,13825921425677,btc_qm_engine,btc_leading_zeros,4.0000000000
272063,13825921425731,btc_qm_engine,btc_sha256_elapsed_ns,728.0000000000
272064,13825921426245,btc_qm_engine,btc_sha256_nonce,3073738159.0000000000
272065,13825921426536,btc_qm_engine,btc_sha256_nonce,805919518.0000000000
272066,13825921426624,btc_qm_engine,btc_leading_zeros,0.0000000000
272067,13825921426699,btc_qm_engine,btc_sha256_elapsed_ns,1078.0000000000
272068,13825921426772,btc_qm_engine,btc_sha256_nonce,1961811315.0000000000
272069,13825921426928,btc_qm_engine,btc_sha256_nonce,193842736.0000000000
272070,13825921427268,btc_qm_engine,btc_sha256_nonce,1940796860.0000000000
272071,13825921427406,btc_qm_engine,btc_leading_zeros,0.0000000000
272072,13825921427484,btc_qm_engine,btc_sha256_elapsed_ns,1081.0000000000
272073,13825921427702,btc_qm_engine,btc_leading_zeros,2.0000000000
272074,13825921427864,btc_qm_engine,btc_sha256_nonce,4122283800.0000000000
272075,13825921428001,btc_qm_engine,btc_leading_zeros,0.0000000000
272076,13825921428167,btc_qm_engine,btc_leading_zeros,2.0000000000
272077,13825921428308,btc_qm_engine,btc_sha256_elapsed_ns,936.0000000000
272078,13825921428500,btc_qm_engine,btc_sha256_elapsed_ns,1054.0000000000
272079,13825921428860,btc_qm_engine,btc_leading_zeros,1.0000000000
272080,13825921429412,btc_qm_engine,btc_sha256_elapsed_ns,1101.0000000000
272081,13825921430107,btc_qm_engine,btc_sha256_elapsed_ns,785.0000000000
272082,13825921430222,btc_qm_engine,btc_sha256_nonce,1551107633.0000000000
272083,13825921430605,btc_qm_engine,btc_leading_zeros,3.0000000000
272084,13825921430690,btc_qm_engine,btc_sha256_elapsed_ns,1072.0000000000
272085,13825921431114,btc_qm_engine,btc_sha256_nonce,2218884594.0000000000
272086,13825921431183,btc_qm_engine,btc_leading_zeros,1.0000000000
272087,13825921431236,btc_qm_engine,btc_sha256_elapsed_ns,760.0000000000
272088,13825921431479,btc_qm_engine,btc_sha256_nonce,3340363796.0000000000
272089,13825921431552,btc_qm_engine,btc_leading_zeros,1.0000000000
272090,13825921431617,btc_qm_engine,btc_sha256_elapsed_ns,1002.0000000000
272091,13825921432055,btc_qm_engine,btc_sha256_nonce,2345639865.0000000000
272092,13825921432137,btc_qm_engine,btc_leading_zeros,3.0000000000
272093,13825921432209,btc_qm_engine,btc_sha256_elapsed_ns,1080.0000000000
272094,13825921432400,btc_qm_engine,btc_sha256_nonce,2564971551.0000000000
272095,13825921432537,btc_qm_engine,btc_sha256_nonce,30700622.0000000000
272096,13825921432614,btc_qm_engine,btc_leading_zeros,2.0000000000
272097,13825921432687,btc_qm_engine,btc_sha256_elapsed_ns,1043.0000000000
272098,13825921432855,btc_qm_engine,btc_leading_zeros,1.0000000000
272099,13825921432935,btc_qm_engine,btc_sha256_elapsed_ns,990.0000000000
272100,13825921433081,btc_qm_engine,btc_sha256_nonce,1514578297.0000000000
272101,13825921433224,btc_qm_engine,btc_sha256_nonce,3785110190.0000000000
272102,13825921433505,btc_qm_engine,btc_leading_zeros,1.0000000000
272103,13825921433580,btc_qm_engine,btc_sha256_elapsed_ns,1117.0000000000
272104,13825921433770,btc_qm_engine,btc_leading_zeros,1.0000000000
272105,13825921433896,btc_qm_engine,btc_sha256_nonce,1265375416.0000000000
272106,13825921433969,btc_qm_engine,btc_leading_zeros,2.0000000000
272107,13825921434069,btc_qm_engine,btc_sha256_elapsed_ns,984.0000000000
272108,13825921434339,btc_qm_engine,btc_sha256_nonce,3700897499.0000000000
272109,13825921434536,btc_qm_engine,btc_sha256_nonce,2314220352.0000000000
272110,13825921434830,btc_qm_engine,btc_sha256_nonce,3947997727.0000000000
272111,13825921435201,btc_qm_engine,btc_sha256_nonce,3965099796.0000000000
272112,13825921435293,btc_qm_engine,btc_leading_zeros,2.0000000000
272113,13825921435352,btc_qm_engine,btc_sha256_elapsed_ns,897.0000000000
272114,13825921435572,btc_qm_engine,btc_leading_zeros,0.0000000000
272115,13825921435650,btc_qm_engine,btc_sha256_elapsed_ns,1005.0000000000
272116,13825921436300,btc_qm_engine,btc_sha256_elapsed_ns,1113.0000000000
272117,13825921436521,btc_qm_engine,btc_sha256_nonce,926729028.0000000000
272118,13825921436659,btc_qm_engine,btc_leading_zeros,0.0000000000
272119,13825921436745,btc_qm_engine,btc_leading_zeros,1.0000000000
272120,13825921437192,btc_qm_engine,btc_leading_zeros,2.0000000000
272121,13825921437415,btc_qm_engine,btc_sha256_elapsed_ns,938.0000000000
272122,13825921437668,btc_qm_engine,btc_sha256_elapsed_ns,1114.0000000000
272123,13825921437976,btc_qm_engine,btc_sha256_nonce,260076361.0000000000
272124,13825921438059,btc_qm_engine,btc_leading_zeros,0.0000000000
272125,13825921438425,btc_qm_engine,btc_sha256_elapsed_ns,1011.0000000000
272126,13825921438645,btc_qm_engine,btc_sha256_nonce,693886102.0000000000
272127,13825921438735,btc_qm_engine,btc_leading_zeros,2.0000000000
272128,13825921439167,btc_qm_engine,btc_sha256_nonce,2100993184.0000000000
272129,13825921439309,btc_qm_engine,btc_sha256_elapsed_ns,979.0000000000
272130,13825921439927,btc_qm_engine,btc_sha256_nonce,1531618938.0000000000
272131,13825921440212,btc_qm_engine,btc_sha256_nonce,185357401.0000000000
272132,13825921440645,btc_qm_engine,btc_leading_zeros,0.0000000000
272133,13825921440860,btc_qm_engine,btc_leading_zeros,0.0000000000
272134,13825921441184,btc_qm_engine,btc_leading_zeros,1.0000000000
272135,13825921441365,btc_qm_engine,btc_sha256_elapsed_ns,938.0000000000
272136,13825921441625,btc_qm_engine,btc_sha256_elapsed_ns,1052.0000000000
272137,13825921442008,btc_qm_engine,btc_sha256_elapsed_ns,1096.0000000000
272138,13825921442119,btc_qm_engine,btc_sha256_elapsed_ns,1092.0000000000
272139,13825921442733,btc_qm_engine,btc_sha256_nonce,3849599021.0000000000
272140,13825921442807,btc_qm_engine,btc_leading_zeros,0.0000000000
272141,13825921442868,btc_qm_engine,btc_sha256_elapsed_ns,1091.0000000000
272142,13825921443156,btc_qm_engine,btc_leading_zeros,2.0000000000
272143,13825921443343,btc_qm_engine,btc_sha256_nonce,3159426138.0000000000
272144,13825921443534,btc_qm_engine,btc_sha256_nonce,16738037.0000000000
272145,13825921443597,btc_qm_engine,btc_leading_zeros,2.0000000000
272146,13825921443669,btc_qm_engine,btc_sha256_elapsed_ns,1016.0000000000
272147,13825921443913,btc_qm_engine,btc_leading_zeros,3.0000000000
272148,13825921444013,btc_qm_engine,btc_sha256_elapsed_ns,893.0000000000
272149,13825921444240,btc_qm_engine,btc_sha256_nonce,2331068053.0000000000
272150,13825921444327,btc_qm_engine,btc_leading_zeros,3.0000000000
272151,13825921444510,btc_qm_engine,btc_sha256_elapsed_ns,946.0000000000
272152,13825921444732,btc_qm_engine,btc_sha256_nonce,3243573931.0000000000
272153,13825921444939,btc_qm_engine,btc_sha256_nonce,3695241282.0000000000
272154,13825921445024,btc_qm_engine,btc_leading_zeros,0.0000000000
272155,13825921445162,btc_qm_engine,btc_leading_zeros,2.0000000000
272156,13825921445237,btc_qm_engine,btc_sha256_elapsed_ns,981.0000000000
272157,13825921445666,btc_qm_engine,btc_sha256_elapsed_ns,1098.0000000000
272158,13825921445839,btc_qm_engine,btc_sha256_elapsed_ns,963.0000000000
272159,13825921446060,btc_qm_engine,btc_sha256_nonce,392426063.0000000000
272160,13825921446139,btc_qm_engine,btc_leading_zeros,0.0000000000
272161,13825921446224,btc_qm_engine,btc_sha256_nonce,2622969882.0000000000
272162,13825921446521,btc_qm_engine,btc_sha256_nonce,2824406314.0000000000
272163,13825921446692,btc_qm_engine,btc_sha256_elapsed_ns,1112.0000000000
272164,13825921446868,btc_qm_engine,btc_sha256_nonce,279120819.0000000000
272165,13825921446944,btc_qm_engine,btc_leading_zeros,0.0000000000
272166,13825921447016,btc_qm_engine,btc_leading_zeros,0.0000000000
272167,13825921447349,btc_qm_engine,btc_sha256_nonce,4294353010.0000000000
272168,13825921447436,btc_qm_engine,btc_leading_zeros,0.0000000000
272169,13825921447504,btc_qm_engine,btc_sha256_elapsed_ns,945.0000000000
272170,13825921447910,btc_qm_engine,btc_sha256_elapsed_ns,1009.0000000000
272171,13825921448097,btc_qm_engine,btc_sha256_nonce,367111952.0000000000
272172,13825921448317,btc_qm_engine,btc_sha256_elapsed_ns,730.0000000000
272173,13825921449269,btc_qm_engine,btc_sha256_nonce,1958652689.0000000000
272174,13825921449355,btc_qm_engine,btc_leading_zeros,1.0000000000
272175,13825921449419,btc_qm_engine,btc_sha256_elapsed_ns,1086.0000000000
272176,13825921449618,btc_qm_engine,btc_sha256_nonce,3741835744.0000000000
272177,13825921449749,btc_qm_engine,btc_sha256_elapsed_ns,1099.0000000000
272178,13825921450033,btc_qm_engine,btc_sha256_nonce,1936057830.0000000000
272179,13825921450140,btc_qm_engine,btc_leading_zeros,0.0000000000
272180,13825921450532,btc_qm_engine,btc_sha256_elapsed_ns,1047.0000000000
272181,13825921450703,btc_qm_engine,btc_sha256_nonce,424833443.0000000000
272182,13825921450866,btc_qm_engine,btc_leading_zeros,2.0000000000
272183,13825921451110,btc_qm_engine,btc_leading_zeros,0.0000000000
272184,13825921451184,btc_qm_engine,btc_sha256_elapsed_ns,945.0000000000
272185,13825921451346,btc_qm_engine,btc_sha256_elapsed_ns,5338.0000000000
272186,13825921451993,btc_qm_engine,btc_leading_zeros,1.0000000000
272187,13825921452116,btc_qm_engine,btc_sha256_nonce,4122748874.0000000000
272188,13825921452369,btc_qm_engine,btc_sha256_elapsed_ns,1105.0000000000
272189,13825921452550,btc_qm_engine,btc_sha256_nonce,3473943611.0000000000
272190,13825921453082,btc_qm_engine,btc_sha256_nonce,511370690.0000000000
272191,13825921453456,btc_qm_engine,btc_sha256_nonce,1466025118.0000000000
272192,13825921453647,btc_qm_engine,btc_sha256_nonce,2257979855.0000000000
272193,13825921454225,btc_qm_engine,btc_leading_zeros,0.0000000000
272194,13825921454279,btc_qm_engine,btc_sha256_elapsed_ns,972.0000000000
272195,13825921454384,btc_qm_engine,btc_leading_zeros,0.0000000000
272196,13825921454477,btc_qm_engine,btc_sha256_nonce,1966006311.0000000000
272197,13825921454848,btc_qm_engine,btc_leading_zeros,0.0000000000
272198,13825921455231,btc_qm_engine,btc_sha256_nonce,135823472.0000000000
272199,13825921455325,btc_qm_engine,btc_leading_zeros,0.0000000000
272200,13825921455499,btc_qm_engine,btc_sha256_elapsed_ns,838.0000000000
272201,13825921455673,btc_qm_engine,btc_leading_zeros,3.0000000000
272202,13825921455821,btc_qm_engine,btc_sha256_elapsed_ns,1075.0000000000
272203,13825921456119,btc_qm_engine,btc_sha256_elapsed_ns,952.0000000000
272204,13825921456312,btc_qm_engine,btc_leading_zeros,3.0000000000
272205,13825921456436,btc_qm_engine,btc_sha256_elapsed_ns,750.0000000000
272206,13825921456693,btc_qm_engine,btc_sha256_elapsed_ns,1052.0000000000
272207,13825921456825,btc_qm_engine,btc_sha256_nonce,1531352832.0000000000
272208,13825921456926,btc_qm_engine,btc_leading_zeros,2.0000000000
272209,13825921456995,btc_qm_engine,btc_sha256_elapsed_ns,1044.0000000000
272210,13825921457531,btc_qm_engine,btc_sha256_nonce,2200350105.0000000000
272211,13825921457605,btc_qm_engine,btc_leading_zeros,0.0000000000
272212,13825921457679,btc_qm_engine,btc_sha256_elapsed_ns,1106.0000000000
272213,13825921457793,btc_qm_engine,btc_sha256_nonce,139272854.0000000000
272214,13825921457911,btc_qm_engine,btc_leading_zeros,0.0000000000
272215,13825921457980,btc_qm_engine,btc_sha256_elapsed_ns,1088.0000000000
272216,13825921458198,btc_qm_engine,btc_sha256_nonce,16917888.0000000000
272217,13825921458334,btc_qm_engine,btc_sha256_nonce,1416849055.0000000000
272218,13825921458556,btc_qm_engine,btc_leading_zeros,0.0000000000
272219,13825921458883,btc_qm_engine,btc_sha256_nonce,4220609558.0000000000
272220,13825921458956,btc_qm_engine,btc_leading_zeros,0.0000000000
272221,13825921459008,btc_qm_engine,btc_sha256_elapsed_ns,946.0000000000
272222,13825921459183,btc_qm_engine,btc_leading_zeros,1.0000000000
272223,13825921459325,btc_qm_engine,btc_sha256_elapsed_ns,1038.0000000000
272224,13825921459491,btc_qm_engine,btc_sha256_nonce,2103257641.0000000000
272225,13825921459620,btc_qm_engine,btc_sha256_elapsed_ns,986.0000000000
272226,13825921459943,btc_qm_engine,btc_sha256_nonce,415406040.0000000000
272227,13825921460019,btc_qm_engine,btc_leading_zeros,0.0000000000
272228,13825921460069,btc_qm_engine,btc_sha256_elapsed_ns,736.0000000000
272229,13825921460679,btc_qm_engine,btc_sha256_nonce,2357300955.0000000000
272230,13825921460755,btc_qm_engine,btc_leading_zeros,1.0000000000
272231,13825921460818,btc_qm_engine,btc_sha256_elapsed_ns,1032.0000000000
272232,13825921461046,btc_qm_engine,btc_leading_zeros,1.0000000000
272233,13825921461136,btc_qm_engine,btc_sha256_nonce,941014782.0000000000
272234,13825921461203,btc_qm_engine,btc_leading_zeros,0.0000000000
272235,13825921461268,btc_qm_engine,btc_sha256_elapsed_ns,875.0000000000
272236,13825921461466,btc_qm_engine,btc_sha256_nonce,134436767.0000000000
272237,13825921461644,btc_qm_engine,btc_sha256_elapsed_ns,1100.0000000000
272238,13825921461912,btc_qm_engine,btc_leading_zeros,0.0000000000
272239,13825921461988,btc_qm_engine,btc_sha256_elapsed_ns,1059.0000000000
272240,13825921462145,btc_qm_engine,btc_leading_zeros,0.0000000000
272241,13825921462567,btc_qm_engine,btc_sha256_nonce,2398727451.0000000000
272242,13825921462656,btc_qm_engine,btc_leading_zeros,2.0000000000
272243,13825921462744,btc_qm_engine,btc_sha256_nonce,1928462896.0000000000
272244,13825921462938,btc_qm_engine,btc_sha256_elapsed_ns,1096.0000000000
272245,13825921463220,btc_qm_engine,btc_sha256_nonce,27454374.0000000000
272246,13825921463696,btc_qm_engine,btc_leading_zeros,2.0000000000
272247,13825921463830,btc_qm_engine,btc_sha256_nonce,4013957798.0000000000
272248,13825921464421,btc_qm_engine,btc_sha256_elapsed_ns,1035.0000000000
272249,13825921464620,btc_qm_engine,btc_sha256_elapsed_ns,1112.0000000000
272250,13825921465330,btc_qm_engine,btc_sha256_nonce,3066212617.0000000000
272251,13825921465461,btc_qm_engine,btc_leading_zeros,0.0000000000
272252,13825921465635,btc_qm_engine,btc_sha256_nonce,1423844400.0000000000
272253,13825921465705,btc_qm_engine,btc_leading_zeros,1.0000000000
272254,13825921465767,btc_qm_engine,btc_sha256_elapsed_ns,734.0000000000
272255,13825921466094,btc_qm_engine,btc_sha256_elapsed_ns,1075.0000000000
272256,13825921466260,btc_qm_engine,btc_leading_zeros,4.0000000000
272257,13825921466339,btc_qm_engine,btc_sha256_elapsed_ns,984.0000000000
272258,13825921466892,btc_qm_engine,btc_sha256_nonce,3572241888.0000000000
272259,13825921467059,btc_qm_engine,btc_sha256_nonce,2201239085.0000000000
272260,13825921467137,btc_qm_engine,btc_leading_zeros,3.0000000000
272261,13825921467205,btc_qm_engine,btc_sha256_elapsed_ns,1017.0000000000
272262,13825921467321,btc_qm_engine,btc_leading_zeros,1.0000000000
272263,13825921467403,btc_qm_engine,btc_sha256_elapsed_ns,1017.0000000000
272264,13825921467583,btc_qm_engine,btc_sha256_nonce,3379529885.0000000000
272265,13825921468049,btc_qm_engine,btc_sha256_nonce,4291641534.0000000000
272266,13825921468217,btc_qm_engine,btc_leading_zeros,0.0000000000
272267,13825921468512,btc_qm_engine,btc_sha256_nonce,2200324354.0000000000
272268,13825921468704,btc_qm_engine,btc_leading_zeros,0.0000000000
272269,13825921468874,btc_qm_engine,btc_sha256_elapsed_ns,1080.0000000000
272270,13825921469080,btc_qm_engine,btc_leading_zeros,2.0000000000
272271,13825921469923,btc_qm_engine,btc_sha256_nonce,2520727645.0000000000
272272,13825921470067,btc_qm_engine,btc_sha256_elapsed_ns,1031.0000000000
272273,13825921470243,btc_qm_engine,btc_leading_zeros,0.0000000000
272274,13825921470676,btc_qm_engine,btc_sha256_elapsed_ns,1105.0000000000
272275,13825921471003,btc_qm_engine,btc_leading_zeros,0.0000000000
272276,13825921471412,btc_qm_engine,btc_sha256_nonce,2201187403.0000000000
272277,13825921471539,btc_qm_engine,btc_sha256_nonce,631264327.0000000000
272278,13825921471618,btc_qm_engine,btc_leading_zeros,0.0000000000
272279,13825921471767,btc_qm_engine,btc_sha256_elapsed_ns,1040.0000000000
272280,13825921472291,btc_qm_engine,btc_leading_zeros,0.0000000000
272281,13825921472931,btc_qm_engine,btc_sha256_elapsed_ns,1092.0000000000
272282,13825921473062,btc_qm_engine,btc_sha256_elapsed_ns,732.0000000000
272283,13825921473161,btc_qm_engine,btc_sha256_nonce,119556717.0000000000
272284,13825921473343,btc_qm_engine,btc_sha256_nonce,217426964.0000000000
272285,13825921473493,btc_qm_engine,btc_sha256_elapsed_ns,1117.0000000000
272286,13825921473779,btc_qm_engine,btc_leading_zeros,0.0000000000
272287,13825921473859,btc_qm_engine,btc_sha256_elapsed_ns,930.0000000000
272288,13825921474320,btc_qm_engine,btc_sha256_nonce,2658122166.0000000000
272289,13825921474410,btc_qm_engine,btc_leading_zeros,0.0000000000
272290,13825921474584,btc_qm_engine,btc_sha256_nonce,4121963310.0000000000
272291,13825921474923,btc_qm_engine,btc_leading_zeros,2.0000000000
272292,13825921475191,btc_qm_engine,btc_sha256_nonce,4026825269.0000000000
272293,13825921475299,btc_qm_engine,btc_sha256_elapsed_ns,996.0000000000
272294,13825921475586,btc_qm_engine,btc_sha256_elapsed_ns,1093.0000000000
272295,13825921476016,btc_qm_engine,btc_sha256_nonce,1925717797.0000000000
272296,13825921476394,btc_qm_engine,btc_leading_zeros,0.0000000000
272297,13825921477003,btc_qm_engine,btc_sha256_nonce,2875845320.0000000000
272298,13825921477180,btc_qm_engine,btc_leading_zeros,0.0000000000
272299,13825921477354,btc_qm_engine,btc_leading_zeros,0.0000000000
272300,13825921477586,btc_qm_engine,btc_leading_zeros,1.0000000000
272301,13825921477723,btc_qm_engine,btc_sha256_nonce,1822669203.0000000000
272302,13825921477788,btc_qm_engine,btc_leading_zeros,1.0000000000
272303,13825921477879,btc_qm_engine,btc_sha256_elapsed_ns,1078.0000000000
272304,13825921478049,btc_qm_engine,btc_sha256_elapsed_ns,1010.0000000000
272305,13825921478179,btc_qm_engine,btc_sha256_elapsed_ns,844.0000000000
272306,13825921478350,btc_qm_engine,btc_sha256_elapsed_ns,1055.0000000000
272307,13825921479255,btc_qm_engine,btc_sha256_nonce,2798811546.0000000000
272308,13825921479329,btc_qm_engine,btc_leading_zeros,2.0000000000
272309,13825921479458,btc_qm_engine,btc_sha256_nonce,975176465.0000000000
272310,13825921479610,btc_qm_engine,btc_sha256_nonce,2923143499.0000000000
272311,13825921479690,btc_qm_engine,btc_leading_zeros,0.0000000000
272312,13825921479770,btc_qm_engine,btc_sha256_elapsed_ns,1085.0000000000
272313,13825921479933,btc_qm_engine,btc_leading_zeros,4.0000000000
272314,13825921480038,btc_qm_engine,btc_sha256_elapsed_ns,1052.0000000000
272315,13825921480273,btc_qm_engine,btc_sha256_elapsed_ns,792.0000000000
272316,13825921480530,btc_qm_engine,btc_sha256_nonce,3944407383.0000000000
272317,13825921480841,btc_qm_engine,btc_leading_zeros,3.0000000000
272318,13825921480914,btc_qm_engine,btc_sha256_elapsed_ns,1098.0000000000
272319,13825921481287,btc_qm_engine,btc_leading_zeros,1.0000000000
272320,13825921481493,btc_qm_engine,btc_sha256_nonce,392994624.0000000000
272321,13825921481576,btc_qm_engine,btc_leading_zeros,0.0000000000
272322,13825921481725,btc_qm_engine,btc_sha256_nonce,2194449369.0000000000
272323,13825921481882,btc_qm_engine,btc_sha256_nonce,168091742.0000000000
272324,13825921482117,btc_qm_engine,btc_leading_zeros,1.0000000000
272325,13825921482180,btc_qm_engine,btc_sha256_elapsed_ns,1023.0000000000
272326,13825921482305,btc_qm_engine,btc_sha256_nonce,2201074809.0000000000
272327,13825921482497,btc_qm_engine,btc_sha256_nonce,2428545998.0000000000
272328,13825921483002,btc_qm_engine,btc_sha256_elapsed_ns,984.0000000000
272329,13825921483545,btc_qm_engine,btc_sha256_elapsed_ns,935.0000000000
272330,13825921483632,btc_qm_engine,btc_leading_zeros,0.0000000000
272331,13825921483792,btc_qm_engine,btc_sha256_nonce,3645003399.0000000000
272332,13825921483875,btc_qm_engine,btc_leading_zeros,0.0000000000
272333,13825921484004,btc_qm_engine,btc_sha256_elapsed_ns,1050.0000000000
272334,13825921484512,btc_qm_engine,btc_sha256_elapsed_ns,1130.0000000000
272335,13825921484757,btc_qm_engine,btc_sha256_nonce,4197171156.0000000000
272336,13825921484826,btc_qm_engine,btc_leading_zeros,0.0000000000
272337,13825921484894,btc_qm_engine,btc_sha256_elapsed_ns,747.0000000000
272338,13825921485007,btc_qm_engine,btc_leading_zeros,9.0000000000
272339,13825921485105,btc_qm_engine,btc_sha256_nonce,786184810.0000000000
272340,13825921485500,btc_qm_engine,btc_sha256_nonce,1981892578.0000000000
272341,13825921485592,btc_qm_engine,btc_leading_zeros,0.0000000000
272342,13825921485765,btc_qm_engine,btc_leading_zeros,0.0000000000
272343,13825921485865,btc_qm_engine,btc_sha256_elapsed_ns,1108.0000000000
272344,13825921486098,btc_qm_engine,btc_sha256_nonce,1357703757.0000000000
272345,13825921486278,btc_qm_engine,btc_sha256_elapsed_ns,967.0000000000
272346,13825921486732,btc_qm_engine,btc_sha256_nonce,1468640848.0000000000
272347,13825921487140,btc_qm_engine,btc_leading_zeros,0.0000000000
272348,13825921487212,btc_qm_engine,btc_sha256_nonce,48310994.0000000000
272349,13825921487372,btc_qm_engine,btc_sha256_nonce,1254769583.0000000000
272350,13825921487449,btc_qm_engine,btc_leading_zeros,4.0000000000
272351,13825921487547,btc_qm_engine,btc_sha256_elapsed_ns,1052.0000000000
272352,13825921487718,btc_qm_engine,btc_leading_zeros,0.0000000000
272353,13825921487802,btc_qm_engine,btc_sha256_elapsed_ns,975.0000000000
272354,13825921488149,btc_qm_engine,btc_sha256_elapsed_ns,969.0000000000
272355,13825921488360,btc_qm_engine,btc_sha256_nonce,1595610070.0000000000
272356,13825921488442,btc_qm_engine,btc_leading_zeros,1.0000000000
272357,13825921488515,btc_qm_engine,btc_sha256_elapsed_ns,1063.0000000000
272358,13825921488749,btc_qm_engine,btc_sha256_elapsed_ns,1006.0000000000
272359,13825921488870,btc_qm_engine,btc_leading_zeros,0.0000000000
272360,13825921488949,btc_qm_engine,btc_sha256_elapsed_ns,1039.0000000000
272361,13825921489159,btc_qm_engine,btc_sha256_nonce,1576798719.0000000000
272362,13825921489244,btc_qm_engine,btc_leading_zeros,0.0000000000
272363,13825921489314,btc_qm_engine,btc_sha256_elapsed_ns,1036.0000000000
272364,13825921489587,btc_qm_engine,btc_sha256_nonce,2296394577.0000000000
272365,13825921489658,btc_qm_engine,btc_leading_zeros,1.0000000000
272366,13825921489743,btc_qm_engine,btc_sha256_elapsed_ns,1094.0000000000
272367,13825921489848,btc_qm_engine,btc_sha256_nonce,210165265.0000000000
272368,13825921490009,btc_qm_engine,btc_sha256_nonce,2196300670.0000000000
272369,13825921490246,btc_qm_engine,btc_sha256_nonce,3493072536.0000000000
272370,13825921490314,btc_qm_engine,btc_leading_zeros,0.0000000000
272371,13825921490452,btc_qm_engine,btc_sha256_elapsed_ns,1013.0000000000
272372,13825921490653,btc_qm_engine,btc_leading_zeros,1.0000000000
272373,13825921491001,btc_qm_engine,btc_leading_zeros,0.0000000000
272374,13825921491194,btc_qm_engine,btc_sha256_nonce,3562195129.0000000000
272375,13825921491359,btc_qm_engine,btc_sha256_elapsed_ns,1000.0000000000
272376,13825921491471,btc_qm_engine,btc_sha256_nonce,1867915760.0000000000
272377,13825921491863,btc_qm_engine,btc_sha256_elapsed_ns,1081.0000000000
272378,13825921492191,btc_qm_engine,btc_leading_zeros,2.0000000000
272379,13825921492414,btc_qm_engine,btc_leading_zeros,1.0000000000
272380,13825921492529,btc_qm_engine,btc_sha256_elapsed_ns,1031.0000000000
272381,13825921492899,btc_qm_engine,btc_sha256_nonce,1534778436.0000000000
272382,13825921493030,btc_qm_engine,btc_leading_zeros,0.0000000000
272383,13825921493159,btc_qm_engine,btc_sha256_nonce,1940980061.0000000000
272384,13825921493234,btc_qm_engine,btc_leading_zeros,2.0000000000
272385,13825921493337,btc_qm_engine,btc_sha256_elapsed_ns,1048.0000000000
272386,13825921493601,btc_qm_engine,btc_sha256_nonce,1531580316.0000000000
272387,13825921493807,btc_qm_engine,btc_sha256_elapsed_ns,1079.0000000000
272388,13825921494123,btc_qm_engine,btc_sha256_nonce,1060536171.0000000000
272389,13825921494254,btc_qm_engine,btc_leading_zeros,0.0000000000
272390,13825921494328,btc_qm_engine,btc_sha256_elapsed_ns,855.0000000000
272391,13825921494576,btc_qm_engine,btc_leading_zeros,0.0000000000
272392,13825921494933,btc_qm_engine,btc_sha256_elapsed_ns,1063.0000000000
272393,13825921495105,btc_qm_engine,btc_sha256_nonce,3824291981.0000000000
272394,13825921495507,btc_qm_engine,btc_sha256_nonce,369466906.0000000000
272395,13825921495589,btc_qm_engine,btc_leading_zeros,1.0000000000
272396,13825921495666,btc_qm_engine,btc_sha256_elapsed_ns,881.0000000000
272397,13825921495780,btc_qm_engine,btc_leading_zeros,1.0000000000
272398,13825921495901,btc_qm_engine,btc_sha256_elapsed_ns,1022.0000000000
272399,13825921496313,btc_qm_engine,btc_sha256_nonce,515614638.0000000000
272400,13825921496596,btc_qm_engine,btc_sha256_nonce,2927949953.0000000000
272401,13825921496685,btc_qm_engine,btc_leading_zeros,2.0000000000
272402,13825921496739,btc_qm_engine,btc_sha256_elapsed_ns,740.0000000000
272403,13825921496845,btc_qm_engine,btc_sha256_elapsed_ns,1052.0000000000
272404,13825921496967,btc_qm_engine,btc_leading_zeros,0.0000000000
272405,13825921497045,btc_qm_engine,btc_sha256_elapsed_ns,1089.0000000000
272406,13825921497645,btc_qm_engine,btc_sha256_nonce,2540502019.0000000000
272407,13825921497789,btc_qm_engine,btc_sha256_elapsed_ns,953.0000000000
272408,13825921497955,btc_qm_engine,btc_sha256_nonce,2201118985.0000000000
272409,13825921498354,btc_qm_engine,btc_sha256_nonce,1161343703.0000000000
272410,13825921498520,btc_qm_engine,btc_sha256_nonce,4043739858.0000000000
272411,13825921498681,btc_qm_engine,btc_leading_zeros,1.0000000000
272412,13825921498845,btc_qm_engine,btc_sha256_elapsed_ns,1096.0000000000
272413,13825921498954,btc_qm_engine,btc_leading_zeros,2.0000000000
272414,13825921499030,btc_qm_engine,btc_sha256_elapsed_ns,1076.0000000000
272415,13825921499557,btc_qm_engine,btc_sha256_nonce,2720890183.0000000000
272416,13825921500004,btc_qm_engine,btc_leading_zeros,1.0000000000
272417,13825921500134,btc_qm_engine,btc_sha256_elapsed_ns,848.0000000000
272418,13825921500387,btc_qm_engine,btc_sha256_nonce,1940620664.0000000000
272419,13825921500845,btc_qm_engine,btc_sha256_nonce,3470352374.0000000000
272420,13825921501024,btc_qm_engine,btc_sha256_nonce,1089801182.0000000000
272421,13825921501094,btc_qm_engine,btc_leading_zeros,4.0000000000
272422,13825921501241,btc_qm_engine,btc_sha256_elapsed_ns,1111.0000000000
272423,13825921501382,btc_qm_engine,btc_leading_zeros,0.0000000000
272424,13825921501457,btc_qm_engine,btc_sha256_elapsed_ns,1002.0000000000
272425,13825921501709,btc_qm_engine,btc_leading_zeros,2.0000000000
272426,13825921502141,btc_qm_engine,btc_sha256_elapsed_ns,1012.0000000000
272427,13825921502510,btc_qm_engine,btc_leading_zeros,0.0000000000
272428,13825921502627,btc_qm_engine,btc_sha256_elapsed_ns,905.0000000000
272429,13825921502874,btc_qm_engine,btc_sha256_nonce,927218984.0000000000
272430,13825921503399,btc_qm_engine,btc_sha256_nonce,2291152094.0000000000
272431,13825921503558,btc_qm_engine,btc_leading_zeros,3.0000000000
272432,13825921503646,btc_qm_engine,btc_sha256_elapsed_ns,992.0000000000
272433,13825921503955,btc_qm_engine,btc_sha256_nonce,3674004389.0000000000
272434,13825921504387,btc_qm_engine,btc_sha256_nonce,443399777.0000000000
272435,13825921504935,btc_qm_engine,btc_leading_zeros,0.0000000000
272436,13825921505125,btc_qm_engine,btc_sha256_nonce,1228087852.0000000000
272437,13825921505357,btc_qm_engine,btc_leading_zeros,1.0000000000
272438,13825921505550,btc_qm_engine,btc_leading_zeros,0.0000000000
272439,13825921506090,btc_qm_engine,btc_sha256_elapsed_ns,1009.0000000000
272440,13825921506242,btc_qm_engine,btc_leading_zeros,4.0000000000
272441,13825921506865,btc_qm_engine,btc_sha256_nonce,1913932944.0000000000
272442,13825921507080,btc_qm_engine,btc_leading_zeros,0.0000000000
272443,13825921507267,btc_qm_engine,btc_leading_zeros,0.0000000000
272444,13825921507339,btc_qm_engine,btc_sha256_elapsed_ns,999.0000000000
272445,13825921507633,btc_qm_engine,btc_sha256_elapsed_ns,1047.0000000000
272446,13825921507748,btc_qm_engine,btc_sha256_elapsed_ns,1068.0000000000
272447,13825921508138,btc_qm_engine,btc_sha256_nonce,3090627889.0000000000
272448,13825921508217,btc_qm_engine,btc_leading_zeros,0.0000000000
272449,13825921508293,btc_qm_engine,btc_sha256_elapsed_ns,985.0000000000
272450,13825921508880,btc_qm_engine,btc_sha256_nonce,827106505.0000000000
272451,13825921509141,btc_qm_engine,btc_sha256_nonce,3217072388.0000000000
272452,13825921509273,btc_qm_engine,btc_sha256_elapsed_ns,1118.0000000000
272453,13825921509498,btc_qm_engine,btc_leading_zeros,0.0000000000
272454,13825921509870,btc_qm_engine,btc_sha256_nonce,1153887669.0000000000
272455,13825921509946,btc_qm_engine,btc_leading_zeros,1.0000000000
272456,13825921510136,btc_qm_engine,btc_sha256_elapsed_ns,749.0000000000
272457,13825921510348,btc_qm_engine,btc_sha256_elapsed_ns,994.0000000000
272458,13825921510642,btc_qm_engine,btc_leading_zeros,0.0000000000
272459,13825921510837,btc_qm_engine,btc_sha256_nonce,3674373489.0000000000
272460,13825921511038,btc_qm_engine,btc_sha256_nonce,3589955601.0000000000
272461,13825921511615,btc_qm_engine,btc_leading_zeros,0.0000000000
272462,13825921511778,btc_qm_engine,btc_sha256_nonce,3881690015.0000000000
272463,13825921511987,btc_qm_engine,btc_sha256_elapsed_ns,1109.0000000000
272464,13825921512823,btc_qm_engine,btc_sha256_elapsed_ns,1101.0000000000
272465,13825921513043,btc_qm_engine,btc_sha256_nonce,861674484.0000000000
272466,13825921513306,btc_qm_engine,btc_leading_zeros,0.0000000000
272467,13825921513377,btc_qm_engine,btc_sha256_elapsed_ns,795.0000000000
272468,13825921514046,btc_qm_engine,btc_leading_zeros,1.0000000000
272469,13825921514113,btc_qm_engine,btc_sha256_elapsed_ns,1080.0000000000
272470,13825921514258,btc_qm_engine,btc_sha256_nonce,1531136851.0000000000
272471,13825921514374,btc_qm_engine,btc_leading_zeros,3.0000000000
272472,13825921514445,btc_qm_engine,btc_sha256_elapsed_ns,1097.0000000000
272473,13825921514657,btc_qm_engine,btc_sha256_nonce,3234760638.0000000000
272474,13825921514742,btc_qm_engine,btc_leading_zeros,1.0000000000
272475,13825921514842,btc_qm_engine,btc_sha256_elapsed_ns,1029.0000000000
272476,13825921514958,btc_qm_engine,btc_sha256_nonce,1605928110.0000000000
272477,13825921515307,btc_qm_engine,btc_leading_zeros,4.0000000000
272478,13825921515390,btc_qm_engine,btc_sha256_elapsed_ns,1075.0000000000
272479,13825921515569,btc_qm_engine,btc_sha256_nonce,4122166611.0000000000
272480,13825921515832,btc_qm_engine,btc_leading_zeros,0.0000000000
272481,13825921516051,btc_qm_engine,btc_leading_zeros,0.0000000000
272482,13825921516193,btc_qm_engine,btc_sha256_nonce,4182421275.0000000000
272483,13825921516340,btc_qm_engine,btc_sha256_elapsed_ns,1059.0000000000
272484,13825921516479,btc_qm_engine,btc_sha256_elapsed_ns,1071.0000000000
272485,13825921516616,btc_qm_engine,btc_sha256_nonce,2881716030.0000000000
272486,13825921517060,btc_qm_engine,btc_leading_zeros,1.0000000000
272487,13825921517122,btc_qm_engine,btc_sha256_elapsed_ns,1087.0000000000
272488,13825921517240,btc_qm_engine,btc_sha256_nonce,2137283417.0000000000
272489,13825921517505,btc_qm_engine,btc_sha256_nonce,2956553718.0000000000
272490,13825921517741,btc_qm_engine,btc_sha256_nonce,720406409.0000000000
272491,13825921518112,btc_qm_engine,btc_leading_zeros,0.0000000000
272492,13825921518189,btc_qm_engine,btc_sha256_elapsed_ns,960.0000000000
272493,13825921518268,btc_qm_engine,btc_sha256_nonce,4121604929.0000000000
272494,13825921518459,btc_qm_engine,btc_leading_zeros,1.0000000000
272495,13825921524319,btc_qm_engine,btc_sha256_elapsed_ns,1124.0000000000
272496,13825921525638,btc_qm_engine,btc_sha256_nonce,3113068047.0000000000
272497,13825921525714,btc_qm_engine,btc_leading_zeros,4.0000000000
272498,13825921525793,btc_qm_engine,btc_sha256_elapsed_ns,1084.0000000000
272499,13825921527075,btc_qm_engine,btc_sha256_nonce,2635841534.0000000000
272500,13825921527151,btc_qm_engine,btc_leading_zeros,1.0000000000
272501,13825921527222,btc_qm_engine,btc_sha256_elapsed_ns,1078.0000000000
272502,13825921528451,btc_qm_engine,btc_sha256_nonce,1531357486.0000000000
272503,13825921529046,btc_qm_engine,btc_sha256_nonce,1639854127.0000000000
272504,13825921529650,btc_qm_engine,btc_leading_zeros,1.0000000000
272505,13825921529713,btc_qm_engine,btc_sha256_elapsed_ns,775.0000000000
272506,13825921529906,btc_qm_engine,btc_leading_zeros,2.0000000000
272507,13825921529999,btc_qm_engine,btc_sha256_elapsed_ns,1101.0000000000
272508,13825921530769,btc_qm_engine,btc_sha256_nonce,2510471478.0000000000
272509,13825921530823,btc_qm_engine,btc_leading_zeros,1.0000000000
272510,13825921530871,btc_qm_engine,btc_sha256_elapsed_ns,764.0000000000
272511,13825921531346,btc_qm_engine,btc_sha256_nonce,1157198080.0000000000
272512,13825921531423,btc_qm_engine,btc_leading_zeros,1.0000000000
272513,13825921531494,btc_qm_engine,btc_sha256_elapsed_ns,1120.0000000000
272514,13825921531811,btc_qm_engine,btc_sha256_nonce,1530897197.0000000000
272515,13825921531878,btc_qm_engine,btc_leading_zeros,2.0000000000
272516,13825921532350,btc_qm_engine,btc_leading_zeros,0.0000000000
272517,13825921532835,btc_qm_engine,btc_sha256_nonce,2434919141.0000000000
272518,13825921533042,btc_qm_engine,btc_leading_zeros,0.0000000000
272519,13825921533370,btc_qm_engine,btc_sha256_elapsed_ns,1028.0000000000
272520,13825921534243,btc_qm_engine,btc_sha256_elapsed_ns,735.0000000000
272521,13825921535354,btc_qm_engine,btc_sha256_elapsed_ns,1085.0000000000
272522,13825921535567,btc_qm_engine,btc_sha256_nonce,2275959976.0000000000
272523,13825921536007,btc_qm_engine,btc_sha256_nonce,2368755018.0000000000
272524,13825921536421,btc_qm_engine,btc_leading_zeros,8.0000000000
272525,13825921536762,btc_qm_engine,btc_sha256_nonce,565454608.0000000000
272526,13825921536946,btc_qm_engine,btc_sha256_elapsed_ns,1015.0000000000
272527,13825921537327,btc_qm_engine,btc_sha256_nonce,1531055563.0000000000
272528,13825921537675,btc_qm_engine,btc_leading_zeros,2.0000000000
272529,13825921537789,btc_qm_engine,btc_sha256_elapsed_ns,1034.0000000000
272530,13825921538260,btc_qm_engine,btc_sha256_nonce,1333566628.0000000000
272531,13825921538554,btc_qm_engine,btc_leading_zeros,1.0000000000
272532,13825921538723,btc_qm_engine,btc_leading_zeros,2.0000000000
272533,13825921538800,btc_qm_engine,btc_sha256_elapsed_ns,1026.0000000000
272534,13825921538963,btc_qm_engine,btc_leading_zeros,2.0000000000
272535,13825921539077,btc_qm_engine,btc_sha256_elapsed_ns,1112.0000000000
272536,13825921539645,btc_qm_engine,btc_sha256_nonce,1057469848.0000000000
272537,13825921539745,btc_qm_engine,btc_leading_zeros,1.0000000000
272538,13825921539817,btc_qm_engine,btc_sha256_elapsed_ns,1116.0000000000
272539,13825921540093,btc_qm_engine,btc_sha256_nonce,3102972996.0000000000
272540,13825921540269,btc_qm_engine,btc_sha256_nonce,2635289390.0000000000
272541,13825921540347,btc_qm_engine,btc_leading_zeros,0.0000000000
272542,13825921540417,btc_qm_engine,btc_sha256_elapsed_ns,935.0000000000
272543,13825921540552,btc_qm_engine,btc_leading_zeros,0.0000000000
272544,13825921540628,btc_qm_engine,btc_sha256_elapsed_ns,1087.0000000000
272545,13825921541082,btc_qm_engine,btc_sha256_nonce,2306802570.0000000000
272546,13825921541472,btc_qm_engine,btc_sha256_elapsed_ns,983.0000000000
272547,13825921541611,btc_qm_engine,btc_sha256_elapsed_ns,1118.0000000000
272548,13825921541757,btc_qm_engine,btc_leading_zeros,1.0000000000
272549,13825921541835,btc_qm_engine,btc_sha256_elapsed_ns,1051.0000000000
272550,13825921542042,btc_qm_engine,btc_sha256_nonce,2120740084.0000000000
272551,13825921542373,btc_qm_engine,btc_leading_zeros,0.0000000000
272552,13825921542575,btc_qm_engine,btc_sha256_nonce,865918632.0000000000
272553,13825921542903,btc_qm_engine,btc_sha256_nonce,1008724263.0000000000
272554,13825921543001,btc_qm_engine,btc_sha256_elapsed_ns,1017.0000000000
272555,13825921543117,btc_qm_engine,btc_leading_zeros,0.0000000000
272556,13825921543298,btc_qm_engine,btc_leading_zeros,3.0000000000
272557,13825921543541,btc_qm_engine,btc_leading_zeros,1.0000000000
272558,13825921544049,btc_qm_engine,btc_sha256_nonce,2574714628.0000000000
272559,13825921544420,btc_qm_engine,btc_leading_zeros,0.0000000000
272560,13825921544620,btc_qm_engine,btc_sha256_nonce,662568017.0000000000
272561,13825921544724,btc_qm_engine,btc_leading_zeros,0.0000000000
272562,13825921544793,btc_qm_engine,btc_sha256_elapsed_ns,882.0000000000
272563,13825921545082,btc_qm_engine,btc_sha256_elapsed_ns,999.0000000000
272564,13825921545201,btc_qm_engine,btc_sha256_elapsed_ns,1098.0000000000
272565,13825921545742,btc_qm_engine,btc_sha256_nonce,553501134.0000000000
272566,13825921545815,btc_qm_engine,btc_leading_zeros,0.0000000000
272567,13825921545870,btc_qm_engine,btc_sha256_elapsed_ns,740.0000000000
272568,13825921546233,btc_qm_engine,btc_sha256_elapsed_ns,972.0000000000
272569,13825921546637,btc_qm_engine,btc_sha256_nonce,2941050312.0000000000
272570,13825921546860,btc_qm_engine,btc_leading_zeros,0.0000000000
272571,13825921547178,btc_qm_engine,btc_sha256_nonce,16699087.0000000000
272572,13825921547319,btc_qm_engine,btc_sha256_elapsed_ns,1006.0000000000
272573,13825921547491,btc_qm_engine,btc_sha256_nonce,1833731486.0000000000
272574,13825921547597,btc_qm_engine,btc_leading_zeros,0.0000000000
272575,13825921547926,btc_qm_engine,btc_leading_zeros,0.0000000000
272576,13825921548136,btc_qm_engine,btc_leading_zeros,2.0000000000
272577,13825921548412,btc_qm_engine,btc_sha256_elapsed_ns,1089.0000000000
272578,13825921548629,btc_qm_engine,btc_sha256_nonce,3543469018.0000000000
272579,13825921548934,btc_qm_engine,btc_sha256_nonce,719696115.0000000000
272580,13825921549493,btc_qm_engine,btc_sha256_elapsed_ns,863.0000000000
272581,13825921549600,btc_qm_engine,btc_leading_zeros,1.0000000000
272582,13825921549712,btc_qm_engine,btc_sha256_elapsed_ns,965.0000000000
272583,13825921549829,btc_qm_engine,btc_sha256_nonce,2779083805.0000000000
272584,13825921550047,btc_qm_engine,btc_sha256_elapsed_ns,966.0000000000
272585,13825921550184,btc_qm_engine,btc_leading_zeros,0.0000000000
272586,13825921550257,btc_qm_engine,btc_sha256_elapsed_ns,1027.0000000000
272587,13825921550468,btc_qm_engine,btc_sha256_nonce,4241440479.0000000000
272588,13825921550708,btc_qm_engine,btc_leading_zeros,0.0000000000
272589,13825921550815,btc_qm_engine,btc_sha256_elapsed_ns,1057.0000000000
272590,13825921551018,btc_qm_engine,btc_sha256_nonce,1372767651.0000000000
272591,13825921551165,btc_qm_engine,btc_leading_zeros,0.0000000000
272592,13825921551421,btc_qm_engine,btc_sha256_elapsed_ns,1089.0000000000
272593,13825921551666,btc_qm_engine,btc_sha256_nonce,3927999267.0000000000
272594,13825921552145,btc_qm_engine,btc_sha256_nonce,2640241094.0000000000
272595,13825921552281,btc_qm_engine,btc_sha256_elapsed_ns,1083.0000000000
272596,13825921552415,btc_qm_engine,btc_leading_zeros,0.0000000000
272597,13825921552985,btc_qm_engine,btc_sha256_nonce,1856615563.0000000000
272598,13825921553592,btc_qm_engine,btc_leading_zeros,1.0000000000
272599,13825921553674,btc_qm_engine,btc_sha256_elapsed_ns,956.0000000000
272600,13825921553839,btc_qm_engine,btc_leading_zeros,0.0000000000
272601,13825921553902,btc_qm_engine,btc_sha256_elapsed_ns,883.0000000000
272602,13825921554100,btc_qm_engine,btc_sha256_nonce,1330800339.0000000000
272603,13825921554282,btc_qm_engine,btc_sha256_elapsed_ns,1063.0000000000
272604,13825921554533,btc_qm_engine,btc_leading_zeros,3.0000000000
272605,13825921554719,btc_qm_engine,btc_leading_zeros,1.0000000000
272606,13825921554916,btc_qm_engine,btc_sha256_elapsed_ns,1008.0000000000
272607,13825921555140,btc_qm_engine,btc_sha256_nonce,2785293544.0000000000
272608,13825921555220,btc_qm_engine,btc_leading_zeros,2.0000000000
272609,13825921555297,btc_qm_engine,btc_sha256_elapsed_ns,1011.0000000000
272610,13825921555414,btc_qm_engine,btc_sha256_elapsed_ns,1060.0000000000
272611,13825921555667,btc_qm_engine,btc_sha256_nonce,1776060272.0000000000
272612,13825921555746,btc_qm_engine,btc_leading_zeros,0.0000000000
272613,13825921556034,btc_qm_engine,btc_sha256_nonce,3237257740.0000000000
272614,13825921556238,btc_qm_engine,btc_sha256_elapsed_ns,877.0000000000
272615,13825921556724,btc_qm_engine,btc_sha256_nonce,2352541982.0000000000
272616,13825921556879,btc_qm_engine,btc_leading_zeros,0.0000000000
272617,13825921557101,btc_qm_engine,btc_sha256_nonce,2787128012.0000000000
272618,13825921557180,btc_qm_engine,btc_leading_zeros,1.0000000000
272619,13825921557267,btc_qm_engine,btc_sha256_elapsed_ns,1046.0000000000
272620,13825921557558,btc_qm_engine,btc_sha256_elapsed_ns,1036.0000000000
272621,13825921557723,btc_qm_engine,btc_sha256_nonce,2714468252.0000000000
272622,13825921558139,btc_qm_engine,btc_leading_zeros,0.0000000000
272623,13825921558211,btc_qm_engine,btc_sha256_nonce,1986774074.0000000000
272624,13825921558410,btc_qm_engine,btc_sha256_nonce,1049812330.0000000000
272625,13825921558495,btc_qm_engine,btc_leading_zeros,3.0000000000
272626,13825921558781,btc_qm_engine,btc_sha256_elapsed_ns,1039.0000000000
272627,13825921559057,btc_qm_engine,btc_leading_zeros,0.0000000000
272628,13825921559153,btc_qm_engine,btc_leading_zeros,1.0000000000
272629,13825921559888,btc_qm_engine,btc_sha256_elapsed_ns,1065.0000000000
272630,13825921560008,btc_qm_engine,btc_sha256_elapsed_ns,910.0000000000
272631,13825921560155,btc_qm_engine,btc_sha256_elapsed_ns,1057.0000000000
272632,13825921560851,btc_qm_engine,btc_sha256_nonce,688487176.0000000000
272633,13825921560919,btc_qm_engine,btc_leading_zeros,2.0000000000
272634,13825921560970,btc_qm_engine,btc_sha256_elapsed_ns,736.0000000000
272635,13825921561529,btc_qm_engine,btc_sha256_nonce,3987358424.0000000000
272636,13825921561603,btc_qm_engine,btc_leading_zeros,0.0000000000
272637,13825921561829,btc_qm_engine,btc_sha256_elapsed_ns,1122.0000000000
272638,13825921562233,btc_qm_engine,btc_sha256_nonce,1712104745.0000000000
272639,13825921562382,btc_qm_engine,btc_sha256_nonce,2400638578.0000000000
272640,13825921562598,btc_qm_engine,btc_sha256_nonce,369483156.0000000000
272641,13825921562735,btc_qm_engine,btc_leading_zeros,0.0000000000
272642,13825921562921,btc_qm_engine,btc_leading_zeros,0.0000000000
272643,13825921563011,btc_qm_engine,btc_leading_zeros,1.0000000000
272644,13825921563205,btc_qm_engine,btc_sha256_nonce,1940557593.0000000000
272645,13825921563318,btc_qm_engine,btc_sha256_elapsed_ns,1034.0000000000
272646,13825921563504,btc_qm_engine,btc_sha256_elapsed_ns,1161.0000000000
272647,13825921563644,btc_qm_engine,btc_leading_zeros,0.0000000000
272648,13825921563778,btc_qm_engine,btc_sha256_elapsed_ns,1026.0000000000
272649,13825921564035,btc_qm_engine,btc_leading_zeros,0.0000000000
272650,13825921564329,btc_qm_engine,btc_sha256_nonce,1606551206.0000000000
272651,13825921564790,btc_qm_engine,btc_leading_zeros,0.0000000000
272652,13825921564840,btc_qm_engine,btc_sha256_elapsed_ns,1083.0000000000
272653,13825921564963,btc_qm_engine,btc_sha256_nonce,755706703.0000000000
272654,13825921565042,btc_qm_engine,btc_leading_zeros,0.0000000000
272655,13825921565115,btc_qm_engine,btc_sha256_elapsed_ns,1044.0000000000
272656,13825921565536,btc_qm_engine,btc_sha256_nonce,2278790241.0000000000
272657,13825921565619,btc_qm_engine,btc_leading_zeros,1.0000000000
272658,13825921565691,btc_qm_engine,btc_sha256_elapsed_ns,1086.0000000000
272659,13825921565850,btc_qm_engine,btc_sha256_nonce,3693113974.0000000000
272660,13825921565920,btc_qm_engine,btc_leading_zeros,1.0000000000
272661,13825921565972,btc_qm_engine,btc_sha256_elapsed_ns,762.0000000000
272662,13825921566530,btc_qm_engine,btc_sha256_nonce,1560942724.0000000000
272663,13825921566606,btc_qm_engine,btc_leading_zeros,1.0000000000
272664,13825921566676,btc_qm_engine,btc_sha256_elapsed_ns,1155.0000000000
272665,13825921566978,btc_qm_engine,btc_sha256_elapsed_ns,1029.0000000000
272666,13825921567161,btc_qm_engine,btc_sha256_nonce,3459528524.0000000000
272667,13825921567525,btc_qm_engine,btc_sha256_nonce,3697518431.0000000000
272668,13825921567894,btc_qm_engine,btc_sha256_nonce,4121607587.0000000000
272669,13825921568279,btc_qm_engine,btc_leading_zeros,0.0000000000
272670,13825921568434,btc_qm_engine,btc_sha256_elapsed_ns,1159.0000000000
272671,13825921568625,btc_qm_engine,btc_sha256_elapsed_ns,1108.0000000000
272672,13825921568851,btc_qm_engine,btc_sha256_nonce,2786964415.0000000000
272673,13825921569170,btc_qm_engine,btc_leading_zeros,1.0000000000
272674,13825921569314,btc_qm_engine,btc_leading_zeros,1.0000000000
272675,13825921569595,btc_qm_engine,btc_sha256_elapsed_ns,998.0000000000
272676,13825921569769,btc_qm_engine,btc_sha256_elapsed_ns,804.0000000000
272677,13825921569971,btc_qm_engine,btc_leading_zeros,2.0000000000
272678,13825921570047,btc_qm_engine,btc_sha256_elapsed_ns,899.0000000000
272679,13825921570200,btc_qm_engine,btc_sha256_nonce,2110172816.0000000000
272680,13825921570677,btc_qm_engine,btc_sha256_nonce,189560126.0000000000
272681,13825921570822,btc_qm_engine,btc_leading_zeros,1.0000000000
272682,13825921571258,btc_qm_engine,btc_sha256_nonce,3745060445.0000000000
272683,13825921571510,btc_qm_engine,btc_sha256_nonce,606909462.0000000000
272684,13825921571626,btc_qm_engine,btc_leading_zeros,0.0000000000
272685,13825921571783,btc_qm_engine,btc_sha256_elapsed_ns,1058.0000000000
272686,13825921572496,btc_qm_engine,btc_sha256_elapsed_ns,1119.0000000000
272687,13825921572598,btc_qm_engine,btc_sha256_nonce,197426313.0000000000
272688,13825921573023,btc_qm_engine,btc_leading_zeros,0.0000000000
272689,13825921573072,btc_qm_engine,btc_sha256_elapsed_ns,1135.0000000000
272690,13825921573741,btc_qm_engine,btc_leading_zeros,4.0000000000
272691,13825921573873,btc_qm_engine,btc_sha256_elapsed_ns,1077.0000000000
272692,13825921574115,btc_qm_engine,btc_sha256_nonce,3561488860.0000000000
272693,13825921574180,btc_qm_engine,btc_leading_zeros,0.0000000000
272694,13825921574248,btc_qm_engine,btc_sha256_elapsed_ns,737.0000000000
272695,13825921574452,btc_qm_engine,btc_sha256_nonce,1531500009.0000000000
272696,13825921574648,btc_qm_engine,btc_sha256_nonce,3392674361.0000000000
272697,13825921575018,btc_qm_engine,btc_leading_zeros,0.0000000000
272698,13825921575229,btc_qm_engine,btc_sha256_nonce,2015062487.0000000000
272699,13825921575306,btc_qm_engine,btc_leading_zeros,1.0000000000
272700,13825921575376,btc_qm_engine,btc_sha256_elapsed_ns,1070.0000000000
272701,13825921575548,btc_qm_engine,btc_leading_zeros,1.0000000000
272702,13825921575899,btc_qm_engine,btc_sha256_elapsed_ns,1014.0000000000
272703,13825921576515,btc_qm_engine,btc_sha256_nonce,1794003622.0000000000
272704,13825921576988,btc_qm_engine,btc_sha256_elapsed_ns,947.0000000000
272705,13825921577087,btc_qm_engine,btc_sha256_nonce,142802001.0000000000
272706,13825921577278,btc_qm_engine,btc_leading_zeros,0.0000000000
272707,13825921577357,btc_qm_engine,btc_sha256_elapsed_ns,969.0000000000
272708,13825921577542,btc_qm_engine,btc_sha256_nonce,747852986.0000000000
272709,13825921577691,btc_qm_engine,btc_leading_zeros,0.0000000000
272710,13825921577763,btc_qm_engine,btc_sha256_elapsed_ns,1075.0000000000
272711,13825921577875,btc_qm_engine,btc_leading_zeros,0.0000000000
272712,13825921577960,btc_qm_engine,btc_sha256_elapsed_ns,1116.0000000000
272713,13825921578540,btc_qm_engine,btc_sha256_nonce,653368460.0000000000
272714,13825921578616,btc_qm_engine,btc_leading_zeros,1.0000000000
272715,13825921578683,btc_qm_engine,btc_sha256_elapsed_ns,930.0000000000
272716,13825921578831,btc_qm_engine,btc_sha256_nonce,3628034434.0000000000
272717,13825921578907,btc_qm_engine,btc_leading_zeros,1.0000000000
272718,13825921578958,btc_qm_engine,btc_sha256_elapsed_ns,1000.0000000000
272719,13825921579125,btc_qm_engine,btc_sha256_nonce,2201238502.0000000000
272720,13825921579203,btc_qm_engine,btc_leading_zeros,4.0000000000
272721,13825921579271,btc_qm_engine,btc_sha256_elapsed_ns,1083.0000000000
272722,13825921579421,btc_qm_engine,btc_leading_zeros,1.0000000000
272723,13825921579597,btc_qm_engine,btc_sha256_nonce,3379741434.0000000000
272724,13825921579703,btc_qm_engine,btc_leading_zeros,2.0000000000
272725,13825921579761,btc_qm_engine,btc_sha256_elapsed_ns,1060.0000000000
272726,13825921579889,btc_qm_engine,btc_sha256_elapsed_ns,1016.0000000000
272727,13825921580107,btc_qm_engine,btc_sha256_nonce,3947458046.0000000000
272728,13825921580348,btc_qm_engine,btc_sha256_nonce,1878069324.0000000000
272729,13825921580782,btc_qm_engine,btc_sha256_nonce,705430634.0000000000
272730,13825921580992,btc_qm_engine,btc_leading_zeros,0.0000000000
272731,13825921581248,btc_qm_engine,btc_leading_zeros,1.0000000000
272732,13825921581404,btc_qm_engine,btc_sha256_nonce,1940519415.0000000000
272733,13825921581681,btc_qm_engine,btc_sha256_nonce,3820987788.0000000000
272734,13825921582113,btc_qm_engine,btc_sha256_elapsed_ns,911.0000000000
272735,13825921582330,btc_qm_engine,btc_leading_zeros,0.0000000000
272736,13825921583109,btc_qm_engine,btc_sha256_nonce,1888484306.0000000000
272737,13825921583486,btc_qm_engine,btc_leading_zeros,2.0000000000
272738,13825921583535,btc_qm_engine,btc_sha256_elapsed_ns,1018.0000000000
272739,13825921583830,btc_qm_engine,btc_sha256_elapsed_ns,1074.0000000000
272740,13825921584646,btc_qm_engine,btc_sha256_nonce,1483708740.0000000000
272741,13825921584731,btc_qm_engine,btc_leading_zeros,0.0000000000
272742,13825921584804,btc_qm_engine,btc_sha256_elapsed_ns,846.0000000000
272743,13825921585163,btc_qm_engine,btc_sha256_nonce,4221279983.0000000000
272744,13825921585247,btc_qm_engine,btc_leading_zeros,0.0000000000
272745,13825921585314,btc_qm_engine,btc_sha256_elapsed_ns,1038.0000000000
272746,13825921585576,btc_qm_engine,btc_sha256_elapsed_ns,989.0000000000
272747,13825921586009,btc_qm_engine,btc_sha256_nonce,921021284.0000000000
272748,13825921586107,btc_qm_engine,btc_sha256_nonce,111899096.0000000000
272749,13825921586450,btc_qm_engine,btc_leading_zeros,0.0000000000
272750,13825921586616,btc_qm_engine,btc_sha256_nonce,1605628968.0000000000
272751,13825921586698,btc_qm_engine,btc_leading_zeros,0.0000000000
272752,13825921586873,btc_qm_engine,btc_sha256_nonce,726352963.0000000000
272753,13825921587061,btc_qm_engine,btc_sha256_elapsed_ns,1035.0000000000
272754,13825921587210,btc_qm_engine,btc_leading_zeros,2.0000000000
272755,13825921587640,btc_qm_engine,btc_sha256_nonce,823537170.0000000000
272756,13825921587968,btc_qm_engine,btc_sha256_elapsed_ns,1108.0000000000
272757,13825921588085,btc_qm_engine,btc_leading_zeros,0.0000000000
272758,13825921588165,btc_qm_engine,btc_sha256_elapsed_ns,1088.0000000000
272759,13825921588348,btc_qm_engine,btc_leading_zeros,4.0000000000
272760,13825921588741,btc_qm_engine,btc_sha256_elapsed_ns,978.0000000000
272761,13825921589148,btc_qm_engine,btc_leading_zeros,1.0000000000
272762,13825921589342,btc_qm_engine,btc_sha256_nonce,2200055996.0000000000
272763,13825921589421,btc_qm_engine,btc_leading_zeros,0.0000000000
272764,13825921589532,btc_qm_engine,btc_sha256_nonce,2669344451.0000000000
272765,13825921589653,btc_qm_engine,btc_leading_zeros,0.0000000000
272766,13825921589773,btc_qm_engine,btc_sha256_elapsed_ns,1070.0000000000
272767,13825921590174,btc_qm_engine,btc_leading_zeros,2.0000000000
272768,13825921590312,btc_qm_engine,btc_sha256_nonce,3858625652.0000000000
272769,13825921590388,btc_qm_engine,btc_leading_zeros,2.0000000000
272770,13825921590456,btc_qm_engine,btc_sha256_elapsed_ns,1006.0000000000
272771,13825921590730,btc_qm_engine,btc_sha256_elapsed_ns,976.0000000000
272772,13825921591802,btc_qm_engine,btc_sha256_nonce,3487819151.0000000000
272773,13825921591922,btc_qm_engine,btc_sha256_elapsed_ns,974.0000000000
272774,13825921592347,btc_qm_engine,btc_sha256_nonce,1530620887.0000000000
272775,13825921592768,btc_qm_engine,btc_leading_zeros,1.0000000000
272776,13825921592838,btc_qm_engine,btc_sha256_elapsed_ns,1081.0000000000
272777,13825921593179,btc_qm_engine,btc_sha256_nonce,4122349037.0000000000
272778,13825921593330,btc_qm_engine,btc_leading_zeros,0.0000000000
272779,13825921593823,btc_qm_engine,btc_sha256_elapsed_ns,1076.0000000000
272780,13825921594154,btc_qm_engine,btc_sha256_nonce,2322307375.0000000000
272781,13825921594402,btc_qm_engine,btc_sha256_elapsed_ns,819.0000000000
272782,13825921594614,btc_qm_engine,btc_sha256_nonce,1603333558.0000000000
272783,13825921594996,btc_qm_engine,btc_leading_zeros,0.0000000000
272784,13825921595249,btc_qm_engine,btc_sha256_elapsed_ns,1087.0000000000
272785,13825921595616,btc_qm_engine,btc_sha256_nonce,17248141.0000000000
272786,13825921595956,btc_qm_engine,btc_leading_zeros,0.0000000000
272787,13825921596008,btc_qm_engine,btc_sha256_elapsed_ns,791.0000000000
272788,13825921596158,btc_qm_engine,btc_sha256_nonce,1941126243.0000000000
272789,13825921596229,btc_qm_engine,btc_leading_zeros,0.0000000000
272790,13825921596308,btc_qm_engine,btc_sha256_elapsed_ns,1096.0000000000
272791,13825921596515,btc_qm_engine,btc_leading_zeros,0.0000000000
272792,13825921596594,btc_qm_engine,btc_sha256_elapsed_ns,936.0000000000
272793,13825921597039,btc_qm_engine,btc_sha256_nonce,957420105.0000000000
272794,13825921597117,btc_qm_engine,btc_leading_zeros,1.0000000000
272795,13825921597336,btc_qm_engine,btc_sha256_elapsed_ns,1131.0000000000
272796,13825921597620,btc_qm_engine,btc_sha256_nonce,222040436.0000000000
272797,13825921597696,btc_qm_engine,btc_leading_zeros,0.0000000000
272798,13825921597861,btc_qm_engine,btc_sha256_nonce,2748362845.0000000000
272799,13825921598304,btc_qm_engine,btc_sha256_elapsed_ns,1080.0000000000
272800,13825921598463,btc_qm_engine,btc_sha256_elapsed_ns,1070.0000000000
272801,13825921598564,btc_qm_engine,btc_leading_zeros,4.0000000000
272802,13825921598910,btc_qm_engine,btc_leading_zeros,1.0000000000
272803,13825921599059,btc_qm_engine,btc_sha256_nonce,3362373737.0000000000
272804,13825921599139,btc_qm_engine,btc_leading_zeros,0.0000000000
272805,13825921599208,btc_qm_engine,btc_sha256_elapsed_ns,1096.0000000000
272806,13825921599381,btc_qm_engine,btc_sha256_nonce,2863546198.0000000000
272807,13825921599524,btc_qm_engine,btc_sha256_elapsed_ns,1050.0000000000
272808,13825921599640,btc_qm_engine,btc_sha256_nonce,4163248318.0000000000
272809,13825921599803,btc_qm_engine,btc_leading_zeros,0.0000000000
272810,13825921599891,btc_qm_engine,btc_sha256_elapsed_ns,1005.0000000000
272811,13825921600007,btc_qm_engine,btc_sha256_nonce,3243985518.0000000000
272812,13825921600197,btc_qm_engine,btc_leading_zeros,3.0000000000
272813,13825921600525,btc_qm_engine,btc_sha256_elapsed_ns,965.0000000000
272814,13825921601155,btc_qm_engine,btc_sha256_nonce,17071480.0000000000
272815,13825921601247,btc_qm_engine,btc_sha256_nonce,947470405.0000000000
272816,13825921601331,btc_qm_engine,btc_sha256_nonce,2202123930.0000000000
272817,13825921601614,btc_qm_engine,btc_leading_zeros,0.0000000000
272818,13825921601689,btc_qm_engine,btc_sha256_elapsed_ns,1110.0000000000
272819,13825921601823,btc_qm_engine,btc_leading_zeros,4.0000000000
272820,13825921601896,btc_qm_engine,btc_sha256_elapsed_ns,1085.0000000000
272821,13825921602122,btc_qm_engine,btc_leading_zeros,1.0000000000
272822,13825921602635,btc_qm_engine,btc_sha256_elapsed_ns,1094.0000000000
272823,13825921603070,btc_qm_engine,btc_sha256_elapsed_ns,861.0000000000
272824,13825921603247,btc_qm_engine,btc_sha256_nonce,3348268644.0000000000
272825,13825921603321,btc_qm_engine,btc_leading_zeros,0.0000000000
272826,13825921603887,btc_qm_engine,btc_sha256_nonce,1634071746.0000000000
272827,13825921604016,btc_qm_engine,btc_sha256_elapsed_ns,1096.0000000000
272828,13825921604166,btc_qm_engine,btc_sha256_nonce,4214978769.0000000000
272829,13825921604242,btc_qm_engine,btc_leading_zeros,0.0000000000
272830,13825921604355,btc_qm_engine,btc_sha256_nonce,203125934.0000000000
272831,13825921604434,btc_qm_engine,btc_leading_zeros,0.0000000000
272832,13825921604505,btc_qm_engine,btc_sha256_elapsed_ns,1109.0000000000
272833,13825921604599,btc_qm_engine,btc_sha256_nonce,2132530105.0000000000
272834,13825921604803,btc_qm_engine,btc_sha256_elapsed_ns,994.0000000000
272835,13825921605422,btc_qm_engine,btc_sha256_nonce,2134270236.0000000000
272836,13825921605503,btc_qm_engine,btc_leading_zeros,0.0000000000
272837,13825921605753,btc_qm_engine,btc_sha256_nonce,876156288.0000000000
272838,13825921606052,btc_qm_engine,btc_sha256_nonce,3057431380.0000000000
272839,13825921606186,btc_qm_engine,btc_sha256_elapsed_ns,1114.0000000000
272840,13825921606404,btc_qm_engine,btc_leading_zeros,3.0000000000
272841,13825921606560,btc_qm_engine,btc_sha256_nonce,17274314.0000000000
272842,13825921606647,btc_qm_engine,btc_leading_zeros,0.0000000000
272843,13825921606810,btc_qm_engine,btc_sha256_elapsed_ns,1083.0000000000
272844,13825921607070,btc_qm_engine,btc_leading_zeros,0.0000000000
272845,13825921607216,btc_qm_engine,btc_sha256_elapsed_ns,1065.0000000000
272846,13825921607548,btc_qm_engine,btc_sha256_elapsed_ns,825.0000000000
272847,13825921607762,btc_qm_engine,btc_leading_zeros,0.0000000000
272848,13825921608005,btc_qm_engine,btc_sha256_nonce,1604675940.0000000000
272849,13825921608121,btc_qm_engine,btc_sha256_nonce,2826117835.0000000000
272850,13825921608272,btc_qm_engine,btc_leading_zeros,1.0000000000
272851,13825921608422,btc_qm_engine,btc_sha256_elapsed_ns,1083.0000000000
272852,13825921608554,btc_qm_engine,btc_sha256_nonce,2139567022.0000000000
272853,13825921608700,btc_qm_engine,btc_leading_zeros,0.0000000000
272854,13825921609026,btc_qm_engine,btc_leading_zeros,0.0000000000
272855,13825921609231,btc_qm_engine,btc_leading_zeros,1.0000000000
272856,13825921609665,btc_qm_engine,btc_sha256_nonce,3202571444.0000000000
272857,13825921609734,btc_qm_engine,btc_leading_zeros,3.0000000000
272858,13825921609783,btc_qm_engine,btc_sha256_elapsed_ns,972.0000000000
272859,13825921610103,btc_qm_engine,btc_sha256_elapsed_ns,1097.0000000000
272860,13825921610282,btc_qm_engine,btc_sha256_elapsed_ns,745.0000000000
272861,13825921611008,btc_qm_engine,btc_sha256_nonce,876797475.0000000000
272862,13825921611088,btc_qm_engine,btc_leading_zeros,0.0000000000
272863,13825921611163,btc_qm_engine,btc_sha256_elapsed_ns,738.0000000000
272864,13825921611930,btc_qm_engine,btc_leading_zeros,0.0000000000
272865,13825921612227,btc_qm_engine,btc_sha256_nonce,517276197.0000000000
272866,13825921612441,btc_qm_engine,btc_sha256_elapsed_ns,958.0000000000
272867,13825921612665,btc_qm_engine,btc_leading_zeros,0.0000000000
272868,13825921612833,btc_qm_engine,btc_sha256_nonce,2943719557.0000000000
272869,13825921613478,btc_qm_engine,btc_sha256_nonce,2359905273.0000000000
272870,13825921613672,btc_qm_engine,btc_sha256_nonce,1530784696.0000000000
272871,13825921613747,btc_qm_engine,btc_leading_zeros,3.0000000000
272872,13825921614014,btc_qm_engine,btc_sha256_elapsed_ns,1069.0000000000
272873,13825921614145,btc_qm_engine,btc_leading_zeros,2.0000000000
272874,13825921614233,btc_qm_engine,btc_sha256_elapsed_ns,886.0000000000
272875,13825921614812,btc_qm_engine,btc_sha256_elapsed_ns,944.0000000000
272876,13825921615012,btc_qm_engine,btc_sha256_nonce,729553378.0000000000
272877,13825921615366,btc_qm_engine,btc_leading_zeros,0.0000000000
272878,13825921615440,btc_qm_engine,btc_sha256_elapsed_ns,1101.0000000000
272879,13825921615630,btc_qm_engine,btc_sha256_nonce,404549108.0000000000
272880,13825921615707,btc_qm_engine,btc_leading_zeros,2.0000000000
272881,13825921615777,btc_qm_engine,btc_sha256_elapsed_ns,1060.0000000000
272882,13825921616055,btc_qm_engine,btc_sha256_nonce,1400895116.0000000000
272883,13825921616309,btc_qm_engine,btc_sha256_nonce,1606152251.0000000000
272884,13825921616506,btc_qm_engine,btc_leading_zeros,0.0000000000
272885,13825921616578,btc_qm_engine,btc_sha256_elapsed_ns,977.0000000000
272886,13825921616688,btc_qm_engine,btc_leading_zeros,0.0000000000
272887,13825921616895,btc_qm_engine,btc_sha256_nonce,2740439203.0000000000
272888,13825921617081,btc_qm_engine,btc_sha256_nonce,3794496701.0000000000
272889,13825921617162,btc_qm_engine,btc_leading_zeros,1.0000000000
272890,13825921617236,btc_qm_engine,btc_sha256_elapsed_ns,1043.0000000000
272891,13825921617536,btc_qm_engine,btc_leading_zeros,1.0000000000
272892,13825921617610,btc_qm_engine,btc_sha256_elapsed_ns,1038.0000000000
272893,13825921617848,btc_qm_engine,btc_sha256_nonce,3357277301.0000000000
272894,13825921618076,btc_qm_engine,btc_leading_zeros,0.0000000000
272895,13825921618206,btc_qm_engine,btc_leading_zeros,2.0000000000
272896,13825921618277,btc_qm_engine,btc_sha256_elapsed_ns,847.0000000000
272897,13825921618486,btc_qm_engine,btc_sha256_elapsed_ns,1094.0000000000
272898,13825921618664,btc_qm_engine,btc_sha256_nonce,2516822862.0000000000
272899,13825921619082,btc_qm_engine,btc_leading_zeros,1.0000000000
272900,13825921619192,btc_qm_engine,btc_sha256_elapsed_ns,1135.0000000000
272901,13825921619313,btc_qm_engine,btc_sha256_nonce,4121835361.0000000000
272902,13825921619519,btc_qm_engine,btc_sha256_elapsed_ns,1000.0000000000
272903,13825921619797,btc_qm_engine,btc_sha256_nonce,2587871697.0000000000
272904,13825921619868,btc_qm_engine,btc_leading_zeros,0.0000000000
272905,13825921619952,btc_qm_engine,btc_sha256_elapsed_ns,1005.0000000000
272906,13825921620146,btc_qm_engine,btc_sha256_elapsed_ns,1057.0000000000
272907,13825921620388,btc_qm_engine,btc_sha256_nonce,1943256298.0000000000
272908,13825921620460,btc_qm_engine,btc_leading_zeros,0.0000000000
272909,13825921620537,btc_qm_engine,btc_sha256_elapsed_ns,904.0000000000
272910,13825921621114,btc_qm_engine,btc_sha256_nonce,2529342765.0000000000
272911,13825921621317,btc_qm_engine,btc_sha256_nonce,3807948102.0000000000
272912,13825921621395,btc_qm_engine,btc_leading_zeros,0.0000000000
272913,13825921621458,btc_qm_engine,btc_sha256_elapsed_ns,1135.0000000000
272914,13825921621615,btc_qm_engine,btc_sha256_nonce,176596003.0000000000
272915,13825921621744,btc_qm_engine,btc_leading_zeros,0.0000000000
272916,13825921621820,btc_qm_engine,btc_sha256_elapsed_ns,1114.0000000000
272917,13825921622063,btc_qm_engine,btc_leading_zeros,0.0000000000
272918,13825921622139,btc_qm_engine,btc_sha256_elapsed_ns,795.0000000000
272919,13825921622348,btc_qm_engine,btc_sha256_nonce,1695501128.0000000000
272920,13825921622644,btc_qm_engine,btc_sha256_nonce,2920984675.0000000000
272921,13825921622826,btc_qm_engine,btc_sha256_nonce,1090725639.0000000000
272922,13825921623035,btc_qm_engine,btc_leading_zeros,0.0000000000
272923,13825921623105,btc_qm_engine,btc_sha256_elapsed_ns,1082.0000000000
272924,13825921623225,btc_qm_engine,btc_leading_zeros,0.0000000000
272925,13825921623467,btc_qm_engine,btc_sha256_nonce,1007823217.0000000000
272926,13825921623638,btc_qm_engine,btc_leading_zeros,2.0000000000
272927,13825921623894,btc_qm_engine,btc_sha256_nonce,512581863.0000000000
272928,13825921623963,btc_qm_engine,btc_leading_zeros,0.0000000000
272929,13825921624163,btc_qm_engine,btc_sha256_elapsed_ns,994.0000000000
272930,13825921624345,btc_qm_engine,btc_sha256_nonce,1905995000.0000000000
272931,13825921624883,btc_qm_engine,btc_leading_zeros,0.0000000000
272932,13825921625733,btc_qm_engine,btc_sha256_elapsed_ns,1038.0000000000
272933,13825921625857,btc_qm_engine,btc_sha256_elapsed_ns,1070.0000000000
272934,13825921626320,btc_qm_engine,btc_leading_zeros,1.0000000000
272935,13825921626703,btc_qm_engine,btc_sha256_elapsed_ns,859.0000000000
272936,13825921627184,btc_qm_engine,btc_sha256_nonce,1606175610.0000000000
272937,13825921627474,btc_qm_engine,btc_leading_zeros,0.0000000000
272938,13825921627556,btc_qm_engine,btc_sha256_elapsed_ns,881.0000000000
272939,13825921627895,btc_qm_engine,btc_sha256_nonce,391310113.0000000000
272940,13825921628038,btc_qm_engine,btc_sha256_nonce,2971948666.0000000000
272941,13825921628158,btc_qm_engine,btc_leading_zeros,1.0000000000
272942,13825921628394,btc_qm_engine,btc_leading_zeros,1.0000000000
272943,13825921628651,btc_qm_engine,btc_sha256_nonce,1790204225.0000000000
272944,13825921628794,btc_qm_engine,btc_sha256_nonce,4266258600.0000000000
272945,13825921628866,btc_qm_engine,btc_leading_zeros,0.0000000000
272946,13825921629059,btc_qm_engine,btc_sha256_elapsed_ns,1044.0000000000
272947,13825921629497,btc_qm_engine,btc_leading_zeros,1.0000000000
272948,13825921629651,btc_qm_engine,btc_sha256_elapsed_ns,1093.0000000000
272949,13825921629984,btc_qm_engine,btc_sha256_nonce,1706302184.0000000000
272950,13825921630272,btc_qm_engine,btc_sha256_elapsed_ns,1086.0000000000
272951,13825921630473,btc_qm_engine,btc_sha256_elapsed_ns,956.0000000000
272952,13825921630744,btc_qm_engine,btc_leading_zeros,4.0000000000
272953,13825921631123,btc_qm_engine,btc_sha256_nonce,2636673594.0000000000
272954,13825921631561,btc_qm_engine,btc_leading_zeros,0.0000000000
272955,13825921631634,btc_qm_engine,btc_sha256_elapsed_ns,970.0000000000
272956,13825921631853,btc_qm_engine,btc_sha256_nonce,1605753762.0000000000
272957,13825921632061,btc_qm_engine,btc_sha256_nonce,3935152027.0000000000
272958,13825921632255,btc_qm_engine,btc_leading_zeros,0.0000000000
272959,13825921632588,btc_qm_engine,btc_leading_zeros,4.0000000000
272960,13825921632951,btc_qm_engine,btc_sha256_elapsed_ns,1056.0000000000
272961,13825921633444,btc_qm_engine,btc_sha256_elapsed_ns,1097.0000000000
272962,13825921634012,btc_qm_engine,btc_sha256_nonce,289722374.0000000000
272963,13825921634325,btc_qm_engine,btc_leading_zeros,1.0000000000
272964,13825921634390,btc_qm_engine,btc_sha256_elapsed_ns,1118.0000000000
272965,13825921634821,btc_qm_engine,btc_sha256_elapsed_ns,980.0000000000
272966,13825921635346,btc_qm_engine,btc_sha256_nonce,45432816.0000000000
272967,13825921635425,btc_qm_engine,btc_leading_zeros,0.0000000000
272968,13825921635495,btc_qm_engine,btc_sha256_elapsed_ns,1076.0000000000
272969,13825921635722,btc_qm_engine,btc_sha256_nonce,741633174.0000000000
272970,13825921635805,btc_qm_engine,btc_leading_zeros,0.0000000000
272971,13825921635869,btc_qm_engine,btc_sha256_elapsed_ns,1099.0000000000
272972,13825921636129,btc_qm_engine,btc_sha256_nonce,115075936.0000000000
272973,13825921636203,btc_qm_engine,btc_leading_zeros,0.0000000000
272974,13825921636273,btc_qm_engine,btc_sha256_elapsed_ns,1021.0000000000
272975,13825921636837,btc_qm_engine,btc_sha256_nonce,1592030294.0000000000
272976,13825921636969,btc_qm_engine,btc_sha256_nonce,1622807836.0000000000
272977,13825921637193,btc_qm_engine,btc_sha256_nonce,517506508.0000000000
272978,13825921637271,btc_qm_engine,btc_leading_zeros,3.0000000000
272979,13825921637406,btc_qm_engine,btc_leading_zeros,1.0000000000
272980,13825921637487,btc_qm_engine,btc_sha256_elapsed_ns,1068.0000000000
272981,13825921637738,btc_qm_engine,btc_sha256_nonce,1943649802.0000000000
272982,13825921638504,btc_qm_engine,btc_sha256_nonce,407057745.0000000000
272983,13825921638870,btc_qm_engine,btc_sha256_nonce,1163823354.0000000000
272984,13825921638987,btc_qm_engine,btc_leading_zeros,1.0000000000
272985,13825921639404,btc_qm_engine,btc_sha256_elapsed_ns,1089.0000000000
272986,13825921639683,btc_qm_engine,btc_sha256_elapsed_ns,1104.0000000000
272987,13825921639981,btc_qm_engine,btc_sha256_elapsed_ns,1071.0000000000
272988,13825921640507,btc_qm_engine,btc_leading_zeros,0.0000000000
272989,13825921640794,btc_qm_engine,btc_sha256_elapsed_ns,1045.0000000000
272990,13825921641660,btc_qm_engine,btc_sha256_nonce,1325653603.0000000000
272991,13825921641796,btc_qm_engine,btc_leading_zeros,0.0000000000
272992,13825921642079,btc_qm_engine,btc_sha256_nonce,1741468324.0000000000
272993,13825921642172,btc_qm_engine,btc_leading_zeros,2.0000000000
272994,13825921642408,btc_qm_engine,btc_sha256_nonce,3467456904.0000000000
272995,13825921642946,btc_qm_engine,btc_sha256_elapsed_ns,1073.0000000000
272996,13825921643139,btc_qm_engine,btc_sha256_elapsed_ns,1036.0000000000
272997,13825921643559,btc_qm_engine,btc_leading_zeros,2.0000000000
272998,13825921643777,btc_qm_engine,btc_leading_zeros,2.0000000000
272999,13825921644498,btc_qm_engine,btc_sha256_nonce,3421605693.0000000000
273000,13825921644756,btc_qm_engine,btc_sha256_elapsed_ns,1077.0000000000
273001,13825921645000,btc_qm_engine,btc_leading_zeros,0.0000000000
273002,13825921645088,btc_qm_engine,btc_sha256_elapsed_ns,1102.0000000000
273003,13825921645222,btc_qm_engine,btc_sha256_nonce,1825879709.0000000000
273004,13825921645578,btc_qm_engine,btc_sha256_nonce,2896322692.0000000000
273005,13825921645848,btc_qm_engine,btc_sha256_elapsed_ns,1085.0000000000
273006,13825921646430,btc_qm_engine,btc_sha256_nonce,1143505516.0000000000
273007,13825921646521,btc_qm_engine,btc_leading_zeros,1.0000000000
273008,13825921647077,btc_qm_engine,btc_leading_zeros,1.0000000000
273009,13825921647516,btc_qm_engine,btc_sha256_elapsed_ns,989.0000000000
273010,13825921647970,btc_qm_engine,btc_sha256_nonce,3653132812.0000000000
273011,13825921648053,btc_qm_engine,btc_leading_zeros,0.0000000000
273012,13825921648109,btc_qm_engine,btc_sha256_elapsed_ns,1103.0000000000
273013,13825921648259,btc_qm_engine,btc_leading_zeros,0.0000000000
273014,13825921648727,btc_qm_engine,btc_sha256_elapsed_ns,1071.0000000000
273015,13825921648904,btc_qm_engine,btc_sha256_nonce,2881811365.0000000000
273016,13825921648978,btc_qm_engine,btc_leading_zeros,0.0000000000
273017,13825921649043,btc_qm_engine,btc_sha256_elapsed_ns,1104.0000000000
273018,13825921649283,btc_qm_engine,btc_sha256_elapsed_ns,1026.0000000000
273019,13825921649711,btc_qm_engine,btc_sha256_elapsed_ns,1103.0000000000
273020,13825921649900,btc_qm_engine,btc_sha256_nonce,1243408371.0000000000
273021,13825921650141,btc_qm_engine,btc_leading_zeros,0.0000000000
273022,13825921650387,btc_qm_engine,btc_sha256_nonce,4028108260.0000000000
273023,13825921650574,btc_qm_engine,btc_sha256_elapsed_ns,990.0000000000
273024,13825921651033,btc_qm_engine,btc_sha256_nonce,3392410241.0000000000
273025,13825921651111,btc_qm_engine,btc_leading_zeros,0.0000000000
273026,13825921651216,btc_qm_engine,btc_sha256_elapsed_ns,1001.0000000000
273027,13825921651356,btc_qm_engine,btc_sha256_nonce,1341704586.0000000000
273028,13825921651524,btc_qm_engine,btc_leading_zeros,1.0000000000
273029,13825921651748,btc_qm_engine,btc_leading_zeros,1.0000000000
273030,13825921651827,btc_qm_engine,btc_sha256_elapsed_ns,1108.0000000000
273031,13825921651953,btc_qm_engine,btc_sha256_elapsed_ns,1093.0000000000
273032,13825921652564,btc_qm_engine,btc_sha256_nonce,3707157009.0000000000
273033,13825921652661,btc_qm_engine,btc_leading_zeros,1.0000000000
273034,13825921652754,btc_qm_engine,btc_sha256_elapsed_ns,1122.0000000000
273035,13825921653133,btc_qm_engine,btc_sha256_nonce,398536940.0000000000
273036,13825921653215,btc_qm_engine,btc_leading_zeros,1.0000000000
273037,13825921653377,btc_qm_engine,btc_sha256_nonce,1801218230.0000000000
273038,13825921653455,btc_qm_engine,btc_leading_zeros,2.0000000000
273039,13825921653524,btc_qm_engine,btc_sha256_elapsed_ns,1135.0000000000
273040,13825921653809,btc_qm_engine,btc_sha256_nonce,2500273464.0000000000
273041,13825921653973,btc_qm_engine,btc_sha256_elapsed_ns,1054.0000000000
273042,13825921654089,btc_qm_engine,btc_sha256_nonce,3578991481.0000000000
273043,13825921654170,btc_qm_engine,btc_leading_zeros,1.0000000000
273044,13825921654559,btc_qm_engine,btc_leading_zeros,0.0000000000
273045,13825921654668,btc_qm_engine,btc_sha256_nonce,1606136609.0000000000
273046,13825921654747,btc_qm_engine,btc_leading_zeros,4.0000000000
273047,13825921654967,btc_qm_engine,btc_sha256_elapsed_ns,823.0000000000
273048,13825921655215,btc_qm_engine,btc_sha256_nonce,1940397781.0000000000
273049,13825921655286,btc_qm_engine,btc_leading_zeros,0.0000000000
273050,13825921655366,btc_qm_engine,btc_sha256_nonce,2833967608.0000000000
273051,13825921655730,btc_qm_engine,btc_leading_zeros,0.0000000000
273052,13825921655895,btc_qm_engine,btc_leading_zeros,0.0000000000
273053,13825921655972,btc_qm_engine,btc_sha256_elapsed_ns,996.0000000000
273054,13825921656304,btc_qm_engine,btc_sha256_nonce,7288632.0000000000
273055,13825921656388,btc_qm_engine,btc_leading_zeros,0.0000000000
273056,13825921657012,btc_qm_engine,btc_sha256_nonce,362493020.0000000000
273057,13825921657296,btc_qm_engine,btc_sha256_nonce,807630959.0000000000
273058,13825921657402,btc_qm_engine,btc_sha256_elapsed_ns,1111.0000000000
273059,13825921657677,btc_qm_engine,btc_leading_zeros,4.0000000000
273060,13825921657754,btc_qm_engine,btc_sha256_elapsed_ns,1061.0000000000
273061,13825921657960,btc_qm_engine,btc_leading_zeros,3.0000000000
273062,13825921658532,btc_qm_engine,btc_sha256_elapsed_ns,895.0000000000
273063,13825921658622,btc_qm_engine,btc_leading_zeros,0.0000000000
273064,13825921658825,btc_qm_engine,btc_sha256_elapsed_ns,1105.0000000000
273065,13825921658977,btc_qm_engine,btc_sha256_elapsed_ns,1043.0000000000
273066,13825921659091,btc_qm_engine,btc_sha256_nonce,1928226078.0000000000
273067,13825921659173,btc_qm_engine,btc_leading_zeros,1.0000000000
273068,13825921659240,btc_qm_engine,btc_sha256_elapsed_ns,1064.0000000000
273069,13825921659810,btc_qm_engine,btc_sha256_nonce,3493313589.0000000000
273070,13825921659942,btc_qm_engine,btc_sha256_nonce,372344591.0000000000
273071,13825921660174,btc_qm_engine,btc_sha256_elapsed_ns,941.0000000000
273072,13825921660368,btc_qm_engine,btc_sha256_nonce,4084477717.0000000000
273073,13825921660628,btc_qm_engine,btc_sha256_nonce,2720733480.0000000000
273074,13825921660783,btc_qm_engine,btc_leading_zeros,0.0000000000
273075,13825921660859,btc_qm_engine,btc_sha256_elapsed_ns,1025.0000000000
273076,13825921661132,btc_qm_engine,btc_leading_zeros,0.0000000000
273077,13825921661249,btc_qm_engine,btc_leading_zeros,1.0000000000
273078,13825921661401,btc_qm_engine,btc_leading_zeros,0.0000000000
273079,13825921661649,btc_qm_engine,btc_sha256_elapsed_ns,1080.0000000000
273080,13825921661839,btc_qm_engine,btc_sha256_nonce,1605532062.0000000000
273081,13825921661945,btc_qm_engine,btc_sha256_elapsed_ns,755.0000000000
273082,13825921662135,btc_qm_engine,btc_sha256_nonce,610179983.0000000000
273083,13825921662215,btc_qm_engine,btc_leading_zeros,1.0000000000
273084,13825921662629,btc_qm_engine,btc_sha256_nonce,3798971465.0000000000
273085,13825921662819,btc_qm_engine,btc_leading_zeros,1.0000000000
273086,13825921662902,btc_qm_engine,btc_sha256_elapsed_ns,912.0000000000
273087,13825921663473,btc_qm_engine,btc_sha256_elapsed_ns,987.0000000000
273088,13825921663626,btc_qm_engine,btc_sha256_nonce,2440000400.0000000000
273089,13825921664190,btc_qm_engine,btc_leading_zeros,0.0000000000
273090,13825921664450,btc_qm_engine,btc_sha256_elapsed_ns,1056.0000000000
273091,13825921664718,btc_qm_engine,btc_sha256_elapsed_ns,997.0000000000
273092,13825921664939,btc_qm_engine,btc_sha256_nonce,26679602.0000000000
273093,13825921665286,btc_qm_engine,btc_leading_zeros,0.0000000000
273094,13825921665357,btc_qm_engine,btc_sha256_elapsed_ns,1001.0000000000
273095,13825921665780,btc_qm_engine,btc_leading_zeros,0.0000000000
273096,13825921666211,btc_qm_engine,btc_sha256_elapsed_ns,793.0000000000
273097,13825921666388,btc_qm_engine,btc_sha256_nonce,6938776.0000000000
273098,13825921666538,btc_qm_engine,btc_leading_zeros,4.0000000000
273099,13825921666777,btc_qm_engine,btc_sha256_nonce,1606201958.0000000000
273100,13825921666986,btc_qm_engine,btc_sha256_elapsed_ns,1021.0000000000
273101,13825921667189,btc_qm_engine,btc_leading_zeros,10.0000000000
273102,13825921667271,btc_qm_engine,btc_sha256_elapsed_ns,1062.0000000000
273103,13825921667610,btc_qm_engine,btc_sha256_elapsed_ns,1063.0000000000
273104,13825921667708,btc_qm_engine,btc_sha256_nonce,4121319585.0000000000
273105,13825921667822,btc_qm_engine,btc_sha256_nonce,3703651219.0000000000
273106,13825921667900,btc_qm_engine,btc_leading_zeros,0.0000000000
273107,13825921667972,btc_qm_engine,btc_sha256_elapsed_ns,911.0000000000
273108,13825921668055,btc_qm_engine,btc_sha256_nonce,1940606163.0000000000
273109,13825921668142,btc_qm_engine,btc_leading_zeros,0.0000000000
273110,13825921668216,btc_qm_engine,btc_sha256_elapsed_ns,1007.0000000000
273111,13825921668402,btc_qm_engine,btc_leading_zeros,4.0000000000
273112,13825921668477,btc_qm_engine,btc_sha256_elapsed_ns,1065.0000000000
273113,13825921668666,btc_qm_engine,btc_sha256_nonce,3928453181.0000000000
273114,13825921668747,btc_qm_engine,btc_leading_zeros,4.0000000000
273115,13825921668839,btc_qm_engine,btc_sha256_elapsed_ns,1122.0000000000
273116,13825921669289,btc_qm_engine,btc_sha256_nonce,2463099998.0000000000
273117,13825921669365,btc_qm_engine,btc_leading_zeros,1.0000000000
273118,13825921669451,btc_qm_engine,btc_sha256_nonce,743244595.0000000000
273119,13825921669650,btc_qm_engine,btc_sha256_nonce,3057165932.0000000000
273120,13825921669786,btc_qm_engine,btc_sha256_nonce,388087872.0000000000
273121,13825921670065,btc_qm_engine,btc_sha256_nonce,3698824625.0000000000
273122,13825921670231,btc_qm_engine,btc_sha256_nonce,253881893.0000000000
273123,13825921670957,btc_qm_engine,btc_leading_zeros,0.0000000000
273124,13825921671134,btc_qm_engine,btc_leading_zeros,0.0000000000
273125,13825921671205,btc_qm_engine,btc_sha256_elapsed_ns,1080.0000000000
273126,13825921671351,btc_qm_engine,btc_leading_zeros,0.0000000000
273127,13825921671512,btc_qm_engine,btc_sha256_nonce,2940695550.0000000000
273128,13825921671634,btc_qm_engine,btc_sha256_elapsed_ns,1079.0000000000
273129,13825921671737,btc_qm_engine,btc_leading_zeros,1.0000000000
273130,13825921671869,btc_qm_engine,btc_sha256_elapsed_ns,1054.0000000000
273131,13825921672090,btc_qm_engine,btc_sha256_elapsed_ns,1088.0000000000
273132,13825921672327,btc_qm_engine,btc_leading_zeros,1.0000000000
273133,13825921672641,btc_qm_engine,btc_sha256_nonce,1614770160.0000000000
273134,13825921672886,btc_qm_engine,btc_sha256_elapsed_ns,1116.0000000000
273135,13825921673460,btc_qm_engine,btc_leading_zeros,1.0000000000
273136,13825921674007,btc_qm_engine,btc_sha256_nonce,2145082078.0000000000
273137,13825921674332,btc_qm_engine,btc_leading_zeros,1.0000000000
273138,13825921674390,btc_qm_engine,btc_sha256_elapsed_ns,1082.0000000000
273139,13825921674619,btc_qm_engine,btc_sha256_elapsed_ns,1108.0000000000
273140,13825921674730,btc_qm_engine,btc_sha256_nonce,4122394811.0000000000
273141,13825921674815,btc_qm_engine,btc_leading_zeros,3.0000000000
273142,13825921674880,btc_qm_engine,btc_sha256_elapsed_ns,1015.0000000000
273143,13825921675591,btc_qm_engine,btc_sha256_elapsed_ns,1075.0000000000
273144,13825921675768,btc_qm_engine,btc_sha256_nonce,2882441271.0000000000
273145,13825921676224,btc_qm_engine,btc_sha256_nonce,2514503886.0000000000
273146,13825921676372,btc_qm_engine,btc_leading_zeros,0.0000000000
273147,13825921676587,btc_qm_engine,btc_sha256_elapsed_ns,1112.0000000000
273148,13825921676805,btc_qm_engine,btc_leading_zeros,1.0000000000
273149,13825921676894,btc_qm_engine,btc_sha256_nonce,2752134628.0000000000
273150,13825921677098,btc_qm_engine,btc_sha256_elapsed_ns,1038.0000000000
273151,13825921677505,btc_qm_engine,btc_sha256_nonce,2201259106.0000000000
273152,13825921677732,btc_qm_engine,btc_leading_zeros,0.0000000000
273153,13825921677801,btc_qm_engine,btc_sha256_elapsed_ns,1057.0000000000
273154,13825921677931,btc_qm_engine,btc_sha256_nonce,560736270.0000000000
273155,13825921678140,btc_qm_engine,btc_leading_zeros,0.0000000000
273156,13825921678282,btc_qm_engine,btc_leading_zeros,0.0000000000
273157,13825921678359,btc_qm_engine,btc_sha256_elapsed_ns,1095.0000000000
273158,13825921678561,btc_qm_engine,btc_leading_zeros,1.0000000000
273159,13825921678906,btc_qm_engine,btc_sha256_nonce,2401472744.0000000000
273160,13825921679100,btc_qm_engine,btc_sha256_nonce,3906898174.0000000000
273161,13825921679226,btc_qm_engine,btc_sha256_elapsed_ns,938.0000000000
273162,13825921679573,btc_qm_engine,btc_leading_zeros,1.0000000000
273163,13825921679690,btc_qm_engine,btc_leading_zeros,0.0000000000
273164,13825921680066,btc_qm_engine,btc_sha256_elapsed_ns,1024.0000000000
273165,13825921680351,btc_qm_engine,btc_sha256_elapsed_ns,970.0000000000
273166,13825921680516,btc_qm_engine,btc_sha256_nonce,1651068725.0000000000
273167,13825921680602,btc_qm_engine,btc_leading_zeros,0.0000000000
273168,13825921680675,btc_qm_engine,btc_sha256_elapsed_ns,1107.0000000000
273169,13825921680856,btc_qm_engine,btc_sha256_nonce,1085879865.0000000000
273170,13825921680992,btc_qm_engine,btc_sha256_nonce,2443927801.0000000000
273171,13825921681237,btc_qm_engine,btc_leading_zeros,0.0000000000
273172,13825921681371,btc_qm_engine,btc_sha256_elapsed_ns,1114.0000000000
273173,13825921681915,btc_qm_engine,btc_sha256_elapsed_ns,922.0000000000
273174,13825921682082,btc_qm_engine,btc_sha256_nonce,235026378.0000000000
273175,13825921682254,btc_qm_engine,btc_sha256_nonce,1785948219.0000000000
273176,13825921682338,btc_qm_engine,btc_leading_zeros,0.0000000000
273177,13825921682452,btc_qm_engine,btc_sha256_elapsed_ns,982.0000000000
273178,13825921682602,btc_qm_engine,btc_leading_zeros,1.0000000000
273179,13825921682726,btc_qm_engine,btc_leading_zeros,4.0000000000
273180,13825921682794,btc_qm_engine,btc_sha256_elapsed_ns,1105.0000000000
273181,13825921682956,btc_qm_engine,btc_sha256_elapsed_ns,979.0000000000
273182,13825921683236,btc_qm_engine,btc_sha256_nonce,223485654.0000000000
273183,13825921683317,btc_qm_engine,btc_leading_zeros,2.0000000000
273184,13825921683387,btc_qm_engine,btc_sha256_elapsed_ns,1007.0000000000
273185,13825921683544,btc_qm_engine,btc_sha256_nonce,2653945473.0000000000
273186,13825921683622,btc_qm_engine,btc_leading_zeros,1.0000000000
273187,13825921683700,btc_qm_engine,btc_sha256_elapsed_ns,1114.0000000000
273188,13825921683995,btc_qm_engine,btc_sha256_nonce,1793480028.0000000000
273189,13825921684088,btc_qm_engine,btc_leading_zeros,2.0000000000
273190,13825921684315,btc_qm_engine,btc_sha256_nonce,3089582120.0000000000
273191,13825921684392,btc_qm_engine,btc_leading_zeros,0.0000000000
273192,13825921684498,btc_qm_engine,btc_sha256_elapsed_ns,1058.0000000000
273193,13825921684646,btc_qm_engine,btc_sha256_nonce,2425475883.0000000000
273194,13825921684812,btc_qm_engine,btc_sha256_elapsed_ns,1106.0000000000
273195,13825921684899,btc_qm_engine,btc_sha256_nonce,2201003047.0000000000
273196,13825921685065,btc_qm_engine,btc_leading_zeros,3.0000000000
273197,13825921685219,btc_qm_engine,btc_sha256_nonce,2982766206.0000000000
273198,13825921685356,btc_qm_engine,btc_leading_zeros,0.0000000000
273199,13825921685732,btc_qm_engine,btc_sha256_elapsed_ns,960.0000000000
273200,13825921686021,btc_qm_engine,btc_leading_zeros,0.0000000000
273201,13825921686193,btc_qm_engine,btc_sha256_elapsed_ns,1123.0000000000
273202,13825921686669,btc_qm_engine,btc_sha256_nonce,2502947307.0000000000
273203,13825921687007,btc_qm_engine,btc_leading_zeros,3.0000000000
273204,13825921687077,btc_qm_engine,btc_sha256_elapsed_ns,993.0000000000
273205,13825921687421,btc_qm_engine,btc_sha256_nonce,16267047.0000000000
273206,13825921687557,btc_qm_engine,btc_sha256_nonce,2365728780.0000000000
273207,13825921687772,btc_qm_engine,btc_leading_zeros,0.0000000000
273208,13825921687924,btc_qm_engine,btc_sha256_elapsed_ns,1083.0000000000
273209,13825921688233,btc_qm_engine,btc_leading_zeros,0.0000000000
273210,13825921688612,btc_qm_engine,btc_sha256_elapsed_ns,1045.0000000000
273211,13825921688737,btc_qm_engine,btc_sha256_elapsed_ns,1065.0000000000
273212,13825921689175,btc_qm_engine,btc_sha256_nonce,3515883449.0000000000
273213,13825921689250,btc_qm_engine,btc_leading_zeros,0.0000000000
273214,13825921689305,btc_qm_engine,btc_sha256_elapsed_ns,981.0000000000
273215,13825921689610,btc_qm_engine,btc_sha256_nonce,3598856097.0000000000
273216,13825921689930,btc_qm_engine,btc_sha256_nonce,2370672515.0000000000
273217,13825921689998,btc_qm_engine,btc_leading_zeros,0.0000000000
273218,13825921690052,btc_qm_engine,btc_sha256_elapsed_ns,847.0000000000
273219,13825921690820,btc_qm_engine,btc_sha256_nonce,3362893570.0000000000
273220,13825921690994,btc_qm_engine,btc_sha256_nonce,530440101.0000000000
273221,13825921691380,btc_qm_engine,btc_sha256_nonce,3286901364.0000000000
273222,13825921691531,btc_qm_engine,btc_leading_zeros,0.0000000000
273223,13825921692074,btc_qm_engine,btc_sha256_elapsed_ns,1022.0000000000
273224,13825921692588,btc_qm_engine,btc_leading_zeros,0.0000000000
273225,13825921692678,btc_qm_engine,btc_sha256_nonce,207129831.0000000000
273226,13825921692962,btc_qm_engine,btc_sha256_elapsed_ns,1090.0000000000
273227,13825921693148,btc_qm_engine,btc_leading_zeros,0.0000000000
273228,13825921693542,btc_qm_engine,btc_leading_zeros,0.0000000000
273229,13825921693728,btc_qm_engine,btc_leading_zeros,0.0000000000
273230,13825921694059,btc_qm_engine,btc_sha256_nonce,365334656.0000000000
273231,13825921694185,btc_qm_engine,btc_sha256_elapsed_ns,1006.0000000000
273232,13825921694528,btc_qm_engine,btc_sha256_nonce,3590500582.0000000000
273233,13825921694599,btc_qm_engine,btc_leading_zeros,1.0000000000
273234,13825921694670,btc_qm_engine,btc_sha256_elapsed_ns,1097.0000000000
273235,13825921695588,btc_qm_engine,btc_sha256_nonce,1238078969.0000000000
273236,13825921695668,btc_qm_engine,btc_leading_zeros,4.0000000000
273237,13825921695858,btc_qm_engine,btc_sha256_elapsed_ns,1013.0000000000
273238,13825921696054,btc_qm_engine,btc_sha256_nonce,1088654687.0000000000
273239,13825921696139,btc_qm_engine,btc_leading_zeros,4.0000000000
273240,13825921696225,btc_qm_engine,btc_sha256_elapsed_ns,1113.0000000000
273241,13825921696343,btc_qm_engine,btc_sha256_elapsed_ns,1121.0000000000
273242,13825921696751,btc_qm_engine,btc_leading_zeros,3.0000000000
273243,13825921697221,btc_qm_engine,btc_sha256_nonce,1772286517.0000000000
273244,13825921697483,btc_qm_engine,btc_sha256_nonce,1188265278.0000000000
273245,13825921697881,btc_qm_engine,btc_sha256_nonce,295793835.0000000000
273246,13825921697983,btc_qm_engine,btc_leading_zeros,0.0000000000
273247,13825921698214,btc_qm_engine,btc_leading_zeros,1.0000000000
273248,13825921698298,btc_qm_engine,btc_sha256_elapsed_ns,877.0000000000
273249,13825921698469,btc_qm_engine,btc_sha256_nonce,1241394294.0000000000
273250,13825921698945,btc_qm_engine,btc_sha256_elapsed_ns,959.0000000000
273251,13825921699155,btc_qm_engine,btc_leading_zeros,3.0000000000
273252,13825921699553,btc_qm_engine,btc_sha256_nonce,4288922273.0000000000
273253,13825921700055,btc_qm_engine,btc_sha256_elapsed_ns,975.0000000000
273254,13825921700275,btc_qm_engine,btc_leading_zeros,0.0000000000
273255,13825921700577,btc_qm_engine,btc_sha256_nonce,16996093.0000000000
273256,13825921700739,btc_qm_engine,btc_sha256_elapsed_ns,1013.0000000000
273257,13825921701894,btc_qm_engine,btc_leading_zeros,2.0000000000
273258,13825921702110,btc_qm_engine,btc_sha256_nonce,716721636.0000000000
273259,13825921702192,btc_qm_engine,btc_leading_zeros,9.0000000000
273260,13825921702300,btc_qm_engine,btc_sha256_elapsed_ns,1049.0000000000
273261,13825921702477,btc_qm_engine,btc_sha256_nonce,367840821.0000000000
273262,13825921703040,btc_qm_engine,btc_sha256_elapsed_ns,1068.0000000000
273263,13825921703306,btc_qm_engine,btc_sha256_elapsed_ns,1006.0000000000
273264,13825921703506,btc_qm_engine,btc_sha256_nonce,1129297022.0000000000
273265,13825921703594,btc_qm_engine,btc_leading_zeros,1.0000000000
273266,13825921703671,btc_qm_engine,btc_leading_zeros,0.0000000000
273267,13825921703855,btc_qm_engine,btc_sha256_elapsed_ns,881.0000000000
273268,13825921704200,btc_qm_engine,btc_leading_zeros,0.0000000000
273269,13825921704342,btc_qm_engine,btc_sha256_elapsed_ns,1081.0000000000
273270,13825921704629,btc_qm_engine,btc_sha256_elapsed_ns,944.0000000000
273271,13825921704793,btc_qm_engine,btc_sha256_nonce,1764966967.0000000000
273272,13825921705011,btc_qm_engine,btc_sha256_nonce,4121898957.0000000000
273273,13825921705449,btc_qm_engine,btc_leading_zeros,1.0000000000
273274,13825921705625,btc_qm_engine,btc_sha256_nonce,4067582172.0000000000
273275,13825921705861,btc_qm_engine,btc_sha256_nonce,1160216827.0000000000
273276,13825921706786,btc_qm_engine,btc_sha256_nonce,2718366792.0000000000
273277,13825921706886,btc_qm_engine,btc_leading_zeros,1.0000000000
273278,13825921707318,btc_qm_engine,btc_sha256_elapsed_ns,1091.0000000000
273279,13825921707642,btc_qm_engine,btc_leading_zeros,0.0000000000
273280,13825921707718,btc_qm_engine,btc_sha256_elapsed_ns,1040.0000000000
273281,13825921707827,btc_qm_engine,btc_sha256_elapsed_ns,983.0000000000
273282,13825921708068,btc_qm_engine,btc_leading_zeros,1.0000000000
273283,13825921708139,btc_qm_engine,btc_sha256_elapsed_ns,998.0000000000
273284,13825921708959,btc_qm_engine,btc_leading_zeros,0.0000000000
273285,13825921709149,btc_qm_engine,btc_sha256_nonce,1563942469.0000000000
273286,13825921709516,btc_qm_engine,btc_sha256_nonce,1490815547.0000000000
273287,13825921709648,btc_qm_engine,btc_sha256_elapsed_ns,900.0000000000
273288,13825921710188,btc_qm_engine,btc_leading_zeros,3.0000000000
273289,13825921710282,btc_qm_engine,btc_sha256_elapsed_ns,1065.0000000000
273290,13825921710842,btc_qm_engine,btc_sha256_nonce,16649088.0000000000
273291,13825921711073,btc_qm_engine,btc_sha256_nonce,2785615615.0000000000
273292,13825921711186,btc_qm_engine,btc_leading_zeros,3.0000000000
273293,13825921711252,btc_qm_engine,btc_sha256_elapsed_ns,979.0000000000
273294,13825921711381,btc_qm_engine,btc_sha256_elapsed_ns,1103.0000000000
273295,13825921712003,btc_qm_engine,btc_leading_zeros,4.0000000000
273296,13825921712306,btc_qm_engine,btc_sha256_nonce,1441959580.0000000000
273297,13825921712407,btc_qm_engine,btc_leading_zeros,0.0000000000
273298,13825921712457,btc_qm_engine,btc_sha256_elapsed_ns,816.0000000000
273299,13825921712531,btc_qm_engine,btc_sha256_nonce,2180475798.0000000000
273300,13825921712702,btc_qm_engine,btc_sha256_elapsed_ns,1103.0000000000
273301,13825921712968,btc_qm_engine,btc_leading_zeros,4.0000000000
273302,13825921713050,btc_qm_engine,btc_sha256_elapsed_ns,1020.0000000000
273303,13825921713237,btc_qm_engine,btc_sha256_nonce,1531167941.0000000000
273304,13825921713315,btc_qm_engine,btc_leading_zeros,2.0000000000
273305,13825921713428,btc_qm_engine,btc_sha256_elapsed_ns,1087.0000000000
273306,13825921713930,btc_qm_engine,btc_sha256_nonce,3304462936.0000000000
273307,13825921714278,btc_qm_engine,btc_leading_zeros,1.0000000000
273308,13825921714418,btc_qm_engine,btc_sha256_nonce,873336824.0000000000
273309,13825921714642,btc_qm_engine,btc_sha256_elapsed_ns,746.0000000000
273310,13825921714917,btc_qm_engine,btc_sha256_nonce,1538854336.0000000000
273311,13825921715098,btc_qm_engine,btc_leading_zeros,0.0000000000
273312,13825921715443,btc_qm_engine,btc_sha256_nonce,2900510304.0000000000
273313,13825921715594,btc_qm_engine,btc_leading_zeros,0.0000000000
273314,13825921715663,btc_qm_engine,btc_sha256_elapsed_ns,1134.0000000000
273315,13825921715787,btc_qm_engine,btc_sha256_nonce,2935620574.0000000000
273316,13825921716132,btc_qm_engine,btc_sha256_nonce,16544521.0000000000
273317,13825921716213,btc_qm_engine,btc_leading_zeros,0.0000000000
273318,13825921716272,btc_qm_engine,btc_sha256_elapsed_ns,949.0000000000
273319,13825921716513,btc_qm_engine,btc_leading_zeros,0.0000000000
273320,13825921716869,btc_qm_engine,btc_sha256_nonce,1548558084.0000000000
273321,13825921716998,btc_qm_engine,btc_sha256_elapsed_ns,753.0000000000
273322,13825921717243,btc_qm_engine,btc_leading_zeros,1.0000000000
273323,13825921717318,btc_qm_engine,btc_sha256_elapsed_ns,964.0000000000
273324,13825921717707,btc_qm_engine,btc_leading_zeros,0.0000000000
273325,13825921718080,btc_qm_engine,btc_sha256_nonce,869651096.0000000000
273326,13825921718229,btc_qm_engine,btc_sha256_elapsed_ns,1097.0000000000
273327,13825921718386,btc_qm_engine,btc_sha256_nonce,1530827027.0000000000
273328,13825921718707,btc_qm_engine,btc_leading_zeros,1.0000000000
273329,13825921718762,btc_qm_engine,btc_sha256_elapsed_ns,980.0000000000
273330,13825921718901,btc_qm_engine,btc_sha256_nonce,540591922.0000000000
273331,13825921718983,btc_qm_engine,btc_leading_zeros,4.0000000000
273332,13825921719056,btc_qm_engine,btc_sha256_elapsed_ns,1015.0000000000
273333,13825921719232,btc_qm_engine,btc_sha256_elapsed_ns,1103.0000000000
273334,13825921719593,btc_qm_engine,btc_sha256_nonce,3282578329.0000000000
273335,13825921719671,btc_qm_engine,btc_leading_zeros,0.0000000000
273336,13825921719747,btc_qm_engine,btc_sha256_elapsed_ns,1064.0000000000
273337,13825921720034,btc_qm_engine,btc_sha256_nonce,602884152.0000000000
273338,13825921720107,btc_qm_engine,btc_leading_zeros,1.0000000000
273339,13825921720163,btc_qm_engine,btc_sha256_elapsed_ns,733.0000000000
273340,13825921720427,btc_qm_engine,btc_sha256_nonce,882350920.0000000000
273341,13825921720504,btc_qm_engine,btc_leading_zeros,4.0000000000
273342,13825921720569,btc_qm_engine,btc_sha256_elapsed_ns,1077.0000000000
273343,13825921720733,btc_qm_engine,btc_leading_zeros,1.0000000000
273344,13825921720949,btc_qm_engine,btc_sha256_elapsed_ns,1101.0000000000
273345,13825921721118,btc_qm_engine,btc_sha256_nonce,4122246100.0000000000
273346,13825921721248,btc_qm_engine,btc_leading_zeros,2.0000000000
273347,13825921721321,btc_qm_engine,btc_sha256_elapsed_ns,1093.0000000000
273348,13825921721468,btc_qm_engine,btc_sha256_nonce,2201535430.0000000000
273349,13825921721876,btc_qm_engine,btc_sha256_nonce,1671308082.0000000000
273350,13825921721955,btc_qm_engine,btc_leading_zeros,1.0000000000
273351,13825921722090,btc_qm_engine,btc_leading_zeros,0.0000000000
273352,13825921722547,btc_qm_engine,btc_sha256_nonce,3757076419.0000000000
273353,13825921722707,btc_qm_engine,btc_leading_zeros,2.0000000000
273354,13825921723263,btc_qm_engine,btc_sha256_nonce,2754485390.0000000000
273355,13825921723490,btc_qm_engine,btc_sha256_nonce,1328364485.0000000000
273356,13825921723850,btc_qm_engine,btc_leading_zeros,2.0000000000
273357,13825921724062,btc_qm_engine,btc_sha256_elapsed_ns,1083.0000000000
273358,13825921724348,btc_qm_engine,btc_sha256_elapsed_ns,1007.0000000000
273359,13825921724500,btc_qm_engine,btc_sha256_elapsed_ns,1075.0000000000
273360,13825921724856,btc_qm_engine,btc_sha256_elapsed_ns,1006.0000000000
273361,13825921725523,btc_qm_engine,btc_sha256_nonce,616926739.0000000000
273362,13825921725581,btc_qm_engine,btc_leading_zeros,2.0000000000
273363,13825921725634,btc_qm_engine,btc_sha256_elapsed_ns,978.0000000000
273364,13825921725869,btc_qm_engine,btc_leading_zeros,2.0000000000
273365,13825921726142,btc_qm_engine,btc_sha256_nonce,598674353.0000000000
273366,13825921726243,btc_qm_engine,btc_leading_zeros,4.0000000000
273367,13825921726318,btc_qm_engine,btc_sha256_elapsed_ns,1085.0000000000
273368,13825921726464,btc_qm_engine,btc_sha256_elapsed_ns,883.0000000000
273369,13825921726593,btc_qm_engine,btc_sha256_nonce,3771798988.0000000000
273370,13825921726668,btc_qm_engine,btc_leading_zeros,0.0000000000
273371,13825921726743,btc_qm_engine,btc_sha256_elapsed_ns,740.0000000000
273372,13825921726875,btc_qm_engine,btc_sha256_nonce,1478551961.0000000000
273373,13825921727269,btc_qm_engine,btc_sha256_nonce,2200997068.0000000000
273374,13825921727410,btc_qm_engine,btc_leading_zeros,3.0000000000
273375,13825921727490,btc_qm_engine,btc_sha256_elapsed_ns,992.0000000000
273376,13825921727651,btc_qm_engine,btc_leading_zeros,0.0000000000
273377,13825921727721,btc_qm_engine,btc_sha256_elapsed_ns,1044.0000000000
273378,13825921728007,btc_qm_engine,btc_sha256_nonce,4121186653.0000000000
273379,13825921728087,btc_qm_engine,btc_leading_zeros,0.0000000000
273380,13825921728213,btc_qm_engine,btc_sha256_elapsed_ns,1042.0000000000
273381,13825921728534,btc_qm_engine,btc_sha256_nonce,1314952932.0000000000
273382,13825921728643,btc_qm_engine,btc_leading_zeros,0.0000000000
273383,13825921728775,btc_qm_engine,btc_sha256_nonce,1360017238.0000000000
273384,13825921729450,btc_qm_engine,btc_sha256_nonce,3966055815.0000000000
273385,13825921729944,btc_qm_engine,btc_sha256_nonce,859782310.0000000000
273386,13825921730023,btc_qm_engine,btc_leading_zeros,0.0000000000
273387,13825921730489,btc_qm_engine,btc_leading_zeros,1.0000000000
273388,13825921730785,btc_qm_engine,btc_sha256_elapsed_ns,1117.0000000000
273389,13825921730951,btc_qm_engine,btc_leading_zeros,0.0000000000
273390,13825921731108,btc_qm_engine,btc_sha256_elapsed_ns,959.0000000000
273391,13825921731843,btc_qm_engine,btc_leading_zeros,1.0000000000
273392,13825921732241,btc_qm_engine,btc_sha256_nonce,17297527.0000000000
273393,13825921732325,btc_qm_engine,btc_sha256_elapsed_ns,1139.0000000000
273394,13825921732468,btc_qm_engine,btc_sha256_nonce,444917437.0000000000
273395,13825921732555,btc_qm_engine,btc_leading_zeros,0.0000000000
273396,13825921733056,btc_qm_engine,btc_sha256_elapsed_ns,1060.0000000000
273397,13825921733565,btc_qm_engine,btc_sha256_nonce,2815836387.0000000000
273398,13825921733804,btc_qm_engine,btc_sha256_nonce,2487633360.0000000000
273399,13825921733970,btc_qm_engine,btc_leading_zeros,0.0000000000
273400,13825921734356,btc_qm_engine,btc_leading_zeros,3.0000000000
273401,13825921734549,btc_qm_engine,btc_sha256_nonce,3746365781.0000000000
273402,13825921734709,btc_qm_engine,btc_sha256_elapsed_ns,1041.0000000000
273403,13825921734933,btc_qm_engine,btc_sha256_nonce,1940884530.0000000000
273404,13825921735111,btc_qm_engine,btc_leading_zeros,1.0000000000
273405,13825921735201,btc_qm_engine,btc_sha256_elapsed_ns,1083.0000000000
273406,13825921735596,btc_qm_engine,btc_sha256_elapsed_ns,1099.0000000000
273407,13825921735761,btc_qm_engine,btc_sha256_elapsed_ns,916.0000000000
273408,13825921735946,btc_qm_engine,btc_sha256_nonce,1605915565.0000000000
273409,13825921736473,btc_qm_engine,btc_sha256_elapsed_ns,980.0000000000
273410,13825921736631,btc_qm_engine,btc_sha256_nonce,3600246027.0000000000
273411,13825921736810,btc_qm_engine,btc_leading_zeros,0.0000000000
273412,13825921737016,btc_qm_engine,btc_sha256_elapsed_ns,1038.0000000000
273413,13825921737125,btc_qm_engine,btc_sha256_nonce,637855177.0000000000
273414,13825921737261,btc_qm_engine,btc_leading_zeros,0.0000000000
273415,13825921737422,btc_qm_engine,btc_sha256_elapsed_ns,932.0000000000
273416,13825921737764,btc_qm_engine,btc_sha256_nonce,466326512.0000000000
273417,13825921737947,btc_qm_engine,btc_leading_zeros,0.0000000000
273418,13825921738117,btc_qm_engine,btc_leading_zeros,0.0000000000
273419,13825921738381,btc_qm_engine,btc_sha256_elapsed_ns,1104.0000000000
273420,13825921738548,btc_qm_engine,btc_sha256_nonce,2638139988.0000000000
273421,13825921738617,btc_qm_engine,btc_leading_zeros,0.0000000000
273422,13825921738737,btc_qm_engine,btc_sha256_nonce,3852677095.0000000000
273423,13825921738826,btc_qm_engine,btc_leading_zeros,0.0000000000
273424,13825921738907,btc_qm_engine,btc_sha256_elapsed_ns,974.0000000000
273425,13825921739009,btc_qm_engine,btc_sha256_nonce,1055419617.0000000000
273426,13825921739424,btc_qm_engine,btc_sha256_elapsed_ns,965.0000000000
273427,13825921739539,btc_qm_engine,btc_sha256_elapsed_ns,1080.0000000000
273428,13825921739673,btc_qm_engine,btc_leading_zeros,2.0000000000
273429,13825921739839,btc_qm_engine,btc_sha256_nonce,3547892115.0000000000
273430,13825921740199,btc_qm_engine,btc_sha256_nonce,387920024.0000000000
273431,13825921740390,btc_qm_engine,btc_leading_zeros,0.0000000000
273432,13825921740471,btc_qm_engine,btc_sha256_elapsed_ns,1078.0000000000
273433,13825921740597,btc_qm_engine,btc_sha256_elapsed_ns,1079.0000000000
273434,13825921740735,btc_qm_engine,btc_leading_zeros,2.0000000000
273435,13825921740899,btc_qm_engine,btc_sha256_nonce,1438659461.0000000000
273436,13825921741076,btc_qm_engine,btc_sha256_nonce,2358900670.0000000000
273437,13825921741150,btc_qm_engine,btc_leading_zeros,2.0000000000
273438,13825921741304,btc_qm_engine,btc_sha256_elapsed_ns,1037.0000000000
273439,13825921741486,btc_qm_engine,btc_sha256_elapsed_ns,1065.0000000000
273440,13825921741766,btc_qm_engine,btc_sha256_nonce,977531064.0000000000
273441,13825921742010,btc_qm_engine,btc_leading_zeros,4.0000000000
273442,13825921742171,btc_qm_engine,btc_sha256_nonce,2200997702.0000000000
273443,13825921742276,btc_qm_engine,btc_leading_zeros,1.0000000000
273444,13825921742462,btc_qm_engine,btc_leading_zeros,3.0000000000
273445,13825921742667,btc_qm_engine,btc_sha256_elapsed_ns,955.0000000000
273446,13825921742834,btc_qm_engine,btc_sha256_nonce,1283026502.0000000000
273447,13825921742984,btc_qm_engine,btc_sha256_elapsed_ns,1043.0000000000
273448,13825921743162,btc_qm_engine,btc_sha256_elapsed_ns,865.0000000000
273449,13825921743671,btc_qm_engine,btc_leading_zeros,0.0000000000
273450,13825921743757,btc_qm_engine,btc_sha256_elapsed_ns,1138.0000000000
273451,13825921744017,btc_qm_engine,btc_leading_zeros,0.0000000000
273452,13825921744113,btc_qm_engine,btc_sha256_nonce,1606214005.0000000000
273453,13825921744308,btc_qm_engine,btc_sha256_elapsed_ns,985.0000000000
273454,13825921744459,btc_qm_engine,btc_sha256_elapsed_ns,901.0000000000
273455,13825921744613,btc_qm_engine,btc_sha256_nonce,2726107877.0000000000
273456,13825921744848,btc_qm_engine,btc_sha256_nonce,1154174619.0000000000
273457,13825921744962,btc_qm_engine,btc_leading_zeros,0.0000000000
273458,13825921745038,btc_qm_engine,btc_leading_zeros,2.0000000000
273459,13825921745112,btc_qm_engine,btc_sha256_elapsed_ns,1007.0000000000
273460,13825921745386,btc_qm_engine,btc_leading_zeros,0.0000000000
273461,13825921745586,btc_qm_engine,btc_sha256_nonce,2779626951.0000000000
273462,13825921746058,btc_qm_engine,btc_sha256_nonce,1530609451.0000000000
273463,13825921746140,btc_qm_engine,btc_leading_zeros,0.0000000000
273464,13825921746230,btc_qm_engine,btc_sha256_elapsed_ns,983.0000000000
273465,13825921746337,btc_qm_engine,btc_sha256_elapsed_ns,992.0000000000
273466,13825921746640,btc_qm_engine,btc_sha256_nonce,295279203.0000000000
273467,13825921746720,btc_qm_engine,btc_leading_zeros,2.0000000000
273468,13825921746787,btc_qm_engine,btc_sha256_elapsed_ns,919.0000000000
273469,13825921747160,btc_qm_engine,btc_sha256_nonce,1531005415.0000000000
273470,13825921747236,btc_qm_engine,btc_leading_zeros,1.0000000000
273471,13825921747289,btc_qm_engine,btc_sha256_elapsed_ns,731.0000000000
273472,13825921748108,btc_qm_engine,btc_sha256_elapsed_ns,1127.0000000000
273473,13825921748288,btc_qm_engine,btc_leading_zeros,1.0000000000
273474,13825921748451,btc_qm_engine,btc_sha256_elapsed_ns,1088.0000000000
273475,13825921748628,btc_qm_engine,btc_sha256_nonce,3047401716.0000000000
273476,13825921749379,btc_qm_engine,btc_sha256_nonce,1451910686.0000000000
273477,13825921749498,btc_qm_engine,btc_leading_zeros,1.0000000000
273478,13825921749570,btc_qm_engine,btc_sha256_elapsed_ns,1117.0000000000
273479,13825921749700,btc_qm_engine,btc_leading_zeros,0.0000000000
273480,13825921749770,btc_qm_engine,btc_sha256_elapsed_ns,955.0000000000
273481,13825921750505,btc_qm_engine,btc_sha256_nonce,970847147.0000000000
273482,13825921750791,btc_qm_engine,btc_sha256_nonce,3389756344.0000000000
273483,13825921750989,btc_qm_engine,btc_sha256_nonce,1033812626.0000000000
273484,13825921751193,btc_qm_engine,btc_sha256_nonce,4232070656.0000000000
273485,13825921751652,btc_qm_engine,btc_sha256_nonce,2414262080.0000000000
273486,13825921751787,btc_qm_engine,btc_leading_zeros,4.0000000000
273487,13825921751911,btc_qm_engine,btc_sha256_nonce,3129859168.0000000000
273488,13825921752421,btc_qm_engine,btc_leading_zeros,1.0000000000
273489,13825921752566,btc_qm_engine,btc_leading_zeros,1.0000000000
273490,13825921752714,btc_qm_engine,btc_leading_zeros,2.0000000000
273491,13825921752902,btc_qm_engine,btc_sha256_elapsed_ns,1107.0000000000
273492,13825921753177,btc_qm_engine,btc_leading_zeros,0.0000000000
273493,13825921753350,btc_qm_engine,btc_sha256_nonce,3211981691.0000000000
273494,13825921753811,btc_qm_engine,btc_sha256_elapsed_ns,1108.0000000000
273495,13825921754413,btc_qm_engine,btc_leading_zeros,0.0000000000
273496,13825921754484,btc_qm_engine,btc_sha256_elapsed_ns,1127.0000000000
273497,13825921754814,btc_qm_engine,btc_sha256_nonce,3010732282.0000000000
273498,13825921754889,btc_qm_engine,btc_leading_zeros,0.0000000000
273499,13825921754966,btc_qm_engine,btc_sha256_elapsed_ns,939.0000000000
273500,13825921755131,btc_qm_engine,btc_sha256_elapsed_ns,1093.0000000000
273501,13825921755359,btc_qm_engine,btc_sha256_nonce,3262837857.0000000000
273502,13825921755449,btc_qm_engine,btc_leading_zeros,0.0000000000
273503,13825921755510,btc_qm_engine,btc_sha256_elapsed_ns,744.0000000000
273504,13825921755877,btc_qm_engine,btc_sha256_nonce,16284951.0000000000
273505,13825921755956,btc_qm_engine,btc_leading_zeros,0.0000000000
273506,13825921756029,btc_qm_engine,btc_sha256_elapsed_ns,1104.0000000000
273507,13825921756326,btc_qm_engine,btc_sha256_nonce,1778237335.0000000000
273508,13825921756472,btc_qm_engine,btc_leading_zeros,3.0000000000
273509,13825921756612,btc_qm_engine,btc_sha256_nonce,1189794298.0000000000
273510,13825921756694,btc_qm_engine,btc_leading_zeros,0.0000000000
273511,13825921756834,btc_qm_engine,btc_sha256_elapsed_ns,849.0000000000
273512,13825921756961,btc_qm_engine,btc_sha256_elapsed_ns,1061.0000000000
273513,13825921757111,btc_qm_engine,btc_sha256_elapsed_ns,1088.0000000000
273514,13825921757244,btc_qm_engine,btc_sha256_nonce,1711736512.0000000000
273515,13825921757323,btc_qm_engine,btc_leading_zeros,0.0000000000
273516,13825921757533,btc_qm_engine,btc_leading_zeros,1.0000000000
273517,13825921757770,btc_qm_engine,btc_sha256_elapsed_ns,989.0000000000
273518,13825921758045,btc_qm_engine,btc_sha256_elapsed_ns,803.0000000000
273519,13825921758275,btc_qm_engine,btc_sha256_nonce,2200941324.0000000000
273520,13825921758399,btc_qm_engine,btc_sha256_nonce,3395931562.0000000000
273521,13825921758480,btc_qm_engine,btc_leading_zeros,0.0000000000
273522,13825921758547,btc_qm_engine,btc_sha256_elapsed_ns,1019.0000000000
273523,13825921758664,btc_qm_engine,btc_leading_zeros,1.0000000000
273524,13825921758873,btc_qm_engine,btc_sha256_nonce,3577549036.0000000000
273525,13825921759170,btc_qm_engine,btc_sha256_nonce,269453057.0000000000
273526,13825921759275,btc_qm_engine,btc_leading_zeros,0.0000000000
273527,13825921759347,btc_qm_engine,btc_sha256_elapsed_ns,1126.0000000000
273528,13825921759635,btc_qm_engine,btc_sha256_nonce,2039462652.0000000000
273529,13825921759722,btc_qm_engine,btc_leading_zeros,0.0000000000
273530,13825921759802,btc_qm_engine,btc_sha256_elapsed_ns,1113.0000000000
273531,13825921759957,btc_qm_engine,btc_sha256_elapsed_ns,847.0000000000
273532,13825921760475,btc_qm_engine,btc_sha256_nonce,648841880.0000000000
273533,13825921760752,btc_qm_engine,btc_leading_zeros,0.0000000000
273534,13825921760804,btc_qm_engine,btc_sha256_elapsed_ns,1095.0000000000
273535,13825921760910,btc_qm_engine,btc_sha256_nonce,1943160908.0000000000
273536,13825921760984,btc_qm_engine,btc_leading_zeros,1.0000000000
273537,13825921761037,btc_qm_engine,btc_sha256_elapsed_ns,733.0000000000
273538,13825921761767,btc_qm_engine,btc_sha256_nonce,2200671136.0000000000
273539,13825921761945,btc_qm_engine,btc_leading_zeros,3.0000000000
273540,13825921762163,btc_qm_engine,btc_sha256_nonce,2892643135.0000000000
273541,13825921762236,btc_qm_engine,btc_leading_zeros,2.0000000000
273542,13825921762299,btc_qm_engine,btc_sha256_elapsed_ns,908.0000000000
273543,13825921762564,btc_qm_engine,btc_sha256_nonce,1605993462.0000000000
273544,13825921762780,btc_qm_engine,btc_sha256_elapsed_ns,1119.0000000000
273545,13825921762972,btc_qm_engine,btc_leading_zeros,1.0000000000
273546,13825921763062,btc_qm_engine,btc_sha256_elapsed_ns,1079.0000000000
273547,13825921763306,btc_qm_engine,btc_leading_zeros,0.0000000000
273548,13825921763460,btc_qm_engine,btc_sha256_nonce,111366472.0000000000
273549,13825921763540,btc_qm_engine,btc_leading_zeros,1.0000000000
273550,13825921763614,btc_qm_engine,btc_sha256_elapsed_ns,933.0000000000
273551,13825921763812,btc_qm_engine,btc_sha256_elapsed_ns,735.0000000000
273552,13825921764145,btc_qm_engine,btc_sha256_nonce,1398908924.0000000000
273553,13825921764458,btc_qm_engine,btc_sha256_nonce,2222496229.0000000000
273554,13825921764624,btc_qm_engine,btc_leading_zeros,1.0000000000
273555,13825921764760,btc_qm_engine,btc_sha256_nonce,1293871999.0000000000
273556,13825921764841,btc_qm_engine,btc_leading_zeros,1.0000000000
273557,13825921764916,btc_qm_engine,btc_sha256_elapsed_ns,1065.0000000000
273558,13825921765070,btc_qm_engine,btc_sha256_elapsed_ns,1065.0000000000
273559,13825921765265,btc_qm_engine,btc_sha256_elapsed_ns,1019.0000000000
273560,13825921765356,btc_qm_engine,btc_sha256_nonce,2346517475.0000000000
273561,13825921766151,btc_qm_engine,btc_leading_zeros,1.0000000000
273562,13825921766235,btc_qm_engine,btc_sha256_elapsed_ns,989.0000000000
273563,13825921766376,btc_qm_engine,btc_leading_zeros,0.0000000000
273564,13825921766498,btc_qm_engine,btc_sha256_nonce,1943552892.0000000000
273565,13825921766724,btc_qm_engine,btc_sha256_nonce,749835515.0000000000
273566,13825921766842,btc_qm_engine,btc_sha256_elapsed_ns,1143.0000000000
273567,13825921767091,btc_qm_engine,btc_leading_zeros,0.0000000000
273568,13825921767180,btc_qm_engine,btc_sha256_elapsed_ns,848.0000000000
273569,13825921767341,btc_qm_engine,btc_sha256_nonce,1430518084.0000000000
273570,13825921767495,btc_qm_engine,btc_sha256_nonce,3179910246.0000000000
273571,13825921767567,btc_qm_engine,btc_leading_zeros,2.0000000000
273572,13825921767637,btc_qm_engine,btc_sha256_elapsed_ns,1031.0000000000
273573,13825921767751,btc_qm_engine,btc_leading_zeros,0.0000000000
273574,13825921767824,btc_qm_engine,btc_sha256_elapsed_ns,1089.0000000000
273575,13825921768341,btc_qm_engine,btc_leading_zeros,2.0000000000
273576,13825921768508,btc_qm_engine,btc_sha256_nonce,2398394741.0000000000
273577,13825921768578,btc_qm_engine,btc_leading_zeros,0.0000000000
273578,13825921768650,btc_qm_engine,btc_sha256_elapsed_ns,1001.0000000000
273579,13825921768807,btc_qm_engine,btc_sha256_elapsed_ns,1023.0000000000
273580,13825921768944,btc_qm_engine,btc_sha256_nonce,663197603.0000000000
273581,13825921769174,btc_qm_engine,btc_sha256_nonce,3358507200.0000000000
273582,13825921769433,btc_qm_engine,btc_leading_zeros,1.0000000000
273583,13825921769660,btc_qm_engine,btc_sha256_nonce,3702400361.0000000000
273584,13825921769948,btc_qm_engine,btc_sha256_elapsed_ns,1095.0000000000
273585,13825921770327,btc_qm_engine,btc_sha256_nonce,3909886963.0000000000
273586,13825921770667,btc_qm_engine,btc_sha256_nonce,106121610.0000000000
273587,13825921771086,btc_qm_engine,btc_leading_zeros,2.0000000000
273588,13825921771497,btc_qm_engine,btc_sha256_nonce,3550143144.0000000000
273589,13825921771696,btc_qm_engine,btc_leading_zeros,1.0000000000
273590,13825921771854,btc_qm_engine,btc_sha256_elapsed_ns,1022.0000000000
273591,13825921772009,btc_qm_engine,btc_leading_zeros,3.0000000000
273592,13825921772088,btc_qm_engine,btc_sha256_elapsed_ns,961.0000000000
273593,13825921772364,btc_qm_engine,btc_sha256_elapsed_ns,1106.0000000000
273594,13825921773136,btc_qm_engine,btc_leading_zeros,1.0000000000
273595,13825921773213,btc_qm_engine,btc_sha256_elapsed_ns,1119.0000000000
273596,13825921773417,btc_qm_engine,btc_sha256_nonce,1401590487.0000000000
273597,13825921773632,btc_qm_engine,btc_sha256_nonce,2807824748.0000000000
273598,13825921773949,btc_qm_engine,btc_sha256_nonce,16185917.0000000000
273599,13825921774132,btc_qm_engine,btc_leading_zeros,1.0000000000
273600,13825921774300,btc_qm_engine,btc_leading_zeros,0.0000000000
273601,13825921774491,btc_qm_engine,btc_sha256_nonce,1867348794.0000000000
273602,13825921774575,btc_qm_engine,btc_leading_zeros,3.0000000000
273603,13825921774729,btc_qm_engine,btc_sha256_elapsed_ns,1000.0000000000
273604,13825921774886,btc_qm_engine,btc_sha256_elapsed_ns,1054.0000000000
273605,13825921775080,btc_qm_engine,btc_leading_zeros,4.0000000000
273606,13825921775411,btc_qm_engine,btc_leading_zeros,1.0000000000
273607,13825921775838,btc_qm_engine,btc_sha256_elapsed_ns,974.0000000000
273608,13825921775987,btc_qm_engine,btc_sha256_elapsed_ns,996.0000000000
273609,13825921776242,btc_qm_engine,btc_sha256_nonce,858128170.0000000000
273610,13825921776326,btc_qm_engine,btc_leading_zeros,2.0000000000
273611,13825921776449,btc_qm_engine,btc_sha256_nonce,1080423389.0000000000
273612,13825921776911,btc_qm_engine,btc_sha256_elapsed_ns,1091.0000000000
273613,13825921777036,btc_qm_engine,btc_sha256_nonce,2201091326.0000000000
273614,13825921777605,btc_qm_engine,btc_sha256_elapsed_ns,893.0000000000
273615,13825921778112,btc_qm_engine,btc_leading_zeros,4.0000000000
273616,13825921778607,btc_qm_engine,btc_sha256_nonce,1145751848.0000000000
273617,13825921778827,btc_qm_engine,btc_leading_zeros,8.0000000000
273618,13825921778952,btc_qm_engine,btc_sha256_elapsed_ns,1096.0000000000
273619,13825921779160,btc_qm_engine,btc_leading_zeros,4.0000000000
273620,13825921779328,btc_qm_engine,btc_sha256_elapsed_ns,1109.0000000000
273621,13825921779676,btc_qm_engine,btc_sha256_nonce,3472421979.0000000000
273622,13825921779786,btc_qm_engine,btc_leading_zeros,0.0000000000
273623,13825921779915,btc_qm_engine,btc_sha256_elapsed_ns,980.0000000000
273624,13825921780352,btc_qm_engine,btc_sha256_nonce,409001252.0000000000
273625,13825921780427,btc_qm_engine,btc_leading_zeros,0.0000000000
273626,13825921781011,btc_qm_engine,btc_sha256_nonce,1127978562.0000000000
273627,13825921781260,btc_qm_engine,btc_leading_zeros,0.0000000000
273628,13825921781308,btc_qm_engine,btc_sha256_elapsed_ns,1014.0000000000
273629,13825921781588,btc_qm_engine,btc_sha256_nonce,801875285.0000000000
273630,13825921781691,btc_qm_engine,btc_leading_zeros,0.0000000000
273631,13825921781762,btc_qm_engine,btc_sha256_elapsed_ns,1079.0000000000
273632,13825921781932,btc_qm_engine,btc_sha256_elapsed_ns,1067.0000000000
273633,13825921782196,btc_qm_engine,btc_sha256_nonce,1940982789.0000000000
273634,13825921782524,btc_qm_engine,btc_sha256_nonce,132059661.0000000000
273635,13825921782922,btc_qm_engine,btc_sha256_elapsed_ns,1093.0000000000
273636,13825921783155,btc_qm_engine,btc_leading_zeros,0.0000000000
273637,13825921783308,btc_qm_engine,btc_sha256_nonce,4121940112.0000000000
273638,13825921783419,btc_qm_engine,btc_sha256_nonce,74037783.0000000000
273639,13825921783604,btc_qm_engine,btc_leading_zeros,1.0000000000
273640,13825921783891,btc_qm_engine,btc_leading_zeros,0.0000000000
273641,13825921783966,btc_qm_engine,btc_sha256_elapsed_ns,1108.0000000000
273642,13825921784044,btc_qm_engine,btc_leading_zeros,1.0000000000
273643,13825921784186,btc_qm_engine,btc_sha256_elapsed_ns,1022.0000000000
273644,13825921784503,btc_qm_engine,btc_sha256_nonce,3151400373.0000000000
273645,13825921784590,btc_qm_engine,btc_leading_zeros,1.0000000000
273646,13825921784653,btc_qm_engine,btc_sha256_elapsed_ns,995.0000000000
273647,13825921784781,btc_qm_engine,btc_leading_zeros,0.0000000000
273648,13825921785232,btc_qm_engine,btc_sha256_elapsed_ns,738.0000000000
273649,13825921785347,btc_qm_engine,btc_sha256_nonce,251417210.0000000000
273650,13825921785439,btc_qm_engine,btc_leading_zeros,1.0000000000
273651,13825921785512,btc_qm_engine,btc_sha256_elapsed_ns,1130.0000000000
273652,13825921785736,btc_qm_engine,btc_sha256_nonce,22185909.0000000000
273653,13825921786236,btc_qm_engine,btc_sha256_nonce,80332270.0000000000
273654,13825921786351,btc_qm_engine,btc_leading_zeros,0.0000000000
273655,13825921786418,btc_qm_engine,btc_sha256_elapsed_ns,736.0000000000
273656,13825921786556,btc_qm_engine,btc_sha256_nonce,2200355777.0000000000
273657,13825921786666,btc_qm_engine,btc_leading_zeros,0.0000000000
273658,13825921786821,btc_qm_engine,btc_sha256_nonce,1952346390.0000000000
273659,13825921786922,btc_qm_engine,btc_sha256_nonce,1442339589.0000000000
273660,13825921787068,btc_qm_engine,btc_sha256_elapsed_ns,950.0000000000
273661,13825921787224,btc_qm_engine,btc_sha256_nonce,2289741622.0000000000
273662,13825921787301,btc_qm_engine,btc_leading_zeros,0.0000000000
273663,13825921787444,btc_qm_engine,btc_sha256_elapsed_ns,1081.0000000000
273664,13825921787751,btc_qm_engine,btc_leading_zeros,0.0000000000
273665,13825921787951,btc_qm_engine,btc_sha256_nonce,1526478757.0000000000
273666,13825921788137,btc_qm_engine,btc_sha256_elapsed_ns,1130.0000000000
273667,13825921788312,btc_qm_engine,btc_leading_zeros,0.0000000000
273668,13825921788457,btc_qm_engine,btc_sha256_nonce,2845227390.0000000000
273669,13825921788537,btc_qm_engine,btc_leading_zeros,0.0000000000
273670,13825921788612,btc_qm_engine,btc_sha256_elapsed_ns,1066.0000000000
273671,13825921788733,btc_qm_engine,btc_sha256_elapsed_ns,1029.0000000000
273672,13825921789161,btc_qm_engine,btc_sha256_nonce,2201305057.0000000000
273673,13825921789237,btc_qm_engine,btc_leading_zeros,1.0000000000
273674,13825921789306,btc_qm_engine,btc_sha256_elapsed_ns,1093.0000000000
273675,13825921789461,btc_qm_engine,btc_leading_zeros,1.0000000000
273676,13825921789747,btc_qm_engine,btc_sha256_elapsed_ns,732.0000000000
273677,13825921789947,btc_qm_engine,btc_sha256_nonce,1025191175.0000000000
273678,13825921790264,btc_qm_engine,btc_sha256_nonce,2051838374.0000000000
273679,13825921790416,btc_qm_engine,btc_leading_zeros,1.0000000000
273680,13825921790492,btc_qm_engine,btc_sha256_elapsed_ns,943.0000000000
273681,13825921790659,btc_qm_engine,btc_sha256_nonce,2201645583.0000000000
273682,13825921790732,btc_qm_engine,btc_leading_zeros,2.0000000000
273683,13825921790799,btc_qm_engine,btc_sha256_elapsed_ns,1093.0000000000
273684,13825921791549,btc_qm_engine,btc_sha256_nonce,2867755575.0000000000
273685,13825921791832,btc_qm_engine,btc_sha256_nonce,464772264.0000000000
273686,13825921791966,btc_qm_engine,btc_leading_zeros,0.0000000000
273687,13825921792127,btc_qm_engine,btc_sha256_nonce,3279207026.0000000000
273688,13825921792354,btc_qm_engine,btc_sha256_elapsed_ns,1091.0000000000
273689,13825921792822,btc_qm_engine,btc_leading_zeros,1.0000000000
273690,13825921792950,btc_qm_engine,btc_leading_zeros,0.0000000000
273691,13825921793038,btc_qm_engine,btc_sha256_elapsed_ns,866.0000000000
273692,13825921793167,btc_qm_engine,btc_leading_zeros,1.0000000000
273693,13825921793585,btc_qm_engine,btc_sha256_elapsed_ns,1103.0000000000
273694,13825921793727,btc_qm_engine,btc_sha256_elapsed_ns,1101.0000000000
273695,13825921793921,btc_qm_engine,btc_sha256_elapsed_ns,1099.0000000000
273696,13825921794305,btc_qm_engine,btc_sha256_nonce,2680620295.0000000000
273697,13825921794382,btc_qm_engine,btc_leading_zeros,0.0000000000
273698,13825921794454,btc_qm_engine,btc_sha256_elapsed_ns,993.0000000000
273699,13825921795075,btc_qm_engine,btc_sha256_nonce,1493472025.0000000000
273700,13825921795277,btc_qm_engine,btc_leading_zeros,0.0000000000
273701,13825921795428,btc_qm_engine,btc_sha256_nonce,3514548371.0000000000
273702,13825921795729,btc_qm_engine,btc_sha256_nonce,1717031067.0000000000
273703,13825921795935,btc_qm_engine,btc_sha256_elapsed_ns,1063.0000000000
273704,13825921796314,btc_qm_engine,btc_sha256_nonce,1991081075.0000000000
273705,13825921796447,btc_qm_engine,btc_sha256_nonce,642752597.0000000000
273706,13825921796569,btc_qm_engine,btc_leading_zeros,0.0000000000
273707,13825921796644,btc_qm_engine,btc_sha256_elapsed_ns,988.0000000000
273708,13825921796867,btc_qm_engine,btc_leading_zeros,1.0000000000
273709,13825921796981,btc_qm_engine,btc_leading_zeros,0.0000000000
273710,13825921797080,btc_qm_engine,btc_sha256_elapsed_ns,929.0000000000
273711,13825921797343,btc_qm_engine,btc_sha256_nonce,1806015815.0000000000
273712,13825921797505,btc_qm_engine,btc_sha256_elapsed_ns,822.0000000000
273713,13825921797627,btc_qm_engine,btc_sha256_nonce,1735147480.0000000000
273714,13825921797799,btc_qm_engine,btc_leading_zeros,0.0000000000
273715,13825921797940,btc_qm_engine,btc_leading_zeros,0.0000000000
273716,13825921798282,btc_qm_engine,btc_sha256_elapsed_ns,1079.0000000000
273717,13825921798398,btc_qm_engine,btc_sha256_nonce,3285325577.0000000000
273718,13825921798590,btc_qm_engine,btc_sha256_elapsed_ns,1117.0000000000
273719,13825921798977,btc_qm_engine,btc_leading_zeros,0.0000000000
273720,13825921799451,btc_qm_engine,btc_sha256_nonce,4021352885.0000000000
273721,13825921799524,btc_qm_engine,btc_leading_zeros,0.0000000000
273722,13825921799578,btc_qm_engine,btc_sha256_elapsed_ns,931.0000000000
273723,13825921799733,btc_qm_engine,btc_leading_zeros,2.0000000000
273724,13825921799885,btc_qm_engine,btc_sha256_elapsed_ns,1105.0000000000
273725,13825921799981,btc_qm_engine,btc_sha256_nonce,1919067711.0000000000
273726,13825921800148,btc_qm_engine,btc_sha256_nonce,1204496385.0000000000
273727,13825921800287,btc_qm_engine,btc_sha256_elapsed_ns,1029.0000000000
273728,13825921800405,btc_qm_engine,btc_leading_zeros,1.0000000000
273729,13825921800508,btc_qm_engine,btc_sha256_elapsed_ns,1120.0000000000
273730,13825921800915,btc_qm_engine,btc_leading_zeros,1.0000000000
273731,13825921801213,btc_qm_engine,btc_sha256_nonce,3864532485.0000000000
273732,13825921801341,btc_qm_engine,btc_leading_zeros,1.0000000000
273733,13825921801460,btc_qm_engine,btc_sha256_elapsed_ns,1124.0000000000
273734,13825921801645,btc_qm_engine,btc_sha256_nonce,2521081924.0000000000
273735,13825921801733,btc_qm_engine,btc_sha256_nonce,1468269100.0000000000
273736,13825921801869,btc_qm_engine,btc_sha256_elapsed_ns,1055.0000000000
273737,13825921802047,btc_qm_engine,btc_sha256_nonce,3810024554.0000000000
273738,13825921802593,btc_qm_engine,btc_leading_zeros,0.0000000000
273739,13825921802708,btc_qm_engine,btc_sha256_nonce,2005182002.0000000000
273740,13825921802915,btc_qm_engine,btc_sha256_nonce,1531011796.0000000000
273741,13825921803065,btc_qm_engine,btc_sha256_elapsed_ns,1015.0000000000
273742,13825921803311,btc_qm_engine,btc_leading_zeros,4.0000000000
273743,13825921803621,btc_qm_engine,btc_sha256_elapsed_ns,969.0000000000
273744,13825921803823,btc_qm_engine,btc_sha256_nonce,17114480.0000000000
273745,13825921804171,btc_qm_engine,btc_leading_zeros,3.0000000000
273746,13825921804445,btc_qm_engine,btc_sha256_nonce,3655790708.0000000000
273747,13825921804571,btc_qm_engine,btc_sha256_elapsed_ns,990.0000000000
273748,13825921804781,btc_qm_engine,btc_sha256_nonce,3476650242.0000000000
273749,13825921805221,btc_qm_engine,btc_leading_zeros,1.0000000000
273750,13825921805388,btc_qm_engine,btc_leading_zeros,0.0000000000
273751,13825921805576,btc_qm_engine,btc_sha256_nonce,74602255.0000000000
273752,13825921805823,btc_qm_engine,btc_sha256_elapsed_ns,982.0000000000
273753,13825921805974,btc_qm_engine,btc_sha256_elapsed_ns,727.0000000000
273754,13825921806477,btc_qm_engine,btc_leading_zeros,1.0000000000
273755,13825921806573,btc_qm_engine,btc_sha256_elapsed_ns,1125.0000000000
273756,13825921807295,btc_qm_engine,btc_sha256_nonce,1070572902.0000000000
273757,13825921807374,btc_qm_engine,btc_leading_zeros,1.0000000000
273758,13825921807450,btc_qm_engine,btc_sha256_elapsed_ns,1050.0000000000
273759,13825921807545,btc_qm_engine,btc_sha256_nonce,3467519789.0000000000
273760,13825921807691,btc_qm_engine,btc_sha256_nonce,1884755428.0000000000
273761,13825921808255,btc_qm_engine,btc_leading_zeros,1.0000000000
273762,13825921808415,btc_qm_engine,btc_leading_zeros,0.0000000000
273763,13825921808600,btc_qm_engine,btc_sha256_nonce,2570425323.0000000000
273764,13825921808771,btc_qm_engine,btc_leading_zeros,2.0000000000
273765,13825921809007,btc_qm_engine,btc_leading_zeros,0.0000000000
273766,13825921809129,btc_qm_engine,btc_sha256_elapsed_ns,934.0000000000
273767,13825921809532,btc_qm_engine,btc_sha256_elapsed_ns,1011.0000000000
273768,13825921810055,btc_qm_engine,btc_leading_zeros,0.0000000000
273769,13825921810250,btc_qm_engine,btc_leading_zeros,1.0000000000
273770,13825921810544,btc_qm_engine,btc_sha256_elapsed_ns,1083.0000000000
273771,13825921810729,btc_qm_engine,btc_sha256_nonce,3710217672.0000000000
273772,13825921811008,btc_qm_engine,btc_sha256_elapsed_ns,744.0000000000
273773,13825921811232,btc_qm_engine,btc_sha256_nonce,207102654.0000000000
273774,13825921811372,btc_qm_engine,btc_leading_zeros,0.0000000000
273775,13825921811560,btc_qm_engine,btc_sha256_elapsed_ns,1093.0000000000
273776,13825921811926,btc_qm_engine,btc_sha256_nonce,559918265.0000000000
273777,13825921812378,btc_qm_engine,btc_leading_zeros,0.0000000000
273778,13825921812553,btc_qm_engine,btc_sha256_nonce,1599549697.0000000000
273779,13825921812724,btc_qm_engine,btc_sha256_elapsed_ns,1080.0000000000
273780,13825921812937,btc_qm_engine,btc_leading_zeros,0.0000000000
273781,13825921813237,btc_qm_engine,btc_sha256_nonce,1218353877.0000000000
273782,13825921813335,btc_qm_engine,btc_leading_zeros,1.0000000000
273783,13825921813391,btc_qm_engine,btc_sha256_elapsed_ns,1087.0000000000
273784,13825921813515,btc_qm_engine,btc_sha256_elapsed_ns,1100.0000000000
273785,13825921813800,btc_qm_engine,btc_sha256_elapsed_ns,755.0000000000
273786,13825921814396,btc_qm_engine,btc_sha256_elapsed_ns,1087.0000000000
273787,13825921814620,btc_qm_engine,btc_sha256_nonce,3833757125.0000000000
273788,13825921814732,btc_qm_engine,btc_leading_zeros,1.0000000000
273789,13825921814788,btc_qm_engine,btc_sha256_elapsed_ns,902.0000000000
273790,13825921814983,btc_qm_engine,btc_leading_zeros,0.0000000000
273791,13825921815281,btc_qm_engine,btc_sha256_nonce,1606385013.0000000000
273792,13825921815396,btc_qm_engine,btc_sha256_elapsed_ns,1045.0000000000
273793,13825921815617,btc_qm_engine,btc_sha256_nonce,3002288835.0000000000
273794,13825921815753,btc_qm_engine,btc_leading_zeros,1.0000000000
273795,13825921816021,btc_qm_engine,btc_leading_zeros,2.0000000000
273796,13825921816252,btc_qm_engine,btc_sha256_elapsed_ns,884.0000000000
273797,13825921816435,btc_qm_engine,btc_sha256_nonce,3714340526.0000000000
273798,13825921816510,btc_qm_engine,btc_leading_zeros,1.0000000000
273799,13825921816583,btc_qm_engine,btc_sha256_elapsed_ns,1030.0000000000
273800,13825921816754,btc_qm_engine,btc_sha256_nonce,175747466.0000000000
273801,13825921816849,btc_qm_engine,btc_leading_zeros,0.0000000000
273802,13825921816925,btc_qm_engine,btc_sha256_elapsed_ns,1079.0000000000
273803,13825921817150,btc_qm_engine,btc_sha256_nonce,2471940125.0000000000
273804,13825921817224,btc_qm_engine,btc_leading_zeros,0.0000000000
273805,13825921817277,btc_qm_engine,btc_sha256_elapsed_ns,860.0000000000
273806,13825921817980,btc_qm_engine,btc_sha256_nonce,1250804904.0000000000
273807,13825921818140,btc_qm_engine,btc_sha256_nonce,2501772697.0000000000
273808,13825921818330,btc_qm_engine,btc_sha256_nonce,1536204521.0000000000
273809,13825921818571,btc_qm_engine,btc_leading_zeros,1.0000000000
273810,13825921818754,btc_qm_engine,btc_leading_zeros,0.0000000000
273811,13825921818837,btc_qm_engine,btc_sha256_elapsed_ns,1060.0000000000
273812,13825921818971,btc_qm_engine,btc_sha256_elapsed_ns,736.0000000000
273813,13825921819256,btc_qm_engine,btc_sha256_elapsed_ns,1135.0000000000
273814,13825921819360,btc_qm_engine,btc_leading_zeros,0.0000000000
273815,13825921819681,btc_qm_engine,btc_sha256_elapsed_ns,1095.0000000000
273816,13825921820137,btc_qm_engine,btc_sha256_nonce,2350157741.0000000000
273817,13825921820332,btc_qm_engine,btc_sha256_nonce,1492777455.0000000000
273818,13825921820408,btc_qm_engine,btc_leading_zeros,0.0000000000
273819,13825921820475,btc_qm_engine,btc_sha256_elapsed_ns,1065.0000000000
273820,13825921820653,btc_qm_engine,btc_sha256_nonce,3368214667.0000000000
273821,13825921820794,btc_qm_engine,btc_leading_zeros,0.0000000000
273822,13825921820880,btc_qm_engine,btc_sha256_elapsed_ns,1037.0000000000
273823,13825921821037,btc_qm_engine,btc_leading_zeros,0.0000000000
273824,13825921821303,btc_qm_engine,btc_leading_zeros,0.0000000000
273825,13825921821385,btc_qm_engine,btc_sha256_elapsed_ns,1055.0000000000
273826,13825921821551,btc_qm_engine,btc_sha256_nonce,2137798555.0000000000
273827,13825921821696,btc_qm_engine,btc_sha256_nonce,120259071.0000000000
273828,13825921821806,btc_qm_engine,btc_leading_zeros,1.0000000000
273829,13825921821882,btc_qm_engine,btc_sha256_elapsed_ns,731.0000000000
273830,13825921822044,btc_qm_engine,btc_leading_zeros,2.0000000000
273831,13825921822153,btc_qm_engine,btc_sha256_nonce,1266337657.0000000000
273832,13825921822409,btc_qm_engine,btc_sha256_elapsed_ns,973.0000000000
273833,13825921822645,btc_qm_engine,btc_leading_zeros,1.0000000000
273834,13825921822847,btc_qm_engine,btc_sha256_nonce,2602675369.0000000000
273835,13825921823120,btc_qm_engine,btc_sha256_nonce,318974687.0000000000
273836,13825921823279,btc_qm_engine,btc_leading_zeros,0.0000000000
273837,13825921823518,btc_qm_engine,btc_sha256_nonce,3760544069.0000000000
273838,13825921823788,btc_qm_engine,btc_sha256_elapsed_ns,1048.0000000000
273839,13825921824067,btc_qm_engine,btc_sha256_elapsed_ns,1083.0000000000
273840,13825921824224,btc_qm_engine,btc_sha256_nonce,2942829228.0000000000
273841,13825921824297,btc_qm_engine,btc_leading_zeros,3.0000000000
273842,13825921824654,btc_qm_engine,btc_sha256_nonce,2201049538.0000000000
273843,13825921825202,btc_qm_engine,btc_sha256_nonce,835558011.0000000000
273844,13825921825370,btc_qm_engine,btc_leading_zeros,1.0000000000
273845,13825921825530,btc_qm_engine,btc_leading_zeros,0.0000000000
273846,13825921825961,btc_qm_engine,btc_sha256_elapsed_ns,1085.0000000000
273847,13825921826403,btc_qm_engine,btc_sha256_elapsed_ns,1056.0000000000
273848,13825921827512,btc_qm_engine,btc_sha256_elapsed_ns,738.0000000000
273849,13825921827897,btc_qm_engine,btc_sha256_nonce,1525731354.0000000000
273850,13825921828070,btc_qm_engine,btc_sha256_nonce,1941129587.0000000000
273851,13825921828145,btc_qm_engine,btc_leading_zeros,3.0000000000
273852,13825921828368,btc_qm_engine,btc_sha256_elapsed_ns,1049.0000000000
273853,13825921828643,btc_qm_engine,btc_sha256_nonce,1556131046.0000000000
273854,13825921828728,btc_qm_engine,btc_leading_zeros,2.0000000000
273855,13825921828975,btc_qm_engine,btc_leading_zeros,2.0000000000
273856,13825921829156,btc_qm_engine,btc_sha256_elapsed_ns,1074.0000000000
273857,13825921829312,btc_qm_engine,btc_sha256_elapsed_ns,889.0000000000
273858,13825921829487,btc_qm_engine,btc_sha256_nonce,3574606670.0000000000
273859,13825921829861,btc_qm_engine,btc_sha256_elapsed_ns,871.0000000000
273860,13825921830130,btc_qm_engine,btc_sha256_nonce,3560569939.0000000000
273861,13825921830261,btc_qm_engine,btc_sha256_elapsed_ns,999.0000000000
273862,13825921830692,btc_qm_engine,btc_sha256_nonce,2684312151.0000000000
273863,13825921830886,btc_qm_engine,btc_leading_zeros,1.0000000000
273864,13825921831088,btc_qm_engine,btc_leading_zeros,0.0000000000
273865,13825921831263,btc_qm_engine,btc_sha256_nonce,2413219760.0000000000
273866,13825921832012,btc_qm_engine,btc_leading_zeros,1.0000000000
273867,13825921832167,btc_qm_engine,btc_sha256_elapsed_ns,740.0000000000
273868,13825921832545,btc_qm_engine,btc_sha256_nonce,693957972.0000000000
273869,13825921832802,btc_qm_engine,btc_leading_zeros,1.0000000000
273870,13825921832875,btc_qm_engine,btc_sha256_elapsed_ns,1061.0000000000
273871,13825921833384,btc_qm_engine,btc_leading_zeros,3.0000000000
273872,13825921833726,btc_qm_engine,btc_sha256_elapsed_ns,987.0000000000
273873,13825921833907,btc_qm_engine,btc_sha256_nonce,2201003229.0000000000
273874,13825921833979,btc_qm_engine,btc_leading_zeros,0.0000000000
273875,13825921834031,btc_qm_engine,btc_sha256_elapsed_ns,774.0000000000
273876,13825921834224,btc_qm_engine,btc_sha256_nonce,4110106867.0000000000
273877,13825921834313,btc_qm_engine,btc_leading_zeros,0.0000000000
273878,13825921834375,btc_qm_engine,btc_sha256_elapsed_ns,824.0000000000
273879,13825921834990,btc_qm_engine,btc_sha256_nonce,2130622290.0000000000
273880,13825921835139,btc_qm_engine,btc_leading_zeros,4.0000000000
273881,13825921835401,btc_qm_engine,btc_sha256_nonce,1606274755.0000000000
273882,13825921835494,btc_qm_engine,btc_leading_zeros,0.0000000000
273883,13825921835734,btc_qm_engine,btc_leading_zeros,0.0000000000
273884,13825921835931,btc_qm_engine,btc_sha256_elapsed_ns,793.0000000000
273885,13825921836056,btc_qm_engine,btc_sha256_elapsed_ns,757.0000000000
273886,13825921836201,btc_qm_engine,btc_sha256_elapsed_ns,946.0000000000
273887,13825921836319,btc_qm_engine,btc_sha256_nonce,1259470093.0000000000
273888,13825921836654,btc_qm_engine,btc_leading_zeros,0.0000000000
273889,13825921836730,btc_qm_engine,btc_sha256_elapsed_ns,1124.0000000000
273890,13825921837098,btc_qm_engine,btc_sha256_elapsed_ns,1088.0000000000
273891,13825921837285,btc_qm_engine,btc_sha256_nonce,1065666937.0000000000
273892,13825921837593,btc_qm_engine,btc_sha256_nonce,146271401.0000000000
273893,13825921837783,btc_qm_engine,btc_leading_zeros,0.0000000000
273894,13825921838087,btc_qm_engine,btc_sha256_nonce,1474092556.0000000000
273895,13825921838202,btc_qm_engine,btc_sha256_elapsed_ns,863.0000000000
273896,13825921838509,btc_qm_engine,btc_sha256_nonce,4121626771.0000000000
273897,13825921838583,btc_qm_engine,btc_leading_zeros,0.0000000000
273898,13825921838783,btc_qm_engine,btc_sha256_elapsed_ns,1116.0000000000
273899,13825921839554,btc_qm_engine,btc_leading_zeros,1.0000000000
273900,13825921839688,btc_qm_engine,btc_sha256_nonce,3404928278.0000000000
273901,13825921839764,btc_qm_engine,btc_leading_zeros,0.0000000000
273902,13825921839829,btc_qm_engine,btc_sha256_elapsed_ns,868.0000000000
273903,13825921839943,btc_qm_engine,btc_sha256_elapsed_ns,1148.0000000000
273904,13825921840884,btc_qm_engine,btc_sha256_nonce,3824060417.0000000000
273905,13825921841189,btc_qm_engine,btc_sha256_elapsed_ns,1086.0000000000
273906,13825921841424,btc_qm_engine,btc_sha256_nonce,585739089.0000000000
273907,13825921841772,btc_qm_engine,btc_leading_zeros,0.0000000000
273908,13825921842001,btc_qm_engine,btc_sha256_nonce,87921698.0000000000
273909,13825921842152,btc_qm_engine,btc_leading_zeros,2.0000000000
273910,13825921842542,btc_qm_engine,btc_sha256_elapsed_ns,803.0000000000
273911,13825921842729,btc_qm_engine,btc_sha256_nonce,1458072002.0000000000
273912,13825921842800,btc_qm_engine,btc_leading_zeros,3.0000000000
273913,13825921842857,btc_qm_engine,btc_sha256_elapsed_ns,927.0000000000
273914,13825921843005,btc_qm_engine,btc_leading_zeros,4.0000000000
273915,13825921843354,btc_qm_engine,btc_sha256_elapsed_ns,1053.0000000000
273916,13825921843841,btc_qm_engine,btc_sha256_nonce,4121843533.0000000000
273917,13825921843907,btc_qm_engine,btc_leading_zeros,1.0000000000
273918,13825921843977,btc_qm_engine,btc_sha256_elapsed_ns,735.0000000000
273919,13825921844106,btc_qm_engine,btc_leading_zeros,2.0000000000
273920,13825921844584,btc_qm_engine,btc_sha256_nonce,1462992965.0000000000
273921,13825921844731,btc_qm_engine,btc_sha256_nonce,744831135.0000000000
273922,13825921844954,btc_qm_engine,btc_sha256_nonce,4121799278.0000000000
273923,13825921845069,btc_qm_engine,btc_leading_zeros,0.0000000000
273924,13825921845124,btc_qm_engine,btc_sha256_elapsed_ns,740.0000000000
273925,13825921845229,btc_qm_engine,btc_leading_zeros,0.0000000000
273926,13825921845359,btc_qm_engine,btc_leading_zeros,2.0000000000
273927,13825921845604,btc_qm_engine,btc_sha256_elapsed_ns,1015.0000000000
273928,13825921845746,btc_qm_engine,btc_sha256_elapsed_ns,1037.0000000000
273929,13825921846090,btc_qm_engine,btc_sha256_nonce,2887135120.0000000000
273930,13825921846174,btc_qm_engine,btc_leading_zeros,4.0000000000
273931,13825921846683,btc_qm_engine,btc_sha256_elapsed_ns,736.0000000000
273932,13825921846780,btc_qm_engine,btc_sha256_elapsed_ns,1065.0000000000
273933,13825921847051,btc_qm_engine,btc_sha256_nonce,283690692.0000000000
273934,13825921847135,btc_qm_engine,btc_leading_zeros,0.0000000000
273935,13825921847239,btc_qm_engine,btc_sha256_elapsed_ns,842.0000000000
273936,13825921847575,btc_qm_engine,btc_sha256_elapsed_ns,1097.0000000000
273937,13825921847747,btc_qm_engine,btc_sha256_nonce,3810429417.0000000000
273938,13825921847930,btc_qm_engine,btc_sha256_nonce,4121730922.0000000000
273939,13825921848015,btc_qm_engine,btc_leading_zeros,2.0000000000
273940,13825921848090,btc_qm_engine,btc_sha256_elapsed_ns,974.0000000000
273941,13825921848226,btc_qm_engine,btc_leading_zeros,0.0000000000
273942,13825921848565,btc_qm_engine,btc_sha256_elapsed_ns,1032.0000000000
273943,13825921848944,btc_qm_engine,btc_sha256_nonce,542502981.0000000000
273944,13825921849260,btc_qm_engine,btc_leading_zeros,2.0000000000
273945,13825921849338,btc_qm_engine,btc_sha256_elapsed_ns,1057.0000000000
273946,13825921849505,btc_qm_engine,btc_sha256_nonce,2193074492.0000000000
273947,13825921849880,btc_qm_engine,btc_sha256_nonce,2821382898.0000000000
273948,13825921850107,btc_qm_engine,btc_sha256_nonce,1158637543.0000000000
273949,13825921850261,btc_qm_engine,btc_leading_zeros,1.0000000000
273950,13825921850496,btc_qm_engine,btc_sha256_nonce,1758241904.0000000000
273951,13825921850671,btc_qm_engine,btc_leading_zeros,4.0000000000
273952,13825921850798,btc_qm_engine,btc_leading_zeros,2.0000000000
273953,13825921851071,btc_qm_engine,btc_sha256_elapsed_ns,1013.0000000000
273954,13825921851196,btc_qm_engine,btc_sha256_elapsed_ns,833.0000000000
273955,13825921851435,btc_qm_engine,btc_leading_zeros,0.0000000000
273956,13825921851738,btc_qm_engine,btc_sha256_elapsed_ns,962.0000000000
273957,13825921851923,btc_qm_engine,btc_leading_zeros,3.0000000000
273958,13825921852452,btc_qm_engine,btc_sha256_elapsed_ns,939.0000000000
273959,13825921852917,btc_qm_engine,btc_sha256_nonce,4121776822.0000000000
273960,13825921853491,btc_qm_engine,btc_sha256_nonce,2200295547.0000000000
273961,13825921853579,btc_qm_engine,btc_leading_zeros,4.0000000000
273962,13825921853651,btc_qm_engine,btc_sha256_nonce,2482174842.0000000000
273963,13825921853836,btc_qm_engine,btc_leading_zeros,3.0000000000
273964,13825921853911,btc_qm_engine,btc_sha256_elapsed_ns,985.0000000000
273965,13825921854092,btc_qm_engine,btc_leading_zeros,0.0000000000
273966,13825921854321,btc_qm_engine,btc_sha256_nonce,966099577.0000000000
273967,13825921854542,btc_qm_engine,btc_sha256_elapsed_ns,1142.0000000000
273968,13825921854797,btc_qm_engine,btc_sha256_nonce,3783571694.0000000000
273969,13825921854962,btc_qm_engine,btc_leading_zeros,1.0000000000
273970,13825921855088,btc_qm_engine,btc_sha256_elapsed_ns,955.0000000000
273971,13825921855291,btc_qm_engine,btc_sha256_elapsed_ns,869.0000000000
273972,13825921855563,btc_qm_engine,btc_leading_zeros,0.0000000000
273973,13825921855999,btc_qm_engine,btc_sha256_nonce,1940806278.0000000000
273974,13825921856080,btc_qm_engine,btc_leading_zeros,3.0000000000
273975,13825921856152,btc_qm_engine,btc_sha256_elapsed_ns,990.0000000000
273976,13825921856351,btc_qm_engine,btc_sha256_nonce,2200187644.0000000000
273977,13825921856602,btc_qm_engine,btc_leading_zeros,0.0000000000
273978,13825921856657,btc_qm_engine,btc_sha256_elapsed_ns,1036.0000000000
273979,13825921856781,btc_qm_engine,btc_sha256_nonce,3642341707.0000000000
273980,13825921856858,btc_qm_engine,btc_leading_zeros,0.0000000000
273981,13825921857217,btc_qm_engine,btc_sha256_elapsed_ns,1091.0000000000
273982,13825921857446,btc_qm_engine,btc_sha256_nonce,2913489915.0000000000
273983,13825921857702,btc_qm_engine,btc_sha256_nonce,2046906559.0000000000
273984,13825921858012,btc_qm_engine,btc_sha256_nonce,3892836107.0000000000
273985,13825921858175,btc_qm_engine,btc_leading_zeros,0.0000000000
273986,13825921858410,btc_qm_engine,btc_sha256_elapsed_ns,999.0000000000
273987,13825921858605,btc_qm_engine,btc_leading_zeros,0.0000000000
273988,13825921858981,btc_qm_engine,btc_sha256_elapsed_ns,994.0000000000
273989,13825921859153,btc_qm_engine,btc_sha256_elapsed_ns,1070.0000000000
273990,13825921859684,btc_qm_engine,btc_sha256_nonce,1852710483.0000000000
273991,13825921859757,btc_qm_engine,btc_leading_zeros,0.0000000000
273992,13825921859807,btc_qm_engine,btc_sha256_elapsed_ns,740.0000000000
273993,13825921860492,btc_qm_engine,btc_sha256_nonce,3542381009.0000000000
273994,13825921860567,btc_qm_engine,btc_leading_zeros,0.0000000000
273995,13825921860640,btc_qm_engine,btc_sha256_elapsed_ns,1075.0000000000
273996,13825921860754,btc_qm_engine,btc_sha256_nonce,1197096706.0000000000
273997,13825921860829,btc_qm_engine,btc_leading_zeros,1.0000000000
273998,13825921860896,btc_qm_engine,btc_sha256_elapsed_ns,729.0000000000
273999,13825921861565,btc_qm_engine,btc_leading_zeros,0.0000000000
274000,13825921861649,btc_qm_engine,btc_sha256_elapsed_ns,732.0000000000
274001,13825921861797,btc_qm_engine,btc_sha256_nonce,3170609998.0000000000
274002,13825921862085,btc_qm_engine,btc_sha256_nonce,2776298219.0000000000
274003,13825921862265,btc_qm_engine,btc_leading_zeros,0.0000000000
274004,13825921862627,btc_qm_engine,btc_sha256_nonce,3432247592.0000000000
274005,13825921862835,btc_qm_engine,btc_sha256_nonce,116539237.0000000000
274006,13825921862930,btc_qm_engine,btc_leading_zeros,0.0000000000
274007,13825921862997,btc_qm_engine,btc_sha256_elapsed_ns,926.0000000000
274008,13825921863133,btc_qm_engine,btc_sha256_nonce,2991668135.0000000000
274009,13825921863485,btc_qm_engine,btc_leading_zeros,0.0000000000
274010,13825921863754,btc_qm_engine,btc_sha256_elapsed_ns,1019.0000000000
274011,13825921863946,btc_qm_engine,btc_leading_zeros,1.0000000000
274012,13825921864043,btc_qm_engine,btc_sha256_elapsed_ns,936.0000000000
274013,13825921864353,btc_qm_engine,btc_sha256_nonce,1760100831.0000000000
274014,13825921864439,btc_qm_engine,btc_leading_zeros,1.0000000000
274015,13825921864514,btc_qm_engine,btc_sha256_elapsed_ns,1090.0000000000
274016,13825921864689,btc_qm_engine,btc_sha256_nonce,4089143667.0000000000
274017,13825921864764,btc_qm_engine,btc_leading_zeros,0.0000000000
274018,13825921864835,btc_qm_engine,btc_sha256_elapsed_ns,731.0000000000
274019,13825921865028,btc_qm_engine,btc_sha256_nonce,4241701388.0000000000
274020,13825921865299,btc_qm_engine,btc_sha256_nonce,1027197744.0000000000
274021,13825921865627,btc_qm_engine,btc_sha256_elapsed_ns,1071.0000000000
274022,13825921865768,btc_qm_engine,btc_sha256_nonce,344012180.0000000000
274023,13825921866062,btc_qm_engine,btc_sha256_nonce,3402254183.0000000000
274024,13825921866400,btc_qm_engine,btc_leading_zeros,0.0000000000
274025,13825921866500,btc_qm_engine,btc_sha256_elapsed_ns,914.0000000000
274026,13825921866648,btc_qm_engine,btc_leading_zeros,1.0000000000
274027,13825921866811,btc_qm_engine,btc_leading_zeros,3.0000000000
274028,13825921866893,btc_qm_engine,btc_sha256_elapsed_ns,952.0000000000
274029,13825921867051,btc_qm_engine,btc_leading_zeros,2.0000000000
274030,13825921867171,btc_qm_engine,btc_sha256_elapsed_ns,990.0000000000
274031,13825921867571,btc_qm_engine,btc_sha256_nonce,4208052999.0000000000
274032,13825921867713,btc_qm_engine,btc_leading_zeros,0.0000000000
274033,13825921867832,btc_qm_engine,btc_sha256_nonce,2230758351.0000000000
274034,13825921868226,btc_qm_engine,btc_sha256_nonce,2114576026.0000000000
274035,13825921868311,btc_qm_engine,btc_leading_zeros,0.0000000000
274036,13825921868366,btc_qm_engine,btc_sha256_elapsed_ns,1083.0000000000
274037,13825921868545,btc_qm_engine,btc_leading_zeros,3.0000000000
274038,13825921868809,btc_qm_engine,btc_sha256_nonce,1940944849.0000000000
274039,13825921868889,btc_qm_engine,btc_leading_zeros,2.0000000000
274040,13825921868990,btc_qm_engine,btc_sha256_elapsed_ns,801.0000000000
274041,13825921869386,btc_qm_engine,btc_leading_zeros,0.0000000000
274042,13825921869545,btc_qm_engine,btc_sha256_nonce,271129648.0000000000
274043,13825921869615,btc_qm_engine,btc_leading_zeros,1.0000000000
274044,13825921869686,btc_qm_engine,btc_sha256_elapsed_ns,976.0000000000
274045,13825921869744,btc_qm_engine,btc_sha256_elapsed_ns,984.0000000000
274046,13825921870214,btc_qm_engine,btc_sha256_nonce,4233786573.0000000000
274047,13825921870558,btc_qm_engine,btc_leading_zeros,1.0000000000
274048,13825921870649,btc_qm_engine,btc_sha256_elapsed_ns,926.0000000000
274049,13825921871025,btc_qm_engine,btc_sha256_elapsed_ns,814.0000000000
274050,13825921871350,btc_qm_engine,btc_sha256_elapsed_ns,876.0000000000
274051,13825921871584,btc_qm_engine,btc_sha256_nonce,3254777333.0000000000
274052,13825921871874,btc_qm_engine,btc_sha256_nonce,2200286505.0000000000
274053,13825921871989,btc_qm_engine,btc_leading_zeros,0.0000000000
274054,13825921872066,btc_qm_engine,btc_sha256_elapsed_ns,1085.0000000000
274055,13825921872198,btc_qm_engine,btc_leading_zeros,0.0000000000
274056,13825921872264,btc_qm_engine,btc_sha256_elapsed_ns,1107.0000000000
274057,13825921872461,btc_qm_engine,btc_sha256_nonce,3441366403.0000000000
274058,13825921872733,btc_qm_engine,btc_sha256_nonce,45587400.0000000000
274059,13825921872912,btc_qm_engine,btc_leading_zeros,0.0000000000
274060,13825921873059,btc_qm_engine,btc_sha256_nonce,1941106734.0000000000
274061,13825921873261,btc_qm_engine,btc_leading_zeros,1.0000000000
274062,13825921873521,btc_qm_engine,btc_sha256_elapsed_ns,1024.0000000000
274063,13825921873707,btc_qm_engine,btc_sha256_nonce,2056809235.0000000000
274064,13825921873793,btc_qm_engine,btc_leading_zeros,3.0000000000
274065,13825921873857,btc_qm_engine,btc_sha256_elapsed_ns,1039.0000000000
274066,13825921874373,btc_qm_engine,btc_sha256_nonce,2679978994.0000000000
274067,13825921874765,btc_qm_engine,btc_leading_zeros,0.0000000000
274068,13825921875018,btc_qm_engine,btc_sha256_nonce,3903103419.0000000000
274069,13825921875091,btc_qm_engine,btc_leading_zeros,0.0000000000
274070,13825921875342,btc_qm_engine,btc_sha256_elapsed_ns,923.0000000000
274071,13825921875511,btc_qm_engine,btc_sha256_elapsed_ns,961.0000000000
274072,13825921875692,btc_qm_engine,btc_sha256_elapsed_ns,1082.0000000000
274073,13825921876855,btc_qm_engine,btc_leading_zeros,1.0000000000
274074,13825921876982,btc_qm_engine,btc_sha256_elapsed_ns,935.0000000000
274075,13825921877784,btc_qm_engine,btc_sha256_nonce,2981593472.0000000000
274076,13825921877862,btc_qm_engine,btc_leading_zeros,1.0000000000
274077,13825921877938,btc_qm_engine,btc_sha256_elapsed_ns,1058.0000000000
274078,13825921878162,btc_qm_engine,btc_sha256_nonce,4273761727.0000000000
274079,13825921878268,btc_qm_engine,btc_leading_zeros,4.0000000000
274080,13825921878339,btc_qm_engine,btc_sha256_elapsed_ns,911.0000000000
274081,13825921878941,btc_qm_engine,btc_sha256_nonce,2735234548.0000000000
274082,13825921879012,btc_qm_engine,btc_leading_zeros,2.0000000000
274083,13825921879139,btc_qm_engine,btc_sha256_nonce,1824980786.0000000000
274084,13825921879294,btc_qm_engine,btc_sha256_nonce,1940636236.0000000000
274085,13825921879495,btc_qm_engine,btc_leading_zeros,0.0000000000
274086,13825921879643,btc_qm_engine,btc_sha256_nonce,2316630161.0000000000
274087,13825921879848,btc_qm_engine,btc_leading_zeros,0.0000000000
274088,13825921880231,btc_qm_engine,btc_sha256_elapsed_ns,1090.0000000000
274089,13825921880462,btc_qm_engine,btc_leading_zeros,3.0000000000
274090,13825921880857,btc_qm_engine,btc_sha256_elapsed_ns,1149.0000000000
274091,13825921881586,btc_qm_engine,btc_sha256_elapsed_ns,1077.0000000000
274092,13825921881855,btc_qm_engine,btc_sha256_elapsed_ns,938.0000000000
274093,13825921881994,btc_qm_engine,btc_sha256_nonce,1045803326.0000000000
274094,13825921882392,btc_qm_engine,btc_leading_zeros,0.0000000000
274095,13825921882503,btc_qm_engine,btc_sha256_nonce,1606509996.0000000000
274096,13825921883006,btc_qm_engine,btc_sha256_nonce,1659029360.0000000000
274097,13825921883168,btc_qm_engine,btc_sha256_nonce,2032616586.0000000000
274098,13825921883468,btc_qm_engine,btc_sha256_nonce,1940877413.0000000000
274099,13825921884022,btc_qm_engine,btc_sha256_elapsed_ns,788.0000000000
274100,13825921885017,btc_qm_engine,btc_leading_zeros,1.0000000000
274101,13825921885244,btc_qm_engine,btc_leading_zeros,8.0000000000
274102,13825921885353,btc_qm_engine,btc_sha256_elapsed_ns,922.0000000000
274103,13825921885561,btc_qm_engine,btc_sha256_elapsed_ns,1063.0000000000
274104,13825921886586,btc_qm_engine,btc_sha256_nonce,2154408131.0000000000
274105,13825921886787,btc_qm_engine,btc_leading_zeros,3.0000000000
274106,13825921887312,btc_qm_engine,btc_sha256_nonce,3098709512.0000000000
274107,13825921888010,btc_qm_engine,btc_leading_zeros,0.0000000000
274108,13825921888512,btc_qm_engine,btc_sha256_elapsed_ns,771.0000000000
274109,13825921888691,btc_qm_engine,btc_sha256_elapsed_ns,977.0000000000
274110,13825921888882,btc_qm_engine,btc_sha256_elapsed_ns,878.0000000000
274111,13825921889120,btc_qm_engine,btc_sha256_nonce,3061362927.0000000000
274112,13825921889462,btc_qm_engine,btc_leading_zeros,0.0000000000
274113,13825921889529,btc_qm_engine,btc_sha256_elapsed_ns,988.0000000000
274114,13825921889997,btc_qm_engine,btc_sha256_nonce,3150794928.0000000000
274115,13825921890226,btc_qm_engine,btc_sha256_nonce,3618816388.0000000000
274116,13825921890368,btc_qm_engine,btc_sha256_nonce,893046034.0000000000
274117,13825921890532,btc_qm_engine,btc_sha256_nonce,4121518416.0000000000
274118,13825921890682,btc_qm_engine,btc_leading_zeros,0.0000000000
274119,13825921890982,btc_qm_engine,btc_leading_zeros,0.0000000000
274120,13825921891466,btc_qm_engine,btc_sha256_nonce,506837754.0000000000
274121,13825921891777,btc_qm_engine,btc_leading_zeros,1.0000000000
274122,13825921892217,btc_qm_engine,btc_leading_zeros,2.0000000000
274123,13825921892292,btc_qm_engine,btc_sha256_elapsed_ns,1050.0000000000
274124,13825921892441,btc_qm_engine,btc_sha256_elapsed_ns,743.0000000000
274125,13825921892724,btc_qm_engine,btc_sha256_elapsed_ns,1073.0000000000
274126,13825921893228,btc_qm_engine,btc_leading_zeros,0.0000000000
274127,13825921893311,btc_qm_engine,btc_sha256_elapsed_ns,1027.0000000000
274128,13825921893448,btc_qm_engine,btc_sha256_elapsed_ns,1027.0000000000
274129,13825921893674,btc_qm_engine,btc_sha256_nonce,1713483859.0000000000
274130,13825921893754,btc_qm_engine,btc_leading_zeros,1.0000000000
274131,13825921893826,btc_qm_engine,btc_sha256_elapsed_ns,1000.0000000000
274132,13825921893994,btc_qm_engine,btc_sha256_nonce,1700413585.0000000000
274133,13825921894233,btc_qm_engine,btc_sha256_nonce,2180629069.0000000000
274134,13825921894316,btc_qm_engine,btc_leading_zeros,0.0000000000
274135,13825921894383,btc_qm_engine,btc_sha256_elapsed_ns,1038.0000000000
274136,13825921894612,btc_qm_engine,btc_sha256_nonce,110673606.0000000000
274137,13825921894696,btc_qm_engine,btc_leading_zeros,0.0000000000
274138,13825921894762,btc_qm_engine,btc_sha256_elapsed_ns,1029.0000000000
274139,13825921894918,btc_qm_engine,btc_sha256_nonce,1804541296.0000000000
274140,13825921895001,btc_qm_engine,btc_leading_zeros,0.0000000000
274141,13825921895066,btc_qm_engine,btc_sha256_elapsed_ns,1147.0000000000
274142,13825921895202,btc_qm_engine,btc_sha256_nonce,1087946812.0000000000
274143,13825921895282,btc_qm_engine,btc_leading_zeros,0.0000000000
274144,13825921895692,btc_qm_engine,btc_sha256_elapsed_ns,1065.0000000000
274145,13825921896043,btc_qm_engine,btc_sha256_nonce,1730618060.0000000000
274146,13825921896120,btc_qm_engine,btc_leading_zeros,0.0000000000
274147,13825921896422,btc_qm_engine,btc_leading_zeros,0.0000000000
274148,13825921896592,btc_qm_engine,btc_leading_zeros,2.0000000000
274149,13825921897015,btc_qm_engine,btc_leading_zeros,0.0000000000
274150,13825921897299,btc_qm_engine,btc_sha256_nonce,3932879937.0000000000
274151,13825921897375,btc_qm_engine,btc_leading_zeros,0.0000000000
274152,13825921897437,btc_qm_engine,btc_sha256_elapsed_ns,906.0000000000
274153,13825921897566,btc_qm_engine,btc_sha256_elapsed_ns,1086.0000000000
274154,13825921897732,btc_qm_engine,btc_sha256_nonce,3153606919.0000000000
274155,13825921898048,btc_qm_engine,btc_sha256_elapsed_ns,971.0000000000
274156,13825921898237,btc_qm_engine,btc_sha256_nonce,1086359412.0000000000
274157,13825921898404,btc_qm_engine,btc_leading_zeros,1.0000000000
274158,13825921898483,btc_qm_engine,btc_sha256_elapsed_ns,1085.0000000000
274159,13825921898588,btc_qm_engine,btc_leading_zeros,0.0000000000
274160,13825921898727,btc_qm_engine,btc_sha256_nonce,1133031818.0000000000
274161,13825921898932,btc_qm_engine,btc_sha256_nonce,1176469936.0000000000
274162,13825921899011,btc_qm_engine,btc_leading_zeros,1.0000000000
274163,13825921899067,btc_qm_engine,btc_sha256_elapsed_ns,1073.0000000000
274164,13825921899211,btc_qm_engine,btc_leading_zeros,0.0000000000
274165,13825921899558,btc_qm_engine,btc_sha256_nonce,2201105877.0000000000
274166,13825921899792,btc_qm_engine,btc_sha256_nonce,1941312310.0000000000
274167,13825921899938,btc_qm_engine,btc_sha256_elapsed_ns,1094.0000000000
274168,13825921900307,btc_qm_engine,btc_sha256_nonce,2346277334.0000000000
274169,13825921900380,btc_qm_engine,btc_leading_zeros,2.0000000000
274170,13825921900443,btc_qm_engine,btc_sha256_elapsed_ns,993.0000000000
274171,13825921900599,btc_qm_engine,btc_sha256_elapsed_ns,983.0000000000
274172,13825921901095,btc_qm_engine,btc_leading_zeros,0.0000000000
274173,13825921901444,btc_qm_engine,btc_sha256_elapsed_ns,1014.0000000000
274174,13825921901823,btc_qm_engine,btc_sha256_nonce,4123498264.0000000000
274175,13825921901917,btc_qm_engine,btc_leading_zeros,1.0000000000
274176,13825921902091,btc_qm_engine,btc_sha256_nonce,2335912268.0000000000
274177,13825921902287,btc_qm_engine,btc_sha256_nonce,2660284717.0000000000
274178,13825921902419,btc_qm_engine,btc_leading_zeros,1.0000000000
274179,13825921902669,btc_qm_engine,btc_sha256_elapsed_ns,980.0000000000
274180,13825921902838,btc_qm_engine,btc_leading_zeros,1.0000000000
274181,13825921902915,btc_qm_engine,btc_sha256_elapsed_ns,1063.0000000000
274182,13825921903599,btc_qm_engine,btc_leading_zeros,4.0000000000
274183,13825921903694,btc_qm_engine,btc_sha256_nonce,3581131231.0000000000
274184,13825921903956,btc_qm_engine,btc_sha256_elapsed_ns,1141.0000000000
274185,13825921904033,btc_qm_engine,btc_leading_zeros,1.0000000000
274186,13825921904123,btc_qm_engine,btc_sha256_elapsed_ns,1039.0000000000
274187,13825921904291,btc_qm_engine,btc_sha256_nonce,282949254.0000000000
274188,13825921904371,btc_qm_engine,btc_leading_zeros,0.0000000000
274189,13825921904438,btc_qm_engine,btc_sha256_elapsed_ns,1126.0000000000
274190,13825921904762,btc_qm_engine,btc_sha256_nonce,17237110.0000000000
274191,13825921904845,btc_qm_engine,btc_leading_zeros,0.0000000000
274192,13825921905244,btc_qm_engine,btc_sha256_elapsed_ns,1056.0000000000
274193,13825921905487,btc_qm_engine,btc_sha256_elapsed_ns,1035.0000000000
274194,13825921905831,btc_qm_engine,btc_sha256_elapsed_ns,1050.0000000000
274195,13825921906522,btc_qm_engine,btc_sha256_nonce,2523054100.0000000000
274196,13825921907203,btc_qm_engine,btc_sha256_nonce,1284831344.0000000000
274197,13825921907342,btc_qm_engine,btc_leading_zeros,0.0000000000
274198,13825921907424,btc_qm_engine,btc_sha256_elapsed_ns,918.0000000000
274199,13825921907548,btc_qm_engine,btc_leading_zeros,0.0000000000
274200,13825921907620,btc_qm_engine,btc_sha256_elapsed_ns,928.0000000000
274201,13825921908126,btc_qm_engine,btc_sha256_elapsed_ns,1036.0000000000
274202,13825921908731,btc_qm_engine,btc_sha256_nonce,2242219157.0000000000
274203,13825921909120,btc_qm_engine,btc_leading_zeros,1.0000000000
274204,13825921909213,btc_qm_engine,btc_sha256_elapsed_ns,1033.0000000000
274205,13825921909423,btc_qm_engine,btc_sha256_elapsed_ns,1115.0000000000
274206,13825921909677,btc_qm_engine,btc_sha256_nonce,2224477723.0000000000
274207,13825921909844,btc_qm_engine,btc_sha256_nonce,4045395196.0000000000
274208,13825921909922,btc_qm_engine,btc_leading_zeros,3.0000000000
274209,13825921910055,btc_qm_engine,btc_sha256_nonce,3578872851.0000000000
274210,13825921910265,btc_qm_engine,btc_sha256_nonce,4109694877.0000000000
274211,13825921910521,btc_qm_engine,btc_leading_zeros,0.0000000000
274212,13825921910597,btc_qm_engine,btc_sha256_elapsed_ns,963.0000000000
274213,13825921910952,btc_qm_engine,btc_sha256_nonce,744750921.0000000000
274214,13825921911068,btc_qm_engine,btc_sha256_nonce,4271971850.0000000000
274215,13825921911149,btc_qm_engine,btc_sha256_elapsed_ns,1092.0000000000
274216,13825921911416,btc_qm_engine,btc_leading_zeros,0.0000000000
274217,13825921911536,btc_qm_engine,btc_leading_zeros,0.0000000000
274218,13825921911979,btc_qm_engine,btc_sha256_nonce,4122085987.0000000000
274219,13825921912091,btc_qm_engine,btc_sha256_elapsed_ns,1096.0000000000
274220,13825921912314,btc_qm_engine,btc_sha256_nonce,2455128479.0000000000
274221,13825921912477,btc_qm_engine,btc_leading_zeros,1.0000000000
274222,13825921912734,btc_qm_engine,btc_leading_zeros,0.0000000000
274223,13825921913249,btc_qm_engine,btc_leading_zeros,0.0000000000
274224,13825921913601,btc_qm_engine,btc_sha256_nonce,1943826770.0000000000
274225,13825921913722,btc_qm_engine,btc_sha256_nonce,77504011.0000000000
274226,13825921913927,btc_qm_engine,btc_sha256_elapsed_ns,1101.0000000000
274227,13825921914614,btc_qm_engine,btc_sha256_elapsed_ns,1033.0000000000
274228,13825921914960,btc_qm_engine,btc_leading_zeros,1.0000000000
274229,13825921915070,btc_qm_engine,btc_leading_zeros,0.0000000000
274230,13825921915231,btc_qm_engine,btc_sha256_elapsed_ns,901.0000000000
274231,13825921915693,btc_qm_engine,btc_sha256_elapsed_ns,943.0000000000
274232,13825921915914,btc_qm_engine,btc_sha256_nonce,924003268.0000000000
274233,13825921916005,btc_qm_engine,btc_leading_zeros,1.0000000000
274234,13825921916072,btc_qm_engine,btc_sha256_elapsed_ns,997.0000000000
274235,13825921916255,btc_qm_engine,btc_sha256_nonce,2687122176.0000000000
274236,13825921916333,btc_qm_engine,btc_leading_zeros,1.0000000000
274237,13825921916479,btc_qm_engine,btc_sha256_elapsed_ns,1025.0000000000
274238,13825921917027,btc_qm_engine,btc_sha256_nonce,2153819789.0000000000
274239,13825921917370,btc_qm_engine,btc_sha256_nonce,981199530.0000000000
274240,13825921917481,btc_qm_engine,btc_leading_zeros,1.0000000000
274241,13825921917678,btc_qm_engine,btc_leading_zeros,4.0000000000
274242,13825921917969,btc_qm_engine,btc_sha256_nonce,3414476553.0000000000
274243,13825921918187,btc_qm_engine,btc_sha256_elapsed_ns,1027.0000000000
274244,13825921918877,btc_qm_engine,btc_sha256_elapsed_ns,1065.0000000000
274245,13825921919017,btc_qm_engine,btc_sha256_nonce,2587933694.0000000000
274246,13825921919336,btc_qm_engine,btc_leading_zeros,1.0000000000
274247,13825921919410,btc_qm_engine,btc_sha256_elapsed_ns,1085.0000000000
274248,13825921920356,btc_qm_engine,btc_leading_zeros,0.0000000000
274249,13825921920437,btc_qm_engine,btc_sha256_elapsed_ns,923.0000000000
274250,13825921920684,btc_qm_engine,btc_sha256_nonce,2611500496.0000000000
274251,13825921921044,btc_qm_engine,btc_leading_zeros,3.0000000000
274252,13825921921104,btc_qm_engine,btc_sha256_elapsed_ns,1109.0000000000
274253,13825921921352,btc_qm_engine,btc_sha256_elapsed_ns,954.0000000000
274254,13825921921638,btc_qm_engine,btc_sha256_nonce,3942016862.0000000000
274255,13825921921731,btc_qm_engine,btc_leading_zeros,0.0000000000
274256,13825921921792,btc_qm_engine,btc_sha256_elapsed_ns,944.0000000000
274257,13825921922327,btc_qm_engine,btc_sha256_nonce,562479961.0000000000
274258,13825921922402,btc_qm_engine,btc_leading_zeros,0.0000000000
274259,13825921922522,btc_qm_engine,btc_sha256_nonce,1147550793.0000000000
274260,13825921922799,btc_qm_engine,btc_sha256_nonce,3594248884.0000000000
274261,13825921922896,btc_qm_engine,btc_sha256_elapsed_ns,1094.0000000000
274262,13825921923081,btc_qm_engine,btc_leading_zeros,0.0000000000
274263,13825921923619,btc_qm_engine,btc_sha256_nonce,830301096.0000000000
274264,13825921923946,btc_qm_engine,btc_sha256_nonce,1944353576.0000000000
274265,13825921924108,btc_qm_engine,btc_sha256_elapsed_ns,918.0000000000
274266,13825921924224,btc_qm_engine,btc_leading_zeros,0.0000000000
274267,13825921924392,btc_qm_engine,btc_leading_zeros,1.0000000000
274268,13825921924482,btc_qm_engine,btc_leading_zeros,0.0000000000
274269,13825921924679,btc_qm_engine,btc_sha256_elapsed_ns,1126.0000000000
274270,13825921924822,btc_qm_engine,btc_sha256_elapsed_ns,980.0000000000
274271,13825921925619,btc_qm_engine,btc_sha256_nonce,4153282722.0000000000
274272,13825921925783,btc_qm_engine,btc_sha256_nonce,3267472777.0000000000
274273,13825921925852,btc_qm_engine,btc_leading_zeros,0.0000000000
274274,13825921925909,btc_qm_engine,btc_sha256_elapsed_ns,1032.0000000000
274275,13825921926122,btc_qm_engine,btc_leading_zeros,2.0000000000
274276,13825921926321,btc_qm_engine,btc_leading_zeros,1.0000000000
274277,13825921926562,btc_qm_engine,btc_sha256_elapsed_ns,973.0000000000
274278,13825921926697,btc_qm_engine,btc_sha256_elapsed_ns,1110.0000000000
274279,13825921926801,btc_qm_engine,btc_sha256_nonce,74092617.0000000000
274280,13825921926877,btc_qm_engine,btc_leading_zeros,0.0000000000
274281,13825921926951,btc_qm_engine,btc_sha256_elapsed_ns,973.0000000000
274282,13825921927278,btc_qm_engine,btc_sha256_nonce,1943507799.0000000000
274283,13825921927355,btc_qm_engine,btc_leading_zeros,0.0000000000
274284,13825921927426,btc_qm_engine,btc_sha256_elapsed_ns,1114.0000000000
274285,13825921927532,btc_qm_engine,btc_sha256_nonce,2697456139.0000000000
274286,13825921927608,btc_qm_engine,btc_leading_zeros,0.0000000000
274287,13825921927662,btc_qm_engine,btc_sha256_elapsed_ns,739.0000000000
274288,13825921928092,btc_qm_engine,btc_sha256_nonce,454716341.0000000000
274289,13825921928166,btc_qm_engine,btc_leading_zeros,0.0000000000
274290,13825921928237,btc_qm_engine,btc_sha256_elapsed_ns,1106.0000000000
274291,13825921928310,btc_qm_engine,btc_sha256_nonce,1531108672.0000000000
274292,13825921928633,btc_qm_engine,btc_leading_zeros,2.0000000000
274293,13825921928851,btc_qm_engine,btc_sha256_elapsed_ns,1110.0000000000
274294,13825921928997,btc_qm_engine,btc_sha256_nonce,3058542545.0000000000
274295,13825921929072,btc_qm_engine,btc_leading_zeros,1.0000000000
274296,13825921929151,btc_qm_engine,btc_sha256_elapsed_ns,1086.0000000000
274297,13825921929463,btc_qm_engine,btc_sha256_nonce,3644728439.0000000000
274298,13825921929644,btc_qm_engine,btc_sha256_nonce,2200510547.0000000000
274299,13825921929926,btc_qm_engine,btc_sha256_nonce,27644550.0000000000
274300,13825921930266,btc_qm_engine,btc_leading_zeros,3.0000000000
274301,13825921930569,btc_qm_engine,btc_sha256_nonce,2844461086.0000000000
274302,13825921930645,btc_qm_engine,btc_leading_zeros,0.0000000000
274303,13825921930769,btc_qm_engine,btc_sha256_elapsed_ns,952.0000000000
274304,13825921930914,btc_qm_engine,btc_sha256_nonce,16242358.0000000000
274305,13825921931256,btc_qm_engine,btc_sha256_elapsed_ns,1087.0000000000
274306,13825921931446,btc_qm_engine,btc_leading_zeros,2.0000000000
274307,13825921931561,btc_qm_engine,btc_sha256_elapsed_ns,1040.0000000000
274308,13825921931846,btc_qm_engine,btc_leading_zeros,0.0000000000
274309,13825921932089,btc_qm_engine,btc_sha256_nonce,3350229437.0000000000
274310,13825921932165,btc_qm_engine,btc_leading_zeros,1.0000000000
274311,13825921932234,btc_qm_engine,btc_sha256_elapsed_ns,1037.0000000000
274312,13825921932403,btc_qm_engine,btc_sha256_elapsed_ns,951.0000000000
274313,13825921932833,btc_qm_engine,btc_sha256_elapsed_ns,888.0000000000
274314,13825921933057,btc_qm_engine,btc_sha256_nonce,1938018676.0000000000
274315,13825921933387,btc_qm_engine,btc_sha256_nonce,2813928756.0000000000
274316,13825921933602,btc_qm_engine,btc_leading_zeros,0.0000000000
274317,13825921934033,btc_qm_engine,btc_leading_zeros,0.0000000000
274318,13825921934509,btc_qm_engine,btc_sha256_elapsed_ns,989.0000000000
274319,13825921934809,btc_qm_engine,btc_sha256_elapsed_ns,731.0000000000
274320,13825921934973,btc_qm_engine,btc_sha256_elapsed_ns,1105.0000000000
274321,13825921935568,btc_qm_engine,btc_sha256_nonce,497436333.0000000000
274322,13825921936007,btc_qm_engine,btc_leading_zeros,3.0000000000
274323,13825921936073,btc_qm_engine,btc_sha256_elapsed_ns,1033.0000000000
274324,13825921936693,btc_qm_engine,btc_leading_zeros,1.0000000000
274325,13825921937288,btc_qm_engine,btc_sha256_nonce,2201457257.0000000000
274326,13825921937438,btc_qm_engine,btc_sha256_elapsed_ns,950.0000000000
274327,13825921937830,btc_qm_engine,btc_sha256_nonce,2361724618.0000000000
274328,13825921938001,btc_qm_engine,btc_leading_zeros,0.0000000000
274329,13825921938074,btc_qm_engine,btc_sha256_elapsed_ns,955.0000000000
274330,13825921938331,btc_qm_engine,btc_leading_zeros,4.0000000000
274331,13825921938671,btc_qm_engine,btc_sha256_elapsed_ns,1048.0000000000
274332,13825921938877,btc_qm_engine,btc_sha256_nonce,2397387154.0000000000
274333,13825921939313,btc_qm_engine,btc_sha256_nonce,1347665710.0000000000
274334,13825921939489,btc_qm_engine,btc_sha256_nonce,3666017830.0000000000
274335,13825921939678,btc_qm_engine,btc_leading_zeros,0.0000000000
274336,13825921939754,btc_qm_engine,btc_sha256_elapsed_ns,828.0000000000
274337,13825921939985,btc_qm_engine,btc_leading_zeros,0.0000000000
274338,13825921940393,btc_qm_engine,btc_sha256_nonce,1977141282.0000000000
274339,13825921940765,btc_qm_engine,btc_sha256_elapsed_ns,1097.0000000000
274340,13825921940904,btc_qm_engine,btc_sha256_nonce,1665848187.0000000000
274341,13825921941044,btc_qm_engine,btc_leading_zeros,0.0000000000
274342,13825921941325,btc_qm_engine,btc_leading_zeros,2.0000000000
274343,13825921941436,btc_qm_engine,btc_sha256_nonce,344728089.0000000000
274344,13825921941752,btc_qm_engine,btc_sha256_elapsed_ns,1111.0000000000
274345,13825921941998,btc_qm_engine,btc_sha256_nonce,1771807375.0000000000
274346,13825921942076,btc_qm_engine,btc_leading_zeros,2.0000000000
274347,13825921942435,btc_qm_engine,btc_sha256_elapsed_ns,997.0000000000
274348,13825921942793,btc_qm_engine,btc_sha256_elapsed_ns,1053.0000000000
274349,13825921942983,btc_qm_engine,btc_sha256_nonce,3996419245.0000000000
274350,13825921943056,btc_qm_engine,btc_leading_zeros,0.0000000000
274351,13825921943108,btc_qm_engine,btc_sha256_elapsed_ns,726.0000000000
274352,13825921943643,btc_qm_engine,btc_sha256_nonce,119867715.0000000000
274353,13825921943956,btc_qm_engine,btc_leading_zeros,0.0000000000
274354,13825921944214,btc_qm_engine,btc_leading_zeros,2.0000000000
274355,13825921944406,btc_qm_engine,btc_sha256_nonce,1837293350.0000000000
274356,13825921944566,btc_qm_engine,btc_sha256_nonce,16966081.0000000000
274357,13825921944705,btc_qm_engine,btc_leading_zeros,0.0000000000
274358,13825921945117,btc_qm_engine,btc_leading_zeros,3.0000000000
274359,13825921945389,btc_qm_engine,btc_sha256_elapsed_ns,1096.0000000000
274360,13825921945479,btc_qm_engine,btc_sha256_nonce,2728132560.0000000000
274361,13825921945572,btc_qm_engine,btc_leading_zeros,4.0000000000
274362,13825921945679,btc_qm_engine,btc_sha256_elapsed_ns,1107.0000000000
274363,13825921945840,btc_qm_engine,btc_sha256_elapsed_ns,903.0000000000
274364,13825921946054,btc_qm_engine,btc_sha256_elapsed_ns,976.0000000000
274365,13825921946626,btc_qm_engine,btc_leading_zeros,4.0000000000
274366,13825921946764,btc_qm_engine,btc_sha256_nonce,1401516342.0000000000
274367,13825921946846,btc_qm_engine,btc_leading_zeros,0.0000000000
274368,13825921946914,btc_qm_engine,btc_sha256_elapsed_ns,1062.0000000000
274369,13825921947054,btc_qm_engine,btc_sha256_elapsed_ns,965.0000000000
274370,13825921947137,btc_qm_engine,btc_sha256_nonce,1096376510.0000000000
274371,13825921947224,btc_qm_engine,btc_leading_zeros,2.0000000000
274372,13825921947295,btc_qm_engine,btc_sha256_elapsed_ns,907.0000000000
274373,13825921947720,btc_qm_engine,btc_sha256_nonce,3680409022.0000000000
274374,13825921947805,btc_qm_engine,btc_leading_zeros,0.0000000000
274375,13825921947862,btc_qm_engine,btc_sha256_elapsed_ns,867.0000000000
274376,13825921948242,btc_qm_engine,btc_sha256_nonce,1224606344.0000000000
274377,13825921948326,btc_qm_engine,btc_leading_zeros,3.0000000000
274378,13825921948422,btc_qm_engine,btc_sha256_elapsed_ns,1080.0000000000
274379,13825921948655,btc_qm_engine,btc_sha256_nonce,1224373828.0000000000
274380,13825921948752,btc_qm_engine,btc_leading_zeros,0.0000000000
274381,13825921948821,btc_qm_engine,btc_sha256_elapsed_ns,1095.0000000000
274382,13825921949223,btc_qm_engine,btc_sha256_nonce,1531838706.0000000000
274383,13825921949483,btc_qm_engine,btc_sha256_nonce,935860801.0000000000
274384,13825921950028,btc_qm_engine,btc_sha256_nonce,1941014710.0000000000
274385,13825921950091,btc_qm_engine,btc_leading_zeros,0.0000000000
274386,13825921950205,btc_qm_engine,btc_sha256_elapsed_ns,949.0000000000
274387,13825921950311,btc_qm_engine,btc_sha256_nonce,3212027023.0000000000
274388,13825921950385,btc_qm_engine,btc_leading_zeros,0.0000000000
274389,13825921950450,btc_qm_engine,btc_sha256_elapsed_ns,846.0000000000
274390,13825921950613,btc_qm_engine,btc_sha256_elapsed_ns,938.0000000000
274391,13825921950821,btc_qm_engine,btc_leading_zeros,0.0000000000
274392,13825921951062,btc_qm_engine,btc_sha256_nonce,2090701413.0000000000
274393,13825921951233,btc_qm_engine,btc_sha256_elapsed_ns,995.0000000000
274394,13825921951435,btc_qm_engine,btc_sha256_nonce,1605842151.0000000000
274395,13825921951670,btc_qm_engine,btc_leading_zeros,0.0000000000
274396,13825921951926,btc_qm_engine,btc_sha256_nonce,57042480.0000000000
274397,13825921952138,btc_qm_engine,btc_sha256_nonce,3475316268.0000000000
274398,13825921952248,btc_qm_engine,btc_sha256_elapsed_ns,1085.0000000000
274399,13825921952526,btc_qm_engine,btc_sha256_nonce,3868987649.0000000000
274400,13825921952675,btc_qm_engine,btc_leading_zeros,0.0000000000
274401,13825921953018,btc_qm_engine,btc_leading_zeros,4.0000000000
274402,13825921953451,btc_qm_engine,btc_sha256_elapsed_ns,1098.0000000000
274403,13825921953660,btc_qm_engine,btc_leading_zeros,0.0000000000
274404,13825921953985,btc_qm_engine,btc_sha256_elapsed_ns,1053.0000000000
274405,13825921954216,btc_qm_engine,btc_sha256_elapsed_ns,741.0000000000
274406,13825921954591,btc_qm_engine,btc_sha256_nonce,2200975700.0000000000
274407,13825921955151,btc_qm_engine,btc_leading_zeros,0.0000000000
274408,13825921955308,btc_qm_engine,btc_sha256_nonce,700487601.0000000000
274409,13825921955383,btc_qm_engine,btc_leading_zeros,1.0000000000
274410,13825921955461,btc_qm_engine,btc_sha256_elapsed_ns,885.0000000000
274411,13825921955752,btc_qm_engine,btc_sha256_nonce,3471287379.0000000000
274412,13825921955925,btc_qm_engine,btc_sha256_elapsed_ns,1034.0000000000
274413,13825921956288,btc_qm_engine,btc_sha256_nonce,2200664113.0000000000
274414,13825921956465,btc_qm_engine,btc_leading_zeros,1.0000000000
274415,13825921956793,btc_qm_engine,btc_sha256_nonce,2746635499.0000000000
274416,13825921957199,btc_qm_engine,btc_sha256_nonce,1133909809.0000000000
274417,13825921957270,btc_qm_engine,btc_leading_zeros,0.0000000000
274418,13825921957398,btc_qm_engine,btc_leading_zeros,0.0000000000
274419,13825921957826,btc_qm_engine,btc_leading_zeros,1.0000000000
274420,13825921958107,btc_qm_engine,btc_sha256_elapsed_ns,1008.0000000000
274421,13825921958338,btc_qm_engine,btc_sha256_elapsed_ns,869.0000000000
274422,13825921958561,btc_qm_engine,btc_sha256_elapsed_ns,1064.0000000000
274423,13825921959473,btc_qm_engine,btc_sha256_nonce,306751918.0000000000
274424,13825921959544,btc_qm_engine,btc_leading_zeros,2.0000000000
274425,13825921959616,btc_qm_engine,btc_sha256_elapsed_ns,1063.0000000000
274426,13825921959870,btc_qm_engine,btc_sha256_elapsed_ns,1073.0000000000
274427,13825921960127,btc_qm_engine,btc_sha256_nonce,2390915271.0000000000
274428,13825921960194,btc_qm_engine,btc_leading_zeros,0.0000000000
274429,13825921960268,btc_qm_engine,btc_sha256_elapsed_ns,905.0000000000
274430,13825921960593,btc_qm_engine,btc_sha256_nonce,1749060159.0000000000
274431,13825921960889,btc_qm_engine,btc_sha256_nonce,213122843.0000000000
274432,13825921960964,btc_qm_engine,btc_leading_zeros,0.0000000000
274433,13825921961248,btc_qm_engine,btc_sha256_nonce,744847665.0000000000
274434,13825921961331,btc_qm_engine,btc_leading_zeros,0.0000000000
274435,13825921961406,btc_qm_engine,btc_sha256_elapsed_ns,1110.0000000000
274436,13825921961563,btc_qm_engine,btc_sha256_nonce,4084857645.0000000000
274437,13825921961728,btc_qm_engine,btc_sha256_elapsed_ns,1026.0000000000
274438,13825921961934,btc_qm_engine,btc_sha256_nonce,3169376036.0000000000
274439,13825921962013,btc_qm_engine,btc_leading_zeros,0.0000000000
274440,13825921962201,btc_qm_engine,btc_leading_zeros,1.0000000000
274441,13825921962277,btc_qm_engine,btc_sha256_elapsed_ns,1091.0000000000
274442,13825921962447,btc_qm_engine,btc_leading_zeros,0.0000000000
274443,13825921962697,btc_qm_engine,btc_leading_zeros,1.0000000000
274444,13825921962921,btc_qm_engine,btc_sha256_elapsed_ns,942.0000000000
274445,13825921963468,btc_qm_engine,btc_sha256_nonce,3070263708.0000000000
274446,13825921963552,btc_qm_engine,btc_leading_zeros,1.0000000000
274447,13825921963616,btc_qm_engine,btc_sha256_elapsed_ns,949.0000000000
274448,13825921963954,btc_qm_engine,btc_leading_zeros,0.0000000000
274449,13825921964313,btc_qm_engine,btc_sha256_nonce,39776025.0000000000
274450,13825921964449,btc_qm_engine,btc_sha256_elapsed_ns,814.0000000000
274451,13825921964666,btc_qm_engine,btc_leading_zeros,1.0000000000
274452,13825921964737,btc_qm_engine,btc_sha256_elapsed_ns,987.0000000000
274453,13825921964940,btc_qm_engine,btc_sha256_nonce,4139771536.0000000000
274454,13825921965207,btc_qm_engine,btc_leading_zeros,0.0000000000
274455,13825921965350,btc_qm_engine,btc_sha256_nonce,2194494967.0000000000
274456,13825921965564,btc_qm_engine,btc_sha256_nonce,3965003823.0000000000
274457,13825921965648,btc_qm_engine,btc_leading_zeros,0.0000000000
274458,13825921965796,btc_qm_engine,btc_sha256_elapsed_ns,1060.0000000000
274459,13825921965938,btc_qm_engine,btc_sha256_nonce,946039854.0000000000
274460,13825921966015,btc_qm_engine,btc_leading_zeros,2.0000000000
274461,13825921966160,btc_qm_engine,btc_sha256_elapsed_ns,806.0000000000
274462,13825921966261,btc_qm_engine,btc_leading_zeros,1.0000000000
274463,13825921966406,btc_qm_engine,btc_sha256_elapsed_ns,923.0000000000
274464,13825921966503,btc_qm_engine,btc_sha256_elapsed_ns,1087.0000000000
274465,13825921966668,btc_qm_engine,btc_sha256_elapsed_ns,988.0000000000
274466,13825921967133,btc_qm_engine,btc_sha256_nonce,3482361516.0000000000
274467,13825921967238,btc_qm_engine,btc_leading_zeros,3.0000000000
274468,13825921967294,btc_qm_engine,btc_sha256_elapsed_ns,744.0000000000
274469,13825921967404,btc_qm_engine,btc_sha256_nonce,1982876775.0000000000
274470,13825921967479,btc_qm_engine,btc_leading_zeros,0.0000000000
274471,13825921967553,btc_qm_engine,btc_sha256_elapsed_ns,1053.0000000000
274472,13825921967830,btc_qm_engine,btc_sha256_nonce,2214116916.0000000000
274473,13825921968000,btc_qm_engine,btc_leading_zeros,0.0000000000
274474,13825921968402,btc_qm_engine,btc_sha256_nonce,2837000184.0000000000
274475,13825921968476,btc_qm_engine,btc_leading_zeros,1.0000000000
274476,13825921968539,btc_qm_engine,btc_sha256_elapsed_ns,863.0000000000
274477,13825921968704,btc_qm_engine,btc_sha256_nonce,1941276886.0000000000
274478,13825921968843,btc_qm_engine,btc_sha256_nonce,4222056674.0000000000
274479,13825921969250,btc_qm_engine,btc_sha256_nonce,3013886777.0000000000
274480,13825921969531,btc_qm_engine,btc_sha256_nonce,1924434336.0000000000
274481,13825921969613,btc_qm_engine,btc_leading_zeros,0.0000000000
274482,13825921969669,btc_qm_engine,btc_sha256_elapsed_ns,779.0000000000
274483,13825921970394,btc_qm_engine,btc_leading_zeros,0.0000000000
274484,13825921970894,btc_qm_engine,btc_sha256_elapsed_ns,1026.0000000000
274485,13825921971034,btc_qm_engine,btc_sha256_elapsed_ns,1089.0000000000
274486,13825921971444,btc_qm_engine,btc_leading_zeros,0.0000000000
274487,13825921971565,btc_qm_engine,btc_sha256_nonce,2480375650.0000000000
274488,13825921971644,btc_qm_engine,btc_leading_zeros,2.0000000000
274489,13825921971699,btc_qm_engine,btc_sha256_elapsed_ns,814.0000000000
274490,13825921971813,btc_qm_engine,btc_sha256_elapsed_ns,913.0000000000
274491,13825921972258,btc_qm_engine,btc_sha256_nonce,387990933.0000000000
274492,13825921972606,btc_qm_engine,btc_leading_zeros,3.0000000000
274493,13825921972806,btc_qm_engine,btc_sha256_nonce,813580429.0000000000
274494,13825921972888,btc_qm_engine,btc_leading_zeros,2.0000000000
274495,13825921973122,btc_qm_engine,btc_sha256_nonce,3298631251.0000000000
274496,13825921973239,btc_qm_engine,btc_sha256_elapsed_ns,828.0000000000
274497,13825921973417,btc_qm_engine,btc_sha256_elapsed_ns,799.0000000000
274498,13825921973553,btc_qm_engine,btc_leading_zeros,1.0000000000
274499,13825921973630,btc_qm_engine,btc_sha256_elapsed_ns,1070.0000000000
274500,13825921973928,btc_qm_engine,btc_leading_zeros,0.0000000000
274501,13825921974364,btc_qm_engine,btc_sha256_elapsed_ns,1098.0000000000
274502,13825921974485,btc_qm_engine,btc_sha256_nonce,2247373918.0000000000
274503,13825921974873,btc_qm_engine,btc_leading_zeros,2.0000000000
274504,13825921975315,btc_qm_engine,btc_sha256_elapsed_ns,1091.0000000000
274505,13825921975628,btc_qm_engine,btc_sha256_nonce,1312219854.0000000000
274506,13825921975711,btc_qm_engine,btc_leading_zeros,1.0000000000
274507,13825921975783,btc_qm_engine,btc_sha256_elapsed_ns,1000.0000000000
274508,13825921976349,btc_qm_engine,btc_sha256_nonce,3022182652.0000000000
274509,13825921976724,btc_qm_engine,btc_sha256_nonce,584254898.0000000000
274510,13825921976889,btc_qm_engine,btc_leading_zeros,0.0000000000
274511,13825921977260,btc_qm_engine,btc_sha256_elapsed_ns,976.0000000000
274512,13825921977393,btc_qm_engine,btc_leading_zeros,1.0000000000
274513,13825921977523,btc_qm_engine,btc_sha256_elapsed_ns,1033.0000000000
274514,13825921977828,btc_qm_engine,btc_sha256_elapsed_ns,738.0000000000
274515,13825921978488,btc_qm_engine,btc_sha256_nonce,2201901498.0000000000
274516,13825921978741,btc_qm_engine,btc_leading_zeros,0.0000000000
274517,13825921979107,btc_qm_engine,btc_sha256_nonce,247481959.0000000000
274518,13825921979337,btc_qm_engine,btc_sha256_nonce,2255414089.0000000000
274519,13825921979511,btc_qm_engine,btc_sha256_elapsed_ns,886.0000000000
274520,13825921979799,btc_qm_engine,btc_sha256_nonce,1829821644.0000000000
274521,13825921979964,btc_qm_engine,btc_leading_zeros,1.0000000000
274522,13825921980134,btc_qm_engine,btc_leading_zeros,0.0000000000
274523,13825921980779,btc_qm_engine,btc_sha256_elapsed_ns,1041.0000000000
274524,13825921980856,btc_qm_engine,btc_sha256_nonce,1047202849.0000000000
274525,13825921981250,btc_qm_engine,btc_leading_zeros,2.0000000000
274526,13825921981324,btc_qm_engine,btc_sha256_nonce,3708411206.0000000000
274527,13825921981541,btc_qm_engine,btc_sha256_nonce,3503527118.0000000000
274528,13825921981709,btc_qm_engine,btc_leading_zeros,0.0000000000
274529,13825921981777,btc_qm_engine,btc_sha256_elapsed_ns,890.0000000000
274530,13825921982049,btc_qm_engine,btc_sha256_elapsed_ns,1069.0000000000
274531,13825921982335,btc_qm_engine,btc_sha256_elapsed_ns,974.0000000000
274532,13825921982592,btc_qm_engine,btc_sha256_nonce,621572009.0000000000
274533,13825921982785,btc_qm_engine,btc_leading_zeros,1.0000000000
274534,13825921983067,btc_qm_engine,btc_leading_zeros,1.0000000000
274535,13825921983489,btc_qm_engine,btc_sha256_nonce,3180013762.0000000000
274536,13825921983629,btc_qm_engine,btc_sha256_nonce,2740980189.0000000000
274537,13825921983945,btc_qm_engine,btc_leading_zeros,0.0000000000
274538,13825921984414,btc_qm_engine,btc_sha256_nonce,2216510614.0000000000
274539,13825921985077,btc_qm_engine,btc_leading_zeros,0.0000000000
274540,13825921985252,btc_qm_engine,btc_leading_zeros,0.0000000000
274541,13825921985306,btc_qm_engine,btc_sha256_elapsed_ns,876.0000000000
274542,13825921985538,btc_qm_engine,btc_leading_zeros,1.0000000000
274543,13825921985718,btc_qm_engine,btc_sha256_nonce,1281380121.0000000000
274544,13825921986085,btc_qm_engine,btc_sha256_elapsed_ns,1022.0000000000
274545,13825921986197,btc_qm_engine,btc_sha256_elapsed_ns,847.0000000000
274546,13825921986342,btc_qm_engine,btc_leading_zeros,2.0000000000
274547,13825921986482,btc_qm_engine,btc_sha256_nonce,1943534840.0000000000
274548,13825921986572,btc_qm_engine,btc_sha256_elapsed_ns,1087.0000000000
274549,13825921986716,btc_qm_engine,btc_sha256_elapsed_ns,1063.0000000000
274550,13825921986996,btc_qm_engine,btc_leading_zeros,0.0000000000
274551,13825921987286,btc_qm_engine,btc_sha256_elapsed_ns,1050.0000000000
274552,13825921987435,btc_qm_engine,btc_sha256_elapsed_ns,954.0000000000
274553,13825921987605,btc_qm_engine,btc_sha256_nonce,1200011413.0000000000
274554,13825921987942,btc_qm_engine,btc_sha256_nonce,866776276.0000000000
274555,13825921988014,btc_qm_engine,btc_leading_zeros,0.0000000000
274556,13825921988070,btc_qm_engine,btc_sha256_elapsed_ns,939.0000000000
274557,13825921988167,btc_qm_engine,btc_leading_zeros,4.0000000000
274558,13825921988520,btc_qm_engine,btc_sha256_elapsed_ns,985.0000000000
274559,13825921988730,btc_qm_engine,btc_sha256_nonce,1941424143.0000000000
274560,13825921989079,btc_qm_engine,btc_sha256_nonce,1377259813.0000000000
274561,13825921989157,btc_qm_engine,btc_leading_zeros,0.0000000000
274562,13825921989287,btc_qm_engine,btc_sha256_nonce,3711736665.0000000000
274563,13825921989526,btc_qm_engine,btc_sha256_nonce,3460195269.0000000000
274564,13825921989874,btc_qm_engine,btc_sha256_elapsed_ns,1100.0000000000
274565,13825921990648,btc_qm_engine,btc_leading_zeros,1.0000000000
274566,13825921990768,btc_qm_engine,btc_leading_zeros,2.0000000000
274567,13825921991027,btc_qm_engine,btc_sha256_elapsed_ns,739.0000000000
274568,13825921991159,btc_qm_engine,btc_sha256_elapsed_ns,933.0000000000
274569,13825921991367,btc_qm_engine,btc_sha256_nonce,1605622535.0000000000
274570,13825921991441,btc_qm_engine,btc_leading_zeros,2.0000000000
274571,13825921991514,btc_qm_engine,btc_sha256_elapsed_ns,980.0000000000
274572,13825921992336,btc_qm_engine,btc_sha256_nonce,85463646.0000000000
274573,13825921992408,btc_qm_engine,btc_leading_zeros,4.0000000000
274574,13825921992566,btc_qm_engine,btc_sha256_elapsed_ns,1090.0000000000
274575,13825921992799,btc_qm_engine,btc_sha256_nonce,2981411127.0000000000
274576,13825921992901,btc_qm_engine,btc_leading_zeros,2.0000000000
274577,13825921993449,btc_qm_engine,btc_sha256_nonce,3913654863.0000000000
274578,13825921993687,btc_qm_engine,btc_sha256_nonce,1941359847.0000000000
274579,13825921993781,btc_qm_engine,btc_leading_zeros,0.0000000000
274580,13825921993904,btc_qm_engine,btc_leading_zeros,1.0000000000
274581,13825921994488,btc_qm_engine,btc_sha256_nonce,60092404.0000000000
274582,13825921994993,btc_qm_engine,btc_sha256_elapsed_ns,1096.0000000000
274583,13825921995146,btc_qm_engine,btc_leading_zeros,2.0000000000
274584,13825921995580,btc_qm_engine,btc_sha256_elapsed_ns,1120.0000000000
274585,13825921995701,btc_qm_engine,btc_leading_zeros,1.0000000000
274586,13825921996067,btc_qm_engine,btc_sha256_elapsed_ns,1043.0000000000
274587,13825921996248,btc_qm_engine,btc_sha256_elapsed_ns,1071.0000000000
274588,13825921996493,btc_qm_engine,btc_sha256_nonce,15687550.0000000000
274589,13825921996569,btc_qm_engine,btc_leading_zeros,0.0000000000
274590,13825921996642,btc_qm_engine,btc_sha256_elapsed_ns,1018.0000000000
274591,13825921997021,btc_qm_engine,btc_sha256_elapsed_ns,823.0000000000
274592,13825921997427,btc_qm_engine,btc_sha256_nonce,2911460394.0000000000
274593,13825921997571,btc_qm_engine,btc_sha256_nonce,2285572253.0000000000
274594,13825921997726,btc_qm_engine,btc_sha256_nonce,1330189886.0000000000
274595,13825921997808,btc_qm_engine,btc_leading_zeros,2.0000000000
274596,13825921997879,btc_qm_engine,btc_sha256_elapsed_ns,951.0000000000
274597,13825921998034,btc_qm_engine,btc_sha256_nonce,1940880279.0000000000
274598,13825921998219,btc_qm_engine,btc_leading_zeros,2.0000000000
274599,13825921998301,btc_qm_engine,btc_sha256_elapsed_ns,1118.0000000000
274600,13825921998438,btc_qm_engine,btc_sha256_nonce,2201749720.0000000000
274601,13825921998927,btc_qm_engine,btc_leading_zeros,0.0000000000
274602,13825921999129,btc_qm_engine,btc_leading_zeros,0.0000000000
274603,13825921999315,btc_qm_engine,btc_leading_zeros,2.0000000000
274604,13825921999568,btc_qm_engine,btc_sha256_elapsed_ns,1079.0000000000
274605,13825922004831,btc_qm_engine,btc_sha256_nonce,2334661009.0000000000
274606,13825922005325,btc_qm_engine,btc_sha256_nonce,435869127.0000000000
274607,13825922007652,btc_qm_engine,btc_sha256_nonce,2629799045.0000000000
274608,13825922007914,btc_qm_engine,btc_leading_zeros,0.0000000000
274609,13825922008703,btc_qm_engine,btc_leading_zeros,0.0000000000
274610,13825922008959,btc_qm_engine,btc_sha256_elapsed_ns,816.0000000000
274611,13825922009153,btc_qm_engine,btc_sha256_elapsed_ns,1100.0000000000
274612,13825922009591,btc_qm_engine,btc_sha256_elapsed_ns,857.0000000000
274613,13825922009899,btc_qm_engine,btc_sha256_elapsed_ns,1048.0000000000
274614,13825922010336,btc_qm_engine,btc_sha256_nonce,502158350.0000000000
274615,13825922010549,btc_qm_engine,btc_leading_zeros,0.0000000000
274616,13825922010816,btc_qm_engine,btc_sha256_elapsed_ns,786.0000000000
274617,13825922010945,btc_qm_engine,btc_sha256_nonce,2334811087.0000000000
274618,13825922011464,btc_qm_engine,btc_leading_zeros,0.0000000000
274619,13825922012039,btc_qm_engine,btc_sha256_nonce,506636665.0000000000
274620,13825922012127,btc_qm_engine,btc_sha256_nonce,2004269516.0000000000
274621,13825922012266,btc_qm_engine,btc_sha256_elapsed_ns,1132.0000000000
274622,13825922012406,btc_qm_engine,btc_sha256_nonce,3498117274.0000000000
274623,13825922012771,btc_qm_engine,btc_sha256_nonce,1345476656.0000000000
274624,13825922013216,btc_qm_engine,btc_leading_zeros,1.0000000000
274625,13825922013416,btc_qm_engine,btc_sha256_nonce,107536185.0000000000
274626,13825922013685,btc_qm_engine,btc_leading_zeros,0.0000000000
274627,13825922014527,btc_qm_engine,btc_leading_zeros,0.0000000000
274628,13825922015039,btc_qm_engine,btc_sha256_elapsed_ns,1107.0000000000
274629,13825922015169,btc_qm_engine,btc_sha256_elapsed_ns,925.0000000000
274630,13825922015403,btc_qm_engine,btc_sha256_elapsed_ns,1083.0000000000
274631,13825922016015,btc_qm_engine,btc_leading_zeros,0.0000000000
274632,13825922016139,btc_qm_engine,btc_sha256_elapsed_ns,856.0000000000
274633,13825922016268,btc_qm_engine,btc_sha256_nonce,2023274708.0000000000
274634,13825922016338,btc_qm_engine,btc_leading_zeros,0.0000000000
274635,13825922016387,btc_qm_engine,btc_sha256_elapsed_ns,765.0000000000
274636,13825922016507,btc_qm_engine,btc_sha256_nonce,3020166369.0000000000
274637,13825922016971,btc_qm_engine,btc_sha256_nonce,3232861313.0000000000
274638,13825922017142,btc_qm_engine,btc_leading_zeros,0.0000000000
274639,13825922017219,btc_qm_engine,btc_sha256_elapsed_ns,928.0000000000
274640,13825922017346,btc_qm_engine,btc_leading_zeros,4.0000000000
274641,13825922017414,btc_qm_engine,btc_sha256_elapsed_ns,736.0000000000
274642,13825922017530,btc_qm_engine,btc_sha256_nonce,1982219462.0000000000
274643,13825922017616,btc_qm_engine,btc_leading_zeros,1.0000000000
274644,13825922018172,btc_qm_engine,btc_sha256_nonce,352099228.0000000000
274645,13825922018302,btc_qm_engine,btc_sha256_elapsed_ns,1124.0000000000
274646,13825922018547,btc_qm_engine,btc_sha256_nonce,437779975.0000000000
274647,13825922018723,btc_qm_engine,btc_leading_zeros,1.0000000000
274648,13825922019405,btc_qm_engine,btc_leading_zeros,1.0000000000
274649,13825922019510,btc_qm_engine,btc_leading_zeros,1.0000000000
274650,13825922019582,btc_qm_engine,btc_sha256_elapsed_ns,730.0000000000
274651,13825922019693,btc_qm_engine,btc_sha256_elapsed_ns,964.0000000000
274652,13825922019848,btc_qm_engine,btc_sha256_elapsed_ns,1045.0000000000
274653,13825922020643,btc_qm_engine,btc_sha256_nonce,4077325211.0000000000
274654,13825922020815,btc_qm_engine,btc_sha256_nonce,3750818767.0000000000
274655,13825922021075,btc_qm_engine,btc_sha256_nonce,1918477152.0000000000
274656,13825922021176,btc_qm_engine,btc_leading_zeros,0.0000000000
274657,13825922021692,btc_qm_engine,btc_leading_zeros,1.0000000000
274658,13825922022123,btc_qm_engine,btc_sha256_elapsed_ns,742.0000000000
274659,13825922022666,btc_qm_engine,btc_sha256_elapsed_ns,1040.0000000000
274660,13825922023618,btc_qm_engine,btc_sha256_nonce,3171340796.0000000000
274661,13825922023690,btc_qm_engine,btc_leading_zeros,1.0000000000
274662,13825922023761,btc_qm_engine,btc_sha256_nonce,1720634987.0000000000
274663,13825922023965,btc_qm_engine,btc_sha256_elapsed_ns,803.0000000000
274664,13825922024147,btc_qm_engine,btc_leading_zeros,3.0000000000
274665,13825922024474,btc_qm_engine,btc_sha256_elapsed_ns,1120.0000000000
274666,13825922024994,btc_qm_engine,btc_sha256_nonce,232712758.0000000000
274667,13825922025067,btc_qm_engine,btc_leading_zeros,0.0000000000
274668,13825922025119,btc_qm_engine,btc_sha256_elapsed_ns,751.0000000000
274669,13825922025814,btc_qm_engine,btc_sha256_nonce,3371075289.0000000000
274670,13825922025891,btc_qm_engine,btc_leading_zeros,0.0000000000
274671,13825922025943,btc_qm_engine,btc_sha256_elapsed_ns,754.0000000000
274672,13825922026056,btc_qm_engine,btc_sha256_nonce,1940963904.0000000000
274673,13825922026127,btc_qm_engine,btc_leading_zeros,0.0000000000
274674,13825922026178,btc_qm_engine,btc_sha256_elapsed_ns,731.0000000000
274675,13825922026878,btc_qm_engine,btc_sha256_nonce,2975625999.0000000000
274676,13825922027119,btc_qm_engine,btc_sha256_nonce,4023388109.0000000000
274677,13825922027241,btc_qm_engine,btc_leading_zeros,0.0000000000
274678,13825922027576,btc_qm_engine,btc_sha256_nonce,3213432639.0000000000
274679,13825922028106,btc_qm_engine,btc_leading_zeros,2.0000000000
274680,13825922028434,btc_qm_engine,btc_sha256_elapsed_ns,843.0000000000
274681,13825922028614,btc_qm_engine,btc_leading_zeros,0.0000000000
274682,13825922028884,btc_qm_engine,btc_leading_zeros,0.0000000000
274683,13825922029181,btc_qm_engine,btc_sha256_elapsed_ns,1096.0000000000
274684,13825922029325,btc_qm_engine,btc_sha256_elapsed_ns,875.0000000000
274685,13825922030009,btc_qm_engine,btc_sha256_nonce,2200315835.0000000000
274686,13825922030091,btc_qm_engine,btc_leading_zeros,0.0000000000
274687,13825922030158,btc_qm_engine,btc_sha256_elapsed_ns,1056.0000000000
274688,13825922030369,btc_qm_engine,btc_sha256_elapsed_ns,730.0000000000
274689,13825922030563,btc_qm_engine,btc_sha256_elapsed_ns,1081.0000000000
274690,13825922030876,btc_qm_engine,btc_sha256_nonce,2535440403.0000000000
274691,13825922031228,btc_qm_engine,btc_leading_zeros,4.0000000000
274692,13825922031438,btc_qm_engine,btc_sha256_elapsed_ns,920.0000000000
274693,13825922031912,btc_qm_engine,btc_sha256_nonce,3716300046.0000000000
274694,13825922032079,btc_qm_engine,btc_sha256_nonce,4062634425.0000000000
274695,13825922032157,btc_qm_engine,btc_leading_zeros,2.0000000000
274696,13825922032224,btc_qm_engine,btc_sha256_elapsed_ns,1082.0000000000
274697,13825922032352,btc_qm_engine,btc_leading_zeros,0.0000000000
274698,13825922032442,btc_qm_engine,btc_sha256_nonce,1451565733.0000000000
274699,13825922032659,btc_qm_engine,btc_leading_zeros,0.0000000000
274700,13825922032888,btc_qm_engine,btc_sha256_nonce,3793872037.0000000000
274701,13825922032958,btc_qm_engine,btc_leading_zeros,4.0000000000
274702,13825922033090,btc_qm_engine,btc_sha256_elapsed_ns,838.0000000000
274703,13825922033437,btc_qm_engine,btc_sha256_nonce,4031405950.0000000000
274704,13825922033547,btc_qm_engine,btc_leading_zeros,1.0000000000
274705,13825922033623,btc_qm_engine,btc_sha256_elapsed_ns,930.0000000000
274706,13825922033878,btc_qm_engine,btc_sha256_elapsed_ns,751.0000000000
274707,13825922034791,btc_qm_engine,btc_sha256_nonce,2179551940.0000000000
274708,13825922035209,btc_qm_engine,btc_sha256_nonce,3722666472.0000000000
274709,13825922035342,btc_qm_engine,btc_sha256_nonce,4237067632.0000000000
274710,13825922035933,btc_qm_engine,btc_leading_zeros,0.0000000000
274711,13825922036136,btc_qm_engine,btc_leading_zeros,0.0000000000
274712,13825922036315,btc_qm_engine,btc_sha256_elapsed_ns,1055.0000000000
274713,13825922036486,btc_qm_engine,btc_sha256_elapsed_ns,5172.0000000000
274714,13825922037542,btc_qm_engine,btc_sha256_nonce,2534023249.0000000000
274715,13825922037748,btc_qm_engine,btc_leading_zeros,3.0000000000
274716,13825922037968,btc_qm_engine,btc_leading_zeros,3.0000000000
274717,13825922038617,btc_qm_engine,btc_sha256_nonce,4121275358.0000000000
274718,13825922038805,btc_qm_engine,btc_sha256_elapsed_ns,914.0000000000
274719,13825922038966,btc_qm_engine,btc_leading_zeros,0.0000000000
274720,13825922039038,btc_qm_engine,btc_sha256_elapsed_ns,1142.0000000000
274721,13825922039640,btc_qm_engine,btc_leading_zeros,2.0000000000
274722,13825922039959,btc_qm_engine,btc_sha256_nonce,2081784698.0000000000
274723,13825922040145,btc_qm_engine,btc_sha256_elapsed_ns,1110.0000000000
274724,13825922040411,btc_qm_engine,btc_sha256_nonce,3076906280.0000000000
274725,13825922040488,btc_qm_engine,btc_leading_zeros,2.0000000000
274726,13825922040580,btc_qm_engine,btc_sha256_elapsed_ns,1139.0000000000
274727,13825922040666,btc_qm_engine,btc_leading_zeros,1.0000000000
274728,13825922040955,btc_qm_engine,btc_sha256_elapsed_ns,888.0000000000
274729,13825922041893,btc_qm_engine,btc_sha256_nonce,18465451.0000000000
274730,13825922042059,btc_qm_engine,btc_sha256_nonce,1636711825.0000000000
274731,13825922042285,btc_qm_engine,btc_sha256_elapsed_ns,880.0000000000
274732,13825922042459,btc_qm_engine,btc_leading_zeros,0.0000000000
274733,13825922042530,btc_qm_engine,btc_sha256_elapsed_ns,761.0000000000
274734,13825922043038,btc_qm_engine,btc_leading_zeros,1.0000000000
274735,13825922043371,btc_qm_engine,btc_sha256_elapsed_ns,1061.0000000000
274736,13825922043840,btc_qm_engine,btc_sha256_nonce,1010858113.0000000000
274737,13825922043917,btc_qm_engine,btc_leading_zeros,0.0000000000
274738,13825922044008,btc_qm_engine,btc_sha256_elapsed_ns,1044.0000000000
274739,13825922044320,btc_qm_engine,btc_sha256_nonce,3541213667.0000000000
274740,13825922044631,btc_qm_engine,btc_sha256_nonce,1940984300.0000000000
274741,13825922045146,btc_qm_engine,btc_leading_zeros,0.0000000000
274742,13825922045244,btc_qm_engine,btc_sha256_elapsed_ns,824.0000000000
274743,13825922045578,btc_qm_engine,btc_sha256_nonce,852253120.0000000000
274744,13825922045826,btc_qm_engine,btc_sha256_elapsed_ns,982.0000000000
274745,13825922046011,btc_qm_engine,btc_leading_zeros,0.0000000000
274746,13825922046085,btc_qm_engine,btc_sha256_elapsed_ns,1033.0000000000
274747,13825922046653,btc_qm_engine,btc_sha256_nonce,2201271982.0000000000
274748,13825922047095,btc_qm_engine,btc_sha256_nonce,615237395.0000000000
274749,13825922047232,btc_qm_engine,btc_leading_zeros,0.0000000000
274750,13825922047302,btc_qm_engine,btc_sha256_elapsed_ns,892.0000000000
274751,13825922047400,btc_qm_engine,btc_sha256_nonce,1765101265.0000000000
274752,13825922047921,btc_qm_engine,btc_sha256_nonce,2175748912.0000000000
274753,13825922048100,btc_qm_engine,btc_leading_zeros,1.0000000000
274754,13825922048298,btc_qm_engine,btc_leading_zeros,0.0000000000
274755,13825922048476,btc_qm_engine,btc_sha256_elapsed_ns,804.0000000000
274756,13825922048561,btc_qm_engine,btc_leading_zeros,3.0000000000
274757,13825922048819,btc_qm_engine,btc_sha256_elapsed_ns,990.0000000000
274758,13825922049193,btc_qm_engine,btc_sha256_nonce,2290855618.0000000000
274759,13825922049610,btc_qm_engine,btc_leading_zeros,3.0000000000
274760,13825922049730,btc_qm_engine,btc_sha256_nonce,2660963701.0000000000
274761,13825922050408,btc_qm_engine,btc_sha256_elapsed_ns,990.0000000000
274762,13825922050693,btc_qm_engine,btc_leading_zeros,2.0000000000
274763,13825922050787,btc_qm_engine,btc_sha256_elapsed_ns,984.0000000000
274764,13825922050902,btc_qm_engine,btc_sha256_nonce,1678170517.0000000000
274765,13825922051325,btc_qm_engine,btc_leading_zeros,2.0000000000
274766,13825922051420,btc_qm_engine,btc_sha256_elapsed_ns,1059.0000000000
274767,13825922051546,btc_qm_engine,btc_sha256_nonce,185875473.0000000000
274768,13825922051773,btc_qm_engine,btc_sha256_elapsed_ns,1111.0000000000
274769,13825922051968,btc_qm_engine,btc_leading_zeros,0.0000000000
274770,13825922052042,btc_qm_engine,btc_sha256_elapsed_ns,792.0000000000
274771,13825922052170,btc_qm_engine,btc_sha256_nonce,3019751501.0000000000
274772,13825922052248,btc_qm_engine,btc_leading_zeros,0.0000000000
274773,13825922052301,btc_qm_engine,btc_sha256_elapsed_ns,854.0000000000
274774,13825922053117,btc_qm_engine,btc_sha256_nonce,2348254404.0000000000
274775,13825922053202,btc_qm_engine,btc_leading_zeros,0.0000000000
274776,13825922053270,btc_qm_engine,btc_sha256_elapsed_ns,1142.0000000000
274777,13825922053565,btc_qm_engine,btc_sha256_nonce,2201690253.0000000000
274778,13825922054077,btc_qm_engine,btc_leading_zeros,2.0000000000
274779,13825922054524,btc_qm_engine,btc_sha256_nonce,587779640.0000000000
274780,13825922054913,btc_qm_engine,btc_sha256_elapsed_ns,1050.0000000000
274781,13825922055021,btc_qm_engine,btc_leading_zeros,0.0000000000
274782,13825922055171,btc_qm_engine,btc_sha256_nonce,2074756440.0000000000
274783,13825922055447,btc_qm_engine,btc_sha256_elapsed_ns,984.0000000000
274784,13825922055577,btc_qm_engine,btc_leading_zeros,3.0000000000
274785,13825922055652,btc_qm_engine,btc_sha256_elapsed_ns,1161.0000000000
274786,13825922056280,btc_qm_engine,btc_sha256_nonce,1959911020.0000000000
274787,13825922056361,btc_qm_engine,btc_leading_zeros,2.0000000000
274788,13825922056432,btc_qm_engine,btc_sha256_elapsed_ns,1096.0000000000
274789,13825922056623,btc_qm_engine,btc_leading_zeros,3.0000000000
274790,13825922056738,btc_qm_engine,btc_sha256_elapsed_ns,866.0000000000
274791,13825922056892,btc_qm_engine,btc_sha256_nonce,778263559.0000000000
274792,13825922057298,btc_qm_engine,btc_leading_zeros,0.0000000000
274793,13825922057424,btc_qm_engine,btc_sha256_elapsed_ns,1118.0000000000
274794,13825922057650,btc_qm_engine,btc_sha256_nonce,1956353565.0000000000
274795,13825922057750,btc_qm_engine,btc_leading_zeros,0.0000000000
274796,13825922057903,btc_qm_engine,btc_sha256_nonce,3037165021.0000000000
274797,13825922058373,btc_qm_engine,btc_sha256_nonce,1981631725.0000000000
274798,13825922058541,btc_qm_engine,btc_leading_zeros,1.0000000000
274799,13825922058718,btc_qm_engine,btc_leading_zeros,2.0000000000
274800,13825922058787,btc_qm_engine,btc_sha256_elapsed_ns,820.0000000000
274801,13825922058961,btc_qm_engine,btc_sha256_elapsed_ns,993.0000000000
274802,13825922059120,btc_qm_engine,btc_sha256_nonce,3905579081.0000000000
274803,13825922059447,btc_qm_engine,btc_sha256_elapsed_ns,1023.0000000000
274804,13825922059830,btc_qm_engine,btc_sha256_nonce,2732756974.0000000000
274805,13825922059987,btc_qm_engine,btc_sha256_nonce,4011433993.0000000000
274806,13825922060188,btc_qm_engine,btc_leading_zeros,0.0000000000
274807,13825922060274,btc_qm_engine,btc_leading_zeros,0.0000000000
274808,13825922060496,btc_qm_engine,btc_sha256_elapsed_ns,772.0000000000
274809,13825922060694,btc_qm_engine,btc_sha256_elapsed_ns,961.0000000000
274810,13825922060897,btc_qm_engine,btc_sha256_nonce,381796014.0000000000
274811,13825922061314,btc_qm_engine,btc_leading_zeros,0.0000000000
274812,13825922061677,btc_qm_engine,btc_sha256_elapsed_ns,1163.0000000000
274813,13825922061787,btc_qm_engine,btc_sha256_nonce,1421236029.0000000000
274814,13825922061949,btc_qm_engine,btc_sha256_nonce,2027633619.0000000000
274815,13825922062133,btc_qm_engine,btc_sha256_nonce,1416899844.0000000000
274816,13825922062535,btc_qm_engine,btc_leading_zeros,0.0000000000
274817,13825922062664,btc_qm_engine,btc_leading_zeros,0.0000000000
274818,13825922062734,btc_qm_engine,btc_sha256_elapsed_ns,1000.0000000000
274819,13825922062892,btc_qm_engine,btc_sha256_elapsed_ns,843.0000000000
274820,13825922063058,btc_qm_engine,btc_sha256_nonce,3217730091.0000000000
274821,13825922063376,btc_qm_engine,btc_leading_zeros,0.0000000000
274822,13825922063446,btc_qm_engine,btc_sha256_elapsed_ns,1040.0000000000
274823,13825922063673,btc_qm_engine,btc_sha256_nonce,17118886.0000000000
274824,13825922063747,btc_qm_engine,btc_leading_zeros,1.0000000000
274825,13825922063820,btc_qm_engine,btc_sha256_elapsed_ns,727.0000000000
274826,13825922064063,btc_qm_engine,btc_sha256_nonce,3372641366.0000000000
274827,13825922064147,btc_qm_engine,btc_leading_zeros,0.0000000000
274828,13825922064198,btc_qm_engine,btc_sha256_elapsed_ns,891.0000000000
274829,13825922064607,btc_qm_engine,btc_leading_zeros,0.0000000000
274830,13825922064726,btc_qm_engine,btc_sha256_nonce,1617564628.0000000000
274831,13825922064942,btc_qm_engine,btc_sha256_nonce,4245315100.0000000000
274832,13825922065016,btc_qm_engine,btc_leading_zeros,0.0000000000
274833,13825922065080,btc_qm_engine,btc_sha256_elapsed_ns,924.0000000000
274834,13825922065166,btc_qm_engine,btc_sha256_elapsed_ns,1038.0000000000
274835,13825922065277,btc_qm_engine,btc_leading_zeros,0.0000000000
274836,13825922065347,btc_qm_engine,btc_sha256_elapsed_ns,1011.0000000000
274837,13825922065466,btc_qm_engine,btc_sha256_nonce,3068134884.0000000000
274838,13825922065543,btc_qm_engine,btc_leading_zeros,1.0000000000
274839,13825922065613,btc_qm_engine,btc_sha256_elapsed_ns,1051.0000000000
274840,13825922066436,btc_qm_engine,btc_sha256_nonce,16716853.0000000000
274841,13825922066517,btc_qm_engine,btc_leading_zeros,1.0000000000
274842,13825922066586,btc_qm_engine,btc_sha256_elapsed_ns,1107.0000000000
274843,13825922066814,btc_qm_engine,btc_sha256_nonce,3596815190.0000000000
274844,13825922067312,btc_qm_engine,btc_leading_zeros,0.0000000000
274845,13825922067411,btc_qm_engine,btc_sha256_nonce,2909354838.0000000000
274846,13825922067755,btc_qm_engine,btc_leading_zeros,0.0000000000
274847,13825922067967,btc_qm_engine,btc_sha256_nonce,3413957109.0000000000
274848,13825922068411,btc_qm_engine,btc_leading_zeros,1.0000000000
274849,13825922068502,btc_qm_engine,btc_sha256_elapsed_ns,982.0000000000
274850,13825922069933,btc_qm_engine,btc_leading_zeros,1.0000000000
274851,13825922070141,btc_qm_engine,btc_sha256_elapsed_ns,800.0000000000
274852,13825922070348,btc_qm_engine,btc_sha256_nonce,1700831612.0000000000
274853,13825922070473,btc_qm_engine,btc_sha256_elapsed_ns,1089.0000000000
274854,13825922070632,btc_qm_engine,btc_leading_zeros,0.0000000000
274855,13825922070705,btc_qm_engine,btc_sha256_elapsed_ns,1209.0000000000
274856,13825922071302,btc_qm_engine,btc_sha256_nonce,1740536665.0000000000
274857,13825922071372,btc_qm_engine,btc_leading_zeros,0.0000000000
274858,13825922071454,btc_qm_engine,btc_sha256_elapsed_ns,890.0000000000
274859,13825922071850,btc_qm_engine,btc_sha256_nonce,4121438065.0000000000
274860,13825922071937,btc_qm_engine,btc_leading_zeros,0.0000000000
274861,13825922072000,btc_qm_engine,btc_sha256_elapsed_ns,1117.0000000000
274862,13825922072145,btc_qm_engine,btc_sha256_nonce,2174882752.0000000000
274863,13825922072248,btc_qm_engine,btc_leading_zeros,0.0000000000
274864,13825922072321,btc_qm_engine,btc_sha256_elapsed_ns,1073.0000000000
274865,13825922072720,btc_qm_engine,btc_sha256_nonce,2222972876.0000000000
274866,13825922072804,btc_qm_engine,btc_leading_zeros,1.0000000000
274867,13825922072869,btc_qm_engine,btc_sha256_elapsed_ns,1028.0000000000
274868,13825922073279,btc_qm_engine,btc_sha256_nonce,4057792937.0000000000
274869,13825922073383,btc_qm_engine,btc_sha256_elapsed_ns,981.0000000000
274870,13825922073624,btc_qm_engine,btc_sha256_nonce,3540621672.0000000000
274871,13825922073699,btc_qm_engine,btc_leading_zeros,1.0000000000
274872,13825922074094,btc_qm_engine,btc_sha256_elapsed_ns,1064.0000000000
274873,13825922074326,btc_qm_engine,btc_sha256_nonce,1660262074.0000000000
274874,13825922074719,btc_qm_engine,btc_sha256_nonce,2442449173.0000000000
274875,13825922074849,btc_qm_engine,btc_sha256_nonce,254165567.0000000000
274876,13825922074927,btc_qm_engine,btc_leading_zeros,0.0000000000
274877,13825922074985,btc_qm_engine,btc_sha256_elapsed_ns,821.0000000000
274878,13825922075105,btc_qm_engine,btc_leading_zeros,0.0000000000
274879,13825922075196,btc_qm_engine,btc_sha256_elapsed_ns,1068.0000000000
274880,13825922075388,btc_qm_engine,btc_sha256_nonce,2208376698.0000000000
274881,13825922075654,btc_qm_engine,btc_leading_zeros,0.0000000000
274882,13825922075706,btc_qm_engine,btc_sha256_elapsed_ns,912.0000000000
274883,13825922076048,btc_qm_engine,btc_sha256_nonce,2863689081.0000000000
274884,13825922076123,btc_qm_engine,btc_leading_zeros,1.0000000000
274885,13825922076189,btc_qm_engine,btc_sha256_elapsed_ns,857.0000000000
274886,13825922076304,btc_qm_engine,btc_sha256_nonce,1793728012.0000000000
274887,13825922076382,btc_qm_engine,btc_leading_zeros,2.0000000000
274888,13825922076435,btc_qm_engine,btc_sha256_elapsed_ns,830.0000000000
274889,13825922076656,btc_qm_engine,btc_sha256_nonce,17035417.0000000000
274890,13825922076732,btc_qm_engine,btc_leading_zeros,0.0000000000
274891,13825922076783,btc_qm_engine,btc_sha256_elapsed_ns,734.0000000000
274892,13825922077481,btc_qm_engine,btc_sha256_nonce,1530827366.0000000000
274893,13825922077751,btc_qm_engine,btc_sha256_nonce,2571576963.0000000000
274894,13825922077825,btc_qm_engine,btc_leading_zeros,3.0000000000
274895,13825922077878,btc_qm_engine,btc_sha256_elapsed_ns,745.0000000000
274896,13825922077970,btc_qm_engine,btc_sha256_nonce,3232478882.0000000000
274897,13825922078110,btc_qm_engine,btc_leading_zeros,0.0000000000
274898,13825922078206,btc_qm_engine,btc_sha256_elapsed_ns,1035.0000000000
274899,13825922078355,btc_qm_engine,btc_leading_zeros,1.0000000000
274900,13825922078429,btc_qm_engine,btc_sha256_elapsed_ns,864.0000000000
274901,13825922078824,btc_qm_engine,btc_sha256_nonce,250432350.0000000000
274902,13825922078895,btc_qm_engine,btc_leading_zeros,1.0000000000
274903,13825922078950,btc_qm_engine,btc_sha256_elapsed_ns,739.0000000000
274904,13825922079222,btc_qm_engine,btc_sha256_nonce,1024351843.0000000000
274905,13825922079694,btc_qm_engine,btc_sha256_nonce,3042680989.0000000000
274906,13825922079953,btc_qm_engine,btc_leading_zeros,1.0000000000
274907,13825922080044,btc_qm_engine,btc_sha256_elapsed_ns,28062.0000000000
274908,13825922080215,btc_qm_engine,btc_sha256_nonce,3770823077.0000000000
274909,13825922080731,btc_qm_engine,btc_sha256_nonce,2147592004.0000000000
274910,13825922080870,btc_qm_engine,btc_leading_zeros,0.0000000000
274911,13825922080940,btc_qm_engine,btc_sha256_elapsed_ns,898.0000000000
274912,13825922081005,btc_qm_engine,btc_leading_zeros,3.0000000000
274913,13825922081120,btc_qm_engine,btc_leading_zeros,4.0000000000
274914,13825922081264,btc_qm_engine,btc_sha256_elapsed_ns,972.0000000000
274915,13825922081454,btc_qm_engine,btc_sha256_elapsed_ns,1011.0000000000
274916,13825922082026,btc_qm_engine,btc_sha256_nonce,4014994431.0000000000
274917,13825922082099,btc_qm_engine,btc_leading_zeros,0.0000000000
274918,13825922082157,btc_qm_engine,btc_sha256_elapsed_ns,820.0000000000
274919,13825922082354,btc_qm_engine,btc_leading_zeros,0.0000000000
274920,13825922082427,btc_qm_engine,btc_sha256_elapsed_ns,1038.0000000000
274921,13825922082592,btc_qm_engine,btc_sha256_nonce,16853845.0000000000
274922,13825922082782,btc_qm_engine,btc_sha256_nonce,2201792579.0000000000
274923,13825922083050,btc_qm_engine,btc_leading_zeros,1.0000000000
274924,13825922083204,btc_qm_engine,btc_sha256_nonce,4140220735.0000000000
274925,13825922083586,btc_qm_engine,btc_sha256_elapsed_ns,782.0000000000
274926,13825922083852,btc_qm_engine,btc_leading_zeros,0.0000000000
274927,13825922084417,btc_qm_engine,btc_sha256_nonce,767815665.0000000000
274928,13825922084537,btc_qm_engine,btc_sha256_elapsed_ns,759.0000000000
274929,13825922084817,btc_qm_engine,btc_leading_zeros,4.0000000000
274930,13825922084892,btc_qm_engine,btc_sha256_elapsed_ns,1006.0000000000
274931,13825922085807,btc_qm_engine,btc_sha256_nonce,655036923.0000000000
274932,13825922086116,btc_qm_engine,btc_sha256_nonce,1803676806.0000000000
274933,13825922086212,btc_qm_engine,btc_leading_zeros,0.0000000000
274934,13825922086744,btc_qm_engine,btc_leading_zeros,0.0000000000
274935,13825922087282,btc_qm_engine,btc_sha256_elapsed_ns,987.0000000000
274936,13825922087979,btc_qm_engine,btc_sha256_nonce,2538730368.0000000000
274937,13825922088051,btc_qm_engine,btc_leading_zeros,1.0000000000
274938,13825922088107,btc_qm_engine,btc_sha256_elapsed_ns,801.0000000000
274939,13825922088922,btc_qm_engine,btc_sha256_nonce,2200504448.0000000000
274940,13825922088996,btc_qm_engine,btc_leading_zeros,2.0000000000
274941,13825922089058,btc_qm_engine,btc_sha256_elapsed_ns,1113.0000000000
274942,13825922089231,btc_qm_engine,btc_sha256_nonce,744370887.0000000000
274943,13825922089532,btc_qm_engine,btc_leading_zeros,0.0000000000
274944,13825922089586,btc_qm_engine,btc_sha256_elapsed_ns,819.0000000000
274945,13825922089787,btc_qm_engine,btc_leading_zeros,0.0000000000
274946,13825922090150,btc_qm_engine,btc_sha256_elapsed_ns,1064.0000000000
274947,13825922090372,btc_qm_engine,btc_sha256_nonce,3637723366.0000000000
274948,13825922090441,btc_qm_engine,btc_leading_zeros,4.0000000000
274949,13825922090506,btc_qm_engine,btc_sha256_elapsed_ns,1029.0000000000
274950,13825922090655,btc_qm_engine,btc_sha256_nonce,1137666652.0000000000
274951,13825922090734,btc_qm_engine,btc_leading_zeros,0.0000000000
274952,13825922090800,btc_qm_engine,btc_sha256_elapsed_ns,879.0000000000
274953,13825922091517,btc_qm_engine,btc_sha256_nonce,3940215759.0000000000
274954,13825922091592,btc_qm_engine,btc_leading_zeros,0.0000000000
274955,13825922091673,btc_qm_engine,btc_sha256_elapsed_ns,1092.0000000000
274956,13825922091789,btc_qm_engine,btc_sha256_nonce,2990248527.0000000000
274957,13825922091963,btc_qm_engine,btc_sha256_nonce,2200650370.0000000000
274958,13825922092543,btc_qm_engine,btc_leading_zeros,0.0000000000
274959,13825922092992,btc_qm_engine,btc_leading_zeros,0.0000000000
274960,13825922093527,btc_qm_engine,btc_sha256_elapsed_ns,1079.0000000000
274961,13825922094044,btc_qm_engine,btc_sha256_nonce,1513538585.0000000000
274962,13825922094366,btc_qm_engine,btc_leading_zeros,0.0000000000
274963,13825922094449,btc_qm_engine,btc_sha256_elapsed_ns,1091.0000000000
274964,13825922094773,btc_qm_engine,btc_sha256_nonce,1547184475.0000000000
274965,13825922094846,btc_qm_engine,btc_leading_zeros,0.0000000000
274966,13825922094919,btc_qm_engine,btc_sha256_elapsed_ns,1050.0000000000
274967,13825922095814,btc_qm_engine,btc_sha256_elapsed_ns,773.0000000000
274968,13825922096237,btc_qm_engine,btc_sha256_nonce,2201266855.0000000000
274969,13825922096596,btc_qm_engine,btc_leading_zeros,1.0000000000
274970,13825922096928,btc_qm_engine,btc_sha256_elapsed_ns,1076.0000000000
274971,13825922097051,btc_qm_engine,btc_sha256_nonce,3604971150.0000000000
274972,13825922097325,btc_qm_engine,btc_leading_zeros,2.0000000000
274973,13825922097668,btc_qm_engine,btc_sha256_elapsed_ns,1117.0000000000
274974,13825922097883,btc_qm_engine,btc_sha256_nonce,626857286.0000000000
274975,13825922098356,btc_qm_engine,btc_sha256_elapsed_ns,1014.0000000000
274976,13825922098921,btc_qm_engine,btc_leading_zeros,0.0000000000
274977,13825922099331,btc_qm_engine,btc_sha256_nonce,1141964459.0000000000
274978,13825922099700,btc_qm_engine,btc_sha256_elapsed_ns,963.0000000000
274979,13825922099877,btc_qm_engine,btc_leading_zeros,0.0000000000
274980,13825922099971,btc_qm_engine,btc_sha256_elapsed_ns,839.0000000000
274981,13825922104890,btc_qm_engine,btc_sha256_nonce,3217081155.0000000000
274982,13825922104996,btc_qm_engine,btc_leading_zeros,0.0000000000
274983,13825922105075,btc_qm_engine,btc_sha256_elapsed_ns,12948.0000000000
274984,13825922106919,btc_qm_engine,btc_sha256_nonce,3062237153.0000000000
274985,13825922107320,btc_qm_engine,btc_leading_zeros,0.0000000000
274986,13825922107371,btc_qm_engine,btc_sha256_elapsed_ns,778.0000000000
274987,13825922123645,btc_qm_engine,btc_leading_zeros,2.0000000000
274988,13825922124174,btc_qm_engine,btc_sha256_elapsed_ns,1037.0000000000
