seq,ts_ns,module,key,value
8484251,6356422122829,btc_qm_engine,btc_leading_zeros,1.0000000000
8484252,6356422123185,btc_qm_engine,btc_sha256_elapsed_ns,1106.0000000000
8484253,6356422123838,btc_qm_engine,btc_leading_zeros,0.0000000000
8484254,6356422124032,btc_qm_engine,btc_sha256_nonce,2559711244.0000000000
8484255,6356422124592,btc_qm_engine,btc_sha256_nonce,674644350.0000000000
8484256,6356422124923,btc_qm_engine,btc_sha256_nonce,2445080146.0000000000
8484257,6356422125201,btc_qm_engine,btc_sha256_elapsed_ns,1049.0000000000
8484258,6356422125979,btc_qm_engine,btc_leading_zeros,3.0000000000
8484259,6356422126268,btc_qm_engine,btc_leading_zeros,0.0000000000
8484260,6356422126546,btc_qm_engine,btc_sha256_elapsed_ns,1026.0000000000
8484261,6356422126942,btc_qm_engine,btc_sha256_nonce,2011050942.0000000000
8484262,6356422127038,btc_qm_engine,btc_sha256_elapsed_ns,1069.0000000000
8484263,6356422127349,btc_qm_engine,btc_leading_zeros,1.0000000000
8484264,6356422127422,btc_qm_engine,btc_sha256_elapsed_ns,1093.0000000000
8484265,6356422127665,btc_qm_engine,btc_leading_zeros,1.0000000000
8484266,6356422128317,btc_qm_engine,btc_sha256_nonce,1865215512.0000000000
8484267,6356422128397,btc_qm_engine,btc_leading_zeros,0.0000000000
8484268,6356422128472,btc_qm_engine,btc_sha256_elapsed_ns,1062.0000000000
8484269,6356422128667,btc_qm_engine,btc_sha256_nonce,4130044936.0000000000
8484270,6356422128848,btc_qm_engine,btc_leading_zeros,2.0000000000
8484271,6356422129207,btc_qm_engine,btc_sha256_elapsed_ns,1076.0000000000
8484272,6356422129284,btc_qm_engine,btc_sha256_nonce,3364137995.0000000000
8484273,6356422129625,btc_qm_engine,btc_leading_zeros,0.0000000000
8484274,6356422129705,btc_qm_engine,btc_sha256_elapsed_ns,1072.0000000000
8484275,6356422130016,btc_qm_engine,btc_leading_zeros,3.0000000000
8484276,6356422130186,btc_qm_engine,btc_sha256_nonce,3890070695.0000000000
8484277,6356422130528,btc_qm_engine,btc_sha256_nonce,3983402657.0000000000
8484278,6356422130922,btc_qm_engine,btc_leading_zeros,3.0000000000
8484279,6356422131061,btc_qm_engine,btc_leading_zeros,1.0000000000
8484280,6356422131135,btc_qm_engine,btc_sha256_elapsed_ns,1047.0000000000
8484281,6356422131282,btc_qm_engine,btc_sha256_nonce,1353877856.0000000000
8484282,6356422131359,btc_qm_engine,btc_leading_zeros,3.0000000000
8484283,6356422131437,btc_qm_engine,btc_sha256_elapsed_ns,982.0000000000
8484284,6356422131777,btc_qm_engine,btc_sha256_elapsed_ns,1122.0000000000
8484285,6356422132508,btc_qm_engine,btc_sha256_nonce,1567947590.0000000000
8484286,6356422132590,btc_qm_engine,btc_leading_zeros,0.0000000000
8484287,6356422132728,btc_qm_engine,btc_sha256_elapsed_ns,1138.0000000000
8484288,6356422132986,btc_qm_engine,btc_sha256_nonce,627623482.0000000000
8484289,6356422133160,btc_qm_engine,btc_sha256_nonce,2173705114.0000000000
8484290,6356422133408,btc_qm_engine,btc_sha256_elapsed_ns,1293.0000000000
8484291,6356422133733,btc_qm_engine,btc_leading_zeros,1.0000000000
8484292,6356422133914,btc_qm_engine,btc_sha256_elapsed_ns,748.0000000000
8484293,6356422134400,btc_qm_engine,btc_sha256_nonce,25247542.0000000000
8484294,6356422134557,btc_qm_engine,btc_sha256_elapsed_ns,1000.0000000000
8484295,6356422135054,btc_qm_engine,btc_leading_zeros,3.0000000000
8484296,6356422135287,btc_qm_engine,btc_sha256_nonce,2058068278.0000000000
8484297,6356422135365,btc_qm_engine,btc_leading_zeros,0.0000000000
8484298,6356422135519,btc_qm_engine,btc_sha256_elapsed_ns,1103.0000000000
8484299,6356422135726,btc_qm_engine,btc_sha256_elapsed_ns,1093.0000000000
8484300,6356422135891,btc_qm_engine,btc_sha256_nonce,3422421910.0000000000
8484301,6356422136223,btc_qm_engine,btc_leading_zeros,0.0000000000
8484302,6356422136375,btc_qm_engine,btc_sha256_nonce,3711373143.0000000000
8484303,6356422136715,btc_qm_engine,btc_leading_zeros,1.0000000000
8484304,6356422136816,btc_qm_engine,btc_sha256_elapsed_ns,1089.0000000000
8484305,6356422136945,btc_qm_engine,btc_leading_zeros,1.0000000000
8484306,6356422137281,btc_qm_engine,btc_sha256_nonce,1981772969.0000000000
8484307,6356422137548,btc_qm_engine,btc_sha256_elapsed_ns,1023.0000000000
8484308,6356422137691,btc_qm_engine,btc_sha256_nonce,3407672835.0000000000
8484309,6356422138306,btc_qm_engine,btc_leading_zeros,0.0000000000
8484310,6356422138700,btc_qm_engine,btc_sha256_nonce,1396521568.0000000000
8484311,6356422138847,btc_qm_engine,btc_sha256_nonce,716020227.0000000000
8484312,6356422138938,btc_qm_engine,btc_leading_zeros,0.0000000000
8484313,6356422139033,btc_qm_engine,btc_sha256_elapsed_ns,1077.0000000000
8484314,6356422139223,btc_qm_engine,btc_sha256_elapsed_ns,1082.0000000000
8484315,6356422139343,btc_qm_engine,btc_leading_zeros,0.0000000000
8484316,6356422139422,btc_qm_engine,btc_sha256_elapsed_ns,1077.0000000000
8484317,6356422139898,btc_qm_engine,btc_sha256_nonce,1806977346.0000000000
8484318,6356422140071,btc_qm_engine,btc_leading_zeros,1.0000000000
8484319,6356422140195,btc_qm_engine,btc_sha256_elapsed_ns,1372.0000000000
8484320,6356422140374,btc_qm_engine,btc_sha256_nonce,2226183284.0000000000
8484321,6356422140714,btc_qm_engine,btc_sha256_nonce,2748202660.0000000000
8484322,6356422140809,btc_qm_engine,btc_leading_zeros,0.0000000000
8484323,6356422141216,btc_qm_engine,btc_leading_zeros,4.0000000000
8484324,6356422141535,btc_qm_engine,btc_sha256_elapsed_ns,1021.0000000000
8484325,6356422142602,btc_qm_engine,btc_sha256_nonce,1662555954.0000000000
8484326,6356422142973,btc_qm_engine,btc_leading_zeros,4.0000000000
8484327,6356422143043,btc_qm_engine,btc_sha256_elapsed_ns,757.0000000000
8484328,6356422143308,btc_qm_engine,btc_sha256_nonce,2674920933.0000000000
8484329,6356422143377,btc_qm_engine,btc_leading_zeros,0.0000000000
8484330,6356422143427,btc_qm_engine,btc_sha256_elapsed_ns,745.0000000000
8484331,6356422143841,btc_qm_engine,btc_sha256_elapsed_ns,1063.0000000000
8484332,6356422144197,btc_qm_engine,btc_sha256_nonce,1593984969.0000000000
8484333,6356422144424,btc_qm_engine,btc_leading_zeros,0.0000000000
8484334,6356422144845,btc_qm_engine,btc_sha256_nonce,756334935.0000000000
8484335,6356422145088,btc_qm_engine,btc_sha256_nonce,632071053.0000000000
8484336,6356422145279,btc_qm_engine,btc_leading_zeros,0.0000000000
8484337,6356422145601,btc_qm_engine,btc_sha256_elapsed_ns,1004.0000000000
8484338,6356422146059,btc_qm_engine,btc_sha256_elapsed_ns,817.0000000000
8484339,6356422146586,btc_qm_engine,btc_sha256_nonce,119027328.0000000000
8484340,6356422147141,btc_qm_engine,btc_leading_zeros,2.0000000000
8484341,6356422147395,btc_qm_engine,btc_leading_zeros,0.0000000000
8484342,6356422147515,btc_qm_engine,btc_sha256_elapsed_ns,967.0000000000
8484343,6356422147915,btc_qm_engine,btc_sha256_nonce,2092147108.0000000000
8484344,6356422148076,btc_qm_engine,btc_leading_zeros,1.0000000000
8484345,6356422148628,btc_qm_engine,btc_leading_zeros,0.0000000000
8484346,6356422148796,btc_qm_engine,btc_sha256_elapsed_ns,739.0000000000
8484347,6356422149102,btc_qm_engine,btc_sha256_nonce,3152596601.0000000000
8484348,6356422149572,btc_qm_engine,btc_sha256_elapsed_ns,751.0000000000
8484349,6356422149698,btc_qm_engine,btc_sha256_nonce,460281521.0000000000
8484350,6356422149938,btc_qm_engine,btc_sha256_elapsed_ns,1068.0000000000
8484351,6356422150215,btc_qm_engine,btc_sha256_nonce,3116729976.0000000000
8484352,6356422150600,btc_qm_engine,btc_leading_zeros,0.0000000000
8484353,6356422150853,btc_qm_engine,btc_leading_zeros,0.0000000000
8484354,6356422151318,btc_qm_engine,btc_sha256_nonce,463938820.0000000000
8484355,6356422151402,btc_qm_engine,btc_leading_zeros,4.0000000000
8484356,6356422151533,btc_qm_engine,btc_sha256_elapsed_ns,746.0000000000
8484357,6356422151769,btc_qm_engine,btc_sha256_elapsed_ns,1002.0000000000
8484358,6356422152149,btc_qm_engine,btc_sha256_elapsed_ns,1050.0000000000
8484359,6356422152949,btc_qm_engine,btc_sha256_nonce,4033425234.0000000000
8484360,6356422153042,btc_qm_engine,btc_leading_zeros,1.0000000000
8484361,6356422153415,btc_qm_engine,btc_sha256_nonce,84292250.0000000000
8484362,6356422153546,btc_qm_engine,btc_sha256_nonce,3363803340.0000000000
8484363,6356422153813,btc_qm_engine,btc_sha256_nonce,3769194324.0000000000
8484364,6356422154012,btc_qm_engine,btc_leading_zeros,1.0000000000
8484365,6356422154130,btc_qm_engine,btc_sha256_elapsed_ns,1049.0000000000
8484366,6356422154351,btc_qm_engine,btc_sha256_elapsed_ns,890.0000000000
8484367,6356422154529,btc_qm_engine,btc_leading_zeros,0.0000000000
8484368,6356422154853,btc_qm_engine,btc_leading_zeros,0.0000000000
8484369,6356422155020,btc_qm_engine,btc_sha256_elapsed_ns,753.0000000000
8484370,6356422155288,btc_qm_engine,btc_sha256_elapsed_ns,1076.0000000000
8484371,6356422155906,btc_qm_engine,btc_sha256_elapsed_ns,876.0000000000
8484372,6356422156130,btc_qm_engine,btc_sha256_nonce,3606997211.0000000000
8484373,6356422156494,btc_qm_engine,btc_sha256_nonce,1177107366.0000000000
8484374,6356422156699,btc_qm_engine,btc_sha256_nonce,3246285147.0000000000
8484375,6356422156934,btc_qm_engine,btc_leading_zeros,0.0000000000
8484376,6356422157172,btc_qm_engine,btc_leading_zeros,3.0000000000
8484377,6356422157290,btc_qm_engine,btc_sha256_nonce,93579871.0000000000
8484378,6356422157435,btc_qm_engine,btc_leading_zeros,0.0000000000
8484379,6356422157599,btc_qm_engine,btc_sha256_elapsed_ns,1143.0000000000
8484380,6356422158126,btc_qm_engine,btc_sha256_elapsed_ns,926.0000000000
8484381,6356422158360,btc_qm_engine,btc_sha256_nonce,2814985455.0000000000
8484382,6356422158865,btc_qm_engine,btc_sha256_nonce,3162226839.0000000000
8484383,6356422158962,btc_qm_engine,btc_leading_zeros,0.0000000000
8484384,6356422159036,btc_qm_engine,btc_sha256_elapsed_ns,1009.0000000000
8484385,6356422159439,btc_qm_engine,btc_sha256_nonce,47648401.0000000000
8484386,6356422159522,btc_qm_engine,btc_leading_zeros,1.0000000000
8484387,6356422159603,btc_qm_engine,btc_sha256_elapsed_ns,1102.0000000000
8484388,6356422160176,btc_qm_engine,btc_leading_zeros,2.0000000000
8484389,6356422160314,btc_qm_engine,btc_sha256_elapsed_ns,969.0000000000
8484390,6356422160412,btc_qm_engine,btc_sha256_nonce,664345779.0000000000
8484391,6356422160494,btc_qm_engine,btc_leading_zeros,0.0000000000
8484392,6356422160561,btc_qm_engine,btc_sha256_elapsed_ns,1139.0000000000
8484393,6356422160873,btc_qm_engine,btc_leading_zeros,1.0000000000
8484394,6356422161321,btc_qm_engine,btc_sha256_elapsed_ns,981.0000000000
8484395,6356422161787,btc_qm_engine,btc_sha256_nonce,2727551365.0000000000
8484396,6356422162127,btc_qm_engine,btc_leading_zeros,0.0000000000
8484397,6356422162458,btc_qm_engine,btc_sha256_nonce,1684747877.0000000000
8484398,6356422162799,btc_qm_engine,btc_leading_zeros,3.0000000000
8484399,6356422162881,btc_qm_engine,btc_sha256_nonce,1025558270.0000000000
8484400,6356422162975,btc_qm_engine,btc_leading_zeros,0.0000000000
8484401,6356422163045,btc_qm_engine,btc_sha256_elapsed_ns,1072.0000000000
8484402,6356422163506,btc_qm_engine,btc_sha256_elapsed_ns,1059.0000000000
8484403,6356422163688,btc_qm_engine,btc_sha256_nonce,104306190.0000000000
8484404,6356422164068,btc_qm_engine,btc_sha256_elapsed_ns,1088.0000000000
8484405,6356422164640,btc_qm_engine,btc_leading_zeros,0.0000000000
8484406,6356422164915,btc_qm_engine,btc_sha256_nonce,1090633167.0000000000
8484407,6356422165120,btc_qm_engine,btc_sha256_nonce,3719952869.0000000000
8484408,6356422165479,btc_qm_engine,btc_leading_zeros,0.0000000000
8484409,6356422165653,btc_qm_engine,btc_leading_zeros,0.0000000000
8484410,6356422165870,btc_qm_engine,btc_sha256_elapsed_ns,1582.0000000000
8484411,6356422166204,btc_qm_engine,btc_sha256_elapsed_ns,1087.0000000000
8484412,6356422166536,btc_qm_engine,btc_sha256_elapsed_ns,1038.0000000000
8484413,6356422166909,btc_qm_engine,btc_sha256_nonce,4033982550.0000000000
8484414,6356422167254,btc_qm_engine,btc_leading_zeros,1.0000000000
8484415,6356422167322,btc_qm_engine,btc_sha256_elapsed_ns,1100.0000000000
8484416,6356422168634,btc_qm_engine,btc_sha256_nonce,2112085051.0000000000
8484417,6356422168790,btc_qm_engine,btc_sha256_nonce,1481368919.0000000000
8484418,6356422169101,btc_qm_engine,btc_sha256_elapsed_ns,1096.0000000000
8484419,6356422169699,btc_qm_engine,btc_sha256_nonce,3468009072.0000000000
8484420,6356422169881,btc_qm_engine,btc_leading_zeros,1.0000000000
8484421,6356422170220,btc_qm_engine,btc_sha256_nonce,1640413324.0000000000
8484422,6356422170524,btc_qm_engine,btc_leading_zeros,0.0000000000
8484423,6356422170626,btc_qm_engine,btc_leading_zeros,2.0000000000
8484424,6356422170765,btc_qm_engine,btc_sha256_nonce,3917341323.0000000000
8484425,6356422170999,btc_qm_engine,btc_leading_zeros,0.0000000000
8484426,6356422171163,btc_qm_engine,btc_sha256_elapsed_ns,972.0000000000
8484427,6356422171531,btc_qm_engine,btc_sha256_elapsed_ns,1116.0000000000
8484428,6356422171713,btc_qm_engine,btc_leading_zeros,0.0000000000
8484429,6356422171904,btc_qm_engine,btc_leading_zeros,0.0000000000
8484430,6356422172137,btc_qm_engine,btc_sha256_elapsed_ns,1062.0000000000
8484431,6356422172274,btc_qm_engine,btc_sha256_elapsed_ns,991.0000000000
8484432,6356422172503,btc_qm_engine,btc_sha256_nonce,1118931502.0000000000
8484433,6356422172568,btc_qm_engine,btc_leading_zeros,0.0000000000
8484434,6356422172619,btc_qm_engine,btc_sha256_elapsed_ns,748.0000000000
8484435,6356422172795,btc_qm_engine,btc_sha256_nonce,1684661933.0000000000
8484436,6356422172954,btc_qm_engine,btc_leading_zeros,1.0000000000
8484437,6356422173109,btc_qm_engine,btc_sha256_elapsed_ns,1126.0000000000
8484438,6356422173337,btc_qm_engine,btc_sha256_elapsed_ns,1134.0000000000
8484439,6356422173510,btc_qm_engine,btc_sha256_nonce,3245949794.0000000000
8484440,6356422173800,btc_qm_engine,btc_sha256_nonce,3699278719.0000000000
8484441,6356422173881,btc_qm_engine,btc_leading_zeros,0.0000000000
8484442,6356422174199,btc_qm_engine,btc_sha256_nonce,360982608.0000000000
8484443,6356422174327,btc_qm_engine,btc_leading_zeros,1.0000000000
8484444,6356422174628,btc_qm_engine,btc_sha256_elapsed_ns,746.0000000000
8484445,6356422174799,btc_qm_engine,btc_sha256_elapsed_ns,960.0000000000
8484446,6356422175257,btc_qm_engine,btc_sha256_nonce,1204586654.0000000000
8484447,6356422175793,btc_qm_engine,btc_sha256_elapsed_ns,1003.0000000000
8484448,6356422175962,btc_qm_engine,btc_sha256_nonce,4000774522.0000000000
8484449,6356422176079,btc_qm_engine,btc_leading_zeros,0.0000000000
8484450,6356422176132,btc_qm_engine,btc_sha256_elapsed_ns,890.0000000000
8484451,6356422177040,btc_qm_engine,btc_sha256_nonce,4222803484.0000000000
8484452,6356422177090,btc_qm_engine,btc_leading_zeros,2.0000000000
8484453,6356422177143,btc_qm_engine,btc_sha256_elapsed_ns,733.0000000000
8484454,6356422177712,btc_qm_engine,btc_sha256_nonce,1772262803.0000000000
8484455,6356422177795,btc_qm_engine,btc_leading_zeros,3.0000000000
8484456,6356422177864,btc_qm_engine,btc_sha256_elapsed_ns,1101.0000000000
8484457,6356422178183,btc_qm_engine,btc_sha256_nonce,1581283289.0000000000
8484458,6356422178260,btc_qm_engine,btc_leading_zeros,9.0000000000
8484459,6356422178588,btc_qm_engine,btc_sha256_elapsed_ns,800.0000000000
8484460,6356422178962,btc_qm_engine,btc_leading_zeros,0.0000000000
8484461,6356422179141,btc_qm_engine,btc_sha256_nonce,2735466448.0000000000
8484462,6356422179236,btc_qm_engine,btc_leading_zeros,0.0000000000
8484463,6356422179369,btc_qm_engine,btc_sha256_elapsed_ns,1034.0000000000
8484464,6356422179680,btc_qm_engine,btc_sha256_nonce,4175260264.0000000000
8484465,6356422179894,btc_qm_engine,btc_sha256_elapsed_ns,962.0000000000
8484466,6356422180106,btc_qm_engine,btc_leading_zeros,2.0000000000
8484467,6356422180664,btc_qm_engine,btc_sha256_nonce,2288079028.0000000000
8484468,6356422180836,btc_qm_engine,btc_sha256_elapsed_ns,1270.0000000000
8484469,6356422180985,btc_qm_engine,btc_sha256_nonce,591135703.0000000000
8484470,6356422181358,btc_qm_engine,btc_sha256_nonce,3697987001.0000000000
8484471,6356422181639,btc_qm_engine,btc_leading_zeros,4.0000000000
8484472,6356422181898,btc_qm_engine,btc_sha256_nonce,3581207337.0000000000
8484473,6356422182014,btc_qm_engine,btc_leading_zeros,0.0000000000
8484474,6356422182119,btc_qm_engine,btc_sha256_elapsed_ns,748.0000000000
8484475,6356422182306,btc_qm_engine,btc_leading_zeros,0.0000000000
8484476,6356422182634,btc_qm_engine,btc_sha256_elapsed_ns,1072.0000000000
8484477,6356422183161,btc_qm_engine,btc_sha256_nonce,552177838.0000000000
8484478,6356422183301,btc_qm_engine,btc_leading_zeros,0.0000000000
8484479,6356422183405,btc_qm_engine,btc_sha256_elapsed_ns,742.0000000000
8484480,6356422183675,btc_qm_engine,btc_sha256_nonce,1711123148.0000000000
8484481,6356422183840,btc_qm_engine,btc_leading_zeros,0.0000000000
8484482,6356422184022,btc_qm_engine,btc_leading_zeros,1.0000000000
8484483,6356422184318,btc_qm_engine,btc_sha256_elapsed_ns,1101.0000000000
8484484,6356422184731,btc_qm_engine,btc_sha256_nonce,1205585055.0000000000
8484485,6356422185059,btc_qm_engine,btc_sha256_elapsed_ns,1080.0000000000
8484486,6356422185338,btc_qm_engine,btc_sha256_elapsed_ns,848.0000000000
8484487,6356422185485,btc_qm_engine,btc_leading_zeros,3.0000000000
8484488,6356422185693,btc_qm_engine,btc_sha256_elapsed_ns,774.0000000000
8484489,6356422186115,btc_qm_engine,btc_leading_zeros,0.0000000000
8484490,6356422186256,btc_qm_engine,btc_sha256_nonce,3615390735.0000000000
8484491,6356422186328,btc_qm_engine,btc_leading_zeros,0.0000000000
8484492,6356422186400,btc_qm_engine,btc_sha256_elapsed_ns,1097.0000000000
8484493,6356422186516,btc_qm_engine,btc_sha256_nonce,3931841599.0000000000
8484494,6356422186631,btc_qm_engine,btc_leading_zeros,4.0000000000
8484495,6356422186857,btc_qm_engine,btc_sha256_nonce,4079258140.0000000000
8484496,6356422186942,btc_qm_engine,btc_leading_zeros,0.0000000000
8484497,6356422187014,btc_qm_engine,btc_sha256_elapsed_ns,975.0000000000
8484498,6356422187248,btc_qm_engine,btc_leading_zeros,0.0000000000
8484499,6356422187379,btc_qm_engine,btc_sha256_nonce,2074244159.0000000000
8484500,6356422187911,btc_qm_engine,btc_sha256_elapsed_ns,1020.0000000000
8484501,6356422188725,btc_qm_engine,btc_sha256_elapsed_ns,1090.0000000000
8484502,6356422189619,btc_qm_engine,btc_sha256_nonce,4167019086.0000000000
8484503,6356422189711,btc_qm_engine,btc_leading_zeros,0.0000000000
8484504,6356422189785,btc_qm_engine,btc_sha256_elapsed_ns,888.0000000000
8484505,6356422190329,btc_qm_engine,btc_sha256_nonce,260025996.0000000000
8484506,6356422190409,btc_qm_engine,btc_leading_zeros,0.0000000000
8484507,6356422190485,btc_qm_engine,btc_sha256_elapsed_ns,1068.0000000000
8484508,6356422190697,btc_qm_engine,btc_sha256_nonce,2469044608.0000000000
8484509,6356422190766,btc_qm_engine,btc_leading_zeros,0.0000000000
8484510,6356422190848,btc_qm_engine,btc_sha256_elapsed_ns,1082.0000000000
8484511,6356422191106,btc_qm_engine,btc_sha256_nonce,3493350435.0000000000
8484512,6356422191612,btc_qm_engine,btc_sha256_nonce,2877994025.0000000000
8484513,6356422191865,btc_qm_engine,btc_sha256_nonce,2827097204.0000000000
8484514,6356422191940,btc_qm_engine,btc_leading_zeros,2.0000000000
8484515,6356422192021,btc_qm_engine,btc_sha256_elapsed_ns,1045.0000000000
8484516,6356422192225,btc_qm_engine,btc_sha256_nonce,2167791914.0000000000
8484517,6356422192331,btc_qm_engine,btc_leading_zeros,0.0000000000
8484518,6356422193038,btc_qm_engine,btc_leading_zeros,0.0000000000
8484519,6356422193136,btc_qm_engine,btc_leading_zeros,1.0000000000
8484520,6356422193206,btc_qm_engine,btc_sha256_elapsed_ns,1013.0000000000
8484521,6356422193312,btc_qm_engine,btc_sha256_elapsed_ns,1027.0000000000
8484522,6356422193455,btc_qm_engine,btc_sha256_elapsed_ns,1085.0000000000
8484523,6356422194572,btc_qm_engine,btc_sha256_nonce,3853578088.0000000000
8484524,6356422194756,btc_qm_engine,btc_sha256_nonce,2334283247.0000000000
8484525,6356422194831,btc_qm_engine,btc_leading_zeros,0.0000000000
8484526,6356422194900,btc_qm_engine,btc_sha256_elapsed_ns,1097.0000000000
8484527,6356422195092,btc_qm_engine,btc_sha256_nonce,309385235.0000000000
8484528,6356422195537,btc_qm_engine,btc_leading_zeros,0.0000000000
8484529,6356422195935,btc_qm_engine,btc_sha256_elapsed_ns,1067.0000000000
8484530,6356422196107,btc_qm_engine,btc_leading_zeros,1.0000000000
8484531,6356422196503,btc_qm_engine,btc_leading_zeros,0.0000000000
8484532,6356422196755,btc_qm_engine,btc_sha256_nonce,508730182.0000000000
8484533,6356422196890,btc_qm_engine,btc_sha256_elapsed_ns,1156.0000000000
8484534,6356422197090,btc_qm_engine,btc_sha256_elapsed_ns,770.0000000000
8484535,6356422197713,btc_qm_engine,btc_leading_zeros,1.0000000000
8484536,6356422197902,btc_qm_engine,btc_sha256_elapsed_ns,1043.0000000000
8484537,6356422198157,btc_qm_engine,btc_sha256_elapsed_ns,1093.0000000000
8484538,6356422198261,btc_qm_engine,btc_sha256_nonce,999624241.0000000000
8484539,6356422198386,btc_qm_engine,btc_sha256_nonce,3645717407.0000000000
8484540,6356422198476,btc_qm_engine,btc_sha256_nonce,2878471853.0000000000
8484541,6356422198617,btc_qm_engine,btc_leading_zeros,0.0000000000
8484542,6356422198737,btc_qm_engine,btc_sha256_elapsed_ns,915.0000000000
8484543,6356422198900,btc_qm_engine,btc_leading_zeros,0.0000000000
8484544,6356422199236,btc_qm_engine,btc_leading_zeros,0.0000000000
8484545,6356422199401,btc_qm_engine,btc_sha256_nonce,341326185.0000000000
8484546,6356422200108,btc_qm_engine,btc_sha256_nonce,3844294717.0000000000
8484547,6356422200201,btc_qm_engine,btc_leading_zeros,0.0000000000
8484548,6356422200262,btc_qm_engine,btc_sha256_elapsed_ns,1093.0000000000
8484549,6356422200382,btc_qm_engine,btc_sha256_nonce,1205861155.0000000000
8484550,6356422200572,btc_qm_engine,btc_leading_zeros,2.0000000000
8484551,6356422201303,btc_qm_engine,btc_sha256_nonce,2408797103.0000000000
8484552,6356422201422,btc_qm_engine,btc_sha256_elapsed_ns,962.0000000000
8484553,6356422201840,btc_qm_engine,btc_leading_zeros,1.0000000000
8484554,6356422202218,btc_qm_engine,btc_sha256_elapsed_ns,1101.0000000000
8484555,6356422202306,btc_qm_engine,btc_sha256_nonce,858961902.0000000000
8484556,6356422202629,btc_qm_engine,btc_leading_zeros,0.0000000000
8484557,6356422202725,btc_qm_engine,btc_sha256_elapsed_ns,958.0000000000
8484558,6356422202868,btc_qm_engine,btc_sha256_nonce,1197658355.0000000000
8484559,6356422202949,btc_qm_engine,btc_leading_zeros,2.0000000000
8484560,6356422203013,btc_qm_engine,btc_sha256_elapsed_ns,1107.0000000000
8484561,6356422203571,btc_qm_engine,btc_sha256_nonce,3246569013.0000000000
8484562,6356422203650,btc_qm_engine,btc_leading_zeros,2.0000000000
8484563,6356422203721,btc_qm_engine,btc_sha256_elapsed_ns,1080.0000000000
8484564,6356422203999,btc_qm_engine,btc_sha256_nonce,3936650387.0000000000
8484565,6356422204168,btc_qm_engine,btc_sha256_elapsed_ns,922.0000000000
8484566,6356422204287,btc_qm_engine,btc_sha256_nonce,2877871902.0000000000
8484567,6356422204349,btc_qm_engine,btc_leading_zeros,2.0000000000
8484568,6356422204449,btc_qm_engine,btc_sha256_elapsed_ns,1046.0000000000
8484569,6356422204726,btc_qm_engine,btc_sha256_elapsed_ns,1130.0000000000
8484570,6356422205079,btc_qm_engine,btc_sha256_nonce,3306064229.0000000000
8484571,6356422205160,btc_qm_engine,btc_leading_zeros,0.0000000000
8484572,6356422205216,btc_qm_engine,btc_sha256_elapsed_ns,1109.0000000000
8484573,6356422205462,btc_qm_engine,btc_sha256_nonce,1325845971.0000000000
8484574,6356422205535,btc_qm_engine,btc_leading_zeros,0.0000000000
8484575,6356422205586,btc_qm_engine,btc_sha256_elapsed_ns,787.0000000000
8484576,6356422206321,btc_qm_engine,btc_sha256_nonce,1684800198.0000000000
8484577,6356422206659,btc_qm_engine,btc_sha256_nonce,2619803693.0000000000
8484578,6356422206737,btc_qm_engine,btc_leading_zeros,3.0000000000
8484579,6356422206823,btc_qm_engine,btc_sha256_elapsed_ns,1119.0000000000
8484580,6356422207463,btc_qm_engine,btc_leading_zeros,0.0000000000
8484581,6356422208828,btc_qm_engine,btc_sha256_nonce,4251461913.0000000000
8484582,6356422208915,btc_qm_engine,btc_leading_zeros,0.0000000000
8484583,6356422208985,btc_qm_engine,btc_sha256_elapsed_ns,1112.0000000000
8484584,6356422210308,btc_qm_engine,btc_sha256_elapsed_ns,871.0000000000
8484585,6356422210814,btc_qm_engine,btc_sha256_nonce,3683538919.0000000000
8484586,6356422210892,btc_qm_engine,btc_leading_zeros,1.0000000000
8484587,6356422210964,btc_qm_engine,btc_sha256_elapsed_ns,1055.0000000000
8484588,6356422211592,btc_qm_engine,btc_sha256_nonce,643238244.0000000000
8484589,6356422211672,btc_qm_engine,btc_leading_zeros,1.0000000000
8484590,6356422211758,btc_qm_engine,btc_sha256_elapsed_ns,1154.0000000000
8484591,6356422211981,btc_qm_engine,btc_sha256_nonce,3486198381.0000000000
8484592,6356422212298,btc_qm_engine,btc_sha256_nonce,1149726765.0000000000
8484593,6356422212405,btc_qm_engine,btc_leading_zeros,3.0000000000
8484594,6356422212457,btc_qm_engine,btc_sha256_elapsed_ns,1077.0000000000
8484595,6356422212616,btc_qm_engine,btc_leading_zeros,0.0000000000
8484596,6356422213027,btc_qm_engine,btc_sha256_nonce,420672801.0000000000
8484597,6356422213220,btc_qm_engine,btc_sha256_elapsed_ns,1135.0000000000
8484598,6356422213492,btc_qm_engine,btc_leading_zeros,1.0000000000
8484599,6356422213563,btc_qm_engine,btc_sha256_elapsed_ns,733.0000000000
8484600,6356422213733,btc_qm_engine,btc_sha256_nonce,3050574090.0000000000
8484601,6356422214074,btc_qm_engine,btc_leading_zeros,1.0000000000
8484602,6356422214149,btc_qm_engine,btc_sha256_elapsed_ns,932.0000000000
8484603,6356422214352,btc_qm_engine,btc_sha256_nonce,3245458183.0000000000
8484604,6356422214424,btc_qm_engine,btc_leading_zeros,1.0000000000
8484605,6356422214499,btc_qm_engine,btc_sha256_elapsed_ns,1098.0000000000
8484606,6356422214908,btc_qm_engine,btc_sha256_nonce,1179166010.0000000000
8484607,6356422214988,btc_qm_engine,btc_leading_zeros,0.0000000000
8484608,6356422215058,btc_qm_engine,btc_sha256_elapsed_ns,1110.0000000000
8484609,6356422215208,btc_qm_engine,btc_sha256_nonce,3273522111.0000000000
8484610,6356422215288,btc_qm_engine,btc_leading_zeros,1.0000000000
8484611,6356422215357,btc_qm_engine,btc_sha256_elapsed_ns,1045.0000000000
8484612,6356422215503,btc_qm_engine,btc_sha256_nonce,1642251487.0000000000
8484613,6356422215580,btc_qm_engine,btc_leading_zeros,4.0000000000
8484614,6356422215687,btc_qm_engine,btc_sha256_elapsed_ns,1068.0000000000
8484615,6356422215789,btc_qm_engine,btc_sha256_nonce,1579575029.0000000000
8484616,6356422216223,btc_qm_engine,btc_leading_zeros,0.0000000000
8484617,6356422216312,btc_qm_engine,btc_sha256_elapsed_ns,6152.0000000000
8484618,6356422216450,btc_qm_engine,btc_sha256_nonce,1832568071.0000000000
8484619,6356422216804,btc_qm_engine,btc_leading_zeros,1.0000000000
8484620,6356422216928,btc_qm_engine,btc_sha256_nonce,1133586455.0000000000
8484621,6356422217117,btc_qm_engine,btc_sha256_nonce,3832533637.0000000000
8484622,6356422217549,btc_qm_engine,btc_sha256_nonce,3126440726.0000000000
8484623,6356422217638,btc_qm_engine,btc_sha256_elapsed_ns,1086.0000000000
8484624,6356422217841,btc_qm_engine,btc_leading_zeros,0.0000000000
8484625,6356422218117,btc_qm_engine,btc_leading_zeros,2.0000000000
8484626,6356422218519,btc_qm_engine,btc_sha256_elapsed_ns,1037.0000000000
8484627,6356422218586,btc_qm_engine,btc_sha256_elapsed_ns,984.0000000000
8484628,6356422219396,btc_qm_engine,btc_sha256_nonce,2494444591.0000000000
8484629,6356422219469,btc_qm_engine,btc_leading_zeros,2.0000000000
8484630,6356422219539,btc_qm_engine,btc_sha256_elapsed_ns,1047.0000000000
8484631,6356422219710,btc_qm_engine,btc_leading_zeros,4.0000000000
8484632,6356422219871,btc_qm_engine,btc_leading_zeros,0.0000000000
8484633,6356422220204,btc_qm_engine,btc_sha256_elapsed_ns,1057.0000000000
8484634,6356422220388,btc_qm_engine,btc_sha256_nonce,2157793176.0000000000
8484635,6356422220625,btc_qm_engine,btc_sha256_elapsed_ns,1055.0000000000
8484636,6356422220854,btc_qm_engine,btc_leading_zeros,0.0000000000
8484637,6356422221070,btc_qm_engine,btc_sha256_elapsed_ns,1009.0000000000
8484638,6356422221497,btc_qm_engine,btc_sha256_nonce,3246062456.0000000000
8484639,6356422222125,btc_qm_engine,btc_sha256_nonce,4233204344.0000000000
8484640,6356422222269,btc_qm_engine,btc_sha256_nonce,3980590267.0000000000
8484641,6356422222671,btc_qm_engine,btc_leading_zeros,0.0000000000
8484642,6356422222982,btc_qm_engine,btc_sha256_nonce,2276670007.0000000000
8484643,6356422223417,btc_qm_engine,btc_leading_zeros,1.0000000000
8484644,6356422224788,btc_qm_engine,btc_sha256_nonce,3954966523.0000000000
8484645,6356422224871,btc_qm_engine,btc_leading_zeros,0.0000000000
8484646,6356422224936,btc_qm_engine,btc_sha256_elapsed_ns,5938.0000000000
8484647,6356422225065,btc_qm_engine,btc_leading_zeros,2.0000000000
8484648,6356422225184,btc_qm_engine,btc_sha256_elapsed_ns,1082.0000000000
8484649,6356422225930,btc_qm_engine,btc_leading_zeros,1.0000000000
8484650,6356422226381,btc_qm_engine,btc_sha256_nonce,778341634.0000000000
8484651,6356422226638,btc_qm_engine,btc_sha256_nonce,3268341737.0000000000
8484652,6356422226765,btc_qm_engine,btc_leading_zeros,0.0000000000
8484653,6356422227056,btc_qm_engine,btc_leading_zeros,1.0000000000
8484654,6356422227299,btc_qm_engine,btc_sha256_elapsed_ns,898.0000000000
8484655,6356422227696,btc_qm_engine,btc_sha256_elapsed_ns,979.0000000000
8484656,6356422227969,btc_qm_engine,btc_sha256_elapsed_ns,1194.0000000000
8484657,6356422228382,btc_qm_engine,btc_sha256_nonce,1787221985.0000000000
8484658,6356422228654,btc_qm_engine,btc_leading_zeros,1.0000000000
8484659,6356422228706,btc_qm_engine,btc_sha256_elapsed_ns,892.0000000000
8484660,6356422229445,btc_qm_engine,btc_sha256_nonce,3082581009.0000000000
8484661,6356422229523,btc_qm_engine,btc_leading_zeros,3.0000000000
8484662,6356422229595,btc_qm_engine,btc_sha256_elapsed_ns,1041.0000000000
8484663,6356422229769,btc_qm_engine,btc_sha256_nonce,4193865098.0000000000
8484664,6356422229904,btc_qm_engine,btc_leading_zeros,1.0000000000
8484665,6356422229993,btc_qm_engine,btc_sha256_elapsed_ns,825.0000000000
8484666,6356422230346,btc_qm_engine,btc_sha256_nonce,2573882656.0000000000
8484667,6356422230789,btc_qm_engine,btc_sha256_elapsed_ns,1048.0000000000
8484668,6356422230926,btc_qm_engine,btc_leading_zeros,0.0000000000
8484669,6356422231138,btc_qm_engine,btc_sha256_elapsed_ns,1187.0000000000
8484670,6356422231737,btc_qm_engine,btc_sha256_nonce,84892328.0000000000
8484671,6356422231993,btc_qm_engine,btc_sha256_nonce,91901162.0000000000
8484672,6356422232412,btc_qm_engine,btc_leading_zeros,0.0000000000
8484673,6356422232767,btc_qm_engine,btc_sha256_nonce,4013358957.0000000000
8484674,6356422233270,btc_qm_engine,btc_leading_zeros,0.0000000000
8484675,6356422233321,btc_qm_engine,btc_sha256_elapsed_ns,924.0000000000
8484676,6356422233484,btc_qm_engine,btc_sha256_nonce,1888620697.0000000000
8484677,6356422233644,btc_qm_engine,btc_leading_zeros,0.0000000000
8484678,6356422234166,btc_qm_engine,btc_leading_zeros,0.0000000000
8484679,6356422234317,btc_qm_engine,btc_sha256_elapsed_ns,761.0000000000
8484680,6356422234751,btc_qm_engine,btc_leading_zeros,2.0000000000
8484681,6356422234822,btc_qm_engine,btc_sha256_elapsed_ns,1013.0000000000
8484682,6356422235033,btc_qm_engine,btc_sha256_nonce,3363964063.0000000000
8484683,6356422235111,btc_qm_engine,btc_sha256_elapsed_ns,997.0000000000
8484684,6356422235227,btc_qm_engine,btc_sha256_elapsed_ns,1079.0000000000
8484685,6356422235402,btc_qm_engine,btc_leading_zeros,1.0000000000
8484686,6356422235486,btc_qm_engine,btc_sha256_elapsed_ns,967.0000000000
8484687,6356422236071,btc_qm_engine,btc_sha256_nonce,1886761089.0000000000
8484688,6356422236148,btc_qm_engine,btc_leading_zeros,0.0000000000
8484689,6356422236217,btc_qm_engine,btc_sha256_elapsed_ns,1062.0000000000
8484690,6356422236353,btc_qm_engine,btc_sha256_nonce,1304929437.0000000000
8484691,6356422236614,btc_qm_engine,btc_sha256_nonce,3223924662.0000000000
8484692,6356422236756,btc_qm_engine,btc_sha256_nonce,3495391944.0000000000
8484693,6356422236886,btc_qm_engine,btc_sha256_nonce,172215803.0000000000
8484694,6356422237098,btc_qm_engine,btc_leading_zeros,1.0000000000
8484695,6356422237478,btc_qm_engine,btc_sha256_nonce,44097815.0000000000
8484696,6356422237595,btc_qm_engine,btc_leading_zeros,1.0000000000
8484697,6356422237891,btc_qm_engine,btc_leading_zeros,0.0000000000
8484698,6356422238299,btc_qm_engine,btc_sha256_elapsed_ns,1094.0000000000
8484699,6356422238797,btc_qm_engine,btc_sha256_elapsed_ns,1116.0000000000
8484700,6356422240157,btc_qm_engine,btc_sha256_nonce,2397688362.0000000000
8484701,6356422240219,btc_qm_engine,btc_leading_zeros,0.0000000000
8484702,6356422240315,btc_qm_engine,btc_sha256_elapsed_ns,1127.0000000000
8484703,6356422240472,btc_qm_engine,btc_sha256_elapsed_ns,1080.0000000000
8484704,6356422240790,btc_qm_engine,btc_sha256_nonce,1049676297.0000000000
8484705,6356422241162,btc_qm_engine,btc_leading_zeros,0.0000000000
8484706,6356422241235,btc_qm_engine,btc_sha256_elapsed_ns,1044.0000000000
8484707,6356422241588,btc_qm_engine,btc_sha256_nonce,453476106.0000000000
8484708,6356422241665,btc_qm_engine,btc_leading_zeros,1.0000000000
8484709,6356422241739,btc_qm_engine,btc_sha256_elapsed_ns,841.0000000000
8484710,6356422241984,btc_qm_engine,btc_leading_zeros,1.0000000000
8484711,6356422242295,btc_qm_engine,btc_sha256_elapsed_ns,1096.0000000000
8484712,6356422242572,btc_qm_engine,btc_sha256_nonce,4027438606.0000000000
8484713,6356422242646,btc_qm_engine,btc_leading_zeros,1.0000000000
8484714,6356422242712,btc_qm_engine,btc_sha256_elapsed_ns,1110.0000000000
8484715,6356422242864,btc_qm_engine,btc_sha256_elapsed_ns,1318.0000000000
8484716,6356422242993,btc_qm_engine,btc_sha256_nonce,1258308857.0000000000
8484717,6356422243062,btc_qm_engine,btc_leading_zeros,0.0000000000
8484718,6356422243233,btc_qm_engine,btc_sha256_elapsed_ns,968.0000000000
8484719,6356422243670,btc_qm_engine,btc_leading_zeros,0.0000000000
8484720,6356422243840,btc_qm_engine,btc_sha256_nonce,1960672024.0000000000
8484721,6356422243990,btc_qm_engine,btc_sha256_nonce,2621761161.0000000000
8484722,6356422244183,btc_qm_engine,btc_leading_zeros,2.0000000000
8484723,6356422244360,btc_qm_engine,btc_sha256_nonce,3653139902.0000000000
8484724,6356422244434,btc_qm_engine,btc_leading_zeros,1.0000000000
8484725,6356422244503,btc_qm_engine,btc_sha256_elapsed_ns,1038.0000000000
8484726,6356422244783,btc_qm_engine,btc_leading_zeros,0.0000000000
8484727,6356422244904,btc_qm_engine,btc_sha256_elapsed_ns,946.0000000000
8484728,6356422245075,btc_qm_engine,btc_sha256_nonce,301606532.0000000000
8484729,6356422245182,btc_qm_engine,btc_leading_zeros,4.0000000000
8484730,6356422245584,btc_qm_engine,btc_sha256_nonce,1183856357.0000000000
8484731,6356422246160,btc_qm_engine,btc_sha256_elapsed_ns,1090.0000000000
8484732,6356422246542,btc_qm_engine,btc_leading_zeros,1.0000000000
8484733,6356422246837,btc_qm_engine,btc_sha256_nonce,2765493726.0000000000
8484734,6356422247051,btc_qm_engine,btc_sha256_elapsed_ns,941.0000000000
8484735,6356422247269,btc_qm_engine,btc_sha256_elapsed_ns,1175.0000000000
8484736,6356422247640,btc_qm_engine,btc_leading_zeros,0.0000000000
8484737,6356422247993,btc_qm_engine,btc_sha256_elapsed_ns,1014.0000000000
8484738,6356422248206,btc_qm_engine,btc_sha256_nonce,2878324607.0000000000
8484739,6356422248355,btc_qm_engine,btc_sha256_nonce,3245349989.0000000000
8484740,6356422248706,btc_qm_engine,btc_sha256_nonce,453889848.0000000000
8484741,6356422248928,btc_qm_engine,btc_leading_zeros,1.0000000000
8484742,6356422249090,btc_qm_engine,btc_sha256_nonce,3327018455.0000000000
8484743,6356422249208,btc_qm_engine,btc_leading_zeros,0.0000000000
8484744,6356422249904,btc_qm_engine,btc_leading_zeros,2.0000000000
8484745,6356422250024,btc_qm_engine,btc_sha256_nonce,2419893545.0000000000
8484746,6356422250451,btc_qm_engine,btc_leading_zeros,2.0000000000
8484747,6356422250517,btc_qm_engine,btc_sha256_elapsed_ns,1001.0000000000
8484748,6356422250683,btc_qm_engine,btc_sha256_elapsed_ns,1126.0000000000
8484749,6356422251425,btc_qm_engine,btc_sha256_nonce,3204101798.0000000000
8484750,6356422251741,btc_qm_engine,btc_sha256_nonce,1205688979.0000000000
8484751,6356422252001,btc_qm_engine,btc_sha256_nonce,3534610695.0000000000
8484752,6356422252185,btc_qm_engine,btc_leading_zeros,0.0000000000
8484753,6356422252501,btc_qm_engine,btc_leading_zeros,2.0000000000
8484754,6356422252859,btc_qm_engine,btc_sha256_elapsed_ns,1085.0000000000
8484755,6356422253180,btc_qm_engine,btc_sha256_elapsed_ns,945.0000000000
8484756,6356422253497,btc_qm_engine,btc_sha256_elapsed_ns,1013.0000000000
8484757,6356422254598,btc_qm_engine,btc_sha256_nonce,3471864859.0000000000
8484758,6356422254661,btc_qm_engine,btc_leading_zeros,2.0000000000
8484759,6356422254718,btc_qm_engine,btc_sha256_elapsed_ns,738.0000000000
8484760,6356422254814,btc_qm_engine,btc_sha256_nonce,632178547.0000000000
8484761,6356422254961,btc_qm_engine,btc_leading_zeros,2.0000000000
8484762,6356422255219,btc_qm_engine,btc_sha256_elapsed_ns,970.0000000000
8484763,6356422255430,btc_qm_engine,btc_sha256_elapsed_ns,1094.0000000000
8484764,6356422255562,btc_qm_engine,btc_sha256_elapsed_ns,1098.0000000000
8484765,6356422255861,btc_qm_engine,btc_sha256_nonce,687486231.0000000000
8484766,6356422256266,btc_qm_engine,btc_leading_zeros,1.0000000000
8484767,6356422256338,btc_qm_engine,btc_sha256_elapsed_ns,965.0000000000
8484768,6356422256709,btc_qm_engine,btc_sha256_nonce,722749701.0000000000
8484769,6356422256998,btc_qm_engine,btc_sha256_nonce,2391531736.0000000000
8484770,6356422257212,btc_qm_engine,btc_leading_zeros,0.0000000000
8484771,6356422257715,btc_qm_engine,btc_sha256_nonce,3607169331.0000000000
8484772,6356422257896,btc_qm_engine,btc_sha256_nonce,1205258535.0000000000
8484773,6356422257979,btc_qm_engine,btc_leading_zeros,0.0000000000
8484774,6356422258394,btc_qm_engine,btc_sha256_elapsed_ns,1153.0000000000
8484775,6356422258774,btc_qm_engine,btc_leading_zeros,0.0000000000
8484776,6356422259206,btc_qm_engine,btc_sha256_elapsed_ns,985.0000000000
8484777,6356422259845,btc_qm_engine,btc_sha256_elapsed_ns,1130.0000000000
8484778,6356422260032,btc_qm_engine,btc_leading_zeros,0.0000000000
8484779,6356422260492,btc_qm_engine,btc_leading_zeros,2.0000000000
8484780,6356422260724,btc_qm_engine,btc_sha256_elapsed_ns,1064.0000000000
8484781,6356422260812,btc_qm_engine,btc_sha256_elapsed_ns,1057.0000000000
8484782,6356422261338,btc_qm_engine,btc_sha256_nonce,1200637842.0000000000
8484783,6356422261679,btc_qm_engine,btc_leading_zeros,1.0000000000
8484784,6356422262125,btc_qm_engine,btc_leading_zeros,1.0000000000
8484785,6356422262658,btc_qm_engine,btc_sha256_nonce,2878314455.0000000000
8484786,6356422262836,btc_qm_engine,btc_sha256_elapsed_ns,982.0000000000
8484787,6356422263159,btc_qm_engine,btc_sha256_nonce,3844614363.0000000000
8484788,6356422263492,btc_qm_engine,btc_leading_zeros,0.0000000000
8484789,6356422263560,btc_qm_engine,btc_leading_zeros,0.0000000000
8484790,6356422263880,btc_qm_engine,btc_sha256_elapsed_ns,1139.0000000000
8484791,6356422264268,btc_qm_engine,btc_sha256_elapsed_ns,1122.0000000000
8484792,6356422264395,btc_qm_engine,btc_sha256_nonce,3839363418.0000000000
8484793,6356422264483,btc_qm_engine,btc_leading_zeros,3.0000000000
8484794,6356422264545,btc_qm_engine,btc_sha256_elapsed_ns,770.0000000000
8484795,6356422264632,btc_qm_engine,btc_sha256_elapsed_ns,1080.0000000000
8484796,6356422265536,btc_qm_engine,btc_sha256_nonce,3584427041.0000000000
8484797,6356422265611,btc_qm_engine,btc_leading_zeros,0.0000000000
8484798,6356422265685,btc_qm_engine,btc_sha256_elapsed_ns,1104.0000000000
8484799,6356422265875,btc_qm_engine,btc_sha256_nonce,456602262.0000000000
8484800,6356422266031,btc_qm_engine,btc_sha256_nonce,1205326588.0000000000
8484801,6356422266333,btc_qm_engine,btc_leading_zeros,0.0000000000
8484802,6356422266412,btc_qm_engine,btc_sha256_elapsed_ns,1077.0000000000
8484803,6356422266499,btc_qm_engine,btc_leading_zeros,3.0000000000
8484804,6356422266907,btc_qm_engine,btc_sha256_nonce,412020457.0000000000
8484805,6356422267157,btc_qm_engine,btc_sha256_nonce,3521441262.0000000000
8484806,6356422267541,btc_qm_engine,btc_sha256_nonce,217778399.0000000000
8484807,6356422267750,btc_qm_engine,btc_sha256_nonce,2667964438.0000000000
8484808,6356422267909,btc_qm_engine,btc_leading_zeros,3.0000000000
8484809,6356422268624,btc_qm_engine,btc_sha256_nonce,2423522176.0000000000
8484810,6356422269091,btc_qm_engine,btc_leading_zeros,0.0000000000
8484811,6356422269221,btc_qm_engine,btc_sha256_elapsed_ns,1035.0000000000
8484812,6356422269772,btc_qm_engine,btc_sha256_elapsed_ns,943.0000000000
8484813,6356422270306,btc_qm_engine,btc_sha256_nonce,453591832.0000000000
8484814,6356422270383,btc_qm_engine,btc_leading_zeros,2.0000000000
8484815,6356422270446,btc_qm_engine,btc_sha256_elapsed_ns,5399.0000000000
8484816,6356422270567,btc_qm_engine,btc_sha256_nonce,2739263142.0000000000
8484817,6356422270642,btc_qm_engine,btc_leading_zeros,0.0000000000
8484818,6356422270705,btc_qm_engine,btc_sha256_elapsed_ns,1110.0000000000
8484819,6356422270901,btc_qm_engine,btc_leading_zeros,1.0000000000
8484820,6356422271033,btc_qm_engine,btc_sha256_nonce,3653495178.0000000000
8484821,6356422271100,btc_qm_engine,btc_leading_zeros,0.0000000000
8484822,6356422271167,btc_qm_engine,btc_sha256_elapsed_ns,826.0000000000
8484823,6356422271284,btc_qm_engine,btc_sha256_elapsed_ns,1005.0000000000
8484824,6356422271823,btc_qm_engine,btc_sha256_elapsed_ns,1078.0000000000
8484825,6356422271943,btc_qm_engine,btc_sha256_nonce,226041378.0000000000
8484826,6356422272070,btc_qm_engine,btc_sha256_nonce,2797523486.0000000000
8484827,6356422272266,btc_qm_engine,btc_leading_zeros,0.0000000000
8484828,6356422272441,btc_qm_engine,btc_sha256_nonce,3202154903.0000000000
8484829,6356422272648,btc_qm_engine,btc_leading_zeros,1.0000000000
8484830,6356422273308,btc_qm_engine,btc_sha256_nonce,3364028629.0000000000
8484831,6356422273402,btc_qm_engine,btc_leading_zeros,0.0000000000
8484832,6356422273478,btc_qm_engine,btc_sha256_elapsed_ns,925.0000000000
8484833,6356422273858,btc_qm_engine,btc_sha256_elapsed_ns,1030.0000000000
8484834,6356422274343,btc_qm_engine,btc_leading_zeros,0.0000000000
8484835,6356422274793,btc_qm_engine,btc_sha256_elapsed_ns,1095.0000000000
8484836,6356422275098,btc_qm_engine,btc_sha256_nonce,3363682582.0000000000
8484837,6356422275168,btc_qm_engine,btc_leading_zeros,0.0000000000
8484838,6356422275328,btc_qm_engine,btc_sha256_elapsed_ns,1116.0000000000
8484839,6356422275416,btc_qm_engine,btc_sha256_nonce,329481047.0000000000
8484840,6356422275484,btc_qm_engine,btc_leading_zeros,1.0000000000
8484841,6356422275557,btc_qm_engine,btc_sha256_elapsed_ns,1064.0000000000
8484842,6356422275832,btc_qm_engine,btc_sha256_elapsed_ns,1071.0000000000
8484843,6356422276110,btc_qm_engine,btc_sha256_nonce,1025770842.0000000000
8484844,6356422276186,btc_qm_engine,btc_leading_zeros,1.0000000000
8484845,6356422276264,btc_qm_engine,btc_sha256_elapsed_ns,1018.0000000000
8484846,6356422276924,btc_qm_engine,btc_sha256_nonce,2156123185.0000000000
8484847,6356422277372,btc_qm_engine,btc_leading_zeros,0.0000000000
8484848,6356422277600,btc_qm_engine,btc_sha256_nonce,343869279.0000000000
8484849,6356422277782,btc_qm_engine,btc_sha256_nonce,3327173017.0000000000
8484850,6356422277865,btc_qm_engine,btc_leading_zeros,0.0000000000
8484851,6356422278208,btc_qm_engine,btc_sha256_nonce,3245245077.0000000000
8484852,6356422278382,btc_qm_engine,btc_sha256_elapsed_ns,1137.0000000000
8484853,6356422278508,btc_qm_engine,btc_leading_zeros,0.0000000000
8484854,6356422278598,btc_qm_engine,btc_sha256_elapsed_ns,1119.0000000000
8484855,6356422278842,btc_qm_engine,btc_leading_zeros,2.0000000000
8484856,6356422279455,btc_qm_engine,btc_sha256_elapsed_ns,1125.0000000000
8484857,6356422279740,btc_qm_engine,btc_sha256_elapsed_ns,754.0000000000
8484858,6356422280219,btc_qm_engine,btc_sha256_nonce,359593292.0000000000
8484859,6356422280495,btc_qm_engine,btc_sha256_nonce,1998040678.0000000000
8484860,6356422280569,btc_qm_engine,btc_leading_zeros,1.0000000000
8484861,6356422280636,btc_qm_engine,btc_sha256_elapsed_ns,1017.0000000000
8484862,6356422281018,btc_qm_engine,btc_leading_zeros,0.0000000000
8484863,6356422281135,btc_qm_engine,btc_sha256_nonce,1723745943.0000000000
8484864,6356422281212,btc_qm_engine,btc_leading_zeros,1.0000000000
8484865,6356422281264,btc_qm_engine,btc_sha256_elapsed_ns,1086.0000000000
8484866,6356422281478,btc_qm_engine,btc_sha256_nonce,1777920181.0000000000
8484867,6356422281840,btc_qm_engine,btc_leading_zeros,1.0000000000
8484868,6356422282101,btc_qm_engine,btc_sha256_nonce,1702159243.0000000000
8484869,6356422282175,btc_qm_engine,btc_leading_zeros,1.0000000000
8484870,6356422282258,btc_qm_engine,btc_sha256_elapsed_ns,960.0000000000
8484871,6356422282444,btc_qm_engine,btc_sha256_elapsed_ns,1105.0000000000
8484872,6356422282968,btc_qm_engine,btc_sha256_nonce,1148699045.0000000000
8484873,6356422283039,btc_qm_engine,btc_leading_zeros,1.0000000000
8484874,6356422283115,btc_qm_engine,btc_sha256_elapsed_ns,1129.0000000000
8484875,6356422283584,btc_qm_engine,btc_sha256_nonce,4290639005.0000000000
8484876,6356422283663,btc_qm_engine,btc_leading_zeros,1.0000000000
8484877,6356422283731,btc_qm_engine,btc_sha256_elapsed_ns,1098.0000000000
8484878,6356422283935,btc_qm_engine,btc_sha256_nonce,1728936249.0000000000
8484879,6356422284266,btc_qm_engine,btc_leading_zeros,0.0000000000
8484880,6356422284344,btc_qm_engine,btc_sha256_elapsed_ns,1099.0000000000
8484881,6356422284484,btc_qm_engine,btc_sha256_nonce,2368016680.0000000000
8484882,6356422284646,btc_qm_engine,btc_leading_zeros,1.0000000000
8484883,6356422284798,btc_qm_engine,btc_sha256_elapsed_ns,1065.0000000000
8484884,6356422285349,btc_qm_engine,btc_sha256_nonce,3543817808.0000000000
8484885,6356422285518,btc_qm_engine,btc_sha256_nonce,2878114713.0000000000
8484886,6356422285707,btc_qm_engine,btc_sha256_nonce,2502907728.0000000000
8484887,6356422285822,btc_qm_engine,btc_leading_zeros,4.0000000000
8484888,6356422285978,btc_qm_engine,btc_leading_zeros,0.0000000000
8484889,6356422286271,btc_qm_engine,btc_leading_zeros,1.0000000000
8484890,6356422286456,btc_qm_engine,btc_sha256_elapsed_ns,1079.0000000000
8484891,6356422286680,btc_qm_engine,btc_sha256_elapsed_ns,1094.0000000000
8484892,6356422286835,btc_qm_engine,btc_sha256_nonce,3201324054.0000000000
8484893,6356422287028,btc_qm_engine,btc_leading_zeros,1.0000000000
8484894,6356422287110,btc_qm_engine,btc_sha256_elapsed_ns,950.0000000000
8484895,6356422287252,btc_qm_engine,btc_sha256_elapsed_ns,924.0000000000
8484896,6356422287816,btc_qm_engine,btc_sha256_nonce,1983219624.0000000000
8484897,6356422287881,btc_qm_engine,btc_leading_zeros,2.0000000000
8484898,6356422287936,btc_qm_engine,btc_sha256_elapsed_ns,727.0000000000
8484899,6356422288156,btc_qm_engine,btc_sha256_nonce,3550649056.0000000000
8484900,6356422288738,btc_qm_engine,btc_sha256_nonce,3245996992.0000000000
8484901,6356422289021,btc_qm_engine,btc_sha256_nonce,3664702417.0000000000
8484902,6356422289284,btc_qm_engine,btc_leading_zeros,0.0000000000
8484903,6356422289559,btc_qm_engine,btc_leading_zeros,0.0000000000
8484904,6356422289639,btc_qm_engine,btc_sha256_elapsed_ns,1077.0000000000
8484905,6356422290018,btc_qm_engine,btc_sha256_elapsed_ns,1005.0000000000
8484906,6356422290191,btc_qm_engine,btc_sha256_elapsed_ns,743.0000000000
8484907,6356422290893,btc_qm_engine,btc_leading_zeros,0.0000000000
8484908,6356422291437,btc_qm_engine,btc_sha256_nonce,3723175184.0000000000
8484909,6356422291590,btc_qm_engine,btc_leading_zeros,0.0000000000
8484910,6356422291965,btc_qm_engine,btc_sha256_elapsed_ns,902.0000000000
8484911,6356422292659,btc_qm_engine,btc_sha256_nonce,3152189530.0000000000
8484912,6356422292923,btc_qm_engine,btc_leading_zeros,0.0000000000
8484913,6356422293310,btc_qm_engine,btc_sha256_elapsed_ns,1068.0000000000
8484914,6356422293606,btc_qm_engine,btc_leading_zeros,0.0000000000
8484915,6356422294100,btc_qm_engine,btc_sha256_elapsed_ns,1070.0000000000
8484916,6356422294535,btc_qm_engine,btc_sha256_elapsed_ns,1072.0000000000
8484917,6356422294739,btc_qm_engine,btc_sha256_nonce,341706026.0000000000
8484918,6356422295084,btc_qm_engine,btc_leading_zeros,0.0000000000
8484919,6356422295157,btc_qm_engine,btc_sha256_elapsed_ns,938.0000000000
8484920,6356422295307,btc_qm_engine,btc_sha256_nonce,453985063.0000000000
8484921,6356422295370,btc_qm_engine,btc_leading_zeros,0.0000000000
8484922,6356422295468,btc_qm_engine,btc_sha256_elapsed_ns,1022.0000000000
8484923,6356422295562,btc_qm_engine,btc_leading_zeros,1.0000000000
8484924,6356422295782,btc_qm_engine,btc_sha256_elapsed_ns,1297.0000000000
8484925,6356422295975,btc_qm_engine,btc_sha256_nonce,4003307010.0000000000
8484926,6356422296056,btc_qm_engine,btc_leading_zeros,0.0000000000
8484927,6356422296128,btc_qm_engine,btc_sha256_elapsed_ns,1123.0000000000
8484928,6356422296251,btc_qm_engine,btc_sha256_nonce,1668038324.0000000000
8484929,6356422296328,btc_qm_engine,btc_leading_zeros,0.0000000000
8484930,6356422296407,btc_qm_engine,btc_sha256_elapsed_ns,1058.0000000000
8484931,6356422296616,btc_qm_engine,btc_sha256_nonce,71859911.0000000000
8484932,6356422296796,btc_qm_engine,btc_sha256_nonce,4100078938.0000000000
8484933,6356422296878,btc_qm_engine,btc_leading_zeros,0.0000000000
8484934,6356422297032,btc_qm_engine,btc_leading_zeros,1.0000000000
8484935,6356422297231,btc_qm_engine,btc_sha256_nonce,2391304573.0000000000
8484936,6356422297553,btc_qm_engine,btc_sha256_elapsed_ns,1071.0000000000
8484937,6356422297859,btc_qm_engine,btc_sha256_nonce,2597837342.0000000000
8484938,6356422297988,btc_qm_engine,btc_sha256_nonce,1958590097.0000000000
8484939,6356422298416,btc_qm_engine,btc_sha256_elapsed_ns,1089.0000000000
8484940,6356422298605,btc_qm_engine,btc_leading_zeros,1.0000000000
8484941,6356422299051,btc_qm_engine,btc_leading_zeros,0.0000000000
8484942,6356422299216,btc_qm_engine,btc_sha256_nonce,4262779519.0000000000
8484943,6356422299296,btc_qm_engine,btc_leading_zeros,2.0000000000
8484944,6356422299373,btc_qm_engine,btc_sha256_elapsed_ns,939.0000000000
8484945,6356422299483,btc_qm_engine,btc_sha256_elapsed_ns,1039.0000000000
8484946,6356422299573,btc_qm_engine,btc_sha256_elapsed_ns,1110.0000000000
8484947,6356422300013,btc_qm_engine,btc_sha256_nonce,2878013655.0000000000
8484948,6356422300092,btc_qm_engine,btc_leading_zeros,2.0000000000
8484949,6356422300173,btc_qm_engine,btc_sha256_elapsed_ns,1023.0000000000
8484950,6356422300597,btc_qm_engine,btc_leading_zeros,2.0000000000
8484951,6356422301160,btc_qm_engine,btc_sha256_nonce,2220162766.0000000000
8484952,6356422301331,btc_qm_engine,btc_sha256_nonce,1106346031.0000000000
8484953,6356422301491,btc_qm_engine,btc_sha256_nonce,4130294096.0000000000
8484954,6356422302166,btc_qm_engine,btc_leading_zeros,4.0000000000
8484955,6356422302251,btc_qm_engine,btc_sha256_elapsed_ns,1108.0000000000
8484956,6356422302338,btc_qm_engine,btc_sha256_elapsed_ns,929.0000000000
8484957,6356422302842,btc_qm_engine,btc_leading_zeros,0.0000000000
8484958,6356422303015,btc_qm_engine,btc_sha256_nonce,442432757.0000000000
8484959,6356422303167,btc_qm_engine,btc_sha256_elapsed_ns,1044.0000000000
8484960,6356422303360,btc_qm_engine,btc_leading_zeros,0.0000000000
8484961,6356422303432,btc_qm_engine,btc_sha256_elapsed_ns,1007.0000000000
8484962,6356422303587,btc_qm_engine,btc_sha256_nonce,1481621566.0000000000
8484963,6356422303671,btc_qm_engine,btc_leading_zeros,1.0000000000
8484964,6356422303732,btc_qm_engine,btc_sha256_elapsed_ns,1098.0000000000
8484965,6356422304128,btc_qm_engine,btc_sha256_nonce,2033459234.0000000000
8484966,6356422304217,btc_qm_engine,btc_leading_zeros,1.0000000000
8484967,6356422304283,btc_qm_engine,btc_sha256_elapsed_ns,929.0000000000
8484968,6356422304567,btc_qm_engine,btc_sha256_nonce,2878362493.0000000000
8484969,6356422304726,btc_qm_engine,btc_sha256_nonce,557902068.0000000000
8484970,6356422304803,btc_qm_engine,btc_leading_zeros,2.0000000000
8484971,6356422304992,btc_qm_engine,btc_sha256_elapsed_ns,1084.0000000000
8484972,6356422305118,btc_qm_engine,btc_leading_zeros,1.0000000000
8484973,6356422305231,btc_qm_engine,btc_sha256_elapsed_ns,1106.0000000000
8484974,6356422305360,btc_qm_engine,btc_sha256_nonce,1903584355.0000000000
8484975,6356422305816,btc_qm_engine,btc_sha256_nonce,2131605150.0000000000
8484976,6356422306656,btc_qm_engine,btc_sha256_nonce,3062519925.0000000000
8484977,6356422306928,btc_qm_engine,btc_leading_zeros,0.0000000000
8484978,6356422307110,btc_qm_engine,btc_leading_zeros,0.0000000000
8484979,6356422307951,btc_qm_engine,btc_sha256_elapsed_ns,1150.0000000000
8484980,6356422308040,btc_qm_engine,btc_leading_zeros,0.0000000000
8484981,6356422308360,btc_qm_engine,btc_sha256_elapsed_ns,1096.0000000000
8484982,6356422308639,btc_qm_engine,btc_sha256_elapsed_ns,741.0000000000
8484983,6356422309127,btc_qm_engine,btc_sha256_nonce,137683411.0000000000
8484984,6356422313618,btc_qm_engine,btc_leading_zeros,3.0000000000
8484985,6356422313669,btc_qm_engine,btc_sha256_elapsed_ns,1104.0000000000
8484986,6356422314660,btc_qm_engine,btc_sha256_nonce,108307945.0000000000
8484987,6356422314714,btc_qm_engine,btc_leading_zeros,4.0000000000
8484988,6356422314766,btc_qm_engine,btc_sha256_elapsed_ns,765.0000000000
8484989,6356422315700,btc_qm_engine,btc_leading_zeros,0.0000000000
8484990,6356422315994,btc_qm_engine,btc_sha256_nonce,1362869839.0000000000
8484991,6356422316537,btc_qm_engine,btc_leading_zeros,0.0000000000
8484992,6356422316710,btc_qm_engine,btc_sha256_nonce,3606043430.0000000000
8484993,6356422317174,btc_qm_engine,btc_sha256_elapsed_ns,743.0000000000
8484994,6356422317593,btc_qm_engine,btc_sha256_elapsed_ns,914.0000000000
8484995,6356422318223,btc_qm_engine,btc_leading_zeros,2.0000000000
8484996,6356422318291,btc_qm_engine,btc_sha256_elapsed_ns,990.0000000000
8484997,6356422319308,btc_qm_engine,btc_sha256_nonce,1403458765.0000000000
8484998,6356422319621,btc_qm_engine,btc_sha256_nonce,3596503402.0000000000
8484999,6356422319980,btc_qm_engine,btc_leading_zeros,0.0000000000
8485000,6356422320424,btc_qm_engine,btc_sha256_nonce,3245824312.0000000000
8485001,6356422320610,btc_qm_engine,btc_leading_zeros,1.0000000000
8485002,6356422320907,btc_qm_engine,btc_leading_zeros,0.0000000000
8485003,6356422321495,btc_qm_engine,btc_sha256_elapsed_ns,893.0000000000
8485004,6356422321629,btc_qm_engine,btc_sha256_elapsed_ns,1082.0000000000
8485005,6356422321898,btc_qm_engine,btc_leading_zeros,3.0000000000
8485006,6356422322146,btc_qm_engine,btc_sha256_elapsed_ns,1170.0000000000
8485007,6356422323034,btc_qm_engine,btc_sha256_nonce,3245648133.0000000000
8485008,6356422323109,btc_qm_engine,btc_leading_zeros,1.0000000000
8485009,6356422323192,btc_qm_engine,btc_sha256_elapsed_ns,1123.0000000000
8485010,6356422323654,btc_qm_engine,btc_sha256_nonce,2186414391.0000000000
8485011,6356422323834,btc_qm_engine,btc_leading_zeros,0.0000000000
8485012,6356422324371,btc_qm_engine,btc_sha256_nonce,2877867912.0000000000
8485013,6356422324506,btc_qm_engine,btc_sha256_nonce,60420506.0000000000
8485014,6356422324728,btc_qm_engine,btc_leading_zeros,1.0000000000
8485015,6356422325348,btc_qm_engine,btc_leading_zeros,2.0000000000
8485016,6356422325693,btc_qm_engine,btc_sha256_nonce,4243825869.0000000000
8485017,6356422325846,btc_qm_engine,btc_sha256_elapsed_ns,996.0000000000
8485018,6356422326300,btc_qm_engine,btc_sha256_elapsed_ns,1105.0000000000
8485019,6356422326982,btc_qm_engine,btc_leading_zeros,0.0000000000
8485020,6356422327372,btc_qm_engine,btc_sha256_elapsed_ns,1150.0000000000
8485021,6356422327889,btc_qm_engine,btc_sha256_nonce,2508218663.0000000000
8485022,6356422327969,btc_qm_engine,btc_leading_zeros,0.0000000000
8485023,6356422328119,btc_qm_engine,btc_sha256_elapsed_ns,1071.0000000000
8485024,6356422328427,btc_qm_engine,btc_sha256_nonce,2562446662.0000000000
8485025,6356422328524,btc_qm_engine,btc_leading_zeros,0.0000000000
8485026,6356422328603,btc_qm_engine,btc_sha256_elapsed_ns,1070.0000000000
8485027,6356422328784,btc_qm_engine,btc_sha256_nonce,3329328229.0000000000
8485028,6356422328856,btc_qm_engine,btc_leading_zeros,0.0000000000
8485029,6356422328909,btc_qm_engine,btc_sha256_elapsed_ns,1009.0000000000
8485030,6356422329137,btc_qm_engine,btc_sha256_elapsed_ns,1046.0000000000
8485031,6356422329611,btc_qm_engine,btc_sha256_nonce,3771259637.0000000000
8485032,6356422329686,btc_qm_engine,btc_leading_zeros,4.0000000000
8485033,6356422329756,btc_qm_engine,btc_sha256_elapsed_ns,977.0000000000
8485034,6356422330033,btc_qm_engine,btc_sha256_nonce,3834667217.0000000000
8485035,6356422330126,btc_qm_engine,btc_leading_zeros,1.0000000000
8485036,6356422330182,btc_qm_engine,btc_sha256_elapsed_ns,930.0000000000
8485037,6356422330287,btc_qm_engine,btc_sha256_nonce,3551378800.0000000000
8485038,6356422330363,btc_qm_engine,btc_leading_zeros,0.0000000000
8485039,6356422330431,btc_qm_engine,btc_sha256_elapsed_ns,1085.0000000000
8485040,6356422330808,btc_qm_engine,btc_sha256_nonce,454045916.0000000000
8485041,6356422330887,btc_qm_engine,btc_leading_zeros,0.0000000000
8485042,6356422330958,btc_qm_engine,btc_sha256_elapsed_ns,1110.0000000000
8485043,6356422331040,btc_qm_engine,btc_sha256_nonce,965219500.0000000000
8485044,6356422331114,btc_qm_engine,btc_leading_zeros,0.0000000000
8485045,6356422331185,btc_qm_engine,btc_sha256_elapsed_ns,1069.0000000000
8485046,6356422331515,btc_qm_engine,btc_sha256_nonce,3140728568.0000000000
8485047,6356422331596,btc_qm_engine,btc_leading_zeros,1.0000000000
8485048,6356422331759,btc_qm_engine,btc_sha256_nonce,1327351806.0000000000
8485049,6356422331832,btc_qm_engine,btc_leading_zeros,2.0000000000
8485050,6356422331897,btc_qm_engine,btc_sha256_elapsed_ns,1050.0000000000
8485051,6356422332036,btc_qm_engine,btc_sha256_elapsed_ns,1087.0000000000
8485052,6356422332306,btc_qm_engine,btc_sha256_nonce,897677726.0000000000
8485053,6356422332470,btc_qm_engine,btc_sha256_nonce,3079286170.0000000000
8485054,6356422332537,btc_qm_engine,btc_leading_zeros,0.0000000000
8485055,6356422332628,btc_qm_engine,btc_sha256_elapsed_ns,1077.0000000000
8485056,6356422332721,btc_qm_engine,btc_sha256_nonce,1684767708.0000000000
8485057,6356422333112,btc_qm_engine,btc_leading_zeros,2.0000000000
8485058,6356422333365,btc_qm_engine,btc_sha256_nonce,3244724234.0000000000
8485059,6356422333456,btc_qm_engine,btc_leading_zeros,0.0000000000
8485060,6356422333753,btc_qm_engine,btc_leading_zeros,0.0000000000
8485061,6356422334648,btc_qm_engine,btc_sha256_elapsed_ns,1021.0000000000
8485062,6356422334845,btc_qm_engine,btc_sha256_nonce,1378111807.0000000000
8485063,6356422335101,btc_qm_engine,btc_sha256_elapsed_ns,632.0000000000
8485064,6356422335313,btc_qm_engine,btc_leading_zeros,0.0000000000
8485065,6356422335652,btc_qm_engine,btc_sha256_elapsed_ns,1111.0000000000
8485066,6356422335735,btc_qm_engine,btc_sha256_elapsed_ns,961.0000000000
8485067,6356422336236,btc_qm_engine,btc_sha256_nonce,951426837.0000000000
8485068,6356422336964,btc_qm_engine,btc_leading_zeros,0.0000000000
8485069,6356422337100,btc_qm_engine,btc_sha256_nonce,2759299697.0000000000
8485070,6356422337180,btc_qm_engine,btc_leading_zeros,4.0000000000
8485071,6356422337320,btc_qm_engine,btc_sha256_elapsed_ns,1084.0000000000
8485072,6356422337484,btc_qm_engine,btc_sha256_elapsed_ns,1034.0000000000
8485073,6356422337787,btc_qm_engine,btc_sha256_nonce,3236703333.0000000000
8485074,6356422338187,btc_qm_engine,btc_sha256_elapsed_ns,1101.0000000000
8485075,6356422338342,btc_qm_engine,btc_leading_zeros,3.0000000000
8485076,6356422338412,btc_qm_engine,btc_sha256_elapsed_ns,971.0000000000
8485077,6356422339283,btc_qm_engine,btc_sha256_nonce,2616758951.0000000000
8485078,6356422339343,btc_qm_engine,btc_leading_zeros,0.0000000000
8485079,6356422339404,btc_qm_engine,btc_sha256_elapsed_ns,725.0000000000
8485080,6356422339605,btc_qm_engine,btc_sha256_nonce,1522420390.0000000000
8485081,6356422339865,btc_qm_engine,btc_sha256_nonce,2617950262.0000000000
8485082,6356422340314,btc_qm_engine,btc_leading_zeros,0.0000000000
8485083,6356422340384,btc_qm_engine,btc_sha256_elapsed_ns,1054.0000000000
8485084,6356422340549,btc_qm_engine,btc_sha256_nonce,1641385110.0000000000
8485085,6356422340652,btc_qm_engine,btc_leading_zeros,2.0000000000
8485086,6356422340721,btc_qm_engine,btc_sha256_elapsed_ns,909.0000000000
8485087,6356422341090,btc_qm_engine,btc_sha256_nonce,327660509.0000000000
8485088,6356422341239,btc_qm_engine,btc_leading_zeros,2.0000000000
8485089,6356422344462,btc_qm_engine,btc_sha256_nonce,1205714891.0000000000
8485090,6356422345440,btc_qm_engine,btc_sha256_nonce,1099037716.0000000000
8485091,6356422346327,btc_qm_engine,btc_leading_zeros,4.0000000000
8485092,6356422346399,btc_qm_engine,btc_sha256_elapsed_ns,1080.0000000000
8485093,6356422347250,btc_qm_engine,btc_sha256_elapsed_ns,1440.0000000000
8485094,6356422347994,btc_qm_engine,btc_leading_zeros,0.0000000000
8485095,6356422348563,btc_qm_engine,btc_sha256_nonce,907641993.0000000000
8485096,6356422348923,btc_qm_engine,btc_sha256_elapsed_ns,974.0000000000
8485097,6356422349113,btc_qm_engine,btc_leading_zeros,0.0000000000
8485098,6356422349393,btc_qm_engine,btc_sha256_elapsed_ns,1104.0000000000
8485099,6356422349558,btc_qm_engine,btc_leading_zeros,0.0000000000
8485100,6356422349923,btc_qm_engine,btc_sha256_elapsed_ns,1157.0000000000
8485101,6356422351234,btc_qm_engine,btc_sha256_nonce,2670775979.0000000000
8485102,6356422352423,btc_qm_engine,btc_leading_zeros,0.0000000000
8485103,6356422352488,btc_qm_engine,btc_sha256_elapsed_ns,1012.0000000000
8485104,6356422352685,btc_qm_engine,btc_sha256_nonce,348738123.0000000000
8485105,6356422353436,btc_qm_engine,btc_leading_zeros,3.0000000000
8485106,6356422353506,btc_qm_engine,btc_sha256_elapsed_ns,1088.0000000000
8485107,6356422353617,btc_qm_engine,btc_sha256_nonce,1657131197.0000000000
8485108,6356422353995,btc_qm_engine,btc_sha256_nonce,1032422860.0000000000
8485109,6356422354072,btc_qm_engine,btc_leading_zeros,0.0000000000
8485110,6356422354262,btc_qm_engine,btc_leading_zeros,2.0000000000
8485111,6356422354687,btc_qm_engine,btc_sha256_nonce,1315774347.0000000000
8485112,6356422354743,btc_qm_engine,btc_leading_zeros,0.0000000000
8485113,6356422356101,btc_qm_engine,btc_sha256_elapsed_ns,1144.0000000000
8485114,6356422356229,btc_qm_engine,btc_sha256_elapsed_ns,877.0000000000
8485115,6356422356759,btc_qm_engine,btc_sha256_nonce,88916885.0000000000
8485116,6356422357115,btc_qm_engine,btc_leading_zeros,0.0000000000
8485117,6356422357187,btc_qm_engine,btc_sha256_elapsed_ns,1008.0000000000
8485118,6356422357501,btc_qm_engine,btc_sha256_nonce,3861574900.0000000000
8485119,6356422357576,btc_qm_engine,btc_leading_zeros,1.0000000000
8485120,6356422358592,btc_qm_engine,btc_sha256_elapsed_ns,981.0000000000
8485121,6356422360342,btc_qm_engine,btc_sha256_nonce,837816089.0000000000
8485122,6356422360729,btc_qm_engine,btc_leading_zeros,0.0000000000
8485123,6356422360814,btc_qm_engine,btc_sha256_elapsed_ns,1017.0000000000
8485124,6356422361035,btc_qm_engine,btc_sha256_nonce,694879622.0000000000
8485125,6356422362417,btc_qm_engine,btc_sha256_nonce,2976662165.0000000000
8485126,6356422364204,btc_qm_engine,btc_sha256_nonce,1205111773.0000000000
8485127,6356422364399,btc_qm_engine,btc_leading_zeros,0.0000000000
8485128,6356422364464,btc_qm_engine,btc_sha256_elapsed_ns,894.0000000000
8485129,6356422364957,btc_qm_engine,btc_leading_zeros,2.0000000000
8485130,6356422365285,btc_qm_engine,btc_sha256_elapsed_ns,1055.0000000000
8485131,6356422365967,btc_qm_engine,btc_leading_zeros,0.0000000000
8485132,6356422366105,btc_qm_engine,btc_sha256_elapsed_ns,1072.0000000000
8485133,6356422366290,btc_qm_engine,btc_sha256_nonce,454325462.0000000000
8485134,6356422366367,btc_qm_engine,btc_leading_zeros,0.0000000000
8485135,6356422366905,btc_qm_engine,btc_sha256_elapsed_ns,737.0000000000
8485136,6356422367519,btc_qm_engine,btc_sha256_nonce,3864524201.0000000000
8485137,6356422367609,btc_qm_engine,btc_leading_zeros,0.0000000000
8485138,6356422369071,btc_qm_engine,btc_sha256_nonce,3201097332.0000000000
8485139,6356422369673,btc_qm_engine,btc_leading_zeros,1.0000000000
8485140,6356422370865,btc_qm_engine,btc_sha256_nonce,1540244837.0000000000
8485141,6356422372593,btc_qm_engine,btc_sha256_nonce,1387661801.0000000000
8485142,6356422372833,btc_qm_engine,btc_sha256_elapsed_ns,1095.0000000000
8485143,6356422373836,btc_qm_engine,btc_leading_zeros,0.0000000000
8485144,6356422373948,btc_qm_engine,btc_sha256_elapsed_ns,989.0000000000
8485145,6356422374291,btc_qm_engine,btc_leading_zeros,4.0000000000
8485146,6356422374669,btc_qm_engine,btc_sha256_elapsed_ns,1066.0000000000
8485147,6356422374926,btc_qm_engine,btc_sha256_nonce,1137565486.0000000000
8485148,6356422374992,btc_qm_engine,btc_leading_zeros,0.0000000000
8485149,6356422375049,btc_qm_engine,btc_sha256_elapsed_ns,748.0000000000
8485150,6356422375771,btc_qm_engine,btc_sha256_nonce,4264344780.0000000000
8485151,6356422375922,btc_qm_engine,btc_sha256_nonce,43589957.0000000000
8485152,6356422376121,btc_qm_engine,btc_leading_zeros,2.0000000000
8485153,6356422377682,btc_qm_engine,btc_sha256_nonce,3802744058.0000000000
8485154,6356422378171,btc_qm_engine,btc_sha256_elapsed_ns,1157.0000000000
8485155,6356422379208,btc_qm_engine,btc_sha256_elapsed_ns,1017.0000000000
8485156,6356422379600,btc_qm_engine,btc_sha256_nonce,2857615843.0000000000
8485157,6356422379935,btc_qm_engine,btc_leading_zeros,4.0000000000
8485158,6356422380012,btc_qm_engine,btc_sha256_elapsed_ns,1032.0000000000
8485159,6356422380545,btc_qm_engine,btc_sha256_nonce,950468258.0000000000
8485160,6356422380624,btc_qm_engine,btc_leading_zeros,0.0000000000
8485161,6356422380685,btc_qm_engine,btc_sha256_elapsed_ns,1096.0000000000
8485162,6356422380947,btc_qm_engine,btc_sha256_nonce,1205023902.0000000000
8485163,6356422381032,btc_qm_engine,btc_leading_zeros,1.0000000000
8485164,6356422381105,btc_qm_engine,btc_sha256_elapsed_ns,1097.0000000000
8485165,6356422381318,btc_qm_engine,btc_sha256_nonce,2803875933.0000000000
8485166,6356422381403,btc_qm_engine,btc_leading_zeros,0.0000000000
8485167,6356422381473,btc_qm_engine,btc_sha256_elapsed_ns,1086.0000000000
8485168,6356422382030,btc_qm_engine,btc_sha256_nonce,1157974184.0000000000
8485169,6356422382103,btc_qm_engine,btc_leading_zeros,0.0000000000
8485170,6356422382500,btc_qm_engine,btc_sha256_nonce,2697446787.0000000000
8485171,6356422382578,btc_qm_engine,btc_leading_zeros,4.0000000000
8485172,6356422382680,btc_qm_engine,btc_sha256_elapsed_ns,1099.0000000000
8485173,6356422382780,btc_qm_engine,btc_sha256_nonce,454119518.0000000000
8485174,6356422383228,btc_qm_engine,btc_sha256_nonce,298482574.0000000000
8485175,6356422383422,btc_qm_engine,btc_leading_zeros,0.0000000000
8485176,6356422383502,btc_qm_engine,btc_sha256_elapsed_ns,1083.0000000000
8485177,6356422384335,btc_qm_engine,btc_sha256_elapsed_ns,1091.0000000000
8485178,6356422384540,btc_qm_engine,btc_sha256_nonce,2671531613.0000000000
8485179,6356422384965,btc_qm_engine,btc_leading_zeros,1.0000000000
8485180,6356422385039,btc_qm_engine,btc_sha256_elapsed_ns,947.0000000000
8485181,6356422385626,btc_qm_engine,btc_sha256_nonce,3639566185.0000000000
8485182,6356422385699,btc_qm_engine,btc_leading_zeros,0.0000000000
8485183,6356422385773,btc_qm_engine,btc_sha256_elapsed_ns,1080.0000000000
8485184,6356422386060,btc_qm_engine,btc_sha256_elapsed_ns,1043.0000000000
8485185,6356422386411,btc_qm_engine,btc_sha256_nonce,1205641295.0000000000
8485186,6356422386500,btc_qm_engine,btc_leading_zeros,0.0000000000
8485187,6356422386614,btc_qm_engine,btc_sha256_elapsed_ns,1120.0000000000
8485188,6356422387077,btc_qm_engine,btc_sha256_nonce,1703864992.0000000000
8485189,6356422387453,btc_qm_engine,btc_sha256_nonce,1341511726.0000000000
8485190,6356422387634,btc_qm_engine,btc_leading_zeros,3.0000000000
8485191,6356422387722,btc_qm_engine,btc_sha256_elapsed_ns,1029.0000000000
8485192,6356422387830,btc_qm_engine,btc_leading_zeros,0.0000000000
8485193,6356422387894,btc_qm_engine,btc_sha256_elapsed_ns,787.0000000000
8485194,6356422388263,btc_qm_engine,btc_sha256_nonce,1238160415.0000000000
8485195,6356422388406,btc_qm_engine,btc_leading_zeros,1.0000000000
8485196,6356422388904,btc_qm_engine,btc_sha256_nonce,4083036841.0000000000
8485197,6356422389073,btc_qm_engine,btc_sha256_elapsed_ns,1001.0000000000
8485198,6356422389188,btc_qm_engine,btc_sha256_nonce,3612505198.0000000000
8485199,6356422389330,btc_qm_engine,btc_leading_zeros,1.0000000000
8485200,6356422389556,btc_qm_engine,btc_leading_zeros,0.0000000000
8485201,6356422389804,btc_qm_engine,btc_sha256_elapsed_ns,1202.0000000000
8485202,6356422390026,btc_qm_engine,btc_sha256_elapsed_ns,818.0000000000
8485203,6356422390300,btc_qm_engine,btc_sha256_nonce,2884149387.0000000000
8485204,6356422390668,btc_qm_engine,btc_sha256_nonce,3776829667.0000000000
8485205,6356422391010,btc_qm_engine,btc_leading_zeros,0.0000000000
8485206,6356422391371,btc_qm_engine,btc_sha256_nonce,907528848.0000000000
8485207,6356422392030,btc_qm_engine,btc_sha256_elapsed_ns,1000.0000000000
8485208,6356422392169,btc_qm_engine,btc_leading_zeros,2.0000000000
8485209,6356422392254,btc_qm_engine,btc_sha256_elapsed_ns,1100.0000000000
8485210,6356422392420,btc_qm_engine,btc_leading_zeros,0.0000000000
8485211,6356422392772,btc_qm_engine,btc_sha256_elapsed_ns,999.0000000000
8485212,6356422393480,btc_qm_engine,btc_sha256_nonce,1567752903.0000000000
8485213,6356422393695,btc_qm_engine,btc_leading_zeros,2.0000000000
8485214,6356422393832,btc_qm_engine,btc_sha256_nonce,2265988197.0000000000
8485215,6356422393911,btc_qm_engine,btc_leading_zeros,2.0000000000
8485216,6356422393979,btc_qm_engine,btc_sha256_elapsed_ns,1096.0000000000
8485217,6356422394077,btc_qm_engine,btc_sha256_nonce,3315766764.0000000000
8485218,6356422394157,btc_qm_engine,btc_leading_zeros,0.0000000000
8485219,6356422394329,btc_qm_engine,btc_sha256_elapsed_ns,1001.0000000000
8485220,6356422394716,btc_qm_engine,btc_sha256_nonce,3246174107.0000000000
8485221,6356422395206,btc_qm_engine,btc_sha256_nonce,261083821.0000000000
8485222,6356422395581,btc_qm_engine,btc_sha256_nonce,4279181036.0000000000
8485223,6356422395722,btc_qm_engine,btc_leading_zeros,1.0000000000
8485224,6356422395789,btc_qm_engine,btc_sha256_elapsed_ns,1015.0000000000
8485225,6356422395916,btc_qm_engine,btc_sha256_nonce,1205112137.0000000000
8485226,6356422396534,btc_qm_engine,btc_leading_zeros,2.0000000000
8485227,6356422396816,btc_qm_engine,btc_leading_zeros,4.0000000000
8485228,6356422396865,btc_qm_engine,btc_sha256_elapsed_ns,968.0000000000
8485229,6356422397062,btc_qm_engine,btc_leading_zeros,1.0000000000
8485230,6356422397206,btc_qm_engine,btc_sha256_elapsed_ns,1094.0000000000
8485231,6356422397454,btc_qm_engine,btc_sha256_elapsed_ns,1101.0000000000
8485232,6356422398124,btc_qm_engine,btc_sha256_nonce,4002789704.0000000000
8485233,6356422398199,btc_qm_engine,btc_leading_zeros,0.0000000000
8485234,6356422398265,btc_qm_engine,btc_sha256_elapsed_ns,1045.0000000000
8485235,6356422398525,btc_qm_engine,btc_sha256_nonce,2416395096.0000000000
8485236,6356422398600,btc_qm_engine,btc_leading_zeros,0.0000000000
8485237,6356422398675,btc_qm_engine,btc_sha256_elapsed_ns,1090.0000000000
8485238,6356422398831,btc_qm_engine,btc_sha256_nonce,2310909338.0000000000
8485239,6356422398911,btc_qm_engine,btc_leading_zeros,4.0000000000
8485240,6356422398985,btc_qm_engine,btc_sha256_elapsed_ns,1100.0000000000
8485241,6356422399158,btc_qm_engine,btc_sha256_nonce,2507898342.0000000000
8485242,6356422399256,btc_qm_engine,btc_leading_zeros,3.0000000000
8485243,6356422399329,btc_qm_engine,btc_sha256_elapsed_ns,1131.0000000000
8485244,6356422399537,btc_qm_engine,btc_leading_zeros,1.0000000000
8485245,6356422399991,btc_qm_engine,btc_sha256_nonce,401993065.0000000000
8485246,6356422400240,btc_qm_engine,btc_sha256_elapsed_ns,733.0000000000
8485247,6356422400656,btc_qm_engine,btc_sha256_nonce,3625657784.0000000000
8485248,6356422400733,btc_qm_engine,btc_leading_zeros,2.0000000000
8485249,6356422400838,btc_qm_engine,btc_sha256_elapsed_ns,1089.0000000000
8485250,6356422400940,btc_qm_engine,btc_sha256_nonce,1369123297.0000000000
8485251,6356422401230,btc_qm_engine,btc_leading_zeros,1.0000000000
8485252,6356422401825,btc_qm_engine,btc_leading_zeros,0.0000000000
8485253,6356422401943,btc_qm_engine,btc_leading_zeros,1.0000000000
8485254,6356422402020,btc_qm_engine,btc_sha256_elapsed_ns,1096.0000000000
8485255,6356422402140,btc_qm_engine,btc_sha256_elapsed_ns,1096.0000000000
8485256,6356422402626,btc_qm_engine,btc_sha256_elapsed_ns,1087.0000000000
8485257,6356422402887,btc_qm_engine,btc_sha256_nonce,588519364.0000000000
8485258,6356422403257,btc_qm_engine,btc_leading_zeros,0.0000000000
8485259,6356422403335,btc_qm_engine,btc_sha256_elapsed_ns,918.0000000000
8485260,6356422403808,btc_qm_engine,btc_sha256_nonce,1364391114.0000000000
8485261,6356422404230,btc_qm_engine,btc_leading_zeros,0.0000000000
8485262,6356422404345,btc_qm_engine,btc_sha256_elapsed_ns,1022.0000000000
8485263,6356422404524,btc_qm_engine,btc_sha256_nonce,1570113480.0000000000
8485264,6356422404948,btc_qm_engine,btc_sha256_nonce,1910979360.0000000000
8485265,6356422405170,btc_qm_engine,btc_sha256_nonce,4035536566.0000000000
8485266,6356422405751,btc_qm_engine,btc_sha256_nonce,1205358932.0000000000
8485267,6356422406043,btc_qm_engine,btc_leading_zeros,0.0000000000
8485268,6356422406230,btc_qm_engine,btc_sha256_elapsed_ns,805.0000000000
8485269,6356422406493,btc_qm_engine,btc_leading_zeros,2.0000000000
8485270,6356422406832,btc_qm_engine,btc_leading_zeros,1.0000000000
8485271,6356422407532,btc_qm_engine,btc_sha256_elapsed_ns,1120.0000000000
8485272,6356422408317,btc_qm_engine,btc_sha256_nonce,1572048676.0000000000
8485273,6356422408391,btc_qm_engine,btc_leading_zeros,0.0000000000
8485274,6356422408554,btc_qm_engine,btc_sha256_nonce,3364191672.0000000000
8485275,6356422408939,btc_qm_engine,btc_sha256_nonce,301999368.0000000000
8485276,6356422409416,btc_qm_engine,btc_sha256_elapsed_ns,1078.0000000000
8485277,6356422409528,btc_qm_engine,btc_leading_zeros,1.0000000000
8485278,6356422409772,btc_qm_engine,btc_leading_zeros,0.0000000000
8485279,6356422410088,btc_qm_engine,btc_sha256_elapsed_ns,731.0000000000
8485280,6356422410439,btc_qm_engine,btc_sha256_elapsed_ns,1100.0000000000
8485281,6356422410612,btc_qm_engine,btc_sha256_elapsed_ns,886.0000000000
8485282,6356422411017,btc_qm_engine,btc_sha256_nonce,138260477.0000000000
8485283,6356422411206,btc_qm_engine,btc_sha256_nonce,3113418676.0000000000
8485284,6356422411288,btc_qm_engine,btc_leading_zeros,2.0000000000
8485285,6356422411358,btc_qm_engine,btc_sha256_elapsed_ns,1068.0000000000
8485286,6356422411518,btc_qm_engine,btc_leading_zeros,4.0000000000
8485287,6356422411959,btc_qm_engine,btc_sha256_nonce,413525772.0000000000
8485288,6356422412295,btc_qm_engine,btc_sha256_nonce,2009618680.0000000000
8485289,6356422412365,btc_qm_engine,btc_leading_zeros,2.0000000000
8485290,6356422412580,btc_qm_engine,btc_sha256_nonce,3500570853.0000000000
8485291,6356422413229,btc_qm_engine,btc_leading_zeros,1.0000000000
8485292,6356422413570,btc_qm_engine,btc_leading_zeros,2.0000000000
8485293,6356422413825,btc_qm_engine,btc_leading_zeros,1.0000000000
8485294,6356422414025,btc_qm_engine,btc_sha256_elapsed_ns,1119.0000000000
8485295,6356422414443,btc_qm_engine,btc_sha256_elapsed_ns,1107.0000000000
8485296,6356422414623,btc_qm_engine,btc_sha256_elapsed_ns,1067.0000000000
8485297,6356422414845,btc_qm_engine,btc_sha256_elapsed_ns,912.0000000000
8485298,6356422415365,btc_qm_engine,btc_sha256_nonce,2000369470.0000000000
8485299,6356422415862,btc_qm_engine,btc_sha256_elapsed_ns,949.0000000000
8485300,6356422416024,btc_qm_engine,btc_leading_zeros,0.0000000000
8485301,6356422416116,btc_qm_engine,btc_sha256_elapsed_ns,1065.0000000000
8485302,6356422416290,btc_qm_engine,btc_sha256_nonce,3103735269.0000000000
8485303,6356422416805,btc_qm_engine,btc_sha256_nonce,2230341277.0000000000
8485304,6356422417288,btc_qm_engine,btc_sha256_nonce,1257260109.0000000000
8485305,6356422417360,btc_qm_engine,btc_leading_zeros,1.0000000000
8485306,6356422417462,btc_qm_engine,btc_sha256_nonce,3245439936.0000000000
8485307,6356422417708,btc_qm_engine,btc_leading_zeros,4.0000000000
8485308,6356422417823,btc_qm_engine,btc_sha256_elapsed_ns,1021.0000000000
8485309,6356422418207,btc_qm_engine,btc_sha256_nonce,3339592462.0000000000
8485310,6356422418356,btc_qm_engine,btc_sha256_elapsed_ns,947.0000000000
8485311,6356422418985,btc_qm_engine,btc_sha256_nonce,1050315282.0000000000
8485312,6356422419442,btc_qm_engine,btc_sha256_nonce,3364139523.0000000000
8485313,6356422419535,btc_qm_engine,btc_leading_zeros,0.0000000000
8485314,6356422419849,btc_qm_engine,btc_leading_zeros,0.0000000000
8485315,6356422420536,btc_qm_engine,btc_sha256_elapsed_ns,1061.0000000000
8485316,6356422420751,btc_qm_engine,btc_sha256_nonce,1401010410.0000000000
8485317,6356422421350,btc_qm_engine,btc_leading_zeros,0.0000000000
8485318,6356422421547,btc_qm_engine,btc_leading_zeros,1.0000000000
8485319,6356422421851,btc_qm_engine,btc_sha256_elapsed_ns,992.0000000000
8485320,6356422422095,btc_qm_engine,btc_sha256_elapsed_ns,1145.0000000000
8485321,6356422422348,btc_qm_engine,btc_leading_zeros,0.0000000000
8485322,6356422422469,btc_qm_engine,btc_sha256_elapsed_ns,965.0000000000
8485323,6356422422929,btc_qm_engine,btc_sha256_nonce,780017753.0000000000
8485324,6356422423050,btc_qm_engine,btc_sha256_elapsed_ns,822.0000000000
8485325,6356422423642,btc_qm_engine,btc_leading_zeros,0.0000000000
8485326,6356422423853,btc_qm_engine,btc_sha256_nonce,2175057122.0000000000
8485327,6356422424100,btc_qm_engine,btc_sha256_elapsed_ns,885.0000000000
8485328,6356422424296,btc_qm_engine,btc_leading_zeros,0.0000000000
8485329,6356422424371,btc_qm_engine,btc_sha256_elapsed_ns,1032.0000000000
8485330,6356422424516,btc_qm_engine,btc_sha256_nonce,2074231888.0000000000
8485331,6356422424800,btc_qm_engine,btc_sha256_nonce,1461669105.0000000000
8485332,6356422425103,btc_qm_engine,btc_leading_zeros,0.0000000000
8485333,6356422425175,btc_qm_engine,btc_sha256_elapsed_ns,987.0000000000
8485334,6356422425469,btc_qm_engine,btc_leading_zeros,0.0000000000
8485335,6356422425644,btc_qm_engine,btc_leading_zeros,1.0000000000
8485336,6356422426348,btc_qm_engine,btc_sha256_nonce,3158564593.0000000000
8485337,6356422426420,btc_qm_engine,btc_leading_zeros,0.0000000000
8485338,6356422427251,btc_qm_engine,btc_sha256_nonce,3697602241.0000000000
8485339,6356422427409,btc_qm_engine,btc_sha256_elapsed_ns,961.0000000000
8485340,6356422427642,btc_qm_engine,btc_leading_zeros,0.0000000000
8485341,6356422427707,btc_qm_engine,btc_sha256_elapsed_ns,1051.0000000000
8485342,6356422428761,btc_qm_engine,btc_sha256_nonce,4115066674.0000000000
8485343,6356422428834,btc_qm_engine,btc_leading_zeros,0.0000000000
8485344,6356422428901,btc_qm_engine,btc_sha256_elapsed_ns,821.0000000000
8485345,6356422429034,btc_qm_engine,btc_sha256_elapsed_ns,1095.0000000000
8485346,6356422429145,btc_qm_engine,btc_sha256_elapsed_ns,1003.0000000000
8485347,6356422429404,btc_qm_engine,btc_sha256_nonce,453412401.0000000000
8485348,6356422429672,btc_qm_engine,btc_leading_zeros,0.0000000000
8485349,6356422429739,btc_qm_engine,btc_sha256_elapsed_ns,1053.0000000000
8485350,6356422430372,btc_qm_engine,btc_sha256_nonce,2569587695.0000000000
8485351,6356422430446,btc_qm_engine,btc_leading_zeros,1.0000000000
8485352,6356422430521,btc_qm_engine,btc_sha256_elapsed_ns,1078.0000000000
8485353,6356422430681,btc_qm_engine,btc_sha256_nonce,2878307118.0000000000
8485354,6356422430751,btc_qm_engine,btc_leading_zeros,4.0000000000
8485355,6356422430822,btc_qm_engine,btc_sha256_elapsed_ns,1063.0000000000
8485356,6356422430945,btc_qm_engine,btc_sha256_nonce,1685531059.0000000000
8485357,6356422431447,btc_qm_engine,btc_sha256_nonce,1615037741.0000000000
8485358,6356422431674,btc_qm_engine,btc_leading_zeros,0.0000000000
8485359,6356422431911,btc_qm_engine,btc_sha256_nonce,3169887419.0000000000
8485360,6356422432072,btc_qm_engine,btc_sha256_nonce,288397910.0000000000
8485361,6356422432173,btc_qm_engine,btc_leading_zeros,4.0000000000
8485362,6356422432310,btc_qm_engine,btc_leading_zeros,4.0000000000
8485363,6356422432957,btc_qm_engine,btc_sha256_nonce,1205556182.0000000000
8485364,6356422433282,btc_qm_engine,btc_sha256_elapsed_ns,1140.0000000000
8485365,6356422433886,btc_qm_engine,btc_sha256_elapsed_ns,1110.0000000000
8485366,6356422434443,btc_qm_engine,btc_sha256_elapsed_ns,1038.0000000000
8485367,6356422435347,btc_qm_engine,btc_sha256_nonce,2945459007.0000000000
8485368,6356422435401,btc_qm_engine,btc_leading_zeros,1.0000000000
8485369,6356422435708,btc_qm_engine,btc_sha256_elapsed_ns,742.0000000000
8485370,6356422435893,btc_qm_engine,btc_leading_zeros,4.0000000000
8485371,6356422436238,btc_qm_engine,btc_sha256_elapsed_ns,1035.0000000000
8485372,6356422436992,btc_qm_engine,btc_sha256_nonce,1295877792.0000000000
8485373,6356422437064,btc_qm_engine,btc_leading_zeros,1.0000000000
8485374,6356422437136,btc_qm_engine,btc_sha256_elapsed_ns,1052.0000000000
8485375,6356422437535,btc_qm_engine,btc_sha256_nonce,3399792656.0000000000
8485376,6356422438058,btc_qm_engine,btc_sha256_nonce,1025960247.0000000000
8485377,6356422438177,btc_qm_engine,btc_sha256_nonce,3132694948.0000000000
8485378,6356422438300,btc_qm_engine,btc_leading_zeros,0.0000000000
8485379,6356422438539,btc_qm_engine,btc_sha256_nonce,2878313435.0000000000
8485380,6356422439132,btc_qm_engine,btc_sha256_elapsed_ns,1074.0000000000
8485381,6356422439463,btc_qm_engine,btc_leading_zeros,3.0000000000
8485382,6356422440005,btc_qm_engine,btc_sha256_elapsed_ns,1100.0000000000
8485383,6356422440667,btc_qm_engine,btc_leading_zeros,0.0000000000
8485384,6356422440975,btc_qm_engine,btc_sha256_nonce,809440906.0000000000
8485385,6356422441241,btc_qm_engine,btc_sha256_elapsed_ns,1068.0000000000
8485386,6356422441847,btc_qm_engine,btc_leading_zeros,0.0000000000
8485387,6356422442155,btc_qm_engine,btc_sha256_elapsed_ns,1103.0000000000
8485388,6356422442702,btc_qm_engine,btc_leading_zeros,1.0000000000
8485389,6356422442897,btc_qm_engine,btc_sha256_nonce,4283910962.0000000000
8485390,6356422442970,btc_qm_engine,btc_leading_zeros,0.0000000000
8485391,6356422443044,btc_qm_engine,btc_sha256_elapsed_ns,1093.0000000000
8485392,6356422443491,btc_qm_engine,btc_sha256_elapsed_ns,1055.0000000000
8485393,6356422443856,btc_qm_engine,btc_sha256_nonce,3245325714.0000000000
8485394,6356422443938,btc_qm_engine,btc_leading_zeros,2.0000000000
8485395,6356422444017,btc_qm_engine,btc_sha256_elapsed_ns,1078.0000000000
8485396,6356422444531,btc_qm_engine,btc_leading_zeros,4.0000000000
8485397,6356422444755,btc_qm_engine,btc_sha256_nonce,1205936168.0000000000
8485398,6356422445130,btc_qm_engine,btc_leading_zeros,4.0000000000
8485399,6356422445244,btc_qm_engine,btc_sha256_elapsed_ns,1079.0000000000
8485400,6356422445390,btc_qm_engine,btc_sha256_nonce,2840178869.0000000000
8485401,6356422445462,btc_qm_engine,btc_leading_zeros,0.0000000000
8485402,6356422445554,btc_qm_engine,btc_sha256_elapsed_ns,1093.0000000000
8485403,6356422445655,btc_qm_engine,btc_sha256_elapsed_ns,967.0000000000
8485404,6356422445949,btc_qm_engine,btc_sha256_nonce,112729682.0000000000
8485405,6356422446023,btc_qm_engine,btc_leading_zeros,1.0000000000
8485406,6356422446088,btc_qm_engine,btc_sha256_elapsed_ns,1029.0000000000
8485407,6356422446581,btc_qm_engine,btc_leading_zeros,0.0000000000
8485408,6356422446832,btc_qm_engine,btc_sha256_nonce,2822984641.0000000000
8485409,6356422446995,btc_qm_engine,btc_sha256_elapsed_ns,1040.0000000000
8485410,6356422447303,btc_qm_engine,btc_leading_zeros,0.0000000000
8485411,6356422447790,btc_qm_engine,btc_sha256_nonce,3493627931.0000000000
8485412,6356422447948,btc_qm_engine,btc_leading_zeros,0.0000000000
8485413,6356422448148,btc_qm_engine,btc_sha256_elapsed_ns,1010.0000000000
8485414,6356422448326,btc_qm_engine,btc_sha256_nonce,2073771501.0000000000
8485415,6356422448579,btc_qm_engine,btc_sha256_nonce,3645151461.0000000000
8485416,6356422448882,btc_qm_engine,btc_leading_zeros,0.0000000000
8485417,6356422448952,btc_qm_engine,btc_sha256_elapsed_ns,1076.0000000000
8485418,6356422449065,btc_qm_engine,btc_leading_zeros,0.0000000000
8485419,6356422449130,btc_qm_engine,btc_sha256_elapsed_ns,964.0000000000
8485420,6356422449395,btc_qm_engine,btc_sha256_elapsed_ns,1010.0000000000
8485421,6356422450062,btc_qm_engine,btc_sha256_nonce,1806820485.0000000000
8485422,6356422450145,btc_qm_engine,btc_leading_zeros,0.0000000000
8485423,6356422450505,btc_qm_engine,btc_sha256_elapsed_ns,742.0000000000
8485424,6356422450615,btc_qm_engine,btc_sha256_nonce,1725776119.0000000000
8485425,6356422450699,btc_qm_engine,btc_leading_zeros,1.0000000000
8485426,6356422450774,btc_qm_engine,btc_sha256_elapsed_ns,1098.0000000000
8485427,6356422451086,btc_qm_engine,btc_sha256_nonce,198922788.0000000000
8485428,6356422451180,btc_qm_engine,btc_leading_zeros,0.0000000000
8485429,6356422451255,btc_qm_engine,btc_sha256_elapsed_ns,1112.0000000000
8485430,6356422451710,btc_qm_engine,btc_sha256_nonce,1685277299.0000000000
8485431,6356422451868,btc_qm_engine,btc_sha256_nonce,1025385409.0000000000
8485432,6356422451960,btc_qm_engine,btc_leading_zeros,0.0000000000
8485433,6356422452029,btc_qm_engine,btc_sha256_elapsed_ns,1114.0000000000
8485434,6356422452129,btc_qm_engine,btc_sha256_nonce,3160632953.0000000000
8485435,6356422452289,btc_qm_engine,btc_leading_zeros,1.0000000000
8485436,6356422452454,btc_qm_engine,btc_sha256_nonce,2288347820.0000000000
8485437,6356422452824,btc_qm_engine,btc_sha256_nonce,793588827.0000000000
8485438,6356422453103,btc_qm_engine,btc_sha256_elapsed_ns,1034.0000000000
8485439,6356422453582,btc_qm_engine,btc_sha256_nonce,1886766704.0000000000
8485440,6356422453771,btc_qm_engine,btc_leading_zeros,2.0000000000
8485441,6356422453869,btc_qm_engine,btc_leading_zeros,0.0000000000
8485442,6356422454024,btc_qm_engine,btc_sha256_nonce,3360692425.0000000000
8485443,6356422454686,btc_qm_engine,btc_sha256_elapsed_ns,973.0000000000
8485444,6356422454873,btc_qm_engine,btc_leading_zeros,3.0000000000
8485445,6356422455032,btc_qm_engine,btc_leading_zeros,0.0000000000
8485446,6356422455111,btc_qm_engine,btc_sha256_elapsed_ns,1072.0000000000
8485447,6356422455273,btc_qm_engine,btc_sha256_elapsed_ns,946.0000000000
8485448,6356422455399,btc_qm_engine,btc_sha256_nonce,1542501041.0000000000
8485449,6356422455535,btc_qm_engine,btc_leading_zeros,1.0000000000
8485450,6356422455632,btc_qm_engine,btc_sha256_elapsed_ns,876.0000000000
8485451,6356422456053,btc_qm_engine,btc_sha256_nonce,3030508418.0000000000
8485452,6356422456337,btc_qm_engine,btc_leading_zeros,2.0000000000
8485453,6356422456413,btc_qm_engine,btc_sha256_elapsed_ns,738.0000000000
8485454,6356422456644,btc_qm_engine,btc_sha256_nonce,2817452959.0000000000
8485455,6356422457051,btc_qm_engine,btc_sha256_nonce,3999489005.0000000000
8485456,6356422457247,btc_qm_engine,btc_leading_zeros,1.0000000000
8485457,6356422457446,btc_qm_engine,btc_sha256_nonce,2948763947.0000000000
8485458,6356422457926,btc_qm_engine,btc_sha256_nonce,2944533892.0000000000
8485459,6356422458436,btc_qm_engine,btc_sha256_elapsed_ns,1053.0000000000
8485460,6356422458668,btc_qm_engine,btc_leading_zeros,4.0000000000
8485461,6356422458737,btc_qm_engine,btc_sha256_elapsed_ns,975.0000000000
8485462,6356422458915,btc_qm_engine,btc_leading_zeros,1.0000000000
8485463,6356422459167,btc_qm_engine,btc_leading_zeros,0.0000000000
8485464,6356422459513,btc_qm_engine,btc_sha256_elapsed_ns,745.0000000000
8485465,6356422459778,btc_qm_engine,btc_sha256_elapsed_ns,1059.0000000000
8485466,6356422459966,btc_qm_engine,btc_sha256_nonce,1025998635.0000000000
8485467,6356422460542,btc_qm_engine,btc_sha256_nonce,3235432078.0000000000
8485468,6356422460679,btc_qm_engine,btc_leading_zeros,0.0000000000
8485469,6356422460958,btc_qm_engine,btc_leading_zeros,1.0000000000
8485470,6356422461251,btc_qm_engine,btc_sha256_nonce,1396420852.0000000000
8485471,6356422461831,btc_qm_engine,btc_sha256_elapsed_ns,1003.0000000000
8485472,6356422462076,btc_qm_engine,btc_leading_zeros,2.0000000000
8485473,6356422463023,btc_qm_engine,btc_sha256_elapsed_ns,1036.0000000000
8485474,6356422463399,btc_qm_engine,btc_sha256_elapsed_ns,1096.0000000000
8485475,6356422464160,btc_qm_engine,btc_sha256_nonce,1906518634.0000000000
8485476,6356422464279,btc_qm_engine,btc_sha256_nonce,4109577352.0000000000
8485477,6356422464689,btc_qm_engine,btc_leading_zeros,1.0000000000
8485478,6356422464874,btc_qm_engine,btc_leading_zeros,2.0000000000
8485479,6356422465147,btc_qm_engine,btc_sha256_elapsed_ns,1084.0000000000
8485480,6356422465575,btc_qm_engine,btc_sha256_elapsed_ns,1006.0000000000
8485481,6356422465749,btc_qm_engine,btc_sha256_elapsed_ns,1077.0000000000
8485482,6356422466102,btc_qm_engine,btc_sha256_elapsed_ns,1087.0000000000
8485483,6356422467245,btc_qm_engine,btc_sha256_nonce,3707809363.0000000000
8485484,6356422467312,btc_qm_engine,btc_leading_zeros,3.0000000000
8485485,6356422467407,btc_qm_engine,btc_sha256_elapsed_ns,749.0000000000
8485486,6356422467932,btc_qm_engine,btc_sha256_nonce,260127040.0000000000
8485487,6356422468115,btc_qm_engine,btc_sha256_nonce,2072536111.0000000000
8485488,6356422468325,btc_qm_engine,btc_leading_zeros,1.0000000000
8485489,6356422468405,btc_qm_engine,btc_sha256_elapsed_ns,1155.0000000000
8485490,6356422468805,btc_qm_engine,btc_leading_zeros,0.0000000000
8485491,6356422469056,btc_qm_engine,btc_sha256_nonce,2449966472.0000000000
8485492,6356422469127,btc_qm_engine,btc_leading_zeros,0.0000000000
8485493,6356422469253,btc_qm_engine,btc_sha256_elapsed_ns,1098.0000000000
8485494,6356422469360,btc_qm_engine,btc_sha256_nonce,1352385208.0000000000
8485495,6356422469662,btc_qm_engine,btc_sha256_elapsed_ns,1163.0000000000
8485496,6356422469841,btc_qm_engine,btc_leading_zeros,1.0000000000
8485497,6356422470011,btc_qm_engine,btc_sha256_nonce,3377848164.0000000000
8485498,6356422470282,btc_qm_engine,btc_sha256_elapsed_ns,1084.0000000000
8485499,6356422470413,btc_qm_engine,btc_leading_zeros,0.0000000000
8485500,6356422470490,btc_qm_engine,btc_sha256_elapsed_ns,1001.0000000000
8485501,6356422470871,btc_qm_engine,btc_sha256_nonce,2761310486.0000000000
8485502,6356422471321,btc_qm_engine,btc_leading_zeros,0.0000000000
8485503,6356422471638,btc_qm_engine,btc_sha256_nonce,3990223563.0000000000
8485504,6356422471778,btc_qm_engine,btc_sha256_nonce,3526740737.0000000000
8485505,6356422471876,btc_qm_engine,btc_leading_zeros,0.0000000000
8485506,6356422472057,btc_qm_engine,btc_leading_zeros,0.0000000000
8485507,6356422472608,btc_qm_engine,btc_sha256_nonce,2761158105.0000000000
8485508,6356422473076,btc_qm_engine,btc_sha256_elapsed_ns,1098.0000000000
8485509,6356422473186,btc_qm_engine,btc_sha256_elapsed_ns,967.0000000000
8485510,6356422473385,btc_qm_engine,btc_leading_zeros,0.0000000000
8485511,6356422473458,btc_qm_engine,btc_sha256_elapsed_ns,1079.0000000000
8485512,6356422473659,btc_qm_engine,btc_sha256_nonce,163904689.0000000000
8485513,6356422474091,btc_qm_engine,btc_leading_zeros,2.0000000000
8485514,6356422474165,btc_qm_engine,btc_sha256_elapsed_ns,948.0000000000
8485515,6356422474598,btc_qm_engine,btc_sha256_nonce,743830010.0000000000
8485516,6356422474685,btc_qm_engine,btc_leading_zeros,1.0000000000
8485517,6356422474740,btc_qm_engine,btc_sha256_elapsed_ns,740.0000000000
8485518,6356422474890,btc_qm_engine,btc_sha256_nonce,1508763332.0000000000
8485519,6356422475321,btc_qm_engine,btc_leading_zeros,1.0000000000
8485520,6356422475392,btc_qm_engine,btc_sha256_elapsed_ns,1123.0000000000
8485521,6356422475535,btc_qm_engine,btc_sha256_nonce,580904954.0000000000
8485522,6356422475671,btc_qm_engine,btc_sha256_nonce,1661377040.0000000000
8485523,6356422475757,btc_qm_engine,btc_leading_zeros,0.0000000000
8485524,6356422475854,btc_qm_engine,btc_sha256_elapsed_ns,740.0000000000
8485525,6356422476045,btc_qm_engine,btc_leading_zeros,0.0000000000
8485526,6356422476761,btc_qm_engine,btc_sha256_elapsed_ns,1059.0000000000
8485527,6356422477176,btc_qm_engine,btc_sha256_elapsed_ns,1050.0000000000
8485528,6356422477408,btc_qm_engine,btc_sha256_nonce,3499160657.0000000000
8485529,6356422477721,btc_qm_engine,btc_leading_zeros,3.0000000000
8485530,6356422477794,btc_qm_engine,btc_sha256_elapsed_ns,1049.0000000000
8485531,6356422478402,btc_qm_engine,btc_sha256_nonce,3142307734.0000000000
8485532,6356422478481,btc_qm_engine,btc_leading_zeros,0.0000000000
8485533,6356422478552,btc_qm_engine,btc_sha256_elapsed_ns,773.0000000000
8485534,6356422478666,btc_qm_engine,btc_sha256_nonce,3776972600.0000000000
8485535,6356422478747,btc_qm_engine,btc_leading_zeros,0.0000000000
8485536,6356422478808,btc_qm_engine,btc_sha256_elapsed_ns,1051.0000000000
8485537,6356422479164,btc_qm_engine,btc_sha256_nonce,4082062970.0000000000
8485538,6356422479247,btc_qm_engine,btc_leading_zeros,2.0000000000
8485539,6356422479317,btc_qm_engine,btc_sha256_elapsed_ns,1124.0000000000
8485540,6356422479942,btc_qm_engine,btc_sha256_nonce,2758181378.0000000000
8485541,6356422480113,btc_qm_engine,btc_sha256_nonce,1286919588.0000000000
8485542,6356422480193,btc_qm_engine,btc_leading_zeros,0.0000000000
8485543,6356422480281,btc_qm_engine,btc_sha256_elapsed_ns,1087.0000000000
8485544,6356422480589,btc_qm_engine,btc_leading_zeros,1.0000000000
8485545,6356422481387,btc_qm_engine,btc_sha256_nonce,1688409977.0000000000
8485546,6356422484079,btc_qm_engine,btc_sha256_nonce,1315410533.0000000000
8485547,6356422484228,btc_qm_engine,btc_leading_zeros,0.0000000000
8485548,6356422484508,btc_qm_engine,btc_sha256_nonce,1875723125.0000000000
8485549,6356422484638,btc_qm_engine,btc_sha256_elapsed_ns,1090.0000000000
8485550,6356422484897,btc_qm_engine,btc_sha256_elapsed_ns,869.0000000000
8485551,6356422485038,btc_qm_engine,btc_leading_zeros,1.0000000000
8485552,6356422485171,btc_qm_engine,btc_leading_zeros,0.0000000000
8485553,6356422485242,btc_qm_engine,btc_sha256_elapsed_ns,40458.0000000000
8485554,6356422485448,btc_qm_engine,btc_sha256_elapsed_ns,956.0000000000
8485555,6356422485854,btc_qm_engine,btc_sha256_nonce,3623704457.0000000000
8485556,6356422485920,btc_qm_engine,btc_leading_zeros,0.0000000000
8485557,6356422486310,btc_qm_engine,btc_sha256_elapsed_ns,996.0000000000
8485558,6356422486480,btc_qm_engine,btc_leading_zeros,0.0000000000
8485559,6356422486661,btc_qm_engine,btc_sha256_nonce,3245912147.0000000000
8485560,6356422486860,btc_qm_engine,btc_sha256_nonce,461763872.0000000000
8485561,6356422487070,btc_qm_engine,btc_leading_zeros,0.0000000000
8485562,6356422487279,btc_qm_engine,btc_leading_zeros,1.0000000000
8485563,6356422487518,btc_qm_engine,btc_sha256_elapsed_ns,1206.0000000000
8485564,6356422487790,btc_qm_engine,btc_sha256_elapsed_ns,1082.0000000000
8485565,6356422487925,btc_qm_engine,btc_sha256_nonce,1523639945.0000000000
8485566,6356422488411,btc_qm_engine,btc_leading_zeros,0.0000000000
8485567,6356422488468,btc_qm_engine,btc_sha256_elapsed_ns,1108.0000000000
8485568,6356422488822,btc_qm_engine,btc_sha256_nonce,2274802471.0000000000
8485569,6356422489041,btc_qm_engine,btc_leading_zeros,4.0000000000
8485570,6356422489169,btc_qm_engine,btc_sha256_elapsed_ns,753.0000000000
8485571,6356422489713,btc_qm_engine,btc_sha256_nonce,1229480754.0000000000
8485572,6356422489844,btc_qm_engine,btc_sha256_nonce,1496649614.0000000000
8485573,6356422489921,btc_qm_engine,btc_leading_zeros,0.0000000000
8485574,6356422490000,btc_qm_engine,btc_sha256_elapsed_ns,1104.0000000000
8485575,6356422490130,btc_qm_engine,btc_leading_zeros,0.0000000000
8485576,6356422490215,btc_qm_engine,btc_sha256_elapsed_ns,1153.0000000000
8485577,6356422490858,btc_qm_engine,btc_sha256_nonce,1685503969.0000000000
8485578,6356422490968,btc_qm_engine,btc_leading_zeros,1.0000000000
8485579,6356422491036,btc_qm_engine,btc_sha256_elapsed_ns,755.0000000000
8485580,6356422491289,btc_qm_engine,btc_sha256_elapsed_ns,1150.0000000000
8485581,6356422491704,btc_qm_engine,btc_sha256_nonce,3004811054.0000000000
8485582,6356422492093,btc_qm_engine,btc_sha256_nonce,1450184195.0000000000
8485583,6356422492429,btc_qm_engine,btc_sha256_nonce,3831725370.0000000000
8485584,6356422492620,btc_qm_engine,btc_leading_zeros,0.0000000000
8485585,6356422492834,btc_qm_engine,btc_sha256_nonce,3446080056.0000000000
8485586,6356422493006,btc_qm_engine,btc_sha256_nonce,1127754521.0000000000
8485587,6356422493076,btc_qm_engine,btc_leading_zeros,0.0000000000
8485588,6356422493126,btc_qm_engine,btc_sha256_elapsed_ns,992.0000000000
8485589,6356422493311,btc_qm_engine,btc_leading_zeros,1.0000000000
8485590,6356422493458,btc_qm_engine,btc_sha256_elapsed_ns,1087.0000000000
8485591,6356422494068,btc_qm_engine,btc_sha256_elapsed_ns,1109.0000000000
8485592,6356422494191,btc_qm_engine,btc_sha256_nonce,1948028341.0000000000
8485593,6356422494529,btc_qm_engine,btc_leading_zeros,1.0000000000
8485594,6356422494605,btc_qm_engine,btc_sha256_elapsed_ns,872.0000000000
8485595,6356422494704,btc_qm_engine,btc_sha256_nonce,3427615634.0000000000
8485596,6356422495171,btc_qm_engine,btc_leading_zeros,1.0000000000
8485597,6356422495275,btc_qm_engine,btc_leading_zeros,4.0000000000
8485598,6356422495375,btc_qm_engine,btc_sha256_nonce,197347768.0000000000
8485599,6356422495560,btc_qm_engine,btc_sha256_elapsed_ns,1010.0000000000
8485600,6356422495743,btc_qm_engine,btc_sha256_nonce,3246153218.0000000000
8485601,6356422495931,btc_qm_engine,btc_sha256_nonce,3420960925.0000000000
8485602,6356422496037,btc_qm_engine,btc_leading_zeros,0.0000000000
8485603,6356422496181,btc_qm_engine,btc_sha256_elapsed_ns,1041.0000000000
8485604,6356422496409,btc_qm_engine,btc_leading_zeros,0.0000000000
8485605,6356422496552,btc_qm_engine,btc_sha256_elapsed_ns,741.0000000000
8485606,6356422496747,btc_qm_engine,btc_sha256_nonce,1366180394.0000000000
8485607,6356422496819,btc_qm_engine,btc_leading_zeros,2.0000000000
8485608,6356422496896,btc_qm_engine,btc_sha256_elapsed_ns,905.0000000000
8485609,6356422496994,btc_qm_engine,btc_leading_zeros,0.0000000000
8485610,6356422497333,btc_qm_engine,btc_sha256_elapsed_ns,990.0000000000
8485611,6356422498052,btc_qm_engine,btc_sha256_nonce,3157007106.0000000000
8485612,6356422498153,btc_qm_engine,btc_leading_zeros,0.0000000000
8485613,6356422498381,btc_qm_engine,btc_sha256_nonce,3699765325.0000000000
8485614,6356422498466,btc_qm_engine,btc_leading_zeros,1.0000000000
8485615,6356422498525,btc_qm_engine,btc_sha256_elapsed_ns,1066.0000000000
8485616,6356422498687,btc_qm_engine,btc_sha256_nonce,2330477737.0000000000
8485617,6356422498957,btc_qm_engine,btc_sha256_elapsed_ns,1048.0000000000
8485618,6356422499177,btc_qm_engine,btc_leading_zeros,0.0000000000
8485619,6356422499260,btc_qm_engine,btc_sha256_elapsed_ns,1051.0000000000
8485620,6356422499351,btc_qm_engine,btc_sha256_nonce,3431255261.0000000000
8485621,6356422499857,btc_qm_engine,btc_sha256_nonce,381416764.0000000000
8485622,6356422499932,btc_qm_engine,btc_leading_zeros,0.0000000000
8485623,6356422499997,btc_qm_engine,btc_sha256_elapsed_ns,1024.0000000000
8485624,6356422500346,btc_qm_engine,btc_sha256_nonce,1206482268.0000000000
8485625,6356422500415,btc_qm_engine,btc_leading_zeros,2.0000000000
8485626,6356422500464,btc_qm_engine,btc_sha256_elapsed_ns,844.0000000000
8485627,6356422500547,btc_qm_engine,btc_sha256_nonce,2439125811.0000000000
8485628,6356422500741,btc_qm_engine,btc_leading_zeros,0.0000000000
8485629,6356422500841,btc_qm_engine,btc_sha256_elapsed_ns,744.0000000000
8485630,6356422501332,btc_qm_engine,btc_sha256_nonce,1205460724.0000000000
8485631,6356422501519,btc_qm_engine,btc_sha256_nonce,3879822807.0000000000
8485632,6356422501774,btc_qm_engine,btc_leading_zeros,0.0000000000
8485633,6356422502127,btc_qm_engine,btc_leading_zeros,4.0000000000
8485634,6356422502510,btc_qm_engine,btc_leading_zeros,0.0000000000
8485635,6356422502720,btc_qm_engine,btc_sha256_nonce,2039200394.0000000000
8485636,6356422503816,btc_qm_engine,btc_sha256_elapsed_ns,734.0000000000
8485637,6356422505018,btc_qm_engine,btc_sha256_elapsed_ns,1074.0000000000
8485638,6356422505188,btc_qm_engine,btc_sha256_nonce,1605299513.0000000000
8485639,6356422505270,btc_qm_engine,btc_leading_zeros,0.0000000000
8485640,6356422505340,btc_qm_engine,btc_sha256_elapsed_ns,917.0000000000
8485641,6356422506021,btc_qm_engine,btc_sha256_nonce,1267587119.0000000000
8485642,6356422506090,btc_qm_engine,btc_leading_zeros,0.0000000000
8485643,6356422506142,btc_qm_engine,btc_sha256_elapsed_ns,740.0000000000
8485644,6356422506564,btc_qm_engine,btc_sha256_nonce,1582072286.0000000000
8485645,6356422506891,btc_qm_engine,btc_leading_zeros,0.0000000000
8485646,6356422507282,btc_qm_engine,btc_sha256_elapsed_ns,24839.0000000000
8485647,6356422507520,btc_qm_engine,btc_sha256_nonce,644051407.0000000000
8485648,6356422507603,btc_qm_engine,btc_leading_zeros,0.0000000000
8485649,6356422507700,btc_qm_engine,btc_sha256_elapsed_ns,1024.0000000000
8485650,6356422508072,btc_qm_engine,btc_sha256_elapsed_ns,1089.0000000000
8485651,6356422508644,btc_qm_engine,btc_sha256_elapsed_ns,877.0000000000
8485652,6356422508904,btc_qm_engine,btc_sha256_nonce,2520711726.0000000000
8485653,6356422508978,btc_qm_engine,btc_leading_zeros,0.0000000000
8485654,6356422509057,btc_qm_engine,btc_sha256_elapsed_ns,1063.0000000000
8485655,6356422509154,btc_qm_engine,btc_sha256_nonce,3686339846.0000000000
8485656,6356422509488,btc_qm_engine,btc_sha256_nonce,74808131.0000000000
8485657,6356422509566,btc_qm_engine,btc_leading_zeros,0.0000000000
8485658,6356422509764,btc_qm_engine,btc_sha256_elapsed_ns,1084.0000000000
8485659,6356422510084,btc_qm_engine,btc_sha256_nonce,3755838964.0000000000
8485660,6356422510287,btc_qm_engine,btc_sha256_nonce,708754341.0000000000
8485661,6356422510453,btc_qm_engine,btc_sha256_nonce,2878081532.0000000000
8485662,6356422510757,btc_qm_engine,btc_leading_zeros,0.0000000000
8485663,6356422510873,btc_qm_engine,btc_leading_zeros,1.0000000000
8485664,6356422511033,btc_qm_engine,btc_leading_zeros,0.0000000000
8485665,6356422511153,btc_qm_engine,btc_sha256_elapsed_ns,1108.0000000000
8485666,6356422511382,btc_qm_engine,btc_leading_zeros,0.0000000000
8485667,6356422511583,btc_qm_engine,btc_sha256_nonce,2973802103.0000000000
8485668,6356422511862,btc_qm_engine,btc_sha256_elapsed_ns,1120.0000000000
8485669,6356422512063,btc_qm_engine,btc_sha256_elapsed_ns,1040.0000000000
8485670,6356422512412,btc_qm_engine,btc_sha256_nonce,3562174050.0000000000
8485671,6356422512817,btc_qm_engine,btc_sha256_nonce,875473505.0000000000
8485672,6356422512952,btc_qm_engine,btc_sha256_elapsed_ns,980.0000000000
8485673,6356422513647,btc_qm_engine,btc_leading_zeros,0.0000000000
8485674,6356422513893,btc_qm_engine,btc_sha256_nonce,3717541467.0000000000
8485675,6356422514441,btc_qm_engine,btc_sha256_elapsed_ns,740.0000000000
8485676,6356422514969,btc_qm_engine,btc_sha256_nonce,1367867917.0000000000
8485677,6356422515899,btc_qm_engine,btc_leading_zeros,1.0000000000
8485678,6356422516143,btc_qm_engine,btc_sha256_elapsed_ns,988.0000000000
8485679,6356422517051,btc_qm_engine,btc_sha256_nonce,4199655083.0000000000
8485680,6356422517102,btc_qm_engine,btc_leading_zeros,0.0000000000
8485681,6356422517158,btc_qm_engine,btc_sha256_elapsed_ns,745.0000000000
8485682,6356422517771,btc_qm_engine,btc_leading_zeros,1.0000000000
8485683,6356422517917,btc_qm_engine,btc_leading_zeros,4.0000000000
8485684,6356422517992,btc_qm_engine,btc_sha256_elapsed_ns,1062.0000000000
8485685,6356422518201,btc_qm_engine,btc_sha256_elapsed_ns,1009.0000000000
8485686,6356422518733,btc_qm_engine,btc_sha256_nonce,2369809720.0000000000
8485687,6356422518907,btc_qm_engine,btc_sha256_nonce,1684757329.0000000000
8485688,6356422519415,btc_qm_engine,btc_sha256_nonce,1098525088.0000000000
8485689,6356422519506,btc_qm_engine,btc_leading_zeros,2.0000000000
8485690,6356422519729,btc_qm_engine,btc_leading_zeros,2.0000000000
8485691,6356422519828,btc_qm_engine,btc_sha256_elapsed_ns,1254.0000000000
8485692,6356422520490,btc_qm_engine,btc_sha256_nonce,1699222456.0000000000
8485693,6356422520674,btc_qm_engine,btc_leading_zeros,0.0000000000
8485694,6356422521137,btc_qm_engine,btc_sha256_nonce,3109362318.0000000000
8485695,6356422521492,btc_qm_engine,btc_leading_zeros,2.0000000000
8485696,6356422521596,btc_qm_engine,btc_sha256_elapsed_ns,1089.0000000000
8485697,6356422521680,btc_qm_engine,btc_sha256_elapsed_ns,859.0000000000
8485698,6356422521888,btc_qm_engine,btc_leading_zeros,0.0000000000
8485699,6356422521958,btc_qm_engine,btc_sha256_elapsed_ns,1078.0000000000
8485700,6356422522127,btc_qm_engine,btc_sha256_elapsed_ns,730.0000000000
8485701,6356422522374,btc_qm_engine,btc_sha256_nonce,946092795.0000000000
8485702,6356422522544,btc_qm_engine,btc_leading_zeros,0.0000000000
8485703,6356422522635,btc_qm_engine,btc_sha256_elapsed_ns,836.0000000000
8485704,6356422523006,btc_qm_engine,btc_sha256_nonce,2150003844.0000000000
8485705,6356422523221,btc_qm_engine,btc_sha256_nonce,2874404957.0000000000
8485706,6356422523625,btc_qm_engine,btc_leading_zeros,0.0000000000
8485707,6356422523854,btc_qm_engine,btc_sha256_nonce,4248980886.0000000000
8485708,6356422523983,btc_qm_engine,btc_leading_zeros,1.0000000000
8485709,6356422524112,btc_qm_engine,btc_sha256_elapsed_ns,745.0000000000
8485710,6356422524540,btc_qm_engine,btc_sha256_nonce,2341253995.0000000000
8485711,6356422524879,btc_qm_engine,btc_leading_zeros,0.0000000000
8485712,6356422525175,btc_qm_engine,btc_sha256_nonce,1685371899.0000000000
8485713,6356422525615,btc_qm_engine,btc_sha256_elapsed_ns,998.0000000000
8485714,6356422525858,btc_qm_engine,btc_leading_zeros,1.0000000000
8485715,6356422526005,btc_qm_engine,btc_sha256_elapsed_ns,811.0000000000
8485716,6356422526623,btc_qm_engine,btc_leading_zeros,1.0000000000
8485717,6356422526951,btc_qm_engine,btc_sha256_elapsed_ns,12131.0000000000
8485718,6356422527120,btc_qm_engine,btc_sha256_nonce,4146949756.0000000000
8485719,6356422527227,btc_qm_engine,btc_leading_zeros,2.0000000000
8485720,6356422527304,btc_qm_engine,btc_sha256_elapsed_ns,1057.0000000000
8485721,6356422527383,btc_qm_engine,btc_leading_zeros,2.0000000000
8485722,6356422527723,btc_qm_engine,btc_sha256_elapsed_ns,1063.0000000000
8485723,6356422528043,btc_qm_engine,btc_sha256_nonce,1371944237.0000000000
8485724,6356422528240,btc_qm_engine,btc_leading_zeros,0.0000000000
8485725,6356422528331,btc_qm_engine,btc_sha256_elapsed_ns,786.0000000000
8485726,6356422528561,btc_qm_engine,btc_sha256_nonce,997584375.0000000000
8485727,6356422528900,btc_qm_engine,btc_leading_zeros,0.0000000000
8485728,6356422529095,btc_qm_engine,btc_sha256_nonce,668271532.0000000000
8485729,6356422529336,btc_qm_engine,btc_sha256_elapsed_ns,1096.0000000000
8485730,6356422529452,btc_qm_engine,btc_sha256_elapsed_ns,973.0000000000
8485731,6356422529685,btc_qm_engine,btc_sha256_nonce,1684685736.0000000000
8485732,6356422529963,btc_qm_engine,btc_leading_zeros,1.0000000000
8485733,6356422530229,btc_qm_engine,btc_sha256_nonce,3359923749.0000000000
8485734,6356422530361,btc_qm_engine,btc_sha256_elapsed_ns,1020.0000000000
8485735,6356422530557,btc_qm_engine,btc_leading_zeros,4.0000000000
8485736,6356422530894,btc_qm_engine,btc_sha256_nonce,204923618.0000000000
8485737,6356422531020,btc_qm_engine,btc_leading_zeros,0.0000000000
8485738,6356422531090,btc_qm_engine,btc_sha256_elapsed_ns,1038.0000000000
8485739,6356422531209,btc_qm_engine,btc_leading_zeros,0.0000000000
8485740,6356422531399,btc_qm_engine,btc_sha256_nonce,3447447003.0000000000
8485741,6356422531496,btc_qm_engine,btc_sha256_elapsed_ns,758.0000000000
8485742,6356422531667,btc_qm_engine,btc_sha256_nonce,91487214.0000000000
8485743,6356422532017,btc_qm_engine,btc_leading_zeros,0.0000000000
8485744,6356422532090,btc_qm_engine,btc_sha256_elapsed_ns,950.0000000000
8485745,6356422532254,btc_qm_engine,btc_sha256_nonce,2840622728.0000000000
8485746,6356422532339,btc_qm_engine,btc_leading_zeros,0.0000000000
8485747,6356422532411,btc_qm_engine,btc_sha256_elapsed_ns,936.0000000000
8485748,6356422532591,btc_qm_engine,btc_sha256_elapsed_ns,1115.0000000000
8485749,6356422532719,btc_qm_engine,btc_sha256_nonce,83222212.0000000000
8485750,6356422532811,btc_qm_engine,btc_leading_zeros,0.0000000000
8485751,6356422532963,btc_qm_engine,btc_sha256_elapsed_ns,751.0000000000
8485752,6356422533353,btc_qm_engine,btc_sha256_nonce,2878236938.0000000000
8485753,6356422533422,btc_qm_engine,btc_leading_zeros,0.0000000000
8485754,6356422533477,btc_qm_engine,btc_sha256_elapsed_ns,736.0000000000
8485755,6356422533685,btc_qm_engine,btc_sha256_nonce,1205839444.0000000000
8485756,6356422533780,btc_qm_engine,btc_leading_zeros,0.0000000000
8485757,6356422533855,btc_qm_engine,btc_sha256_elapsed_ns,1084.0000000000
8485758,6356422534132,btc_qm_engine,btc_leading_zeros,0.0000000000
8485759,6356422534230,btc_qm_engine,btc_sha256_elapsed_ns,1053.0000000000
8485760,6356422534366,btc_qm_engine,btc_sha256_nonce,3706746929.0000000000
8485761,6356422534505,btc_qm_engine,btc_leading_zeros,2.0000000000
8485762,6356422534570,btc_qm_engine,btc_sha256_elapsed_ns,744.0000000000
8485763,6356422534750,btc_qm_engine,btc_sha256_nonce,943735398.0000000000
8485764,6356422535121,btc_qm_engine,btc_sha256_nonce,3105234920.0000000000
8485765,6356422535252,btc_qm_engine,btc_leading_zeros,0.0000000000
8485766,6356422535320,btc_qm_engine,btc_sha256_elapsed_ns,1089.0000000000
8485767,6356422535644,btc_qm_engine,btc_leading_zeros,0.0000000000
8485768,6356422535756,btc_qm_engine,btc_sha256_nonce,1060377512.0000000000
8485769,6356422536111,btc_qm_engine,btc_sha256_elapsed_ns,1018.0000000000
8485770,6356422536376,btc_qm_engine,btc_sha256_nonce,821677785.0000000000
8485771,6356422536490,btc_qm_engine,btc_sha256_nonce,2968195428.0000000000
8485772,6356422536770,btc_qm_engine,btc_leading_zeros,4.0000000000
8485773,6356422536840,btc_qm_engine,btc_sha256_elapsed_ns,1035.0000000000
8485774,6356422537176,btc_qm_engine,btc_leading_zeros,0.0000000000
8485775,6356422537249,btc_qm_engine,btc_sha256_elapsed_ns,1007.0000000000
8485776,6356422537408,btc_qm_engine,btc_sha256_nonce,652688772.0000000000
8485777,6356422537737,btc_qm_engine,btc_sha256_nonce,454406174.0000000000
8485778,6356422538136,btc_qm_engine,btc_sha256_nonce,1032624978.0000000000
8485779,6356422538304,btc_qm_engine,btc_leading_zeros,1.0000000000
8485780,6356422538646,btc_qm_engine,btc_sha256_nonce,791581690.0000000000
8485781,6356422539257,btc_qm_engine,btc_leading_zeros,0.0000000000
8485782,6356422539376,btc_qm_engine,btc_leading_zeros,0.0000000000
8485783,6356422539445,btc_qm_engine,btc_sha256_elapsed_ns,1076.0000000000
8485784,6356422539735,btc_qm_engine,btc_sha256_elapsed_ns,1037.0000000000
8485785,6356422540136,btc_qm_engine,btc_leading_zeros,0.0000000000
8485786,6356422540384,btc_qm_engine,btc_sha256_nonce,2878507995.0000000000
8485787,6356422540482,btc_qm_engine,btc_leading_zeros,2.0000000000
8485788,6356422540815,btc_qm_engine,btc_sha256_elapsed_ns,731.0000000000
8485789,6356422540960,btc_qm_engine,btc_sha256_elapsed_ns,918.0000000000
8485790,6356422541230,btc_qm_engine,btc_sha256_nonce,3173729331.0000000000
8485791,6356422541317,btc_qm_engine,btc_leading_zeros,0.0000000000
8485792,6356422541384,btc_qm_engine,btc_sha256_elapsed_ns,1014.0000000000
8485793,6356422541746,btc_qm_engine,btc_sha256_nonce,1694686032.0000000000
8485794,6356422541816,btc_qm_engine,btc_leading_zeros,0.0000000000
8485795,6356422541881,btc_qm_engine,btc_sha256_elapsed_ns,734.0000000000
8485796,6356422542375,btc_qm_engine,btc_leading_zeros,0.0000000000
8485797,6356422542592,btc_qm_engine,btc_sha256_nonce,955128602.0000000000
8485798,6356422542681,btc_qm_engine,btc_sha256_nonce,127885383.0000000000
8485799,6356422542880,btc_qm_engine,btc_sha256_elapsed_ns,1114.0000000000
8485800,6356422543041,btc_qm_engine,btc_leading_zeros,3.0000000000
8485801,6356422543325,btc_qm_engine,btc_sha256_elapsed_ns,1071.0000000000
8485802,6356422543453,btc_qm_engine,btc_sha256_elapsed_ns,1077.0000000000
8485803,6356422543648,btc_qm_engine,btc_leading_zeros,1.0000000000
8485804,6356422544552,btc_qm_engine,btc_sha256_nonce,291898329.0000000000
8485805,6356422544604,btc_qm_engine,btc_leading_zeros,4.0000000000
8485806,6356422544656,btc_qm_engine,btc_sha256_elapsed_ns,881.0000000000
8485807,6356422544823,btc_qm_engine,btc_sha256_nonce,399606047.0000000000
8485808,6356422545041,btc_qm_engine,btc_leading_zeros,0.0000000000
8485809,6356422545468,btc_qm_engine,btc_sha256_nonce,1038404041.0000000000
8485810,6356422545659,btc_qm_engine,btc_sha256_elapsed_ns,1113.0000000000
8485811,6356422545831,btc_qm_engine,btc_leading_zeros,0.0000000000
8485812,6356422546219,btc_qm_engine,btc_sha256_nonce,73119789.0000000000
8485813,6356422546383,btc_qm_engine,btc_sha256_elapsed_ns,1098.0000000000
8485814,6356422546698,btc_qm_engine,btc_sha256_elapsed_ns,1065.0000000000
8485815,6356422547464,btc_qm_engine,btc_sha256_nonce,1596190255.0000000000
8485816,6356422547537,btc_qm_engine,btc_leading_zeros,0.0000000000
8485817,6356422547697,btc_qm_engine,btc_sha256_nonce,1016946070.0000000000
8485818,6356422548153,btc_qm_engine,btc_sha256_elapsed_ns,778.0000000000
8485819,6356422548358,btc_qm_engine,btc_leading_zeros,0.0000000000
8485820,6356422548711,btc_qm_engine,btc_sha256_elapsed_ns,1099.0000000000
8485821,6356422548853,btc_qm_engine,btc_sha256_nonce,2650330174.0000000000
8485822,6356422549162,btc_qm_engine,btc_sha256_nonce,2878502051.0000000000
8485823,6356422549484,btc_qm_engine,btc_sha256_nonce,3048777079.0000000000
8485824,6356422549719,btc_qm_engine,btc_leading_zeros,0.0000000000
8485825,6356422550070,btc_qm_engine,btc_sha256_nonce,157843048.0000000000
8485826,6356422550236,btc_qm_engine,btc_leading_zeros,2.0000000000
8485827,6356422550418,btc_qm_engine,btc_sha256_elapsed_ns,881.0000000000
8485828,6356422550797,btc_qm_engine,btc_leading_zeros,1.0000000000
8485829,6356422550994,btc_qm_engine,btc_sha256_elapsed_ns,735.0000000000
8485830,6356422551203,btc_qm_engine,btc_leading_zeros,2.0000000000
8485831,6356422551583,btc_qm_engine,btc_leading_zeros,0.0000000000
8485832,6356422551698,btc_qm_engine,btc_sha256_elapsed_ns,828.0000000000
8485833,6356422551834,btc_qm_engine,btc_leading_zeros,0.0000000000
8485834,6356422552503,btc_qm_engine,btc_sha256_elapsed_ns,1088.0000000000
8485835,6356422552669,btc_qm_engine,btc_sha256_nonce,2319772270.0000000000
8485836,6356422552828,btc_qm_engine,btc_sha256_elapsed_ns,823.0000000000
8485837,6356422553509,btc_qm_engine,btc_leading_zeros,0.0000000000
8485838,6356422553866,btc_qm_engine,btc_leading_zeros,2.0000000000
8485839,6356422554179,btc_qm_engine,btc_sha256_nonce,2749272573.0000000000
8485840,6356422554255,btc_qm_engine,btc_leading_zeros,1.0000000000
8485841,6356422554337,btc_qm_engine,btc_sha256_elapsed_ns,1101.0000000000
8485842,6356422554798,btc_qm_engine,btc_sha256_elapsed_ns,1123.0000000000
8485843,6356422555677,btc_qm_engine,btc_sha256_nonce,2571872761.0000000000
8485844,6356422555754,btc_qm_engine,btc_leading_zeros,1.0000000000
8485845,6356422555907,btc_qm_engine,btc_sha256_nonce,1255342625.0000000000
8485846,6356422556115,btc_qm_engine,btc_sha256_elapsed_ns,1069.0000000000
8485847,6356422556322,btc_qm_engine,btc_leading_zeros,0.0000000000
8485848,6356422556442,btc_qm_engine,btc_sha256_elapsed_ns,28296.0000000000
8485849,6356422556597,btc_qm_engine,btc_sha256_nonce,1606215768.0000000000
8485850,6356422556932,btc_qm_engine,btc_sha256_elapsed_ns,1093.0000000000
8485851,6356422557064,btc_qm_engine,btc_leading_zeros,0.0000000000
8485852,6356422557140,btc_qm_engine,btc_sha256_elapsed_ns,995.0000000000
8485853,6356422557955,btc_qm_engine,btc_sha256_nonce,1628754122.0000000000
8485854,6356422558034,btc_qm_engine,btc_leading_zeros,0.0000000000
8485855,6356422558107,btc_qm_engine,btc_sha256_elapsed_ns,1082.0000000000
8485856,6356422558249,btc_qm_engine,btc_sha256_nonce,1228514621.0000000000
8485857,6356422558347,btc_qm_engine,btc_leading_zeros,4.0000000000
8485858,6356422558499,btc_qm_engine,btc_sha256_nonce,3023577223.0000000000
8485859,6356422558788,btc_qm_engine,btc_sha256_elapsed_ns,1075.0000000000
8485860,6356422559106,btc_qm_engine,btc_leading_zeros,1.0000000000
8485861,6356422559176,btc_qm_engine,btc_sha256_elapsed_ns,1049.0000000000
8485862,6356422559343,btc_qm_engine,btc_sha256_nonce,1178880572.0000000000
8485863,6356422559441,btc_qm_engine,btc_leading_zeros,3.0000000000
8485864,6356422559511,btc_qm_engine,btc_sha256_elapsed_ns,920.0000000000
8485865,6356422559661,btc_qm_engine,btc_sha256_elapsed_ns,1103.0000000000
8485866,6356422559780,btc_qm_engine,btc_sha256_nonce,2958289579.0000000000
8485867,6356422560133,btc_qm_engine,btc_leading_zeros,1.0000000000
8485868,6356422560203,btc_qm_engine,btc_sha256_elapsed_ns,1077.0000000000
8485869,6356422560610,btc_qm_engine,btc_sha256_nonce,1839170181.0000000000
8485870,6356422560690,btc_qm_engine,btc_leading_zeros,2.0000000000
8485871,6356422560760,btc_qm_engine,btc_sha256_elapsed_ns,1122.0000000000
8485872,6356422560919,btc_qm_engine,btc_sha256_nonce,213980226.0000000000
8485873,6356422560994,btc_qm_engine,btc_leading_zeros,1.0000000000
8485874,6356422561048,btc_qm_engine,btc_sha256_elapsed_ns,766.0000000000
8485875,6356422561184,btc_qm_engine,btc_sha256_nonce,1717189683.0000000000
8485876,6356422561535,btc_qm_engine,btc_sha256_nonce,363292977.0000000000
8485877,6356422561982,btc_qm_engine,btc_sha256_nonce,1646313447.0000000000
8485878,6356422562060,btc_qm_engine,btc_leading_zeros,0.0000000000
8485879,6356422562127,btc_qm_engine,btc_leading_zeros,0.0000000000
8485880,6356422562583,btc_qm_engine,btc_sha256_elapsed_ns,739.0000000000
8485881,6356422562780,btc_qm_engine,btc_sha256_elapsed_ns,1065.0000000000
8485882,6356422563387,btc_qm_engine,btc_leading_zeros,0.0000000000
8485883,6356422563791,btc_qm_engine,btc_sha256_nonce,1696504228.0000000000
8485884,6356422564126,btc_qm_engine,btc_leading_zeros,0.0000000000
8485885,6356422564198,btc_qm_engine,btc_sha256_elapsed_ns,783.0000000000
8485886,6356422564285,btc_qm_engine,btc_sha256_elapsed_ns,1075.0000000000
8485887,6356422564473,btc_qm_engine,btc_sha256_nonce,1205168562.0000000000
8485888,6356422564555,btc_qm_engine,btc_leading_zeros,1.0000000000
8485889,6356422564636,btc_qm_engine,btc_sha256_elapsed_ns,1097.0000000000
8485890,6356422565136,btc_qm_engine,btc_sha256_nonce,3905755340.0000000000
8485891,6356422565254,btc_qm_engine,btc_sha256_nonce,2499872277.0000000000
8485892,6356422565768,btc_qm_engine,btc_leading_zeros,1.0000000000
8485893,6356422565890,btc_qm_engine,btc_sha256_nonce,4281380852.0000000000
8485894,6356422566179,btc_qm_engine,btc_sha256_nonce,1956696657.0000000000
8485895,6356422566576,btc_qm_engine,btc_leading_zeros,4.0000000000
8485896,6356422566827,btc_qm_engine,btc_leading_zeros,8.0000000000
8485897,6356422566994,btc_qm_engine,btc_leading_zeros,1.0000000000
8485898,6356422567268,btc_qm_engine,btc_sha256_elapsed_ns,1075.0000000000
8485899,6356422567427,btc_qm_engine,btc_sha256_elapsed_ns,1017.0000000000
8485900,6356422567560,btc_qm_engine,btc_sha256_elapsed_ns,741.0000000000
8485901,6356422568226,btc_qm_engine,btc_sha256_elapsed_ns,999.0000000000
8485902,6356422568620,btc_qm_engine,btc_sha256_nonce,1625072140.0000000000
8485903,6356422568700,btc_qm_engine,btc_leading_zeros,0.0000000000
8485904,6356422568770,btc_qm_engine,btc_sha256_elapsed_ns,1066.0000000000
8485905,6356422568990,btc_qm_engine,btc_sha256_nonce,4014358166.0000000000
8485906,6356422569073,btc_qm_engine,btc_leading_zeros,1.0000000000
8485907,6356422569143,btc_qm_engine,btc_sha256_elapsed_ns,1115.0000000000
8485908,6356422569559,btc_qm_engine,btc_sha256_nonce,3661063609.0000000000
8485909,6356422569878,btc_qm_engine,btc_leading_zeros,1.0000000000
8485910,6356422569954,btc_qm_engine,btc_sha256_elapsed_ns,994.0000000000
8485911,6356422570039,btc_qm_engine,btc_sha256_nonce,3782188254.0000000000
8485912,6356422570458,btc_qm_engine,btc_leading_zeros,0.0000000000
8485913,6356422570534,btc_qm_engine,btc_sha256_elapsed_ns,1059.0000000000
8485914,6356422570650,btc_qm_engine,btc_sha256_nonce,389892613.0000000000
8485915,6356422570722,btc_qm_engine,btc_leading_zeros,0.0000000000
8485916,6356422570791,btc_qm_engine,btc_sha256_elapsed_ns,1022.0000000000
8485917,6356422570930,btc_qm_engine,btc_sha256_nonce,2676448056.0000000000
8485918,6356422571024,btc_qm_engine,btc_leading_zeros,3.0000000000
8485919,6356422571101,btc_qm_engine,btc_sha256_nonce,302039672.0000000000
8485920,6356422571630,btc_qm_engine,btc_sha256_elapsed_ns,736.0000000000
8485921,6356422571826,btc_qm_engine,btc_leading_zeros,2.0000000000
8485922,6356422571912,btc_qm_engine,btc_sha256_elapsed_ns,1062.0000000000
8485923,6356422572196,btc_qm_engine,btc_sha256_nonce,1697645490.0000000000
8485924,6356422572625,btc_qm_engine,btc_sha256_nonce,3457470650.0000000000
8485925,6356422572697,btc_qm_engine,btc_leading_zeros,0.0000000000
8485926,6356422572770,btc_qm_engine,btc_sha256_elapsed_ns,1085.0000000000
8485927,6356422573275,btc_qm_engine,btc_sha256_nonce,947819321.0000000000
8485928,6356422573756,btc_qm_engine,btc_sha256_nonce,3974030407.0000000000
8485929,6356422574045,btc_qm_engine,btc_sha256_nonce,1577069172.0000000000
8485930,6356422574123,btc_qm_engine,btc_leading_zeros,1.0000000000
8485931,6356422574695,btc_qm_engine,btc_leading_zeros,0.0000000000
8485932,6356422574842,btc_qm_engine,btc_leading_zeros,4.0000000000
8485933,6356422575138,btc_qm_engine,btc_sha256_elapsed_ns,1019.0000000000
8485934,6356422575382,btc_qm_engine,btc_sha256_nonce,779273589.0000000000
8485935,6356422575561,btc_qm_engine,btc_sha256_elapsed_ns,1100.0000000000
8485936,6356422575902,btc_qm_engine,btc_leading_zeros,1.0000000000
8485937,6356422576300,btc_qm_engine,btc_sha256_elapsed_ns,1059.0000000000
8485938,6356422576803,btc_qm_engine,btc_sha256_nonce,1361992044.0000000000
8485939,6356422577082,btc_qm_engine,btc_sha256_nonce,842166251.0000000000
8485940,6356422577296,btc_qm_engine,btc_sha256_nonce,1294896974.0000000000
8485941,6356422577455,btc_qm_engine,btc_leading_zeros,1.0000000000
8485942,6356422577526,btc_qm_engine,btc_sha256_elapsed_ns,742.0000000000
8485943,6356422577741,btc_qm_engine,btc_leading_zeros,0.0000000000
8485944,6356422578141,btc_qm_engine,btc_sha256_nonce,4205841119.0000000000
8485945,6356422578354,btc_qm_engine,btc_sha256_elapsed_ns,1591.0000000000
8485946,6356422578644,btc_qm_engine,btc_leading_zeros,2.0000000000
8485947,6356422578818,btc_qm_engine,btc_sha256_nonce,991288791.0000000000
8485948,6356422578898,btc_qm_engine,btc_leading_zeros,1.0000000000
8485949,6356422578964,btc_qm_engine,btc_sha256_elapsed_ns,922.0000000000
8485950,6356422579232,btc_qm_engine,btc_leading_zeros,2.0000000000
8485951,6356422579394,btc_qm_engine,btc_sha256_elapsed_ns,1056.0000000000
8485952,6356422579667,btc_qm_engine,btc_sha256_elapsed_ns,1131.0000000000
8485953,6356422579824,btc_qm_engine,btc_sha256_nonce,2541183835.0000000000
8485954,6356422580041,btc_qm_engine,btc_sha256_nonce,3024404195.0000000000
8485955,6356422580141,btc_qm_engine,btc_leading_zeros,2.0000000000
8485956,6356422580700,btc_qm_engine,btc_leading_zeros,0.0000000000
8485957,6356422580770,btc_qm_engine,btc_sha256_elapsed_ns,24158.0000000000
8485958,6356422580926,btc_qm_engine,btc_sha256_nonce,1205019563.0000000000
8485959,6356422581034,btc_qm_engine,btc_leading_zeros,0.0000000000
8485960,6356422581176,btc_qm_engine,btc_sha256_nonce,2926194672.0000000000
8485961,6356422581374,btc_qm_engine,btc_sha256_elapsed_ns,989.0000000000
8485962,6356422581722,btc_qm_engine,btc_sha256_nonce,4240237675.0000000000
8485963,6356422581863,btc_qm_engine,btc_sha256_elapsed_ns,991.0000000000
8485964,6356422581979,btc_qm_engine,btc_leading_zeros,2.0000000000
8485965,6356422582153,btc_qm_engine,btc_sha256_elapsed_ns,1083.0000000000
8485966,6356422582392,btc_qm_engine,btc_sha256_elapsed_ns,1094.0000000000
8485967,6356422582542,btc_qm_engine,btc_sha256_nonce,4245241600.0000000000
8485968,6356422582897,btc_qm_engine,btc_leading_zeros,4.0000000000
8485969,6356422583346,btc_qm_engine,btc_leading_zeros,3.0000000000
8485970,6356422583511,btc_qm_engine,btc_sha256_elapsed_ns,743.0000000000
8485971,6356422583930,btc_qm_engine,btc_sha256_elapsed_ns,1030.0000000000
8485972,6356422584082,btc_qm_engine,btc_sha256_nonce,264008399.0000000000
8485973,6356422584347,btc_qm_engine,btc_sha256_nonce,3857485983.0000000000
8485974,6356422584437,btc_qm_engine,btc_leading_zeros,0.0000000000
8485975,6356422584507,btc_qm_engine,btc_sha256_elapsed_ns,980.0000000000
8485976,6356422584934,btc_qm_engine,btc_leading_zeros,1.0000000000
8485977,6356422585015,btc_qm_engine,btc_sha256_elapsed_ns,1071.0000000000
8485978,6356422585086,btc_qm_engine,btc_sha256_nonce,1603809389.0000000000
8485979,6356422585160,btc_qm_engine,btc_leading_zeros,0.0000000000
8485980,6356422585223,btc_qm_engine,btc_sha256_elapsed_ns,946.0000000000
8485981,6356422585833,btc_qm_engine,btc_sha256_nonce,3234269410.0000000000
8485982,6356422585908,btc_qm_engine,btc_leading_zeros,1.0000000000
8485983,6356422585976,btc_qm_engine,btc_sha256_elapsed_ns,1090.0000000000
8485984,6356422586234,btc_qm_engine,btc_sha256_nonce,254228064.0000000000
8485985,6356422586314,btc_qm_engine,btc_leading_zeros,0.0000000000
8485986,6356422586454,btc_qm_engine,btc_sha256_elapsed_ns,1072.0000000000
8485987,6356422586594,btc_qm_engine,btc_sha256_nonce,434024827.0000000000
8485988,6356422586674,btc_qm_engine,btc_leading_zeros,2.0000000000
8485989,6356422586728,btc_qm_engine,btc_sha256_elapsed_ns,1095.0000000000
8485990,6356422586897,btc_qm_engine,btc_sha256_nonce,3201368609.0000000000
8485991,6356422587190,btc_qm_engine,btc_sha256_nonce,3557031759.0000000000
8485992,6356422587323,btc_qm_engine,btc_leading_zeros,0.0000000000
8485993,6356422587524,btc_qm_engine,btc_leading_zeros,1.0000000000
8485994,6356422587924,btc_qm_engine,btc_sha256_nonce,1336679676.0000000000
8485995,6356422588133,btc_qm_engine,btc_sha256_elapsed_ns,995.0000000000
8485996,6356422588289,btc_qm_engine,btc_leading_zeros,0.0000000000
8485997,6356422588715,btc_qm_engine,btc_sha256_nonce,3509396172.0000000000
8485998,6356422589329,btc_qm_engine,btc_sha256_elapsed_ns,993.0000000000
8485999,6356422589619,btc_qm_engine,btc_sha256_nonce,1390359332.0000000000
8486000,6356422589792,btc_qm_engine,btc_leading_zeros,1.0000000000
8486001,6356422590065,btc_qm_engine,btc_sha256_elapsed_ns,1194.0000000000
8486002,6356422590430,btc_qm_engine,btc_sha256_nonce,268798119.0000000000
8486003,6356422590726,btc_qm_engine,btc_leading_zeros,0.0000000000
8486004,6356422591244,btc_qm_engine,btc_sha256_nonce,2144193988.0000000000
8486005,6356422591363,btc_qm_engine,btc_sha256_nonce,3911444850.0000000000
8486006,6356422591594,btc_qm_engine,btc_sha256_elapsed_ns,1036.0000000000
8486007,6356422591732,btc_qm_engine,btc_sha256_nonce,1976645962.0000000000
8486008,6356422591975,btc_qm_engine,btc_leading_zeros,0.0000000000
8486009,6356422592118,btc_qm_engine,btc_sha256_elapsed_ns,1071.0000000000
8486010,6356422592249,btc_qm_engine,btc_leading_zeros,1.0000000000
8486011,6356422592596,btc_qm_engine,btc_sha256_elapsed_ns,1001.0000000000
8486012,6356422592977,btc_qm_engine,btc_sha256_nonce,778987874.0000000000
8486013,6356422593067,btc_qm_engine,btc_leading_zeros,0.0000000000
8486014,6356422593141,btc_qm_engine,btc_sha256_elapsed_ns,1118.0000000000
8486015,6356422593468,btc_qm_engine,btc_sha256_nonce,2479788382.0000000000
8486016,6356422593858,btc_qm_engine,btc_sha256_nonce,3899650372.0000000000
8486017,6356422593973,btc_qm_engine,btc_leading_zeros,4.0000000000
8486018,6356422594364,btc_qm_engine,btc_sha256_nonce,1077684330.0000000000
8486019,6356422594575,btc_qm_engine,btc_sha256_elapsed_ns,1005.0000000000
8486020,6356422595113,btc_qm_engine,btc_leading_zeros,3.0000000000
8486021,6356422595234,btc_qm_engine,btc_leading_zeros,2.0000000000
8486022,6356422595635,btc_qm_engine,btc_sha256_elapsed_ns,1105.0000000000
8486023,6356422596166,btc_qm_engine,btc_sha256_elapsed_ns,952.0000000000
8486024,6356422596769,btc_qm_engine,btc_leading_zeros,1.0000000000
8486025,6356422597255,btc_qm_engine,btc_sha256_elapsed_ns,991.0000000000
8486026,6356422597692,btc_qm_engine,btc_sha256_nonce,476543535.0000000000
8486027,6356422598060,btc_qm_engine,btc_sha256_nonce,1205976537.0000000000
8486028,6356422598147,btc_qm_engine,btc_leading_zeros,0.0000000000
8486029,6356422598393,btc_qm_engine,btc_leading_zeros,2.0000000000
8486030,6356422598541,btc_qm_engine,btc_sha256_elapsed_ns,1021.0000000000
8486031,6356422598883,btc_qm_engine,btc_sha256_nonce,3263766481.0000000000
8486032,6356422598986,btc_qm_engine,btc_leading_zeros,0.0000000000
8486033,6356422599241,btc_qm_engine,btc_sha256_nonce,3488651737.0000000000
8486034,6356422599485,btc_qm_engine,btc_sha256_elapsed_ns,953.0000000000
8486035,6356422599651,btc_qm_engine,btc_leading_zeros,2.0000000000
8486036,6356422600095,btc_qm_engine,btc_sha256_elapsed_ns,1034.0000000000
8486037,6356422600266,btc_qm_engine,btc_sha256_nonce,1026108292.0000000000
8486038,6356422600344,btc_qm_engine,btc_leading_zeros,0.0000000000
8486039,6356422600425,btc_qm_engine,btc_sha256_elapsed_ns,964.0000000000
8486040,6356422600511,btc_qm_engine,btc_sha256_elapsed_ns,1105.0000000000
8486041,6356422601214,btc_qm_engine,btc_sha256_nonce,3781595686.0000000000
8486042,6356422601384,btc_qm_engine,btc_leading_zeros,0.0000000000
8486043,6356422601731,btc_qm_engine,btc_sha256_nonce,1957395313.0000000000
8486044,6356422601902,btc_qm_engine,btc_sha256_nonce,3343702475.0000000000
8486045,6356422602159,btc_qm_engine,btc_sha256_elapsed_ns,1112.0000000000
8486046,6356422602375,btc_qm_engine,btc_leading_zeros,4.0000000000
8486047,6356422602614,btc_qm_engine,btc_sha256_nonce,1579321463.0000000000
8486048,6356422602987,btc_qm_engine,btc_sha256_elapsed_ns,1065.0000000000
8486049,6356422603204,btc_qm_engine,btc_leading_zeros,2.0000000000
8486050,6356422603303,btc_qm_engine,btc_leading_zeros,2.0000000000
8486051,6356422603821,btc_qm_engine,btc_sha256_nonce,338654767.0000000000
8486052,6356422603922,btc_qm_engine,btc_leading_zeros,3.0000000000
8486053,6356422603990,btc_qm_engine,btc_sha256_elapsed_ns,888.0000000000
8486054,6356422604085,btc_qm_engine,btc_sha256_elapsed_ns,1033.0000000000
8486055,6356422604591,btc_qm_engine,btc_sha256_elapsed_ns,1041.0000000000
8486056,6356422605042,btc_qm_engine,btc_sha256_elapsed_ns,1111.0000000000
8486057,6356422605308,btc_qm_engine,btc_sha256_nonce,1205595176.0000000000
8486058,6356422605391,btc_qm_engine,btc_leading_zeros,1.0000000000
8486059,6356422605465,btc_qm_engine,btc_sha256_elapsed_ns,1061.0000000000
8486060,6356422605704,btc_qm_engine,btc_sha256_nonce,830996742.0000000000
8486061,6356422606107,btc_qm_engine,btc_leading_zeros,2.0000000000
8486062,6356422606181,btc_qm_engine,btc_sha256_elapsed_ns,1036.0000000000
8486063,6356422606320,btc_qm_engine,btc_sha256_nonce,3371481508.0000000000
8486064,6356422606402,btc_qm_engine,btc_leading_zeros,2.0000000000
8486065,6356422606483,btc_qm_engine,btc_sha256_elapsed_ns,1084.0000000000
8486066,6356422606650,btc_qm_engine,btc_sha256_nonce,3201241290.0000000000
8486067,6356422606728,btc_qm_engine,btc_leading_zeros,0.0000000000
8486068,6356422606868,btc_qm_engine,btc_sha256_nonce,1397036336.0000000000
8486069,6356422606975,btc_qm_engine,btc_leading_zeros,0.0000000000
8486070,6356422607045,btc_qm_engine,btc_sha256_elapsed_ns,1099.0000000000
8486071,6356422607175,btc_qm_engine,btc_sha256_elapsed_ns,1034.0000000000
8486072,6356422607815,btc_qm_engine,btc_sha256_nonce,3464201757.0000000000
8486073,6356422607968,btc_qm_engine,btc_sha256_nonce,3363609618.0000000000
8486074,6356422608266,btc_qm_engine,btc_sha256_nonce,3357314916.0000000000
8486075,6356422608478,btc_qm_engine,btc_leading_zeros,0.0000000000
8486076,6356422608932,btc_qm_engine,btc_sha256_nonce,520830012.0000000000
8486077,6356422609389,btc_qm_engine,btc_leading_zeros,4.0000000000
8486078,6356422609625,btc_qm_engine,btc_sha256_elapsed_ns,1079.0000000000
8486079,6356422609768,btc_qm_engine,btc_sha256_elapsed_ns,992.0000000000
8486080,6356422610063,btc_qm_engine,btc_sha256_nonce,3332709163.0000000000
8486081,6356422610563,btc_qm_engine,btc_leading_zeros,1.0000000000
8486082,6356422610615,btc_qm_engine,btc_sha256_elapsed_ns,952.0000000000
8486083,6356422611270,btc_qm_engine,btc_sha256_nonce,865873085.0000000000
8486084,6356422611350,btc_qm_engine,btc_leading_zeros,1.0000000000
8486085,6356422611420,btc_qm_engine,btc_sha256_elapsed_ns,1076.0000000000
8486086,6356422611528,btc_qm_engine,btc_sha256_nonce,1556467562.0000000000
8486087,6356422611604,btc_qm_engine,btc_leading_zeros,0.0000000000
8486088,6356422611672,btc_qm_engine,btc_sha256_elapsed_ns,725.0000000000
8486089,6356422612757,btc_qm_engine,btc_sha256_nonce,858238355.0000000000
8486090,6356422612886,btc_qm_engine,btc_leading_zeros,1.0000000000
8486091,6356422613374,btc_qm_engine,btc_sha256_nonce,2871276789.0000000000
8486092,6356422613449,btc_qm_engine,btc_leading_zeros,1.0000000000
8486093,6356422613632,btc_qm_engine,btc_sha256_nonce,3202147322.0000000000
8486094,6356422613806,btc_qm_engine,btc_sha256_elapsed_ns,1058.0000000000
8486095,6356422613979,btc_qm_engine,btc_leading_zeros,0.0000000000
8486096,6356422614436,btc_qm_engine,btc_leading_zeros,0.0000000000
8486097,6356422614639,btc_qm_engine,btc_sha256_elapsed_ns,1086.0000000000
8486098,6356422614997,btc_qm_engine,btc_sha256_nonce,2276466212.0000000000
8486099,6356422615137,btc_qm_engine,btc_sha256_elapsed_ns,1022.0000000000
8486100,6356422615240,btc_qm_engine,btc_leading_zeros,0.0000000000
8486101,6356422615490,btc_qm_engine,btc_sha256_elapsed_ns,1052.0000000000
8486102,6356422615641,btc_qm_engine,btc_sha256_elapsed_ns,1068.0000000000
8486103,6356422615962,btc_qm_engine,btc_sha256_nonce,640316868.0000000000
8486104,6356422616043,btc_qm_engine,btc_leading_zeros,2.0000000000
8486105,6356422616381,btc_qm_engine,btc_sha256_nonce,4222459662.0000000000
8486106,6356422616476,btc_qm_engine,btc_leading_zeros,0.0000000000
8486107,6356422616533,btc_qm_engine,btc_sha256_elapsed_ns,976.0000000000
8486108,6356422616801,btc_qm_engine,btc_sha256_elapsed_ns,1059.0000000000
8486109,6356422617008,btc_qm_engine,btc_leading_zeros,0.0000000000
8486110,6356422617181,btc_qm_engine,btc_sha256_nonce,4207191327.0000000000
8486111,6356422617635,btc_qm_engine,btc_leading_zeros,1.0000000000
8486112,6356422618353,btc_qm_engine,btc_sha256_nonce,2258260543.0000000000
8486113,6356422618669,btc_qm_engine,btc_sha256_nonce,864944207.0000000000
8486114,6356422619549,btc_qm_engine,btc_sha256_nonce,2390469021.0000000000
8486115,6356422619743,btc_qm_engine,btc_leading_zeros,1.0000000000
8486116,6356422619830,btc_qm_engine,btc_sha256_elapsed_ns,972.0000000000
8486117,6356422619987,btc_qm_engine,btc_leading_zeros,4.0000000000
8486118,6356422620448,btc_qm_engine,btc_sha256_elapsed_ns,1011.0000000000
8486119,6356422620792,btc_qm_engine,btc_leading_zeros,4.0000000000
8486120,6356422620938,btc_qm_engine,btc_leading_zeros,0.0000000000
8486121,6356422621171,btc_qm_engine,btc_sha256_nonce,1651432329.0000000000
8486122,6356422621345,btc_qm_engine,btc_sha256_elapsed_ns,787.0000000000
8486123,6356422621932,btc_qm_engine,btc_leading_zeros,0.0000000000
8486124,6356422622262,btc_qm_engine,btc_sha256_nonce,2779638891.0000000000
8486125,6356422622525,btc_qm_engine,btc_sha256_nonce,2536291499.0000000000
8486126,6356422622659,btc_qm_engine,btc_leading_zeros,1.0000000000
8486127,6356422623238,btc_qm_engine,btc_leading_zeros,0.0000000000
8486128,6356422623437,btc_qm_engine,btc_sha256_elapsed_ns,1120.0000000000
8486129,6356422623706,btc_qm_engine,btc_sha256_elapsed_ns,1040.0000000000
8486130,6356422623863,btc_qm_engine,btc_sha256_elapsed_ns,1092.0000000000
8486131,6356422624735,btc_qm_engine,btc_sha256_nonce,1244327362.0000000000
8486132,6356422624808,btc_qm_engine,btc_leading_zeros,0.0000000000
8486133,6356422624938,btc_qm_engine,btc_sha256_nonce,511588470.0000000000
8486134,6356422625230,btc_qm_engine,btc_sha256_nonce,1328578365.0000000000
8486135,6356422625300,btc_qm_engine,btc_leading_zeros,0.0000000000
8486136,6356422625696,btc_qm_engine,btc_sha256_elapsed_ns,950.0000000000
8486137,6356422625849,btc_qm_engine,btc_leading_zeros,0.0000000000
8486138,6356422625957,btc_qm_engine,btc_sha256_elapsed_ns,1071.0000000000
8486139,6356422626295,btc_qm_engine,btc_sha256_elapsed_ns,738.0000000000
8486140,6356422626385,btc_qm_engine,btc_sha256_elapsed_ns,1073.0000000000
8486141,6356422626518,btc_qm_engine,btc_sha256_elapsed_ns,1096.0000000000
8486142,6356422627016,btc_qm_engine,btc_sha256_nonce,3906477097.0000000000
8486143,6356422627099,btc_qm_engine,btc_leading_zeros,2.0000000000
8486144,6356422627170,btc_qm_engine,btc_sha256_elapsed_ns,1077.0000000000
8486145,6356422627538,btc_qm_engine,btc_sha256_nonce,1018073250.0000000000
8486146,6356422627760,btc_qm_engine,btc_leading_zeros,1.0000000000
8486147,6356422627886,btc_qm_engine,btc_sha256_nonce,417305032.0000000000
8486148,6356422627960,btc_qm_engine,btc_leading_zeros,1.0000000000
8486149,6356422628093,btc_qm_engine,btc_sha256_elapsed_ns,1029.0000000000
8486150,6356422628199,btc_qm_engine,btc_sha256_nonce,323298357.0000000000
8486151,6356422628318,btc_qm_engine,btc_sha256_nonce,591270288.0000000000
8486152,6356422628593,btc_qm_engine,btc_sha256_nonce,2188927261.0000000000
8486153,6356422628888,btc_qm_engine,btc_sha256_elapsed_ns,1096.0000000000
8486154,6356422629309,btc_qm_engine,btc_sha256_nonce,2112801938.0000000000
8486155,6356422629529,btc_qm_engine,btc_leading_zeros,0.0000000000
8486156,6356422629600,btc_qm_engine,btc_sha256_elapsed_ns,995.0000000000
8486157,6356422629736,btc_qm_engine,btc_leading_zeros,0.0000000000
8486158,6356422629874,btc_qm_engine,btc_leading_zeros,0.0000000000
8486159,6356422629945,btc_qm_engine,btc_sha256_elapsed_ns,988.0000000000
8486160,6356422630096,btc_qm_engine,btc_sha256_elapsed_ns,1085.0000000000
8486161,6356422630535,btc_qm_engine,btc_leading_zeros,1.0000000000
8486162,6356422630648,btc_qm_engine,btc_sha256_elapsed_ns,1157.0000000000
8486163,6356422630998,btc_qm_engine,btc_sha256_nonce,1827914674.0000000000
8486164,6356422631280,btc_qm_engine,btc_sha256_nonce,3722589088.0000000000
8486165,6356422631351,btc_qm_engine,btc_leading_zeros,0.0000000000
8486166,6356422631479,btc_qm_engine,btc_sha256_elapsed_ns,1089.0000000000
8486167,6356422631881,btc_qm_engine,btc_sha256_nonce,945047177.0000000000
8486168,6356422631988,btc_qm_engine,btc_sha256_nonce,3245235642.0000000000
8486169,6356422632093,btc_qm_engine,btc_leading_zeros,0.0000000000
8486170,6356422632281,btc_qm_engine,btc_sha256_elapsed_ns,1074.0000000000
8486171,6356422632433,btc_qm_engine,btc_leading_zeros,4.0000000000
8486172,6356422632508,btc_qm_engine,btc_sha256_elapsed_ns,1095.0000000000
8486173,6356422632689,btc_qm_engine,btc_sha256_nonce,51298427.0000000000
8486174,6356422632780,btc_qm_engine,btc_leading_zeros,2.0000000000
8486175,6356422633188,btc_qm_engine,btc_leading_zeros,1.0000000000
8486176,6356422633687,btc_qm_engine,btc_leading_zeros,0.0000000000
8486177,6356422633852,btc_qm_engine,btc_sha256_elapsed_ns,1123.0000000000
8486178,6356422634223,btc_qm_engine,btc_sha256_nonce,3648152413.0000000000
8486179,6356422634322,btc_qm_engine,btc_leading_zeros,1.0000000000
8486180,6356422634382,btc_qm_engine,btc_sha256_elapsed_ns,1164.0000000000
8486181,6356422634669,btc_qm_engine,btc_sha256_elapsed_ns,816.0000000000
8486182,6356422634923,btc_qm_engine,btc_sha256_nonce,2877840779.0000000000
8486183,6356422635260,btc_qm_engine,btc_leading_zeros,2.0000000000
8486184,6356422635327,btc_qm_engine,btc_sha256_elapsed_ns,964.0000000000
8486185,6356422635631,btc_qm_engine,btc_sha256_nonce,454081394.0000000000
8486186,6356422635759,btc_qm_engine,btc_sha256_nonce,3586764282.0000000000
8486187,6356422636277,btc_qm_engine,btc_leading_zeros,3.0000000000
8486188,6356422636468,btc_qm_engine,btc_leading_zeros,0.0000000000
8486189,6356422636595,btc_qm_engine,btc_sha256_nonce,11465510.0000000000
8486190,6356422636676,btc_qm_engine,btc_leading_zeros,1.0000000000
8486191,6356422636824,btc_qm_engine,btc_sha256_elapsed_ns,731.0000000000
8486192,6356422637015,btc_qm_engine,btc_sha256_nonce,2299794124.0000000000
8486193,6356422637753,btc_qm_engine,btc_sha256_elapsed_ns,1100.0000000000
8486194,6356422637891,btc_qm_engine,btc_leading_zeros,1.0000000000
8486195,6356422637965,btc_qm_engine,btc_sha256_elapsed_ns,1158.0000000000
8486196,6356422638201,btc_qm_engine,btc_sha256_nonce,453911204.0000000000
8486197,6356422638275,btc_qm_engine,btc_leading_zeros,0.0000000000
8486198,6356422638341,btc_qm_engine,btc_sha256_elapsed_ns,1056.0000000000
8486199,6356422638572,btc_qm_engine,btc_sha256_nonce,2130333752.0000000000
8486200,6356422638964,btc_qm_engine,btc_leading_zeros,0.0000000000
8486201,6356422639017,btc_qm_engine,btc_sha256_elapsed_ns,1047.0000000000
8486202,6356422639342,btc_qm_engine,btc_sha256_nonce,1167802810.0000000000
8486203,6356422639549,btc_qm_engine,btc_leading_zeros,2.0000000000
8486204,6356422639991,btc_qm_engine,btc_sha256_nonce,3245671179.0000000000
8486205,6356422640127,btc_qm_engine,btc_sha256_elapsed_ns,1000.0000000000
8486206,6356422640286,btc_qm_engine,btc_sha256_nonce,107036215.0000000000
8486207,6356422640475,btc_qm_engine,btc_leading_zeros,0.0000000000
8486208,6356422641094,btc_qm_engine,btc_sha256_elapsed_ns,1112.0000000000
8486209,6356422641193,btc_qm_engine,btc_sha256_elapsed_ns,1120.0000000000
8486210,6356422641808,btc_qm_engine,btc_sha256_elapsed_ns,1084.0000000000
8486211,6356422642252,btc_qm_engine,btc_sha256_nonce,4241332238.0000000000
8486212,6356422642448,btc_qm_engine,btc_sha256_nonce,3832758822.0000000000
8486213,6356422642525,btc_qm_engine,btc_leading_zeros,1.0000000000
8486214,6356422642658,btc_qm_engine,btc_leading_zeros,0.0000000000
8486215,6356422642838,btc_qm_engine,btc_sha256_nonce,1685215849.0000000000
8486216,6356422642913,btc_qm_engine,btc_leading_zeros,1.0000000000
8486217,6356422642986,btc_qm_engine,btc_sha256_elapsed_ns,1083.0000000000
8486218,6356422643314,btc_qm_engine,btc_sha256_nonce,3548221117.0000000000
8486219,6356422643391,btc_qm_engine,btc_leading_zeros,0.0000000000
8486220,6356422643517,btc_qm_engine,btc_sha256_elapsed_ns,916.0000000000
8486221,6356422643782,btc_qm_engine,btc_sha256_elapsed_ns,1106.0000000000
8486222,6356422644382,btc_qm_engine,btc_sha256_elapsed_ns,1055.0000000000
8486223,6356422644707,btc_qm_engine,btc_sha256_nonce,1205410526.0000000000
8486224,6356422644787,btc_qm_engine,btc_leading_zeros,2.0000000000
8486225,6356422644866,btc_qm_engine,btc_sha256_elapsed_ns,966.0000000000
8486226,6356422645681,btc_qm_engine,btc_sha256_nonce,429027519.0000000000
8486227,6356422645761,btc_qm_engine,btc_leading_zeros,0.0000000000
8486228,6356422645821,btc_qm_engine,btc_sha256_elapsed_ns,1088.0000000000
8486229,6356422645931,btc_qm_engine,btc_sha256_nonce,4280305101.0000000000
8486230,6356422646081,btc_qm_engine,btc_sha256_nonce,1199977080.0000000000
8486231,6356422646333,btc_qm_engine,btc_leading_zeros,0.0000000000
8486232,6356422646410,btc_qm_engine,btc_sha256_elapsed_ns,961.0000000000
8486233,6356422646587,btc_qm_engine,btc_leading_zeros,1.0000000000
8486234,6356422646816,btc_qm_engine,btc_sha256_elapsed_ns,946.0000000000
8486235,6356422647111,btc_qm_engine,btc_sha256_nonce,3800142121.0000000000
8486236,6356422647214,btc_qm_engine,btc_leading_zeros,0.0000000000
8486237,6356422647287,btc_qm_engine,btc_sha256_elapsed_ns,1063.0000000000
8486238,6356422647712,btc_qm_engine,btc_sha256_nonce,3840631338.0000000000
8486239,6356422647784,btc_qm_engine,btc_leading_zeros,2.0000000000
8486240,6356422647860,btc_qm_engine,btc_sha256_elapsed_ns,1082.0000000000
8486241,6356422648649,btc_qm_engine,btc_sha256_nonce,1871555963.0000000000
8486242,6356422649134,btc_qm_engine,btc_sha256_nonce,4217365266.0000000000
8486243,6356422649188,btc_qm_engine,btc_leading_zeros,1.0000000000
8486244,6356422649238,btc_qm_engine,btc_sha256_elapsed_ns,1058.0000000000
8486245,6356422649501,btc_qm_engine,btc_sha256_elapsed_ns,1069.0000000000
8486246,6356422649711,btc_qm_engine,btc_leading_zeros,2.0000000000
8486247,6356422649799,btc_qm_engine,btc_sha256_elapsed_ns,1144.0000000000
8486248,6356422650372,btc_qm_engine,btc_sha256_nonce,731413220.0000000000
8486249,6356422650444,btc_qm_engine,btc_leading_zeros,0.0000000000
8486250,6356422650513,btc_qm_engine,btc_sha256_elapsed_ns,979.0000000000
8486251,6356422650633,btc_qm_engine,btc_sha256_nonce,1323053323.0000000000
8486252,6356422650716,btc_qm_engine,btc_leading_zeros,1.0000000000
8486253,6356422650786,btc_qm_engine,btc_sha256_elapsed_ns,1109.0000000000
8486254,6356422650983,btc_qm_engine,btc_sha256_nonce,502579804.0000000000
8486255,6356422651180,btc_qm_engine,btc_leading_zeros,0.0000000000
8486256,6356422651379,btc_qm_engine,btc_leading_zeros,0.0000000000
8486257,6356422651464,btc_qm_engine,btc_sha256_elapsed_ns,1081.0000000000
8486258,6356422651664,btc_qm_engine,btc_sha256_nonce,2474260912.0000000000
8486259,6356422651823,btc_qm_engine,btc_sha256_nonce,1666894263.0000000000
8486260,6356422652139,btc_qm_engine,btc_leading_zeros,0.0000000000
8486261,6356422652337,btc_qm_engine,btc_sha256_nonce,2678398142.0000000000
8486262,6356422652613,btc_qm_engine,btc_leading_zeros,1.0000000000
8486263,6356422652746,btc_qm_engine,btc_sha256_elapsed_ns,1126.0000000000
8486264,6356422652974,btc_qm_engine,btc_sha256_nonce,1524368033.0000000000
8486265,6356422653181,btc_qm_engine,btc_sha256_elapsed_ns,1012.0000000000
8486266,6356422653460,btc_qm_engine,btc_leading_zeros,4.0000000000
8486267,6356422653551,btc_qm_engine,btc_sha256_elapsed_ns,1138.0000000000
8486268,6356422653656,btc_qm_engine,btc_sha256_elapsed_ns,1032.0000000000
8486269,6356422653775,btc_qm_engine,btc_sha256_nonce,1352371741.0000000000
8486270,6356422653937,btc_qm_engine,btc_leading_zeros,1.0000000000
8486271,6356422654006,btc_qm_engine,btc_sha256_elapsed_ns,1125.0000000000
8486272,6356422654156,btc_qm_engine,btc_leading_zeros,0.0000000000
8486273,6356422654237,btc_qm_engine,btc_sha256_elapsed_ns,1047.0000000000
8486274,6356422654442,btc_qm_engine,btc_sha256_nonce,57832512.0000000000
8486275,6356422654783,btc_qm_engine,btc_leading_zeros,0.0000000000
8486276,6356422654879,btc_qm_engine,btc_sha256_nonce,1527097607.0000000000
8486277,6356422655005,btc_qm_engine,btc_sha256_nonce,1684796322.0000000000
8486278,6356422655078,btc_qm_engine,btc_leading_zeros,0.0000000000
8486279,6356422655164,btc_qm_engine,btc_sha256_elapsed_ns,1145.0000000000
8486280,6356422655242,btc_qm_engine,btc_sha256_elapsed_ns,1092.0000000000
8486281,6356422655403,btc_qm_engine,btc_leading_zeros,0.0000000000
8486282,6356422655570,btc_qm_engine,btc_sha256_nonce,3604881213.0000000000
8486283,6356422655648,btc_qm_engine,btc_leading_zeros,1.0000000000
8486284,6356422655700,btc_qm_engine,btc_sha256_elapsed_ns,1069.0000000000
8486285,6356422655885,btc_qm_engine,btc_sha256_nonce,3489298024.0000000000
8486286,6356422656054,btc_qm_engine,btc_sha256_nonce,970645889.0000000000
8486287,6356422656256,btc_qm_engine,btc_sha256_elapsed_ns,1093.0000000000
8486288,6356422656507,btc_qm_engine,btc_leading_zeros,2.0000000000
8486289,6356422656778,btc_qm_engine,btc_sha256_elapsed_ns,1094.0000000000
8486290,6356422657316,btc_qm_engine,btc_sha256_nonce,4031733453.0000000000
8486291,6356422657718,btc_qm_engine,btc_leading_zeros,2.0000000000
8486292,6356422657907,btc_qm_engine,btc_sha256_nonce,4083128091.0000000000
8486293,6356422658437,btc_qm_engine,btc_sha256_elapsed_ns,1109.0000000000
8486294,6356422658512,btc_qm_engine,btc_leading_zeros,0.0000000000
8486295,6356422658608,btc_qm_engine,btc_sha256_elapsed_ns,982.0000000000
8486296,6356422658708,btc_qm_engine,btc_sha256_nonce,3449086162.0000000000
8486297,6356422658847,btc_qm_engine,btc_sha256_nonce,1736318634.0000000000
8486298,6356422658926,btc_qm_engine,btc_leading_zeros,0.0000000000
8486299,6356422658995,btc_qm_engine,btc_sha256_elapsed_ns,1104.0000000000
8486300,6356422659105,btc_qm_engine,btc_leading_zeros,0.0000000000
8486301,6356422659180,btc_qm_engine,btc_sha256_elapsed_ns,932.0000000000
8486302,6356422659795,btc_qm_engine,btc_sha256_nonce,453650419.0000000000
8486303,6356422659934,btc_qm_engine,btc_sha256_nonce,3757062312.0000000000
8486304,6356422660009,btc_qm_engine,btc_leading_zeros,2.0000000000
8486305,6356422660092,btc_qm_engine,btc_sha256_elapsed_ns,1086.0000000000
8486306,6356422660307,btc_qm_engine,btc_sha256_nonce,3267458503.0000000000
8486307,6356422660462,btc_qm_engine,btc_sha256_nonce,127315496.0000000000
8486308,6356422660741,btc_qm_engine,btc_leading_zeros,0.0000000000
8486309,6356422660815,btc_qm_engine,btc_sha256_elapsed_ns,1122.0000000000
8486310,6356422661014,btc_qm_engine,btc_sha256_nonce,2608162227.0000000000
8486311,6356422661176,btc_qm_engine,btc_sha256_nonce,284207484.0000000000
8486312,6356422661249,btc_qm_engine,btc_leading_zeros,0.0000000000
8486313,6356422661354,btc_qm_engine,btc_leading_zeros,0.0000000000
8486314,6356422662098,btc_qm_engine,btc_leading_zeros,0.0000000000
8486315,6356422662225,btc_qm_engine,btc_sha256_nonce,2626198678.0000000000
8486316,6356422662485,btc_qm_engine,btc_sha256_elapsed_ns,843.0000000000
8486317,6356422662944,btc_qm_engine,btc_sha256_elapsed_ns,1092.0000000000
8486318,6356422663282,btc_qm_engine,btc_sha256_nonce,2048403958.0000000000
8486319,6356422663821,btc_qm_engine,btc_leading_zeros,0.0000000000
8486320,6356422663955,btc_qm_engine,btc_leading_zeros,0.0000000000
8486321,6356422664031,btc_qm_engine,btc_sha256_elapsed_ns,1115.0000000000
8486322,6356422664114,btc_qm_engine,btc_sha256_nonce,517705088.0000000000
8486323,6356422664289,btc_qm_engine,btc_leading_zeros,0.0000000000
8486324,6356422664575,btc_qm_engine,btc_leading_zeros,1.0000000000
8486325,6356422664646,btc_qm_engine,btc_sha256_elapsed_ns,970.0000000000
8486326,6356422664844,btc_qm_engine,btc_sha256_elapsed_ns,1144.0000000000
8486327,6356422664999,btc_qm_engine,btc_sha256_elapsed_ns,1068.0000000000
8486328,6356422665403,btc_qm_engine,btc_sha256_nonce,510535725.0000000000
8486329,6356422665483,btc_qm_engine,btc_leading_zeros,1.0000000000
8486330,6356422665555,btc_qm_engine,btc_sha256_elapsed_ns,1084.0000000000
8486331,6356422665950,btc_qm_engine,btc_sha256_nonce,2899548910.0000000000
8486332,6356422666029,btc_qm_engine,btc_leading_zeros,3.0000000000
8486333,6356422666104,btc_qm_engine,btc_sha256_elapsed_ns,1093.0000000000
8486334,6356422666373,btc_qm_engine,btc_sha256_nonce,3201363773.0000000000
8486335,6356422666453,btc_qm_engine,btc_leading_zeros,0.0000000000
8486336,6356422666523,btc_qm_engine,btc_sha256_elapsed_ns,1059.0000000000
8486337,6356422666633,btc_qm_engine,btc_sha256_nonce,2521018145.0000000000
8486338,6356422666961,btc_qm_engine,btc_sha256_nonce,2201255619.0000000000
8486339,6356422667149,btc_qm_engine,btc_leading_zeros,0.0000000000
8486340,6356422667364,btc_qm_engine,btc_sha256_nonce,625655319.0000000000
8486341,6356422667436,btc_qm_engine,btc_leading_zeros,0.0000000000
8486342,6356422667589,btc_qm_engine,btc_sha256_elapsed_ns,1000.0000000000
8486343,6356422667702,btc_qm_engine,btc_sha256_nonce,1684728819.0000000000
8486344,6356422667865,btc_qm_engine,btc_sha256_nonce,3202327733.0000000000
8486345,6356422668248,btc_qm_engine,btc_leading_zeros,1.0000000000
8486346,6356422668513,btc_qm_engine,btc_leading_zeros,0.0000000000
8486347,6356422668779,btc_qm_engine,btc_sha256_elapsed_ns,1102.0000000000
8486348,6356422669527,btc_qm_engine,btc_leading_zeros,0.0000000000
8486349,6356422669651,btc_qm_engine,btc_sha256_elapsed_ns,1094.0000000000
8486350,6356422669925,btc_qm_engine,btc_sha256_elapsed_ns,1076.0000000000
8486351,6356422670120,btc_qm_engine,btc_sha256_nonce,2488529654.0000000000
8486352,6356422670414,btc_qm_engine,btc_leading_zeros,1.0000000000
8486353,6356422670484,btc_qm_engine,btc_sha256_elapsed_ns,995.0000000000
8486354,6356422671123,btc_qm_engine,btc_sha256_nonce,3460239999.0000000000
8486355,6356422671410,btc_qm_engine,btc_sha256_nonce,1685374184.0000000000
8486356,6356422671706,btc_qm_engine,btc_sha256_nonce,906400258.0000000000
8486357,6356422671781,btc_qm_engine,btc_leading_zeros,0.0000000000
8486358,6356422671849,btc_qm_engine,btc_sha256_elapsed_ns,1011.0000000000
8486359,6356422672055,btc_qm_engine,btc_sha256_nonce,2732282071.0000000000
8486360,6356422672238,btc_qm_engine,btc_leading_zeros,0.0000000000
8486361,6356422672407,btc_qm_engine,btc_sha256_elapsed_ns,799.0000000000
8486362,6356422672546,btc_qm_engine,btc_leading_zeros,2.0000000000
8486363,6356422672619,btc_qm_engine,btc_sha256_elapsed_ns,1000.0000000000
8486364,6356422673155,btc_qm_engine,btc_sha256_nonce,855831193.0000000000
8486365,6356422673235,btc_qm_engine,btc_leading_zeros,0.0000000000
8486366,6356422673304,btc_qm_engine,btc_sha256_elapsed_ns,1077.0000000000
8486367,6356422673555,btc_qm_engine,btc_leading_zeros,0.0000000000
8486368,6356422673943,btc_qm_engine,btc_sha256_nonce,1867802193.0000000000
8486369,6356422674020,btc_qm_engine,btc_leading_zeros,0.0000000000
8486370,6356422674157,btc_qm_engine,btc_sha256_elapsed_ns,1086.0000000000
8486371,6356422674293,btc_qm_engine,btc_sha256_nonce,2979373116.0000000000
8486372,6356422674499,btc_qm_engine,btc_sha256_nonce,404445406.0000000000
8486373,6356422674567,btc_qm_engine,btc_leading_zeros,1.0000000000
8486374,6356422674818,btc_qm_engine,btc_leading_zeros,4.0000000000
8486375,6356422674956,btc_qm_engine,btc_sha256_elapsed_ns,793.0000000000
8486376,6356422675210,btc_qm_engine,btc_sha256_elapsed_ns,1011.0000000000
8486377,6356422675641,btc_qm_engine,btc_sha256_nonce,3543772008.0000000000
8486378,6356422675695,btc_qm_engine,btc_leading_zeros,0.0000000000
8486379,6356422675767,btc_qm_engine,btc_sha256_elapsed_ns,974.0000000000
8486380,6356422675847,btc_qm_engine,btc_leading_zeros,1.0000000000
8486381,6356422676242,btc_qm_engine,btc_sha256_elapsed_ns,1080.0000000000
8486382,6356422676421,btc_qm_engine,btc_sha256_nonce,2531088756.0000000000
8486383,6356422676820,btc_qm_engine,btc_leading_zeros,0.0000000000
8486384,6356422676900,btc_qm_engine,btc_sha256_elapsed_ns,811.0000000000
8486385,6356422677075,btc_qm_engine,btc_sha256_elapsed_ns,1146.0000000000
8486386,6356422677541,btc_qm_engine,btc_sha256_nonce,4214785466.0000000000
8486387,6356422677755,btc_qm_engine,btc_sha256_elapsed_ns,960.0000000000
8486388,6356422678057,btc_qm_engine,btc_sha256_nonce,255674171.0000000000
8486389,6356422678441,btc_qm_engine,btc_sha256_nonce,2427316838.0000000000
8486390,6356422678877,btc_qm_engine,btc_leading_zeros,1.0000000000
8486391,6356422678948,btc_qm_engine,btc_sha256_elapsed_ns,1092.0000000000
8486392,6356422679133,btc_qm_engine,btc_sha256_nonce,2921558812.0000000000
8486393,6356422679355,btc_qm_engine,btc_leading_zeros,1.0000000000
8486394,6356422679486,btc_qm_engine,btc_leading_zeros,4.0000000000
8486395,6356422679562,btc_qm_engine,btc_sha256_elapsed_ns,1093.0000000000
8486396,6356422679749,btc_qm_engine,btc_sha256_elapsed_ns,1087.0000000000
8486397,6356422680007,btc_qm_engine,btc_sha256_elapsed_ns,1088.0000000000
8486398,6356422680624,btc_qm_engine,btc_sha256_nonce,3364220097.0000000000
8486399,6356422680700,btc_qm_engine,btc_leading_zeros,8.0000000000
8486400,6356422680764,btc_qm_engine,btc_sha256_elapsed_ns,1145.0000000000
8486401,6356422681146,btc_qm_engine,btc_leading_zeros,1.0000000000
8486402,6356422681615,btc_qm_engine,btc_sha256_nonce,453701717.0000000000
8486403,6356422681732,btc_qm_engine,btc_sha256_nonce,1205161718.0000000000
8486404,6356422681941,btc_qm_engine,btc_sha256_elapsed_ns,749.0000000000
8486405,6356422682236,btc_qm_engine,btc_sha256_nonce,1409287109.0000000000
8486406,6356422682422,btc_qm_engine,btc_sha256_nonce,2669936807.0000000000
8486407,6356422682723,btc_qm_engine,btc_leading_zeros,1.0000000000
8486408,6356422682791,btc_qm_engine,btc_sha256_elapsed_ns,1117.0000000000
8486409,6356422682914,btc_qm_engine,btc_leading_zeros,0.0000000000
8486410,6356422683094,btc_qm_engine,btc_leading_zeros,2.0000000000
8486411,6356422683323,btc_qm_engine,btc_sha256_elapsed_ns,1114.0000000000
8486412,6356422683624,btc_qm_engine,btc_sha256_nonce,3693586812.0000000000
8486413,6356422683965,btc_qm_engine,btc_sha256_nonce,3231912211.0000000000
8486414,6356422684301,btc_qm_engine,btc_leading_zeros,0.0000000000
8486415,6356422684646,btc_qm_engine,btc_sha256_nonce,1205915073.0000000000
8486416,6356422684733,btc_qm_engine,btc_leading_zeros,2.0000000000
8486417,6356422685336,btc_qm_engine,btc_leading_zeros,0.0000000000
8486418,6356422686949,btc_qm_engine,btc_sha256_elapsed_ns,1251.0000000000
8486419,6356422687281,btc_qm_engine,btc_sha256_elapsed_ns,1047.0000000000
8486420,6356422687427,btc_qm_engine,btc_sha256_nonce,859490729.0000000000
8486421,6356422687811,btc_qm_engine,btc_leading_zeros,0.0000000000
8486422,6356422687878,btc_qm_engine,btc_sha256_elapsed_ns,958.0000000000
8486423,6356422688208,btc_qm_engine,btc_sha256_nonce,3311199062.0000000000
8486424,6356422688299,btc_qm_engine,btc_leading_zeros,0.0000000000
8486425,6356422688353,btc_qm_engine,btc_sha256_elapsed_ns,942.0000000000
8486426,6356422688593,btc_qm_engine,btc_sha256_nonce,3625163351.0000000000
8486427,6356422688684,btc_qm_engine,btc_leading_zeros,0.0000000000
8486428,6356422688757,btc_qm_engine,btc_sha256_elapsed_ns,1025.0000000000
8486429,6356422689274,btc_qm_engine,btc_sha256_nonce,3815339798.0000000000
8486430,6356422689352,btc_qm_engine,btc_leading_zeros,1.0000000000
8486431,6356422689453,btc_qm_engine,btc_sha256_elapsed_ns,1035.0000000000
8486432,6356422689602,btc_qm_engine,btc_sha256_nonce,1982776206.0000000000
8486433,6356422689674,btc_qm_engine,btc_leading_zeros,0.0000000000
8486434,6356422689766,btc_qm_engine,btc_sha256_elapsed_ns,1013.0000000000
8486435,6356422689993,btc_qm_engine,btc_sha256_nonce,1791562738.0000000000
8486436,6356422690356,btc_qm_engine,btc_leading_zeros,0.0000000000
8486437,6356422690572,btc_qm_engine,btc_sha256_elapsed_ns,985.0000000000
8486438,6356422690866,btc_qm_engine,btc_sha256_elapsed_ns,1086.0000000000
8486439,6356422691026,btc_qm_engine,btc_sha256_nonce,785489380.0000000000
8486440,6356422691178,btc_qm_engine,btc_sha256_nonce,582737074.0000000000
8486441,6356422691252,btc_qm_engine,btc_leading_zeros,2.0000000000
8486442,6356422691317,btc_qm_engine,btc_sha256_elapsed_ns,1137.0000000000
8486443,6356422691574,btc_qm_engine,btc_leading_zeros,0.0000000000
8486444,6356422691995,btc_qm_engine,btc_sha256_nonce,2280463015.0000000000
8486445,6356422692163,btc_qm_engine,btc_leading_zeros,0.0000000000
8486446,6356422692303,btc_qm_engine,btc_sha256_nonce,1220525788.0000000000
8486447,6356422692379,btc_qm_engine,btc_leading_zeros,0.0000000000
8486448,6356422692687,btc_qm_engine,btc_sha256_nonce,1906071236.0000000000
8486449,6356422693139,btc_qm_engine,btc_leading_zeros,0.0000000000
8486450,6356422693520,btc_qm_engine,btc_sha256_elapsed_ns,1131.0000000000
8486451,6356422693776,btc_qm_engine,btc_leading_zeros,2.0000000000
8486452,6356422694032,btc_qm_engine,btc_sha256_elapsed_ns,984.0000000000
8486453,6356422694385,btc_qm_engine,btc_sha256_elapsed_ns,999.0000000000
8486454,6356422694527,btc_qm_engine,btc_sha256_elapsed_ns,1116.0000000000
8486455,6356422695018,btc_qm_engine,btc_sha256_elapsed_ns,975.0000000000
8486456,6356422695371,btc_qm_engine,btc_sha256_nonce,2362167052.0000000000
8486457,6356422695445,btc_qm_engine,btc_leading_zeros,0.0000000000
8486458,6356422695510,btc_qm_engine,btc_sha256_elapsed_ns,1082.0000000000
8486459,6356422695636,btc_qm_engine,btc_sha256_nonce,1212338287.0000000000
8486460,6356422695719,btc_qm_engine,btc_leading_zeros,0.0000000000
8486461,6356422695994,btc_qm_engine,btc_sha256_nonce,1788622016.0000000000
8486462,6356422696075,btc_qm_engine,btc_leading_zeros,0.0000000000
8486463,6356422696149,btc_qm_engine,btc_sha256_elapsed_ns,1097.0000000000
8486464,6356422696330,btc_qm_engine,btc_sha256_nonce,574489488.0000000000
8486465,6356422696499,btc_qm_engine,btc_sha256_elapsed_ns,1033.0000000000
8486466,6356422696803,btc_qm_engine,btc_sha256_nonce,3774113175.0000000000
8486467,6356422697325,btc_qm_engine,btc_sha256_nonce,3264031376.0000000000
8486468,6356422697433,btc_qm_engine,btc_leading_zeros,0.0000000000
8486469,6356422697527,btc_qm_engine,btc_sha256_nonce,1089304357.0000000000
8486470,6356422697708,btc_qm_engine,btc_leading_zeros,0.0000000000
8486471,6356422698556,btc_qm_engine,btc_leading_zeros,0.0000000000
8486472,6356422698978,btc_qm_engine,btc_sha256_elapsed_ns,961.0000000000
8486473,6356422699523,btc_qm_engine,btc_sha256_elapsed_ns,967.0000000000
8486474,6356422700062,btc_qm_engine,btc_leading_zeros,0.0000000000
8486475,6356422700173,btc_qm_engine,btc_sha256_elapsed_ns,1104.0000000000
8486476,6356422700847,btc_qm_engine,btc_sha256_nonce,420360364.0000000000
8486477,6356422701030,btc_qm_engine,btc_sha256_nonce,956228493.0000000000
8486478,6356422701424,btc_qm_engine,btc_leading_zeros,0.0000000000
8486479,6356422701560,btc_qm_engine,btc_sha256_nonce,3246074024.0000000000
8486480,6356422701695,btc_qm_engine,btc_leading_zeros,0.0000000000
8486481,6356422701853,btc_qm_engine,btc_sha256_elapsed_ns,811.0000000000
8486482,6356422702222,btc_qm_engine,btc_sha256_elapsed_ns,1082.0000000000
8486483,6356422702452,btc_qm_engine,btc_leading_zeros,1.0000000000
8486484,6356422702791,btc_qm_engine,btc_sha256_nonce,1283697395.0000000000
8486485,6356422703142,btc_qm_engine,btc_sha256_nonce,2206867105.0000000000
8486486,6356422703459,btc_qm_engine,btc_leading_zeros,0.0000000000
8486487,6356422703622,btc_qm_engine,btc_sha256_nonce,3509169026.0000000000
8486488,6356422703701,btc_qm_engine,btc_leading_zeros,0.0000000000
8486489,6356422703792,btc_qm_engine,btc_sha256_elapsed_ns,1069.0000000000
8486490,6356422704030,btc_qm_engine,btc_leading_zeros,2.0000000000
8486491,6356422704297,btc_qm_engine,btc_sha256_elapsed_ns,1100.0000000000
8486492,6356422705100,btc_qm_engine,btc_sha256_nonce,3376913317.0000000000
8486493,6356422705161,btc_qm_engine,btc_leading_zeros,0.0000000000
8486494,6356422705222,btc_qm_engine,btc_sha256_elapsed_ns,1035.0000000000
8486495,6356422705663,btc_qm_engine,btc_sha256_nonce,637283332.0000000000
8486496,6356422705743,btc_qm_engine,btc_leading_zeros,0.0000000000
8486497,6356422706092,btc_qm_engine,btc_sha256_elapsed_ns,886.0000000000
8486498,6356422706484,btc_qm_engine,btc_sha256_nonce,2030022633.0000000000
8486499,6356422707164,btc_qm_engine,btc_sha256_elapsed_ns,969.0000000000
8486500,6356422707340,btc_qm_engine,btc_leading_zeros,2.0000000000
8486501,6356422707411,btc_qm_engine,btc_sha256_elapsed_ns,878.0000000000
8486502,6356422708519,btc_qm_engine,btc_sha256_nonce,4110907609.0000000000
8486503,6356422708592,btc_qm_engine,btc_leading_zeros,3.0000000000
8486504,6356422708660,btc_qm_engine,btc_sha256_elapsed_ns,1070.0000000000
8486505,6356422708951,btc_qm_engine,btc_sha256_elapsed_ns,1096.0000000000
8486506,6356422709063,btc_qm_engine,btc_sha256_nonce,453936933.0000000000
8486507,6356422709433,btc_qm_engine,btc_leading_zeros,2.0000000000
8486508,6356422709483,btc_qm_engine,btc_sha256_elapsed_ns,1049.0000000000
8486509,6356422710429,btc_qm_engine,btc_sha256_nonce,3166577518.0000000000
8486510,6356422710481,btc_qm_engine,btc_leading_zeros,0.0000000000
8486511,6356422710535,btc_qm_engine,btc_sha256_elapsed_ns,738.0000000000
8486512,6356422710744,btc_qm_engine,btc_sha256_nonce,3245275282.0000000000
8486513,6356422710972,btc_qm_engine,btc_sha256_elapsed_ns,1128.0000000000
8486514,6356422711734,btc_qm_engine,btc_sha256_nonce,453946206.0000000000
8486515,6356422711810,btc_qm_engine,btc_leading_zeros,0.0000000000
8486516,6356422711879,btc_qm_engine,btc_sha256_elapsed_ns,985.0000000000
8486517,6356422712760,btc_qm_engine,btc_sha256_nonce,500072248.0000000000
8486518,6356422712835,btc_qm_engine,btc_leading_zeros,0.0000000000
8486519,6356422712907,btc_qm_engine,btc_sha256_elapsed_ns,1094.0000000000
8486520,6356422713093,btc_qm_engine,btc_sha256_nonce,1205745664.0000000000
8486521,6356422713180,btc_qm_engine,btc_sha256_nonce,1637135803.0000000000
8486522,6356422713515,btc_qm_engine,btc_leading_zeros,4.0000000000
8486523,6356422713904,btc_qm_engine,btc_sha256_elapsed_ns,1120.0000000000
8486524,6356422714032,btc_qm_engine,btc_leading_zeros,0.0000000000
8486525,6356422714171,btc_qm_engine,btc_sha256_nonce,790404637.0000000000
8486526,6356422714257,btc_qm_engine,btc_leading_zeros,0.0000000000
8486527,6356422714324,btc_qm_engine,btc_sha256_elapsed_ns,1026.0000000000
8486528,6356422714497,btc_qm_engine,btc_sha256_elapsed_ns,1114.0000000000
8486529,6356422714802,btc_qm_engine,btc_sha256_nonce,2368666416.0000000000
8486530,6356422714881,btc_qm_engine,btc_leading_zeros,0.0000000000
8486531,6356422714953,btc_qm_engine,btc_sha256_elapsed_ns,1129.0000000000
8486532,6356422715090,btc_qm_engine,btc_sha256_nonce,1205509266.0000000000
8486533,6356422715161,btc_qm_engine,btc_leading_zeros,0.0000000000
8486534,6356422715231,btc_qm_engine,btc_sha256_elapsed_ns,955.0000000000
8486535,6356422715651,btc_qm_engine,btc_sha256_elapsed_ns,743.0000000000
8486536,6356422716101,btc_qm_engine,btc_sha256_nonce,851155623.0000000000
8486537,6356422716359,btc_qm_engine,btc_sha256_nonce,3891452819.0000000000
8486538,6356422716457,btc_qm_engine,btc_leading_zeros,0.0000000000
8486539,6356422716529,btc_qm_engine,btc_sha256_elapsed_ns,1129.0000000000
8486540,6356422716673,btc_qm_engine,btc_sha256_nonce,1432645921.0000000000
8486541,6356422716884,btc_qm_engine,btc_leading_zeros,0.0000000000
8486542,6356422717016,btc_qm_engine,btc_leading_zeros,0.0000000000
8486543,6356422717305,btc_qm_engine,btc_sha256_nonce,1025632346.0000000000
8486544,6356422717386,btc_qm_engine,btc_leading_zeros,0.0000000000
8486545,6356422717467,btc_qm_engine,btc_sha256_nonce,1205150270.0000000000
8486546,6356422717575,btc_qm_engine,btc_sha256_elapsed_ns,1111.0000000000
8486547,6356422717767,btc_qm_engine,btc_sha256_elapsed_ns,1109.0000000000
8486548,6356422717926,btc_qm_engine,btc_sha256_nonce,1685225027.0000000000
8486549,6356422718008,btc_qm_engine,btc_leading_zeros,0.0000000000
8486550,6356422718075,btc_qm_engine,btc_sha256_elapsed_ns,1133.0000000000
8486551,6356422718204,btc_qm_engine,btc_sha256_nonce,489149280.0000000000
8486552,6356422718772,btc_qm_engine,btc_leading_zeros,1.0000000000
8486553,6356422718978,btc_qm_engine,btc_leading_zeros,0.0000000000
8486554,6356422719053,btc_qm_engine,btc_sha256_elapsed_ns,1110.0000000000
8486555,6356422719154,btc_qm_engine,btc_sha256_elapsed_ns,1110.0000000000
8486556,6356422719476,btc_qm_engine,btc_sha256_nonce,4081275886.0000000000
8486557,6356422719550,btc_qm_engine,btc_leading_zeros,4.0000000000
8486558,6356422719634,btc_qm_engine,btc_sha256_elapsed_ns,1131.0000000000
8486559,6356422719772,btc_qm_engine,btc_sha256_nonce,3198103776.0000000000
8486560,6356422719858,btc_qm_engine,btc_leading_zeros,0.0000000000
8486561,6356422719929,btc_qm_engine,btc_sha256_elapsed_ns,1048.0000000000
8486562,6356422720386,btc_qm_engine,btc_sha256_nonce,4218202063.0000000000
8486563,6356422720912,btc_qm_engine,btc_sha256_nonce,3301383493.0000000000
8486564,6356422721030,btc_qm_engine,btc_sha256_nonce,505102676.0000000000
8486565,6356422721257,btc_qm_engine,btc_leading_zeros,0.0000000000
8486566,6356422721788,btc_qm_engine,btc_leading_zeros,4.0000000000
8486567,6356422722187,btc_qm_engine,btc_leading_zeros,4.0000000000
8486568,6356422722634,btc_qm_engine,btc_sha256_nonce,4035696300.0000000000
8486569,6356422722844,btc_qm_engine,btc_sha256_elapsed_ns,1062.0000000000
8486570,6356422722986,btc_qm_engine,btc_leading_zeros,0.0000000000
8486571,6356422723360,btc_qm_engine,btc_sha256_elapsed_ns,973.0000000000
8486572,6356422723705,btc_qm_engine,btc_sha256_elapsed_ns,1087.0000000000
8486573,6356422723834,btc_qm_engine,btc_sha256_nonce,1738584891.0000000000
8486574,6356422723907,btc_qm_engine,btc_leading_zeros,0.0000000000
8486575,6356422723958,btc_qm_engine,btc_sha256_elapsed_ns,738.0000000000
8486576,6356422724110,btc_qm_engine,btc_sha256_nonce,332161434.0000000000
8486577,6356422724182,btc_qm_engine,btc_leading_zeros,0.0000000000
8486578,6356422724250,btc_qm_engine,btc_sha256_elapsed_ns,1091.0000000000
8486579,6356422724996,btc_qm_engine,btc_sha256_nonce,2488199012.0000000000
8486580,6356422725075,btc_qm_engine,btc_leading_zeros,0.0000000000
8486581,6356422725319,btc_qm_engine,btc_sha256_nonce,872065434.0000000000
8486582,6356422725398,btc_qm_engine,btc_leading_zeros,0.0000000000
8486583,6356422725493,btc_qm_engine,btc_sha256_elapsed_ns,1046.0000000000
8486584,6356422725619,btc_qm_engine,btc_sha256_nonce,2622811174.0000000000
8486585,6356422725820,btc_qm_engine,btc_sha256_elapsed_ns,796.0000000000
8486586,6356422726148,btc_qm_engine,btc_sha256_nonce,492755861.0000000000
8486587,6356422726326,btc_qm_engine,btc_leading_zeros,0.0000000000
8486588,6356422726610,btc_qm_engine,btc_leading_zeros,0.0000000000
8486589,6356422726773,btc_qm_engine,btc_sha256_elapsed_ns,1078.0000000000
8486590,6356422726976,btc_qm_engine,btc_sha256_elapsed_ns,1114.0000000000
8486591,6356422727136,btc_qm_engine,btc_sha256_nonce,1188750589.0000000000
8486592,6356422727352,btc_qm_engine,btc_sha256_elapsed_ns,1058.0000000000
8486593,6356422728133,btc_qm_engine,btc_sha256_nonce,440562596.0000000000
8486594,6356422728444,btc_qm_engine,btc_sha256_nonce,3497594086.0000000000
8486595,6356422728662,btc_qm_engine,btc_leading_zeros,0.0000000000
8486596,6356422728932,btc_qm_engine,btc_sha256_elapsed_ns,860.0000000000
8486597,6356422729222,btc_qm_engine,btc_sha256_nonce,1025511349.0000000000
8486598,6356422729814,btc_qm_engine,btc_leading_zeros,0.0000000000
8486599,6356422730042,btc_qm_engine,btc_sha256_nonce,1542807487.0000000000
8486600,6356422730119,btc_qm_engine,btc_leading_zeros,2.0000000000
8486601,6356422730380,btc_qm_engine,btc_leading_zeros,0.0000000000
8486602,6356422730856,btc_qm_engine,btc_sha256_elapsed_ns,812.0000000000
8486603,6356422731041,btc_qm_engine,btc_sha256_elapsed_ns,1032.0000000000
8486604,6356422731231,btc_qm_engine,btc_leading_zeros,0.0000000000
8486605,6356422731576,btc_qm_engine,btc_sha256_elapsed_ns,964.0000000000
8486606,6356422732395,btc_qm_engine,btc_sha256_elapsed_ns,1071.0000000000
8486607,6356422732579,btc_qm_engine,btc_sha256_nonce,2325943486.0000000000
8486608,6356422732881,btc_qm_engine,btc_sha256_nonce,1601560808.0000000000
8486609,6356422732959,btc_qm_engine,btc_leading_zeros,1.0000000000
8486610,6356422733335,btc_qm_engine,btc_sha256_elapsed_ns,1042.0000000000
8486611,6356422733507,btc_qm_engine,btc_sha256_nonce,1645924277.0000000000
8486612,6356422733619,btc_qm_engine,btc_sha256_nonce,3176548205.0000000000
8486613,6356422733794,btc_qm_engine,btc_sha256_nonce,3825322161.0000000000
8486614,6356422733929,btc_qm_engine,btc_leading_zeros,1.0000000000
8486615,6356422734156,btc_qm_engine,btc_leading_zeros,2.0000000000
8486616,6356422734504,btc_qm_engine,btc_leading_zeros,3.0000000000
8486617,6356422734741,btc_qm_engine,btc_sha256_elapsed_ns,1091.0000000000
8486618,6356422735033,btc_qm_engine,btc_sha256_nonce,2434441995.0000000000
8486619,6356422735239,btc_qm_engine,btc_leading_zeros,2.0000000000
8486620,6356422735539,btc_qm_engine,btc_leading_zeros,1.0000000000
8486621,6356422735728,btc_qm_engine,btc_sha256_elapsed_ns,1127.0000000000
8486622,6356422735891,btc_qm_engine,btc_leading_zeros,1.0000000000
8486623,6356422736230,btc_qm_engine,btc_sha256_elapsed_ns,1034.0000000000
8486624,6356422736422,btc_qm_engine,btc_sha256_elapsed_ns,991.0000000000
8486625,6356422736879,btc_qm_engine,btc_sha256_nonce,3313049187.0000000000
8486626,6356422737187,btc_qm_engine,btc_sha256_nonce,20132883.0000000000
8486627,6356422737328,btc_qm_engine,btc_leading_zeros,3.0000000000
8486628,6356422737560,btc_qm_engine,btc_leading_zeros,0.0000000000
8486629,6356422737717,btc_qm_engine,btc_sha256_nonce,668372397.0000000000
8486630,6356422737881,btc_qm_engine,btc_sha256_elapsed_ns,996.0000000000
8486631,6356422738692,btc_qm_engine,btc_sha256_nonce,3588514212.0000000000
8486632,6356422738775,btc_qm_engine,btc_leading_zeros,2.0000000000
8486633,6356422739372,btc_qm_engine,btc_leading_zeros,1.0000000000
8486634,6356422739576,btc_qm_engine,btc_sha256_elapsed_ns,998.0000000000
8486635,6356422739954,btc_qm_engine,btc_sha256_elapsed_ns,976.0000000000
8486636,6356422740596,btc_qm_engine,btc_sha256_elapsed_ns,1160.0000000000
8486637,6356422741078,btc_qm_engine,btc_sha256_nonce,1127813537.0000000000
8486638,6356422741147,btc_qm_engine,btc_leading_zeros,1.0000000000
8486639,6356422741271,btc_qm_engine,btc_sha256_elapsed_ns,738.0000000000
8486640,6356422741726,btc_qm_engine,btc_sha256_elapsed_ns,1097.0000000000
8486641,6356422742010,btc_qm_engine,btc_sha256_nonce,2411653142.0000000000
8486642,6356422742089,btc_qm_engine,btc_leading_zeros,0.0000000000
8486643,6356422742600,btc_qm_engine,btc_sha256_nonce,1954079527.0000000000
8486644,6356422742756,btc_qm_engine,btc_sha256_elapsed_ns,1144.0000000000
8486645,6356422775628,btc_qm_engine,btc_sha256_nonce,1930472294.0000000000
8486646,6356422775706,btc_qm_engine,btc_leading_zeros,0.0000000000
8486647,6356422775779,btc_qm_engine,btc_sha256_elapsed_ns,1151.0000000000
8486648,6356422776774,btc_qm_engine,btc_sha256_nonce,2258832661.0000000000
8486649,6356422777059,btc_qm_engine,btc_sha256_nonce,3027230359.0000000000
8486650,6356422777134,btc_qm_engine,btc_leading_zeros,0.0000000000
8486651,6356422777199,btc_qm_engine,btc_sha256_elapsed_ns,1036.0000000000
8486652,6356422777722,btc_qm_engine,btc_leading_zeros,1.0000000000
8486653,6356422777785,btc_qm_engine,btc_sha256_elapsed_ns,1054.0000000000
8486654,6356422778519,btc_qm_engine,btc_sha256_nonce,2833109731.0000000000
8486655,6356422778595,btc_qm_engine,btc_leading_zeros,0.0000000000
8486656,6356422778665,btc_qm_engine,btc_sha256_elapsed_ns,1079.0000000000
8486657,6356422778767,btc_qm_engine,btc_sha256_nonce,2245623507.0000000000
8486658,6356422778838,btc_qm_engine,btc_leading_zeros,0.0000000000
8486659,6356422778892,btc_qm_engine,btc_sha256_elapsed_ns,760.0000000000
8486660,6356422779767,btc_qm_engine,btc_sha256_nonce,2381837663.0000000000
8486661,6356422779821,btc_qm_engine,btc_leading_zeros,0.0000000000
8486662,6356422779875,btc_qm_engine,btc_sha256_elapsed_ns,735.0000000000
8486663,6356422779974,btc_qm_engine,btc_sha256_nonce,3426828645.0000000000
8486664,6356422780053,btc_qm_engine,btc_leading_zeros,1.0000000000
8486665,6356422780122,btc_qm_engine,btc_sha256_elapsed_ns,1107.0000000000
8486666,6356422780805,btc_qm_engine,btc_sha256_nonce,3597791599.0000000000
8486667,6356422780876,btc_qm_engine,btc_leading_zeros,0.0000000000
8486668,6356422780929,btc_qm_engine,btc_sha256_elapsed_ns,735.0000000000
8486669,6356422781542,btc_qm_engine,btc_sha256_nonce,2363270418.0000000000
8486670,6356422781882,btc_qm_engine,btc_sha256_nonce,2067363679.0000000000
8486671,6356422781991,btc_qm_engine,btc_leading_zeros,3.0000000000
8486672,6356422782042,btc_qm_engine,btc_sha256_elapsed_ns,732.0000000000
8486673,6356422782488,btc_qm_engine,btc_leading_zeros,4.0000000000
8486674,6356422782563,btc_qm_engine,btc_sha256_elapsed_ns,1139.0000000000
8486675,6356422783019,btc_qm_engine,btc_leading_zeros,0.0000000000
8486676,6356422783857,btc_qm_engine,btc_sha256_nonce,1026039285.0000000000
8486677,6356422783928,btc_qm_engine,btc_leading_zeros,4.0000000000
8486678,6356422784638,btc_qm_engine,btc_sha256_nonce,1684814894.0000000000
8486679,6356422785326,btc_qm_engine,btc_sha256_elapsed_ns,734.0000000000
8486680,6356422785897,btc_qm_engine,btc_sha256_nonce,874361476.0000000000
8486681,6356422786353,btc_qm_engine,btc_leading_zeros,3.0000000000
8486682,6356422786422,btc_qm_engine,btc_sha256_elapsed_ns,1009.0000000000
8486683,6356422786603,btc_qm_engine,btc_sha256_elapsed_ns,1058.0000000000
8486684,6356422787428,btc_qm_engine,btc_sha256_nonce,704836930.0000000000
8486685,6356422787783,btc_qm_engine,btc_sha256_nonce,2037695726.0000000000
8486686,6356422787971,btc_qm_engine,btc_leading_zeros,0.0000000000
8486687,6356422788124,btc_qm_engine,btc_sha256_elapsed_ns,1144.0000000000
8486688,6356422788255,btc_qm_engine,btc_sha256_elapsed_ns,1063.0000000000
8486689,6356422788608,btc_qm_engine,btc_leading_zeros,0.0000000000
8486690,6356422789579,btc_qm_engine,btc_sha256_elapsed_ns,1046.0000000000
8486691,6356422790063,btc_qm_engine,btc_leading_zeros,1.0000000000
8486692,6356422790482,btc_qm_engine,btc_sha256_elapsed_ns,1077.0000000000
8486693,6356422790600,btc_qm_engine,btc_sha256_elapsed_ns,1093.0000000000
8486694,6356422791005,btc_qm_engine,btc_sha256_nonce,3943615976.0000000000
8486695,6356422791085,btc_qm_engine,btc_leading_zeros,1.0000000000
8486696,6356422791162,btc_qm_engine,btc_sha256_elapsed_ns,917.0000000000
8486697,6356422791819,btc_qm_engine,btc_sha256_nonce,2270316170.0000000000
8486698,6356422791896,btc_qm_engine,btc_leading_zeros,0.0000000000
8486699,6356422791963,btc_qm_engine,btc_sha256_elapsed_ns,905.0000000000
8486700,6356422792393,btc_qm_engine,btc_sha256_nonce,1894539126.0000000000
8486701,6356422792508,btc_qm_engine,btc_sha256_nonce,4018288615.0000000000
8486702,6356422792584,btc_qm_engine,btc_leading_zeros,4.0000000000
8486703,6356422792650,btc_qm_engine,btc_sha256_elapsed_ns,1104.0000000000
8486704,6356422792848,btc_qm_engine,btc_leading_zeros,3.0000000000
8486705,6356422793098,btc_qm_engine,btc_sha256_nonce,4232373574.0000000000
8486706,6356422793374,btc_qm_engine,btc_sha256_nonce,2275593542.0000000000
8486707,6356422793563,btc_qm_engine,btc_sha256_elapsed_ns,1047.0000000000
8486708,6356422793745,btc_qm_engine,btc_sha256_nonce,3740782359.0000000000
8486709,6356422794125,btc_qm_engine,btc_leading_zeros,4.0000000000
8486710,6356422794298,btc_qm_engine,btc_sha256_nonce,599703580.0000000000
8486711,6356422794968,btc_qm_engine,btc_sha256_elapsed_ns,1115.0000000000
8486712,6356422795386,btc_qm_engine,btc_sha256_nonce,4283679100.0000000000
8486713,6356422795469,btc_qm_engine,btc_leading_zeros,0.0000000000
8486714,6356422795540,btc_qm_engine,btc_sha256_elapsed_ns,952.0000000000
8486715,6356422796711,btc_qm_engine,btc_sha256_nonce,950511821.0000000000
8486716,6356422796781,btc_qm_engine,btc_leading_zeros,0.0000000000
8486717,6356422796844,btc_qm_engine,btc_sha256_elapsed_ns,10877.0000000000
8486718,6356422796998,btc_qm_engine,btc_sha256_nonce,4266269453.0000000000
8486719,6356422797318,btc_qm_engine,btc_sha256_nonce,4244694275.0000000000
8486720,6356422797667,btc_qm_engine,btc_leading_zeros,1.0000000000
8486721,6356422797908,btc_qm_engine,btc_sha256_nonce,1025511237.0000000000
8486722,6356422797992,btc_qm_engine,btc_leading_zeros,0.0000000000
8486723,6356422798168,btc_qm_engine,btc_sha256_elapsed_ns,1145.0000000000
8486724,6356422798429,btc_qm_engine,btc_leading_zeros,0.0000000000
8486725,6356422798620,btc_qm_engine,btc_sha256_elapsed_ns,802.0000000000
8486726,6356422798968,btc_qm_engine,btc_sha256_elapsed_ns,1148.0000000000
8486727,6356422799428,btc_qm_engine,btc_sha256_nonce,3364285964.0000000000
8486728,6356422799839,btc_qm_engine,btc_leading_zeros,0.0000000000
8486729,6356422799924,btc_qm_engine,btc_sha256_elapsed_ns,1014.0000000000
8486730,6356422800016,btc_qm_engine,btc_leading_zeros,1.0000000000
8486731,6356422800336,btc_qm_engine,btc_sha256_elapsed_ns,1018.0000000000
8486732,6356422800776,btc_qm_engine,btc_sha256_nonce,2417286499.0000000000
8486733,6356422801112,btc_qm_engine,btc_leading_zeros,0.0000000000
8486734,6356422801556,btc_qm_engine,btc_sha256_nonce,3042703849.0000000000
8486735,6356422802101,btc_qm_engine,btc_sha256_nonce,2920273421.0000000000
8486736,6356422802254,btc_qm_engine,btc_sha256_nonce,2361576756.0000000000
8486737,6356422802516,btc_qm_engine,btc_leading_zeros,1.0000000000
8486738,6356422802720,btc_qm_engine,btc_leading_zeros,4.0000000000
8486739,6356422803074,btc_qm_engine,btc_leading_zeros,0.0000000000
8486740,6356422803214,btc_qm_engine,btc_sha256_nonce,470067184.0000000000
8486741,6356422803355,btc_qm_engine,btc_sha256_elapsed_ns,1044.0000000000
8486742,6356422803484,btc_qm_engine,btc_sha256_elapsed_ns,1088.0000000000
8486743,6356422803698,btc_qm_engine,btc_leading_zeros,0.0000000000
8486744,6356422803798,btc_qm_engine,btc_sha256_elapsed_ns,979.0000000000
8486745,6356422804079,btc_qm_engine,btc_sha256_elapsed_ns,1111.0000000000
8486746,6356422804925,btc_qm_engine,btc_sha256_nonce,2522286885.0000000000
8486747,6356422804998,btc_qm_engine,btc_leading_zeros,0.0000000000
8486748,6356422805216,btc_qm_engine,btc_sha256_nonce,3675797876.0000000000
8486749,6356422805431,btc_qm_engine,btc_sha256_nonce,561985498.0000000000
8486750,6356422805531,btc_qm_engine,btc_leading_zeros,1.0000000000
8486751,6356422805604,btc_qm_engine,btc_sha256_elapsed_ns,1030.0000000000
8486752,6356422805730,btc_qm_engine,btc_sha256_elapsed_ns,811.0000000000
8486753,6356422806033,btc_qm_engine,btc_leading_zeros,0.0000000000
8486754,6356422806720,btc_qm_engine,btc_sha256_nonce,3505836171.0000000000
8486755,6356422806793,btc_qm_engine,btc_leading_zeros,0.0000000000
8486756,6356422806844,btc_qm_engine,btc_sha256_elapsed_ns,939.0000000000
8486757,6356422807744,btc_qm_engine,btc_sha256_nonce,403736981.0000000000
8486758,6356422807820,btc_qm_engine,btc_leading_zeros,1.0000000000
8486759,6356422807899,btc_qm_engine,btc_sha256_elapsed_ns,741.0000000000
8486760,6356422808509,btc_qm_engine,btc_sha256_nonce,318883620.0000000000
8486761,6356422808863,btc_qm_engine,btc_leading_zeros,0.0000000000
8486762,6356422809210,btc_qm_engine,btc_sha256_elapsed_ns,981.0000000000
8486763,6356422809338,btc_qm_engine,btc_sha256_nonce,2495128733.0000000000
8486764,6356422809696,btc_qm_engine,btc_sha256_elapsed_ns,1062.0000000000
8486765,6356422809819,btc_qm_engine,btc_sha256_nonce,3245313959.0000000000
8486766,6356422809890,btc_qm_engine,btc_leading_zeros,4.0000000000
8486767,6356422810020,btc_qm_engine,btc_sha256_elapsed_ns,1069.0000000000
8486768,6356422810160,btc_qm_engine,btc_leading_zeros,3.0000000000
8486769,6356422810409,btc_qm_engine,btc_sha256_nonce,1026123372.0000000000
8486770,6356422810484,btc_qm_engine,btc_leading_zeros,1.0000000000
8486771,6356422810554,btc_qm_engine,btc_sha256_elapsed_ns,967.0000000000
8486772,6356422810707,btc_qm_engine,btc_sha256_elapsed_ns,981.0000000000
8486773,6356422811199,btc_qm_engine,btc_sha256_nonce,4044457904.0000000000
8486774,6356422811656,btc_qm_engine,btc_leading_zeros,1.0000000000
8486775,6356422811909,btc_qm_engine,btc_sha256_nonce,131149604.0000000000
8486776,6356422811989,btc_qm_engine,btc_leading_zeros,1.0000000000
8486777,6356422812070,btc_qm_engine,btc_sha256_elapsed_ns,1059.0000000000
8486778,6356422812238,btc_qm_engine,btc_sha256_nonce,2933092657.0000000000
8486779,6356422812354,btc_qm_engine,btc_sha256_elapsed_ns,767.0000000000
8486780,6356422812581,btc_qm_engine,btc_leading_zeros,2.0000000000
8486781,6356422812943,btc_qm_engine,btc_sha256_nonce,1981992690.0000000000
8486782,6356422813213,btc_qm_engine,btc_sha256_nonce,2170458482.0000000000
8486783,6356422813301,btc_qm_engine,btc_leading_zeros,0.0000000000
8486784,6356422813377,btc_qm_engine,btc_sha256_nonce,3363637617.0000000000
8486785,6356422813615,btc_qm_engine,btc_sha256_elapsed_ns,948.0000000000
8486786,6356422813978,btc_qm_engine,btc_leading_zeros,1.0000000000
8486787,6356422814055,btc_qm_engine,btc_sha256_elapsed_ns,1032.0000000000
8486788,6356422814188,btc_qm_engine,btc_leading_zeros,0.0000000000
8486789,6356422814594,btc_qm_engine,btc_sha256_nonce,398308334.0000000000
8486790,6356422814775,btc_qm_engine,btc_sha256_elapsed_ns,1137.0000000000
8486791,6356422815013,btc_qm_engine,btc_leading_zeros,1.0000000000
8486792,6356422815078,btc_qm_engine,btc_sha256_elapsed_ns,825.0000000000
8486793,6356422815262,btc_qm_engine,btc_sha256_nonce,3766413489.0000000000
8486794,6356422815469,btc_qm_engine,btc_leading_zeros,0.0000000000
8486795,6356422815668,btc_qm_engine,btc_leading_zeros,2.0000000000
8486796,6356422815763,btc_qm_engine,btc_sha256_elapsed_ns,738.0000000000
8486797,6356422815951,btc_qm_engine,btc_sha256_elapsed_ns,1094.0000000000
8486798,6356422816097,btc_qm_engine,btc_sha256_nonce,4145836873.0000000000
8486799,6356422816320,btc_qm_engine,btc_leading_zeros,0.0000000000
8486800,6356422816397,btc_qm_engine,btc_sha256_elapsed_ns,1023.0000000000
8486801,6356422816762,btc_qm_engine,btc_sha256_nonce,232993455.0000000000
8486802,6356422817037,btc_qm_engine,btc_leading_zeros,3.0000000000
8486803,6356422817218,btc_qm_engine,btc_sha256_nonce,3201140464.0000000000
8486804,6356422817343,btc_qm_engine,btc_sha256_elapsed_ns,729.0000000000
8486805,6356422817497,btc_qm_engine,btc_sha256_nonce,2482435346.0000000000
8486806,6356422817663,btc_qm_engine,btc_leading_zeros,4.0000000000
8486807,6356422817957,btc_qm_engine,btc_leading_zeros,0.0000000000
8486808,6356422818132,btc_qm_engine,btc_sha256_elapsed_ns,1094.0000000000
8486809,6356422818283,btc_qm_engine,btc_leading_zeros,0.0000000000
8486810,6356422818426,btc_qm_engine,btc_sha256_elapsed_ns,1007.0000000000
8486811,6356422818534,btc_qm_engine,btc_sha256_nonce,249157364.0000000000
8486812,6356422818786,btc_qm_engine,btc_leading_zeros,2.0000000000
8486813,6356422818843,btc_qm_engine,btc_sha256_elapsed_ns,768.0000000000
8486814,6356422819409,btc_qm_engine,btc_sha256_nonce,1439600988.0000000000
8486815,6356422819482,btc_qm_engine,btc_leading_zeros,4.0000000000
8486816,6356422819545,btc_qm_engine,btc_sha256_elapsed_ns,731.0000000000
8486817,6356422819807,btc_qm_engine,btc_sha256_nonce,3010231872.0000000000
8486818,6356422819970,btc_qm_engine,btc_sha256_nonce,3245714348.0000000000
8486819,6356422820479,btc_qm_engine,btc_leading_zeros,0.0000000000
8486820,6356422820650,btc_qm_engine,btc_sha256_nonce,490989896.0000000000
8486821,6356422820821,btc_qm_engine,btc_leading_zeros,4.0000000000
8486822,6356422821069,btc_qm_engine,btc_sha256_elapsed_ns,856.0000000000
8486823,6356422821167,btc_qm_engine,btc_leading_zeros,0.0000000000
8486824,6356422821254,btc_qm_engine,btc_sha256_elapsed_ns,860.0000000000
8486825,6356422821343,btc_qm_engine,btc_sha256_nonce,1685117389.0000000000
8486826,6356422821658,btc_qm_engine,btc_sha256_elapsed_ns,783.0000000000
8486827,6356422821899,btc_qm_engine,btc_leading_zeros,4.0000000000
8486828,6356422821972,btc_qm_engine,btc_sha256_elapsed_ns,813.0000000000
8486829,6356422822220,btc_qm_engine,btc_sha256_elapsed_ns,1066.0000000000
8486830,6356422822465,btc_qm_engine,btc_sha256_nonce,1443587683.0000000000
8486831,6356422822541,btc_qm_engine,btc_leading_zeros,1.0000000000
8486832,6356422822613,btc_qm_engine,btc_sha256_elapsed_ns,986.0000000000
8486833,6356422822980,btc_qm_engine,btc_sha256_nonce,253859520.0000000000
8486834,6356422823170,btc_qm_engine,btc_sha256_nonce,3270931650.0000000000
8486835,6356422823423,btc_qm_engine,btc_leading_zeros,0.0000000000
8486836,6356422823511,btc_qm_engine,btc_sha256_elapsed_ns,1060.0000000000
8486837,6356422823616,btc_qm_engine,btc_sha256_nonce,4094448414.0000000000
8486838,6356422823769,btc_qm_engine,btc_sha256_nonce,1522947025.0000000000
8486839,6356422823981,btc_qm_engine,btc_sha256_nonce,691382975.0000000000
8486840,6356422824284,btc_qm_engine,btc_leading_zeros,0.0000000000
8486841,6356422824558,btc_qm_engine,btc_leading_zeros,0.0000000000
8486842,6356422824819,btc_qm_engine,btc_sha256_nonce,1205522146.0000000000
8486843,6356422825544,btc_qm_engine,btc_leading_zeros,4.0000000000
8486844,6356422826092,btc_qm_engine,btc_sha256_elapsed_ns,1007.0000000000
8486845,6356422826241,btc_qm_engine,btc_sha256_elapsed_ns,1029.0000000000
8486846,6356422827242,btc_qm_engine,btc_sha256_nonce,1222304928.0000000000
8486847,6356422827357,btc_qm_engine,btc_leading_zeros,0.0000000000
8486848,6356422827620,btc_qm_engine,btc_leading_zeros,0.0000000000
8486849,6356422827676,btc_qm_engine,btc_sha256_elapsed_ns,953.0000000000
8486850,6356422827754,btc_qm_engine,btc_sha256_nonce,2888205472.0000000000
8486851,6356422828084,btc_qm_engine,btc_leading_zeros,1.0000000000
8486852,6356422828134,btc_qm_engine,btc_sha256_elapsed_ns,875.0000000000
8486853,6356422828328,btc_qm_engine,btc_sha256_elapsed_ns,1091.0000000000
8486854,6356422828822,btc_qm_engine,btc_sha256_elapsed_ns,748.0000000000
8486855,6356422828915,btc_qm_engine,btc_sha256_nonce,1205397124.0000000000
8486856,6356422828992,btc_qm_engine,btc_leading_zeros,0.0000000000
8486857,6356422829501,btc_qm_engine,btc_sha256_nonce,1035900970.0000000000
8486858,6356422829820,btc_qm_engine,btc_leading_zeros,2.0000000000
8486859,6356422829870,btc_qm_engine,btc_sha256_elapsed_ns,721.0000000000
8486860,6356422830017,btc_qm_engine,btc_sha256_elapsed_ns,1025.0000000000
8486861,6356422830177,btc_qm_engine,btc_sha256_nonce,3697402810.0000000000
8486862,6356422830257,btc_qm_engine,btc_leading_zeros,1.0000000000
8486863,6356422830686,btc_qm_engine,btc_sha256_elapsed_ns,1105.0000000000
8486864,6356422830766,btc_qm_engine,btc_sha256_nonce,3425463259.0000000000
8486865,6356422831137,btc_qm_engine,btc_leading_zeros,0.0000000000
8486866,6356422831543,btc_qm_engine,btc_sha256_nonce,1500752252.0000000000
8486867,6356422831617,btc_qm_engine,btc_leading_zeros,0.0000000000
8486868,6356422831676,btc_qm_engine,btc_sha256_elapsed_ns,995.0000000000
8486869,6356422831884,btc_qm_engine,btc_leading_zeros,1.0000000000
8486870,6356422832133,btc_qm_engine,btc_sha256_nonce,2722332354.0000000000
8486871,6356422832653,btc_qm_engine,btc_sha256_elapsed_ns,986.0000000000
8486872,6356422832918,btc_qm_engine,btc_sha256_nonce,2906237836.0000000000
8486873,6356422833088,btc_qm_engine,btc_leading_zeros,0.0000000000
8486874,6356422833170,btc_qm_engine,btc_sha256_elapsed_ns,1005.0000000000
8486875,6356422833367,btc_qm_engine,btc_sha256_elapsed_ns,955.0000000000
8486876,6356422834474,btc_qm_engine,btc_sha256_elapsed_ns,994.0000000000
8486877,6356422834672,btc_qm_engine,btc_sha256_nonce,3133561270.0000000000
8486878,6356422835275,btc_qm_engine,btc_sha256_nonce,285724039.0000000000
8486879,6356422835426,btc_qm_engine,btc_leading_zeros,0.0000000000
8486880,6356422835493,btc_qm_engine,btc_sha256_elapsed_ns,988.0000000000
8486881,6356422835656,btc_qm_engine,btc_leading_zeros,1.0000000000
8486882,6356422835735,btc_qm_engine,btc_sha256_elapsed_ns,1091.0000000000
8486883,6356422835886,btc_qm_engine,btc_sha256_nonce,1685332972.0000000000
8486884,6356422836401,btc_qm_engine,btc_sha256_nonce,2925251380.0000000000
8486885,6356422836517,btc_qm_engine,btc_leading_zeros,1.0000000000
8486886,6356422837038,btc_qm_engine,btc_sha256_nonce,1691781211.0000000000
8486887,6356422837628,btc_qm_engine,btc_leading_zeros,0.0000000000
8486888,6356422837804,btc_qm_engine,btc_leading_zeros,0.0000000000
8486889,6356422837884,btc_qm_engine,btc_sha256_elapsed_ns,1099.0000000000
8486890,6356422838098,btc_qm_engine,btc_sha256_nonce,3474889252.0000000000
8486891,6356422838271,btc_qm_engine,btc_sha256_elapsed_ns,714.0000000000
8486892,6356422838731,btc_qm_engine,btc_leading_zeros,3.0000000000
8486893,6356422838992,btc_qm_engine,btc_sha256_elapsed_ns,779.0000000000
8486894,6356422839416,btc_qm_engine,btc_sha256_elapsed_ns,735.0000000000
8486895,6356422839590,btc_qm_engine,btc_sha256_nonce,1204991637.0000000000
8486896,6356422839919,btc_qm_engine,btc_leading_zeros,1.0000000000
8486897,6356422840151,btc_qm_engine,btc_sha256_nonce,1685464644.0000000000
8486898,6356422840285,btc_qm_engine,btc_leading_zeros,0.0000000000
8486899,6356422840720,btc_qm_engine,btc_sha256_nonce,2435495745.0000000000
8486900,6356422840990,btc_qm_engine,btc_sha256_elapsed_ns,1051.0000000000
8486901,6356422841122,btc_qm_engine,btc_sha256_elapsed_ns,1101.0000000000
8486902,6356422841280,btc_qm_engine,btc_sha256_nonce,3519000396.0000000000
8486903,6356422841374,btc_qm_engine,btc_leading_zeros,4.0000000000
8486904,6356422841458,btc_qm_engine,btc_sha256_elapsed_ns,1045.0000000000
8486905,6356422841534,btc_qm_engine,btc_sha256_nonce,1026251806.0000000000
8486906,6356422841685,btc_qm_engine,btc_leading_zeros,1.0000000000
8486907,6356422841759,btc_qm_engine,btc_sha256_elapsed_ns,1072.0000000000
8486908,6356422841946,btc_qm_engine,btc_leading_zeros,2.0000000000
8486909,6356422842358,btc_qm_engine,btc_sha256_elapsed_ns,1073.0000000000
8486910,6356422842685,btc_qm_engine,btc_sha256_nonce,1685093627.0000000000
8486911,6356422842811,btc_qm_engine,btc_sha256_nonce,4185739147.0000000000
8486912,6356422842889,btc_qm_engine,btc_leading_zeros,2.0000000000
8486913,6356422843128,btc_qm_engine,btc_sha256_nonce,1457287828.0000000000
8486914,6356422843410,btc_qm_engine,btc_sha256_elapsed_ns,1061.0000000000
8486915,6356422843580,btc_qm_engine,btc_sha256_nonce,2422771632.0000000000
8486916,6356422843841,btc_qm_engine,btc_sha256_nonce,3398158752.0000000000
8486917,6356422843959,btc_qm_engine,btc_leading_zeros,2.0000000000
8486918,6356422844042,btc_qm_engine,btc_sha256_elapsed_ns,970.0000000000
8486919,6356422844421,btc_qm_engine,btc_leading_zeros,0.0000000000
8486920,6356422844826,btc_qm_engine,btc_leading_zeros,0.0000000000
8486921,6356422845070,btc_qm_engine,btc_sha256_elapsed_ns,1389.0000000000
8486922,6356422845253,btc_qm_engine,btc_sha256_nonce,1026322705.0000000000
8486923,6356422845492,btc_qm_engine,btc_sha256_elapsed_ns,1050.0000000000
8486924,6356422845653,btc_qm_engine,btc_leading_zeros,0.0000000000
8486925,6356422845707,btc_qm_engine,btc_sha256_elapsed_ns,1058.0000000000
8486926,6356422845845,btc_qm_engine,btc_leading_zeros,0.0000000000
8486927,6356422845919,btc_qm_engine,btc_sha256_elapsed_ns,1007.0000000000
8486928,6356422846144,btc_qm_engine,btc_sha256_nonce,1758677179.0000000000
8486929,6356422846498,btc_qm_engine,btc_leading_zeros,1.0000000000
8486930,6356422846574,btc_qm_engine,btc_sha256_elapsed_ns,788.0000000000
8486931,6356422846838,btc_qm_engine,btc_sha256_nonce,1205503411.0000000000
8486932,6356422846915,btc_qm_engine,btc_leading_zeros,4.0000000000
8486933,6356422846988,btc_qm_engine,btc_sha256_elapsed_ns,1063.0000000000
8486934,6356422847185,btc_qm_engine,btc_sha256_nonce,394345326.0000000000
8486935,6356422847417,btc_qm_engine,btc_sha256_nonce,3898714351.0000000000
8486936,6356422847494,btc_qm_engine,btc_leading_zeros,1.0000000000
8486937,6356422847585,btc_qm_engine,btc_sha256_elapsed_ns,1205.0000000000
8486938,6356422847690,btc_qm_engine,btc_leading_zeros,0.0000000000
8486939,6356422847910,btc_qm_engine,btc_leading_zeros,0.0000000000
8486940,6356422848373,btc_qm_engine,btc_sha256_nonce,3800497288.0000000000
8486941,6356422848818,btc_qm_engine,btc_sha256_nonce,557652638.0000000000
8486942,6356422848896,btc_qm_engine,btc_leading_zeros,0.0000000000
8486943,6356422849191,btc_qm_engine,btc_sha256_nonce,7831258.0000000000
8486944,6356422849680,btc_qm_engine,btc_sha256_elapsed_ns,783.0000000000
8486945,6356422849861,btc_qm_engine,btc_sha256_elapsed_ns,1000.0000000000
8486946,6356422850586,btc_qm_engine,btc_leading_zeros,1.0000000000
8486947,6356422850931,btc_qm_engine,btc_leading_zeros,3.0000000000
8486948,6356422851066,btc_qm_engine,btc_sha256_elapsed_ns,1047.0000000000
8486949,6356422851244,btc_qm_engine,btc_sha256_elapsed_ns,957.0000000000
8486950,6356422851892,btc_qm_engine,btc_sha256_nonce,2878442961.0000000000
8486951,6356422851978,btc_qm_engine,btc_leading_zeros,2.0000000000
8486952,6356422852048,btc_qm_engine,btc_sha256_elapsed_ns,1031.0000000000
8486953,6356422852414,btc_qm_engine,btc_sha256_nonce,3141546135.0000000000
8486954,6356422852497,btc_qm_engine,btc_leading_zeros,1.0000000000
8486955,6356422852577,btc_qm_engine,btc_sha256_nonce,391796138.0000000000
8486956,6356422852895,btc_qm_engine,btc_sha256_elapsed_ns,1104.0000000000
8486957,6356422852980,btc_qm_engine,btc_leading_zeros,0.0000000000
8486958,6356422853051,btc_qm_engine,btc_sha256_elapsed_ns,1091.0000000000
8486959,6356422853398,btc_qm_engine,btc_sha256_nonce,19556116.0000000000
8486960,6356422853734,btc_qm_engine,btc_leading_zeros,3.0000000000
8486961,6356422854078,btc_qm_engine,btc_sha256_elapsed_ns,1094.0000000000
8486962,6356422854229,btc_qm_engine,btc_sha256_nonce,4255710507.0000000000
8486963,6356422854433,btc_qm_engine,btc_sha256_nonce,1205829482.0000000000
8486964,6356422854657,btc_qm_engine,btc_leading_zeros,0.0000000000
8486965,6356422854762,btc_qm_engine,btc_sha256_elapsed_ns,1091.0000000000
8486966,6356422854864,btc_qm_engine,btc_sha256_nonce,1308586076.0000000000
8486967,6356422855078,btc_qm_engine,btc_sha256_nonce,4168153659.0000000000
8486968,6356422855229,btc_qm_engine,btc_leading_zeros,0.0000000000
8486969,6356422855433,btc_qm_engine,btc_sha256_nonce,2877956750.0000000000
8486970,6356422855547,btc_qm_engine,btc_leading_zeros,4.0000000000
8486971,6356422855817,btc_qm_engine,btc_leading_zeros,1.0000000000
8486972,6356422856056,btc_qm_engine,btc_sha256_nonce,6157661.0000000000
8486973,6356422856126,btc_qm_engine,btc_leading_zeros,2.0000000000
8486974,6356422856198,btc_qm_engine,btc_sha256_elapsed_ns,1028.0000000000
8486975,6356422856547,btc_qm_engine,btc_sha256_elapsed_ns,1128.0000000000
8486976,6356422856644,btc_qm_engine,btc_sha256_elapsed_ns,1138.0000000000
8486977,6356422857190,btc_qm_engine,btc_sha256_nonce,3363878498.0000000000
8486978,6356422857263,btc_qm_engine,btc_leading_zeros,4.0000000000
8486979,6356422857325,btc_qm_engine,btc_sha256_elapsed_ns,739.0000000000
8486980,6356422857837,btc_qm_engine,btc_sha256_nonce,293459055.0000000000
8486981,6356422857909,btc_qm_engine,btc_leading_zeros,1.0000000000
8486982,6356422858325,btc_qm_engine,btc_sha256_elapsed_ns,1439.0000000000
8486983,6356422858711,btc_qm_engine,btc_sha256_nonce,3804010789.0000000000
8486984,6356422858940,btc_qm_engine,btc_sha256_elapsed_ns,1031.0000000000
8486985,6356422859719,btc_qm_engine,btc_sha256_elapsed_ns,1043.0000000000
8486986,6356422859899,btc_qm_engine,btc_leading_zeros,0.0000000000
8486987,6356422860467,btc_qm_engine,btc_sha256_elapsed_ns,1133.0000000000
8486988,6356422860986,btc_qm_engine,btc_sha256_elapsed_ns,1090.0000000000
8486989,6356422861308,btc_qm_engine,btc_sha256_nonce,4069484143.0000000000
8486990,6356422861687,btc_qm_engine,btc_leading_zeros,0.0000000000
8486991,6356422861763,btc_qm_engine,btc_sha256_elapsed_ns,1003.0000000000
8486992,6356422861979,btc_qm_engine,btc_sha256_nonce,2877664684.0000000000
8486993,6356422862202,btc_qm_engine,btc_sha256_nonce,3380004651.0000000000
8486994,6356422862355,btc_qm_engine,btc_leading_zeros,0.0000000000
8486995,6356422862437,btc_qm_engine,btc_sha256_elapsed_ns,1069.0000000000
8486996,6356422862600,btc_qm_engine,btc_sha256_nonce,649074309.0000000000
8486997,6356422863003,btc_qm_engine,btc_sha256_nonce,171953061.0000000000
8486998,6356422863095,btc_qm_engine,btc_leading_zeros,0.0000000000
8486999,6356422863420,btc_qm_engine,btc_sha256_elapsed_ns,1006.0000000000
8487000,6356422863480,btc_qm_engine,btc_leading_zeros,1.0000000000
8487001,6356422863840,btc_qm_engine,btc_sha256_nonce,4067444077.0000000000
8487002,6356422864224,btc_qm_engine,btc_leading_zeros,3.0000000000
8487003,6356422864649,btc_qm_engine,btc_sha256_nonce,3652743688.0000000000
8487004,6356422864753,btc_qm_engine,btc_leading_zeros,0.0000000000
8487005,6356422865174,btc_qm_engine,btc_sha256_nonce,501529553.0000000000
8487006,6356422865315,btc_qm_engine,btc_sha256_elapsed_ns,1000.0000000000
8487007,6356422865490,btc_qm_engine,btc_leading_zeros,0.0000000000
8487008,6356422865560,btc_qm_engine,btc_sha256_elapsed_ns,903.0000000000
8487009,6356422866011,btc_qm_engine,btc_leading_zeros,0.0000000000
8487010,6356422866119,btc_qm_engine,btc_sha256_elapsed_ns,1022.0000000000
8487011,6356422866525,btc_qm_engine,btc_sha256_nonce,1622691883.0000000000
8487012,6356422866595,btc_qm_engine,btc_leading_zeros,1.0000000000
8487013,6356422866920,btc_qm_engine,btc_sha256_elapsed_ns,748.0000000000
8487014,6356422867086,btc_qm_engine,btc_sha256_nonce,458893037.0000000000
8487015,6356422867228,btc_qm_engine,btc_leading_zeros,0.0000000000
8487016,6356422867394,btc_qm_engine,btc_leading_zeros,0.0000000000
8487017,6356422867470,btc_qm_engine,btc_sha256_elapsed_ns,1081.0000000000
8487018,6356422867744,btc_qm_engine,btc_sha256_nonce,1685598612.0000000000
8487019,6356422867949,btc_qm_engine,btc_sha256_elapsed_ns,1104.0000000000
8487020,6356422868227,btc_qm_engine,btc_sha256_nonce,3702408223.0000000000
8487021,6356422868661,btc_qm_engine,btc_leading_zeros,0.0000000000
8487022,6356422868842,btc_qm_engine,btc_sha256_nonce,419496179.0000000000
8487023,6356422869081,btc_qm_engine,btc_sha256_elapsed_ns,887.0000000000
8487024,6356422869462,btc_qm_engine,btc_sha256_nonce,561733775.0000000000
8487025,6356422869539,btc_qm_engine,btc_leading_zeros,0.0000000000
8487026,6356422869603,btc_qm_engine,btc_sha256_elapsed_ns,971.0000000000
8487027,6356422869879,btc_qm_engine,btc_sha256_nonce,3711172317.0000000000
8487028,6356422870293,btc_qm_engine,btc_sha256_elapsed_ns,1068.0000000000
8487029,6356422871611,btc_qm_engine,btc_sha256_elapsed_ns,1043.0000000000
8487030,6356422871930,btc_qm_engine,btc_sha256_nonce,2877762201.0000000000
8487031,6356422872013,btc_qm_engine,btc_leading_zeros,0.0000000000
8487032,6356422872084,btc_qm_engine,btc_sha256_elapsed_ns,1054.0000000000
8487033,6356422872330,btc_qm_engine,btc_sha256_nonce,3994524481.0000000000
8487034,6356422872407,btc_qm_engine,btc_leading_zeros,0.0000000000
8487035,6356422872481,btc_qm_engine,btc_sha256_elapsed_ns,840.0000000000
8487036,6356422872599,btc_qm_engine,btc_leading_zeros,0.0000000000
8487037,6356422872665,btc_qm_engine,btc_sha256_elapsed_ns,882.0000000000
8487038,6356422873241,btc_qm_engine,btc_sha256_nonce,437963813.0000000000
8487039,6356422873329,btc_qm_engine,btc_leading_zeros,0.0000000000
8487040,6356422873397,btc_qm_engine,btc_sha256_elapsed_ns,1026.0000000000
8487041,6356422873571,btc_qm_engine,btc_sha256_nonce,2877628176.0000000000
8487042,6356422873868,btc_qm_engine,btc_sha256_nonce,636288895.0000000000
8487043,6356422873995,btc_qm_engine,btc_leading_zeros,4.0000000000
8487044,6356422874209,btc_qm_engine,btc_leading_zeros,3.0000000000
8487045,6356422874311,btc_qm_engine,btc_sha256_elapsed_ns,808.0000000000
8487046,6356422874436,btc_qm_engine,btc_leading_zeros,0.0000000000
8487047,6356422874633,btc_qm_engine,btc_sha256_nonce,533777788.0000000000
8487048,6356422874881,btc_qm_engine,btc_sha256_elapsed_ns,1018.0000000000
8487049,6356422875294,btc_qm_engine,btc_leading_zeros,0.0000000000
8487050,6356422875481,btc_qm_engine,btc_sha256_nonce,854229811.0000000000
8487051,6356422875577,btc_qm_engine,btc_leading_zeros,1.0000000000
8487052,6356422875639,btc_qm_engine,btc_sha256_elapsed_ns,918.0000000000
8487053,6356422875838,btc_qm_engine,btc_sha256_nonce,453491000.0000000000
8487054,6356422876187,btc_qm_engine,btc_leading_zeros,2.0000000000
8487055,6356422876530,btc_qm_engine,btc_sha256_elapsed_ns,1033.0000000000
8487056,6356422876692,btc_qm_engine,btc_sha256_elapsed_ns,1037.0000000000
8487057,6356422876839,btc_qm_engine,btc_sha256_nonce,3587546473.0000000000
8487058,6356422876915,btc_qm_engine,btc_leading_zeros,0.0000000000
8487059,6356422876974,btc_qm_engine,btc_sha256_elapsed_ns,900.0000000000
8487060,6356422877149,btc_qm_engine,btc_sha256_nonce,4164984896.0000000000
8487061,6356422877343,btc_qm_engine,btc_sha256_nonce,4217948320.0000000000
8487062,6356422877534,btc_qm_engine,btc_leading_zeros,0.0000000000
8487063,6356422877811,btc_qm_engine,btc_leading_zeros,2.0000000000
8487064,6356422878171,btc_qm_engine,btc_sha256_nonce,3363822579.0000000000
8487065,6356422878386,btc_qm_engine,btc_sha256_nonce,453999629.0000000000
8487066,6356422878787,btc_qm_engine,btc_sha256_elapsed_ns,803.0000000000
8487067,6356422879308,btc_qm_engine,btc_leading_zeros,1.0000000000
8487068,6356422879539,btc_qm_engine,btc_sha256_elapsed_ns,853.0000000000
8487069,6356422879710,btc_qm_engine,btc_sha256_elapsed_ns,960.0000000000
8487070,6356422880225,btc_qm_engine,btc_leading_zeros,0.0000000000
8487071,6356422880513,btc_qm_engine,btc_sha256_elapsed_ns,1080.0000000000
8487072,6356422880667,btc_qm_engine,btc_sha256_nonce,1685455277.0000000000
8487073,6356422880979,btc_qm_engine,btc_leading_zeros,0.0000000000
8487074,6356422881063,btc_qm_engine,btc_sha256_elapsed_ns,755.0000000000
8487075,6356422881206,btc_qm_engine,btc_leading_zeros,4.0000000000
8487076,6356422881356,btc_qm_engine,btc_sha256_nonce,2728886670.0000000000
8487077,6356422881479,btc_qm_engine,btc_leading_zeros,0.0000000000
8487078,6356422881546,btc_qm_engine,btc_sha256_elapsed_ns,1088.0000000000
8487079,6356422881649,btc_qm_engine,btc_sha256_elapsed_ns,1103.0000000000
8487080,6356422882247,btc_qm_engine,btc_sha256_nonce,2364250830.0000000000
8487081,6356422882328,btc_qm_engine,btc_leading_zeros,0.0000000000
8487082,6356422882398,btc_qm_engine,btc_sha256_elapsed_ns,921.0000000000
8487083,6356422882631,btc_qm_engine,btc_sha256_nonce,1169811731.0000000000
8487084,6356422882740,btc_qm_engine,btc_sha256_nonce,1110343694.0000000000
8487085,6356422883098,btc_qm_engine,btc_sha256_nonce,1041620119.0000000000
8487086,6356422883176,btc_qm_engine,btc_leading_zeros,0.0000000000
8487087,6356422883229,btc_qm_engine,btc_sha256_elapsed_ns,979.0000000000
8487088,6356422883380,btc_qm_engine,btc_leading_zeros,0.0000000000
8487089,6356422883696,btc_qm_engine,btc_sha256_nonce,2745743047.0000000000
8487090,6356422883917,btc_qm_engine,btc_leading_zeros,0.0000000000
8487091,6356422884205,btc_qm_engine,btc_sha256_nonce,3364203534.0000000000
8487092,6356422884348,btc_qm_engine,btc_sha256_nonce,2879728471.0000000000
8487093,6356422884538,btc_qm_engine,btc_leading_zeros,0.0000000000
8487094,6356422884781,btc_qm_engine,btc_sha256_elapsed_ns,741.0000000000
8487095,6356422884953,btc_qm_engine,btc_leading_zeros,0.0000000000
8487096,6356422885030,btc_qm_engine,btc_sha256_elapsed_ns,972.0000000000
8487097,6356422885126,btc_qm_engine,btc_sha256_elapsed_ns,1122.0000000000
8487098,6356422885302,btc_qm_engine,btc_sha256_elapsed_ns,734.0000000000
8487099,6356422885762,btc_qm_engine,btc_leading_zeros,0.0000000000
8487100,6356422885831,btc_qm_engine,btc_sha256_elapsed_ns,1112.0000000000
8487101,6356422886028,btc_qm_engine,btc_sha256_nonce,2980311430.0000000000
8487102,6356422886114,btc_qm_engine,btc_leading_zeros,0.0000000000
8487103,6356422886165,btc_qm_engine,btc_sha256_elapsed_ns,746.0000000000
8487104,6356422886355,btc_qm_engine,btc_sha256_nonce,3368543272.0000000000
8487105,6356422886433,btc_qm_engine,btc_leading_zeros,0.0000000000
8487106,6356422886507,btc_qm_engine,btc_sha256_elapsed_ns,1085.0000000000
8487107,6356422886767,btc_qm_engine,btc_sha256_nonce,1555780403.0000000000
8487108,6356422886842,btc_qm_engine,btc_leading_zeros,0.0000000000
8487109,6356422887125,btc_qm_engine,btc_sha256_nonce,456966794.0000000000
8487110,6356422887378,btc_qm_engine,btc_sha256_elapsed_ns,1077.0000000000
8487111,6356422887623,btc_qm_engine,btc_sha256_nonce,3040988989.0000000000
8487112,6356422887806,btc_qm_engine,btc_sha256_nonce,1513606435.0000000000
8487113,6356422887883,btc_qm_engine,btc_leading_zeros,2.0000000000
8487114,6356422887953,btc_qm_engine,btc_sha256_elapsed_ns,1044.0000000000
8487115,6356422888461,btc_qm_engine,btc_leading_zeros,0.0000000000
8487116,6356422888704,btc_qm_engine,btc_sha256_nonce,269502727.0000000000
8487117,6356422888774,btc_qm_engine,btc_leading_zeros,1.0000000000
8487118,6356422888943,btc_qm_engine,btc_sha256_elapsed_ns,1067.0000000000
8487119,6356422889276,btc_qm_engine,btc_sha256_nonce,508491009.0000000000
8487120,6356422889650,btc_qm_engine,btc_leading_zeros,1.0000000000
8487121,6356422889958,btc_qm_engine,btc_leading_zeros,0.0000000000
8487122,6356422890066,btc_qm_engine,btc_sha256_elapsed_ns,870.0000000000
8487123,6356422890693,btc_qm_engine,btc_sha256_elapsed_ns,759.0000000000
8487124,6356422890961,btc_qm_engine,btc_sha256_nonce,141654317.0000000000
8487125,6356422891277,btc_qm_engine,btc_leading_zeros,0.0000000000
8487126,6356422891348,btc_qm_engine,btc_sha256_elapsed_ns,941.0000000000
8487127,6356422891939,btc_qm_engine,btc_sha256_nonce,3806343420.0000000000
8487128,6356422892230,btc_qm_engine,btc_leading_zeros,2.0000000000
8487129,6356422892333,btc_qm_engine,btc_sha256_elapsed_ns,753.0000000000
8487130,6356422892435,btc_qm_engine,btc_sha256_nonce,3363849787.0000000000
8487131,6356422892594,btc_qm_engine,btc_sha256_nonce,654395748.0000000000
8487132,6356422892671,btc_qm_engine,btc_leading_zeros,1.0000000000
8487133,6356422892846,btc_qm_engine,btc_leading_zeros,0.0000000000
8487134,6356422892917,btc_qm_engine,btc_sha256_elapsed_ns,1094.0000000000
8487135,6356422893277,btc_qm_engine,btc_sha256_nonce,1763966910.0000000000
8487136,6356422893631,btc_qm_engine,btc_leading_zeros,2.0000000000
8487137,6356422893757,btc_qm_engine,btc_sha256_nonce,1965297730.0000000000
8487138,6356422894002,btc_qm_engine,btc_sha256_elapsed_ns,1077.0000000000
8487139,6356422894246,btc_qm_engine,btc_sha256_elapsed_ns,1125.0000000000
8487140,6356422894517,btc_qm_engine,btc_leading_zeros,2.0000000000
8487141,6356422894597,btc_qm_engine,btc_sha256_nonce,3364467600.0000000000
8487142,6356422894887,btc_qm_engine,btc_sha256_elapsed_ns,1134.0000000000
8487143,6356422895064,btc_qm_engine,btc_leading_zeros,1.0000000000
8487144,6356422895315,btc_qm_engine,btc_sha256_elapsed_ns,806.0000000000
8487145,6356422895907,btc_qm_engine,btc_sha256_elapsed_ns,1016.0000000000
8487146,6356422896102,btc_qm_engine,btc_sha256_nonce,2733145203.0000000000
8487147,6356422896567,btc_qm_engine,btc_sha256_nonce,3364017767.0000000000
8487148,6356422896757,btc_qm_engine,btc_leading_zeros,0.0000000000
8487149,6356422896821,btc_qm_engine,btc_sha256_elapsed_ns,883.0000000000
8487150,6356422897035,btc_qm_engine,btc_sha256_nonce,1205786389.0000000000
8487151,6356422897197,btc_qm_engine,btc_leading_zeros,0.0000000000
8487152,6356422897342,btc_qm_engine,btc_sha256_nonce,3202396334.0000000000
8487153,6356422897596,btc_qm_engine,btc_sha256_nonce,3201917646.0000000000
8487154,6356422898104,btc_qm_engine,btc_sha256_elapsed_ns,1044.0000000000
8487155,6356422898575,btc_qm_engine,btc_leading_zeros,2.0000000000
8487156,6356422899014,btc_qm_engine,btc_sha256_nonce,3580163883.0000000000
8487157,6356422899159,btc_qm_engine,btc_sha256_elapsed_ns,1145.0000000000
8487158,6356422899399,btc_qm_engine,btc_leading_zeros,0.0000000000
8487159,6356422899482,btc_qm_engine,btc_sha256_elapsed_ns,1002.0000000000
8487160,6356422899688,btc_qm_engine,btc_sha256_nonce,4198344074.0000000000
8487161,6356422900338,btc_qm_engine,btc_sha256_nonce,1822306426.0000000000
8487162,6356422900533,btc_qm_engine,btc_sha256_nonce,453715627.0000000000
8487163,6356422900616,btc_qm_engine,btc_leading_zeros,0.0000000000
8487164,6356422900688,btc_qm_engine,btc_sha256_elapsed_ns,1030.0000000000
8487165,6356422901346,btc_qm_engine,btc_sha256_nonce,2318732397.0000000000
8487166,6356422901601,btc_qm_engine,btc_leading_zeros,1.0000000000
8487167,6356422901966,btc_qm_engine,btc_leading_zeros,2.0000000000
8487168,6356422902395,btc_qm_engine,btc_sha256_elapsed_ns,1358.0000000000
8487169,6356422902562,btc_qm_engine,btc_sha256_elapsed_ns,1090.0000000000
8487170,6356422902911,btc_qm_engine,btc_sha256_nonce,48273936.0000000000
8487171,6356422903175,btc_qm_engine,btc_leading_zeros,0.0000000000
8487172,6356422903238,btc_qm_engine,btc_sha256_elapsed_ns,987.0000000000
8487173,6356422903922,btc_qm_engine,btc_sha256_nonce,3246266576.0000000000
8487174,6356422904003,btc_qm_engine,btc_leading_zeros,0.0000000000
8487175,6356422904068,btc_qm_engine,btc_sha256_elapsed_ns,790.0000000000
8487176,6356422904229,btc_qm_engine,btc_sha256_nonce,1852376474.0000000000
8487177,6356422904371,btc_qm_engine,btc_sha256_nonce,3532167363.0000000000
8487178,6356422909111,btc_qm_engine,btc_leading_zeros,4.0000000000
8487179,6356422909161,btc_qm_engine,btc_sha256_elapsed_ns,1095.0000000000
8487180,6356422909935,btc_qm_engine,btc_sha256_nonce,2877456387.0000000000
8487181,6356422909989,btc_qm_engine,btc_leading_zeros,0.0000000000
8487182,6356422910044,btc_qm_engine,btc_sha256_elapsed_ns,611.0000000000
8487183,6356422910766,btc_qm_engine,btc_sha256_nonce,839321564.0000000000
8487184,6356422910814,btc_qm_engine,btc_leading_zeros,0.0000000000
8487185,6356422910861,btc_qm_engine,btc_sha256_elapsed_ns,596.0000000000
8487186,6356422911335,btc_qm_engine,btc_leading_zeros,0.0000000000
8487187,6356422911621,btc_qm_engine,btc_sha256_nonce,3222492398.0000000000
8487188,6356422911694,btc_qm_engine,btc_leading_zeros,0.0000000000
8487189,6356422911753,btc_qm_engine,btc_sha256_elapsed_ns,589.0000000000
8487190,6356422912166,btc_qm_engine,btc_sha256_elapsed_ns,1167.0000000000
8487191,6356422912508,btc_qm_engine,btc_sha256_elapsed_ns,746.0000000000
8487192,6356422912684,btc_qm_engine,btc_sha256_nonce,3840389908.0000000000
8487193,6356422912744,btc_qm_engine,btc_leading_zeros,1.0000000000
8487194,6356422912806,btc_qm_engine,btc_sha256_elapsed_ns,751.0000000000
8487195,6356422914719,btc_qm_engine,btc_sha256_nonce,1899496451.0000000000
8487196,6356422914791,btc_qm_engine,btc_leading_zeros,0.0000000000
8487197,6356422914856,btc_qm_engine,btc_sha256_elapsed_ns,1063.0000000000
8487198,6356422915342,btc_qm_engine,btc_sha256_nonce,2434358963.0000000000
8487199,6356422915414,btc_qm_engine,btc_leading_zeros,1.0000000000
8487200,6356422915582,btc_qm_engine,btc_leading_zeros,1.0000000000
8487201,6356422915991,btc_qm_engine,btc_leading_zeros,1.0000000000
8487202,6356422916115,btc_qm_engine,btc_sha256_nonce,2453986338.0000000000
8487203,6356422916383,btc_qm_engine,btc_sha256_elapsed_ns,805.0000000000
8487204,6356422916696,btc_qm_engine,btc_sha256_nonce,3414817777.0000000000
8487205,6356422916986,btc_qm_engine,btc_leading_zeros,0.0000000000
8487206,6356422917433,btc_qm_engine,btc_sha256_elapsed_ns,1017.0000000000
8487207,6356422917820,btc_qm_engine,btc_sha256_elapsed_ns,1072.0000000000
8487208,6356422918123,btc_qm_engine,btc_sha256_nonce,3058428921.0000000000
8487209,6356422918205,btc_qm_engine,btc_leading_zeros,0.0000000000
8487210,6356422918275,btc_qm_engine,btc_sha256_elapsed_ns,1109.0000000000
8487211,6356422918884,btc_qm_engine,btc_sha256_nonce,2784800128.0000000000
8487212,6356422918960,btc_qm_engine,btc_leading_zeros,1.0000000000
8487213,6356422919031,btc_qm_engine,btc_sha256_elapsed_ns,5887.0000000000
8487214,6356422919387,btc_qm_engine,btc_sha256_nonce,460660239.0000000000
8487215,6356422919459,btc_qm_engine,btc_leading_zeros,0.0000000000
8487216,6356422919772,btc_qm_engine,btc_leading_zeros,4.0000000000
8487217,6356422920334,btc_qm_engine,btc_sha256_nonce,3022718122.0000000000
8487218,6356422920531,btc_qm_engine,btc_sha256_elapsed_ns,955.0000000000
8487219,6356422920768,btc_qm_engine,btc_leading_zeros,1.0000000000
8487220,6356422921131,btc_qm_engine,btc_sha256_elapsed_ns,1029.0000000000
8487221,6356422921425,btc_qm_engine,btc_leading_zeros,0.0000000000
8487222,6356422921625,btc_qm_engine,btc_sha256_elapsed_ns,1050.0000000000
8487223,6356422921841,btc_qm_engine,btc_sha256_elapsed_ns,755.0000000000
8487224,6356422922290,btc_qm_engine,btc_sha256_nonce,3181460431.0000000000
8487225,6356422922370,btc_qm_engine,btc_leading_zeros,1.0000000000
8487226,6356422922891,btc_qm_engine,btc_sha256_elapsed_ns,1037.0000000000
8487227,6356422922981,btc_qm_engine,btc_sha256_nonce,2212754067.0000000000
8487228,6356422923186,btc_qm_engine,btc_sha256_elapsed_ns,1172.0000000000
8487229,6356422923394,btc_qm_engine,btc_leading_zeros,1.0000000000
8487230,6356422923469,btc_qm_engine,btc_sha256_elapsed_ns,1013.0000000000
8487231,6356422923778,btc_qm_engine,btc_sha256_nonce,546357678.0000000000
8487232,6356422924111,btc_qm_engine,btc_sha256_nonce,368104864.0000000000
8487233,6356422924354,btc_qm_engine,btc_sha256_nonce,3359394844.0000000000
8487234,6356422924568,btc_qm_engine,btc_leading_zeros,2.0000000000
8487235,6356422924728,btc_qm_engine,btc_leading_zeros,1.0000000000
8487236,6356422924796,btc_qm_engine,btc_sha256_elapsed_ns,1119.0000000000
8487237,6356422924992,btc_qm_engine,btc_sha256_elapsed_ns,1096.0000000000
8487238,6356422925184,btc_qm_engine,btc_sha256_nonce,10407596.0000000000
8487239,6356422925919,btc_qm_engine,btc_sha256_nonce,148362067.0000000000
8487240,6356422926024,btc_qm_engine,btc_sha256_nonce,2878869973.0000000000
8487241,6356422926159,btc_qm_engine,btc_sha256_nonce,454443898.0000000000
8487242,6356422926238,btc_qm_engine,btc_leading_zeros,0.0000000000
8487243,6356422926309,btc_qm_engine,btc_sha256_elapsed_ns,1105.0000000000
8487244,6356422926431,btc_qm_engine,btc_leading_zeros,1.0000000000
8487245,6356422926714,btc_qm_engine,btc_sha256_nonce,2273486451.0000000000
8487246,6356422927116,btc_qm_engine,btc_leading_zeros,1.0000000000
8487247,6356422927192,btc_qm_engine,btc_sha256_elapsed_ns,1099.0000000000
8487248,6356422928031,btc_qm_engine,btc_sha256_nonce,3952987784.0000000000
8487249,6356422928107,btc_qm_engine,btc_leading_zeros,2.0000000000
8487250,6356422928181,btc_qm_engine,btc_sha256_elapsed_ns,1108.0000000000
8487251,6356422928514,btc_qm_engine,btc_sha256_nonce,2029676672.0000000000
8487252,6356422928722,btc_qm_engine,btc_sha256_elapsed_ns,1067.0000000000
8487253,6356422929059,btc_qm_engine,btc_leading_zeros,1.0000000000
8487254,6356422929374,btc_qm_engine,btc_sha256_nonce,2344269563.0000000000
8487255,6356422929458,btc_qm_engine,btc_leading_zeros,1.0000000000
8487256,6356422929522,btc_qm_engine,btc_sha256_elapsed_ns,933.0000000000
8487257,6356422929642,btc_qm_engine,btc_sha256_elapsed_ns,1080.0000000000
8487258,6356422930541,btc_qm_engine,btc_sha256_nonce,2953364417.0000000000
8487259,6356422930610,btc_qm_engine,btc_leading_zeros,0.0000000000
8487260,6356422930873,btc_qm_engine,btc_sha256_nonce,2043309804.0000000000
8487261,6356422930962,btc_qm_engine,btc_leading_zeros,4.0000000000
8487262,6356422931037,btc_qm_engine,btc_sha256_elapsed_ns,1097.0000000000
8487263,6356422931189,btc_qm_engine,btc_sha256_elapsed_ns,743.0000000000
8487264,6356422931541,btc_qm_engine,btc_leading_zeros,0.0000000000
8487265,6356422931894,btc_qm_engine,btc_sha256_elapsed_ns,886.0000000000
8487266,6356422932204,btc_qm_engine,btc_sha256_nonce,4029291394.0000000000
8487267,6356422932278,btc_qm_engine,btc_leading_zeros,0.0000000000
8487268,6356422932350,btc_qm_engine,btc_sha256_elapsed_ns,803.0000000000
8487269,6356422932702,btc_qm_engine,btc_sha256_nonce,1483314931.0000000000
8487270,6356422932782,btc_qm_engine,btc_leading_zeros,0.0000000000
8487271,6356422932853,btc_qm_engine,btc_sha256_elapsed_ns,999.0000000000
8487272,6356422932968,btc_qm_engine,btc_sha256_nonce,2470838501.0000000000
8487273,6356422933041,btc_qm_engine,btc_leading_zeros,0.0000000000
8487274,6356422933115,btc_qm_engine,btc_sha256_elapsed_ns,1104.0000000000
8487275,6356422933202,btc_qm_engine,btc_sha256_nonce,2206933727.0000000000
8487276,6356422933275,btc_qm_engine,btc_leading_zeros,0.0000000000
8487277,6356422933344,btc_qm_engine,btc_sha256_elapsed_ns,1099.0000000000
8487278,6356422933457,btc_qm_engine,btc_sha256_nonce,3764727723.0000000000
8487279,6356422933797,btc_qm_engine,btc_leading_zeros,0.0000000000
8487280,6356422933885,btc_qm_engine,btc_sha256_elapsed_ns,889.0000000000
8487281,6356422934060,btc_qm_engine,btc_leading_zeros,1.0000000000
8487282,6356422934213,btc_qm_engine,btc_sha256_nonce,3607602092.0000000000
8487283,6356422934293,btc_qm_engine,btc_leading_zeros,0.0000000000
8487284,6356422934352,btc_qm_engine,btc_sha256_elapsed_ns,1114.0000000000
8487285,6356422934630,btc_qm_engine,btc_sha256_nonce,222991503.0000000000
8487286,6356422934854,btc_qm_engine,btc_leading_zeros,1.0000000000
8487287,6356422935500,btc_qm_engine,btc_sha256_nonce,472490780.0000000000
8487288,6356422935613,btc_qm_engine,btc_sha256_nonce,2999163044.0000000000
8487289,6356422935692,btc_qm_engine,btc_leading_zeros,1.0000000000
8487290,6356422935784,btc_qm_engine,btc_sha256_elapsed_ns,930.0000000000
8487291,6356422936042,btc_qm_engine,btc_leading_zeros,1.0000000000
8487292,6356422936116,btc_qm_engine,btc_sha256_elapsed_ns,1085.0000000000
8487293,6356422936749,btc_qm_engine,btc_sha256_nonce,1076580024.0000000000
8487294,6356422936820,btc_qm_engine,btc_leading_zeros,0.0000000000
8487295,6356422936873,btc_qm_engine,btc_sha256_elapsed_ns,736.0000000000
8487296,6356422937041,btc_qm_engine,btc_sha256_nonce,4029775028.0000000000
8487297,6356422937111,btc_qm_engine,btc_leading_zeros,3.0000000000
8487298,6356422937160,btc_qm_engine,btc_sha256_elapsed_ns,730.0000000000
8487299,6356422937903,btc_qm_engine,btc_sha256_nonce,1208833033.0000000000
8487300,6356422937973,btc_qm_engine,btc_leading_zeros,0.0000000000
8487301,6356422938030,btc_qm_engine,btc_sha256_elapsed_ns,814.0000000000
8487302,6356422938480,btc_qm_engine,btc_sha256_nonce,1004586347.0000000000
8487303,6356422938873,btc_qm_engine,btc_leading_zeros,2.0000000000
8487304,6356422938936,btc_qm_engine,btc_sha256_elapsed_ns,1112.0000000000
8487305,6356422939801,btc_qm_engine,btc_sha256_nonce,453867814.0000000000
8487306,6356422939984,btc_qm_engine,btc_leading_zeros,0.0000000000
8487307,6356422940289,btc_qm_engine,btc_sha256_nonce,3088042594.0000000000
8487308,6356422940397,btc_qm_engine,btc_sha256_elapsed_ns,1075.0000000000
8487309,6356422940612,btc_qm_engine,btc_leading_zeros,2.0000000000
8487310,6356422940692,btc_qm_engine,btc_sha256_elapsed_ns,738.0000000000
8487311,6356422940929,btc_qm_engine,btc_sha256_nonce,3656959210.0000000000
8487312,6356422941137,btc_qm_engine,btc_leading_zeros,4.0000000000
8487313,6356422941217,btc_qm_engine,btc_sha256_elapsed_ns,740.0000000000
8487314,6356422941370,btc_qm_engine,btc_leading_zeros,0.0000000000
8487315,6356422941694,btc_qm_engine,btc_sha256_elapsed_ns,771.0000000000
8487316,6356422942049,btc_qm_engine,btc_sha256_nonce,2573388524.0000000000
8487317,6356422942140,btc_qm_engine,btc_leading_zeros,0.0000000000
8487318,6356422942516,btc_qm_engine,btc_sha256_elapsed_ns,1082.0000000000
8487319,6356422942620,btc_qm_engine,btc_sha256_nonce,1501362129.0000000000
8487320,6356422942857,btc_qm_engine,btc_sha256_nonce,3740308924.0000000000
8487321,6356422943035,btc_qm_engine,btc_leading_zeros,0.0000000000
8487322,6356422943530,btc_qm_engine,btc_sha256_nonce,3255960605.0000000000
8487323,6356422943807,btc_qm_engine,btc_sha256_elapsed_ns,909.0000000000
8487324,6356422944061,btc_qm_engine,btc_sha256_nonce,3201669712.0000000000
8487325,6356422944597,btc_qm_engine,btc_sha256_elapsed_ns,1119.0000000000
8487326,6356422946082,btc_qm_engine,btc_sha256_nonce,920525946.0000000000
8487327,6356422946401,btc_qm_engine,btc_leading_zeros,0.0000000000
8487328,6356422946879,btc_qm_engine,btc_sha256_nonce,742076069.0000000000
8487329,6356422946950,btc_qm_engine,btc_leading_zeros,0.0000000000
8487330,6356422947043,btc_qm_engine,btc_sha256_elapsed_ns,1007.0000000000
8487331,6356422947222,btc_qm_engine,btc_sha256_elapsed_ns,1082.0000000000
8487332,6356422947459,btc_qm_engine,btc_leading_zeros,1.0000000000
8487333,6356422947792,btc_qm_engine,btc_sha256_elapsed_ns,975.0000000000
8487334,6356422948566,btc_qm_engine,btc_sha256_nonce,3712061211.0000000000
8487335,6356422948640,btc_qm_engine,btc_leading_zeros,0.0000000000
8487336,6356422948716,btc_qm_engine,btc_sha256_elapsed_ns,1139.0000000000
8487337,6356422949120,btc_qm_engine,btc_sha256_nonce,3202358708.0000000000
8487338,6356422949179,btc_qm_engine,btc_leading_zeros,1.0000000000
8487339,6356422949234,btc_qm_engine,btc_sha256_elapsed_ns,1089.0000000000
8487340,6356422949595,btc_qm_engine,btc_leading_zeros,0.0000000000
8487341,6356422949668,btc_qm_engine,btc_sha256_elapsed_ns,877.0000000000
8487342,6356422950193,btc_qm_engine,btc_sha256_nonce,3196135195.0000000000
8487343,6356422950532,btc_qm_engine,btc_sha256_nonce,2497599696.0000000000
8487344,6356422950678,btc_qm_engine,btc_leading_zeros,1.0000000000
8487345,6356422950953,btc_qm_engine,btc_sha256_nonce,1389424916.0000000000
8487346,6356422951061,btc_qm_engine,btc_leading_zeros,1.0000000000
8487347,6356422951180,btc_qm_engine,btc_leading_zeros,0.0000000000
8487348,6356422951337,btc_qm_engine,btc_sha256_elapsed_ns,941.0000000000
8487349,6356422951942,btc_qm_engine,btc_sha256_nonce,1204983752.0000000000
8487350,6356422952044,btc_qm_engine,btc_sha256_elapsed_ns,1032.0000000000
8487351,6356422952937,btc_qm_engine,btc_sha256_nonce,3245528348.0000000000
8487352,6356422953258,btc_qm_engine,btc_sha256_nonce,1684768102.0000000000
8487353,6356422953344,btc_qm_engine,btc_leading_zeros,0.0000000000
8487354,6356422953518,btc_qm_engine,btc_leading_zeros,0.0000000000
8487355,6356422953613,btc_qm_engine,btc_sha256_elapsed_ns,911.0000000000
8487356,6356422953745,btc_qm_engine,btc_sha256_elapsed_ns,861.0000000000
8487357,6356422953841,btc_qm_engine,btc_leading_zeros,1.0000000000
8487358,6356422953972,btc_qm_engine,btc_sha256_nonce,3702597469.0000000000
8487359,6356422954048,btc_qm_engine,btc_leading_zeros,0.0000000000
8487360,6356422954187,btc_qm_engine,btc_leading_zeros,1.0000000000
8487361,6356422954656,btc_qm_engine,btc_sha256_elapsed_ns,745.0000000000
8487362,6356422954778,btc_qm_engine,btc_sha256_elapsed_ns,999.0000000000
8487363,6356422954943,btc_qm_engine,btc_sha256_nonce,828125329.0000000000
8487364,6356422955297,btc_qm_engine,btc_sha256_elapsed_ns,1044.0000000000
8487365,6356422955532,btc_qm_engine,btc_sha256_nonce,1684664829.0000000000
8487366,6356422955729,btc_qm_engine,btc_leading_zeros,0.0000000000
8487367,6356422955813,btc_qm_engine,btc_sha256_elapsed_ns,895.0000000000
8487368,6356422955970,btc_qm_engine,btc_leading_zeros,0.0000000000
8487369,6356422956182,btc_qm_engine,btc_sha256_nonce,4055555831.0000000000
8487370,6356422956262,btc_qm_engine,btc_leading_zeros,0.0000000000
8487371,6356422956500,btc_qm_engine,btc_sha256_elapsed_ns,1026.0000000000
8487372,6356422956586,btc_qm_engine,btc_sha256_elapsed_ns,1033.0000000000
8487373,6356422956931,btc_qm_engine,btc_sha256_elapsed_ns,1118.0000000000
8487374,6356422957121,btc_qm_engine,btc_sha256_nonce,1124409769.0000000000
8487375,6356422957306,btc_qm_engine,btc_leading_zeros,0.0000000000
8487376,6356422957373,btc_qm_engine,btc_sha256_elapsed_ns,842.0000000000
8487377,6356422957933,btc_qm_engine,btc_sha256_nonce,2858457985.0000000000
8487378,6356422958008,btc_qm_engine,btc_leading_zeros,0.0000000000
8487379,6356422958082,btc_qm_engine,btc_sha256_elapsed_ns,1089.0000000000
8487380,6356422958216,btc_qm_engine,btc_sha256_nonce,3683016167.0000000000
8487381,6356422958434,btc_qm_engine,btc_sha256_nonce,3245431856.0000000000
8487382,6356422958547,btc_qm_engine,btc_leading_zeros,2.0000000000
8487383,6356422958672,btc_qm_engine,btc_sha256_elapsed_ns,800.0000000000
8487384,6356422959242,btc_qm_engine,btc_sha256_nonce,1327757891.0000000000
8487385,6356422959388,btc_qm_engine,btc_sha256_elapsed_ns,1082.0000000000
8487386,6356422959652,btc_qm_engine,btc_leading_zeros,1.0000000000
8487387,6356422959729,btc_qm_engine,btc_sha256_elapsed_ns,950.0000000000
8487388,6356422960095,btc_qm_engine,btc_leading_zeros,1.0000000000
8487389,6356422960418,btc_qm_engine,btc_sha256_nonce,457316238.0000000000
8487390,6356422960928,btc_qm_engine,btc_sha256_nonce,3998918661.0000000000
8487391,6356422961050,btc_qm_engine,btc_sha256_elapsed_ns,1118.0000000000
8487392,6356422961243,btc_qm_engine,btc_sha256_nonce,671824429.0000000000
8487393,6356422961314,btc_qm_engine,btc_leading_zeros,0.0000000000
8487394,6356422961391,btc_qm_engine,btc_sha256_elapsed_ns,1026.0000000000
8487395,6356422961781,btc_qm_engine,btc_leading_zeros,0.0000000000
8487396,6356422962340,btc_qm_engine,btc_leading_zeros,0.0000000000
8487397,6356422962677,btc_qm_engine,btc_sha256_nonce,1520774198.0000000000
8487398,6356422962818,btc_qm_engine,btc_sha256_elapsed_ns,1246.0000000000
8487399,6356422963056,btc_qm_engine,btc_sha256_nonce,4036438541.0000000000
8487400,6356422963146,btc_qm_engine,btc_leading_zeros,1.0000000000
8487401,6356422963306,btc_qm_engine,btc_leading_zeros,2.0000000000
8487402,6356422963390,btc_qm_engine,btc_sha256_elapsed_ns,1129.0000000000
8487403,6356422963491,btc_qm_engine,btc_sha256_elapsed_ns,1082.0000000000
8487404,6356422963866,btc_qm_engine,btc_sha256_nonce,459351383.0000000000
8487405,6356422963974,btc_qm_engine,btc_sha256_nonce,3357873197.0000000000
8487406,6356422964099,btc_qm_engine,btc_leading_zeros,2.0000000000
8487407,6356422964265,btc_qm_engine,btc_sha256_elapsed_ns,880.0000000000
8487408,6356422964663,btc_qm_engine,btc_sha256_nonce,3130954553.0000000000
8487409,6356422964747,btc_qm_engine,btc_leading_zeros,1.0000000000
8487410,6356422964817,btc_qm_engine,btc_sha256_elapsed_ns,1026.0000000000
8487411,6356422964967,btc_qm_engine,btc_sha256_nonce,3447742231.0000000000
8487412,6356422965047,btc_qm_engine,btc_leading_zeros,0.0000000000
8487413,6356422965138,btc_qm_engine,btc_sha256_elapsed_ns,963.0000000000
8487414,6356422965254,btc_qm_engine,btc_leading_zeros,1.0000000000
8487415,6356422965382,btc_qm_engine,btc_sha256_nonce,2925620810.0000000000
8487416,6356422965455,btc_qm_engine,btc_leading_zeros,0.0000000000
8487417,6356422965538,btc_qm_engine,btc_sha256_elapsed_ns,9469.0000000000
8487418,6356422965651,btc_qm_engine,btc_sha256_elapsed_ns,1051.0000000000
8487419,6356422965868,btc_qm_engine,btc_sha256_nonce,1494088687.0000000000
8487420,6356422965958,btc_qm_engine,btc_leading_zeros,4.0000000000
8487421,6356422966049,btc_qm_engine,btc_sha256_elapsed_ns,806.0000000000
8487422,6356422966442,btc_qm_engine,btc_sha256_nonce,2757998813.0000000000
8487423,6356422966520,btc_qm_engine,btc_leading_zeros,1.0000000000
8487424,6356422966719,btc_qm_engine,btc_sha256_elapsed_ns,1072.0000000000
8487425,6356422966860,btc_qm_engine,btc_sha256_nonce,677330282.0000000000
8487426,6356422967042,btc_qm_engine,btc_sha256_nonce,2529777976.0000000000
8487427,6356422967463,btc_qm_engine,btc_sha256_elapsed_ns,1041.0000000000
8487428,6356422967674,btc_qm_engine,btc_leading_zeros,0.0000000000
8487429,6356422967751,btc_qm_engine,btc_sha256_elapsed_ns,1044.0000000000
8487430,6356422968310,btc_qm_engine,btc_sha256_nonce,2236027951.0000000000
8487431,6356422968847,btc_qm_engine,btc_sha256_nonce,3201224155.0000000000
8487432,6356422968997,btc_qm_engine,btc_sha256_nonce,3364128967.0000000000
8487433,6356422969105,btc_qm_engine,btc_leading_zeros,3.0000000000
8487434,6356422969172,btc_qm_engine,btc_leading_zeros,0.0000000000
8487435,6356422969434,btc_qm_engine,btc_sha256_nonce,1527651585.0000000000
8487436,6356422969683,btc_qm_engine,btc_sha256_elapsed_ns,1036.0000000000
8487437,6356422970197,btc_qm_engine,btc_sha256_elapsed_ns,1052.0000000000
8487438,6356422970401,btc_qm_engine,btc_leading_zeros,0.0000000000
8487439,6356422970840,btc_qm_engine,btc_sha256_elapsed_ns,1117.0000000000
8487440,6356422971179,btc_qm_engine,btc_leading_zeros,2.0000000000
8487441,6356422971583,btc_qm_engine,btc_sha256_nonce,368427987.0000000000
8487442,6356422971659,btc_qm_engine,btc_leading_zeros,0.0000000000
8487443,6356422971863,btc_qm_engine,btc_sha256_nonce,4151434726.0000000000
8487444,6356422972062,btc_qm_engine,btc_sha256_elapsed_ns,1101.0000000000
8487445,6356422972277,btc_qm_engine,btc_leading_zeros,0.0000000000
8487446,6356422972546,btc_qm_engine,btc_sha256_elapsed_ns,791.0000000000
8487447,6356422972812,btc_qm_engine,btc_sha256_elapsed_ns,1072.0000000000
8487448,6356422972975,btc_qm_engine,btc_sha256_nonce,1392656338.0000000000
8487449,6356422973129,btc_qm_engine,btc_sha256_nonce,1961266553.0000000000
8487450,6356422973441,btc_qm_engine,btc_leading_zeros,1.0000000000
8487451,6356422973756,btc_qm_engine,btc_sha256_elapsed_ns,958.0000000000
8487452,6356422973879,btc_qm_engine,btc_sha256_nonce,3707822317.0000000000
8487453,6356422974024,btc_qm_engine,btc_leading_zeros,0.0000000000
8487454,6356422974146,btc_qm_engine,btc_sha256_nonce,209522066.0000000000
8487455,6356422974266,btc_qm_engine,btc_leading_zeros,0.0000000000
8487456,6356422974418,btc_qm_engine,btc_leading_zeros,0.0000000000
8487457,6356422974675,btc_qm_engine,btc_sha256_nonce,3822773988.0000000000
8487458,6356422974919,btc_qm_engine,btc_sha256_elapsed_ns,1089.0000000000
8487459,6356422975273,btc_qm_engine,btc_sha256_nonce,1205835499.0000000000
8487460,6356422976046,btc_qm_engine,btc_sha256_nonce,2908773535.0000000000
8487461,6356422976166,btc_qm_engine,btc_leading_zeros,0.0000000000
8487462,6356422976251,btc_qm_engine,btc_sha256_elapsed_ns,1120.0000000000
8487463,6356422976424,btc_qm_engine,btc_leading_zeros,1.0000000000
8487464,6356422976493,btc_qm_engine,btc_sha256_elapsed_ns,907.0000000000
8487465,6356422977626,btc_qm_engine,btc_leading_zeros,0.0000000000
8487466,6356422978056,btc_qm_engine,btc_sha256_nonce,1254882250.0000000000
8487467,6356422978429,btc_qm_engine,btc_sha256_elapsed_ns,1053.0000000000
8487468,6356422978913,btc_qm_engine,btc_leading_zeros,2.0000000000
8487469,6356422979454,btc_qm_engine,btc_sha256_elapsed_ns,814.0000000000
8487470,6356422979892,btc_qm_engine,btc_sha256_nonce,3094701731.0000000000
8487471,6356422979962,btc_qm_engine,btc_leading_zeros,1.0000000000
8487472,6356422980028,btc_qm_engine,btc_sha256_elapsed_ns,761.0000000000
8487473,6356422980436,btc_qm_engine,btc_leading_zeros,3.0000000000
8487474,6356422980494,btc_qm_engine,btc_sha256_elapsed_ns,1095.0000000000
8487475,6356422980847,btc_qm_engine,btc_sha256_nonce,348099773.0000000000
8487476,6356422980972,btc_qm_engine,btc_leading_zeros,0.0000000000
8487477,6356422981039,btc_qm_engine,btc_sha256_elapsed_ns,1011.0000000000
8487478,6356422981610,btc_qm_engine,btc_sha256_nonce,2696690927.0000000000
8487479,6356422981782,btc_qm_engine,btc_sha256_nonce,1205041168.0000000000
8487480,6356422982028,btc_qm_engine,btc_sha256_elapsed_ns,1086.0000000000
8487481,6356422982155,btc_qm_engine,btc_sha256_nonce,3245540021.0000000000
8487482,6356422982377,btc_qm_engine,btc_leading_zeros,2.0000000000
8487483,6356422982753,btc_qm_engine,btc_sha256_elapsed_ns,1108.0000000000
8487484,6356422983047,btc_qm_engine,btc_sha256_nonce,1044809425.0000000000
8487485,6356422983428,btc_qm_engine,btc_leading_zeros,4.0000000000
8487486,6356422983955,btc_qm_engine,btc_leading_zeros,2.0000000000
8487487,6356422984615,btc_qm_engine,btc_sha256_elapsed_ns,966.0000000000
8487488,6356422984830,btc_qm_engine,btc_sha256_nonce,968815475.0000000000
8487489,6356422984903,btc_qm_engine,btc_leading_zeros,1.0000000000
8487490,6356422984955,btc_qm_engine,btc_sha256_elapsed_ns,1082.0000000000
8487491,6356422985326,btc_qm_engine,btc_sha256_elapsed_ns,1076.0000000000
8487492,6356422985958,btc_qm_engine,btc_sha256_nonce,1685382292.0000000000
8487493,6356422986022,btc_qm_engine,btc_leading_zeros,0.0000000000
8487494,6356422986076,btc_qm_engine,btc_sha256_elapsed_ns,1071.0000000000
8487495,6356422986224,btc_qm_engine,btc_sha256_nonce,561278321.0000000000
8487496,6356422986302,btc_qm_engine,btc_leading_zeros,0.0000000000
8487497,6356422986371,btc_qm_engine,btc_sha256_elapsed_ns,1034.0000000000
8487498,6356422986570,btc_qm_engine,btc_sha256_elapsed_ns,841.0000000000
8487499,6356422987155,btc_qm_engine,btc_sha256_nonce,319884776.0000000000
8487500,6356422987654,btc_qm_engine,btc_sha256_nonce,593292990.0000000000
8487501,6356422987834,btc_qm_engine,btc_leading_zeros,0.0000000000
8487502,6356422988058,btc_qm_engine,btc_leading_zeros,0.0000000000
8487503,6356422988256,btc_qm_engine,btc_sha256_nonce,1188598438.0000000000
8487504,6356422988443,btc_qm_engine,btc_sha256_elapsed_ns,990.0000000000
8487505,6356422988642,btc_qm_engine,btc_sha256_nonce,955402456.0000000000
8487506,6356422988955,btc_qm_engine,btc_sha256_nonce,2730553240.0000000000
8487507,6356422989226,btc_qm_engine,btc_sha256_elapsed_ns,942.0000000000
8487508,6356422989413,btc_qm_engine,btc_leading_zeros,0.0000000000
8487509,6356422989521,btc_qm_engine,btc_sha256_elapsed_ns,864.0000000000
8487510,6356422990003,btc_qm_engine,btc_leading_zeros,0.0000000000
8487511,6356422990370,btc_qm_engine,btc_sha256_elapsed_ns,1096.0000000000
8487512,6356422990555,btc_qm_engine,btc_sha256_nonce,4060747672.0000000000
8487513,6356422991065,btc_qm_engine,btc_sha256_nonce,4254203986.0000000000
8487514,6356422991260,btc_qm_engine,btc_sha256_nonce,3851091607.0000000000
8487515,6356422991413,btc_qm_engine,btc_leading_zeros,2.0000000000
8487516,6356422992138,btc_qm_engine,btc_sha256_nonce,377362749.0000000000
8487517,6356422992246,btc_qm_engine,btc_leading_zeros,2.0000000000
8487518,6356422992383,btc_qm_engine,btc_sha256_elapsed_ns,988.0000000000
8487519,6356422992565,btc_qm_engine,btc_leading_zeros,0.0000000000
8487520,6356422992758,btc_qm_engine,btc_sha256_elapsed_ns,864.0000000000
8487521,6356422993322,btc_qm_engine,btc_sha256_elapsed_ns,820.0000000000
8487522,6356422993642,btc_qm_engine,btc_leading_zeros,0.0000000000
8487523,6356422993840,btc_qm_engine,btc_leading_zeros,0.0000000000
8487524,6356422994146,btc_qm_engine,btc_sha256_elapsed_ns,918.0000000000
8487525,6356422994305,btc_qm_engine,btc_sha256_nonce,2877818519.0000000000
8487526,6356422994414,btc_qm_engine,btc_sha256_nonce,1208478807.0000000000
8487527,6356422994704,btc_qm_engine,btc_sha256_nonce,311003827.0000000000
8487528,6356422994866,btc_qm_engine,btc_sha256_nonce,4153451419.0000000000
8487529,6356422995017,btc_qm_engine,btc_sha256_elapsed_ns,989.0000000000
8487530,6356422995440,btc_qm_engine,btc_leading_zeros,0.0000000000
8487531,6356422995724,btc_qm_engine,btc_sha256_nonce,1729531034.0000000000
8487532,6356422995793,btc_qm_engine,btc_leading_zeros,1.0000000000
8487533,6356422995846,btc_qm_engine,btc_sha256_elapsed_ns,975.0000000000
8487534,6356422996151,btc_qm_engine,btc_leading_zeros,1.0000000000
8487535,6356422996279,btc_qm_engine,btc_sha256_elapsed_ns,935.0000000000
8487536,6356422996512,btc_qm_engine,btc_sha256_elapsed_ns,878.0000000000
8487537,6356422996836,btc_qm_engine,btc_sha256_nonce,4106140237.0000000000
8487538,6356422996909,btc_qm_engine,btc_leading_zeros,3.0000000000
8487539,6356422996972,btc_qm_engine,btc_sha256_elapsed_ns,733.0000000000
8487540,6356422997142,btc_qm_engine,btc_sha256_nonce,3630478711.0000000000
8487541,6356422997217,btc_qm_engine,btc_leading_zeros,0.0000000000
8487542,6356422997284,btc_qm_engine,btc_sha256_elapsed_ns,1107.0000000000
8487543,6356422997451,btc_qm_engine,btc_sha256_nonce,2102302115.0000000000
8487544,6356422997530,btc_qm_engine,btc_leading_zeros,1.0000000000
8487545,6356422997629,btc_qm_engine,btc_sha256_elapsed_ns,897.0000000000
8487546,6356422997755,btc_qm_engine,btc_sha256_nonce,2470929484.0000000000
8487547,6356422997828,btc_qm_engine,btc_leading_zeros,0.0000000000
8487548,6356422997878,btc_qm_engine,btc_sha256_elapsed_ns,985.0000000000
8487549,6356422998145,btc_qm_engine,btc_sha256_nonce,1799901137.0000000000
8487550,6356422998499,btc_qm_engine,btc_sha256_nonce,1983237406.0000000000
8487551,6356422998961,btc_qm_engine,btc_sha256_nonce,3751835720.0000000000
8487552,6356422999212,btc_qm_engine,btc_sha256_nonce,4112902775.0000000000
8487553,6356422999387,btc_qm_engine,btc_leading_zeros,0.0000000000
8487554,6356422999685,btc_qm_engine,btc_leading_zeros,0.0000000000
8487555,6356422999855,btc_qm_engine,btc_leading_zeros,0.0000000000
8487556,6356423010529,btc_qm_engine,btc_leading_zeros,1.0000000000
8487557,6356423010645,btc_qm_engine,btc_sha256_elapsed_ns,1030.0000000000
8487558,6356423011638,btc_qm_engine,btc_sha256_nonce,94288660.0000000000
8487559,6356423011692,btc_qm_engine,btc_leading_zeros,0.0000000000
8487560,6356423011745,btc_qm_engine,btc_sha256_elapsed_ns,786.0000000000
8487561,6356423012649,btc_qm_engine,btc_sha256_nonce,1766219876.0000000000
8487562,6356423012703,btc_qm_engine,btc_leading_zeros,1.0000000000
8487563,6356423012754,btc_qm_engine,btc_sha256_elapsed_ns,738.0000000000
8487564,6356423013639,btc_qm_engine,btc_leading_zeros,0.0000000000
8487565,6356423014260,btc_qm_engine,btc_sha256_nonce,3707309135.0000000000
8487566,6356423014593,btc_qm_engine,btc_sha256_elapsed_ns,74466.0000000000
8487567,6356423015141,btc_qm_engine,btc_leading_zeros,1.0000000000
8487568,6356423015220,btc_qm_engine,btc_sha256_elapsed_ns,726.0000000000
8487569,6356423015954,btc_qm_engine,btc_sha256_nonce,2877776888.0000000000
8487570,6356423016030,btc_qm_engine,btc_leading_zeros,0.0000000000
8487571,6356423016085,btc_qm_engine,btc_sha256_elapsed_ns,1084.0000000000
8487572,6356423016494,btc_qm_engine,btc_leading_zeros,0.0000000000
8487573,6356423016969,btc_qm_engine,btc_sha256_nonce,1025441149.0000000000
8487574,6356423017265,btc_qm_engine,btc_sha256_nonce,2878341113.0000000000
8487575,6356423017536,btc_qm_engine,btc_sha256_elapsed_ns,1004.0000000000
8487576,6356423017861,btc_qm_engine,btc_sha256_elapsed_ns,923.0000000000
8487577,6356423018495,btc_qm_engine,btc_sha256_elapsed_ns,868.0000000000
8487578,6356423018820,btc_qm_engine,btc_sha256_nonce,3364167317.0000000000
8487579,6356423019166,btc_qm_engine,btc_leading_zeros,0.0000000000
8487580,6356423019227,btc_qm_engine,btc_leading_zeros,3.0000000000
8487581,6356423019566,btc_qm_engine,btc_sha256_elapsed_ns,942.0000000000
8487582,6356423019936,btc_qm_engine,btc_sha256_elapsed_ns,1014.0000000000
8487583,6356423020256,btc_qm_engine,btc_sha256_nonce,3868947693.0000000000
8487584,6356423020624,btc_qm_engine,btc_leading_zeros,0.0000000000
8487585,6356423020706,btc_qm_engine,btc_sha256_elapsed_ns,944.0000000000
8487586,6356423020828,btc_qm_engine,btc_leading_zeros,0.0000000000
8487587,6356423021192,btc_qm_engine,btc_sha256_nonce,3311864414.0000000000
8487588,6356423021402,btc_qm_engine,btc_leading_zeros,1.0000000000
8487589,6356423021607,btc_qm_engine,btc_sha256_nonce,453853731.0000000000
8487590,6356423021702,btc_qm_engine,btc_sha256_nonce,1205659540.0000000000
8487591,6356423021767,btc_qm_engine,btc_leading_zeros,0.0000000000
8487592,6356423021903,btc_qm_engine,btc_sha256_elapsed_ns,1091.0000000000
8487593,6356423022281,btc_qm_engine,btc_sha256_nonce,2280103762.0000000000
8487594,6356423022443,btc_qm_engine,btc_leading_zeros,0.0000000000
8487595,6356423022514,btc_qm_engine,btc_sha256_elapsed_ns,1091.0000000000
8487596,6356423022858,btc_qm_engine,btc_sha256_nonce,3246037025.0000000000
8487597,6356423022992,btc_qm_engine,btc_leading_zeros,0.0000000000
8487598,6356423023065,btc_qm_engine,btc_sha256_elapsed_ns,1041.0000000000
8487599,6356423023225,btc_qm_engine,btc_leading_zeros,2.0000000000
8487600,6356423023294,btc_qm_engine,btc_sha256_elapsed_ns,890.0000000000
8487601,6356423024008,btc_qm_engine,btc_sha256_nonce,175930640.0000000000
8487602,6356423024180,btc_qm_engine,btc_sha256_nonce,581764197.0000000000
8487603,6356423024258,btc_qm_engine,btc_leading_zeros,0.0000000000
8487604,6356423024377,btc_qm_engine,btc_sha256_elapsed_ns,868.0000000000
8487605,6356423024579,btc_qm_engine,btc_sha256_nonce,1205448006.0000000000
8487606,6356423024716,btc_qm_engine,btc_leading_zeros,0.0000000000
8487607,6356423024787,btc_qm_engine,btc_sha256_elapsed_ns,1165.0000000000
8487608,6356423024921,btc_qm_engine,btc_sha256_nonce,3246252750.0000000000
8487609,6356423025447,btc_qm_engine,btc_leading_zeros,4.0000000000
8487610,6356423025504,btc_qm_engine,btc_sha256_elapsed_ns,875.0000000000
8487611,6356423025719,btc_qm_engine,btc_sha256_nonce,2973201315.0000000000
8487612,6356423025871,btc_qm_engine,btc_leading_zeros,1.0000000000
8487613,6356423026299,btc_qm_engine,btc_sha256_elapsed_ns,960.0000000000
8487614,6356423026564,btc_qm_engine,btc_sha256_elapsed_ns,1037.0000000000
8487615,6356423026722,btc_qm_engine,btc_sha256_nonce,3672925235.0000000000
8487616,6356423027139,btc_qm_engine,btc_sha256_nonce,1408825577.0000000000
8487617,6356423027266,btc_qm_engine,btc_leading_zeros,3.0000000000
8487618,6356423027343,btc_qm_engine,btc_sha256_elapsed_ns,897.0000000000
8487619,6356423027481,btc_qm_engine,btc_leading_zeros,3.0000000000
8487620,6356423027560,btc_qm_engine,btc_sha256_elapsed_ns,799.0000000000
8487621,6356423027739,btc_qm_engine,btc_sha256_elapsed_ns,1033.0000000000
8487622,6356423027863,btc_qm_engine,btc_sha256_nonce,1064804271.0000000000
8487623,6356423027942,btc_qm_engine,btc_leading_zeros,0.0000000000
8487624,6356423028014,btc_qm_engine,btc_sha256_elapsed_ns,1061.0000000000
8487625,6356423028148,btc_qm_engine,btc_sha256_nonce,896851739.0000000000
8487626,6356423028223,btc_qm_engine,btc_leading_zeros,1.0000000000
8487627,6356423028277,btc_qm_engine,btc_sha256_elapsed_ns,1115.0000000000
8487628,6356423028454,btc_qm_engine,btc_sha256_nonce,3245876429.0000000000
8487629,6356423028534,btc_qm_engine,btc_leading_zeros,0.0000000000
8487630,6356423028589,btc_qm_engine,btc_sha256_elapsed_ns,864.0000000000
8487631,6356423028875,btc_qm_engine,btc_sha256_nonce,3710016894.0000000000
8487632,6356423028954,btc_qm_engine,btc_leading_zeros,0.0000000000
8487633,6356423029019,btc_qm_engine,btc_sha256_elapsed_ns,1040.0000000000
8487634,6356423029126,btc_qm_engine,btc_sha256_nonce,1018201532.0000000000
8487635,6356423029199,btc_qm_engine,btc_leading_zeros,0.0000000000
8487636,6356423029268,btc_qm_engine,btc_sha256_elapsed_ns,1109.0000000000
8487637,6356423029339,btc_qm_engine,btc_sha256_nonce,3363644275.0000000000
8487638,6356423029408,btc_qm_engine,btc_leading_zeros,0.0000000000
8487639,6356423029483,btc_qm_engine,btc_sha256_elapsed_ns,1092.0000000000
8487640,6356423029598,btc_qm_engine,btc_sha256_nonce,2702452741.0000000000
8487641,6356423029670,btc_qm_engine,btc_leading_zeros,3.0000000000
8487642,6356423029823,btc_qm_engine,btc_sha256_nonce,3796698037.0000000000
8487643,6356423030258,btc_qm_engine,btc_sha256_nonce,1187235400.0000000000
8487644,6356423030397,btc_qm_engine,btc_sha256_elapsed_ns,1048.0000000000
8487645,6356423030636,btc_qm_engine,btc_leading_zeros,2.0000000000
8487646,6356423031322,btc_qm_engine,btc_leading_zeros,2.0000000000
8487647,6356423031524,btc_qm_engine,btc_sha256_elapsed_ns,1171.0000000000
8487648,6356423031681,btc_qm_engine,btc_sha256_elapsed_ns,937.0000000000
8487649,6356423031804,btc_qm_engine,btc_sha256_nonce,1510229606.0000000000
8487650,6356423032033,btc_qm_engine,btc_sha256_elapsed_ns,1095.0000000000
8487651,6356423032138,btc_qm_engine,btc_leading_zeros,0.0000000000
8487652,6356423032220,btc_qm_engine,btc_sha256_elapsed_ns,1017.0000000000
8487653,6356423032842,btc_qm_engine,btc_sha256_nonce,1359749083.0000000000
8487654,6356423033032,btc_qm_engine,btc_sha256_nonce,1343440082.0000000000
8487655,6356423033245,btc_qm_engine,btc_leading_zeros,1.0000000000
8487656,6356423033571,btc_qm_engine,btc_sha256_nonce,3364202838.0000000000
8487657,6356423033650,btc_qm_engine,btc_leading_zeros,1.0000000000
8487658,6356423034116,btc_qm_engine,btc_sha256_elapsed_ns,1072.0000000000
8487659,6356423034203,btc_qm_engine,btc_sha256_nonce,2244264045.0000000000
8487660,6356423034533,btc_qm_engine,btc_leading_zeros,0.0000000000
8487661,6356423034603,btc_qm_engine,btc_sha256_elapsed_ns,1095.0000000000
8487662,6356423034960,btc_qm_engine,btc_sha256_elapsed_ns,1096.0000000000
8487663,6356423035313,btc_qm_engine,btc_sha256_nonce,2155305873.0000000000
8487664,6356423035400,btc_qm_engine,btc_leading_zeros,0.0000000000
8487665,6356423035456,btc_qm_engine,btc_sha256_elapsed_ns,753.0000000000
8487666,6356423036158,btc_qm_engine,btc_leading_zeros,0.0000000000
8487667,6356423036273,btc_qm_engine,btc_sha256_nonce,2877840278.0000000000
8487668,6356423036512,btc_qm_engine,btc_sha256_nonce,2617114509.0000000000
8487669,6356423036593,btc_qm_engine,btc_leading_zeros,3.0000000000
8487670,6356423036794,btc_qm_engine,btc_sha256_elapsed_ns,1074.0000000000
8487671,6356423036878,btc_qm_engine,btc_leading_zeros,3.0000000000
8487672,6356423036963,btc_qm_engine,btc_sha256_elapsed_ns,1107.0000000000
8487673,6356423037180,btc_qm_engine,btc_sha256_nonce,200976663.0000000000
8487674,6356423037634,btc_qm_engine,btc_sha256_elapsed_ns,1100.0000000000
8487675,6356423037755,btc_qm_engine,btc_leading_zeros,0.0000000000
8487676,6356423037834,btc_qm_engine,btc_sha256_elapsed_ns,909.0000000000
8487677,6356423038080,btc_qm_engine,btc_leading_zeros,1.0000000000
8487678,6356423038344,btc_qm_engine,btc_sha256_nonce,1073305502.0000000000
8487679,6356423038423,btc_qm_engine,btc_leading_zeros,0.0000000000
8487680,6356423038568,btc_qm_engine,btc_sha256_elapsed_ns,1006.0000000000
8487681,6356423038989,btc_qm_engine,btc_leading_zeros,2.0000000000
8487682,6356423039145,btc_qm_engine,btc_sha256_elapsed_ns,1119.0000000000
8487683,6356423039373,btc_qm_engine,btc_sha256_nonce,2370722870.0000000000
8487684,6356423039511,btc_qm_engine,btc_sha256_elapsed_ns,914.0000000000
8487685,6356423039715,btc_qm_engine,btc_leading_zeros,0.0000000000
8487686,6356423040166,btc_qm_engine,btc_sha256_elapsed_ns,997.0000000000
8487687,6356423040636,btc_qm_engine,btc_sha256_nonce,1685294750.0000000000
8487688,6356423040883,btc_qm_engine,btc_sha256_nonce,2100333556.0000000000
8487689,6356423041110,btc_qm_engine,btc_leading_zeros,0.0000000000
8487690,6356423041406,btc_qm_engine,btc_sha256_nonce,4292820116.0000000000
8487691,6356423041493,btc_qm_engine,btc_leading_zeros,0.0000000000
8487692,6356423041561,btc_qm_engine,btc_sha256_elapsed_ns,803.0000000000
8487693,6356423041715,btc_qm_engine,btc_leading_zeros,3.0000000000
8487694,6356423041805,btc_qm_engine,btc_sha256_nonce,4286606598.0000000000
8487695,6356423041949,btc_qm_engine,btc_sha256_elapsed_ns,1043.0000000000
8487696,6356423042088,btc_qm_engine,btc_sha256_elapsed_ns,1068.0000000000
8487697,6356423042265,btc_qm_engine,btc_leading_zeros,0.0000000000
8487698,6356423042615,btc_qm_engine,btc_sha256_elapsed_ns,925.0000000000
8487699,6356423042810,btc_qm_engine,btc_sha256_nonce,2818531171.0000000000
8487700,6356423042901,btc_qm_engine,btc_sha256_nonce,3403166434.0000000000
8487701,6356423043300,btc_qm_engine,btc_sha256_nonce,1751681794.0000000000
8487702,6356423043501,btc_qm_engine,btc_sha256_nonce,538684940.0000000000
8487703,6356423043610,btc_qm_engine,btc_leading_zeros,0.0000000000
8487704,6356423043678,btc_qm_engine,btc_sha256_elapsed_ns,1088.0000000000
8487705,6356423043785,btc_qm_engine,btc_sha256_nonce,206471812.0000000000
8487706,6356423043960,btc_qm_engine,btc_leading_zeros,0.0000000000
8487707,6356423044040,btc_qm_engine,btc_sha256_elapsed_ns,1045.0000000000
8487708,6356423044253,btc_qm_engine,btc_leading_zeros,1.0000000000
8487709,6356423044912,btc_qm_engine,btc_leading_zeros,3.0000000000
8487710,6356423045209,btc_qm_engine,btc_sha256_nonce,3363754867.0000000000
8487711,6356423045425,btc_qm_engine,btc_sha256_nonce,3720436257.0000000000
8487712,6356423045509,btc_qm_engine,btc_sha256_nonce,3128339812.0000000000
8487713,6356423045924,btc_qm_engine,btc_leading_zeros,0.0000000000
8487714,6356423045997,btc_qm_engine,btc_sha256_elapsed_ns,943.0000000000
8487715,6356423046461,btc_qm_engine,btc_sha256_elapsed_ns,1100.0000000000
8487716,6356423046753,btc_qm_engine,btc_leading_zeros,2.0000000000
8487717,6356423047015,btc_qm_engine,btc_sha256_elapsed_ns,886.0000000000
8487718,6356423047327,btc_qm_engine,btc_sha256_nonce,489350540.0000000000
8487719,6356423047404,btc_qm_engine,btc_leading_zeros,1.0000000000
8487720,6356423047456,btc_qm_engine,btc_sha256_elapsed_ns,737.0000000000
8487721,6356423048125,btc_qm_engine,btc_sha256_nonce,1696570479.0000000000
8487722,6356423048339,btc_qm_engine,btc_sha256_nonce,1117610356.0000000000
8487723,6356423048422,btc_qm_engine,btc_leading_zeros,1.0000000000
8487724,6356423048490,btc_qm_engine,btc_sha256_elapsed_ns,1074.0000000000
8487725,6356423048645,btc_qm_engine,btc_leading_zeros,0.0000000000
8487726,6356423049067,btc_qm_engine,btc_leading_zeros,2.0000000000
8487727,6356423049604,btc_qm_engine,btc_sha256_elapsed_ns,1093.0000000000
8487728,6356423049741,btc_qm_engine,btc_leading_zeros,3.0000000000
8487729,6356423050136,btc_qm_engine,btc_sha256_elapsed_ns,1105.0000000000
8487730,6356423050304,btc_qm_engine,btc_sha256_nonce,705424955.0000000000
8487731,6356423050643,btc_qm_engine,btc_sha256_nonce,1205151729.0000000000
8487732,6356423050850,btc_qm_engine,btc_sha256_elapsed_ns,896.0000000000
8487733,6356423051006,btc_qm_engine,btc_leading_zeros,1.0000000000
8487734,6356423051144,btc_qm_engine,btc_leading_zeros,4.0000000000
8487735,6356423051440,btc_qm_engine,btc_sha256_elapsed_ns,753.0000000000
8487736,6356423051611,btc_qm_engine,btc_sha256_nonce,2395877484.0000000000
8487737,6356423051990,btc_qm_engine,btc_sha256_elapsed_ns,1040.0000000000
8487738,6356423052449,btc_qm_engine,btc_sha256_nonce,3245292095.0000000000
8487739,6356423052651,btc_qm_engine,btc_sha256_nonce,3201416025.0000000000
8487740,6356423053058,btc_qm_engine,btc_sha256_nonce,2979297582.0000000000
8487741,6356423053129,btc_qm_engine,btc_leading_zeros,1.0000000000
8487742,6356423053202,btc_qm_engine,btc_sha256_elapsed_ns,1049.0000000000
8487743,6356423053497,btc_qm_engine,btc_sha256_nonce,2307417289.0000000000
8487744,6356423053575,btc_qm_engine,btc_leading_zeros,1.0000000000
8487745,6356423053658,btc_qm_engine,btc_sha256_elapsed_ns,989.0000000000
8487746,6356423053810,btc_qm_engine,btc_leading_zeros,1.0000000000
8487747,6356423054145,btc_qm_engine,btc_sha256_elapsed_ns,23054.0000000000
8487748,6356423054536,btc_qm_engine,btc_sha256_elapsed_ns,1067.0000000000
8487749,6356423054970,btc_qm_engine,btc_sha256_nonce,1684777450.0000000000
8487750,6356423055160,btc_qm_engine,btc_sha256_nonce,2103256296.0000000000
8487751,6356423055366,btc_qm_engine,btc_leading_zeros,1.0000000000
8487752,6356423055460,btc_qm_engine,btc_sha256_elapsed_ns,925.0000000000
8487753,6356423055685,btc_qm_engine,btc_leading_zeros,1.0000000000
8487754,6356423055873,btc_qm_engine,btc_sha256_nonce,3607150566.0000000000
8487755,6356423056100,btc_qm_engine,btc_sha256_nonce,2396474913.0000000000
8487756,6356423056608,btc_qm_engine,btc_sha256_nonce,387544697.0000000000
8487757,6356423056812,btc_qm_engine,btc_leading_zeros,1.0000000000
8487758,6356423056891,btc_qm_engine,btc_sha256_elapsed_ns,934.0000000000
8487759,6356423057222,btc_qm_engine,btc_sha256_elapsed_ns,1074.0000000000
8487760,6356423057432,btc_qm_engine,btc_leading_zeros,0.0000000000
8487761,6356423057806,btc_qm_engine,btc_sha256_elapsed_ns,888.0000000000
8487762,6356423057996,btc_qm_engine,btc_leading_zeros,2.0000000000
8487763,6356423058282,btc_qm_engine,btc_sha256_nonce,556701996.0000000000
8487764,6356423058356,btc_qm_engine,btc_leading_zeros,0.0000000000
8487765,6356423058542,btc_qm_engine,btc_sha256_elapsed_ns,965.0000000000
8487766,6356423058882,btc_qm_engine,btc_sha256_nonce,2962581349.0000000000
8487767,6356423059109,btc_qm_engine,btc_sha256_nonce,3846172768.0000000000
8487768,6356423059245,btc_qm_engine,btc_leading_zeros,0.0000000000
8487769,6356423059298,btc_qm_engine,btc_sha256_elapsed_ns,967.0000000000
8487770,6356423059518,btc_qm_engine,btc_leading_zeros,0.0000000000
8487771,6356423060191,btc_qm_engine,btc_sha256_elapsed_ns,1121.0000000000
8487772,6356423060385,btc_qm_engine,btc_leading_zeros,1.0000000000
8487773,6356423060902,btc_qm_engine,btc_sha256_nonce,34733655.0000000000
8487774,6356423061092,btc_qm_engine,btc_sha256_elapsed_ns,1044.0000000000
8487775,6356423061273,btc_qm_engine,btc_leading_zeros,1.0000000000
8487776,6356423061630,btc_qm_engine,btc_sha256_elapsed_ns,1113.0000000000
8487777,6356423062069,btc_qm_engine,btc_leading_zeros,0.0000000000
8487778,6356423062427,btc_qm_engine,btc_sha256_nonce,477380674.0000000000
8487779,6356423062502,btc_qm_engine,btc_leading_zeros,1.0000000000
8487780,6356423062575,btc_qm_engine,btc_sha256_elapsed_ns,1070.0000000000
8487781,6356423063103,btc_qm_engine,btc_sha256_nonce,1994211323.0000000000
8487782,6356423063179,btc_qm_engine,btc_leading_zeros,3.0000000000
8487783,6356423063231,btc_qm_engine,btc_sha256_elapsed_ns,871.0000000000
8487784,6356423063757,btc_qm_engine,btc_sha256_nonce,262885389.0000000000
8487785,6356423063827,btc_qm_engine,btc_leading_zeros,2.0000000000
8487786,6356423063892,btc_qm_engine,btc_sha256_elapsed_ns,1090.0000000000
8487787,6356423064086,btc_qm_engine,btc_sha256_nonce,3441232178.0000000000
8487788,6356423064237,btc_qm_engine,btc_sha256_nonce,1394498162.0000000000
8487789,6356423064309,btc_qm_engine,btc_leading_zeros,0.0000000000
8487790,6356423064376,btc_qm_engine,btc_sha256_elapsed_ns,801.0000000000
8487791,6356423064522,btc_qm_engine,btc_leading_zeros,2.0000000000
8487792,6356423064721,btc_qm_engine,btc_sha256_elapsed_ns,986.0000000000
8487793,6356423064926,btc_qm_engine,btc_sha256_elapsed_ns,1122.0000000000
8487794,6356423065679,btc_qm_engine,btc_sha256_nonce,512307890.0000000000
8487795,6356423065754,btc_qm_engine,btc_leading_zeros,0.0000000000
8487796,6356423065822,btc_qm_engine,btc_sha256_elapsed_ns,1024.0000000000
8487797,6356423066137,btc_qm_engine,btc_sha256_nonce,2474480095.0000000000
8487798,6356423066209,btc_qm_engine,btc_leading_zeros,0.0000000000
8487799,6356423066262,btc_qm_engine,btc_sha256_elapsed_ns,976.0000000000
8487800,6356423066461,btc_qm_engine,btc_sha256_nonce,3952245935.0000000000
8487801,6356423066826,btc_qm_engine,btc_sha256_elapsed_ns,1133.0000000000
8487802,6356423066930,btc_qm_engine,btc_sha256_nonce,1478676392.0000000000
8487803,6356423067145,btc_qm_engine,btc_sha256_nonce,567228431.0000000000
8487804,6356423067284,btc_qm_engine,btc_leading_zeros,0.0000000000
8487805,6356423067385,btc_qm_engine,btc_sha256_elapsed_ns,1083.0000000000
8487806,6356423067652,btc_qm_engine,btc_sha256_nonce,2584928354.0000000000
8487807,6356423067976,btc_qm_engine,btc_sha256_nonce,1684795992.0000000000
8487808,6356423068118,btc_qm_engine,btc_leading_zeros,3.0000000000
8487809,6356423068272,btc_qm_engine,btc_leading_zeros,1.0000000000
8487810,6356423068348,btc_qm_engine,btc_sha256_elapsed_ns,1135.0000000000
8487811,6356423068574,btc_qm_engine,btc_sha256_elapsed_ns,939.0000000000
8487812,6356423068715,btc_qm_engine,btc_sha256_nonce,1450834231.0000000000
8487813,6356423068795,btc_qm_engine,btc_leading_zeros,0.0000000000
8487814,6356423068847,btc_qm_engine,btc_sha256_elapsed_ns,985.0000000000
8487815,6356423069156,btc_qm_engine,btc_leading_zeros,0.0000000000
8487816,6356423069505,btc_qm_engine,btc_leading_zeros,0.0000000000
8487817,6356423069977,btc_qm_engine,btc_sha256_elapsed_ns,864.0000000000
8487818,6356423070193,btc_qm_engine,btc_sha256_elapsed_ns,1009.0000000000
8487819,6356423070529,btc_qm_engine,btc_sha256_nonce,1692547224.0000000000
8487820,6356423070611,btc_qm_engine,btc_leading_zeros,0.0000000000
8487821,6356423070681,btc_qm_engine,btc_sha256_elapsed_ns,1024.0000000000
8487822,6356423071181,btc_qm_engine,btc_sha256_nonce,963416142.0000000000
8487823,6356423071398,btc_qm_engine,btc_leading_zeros,0.0000000000
8487824,6356423071568,btc_qm_engine,btc_sha256_nonce,1639690484.0000000000
8487825,6356423071997,btc_qm_engine,btc_sha256_nonce,2503969052.0000000000
8487826,6356423072075,btc_qm_engine,btc_leading_zeros,0.0000000000
8487827,6356423072228,btc_qm_engine,btc_sha256_elapsed_ns,1070.0000000000
8487828,6356423072598,btc_qm_engine,btc_sha256_nonce,2038303206.0000000000
8487829,6356423072660,btc_qm_engine,btc_leading_zeros,0.0000000000
8487830,6356423073134,btc_qm_engine,btc_sha256_elapsed_ns,946.0000000000
8487831,6356423073254,btc_qm_engine,btc_sha256_elapsed_ns,8381.0000000000
8487832,6356423073413,btc_qm_engine,btc_leading_zeros,1.0000000000
8487833,6356423073522,btc_qm_engine,btc_sha256_elapsed_ns,1041.0000000000
8487834,6356423073934,btc_qm_engine,btc_sha256_nonce,3363835035.0000000000
8487835,6356423074011,btc_qm_engine,btc_leading_zeros,0.0000000000
8487836,6356423074080,btc_qm_engine,btc_sha256_elapsed_ns,1005.0000000000
8487837,6356423074556,btc_qm_engine,btc_sha256_nonce,3201601534.0000000000
8487838,6356423080108,btc_qm_engine,btc_leading_zeros,1.0000000000
8487839,6356423080159,btc_qm_engine,btc_sha256_elapsed_ns,1075.0000000000
8487840,6356423081099,btc_qm_engine,btc_sha256_nonce,491295050.0000000000
8487841,6356423081149,btc_qm_engine,btc_leading_zeros,4.0000000000
8487842,6356423081203,btc_qm_engine,btc_sha256_elapsed_ns,740.0000000000
8487843,6356423082095,btc_qm_engine,btc_sha256_nonce,2865624781.0000000000
8487844,6356423082151,btc_qm_engine,btc_leading_zeros,4.0000000000
8487845,6356423082203,btc_qm_engine,btc_sha256_elapsed_ns,744.0000000000
8487846,6356423083082,btc_qm_engine,btc_sha256_nonce,2321161884.0000000000
8487847,6356423083134,btc_qm_engine,btc_leading_zeros,1.0000000000
8487848,6356423083189,btc_qm_engine,btc_sha256_elapsed_ns,732.0000000000
8487849,6356423083432,btc_qm_engine,btc_sha256_nonce,3330621019.0000000000
8487850,6356423084131,btc_qm_engine,btc_sha256_nonce,2778035450.0000000000
8487851,6356423084205,btc_qm_engine,btc_leading_zeros,1.0000000000
8487852,6356423084257,btc_qm_engine,btc_sha256_elapsed_ns,739.0000000000
8487853,6356423084535,btc_qm_engine,btc_leading_zeros,2.0000000000
8487854,6356423084609,btc_qm_engine,btc_sha256_elapsed_ns,1097.0000000000
8487855,6356423085185,btc_qm_engine,btc_sha256_nonce,2273316882.0000000000
8487856,6356423085256,btc_qm_engine,btc_leading_zeros,0.0000000000
8487857,6356423085328,btc_qm_engine,btc_sha256_elapsed_ns,738.0000000000
8487858,6356423086034,btc_qm_engine,btc_sha256_nonce,1684662388.0000000000
8487859,6356423086117,btc_qm_engine,btc_leading_zeros,4.0000000000
8487860,6356423086187,btc_qm_engine,btc_sha256_elapsed_ns,1105.0000000000
8487861,6356423086391,btc_qm_engine,btc_sha256_nonce,3201770769.0000000000
8487862,6356423086956,btc_qm_engine,btc_leading_zeros,1.0000000000
8487863,6356423087024,btc_qm_engine,btc_sha256_elapsed_ns,748.0000000000
8487864,6356423087550,btc_qm_engine,btc_sha256_nonce,585711392.0000000000
8487865,6356423087740,btc_qm_engine,btc_sha256_nonce,1051808587.0000000000
8487866,6356423088482,btc_qm_engine,btc_leading_zeros,1.0000000000
8487867,6356423088557,btc_qm_engine,btc_sha256_elapsed_ns,1107.0000000000
8487868,6356423089257,btc_qm_engine,btc_sha256_nonce,3133626265.0000000000
8487869,6356423089337,btc_qm_engine,btc_leading_zeros,0.0000000000
8487870,6356423089405,btc_qm_engine,btc_sha256_elapsed_ns,1092.0000000000
8487871,6356423089706,btc_qm_engine,btc_sha256_nonce,4193728170.0000000000
8487872,6356423089973,btc_qm_engine,btc_sha256_nonce,3922379924.0000000000
8487873,6356423090065,btc_qm_engine,btc_leading_zeros,0.0000000000
8487874,6356423090135,btc_qm_engine,btc_sha256_elapsed_ns,1111.0000000000
8487875,6356423090647,btc_qm_engine,btc_sha256_nonce,3624006344.0000000000
8487876,6356423090732,btc_qm_engine,btc_leading_zeros,4.0000000000
8487877,6356423090805,btc_qm_engine,btc_sha256_elapsed_ns,989.0000000000
8487878,6356423091163,btc_qm_engine,btc_leading_zeros,0.0000000000
8487879,6356423091295,btc_qm_engine,btc_sha256_elapsed_ns,1118.0000000000
8487880,6356423091870,btc_qm_engine,btc_sha256_nonce,368822539.0000000000
8487881,6356423092512,btc_qm_engine,btc_sha256_nonce,3762311861.0000000000
8487882,6356423092612,btc_qm_engine,btc_leading_zeros,0.0000000000
8487883,6356423093014,btc_qm_engine,btc_sha256_elapsed_ns,1085.0000000000
8487884,6356423093495,btc_qm_engine,btc_leading_zeros,1.0000000000
8487885,6356423093975,btc_qm_engine,btc_sha256_nonce,3368595072.0000000000
8487886,6356423094300,btc_qm_engine,btc_sha256_elapsed_ns,950.0000000000
8487887,6356423094693,btc_qm_engine,btc_sha256_nonce,3753789473.0000000000
8487888,6356423095293,btc_qm_engine,btc_sha256_nonce,550622724.0000000000
8487889,6356423095472,btc_qm_engine,btc_leading_zeros,0.0000000000
8487890,6356423095667,btc_qm_engine,btc_leading_zeros,1.0000000000
8487891,6356423095741,btc_qm_engine,btc_sha256_elapsed_ns,42289.0000000000
8487892,6356423095903,btc_qm_engine,btc_sha256_nonce,2448386019.0000000000
8487893,6356423096054,btc_qm_engine,btc_leading_zeros,4.0000000000
8487894,6356423096768,btc_qm_engine,btc_sha256_elapsed_ns,1022.0000000000
8487895,6356423096913,btc_qm_engine,btc_sha256_elapsed_ns,1008.0000000000
8487896,6356423097300,btc_qm_engine,btc_sha256_nonce,3536172097.0000000000
8487897,6356423097619,btc_qm_engine,btc_leading_zeros,0.0000000000
8487898,6356423097695,btc_qm_engine,btc_sha256_elapsed_ns,935.0000000000
8487899,6356423098000,btc_qm_engine,btc_sha256_nonce,2536993073.0000000000
8487900,6356423098342,btc_qm_engine,btc_sha256_nonce,3987143074.0000000000
8487901,6356423098523,btc_qm_engine,btc_leading_zeros,2.0000000000
8487902,6356423098720,btc_qm_engine,btc_leading_zeros,2.0000000000
8487903,6356423098998,btc_qm_engine,btc_sha256_nonce,697785143.0000000000
8487904,6356423099207,btc_qm_engine,btc_leading_zeros,2.0000000000
8487905,6356423099425,btc_qm_engine,btc_sha256_elapsed_ns,771.0000000000
8487906,6356423099586,btc_qm_engine,btc_leading_zeros,3.0000000000
8487907,6356423099664,btc_qm_engine,btc_sha256_elapsed_ns,1065.0000000000
8487908,6356423100053,btc_qm_engine,btc_sha256_elapsed_ns,946.0000000000
8487909,6356423100949,btc_qm_engine,btc_sha256_nonce,1832486065.0000000000
8487910,6356423101028,btc_qm_engine,btc_leading_zeros,0.0000000000
8487911,6356423101096,btc_qm_engine,btc_sha256_elapsed_ns,1057.0000000000
8487912,6356423101309,btc_qm_engine,btc_sha256_nonce,1687074991.0000000000
8487913,6356423101842,btc_qm_engine,btc_sha256_nonce,3149823412.0000000000
8487914,6356423101984,btc_qm_engine,btc_leading_zeros,1.0000000000
8487915,6356423102230,btc_qm_engine,btc_leading_zeros,0.0000000000
8487916,6356423102414,btc_qm_engine,btc_sha256_nonce,1440140303.0000000000
8487917,6356423102498,btc_qm_engine,btc_leading_zeros,0.0000000000
8487918,6356423102705,btc_qm_engine,btc_sha256_elapsed_ns,733.0000000000
8487919,6356423102800,btc_qm_engine,btc_sha256_elapsed_ns,743.0000000000
8487920,6356423103107,btc_qm_engine,btc_sha256_elapsed_ns,837.0000000000
8487921,6356423103264,btc_qm_engine,btc_sha256_nonce,1350942571.0000000000
8487922,6356423103418,btc_qm_engine,btc_sha256_elapsed_ns,1006.0000000000
8487923,6356423103680,btc_qm_engine,btc_leading_zeros,0.0000000000
8487924,6356423103750,btc_qm_engine,btc_sha256_elapsed_ns,874.0000000000
8487925,6356423103927,btc_qm_engine,btc_sha256_nonce,1864739138.0000000000
8487926,6356423104008,btc_qm_engine,btc_leading_zeros,2.0000000000
8487927,6356423104145,btc_qm_engine,btc_sha256_nonce,3245254337.0000000000
8487928,6356423104303,btc_qm_engine,btc_sha256_elapsed_ns,972.0000000000
8487929,6356423104614,btc_qm_engine,btc_sha256_nonce,791865992.0000000000
8487930,6356423105073,btc_qm_engine,btc_sha256_nonce,1678648232.0000000000
8487931,6356423105260,btc_qm_engine,btc_leading_zeros,0.0000000000
8487932,6356423105430,btc_qm_engine,btc_leading_zeros,0.0000000000
8487933,6356423105497,btc_qm_engine,btc_sha256_elapsed_ns,1001.0000000000
8487934,6356423105714,btc_qm_engine,btc_sha256_nonce,7799688.0000000000
8487935,6356423105869,btc_qm_engine,btc_sha256_elapsed_ns,1139.0000000000
8487936,6356423106058,btc_qm_engine,btc_leading_zeros,2.0000000000
8487937,6356423106128,btc_qm_engine,btc_sha256_elapsed_ns,1100.0000000000
8487938,6356423106311,btc_qm_engine,btc_sha256_nonce,679621779.0000000000
8487939,6356423106497,btc_qm_engine,btc_sha256_nonce,2126022020.0000000000
8487940,6356423106570,btc_qm_engine,btc_leading_zeros,0.0000000000
8487941,6356423106637,btc_qm_engine,btc_sha256_elapsed_ns,756.0000000000
8487942,6356423106818,btc_qm_engine,btc_leading_zeros,2.0000000000
8487943,6356423107172,btc_qm_engine,btc_sha256_elapsed_ns,1051.0000000000
8487944,6356423107387,btc_qm_engine,btc_sha256_nonce,2198060112.0000000000
8487945,6356423107458,btc_qm_engine,btc_leading_zeros,3.0000000000
8487946,6356423107891,btc_qm_engine,btc_sha256_elapsed_ns,996.0000000000
8487947,6356423107985,btc_qm_engine,btc_sha256_nonce,3452936263.0000000000
8487948,6356423108144,btc_qm_engine,btc_sha256_nonce,2878231742.0000000000
8487949,6356423108436,btc_qm_engine,btc_sha256_nonce,3738913362.0000000000
8487950,6356423108578,btc_qm_engine,btc_leading_zeros,2.0000000000
8487951,6356423108651,btc_qm_engine,btc_sha256_elapsed_ns,1115.0000000000
8487952,6356423108883,btc_qm_engine,btc_leading_zeros,0.0000000000
8487953,6356423109088,btc_qm_engine,btc_sha256_nonce,4132177014.0000000000
8487954,6356423109163,btc_qm_engine,btc_leading_zeros,1.0000000000
8487955,6356423109233,btc_qm_engine,btc_sha256_elapsed_ns,973.0000000000
8487956,6356423109384,btc_qm_engine,btc_sha256_elapsed_ns,1098.0000000000
8487957,6356423109984,btc_qm_engine,btc_sha256_nonce,1132386594.0000000000
8487958,6356423110056,btc_qm_engine,btc_leading_zeros,2.0000000000
8487959,6356423110128,btc_qm_engine,btc_sha256_elapsed_ns,1069.0000000000
8487960,6356423110533,btc_qm_engine,btc_sha256_nonce,1205636312.0000000000
8487961,6356423110735,btc_qm_engine,btc_sha256_nonce,4268841213.0000000000
8487962,6356423110958,btc_qm_engine,btc_leading_zeros,1.0000000000
8487963,6356423111149,btc_qm_engine,btc_leading_zeros,0.0000000000
8487964,6356423111370,btc_qm_engine,btc_sha256_elapsed_ns,1011.0000000000
8487965,6356423111553,btc_qm_engine,btc_sha256_elapsed_ns,734.0000000000
8487966,6356423112159,btc_qm_engine,btc_leading_zeros,0.0000000000
8487967,6356423112260,btc_qm_engine,btc_sha256_nonce,2722741320.0000000000
8487968,6356423112754,btc_qm_engine,btc_leading_zeros,0.0000000000
8487969,6356423113305,btc_qm_engine,btc_sha256_elapsed_ns,1093.0000000000
8487970,6356423113429,btc_qm_engine,btc_sha256_nonce,3722714518.0000000000
8487971,6356423113526,btc_qm_engine,btc_leading_zeros,0.0000000000
8487972,6356423113585,btc_qm_engine,btc_sha256_elapsed_ns,872.0000000000
8487973,6356423113676,btc_qm_engine,btc_sha256_nonce,958795568.0000000000
8487974,6356423114250,btc_qm_engine,btc_sha256_nonce,4250428789.0000000000
8487975,6356423114428,btc_qm_engine,btc_leading_zeros,0.0000000000
8487976,6356423114670,btc_qm_engine,btc_leading_zeros,1.0000000000
8487977,6356423114736,btc_qm_engine,btc_sha256_elapsed_ns,1093.0000000000
8487978,6356423115112,btc_qm_engine,btc_sha256_nonce,416463757.0000000000
8487979,6356423115188,btc_qm_engine,btc_leading_zeros,0.0000000000
8487980,6356423115382,btc_qm_engine,btc_sha256_nonce,1685449533.0000000000
8487981,6356423115461,btc_qm_engine,btc_leading_zeros,0.0000000000
8487982,6356423115546,btc_qm_engine,btc_sha256_elapsed_ns,1134.0000000000
8487983,6356423115698,btc_qm_engine,btc_sha256_elapsed_ns,884.0000000000
8487984,6356423116075,btc_qm_engine,btc_sha256_elapsed_ns,981.0000000000
8487985,6356423116280,btc_qm_engine,btc_sha256_elapsed_ns,774.0000000000
8487986,6356423116457,btc_qm_engine,btc_sha256_nonce,1442652526.0000000000
8487987,6356423116534,btc_qm_engine,btc_leading_zeros,0.0000000000
8487988,6356423116608,btc_qm_engine,btc_sha256_elapsed_ns,1101.0000000000
8487989,6356423116924,btc_qm_engine,btc_sha256_nonce,1684693708.0000000000
8487990,6356423117006,btc_qm_engine,btc_leading_zeros,0.0000000000
8487991,6356423117357,btc_qm_engine,btc_sha256_nonce,1205952752.0000000000
8487992,6356423117594,btc_qm_engine,btc_leading_zeros,2.0000000000
8487993,6356423117903,btc_qm_engine,btc_sha256_nonce,825113901.0000000000
8487994,6356423117975,btc_qm_engine,btc_leading_zeros,2.0000000000
8487995,6356423118027,btc_qm_engine,btc_sha256_elapsed_ns,1042.0000000000
8487996,6356423118109,btc_qm_engine,btc_sha256_nonce,1399239915.0000000000
8487997,6356423118820,btc_qm_engine,btc_sha256_elapsed_ns,1115.0000000000
8487998,6356423119040,btc_qm_engine,btc_leading_zeros,2.0000000000
8487999,6356423119157,btc_qm_engine,btc_sha256_nonce,3343941315.0000000000
8488000,6356423119269,btc_qm_engine,btc_sha256_nonce,1025307321.0000000000
8488001,6356423119497,btc_qm_engine,btc_leading_zeros,0.0000000000
8488002,6356423119567,btc_qm_engine,btc_sha256_elapsed_ns,889.0000000000
8488003,6356423119687,btc_qm_engine,btc_leading_zeros,2.0000000000
8488004,6356423119758,btc_qm_engine,btc_sha256_elapsed_ns,1022.0000000000
8488005,6356423120004,btc_qm_engine,btc_sha256_elapsed_ns,1097.0000000000
8488006,6356423120521,btc_qm_engine,btc_sha256_elapsed_ns,1099.0000000000
8488007,6356423120680,btc_qm_engine,btc_sha256_nonce,31755683.0000000000
8488008,6356423120758,btc_qm_engine,btc_leading_zeros,1.0000000000
8488009,6356423120819,btc_qm_engine,btc_sha256_elapsed_ns,1096.0000000000
8488010,6356423120948,btc_qm_engine,btc_sha256_nonce,1025864193.0000000000
8488011,6356423121026,btc_qm_engine,btc_leading_zeros,1.0000000000
8488012,6356423121100,btc_qm_engine,btc_sha256_elapsed_ns,971.0000000000
8488013,6356423121551,btc_qm_engine,btc_sha256_nonce,1567120260.0000000000
8488014,6356423121931,btc_qm_engine,btc_sha256_nonce,1206029010.0000000000
8488015,6356423122081,btc_qm_engine,btc_leading_zeros,0.0000000000
8488016,6356423122438,btc_qm_engine,btc_sha256_nonce,1886305123.0000000000
8488017,6356423122535,btc_qm_engine,btc_sha256_elapsed_ns,1055.0000000000
8488018,6356423122776,btc_qm_engine,btc_sha256_nonce,1685549644.0000000000
8488019,6356423123547,btc_qm_engine,btc_sha256_nonce,3932939142.0000000000
8488020,6356423123717,btc_qm_engine,btc_leading_zeros,0.0000000000
8488021,6356423123789,btc_qm_engine,btc_sha256_elapsed_ns,1103.0000000000
8488022,6356423144999,btc_qm_engine,btc_sha256_nonce,3009540087.0000000000
8488023,6356423145555,btc_qm_engine,btc_leading_zeros,0.0000000000
8488024,6356423145998,btc_qm_engine,btc_sha256_elapsed_ns,1053.0000000000
8488025,6356423146166,btc_qm_engine,btc_sha256_nonce,1684956698.0000000000
8488026,6356423146245,btc_qm_engine,btc_leading_zeros,0.0000000000
8488027,6356423146314,btc_qm_engine,btc_sha256_elapsed_ns,1011.0000000000
8488028,6356423146966,btc_qm_engine,btc_sha256_nonce,3105435562.0000000000
8488029,6356423147033,btc_qm_engine,btc_leading_zeros,0.0000000000
8488030,6356423147102,btc_qm_engine,btc_sha256_elapsed_ns,755.0000000000
8488031,6356423147358,btc_qm_engine,btc_sha256_nonce,3306005287.0000000000
8488032,6356423147501,btc_qm_engine,btc_leading_zeros,0.0000000000
8488033,6356423147706,btc_qm_engine,btc_leading_zeros,2.0000000000
8488034,6356423147775,btc_qm_engine,btc_sha256_elapsed_ns,971.0000000000
8488035,6356423147968,btc_qm_engine,btc_sha256_elapsed_ns,828.0000000000
8488036,6356423148048,btc_qm_engine,btc_sha256_nonce,1307755061.0000000000
8488037,6356423148430,btc_qm_engine,btc_sha256_nonce,333755739.0000000000
8488038,6356423148811,btc_qm_engine,btc_sha256_nonce,2286176962.0000000000
8488039,6356423148965,btc_qm_engine,btc_sha256_nonce,2792746891.0000000000
8488040,6356423149466,btc_qm_engine,btc_leading_zeros,0.0000000000
8488041,6356423149777,btc_qm_engine,btc_leading_zeros,0.0000000000
8488042,6356423150129,btc_qm_engine,btc_sha256_elapsed_ns,834.0000000000
8488043,6356423150279,btc_qm_engine,btc_sha256_elapsed_ns,1019.0000000000
8488044,6356423150771,btc_qm_engine,btc_leading_zeros,1.0000000000
8488045,6356423151224,btc_qm_engine,btc_leading_zeros,0.0000000000
8488046,6356423151419,btc_qm_engine,btc_leading_zeros,0.0000000000
8488047,6356423151492,btc_qm_engine,btc_sha256_elapsed_ns,972.0000000000
8488048,6356423151615,btc_qm_engine,btc_sha256_elapsed_ns,1104.0000000000
8488049,6356423151909,btc_qm_engine,btc_sha256_elapsed_ns,1109.0000000000
8488050,6356423152041,btc_qm_engine,btc_sha256_nonce,1673620644.0000000000
8488051,6356423152115,btc_qm_engine,btc_leading_zeros,1.0000000000
8488052,6356423152182,btc_qm_engine,btc_sha256_elapsed_ns,1078.0000000000
8488053,6356423152299,btc_qm_engine,btc_leading_zeros,0.0000000000
8488054,6356423152414,btc_qm_engine,btc_sha256_elapsed_ns,695.0000000000
8488055,6356423152835,btc_qm_engine,btc_sha256_nonce,1426444014.0000000000
8488056,6356423152898,btc_qm_engine,btc_leading_zeros,0.0000000000
8488057,6356423152947,btc_qm_engine,btc_sha256_elapsed_ns,834.0000000000
8488058,6356423153124,btc_qm_engine,btc_sha256_nonce,2428241448.0000000000
8488059,6356423153203,btc_qm_engine,btc_leading_zeros,2.0000000000
8488060,6356423153270,btc_qm_engine,btc_sha256_elapsed_ns,997.0000000000
8488061,6356423153405,btc_qm_engine,btc_sha256_nonce,1903400089.0000000000
8488062,6356423153477,btc_qm_engine,btc_leading_zeros,4.0000000000
8488063,6356423153584,btc_qm_engine,btc_sha256_nonce,1684962630.0000000000
8488064,6356423153760,btc_qm_engine,btc_sha256_elapsed_ns,773.0000000000
8488065,6356423153902,btc_qm_engine,btc_leading_zeros,0.0000000000
8488066,6356423154241,btc_qm_engine,btc_leading_zeros,1.0000000000
8488067,6356423154412,btc_qm_engine,btc_sha256_nonce,1103388364.0000000000
8488068,6356423154486,btc_qm_engine,btc_leading_zeros,0.0000000000
8488069,6356423154603,btc_qm_engine,btc_sha256_elapsed_ns,912.0000000000
8488070,6356423154822,btc_qm_engine,btc_sha256_elapsed_ns,1100.0000000000
8488071,6356423155052,btc_qm_engine,btc_sha256_nonce,2546075419.0000000000
8488072,6356423155125,btc_qm_engine,btc_leading_zeros,4.0000000000
8488073,6356423155202,btc_qm_engine,btc_sha256_elapsed_ns,750.0000000000
8488074,6356423155599,btc_qm_engine,btc_sha256_nonce,1674596091.0000000000
8488075,6356423155672,btc_qm_engine,btc_leading_zeros,0.0000000000
8488076,6356423155721,btc_qm_engine,btc_sha256_elapsed_ns,699.0000000000
8488077,6356423156086,btc_qm_engine,btc_sha256_nonce,1205369435.0000000000
8488078,6356423156218,btc_qm_engine,btc_sha256_nonce,2288564958.0000000000
8488079,6356423156296,btc_qm_engine,btc_leading_zeros,1.0000000000
8488080,6356423156345,btc_qm_engine,btc_sha256_elapsed_ns,780.0000000000
8488081,6356423156659,btc_qm_engine,btc_sha256_nonce,667005063.0000000000
8488082,6356423157047,btc_qm_engine,btc_sha256_nonce,2868311879.0000000000
8488083,6356423157307,btc_qm_engine,btc_leading_zeros,2.0000000000
8488084,6356423157840,btc_qm_engine,btc_leading_zeros,2.0000000000
8488085,6356423158283,btc_qm_engine,btc_sha256_nonce,2363211987.0000000000
8488086,6356423158462,btc_qm_engine,btc_sha256_elapsed_ns,973.0000000000
8488087,6356423158655,btc_qm_engine,btc_sha256_elapsed_ns,1039.0000000000
8488088,6356423158979,btc_qm_engine,btc_leading_zeros,0.0000000000
8488089,6356423159310,btc_qm_engine,btc_sha256_elapsed_ns,726.0000000000
8488090,6356423159431,btc_qm_engine,btc_sha256_elapsed_ns,997.0000000000
8488091,6356423159803,btc_qm_engine,btc_sha256_nonce,3385443906.0000000000
8488092,6356423159879,btc_qm_engine,btc_leading_zeros,0.0000000000
8488093,6356423159947,btc_qm_engine,btc_sha256_elapsed_ns,1068.0000000000
8488094,6356423160141,btc_qm_engine,btc_sha256_nonce,4215034846.0000000000
8488095,6356423160361,btc_qm_engine,btc_leading_zeros,3.0000000000
8488096,6356423160468,btc_qm_engine,btc_sha256_nonce,3694618442.0000000000
8488097,6356423160531,btc_qm_engine,btc_leading_zeros,4.0000000000
8488098,6356423160587,btc_qm_engine,btc_sha256_elapsed_ns,713.0000000000
8488099,6356423160692,btc_qm_engine,btc_sha256_nonce,2228264789.0000000000
8488100,6356423160873,btc_qm_engine,btc_sha256_elapsed_ns,884.0000000000
8488101,6356423161032,btc_qm_engine,btc_leading_zeros,1.0000000000
8488102,6356423161103,btc_qm_engine,btc_sha256_elapsed_ns,702.0000000000
8488103,6356423161297,btc_qm_engine,btc_sha256_nonce,3088574916.0000000000
8488104,6356423161713,btc_qm_engine,btc_sha256_nonce,2265232690.0000000000
8488105,6356423161781,btc_qm_engine,btc_leading_zeros,0.0000000000
8488106,6356423161965,btc_qm_engine,btc_leading_zeros,2.0000000000
8488107,6356423162110,btc_qm_engine,btc_sha256_elapsed_ns,1073.0000000000
8488108,6356423162312,btc_qm_engine,btc_sha256_nonce,2608311424.0000000000
8488109,6356423162585,btc_qm_engine,btc_sha256_nonce,3996083581.0000000000
8488110,6356423162826,btc_qm_engine,btc_leading_zeros,0.0000000000
8488111,6356423162918,btc_qm_engine,btc_sha256_elapsed_ns,916.0000000000
8488112,6356423163182,btc_qm_engine,btc_sha256_elapsed_ns,692.0000000000
8488113,6356423163372,btc_qm_engine,btc_leading_zeros,0.0000000000
8488114,6356423163536,btc_qm_engine,btc_leading_zeros,1.0000000000
8488115,6356423163796,btc_qm_engine,btc_sha256_elapsed_ns,717.0000000000
8488116,6356423163997,btc_qm_engine,btc_sha256_elapsed_ns,905.0000000000
8488117,6356423164539,btc_qm_engine,btc_sha256_nonce,1977194879.0000000000
8488118,6356423164769,btc_qm_engine,btc_leading_zeros,1.0000000000
8488119,6356423164918,btc_qm_engine,btc_leading_zeros,1.0000000000
8488120,6356423165061,btc_qm_engine,btc_sha256_elapsed_ns,1087.0000000000
8488121,6356423165374,btc_qm_engine,btc_sha256_nonce,3127420254.0000000000
8488122,6356423165446,btc_qm_engine,btc_leading_zeros,0.0000000000
8488123,6356423165976,btc_qm_engine,btc_sha256_elapsed_ns,947.0000000000
8488124,6356423166368,btc_qm_engine,btc_sha256_nonce,2461454014.0000000000
8488125,6356423166614,btc_qm_engine,btc_leading_zeros,0.0000000000
8488126,6356423166662,btc_qm_engine,btc_sha256_elapsed_ns,762.0000000000
8488127,6356423167182,btc_qm_engine,btc_sha256_nonce,2615929683.0000000000
8488128,6356423167588,btc_qm_engine,btc_sha256_nonce,3297707890.0000000000
8488129,6356423167767,btc_qm_engine,btc_leading_zeros,0.0000000000
8488130,6356423167849,btc_qm_engine,btc_sha256_elapsed_ns,694.0000000000
8488131,6356423168002,btc_qm_engine,btc_leading_zeros,1.0000000000
8488132,6356423168249,btc_qm_engine,btc_sha256_nonce,1677001913.0000000000
8488133,6356423168314,btc_qm_engine,btc_leading_zeros,0.0000000000
8488134,6356423168393,btc_qm_engine,btc_sha256_elapsed_ns,857.0000000000
8488135,6356423168508,btc_qm_engine,btc_sha256_nonce,840165370.0000000000
8488136,6356423168670,btc_qm_engine,btc_sha256_elapsed_ns,930.0000000000
8488137,6356423168837,btc_qm_engine,btc_leading_zeros,1.0000000000
8488138,6356423169152,btc_qm_engine,btc_sha256_nonce,2248258581.0000000000
8488139,6356423169229,btc_qm_engine,btc_leading_zeros,0.0000000000
8488140,6356423169287,btc_qm_engine,btc_sha256_elapsed_ns,1034.0000000000
8488141,6356423169425,btc_qm_engine,btc_sha256_elapsed_ns,870.0000000000
8488142,6356423169571,btc_qm_engine,btc_sha256_nonce,748868913.0000000000
8488143,6356423169654,btc_qm_engine,btc_leading_zeros,0.0000000000
8488144,6356423169759,btc_qm_engine,btc_sha256_elapsed_ns,933.0000000000
8488145,6356423170071,btc_qm_engine,btc_sha256_nonce,2083493350.0000000000
8488146,6356423170333,btc_qm_engine,btc_leading_zeros,1.0000000000
8488147,6356423170384,btc_qm_engine,btc_sha256_elapsed_ns,1052.0000000000
8488148,6356423170485,btc_qm_engine,btc_sha256_nonce,2061780232.0000000000
8488149,6356423170554,btc_qm_engine,btc_leading_zeros,1.0000000000
8488150,6356423170610,btc_qm_engine,btc_sha256_elapsed_ns,780.0000000000
8488151,6356423170762,btc_qm_engine,btc_sha256_nonce,4853081.0000000000
8488152,6356423171057,btc_qm_engine,btc_leading_zeros,1.0000000000
8488153,6356423171108,btc_qm_engine,btc_sha256_elapsed_ns,870.0000000000
8488154,6356423171251,btc_qm_engine,btc_sha256_nonce,2526025698.0000000000
8488155,6356423171324,btc_qm_engine,btc_leading_zeros,1.0000000000
8488156,6356423171389,btc_qm_engine,btc_sha256_elapsed_ns,988.0000000000
8488157,6356423171530,btc_qm_engine,btc_sha256_nonce,1406723513.0000000000
8488158,6356423171724,btc_qm_engine,btc_sha256_nonce,1439149390.0000000000
8488159,6356423172185,btc_qm_engine,btc_sha256_nonce,84903453.0000000000
8488160,6356423172235,btc_qm_engine,btc_leading_zeros,1.0000000000
8488161,6356423172369,btc_qm_engine,btc_leading_zeros,1.0000000000
8488162,6356423172438,btc_qm_engine,btc_sha256_elapsed_ns,786.0000000000
8488163,6356423172678,btc_qm_engine,btc_sha256_nonce,338510099.0000000000
8488164,6356423172752,btc_qm_engine,btc_leading_zeros,0.0000000000
8488165,6356423172818,btc_qm_engine,btc_sha256_elapsed_ns,1067.0000000000
8488166,6356423173286,btc_qm_engine,btc_sha256_nonce,3245470842.0000000000
8488167,6356423173609,btc_qm_engine,btc_sha256_nonce,2552650231.0000000000
8488168,6356423173731,btc_qm_engine,btc_leading_zeros,0.0000000000
8488169,6356423174198,btc_qm_engine,btc_leading_zeros,2.0000000000
8488170,6356423174592,btc_qm_engine,btc_sha256_elapsed_ns,1076.0000000000
8488171,6356423175834,btc_qm_engine,btc_sha256_nonce,3231120518.0000000000
8488172,6356423175900,btc_qm_engine,btc_leading_zeros,1.0000000000
8488173,6356423175967,btc_qm_engine,btc_sha256_elapsed_ns,1030.0000000000
8488174,6356423176134,btc_qm_engine,btc_sha256_nonce,3306760427.0000000000
8488175,6356423176455,btc_qm_engine,btc_leading_zeros,2.0000000000
8488176,6356423176527,btc_qm_engine,btc_sha256_elapsed_ns,932.0000000000
8488177,6356423177123,btc_qm_engine,btc_sha256_nonce,925458799.0000000000
8488178,6356423177260,btc_qm_engine,btc_sha256_nonce,2393400158.0000000000
8488179,6356423177658,btc_qm_engine,btc_leading_zeros,2.0000000000
8488180,6356423177739,btc_qm_engine,btc_leading_zeros,2.0000000000
8488181,6356423178358,btc_qm_engine,btc_sha256_elapsed_ns,1012.0000000000
8488182,6356423178533,btc_qm_engine,btc_sha256_elapsed_ns,976.0000000000
8488183,6356423179374,btc_qm_engine,btc_sha256_elapsed_ns,874.0000000000
8488184,6356423179969,btc_qm_engine,btc_sha256_nonce,3759071805.0000000000
8488185,6356423180043,btc_qm_engine,btc_leading_zeros,0.0000000000
8488186,6356423180110,btc_qm_engine,btc_sha256_elapsed_ns,933.0000000000
8488187,6356423180973,btc_qm_engine,btc_sha256_nonce,4270260589.0000000000
8488188,6356423181155,btc_qm_engine,btc_sha256_nonce,2001456720.0000000000
8488189,6356423181228,btc_qm_engine,btc_leading_zeros,2.0000000000
8488190,6356423181502,btc_qm_engine,btc_leading_zeros,2.0000000000
8488191,6356423181936,btc_qm_engine,btc_sha256_nonce,2918603096.0000000000
8488192,6356423182208,btc_qm_engine,btc_sha256_nonce,1567981178.0000000000
8488193,6356423182465,btc_qm_engine,btc_sha256_elapsed_ns,939.0000000000
8488194,6356423182909,btc_qm_engine,btc_leading_zeros,1.0000000000
8488195,6356423183249,btc_qm_engine,btc_sha256_elapsed_ns,1016.0000000000
8488196,6356423183402,btc_qm_engine,btc_sha256_elapsed_ns,1032.0000000000
8488197,6356423184247,btc_qm_engine,btc_sha256_nonce,1205683388.0000000000
8488198,6356423184321,btc_qm_engine,btc_leading_zeros,4.0000000000
8488199,6356423184381,btc_qm_engine,btc_sha256_elapsed_ns,1004.0000000000
8488200,6356423184580,btc_qm_engine,btc_sha256_nonce,1817685266.0000000000
8488201,6356423184803,btc_qm_engine,btc_leading_zeros,4.0000000000
8488202,6356423185264,btc_qm_engine,btc_sha256_elapsed_ns,1036.0000000000
8488203,6356423185462,btc_qm_engine,btc_sha256_nonce,526438094.0000000000
8488204,6356423186025,btc_qm_engine,btc_sha256_elapsed_ns,1071.0000000000
8488205,6356423186155,btc_qm_engine,btc_leading_zeros,2.0000000000
8488206,6356423186220,btc_qm_engine,btc_sha256_elapsed_ns,843.0000000000
8488207,6356423186897,btc_qm_engine,btc_leading_zeros,0.0000000000
8488208,6356423187009,btc_qm_engine,btc_sha256_elapsed_ns,948.0000000000
8488209,6356423187120,btc_qm_engine,btc_sha256_nonce,1506610410.0000000000
8488210,6356423187197,btc_qm_engine,btc_leading_zeros,0.0000000000
8488211,6356423187261,btc_qm_engine,btc_sha256_elapsed_ns,706.0000000000
8488212,6356423187516,btc_qm_engine,btc_sha256_nonce,2550061559.0000000000
8488213,6356423187855,btc_qm_engine,btc_leading_zeros,0.0000000000
8488214,6356423187916,btc_qm_engine,btc_sha256_elapsed_ns,932.0000000000
8488215,6356423187970,btc_qm_engine,btc_sha256_nonce,3363740164.0000000000
8488216,6356423188297,btc_qm_engine,btc_sha256_nonce,1692717229.0000000000
8488217,6356423188502,btc_qm_engine,btc_sha256_nonce,2379423083.0000000000
8488218,6356423188951,btc_qm_engine,btc_leading_zeros,1.0000000000
8488219,6356423189008,btc_qm_engine,btc_sha256_elapsed_ns,904.0000000000
8488220,6356423189689,btc_qm_engine,btc_sha256_nonce,2878235703.0000000000
8488221,6356423190047,btc_qm_engine,btc_sha256_elapsed_ns,903.0000000000
8488222,6356423190170,btc_qm_engine,btc_sha256_nonce,3828073682.0000000000
8488223,6356423190235,btc_qm_engine,btc_leading_zeros,3.0000000000
8488224,6356423190305,btc_qm_engine,btc_sha256_elapsed_ns,955.0000000000
8488225,6356423190476,btc_qm_engine,btc_leading_zeros,3.0000000000
8488226,6356423190882,btc_qm_engine,btc_leading_zeros,1.0000000000
8488227,6356423191310,btc_qm_engine,btc_sha256_elapsed_ns,982.0000000000
8488228,6356423191488,btc_qm_engine,btc_sha256_elapsed_ns,1008.0000000000
8488229,6356423191617,btc_qm_engine,btc_sha256_nonce,1887702228.0000000000
8488230,6356423191947,btc_qm_engine,btc_leading_zeros,1.0000000000
8488231,6356423192292,btc_qm_engine,btc_sha256_nonce,454000412.0000000000
8488232,6356423192596,btc_qm_engine,btc_leading_zeros,1.0000000000
8488233,6356423192773,btc_qm_engine,btc_sha256_nonce,2150221156.0000000000
8488234,6356423192843,btc_qm_engine,btc_leading_zeros,1.0000000000
8488235,6356423192931,btc_qm_engine,btc_sha256_elapsed_ns,965.0000000000
8488236,6356423193172,btc_qm_engine,btc_sha256_elapsed_ns,1041.0000000000
8488237,6356423193668,btc_qm_engine,btc_sha256_nonce,1685597464.0000000000
8488238,6356423194090,btc_qm_engine,btc_leading_zeros,3.0000000000
8488239,6356423194256,btc_qm_engine,btc_sha256_nonce,887629041.0000000000
8488240,6356423194333,btc_qm_engine,btc_leading_zeros,0.0000000000
8488241,6356423194393,btc_qm_engine,btc_sha256_elapsed_ns,991.0000000000
8488242,6356423194517,btc_qm_engine,btc_sha256_elapsed_ns,1043.0000000000
8488243,6356423194789,btc_qm_engine,btc_leading_zeros,0.0000000000
8488244,6356423194927,btc_qm_engine,btc_sha256_nonce,453820995.0000000000
8488245,6356423195001,btc_qm_engine,btc_leading_zeros,0.0000000000
8488246,6356423195058,btc_qm_engine,btc_sha256_elapsed_ns,957.0000000000
8488247,6356423195465,btc_qm_engine,btc_sha256_elapsed_ns,1014.0000000000
8488248,6356423195805,btc_qm_engine,btc_sha256_nonce,3474070313.0000000000
8488249,6356423196115,btc_qm_engine,btc_leading_zeros,2.0000000000
8488250,6356423196208,btc_qm_engine,btc_sha256_elapsed_ns,881.0000000000
8488251,6356423196368,btc_qm_engine,btc_sha256_nonce,3032592770.0000000000
8488252,6356423196728,btc_qm_engine,btc_leading_zeros,3.0000000000
8488253,6356423196785,btc_qm_engine,btc_sha256_elapsed_ns,1008.0000000000
8488254,6356423197039,btc_qm_engine,btc_sha256_nonce,2648186959.0000000000
8488255,6356423197125,btc_qm_engine,btc_leading_zeros,4.0000000000
8488256,6356423197193,btc_qm_engine,btc_sha256_elapsed_ns,1050.0000000000
8488257,6356423197451,btc_qm_engine,btc_sha256_nonce,2143732021.0000000000
8488258,6356423197521,btc_qm_engine,btc_leading_zeros,0.0000000000
8488259,6356423197591,btc_qm_engine,btc_sha256_elapsed_ns,994.0000000000
8488260,6356423197939,btc_qm_engine,btc_sha256_nonce,1604503045.0000000000
8488261,6356423198010,btc_qm_engine,btc_leading_zeros,0.0000000000
8488262,6356423198069,btc_qm_engine,btc_sha256_elapsed_ns,942.0000000000
8488263,6356423198566,btc_qm_engine,btc_sha256_nonce,4162291912.0000000000
8488264,6356423198805,btc_qm_engine,btc_sha256_nonce,2391129972.0000000000
8488265,6356423198923,btc_qm_engine,btc_leading_zeros,1.0000000000
8488266,6356423198977,btc_qm_engine,btc_sha256_elapsed_ns,1013.0000000000
8488267,6356423199103,btc_qm_engine,btc_leading_zeros,0.0000000000
8488268,6356423199168,btc_qm_engine,btc_sha256_elapsed_ns,1070.0000000000
8488269,6356423199352,btc_qm_engine,btc_sha256_nonce,3491941836.0000000000
8488270,6356423199429,btc_qm_engine,btc_leading_zeros,0.0000000000
8488271,6356423199821,btc_qm_engine,btc_sha256_elapsed_ns,1069.0000000000
8488272,6356423199927,btc_qm_engine,btc_sha256_nonce,2202389606.0000000000
8488273,6356423200243,btc_qm_engine,btc_sha256_elapsed_ns,1061.0000000000
8488274,6356423200405,btc_qm_engine,btc_sha256_nonce,2142609074.0000000000
8488275,6356423200473,btc_qm_engine,btc_leading_zeros,0.0000000000
8488276,6356423200543,btc_qm_engine,btc_sha256_elapsed_ns,1015.0000000000
8488277,6356423200680,btc_qm_engine,btc_sha256_nonce,2877997493.0000000000
8488278,6356423201039,btc_qm_engine,btc_leading_zeros,1.0000000000
8488279,6356423201108,btc_qm_engine,btc_sha256_elapsed_ns,1038.0000000000
8488280,6356423201246,btc_qm_engine,btc_sha256_nonce,1085276769.0000000000
8488281,6356423201317,btc_qm_engine,btc_leading_zeros,0.0000000000
8488282,6356423201377,btc_qm_engine,btc_sha256_elapsed_ns,972.0000000000
8488283,6356423201627,btc_qm_engine,btc_leading_zeros,0.0000000000
8488284,6356423201768,btc_qm_engine,btc_sha256_nonce,2505535741.0000000000
8488285,6356423201908,btc_qm_engine,btc_leading_zeros,1.0000000000
8488286,6356423202065,btc_qm_engine,btc_sha256_elapsed_ns,1082.0000000000
8488287,6356423202334,btc_qm_engine,btc_sha256_nonce,1205756591.0000000000
8488288,6356423202479,btc_qm_engine,btc_sha256_elapsed_ns,982.0000000000
8488289,6356423202646,btc_qm_engine,btc_sha256_nonce,2622463185.0000000000
8488290,6356423202762,btc_qm_engine,btc_leading_zeros,0.0000000000
8488291,6356423202832,btc_qm_engine,btc_sha256_elapsed_ns,1017.0000000000
8488292,6356423203020,btc_qm_engine,btc_leading_zeros,0.0000000000
8488293,6356423203444,btc_qm_engine,btc_sha256_nonce,1698709698.0000000000
8488294,6356423203517,btc_qm_engine,btc_leading_zeros,4.0000000000
8488295,6356423203572,btc_qm_engine,btc_sha256_elapsed_ns,910.0000000000
8488296,6356423203917,btc_qm_engine,btc_sha256_nonce,2526376815.0000000000
8488297,6356423203994,btc_qm_engine,btc_leading_zeros,2.0000000000
8488298,6356423204043,btc_qm_engine,btc_sha256_elapsed_ns,775.0000000000
8488299,6356423204168,btc_qm_engine,btc_sha256_nonce,1863817950.0000000000
8488300,6356423204268,btc_qm_engine,btc_leading_zeros,1.0000000000
8488301,6356423204324,btc_qm_engine,btc_sha256_elapsed_ns,980.0000000000
8488302,6356423204582,btc_qm_engine,btc_sha256_nonce,2982472034.0000000000
8488303,6356423204648,btc_qm_engine,btc_leading_zeros,0.0000000000
8488304,6356423204695,btc_qm_engine,btc_sha256_elapsed_ns,787.0000000000
8488305,6356423204993,btc_qm_engine,btc_sha256_nonce,1295312589.0000000000
8488306,6356423205072,btc_qm_engine,btc_leading_zeros,0.0000000000
8488307,6356423205138,btc_qm_engine,btc_sha256_elapsed_ns,705.0000000000
8488308,6356423205554,btc_qm_engine,btc_sha256_nonce,3363461500.0000000000
8488309,6356423205879,btc_qm_engine,btc_sha256_nonce,1685166166.0000000000
8488310,6356423206047,btc_qm_engine,btc_sha256_elapsed_ns,946.0000000000
8488311,6356423206367,btc_qm_engine,btc_sha256_nonce,3480746999.0000000000
8488312,6356423206528,btc_qm_engine,btc_leading_zeros,0.0000000000
8488313,6356423206900,btc_qm_engine,btc_leading_zeros,1.0000000000
8488314,6356423207010,btc_qm_engine,btc_sha256_nonce,2331775352.0000000000
8488315,6356423207138,btc_qm_engine,btc_leading_zeros,0.0000000000
8488316,6356423207318,btc_qm_engine,btc_sha256_elapsed_ns,696.0000000000
8488317,6356423207681,btc_qm_engine,btc_sha256_elapsed_ns,995.0000000000
8488318,6356423208220,btc_qm_engine,btc_sha256_elapsed_ns,18163.0000000000
8488319,6356423208553,btc_qm_engine,btc_sha256_nonce,943054115.0000000000
8488320,6356423208619,btc_qm_engine,btc_leading_zeros,0.0000000000
8488321,6356423208668,btc_qm_engine,btc_sha256_elapsed_ns,713.0000000000
8488322,6356423209736,btc_qm_engine,btc_sha256_nonce,3005112613.0000000000
8488323,6356423209800,btc_qm_engine,btc_leading_zeros,0.0000000000
8488324,6356423209869,btc_qm_engine,btc_sha256_elapsed_ns,924.0000000000
8488325,6356423210814,btc_qm_engine,btc_sha256_nonce,1685088483.0000000000
8488326,6356423210918,btc_qm_engine,btc_sha256_nonce,1805111793.0000000000
8488327,6356423211384,btc_qm_engine,btc_leading_zeros,2.0000000000
8488328,6356423211548,btc_qm_engine,btc_leading_zeros,2.0000000000
8488329,6356423212872,btc_qm_engine,btc_leading_zeros,1.0000000000
8488330,6356423214930,btc_qm_engine,btc_sha256_nonce,2657110407.0000000000
8488331,6356423215249,btc_qm_engine,btc_sha256_elapsed_ns,945.0000000000
8488332,6356423215649,btc_qm_engine,btc_sha256_nonce,1585794887.0000000000
8488333,6356423215987,btc_qm_engine,btc_leading_zeros,0.0000000000
8488334,6356423216048,btc_qm_engine,btc_sha256_elapsed_ns,896.0000000000
8488335,6356423217372,btc_qm_engine,btc_sha256_elapsed_ns,907.0000000000
8488336,6356423217746,btc_qm_engine,btc_sha256_elapsed_ns,752.0000000000
8488337,6356423220263,btc_qm_engine,btc_sha256_nonce,1026286002.0000000000
8488338,6356423220600,btc_qm_engine,btc_leading_zeros,2.0000000000
8488339,6356423220658,btc_qm_engine,btc_sha256_elapsed_ns,1051.0000000000
8488340,6356423221881,btc_qm_engine,btc_sha256_nonce,3201397390.0000000000
8488341,6356423224206,btc_qm_engine,btc_leading_zeros,1.0000000000
8488342,6356423224307,btc_qm_engine,btc_sha256_elapsed_ns,811.0000000000
8488343,6356423228919,btc_qm_engine,btc_leading_zeros,2.0000000000
8488344,6356423228989,btc_qm_engine,btc_sha256_elapsed_ns,907.0000000000
8488345,6356423613019,btc_qm_engine,btc_leading_zeros,0.0000000000
8488346,6356423614173,btc_qm_engine,btc_sha256_elapsed_ns,726.0000000000
