seq,ts_ns,module,key,value
280302060,1762221553601,btc_qm_engine,btc_leading_zeros,0.0000000000
280302061,1762221553693,btc_qm_engine,btc_sha256_elapsed_ns,1187.0000000000
280302062,1762221555154,btc_qm_engine,btc_sha256_nonce,248770642.0000000000
280302063,1762221555281,btc_qm_engine,btc_leading_zeros,0.0000000000
280302064,1762221555379,btc_qm_engine,btc_sha256_elapsed_ns,1190.0000000000
280302065,1762221556838,btc_qm_engine,btc_sha256_nonce,248766717.0000000000
280302066,1762221556934,btc_qm_engine,btc_leading_zeros,4.0000000000
280302067,1762221557034,btc_qm_engine,btc_sha256_elapsed_ns,1181.0000000000
280302068,1762221557249,btc_qm_engine,btc_lebesgue_scan_nonce,37.0000000000
280302069,1762221558590,btc_qm_engine,btc_sha256_nonce,4278170178.0000000000
280302070,1762221558684,btc_qm_engine,btc_leading_zeros,0.0000000000
280302071,1762221558778,btc_qm_engine,btc_sha256_elapsed_ns,1180.0000000000
280302072,1762221560237,btc_qm_engine,btc_sha256_nonce,248688616.0000000000
280302073,1762221560338,btc_qm_engine,btc_leading_zeros,0.0000000000
280302074,1762221560427,btc_qm_engine,btc_sha256_elapsed_ns,1187.0000000000
280302075,1762221561894,btc_qm_engine,btc_sha256_nonce,249653282.0000000000
280302076,1762221561990,btc_qm_engine,btc_leading_zeros,1.0000000000
280302077,1762221562084,btc_qm_engine,btc_sha256_elapsed_ns,1186.0000000000
280302078,1762221562300,btc_qm_engine,btc_lebesgue_scan_nonce,17.0000000000
280302079,1762221563635,btc_qm_engine,btc_sha256_nonce,4278308946.0000000000
280302080,1762221563731,btc_qm_engine,btc_leading_zeros,0.0000000000
280302081,1762221563821,btc_qm_engine,btc_sha256_elapsed_ns,1183.0000000000
280302082,1762221564040,btc_qm_engine,btc_lebesgue_scan_nonce,22.0000000000
280302083,1762221565371,btc_qm_engine,btc_sha256_nonce,4278220332.0000000000
280302084,1762221565466,btc_qm_engine,btc_leading_zeros,0.0000000000
280302085,1762221565556,btc_qm_engine,btc_sha256_elapsed_ns,1182.0000000000
280302086,1762221567000,btc_qm_engine,btc_sha256_nonce,249475992.0000000000
280302087,1762221567099,btc_qm_engine,btc_leading_zeros,0.0000000000
280302088,1762221567194,btc_qm_engine,btc_sha256_elapsed_ns,1180.0000000000
280302089,1762221568645,btc_qm_engine,btc_sha256_nonce,503948129.0000000000
280302090,1762221568740,btc_qm_engine,btc_leading_zeros,1.0000000000
280302091,1762221568830,btc_qm_engine,btc_sha256_elapsed_ns,1187.0000000000
280302092,1762221570280,btc_qm_engine,btc_sha256_nonce,246664410.0000000000
280302093,1762221570383,btc_qm_engine,btc_leading_zeros,1.0000000000
280302094,1762221570473,btc_qm_engine,btc_sha256_elapsed_ns,1182.0000000000
280302095,1762221570692,btc_qm_engine,btc_lebesgue_scan_nonce,22.0000000000
280302096,1762221572020,btc_qm_engine,btc_sha256_nonce,4278266378.0000000000
280302097,1762221572120,btc_qm_engine,btc_leading_zeros,0.0000000000
280302098,1762221572209,btc_qm_engine,btc_sha256_elapsed_ns,1183.0000000000
280302099,1762221573680,btc_qm_engine,btc_sha256_nonce,247015494.0000000000
280302100,1762221573793,btc_qm_engine,btc_leading_zeros,2.0000000000
280302101,1762221573883,btc_qm_engine,btc_sha256_elapsed_ns,1191.0000000000
280302102,1762221574093,btc_qm_engine,btc_orbital_scan_nonce,4278189539.0000000000
280302103,1762221575427,btc_qm_engine,btc_sha256_nonce,4278189539.0000000000
280302104,1762221575521,btc_qm_engine,btc_leading_zeros,0.0000000000
280302105,1762221575612,btc_qm_engine,btc_sha256_elapsed_ns,1186.0000000000
280302106,1762221575826,btc_qm_engine,btc_lebesgue_scan_nonce,33.0000000000
280302107,1762221577154,btc_qm_engine,btc_sha256_nonce,4278138150.0000000000
280302108,1762221577245,btc_qm_engine,btc_leading_zeros,0.0000000000
280302109,1762221577336,btc_qm_engine,btc_sha256_elapsed_ns,1187.0000000000
280302110,1762221578790,btc_qm_engine,btc_sha256_nonce,245445447.0000000000
280302111,1762221578890,btc_qm_engine,btc_leading_zeros,2.0000000000
280302112,1762221578978,btc_qm_engine,btc_sha256_elapsed_ns,1176.0000000000
280302113,1762221580428,btc_qm_engine,btc_sha256_nonce,244073606.0000000000
280302114,1762221580542,btc_qm_engine,btc_leading_zeros,1.0000000000
280302115,1762221580633,btc_qm_engine,btc_sha256_elapsed_ns,1182.0000000000
280302116,1762221582083,btc_qm_engine,btc_sha256_nonce,245926325.0000000000
280302117,1762221582185,btc_qm_engine,btc_leading_zeros,0.0000000000
280302118,1762221582282,btc_qm_engine,btc_sha256_elapsed_ns,1182.0000000000
280302119,1762221582490,btc_qm_engine,btc_orbital_scan_nonce,4278206775.0000000000
280302120,1762221583824,btc_qm_engine,btc_sha256_nonce,4278206775.0000000000
280302121,1762221583925,btc_qm_engine,btc_leading_zeros,0.0000000000
280302122,1762221584017,btc_qm_engine,btc_sha256_elapsed_ns,1184.0000000000
280302123,1762221584235,btc_qm_engine,btc_lebesgue_scan_nonce,11.0000000000
280302124,1762221585576,btc_qm_engine,btc_sha256_nonce,4278210172.0000000000
280302125,1762221585671,btc_qm_engine,btc_leading_zeros,4.0000000000
280302126,1762221585763,btc_qm_engine,btc_sha256_elapsed_ns,1183.0000000000
280302127,1762221587220,btc_qm_engine,btc_sha256_nonce,248019295.0000000000
280302128,1762221587316,btc_qm_engine,btc_leading_zeros,0.0000000000
280302129,1762221587408,btc_qm_engine,btc_sha256_elapsed_ns,1191.0000000000
280302130,1762221588873,btc_qm_engine,btc_sha256_nonce,248560747.0000000000
280302131,1762221588976,btc_qm_engine,btc_leading_zeros,4.0000000000
280302132,1762221589063,btc_qm_engine,btc_sha256_elapsed_ns,1180.0000000000
280302133,1762221590533,btc_qm_engine,btc_sha256_nonce,243637270.0000000000
280302134,1762221590630,btc_qm_engine,btc_leading_zeros,2.0000000000
280302135,1762221590721,btc_qm_engine,btc_sha256_elapsed_ns,1181.0000000000
280302136,1762221590938,btc_qm_engine,btc_lebesgue_scan_nonce,25.0000000000
280302137,1762221592276,btc_qm_engine,btc_sha256_nonce,4278181210.0000000000
280302138,1762221592369,btc_qm_engine,btc_leading_zeros,0.0000000000
280302139,1762221592461,btc_qm_engine,btc_sha256_elapsed_ns,1185.0000000000
280302140,1762221592663,btc_qm_engine,btc_orbital_scan_nonce,4278217849.0000000000
280302141,1762221593990,btc_qm_engine,btc_sha256_nonce,4278217849.0000000000
280302142,1762221594079,btc_qm_engine,btc_leading_zeros,0.0000000000
280302143,1762221594169,btc_qm_engine,btc_sha256_elapsed_ns,1185.0000000000
280302144,1762221595616,btc_qm_engine,btc_sha256_nonce,250275194.0000000000
280302145,1762221595719,btc_qm_engine,btc_leading_zeros,0.0000000000
280302146,1762221595810,btc_qm_engine,btc_sha256_elapsed_ns,1185.0000000000
280302147,1762221596010,btc_qm_engine,btc_orbital_scan_nonce,4278163645.0000000000
280302148,1762221597352,btc_qm_engine,btc_sha256_nonce,4278163645.0000000000
280302149,1762221597451,btc_qm_engine,btc_leading_zeros,1.0000000000
280302150,1762221597542,btc_qm_engine,btc_sha256_elapsed_ns,1195.0000000000
280302151,1762221599003,btc_qm_engine,btc_sha256_nonce,250586900.0000000000
280302152,1762221599097,btc_qm_engine,btc_leading_zeros,1.0000000000
280302153,1762221599190,btc_qm_engine,btc_sha256_elapsed_ns,1181.0000000000
280302154,1762221599398,btc_qm_engine,btc_orbital_scan_nonce,4278202435.0000000000
280302155,1762221600733,btc_qm_engine,btc_sha256_nonce,4278202435.0000000000
280302156,1762221600825,btc_qm_engine,btc_leading_zeros,1.0000000000
280302157,1762221600915,btc_qm_engine,btc_sha256_elapsed_ns,1186.0000000000
280302158,1762221601111,btc_qm_engine,btc_orbital_scan_nonce,4278182352.0000000000
280302159,1762221602435,btc_qm_engine,btc_sha256_nonce,4278182352.0000000000
280302160,1762221602528,btc_qm_engine,btc_leading_zeros,1.0000000000
280302161,1762221602616,btc_qm_engine,btc_sha256_elapsed_ns,1182.0000000000
280302162,1762221604070,btc_qm_engine,btc_sha256_nonce,250404308.0000000000
280302163,1762221604169,btc_qm_engine,btc_leading_zeros,0.0000000000
280302164,1762221604257,btc_qm_engine,btc_sha256_elapsed_ns,1191.0000000000
280302165,1762221605750,btc_qm_engine,btc_sha256_nonce,245045288.0000000000
280302166,1762221605845,btc_qm_engine,btc_leading_zeros,0.0000000000
280302167,1762221605940,btc_qm_engine,btc_sha256_elapsed_ns,1187.0000000000
280302168,1762221606142,btc_qm_engine,btc_orbital_scan_nonce,4278201067.0000000000
280302169,1762221607475,btc_qm_engine,btc_sha256_nonce,4278201067.0000000000
280302170,1762221607562,btc_qm_engine,btc_leading_zeros,0.0000000000
280302171,1762221607657,btc_qm_engine,btc_sha256_elapsed_ns,1183.0000000000
280302172,1762221609116,btc_qm_engine,btc_sha256_nonce,250299912.0000000000
280302173,1762221609220,btc_qm_engine,btc_leading_zeros,4.0000000000
280302174,1762221609309,btc_qm_engine,btc_sha256_elapsed_ns,1186.0000000000
280302175,1762221610757,btc_qm_engine,btc_sha256_nonce,245405968.0000000000
280302176,1762221610852,btc_qm_engine,btc_leading_zeros,0.0000000000
280302177,1762221610943,btc_qm_engine,btc_sha256_elapsed_ns,1184.0000000000
280302178,1762221612392,btc_qm_engine,btc_sha256_nonce,244254231.0000000000
280302179,1762221612491,btc_qm_engine,btc_leading_zeros,0.0000000000
280302180,1762221612586,btc_qm_engine,btc_sha256_elapsed_ns,1186.0000000000
280302181,1762221614074,btc_qm_engine,btc_sha256_nonce,244874822.0000000000
280302182,1762221614190,btc_qm_engine,btc_leading_zeros,3.0000000000
280302183,1762221614287,btc_qm_engine,btc_sha256_elapsed_ns,1189.0000000000
280302184,1762221614504,btc_qm_engine,btc_lebesgue_scan_nonce,14.0000000000
280302185,1762221615851,btc_qm_engine,btc_sha256_nonce,4278111595.0000000000
280302186,1762221615945,btc_qm_engine,btc_leading_zeros,0.0000000000
280302187,1762221616036,btc_qm_engine,btc_sha256_elapsed_ns,1184.0000000000
280302188,1762221617485,btc_qm_engine,btc_sha256_nonce,247704644.0000000000
280302189,1762221617588,btc_qm_engine,btc_leading_zeros,1.0000000000
280302190,1762221617677,btc_qm_engine,btc_sha256_elapsed_ns,1183.0000000000
280302191,1762221617880,btc_qm_engine,btc_orbital_scan_nonce,4278189425.0000000000
280302192,1762221619210,btc_qm_engine,btc_sha256_nonce,4278189425.0000000000
280302193,1762221619307,btc_qm_engine,btc_leading_zeros,1.0000000000
280302194,1762221619398,btc_qm_engine,btc_sha256_elapsed_ns,1187.0000000000
280302195,1762221619602,btc_qm_engine,btc_orbital_scan_nonce,4278185103.0000000000
280302196,1762221620929,btc_qm_engine,btc_sha256_nonce,4278185103.0000000000
280302197,1762221621025,btc_qm_engine,btc_leading_zeros,0.0000000000
280302198,1762221621115,btc_qm_engine,btc_sha256_elapsed_ns,1189.0000000000
280302199,1762221622574,btc_qm_engine,btc_sha256_nonce,247357637.0000000000
280302200,1762221622682,btc_qm_engine,btc_leading_zeros,0.0000000000
280302201,1762221622773,btc_qm_engine,btc_sha256_elapsed_ns,1189.0000000000
280302202,1762221624239,btc_qm_engine,btc_sha256_nonce,246529250.0000000000
280302203,1762221624340,btc_qm_engine,btc_leading_zeros,0.0000000000
280302204,1762221624434,btc_qm_engine,btc_sha256_elapsed_ns,1195.0000000000
280302205,1762221624641,btc_qm_engine,btc_orbital_scan_nonce,4278218838.0000000000
280302206,1762221625974,btc_qm_engine,btc_sha256_nonce,4278218838.0000000000
280302207,1762221626067,btc_qm_engine,btc_leading_zeros,1.0000000000
280302208,1762221626158,btc_qm_engine,btc_sha256_elapsed_ns,1186.0000000000
280302209,1762221627630,btc_qm_engine,btc_sha256_nonce,244406466.0000000000
280302210,1762221627728,btc_qm_engine,btc_leading_zeros,2.0000000000
280302211,1762221627824,btc_qm_engine,btc_sha256_elapsed_ns,1192.0000000000
280302212,1762221629273,btc_qm_engine,btc_sha256_nonce,247663740.0000000000
280302213,1762221629374,btc_qm_engine,btc_leading_zeros,1.0000000000
280302214,1762221629462,btc_qm_engine,btc_sha256_elapsed_ns,1186.0000000000
280302215,1762221629682,btc_qm_engine,btc_lebesgue_scan_nonce,2.0000000000
280302216,1762221631042,btc_qm_engine,btc_sha256_nonce,4278417327.0000000000
280302217,1762221631186,btc_qm_engine,btc_leading_zeros,3.0000000000
280302218,1762221631285,btc_qm_engine,btc_sha256_elapsed_ns,1186.0000000000
280302219,1762221631502,btc_qm_engine,btc_lebesgue_scan_nonce,31.0000000000
280302220,1762221632841,btc_qm_engine,btc_sha256_nonce,4278254713.0000000000
280302221,1762221632937,btc_qm_engine,btc_leading_zeros,2.0000000000
280302222,1762221633029,btc_qm_engine,btc_sha256_elapsed_ns,1177.0000000000
280302223,1762221633231,btc_qm_engine,btc_orbital_scan_nonce,4278208644.0000000000
280302224,1762221634552,btc_qm_engine,btc_sha256_nonce,4278208644.0000000000
280302225,1762221634646,btc_qm_engine,btc_leading_zeros,0.0000000000
280302226,1762221634737,btc_qm_engine,btc_sha256_elapsed_ns,1181.0000000000
280302227,1762221636184,btc_qm_engine,btc_sha256_nonce,243604157.0000000000
280302228,1762221636279,btc_qm_engine,btc_leading_zeros,0.0000000000
280302229,1762221636367,btc_qm_engine,btc_sha256_elapsed_ns,1180.0000000000
280302230,1762221637818,btc_qm_engine,btc_sha256_nonce,250051505.0000000000
280302231,1762221637917,btc_qm_engine,btc_leading_zeros,0.0000000000
280302232,1762221638006,btc_qm_engine,btc_sha256_elapsed_ns,1187.0000000000
280302233,1762221639476,btc_qm_engine,btc_sha256_nonce,249403560.0000000000
280302234,1762221639574,btc_qm_engine,btc_leading_zeros,1.0000000000
280302235,1762221639668,btc_qm_engine,btc_sha256_elapsed_ns,1188.0000000000
280302236,1762221641123,btc_qm_engine,btc_sha256_nonce,248401129.0000000000
280302237,1762221641224,btc_qm_engine,btc_leading_zeros,0.0000000000
280302238,1762221641310,btc_qm_engine,btc_sha256_elapsed_ns,1183.0000000000
280302239,1762221641512,btc_qm_engine,btc_orbital_scan_nonce,4278162292.0000000000
280302240,1762221642861,btc_qm_engine,btc_sha256_nonce,4278162292.0000000000
280302241,1762221642956,btc_qm_engine,btc_leading_zeros,0.0000000000
280302242,1762221643043,btc_qm_engine,btc_sha256_elapsed_ns,1198.0000000000
280302243,1762221643227,btc_qm_engine,btc_orbital_scan_nonce,4278180924.0000000000
280302244,1762221644556,btc_qm_engine,btc_sha256_nonce,4278180924.0000000000
280302245,1762221644651,btc_qm_engine,btc_leading_zeros,0.0000000000
280302246,1762221644741,btc_qm_engine,btc_sha256_elapsed_ns,1188.0000000000
280302247,1762221646189,btc_qm_engine,btc_sha256_nonce,244803035.0000000000
280302248,1762221646286,btc_qm_engine,btc_leading_zeros,0.0000000000
280302249,1762221646376,btc_qm_engine,btc_sha256_elapsed_ns,1181.0000000000
280302250,1762221647819,btc_qm_engine,btc_sha256_nonce,243654407.0000000000
280302251,1762221647928,btc_qm_engine,btc_leading_zeros,1.0000000000
280302252,1762221648017,btc_qm_engine,btc_sha256_elapsed_ns,1182.0000000000
280302253,1762221648236,btc_qm_engine,btc_lebesgue_scan_nonce,1.0000000000
280302254,1762221649582,btc_qm_engine,btc_sha256_nonce,4278089227.0000000000
280302255,1762221649676,btc_qm_engine,btc_leading_zeros,1.0000000000
280302256,1762221649767,btc_qm_engine,btc_sha256_elapsed_ns,1185.0000000000
280302257,1762221649972,btc_qm_engine,btc_orbital_scan_nonce,4278225578.0000000000
280302258,1762221651296,btc_qm_engine,btc_sha256_nonce,4278225578.0000000000
280302259,1762221651390,btc_qm_engine,btc_leading_zeros,0.0000000000
280302260,1762221651476,btc_qm_engine,btc_sha256_elapsed_ns,1189.0000000000
280302261,1762221651680,btc_qm_engine,btc_orbital_scan_nonce,4278195487.0000000000
280302262,1762221653004,btc_qm_engine,btc_sha256_nonce,4278195487.0000000000
280302263,1762221653098,btc_qm_engine,btc_leading_zeros,1.0000000000
280302264,1762221653187,btc_qm_engine,btc_sha256_elapsed_ns,1184.0000000000
280302265,1762221654636,btc_qm_engine,btc_sha256_nonce,248477829.0000000000
280302266,1762221654735,btc_qm_engine,btc_leading_zeros,1.0000000000
280302267,1762221654825,btc_qm_engine,btc_sha256_elapsed_ns,1186.0000000000
280302268,1762221655029,btc_qm_engine,btc_orbital_scan_nonce,4278183183.0000000000
280302269,1762221656348,btc_qm_engine,btc_sha256_nonce,4278183183.0000000000
280302270,1762221656444,btc_qm_engine,btc_leading_zeros,1.0000000000
280302271,1762221656536,btc_qm_engine,btc_sha256_elapsed_ns,1181.0000000000
280302272,1762221657985,btc_qm_engine,btc_sha256_nonce,249009889.0000000000
280302273,1762221658087,btc_qm_engine,btc_leading_zeros,1.0000000000
280302274,1762221658186,btc_qm_engine,btc_sha256_elapsed_ns,1192.0000000000
280302275,1762221659646,btc_qm_engine,btc_sha256_nonce,245746920.0000000000
280302276,1762221659743,btc_qm_engine,btc_leading_zeros,3.0000000000
280302277,1762221659841,btc_qm_engine,btc_sha256_elapsed_ns,1183.0000000000
280302278,1762221660043,btc_qm_engine,btc_orbital_scan_nonce,4278240080.0000000000
280302279,1762221661376,btc_qm_engine,btc_sha256_nonce,4278240080.0000000000
280302280,1762221661474,btc_qm_engine,btc_leading_zeros,0.0000000000
280302281,1762221661566,btc_qm_engine,btc_sha256_elapsed_ns,1186.0000000000
280302282,1762221661782,btc_qm_engine,btc_lebesgue_scan_nonce,5.0000000000
280302283,1762221663136,btc_qm_engine,btc_sha256_nonce,4278231139.0000000000
280302284,1762221663227,btc_qm_engine,btc_leading_zeros,2.0000000000
280302285,1762221663320,btc_qm_engine,btc_sha256_elapsed_ns,1179.0000000000
280302286,1762221663523,btc_qm_engine,btc_orbital_scan_nonce,4278199760.0000000000
280302287,1762221664846,btc_qm_engine,btc_sha256_nonce,4278199760.0000000000
280302288,1762221664936,btc_qm_engine,btc_leading_zeros,1.0000000000
280302289,1762221665026,btc_qm_engine,btc_sha256_elapsed_ns,1184.0000000000
280302290,1762221665258,btc_qm_engine,btc_lebesgue_scan_nonce,18.0000000000
280302291,1762221666587,btc_qm_engine,btc_sha256_nonce,4278342321.0000000000
280302292,1762221666678,btc_qm_engine,btc_leading_zeros,1.0000000000
280302293,1762221666770,btc_qm_engine,btc_sha256_elapsed_ns,1187.0000000000
280302294,1762221666976,btc_qm_engine,btc_orbital_scan_nonce,4278168918.0000000000
280302295,1762221668296,btc_qm_engine,btc_sha256_nonce,4278168918.0000000000
280302296,1762221668384,btc_qm_engine,btc_leading_zeros,0.0000000000
280302297,1762221668476,btc_qm_engine,btc_sha256_elapsed_ns,1179.0000000000
280302298,1762221669923,btc_qm_engine,btc_sha256_nonce,247388838.0000000000
280302299,1762221670023,btc_qm_engine,btc_leading_zeros,1.0000000000
280302300,1762221670112,btc_qm_engine,btc_sha256_elapsed_ns,1179.0000000000
280302301,1762221671559,btc_qm_engine,btc_sha256_nonce,246775939.0000000000
280302302,1762221671662,btc_qm_engine,btc_leading_zeros,1.0000000000
280302303,1762221671753,btc_qm_engine,btc_sha256_elapsed_ns,1188.0000000000
280302304,1762221671957,btc_qm_engine,btc_orbital_scan_nonce,4278224723.0000000000
280302305,1762221673297,btc_qm_engine,btc_sha256_nonce,4278224723.0000000000
280302306,1762221673391,btc_qm_engine,btc_leading_zeros,0.0000000000
280302307,1762221673485,btc_qm_engine,btc_sha256_elapsed_ns,1188.0000000000
280302308,1762221673683,btc_qm_engine,btc_orbital_scan_nonce,4278159478.0000000000
280302309,1762221674999,btc_qm_engine,btc_sha256_nonce,4278159478.0000000000
280302310,1762221675088,btc_qm_engine,btc_leading_zeros,0.0000000000
280302311,1762221675179,btc_qm_engine,btc_sha256_elapsed_ns,1177.0000000000
280302312,1762221675364,btc_qm_engine,btc_orbital_scan_nonce,4278178871.0000000000
280302313,1762221676692,btc_qm_engine,btc_sha256_nonce,4278178871.0000000000
280302314,1762221676783,btc_qm_engine,btc_leading_zeros,0.0000000000
280302315,1762221676876,btc_qm_engine,btc_sha256_elapsed_ns,1191.0000000000
280302316,1762221678321,btc_qm_engine,btc_sha256_nonce,251051729.0000000000
280302317,1762221678423,btc_qm_engine,btc_leading_zeros,0.0000000000
280302318,1762221678510,btc_qm_engine,btc_sha256_elapsed_ns,1184.0000000000
280302319,1762221679995,btc_qm_engine,btc_sha256_nonce,245773026.0000000000
280302320,1762221680096,btc_qm_engine,btc_leading_zeros,0.0000000000
280302321,1762221680185,btc_qm_engine,btc_sha256_elapsed_ns,1184.0000000000
280302322,1762221681632,btc_qm_engine,btc_sha256_nonce,247913548.0000000000
280302323,1762221681729,btc_qm_engine,btc_leading_zeros,0.0000000000
280302324,1762221681826,btc_qm_engine,btc_sha256_elapsed_ns,1185.0000000000
280302325,1762221683282,btc_qm_engine,btc_sha256_nonce,249129980.0000000000
280302326,1762221683378,btc_qm_engine,btc_leading_zeros,1.0000000000
280302327,1762221683478,btc_qm_engine,btc_sha256_elapsed_ns,1195.0000000000
280302328,1762221684934,btc_qm_engine,btc_sha256_nonce,250816059.0000000000
280302329,1762221685040,btc_qm_engine,btc_leading_zeros,3.0000000000
280302330,1762221685134,btc_qm_engine,btc_sha256_elapsed_ns,1180.0000000000
280302331,1762221686585,btc_qm_engine,btc_sha256_nonce,251321111.0000000000
280302332,1762221686681,btc_qm_engine,btc_leading_zeros,1.0000000000
280302333,1762221686780,btc_qm_engine,btc_sha256_elapsed_ns,1186.0000000000
280302334,1762221686983,btc_qm_engine,btc_orbital_scan_nonce,4278157625.0000000000
280302335,1762221688315,btc_qm_engine,btc_sha256_nonce,4278157625.0000000000
280302336,1762221688411,btc_qm_engine,btc_leading_zeros,1.0000000000
280302337,1762221688501,btc_qm_engine,btc_sha256_elapsed_ns,1186.0000000000
280302338,1762221689945,btc_qm_engine,btc_sha256_nonce,247442546.0000000000
280302339,1762221690045,btc_qm_engine,btc_leading_zeros,0.0000000000
280302340,1762221690140,btc_qm_engine,btc_sha256_elapsed_ns,1185.0000000000
280302341,1762221690358,btc_qm_engine,btc_lebesgue_scan_nonce,9.0000000000
280302342,1762221691700,btc_qm_engine,btc_sha256_nonce,4278350596.0000000000
280302343,1762221691801,btc_qm_engine,btc_leading_zeros,0.0000000000
280302344,1762221691891,btc_qm_engine,btc_sha256_elapsed_ns,1187.0000000000
280302345,1762221693380,btc_qm_engine,btc_sha256_nonce,249827699.0000000000
280302346,1762221693476,btc_qm_engine,btc_leading_zeros,2.0000000000
280302347,1762221693567,btc_qm_engine,btc_sha256_elapsed_ns,1189.0000000000
280302348,1762221695018,btc_qm_engine,btc_sha256_nonce,249989152.0000000000
280302349,1762221695121,btc_qm_engine,btc_leading_zeros,1.0000000000
280302350,1762221695210,btc_qm_engine,btc_sha256_elapsed_ns,1188.0000000000
280302351,1762221695411,btc_qm_engine,btc_orbital_scan_nonce,4278189753.0000000000
280302352,1762221696747,btc_qm_engine,btc_sha256_nonce,4278189753.0000000000
280302353,1762221696852,btc_qm_engine,btc_leading_zeros,0.0000000000
280302354,1762221696943,btc_qm_engine,btc_sha256_elapsed_ns,1189.0000000000
280302355,1762221697160,btc_qm_engine,btc_lebesgue_scan_nonce,20.0000000000
280302356,1762221698485,btc_qm_engine,btc_sha256_nonce,4278128398.0000000000
280302357,1762221698579,btc_qm_engine,btc_leading_zeros,0.0000000000
280302358,1762221698669,btc_qm_engine,btc_sha256_elapsed_ns,1183.0000000000
280302359,1762221700125,btc_qm_engine,btc_sha256_nonce,245141197.0000000000
280302360,1762221700218,btc_qm_engine,btc_leading_zeros,1.0000000000
280302361,1762221700311,btc_qm_engine,btc_sha256_elapsed_ns,1189.0000000000
280302362,1762221701756,btc_qm_engine,btc_sha256_nonce,251453397.0000000000
280302363,1762221701856,btc_qm_engine,btc_leading_zeros,0.0000000000
280302364,1762221701946,btc_qm_engine,btc_sha256_elapsed_ns,1187.0000000000
280302365,1762221703407,btc_qm_engine,btc_sha256_nonce,247615793.0000000000
280302366,1762221703505,btc_qm_engine,btc_leading_zeros,0.0000000000
280302367,1762221703599,btc_qm_engine,btc_sha256_elapsed_ns,1188.0000000000
280302368,1762221703818,btc_qm_engine,btc_lebesgue_scan_nonce,14.0000000000
280302369,1762221705168,btc_qm_engine,btc_sha256_nonce,4278318957.0000000000
280302370,1762221705282,btc_qm_engine,btc_leading_zeros,4.0000000000
280302371,1762221705376,btc_qm_engine,btc_sha256_elapsed_ns,1185.0000000000
280302372,1762221706837,btc_qm_engine,btc_sha256_nonce,248004508.0000000000
280302373,1762221706936,btc_qm_engine,btc_leading_zeros,0.0000000000
280302374,1762221707026,btc_qm_engine,btc_sha256_elapsed_ns,1194.0000000000
280302375,1762221708490,btc_qm_engine,btc_sha256_nonce,249843757.0000000000
280302376,1762221708587,btc_qm_engine,btc_leading_zeros,3.0000000000
280302377,1762221708679,btc_qm_engine,btc_sha256_elapsed_ns,1184.0000000000
280302378,1762221710142,btc_qm_engine,btc_sha256_nonce,249685533.0000000000
280302379,1762221710241,btc_qm_engine,btc_leading_zeros,4.0000000000
280302380,1762221710338,btc_qm_engine,btc_sha256_elapsed_ns,1184.0000000000
280302381,1762221710556,btc_qm_engine,btc_lebesgue_scan_nonce,35.0000000000
280302382,1762221711902,btc_qm_engine,btc_sha256_nonce,4278144215.0000000000
280302383,1762221712002,btc_qm_engine,btc_leading_zeros,4.0000000000
280302384,1762221712091,btc_qm_engine,btc_sha256_elapsed_ns,1188.0000000000
280302385,1762221712292,btc_qm_engine,btc_orbital_scan_nonce,4278240080.0000000000
280302386,1762221713624,btc_qm_engine,btc_sha256_nonce,4278240080.0000000000
280302387,1762221713718,btc_qm_engine,btc_leading_zeros,0.0000000000
280302388,1762221713809,btc_qm_engine,btc_sha256_elapsed_ns,1187.0000000000
280302389,1762221715259,btc_qm_engine,btc_sha256_nonce,251329959.0000000000
280302390,1762221715357,btc_qm_engine,btc_leading_zeros,0.0000000000
280302391,1762221715447,btc_qm_engine,btc_sha256_elapsed_ns,1189.0000000000
280302392,1762221715649,btc_qm_engine,btc_orbital_scan_nonce,4278238375.0000000000
280302393,1762221717014,btc_qm_engine,btc_sha256_nonce,4278238375.0000000000
280302394,1762221717107,btc_qm_engine,btc_leading_zeros,0.0000000000
280302395,1762221717201,btc_qm_engine,btc_sha256_elapsed_ns,1185.0000000000
280302396,1762221717407,btc_qm_engine,btc_orbital_scan_nonce,4278204588.0000000000
280302397,1762221718732,btc_qm_engine,btc_sha256_nonce,4278204588.0000000000
280302398,1762221718823,btc_qm_engine,btc_leading_zeros,0.0000000000
280302399,1762221718913,btc_qm_engine,btc_sha256_elapsed_ns,1189.0000000000
280302400,1762221719129,btc_qm_engine,btc_lebesgue_scan_nonce,26.0000000000
280302401,1762221720499,btc_qm_engine,btc_sha256_nonce,4278273597.0000000000
280302402,1762221720590,btc_qm_engine,btc_leading_zeros,2.0000000000
280302403,1762221720680,btc_qm_engine,btc_sha256_elapsed_ns,1193.0000000000
280302404,1762221720896,btc_qm_engine,btc_lebesgue_scan_nonce,17.0000000000
280302405,1762221722229,btc_qm_engine,btc_sha256_nonce,4278205048.0000000000
280302406,1762221722321,btc_qm_engine,btc_leading_zeros,0.0000000000
280302407,1762221722423,btc_qm_engine,btc_sha256_elapsed_ns,1185.0000000000
280302408,1762221722642,btc_qm_engine,btc_lebesgue_scan_nonce,25.0000000000
280302409,1762221723968,btc_qm_engine,btc_sha256_nonce,4278300759.0000000000
280302410,1762221724059,btc_qm_engine,btc_leading_zeros,0.0000000000
280302411,1762221724150,btc_qm_engine,btc_sha256_elapsed_ns,1188.0000000000
280302412,1762221725615,btc_qm_engine,btc_sha256_nonce,245302975.0000000000
280302413,1762221725715,btc_qm_engine,btc_leading_zeros,2.0000000000
280302414,1762221725808,btc_qm_engine,btc_sha256_elapsed_ns,1184.0000000000
280302415,1762221726010,btc_qm_engine,btc_orbital_scan_nonce,4278192901.0000000000
280302416,1762221727339,btc_qm_engine,btc_sha256_nonce,4278192901.0000000000
280302417,1762221727434,btc_qm_engine,btc_leading_zeros,0.0000000000
280302418,1762221727524,btc_qm_engine,btc_sha256_elapsed_ns,1187.0000000000
280302419,1762221728973,btc_qm_engine,btc_sha256_nonce,244240307.0000000000
280302420,1762221729068,btc_qm_engine,btc_leading_zeros,0.0000000000
280302421,1762221729196,btc_qm_engine,btc_sha256_elapsed_ns,1187.0000000000
280302422,1762221730641,btc_qm_engine,btc_sha256_nonce,249522534.0000000000
280302423,1762221730740,btc_qm_engine,btc_leading_zeros,0.0000000000
280302424,1762221730827,btc_qm_engine,btc_sha256_elapsed_ns,1179.0000000000
280302425,1762221732302,btc_qm_engine,btc_sha256_nonce,243508838.0000000000
280302426,1762221732396,btc_qm_engine,btc_leading_zeros,2.0000000000
280302427,1762221732490,btc_qm_engine,btc_sha256_elapsed_ns,1188.0000000000
280302428,1762221733942,btc_qm_engine,btc_sha256_nonce,249441195.0000000000
280302429,1762221734043,btc_qm_engine,btc_leading_zeros,1.0000000000
280302430,1762221734132,btc_qm_engine,btc_sha256_elapsed_ns,1186.0000000000
280302431,1762221734333,btc_qm_engine,btc_orbital_scan_nonce,4278179410.0000000000
280302432,1762221735666,btc_qm_engine,btc_sha256_nonce,4278179410.0000000000
280302433,1762221735767,btc_qm_engine,btc_leading_zeros,1.0000000000
280302434,1762221735854,btc_qm_engine,btc_sha256_elapsed_ns,1185.0000000000
280302435,1762221737307,btc_qm_engine,btc_sha256_nonce,245461665.0000000000
280302436,1762221737403,btc_qm_engine,btc_leading_zeros,1.0000000000
280302437,1762221737492,btc_qm_engine,btc_sha256_elapsed_ns,1184.0000000000
280302438,1762221737692,btc_qm_engine,btc_orbital_scan_nonce,4278233235.0000000000
280302439,1762221739024,btc_qm_engine,btc_sha256_nonce,4278233235.0000000000
280302440,1762221739119,btc_qm_engine,btc_leading_zeros,0.0000000000
280302441,1762221739211,btc_qm_engine,btc_sha256_elapsed_ns,1186.0000000000
280302442,1762221739412,btc_qm_engine,btc_orbital_scan_nonce,4278202910.0000000000
280302443,1762221740767,btc_qm_engine,btc_sha256_nonce,4278202910.0000000000
280302444,1762221740861,btc_qm_engine,btc_leading_zeros,2.0000000000
280302445,1762221740952,btc_qm_engine,btc_sha256_elapsed_ns,1183.0000000000
280302446,1762221742401,btc_qm_engine,btc_sha256_nonce,250890025.0000000000
280302447,1762221742502,btc_qm_engine,btc_leading_zeros,0.0000000000
280302448,1762221742592,btc_qm_engine,btc_sha256_elapsed_ns,1187.0000000000
280302449,1762221742809,btc_qm_engine,btc_lebesgue_scan_nonce,9.0000000000
280302450,1762221744149,btc_qm_engine,btc_sha256_nonce,4278016177.0000000000
280302451,1762221744244,btc_qm_engine,btc_leading_zeros,1.0000000000
280302452,1762221744333,btc_qm_engine,btc_sha256_elapsed_ns,1187.0000000000
280302453,1762221745787,btc_qm_engine,btc_sha256_nonce,243813581.0000000000
280302454,1762221745887,btc_qm_engine,btc_leading_zeros,1.0000000000
280302455,1762221745981,btc_qm_engine,btc_sha256_elapsed_ns,1192.0000000000
280302456,1762221746184,btc_qm_engine,btc_orbital_scan_nonce,4278181774.0000000000
280302457,1762221747514,btc_qm_engine,btc_sha256_nonce,4278181774.0000000000
280302458,1762221747606,btc_qm_engine,btc_leading_zeros,0.0000000000
280302459,1762221747699,btc_qm_engine,btc_sha256_elapsed_ns,1186.0000000000
280302460,1762221747914,btc_qm_engine,btc_lebesgue_scan_nonce,2.0000000000
280302461,1762221749244,btc_qm_engine,btc_sha256_nonce,4278414138.0000000000
280302462,1762221749334,btc_qm_engine,btc_leading_zeros,0.0000000000
280302463,1762221749427,btc_qm_engine,btc_sha256_elapsed_ns,1190.0000000000
280302464,1762221749642,btc_qm_engine,btc_lebesgue_scan_nonce,30.0000000000
280302465,1762221750963,btc_qm_engine,btc_sha256_nonce,4278273105.0000000000
280302466,1762221751054,btc_qm_engine,btc_leading_zeros,1.0000000000
280302467,1762221751144,btc_qm_engine,btc_sha256_elapsed_ns,1183.0000000000
280302468,1762221751343,btc_qm_engine,btc_orbital_scan_nonce,4278180542.0000000000
280302469,1762221752681,btc_qm_engine,btc_sha256_nonce,4278180542.0000000000
280302470,1762221752769,btc_qm_engine,btc_leading_zeros,2.0000000000
280302471,1762221752862,btc_qm_engine,btc_sha256_elapsed_ns,1182.0000000000
280302472,1762221754303,btc_qm_engine,btc_sha256_nonce,247395210.0000000000
280302473,1762221754431,btc_qm_engine,btc_leading_zeros,0.0000000000
280302474,1762221754529,btc_qm_engine,btc_sha256_elapsed_ns,1182.0000000000
280302475,1762221755982,btc_qm_engine,btc_sha256_nonce,249545976.0000000000
280302476,1762221756079,btc_qm_engine,btc_leading_zeros,0.0000000000
280302477,1762221756169,btc_qm_engine,btc_sha256_elapsed_ns,1192.0000000000
280302478,1762221757638,btc_qm_engine,btc_sha256_nonce,247529345.0000000000
280302479,1762221757739,btc_qm_engine,btc_leading_zeros,2.0000000000
280302480,1762221757837,btc_qm_engine,btc_sha256_elapsed_ns,1191.0000000000
280302481,1762221759303,btc_qm_engine,btc_sha256_nonce,247583417.0000000000
280302482,1762221759399,btc_qm_engine,btc_leading_zeros,3.0000000000
280302483,1762221759499,btc_qm_engine,btc_sha256_elapsed_ns,1189.0000000000
280302484,1762221760943,btc_qm_engine,btc_sha256_nonce,4263011025.0000000000
280302485,1762221761043,btc_qm_engine,btc_leading_zeros,0.0000000000
280302486,1762221761133,btc_qm_engine,btc_sha256_elapsed_ns,1188.0000000000
280302487,1762221762588,btc_qm_engine,btc_sha256_nonce,244938789.0000000000
280302488,1762221762684,btc_qm_engine,btc_leading_zeros,0.0000000000
280302489,1762221762798,btc_qm_engine,btc_sha256_elapsed_ns,1186.0000000000
280302490,1762221764238,btc_qm_engine,btc_sha256_nonce,246888664.0000000000
280302491,1762221764337,btc_qm_engine,btc_leading_zeros,1.0000000000
280302492,1762221764434,btc_qm_engine,btc_sha256_elapsed_ns,1181.0000000000
280302493,1762221764640,btc_qm_engine,btc_orbital_scan_nonce,4278145246.0000000000
280302494,1762221765988,btc_qm_engine,btc_sha256_nonce,4278145246.0000000000
280302495,1762221766090,btc_qm_engine,btc_leading_zeros,2.0000000000
280302496,1762221766177,btc_qm_engine,btc_sha256_elapsed_ns,1178.0000000000
280302497,1762221766375,btc_qm_engine,btc_orbital_scan_nonce,4278160282.0000000000
280302498,1762221767698,btc_qm_engine,btc_sha256_nonce,4278160282.0000000000
280302499,1762221767799,btc_qm_engine,btc_leading_zeros,1.0000000000
280302500,1762221767886,btc_qm_engine,btc_sha256_elapsed_ns,1181.0000000000
280302501,1762221769335,btc_qm_engine,btc_sha256_nonce,245018590.0000000000
280302502,1762221769431,btc_qm_engine,btc_leading_zeros,0.0000000000
280302503,1762221769532,btc_qm_engine,btc_sha256_elapsed_ns,1186.0000000000
280302504,1762221770973,btc_qm_engine,btc_sha256_nonce,247108678.0000000000
280302505,1762221771073,btc_qm_engine,btc_leading_zeros,1.0000000000
280302506,1762221771171,btc_qm_engine,btc_sha256_elapsed_ns,1183.0000000000
280302507,1762221772626,btc_qm_engine,btc_sha256_nonce,243752981.0000000000
280302508,1762221772724,btc_qm_engine,btc_leading_zeros,0.0000000000
280302509,1762221772832,btc_qm_engine,btc_sha256_elapsed_ns,1181.0000000000
280302510,1762221774274,btc_qm_engine,btc_sha256_nonce,244862472.0000000000
280302511,1762221774375,btc_qm_engine,btc_leading_zeros,1.0000000000
280302512,1762221774473,btc_qm_engine,btc_sha256_elapsed_ns,1183.0000000000
280302513,1762221775934,btc_qm_engine,btc_sha256_nonce,2328937334.0000000000
280302514,1762221776032,btc_qm_engine,btc_leading_zeros,0.0000000000
280302515,1762221776132,btc_qm_engine,btc_sha256_elapsed_ns,1194.0000000000
280302516,1762221777570,btc_qm_engine,btc_sha256_nonce,251387458.0000000000
280302517,1762221777673,btc_qm_engine,btc_leading_zeros,0.0000000000
280302518,1762221777769,btc_qm_engine,btc_sha256_elapsed_ns,1181.0000000000
280302519,1762221777967,btc_qm_engine,btc_orbital_scan_nonce,4278227031.0000000000
280302520,1762221779303,btc_qm_engine,btc_sha256_nonce,4278227031.0000000000
280302521,1762221779407,btc_qm_engine,btc_leading_zeros,1.0000000000
280302522,1762221779499,btc_qm_engine,btc_sha256_elapsed_ns,1186.0000000000
280302523,1762221779698,btc_qm_engine,btc_orbital_scan_nonce,4278177743.0000000000
280302524,1762221781040,btc_qm_engine,btc_sha256_nonce,4278177743.0000000000
280302525,1762221781142,btc_qm_engine,btc_leading_zeros,0.0000000000
280302526,1762221781229,btc_qm_engine,btc_sha256_elapsed_ns,1187.0000000000
280302527,1762221781434,btc_qm_engine,btc_orbital_scan_nonce,4278196208.0000000000
280302528,1762221782757,btc_qm_engine,btc_sha256_nonce,4278196208.0000000000
280302529,1762221782850,btc_qm_engine,btc_leading_zeros,0.0000000000
280302530,1762221782938,btc_qm_engine,btc_sha256_elapsed_ns,1187.0000000000
280302531,1762221783142,btc_qm_engine,btc_orbital_scan_nonce,4278154183.0000000000
280302532,1762221784465,btc_qm_engine,btc_sha256_nonce,4278154183.0000000000
280302533,1762221784559,btc_qm_engine,btc_leading_zeros,0.0000000000
280302534,1762221784648,btc_qm_engine,btc_sha256_elapsed_ns,1188.0000000000
280302535,1762221786102,btc_qm_engine,btc_sha256_nonce,245414323.0000000000
280302536,1762221786198,btc_qm_engine,btc_leading_zeros,0.0000000000
280302537,1762221786287,btc_qm_engine,btc_sha256_elapsed_ns,1190.0000000000
280302538,1762221786492,btc_qm_engine,btc_orbital_scan_nonce,4278164242.0000000000
280302539,1762221787827,btc_qm_engine,btc_sha256_nonce,4278164242.0000000000
280302540,1762221787917,btc_qm_engine,btc_leading_zeros,0.0000000000
280302541,1762221788008,btc_qm_engine,btc_sha256_elapsed_ns,1189.0000000000
280302542,1762221788198,btc_qm_engine,btc_orbital_scan_nonce,4278194579.0000000000
280302543,1762221789525,btc_qm_engine,btc_sha256_nonce,4278194579.0000000000
280302544,1762221789616,btc_qm_engine,btc_leading_zeros,0.0000000000
280302545,1762221789709,btc_qm_engine,btc_sha256_elapsed_ns,1186.0000000000
280302546,1762221789895,btc_qm_engine,btc_orbital_scan_nonce,4278199360.0000000000
280302547,1762221791224,btc_qm_engine,btc_sha256_nonce,4278199360.0000000000
280302548,1762221791315,btc_qm_engine,btc_leading_zeros,1.0000000000
280302549,1762221791407,btc_qm_engine,btc_sha256_elapsed_ns,1180.0000000000
280302550,1762221792870,btc_qm_engine,btc_sha256_nonce,248817209.0000000000
280302551,1762221792969,btc_qm_engine,btc_leading_zeros,2.0000000000
280302552,1762221793060,btc_qm_engine,btc_sha256_elapsed_ns,1184.0000000000
280302553,1762221794517,btc_qm_engine,btc_sha256_nonce,243744866.0000000000
280302554,1762221794614,btc_qm_engine,btc_leading_zeros,0.0000000000
280302555,1762221794709,btc_qm_engine,btc_sha256_elapsed_ns,1188.0000000000
280302556,1762221794940,btc_qm_engine,btc_lebesgue_scan_nonce,23.0000000000
280302557,1762221796310,btc_qm_engine,btc_sha256_nonce,4278063338.0000000000
280302558,1762221796407,btc_qm_engine,btc_leading_zeros,4.0000000000
280302559,1762221796500,btc_qm_engine,btc_sha256_elapsed_ns,1182.0000000000
280302560,1762221797943,btc_qm_engine,btc_sha256_nonce,245422111.0000000000
280302561,1762221798048,btc_qm_engine,btc_leading_zeros,0.0000000000
280302562,1762221798138,btc_qm_engine,btc_sha256_elapsed_ns,1180.0000000000
280302563,1762221798357,btc_qm_engine,btc_lebesgue_scan_nonce,26.0000000000
280302564,1762221799675,btc_qm_engine,btc_sha256_nonce,4278235283.0000000000
280302565,1762221799770,btc_qm_engine,btc_leading_zeros,1.0000000000
280302566,1762221799860,btc_qm_engine,btc_sha256_elapsed_ns,1176.0000000000
280302567,1762221800065,btc_qm_engine,btc_orbital_scan_nonce,4278235921.0000000000
280302568,1762221801386,btc_qm_engine,btc_sha256_nonce,4278235921.0000000000
280302569,1762221801480,btc_qm_engine,btc_leading_zeros,0.0000000000
280302570,1762221801573,btc_qm_engine,btc_sha256_elapsed_ns,1181.0000000000
280302571,1762221801757,btc_qm_engine,btc_orbital_scan_nonce,4278183434.0000000000
280302572,1762221803082,btc_qm_engine,btc_sha256_nonce,4278183434.0000000000
280302573,1762221803177,btc_qm_engine,btc_leading_zeros,0.0000000000
280302574,1762221803267,btc_qm_engine,btc_sha256_elapsed_ns,1187.0000000000
280302575,1762221803481,btc_qm_engine,btc_orbital_scan_nonce,4278219740.0000000000
280302576,1762221804802,btc_qm_engine,btc_sha256_nonce,4278219740.0000000000
280302577,1762221804898,btc_qm_engine,btc_leading_zeros,0.0000000000
280302578,1762221804987,btc_qm_engine,btc_sha256_elapsed_ns,1180.0000000000
280302579,1762221806453,btc_qm_engine,btc_sha256_nonce,251204401.0000000000
280302580,1762221806550,btc_qm_engine,btc_leading_zeros,4.0000000000
280302581,1762221806642,btc_qm_engine,btc_sha256_elapsed_ns,1186.0000000000
280302582,1762221808104,btc_qm_engine,btc_sha256_nonce,248650764.0000000000
280302583,1762221808210,btc_qm_engine,btc_leading_zeros,2.0000000000
280302584,1762221808300,btc_qm_engine,btc_sha256_elapsed_ns,1186.0000000000
280302585,1762221809758,btc_qm_engine,btc_sha256_nonce,250109335.0000000000
280302586,1762221809855,btc_qm_engine,btc_leading_zeros,0.0000000000
280302587,1762221809949,btc_qm_engine,btc_sha256_elapsed_ns,1183.0000000000
280302588,1762221810169,btc_qm_engine,btc_lebesgue_scan_nonce,31.0000000000
280302589,1762221811512,btc_qm_engine,btc_sha256_nonce,4278267322.0000000000
280302590,1762221811608,btc_qm_engine,btc_leading_zeros,0.0000000000
280302591,1762221811702,btc_qm_engine,btc_sha256_elapsed_ns,1183.0000000000
280302592,1762221811908,btc_qm_engine,btc_orbital_scan_nonce,4278140080.0000000000
280302593,1762221813235,btc_qm_engine,btc_sha256_nonce,4278140080.0000000000
280302594,1762221813328,btc_qm_engine,btc_leading_zeros,1.0000000000
280302595,1762221813421,btc_qm_engine,btc_sha256_elapsed_ns,1189.0000000000
280302596,1762221813639,btc_qm_engine,btc_lebesgue_scan_nonce,7.0000000000
280302597,1762221814975,btc_qm_engine,btc_sha256_nonce,4278166102.0000000000
280302598,1762221815067,btc_qm_engine,btc_leading_zeros,0.0000000000
280302599,1762221815159,btc_qm_engine,btc_sha256_elapsed_ns,1184.0000000000
280302600,1762221815366,btc_qm_engine,btc_orbital_scan_nonce,4278228886.0000000000
280302601,1762221816693,btc_qm_engine,btc_sha256_nonce,4278228886.0000000000
280302602,1762221816785,btc_qm_engine,btc_leading_zeros,0.0000000000
280302603,1762221816882,btc_qm_engine,btc_sha256_elapsed_ns,1184.0000000000
280302604,1762221817082,btc_qm_engine,btc_orbital_scan_nonce,4278223460.0000000000
280302605,1762221818408,btc_qm_engine,btc_sha256_nonce,4278223460.0000000000
280302606,1762221818501,btc_qm_engine,btc_leading_zeros,1.0000000000
280302607,1762221818594,btc_qm_engine,btc_sha256_elapsed_ns,1186.0000000000
280302608,1762221820057,btc_qm_engine,btc_sha256_nonce,243581011.0000000000
280302609,1762221820173,btc_qm_engine,btc_leading_zeros,0.0000000000
280302610,1762221820264,btc_qm_engine,btc_sha256_elapsed_ns,1185.0000000000
280302611,1762221821725,btc_qm_engine,btc_sha256_nonce,3204013369.0000000000
280302612,1762221821833,btc_qm_engine,btc_leading_zeros,4.0000000000
280302613,1762221821923,btc_qm_engine,btc_sha256_elapsed_ns,1180.0000000000
280302614,1762221822131,btc_qm_engine,btc_orbital_scan_nonce,4278164584.0000000000
280302615,1762221823460,btc_qm_engine,btc_sha256_nonce,4278164584.0000000000
280302616,1762221823559,btc_qm_engine,btc_leading_zeros,1.0000000000
280302617,1762221823646,btc_qm_engine,btc_sha256_elapsed_ns,1180.0000000000
280302618,1762221825095,btc_qm_engine,btc_sha256_nonce,251464115.0000000000
280302619,1762221825196,btc_qm_engine,btc_leading_zeros,0.0000000000
280302620,1762221825291,btc_qm_engine,btc_sha256_elapsed_ns,1185.0000000000
280302621,1762221826744,btc_qm_engine,btc_sha256_nonce,249132070.0000000000
280302622,1762221826842,btc_qm_engine,btc_leading_zeros,0.0000000000
280302623,1762221826943,btc_qm_engine,btc_sha256_elapsed_ns,1186.0000000000
280302624,1762221827156,btc_qm_engine,btc_lebesgue_scan_nonce,4.0000000000
280302625,1762221828499,btc_qm_engine,btc_sha256_nonce,4278140623.0000000000
280302626,1762221828613,btc_qm_engine,btc_leading_zeros,3.0000000000
280302627,1762221828705,btc_qm_engine,btc_sha256_elapsed_ns,1181.0000000000
280302628,1762221830152,btc_qm_engine,btc_sha256_nonce,246241964.0000000000
280302629,1762221830258,btc_qm_engine,btc_leading_zeros,1.0000000000
280302630,1762221830356,btc_qm_engine,btc_sha256_elapsed_ns,1181.0000000000
280302631,1762221830582,btc_qm_engine,btc_lebesgue_scan_nonce,28.0000000000
280302632,1762221831909,btc_qm_engine,btc_sha256_nonce,4278127776.0000000000
280302633,1762221832010,btc_qm_engine,btc_leading_zeros,0.0000000000
280302634,1762221832100,btc_qm_engine,btc_sha256_elapsed_ns,1184.0000000000
280302635,1762221833569,btc_qm_engine,btc_sha256_nonce,247079064.0000000000
280302636,1762221833664,btc_qm_engine,btc_leading_zeros,4.0000000000
280302637,1762221833752,btc_qm_engine,btc_sha256_elapsed_ns,1185.0000000000
280302638,1762221833955,btc_qm_engine,btc_orbital_scan_nonce,4278223342.0000000000
280302639,1762221835300,btc_qm_engine,btc_sha256_nonce,4278223342.0000000000
280302640,1762221835399,btc_qm_engine,btc_leading_zeros,4.0000000000
280302641,1762221835491,btc_qm_engine,btc_sha256_elapsed_ns,1182.0000000000
280302642,1762221836935,btc_qm_engine,btc_sha256_nonce,247516497.0000000000
280302643,1762221837033,btc_qm_engine,btc_leading_zeros,1.0000000000
280302644,1762221837129,btc_qm_engine,btc_sha256_elapsed_ns,1187.0000000000
280302645,1762221837326,btc_qm_engine,btc_orbital_scan_nonce,4278182405.0000000000
280302646,1762221838658,btc_qm_engine,btc_sha256_nonce,4278182405.0000000000
280302647,1762221838756,btc_qm_engine,btc_leading_zeros,0.0000000000
280302648,1762221838854,btc_qm_engine,btc_sha256_elapsed_ns,1188.0000000000
280302649,1762221840306,btc_qm_engine,btc_sha256_nonce,249094450.0000000000
280302650,1762221840404,btc_qm_engine,btc_leading_zeros,1.0000000000
280302651,1762221840500,btc_qm_engine,btc_sha256_elapsed_ns,1181.0000000000
280302652,1762221841956,btc_qm_engine,btc_sha256_nonce,244844166.0000000000
280302653,1762221842056,btc_qm_engine,btc_leading_zeros,0.0000000000
280302654,1762221842145,btc_qm_engine,btc_sha256_elapsed_ns,1185.0000000000
280302655,1762221843598,btc_qm_engine,btc_sha256_nonce,245644686.0000000000
280302656,1762221843693,btc_qm_engine,btc_leading_zeros,0.0000000000
280302657,1762221843784,btc_qm_engine,btc_sha256_elapsed_ns,1185.0000000000
280302658,1762221845249,btc_qm_engine,btc_sha256_nonce,244411400.0000000000
280302659,1762221845351,btc_qm_engine,btc_leading_zeros,4.0000000000
280302660,1762221845448,btc_qm_engine,btc_sha256_elapsed_ns,1186.0000000000
280302661,1762221846909,btc_qm_engine,btc_sha256_nonce,245652723.0000000000
280302662,1762221847008,btc_qm_engine,btc_leading_zeros,0.0000000000
280302663,1762221847119,btc_qm_engine,btc_sha256_elapsed_ns,1189.0000000000
280302664,1762221847321,btc_qm_engine,btc_orbital_scan_nonce,4278140080.0000000000
280302665,1762221848649,btc_qm_engine,btc_sha256_nonce,4278140080.0000000000
280302666,1762221848750,btc_qm_engine,btc_leading_zeros,1.0000000000
280302667,1762221848842,btc_qm_engine,btc_sha256_elapsed_ns,1187.0000000000
280302668,1762221849061,btc_qm_engine,btc_lebesgue_scan_nonce,20.0000000000
280302669,1762221850408,btc_qm_engine,btc_sha256_nonce,4278057270.0000000000
280302670,1762221850501,btc_qm_engine,btc_leading_zeros,0.0000000000
280302671,1762221850592,btc_qm_engine,btc_sha256_elapsed_ns,1187.0000000000
280302672,1762221850800,btc_qm_engine,btc_orbital_scan_nonce,4278240080.0000000000
280302673,1762221852131,btc_qm_engine,btc_sha256_nonce,4278240080.0000000000
280302674,1762221852225,btc_qm_engine,btc_leading_zeros,0.0000000000
280302675,1762221852319,btc_qm_engine,btc_sha256_elapsed_ns,1192.0000000000
280302676,1762221853767,btc_qm_engine,btc_sha256_nonce,245506745.0000000000
280302677,1762221853944,btc_qm_engine,btc_leading_zeros,1.0000000000
280302678,1762221854039,btc_qm_engine,btc_sha256_elapsed_ns,1184.0000000000
280302679,1762221854244,btc_qm_engine,btc_orbital_scan_nonce,4278205540.0000000000
280302680,1762221855569,btc_qm_engine,btc_sha256_nonce,4278205540.0000000000
280302681,1762221855665,btc_qm_engine,btc_leading_zeros,0.0000000000
280302682,1762221855756,btc_qm_engine,btc_sha256_elapsed_ns,1181.0000000000
280302683,1762221857207,btc_qm_engine,btc_sha256_nonce,247460396.0000000000
280302684,1762221857306,btc_qm_engine,btc_leading_zeros,0.0000000000
280302685,1762221857395,btc_qm_engine,btc_sha256_elapsed_ns,1184.0000000000
280302686,1762221858845,btc_qm_engine,btc_sha256_nonce,245605100.0000000000
280302687,1762221858948,btc_qm_engine,btc_leading_zeros,0.0000000000
280302688,1762221859037,btc_qm_engine,btc_sha256_elapsed_ns,1188.0000000000
280302689,1762221859243,btc_qm_engine,btc_orbital_scan_nonce,4278165049.0000000000
280302690,1762221860573,btc_qm_engine,btc_sha256_nonce,4278165049.0000000000
280302691,1762221860665,btc_qm_engine,btc_leading_zeros,0.0000000000
280302692,1762221860754,btc_qm_engine,btc_sha256_elapsed_ns,1183.0000000000
280302693,1762221862233,btc_qm_engine,btc_sha256_nonce,250626707.0000000000
280302694,1762221862340,btc_qm_engine,btc_leading_zeros,2.0000000000
280302695,1762221862434,btc_qm_engine,btc_sha256_elapsed_ns,1185.0000000000
280302696,1762221862639,btc_qm_engine,btc_orbital_scan_nonce,4278198855.0000000000
280302697,1762221863981,btc_qm_engine,btc_sha256_nonce,4278198855.0000000000
280302698,1762221864073,btc_qm_engine,btc_leading_zeros,2.0000000000
280302699,1762221864165,btc_qm_engine,btc_sha256_elapsed_ns,1182.0000000000
280302700,1762221865617,btc_qm_engine,btc_sha256_nonce,243977012.0000000000
280302701,1762221865720,btc_qm_engine,btc_leading_zeros,1.0000000000
280302702,1762221865809,btc_qm_engine,btc_sha256_elapsed_ns,1188.0000000000
280302703,1762221866006,btc_qm_engine,btc_orbital_scan_nonce,4278200358.0000000000
280302704,1762221867335,btc_qm_engine,btc_sha256_nonce,4278200358.0000000000
280302705,1762221867433,btc_qm_engine,btc_leading_zeros,0.0000000000
280302706,1762221867521,btc_qm_engine,btc_sha256_elapsed_ns,1187.0000000000
280302707,1762221868991,btc_qm_engine,btc_sha256_nonce,250933048.0000000000
280302708,1762221869090,btc_qm_engine,btc_leading_zeros,2.0000000000
280302709,1762221869179,btc_qm_engine,btc_sha256_elapsed_ns,1187.0000000000
280302710,1762221869383,btc_qm_engine,btc_orbital_scan_nonce,4278174904.0000000000
280302711,1762221870718,btc_qm_engine,btc_sha256_nonce,4278174904.0000000000
280302712,1762221870810,btc_qm_engine,btc_leading_zeros,0.0000000000
280302713,1762221870902,btc_qm_engine,btc_sha256_elapsed_ns,1189.0000000000
280302714,1762221871119,btc_qm_engine,btc_lebesgue_scan_nonce,23.0000000000
280302715,1762221872465,btc_qm_engine,btc_sha256_nonce,4278259272.0000000000
280302716,1762221872559,btc_qm_engine,btc_leading_zeros,0.0000000000
280302717,1762221872651,btc_qm_engine,btc_sha256_elapsed_ns,1187.0000000000
280302718,1762221874111,btc_qm_engine,btc_sha256_nonce,251393660.0000000000
280302719,1762221874211,btc_qm_engine,btc_leading_zeros,3.0000000000
280302720,1762221874302,btc_qm_engine,btc_sha256_elapsed_ns,1182.0000000000
280302721,1762221874504,btc_qm_engine,btc_orbital_scan_nonce,4278145720.0000000000
280302722,1762221875832,btc_qm_engine,btc_sha256_nonce,4278145720.0000000000
280302723,1762221875923,btc_qm_engine,btc_leading_zeros,0.0000000000
280302724,1762221876011,btc_qm_engine,btc_sha256_elapsed_ns,1181.0000000000
280302725,1762221876218,btc_qm_engine,btc_orbital_scan_nonce,4278201098.0000000000
280302726,1762221877542,btc_qm_engine,btc_sha256_nonce,4278201098.0000000000
280302727,1762221877632,btc_qm_engine,btc_leading_zeros,0.0000000000
280302728,1762221877724,btc_qm_engine,btc_sha256_elapsed_ns,1187.0000000000
280302729,1762221877933,btc_qm_engine,btc_orbital_scan_nonce,4278228658.0000000000
280302730,1762221879255,btc_qm_engine,btc_sha256_nonce,4278228658.0000000000
280302731,1762221879350,btc_qm_engine,btc_leading_zeros,1.0000000000
280302732,1762221879439,btc_qm_engine,btc_sha256_elapsed_ns,1190.0000000000
280302733,1762221880885,btc_qm_engine,btc_sha256_nonce,250859396.0000000000
280302734,1762221880984,btc_qm_engine,btc_leading_zeros,0.0000000000
280302735,1762221881075,btc_qm_engine,btc_sha256_elapsed_ns,1187.0000000000
280302736,1762221882532,btc_qm_engine,btc_sha256_nonce,249543641.0000000000
280302737,1762221882632,btc_qm_engine,btc_leading_zeros,1.0000000000
280302738,1762221882724,btc_qm_engine,btc_sha256_elapsed_ns,1192.0000000000
280302739,1762221884198,btc_qm_engine,btc_sha256_nonce,245831661.0000000000
280302740,1762221884292,btc_qm_engine,btc_leading_zeros,2.0000000000
280302741,1762221884392,btc_qm_engine,btc_sha256_elapsed_ns,1189.0000000000
280302742,1762221884599,btc_qm_engine,btc_orbital_scan_nonce,4278156917.0000000000
280302743,1762221885946,btc_qm_engine,btc_sha256_nonce,4278156917.0000000000
280302744,1762221886045,btc_qm_engine,btc_leading_zeros,2.0000000000
280302745,1762221886144,btc_qm_engine,btc_sha256_elapsed_ns,1183.0000000000
280302746,1762221886389,btc_qm_engine,btc_lebesgue_scan_nonce,38.0000000000
280302747,1762221887733,btc_qm_engine,btc_sha256_nonce,4278230267.0000000000
280302748,1762221887827,btc_qm_engine,btc_leading_zeros,0.0000000000
280302749,1762221887926,btc_qm_engine,btc_sha256_elapsed_ns,1181.0000000000
280302750,1762221889403,btc_qm_engine,btc_sha256_nonce,250909260.0000000000
280302751,1762221889502,btc_qm_engine,btc_leading_zeros,2.0000000000
280302752,1762221889596,btc_qm_engine,btc_sha256_elapsed_ns,1182.0000000000
280302753,1762221889814,btc_qm_engine,btc_lebesgue_scan_nonce,8.0000000000
280302754,1762221891143,btc_qm_engine,btc_sha256_nonce,4278013963.0000000000
280302755,1762221891236,btc_qm_engine,btc_leading_zeros,1.0000000000
280302756,1762221891327,btc_qm_engine,btc_sha256_elapsed_ns,1187.0000000000
280302757,1762221891544,btc_qm_engine,btc_lebesgue_scan_nonce,38.0000000000
280302758,1762221892857,btc_qm_engine,btc_sha256_nonce,4278199444.0000000000
280302759,1762221892949,btc_qm_engine,btc_leading_zeros,0.0000000000
280302760,1762221893037,btc_qm_engine,btc_sha256_elapsed_ns,1181.0000000000
280302761,1762221894486,btc_qm_engine,btc_sha256_nonce,250927652.0000000000
280302762,1762221894584,btc_qm_engine,btc_leading_zeros,0.0000000000
280302763,1762221894689,btc_qm_engine,btc_sha256_elapsed_ns,1185.0000000000
280302764,1762221894904,btc_qm_engine,btc_lebesgue_scan_nonce,38.0000000000
280302765,1762221896251,btc_qm_engine,btc_sha256_nonce,4278212408.0000000000
280302766,1762221896342,btc_qm_engine,btc_leading_zeros,0.0000000000
280302767,1762221896441,btc_qm_engine,btc_sha256_elapsed_ns,1185.0000000000
280302768,1762221897906,btc_qm_engine,btc_sha256_nonce,250431365.0000000000
280302769,1762221898004,btc_qm_engine,btc_leading_zeros,2.0000000000
280302770,1762221898094,btc_qm_engine,btc_sha256_elapsed_ns,1184.0000000000
280302771,1762221899542,btc_qm_engine,btc_sha256_nonce,243822690.0000000000
280302772,1762221899642,btc_qm_engine,btc_leading_zeros,0.0000000000
280302773,1762221899733,btc_qm_engine,btc_sha256_elapsed_ns,1179.0000000000
280302774,1762221901182,btc_qm_engine,btc_sha256_nonce,248178556.0000000000
280302775,1762221901281,btc_qm_engine,btc_leading_zeros,1.0000000000
280302776,1762221901377,btc_qm_engine,btc_sha256_elapsed_ns,1188.0000000000
280302777,1762221902831,btc_qm_engine,btc_sha256_nonce,246648004.0000000000
280302778,1762221902924,btc_qm_engine,btc_leading_zeros,4.0000000000
280302779,1762221903026,btc_qm_engine,btc_sha256_elapsed_ns,1178.0000000000
280302780,1762221904492,btc_qm_engine,btc_sha256_nonce,249659454.0000000000
280302781,1762221904600,btc_qm_engine,btc_leading_zeros,0.0000000000
280302782,1762221904698,btc_qm_engine,btc_sha256_elapsed_ns,1193.0000000000
280302783,1762221904900,btc_qm_engine,btc_orbital_scan_nonce,4278209127.0000000000
280302784,1762221906229,btc_qm_engine,btc_sha256_nonce,4278209127.0000000000
280302785,1762221906332,btc_qm_engine,btc_leading_zeros,1.0000000000
280302786,1762221906420,btc_qm_engine,btc_sha256_elapsed_ns,1185.0000000000
280302787,1762221907875,btc_qm_engine,btc_sha256_nonce,247089280.0000000000
280302788,1762221907971,btc_qm_engine,btc_leading_zeros,1.0000000000
280302789,1762221908062,btc_qm_engine,btc_sha256_elapsed_ns,1190.0000000000
280302790,1762221909512,btc_qm_engine,btc_sha256_nonce,250100149.0000000000
280302791,1762221909611,btc_qm_engine,btc_leading_zeros,0.0000000000
280302792,1762221909707,btc_qm_engine,btc_sha256_elapsed_ns,1188.0000000000
280302793,1762221909924,btc_qm_engine,btc_lebesgue_scan_nonce,17.0000000000
280302794,1762221911267,btc_qm_engine,btc_sha256_nonce,4278299420.0000000000
280302795,1762221911367,btc_qm_engine,btc_leading_zeros,0.0000000000
280302796,1762221911457,btc_qm_engine,btc_sha256_elapsed_ns,1187.0000000000
280302797,1762221912921,btc_qm_engine,btc_sha256_nonce,248755731.0000000000
280302798,1762221913019,btc_qm_engine,btc_leading_zeros,0.0000000000
280302799,1762221913115,btc_qm_engine,btc_sha256_elapsed_ns,1193.0000000000
280302800,1762221913330,btc_qm_engine,btc_lebesgue_scan_nonce,15.0000000000
280302801,1762221914686,btc_qm_engine,btc_sha256_nonce,4278212480.0000000000
280302802,1762221914778,btc_qm_engine,btc_leading_zeros,4.0000000000
280302803,1762221914874,btc_qm_engine,btc_sha256_elapsed_ns,1185.0000000000
280302804,1762221915073,btc_qm_engine,btc_orbital_scan_nonce,4278154271.0000000000
280302805,1762221916399,btc_qm_engine,btc_sha256_nonce,4278154271.0000000000
280302806,1762221916490,btc_qm_engine,btc_leading_zeros,0.0000000000
280302807,1762221916582,btc_qm_engine,btc_sha256_elapsed_ns,1183.0000000000
280302808,1762221918056,btc_qm_engine,btc_sha256_nonce,245619011.0000000000
280302809,1762221918157,btc_qm_engine,btc_leading_zeros,2.0000000000
280302810,1762221918245,btc_qm_engine,btc_sha256_elapsed_ns,1191.0000000000
280302811,1762221919712,btc_qm_engine,btc_sha256_nonce,244409324.0000000000
280302812,1762221919809,btc_qm_engine,btc_leading_zeros,4.0000000000
280302813,1762221919897,btc_qm_engine,btc_sha256_elapsed_ns,1181.0000000000
280302814,1762221920100,btc_qm_engine,btc_orbital_scan_nonce,4278185135.0000000000
280302815,1762221921431,btc_qm_engine,btc_sha256_nonce,4278185135.0000000000
280302816,1762221921526,btc_qm_engine,btc_leading_zeros,1.0000000000
280302817,1762221921624,btc_qm_engine,btc_sha256_elapsed_ns,1182.0000000000
280302818,1762221923068,btc_qm_engine,btc_sha256_nonce,246204092.0000000000
280302819,1762221923167,btc_qm_engine,btc_leading_zeros,1.0000000000
280302820,1762221923265,btc_qm_engine,btc_sha256_elapsed_ns,1186.0000000000
280302821,1762221923481,btc_qm_engine,btc_lebesgue_scan_nonce,12.0000000000
280302822,1762221924812,btc_qm_engine,btc_sha256_nonce,4278178370.0000000000
280302823,1762221924912,btc_qm_engine,btc_leading_zeros,0.0000000000
280302824,1762221924998,btc_qm_engine,btc_sha256_elapsed_ns,1188.0000000000
280302825,1762221925213,btc_qm_engine,btc_lebesgue_scan_nonce,16.0000000000
280302826,1762221926558,btc_qm_engine,btc_sha256_nonce,4278209268.0000000000
280302827,1762221926653,btc_qm_engine,btc_leading_zeros,3.0000000000
280302828,1762221926742,btc_qm_engine,btc_sha256_elapsed_ns,1189.0000000000
280302829,1762221928192,btc_qm_engine,btc_sha256_nonce,245399170.0000000000
280302830,1762221928287,btc_qm_engine,btc_leading_zeros,0.0000000000
280302831,1762221928417,btc_qm_engine,btc_sha256_elapsed_ns,1184.0000000000
280302832,1762221929862,btc_qm_engine,btc_sha256_nonce,250428069.0000000000
280302833,1762221929965,btc_qm_engine,btc_leading_zeros,1.0000000000
280302834,1762221930053,btc_qm_engine,btc_sha256_elapsed_ns,1183.0000000000
280302835,1762221930255,btc_qm_engine,btc_orbital_scan_nonce,4278171190.0000000000
280302836,1762221931594,btc_qm_engine,btc_sha256_nonce,4278171190.0000000000
280302837,1762221931688,btc_qm_engine,btc_leading_zeros,1.0000000000
280302838,1762221931779,btc_qm_engine,btc_sha256_elapsed_ns,1190.0000000000
280302839,1762221933222,btc_qm_engine,btc_sha256_nonce,250498859.0000000000
280302840,1762221933320,btc_qm_engine,btc_leading_zeros,0.0000000000
280302841,1762221933410,btc_qm_engine,btc_sha256_elapsed_ns,1179.0000000000
280302842,1762221933615,btc_qm_engine,btc_orbital_scan_nonce,4278191069.0000000000
280302843,1762221934947,btc_qm_engine,btc_sha256_nonce,4278191069.0000000000
280302844,1762221935037,btc_qm_engine,btc_leading_zeros,0.0000000000
280302845,1762221935128,btc_qm_engine,btc_sha256_elapsed_ns,1185.0000000000
280302846,1762221935341,btc_qm_engine,btc_lebesgue_scan_nonce,37.0000000000
280302847,1762221936664,btc_qm_engine,btc_sha256_nonce,4278177932.0000000000
280302848,1762221936755,btc_qm_engine,btc_leading_zeros,1.0000000000
280302849,1762221936850,btc_qm_engine,btc_sha256_elapsed_ns,1181.0000000000
280302850,1762221938303,btc_qm_engine,btc_sha256_nonce,247516695.0000000000
280302851,1762221938405,btc_qm_engine,btc_leading_zeros,1.0000000000
280302852,1762221938497,btc_qm_engine,btc_sha256_elapsed_ns,1191.0000000000
280302853,1762221938699,btc_qm_engine,btc_orbital_scan_nonce,4278205355.0000000000
280302854,1762221940039,btc_qm_engine,btc_sha256_nonce,4278205355.0000000000
280302855,1762221940132,btc_qm_engine,btc_leading_zeros,1.0000000000
280302856,1762221940223,btc_qm_engine,btc_sha256_elapsed_ns,1188.0000000000
280302857,1762221941675,btc_qm_engine,btc_sha256_nonce,248208483.0000000000
280302858,1762221941772,btc_qm_engine,btc_leading_zeros,0.0000000000
280302859,1762221941862,btc_qm_engine,btc_sha256_elapsed_ns,1187.0000000000
280302860,1762221942061,btc_qm_engine,btc_orbital_scan_nonce,4278201884.0000000000
280302861,1762221943394,btc_qm_engine,btc_sha256_nonce,4278201884.0000000000
280302862,1762221943484,btc_qm_engine,btc_leading_zeros,0.0000000000
280302863,1762221943576,btc_qm_engine,btc_sha256_elapsed_ns,1185.0000000000
280302864,1762221943787,btc_qm_engine,btc_orbital_scan_nonce,4278222244.0000000000
280302865,1762221945139,btc_qm_engine,btc_sha256_nonce,4278222244.0000000000
280302866,1762221945228,btc_qm_engine,btc_leading_zeros,4.0000000000
280302867,1762221945321,btc_qm_engine,btc_sha256_elapsed_ns,1183.0000000000
280302868,1762221946772,btc_qm_engine,btc_sha256_nonce,249461256.0000000000
280302869,1762221946875,btc_qm_engine,btc_leading_zeros,0.0000000000
280302870,1762221946960,btc_qm_engine,btc_sha256_elapsed_ns,1186.0000000000
280302871,1762221947167,btc_qm_engine,btc_orbital_scan_nonce,4278140080.0000000000
280302872,1762221948498,btc_qm_engine,btc_sha256_nonce,4278140080.0000000000
280302873,1762221948592,btc_qm_engine,btc_leading_zeros,1.0000000000
280302874,1762221948681,btc_qm_engine,btc_sha256_elapsed_ns,1185.0000000000
280302875,1762221948911,btc_qm_engine,btc_lebesgue_scan_nonce,4.0000000000
280302876,1762221950254,btc_qm_engine,btc_sha256_nonce,4278013927.0000000000
280302877,1762221950350,btc_qm_engine,btc_leading_zeros,0.0000000000
280302878,1762221950436,btc_qm_engine,btc_sha256_elapsed_ns,1185.0000000000
280302879,1762221951883,btc_qm_engine,btc_sha256_nonce,248851911.0000000000
280302880,1762221951978,btc_qm_engine,btc_leading_zeros,0.0000000000
280302881,1762221952071,btc_qm_engine,btc_sha256_elapsed_ns,1184.0000000000
280302882,1762221953541,btc_qm_engine,btc_sha256_nonce,366008272.0000000000
280302883,1762221953642,btc_qm_engine,btc_leading_zeros,1.0000000000
280302884,1762221953732,btc_qm_engine,btc_sha256_elapsed_ns,1185.0000000000
280302885,1762221953939,btc_qm_engine,btc_orbital_scan_nonce,4278207022.0000000000
280302886,1762221955268,btc_qm_engine,btc_sha256_nonce,4278207022.0000000000
280302887,1762221955360,btc_qm_engine,btc_leading_zeros,0.0000000000
280302888,1762221955448,btc_qm_engine,btc_sha256_elapsed_ns,1187.0000000000
280302889,1762221955645,btc_qm_engine,btc_orbital_scan_nonce,4278176307.0000000000
280302890,1762221956968,btc_qm_engine,btc_sha256_nonce,4278176307.0000000000
280302891,1762221957058,btc_qm_engine,btc_leading_zeros,1.0000000000
280302892,1762221957147,btc_qm_engine,btc_sha256_elapsed_ns,1186.0000000000
280302893,1762221957381,btc_qm_engine,btc_lebesgue_scan_nonce,6.0000000000
280302894,1762221958692,btc_qm_engine,btc_sha256_nonce,4278378162.0000000000
280302895,1762221958783,btc_qm_engine,btc_leading_zeros,0.0000000000
280302896,1762221958870,btc_qm_engine,btc_sha256_elapsed_ns,1179.0000000000
280302897,1762221960321,btc_qm_engine,btc_sha256_nonce,247230297.0000000000
280302898,1762221960417,btc_qm_engine,btc_leading_zeros,1.0000000000
280302899,1762221960510,btc_qm_engine,btc_sha256_elapsed_ns,1187.0000000000
280302900,1762221960707,btc_qm_engine,btc_orbital_scan_nonce,4278179726.0000000000
280302901,1762221962036,btc_qm_engine,btc_sha256_nonce,4278179726.0000000000
280302902,1762221962126,btc_qm_engine,btc_leading_zeros,0.0000000000
280302903,1762221962217,btc_qm_engine,btc_sha256_elapsed_ns,1181.0000000000
280302904,1762221962453,btc_qm_engine,btc_lebesgue_scan_nonce,7.0000000000
280302905,1762221963802,btc_qm_engine,btc_sha256_nonce,4278177280.0000000000
280302906,1762221963894,btc_qm_engine,btc_leading_zeros,1.0000000000
280302907,1762221963987,btc_qm_engine,btc_sha256_elapsed_ns,1179.0000000000
280302908,1762221965433,btc_qm_engine,btc_sha256_nonce,248584882.0000000000
280302909,1762221965535,btc_qm_engine,btc_leading_zeros,0.0000000000
280302910,1762221965625,btc_qm_engine,btc_sha256_elapsed_ns,1186.0000000000
280302911,1762221965832,btc_qm_engine,btc_orbital_scan_nonce,4278198553.0000000000
280302912,1762221967183,btc_qm_engine,btc_sha256_nonce,4278198553.0000000000
280302913,1762221967277,btc_qm_engine,btc_leading_zeros,4.0000000000
280302914,1762221967365,btc_qm_engine,btc_sha256_elapsed_ns,1188.0000000000
280302915,1762221967578,btc_qm_engine,btc_lebesgue_scan_nonce,37.0000000000
280302916,1762221968898,btc_qm_engine,btc_sha256_nonce,4278170779.0000000000
280302917,1762221969001,btc_qm_engine,btc_leading_zeros,0.0000000000
280302918,1762221969090,btc_qm_engine,btc_sha256_elapsed_ns,1184.0000000000
280302919,1762221969308,btc_qm_engine,btc_lebesgue_scan_nonce,18.0000000000
280302920,1762221970637,btc_qm_engine,btc_sha256_nonce,4278312505.0000000000
280302921,1762221970764,btc_qm_engine,btc_leading_zeros,1.0000000000
280302922,1762221970853,btc_qm_engine,btc_sha256_elapsed_ns,1185.0000000000
280302923,1762221972308,btc_qm_engine,btc_sha256_nonce,243865145.0000000000
280302924,1762221972404,btc_qm_engine,btc_leading_zeros,0.0000000000
280302925,1762221972494,btc_qm_engine,btc_sha256_elapsed_ns,1185.0000000000
280302926,1762221972698,btc_qm_engine,btc_orbital_scan_nonce,4278193416.0000000000
280302927,1762221974037,btc_qm_engine,btc_sha256_nonce,4278193416.0000000000
280302928,1762221974128,btc_qm_engine,btc_leading_zeros,0.0000000000
280302929,1762221974216,btc_qm_engine,btc_sha256_elapsed_ns,1193.0000000000
280302930,1762221974403,btc_qm_engine,btc_orbital_scan_nonce,4278166939.0000000000
280302931,1762221975727,btc_qm_engine,btc_sha256_nonce,4278166939.0000000000
280302932,1762221975818,btc_qm_engine,btc_leading_zeros,0.0000000000
280302933,1762221975948,btc_qm_engine,btc_sha256_elapsed_ns,1184.0000000000
280302934,1762221977391,btc_qm_engine,btc_sha256_nonce,245021631.0000000000
280302935,1762221977489,btc_qm_engine,btc_leading_zeros,0.0000000000
280302936,1762221977578,btc_qm_engine,btc_sha256_elapsed_ns,1182.0000000000
280302937,1762221977765,btc_qm_engine,btc_orbital_scan_nonce,4278182361.0000000000
280302938,1762221979113,btc_qm_engine,btc_sha256_nonce,4278182361.0000000000
280302939,1762221979210,btc_qm_engine,btc_leading_zeros,4.0000000000
280302940,1762221979297,btc_qm_engine,btc_sha256_elapsed_ns,1187.0000000000
280302941,1762221980744,btc_qm_engine,btc_sha256_nonce,3520408761.0000000000
280302942,1762221980842,btc_qm_engine,btc_leading_zeros,0.0000000000
280302943,1762221980933,btc_qm_engine,btc_sha256_elapsed_ns,1180.0000000000
280302944,1762221981119,btc_qm_engine,btc_orbital_scan_nonce,4278216167.0000000000
280302945,1762221982453,btc_qm_engine,btc_sha256_nonce,4278216167.0000000000
280302946,1762221982548,btc_qm_engine,btc_leading_zeros,0.0000000000
280302947,1762221982642,btc_qm_engine,btc_sha256_elapsed_ns,1189.0000000000
280302948,1762221984085,btc_qm_engine,btc_sha256_nonce,249327514.0000000000
280302949,1762221984187,btc_qm_engine,btc_leading_zeros,0.0000000000
280302950,1762221984287,btc_qm_engine,btc_sha256_elapsed_ns,1183.0000000000
280302951,1762221985748,btc_qm_engine,btc_sha256_nonce,249454413.0000000000
280302952,1762221985843,btc_qm_engine,btc_leading_zeros,4.0000000000
280302953,1762221985934,btc_qm_engine,btc_sha256_elapsed_ns,1176.0000000000
280302954,1762221986138,btc_qm_engine,btc_orbital_scan_nonce,4278188900.0000000000
280302955,1762221987471,btc_qm_engine,btc_sha256_nonce,4278188900.0000000000
280302956,1762221987567,btc_qm_engine,btc_leading_zeros,1.0000000000
280302957,1762221987656,btc_qm_engine,btc_sha256_elapsed_ns,1184.0000000000
280302958,1762221989097,btc_qm_engine,btc_sha256_nonce,248889206.0000000000
280302959,1762221989198,btc_qm_engine,btc_leading_zeros,0.0000000000
280302960,1762221989294,btc_qm_engine,btc_sha256_elapsed_ns,1183.0000000000
280302961,1762221990742,btc_qm_engine,btc_sha256_nonce,251343055.0000000000
280302962,1762221990839,btc_qm_engine,btc_leading_zeros,0.0000000000
280302963,1762221990939,btc_qm_engine,btc_sha256_elapsed_ns,1185.0000000000
280302964,1762221992382,btc_qm_engine,btc_sha256_nonce,247484380.0000000000
280302965,1762221992486,btc_qm_engine,btc_leading_zeros,0.0000000000
280302966,1762221992584,btc_qm_engine,btc_sha256_elapsed_ns,1182.0000000000
280302967,1762221994058,btc_qm_engine,btc_sha256_nonce,247932420.0000000000
280302968,1762221994173,btc_qm_engine,btc_leading_zeros,2.0000000000
280302969,1762221994269,btc_qm_engine,btc_sha256_elapsed_ns,1186.0000000000
280302970,1762221995720,btc_qm_engine,btc_sha256_nonce,250272020.0000000000
280302971,1762221995824,btc_qm_engine,btc_leading_zeros,0.0000000000
280302972,1762221995944,btc_qm_engine,btc_sha256_elapsed_ns,1185.0000000000
280302973,1762221997408,btc_qm_engine,btc_sha256_nonce,245827676.0000000000
280302974,1762221997514,btc_qm_engine,btc_leading_zeros,0.0000000000
280302975,1762221997611,btc_qm_engine,btc_sha256_elapsed_ns,1191.0000000000
280302976,1762221997817,btc_qm_engine,btc_orbital_scan_nonce,4278208669.0000000000
280302977,1762221999153,btc_qm_engine,btc_sha256_nonce,4278208669.0000000000
280302978,1762221999242,btc_qm_engine,btc_leading_zeros,1.0000000000
280302979,1762221999335,btc_qm_engine,btc_sha256_elapsed_ns,1189.0000000000
280302980,1762222011089,btc_qm_engine,btc_sha256_nonce,250795422.0000000000
280302981,1762222011666,btc_qm_engine,btc_leading_zeros,4.0000000000
280302982,1762222011799,btc_qm_engine,btc_sha256_elapsed_ns,11422.0000000000
280302983,1762222013937,btc_qm_engine,btc_sha256_nonce,251122760.0000000000
280302984,1762222014089,btc_qm_engine,btc_leading_zeros,1.0000000000
280302985,1762222014254,btc_qm_engine,btc_sha256_elapsed_ns,1752.0000000000
280302986,1762222016231,btc_qm_engine,btc_sha256_nonce,247833356.0000000000
280302987,1762222016342,btc_qm_engine,btc_leading_zeros,0.0000000000
280302988,1762222016475,btc_qm_engine,btc_sha256_elapsed_ns,1591.0000000000
280302989,1762222016783,btc_qm_engine,btc_lebesgue_scan_nonce,6.0000000000
280302990,1762222018392,btc_qm_engine,btc_sha256_nonce,4278160387.0000000000
280302991,1762222018499,btc_qm_engine,btc_leading_zeros,1.0000000000
280302992,1762222018620,btc_qm_engine,btc_sha256_elapsed_ns,1419.0000000000
280302993,1762222020408,btc_qm_engine,btc_sha256_nonce,248599014.0000000000
280302994,1762222020519,btc_qm_engine,btc_leading_zeros,0.0000000000
280302995,1762222020627,btc_qm_engine,btc_sha256_elapsed_ns,1441.0000000000
280302996,1762222022779,btc_qm_engine,btc_sha256_nonce,245876980.0000000000
280302997,1762222022911,btc_qm_engine,btc_leading_zeros,0.0000000000
280302998,1762222023034,btc_qm_engine,btc_sha256_elapsed_ns,1801.0000000000
280302999,1762222023357,btc_qm_engine,btc_lebesgue_scan_nonce,10.0000000000
280303000,1762222025481,btc_qm_engine,btc_sha256_nonce,4278160372.0000000000
280303001,1762222025612,btc_qm_engine,btc_leading_zeros,0.0000000000
280303002,1762222025735,btc_qm_engine,btc_sha256_elapsed_ns,1944.0000000000
280303003,1762222027727,btc_qm_engine,btc_sha256_nonce,248362401.0000000000
280303004,1762222027864,btc_qm_engine,btc_leading_zeros,0.0000000000
280303005,1762222027972,btc_qm_engine,btc_sha256_elapsed_ns,1665.0000000000
280303006,1762222029767,btc_qm_engine,btc_sha256_nonce,247005157.0000000000
280303007,1762222029887,btc_qm_engine,btc_leading_zeros,1.0000000000
280303008,1762222029995,btc_qm_engine,btc_sha256_elapsed_ns,1492.0000000000
280303009,1762222032139,btc_qm_engine,btc_sha256_nonce,244352076.0000000000
280303010,1762222032248,btc_qm_engine,btc_leading_zeros,1.0000000000
280303011,1762222032377,btc_qm_engine,btc_sha256_elapsed_ns,1773.0000000000
280303012,1762222032677,btc_qm_engine,btc_lebesgue_scan_nonce,5.0000000000
280303013,1762222034645,btc_qm_engine,btc_sha256_nonce,4278156616.0000000000
280303014,1762222034766,btc_qm_engine,btc_leading_zeros,2.0000000000
280303015,1762222034878,btc_qm_engine,btc_sha256_elapsed_ns,1762.0000000000
280303016,1762222035183,btc_qm_engine,btc_orbital_scan_nonce,4278186705.0000000000
280303017,1762222037148,btc_qm_engine,btc_sha256_nonce,4278186705.0000000000
280303018,1762222037284,btc_qm_engine,btc_leading_zeros,1.0000000000
280303019,1762222037415,btc_qm_engine,btc_sha256_elapsed_ns,1766.0000000000
280303020,1762222039910,btc_qm_engine,btc_sha256_nonce,246114755.0000000000
280303021,1762222040048,btc_qm_engine,btc_leading_zeros,2.0000000000
280303022,1762222040184,btc_qm_engine,btc_sha256_elapsed_ns,2148.0000000000
280303023,1762222040444,btc_qm_engine,btc_orbital_scan_nonce,4278171733.0000000000
280303024,1762222042285,btc_qm_engine,btc_sha256_nonce,4278171733.0000000000
280303025,1762222042388,btc_qm_engine,btc_leading_zeros,0.0000000000
280303026,1762222042498,btc_qm_engine,btc_sha256_elapsed_ns,1652.0000000000
280303027,1762222044392,btc_qm_engine,btc_sha256_nonce,245066643.0000000000
280303028,1762222044524,btc_qm_engine,btc_leading_zeros,0.0000000000
280303029,1762222044639,btc_qm_engine,btc_sha256_elapsed_ns,1572.0000000000
280303030,1762222044949,btc_qm_engine,btc_lebesgue_scan_nonce,36.0000000000
280303031,1762222046835,btc_qm_engine,btc_sha256_nonce,4278217183.0000000000
280303032,1762222046948,btc_qm_engine,btc_leading_zeros,0.0000000000
280303033,1762222047073,btc_qm_engine,btc_sha256_elapsed_ns,1712.0000000000
280303034,1762222049184,btc_qm_engine,btc_sha256_nonce,250035254.0000000000
280303035,1762222049302,btc_qm_engine,btc_leading_zeros,1.0000000000
280303036,1762222049494,btc_qm_engine,btc_sha256_elapsed_ns,1761.0000000000
280303037,1762222049778,btc_qm_engine,btc_orbital_scan_nonce,4278196935.0000000000
280303038,1762222051585,btc_qm_engine,btc_sha256_nonce,4278196935.0000000000
280303039,1762222051702,btc_qm_engine,btc_leading_zeros,1.0000000000
280303040,1762222051818,btc_qm_engine,btc_sha256_elapsed_ns,1624.0000000000
280303041,1762222054132,btc_qm_engine,btc_sha256_nonce,243103048.0000000000
280303042,1762222054267,btc_qm_engine,btc_leading_zeros,2.0000000000
280303043,1762222054390,btc_qm_engine,btc_sha256_elapsed_ns,1967.0000000000
280303044,1762222054694,btc_qm_engine,btc_lebesgue_scan_nonce,13.0000000000
280303045,1762222056945,btc_qm_engine,btc_sha256_nonce,4278147377.0000000000
280303046,1762222057065,btc_qm_engine,btc_leading_zeros,0.0000000000
280303047,1762222057176,btc_qm_engine,btc_sha256_elapsed_ns,2052.0000000000
280303048,1762222059537,btc_qm_engine,btc_sha256_nonce,251151808.0000000000
280303049,1762222059673,btc_qm_engine,btc_leading_zeros,3.0000000000
280303050,1762222059827,btc_qm_engine,btc_sha256_elapsed_ns,1969.0000000000
280303051,1762222060142,btc_qm_engine,btc_orbital_scan_nonce,4278140080.0000000000
280303052,1762222062087,btc_qm_engine,btc_sha256_nonce,4278140080.0000000000
280303053,1762222062214,btc_qm_engine,btc_leading_zeros,1.0000000000
280303054,1762222062338,btc_qm_engine,btc_sha256_elapsed_ns,1736.0000000000
280303055,1762222062639,btc_qm_engine,btc_orbital_scan_nonce,4278166922.0000000000
280303056,1762222064712,btc_qm_engine,btc_sha256_nonce,4278166922.0000000000
280303057,1762222064834,btc_qm_engine,btc_leading_zeros,0.0000000000
280303058,1762222064942,btc_qm_engine,btc_sha256_elapsed_ns,1853.0000000000
280303059,1762222065227,btc_qm_engine,btc_orbital_scan_nonce,4278209824.0000000000
280303060,1762222067125,btc_qm_engine,btc_sha256_nonce,4278209824.0000000000
280303061,1762222067239,btc_qm_engine,btc_leading_zeros,2.0000000000
280303062,1762222067348,btc_qm_engine,btc_sha256_elapsed_ns,1699.0000000000
280303063,1762222069430,btc_qm_engine,btc_sha256_nonce,249614512.0000000000
280303064,1762222069544,btc_qm_engine,btc_leading_zeros,0.0000000000
280303065,1762222069707,btc_qm_engine,btc_sha256_elapsed_ns,1734.0000000000
280303066,1762222072119,btc_qm_engine,btc_sha256_nonce,250380283.0000000000
280303067,1762222072256,btc_qm_engine,btc_leading_zeros,1.0000000000
280303068,1762222072399,btc_qm_engine,btc_sha256_elapsed_ns,2009.0000000000
280303069,1762222074719,btc_qm_engine,btc_sha256_nonce,246511051.0000000000
280303070,1762222074829,btc_qm_engine,btc_leading_zeros,0.0000000000
280303071,1762222074970,btc_qm_engine,btc_sha256_elapsed_ns,1896.0000000000
280303072,1762222075267,btc_qm_engine,btc_lebesgue_scan_nonce,35.0000000000
280303073,1762222077255,btc_qm_engine,btc_sha256_nonce,4278147658.0000000000
280303074,1762222077381,btc_qm_engine,btc_leading_zeros,4.0000000000
280303075,1762222077500,btc_qm_engine,btc_sha256_elapsed_ns,1722.0000000000
280303076,1762222079555,btc_qm_engine,btc_sha256_nonce,246214791.0000000000
280303077,1762222079659,btc_qm_engine,btc_leading_zeros,0.0000000000
280303078,1762222079835,btc_qm_engine,btc_sha256_elapsed_ns,1709.0000000000
280303079,1762222081781,btc_qm_engine,btc_sha256_nonce,245942579.0000000000
280303080,1762222081871,btc_qm_engine,btc_leading_zeros,2.0000000000
280303081,1762222081969,btc_qm_engine,btc_sha256_elapsed_ns,1606.0000000000
280303082,1762222083442,btc_qm_engine,btc_sha256_nonce,3600107770.0000000000
280303083,1762222083538,btc_qm_engine,btc_leading_zeros,1.0000000000
280303084,1762222083631,btc_qm_engine,btc_sha256_elapsed_ns,1189.0000000000
280303085,1762222083845,btc_qm_engine,btc_orbital_scan_nonce,4278189427.0000000000
280303086,1762222085175,btc_qm_engine,btc_sha256_nonce,4278189427.0000000000
280303087,1762222085320,btc_qm_engine,btc_leading_zeros,0.0000000000
280303088,1762222085409,btc_qm_engine,btc_sha256_elapsed_ns,1191.0000000000
280303089,1762222085613,btc_qm_engine,btc_orbital_scan_nonce,4278198389.0000000000
280303090,1762222086933,btc_qm_engine,btc_sha256_nonce,4278198389.0000000000
280303091,1762222087026,btc_qm_engine,btc_leading_zeros,0.0000000000
280303092,1762222087116,btc_qm_engine,btc_sha256_elapsed_ns,1180.0000000000
280303093,1762222088581,btc_qm_engine,btc_sha256_nonce,249092224.0000000000
280303094,1762222088678,btc_qm_engine,btc_leading_zeros,4.0000000000
280303095,1762222088771,btc_qm_engine,btc_sha256_elapsed_ns,1186.0000000000
280303096,1762222088978,btc_qm_engine,btc_orbital_scan_nonce,4278185474.0000000000
280303097,1762222090324,btc_qm_engine,btc_sha256_nonce,4278185474.0000000000
280303098,1762222090416,btc_qm_engine,btc_leading_zeros,3.0000000000
280303099,1762222090507,btc_qm_engine,btc_sha256_elapsed_ns,1183.0000000000
280303100,1762222090731,btc_qm_engine,btc_lebesgue_scan_nonce,2.0000000000
280303101,1762222092074,btc_qm_engine,btc_sha256_nonce,4278172194.0000000000
280303102,1762222092169,btc_qm_engine,btc_leading_zeros,1.0000000000
280303103,1762222092266,btc_qm_engine,btc_sha256_elapsed_ns,1180.0000000000
280303104,1762222093800,btc_qm_engine,btc_sha256_nonce,246776959.0000000000
280303105,1762222093894,btc_qm_engine,btc_leading_zeros,1.0000000000
280303106,1762222093984,btc_qm_engine,btc_sha256_elapsed_ns,1275.0000000000
280303107,1762222094203,btc_qm_engine,btc_lebesgue_scan_nonce,16.0000000000
280303108,1762222095552,btc_qm_engine,btc_sha256_nonce,4278192526.0000000000
280303109,1762222095647,btc_qm_engine,btc_leading_zeros,2.0000000000
280303110,1762222095737,btc_qm_engine,btc_sha256_elapsed_ns,1185.0000000000
280303111,1762222097196,btc_qm_engine,btc_sha256_nonce,248393115.0000000000
280303112,1762222097293,btc_qm_engine,btc_leading_zeros,0.0000000000
280303113,1762222097384,btc_qm_engine,btc_sha256_elapsed_ns,1195.0000000000
280303114,1762222097594,btc_qm_engine,btc_orbital_scan_nonce,4278214186.0000000000
280303115,1762222098948,btc_qm_engine,btc_sha256_nonce,4278214186.0000000000
280303116,1762222099036,btc_qm_engine,btc_leading_zeros,2.0000000000
280303117,1762222099131,btc_qm_engine,btc_sha256_elapsed_ns,1179.0000000000
280303118,1762222100599,btc_qm_engine,btc_sha256_nonce,243469429.0000000000
280303119,1762222100699,btc_qm_engine,btc_leading_zeros,4.0000000000
280303120,1762222100788,btc_qm_engine,btc_sha256_elapsed_ns,1185.0000000000
280303121,1762222102261,btc_qm_engine,btc_sha256_nonce,244563048.0000000000
280303122,1762222102360,btc_qm_engine,btc_leading_zeros,0.0000000000
280303123,1762222102453,btc_qm_engine,btc_sha256_elapsed_ns,1188.0000000000
280303124,1762222102673,btc_qm_engine,btc_lebesgue_scan_nonce,8.0000000000
280303125,1762222104016,btc_qm_engine,btc_sha256_nonce,4278247256.0000000000
280303126,1762222104109,btc_qm_engine,btc_leading_zeros,0.0000000000
280303127,1762222104201,btc_qm_engine,btc_sha256_elapsed_ns,1188.0000000000
280303128,1762222105654,btc_qm_engine,btc_sha256_nonce,251515406.0000000000
280303129,1762222105750,btc_qm_engine,btc_leading_zeros,1.0000000000
280303130,1762222105840,btc_qm_engine,btc_sha256_elapsed_ns,1189.0000000000
280303131,1762222106059,btc_qm_engine,btc_lebesgue_scan_nonce,8.0000000000
280303132,1762222107391,btc_qm_engine,btc_sha256_nonce,4278051175.0000000000
280303133,1762222107489,btc_qm_engine,btc_leading_zeros,0.0000000000
280303134,1762222107580,btc_qm_engine,btc_sha256_elapsed_ns,1190.0000000000
280303135,1762222107800,btc_qm_engine,btc_lebesgue_scan_nonce,13.0000000000
280303136,1762222109144,btc_qm_engine,btc_sha256_nonce,4278313173.0000000000
280303137,1762222109239,btc_qm_engine,btc_leading_zeros,2.0000000000
280303138,1762222109343,btc_qm_engine,btc_sha256_elapsed_ns,1188.0000000000
280303139,1762222109545,btc_qm_engine,btc_orbital_scan_nonce,4278165086.0000000000
280303140,1762222110869,btc_qm_engine,btc_sha256_nonce,4278165086.0000000000
280303141,1762222110962,btc_qm_engine,btc_leading_zeros,0.0000000000
280303142,1762222111053,btc_qm_engine,btc_sha256_elapsed_ns,1186.0000000000
280303143,1762222112506,btc_qm_engine,btc_sha256_nonce,245379874.0000000000
280303144,1762222112602,btc_qm_engine,btc_leading_zeros,0.0000000000
280303145,1762222112693,btc_qm_engine,btc_sha256_elapsed_ns,1187.0000000000
280303146,1762222114139,btc_qm_engine,btc_sha256_nonce,249791654.0000000000
280303147,1762222114238,btc_qm_engine,btc_leading_zeros,1.0000000000
280303148,1762222114336,btc_qm_engine,btc_sha256_elapsed_ns,1188.0000000000
280303149,1762222115786,btc_qm_engine,btc_sha256_nonce,247414742.0000000000
280303150,1762222115883,btc_qm_engine,btc_leading_zeros,1.0000000000
280303151,1762222115978,btc_qm_engine,btc_sha256_elapsed_ns,1189.0000000000
280303152,1762222116199,btc_qm_engine,btc_lebesgue_scan_nonce,34.0000000000
280303153,1762222117536,btc_qm_engine,btc_sha256_nonce,4278185293.0000000000
280303154,1762222117629,btc_qm_engine,btc_leading_zeros,1.0000000000
280303155,1762222117725,btc_qm_engine,btc_sha256_elapsed_ns,1190.0000000000
280303156,1762222119194,btc_qm_engine,btc_sha256_nonce,243156543.0000000000
280303157,1762222119294,btc_qm_engine,btc_leading_zeros,2.0000000000
280303158,1762222119383,btc_qm_engine,btc_sha256_elapsed_ns,1184.0000000000
280303159,1762222119586,btc_qm_engine,btc_orbital_scan_nonce,4278172042.0000000000
280303160,1762222120909,btc_qm_engine,btc_sha256_nonce,4278172042.0000000000
280303161,1762222121001,btc_qm_engine,btc_leading_zeros,0.0000000000
280303162,1762222121091,btc_qm_engine,btc_sha256_elapsed_ns,1181.0000000000
280303163,1762222121291,btc_qm_engine,btc_orbital_scan_nonce,4278140080.0000000000
280303164,1762222122611,btc_qm_engine,btc_sha256_nonce,4278140080.0000000000
280303165,1762222122703,btc_qm_engine,btc_leading_zeros,1.0000000000
280303166,1762222122792,btc_qm_engine,btc_sha256_elapsed_ns,1182.0000000000
280303167,1762222124235,btc_qm_engine,btc_sha256_nonce,245101392.0000000000
280303168,1762222124329,btc_qm_engine,btc_leading_zeros,0.0000000000
280303169,1762222124420,btc_qm_engine,btc_sha256_elapsed_ns,1183.0000000000
280303170,1762222125868,btc_qm_engine,btc_sha256_nonce,243102544.0000000000
280303171,1762222125968,btc_qm_engine,btc_leading_zeros,1.0000000000
280303172,1762222126064,btc_qm_engine,btc_sha256_elapsed_ns,1185.0000000000
280303173,1762222126268,btc_qm_engine,btc_orbital_scan_nonce,4278203136.0000000000
280303174,1762222127600,btc_qm_engine,btc_sha256_nonce,4278203136.0000000000
280303175,1762222127698,btc_qm_engine,btc_leading_zeros,0.0000000000
280303176,1762222127783,btc_qm_engine,btc_sha256_elapsed_ns,1185.0000000000
280303177,1762222129229,btc_qm_engine,btc_sha256_nonce,243237555.0000000000
280303178,1762222129326,btc_qm_engine,btc_leading_zeros,1.0000000000
280303179,1762222129417,btc_qm_engine,btc_sha256_elapsed_ns,1184.0000000000
280303180,1762222130872,btc_qm_engine,btc_sha256_nonce,246436010.0000000000
280303181,1762222130975,btc_qm_engine,btc_leading_zeros,0.0000000000
280303182,1762222131066,btc_qm_engine,btc_sha256_elapsed_ns,1195.0000000000
280303183,1762222131286,btc_qm_engine,btc_lebesgue_scan_nonce,32.0000000000
280303184,1762222132631,btc_qm_engine,btc_sha256_nonce,4278234819.0000000000
280303185,1762222132725,btc_qm_engine,btc_leading_zeros,0.0000000000
280303186,1762222132811,btc_qm_engine,btc_sha256_elapsed_ns,1187.0000000000
280303187,1762222134281,btc_qm_engine,btc_sha256_nonce,247138115.0000000000
280303188,1762222134379,btc_qm_engine,btc_leading_zeros,2.0000000000
280303189,1762222134508,btc_qm_engine,btc_sha256_elapsed_ns,1186.0000000000
280303190,1762222135953,btc_qm_engine,btc_sha256_nonce,244713819.0000000000
280303191,1762222136051,btc_qm_engine,btc_leading_zeros,1.0000000000
280303192,1762222136144,btc_qm_engine,btc_sha256_elapsed_ns,1183.0000000000
280303193,1762222136348,btc_qm_engine,btc_orbital_scan_nonce,4278153943.0000000000
280303194,1762222137678,btc_qm_engine,btc_sha256_nonce,4278153943.0000000000
280303195,1762222137769,btc_qm_engine,btc_leading_zeros,0.0000000000
280303196,1762222137856,btc_qm_engine,btc_sha256_elapsed_ns,1184.0000000000
280303197,1762222139310,btc_qm_engine,btc_sha256_nonce,243740472.0000000000
280303198,1762222139407,btc_qm_engine,btc_leading_zeros,0.0000000000
280303199,1762222139499,btc_qm_engine,btc_sha256_elapsed_ns,1191.0000000000
280303200,1762222139719,btc_qm_engine,btc_lebesgue_scan_nonce,30.0000000000
280303201,1762222141064,btc_qm_engine,btc_sha256_nonce,4278143523.0000000000
280303202,1762222141156,btc_qm_engine,btc_leading_zeros,0.0000000000
280303203,1762222141249,btc_qm_engine,btc_sha256_elapsed_ns,1184.0000000000
280303204,1762222142686,btc_qm_engine,btc_sha256_nonce,247243735.0000000000
280303205,1762222142794,btc_qm_engine,btc_leading_zeros,0.0000000000
280303206,1762222142897,btc_qm_engine,btc_sha256_elapsed_ns,1179.0000000000
280303207,1762222143100,btc_qm_engine,btc_orbital_scan_nonce,4278164114.0000000000
280303208,1762222144425,btc_qm_engine,btc_sha256_nonce,4278164114.0000000000
280303209,1762222144519,btc_qm_engine,btc_leading_zeros,0.0000000000
280303210,1762222144609,btc_qm_engine,btc_sha256_elapsed_ns,1183.0000000000
280303211,1762222146055,btc_qm_engine,btc_sha256_nonce,816390615.0000000000
280303212,1762222146151,btc_qm_engine,btc_leading_zeros,0.0000000000
280303213,1762222146240,btc_qm_engine,btc_sha256_elapsed_ns,1187.0000000000
280303214,1762222146444,btc_qm_engine,btc_orbital_scan_nonce,4278224985.0000000000
280303215,1762222147773,btc_qm_engine,btc_sha256_nonce,4278224985.0000000000
280303216,1762222147865,btc_qm_engine,btc_leading_zeros,0.0000000000
280303217,1762222147955,btc_qm_engine,btc_sha256_elapsed_ns,1181.0000000000
280303218,1762222148149,btc_qm_engine,btc_orbital_scan_nonce,4278240080.0000000000
280303219,1762222149470,btc_qm_engine,btc_sha256_nonce,4278240080.0000000000
280303220,1762222149560,btc_qm_engine,btc_leading_zeros,0.0000000000
280303221,1762222149654,btc_qm_engine,btc_sha256_elapsed_ns,1181.0000000000
280303222,1762222149884,btc_qm_engine,btc_lebesgue_scan_nonce,23.0000000000
280303223,1762222151206,btc_qm_engine,btc_sha256_nonce,4278258323.0000000000
280303224,1762222151305,btc_qm_engine,btc_leading_zeros,1.0000000000
280303225,1762222151397,btc_qm_engine,btc_sha256_elapsed_ns,1178.0000000000
280303226,1762222152846,btc_qm_engine,btc_sha256_nonce,250420775.0000000000
280303227,1762222152947,btc_qm_engine,btc_leading_zeros,1.0000000000
280303228,1762222153035,btc_qm_engine,btc_sha256_elapsed_ns,1182.0000000000
280303229,1762222154480,btc_qm_engine,btc_sha256_nonce,250326415.0000000000
280303230,1762222154575,btc_qm_engine,btc_leading_zeros,0.0000000000
280303231,1762222154666,btc_qm_engine,btc_sha256_elapsed_ns,1184.0000000000
280303232,1762222156132,btc_qm_engine,btc_sha256_nonce,247943773.0000000000
280303233,1762222156235,btc_qm_engine,btc_leading_zeros,4.0000000000
280303234,1762222156324,btc_qm_engine,btc_sha256_elapsed_ns,1190.0000000000
280303235,1762222156540,btc_qm_engine,btc_lebesgue_scan_nonce,23.0000000000
280303236,1762222157872,btc_qm_engine,btc_sha256_nonce,4278164232.0000000000
280303237,1762222157966,btc_qm_engine,btc_leading_zeros,0.0000000000
280303238,1762222158058,btc_qm_engine,btc_sha256_elapsed_ns,1188.0000000000
280303239,1762222158260,btc_qm_engine,btc_orbital_scan_nonce,4278219714.0000000000
280303240,1762222159589,btc_qm_engine,btc_sha256_nonce,4278219714.0000000000
280303241,1762222159707,btc_qm_engine,btc_leading_zeros,1.0000000000
280303242,1762222159814,btc_qm_engine,btc_sha256_elapsed_ns,1188.0000000000
280303243,1762222160031,btc_qm_engine,btc_lebesgue_scan_nonce,15.0000000000
280303244,1762222161375,btc_qm_engine,btc_sha256_nonce,4278083465.0000000000
280303245,1762222161467,btc_qm_engine,btc_leading_zeros,2.0000000000
280303246,1762222161555,btc_qm_engine,btc_sha256_elapsed_ns,1188.0000000000
280303247,1762222161760,btc_qm_engine,btc_orbital_scan_nonce,4278231785.0000000000
280303248,1762222163082,btc_qm_engine,btc_sha256_nonce,4278231785.0000000000
280303249,1762222163177,btc_qm_engine,btc_leading_zeros,1.0000000000
280303250,1762222163266,btc_qm_engine,btc_sha256_elapsed_ns,1188.0000000000
280303251,1762222163469,btc_qm_engine,btc_orbital_scan_nonce,4278194239.0000000000
280303252,1762222164797,btc_qm_engine,btc_sha256_nonce,4278194239.0000000000
280303253,1762222164891,btc_qm_engine,btc_leading_zeros,1.0000000000
280303254,1762222164980,btc_qm_engine,btc_sha256_elapsed_ns,1187.0000000000
280303255,1762222166452,btc_qm_engine,btc_sha256_nonce,251340011.0000000000
280303256,1762222166549,btc_qm_engine,btc_leading_zeros,0.0000000000
280303257,1762222166649,btc_qm_engine,btc_sha256_elapsed_ns,1198.0000000000
280303258,1762222168100,btc_qm_engine,btc_sha256_nonce,251583663.0000000000
280303259,1762222168200,btc_qm_engine,btc_leading_zeros,0.0000000000
280303260,1762222168289,btc_qm_engine,btc_sha256_elapsed_ns,1192.0000000000
280303261,1762222168515,btc_qm_engine,btc_lebesgue_scan_nonce,15.0000000000
280303262,1762222169848,btc_qm_engine,btc_sha256_nonce,4278274091.0000000000
280303263,1762222169942,btc_qm_engine,btc_leading_zeros,0.0000000000
280303264,1762222170033,btc_qm_engine,btc_sha256_elapsed_ns,1187.0000000000
280303265,1762222171488,btc_qm_engine,btc_sha256_nonce,245299208.0000000000
280303266,1762222171587,btc_qm_engine,btc_leading_zeros,1.0000000000
280303267,1762222171681,btc_qm_engine,btc_sha256_elapsed_ns,1192.0000000000
280303268,1762222173136,btc_qm_engine,btc_sha256_nonce,249958461.0000000000
280303269,1762222173239,btc_qm_engine,btc_leading_zeros,1.0000000000
280303270,1762222173331,btc_qm_engine,btc_sha256_elapsed_ns,1195.0000000000
280303271,1762222174803,btc_qm_engine,btc_sha256_nonce,244411823.0000000000
280303272,1762222174900,btc_qm_engine,btc_leading_zeros,3.0000000000
280303273,1762222174998,btc_qm_engine,btc_sha256_elapsed_ns,1191.0000000000
280303274,1762222176453,btc_qm_engine,btc_sha256_nonce,248147090.0000000000
280303275,1762222176562,btc_qm_engine,btc_leading_zeros,0.0000000000
280303276,1762222176651,btc_qm_engine,btc_sha256_elapsed_ns,1184.0000000000
280303277,1762222176852,btc_qm_engine,btc_orbital_scan_nonce,4278205436.0000000000
280303278,1762222178205,btc_qm_engine,btc_sha256_nonce,4278205436.0000000000
280303279,1762222178297,btc_qm_engine,btc_leading_zeros,2.0000000000
280303280,1762222178390,btc_qm_engine,btc_sha256_elapsed_ns,1187.0000000000
280303281,1762222179842,btc_qm_engine,btc_sha256_nonce,249748080.0000000000
280303282,1762222179940,btc_qm_engine,btc_leading_zeros,0.0000000000
280303283,1762222180031,btc_qm_engine,btc_sha256_elapsed_ns,1191.0000000000
280303284,1762222181466,btc_qm_engine,btc_sha256_nonce,243450152.0000000000
280303285,1762222181569,btc_qm_engine,btc_leading_zeros,0.0000000000
280303286,1762222181659,btc_qm_engine,btc_sha256_elapsed_ns,1179.0000000000
280303287,1762222183106,btc_qm_engine,btc_sha256_nonce,248547330.0000000000
280303288,1762222183202,btc_qm_engine,btc_leading_zeros,0.0000000000
280303289,1762222183301,btc_qm_engine,btc_sha256_elapsed_ns,1182.0000000000
280303290,1762222184764,btc_qm_engine,btc_sha256_nonce,245448916.0000000000
280303291,1762222184863,btc_qm_engine,btc_leading_zeros,3.0000000000
280303292,1762222184975,btc_qm_engine,btc_sha256_elapsed_ns,1183.0000000000
280303293,1762222185193,btc_qm_engine,btc_lebesgue_scan_nonce,22.0000000000
280303294,1762222186552,btc_qm_engine,btc_sha256_nonce,4278205848.0000000000
280303295,1762222186647,btc_qm_engine,btc_leading_zeros,3.0000000000
280303296,1762222186737,btc_qm_engine,btc_sha256_elapsed_ns,1185.0000000000
280303297,1762222188191,btc_qm_engine,btc_sha256_nonce,243912928.0000000000
280303298,1762222188287,btc_qm_engine,btc_leading_zeros,0.0000000000
280303299,1762222188381,btc_qm_engine,btc_sha256_elapsed_ns,1188.0000000000
280303300,1762222189827,btc_qm_engine,btc_sha256_nonce,244233693.0000000000
280303301,1762222189930,btc_qm_engine,btc_leading_zeros,0.0000000000
280303302,1762222190018,btc_qm_engine,btc_sha256_elapsed_ns,1189.0000000000
280303303,1762222190221,btc_qm_engine,btc_orbital_scan_nonce,4278215543.0000000000
280303304,1762222191570,btc_qm_engine,btc_sha256_nonce,4278215543.0000000000
280303305,1762222191672,btc_qm_engine,btc_leading_zeros,3.0000000000
280303306,1762222191761,btc_qm_engine,btc_sha256_elapsed_ns,1188.0000000000
280303307,1762222193228,btc_qm_engine,btc_sha256_nonce,247874590.0000000000
280303308,1762222193325,btc_qm_engine,btc_leading_zeros,2.0000000000
280303309,1762222193417,btc_qm_engine,btc_sha256_elapsed_ns,1189.0000000000
280303310,1762222193623,btc_qm_engine,btc_orbital_scan_nonce,4278222606.0000000000
280303311,1762222194975,btc_qm_engine,btc_sha256_nonce,4278222606.0000000000
280303312,1762222195072,btc_qm_engine,btc_leading_zeros,4.0000000000
280303313,1762222195161,btc_qm_engine,btc_sha256_elapsed_ns,1191.0000000000
280303314,1762222195364,btc_qm_engine,btc_lebesgue_scan_nonce,5.0000000000
280303315,1762222196698,btc_qm_engine,btc_sha256_nonce,4278292119.0000000000
280303316,1762222196794,btc_qm_engine,btc_leading_zeros,0.0000000000
280303317,1762222196886,btc_qm_engine,btc_sha256_elapsed_ns,1186.0000000000
280303318,1762222197092,btc_qm_engine,btc_orbital_scan_nonce,4278236830.0000000000
280303319,1762222198448,btc_qm_engine,btc_sha256_nonce,4278236830.0000000000
280303320,1762222198541,btc_qm_engine,btc_leading_zeros,2.0000000000
280303321,1762222198633,btc_qm_engine,btc_sha256_elapsed_ns,1185.0000000000
280303322,1762222200091,btc_qm_engine,btc_sha256_nonce,2120270531.0000000000
280303323,1762222200191,btc_qm_engine,btc_leading_zeros,0.0000000000
280303324,1762222200278,btc_qm_engine,btc_sha256_elapsed_ns,1187.0000000000
280303325,1762222201727,btc_qm_engine,btc_sha256_nonce,249466369.0000000000
280303326,1762222201837,btc_qm_engine,btc_leading_zeros,1.0000000000
280303327,1762222201931,btc_qm_engine,btc_sha256_elapsed_ns,1184.0000000000
280303328,1762222203388,btc_qm_engine,btc_sha256_nonce,249012019.0000000000
280303329,1762222203502,btc_qm_engine,btc_leading_zeros,0.0000000000
280303330,1762222203595,btc_qm_engine,btc_sha256_elapsed_ns,1188.0000000000
280303331,1762222203798,btc_qm_engine,btc_orbital_scan_nonce,4278174927.0000000000
280303332,1762222205142,btc_qm_engine,btc_sha256_nonce,4278174927.0000000000
280303333,1762222205237,btc_qm_engine,btc_leading_zeros,2.0000000000
280303334,1762222205326,btc_qm_engine,btc_sha256_elapsed_ns,1183.0000000000
280303335,1762222205526,btc_qm_engine,btc_orbital_scan_nonce,4278151169.0000000000
280303336,1762222206850,btc_qm_engine,btc_sha256_nonce,4278151169.0000000000
280303337,1762222206945,btc_qm_engine,btc_leading_zeros,0.0000000000
280303338,1762222207034,btc_qm_engine,btc_sha256_elapsed_ns,1183.0000000000
280303339,1762222208479,btc_qm_engine,btc_sha256_nonce,247802833.0000000000
280303340,1762222208575,btc_qm_engine,btc_leading_zeros,0.0000000000
280303341,1762222208666,btc_qm_engine,btc_sha256_elapsed_ns,1182.0000000000
280303342,1762222210102,btc_qm_engine,btc_sha256_nonce,249703366.0000000000
280303343,1762222210235,btc_qm_engine,btc_leading_zeros,0.0000000000
280303344,1762222210336,btc_qm_engine,btc_sha256_elapsed_ns,1181.0000000000
280303345,1762222210554,btc_qm_engine,btc_lebesgue_scan_nonce,15.0000000000
280303346,1762222211919,btc_qm_engine,btc_sha256_nonce,4278351635.0000000000
280303347,1762222212018,btc_qm_engine,btc_leading_zeros,4.0000000000
280303348,1762222212108,btc_qm_engine,btc_sha256_elapsed_ns,1188.0000000000
280303349,1762222213561,btc_qm_engine,btc_sha256_nonce,244537782.0000000000
280303350,1762222213658,btc_qm_engine,btc_leading_zeros,1.0000000000
280303351,1762222213748,btc_qm_engine,btc_sha256_elapsed_ns,1188.0000000000
280303352,1762222213948,btc_qm_engine,btc_orbital_scan_nonce,4278179087.0000000000
280303353,1762222215283,btc_qm_engine,btc_sha256_nonce,4278179087.0000000000
280303354,1762222215373,btc_qm_engine,btc_leading_zeros,0.0000000000
280303355,1762222215463,btc_qm_engine,btc_sha256_elapsed_ns,1188.0000000000
280303356,1762222216902,btc_qm_engine,btc_sha256_nonce,245184419.0000000000
280303357,1762222217007,btc_qm_engine,btc_leading_zeros,0.0000000000
280303358,1762222217100,btc_qm_engine,btc_sha256_elapsed_ns,1180.0000000000
280303359,1762222218544,btc_qm_engine,btc_sha256_nonce,1270172628.0000000000
280303360,1762222218665,btc_qm_engine,btc_leading_zeros,1.0000000000
280303361,1762222218766,btc_qm_engine,btc_sha256_elapsed_ns,1181.0000000000
280303362,1762222220236,btc_qm_engine,btc_sha256_nonce,243678258.0000000000
280303363,1762222220335,btc_qm_engine,btc_leading_zeros,3.0000000000
280303364,1762222220430,btc_qm_engine,btc_sha256_elapsed_ns,1189.0000000000
280303365,1762222221902,btc_qm_engine,btc_sha256_nonce,244177937.0000000000
280303366,1762222222000,btc_qm_engine,btc_leading_zeros,0.0000000000
280303367,1762222222095,btc_qm_engine,btc_sha256_elapsed_ns,1187.0000000000
280303368,1762222222297,btc_qm_engine,btc_orbital_scan_nonce,4278190389.0000000000
280303369,1762222223624,btc_qm_engine,btc_sha256_nonce,4278190389.0000000000
280303370,1762222223718,btc_qm_engine,btc_leading_zeros,1.0000000000
280303371,1762222223813,btc_qm_engine,btc_sha256_elapsed_ns,1184.0000000000
280303372,1762222224031,btc_qm_engine,btc_lebesgue_scan_nonce,34.0000000000
280303373,1762222225374,btc_qm_engine,btc_sha256_nonce,4278197964.0000000000
280303374,1762222225465,btc_qm_engine,btc_leading_zeros,1.0000000000
280303375,1762222225559,btc_qm_engine,btc_sha256_elapsed_ns,1186.0000000000
280303376,1762222225761,btc_qm_engine,btc_orbital_scan_nonce,4278185746.0000000000
280303377,1762222227095,btc_qm_engine,btc_sha256_nonce,4278185746.0000000000
280303378,1762222227186,btc_qm_engine,btc_leading_zeros,1.0000000000
280303379,1762222227281,btc_qm_engine,btc_sha256_elapsed_ns,1184.0000000000
280303380,1762222228730,btc_qm_engine,btc_sha256_nonce,244598143.0000000000
280303381,1762222228831,btc_qm_engine,btc_leading_zeros,0.0000000000
280303382,1762222228922,btc_qm_engine,btc_sha256_elapsed_ns,1182.0000000000
280303383,1762222229127,btc_qm_engine,btc_orbital_scan_nonce,4278224391.0000000000
280303384,1762222230462,btc_qm_engine,btc_sha256_nonce,4278224391.0000000000
280303385,1762222230558,btc_qm_engine,btc_leading_zeros,1.0000000000
280303386,1762222230649,btc_qm_engine,btc_sha256_elapsed_ns,1187.0000000000
280303387,1762222230867,btc_qm_engine,btc_lebesgue_scan_nonce,6.0000000000
280303388,1762222232284,btc_qm_engine,btc_sha256_nonce,4278120599.0000000000
280303389,1762222232381,btc_qm_engine,btc_leading_zeros,0.0000000000
280303390,1762222232470,btc_qm_engine,btc_sha256_elapsed_ns,1194.0000000000
280303391,1762222232671,btc_qm_engine,btc_lebesgue_scan_nonce,5.0000000000
280303392,1762222233995,btc_qm_engine,btc_sha256_nonce,4278014131.0000000000
280303393,1762222234091,btc_qm_engine,btc_leading_zeros,0.0000000000
280303394,1762222234193,btc_qm_engine,btc_sha256_elapsed_ns,1184.0000000000
280303395,1762222234396,btc_qm_engine,btc_lebesgue_scan_nonce,16.0000000000
280303396,1762222235737,btc_qm_engine,btc_sha256_nonce,4278222903.0000000000
280303397,1762222235833,btc_qm_engine,btc_leading_zeros,3.0000000000
280303398,1762222235925,btc_qm_engine,btc_sha256_elapsed_ns,1187.0000000000
280303399,1762222236125,btc_qm_engine,btc_orbital_scan_nonce,4278220043.0000000000
280303400,1762222237450,btc_qm_engine,btc_sha256_nonce,4278220043.0000000000
280303401,1762222237544,btc_qm_engine,btc_leading_zeros,1.0000000000
280303402,1762222237636,btc_qm_engine,btc_sha256_elapsed_ns,1185.0000000000
280303403,1762222237840,btc_qm_engine,btc_orbital_scan_nonce,4278148979.0000000000
280303404,1762222239158,btc_qm_engine,btc_sha256_nonce,4278148979.0000000000
280303405,1762222239253,btc_qm_engine,btc_leading_zeros,1.0000000000
280303406,1762222239340,btc_qm_engine,btc_sha256_elapsed_ns,1183.0000000000
280303407,1762222239525,btc_qm_engine,btc_orbital_scan_nonce,4278160742.0000000000
280303408,1762222240847,btc_qm_engine,btc_sha256_nonce,4278160742.0000000000
280303409,1762222240938,btc_qm_engine,btc_leading_zeros,1.0000000000
280303410,1762222241027,btc_qm_engine,btc_sha256_elapsed_ns,1184.0000000000
280303411,1762222242481,btc_qm_engine,btc_sha256_nonce,243795932.0000000000
280303412,1762222242576,btc_qm_engine,btc_leading_zeros,0.0000000000
280303413,1762222242664,btc_qm_engine,btc_sha256_elapsed_ns,1179.0000000000
280303414,1762222244148,btc_qm_engine,btc_sha256_nonce,249469710.0000000000
280303415,1762222244248,btc_qm_engine,btc_leading_zeros,2.0000000000
280303416,1762222244337,btc_qm_engine,btc_sha256_elapsed_ns,1179.0000000000
280303417,1762222244543,btc_qm_engine,btc_lebesgue_scan_nonce,17.0000000000
280303418,1762222245882,btc_qm_engine,btc_sha256_nonce,4278298029.0000000000
280303419,1762222245977,btc_qm_engine,btc_leading_zeros,0.0000000000
280303420,1762222246067,btc_qm_engine,btc_sha256_elapsed_ns,1184.0000000000
280303421,1762222246267,btc_qm_engine,btc_orbital_scan_nonce,4278184959.0000000000
280303422,1762222247589,btc_qm_engine,btc_sha256_nonce,4278184959.0000000000
280303423,1762222247680,btc_qm_engine,btc_leading_zeros,1.0000000000
280303424,1762222247768,btc_qm_engine,btc_sha256_elapsed_ns,1186.0000000000
280303425,1762222249248,btc_qm_engine,btc_sha256_nonce,3766678418.0000000000
280303426,1762222249344,btc_qm_engine,btc_leading_zeros,3.0000000000
280303427,1762222249438,btc_qm_engine,btc_sha256_elapsed_ns,1183.0000000000
280303428,1762222249659,btc_qm_engine,btc_lebesgue_scan_nonce,8.0000000000
280303429,1762222251026,btc_qm_engine,btc_sha256_nonce,4278262210.0000000000
280303430,1762222251117,btc_qm_engine,btc_leading_zeros,3.0000000000
280303431,1762222251214,btc_qm_engine,btc_sha256_elapsed_ns,1188.0000000000
280303432,1762222252669,btc_qm_engine,btc_sha256_nonce,249409619.0000000000
280303433,1762222252769,btc_qm_engine,btc_leading_zeros,1.0000000000
280303434,1762222252857,btc_qm_engine,btc_sha256_elapsed_ns,1189.0000000000
280303435,1762222253073,btc_qm_engine,btc_lebesgue_scan_nonce,31.0000000000
280303436,1762222254406,btc_qm_engine,btc_sha256_nonce,4278216795.0000000000
280303437,1762222254498,btc_qm_engine,btc_leading_zeros,0.0000000000
280303438,1762222254589,btc_qm_engine,btc_sha256_elapsed_ns,1189.0000000000
280303439,1762222254789,btc_qm_engine,btc_orbital_scan_nonce,4278185507.0000000000
280303440,1762222256106,btc_qm_engine,btc_sha256_nonce,4278185507.0000000000
280303441,1762222256202,btc_qm_engine,btc_leading_zeros,1.0000000000
280303442,1762222256291,btc_qm_engine,btc_sha256_elapsed_ns,1180.0000000000
280303443,1762222256494,btc_qm_engine,btc_lebesgue_scan_nonce,29.0000000000
280303444,1762222257839,btc_qm_engine,btc_sha256_nonce,4278223273.0000000000
280303445,1762222258007,btc_qm_engine,btc_leading_zeros,2.0000000000
280303446,1762222258099,btc_qm_engine,btc_sha256_elapsed_ns,1189.0000000000
280303447,1762222259578,btc_qm_engine,btc_sha256_nonce,246663811.0000000000
280303448,1762222259676,btc_qm_engine,btc_leading_zeros,0.0000000000
280303449,1762222259778,btc_qm_engine,btc_sha256_elapsed_ns,1185.0000000000
280303450,1762222259978,btc_qm_engine,btc_lebesgue_scan_nonce,23.0000000000
280303451,1762222261330,btc_qm_engine,btc_sha256_nonce,4278129566.0000000000
280303452,1762222261426,btc_qm_engine,btc_leading_zeros,2.0000000000
280303453,1762222261517,btc_qm_engine,btc_sha256_elapsed_ns,1190.0000000000
280303454,1762222262986,btc_qm_engine,btc_sha256_nonce,243147646.0000000000
280303455,1762222263084,btc_qm_engine,btc_leading_zeros,3.0000000000
280303456,1762222263174,btc_qm_engine,btc_sha256_elapsed_ns,1187.0000000000
280303457,1762222264633,btc_qm_engine,btc_sha256_nonce,247745599.0000000000
280303458,1762222264732,btc_qm_engine,btc_leading_zeros,0.0000000000
280303459,1762222264824,btc_qm_engine,btc_sha256_elapsed_ns,1191.0000000000
280303460,1762222265031,btc_qm_engine,btc_orbital_scan_nonce,4278181820.0000000000
280303461,1762222266364,btc_qm_engine,btc_sha256_nonce,4278181820.0000000000
280303462,1762222266482,btc_qm_engine,btc_leading_zeros,1.0000000000
280303463,1762222266577,btc_qm_engine,btc_sha256_elapsed_ns,1189.0000000000
280303464,1762222268047,btc_qm_engine,btc_sha256_nonce,246092995.0000000000
280303465,1762222268153,btc_qm_engine,btc_leading_zeros,2.0000000000
280303466,1762222268241,btc_qm_engine,btc_sha256_elapsed_ns,1191.0000000000
280303467,1762222268443,btc_qm_engine,btc_orbital_scan_nonce,4278151787.0000000000
280303468,1762222269797,btc_qm_engine,btc_sha256_nonce,4278151787.0000000000
280303469,1762222269892,btc_qm_engine,btc_leading_zeros,0.0000000000
280303470,1762222269982,btc_qm_engine,btc_sha256_elapsed_ns,1186.0000000000
280303471,1762222271433,btc_qm_engine,btc_sha256_nonce,250230612.0000000000
280303472,1762222271528,btc_qm_engine,btc_leading_zeros,0.0000000000
280303473,1762222271619,btc_qm_engine,btc_sha256_elapsed_ns,1189.0000000000
280303474,1762222271836,btc_qm_engine,btc_lebesgue_scan_nonce,30.0000000000
280303475,1762222273183,btc_qm_engine,btc_sha256_nonce,4278111049.0000000000
280303476,1762222273272,btc_qm_engine,btc_leading_zeros,1.0000000000
280303477,1762222273364,btc_qm_engine,btc_sha256_elapsed_ns,1185.0000000000
280303478,1762222273563,btc_qm_engine,btc_lebesgue_scan_nonce,5.0000000000
280303479,1762222274886,btc_qm_engine,btc_sha256_nonce,4278023345.0000000000
280303480,1762222274981,btc_qm_engine,btc_leading_zeros,0.0000000000
280303481,1762222275072,btc_qm_engine,btc_sha256_elapsed_ns,1180.0000000000
280303482,1762222275273,btc_qm_engine,btc_lebesgue_scan_nonce,21.0000000000
280303483,1762222276619,btc_qm_engine,btc_sha256_nonce,4278107586.0000000000
280303484,1762222276711,btc_qm_engine,btc_leading_zeros,4.0000000000
280303485,1762222276799,btc_qm_engine,btc_sha256_elapsed_ns,1184.0000000000
280303486,1762222278243,btc_qm_engine,btc_sha256_nonce,245458808.0000000000
280303487,1762222278343,btc_qm_engine,btc_leading_zeros,0.0000000000
280303488,1762222278433,btc_qm_engine,btc_sha256_elapsed_ns,1183.0000000000
280303489,1762222279875,btc_qm_engine,btc_sha256_nonce,243462605.0000000000
280303490,1762222279973,btc_qm_engine,btc_leading_zeros,0.0000000000
280303491,1762222280061,btc_qm_engine,btc_sha256_elapsed_ns,1182.0000000000
280303492,1762222280263,btc_qm_engine,btc_orbital_scan_nonce,4278240080.0000000000
280303493,1762222281596,btc_qm_engine,btc_sha256_nonce,4278240080.0000000000
280303494,1762222281688,btc_qm_engine,btc_leading_zeros,0.0000000000
280303495,1762222281782,btc_qm_engine,btc_sha256_elapsed_ns,1184.0000000000
280303496,1762222281998,btc_qm_engine,btc_lebesgue_scan_nonce,9.0000000000
280303497,1762222283341,btc_qm_engine,btc_sha256_nonce,4278252791.0000000000
280303498,1762222283433,btc_qm_engine,btc_leading_zeros,0.0000000000
280303499,1762222283525,btc_qm_engine,btc_sha256_elapsed_ns,1180.0000000000
280303500,1762222283726,btc_qm_engine,btc_orbital_scan_nonce,4278192917.0000000000
280303501,1762222285048,btc_qm_engine,btc_sha256_nonce,4278192917.0000000000
280303502,1762222285141,btc_qm_engine,btc_leading_zeros,0.0000000000
280303503,1762222285234,btc_qm_engine,btc_sha256_elapsed_ns,1184.0000000000
280303504,1762222286683,btc_qm_engine,btc_sha256_nonce,247932695.0000000000
280303505,1762222286784,btc_qm_engine,btc_leading_zeros,0.0000000000
280303506,1762222286875,btc_qm_engine,btc_sha256_elapsed_ns,1186.0000000000
280303507,1762222287077,btc_qm_engine,btc_orbital_scan_nonce,4278176179.0000000000
280303508,1762222288424,btc_qm_engine,btc_sha256_nonce,4278176179.0000000000
280303509,1762222288518,btc_qm_engine,btc_leading_zeros,2.0000000000
280303510,1762222288608,btc_qm_engine,btc_sha256_elapsed_ns,1181.0000000000
280303511,1762222290076,btc_qm_engine,btc_sha256_nonce,247968169.0000000000
280303512,1762222290173,btc_qm_engine,btc_leading_zeros,2.0000000000
280303513,1762222290273,btc_qm_engine,btc_sha256_elapsed_ns,1186.0000000000
280303514,1762222290488,btc_qm_engine,btc_lebesgue_scan_nonce,28.0000000000
280303515,1762222291820,btc_qm_engine,btc_sha256_nonce,4278121088.0000000000
280303516,1762222291911,btc_qm_engine,btc_leading_zeros,1.0000000000
280303517,1762222292002,btc_qm_engine,btc_sha256_elapsed_ns,1184.0000000000
280303518,1762222293443,btc_qm_engine,btc_sha256_nonce,247746900.0000000000
280303519,1762222293544,btc_qm_engine,btc_leading_zeros,0.0000000000
280303520,1762222293633,btc_qm_engine,btc_sha256_elapsed_ns,1180.0000000000
280303521,1762222293837,btc_qm_engine,btc_orbital_scan_nonce,4278167581.0000000000
280303522,1762222295167,btc_qm_engine,btc_sha256_nonce,4278167581.0000000000
280303523,1762222295258,btc_qm_engine,btc_leading_zeros,0.0000000000
280303524,1762222295347,btc_qm_engine,btc_sha256_elapsed_ns,1184.0000000000
280303525,1762222296798,btc_qm_engine,btc_sha256_nonce,1306961849.0000000000
280303526,1762222296894,btc_qm_engine,btc_leading_zeros,0.0000000000
280303527,1762222296989,btc_qm_engine,btc_sha256_elapsed_ns,1189.0000000000
280303528,1762222297186,btc_qm_engine,btc_orbital_scan_nonce,4278143565.0000000000
280303529,1762222298519,btc_qm_engine,btc_sha256_nonce,4278143565.0000000000
280303530,1762222298609,btc_qm_engine,btc_leading_zeros,0.0000000000
280303531,1762222298714,btc_qm_engine,btc_sha256_elapsed_ns,1185.0000000000
280303532,1762222300157,btc_qm_engine,btc_sha256_nonce,248889090.0000000000
280303533,1762222300277,btc_qm_engine,btc_leading_zeros,1.0000000000
280303534,1762222300368,btc_qm_engine,btc_sha256_elapsed_ns,1187.0000000000
280303535,1762222300573,btc_qm_engine,btc_orbital_scan_nonce,4278207982.0000000000
280303536,1762222301905,btc_qm_engine,btc_sha256_nonce,4278207982.0000000000
280303537,1762222301998,btc_qm_engine,btc_leading_zeros,1.0000000000
280303538,1762222302087,btc_qm_engine,btc_sha256_elapsed_ns,1187.0000000000
280303539,1762222303535,btc_qm_engine,btc_sha256_nonce,250936570.0000000000
280303540,1762222303630,btc_qm_engine,btc_leading_zeros,0.0000000000
280303541,1762222303724,btc_qm_engine,btc_sha256_elapsed_ns,1188.0000000000
280303542,1762222305193,btc_qm_engine,btc_sha256_nonce,244239156.0000000000
280303543,1762222305293,btc_qm_engine,btc_leading_zeros,2.0000000000
280303544,1762222305379,btc_qm_engine,btc_sha256_elapsed_ns,1187.0000000000
280303545,1762222305581,btc_qm_engine,btc_orbital_scan_nonce,4278234187.0000000000
280303546,1762222306935,btc_qm_engine,btc_sha256_nonce,4278234187.0000000000
280303547,1762222307029,btc_qm_engine,btc_leading_zeros,2.0000000000
280303548,1762222307140,btc_qm_engine,btc_sha256_elapsed_ns,1185.0000000000
280303549,1762222307340,btc_qm_engine,btc_orbital_scan_nonce,4278163138.0000000000
280303550,1762222308664,btc_qm_engine,btc_sha256_nonce,4278163138.0000000000
280303551,1762222308758,btc_qm_engine,btc_leading_zeros,0.0000000000
280303552,1762222308847,btc_qm_engine,btc_sha256_elapsed_ns,1188.0000000000
280303553,1762222309060,btc_qm_engine,btc_lebesgue_scan_nonce,35.0000000000
280303554,1762222310401,btc_qm_engine,btc_sha256_nonce,4278246261.0000000000
280303555,1762222310494,btc_qm_engine,btc_leading_zeros,0.0000000000
280303556,1762222310585,btc_qm_engine,btc_sha256_elapsed_ns,1183.0000000000
280303557,1762222310802,btc_qm_engine,btc_lebesgue_scan_nonce,15.0000000000
280303558,1762222312133,btc_qm_engine,btc_sha256_nonce,4278163433.0000000000
280303559,1762222312228,btc_qm_engine,btc_leading_zeros,2.0000000000
280303560,1762222312319,btc_qm_engine,btc_sha256_elapsed_ns,1178.0000000000
280303561,1762222312520,btc_qm_engine,btc_lebesgue_scan_nonce,7.0000000000
280303562,1762222313842,btc_qm_engine,btc_sha256_nonce,4278023439.0000000000
280303563,1762222313934,btc_qm_engine,btc_leading_zeros,0.0000000000
280303564,1762222314027,btc_qm_engine,btc_sha256_elapsed_ns,1182.0000000000
280303565,1762222314228,btc_qm_engine,btc_orbital_scan_nonce,4278222744.0000000000
280303566,1762222315547,btc_qm_engine,btc_sha256_nonce,4278222744.0000000000
280303567,1762222315639,btc_qm_engine,btc_leading_zeros,1.0000000000
280303568,1762222315727,btc_qm_engine,btc_sha256_elapsed_ns,1181.0000000000
280303569,1762222315925,btc_qm_engine,btc_orbital_scan_nonce,4278191415.0000000000
280303570,1762222317252,btc_qm_engine,btc_sha256_nonce,4278191415.0000000000
280303571,1762222317342,btc_qm_engine,btc_leading_zeros,0.0000000000
280303572,1762222317433,btc_qm_engine,btc_sha256_elapsed_ns,1184.0000000000
280303573,1762222317633,btc_qm_engine,btc_orbital_scan_nonce,4278177614.0000000000
280303574,1762222318969,btc_qm_engine,btc_sha256_nonce,4278177614.0000000000
280303575,1762222319063,btc_qm_engine,btc_leading_zeros,2.0000000000
280303576,1762222319155,btc_qm_engine,btc_sha256_elapsed_ns,1182.0000000000
280303577,1762222319342,btc_qm_engine,btc_orbital_scan_nonce,4278218504.0000000000
280303578,1762222320669,btc_qm_engine,btc_sha256_nonce,4278218504.0000000000
280303579,1762222320758,btc_qm_engine,btc_leading_zeros,1.0000000000
280303580,1762222320849,btc_qm_engine,btc_sha256_elapsed_ns,1185.0000000000
280303581,1762222321068,btc_qm_engine,btc_lebesgue_scan_nonce,17.0000000000
280303582,1762222322383,btc_qm_engine,btc_sha256_nonce,4278066123.0000000000
280303583,1762222322478,btc_qm_engine,btc_leading_zeros,0.0000000000
280303584,1762222322569,btc_qm_engine,btc_sha256_elapsed_ns,1181.0000000000
280303585,1762222322788,btc_qm_engine,btc_lebesgue_scan_nonce,3.0000000000
280303586,1762222324125,btc_qm_engine,btc_sha256_nonce,4278022759.0000000000
280303587,1762222324218,btc_qm_engine,btc_leading_zeros,4.0000000000
280303588,1762222324308,btc_qm_engine,btc_sha256_elapsed_ns,1181.0000000000
280303589,1762222325753,btc_qm_engine,btc_sha256_nonce,243622185.0000000000
280303590,1762222325850,btc_qm_engine,btc_leading_zeros,1.0000000000
280303591,1762222325943,btc_qm_engine,btc_sha256_elapsed_ns,1185.0000000000
280303592,1762222327389,btc_qm_engine,btc_sha256_nonce,246760944.0000000000
280303593,1762222327491,btc_qm_engine,btc_leading_zeros,1.0000000000
280303594,1762222327582,btc_qm_engine,btc_sha256_elapsed_ns,1185.0000000000
280303595,1762222329039,btc_qm_engine,btc_sha256_nonce,246818938.0000000000
280303596,1762222329135,btc_qm_engine,btc_leading_zeros,0.0000000000
280303597,1762222329227,btc_qm_engine,btc_sha256_elapsed_ns,1183.0000000000
280303598,1762222329431,btc_qm_engine,btc_orbital_scan_nonce,4278151695.0000000000
280303599,1762222330807,btc_qm_engine,btc_sha256_nonce,4278151695.0000000000
280303600,1762222330902,btc_qm_engine,btc_leading_zeros,0.0000000000
280303601,1762222330992,btc_qm_engine,btc_sha256_elapsed_ns,1189.0000000000
280303602,1762222331197,btc_qm_engine,btc_orbital_scan_nonce,4278161712.0000000000
280303603,1762222332532,btc_qm_engine,btc_sha256_nonce,4278161712.0000000000
280303604,1762222332630,btc_qm_engine,btc_leading_zeros,0.0000000000
280303605,1762222332719,btc_qm_engine,btc_sha256_elapsed_ns,1187.0000000000
280303606,1762222334162,btc_qm_engine,btc_sha256_nonce,250954981.0000000000
280303607,1762222334264,btc_qm_engine,btc_leading_zeros,0.0000000000
280303608,1762222334359,btc_qm_engine,btc_sha256_elapsed_ns,1182.0000000000
280303609,1762222335808,btc_qm_engine,btc_sha256_nonce,247367350.0000000000
280303610,1762222335903,btc_qm_engine,btc_leading_zeros,0.0000000000
280303611,1762222336002,btc_qm_engine,btc_sha256_elapsed_ns,1185.0000000000
280303612,1762222337449,btc_qm_engine,btc_sha256_nonce,245493621.0000000000
280303613,1762222337556,btc_qm_engine,btc_leading_zeros,0.0000000000
280303614,1762222337655,btc_qm_engine,btc_sha256_elapsed_ns,1188.0000000000
280303615,1762222337870,btc_qm_engine,btc_lebesgue_scan_nonce,37.0000000000
280303616,1762222339233,btc_qm_engine,btc_sha256_nonce,4278160798.0000000000
280303617,1762222339335,btc_qm_engine,btc_leading_zeros,2.0000000000
280303618,1762222339424,btc_qm_engine,btc_sha256_elapsed_ns,1183.0000000000
280303619,1762222340876,btc_qm_engine,btc_sha256_nonce,246647759.0000000000
280303620,1762222340974,btc_qm_engine,btc_leading_zeros,0.0000000000
280303621,1762222341073,btc_qm_engine,btc_sha256_elapsed_ns,1186.0000000000
280303622,1762222342518,btc_qm_engine,btc_sha256_nonce,249657646.0000000000
280303623,1762222342622,btc_qm_engine,btc_leading_zeros,0.0000000000
280303624,1762222342716,btc_qm_engine,btc_sha256_elapsed_ns,1184.0000000000
280303625,1762222344161,btc_qm_engine,btc_sha256_nonce,249634026.0000000000
280303626,1762222344258,btc_qm_engine,btc_leading_zeros,1.0000000000
280303627,1762222344359,btc_qm_engine,btc_sha256_elapsed_ns,1183.0000000000
280303628,1762222344560,btc_qm_engine,btc_orbital_scan_nonce,4278187831.0000000000
280303629,1762222345905,btc_qm_engine,btc_sha256_nonce,4278187831.0000000000
280303630,1762222346005,btc_qm_engine,btc_leading_zeros,2.0000000000
280303631,1762222346099,btc_qm_engine,btc_sha256_elapsed_ns,1179.0000000000
280303632,1762222346318,btc_qm_engine,btc_lebesgue_scan_nonce,38.0000000000
280303633,1762222347697,btc_qm_engine,btc_sha256_nonce,4278197331.0000000000
280303634,1762222347788,btc_qm_engine,btc_leading_zeros,2.0000000000
280303635,1762222347881,btc_qm_engine,btc_sha256_elapsed_ns,1189.0000000000
280303636,1762222349356,btc_qm_engine,btc_sha256_nonce,246435897.0000000000
280303637,1762222349460,btc_qm_engine,btc_leading_zeros,2.0000000000
280303638,1762222349549,btc_qm_engine,btc_sha256_elapsed_ns,1193.0000000000
280303639,1762222351013,btc_qm_engine,btc_sha256_nonce,247318127.0000000000
280303640,1762222351108,btc_qm_engine,btc_leading_zeros,1.0000000000
280303641,1762222351198,btc_qm_engine,btc_sha256_elapsed_ns,1189.0000000000
280303642,1762222352644,btc_qm_engine,btc_sha256_nonce,247300212.0000000000
280303643,1762222352746,btc_qm_engine,btc_leading_zeros,0.0000000000
280303644,1762222352841,btc_qm_engine,btc_sha256_elapsed_ns,1183.0000000000
280303645,1762222353059,btc_qm_engine,btc_lebesgue_scan_nonce,9.0000000000
280303646,1762222354388,btc_qm_engine,btc_sha256_nonce,4278225993.0000000000
280303647,1762222354485,btc_qm_engine,btc_leading_zeros,0.0000000000
280303648,1762222354575,btc_qm_engine,btc_sha256_elapsed_ns,1182.0000000000
280303649,1762222354780,btc_qm_engine,btc_orbital_scan_nonce,4278191329.0000000000
280303650,1762222356138,btc_qm_engine,btc_sha256_nonce,4278191329.0000000000
280303651,1762222356234,btc_qm_engine,btc_leading_zeros,1.0000000000
280303652,1762222356324,btc_qm_engine,btc_sha256_elapsed_ns,1191.0000000000
280303653,1762222357780,btc_qm_engine,btc_sha256_nonce,245402449.0000000000
280303654,1762222357876,btc_qm_engine,btc_leading_zeros,0.0000000000
280303655,1762222357976,btc_qm_engine,btc_sha256_elapsed_ns,1190.0000000000
280303656,1762222358191,btc_qm_engine,btc_lebesgue_scan_nonce,32.0000000000
280303657,1762222359540,btc_qm_engine,btc_sha256_nonce,4278235243.0000000000
280303658,1762222359633,btc_qm_engine,btc_leading_zeros,3.0000000000
280303659,1762222359724,btc_qm_engine,btc_sha256_elapsed_ns,1187.0000000000
280303660,1762222359925,btc_qm_engine,btc_orbital_scan_nonce,4278240080.0000000000
280303661,1762222361250,btc_qm_engine,btc_sha256_nonce,4278240080.0000000000
280303662,1762222361341,btc_qm_engine,btc_leading_zeros,0.0000000000
280303663,1762222361433,btc_qm_engine,btc_sha256_elapsed_ns,1188.0000000000
280303664,1762222362900,btc_qm_engine,btc_sha256_nonce,246476069.0000000000
280303665,1762222363000,btc_qm_engine,btc_leading_zeros,3.0000000000
280303666,1762222363092,btc_qm_engine,btc_sha256_elapsed_ns,1186.0000000000
280303667,1762222363291,btc_qm_engine,btc_orbital_scan_nonce,4278240080.0000000000
280303668,1762222364623,btc_qm_engine,btc_sha256_nonce,4278240080.0000000000
280303669,1762222364717,btc_qm_engine,btc_leading_zeros,0.0000000000
280303670,1762222364805,btc_qm_engine,btc_sha256_elapsed_ns,1185.0000000000
280303671,1762222364990,btc_qm_engine,btc_orbital_scan_nonce,4278210486.0000000000
280303672,1762222366313,btc_qm_engine,btc_sha256_nonce,4278210486.0000000000
280303673,1762222366406,btc_qm_engine,btc_leading_zeros,0.0000000000
280303674,1762222366494,btc_qm_engine,btc_sha256_elapsed_ns,1184.0000000000
280303675,1762222366679,btc_qm_engine,btc_orbital_scan_nonce,4278156911.0000000000
280303676,1762222367999,btc_qm_engine,btc_sha256_nonce,4278156911.0000000000
280303677,1762222368093,btc_qm_engine,btc_leading_zeros,0.0000000000
280303678,1762222368184,btc_qm_engine,btc_sha256_elapsed_ns,1181.0000000000
280303679,1762222368367,btc_qm_engine,btc_orbital_scan_nonce,4278171072.0000000000
280303680,1762222369690,btc_qm_engine,btc_sha256_nonce,4278171072.0000000000
280303681,1762222369784,btc_qm_engine,btc_leading_zeros,0.0000000000
280303682,1762222369873,btc_qm_engine,btc_sha256_elapsed_ns,1186.0000000000
280303683,1762222370058,btc_qm_engine,btc_orbital_scan_nonce,4278217937.0000000000
280303684,1762222371405,btc_qm_engine,btc_sha256_nonce,4278217937.0000000000
280303685,1762222371503,btc_qm_engine,btc_leading_zeros,2.0000000000
280303686,1762222371591,btc_qm_engine,btc_sha256_elapsed_ns,1188.0000000000
280303687,1762222373068,btc_qm_engine,btc_sha256_nonce,246983915.0000000000
280303688,1762222373163,btc_qm_engine,btc_leading_zeros,4.0000000000
280303689,1762222373251,btc_qm_engine,btc_sha256_elapsed_ns,1182.0000000000
280303690,1762222374694,btc_qm_engine,btc_sha256_nonce,245108268.0000000000
280303691,1762222374794,btc_qm_engine,btc_leading_zeros,1.0000000000
280303692,1762222374883,btc_qm_engine,btc_sha256_elapsed_ns,1177.0000000000
280303693,1762222375070,btc_qm_engine,btc_orbital_scan_nonce,4278219083.0000000000
280303694,1762222376420,btc_qm_engine,btc_sha256_nonce,4278219083.0000000000
280303695,1762222376509,btc_qm_engine,btc_leading_zeros,3.0000000000
280303696,1762222376599,btc_qm_engine,btc_sha256_elapsed_ns,1182.0000000000
280303697,1762222378061,btc_qm_engine,btc_sha256_nonce,251479138.0000000000
280303698,1762222378158,btc_qm_engine,btc_leading_zeros,3.0000000000
280303699,1762222378249,btc_qm_engine,btc_sha256_elapsed_ns,1184.0000000000
280303700,1762222378480,btc_qm_engine,btc_lebesgue_scan_nonce,8.0000000000
280303701,1762222379849,btc_qm_engine,btc_sha256_nonce,4278325545.0000000000
280303702,1762222379945,btc_qm_engine,btc_leading_zeros,1.0000000000
280303703,1762222380043,btc_qm_engine,btc_sha256_elapsed_ns,1186.0000000000
280303704,1762222380230,btc_qm_engine,btc_orbital_scan_nonce,4278213488.0000000000
280303705,1762222381572,btc_qm_engine,btc_sha256_nonce,4278213488.0000000000
280303706,1762222381663,btc_qm_engine,btc_leading_zeros,4.0000000000
280303707,1762222381755,btc_qm_engine,btc_sha256_elapsed_ns,1182.0000000000
280303708,1762222381945,btc_qm_engine,btc_orbital_scan_nonce,4278232630.0000000000
280303709,1762222383271,btc_qm_engine,btc_sha256_nonce,4278232630.0000000000
280303710,1762222383365,btc_qm_engine,btc_leading_zeros,1.0000000000
280303711,1762222383458,btc_qm_engine,btc_sha256_elapsed_ns,1191.0000000000
280303712,1762222384906,btc_qm_engine,btc_sha256_nonce,1948821079.0000000000
280303713,1762222385008,btc_qm_engine,btc_leading_zeros,1.0000000000
280303714,1762222385099,btc_qm_engine,btc_sha256_elapsed_ns,1182.0000000000
280303715,1762222386555,btc_qm_engine,btc_sha256_nonce,246184969.0000000000
280303716,1762222386650,btc_qm_engine,btc_leading_zeros,0.0000000000
280303717,1762222386740,btc_qm_engine,btc_sha256_elapsed_ns,1185.0000000000
280303718,1762222388226,btc_qm_engine,btc_sha256_nonce,251468282.0000000000
280303719,1762222388328,btc_qm_engine,btc_leading_zeros,0.0000000000
280303720,1762222388423,btc_qm_engine,btc_sha256_elapsed_ns,1189.0000000000
280303721,1762222389880,btc_qm_engine,btc_sha256_nonce,245483052.0000000000
280303722,1762222389975,btc_qm_engine,btc_leading_zeros,1.0000000000
280303723,1762222390075,btc_qm_engine,btc_sha256_elapsed_ns,1192.0000000000
280303724,1762222391525,btc_qm_engine,btc_sha256_nonce,247848079.0000000000
280303725,1762222391627,btc_qm_engine,btc_leading_zeros,1.0000000000
280303726,1762222391721,btc_qm_engine,btc_sha256_elapsed_ns,1190.0000000000
280303727,1762222391926,btc_qm_engine,btc_orbital_scan_nonce,4278186870.0000000000
280303728,1762222393283,btc_qm_engine,btc_sha256_nonce,4278186870.0000000000
280303729,1762222393388,btc_qm_engine,btc_leading_zeros,2.0000000000
280303730,1762222393474,btc_qm_engine,btc_sha256_elapsed_ns,1190.0000000000
280303731,1762222394930,btc_qm_engine,btc_sha256_nonce,246716853.0000000000
280303732,1762222395025,btc_qm_engine,btc_leading_zeros,1.0000000000
280303733,1762222395124,btc_qm_engine,btc_sha256_elapsed_ns,1192.0000000000
280303734,1762222395322,btc_qm_engine,btc_orbital_scan_nonce,4278161375.0000000000
280303735,1762222396650,btc_qm_engine,btc_sha256_nonce,4278161375.0000000000
280303736,1762222396756,btc_qm_engine,btc_leading_zeros,1.0000000000
280303737,1762222396848,btc_qm_engine,btc_sha256_elapsed_ns,1181.0000000000
280303738,1762222398323,btc_qm_engine,btc_sha256_nonce,251315638.0000000000
280303739,1762222398425,btc_qm_engine,btc_leading_zeros,2.0000000000
280303740,1762222398524,btc_qm_engine,btc_sha256_elapsed_ns,1187.0000000000
280303741,1762222398739,btc_qm_engine,btc_lebesgue_scan_nonce,23.0000000000
280303742,1762222400083,btc_qm_engine,btc_sha256_nonce,4278302433.0000000000
280303743,1762222400182,btc_qm_engine,btc_leading_zeros,1.0000000000
280303744,1762222400270,btc_qm_engine,btc_sha256_elapsed_ns,1186.0000000000
280303745,1762222400476,btc_qm_engine,btc_orbital_scan_nonce,4278194956.0000000000
280303746,1762222401825,btc_qm_engine,btc_sha256_nonce,4278194956.0000000000
280303747,1762222401919,btc_qm_engine,btc_leading_zeros,2.0000000000
280303748,1762222402011,btc_qm_engine,btc_sha256_elapsed_ns,1180.0000000000
280303749,1762222403451,btc_qm_engine,btc_sha256_nonce,246591432.0000000000
280303750,1762222403548,btc_qm_engine,btc_leading_zeros,0.0000000000
280303751,1762222403640,btc_qm_engine,btc_sha256_elapsed_ns,1176.0000000000
280303752,1762222405082,btc_qm_engine,btc_sha256_nonce,246299935.0000000000
280303753,1762222405209,btc_qm_engine,btc_leading_zeros,0.0000000000
280303754,1762222405302,btc_qm_engine,btc_sha256_elapsed_ns,1185.0000000000
280303755,1762222406757,btc_qm_engine,btc_sha256_nonce,243371133.0000000000
280303756,1762222406851,btc_qm_engine,btc_leading_zeros,0.0000000000
280303757,1762222406944,btc_qm_engine,btc_sha256_elapsed_ns,1180.0000000000
280303758,1762222407152,btc_qm_engine,btc_orbital_scan_nonce,4278144075.0000000000
280303759,1762222408479,btc_qm_engine,btc_sha256_nonce,4278144075.0000000000
280303760,1762222408575,btc_qm_engine,btc_leading_zeros,0.0000000000
280303761,1762222408665,btc_qm_engine,btc_sha256_elapsed_ns,1178.0000000000
280303762,1762222410114,btc_qm_engine,btc_sha256_nonce,250114831.0000000000
280303763,1762222410212,btc_qm_engine,btc_leading_zeros,0.0000000000
280303764,1762222410309,btc_qm_engine,btc_sha256_elapsed_ns,1188.0000000000
280303765,1762222411757,btc_qm_engine,btc_sha256_nonce,245385106.0000000000
280303766,1762222411856,btc_qm_engine,btc_leading_zeros,0.0000000000
280303767,1762222411956,btc_qm_engine,btc_sha256_elapsed_ns,1187.0000000000
280303768,1762222413402,btc_qm_engine,btc_sha256_nonce,244979786.0000000000
280303769,1762222413513,btc_qm_engine,btc_leading_zeros,1.0000000000
280303770,1762222413608,btc_qm_engine,btc_sha256_elapsed_ns,1185.0000000000
280303771,1762222413809,btc_qm_engine,btc_orbital_scan_nonce,4278240080.0000000000
280303772,1762222415141,btc_qm_engine,btc_sha256_nonce,4278240080.0000000000
280303773,1762222415243,btc_qm_engine,btc_leading_zeros,0.0000000000
280303774,1762222415334,btc_qm_engine,btc_sha256_elapsed_ns,1186.0000000000
280303775,1762222416778,btc_qm_engine,btc_sha256_nonce,244507597.0000000000
280303776,1762222416875,btc_qm_engine,btc_leading_zeros,0.0000000000
280303777,1762222416974,btc_qm_engine,btc_sha256_elapsed_ns,1182.0000000000
280303778,1762222418419,btc_qm_engine,btc_sha256_nonce,243932363.0000000000
280303779,1762222418518,btc_qm_engine,btc_leading_zeros,0.0000000000
280303780,1762222418615,btc_qm_engine,btc_sha256_elapsed_ns,1184.0000000000
280303781,1762222420070,btc_qm_engine,btc_sha256_nonce,244690071.0000000000
280303782,1762222420169,btc_qm_engine,btc_leading_zeros,0.0000000000
280303783,1762222420267,btc_qm_engine,btc_sha256_elapsed_ns,1194.0000000000
280303784,1762222420467,btc_qm_engine,btc_orbital_scan_nonce,4278167855.0000000000
280303785,1762222421804,btc_qm_engine,btc_sha256_nonce,4278167855.0000000000
280303786,1762222421902,btc_qm_engine,btc_leading_zeros,1.0000000000
280303787,1762222422003,btc_qm_engine,btc_sha256_elapsed_ns,1191.0000000000
280303788,1762222423447,btc_qm_engine,btc_sha256_nonce,243214015.0000000000
280303789,1762222423572,btc_qm_engine,btc_leading_zeros,0.0000000000
280303790,1762222423672,btc_qm_engine,btc_sha256_elapsed_ns,1186.0000000000
280303791,1762222425122,btc_qm_engine,btc_sha256_nonce,245831514.0000000000
280303792,1762222425217,btc_qm_engine,btc_leading_zeros,0.0000000000
280303793,1762222425324,btc_qm_engine,btc_sha256_elapsed_ns,1184.0000000000
280303794,1762222426784,btc_qm_engine,btc_sha256_nonce,3550378814.0000000000
280303795,1762222426884,btc_qm_engine,btc_leading_zeros,4.0000000000
280303796,1762222426980,btc_qm_engine,btc_sha256_elapsed_ns,1183.0000000000
280303797,1762222428427,btc_qm_engine,btc_sha256_nonce,244378802.0000000000
280303798,1762222428527,btc_qm_engine,btc_leading_zeros,1.0000000000
280303799,1762222428626,btc_qm_engine,btc_sha256_elapsed_ns,1185.0000000000
280303800,1762222430070,btc_qm_engine,btc_sha256_nonce,244206814.0000000000
280303801,1762222430174,btc_qm_engine,btc_leading_zeros,0.0000000000
280303802,1762222430272,btc_qm_engine,btc_sha256_elapsed_ns,1180.0000000000
280303803,1762222431739,btc_qm_engine,btc_sha256_nonce,249145211.0000000000
280303804,1762222431849,btc_qm_engine,btc_leading_zeros,2.0000000000
280303805,1762222431956,btc_qm_engine,btc_sha256_elapsed_ns,1182.0000000000
280303806,1762222432157,btc_qm_engine,btc_orbital_scan_nonce,4278233859.0000000000
280303807,1762222433487,btc_qm_engine,btc_sha256_nonce,4278233859.0000000000
280303808,1762222433582,btc_qm_engine,btc_leading_zeros,0.0000000000
280303809,1762222433682,btc_qm_engine,btc_sha256_elapsed_ns,1187.0000000000
280303810,1762222435130,btc_qm_engine,btc_sha256_nonce,246377683.0000000000
280303811,1762222435227,btc_qm_engine,btc_leading_zeros,1.0000000000
280303812,1762222435324,btc_qm_engine,btc_sha256_elapsed_ns,1183.0000000000
280303813,1762222435528,btc_qm_engine,btc_orbital_scan_nonce,4278202025.0000000000
280303814,1762222436859,btc_qm_engine,btc_sha256_nonce,4278202025.0000000000
280303815,1762222436959,btc_qm_engine,btc_leading_zeros,0.0000000000
280303816,1762222437047,btc_qm_engine,btc_sha256_elapsed_ns,1186.0000000000
280303817,1762222438513,btc_qm_engine,btc_sha256_nonce,250176917.0000000000
280303818,1762222438611,btc_qm_engine,btc_leading_zeros,2.0000000000
280303819,1762222438710,btc_qm_engine,btc_sha256_elapsed_ns,1186.0000000000
280303820,1762222438929,btc_qm_engine,btc_lebesgue_scan_nonce,10.0000000000
280303821,1762222440269,btc_qm_engine,btc_sha256_nonce,4278181017.0000000000
280303822,1762222440367,btc_qm_engine,btc_leading_zeros,0.0000000000
280303823,1762222440458,btc_qm_engine,btc_sha256_elapsed_ns,1181.0000000000
280303824,1762222440684,btc_qm_engine,btc_lebesgue_scan_nonce,15.0000000000
280303825,1762222442015,btc_qm_engine,btc_sha256_nonce,4278280913.0000000000
280303826,1762222442106,btc_qm_engine,btc_leading_zeros,0.0000000000
280303827,1762222442200,btc_qm_engine,btc_sha256_elapsed_ns,1184.0000000000
280303828,1762222442416,btc_qm_engine,btc_lebesgue_scan_nonce,28.0000000000
280303829,1762222443739,btc_qm_engine,btc_sha256_nonce,4278250119.0000000000
280303830,1762222443826,btc_qm_engine,btc_leading_zeros,0.0000000000
280303831,1762222443917,btc_qm_engine,btc_sha256_elapsed_ns,1182.0000000000
280303832,1762222445371,btc_qm_engine,btc_sha256_nonce,246978952.0000000000
280303833,1762222445471,btc_qm_engine,btc_leading_zeros,0.0000000000
280303834,1762222445562,btc_qm_engine,btc_sha256_elapsed_ns,1185.0000000000
280303835,1762222447010,btc_qm_engine,btc_sha256_nonce,2678710775.0000000000
280303836,1762222447106,btc_qm_engine,btc_leading_zeros,0.0000000000
280303837,1762222447195,btc_qm_engine,btc_sha256_elapsed_ns,1187.0000000000
280303838,1762222448647,btc_qm_engine,btc_sha256_nonce,244987748.0000000000
280303839,1762222448745,btc_qm_engine,btc_leading_zeros,0.0000000000
280303840,1762222448843,btc_qm_engine,btc_sha256_elapsed_ns,1183.0000000000
280303841,1762222449047,btc_qm_engine,btc_orbital_scan_nonce,4278188079.0000000000
280303842,1762222450391,btc_qm_engine,btc_sha256_nonce,4278188079.0000000000
280303843,1762222450490,btc_qm_engine,btc_leading_zeros,4.0000000000
280303844,1762222450577,btc_qm_engine,btc_sha256_elapsed_ns,1185.0000000000
280303845,1762222450780,btc_qm_engine,btc_orbital_scan_nonce,4278240080.0000000000
280303846,1762222452109,btc_qm_engine,btc_sha256_nonce,4278240080.0000000000
280303847,1762222452210,btc_qm_engine,btc_leading_zeros,0.0000000000
280303848,1762222452296,btc_qm_engine,btc_sha256_elapsed_ns,1187.0000000000
280303849,1762222453756,btc_qm_engine,btc_sha256_nonce,245230309.0000000000
280303850,1762222453855,btc_qm_engine,btc_leading_zeros,1.0000000000
280303851,1762222453947,btc_qm_engine,btc_sha256_elapsed_ns,1188.0000000000
280303852,1762222455405,btc_qm_engine,btc_sha256_nonce,246792350.0000000000
280303853,1762222455507,btc_qm_engine,btc_leading_zeros,0.0000000000
280303854,1762222455596,btc_qm_engine,btc_sha256_elapsed_ns,1191.0000000000
280303855,1762222455846,btc_qm_engine,btc_orbital_scan_nonce,4278213974.0000000000
280303856,1762222457199,btc_qm_engine,btc_sha256_nonce,4278213974.0000000000
280303857,1762222457297,btc_qm_engine,btc_leading_zeros,3.0000000000
280303858,1762222457385,btc_qm_engine,btc_sha256_elapsed_ns,1191.0000000000
280303859,1762222457592,btc_qm_engine,btc_orbital_scan_nonce,4278208983.0000000000
280303860,1762222458922,btc_qm_engine,btc_sha256_nonce,4278208983.0000000000
280303861,1762222459016,btc_qm_engine,btc_leading_zeros,1.0000000000
280303862,1762222459102,btc_qm_engine,btc_sha256_elapsed_ns,1193.0000000000
280303863,1762222459307,btc_qm_engine,btc_orbital_scan_nonce,4278172121.0000000000
280303864,1762222460630,btc_qm_engine,btc_sha256_nonce,4278172121.0000000000
280303865,1762222460724,btc_qm_engine,btc_leading_zeros,0.0000000000
280303866,1762222460811,btc_qm_engine,btc_sha256_elapsed_ns,1185.0000000000
280303867,1762222462271,btc_qm_engine,btc_sha256_nonce,244883773.0000000000
280303868,1762222462369,btc_qm_engine,btc_leading_zeros,0.0000000000
280303869,1762222462460,btc_qm_engine,btc_sha256_elapsed_ns,1182.0000000000
280303870,1762222462677,btc_qm_engine,btc_lebesgue_scan_nonce,30.0000000000
280303871,1762222464026,btc_qm_engine,btc_sha256_nonce,4278119836.0000000000
280303872,1762222464117,btc_qm_engine,btc_leading_zeros,0.0000000000
280303873,1762222464210,btc_qm_engine,btc_sha256_elapsed_ns,1190.0000000000
280303874,1762222465658,btc_qm_engine,btc_sha256_nonce,250075350.0000000000
280303875,1762222465756,btc_qm_engine,btc_leading_zeros,0.0000000000
280303876,1762222465849,btc_qm_engine,btc_sha256_elapsed_ns,1188.0000000000
280303877,1762222467293,btc_qm_engine,btc_sha256_nonce,244679575.0000000000
280303878,1762222467391,btc_qm_engine,btc_leading_zeros,0.0000000000
280303879,1762222467483,btc_qm_engine,btc_sha256_elapsed_ns,1182.0000000000
280303880,1762222468935,btc_qm_engine,btc_sha256_nonce,244811292.0000000000
280303881,1762222469036,btc_qm_engine,btc_leading_zeros,0.0000000000
280303882,1762222469123,btc_qm_engine,btc_sha256_elapsed_ns,1187.0000000000
280303883,1762222470567,btc_qm_engine,btc_sha256_nonce,1734281849.0000000000
280303884,1762222470663,btc_qm_engine,btc_leading_zeros,0.0000000000
280303885,1762222470761,btc_qm_engine,btc_sha256_elapsed_ns,1184.0000000000
280303886,1762222472223,btc_qm_engine,btc_sha256_nonce,250003008.0000000000
280303887,1762222472321,btc_qm_engine,btc_leading_zeros,3.0000000000
280303888,1762222472417,btc_qm_engine,btc_sha256_elapsed_ns,1182.0000000000
280303889,1762222472636,btc_qm_engine,btc_lebesgue_scan_nonce,4.0000000000
280303890,1762222473977,btc_qm_engine,btc_sha256_nonce,4277987846.0000000000
280303891,1762222474076,btc_qm_engine,btc_leading_zeros,1.0000000000
280303892,1762222474170,btc_qm_engine,btc_sha256_elapsed_ns,1186.0000000000
280303893,1762222475633,btc_qm_engine,btc_sha256_nonce,244099571.0000000000
280303894,1762222475733,btc_qm_engine,btc_leading_zeros,2.0000000000
280303895,1762222475833,btc_qm_engine,btc_sha256_elapsed_ns,1185.0000000000
280303896,1762222477297,btc_qm_engine,btc_sha256_nonce,250234027.0000000000
280303897,1762222477402,btc_qm_engine,btc_leading_zeros,2.0000000000
280303898,1762222477497,btc_qm_engine,btc_sha256_elapsed_ns,1183.0000000000
280303899,1762222478945,btc_qm_engine,btc_sha256_nonce,250398067.0000000000
280303900,1762222479041,btc_qm_engine,btc_leading_zeros,1.0000000000
280303901,1762222479138,btc_qm_engine,btc_sha256_elapsed_ns,1182.0000000000
280303902,1762222480602,btc_qm_engine,btc_sha256_nonce,246782138.0000000000
280303903,1762222480702,btc_qm_engine,btc_leading_zeros,4.0000000000
280303904,1762222480799,btc_qm_engine,btc_sha256_elapsed_ns,1191.0000000000
280303905,1762222482248,btc_qm_engine,btc_sha256_nonce,247596620.0000000000
280303906,1762222482356,btc_qm_engine,btc_leading_zeros,0.0000000000
280303907,1762222482456,btc_qm_engine,btc_sha256_elapsed_ns,1185.0000000000
280303908,1762222483908,btc_qm_engine,btc_sha256_nonce,246771979.0000000000
280303909,1762222484012,btc_qm_engine,btc_leading_zeros,0.0000000000
280303910,1762222484109,btc_qm_engine,btc_sha256_elapsed_ns,1182.0000000000
280303911,1762222484318,btc_qm_engine,btc_orbital_scan_nonce,4278169759.0000000000
280303912,1762222485665,btc_qm_engine,btc_sha256_nonce,4278169759.0000000000
280303913,1762222485767,btc_qm_engine,btc_leading_zeros,4.0000000000
280303914,1762222485856,btc_qm_engine,btc_sha256_elapsed_ns,1183.0000000000
280303915,1762222486063,btc_qm_engine,btc_orbital_scan_nonce,4278151146.0000000000
280303916,1762222487396,btc_qm_engine,btc_sha256_nonce,4278151146.0000000000
280303917,1762222487488,btc_qm_engine,btc_leading_zeros,1.0000000000
280303918,1762222487577,btc_qm_engine,btc_sha256_elapsed_ns,1187.0000000000
280303919,1762222487789,btc_qm_engine,btc_orbital_scan_nonce,4278206470.0000000000
280303920,1762222489113,btc_qm_engine,btc_sha256_nonce,4278206470.0000000000
280303921,1762222489208,btc_qm_engine,btc_leading_zeros,0.0000000000
280303922,1762222489297,btc_qm_engine,btc_sha256_elapsed_ns,1186.0000000000
280303923,1762222489496,btc_qm_engine,btc_orbital_scan_nonce,4278182292.0000000000
280303924,1762222490820,btc_qm_engine,btc_sha256_nonce,4278182292.0000000000
280303925,1762222490916,btc_qm_engine,btc_leading_zeros,0.0000000000
280303926,1762222491004,btc_qm_engine,btc_sha256_elapsed_ns,1187.0000000000
280303927,1762222491240,btc_qm_engine,btc_lebesgue_scan_nonce,37.0000000000
280303928,1762222492588,btc_qm_engine,btc_sha256_nonce,4278145565.0000000000
280303929,1762222492682,btc_qm_engine,btc_leading_zeros,0.0000000000
280303930,1762222492772,btc_qm_engine,btc_sha256_elapsed_ns,1182.0000000000
280303931,1762222494230,btc_qm_engine,btc_sha256_nonce,244383159.0000000000
280303932,1762222494325,btc_qm_engine,btc_leading_zeros,0.0000000000
280303933,1762222494414,btc_qm_engine,btc_sha256_elapsed_ns,1190.0000000000
280303934,1762222495863,btc_qm_engine,btc_sha256_nonce,250388683.0000000000
280303935,1762222495965,btc_qm_engine,btc_leading_zeros,0.0000000000
280303936,1762222496055,btc_qm_engine,btc_sha256_elapsed_ns,1184.0000000000
280303937,1762222497513,btc_qm_engine,btc_sha256_nonce,248351540.0000000000
280303938,1762222497609,btc_qm_engine,btc_leading_zeros,0.0000000000
280303939,1762222497700,btc_qm_engine,btc_sha256_elapsed_ns,1183.0000000000
280303940,1762222497905,btc_qm_engine,btc_orbital_scan_nonce,4278190378.0000000000
280303941,1762222499251,btc_qm_engine,btc_sha256_nonce,4278190378.0000000000
280303942,1762222499341,btc_qm_engine,btc_leading_zeros,0.0000000000
280303943,1762222499439,btc_qm_engine,btc_sha256_elapsed_ns,1186.0000000000
280303944,1762222500886,btc_qm_engine,btc_sha256_nonce,248742962.0000000000
280303945,1762222501011,btc_qm_engine,btc_leading_zeros,0.0000000000
280303946,1762222501099,btc_qm_engine,btc_sha256_elapsed_ns,1184.0000000000
280303947,1762222501305,btc_qm_engine,btc_orbital_scan_nonce,4278177704.0000000000
280303948,1762222502632,btc_qm_engine,btc_sha256_nonce,4278177704.0000000000
280303949,1762222502727,btc_qm_engine,btc_leading_zeros,1.0000000000
280303950,1762222502820,btc_qm_engine,btc_sha256_elapsed_ns,1182.0000000000
280303951,1762222504268,btc_qm_engine,btc_sha256_nonce,250616398.0000000000
280303952,1762222504363,btc_qm_engine,btc_leading_zeros,0.0000000000
280303953,1762222504457,btc_qm_engine,btc_sha256_elapsed_ns,1182.0000000000
280303954,1762222505898,btc_qm_engine,btc_sha256_nonce,247528282.0000000000
280303955,1762222505997,btc_qm_engine,btc_leading_zeros,1.0000000000
280303956,1762222506085,btc_qm_engine,btc_sha256_elapsed_ns,1182.0000000000
280303957,1762222506304,btc_qm_engine,btc_orbital_scan_nonce,4278159653.0000000000
280303958,1762222507630,btc_qm_engine,btc_sha256_nonce,4278159653.0000000000
280303959,1762222507729,btc_qm_engine,btc_leading_zeros,0.0000000000
280303960,1762222507822,btc_qm_engine,btc_sha256_elapsed_ns,1182.0000000000
280303961,1762222508023,btc_qm_engine,btc_orbital_scan_nonce,4278165448.0000000000
280303962,1762222509349,btc_qm_engine,btc_sha256_nonce,4278165448.0000000000
280303963,1762222509439,btc_qm_engine,btc_leading_zeros,1.0000000000
280303964,1762222509527,btc_qm_engine,btc_sha256_elapsed_ns,1180.0000000000
280303965,1762222509713,btc_qm_engine,btc_orbital_scan_nonce,4278190095.0000000000
280303966,1762222511031,btc_qm_engine,btc_sha256_nonce,4278190095.0000000000
280303967,1762222511124,btc_qm_engine,btc_leading_zeros,0.0000000000
280303968,1762222511217,btc_qm_engine,btc_sha256_elapsed_ns,1182.0000000000
280303969,1762222512664,btc_qm_engine,btc_sha256_nonce,250511308.0000000000
280303970,1762222512759,btc_qm_engine,btc_leading_zeros,0.0000000000
280303971,1762222512850,btc_qm_engine,btc_sha256_elapsed_ns,1182.0000000000
280303972,1762222514317,btc_qm_engine,btc_sha256_nonce,250533863.0000000000
280303973,1762222514439,btc_qm_engine,btc_leading_zeros,3.0000000000
280303974,1762222514543,btc_qm_engine,btc_sha256_elapsed_ns,1186.0000000000
280303975,1762222515999,btc_qm_engine,btc_sha256_nonce,248883783.0000000000
280303976,1762222516097,btc_qm_engine,btc_leading_zeros,1.0000000000
280303977,1762222516186,btc_qm_engine,btc_sha256_elapsed_ns,1191.0000000000
280303978,1762222516396,btc_qm_engine,btc_orbital_scan_nonce,4278240080.0000000000
280303979,1762222517755,btc_qm_engine,btc_sha256_nonce,4278240080.0000000000
280303980,1762222517854,btc_qm_engine,btc_leading_zeros,0.0000000000
280303981,1762222517952,btc_qm_engine,btc_sha256_elapsed_ns,1188.0000000000
280303982,1762222519414,btc_qm_engine,btc_sha256_nonce,247984200.0000000000
280303983,1762222519514,btc_qm_engine,btc_leading_zeros,0.0000000000
280303984,1762222519608,btc_qm_engine,btc_sha256_elapsed_ns,1187.0000000000
280303985,1762222521058,btc_qm_engine,btc_sha256_nonce,939044664.0000000000
280303986,1762222521155,btc_qm_engine,btc_leading_zeros,1.0000000000
280303987,1762222521246,btc_qm_engine,btc_sha256_elapsed_ns,1183.0000000000
280303988,1762222522708,btc_qm_engine,btc_sha256_nonce,245599509.0000000000
280303989,1762222522808,btc_qm_engine,btc_leading_zeros,2.0000000000
280303990,1762222522897,btc_qm_engine,btc_sha256_elapsed_ns,1183.0000000000
280303991,1762222523114,btc_qm_engine,btc_lebesgue_scan_nonce,17.0000000000
280303992,1762222524457,btc_qm_engine,btc_sha256_nonce,4278194626.0000000000
280303993,1762222524557,btc_qm_engine,btc_leading_zeros,1.0000000000
280303994,1762222524652,btc_qm_engine,btc_sha256_elapsed_ns,1184.0000000000
280303995,1762222524880,btc_qm_engine,btc_lebesgue_scan_nonce,13.0000000000
280303996,1762222526207,btc_qm_engine,btc_sha256_nonce,4278185843.0000000000
280303997,1762222526309,btc_qm_engine,btc_leading_zeros,0.0000000000
280303998,1762222526405,btc_qm_engine,btc_sha256_elapsed_ns,1183.0000000000
280303999,1762222527874,btc_qm_engine,btc_sha256_nonce,248705890.0000000000
280304000,1762222527972,btc_qm_engine,btc_leading_zeros,3.0000000000
280304001,1762222528072,btc_qm_engine,btc_sha256_elapsed_ns,1193.0000000000
280304002,1762222529530,btc_qm_engine,btc_sha256_nonce,248787459.0000000000
280304003,1762222529628,btc_qm_engine,btc_leading_zeros,2.0000000000
280304004,1762222529725,btc_qm_engine,btc_sha256_elapsed_ns,1182.0000000000
280304005,1762222529940,btc_qm_engine,btc_lebesgue_scan_nonce,30.0000000000
280304006,1762222531269,btc_qm_engine,btc_sha256_nonce,4278173481.0000000000
280304007,1762222531367,btc_qm_engine,btc_leading_zeros,0.0000000000
280304008,1762222531457,btc_qm_engine,btc_sha256_elapsed_ns,1183.0000000000
280304009,1762222532936,btc_qm_engine,btc_sha256_nonce,250242530.0000000000
280304010,1762222533031,btc_qm_engine,btc_leading_zeros,0.0000000000
280304011,1762222533124,btc_qm_engine,btc_sha256_elapsed_ns,1186.0000000000
280304012,1762222533339,btc_qm_engine,btc_lebesgue_scan_nonce,15.0000000000
280304013,1762222534672,btc_qm_engine,btc_sha256_nonce,4278353990.0000000000
280304014,1762222534759,btc_qm_engine,btc_leading_zeros,0.0000000000
280304015,1762222534850,btc_qm_engine,btc_sha256_elapsed_ns,1184.0000000000
280304016,1762222536289,btc_qm_engine,btc_sha256_nonce,245226154.0000000000
280304017,1762222536394,btc_qm_engine,btc_leading_zeros,0.0000000000
280304018,1762222536484,btc_qm_engine,btc_sha256_elapsed_ns,1181.0000000000
280304019,1762222537954,btc_qm_engine,btc_sha256_nonce,248763614.0000000000
280304020,1762222538051,btc_qm_engine,btc_leading_zeros,4.0000000000
280304021,1762222538143,btc_qm_engine,btc_sha256_elapsed_ns,1186.0000000000
280304022,1762222539589,btc_qm_engine,btc_sha256_nonce,246770592.0000000000
280304023,1762222539689,btc_qm_engine,btc_leading_zeros,0.0000000000
280304024,1762222539783,btc_qm_engine,btc_sha256_elapsed_ns,1186.0000000000
280304025,1762222541238,btc_qm_engine,btc_sha256_nonce,244928580.0000000000
280304026,1762222541333,btc_qm_engine,btc_leading_zeros,1.0000000000
280304027,1762222541432,btc_qm_engine,btc_sha256_elapsed_ns,1185.0000000000
280304028,1762222542883,btc_qm_engine,btc_sha256_nonce,251346578.0000000000
280304029,1762222542985,btc_qm_engine,btc_leading_zeros,1.0000000000
280304030,1762222543083,btc_qm_engine,btc_sha256_elapsed_ns,1192.0000000000
280304031,1762222544539,btc_qm_engine,btc_sha256_nonce,247221653.0000000000
280304032,1762222544633,btc_qm_engine,btc_leading_zeros,0.0000000000
280304033,1762222544731,btc_qm_engine,btc_sha256_elapsed_ns,1191.0000000000
280304034,1762222544932,btc_qm_engine,btc_orbital_scan_nonce,4278182541.0000000000
280304035,1762222546263,btc_qm_engine,btc_sha256_nonce,4278182541.0000000000
280304036,1762222546358,btc_qm_engine,btc_leading_zeros,0.0000000000
280304037,1762222546448,btc_qm_engine,btc_sha256_elapsed_ns,1181.0000000000
280304038,1762222547893,btc_qm_engine,btc_sha256_nonce,249151159.0000000000
280304039,1762222547992,btc_qm_engine,btc_leading_zeros,0.0000000000
280304040,1762222548087,btc_qm_engine,btc_sha256_elapsed_ns,1187.0000000000
280304041,1762222548307,btc_qm_engine,btc_lebesgue_scan_nonce,10.0000000000
280304042,1762222549652,btc_qm_engine,btc_sha256_nonce,4278333270.0000000000
280304043,1762222549769,btc_qm_engine,btc_leading_zeros,0.0000000000
280304044,1762222549859,btc_qm_engine,btc_sha256_elapsed_ns,1190.0000000000
280304045,1762222550061,btc_qm_engine,btc_lebesgue_scan_nonce,33.0000000000
280304046,1762222551417,btc_qm_engine,btc_sha256_nonce,4278263509.0000000000
280304047,1762222551521,btc_qm_engine,btc_leading_zeros,2.0000000000
280304048,1762222551611,btc_qm_engine,btc_sha256_elapsed_ns,1194.0000000000
280304049,1762222553076,btc_qm_engine,btc_sha256_nonce,248543984.0000000000
280304050,1762222553171,btc_qm_engine,btc_leading_zeros,0.0000000000
280304051,1762222553268,btc_qm_engine,btc_sha256_elapsed_ns,1190.0000000000
280304052,1762222554724,btc_qm_engine,btc_sha256_nonce,248145153.0000000000
280304053,1762222554826,btc_qm_engine,btc_leading_zeros,0.0000000000
280304054,1762222554914,btc_qm_engine,btc_sha256_elapsed_ns,1186.0000000000
280304055,1762222556364,btc_qm_engine,btc_sha256_nonce,245121134.0000000000
280304056,1762222556460,btc_qm_engine,btc_leading_zeros,0.0000000000
280304057,1762222556558,btc_qm_engine,btc_sha256_elapsed_ns,1184.0000000000
280304058,1762222558007,btc_qm_engine,btc_sha256_nonce,244580445.0000000000
280304059,1762222558108,btc_qm_engine,btc_leading_zeros,1.0000000000
280304060,1762222558222,btc_qm_engine,btc_sha256_elapsed_ns,1190.0000000000
280304061,1762222559682,btc_qm_engine,btc_sha256_nonce,249353038.0000000000
280304062,1762222559780,btc_qm_engine,btc_leading_zeros,0.0000000000
280304063,1762222559880,btc_qm_engine,btc_sha256_elapsed_ns,1190.0000000000
280304064,1762222561327,btc_qm_engine,btc_sha256_nonce,243493769.0000000000
280304065,1762222561433,btc_qm_engine,btc_leading_zeros,0.0000000000
280304066,1762222561531,btc_qm_engine,btc_sha256_elapsed_ns,1188.0000000000
280304067,1762222561733,btc_qm_engine,btc_orbital_scan_nonce,4278193568.0000000000
280304068,1762222563060,btc_qm_engine,btc_sha256_nonce,4278193568.0000000000
280304069,1762222563165,btc_qm_engine,btc_leading_zeros,1.0000000000
280304070,1762222563257,btc_qm_engine,btc_sha256_elapsed_ns,1183.0000000000
280304071,1762222564732,btc_qm_engine,btc_sha256_nonce,249400226.0000000000
280304072,1762222564826,btc_qm_engine,btc_leading_zeros,2.0000000000
280304073,1762222564918,btc_qm_engine,btc_sha256_elapsed_ns,1183.0000000000
280304074,1762222565119,btc_qm_engine,btc_orbital_scan_nonce,4278223404.0000000000
280304075,1762222566451,btc_qm_engine,btc_sha256_nonce,4278223404.0000000000
280304076,1762222566547,btc_qm_engine,btc_leading_zeros,0.0000000000
280304077,1762222566642,btc_qm_engine,btc_sha256_elapsed_ns,1187.0000000000
280304078,1762222568110,btc_qm_engine,btc_sha256_nonce,249438490.0000000000
280304079,1762222568208,btc_qm_engine,btc_leading_zeros,2.0000000000
280304080,1762222568305,btc_qm_engine,btc_sha256_elapsed_ns,1188.0000000000
280304081,1762222569755,btc_qm_engine,btc_sha256_nonce,247629326.0000000000
280304082,1762222569849,btc_qm_engine,btc_leading_zeros,0.0000000000
280304083,1762222569949,btc_qm_engine,btc_sha256_elapsed_ns,1187.0000000000
280304084,1762222571397,btc_qm_engine,btc_sha256_nonce,246430359.0000000000
280304085,1762222571492,btc_qm_engine,btc_leading_zeros,1.0000000000
280304086,1762222571589,btc_qm_engine,btc_sha256_elapsed_ns,1189.0000000000
280304087,1762222571808,btc_qm_engine,btc_lebesgue_scan_nonce,19.0000000000
280304088,1762222573150,btc_qm_engine,btc_sha256_nonce,4278057412.0000000000
280304089,1762222573255,btc_qm_engine,btc_leading_zeros,1.0000000000
280304090,1762222573344,btc_qm_engine,btc_sha256_elapsed_ns,1181.0000000000
280304091,1762222574826,btc_qm_engine,btc_sha256_nonce,244570539.0000000000
280304092,1762222574920,btc_qm_engine,btc_leading_zeros,3.0000000000
280304093,1762222575014,btc_qm_engine,btc_sha256_elapsed_ns,1188.0000000000
280304094,1762222576480,btc_qm_engine,btc_sha256_nonce,251022301.0000000000
280304095,1762222576580,btc_qm_engine,btc_leading_zeros,4.0000000000
280304096,1762222576677,btc_qm_engine,btc_sha256_elapsed_ns,1187.0000000000
280304097,1762222578130,btc_qm_engine,btc_sha256_nonce,249412710.0000000000
280304098,1762222578228,btc_qm_engine,btc_leading_zeros,0.0000000000
280304099,1762222578329,btc_qm_engine,btc_sha256_elapsed_ns,1189.0000000000
280304100,1762222578531,btc_qm_engine,btc_orbital_scan_nonce,4278230898.0000000000
280304101,1762222579867,btc_qm_engine,btc_sha256_nonce,4278230898.0000000000
280304102,1762222579961,btc_qm_engine,btc_leading_zeros,0.0000000000
280304103,1762222580055,btc_qm_engine,btc_sha256_elapsed_ns,1188.0000000000
280304104,1762222581504,btc_qm_engine,btc_sha256_nonce,247707013.0000000000
280304105,1762222581610,btc_qm_engine,btc_leading_zeros,0.0000000000
280304106,1762222581700,btc_qm_engine,btc_sha256_elapsed_ns,1184.0000000000
280304107,1762222583164,btc_qm_engine,btc_sha256_nonce,243105687.0000000000
280304108,1762222583259,btc_qm_engine,btc_leading_zeros,2.0000000000
280304109,1762222583358,btc_qm_engine,btc_sha256_elapsed_ns,1183.0000000000
280304110,1762222583558,btc_qm_engine,btc_orbital_scan_nonce,4278232827.0000000000
280304111,1762222584933,btc_qm_engine,btc_sha256_nonce,4278232827.0000000000
280304112,1762222585033,btc_qm_engine,btc_leading_zeros,0.0000000000
280304113,1762222585124,btc_qm_engine,btc_sha256_elapsed_ns,1183.0000000000
280304114,1762222586569,btc_qm_engine,btc_sha256_nonce,245037162.0000000000
280304115,1762222586667,btc_qm_engine,btc_leading_zeros,0.0000000000
280304116,1762222586765,btc_qm_engine,btc_sha256_elapsed_ns,1185.0000000000
280304117,1762222588217,btc_qm_engine,btc_sha256_nonce,249353887.0000000000
280304118,1762222588314,btc_qm_engine,btc_leading_zeros,0.0000000000
280304119,1762222588416,btc_qm_engine,btc_sha256_elapsed_ns,1191.0000000000
280304120,1762222589862,btc_qm_engine,btc_sha256_nonce,4061287571.0000000000
280304121,1762222589960,btc_qm_engine,btc_leading_zeros,1.0000000000
280304122,1762222590058,btc_qm_engine,btc_sha256_elapsed_ns,1191.0000000000
280304123,1762222590264,btc_qm_engine,btc_orbital_scan_nonce,4278160212.0000000000
280304124,1762222591597,btc_qm_engine,btc_sha256_nonce,4278160212.0000000000
280304125,1762222591699,btc_qm_engine,btc_leading_zeros,1.0000000000
280304126,1762222591790,btc_qm_engine,btc_sha256_elapsed_ns,1185.0000000000
280304127,1762222593243,btc_qm_engine,btc_sha256_nonce,245897238.0000000000
280304128,1762222593338,btc_qm_engine,btc_leading_zeros,0.0000000000
280304129,1762222593429,btc_qm_engine,btc_sha256_elapsed_ns,1185.0000000000
280304130,1762222594877,btc_qm_engine,btc_sha256_nonce,244973309.0000000000
280304131,1762222594977,btc_qm_engine,btc_leading_zeros,1.0000000000
280304132,1762222595073,btc_qm_engine,btc_sha256_elapsed_ns,1188.0000000000
280304133,1762222595282,btc_qm_engine,btc_orbital_scan_nonce,4278239862.0000000000
280304134,1762222596613,btc_qm_engine,btc_sha256_nonce,4278239862.0000000000
280304135,1762222596711,btc_qm_engine,btc_leading_zeros,0.0000000000
280304136,1762222596799,btc_qm_engine,btc_sha256_elapsed_ns,1182.0000000000
280304137,1762222598271,btc_qm_engine,btc_sha256_nonce,248273537.0000000000
280304138,1762222598365,btc_qm_engine,btc_leading_zeros,2.0000000000
280304139,1762222598457,btc_qm_engine,btc_sha256_elapsed_ns,1188.0000000000
280304140,1762222598664,btc_qm_engine,btc_orbital_scan_nonce,4278222521.0000000000
280304141,1762222599993,btc_qm_engine,btc_sha256_nonce,4278222521.0000000000
280304142,1762222600084,btc_qm_engine,btc_leading_zeros,1.0000000000
280304143,1762222600174,btc_qm_engine,btc_sha256_elapsed_ns,1185.0000000000
280304144,1762222600380,btc_qm_engine,btc_orbital_scan_nonce,4278204286.0000000000
280304145,1762222601720,btc_qm_engine,btc_sha256_nonce,4278204286.0000000000
280304146,1762222601809,btc_qm_engine,btc_leading_zeros,0.0000000000
280304147,1762222601903,btc_qm_engine,btc_sha256_elapsed_ns,1189.0000000000
280304148,1762222603353,btc_qm_engine,btc_sha256_nonce,242986220.0000000000
280304149,1762222603459,btc_qm_engine,btc_leading_zeros,1.0000000000
280304150,1762222603549,btc_qm_engine,btc_sha256_elapsed_ns,1182.0000000000
280304151,1762222605008,btc_qm_engine,btc_sha256_nonce,247138787.0000000000
280304152,1762222605104,btc_qm_engine,btc_leading_zeros,4.0000000000
280304153,1762222605197,btc_qm_engine,btc_sha256_elapsed_ns,1180.0000000000
280304154,1762222606657,btc_qm_engine,btc_sha256_nonce,243015462.0000000000
280304155,1762222606757,btc_qm_engine,btc_leading_zeros,2.0000000000
280304156,1762222606854,btc_qm_engine,btc_sha256_elapsed_ns,1188.0000000000
280304157,1762222607069,btc_qm_engine,btc_lebesgue_scan_nonce,36.0000000000
280304158,1762222608409,btc_qm_engine,btc_sha256_nonce,4278224370.0000000000
280304159,1762222608508,btc_qm_engine,btc_leading_zeros,0.0000000000
280304160,1762222608598,btc_qm_engine,btc_sha256_elapsed_ns,1182.0000000000
280304161,1762222610052,btc_qm_engine,btc_sha256_nonce,245498579.0000000000
280304162,1762222610164,btc_qm_engine,btc_leading_zeros,1.0000000000
280304163,1762222610256,btc_qm_engine,btc_sha256_elapsed_ns,1188.0000000000
280304164,1762222611705,btc_qm_engine,btc_sha256_nonce,248765639.0000000000
280304165,1762222611808,btc_qm_engine,btc_leading_zeros,0.0000000000
280304166,1762222611906,btc_qm_engine,btc_sha256_elapsed_ns,1185.0000000000
280304167,1762222613358,btc_qm_engine,btc_sha256_nonce,246147936.0000000000
280304168,1762222613454,btc_qm_engine,btc_leading_zeros,0.0000000000
280304169,1762222613550,btc_qm_engine,btc_sha256_elapsed_ns,1186.0000000000
280304170,1762222614999,btc_qm_engine,btc_sha256_nonce,248091297.0000000000
280304171,1762222615099,btc_qm_engine,btc_leading_zeros,0.0000000000
280304172,1762222615196,btc_qm_engine,btc_sha256_elapsed_ns,1185.0000000000
280304173,1762222616640,btc_qm_engine,btc_sha256_nonce,248657657.0000000000
280304174,1762222616738,btc_qm_engine,btc_leading_zeros,1.0000000000
280304175,1762222616838,btc_qm_engine,btc_sha256_elapsed_ns,1183.0000000000
280304176,1762222617055,btc_qm_engine,btc_lebesgue_scan_nonce,34.0000000000
280304177,1762222618390,btc_qm_engine,btc_sha256_nonce,4278233337.0000000000
280304178,1762222618488,btc_qm_engine,btc_leading_zeros,1.0000000000
280304179,1762222618581,btc_qm_engine,btc_sha256_elapsed_ns,1191.0000000000
280304180,1762222618799,btc_qm_engine,btc_lebesgue_scan_nonce,28.0000000000
280304181,1762222620132,btc_qm_engine,btc_sha256_nonce,4278219574.0000000000
280304182,1762222620221,btc_qm_engine,btc_leading_zeros,0.0000000000
280304183,1762222620315,btc_qm_engine,btc_sha256_elapsed_ns,1187.0000000000
280304184,1762222621755,btc_qm_engine,btc_sha256_nonce,3143042861.0000000000
280304185,1762222621856,btc_qm_engine,btc_leading_zeros,0.0000000000
280304186,1762222621946,btc_qm_engine,btc_sha256_elapsed_ns,1184.0000000000
280304187,1762222622149,btc_qm_engine,btc_orbital_scan_nonce,4278211940.0000000000
280304188,1762222623475,btc_qm_engine,btc_sha256_nonce,4278211940.0000000000
280304189,1762222623569,btc_qm_engine,btc_leading_zeros,0.0000000000
280304190,1762222623656,btc_qm_engine,btc_sha256_elapsed_ns,1183.0000000000
280304191,1762222623863,btc_qm_engine,btc_orbital_scan_nonce,4278187829.0000000000
280304192,1762222625180,btc_qm_engine,btc_sha256_nonce,4278187829.0000000000
280304193,1762222625271,btc_qm_engine,btc_leading_zeros,1.0000000000
280304194,1762222625363,btc_qm_engine,btc_sha256_elapsed_ns,1181.0000000000
280304195,1762222625564,btc_qm_engine,btc_lebesgue_scan_nonce,4.0000000000
280304196,1762222626883,btc_qm_engine,btc_sha256_nonce,4278240435.0000000000
280304197,1762222626984,btc_qm_engine,btc_leading_zeros,0.0000000000
280304198,1762222627075,btc_qm_engine,btc_sha256_elapsed_ns,1184.0000000000
280304199,1762222628551,btc_qm_engine,btc_sha256_nonce,246008646.0000000000
280304200,1762222628648,btc_qm_engine,btc_leading_zeros,2.0000000000
280304201,1762222628738,btc_qm_engine,btc_sha256_elapsed_ns,1179.0000000000
280304202,1762222628935,btc_qm_engine,btc_orbital_scan_nonce,4278145484.0000000000
280304203,1762222630275,btc_qm_engine,btc_sha256_nonce,4278145484.0000000000
280304204,1762222630365,btc_qm_engine,btc_leading_zeros,0.0000000000
280304205,1762222630455,btc_qm_engine,btc_sha256_elapsed_ns,1192.0000000000
280304206,1762222630657,btc_qm_engine,btc_orbital_scan_nonce,4278142487.0000000000
280304207,1762222631981,btc_qm_engine,btc_sha256_nonce,4278142487.0000000000
280304208,1762222632074,btc_qm_engine,btc_leading_zeros,0.0000000000
280304209,1762222632165,btc_qm_engine,btc_sha256_elapsed_ns,1185.0000000000
280304210,1762222632370,btc_qm_engine,btc_orbital_scan_nonce,4278228227.0000000000
280304211,1762222633689,btc_qm_engine,btc_sha256_nonce,4278228227.0000000000
280304212,1762222633780,btc_qm_engine,btc_leading_zeros,0.0000000000
280304213,1762222633906,btc_qm_engine,btc_sha256_elapsed_ns,1179.0000000000
280304214,1762222634089,btc_qm_engine,btc_orbital_scan_nonce,4278152884.0000000000
280304215,1762222635438,btc_qm_engine,btc_sha256_nonce,4278152884.0000000000
280304216,1762222635528,btc_qm_engine,btc_leading_zeros,4.0000000000
280304217,1762222635616,btc_qm_engine,btc_sha256_elapsed_ns,1190.0000000000
280304218,1762222637079,btc_qm_engine,btc_sha256_nonce,247379428.0000000000
280304219,1762222637178,btc_qm_engine,btc_leading_zeros,0.0000000000
280304220,1762222637269,btc_qm_engine,btc_sha256_elapsed_ns,1181.0000000000
280304221,1762222638719,btc_qm_engine,btc_sha256_nonce,249619947.0000000000
280304222,1762222638815,btc_qm_engine,btc_leading_zeros,1.0000000000
280304223,1762222638905,btc_qm_engine,btc_sha256_elapsed_ns,1183.0000000000
280304224,1762222640347,btc_qm_engine,btc_sha256_nonce,247514401.0000000000
280304225,1762222640448,btc_qm_engine,btc_leading_zeros,1.0000000000
280304226,1762222640535,btc_qm_engine,btc_sha256_elapsed_ns,1183.0000000000
280304227,1762222641988,btc_qm_engine,btc_sha256_nonce,248733555.0000000000
280304228,1762222642083,btc_qm_engine,btc_leading_zeros,0.0000000000
280304229,1762222642183,btc_qm_engine,btc_sha256_elapsed_ns,1185.0000000000
280304230,1762222643648,btc_qm_engine,btc_sha256_nonce,248637483.0000000000
280304231,1762222643745,btc_qm_engine,btc_leading_zeros,0.0000000000
280304232,1762222643841,btc_qm_engine,btc_sha256_elapsed_ns,1193.0000000000
280304233,1762222644044,btc_qm_engine,btc_orbital_scan_nonce,4278183162.0000000000
280304234,1762222645395,btc_qm_engine,btc_sha256_nonce,4278183162.0000000000
280304235,1762222645497,btc_qm_engine,btc_leading_zeros,3.0000000000
280304236,1762222645584,btc_qm_engine,btc_sha256_elapsed_ns,1189.0000000000
280304237,1762222647041,btc_qm_engine,btc_sha256_nonce,245328489.0000000000
280304238,1762222647139,btc_qm_engine,btc_leading_zeros,0.0000000000
280304239,1762222647233,btc_qm_engine,btc_sha256_elapsed_ns,1185.0000000000
280304240,1762222648684,btc_qm_engine,btc_sha256_nonce,245842220.0000000000
280304241,1762222648789,btc_qm_engine,btc_leading_zeros,0.0000000000
280304242,1762222648876,btc_qm_engine,btc_sha256_elapsed_ns,1184.0000000000
280304243,1762222649077,btc_qm_engine,btc_orbital_scan_nonce,4278154201.0000000000
280304244,1762222650407,btc_qm_engine,btc_sha256_nonce,4278154201.0000000000
280304245,1762222650500,btc_qm_engine,btc_leading_zeros,1.0000000000
280304246,1762222650587,btc_qm_engine,btc_sha256_elapsed_ns,1185.0000000000
280304247,1762222652054,btc_qm_engine,btc_sha256_nonce,243650315.0000000000
280304248,1762222652163,btc_qm_engine,btc_leading_zeros,4.0000000000
280304249,1762222652253,btc_qm_engine,btc_sha256_elapsed_ns,1184.0000000000
280304250,1762222652460,btc_qm_engine,btc_orbital_scan_nonce,4278187650.0000000000
280304251,1762222653793,btc_qm_engine,btc_sha256_nonce,4278187650.0000000000
280304252,1762222653884,btc_qm_engine,btc_leading_zeros,1.0000000000
280304253,1762222653975,btc_qm_engine,btc_sha256_elapsed_ns,1187.0000000000
280304254,1762222655445,btc_qm_engine,btc_sha256_nonce,245041211.0000000000
280304255,1762222655546,btc_qm_engine,btc_leading_zeros,3.0000000000
280304256,1762222655634,btc_qm_engine,btc_sha256_elapsed_ns,1187.0000000000
280304257,1762222657088,btc_qm_engine,btc_sha256_nonce,243020197.0000000000
280304258,1762222657182,btc_qm_engine,btc_leading_zeros,0.0000000000
280304259,1762222657274,btc_qm_engine,btc_sha256_elapsed_ns,1191.0000000000
280304260,1762222658730,btc_qm_engine,btc_sha256_nonce,245099417.0000000000
280304261,1762222658831,btc_qm_engine,btc_leading_zeros,0.0000000000
280304262,1762222658918,btc_qm_engine,btc_sha256_elapsed_ns,1185.0000000000
280304263,1762222659120,btc_qm_engine,btc_orbital_scan_nonce,4278195813.0000000000
280304264,1762222660451,btc_qm_engine,btc_sha256_nonce,4278195813.0000000000
280304265,1762222660586,btc_qm_engine,btc_leading_zeros,1.0000000000
280304266,1762222660680,btc_qm_engine,btc_sha256_elapsed_ns,1186.0000000000
280304267,1762222662140,btc_qm_engine,btc_sha256_nonce,251551498.0000000000
280304268,1762222662236,btc_qm_engine,btc_leading_zeros,0.0000000000
280304269,1762222662327,btc_qm_engine,btc_sha256_elapsed_ns,1184.0000000000
280304270,1762222663770,btc_qm_engine,btc_sha256_nonce,243631502.0000000000
280304271,1762222663870,btc_qm_engine,btc_leading_zeros,1.0000000000
280304272,1762222663966,btc_qm_engine,btc_sha256_elapsed_ns,1184.0000000000
280304273,1762222664171,btc_qm_engine,btc_orbital_scan_nonce,4278219414.0000000000
280304274,1762222665497,btc_qm_engine,btc_sha256_nonce,4278219414.0000000000
280304275,1762222665599,btc_qm_engine,btc_leading_zeros,1.0000000000
280304276,1762222665692,btc_qm_engine,btc_sha256_elapsed_ns,1177.0000000000
280304277,1762222665876,btc_qm_engine,btc_orbital_scan_nonce,4278200672.0000000000
280304278,1762222667209,btc_qm_engine,btc_sha256_nonce,4278200672.0000000000
280304279,1762222667301,btc_qm_engine,btc_leading_zeros,0.0000000000
280304280,1762222667390,btc_qm_engine,btc_sha256_elapsed_ns,1185.0000000000
280304281,1762222668836,btc_qm_engine,btc_sha256_nonce,250954314.0000000000
280304282,1762222668932,btc_qm_engine,btc_leading_zeros,1.0000000000
280304283,1762222669024,btc_qm_engine,btc_sha256_elapsed_ns,1180.0000000000
280304284,1762222670465,btc_qm_engine,btc_sha256_nonce,244295718.0000000000
280304285,1762222670569,btc_qm_engine,btc_leading_zeros,0.0000000000
280304286,1762222670659,btc_qm_engine,btc_sha256_elapsed_ns,1183.0000000000
280304287,1762222672113,btc_qm_engine,btc_sha256_nonce,249206766.0000000000
280304288,1762222672209,btc_qm_engine,btc_leading_zeros,1.0000000000
280304289,1762222672297,btc_qm_engine,btc_sha256_elapsed_ns,1182.0000000000
280304290,1762222673746,btc_qm_engine,btc_sha256_nonce,249444378.0000000000
280304291,1762222673844,btc_qm_engine,btc_leading_zeros,0.0000000000
280304292,1762222673940,btc_qm_engine,btc_sha256_elapsed_ns,1185.0000000000
280304293,1762222675387,btc_qm_engine,btc_sha256_nonce,245627817.0000000000
280304294,1762222675482,btc_qm_engine,btc_leading_zeros,0.0000000000
280304295,1762222675584,btc_qm_engine,btc_sha256_elapsed_ns,1181.0000000000
280304296,1762222677032,btc_qm_engine,btc_sha256_nonce,248643867.0000000000
280304297,1762222677134,btc_qm_engine,btc_leading_zeros,0.0000000000
280304298,1762222677232,btc_qm_engine,btc_sha256_elapsed_ns,1191.0000000000
280304299,1762222677449,btc_qm_engine,btc_lebesgue_scan_nonce,20.0000000000
280304300,1762222678794,btc_qm_engine,btc_sha256_nonce,4278146557.0000000000
280304301,1762222678916,btc_qm_engine,btc_leading_zeros,1.0000000000
280304302,1762222679005,btc_qm_engine,btc_sha256_elapsed_ns,1184.0000000000
280304303,1762222680474,btc_qm_engine,btc_sha256_nonce,245874205.0000000000
280304304,1762222680571,btc_qm_engine,btc_leading_zeros,2.0000000000
280304305,1762222680671,btc_qm_engine,btc_sha256_elapsed_ns,1187.0000000000
280304306,1762222680872,btc_qm_engine,btc_orbital_scan_nonce,4278142149.0000000000
280304307,1762222682224,btc_qm_engine,btc_sha256_nonce,4278142149.0000000000
280304308,1762222682319,btc_qm_engine,btc_leading_zeros,3.0000000000
280304309,1762222682409,btc_qm_engine,btc_sha256_elapsed_ns,1181.0000000000
280304310,1762222682605,btc_qm_engine,btc_orbital_scan_nonce,4278178872.0000000000
280304311,1762222683946,btc_qm_engine,btc_sha256_nonce,4278178872.0000000000
280304312,1762222684042,btc_qm_engine,btc_leading_zeros,1.0000000000
280304313,1762222684132,btc_qm_engine,btc_sha256_elapsed_ns,1189.0000000000
280304314,1762222685582,btc_qm_engine,btc_sha256_nonce,245818403.0000000000
280304315,1762222685684,btc_qm_engine,btc_leading_zeros,1.0000000000
280304316,1762222685793,btc_qm_engine,btc_sha256_elapsed_ns,1193.0000000000
280304317,1762222687245,btc_qm_engine,btc_sha256_nonce,243436871.0000000000
280304318,1762222687339,btc_qm_engine,btc_leading_zeros,1.0000000000
280304319,1762222687441,btc_qm_engine,btc_sha256_elapsed_ns,1188.0000000000
280304320,1762222688904,btc_qm_engine,btc_sha256_nonce,248547637.0000000000
280304321,1762222689006,btc_qm_engine,btc_leading_zeros,2.0000000000
280304322,1762222689104,btc_qm_engine,btc_sha256_elapsed_ns,1182.0000000000
280304323,1762222690576,btc_qm_engine,btc_sha256_nonce,250414424.0000000000
280304324,1762222690672,btc_qm_engine,btc_leading_zeros,2.0000000000
280304325,1762222690772,btc_qm_engine,btc_sha256_elapsed_ns,1184.0000000000
280304326,1762222692223,btc_qm_engine,btc_sha256_nonce,244238533.0000000000
280304327,1762222692321,btc_qm_engine,btc_leading_zeros,4.0000000000
280304328,1762222692419,btc_qm_engine,btc_sha256_elapsed_ns,1175.0000000000
280304329,1762222692635,btc_qm_engine,btc_lebesgue_scan_nonce,15.0000000000
280304330,1762222693990,btc_qm_engine,btc_sha256_nonce,4278312959.0000000000
280304331,1762222694091,btc_qm_engine,btc_leading_zeros,2.0000000000
280304332,1762222694179,btc_qm_engine,btc_sha256_elapsed_ns,1180.0000000000
280304333,1762222694382,btc_qm_engine,btc_orbital_scan_nonce,4278189454.0000000000
280304334,1762222695721,btc_qm_engine,btc_sha256_nonce,4278189454.0000000000
280304335,1762222695816,btc_qm_engine,btc_leading_zeros,4.0000000000
280304336,1762222695906,btc_qm_engine,btc_sha256_elapsed_ns,1178.0000000000
280304337,1762222696125,btc_qm_engine,btc_lebesgue_scan_nonce,32.0000000000
280304338,1762222697561,btc_qm_engine,btc_sha256_nonce,4278109416.0000000000
280304339,1762222697657,btc_qm_engine,btc_leading_zeros,11.0000000000
280304340,1762222697748,btc_qm_engine,btc_sha256_elapsed_ns,1183.0000000000
280304341,1762222699223,btc_qm_engine,btc_sha256_nonce,243921716.0000000000
280304342,1762222699317,btc_qm_engine,btc_leading_zeros,3.0000000000
280304343,1762222699408,btc_qm_engine,btc_sha256_elapsed_ns,1178.0000000000
280304344,1762222700870,btc_qm_engine,btc_sha256_nonce,248591044.0000000000
280304345,1762222700974,btc_qm_engine,btc_leading_zeros,1.0000000000
280304346,1762222701060,btc_qm_engine,btc_sha256_elapsed_ns,1180.0000000000
280304347,1762222701274,btc_qm_engine,btc_orbital_scan_nonce,4278171051.0000000000
280304348,1762222702604,btc_qm_engine,btc_sha256_nonce,4278171051.0000000000
280304349,1762222702705,btc_qm_engine,btc_leading_zeros,1.0000000000
280304350,1762222702800,btc_qm_engine,btc_sha256_elapsed_ns,1185.0000000000
280304351,1762222703006,btc_qm_engine,btc_orbital_scan_nonce,4278226163.0000000000
280304352,1762222704357,btc_qm_engine,btc_sha256_nonce,4278226163.0000000000
280304353,1762222704465,btc_qm_engine,btc_leading_zeros,3.0000000000
280304354,1762222704558,btc_qm_engine,btc_sha256_elapsed_ns,1188.0000000000
280304355,1762222704765,btc_qm_engine,btc_orbital_scan_nonce,4278176356.0000000000
280304356,1762222706113,btc_qm_engine,btc_sha256_nonce,4278176356.0000000000
280304357,1762222706216,btc_qm_engine,btc_leading_zeros,2.0000000000
280304358,1762222706305,btc_qm_engine,btc_sha256_elapsed_ns,1186.0000000000
280304359,1762222706489,btc_qm_engine,btc_orbital_scan_nonce,4278187135.0000000000
280304360,1762222707822,btc_qm_engine,btc_sha256_nonce,4278187135.0000000000
280304361,1762222707917,btc_qm_engine,btc_leading_zeros,1.0000000000
280304362,1762222708005,btc_qm_engine,btc_sha256_elapsed_ns,1188.0000000000
280304363,1762222709484,btc_qm_engine,btc_sha256_nonce,27485612.0000000000
280304364,1762222709577,btc_qm_engine,btc_leading_zeros,4.0000000000
280304365,1762222709667,btc_qm_engine,btc_sha256_elapsed_ns,1182.0000000000
280304366,1762222711116,btc_qm_engine,btc_sha256_nonce,245305986.0000000000
280304367,1762222711257,btc_qm_engine,btc_leading_zeros,4.0000000000
280304368,1762222711346,btc_qm_engine,btc_sha256_elapsed_ns,1189.0000000000
280304369,1762222711550,btc_qm_engine,btc_orbital_scan_nonce,4278140080.0000000000
280304370,1762222712899,btc_qm_engine,btc_sha256_nonce,4278140080.0000000000
280304371,1762222712990,btc_qm_engine,btc_leading_zeros,1.0000000000
280304372,1762222713079,btc_qm_engine,btc_sha256_elapsed_ns,1188.0000000000
280304373,1762222714532,btc_qm_engine,btc_sha256_nonce,245363617.0000000000
280304374,1762222714631,btc_qm_engine,btc_leading_zeros,0.0000000000
280304375,1762222714724,btc_qm_engine,btc_sha256_elapsed_ns,1189.0000000000
280304376,1762222716167,btc_qm_engine,btc_sha256_nonce,247358157.0000000000
280304377,1762222716272,btc_qm_engine,btc_leading_zeros,0.0000000000
280304378,1762222716364,btc_qm_engine,btc_sha256_elapsed_ns,1183.0000000000
280304379,1762222717842,btc_qm_engine,btc_sha256_nonce,247036474.0000000000
280304380,1762222717941,btc_qm_engine,btc_leading_zeros,2.0000000000
280304381,1762222718031,btc_qm_engine,btc_sha256_elapsed_ns,1191.0000000000
280304382,1762222719488,btc_qm_engine,btc_sha256_nonce,250670424.0000000000
280304383,1762222719589,btc_qm_engine,btc_leading_zeros,0.0000000000
280304384,1762222719684,btc_qm_engine,btc_sha256_elapsed_ns,1189.0000000000
280304385,1762222719887,btc_qm_engine,btc_orbital_scan_nonce,4278184602.0000000000
280304386,1762222721218,btc_qm_engine,btc_sha256_nonce,4278184602.0000000000
280304387,1762222721318,btc_qm_engine,btc_leading_zeros,0.0000000000
280304388,1762222721406,btc_qm_engine,btc_sha256_elapsed_ns,1184.0000000000
280304389,1762222722853,btc_qm_engine,btc_sha256_nonce,246601803.0000000000
280304390,1762222722952,btc_qm_engine,btc_leading_zeros,1.0000000000
280304391,1762222723052,btc_qm_engine,btc_sha256_elapsed_ns,1189.0000000000
280304392,1762222724497,btc_qm_engine,btc_sha256_nonce,243786845.0000000000
280304393,1762222724601,btc_qm_engine,btc_leading_zeros,1.0000000000
280304394,1762222724700,btc_qm_engine,btc_sha256_elapsed_ns,1182.0000000000
280304395,1762222724905,btc_qm_engine,btc_orbital_scan_nonce,4278221058.0000000000
280304396,1762222726245,btc_qm_engine,btc_sha256_nonce,4278221058.0000000000
280304397,1762222726350,btc_qm_engine,btc_leading_zeros,4.0000000000
280304398,1762222726441,btc_qm_engine,btc_sha256_elapsed_ns,1180.0000000000
280304399,1762222726657,btc_qm_engine,btc_lebesgue_scan_nonce,2.0000000000
280304400,1762222727998,btc_qm_engine,btc_sha256_nonce,4278297064.0000000000
280304401,1762222728115,btc_qm_engine,btc_leading_zeros,0.0000000000
280304402,1762222728207,btc_qm_engine,btc_sha256_elapsed_ns,1183.0000000000
280304403,1762222728412,btc_qm_engine,btc_orbital_scan_nonce,4278209568.0000000000
280304404,1762222729765,btc_qm_engine,btc_sha256_nonce,4278209568.0000000000
280304405,1762222729868,btc_qm_engine,btc_leading_zeros,4.0000000000
280304406,1762222729958,btc_qm_engine,btc_sha256_elapsed_ns,1180.0000000000
280304407,1762222730150,btc_qm_engine,btc_orbital_scan_nonce,4278180184.0000000000
280304408,1762222731476,btc_qm_engine,btc_sha256_nonce,4278180184.0000000000
280304409,1762222731573,btc_qm_engine,btc_leading_zeros,1.0000000000
280304410,1762222731663,btc_qm_engine,btc_sha256_elapsed_ns,1183.0000000000
280304411,1762222733127,btc_qm_engine,btc_sha256_nonce,250966244.0000000000
280304412,1762222733225,btc_qm_engine,btc_leading_zeros,2.0000000000
280304413,1762222733316,btc_qm_engine,btc_sha256_elapsed_ns,1179.0000000000
280304414,1762222734765,btc_qm_engine,btc_sha256_nonce,249461733.0000000000
280304415,1762222734864,btc_qm_engine,btc_leading_zeros,0.0000000000
280304416,1762222734955,btc_qm_engine,btc_sha256_elapsed_ns,1186.0000000000
280304417,1762222735155,btc_qm_engine,btc_orbital_scan_nonce,4278156240.0000000000
280304418,1762222736511,btc_qm_engine,btc_sha256_nonce,4278156240.0000000000
280304419,1762222736614,btc_qm_engine,btc_leading_zeros,0.0000000000
280304420,1762222736706,btc_qm_engine,btc_sha256_elapsed_ns,1185.0000000000
280304421,1762222738155,btc_qm_engine,btc_sha256_nonce,246033660.0000000000
280304422,1762222738252,btc_qm_engine,btc_leading_zeros,1.0000000000
280304423,1762222738343,btc_qm_engine,btc_sha256_elapsed_ns,1185.0000000000
280304424,1762222739787,btc_qm_engine,btc_sha256_nonce,243977888.0000000000
280304425,1762222739887,btc_qm_engine,btc_leading_zeros,1.0000000000
280304426,1762222739977,btc_qm_engine,btc_sha256_elapsed_ns,1183.0000000000
280304427,1762222740196,btc_qm_engine,btc_lebesgue_scan_nonce,9.0000000000
280304428,1762222741538,btc_qm_engine,btc_sha256_nonce,4278208114.0000000000
280304429,1762222741634,btc_qm_engine,btc_leading_zeros,1.0000000000
280304430,1762222741723,btc_qm_engine,btc_sha256_elapsed_ns,1181.0000000000
280304431,1762222741932,btc_qm_engine,btc_orbital_scan_nonce,4278193225.0000000000
280304432,1762222743275,btc_qm_engine,btc_sha256_nonce,4278193225.0000000000
280304433,1762222743367,btc_qm_engine,btc_leading_zeros,4.0000000000
280304434,1762222743458,btc_qm_engine,btc_sha256_elapsed_ns,1188.0000000000
280304435,1762222744921,btc_qm_engine,btc_sha256_nonce,249946779.0000000000
280304436,1762222745021,btc_qm_engine,btc_leading_zeros,0.0000000000
280304437,1762222745110,btc_qm_engine,btc_sha256_elapsed_ns,1197.0000000000
280304438,1762222745313,btc_qm_engine,btc_orbital_scan_nonce,4278225950.0000000000
280304439,1762222746651,btc_qm_engine,btc_sha256_nonce,4278225950.0000000000
280304440,1762222746742,btc_qm_engine,btc_leading_zeros,0.0000000000
280304441,1762222746833,btc_qm_engine,btc_sha256_elapsed_ns,1187.0000000000
280304442,1762222747035,btc_qm_engine,btc_orbital_scan_nonce,4278217201.0000000000
280304443,1762222748366,btc_qm_engine,btc_sha256_nonce,4278217201.0000000000
280304444,1762222748460,btc_qm_engine,btc_leading_zeros,0.0000000000
280304445,1762222748551,btc_qm_engine,btc_sha256_elapsed_ns,1189.0000000000
280304446,1762222750002,btc_qm_engine,btc_sha256_nonce,247329967.0000000000
280304447,1762222750100,btc_qm_engine,btc_leading_zeros,0.0000000000
280304448,1762222750191,btc_qm_engine,btc_sha256_elapsed_ns,1189.0000000000
280304449,1762222750395,btc_qm_engine,btc_orbital_scan_nonce,4278171871.0000000000
280304450,1762222751729,btc_qm_engine,btc_sha256_nonce,4278171871.0000000000
280304451,1762222751821,btc_qm_engine,btc_leading_zeros,0.0000000000
280304452,1762222751911,btc_qm_engine,btc_sha256_elapsed_ns,1183.0000000000
280304453,1762222752098,btc_qm_engine,btc_orbital_scan_nonce,4278149551.0000000000
280304454,1762222753440,btc_qm_engine,btc_sha256_nonce,4278149551.0000000000
280304455,1762222753538,btc_qm_engine,btc_leading_zeros,2.0000000000
280304456,1762222753631,btc_qm_engine,btc_sha256_elapsed_ns,1188.0000000000
280304457,1762222753864,btc_qm_engine,btc_lebesgue_scan_nonce,18.0000000000
280304458,1762222755201,btc_qm_engine,btc_sha256_nonce,4278091444.0000000000
280304459,1762222755296,btc_qm_engine,btc_leading_zeros,0.0000000000
280304460,1762222755385,btc_qm_engine,btc_sha256_elapsed_ns,1180.0000000000
280304461,1762222755571,btc_qm_engine,btc_orbital_scan_nonce,4278169759.0000000000
280304462,1762222756908,btc_qm_engine,btc_sha256_nonce,4278169759.0000000000
280304463,1762222757001,btc_qm_engine,btc_leading_zeros,4.0000000000
280304464,1762222757088,btc_qm_engine,btc_sha256_elapsed_ns,1186.0000000000
280304465,1762222757328,btc_qm_engine,btc_lebesgue_scan_nonce,22.0000000000
280304466,1762222758645,btc_qm_engine,btc_sha256_nonce,4278175387.0000000000
280304467,1762222758739,btc_qm_engine,btc_leading_zeros,1.0000000000
280304468,1762222758830,btc_qm_engine,btc_sha256_elapsed_ns,1180.0000000000
280304469,1762222760318,btc_qm_engine,btc_sha256_nonce,2387605020.0000000000
280304470,1762222760416,btc_qm_engine,btc_leading_zeros,0.0000000000
280304471,1762222760511,btc_qm_engine,btc_sha256_elapsed_ns,1182.0000000000
280304472,1762222761958,btc_qm_engine,btc_sha256_nonce,244910806.0000000000
280304473,1762222762062,btc_qm_engine,btc_leading_zeros,0.0000000000
280304474,1762222762153,btc_qm_engine,btc_sha256_elapsed_ns,1184.0000000000
280304475,1762222763598,btc_qm_engine,btc_sha256_nonce,244146511.0000000000
280304476,1762222763696,btc_qm_engine,btc_leading_zeros,1.0000000000
280304477,1762222763785,btc_qm_engine,btc_sha256_elapsed_ns,1179.0000000000
280304478,1762222765251,btc_qm_engine,btc_sha256_nonce,248827607.0000000000
280304479,1762222765351,btc_qm_engine,btc_leading_zeros,4.0000000000
280304480,1762222765448,btc_qm_engine,btc_sha256_elapsed_ns,1189.0000000000
280304481,1762222765651,btc_qm_engine,btc_orbital_scan_nonce,4278194028.0000000000
280304482,1762222766983,btc_qm_engine,btc_sha256_nonce,4278194028.0000000000
280304483,1762222767083,btc_qm_engine,btc_leading_zeros,0.0000000000
280304484,1762222767172,btc_qm_engine,btc_sha256_elapsed_ns,1186.0000000000
280304485,1762222767391,btc_qm_engine,btc_lebesgue_scan_nonce,33.0000000000
280304486,1762222768729,btc_qm_engine,btc_sha256_nonce,4278122318.0000000000
280304487,1762222768822,btc_qm_engine,btc_leading_zeros,0.0000000000
280304488,1762222768911,btc_qm_engine,btc_sha256_elapsed_ns,1183.0000000000
280304489,1762222769121,btc_qm_engine,btc_orbital_scan_nonce,4278176846.0000000000
280304490,1762222770445,btc_qm_engine,btc_sha256_nonce,4278176846.0000000000
280304491,1762222770537,btc_qm_engine,btc_leading_zeros,1.0000000000
280304492,1762222770625,btc_qm_engine,btc_sha256_elapsed_ns,1187.0000000000
280304493,1762222772072,btc_qm_engine,btc_sha256_nonce,248163849.0000000000
280304494,1762222772171,btc_qm_engine,btc_leading_zeros,1.0000000000
280304495,1762222772262,btc_qm_engine,btc_sha256_elapsed_ns,1185.0000000000
280304496,1762222772476,btc_qm_engine,btc_lebesgue_scan_nonce,25.0000000000
280304497,1762222773810,btc_qm_engine,btc_sha256_nonce,4278108995.0000000000
280304498,1762222773902,btc_qm_engine,btc_leading_zeros,0.0000000000
280304499,1762222773998,btc_qm_engine,btc_sha256_elapsed_ns,1188.0000000000
280304500,1762222775465,btc_qm_engine,btc_sha256_nonce,243250165.0000000000
280304501,1762222775568,btc_qm_engine,btc_leading_zeros,2.0000000000
280304502,1762222775659,btc_qm_engine,btc_sha256_elapsed_ns,1187.0000000000
280304503,1762222775876,btc_qm_engine,btc_lebesgue_scan_nonce,10.0000000000
280304504,1762222777223,btc_qm_engine,btc_sha256_nonce,4278125919.0000000000
280304505,1762222777319,btc_qm_engine,btc_leading_zeros,1.0000000000
280304506,1762222777413,btc_qm_engine,btc_sha256_elapsed_ns,1186.0000000000
280304507,1762222778866,btc_qm_engine,btc_sha256_nonce,247076106.0000000000
280304508,1762222778964,btc_qm_engine,btc_leading_zeros,0.0000000000
280304509,1762222779054,btc_qm_engine,btc_sha256_elapsed_ns,1188.0000000000
280304510,1762222780503,btc_qm_engine,btc_sha256_nonce,243221955.0000000000
280304511,1762222780604,btc_qm_engine,btc_leading_zeros,0.0000000000
280304512,1762222780696,btc_qm_engine,btc_sha256_elapsed_ns,1190.0000000000
280304513,1762222780914,btc_qm_engine,btc_lebesgue_scan_nonce,4.0000000000
280304514,1762222782266,btc_qm_engine,btc_sha256_nonce,4278159721.0000000000
280304515,1762222782361,btc_qm_engine,btc_leading_zeros,2.0000000000
280304516,1762222782451,btc_qm_engine,btc_sha256_elapsed_ns,1187.0000000000
280304517,1762222782652,btc_qm_engine,btc_orbital_scan_nonce,4278157063.0000000000
280304518,1762222783973,btc_qm_engine,btc_sha256_nonce,4278157063.0000000000
280304519,1762222784064,btc_qm_engine,btc_leading_zeros,0.0000000000
280304520,1762222784152,btc_qm_engine,btc_sha256_elapsed_ns,1184.0000000000
280304521,1762222785625,btc_qm_engine,btc_sha256_nonce,243275335.0000000000
280304522,1762222785718,btc_qm_engine,btc_leading_zeros,1.0000000000
280304523,1762222785810,btc_qm_engine,btc_sha256_elapsed_ns,1182.0000000000
280304524,1762222786012,btc_qm_engine,btc_orbital_scan_nonce,4278206654.0000000000
280304525,1762222787361,btc_qm_engine,btc_sha256_nonce,4278206654.0000000000
280304526,1762222787449,btc_qm_engine,btc_leading_zeros,2.0000000000
280304527,1762222787543,btc_qm_engine,btc_sha256_elapsed_ns,1190.0000000000
280304528,1762222787757,btc_qm_engine,btc_lebesgue_scan_nonce,8.0000000000
280304529,1762222789081,btc_qm_engine,btc_sha256_nonce,4278163567.0000000000
280304530,1762222789171,btc_qm_engine,btc_leading_zeros,1.0000000000
280304531,1762222789266,btc_qm_engine,btc_sha256_elapsed_ns,1184.0000000000
280304532,1762222790705,btc_qm_engine,btc_sha256_nonce,244044205.0000000000
280304533,1762222790810,btc_qm_engine,btc_leading_zeros,1.0000000000
280304534,1762222790901,btc_qm_engine,btc_sha256_elapsed_ns,1178.0000000000
280304535,1762222791117,btc_qm_engine,btc_lebesgue_scan_nonce,31.0000000000
280304536,1762222792451,btc_qm_engine,btc_sha256_nonce,4278242510.0000000000
280304537,1762222792551,btc_qm_engine,btc_leading_zeros,1.0000000000
280304538,1762222792643,btc_qm_engine,btc_sha256_elapsed_ns,1188.0000000000
280304539,1762222792844,btc_qm_engine,btc_lebesgue_scan_nonce,26.0000000000
280304540,1762222794157,btc_qm_engine,btc_sha256_nonce,4278295502.0000000000
280304541,1762222794254,btc_qm_engine,btc_leading_zeros,0.0000000000
280304542,1762222794341,btc_qm_engine,btc_sha256_elapsed_ns,1175.0000000000
280304543,1762222795789,btc_qm_engine,btc_sha256_nonce,243081824.0000000000
280304544,1762222795886,btc_qm_engine,btc_leading_zeros,0.0000000000
280304545,1762222795977,btc_qm_engine,btc_sha256_elapsed_ns,1185.0000000000
280304546,1762222797417,btc_qm_engine,btc_sha256_nonce,250162602.0000000000
280304547,1762222797517,btc_qm_engine,btc_leading_zeros,0.0000000000
280304548,1762222797609,btc_qm_engine,btc_sha256_elapsed_ns,1181.0000000000
280304549,1762222799059,btc_qm_engine,btc_sha256_nonce,250758049.0000000000
280304550,1762222799157,btc_qm_engine,btc_leading_zeros,0.0000000000
280304551,1762222799251,btc_qm_engine,btc_sha256_elapsed_ns,1183.0000000000
280304552,1762222800724,btc_qm_engine,btc_sha256_nonce,245233103.0000000000
280304553,1762222800827,btc_qm_engine,btc_leading_zeros,2.0000000000
280304554,1762222800917,btc_qm_engine,btc_sha256_elapsed_ns,1182.0000000000
280304555,1762222802385,btc_qm_engine,btc_sha256_nonce,247503203.0000000000
280304556,1762222802480,btc_qm_engine,btc_leading_zeros,0.0000000000
280304557,1762222802588,btc_qm_engine,btc_sha256_elapsed_ns,1191.0000000000
280304558,1762222802802,btc_qm_engine,btc_lebesgue_scan_nonce,6.0000000000
280304559,1762222804146,btc_qm_engine,btc_sha256_nonce,4278193809.0000000000
280304560,1762222804242,btc_qm_engine,btc_leading_zeros,0.0000000000
280304561,1762222804343,btc_qm_engine,btc_sha256_elapsed_ns,1185.0000000000
280304562,1762222804553,btc_qm_engine,btc_orbital_scan_nonce,4278223858.0000000000
280304563,1762222805904,btc_qm_engine,btc_sha256_nonce,4278223858.0000000000
280304564,1762222806000,btc_qm_engine,btc_leading_zeros,3.0000000000
280304565,1762222806090,btc_qm_engine,btc_sha256_elapsed_ns,1184.0000000000
280304566,1762222807557,btc_qm_engine,btc_sha256_nonce,248633348.0000000000
280304567,1762222807657,btc_qm_engine,btc_leading_zeros,2.0000000000
280304568,1762222807751,btc_qm_engine,btc_sha256_elapsed_ns,1182.0000000000
280304569,1762222809198,btc_qm_engine,btc_sha256_nonce,3867428082.0000000000
280304570,1762222809295,btc_qm_engine,btc_leading_zeros,1.0000000000
280304571,1762222809398,btc_qm_engine,btc_sha256_elapsed_ns,1187.0000000000
280304572,1762222810855,btc_qm_engine,btc_sha256_nonce,247936537.0000000000
280304573,1762222810963,btc_qm_engine,btc_leading_zeros,0.0000000000
280304574,1762222811058,btc_qm_engine,btc_sha256_elapsed_ns,1184.0000000000
280304575,1762222811271,btc_qm_engine,btc_orbital_scan_nonce,4278163298.0000000000
280304576,1762222812601,btc_qm_engine,btc_sha256_nonce,4278163298.0000000000
280304577,1762222812702,btc_qm_engine,btc_leading_zeros,0.0000000000
280304578,1762222812792,btc_qm_engine,btc_sha256_elapsed_ns,1187.0000000000
280304579,1762222814247,btc_qm_engine,btc_sha256_nonce,249463980.0000000000
280304580,1762222814340,btc_qm_engine,btc_leading_zeros,1.0000000000
280304581,1762222814433,btc_qm_engine,btc_sha256_elapsed_ns,1191.0000000000
280304582,1762222814637,btc_qm_engine,btc_orbital_scan_nonce,4278179831.0000000000
280304583,1762222815971,btc_qm_engine,btc_sha256_nonce,4278179831.0000000000
280304584,1762222816063,btc_qm_engine,btc_leading_zeros,0.0000000000
280304585,1762222816157,btc_qm_engine,btc_sha256_elapsed_ns,1187.0000000000
280304586,1762222816373,btc_qm_engine,btc_lebesgue_scan_nonce,27.0000000000
280304587,1762222817727,btc_qm_engine,btc_sha256_nonce,4278268063.0000000000
280304588,1762222817818,btc_qm_engine,btc_leading_zeros,2.0000000000
280304589,1762222817907,btc_qm_engine,btc_sha256_elapsed_ns,1181.0000000000
280304590,1762222819349,btc_qm_engine,btc_sha256_nonce,244802405.0000000000
280304591,1762222819451,btc_qm_engine,btc_leading_zeros,1.0000000000
280304592,1762222819541,btc_qm_engine,btc_sha256_elapsed_ns,1183.0000000000
280304593,1762222819747,btc_qm_engine,btc_orbital_scan_nonce,4278192888.0000000000
280304594,1762222821071,btc_qm_engine,btc_sha256_nonce,4278192888.0000000000
280304595,1762222821163,btc_qm_engine,btc_leading_zeros,1.0000000000
280304596,1762222821256,btc_qm_engine,btc_sha256_elapsed_ns,1182.0000000000
280304597,1762222821457,btc_qm_engine,btc_orbital_scan_nonce,4278208614.0000000000
280304598,1762222822776,btc_qm_engine,btc_sha256_nonce,4278208614.0000000000
280304599,1762222822872,btc_qm_engine,btc_leading_zeros,1.0000000000
280304600,1762222822958,btc_qm_engine,btc_sha256_elapsed_ns,1183.0000000000
280304601,1762222823160,btc_qm_engine,btc_orbital_scan_nonce,4278165295.0000000000
280304602,1762222824480,btc_qm_engine,btc_sha256_nonce,4278165295.0000000000
280304603,1762222824573,btc_qm_engine,btc_leading_zeros,0.0000000000
280304604,1762222824663,btc_qm_engine,btc_sha256_elapsed_ns,1183.0000000000
280304605,1762222826112,btc_qm_engine,btc_sha256_nonce,256406764.0000000000
280304606,1762222826223,btc_qm_engine,btc_leading_zeros,1.0000000000
280304607,1762222826313,btc_qm_engine,btc_sha256_elapsed_ns,1178.0000000000
280304608,1762222826522,btc_qm_engine,btc_orbital_scan_nonce,4278175071.0000000000
280304609,1762222827865,btc_qm_engine,btc_sha256_nonce,4278175071.0000000000
280304610,1762222827956,btc_qm_engine,btc_leading_zeros,0.0000000000
280304611,1762222828045,btc_qm_engine,btc_sha256_elapsed_ns,1183.0000000000
280304612,1762222828232,btc_qm_engine,btc_orbital_scan_nonce,4278172893.0000000000
280304613,1762222829555,btc_qm_engine,btc_sha256_nonce,4278172893.0000000000
280304614,1762222829642,btc_qm_engine,btc_leading_zeros,0.0000000000
280304615,1762222829735,btc_qm_engine,btc_sha256_elapsed_ns,1181.0000000000
280304616,1762222829919,btc_qm_engine,btc_orbital_scan_nonce,4278184085.0000000000
280304617,1762222831242,btc_qm_engine,btc_sha256_nonce,4278184085.0000000000
280304618,1762222831334,btc_qm_engine,btc_leading_zeros,0.0000000000
280304619,1762222831428,btc_qm_engine,btc_sha256_elapsed_ns,1181.0000000000
280304620,1762222831664,btc_qm_engine,btc_lebesgue_scan_nonce,11.0000000000
280304621,1762222833008,btc_qm_engine,btc_sha256_nonce,4278352344.0000000000
280304622,1762222833102,btc_qm_engine,btc_leading_zeros,0.0000000000
280304623,1762222833235,btc_qm_engine,btc_sha256_elapsed_ns,1185.0000000000
280304624,1762222833470,btc_qm_engine,btc_lebesgue_scan_nonce,6.0000000000
280304625,1762222834786,btc_qm_engine,btc_sha256_nonce,4277982820.0000000000
280304626,1762222834877,btc_qm_engine,btc_leading_zeros,0.0000000000
280304627,1762222834968,btc_qm_engine,btc_sha256_elapsed_ns,1179.0000000000
280304628,1762222836411,btc_qm_engine,btc_sha256_nonce,247360149.0000000000
280304629,1762222836516,btc_qm_engine,btc_leading_zeros,1.0000000000
280304630,1762222836604,btc_qm_engine,btc_sha256_elapsed_ns,1182.0000000000
280304631,1762222838059,btc_qm_engine,btc_sha256_nonce,246774451.0000000000
280304632,1762222838157,btc_qm_engine,btc_leading_zeros,1.0000000000
280304633,1762222838254,btc_qm_engine,btc_sha256_elapsed_ns,1187.0000000000
280304634,1762222839702,btc_qm_engine,btc_sha256_nonce,249634784.0000000000
280304635,1762222839802,btc_qm_engine,btc_leading_zeros,0.0000000000
280304636,1762222839891,btc_qm_engine,btc_sha256_elapsed_ns,1190.0000000000
280304637,1762222840093,btc_qm_engine,btc_orbital_scan_nonce,4278172599.0000000000
280304638,1762222841429,btc_qm_engine,btc_sha256_nonce,4278172599.0000000000
280304639,1762222841524,btc_qm_engine,btc_leading_zeros,1.0000000000
280304640,1762222841614,btc_qm_engine,btc_sha256_elapsed_ns,1189.0000000000
280304641,1762222843070,btc_qm_engine,btc_sha256_nonce,243870841.0000000000
280304642,1762222843167,btc_qm_engine,btc_leading_zeros,0.0000000000
280304643,1762222843267,btc_qm_engine,btc_sha256_elapsed_ns,1191.0000000000
280304644,1762222843467,btc_qm_engine,btc_orbital_scan_nonce,4278209089.0000000000
280304645,1762222844802,btc_qm_engine,btc_sha256_nonce,4278209089.0000000000
280304646,1762222844893,btc_qm_engine,btc_leading_zeros,0.0000000000
280304647,1762222844988,btc_qm_engine,btc_sha256_elapsed_ns,1185.0000000000
280304648,1762222846424,btc_qm_engine,btc_sha256_nonce,243658811.0000000000
280304649,1762222846529,btc_qm_engine,btc_leading_zeros,1.0000000000
280304650,1762222846619,btc_qm_engine,btc_sha256_elapsed_ns,1177.0000000000
280304651,1762222848089,btc_qm_engine,btc_sha256_nonce,251035020.0000000000
280304652,1762222848186,btc_qm_engine,btc_leading_zeros,2.0000000000
280304653,1762222848277,btc_qm_engine,btc_sha256_elapsed_ns,1187.0000000000
280304654,1762222848477,btc_qm_engine,btc_orbital_scan_nonce,4278201840.0000000000
280304655,1762222849827,btc_qm_engine,btc_sha256_nonce,4278201840.0000000000
280304656,1762222849923,btc_qm_engine,btc_leading_zeros,3.0000000000
280304657,1762222850025,btc_qm_engine,btc_sha256_elapsed_ns,1186.0000000000
280304658,1762222851470,btc_qm_engine,btc_sha256_nonce,244583623.0000000000
280304659,1762222851569,btc_qm_engine,btc_leading_zeros,0.0000000000
280304660,1762222851679,btc_qm_engine,btc_sha256_elapsed_ns,1185.0000000000
280304661,1762222851879,btc_qm_engine,btc_orbital_scan_nonce,4278205019.0000000000
280304662,1762222853208,btc_qm_engine,btc_sha256_nonce,4278205019.0000000000
280304663,1762222853309,btc_qm_engine,btc_leading_zeros,1.0000000000
280304664,1762222853399,btc_qm_engine,btc_sha256_elapsed_ns,1186.0000000000
280304665,1762222853616,btc_qm_engine,btc_lebesgue_scan_nonce,37.0000000000
280304666,1762222854964,btc_qm_engine,btc_sha256_nonce,4278161019.0000000000
280304667,1762222855058,btc_qm_engine,btc_leading_zeros,1.0000000000
280304668,1762222855149,btc_qm_engine,btc_sha256_elapsed_ns,1190.0000000000
280304669,1762222856590,btc_qm_engine,btc_sha256_nonce,251392928.0000000000
280304670,1762222856685,btc_qm_engine,btc_leading_zeros,0.0000000000
280304671,1762222856777,btc_qm_engine,btc_sha256_elapsed_ns,1180.0000000000
280304672,1762222858223,btc_qm_engine,btc_sha256_nonce,251397378.0000000000
280304673,1762222858325,btc_qm_engine,btc_leading_zeros,1.0000000000
280304674,1762222858424,btc_qm_engine,btc_sha256_elapsed_ns,1186.0000000000
280304675,1762222859885,btc_qm_engine,btc_sha256_nonce,244791522.0000000000
280304676,1762222859981,btc_qm_engine,btc_leading_zeros,4.0000000000
280304677,1762222860077,btc_qm_engine,btc_sha256_elapsed_ns,1182.0000000000
280304678,1762222860276,btc_qm_engine,btc_orbital_scan_nonce,4278174595.0000000000
280304679,1762222861608,btc_qm_engine,btc_sha256_nonce,4278174595.0000000000
280304680,1762222861703,btc_qm_engine,btc_leading_zeros,1.0000000000
280304681,1762222861796,btc_qm_engine,btc_sha256_elapsed_ns,1184.0000000000
280304682,1762222861998,btc_qm_engine,btc_orbital_scan_nonce,4278180933.0000000000
280304683,1762222863331,btc_qm_engine,btc_sha256_nonce,4278180933.0000000000
280304684,1762222863429,btc_qm_engine,btc_leading_zeros,0.0000000000
280304685,1762222863522,btc_qm_engine,btc_sha256_elapsed_ns,1188.0000000000
280304686,1762222864965,btc_qm_engine,btc_sha256_nonce,246917134.0000000000
280304687,1762222865064,btc_qm_engine,btc_leading_zeros,0.0000000000
280304688,1762222865160,btc_qm_engine,btc_sha256_elapsed_ns,1185.0000000000
280304689,1762222865366,btc_qm_engine,btc_orbital_scan_nonce,4278174454.0000000000
280304690,1762222866697,btc_qm_engine,btc_sha256_nonce,4278174454.0000000000
280304691,1762222866800,btc_qm_engine,btc_leading_zeros,0.0000000000
280304692,1762222866890,btc_qm_engine,btc_sha256_elapsed_ns,1189.0000000000
280304693,1762222868345,btc_qm_engine,btc_sha256_nonce,245103582.0000000000
280304694,1762222868442,btc_qm_engine,btc_leading_zeros,0.0000000000
280304695,1762222868534,btc_qm_engine,btc_sha256_elapsed_ns,1181.0000000000
280304696,1762222868750,btc_qm_engine,btc_lebesgue_scan_nonce,17.0000000000
280304697,1762222870104,btc_qm_engine,btc_sha256_nonce,4278301321.0000000000
280304698,1762222870200,btc_qm_engine,btc_leading_zeros,0.0000000000
280304699,1762222870293,btc_qm_engine,btc_sha256_elapsed_ns,1192.0000000000
280304700,1762222870507,btc_qm_engine,btc_lebesgue_scan_nonce,37.0000000000
280304701,1762222871841,btc_qm_engine,btc_sha256_nonce,4278203369.0000000000
280304702,1762222871935,btc_qm_engine,btc_leading_zeros,0.0000000000
280304703,1762222872029,btc_qm_engine,btc_sha256_elapsed_ns,1189.0000000000
280304704,1762222873477,btc_qm_engine,btc_sha256_nonce,250728825.0000000000
280304705,1762222873579,btc_qm_engine,btc_leading_zeros,0.0000000000
280304706,1762222873667,btc_qm_engine,btc_sha256_elapsed_ns,1184.0000000000
280304707,1762222875122,btc_qm_engine,btc_sha256_nonce,248861018.0000000000
280304708,1762222875217,btc_qm_engine,btc_leading_zeros,1.0000000000
280304709,1762222875319,btc_qm_engine,btc_sha256_elapsed_ns,1192.0000000000
280304710,1762222876785,btc_qm_engine,btc_sha256_nonce,244278783.0000000000
280304711,1762222876898,btc_qm_engine,btc_leading_zeros,2.0000000000
280304712,1762222876992,btc_qm_engine,btc_sha256_elapsed_ns,1184.0000000000
280304713,1762222877196,btc_qm_engine,btc_orbital_scan_nonce,4278186490.0000000000
280304714,1762222878525,btc_qm_engine,btc_sha256_nonce,4278186490.0000000000
280304715,1762222878626,btc_qm_engine,btc_leading_zeros,0.0000000000
280304716,1762222878714,btc_qm_engine,btc_sha256_elapsed_ns,1184.0000000000
280304717,1762222880158,btc_qm_engine,btc_sha256_nonce,245397900.0000000000
280304718,1762222880252,btc_qm_engine,btc_leading_zeros,1.0000000000
280304719,1762222880353,btc_qm_engine,btc_sha256_elapsed_ns,1185.0000000000
280304720,1762222881819,btc_qm_engine,btc_sha256_nonce,250006212.0000000000
280304721,1762222881923,btc_qm_engine,btc_leading_zeros,2.0000000000
280304722,1762222882021,btc_qm_engine,btc_sha256_elapsed_ns,1180.0000000000
280304723,1762222882238,btc_qm_engine,btc_lebesgue_scan_nonce,15.0000000000
280304724,1762222883575,btc_qm_engine,btc_sha256_nonce,4278101273.0000000000
280304725,1762222883699,btc_qm_engine,btc_leading_zeros,0.0000000000
280304726,1762222883790,btc_qm_engine,btc_sha256_elapsed_ns,1183.0000000000
280304727,1762222884006,btc_qm_engine,btc_lebesgue_scan_nonce,29.0000000000
280304728,1762222885328,btc_qm_engine,btc_sha256_nonce,4278241568.0000000000
280304729,1762222885431,btc_qm_engine,btc_leading_zeros,1.0000000000
280304730,1762222885519,btc_qm_engine,btc_sha256_elapsed_ns,1180.0000000000
280304731,1762222886964,btc_qm_engine,btc_sha256_nonce,243604490.0000000000
280304732,1762222887062,btc_qm_engine,btc_leading_zeros,0.0000000000
280304733,1762222887152,btc_qm_engine,btc_sha256_elapsed_ns,1180.0000000000
280304734,1762222888606,btc_qm_engine,btc_sha256_nonce,250833107.0000000000
280304735,1762222888706,btc_qm_engine,btc_leading_zeros,0.0000000000
280304736,1762222888793,btc_qm_engine,btc_sha256_elapsed_ns,1180.0000000000
280304737,1762222889008,btc_qm_engine,btc_lebesgue_scan_nonce,33.0000000000
280304738,1762222890338,btc_qm_engine,btc_sha256_nonce,4278187923.0000000000
280304739,1762222890435,btc_qm_engine,btc_leading_zeros,0.0000000000
280304740,1762222890526,btc_qm_engine,btc_sha256_elapsed_ns,1181.0000000000
280304741,1762222891973,btc_qm_engine,btc_sha256_nonce,250649244.0000000000
280304742,1762222892075,btc_qm_engine,btc_leading_zeros,0.0000000000
280304743,1762222892168,btc_qm_engine,btc_sha256_elapsed_ns,1177.0000000000
280304744,1762222893635,btc_qm_engine,btc_sha256_nonce,247785847.0000000000
280304745,1762222893740,btc_qm_engine,btc_leading_zeros,2.0000000000
280304746,1762222893840,btc_qm_engine,btc_sha256_elapsed_ns,1185.0000000000
280304747,1762222895309,btc_qm_engine,btc_sha256_nonce,244971340.0000000000
280304748,1762222895405,btc_qm_engine,btc_leading_zeros,2.0000000000
280304749,1762222895503,btc_qm_engine,btc_sha256_elapsed_ns,1182.0000000000
280304750,1762222895705,btc_qm_engine,btc_orbital_scan_nonce,4278200800.0000000000
280304751,1762222897039,btc_qm_engine,btc_sha256_nonce,4278200800.0000000000
280304752,1762222897138,btc_qm_engine,btc_leading_zeros,0.0000000000
280304753,1762222897229,btc_qm_engine,btc_sha256_elapsed_ns,1186.0000000000
280304754,1762222898681,btc_qm_engine,btc_sha256_nonce,245711337.0000000000
280304755,1762222898784,btc_qm_engine,btc_leading_zeros,1.0000000000
280304756,1762222898878,btc_qm_engine,btc_sha256_elapsed_ns,1192.0000000000
280304757,1762222900330,btc_qm_engine,btc_sha256_nonce,249593916.0000000000
280304758,1762222900426,btc_qm_engine,btc_leading_zeros,0.0000000000
280304759,1762222900527,btc_qm_engine,btc_sha256_elapsed_ns,1186.0000000000
280304760,1762222900731,btc_qm_engine,btc_orbital_scan_nonce,4278226927.0000000000
280304761,1762222902060,btc_qm_engine,btc_sha256_nonce,4278226927.0000000000
280304762,1762222902171,btc_qm_engine,btc_leading_zeros,0.0000000000
280304763,1762222902262,btc_qm_engine,btc_sha256_elapsed_ns,1186.0000000000
280304764,1762222902465,btc_qm_engine,btc_orbital_scan_nonce,4278194690.0000000000
280304765,1762222903797,btc_qm_engine,btc_sha256_nonce,4278194690.0000000000
280304766,1762222903886,btc_qm_engine,btc_leading_zeros,1.0000000000
280304767,1762222903980,btc_qm_engine,btc_sha256_elapsed_ns,1187.0000000000
280304768,1762222905428,btc_qm_engine,btc_sha256_nonce,245485946.0000000000
280304769,1762222905530,btc_qm_engine,btc_leading_zeros,0.0000000000
280304770,1762222905621,btc_qm_engine,btc_sha256_elapsed_ns,1193.0000000000
280304771,1762222907096,btc_qm_engine,btc_sha256_nonce,250572369.0000000000
280304772,1762222907191,btc_qm_engine,btc_leading_zeros,3.0000000000
280304773,1762222907283,btc_qm_engine,btc_sha256_elapsed_ns,1186.0000000000
280304774,1762222908734,btc_qm_engine,btc_sha256_nonce,245794346.0000000000
280304775,1762222908834,btc_qm_engine,btc_leading_zeros,1.0000000000
280304776,1762222908929,btc_qm_engine,btc_sha256_elapsed_ns,1189.0000000000
280304777,1762222909131,btc_qm_engine,btc_orbital_scan_nonce,4278170302.0000000000
280304778,1762222910469,btc_qm_engine,btc_sha256_nonce,4278170302.0000000000
280304779,1762222910568,btc_qm_engine,btc_leading_zeros,0.0000000000
280304780,1762222910659,btc_qm_engine,btc_sha256_elapsed_ns,1188.0000000000
280304781,1762222910858,btc_qm_engine,btc_orbital_scan_nonce,4278212363.0000000000
280304782,1762222912213,btc_qm_engine,btc_sha256_nonce,4278212363.0000000000
280304783,1762222912306,btc_qm_engine,btc_leading_zeros,2.0000000000
280304784,1762222912396,btc_qm_engine,btc_sha256_elapsed_ns,1186.0000000000
280304785,1762222913842,btc_qm_engine,btc_sha256_nonce,250890874.0000000000
280304786,1762222913941,btc_qm_engine,btc_leading_zeros,0.0000000000
280304787,1762222914034,btc_qm_engine,btc_sha256_elapsed_ns,1182.0000000000
280304788,1762222915479,btc_qm_engine,btc_sha256_nonce,246515397.0000000000
280304789,1762222915580,btc_qm_engine,btc_leading_zeros,0.0000000000
280304790,1762222915666,btc_qm_engine,btc_sha256_elapsed_ns,1183.0000000000
280304791,1762222917117,btc_qm_engine,btc_sha256_nonce,243563398.0000000000
280304792,1762222917213,btc_qm_engine,btc_leading_zeros,0.0000000000
280304793,1762222917313,btc_qm_engine,btc_sha256_elapsed_ns,1183.0000000000
280304794,1762222918759,btc_qm_engine,btc_sha256_nonce,250253023.0000000000
280304795,1762222918858,btc_qm_engine,btc_leading_zeros,1.0000000000
280304796,1762222918953,btc_qm_engine,btc_sha256_elapsed_ns,1185.0000000000
280304797,1762222920398,btc_qm_engine,btc_sha256_nonce,3151937934.0000000000
280304798,1762222920493,btc_qm_engine,btc_leading_zeros,0.0000000000
280304799,1762222920593,btc_qm_engine,btc_sha256_elapsed_ns,1189.0000000000
280304800,1762222920791,btc_qm_engine,btc_orbital_scan_nonce,4278205235.0000000000
280304801,1762222922124,btc_qm_engine,btc_sha256_nonce,4278205235.0000000000
280304802,1762222922219,btc_qm_engine,btc_leading_zeros,1.0000000000
280304803,1762222922312,btc_qm_engine,btc_sha256_elapsed_ns,1181.0000000000
280304804,1762222922512,btc_qm_engine,btc_orbital_scan_nonce,4278172097.0000000000
280304805,1762222923840,btc_qm_engine,btc_sha256_nonce,4278172097.0000000000
280304806,1762222923931,btc_qm_engine,btc_leading_zeros,1.0000000000
280304807,1762222924025,btc_qm_engine,btc_sha256_elapsed_ns,1184.0000000000
280304808,1762222925464,btc_qm_engine,btc_sha256_nonce,236016604.0000000000
280304809,1762222925568,btc_qm_engine,btc_leading_zeros,0.0000000000
280304810,1762222925656,btc_qm_engine,btc_sha256_elapsed_ns,1181.0000000000
280304811,1762222925871,btc_qm_engine,btc_lebesgue_scan_nonce,28.0000000000
280304812,1762222927213,btc_qm_engine,btc_sha256_nonce,4278269109.0000000000
280304813,1762222927309,btc_qm_engine,btc_leading_zeros,0.0000000000
280304814,1762222927400,btc_qm_engine,btc_sha256_elapsed_ns,1183.0000000000
280304815,1762222927606,btc_qm_engine,btc_orbital_scan_nonce,4278173690.0000000000
280304816,1762222928941,btc_qm_engine,btc_sha256_nonce,4278173690.0000000000
280304817,1762222929037,btc_qm_engine,btc_leading_zeros,2.0000000000
280304818,1762222929124,btc_qm_engine,btc_sha256_elapsed_ns,1180.0000000000
280304819,1762222930574,btc_qm_engine,btc_sha256_nonce,248122463.0000000000
280304820,1762222930671,btc_qm_engine,btc_leading_zeros,0.0000000000
280304821,1762222930757,btc_qm_engine,btc_sha256_elapsed_ns,1185.0000000000
280304822,1762222932207,btc_qm_engine,btc_sha256_nonce,247181583.0000000000
280304823,1762222932306,btc_qm_engine,btc_leading_zeros,1.0000000000
280304824,1762222932395,btc_qm_engine,btc_sha256_elapsed_ns,1186.0000000000
280304825,1762222933855,btc_qm_engine,btc_sha256_nonce,245222115.0000000000
280304826,1762222933951,btc_qm_engine,btc_leading_zeros,0.0000000000
280304827,1762222934047,btc_qm_engine,btc_sha256_elapsed_ns,1191.0000000000
280304828,1762222934260,btc_qm_engine,btc_orbital_scan_nonce,4278188758.0000000000
280304829,1762222935606,btc_qm_engine,btc_sha256_nonce,4278188758.0000000000
280304830,1762222935706,btc_qm_engine,btc_leading_zeros,2.0000000000
280304831,1762222935798,btc_qm_engine,btc_sha256_elapsed_ns,1185.0000000000
280304832,1762222936004,btc_qm_engine,btc_orbital_scan_nonce,4278187881.0000000000
280304833,1762222937337,btc_qm_engine,btc_sha256_nonce,4278187881.0000000000
280304834,1762222937426,btc_qm_engine,btc_leading_zeros,0.0000000000
280304835,1762222937518,btc_qm_engine,btc_sha256_elapsed_ns,1187.0000000000
280304836,1762222938967,btc_qm_engine,btc_sha256_nonce,247028894.0000000000
280304837,1762222939071,btc_qm_engine,btc_leading_zeros,1.0000000000
280304838,1762222939157,btc_qm_engine,btc_sha256_elapsed_ns,1186.0000000000
280304839,1762222939375,btc_qm_engine,btc_lebesgue_scan_nonce,29.0000000000
280304840,1762222940717,btc_qm_engine,btc_sha256_nonce,4278132977.0000000000
280304841,1762222940813,btc_qm_engine,btc_leading_zeros,0.0000000000
280304842,1762222940903,btc_qm_engine,btc_sha256_elapsed_ns,1181.0000000000
280304843,1762222942358,btc_qm_engine,btc_sha256_nonce,248892956.0000000000
280304844,1762222942455,btc_qm_engine,btc_leading_zeros,0.0000000000
280304845,1762222942547,btc_qm_engine,btc_sha256_elapsed_ns,1189.0000000000
280304846,1762222942749,btc_qm_engine,btc_orbital_scan_nonce,4278218422.0000000000
280304847,1762222944080,btc_qm_engine,btc_sha256_nonce,4278218422.0000000000
280304848,1762222944172,btc_qm_engine,btc_leading_zeros,0.0000000000
280304849,1762222944264,btc_qm_engine,btc_sha256_elapsed_ns,1186.0000000000
280304850,1762222945707,btc_qm_engine,btc_sha256_nonce,250660418.0000000000
280304851,1762222945807,btc_qm_engine,btc_leading_zeros,1.0000000000
280304852,1762222945896,btc_qm_engine,btc_sha256_elapsed_ns,1183.0000000000
280304853,1762222946099,btc_qm_engine,btc_orbital_scan_nonce,4278193675.0000000000
280304854,1762222947431,btc_qm_engine,btc_sha256_nonce,4278193675.0000000000
280304855,1762222947525,btc_qm_engine,btc_leading_zeros,1.0000000000
280304856,1762222947615,btc_qm_engine,btc_sha256_elapsed_ns,1185.0000000000
280304857,1762222947832,btc_qm_engine,btc_lebesgue_scan_nonce,20.0000000000
280304858,1762222949145,btc_qm_engine,btc_sha256_nonce,4278121292.0000000000
280304859,1762222949241,btc_qm_engine,btc_leading_zeros,0.0000000000
280304860,1762222949332,btc_qm_engine,btc_sha256_elapsed_ns,1179.0000000000
280304861,1762222949548,btc_qm_engine,btc_lebesgue_scan_nonce,20.0000000000
280304862,1762222950867,btc_qm_engine,btc_sha256_nonce,4278195252.0000000000
280304863,1762222950959,btc_qm_engine,btc_leading_zeros,1.0000000000
280304864,1762222951047,btc_qm_engine,btc_sha256_elapsed_ns,1184.0000000000
280304865,1762222952496,btc_qm_engine,btc_sha256_nonce,248951624.0000000000
280304866,1762222952595,btc_qm_engine,btc_leading_zeros,1.0000000000
280304867,1762222952685,btc_qm_engine,btc_sha256_elapsed_ns,1183.0000000000
280304868,1762222954130,btc_qm_engine,btc_sha256_nonce,250947465.0000000000
280304869,1762222954234,btc_qm_engine,btc_leading_zeros,1.0000000000
280304870,1762222954324,btc_qm_engine,btc_sha256_elapsed_ns,1190.0000000000
280304871,1762222955769,btc_qm_engine,btc_sha256_nonce,245559381.0000000000
280304872,1762222955866,btc_qm_engine,btc_leading_zeros,0.0000000000
280304873,1762222955956,btc_qm_engine,btc_sha256_elapsed_ns,1183.0000000000
280304874,1762222957400,btc_qm_engine,btc_sha256_nonce,248939329.0000000000
280304875,1762222957500,btc_qm_engine,btc_leading_zeros,1.0000000000
280304876,1762222957596,btc_qm_engine,btc_sha256_elapsed_ns,1181.0000000000
280304877,1762222957813,btc_qm_engine,btc_lebesgue_scan_nonce,6.0000000000
280304878,1762222959149,btc_qm_engine,btc_sha256_nonce,4278332779.0000000000
280304879,1762222959297,btc_qm_engine,btc_leading_zeros,1.0000000000
280304880,1762222959390,btc_qm_engine,btc_sha256_elapsed_ns,1192.0000000000
280304881,1762222960834,btc_qm_engine,btc_sha256_nonce,243571126.0000000000
280304882,1762222960931,btc_qm_engine,btc_leading_zeros,1.0000000000
280304883,1762222961030,btc_qm_engine,btc_sha256_elapsed_ns,1182.0000000000
280304884,1762222962473,btc_qm_engine,btc_sha256_nonce,250774948.0000000000
280304885,1762222962575,btc_qm_engine,btc_leading_zeros,1.0000000000
280304886,1762222962670,btc_qm_engine,btc_sha256_elapsed_ns,1186.0000000000
280304887,1762222964126,btc_qm_engine,btc_sha256_nonce,245394115.0000000000
280304888,1762222964223,btc_qm_engine,btc_leading_zeros,1.0000000000
280304889,1762222964323,btc_qm_engine,btc_sha256_elapsed_ns,1193.0000000000
280304890,1762222965776,btc_qm_engine,btc_sha256_nonce,243260268.0000000000
280304891,1762222965876,btc_qm_engine,btc_leading_zeros,0.0000000000
280304892,1762222965973,btc_qm_engine,btc_sha256_elapsed_ns,1190.0000000000
280304893,1762222966173,btc_qm_engine,btc_orbital_scan_nonce,4278219977.0000000000
280304894,1762222967505,btc_qm_engine,btc_sha256_nonce,4278219977.0000000000
280304895,1762222967604,btc_qm_engine,btc_leading_zeros,1.0000000000
280304896,1762222967697,btc_qm_engine,btc_sha256_elapsed_ns,1187.0000000000
280304897,1762222967921,btc_qm_engine,btc_lebesgue_scan_nonce,5.0000000000
280304898,1762222969254,btc_qm_engine,btc_sha256_nonce,4278197436.0000000000
280304899,1762222969348,btc_qm_engine,btc_leading_zeros,1.0000000000
280304900,1762222969440,btc_qm_engine,btc_sha256_elapsed_ns,1188.0000000000
280304901,1762222970917,btc_qm_engine,btc_sha256_nonce,248280583.0000000000
280304902,1762222971017,btc_qm_engine,btc_leading_zeros,2.0000000000
280304903,1762222971110,btc_qm_engine,btc_sha256_elapsed_ns,1192.0000000000
280304904,1762222971311,btc_qm_engine,btc_orbital_scan_nonce,4278223489.0000000000
280304905,1762222972646,btc_qm_engine,btc_sha256_nonce,4278223489.0000000000
280304906,1762222972737,btc_qm_engine,btc_leading_zeros,0.0000000000
280304907,1762222972831,btc_qm_engine,btc_sha256_elapsed_ns,1186.0000000000
280304908,1762222973050,btc_qm_engine,btc_lebesgue_scan_nonce,29.0000000000
280304909,1762222974379,btc_qm_engine,btc_sha256_nonce,4278119145.0000000000
280304910,1762222974473,btc_qm_engine,btc_leading_zeros,1.0000000000
280304911,1762222974567,btc_qm_engine,btc_sha256_elapsed_ns,1191.0000000000
280304912,1762222976040,btc_qm_engine,btc_sha256_nonce,248103706.0000000000
280304913,1762222976156,btc_qm_engine,btc_leading_zeros,2.0000000000
280304914,1762222976245,btc_qm_engine,btc_sha256_elapsed_ns,1192.0000000000
280304915,1762222976461,btc_qm_engine,btc_lebesgue_scan_nonce,29.0000000000
280304916,1762222977827,btc_qm_engine,btc_sha256_nonce,4278172069.0000000000
280304917,1762222977923,btc_qm_engine,btc_leading_zeros,2.0000000000
280304918,1762222978010,btc_qm_engine,btc_sha256_elapsed_ns,1190.0000000000
280304919,1762222978212,btc_qm_engine,btc_orbital_scan_nonce,4278140080.0000000000
280304920,1762222979535,btc_qm_engine,btc_sha256_nonce,4278140080.0000000000
280304921,1762222979628,btc_qm_engine,btc_leading_zeros,1.0000000000
280304922,1762222979715,btc_qm_engine,btc_sha256_elapsed_ns,1185.0000000000
280304923,1762222981160,btc_qm_engine,btc_sha256_nonce,243481814.0000000000
280304924,1762222981255,btc_qm_engine,btc_leading_zeros,0.0000000000
280304925,1762222981348,btc_qm_engine,btc_sha256_elapsed_ns,1183.0000000000
280304926,1762222982792,btc_qm_engine,btc_sha256_nonce,247865351.0000000000
280304927,1762222982891,btc_qm_engine,btc_leading_zeros,0.0000000000
280304928,1762222982978,btc_qm_engine,btc_sha256_elapsed_ns,1186.0000000000
280304929,1762222983182,btc_qm_engine,btc_orbital_scan_nonce,4278188987.0000000000
280304930,1762222984536,btc_qm_engine,btc_sha256_nonce,4278188987.0000000000
280304931,1762222984664,btc_qm_engine,btc_leading_zeros,1.0000000000
280304932,1762222984760,btc_qm_engine,btc_sha256_elapsed_ns,1182.0000000000
280304933,1762222984963,btc_qm_engine,btc_orbital_scan_nonce,4278230755.0000000000
280304934,1762222986291,btc_qm_engine,btc_sha256_nonce,4278230755.0000000000
280304935,1762222986386,btc_qm_engine,btc_leading_zeros,1.0000000000
280304936,1762222986480,btc_qm_engine,btc_sha256_elapsed_ns,1180.0000000000
280304937,1762222987923,btc_qm_engine,btc_sha256_nonce,1121512277.0000000000
280304938,1762222988017,btc_qm_engine,btc_leading_zeros,0.0000000000
280304939,1762222988110,btc_qm_engine,btc_sha256_elapsed_ns,1182.0000000000
280304940,1762222988325,btc_qm_engine,btc_lebesgue_scan_nonce,30.0000000000
280304941,1762222989668,btc_qm_engine,btc_sha256_nonce,4278278322.0000000000
280304942,1762222989760,btc_qm_engine,btc_leading_zeros,0.0000000000
280304943,1762222989855,btc_qm_engine,btc_sha256_elapsed_ns,1187.0000000000
280304944,1762222991296,btc_qm_engine,btc_sha256_nonce,244623626.0000000000
280304945,1762222991398,btc_qm_engine,btc_leading_zeros,0.0000000000
280304946,1762222991520,btc_qm_engine,btc_sha256_elapsed_ns,1182.0000000000
280304947,1762222992973,btc_qm_engine,btc_sha256_nonce,249769150.0000000000
280304948,1762222993068,btc_qm_engine,btc_leading_zeros,0.0000000000
280304949,1762222993158,btc_qm_engine,btc_sha256_elapsed_ns,1185.0000000000
280304950,1762222994608,btc_qm_engine,btc_sha256_nonce,243623094.0000000000
280304951,1762222994708,btc_qm_engine,btc_leading_zeros,0.0000000000
280304952,1762222994806,btc_qm_engine,btc_sha256_elapsed_ns,1187.0000000000
280304953,1762222995007,btc_qm_engine,btc_orbital_scan_nonce,4278179083.0000000000
280304954,1762222996348,btc_qm_engine,btc_sha256_nonce,4278179083.0000000000
280304955,1762222996447,btc_qm_engine,btc_leading_zeros,1.0000000000
280304956,1762222996538,btc_qm_engine,btc_sha256_elapsed_ns,1190.0000000000
280304957,1762222998000,btc_qm_engine,btc_sha256_nonce,246824840.0000000000
280304958,1762222998099,btc_qm_engine,btc_leading_zeros,1.0000000000
280304959,1762222998193,btc_qm_engine,btc_sha256_elapsed_ns,1196.0000000000
280304960,1762222999651,btc_qm_engine,btc_sha256_nonce,248908492.0000000000
280304961,1762222999754,btc_qm_engine,btc_leading_zeros,0.0000000000
280304962,1762222999843,btc_qm_engine,btc_sha256_elapsed_ns,1186.0000000000
280304963,1762223011318,btc_qm_engine,btc_sha256_nonce,248708935.0000000000
280304964,1762223011480,btc_qm_engine,btc_leading_zeros,4.0000000000
280304965,1762223011572,btc_qm_engine,btc_sha256_elapsed_ns,1574.0000000000
280304966,1762223013154,btc_qm_engine,btc_sha256_nonce,4259422184.0000000000
280304967,1762223013246,btc_qm_engine,btc_leading_zeros,2.0000000000
280304968,1762223013338,btc_qm_engine,btc_sha256_elapsed_ns,1196.0000000000
280304969,1762223013551,btc_qm_engine,btc_orbital_scan_nonce,4278187938.0000000000
280304970,1762223014916,btc_qm_engine,btc_sha256_nonce,4278187938.0000000000
280304971,1762223015008,btc_qm_engine,btc_leading_zeros,2.0000000000
280304972,1762223015099,btc_qm_engine,btc_sha256_elapsed_ns,1181.0000000000
280304973,1762223015311,btc_qm_engine,btc_orbital_scan_nonce,4278175221.0000000000
280304974,1762223016657,btc_qm_engine,btc_sha256_nonce,4278175221.0000000000
280304975,1762223016752,btc_qm_engine,btc_leading_zeros,3.0000000000
280304976,1762223016841,btc_qm_engine,btc_sha256_elapsed_ns,1192.0000000000
280304977,1762223018299,btc_qm_engine,btc_sha256_nonce,246270475.0000000000
280304978,1762223018398,btc_qm_engine,btc_leading_zeros,0.0000000000
280304979,1762223018491,btc_qm_engine,btc_sha256_elapsed_ns,1197.0000000000
280304980,1762223018711,btc_qm_engine,btc_lebesgue_scan_nonce,5.0000000000
280304981,1762223020094,btc_qm_engine,btc_sha256_nonce,4278204651.0000000000
280304982,1762223020186,btc_qm_engine,btc_leading_zeros,2.0000000000
280304983,1762223020288,btc_qm_engine,btc_sha256_elapsed_ns,1180.0000000000
280304984,1762223021748,btc_qm_engine,btc_sha256_nonce,245607610.0000000000
280304985,1762223021850,btc_qm_engine,btc_leading_zeros,2.0000000000
280304986,1762223021941,btc_qm_engine,btc_sha256_elapsed_ns,1186.0000000000
280304987,1762223022147,btc_qm_engine,btc_orbital_scan_nonce,4278163610.0000000000
280304988,1762223023491,btc_qm_engine,btc_sha256_nonce,4278163610.0000000000
280304989,1762223023585,btc_qm_engine,btc_leading_zeros,3.0000000000
280304990,1762223023674,btc_qm_engine,btc_sha256_elapsed_ns,1184.0000000000
280304991,1762223025131,btc_qm_engine,btc_sha256_nonce,243427716.0000000000
280304992,1762223025226,btc_qm_engine,btc_leading_zeros,1.0000000000
280304993,1762223025318,btc_qm_engine,btc_sha256_elapsed_ns,1188.0000000000
280304994,1762223025541,btc_qm_engine,btc_lebesgue_scan_nonce,35.0000000000
280304995,1762223026872,btc_qm_engine,btc_sha256_nonce,4278177476.0000000000
280304996,1762223026966,btc_qm_engine,btc_leading_zeros,0.0000000000
280304997,1762223027067,btc_qm_engine,btc_sha256_elapsed_ns,1187.0000000000
280304998,1762223028526,btc_qm_engine,btc_sha256_nonce,247031253.0000000000
280304999,1762223028625,btc_qm_engine,btc_leading_zeros,1.0000000000
280305000,1762223028716,btc_qm_engine,btc_sha256_elapsed_ns,1187.0000000000
280305001,1762223028922,btc_qm_engine,btc_orbital_scan_nonce,4278218941.0000000000
280305002,1762223030251,btc_qm_engine,btc_sha256_nonce,4278218941.0000000000
280305003,1762223030345,btc_qm_engine,btc_leading_zeros,0.0000000000
280305004,1762223030435,btc_qm_engine,btc_sha256_elapsed_ns,1182.0000000000
280305005,1762223031881,btc_qm_engine,btc_sha256_nonce,244674980.0000000000
280305006,1762223031977,btc_qm_engine,btc_leading_zeros,0.0000000000
280305007,1762223032072,btc_qm_engine,btc_sha256_elapsed_ns,1184.0000000000
280305008,1762223032289,btc_qm_engine,btc_lebesgue_scan_nonce,15.0000000000
280305009,1762223033626,btc_qm_engine,btc_sha256_nonce,4278263914.0000000000
280305010,1762223033715,btc_qm_engine,btc_leading_zeros,0.0000000000
280305011,1762223033808,btc_qm_engine,btc_sha256_elapsed_ns,1182.0000000000
280305012,1762223035257,btc_qm_engine,btc_sha256_nonce,249129196.0000000000
280305013,1762223035359,btc_qm_engine,btc_leading_zeros,0.0000000000
280305014,1762223035448,btc_qm_engine,btc_sha256_elapsed_ns,1190.0000000000
280305015,1762223036894,btc_qm_engine,btc_sha256_nonce,249411357.0000000000
280305016,1762223037004,btc_qm_engine,btc_leading_zeros,0.0000000000
280305017,1762223037095,btc_qm_engine,btc_sha256_elapsed_ns,1181.0000000000
280305018,1762223038557,btc_qm_engine,btc_sha256_nonce,246297574.0000000000
280305019,1762223038658,btc_qm_engine,btc_leading_zeros,1.0000000000
280305020,1762223038748,btc_qm_engine,btc_sha256_elapsed_ns,1180.0000000000
280305021,1762223040207,btc_qm_engine,btc_sha256_nonce,246233026.0000000000
280305022,1762223040303,btc_qm_engine,btc_leading_zeros,0.0000000000
280305023,1762223040397,btc_qm_engine,btc_sha256_elapsed_ns,1185.0000000000
280305024,1762223040600,btc_qm_engine,btc_orbital_scan_nonce,4278217264.0000000000
280305025,1762223041932,btc_qm_engine,btc_sha256_nonce,4278217264.0000000000
280305026,1762223042023,btc_qm_engine,btc_leading_zeros,0.0000000000
280305027,1762223042116,btc_qm_engine,btc_sha256_elapsed_ns,1187.0000000000
280305028,1762223043552,btc_qm_engine,btc_sha256_nonce,1538778371.0000000000
280305029,1762223043654,btc_qm_engine,btc_leading_zeros,0.0000000000
280305030,1762223043745,btc_qm_engine,btc_sha256_elapsed_ns,1181.0000000000
280305031,1762223045190,btc_qm_engine,btc_sha256_nonce,249031818.0000000000
280305032,1762223045284,btc_qm_engine,btc_leading_zeros,1.0000000000
280305033,1762223045396,btc_qm_engine,btc_sha256_elapsed_ns,1180.0000000000
280305034,1762223046845,btc_qm_engine,btc_sha256_nonce,244912460.0000000000
280305035,1762223046949,btc_qm_engine,btc_leading_zeros,0.0000000000
280305036,1762223047046,btc_qm_engine,btc_sha256_elapsed_ns,1182.0000000000
280305037,1762223048484,btc_qm_engine,btc_sha256_nonce,244787479.0000000000
280305038,1762223048581,btc_qm_engine,btc_leading_zeros,0.0000000000
280305039,1762223048681,btc_qm_engine,btc_sha256_elapsed_ns,1179.0000000000
280305040,1762223048898,btc_qm_engine,btc_lebesgue_scan_nonce,28.0000000000
280305041,1762223050232,btc_qm_engine,btc_sha256_nonce,4278249380.0000000000
280305042,1762223050326,btc_qm_engine,btc_leading_zeros,0.0000000000
280305043,1762223050417,btc_qm_engine,btc_sha256_elapsed_ns,1179.0000000000
280305044,1762223051867,btc_qm_engine,btc_sha256_nonce,247120162.0000000000
280305045,1762223051972,btc_qm_engine,btc_leading_zeros,0.0000000000
280305046,1762223052059,btc_qm_engine,btc_sha256_elapsed_ns,1182.0000000000
280305047,1762223053507,btc_qm_engine,btc_sha256_nonce,248105802.0000000000
280305048,1762223053603,btc_qm_engine,btc_leading_zeros,0.0000000000
280305049,1762223053699,btc_qm_engine,btc_sha256_elapsed_ns,1187.0000000000
280305050,1762223053907,btc_qm_engine,btc_orbital_scan_nonce,4278186256.0000000000
280305051,1762223055239,btc_qm_engine,btc_sha256_nonce,4278186256.0000000000
280305052,1762223055332,btc_qm_engine,btc_leading_zeros,0.0000000000
280305053,1762223055421,btc_qm_engine,btc_sha256_elapsed_ns,1183.0000000000
280305054,1762223055639,btc_qm_engine,btc_lebesgue_scan_nonce,12.0000000000
280305055,1762223056979,btc_qm_engine,btc_sha256_nonce,4278196635.0000000000
280305056,1762223057068,btc_qm_engine,btc_leading_zeros,2.0000000000
280305057,1762223057159,btc_qm_engine,btc_sha256_elapsed_ns,1184.0000000000
280305058,1762223057363,btc_qm_engine,btc_orbital_scan_nonce,4278154514.0000000000
280305059,1762223058696,btc_qm_engine,btc_sha256_nonce,4278154514.0000000000
280305060,1762223058787,btc_qm_engine,btc_leading_zeros,1.0000000000
280305061,1762223058876,btc_qm_engine,btc_sha256_elapsed_ns,1188.0000000000
280305062,1762223060324,btc_qm_engine,btc_sha256_nonce,246279161.0000000000
280305063,1762223060424,btc_qm_engine,btc_leading_zeros,0.0000000000
280305064,1762223060512,btc_qm_engine,btc_sha256_elapsed_ns,1186.0000000000
280305065,1762223061973,btc_qm_engine,btc_sha256_nonce,243116584.0000000000
280305066,1762223062071,btc_qm_engine,btc_leading_zeros,3.0000000000
280305067,1762223062172,btc_qm_engine,btc_sha256_elapsed_ns,1180.0000000000
280305068,1762223062376,btc_qm_engine,btc_orbital_scan_nonce,4278152619.0000000000
280305069,1762223063720,btc_qm_engine,btc_sha256_nonce,4278152619.0000000000
280305070,1762223063816,btc_qm_engine,btc_leading_zeros,1.0000000000
280305071,1762223063906,btc_qm_engine,btc_sha256_elapsed_ns,1183.0000000000
280305072,1762223064129,btc_qm_engine,btc_lebesgue_scan_nonce,6.0000000000
280305073,1762223065456,btc_qm_engine,btc_sha256_nonce,4278370666.0000000000
280305074,1762223065548,btc_qm_engine,btc_leading_zeros,0.0000000000
280305075,1762223065639,btc_qm_engine,btc_sha256_elapsed_ns,1184.0000000000
280305076,1762223067082,btc_qm_engine,btc_sha256_nonce,246151725.0000000000
280305077,1762223067183,btc_qm_engine,btc_leading_zeros,0.0000000000
280305078,1762223067274,btc_qm_engine,btc_sha256_elapsed_ns,1182.0000000000
280305079,1762223068723,btc_qm_engine,btc_sha256_nonce,245475450.0000000000
280305080,1762223068818,btc_qm_engine,btc_leading_zeros,0.0000000000
280305081,1762223068907,btc_qm_engine,btc_sha256_elapsed_ns,1180.0000000000
280305082,1762223069112,btc_qm_engine,btc_orbital_scan_nonce,4278157489.0000000000
280305083,1762223070444,btc_qm_engine,btc_sha256_nonce,4278157489.0000000000
280305084,1762223070561,btc_qm_engine,btc_leading_zeros,0.0000000000
280305085,1762223070664,btc_qm_engine,btc_sha256_elapsed_ns,1185.0000000000
280305086,1762223072112,btc_qm_engine,btc_sha256_nonce,247273793.0000000000
280305087,1762223072212,btc_qm_engine,btc_leading_zeros,0.0000000000
280305088,1762223072301,btc_qm_engine,btc_sha256_elapsed_ns,1177.0000000000
280305089,1762223072521,btc_qm_engine,btc_lebesgue_scan_nonce,8.0000000000
280305090,1762223073851,btc_qm_engine,btc_sha256_nonce,4278065629.0000000000
280305091,1762223073947,btc_qm_engine,btc_leading_zeros,0.0000000000
280305092,1762223074033,btc_qm_engine,btc_sha256_elapsed_ns,1181.0000000000
280305093,1762223075493,btc_qm_engine,btc_sha256_nonce,249255593.0000000000
280305094,1762223075587,btc_qm_engine,btc_leading_zeros,0.0000000000
280305095,1762223075681,btc_qm_engine,btc_sha256_elapsed_ns,1189.0000000000
280305096,1762223075894,btc_qm_engine,btc_lebesgue_scan_nonce,14.0000000000
280305097,1762223077236,btc_qm_engine,btc_sha256_nonce,4278255627.0000000000
280305098,1762223077328,btc_qm_engine,btc_leading_zeros,2.0000000000
280305099,1762223077418,btc_qm_engine,btc_sha256_elapsed_ns,1178.0000000000
280305100,1762223077621,btc_qm_engine,btc_orbital_scan_nonce,4278182449.0000000000
280305101,1762223078947,btc_qm_engine,btc_sha256_nonce,4278182449.0000000000
280305102,1762223079038,btc_qm_engine,btc_leading_zeros,0.0000000000
280305103,1762223079129,btc_qm_engine,btc_sha256_elapsed_ns,1187.0000000000
280305104,1762223079328,btc_qm_engine,btc_orbital_scan_nonce,4278165879.0000000000
280305105,1762223080674,btc_qm_engine,btc_sha256_nonce,4278165879.0000000000
280305106,1762223080766,btc_qm_engine,btc_leading_zeros,2.0000000000
280305107,1762223080860,btc_qm_engine,btc_sha256_elapsed_ns,1183.0000000000
280305108,1762223081062,btc_qm_engine,btc_lebesgue_scan_nonce,11.0000000000
280305109,1762223082379,btc_qm_engine,btc_sha256_nonce,4278140273.0000000000
280305110,1762223082469,btc_qm_engine,btc_leading_zeros,0.0000000000
280305111,1762223082559,btc_qm_engine,btc_sha256_elapsed_ns,1178.0000000000
280305112,1762223084016,btc_qm_engine,btc_sha256_nonce,1286783607.0000000000
280305113,1762223084117,btc_qm_engine,btc_leading_zeros,0.0000000000
280305114,1762223084208,btc_qm_engine,btc_sha256_elapsed_ns,1187.0000000000
280305115,1762223084408,btc_qm_engine,btc_orbital_scan_nonce,4278240080.0000000000
280305116,1762223085735,btc_qm_engine,btc_sha256_nonce,4278240080.0000000000
280305117,1762223085828,btc_qm_engine,btc_leading_zeros,0.0000000000
280305118,1762223085917,btc_qm_engine,btc_sha256_elapsed_ns,1180.0000000000
280305119,1762223086129,btc_qm_engine,btc_orbital_scan_nonce,4278233407.0000000000
280305120,1762223087449,btc_qm_engine,btc_sha256_nonce,4278233407.0000000000
280305121,1762223087547,btc_qm_engine,btc_leading_zeros,0.0000000000
280305122,1762223087639,btc_qm_engine,btc_sha256_elapsed_ns,1185.0000000000
280305123,1762223087845,btc_qm_engine,btc_orbital_scan_nonce,4278154333.0000000000
280305124,1762223089163,btc_qm_engine,btc_sha256_nonce,4278154333.0000000000
280305125,1762223089255,btc_qm_engine,btc_leading_zeros,0.0000000000
280305126,1762223089348,btc_qm_engine,btc_sha256_elapsed_ns,1183.0000000000
280305127,1762223089530,btc_qm_engine,btc_orbital_scan_nonce,4278205762.0000000000
280305128,1762223090854,btc_qm_engine,btc_sha256_nonce,4278205762.0000000000
280305129,1762223090947,btc_qm_engine,btc_leading_zeros,0.0000000000
280305130,1762223091037,btc_qm_engine,btc_sha256_elapsed_ns,1184.0000000000
280305131,1762223091231,btc_qm_engine,btc_orbital_scan_nonce,4278214011.0000000000
280305132,1762223092552,btc_qm_engine,btc_sha256_nonce,4278214011.0000000000
280305133,1762223092647,btc_qm_engine,btc_leading_zeros,0.0000000000
280305134,1762223092735,btc_qm_engine,btc_sha256_elapsed_ns,1185.0000000000
280305135,1762223094215,btc_qm_engine,btc_sha256_nonce,244183752.0000000000
280305136,1762223094318,btc_qm_engine,btc_leading_zeros,0.0000000000
280305137,1762223094412,btc_qm_engine,btc_sha256_elapsed_ns,1180.0000000000
280305138,1762223095865,btc_qm_engine,btc_sha256_nonce,247049283.0000000000
280305139,1762223095965,btc_qm_engine,btc_leading_zeros,1.0000000000
280305140,1762223096055,btc_qm_engine,btc_sha256_elapsed_ns,1192.0000000000
280305141,1762223096243,btc_qm_engine,btc_orbital_scan_nonce,4278228547.0000000000
280305142,1762223097592,btc_qm_engine,btc_sha256_nonce,4278228547.0000000000
280305143,1762223097682,btc_qm_engine,btc_leading_zeros,2.0000000000
280305144,1762223097770,btc_qm_engine,btc_sha256_elapsed_ns,1182.0000000000
280305145,1762223098004,btc_qm_engine,btc_lebesgue_scan_nonce,35.0000000000
280305146,1762223099358,btc_qm_engine,btc_sha256_nonce,4278143418.0000000000
280305147,1762223099449,btc_qm_engine,btc_leading_zeros,0.0000000000
280305148,1762223099538,btc_qm_engine,btc_sha256_elapsed_ns,1194.0000000000
280305149,1762223101017,btc_qm_engine,btc_sha256_nonce,243428303.0000000000
280305150,1762223101115,btc_qm_engine,btc_leading_zeros,3.0000000000
280305151,1762223101210,btc_qm_engine,btc_sha256_elapsed_ns,1193.0000000000
280305152,1762223101431,btc_qm_engine,btc_lebesgue_scan_nonce,13.0000000000
280305153,1762223102780,btc_qm_engine,btc_sha256_nonce,4278155344.0000000000
280305154,1762223102871,btc_qm_engine,btc_leading_zeros,3.0000000000
280305155,1762223102965,btc_qm_engine,btc_sha256_elapsed_ns,1186.0000000000
280305156,1762223104418,btc_qm_engine,btc_sha256_nonce,248872513.0000000000
280305157,1762223104518,btc_qm_engine,btc_leading_zeros,1.0000000000
280305158,1762223104610,btc_qm_engine,btc_sha256_elapsed_ns,1189.0000000000
280305159,1762223106056,btc_qm_engine,btc_sha256_nonce,248858226.0000000000
280305160,1762223106152,btc_qm_engine,btc_leading_zeros,1.0000000000
280305161,1762223106242,btc_qm_engine,btc_sha256_elapsed_ns,1182.0000000000
280305162,1762223106445,btc_qm_engine,btc_orbital_scan_nonce,4278197155.0000000000
280305163,1762223107781,btc_qm_engine,btc_sha256_nonce,4278197155.0000000000
280305164,1762223107879,btc_qm_engine,btc_leading_zeros,0.0000000000
280305165,1762223107967,btc_qm_engine,btc_sha256_elapsed_ns,1185.0000000000
280305166,1762223108183,btc_qm_engine,btc_lebesgue_scan_nonce,6.0000000000
280305167,1762223109512,btc_qm_engine,btc_sha256_nonce,4278354665.0000000000
280305168,1762223109601,btc_qm_engine,btc_leading_zeros,1.0000000000
280305169,1762223109705,btc_qm_engine,btc_sha256_elapsed_ns,1182.0000000000
280305170,1762223109919,btc_qm_engine,btc_lebesgue_scan_nonce,8.0000000000
280305171,1762223111235,btc_qm_engine,btc_sha256_nonce,4278214664.0000000000
280305172,1762223111330,btc_qm_engine,btc_leading_zeros,0.0000000000
280305173,1762223111419,btc_qm_engine,btc_sha256_elapsed_ns,1176.0000000000
280305174,1762223112882,btc_qm_engine,btc_sha256_nonce,244441483.0000000000
280305175,1762223112985,btc_qm_engine,btc_leading_zeros,3.0000000000
280305176,1762223113075,btc_qm_engine,btc_sha256_elapsed_ns,1185.0000000000
280305177,1762223113291,btc_qm_engine,btc_lebesgue_scan_nonce,17.0000000000
280305178,1762223114637,btc_qm_engine,btc_sha256_nonce,4278319584.0000000000
280305179,1762223114729,btc_qm_engine,btc_leading_zeros,2.0000000000
280305180,1762223114820,btc_qm_engine,btc_sha256_elapsed_ns,1182.0000000000
280305181,1762223116264,btc_qm_engine,btc_sha256_nonce,251063324.0000000000
280305182,1762223116362,btc_qm_engine,btc_leading_zeros,0.0000000000
280305183,1762223116455,btc_qm_engine,btc_sha256_elapsed_ns,1182.0000000000
280305184,1762223117898,btc_qm_engine,btc_sha256_nonce,249970443.0000000000
280305185,1762223117999,btc_qm_engine,btc_leading_zeros,0.0000000000
280305186,1762223118100,btc_qm_engine,btc_sha256_elapsed_ns,1181.0000000000
280305187,1762223119551,btc_qm_engine,btc_sha256_nonce,244313658.0000000000
280305188,1762223119649,btc_qm_engine,btc_leading_zeros,0.0000000000
280305189,1762223119739,btc_qm_engine,btc_sha256_elapsed_ns,1188.0000000000
280305190,1762223119942,btc_qm_engine,btc_orbital_scan_nonce,4278181964.0000000000
280305191,1762223121273,btc_qm_engine,btc_sha256_nonce,4278181964.0000000000
280305192,1762223121371,btc_qm_engine,btc_leading_zeros,0.0000000000
280305193,1762223121460,btc_qm_engine,btc_sha256_elapsed_ns,1181.0000000000
280305194,1762223121670,btc_qm_engine,btc_orbital_scan_nonce,4278178439.0000000000
280305195,1762223123004,btc_qm_engine,btc_sha256_nonce,4278178439.0000000000
280305196,1762223123101,btc_qm_engine,btc_leading_zeros,0.0000000000
280305197,1762223123193,btc_qm_engine,btc_sha256_elapsed_ns,1185.0000000000
280305198,1762223124655,btc_qm_engine,btc_sha256_nonce,249926463.0000000000
280305199,1762223124754,btc_qm_engine,btc_leading_zeros,0.0000000000
280305200,1762223124845,btc_qm_engine,btc_sha256_elapsed_ns,1186.0000000000
280305201,1762223125063,btc_qm_engine,btc_lebesgue_scan_nonce,6.0000000000
280305202,1762223126409,btc_qm_engine,btc_sha256_nonce,4278085406.0000000000
280305203,1762223126503,btc_qm_engine,btc_leading_zeros,3.0000000000
280305204,1762223126593,btc_qm_engine,btc_sha256_elapsed_ns,1183.0000000000
280305205,1762223126807,btc_qm_engine,btc_lebesgue_scan_nonce,19.0000000000
280305206,1762223128139,btc_qm_engine,btc_sha256_nonce,4278135271.0000000000
280305207,1762223128232,btc_qm_engine,btc_leading_zeros,0.0000000000
280305208,1762223128325,btc_qm_engine,btc_sha256_elapsed_ns,1194.0000000000
280305209,1762223128543,btc_qm_engine,btc_lebesgue_scan_nonce,30.0000000000
280305210,1762223129867,btc_qm_engine,btc_sha256_nonce,4278108414.0000000000
280305211,1762223129957,btc_qm_engine,btc_leading_zeros,0.0000000000
280305212,1762223130047,btc_qm_engine,btc_sha256_elapsed_ns,1187.0000000000
280305213,1762223130260,btc_qm_engine,btc_lebesgue_scan_nonce,2.0000000000
280305214,1762223131584,btc_qm_engine,btc_sha256_nonce,4278089118.0000000000
280305215,1762223131674,btc_qm_engine,btc_leading_zeros,0.0000000000
280305216,1762223131764,btc_qm_engine,btc_sha256_elapsed_ns,1185.0000000000
280305217,1762223131968,btc_qm_engine,btc_orbital_scan_nonce,4278205737.0000000000
280305218,1762223133297,btc_qm_engine,btc_sha256_nonce,4278205737.0000000000
280305219,1762223133387,btc_qm_engine,btc_leading_zeros,0.0000000000
280305220,1762223133475,btc_qm_engine,btc_sha256_elapsed_ns,1191.0000000000
280305221,1762223133676,btc_qm_engine,btc_orbital_scan_nonce,4278140080.0000000000
280305222,1762223135006,btc_qm_engine,btc_sha256_nonce,4278140080.0000000000
280305223,1762223135108,btc_qm_engine,btc_leading_zeros,1.0000000000
280305224,1762223135195,btc_qm_engine,btc_sha256_elapsed_ns,1188.0000000000
280305225,1762223136664,btc_qm_engine,btc_sha256_nonce,244639737.0000000000
280305226,1762223136763,btc_qm_engine,btc_leading_zeros,2.0000000000
280305227,1762223136855,btc_qm_engine,btc_sha256_elapsed_ns,1187.0000000000
280305228,1762223137070,btc_qm_engine,btc_lebesgue_scan_nonce,35.0000000000
280305229,1762223138394,btc_qm_engine,btc_sha256_nonce,4278177913.0000000000
280305230,1762223138487,btc_qm_engine,btc_leading_zeros,0.0000000000
280305231,1762223138580,btc_qm_engine,btc_sha256_elapsed_ns,1179.0000000000
280305232,1762223138782,btc_qm_engine,btc_lebesgue_scan_nonce,36.0000000000
280305233,1762223140101,btc_qm_engine,btc_sha256_nonce,4278215239.0000000000
280305234,1762223140192,btc_qm_engine,btc_leading_zeros,0.0000000000
280305235,1762223140282,btc_qm_engine,btc_sha256_elapsed_ns,1182.0000000000
280305236,1762223141724,btc_qm_engine,btc_sha256_nonce,243631844.0000000000
280305237,1762223141849,btc_qm_engine,btc_leading_zeros,0.0000000000
280305238,1762223141935,btc_qm_engine,btc_sha256_elapsed_ns,1184.0000000000
280305239,1762223143392,btc_qm_engine,btc_sha256_nonce,251479003.0000000000
280305240,1762223143489,btc_qm_engine,btc_leading_zeros,0.0000000000
280305241,1762223143579,btc_qm_engine,btc_sha256_elapsed_ns,1182.0000000000
280305242,1762223143781,btc_qm_engine,btc_orbital_scan_nonce,4278181668.0000000000
280305243,1762223145109,btc_qm_engine,btc_sha256_nonce,4278181668.0000000000
280305244,1762223145205,btc_qm_engine,btc_leading_zeros,0.0000000000
280305245,1762223145295,btc_qm_engine,btc_sha256_elapsed_ns,1181.0000000000
280305246,1762223146754,btc_qm_engine,btc_sha256_nonce,400044972.0000000000
280305247,1762223146853,btc_qm_engine,btc_leading_zeros,0.0000000000
280305248,1762223146948,btc_qm_engine,btc_sha256_elapsed_ns,1186.0000000000
280305249,1762223147164,btc_qm_engine,btc_lebesgue_scan_nonce,21.0000000000
280305250,1762223148496,btc_qm_engine,btc_sha256_nonce,4278118218.0000000000
280305251,1762223148588,btc_qm_engine,btc_leading_zeros,0.0000000000
280305252,1762223148676,btc_qm_engine,btc_sha256_elapsed_ns,1184.0000000000
280305253,1762223150139,btc_qm_engine,btc_sha256_nonce,247741414.0000000000
280305254,1762223150243,btc_qm_engine,btc_leading_zeros,4.0000000000
280305255,1762223150336,btc_qm_engine,btc_sha256_elapsed_ns,1182.0000000000
280305256,1762223150541,btc_qm_engine,btc_orbital_scan_nonce,4278165004.0000000000
280305257,1762223151869,btc_qm_engine,btc_sha256_nonce,4278165004.0000000000
280305258,1762223151962,btc_qm_engine,btc_leading_zeros,1.0000000000
280305259,1762223152056,btc_qm_engine,btc_sha256_elapsed_ns,1184.0000000000
280305260,1762223153501,btc_qm_engine,btc_sha256_nonce,246834136.0000000000
280305261,1762223153604,btc_qm_engine,btc_leading_zeros,0.0000000000
280305262,1762223153693,btc_qm_engine,btc_sha256_elapsed_ns,1182.0000000000
280305263,1762223153908,btc_qm_engine,btc_lebesgue_scan_nonce,23.0000000000
280305264,1762223155245,btc_qm_engine,btc_sha256_nonce,4278192963.0000000000
280305265,1762223155341,btc_qm_engine,btc_leading_zeros,1.0000000000
280305266,1762223155431,btc_qm_engine,btc_sha256_elapsed_ns,1191.0000000000
280305267,1762223156881,btc_qm_engine,btc_sha256_nonce,244071184.0000000000
280305268,1762223156976,btc_qm_engine,btc_leading_zeros,1.0000000000
280305269,1762223157068,btc_qm_engine,btc_sha256_elapsed_ns,1184.0000000000
280305270,1762223158515,btc_qm_engine,btc_sha256_nonce,246253706.0000000000
280305271,1762223158615,btc_qm_engine,btc_leading_zeros,1.0000000000
280305272,1762223158726,btc_qm_engine,btc_sha256_elapsed_ns,1186.0000000000
280305273,1762223160177,btc_qm_engine,btc_sha256_nonce,246681980.0000000000
280305274,1762223160291,btc_qm_engine,btc_leading_zeros,0.0000000000
280305275,1762223160381,btc_qm_engine,btc_sha256_elapsed_ns,1187.0000000000
280305276,1762223161856,btc_qm_engine,btc_sha256_nonce,245657178.0000000000
280305277,1762223161960,btc_qm_engine,btc_leading_zeros,4.0000000000
280305278,1762223162051,btc_qm_engine,btc_sha256_elapsed_ns,1188.0000000000
280305279,1762223162257,btc_qm_engine,btc_orbital_scan_nonce,4278208380.0000000000
280305280,1762223163585,btc_qm_engine,btc_sha256_nonce,4278208380.0000000000
280305281,1762223163678,btc_qm_engine,btc_leading_zeros,1.0000000000
280305282,1762223163770,btc_qm_engine,btc_sha256_elapsed_ns,1185.0000000000
280305283,1762223163974,btc_qm_engine,btc_orbital_scan_nonce,4278185441.0000000000
280305284,1762223165303,btc_qm_engine,btc_sha256_nonce,4278185441.0000000000
280305285,1762223165398,btc_qm_engine,btc_leading_zeros,0.0000000000
280305286,1762223165487,btc_qm_engine,btc_sha256_elapsed_ns,1193.0000000000
280305287,1762223165689,btc_qm_engine,btc_orbital_scan_nonce,4278149871.0000000000
280305288,1762223167014,btc_qm_engine,btc_sha256_nonce,4278149871.0000000000
280305289,1762223167124,btc_qm_engine,btc_leading_zeros,0.0000000000
280305290,1762223167220,btc_qm_engine,btc_sha256_elapsed_ns,1187.0000000000
280305291,1762223168670,btc_qm_engine,btc_sha256_nonce,246188401.0000000000
280305292,1762223168768,btc_qm_engine,btc_leading_zeros,0.0000000000
280305293,1762223168858,btc_qm_engine,btc_sha256_elapsed_ns,1190.0000000000
280305294,1762223169057,btc_qm_engine,btc_orbital_scan_nonce,4278184393.0000000000
280305295,1762223170390,btc_qm_engine,btc_sha256_nonce,4278184393.0000000000
280305296,1762223170480,btc_qm_engine,btc_leading_zeros,1.0000000000
280305297,1762223170570,btc_qm_engine,btc_sha256_elapsed_ns,1182.0000000000
280305298,1762223172010,btc_qm_engine,btc_sha256_nonce,1039263845.0000000000
280305299,1762223172112,btc_qm_engine,btc_leading_zeros,0.0000000000
280305300,1762223172201,btc_qm_engine,btc_sha256_elapsed_ns,1180.0000000000
280305301,1762223173641,btc_qm_engine,btc_sha256_nonce,247580025.0000000000
280305302,1762223173739,btc_qm_engine,btc_leading_zeros,0.0000000000
280305303,1762223173835,btc_qm_engine,btc_sha256_elapsed_ns,1181.0000000000
280305304,1762223175304,btc_qm_engine,btc_sha256_nonce,244341589.0000000000
280305305,1762223175413,btc_qm_engine,btc_leading_zeros,2.0000000000
280305306,1762223175505,btc_qm_engine,btc_sha256_elapsed_ns,1178.0000000000
280305307,1762223176953,btc_qm_engine,btc_sha256_nonce,244463725.0000000000
280305308,1762223177049,btc_qm_engine,btc_leading_zeros,0.0000000000
280305309,1762223177139,btc_qm_engine,btc_sha256_elapsed_ns,1176.0000000000
280305310,1762223178584,btc_qm_engine,btc_sha256_nonce,250551897.0000000000
280305311,1762223178683,btc_qm_engine,btc_leading_zeros,1.0000000000
280305312,1762223178780,btc_qm_engine,btc_sha256_elapsed_ns,1186.0000000000
280305313,1762223180246,btc_qm_engine,btc_sha256_nonce,249104282.0000000000
280305314,1762223180343,btc_qm_engine,btc_leading_zeros,2.0000000000
280305315,1762223180442,btc_qm_engine,btc_sha256_elapsed_ns,1185.0000000000
280305316,1762223180663,btc_qm_engine,btc_lebesgue_scan_nonce,36.0000000000
280305317,1762223182004,btc_qm_engine,btc_sha256_nonce,4278244337.0000000000
280305318,1762223182103,btc_qm_engine,btc_leading_zeros,1.0000000000
280305319,1762223182199,btc_qm_engine,btc_sha256_elapsed_ns,1186.0000000000
280305320,1762223182399,btc_qm_engine,btc_orbital_scan_nonce,4278163036.0000000000
280305321,1762223183723,btc_qm_engine,btc_sha256_nonce,4278163036.0000000000
280305322,1762223183816,btc_qm_engine,btc_leading_zeros,1.0000000000
280305323,1762223183920,btc_qm_engine,btc_sha256_elapsed_ns,1178.0000000000
280305324,1762223184123,btc_qm_engine,btc_orbital_scan_nonce,4278207178.0000000000
280305325,1762223185454,btc_qm_engine,btc_sha256_nonce,4278207178.0000000000
280305326,1762223185545,btc_qm_engine,btc_leading_zeros,1.0000000000
280305327,1762223185634,btc_qm_engine,btc_sha256_elapsed_ns,1178.0000000000
280305328,1762223187080,btc_qm_engine,btc_sha256_nonce,247352769.0000000000
280305329,1762223187188,btc_qm_engine,btc_leading_zeros,0.0000000000
280305330,1762223187279,btc_qm_engine,btc_sha256_elapsed_ns,1184.0000000000
280305331,1762223188750,btc_qm_engine,btc_sha256_nonce,248669435.0000000000
280305332,1762223188845,btc_qm_engine,btc_leading_zeros,3.0000000000
280305333,1762223188936,btc_qm_engine,btc_sha256_elapsed_ns,1186.0000000000
280305334,1762223190388,btc_qm_engine,btc_sha256_nonce,247989015.0000000000
280305335,1762223190487,btc_qm_engine,btc_leading_zeros,0.0000000000
280305336,1762223190580,btc_qm_engine,btc_sha256_elapsed_ns,1190.0000000000
280305337,1762223192033,btc_qm_engine,btc_sha256_nonce,244895894.0000000000
280305338,1762223192132,btc_qm_engine,btc_leading_zeros,0.0000000000
280305339,1762223192233,btc_qm_engine,btc_sha256_elapsed_ns,1190.0000000000
280305340,1762223192460,btc_qm_engine,btc_lebesgue_scan_nonce,27.0000000000
280305341,1762223193796,btc_qm_engine,btc_sha256_nonce,4278233416.0000000000
280305342,1762223193895,btc_qm_engine,btc_leading_zeros,0.0000000000
280305343,1762223193989,btc_qm_engine,btc_sha256_elapsed_ns,1194.0000000000
280305344,1762223194208,btc_qm_engine,btc_lebesgue_scan_nonce,26.0000000000
280305345,1762223195559,btc_qm_engine,btc_sha256_nonce,4278244860.0000000000
280305346,1762223195650,btc_qm_engine,btc_leading_zeros,3.0000000000
280305347,1762223195741,btc_qm_engine,btc_sha256_elapsed_ns,1182.0000000000
280305348,1762223195942,btc_qm_engine,btc_orbital_scan_nonce,4278189529.0000000000
280305349,1762223197264,btc_qm_engine,btc_sha256_nonce,4278189529.0000000000
280305350,1762223197358,btc_qm_engine,btc_leading_zeros,0.0000000000
280305351,1762223197451,btc_qm_engine,btc_sha256_elapsed_ns,1186.0000000000
280305352,1762223197678,btc_qm_engine,btc_lebesgue_scan_nonce,36.0000000000
280305353,1762223199006,btc_qm_engine,btc_sha256_nonce,4278146958.0000000000
280305354,1762223199098,btc_qm_engine,btc_leading_zeros,0.0000000000
280305355,1762223199192,btc_qm_engine,btc_sha256_elapsed_ns,1188.0000000000
280305356,1762223200649,btc_qm_engine,btc_sha256_nonce,250090981.0000000000
280305357,1762223200753,btc_qm_engine,btc_leading_zeros,4.0000000000
280305358,1762223200846,btc_qm_engine,btc_sha256_elapsed_ns,1183.0000000000
280305359,1762223201050,btc_qm_engine,btc_orbital_scan_nonce,4278227157.0000000000
280305360,1762223202376,btc_qm_engine,btc_sha256_nonce,4278227157.0000000000
280305361,1762223202474,btc_qm_engine,btc_leading_zeros,1.0000000000
280305362,1762223202566,btc_qm_engine,btc_sha256_elapsed_ns,1185.0000000000
280305363,1762223202782,btc_qm_engine,btc_lebesgue_scan_nonce,4.0000000000
280305364,1762223204098,btc_qm_engine,btc_sha256_nonce,4278410375.0000000000
280305365,1762223204190,btc_qm_engine,btc_leading_zeros,0.0000000000
280305366,1762223204279,btc_qm_engine,btc_sha256_elapsed_ns,1176.0000000000
280305367,1762223204480,btc_qm_engine,btc_lebesgue_scan_nonce,28.0000000000
280305368,1762223205806,btc_qm_engine,btc_sha256_nonce,4278216339.0000000000
280305369,1762223205899,btc_qm_engine,btc_leading_zeros,0.0000000000
280305370,1762223205987,btc_qm_engine,btc_sha256_elapsed_ns,1192.0000000000
280305371,1762223206197,btc_qm_engine,btc_orbital_scan_nonce,4278175682.0000000000
280305372,1762223207541,btc_qm_engine,btc_sha256_nonce,4278175682.0000000000
280305373,1762223207637,btc_qm_engine,btc_leading_zeros,2.0000000000
280305374,1762223207729,btc_qm_engine,btc_sha256_elapsed_ns,1185.0000000000
280305375,1762223207929,btc_qm_engine,btc_orbital_scan_nonce,4278187579.0000000000
280305376,1762223209247,btc_qm_engine,btc_sha256_nonce,4278187579.0000000000
280305377,1762223209345,btc_qm_engine,btc_leading_zeros,1.0000000000
280305378,1762223209433,btc_qm_engine,btc_sha256_elapsed_ns,1182.0000000000
280305379,1762223210879,btc_qm_engine,btc_sha256_nonce,246593028.0000000000
280305380,1762223210976,btc_qm_engine,btc_leading_zeros,0.0000000000
280305381,1762223211070,btc_qm_engine,btc_sha256_elapsed_ns,1181.0000000000
280305382,1762223211271,btc_qm_engine,btc_orbital_scan_nonce,4278220053.0000000000
280305383,1762223212610,btc_qm_engine,btc_sha256_nonce,4278220053.0000000000
280305384,1762223212701,btc_qm_engine,btc_leading_zeros,1.0000000000
280305385,1762223212795,btc_qm_engine,btc_sha256_elapsed_ns,1188.0000000000
280305386,1762223214254,btc_qm_engine,btc_sha256_nonce,2842268544.0000000000
280305387,1762223214353,btc_qm_engine,btc_leading_zeros,1.0000000000
280305388,1762223214443,btc_qm_engine,btc_sha256_elapsed_ns,1191.0000000000
280305389,1762223215905,btc_qm_engine,btc_sha256_nonce,249321180.0000000000
280305390,1762223216004,btc_qm_engine,btc_leading_zeros,4.0000000000
280305391,1762223216132,btc_qm_engine,btc_sha256_elapsed_ns,1183.0000000000
280305392,1762223216347,btc_qm_engine,btc_lebesgue_scan_nonce,29.0000000000
280305393,1762223217696,btc_qm_engine,btc_sha256_nonce,4278185979.0000000000
280305394,1762223217794,btc_qm_engine,btc_leading_zeros,1.0000000000
280305395,1762223217890,btc_qm_engine,btc_sha256_elapsed_ns,1189.0000000000
280305396,1762223219363,btc_qm_engine,btc_sha256_nonce,246849269.0000000000
280305397,1762223219465,btc_qm_engine,btc_leading_zeros,4.0000000000
280305398,1762223219556,btc_qm_engine,btc_sha256_elapsed_ns,1188.0000000000
280305399,1762223221030,btc_qm_engine,btc_sha256_nonce,251459661.0000000000
280305400,1762223221126,btc_qm_engine,btc_leading_zeros,4.0000000000
280305401,1762223221217,btc_qm_engine,btc_sha256_elapsed_ns,1195.0000000000
280305402,1762223221420,btc_qm_engine,btc_orbital_scan_nonce,4278174925.0000000000
280305403,1762223222750,btc_qm_engine,btc_sha256_nonce,4278174925.0000000000
280305404,1762223222846,btc_qm_engine,btc_leading_zeros,0.0000000000
280305405,1762223222936,btc_qm_engine,btc_sha256_elapsed_ns,1184.0000000000
280305406,1762223223154,btc_qm_engine,btc_lebesgue_scan_nonce,14.0000000000
280305407,1762223224552,btc_qm_engine,btc_sha256_nonce,4278150803.0000000000
280305408,1762223224646,btc_qm_engine,btc_leading_zeros,8.0000000000
280305409,1762223224737,btc_qm_engine,btc_sha256_elapsed_ns,1183.0000000000
280305410,1762223226204,btc_qm_engine,btc_sha256_nonce,247419264.0000000000
280305411,1762223226305,btc_qm_engine,btc_leading_zeros,0.0000000000
280305412,1762223226392,btc_qm_engine,btc_sha256_elapsed_ns,1186.0000000000
280305413,1762223227854,btc_qm_engine,btc_sha256_nonce,251176071.0000000000
280305414,1762223227951,btc_qm_engine,btc_leading_zeros,2.0000000000
280305415,1762223228042,btc_qm_engine,btc_sha256_elapsed_ns,1184.0000000000
280305416,1762223229500,btc_qm_engine,btc_sha256_nonce,249511150.0000000000
280305417,1762223229601,btc_qm_engine,btc_leading_zeros,0.0000000000
280305418,1762223229691,btc_qm_engine,btc_sha256_elapsed_ns,1187.0000000000
280305419,1762223231141,btc_qm_engine,btc_sha256_nonce,250065417.0000000000
280305420,1762223231237,btc_qm_engine,btc_leading_zeros,0.0000000000
280305421,1762223231335,btc_qm_engine,btc_sha256_elapsed_ns,1188.0000000000
280305422,1762223231536,btc_qm_engine,btc_orbital_scan_nonce,4278229592.0000000000
280305423,1762223232870,btc_qm_engine,btc_sha256_nonce,4278229592.0000000000
280305424,1762223232964,btc_qm_engine,btc_leading_zeros,0.0000000000
280305425,1762223233065,btc_qm_engine,btc_sha256_elapsed_ns,1185.0000000000
280305426,1762223234516,btc_qm_engine,btc_sha256_nonce,243593252.0000000000
280305427,1762223234615,btc_qm_engine,btc_leading_zeros,0.0000000000
280305428,1762223234722,btc_qm_engine,btc_sha256_elapsed_ns,1193.0000000000
280305429,1762223236170,btc_qm_engine,btc_sha256_nonce,250519262.0000000000
280305430,1762223236267,btc_qm_engine,btc_leading_zeros,1.0000000000
280305431,1762223236370,btc_qm_engine,btc_sha256_elapsed_ns,1186.0000000000
280305432,1762223237839,btc_qm_engine,btc_sha256_nonce,250174482.0000000000
280305433,1762223237943,btc_qm_engine,btc_leading_zeros,2.0000000000
280305434,1762223238040,btc_qm_engine,btc_sha256_elapsed_ns,1190.0000000000
280305435,1762223239486,btc_qm_engine,btc_sha256_nonce,250631544.0000000000
280305436,1762223239582,btc_qm_engine,btc_leading_zeros,1.0000000000
280305437,1762223239680,btc_qm_engine,btc_sha256_elapsed_ns,1182.0000000000
280305438,1762223239894,btc_qm_engine,btc_lebesgue_scan_nonce,34.0000000000
280305439,1762223241254,btc_qm_engine,btc_sha256_nonce,4278175962.0000000000
280305440,1762223241347,btc_qm_engine,btc_leading_zeros,2.0000000000
280305441,1762223241440,btc_qm_engine,btc_sha256_elapsed_ns,1177.0000000000
280305442,1762223241668,btc_qm_engine,btc_orbital_scan_nonce,4278155445.0000000000
280305443,1762223242988,btc_qm_engine,btc_sha256_nonce,4278155445.0000000000
280305444,1762223243084,btc_qm_engine,btc_leading_zeros,0.0000000000
280305445,1762223243175,btc_qm_engine,btc_sha256_elapsed_ns,1177.0000000000
280305446,1762223243390,btc_qm_engine,btc_lebesgue_scan_nonce,20.0000000000
280305447,1762223244726,btc_qm_engine,btc_sha256_nonce,4278300723.0000000000
280305448,1762223244822,btc_qm_engine,btc_leading_zeros,0.0000000000
280305449,1762223244914,btc_qm_engine,btc_sha256_elapsed_ns,1188.0000000000
280305450,1762223245134,btc_qm_engine,btc_lebesgue_scan_nonce,18.0000000000
280305451,1762223246491,btc_qm_engine,btc_sha256_nonce,4278229415.0000000000
280305452,1762223246584,btc_qm_engine,btc_leading_zeros,2.0000000000
280305453,1762223246675,btc_qm_engine,btc_sha256_elapsed_ns,1186.0000000000
280305454,1762223248122,btc_qm_engine,btc_sha256_nonce,245981993.0000000000
280305455,1762223248220,btc_qm_engine,btc_leading_zeros,0.0000000000
280305456,1762223248308,btc_qm_engine,btc_sha256_elapsed_ns,1184.0000000000
280305457,1762223249762,btc_qm_engine,btc_sha256_nonce,248712767.0000000000
280305458,1762223249860,btc_qm_engine,btc_leading_zeros,0.0000000000
280305459,1762223249956,btc_qm_engine,btc_sha256_elapsed_ns,1190.0000000000
280305460,1762223250161,btc_qm_engine,btc_orbital_scan_nonce,4278190476.0000000000
280305461,1762223251500,btc_qm_engine,btc_sha256_nonce,4278190476.0000000000
280305462,1762223251596,btc_qm_engine,btc_leading_zeros,1.0000000000
280305463,1762223251686,btc_qm_engine,btc_sha256_elapsed_ns,1193.0000000000
280305464,1762223253164,btc_qm_engine,btc_sha256_nonce,248457721.0000000000
280305465,1762223253265,btc_qm_engine,btc_leading_zeros,2.0000000000
280305466,1762223253353,btc_qm_engine,btc_sha256_elapsed_ns,1192.0000000000
280305467,1762223253558,btc_qm_engine,btc_orbital_scan_nonce,4278240080.0000000000
280305468,1762223254898,btc_qm_engine,btc_sha256_nonce,4278240080.0000000000
280305469,1762223254992,btc_qm_engine,btc_leading_zeros,0.0000000000
280305470,1762223255085,btc_qm_engine,btc_sha256_elapsed_ns,1195.0000000000
280305471,1762223256539,btc_qm_engine,btc_sha256_nonce,246533538.0000000000
280305472,1762223256634,btc_qm_engine,btc_leading_zeros,1.0000000000
280305473,1762223256726,btc_qm_engine,btc_sha256_elapsed_ns,1185.0000000000
280305474,1762223258181,btc_qm_engine,btc_sha256_nonce,250855473.0000000000
280305475,1762223258281,btc_qm_engine,btc_leading_zeros,1.0000000000
280305476,1762223258371,btc_qm_engine,btc_sha256_elapsed_ns,1189.0000000000
280305477,1762223259853,btc_qm_engine,btc_sha256_nonce,248941362.0000000000
280305478,1762223259951,btc_qm_engine,btc_leading_zeros,0.0000000000
280305479,1762223260056,btc_qm_engine,btc_sha256_elapsed_ns,1187.0000000000
280305480,1762223261510,btc_qm_engine,btc_sha256_nonce,246823574.0000000000
280305481,1762223261613,btc_qm_engine,btc_leading_zeros,1.0000000000
280305482,1762223261713,btc_qm_engine,btc_sha256_elapsed_ns,1191.0000000000
280305483,1762223263166,btc_qm_engine,btc_sha256_nonce,244114315.0000000000
280305484,1762223263264,btc_qm_engine,btc_leading_zeros,0.0000000000
280305485,1762223263363,btc_qm_engine,btc_sha256_elapsed_ns,1188.0000000000
280305486,1762223264816,btc_qm_engine,btc_sha256_nonce,246468809.0000000000
280305487,1762223264917,btc_qm_engine,btc_leading_zeros,0.0000000000
280305488,1762223265012,btc_qm_engine,btc_sha256_elapsed_ns,1188.0000000000
280305489,1762223266462,btc_qm_engine,btc_sha256_nonce,248455802.0000000000
280305490,1762223266558,btc_qm_engine,btc_leading_zeros,0.0000000000
280305491,1762223266658,btc_qm_engine,btc_sha256_elapsed_ns,1183.0000000000
280305492,1762223266862,btc_qm_engine,btc_orbital_scan_nonce,4278141794.0000000000
280305493,1762223268256,btc_qm_engine,btc_sha256_nonce,4278141794.0000000000
280305494,1762223268358,btc_qm_engine,btc_leading_zeros,2.0000000000
280305495,1762223268456,btc_qm_engine,btc_sha256_elapsed_ns,1181.0000000000
280305496,1762223268661,btc_qm_engine,btc_orbital_scan_nonce,4278206954.0000000000
280305497,1762223269998,btc_qm_engine,btc_sha256_nonce,4278206954.0000000000
280305498,1762223270089,btc_qm_engine,btc_leading_zeros,0.0000000000
280305499,1762223270183,btc_qm_engine,btc_sha256_elapsed_ns,1187.0000000000
280305500,1762223270400,btc_qm_engine,btc_lebesgue_scan_nonce,18.0000000000
280305501,1762223271753,btc_qm_engine,btc_sha256_nonce,4278072035.0000000000
280305502,1762223271847,btc_qm_engine,btc_leading_zeros,4.0000000000
280305503,1762223271942,btc_qm_engine,btc_sha256_elapsed_ns,1180.0000000000
280305504,1762223272158,btc_qm_engine,btc_lebesgue_scan_nonce,11.0000000000
280305505,1762223273493,btc_qm_engine,btc_sha256_nonce,4278061320.0000000000
280305506,1762223273587,btc_qm_engine,btc_leading_zeros,2.0000000000
280305507,1762223273676,btc_qm_engine,btc_sha256_elapsed_ns,1178.0000000000
280305508,1762223275124,btc_qm_engine,btc_sha256_nonce,246456683.0000000000
280305509,1762223275228,btc_qm_engine,btc_leading_zeros,1.0000000000
280305510,1762223275330,btc_qm_engine,btc_sha256_elapsed_ns,1186.0000000000
280305511,1762223276792,btc_qm_engine,btc_sha256_nonce,250095552.0000000000
280305512,1762223276890,btc_qm_engine,btc_leading_zeros,2.0000000000
280305513,1762223276979,btc_qm_engine,btc_sha256_elapsed_ns,1183.0000000000
280305514,1762223277182,btc_qm_engine,btc_orbital_scan_nonce,4278200779.0000000000
280305515,1762223278523,btc_qm_engine,btc_sha256_nonce,4278200779.0000000000
280305516,1762223278617,btc_qm_engine,btc_leading_zeros,0.0000000000
280305517,1762223278708,btc_qm_engine,btc_sha256_elapsed_ns,1186.0000000000
280305518,1762223278931,btc_qm_engine,btc_lebesgue_scan_nonce,28.0000000000
280305519,1762223280265,btc_qm_engine,btc_sha256_nonce,4278141448.0000000000
280305520,1762223280361,btc_qm_engine,btc_leading_zeros,0.0000000000
280305521,1762223280454,btc_qm_engine,btc_sha256_elapsed_ns,1188.0000000000
280305522,1762223280655,btc_qm_engine,btc_orbital_scan_nonce,4278149783.0000000000
280305523,1762223282014,btc_qm_engine,btc_sha256_nonce,4278149783.0000000000
280305524,1762223282112,btc_qm_engine,btc_leading_zeros,2.0000000000
280305525,1762223282204,btc_qm_engine,btc_sha256_elapsed_ns,1192.0000000000
280305526,1762223283670,btc_qm_engine,btc_sha256_nonce,246628938.0000000000
280305527,1762223283766,btc_qm_engine,btc_leading_zeros,3.0000000000
280305528,1762223283873,btc_qm_engine,btc_sha256_elapsed_ns,1187.0000000000
280305529,1762223285338,btc_qm_engine,btc_sha256_nonce,247861006.0000000000
280305530,1762223285448,btc_qm_engine,btc_leading_zeros,0.0000000000
280305531,1762223285547,btc_qm_engine,btc_sha256_elapsed_ns,1185.0000000000
280305532,1762223285766,btc_qm_engine,btc_lebesgue_scan_nonce,30.0000000000
280305533,1762223287105,btc_qm_engine,btc_sha256_nonce,4278239443.0000000000
280305534,1762223287203,btc_qm_engine,btc_leading_zeros,0.0000000000
280305535,1762223287297,btc_qm_engine,btc_sha256_elapsed_ns,1193.0000000000
280305536,1762223288765,btc_qm_engine,btc_sha256_nonce,251395209.0000000000
280305537,1762223288870,btc_qm_engine,btc_leading_zeros,2.0000000000
280305538,1762223288956,btc_qm_engine,btc_sha256_elapsed_ns,1188.0000000000
280305539,1762223290412,btc_qm_engine,btc_sha256_nonce,250087356.0000000000
280305540,1762223290511,btc_qm_engine,btc_leading_zeros,1.0000000000
280305541,1762223290600,btc_qm_engine,btc_sha256_elapsed_ns,1190.0000000000
280305542,1762223290816,btc_qm_engine,btc_lebesgue_scan_nonce,0.0000000000
280305543,1762223292170,btc_qm_engine,btc_sha256_nonce,4278272923.0000000000
280305544,1762223292264,btc_qm_engine,btc_leading_zeros,4.0000000000
280305545,1762223292372,btc_qm_engine,btc_sha256_elapsed_ns,1185.0000000000
280305546,1762223293823,btc_qm_engine,btc_sha256_nonce,249724397.0000000000
280305547,1762223293926,btc_qm_engine,btc_leading_zeros,0.0000000000
280305548,1762223294021,btc_qm_engine,btc_sha256_elapsed_ns,1181.0000000000
280305549,1762223294239,btc_qm_engine,btc_lebesgue_scan_nonce,35.0000000000
280305550,1762223295575,btc_qm_engine,btc_sha256_nonce,4278230484.0000000000
280305551,1762223295673,btc_qm_engine,btc_leading_zeros,0.0000000000
280305552,1762223295764,btc_qm_engine,btc_sha256_elapsed_ns,1192.0000000000
280305553,1762223297211,btc_qm_engine,btc_sha256_nonce,248302415.0000000000
280305554,1762223297309,btc_qm_engine,btc_leading_zeros,0.0000000000
280305555,1762223297408,btc_qm_engine,btc_sha256_elapsed_ns,1185.0000000000
280305556,1762223298867,btc_qm_engine,btc_sha256_nonce,248334036.0000000000
280305557,1762223298972,btc_qm_engine,btc_leading_zeros,2.0000000000
280305558,1762223299068,btc_qm_engine,btc_sha256_elapsed_ns,1177.0000000000
280305559,1762223300509,btc_qm_engine,btc_sha256_nonce,247301506.0000000000
280305560,1762223300604,btc_qm_engine,btc_leading_zeros,0.0000000000
280305561,1762223300715,btc_qm_engine,btc_sha256_elapsed_ns,1176.0000000000
280305562,1762223302160,btc_qm_engine,btc_sha256_nonce,248937726.0000000000
280305563,1762223302259,btc_qm_engine,btc_leading_zeros,1.0000000000
280305564,1762223302357,btc_qm_engine,btc_sha256_elapsed_ns,1185.0000000000
280305565,1762223303796,btc_qm_engine,btc_sha256_nonce,3420559479.0000000000
280305566,1762223303895,btc_qm_engine,btc_leading_zeros,1.0000000000
280305567,1762223303995,btc_qm_engine,btc_sha256_elapsed_ns,1176.0000000000
280305568,1762223305434,btc_qm_engine,btc_sha256_nonce,250477849.0000000000
280305569,1762223305535,btc_qm_engine,btc_leading_zeros,1.0000000000
280305570,1762223305630,btc_qm_engine,btc_sha256_elapsed_ns,1180.0000000000
280305571,1762223305837,btc_qm_engine,btc_orbital_scan_nonce,4278203388.0000000000
280305572,1762223307180,btc_qm_engine,btc_sha256_nonce,4278203388.0000000000
280305573,1762223307281,btc_qm_engine,btc_leading_zeros,4.0000000000
280305574,1762223307371,btc_qm_engine,btc_sha256_elapsed_ns,1180.0000000000
280305575,1762223307587,btc_qm_engine,btc_lebesgue_scan_nonce,5.0000000000
280305576,1762223308945,btc_qm_engine,btc_sha256_nonce,4278356759.0000000000
280305577,1762223309040,btc_qm_engine,btc_leading_zeros,2.0000000000
280305578,1762223309131,btc_qm_engine,btc_sha256_elapsed_ns,1184.0000000000
280305579,1762223309332,btc_qm_engine,btc_orbital_scan_nonce,4278155516.0000000000
280305580,1762223310651,btc_qm_engine,btc_sha256_nonce,4278155516.0000000000
280305581,1762223310756,btc_qm_engine,btc_leading_zeros,0.0000000000
280305582,1762223310847,btc_qm_engine,btc_sha256_elapsed_ns,1182.0000000000
280305583,1762223311063,btc_qm_engine,btc_lebesgue_scan_nonce,25.0000000000
280305584,1762223312387,btc_qm_engine,btc_sha256_nonce,4278221878.0000000000
280305585,1762223312481,btc_qm_engine,btc_leading_zeros,0.0000000000
280305586,1762223312570,btc_qm_engine,btc_sha256_elapsed_ns,1187.0000000000
280305587,1762223312787,btc_qm_engine,btc_lebesgue_scan_nonce,16.0000000000
280305588,1762223314108,btc_qm_engine,btc_sha256_nonce,4278196348.0000000000
280305589,1762223314204,btc_qm_engine,btc_leading_zeros,0.0000000000
280305590,1762223314295,btc_qm_engine,btc_sha256_elapsed_ns,1181.0000000000
280305591,1762223314496,btc_qm_engine,btc_orbital_scan_nonce,4278179876.0000000000
280305592,1762223315820,btc_qm_engine,btc_sha256_nonce,4278179876.0000000000
280305593,1762223315912,btc_qm_engine,btc_leading_zeros,1.0000000000
280305594,1762223316003,btc_qm_engine,btc_sha256_elapsed_ns,1184.0000000000
280305595,1762223317446,btc_qm_engine,btc_sha256_nonce,245142110.0000000000
280305596,1762223317573,btc_qm_engine,btc_leading_zeros,1.0000000000
280305597,1762223317672,btc_qm_engine,btc_sha256_elapsed_ns,1184.0000000000
280305598,1762223317876,btc_qm_engine,btc_orbital_scan_nonce,4278190191.0000000000
280305599,1762223319212,btc_qm_engine,btc_sha256_nonce,4278190191.0000000000
280305600,1762223319306,btc_qm_engine,btc_leading_zeros,1.0000000000
280305601,1762223319394,btc_qm_engine,btc_sha256_elapsed_ns,1191.0000000000
280305602,1762223319597,btc_qm_engine,btc_orbital_scan_nonce,4278175329.0000000000
280305603,1762223320936,btc_qm_engine,btc_sha256_nonce,4278175329.0000000000
280305604,1762223321033,btc_qm_engine,btc_leading_zeros,0.0000000000
280305605,1762223321122,btc_qm_engine,btc_sha256_elapsed_ns,1192.0000000000
280305606,1762223322588,btc_qm_engine,btc_sha256_nonce,248026066.0000000000
280305607,1762223322689,btc_qm_engine,btc_leading_zeros,2.0000000000
280305608,1762223322784,btc_qm_engine,btc_sha256_elapsed_ns,1183.0000000000
280305609,1762223322991,btc_qm_engine,btc_orbital_scan_nonce,4278200600.0000000000
280305610,1762223324314,btc_qm_engine,btc_sha256_nonce,4278200600.0000000000
280305611,1762223324414,btc_qm_engine,btc_leading_zeros,0.0000000000
280305612,1762223324503,btc_qm_engine,btc_sha256_elapsed_ns,1179.0000000000
280305613,1762223324701,btc_qm_engine,btc_orbital_scan_nonce,4278218501.0000000000
280305614,1762223326032,btc_qm_engine,btc_sha256_nonce,4278218501.0000000000
280305615,1762223326126,btc_qm_engine,btc_leading_zeros,0.0000000000
280305616,1762223326214,btc_qm_engine,btc_sha256_elapsed_ns,1185.0000000000
280305617,1762223326434,btc_qm_engine,btc_lebesgue_scan_nonce,23.0000000000
280305618,1762223327773,btc_qm_engine,btc_sha256_nonce,4278076630.0000000000
280305619,1762223327864,btc_qm_engine,btc_leading_zeros,0.0000000000
280305620,1762223327951,btc_qm_engine,btc_sha256_elapsed_ns,1178.0000000000
280305621,1762223329400,btc_qm_engine,btc_sha256_nonce,249204985.0000000000
280305622,1762223329498,btc_qm_engine,btc_leading_zeros,1.0000000000
280305623,1762223329590,btc_qm_engine,btc_sha256_elapsed_ns,1186.0000000000
280305624,1762223329794,btc_qm_engine,btc_orbital_scan_nonce,4278175223.0000000000
280305625,1762223331139,btc_qm_engine,btc_sha256_nonce,4278175223.0000000000
280305626,1762223331228,btc_qm_engine,btc_leading_zeros,4.0000000000
280305627,1762223331320,btc_qm_engine,btc_sha256_elapsed_ns,1183.0000000000
280305628,1762223331524,btc_qm_engine,btc_orbital_scan_nonce,4278194681.0000000000
280305629,1762223332847,btc_qm_engine,btc_sha256_nonce,4278194681.0000000000
280305630,1762223332941,btc_qm_engine,btc_leading_zeros,0.0000000000
280305631,1762223333034,btc_qm_engine,btc_sha256_elapsed_ns,1183.0000000000
280305632,1762223333221,btc_qm_engine,btc_orbital_scan_nonce,4278226297.0000000000
280305633,1762223334568,btc_qm_engine,btc_sha256_nonce,4278226297.0000000000
280305634,1762223334658,btc_qm_engine,btc_leading_zeros,3.0000000000
280305635,1762223334750,btc_qm_engine,btc_sha256_elapsed_ns,1177.0000000000
280305636,1762223334934,btc_qm_engine,btc_orbital_scan_nonce,4278220731.0000000000
280305637,1762223336261,btc_qm_engine,btc_sha256_nonce,4278220731.0000000000
280305638,1762223336351,btc_qm_engine,btc_leading_zeros,0.0000000000
280305639,1762223336443,btc_qm_engine,btc_sha256_elapsed_ns,1189.0000000000
280305640,1762223337921,btc_qm_engine,btc_sha256_nonce,247082827.0000000000
280305641,1762223338024,btc_qm_engine,btc_leading_zeros,3.0000000000
280305642,1762223338112,btc_qm_engine,btc_sha256_elapsed_ns,1191.0000000000
280305643,1762223339568,btc_qm_engine,btc_sha256_nonce,246812585.0000000000
280305644,1762223339664,btc_qm_engine,btc_leading_zeros,1.0000000000
280305645,1762223339757,btc_qm_engine,btc_sha256_elapsed_ns,1193.0000000000
280305646,1762223341218,btc_qm_engine,btc_sha256_nonce,245194407.0000000000
280305647,1762223341363,btc_qm_engine,btc_leading_zeros,3.0000000000
280305648,1762223341462,btc_qm_engine,btc_sha256_elapsed_ns,1183.0000000000
280305649,1762223342912,btc_qm_engine,btc_sha256_nonce,244155758.0000000000
280305650,1762223343008,btc_qm_engine,btc_leading_zeros,0.0000000000
280305651,1762223343108,btc_qm_engine,btc_sha256_elapsed_ns,1191.0000000000
280305652,1762223344557,btc_qm_engine,btc_sha256_nonce,246390193.0000000000
280305653,1762223344666,btc_qm_engine,btc_leading_zeros,1.0000000000
280305654,1762223344764,btc_qm_engine,btc_sha256_elapsed_ns,1190.0000000000
280305655,1762223344982,btc_qm_engine,btc_lebesgue_scan_nonce,5.0000000000
280305656,1762223346329,btc_qm_engine,btc_sha256_nonce,4278292143.0000000000
280305657,1762223346433,btc_qm_engine,btc_leading_zeros,1.0000000000
280305658,1762223346522,btc_qm_engine,btc_sha256_elapsed_ns,1188.0000000000
280305659,1762223347973,btc_qm_engine,btc_sha256_nonce,245722060.0000000000
280305660,1762223348069,btc_qm_engine,btc_leading_zeros,0.0000000000
280305661,1762223348162,btc_qm_engine,btc_sha256_elapsed_ns,1186.0000000000
280305662,1762223348381,btc_qm_engine,btc_lebesgue_scan_nonce,26.0000000000
280305663,1762223349709,btc_qm_engine,btc_sha256_nonce,4278170517.0000000000
280305664,1762223349806,btc_qm_engine,btc_leading_zeros,0.0000000000
280305665,1762223349906,btc_qm_engine,btc_sha256_elapsed_ns,1182.0000000000
280305666,1762223350107,btc_qm_engine,btc_orbital_scan_nonce,4278166562.0000000000
280305667,1762223351447,btc_qm_engine,btc_sha256_nonce,4278166562.0000000000
280305668,1762223351545,btc_qm_engine,btc_leading_zeros,0.0000000000
280305669,1762223351637,btc_qm_engine,btc_sha256_elapsed_ns,1194.0000000000
280305670,1762223351853,btc_qm_engine,btc_lebesgue_scan_nonce,22.0000000000
280305671,1762223353192,btc_qm_engine,btc_sha256_nonce,4278082246.0000000000
280305672,1762223353288,btc_qm_engine,btc_leading_zeros,0.0000000000
280305673,1762223353379,btc_qm_engine,btc_sha256_elapsed_ns,1191.0000000000
280305674,1762223353603,btc_qm_engine,btc_lebesgue_scan_nonce,18.0000000000
280305675,1762223354936,btc_qm_engine,btc_sha256_nonce,4278085541.0000000000
280305676,1762223355031,btc_qm_engine,btc_leading_zeros,0.0000000000
280305677,1762223355123,btc_qm_engine,btc_sha256_elapsed_ns,1181.0000000000
280305678,1762223355329,btc_qm_engine,btc_orbital_scan_nonce,4278144677.0000000000
280305679,1762223356661,btc_qm_engine,btc_sha256_nonce,4278144677.0000000000
280305680,1762223356756,btc_qm_engine,btc_leading_zeros,0.0000000000
280305681,1762223356847,btc_qm_engine,btc_sha256_elapsed_ns,1182.0000000000
280305682,1762223357049,btc_qm_engine,btc_lebesgue_scan_nonce,15.0000000000
280305683,1762223358376,btc_qm_engine,btc_sha256_nonce,4278023063.0000000000
280305684,1762223358472,btc_qm_engine,btc_leading_zeros,0.0000000000
280305685,1762223358563,btc_qm_engine,btc_sha256_elapsed_ns,1182.0000000000
280305686,1762223360014,btc_qm_engine,btc_sha256_nonce,250969988.0000000000
280305687,1762223360114,btc_qm_engine,btc_leading_zeros,0.0000000000
280305688,1762223360208,btc_qm_engine,btc_sha256_elapsed_ns,1190.0000000000
280305689,1762223360412,btc_qm_engine,btc_orbital_scan_nonce,4278208424.0000000000
280305690,1762223361734,btc_qm_engine,btc_sha256_nonce,4278208424.0000000000
280305691,1762223361833,btc_qm_engine,btc_leading_zeros,1.0000000000
280305692,1762223361924,btc_qm_engine,btc_sha256_elapsed_ns,1180.0000000000
280305693,1762223362128,btc_qm_engine,btc_orbital_scan_nonce,4278165004.0000000000
280305694,1762223363447,btc_qm_engine,btc_sha256_nonce,4278165004.0000000000
280305695,1762223363538,btc_qm_engine,btc_leading_zeros,1.0000000000
280305696,1762223363626,btc_qm_engine,btc_sha256_elapsed_ns,1176.0000000000
280305697,1762223365069,btc_qm_engine,btc_sha256_nonce,243288860.0000000000
280305698,1762223365197,btc_qm_engine,btc_leading_zeros,0.0000000000
280305699,1762223365289,btc_qm_engine,btc_sha256_elapsed_ns,1183.0000000000
280305700,1762223366756,btc_qm_engine,btc_sha256_nonce,251256602.0000000000
280305701,1762223366863,btc_qm_engine,btc_leading_zeros,1.0000000000
280305702,1762223366954,btc_qm_engine,btc_sha256_elapsed_ns,1196.0000000000
280305703,1762223367156,btc_qm_engine,btc_orbital_scan_nonce,4278226871.0000000000
280305704,1762223368479,btc_qm_engine,btc_sha256_nonce,4278226871.0000000000
280305705,1762223368574,btc_qm_engine,btc_leading_zeros,1.0000000000
280305706,1762223368666,btc_qm_engine,btc_sha256_elapsed_ns,1178.0000000000
280305707,1762223368866,btc_qm_engine,btc_orbital_scan_nonce,4278209513.0000000000
280305708,1762223370189,btc_qm_engine,btc_sha256_nonce,4278209513.0000000000
280305709,1762223370283,btc_qm_engine,btc_leading_zeros,0.0000000000
280305710,1762223370371,btc_qm_engine,btc_sha256_elapsed_ns,1179.0000000000
280305711,1762223370580,btc_qm_engine,btc_orbital_scan_nonce,4278187527.0000000000
280305712,1762223371899,btc_qm_engine,btc_sha256_nonce,4278187527.0000000000
280305713,1762223371994,btc_qm_engine,btc_leading_zeros,0.0000000000
280305714,1762223372087,btc_qm_engine,btc_sha256_elapsed_ns,1180.0000000000
280305715,1762223373536,btc_qm_engine,btc_sha256_nonce,248094710.0000000000
280305716,1762223373630,btc_qm_engine,btc_leading_zeros,0.0000000000
280305717,1762223373719,btc_qm_engine,btc_sha256_elapsed_ns,1185.0000000000
280305718,1762223373918,btc_qm_engine,btc_orbital_scan_nonce,4278240080.0000000000
280305719,1762223375255,btc_qm_engine,btc_sha256_nonce,4278240080.0000000000
280305720,1762223375345,btc_qm_engine,btc_leading_zeros,0.0000000000
280305721,1762223375434,btc_qm_engine,btc_sha256_elapsed_ns,1188.0000000000
280305722,1762223376884,btc_qm_engine,btc_sha256_nonce,250597974.0000000000
280305723,1762223376983,btc_qm_engine,btc_leading_zeros,0.0000000000
280305724,1762223377074,btc_qm_engine,btc_sha256_elapsed_ns,1190.0000000000
280305725,1762223377277,btc_qm_engine,btc_orbital_scan_nonce,4278184342.0000000000
280305726,1762223378612,btc_qm_engine,btc_sha256_nonce,4278184342.0000000000
280305727,1762223378705,btc_qm_engine,btc_leading_zeros,0.0000000000
280305728,1762223378794,btc_qm_engine,btc_sha256_elapsed_ns,1185.0000000000
280305729,1762223379030,btc_qm_engine,btc_lebesgue_scan_nonce,3.0000000000
280305730,1762223380379,btc_qm_engine,btc_sha256_nonce,4278194914.0000000000
280305731,1762223380473,btc_qm_engine,btc_leading_zeros,0.0000000000
280305732,1762223380562,btc_qm_engine,btc_sha256_elapsed_ns,1190.0000000000
280305733,1762223380766,btc_qm_engine,btc_orbital_scan_nonce,4278207742.0000000000
280305734,1762223382091,btc_qm_engine,btc_sha256_nonce,4278207742.0000000000
280305735,1762223382195,btc_qm_engine,btc_leading_zeros,0.0000000000
280305736,1762223382287,btc_qm_engine,btc_sha256_elapsed_ns,1185.0000000000
280305737,1762223383738,btc_qm_engine,btc_sha256_nonce,250192590.0000000000
280305738,1762223383837,btc_qm_engine,btc_leading_zeros,1.0000000000
280305739,1762223383930,btc_qm_engine,btc_sha256_elapsed_ns,1186.0000000000
280305740,1762223385392,btc_qm_engine,btc_sha256_nonce,248848495.0000000000
280305741,1762223385493,btc_qm_engine,btc_leading_zeros,2.0000000000
280305742,1762223385587,btc_qm_engine,btc_sha256_elapsed_ns,1189.0000000000
280305743,1762223385802,btc_qm_engine,btc_lebesgue_scan_nonce,34.0000000000
280305744,1762223387137,btc_qm_engine,btc_sha256_nonce,4278164185.0000000000
280305745,1762223387233,btc_qm_engine,btc_leading_zeros,0.0000000000
280305746,1762223387324,btc_qm_engine,btc_sha256_elapsed_ns,1188.0000000000
280305747,1762223388778,btc_qm_engine,btc_sha256_nonce,250431660.0000000000
280305748,1762223388873,btc_qm_engine,btc_leading_zeros,0.0000000000
280305749,1762223389002,btc_qm_engine,btc_sha256_elapsed_ns,1184.0000000000
280305750,1762223390466,btc_qm_engine,btc_sha256_nonce,250399528.0000000000
280305751,1762223390567,btc_qm_engine,btc_leading_zeros,3.0000000000
280305752,1762223390654,btc_qm_engine,btc_sha256_elapsed_ns,1184.0000000000
280305753,1762223392117,btc_qm_engine,btc_sha256_nonce,250899225.0000000000
280305754,1762223392214,btc_qm_engine,btc_leading_zeros,0.0000000000
280305755,1762223392309,btc_qm_engine,btc_sha256_elapsed_ns,1189.0000000000
280305756,1762223393765,btc_qm_engine,btc_sha256_nonce,250478524.0000000000
280305757,1762223393866,btc_qm_engine,btc_leading_zeros,0.0000000000
280305758,1762223393956,btc_qm_engine,btc_sha256_elapsed_ns,1187.0000000000
280305759,1762223395409,btc_qm_engine,btc_sha256_nonce,243383831.0000000000
280305760,1762223395508,btc_qm_engine,btc_leading_zeros,1.0000000000
280305761,1762223395598,btc_qm_engine,btc_sha256_elapsed_ns,1186.0000000000
280305762,1762223397055,btc_qm_engine,btc_sha256_nonce,243656446.0000000000
280305763,1762223397153,btc_qm_engine,btc_leading_zeros,1.0000000000
280305764,1762223397250,btc_qm_engine,btc_sha256_elapsed_ns,1192.0000000000
280305765,1762223397464,btc_qm_engine,btc_lebesgue_scan_nonce,22.0000000000
280305766,1762223398800,btc_qm_engine,btc_sha256_nonce,4278158940.0000000000
280305767,1762223398900,btc_qm_engine,btc_leading_zeros,0.0000000000
280305768,1762223398989,btc_qm_engine,btc_sha256_elapsed_ns,1176.0000000000
280305769,1762223400455,btc_qm_engine,btc_sha256_nonce,248303823.0000000000
280305770,1762223400553,btc_qm_engine,btc_leading_zeros,3.0000000000
280305771,1762223400653,btc_qm_engine,btc_sha256_elapsed_ns,1191.0000000000
280305772,1762223400868,btc_qm_engine,btc_lebesgue_scan_nonce,28.0000000000
280305773,1762223402195,btc_qm_engine,btc_sha256_nonce,4278280718.0000000000
280305774,1762223402293,btc_qm_engine,btc_leading_zeros,0.0000000000
280305775,1762223402386,btc_qm_engine,btc_sha256_elapsed_ns,1180.0000000000
280305776,1762223402590,btc_qm_engine,btc_orbital_scan_nonce,4278140080.0000000000
280305777,1762223403928,btc_qm_engine,btc_sha256_nonce,4278140080.0000000000
280305778,1762223404016,btc_qm_engine,btc_leading_zeros,1.0000000000
280305779,1762223404108,btc_qm_engine,btc_sha256_elapsed_ns,1186.0000000000
280305780,1762223404315,btc_qm_engine,btc_orbital_scan_nonce,4278169411.0000000000
280305781,1762223405640,btc_qm_engine,btc_sha256_nonce,4278169411.0000000000
280305782,1762223405732,btc_qm_engine,btc_leading_zeros,0.0000000000
280305783,1762223405824,btc_qm_engine,btc_sha256_elapsed_ns,1184.0000000000
280305784,1762223407274,btc_qm_engine,btc_sha256_nonce,244963493.0000000000
280305785,1762223407375,btc_qm_engine,btc_leading_zeros,1.0000000000
280305786,1762223407472,btc_qm_engine,btc_sha256_elapsed_ns,1181.0000000000
280305787,1762223408912,btc_qm_engine,btc_sha256_nonce,2190929943.0000000000
280305788,1762223409009,btc_qm_engine,btc_leading_zeros,0.0000000000
280305789,1762223409100,btc_qm_engine,btc_sha256_elapsed_ns,1183.0000000000
280305790,1762223409318,btc_qm_engine,btc_lebesgue_scan_nonce,13.0000000000
280305791,1762223410651,btc_qm_engine,btc_sha256_nonce,4278327414.0000000000
280305792,1762223410747,btc_qm_engine,btc_leading_zeros,1.0000000000
280305793,1762223410834,btc_qm_engine,btc_sha256_elapsed_ns,1184.0000000000
280305794,1762223412305,btc_qm_engine,btc_sha256_nonce,249805223.0000000000
280305795,1762223412405,btc_qm_engine,btc_leading_zeros,2.0000000000
280305796,1762223412503,btc_qm_engine,btc_sha256_elapsed_ns,1189.0000000000
280305797,1762223413959,btc_qm_engine,btc_sha256_nonce,246078217.0000000000
280305798,1762223414057,btc_qm_engine,btc_leading_zeros,0.0000000000
280305799,1762223414157,btc_qm_engine,btc_sha256_elapsed_ns,1191.0000000000
280305800,1762223415615,btc_qm_engine,btc_sha256_nonce,246023501.0000000000
280305801,1762223415729,btc_qm_engine,btc_leading_zeros,0.0000000000
280305802,1762223415833,btc_qm_engine,btc_sha256_elapsed_ns,1197.0000000000
280305803,1762223416038,btc_qm_engine,btc_orbital_scan_nonce,4278140080.0000000000
280305804,1762223417364,btc_qm_engine,btc_sha256_nonce,4278140080.0000000000
280305805,1762223417467,btc_qm_engine,btc_leading_zeros,1.0000000000
280305806,1762223417557,btc_qm_engine,btc_sha256_elapsed_ns,1183.0000000000
280305807,1762223419005,btc_qm_engine,btc_sha256_nonce,248899877.0000000000
280305808,1762223419104,btc_qm_engine,btc_leading_zeros,0.0000000000
280305809,1762223419204,btc_qm_engine,btc_sha256_elapsed_ns,1187.0000000000
280305810,1762223420654,btc_qm_engine,btc_sha256_nonce,247774186.0000000000
280305811,1762223420752,btc_qm_engine,btc_leading_zeros,1.0000000000
280305812,1762223420853,btc_qm_engine,btc_sha256_elapsed_ns,1192.0000000000
280305813,1762223422303,btc_qm_engine,btc_sha256_nonce,250206034.0000000000
280305814,1762223422400,btc_qm_engine,btc_leading_zeros,0.0000000000
280305815,1762223422501,btc_qm_engine,btc_sha256_elapsed_ns,1189.0000000000
280305816,1762223422715,btc_qm_engine,btc_lebesgue_scan_nonce,4.0000000000
280305817,1762223424057,btc_qm_engine,btc_sha256_nonce,4278377820.0000000000
280305818,1762223424153,btc_qm_engine,btc_leading_zeros,0.0000000000
280305819,1762223424243,btc_qm_engine,btc_sha256_elapsed_ns,1182.0000000000
280305820,1762223424445,btc_qm_engine,btc_orbital_scan_nonce,4278201269.0000000000
280305821,1762223425774,btc_qm_engine,btc_sha256_nonce,4278201269.0000000000
280305822,1762223425865,btc_qm_engine,btc_leading_zeros,1.0000000000
280305823,1762223425958,btc_qm_engine,btc_sha256_elapsed_ns,1184.0000000000
280305824,1762223426161,btc_qm_engine,btc_orbital_scan_nonce,4278208566.0000000000
280305825,1762223427484,btc_qm_engine,btc_sha256_nonce,4278208566.0000000000
280305826,1762223427575,btc_qm_engine,btc_leading_zeros,0.0000000000
280305827,1762223427668,btc_qm_engine,btc_sha256_elapsed_ns,1183.0000000000
280305828,1762223427894,btc_qm_engine,btc_lebesgue_scan_nonce,2.0000000000
280305829,1762223429226,btc_qm_engine,btc_sha256_nonce,4278090872.0000000000
280305830,1762223429319,btc_qm_engine,btc_leading_zeros,0.0000000000
280305831,1762223429414,btc_qm_engine,btc_sha256_elapsed_ns,1192.0000000000
280305832,1762223429630,btc_qm_engine,btc_lebesgue_scan_nonce,33.0000000000
280305833,1762223430948,btc_qm_engine,btc_sha256_nonce,4278132910.0000000000
280305834,1762223431038,btc_qm_engine,btc_leading_zeros,0.0000000000
280305835,1762223431142,btc_qm_engine,btc_sha256_elapsed_ns,1181.0000000000
280305836,1762223432580,btc_qm_engine,btc_sha256_nonce,245569454.0000000000
280305837,1762223432693,btc_qm_engine,btc_leading_zeros,0.0000000000
280305838,1762223432783,btc_qm_engine,btc_sha256_elapsed_ns,1180.0000000000
280305839,1762223433003,btc_qm_engine,btc_lebesgue_scan_nonce,2.0000000000
280305840,1762223434329,btc_qm_engine,btc_sha256_nonce,4278138631.0000000000
280305841,1762223434421,btc_qm_engine,btc_leading_zeros,0.0000000000
280305842,1762223434510,btc_qm_engine,btc_sha256_elapsed_ns,1179.0000000000
280305843,1762223435956,btc_qm_engine,btc_sha256_nonce,1292119038.0000000000
280305844,1762223436053,btc_qm_engine,btc_leading_zeros,1.0000000000
280305845,1762223436144,btc_qm_engine,btc_sha256_elapsed_ns,1186.0000000000
280305846,1762223437589,btc_qm_engine,btc_sha256_nonce,245315269.0000000000
280305847,1762223437689,btc_qm_engine,btc_leading_zeros,0.0000000000
280305848,1762223437776,btc_qm_engine,btc_sha256_elapsed_ns,1186.0000000000
280305849,1762223439253,btc_qm_engine,btc_sha256_nonce,250484711.0000000000
280305850,1762223439349,btc_qm_engine,btc_leading_zeros,2.0000000000
280305851,1762223439443,btc_qm_engine,btc_sha256_elapsed_ns,1189.0000000000
280305852,1762223439653,btc_qm_engine,btc_orbital_scan_nonce,4278180591.0000000000
280305853,1762223440990,btc_qm_engine,btc_sha256_nonce,4278180591.0000000000
280305854,1762223441086,btc_qm_engine,btc_leading_zeros,0.0000000000
280305855,1762223441180,btc_qm_engine,btc_sha256_elapsed_ns,1192.0000000000
280305856,1762223442649,btc_qm_engine,btc_sha256_nonce,248479854.0000000000
280305857,1762223442745,btc_qm_engine,btc_leading_zeros,4.0000000000
280305858,1762223442845,btc_qm_engine,btc_sha256_elapsed_ns,1190.0000000000
280305859,1762223444296,btc_qm_engine,btc_sha256_nonce,245547184.0000000000
280305860,1762223444391,btc_qm_engine,btc_leading_zeros,0.0000000000
280305861,1762223444489,btc_qm_engine,btc_sha256_elapsed_ns,1187.0000000000
280305862,1762223445959,btc_qm_engine,btc_sha256_nonce,248204092.0000000000
280305863,1762223446058,btc_qm_engine,btc_leading_zeros,4.0000000000
280305864,1762223446156,btc_qm_engine,btc_sha256_elapsed_ns,1189.0000000000
280305865,1762223446373,btc_qm_engine,btc_lebesgue_scan_nonce,20.0000000000
280305866,1762223447722,btc_qm_engine,btc_sha256_nonce,4278285660.0000000000
280305867,1762223447822,btc_qm_engine,btc_leading_zeros,0.0000000000
280305868,1762223447909,btc_qm_engine,btc_sha256_elapsed_ns,1192.0000000000
280305869,1762223449389,btc_qm_engine,btc_sha256_nonce,247500612.0000000000
280305870,1762223449486,btc_qm_engine,btc_leading_zeros,2.0000000000
280305871,1762223449575,btc_qm_engine,btc_sha256_elapsed_ns,1187.0000000000
280305872,1762223451045,btc_qm_engine,btc_sha256_nonce,243542891.0000000000
280305873,1762223451144,btc_qm_engine,btc_leading_zeros,3.0000000000
280305874,1762223451241,btc_qm_engine,btc_sha256_elapsed_ns,1185.0000000000
280305875,1762223451445,btc_qm_engine,btc_orbital_scan_nonce,4278215438.0000000000
280305876,1762223452775,btc_qm_engine,btc_sha256_nonce,4278215438.0000000000
280305877,1762223452879,btc_qm_engine,btc_leading_zeros,0.0000000000
280305878,1762223452966,btc_qm_engine,btc_sha256_elapsed_ns,1183.0000000000
280305879,1762223454420,btc_qm_engine,btc_sha256_nonce,250851825.0000000000
280305880,1762223454516,btc_qm_engine,btc_leading_zeros,0.0000000000
280305881,1762223454608,btc_qm_engine,btc_sha256_elapsed_ns,1190.0000000000
280305882,1762223454809,btc_qm_engine,btc_orbital_scan_nonce,4278166423.0000000000
280305883,1762223456156,btc_qm_engine,btc_sha256_nonce,4278166423.0000000000
280305884,1762223456250,btc_qm_engine,btc_leading_zeros,2.0000000000
280305885,1762223456341,btc_qm_engine,btc_sha256_elapsed_ns,1182.0000000000
280305886,1762223456541,btc_qm_engine,btc_orbital_scan_nonce,4278157740.0000000000
280305887,1762223457866,btc_qm_engine,btc_sha256_nonce,4278157740.0000000000
280305888,1762223457961,btc_qm_engine,btc_leading_zeros,1.0000000000
280305889,1762223458054,btc_qm_engine,btc_sha256_elapsed_ns,1181.0000000000
280305890,1762223459501,btc_qm_engine,btc_sha256_nonce,244016612.0000000000
280305891,1762223459600,btc_qm_engine,btc_leading_zeros,1.0000000000
280305892,1762223459690,btc_qm_engine,btc_sha256_elapsed_ns,1185.0000000000
280305893,1762223461138,btc_qm_engine,btc_sha256_nonce,244621759.0000000000
280305894,1762223461234,btc_qm_engine,btc_leading_zeros,0.0000000000
280305895,1762223461330,btc_qm_engine,btc_sha256_elapsed_ns,1183.0000000000
280305896,1762223462785,btc_qm_engine,btc_sha256_nonce,248347993.0000000000
280305897,1762223462890,btc_qm_engine,btc_leading_zeros,1.0000000000
280305898,1762223462981,btc_qm_engine,btc_sha256_elapsed_ns,1184.0000000000
280305899,1762223463180,btc_qm_engine,btc_orbital_scan_nonce,4278167247.0000000000
280305900,1762223464498,btc_qm_engine,btc_sha256_nonce,4278167247.0000000000
280305901,1762223464596,btc_qm_engine,btc_leading_zeros,0.0000000000
280305902,1762223464685,btc_qm_engine,btc_sha256_elapsed_ns,1176.0000000000
280305903,1762223464903,btc_qm_engine,btc_orbital_scan_nonce,4278183519.0000000000
280305904,1762223466225,btc_qm_engine,btc_sha256_nonce,4278183519.0000000000
280305905,1762223466322,btc_qm_engine,btc_leading_zeros,0.0000000000
280305906,1762223466412,btc_qm_engine,btc_sha256_elapsed_ns,1180.0000000000
280305907,1762223467859,btc_qm_engine,btc_sha256_nonce,246233000.0000000000
280305908,1762223467956,btc_qm_engine,btc_leading_zeros,1.0000000000
280305909,1762223468046,btc_qm_engine,btc_sha256_elapsed_ns,1183.0000000000
280305910,1762223468245,btc_qm_engine,btc_orbital_scan_nonce,4278167428.0000000000
280305911,1762223469574,btc_qm_engine,btc_sha256_nonce,4278167428.0000000000
280305912,1762223469664,btc_qm_engine,btc_leading_zeros,0.0000000000
280305913,1762223469756,btc_qm_engine,btc_sha256_elapsed_ns,1182.0000000000
280305914,1762223471219,btc_qm_engine,btc_sha256_nonce,249596987.0000000000
280305915,1762223471320,btc_qm_engine,btc_leading_zeros,3.0000000000
280305916,1762223471410,btc_qm_engine,btc_sha256_elapsed_ns,1186.0000000000
280305917,1762223472857,btc_qm_engine,btc_sha256_nonce,245281144.0000000000
280305918,1762223472954,btc_qm_engine,btc_leading_zeros,0.0000000000
280305919,1762223473047,btc_qm_engine,btc_sha256_elapsed_ns,1185.0000000000
280305920,1762223474501,btc_qm_engine,btc_sha256_nonce,244057540.0000000000
280305921,1762223474603,btc_qm_engine,btc_leading_zeros,1.0000000000
280305922,1762223474691,btc_qm_engine,btc_sha256_elapsed_ns,1195.0000000000
280305923,1762223476161,btc_qm_engine,btc_sha256_nonce,243141300.0000000000
280305924,1762223476254,btc_qm_engine,btc_leading_zeros,2.0000000000
280305925,1762223476353,btc_qm_engine,btc_sha256_elapsed_ns,1185.0000000000
280305926,1762223477806,btc_qm_engine,btc_sha256_nonce,249131999.0000000000
280305927,1762223477908,btc_qm_engine,btc_leading_zeros,0.0000000000
280305928,1762223478004,btc_qm_engine,btc_sha256_elapsed_ns,1194.0000000000
280305929,1762223478222,btc_qm_engine,btc_lebesgue_scan_nonce,28.0000000000
280305930,1762223479568,btc_qm_engine,btc_sha256_nonce,4278191392.0000000000
280305931,1762223479668,btc_qm_engine,btc_leading_zeros,0.0000000000
280305932,1762223479754,btc_qm_engine,btc_sha256_elapsed_ns,1181.0000000000
280305933,1762223479956,btc_qm_engine,btc_orbital_scan_nonce,4278197182.0000000000
280305934,1762223481289,btc_qm_engine,btc_sha256_nonce,4278197182.0000000000
280305935,1762223481384,btc_qm_engine,btc_leading_zeros,1.0000000000
280305936,1762223481474,btc_qm_engine,btc_sha256_elapsed_ns,1191.0000000000
280305937,1762223482937,btc_qm_engine,btc_sha256_nonce,244622883.0000000000
280305938,1762223483035,btc_qm_engine,btc_leading_zeros,1.0000000000
280305939,1762223483129,btc_qm_engine,btc_sha256_elapsed_ns,1181.0000000000
280305940,1762223484586,btc_qm_engine,btc_sha256_nonce,243471148.0000000000
280305941,1762223484688,btc_qm_engine,btc_leading_zeros,1.0000000000
280305942,1762223484778,btc_qm_engine,btc_sha256_elapsed_ns,1190.0000000000
280305943,1762223484979,btc_qm_engine,btc_orbital_scan_nonce,4278174753.0000000000
280305944,1762223486311,btc_qm_engine,btc_sha256_nonce,4278174753.0000000000
280305945,1762223486404,btc_qm_engine,btc_leading_zeros,0.0000000000
280305946,1762223486493,btc_qm_engine,btc_sha256_elapsed_ns,1186.0000000000
280305947,1762223486696,btc_qm_engine,btc_orbital_scan_nonce,4278140080.0000000000
280305948,1762223488016,btc_qm_engine,btc_sha256_nonce,4278140080.0000000000
280305949,1762223488109,btc_qm_engine,btc_leading_zeros,1.0000000000
280305950,1762223488197,btc_qm_engine,btc_sha256_elapsed_ns,1185.0000000000
280305951,1762223489663,btc_qm_engine,btc_sha256_nonce,244824666.0000000000
280305952,1762223489761,btc_qm_engine,btc_leading_zeros,3.0000000000
280305953,1762223489850,btc_qm_engine,btc_sha256_elapsed_ns,1188.0000000000
280305954,1762223490052,btc_qm_engine,btc_orbital_scan_nonce,4278140080.0000000000
280305955,1762223491377,btc_qm_engine,btc_sha256_nonce,4278140080.0000000000
280305956,1762223491473,btc_qm_engine,btc_leading_zeros,1.0000000000
280305957,1762223491566,btc_qm_engine,btc_sha256_elapsed_ns,1185.0000000000
280305958,1762223493006,btc_qm_engine,btc_sha256_nonce,247576383.0000000000
280305959,1762223493106,btc_qm_engine,btc_leading_zeros,1.0000000000
280305960,1762223493202,btc_qm_engine,btc_sha256_elapsed_ns,1180.0000000000
280305961,1762223493420,btc_qm_engine,btc_lebesgue_scan_nonce,29.0000000000
280305962,1762223494766,btc_qm_engine,btc_sha256_nonce,4278220354.0000000000
280305963,1762223494866,btc_qm_engine,btc_leading_zeros,0.0000000000
280305964,1762223494956,btc_qm_engine,btc_sha256_elapsed_ns,1185.0000000000
280305965,1762223496414,btc_qm_engine,btc_sha256_nonce,243212278.0000000000
280305966,1762223496514,btc_qm_engine,btc_leading_zeros,0.0000000000
280305967,1762223496606,btc_qm_engine,btc_sha256_elapsed_ns,1187.0000000000
280305968,1762223496821,btc_qm_engine,btc_lebesgue_scan_nonce,0.0000000000
280305969,1762223498147,btc_qm_engine,btc_sha256_nonce,4278005703.0000000000
280305970,1762223498240,btc_qm_engine,btc_leading_zeros,0.0000000000
280305971,1762223498335,btc_qm_engine,btc_sha256_elapsed_ns,1181.0000000000
280305972,1762223498555,btc_qm_engine,btc_lebesgue_scan_nonce,37.0000000000
280305973,1762223499878,btc_qm_engine,btc_sha256_nonce,4278235231.0000000000
280305974,1762223499967,btc_qm_engine,btc_leading_zeros,1.0000000000
280305975,1762223500059,btc_qm_engine,btc_sha256_elapsed_ns,1184.0000000000
280305976,1762223501500,btc_qm_engine,btc_sha256_nonce,248723123.0000000000
280305977,1762223501602,btc_qm_engine,btc_leading_zeros,0.0000000000
280305978,1762223501692,btc_qm_engine,btc_sha256_elapsed_ns,1183.0000000000
280305979,1762223501893,btc_qm_engine,btc_orbital_scan_nonce,4278212229.0000000000
280305980,1762223503217,btc_qm_engine,btc_sha256_nonce,4278212229.0000000000
280305981,1762223503314,btc_qm_engine,btc_leading_zeros,1.0000000000
280305982,1762223503404,btc_qm_engine,btc_sha256_elapsed_ns,1176.0000000000
280305983,1762223504856,btc_qm_engine,btc_sha256_nonce,244237222.0000000000
280305984,1762223504952,btc_qm_engine,btc_leading_zeros,0.0000000000
280305985,1762223505042,btc_qm_engine,btc_sha256_elapsed_ns,1186.0000000000
280305986,1762223505261,btc_qm_engine,btc_lebesgue_scan_nonce,33.0000000000
280305987,1762223506595,btc_qm_engine,btc_sha256_nonce,4278179172.0000000000
280305988,1762223506688,btc_qm_engine,btc_leading_zeros,1.0000000000
280305989,1762223506778,btc_qm_engine,btc_sha256_elapsed_ns,1185.0000000000
280305990,1762223508242,btc_qm_engine,btc_sha256_nonce,248866477.0000000000
280305991,1762223508341,btc_qm_engine,btc_leading_zeros,0.0000000000
280305992,1762223508430,btc_qm_engine,btc_sha256_elapsed_ns,1188.0000000000
280305993,1762223509889,btc_qm_engine,btc_sha256_nonce,244957934.0000000000
280305994,1762223509984,btc_qm_engine,btc_leading_zeros,1.0000000000
280305995,1762223510079,btc_qm_engine,btc_sha256_elapsed_ns,1181.0000000000
280305996,1762223511534,btc_qm_engine,btc_sha256_nonce,247607544.0000000000
280305997,1762223511629,btc_qm_engine,btc_leading_zeros,0.0000000000
280305998,1762223511722,btc_qm_engine,btc_sha256_elapsed_ns,1191.0000000000
280305999,1762223513175,btc_qm_engine,btc_sha256_nonce,251360733.0000000000
280306000,1762223513271,btc_qm_engine,btc_leading_zeros,0.0000000000
280306001,1762223513362,btc_qm_engine,btc_sha256_elapsed_ns,1189.0000000000
280306002,1762223513580,btc_qm_engine,btc_lebesgue_scan_nonce,34.0000000000
280306003,1762223514913,btc_qm_engine,btc_sha256_nonce,4278186015.0000000000
280306004,1762223515014,btc_qm_engine,btc_leading_zeros,0.0000000000
280306005,1762223515140,btc_qm_engine,btc_sha256_elapsed_ns,1191.0000000000
280306006,1762223516584,btc_qm_engine,btc_sha256_nonce,251368768.0000000000
280306007,1762223516684,btc_qm_engine,btc_leading_zeros,0.0000000000
280306008,1762223516781,btc_qm_engine,btc_sha256_elapsed_ns,1182.0000000000
280306009,1762223516982,btc_qm_engine,btc_orbital_scan_nonce,4278181922.0000000000
280306010,1762223518320,btc_qm_engine,btc_sha256_nonce,4278181922.0000000000
280306011,1762223518417,btc_qm_engine,btc_leading_zeros,0.0000000000
280306012,1762223518505,btc_qm_engine,btc_sha256_elapsed_ns,1186.0000000000
280306013,1762223519966,btc_qm_engine,btc_sha256_nonce,247678992.0000000000
280306014,1762223520062,btc_qm_engine,btc_leading_zeros,1.0000000000
280306015,1762223520153,btc_qm_engine,btc_sha256_elapsed_ns,1183.0000000000
280306016,1762223521598,btc_qm_engine,btc_sha256_nonce,243556862.0000000000
280306017,1762223521704,btc_qm_engine,btc_leading_zeros,0.0000000000
280306018,1762223521798,btc_qm_engine,btc_sha256_elapsed_ns,1186.0000000000
280306019,1762223521999,btc_qm_engine,btc_orbital_scan_nonce,4278188148.0000000000
280306020,1762223523330,btc_qm_engine,btc_sha256_nonce,4278188148.0000000000
280306021,1762223523431,btc_qm_engine,btc_leading_zeros,0.0000000000
280306022,1762223523531,btc_qm_engine,btc_sha256_elapsed_ns,1187.0000000000
280306023,1762223524981,btc_qm_engine,btc_sha256_nonce,244070552.0000000000
280306024,1762223525077,btc_qm_engine,btc_leading_zeros,0.0000000000
280306025,1762223525177,btc_qm_engine,btc_sha256_elapsed_ns,1188.0000000000
280306026,1762223525376,btc_qm_engine,btc_orbital_scan_nonce,4278228898.0000000000
280306027,1762223526724,btc_qm_engine,btc_sha256_nonce,4278228898.0000000000
280306028,1762223526821,btc_qm_engine,btc_leading_zeros,4.0000000000
280306029,1762223526910,btc_qm_engine,btc_sha256_elapsed_ns,1185.0000000000
280306030,1762223527110,btc_qm_engine,btc_orbital_scan_nonce,4278214230.0000000000
280306031,1762223528458,btc_qm_engine,btc_sha256_nonce,4278214230.0000000000
280306032,1762223528555,btc_qm_engine,btc_leading_zeros,2.0000000000
280306033,1762223528643,btc_qm_engine,btc_sha256_elapsed_ns,1183.0000000000
280306034,1762223530097,btc_qm_engine,btc_sha256_nonce,250474717.0000000000
280306035,1762223530196,btc_qm_engine,btc_leading_zeros,0.0000000000
280306036,1762223530286,btc_qm_engine,btc_sha256_elapsed_ns,1183.0000000000
280306037,1762223530489,btc_qm_engine,btc_orbital_scan_nonce,4278216395.0000000000
280306038,1762223531820,btc_qm_engine,btc_sha256_nonce,4278216395.0000000000
280306039,1762223531912,btc_qm_engine,btc_leading_zeros,0.0000000000
280306040,1762223532000,btc_qm_engine,btc_sha256_elapsed_ns,1187.0000000000
280306041,1762223532232,btc_qm_engine,btc_lebesgue_scan_nonce,24.0000000000
280306042,1762223533576,btc_qm_engine,btc_sha256_nonce,4278262398.0000000000
280306043,1762223533672,btc_qm_engine,btc_leading_zeros,0.0000000000
280306044,1762223533764,btc_qm_engine,btc_sha256_elapsed_ns,1188.0000000000
280306045,1762223535214,btc_qm_engine,btc_sha256_nonce,249543923.0000000000
280306046,1762223535311,btc_qm_engine,btc_leading_zeros,1.0000000000
280306047,1762223535403,btc_qm_engine,btc_sha256_elapsed_ns,1192.0000000000
280306048,1762223535619,btc_qm_engine,btc_lebesgue_scan_nonce,33.0000000000
280306049,1762223536947,btc_qm_engine,btc_sha256_nonce,4278157469.0000000000
280306050,1762223537037,btc_qm_engine,btc_leading_zeros,1.0000000000
280306051,1762223537129,btc_qm_engine,btc_sha256_elapsed_ns,1183.0000000000
280306052,1762223538579,btc_qm_engine,btc_sha256_nonce,243946796.0000000000
280306053,1762223538682,btc_qm_engine,btc_leading_zeros,0.0000000000
280306054,1762223538775,btc_qm_engine,btc_sha256_elapsed_ns,1188.0000000000
280306055,1762223540241,btc_qm_engine,btc_sha256_nonce,3656279945.0000000000
280306056,1762223540336,btc_qm_engine,btc_leading_zeros,4.0000000000
280306057,1762223540437,btc_qm_engine,btc_sha256_elapsed_ns,1189.0000000000
280306058,1762223541885,btc_qm_engine,btc_sha256_nonce,2824702580.0000000000
280306059,1762223541986,btc_qm_engine,btc_leading_zeros,0.0000000000
280306060,1762223542082,btc_qm_engine,btc_sha256_elapsed_ns,1185.0000000000
280306061,1762223543532,btc_qm_engine,btc_sha256_nonce,248117381.0000000000
280306062,1762223543629,btc_qm_engine,btc_leading_zeros,0.0000000000
280306063,1762223543733,btc_qm_engine,btc_sha256_elapsed_ns,1189.0000000000
280306064,1762223543949,btc_qm_engine,btc_lebesgue_scan_nonce,17.0000000000
280306065,1762223545283,btc_qm_engine,btc_sha256_nonce,4278149248.0000000000
280306066,1762223545380,btc_qm_engine,btc_leading_zeros,1.0000000000
280306067,1762223545482,btc_qm_engine,btc_sha256_elapsed_ns,1190.0000000000
280306068,1762223545687,btc_qm_engine,btc_orbital_scan_nonce,4278187457.0000000000
280306069,1762223547026,btc_qm_engine,btc_sha256_nonce,4278187457.0000000000
280306070,1762223547120,btc_qm_engine,btc_leading_zeros,1.0000000000
280306071,1762223547213,btc_qm_engine,btc_sha256_elapsed_ns,1190.0000000000
280306072,1762223548674,btc_qm_engine,btc_sha256_nonce,246848787.0000000000
280306073,1762223548786,btc_qm_engine,btc_leading_zeros,2.0000000000
280306074,1762223548872,btc_qm_engine,btc_sha256_elapsed_ns,1181.0000000000
280306075,1762223550320,btc_qm_engine,btc_sha256_nonce,251152801.0000000000
280306076,1762223550414,btc_qm_engine,btc_leading_zeros,0.0000000000
280306077,1762223550513,btc_qm_engine,btc_sha256_elapsed_ns,1182.0000000000
280306078,1762223551961,btc_qm_engine,btc_sha256_nonce,244457732.0000000000
280306079,1762223552058,btc_qm_engine,btc_leading_zeros,0.0000000000
280306080,1762223552154,btc_qm_engine,btc_sha256_elapsed_ns,1185.0000000000
280306081,1762223552370,btc_qm_engine,btc_lebesgue_scan_nonce,4.0000000000
280306082,1762223553697,btc_qm_engine,btc_sha256_nonce,4278331204.0000000000
280306083,1762223553796,btc_qm_engine,btc_leading_zeros,0.0000000000
280306084,1762223553885,btc_qm_engine,btc_sha256_elapsed_ns,1182.0000000000
280306085,1762223554090,btc_qm_engine,btc_orbital_scan_nonce,4278211041.0000000000
280306086,1762223555436,btc_qm_engine,btc_sha256_nonce,4278211041.0000000000
280306087,1762223555527,btc_qm_engine,btc_leading_zeros,3.0000000000
280306088,1762223555615,btc_qm_engine,btc_sha256_elapsed_ns,1184.0000000000
280306089,1762223555820,btc_qm_engine,btc_orbital_scan_nonce,4278197868.0000000000
280306090,1762223557158,btc_qm_engine,btc_sha256_nonce,4278197868.0000000000
280306091,1762223557250,btc_qm_engine,btc_leading_zeros,2.0000000000
280306092,1762223557336,btc_qm_engine,btc_sha256_elapsed_ns,1191.0000000000
280306093,1762223557552,btc_qm_engine,btc_lebesgue_scan_nonce,32.0000000000
280306094,1762223558890,btc_qm_engine,btc_sha256_nonce,4278129970.0000000000
280306095,1762223558996,btc_qm_engine,btc_leading_zeros,0.0000000000
280306096,1762223559086,btc_qm_engine,btc_sha256_elapsed_ns,1181.0000000000
280306097,1762223559295,btc_qm_engine,btc_orbital_scan_nonce,4278231196.0000000000
280306098,1762223560626,btc_qm_engine,btc_sha256_nonce,4278231196.0000000000
280306099,1762223560719,btc_qm_engine,btc_leading_zeros,1.0000000000
280306100,1762223560811,btc_qm_engine,btc_sha256_elapsed_ns,1191.0000000000
280306101,1762223562254,btc_qm_engine,btc_sha256_nonce,246635917.0000000000
280306102,1762223562352,btc_qm_engine,btc_leading_zeros,0.0000000000
280306103,1762223562445,btc_qm_engine,btc_sha256_elapsed_ns,1181.0000000000
280306104,1762223563886,btc_qm_engine,btc_sha256_nonce,249454429.0000000000
280306105,1762223563987,btc_qm_engine,btc_leading_zeros,0.0000000000
280306106,1762223564075,btc_qm_engine,btc_sha256_elapsed_ns,1184.0000000000
280306107,1762223565525,btc_qm_engine,btc_sha256_nonce,246730493.0000000000
280306108,1762223565642,btc_qm_engine,btc_leading_zeros,0.0000000000
280306109,1762223565756,btc_qm_engine,btc_sha256_elapsed_ns,1185.0000000000
280306110,1762223565962,btc_qm_engine,btc_orbital_scan_nonce,4278206881.0000000000
280306111,1762223567303,btc_qm_engine,btc_sha256_nonce,4278206881.0000000000
280306112,1762223567398,btc_qm_engine,btc_leading_zeros,1.0000000000
280306113,1762223567488,btc_qm_engine,btc_sha256_elapsed_ns,1192.0000000000
280306114,1762223568938,btc_qm_engine,btc_sha256_nonce,245538772.0000000000
280306115,1762223569040,btc_qm_engine,btc_leading_zeros,1.0000000000
280306116,1762223569138,btc_qm_engine,btc_sha256_elapsed_ns,1191.0000000000
280306117,1762223569352,btc_qm_engine,btc_lebesgue_scan_nonce,8.0000000000
280306118,1762223570695,btc_qm_engine,btc_sha256_nonce,4278255707.0000000000
280306119,1762223570795,btc_qm_engine,btc_leading_zeros,0.0000000000
280306120,1762223570880,btc_qm_engine,btc_sha256_elapsed_ns,1183.0000000000
280306121,1762223572359,btc_qm_engine,btc_sha256_nonce,247201761.0000000000
280306122,1762223572458,btc_qm_engine,btc_leading_zeros,2.0000000000
280306123,1762223572557,btc_qm_engine,btc_sha256_elapsed_ns,1198.0000000000
280306124,1762223572762,btc_qm_engine,btc_orbital_scan_nonce,4278187225.0000000000
280306125,1762223574123,btc_qm_engine,btc_sha256_nonce,4278187225.0000000000
280306126,1762223574219,btc_qm_engine,btc_leading_zeros,2.0000000000
280306127,1762223574312,btc_qm_engine,btc_sha256_elapsed_ns,1191.0000000000
280306128,1762223575761,btc_qm_engine,btc_sha256_nonce,246248287.0000000000
280306129,1762223575861,btc_qm_engine,btc_leading_zeros,0.0000000000
280306130,1762223575958,btc_qm_engine,btc_sha256_elapsed_ns,1188.0000000000
280306131,1762223576157,btc_qm_engine,btc_orbital_scan_nonce,4278179311.0000000000
280306132,1762223577511,btc_qm_engine,btc_sha256_nonce,4278179311.0000000000
280306133,1762223577612,btc_qm_engine,btc_leading_zeros,2.0000000000
280306134,1762223577700,btc_qm_engine,btc_sha256_elapsed_ns,1189.0000000000
280306135,1762223577913,btc_qm_engine,btc_orbital_scan_nonce,4278165531.0000000000
280306136,1762223579241,btc_qm_engine,btc_sha256_nonce,4278165531.0000000000
280306137,1762223579342,btc_qm_engine,btc_leading_zeros,1.0000000000
280306138,1762223579430,btc_qm_engine,btc_sha256_elapsed_ns,1182.0000000000
280306139,1762223580888,btc_qm_engine,btc_sha256_nonce,243303645.0000000000
280306140,1762223580986,btc_qm_engine,btc_leading_zeros,0.0000000000
280306141,1762223581086,btc_qm_engine,btc_sha256_elapsed_ns,1197.0000000000
280306142,1762223581283,btc_qm_engine,btc_orbital_scan_nonce,4278184539.0000000000
280306143,1762223582617,btc_qm_engine,btc_sha256_nonce,4278184539.0000000000
280306144,1762223582713,btc_qm_engine,btc_leading_zeros,1.0000000000
280306145,1762223582805,btc_qm_engine,btc_sha256_elapsed_ns,1184.0000000000
280306146,1762223583013,btc_qm_engine,btc_orbital_scan_nonce,4278189509.0000000000
280306147,1762223584391,btc_qm_engine,btc_sha256_nonce,4278189509.0000000000
280306148,1762223584488,btc_qm_engine,btc_leading_zeros,10.0000000000
280306149,1762223584581,btc_qm_engine,btc_sha256_elapsed_ns,1183.0000000000
280306150,1762223586045,btc_qm_engine,btc_sha256_nonce,247077171.0000000000
280306151,1762223586144,btc_qm_engine,btc_leading_zeros,1.0000000000
280306152,1762223586241,btc_qm_engine,btc_sha256_elapsed_ns,1184.0000000000
280306153,1762223587689,btc_qm_engine,btc_sha256_nonce,249404254.0000000000
280306154,1762223587785,btc_qm_engine,btc_leading_zeros,0.0000000000
280306155,1762223587885,btc_qm_engine,btc_sha256_elapsed_ns,1186.0000000000
