seq,ts_ns,module,key,value
1060415,6551882133691,btc_qm_engine,btc_sha256_elapsed_ns,926.0000000000
1060416,6551882133888,btc_qm_engine,btc_sha256_elapsed_ns,990.0000000000
1060417,6551882134068,btc_qm_engine,btc_leading_zeros,1.0000000000
1060418,6551882134154,btc_qm_engine,btc_sha256_elapsed_ns,1014.0000000000
1060419,6551882134229,btc_qm_engine,btc_sha256_nonce,2900946344.0000000000
1060420,6551882134622,btc_qm_engine,btc_leading_zeros,0.0000000000
1060421,6551882135043,btc_qm_engine,btc_sha256_elapsed_ns,744.0000000000
1060422,6551882135376,btc_qm_engine,btc_sha256_nonce,3512313455.0000000000
1060423,6551882135547,btc_qm_engine,btc_sha256_nonce,1390532575.0000000000
1060424,6551882136122,btc_qm_engine,btc_sha256_elapsed_ns,1024.0000000000
1060425,6551882136241,btc_qm_engine,btc_leading_zeros,0.0000000000
1060426,6551882136408,btc_qm_engine,btc_leading_zeros,0.0000000000
1060427,6551882136778,btc_qm_engine,btc_sha256_elapsed_ns,1031.0000000000
1060428,6551882136938,btc_qm_engine,btc_sha256_elapsed_ns,1083.0000000000
1060429,6551882137272,btc_qm_engine,btc_sha256_nonce,2797717906.0000000000
1060430,6551882137712,btc_qm_engine,btc_sha256_nonce,862929058.0000000000
1060431,6551882137810,btc_qm_engine,btc_sha256_nonce,1364269087.0000000000
1060432,6551882138484,btc_qm_engine,btc_leading_zeros,0.0000000000
1060433,6551882138537,btc_qm_engine,btc_sha256_elapsed_ns,925.0000000000
1060434,6551882138709,btc_qm_engine,btc_leading_zeros,0.0000000000
1060435,6551882139049,btc_qm_engine,btc_sha256_elapsed_ns,1043.0000000000
1060436,6551882139152,btc_qm_engine,btc_sha256_nonce,431864759.0000000000
1060437,6551882139222,btc_qm_engine,btc_leading_zeros,0.0000000000
1060438,6551882139303,btc_qm_engine,btc_sha256_elapsed_ns,1089.0000000000
1060439,6551882139826,btc_qm_engine,btc_sha256_nonce,1658328724.0000000000
1060440,6551882139921,btc_qm_engine,btc_leading_zeros,1.0000000000
1060441,6551882139992,btc_qm_engine,btc_sha256_elapsed_ns,1052.0000000000
1060442,6551882140356,btc_qm_engine,btc_sha256_nonce,1809529331.0000000000
1060443,6551882140596,btc_qm_engine,btc_sha256_nonce,3160842394.0000000000
1060444,6551882140709,btc_qm_engine,btc_leading_zeros,0.0000000000
1060445,6551882140780,btc_qm_engine,btc_sha256_elapsed_ns,1051.0000000000
1060446,6551882140988,btc_qm_engine,btc_sha256_nonce,325158142.0000000000
1060447,6551882141117,btc_qm_engine,btc_sha256_nonce,2434809086.0000000000
1060448,6551882141188,btc_qm_engine,btc_leading_zeros,0.0000000000
1060449,6551882141271,btc_qm_engine,btc_sha256_elapsed_ns,925.0000000000
1060450,6551882141373,btc_qm_engine,btc_leading_zeros,1.0000000000
1060451,6551882141523,btc_qm_engine,btc_leading_zeros,2.0000000000
1060452,6551882141614,btc_qm_engine,btc_sha256_elapsed_ns,1063.0000000000
1060453,6551882141804,btc_qm_engine,btc_sha256_nonce,3143971928.0000000000
1060454,6551882142155,btc_qm_engine,btc_leading_zeros,4.0000000000
1060455,6551882142221,btc_qm_engine,btc_sha256_elapsed_ns,948.0000000000
1060456,6551882142599,btc_qm_engine,btc_sha256_nonce,1440062401.0000000000
1060457,6551882142726,btc_qm_engine,btc_leading_zeros,2.0000000000
1060458,6551882142845,btc_qm_engine,btc_sha256_nonce,2737826503.0000000000
1060459,6551882142925,btc_qm_engine,btc_leading_zeros,0.0000000000
1060460,6551882142991,btc_qm_engine,btc_sha256_elapsed_ns,1032.0000000000
1060461,6551882143229,btc_qm_engine,btc_sha256_nonce,2103362107.0000000000
1060462,6551882143585,btc_qm_engine,btc_sha256_elapsed_ns,1075.0000000000
1060463,6551882143892,btc_qm_engine,btc_sha256_nonce,1721277325.0000000000
1060464,6551882144102,btc_qm_engine,btc_sha256_nonce,2330628064.0000000000
1060465,6551882144237,btc_qm_engine,btc_sha256_nonce,894979995.0000000000
1060466,6551882144415,btc_qm_engine,btc_leading_zeros,4.0000000000
1060467,6551882144496,btc_qm_engine,btc_sha256_elapsed_ns,1108.0000000000
1060468,6551882144648,btc_qm_engine,btc_leading_zeros,0.0000000000
1060469,6551882145175,btc_qm_engine,btc_sha256_elapsed_ns,1099.0000000000
1060470,6551882145349,btc_qm_engine,btc_sha256_nonce,3902543095.0000000000
1060471,6551882145420,btc_qm_engine,btc_leading_zeros,1.0000000000
1060472,6551882145485,btc_qm_engine,btc_sha256_elapsed_ns,812.0000000000
1060473,6551882146390,btc_qm_engine,btc_sha256_nonce,739550076.0000000000
1060474,6551882146438,btc_qm_engine,btc_leading_zeros,3.0000000000
1060475,6551882146488,btc_qm_engine,btc_sha256_elapsed_ns,733.0000000000
1060476,6551882146676,btc_qm_engine,btc_sha256_nonce,2282637184.0000000000
1060477,6551882146957,btc_qm_engine,btc_leading_zeros,0.0000000000
1060478,6551882147006,btc_qm_engine,btc_sha256_elapsed_ns,729.0000000000
1060479,6551882147179,btc_qm_engine,btc_sha256_nonce,3353658349.0000000000
1060480,6551882147259,btc_qm_engine,btc_leading_zeros,0.0000000000
1060481,6551882147329,btc_qm_engine,btc_sha256_elapsed_ns,1086.0000000000
1060482,6551882147585,btc_qm_engine,btc_sha256_nonce,2193826832.0000000000
1060483,6551882147734,btc_qm_engine,btc_sha256_elapsed_ns,1069.0000000000
1060484,6551882148109,btc_qm_engine,btc_leading_zeros,0.0000000000
1060485,6551882148255,btc_qm_engine,btc_leading_zeros,2.0000000000
1060486,6551882148718,btc_qm_engine,btc_sha256_nonce,3324318843.0000000000
1060487,6551882149037,btc_qm_engine,btc_sha256_nonce,2102668127.0000000000
1060488,6551882149153,btc_qm_engine,btc_leading_zeros,1.0000000000
1060489,6551882149688,btc_qm_engine,btc_sha256_nonce,3639337789.0000000000
1060490,6551882150074,btc_qm_engine,btc_leading_zeros,0.0000000000
1060491,6551882150220,btc_qm_engine,btc_sha256_elapsed_ns,996.0000000000
1060492,6551882150485,btc_qm_engine,btc_leading_zeros,0.0000000000
1060493,6551882150719,btc_qm_engine,btc_leading_zeros,1.0000000000
1060494,6551882150904,btc_qm_engine,btc_sha256_elapsed_ns,923.0000000000
1060495,6551882150992,btc_qm_engine,btc_sha256_elapsed_ns,764.0000000000
1060496,6551882151641,btc_qm_engine,btc_sha256_nonce,234585493.0000000000
1060497,6551882151711,btc_qm_engine,btc_leading_zeros,0.0000000000
1060498,6551882151762,btc_qm_engine,btc_sha256_elapsed_ns,881.0000000000
1060499,6551882152266,btc_qm_engine,btc_sha256_nonce,3789044791.0000000000
1060500,6551882152348,btc_qm_engine,btc_leading_zeros,0.0000000000
1060501,6551882152418,btc_qm_engine,btc_sha256_elapsed_ns,1084.0000000000
1060502,6551882152740,btc_qm_engine,btc_sha256_nonce,667330354.0000000000
1060503,6551882152942,btc_qm_engine,btc_sha256_nonce,3497347860.0000000000
1060504,6551882153024,btc_qm_engine,btc_leading_zeros,2.0000000000
1060505,6551882153103,btc_qm_engine,btc_sha256_elapsed_ns,1098.0000000000
1060506,6551882153345,btc_qm_engine,btc_leading_zeros,0.0000000000
1060507,6551882153508,btc_qm_engine,btc_leading_zeros,0.0000000000
1060508,6551882153703,btc_qm_engine,btc_sha256_nonce,1274870412.0000000000
1060509,6551882153883,btc_qm_engine,btc_sha256_elapsed_ns,1041.0000000000
1060510,6551882154032,btc_qm_engine,btc_sha256_elapsed_ns,816.0000000000
1060511,6551882154181,btc_qm_engine,btc_leading_zeros,2.0000000000
1060512,6551882154391,btc_qm_engine,btc_sha256_nonce,3145418699.0000000000
1060513,6551882154515,btc_qm_engine,btc_leading_zeros,0.0000000000
1060514,6551882154571,btc_qm_engine,btc_sha256_elapsed_ns,941.0000000000
1060515,6551882154900,btc_qm_engine,btc_sha256_elapsed_ns,748.0000000000
1060516,6551882155480,btc_qm_engine,btc_sha256_nonce,2599578508.0000000000
1060517,6551882155850,btc_qm_engine,btc_sha256_elapsed_ns,1040.0000000000
1060518,6551882156025,btc_qm_engine,btc_sha256_nonce,1469297612.0000000000
1060519,6551882156124,btc_qm_engine,btc_leading_zeros,2.0000000000
1060520,6551882156196,btc_qm_engine,btc_sha256_elapsed_ns,1073.0000000000
1060521,6551882156660,btc_qm_engine,btc_sha256_nonce,665117873.0000000000
1060522,6551882156831,btc_qm_engine,btc_leading_zeros,1.0000000000
1060523,6551882156914,btc_qm_engine,btc_sha256_elapsed_ns,980.0000000000
1060524,6551882157066,btc_qm_engine,btc_leading_zeros,0.0000000000
1060525,6551882157140,btc_qm_engine,btc_sha256_elapsed_ns,1088.0000000000
1060526,6551882157318,btc_qm_engine,btc_sha256_nonce,1103839354.0000000000
1060527,6551882157573,btc_qm_engine,btc_leading_zeros,1.0000000000
1060528,6551882157622,btc_qm_engine,btc_sha256_elapsed_ns,725.0000000000
1060529,6551882157827,btc_qm_engine,btc_sha256_nonce,2283001902.0000000000
1060530,6551882157908,btc_qm_engine,btc_leading_zeros,1.0000000000
1060531,6551882157979,btc_qm_engine,btc_sha256_elapsed_ns,1083.0000000000
1060532,6551882158166,btc_qm_engine,btc_sha256_nonce,1210380921.0000000000
1060533,6551882158246,btc_qm_engine,btc_leading_zeros,0.0000000000
1060534,6551882158320,btc_qm_engine,btc_sha256_elapsed_ns,1009.0000000000
1060535,6551882158516,btc_qm_engine,btc_sha256_nonce,3115550330.0000000000
1060536,6551882158712,btc_qm_engine,btc_sha256_nonce,694198867.0000000000
1060537,6551882159136,btc_qm_engine,btc_leading_zeros,0.0000000000
1060538,6551882159234,btc_qm_engine,btc_leading_zeros,0.0000000000
1060539,6551882159506,btc_qm_engine,btc_sha256_elapsed_ns,1083.0000000000
1060540,6551882159838,btc_qm_engine,btc_sha256_nonce,2446062092.0000000000
1060541,6551882160315,btc_qm_engine,btc_sha256_elapsed_ns,731.0000000000
1060542,6551882160675,btc_qm_engine,btc_sha256_nonce,4263454870.0000000000
1060543,6551882161166,btc_qm_engine,btc_leading_zeros,0.0000000000
1060544,6551882161345,btc_qm_engine,btc_leading_zeros,1.0000000000
1060545,6551882161435,btc_qm_engine,btc_sha256_elapsed_ns,975.0000000000
1060546,6551882161610,btc_qm_engine,btc_sha256_nonce,3886356675.0000000000
1060547,6551882161812,btc_qm_engine,btc_sha256_nonce,2742939154.0000000000
1060548,6551882162011,btc_qm_engine,btc_sha256_nonce,2726096015.0000000000
1060549,6551882162424,btc_qm_engine,btc_leading_zeros,0.0000000000
1060550,6551882162579,btc_qm_engine,btc_leading_zeros,3.0000000000
1060551,6551882162681,btc_qm_engine,btc_sha256_nonce,4247824737.0000000000
1060552,6551882162797,btc_qm_engine,btc_sha256_elapsed_ns,1038.0000000000
1060553,6551882162999,btc_qm_engine,btc_sha256_elapsed_ns,735.0000000000
1060554,6551882163408,btc_qm_engine,btc_sha256_elapsed_ns,1024.0000000000
1060555,6551882163875,btc_qm_engine,btc_leading_zeros,0.0000000000
1060556,6551882164236,btc_qm_engine,btc_sha256_elapsed_ns,970.0000000000
1060557,6551882164415,btc_qm_engine,btc_sha256_nonce,3269643963.0000000000
1060558,6551882164731,btc_qm_engine,btc_sha256_nonce,3920260790.0000000000
1060559,6551882165148,btc_qm_engine,btc_sha256_nonce,379107942.0000000000
1060560,6551882165326,btc_qm_engine,btc_leading_zeros,0.0000000000
1060561,6551882165492,btc_qm_engine,btc_sha256_nonce,2171115987.0000000000
1060562,6551882165570,btc_qm_engine,btc_leading_zeros,1.0000000000
1060563,6551882165738,btc_qm_engine,btc_sha256_elapsed_ns,959.0000000000
1060564,6551882165847,btc_qm_engine,btc_leading_zeros,0.0000000000
1060565,6551882166115,btc_qm_engine,btc_leading_zeros,0.0000000000
1060566,6551882166271,btc_qm_engine,btc_leading_zeros,0.0000000000
1060567,6551882166501,btc_qm_engine,btc_sha256_elapsed_ns,1013.0000000000
1060568,6551882166723,btc_qm_engine,btc_sha256_elapsed_ns,987.0000000000
1060569,6551882167003,btc_qm_engine,btc_leading_zeros,0.0000000000
1060570,6551882167556,btc_qm_engine,btc_sha256_elapsed_ns,988.0000000000
1060571,6551882168166,btc_qm_engine,btc_sha256_nonce,1461380064.0000000000
1060572,6551882168531,btc_qm_engine,btc_sha256_nonce,777703863.0000000000
1060573,6551882168916,btc_qm_engine,btc_leading_zeros,2.0000000000
1060574,6551882169001,btc_qm_engine,btc_sha256_elapsed_ns,903.0000000000
1060575,6551882169583,btc_qm_engine,btc_sha256_elapsed_ns,1126.0000000000
1060576,6551882170351,btc_qm_engine,btc_sha256_nonce,863187082.0000000000
1060577,6551882170435,btc_qm_engine,btc_leading_zeros,4.0000000000
1060578,6551882170509,btc_qm_engine,btc_sha256_elapsed_ns,1081.0000000000
1060579,6551882170714,btc_qm_engine,btc_leading_zeros,0.0000000000
1060580,6551882170830,btc_qm_engine,btc_sha256_elapsed_ns,943.0000000000
1060581,6551882171106,btc_qm_engine,btc_sha256_nonce,3457265475.0000000000
1060582,6551882171185,btc_qm_engine,btc_leading_zeros,0.0000000000
1060583,6551882171261,btc_qm_engine,btc_sha256_nonce,1129633317.0000000000
1060584,6551882171631,btc_qm_engine,btc_sha256_elapsed_ns,1149.0000000000
1060585,6551882171698,btc_qm_engine,btc_leading_zeros,2.0000000000
1060586,6551882172190,btc_qm_engine,btc_sha256_nonce,749368442.0000000000
1060587,6551882172384,btc_qm_engine,btc_sha256_elapsed_ns,1069.0000000000
1060588,6551882172871,btc_qm_engine,btc_sha256_nonce,2704488600.0000000000
1060589,6551882173118,btc_qm_engine,btc_leading_zeros,0.0000000000
1060590,6551882173520,btc_qm_engine,btc_sha256_elapsed_ns,1004.0000000000
1060591,6551882173728,btc_qm_engine,btc_sha256_elapsed_ns,1133.0000000000
1060592,6551882174217,btc_qm_engine,btc_sha256_nonce,2549786148.0000000000
1060593,6551882174295,btc_qm_engine,btc_leading_zeros,1.0000000000
1060594,6551882174358,btc_qm_engine,btc_sha256_elapsed_ns,938.0000000000
1060595,6551882175678,btc_qm_engine,btc_sha256_nonce,2265179117.0000000000
1060596,6551882175844,btc_qm_engine,btc_sha256_nonce,2955350236.0000000000
1060597,6551882176173,btc_qm_engine,btc_leading_zeros,0.0000000000
1060598,6551882176301,btc_qm_engine,btc_sha256_elapsed_ns,939.0000000000
1060599,6551882176472,btc_qm_engine,btc_sha256_nonce,2249424748.0000000000
1060600,6551882176682,btc_qm_engine,btc_sha256_elapsed_ns,1077.0000000000
1060601,6551882177218,btc_qm_engine,btc_leading_zeros,1.0000000000
1060602,6551882177296,btc_qm_engine,btc_sha256_elapsed_ns,1086.0000000000
1060603,6551882177606,btc_qm_engine,btc_sha256_nonce,1419353688.0000000000
1060604,6551882177718,btc_qm_engine,btc_sha256_nonce,2080572937.0000000000
1060605,6551882178294,btc_qm_engine,btc_leading_zeros,0.0000000000
1060606,6551882178662,btc_qm_engine,btc_sha256_nonce,4012110871.0000000000
1060607,6551882178744,btc_qm_engine,btc_leading_zeros,0.0000000000
1060608,6551882178956,btc_qm_engine,btc_sha256_elapsed_ns,1047.0000000000
1060609,6551882179083,btc_qm_engine,btc_leading_zeros,2.0000000000
1060610,6551882179223,btc_qm_engine,btc_leading_zeros,0.0000000000
1060611,6551882179438,btc_qm_engine,btc_sha256_elapsed_ns,1087.0000000000
1060612,6551882179594,btc_qm_engine,btc_sha256_nonce,1292862181.0000000000
1060613,6551882180020,btc_qm_engine,btc_leading_zeros,1.0000000000
1060614,6551882180080,btc_qm_engine,btc_sha256_elapsed_ns,1041.0000000000
1060615,6551882180329,btc_qm_engine,btc_sha256_nonce,2520859000.0000000000
1060616,6551882180409,btc_qm_engine,btc_leading_zeros,0.0000000000
1060617,6551882180552,btc_qm_engine,btc_sha256_nonce,2282605153.0000000000
1060618,6551882180865,btc_qm_engine,btc_leading_zeros,2.0000000000
1060619,6551882180917,btc_qm_engine,btc_sha256_elapsed_ns,785.0000000000
1060620,6551882181064,btc_qm_engine,btc_sha256_elapsed_ns,1067.0000000000
1060621,6551882181372,btc_qm_engine,btc_sha256_nonce,1153680356.0000000000
1060622,6551882181517,btc_qm_engine,btc_sha256_nonce,3997728681.0000000000
1060623,6551882181597,btc_qm_engine,btc_leading_zeros,0.0000000000
1060624,6551882181662,btc_qm_engine,btc_sha256_elapsed_ns,1125.0000000000
1060625,6551882181794,btc_qm_engine,btc_leading_zeros,1.0000000000
1060626,6551882181972,btc_qm_engine,btc_sha256_nonce,1615994798.0000000000
1060627,6551882182052,btc_qm_engine,btc_leading_zeros,0.0000000000
1060628,6551882182110,btc_qm_engine,btc_sha256_elapsed_ns,821.0000000000
1060629,6551882182290,btc_qm_engine,btc_sha256_elapsed_ns,765.0000000000
1060630,6551882182484,btc_qm_engine,btc_sha256_nonce,531377256.0000000000
1060631,6551882182567,btc_qm_engine,btc_leading_zeros,0.0000000000
1060632,6551882182655,btc_qm_engine,btc_sha256_elapsed_ns,954.0000000000
1060633,6551882182771,btc_qm_engine,btc_leading_zeros,0.0000000000
1060634,6551882182919,btc_qm_engine,btc_sha256_elapsed_ns,927.0000000000
1060635,6551882183169,btc_qm_engine,btc_sha256_elapsed_ns,1050.0000000000
1060636,6551882183340,btc_qm_engine,btc_sha256_nonce,1019818353.0000000000
1060637,6551882183428,btc_qm_engine,btc_leading_zeros,2.0000000000
1060638,6551882183521,btc_qm_engine,btc_sha256_elapsed_ns,974.0000000000
1060639,6551882183600,btc_qm_engine,btc_sha256_nonce,3610838236.0000000000
1060640,6551882183920,btc_qm_engine,btc_leading_zeros,0.0000000000
1060641,6551882184119,btc_qm_engine,btc_sha256_nonce,2645690604.0000000000
1060642,6551882184269,btc_qm_engine,btc_sha256_nonce,3663687745.0000000000
1060643,6551882184404,btc_qm_engine,btc_leading_zeros,0.0000000000
1060644,6551882184482,btc_qm_engine,btc_sha256_elapsed_ns,1074.0000000000
1060645,6551882184796,btc_qm_engine,btc_leading_zeros,2.0000000000
1060646,6551882185011,btc_qm_engine,btc_sha256_nonce,2783354004.0000000000
1060647,6551882185220,btc_qm_engine,btc_sha256_elapsed_ns,1124.0000000000
1060648,6551882185394,btc_qm_engine,btc_sha256_elapsed_ns,978.0000000000
1060649,6551882185859,btc_qm_engine,btc_sha256_nonce,2631631405.0000000000
1060650,6551882186002,btc_qm_engine,btc_sha256_elapsed_ns,1068.0000000000
1060651,6551882186227,btc_qm_engine,btc_leading_zeros,0.0000000000
1060652,6551882186612,btc_qm_engine,btc_leading_zeros,3.0000000000
1060653,6551882186744,btc_qm_engine,btc_sha256_elapsed_ns,1036.0000000000
1060654,6551882187019,btc_qm_engine,btc_sha256_elapsed_ns,1006.0000000000
1060655,6551882187410,btc_qm_engine,btc_sha256_nonce,275206418.0000000000
1060656,6551882187591,btc_qm_engine,btc_leading_zeros,3.0000000000
1060657,6551882188029,btc_qm_engine,btc_sha256_nonce,3755866628.0000000000
1060658,6551882188197,btc_qm_engine,btc_sha256_nonce,2283476787.0000000000
1060659,6551882188405,btc_qm_engine,btc_sha256_nonce,3353712349.0000000000
1060660,6551882189181,btc_qm_engine,btc_sha256_nonce,2564741910.0000000000
1060661,6551882189671,btc_qm_engine,btc_leading_zeros,0.0000000000
1060662,6551882190008,btc_qm_engine,btc_sha256_elapsed_ns,950.0000000000
1060663,6551882190478,btc_qm_engine,btc_leading_zeros,0.0000000000
1060664,6551882190726,btc_qm_engine,btc_sha256_elapsed_ns,1093.0000000000
1060665,6551882191596,btc_qm_engine,btc_sha256_nonce,4085865958.0000000000
1060666,6551882191682,btc_qm_engine,btc_leading_zeros,0.0000000000
1060667,6551882191891,btc_qm_engine,btc_sha256_nonce,2283440568.0000000000
1060668,6551882192074,btc_qm_engine,btc_sha256_elapsed_ns,731.0000000000
1060669,6551882192162,btc_qm_engine,btc_sha256_nonce,2103141749.0000000000
1060670,6551882192525,btc_qm_engine,btc_leading_zeros,1.0000000000
1060671,6551882192583,btc_qm_engine,btc_sha256_elapsed_ns,1108.0000000000
1060672,6551882192818,btc_qm_engine,btc_sha256_nonce,546637273.0000000000
1060673,6551882193195,btc_qm_engine,btc_leading_zeros,0.0000000000
1060674,6551882193348,btc_qm_engine,btc_sha256_nonce,4124679792.0000000000
1060675,6551882193514,btc_qm_engine,btc_sha256_nonce,2643999604.0000000000
1060676,6551882193586,btc_qm_engine,btc_leading_zeros,1.0000000000
1060677,6551882193772,btc_qm_engine,btc_sha256_elapsed_ns,733.0000000000
1060678,6551882194189,btc_qm_engine,btc_leading_zeros,0.0000000000
1060679,6551882194596,btc_qm_engine,btc_leading_zeros,2.0000000000
1060680,6551882194717,btc_qm_engine,btc_leading_zeros,1.0000000000
1060681,6551882194814,btc_qm_engine,btc_sha256_elapsed_ns,1093.0000000000
1060682,6551882194982,btc_qm_engine,btc_sha256_elapsed_ns,1043.0000000000
1060683,6551882195301,btc_qm_engine,btc_sha256_elapsed_ns,959.0000000000
1060684,6551882195749,btc_qm_engine,btc_sha256_nonce,2877112827.0000000000
1060685,6551882196111,btc_qm_engine,btc_leading_zeros,3.0000000000
1060686,6551882196224,btc_qm_engine,btc_sha256_elapsed_ns,739.0000000000
1060687,6551882196375,btc_qm_engine,btc_sha256_elapsed_ns,1100.0000000000
1060688,6551882196704,btc_qm_engine,btc_sha256_nonce,4196336753.0000000000
1060689,6551882196826,btc_qm_engine,btc_sha256_nonce,1855481134.0000000000
1060690,6551882196901,btc_qm_engine,btc_leading_zeros,1.0000000000
1060691,6551882196994,btc_qm_engine,btc_sha256_elapsed_ns,1053.0000000000
1060692,6551882197204,btc_qm_engine,btc_sha256_elapsed_ns,1046.0000000000
1060693,6551882197698,btc_qm_engine,btc_leading_zeros,2.0000000000
1060694,6551882197897,btc_qm_engine,btc_sha256_nonce,909943539.0000000000
1060695,6551882197979,btc_qm_engine,btc_leading_zeros,1.0000000000
1060696,6551882198050,btc_qm_engine,btc_sha256_elapsed_ns,994.0000000000
1060697,6551882198250,btc_qm_engine,btc_sha256_elapsed_ns,1120.0000000000
1060698,6551882198647,btc_qm_engine,btc_sha256_nonce,3918338094.0000000000
1060699,6551882198857,btc_qm_engine,btc_sha256_nonce,3197805784.0000000000
1060700,6551882199104,btc_qm_engine,btc_sha256_elapsed_ns,1035.0000000000
1060701,6551882199198,btc_qm_engine,btc_leading_zeros,1.0000000000
1060702,6551882199389,btc_qm_engine,btc_sha256_nonce,2282938670.0000000000
1060703,6551882199807,btc_qm_engine,btc_leading_zeros,1.0000000000
1060704,6551882199969,btc_qm_engine,btc_sha256_nonce,3866035317.0000000000
1060705,6551882200821,btc_qm_engine,btc_leading_zeros,1.0000000000
1060706,6551882201426,btc_qm_engine,btc_leading_zeros,2.0000000000
1060707,6551882201740,btc_qm_engine,btc_sha256_elapsed_ns,970.0000000000
1060708,6551882202564,btc_qm_engine,btc_sha256_nonce,281823713.0000000000
1060709,6551882202637,btc_qm_engine,btc_leading_zeros,0.0000000000
1060710,6551882202708,btc_qm_engine,btc_sha256_elapsed_ns,1118.0000000000
1060711,6551882202958,btc_qm_engine,btc_sha256_nonce,2283276465.0000000000
1060712,6551882203036,btc_qm_engine,btc_leading_zeros,1.0000000000
1060713,6551882203097,btc_qm_engine,btc_sha256_elapsed_ns,962.0000000000
1060714,6551882203300,btc_qm_engine,btc_sha256_elapsed_ns,1011.0000000000
1060715,6551882203402,btc_qm_engine,btc_sha256_elapsed_ns,996.0000000000
1060716,6551882203696,btc_qm_engine,btc_sha256_nonce,1827861510.0000000000
1060717,6551882204068,btc_qm_engine,btc_leading_zeros,1.0000000000
1060718,6551882204147,btc_qm_engine,btc_sha256_elapsed_ns,1030.0000000000
1060719,6551882204367,btc_qm_engine,btc_sha256_nonce,699598834.0000000000
1060720,6551882204508,btc_qm_engine,btc_leading_zeros,0.0000000000
1060721,6551882204765,btc_qm_engine,btc_sha256_nonce,4274201779.0000000000
1060722,6551882204847,btc_qm_engine,btc_leading_zeros,1.0000000000
1060723,6551882205052,btc_qm_engine,btc_sha256_nonce,3265793610.0000000000
1060724,6551882205302,btc_qm_engine,btc_sha256_nonce,3332476062.0000000000
1060725,6551882205422,btc_qm_engine,btc_sha256_nonce,734699086.0000000000
1060726,6551882205492,btc_qm_engine,btc_leading_zeros,1.0000000000
1060727,6551882205603,btc_qm_engine,btc_leading_zeros,1.0000000000
1060728,6551882205820,btc_qm_engine,btc_leading_zeros,1.0000000000
1060729,6551882206625,btc_qm_engine,btc_leading_zeros,0.0000000000
1060730,6551882206812,btc_qm_engine,btc_sha256_elapsed_ns,1119.0000000000
1060731,6551882207102,btc_qm_engine,btc_sha256_elapsed_ns,1109.0000000000
1060732,6551882207487,btc_qm_engine,btc_sha256_elapsed_ns,1068.0000000000
1060733,6551882208318,btc_qm_engine,btc_sha256_nonce,1318400110.0000000000
1060734,6551882208415,btc_qm_engine,btc_leading_zeros,0.0000000000
1060735,6551882208690,btc_qm_engine,btc_sha256_elapsed_ns,1125.0000000000
1060736,6551882209019,btc_qm_engine,btc_sha256_nonce,3353693925.0000000000
1060737,6551882209238,btc_qm_engine,btc_sha256_nonce,2964024727.0000000000
1060738,6551882209537,btc_qm_engine,btc_sha256_nonce,2015824742.0000000000
1060739,6551882209639,btc_qm_engine,btc_leading_zeros,2.0000000000
1060740,6551882209728,btc_qm_engine,btc_sha256_elapsed_ns,1151.0000000000
1060741,6551882209956,btc_qm_engine,btc_leading_zeros,0.0000000000
1060742,6551882210112,btc_qm_engine,btc_sha256_elapsed_ns,1035.0000000000
1060743,6551882210309,btc_qm_engine,btc_sha256_nonce,1169354319.0000000000
1060744,6551882210386,btc_qm_engine,btc_leading_zeros,2.0000000000
1060745,6551882210459,btc_qm_engine,btc_sha256_elapsed_ns,859.0000000000
1060746,6551882210728,btc_qm_engine,btc_sha256_elapsed_ns,1081.0000000000
1060747,6551882211202,btc_qm_engine,btc_sha256_nonce,423160561.0000000000
1060748,6551882211463,btc_qm_engine,btc_leading_zeros,1.0000000000
1060749,6551882211537,btc_qm_engine,btc_sha256_elapsed_ns,1002.0000000000
1060750,6551882211781,btc_qm_engine,btc_sha256_nonce,610686819.0000000000
1060751,6551882211862,btc_qm_engine,btc_sha256_nonce,1939615117.0000000000
1060752,6551882212200,btc_qm_engine,btc_sha256_elapsed_ns,825.0000000000
1060753,6551882212342,btc_qm_engine,btc_leading_zeros,2.0000000000
1060754,6551882212618,btc_qm_engine,btc_sha256_elapsed_ns,1090.0000000000
1060755,6551882213047,btc_qm_engine,btc_sha256_nonce,2283971387.0000000000
1060756,6551882213183,btc_qm_engine,btc_sha256_elapsed_ns,1050.0000000000
1060757,6551882213435,btc_qm_engine,btc_leading_zeros,1.0000000000
1060758,6551882213538,btc_qm_engine,btc_sha256_elapsed_ns,1073.0000000000
1060759,6551882213630,btc_qm_engine,btc_sha256_nonce,3137014467.0000000000
1060760,6551882213971,btc_qm_engine,btc_leading_zeros,4.0000000000
1060761,6551882214056,btc_qm_engine,btc_sha256_elapsed_ns,1001.0000000000
1060762,6551882214337,btc_qm_engine,btc_sha256_nonce,389900475.0000000000
1060763,6551882214423,btc_qm_engine,btc_leading_zeros,0.0000000000
1060764,6551882214496,btc_qm_engine,btc_sha256_elapsed_ns,1053.0000000000
1060765,6551882214800,btc_qm_engine,btc_sha256_nonce,2847859931.0000000000
1060766,6551882214906,btc_qm_engine,btc_sha256_nonce,3353326467.0000000000
1060767,6551882215379,btc_qm_engine,btc_leading_zeros,1.0000000000
1060768,6551882215473,btc_qm_engine,btc_leading_zeros,0.0000000000
1060769,6551882215678,btc_qm_engine,btc_sha256_nonce,742531731.0000000000
1060770,6551882215969,btc_qm_engine,btc_leading_zeros,1.0000000000
1060771,6551882216053,btc_qm_engine,btc_sha256_nonce,863573151.0000000000
1060772,6551882216802,btc_qm_engine,btc_sha256_nonce,7182798.0000000000
1060773,6551882217105,btc_qm_engine,btc_leading_zeros,0.0000000000
1060774,6551882217198,btc_qm_engine,btc_sha256_elapsed_ns,1053.0000000000
1060775,6551882217632,btc_qm_engine,btc_sha256_elapsed_ns,11373.0000000000
1060776,6551882217949,btc_qm_engine,btc_leading_zeros,0.0000000000
1060777,6551882218357,btc_qm_engine,btc_sha256_elapsed_ns,1091.0000000000
1060778,6551882218480,btc_qm_engine,btc_sha256_nonce,273981407.0000000000
1060779,6551882218557,btc_qm_engine,btc_leading_zeros,3.0000000000
1060780,6551882218625,btc_qm_engine,btc_sha256_elapsed_ns,1035.0000000000
1060781,6551882218752,btc_qm_engine,btc_leading_zeros,1.0000000000
1060782,6551882219240,btc_qm_engine,btc_sha256_nonce,2644429197.0000000000
1060783,6551882219425,btc_qm_engine,btc_sha256_elapsed_ns,962.0000000000
1060784,6551882219638,btc_qm_engine,btc_sha256_nonce,208198155.0000000000
1060785,6551882219725,btc_qm_engine,btc_leading_zeros,2.0000000000
1060786,6551882219863,btc_qm_engine,btc_sha256_nonce,2521081344.0000000000
1060787,6551882220097,btc_qm_engine,btc_sha256_elapsed_ns,1020.0000000000
1060788,6551882220236,btc_qm_engine,btc_leading_zeros,0.0000000000
1060789,6551882220551,btc_qm_engine,btc_leading_zeros,0.0000000000
1060790,6551882220712,btc_qm_engine,btc_sha256_elapsed_ns,995.0000000000
1060791,6551882220933,btc_qm_engine,btc_sha256_nonce,610191975.0000000000
1060792,6551882221318,btc_qm_engine,btc_leading_zeros,1.0000000000
1060793,6551882221476,btc_qm_engine,btc_sha256_nonce,739353965.0000000000
1060794,6551882221552,btc_qm_engine,btc_leading_zeros,2.0000000000
1060795,6551882221636,btc_qm_engine,btc_sha256_elapsed_ns,882.0000000000
1060796,6551882221708,btc_qm_engine,btc_sha256_elapsed_ns,1153.0000000000
1060797,6551882221871,btc_qm_engine,btc_sha256_elapsed_ns,1071.0000000000
1060798,6551882222164,btc_qm_engine,btc_sha256_elapsed_ns,1116.0000000000
1060799,6551882222524,btc_qm_engine,btc_sha256_elapsed_ns,1088.0000000000
1060800,6551882222663,btc_qm_engine,btc_sha256_nonce,4236291749.0000000000
1060801,6551882223155,btc_qm_engine,btc_sha256_nonce,281428573.0000000000
1060802,6551882223373,btc_qm_engine,btc_sha256_nonce,3188019785.0000000000
1060803,6551882223649,btc_qm_engine,btc_sha256_elapsed_ns,954.0000000000
1060804,6551882223805,btc_qm_engine,btc_sha256_nonce,1576840397.0000000000
1060805,6551882223980,btc_qm_engine,btc_sha256_nonce,3521445615.0000000000
1060806,6551882224214,btc_qm_engine,btc_leading_zeros,2.0000000000
1060807,6551882224790,btc_qm_engine,btc_sha256_nonce,3353011190.0000000000
1060808,6551882225380,btc_qm_engine,btc_leading_zeros,4.0000000000
1060809,6551882225452,btc_qm_engine,btc_sha256_elapsed_ns,1090.0000000000
1060810,6551882226081,btc_qm_engine,btc_leading_zeros,0.0000000000
1060811,6551882226210,btc_qm_engine,btc_sha256_elapsed_ns,1024.0000000000
1060812,6551882226774,btc_qm_engine,btc_sha256_nonce,2104658418.0000000000
1060813,6551882226855,btc_qm_engine,btc_leading_zeros,0.0000000000
1060814,6551882226931,btc_qm_engine,btc_sha256_elapsed_ns,1067.0000000000
1060815,6551882227438,btc_qm_engine,btc_sha256_nonce,2010906450.0000000000
1060816,6551882227744,btc_qm_engine,btc_sha256_elapsed_ns,938.0000000000
1060817,6551882228027,btc_qm_engine,btc_leading_zeros,1.0000000000
1060818,6551882228248,btc_qm_engine,btc_sha256_nonce,3538797697.0000000000
1060819,6551882228357,btc_qm_engine,btc_leading_zeros,0.0000000000
1060820,6551882228426,btc_qm_engine,btc_sha256_elapsed_ns,1068.0000000000
1060821,6551882228560,btc_qm_engine,btc_sha256_nonce,1018666040.0000000000
1060822,6551882228884,btc_qm_engine,btc_leading_zeros,2.0000000000
1060823,6551882229162,btc_qm_engine,btc_sha256_nonce,2354595929.0000000000
1060824,6551882229453,btc_qm_engine,btc_leading_zeros,3.0000000000
1060825,6551882229642,btc_qm_engine,btc_sha256_elapsed_ns,1142.0000000000
1060826,6551882229840,btc_qm_engine,btc_sha256_elapsed_ns,834.0000000000
1060827,6551882230500,btc_qm_engine,btc_sha256_elapsed_ns,1070.0000000000
1060828,6551882230739,btc_qm_engine,btc_sha256_nonce,1709162358.0000000000
1060829,6551882231067,btc_qm_engine,btc_leading_zeros,0.0000000000
1060830,6551882231129,btc_qm_engine,btc_sha256_elapsed_ns,1095.0000000000
1060831,6551882231479,btc_qm_engine,btc_sha256_nonce,2520647629.0000000000
1060832,6551882231549,btc_qm_engine,btc_leading_zeros,0.0000000000
1060833,6551882231602,btc_qm_engine,btc_sha256_elapsed_ns,742.0000000000
1060834,6551882231765,btc_qm_engine,btc_sha256_nonce,2176296084.0000000000
1060835,6551882231844,btc_qm_engine,btc_leading_zeros,0.0000000000
1060836,6551882231924,btc_qm_engine,btc_sha256_elapsed_ns,1080.0000000000
1060837,6551882232157,btc_qm_engine,btc_sha256_nonce,2283576034.0000000000
1060838,6551882232222,btc_qm_engine,btc_leading_zeros,0.0000000000
1060839,6551882232295,btc_qm_engine,btc_sha256_elapsed_ns,1073.0000000000
1060840,6551882232486,btc_qm_engine,btc_sha256_nonce,4279334323.0000000000
1060841,6551882232701,btc_qm_engine,btc_sha256_nonce,2798010888.0000000000
1060842,6551882232779,btc_qm_engine,btc_leading_zeros,0.0000000000
1060843,6551882233280,btc_qm_engine,btc_sha256_nonce,2102534453.0000000000
1060844,6551882233555,btc_qm_engine,btc_leading_zeros,0.0000000000
1060845,6551882233693,btc_qm_engine,btc_leading_zeros,0.0000000000
1060846,6551882233776,btc_qm_engine,btc_sha256_elapsed_ns,1106.0000000000
1060847,6551882233992,btc_qm_engine,btc_leading_zeros,0.0000000000
1060848,6551882234199,btc_qm_engine,btc_leading_zeros,0.0000000000
1060849,6551882234729,btc_qm_engine,btc_sha256_nonce,2282790391.0000000000
1060850,6551882234875,btc_qm_engine,btc_sha256_elapsed_ns,1003.0000000000
1060851,6551882234975,btc_qm_engine,btc_sha256_elapsed_ns,949.0000000000
1060852,6551882235126,btc_qm_engine,btc_leading_zeros,1.0000000000
1060853,6551882235298,btc_qm_engine,btc_sha256_nonce,1090639151.0000000000
1060854,6551882235992,btc_qm_engine,btc_sha256_nonce,138599830.0000000000
1060855,6551882236381,btc_qm_engine,btc_sha256_elapsed_ns,882.0000000000
1060856,6551882236508,btc_qm_engine,btc_leading_zeros,0.0000000000
1060857,6551882236685,btc_qm_engine,btc_sha256_nonce,49027723.0000000000
1060858,6551882236761,btc_qm_engine,btc_leading_zeros,0.0000000000
1060859,6551882236831,btc_qm_engine,btc_sha256_elapsed_ns,1115.0000000000
1060860,6551882237042,btc_qm_engine,btc_sha256_elapsed_ns,890.0000000000
1060861,6551882237720,btc_qm_engine,btc_leading_zeros,2.0000000000
1060862,6551882237849,btc_qm_engine,btc_sha256_elapsed_ns,1095.0000000000
1060863,6551882238003,btc_qm_engine,btc_sha256_nonce,2424253718.0000000000
1060864,6551882238217,btc_qm_engine,btc_leading_zeros,0.0000000000
1060865,6551882238377,btc_qm_engine,btc_sha256_elapsed_ns,875.0000000000
1060866,6551882238551,btc_qm_engine,btc_sha256_elapsed_ns,743.0000000000
1060867,6551882239024,btc_qm_engine,btc_leading_zeros,2.0000000000
1060868,6551882239170,btc_qm_engine,btc_sha256_nonce,3272556287.0000000000
1060869,6551882239243,btc_qm_engine,btc_leading_zeros,0.0000000000
1060870,6551882239316,btc_qm_engine,btc_sha256_elapsed_ns,1070.0000000000
1060871,6551882239868,btc_qm_engine,btc_sha256_nonce,2520876091.0000000000
1060872,6551882239937,btc_qm_engine,btc_leading_zeros,1.0000000000
1060873,6551882239989,btc_qm_engine,btc_sha256_elapsed_ns,864.0000000000
1060874,6551882240242,btc_qm_engine,btc_leading_zeros,3.0000000000
1060875,6551882240694,btc_qm_engine,btc_sha256_nonce,503239996.0000000000
1060876,6551882240888,btc_qm_engine,btc_sha256_nonce,2102389458.0000000000
1060877,6551882241544,btc_qm_engine,btc_sha256_elapsed_ns,1046.0000000000
1060878,6551882241740,btc_qm_engine,btc_sha256_elapsed_ns,1079.0000000000
1060879,6551882243143,btc_qm_engine,btc_leading_zeros,4.0000000000
1060880,6551882243386,btc_qm_engine,btc_sha256_nonce,3554992378.0000000000
1060881,6551882243466,btc_qm_engine,btc_leading_zeros,0.0000000000
1060882,6551882243602,btc_qm_engine,btc_sha256_elapsed_ns,1084.0000000000
1060883,6551882244252,btc_qm_engine,btc_sha256_elapsed_ns,1089.0000000000
1060884,6551882244608,btc_qm_engine,btc_sha256_nonce,1462124045.0000000000
1060885,6551882245133,btc_qm_engine,btc_leading_zeros,0.0000000000
1060886,6551882245216,btc_qm_engine,btc_sha256_elapsed_ns,1078.0000000000
1060887,6551882245525,btc_qm_engine,btc_sha256_nonce,2848326669.0000000000
1060888,6551882245799,btc_qm_engine,btc_sha256_nonce,2115329022.0000000000
1060889,6551882246062,btc_qm_engine,btc_sha256_nonce,2560425428.0000000000
1060890,6551882246233,btc_qm_engine,btc_leading_zeros,0.0000000000
1060891,6551882246458,btc_qm_engine,btc_leading_zeros,0.0000000000
1060892,6551882246534,btc_qm_engine,btc_sha256_elapsed_ns,1069.0000000000
1060893,6551882246820,btc_qm_engine,btc_leading_zeros,0.0000000000
1060894,6551882246967,btc_qm_engine,btc_sha256_elapsed_ns,1018.0000000000
1060895,6551882247121,btc_qm_engine,btc_sha256_nonce,1394912604.0000000000
1060896,6551882247250,btc_qm_engine,btc_sha256_elapsed_ns,1081.0000000000
1060897,6551882247499,btc_qm_engine,btc_leading_zeros,0.0000000000
1060898,6551882247886,btc_qm_engine,btc_sha256_nonce,713762014.0000000000
1060899,6551882248312,btc_qm_engine,btc_sha256_elapsed_ns,1109.0000000000
1060900,6551882248487,btc_qm_engine,btc_sha256_nonce,750335449.0000000000
1060901,6551882248699,btc_qm_engine,btc_leading_zeros,1.0000000000
1060902,6551882248948,btc_qm_engine,btc_sha256_nonce,2227337236.0000000000
1060903,6551882249233,btc_qm_engine,btc_sha256_nonce,2282440491.0000000000
1060904,6551882249504,btc_qm_engine,btc_sha256_nonce,1640724109.0000000000
1060905,6551882249632,btc_qm_engine,btc_leading_zeros,0.0000000000
1060906,6551882249815,btc_qm_engine,btc_leading_zeros,3.0000000000
1060907,6551882249888,btc_qm_engine,btc_sha256_elapsed_ns,1116.0000000000
1060908,6551882250058,btc_qm_engine,btc_sha256_nonce,4130877152.0000000000
1060909,6551882250237,btc_qm_engine,btc_sha256_elapsed_ns,1104.0000000000
1060910,6551882250618,btc_qm_engine,btc_leading_zeros,0.0000000000
1060911,6551882251167,btc_qm_engine,btc_sha256_elapsed_ns,1061.0000000000
1060912,6551882251342,btc_qm_engine,btc_sha256_nonce,3386286822.0000000000
1060913,6551882251423,btc_qm_engine,btc_leading_zeros,1.0000000000
1060914,6551882251504,btc_qm_engine,btc_sha256_elapsed_ns,1085.0000000000
1060915,6551882251668,btc_qm_engine,btc_sha256_elapsed_ns,1049.0000000000
1060916,6551882251945,btc_qm_engine,btc_sha256_nonce,974700055.0000000000
1060917,6551882252288,btc_qm_engine,btc_leading_zeros,3.0000000000
1060918,6551882252366,btc_qm_engine,btc_sha256_elapsed_ns,1092.0000000000
1060919,6551882252911,btc_qm_engine,btc_sha256_nonce,3352698752.0000000000
1060920,6551882252992,btc_qm_engine,btc_leading_zeros,1.0000000000
1060921,6551882253244,btc_qm_engine,btc_sha256_nonce,1411870735.0000000000
1060922,6551882253380,btc_qm_engine,btc_sha256_nonce,654491151.0000000000
1060923,6551882253628,btc_qm_engine,btc_sha256_nonce,3493433278.0000000000
1060924,6551882253707,btc_qm_engine,btc_leading_zeros,0.0000000000
1060925,6551882253776,btc_qm_engine,btc_sha256_elapsed_ns,1014.0000000000
1060926,6551882254143,btc_qm_engine,btc_leading_zeros,0.0000000000
1060927,6551882254422,btc_qm_engine,btc_leading_zeros,3.0000000000
1060928,6551882254584,btc_qm_engine,btc_sha256_elapsed_ns,1131.0000000000
1060929,6551882254844,btc_qm_engine,btc_sha256_elapsed_ns,1139.0000000000
1060930,6551882254976,btc_qm_engine,btc_sha256_nonce,2151785671.0000000000
1060931,6551882255120,btc_qm_engine,btc_leading_zeros,1.0000000000
1060932,6551882255343,btc_qm_engine,btc_leading_zeros,0.0000000000
1060933,6551882255468,btc_qm_engine,btc_sha256_elapsed_ns,1055.0000000000
1060934,6551882255570,btc_qm_engine,btc_leading_zeros,0.0000000000
1060935,6551882255758,btc_qm_engine,btc_sha256_elapsed_ns,1107.0000000000
1060936,6551882255975,btc_qm_engine,btc_sha256_elapsed_ns,925.0000000000
1060937,6551882256086,btc_qm_engine,btc_sha256_nonce,1551003477.0000000000
1060938,6551882256819,btc_qm_engine,btc_sha256_nonce,197008834.0000000000
1060939,6551882257138,btc_qm_engine,btc_sha256_nonce,2778135586.0000000000
1060940,6551882257311,btc_qm_engine,btc_leading_zeros,0.0000000000
1060941,6551882257446,btc_qm_engine,btc_sha256_nonce,315838117.0000000000
1060942,6551882257525,btc_qm_engine,btc_leading_zeros,0.0000000000
1060943,6551882257619,btc_qm_engine,btc_sha256_elapsed_ns,1025.0000000000
1060944,6551882257813,btc_qm_engine,btc_leading_zeros,1.0000000000
1060945,6551882257916,btc_qm_engine,btc_sha256_elapsed_ns,1093.0000000000
1060946,6551882258059,btc_qm_engine,btc_sha256_elapsed_ns,931.0000000000
1060947,6551882258149,btc_qm_engine,btc_sha256_elapsed_ns,973.0000000000
1060948,6551882258565,btc_qm_engine,btc_sha256_nonce,3614751930.0000000000
1060949,6551882258825,btc_qm_engine,btc_sha256_elapsed_ns,1036.0000000000
1060950,6551882259064,btc_qm_engine,btc_leading_zeros,0.0000000000
1060951,6551882259416,btc_qm_engine,btc_sha256_nonce,864054205.0000000000
1060952,6551882259636,btc_qm_engine,btc_leading_zeros,2.0000000000
1060953,6551882259988,btc_qm_engine,btc_leading_zeros,1.0000000000
1060954,6551882260096,btc_qm_engine,btc_sha256_nonce,694018979.0000000000
1060955,6551882260268,btc_qm_engine,btc_sha256_nonce,4001094484.0000000000
1060956,6551882260366,btc_qm_engine,btc_leading_zeros,0.0000000000
1060957,6551882260572,btc_qm_engine,btc_sha256_elapsed_ns,730.0000000000
1060958,6551882260732,btc_qm_engine,btc_leading_zeros,0.0000000000
1060959,6551882261041,btc_qm_engine,btc_sha256_elapsed_ns,722.0000000000
1060960,6551882261169,btc_qm_engine,btc_leading_zeros,0.0000000000
1060961,6551882261329,btc_qm_engine,btc_sha256_elapsed_ns,842.0000000000
1060962,6551882261486,btc_qm_engine,btc_sha256_nonce,2524582366.0000000000
1060963,6551882261743,btc_qm_engine,btc_sha256_nonce,3774694389.0000000000
1060964,6551882262424,btc_qm_engine,btc_leading_zeros,0.0000000000
1060965,6551882262506,btc_qm_engine,btc_sha256_elapsed_ns,1072.0000000000
1060966,6551882262717,btc_qm_engine,btc_leading_zeros,0.0000000000
1060967,6551882262965,btc_qm_engine,btc_sha256_nonce,2788042077.0000000000
1060968,6551882263225,btc_qm_engine,btc_sha256_nonce,2051587985.0000000000
1060969,6551882263353,btc_qm_engine,btc_sha256_elapsed_ns,909.0000000000
1060970,6551882263665,btc_qm_engine,btc_leading_zeros,0.0000000000
1060971,6551882264055,btc_qm_engine,btc_sha256_nonce,2503206811.0000000000
1060972,6551882264586,btc_qm_engine,btc_sha256_nonce,4141958522.0000000000
1060973,6551882264687,btc_qm_engine,btc_leading_zeros,0.0000000000
1060974,6551882265365,btc_qm_engine,btc_leading_zeros,1.0000000000
1060975,6551882265502,btc_qm_engine,btc_sha256_elapsed_ns,1015.0000000000
1060976,6551882265715,btc_qm_engine,btc_sha256_elapsed_ns,1060.0000000000
1060977,6551882266050,btc_qm_engine,btc_sha256_elapsed_ns,1097.0000000000
1060978,6551882266470,btc_qm_engine,btc_sha256_nonce,3495485506.0000000000
1060979,6551882266544,btc_qm_engine,btc_leading_zeros,0.0000000000
1060980,6551882266815,btc_qm_engine,btc_sha256_nonce,1969289979.0000000000
1060981,6551882266907,btc_qm_engine,btc_leading_zeros,2.0000000000
1060982,6551882267059,btc_qm_engine,btc_sha256_elapsed_ns,868.0000000000
1060983,6551882267367,btc_qm_engine,btc_leading_zeros,0.0000000000
1060984,6551882267471,btc_qm_engine,btc_sha256_elapsed_ns,1020.0000000000
1060985,6551882267710,btc_qm_engine,btc_sha256_nonce,3352769104.0000000000
1060986,6551882268287,btc_qm_engine,btc_sha256_elapsed_ns,740.0000000000
1060987,6551882268468,btc_qm_engine,btc_sha256_nonce,3392125317.0000000000
1060988,6551882268772,btc_qm_engine,btc_sha256_nonce,1595954585.0000000000
1060989,6551882268871,btc_qm_engine,btc_leading_zeros,0.0000000000
1060990,6551882268952,btc_qm_engine,btc_sha256_elapsed_ns,1011.0000000000
1060991,6551882269572,btc_qm_engine,btc_sha256_elapsed_ns,1044.0000000000
1060992,6551882269851,btc_qm_engine,btc_sha256_nonce,2102404821.0000000000
1060993,6551882269921,btc_qm_engine,btc_leading_zeros,0.0000000000
1060994,6551882270463,btc_qm_engine,btc_sha256_elapsed_ns,1045.0000000000
1060995,6551882270631,btc_qm_engine,btc_sha256_elapsed_ns,1083.0000000000
1060996,6551882270842,btc_qm_engine,btc_sha256_nonce,143926923.0000000000
1060997,6551882271297,btc_qm_engine,btc_leading_zeros,0.0000000000
1060998,6551882271412,btc_qm_engine,btc_sha256_elapsed_ns,733.0000000000
1060999,6551882271505,btc_qm_engine,btc_leading_zeros,0.0000000000
1061000,6551882271591,btc_qm_engine,btc_sha256_elapsed_ns,895.0000000000
1061001,6551882271876,btc_qm_engine,btc_sha256_nonce,1181316948.0000000000
1061002,6551882272067,btc_qm_engine,btc_sha256_nonce,3695502640.0000000000
1061003,6551882272161,btc_qm_engine,btc_leading_zeros,0.0000000000
1061004,6551882272305,btc_qm_engine,btc_sha256_elapsed_ns,958.0000000000
1061005,6551882272886,btc_qm_engine,btc_leading_zeros,1.0000000000
1061006,6551882273110,btc_qm_engine,btc_sha256_nonce,1291327609.0000000000
1061007,6551882273413,btc_qm_engine,btc_sha256_elapsed_ns,1050.0000000000
1061008,6551882273518,btc_qm_engine,btc_sha256_nonce,2520933362.0000000000
1061009,6551882273888,btc_qm_engine,btc_leading_zeros,0.0000000000
1061010,6551882273968,btc_qm_engine,btc_leading_zeros,1.0000000000
1061011,6551882274152,btc_qm_engine,btc_sha256_nonce,538538043.0000000000
1061012,6551882274228,btc_qm_engine,btc_leading_zeros,1.0000000000
1061013,6551882274336,btc_qm_engine,btc_sha256_elapsed_ns,1067.0000000000
1061014,6551882274742,btc_qm_engine,btc_leading_zeros,4.0000000000
1061015,6551882274868,btc_qm_engine,btc_sha256_nonce,1713230811.0000000000
1061016,6551882274950,btc_qm_engine,btc_leading_zeros,2.0000000000
1061017,6551882275027,btc_qm_engine,btc_sha256_elapsed_ns,1106.0000000000
1061018,6551882275486,btc_qm_engine,btc_sha256_elapsed_ns,1043.0000000000
1061019,6551882276166,btc_qm_engine,btc_sha256_elapsed_ns,981.0000000000
1061020,6551882276246,btc_qm_engine,btc_sha256_nonce,3358924097.0000000000
1061021,6551882276318,btc_qm_engine,btc_leading_zeros,0.0000000000
1061022,6551882276396,btc_qm_engine,btc_sha256_elapsed_ns,1015.0000000000
1061023,6551882276894,btc_qm_engine,btc_sha256_nonce,752687664.0000000000
1061024,6551882276989,btc_qm_engine,btc_sha256_nonce,259523699.0000000000
1061025,6551882277068,btc_qm_engine,btc_leading_zeros,2.0000000000
1061026,6551882277152,btc_qm_engine,btc_sha256_elapsed_ns,1014.0000000000
1061027,6551882277227,btc_qm_engine,btc_leading_zeros,2.0000000000
1061028,6551882277318,btc_qm_engine,btc_sha256_elapsed_ns,1007.0000000000
1061029,6551882277753,btc_qm_engine,btc_sha256_nonce,4222276085.0000000000
1061030,6551882278004,btc_qm_engine,btc_sha256_elapsed_ns,1038.0000000000
1061031,6551882278134,btc_qm_engine,btc_leading_zeros,0.0000000000
1061032,6551882278553,btc_qm_engine,btc_sha256_elapsed_ns,1115.0000000000
1061033,6551882279128,btc_qm_engine,btc_sha256_nonce,3560438122.0000000000
1061034,6551882279349,btc_qm_engine,btc_sha256_nonce,1111615780.0000000000
1061035,6551882279486,btc_qm_engine,btc_leading_zeros,0.0000000000
1061036,6551882279671,btc_qm_engine,btc_sha256_elapsed_ns,1083.0000000000
1061037,6551882279781,btc_qm_engine,btc_sha256_nonce,2102333888.0000000000
1061038,6551882280311,btc_qm_engine,btc_leading_zeros,4.0000000000
1061039,6551882280380,btc_qm_engine,btc_sha256_elapsed_ns,1093.0000000000
1061040,6551882280932,btc_qm_engine,btc_sha256_nonce,3352733891.0000000000
1061041,6551882281326,btc_qm_engine,btc_sha256_nonce,1311649702.0000000000
1061042,6551882281399,btc_qm_engine,btc_leading_zeros,0.0000000000
1061043,6551882281607,btc_qm_engine,btc_leading_zeros,1.0000000000
1061044,6551882281819,btc_qm_engine,btc_sha256_elapsed_ns,729.0000000000
1061045,6551882282127,btc_qm_engine,btc_sha256_nonce,2242605361.0000000000
1061046,6551882282313,btc_qm_engine,btc_sha256_elapsed_ns,1093.0000000000
1061047,6551882282388,btc_qm_engine,btc_leading_zeros,0.0000000000
1061048,6551882282596,btc_qm_engine,btc_leading_zeros,0.0000000000
1061049,6551882283039,btc_qm_engine,btc_sha256_elapsed_ns,1010.0000000000
1061050,6551882283519,btc_qm_engine,btc_sha256_elapsed_ns,1111.0000000000
1061051,6551882283762,btc_qm_engine,btc_sha256_nonce,3955392997.0000000000
1061052,6551882284192,btc_qm_engine,btc_leading_zeros,0.0000000000
1061053,6551882284334,btc_qm_engine,btc_sha256_nonce,2769590925.0000000000
1061054,6551882284641,btc_qm_engine,btc_leading_zeros,1.0000000000
1061055,6551882284710,btc_qm_engine,btc_sha256_elapsed_ns,1021.0000000000
1061056,6551882284826,btc_qm_engine,btc_sha256_nonce,3459397572.0000000000
1061057,6551882284914,btc_qm_engine,btc_leading_zeros,1.0000000000
1061058,6551882284979,btc_qm_engine,btc_sha256_elapsed_ns,1081.0000000000
1061059,6551882285340,btc_qm_engine,btc_sha256_nonce,412754563.0000000000
1061060,6551882285830,btc_qm_engine,btc_leading_zeros,1.0000000000
1061061,6551882285973,btc_qm_engine,btc_sha256_nonce,3799919140.0000000000
1061062,6551882286120,btc_qm_engine,btc_sha256_nonce,353582489.0000000000
1061063,6551882286273,btc_qm_engine,btc_sha256_nonce,1291973166.0000000000
1061064,6551882286347,btc_qm_engine,btc_leading_zeros,0.0000000000
1061065,6551882286424,btc_qm_engine,btc_sha256_elapsed_ns,1038.0000000000
1061066,6551882286592,btc_qm_engine,btc_leading_zeros,1.0000000000
1061067,6551882286827,btc_qm_engine,btc_sha256_elapsed_ns,1107.0000000000
1061068,6551882287378,btc_qm_engine,btc_sha256_nonce,1477883228.0000000000
1061069,6551882287547,btc_qm_engine,btc_sha256_nonce,37439652.0000000000
1061070,6551882287624,btc_qm_engine,btc_leading_zeros,2.0000000000
1061071,6551882287698,btc_qm_engine,btc_sha256_elapsed_ns,1121.0000000000
1061072,6551882287862,btc_qm_engine,btc_leading_zeros,0.0000000000
1061073,6551882288099,btc_qm_engine,btc_sha256_nonce,1445660094.0000000000
1061074,6551882288260,btc_qm_engine,btc_leading_zeros,2.0000000000
1061075,6551882288641,btc_qm_engine,btc_sha256_elapsed_ns,997.0000000000
1061076,6551882288859,btc_qm_engine,btc_sha256_nonce,828008490.0000000000
1061077,6551882288949,btc_qm_engine,btc_leading_zeros,2.0000000000
1061078,6551882289149,btc_qm_engine,btc_sha256_elapsed_ns,1056.0000000000
1061079,6551882289559,btc_qm_engine,btc_sha256_elapsed_ns,1062.0000000000
1061080,6551882290079,btc_qm_engine,btc_sha256_nonce,772922715.0000000000
1061081,6551882290203,btc_qm_engine,btc_sha256_nonce,1231382157.0000000000
1061082,6551882290278,btc_qm_engine,btc_leading_zeros,1.0000000000
1061083,6551882290344,btc_qm_engine,btc_sha256_elapsed_ns,827.0000000000
1061084,6551882291063,btc_qm_engine,btc_leading_zeros,0.0000000000
1061085,6551882291133,btc_qm_engine,btc_sha256_elapsed_ns,1067.0000000000
1061086,6551882291259,btc_qm_engine,btc_leading_zeros,1.0000000000
1061087,6551882291596,btc_qm_engine,btc_sha256_nonce,863165979.0000000000
1061088,6551882291673,btc_qm_engine,btc_leading_zeros,0.0000000000
1061089,6551882291885,btc_qm_engine,btc_sha256_elapsed_ns,1112.0000000000
1061090,6551882292224,btc_qm_engine,btc_sha256_nonce,693670856.0000000000
1061091,6551882292473,btc_qm_engine,btc_sha256_nonce,4145825777.0000000000
1061092,6551882292544,btc_qm_engine,btc_leading_zeros,4.0000000000
1061093,6551882292721,btc_qm_engine,btc_leading_zeros,0.0000000000
1061094,6551882293023,btc_qm_engine,btc_sha256_elapsed_ns,990.0000000000
1061095,6551882293124,btc_qm_engine,btc_sha256_elapsed_ns,995.0000000000
1061096,6551882293237,btc_qm_engine,btc_sha256_elapsed_ns,1109.0000000000
1061097,6551882293414,btc_qm_engine,btc_sha256_nonce,2914940825.0000000000
1061098,6551882293489,btc_qm_engine,btc_leading_zeros,0.0000000000
1061099,6551882293563,btc_qm_engine,btc_sha256_elapsed_ns,1007.0000000000
1061100,6551882293966,btc_qm_engine,btc_sha256_nonce,1110104616.0000000000
1061101,6551882294051,btc_qm_engine,btc_leading_zeros,0.0000000000
1061102,6551882294480,btc_qm_engine,btc_sha256_elapsed_ns,1097.0000000000
1061103,6551882294623,btc_qm_engine,btc_sha256_nonce,3201624899.0000000000
1061104,6551882294711,btc_qm_engine,btc_leading_zeros,2.0000000000
1061105,6551882294782,btc_qm_engine,btc_sha256_elapsed_ns,1074.0000000000
1061106,6551882294894,btc_qm_engine,btc_sha256_nonce,3353626186.0000000000
1061107,6551882294981,btc_qm_engine,btc_leading_zeros,1.0000000000
1061108,6551882295135,btc_qm_engine,btc_sha256_nonce,1782431274.0000000000
1061109,6551882295444,btc_qm_engine,btc_sha256_nonce,779456300.0000000000
1061110,6551882296043,btc_qm_engine,btc_sha256_elapsed_ns,1020.0000000000
1061111,6551882296591,btc_qm_engine,btc_leading_zeros,0.0000000000
1061112,6551882297018,btc_qm_engine,btc_sha256_elapsed_ns,1098.0000000000
1061113,6551882297149,btc_qm_engine,btc_sha256_nonce,3688264448.0000000000
1061114,6551882297956,btc_qm_engine,btc_leading_zeros,0.0000000000
1061115,6551882298037,btc_qm_engine,btc_sha256_elapsed_ns,1003.0000000000
1061116,6551882298197,btc_qm_engine,btc_sha256_nonce,3625789591.0000000000
1061117,6551882298268,btc_qm_engine,btc_leading_zeros,0.0000000000
1061118,6551882298340,btc_qm_engine,btc_sha256_elapsed_ns,934.0000000000
1061119,6551882298828,btc_qm_engine,btc_leading_zeros,0.0000000000
1061120,6551882299178,btc_qm_engine,btc_sha256_elapsed_ns,1082.0000000000
1061121,6551882299419,btc_qm_engine,btc_sha256_nonce,2521423997.0000000000
1061122,6551882299611,btc_qm_engine,btc_sha256_elapsed_ns,1100.0000000000
1061123,6551882300227,btc_qm_engine,btc_sha256_nonce,3182832334.0000000000
1061124,6551882300510,btc_qm_engine,btc_sha256_nonce,3223790888.0000000000
1061125,6551882300633,btc_qm_engine,btc_leading_zeros,0.0000000000
1061126,6551882300863,btc_qm_engine,btc_leading_zeros,0.0000000000
1061127,6551882301008,btc_qm_engine,btc_sha256_elapsed_ns,882.0000000000
1061128,6551882301269,btc_qm_engine,btc_sha256_elapsed_ns,1076.0000000000
1061129,6551882301613,btc_qm_engine,btc_sha256_nonce,4047496265.0000000000
1061130,6551882301838,btc_qm_engine,btc_sha256_elapsed_ns,1071.0000000000
1061131,6551882302148,btc_qm_engine,btc_sha256_nonce,2810668273.0000000000
1061132,6551882302443,btc_qm_engine,btc_leading_zeros,0.0000000000
1061133,6551882302495,btc_qm_engine,btc_sha256_elapsed_ns,1005.0000000000
1061134,6551882302675,btc_qm_engine,btc_sha256_nonce,2077770673.0000000000
1061135,6551882303087,btc_qm_engine,btc_leading_zeros,0.0000000000
1061136,6551882303164,btc_qm_engine,btc_sha256_elapsed_ns,1060.0000000000
1061137,6551882303518,btc_qm_engine,btc_sha256_nonce,1011029652.0000000000
1061138,6551882303645,btc_qm_engine,btc_leading_zeros,2.0000000000
1061139,6551882304060,btc_qm_engine,btc_sha256_elapsed_ns,741.0000000000
1061140,6551882304175,btc_qm_engine,btc_leading_zeros,1.0000000000
1061141,6551882304410,btc_qm_engine,btc_sha256_nonce,1999333512.0000000000
1061142,6551882304508,btc_qm_engine,btc_leading_zeros,0.0000000000
1061143,6551882304581,btc_qm_engine,btc_sha256_elapsed_ns,1014.0000000000
1061144,6551882304723,btc_qm_engine,btc_sha256_elapsed_ns,1090.0000000000
1061145,6551882305089,btc_qm_engine,btc_sha256_nonce,134226213.0000000000
1061146,6551882305275,btc_qm_engine,btc_sha256_nonce,2937005984.0000000000
1061147,6551882305477,btc_qm_engine,btc_sha256_nonce,3605939858.0000000000
1061148,6551882305968,btc_qm_engine,btc_sha256_nonce,5875410.0000000000
1061149,6551882306112,btc_qm_engine,btc_leading_zeros,1.0000000000
1061150,6551882306386,btc_qm_engine,btc_leading_zeros,0.0000000000
1061151,6551882306536,btc_qm_engine,btc_sha256_elapsed_ns,1041.0000000000
1061152,6551882306927,btc_qm_engine,btc_sha256_nonce,3873395233.0000000000
1061153,6551882307066,btc_qm_engine,btc_leading_zeros,0.0000000000
1061154,6551882307436,btc_qm_engine,btc_leading_zeros,3.0000000000
1061155,6551882307670,btc_qm_engine,btc_sha256_elapsed_ns,1112.0000000000
1061156,6551882308328,btc_qm_engine,btc_sha256_nonce,863581611.0000000000
1061157,6551882308725,btc_qm_engine,btc_leading_zeros,4.0000000000
1061158,6551882308930,btc_qm_engine,btc_sha256_elapsed_ns,989.0000000000
1061159,6551882309176,btc_qm_engine,btc_leading_zeros,0.0000000000
1061160,6551882309355,btc_qm_engine,btc_sha256_elapsed_ns,1117.0000000000
1061161,6551882309555,btc_qm_engine,btc_sha256_nonce,1270187047.0000000000
1061162,6551882309712,btc_qm_engine,btc_sha256_elapsed_ns,1031.0000000000
1061163,6551882310097,btc_qm_engine,btc_leading_zeros,1.0000000000
1061164,6551882310288,btc_qm_engine,btc_sha256_nonce,693544850.0000000000
1061165,6551882310791,btc_qm_engine,btc_leading_zeros,1.0000000000
1061166,6551882311023,btc_qm_engine,btc_sha256_nonce,60802316.0000000000
1061167,6551882311104,btc_qm_engine,btc_leading_zeros,0.0000000000
1061168,6551882311193,btc_qm_engine,btc_sha256_elapsed_ns,1099.0000000000
1061169,6551882311342,btc_qm_engine,btc_sha256_nonce,3306827660.0000000000
1061170,6551882311521,btc_qm_engine,btc_sha256_elapsed_ns,992.0000000000
1061171,6551882311701,btc_qm_engine,btc_leading_zeros,1.0000000000
1061172,6551882311779,btc_qm_engine,btc_sha256_elapsed_ns,924.0000000000
1061173,6551882311953,btc_qm_engine,btc_leading_zeros,1.0000000000
1061174,6551882312377,btc_qm_engine,btc_sha256_nonce,1833121260.0000000000
1061175,6551882312516,btc_qm_engine,btc_sha256_nonce,3778744437.0000000000
1061176,6551882312580,btc_qm_engine,btc_leading_zeros,0.0000000000
1061177,6551882312656,btc_qm_engine,btc_sha256_elapsed_ns,1061.0000000000
1061178,6551882312807,btc_qm_engine,btc_sha256_nonce,4190680290.0000000000
1061179,6551882312982,btc_qm_engine,btc_sha256_elapsed_ns,794.0000000000
1061180,6551882313177,btc_qm_engine,btc_sha256_nonce,693479916.0000000000
1061181,6551882313616,btc_qm_engine,btc_leading_zeros,0.0000000000
1061182,6551882313796,btc_qm_engine,btc_sha256_nonce,1504415203.0000000000
1061183,6551882313862,btc_qm_engine,btc_leading_zeros,0.0000000000
1061184,6551882314098,btc_qm_engine,btc_leading_zeros,4.0000000000
1061185,6551882314230,btc_qm_engine,btc_sha256_nonce,2060939042.0000000000
1061186,6551882314303,btc_qm_engine,btc_leading_zeros,0.0000000000
1061187,6551882314392,btc_qm_engine,btc_sha256_elapsed_ns,814.0000000000
1061188,6551882314521,btc_qm_engine,btc_sha256_elapsed_ns,1016.0000000000
1061189,6551882315362,btc_qm_engine,btc_sha256_nonce,3648871662.0000000000
1061190,6551882315437,btc_qm_engine,btc_leading_zeros,0.0000000000
1061191,6551882315508,btc_qm_engine,btc_sha256_elapsed_ns,771.0000000000
1061192,6551882315611,btc_qm_engine,btc_sha256_elapsed_ns,771.0000000000
1061193,6551882316233,btc_qm_engine,btc_leading_zeros,1.0000000000
1061194,6551882316356,btc_qm_engine,btc_sha256_nonce,353912790.0000000000
1061195,6551882316456,btc_qm_engine,btc_leading_zeros,0.0000000000
1061196,6551882316524,btc_qm_engine,btc_sha256_elapsed_ns,1079.0000000000
1061197,6551882316673,btc_qm_engine,btc_sha256_elapsed_ns,830.0000000000
1061198,6551882317086,btc_qm_engine,btc_sha256_nonce,2147327660.0000000000
1061199,6551882317214,btc_qm_engine,btc_sha256_elapsed_ns,1012.0000000000
1061200,6551882317499,btc_qm_engine,btc_leading_zeros,1.0000000000
1061201,6551882317573,btc_qm_engine,btc_sha256_elapsed_ns,1005.0000000000
1061202,6551882317789,btc_qm_engine,btc_sha256_nonce,543184466.0000000000
1061203,6551882318154,btc_qm_engine,btc_leading_zeros,0.0000000000
1061204,6551882318230,btc_qm_engine,btc_sha256_nonce,763101724.0000000000
1061205,6551882318570,btc_qm_engine,btc_sha256_elapsed_ns,1088.0000000000
1061206,6551882318852,btc_qm_engine,btc_sha256_nonce,3593399884.0000000000
1061207,6551882318920,btc_qm_engine,btc_leading_zeros,0.0000000000
1061208,6551882318991,btc_qm_engine,btc_sha256_elapsed_ns,1012.0000000000
1061209,6551882319303,btc_qm_engine,btc_sha256_nonce,3836953404.0000000000
1061210,6551882319769,btc_qm_engine,btc_sha256_elapsed_ns,950.0000000000
1061211,6551882320077,btc_qm_engine,btc_sha256_nonce,816138097.0000000000
1061212,6551882320257,btc_qm_engine,btc_leading_zeros,0.0000000000
1061213,6551882320329,btc_qm_engine,btc_sha256_elapsed_ns,991.0000000000
1061214,6551882320510,btc_qm_engine,btc_leading_zeros,0.0000000000
1061215,6551882320595,btc_qm_engine,btc_sha256_elapsed_ns,1057.0000000000
1061216,6551882320813,btc_qm_engine,btc_leading_zeros,1.0000000000
1061217,6551882321217,btc_qm_engine,btc_sha256_elapsed_ns,984.0000000000
1061218,6551882321384,btc_qm_engine,btc_sha256_nonce,1054614460.0000000000
1061219,6551882321458,btc_qm_engine,btc_leading_zeros,0.0000000000
1061220,6551882321560,btc_qm_engine,btc_sha256_elapsed_ns,1061.0000000000
1061221,6551882321725,btc_qm_engine,btc_sha256_nonce,2521070370.0000000000
1061222,6551882322037,btc_qm_engine,btc_sha256_nonce,1045427951.0000000000
1061223,6551882322169,btc_qm_engine,btc_leading_zeros,0.0000000000
1061224,6551882322356,btc_qm_engine,btc_sha256_nonce,2569716855.0000000000
1061225,6551882322444,btc_qm_engine,btc_leading_zeros,2.0000000000
1061226,6551882322527,btc_qm_engine,btc_sha256_nonce,2736682396.0000000000
1061227,6551882322931,btc_qm_engine,btc_sha256_nonce,1948974034.0000000000
1061228,6551882323035,btc_qm_engine,btc_sha256_nonce,1531777250.0000000000
1061229,6551882323238,btc_qm_engine,btc_sha256_elapsed_ns,1091.0000000000
1061230,6551882323535,btc_qm_engine,btc_sha256_elapsed_ns,1060.0000000000
1061231,6551882323777,btc_qm_engine,btc_leading_zeros,1.0000000000
1061232,6551882323883,btc_qm_engine,btc_sha256_elapsed_ns,1068.0000000000
1061233,6551882324108,btc_qm_engine,btc_sha256_elapsed_ns,840.0000000000
1061234,6551882324342,btc_qm_engine,btc_leading_zeros,0.0000000000
1061235,6551882324693,btc_qm_engine,btc_sha256_elapsed_ns,1086.0000000000
1061236,6551882325166,btc_qm_engine,btc_leading_zeros,0.0000000000
1061237,6551882325345,btc_qm_engine,btc_sha256_nonce,3947311399.0000000000
1061238,6551882325431,btc_qm_engine,btc_leading_zeros,2.0000000000
1061239,6551882325668,btc_qm_engine,btc_sha256_elapsed_ns,964.0000000000
1061240,6551882326047,btc_qm_engine,btc_sha256_elapsed_ns,1096.0000000000
1061241,6551882326259,btc_qm_engine,btc_sha256_nonce,255933277.0000000000
1061242,6551882326889,btc_qm_engine,btc_sha256_nonce,4215704528.0000000000
1061243,6551882327133,btc_qm_engine,btc_leading_zeros,4.0000000000
1061244,6551882327224,btc_qm_engine,btc_sha256_elapsed_ns,844.0000000000
1061245,6551882327373,btc_qm_engine,btc_sha256_nonce,1197218682.0000000000
1061246,6551882327523,btc_qm_engine,btc_leading_zeros,0.0000000000
1061247,6551882327794,btc_qm_engine,btc_leading_zeros,1.0000000000
1061248,6551882327971,btc_qm_engine,btc_sha256_elapsed_ns,1035.0000000000
1061249,6551882328200,btc_qm_engine,btc_sha256_nonce,3212406071.0000000000
1061250,6551882328413,btc_qm_engine,btc_sha256_elapsed_ns,989.0000000000
1061251,6551882328913,btc_qm_engine,btc_sha256_nonce,2853630440.0000000000
1061252,6551882329304,btc_qm_engine,btc_leading_zeros,2.0000000000
1061253,6551882329373,btc_qm_engine,btc_sha256_elapsed_ns,1084.0000000000
1061254,6551882329489,btc_qm_engine,btc_sha256_nonce,1360359138.0000000000
1061255,6551882329568,btc_qm_engine,btc_leading_zeros,1.0000000000
1061256,6551882329638,btc_qm_engine,btc_sha256_elapsed_ns,1009.0000000000
1061257,6551882329860,btc_qm_engine,btc_sha256_nonce,3685278443.0000000000
1061258,6551882329933,btc_qm_engine,btc_leading_zeros,1.0000000000
1061259,6551882329985,btc_qm_engine,btc_sha256_elapsed_ns,758.0000000000
1061260,6551882330514,btc_qm_engine,btc_sha256_nonce,920094903.0000000000
1061261,6551882330590,btc_qm_engine,btc_leading_zeros,0.0000000000
1061262,6551882330661,btc_qm_engine,btc_sha256_elapsed_ns,1085.0000000000
1061263,6551882330856,btc_qm_engine,btc_sha256_nonce,1395322759.0000000000
1061264,6551882330989,btc_qm_engine,btc_sha256_nonce,649260550.0000000000
1061265,6551882331220,btc_qm_engine,btc_leading_zeros,0.0000000000
1061266,6551882331367,btc_qm_engine,btc_leading_zeros,1.0000000000
1061267,6551882331761,btc_qm_engine,btc_sha256_nonce,3886762343.0000000000
1061268,6551882332080,btc_qm_engine,btc_sha256_nonce,1549121074.0000000000
1061269,6551882332836,btc_qm_engine,btc_leading_zeros,0.0000000000
1061270,6551882333048,btc_qm_engine,btc_leading_zeros,0.0000000000
1061271,6551882333157,btc_qm_engine,btc_sha256_elapsed_ns,1043.0000000000
1061272,6551882333278,btc_qm_engine,btc_leading_zeros,1.0000000000
1061273,6551882333565,btc_qm_engine,btc_sha256_elapsed_ns,881.0000000000
1061274,6551882333796,btc_qm_engine,btc_sha256_elapsed_ns,1014.0000000000
1061275,6551882334119,btc_qm_engine,btc_leading_zeros,1.0000000000
1061276,6551882334334,btc_qm_engine,btc_sha256_nonce,786338813.0000000000
1061277,6551882334440,btc_qm_engine,btc_leading_zeros,1.0000000000
1061278,6551882334593,btc_qm_engine,btc_sha256_elapsed_ns,1103.0000000000
1061279,6551882335130,btc_qm_engine,btc_sha256_elapsed_ns,1112.0000000000
1061280,6551882335270,btc_qm_engine,btc_sha256_elapsed_ns,729.0000000000
1061281,6551882335497,btc_qm_engine,btc_sha256_elapsed_ns,951.0000000000
1061282,6551882335816,btc_qm_engine,btc_sha256_nonce,2629533006.0000000000
1061283,6551882335913,btc_qm_engine,btc_sha256_nonce,2291400605.0000000000
1061284,6551882336307,btc_qm_engine,btc_leading_zeros,0.0000000000
1061285,6551882336382,btc_qm_engine,btc_sha256_elapsed_ns,923.0000000000
1061286,6551882336546,btc_qm_engine,btc_leading_zeros,0.0000000000
1061287,6551882336706,btc_qm_engine,btc_sha256_nonce,3819278329.0000000000
1061288,6551882336851,btc_qm_engine,btc_sha256_nonce,1688230153.0000000000
1061289,6551882337107,btc_qm_engine,btc_sha256_elapsed_ns,1004.0000000000
1061290,6551882337515,btc_qm_engine,btc_leading_zeros,0.0000000000
1061291,6551882338162,btc_qm_engine,btc_sha256_nonce,2343338652.0000000000
1061292,6551882338300,btc_qm_engine,btc_sha256_elapsed_ns,772.0000000000
1061293,6551882338543,btc_qm_engine,btc_leading_zeros,0.0000000000
1061294,6551882338616,btc_qm_engine,btc_sha256_elapsed_ns,899.0000000000
1061295,6551882338758,btc_qm_engine,btc_sha256_nonce,4214287399.0000000000
1061296,6551882339121,btc_qm_engine,btc_leading_zeros,1.0000000000
1061297,6551882339298,btc_qm_engine,btc_sha256_nonce,1216162820.0000000000
1061298,6551882339637,btc_qm_engine,btc_leading_zeros,4.0000000000
1061299,6551882339882,btc_qm_engine,btc_sha256_nonce,863876099.0000000000
1061300,6551882340233,btc_qm_engine,btc_sha256_elapsed_ns,1078.0000000000
1061301,6551882340891,btc_qm_engine,btc_sha256_elapsed_ns,923.0000000000
1061302,6551882342042,btc_qm_engine,btc_sha256_nonce,3398010167.0000000000
1061303,6551882342102,btc_qm_engine,btc_leading_zeros,2.0000000000
1061304,6551882342152,btc_qm_engine,btc_sha256_elapsed_ns,727.0000000000
1061305,6551882342395,btc_qm_engine,btc_sha256_nonce,2355606255.0000000000
1061306,6551882342780,btc_qm_engine,btc_sha256_nonce,1393191481.0000000000
1061307,6551882343303,btc_qm_engine,btc_sha256_nonce,4171769546.0000000000
1061308,6551882343430,btc_qm_engine,btc_leading_zeros,0.0000000000
1061309,6551882343504,btc_qm_engine,btc_sha256_elapsed_ns,1029.0000000000
1061310,6551882343657,btc_qm_engine,btc_leading_zeros,0.0000000000
1061311,6551882344036,btc_qm_engine,btc_sha256_elapsed_ns,976.0000000000
1061312,6551882344455,btc_qm_engine,btc_sha256_elapsed_ns,1001.0000000000
1061313,6551882344824,btc_qm_engine,btc_leading_zeros,3.0000000000
1061314,6551882345222,btc_qm_engine,btc_sha256_elapsed_ns,1017.0000000000
1061315,6551882345323,btc_qm_engine,btc_sha256_nonce,3023309900.0000000000
1061316,6551882345591,btc_qm_engine,btc_sha256_nonce,1305963215.0000000000
1061317,6551882345748,btc_qm_engine,btc_leading_zeros,0.0000000000
1061318,6551882346064,btc_qm_engine,btc_sha256_nonce,699278238.0000000000
1061319,6551882346443,btc_qm_engine,btc_sha256_nonce,862999450.0000000000
1061320,6551882346532,btc_qm_engine,btc_leading_zeros,1.0000000000
1061321,6551882346655,btc_qm_engine,btc_sha256_elapsed_ns,959.0000000000
1061322,6551882346769,btc_qm_engine,btc_leading_zeros,0.0000000000
1061323,6551882347002,btc_qm_engine,btc_leading_zeros,1.0000000000
1061324,6551882347104,btc_qm_engine,btc_sha256_elapsed_ns,851.0000000000
1061325,6551882347341,btc_qm_engine,btc_sha256_nonce,1019786700.0000000000
1061326,6551882347526,btc_qm_engine,btc_leading_zeros,0.0000000000
1061327,6551882347708,btc_qm_engine,btc_sha256_elapsed_ns,1079.0000000000
1061328,6551882347882,btc_qm_engine,btc_sha256_elapsed_ns,1048.0000000000
1061329,6551882347996,btc_qm_engine,btc_sha256_nonce,2330871988.0000000000
1061330,6551882348103,btc_qm_engine,btc_leading_zeros,0.0000000000
1061331,6551882348231,btc_qm_engine,btc_leading_zeros,1.0000000000
1061332,6551882348361,btc_qm_engine,btc_sha256_nonce,1345355500.0000000000
1061333,6551882348440,btc_qm_engine,btc_leading_zeros,0.0000000000
1061334,6551882348518,btc_qm_engine,btc_sha256_elapsed_ns,1014.0000000000
1061335,6551882348691,btc_qm_engine,btc_sha256_elapsed_ns,1105.0000000000
1061336,6551882348903,btc_qm_engine,btc_sha256_elapsed_ns,1020.0000000000
1061337,6551882349093,btc_qm_engine,btc_sha256_nonce,2403941618.0000000000
1061338,6551882349244,btc_qm_engine,btc_sha256_elapsed_ns,1088.0000000000
1061339,6551882349391,btc_qm_engine,btc_sha256_nonce,3353423581.0000000000
1061340,6551882349468,btc_qm_engine,btc_leading_zeros,0.0000000000
1061341,6551882349534,btc_qm_engine,btc_sha256_elapsed_ns,1088.0000000000
1061342,6551882349773,btc_qm_engine,btc_leading_zeros,3.0000000000
1061343,6551882350232,btc_qm_engine,btc_sha256_elapsed_ns,935.0000000000
1061344,6551882350346,btc_qm_engine,btc_sha256_nonce,1795137819.0000000000
1061345,6551882350509,btc_qm_engine,btc_sha256_nonce,1851525576.0000000000
1061346,6551882350591,btc_qm_engine,btc_leading_zeros,8.0000000000
1061347,6551882350665,btc_qm_engine,btc_sha256_elapsed_ns,1001.0000000000
1061348,6551882350771,btc_qm_engine,btc_leading_zeros,0.0000000000
1061349,6551882350842,btc_qm_engine,btc_sha256_elapsed_ns,1042.0000000000
1061350,6551882351057,btc_qm_engine,btc_leading_zeros,2.0000000000
1061351,6551882351417,btc_qm_engine,btc_sha256_nonce,3041091514.0000000000
1061352,6551882351827,btc_qm_engine,btc_sha256_nonce,3204111948.0000000000
1061353,6551882352002,btc_qm_engine,btc_sha256_nonce,2521370759.0000000000
1061354,6551882352077,btc_qm_engine,btc_leading_zeros,0.0000000000
1061355,6551882352227,btc_qm_engine,btc_leading_zeros,4.0000000000
1061356,6551882352314,btc_qm_engine,btc_sha256_elapsed_ns,958.0000000000
1061357,6551882352436,btc_qm_engine,btc_sha256_nonce,695472495.0000000000
1061358,6551882352698,btc_qm_engine,btc_sha256_nonce,1642321960.0000000000
1061359,6551882352982,btc_qm_engine,btc_sha256_elapsed_ns,1022.0000000000
1061360,6551882353162,btc_qm_engine,btc_sha256_elapsed_ns,1020.0000000000
1061361,6551882353364,btc_qm_engine,btc_leading_zeros,0.0000000000
1061362,6551882353497,btc_qm_engine,btc_sha256_nonce,4061016106.0000000000
1061363,6551882353714,btc_qm_engine,btc_leading_zeros,0.0000000000
1061364,6551882354127,btc_qm_engine,btc_leading_zeros,1.0000000000
1061365,6551882354496,btc_qm_engine,btc_sha256_elapsed_ns,1017.0000000000
1061366,6551882354721,btc_qm_engine,btc_sha256_elapsed_ns,1113.0000000000
1061367,6551882354965,btc_qm_engine,btc_sha256_nonce,523228789.0000000000
1061368,6551882355528,btc_qm_engine,btc_sha256_elapsed_ns,947.0000000000
1061369,6551882355665,btc_qm_engine,btc_leading_zeros,4.0000000000
1061370,6551882356075,btc_qm_engine,btc_sha256_nonce,972371585.0000000000
1061371,6551882356240,btc_qm_engine,btc_leading_zeros,3.0000000000
1061372,6551882356389,btc_qm_engine,btc_sha256_elapsed_ns,1035.0000000000
1061373,6551882356668,btc_qm_engine,btc_leading_zeros,3.0000000000
1061374,6551882356953,btc_qm_engine,btc_sha256_nonce,3993398088.0000000000
1061375,6551882357592,btc_qm_engine,btc_sha256_elapsed_ns,1076.0000000000
1061376,6551882357737,btc_qm_engine,btc_sha256_nonce,4139549616.0000000000
1061377,6551882357842,btc_qm_engine,btc_leading_zeros,4.0000000000
1061378,6551882357917,btc_qm_engine,btc_sha256_elapsed_ns,1069.0000000000
1061379,6551882358008,btc_qm_engine,btc_sha256_nonce,4205360563.0000000000
1061380,6551882358355,btc_qm_engine,btc_leading_zeros,2.0000000000
1061381,6551882358747,btc_qm_engine,btc_sha256_nonce,1515904899.0000000000
1061382,6551882359066,btc_qm_engine,btc_leading_zeros,0.0000000000
1061383,6551882359158,btc_qm_engine,btc_sha256_elapsed_ns,960.0000000000
1061384,6551882359495,btc_qm_engine,btc_sha256_elapsed_ns,1011.0000000000
1061385,6551882359655,btc_qm_engine,btc_leading_zeros,3.0000000000
1061386,6551882360382,btc_qm_engine,btc_sha256_nonce,1177586010.0000000000
1061387,6551882360553,btc_qm_engine,btc_sha256_nonce,2045933097.0000000000
1061388,6551882360711,btc_qm_engine,btc_sha256_elapsed_ns,893.0000000000
1061389,6551882360868,btc_qm_engine,btc_leading_zeros,1.0000000000
1061390,6551882360951,btc_qm_engine,btc_sha256_elapsed_ns,1075.0000000000
1061391,6551882361229,btc_qm_engine,btc_leading_zeros,1.0000000000
1061392,6551882361598,btc_qm_engine,btc_sha256_elapsed_ns,850.0000000000
1061393,6551882361876,btc_qm_engine,btc_sha256_elapsed_ns,916.0000000000
1061394,6551882362170,btc_qm_engine,btc_sha256_nonce,566298421.0000000000
1061395,6551882362254,btc_qm_engine,btc_leading_zeros,1.0000000000
1061396,6551882362319,btc_qm_engine,btc_sha256_elapsed_ns,962.0000000000
1061397,6551882363011,btc_qm_engine,btc_sha256_nonce,1543242696.0000000000
1061398,6551882363291,btc_qm_engine,btc_sha256_nonce,3347479175.0000000000
1061399,6551882363373,btc_qm_engine,btc_leading_zeros,1.0000000000
1061400,6551882363581,btc_qm_engine,btc_leading_zeros,1.0000000000
1061401,6551882364109,btc_qm_engine,btc_sha256_elapsed_ns,1121.0000000000
1061402,6551882364220,btc_qm_engine,btc_sha256_nonce,693077077.0000000000
1061403,6551882364396,btc_qm_engine,btc_sha256_nonce,3680844149.0000000000
1061404,6551882364474,btc_qm_engine,btc_leading_zeros,0.0000000000
1061405,6551882364529,btc_qm_engine,btc_sha256_elapsed_ns,905.0000000000
1061406,6551882364630,btc_qm_engine,btc_leading_zeros,0.0000000000
1061407,6551882364706,btc_qm_engine,btc_sha256_elapsed_ns,1079.0000000000
1061408,6551882365118,btc_qm_engine,btc_sha256_nonce,3577461271.0000000000
1061409,6551882365476,btc_qm_engine,btc_sha256_nonce,699536149.0000000000
1061410,6551882365598,btc_qm_engine,btc_leading_zeros,4.0000000000
1061411,6551882365774,btc_qm_engine,btc_sha256_elapsed_ns,1099.0000000000
1061412,6551882365950,btc_qm_engine,btc_sha256_nonce,1800930715.0000000000
1061413,6551882366155,btc_qm_engine,btc_leading_zeros,0.0000000000
1061414,6551882366379,btc_qm_engine,btc_sha256_elapsed_ns,847.0000000000
1061415,6551882366587,btc_qm_engine,btc_sha256_elapsed_ns,1055.0000000000
1061416,6551882366809,btc_qm_engine,btc_sha256_nonce,693897570.0000000000
1061417,6551882366944,btc_qm_engine,btc_leading_zeros,1.0000000000
1061418,6551882367158,btc_qm_engine,btc_sha256_nonce,2780108594.0000000000
1061419,6551882367497,btc_qm_engine,btc_leading_zeros,1.0000000000
1061420,6551882367576,btc_qm_engine,btc_sha256_elapsed_ns,964.0000000000
1061421,6551882367986,btc_qm_engine,btc_sha256_nonce,3142163505.0000000000
1061422,6551882368066,btc_qm_engine,btc_leading_zeros,0.0000000000
1061423,6551882368132,btc_qm_engine,btc_sha256_elapsed_ns,1139.0000000000
1061424,6551882368599,btc_qm_engine,btc_sha256_elapsed_ns,737.0000000000
1061425,6551882368777,btc_qm_engine,btc_sha256_nonce,863065234.0000000000
1061426,6551882368849,btc_qm_engine,btc_leading_zeros,2.0000000000
1061427,6551882368918,btc_qm_engine,btc_sha256_elapsed_ns,727.0000000000
1061428,6551882369067,btc_qm_engine,btc_sha256_nonce,305519965.0000000000
1061429,6551882369429,btc_qm_engine,btc_leading_zeros,3.0000000000
1061430,6551882369625,btc_qm_engine,btc_leading_zeros,1.0000000000
1061431,6551882369970,btc_qm_engine,btc_sha256_nonce,2795325775.0000000000
1061432,6551882370065,btc_qm_engine,btc_leading_zeros,1.0000000000
1061433,6551882370267,btc_qm_engine,btc_sha256_nonce,2282622686.0000000000
1061434,6551882370867,btc_qm_engine,btc_sha256_nonce,2452395603.0000000000
1061435,6551882371007,btc_qm_engine,btc_leading_zeros,3.0000000000
1061436,6551882371085,btc_qm_engine,btc_sha256_elapsed_ns,981.0000000000
1061437,6551882371241,btc_qm_engine,btc_leading_zeros,4.0000000000
1061438,6551882371314,btc_qm_engine,btc_sha256_elapsed_ns,974.0000000000
1061439,6551882372187,btc_qm_engine,btc_sha256_nonce,2542994952.0000000000
1061440,6551882372280,btc_qm_engine,btc_leading_zeros,1.0000000000
1061441,6551882372447,btc_qm_engine,btc_sha256_elapsed_ns,730.0000000000
1061442,6551882372613,btc_qm_engine,btc_sha256_nonce,1396011285.0000000000
1061443,6551882372895,btc_qm_engine,btc_sha256_nonce,1691539128.0000000000
1061444,6551882373197,btc_qm_engine,btc_sha256_elapsed_ns,1017.0000000000
1061445,6551882373793,btc_qm_engine,btc_sha256_nonce,3509963328.0000000000
1061446,6551882373945,btc_qm_engine,btc_leading_zeros,1.0000000000
1061447,6551882374487,btc_qm_engine,btc_leading_zeros,4.0000000000
1061448,6551882374621,btc_qm_engine,btc_sha256_elapsed_ns,1072.0000000000
1061449,6551882374903,btc_qm_engine,btc_sha256_nonce,1933647796.0000000000
1061450,6551882375217,btc_qm_engine,btc_sha256_elapsed_ns,984.0000000000
1061451,6551882375370,btc_qm_engine,btc_leading_zeros,1.0000000000
1061452,6551882375451,btc_qm_engine,btc_sha256_elapsed_ns,1138.0000000000
1061453,6551882375692,btc_qm_engine,btc_sha256_nonce,2508312368.0000000000
1061454,6551882375833,btc_qm_engine,btc_sha256_nonce,4222132207.0000000000
1061455,6551882375907,btc_qm_engine,btc_leading_zeros,1.0000000000
1061456,6551882375962,btc_qm_engine,btc_sha256_elapsed_ns,941.0000000000
1061457,6551882376206,btc_qm_engine,btc_leading_zeros,0.0000000000
1061458,6551882376597,btc_qm_engine,btc_sha256_elapsed_ns,972.0000000000
1061459,6551882376769,btc_qm_engine,btc_sha256_nonce,2357441450.0000000000
1061460,6551882376877,btc_qm_engine,btc_leading_zeros,0.0000000000
1061461,6551882377641,btc_qm_engine,btc_sha256_nonce,1203362490.0000000000
1061462,6551882377791,btc_qm_engine,btc_sha256_elapsed_ns,1028.0000000000
1061463,6551882378155,btc_qm_engine,btc_leading_zeros,1.0000000000
1061464,6551882378230,btc_qm_engine,btc_sha256_elapsed_ns,736.0000000000
1061465,6551882378763,btc_qm_engine,btc_sha256_nonce,1194991409.0000000000
1061466,6551882378850,btc_qm_engine,btc_leading_zeros,4.0000000000
1061467,6551882379124,btc_qm_engine,btc_leading_zeros,0.0000000000
1061468,6551882379446,btc_qm_engine,btc_sha256_nonce,2537248448.0000000000
1061469,6551882379516,btc_qm_engine,btc_leading_zeros,1.0000000000
1061470,6551882379579,btc_qm_engine,btc_sha256_elapsed_ns,996.0000000000
1061471,6551882379813,btc_qm_engine,btc_sha256_elapsed_ns,1062.0000000000
1061472,6551882380101,btc_qm_engine,btc_sha256_nonce,4235251428.0000000000
1061473,6551882380400,btc_qm_engine,btc_sha256_elapsed_ns,741.0000000000
1061474,6551882380664,btc_qm_engine,btc_sha256_elapsed_ns,885.0000000000
1061475,6551882380869,btc_qm_engine,btc_leading_zeros,0.0000000000
1061476,6551882381042,btc_qm_engine,btc_sha256_nonce,2282915212.0000000000
1061477,6551882381117,btc_qm_engine,btc_leading_zeros,2.0000000000
1061478,6551882381184,btc_qm_engine,btc_sha256_elapsed_ns,973.0000000000
1061479,6551882381281,btc_qm_engine,btc_sha256_elapsed_ns,1066.0000000000
1061480,6551882381778,btc_qm_engine,btc_sha256_elapsed_ns,985.0000000000
1061481,6551882381969,btc_qm_engine,btc_sha256_nonce,3040945025.0000000000
1061482,6551882382331,btc_qm_engine,btc_sha256_nonce,910675639.0000000000
1061483,6551882382454,btc_qm_engine,btc_sha256_nonce,3352913111.0000000000
1061484,6551882382622,btc_qm_engine,btc_sha256_nonce,2239176665.0000000000
1061485,6551882382702,btc_qm_engine,btc_leading_zeros,0.0000000000
1061486,6551882382834,btc_qm_engine,btc_sha256_nonce,1342997013.0000000000
1061487,6551882382998,btc_qm_engine,btc_leading_zeros,1.0000000000
1061488,6551882383088,btc_qm_engine,btc_sha256_elapsed_ns,1121.0000000000
1061489,6551882383248,btc_qm_engine,btc_leading_zeros,1.0000000000
1061490,6551882383366,btc_qm_engine,btc_sha256_elapsed_ns,1075.0000000000
1061491,6551882383766,btc_qm_engine,btc_sha256_elapsed_ns,1070.0000000000
1061492,6551882384071,btc_qm_engine,btc_sha256_nonce,386090205.0000000000
1061493,6551882384448,btc_qm_engine,btc_sha256_nonce,3559343065.0000000000
1061494,6551882384588,btc_qm_engine,btc_sha256_nonce,3332648239.0000000000
1061495,6551882384929,btc_qm_engine,btc_sha256_nonce,1493811827.0000000000
1061496,6551882385006,btc_qm_engine,btc_leading_zeros,0.0000000000
1061497,6551882385157,btc_qm_engine,btc_sha256_nonce,1050154089.0000000000
1061498,6551882385242,btc_qm_engine,btc_leading_zeros,1.0000000000
1061499,6551882385391,btc_qm_engine,btc_leading_zeros,1.0000000000
1061500,6551882385577,btc_qm_engine,btc_leading_zeros,0.0000000000
1061501,6551882385648,btc_qm_engine,btc_sha256_elapsed_ns,1033.0000000000
1061502,6551882385733,btc_qm_engine,btc_sha256_elapsed_ns,796.0000000000
1061503,6551882385929,btc_qm_engine,btc_sha256_elapsed_ns,984.0000000000
1061504,6551882386733,btc_qm_engine,btc_sha256_nonce,2168574829.0000000000
1061505,6551882386806,btc_qm_engine,btc_leading_zeros,0.0000000000
1061506,6551882386856,btc_qm_engine,btc_sha256_elapsed_ns,848.0000000000
1061507,6551882387644,btc_qm_engine,btc_sha256_elapsed_ns,960.0000000000
1061508,6551882387903,btc_qm_engine,btc_sha256_nonce,3848876316.0000000000
1061509,6551882387969,btc_qm_engine,btc_leading_zeros,1.0000000000
1061510,6551882388036,btc_qm_engine,btc_sha256_elapsed_ns,771.0000000000
1061511,6551882388247,btc_qm_engine,btc_sha256_nonce,700165588.0000000000
1061512,6551882388455,btc_qm_engine,btc_leading_zeros,0.0000000000
1061513,6551882388556,btc_qm_engine,btc_leading_zeros,2.0000000000
1061514,6551882388624,btc_qm_engine,btc_sha256_elapsed_ns,1090.0000000000
1061515,6551882388810,btc_qm_engine,btc_sha256_elapsed_ns,977.0000000000
1061516,6551882389341,btc_qm_engine,btc_sha256_nonce,2282592253.0000000000
1061517,6551882389535,btc_qm_engine,btc_sha256_nonce,3219871405.0000000000
1061518,6551882389613,btc_qm_engine,btc_leading_zeros,0.0000000000
1061519,6551882389695,btc_qm_engine,btc_sha256_elapsed_ns,1082.0000000000
1061520,6551882389853,btc_qm_engine,btc_leading_zeros,1.0000000000
1061521,6551882389928,btc_qm_engine,btc_sha256_elapsed_ns,1117.0000000000
1061522,6551882390053,btc_qm_engine,btc_sha256_nonce,3176045494.0000000000
1061523,6551882390575,btc_qm_engine,btc_sha256_nonce,1923239755.0000000000
1061524,6551882390703,btc_qm_engine,btc_leading_zeros,0.0000000000
1061525,6551882390929,btc_qm_engine,btc_leading_zeros,2.0000000000
1061526,6551882391180,btc_qm_engine,btc_sha256_nonce,2283299488.0000000000
1061527,6551882391257,btc_qm_engine,btc_leading_zeros,2.0000000000
1061528,6551882391308,btc_qm_engine,btc_sha256_elapsed_ns,972.0000000000
1061529,6551882391584,btc_qm_engine,btc_sha256_elapsed_ns,1108.0000000000
1061530,6551882391851,btc_qm_engine,btc_leading_zeros,0.0000000000
1061531,6551882392027,btc_qm_engine,btc_sha256_nonce,993525445.0000000000
1061532,6551882392282,btc_qm_engine,btc_sha256_elapsed_ns,1106.0000000000
1061533,6551882392536,btc_qm_engine,btc_leading_zeros,3.0000000000
1061534,6551882392959,btc_qm_engine,btc_sha256_nonce,441576744.0000000000
1061535,6551882393458,btc_qm_engine,btc_sha256_nonce,2632151847.0000000000
1061536,6551882393602,btc_qm_engine,btc_leading_zeros,2.0000000000
1061537,6551882393815,btc_qm_engine,btc_sha256_nonce,2941222738.0000000000
1061538,6551882393934,btc_qm_engine,btc_leading_zeros,0.0000000000
1061539,6551882394441,btc_qm_engine,btc_leading_zeros,1.0000000000
1061540,6551882394656,btc_qm_engine,btc_sha256_elapsed_ns,1061.0000000000
1061541,6551882395118,btc_qm_engine,btc_sha256_elapsed_ns,1027.0000000000
1061542,6551882396006,btc_qm_engine,btc_leading_zeros,0.0000000000
1061543,6551882396139,btc_qm_engine,btc_sha256_elapsed_ns,967.0000000000
1061544,6551882396432,btc_qm_engine,btc_sha256_nonce,3114185592.0000000000
1061545,6551882396520,btc_qm_engine,btc_leading_zeros,0.0000000000
1061546,6551882396620,btc_qm_engine,btc_sha256_nonce,3510673085.0000000000
1061547,6551882396806,btc_qm_engine,btc_sha256_nonce,1770592360.0000000000
1061548,6551882396916,btc_qm_engine,btc_leading_zeros,1.0000000000
1061549,6551882397024,btc_qm_engine,btc_sha256_elapsed_ns,1019.0000000000
1061550,6551882397249,btc_qm_engine,btc_sha256_nonce,2082370134.0000000000
1061551,6551882397516,btc_qm_engine,btc_sha256_nonce,2927904454.0000000000
1061552,6551882397739,btc_qm_engine,btc_sha256_elapsed_ns,1099.0000000000
1061553,6551882398295,btc_qm_engine,btc_sha256_elapsed_ns,1107.0000000000
1061554,6551882398520,btc_qm_engine,btc_leading_zeros,0.0000000000
1061555,6551882398948,btc_qm_engine,btc_sha256_elapsed_ns,1017.0000000000
1061556,6551882399049,btc_qm_engine,btc_sha256_nonce,3167204158.0000000000
1061557,6551882399368,btc_qm_engine,btc_leading_zeros,0.0000000000
1061558,6551882399440,btc_qm_engine,btc_sha256_elapsed_ns,937.0000000000
1061559,6551882399759,btc_qm_engine,btc_sha256_nonce,2860451607.0000000000
1061560,6551882399842,btc_qm_engine,btc_leading_zeros,2.0000000000
1061561,6551882399895,btc_qm_engine,btc_sha256_elapsed_ns,748.0000000000
1061562,6551882400325,btc_qm_engine,btc_sha256_nonce,863674850.0000000000
1061563,6551882400410,btc_qm_engine,btc_leading_zeros,0.0000000000
1061564,6551882400467,btc_qm_engine,btc_sha256_elapsed_ns,1063.0000000000
1061565,6551882400724,btc_qm_engine,btc_sha256_elapsed_ns,891.0000000000
1061566,6551882400933,btc_qm_engine,btc_sha256_nonce,564248352.0000000000
1061567,6551882401058,btc_qm_engine,btc_leading_zeros,1.0000000000
1061568,6551882401116,btc_qm_engine,btc_sha256_elapsed_ns,828.0000000000
1061569,6551882401772,btc_qm_engine,btc_sha256_nonce,3443511231.0000000000
1061570,6551882402287,btc_qm_engine,btc_sha256_nonce,699940474.0000000000
1061571,6551882402364,btc_qm_engine,btc_leading_zeros,0.0000000000
1061572,6551882402743,btc_qm_engine,btc_sha256_nonce,2102436844.0000000000
1061573,6551882402824,btc_qm_engine,btc_leading_zeros,1.0000000000
1061574,6551882402881,btc_qm_engine,btc_sha256_elapsed_ns,1046.0000000000
1061575,6551882402950,btc_qm_engine,btc_sha256_nonce,1829947003.0000000000
1061576,6551882403121,btc_qm_engine,btc_sha256_elapsed_ns,1106.0000000000
1061577,6551882403511,btc_qm_engine,btc_leading_zeros,1.0000000000
1061578,6551882403592,btc_qm_engine,btc_sha256_elapsed_ns,1112.0000000000
1061579,6551882404080,btc_qm_engine,btc_sha256_nonce,317447940.0000000000
1061580,6551882404164,btc_qm_engine,btc_leading_zeros,0.0000000000
1061581,6551882404234,btc_qm_engine,btc_sha256_elapsed_ns,1014.0000000000
1061582,6551882404821,btc_qm_engine,btc_sha256_nonce,3159835768.0000000000
1061583,6551882404894,btc_qm_engine,btc_leading_zeros,4.0000000000
1061584,6551882404944,btc_qm_engine,btc_sha256_elapsed_ns,1073.0000000000
1061585,6551882405115,btc_qm_engine,btc_sha256_nonce,2283521177.0000000000
1061586,6551882405481,btc_qm_engine,btc_leading_zeros,0.0000000000
1061587,6551882406006,btc_qm_engine,btc_sha256_nonce,1761033641.0000000000
1061588,6551882406145,btc_qm_engine,btc_sha256_elapsed_ns,1113.0000000000
1061589,6551882406297,btc_qm_engine,btc_leading_zeros,2.0000000000
1061590,6551882406471,btc_qm_engine,btc_leading_zeros,3.0000000000
1061591,6551882406545,btc_qm_engine,btc_sha256_elapsed_ns,1046.0000000000
1061592,6551882406670,btc_qm_engine,btc_sha256_elapsed_ns,1089.0000000000
1061593,6551882406830,btc_qm_engine,btc_leading_zeros,0.0000000000
1061594,6551882407166,btc_qm_engine,btc_sha256_nonce,3521637145.0000000000
1061595,6551882407297,btc_qm_engine,btc_sha256_elapsed_ns,902.0000000000
1061596,6551882407511,btc_qm_engine,btc_sha256_nonce,205033104.0000000000
1061597,6551882407671,btc_qm_engine,btc_leading_zeros,2.0000000000
1061598,6551882407848,btc_qm_engine,btc_sha256_nonce,2617789473.0000000000
1061599,6551882407924,btc_qm_engine,btc_leading_zeros,0.0000000000
1061600,6551882408141,btc_qm_engine,btc_sha256_nonce,2944401613.0000000000
1061601,6551882408295,btc_qm_engine,btc_sha256_nonce,1062632718.0000000000
1061602,6551882408682,btc_qm_engine,btc_leading_zeros,0.0000000000
1061603,6551882408983,btc_qm_engine,btc_leading_zeros,3.0000000000
1061604,6551882409133,btc_qm_engine,btc_leading_zeros,0.0000000000
1061605,6551882409206,btc_qm_engine,btc_sha256_elapsed_ns,1040.0000000000
1061606,6551882409327,btc_qm_engine,btc_sha256_elapsed_ns,1018.0000000000
1061607,6551882409654,btc_qm_engine,btc_sha256_nonce,1764295905.0000000000
1061608,6551882410022,btc_qm_engine,btc_sha256_elapsed_ns,1065.0000000000
1061609,6551882410158,btc_qm_engine,btc_leading_zeros,0.0000000000
1061610,6551882410332,btc_qm_engine,btc_sha256_nonce,2341712848.0000000000
1061611,6551882410522,btc_qm_engine,btc_leading_zeros,1.0000000000
1061612,6551882410860,btc_qm_engine,btc_leading_zeros,0.0000000000
1061613,6551882411279,btc_qm_engine,btc_sha256_nonce,3750823626.0000000000
1061614,6551882411540,btc_qm_engine,btc_sha256_elapsed_ns,1062.0000000000
1061615,6551882411754,btc_qm_engine,btc_leading_zeros,0.0000000000
1061616,6551882411893,btc_qm_engine,btc_sha256_nonce,1770360442.0000000000
1061617,6551882412021,btc_qm_engine,btc_sha256_elapsed_ns,884.0000000000
1061618,6551882412377,btc_qm_engine,btc_sha256_elapsed_ns,1036.0000000000
1061619,6551882412557,btc_qm_engine,btc_leading_zeros,0.0000000000
1061620,6551882412639,btc_qm_engine,btc_sha256_elapsed_ns,1073.0000000000
1061621,6551882412949,btc_qm_engine,btc_sha256_nonce,1571804715.0000000000
1061622,6551882413051,btc_qm_engine,btc_leading_zeros,1.0000000000
1061623,6551882413482,btc_qm_engine,btc_sha256_elapsed_ns,863.0000000000
1061624,6551882413712,btc_qm_engine,btc_sha256_nonce,851314741.0000000000
1061625,6551882413909,btc_qm_engine,btc_sha256_nonce,1476297887.0000000000
1061626,6551882414133,btc_qm_engine,btc_sha256_nonce,463605457.0000000000
1061627,6551882414457,btc_qm_engine,btc_sha256_elapsed_ns,1026.0000000000
1061628,6551882414720,btc_qm_engine,btc_sha256_nonce,455103926.0000000000
1061629,6551882415171,btc_qm_engine,btc_leading_zeros,1.0000000000
1061630,6551882415463,btc_qm_engine,btc_leading_zeros,3.0000000000
1061631,6551882415571,btc_qm_engine,btc_sha256_elapsed_ns,1013.0000000000
1061632,6551882415735,btc_qm_engine,btc_leading_zeros,0.0000000000
1061633,6551882415862,btc_qm_engine,btc_sha256_elapsed_ns,1001.0000000000
1061634,6551882416127,btc_qm_engine,btc_sha256_elapsed_ns,990.0000000000
1061635,6551882416313,btc_qm_engine,btc_sha256_nonce,3894001744.0000000000
1061636,6551882416597,btc_qm_engine,btc_leading_zeros,4.0000000000
1061637,6551882416748,btc_qm_engine,btc_sha256_elapsed_ns,1080.0000000000
1061638,6551882416986,btc_qm_engine,btc_sha256_elapsed_ns,1099.0000000000
1061639,6551882417199,btc_qm_engine,btc_sha256_nonce,3800828823.0000000000
1061640,6551882417308,btc_qm_engine,btc_leading_zeros,0.0000000000
1061641,6551882417366,btc_qm_engine,btc_sha256_elapsed_ns,1076.0000000000
1061642,6551882417494,btc_qm_engine,btc_sha256_nonce,2809361578.0000000000
1061643,6551882417878,btc_qm_engine,btc_leading_zeros,1.0000000000
1061644,6551882418272,btc_qm_engine,btc_sha256_elapsed_ns,1095.0000000000
1061645,6551882418354,btc_qm_engine,btc_sha256_nonce,2378113196.0000000000
1061646,6551882418474,btc_qm_engine,btc_sha256_nonce,1549421995.0000000000
1061647,6551882418557,btc_qm_engine,btc_leading_zeros,1.0000000000
1061648,6551882418627,btc_qm_engine,btc_sha256_elapsed_ns,1117.0000000000
1061649,6551882418786,btc_qm_engine,btc_sha256_nonce,4274254956.0000000000
1061650,6551882419167,btc_qm_engine,btc_leading_zeros,1.0000000000
1061651,6551882419286,btc_qm_engine,btc_sha256_elapsed_ns,1081.0000000000
1061652,6551882419501,btc_qm_engine,btc_sha256_nonce,3305525234.0000000000
1061653,6551882419957,btc_qm_engine,btc_sha256_nonce,2185250327.0000000000
1061654,6551882420047,btc_qm_engine,btc_leading_zeros,0.0000000000
1061655,6551882420117,btc_qm_engine,btc_sha256_elapsed_ns,1075.0000000000
1061656,6551882420271,btc_qm_engine,btc_leading_zeros,0.0000000000
1061657,6551882420339,btc_qm_engine,btc_sha256_elapsed_ns,1023.0000000000
1061658,6551882420599,btc_qm_engine,btc_sha256_elapsed_ns,724.0000000000
1061659,6551882420757,btc_qm_engine,btc_sha256_nonce,1192973361.0000000000
1061660,6551882421085,btc_qm_engine,btc_leading_zeros,0.0000000000
1061661,6551882421157,btc_qm_engine,btc_sha256_elapsed_ns,1123.0000000000
1061662,6551882421289,btc_qm_engine,btc_sha256_nonce,479712082.0000000000
1061663,6551882421367,btc_qm_engine,btc_leading_zeros,0.0000000000
1061664,6551882421417,btc_qm_engine,btc_sha256_elapsed_ns,735.0000000000
1061665,6551882421709,btc_qm_engine,btc_leading_zeros,0.0000000000
1061666,6551882421959,btc_qm_engine,btc_sha256_nonce,2998294237.0000000000
1061667,6551882422064,btc_qm_engine,btc_leading_zeros,0.0000000000
1061668,6551882422257,btc_qm_engine,btc_sha256_nonce,3022849601.0000000000
1061669,6551882422328,btc_qm_engine,btc_leading_zeros,0.0000000000
1061670,6551882422392,btc_qm_engine,btc_sha256_elapsed_ns,1071.0000000000
1061671,6551882422516,btc_qm_engine,btc_sha256_nonce,2861051908.0000000000
1061672,6551882422727,btc_qm_engine,btc_sha256_elapsed_ns,730.0000000000
1061673,6551882422865,btc_qm_engine,btc_leading_zeros,2.0000000000
1061674,6551882422954,btc_qm_engine,btc_sha256_elapsed_ns,1059.0000000000
1061675,6551882423109,btc_qm_engine,btc_sha256_elapsed_ns,1080.0000000000
1061676,6551882423260,btc_qm_engine,btc_sha256_nonce,1344751012.0000000000
1061677,6551882423342,btc_qm_engine,btc_sha256_nonce,1189004373.0000000000
1061678,6551882423424,btc_qm_engine,btc_leading_zeros,1.0000000000
1061679,6551882423495,btc_qm_engine,btc_sha256_elapsed_ns,954.0000000000
1061680,6551882423602,btc_qm_engine,btc_leading_zeros,1.0000000000
1061681,6551882423745,btc_qm_engine,btc_sha256_elapsed_ns,1015.0000000000
1061682,6551882424221,btc_qm_engine,btc_sha256_nonce,693436505.0000000000
1061683,6551882424399,btc_qm_engine,btc_sha256_nonce,2283369369.0000000000
1061684,6551882424472,btc_qm_engine,btc_leading_zeros,2.0000000000
1061685,6551882424551,btc_qm_engine,btc_sha256_elapsed_ns,1107.0000000000
1061686,6551882424754,btc_qm_engine,btc_leading_zeros,1.0000000000
1061687,6551882424942,btc_qm_engine,btc_sha256_nonce,3518950980.0000000000
1061688,6551882425237,btc_qm_engine,btc_sha256_nonce,3322256234.0000000000
1061689,6551882425455,btc_qm_engine,btc_sha256_elapsed_ns,1050.0000000000
1061690,6551882425619,btc_qm_engine,btc_leading_zeros,0.0000000000
1061691,6551882426165,btc_qm_engine,btc_leading_zeros,0.0000000000
1061692,6551882426323,btc_qm_engine,btc_sha256_nonce,2283320182.0000000000
1061693,6551882426563,btc_qm_engine,btc_sha256_elapsed_ns,1069.0000000000
1061694,6551882426979,btc_qm_engine,btc_sha256_elapsed_ns,1008.0000000000
1061695,6551882427320,btc_qm_engine,btc_sha256_nonce,693643200.0000000000
1061696,6551882427396,btc_qm_engine,btc_leading_zeros,0.0000000000
1061697,6551882427470,btc_qm_engine,btc_sha256_elapsed_ns,952.0000000000
1061698,6551882427641,btc_qm_engine,btc_leading_zeros,0.0000000000
1061699,6551882427766,btc_qm_engine,btc_sha256_elapsed_ns,1091.0000000000
1061700,6551882427921,btc_qm_engine,btc_sha256_nonce,1127586205.0000000000
1061701,6551882427997,btc_qm_engine,btc_leading_zeros,0.0000000000
1061702,6551882428070,btc_qm_engine,btc_sha256_elapsed_ns,1104.0000000000
1061703,6551882428715,btc_qm_engine,btc_sha256_nonce,2562091334.0000000000
1061704,6551882428798,btc_qm_engine,btc_sha256_nonce,2898877648.0000000000
1061705,6551882428951,btc_qm_engine,btc_leading_zeros,2.0000000000
1061706,6551882429168,btc_qm_engine,btc_sha256_nonce,2114275785.0000000000
1061707,6551882429374,btc_qm_engine,btc_sha256_nonce,1461539862.0000000000
1061708,6551882429459,btc_qm_engine,btc_leading_zeros,0.0000000000
1061709,6551882429524,btc_qm_engine,btc_sha256_elapsed_ns,1001.0000000000
1061710,6551882429644,btc_qm_engine,btc_sha256_nonce,2901554207.0000000000
1061711,6551882429923,btc_qm_engine,btc_leading_zeros,0.0000000000
1061712,6551882430423,btc_qm_engine,btc_leading_zeros,2.0000000000
1061713,6551882430498,btc_qm_engine,btc_sha256_elapsed_ns,1072.0000000000
1061714,6551882430683,btc_qm_engine,btc_sha256_elapsed_ns,1103.0000000000
1061715,6551882430854,btc_qm_engine,btc_sha256_nonce,542914708.0000000000
1061716,6551882431373,btc_qm_engine,btc_sha256_elapsed_ns,1080.0000000000
1061717,6551882431560,btc_qm_engine,btc_leading_zeros,0.0000000000
1061718,6551882431650,btc_qm_engine,btc_sha256_elapsed_ns,1096.0000000000
1061719,6551882431840,btc_qm_engine,btc_sha256_nonce,1886187563.0000000000
1061720,6551882432001,btc_qm_engine,btc_sha256_nonce,3304284125.0000000000
1061721,6551882432281,btc_qm_engine,btc_leading_zeros,0.0000000000
1061722,6551882432504,btc_qm_engine,btc_leading_zeros,2.0000000000
1061723,6551882432788,btc_qm_engine,btc_leading_zeros,0.0000000000
1061724,6551882432989,btc_qm_engine,btc_sha256_elapsed_ns,1076.0000000000
1061725,6551882433146,btc_qm_engine,btc_sha256_nonce,1338792381.0000000000
1061726,6551882433575,btc_qm_engine,btc_sha256_elapsed_ns,1119.0000000000
1061727,6551882434367,btc_qm_engine,btc_sha256_nonce,3407414142.0000000000
1061728,6551882434449,btc_qm_engine,btc_leading_zeros,1.0000000000
1061729,6551882434525,btc_qm_engine,btc_sha256_elapsed_ns,1081.0000000000
1061730,6551882435089,btc_qm_engine,btc_sha256_elapsed_ns,1008.0000000000
1061731,6551882435327,btc_qm_engine,btc_sha256_nonce,3352571288.0000000000
1061732,6551882435421,btc_qm_engine,btc_leading_zeros,1.0000000000
1061733,6551882435492,btc_qm_engine,btc_sha256_elapsed_ns,1106.0000000000
1061734,6551882435649,btc_qm_engine,btc_sha256_elapsed_ns,1017.0000000000
1061735,6551882436124,btc_qm_engine,btc_sha256_nonce,694161712.0000000000
1061736,6551882436451,btc_qm_engine,btc_leading_zeros,1.0000000000
1061737,6551882436661,btc_qm_engine,btc_leading_zeros,1.0000000000
1061738,6551882436862,btc_qm_engine,btc_sha256_nonce,3091505045.0000000000
1061739,6551882436947,btc_qm_engine,btc_leading_zeros,1.0000000000
1061740,6551882437162,btc_qm_engine,btc_sha256_elapsed_ns,1075.0000000000
1061741,6551882437436,btc_qm_engine,btc_sha256_nonce,2102777132.0000000000
1061742,6551882437916,btc_qm_engine,btc_sha256_nonce,2521452701.0000000000
1061743,6551882438031,btc_qm_engine,btc_sha256_nonce,3852331112.0000000000
1061744,6551882438338,btc_qm_engine,btc_leading_zeros,0.0000000000
1061745,6551882438401,btc_qm_engine,btc_sha256_elapsed_ns,1039.0000000000
1061746,6551882438620,btc_qm_engine,btc_leading_zeros,1.0000000000
1061747,6551882438816,btc_qm_engine,btc_leading_zeros,0.0000000000
1061748,6551882439135,btc_qm_engine,btc_sha256_elapsed_ns,955.0000000000
1061749,6551882439307,btc_qm_engine,btc_sha256_elapsed_ns,1091.0000000000
1061750,6551882439709,btc_qm_engine,btc_sha256_elapsed_ns,1009.0000000000
1061751,6551882440137,btc_qm_engine,btc_sha256_nonce,3808166955.0000000000
1061752,6551882440217,btc_qm_engine,btc_leading_zeros,0.0000000000
1061753,6551882440290,btc_qm_engine,btc_sha256_elapsed_ns,1005.0000000000
1061754,6551882440730,btc_qm_engine,btc_leading_zeros,4.0000000000
1061755,6551882441033,btc_qm_engine,btc_sha256_nonce,450478357.0000000000
1061756,6551882441261,btc_qm_engine,btc_sha256_nonce,4096689101.0000000000
1061757,6551882441464,btc_qm_engine,btc_sha256_nonce,2103054192.0000000000
1061758,6551882441712,btc_qm_engine,btc_sha256_nonce,366000398.0000000000
1061759,6551882442418,btc_qm_engine,btc_sha256_nonce,3509491767.0000000000
1061760,6551882442650,btc_qm_engine,btc_leading_zeros,0.0000000000
1061761,6551882442796,btc_qm_engine,btc_sha256_elapsed_ns,1078.0000000000
1061762,6551882442935,btc_qm_engine,btc_leading_zeros,4.0000000000
1061763,6551882443066,btc_qm_engine,btc_leading_zeros,2.0000000000
1061764,6551882443151,btc_qm_engine,btc_sha256_elapsed_ns,1076.0000000000
1061765,6551882443419,btc_qm_engine,btc_sha256_elapsed_ns,993.0000000000
1061766,6551882443830,btc_qm_engine,btc_sha256_elapsed_ns,1066.0000000000
1061767,6551882443992,btc_qm_engine,btc_leading_zeros,1.0000000000
1061768,6551882444282,btc_qm_engine,btc_leading_zeros,1.0000000000
1061769,6551882444544,btc_qm_engine,btc_sha256_nonce,2945432918.0000000000
1061770,6551882444880,btc_qm_engine,btc_sha256_elapsed_ns,1020.0000000000
1061771,6551882445024,btc_qm_engine,btc_leading_zeros,3.0000000000
1061772,6551882445305,btc_qm_engine,btc_sha256_nonce,2521607375.0000000000
1061773,6551882445460,btc_qm_engine,btc_sha256_nonce,4211297922.0000000000
1061774,6551882445642,btc_qm_engine,btc_sha256_elapsed_ns,1030.0000000000
1061775,6551882446258,btc_qm_engine,btc_sha256_nonce,699502553.0000000000
1061776,6551882446341,btc_qm_engine,btc_leading_zeros,3.0000000000
1061777,6551882446393,btc_qm_engine,btc_sha256_elapsed_ns,861.0000000000
1061778,6551882447077,btc_qm_engine,btc_sha256_elapsed_ns,1118.0000000000
1061779,6551882447335,btc_qm_engine,btc_sha256_nonce,2146454297.0000000000
1061780,6551882447408,btc_qm_engine,btc_leading_zeros,0.0000000000
1061781,6551882447464,btc_qm_engine,btc_sha256_elapsed_ns,746.0000000000
1061782,6551882447712,btc_qm_engine,btc_sha256_nonce,2002306755.0000000000
1061783,6551882448008,btc_qm_engine,btc_leading_zeros,1.0000000000
1061784,6551882448198,btc_qm_engine,btc_sha256_elapsed_ns,982.0000000000
1061785,6551882448591,btc_qm_engine,btc_sha256_nonce,581184060.0000000000
1061786,6551882448911,btc_qm_engine,btc_leading_zeros,0.0000000000
1061787,6551882449087,btc_qm_engine,btc_leading_zeros,2.0000000000
1061788,6551882449154,btc_qm_engine,btc_sha256_elapsed_ns,983.0000000000
1061789,6551882449703,btc_qm_engine,btc_leading_zeros,1.0000000000
1061790,6551882449854,btc_qm_engine,btc_sha256_nonce,582713810.0000000000
1061791,6551882449997,btc_qm_engine,btc_sha256_nonce,2155969794.0000000000
1061792,6551882450261,btc_qm_engine,btc_leading_zeros,0.0000000000
1061793,6551882450327,btc_qm_engine,btc_sha256_elapsed_ns,1065.0000000000
1061794,6551882450633,btc_qm_engine,btc_sha256_elapsed_ns,1033.0000000000
1061795,6551882450816,btc_qm_engine,btc_leading_zeros,0.0000000000
1061796,6551882451053,btc_qm_engine,btc_sha256_elapsed_ns,1099.0000000000
1061797,6551882451233,btc_qm_engine,btc_sha256_elapsed_ns,922.0000000000
1061798,6551882451397,btc_qm_engine,btc_sha256_nonce,1377794965.0000000000
1061799,6551882451474,btc_qm_engine,btc_leading_zeros,2.0000000000
1061800,6551882451527,btc_qm_engine,btc_sha256_elapsed_ns,740.0000000000
1061801,6551882451758,btc_qm_engine,btc_sha256_nonce,1732693938.0000000000
1061802,6551882452045,btc_qm_engine,btc_sha256_nonce,393767150.0000000000
1061803,6551882452241,btc_qm_engine,btc_leading_zeros,0.0000000000
1061804,6551882452586,btc_qm_engine,btc_leading_zeros,0.0000000000
1061805,6551882452777,btc_qm_engine,btc_sha256_nonce,2282394240.0000000000
1061806,6551882453215,btc_qm_engine,btc_sha256_elapsed_ns,966.0000000000
1061807,6551882453521,btc_qm_engine,btc_sha256_nonce,3352663919.0000000000
1061808,6551882453728,btc_qm_engine,btc_leading_zeros,2.0000000000
1061809,6551882453799,btc_qm_engine,btc_sha256_elapsed_ns,976.0000000000
1061810,6551882453883,btc_qm_engine,btc_sha256_nonce,2520929363.0000000000
1061811,6551882454295,btc_qm_engine,btc_sha256_nonce,2615739201.0000000000
1061812,6551882454589,btc_qm_engine,btc_leading_zeros,0.0000000000
1061813,6551882454799,btc_qm_engine,btc_sha256_elapsed_ns,1038.0000000000
1061814,6551882455062,btc_qm_engine,btc_sha256_elapsed_ns,1068.0000000000
1061815,6551882455718,btc_qm_engine,btc_leading_zeros,0.0000000000
1061816,6551882455937,btc_qm_engine,btc_sha256_nonce,3539665548.0000000000
1061817,6551882456200,btc_qm_engine,btc_sha256_elapsed_ns,996.0000000000
1061818,6551882456334,btc_qm_engine,btc_leading_zeros,0.0000000000
1061819,6551882456417,btc_qm_engine,btc_sha256_elapsed_ns,945.0000000000
1061820,6551882456739,btc_qm_engine,btc_sha256_nonce,4091879060.0000000000
1061821,6551882457105,btc_qm_engine,btc_sha256_nonce,637074958.0000000000
1061822,6551882457474,btc_qm_engine,btc_sha256_nonce,2889982591.0000000000
1061823,6551882457553,btc_qm_engine,btc_leading_zeros,0.0000000000
1061824,6551882457703,btc_qm_engine,btc_sha256_elapsed_ns,1038.0000000000
1061825,6551882458299,btc_qm_engine,btc_leading_zeros,0.0000000000
1061826,6551882458700,btc_qm_engine,btc_sha256_nonce,863438962.0000000000
1061827,6551882458798,btc_qm_engine,btc_leading_zeros,0.0000000000
1061828,6551882458977,btc_qm_engine,btc_sha256_elapsed_ns,1074.0000000000
1061829,6551882459190,btc_qm_engine,btc_sha256_elapsed_ns,1107.0000000000
1061830,6551882459492,btc_qm_engine,btc_leading_zeros,2.0000000000
1061831,6551882459818,btc_qm_engine,btc_sha256_elapsed_ns,973.0000000000
1061832,6551882460549,btc_qm_engine,btc_sha256_nonce,3828751067.0000000000
1061833,6551882460643,btc_qm_engine,btc_leading_zeros,2.0000000000
1061834,6551882460985,btc_qm_engine,btc_sha256_nonce,3926339594.0000000000
1061835,6551882461060,btc_qm_engine,btc_leading_zeros,1.0000000000
1061836,6551882461340,btc_qm_engine,btc_sha256_elapsed_ns,1069.0000000000
1061837,6551882461651,btc_qm_engine,btc_leading_zeros,3.0000000000
1061838,6551882461820,btc_qm_engine,btc_sha256_nonce,2067337350.0000000000
1061839,6551882461904,btc_qm_engine,btc_leading_zeros,2.0000000000
1061840,6551882461979,btc_qm_engine,btc_sha256_elapsed_ns,978.0000000000
1061841,6551882462243,btc_qm_engine,btc_sha256_elapsed_ns,1091.0000000000
1061842,6551882463035,btc_qm_engine,btc_sha256_nonce,671433322.0000000000
1061843,6551882463200,btc_qm_engine,btc_sha256_nonce,1814299105.0000000000
1061844,6551882463278,btc_qm_engine,btc_leading_zeros,1.0000000000
1061845,6551882463355,btc_qm_engine,btc_sha256_elapsed_ns,1012.0000000000
1061846,6551882463488,btc_qm_engine,btc_leading_zeros,0.0000000000
1061847,6551882463698,btc_qm_engine,btc_sha256_nonce,863143169.0000000000
1061848,6551882464146,btc_qm_engine,btc_leading_zeros,1.0000000000
1061849,6551882464210,btc_qm_engine,btc_sha256_elapsed_ns,1076.0000000000
1061850,6551882464603,btc_qm_engine,btc_sha256_nonce,495923457.0000000000
1061851,6551882464696,btc_qm_engine,btc_leading_zeros,0.0000000000
1061852,6551882464838,btc_qm_engine,btc_sha256_elapsed_ns,972.0000000000
1061853,6551882465182,btc_qm_engine,btc_sha256_nonce,1938256005.0000000000
1061854,6551882465316,btc_qm_engine,btc_sha256_elapsed_ns,1045.0000000000
1061855,6551882465486,btc_qm_engine,btc_sha256_elapsed_ns,1082.0000000000
1061856,6551882465705,btc_qm_engine,btc_leading_zeros,1.0000000000
1061857,6551882465963,btc_qm_engine,btc_sha256_nonce,863942838.0000000000
1061858,6551882466143,btc_qm_engine,btc_sha256_nonce,2089791151.0000000000
1061859,6551882466308,btc_qm_engine,btc_leading_zeros,4.0000000000
1061860,6551882466588,btc_qm_engine,btc_sha256_nonce,2387751608.0000000000
1061861,6551882466797,btc_qm_engine,btc_sha256_elapsed_ns,1057.0000000000
1061862,6551882466978,btc_qm_engine,btc_sha256_nonce,4292272330.0000000000
1061863,6551882467099,btc_qm_engine,btc_leading_zeros,0.0000000000
1061864,6551882467536,btc_qm_engine,btc_leading_zeros,2.0000000000
1061865,6551882467601,btc_qm_engine,btc_sha256_elapsed_ns,1096.0000000000
1061866,6551882467795,btc_qm_engine,btc_leading_zeros,1.0000000000
1061867,6551882467880,btc_qm_engine,btc_sha256_nonce,3074207334.0000000000
1061868,6551882468093,btc_qm_engine,btc_sha256_elapsed_ns,988.0000000000
1061869,6551882468479,btc_qm_engine,btc_sha256_elapsed_ns,1077.0000000000
1061870,6551882468610,btc_qm_engine,btc_leading_zeros,1.0000000000
1061871,6551882468682,btc_qm_engine,btc_sha256_elapsed_ns,1009.0000000000
1061872,6551882468804,btc_qm_engine,btc_sha256_nonce,693534682.0000000000
1061873,6551882468905,btc_qm_engine,btc_leading_zeros,1.0000000000
1061874,6551882469437,btc_qm_engine,btc_sha256_nonce,2587816428.0000000000
1061875,6551882469711,btc_qm_engine,btc_sha256_nonce,2752570151.0000000000
1061876,6551882469884,btc_qm_engine,btc_sha256_nonce,3352754284.0000000000
1061877,6551882469952,btc_qm_engine,btc_leading_zeros,1.0000000000
1061878,6551882470022,btc_qm_engine,btc_sha256_elapsed_ns,1099.0000000000
1061879,6551882470305,btc_qm_engine,btc_sha256_nonce,464259312.0000000000
1061880,6551882470437,btc_qm_engine,btc_sha256_elapsed_ns,1139.0000000000
1061881,6551882470708,btc_qm_engine,btc_leading_zeros,0.0000000000
1061882,6551882470791,btc_qm_engine,btc_sha256_elapsed_ns,980.0000000000
1061883,6551882471365,btc_qm_engine,btc_leading_zeros,0.0000000000
1061884,6551882471841,btc_qm_engine,btc_sha256_nonce,1962154852.0000000000
1061885,6551882471965,btc_qm_engine,btc_sha256_elapsed_ns,746.0000000000
1061886,6551882472307,btc_qm_engine,btc_leading_zeros,1.0000000000
1061887,6551882472426,btc_qm_engine,btc_sha256_nonce,2103544887.0000000000
1061888,6551882472590,btc_qm_engine,btc_sha256_nonce,324992632.0000000000
1061889,6551882472782,btc_qm_engine,btc_sha256_elapsed_ns,1076.0000000000
1061890,6551882473021,btc_qm_engine,btc_leading_zeros,0.0000000000
1061891,6551882473407,btc_qm_engine,btc_sha256_nonce,2079887031.0000000000
1061892,6551882473876,btc_qm_engine,btc_sha256_elapsed_ns,1020.0000000000
1061893,6551882473984,btc_qm_engine,btc_sha256_nonce,2521530858.0000000000
1061894,6551882474084,btc_qm_engine,btc_leading_zeros,1.0000000000
1061895,6551882474317,btc_qm_engine,btc_leading_zeros,1.0000000000
1061896,6551882474436,btc_qm_engine,btc_leading_zeros,2.0000000000
1061897,6551882474763,btc_qm_engine,btc_sha256_elapsed_ns,978.0000000000
1061898,6551882474920,btc_qm_engine,btc_sha256_elapsed_ns,1069.0000000000
1061899,6551882475137,btc_qm_engine,btc_sha256_elapsed_ns,1085.0000000000
1061900,6551882475588,btc_qm_engine,btc_sha256_nonce,1413634552.0000000000
1061901,6551882475893,btc_qm_engine,btc_leading_zeros,2.0000000000
1061902,6551882475971,btc_qm_engine,btc_sha256_elapsed_ns,959.0000000000
1061903,6551882476293,btc_qm_engine,btc_sha256_nonce,4136197356.0000000000
1061904,6551882476368,btc_qm_engine,btc_leading_zeros,0.0000000000
1061905,6551882476447,btc_qm_engine,btc_sha256_elapsed_ns,1094.0000000000
1061906,6551882476707,btc_qm_engine,btc_sha256_nonce,1462093408.0000000000
1061907,6551882476789,btc_qm_engine,btc_leading_zeros,0.0000000000
1061908,6551882476863,btc_qm_engine,btc_sha256_elapsed_ns,1086.0000000000
1061909,6551882476988,btc_qm_engine,btc_sha256_nonce,572184966.0000000000
1061910,6551882477062,btc_qm_engine,btc_leading_zeros,2.0000000000
1061911,6551882477133,btc_qm_engine,btc_sha256_elapsed_ns,1107.0000000000
1061912,6551882477286,btc_qm_engine,btc_sha256_nonce,1126808269.0000000000
1061913,6551882477382,btc_qm_engine,btc_leading_zeros,0.0000000000
1061914,6551882477442,btc_qm_engine,btc_sha256_elapsed_ns,1071.0000000000
1061915,6551882477802,btc_qm_engine,btc_sha256_nonce,506530303.0000000000
1061916,6551882477878,btc_qm_engine,btc_leading_zeros,0.0000000000
1061917,6551882477950,btc_qm_engine,btc_sha256_elapsed_ns,1100.0000000000
1061918,6551882478075,btc_qm_engine,btc_leading_zeros,2.0000000000
1061919,6551882478237,btc_qm_engine,btc_sha256_nonce,2165360808.0000000000
1061920,6551882478314,btc_qm_engine,btc_leading_zeros,0.0000000000
1061921,6551882478469,btc_qm_engine,btc_sha256_elapsed_ns,1115.0000000000
1061922,6551882478860,btc_qm_engine,btc_sha256_nonce,3697906957.0000000000
1061923,6551882479156,btc_qm_engine,btc_sha256_nonce,447360708.0000000000
1061924,6551882479246,btc_qm_engine,btc_leading_zeros,3.0000000000
1061925,6551882479318,btc_qm_engine,btc_sha256_elapsed_ns,965.0000000000
1061926,6551882479398,btc_qm_engine,btc_sha256_nonce,2151343214.0000000000
1061927,6551882479732,btc_qm_engine,btc_sha256_elapsed_ns,982.0000000000
1061928,6551882479859,btc_qm_engine,btc_leading_zeros,0.0000000000
1061929,6551882480188,btc_qm_engine,btc_sha256_nonce,694299542.0000000000
1061930,6551882480341,btc_qm_engine,btc_sha256_nonce,1279684942.0000000000
1061931,6551882480414,btc_qm_engine,btc_leading_zeros,0.0000000000
1061932,6551882480613,btc_qm_engine,btc_sha256_elapsed_ns,1124.0000000000
1061933,6551882480772,btc_qm_engine,btc_leading_zeros,0.0000000000
1061934,6551882481279,btc_qm_engine,btc_sha256_nonce,2599400590.0000000000
1061935,6551882481426,btc_qm_engine,btc_sha256_elapsed_ns,740.0000000000
1061936,6551882481907,btc_qm_engine,btc_sha256_nonce,1788849133.0000000000
1061937,6551882482005,btc_qm_engine,btc_leading_zeros,0.0000000000
1061938,6551882482058,btc_qm_engine,btc_sha256_elapsed_ns,989.0000000000
1061939,6551882482198,btc_qm_engine,btc_leading_zeros,1.0000000000
1061940,6551882482368,btc_qm_engine,btc_sha256_nonce,582263551.0000000000
1061941,6551882482448,btc_qm_engine,btc_leading_zeros,0.0000000000
1061942,6551882482528,btc_qm_engine,btc_sha256_elapsed_ns,967.0000000000
1061943,6551882482712,btc_qm_engine,btc_sha256_elapsed_ns,967.0000000000
1061944,6551882483349,btc_qm_engine,btc_sha256_nonce,1565336293.0000000000
1061945,6551882483776,btc_qm_engine,btc_leading_zeros,0.0000000000
1061946,6551882483934,btc_qm_engine,btc_sha256_nonce,1886793682.0000000000
1061947,6551882484016,btc_qm_engine,btc_leading_zeros,0.0000000000
1061948,6551882484219,btc_qm_engine,btc_sha256_elapsed_ns,1055.0000000000
1061949,6551882484413,btc_qm_engine,btc_sha256_nonce,3868238007.0000000000
1061950,6551882485276,btc_qm_engine,btc_sha256_elapsed_ns,1061.0000000000
1061951,6551882485484,btc_qm_engine,btc_leading_zeros,2.0000000000
1061952,6551882485551,btc_qm_engine,btc_sha256_elapsed_ns,1024.0000000000
1061953,6551882485759,btc_qm_engine,btc_sha256_elapsed_ns,1036.0000000000
1061954,6551882486356,btc_qm_engine,btc_sha256_nonce,1462245296.0000000000
1061955,6551882486432,btc_qm_engine,btc_leading_zeros,1.0000000000
1061956,6551882486499,btc_qm_engine,btc_sha256_elapsed_ns,1062.0000000000
1061957,6551882486677,btc_qm_engine,btc_sha256_nonce,1328324398.0000000000
1061958,6551882486835,btc_qm_engine,btc_leading_zeros,1.0000000000
1061959,6551882487001,btc_qm_engine,btc_sha256_nonce,3212868902.0000000000
1061960,6551882487254,btc_qm_engine,btc_sha256_elapsed_ns,1026.0000000000
1061961,6551882487450,btc_qm_engine,btc_sha256_nonce,863621840.0000000000
1061962,6551882487716,btc_qm_engine,btc_sha256_nonce,2463734121.0000000000
1061963,6551882487796,btc_qm_engine,btc_leading_zeros,0.0000000000
1061964,6551882487861,btc_qm_engine,btc_sha256_elapsed_ns,917.0000000000
1061965,6551882488036,btc_qm_engine,btc_leading_zeros,1.0000000000
1061966,6551882488141,btc_qm_engine,btc_leading_zeros,0.0000000000
1061967,6551882488633,btc_qm_engine,btc_sha256_elapsed_ns,997.0000000000
1061968,6551882489233,btc_qm_engine,btc_sha256_nonce,3601937531.0000000000
1061969,6551882489319,btc_qm_engine,btc_leading_zeros,0.0000000000
1061970,6551882489393,btc_qm_engine,btc_sha256_elapsed_ns,1097.0000000000
1061971,6551882489551,btc_qm_engine,btc_sha256_nonce,1009946276.0000000000
1061972,6551882489624,btc_qm_engine,btc_leading_zeros,0.0000000000
1061973,6551882489676,btc_qm_engine,btc_sha256_elapsed_ns,733.0000000000
1061974,6551882490301,btc_qm_engine,btc_sha256_nonce,2521286496.0000000000
1061975,6551882490515,btc_qm_engine,btc_sha256_nonce,2102947185.0000000000
1061976,6551882490713,btc_qm_engine,btc_sha256_nonce,1682476098.0000000000
1061977,6551882491068,btc_qm_engine,btc_sha256_elapsed_ns,1109.0000000000
1061978,6551882491275,btc_qm_engine,btc_leading_zeros,2.0000000000
1061979,6551882491448,btc_qm_engine,btc_leading_zeros,0.0000000000
1061980,6551882491737,btc_qm_engine,btc_leading_zeros,0.0000000000
1061981,6551882492389,btc_qm_engine,btc_sha256_elapsed_ns,979.0000000000
1061982,6551882492555,btc_qm_engine,btc_sha256_elapsed_ns,1125.0000000000
1061983,6551882493202,btc_qm_engine,btc_sha256_elapsed_ns,1096.0000000000
1061984,6551882493676,btc_qm_engine,btc_sha256_nonce,3171785396.0000000000
1061985,6551882493895,btc_qm_engine,btc_sha256_nonce,1462065849.0000000000
1061986,6551882494117,btc_qm_engine,btc_leading_zeros,3.0000000000
1061987,6551882494373,btc_qm_engine,btc_leading_zeros,0.0000000000
1061988,6551882494713,btc_qm_engine,btc_sha256_elapsed_ns,731.0000000000
1061989,6551882494953,btc_qm_engine,btc_sha256_elapsed_ns,1111.0000000000
1061990,6551882495468,btc_qm_engine,btc_sha256_elapsed_ns,899.0000000000
1061991,6551882495663,btc_qm_engine,btc_sha256_nonce,3726018354.0000000000
1061992,6551882495995,btc_qm_engine,btc_leading_zeros,0.0000000000
1061993,6551882496057,btc_qm_engine,btc_sha256_elapsed_ns,1079.0000000000
1061994,6551882496305,btc_qm_engine,btc_sha256_nonce,3131904908.0000000000
1061995,6551882496635,btc_qm_engine,btc_leading_zeros,0.0000000000
1061996,6551882496696,btc_qm_engine,btc_sha256_nonce,2282907773.0000000000
1061997,6551882496847,btc_qm_engine,btc_leading_zeros,2.0000000000
1061998,6551882497038,btc_qm_engine,btc_leading_zeros,1.0000000000
1061999,6551882497231,btc_qm_engine,btc_sha256_elapsed_ns,1017.0000000000
1062000,6551882497400,btc_qm_engine,btc_sha256_nonce,1149641713.0000000000
1062001,6551882497479,btc_qm_engine,btc_leading_zeros,0.0000000000
1062002,6551882497548,btc_qm_engine,btc_sha256_elapsed_ns,1089.0000000000
1062003,6551882497855,btc_qm_engine,btc_sha256_nonce,2996053912.0000000000
1062004,6551882497988,btc_qm_engine,btc_sha256_nonce,927257468.0000000000
1062005,6551882498451,btc_qm_engine,btc_leading_zeros,9.0000000000
1062006,6551882498530,btc_qm_engine,btc_sha256_elapsed_ns,852.0000000000
1062007,6551882498885,btc_qm_engine,btc_sha256_nonce,591259025.0000000000
1062008,6551882499018,btc_qm_engine,btc_leading_zeros,1.0000000000
1062009,6551882499354,btc_qm_engine,btc_sha256_elapsed_ns,935.0000000000
1062010,6551882499631,btc_qm_engine,btc_sha256_nonce,4236051204.0000000000
1062011,6551882499811,btc_qm_engine,btc_sha256_nonce,1019394385.0000000000
1062012,6551882499900,btc_qm_engine,btc_sha256_elapsed_ns,1090.0000000000
1062013,6551882500099,btc_qm_engine,btc_leading_zeros,3.0000000000
1062014,6551882500278,btc_qm_engine,btc_leading_zeros,1.0000000000
1062015,6551882500459,btc_qm_engine,btc_leading_zeros,2.0000000000
1062016,6551882500835,btc_qm_engine,btc_sha256_elapsed_ns,1039.0000000000
1062017,6551882501419,btc_qm_engine,btc_sha256_elapsed_ns,1079.0000000000
1062018,6551882501576,btc_qm_engine,btc_sha256_nonce,849973907.0000000000
1062019,6551882502049,btc_qm_engine,btc_sha256_nonce,2083001646.0000000000
1062020,6551882502371,btc_qm_engine,btc_sha256_nonce,4061542340.0000000000
1062021,6551882502446,btc_qm_engine,btc_leading_zeros,1.0000000000
1062022,6551882502578,btc_qm_engine,btc_leading_zeros,1.0000000000
1062023,6551882502890,btc_qm_engine,btc_sha256_elapsed_ns,727.0000000000
1062024,6551882503018,btc_qm_engine,btc_sha256_elapsed_ns,916.0000000000
1062025,6551882503159,btc_qm_engine,btc_leading_zeros,0.0000000000
1062026,6551882503420,btc_qm_engine,btc_sha256_nonce,1632025586.0000000000
1062027,6551882503661,btc_qm_engine,btc_sha256_elapsed_ns,1110.0000000000
1062028,6551882503818,btc_qm_engine,btc_sha256_elapsed_ns,1108.0000000000
1062029,6551882504271,btc_qm_engine,btc_sha256_nonce,344831228.0000000000
1062030,6551882504349,btc_qm_engine,btc_leading_zeros,4.0000000000
1062031,6551882504406,btc_qm_engine,btc_sha256_elapsed_ns,984.0000000000
1062032,6551882504516,btc_qm_engine,btc_sha256_nonce,3466134206.0000000000
1062033,6551882505000,btc_qm_engine,btc_sha256_nonce,2139561497.0000000000
1062034,6551882505151,btc_qm_engine,btc_leading_zeros,1.0000000000
1062035,6551882505227,btc_qm_engine,btc_sha256_elapsed_ns,1022.0000000000
1062036,6551882505400,btc_qm_engine,btc_leading_zeros,0.0000000000
1062037,6551882505651,btc_qm_engine,btc_sha256_nonce,3807538676.0000000000
1062038,6551882505735,btc_qm_engine,btc_leading_zeros,0.0000000000
1062039,6551882505790,btc_qm_engine,btc_sha256_elapsed_ns,1001.0000000000
1062040,6551882505914,btc_qm_engine,btc_leading_zeros,0.0000000000
1062041,6551882506361,btc_qm_engine,btc_sha256_elapsed_ns,974.0000000000
1062042,6551882506526,btc_qm_engine,btc_sha256_nonce,693166009.0000000000
1062043,6551882506621,btc_qm_engine,btc_leading_zeros,3.0000000000
1062044,6551882506676,btc_qm_engine,btc_sha256_elapsed_ns,1027.0000000000
1062045,6551882507053,btc_qm_engine,btc_sha256_elapsed_ns,1102.0000000000
1062046,6551882507166,btc_qm_engine,btc_sha256_elapsed_ns,1101.0000000000
1062047,6551882507356,btc_qm_engine,btc_sha256_nonce,487196423.0000000000
1062048,6551882507430,btc_qm_engine,btc_leading_zeros,3.0000000000
1062049,6551882507509,btc_qm_engine,btc_sha256_elapsed_ns,1052.0000000000
1062050,6551882507684,btc_qm_engine,btc_sha256_nonce,2925499966.0000000000
1062051,6551882508032,btc_qm_engine,btc_sha256_nonce,3514990019.0000000000
1062052,6551882508195,btc_qm_engine,btc_sha256_nonce,1114117713.0000000000
1062053,6551882508273,btc_qm_engine,btc_leading_zeros,0.0000000000
1062054,6551882508348,btc_qm_engine,btc_sha256_elapsed_ns,1062.0000000000
1062055,6551882508494,btc_qm_engine,btc_leading_zeros,0.0000000000
1062056,6551882508669,btc_qm_engine,btc_sha256_nonce,2861686450.0000000000
1062057,6551882508761,btc_qm_engine,btc_leading_zeros,1.0000000000
1062058,6551882508999,btc_qm_engine,btc_sha256_nonce,352528108.0000000000
1062059,6551882509342,btc_qm_engine,btc_sha256_elapsed_ns,722.0000000000
1062060,6551882509595,btc_qm_engine,btc_sha256_nonce,1677520793.0000000000
1062061,6551882509680,btc_qm_engine,btc_leading_zeros,0.0000000000
1062062,6551882509970,btc_qm_engine,btc_sha256_nonce,2398544457.0000000000
1062063,6551882510080,btc_qm_engine,btc_sha256_elapsed_ns,1117.0000000000
1062064,6551882510350,btc_qm_engine,btc_leading_zeros,0.0000000000
1062065,6551882510422,btc_qm_engine,btc_sha256_elapsed_ns,1057.0000000000
1062066,6551882510533,btc_qm_engine,btc_leading_zeros,1.0000000000
1062067,6551882510691,btc_qm_engine,btc_sha256_elapsed_ns,960.0000000000
1062068,6551882510860,btc_qm_engine,btc_leading_zeros,2.0000000000
1062069,6551882511294,btc_qm_engine,btc_sha256_nonce,862955315.0000000000
1062070,6551882511372,btc_qm_engine,btc_leading_zeros,0.0000000000
1062071,6551882511445,btc_qm_engine,btc_sha256_elapsed_ns,943.0000000000
1062072,6551882511578,btc_qm_engine,btc_sha256_elapsed_ns,1107.0000000000
1062073,6551882512089,btc_qm_engine,btc_sha256_nonce,2287372511.0000000000
1062074,6551882512393,btc_qm_engine,btc_sha256_nonce,3732745686.0000000000
1062075,6551882512527,btc_qm_engine,btc_leading_zeros,0.0000000000
1062076,6551882512604,btc_qm_engine,btc_sha256_elapsed_ns,1046.0000000000
1062077,6551882512821,btc_qm_engine,btc_sha256_nonce,3465506609.0000000000
1062078,6551882512899,btc_qm_engine,btc_leading_zeros,0.0000000000
1062079,6551882513282,btc_qm_engine,btc_sha256_elapsed_ns,1047.0000000000
1062080,6551882513418,btc_qm_engine,btc_sha256_nonce,266432502.0000000000
1062081,6551882513610,btc_qm_engine,btc_sha256_elapsed_ns,951.0000000000
1062082,6551882514402,btc_qm_engine,btc_leading_zeros,1.0000000000
1062083,6551882514599,btc_qm_engine,btc_sha256_nonce,1392604778.0000000000
1062084,6551882514679,btc_qm_engine,btc_leading_zeros,2.0000000000
1062085,6551882514749,btc_qm_engine,btc_sha256_elapsed_ns,1055.0000000000
1062086,6551882515310,btc_qm_engine,btc_sha256_elapsed_ns,1079.0000000000
1062087,6551882516010,btc_qm_engine,btc_sha256_elapsed_ns,1046.0000000000
1062088,6551882516239,btc_qm_engine,btc_sha256_nonce,2519090880.0000000000
1062089,6551882516615,btc_qm_engine,btc_sha256_nonce,3221657818.0000000000
1062090,6551882516837,btc_qm_engine,btc_leading_zeros,0.0000000000
1062091,6551882517436,btc_qm_engine,btc_sha256_nonce,1678795884.0000000000
1062092,6551882517522,btc_qm_engine,btc_leading_zeros,2.0000000000
1062093,6551882517606,btc_qm_engine,btc_sha256_elapsed_ns,929.0000000000
1062094,6551882517729,btc_qm_engine,btc_sha256_nonce,2314204500.0000000000
1062095,6551882517965,btc_qm_engine,btc_sha256_elapsed_ns,1054.0000000000
1062096,6551882518059,btc_qm_engine,btc_sha256_nonce,3481598763.0000000000
1062097,6551882518217,btc_qm_engine,btc_leading_zeros,1.0000000000
1062098,6551882518291,btc_qm_engine,btc_sha256_elapsed_ns,1098.0000000000
1062099,6551882518831,btc_qm_engine,btc_sha256_nonce,2121173448.0000000000
1062100,6551882518979,btc_qm_engine,btc_leading_zeros,1.0000000000
1062101,6551882519048,btc_qm_engine,btc_sha256_elapsed_ns,1089.0000000000
1062102,6551882519334,btc_qm_engine,btc_sha256_nonce,2114252326.0000000000
1062103,6551882519529,btc_qm_engine,btc_sha256_nonce,3645095707.0000000000
1062104,6551882520227,btc_qm_engine,btc_sha256_nonce,1015876589.0000000000
1062105,6551882520314,btc_qm_engine,btc_leading_zeros,4.0000000000
1062106,6551882520461,btc_qm_engine,btc_leading_zeros,3.0000000000
1062107,6551882520851,btc_qm_engine,btc_sha256_elapsed_ns,887.0000000000
1062108,6551882520945,btc_qm_engine,btc_sha256_elapsed_ns,902.0000000000
1062109,6551882521027,btc_qm_engine,btc_sha256_nonce,1333297089.0000000000
1062110,6551882521365,btc_qm_engine,btc_leading_zeros,4.0000000000
1062111,6551882521438,btc_qm_engine,btc_sha256_elapsed_ns,965.0000000000
1062112,6551882521840,btc_qm_engine,btc_sha256_nonce,3254719881.0000000000
1062113,6551882521929,btc_qm_engine,btc_leading_zeros,0.0000000000
1062114,6551882521992,btc_qm_engine,btc_sha256_elapsed_ns,738.0000000000
1062115,6551882522365,btc_qm_engine,btc_leading_zeros,0.0000000000
1062116,6551882522437,btc_qm_engine,btc_sha256_elapsed_ns,997.0000000000
1062117,6551882522570,btc_qm_engine,btc_sha256_nonce,1612700335.0000000000
1062118,6551882522656,btc_qm_engine,btc_leading_zeros,0.0000000000
1062119,6551882522854,btc_qm_engine,btc_sha256_nonce,864063139.0000000000
1062120,6551882523137,btc_qm_engine,btc_sha256_elapsed_ns,1115.0000000000
1062121,6551882523215,btc_qm_engine,btc_leading_zeros,4.0000000000
1062122,6551882523465,btc_qm_engine,btc_leading_zeros,1.0000000000
1062123,6551882523703,btc_qm_engine,btc_sha256_elapsed_ns,1124.0000000000
1062124,6551882523927,btc_qm_engine,btc_sha256_elapsed_ns,1079.0000000000
1062125,6551882524239,btc_qm_engine,btc_sha256_nonce,2520955462.0000000000
1062126,6551882524374,btc_qm_engine,btc_sha256_nonce,4184721671.0000000000
1062127,6551882524459,btc_qm_engine,btc_leading_zeros,0.0000000000
1062128,6551882524898,btc_qm_engine,btc_sha256_nonce,699947366.0000000000
1062129,6551882524980,btc_qm_engine,btc_leading_zeros,0.0000000000
1062130,6551882525094,btc_qm_engine,btc_sha256_elapsed_ns,1002.0000000000
1062131,6551882525269,btc_qm_engine,btc_sha256_nonce,1308983917.0000000000
1062132,6551882525463,btc_qm_engine,btc_leading_zeros,0.0000000000
1062133,6551882525697,btc_qm_engine,btc_sha256_nonce,1992318594.0000000000
1062134,6551882525927,btc_qm_engine,btc_leading_zeros,1.0000000000
1062135,6551882526100,btc_qm_engine,btc_leading_zeros,0.0000000000
1062136,6551882526171,btc_qm_engine,btc_sha256_elapsed_ns,1075.0000000000
1062137,6551882526330,btc_qm_engine,btc_sha256_nonce,2708408691.0000000000
1062138,6551882526402,btc_qm_engine,btc_leading_zeros,0.0000000000
1062139,6551882526485,btc_qm_engine,btc_sha256_elapsed_ns,957.0000000000
1062140,6551882526775,btc_qm_engine,btc_sha256_elapsed_ns,1103.0000000000
1062141,6551882526959,btc_qm_engine,btc_sha256_elapsed_ns,1092.0000000000
1062142,6551882527210,btc_qm_engine,btc_sha256_elapsed_ns,1033.0000000000
1062143,6551882527389,btc_qm_engine,btc_sha256_nonce,1468978445.0000000000
1062144,6551882527498,btc_qm_engine,btc_leading_zeros,0.0000000000
1062145,6551882527567,btc_qm_engine,btc_sha256_elapsed_ns,930.0000000000
1062146,6551882527818,btc_qm_engine,btc_leading_zeros,2.0000000000
1062147,6551882528081,btc_qm_engine,btc_sha256_nonce,2714131725.0000000000
1062148,6551882528198,btc_qm_engine,btc_leading_zeros,1.0000000000
1062149,6551882528277,btc_qm_engine,btc_sha256_elapsed_ns,878.0000000000
1062150,6551882528377,btc_qm_engine,btc_sha256_nonce,808319192.0000000000
1062151,6551882528581,btc_qm_engine,btc_sha256_elapsed_ns,1008.0000000000
1062152,6551882528752,btc_qm_engine,btc_sha256_nonce,3135906870.0000000000
1062153,6551882529196,btc_qm_engine,btc_leading_zeros,2.0000000000
1062154,6551882529329,btc_qm_engine,btc_leading_zeros,0.0000000000
1062155,6551882529529,btc_qm_engine,btc_sha256_nonce,2520789982.0000000000
1062156,6551882529898,btc_qm_engine,btc_sha256_nonce,2135775490.0000000000
1062157,6551882530005,btc_qm_engine,btc_leading_zeros,0.0000000000
1062158,6551882530283,btc_qm_engine,btc_leading_zeros,1.0000000000
1062159,6551882530608,btc_qm_engine,btc_sha256_nonce,699716342.0000000000
1062160,6551882530841,btc_qm_engine,btc_sha256_elapsed_ns,1042.0000000000
1062161,6551882531000,btc_qm_engine,btc_sha256_nonce,2102558535.0000000000
1062162,6551882531619,btc_qm_engine,btc_leading_zeros,4.0000000000
1062163,6551882531725,btc_qm_engine,btc_sha256_elapsed_ns,1006.0000000000
1062164,6551882532025,btc_qm_engine,btc_sha256_nonce,4237575350.0000000000
1062165,6551882532419,btc_qm_engine,btc_sha256_elapsed_ns,1099.0000000000
1062166,6551882532595,btc_qm_engine,btc_leading_zeros,0.0000000000
1062167,6551882532689,btc_qm_engine,btc_sha256_elapsed_ns,1018.0000000000
1062168,6551882533264,btc_qm_engine,btc_sha256_elapsed_ns,981.0000000000
1062169,6551882533467,btc_qm_engine,btc_sha256_nonce,1556780035.0000000000
1062170,6551882533686,btc_qm_engine,btc_leading_zeros,2.0000000000
1062171,6551882533771,btc_qm_engine,btc_sha256_nonce,3461098748.0000000000
1062172,6551882534176,btc_qm_engine,btc_leading_zeros,2.0000000000
1062173,6551882534314,btc_qm_engine,btc_sha256_nonce,1221069379.0000000000
1062174,6551882534398,btc_qm_engine,btc_leading_zeros,0.0000000000
1062175,6551882534465,btc_qm_engine,btc_sha256_elapsed_ns,1015.0000000000
1062176,6551882534634,btc_qm_engine,btc_sha256_elapsed_ns,1067.0000000000
1062177,6551882534875,btc_qm_engine,btc_sha256_nonce,3376162684.0000000000
1062178,6551882534956,btc_qm_engine,btc_leading_zeros,0.0000000000
1062179,6551882535404,btc_qm_engine,btc_sha256_elapsed_ns,1061.0000000000
1062180,6551882535494,btc_qm_engine,btc_sha256_nonce,4137848406.0000000000
1062181,6551882535775,btc_qm_engine,btc_sha256_nonce,1765365122.0000000000
1062182,6551882535999,btc_qm_engine,btc_leading_zeros,0.0000000000
1062183,6551882536074,btc_qm_engine,btc_sha256_elapsed_ns,1099.0000000000
1062184,6551882536290,btc_qm_engine,btc_sha256_nonce,404037116.0000000000
1062185,6551882536450,btc_qm_engine,btc_sha256_elapsed_ns,972.0000000000
1062186,6551882536665,btc_qm_engine,btc_sha256_nonce,864100748.0000000000
1062187,6551882536811,btc_qm_engine,btc_leading_zeros,1.0000000000
1062188,6551882537494,btc_qm_engine,btc_sha256_nonce,2887584119.0000000000
1062189,6551882537923,btc_qm_engine,btc_leading_zeros,2.0000000000
1062190,6551882538046,btc_qm_engine,btc_sha256_nonce,313154053.0000000000
1062191,6551882538129,btc_qm_engine,btc_leading_zeros,3.0000000000
1062192,6551882538222,btc_qm_engine,btc_sha256_elapsed_ns,827.0000000000
1062193,6551882538315,btc_qm_engine,btc_sha256_elapsed_ns,862.0000000000
1062194,6551882538469,btc_qm_engine,btc_leading_zeros,0.0000000000
1062195,6551882538717,btc_qm_engine,btc_sha256_elapsed_ns,1122.0000000000
1062196,6551882539175,btc_qm_engine,btc_sha256_elapsed_ns,729.0000000000
1062197,6551882539423,btc_qm_engine,btc_leading_zeros,2.0000000000
1062198,6551882539812,btc_qm_engine,btc_sha256_nonce,3695992562.0000000000
1062199,6551882539892,btc_qm_engine,btc_leading_zeros,2.0000000000
1062200,6551882540094,btc_qm_engine,btc_sha256_elapsed_ns,1012.0000000000
1062201,6551882540736,btc_qm_engine,btc_sha256_elapsed_ns,967.0000000000
1062202,6551882542497,btc_qm_engine,btc_leading_zeros,1.0000000000
1062203,6551882542686,btc_qm_engine,btc_sha256_nonce,259075962.0000000000
1062204,6551882542770,btc_qm_engine,btc_leading_zeros,0.0000000000
1062205,6551882542840,btc_qm_engine,btc_sha256_elapsed_ns,1059.0000000000
1062206,6551882543024,btc_qm_engine,btc_sha256_nonce,700045849.0000000000
1062207,6551882543093,btc_qm_engine,btc_leading_zeros,2.0000000000
1062208,6551882543164,btc_qm_engine,btc_sha256_elapsed_ns,1041.0000000000
1062209,6551882543532,btc_qm_engine,btc_sha256_elapsed_ns,1057.0000000000
1062210,6551882544360,btc_qm_engine,btc_sha256_nonce,3246360046.0000000000
1062211,6551882544528,btc_qm_engine,btc_sha256_nonce,3188586227.0000000000
1062212,6551882544608,btc_qm_engine,btc_leading_zeros,1.0000000000
1062213,6551882544678,btc_qm_engine,btc_sha256_elapsed_ns,1070.0000000000
1062214,6551882544887,btc_qm_engine,btc_leading_zeros,1.0000000000
1062215,6551882545156,btc_qm_engine,btc_sha256_nonce,3844896230.0000000000
1062216,6551882545230,btc_qm_engine,btc_leading_zeros,0.0000000000
1062217,6551882545498,btc_qm_engine,btc_sha256_nonce,2521399889.0000000000
1062218,6551882545705,btc_qm_engine,btc_sha256_elapsed_ns,1071.0000000000
1062219,6551882545910,btc_qm_engine,btc_leading_zeros,3.0000000000
1062220,6551882546147,btc_qm_engine,btc_sha256_elapsed_ns,726.0000000000
1062221,6551882546558,btc_qm_engine,btc_sha256_elapsed_ns,1040.0000000000
1062222,6551882546791,btc_qm_engine,btc_sha256_nonce,699811573.0000000000
1062223,6551882547164,btc_qm_engine,btc_leading_zeros,0.0000000000
1062224,6551882547501,btc_qm_engine,btc_sha256_elapsed_ns,991.0000000000
1062225,6551882547869,btc_qm_engine,btc_sha256_elapsed_ns,1089.0000000000
1062226,6551882548293,btc_qm_engine,btc_sha256_nonce,4087488139.0000000000
1062227,6551882548654,btc_qm_engine,btc_sha256_nonce,3337351079.0000000000
1062228,6551882548721,btc_qm_engine,btc_leading_zeros,1.0000000000
1062229,6551882548793,btc_qm_engine,btc_sha256_elapsed_ns,1165.0000000000
1062230,6551882548993,btc_qm_engine,btc_leading_zeros,0.0000000000
1062231,6551882549062,btc_qm_engine,btc_sha256_elapsed_ns,1160.0000000000
1062232,6551882549248,btc_qm_engine,btc_sha256_nonce,2836163926.0000000000
1062233,6551882549359,btc_qm_engine,btc_sha256_nonce,4267185082.0000000000
1062234,6551882549620,btc_qm_engine,btc_leading_zeros,0.0000000000
1062235,6551882549696,btc_qm_engine,btc_sha256_elapsed_ns,1114.0000000000
1062236,6551882549923,btc_qm_engine,btc_leading_zeros,0.0000000000
1062237,6551882550092,btc_qm_engine,btc_sha256_nonce,1049934534.0000000000
1062238,6551882550173,btc_qm_engine,btc_leading_zeros,0.0000000000
1062239,6551882550277,btc_qm_engine,btc_sha256_elapsed_ns,1049.0000000000
1062240,6551882550535,btc_qm_engine,btc_sha256_nonce,111258852.0000000000
1062241,6551882550711,btc_qm_engine,btc_sha256_nonce,2103411880.0000000000
1062242,6551882550957,btc_qm_engine,btc_sha256_nonce,920882380.0000000000
1062243,6551882551049,btc_qm_engine,btc_sha256_nonce,693887077.0000000000
1062244,6551882551244,btc_qm_engine,btc_leading_zeros,1.0000000000
1062245,6551882551360,btc_qm_engine,btc_sha256_elapsed_ns,1034.0000000000
1062246,6551882551576,btc_qm_engine,btc_leading_zeros,0.0000000000
1062247,6551882552447,btc_qm_engine,btc_sha256_nonce,3347643703.0000000000
1062248,6551882552585,btc_qm_engine,btc_sha256_elapsed_ns,1125.0000000000
1062249,6551882553165,btc_qm_engine,btc_leading_zeros,0.0000000000
1062250,6551882553582,btc_qm_engine,btc_leading_zeros,0.0000000000
1062251,6551882553722,btc_qm_engine,btc_sha256_elapsed_ns,951.0000000000
1062252,6551882553912,btc_qm_engine,btc_sha256_nonce,1526506213.0000000000
1062253,6551882554134,btc_qm_engine,btc_leading_zeros,0.0000000000
1062254,6551882554426,btc_qm_engine,btc_sha256_elapsed_ns,1050.0000000000
1062255,6551882554671,btc_qm_engine,btc_sha256_elapsed_ns,1082.0000000000
1062256,6551882554947,btc_qm_engine,btc_sha256_nonce,1991027407.0000000000
1062257,6551882555022,btc_qm_engine,btc_leading_zeros,3.0000000000
1062258,6551882555089,btc_qm_engine,btc_sha256_elapsed_ns,981.0000000000
1062259,6551882556006,btc_qm_engine,btc_sha256_nonce,221380709.0000000000
1062260,6551882556083,btc_qm_engine,btc_leading_zeros,0.0000000000
1062261,6551882556286,btc_qm_engine,btc_sha256_nonce,4175966279.0000000000
1062262,6551882556369,btc_qm_engine,btc_leading_zeros,0.0000000000
1062263,6551882556473,btc_qm_engine,btc_sha256_elapsed_ns,1083.0000000000
1062264,6551882556669,btc_qm_engine,btc_sha256_nonce,474036857.0000000000
1062265,6551882556834,btc_qm_engine,btc_sha256_nonce,833682330.0000000000
1062266,6551882556963,btc_qm_engine,btc_sha256_elapsed_ns,1000.0000000000
1062267,6551882557221,btc_qm_engine,btc_leading_zeros,0.0000000000
1062268,6551882557575,btc_qm_engine,btc_sha256_elapsed_ns,1111.0000000000
1062269,6551882557697,btc_qm_engine,btc_sha256_nonce,3783667204.0000000000
1062270,6551882557779,btc_qm_engine,btc_leading_zeros,0.0000000000
1062271,6551882557848,btc_qm_engine,btc_sha256_elapsed_ns,994.0000000000
1062272,6551882558279,btc_qm_engine,btc_sha256_nonce,2102661156.0000000000
1062273,6551882558354,btc_qm_engine,btc_leading_zeros,0.0000000000
1062274,6551882558415,btc_qm_engine,btc_sha256_elapsed_ns,1018.0000000000
1062275,6551882558737,btc_qm_engine,btc_sha256_elapsed_ns,1105.0000000000
1062276,6551882559367,btc_qm_engine,btc_sha256_nonce,2520728510.0000000000
1062277,6551882559438,btc_qm_engine,btc_leading_zeros,1.0000000000
1062278,6551882559499,btc_qm_engine,btc_sha256_elapsed_ns,729.0000000000
1062279,6551882559769,btc_qm_engine,btc_sha256_nonce,4084029587.0000000000
1062280,6551882559843,btc_qm_engine,btc_leading_zeros,3.0000000000
1062281,6551882559935,btc_qm_engine,btc_sha256_elapsed_ns,1090.0000000000
1062282,6551882560329,btc_qm_engine,btc_sha256_nonce,893590352.0000000000
1062283,6551882560404,btc_qm_engine,btc_leading_zeros,0.0000000000
1062284,6551882560646,btc_qm_engine,btc_leading_zeros,2.0000000000
1062285,6551882561135,btc_qm_engine,btc_sha256_nonce,2102756359.0000000000
1062286,6551882561474,btc_qm_engine,btc_sha256_elapsed_ns,1086.0000000000
1062287,6551882561727,btc_qm_engine,btc_sha256_nonce,3689672961.0000000000
1062288,6551882562096,btc_qm_engine,btc_sha256_nonce,2370569235.0000000000
1062289,6551882562669,btc_qm_engine,btc_leading_zeros,0.0000000000
1062290,6551882562912,btc_qm_engine,btc_sha256_nonce,1774731512.0000000000
1062291,6551882563088,btc_qm_engine,btc_sha256_elapsed_ns,969.0000000000
1062292,6551882563417,btc_qm_engine,btc_sha256_nonce,1218852575.0000000000
1062293,6551882563795,btc_qm_engine,btc_leading_zeros,0.0000000000
1062294,6551882564064,btc_qm_engine,btc_leading_zeros,2.0000000000
1062295,6551882564169,btc_qm_engine,btc_sha256_elapsed_ns,926.0000000000
1062296,6551882564330,btc_qm_engine,btc_sha256_elapsed_ns,848.0000000000
1062297,6551882564689,btc_qm_engine,btc_leading_zeros,1.0000000000
1062298,6551882565011,btc_qm_engine,btc_sha256_elapsed_ns,1136.0000000000
1062299,6551882565513,btc_qm_engine,btc_sha256_nonce,336855790.0000000000
1062300,6551882565660,btc_qm_engine,btc_sha256_nonce,2103130487.0000000000
1062301,6551882565855,btc_qm_engine,btc_leading_zeros,0.0000000000
1062302,6551882566035,btc_qm_engine,btc_sha256_nonce,1814048724.0000000000
1062303,6551882566119,btc_qm_engine,btc_leading_zeros,0.0000000000
1062304,6551882566194,btc_qm_engine,btc_sha256_elapsed_ns,1098.0000000000
1062305,6551882566294,btc_qm_engine,btc_sha256_nonce,1495219112.0000000000
1062306,6551882566518,btc_qm_engine,btc_sha256_elapsed_ns,1036.0000000000
1062307,6551882566722,btc_qm_engine,btc_sha256_elapsed_ns,1083.0000000000
1062308,6551882566884,btc_qm_engine,btc_leading_zeros,2.0000000000
1062309,6551882566954,btc_qm_engine,btc_sha256_elapsed_ns,1074.0000000000
1062310,6551882567151,btc_qm_engine,btc_leading_zeros,1.0000000000
1062311,6551882567491,btc_qm_engine,btc_sha256_nonce,2958616190.0000000000
1062312,6551882567587,btc_qm_engine,btc_leading_zeros,2.0000000000
1062313,6551882567657,btc_qm_engine,btc_sha256_elapsed_ns,1031.0000000000
1062314,6551882568113,btc_qm_engine,btc_sha256_nonce,1009976585.0000000000
1062315,6551882568191,btc_qm_engine,btc_leading_zeros,1.0000000000
1062316,6551882568261,btc_qm_engine,btc_sha256_elapsed_ns,1125.0000000000
1062317,6551882568491,btc_qm_engine,btc_sha256_nonce,1625506420.0000000000
1062318,6551882568891,btc_qm_engine,btc_sha256_nonce,1227428002.0000000000
1062319,6551882569040,btc_qm_engine,btc_leading_zeros,0.0000000000
1062320,6551882569112,btc_qm_engine,btc_sha256_elapsed_ns,1095.0000000000
1062321,6551882569323,btc_qm_engine,btc_leading_zeros,2.0000000000
1062322,6551882569632,btc_qm_engine,btc_sha256_nonce,1461683515.0000000000
1062323,6551882569741,btc_qm_engine,btc_leading_zeros,1.0000000000
1062324,6551882569971,btc_qm_engine,btc_leading_zeros,1.0000000000
1062325,6551882570294,btc_qm_engine,btc_sha256_elapsed_ns,1012.0000000000
1062326,6551882570516,btc_qm_engine,btc_sha256_nonce,1352686787.0000000000
1062327,6551882571325,btc_qm_engine,btc_sha256_elapsed_ns,824.0000000000
1062328,6551882572302,btc_qm_engine,btc_leading_zeros,0.0000000000
1062329,6551882572571,btc_qm_engine,btc_sha256_nonce,733089943.0000000000
1062330,6551882572649,btc_qm_engine,btc_leading_zeros,0.0000000000
1062331,6551882572757,btc_qm_engine,btc_sha256_elapsed_ns,1072.0000000000
1062332,6551882573204,btc_qm_engine,btc_sha256_elapsed_ns,1095.0000000000
1062333,6551882573356,btc_qm_engine,btc_sha256_elapsed_ns,835.0000000000
1062334,6551882573835,btc_qm_engine,btc_leading_zeros,1.0000000000
1062335,6551882574425,btc_qm_engine,btc_sha256_nonce,4027716500.0000000000
1062336,6551882574533,btc_qm_engine,btc_leading_zeros,3.0000000000
1062337,6551882574659,btc_qm_engine,btc_sha256_nonce,2102951329.0000000000
1062338,6551882574742,btc_qm_engine,btc_leading_zeros,0.0000000000
1062339,6551882575017,btc_qm_engine,btc_leading_zeros,1.0000000000
1062340,6551882575693,btc_qm_engine,btc_sha256_elapsed_ns,1021.0000000000
1062341,6551882575785,btc_qm_engine,btc_sha256_elapsed_ns,1013.0000000000
1062342,6551882576410,btc_qm_engine,btc_sha256_nonce,1516349888.0000000000
1062343,6551882576652,btc_qm_engine,btc_sha256_nonce,2078660259.0000000000
1062344,6551882576727,btc_qm_engine,btc_leading_zeros,0.0000000000
1062345,6551882576936,btc_qm_engine,btc_sha256_elapsed_ns,745.0000000000
1062346,6551882577270,btc_qm_engine,btc_sha256_nonce,464542422.0000000000
1062347,6551882577487,btc_qm_engine,btc_sha256_elapsed_ns,973.0000000000
1062348,6551882577735,btc_qm_engine,btc_leading_zeros,0.0000000000
1062349,6551882577794,btc_qm_engine,btc_sha256_elapsed_ns,1037.0000000000
1062350,6551882577896,btc_qm_engine,btc_leading_zeros,3.0000000000
1062351,6551882578262,btc_qm_engine,btc_sha256_elapsed_ns,1074.0000000000
1062352,6551882578762,btc_qm_engine,btc_sha256_nonce,857684453.0000000000
1062353,6551882578839,btc_qm_engine,btc_leading_zeros,2.0000000000
1062354,6551882578918,btc_qm_engine,btc_sha256_elapsed_ns,1087.0000000000
1062355,6551882579111,btc_qm_engine,btc_sha256_nonce,3802189244.0000000000
1062356,6551882579187,btc_qm_engine,btc_leading_zeros,1.0000000000
1062357,6551882579566,btc_qm_engine,btc_sha256_nonce,693596169.0000000000
1062358,6551882579668,btc_qm_engine,btc_sha256_elapsed_ns,1096.0000000000
1062359,6551882579804,btc_qm_engine,btc_sha256_nonce,4164315626.0000000000
1062360,6551882580262,btc_qm_engine,btc_sha256_nonce,294970603.0000000000
1062361,6551882580341,btc_qm_engine,btc_leading_zeros,3.0000000000
1062362,6551882580417,btc_qm_engine,btc_leading_zeros,1.0000000000
1062363,6551882580592,btc_qm_engine,btc_sha256_elapsed_ns,1075.0000000000
1062364,6551882580858,btc_qm_engine,btc_sha256_elapsed_ns,1062.0000000000
1062365,6551882581721,btc_qm_engine,btc_sha256_elapsed_ns,1004.0000000000
1062366,6551882581946,btc_qm_engine,btc_sha256_nonce,2660859543.0000000000
1062367,6551882582023,btc_qm_engine,btc_leading_zeros,1.0000000000
1062368,6551882582098,btc_qm_engine,btc_sha256_elapsed_ns,749.0000000000
1062369,6551882582227,btc_qm_engine,btc_leading_zeros,1.0000000000
1062370,6551882582883,btc_qm_engine,btc_sha256_nonce,2283323120.0000000000
1062371,6551882583006,btc_qm_engine,btc_sha256_nonce,17538533.0000000000
1062372,6551882583186,btc_qm_engine,btc_sha256_elapsed_ns,827.0000000000
1062373,6551882583355,btc_qm_engine,btc_sha256_nonce,699508150.0000000000
1062374,6551882583538,btc_qm_engine,btc_sha256_nonce,4220523553.0000000000
1062375,6551882583708,btc_qm_engine,btc_leading_zeros,1.0000000000
1062376,6551882583833,btc_qm_engine,btc_sha256_elapsed_ns,1185.0000000000
1062377,6551882584015,btc_qm_engine,btc_leading_zeros,0.0000000000
1062378,6551882584231,btc_qm_engine,btc_leading_zeros,1.0000000000
1062379,6551882584419,btc_qm_engine,btc_sha256_elapsed_ns,913.0000000000
1062380,6551882584628,btc_qm_engine,btc_sha256_elapsed_ns,1094.0000000000
1062381,6551882584790,btc_qm_engine,btc_sha256_nonce,1053829895.0000000000
1062382,6551882584929,btc_qm_engine,btc_sha256_nonce,2067257222.0000000000
1062383,6551882585188,btc_qm_engine,btc_leading_zeros,2.0000000000
1062384,6551882585360,btc_qm_engine,btc_leading_zeros,1.0000000000
1062385,6551882585533,btc_qm_engine,btc_sha256_nonce,3352726675.0000000000
1062386,6551882585661,btc_qm_engine,btc_leading_zeros,0.0000000000
1062387,6551882585918,btc_qm_engine,btc_sha256_nonce,508944597.0000000000
1062388,6551882586187,btc_qm_engine,btc_leading_zeros,0.0000000000
1062389,6551882586768,btc_qm_engine,btc_leading_zeros,2.0000000000
1062390,6551882587457,btc_qm_engine,btc_sha256_elapsed_ns,1017.0000000000
1062391,6551882587664,btc_qm_engine,btc_sha256_nonce,1560669821.0000000000
1062392,6551882587839,btc_qm_engine,btc_sha256_nonce,230873401.0000000000
1062393,6551882588016,btc_qm_engine,btc_leading_zeros,1.0000000000
1062394,6551882588118,btc_qm_engine,btc_sha256_elapsed_ns,957.0000000000
1062395,6551882588262,btc_qm_engine,btc_leading_zeros,0.0000000000
1062396,6551882588416,btc_qm_engine,btc_sha256_elapsed_ns,1021.0000000000
1062397,6551882588751,btc_qm_engine,btc_sha256_nonce,3779169512.0000000000
1062398,6551882589292,btc_qm_engine,btc_leading_zeros,3.0000000000
1062399,6551882589506,btc_qm_engine,btc_sha256_nonce,1704907028.0000000000
1062400,6551882589983,btc_qm_engine,btc_sha256_elapsed_ns,1124.0000000000
1062401,6551882590164,btc_qm_engine,btc_sha256_elapsed_ns,1106.0000000000
1062402,6551882590639,btc_qm_engine,btc_sha256_elapsed_ns,1089.0000000000
1062403,6551882591124,btc_qm_engine,btc_sha256_nonce,3353280550.0000000000
1062404,6551882591560,btc_qm_engine,btc_leading_zeros,2.0000000000
1062405,6551882591623,btc_qm_engine,btc_sha256_elapsed_ns,977.0000000000
1062406,6551882592066,btc_qm_engine,btc_sha256_elapsed_ns,1025.0000000000
1062407,6551882592285,btc_qm_engine,btc_sha256_nonce,1336433774.0000000000
1062408,6551882592449,btc_qm_engine,btc_sha256_nonce,2102850869.0000000000
1062409,6551882592529,btc_qm_engine,btc_leading_zeros,0.0000000000
1062410,6551882592614,btc_qm_engine,btc_sha256_elapsed_ns,1076.0000000000
1062411,6551882592786,btc_qm_engine,btc_leading_zeros,1.0000000000
1062412,6551882593049,btc_qm_engine,btc_sha256_nonce,3544933398.0000000000
1062413,6551882593491,btc_qm_engine,btc_leading_zeros,1.0000000000
1062414,6551882593680,btc_qm_engine,btc_leading_zeros,0.0000000000
1062415,6551882593995,btc_qm_engine,btc_sha256_elapsed_ns,1157.0000000000
1062416,6551882594130,btc_qm_engine,btc_sha256_elapsed_ns,992.0000000000
1062417,6551882594259,btc_qm_engine,btc_sha256_nonce,3518849221.0000000000
1062418,6551882594460,btc_qm_engine,btc_sha256_elapsed_ns,940.0000000000
1062419,6551882594739,btc_qm_engine,btc_sha256_nonce,3227975386.0000000000
1062420,6551882594936,btc_qm_engine,btc_leading_zeros,1.0000000000
1062421,6551882595275,btc_qm_engine,btc_leading_zeros,2.0000000000
1062422,6551882595448,btc_qm_engine,btc_sha256_nonce,700386238.0000000000
1062423,6551882595680,btc_qm_engine,btc_sha256_elapsed_ns,1060.0000000000
1062424,6551882595888,btc_qm_engine,btc_sha256_nonce,2338862256.0000000000
1062425,6551882596253,btc_qm_engine,btc_sha256_elapsed_ns,914.0000000000
1062426,6551882596825,btc_qm_engine,btc_sha256_nonce,2289746296.0000000000
1062427,6551882597145,btc_qm_engine,btc_leading_zeros,1.0000000000
1062428,6551882597240,btc_qm_engine,btc_sha256_elapsed_ns,955.0000000000
1062429,6551882597478,btc_qm_engine,btc_leading_zeros,0.0000000000
1062430,6551882597561,btc_qm_engine,btc_sha256_elapsed_ns,939.0000000000
1062431,6551882597975,btc_qm_engine,btc_sha256_nonce,3653551665.0000000000
1062432,6551882598239,btc_qm_engine,btc_leading_zeros,1.0000000000
1062433,6551882598437,btc_qm_engine,btc_leading_zeros,0.0000000000
1062434,6551882598522,btc_qm_engine,btc_sha256_elapsed_ns,1143.0000000000
1062435,6551882598730,btc_qm_engine,btc_sha256_elapsed_ns,985.0000000000
1062436,6551882598973,btc_qm_engine,btc_sha256_nonce,2683360748.0000000000
1062437,6551882599202,btc_qm_engine,btc_sha256_nonce,2334037679.0000000000
1062438,6551882599352,btc_qm_engine,btc_sha256_nonce,2282910405.0000000000
1062439,6551882599788,btc_qm_engine,btc_sha256_nonce,3877194106.0000000000
1062440,6551882599884,btc_qm_engine,btc_leading_zeros,0.0000000000
1062441,6551882599969,btc_qm_engine,btc_sha256_elapsed_ns,989.0000000000
1062442,6551882600176,btc_qm_engine,btc_sha256_nonce,3154675596.0000000000
1062443,6551882600250,btc_qm_engine,btc_leading_zeros,0.0000000000
1062444,6551882600300,btc_qm_engine,btc_sha256_elapsed_ns,822.0000000000
1062445,6551882600617,btc_qm_engine,btc_leading_zeros,0.0000000000
1062446,6551882600779,btc_qm_engine,btc_sha256_elapsed_ns,1039.0000000000
1062447,6551882600998,btc_qm_engine,btc_sha256_elapsed_ns,1085.0000000000
1062448,6551882601283,btc_qm_engine,btc_leading_zeros,0.0000000000
1062449,6551882601700,btc_qm_engine,btc_sha256_nonce,3605444776.0000000000
1062450,6551882601813,btc_qm_engine,btc_sha256_elapsed_ns,1017.0000000000
1062451,6551882601991,btc_qm_engine,btc_leading_zeros,1.0000000000
1062452,6551882602059,btc_qm_engine,btc_sha256_elapsed_ns,734.0000000000
1062453,6551882602217,btc_qm_engine,btc_sha256_nonce,3881356194.0000000000
1062454,6551882602360,btc_qm_engine,btc_sha256_nonce,3726533506.0000000000
1062455,6551882602431,btc_qm_engine,btc_leading_zeros,0.0000000000
1062456,6551882602502,btc_qm_engine,btc_sha256_elapsed_ns,1095.0000000000
1062457,6551882602656,btc_qm_engine,btc_leading_zeros,0.0000000000
1062458,6551882602841,btc_qm_engine,btc_leading_zeros,0.0000000000
1062459,6551882602921,btc_qm_engine,btc_sha256_elapsed_ns,846.0000000000
1062460,6551882603050,btc_qm_engine,btc_sha256_elapsed_ns,995.0000000000
1062461,6551882603135,btc_qm_engine,btc_sha256_nonce,2103372233.0000000000
1062462,6551882603284,btc_qm_engine,btc_sha256_nonce,3248098598.0000000000
1062463,6551882603365,btc_qm_engine,btc_leading_zeros,0.0000000000
1062464,6551882603495,btc_qm_engine,btc_sha256_nonce,348342530.0000000000
1062465,6551882603674,btc_qm_engine,btc_leading_zeros,2.0000000000
1062466,6551882603773,btc_qm_engine,btc_sha256_nonce,2896703354.0000000000
1062467,6551882603949,btc_qm_engine,btc_leading_zeros,0.0000000000
1062468,6551882604101,btc_qm_engine,btc_sha256_elapsed_ns,955.0000000000
1062469,6551882604260,btc_qm_engine,btc_sha256_nonce,3714673945.0000000000
1062470,6551882604751,btc_qm_engine,btc_leading_zeros,0.0000000000
1062471,6551882604926,btc_qm_engine,btc_sha256_elapsed_ns,1034.0000000000
1062472,6551882605223,btc_qm_engine,btc_sha256_nonce,1874176592.0000000000
1062473,6551882605391,btc_qm_engine,btc_leading_zeros,0.0000000000
1062474,6551882605464,btc_qm_engine,btc_sha256_elapsed_ns,953.0000000000
1062475,6551882605600,btc_qm_engine,btc_sha256_elapsed_ns,987.0000000000
1062476,6551882606109,btc_qm_engine,btc_leading_zeros,4.0000000000
1062477,6551882606310,btc_qm_engine,btc_sha256_nonce,2936041736.0000000000
1062478,6551882606481,btc_qm_engine,btc_sha256_elapsed_ns,989.0000000000
1062479,6551882606677,btc_qm_engine,btc_sha256_nonce,1790935792.0000000000
1062480,6551882606786,btc_qm_engine,btc_leading_zeros,2.0000000000
1062481,6551882606948,btc_qm_engine,btc_sha256_nonce,989035150.0000000000
1062482,6551882607244,btc_qm_engine,btc_sha256_nonce,178107239.0000000000
1062483,6551882607545,btc_qm_engine,btc_sha256_nonce,700381143.0000000000
1062484,6551882607618,btc_qm_engine,btc_leading_zeros,4.0000000000
1062485,6551882607797,btc_qm_engine,btc_leading_zeros,3.0000000000
1062486,6551882607931,btc_qm_engine,btc_leading_zeros,2.0000000000
1062487,6551882608082,btc_qm_engine,btc_leading_zeros,1.0000000000
1062488,6551882608345,btc_qm_engine,btc_sha256_elapsed_ns,920.0000000000
1062489,6551882608530,btc_qm_engine,btc_sha256_elapsed_ns,1054.0000000000
1062490,6551882608753,btc_qm_engine,btc_sha256_elapsed_ns,1095.0000000000
1062491,6551882609013,btc_qm_engine,btc_sha256_elapsed_ns,1046.0000000000
1062492,6551882609111,btc_qm_engine,btc_sha256_nonce,863062165.0000000000
1062493,6551882609432,btc_qm_engine,btc_leading_zeros,0.0000000000
1062494,6551882609505,btc_qm_engine,btc_sha256_elapsed_ns,1001.0000000000
1062495,6551882609689,btc_qm_engine,btc_sha256_nonce,2843993869.0000000000
1062496,6551882609876,btc_qm_engine,btc_sha256_elapsed_ns,981.0000000000
1062497,6551882610279,btc_qm_engine,btc_sha256_nonce,660534498.0000000000
1062498,6551882610366,btc_qm_engine,btc_leading_zeros,0.0000000000
1062499,6551882610471,btc_qm_engine,btc_sha256_nonce,2102446334.0000000000
1062500,6551882610643,btc_qm_engine,btc_sha256_nonce,406232772.0000000000
1062501,6551882610754,btc_qm_engine,btc_leading_zeros,0.0000000000
1062502,6551882610984,btc_qm_engine,btc_leading_zeros,4.0000000000
1062503,6551882611170,btc_qm_engine,btc_sha256_elapsed_ns,1099.0000000000
1062504,6551882611479,btc_qm_engine,btc_sha256_elapsed_ns,1114.0000000000
1062505,6551882611644,btc_qm_engine,btc_sha256_nonce,3594423293.0000000000
1062506,6551882611717,btc_qm_engine,btc_leading_zeros,4.0000000000
1062507,6551882611778,btc_qm_engine,btc_sha256_elapsed_ns,1133.0000000000
1062508,6551882611946,btc_qm_engine,btc_leading_zeros,1.0000000000
1062509,6551882612136,btc_qm_engine,btc_sha256_elapsed_ns,958.0000000000
1062510,6551882612342,btc_qm_engine,btc_sha256_elapsed_ns,1084.0000000000
1062511,6551882612494,btc_qm_engine,btc_sha256_nonce,356993852.0000000000
1062512,6551882612580,btc_qm_engine,btc_leading_zeros,0.0000000000
1062513,6551882612646,btc_qm_engine,btc_sha256_elapsed_ns,1085.0000000000
1062514,6551882613211,btc_qm_engine,btc_sha256_nonce,699917319.0000000000
1062515,6551882613625,btc_qm_engine,btc_leading_zeros,4.0000000000
1062516,6551882613849,btc_qm_engine,btc_sha256_nonce,2521631085.0000000000
1062517,6551882614050,btc_qm_engine,btc_sha256_nonce,765753663.0000000000
1062518,6551882614370,btc_qm_engine,btc_sha256_nonce,2246583292.0000000000
1062519,6551882614533,btc_qm_engine,btc_sha256_elapsed_ns,1119.0000000000
1062520,6551882614828,btc_qm_engine,btc_leading_zeros,0.0000000000
1062521,6551882615121,btc_qm_engine,btc_sha256_elapsed_ns,1050.0000000000
1062522,6551882615280,btc_qm_engine,btc_leading_zeros,0.0000000000
1062523,6551882615600,btc_qm_engine,btc_sha256_elapsed_ns,1099.0000000000
1062524,6551882615708,btc_qm_engine,btc_sha256_nonce,3614282815.0000000000
1062525,6551882615790,btc_qm_engine,btc_leading_zeros,1.0000000000
1062526,6551882615853,btc_qm_engine,btc_sha256_elapsed_ns,745.0000000000
1062527,6551882616150,btc_qm_engine,btc_sha256_nonce,693298548.0000000000
1062528,6551882616232,btc_qm_engine,btc_leading_zeros,0.0000000000
1062529,6551882616287,btc_qm_engine,btc_sha256_elapsed_ns,771.0000000000
1062530,6551882616587,btc_qm_engine,btc_leading_zeros,0.0000000000
1062531,6551882616667,btc_qm_engine,btc_sha256_elapsed_ns,1074.0000000000
1062532,6551882616882,btc_qm_engine,btc_sha256_nonce,20776802.0000000000
1062533,6551882616957,btc_qm_engine,btc_leading_zeros,0.0000000000
1062534,6551882617029,btc_qm_engine,btc_sha256_elapsed_ns,1030.0000000000
1062535,6551882617208,btc_qm_engine,btc_sha256_nonce,2694605398.0000000000
1062536,6551882617640,btc_qm_engine,btc_leading_zeros,10.0000000000
1062537,6551882617735,btc_qm_engine,btc_sha256_nonce,2245420501.0000000000
1062538,6551882617918,btc_qm_engine,btc_sha256_elapsed_ns,981.0000000000
1062539,6551882618132,btc_qm_engine,btc_leading_zeros,0.0000000000
1062540,6551882618211,btc_qm_engine,btc_sha256_elapsed_ns,758.0000000000
1062541,6551882618376,btc_qm_engine,btc_sha256_elapsed_ns,1006.0000000000
1062542,6551882618754,btc_qm_engine,btc_sha256_nonce,2520997290.0000000000
1062543,6551882619157,btc_qm_engine,btc_leading_zeros,0.0000000000
1062544,6551882619370,btc_qm_engine,btc_sha256_nonce,2406454668.0000000000
1062545,6551882619491,btc_qm_engine,btc_leading_zeros,0.0000000000
1062546,6551882619641,btc_qm_engine,btc_sha256_nonce,4062203878.0000000000
1062547,6551882619980,btc_qm_engine,btc_sha256_elapsed_ns,1025.0000000000
1062548,6551882620121,btc_qm_engine,btc_sha256_elapsed_ns,961.0000000000
1062549,6551882620482,btc_qm_engine,btc_leading_zeros,2.0000000000
1062550,6551882621127,btc_qm_engine,btc_sha256_elapsed_ns,740.0000000000
1062551,6551882621850,btc_qm_engine,btc_sha256_nonce,699485323.0000000000
1062552,6551882621921,btc_qm_engine,btc_leading_zeros,4.0000000000
1062553,6551882621993,btc_qm_engine,btc_sha256_elapsed_ns,729.0000000000
1062554,6551882622114,btc_qm_engine,btc_sha256_nonce,3217562324.0000000000
1062555,6551882622199,btc_qm_engine,btc_leading_zeros,0.0000000000
1062556,6551882622252,btc_qm_engine,btc_sha256_elapsed_ns,775.0000000000
1062557,6551882622502,btc_qm_engine,btc_sha256_nonce,3352430099.0000000000
1062558,6551882622603,btc_qm_engine,btc_leading_zeros,0.0000000000
1062559,6551882622665,btc_qm_engine,btc_sha256_elapsed_ns,1040.0000000000
1062560,6551882623083,btc_qm_engine,btc_sha256_nonce,1572559609.0000000000
1062561,6551882623158,btc_qm_engine,btc_leading_zeros,4.0000000000
1062562,6551882623380,btc_qm_engine,btc_sha256_nonce,2433365214.0000000000
1062563,6551882623613,btc_qm_engine,btc_leading_zeros,0.0000000000
1062564,6551882623831,btc_qm_engine,btc_sha256_elapsed_ns,764.0000000000
1062565,6551882624161,btc_qm_engine,btc_sha256_nonce,815768141.0000000000
1062566,6551882624431,btc_qm_engine,btc_sha256_nonce,1556984384.0000000000
1062567,6551882625256,btc_qm_engine,btc_leading_zeros,4.0000000000
1062568,6551882625458,btc_qm_engine,btc_sha256_nonce,2283203851.0000000000
1062569,6551882625746,btc_qm_engine,btc_sha256_elapsed_ns,991.0000000000
1062570,6551882625914,btc_qm_engine,btc_sha256_elapsed_ns,856.0000000000
1062571,6551882626970,btc_qm_engine,btc_sha256_nonce,265455445.0000000000
1062572,6551882627051,btc_qm_engine,btc_leading_zeros,0.0000000000
1062573,6551882627121,btc_qm_engine,btc_sha256_elapsed_ns,1027.0000000000
1062574,6551882627778,btc_qm_engine,btc_sha256_nonce,2995884648.0000000000
1062575,6551882627850,btc_qm_engine,btc_leading_zeros,0.0000000000
1062576,6551882627918,btc_qm_engine,btc_sha256_elapsed_ns,1114.0000000000
1062577,6551882628077,btc_qm_engine,btc_sha256_nonce,1759337305.0000000000
1062578,6551882628148,btc_qm_engine,btc_leading_zeros,1.0000000000
1062579,6551882628541,btc_qm_engine,btc_sha256_elapsed_ns,987.0000000000
1062580,6551882629032,btc_qm_engine,btc_sha256_nonce,166365991.0000000000
1062581,6551882629304,btc_qm_engine,btc_leading_zeros,1.0000000000
1062582,6551882629390,btc_qm_engine,btc_sha256_elapsed_ns,1174.0000000000
1062583,6551882629479,btc_qm_engine,btc_sha256_nonce,979169818.0000000000
1062584,6551882630129,btc_qm_engine,btc_sha256_nonce,1357234752.0000000000
1062585,6551882630212,btc_qm_engine,btc_leading_zeros,4.0000000000
1062586,6551882630282,btc_qm_engine,btc_sha256_elapsed_ns,983.0000000000
1062587,6551882630510,btc_qm_engine,btc_sha256_nonce,2282586777.0000000000
1062588,6551882630583,btc_qm_engine,btc_leading_zeros,2.0000000000
1062589,6551882630653,btc_qm_engine,btc_sha256_elapsed_ns,819.0000000000
1062590,6551882631322,btc_qm_engine,btc_leading_zeros,1.0000000000
1062591,6551882631397,btc_qm_engine,btc_sha256_elapsed_ns,1086.0000000000
1062592,6551882631628,btc_qm_engine,btc_sha256_nonce,1444774391.0000000000
1062593,6551882631742,btc_qm_engine,btc_leading_zeros,2.0000000000
1062594,6551882631802,btc_qm_engine,btc_sha256_elapsed_ns,1056.0000000000
1062595,6551882631980,btc_qm_engine,btc_leading_zeros,0.0000000000
1062596,6551882632232,btc_qm_engine,btc_leading_zeros,0.0000000000
1062597,6551882632364,btc_qm_engine,btc_sha256_elapsed_ns,950.0000000000
1062598,6551882632557,btc_qm_engine,btc_sha256_elapsed_ns,819.0000000000
1062599,6551882632893,btc_qm_engine,btc_sha256_nonce,1726461413.0000000000
1062600,6551882633015,btc_qm_engine,btc_sha256_nonce,3490931834.0000000000
1062601,6551882633201,btc_qm_engine,btc_sha256_nonce,2358317406.0000000000
1062602,6551882633336,btc_qm_engine,btc_leading_zeros,4.0000000000
1062603,6551882633717,btc_qm_engine,btc_leading_zeros,0.0000000000
1062604,6551882633930,btc_qm_engine,btc_leading_zeros,4.0000000000
1062605,6551882634098,btc_qm_engine,btc_sha256_elapsed_ns,973.0000000000
1062606,6551882634241,btc_qm_engine,btc_sha256_nonce,3802416612.0000000000
1062607,6551882634330,btc_qm_engine,btc_leading_zeros,0.0000000000
1062608,6551882634503,btc_qm_engine,btc_sha256_elapsed_ns,1417.0000000000
1062609,6551882634746,btc_qm_engine,btc_sha256_elapsed_ns,1081.0000000000
1062610,6551882634861,btc_qm_engine,btc_sha256_nonce,3353148987.0000000000
1062611,6551882634976,btc_qm_engine,btc_sha256_elapsed_ns,1057.0000000000
1062612,6551882635161,btc_qm_engine,btc_sha256_nonce,1591566637.0000000000
1062613,6551882635311,btc_qm_engine,btc_sha256_nonce,2475119242.0000000000
1062614,6551882635384,btc_qm_engine,btc_leading_zeros,1.0000000000
1062615,6551882635455,btc_qm_engine,btc_sha256_elapsed_ns,1031.0000000000
1062616,6551882635807,btc_qm_engine,btc_leading_zeros,0.0000000000
1062617,6551882635990,btc_qm_engine,btc_leading_zeros,3.0000000000
1062618,6551882636155,btc_qm_engine,btc_sha256_elapsed_ns,1042.0000000000
1062619,6551882636329,btc_qm_engine,btc_sha256_nonce,1265575093.0000000000
1062620,6551882636445,btc_qm_engine,btc_sha256_elapsed_ns,1078.0000000000
1062621,6551882636622,btc_qm_engine,btc_sha256_nonce,4286382610.0000000000
1062622,6551882636702,btc_qm_engine,btc_leading_zeros,0.0000000000
1062623,6551882636770,btc_qm_engine,btc_sha256_elapsed_ns,963.0000000000
1062624,6551882637364,btc_qm_engine,btc_sha256_nonce,1164499356.0000000000
1062625,6551882637439,btc_qm_engine,btc_leading_zeros,0.0000000000
1062626,6551882637496,btc_qm_engine,btc_sha256_elapsed_ns,964.0000000000
1062627,6551882637868,btc_qm_engine,btc_sha256_nonce,863856236.0000000000
1062628,6551882637956,btc_qm_engine,btc_leading_zeros,1.0000000000
1062629,6551882638030,btc_qm_engine,btc_sha256_elapsed_ns,1103.0000000000
1062630,6551882638115,btc_qm_engine,btc_sha256_nonce,693425803.0000000000
1062631,6551882638235,btc_qm_engine,btc_sha256_elapsed_ns,1057.0000000000
1062632,6551882638506,btc_qm_engine,btc_leading_zeros,1.0000000000
1062633,6551882638579,btc_qm_engine,btc_sha256_elapsed_ns,1087.0000000000
1062634,6551882638739,btc_qm_engine,btc_sha256_nonce,2282819735.0000000000
1062635,6551882639088,btc_qm_engine,btc_leading_zeros,0.0000000000
1062636,6551882639153,btc_qm_engine,btc_sha256_elapsed_ns,829.0000000000
1062637,6551882639347,btc_qm_engine,btc_sha256_nonce,3968439104.0000000000
1062638,6551882639523,btc_qm_engine,btc_leading_zeros,3.0000000000
1062639,6551882639695,btc_qm_engine,btc_sha256_nonce,668514097.0000000000
1062640,6551882639941,btc_qm_engine,btc_sha256_nonce,1929693510.0000000000
1062641,6551882640182,btc_qm_engine,btc_leading_zeros,2.0000000000
1062642,6551882640430,btc_qm_engine,btc_sha256_elapsed_ns,899.0000000000
1062643,6551882640624,btc_qm_engine,btc_sha256_nonce,2521331869.0000000000
1062644,6551882640870,btc_qm_engine,btc_sha256_nonce,512861267.0000000000
1062645,6551882641262,btc_qm_engine,btc_leading_zeros,0.0000000000
1062646,6551882641332,btc_qm_engine,btc_sha256_elapsed_ns,1044.0000000000
1062647,6551882641456,btc_qm_engine,btc_sha256_nonce,1908227928.0000000000
1062648,6551882641614,btc_qm_engine,btc_leading_zeros,3.0000000000
1062649,6551882641706,btc_qm_engine,btc_sha256_elapsed_ns,1123.0000000000
1062650,6551882641855,btc_qm_engine,btc_leading_zeros,1.0000000000
1062651,6551882642030,btc_qm_engine,btc_leading_zeros,0.0000000000
1062652,6551882642112,btc_qm_engine,btc_sha256_elapsed_ns,947.0000000000
1062653,6551882642264,btc_qm_engine,btc_sha256_elapsed_ns,1066.0000000000
1062654,6551882642427,btc_qm_engine,btc_sha256_nonce,3415745782.0000000000
1062655,6551882642495,btc_qm_engine,btc_leading_zeros,0.0000000000
1062656,6551882642567,btc_qm_engine,btc_sha256_elapsed_ns,919.0000000000
1062657,6551882642745,btc_qm_engine,btc_sha256_nonce,3343903528.0000000000
1062658,6551882642930,btc_qm_engine,btc_sha256_elapsed_ns,953.0000000000
1062659,6551882643361,btc_qm_engine,btc_sha256_nonce,2103547598.0000000000
1062660,6551882643629,btc_qm_engine,btc_sha256_nonce,3981740845.0000000000
1062661,6551882643874,btc_qm_engine,btc_leading_zeros,2.0000000000
1062662,6551882644070,btc_qm_engine,btc_leading_zeros,0.0000000000
1062663,6551882644194,btc_qm_engine,btc_sha256_elapsed_ns,785.0000000000
1062664,6551882644711,btc_qm_engine,btc_sha256_nonce,1491290123.0000000000
1062665,6551882644780,btc_qm_engine,btc_leading_zeros,1.0000000000
1062666,6551882645123,btc_qm_engine,btc_leading_zeros,1.0000000000
1062667,6551882645744,btc_qm_engine,btc_sha256_nonce,1584147015.0000000000
1062668,6551882645889,btc_qm_engine,btc_sha256_nonce,1522534697.0000000000
1062669,6551882645965,btc_qm_engine,btc_leading_zeros,0.0000000000
1062670,6551882646045,btc_qm_engine,btc_sha256_elapsed_ns,794.0000000000
1062671,6551882646312,btc_qm_engine,btc_leading_zeros,2.0000000000
1062672,6551882646399,btc_qm_engine,btc_sha256_elapsed_ns,1002.0000000000
1062673,6551882647335,btc_qm_engine,btc_sha256_nonce,693312908.0000000000
1062674,6551882647409,btc_qm_engine,btc_leading_zeros,2.0000000000
1062675,6551882647741,btc_qm_engine,btc_sha256_nonce,1410891284.0000000000
1062676,6551882647811,btc_qm_engine,btc_leading_zeros,0.0000000000
1062677,6551882647890,btc_qm_engine,btc_sha256_elapsed_ns,1054.0000000000
1062678,6551882648078,btc_qm_engine,btc_sha256_elapsed_ns,966.0000000000
1062679,6551882648500,btc_qm_engine,btc_sha256_elapsed_ns,969.0000000000
1062680,6551882649770,btc_qm_engine,btc_sha256_nonce,206042435.0000000000
1062681,6551882649843,btc_qm_engine,btc_leading_zeros,2.0000000000
1062682,6551882649908,btc_qm_engine,btc_sha256_elapsed_ns,1005.0000000000
1062683,6551882650095,btc_qm_engine,btc_sha256_nonce,3455560006.0000000000
1062684,6551882650477,btc_qm_engine,btc_leading_zeros,2.0000000000
1062685,6551882650944,btc_qm_engine,btc_sha256_nonce,2917433777.0000000000
1062686,6551882651053,btc_qm_engine,btc_sha256_elapsed_ns,1092.0000000000
1062687,6551882651249,btc_qm_engine,btc_sha256_nonce,1742880957.0000000000
1062688,6551882651372,btc_qm_engine,btc_leading_zeros,0.0000000000
1062689,6551882651447,btc_qm_engine,btc_sha256_elapsed_ns,872.0000000000
1062690,6551882651646,btc_qm_engine,btc_leading_zeros,1.0000000000
1062691,6551882652037,btc_qm_engine,btc_sha256_elapsed_ns,974.0000000000
1062692,6551882652419,btc_qm_engine,btc_sha256_nonce,831125376.0000000000
1062693,6551882652506,btc_qm_engine,btc_leading_zeros,0.0000000000
1062694,6551882652583,btc_qm_engine,btc_sha256_elapsed_ns,994.0000000000
1062695,6551882652970,btc_qm_engine,btc_sha256_nonce,570221179.0000000000
1062696,6551882653392,btc_qm_engine,btc_sha256_nonce,145458179.0000000000
1062697,6551882653665,btc_qm_engine,btc_leading_zeros,4.0000000000
1062698,6551882653712,btc_qm_engine,btc_sha256_elapsed_ns,946.0000000000
1062699,6551882654313,btc_qm_engine,btc_sha256_nonce,4244160315.0000000000
1062700,6551882654396,btc_qm_engine,btc_leading_zeros,0.0000000000
1062701,6551882654467,btc_qm_engine,btc_sha256_elapsed_ns,1071.0000000000
1062702,6551882654647,btc_qm_engine,btc_sha256_nonce,1203419756.0000000000
1062703,6551882654723,btc_qm_engine,btc_leading_zeros,0.0000000000
1062704,6551882655107,btc_qm_engine,btc_sha256_elapsed_ns,741.0000000000
1062705,6551882655185,btc_qm_engine,btc_sha256_elapsed_ns,1014.0000000000
1062706,6551882655678,btc_qm_engine,btc_sha256_nonce,354477572.0000000000
1062707,6551882655758,btc_qm_engine,btc_leading_zeros,0.0000000000
1062708,6551882655819,btc_qm_engine,btc_sha256_elapsed_ns,1013.0000000000
1062709,6551882656138,btc_qm_engine,btc_sha256_nonce,3659385727.0000000000
1062710,6551882656217,btc_qm_engine,btc_leading_zeros,0.0000000000
1062711,6551882656285,btc_qm_engine,btc_sha256_elapsed_ns,8002.0000000000
1062712,6551882656511,btc_qm_engine,btc_sha256_nonce,2334990256.0000000000
1062713,6551882656580,btc_qm_engine,btc_leading_zeros,0.0000000000
1062714,6551882656646,btc_qm_engine,btc_sha256_elapsed_ns,1105.0000000000
1062715,6551882656855,btc_qm_engine,btc_sha256_nonce,3491805227.0000000000
1062716,6551882657099,btc_qm_engine,btc_sha256_nonce,811717509.0000000000
1062717,6551882657172,btc_qm_engine,btc_leading_zeros,0.0000000000
1062718,6551882657254,btc_qm_engine,btc_sha256_elapsed_ns,1076.0000000000
1062719,6551882657398,btc_qm_engine,btc_sha256_nonce,2102344260.0000000000
1062720,6551882657582,btc_qm_engine,btc_leading_zeros,1.0000000000
1062721,6551882657736,btc_qm_engine,btc_leading_zeros,1.0000000000
1062722,6551882657953,btc_qm_engine,btc_leading_zeros,1.0000000000
1062723,6551882658376,btc_qm_engine,btc_sha256_nonce,3002387264.0000000000
1062724,6551882658499,btc_qm_engine,btc_sha256_elapsed_ns,1080.0000000000
1062725,6551882658672,btc_qm_engine,btc_sha256_elapsed_ns,974.0000000000
1062726,6551882658951,btc_qm_engine,btc_sha256_elapsed_ns,1112.0000000000
1062727,6551882659391,btc_qm_engine,btc_leading_zeros,2.0000000000
1062728,6551882659869,btc_qm_engine,btc_sha256_elapsed_ns,941.0000000000
1062729,6551882659945,btc_qm_engine,btc_leading_zeros,0.0000000000
1062730,6551882660277,btc_qm_engine,btc_sha256_nonce,3620353909.0000000000
1062731,6551882660404,btc_qm_engine,btc_sha256_elapsed_ns,880.0000000000
1062732,6551882660685,btc_qm_engine,btc_sha256_nonce,3803745703.0000000000
1062733,6551882660942,btc_qm_engine,btc_sha256_nonce,3601673852.0000000000
1062734,6551882661017,btc_qm_engine,btc_leading_zeros,0.0000000000
1062735,6551882661088,btc_qm_engine,btc_sha256_elapsed_ns,1060.0000000000
1062736,6551882661288,btc_qm_engine,btc_leading_zeros,0.0000000000
1062737,6551882661703,btc_qm_engine,btc_sha256_nonce,863221194.0000000000
1062738,6551882662178,btc_qm_engine,btc_sha256_elapsed_ns,1114.0000000000
1062739,6551882662456,btc_qm_engine,btc_sha256_elapsed_ns,987.0000000000
1062740,6551882662619,btc_qm_engine,btc_leading_zeros,4.0000000000
1062741,6551882662694,btc_qm_engine,btc_sha256_elapsed_ns,1035.0000000000
1062742,6551882662862,btc_qm_engine,btc_sha256_nonce,3647336554.0000000000
1062743,6551882663163,btc_qm_engine,btc_leading_zeros,0.0000000000
1062744,6551882663213,btc_qm_engine,btc_sha256_elapsed_ns,801.0000000000
1062745,6551882663765,btc_qm_engine,btc_sha256_nonce,4213440011.0000000000
1062746,6551882663897,btc_qm_engine,btc_sha256_nonce,3208501639.0000000000
1062747,6551882663973,btc_qm_engine,btc_leading_zeros,0.0000000000
1062748,6551882664038,btc_qm_engine,btc_sha256_elapsed_ns,974.0000000000
1062749,6551882664206,btc_qm_engine,btc_leading_zeros,0.0000000000
1062750,6551882664547,btc_qm_engine,btc_sha256_nonce,2282713865.0000000000
1062751,6551882664686,btc_qm_engine,btc_sha256_nonce,3955567606.0000000000
1062752,6551882664825,btc_qm_engine,btc_sha256_nonce,4184344392.0000000000
1062753,6551882664969,btc_qm_engine,btc_leading_zeros,1.0000000000
1062754,6551882665280,btc_qm_engine,btc_sha256_nonce,2796979379.0000000000
1062755,6551882665355,btc_qm_engine,btc_leading_zeros,2.0000000000
1062756,6551882665407,btc_qm_engine,btc_sha256_elapsed_ns,1001.0000000000
1062757,6551882665899,btc_qm_engine,btc_leading_zeros,4.0000000000
1062758,6551882666028,btc_qm_engine,btc_leading_zeros,1.0000000000
1062759,6551882666219,btc_qm_engine,btc_sha256_elapsed_ns,838.0000000000
1062760,6551882666466,btc_qm_engine,btc_sha256_elapsed_ns,848.0000000000
1062761,6551882666797,btc_qm_engine,btc_sha256_nonce,3843476144.0000000000
1062762,6551882666874,btc_qm_engine,btc_leading_zeros,1.0000000000
1062763,6551882666940,btc_qm_engine,btc_sha256_elapsed_ns,723.0000000000
1062764,6551882667187,btc_qm_engine,btc_sha256_nonce,992110796.0000000000
1062765,6551882667257,btc_qm_engine,btc_leading_zeros,0.0000000000
1062766,6551882667307,btc_qm_engine,btc_sha256_elapsed_ns,763.0000000000
1062767,6551882667799,btc_qm_engine,btc_sha256_elapsed_ns,1061.0000000000
1062768,6551882667958,btc_qm_engine,btc_sha256_nonce,3445016307.0000000000
1062769,6551882668196,btc_qm_engine,btc_sha256_nonce,2102782199.0000000000
1062770,6551882668377,btc_qm_engine,btc_sha256_nonce,612246371.0000000000
1062771,6551882669086,btc_qm_engine,btc_leading_zeros,4.0000000000
1062772,6551882669293,btc_qm_engine,btc_sha256_nonce,3460398425.0000000000
1062773,6551882669369,btc_qm_engine,btc_leading_zeros,1.0000000000
1062774,6551882669438,btc_qm_engine,btc_sha256_elapsed_ns,860.0000000000
1062775,6551882669624,btc_qm_engine,btc_sha256_elapsed_ns,918.0000000000
1062776,6551882670039,btc_qm_engine,btc_leading_zeros,0.0000000000
1062777,6551882670451,btc_qm_engine,btc_sha256_elapsed_ns,10999.0000000000
1062778,6551882670759,btc_qm_engine,btc_sha256_nonce,60696401.0000000000
1062779,6551882670841,btc_qm_engine,btc_leading_zeros,4.0000000000
1062780,6551882670915,btc_qm_engine,btc_sha256_elapsed_ns,1015.0000000000
1062781,6551882671216,btc_qm_engine,btc_leading_zeros,0.0000000000
1062782,6551882671328,btc_qm_engine,btc_sha256_elapsed_ns,743.0000000000
1062783,6551882671490,btc_qm_engine,btc_sha256_nonce,693934354.0000000000
1062784,6551882671804,btc_qm_engine,btc_sha256_nonce,1535305819.0000000000
1062785,6551882672181,btc_qm_engine,btc_sha256_nonce,1648775489.0000000000
1062786,6551882672354,btc_qm_engine,btc_leading_zeros,0.0000000000
1062787,6551882672479,btc_qm_engine,btc_sha256_nonce,2656636522.0000000000
1062788,6551882672550,btc_qm_engine,btc_leading_zeros,0.0000000000
1062789,6551882672603,btc_qm_engine,btc_sha256_elapsed_ns,864.0000000000
1062790,6551882672825,btc_qm_engine,btc_leading_zeros,4.0000000000
1062791,6551882673017,btc_qm_engine,btc_sha256_elapsed_ns,1095.0000000000
1062792,6551882673194,btc_qm_engine,btc_sha256_nonce,3850669718.0000000000
1062793,6551882673575,btc_qm_engine,btc_leading_zeros,0.0000000000
1062794,6551882673716,btc_qm_engine,btc_sha256_nonce,2891716027.0000000000
1062795,6551882674070,btc_qm_engine,btc_sha256_elapsed_ns,992.0000000000
1062796,6551882674261,btc_qm_engine,btc_leading_zeros,4.0000000000
1062797,6551882674457,btc_qm_engine,btc_leading_zeros,1.0000000000
1062798,6551882674825,btc_qm_engine,btc_sha256_nonce,3209576465.0000000000
1062799,6551882674979,btc_qm_engine,btc_sha256_elapsed_ns,989.0000000000
1062800,6551882675351,btc_qm_engine,btc_sha256_elapsed_ns,1067.0000000000
1062801,6551882675675,btc_qm_engine,btc_sha256_nonce,261313592.0000000000
1062802,6551882675788,btc_qm_engine,btc_leading_zeros,1.0000000000
1062803,6551882675856,btc_qm_engine,btc_sha256_elapsed_ns,986.0000000000
1062804,6551882675942,btc_qm_engine,btc_leading_zeros,1.0000000000
1062805,6551882676374,btc_qm_engine,btc_sha256_nonce,1000578130.0000000000
1062806,6551882676516,btc_qm_engine,btc_sha256_elapsed_ns,1032.0000000000
1062807,6551882676792,btc_qm_engine,btc_sha256_nonce,1896827175.0000000000
1062808,6551882677143,btc_qm_engine,btc_sha256_nonce,863981760.0000000000
1062809,6551882677359,btc_qm_engine,btc_leading_zeros,0.0000000000
1062810,6551882677451,btc_qm_engine,btc_sha256_elapsed_ns,1096.0000000000
1062811,6551882677749,btc_qm_engine,btc_sha256_nonce,2841177440.0000000000
1062812,6551882677860,btc_qm_engine,btc_leading_zeros,0.0000000000
1062813,6551882677926,btc_qm_engine,btc_sha256_elapsed_ns,989.0000000000
1062814,6551882678117,btc_qm_engine,btc_sha256_nonce,2159479997.0000000000
1062815,6551882678395,btc_qm_engine,btc_leading_zeros,2.0000000000
1062816,6551882678535,btc_qm_engine,btc_leading_zeros,1.0000000000
1062817,6551882678615,btc_qm_engine,btc_sha256_elapsed_ns,1004.0000000000
1062818,6551882678812,btc_qm_engine,btc_sha256_elapsed_ns,763.0000000000
1062819,6551882678992,btc_qm_engine,btc_sha256_nonce,892123187.0000000000
1062820,6551882679256,btc_qm_engine,btc_leading_zeros,0.0000000000
1062821,6551882679326,btc_qm_engine,btc_sha256_elapsed_ns,742.0000000000
1062822,6551882679472,btc_qm_engine,btc_sha256_nonce,4086636745.0000000000
1062823,6551882679608,btc_qm_engine,btc_leading_zeros,0.0000000000
1062824,6551882679929,btc_qm_engine,btc_sha256_nonce,3585818943.0000000000
1062825,6551882680006,btc_qm_engine,btc_leading_zeros,0.0000000000
1062826,6551882680257,btc_qm_engine,btc_sha256_elapsed_ns,798.0000000000
1062827,6551882680439,btc_qm_engine,btc_sha256_nonce,2286902360.0000000000
1062828,6551882680540,btc_qm_engine,btc_sha256_elapsed_ns,997.0000000000
1062829,6551882680752,btc_qm_engine,btc_sha256_elapsed_ns,1091.0000000000
1062830,6551882681149,btc_qm_engine,btc_leading_zeros,1.0000000000
1062831,6551882681519,btc_qm_engine,btc_sha256_elapsed_ns,890.0000000000
1062832,6551882681688,btc_qm_engine,btc_sha256_nonce,3120323094.0000000000
1062833,6551882681754,btc_qm_engine,btc_leading_zeros,1.0000000000
1062834,6551882681813,btc_qm_engine,btc_sha256_elapsed_ns,844.0000000000
1062835,6551882682130,btc_qm_engine,btc_sha256_nonce,2520976525.0000000000
1062836,6551882682205,btc_qm_engine,btc_leading_zeros,1.0000000000
1062837,6551882682272,btc_qm_engine,btc_sha256_elapsed_ns,1123.0000000000
1062838,6551882682778,btc_qm_engine,btc_sha256_nonce,694145628.0000000000
1062839,6551882682855,btc_qm_engine,btc_leading_zeros,0.0000000000
1062840,6551882683010,btc_qm_engine,btc_sha256_nonce,2692173932.0000000000
1062841,6551882683091,btc_qm_engine,btc_leading_zeros,2.0000000000
1062842,6551882683148,btc_qm_engine,btc_sha256_elapsed_ns,947.0000000000
1062843,6551882683256,btc_qm_engine,btc_sha256_elapsed_ns,995.0000000000
1062844,6551882683536,btc_qm_engine,btc_sha256_nonce,4017798696.0000000000
1062845,6551882683633,btc_qm_engine,btc_leading_zeros,1.0000000000
1062846,6551882683738,btc_qm_engine,btc_sha256_elapsed_ns,1054.0000000000
1062847,6551882684216,btc_qm_engine,btc_leading_zeros,1.0000000000
1062848,6551882684332,btc_qm_engine,btc_sha256_nonce,1376664199.0000000000
1062849,6551882684417,btc_qm_engine,btc_leading_zeros,0.0000000000
1062850,6551882684480,btc_qm_engine,btc_sha256_elapsed_ns,963.0000000000
1062851,6551882684643,btc_qm_engine,btc_sha256_elapsed_ns,1057.0000000000
1062852,6551882684736,btc_qm_engine,btc_sha256_nonce,2907746952.0000000000
1062853,6551882684810,btc_qm_engine,btc_leading_zeros,0.0000000000
1062854,6551882684886,btc_qm_engine,btc_sha256_elapsed_ns,1002.0000000000
1062855,6551882685492,btc_qm_engine,btc_sha256_elapsed_ns,1059.0000000000
1062856,6551882686006,btc_qm_engine,btc_sha256_nonce,1322704271.0000000000
1062857,6551882686191,btc_qm_engine,btc_sha256_nonce,694024179.0000000000
1062858,6551882686261,btc_qm_engine,btc_leading_zeros,0.0000000000
1062859,6551882686330,btc_qm_engine,btc_sha256_elapsed_ns,1070.0000000000
1062860,6551882686541,btc_qm_engine,btc_leading_zeros,0.0000000000
1062861,6551882687096,btc_qm_engine,btc_sha256_elapsed_ns,1071.0000000000
1062862,6551882687396,btc_qm_engine,btc_sha256_nonce,4035814645.0000000000
1062863,6551882687470,btc_qm_engine,btc_leading_zeros,0.0000000000
1062864,6551882687536,btc_qm_engine,btc_sha256_elapsed_ns,793.0000000000
1062865,6551882688483,btc_qm_engine,btc_sha256_nonce,1850350605.0000000000
1062866,6551882688734,btc_qm_engine,btc_sha256_nonce,694001613.0000000000
1062867,6551882688854,btc_qm_engine,btc_leading_zeros,1.0000000000
1062868,6551882688922,btc_qm_engine,btc_sha256_elapsed_ns,1109.0000000000
1062869,6551882689348,btc_qm_engine,btc_leading_zeros,0.0000000000
1062870,6551882689806,btc_qm_engine,btc_leading_zeros,0.0000000000
1062871,6551882689989,btc_qm_engine,btc_sha256_nonce,1461471901.0000000000
1062872,6551882690072,btc_qm_engine,btc_leading_zeros,0.0000000000
1062873,6551882690216,btc_qm_engine,btc_sha256_elapsed_ns,984.0000000000
1062874,6551882690382,btc_qm_engine,btc_sha256_elapsed_ns,820.0000000000
1062875,6551882690712,btc_qm_engine,btc_sha256_nonce,400737555.0000000000
1062876,6551882690975,btc_qm_engine,btc_sha256_elapsed_ns,1100.0000000000
1062877,6551882691099,btc_qm_engine,btc_sha256_nonce,2206390742.0000000000
1062878,6551882691493,btc_qm_engine,btc_leading_zeros,1.0000000000
1062879,6551882691572,btc_qm_engine,btc_leading_zeros,0.0000000000
1062880,6551882691779,btc_qm_engine,btc_sha256_nonce,274451324.0000000000
1062881,6551882692040,btc_qm_engine,btc_sha256_nonce,1461822726.0000000000
1062882,6551882692261,btc_qm_engine,btc_leading_zeros,0.0000000000
1062883,6551882692361,btc_qm_engine,btc_sha256_elapsed_ns,835.0000000000
1062884,6551882692503,btc_qm_engine,btc_sha256_nonce,3330974307.0000000000
1062885,6551882692831,btc_qm_engine,btc_leading_zeros,1.0000000000
1062886,6551882693107,btc_qm_engine,btc_sha256_nonce,1113131318.0000000000
1062887,6551882693316,btc_qm_engine,btc_sha256_elapsed_ns,975.0000000000
1062888,6551882693421,btc_qm_engine,btc_sha256_nonce,3621649709.0000000000
1062889,6551882693662,btc_qm_engine,btc_sha256_nonce,2283012010.0000000000
1062890,6551882694532,btc_qm_engine,btc_leading_zeros,0.0000000000
1062891,6551882694742,btc_qm_engine,btc_leading_zeros,1.0000000000
1062892,6551882694922,btc_qm_engine,btc_leading_zeros,0.0000000000
1062893,6551882695191,btc_qm_engine,btc_sha256_elapsed_ns,801.0000000000
1062894,6551882695345,btc_qm_engine,btc_sha256_nonce,863283276.0000000000
1062895,6551882695700,btc_qm_engine,btc_leading_zeros,0.0000000000
1062896,6551882695982,btc_qm_engine,btc_leading_zeros,3.0000000000
1062897,6551882696055,btc_qm_engine,btc_sha256_elapsed_ns,982.0000000000
1062898,6551882696245,btc_qm_engine,btc_sha256_elapsed_ns,13663.0000000000
1062899,6551882696583,btc_qm_engine,btc_sha256_nonce,2975606028.0000000000
1062900,6551882697320,btc_qm_engine,btc_sha256_nonce,1354235337.0000000000
1062901,6551882697393,btc_qm_engine,btc_leading_zeros,1.0000000000
1062902,6551882697463,btc_qm_engine,btc_sha256_elapsed_ns,1017.0000000000
1062903,6551882697919,btc_qm_engine,btc_sha256_nonce,2424161408.0000000000
1062904,6551882697998,btc_qm_engine,btc_leading_zeros,1.0000000000
1062905,6551882698065,btc_qm_engine,btc_sha256_elapsed_ns,1034.0000000000
1062906,6551882698620,btc_qm_engine,btc_sha256_elapsed_ns,1068.0000000000
1062907,6551882698743,btc_qm_engine,btc_sha256_nonce,4076860786.0000000000
1062908,6551882698824,btc_qm_engine,btc_leading_zeros,0.0000000000
1062909,6551882698974,btc_qm_engine,btc_sha256_nonce,1974762561.0000000000
1062910,6551882699173,btc_qm_engine,btc_leading_zeros,0.0000000000
1062911,6551882699508,btc_qm_engine,btc_leading_zeros,0.0000000000
1062912,6551882699730,btc_qm_engine,btc_sha256_elapsed_ns,1031.0000000000
1062913,6551882699941,btc_qm_engine,btc_sha256_elapsed_ns,756.0000000000
1062914,6551882700184,btc_qm_engine,btc_sha256_nonce,2521746313.0000000000
1062915,6551882700346,btc_qm_engine,btc_sha256_elapsed_ns,1007.0000000000
1062916,6551882700442,btc_qm_engine,btc_sha256_elapsed_ns,1012.0000000000
1062917,6551882701294,btc_qm_engine,btc_sha256_nonce,3353320077.0000000000
1062918,6551882701443,btc_qm_engine,btc_leading_zeros,0.0000000000
1062919,6551882701922,btc_qm_engine,btc_sha256_nonce,699853101.0000000000
1062920,6551882702187,btc_qm_engine,btc_sha256_nonce,1003184692.0000000000
1062921,6551882702530,btc_qm_engine,btc_sha256_elapsed_ns,866.0000000000
1062922,6551882702647,btc_qm_engine,btc_leading_zeros,0.0000000000
1062923,6551882702719,btc_qm_engine,btc_sha256_elapsed_ns,786.0000000000
1062924,6551882702927,btc_qm_engine,btc_sha256_elapsed_ns,1078.0000000000
1062925,6551882703064,btc_qm_engine,btc_leading_zeros,0.0000000000
1062926,6551882703141,btc_qm_engine,btc_sha256_elapsed_ns,1062.0000000000
1062927,6551882703553,btc_qm_engine,btc_sha256_elapsed_ns,737.0000000000
1062928,6551882703782,btc_qm_engine,btc_sha256_nonce,553969564.0000000000
1062929,6551882704119,btc_qm_engine,btc_leading_zeros,1.0000000000
1062930,6551882704235,btc_qm_engine,btc_sha256_nonce,2896873515.0000000000
1062931,6551882704314,btc_qm_engine,btc_leading_zeros,0.0000000000
1062932,6551882704364,btc_qm_engine,btc_sha256_elapsed_ns,834.0000000000
1062933,6551882704481,btc_qm_engine,btc_sha256_elapsed_ns,821.0000000000
1062934,6551882704654,btc_qm_engine,btc_leading_zeros,0.0000000000
1062935,6551882704770,btc_qm_engine,btc_sha256_nonce,1279590403.0000000000
1062936,6551882704852,btc_qm_engine,btc_leading_zeros,1.0000000000
1062937,6551882704921,btc_qm_engine,btc_sha256_elapsed_ns,1092.0000000000
1062938,6551882705114,btc_qm_engine,btc_sha256_nonce,1461916297.0000000000
1062939,6551882705348,btc_qm_engine,btc_sha256_elapsed_ns,991.0000000000
1062940,6551882705665,btc_qm_engine,btc_sha256_nonce,2896008242.0000000000
1062941,6551882705864,btc_qm_engine,btc_leading_zeros,0.0000000000
1062942,6551882705940,btc_qm_engine,btc_sha256_elapsed_ns,978.0000000000
1062943,6551882706045,btc_qm_engine,btc_sha256_nonce,2859264129.0000000000
1062944,6551882706301,btc_qm_engine,btc_sha256_nonce,537865301.0000000000
1062945,6551882706643,btc_qm_engine,btc_sha256_nonce,2283343318.0000000000
1062946,6551882706829,btc_qm_engine,btc_leading_zeros,0.0000000000
1062947,6551882707090,btc_qm_engine,btc_sha256_nonce,3186406397.0000000000
1062948,6551882707309,btc_qm_engine,btc_sha256_nonce,4138823220.0000000000
1062949,6551882707465,btc_qm_engine,btc_sha256_nonce,2763759991.0000000000
1062950,6551882707693,btc_qm_engine,btc_leading_zeros,0.0000000000
1062951,6551882707881,btc_qm_engine,btc_sha256_elapsed_ns,947.0000000000
1062952,6551882708075,btc_qm_engine,btc_leading_zeros,1.0000000000
1062953,6551882708321,btc_qm_engine,btc_leading_zeros,0.0000000000
1062954,6551882708438,btc_qm_engine,btc_leading_zeros,1.0000000000
1062955,6551882708573,btc_qm_engine,btc_sha256_elapsed_ns,820.0000000000
1062956,6551882708871,btc_qm_engine,btc_sha256_elapsed_ns,956.0000000000
1062957,6551882709000,btc_qm_engine,btc_sha256_nonce,2934313330.0000000000
1062958,6551882709128,btc_qm_engine,btc_leading_zeros,2.0000000000
1062959,6551882709195,btc_qm_engine,btc_sha256_elapsed_ns,837.0000000000
1062960,6551882709406,btc_qm_engine,btc_sha256_elapsed_ns,926.0000000000
1062961,6551882709645,btc_qm_engine,btc_leading_zeros,1.0000000000
1062962,6551882709854,btc_qm_engine,btc_sha256_nonce,3353337961.0000000000
1062963,6551882709922,btc_qm_engine,btc_leading_zeros,0.0000000000
1062964,6551882709977,btc_qm_engine,btc_sha256_elapsed_ns,905.0000000000
1062965,6551882710258,btc_qm_engine,btc_sha256_nonce,3644773971.0000000000
1062966,6551882710349,btc_qm_engine,btc_sha256_elapsed_ns,1077.0000000000
1062967,6551882710498,btc_qm_engine,btc_leading_zeros,1.0000000000
1062968,6551882710658,btc_qm_engine,btc_sha256_elapsed_ns,959.0000000000
1062969,6551882710897,btc_qm_engine,btc_sha256_elapsed_ns,867.0000000000
1062970,6551882711044,btc_qm_engine,btc_sha256_nonce,3231050541.0000000000
1062971,6551882711125,btc_qm_engine,btc_leading_zeros,0.0000000000
1062972,6551882711200,btc_qm_engine,btc_sha256_elapsed_ns,860.0000000000
1062973,6551882711532,btc_qm_engine,btc_sha256_nonce,863099226.0000000000
1062974,6551882711609,btc_qm_engine,btc_leading_zeros,0.0000000000
1062975,6551882711819,btc_qm_engine,btc_sha256_elapsed_ns,731.0000000000
1062976,6551882712012,btc_qm_engine,btc_sha256_nonce,2729151074.0000000000
1062977,6551882712132,btc_qm_engine,btc_leading_zeros,0.0000000000
1062978,6551882712435,btc_qm_engine,btc_sha256_nonce,2745461313.0000000000
1062979,6551882712919,btc_qm_engine,btc_sha256_nonce,931679984.0000000000
1062980,6551882713036,btc_qm_engine,btc_leading_zeros,1.0000000000
1062981,6551882713103,btc_qm_engine,btc_sha256_elapsed_ns,12654.0000000000
1062982,6551882713238,btc_qm_engine,btc_sha256_nonce,1573739458.0000000000
1062983,6551882713321,btc_qm_engine,btc_leading_zeros,1.0000000000
1062984,6551882713527,btc_qm_engine,btc_sha256_nonce,3792756268.0000000000
1062985,6551882713915,btc_qm_engine,btc_leading_zeros,2.0000000000
1062986,6551882714081,btc_qm_engine,btc_sha256_nonce,1894476825.0000000000
1062987,6551882714360,btc_qm_engine,btc_sha256_elapsed_ns,1034.0000000000
1062988,6551882714481,btc_qm_engine,btc_sha256_nonce,2102983245.0000000000
1062989,6551882714610,btc_qm_engine,btc_sha256_elapsed_ns,991.0000000000
1062990,6551882715127,btc_qm_engine,btc_sha256_elapsed_ns,1048.0000000000
1062991,6551882715320,btc_qm_engine,btc_leading_zeros,1.0000000000
1062992,6551882715505,btc_qm_engine,btc_sha256_nonce,4259033264.0000000000
1062993,6551882715576,btc_qm_engine,btc_leading_zeros,2.0000000000
1062994,6551882715640,btc_qm_engine,btc_sha256_elapsed_ns,903.0000000000
1062995,6551882715775,btc_qm_engine,btc_sha256_elapsed_ns,961.0000000000
1062996,6551882716142,btc_qm_engine,btc_sha256_nonce,966189181.0000000000
1062997,6551882716210,btc_qm_engine,btc_leading_zeros,0.0000000000
1062998,6551882716279,btc_qm_engine,btc_sha256_elapsed_ns,741.0000000000
1062999,6551882716389,btc_qm_engine,btc_sha256_nonce,1041090646.0000000000
1063000,6551882716467,btc_qm_engine,btc_leading_zeros,0.0000000000
1063001,6551882716542,btc_qm_engine,btc_sha256_elapsed_ns,1042.0000000000
1063002,6551882717000,btc_qm_engine,btc_sha256_nonce,886706118.0000000000
1063003,6551882717077,btc_qm_engine,btc_leading_zeros,3.0000000000
1063004,6551882717257,btc_qm_engine,btc_sha256_elapsed_ns,1090.0000000000
1063005,6551882717656,btc_qm_engine,btc_sha256_nonce,3514514936.0000000000
1063006,6551882717747,btc_qm_engine,btc_sha256_nonce,1085103562.0000000000
1063007,6551882717862,btc_qm_engine,btc_leading_zeros,0.0000000000
1063008,6551882718042,btc_qm_engine,btc_sha256_elapsed_ns,1004.0000000000
1063009,6551882718211,btc_qm_engine,btc_sha256_nonce,188539697.0000000000
1063010,6551882718542,btc_qm_engine,btc_leading_zeros,1.0000000000
1063011,6551882718694,btc_qm_engine,btc_sha256_nonce,2745974104.0000000000
1063012,6551882719085,btc_qm_engine,btc_sha256_elapsed_ns,1090.0000000000
1063013,6551882719542,btc_qm_engine,btc_leading_zeros,0.0000000000
1063014,6551882719897,btc_qm_engine,btc_sha256_elapsed_ns,805.0000000000
1063015,6551882720057,btc_qm_engine,btc_sha256_nonce,387525082.0000000000
1063016,6551882720375,btc_qm_engine,btc_leading_zeros,2.0000000000
1063017,6551882720673,btc_qm_engine,btc_sha256_nonce,2721835560.0000000000
1063018,6551882720756,btc_qm_engine,btc_leading_zeros,1.0000000000
1063019,6551882720917,btc_qm_engine,btc_sha256_elapsed_ns,963.0000000000
1063020,6551882721072,btc_qm_engine,btc_sha256_nonce,410639737.0000000000
1063021,6551882721139,btc_qm_engine,btc_leading_zeros,0.0000000000
1063022,6551882721423,btc_qm_engine,btc_sha256_elapsed_ns,1015.0000000000
1063023,6551882721901,btc_qm_engine,btc_leading_zeros,0.0000000000
1063024,6551882722274,btc_qm_engine,btc_sha256_elapsed_ns,840.0000000000
1063025,6551882722473,btc_qm_engine,btc_sha256_nonce,2532334059.0000000000
1063026,6551882722547,btc_qm_engine,btc_leading_zeros,2.0000000000
1063027,6551882722624,btc_qm_engine,btc_sha256_elapsed_ns,951.0000000000
1063028,6551882723327,btc_qm_engine,btc_sha256_nonce,3502905555.0000000000
1063029,6551882723403,btc_qm_engine,btc_leading_zeros,0.0000000000
1063030,6551882723667,btc_qm_engine,btc_sha256_elapsed_ns,1069.0000000000
1063031,6551882724019,btc_qm_engine,btc_sha256_nonce,274443716.0000000000
1063032,6551882724212,btc_qm_engine,btc_sha256_elapsed_ns,846.0000000000
1063033,6551882724433,btc_qm_engine,btc_leading_zeros,1.0000000000
1063034,6551882724508,btc_qm_engine,btc_sha256_elapsed_ns,983.0000000000
1063035,6551882724649,btc_qm_engine,btc_leading_zeros,1.0000000000
1063036,6551882724781,btc_qm_engine,btc_leading_zeros,2.0000000000
1063037,6551882725033,btc_qm_engine,btc_sha256_nonce,2869676301.0000000000
1063038,6551882725152,btc_qm_engine,btc_sha256_elapsed_ns,744.0000000000
1063039,6551882725375,btc_qm_engine,btc_sha256_nonce,1469118226.0000000000
1063040,6551882725662,btc_qm_engine,btc_sha256_elapsed_ns,1080.0000000000
1063041,6551882725787,btc_qm_engine,btc_sha256_nonce,3118711176.0000000000
1063042,6551882725949,btc_qm_engine,btc_sha256_nonce,2060861154.0000000000
1063043,6551882726027,btc_qm_engine,btc_leading_zeros,1.0000000000
1063044,6551882726093,btc_qm_engine,btc_leading_zeros,0.0000000000
1063045,6551882726772,btc_qm_engine,btc_sha256_nonce,2720780645.0000000000
1063046,6551882727192,btc_qm_engine,btc_sha256_elapsed_ns,811.0000000000
1063047,6551882727444,btc_qm_engine,btc_leading_zeros,1.0000000000
1063048,6551882728163,btc_qm_engine,btc_sha256_nonce,2558988186.0000000000
1063049,6551882728528,btc_qm_engine,btc_leading_zeros,1.0000000000
1063050,6551882728597,btc_qm_engine,btc_sha256_elapsed_ns,959.0000000000
1063051,6551882728807,btc_qm_engine,btc_leading_zeros,0.0000000000
1063052,6551882728929,btc_qm_engine,btc_sha256_elapsed_ns,1001.0000000000
1063053,6551882729851,btc_qm_engine,btc_sha256_nonce,3529826059.0000000000
1063054,6551882729957,btc_qm_engine,btc_leading_zeros,1.0000000000
1063055,6551882730033,btc_qm_engine,btc_sha256_elapsed_ns,995.0000000000
1063056,6551882730255,btc_qm_engine,btc_sha256_nonce,2282819074.0000000000
1063057,6551882730330,btc_qm_engine,btc_leading_zeros,0.0000000000
1063058,6551882730493,btc_qm_engine,btc_sha256_elapsed_ns,1073.0000000000
1063059,6551882730719,btc_qm_engine,btc_sha256_nonce,3719139595.0000000000
1063060,6551882730853,btc_qm_engine,btc_sha256_elapsed_ns,1068.0000000000
1063061,6551882731048,btc_qm_engine,btc_leading_zeros,1.0000000000
1063062,6551882731450,btc_qm_engine,btc_sha256_nonce,2521823672.0000000000
1063063,6551882731847,btc_qm_engine,btc_sha256_elapsed_ns,832.0000000000
1063064,6551882732193,btc_qm_engine,btc_sha256_nonce,1033168659.0000000000
1063065,6551882732350,btc_qm_engine,btc_sha256_elapsed_ns,1082.0000000000
1063066,6551882732673,btc_qm_engine,btc_leading_zeros,0.0000000000
1063067,6551882732964,btc_qm_engine,btc_leading_zeros,0.0000000000
1063068,6551882733233,btc_qm_engine,btc_sha256_elapsed_ns,1034.0000000000
1063069,6551882733425,btc_qm_engine,btc_sha256_nonce,698347896.0000000000
1063070,6551882733498,btc_qm_engine,btc_leading_zeros,1.0000000000
1063071,6551882733550,btc_qm_engine,btc_sha256_elapsed_ns,779.0000000000
1063072,6551882733669,btc_qm_engine,btc_sha256_nonce,4112829028.0000000000
1063073,6551882733733,btc_qm_engine,btc_leading_zeros,0.0000000000
1063074,6551882733784,btc_qm_engine,btc_sha256_elapsed_ns,757.0000000000
1063075,6551882734175,btc_qm_engine,btc_sha256_nonce,863903783.0000000000
1063076,6551882734257,btc_qm_engine,btc_leading_zeros,3.0000000000
1063077,6551882734307,btc_qm_engine,btc_sha256_elapsed_ns,733.0000000000
1063078,6551882734500,btc_qm_engine,btc_sha256_nonce,1992335675.0000000000
1063079,6551882734575,btc_qm_engine,btc_leading_zeros,1.0000000000
1063080,6551882734627,btc_qm_engine,btc_sha256_elapsed_ns,760.0000000000
1063081,6551882734733,btc_qm_engine,btc_sha256_nonce,1102350277.0000000000
1063082,6551882734807,btc_qm_engine,btc_leading_zeros,4.0000000000
1063083,6551882735276,btc_qm_engine,btc_sha256_elapsed_ns,988.0000000000
1063084,6551882735455,btc_qm_engine,btc_sha256_nonce,863723649.0000000000
1063085,6551882735823,btc_qm_engine,btc_leading_zeros,4.0000000000
1063086,6551882736372,btc_qm_engine,btc_sha256_nonce,2081824996.0000000000
1063087,6551882736663,btc_qm_engine,btc_leading_zeros,0.0000000000
1063088,6551882736895,btc_qm_engine,btc_sha256_elapsed_ns,929.0000000000
1063089,6551882737284,btc_qm_engine,btc_leading_zeros,1.0000000000
1063090,6551882737944,btc_qm_engine,btc_sha256_elapsed_ns,771.0000000000
1063091,6551882738293,btc_qm_engine,btc_sha256_nonce,1386941624.0000000000
1063092,6551882738769,btc_qm_engine,btc_leading_zeros,0.0000000000
1063093,6551882738986,btc_qm_engine,btc_sha256_nonce,506273166.0000000000
1063094,6551882739196,btc_qm_engine,btc_sha256_elapsed_ns,860.0000000000
1063095,6551882739433,btc_qm_engine,btc_leading_zeros,0.0000000000
1063096,6551882739613,btc_qm_engine,btc_leading_zeros,0.0000000000
1063097,6551882739790,btc_qm_engine,btc_sha256_elapsed_ns,1105.0000000000
1063098,6551882740063,btc_qm_engine,btc_sha256_nonce,10799327.0000000000
1063099,6551882740258,btc_qm_engine,btc_sha256_elapsed_ns,1100.0000000000
1063100,6551882740501,btc_qm_engine,btc_sha256_nonce,1520157227.0000000000
1063101,6551882740575,btc_qm_engine,btc_leading_zeros,3.0000000000
1063102,6551882740644,btc_qm_engine,btc_sha256_elapsed_ns,1040.0000000000
1063103,6551882741457,btc_qm_engine,btc_sha256_elapsed_ns,758.0000000000
1063104,6551882742026,btc_qm_engine,btc_sha256_nonce,2520677660.0000000000
1063105,6551882742358,btc_qm_engine,btc_sha256_nonce,260393992.0000000000
1063106,6551882742511,btc_qm_engine,btc_leading_zeros,0.0000000000
1063107,6551882742954,btc_qm_engine,btc_leading_zeros,0.0000000000
1063108,6551882743038,btc_qm_engine,btc_sha256_elapsed_ns,7782.0000000000
1063109,6551882743193,btc_qm_engine,btc_sha256_nonce,3970268632.0000000000
1063110,6551882743531,btc_qm_engine,btc_sha256_nonce,699543720.0000000000
1063111,6551882743723,btc_qm_engine,btc_leading_zeros,4.0000000000
1063112,6551882743794,btc_qm_engine,btc_sha256_elapsed_ns,800.0000000000
1063113,6551882743972,btc_qm_engine,btc_leading_zeros,1.0000000000
1063114,6551882744118,btc_qm_engine,btc_sha256_nonce,277681571.0000000000
1063115,6551882744402,btc_qm_engine,btc_sha256_elapsed_ns,1046.0000000000
1063116,6551882744755,btc_qm_engine,btc_sha256_elapsed_ns,913.0000000000
1063117,6551882744982,btc_qm_engine,btc_leading_zeros,0.0000000000
1063118,6551882745132,btc_qm_engine,btc_sha256_nonce,361747809.0000000000
1063119,6551882745223,btc_qm_engine,btc_leading_zeros,3.0000000000
1063120,6551882745319,btc_qm_engine,btc_sha256_elapsed_ns,1037.0000000000
1063121,6551882745395,btc_qm_engine,btc_leading_zeros,1.0000000000
1063122,6551882745750,btc_qm_engine,btc_sha256_elapsed_ns,745.0000000000
1063123,6551882745826,btc_qm_engine,btc_sha256_elapsed_ns,740.0000000000
1063124,6551882746130,btc_qm_engine,btc_sha256_nonce,643807624.0000000000
1063125,6551882746211,btc_qm_engine,btc_leading_zeros,0.0000000000
1063126,6551882746279,btc_qm_engine,btc_sha256_elapsed_ns,1119.0000000000
1063127,6551882746664,btc_qm_engine,btc_sha256_nonce,1749133102.0000000000
1063128,6551882746753,btc_qm_engine,btc_leading_zeros,1.0000000000
1063129,6551882747011,btc_qm_engine,btc_sha256_elapsed_ns,757.0000000000
1063130,6551882747230,btc_qm_engine,btc_sha256_nonce,4217524038.0000000000
1063131,6551882747369,btc_qm_engine,btc_sha256_nonce,2102889663.0000000000
1063132,6551882747864,btc_qm_engine,btc_sha256_nonce,871517938.0000000000
1063133,6551882748003,btc_qm_engine,btc_sha256_nonce,418492049.0000000000
1063134,6551882748190,btc_qm_engine,btc_leading_zeros,1.0000000000
1063135,6551882748507,btc_qm_engine,btc_sha256_nonce,344019645.0000000000
1063136,6551882748604,btc_qm_engine,btc_leading_zeros,0.0000000000
1063137,6551882748663,btc_qm_engine,btc_sha256_elapsed_ns,940.0000000000
1063138,6551882748905,btc_qm_engine,btc_sha256_nonce,489588568.0000000000
1063139,6551882749111,btc_qm_engine,btc_leading_zeros,10.0000000000
1063140,6551882749267,btc_qm_engine,btc_sha256_elapsed_ns,1073.0000000000
1063141,6551882749509,btc_qm_engine,btc_leading_zeros,2.0000000000
1063142,6551882749866,btc_qm_engine,btc_sha256_nonce,1154990054.0000000000
1063143,6551882749946,btc_qm_engine,btc_leading_zeros,2.0000000000
1063144,6551882750099,btc_qm_engine,btc_sha256_elapsed_ns,1075.0000000000
1063145,6551882750261,btc_qm_engine,btc_leading_zeros,1.0000000000
1063146,6551882750330,btc_qm_engine,btc_sha256_elapsed_ns,982.0000000000
1063147,6551882750662,btc_qm_engine,btc_sha256_elapsed_ns,985.0000000000
1063148,6551882751152,btc_qm_engine,btc_sha256_nonce,1572069027.0000000000
1063149,6551882751492,btc_qm_engine,btc_sha256_nonce,2132289476.0000000000
1063150,6551882751687,btc_qm_engine,btc_sha256_nonce,1405092226.0000000000
1063151,6551882751780,btc_qm_engine,btc_sha256_nonce,699593041.0000000000
1063152,6551882752118,btc_qm_engine,btc_leading_zeros,1.0000000000
1063153,6551882752552,btc_qm_engine,btc_sha256_elapsed_ns,1112.0000000000
1063154,6551882752678,btc_qm_engine,btc_leading_zeros,0.0000000000
1063155,6551882752849,btc_qm_engine,btc_sha256_elapsed_ns,1084.0000000000
1063156,6551882753526,btc_qm_engine,btc_sha256_elapsed_ns,1093.0000000000
1063157,6551882753830,btc_qm_engine,btc_sha256_nonce,2520049951.0000000000
1063158,6551882753910,btc_qm_engine,btc_leading_zeros,0.0000000000
1063159,6551882753984,btc_qm_engine,btc_sha256_elapsed_ns,924.0000000000
1063160,6551882754495,btc_qm_engine,btc_sha256_nonce,2521047169.0000000000
1063161,6551882754564,btc_qm_engine,btc_leading_zeros,3.0000000000
1063162,6551882754617,btc_qm_engine,btc_sha256_elapsed_ns,738.0000000000
1063163,6551882754953,btc_qm_engine,btc_sha256_nonce,694129677.0000000000
1063164,6551882755029,btc_qm_engine,btc_leading_zeros,1.0000000000
1063165,6551882755246,btc_qm_engine,btc_sha256_elapsed_ns,1080.0000000000
1063166,6551882755722,btc_qm_engine,btc_leading_zeros,2.0000000000
1063167,6551882755862,btc_qm_engine,btc_sha256_elapsed_ns,988.0000000000
1063168,6551882756118,btc_qm_engine,btc_sha256_elapsed_ns,1099.0000000000
1063169,6551882756370,btc_qm_engine,btc_sha256_nonce,616264195.0000000000
1063170,6551882756654,btc_qm_engine,btc_sha256_nonce,3434060231.0000000000
1063171,6551882756795,btc_qm_engine,btc_leading_zeros,0.0000000000
1063172,6551882756868,btc_qm_engine,btc_sha256_elapsed_ns,1076.0000000000
1063173,6551882757040,btc_qm_engine,btc_leading_zeros,0.0000000000
1063174,6551882757150,btc_qm_engine,btc_sha256_elapsed_ns,939.0000000000
1063175,6551882757285,btc_qm_engine,btc_sha256_nonce,2653250829.0000000000
1063176,6551882757392,btc_qm_engine,btc_sha256_nonce,3353401734.0000000000
1063177,6551882757984,btc_qm_engine,btc_sha256_nonce,2243274374.0000000000
1063178,6551882758133,btc_qm_engine,btc_sha256_nonce,3157216303.0000000000
1063179,6551882758209,btc_qm_engine,btc_leading_zeros,1.0000000000
1063180,6551882758276,btc_qm_engine,btc_sha256_elapsed_ns,998.0000000000
1063181,6551882758413,btc_qm_engine,btc_sha256_nonce,398727834.0000000000
1063182,6551882758499,btc_qm_engine,btc_leading_zeros,0.0000000000
1063183,6551882758571,btc_qm_engine,btc_sha256_elapsed_ns,956.0000000000
1063184,6551882758856,btc_qm_engine,btc_leading_zeros,3.0000000000
1063185,6551882759888,btc_qm_engine,btc_sha256_nonce,2783272711.0000000000
1063186,6551882759973,btc_qm_engine,btc_leading_zeros,0.0000000000
1063187,6551882760044,btc_qm_engine,btc_sha256_elapsed_ns,1078.0000000000
1063188,6551882760649,btc_qm_engine,btc_leading_zeros,1.0000000000
1063189,6551882760756,btc_qm_engine,btc_sha256_elapsed_ns,865.0000000000
1063190,6551882761372,btc_qm_engine,btc_sha256_nonce,3344325969.0000000000
1063191,6551882761508,btc_qm_engine,btc_sha256_elapsed_ns,1009.0000000000
1063192,6551882761782,btc_qm_engine,btc_leading_zeros,0.0000000000
1063193,6551882761883,btc_qm_engine,btc_leading_zeros,0.0000000000
1063194,6551882762007,btc_qm_engine,btc_leading_zeros,0.0000000000
1063195,6551882762203,btc_qm_engine,btc_sha256_nonce,3745555196.0000000000
1063196,6551882762446,btc_qm_engine,btc_sha256_elapsed_ns,1041.0000000000
1063197,6551882762684,btc_qm_engine,btc_sha256_nonce,3191249733.0000000000
1063198,6551882762783,btc_qm_engine,btc_sha256_elapsed_ns,1067.0000000000
1063199,6551882763012,btc_qm_engine,btc_sha256_elapsed_ns,1019.0000000000
1063200,6551882763723,btc_qm_engine,btc_sha256_nonce,2260456158.0000000000
1063201,6551882764263,btc_qm_engine,btc_leading_zeros,2.0000000000
1063202,6551882764397,btc_qm_engine,btc_leading_zeros,0.0000000000
1063203,6551882764492,btc_qm_engine,btc_sha256_elapsed_ns,1080.0000000000
1063204,6551882764587,btc_qm_engine,btc_sha256_elapsed_ns,1095.0000000000
1063205,6551882765114,btc_qm_engine,btc_sha256_nonce,3597265085.0000000000
1063206,6551882765185,btc_qm_engine,btc_leading_zeros,2.0000000000
1063207,6551882765247,btc_qm_engine,btc_sha256_elapsed_ns,739.0000000000
1063208,6551882765847,btc_qm_engine,btc_sha256_nonce,2168837022.0000000000
1063209,6551882765922,btc_qm_engine,btc_leading_zeros,1.0000000000
1063210,6551882766277,btc_qm_engine,btc_sha256_elapsed_ns,1100.0000000000
1063211,6551882766569,btc_qm_engine,btc_sha256_nonce,2102469783.0000000000
1063212,6551882767085,btc_qm_engine,btc_sha256_nonce,4046912979.0000000000
1063213,6551882767306,btc_qm_engine,btc_leading_zeros,0.0000000000
1063214,6551882767382,btc_qm_engine,btc_sha256_nonce,864096426.0000000000
1063215,6551882767564,btc_qm_engine,btc_sha256_elapsed_ns,1044.0000000000
1063216,6551882767760,btc_qm_engine,btc_sha256_nonce,2887439622.0000000000
1063217,6551882767839,btc_qm_engine,btc_leading_zeros,1.0000000000
1063218,6551882768165,btc_qm_engine,btc_leading_zeros,1.0000000000
1063219,6551882768665,btc_qm_engine,btc_sha256_elapsed_ns,960.0000000000
1063220,6551882768801,btc_qm_engine,btc_sha256_nonce,444070689.0000000000
1063221,6551882768868,btc_qm_engine,btc_leading_zeros,2.0000000000
1063222,6551882768963,btc_qm_engine,btc_sha256_nonce,1149377777.0000000000
1063223,6551882769329,btc_qm_engine,btc_sha256_elapsed_ns,736.0000000000
1063224,6551882769480,btc_qm_engine,btc_leading_zeros,0.0000000000
1063225,6551882769559,btc_qm_engine,btc_sha256_elapsed_ns,1013.0000000000
1063226,6551882770128,btc_qm_engine,btc_leading_zeros,0.0000000000
1063227,6551882770204,btc_qm_engine,btc_sha256_elapsed_ns,1025.0000000000
1063228,6551882770343,btc_qm_engine,btc_sha256_nonce,3258234094.0000000000
1063229,6551882770822,btc_qm_engine,btc_leading_zeros,0.0000000000
1063230,6551882771051,btc_qm_engine,btc_sha256_elapsed_ns,1064.0000000000
1063231,6551882771433,btc_qm_engine,btc_sha256_nonce,3666984417.0000000000
1063232,6551882771521,btc_qm_engine,btc_leading_zeros,3.0000000000
1063233,6551882771974,btc_qm_engine,btc_sha256_elapsed_ns,958.0000000000
1063234,6551882772171,btc_qm_engine,btc_sha256_elapsed_ns,1054.0000000000
1063235,6551882772671,btc_qm_engine,btc_sha256_nonce,3447726721.0000000000
1063236,6551882773020,btc_qm_engine,btc_leading_zeros,1.0000000000
1063237,6551882773090,btc_qm_engine,btc_sha256_elapsed_ns,973.0000000000
1063238,6551882773298,btc_qm_engine,btc_leading_zeros,0.0000000000
1063239,6551882773509,btc_qm_engine,btc_sha256_nonce,1052567648.0000000000
1063240,6551882773779,btc_qm_engine,btc_sha256_nonce,2283153198.0000000000
1063241,6551882774015,btc_qm_engine,btc_leading_zeros,1.0000000000
1063242,6551882774091,btc_qm_engine,btc_sha256_elapsed_ns,947.0000000000
1063243,6551882774266,btc_qm_engine,btc_leading_zeros,0.0000000000
1063244,6551882774487,btc_qm_engine,btc_sha256_nonce,2977258379.0000000000
1063245,6551882774858,btc_qm_engine,btc_sha256_nonce,3352521745.0000000000
1063246,6551882774926,btc_qm_engine,btc_leading_zeros,0.0000000000
1063247,6551882774995,btc_qm_engine,btc_sha256_elapsed_ns,993.0000000000
1063248,6551882775192,btc_qm_engine,btc_sha256_nonce,2134054081.0000000000
1063249,6551882775343,btc_qm_engine,btc_leading_zeros,0.0000000000
1063250,6551882775420,btc_qm_engine,btc_sha256_elapsed_ns,937.0000000000
1063251,6551882775638,btc_qm_engine,btc_sha256_nonce,2521613333.0000000000
1063252,6551882775744,btc_qm_engine,btc_leading_zeros,0.0000000000
1063253,6551882775971,btc_qm_engine,btc_leading_zeros,0.0000000000
1063254,6551882776055,btc_qm_engine,btc_sha256_elapsed_ns,876.0000000000
1063255,6551882776245,btc_qm_engine,btc_sha256_nonce,1607535411.0000000000
1063256,6551882776328,btc_qm_engine,btc_leading_zeros,1.0000000000
1063257,6551882776388,btc_qm_engine,btc_sha256_elapsed_ns,980.0000000000
1063258,6551882776557,btc_qm_engine,btc_sha256_nonce,2219169454.0000000000
1063259,6551882776791,btc_qm_engine,btc_sha256_nonce,693566037.0000000000
1063260,6551882776870,btc_qm_engine,btc_leading_zeros,0.0000000000
1063261,6551882776934,btc_qm_engine,btc_sha256_elapsed_ns,1114.0000000000
1063262,6551882777132,btc_qm_engine,btc_sha256_elapsed_ns,1073.0000000000
1063263,6551882777372,btc_qm_engine,btc_sha256_nonce,1868749998.0000000000
1063264,6551882777455,btc_qm_engine,btc_leading_zeros,0.0000000000
1063265,6551882777526,btc_qm_engine,btc_sha256_elapsed_ns,786.0000000000
1063266,6551882777846,btc_qm_engine,btc_sha256_nonce,2521091343.0000000000
1063267,6551882777928,btc_qm_engine,btc_leading_zeros,0.0000000000
1063268,6551882777994,btc_qm_engine,btc_sha256_elapsed_ns,1057.0000000000
1063269,6551882778365,btc_qm_engine,btc_sha256_nonce,4278204189.0000000000
1063270,6551882778514,btc_qm_engine,btc_sha256_nonce,3353408578.0000000000
1063271,6551882778591,btc_qm_engine,btc_leading_zeros,0.0000000000
1063272,6551882778676,btc_qm_engine,btc_sha256_elapsed_ns,767.0000000000
1063273,6551882778830,btc_qm_engine,btc_leading_zeros,0.0000000000
1063274,6551882778914,btc_qm_engine,btc_sha256_elapsed_ns,1061.0000000000
1063275,6551882779115,btc_qm_engine,btc_sha256_nonce,2283628372.0000000000
1063276,6551882779242,btc_qm_engine,btc_sha256_nonce,1831038637.0000000000
1063277,6551882779310,btc_qm_engine,btc_leading_zeros,0.0000000000
1063278,6551882779367,btc_qm_engine,btc_sha256_elapsed_ns,1009.0000000000
1063279,6551882779491,btc_qm_engine,btc_leading_zeros,0.0000000000
1063280,6551882779570,btc_qm_engine,btc_sha256_elapsed_ns,730.0000000000
1063281,6551882779647,btc_qm_engine,btc_leading_zeros,4.0000000000
1063282,6551882779912,btc_qm_engine,btc_sha256_nonce,2257296332.0000000000
1063283,6551882779989,btc_qm_engine,btc_leading_zeros,4.0000000000
1063284,6551882780181,btc_qm_engine,btc_sha256_elapsed_ns,1089.0000000000
1063285,6551882780427,btc_qm_engine,btc_sha256_elapsed_ns,747.0000000000
1063286,6551882780572,btc_qm_engine,btc_sha256_elapsed_ns,994.0000000000
1063287,6551882780734,btc_qm_engine,btc_sha256_nonce,3358773331.0000000000
1063288,6551882781189,btc_qm_engine,btc_leading_zeros,1.0000000000
1063289,6551882781263,btc_qm_engine,btc_sha256_elapsed_ns,1049.0000000000
1063290,6551882781434,btc_qm_engine,btc_sha256_nonce,2708520644.0000000000
1063291,6551882781741,btc_qm_engine,btc_leading_zeros,0.0000000000
1063292,6551882781841,btc_qm_engine,btc_sha256_elapsed_ns,761.0000000000
1063293,6551882781916,btc_qm_engine,btc_sha256_nonce,3232809334.0000000000
1063294,6551882782071,btc_qm_engine,btc_sha256_nonce,2103391393.0000000000
1063295,6551882782219,btc_qm_engine,btc_leading_zeros,1.0000000000
1063296,6551882782283,btc_qm_engine,btc_sha256_elapsed_ns,897.0000000000
1063297,6551882782455,btc_qm_engine,btc_sha256_elapsed_ns,1027.0000000000
1063298,6551882782585,btc_qm_engine,btc_sha256_nonce,693193919.0000000000
1063299,6551882782672,btc_qm_engine,btc_leading_zeros,1.0000000000
1063300,6551882782841,btc_qm_engine,btc_leading_zeros,0.0000000000
1063301,6551882783404,btc_qm_engine,btc_sha256_elapsed_ns,1076.0000000000
1063302,6551882783532,btc_qm_engine,btc_sha256_elapsed_ns,1014.0000000000
1063303,6551882783617,btc_qm_engine,btc_sha256_nonce,2688407456.0000000000
1063304,6551882783769,btc_qm_engine,btc_sha256_nonce,917215757.0000000000
1063305,6551882783860,btc_qm_engine,btc_leading_zeros,2.0000000000
1063306,6551882783928,btc_qm_engine,btc_sha256_elapsed_ns,1116.0000000000
1063307,6551882784052,btc_qm_engine,btc_leading_zeros,0.0000000000
1063308,6551882784142,btc_qm_engine,btc_sha256_elapsed_ns,1086.0000000000
1063309,6551882784290,btc_qm_engine,btc_sha256_nonce,2841790573.0000000000
1063310,6551882784370,btc_qm_engine,btc_leading_zeros,0.0000000000
1063311,6551882784443,btc_qm_engine,btc_sha256_elapsed_ns,1087.0000000000
1063312,6551882784702,btc_qm_engine,btc_sha256_nonce,438922766.0000000000
1063313,6551882784770,btc_qm_engine,btc_leading_zeros,1.0000000000
1063314,6551882784846,btc_qm_engine,btc_sha256_elapsed_ns,1087.0000000000
1063315,6551882785178,btc_qm_engine,btc_sha256_nonce,2180273065.0000000000
1063316,6551882785425,btc_qm_engine,btc_sha256_nonce,1903780679.0000000000
1063317,6551882785510,btc_qm_engine,btc_leading_zeros,2.0000000000
1063318,6551882785623,btc_qm_engine,btc_sha256_elapsed_ns,1065.0000000000
1063319,6551882785700,btc_qm_engine,btc_leading_zeros,4.0000000000
1063320,6551882785830,btc_qm_engine,btc_sha256_nonce,699289270.0000000000
1063321,6551882785918,btc_qm_engine,btc_leading_zeros,1.0000000000
1063322,6551882785992,btc_qm_engine,btc_sha256_elapsed_ns,1115.0000000000
1063323,6551882786135,btc_qm_engine,btc_sha256_nonce,230062053.0000000000
1063324,6551882786622,btc_qm_engine,btc_sha256_elapsed_ns,1098.0000000000
1063325,6551882786760,btc_qm_engine,btc_leading_zeros,1.0000000000
1063326,6551882787106,btc_qm_engine,btc_sha256_elapsed_ns,973.0000000000
1063327,6551882787238,btc_qm_engine,btc_sha256_nonce,699787809.0000000000
1063328,6551882787598,btc_qm_engine,btc_sha256_nonce,1285598508.0000000000
1063329,6551882787767,btc_qm_engine,btc_leading_zeros,1.0000000000
1063330,6551882788024,btc_qm_engine,btc_sha256_nonce,2271645220.0000000000
1063331,6551882788179,btc_qm_engine,btc_sha256_nonce,1691743788.0000000000
1063332,6551882788258,btc_qm_engine,btc_leading_zeros,0.0000000000
1063333,6551882788514,btc_qm_engine,btc_sha256_nonce,2109022286.0000000000
1063334,6551882789211,btc_qm_engine,btc_leading_zeros,1.0000000000
1063335,6551882789433,btc_qm_engine,btc_leading_zeros,3.0000000000
1063336,6551882789508,btc_qm_engine,btc_sha256_elapsed_ns,1080.0000000000
1063337,6551882789704,btc_qm_engine,btc_sha256_elapsed_ns,845.0000000000
1063338,6551882789910,btc_qm_engine,btc_leading_zeros,1.0000000000
1063339,6551882790048,btc_qm_engine,btc_leading_zeros,0.0000000000
1063340,6551882790161,btc_qm_engine,btc_sha256_elapsed_ns,1079.0000000000
1063341,6551882790318,btc_qm_engine,btc_sha256_elapsed_ns,1101.0000000000
1063342,6551882790768,btc_qm_engine,btc_sha256_nonce,1604328765.0000000000
1063343,6551882790993,btc_qm_engine,btc_sha256_nonce,2817145516.0000000000
1063344,6551882791252,btc_qm_engine,btc_leading_zeros,2.0000000000
1063345,6551882791515,btc_qm_engine,btc_leading_zeros,3.0000000000
1063346,6551882791645,btc_qm_engine,btc_sha256_nonce,2411246444.0000000000
1063347,6551882792364,btc_qm_engine,btc_sha256_elapsed_ns,1017.0000000000
1063348,6551882792634,btc_qm_engine,btc_sha256_elapsed_ns,769.0000000000
1063349,6551882792856,btc_qm_engine,btc_leading_zeros,3.0000000000
1063350,6551882792924,btc_qm_engine,btc_sha256_elapsed_ns,973.0000000000
1063351,6551882792997,btc_qm_engine,btc_sha256_nonce,927580993.0000000000
1063352,6551882793351,btc_qm_engine,btc_leading_zeros,0.0000000000
1063353,6551882793417,btc_qm_engine,btc_sha256_elapsed_ns,1028.0000000000
1063354,6551882793771,btc_qm_engine,btc_sha256_nonce,2971863570.0000000000
1063355,6551882793961,btc_qm_engine,btc_sha256_nonce,2723393133.0000000000
1063356,6551882794039,btc_qm_engine,btc_leading_zeros,0.0000000000
1063357,6551882794216,btc_qm_engine,btc_leading_zeros,0.0000000000
1063358,6551882794583,btc_qm_engine,btc_sha256_elapsed_ns,748.0000000000
1063359,6551882794705,btc_qm_engine,btc_sha256_nonce,1875182086.0000000000
1063360,6551882794958,btc_qm_engine,btc_sha256_elapsed_ns,940.0000000000
1063361,6551882795547,btc_qm_engine,btc_sha256_nonce,3353109693.0000000000
1063362,6551882795619,btc_qm_engine,btc_leading_zeros,1.0000000000
1063363,6551882796015,btc_qm_engine,btc_sha256_elapsed_ns,719.0000000000
1063364,6551882796497,btc_qm_engine,btc_sha256_elapsed_ns,1009.0000000000
1063365,6551882796961,btc_qm_engine,btc_leading_zeros,0.0000000000
1063366,6551882797088,btc_qm_engine,btc_sha256_elapsed_ns,986.0000000000
1063367,6551882797191,btc_qm_engine,btc_sha256_nonce,3353085596.0000000000
1063368,6551882797264,btc_qm_engine,btc_leading_zeros,2.0000000000
1063369,6551882797317,btc_qm_engine,btc_sha256_elapsed_ns,709.0000000000
1063370,6551882797568,btc_qm_engine,btc_sha256_nonce,2853080248.0000000000
1063371,6551882797866,btc_qm_engine,btc_sha256_nonce,2763823131.0000000000
1063372,6551882798060,btc_qm_engine,btc_leading_zeros,0.0000000000
1063373,6551882798283,btc_qm_engine,btc_leading_zeros,0.0000000000
1063374,6551882798511,btc_qm_engine,btc_sha256_nonce,2717963409.0000000000
1063375,6551882798803,btc_qm_engine,btc_sha256_nonce,3352989844.0000000000
1063376,6551882799216,btc_qm_engine,btc_sha256_elapsed_ns,908.0000000000
1063377,6551882799362,btc_qm_engine,btc_leading_zeros,2.0000000000
1063378,6551882799504,btc_qm_engine,btc_leading_zeros,0.0000000000
1063379,6551882799585,btc_qm_engine,btc_sha256_elapsed_ns,1081.0000000000
1063380,6551882799697,btc_qm_engine,btc_sha256_elapsed_ns,792.0000000000
1063381,6551882799792,btc_qm_engine,btc_sha256_elapsed_ns,1061.0000000000
1063382,6551882800630,btc_qm_engine,btc_sha256_elapsed_ns,992.0000000000
1063383,6551882800880,btc_qm_engine,btc_sha256_nonce,207268058.0000000000
1063384,6551882801078,btc_qm_engine,btc_sha256_nonce,3857133214.0000000000
1063385,6551882801395,btc_qm_engine,btc_sha256_nonce,1390291029.0000000000
1063386,6551882802099,btc_qm_engine,btc_sha256_nonce,1365278392.0000000000
1063387,6551882802357,btc_qm_engine,btc_sha256_nonce,2283470411.0000000000
1063388,6551882802501,btc_qm_engine,btc_sha256_nonce,3562234436.0000000000
1063389,6551882803190,btc_qm_engine,btc_leading_zeros,0.0000000000
1063390,6551882803499,btc_qm_engine,btc_sha256_nonce,2103532534.0000000000
1063391,6551882803639,btc_qm_engine,btc_leading_zeros,3.0000000000
1063392,6551882803922,btc_qm_engine,btc_leading_zeros,0.0000000000
1063393,6551882803997,btc_qm_engine,btc_sha256_elapsed_ns,1091.0000000000
1063394,6551882804164,btc_qm_engine,btc_sha256_elapsed_ns,731.0000000000
1063395,6551882804359,btc_qm_engine,btc_leading_zeros,0.0000000000
1063396,6551882804719,btc_qm_engine,btc_sha256_elapsed_ns,1063.0000000000
1063397,6551882805103,btc_qm_engine,btc_sha256_elapsed_ns,1099.0000000000
1063398,6551882805379,btc_qm_engine,btc_sha256_nonce,1910526605.0000000000
1063399,6551882805458,btc_qm_engine,btc_leading_zeros,3.0000000000
1063400,6551882805523,btc_qm_engine,btc_sha256_elapsed_ns,1099.0000000000
1063401,6551882805954,btc_qm_engine,btc_sha256_nonce,1461802264.0000000000
1063402,6551882806195,btc_qm_engine,btc_leading_zeros,0.0000000000
1063403,6551882806331,btc_qm_engine,btc_leading_zeros,3.0000000000
1063404,6551882806546,btc_qm_engine,btc_sha256_elapsed_ns,768.0000000000
1063405,6551882806670,btc_qm_engine,btc_sha256_nonce,909873902.0000000000
1063406,6551882806781,btc_qm_engine,btc_leading_zeros,1.0000000000
1063407,6551882806959,btc_qm_engine,btc_sha256_elapsed_ns,1123.0000000000
1063408,6551882807231,btc_qm_engine,btc_sha256_nonce,3063473738.0000000000
1063409,6551882807550,btc_qm_engine,btc_sha256_nonce,3352972334.0000000000
1063410,6551882808139,btc_qm_engine,btc_sha256_nonce,2438588649.0000000000
1063411,6551882808299,btc_qm_engine,btc_sha256_elapsed_ns,1043.0000000000
1063412,6551882808488,btc_qm_engine,btc_leading_zeros,0.0000000000
1063413,6551882808591,btc_qm_engine,btc_sha256_elapsed_ns,764.0000000000
1063414,6551882808720,btc_qm_engine,btc_leading_zeros,0.0000000000
1063415,6551882808860,btc_qm_engine,btc_leading_zeros,0.0000000000
1063416,6551882808935,btc_qm_engine,btc_sha256_elapsed_ns,897.0000000000
1063417,6551882809511,btc_qm_engine,btc_leading_zeros,2.0000000000
1063418,6551882809931,btc_qm_engine,btc_sha256_nonce,2283190913.0000000000
1063419,6551882810055,btc_qm_engine,btc_sha256_elapsed_ns,951.0000000000
1063420,6551882810220,btc_qm_engine,btc_sha256_nonce,3041445882.0000000000
1063421,6551882810344,btc_qm_engine,btc_leading_zeros,1.0000000000
1063422,6551882810513,btc_qm_engine,btc_sha256_elapsed_ns,1069.0000000000
1063423,6551882810716,btc_qm_engine,btc_leading_zeros,2.0000000000
1063424,6551882810850,btc_qm_engine,btc_sha256_nonce,688067119.0000000000
1063425,6551882811014,btc_qm_engine,btc_sha256_elapsed_ns,961.0000000000
1063426,6551882811228,btc_qm_engine,btc_sha256_elapsed_ns,1014.0000000000
1063427,6551882811664,btc_qm_engine,btc_sha256_nonce,1910150796.0000000000
1063428,6551882811931,btc_qm_engine,btc_leading_zeros,0.0000000000
1063429,6551882812103,btc_qm_engine,btc_sha256_nonce,1329005341.0000000000
1063430,6551882812348,btc_qm_engine,btc_sha256_elapsed_ns,808.0000000000
1063431,6551882812739,btc_qm_engine,btc_sha256_nonce,1269268668.0000000000
1063432,6551882812912,btc_qm_engine,btc_leading_zeros,1.0000000000
1063433,6551882813106,btc_qm_engine,btc_leading_zeros,3.0000000000
1063434,6551882813741,btc_qm_engine,btc_leading_zeros,1.0000000000
1063435,6551882813912,btc_qm_engine,btc_leading_zeros,0.0000000000
1063436,6551882814109,btc_qm_engine,btc_sha256_elapsed_ns,975.0000000000
1063437,6551882814277,btc_qm_engine,btc_sha256_nonce,695260270.0000000000
1063438,6551882814410,btc_qm_engine,btc_sha256_elapsed_ns,1149.0000000000
1063439,6551882814649,btc_qm_engine,btc_sha256_elapsed_ns,990.0000000000
1063440,6551882814812,btc_qm_engine,btc_leading_zeros,0.0000000000
1063441,6551882815144,btc_qm_engine,btc_sha256_elapsed_ns,980.0000000000
1063442,6551882815517,btc_qm_engine,btc_sha256_elapsed_ns,1121.0000000000
1063443,6551882815786,btc_qm_engine,btc_sha256_nonce,452400864.0000000000
1063444,6551882815977,btc_qm_engine,btc_sha256_nonce,3511979174.0000000000
1063445,6551882816063,btc_qm_engine,btc_leading_zeros,2.0000000000
1063446,6551882816205,btc_qm_engine,btc_leading_zeros,2.0000000000
1063447,6551882816591,btc_qm_engine,btc_sha256_elapsed_ns,1055.0000000000
1063448,6551882816739,btc_qm_engine,btc_sha256_nonce,2282568288.0000000000
1063449,6551882816969,btc_qm_engine,btc_sha256_nonce,3864289780.0000000000
1063450,6551882817391,btc_qm_engine,btc_sha256_nonce,2564457615.0000000000
1063451,6551882817557,btc_qm_engine,btc_sha256_elapsed_ns,1065.0000000000
1063452,6551882817739,btc_qm_engine,btc_leading_zeros,0.0000000000
1063453,6551882817813,btc_qm_engine,btc_sha256_elapsed_ns,808.0000000000
1063454,6551882817962,btc_qm_engine,btc_leading_zeros,3.0000000000
1063455,6551882818145,btc_qm_engine,btc_sha256_nonce,2322543175.0000000000
1063456,6551882818362,btc_qm_engine,btc_sha256_elapsed_ns,1084.0000000000
1063457,6551882818439,btc_qm_engine,btc_sha256_nonce,2048234812.0000000000
1063458,6551882818625,btc_qm_engine,btc_leading_zeros,0.0000000000
1063459,6551882818717,btc_qm_engine,btc_sha256_elapsed_ns,1038.0000000000
1063460,6551882818916,btc_qm_engine,btc_sha256_nonce,3334560871.0000000000
1063461,6551882819154,btc_qm_engine,btc_leading_zeros,1.0000000000
1063462,6551882819379,btc_qm_engine,btc_sha256_nonce,2521360901.0000000000
1063463,6551882819645,btc_qm_engine,btc_sha256_nonce,116664137.0000000000
1063464,6551882820036,btc_qm_engine,btc_sha256_nonce,694084861.0000000000
1063465,6551882820117,btc_qm_engine,btc_leading_zeros,0.0000000000
1063466,6551882820307,btc_qm_engine,btc_leading_zeros,2.0000000000
1063467,6551882820894,btc_qm_engine,btc_leading_zeros,0.0000000000
1063468,6551882821383,btc_qm_engine,btc_sha256_elapsed_ns,890.0000000000
1063469,6551882821866,btc_qm_engine,btc_sha256_elapsed_ns,996.0000000000
1063470,6551882822316,btc_qm_engine,btc_sha256_nonce,2520732419.0000000000
1063471,6551882822403,btc_qm_engine,btc_leading_zeros,0.0000000000
1063472,6551882822465,btc_qm_engine,btc_sha256_elapsed_ns,729.0000000000
1063473,6551882822772,btc_qm_engine,btc_leading_zeros,0.0000000000
1063474,6551882822848,btc_qm_engine,btc_sha256_elapsed_ns,949.0000000000
1063475,6551882822967,btc_qm_engine,btc_sha256_nonce,2249190004.0000000000
1063476,6551882823046,btc_qm_engine,btc_leading_zeros,0.0000000000
1063477,6551882823113,btc_qm_engine,btc_sha256_elapsed_ns,883.0000000000
1063478,6551882823412,btc_qm_engine,btc_sha256_elapsed_ns,887.0000000000
1063479,6551882823507,btc_qm_engine,btc_sha256_nonce,1927993259.0000000000
1063480,6551882823596,btc_qm_engine,btc_leading_zeros,0.0000000000
1063481,6551882823671,btc_qm_engine,btc_sha256_elapsed_ns,889.0000000000
1063482,6551882824226,btc_qm_engine,btc_sha256_nonce,1864999677.0000000000
1063483,6551882824316,btc_qm_engine,btc_leading_zeros,0.0000000000
1063484,6551882824385,btc_qm_engine,btc_sha256_elapsed_ns,1102.0000000000
1063485,6551882824692,btc_qm_engine,btc_sha256_nonce,3352770829.0000000000
1063486,6551882825008,btc_qm_engine,btc_sha256_nonce,2521506430.0000000000
1063487,6551882825109,btc_qm_engine,btc_leading_zeros,0.0000000000
1063488,6551882825175,btc_qm_engine,btc_sha256_elapsed_ns,1081.0000000000
1063489,6551882825352,btc_qm_engine,btc_sha256_nonce,700193511.0000000000
1063490,6551882825521,btc_qm_engine,btc_leading_zeros,4.0000000000
1063491,6551882825752,btc_qm_engine,btc_leading_zeros,4.0000000000
1063492,6551882825827,btc_qm_engine,btc_sha256_elapsed_ns,1106.0000000000
1063493,6551882825918,btc_qm_engine,btc_sha256_elapsed_ns,997.0000000000
1063494,6551882826023,btc_qm_engine,btc_sha256_elapsed_ns,1113.0000000000
1063495,6551882826438,btc_qm_engine,btc_sha256_nonce,2469540133.0000000000
1063496,6551882826844,btc_qm_engine,btc_leading_zeros,0.0000000000
1063497,6551882826968,btc_qm_engine,btc_sha256_elapsed_ns,1072.0000000000
1063498,6551882827079,btc_qm_engine,btc_sha256_nonce,3515524248.0000000000
1063499,6551882827362,btc_qm_engine,btc_sha256_nonce,4025491197.0000000000
1063500,6551882827781,btc_qm_engine,btc_leading_zeros,1.0000000000
1063501,6551882828119,btc_qm_engine,btc_sha256_nonce,2710002807.0000000000
1063502,6551882828553,btc_qm_engine,btc_leading_zeros,0.0000000000
1063503,6551882828790,btc_qm_engine,btc_sha256_nonce,2525116607.0000000000
1063504,6551882828917,btc_qm_engine,btc_leading_zeros,4.0000000000
1063505,6551882829270,btc_qm_engine,btc_leading_zeros,0.0000000000
1063506,6551882829425,btc_qm_engine,btc_leading_zeros,0.0000000000
1063507,6551882829502,btc_qm_engine,btc_sha256_elapsed_ns,1134.0000000000
1063508,6551882829791,btc_qm_engine,btc_sha256_elapsed_ns,1057.0000000000
1063509,6551882830200,btc_qm_engine,btc_sha256_elapsed_ns,755.0000000000
1063510,6551882830584,btc_qm_engine,btc_sha256_elapsed_ns,1075.0000000000
1063511,6551882831476,btc_qm_engine,btc_sha256_nonce,161021233.0000000000
1063512,6551882831543,btc_qm_engine,btc_leading_zeros,4.0000000000
1063513,6551882831619,btc_qm_engine,btc_sha256_elapsed_ns,915.0000000000
1063514,6551882831931,btc_qm_engine,btc_sha256_nonce,1461615558.0000000000
1063515,6551882832270,btc_qm_engine,btc_sha256_nonce,823160387.0000000000
1063516,6551882832710,btc_qm_engine,btc_sha256_nonce,3353220822.0000000000
1063517,6551882832948,btc_qm_engine,btc_sha256_nonce,730663970.0000000000
1063518,6551882833637,btc_qm_engine,btc_sha256_nonce,1618119569.0000000000
1063519,6551882833691,btc_qm_engine,btc_leading_zeros,1.0000000000
1063520,6551882833774,btc_qm_engine,btc_sha256_elapsed_ns,918.0000000000
1063521,6551882833934,btc_qm_engine,btc_leading_zeros,4.0000000000
1063522,6551882834010,btc_qm_engine,btc_sha256_elapsed_ns,1114.0000000000
1063523,6551882834270,btc_qm_engine,btc_leading_zeros,4.0000000000
1063524,6551882834374,btc_qm_engine,btc_sha256_nonce,4072121704.0000000000
1063525,6551882834453,btc_qm_engine,btc_leading_zeros,0.0000000000
1063526,6551882834519,btc_qm_engine,btc_sha256_elapsed_ns,1106.0000000000
1063527,6551882834647,btc_qm_engine,btc_sha256_elapsed_ns,975.0000000000
1063528,6551882835013,btc_qm_engine,btc_sha256_nonce,2780442481.0000000000
1063529,6551882835394,btc_qm_engine,btc_sha256_nonce,4093338247.0000000000
1063530,6551882835627,btc_qm_engine,btc_leading_zeros,0.0000000000
1063531,6551882835799,btc_qm_engine,btc_sha256_nonce,3468590466.0000000000
1063532,6551882835957,btc_qm_engine,btc_sha256_nonce,2334782215.0000000000
1063533,6551882836084,btc_qm_engine,btc_leading_zeros,0.0000000000
1063534,6551882836340,btc_qm_engine,btc_leading_zeros,1.0000000000
1063535,6551882836457,btc_qm_engine,btc_sha256_elapsed_ns,783.0000000000
1063536,6551882836707,btc_qm_engine,btc_leading_zeros,0.0000000000
1063537,6551882836872,btc_qm_engine,btc_sha256_elapsed_ns,1008.0000000000
1063538,6551882837199,btc_qm_engine,btc_sha256_elapsed_ns,963.0000000000
1063539,6551882837472,btc_qm_engine,btc_sha256_nonce,4044224480.0000000000
1063540,6551882837558,btc_qm_engine,btc_leading_zeros,0.0000000000
1063541,6551882837646,btc_qm_engine,btc_sha256_elapsed_ns,761.0000000000
1063542,6551882838230,btc_qm_engine,btc_sha256_elapsed_ns,1072.0000000000
1063543,6551882838384,btc_qm_engine,btc_sha256_nonce,1621394426.0000000000
1063544,6551882838462,btc_qm_engine,btc_leading_zeros,0.0000000000
1063545,6551882838533,btc_qm_engine,btc_sha256_elapsed_ns,981.0000000000
1063546,6551882838854,btc_qm_engine,btc_leading_zeros,0.0000000000
1063547,6551882839038,btc_qm_engine,btc_sha256_nonce,2423527399.0000000000
1063548,6551882839399,btc_qm_engine,btc_sha256_nonce,1849371235.0000000000
1063549,6551882839757,btc_qm_engine,btc_leading_zeros,0.0000000000
1063550,6551882840195,btc_qm_engine,btc_sha256_nonce,2674066963.0000000000
1063551,6551882840424,btc_qm_engine,btc_leading_zeros,0.0000000000
1063552,6551882841262,btc_qm_engine,btc_sha256_nonce,2532182497.0000000000
1063553,6551882841427,btc_qm_engine,btc_sha256_elapsed_ns,1040.0000000000
1063554,6551882841888,btc_qm_engine,btc_leading_zeros,2.0000000000
1063555,6551882841970,btc_qm_engine,btc_sha256_elapsed_ns,1079.0000000000
1063556,6551882842514,btc_qm_engine,btc_sha256_nonce,3562927843.0000000000
1063557,6551882842568,btc_qm_engine,btc_leading_zeros,0.0000000000
1063558,6551882842638,btc_qm_engine,btc_sha256_elapsed_ns,747.0000000000
1063559,6551882843265,btc_qm_engine,btc_sha256_nonce,449221161.0000000000
1063560,6551882843344,btc_qm_engine,btc_leading_zeros,2.0000000000
1063561,6551882843438,btc_qm_engine,btc_sha256_elapsed_ns,1046.0000000000
1063562,6551882843545,btc_qm_engine,btc_leading_zeros,1.0000000000
1063563,6551882843659,btc_qm_engine,btc_sha256_elapsed_ns,1105.0000000000
1063564,6551882843854,btc_qm_engine,btc_sha256_elapsed_ns,947.0000000000
1063565,6551882844200,btc_qm_engine,btc_sha256_nonce,2731652965.0000000000
1063566,6551882844577,btc_qm_engine,btc_leading_zeros,2.0000000000
1063567,6551882844666,btc_qm_engine,btc_sha256_elapsed_ns,862.0000000000
1063568,6551882844985,btc_qm_engine,btc_sha256_nonce,1162687318.0000000000
1063569,6551882845091,btc_qm_engine,btc_leading_zeros,0.0000000000
1063570,6551882845146,btc_qm_engine,btc_sha256_elapsed_ns,1013.0000000000
1063571,6551882845262,btc_qm_engine,btc_leading_zeros,0.0000000000
1063572,6551882845385,btc_qm_engine,btc_sha256_nonce,1798661758.0000000000
1063573,6551882845453,btc_qm_engine,btc_leading_zeros,0.0000000000
1063574,6551882845513,btc_qm_engine,btc_sha256_elapsed_ns,953.0000000000
1063575,6551882845827,btc_qm_engine,btc_sha256_elapsed_ns,1107.0000000000
1063576,6551882846374,btc_qm_engine,btc_sha256_nonce,2161218505.0000000000
1063577,6551882846550,btc_qm_engine,btc_leading_zeros,0.0000000000
1063578,6551882846933,btc_qm_engine,btc_sha256_nonce,2195193108.0000000000
1063579,6551882847121,btc_qm_engine,btc_sha256_nonce,863763523.0000000000
1063580,6551882847201,btc_qm_engine,btc_leading_zeros,2.0000000000
1063581,6551882847279,btc_qm_engine,btc_sha256_elapsed_ns,1016.0000000000
1063582,6551882847435,btc_qm_engine,btc_sha256_elapsed_ns,737.0000000000
1063583,6551882847838,btc_qm_engine,btc_leading_zeros,0.0000000000
1063584,6551882847912,btc_qm_engine,btc_sha256_elapsed_ns,747.0000000000
1063585,6551882848280,btc_qm_engine,btc_sha256_nonce,863857223.0000000000
1063586,6551882848352,btc_qm_engine,btc_leading_zeros,0.0000000000
1063587,6551882848427,btc_qm_engine,btc_sha256_elapsed_ns,777.0000000000
1063588,6551882848685,btc_qm_engine,btc_sha256_nonce,501227460.0000000000
1063589,6551882848752,btc_qm_engine,btc_leading_zeros,1.0000000000
1063590,6551882848804,btc_qm_engine,btc_sha256_elapsed_ns,781.0000000000
1063591,6551882849005,btc_qm_engine,btc_sha256_nonce,2537576785.0000000000
1063592,6551882849082,btc_qm_engine,btc_leading_zeros,1.0000000000
1063593,6551882849154,btc_qm_engine,btc_sha256_elapsed_ns,1104.0000000000
1063594,6551882849226,btc_qm_engine,btc_sha256_nonce,2526874433.0000000000
1063595,6551882849301,btc_qm_engine,btc_leading_zeros,3.0000000000
1063596,6551882849373,btc_qm_engine,btc_sha256_elapsed_ns,1085.0000000000
1063597,6551882849529,btc_qm_engine,btc_sha256_elapsed_ns,1040.0000000000
1063598,6551882849852,btc_qm_engine,btc_sha256_nonce,3816150374.0000000000
1063599,6551882850182,btc_qm_engine,btc_leading_zeros,1.0000000000
1063600,6551882850258,btc_qm_engine,btc_sha256_elapsed_ns,831.0000000000
1063601,6551882850332,btc_qm_engine,btc_sha256_nonce,2289707950.0000000000
1063602,6551882850484,btc_qm_engine,btc_sha256_nonce,1613204536.0000000000
1063603,6551882850562,btc_qm_engine,btc_leading_zeros,0.0000000000
1063604,6551882850715,btc_qm_engine,btc_sha256_nonce,3241610581.0000000000
1063605,6551882851030,btc_qm_engine,btc_sha256_nonce,905947883.0000000000
1063606,6551882851250,btc_qm_engine,btc_sha256_nonce,3353707442.0000000000
1063607,6551882851735,btc_qm_engine,btc_sha256_nonce,3655161703.0000000000
1063608,6551882851915,btc_qm_engine,btc_sha256_nonce,905399253.0000000000
1063609,6551882852435,btc_qm_engine,btc_leading_zeros,0.0000000000
1063610,6551882852625,btc_qm_engine,btc_leading_zeros,0.0000000000
1063611,6551882852703,btc_qm_engine,btc_sha256_elapsed_ns,743.0000000000
1063612,6551882853179,btc_qm_engine,btc_leading_zeros,3.0000000000
1063613,6551882853248,btc_qm_engine,btc_sha256_elapsed_ns,1051.0000000000
1063614,6551882853525,btc_qm_engine,btc_sha256_elapsed_ns,1078.0000000000
1063615,6551882853769,btc_qm_engine,btc_leading_zeros,0.0000000000
1063616,6551882854138,btc_qm_engine,btc_sha256_nonce,2015219943.0000000000
1063617,6551882854262,btc_qm_engine,btc_sha256_elapsed_ns,990.0000000000
1063618,6551882854461,btc_qm_engine,btc_leading_zeros,1.0000000000
1063619,6551882854862,btc_qm_engine,btc_sha256_elapsed_ns,752.0000000000
1063620,6551882855078,btc_qm_engine,btc_sha256_nonce,2903167330.0000000000
1063621,6551882855444,btc_qm_engine,btc_leading_zeros,2.0000000000
1063622,6551882855528,btc_qm_engine,btc_sha256_nonce,3862441952.0000000000
1063623,6551882855722,btc_qm_engine,btc_leading_zeros,0.0000000000
1063624,6551882855805,btc_qm_engine,btc_sha256_elapsed_ns,764.0000000000
1063625,6551882855992,btc_qm_engine,btc_sha256_nonce,3352693263.0000000000
1063626,6551882856079,btc_qm_engine,btc_leading_zeros,2.0000000000
1063627,6551882856143,btc_qm_engine,btc_sha256_elapsed_ns,829.0000000000
1063628,6551882856346,btc_qm_engine,btc_sha256_nonce,1707700451.0000000000
1063629,6551882856461,btc_qm_engine,btc_leading_zeros,0.0000000000
1063630,6551882856530,btc_qm_engine,btc_sha256_elapsed_ns,1063.0000000000
1063631,6551882856770,btc_qm_engine,btc_leading_zeros,0.0000000000
1063632,6551882856847,btc_qm_engine,btc_sha256_elapsed_ns,1060.0000000000
1063633,6551882857215,btc_qm_engine,btc_sha256_nonce,1624130539.0000000000
1063634,6551882857302,btc_qm_engine,btc_leading_zeros,0.0000000000
1063635,6551882857353,btc_qm_engine,btc_sha256_elapsed_ns,827.0000000000
1063636,6551882857473,btc_qm_engine,btc_sha256_nonce,372069168.0000000000
1063637,6551882857853,btc_qm_engine,btc_leading_zeros,0.0000000000
1063638,6551882857909,btc_qm_engine,btc_sha256_elapsed_ns,734.0000000000
1063639,6551882858053,btc_qm_engine,btc_sha256_elapsed_ns,826.0000000000
1063640,6551882858383,btc_qm_engine,btc_sha256_nonce,276683303.0000000000
1063641,6551882858642,btc_qm_engine,btc_sha256_nonce,205506359.0000000000
1063642,6551882858747,btc_qm_engine,btc_sha256_elapsed_ns,1070.0000000000
1063643,6551882858928,btc_qm_engine,btc_leading_zeros,3.0000000000
1063644,6551882859134,btc_qm_engine,btc_leading_zeros,0.0000000000
1063645,6551882859393,btc_qm_engine,btc_sha256_nonce,958356984.0000000000
1063646,6551882859472,btc_qm_engine,btc_leading_zeros,1.0000000000
1063647,6551882859530,btc_qm_engine,btc_sha256_elapsed_ns,3327.0000000000
1063648,6551882859751,btc_qm_engine,btc_sha256_elapsed_ns,1004.0000000000
1063649,6551882859927,btc_qm_engine,btc_sha256_nonce,2920744401.0000000000
1063650,6551882860242,btc_qm_engine,btc_sha256_nonce,2853503674.0000000000
1063651,6551882860315,btc_qm_engine,btc_leading_zeros,0.0000000000
1063652,6551882860383,btc_qm_engine,btc_sha256_elapsed_ns,962.0000000000
1063653,6551882860952,btc_qm_engine,btc_sha256_nonce,1656643485.0000000000
1063654,6551882861322,btc_qm_engine,btc_leading_zeros,4.0000000000
1063655,6551882861657,btc_qm_engine,btc_sha256_nonce,3655953939.0000000000
1063656,6551882862262,btc_qm_engine,btc_leading_zeros,1.0000000000
1063657,6551882862400,btc_qm_engine,btc_leading_zeros,0.0000000000
1063658,6551882862824,btc_qm_engine,btc_sha256_elapsed_ns,1118.0000000000
1063659,6551882862984,btc_qm_engine,btc_sha256_elapsed_ns,1063.0000000000
1063660,6551882863196,btc_qm_engine,btc_sha256_nonce,2755197043.0000000000
1063661,6551882863338,btc_qm_engine,btc_sha256_elapsed_ns,1114.0000000000
1063662,6551882863607,btc_qm_engine,btc_leading_zeros,1.0000000000
1063663,6551882863703,btc_qm_engine,btc_sha256_elapsed_ns,1022.0000000000
1063664,6551882864195,btc_qm_engine,btc_sha256_nonce,2282401154.0000000000
1063665,6551882864297,btc_qm_engine,btc_sha256_nonce,3320250751.0000000000
1063666,6551882864378,btc_qm_engine,btc_leading_zeros,0.0000000000
1063667,6551882864455,btc_qm_engine,btc_sha256_elapsed_ns,990.0000000000
1063668,6551882864561,btc_qm_engine,btc_leading_zeros,0.0000000000
1063669,6551882864773,btc_qm_engine,btc_sha256_elapsed_ns,820.0000000000
1063670,6551882865091,btc_qm_engine,btc_sha256_nonce,693646106.0000000000
1063671,6551882865512,btc_qm_engine,btc_sha256_elapsed_ns,831.0000000000
1063672,6551882865712,btc_qm_engine,btc_sha256_nonce,2577942633.0000000000
1063673,6551882866237,btc_qm_engine,btc_leading_zeros,1.0000000000
1063674,6551882866464,btc_qm_engine,btc_sha256_nonce,227740956.0000000000
1063675,6551882867058,btc_qm_engine,btc_sha256_nonce,3844657637.0000000000
1063676,6551882867267,btc_qm_engine,btc_leading_zeros,0.0000000000
1063677,6551882867401,btc_qm_engine,btc_leading_zeros,3.0000000000
1063678,6551882867472,btc_qm_engine,btc_sha256_elapsed_ns,1109.0000000000
1063679,6551882867709,btc_qm_engine,btc_leading_zeros,3.0000000000
1063680,6551882868127,btc_qm_engine,btc_leading_zeros,0.0000000000
1063681,6551882868403,btc_qm_engine,btc_sha256_elapsed_ns,1096.0000000000
1063682,6551882868516,btc_qm_engine,btc_sha256_nonce,3109360692.0000000000
1063683,6551882868702,btc_qm_engine,btc_sha256_elapsed_ns,1045.0000000000
1063684,6551882869216,btc_qm_engine,btc_sha256_elapsed_ns,1050.0000000000
1063685,6551882869389,btc_qm_engine,btc_sha256_nonce,4286070972.0000000000
1063686,6551882869457,btc_qm_engine,btc_leading_zeros,4.0000000000
1063687,6551882869545,btc_qm_engine,btc_sha256_elapsed_ns,734.0000000000
1063688,6551882869634,btc_qm_engine,btc_leading_zeros,0.0000000000
1063689,6551882870064,btc_qm_engine,btc_sha256_elapsed_ns,787.0000000000
1063690,6551882870308,btc_qm_engine,btc_sha256_elapsed_ns,1053.0000000000
1063691,6551882870638,btc_qm_engine,btc_sha256_nonce,2521308509.0000000000
1063692,6551882870857,btc_qm_engine,btc_sha256_nonce,693337172.0000000000
1063693,6551882871129,btc_qm_engine,btc_sha256_nonce,1054780931.0000000000
1063694,6551882871268,btc_qm_engine,btc_leading_zeros,1.0000000000
1063695,6551882871466,btc_qm_engine,btc_leading_zeros,3.0000000000
1063696,6551882871539,btc_qm_engine,btc_sha256_elapsed_ns,836.0000000000
1063697,6551882871630,btc_qm_engine,btc_leading_zeros,0.0000000000
1063698,6551882872096,btc_qm_engine,btc_sha256_nonce,1988813918.0000000000
1063699,6551882872356,btc_qm_engine,btc_sha256_elapsed_ns,924.0000000000
1063700,6551882872535,btc_qm_engine,btc_leading_zeros,0.0000000000
1063701,6551882873123,btc_qm_engine,btc_sha256_nonce,249290049.0000000000
1063702,6551882873578,btc_qm_engine,btc_sha256_nonce,918966304.0000000000
1063703,6551882873730,btc_qm_engine,btc_leading_zeros,0.0000000000
1063704,6551882873815,btc_qm_engine,btc_sha256_elapsed_ns,1022.0000000000
1063705,6551882873962,btc_qm_engine,btc_sha256_nonce,687373793.0000000000
1063706,6551882874203,btc_qm_engine,btc_sha256_elapsed_ns,1091.0000000000
1063707,6551882874445,btc_qm_engine,btc_leading_zeros,1.0000000000
1063708,6551882874626,btc_qm_engine,btc_leading_zeros,1.0000000000
1063709,6551882874848,btc_qm_engine,btc_sha256_elapsed_ns,1002.0000000000
1063710,6551882875035,btc_qm_engine,btc_sha256_nonce,3730508366.0000000000
1063711,6551882875108,btc_qm_engine,btc_leading_zeros,1.0000000000
1063712,6551882875180,btc_qm_engine,btc_sha256_elapsed_ns,997.0000000000
1063713,6551882875403,btc_qm_engine,btc_sha256_elapsed_ns,973.0000000000
1063714,6551882875788,btc_qm_engine,btc_sha256_elapsed_ns,928.0000000000
1063715,6551882875989,btc_qm_engine,btc_sha256_nonce,3193620997.0000000000
1063716,6551882876373,btc_qm_engine,btc_sha256_nonce,545049722.0000000000
1063717,6551882876578,btc_qm_engine,btc_sha256_nonce,2754209925.0000000000
1063718,6551882876685,btc_qm_engine,btc_leading_zeros,0.0000000000
1063719,6551882877119,btc_qm_engine,btc_sha256_nonce,3748303322.0000000000
1063720,6551882877203,btc_qm_engine,btc_leading_zeros,2.0000000000
1063721,6551882877288,btc_qm_engine,btc_sha256_elapsed_ns,1090.0000000000
1063722,6551882877463,btc_qm_engine,btc_leading_zeros,0.0000000000
1063723,6551882877999,btc_qm_engine,btc_sha256_nonce,3352997651.0000000000
1063724,6551882878510,btc_qm_engine,btc_sha256_elapsed_ns,1080.0000000000
1063725,6551882878620,btc_qm_engine,btc_sha256_nonce,2745729833.0000000000
1063726,6551882878958,btc_qm_engine,btc_sha256_nonce,1981791856.0000000000
1063727,6551882879217,btc_qm_engine,btc_leading_zeros,1.0000000000
1063728,6551882879286,btc_qm_engine,btc_sha256_elapsed_ns,1064.0000000000
1063729,6551882879467,btc_qm_engine,btc_leading_zeros,0.0000000000
1063730,6551882879883,btc_qm_engine,btc_sha256_nonce,694180374.0000000000
1063731,6551882880190,btc_qm_engine,btc_leading_zeros,1.0000000000
1063732,6551882880274,btc_qm_engine,btc_sha256_elapsed_ns,1077.0000000000
1063733,6551882880634,btc_qm_engine,btc_sha256_nonce,1729965023.0000000000
1063734,6551882880708,btc_qm_engine,btc_leading_zeros,0.0000000000
1063735,6551882881053,btc_qm_engine,btc_sha256_nonce,4289838813.0000000000
1063736,6551882881255,btc_qm_engine,btc_leading_zeros,4.0000000000
1063737,6551882881765,btc_qm_engine,btc_sha256_elapsed_ns,1083.0000000000
1063738,6551882881939,btc_qm_engine,btc_sha256_elapsed_ns,855.0000000000
1063739,6551882882079,btc_qm_engine,btc_sha256_nonce,715100030.0000000000
1063740,6551882882172,btc_qm_engine,btc_sha256_elapsed_ns,1071.0000000000
1063741,6551882882372,btc_qm_engine,btc_leading_zeros,2.0000000000
1063742,6551882882777,btc_qm_engine,btc_sha256_elapsed_ns,1070.0000000000
1063743,6551882882914,btc_qm_engine,btc_leading_zeros,0.0000000000
1063744,6551882883184,btc_qm_engine,btc_sha256_nonce,3353232873.0000000000
1063745,6551882883281,btc_qm_engine,btc_leading_zeros,1.0000000000
1063746,6551882883524,btc_qm_engine,btc_sha256_nonce,2103252653.0000000000
1063747,6551882883600,btc_qm_engine,btc_leading_zeros,2.0000000000
1063748,6551882883718,btc_qm_engine,btc_sha256_elapsed_ns,753.0000000000
1063749,6551882883961,btc_qm_engine,btc_sha256_elapsed_ns,1098.0000000000
1063750,6551882884181,btc_qm_engine,btc_sha256_elapsed_ns,1006.0000000000
1063751,6551882884968,btc_qm_engine,btc_sha256_nonce,2209176255.0000000000
1063752,6551882885147,btc_qm_engine,btc_sha256_nonce,3353259969.0000000000
1063753,6551882885545,btc_qm_engine,btc_leading_zeros,1.0000000000
1063754,6551882885599,btc_qm_engine,btc_sha256_elapsed_ns,768.0000000000
1063755,6551882885839,btc_qm_engine,btc_leading_zeros,0.0000000000
1063756,6551882886143,btc_qm_engine,btc_sha256_nonce,942436420.0000000000
1063757,6551882886266,btc_qm_engine,btc_sha256_elapsed_ns,1000.0000000000
1063758,6551882886441,btc_qm_engine,btc_leading_zeros,2.0000000000
1063759,6551882886511,btc_qm_engine,btc_sha256_elapsed_ns,809.0000000000
1063760,6551882886624,btc_qm_engine,btc_sha256_nonce,4056115292.0000000000
1063761,6551882886695,btc_qm_engine,btc_leading_zeros,0.0000000000
1063762,6551882886745,btc_qm_engine,btc_sha256_elapsed_ns,709.0000000000
1063763,6551882887455,btc_qm_engine,btc_sha256_nonce,3170730965.0000000000
1063764,6551882887552,btc_qm_engine,btc_leading_zeros,0.0000000000
1063765,6551882887622,btc_qm_engine,btc_sha256_elapsed_ns,956.0000000000
1063766,6551882887881,btc_qm_engine,btc_sha256_nonce,1715816575.0000000000
1063767,6551882888383,btc_qm_engine,btc_sha256_nonce,3567329470.0000000000
1063768,6551882888575,btc_qm_engine,btc_leading_zeros,0.0000000000
1063769,6551882888803,btc_qm_engine,btc_leading_zeros,0.0000000000
1063770,6551882888959,btc_qm_engine,btc_sha256_elapsed_ns,805.0000000000
1063771,6551882889175,btc_qm_engine,btc_sha256_elapsed_ns,943.0000000000
1063772,6551882889598,btc_qm_engine,btc_sha256_nonce,1470331232.0000000000
1063773,6551882890193,btc_qm_engine,btc_sha256_elapsed_ns,1102.0000000000
1063774,6551882890412,btc_qm_engine,btc_leading_zeros,1.0000000000
1063775,6551882890506,btc_qm_engine,btc_sha256_elapsed_ns,962.0000000000
1063776,6551882890599,btc_qm_engine,btc_sha256_nonce,3357703497.0000000000
1063777,6551882890721,btc_qm_engine,btc_sha256_nonce,1146904997.0000000000
1063778,6551882890792,btc_qm_engine,btc_leading_zeros,1.0000000000
1063779,6551882890875,btc_qm_engine,btc_sha256_elapsed_ns,934.0000000000
1063780,6551882891125,btc_qm_engine,btc_sha256_nonce,3628093911.0000000000
1063781,6551882891598,btc_qm_engine,btc_sha256_nonce,325613533.0000000000
1063782,6551882891816,btc_qm_engine,btc_leading_zeros,2.0000000000
1063783,6551882892063,btc_qm_engine,btc_sha256_nonce,204976518.0000000000
1063784,6551882892152,btc_qm_engine,btc_leading_zeros,1.0000000000
1063785,6551882892641,btc_qm_engine,btc_leading_zeros,1.0000000000
1063786,6551882892786,btc_qm_engine,btc_sha256_elapsed_ns,985.0000000000
1063787,6551882892980,btc_qm_engine,btc_sha256_nonce,1690031976.0000000000
1063788,6551882893058,btc_qm_engine,btc_leading_zeros,0.0000000000
1063789,6551882893127,btc_qm_engine,btc_sha256_elapsed_ns,952.0000000000
1063790,6551882893666,btc_qm_engine,btc_leading_zeros,0.0000000000
1063791,6551882893824,btc_qm_engine,btc_sha256_nonce,1071805659.0000000000
1063792,6551882894117,btc_qm_engine,btc_sha256_elapsed_ns,1040.0000000000
1063793,6551882894290,btc_qm_engine,btc_leading_zeros,0.0000000000
1063794,6551882894426,btc_qm_engine,btc_sha256_nonce,2102955321.0000000000
1063795,6551882894510,btc_qm_engine,btc_leading_zeros,0.0000000000
1063796,6551882894578,btc_qm_engine,btc_sha256_elapsed_ns,1051.0000000000
1063797,6551882894745,btc_qm_engine,btc_sha256_elapsed_ns,775.0000000000
1063798,6551882895232,btc_qm_engine,btc_sha256_elapsed_ns,929.0000000000
1063799,6551882895881,btc_qm_engine,btc_sha256_nonce,2303177965.0000000000
1063800,6551882895969,btc_qm_engine,btc_leading_zeros,1.0000000000
1063801,6551882896040,btc_qm_engine,btc_sha256_elapsed_ns,1002.0000000000
1063802,6551882896338,btc_qm_engine,btc_sha256_nonce,1821828543.0000000000
1063803,6551882896415,btc_qm_engine,btc_leading_zeros,1.0000000000
1063804,6551882896498,btc_qm_engine,btc_sha256_elapsed_ns,1098.0000000000
1063805,6551882896661,btc_qm_engine,btc_sha256_nonce,1072398997.0000000000
1063806,6551882896950,btc_qm_engine,btc_sha256_nonce,2172814653.0000000000
1063807,6551882897079,btc_qm_engine,btc_leading_zeros,0.0000000000
1063808,6551882897154,btc_qm_engine,btc_sha256_elapsed_ns,812.0000000000
1063809,6551882897348,btc_qm_engine,btc_leading_zeros,0.0000000000
1063810,6551882897576,btc_qm_engine,btc_sha256_nonce,571374388.0000000000
1063811,6551882897675,btc_qm_engine,btc_leading_zeros,1.0000000000
1063812,6551882897764,btc_qm_engine,btc_sha256_elapsed_ns,1117.0000000000
1063813,6551882897878,btc_qm_engine,btc_sha256_nonce,1230129797.0000000000
1063814,6551882898009,btc_qm_engine,btc_sha256_elapsed_ns,1095.0000000000
1063815,6551882898162,btc_qm_engine,btc_sha256_nonce,2959566961.0000000000
1063816,6551882898357,btc_qm_engine,btc_sha256_elapsed_ns,838.0000000000
1063817,6551882898836,btc_qm_engine,btc_leading_zeros,0.0000000000
1063818,6551882899034,btc_qm_engine,btc_sha256_elapsed_ns,1079.0000000000
1063819,6551882899529,btc_qm_engine,btc_sha256_nonce,1722594839.0000000000
1063820,6551882899658,btc_qm_engine,btc_sha256_nonce,3962994793.0000000000
1063821,6551882899741,btc_qm_engine,btc_leading_zeros,2.0000000000
1063822,6551882899813,btc_qm_engine,btc_sha256_elapsed_ns,1119.0000000000
1063823,6551882900016,btc_qm_engine,btc_leading_zeros,0.0000000000
1063824,6551882900344,btc_qm_engine,btc_sha256_elapsed_ns,1084.0000000000
1063825,6551882900805,btc_qm_engine,btc_sha256_nonce,600576932.0000000000
1063826,6551882900881,btc_qm_engine,btc_leading_zeros,2.0000000000
1063827,6551882900958,btc_qm_engine,btc_sha256_elapsed_ns,1034.0000000000
1063828,6551882901126,btc_qm_engine,btc_leading_zeros,0.0000000000
1063829,6551882901288,btc_qm_engine,btc_sha256_elapsed_ns,1093.0000000000
1063830,6551882901518,btc_qm_engine,btc_sha256_elapsed_ns,1064.0000000000
1063831,6551882901724,btc_qm_engine,btc_sha256_nonce,3519591790.0000000000
1063832,6551882901839,btc_qm_engine,btc_leading_zeros,0.0000000000
1063833,6551882902021,btc_qm_engine,btc_sha256_nonce,2520536843.0000000000
1063834,6551882902271,btc_qm_engine,btc_sha256_nonce,693402441.0000000000
1063835,6551882902350,btc_qm_engine,btc_leading_zeros,0.0000000000
1063836,6551882902407,btc_qm_engine,btc_sha256_elapsed_ns,1054.0000000000
1063837,6551882902668,btc_qm_engine,btc_sha256_nonce,680427150.0000000000
1063838,6551882902764,btc_qm_engine,btc_leading_zeros,0.0000000000
1063839,6551882902845,btc_qm_engine,btc_sha256_elapsed_ns,1117.0000000000
1063840,6551882903097,btc_qm_engine,btc_sha256_nonce,2455373685.0000000000
1063841,6551882903176,btc_qm_engine,btc_leading_zeros,0.0000000000
1063842,6551882903245,btc_qm_engine,btc_sha256_elapsed_ns,1010.0000000000
1063843,6551882903475,btc_qm_engine,btc_sha256_elapsed_ns,1047.0000000000
1063844,6551882903685,btc_qm_engine,btc_leading_zeros,1.0000000000
1063845,6551882903887,btc_qm_engine,btc_sha256_nonce,4251931758.0000000000
1063846,6551882903961,btc_qm_engine,btc_leading_zeros,2.0000000000
1063847,6551882904014,btc_qm_engine,btc_sha256_elapsed_ns,878.0000000000
1063848,6551882904148,btc_qm_engine,btc_sha256_elapsed_ns,757.0000000000
1063849,6551882904988,btc_qm_engine,btc_sha256_nonce,1191658084.0000000000
1063850,6551882905233,btc_qm_engine,btc_sha256_nonce,4044824980.0000000000
1063851,6551882905505,btc_qm_engine,btc_sha256_nonce,3886577723.0000000000
1063852,6551882905917,btc_qm_engine,btc_sha256_nonce,4119589680.0000000000
1063853,6551882906385,btc_qm_engine,btc_sha256_nonce,3125877243.0000000000
1063854,6551882906705,btc_qm_engine,btc_leading_zeros,0.0000000000
1063855,6551882906958,btc_qm_engine,btc_leading_zeros,3.0000000000
1063856,6551882907454,btc_qm_engine,btc_leading_zeros,1.0000000000
1063857,6551882907556,btc_qm_engine,btc_leading_zeros,1.0000000000
1063858,6551882907713,btc_qm_engine,btc_leading_zeros,0.0000000000
1063859,6551882907941,btc_qm_engine,btc_sha256_elapsed_ns,1118.0000000000
1063860,6551882908278,btc_qm_engine,btc_sha256_elapsed_ns,1010.0000000000
1063861,6551882908531,btc_qm_engine,btc_leading_zeros,0.0000000000
1063862,6551882909056,btc_qm_engine,btc_sha256_elapsed_ns,771.0000000000
1063863,6551882909194,btc_qm_engine,btc_sha256_elapsed_ns,1082.0000000000
1063864,6551882909351,btc_qm_engine,btc_sha256_nonce,2102548133.0000000000
1063865,6551882909444,btc_qm_engine,btc_leading_zeros,4.0000000000
1063866,6551882909515,btc_qm_engine,btc_sha256_elapsed_ns,1125.0000000000
1063867,6551882910465,btc_qm_engine,btc_sha256_nonce,1298412818.0000000000
1063868,6551882910799,btc_qm_engine,btc_sha256_nonce,1920566461.0000000000
1063869,6551882911206,btc_qm_engine,btc_sha256_nonce,2668848216.0000000000
1063870,6551882911448,btc_qm_engine,btc_leading_zeros,3.0000000000
1063871,6551882911569,btc_qm_engine,btc_sha256_elapsed_ns,1116.0000000000
1063872,6551882911905,btc_qm_engine,btc_sha256_nonce,862995402.0000000000
1063873,6551882912544,btc_qm_engine,btc_leading_zeros,0.0000000000
1063874,6551882912622,btc_qm_engine,btc_sha256_elapsed_ns,1086.0000000000
1063875,6551882912950,btc_qm_engine,btc_leading_zeros,1.0000000000
1063876,6551882913024,btc_qm_engine,btc_sha256_elapsed_ns,1066.0000000000
1063877,6551882913488,btc_qm_engine,btc_sha256_elapsed_ns,780.0000000000
1063878,6551882914108,btc_qm_engine,btc_sha256_nonce,3216622603.0000000000
1063879,6551882914358,btc_qm_engine,btc_sha256_nonce,3129527865.0000000000
1063880,6551882914523,btc_qm_engine,btc_leading_zeros,0.0000000000
1063881,6551882914896,btc_qm_engine,btc_sha256_nonce,863368170.0000000000
1063882,6551882914976,btc_qm_engine,btc_leading_zeros,2.0000000000
1063883,6551882915173,btc_qm_engine,btc_sha256_elapsed_ns,742.0000000000
1063884,6551882915393,btc_qm_engine,btc_sha256_elapsed_ns,1122.0000000000
1063885,6551882915585,btc_qm_engine,btc_leading_zeros,2.0000000000
1063886,6551882915871,btc_qm_engine,btc_sha256_nonce,1461985105.0000000000
1063887,6551882915937,btc_qm_engine,btc_leading_zeros,1.0000000000
1063888,6551882916277,btc_qm_engine,btc_sha256_elapsed_ns,12413.0000000000
1063889,6551882916495,btc_qm_engine,btc_sha256_nonce,4051338281.0000000000
1063890,6551882916611,btc_qm_engine,btc_leading_zeros,0.0000000000
1063891,6551882916751,btc_qm_engine,btc_sha256_nonce,1933692501.0000000000
1063892,6551882916900,btc_qm_engine,btc_sha256_nonce,21036226.0000000000
1063893,6551882916967,btc_qm_engine,btc_leading_zeros,0.0000000000
1063894,6551882917026,btc_qm_engine,btc_sha256_elapsed_ns,815.0000000000
1063895,6551882917127,btc_qm_engine,btc_sha256_elapsed_ns,1054.0000000000
1063896,6551882917721,btc_qm_engine,btc_leading_zeros,0.0000000000
1063897,6551882917808,btc_qm_engine,btc_sha256_elapsed_ns,1002.0000000000
1063898,6551882918061,btc_qm_engine,btc_sha256_elapsed_ns,747.0000000000
1063899,6551882918239,btc_qm_engine,btc_sha256_nonce,445130080.0000000000
1063900,6551882918590,btc_qm_engine,btc_sha256_nonce,1244147270.0000000000
1063901,6551882918744,btc_qm_engine,btc_leading_zeros,0.0000000000
1063902,6551882940840,btc_qm_engine,btc_leading_zeros,1.0000000000
1063903,6551882941062,btc_qm_engine,btc_sha256_nonce,1890088007.0000000000
1063904,6551882941403,btc_qm_engine,btc_leading_zeros,1.0000000000
1063905,6551882941633,btc_qm_engine,btc_sha256_elapsed_ns,914.0000000000
1063906,6551882942270,btc_qm_engine,btc_leading_zeros,0.0000000000
1063907,6551882942512,btc_qm_engine,btc_sha256_nonce,841058123.0000000000
1063908,6551882942659,btc_qm_engine,btc_sha256_elapsed_ns,1102.0000000000
1063909,6551882942799,btc_qm_engine,btc_leading_zeros,1.0000000000
1063910,6551882942869,btc_qm_engine,btc_sha256_elapsed_ns,22807.0000000000
1063911,6551882943510,btc_qm_engine,btc_sha256_nonce,113319749.0000000000
1063912,6551882943584,btc_qm_engine,btc_leading_zeros,0.0000000000
1063913,6551882943698,btc_qm_engine,btc_sha256_elapsed_ns,1034.0000000000
1063914,6551882943948,btc_qm_engine,btc_sha256_elapsed_ns,1028.0000000000
1063915,6551882944229,btc_qm_engine,btc_sha256_elapsed_ns,1014.0000000000
1063916,6551882944410,btc_qm_engine,btc_sha256_nonce,2790652200.0000000000
1063917,6551882944826,btc_qm_engine,btc_sha256_nonce,1287154437.0000000000
1063918,6551882945027,btc_qm_engine,btc_leading_zeros,2.0000000000
1063919,6551882945246,btc_qm_engine,btc_leading_zeros,2.0000000000
1063920,6551882945328,btc_qm_engine,btc_sha256_elapsed_ns,992.0000000000
1063921,6551882945448,btc_qm_engine,btc_sha256_elapsed_ns,796.0000000000
1063922,6551882945717,btc_qm_engine,btc_sha256_nonce,3118096279.0000000000
1063923,6551882945864,btc_qm_engine,btc_sha256_nonce,643654200.0000000000
1063924,6551882946029,btc_qm_engine,btc_sha256_elapsed_ns,939.0000000000
1063925,6551882946406,btc_qm_engine,btc_leading_zeros,1.0000000000
1063926,6551882946551,btc_qm_engine,btc_sha256_nonce,3382527142.0000000000
1063927,6551882947158,btc_qm_engine,btc_leading_zeros,0.0000000000
1063928,6551882947273,btc_qm_engine,btc_sha256_elapsed_ns,906.0000000000
1063929,6551882947408,btc_qm_engine,btc_sha256_nonce,3595600491.0000000000
1063930,6551882947543,btc_qm_engine,btc_sha256_elapsed_ns,945.0000000000
1063931,6551882947718,btc_qm_engine,btc_leading_zeros,1.0000000000
1063932,6551882947785,btc_qm_engine,btc_sha256_elapsed_ns,897.0000000000
1063933,6551882948111,btc_qm_engine,btc_leading_zeros,0.0000000000
1063934,6551882948430,btc_qm_engine,btc_sha256_elapsed_ns,983.0000000000
1063935,6551882948529,btc_qm_engine,btc_sha256_nonce,3757862197.0000000000
1063936,6551882948631,btc_qm_engine,btc_leading_zeros,2.0000000000
1063937,6551882948974,btc_qm_engine,btc_sha256_elapsed_ns,962.0000000000
1063938,6551882949149,btc_qm_engine,btc_sha256_nonce,1201524188.0000000000
1063939,6551882949480,btc_qm_engine,btc_sha256_nonce,2394571269.0000000000
1063940,6551882949659,btc_qm_engine,btc_sha256_nonce,700202725.0000000000
1063941,6551882949929,btc_qm_engine,btc_leading_zeros,0.0000000000
1063942,6551882950149,btc_qm_engine,btc_sha256_nonce,181728158.0000000000
1063943,6551882950285,btc_qm_engine,btc_leading_zeros,0.0000000000
1063944,6551882950360,btc_qm_engine,btc_sha256_elapsed_ns,892.0000000000
1063945,6551882950590,btc_qm_engine,btc_sha256_nonce,3353165689.0000000000
1063946,6551882951253,btc_qm_engine,btc_leading_zeros,0.0000000000
1063947,6551882951310,btc_qm_engine,btc_sha256_elapsed_ns,771.0000000000
1063948,6551882951631,btc_qm_engine,btc_sha256_nonce,1634183074.0000000000
1063949,6551882951704,btc_qm_engine,btc_leading_zeros,1.0000000000
1063950,6551882951762,btc_qm_engine,btc_sha256_elapsed_ns,1047.0000000000
1063951,6551882951870,btc_qm_engine,btc_sha256_nonce,431335715.0000000000
1063952,6551882952249,btc_qm_engine,btc_leading_zeros,1.0000000000
1063953,6551882952317,btc_qm_engine,btc_sha256_elapsed_ns,1039.0000000000
1063954,6551882952441,btc_qm_engine,btc_sha256_nonce,2908110019.0000000000
1063955,6551882952782,btc_qm_engine,btc_leading_zeros,2.0000000000
1063956,6551882952832,btc_qm_engine,btc_sha256_elapsed_ns,916.0000000000
1063957,6551882953039,btc_qm_engine,btc_sha256_nonce,699410687.0000000000
1063958,6551882953115,btc_qm_engine,btc_leading_zeros,0.0000000000
1063959,6551882953182,btc_qm_engine,btc_sha256_elapsed_ns,1030.0000000000
1063960,6551882953519,btc_qm_engine,btc_sha256_nonce,3564843812.0000000000
1063961,6551882953610,btc_qm_engine,btc_leading_zeros,1.0000000000
1063962,6551882953810,btc_qm_engine,btc_leading_zeros,3.0000000000
1063963,6551882954135,btc_qm_engine,btc_sha256_elapsed_ns,30609.0000000000
1063964,6551882954260,btc_qm_engine,btc_sha256_elapsed_ns,999.0000000000
1063965,6551882954562,btc_qm_engine,btc_sha256_elapsed_ns,961.0000000000
1063966,6551882954709,btc_qm_engine,btc_sha256_nonce,1543529533.0000000000
1063967,6551882954791,btc_qm_engine,btc_leading_zeros,3.0000000000
1063968,6551882954859,btc_qm_engine,btc_sha256_elapsed_ns,922.0000000000
1063969,6551882955159,btc_qm_engine,btc_leading_zeros,4.0000000000
1063970,6551882955560,btc_qm_engine,btc_sha256_elapsed_ns,1059.0000000000
1063971,6551882955741,btc_qm_engine,btc_sha256_nonce,2561224110.0000000000
1063972,6551882956108,btc_qm_engine,btc_sha256_nonce,3883802466.0000000000
1063973,6551882956303,btc_qm_engine,btc_leading_zeros,0.0000000000
1063974,6551882956678,btc_qm_engine,btc_sha256_nonce,4254827857.0000000000
1063975,6551882956877,btc_qm_engine,btc_sha256_nonce,390076549.0000000000
1063976,6551882957158,btc_qm_engine,btc_sha256_elapsed_ns,983.0000000000
1063977,6551882958211,btc_qm_engine,btc_sha256_nonce,3164283866.0000000000
1063978,6551882958286,btc_qm_engine,btc_leading_zeros,0.0000000000
1063979,6551882958341,btc_qm_engine,btc_sha256_elapsed_ns,921.0000000000
1063980,6551882959023,btc_qm_engine,btc_leading_zeros,3.0000000000
1063981,6551882959523,btc_qm_engine,btc_sha256_nonce,809791645.0000000000
1063982,6551882959810,btc_qm_engine,btc_sha256_nonce,4217454970.0000000000
1063983,6551882960118,btc_qm_engine,btc_sha256_nonce,2275939099.0000000000
1063984,6551882960216,btc_qm_engine,btc_leading_zeros,1.0000000000
1063985,6551882960292,btc_qm_engine,btc_sha256_elapsed_ns,950.0000000000
1063986,6551882960753,btc_qm_engine,btc_sha256_nonce,3095022571.0000000000
1063987,6551882960973,btc_qm_engine,btc_leading_zeros,0.0000000000
1063988,6551882961102,btc_qm_engine,btc_sha256_elapsed_ns,965.0000000000
1063989,6551882961195,btc_qm_engine,btc_leading_zeros,2.0000000000
1063990,6551882961573,btc_qm_engine,btc_leading_zeros,1.0000000000
1063991,6551882961706,btc_qm_engine,btc_sha256_nonce,1082186562.0000000000
1063992,6551882962038,btc_qm_engine,btc_sha256_nonce,2675295431.0000000000
1063993,6551882962171,btc_qm_engine,btc_sha256_elapsed_ns,42851.0000000000
1063994,6551882962317,btc_qm_engine,btc_sha256_elapsed_ns,985.0000000000
1063995,6551882962510,btc_qm_engine,btc_leading_zeros,0.0000000000
1063996,6551882962781,btc_qm_engine,btc_leading_zeros,0.0000000000
1063997,6551882962987,btc_qm_engine,btc_sha256_elapsed_ns,1005.0000000000
1063998,6551882963787,btc_qm_engine,btc_sha256_nonce,2242310391.0000000000
1063999,6551882963877,btc_qm_engine,btc_sha256_nonce,531779446.0000000000
1064000,6551882964223,btc_qm_engine,btc_leading_zeros,2.0000000000
1064001,6551882964565,btc_qm_engine,btc_leading_zeros,0.0000000000
1064002,6551882964618,btc_qm_engine,btc_sha256_elapsed_ns,1025.0000000000
1064003,6551882964874,btc_qm_engine,btc_sha256_elapsed_ns,1041.0000000000
1064004,6551882965143,btc_qm_engine,btc_sha256_elapsed_ns,837.0000000000
1064005,6551882965702,btc_qm_engine,btc_sha256_elapsed_ns,1004.0000000000
1064006,6551882965907,btc_qm_engine,btc_sha256_nonce,172813316.0000000000
1064007,6551882965986,btc_qm_engine,btc_leading_zeros,1.0000000000
1064008,6551882966056,btc_qm_engine,btc_sha256_elapsed_ns,1054.0000000000
1064009,6551882966200,btc_qm_engine,btc_sha256_nonce,1462109716.0000000000
1064010,6551882966372,btc_qm_engine,btc_sha256_nonce,3885513184.0000000000
1064011,6551882966461,btc_qm_engine,btc_leading_zeros,0.0000000000
1064012,6551882966532,btc_qm_engine,btc_sha256_elapsed_ns,1007.0000000000
1064013,6551882966709,btc_qm_engine,btc_leading_zeros,0.0000000000
1064014,6551882967004,btc_qm_engine,btc_sha256_nonce,672199234.0000000000
1064015,6551882967174,btc_qm_engine,btc_sha256_elapsed_ns,1026.0000000000
1064016,6551882967296,btc_qm_engine,btc_leading_zeros,0.0000000000
1064017,6551882967494,btc_qm_engine,btc_sha256_elapsed_ns,744.0000000000
1064018,6551882967794,btc_qm_engine,btc_sha256_nonce,2207618754.0000000000
1064019,6551882967925,btc_qm_engine,btc_leading_zeros,0.0000000000
1064020,6551882968022,btc_qm_engine,btc_sha256_nonce,640752471.0000000000
1064021,6551882968224,btc_qm_engine,btc_leading_zeros,0.0000000000
1064022,6551882968443,btc_qm_engine,btc_leading_zeros,1.0000000000
1064023,6551882968661,btc_qm_engine,btc_sha256_nonce,3516740775.0000000000
1064024,6551882968755,btc_qm_engine,btc_leading_zeros,2.0000000000
1064025,6551882968822,btc_qm_engine,btc_sha256_elapsed_ns,1003.0000000000
1064026,6551882969093,btc_qm_engine,btc_sha256_elapsed_ns,1048.0000000000
1064027,6551882969312,btc_qm_engine,btc_sha256_elapsed_ns,1020.0000000000
1064028,6551882970343,btc_qm_engine,btc_sha256_nonce,648831608.0000000000
1064029,6551882970536,btc_qm_engine,btc_sha256_elapsed_ns,904.0000000000
1064030,6551882970767,btc_qm_engine,btc_sha256_nonce,2293489907.0000000000
1064031,6551882970878,btc_qm_engine,btc_leading_zeros,0.0000000000
1064032,6551882971075,btc_qm_engine,btc_sha256_nonce,724841216.0000000000
1064033,6551882971298,btc_qm_engine,btc_leading_zeros,0.0000000000
1064034,6551882971454,btc_qm_engine,btc_sha256_elapsed_ns,957.0000000000
1064035,6551882971605,btc_qm_engine,btc_sha256_nonce,3353087900.0000000000
1064036,6551882972271,btc_qm_engine,btc_sha256_elapsed_ns,1055.0000000000
1064037,6551882972444,btc_qm_engine,btc_leading_zeros,0.0000000000
1064038,6551882972687,btc_qm_engine,btc_sha256_nonce,2521499332.0000000000
1064039,6551882972828,btc_qm_engine,btc_sha256_nonce,3040552645.0000000000
1064040,6551882972997,btc_qm_engine,btc_sha256_elapsed_ns,759.0000000000
1064041,6551882973079,btc_qm_engine,btc_sha256_nonce,2094142517.0000000000
1064042,6551882973175,btc_qm_engine,btc_leading_zeros,1.0000000000
1064043,6551882973246,btc_qm_engine,btc_sha256_elapsed_ns,977.0000000000
1064044,6551882973573,btc_qm_engine,btc_leading_zeros,1.0000000000
1064045,6551882973642,btc_qm_engine,btc_sha256_elapsed_ns,1035.0000000000
1064046,6551882974121,btc_qm_engine,btc_sha256_nonce,2761764195.0000000000
1064047,6551882974208,btc_qm_engine,btc_leading_zeros,0.0000000000
1064048,6551882974263,btc_qm_engine,btc_sha256_elapsed_ns,876.0000000000
1064049,6551882974523,btc_qm_engine,btc_sha256_nonce,2452899544.0000000000
1064050,6551882974594,btc_qm_engine,btc_leading_zeros,0.0000000000
1064051,6551882974658,btc_qm_engine,btc_sha256_elapsed_ns,1018.0000000000
1064052,6551882974942,btc_qm_engine,btc_sha256_nonce,1158008359.0000000000
1064053,6551882975015,btc_qm_engine,btc_leading_zeros,2.0000000000
1064054,6551882975083,btc_qm_engine,btc_sha256_elapsed_ns,1042.0000000000
1064055,6551882975185,btc_qm_engine,btc_leading_zeros,1.0000000000
1064056,6551882975369,btc_qm_engine,btc_leading_zeros,0.0000000000
1064057,6551882975489,btc_qm_engine,btc_sha256_elapsed_ns,903.0000000000
1064058,6551882975710,btc_qm_engine,btc_sha256_nonce,3495195622.0000000000
1064059,6551882975826,btc_qm_engine,btc_sha256_elapsed_ns,702.0000000000
1064060,6551882976055,btc_qm_engine,btc_leading_zeros,4.0000000000
1064061,6551882976149,btc_qm_engine,btc_sha256_elapsed_ns,793.0000000000
1064062,6551882976242,btc_qm_engine,btc_sha256_nonce,3224554533.0000000000
1064063,6551882976425,btc_qm_engine,btc_sha256_nonce,143871971.0000000000
1064064,6551882976666,btc_qm_engine,btc_leading_zeros,1.0000000000
1064065,6551882976803,btc_qm_engine,btc_sha256_nonce,693391979.0000000000
1064066,6551882977017,btc_qm_engine,btc_sha256_elapsed_ns,930.0000000000
1064067,6551882977143,btc_qm_engine,btc_sha256_nonce,3165736708.0000000000
1064068,6551882977291,btc_qm_engine,btc_sha256_nonce,2379401771.0000000000
1064069,6551882977462,btc_qm_engine,btc_leading_zeros,0.0000000000
1064070,6551882977540,btc_qm_engine,btc_sha256_elapsed_ns,973.0000000000
1064071,6551882977643,btc_qm_engine,btc_sha256_nonce,466744240.0000000000
1064072,6551882977951,btc_qm_engine,btc_leading_zeros,0.0000000000
1064073,6551882978334,btc_qm_engine,btc_sha256_nonce,111829436.0000000000
1064074,6551882978407,btc_qm_engine,btc_leading_zeros,1.0000000000
1064075,6551882978520,btc_qm_engine,btc_leading_zeros,0.0000000000
1064076,6551882978750,btc_qm_engine,btc_leading_zeros,0.0000000000
1064077,6551882979087,btc_qm_engine,btc_sha256_elapsed_ns,1011.0000000000
1064078,6551882979323,btc_qm_engine,btc_sha256_nonce,440375029.0000000000
1064079,6551882979458,btc_qm_engine,btc_leading_zeros,0.0000000000
1064080,6551882979505,btc_qm_engine,btc_sha256_elapsed_ns,848.0000000000
1064081,6551882979803,btc_qm_engine,btc_sha256_elapsed_ns,980.0000000000
1064082,6551882979901,btc_qm_engine,btc_sha256_nonce,581785404.0000000000
1064083,6551882980299,btc_qm_engine,btc_leading_zeros,2.0000000000
1064084,6551882980421,btc_qm_engine,btc_leading_zeros,0.0000000000
1064085,6551882980653,btc_qm_engine,btc_sha256_nonce,3740586865.0000000000
1064086,6551882980729,btc_qm_engine,btc_leading_zeros,0.0000000000
1064087,6551882980926,btc_qm_engine,btc_sha256_elapsed_ns,905.0000000000
1064088,6551882981262,btc_qm_engine,btc_sha256_nonce,2595599711.0000000000
1064089,6551882981399,btc_qm_engine,btc_sha256_elapsed_ns,936.0000000000
1064090,6551882981594,btc_qm_engine,btc_sha256_elapsed_ns,955.0000000000
1064091,6551882981764,btc_qm_engine,btc_sha256_elapsed_ns,791.0000000000
1064092,6551882982269,btc_qm_engine,btc_leading_zeros,4.0000000000
1064093,6551882982600,btc_qm_engine,btc_sha256_nonce,3347646416.0000000000
1064094,6551882982850,btc_qm_engine,btc_sha256_nonce,974019223.0000000000
1064095,6551882982920,btc_qm_engine,btc_leading_zeros,0.0000000000
1064096,6551882982979,btc_qm_engine,btc_sha256_elapsed_ns,695.0000000000
1064097,6551882983155,btc_qm_engine,btc_leading_zeros,3.0000000000
1064098,6551882983683,btc_qm_engine,btc_sha256_elapsed_ns,1038.0000000000
1064099,6551882983853,btc_qm_engine,btc_sha256_elapsed_ns,975.0000000000
1064100,6551882984130,btc_qm_engine,btc_sha256_nonce,3556396901.0000000000
1064101,6551882984499,btc_qm_engine,btc_sha256_nonce,1715967171.0000000000
1064102,6551882984822,btc_qm_engine,btc_leading_zeros,1.0000000000
1064103,6551882984909,btc_qm_engine,btc_sha256_elapsed_ns,777.0000000000
1064104,6551882985137,btc_qm_engine,btc_sha256_elapsed_ns,832.0000000000
1064105,6551882985400,btc_qm_engine,btc_sha256_nonce,1550907610.0000000000
1064106,6551882985762,btc_qm_engine,btc_leading_zeros,3.0000000000
1064107,6551882985950,btc_qm_engine,btc_sha256_nonce,3353117095.0000000000
1064108,6551882986051,btc_qm_engine,btc_leading_zeros,2.0000000000
1064109,6551882986105,btc_qm_engine,btc_sha256_elapsed_ns,761.0000000000
1064110,6551882986194,btc_qm_engine,btc_sha256_nonce,2102393350.0000000000
1064111,6551882986370,btc_qm_engine,btc_sha256_nonce,1497353455.0000000000
1064112,6551882986542,btc_qm_engine,btc_leading_zeros,1.0000000000
1064113,6551882986651,btc_qm_engine,btc_sha256_elapsed_ns,871.0000000000
1064114,6551882986871,btc_qm_engine,btc_leading_zeros,1.0000000000
1064115,6551882987151,btc_qm_engine,btc_sha256_nonce,67015800.0000000000
1064116,6551882987225,btc_qm_engine,btc_leading_zeros,2.0000000000
1064117,6551882987292,btc_qm_engine,btc_sha256_elapsed_ns,832.0000000000
1064118,6551882987588,btc_qm_engine,btc_sha256_nonce,2520702118.0000000000
1064119,6551882987785,btc_qm_engine,btc_sha256_elapsed_ns,1028.0000000000
1064120,6551882987957,btc_qm_engine,btc_leading_zeros,0.0000000000
1064121,6551882988024,btc_qm_engine,btc_sha256_elapsed_ns,1017.0000000000
1064122,6551882988119,btc_qm_engine,btc_leading_zeros,2.0000000000
1064123,6551882988187,btc_qm_engine,btc_sha256_elapsed_ns,875.0000000000
1064124,6551882988314,btc_qm_engine,btc_sha256_nonce,3589031358.0000000000
1064125,6551882988387,btc_qm_engine,btc_leading_zeros,0.0000000000
1064126,6551882988440,btc_qm_engine,btc_sha256_elapsed_ns,807.0000000000
1064127,6551882989102,btc_qm_engine,btc_sha256_nonce,2374278119.0000000000
1064128,6551882989174,btc_qm_engine,btc_leading_zeros,0.0000000000
1064129,6551882989236,btc_qm_engine,btc_sha256_elapsed_ns,1012.0000000000
1064130,6551882989395,btc_qm_engine,btc_sha256_nonce,1081897327.0000000000
1064131,6551882989530,btc_qm_engine,btc_sha256_nonce,3327928720.0000000000
1064132,6551882989605,btc_qm_engine,btc_leading_zeros,1.0000000000
1064133,6551882989670,btc_qm_engine,btc_sha256_elapsed_ns,865.0000000000
1064134,6551882989786,btc_qm_engine,btc_leading_zeros,0.0000000000
1064135,6551882989856,btc_qm_engine,btc_sha256_elapsed_ns,1044.0000000000
1064136,6551882990180,btc_qm_engine,btc_sha256_nonce,699982391.0000000000
1064137,6551882990489,btc_qm_engine,btc_sha256_nonce,2283083072.0000000000
1064138,6551882990687,btc_qm_engine,btc_leading_zeros,0.0000000000
1064139,6551882991094,btc_qm_engine,btc_sha256_nonce,4093617662.0000000000
1064140,6551882991249,btc_qm_engine,btc_sha256_nonce,3106320233.0000000000
1064141,6551882991513,btc_qm_engine,btc_sha256_elapsed_ns,971.0000000000
1064142,6551882991777,btc_qm_engine,btc_sha256_nonce,552548584.0000000000
1064143,6551882991899,btc_qm_engine,btc_leading_zeros,1.0000000000
1064144,6551882991975,btc_qm_engine,btc_sha256_elapsed_ns,899.0000000000
1064145,6551882992216,btc_qm_engine,btc_sha256_nonce,1197371868.0000000000
1064146,6551882992444,btc_qm_engine,btc_sha256_elapsed_ns,1072.0000000000
1064147,6551882992534,btc_qm_engine,btc_leading_zeros,0.0000000000
1064148,6551882992668,btc_qm_engine,btc_leading_zeros,2.0000000000
1064149,6551882992735,btc_qm_engine,btc_sha256_elapsed_ns,927.0000000000
1064150,6551882992867,btc_qm_engine,btc_sha256_elapsed_ns,811.0000000000
1064151,6551882993007,btc_qm_engine,btc_sha256_nonce,2283125153.0000000000
1064152,6551882993086,btc_qm_engine,btc_leading_zeros,0.0000000000
1064153,6551882993152,btc_qm_engine,btc_sha256_elapsed_ns,969.0000000000
1064154,6551882993329,btc_qm_engine,btc_leading_zeros,2.0000000000
1064155,6551882993436,btc_qm_engine,btc_sha256_elapsed_ns,910.0000000000
1064156,6551882993608,btc_qm_engine,btc_sha256_nonce,2410093959.0000000000
1064157,6551882993686,btc_qm_engine,btc_leading_zeros,1.0000000000
1064158,6551882993758,btc_qm_engine,btc_sha256_elapsed_ns,1038.0000000000
1064159,6551882993888,btc_qm_engine,btc_sha256_nonce,3279766880.0000000000
1064160,6551882993962,btc_qm_engine,btc_leading_zeros,0.0000000000
1064161,6551882994014,btc_qm_engine,btc_sha256_elapsed_ns,809.0000000000
1064162,6551882994443,btc_qm_engine,btc_sha256_nonce,1460490020.0000000000
1064163,6551882994552,btc_qm_engine,btc_leading_zeros,0.0000000000
1064164,6551882994617,btc_qm_engine,btc_sha256_elapsed_ns,1003.0000000000
1064165,6551882994731,btc_qm_engine,btc_sha256_nonce,2716811711.0000000000
1064166,6551882994822,btc_qm_engine,btc_leading_zeros,1.0000000000
1064167,6551882994942,btc_qm_engine,btc_sha256_nonce,1924462474.0000000000
1064168,6551882995456,btc_qm_engine,btc_sha256_elapsed_ns,1046.0000000000
1064169,6551882995575,btc_qm_engine,btc_sha256_nonce,2521283562.0000000000
1064170,6551882995725,btc_qm_engine,btc_sha256_nonce,49936549.0000000000
1064171,6551882995794,btc_qm_engine,btc_leading_zeros,0.0000000000
1064172,6551882995948,btc_qm_engine,btc_sha256_nonce,957002243.0000000000
1064173,6551882996157,btc_qm_engine,btc_sha256_elapsed_ns,790.0000000000
1064174,6551882996246,btc_qm_engine,btc_leading_zeros,0.0000000000
1064175,6551882996733,btc_qm_engine,btc_leading_zeros,0.0000000000
1064176,6551882996889,btc_qm_engine,btc_sha256_nonce,890751453.0000000000
1064177,6551882996969,btc_qm_engine,btc_leading_zeros,3.0000000000
1064178,6551882997166,btc_qm_engine,btc_sha256_nonce,3544709648.0000000000
1064179,6551882997246,btc_qm_engine,btc_leading_zeros,3.0000000000
1064180,6551882997298,btc_qm_engine,btc_sha256_elapsed_ns,784.0000000000
1064181,6551882997577,btc_qm_engine,btc_sha256_elapsed_ns,855.0000000000
1064182,6551882997941,btc_qm_engine,btc_sha256_elapsed_ns,897.0000000000
1064183,6551882998100,btc_qm_engine,btc_leading_zeros,0.0000000000
1064184,6551882998504,btc_qm_engine,btc_sha256_elapsed_ns,1007.0000000000
1064185,6551882998662,btc_qm_engine,btc_sha256_nonce,1324884743.0000000000
1064186,6551882998857,btc_qm_engine,btc_leading_zeros,0.0000000000
1064187,6551882999144,btc_qm_engine,btc_sha256_elapsed_ns,791.0000000000
1064188,6551882999234,btc_qm_engine,btc_sha256_elapsed_ns,955.0000000000
1064189,6551882999423,btc_qm_engine,btc_sha256_nonce,1715665640.0000000000
1064190,6551882999684,btc_qm_engine,btc_sha256_nonce,259604737.0000000000
1064191,6551882999824,btc_qm_engine,btc_leading_zeros,2.0000000000
1064192,6551882999927,btc_qm_engine,btc_sha256_elapsed_ns,998.0000000000
1064193,6551883022397,btc_qm_engine,btc_sha256_nonce,903712215.0000000000
1064194,6551883022462,btc_qm_engine,btc_leading_zeros,0.0000000000
1064195,6551883022530,btc_qm_engine,btc_sha256_elapsed_ns,1027.0000000000
1064196,6551883023650,btc_qm_engine,btc_sha256_nonce,1624248138.0000000000
1064197,6551883023717,btc_qm_engine,btc_leading_zeros,0.0000000000
1064198,6551883023770,btc_qm_engine,btc_sha256_elapsed_ns,927.0000000000
1064199,6551883024620,btc_qm_engine,btc_sha256_nonce,1122004655.0000000000
1064200,6551883024670,btc_qm_engine,btc_leading_zeros,0.0000000000
1064201,6551883024720,btc_qm_engine,btc_sha256_elapsed_ns,685.0000000000
1064202,6551883025521,btc_qm_engine,btc_sha256_nonce,3267843833.0000000000
1064203,6551883025571,btc_qm_engine,btc_leading_zeros,0.0000000000
1064204,6551883025619,btc_qm_engine,btc_sha256_elapsed_ns,674.0000000000
1064205,6551883026560,btc_qm_engine,btc_sha256_nonce,2709488536.0000000000
1064206,6551883026632,btc_qm_engine,btc_leading_zeros,0.0000000000
1064207,6551883026692,btc_qm_engine,btc_sha256_elapsed_ns,806.0000000000
1064208,6551883026836,btc_qm_engine,btc_leading_zeros,4.0000000000
1064209,6551883027276,btc_qm_engine,btc_sha256_elapsed_ns,922.0000000000
1064210,6551883027491,btc_qm_engine,btc_sha256_nonce,3353262633.0000000000
1064211,6551883027573,btc_qm_engine,btc_leading_zeros,2.0000000000
1064212,6551883027636,btc_qm_engine,btc_sha256_elapsed_ns,28116.0000000000
1064213,6551883027951,btc_qm_engine,btc_sha256_nonce,623967338.0000000000
1064214,6551883028021,btc_qm_engine,btc_leading_zeros,0.0000000000
1064215,6551883028088,btc_qm_engine,btc_sha256_elapsed_ns,1032.0000000000
1064216,6551883028449,btc_qm_engine,btc_sha256_nonce,865373974.0000000000
1064217,6551883028520,btc_qm_engine,btc_leading_zeros,1.0000000000
1064218,6551883028571,btc_qm_engine,btc_sha256_elapsed_ns,927.0000000000
1064219,6551883028918,btc_qm_engine,btc_sha256_nonce,2556227731.0000000000
1064220,6551883028998,btc_qm_engine,btc_leading_zeros,0.0000000000
1064221,6551883029095,btc_qm_engine,btc_sha256_elapsed_ns,1074.0000000000
1064222,6551883029321,btc_qm_engine,btc_sha256_nonce,3557202460.0000000000
1064223,6551883029753,btc_qm_engine,btc_sha256_nonce,2365916367.0000000000
1064224,6551883029824,btc_qm_engine,btc_leading_zeros,1.0000000000
1064225,6551883030545,btc_qm_engine,btc_sha256_nonce,2093671148.0000000000
1064226,6551883030678,btc_qm_engine,btc_sha256_elapsed_ns,963.0000000000
1064227,6551883030923,btc_qm_engine,btc_leading_zeros,1.0000000000
1064228,6551883032261,btc_qm_engine,btc_sha256_nonce,2442358057.0000000000
1064229,6551883032366,btc_qm_engine,btc_leading_zeros,1.0000000000
1064230,6551883032459,btc_qm_engine,btc_sha256_elapsed_ns,683.0000000000
1064231,6551883032656,btc_qm_engine,btc_sha256_elapsed_ns,886.0000000000
1064232,6551883032859,btc_qm_engine,btc_leading_zeros,2.0000000000
1064233,6551883033776,btc_qm_engine,btc_sha256_elapsed_ns,969.0000000000
1064234,6551883033893,btc_qm_engine,btc_leading_zeros,1.0000000000
1064235,6551883034259,btc_qm_engine,btc_sha256_elapsed_ns,1037.0000000000
1064236,6551883034982,btc_qm_engine,btc_sha256_nonce,4280069384.0000000000
1064237,6551883035049,btc_qm_engine,btc_leading_zeros,0.0000000000
1064238,6551883035117,btc_qm_engine,btc_sha256_elapsed_ns,1048.0000000000
1064239,6551883035558,btc_qm_engine,btc_sha256_nonce,3492809692.0000000000
1064240,6551883035636,btc_qm_engine,btc_leading_zeros,0.0000000000
1064241,6551883035709,btc_qm_engine,btc_sha256_elapsed_ns,1059.0000000000
1064242,6551883035885,btc_qm_engine,btc_sha256_nonce,2511043888.0000000000
1064243,6551883036113,btc_qm_engine,btc_leading_zeros,2.0000000000
1064244,6551883036171,btc_qm_engine,btc_sha256_elapsed_ns,675.0000000000
1064245,6551883036254,btc_qm_engine,btc_sha256_nonce,833767307.0000000000
1064246,6551883036401,btc_qm_engine,btc_sha256_nonce,2559220606.0000000000
1064247,6551883036475,btc_qm_engine,btc_leading_zeros,0.0000000000
1064248,6551883036544,btc_qm_engine,btc_sha256_elapsed_ns,1047.0000000000
1064249,6551883036723,btc_qm_engine,btc_leading_zeros,0.0000000000
1064250,6551883036951,btc_qm_engine,btc_sha256_nonce,1744023602.0000000000
1064251,6551883037054,btc_qm_engine,btc_sha256_nonce,3352421288.0000000000
1064252,6551883037221,btc_qm_engine,btc_sha256_elapsed_ns,1042.0000000000
1064253,6551883037387,btc_qm_engine,btc_leading_zeros,0.0000000000
1064254,6551883037557,btc_qm_engine,btc_leading_zeros,1.0000000000
1064255,6551883037683,btc_qm_engine,btc_sha256_nonce,1779574507.0000000000
1064256,6551883037938,btc_qm_engine,btc_sha256_nonce,4041984828.0000000000
1064257,6551883038061,btc_qm_engine,btc_sha256_elapsed_ns,1003.0000000000
1064258,6551883038203,btc_qm_engine,btc_sha256_elapsed_ns,674.0000000000
1064259,6551883038339,btc_qm_engine,btc_leading_zeros,1.0000000000
1064260,6551883038518,btc_qm_engine,btc_sha256_nonce,1774920583.0000000000
1064261,6551883043565,btc_qm_engine,btc_leading_zeros,0.0000000000
1064262,6551883044219,btc_qm_engine,btc_leading_zeros,3.0000000000
1064263,6551883044302,btc_qm_engine,btc_sha256_elapsed_ns,986.0000000000
1064264,6551883044806,btc_qm_engine,btc_sha256_elapsed_ns,930.0000000000
1064265,6551883046204,btc_qm_engine,btc_sha256_nonce,2521265809.0000000000
1064266,6551883046281,btc_qm_engine,btc_leading_zeros,0.0000000000
1064267,6551883046352,btc_qm_engine,btc_sha256_elapsed_ns,1016.0000000000
1064268,6551883046694,btc_qm_engine,btc_sha256_nonce,3905090920.0000000000
1064269,6551883046763,btc_qm_engine,btc_leading_zeros,0.0000000000
1064270,6551883046831,btc_qm_engine,btc_sha256_elapsed_ns,1049.0000000000
1064271,6551883047611,btc_qm_engine,btc_sha256_nonce,2364705366.0000000000
1064272,6551883047688,btc_qm_engine,btc_leading_zeros,1.0000000000
1064273,6551883047765,btc_qm_engine,btc_sha256_elapsed_ns,1062.0000000000
1064274,6551883048053,btc_qm_engine,btc_sha256_nonce,863385413.0000000000
1064275,6551883048706,btc_qm_engine,btc_sha256_nonce,896551781.0000000000
1064276,6551883049378,btc_qm_engine,btc_sha256_nonce,2356921431.0000000000
1064277,6551883049706,btc_qm_engine,btc_leading_zeros,4.0000000000
1064278,6551883049781,btc_qm_engine,btc_sha256_elapsed_ns,1015.0000000000
1064279,6551883049991,btc_qm_engine,btc_leading_zeros,3.0000000000
1064280,6551883050068,btc_qm_engine,btc_sha256_elapsed_ns,875.0000000000
1064281,6551883050260,btc_qm_engine,btc_leading_zeros,4.0000000000
1064282,6551883050862,btc_qm_engine,btc_sha256_elapsed_ns,931.0000000000
1064283,6551883050993,btc_qm_engine,btc_sha256_nonce,33352787.0000000000
1064284,6551883051083,btc_qm_engine,btc_leading_zeros,0.0000000000
1064285,6551883051141,btc_qm_engine,btc_sha256_elapsed_ns,974.0000000000
1064286,6551883051371,btc_qm_engine,btc_sha256_nonce,3798866902.0000000000
1064287,6551883051441,btc_qm_engine,btc_leading_zeros,1.0000000000
1064288,6551883051523,btc_qm_engine,btc_sha256_elapsed_ns,1006.0000000000
1064289,6551883052713,btc_qm_engine,btc_sha256_nonce,2946818889.0000000000
1064290,6551883052788,btc_qm_engine,btc_leading_zeros,0.0000000000
1064291,6551883052860,btc_qm_engine,btc_sha256_elapsed_ns,1013.0000000000
1064292,6551883053615,btc_qm_engine,btc_sha256_nonce,2470556283.0000000000
1064293,6551883054109,btc_qm_engine,btc_sha256_nonce,1461383531.0000000000
1064294,6551883054228,btc_qm_engine,btc_leading_zeros,2.0000000000
1064295,6551883054304,btc_qm_engine,btc_sha256_elapsed_ns,994.0000000000
1064296,6551883054511,btc_qm_engine,btc_sha256_nonce,693723620.0000000000
1064297,6551883054635,btc_qm_engine,btc_leading_zeros,0.0000000000
1064298,6551883054701,btc_qm_engine,btc_sha256_elapsed_ns,711.0000000000
1064299,6551883054939,btc_qm_engine,btc_leading_zeros,1.0000000000
1064300,6551883055011,btc_qm_engine,btc_sha256_elapsed_ns,875.0000000000
1064301,6551883055539,btc_qm_engine,btc_leading_zeros,1.0000000000
1064302,6551883055737,btc_qm_engine,btc_sha256_nonce,796208512.0000000000
1064303,6551883055822,btc_qm_engine,btc_sha256_nonce,2102538939.0000000000
1064304,6551883056046,btc_qm_engine,btc_sha256_elapsed_ns,955.0000000000
1064305,6551883056277,btc_qm_engine,btc_leading_zeros,0.0000000000
1064306,6551883056463,btc_qm_engine,btc_sha256_nonce,3238896556.0000000000
1064307,6551883056613,btc_qm_engine,btc_sha256_elapsed_ns,764.0000000000
1064308,6551883056918,btc_qm_engine,btc_sha256_nonce,2140718135.0000000000
1064309,6551883057126,btc_qm_engine,btc_leading_zeros,0.0000000000
1064310,6551883057265,btc_qm_engine,btc_sha256_nonce,2570692108.0000000000
1064311,6551883057517,btc_qm_engine,btc_sha256_nonce,1053057188.0000000000
1064312,6551883057696,btc_qm_engine,btc_sha256_nonce,968481774.0000000000
1064313,6551883058043,btc_qm_engine,btc_leading_zeros,4.0000000000
1064314,6551883058362,btc_qm_engine,btc_leading_zeros,1.0000000000
1064315,6551883058437,btc_qm_engine,btc_sha256_elapsed_ns,679.0000000000
1064316,6551883059040,btc_qm_engine,btc_sha256_elapsed_ns,992.0000000000
1064317,6551883059206,btc_qm_engine,btc_sha256_nonce,1063320660.0000000000
1064318,6551883059490,btc_qm_engine,btc_leading_zeros,0.0000000000
1064319,6551883059540,btc_qm_engine,btc_sha256_elapsed_ns,767.0000000000
1064320,6551883059751,btc_qm_engine,btc_sha256_elapsed_ns,1033.0000000000
1064321,6551883059961,btc_qm_engine,btc_sha256_nonce,4208180111.0000000000
1064322,6551883060031,btc_qm_engine,btc_leading_zeros,1.0000000000
1064323,6551883060085,btc_qm_engine,btc_sha256_elapsed_ns,701.0000000000
1064324,6551883060448,btc_qm_engine,btc_sha256_elapsed_ns,904.0000000000
1064325,6551883060976,btc_qm_engine,btc_sha256_nonce,693371370.0000000000
1064326,6551883061178,btc_qm_engine,btc_sha256_nonce,4154475270.0000000000
1064327,6551883061277,btc_qm_engine,btc_leading_zeros,3.0000000000
1064328,6551883061346,btc_qm_engine,btc_sha256_elapsed_ns,874.0000000000
1064329,6551883061543,btc_qm_engine,btc_leading_zeros,0.0000000000
1064330,6551883061965,btc_qm_engine,btc_leading_zeros,0.0000000000
1064331,6551883062252,btc_qm_engine,btc_leading_zeros,4.0000000000
1064332,6551883062353,btc_qm_engine,btc_sha256_nonce,4009016406.0000000000
1064333,6551883062497,btc_qm_engine,btc_sha256_elapsed_ns,968.0000000000
1064334,6551883062753,btc_qm_engine,btc_sha256_elapsed_ns,884.0000000000
1064335,6551883062882,btc_qm_engine,btc_leading_zeros,0.0000000000
1064336,6551883063242,btc_qm_engine,btc_sha256_elapsed_ns,1002.0000000000
1064337,6551883064095,btc_qm_engine,btc_sha256_elapsed_ns,965.0000000000
1064338,6551883064475,btc_qm_engine,btc_sha256_nonce,3571370543.0000000000
1064339,6551883064638,btc_qm_engine,btc_leading_zeros,0.0000000000
1064340,6551883065262,btc_qm_engine,btc_sha256_nonce,3384713918.0000000000
1064341,6551883065400,btc_qm_engine,btc_sha256_elapsed_ns,1005.0000000000
1064342,6551883065608,btc_qm_engine,btc_leading_zeros,3.0000000000
1064343,6551883065955,btc_qm_engine,btc_sha256_elapsed_ns,998.0000000000
1064344,6551883066027,btc_qm_engine,btc_sha256_nonce,864085680.0000000000
1064345,6551883066361,btc_qm_engine,btc_sha256_nonce,3739745284.0000000000
1064346,6551883066477,btc_qm_engine,btc_leading_zeros,0.0000000000
1064347,6551883066550,btc_qm_engine,btc_sha256_elapsed_ns,1019.0000000000
1064348,6551883066681,btc_qm_engine,btc_sha256_nonce,3352558063.0000000000
1064349,6551883067130,btc_qm_engine,btc_leading_zeros,0.0000000000
1064350,6551883067177,btc_qm_engine,btc_sha256_elapsed_ns,756.0000000000
1064351,6551883067266,btc_qm_engine,btc_leading_zeros,0.0000000000
1064352,6551883067758,btc_qm_engine,btc_sha256_nonce,1461644723.0000000000
1064353,6551883067857,btc_qm_engine,btc_sha256_nonce,863265348.0000000000
1064354,6551883067932,btc_qm_engine,btc_leading_zeros,0.0000000000
1064355,6551883067999,btc_qm_engine,btc_sha256_elapsed_ns,1032.0000000000
1064356,6551883068154,btc_qm_engine,btc_leading_zeros,0.0000000000
1064357,6551883068366,btc_qm_engine,btc_sha256_nonce,2181403604.0000000000
1064358,6551883068563,btc_qm_engine,btc_sha256_elapsed_ns,898.0000000000
1064359,6551883068703,btc_qm_engine,btc_leading_zeros,1.0000000000
1064360,6551883068775,btc_qm_engine,btc_sha256_elapsed_ns,835.0000000000
1064361,6551883068978,btc_qm_engine,btc_sha256_nonce,3154704637.0000000000
1064362,6551883069229,btc_qm_engine,btc_sha256_nonce,2996563967.0000000000
1064363,6551883069362,btc_qm_engine,btc_leading_zeros,2.0000000000
1064364,6551883069435,btc_qm_engine,btc_sha256_elapsed_ns,1023.0000000000
1064365,6551883069709,btc_qm_engine,btc_sha256_nonce,3966436072.0000000000
1064366,6551883069881,btc_qm_engine,btc_leading_zeros,1.0000000000
1064367,6551883070023,btc_qm_engine,btc_sha256_nonce,1520711736.0000000000
1064368,6551883070208,btc_qm_engine,btc_sha256_elapsed_ns,971.0000000000
1064369,6551883070553,btc_qm_engine,btc_sha256_nonce,3109877664.0000000000
1064370,6551883070746,btc_qm_engine,btc_sha256_elapsed_ns,974.0000000000
1064371,6551883070949,btc_qm_engine,btc_leading_zeros,0.0000000000
1064372,6551883071032,btc_qm_engine,btc_sha256_elapsed_ns,893.0000000000
1064373,6551883071117,btc_qm_engine,btc_leading_zeros,0.0000000000
1064374,6551883071616,btc_qm_engine,btc_sha256_nonce,375731865.0000000000
1064375,6551883071666,btc_qm_engine,btc_leading_zeros,1.0000000000
1064376,6551883071714,btc_qm_engine,btc_sha256_elapsed_ns,965.0000000000
1064377,6551883072023,btc_qm_engine,btc_sha256_nonce,2282468980.0000000000
1064378,6551883072349,btc_qm_engine,btc_sha256_nonce,827664067.0000000000
1064379,6551883072567,btc_qm_engine,btc_sha256_nonce,8923457.0000000000
1064380,6551883072640,btc_qm_engine,btc_leading_zeros,1.0000000000
1064381,6551883072769,btc_qm_engine,btc_sha256_nonce,3981396591.0000000000
1064382,6551883073223,btc_qm_engine,btc_leading_zeros,0.0000000000
1064383,6551883073698,btc_qm_engine,btc_sha256_elapsed_ns,690.0000000000
1064384,6551883073849,btc_qm_engine,btc_sha256_elapsed_ns,909.0000000000
1064385,6551883074007,btc_qm_engine,btc_sha256_elapsed_ns,1075.0000000000
1064386,6551883074174,btc_qm_engine,btc_leading_zeros,1.0000000000
1064387,6551883074536,btc_qm_engine,btc_sha256_elapsed_ns,750.0000000000
1064388,6551883074933,btc_qm_engine,btc_sha256_nonce,693766591.0000000000
1064389,6551883075004,btc_qm_engine,btc_leading_zeros,1.0000000000
1064390,6551883075068,btc_qm_engine,btc_sha256_elapsed_ns,719.0000000000
1064391,6551883075377,btc_qm_engine,btc_sha256_nonce,1353710772.0000000000
1064392,6551883075498,btc_qm_engine,btc_sha256_nonce,2521245862.0000000000
1064393,6551883075632,btc_qm_engine,btc_sha256_nonce,3286998384.0000000000
1064394,6551883075782,btc_qm_engine,btc_leading_zeros,1.0000000000
1064395,6551883079561,btc_qm_engine,btc_leading_zeros,2.0000000000
1064396,6551883080571,btc_qm_engine,btc_leading_zeros,4.0000000000
1064397,6551883081390,btc_qm_engine,btc_sha256_elapsed_ns,918.0000000000
1064398,6551883082375,btc_qm_engine,btc_sha256_nonce,2628470439.0000000000
1064399,6551883082421,btc_qm_engine,btc_leading_zeros,2.0000000000
1064400,6551883082480,btc_qm_engine,btc_sha256_elapsed_ns,726.0000000000
1064401,6551883082875,btc_qm_engine,btc_sha256_elapsed_ns,866.0000000000
1064402,6551883083375,btc_qm_engine,btc_sha256_nonce,700275937.0000000000
1064403,6551883083451,btc_qm_engine,btc_leading_zeros,1.0000000000
1064404,6551883083502,btc_qm_engine,btc_sha256_elapsed_ns,702.0000000000
1064405,6551883084004,btc_qm_engine,btc_sha256_nonce,2757928678.0000000000
1064406,6551883084076,btc_qm_engine,btc_leading_zeros,3.0000000000
1064407,6551883084138,btc_qm_engine,btc_sha256_elapsed_ns,841.0000000000
1064408,6551883084406,btc_qm_engine,btc_sha256_nonce,700294860.0000000000
1064409,6551883084473,btc_qm_engine,btc_leading_zeros,1.0000000000
1064410,6551883084521,btc_qm_engine,btc_sha256_elapsed_ns,697.0000000000
1064411,6551883085185,btc_qm_engine,btc_sha256_nonce,3352497655.0000000000
1064412,6551883085261,btc_qm_engine,btc_leading_zeros,0.0000000000
1064413,6551883085325,btc_qm_engine,btc_sha256_elapsed_ns,833.0000000000
1064414,6551883085436,btc_qm_engine,btc_sha256_nonce,3978889547.0000000000
1064415,6551883085502,btc_qm_engine,btc_leading_zeros,1.0000000000
1064416,6551883085563,btc_qm_engine,btc_sha256_elapsed_ns,706.0000000000
1064417,6551883086343,btc_qm_engine,btc_sha256_nonce,2482715899.0000000000
1064418,6551883086421,btc_qm_engine,btc_leading_zeros,2.0000000000
1064419,6551883086594,btc_qm_engine,btc_sha256_nonce,699662374.0000000000
1064420,6551883087242,btc_qm_engine,btc_leading_zeros,0.0000000000
1064421,6551883087398,btc_qm_engine,btc_sha256_elapsed_ns,794.0000000000
1064422,6551883088352,btc_qm_engine,btc_sha256_nonce,3353218868.0000000000
1064423,6551883088415,btc_qm_engine,btc_leading_zeros,4.0000000000
1064424,6551883088474,btc_qm_engine,btc_sha256_elapsed_ns,775.0000000000
1064425,6551883088920,btc_qm_engine,btc_sha256_elapsed_ns,1056.0000000000
1064426,6551883089501,btc_qm_engine,btc_sha256_nonce,3852973168.0000000000
1064427,6551883089575,btc_qm_engine,btc_leading_zeros,1.0000000000
1064428,6551883089626,btc_qm_engine,btc_sha256_elapsed_ns,816.0000000000
1064429,6551883090041,btc_qm_engine,btc_sha256_nonce,2626318834.0000000000
1064430,6551883090311,btc_qm_engine,btc_sha256_nonce,754907301.0000000000
1064431,6551883090381,btc_qm_engine,btc_leading_zeros,0.0000000000
1064432,6551883090448,btc_qm_engine,btc_sha256_elapsed_ns,1069.0000000000
1064433,6551883090616,btc_qm_engine,btc_sha256_nonce,1899978454.0000000000
1064434,6551883090886,btc_qm_engine,btc_leading_zeros,1.0000000000
1064435,6551883090935,btc_qm_engine,btc_sha256_elapsed_ns,699.0000000000
1064436,6551883091474,btc_qm_engine,btc_sha256_nonce,862891442.0000000000
1064437,6551883091541,btc_qm_engine,btc_leading_zeros,1.0000000000
1064438,6551883091602,btc_qm_engine,btc_sha256_elapsed_ns,760.0000000000
1064439,6551883091880,btc_qm_engine,btc_sha256_nonce,656556928.0000000000
1064440,6551883091961,btc_qm_engine,btc_leading_zeros,3.0000000000
1064441,6551883092019,btc_qm_engine,btc_sha256_elapsed_ns,751.0000000000
1064442,6551883092497,btc_qm_engine,btc_sha256_nonce,627989723.0000000000
1064443,6551883092567,btc_qm_engine,btc_leading_zeros,0.0000000000
1064444,6551883092617,btc_qm_engine,btc_sha256_elapsed_ns,715.0000000000
1064445,6551883092936,btc_qm_engine,btc_leading_zeros,0.0000000000
1064446,6551883093207,btc_qm_engine,btc_sha256_nonce,3603874569.0000000000
1064447,6551883093361,btc_qm_engine,btc_sha256_elapsed_ns,1011.0000000000
1064448,6551883093690,btc_qm_engine,btc_leading_zeros,0.0000000000
1064449,6551883093839,btc_qm_engine,btc_leading_zeros,1.0000000000
1064450,6551883093907,btc_qm_engine,btc_sha256_elapsed_ns,930.0000000000
1064451,6551883094034,btc_qm_engine,btc_sha256_nonce,3280463759.0000000000
1064452,6551883094262,btc_qm_engine,btc_sha256_elapsed_ns,1019.0000000000
1064453,6551883094415,btc_qm_engine,btc_leading_zeros,2.0000000000
1064454,6551883094485,btc_qm_engine,btc_sha256_elapsed_ns,763.0000000000
1064455,6551883094594,btc_qm_engine,btc_sha256_nonce,1204975880.0000000000
1064456,6551883094662,btc_qm_engine,btc_leading_zeros,0.0000000000
1064457,6551883094737,btc_qm_engine,btc_sha256_elapsed_ns,927.0000000000
1064458,6551883094901,btc_qm_engine,btc_sha256_nonce,444085878.0000000000
1064459,6551883095132,btc_qm_engine,btc_leading_zeros,1.0000000000
1064460,6551883095242,btc_qm_engine,btc_sha256_elapsed_ns,688.0000000000
1064461,6551883095460,btc_qm_engine,btc_sha256_nonce,3617553250.0000000000
1064462,6551883095913,btc_qm_engine,btc_sha256_nonce,1504189015.0000000000
1064463,6551883096353,btc_qm_engine,btc_leading_zeros,0.0000000000
1064464,6551883096436,btc_qm_engine,btc_leading_zeros,0.0000000000
1064465,6551883105645,btc_qm_engine,btc_sha256_elapsed_ns,848.0000000000
1064466,6551883106829,btc_qm_engine,btc_sha256_nonce,2011057582.0000000000
1064467,6551883106907,btc_qm_engine,btc_leading_zeros,0.0000000000
1064468,6551883106972,btc_qm_engine,btc_sha256_elapsed_ns,954.0000000000
1064469,6551883108192,btc_qm_engine,btc_sha256_nonce,950381888.0000000000
1064470,6551883108273,btc_qm_engine,btc_leading_zeros,2.0000000000
1064471,6551883108335,btc_qm_engine,btc_sha256_elapsed_ns,1028.0000000000
1064472,6551883108973,btc_qm_engine,btc_leading_zeros,1.0000000000
1064473,6551883109405,btc_qm_engine,btc_sha256_nonce,3958978550.0000000000
1064474,6551883109474,btc_qm_engine,btc_leading_zeros,0.0000000000
1064475,6551883109532,btc_qm_engine,btc_sha256_elapsed_ns,888.0000000000
1064476,6551883109869,btc_qm_engine,btc_sha256_elapsed_ns,696.0000000000
1064477,6551883110699,btc_qm_engine,btc_sha256_nonce,1213039017.0000000000
1064478,6551883110763,btc_qm_engine,btc_leading_zeros,1.0000000000
1064479,6551883110828,btc_qm_engine,btc_sha256_elapsed_ns,985.0000000000
1064480,6551883111192,btc_qm_engine,btc_sha256_nonce,1123654406.0000000000
1064481,6551883111271,btc_qm_engine,btc_leading_zeros,0.0000000000
1064482,6551883111342,btc_qm_engine,btc_sha256_elapsed_ns,1071.0000000000
1064483,6551883112049,btc_qm_engine,btc_sha256_nonce,2854720203.0000000000
1064484,6551883112114,btc_qm_engine,btc_leading_zeros,0.0000000000
1064485,6551883112179,btc_qm_engine,btc_sha256_elapsed_ns,1033.0000000000
1064486,6551883112602,btc_qm_engine,btc_sha256_nonce,700167318.0000000000
1064487,6551883113128,btc_qm_engine,btc_sha256_elapsed_ns,741.0000000000
1064488,6551883114352,btc_qm_engine,btc_sha256_nonce,1919718684.0000000000
1064489,6551883114403,btc_qm_engine,btc_leading_zeros,0.0000000000
1064490,6551883114459,btc_qm_engine,btc_sha256_elapsed_ns,753.0000000000
1064491,6551883115274,btc_qm_engine,btc_sha256_nonce,3971498912.0000000000
1064492,6551883115320,btc_qm_engine,btc_leading_zeros,0.0000000000
1064493,6551883115370,btc_qm_engine,btc_sha256_elapsed_ns,682.0000000000
1064494,6551883116559,btc_qm_engine,btc_sha256_nonce,352919728.0000000000
1064495,6551883116643,btc_qm_engine,btc_leading_zeros,2.0000000000
1064496,6551883116701,btc_qm_engine,btc_sha256_elapsed_ns,935.0000000000
1064497,6551883117676,btc_qm_engine,btc_sha256_elapsed_ns,1050.0000000000
1064498,6551883123377,btc_qm_engine,btc_leading_zeros,1.0000000000
1064499,6551883123465,btc_qm_engine,btc_sha256_elapsed_ns,1003.0000000000
1064500,6551883124860,btc_qm_engine,btc_sha256_nonce,4261504337.0000000000
1064501,6551883124944,btc_qm_engine,btc_leading_zeros,1.0000000000
1064502,6551883125248,btc_qm_engine,btc_sha256_elapsed_ns,9299.0000000000
1064503,6551883125537,btc_qm_engine,btc_leading_zeros,0.0000000000
1064504,6551883125919,btc_qm_engine,btc_sha256_elapsed_ns,1009.0000000000
1064505,6551883218423,btc_qm_engine,btc_sha256_nonce,1482902061.0000000000
1064506,6551883219548,btc_qm_engine,btc_leading_zeros,1.0000000000
1064507,6551883219596,btc_qm_engine,btc_sha256_elapsed_ns,820.0000000000
1064508,6551883663278,btc_qm_engine,btc_sha256_nonce,2158515758.0000000000
1064509,6551883664190,btc_qm_engine,btc_leading_zeros,3.0000000000
1064510,6551883664265,btc_qm_engine,btc_sha256_elapsed_ns,900.0000000000
