seq,ts_ns,module,key,value
786308,10246997567513,btc_qm_engine,btc_sha256_elapsed_ns,1050.0000000000
786309,10246997567690,btc_qm_engine,btc_leading_zeros,1.0000000000
786310,10246997568180,btc_qm_engine,btc_sha256_nonce,3847370586.0000000000
786311,10246997568282,btc_qm_engine,btc_sha256_elapsed_ns,986.0000000000
786312,10246997568384,btc_qm_engine,btc_sha256_elapsed_ns,1082.0000000000
786313,10246997568663,btc_qm_engine,btc_leading_zeros,0.0000000000
786314,10246997568825,btc_qm_engine,btc_sha256_nonce,756849148.0000000000
786315,10246997568993,btc_qm_engine,btc_leading_zeros,1.0000000000
786316,10246997569488,btc_qm_engine,btc_sha256_nonce,97078675.0000000000
786317,10246997569542,btc_qm_engine,btc_leading_zeros,0.0000000000
786318,10246997569654,btc_qm_engine,btc_sha256_elapsed_ns,980.0000000000
786319,10246997569901,btc_qm_engine,btc_leading_zeros,0.0000000000
786320,10246997570071,btc_qm_engine,btc_sha256_nonce,1766157398.0000000000
786321,10246997570146,btc_qm_engine,btc_leading_zeros,0.0000000000
786322,10246997570511,btc_qm_engine,btc_sha256_elapsed_ns,947.0000000000
786323,10246997570667,btc_qm_engine,btc_sha256_elapsed_ns,1051.0000000000
786324,10246997570877,btc_qm_engine,btc_sha256_elapsed_ns,966.0000000000
786325,10246997571014,btc_qm_engine,btc_sha256_elapsed_ns,1066.0000000000
786326,10246997571667,btc_qm_engine,btc_sha256_nonce,4163031033.0000000000
786327,10246997571746,btc_qm_engine,btc_leading_zeros,0.0000000000
786328,10246997572141,btc_qm_engine,btc_sha256_elapsed_ns,757.0000000000
786329,10246997572241,btc_qm_engine,btc_leading_zeros,1.0000000000
786330,10246997572379,btc_qm_engine,btc_sha256_nonce,2329773288.0000000000
786331,10246997572539,btc_qm_engine,btc_sha256_nonce,3847031892.0000000000
786332,10246997572694,btc_qm_engine,btc_sha256_elapsed_ns,1071.0000000000
786333,10246997572952,btc_qm_engine,btc_leading_zeros,2.0000000000
786334,10246997573074,btc_qm_engine,btc_sha256_nonce,4022161023.0000000000
786335,10246997573164,btc_qm_engine,btc_leading_zeros,0.0000000000
786336,10246997573417,btc_qm_engine,btc_leading_zeros,1.0000000000
786337,10246997573553,btc_qm_engine,btc_sha256_nonce,2612410638.0000000000
786338,10246997573722,btc_qm_engine,btc_sha256_nonce,3091329877.0000000000
786339,10246997573873,btc_qm_engine,btc_sha256_elapsed_ns,1111.0000000000
786340,10246997574099,btc_qm_engine,btc_sha256_nonce,2793508846.0000000000
786341,10246997574187,btc_qm_engine,btc_leading_zeros,0.0000000000
786342,10246997574251,btc_qm_engine,btc_sha256_elapsed_ns,1129.0000000000
786343,10246997574328,btc_qm_engine,btc_sha256_elapsed_ns,1098.0000000000
786344,10246997574886,btc_qm_engine,btc_leading_zeros,0.0000000000
786345,10246997575142,btc_qm_engine,btc_sha256_elapsed_ns,1141.0000000000
786346,10246997575528,btc_qm_engine,btc_leading_zeros,2.0000000000
786347,10246997575858,btc_qm_engine,btc_sha256_nonce,695047029.0000000000
786348,10246997575961,btc_qm_engine,btc_sha256_nonce,1267477087.0000000000
786349,10246997576235,btc_qm_engine,btc_leading_zeros,2.0000000000
786350,10246997576423,btc_qm_engine,btc_leading_zeros,2.0000000000
786351,10246997576505,btc_qm_engine,btc_sha256_elapsed_ns,1051.0000000000
786352,10246997576599,btc_qm_engine,btc_leading_zeros,2.0000000000
786353,10246997577362,btc_qm_engine,btc_sha256_nonce,1213175711.0000000000
786354,10246997577817,btc_qm_engine,btc_sha256_nonce,1344393088.0000000000
786355,10246997578028,btc_qm_engine,btc_leading_zeros,1.0000000000
786356,10246997578306,btc_qm_engine,btc_leading_zeros,0.0000000000
786357,10246997578509,btc_qm_engine,btc_sha256_elapsed_ns,1132.0000000000
786358,10246997579128,btc_qm_engine,btc_sha256_elapsed_ns,1090.0000000000
786359,10246997579270,btc_qm_engine,btc_sha256_elapsed_ns,1165.0000000000
786360,10246997580032,btc_qm_engine,btc_sha256_elapsed_ns,1092.0000000000
786361,10246997580307,btc_qm_engine,btc_sha256_nonce,3847290479.0000000000
786362,10246997580375,btc_qm_engine,btc_leading_zeros,2.0000000000
786363,10246997580444,btc_qm_engine,btc_sha256_elapsed_ns,971.0000000000
786364,10246997580564,btc_qm_engine,btc_sha256_nonce,2350619448.0000000000
786365,10246997580646,btc_qm_engine,btc_leading_zeros,0.0000000000
786366,10246997580716,btc_qm_engine,btc_sha256_elapsed_ns,1041.0000000000
786367,10246997581458,btc_qm_engine,btc_sha256_nonce,2908633017.0000000000
786368,10246997581537,btc_qm_engine,btc_leading_zeros,0.0000000000
786369,10246997581607,btc_qm_engine,btc_sha256_elapsed_ns,1157.0000000000
786370,10246997581758,btc_qm_engine,btc_sha256_elapsed_ns,949.0000000000
786371,10246997581998,btc_qm_engine,btc_sha256_nonce,158211402.0000000000
786372,10246997582119,btc_qm_engine,btc_leading_zeros,2.0000000000
786373,10246997582188,btc_qm_engine,btc_sha256_elapsed_ns,1026.0000000000
786374,10246997582702,btc_qm_engine,btc_sha256_nonce,2082441735.0000000000
786375,10246997582818,btc_qm_engine,btc_sha256_nonce,2654946461.0000000000
786376,10246997582890,btc_qm_engine,btc_leading_zeros,1.0000000000
786377,10246997582959,btc_qm_engine,btc_sha256_elapsed_ns,982.0000000000
786378,10246997583141,btc_qm_engine,btc_leading_zeros,1.0000000000
786379,10246997583578,btc_qm_engine,btc_sha256_nonce,3420959397.0000000000
786380,10246997583770,btc_qm_engine,btc_sha256_nonce,627219090.0000000000
786381,10246997583966,btc_qm_engine,btc_leading_zeros,3.0000000000
786382,10246997584151,btc_qm_engine,btc_sha256_nonce,2662025815.0000000000
786383,10246997584305,btc_qm_engine,btc_sha256_nonce,18201390.0000000000
786384,10246997584406,btc_qm_engine,btc_sha256_elapsed_ns,1078.0000000000
786385,10246997584801,btc_qm_engine,btc_sha256_nonce,2233512362.0000000000
786386,10246997585548,btc_qm_engine,btc_leading_zeros,1.0000000000
786387,10246997585725,btc_qm_engine,btc_leading_zeros,0.0000000000
786388,10246997585806,btc_qm_engine,btc_sha256_elapsed_ns,969.0000000000
786389,10246997585917,btc_qm_engine,btc_sha256_elapsed_ns,859.0000000000
786390,10246997586144,btc_qm_engine,btc_leading_zeros,0.0000000000
786391,10246997586493,btc_qm_engine,btc_sha256_elapsed_ns,1063.0000000000
786392,10246997586676,btc_qm_engine,btc_sha256_elapsed_ns,1125.0000000000
786393,10246997586874,btc_qm_engine,btc_sha256_nonce,4016261050.0000000000
786394,10246997586951,btc_qm_engine,btc_leading_zeros,0.0000000000
786395,10246997587023,btc_qm_engine,btc_sha256_elapsed_ns,1102.0000000000
786396,10246997587109,btc_qm_engine,btc_sha256_nonce,2663265519.0000000000
786397,10246997587258,btc_qm_engine,btc_leading_zeros,3.0000000000
786398,10246997587737,btc_qm_engine,btc_sha256_elapsed_ns,1127.0000000000
786399,10246997587855,btc_qm_engine,btc_leading_zeros,2.0000000000
786400,10246997588083,btc_qm_engine,btc_sha256_nonce,1406764839.0000000000
786401,10246997588314,btc_qm_engine,btc_sha256_elapsed_ns,1082.0000000000
786402,10246997588640,btc_qm_engine,btc_sha256_nonce,2312811275.0000000000
786403,10246997588772,btc_qm_engine,btc_leading_zeros,0.0000000000
786404,10246997588853,btc_qm_engine,btc_sha256_elapsed_ns,1069.0000000000
786405,10246997589031,btc_qm_engine,btc_sha256_nonce,1743542545.0000000000
786406,10246997589172,btc_qm_engine,btc_leading_zeros,0.0000000000
786407,10246997589248,btc_qm_engine,btc_sha256_elapsed_ns,1108.0000000000
786408,10246997589492,btc_qm_engine,btc_sha256_elapsed_ns,1058.0000000000
786409,10246997589873,btc_qm_engine,btc_sha256_nonce,3872898528.0000000000
786410,10246997590230,btc_qm_engine,btc_sha256_nonce,1268979090.0000000000
786411,10246997590577,btc_qm_engine,btc_sha256_nonce,2074636391.0000000000
786412,10246997590817,btc_qm_engine,btc_sha256_nonce,1644396714.0000000000
786413,10246997591082,btc_qm_engine,btc_leading_zeros,0.0000000000
786414,10246997591296,btc_qm_engine,btc_leading_zeros,1.0000000000
786415,10246997591976,btc_qm_engine,btc_sha256_nonce,414943283.0000000000
786416,10246997592330,btc_qm_engine,btc_leading_zeros,2.0000000000
786417,10246997592516,btc_qm_engine,btc_sha256_elapsed_ns,971.0000000000
786418,10246997592679,btc_qm_engine,btc_sha256_elapsed_ns,1078.0000000000
786419,10246997593032,btc_qm_engine,btc_leading_zeros,0.0000000000
786420,10246997593172,btc_qm_engine,btc_sha256_nonce,10230636.0000000000
786421,10246997593677,btc_qm_engine,btc_leading_zeros,0.0000000000
786422,10246997593751,btc_qm_engine,btc_sha256_elapsed_ns,867.0000000000
786423,10246997594097,btc_qm_engine,btc_sha256_nonce,1936547560.0000000000
786424,10246997594172,btc_qm_engine,btc_leading_zeros,0.0000000000
786425,10246997594286,btc_qm_engine,btc_sha256_elapsed_ns,1090.0000000000
786426,10246997594968,btc_qm_engine,btc_sha256_nonce,2436714466.0000000000
786427,10246997595441,btc_qm_engine,btc_sha256_elapsed_ns,943.0000000000
786428,10246997595621,btc_qm_engine,btc_leading_zeros,1.0000000000
786429,10246997595751,btc_qm_engine,btc_sha256_nonce,3417025066.0000000000
786430,10246997596252,btc_qm_engine,btc_leading_zeros,0.0000000000
786431,10246997596653,btc_qm_engine,btc_sha256_nonce,3319795249.0000000000
786432,10246997596892,btc_qm_engine,btc_sha256_elapsed_ns,1030.0000000000
786433,10246997597175,btc_qm_engine,btc_sha256_elapsed_ns,950.0000000000
786434,10246997597308,btc_qm_engine,btc_sha256_elapsed_ns,32096.0000000000
786435,10246997597711,btc_qm_engine,btc_leading_zeros,1.0000000000
786436,10246997598028,btc_qm_engine,btc_sha256_elapsed_ns,1012.0000000000
786437,10246997598611,btc_qm_engine,btc_sha256_nonce,3392101737.0000000000
786438,10246997598780,btc_qm_engine,btc_sha256_nonce,2201736721.0000000000
786439,10246997598860,btc_qm_engine,btc_leading_zeros,0.0000000000
786440,10246997599008,btc_qm_engine,btc_sha256_elapsed_ns,1071.0000000000
786441,10246997599326,btc_qm_engine,btc_sha256_nonce,3847455821.0000000000
786442,10246997599409,btc_qm_engine,btc_leading_zeros,0.0000000000
786443,10246997599465,btc_qm_engine,btc_sha256_elapsed_ns,1014.0000000000
786444,10246997599553,btc_qm_engine,btc_sha256_nonce,327084853.0000000000
786445,10246997599895,btc_qm_engine,btc_sha256_nonce,169343895.0000000000
786446,10246997600376,btc_qm_engine,btc_leading_zeros,3.0000000000
786447,10246997600597,btc_qm_engine,btc_sha256_nonce,579435307.0000000000
786448,10246997600691,btc_qm_engine,btc_leading_zeros,0.0000000000
786449,10246997600756,btc_qm_engine,btc_sha256_elapsed_ns,861.0000000000
786450,10246997600921,btc_qm_engine,btc_sha256_nonce,2473671350.0000000000
786451,10246997601076,btc_qm_engine,btc_sha256_elapsed_ns,1086.0000000000
786452,10246997601256,btc_qm_engine,btc_leading_zeros,4.0000000000
786453,10246997601397,btc_qm_engine,btc_leading_zeros,0.0000000000
786454,10246997601475,btc_qm_engine,btc_sha256_elapsed_ns,885.0000000000
786455,10246997601561,btc_qm_engine,btc_leading_zeros,0.0000000000
786456,10246997601946,btc_qm_engine,btc_sha256_elapsed_ns,1136.0000000000
786457,10246997602395,btc_qm_engine,btc_sha256_elapsed_ns,1018.0000000000
786458,10246997602508,btc_qm_engine,btc_sha256_nonce,561987547.0000000000
786459,10246997602592,btc_qm_engine,btc_leading_zeros,0.0000000000
786460,10246997602662,btc_qm_engine,btc_sha256_elapsed_ns,1054.0000000000
786461,10246997602828,btc_qm_engine,btc_sha256_nonce,1118901993.0000000000
786462,10246997602962,btc_qm_engine,btc_leading_zeros,2.0000000000
786463,10246997603234,btc_qm_engine,btc_leading_zeros,0.0000000000
786464,10246997603312,btc_qm_engine,btc_sha256_elapsed_ns,1103.0000000000
786465,10246997603508,btc_qm_engine,btc_sha256_nonce,3481711520.0000000000
786466,10246997603698,btc_qm_engine,btc_sha256_nonce,50472451.0000000000
786467,10246997603821,btc_qm_engine,btc_leading_zeros,1.0000000000
786468,10246997603964,btc_qm_engine,btc_sha256_nonce,3115814090.0000000000
786469,10246997604191,btc_qm_engine,btc_leading_zeros,0.0000000000
786470,10246997604503,btc_qm_engine,btc_sha256_nonce,2677179993.0000000000
786471,10246997604604,btc_qm_engine,btc_leading_zeros,1.0000000000
786472,10246997604839,btc_qm_engine,btc_sha256_elapsed_ns,1121.0000000000
786473,10246997604994,btc_qm_engine,btc_sha256_elapsed_ns,953.0000000000
786474,10246997605083,btc_qm_engine,btc_sha256_nonce,3558431236.0000000000
786475,10246997605496,btc_qm_engine,btc_sha256_elapsed_ns,1113.0000000000
786476,10246997605683,btc_qm_engine,btc_leading_zeros,2.0000000000
786477,10246997606127,btc_qm_engine,btc_leading_zeros,8.0000000000
786478,10246997606356,btc_qm_engine,btc_sha256_nonce,688006858.0000000000
786479,10246997606503,btc_qm_engine,btc_sha256_elapsed_ns,1078.0000000000
786480,10246997606652,btc_qm_engine,btc_sha256_nonce,2242194047.0000000000
786481,10246997606731,btc_qm_engine,btc_leading_zeros,2.0000000000
786482,10246997606810,btc_qm_engine,btc_sha256_elapsed_ns,1095.0000000000
786483,10246997607082,btc_qm_engine,btc_sha256_nonce,3475413418.0000000000
786484,10246997607203,btc_qm_engine,btc_leading_zeros,0.0000000000
786485,10246997607271,btc_qm_engine,btc_sha256_elapsed_ns,1063.0000000000
786486,10246997607372,btc_qm_engine,btc_sha256_elapsed_ns,1091.0000000000
786487,10246997607514,btc_qm_engine,btc_sha256_nonce,2487174380.0000000000
786488,10246997607793,btc_qm_engine,btc_sha256_nonce,880970595.0000000000
786489,10246997607984,btc_qm_engine,btc_leading_zeros,0.0000000000
786490,10246997608374,btc_qm_engine,btc_sha256_elapsed_ns,978.0000000000
786491,10246997608529,btc_qm_engine,btc_leading_zeros,4.0000000000
786492,10246997608779,btc_qm_engine,btc_sha256_nonce,2313006644.0000000000
786493,10246997609109,btc_qm_engine,btc_sha256_elapsed_ns,1116.0000000000
786494,10246997609257,btc_qm_engine,btc_sha256_nonce,79391653.0000000000
786495,10246997609378,btc_qm_engine,btc_leading_zeros,0.0000000000
786496,10246997609478,btc_qm_engine,btc_sha256_elapsed_ns,1096.0000000000
786497,10246997609582,btc_qm_engine,btc_leading_zeros,3.0000000000
786498,10246997609653,btc_qm_engine,btc_sha256_elapsed_ns,862.0000000000
786499,10246997610140,btc_qm_engine,btc_sha256_nonce,1665386742.0000000000
786500,10246997610205,btc_qm_engine,btc_leading_zeros,2.0000000000
786501,10246997610256,btc_qm_engine,btc_sha256_elapsed_ns,753.0000000000
786502,10246997610829,btc_qm_engine,btc_sha256_nonce,4004995339.0000000000
786503,10246997611044,btc_qm_engine,btc_leading_zeros,0.0000000000
786504,10246997611414,btc_qm_engine,btc_sha256_nonce,1483570964.0000000000
786505,10246997611517,btc_qm_engine,btc_leading_zeros,0.0000000000
786506,10246997611674,btc_qm_engine,btc_sha256_elapsed_ns,1116.0000000000
786507,10246997611928,btc_qm_engine,btc_sha256_elapsed_ns,1018.0000000000
786508,10246997612127,btc_qm_engine,btc_sha256_nonce,3391661122.0000000000
786509,10246997612374,btc_qm_engine,btc_sha256_nonce,3237865498.0000000000
786510,10246997612519,btc_qm_engine,btc_leading_zeros,1.0000000000
786511,10246997612597,btc_qm_engine,btc_sha256_elapsed_ns,1043.0000000000
786512,10246997612989,btc_qm_engine,btc_sha256_nonce,2385267987.0000000000
786513,10246997613061,btc_qm_engine,btc_leading_zeros,0.0000000000
786514,10246997613131,btc_qm_engine,btc_sha256_elapsed_ns,1053.0000000000
786515,10246997613325,btc_qm_engine,btc_sha256_nonce,3030709163.0000000000
786516,10246997613397,btc_qm_engine,btc_leading_zeros,0.0000000000
786517,10246997613449,btc_qm_engine,btc_sha256_elapsed_ns,899.0000000000
786518,10246997613897,btc_qm_engine,btc_sha256_nonce,2233701441.0000000000
786519,10246997614096,btc_qm_engine,btc_leading_zeros,1.0000000000
786520,10246997614457,btc_qm_engine,btc_sha256_nonce,2178835819.0000000000
786521,10246997614731,btc_qm_engine,btc_leading_zeros,1.0000000000
786522,10246997615040,btc_qm_engine,btc_leading_zeros,1.0000000000
786523,10246997615133,btc_qm_engine,btc_sha256_elapsed_ns,1022.0000000000
786524,10246997615197,btc_qm_engine,btc_sha256_elapsed_ns,923.0000000000
786525,10246997615298,btc_qm_engine,btc_sha256_nonce,1019522029.0000000000
786526,10246997615460,btc_qm_engine,btc_sha256_elapsed_ns,1066.0000000000
786527,10246997615690,btc_qm_engine,btc_leading_zeros,0.0000000000
786528,10246997615763,btc_qm_engine,btc_sha256_elapsed_ns,741.0000000000
786529,10246997616396,btc_qm_engine,btc_sha256_nonce,3049153888.0000000000
786530,10246997616478,btc_qm_engine,btc_leading_zeros,0.0000000000
786531,10246997616549,btc_qm_engine,btc_sha256_elapsed_ns,1090.0000000000
786532,10246997616801,btc_qm_engine,btc_leading_zeros,0.0000000000
786533,10246997617177,btc_qm_engine,btc_sha256_nonce,3673914249.0000000000
786534,10246997617263,btc_qm_engine,btc_leading_zeros,0.0000000000
786535,10246997617405,btc_qm_engine,btc_sha256_elapsed_ns,1141.0000000000
786536,10246997617626,btc_qm_engine,btc_sha256_nonce,3235597543.0000000000
786537,10246997617850,btc_qm_engine,btc_sha256_nonce,1373242281.0000000000
786538,10246997617953,btc_qm_engine,btc_leading_zeros,0.0000000000
786539,10246997618015,btc_qm_engine,btc_sha256_elapsed_ns,1038.0000000000
786540,10246997618232,btc_qm_engine,btc_sha256_nonce,4248081585.0000000000
786541,10246997618656,btc_qm_engine,btc_leading_zeros,0.0000000000
786542,10246997618757,btc_qm_engine,btc_sha256_elapsed_ns,1078.0000000000
786543,10246997619036,btc_qm_engine,btc_sha256_nonce,951608981.0000000000
786544,10246997619111,btc_qm_engine,btc_leading_zeros,4.0000000000
786545,10246997619193,btc_qm_engine,btc_sha256_elapsed_ns,775.0000000000
786546,10246997619258,btc_qm_engine,btc_leading_zeros,1.0000000000
786547,10246997619895,btc_qm_engine,btc_leading_zeros,0.0000000000
786548,10246997620255,btc_qm_engine,btc_sha256_nonce,847848623.0000000000
786549,10246997620401,btc_qm_engine,btc_sha256_elapsed_ns,951.0000000000
786550,10246997620607,btc_qm_engine,btc_leading_zeros,1.0000000000
786551,10246997620695,btc_qm_engine,btc_sha256_nonce,3293688126.0000000000
786552,10246997620849,btc_qm_engine,btc_sha256_elapsed_ns,876.0000000000
786553,10246997621099,btc_qm_engine,btc_leading_zeros,4.0000000000
786554,10246997621174,btc_qm_engine,btc_sha256_elapsed_ns,821.0000000000
786555,10246997621468,btc_qm_engine,btc_sha256_nonce,3801643552.0000000000
786556,10246997621547,btc_qm_engine,btc_leading_zeros,0.0000000000
786557,10246997621628,btc_qm_engine,btc_sha256_elapsed_ns,1013.0000000000
786558,10246997621814,btc_qm_engine,btc_sha256_elapsed_ns,1012.0000000000
786559,10246997621965,btc_qm_engine,btc_sha256_nonce,627211986.0000000000
786560,10246997622288,btc_qm_engine,btc_leading_zeros,0.0000000000
786561,10246997622499,btc_qm_engine,btc_sha256_nonce,1395625308.0000000000
786562,10246997622656,btc_qm_engine,btc_sha256_nonce,378290151.0000000000
786563,10246997622902,btc_qm_engine,btc_sha256_elapsed_ns,1118.0000000000
786564,10246997623125,btc_qm_engine,btc_leading_zeros,2.0000000000
786565,10246997623399,btc_qm_engine,btc_sha256_nonce,3421288007.0000000000
786566,10246997623549,btc_qm_engine,btc_sha256_nonce,1213332373.0000000000
786567,10246997623810,btc_qm_engine,btc_leading_zeros,1.0000000000
786568,10246997624160,btc_qm_engine,btc_leading_zeros,0.0000000000
786569,10246997624257,btc_qm_engine,btc_sha256_elapsed_ns,1054.0000000000
786570,10246997624358,btc_qm_engine,btc_sha256_nonce,1071979579.0000000000
786571,10246997624522,btc_qm_engine,btc_leading_zeros,4.0000000000
786572,10246997624768,btc_qm_engine,btc_sha256_elapsed_ns,1025.0000000000
786573,10246997624961,btc_qm_engine,btc_sha256_elapsed_ns,1098.0000000000
786574,10246997625480,btc_qm_engine,btc_sha256_nonce,1804482822.0000000000
786575,10246997625552,btc_qm_engine,btc_leading_zeros,4.0000000000
786576,10246997625934,btc_qm_engine,btc_sha256_elapsed_ns,1045.0000000000
786577,10246997626022,btc_qm_engine,btc_sha256_elapsed_ns,1127.0000000000
786578,10246997626471,btc_qm_engine,btc_sha256_nonce,2487945185.0000000000
786579,10246997626550,btc_qm_engine,btc_leading_zeros,2.0000000000
786580,10246997626620,btc_qm_engine,btc_sha256_elapsed_ns,1148.0000000000
786581,10246997627594,btc_qm_engine,btc_sha256_nonce,1484567611.0000000000
786582,10246997627901,btc_qm_engine,btc_sha256_nonce,2487923300.0000000000
786583,10246997628434,btc_qm_engine,btc_leading_zeros,1.0000000000
786584,10246997628643,btc_qm_engine,btc_sha256_nonce,1537698852.0000000000
786585,10246997628771,btc_qm_engine,btc_sha256_nonce,937877113.0000000000
786586,10246997628852,btc_qm_engine,btc_leading_zeros,1.0000000000
786587,10246997629019,btc_qm_engine,btc_sha256_elapsed_ns,1119.0000000000
786588,10246997629403,btc_qm_engine,btc_sha256_elapsed_ns,976.0000000000
786589,10246997629600,btc_qm_engine,btc_leading_zeros,1.0000000000
786590,10246997629810,btc_qm_engine,btc_leading_zeros,0.0000000000
786591,10246997630046,btc_qm_engine,btc_sha256_elapsed_ns,996.0000000000
786592,10246997630177,btc_qm_engine,btc_sha256_nonce,3645081580.0000000000
786593,10246997630381,btc_qm_engine,btc_leading_zeros,3.0000000000
786594,10246997630476,btc_qm_engine,btc_sha256_elapsed_ns,1090.0000000000
786595,10246997630647,btc_qm_engine,btc_leading_zeros,2.0000000000
786596,10246997630801,btc_qm_engine,btc_sha256_elapsed_ns,1106.0000000000
786597,10246997631107,btc_qm_engine,btc_sha256_elapsed_ns,1009.0000000000
786598,10246997631236,btc_qm_engine,btc_sha256_elapsed_ns,1032.0000000000
786599,10246997631525,btc_qm_engine,btc_sha256_nonce,493332398.0000000000
786600,10246997631866,btc_qm_engine,btc_sha256_nonce,4014090004.0000000000
786601,10246997632050,btc_qm_engine,btc_sha256_nonce,2439887787.0000000000
786602,10246997632382,btc_qm_engine,btc_leading_zeros,0.0000000000
786603,10246997632539,btc_qm_engine,btc_sha256_nonce,291721586.0000000000
786604,10246997632647,btc_qm_engine,btc_leading_zeros,1.0000000000
786605,10246997632701,btc_qm_engine,btc_sha256_elapsed_ns,913.0000000000
786606,10246997632897,btc_qm_engine,btc_sha256_nonce,2048236446.0000000000
786607,10246997633084,btc_qm_engine,btc_sha256_nonce,298825172.0000000000
786608,10246997633561,btc_qm_engine,btc_leading_zeros,1.0000000000
786609,10246997633677,btc_qm_engine,btc_sha256_nonce,576809030.0000000000
786610,10246997633750,btc_qm_engine,btc_leading_zeros,0.0000000000
786611,10246997633818,btc_qm_engine,btc_sha256_elapsed_ns,823.0000000000
786612,10246997634244,btc_qm_engine,btc_leading_zeros,1.0000000000
786613,10246997634317,btc_qm_engine,btc_sha256_elapsed_ns,871.0000000000
786614,10246997634508,btc_qm_engine,btc_sha256_elapsed_ns,1039.0000000000
786615,10246997634936,btc_qm_engine,btc_sha256_nonce,3089221728.0000000000
786616,10246997635328,btc_qm_engine,btc_leading_zeros,0.0000000000
786617,10246997635662,btc_qm_engine,btc_sha256_nonce,3807534016.0000000000
786618,10246997635777,btc_qm_engine,btc_leading_zeros,0.0000000000
786619,10246997635848,btc_qm_engine,btc_sha256_elapsed_ns,1036.0000000000
786620,10246997635931,btc_qm_engine,btc_sha256_elapsed_ns,1042.0000000000
786621,10246997636078,btc_qm_engine,btc_sha256_nonce,1364770215.0000000000
786622,10246997636176,btc_qm_engine,btc_leading_zeros,4.0000000000
786623,10246997636236,btc_qm_engine,btc_sha256_elapsed_ns,975.0000000000
786624,10246997637238,btc_qm_engine,btc_sha256_nonce,4056947753.0000000000
786625,10246997637316,btc_qm_engine,btc_leading_zeros,0.0000000000
786626,10246997637387,btc_qm_engine,btc_sha256_elapsed_ns,1114.0000000000
786627,10246997637566,btc_qm_engine,btc_leading_zeros,0.0000000000
786628,10246997637712,btc_qm_engine,btc_sha256_nonce,2757605142.0000000000
786629,10246997637776,btc_qm_engine,btc_leading_zeros,0.0000000000
786630,10246997637847,btc_qm_engine,btc_sha256_elapsed_ns,1075.0000000000
786631,10246997638132,btc_qm_engine,btc_sha256_nonce,2487497025.0000000000
786632,10246997638333,btc_qm_engine,btc_sha256_elapsed_ns,1016.0000000000
786633,10246997638511,btc_qm_engine,btc_sha256_elapsed_ns,1110.0000000000
786634,10246997638702,btc_qm_engine,btc_sha256_nonce,627499053.0000000000
786635,10246997638783,btc_qm_engine,btc_leading_zeros,1.0000000000
786636,10246997639003,btc_qm_engine,btc_leading_zeros,1.0000000000
786637,10246997639151,btc_qm_engine,btc_sha256_elapsed_ns,986.0000000000
786638,10246997639393,btc_qm_engine,btc_sha256_elapsed_ns,1103.0000000000
786639,10246997639612,btc_qm_engine,btc_sha256_nonce,2844500971.0000000000
786640,10246997639942,btc_qm_engine,btc_sha256_nonce,3746378952.0000000000
786641,10246997640020,btc_qm_engine,btc_leading_zeros,0.0000000000
786642,10246997640093,btc_qm_engine,btc_sha256_elapsed_ns,1066.0000000000
786643,10246997640168,btc_qm_engine,btc_sha256_nonce,4282787517.0000000000
786644,10246997640363,btc_qm_engine,btc_sha256_nonce,2313143541.0000000000
786645,10246997640457,btc_qm_engine,btc_leading_zeros,0.0000000000
786646,10246997640567,btc_qm_engine,btc_sha256_elapsed_ns,1097.0000000000
786647,10246997640760,btc_qm_engine,btc_sha256_nonce,256024035.0000000000
786648,10246997640914,btc_qm_engine,btc_leading_zeros,0.0000000000
786649,10246997641655,btc_qm_engine,btc_leading_zeros,1.0000000000
786650,10246997642183,btc_qm_engine,btc_sha256_nonce,3083127117.0000000000
786651,10246997642314,btc_qm_engine,btc_sha256_elapsed_ns,1046.0000000000
786652,10246997642547,btc_qm_engine,btc_leading_zeros,2.0000000000
786653,10246997642617,btc_qm_engine,btc_sha256_elapsed_ns,1003.0000000000
786654,10246997642799,btc_qm_engine,btc_leading_zeros,0.0000000000
786655,10246997643268,btc_qm_engine,btc_sha256_elapsed_ns,1017.0000000000
786656,10246997643424,btc_qm_engine,btc_sha256_elapsed_ns,990.0000000000
786657,10246997643779,btc_qm_engine,btc_sha256_elapsed_ns,914.0000000000
786658,10246997643975,btc_qm_engine,btc_sha256_nonce,753645485.0000000000
786659,10246997644550,btc_qm_engine,btc_leading_zeros,0.0000000000
786660,10246997644854,btc_qm_engine,btc_sha256_nonce,1665058043.0000000000
786661,10246997645039,btc_qm_engine,btc_sha256_elapsed_ns,1048.0000000000
786662,10246997645225,btc_qm_engine,btc_sha256_nonce,3350524119.0000000000
786663,10246997645369,btc_qm_engine,btc_sha256_nonce,263266016.0000000000
786664,10246997645577,btc_qm_engine,btc_leading_zeros,0.0000000000
786665,10246997645675,btc_qm_engine,btc_sha256_elapsed_ns,1096.0000000000
786666,10246997645730,btc_qm_engine,btc_sha256_nonce,734324760.0000000000
786667,10246997646324,btc_qm_engine,btc_leading_zeros,0.0000000000
786668,10246997646567,btc_qm_engine,btc_leading_zeros,4.0000000000
786669,10246997646723,btc_qm_engine,btc_leading_zeros,1.0000000000
786670,10246997646816,btc_qm_engine,btc_sha256_nonce,260583165.0000000000
786671,10246997646907,btc_qm_engine,btc_sha256_nonce,3296057173.0000000000
786672,10246997647093,btc_qm_engine,btc_sha256_elapsed_ns,1093.0000000000
786673,10246997647403,btc_qm_engine,btc_sha256_elapsed_ns,1096.0000000000
786674,10246997647814,btc_qm_engine,btc_sha256_nonce,4233580866.0000000000
786675,10246997648130,btc_qm_engine,btc_leading_zeros,0.0000000000
786676,10246997648270,btc_qm_engine,btc_leading_zeros,1.0000000000
786677,10246997648348,btc_qm_engine,btc_sha256_elapsed_ns,1088.0000000000
786678,10246997648549,btc_qm_engine,btc_sha256_elapsed_ns,915.0000000000
786679,10246997648897,btc_qm_engine,btc_sha256_nonce,1675763504.0000000000
786680,10246997649007,btc_qm_engine,btc_leading_zeros,0.0000000000
786681,10246997649159,btc_qm_engine,btc_sha256_nonce,1431718932.0000000000
786682,10246997649379,btc_qm_engine,btc_leading_zeros,1.0000000000
786683,10246997649462,btc_qm_engine,btc_sha256_elapsed_ns,979.0000000000
786684,10246997649656,btc_qm_engine,btc_sha256_elapsed_ns,757.0000000000
786685,10246997649869,btc_qm_engine,btc_sha256_nonce,2057461667.0000000000
786686,10246997649952,btc_qm_engine,btc_leading_zeros,1.0000000000
786687,10246997650032,btc_qm_engine,btc_sha256_elapsed_ns,1028.0000000000
786688,10246997650240,btc_qm_engine,btc_leading_zeros,0.0000000000
786689,10246997650343,btc_qm_engine,btc_sha256_nonce,4009300158.0000000000
786690,10246997650630,btc_qm_engine,btc_sha256_elapsed_ns,1128.0000000000
786691,10246997650885,btc_qm_engine,btc_sha256_nonce,1775726568.0000000000
786692,10246997651258,btc_qm_engine,btc_leading_zeros,0.0000000000
786693,10246997651462,btc_qm_engine,btc_leading_zeros,0.0000000000
786694,10246997651654,btc_qm_engine,btc_sha256_elapsed_ns,1106.0000000000
786695,10246997651904,btc_qm_engine,btc_sha256_nonce,1213419974.0000000000
786696,10246997652067,btc_qm_engine,btc_sha256_nonce,3676728391.0000000000
786697,10246997652251,btc_qm_engine,btc_sha256_elapsed_ns,1057.0000000000
786698,10246997652826,btc_qm_engine,btc_sha256_nonce,695882382.0000000000
786699,10246997653089,btc_qm_engine,btc_leading_zeros,2.0000000000
786700,10246997653189,btc_qm_engine,btc_sha256_elapsed_ns,1072.0000000000
786701,10246997653360,btc_qm_engine,btc_sha256_elapsed_ns,1098.0000000000
786702,10246997654356,btc_qm_engine,btc_leading_zeros,1.0000000000
786703,10246997654431,btc_qm_engine,btc_sha256_elapsed_ns,1065.0000000000
786704,10246997654609,btc_qm_engine,btc_sha256_nonce,1699537159.0000000000
786705,10246997654678,btc_qm_engine,btc_leading_zeros,0.0000000000
786706,10246997654745,btc_qm_engine,btc_sha256_elapsed_ns,1016.0000000000
786707,10246997655055,btc_qm_engine,btc_sha256_nonce,4156562749.0000000000
786708,10246997655274,btc_qm_engine,btc_leading_zeros,0.0000000000
786709,10246997655669,btc_qm_engine,btc_sha256_nonce,2070108274.0000000000
786710,10246997655859,btc_qm_engine,btc_sha256_elapsed_ns,1064.0000000000
786711,10246997656040,btc_qm_engine,btc_sha256_nonce,2792428023.0000000000
786712,10246997656134,btc_qm_engine,btc_leading_zeros,0.0000000000
786713,10246997656233,btc_qm_engine,btc_sha256_elapsed_ns,1066.0000000000
786714,10246997656369,btc_qm_engine,btc_leading_zeros,0.0000000000
786715,10246997656485,btc_qm_engine,btc_leading_zeros,0.0000000000
786716,10246997656564,btc_qm_engine,btc_sha256_elapsed_ns,1017.0000000000
786717,10246997656764,btc_qm_engine,btc_sha256_elapsed_ns,1123.0000000000
786718,10246997657028,btc_qm_engine,btc_sha256_nonce,2343079553.0000000000
786719,10246997657220,btc_qm_engine,btc_sha256_nonce,2313437525.0000000000
786720,10246997657311,btc_qm_engine,btc_leading_zeros,2.0000000000
786721,10246997657448,btc_qm_engine,btc_sha256_elapsed_ns,1084.0000000000
786722,10246997657807,btc_qm_engine,btc_sha256_nonce,2013855227.0000000000
786723,10246997657970,btc_qm_engine,btc_leading_zeros,0.0000000000
786724,10246997658196,btc_qm_engine,btc_sha256_nonce,2888480992.0000000000
786725,10246997658437,btc_qm_engine,btc_sha256_elapsed_ns,1034.0000000000
786726,10246997658914,btc_qm_engine,btc_sha256_nonce,2488055357.0000000000
786727,10246997659045,btc_qm_engine,btc_sha256_nonce,2689906120.0000000000
786728,10246997659250,btc_qm_engine,btc_sha256_nonce,1467767830.0000000000
786729,10246997659359,btc_qm_engine,btc_leading_zeros,4.0000000000
786730,10246997659556,btc_qm_engine,btc_leading_zeros,1.0000000000
786731,10246997659626,btc_qm_engine,btc_sha256_elapsed_ns,925.0000000000
786732,10246997659779,btc_qm_engine,btc_leading_zeros,0.0000000000
786733,10246997659959,btc_qm_engine,btc_sha256_elapsed_ns,1105.0000000000
786734,10246997660229,btc_qm_engine,btc_sha256_elapsed_ns,1027.0000000000
786735,10246997660761,btc_qm_engine,btc_sha256_nonce,1336859235.0000000000
786736,10246997661054,btc_qm_engine,btc_sha256_nonce,3084075785.0000000000
786737,10246997661228,btc_qm_engine,btc_leading_zeros,2.0000000000
786738,10246997661299,btc_qm_engine,btc_sha256_elapsed_ns,866.0000000000
786739,10246997661387,btc_qm_engine,btc_leading_zeros,3.0000000000
786740,10246997661911,btc_qm_engine,btc_leading_zeros,0.0000000000
786741,10246997662064,btc_qm_engine,btc_sha256_elapsed_ns,1154.0000000000
786742,10246997662334,btc_qm_engine,btc_sha256_elapsed_ns,1075.0000000000
786743,10246997662497,btc_qm_engine,btc_sha256_nonce,1615473342.0000000000
786744,10246997662957,btc_qm_engine,btc_leading_zeros,4.0000000000
786745,10246997663009,btc_qm_engine,btc_sha256_elapsed_ns,1092.0000000000
786746,10246997663386,btc_qm_engine,btc_sha256_nonce,1466324090.0000000000
786747,10246997663736,btc_qm_engine,btc_sha256_nonce,3158243677.0000000000
786748,10246997663991,btc_qm_engine,btc_sha256_nonce,2774850668.0000000000
786749,10246997664370,btc_qm_engine,btc_leading_zeros,0.0000000000
786750,10246997664793,btc_qm_engine,btc_sha256_nonce,487974921.0000000000
786751,10246997664995,btc_qm_engine,btc_leading_zeros,0.0000000000
786752,10246997665657,btc_qm_engine,btc_leading_zeros,0.0000000000
786753,10246997665767,btc_qm_engine,btc_sha256_elapsed_ns,1052.0000000000
786754,10246997665954,btc_qm_engine,btc_sha256_elapsed_ns,1058.0000000000
786755,10246997666282,btc_qm_engine,btc_leading_zeros,1.0000000000
786756,10246997666371,btc_qm_engine,btc_sha256_elapsed_ns,1135.0000000000
786757,10246997666838,btc_qm_engine,btc_sha256_elapsed_ns,1108.0000000000
786758,10246997667111,btc_qm_engine,btc_leading_zeros,2.0000000000
786759,10246997667176,btc_qm_engine,btc_sha256_elapsed_ns,1112.0000000000
786760,10246997667417,btc_qm_engine,btc_sha256_nonce,2360819217.0000000000
786761,10246997667522,btc_qm_engine,btc_leading_zeros,0.0000000000
786762,10246997667585,btc_qm_engine,btc_sha256_elapsed_ns,1082.0000000000
786763,10246997667738,btc_qm_engine,btc_sha256_nonce,2313573225.0000000000
786764,10246997667817,btc_qm_engine,btc_leading_zeros,0.0000000000
786765,10246997667885,btc_qm_engine,btc_sha256_elapsed_ns,1061.0000000000
786766,10246997668035,btc_qm_engine,btc_sha256_nonce,1380479688.0000000000
786767,10246997668115,btc_qm_engine,btc_leading_zeros,0.0000000000
786768,10246997668183,btc_qm_engine,btc_sha256_elapsed_ns,997.0000000000
786769,10246997668503,btc_qm_engine,btc_sha256_nonce,903328549.0000000000
786770,10246997668778,btc_qm_engine,btc_sha256_nonce,2487987376.0000000000
786771,10246997668947,btc_qm_engine,btc_sha256_nonce,2360350030.0000000000
786772,10246997669232,btc_qm_engine,btc_sha256_nonce,2525900330.0000000000
786773,10246997669302,btc_qm_engine,btc_leading_zeros,0.0000000000
786774,10246997669368,btc_qm_engine,btc_sha256_elapsed_ns,1103.0000000000
786775,10246997669507,btc_qm_engine,btc_leading_zeros,0.0000000000
786776,10246997669713,btc_qm_engine,btc_sha256_nonce,2949193165.0000000000
786777,10246997670140,btc_qm_engine,btc_leading_zeros,1.0000000000
786778,10246997670660,btc_qm_engine,btc_sha256_nonce,987529542.0000000000
786779,10246997670818,btc_qm_engine,btc_sha256_nonce,2313307689.0000000000
786780,10246997671017,btc_qm_engine,btc_leading_zeros,1.0000000000
786781,10246997671126,btc_qm_engine,btc_sha256_elapsed_ns,986.0000000000
786782,10246997671219,btc_qm_engine,btc_sha256_elapsed_ns,1116.0000000000
786783,10246997671402,btc_qm_engine,btc_leading_zeros,1.0000000000
786784,10246997671483,btc_qm_engine,btc_sha256_elapsed_ns,1117.0000000000
786785,10246997671788,btc_qm_engine,btc_leading_zeros,3.0000000000
786786,10246997672094,btc_qm_engine,btc_sha256_elapsed_ns,1007.0000000000
786787,10246997672229,btc_qm_engine,btc_sha256_nonce,3267955607.0000000000
786788,10246997672300,btc_qm_engine,btc_leading_zeros,4.0000000000
786789,10246997672365,btc_qm_engine,btc_sha256_elapsed_ns,856.0000000000
786790,10246997672528,btc_qm_engine,btc_leading_zeros,1.0000000000
786791,10246997672831,btc_qm_engine,btc_sha256_nonce,1097632216.0000000000
786792,10246997673016,btc_qm_engine,btc_sha256_elapsed_ns,1115.0000000000
786793,10246997673256,btc_qm_engine,btc_leading_zeros,0.0000000000
786794,10246997673628,btc_qm_engine,btc_sha256_nonce,3988157816.0000000000
786795,10246997673793,btc_qm_engine,btc_sha256_nonce,3823318459.0000000000
786796,10246997673877,btc_qm_engine,btc_leading_zeros,4.0000000000
786797,10246997674015,btc_qm_engine,btc_sha256_elapsed_ns,1075.0000000000
786798,10246997674217,btc_qm_engine,btc_sha256_elapsed_ns,1011.0000000000
786799,10246997674649,btc_qm_engine,btc_leading_zeros,1.0000000000
786800,10246997674817,btc_qm_engine,btc_sha256_nonce,627789484.0000000000
786801,10246997674998,btc_qm_engine,btc_leading_zeros,0.0000000000
786802,10246997675342,btc_qm_engine,btc_sha256_nonce,1610953001.0000000000
786803,10246997675488,btc_qm_engine,btc_sha256_elapsed_ns,1106.0000000000
786804,10246997675664,btc_qm_engine,btc_sha256_nonce,3786101743.0000000000
786805,10246997675804,btc_qm_engine,btc_leading_zeros,0.0000000000
786806,10246997675926,btc_qm_engine,btc_sha256_elapsed_ns,958.0000000000
786807,10246997676041,btc_qm_engine,btc_sha256_nonce,3805099590.0000000000
786808,10246997676213,btc_qm_engine,btc_sha256_elapsed_ns,1132.0000000000
786809,10246997676672,btc_qm_engine,btc_leading_zeros,1.0000000000
786810,10246997676832,btc_qm_engine,btc_sha256_nonce,2487706149.0000000000
786811,10246997677194,btc_qm_engine,btc_leading_zeros,1.0000000000
786812,10246997677390,btc_qm_engine,btc_sha256_elapsed_ns,896.0000000000
786813,10246997677686,btc_qm_engine,btc_sha256_nonce,587708815.0000000000
786814,10246997678053,btc_qm_engine,btc_sha256_nonce,2445412201.0000000000
786815,10246997678137,btc_qm_engine,btc_leading_zeros,0.0000000000
786816,10246997678213,btc_qm_engine,btc_sha256_elapsed_ns,1030.0000000000
786817,10246997678572,btc_qm_engine,btc_sha256_nonce,2738233013.0000000000
786818,10246997679013,btc_qm_engine,btc_leading_zeros,0.0000000000
786819,10246997679348,btc_qm_engine,btc_leading_zeros,1.0000000000
786820,10246997679426,btc_qm_engine,btc_sha256_elapsed_ns,929.0000000000
786821,10246997679598,btc_qm_engine,btc_leading_zeros,3.0000000000
786822,10246997679855,btc_qm_engine,btc_sha256_elapsed_ns,1057.0000000000
786823,10246997680545,btc_qm_engine,btc_sha256_nonce,3364548407.0000000000
786824,10246997680895,btc_qm_engine,btc_leading_zeros,0.0000000000
786825,10246997681286,btc_qm_engine,btc_sha256_elapsed_ns,904.0000000000
786826,10246997681370,btc_qm_engine,btc_sha256_elapsed_ns,889.0000000000
786827,10246997681508,btc_qm_engine,btc_sha256_nonce,3994686877.0000000000
786828,10246997681837,btc_qm_engine,btc_leading_zeros,0.0000000000
786829,10246997681893,btc_qm_engine,btc_sha256_elapsed_ns,1062.0000000000
786830,10246997682012,btc_qm_engine,btc_sha256_nonce,2761581777.0000000000
786831,10246997682093,btc_qm_engine,btc_leading_zeros,0.0000000000
786832,10246997682163,btc_qm_engine,btc_sha256_elapsed_ns,1096.0000000000
786833,10246997682267,btc_qm_engine,btc_leading_zeros,0.0000000000
786834,10246997682471,btc_qm_engine,btc_sha256_elapsed_ns,1072.0000000000
786835,10246997682719,btc_qm_engine,btc_sha256_elapsed_ns,1096.0000000000
786836,10246997682963,btc_qm_engine,btc_sha256_nonce,1437067890.0000000000
786837,10246997683242,btc_qm_engine,btc_sha256_nonce,1059693243.0000000000
786838,10246997683385,btc_qm_engine,btc_leading_zeros,1.0000000000
786839,10246997683532,btc_qm_engine,btc_sha256_nonce,22319824.0000000000
786840,10246997683647,btc_qm_engine,btc_leading_zeros,4.0000000000
786841,10246997683715,btc_qm_engine,btc_sha256_elapsed_ns,1070.0000000000
786842,10246997683885,btc_qm_engine,btc_leading_zeros,1.0000000000
786843,10246997684032,btc_qm_engine,btc_sha256_elapsed_ns,1159.0000000000
786844,10246997684171,btc_qm_engine,btc_sha256_nonce,603135186.0000000000
786845,10246997684308,btc_qm_engine,btc_sha256_nonce,3083901066.0000000000
786846,10246997684822,btc_qm_engine,btc_sha256_nonce,729420999.0000000000
786847,10246997684987,btc_qm_engine,btc_leading_zeros,0.0000000000
786848,10246997685270,btc_qm_engine,btc_sha256_nonce,4277213268.0000000000
786849,10246997685457,btc_qm_engine,btc_sha256_nonce,1855477674.0000000000
786850,10246997685618,btc_qm_engine,btc_leading_zeros,2.0000000000
786851,10246997686308,btc_qm_engine,btc_sha256_nonce,3420601810.0000000000
786852,10246997687005,btc_qm_engine,btc_sha256_elapsed_ns,1054.0000000000
786853,10246997687204,btc_qm_engine,btc_leading_zeros,1.0000000000
786854,10246997687589,btc_qm_engine,btc_sha256_elapsed_ns,1065.0000000000
786855,10246997687896,btc_qm_engine,btc_sha256_elapsed_ns,1140.0000000000
786856,10246997688072,btc_qm_engine,btc_leading_zeros,3.0000000000
786857,10246997688353,btc_qm_engine,btc_sha256_nonce,3876496769.0000000000
786858,10246997688820,btc_qm_engine,btc_sha256_elapsed_ns,1075.0000000000
786859,10246997688993,btc_qm_engine,btc_leading_zeros,1.0000000000
786860,10246997689078,btc_qm_engine,btc_sha256_elapsed_ns,1033.0000000000
786861,10246997689296,btc_qm_engine,btc_sha256_elapsed_ns,980.0000000000
786862,10246997689463,btc_qm_engine,btc_sha256_nonce,1453497478.0000000000
786863,10246997689543,btc_qm_engine,btc_leading_zeros,0.0000000000
786864,10246997689619,btc_qm_engine,btc_sha256_elapsed_ns,1127.0000000000
786865,10246997689826,btc_qm_engine,btc_leading_zeros,0.0000000000
786866,10246997690431,btc_qm_engine,btc_sha256_nonce,3470453115.0000000000
786867,10246997690873,btc_qm_engine,btc_leading_zeros,1.0000000000
786868,10246997690960,btc_qm_engine,btc_sha256_nonce,174391803.0000000000
786869,10246997691127,btc_qm_engine,btc_sha256_nonce,2843616954.0000000000
786870,10246997691203,btc_qm_engine,btc_leading_zeros,2.0000000000
786871,10246997691269,btc_qm_engine,btc_sha256_elapsed_ns,1064.0000000000
786872,10246997691704,btc_qm_engine,btc_leading_zeros,1.0000000000
786873,10246997691834,btc_qm_engine,btc_sha256_elapsed_ns,1092.0000000000
786874,10246997692175,btc_qm_engine,btc_sha256_nonce,3309788047.0000000000
786875,10246997692376,btc_qm_engine,btc_sha256_nonce,2771317215.0000000000
786876,10246997692580,btc_qm_engine,btc_leading_zeros,0.0000000000
786877,10246997692733,btc_qm_engine,btc_sha256_elapsed_ns,1050.0000000000
786878,10246997693102,btc_qm_engine,btc_leading_zeros,0.0000000000
786879,10246997693334,btc_qm_engine,btc_sha256_elapsed_ns,1070.0000000000
786880,10246997693476,btc_qm_engine,btc_sha256_nonce,2568906386.0000000000
786881,10246997693563,btc_qm_engine,btc_leading_zeros,0.0000000000
786882,10246997693750,btc_qm_engine,btc_sha256_elapsed_ns,1058.0000000000
786883,10246997694128,btc_qm_engine,btc_sha256_elapsed_ns,741.0000000000
786884,10246997694479,btc_qm_engine,btc_sha256_nonce,568265655.0000000000
786885,10246997694709,btc_qm_engine,btc_sha256_nonce,4248033517.0000000000
786886,10246997694931,btc_qm_engine,btc_leading_zeros,0.0000000000
786887,10246997695006,btc_qm_engine,btc_sha256_elapsed_ns,1119.0000000000
786888,10246997695171,btc_qm_engine,btc_leading_zeros,1.0000000000
786889,10246997695489,btc_qm_engine,btc_sha256_nonce,3349699170.0000000000
786890,10246997695571,btc_qm_engine,btc_leading_zeros,1.0000000000
786891,10246997695724,btc_qm_engine,btc_sha256_nonce,2487412341.0000000000
786892,10246997696064,btc_qm_engine,btc_sha256_elapsed_ns,996.0000000000
786893,10246997696314,btc_qm_engine,btc_sha256_elapsed_ns,1116.0000000000
786894,10246997696495,btc_qm_engine,btc_sha256_nonce,979988752.0000000000
786895,10246997696580,btc_qm_engine,btc_leading_zeros,4.0000000000
786896,10246997696675,btc_qm_engine,btc_sha256_elapsed_ns,1100.0000000000
786897,10246997696761,btc_qm_engine,btc_leading_zeros,1.0000000000
786898,10246997696924,btc_qm_engine,btc_sha256_nonce,268524885.0000000000
786899,10246997697174,btc_qm_engine,btc_sha256_elapsed_ns,1028.0000000000
786900,10246997697329,btc_qm_engine,btc_leading_zeros,0.0000000000
786901,10246997697400,btc_qm_engine,btc_sha256_elapsed_ns,1041.0000000000
786902,10246997697940,btc_qm_engine,btc_sha256_nonce,164451517.0000000000
786903,10246997698015,btc_qm_engine,btc_leading_zeros,0.0000000000
786904,10246997698092,btc_qm_engine,btc_sha256_elapsed_ns,1057.0000000000
786905,10246997698312,btc_qm_engine,btc_sha256_nonce,3088848367.0000000000
786906,10246997698493,btc_qm_engine,btc_sha256_elapsed_ns,1078.0000000000
786907,10246997698747,btc_qm_engine,btc_sha256_nonce,4112049210.0000000000
786908,10246997698823,btc_qm_engine,btc_leading_zeros,2.0000000000
786909,10246997698897,btc_qm_engine,btc_sha256_elapsed_ns,1092.0000000000
786910,10246997699384,btc_qm_engine,btc_sha256_nonce,826709844.0000000000
786911,10246997699491,btc_qm_engine,btc_leading_zeros,2.0000000000
786912,10246997699771,btc_qm_engine,btc_sha256_elapsed_ns,871.0000000000
786913,10246997699961,btc_qm_engine,btc_sha256_nonce,2393636054.0000000000
786914,10246997700126,btc_qm_engine,btc_sha256_nonce,314922692.0000000000
786915,10246997700208,btc_qm_engine,btc_leading_zeros,2.0000000000
786916,10246997700287,btc_qm_engine,btc_sha256_elapsed_ns,1024.0000000000
786917,10246997700773,btc_qm_engine,btc_sha256_nonce,335212388.0000000000
786918,10246997700883,btc_qm_engine,btc_leading_zeros,4.0000000000
786919,10246997701003,btc_qm_engine,btc_leading_zeros,1.0000000000
786920,10246997701265,btc_qm_engine,btc_sha256_elapsed_ns,730.0000000000
786921,10246997701483,btc_qm_engine,btc_sha256_elapsed_ns,1080.0000000000
786922,10246997701833,btc_qm_engine,btc_sha256_nonce,2495932659.0000000000
786923,10246997701895,btc_qm_engine,btc_leading_zeros,0.0000000000
786924,10246997701952,btc_qm_engine,btc_sha256_elapsed_ns,973.0000000000
786925,10246997702292,btc_qm_engine,btc_sha256_nonce,4127150942.0000000000
786926,10246997702850,btc_qm_engine,btc_leading_zeros,1.0000000000
786927,10246997702921,btc_qm_engine,btc_sha256_elapsed_ns,1104.0000000000
786928,10246997703431,btc_qm_engine,btc_sha256_nonce,4237303577.0000000000
786929,10246997703783,btc_qm_engine,btc_leading_zeros,0.0000000000
786930,10246997703836,btc_qm_engine,btc_sha256_elapsed_ns,802.0000000000
786931,10246997704280,btc_qm_engine,btc_sha256_nonce,2552243314.0000000000
786932,10246997704702,btc_qm_engine,btc_leading_zeros,0.0000000000
786933,10246997704821,btc_qm_engine,btc_sha256_nonce,1793889036.0000000000
786934,10246997705212,btc_qm_engine,btc_sha256_nonce,3611300285.0000000000
786935,10246997705314,btc_qm_engine,btc_leading_zeros,0.0000000000
786936,10246997705386,btc_qm_engine,btc_sha256_elapsed_ns,1111.0000000000
786937,10246997705490,btc_qm_engine,btc_sha256_elapsed_ns,1115.0000000000
786938,10246997705667,btc_qm_engine,btc_sha256_nonce,3420478629.0000000000
786939,10246997705816,btc_qm_engine,btc_leading_zeros,1.0000000000
786940,10246997706051,btc_qm_engine,btc_sha256_nonce,488902610.0000000000
786941,10246997706184,btc_qm_engine,btc_sha256_elapsed_ns,1078.0000000000
786942,10246997706468,btc_qm_engine,btc_leading_zeros,1.0000000000
786943,10246997706659,btc_qm_engine,btc_sha256_nonce,3256740835.0000000000
786944,10246997706771,btc_qm_engine,btc_leading_zeros,0.0000000000
786945,10246997706829,btc_qm_engine,btc_sha256_elapsed_ns,1062.0000000000
786946,10246997706927,btc_qm_engine,btc_leading_zeros,0.0000000000
786947,10246997707030,btc_qm_engine,btc_leading_zeros,1.0000000000
786948,10246997707187,btc_qm_engine,btc_sha256_elapsed_ns,807.0000000000
786949,10246997707335,btc_qm_engine,btc_sha256_elapsed_ns,868.0000000000
786950,10246997707548,btc_qm_engine,btc_sha256_nonce,505500600.0000000000
786951,10246997707623,btc_qm_engine,btc_leading_zeros,0.0000000000
786952,10246997707943,btc_qm_engine,btc_sha256_elapsed_ns,937.0000000000
786953,10246997708110,btc_qm_engine,btc_sha256_nonce,3663272805.0000000000
786954,10246997708206,btc_qm_engine,btc_leading_zeros,0.0000000000
786955,10246997708279,btc_qm_engine,btc_sha256_elapsed_ns,983.0000000000
786956,10246997708716,btc_qm_engine,btc_sha256_elapsed_ns,1078.0000000000
786957,10246997708889,btc_qm_engine,btc_sha256_nonce,4217071424.0000000000
786958,10246997708975,btc_qm_engine,btc_leading_zeros,2.0000000000
786959,10246997709121,btc_qm_engine,btc_sha256_nonce,4101508712.0000000000
786960,10246997709554,btc_qm_engine,btc_sha256_nonce,1810397043.0000000000
786961,10246997709629,btc_qm_engine,btc_leading_zeros,4.0000000000
786962,10246997709735,btc_qm_engine,btc_leading_zeros,0.0000000000
786963,10246997709808,btc_qm_engine,btc_sha256_elapsed_ns,1087.0000000000
786964,10246997709975,btc_qm_engine,btc_sha256_nonce,28867563.0000000000
786965,10246997710287,btc_qm_engine,btc_sha256_elapsed_ns,1081.0000000000
786966,10246997710489,btc_qm_engine,btc_sha256_elapsed_ns,1061.0000000000
786967,10246997710988,btc_qm_engine,btc_sha256_nonce,1392908480.0000000000
786968,10246997711177,btc_qm_engine,btc_sha256_nonce,1054643644.0000000000
786969,10246997711270,btc_qm_engine,btc_leading_zeros,0.0000000000
786970,10246997711344,btc_qm_engine,btc_sha256_elapsed_ns,1004.0000000000
786971,10246997711469,btc_qm_engine,btc_leading_zeros,0.0000000000
786972,10246997711548,btc_qm_engine,btc_sha256_elapsed_ns,1104.0000000000
786973,10246997711706,btc_qm_engine,btc_sha256_nonce,1488640289.0000000000
786974,10246997711779,btc_qm_engine,btc_leading_zeros,1.0000000000
786975,10246997711969,btc_qm_engine,btc_leading_zeros,0.0000000000
786976,10246997712366,btc_qm_engine,btc_sha256_elapsed_ns,1082.0000000000
786977,10246997712691,btc_qm_engine,btc_sha256_nonce,2623798736.0000000000
786978,10246997712769,btc_qm_engine,btc_leading_zeros,0.0000000000
786979,10246997712958,btc_qm_engine,btc_sha256_nonce,4153774155.0000000000
786980,10246997713213,btc_qm_engine,btc_sha256_elapsed_ns,1092.0000000000
786981,10246997713288,btc_qm_engine,btc_sha256_nonce,2037612587.0000000000
786982,10246997713672,btc_qm_engine,btc_sha256_elapsed_ns,953.0000000000
786983,10246997714132,btc_qm_engine,btc_leading_zeros,1.0000000000
786984,10246997714306,btc_qm_engine,btc_sha256_elapsed_ns,970.0000000000
786985,10246997714468,btc_qm_engine,btc_sha256_nonce,318780535.0000000000
786986,10246997714602,btc_qm_engine,btc_sha256_nonce,650178458.0000000000
786987,10246997714854,btc_qm_engine,btc_leading_zeros,2.0000000000
786988,10246997715012,btc_qm_engine,btc_leading_zeros,0.0000000000
786989,10246997715079,btc_qm_engine,btc_sha256_elapsed_ns,1100.0000000000
786990,10246997715254,btc_qm_engine,btc_leading_zeros,0.0000000000
786991,10246997715493,btc_qm_engine,btc_sha256_elapsed_ns,923.0000000000
786992,10246997715868,btc_qm_engine,btc_sha256_nonce,2194186765.0000000000
786993,10246997716225,btc_qm_engine,btc_leading_zeros,0.0000000000
786994,10246997716278,btc_qm_engine,btc_sha256_elapsed_ns,1000.0000000000
786995,10246997716386,btc_qm_engine,btc_sha256_nonce,3743655935.0000000000
786996,10246997716818,btc_qm_engine,btc_leading_zeros,0.0000000000
786997,10246997716894,btc_qm_engine,btc_sha256_elapsed_ns,1049.0000000000
786998,10246997717235,btc_qm_engine,btc_sha256_nonce,1214083087.0000000000
786999,10246997717578,btc_qm_engine,btc_sha256_nonce,607807884.0000000000
787000,10246997717874,btc_qm_engine,btc_leading_zeros,3.0000000000
787001,10246997717969,btc_qm_engine,btc_sha256_elapsed_ns,1131.0000000000
787002,10246997718113,btc_qm_engine,btc_sha256_nonce,3122028137.0000000000
787003,10246997718259,btc_qm_engine,btc_leading_zeros,1.0000000000
787004,10246997718335,btc_qm_engine,btc_sha256_elapsed_ns,1021.0000000000
787005,10246997718598,btc_qm_engine,btc_sha256_elapsed_ns,1155.0000000000
787006,10246997719248,btc_qm_engine,btc_sha256_nonce,2998652718.0000000000
787007,10246997719323,btc_qm_engine,btc_leading_zeros,1.0000000000
787008,10246997719397,btc_qm_engine,btc_sha256_elapsed_ns,1073.0000000000
787009,10246997719657,btc_qm_engine,btc_sha256_nonce,2486988385.0000000000
787010,10246997719740,btc_qm_engine,btc_leading_zeros,1.0000000000
787011,10246997719805,btc_qm_engine,btc_sha256_elapsed_ns,1050.0000000000
787012,10246997720021,btc_qm_engine,btc_sha256_nonce,1481523448.0000000000
787013,10246997720102,btc_qm_engine,btc_leading_zeros,3.0000000000
787014,10246997720175,btc_qm_engine,btc_sha256_elapsed_ns,1125.0000000000
787015,10246997720689,btc_qm_engine,btc_sha256_nonce,1551576662.0000000000
787016,10246997720766,btc_qm_engine,btc_leading_zeros,3.0000000000
787017,10246997720938,btc_qm_engine,btc_sha256_nonce,3122066574.0000000000
787018,10246997721176,btc_qm_engine,btc_sha256_nonce,3896517455.0000000000
787019,10246997721270,btc_qm_engine,btc_leading_zeros,3.0000000000
787020,10246997721464,btc_qm_engine,btc_sha256_elapsed_ns,1074.0000000000
787021,10246997721949,btc_qm_engine,btc_leading_zeros,2.0000000000
787022,10246997722100,btc_qm_engine,btc_sha256_elapsed_ns,1061.0000000000
787023,10246997722238,btc_qm_engine,btc_sha256_elapsed_ns,1147.0000000000
787024,10246997722911,btc_qm_engine,btc_sha256_elapsed_ns,758.0000000000
787025,10246997723282,btc_qm_engine,btc_sha256_nonce,2487122205.0000000000
787026,10246997723376,btc_qm_engine,btc_leading_zeros,4.0000000000
787027,10246997723465,btc_qm_engine,btc_sha256_nonce,2561984020.0000000000
787028,10246997723883,btc_qm_engine,btc_leading_zeros,0.0000000000
787029,10246997723968,btc_qm_engine,btc_sha256_elapsed_ns,925.0000000000
787030,10246997724173,btc_qm_engine,btc_leading_zeros,1.0000000000
787031,10246997724250,btc_qm_engine,btc_sha256_elapsed_ns,1021.0000000000
787032,10246997724451,btc_qm_engine,btc_sha256_elapsed_ns,1131.0000000000
787033,10246997724924,btc_qm_engine,btc_sha256_nonce,627307184.0000000000
787034,10246997725264,btc_qm_engine,btc_leading_zeros,1.0000000000
787035,10246997725344,btc_qm_engine,btc_sha256_elapsed_ns,950.0000000000
787036,10246997725574,btc_qm_engine,btc_sha256_nonce,2666957701.0000000000
787037,10246997725714,btc_qm_engine,btc_sha256_nonce,969343505.0000000000
787038,10246997725891,btc_qm_engine,btc_leading_zeros,0.0000000000
787039,10246997726141,btc_qm_engine,btc_sha256_nonce,3288564173.0000000000
787040,10246997726228,btc_qm_engine,btc_sha256_nonce,1741318212.0000000000
787041,10246997726551,btc_qm_engine,btc_sha256_nonce,1405311486.0000000000
787042,10246997726775,btc_qm_engine,btc_sha256_nonce,1609391101.0000000000
787043,10246997726905,btc_qm_engine,btc_leading_zeros,1.0000000000
787044,10246997727113,btc_qm_engine,btc_sha256_elapsed_ns,1128.0000000000
787045,10246997727814,btc_qm_engine,btc_leading_zeros,2.0000000000
787046,10246997727962,btc_qm_engine,btc_leading_zeros,0.0000000000
787047,10246997728250,btc_qm_engine,btc_sha256_elapsed_ns,1128.0000000000
787048,10246997728632,btc_qm_engine,btc_sha256_elapsed_ns,1136.0000000000
787049,10246997729002,btc_qm_engine,btc_leading_zeros,2.0000000000
787050,10246997729206,btc_qm_engine,btc_leading_zeros,0.0000000000
787051,10246997729334,btc_qm_engine,btc_sha256_elapsed_ns,922.0000000000
787052,10246997729455,btc_qm_engine,btc_sha256_nonce,1639604428.0000000000
787053,10246997729527,btc_qm_engine,btc_leading_zeros,0.0000000000
787054,10246997729621,btc_qm_engine,btc_sha256_elapsed_ns,1112.0000000000
787055,10246997729806,btc_qm_engine,btc_sha256_elapsed_ns,1062.0000000000
787056,10246997730210,btc_qm_engine,btc_sha256_elapsed_ns,1028.0000000000
787057,10246997730364,btc_qm_engine,btc_sha256_nonce,2313216033.0000000000
787058,10246997730444,btc_qm_engine,btc_leading_zeros,1.0000000000
787059,10246997730513,btc_qm_engine,btc_sha256_elapsed_ns,1114.0000000000
787060,10246997730692,btc_qm_engine,btc_sha256_nonce,3605243205.0000000000
787061,10246997730772,btc_qm_engine,btc_leading_zeros,0.0000000000
787062,10246997730836,btc_qm_engine,btc_sha256_elapsed_ns,1006.0000000000
787063,10246997730968,btc_qm_engine,btc_sha256_nonce,342678860.0000000000
787064,10246997731294,btc_qm_engine,btc_sha256_nonce,2894790915.0000000000
787065,10246997731369,btc_qm_engine,btc_leading_zeros,0.0000000000
787066,10246997731555,btc_qm_engine,btc_leading_zeros,1.0000000000
787067,10246997731909,btc_qm_engine,btc_sha256_nonce,368034614.0000000000
787068,10246997732106,btc_qm_engine,btc_leading_zeros,1.0000000000
787069,10246997732680,btc_qm_engine,btc_sha256_nonce,293598799.0000000000
787070,10246997732882,btc_qm_engine,btc_sha256_nonce,2557238390.0000000000
787071,10246997733241,btc_qm_engine,btc_sha256_nonce,2487583657.0000000000
787072,10246997733375,btc_qm_engine,btc_sha256_elapsed_ns,1100.0000000000
787073,10246997733485,btc_qm_engine,btc_sha256_elapsed_ns,971.0000000000
787074,10246997733649,btc_qm_engine,btc_leading_zeros,3.0000000000
787075,10246997733822,btc_qm_engine,btc_leading_zeros,0.0000000000
787076,10246997733902,btc_qm_engine,btc_sha256_elapsed_ns,1077.0000000000
787077,10246997734031,btc_qm_engine,btc_sha256_elapsed_ns,1077.0000000000
787078,10246997734168,btc_qm_engine,btc_leading_zeros,2.0000000000
787079,10246997734521,btc_qm_engine,btc_sha256_elapsed_ns,1086.0000000000
787080,10246997734608,btc_qm_engine,btc_sha256_nonce,1676773337.0000000000
787081,10246997734687,btc_qm_engine,btc_leading_zeros,0.0000000000
787082,10246997734751,btc_qm_engine,btc_sha256_elapsed_ns,1016.0000000000
787083,10246997735133,btc_qm_engine,btc_sha256_nonce,1214076008.0000000000
787084,10246997735374,btc_qm_engine,btc_sha256_nonce,3608769328.0000000000
787085,10246997735940,btc_qm_engine,btc_sha256_nonce,3054427223.0000000000
787086,10246997736113,btc_qm_engine,btc_leading_zeros,0.0000000000
787087,10246997736309,btc_qm_engine,btc_leading_zeros,3.0000000000
787088,10246997736665,btc_qm_engine,btc_sha256_nonce,2313058107.0000000000
787089,10246997736853,btc_qm_engine,btc_sha256_elapsed_ns,12039.0000000000
787090,10246997737033,btc_qm_engine,btc_sha256_elapsed_ns,1120.0000000000
787091,10246997737268,btc_qm_engine,btc_sha256_nonce,210884211.0000000000
787092,10246997737383,btc_qm_engine,btc_leading_zeros,1.0000000000
787093,10246997737522,btc_qm_engine,btc_sha256_elapsed_ns,1115.0000000000
787094,10246997737670,btc_qm_engine,btc_leading_zeros,4.0000000000
787095,10246997737877,btc_qm_engine,btc_leading_zeros,0.0000000000
787096,10246997738354,btc_qm_engine,btc_sha256_elapsed_ns,1079.0000000000
787097,10246997738532,btc_qm_engine,btc_sha256_nonce,1744166279.0000000000
787098,10246997738604,btc_qm_engine,btc_leading_zeros,1.0000000000
787099,10246997738676,btc_qm_engine,btc_sha256_elapsed_ns,949.0000000000
787100,10246997738873,btc_qm_engine,btc_sha256_nonce,1738291474.0000000000
787101,10246997738940,btc_qm_engine,btc_leading_zeros,0.0000000000
787102,10246997739007,btc_qm_engine,btc_sha256_elapsed_ns,854.0000000000
787103,10246997739273,btc_qm_engine,btc_sha256_elapsed_ns,1067.0000000000
787104,10246997740013,btc_qm_engine,btc_sha256_nonce,577569771.0000000000
787105,10246997740229,btc_qm_engine,btc_leading_zeros,1.0000000000
787106,10246997740344,btc_qm_engine,btc_sha256_elapsed_ns,864.0000000000
787107,10246997740721,btc_qm_engine,btc_sha256_nonce,2364454093.0000000000
787108,10246997740844,btc_qm_engine,btc_sha256_nonce,3922576275.0000000000
787109,10246997741041,btc_qm_engine,btc_sha256_nonce,3847651455.0000000000
787110,10246997741352,btc_qm_engine,btc_sha256_nonce,3251235101.0000000000
787111,10246997741503,btc_qm_engine,btc_sha256_nonce,1213698792.0000000000
787112,10246997741572,btc_qm_engine,btc_leading_zeros,0.0000000000
787113,10246997741626,btc_qm_engine,btc_sha256_elapsed_ns,899.0000000000
787114,10246997742138,btc_qm_engine,btc_leading_zeros,4.0000000000
787115,10246997742284,btc_qm_engine,btc_leading_zeros,0.0000000000
787116,10246997742357,btc_qm_engine,btc_sha256_elapsed_ns,1072.0000000000
787117,10246997742630,btc_qm_engine,btc_leading_zeros,0.0000000000
787118,10246997742746,btc_qm_engine,btc_sha256_elapsed_ns,1058.0000000000
787119,10246997742893,btc_qm_engine,btc_sha256_nonce,726501649.0000000000
787120,10246997743001,btc_qm_engine,btc_sha256_elapsed_ns,1169.0000000000
787121,10246997743434,btc_qm_engine,btc_leading_zeros,3.0000000000
787122,10246997743820,btc_qm_engine,btc_sha256_nonce,3110798708.0000000000
787123,10246997743896,btc_qm_engine,btc_leading_zeros,0.0000000000
787124,10246997743963,btc_qm_engine,btc_sha256_elapsed_ns,1118.0000000000
787125,10246997744050,btc_qm_engine,btc_sha256_nonce,1664913739.0000000000
787126,10246997744151,btc_qm_engine,btc_leading_zeros,1.0000000000
787127,10246997744459,btc_qm_engine,btc_sha256_nonce,627182464.0000000000
787128,10246997744542,btc_qm_engine,btc_leading_zeros,4.0000000000
787129,10246997744684,btc_qm_engine,btc_sha256_elapsed_ns,1074.0000000000
787130,10246997744903,btc_qm_engine,btc_sha256_elapsed_ns,915.0000000000
787131,10246997745327,btc_qm_engine,btc_leading_zeros,0.0000000000
787132,10246997745647,btc_qm_engine,btc_sha256_elapsed_ns,1146.0000000000
787133,10246997745846,btc_qm_engine,btc_sha256_nonce,1191658978.0000000000
787134,10246997746007,btc_qm_engine,btc_sha256_nonce,1520769884.0000000000
787135,10246997746242,btc_qm_engine,btc_leading_zeros,0.0000000000
787136,10246997746337,btc_qm_engine,btc_sha256_elapsed_ns,1051.0000000000
787137,10246997746449,btc_qm_engine,btc_sha256_elapsed_ns,1131.0000000000
787138,10246997746584,btc_qm_engine,btc_sha256_nonce,3520805038.0000000000
787139,10246997746702,btc_qm_engine,btc_leading_zeros,1.0000000000
787140,10246997746819,btc_qm_engine,btc_sha256_elapsed_ns,1143.0000000000
787141,10246997746954,btc_qm_engine,btc_sha256_nonce,3854958701.0000000000
787142,10246997747030,btc_qm_engine,btc_leading_zeros,0.0000000000
787143,10246997747133,btc_qm_engine,btc_sha256_elapsed_ns,1062.0000000000
787144,10246997747217,btc_qm_engine,btc_leading_zeros,0.0000000000
787145,10246997747718,btc_qm_engine,btc_sha256_elapsed_ns,1009.0000000000
787146,10246997747811,btc_qm_engine,btc_sha256_nonce,2921973070.0000000000
787147,10246997747887,btc_qm_engine,btc_leading_zeros,1.0000000000
787148,10246997747963,btc_qm_engine,btc_sha256_elapsed_ns,988.0000000000
787149,10246997748175,btc_qm_engine,btc_sha256_nonce,3187664899.0000000000
787150,10246997748373,btc_qm_engine,btc_leading_zeros,0.0000000000
787151,10246997748563,btc_qm_engine,btc_leading_zeros,0.0000000000
787152,10246997748649,btc_qm_engine,btc_sha256_nonce,1096825603.0000000000
787153,10246997748892,btc_qm_engine,btc_sha256_elapsed_ns,1030.0000000000
787154,10246997749128,btc_qm_engine,btc_sha256_nonce,3847475054.0000000000
787155,10246997749265,btc_qm_engine,btc_sha256_nonce,3103170126.0000000000
787156,10246997749571,btc_qm_engine,btc_leading_zeros,1.0000000000
787157,10246997749638,btc_qm_engine,btc_leading_zeros,2.0000000000
787158,10246997749954,btc_qm_engine,btc_sha256_elapsed_ns,1123.0000000000
787159,10246997750309,btc_qm_engine,btc_sha256_elapsed_ns,1074.0000000000
787160,10246997750678,btc_qm_engine,btc_sha256_nonce,1043414127.0000000000
787161,10246997750755,btc_qm_engine,btc_leading_zeros,0.0000000000
787162,10246997750922,btc_qm_engine,btc_sha256_elapsed_ns,1041.0000000000
787163,10246997751418,btc_qm_engine,btc_sha256_nonce,628295475.0000000000
787164,10246997751600,btc_qm_engine,btc_leading_zeros,0.0000000000
787165,10246997751936,btc_qm_engine,btc_leading_zeros,2.0000000000
787166,10246997752331,btc_qm_engine,btc_sha256_elapsed_ns,1131.0000000000
787167,10246997752443,btc_qm_engine,btc_sha256_nonce,1442661939.0000000000
787168,10246997752587,btc_qm_engine,btc_sha256_elapsed_ns,1077.0000000000
787169,10246997752798,btc_qm_engine,btc_sha256_elapsed_ns,786.0000000000
787170,10246997753170,btc_qm_engine,btc_leading_zeros,1.0000000000
787171,10246997753325,btc_qm_engine,btc_sha256_nonce,1213926489.0000000000
787172,10246997753757,btc_qm_engine,btc_sha256_elapsed_ns,1073.0000000000
787173,10246997753893,btc_qm_engine,btc_leading_zeros,0.0000000000
787174,10246997753975,btc_qm_engine,btc_sha256_elapsed_ns,1079.0000000000
787175,10246997754449,btc_qm_engine,btc_sha256_nonce,1503735424.0000000000
787176,10246997754563,btc_qm_engine,btc_sha256_nonce,728993962.0000000000
787177,10246997754743,btc_qm_engine,btc_sha256_elapsed_ns,795.0000000000
787178,10246997755196,btc_qm_engine,btc_leading_zeros,2.0000000000
787179,10246997755370,btc_qm_engine,btc_leading_zeros,0.0000000000
787180,10246997755539,btc_qm_engine,btc_sha256_nonce,1419432223.0000000000
787181,10246997755675,btc_qm_engine,btc_sha256_elapsed_ns,1121.0000000000
787182,10246997755816,btc_qm_engine,btc_sha256_nonce,2360124308.0000000000
787183,10246997755939,btc_qm_engine,btc_leading_zeros,1.0000000000
787184,10246997756281,btc_qm_engine,btc_leading_zeros,0.0000000000
787185,10246997756609,btc_qm_engine,btc_sha256_nonce,175989565.0000000000
787186,10246997756825,btc_qm_engine,btc_sha256_nonce,927062594.0000000000
787187,10246997756902,btc_qm_engine,btc_leading_zeros,0.0000000000
787188,10246997756986,btc_qm_engine,btc_sha256_elapsed_ns,1119.0000000000
787189,10246997757176,btc_qm_engine,btc_sha256_elapsed_ns,1073.0000000000
787190,10246997757322,btc_qm_engine,btc_leading_zeros,1.0000000000
787191,10246997757416,btc_qm_engine,btc_sha256_elapsed_ns,1075.0000000000
787192,10246997757573,btc_qm_engine,btc_sha256_elapsed_ns,1071.0000000000
787193,10246997757800,btc_qm_engine,btc_sha256_nonce,2857188356.0000000000
787194,10246997758130,btc_qm_engine,btc_sha256_elapsed_ns,1063.0000000000
787195,10246997758280,btc_qm_engine,btc_leading_zeros,0.0000000000
787196,10246997758366,btc_qm_engine,btc_sha256_elapsed_ns,1081.0000000000
787197,10246997758628,btc_qm_engine,btc_sha256_nonce,2157869462.0000000000
787198,10246997758709,btc_qm_engine,btc_leading_zeros,0.0000000000
787199,10246997758805,btc_qm_engine,btc_sha256_elapsed_ns,996.0000000000
787200,10246997758900,btc_qm_engine,btc_sha256_nonce,2313468055.0000000000
787201,10246997759119,btc_qm_engine,btc_sha256_nonce,3688595643.0000000000
787202,10246997759199,btc_qm_engine,btc_leading_zeros,1.0000000000
787203,10246997759330,btc_qm_engine,btc_leading_zeros,1.0000000000
787204,10246997759520,btc_qm_engine,btc_sha256_nonce,879606769.0000000000
787205,10246997759590,btc_qm_engine,btc_leading_zeros,1.0000000000
787206,10246997759660,btc_qm_engine,btc_sha256_elapsed_ns,1119.0000000000
787207,10246997759843,btc_qm_engine,btc_sha256_nonce,1213555734.0000000000
787208,10246997760043,btc_qm_engine,btc_sha256_nonce,3600426034.0000000000
787209,10246997760175,btc_qm_engine,btc_sha256_nonce,2236910180.0000000000
787210,10246997760303,btc_qm_engine,btc_sha256_nonce,3990244154.0000000000
787211,10246997760707,btc_qm_engine,btc_sha256_elapsed_ns,1080.0000000000
787212,10246997761181,btc_qm_engine,btc_leading_zeros,0.0000000000
787213,10246997761325,btc_qm_engine,btc_leading_zeros,0.0000000000
787214,10246997761407,btc_qm_engine,btc_sha256_elapsed_ns,1014.0000000000
787215,10246997761914,btc_qm_engine,btc_sha256_nonce,2307882559.0000000000
787216,10246997762052,btc_qm_engine,btc_leading_zeros,0.0000000000
787217,10246997762227,btc_qm_engine,btc_leading_zeros,0.0000000000
787218,10246997762304,btc_qm_engine,btc_sha256_elapsed_ns,862.0000000000
787219,10246997762609,btc_qm_engine,btc_sha256_elapsed_ns,1118.0000000000
787220,10246997763438,btc_qm_engine,btc_sha256_nonce,3083611759.0000000000
787221,10246997763891,btc_qm_engine,btc_sha256_elapsed_ns,971.0000000000
787222,10246997764287,btc_qm_engine,btc_sha256_elapsed_ns,1040.0000000000
787223,10246997764564,btc_qm_engine,btc_sha256_nonce,4113808067.0000000000
787224,10246997764645,btc_qm_engine,btc_leading_zeros,0.0000000000
787225,10246997764721,btc_qm_engine,btc_sha256_elapsed_ns,1069.0000000000
787226,10246997764973,btc_qm_engine,btc_sha256_nonce,744847477.0000000000
787227,10246997765102,btc_qm_engine,btc_sha256_nonce,3862855954.0000000000
787228,10246997765261,btc_qm_engine,btc_leading_zeros,3.0000000000
787229,10246997765619,btc_qm_engine,btc_sha256_nonce,2337821461.0000000000
787230,10246997765734,btc_qm_engine,btc_leading_zeros,0.0000000000
787231,10246997765938,btc_qm_engine,btc_sha256_elapsed_ns,1122.0000000000
787232,10246997766187,btc_qm_engine,btc_sha256_elapsed_ns,741.0000000000
787233,10246997766436,btc_qm_engine,btc_sha256_nonce,361675016.0000000000
787234,10246997766569,btc_qm_engine,btc_leading_zeros,0.0000000000
787235,10246997766770,btc_qm_engine,btc_leading_zeros,3.0000000000
787236,10246997766893,btc_qm_engine,btc_sha256_elapsed_ns,880.0000000000
787237,10246997767009,btc_qm_engine,btc_sha256_nonce,166303468.0000000000
787238,10246997767581,btc_qm_engine,btc_leading_zeros,0.0000000000
787239,10246997767687,btc_qm_engine,btc_leading_zeros,2.0000000000
787240,10246997767767,btc_qm_engine,btc_sha256_elapsed_ns,1125.0000000000
787241,10246997767970,btc_qm_engine,btc_sha256_nonce,842502298.0000000000
787242,10246997768060,btc_qm_engine,btc_leading_zeros,3.0000000000
787243,10246997768190,btc_qm_engine,btc_sha256_elapsed_ns,1108.0000000000
787244,10246997768373,btc_qm_engine,btc_sha256_nonce,3083939704.0000000000
787245,10246997768576,btc_qm_engine,btc_sha256_nonce,742318846.0000000000
787246,10246997769157,btc_qm_engine,btc_sha256_nonce,1367240316.0000000000
787247,10246997769242,btc_qm_engine,btc_leading_zeros,0.0000000000
787248,10246997769527,btc_qm_engine,btc_leading_zeros,0.0000000000
787249,10246997770019,btc_qm_engine,btc_leading_zeros,0.0000000000
787250,10246997770580,btc_qm_engine,btc_sha256_elapsed_ns,1004.0000000000
787251,10246997770667,btc_qm_engine,btc_sha256_elapsed_ns,1012.0000000000
787252,10246997772260,btc_qm_engine,btc_sha256_nonce,3260945097.0000000000
787253,10246997772401,btc_qm_engine,btc_sha256_nonce,2621670710.0000000000
787254,10246997772668,btc_qm_engine,btc_sha256_elapsed_ns,1085.0000000000
787255,10246997772957,btc_qm_engine,btc_sha256_nonce,3871162810.0000000000
787256,10246997773056,btc_qm_engine,btc_leading_zeros,3.0000000000
787257,10246997773201,btc_qm_engine,btc_sha256_elapsed_ns,1090.0000000000
787258,10246997773451,btc_qm_engine,btc_sha256_elapsed_ns,1069.0000000000
787259,10246997773653,btc_qm_engine,btc_sha256_nonce,1214021274.0000000000
787260,10246997773990,btc_qm_engine,btc_sha256_nonce,3465219209.0000000000
787261,10246997774061,btc_qm_engine,btc_leading_zeros,1.0000000000
787262,10246997774122,btc_qm_engine,btc_sha256_elapsed_ns,1058.0000000000
787263,10246997774327,btc_qm_engine,btc_leading_zeros,1.0000000000
787264,10246997774504,btc_qm_engine,btc_leading_zeros,0.0000000000
787265,10246997774579,btc_qm_engine,btc_sha256_elapsed_ns,1119.0000000000
787266,10246997774726,btc_qm_engine,btc_sha256_elapsed_ns,1167.0000000000
787267,10246997774920,btc_qm_engine,btc_sha256_nonce,4185991637.0000000000
787268,10246997775030,btc_qm_engine,btc_sha256_elapsed_ns,1135.0000000000
787269,10246997775434,btc_qm_engine,btc_leading_zeros,1.0000000000
787270,10246997775564,btc_qm_engine,btc_sha256_nonce,3083127742.0000000000
787271,10246997775646,btc_qm_engine,btc_leading_zeros,2.0000000000
787272,10246997775732,btc_qm_engine,btc_sha256_elapsed_ns,1073.0000000000
787273,10246997775953,btc_qm_engine,btc_leading_zeros,1.0000000000
787274,10246997776092,btc_qm_engine,btc_sha256_nonce,2973133219.0000000000
787275,10246997776172,btc_qm_engine,btc_leading_zeros,1.0000000000
787276,10246997776244,btc_qm_engine,btc_sha256_elapsed_ns,1004.0000000000
787277,10246997776356,btc_qm_engine,btc_sha256_elapsed_ns,1084.0000000000
787278,10246997776542,btc_qm_engine,btc_sha256_nonce,3055080688.0000000000
787279,10246997776711,btc_qm_engine,btc_sha256_nonce,3839390907.0000000000
787280,10246997777134,btc_qm_engine,btc_sha256_nonce,316599206.0000000000
787281,10246997777239,btc_qm_engine,btc_leading_zeros,0.0000000000
787282,10246997777600,btc_qm_engine,btc_sha256_nonce,3485009412.0000000000
787283,10246997777653,btc_qm_engine,btc_leading_zeros,0.0000000000
787284,10246997777871,btc_qm_engine,btc_sha256_nonce,1627542955.0000000000
787285,10246997778391,btc_qm_engine,btc_leading_zeros,2.0000000000
787286,10246997778644,btc_qm_engine,btc_sha256_nonce,3383923387.0000000000
787287,10246997778968,btc_qm_engine,btc_sha256_elapsed_ns,970.0000000000
787288,10246997779353,btc_qm_engine,btc_leading_zeros,2.0000000000
787289,10246997779526,btc_qm_engine,btc_leading_zeros,4.0000000000
787290,10246997779736,btc_qm_engine,btc_sha256_elapsed_ns,1041.0000000000
787291,10246997780001,btc_qm_engine,btc_leading_zeros,3.0000000000
787292,10246997780190,btc_qm_engine,btc_sha256_elapsed_ns,1113.0000000000
787293,10246997780433,btc_qm_engine,btc_sha256_elapsed_ns,1157.0000000000
787294,10246997780689,btc_qm_engine,btc_sha256_nonce,1400115463.0000000000
787295,10246997780789,btc_qm_engine,btc_leading_zeros,1.0000000000
787296,10246997780857,btc_qm_engine,btc_sha256_elapsed_ns,1083.0000000000
787297,10246997781071,btc_qm_engine,btc_sha256_nonce,4174932855.0000000000
787298,10246997781147,btc_qm_engine,btc_leading_zeros,0.0000000000
787299,10246997781223,btc_qm_engine,btc_sha256_elapsed_ns,1046.0000000000
787300,10246997781350,btc_qm_engine,btc_sha256_elapsed_ns,964.0000000000
787301,10246997781875,btc_qm_engine,btc_sha256_nonce,3258290642.0000000000
787302,10246997782035,btc_qm_engine,btc_sha256_nonce,1960014508.0000000000
787303,10246997782272,btc_qm_engine,btc_leading_zeros,0.0000000000
787304,10246997782362,btc_qm_engine,btc_sha256_elapsed_ns,1056.0000000000
787305,10246997782504,btc_qm_engine,btc_sha256_nonce,2486894860.0000000000
787306,10246997782665,btc_qm_engine,btc_sha256_nonce,3480816974.0000000000
787307,10246997782743,btc_qm_engine,btc_leading_zeros,1.0000000000
787308,10246997782815,btc_qm_engine,btc_sha256_elapsed_ns,969.0000000000
787309,10246997783107,btc_qm_engine,btc_sha256_nonce,1942272276.0000000000
787310,10246997783708,btc_qm_engine,btc_sha256_nonce,159151275.0000000000
787311,10246997784120,btc_qm_engine,btc_sha256_nonce,3083823068.0000000000
787312,10246997784298,btc_qm_engine,btc_sha256_elapsed_ns,986.0000000000
787313,10246997784444,btc_qm_engine,btc_leading_zeros,2.0000000000
787314,10246997784527,btc_qm_engine,btc_sha256_elapsed_ns,1069.0000000000
787315,10246997784619,btc_qm_engine,btc_leading_zeros,4.0000000000
787316,10246997784808,btc_qm_engine,btc_sha256_elapsed_ns,1118.0000000000
787317,10246997785058,btc_qm_engine,btc_leading_zeros,0.0000000000
787318,10246997785184,btc_qm_engine,btc_sha256_elapsed_ns,1005.0000000000
787319,10246997785486,btc_qm_engine,btc_sha256_elapsed_ns,1066.0000000000
787320,10246997785843,btc_qm_engine,btc_leading_zeros,0.0000000000
787321,10246997785917,btc_qm_engine,btc_sha256_elapsed_ns,980.0000000000
787322,10246997786150,btc_qm_engine,btc_sha256_nonce,3348554639.0000000000
787323,10246997786274,btc_qm_engine,btc_leading_zeros,2.0000000000
787324,10246997786360,btc_qm_engine,btc_sha256_nonce,1425431010.0000000000
787325,10246997786573,btc_qm_engine,btc_sha256_nonce,2135091006.0000000000
787326,10246997786769,btc_qm_engine,btc_sha256_nonce,3675961941.0000000000
787327,10246997786970,btc_qm_engine,btc_leading_zeros,0.0000000000
787328,10246997787252,btc_qm_engine,btc_leading_zeros,0.0000000000
787329,10246997787398,btc_qm_engine,btc_sha256_nonce,2460068620.0000000000
787330,10246997787476,btc_qm_engine,btc_leading_zeros,0.0000000000
787331,10246997787687,btc_qm_engine,btc_sha256_nonce,3817096254.0000000000
787332,10246997787915,btc_qm_engine,btc_sha256_elapsed_ns,1017.0000000000
787333,10246997788114,btc_qm_engine,btc_sha256_elapsed_ns,1167.0000000000
787334,10246997788238,btc_qm_engine,btc_sha256_elapsed_ns,1049.0000000000
787335,10246997788453,btc_qm_engine,btc_sha256_elapsed_ns,964.0000000000
787336,10246997788836,btc_qm_engine,btc_leading_zeros,0.0000000000
787337,10246997789161,btc_qm_engine,btc_sha256_nonce,2848798122.0000000000
787338,10246997789248,btc_qm_engine,btc_leading_zeros,8.0000000000
787339,10246997789401,btc_qm_engine,btc_sha256_elapsed_ns,1118.0000000000
787340,10246997789784,btc_qm_engine,btc_sha256_elapsed_ns,781.0000000000
787341,10246997790167,btc_qm_engine,btc_sha256_nonce,1605703509.0000000000
787342,10246997790309,btc_qm_engine,btc_sha256_nonce,1670007436.0000000000
787343,10246997790556,btc_qm_engine,btc_leading_zeros,3.0000000000
787344,10246997790626,btc_qm_engine,btc_sha256_elapsed_ns,1131.0000000000
787345,10246997790861,btc_qm_engine,btc_leading_zeros,0.0000000000
787346,10246997791147,btc_qm_engine,btc_sha256_nonce,1214091195.0000000000
787347,10246997791393,btc_qm_engine,btc_sha256_nonce,205606647.0000000000
787348,10246997791603,btc_qm_engine,btc_leading_zeros,2.0000000000
787349,10246997791987,btc_qm_engine,btc_sha256_nonce,2434284555.0000000000
787350,10246997792193,btc_qm_engine,btc_sha256_nonce,633979115.0000000000
787351,10246997792273,btc_qm_engine,btc_leading_zeros,0.0000000000
787352,10246997792328,btc_qm_engine,btc_sha256_elapsed_ns,952.0000000000
787353,10246997792522,btc_qm_engine,btc_sha256_elapsed_ns,1120.0000000000
787354,10246997792729,btc_qm_engine,btc_leading_zeros,0.0000000000
787355,10246997792872,btc_qm_engine,btc_leading_zeros,1.0000000000
787356,10246997792948,btc_qm_engine,btc_sha256_elapsed_ns,946.0000000000
787357,10246997793111,btc_qm_engine,btc_leading_zeros,3.0000000000
787358,10246997793461,btc_qm_engine,btc_sha256_elapsed_ns,924.0000000000
787359,10246997793700,btc_qm_engine,btc_sha256_nonce,2412467513.0000000000
787360,10246997793781,btc_qm_engine,btc_leading_zeros,0.0000000000
787361,10246997794323,btc_qm_engine,btc_leading_zeros,2.0000000000
787362,10246997794813,btc_qm_engine,btc_sha256_nonce,1774943470.0000000000
787363,10246997795122,btc_qm_engine,btc_sha256_nonce,1553757834.0000000000
787364,10246997795203,btc_qm_engine,btc_leading_zeros,2.0000000000
787365,10246997795279,btc_qm_engine,btc_sha256_elapsed_ns,1102.0000000000
787366,10246997795444,btc_qm_engine,btc_leading_zeros,0.0000000000
787367,10246997795704,btc_qm_engine,btc_sha256_elapsed_ns,1091.0000000000
787368,10246997796328,btc_qm_engine,btc_sha256_elapsed_ns,1117.0000000000
787369,10246997796606,btc_qm_engine,btc_sha256_nonce,3898358398.0000000000
787370,10246997796684,btc_qm_engine,btc_leading_zeros,0.0000000000
787371,10246997796753,btc_qm_engine,btc_sha256_elapsed_ns,1023.0000000000
787372,10246997796945,btc_qm_engine,btc_sha256_nonce,2854255732.0000000000
787373,10246997797234,btc_qm_engine,btc_sha256_elapsed_ns,1170.0000000000
787374,10246997797455,btc_qm_engine,btc_leading_zeros,2.0000000000
787375,10246997797529,btc_qm_engine,btc_sha256_elapsed_ns,1015.0000000000
787376,10246997797601,btc_qm_engine,btc_sha256_nonce,2979248200.0000000000
787377,10246997797744,btc_qm_engine,btc_sha256_elapsed_ns,1114.0000000000
787378,10246997798026,btc_qm_engine,btc_leading_zeros,0.0000000000
787379,10246997798519,btc_qm_engine,btc_sha256_elapsed_ns,1030.0000000000
787380,10246997798614,btc_qm_engine,btc_sha256_nonce,3420258509.0000000000
787381,10246997798810,btc_qm_engine,btc_sha256_nonce,3023681999.0000000000
787382,10246997798889,btc_qm_engine,btc_leading_zeros,2.0000000000
787383,10246997799050,btc_qm_engine,btc_leading_zeros,0.0000000000
787384,10246997799454,btc_qm_engine,btc_sha256_elapsed_ns,1095.0000000000
787385,10246997799575,btc_qm_engine,btc_sha256_elapsed_ns,1036.0000000000
787386,10246997799767,btc_qm_engine,btc_sha256_nonce,2347678217.0000000000
787387,10246997800003,btc_qm_engine,btc_sha256_nonce,3361081006.0000000000
787388,10246997800579,btc_qm_engine,btc_sha256_nonce,855074.0000000000
787389,10246997800781,btc_qm_engine,btc_sha256_nonce,1213964622.0000000000
787390,10246997800861,btc_qm_engine,btc_leading_zeros,1.0000000000
787391,10246997800959,btc_qm_engine,btc_sha256_elapsed_ns,924.0000000000
787392,10246997801131,btc_qm_engine,btc_leading_zeros,0.0000000000
787393,10246997801649,btc_qm_engine,btc_leading_zeros,1.0000000000
787394,10246997801909,btc_qm_engine,btc_sha256_elapsed_ns,974.0000000000
787395,10246997802157,btc_qm_engine,btc_sha256_nonce,3268593024.0000000000
787396,10246997802287,btc_qm_engine,btc_leading_zeros,1.0000000000
787397,10246997802426,btc_qm_engine,btc_sha256_nonce,1370710947.0000000000
787398,10246997802835,btc_qm_engine,btc_leading_zeros,1.0000000000
787399,10246997802921,btc_qm_engine,btc_sha256_elapsed_ns,991.0000000000
787400,10246997803430,btc_qm_engine,btc_leading_zeros,3.0000000000
787401,10246997803672,btc_qm_engine,btc_sha256_nonce,3084205902.0000000000
787402,10246997803756,btc_qm_engine,btc_leading_zeros,1.0000000000
787403,10246997803934,btc_qm_engine,btc_sha256_elapsed_ns,1105.0000000000
787404,10246997804185,btc_qm_engine,btc_sha256_elapsed_ns,983.0000000000
787405,10246997804490,btc_qm_engine,btc_sha256_elapsed_ns,1143.0000000000
787406,10246997805319,btc_qm_engine,btc_sha256_elapsed_ns,1081.0000000000
787407,10246997805523,btc_qm_engine,btc_sha256_nonce,1579274539.0000000000
787408,10246997805657,btc_qm_engine,btc_sha256_nonce,2174118317.0000000000
787409,10246997806235,btc_qm_engine,btc_leading_zeros,2.0000000000
787410,10246997806610,btc_qm_engine,btc_sha256_nonce,1733983992.0000000000
787411,10246997806813,btc_qm_engine,btc_leading_zeros,3.0000000000
787412,10246997806982,btc_qm_engine,btc_sha256_elapsed_ns,861.0000000000
787413,10246997807693,btc_qm_engine,btc_sha256_elapsed_ns,1097.0000000000
787414,10246997808094,btc_qm_engine,btc_sha256_nonce,770477503.0000000000
787415,10246997808168,btc_qm_engine,btc_leading_zeros,1.0000000000
787416,10246997808219,btc_qm_engine,btc_sha256_elapsed_ns,785.0000000000
787417,10246997808568,btc_qm_engine,btc_leading_zeros,0.0000000000
787418,10246997808973,btc_qm_engine,btc_sha256_nonce,2542221177.0000000000
787419,10246997809275,btc_qm_engine,btc_sha256_nonce,546723282.0000000000
787420,10246997809442,btc_qm_engine,btc_leading_zeros,3.0000000000
787421,10246997809669,btc_qm_engine,btc_leading_zeros,0.0000000000
787422,10246997809807,btc_qm_engine,btc_leading_zeros,0.0000000000
787423,10246997810054,btc_qm_engine,btc_sha256_elapsed_ns,777.0000000000
787424,10246997810445,btc_qm_engine,btc_sha256_elapsed_ns,1105.0000000000
787425,10246997810682,btc_qm_engine,btc_sha256_elapsed_ns,1087.0000000000
787426,10246997811287,btc_qm_engine,btc_sha256_elapsed_ns,1049.0000000000
787427,10246997811728,btc_qm_engine,btc_sha256_nonce,2172676525.0000000000
787428,10246997811859,btc_qm_engine,btc_leading_zeros,0.0000000000
787429,10246997812263,btc_qm_engine,btc_sha256_elapsed_ns,745.0000000000
787430,10246997812438,btc_qm_engine,btc_sha256_nonce,2827729689.0000000000
787431,10246997812548,btc_qm_engine,btc_sha256_elapsed_ns,897.0000000000
787432,10246997812701,btc_qm_engine,btc_sha256_nonce,3892002913.0000000000
787433,10246997812794,btc_qm_engine,btc_sha256_nonce,3250447051.0000000000
787434,10246997813249,btc_qm_engine,btc_leading_zeros,2.0000000000
787435,10246997813303,btc_qm_engine,btc_sha256_elapsed_ns,957.0000000000
787436,10246997813572,btc_qm_engine,btc_sha256_nonce,3514173218.0000000000
787437,10246997813646,btc_qm_engine,btc_leading_zeros,2.0000000000
787438,10246997813716,btc_qm_engine,btc_sha256_elapsed_ns,1059.0000000000
787439,10246997813847,btc_qm_engine,btc_sha256_nonce,2285653242.0000000000
787440,10246997813931,btc_qm_engine,btc_leading_zeros,0.0000000000
787441,10246997814367,btc_qm_engine,btc_sha256_nonce,2312640509.0000000000
787442,10246997814451,btc_qm_engine,btc_leading_zeros,2.0000000000
787443,10246997814601,btc_qm_engine,btc_sha256_elapsed_ns,1085.0000000000
787444,10246997814989,btc_qm_engine,btc_sha256_nonce,3229342315.0000000000
787445,10246997815156,btc_qm_engine,btc_sha256_elapsed_ns,1107.0000000000
787446,10246997815301,btc_qm_engine,btc_sha256_nonce,3822648752.0000000000
787447,10246997815401,btc_qm_engine,btc_leading_zeros,0.0000000000
787448,10246997815559,btc_qm_engine,btc_leading_zeros,0.0000000000
787449,10246997815730,btc_qm_engine,btc_sha256_elapsed_ns,982.0000000000
787450,10246997815849,btc_qm_engine,btc_sha256_nonce,3500433078.0000000000
787451,10246997815928,btc_qm_engine,btc_leading_zeros,1.0000000000
787452,10246997815997,btc_qm_engine,btc_sha256_elapsed_ns,975.0000000000
787453,10246997816254,btc_qm_engine,btc_sha256_elapsed_ns,1125.0000000000
787454,10246997816632,btc_qm_engine,btc_leading_zeros,1.0000000000
787455,10246997816807,btc_qm_engine,btc_sha256_nonce,3374284505.0000000000
787456,10246997816965,btc_qm_engine,btc_sha256_nonce,3226902847.0000000000
787457,10246997817366,btc_qm_engine,btc_sha256_nonce,537681340.0000000000
787458,10246997817461,btc_qm_engine,btc_sha256_elapsed_ns,1078.0000000000
787459,10246997817711,btc_qm_engine,btc_sha256_nonce,691146097.0000000000
787460,10246997818060,btc_qm_engine,btc_leading_zeros,3.0000000000
787461,10246997818615,btc_qm_engine,btc_leading_zeros,0.0000000000
787462,10246997818748,btc_qm_engine,btc_sha256_nonce,1678398460.0000000000
787463,10246997819061,btc_qm_engine,btc_leading_zeros,0.0000000000
787464,10246997819190,btc_qm_engine,btc_sha256_elapsed_ns,978.0000000000
787465,10246997820012,btc_qm_engine,btc_sha256_elapsed_ns,1082.0000000000
787466,10246997820288,btc_qm_engine,btc_leading_zeros,1.0000000000
787467,10246997820737,btc_qm_engine,btc_sha256_elapsed_ns,1065.0000000000
787468,10246997821018,btc_qm_engine,btc_sha256_nonce,2790871755.0000000000
787469,10246997821093,btc_qm_engine,btc_leading_zeros,1.0000000000
787470,10246997821169,btc_qm_engine,btc_sha256_elapsed_ns,1071.0000000000
787471,10246997821266,btc_qm_engine,btc_sha256_nonce,3081597163.0000000000
787472,10246997821342,btc_qm_engine,btc_leading_zeros,0.0000000000
787473,10246997821415,btc_qm_engine,btc_sha256_elapsed_ns,1091.0000000000
787474,10246997821949,btc_qm_engine,btc_leading_zeros,2.0000000000
787475,10246997822034,btc_qm_engine,btc_sha256_nonce,3720415681.0000000000
787476,10246997822102,btc_qm_engine,btc_leading_zeros,0.0000000000
787477,10246997822177,btc_qm_engine,btc_sha256_elapsed_ns,1090.0000000000
787478,10246997822303,btc_qm_engine,btc_sha256_elapsed_ns,1089.0000000000
787479,10246997822493,btc_qm_engine,btc_leading_zeros,0.0000000000
787480,10246997822691,btc_qm_engine,btc_sha256_nonce,2487298218.0000000000
787481,10246997822971,btc_qm_engine,btc_sha256_elapsed_ns,1134.0000000000
787482,10246997823146,btc_qm_engine,btc_sha256_nonce,2044996779.0000000000
787483,10246997823504,btc_qm_engine,btc_leading_zeros,3.0000000000
787484,10246997823681,btc_qm_engine,btc_sha256_nonce,1008930451.0000000000
787485,10246997823755,btc_qm_engine,btc_leading_zeros,0.0000000000
787486,10246997823933,btc_qm_engine,btc_sha256_elapsed_ns,1052.0000000000
787487,10246997824125,btc_qm_engine,btc_sha256_nonce,1497803706.0000000000
787488,10246997824207,btc_qm_engine,btc_leading_zeros,1.0000000000
787489,10246997824287,btc_qm_engine,btc_sha256_elapsed_ns,1086.0000000000
787490,10246997824500,btc_qm_engine,btc_sha256_nonce,1214036974.0000000000
787491,10246997824626,btc_qm_engine,btc_sha256_nonce,3759814309.0000000000
787492,10246997825320,btc_qm_engine,btc_sha256_elapsed_ns,1071.0000000000
787493,10246997825663,btc_qm_engine,btc_leading_zeros,2.0000000000
787494,10246997826119,btc_qm_engine,btc_sha256_elapsed_ns,1142.0000000000
787495,10246997826211,btc_qm_engine,btc_sha256_nonce,1514650094.0000000000
787496,10246997826555,btc_qm_engine,btc_leading_zeros,2.0000000000
787497,10246997826635,btc_qm_engine,btc_sha256_elapsed_ns,1033.0000000000
787498,10246997827001,btc_qm_engine,btc_sha256_nonce,479843389.0000000000
787499,10246997827228,btc_qm_engine,btc_sha256_nonce,1901343611.0000000000
787500,10246997827356,btc_qm_engine,btc_sha256_nonce,400224285.0000000000
787501,10246997827438,btc_qm_engine,btc_leading_zeros,2.0000000000
787502,10246997827520,btc_qm_engine,btc_sha256_elapsed_ns,1022.0000000000
787503,10246997827795,btc_qm_engine,btc_leading_zeros,2.0000000000
787504,10246997827961,btc_qm_engine,btc_leading_zeros,3.0000000000
787505,10246997828153,btc_qm_engine,btc_leading_zeros,2.0000000000
787506,10246997828400,btc_qm_engine,btc_sha256_elapsed_ns,1061.0000000000
787507,10246997828562,btc_qm_engine,btc_sha256_elapsed_ns,1084.0000000000
787508,10246997828750,btc_qm_engine,btc_sha256_elapsed_ns,1096.0000000000
787509,10246997828843,btc_qm_engine,btc_sha256_nonce,1333026631.0000000000
787510,10246997829302,btc_qm_engine,btc_sha256_nonce,3481242680.0000000000
787511,10246997829435,btc_qm_engine,btc_leading_zeros,4.0000000000
787512,10246997829538,btc_qm_engine,btc_sha256_elapsed_ns,1012.0000000000
787513,10246997829745,btc_qm_engine,btc_leading_zeros,0.0000000000
787514,10246997829817,btc_qm_engine,btc_sha256_elapsed_ns,934.0000000000
787515,10246997829984,btc_qm_engine,btc_leading_zeros,2.0000000000
787516,10246997830385,btc_qm_engine,btc_sha256_nonce,1624452310.0000000000
787517,10246997830601,btc_qm_engine,btc_sha256_nonce,1335873439.0000000000
787518,10246997830809,btc_qm_engine,btc_sha256_nonce,3506038645.0000000000
787519,10246997831030,btc_qm_engine,btc_leading_zeros,0.0000000000
787520,10246997831326,btc_qm_engine,btc_sha256_elapsed_ns,1124.0000000000
787521,10246997831666,btc_qm_engine,btc_sha256_nonce,941604826.0000000000
787522,10246997832079,btc_qm_engine,btc_leading_zeros,0.0000000000
787523,10246997832342,btc_qm_engine,btc_sha256_nonce,3370069252.0000000000
787524,10246997832556,btc_qm_engine,btc_sha256_elapsed_ns,1030.0000000000
787525,10246997832842,btc_qm_engine,btc_leading_zeros,3.0000000000
787526,10246997832919,btc_qm_engine,btc_sha256_elapsed_ns,1094.0000000000
787527,10246997833402,btc_qm_engine,btc_leading_zeros,0.0000000000
787528,10246997833602,btc_qm_engine,btc_sha256_elapsed_ns,1093.0000000000
787529,10246997833851,btc_qm_engine,btc_sha256_nonce,886048232.0000000000
787530,10246997834056,btc_qm_engine,btc_sha256_nonce,143486545.0000000000
787531,10246997834225,btc_qm_engine,btc_sha256_elapsed_ns,1143.0000000000
787532,10246997834698,btc_qm_engine,btc_leading_zeros,1.0000000000
787533,10246997834797,btc_qm_engine,btc_sha256_nonce,1499281274.0000000000
787534,10246997835210,btc_qm_engine,btc_sha256_elapsed_ns,1077.0000000000
787535,10246997835332,btc_qm_engine,btc_leading_zeros,3.0000000000
787536,10246997835411,btc_qm_engine,btc_sha256_elapsed_ns,1127.0000000000
787537,10246997835519,btc_qm_engine,btc_sha256_nonce,1447555798.0000000000
787538,10246997835594,btc_qm_engine,btc_leading_zeros,0.0000000000
787539,10246997835664,btc_qm_engine,btc_sha256_elapsed_ns,1122.0000000000
787540,10246997835911,btc_qm_engine,btc_sha256_nonce,1353582127.0000000000
787541,10246997835981,btc_qm_engine,btc_leading_zeros,0.0000000000
787542,10246997836059,btc_qm_engine,btc_sha256_elapsed_ns,1100.0000000000
787543,10246997836145,btc_qm_engine,btc_leading_zeros,0.0000000000
787544,10246997836442,btc_qm_engine,btc_sha256_nonce,2487449853.0000000000
787545,10246997836557,btc_qm_engine,btc_leading_zeros,0.0000000000
787546,10246997836786,btc_qm_engine,btc_leading_zeros,0.0000000000
787547,10246997837007,btc_qm_engine,btc_sha256_nonce,60756578.0000000000
787548,10246997837090,btc_qm_engine,btc_leading_zeros,1.0000000000
787549,10246997837161,btc_qm_engine,btc_sha256_elapsed_ns,1088.0000000000
787550,10246997837325,btc_qm_engine,btc_sha256_elapsed_ns,1039.0000000000
787551,10246997837470,btc_qm_engine,btc_sha256_nonce,410530624.0000000000
787552,10246997837546,btc_qm_engine,btc_leading_zeros,1.0000000000
787553,10246997837626,btc_qm_engine,btc_sha256_elapsed_ns,1095.0000000000
787554,10246997837810,btc_qm_engine,btc_sha256_nonce,3519003827.0000000000
787555,10246997838127,btc_qm_engine,btc_leading_zeros,4.0000000000
787556,10246997838205,btc_qm_engine,btc_sha256_elapsed_ns,1075.0000000000
787557,10246997838465,btc_qm_engine,btc_sha256_nonce,4199300271.0000000000
787558,10246997838610,btc_qm_engine,btc_sha256_nonce,4124819612.0000000000
787559,10246997838791,btc_qm_engine,btc_leading_zeros,0.0000000000
787560,10246997839287,btc_qm_engine,btc_leading_zeros,0.0000000000
787561,10246997839459,btc_qm_engine,btc_sha256_elapsed_ns,1066.0000000000
787562,10246997839687,btc_qm_engine,btc_sha256_nonce,4199804564.0000000000
787563,10246997839949,btc_qm_engine,btc_sha256_elapsed_ns,780.0000000000
787564,10246997840157,btc_qm_engine,btc_leading_zeros,3.0000000000
787565,10246997840242,btc_qm_engine,btc_sha256_elapsed_ns,1099.0000000000
787566,10246997841121,btc_qm_engine,btc_sha256_nonce,3506239823.0000000000
787567,10246997841250,btc_qm_engine,btc_sha256_nonce,2337109576.0000000000
787568,10246997841558,btc_qm_engine,btc_sha256_nonce,2994235089.0000000000
787569,10246997841658,btc_qm_engine,btc_leading_zeros,1.0000000000
787570,10246997842250,btc_qm_engine,btc_leading_zeros,4.0000000000
787571,10246997842472,btc_qm_engine,btc_sha256_elapsed_ns,745.0000000000
787572,10246997842816,btc_qm_engine,btc_sha256_elapsed_ns,741.0000000000
787573,10246997843787,btc_qm_engine,btc_sha256_nonce,2547623165.0000000000
787574,10246997843862,btc_qm_engine,btc_leading_zeros,0.0000000000
787575,10246997843939,btc_qm_engine,btc_sha256_elapsed_ns,1102.0000000000
787576,10246997844154,btc_qm_engine,btc_sha256_nonce,2844699995.0000000000
787577,10246997844229,btc_qm_engine,btc_leading_zeros,0.0000000000
787578,10246997844309,btc_qm_engine,btc_sha256_elapsed_ns,1122.0000000000
787579,10246997844854,btc_qm_engine,btc_sha256_elapsed_ns,1051.0000000000
787580,10246997845340,btc_qm_engine,btc_sha256_nonce,160488064.0000000000
787581,10246997845634,btc_qm_engine,btc_sha256_nonce,1446553996.0000000000
787582,10246997846448,btc_qm_engine,btc_sha256_elapsed_ns,1014.0000000000
787583,10246997846600,btc_qm_engine,btc_leading_zeros,0.0000000000
787584,10246997846699,btc_qm_engine,btc_sha256_elapsed_ns,1066.0000000000
787585,10246997847169,btc_qm_engine,btc_leading_zeros,0.0000000000
787586,10246997847672,btc_qm_engine,btc_sha256_elapsed_ns,1010.0000000000
787587,10246997847836,btc_qm_engine,btc_sha256_nonce,3991293090.0000000000
787588,10246997847989,btc_qm_engine,btc_sha256_nonce,3251797257.0000000000
787589,10246997848066,btc_qm_engine,btc_leading_zeros,2.0000000000
787590,10246997848142,btc_qm_engine,btc_sha256_elapsed_ns,944.0000000000
787591,10246997848268,btc_qm_engine,btc_leading_zeros,4.0000000000
787592,10246997848591,btc_qm_engine,btc_sha256_nonce,2441367144.0000000000
787593,10246997848728,btc_qm_engine,btc_leading_zeros,1.0000000000
787594,10246997848889,btc_qm_engine,btc_sha256_nonce,721901913.0000000000
787595,10246997849167,btc_qm_engine,btc_sha256_elapsed_ns,996.0000000000
787596,10246997849403,btc_qm_engine,btc_sha256_nonce,1680417796.0000000000
787597,10246997849582,btc_qm_engine,btc_leading_zeros,0.0000000000
787598,10246997849662,btc_qm_engine,btc_sha256_elapsed_ns,974.0000000000
787599,10246997850029,btc_qm_engine,btc_sha256_nonce,4289717809.0000000000
787600,10246997850309,btc_qm_engine,btc_leading_zeros,0.0000000000
787601,10246997850442,btc_qm_engine,btc_leading_zeros,0.0000000000
787602,10246997850517,btc_qm_engine,btc_sha256_elapsed_ns,1026.0000000000
787603,10246997850717,btc_qm_engine,btc_sha256_elapsed_ns,1118.0000000000
787604,10246997850949,btc_qm_engine,btc_leading_zeros,1.0000000000
787605,10246997851425,btc_qm_engine,btc_sha256_nonce,327690435.0000000000
787606,10246997851675,btc_qm_engine,btc_sha256_nonce,2957362594.0000000000
787607,10246997852099,btc_qm_engine,btc_sha256_elapsed_ns,1008.0000000000
787608,10246997852283,btc_qm_engine,btc_leading_zeros,0.0000000000
787609,10246997852468,btc_qm_engine,btc_leading_zeros,0.0000000000
787610,10246997852585,btc_qm_engine,btc_sha256_elapsed_ns,931.0000000000
787611,10246997852738,btc_qm_engine,btc_sha256_elapsed_ns,1090.0000000000
787612,10246997853035,btc_qm_engine,btc_sha256_nonce,205733802.0000000000
787613,10246997853382,btc_qm_engine,btc_leading_zeros,0.0000000000
787614,10246997853467,btc_qm_engine,btc_sha256_elapsed_ns,932.0000000000
787615,10246997853705,btc_qm_engine,btc_sha256_nonce,2343387725.0000000000
787616,10246997853855,btc_qm_engine,btc_sha256_elapsed_ns,1120.0000000000
787617,10246997854065,btc_qm_engine,btc_sha256_nonce,864095746.0000000000
787618,10246997854147,btc_qm_engine,btc_leading_zeros,1.0000000000
787619,10246997854238,btc_qm_engine,btc_sha256_elapsed_ns,1064.0000000000
787620,10246997854355,btc_qm_engine,btc_leading_zeros,0.0000000000
787621,10246997854679,btc_qm_engine,btc_sha256_elapsed_ns,1031.0000000000
787622,10246997855124,btc_qm_engine,btc_sha256_nonce,3648319539.0000000000
787623,10246997855480,btc_qm_engine,btc_sha256_nonce,263297159.0000000000
787624,10246997855650,btc_qm_engine,btc_sha256_nonce,1501294806.0000000000
787625,10246997855828,btc_qm_engine,btc_leading_zeros,1.0000000000
787626,10246997856087,btc_qm_engine,btc_leading_zeros,4.0000000000
787627,10246997856394,btc_qm_engine,btc_sha256_elapsed_ns,1009.0000000000
787628,10246997856664,btc_qm_engine,btc_sha256_elapsed_ns,1049.0000000000
787629,10246997856902,btc_qm_engine,btc_sha256_elapsed_ns,1011.0000000000
787630,10246997857403,btc_qm_engine,btc_sha256_nonce,2933491748.0000000000
787631,10246997857718,btc_qm_engine,btc_leading_zeros,3.0000000000
787632,10246997857872,btc_qm_engine,btc_leading_zeros,1.0000000000
787633,10246997858040,btc_qm_engine,btc_sha256_elapsed_ns,876.0000000000
787634,10246997858262,btc_qm_engine,btc_sha256_nonce,3421225128.0000000000
787635,10246997858395,btc_qm_engine,btc_sha256_elapsed_ns,979.0000000000
787636,10246997858670,btc_qm_engine,btc_leading_zeros,2.0000000000
787637,10246997858739,btc_qm_engine,btc_sha256_elapsed_ns,1099.0000000000
787638,10246997859121,btc_qm_engine,btc_sha256_nonce,1175903064.0000000000
787639,10246997859285,btc_qm_engine,btc_sha256_nonce,2360067470.0000000000
787640,10246997859453,btc_qm_engine,btc_sha256_nonce,2249669778.0000000000
787641,10246997859539,btc_qm_engine,btc_leading_zeros,0.0000000000
787642,10246997859612,btc_qm_engine,btc_sha256_elapsed_ns,1092.0000000000
787643,10246997859833,btc_qm_engine,btc_sha256_nonce,1146464848.0000000000
787644,10246997860221,btc_qm_engine,btc_sha256_nonce,3409850999.0000000000
787645,10246997860378,btc_qm_engine,btc_sha256_nonce,3688370050.0000000000
787646,10246997860454,btc_qm_engine,btc_leading_zeros,0.0000000000
787647,10246997860554,btc_qm_engine,btc_sha256_elapsed_ns,1086.0000000000
787648,10246997860655,btc_qm_engine,btc_leading_zeros,4.0000000000
787649,10246997861292,btc_qm_engine,btc_sha256_nonce,1039248455.0000000000
787650,10246997861363,btc_qm_engine,btc_leading_zeros,1.0000000000
787651,10246997861428,btc_qm_engine,btc_sha256_elapsed_ns,956.0000000000
787652,10246997861583,btc_qm_engine,btc_sha256_nonce,628110351.0000000000
787653,10246997861653,btc_qm_engine,btc_leading_zeros,0.0000000000
787654,10246997862063,btc_qm_engine,btc_sha256_nonce,2683538334.0000000000
787655,10246997862195,btc_qm_engine,btc_sha256_elapsed_ns,777.0000000000
787656,10246997862436,btc_qm_engine,btc_leading_zeros,2.0000000000
787657,10246997862511,btc_qm_engine,btc_sha256_elapsed_ns,1012.0000000000
787658,10246997862680,btc_qm_engine,btc_leading_zeros,0.0000000000
787659,10246997862860,btc_qm_engine,btc_sha256_nonce,3083970161.0000000000
787660,10246997863035,btc_qm_engine,btc_sha256_elapsed_ns,1168.0000000000
787661,10246997863289,btc_qm_engine,btc_leading_zeros,0.0000000000
787662,10246997863369,btc_qm_engine,btc_sha256_elapsed_ns,1065.0000000000
787663,10246997863591,btc_qm_engine,btc_sha256_nonce,400245630.0000000000
787664,10246997863736,btc_qm_engine,btc_sha256_nonce,2305046495.0000000000
787665,10246997863818,btc_qm_engine,btc_leading_zeros,2.0000000000
787666,10246997863874,btc_qm_engine,btc_sha256_elapsed_ns,921.0000000000
787667,10246997863935,btc_qm_engine,btc_sha256_elapsed_ns,1070.0000000000
787668,10246997864068,btc_qm_engine,btc_leading_zeros,1.0000000000
787669,10246997864149,btc_qm_engine,btc_sha256_elapsed_ns,989.0000000000
787670,10246997864585,btc_qm_engine,btc_sha256_nonce,738934644.0000000000
787671,10246997864667,btc_qm_engine,btc_leading_zeros,0.0000000000
787672,10246997864738,btc_qm_engine,btc_sha256_elapsed_ns,1011.0000000000
787673,10246997864933,btc_qm_engine,btc_sha256_nonce,990883026.0000000000
787674,10246997865225,btc_qm_engine,btc_sha256_nonce,1080964512.0000000000
787675,10246997865454,btc_qm_engine,btc_leading_zeros,1.0000000000
787676,10246997865552,btc_qm_engine,btc_sha256_nonce,3551069100.0000000000
787677,10246997865629,btc_qm_engine,btc_leading_zeros,0.0000000000
787678,10246997865710,btc_qm_engine,btc_sha256_elapsed_ns,1094.0000000000
787679,10246997866064,btc_qm_engine,btc_sha256_nonce,1394670178.0000000000
787680,10246997866145,btc_qm_engine,btc_leading_zeros,2.0000000000
787681,10246997866321,btc_qm_engine,btc_sha256_elapsed_ns,1075.0000000000
787682,10246997866820,btc_qm_engine,btc_leading_zeros,0.0000000000
787683,10246997867127,btc_qm_engine,btc_leading_zeros,1.0000000000
787684,10246997867255,btc_qm_engine,btc_sha256_elapsed_ns,1103.0000000000
787685,10246997867603,btc_qm_engine,btc_sha256_elapsed_ns,1088.0000000000
787686,10246997868079,btc_qm_engine,btc_sha256_nonce,3420684161.0000000000
787687,10246997868156,btc_qm_engine,btc_leading_zeros,0.0000000000
787688,10246997868205,btc_qm_engine,btc_sha256_elapsed_ns,733.0000000000
787689,10246997868334,btc_qm_engine,btc_sha256_nonce,3846812355.0000000000
787690,10246997868648,btc_qm_engine,btc_sha256_nonce,2312944851.0000000000
787691,10246997868875,btc_qm_engine,btc_leading_zeros,2.0000000000
787692,10246997869240,btc_qm_engine,btc_leading_zeros,1.0000000000
787693,10246997869487,btc_qm_engine,btc_sha256_nonce,1538375470.0000000000
787694,10246997869681,btc_qm_engine,btc_sha256_elapsed_ns,1145.0000000000
787695,10246997869923,btc_qm_engine,btc_sha256_nonce,1040198174.0000000000
787696,10246997870017,btc_qm_engine,btc_leading_zeros,2.0000000000
787697,10246997870161,btc_qm_engine,btc_leading_zeros,1.0000000000
787698,10246997870267,btc_qm_engine,btc_sha256_elapsed_ns,1105.0000000000
787699,10246997870836,btc_qm_engine,btc_sha256_elapsed_ns,1077.0000000000
787700,10246997870986,btc_qm_engine,btc_sha256_elapsed_ns,1078.0000000000
787701,10246997871587,btc_qm_engine,btc_sha256_nonce,983127792.0000000000
787702,10246997872008,btc_qm_engine,btc_sha256_nonce,2360647406.0000000000
787703,10246997872126,btc_qm_engine,btc_leading_zeros,0.0000000000
787704,10246997872303,btc_qm_engine,btc_leading_zeros,1.0000000000
787705,10246997872463,btc_qm_engine,btc_sha256_nonce,1214101395.0000000000
787706,10246997872612,btc_qm_engine,btc_sha256_nonce,1685855633.0000000000
787707,10246997872852,btc_qm_engine,btc_leading_zeros,1.0000000000
787708,10246997872925,btc_qm_engine,btc_sha256_elapsed_ns,1053.0000000000
787709,10246997873195,btc_qm_engine,btc_leading_zeros,4.0000000000
787710,10246997873463,btc_qm_engine,btc_leading_zeros,0.0000000000
787711,10246997873545,btc_qm_engine,btc_sha256_elapsed_ns,1094.0000000000
787712,10246997874021,btc_qm_engine,btc_sha256_nonce,2773883223.0000000000
787713,10246997874097,btc_qm_engine,btc_leading_zeros,4.0000000000
787714,10246997874241,btc_qm_engine,btc_sha256_elapsed_ns,1088.0000000000
787715,10246997874412,btc_qm_engine,btc_sha256_elapsed_ns,1103.0000000000
787716,10246997874723,btc_qm_engine,btc_sha256_elapsed_ns,1029.0000000000
787717,10246997874917,btc_qm_engine,btc_sha256_elapsed_ns,1089.0000000000
787718,10246997875437,btc_qm_engine,btc_sha256_nonce,2707994333.0000000000
787719,10246997875687,btc_qm_engine,btc_sha256_nonce,2491494441.0000000000
787720,10246997875772,btc_qm_engine,btc_leading_zeros,0.0000000000
787721,10246997876210,btc_qm_engine,btc_sha256_nonce,1195283623.0000000000
787722,10246997876301,btc_qm_engine,btc_sha256_elapsed_ns,1077.0000000000
787723,10246997876478,btc_qm_engine,btc_sha256_nonce,2421259748.0000000000
787724,10246997876825,btc_qm_engine,btc_sha256_nonce,2360901154.0000000000
787725,10246997876897,btc_qm_engine,btc_leading_zeros,1.0000000000
787726,10246997876983,btc_qm_engine,btc_sha256_nonce,377641029.0000000000
787727,10246997877116,btc_qm_engine,btc_leading_zeros,0.0000000000
787728,10246997877290,btc_qm_engine,btc_sha256_elapsed_ns,1135.0000000000
787729,10246997877507,btc_qm_engine,btc_leading_zeros,0.0000000000
787730,10246997877637,btc_qm_engine,btc_sha256_nonce,627408766.0000000000
787731,10246997877710,btc_qm_engine,btc_leading_zeros,0.0000000000
787732,10246997877764,btc_qm_engine,btc_sha256_elapsed_ns,737.0000000000
787733,10246997878086,btc_qm_engine,btc_sha256_elapsed_ns,1077.0000000000
787734,10246997878226,btc_qm_engine,btc_sha256_elapsed_ns,1001.0000000000
787735,10246997878733,btc_qm_engine,btc_leading_zeros,0.0000000000
787736,10246997878812,btc_qm_engine,btc_sha256_nonce,1889743554.0000000000
787737,10246997879127,btc_qm_engine,btc_leading_zeros,4.0000000000
787738,10246997879199,btc_qm_engine,btc_sha256_elapsed_ns,1090.0000000000
787739,10246997879587,btc_qm_engine,btc_sha256_nonce,2512295726.0000000000
787740,10246997879820,btc_qm_engine,btc_sha256_nonce,2312614110.0000000000
787741,10246997879891,btc_qm_engine,btc_leading_zeros,2.0000000000
787742,10246997879978,btc_qm_engine,btc_sha256_elapsed_ns,1132.0000000000
787743,10246997880123,btc_qm_engine,btc_sha256_elapsed_ns,884.0000000000
787744,10246997880272,btc_qm_engine,btc_leading_zeros,1.0000000000
787745,10246997880375,btc_qm_engine,btc_sha256_elapsed_ns,1051.0000000000
787746,10246997880776,btc_qm_engine,btc_sha256_nonce,3863267726.0000000000
787747,10246997880893,btc_qm_engine,btc_leading_zeros,4.0000000000
787748,10246997880961,btc_qm_engine,btc_sha256_elapsed_ns,985.0000000000
787749,10246997881161,btc_qm_engine,btc_sha256_nonce,3969872074.0000000000
787750,10246997881244,btc_qm_engine,btc_leading_zeros,2.0000000000
787751,10246997881429,btc_qm_engine,btc_sha256_nonce,480424622.0000000000
787752,10246997881716,btc_qm_engine,btc_sha256_nonce,2287610435.0000000000
787753,10246997882015,btc_qm_engine,btc_sha256_elapsed_ns,1064.0000000000
787754,10246997882198,btc_qm_engine,btc_leading_zeros,0.0000000000
787755,10246997882393,btc_qm_engine,btc_sha256_nonce,1343211290.0000000000
787756,10246997882899,btc_qm_engine,btc_sha256_nonce,2513949869.0000000000
787757,10246997883302,btc_qm_engine,btc_leading_zeros,0.0000000000
787758,10246997883431,btc_qm_engine,btc_leading_zeros,0.0000000000
787759,10246997883669,btc_qm_engine,btc_sha256_elapsed_ns,1127.0000000000
787760,10246997883789,btc_qm_engine,btc_leading_zeros,1.0000000000
787761,10246997884234,btc_qm_engine,btc_sha256_elapsed_ns,1046.0000000000
787762,10246997884379,btc_qm_engine,btc_sha256_elapsed_ns,1082.0000000000
787763,10246997884892,btc_qm_engine,btc_sha256_elapsed_ns,1088.0000000000
787764,10246997885064,btc_qm_engine,btc_sha256_nonce,3847228770.0000000000
787765,10246997885143,btc_qm_engine,btc_leading_zeros,0.0000000000
787766,10246997885220,btc_qm_engine,btc_sha256_elapsed_ns,1081.0000000000
787767,10246997885440,btc_qm_engine,btc_sha256_nonce,2547047442.0000000000
787768,10246997885567,btc_qm_engine,btc_leading_zeros,1.0000000000
787769,10246997885765,btc_qm_engine,btc_sha256_nonce,2423879626.0000000000
787770,10246997885873,btc_qm_engine,btc_leading_zeros,0.0000000000
787771,10246997885974,btc_qm_engine,btc_sha256_elapsed_ns,917.0000000000
787772,10246997886099,btc_qm_engine,btc_sha256_nonce,977498536.0000000000
787773,10246997886308,btc_qm_engine,btc_sha256_nonce,2313383288.0000000000
787774,10246997886391,btc_qm_engine,btc_leading_zeros,0.0000000000
787775,10246997886661,btc_qm_engine,btc_leading_zeros,1.0000000000
787776,10246997887069,btc_qm_engine,btc_sha256_nonce,105258959.0000000000
787777,10246997887176,btc_qm_engine,btc_sha256_elapsed_ns,1113.0000000000
787778,10246997887318,btc_qm_engine,btc_sha256_elapsed_ns,1093.0000000000
787779,10246997887536,btc_qm_engine,btc_leading_zeros,1.0000000000
787780,10246997887630,btc_qm_engine,btc_sha256_nonce,527064303.0000000000
787781,10246997888053,btc_qm_engine,btc_leading_zeros,1.0000000000
787782,10246997888559,btc_qm_engine,btc_sha256_elapsed_ns,997.0000000000
787783,10246997889104,btc_qm_engine,btc_sha256_elapsed_ns,923.0000000000
787784,10246997889323,btc_qm_engine,btc_sha256_nonce,373231576.0000000000
787785,10246997889682,btc_qm_engine,btc_leading_zeros,2.0000000000
787786,10246997889751,btc_qm_engine,btc_sha256_elapsed_ns,847.0000000000
787787,10246997890300,btc_qm_engine,btc_sha256_nonce,3241164465.0000000000
787788,10246997890369,btc_qm_engine,btc_leading_zeros,2.0000000000
787789,10246997890419,btc_qm_engine,btc_sha256_elapsed_ns,743.0000000000
787790,10246997890926,btc_qm_engine,btc_leading_zeros,1.0000000000
787791,10246997891043,btc_qm_engine,btc_sha256_nonce,945435665.0000000000
787792,10246997891225,btc_qm_engine,btc_sha256_nonce,4172799240.0000000000
787793,10246997891491,btc_qm_engine,btc_leading_zeros,0.0000000000
787794,10246997891651,btc_qm_engine,btc_leading_zeros,0.0000000000
787795,10246997891753,btc_qm_engine,btc_sha256_nonce,1491433726.0000000000
787796,10246997891927,btc_qm_engine,btc_sha256_elapsed_ns,1038.0000000000
787797,10246997892300,btc_qm_engine,btc_sha256_elapsed_ns,1043.0000000000
787798,10246997892666,btc_qm_engine,btc_sha256_nonce,1248792714.0000000000
787799,10246997893347,btc_qm_engine,btc_leading_zeros,0.0000000000
787800,10246997893396,btc_qm_engine,btc_sha256_elapsed_ns,1099.0000000000
787801,10246997893874,btc_qm_engine,btc_sha256_elapsed_ns,999.0000000000
787802,10246997894053,btc_qm_engine,btc_leading_zeros,0.0000000000
787803,10246997894173,btc_qm_engine,btc_sha256_elapsed_ns,1083.0000000000
787804,10246997894446,btc_qm_engine,btc_sha256_nonce,4257510867.0000000000
787805,10246997894516,btc_qm_engine,btc_leading_zeros,1.0000000000
787806,10246997894591,btc_qm_engine,btc_sha256_elapsed_ns,1055.0000000000
787807,10246997894706,btc_qm_engine,btc_sha256_nonce,3084136217.0000000000
787808,10246997894798,btc_qm_engine,btc_leading_zeros,0.0000000000
787809,10246997894880,btc_qm_engine,btc_sha256_elapsed_ns,759.0000000000
787810,10246997895551,btc_qm_engine,btc_sha256_nonce,1162598612.0000000000
787811,10246997895890,btc_qm_engine,btc_sha256_nonce,3353036331.0000000000
787812,10246997896219,btc_qm_engine,btc_sha256_nonce,3226661522.0000000000
787813,10246997896295,btc_qm_engine,btc_leading_zeros,0.0000000000
787814,10246997896493,btc_qm_engine,btc_sha256_nonce,1213120665.0000000000
787815,10246997896957,btc_qm_engine,btc_sha256_nonce,942023984.0000000000
787816,10246997897485,btc_qm_engine,btc_leading_zeros,1.0000000000
787817,10246997897736,btc_qm_engine,btc_sha256_elapsed_ns,1059.0000000000
787818,10246997897825,btc_qm_engine,btc_sha256_nonce,3350992425.0000000000
787819,10246997898173,btc_qm_engine,btc_sha256_elapsed_ns,1055.0000000000
787820,10246997898295,btc_qm_engine,btc_leading_zeros,1.0000000000
787821,10246997898365,btc_qm_engine,btc_sha256_elapsed_ns,960.0000000000
787822,10246997898717,btc_qm_engine,btc_sha256_nonce,3858726803.0000000000
787823,10246997898794,btc_qm_engine,btc_leading_zeros,0.0000000000
787824,10246997898860,btc_qm_engine,btc_sha256_elapsed_ns,771.0000000000
787825,10246997898949,btc_qm_engine,btc_leading_zeros,0.0000000000
787826,10246997899030,btc_qm_engine,btc_sha256_elapsed_ns,1108.0000000000
787827,10246997899645,btc_qm_engine,btc_leading_zeros,1.0000000000
787828,10246997899864,btc_qm_engine,btc_sha256_elapsed_ns,1083.0000000000
787829,10246997900045,btc_qm_engine,btc_sha256_nonce,3918828209.0000000000
787830,10246997900229,btc_qm_engine,btc_sha256_nonce,2282056871.0000000000
787831,10246997900364,btc_qm_engine,btc_sha256_nonce,2635604400.0000000000
787832,10246997900489,btc_qm_engine,btc_leading_zeros,2.0000000000
787833,10246997901065,btc_qm_engine,btc_sha256_elapsed_ns,1117.0000000000
787834,10246997901200,btc_qm_engine,btc_leading_zeros,1.0000000000
787835,10246997901279,btc_qm_engine,btc_sha256_elapsed_ns,1104.0000000000
787836,10246997901576,btc_qm_engine,btc_sha256_nonce,3205091109.0000000000
787837,10246997901651,btc_qm_engine,btc_leading_zeros,0.0000000000
787838,10246997902022,btc_qm_engine,btc_sha256_elapsed_ns,1119.0000000000
787839,10246997902167,btc_qm_engine,btc_sha256_elapsed_ns,1099.0000000000
787840,10246997902329,btc_qm_engine,btc_sha256_nonce,867210696.0000000000
787841,10246997902430,btc_qm_engine,btc_sha256_nonce,337213627.0000000000
787842,10246997902510,btc_qm_engine,btc_leading_zeros,1.0000000000
787843,10246997902576,btc_qm_engine,btc_sha256_elapsed_ns,1080.0000000000
787844,10246997902777,btc_qm_engine,btc_leading_zeros,2.0000000000
787845,10246997902893,btc_qm_engine,btc_leading_zeros,1.0000000000
787846,10246997903105,btc_qm_engine,btc_sha256_elapsed_ns,740.0000000000
787847,10246997903191,btc_qm_engine,btc_leading_zeros,1.0000000000
787848,10246997903386,btc_qm_engine,btc_sha256_elapsed_ns,1077.0000000000
787849,10246997903560,btc_qm_engine,btc_sha256_elapsed_ns,1132.0000000000
787850,10246997903794,btc_qm_engine,btc_sha256_nonce,4113369936.0000000000
787851,10246997904262,btc_qm_engine,btc_leading_zeros,0.0000000000
787852,10246997904359,btc_qm_engine,btc_sha256_elapsed_ns,1062.0000000000
787853,10246997904539,btc_qm_engine,btc_sha256_nonce,1290880302.0000000000
787854,10246997904813,btc_qm_engine,btc_sha256_nonce,1929676368.0000000000
787855,10246997905009,btc_qm_engine,btc_sha256_nonce,2186136929.0000000000
787856,10246997905308,btc_qm_engine,btc_sha256_nonce,2609515729.0000000000
787857,10246997905467,btc_qm_engine,btc_sha256_nonce,3340418563.0000000000
787858,10246997905620,btc_qm_engine,btc_leading_zeros,0.0000000000
787859,10246997905758,btc_qm_engine,btc_leading_zeros,0.0000000000
787860,10246997906002,btc_qm_engine,btc_sha256_elapsed_ns,1118.0000000000
787861,10246997906188,btc_qm_engine,btc_leading_zeros,2.0000000000
787862,10246997906435,btc_qm_engine,btc_sha256_nonce,4044916365.0000000000
787863,10246997906576,btc_qm_engine,btc_sha256_elapsed_ns,1095.0000000000
787864,10246997906945,btc_qm_engine,btc_sha256_nonce,2374423500.0000000000
787865,10246997907065,btc_qm_engine,btc_leading_zeros,0.0000000000
787866,10246997907181,btc_qm_engine,btc_sha256_elapsed_ns,1129.0000000000
787867,10246997907385,btc_qm_engine,btc_leading_zeros,0.0000000000
787868,10246997907508,btc_qm_engine,btc_sha256_elapsed_ns,984.0000000000
787869,10246997907611,btc_qm_engine,btc_sha256_elapsed_ns,1071.0000000000
787870,10246997907790,btc_qm_engine,btc_sha256_nonce,2313185514.0000000000
787871,10246997907901,btc_qm_engine,btc_leading_zeros,3.0000000000
787872,10246997907970,btc_qm_engine,btc_sha256_elapsed_ns,1075.0000000000
787873,10246997908071,btc_qm_engine,btc_leading_zeros,0.0000000000
787874,10246997908160,btc_qm_engine,btc_sha256_elapsed_ns,927.0000000000
787875,10246997908331,btc_qm_engine,btc_sha256_nonce,3847726374.0000000000
787876,10246997908636,btc_qm_engine,btc_sha256_nonce,2542965161.0000000000
787877,10246997908838,btc_qm_engine,btc_sha256_nonce,1416731377.0000000000
787878,10246997908915,btc_qm_engine,btc_leading_zeros,2.0000000000
787879,10246997908985,btc_qm_engine,btc_sha256_elapsed_ns,1043.0000000000
787880,10246997909185,btc_qm_engine,btc_leading_zeros,0.0000000000
787881,10246997909328,btc_qm_engine,btc_sha256_nonce,2731254268.0000000000
787882,10246997909398,btc_qm_engine,btc_leading_zeros,2.0000000000
787883,10246997909493,btc_qm_engine,btc_sha256_elapsed_ns,1090.0000000000
787884,10246997909789,btc_qm_engine,btc_sha256_elapsed_ns,993.0000000000
787885,10246997910138,btc_qm_engine,btc_leading_zeros,2.0000000000
787886,10246997910227,btc_qm_engine,btc_sha256_nonce,627184055.0000000000
787887,10246997910366,btc_qm_engine,btc_sha256_nonce,1104926543.0000000000
787888,10246997910495,btc_qm_engine,btc_leading_zeros,1.0000000000
787889,10246997910741,btc_qm_engine,btc_leading_zeros,1.0000000000
787890,10246997910911,btc_qm_engine,btc_leading_zeros,0.0000000000
787891,10246997911111,btc_qm_engine,btc_sha256_nonce,845381047.0000000000
787892,10246997911185,btc_qm_engine,btc_leading_zeros,0.0000000000
787893,10246997911267,btc_qm_engine,btc_sha256_elapsed_ns,969.0000000000
787894,10246997911461,btc_qm_engine,btc_sha256_elapsed_ns,1056.0000000000
787895,10246997911625,btc_qm_engine,btc_sha256_elapsed_ns,1036.0000000000
787896,10246997911825,btc_qm_engine,btc_sha256_nonce,3521776108.0000000000
787897,10246997912156,btc_qm_engine,btc_sha256_elapsed_ns,1103.0000000000
787898,10246997912296,btc_qm_engine,btc_leading_zeros,0.0000000000
787899,10246997912381,btc_qm_engine,btc_sha256_elapsed_ns,1095.0000000000
787900,10246997912526,btc_qm_engine,btc_sha256_nonce,3523803617.0000000000
787901,10246997912600,btc_qm_engine,btc_leading_zeros,1.0000000000
787902,10246997912669,btc_qm_engine,btc_sha256_elapsed_ns,1001.0000000000
787903,10246997912778,btc_qm_engine,btc_sha256_elapsed_ns,1090.0000000000
787904,10246997912962,btc_qm_engine,btc_sha256_nonce,759070266.0000000000
787905,10246997913043,btc_qm_engine,btc_leading_zeros,0.0000000000
787906,10246997913662,btc_qm_engine,btc_sha256_nonce,2153852522.0000000000
787907,10246997913894,btc_qm_engine,btc_sha256_elapsed_ns,1046.0000000000
787908,10246997914094,btc_qm_engine,btc_leading_zeros,3.0000000000
787909,10246997914958,btc_qm_engine,btc_sha256_nonce,9179144.0000000000
787910,10246997915336,btc_qm_engine,btc_sha256_nonce,2728194482.0000000000
787911,10246997915583,btc_qm_engine,btc_sha256_nonce,1520331122.0000000000
787912,10246997915819,btc_qm_engine,btc_leading_zeros,3.0000000000
787913,10246997915903,btc_qm_engine,btc_sha256_elapsed_ns,945.0000000000
787914,10246997916120,btc_qm_engine,btc_leading_zeros,1.0000000000
787915,10246997916238,btc_qm_engine,btc_leading_zeros,0.0000000000
787916,10246997916372,btc_qm_engine,btc_sha256_elapsed_ns,972.0000000000
787917,10246997916571,btc_qm_engine,btc_sha256_elapsed_ns,970.0000000000
787918,10246997916901,btc_qm_engine,btc_sha256_elapsed_ns,1119.0000000000
787919,10246997917235,btc_qm_engine,btc_sha256_nonce,1173623640.0000000000
787920,10246997917309,btc_qm_engine,btc_leading_zeros,0.0000000000
787921,10246997917472,btc_qm_engine,btc_sha256_nonce,3874782302.0000000000
787922,10246997917871,btc_qm_engine,btc_leading_zeros,2.0000000000
787923,10246997918111,btc_qm_engine,btc_sha256_nonce,3542699355.0000000000
787924,10246997918190,btc_qm_engine,btc_leading_zeros,0.0000000000
787925,10246997918413,btc_qm_engine,btc_sha256_elapsed_ns,1041.0000000000
787926,10246997918698,btc_qm_engine,btc_sha256_nonce,1078472764.0000000000
787927,10246997918871,btc_qm_engine,btc_sha256_elapsed_ns,1118.0000000000
787928,10246997919007,btc_qm_engine,btc_sha256_nonce,597670057.0000000000
787929,10246997919472,btc_qm_engine,btc_leading_zeros,0.0000000000
787930,10246997919541,btc_qm_engine,btc_sha256_elapsed_ns,1109.0000000000
787931,10246997919957,btc_qm_engine,btc_sha256_nonce,3847693951.0000000000
787932,10246997920035,btc_qm_engine,btc_leading_zeros,4.0000000000
787933,10246997920098,btc_qm_engine,btc_sha256_elapsed_ns,801.0000000000
787934,10246997920504,btc_qm_engine,btc_sha256_nonce,3486431175.0000000000
787935,10246997920865,btc_qm_engine,btc_sha256_nonce,1444793475.0000000000
787936,10246997921053,btc_qm_engine,btc_sha256_nonce,3720501578.0000000000
787937,10246997921128,btc_qm_engine,btc_leading_zeros,1.0000000000
787938,10246997921223,btc_qm_engine,btc_sha256_elapsed_ns,735.0000000000
787939,10246997921313,btc_qm_engine,btc_sha256_elapsed_ns,1121.0000000000
787940,10246997921421,btc_qm_engine,btc_leading_zeros,0.0000000000
787941,10246997921609,btc_qm_engine,btc_leading_zeros,1.0000000000
787942,10246997921816,btc_qm_engine,btc_sha256_elapsed_ns,822.0000000000
787943,10246997921979,btc_qm_engine,btc_sha256_elapsed_ns,1036.0000000000
787944,10246997922425,btc_qm_engine,btc_sha256_nonce,3846959929.0000000000
787945,10246997922495,btc_qm_engine,btc_leading_zeros,0.0000000000
787946,10246997922569,btc_qm_engine,btc_leading_zeros,1.0000000000
787947,10246997922910,btc_qm_engine,btc_sha256_elapsed_ns,1073.0000000000
787948,10246997923035,btc_qm_engine,btc_sha256_elapsed_ns,1010.0000000000
787949,10246997923142,btc_qm_engine,btc_sha256_elapsed_ns,1069.0000000000
787950,10246997923445,btc_qm_engine,btc_sha256_nonce,2546443027.0000000000
787951,10246997923774,btc_qm_engine,btc_sha256_nonce,1983499317.0000000000
787952,10246997923884,btc_qm_engine,btc_leading_zeros,1.0000000000
787953,10246997923939,btc_qm_engine,btc_sha256_elapsed_ns,972.0000000000
787954,10246997924040,btc_qm_engine,btc_leading_zeros,1.0000000000
787955,10246997924126,btc_qm_engine,btc_sha256_elapsed_ns,1135.0000000000
787956,10246997924330,btc_qm_engine,btc_sha256_nonce,2487598201.0000000000
787957,10246997924405,btc_qm_engine,btc_leading_zeros,1.0000000000
787958,10246997924486,btc_qm_engine,btc_sha256_elapsed_ns,1110.0000000000
787959,10246997924622,btc_qm_engine,btc_sha256_nonce,4018192306.0000000000
787960,10246997924910,btc_qm_engine,btc_sha256_nonce,3226664328.0000000000
787961,10246997924985,btc_qm_engine,btc_leading_zeros,2.0000000000
787962,10246997925083,btc_qm_engine,btc_sha256_elapsed_ns,748.0000000000
787963,10246997925216,btc_qm_engine,btc_leading_zeros,3.0000000000
787964,10246997925297,btc_qm_engine,btc_sha256_elapsed_ns,1089.0000000000
787965,10246997925469,btc_qm_engine,btc_sha256_nonce,1213703186.0000000000
787966,10246997925799,btc_qm_engine,btc_sha256_nonce,577164381.0000000000
787967,10246997925899,btc_qm_engine,btc_leading_zeros,10.0000000000
787968,10246997926063,btc_qm_engine,btc_leading_zeros,0.0000000000
787969,10246997926136,btc_qm_engine,btc_sha256_elapsed_ns,1098.0000000000
787970,10246997926356,btc_qm_engine,btc_sha256_nonce,31003988.0000000000
787971,10246997926788,btc_qm_engine,btc_sha256_nonce,2313164037.0000000000
787972,10246997926994,btc_qm_engine,btc_sha256_nonce,1970891428.0000000000
787973,10246997927180,btc_qm_engine,btc_leading_zeros,0.0000000000
787974,10246997927315,btc_qm_engine,btc_leading_zeros,3.0000000000
787975,10246997927394,btc_qm_engine,btc_sha256_elapsed_ns,1114.0000000000
787976,10246997927520,btc_qm_engine,btc_sha256_nonce,1213971031.0000000000
787977,10246997927593,btc_qm_engine,btc_leading_zeros,1.0000000000
787978,10246997927709,btc_qm_engine,btc_sha256_elapsed_ns,1112.0000000000
787979,10246997927951,btc_qm_engine,btc_sha256_elapsed_ns,1078.0000000000
787980,10246997928094,btc_qm_engine,btc_sha256_elapsed_ns,995.0000000000
787981,10246997928331,btc_qm_engine,btc_sha256_nonce,735332638.0000000000
787982,10246997928682,btc_qm_engine,btc_leading_zeros,0.0000000000
787983,10246997928886,btc_qm_engine,btc_sha256_nonce,2312833204.0000000000
787984,10246997929168,btc_qm_engine,btc_leading_zeros,3.0000000000
787985,10246997929471,btc_qm_engine,btc_sha256_nonce,4089036570.0000000000
787986,10246997929618,btc_qm_engine,btc_sha256_nonce,654266024.0000000000
787987,10246997929683,btc_qm_engine,btc_leading_zeros,0.0000000000
787988,10246997929788,btc_qm_engine,btc_sha256_elapsed_ns,1005.0000000000
787989,10246997930013,btc_qm_engine,btc_sha256_nonce,27216495.0000000000
787990,10246997930450,btc_qm_engine,btc_sha256_elapsed_ns,1064.0000000000
787991,10246997930871,btc_qm_engine,btc_sha256_nonce,3590687553.0000000000
787992,10246997931069,btc_qm_engine,btc_leading_zeros,8.0000000000
787993,10246997931149,btc_qm_engine,btc_sha256_elapsed_ns,974.0000000000
787994,10246997931270,btc_qm_engine,btc_leading_zeros,1.0000000000
787995,10246997931383,btc_qm_engine,btc_sha256_elapsed_ns,801.0000000000
787996,10246997931584,btc_qm_engine,btc_sha256_nonce,3912807111.0000000000
787997,10246997931780,btc_qm_engine,btc_leading_zeros,1.0000000000
787998,10246997931987,btc_qm_engine,btc_leading_zeros,0.0000000000
787999,10246997932063,btc_qm_engine,btc_sha256_elapsed_ns,1073.0000000000
788000,10246997932172,btc_qm_engine,btc_sha256_elapsed_ns,1109.0000000000
788001,10246997932480,btc_qm_engine,btc_sha256_nonce,1922911205.0000000000
788002,10246997932557,btc_qm_engine,btc_leading_zeros,0.0000000000
788003,10246997932690,btc_qm_engine,btc_sha256_elapsed_ns,1075.0000000000
788004,10246997932907,btc_qm_engine,btc_sha256_nonce,3112907347.0000000000
788005,10246997933326,btc_qm_engine,btc_sha256_nonce,627220097.0000000000
788006,10246997933446,btc_qm_engine,btc_sha256_nonce,540446519.0000000000
788007,10246997933843,btc_qm_engine,btc_leading_zeros,0.0000000000
788008,10246997933959,btc_qm_engine,btc_leading_zeros,3.0000000000
788009,10246997934034,btc_qm_engine,btc_sha256_elapsed_ns,952.0000000000
788010,10246997934161,btc_qm_engine,btc_sha256_nonce,3944874210.0000000000
788011,10246997934246,btc_qm_engine,btc_leading_zeros,3.0000000000
788012,10246997934474,btc_qm_engine,btc_sha256_elapsed_ns,1040.0000000000
788013,10246997934870,btc_qm_engine,btc_sha256_elapsed_ns,1103.0000000000
788014,10246997935417,btc_qm_engine,btc_sha256_nonce,2487122335.0000000000
788015,10246997935509,btc_qm_engine,btc_leading_zeros,2.0000000000
788016,10246997935569,btc_qm_engine,btc_sha256_elapsed_ns,1052.0000000000
788017,10246997936142,btc_qm_engine,btc_sha256_nonce,144257472.0000000000
788018,10246997936215,btc_qm_engine,btc_leading_zeros,1.0000000000
788019,10246997936324,btc_qm_engine,btc_sha256_nonce,806694038.0000000000
788020,10246997936638,btc_qm_engine,btc_sha256_nonce,2313654475.0000000000
788021,10246997936720,btc_qm_engine,btc_leading_zeros,4.0000000000
788022,10246997936774,btc_qm_engine,btc_sha256_elapsed_ns,1117.0000000000
788023,10246997936987,btc_qm_engine,btc_leading_zeros,1.0000000000
788024,10246997937256,btc_qm_engine,btc_sha256_elapsed_ns,752.0000000000
788025,10246997937889,btc_qm_engine,btc_sha256_elapsed_ns,1105.0000000000
788026,10246997938220,btc_qm_engine,btc_leading_zeros,0.0000000000
788027,10246997938602,btc_qm_engine,btc_sha256_nonce,1803869208.0000000000
788028,10246997939197,btc_qm_engine,btc_sha256_elapsed_ns,1115.0000000000
788029,10246997939347,btc_qm_engine,btc_leading_zeros,0.0000000000
788030,10246997939441,btc_qm_engine,btc_sha256_elapsed_ns,1109.0000000000
788031,10246997939770,btc_qm_engine,btc_leading_zeros,1.0000000000
788032,10246997940096,btc_qm_engine,btc_sha256_nonce,3412955012.0000000000
788033,10246997940330,btc_qm_engine,btc_sha256_nonce,103620646.0000000000
788034,10246997940480,btc_qm_engine,btc_leading_zeros,1.0000000000
788035,10246997940563,btc_qm_engine,btc_sha256_elapsed_ns,1124.0000000000
788036,10246997940765,btc_qm_engine,btc_leading_zeros,0.0000000000
788037,10246997940890,btc_qm_engine,btc_sha256_nonce,3396629511.0000000000
788038,10246997940968,btc_qm_engine,btc_leading_zeros,2.0000000000
788039,10246997941036,btc_qm_engine,btc_sha256_elapsed_ns,1085.0000000000
788040,10246997941142,btc_qm_engine,btc_sha256_elapsed_ns,975.0000000000
788041,10246997941511,btc_qm_engine,btc_sha256_nonce,997082993.0000000000
788042,10246997941970,btc_qm_engine,btc_sha256_nonce,3198062384.0000000000
788043,10246997942392,btc_qm_engine,btc_leading_zeros,0.0000000000
788044,10246997942653,btc_qm_engine,btc_leading_zeros,0.0000000000
788045,10246997942823,btc_qm_engine,btc_sha256_elapsed_ns,969.0000000000
788046,10246997943436,btc_qm_engine,btc_sha256_nonce,108710145.0000000000
788047,10246997944077,btc_qm_engine,btc_leading_zeros,0.0000000000
788048,10246997944271,btc_qm_engine,btc_sha256_nonce,179719198.0000000000
788049,10246997944629,btc_qm_engine,btc_leading_zeros,0.0000000000
788050,10246997944680,btc_qm_engine,btc_sha256_elapsed_ns,1074.0000000000
788051,10246997945138,btc_qm_engine,btc_sha256_elapsed_ns,1011.0000000000
788052,10246997945403,btc_qm_engine,btc_sha256_elapsed_ns,1100.0000000000
788053,10246997946193,btc_qm_engine,btc_sha256_nonce,2655754568.0000000000
788054,10246997946287,btc_qm_engine,btc_leading_zeros,0.0000000000
788055,10246997946355,btc_qm_engine,btc_sha256_elapsed_ns,979.0000000000
788056,10246997946508,btc_qm_engine,btc_sha256_nonce,4225898715.0000000000
788057,10246997946631,btc_qm_engine,btc_sha256_nonce,3083401567.0000000000
788058,10246997946792,btc_qm_engine,btc_sha256_nonce,3310849194.0000000000
788059,10246997946971,btc_qm_engine,btc_leading_zeros,4.0000000000
788060,10246997947048,btc_qm_engine,btc_sha256_elapsed_ns,1109.0000000000
788061,10246997947189,btc_qm_engine,btc_leading_zeros,3.0000000000
788062,10246997947351,btc_qm_engine,btc_leading_zeros,1.0000000000
788063,10246997947433,btc_qm_engine,btc_sha256_elapsed_ns,1061.0000000000
788064,10246997947615,btc_qm_engine,btc_sha256_nonce,1151375938.0000000000
788065,10246997947792,btc_qm_engine,btc_sha256_elapsed_ns,974.0000000000
788066,10246997947997,btc_qm_engine,btc_leading_zeros,1.0000000000
788067,10246997948322,btc_qm_engine,btc_sha256_nonce,718770197.0000000000
788068,10246997948537,btc_qm_engine,btc_sha256_elapsed_ns,1053.0000000000
788069,10246997948641,btc_qm_engine,btc_sha256_elapsed_ns,1044.0000000000
788070,10246997949017,btc_qm_engine,btc_sha256_nonce,2050257374.0000000000
788071,10246997949332,btc_qm_engine,btc_leading_zeros,1.0000000000
788072,10246997949423,btc_qm_engine,btc_sha256_elapsed_ns,1077.0000000000
788073,10246997949776,btc_qm_engine,btc_sha256_nonce,2535128929.0000000000
788074,10246997950448,btc_qm_engine,btc_sha256_nonce,2947086782.0000000000
788075,10246997950667,btc_qm_engine,btc_sha256_nonce,2001494113.0000000000
788076,10246997950852,btc_qm_engine,btc_leading_zeros,0.0000000000
788077,10246997951014,btc_qm_engine,btc_leading_zeros,0.0000000000
788078,10246997951239,btc_qm_engine,btc_sha256_nonce,2454280880.0000000000
788079,10246997951522,btc_qm_engine,btc_leading_zeros,2.0000000000
788080,10246997951687,btc_qm_engine,btc_leading_zeros,1.0000000000
788081,10246997951909,btc_qm_engine,btc_sha256_elapsed_ns,794.0000000000
788082,10246997952291,btc_qm_engine,btc_leading_zeros,0.0000000000
788083,10246997952368,btc_qm_engine,btc_sha256_elapsed_ns,1114.0000000000
788084,10246997952696,btc_qm_engine,btc_sha256_elapsed_ns,1070.0000000000
788085,10246997953094,btc_qm_engine,btc_sha256_nonce,2313412113.0000000000
788086,10246997953452,btc_qm_engine,btc_leading_zeros,1.0000000000
788087,10246997953527,btc_qm_engine,btc_sha256_elapsed_ns,1124.0000000000
788088,10246997953644,btc_qm_engine,btc_sha256_nonce,4088699552.0000000000
788089,10246997953721,btc_qm_engine,btc_leading_zeros,3.0000000000
788090,10246997953795,btc_qm_engine,btc_sha256_elapsed_ns,1041.0000000000
788091,10246997954024,btc_qm_engine,btc_sha256_nonce,3235370874.0000000000
788092,10246997954219,btc_qm_engine,btc_sha256_nonce,4094832928.0000000000
788093,10246997954568,btc_qm_engine,btc_leading_zeros,0.0000000000
788094,10246997954713,btc_qm_engine,btc_leading_zeros,4.0000000000
788095,10246997954797,btc_qm_engine,btc_sha256_elapsed_ns,1098.0000000000
788096,10246997955619,btc_qm_engine,btc_sha256_elapsed_ns,735.0000000000
788097,10246997955740,btc_qm_engine,btc_sha256_elapsed_ns,877.0000000000
788098,10246997956202,btc_qm_engine,btc_sha256_nonce,3562265855.0000000000
788099,10246997956323,btc_qm_engine,btc_sha256_nonce,3083611519.0000000000
788100,10246997956596,btc_qm_engine,btc_leading_zeros,0.0000000000
788101,10246997956693,btc_qm_engine,btc_sha256_elapsed_ns,1108.0000000000
788102,10246997957194,btc_qm_engine,btc_leading_zeros,0.0000000000
788103,10246997957303,btc_qm_engine,btc_sha256_elapsed_ns,1060.0000000000
788104,10246997957597,btc_qm_engine,btc_sha256_elapsed_ns,995.0000000000
788105,10246997957904,btc_qm_engine,btc_sha256_nonce,3438951064.0000000000
788106,10246997958239,btc_qm_engine,btc_leading_zeros,0.0000000000
788107,10246997958588,btc_qm_engine,btc_sha256_elapsed_ns,1153.0000000000
788108,10246997958959,btc_qm_engine,btc_sha256_nonce,4185918349.0000000000
788109,10246997959183,btc_qm_engine,btc_sha256_nonce,2519506050.0000000000
788110,10246997959321,btc_qm_engine,btc_sha256_nonce,975888760.0000000000
788111,10246997960098,btc_qm_engine,btc_leading_zeros,0.0000000000
788112,10246997960289,btc_qm_engine,btc_leading_zeros,1.0000000000
788113,10246997960986,btc_qm_engine,btc_sha256_elapsed_ns,1123.0000000000
788114,10246997961569,btc_qm_engine,btc_leading_zeros,1.0000000000
788115,10246997961656,btc_qm_engine,btc_sha256_elapsed_ns,1130.0000000000
788116,10246997962320,btc_qm_engine,btc_sha256_nonce,1485144047.0000000000
788117,10246997962391,btc_qm_engine,btc_leading_zeros,2.0000000000
788118,10246997962460,btc_qm_engine,btc_sha256_elapsed_ns,1067.0000000000
788119,10246997962830,btc_qm_engine,btc_sha256_elapsed_ns,1121.0000000000
788120,10246997963246,btc_qm_engine,btc_sha256_nonce,3406904188.0000000000
788121,10246997963614,btc_qm_engine,btc_leading_zeros,0.0000000000
788122,10246997963711,btc_qm_engine,btc_sha256_elapsed_ns,1094.0000000000
788123,10246997963830,btc_qm_engine,btc_sha256_nonce,4153300683.0000000000
788124,10246997964145,btc_qm_engine,btc_sha256_nonce,3083589007.0000000000
788125,10246997964288,btc_qm_engine,btc_sha256_nonce,355448333.0000000000
788126,10246997964525,btc_qm_engine,btc_leading_zeros,0.0000000000
788127,10246997964755,btc_qm_engine,btc_leading_zeros,0.0000000000
788128,10246997965099,btc_qm_engine,btc_sha256_nonce,4030429775.0000000000
788129,10246997965224,btc_qm_engine,btc_sha256_elapsed_ns,1138.0000000000
788130,10246997965906,btc_qm_engine,btc_leading_zeros,3.0000000000
788131,10246997966255,btc_qm_engine,btc_leading_zeros,8.0000000000
788132,10246997966346,btc_qm_engine,btc_sha256_nonce,173344866.0000000000
788133,10246997966501,btc_qm_engine,btc_sha256_elapsed_ns,1088.0000000000
788134,10246997966975,btc_qm_engine,btc_sha256_elapsed_ns,1075.0000000000
788135,10246997967171,btc_qm_engine,btc_leading_zeros,1.0000000000
788136,10246997967246,btc_qm_engine,btc_sha256_elapsed_ns,954.0000000000
788137,10246997967633,btc_qm_engine,btc_sha256_elapsed_ns,1022.0000000000
788138,10246997967939,btc_qm_engine,btc_sha256_nonce,2933241157.0000000000
788139,10246997968037,btc_qm_engine,btc_leading_zeros,1.0000000000
788140,10246997968105,btc_qm_engine,btc_sha256_elapsed_ns,1125.0000000000
788141,10246997968335,btc_qm_engine,btc_sha256_nonce,949858839.0000000000
788142,10246997968409,btc_qm_engine,btc_leading_zeros,1.0000000000
788143,10246997968480,btc_qm_engine,btc_sha256_elapsed_ns,1103.0000000000
788144,10246997968671,btc_qm_engine,btc_sha256_nonce,2181747079.0000000000
788145,10246997968755,btc_qm_engine,btc_leading_zeros,1.0000000000
788146,10246997968825,btc_qm_engine,btc_sha256_elapsed_ns,1109.0000000000
788147,10246997968936,btc_qm_engine,btc_sha256_nonce,1661449717.0000000000
788148,10246997969007,btc_qm_engine,btc_leading_zeros,0.0000000000
788149,10246997969080,btc_qm_engine,btc_sha256_elapsed_ns,1087.0000000000
788150,10246997969435,btc_qm_engine,btc_sha256_nonce,188150641.0000000000
788151,10246997969514,btc_qm_engine,btc_leading_zeros,1.0000000000
788152,10246997969580,btc_qm_engine,btc_sha256_elapsed_ns,1070.0000000000
788153,10246997969730,btc_qm_engine,btc_sha256_nonce,3847101395.0000000000
788154,10246997969809,btc_qm_engine,btc_leading_zeros,0.0000000000
788155,10246997969877,btc_qm_engine,btc_sha256_elapsed_ns,980.0000000000
788156,10246997970186,btc_qm_engine,btc_sha256_nonce,3895015535.0000000000
788157,10246997970265,btc_qm_engine,btc_leading_zeros,0.0000000000
788158,10246997970334,btc_qm_engine,btc_sha256_elapsed_ns,1110.0000000000
788159,10246997970774,btc_qm_engine,btc_sha256_nonce,2110990093.0000000000
788160,10246997970937,btc_qm_engine,btc_sha256_nonce,118525906.0000000000
788161,10246997971011,btc_qm_engine,btc_leading_zeros,4.0000000000
788162,10246997971070,btc_qm_engine,btc_sha256_elapsed_ns,1092.0000000000
788163,10246997971279,btc_qm_engine,btc_sha256_nonce,3042708625.0000000000
788164,10246997971740,btc_qm_engine,btc_sha256_nonce,404962540.0000000000
788165,10246997971936,btc_qm_engine,btc_sha256_nonce,3069513532.0000000000
788166,10246997972379,btc_qm_engine,btc_sha256_nonce,2361120864.0000000000
788167,10246997972618,btc_qm_engine,btc_sha256_nonce,1213976897.0000000000
788168,10246997972790,btc_qm_engine,btc_leading_zeros,0.0000000000
788169,10246997972963,btc_qm_engine,btc_sha256_nonce,2313377688.0000000000
788170,10246997973584,btc_qm_engine,btc_sha256_elapsed_ns,1005.0000000000
788171,10246997973775,btc_qm_engine,btc_leading_zeros,1.0000000000
788172,10246997973894,btc_qm_engine,btc_leading_zeros,3.0000000000
788173,10246997973962,btc_qm_engine,btc_sha256_elapsed_ns,1078.0000000000
788174,10246997974137,btc_qm_engine,btc_leading_zeros,0.0000000000
788175,10246997974463,btc_qm_engine,btc_sha256_elapsed_ns,1079.0000000000
788176,10246997974849,btc_qm_engine,btc_sha256_elapsed_ns,998.0000000000
788177,10246997974973,btc_qm_engine,btc_sha256_nonce,4008767922.0000000000
788178,10246997975067,btc_qm_engine,btc_leading_zeros,3.0000000000
788179,10246997975150,btc_qm_engine,btc_sha256_elapsed_ns,1093.0000000000
788180,10246997975340,btc_qm_engine,btc_sha256_nonce,3931490087.0000000000
788181,10246997975413,btc_qm_engine,btc_leading_zeros,4.0000000000
788182,10246997975475,btc_qm_engine,btc_sha256_elapsed_ns,1077.0000000000
788183,10246997975651,btc_qm_engine,btc_leading_zeros,1.0000000000
788184,10246997975795,btc_qm_engine,btc_sha256_elapsed_ns,1031.0000000000
788185,10246997976233,btc_qm_engine,btc_sha256_nonce,4014140841.0000000000
788186,10246997976310,btc_qm_engine,btc_leading_zeros,0.0000000000
788187,10246997976794,btc_qm_engine,btc_sha256_nonce,1525789603.0000000000
788188,10246997976875,btc_qm_engine,btc_leading_zeros,0.0000000000
788189,10246997976940,btc_qm_engine,btc_sha256_elapsed_ns,1079.0000000000
788190,10246997977123,btc_qm_engine,btc_sha256_nonce,2360507543.0000000000
788191,10246997977269,btc_qm_engine,btc_sha256_elapsed_ns,1139.0000000000
788192,10246997977644,btc_qm_engine,btc_sha256_nonce,3782828977.0000000000
788193,10246997977733,btc_qm_engine,btc_leading_zeros,0.0000000000
788194,10246997977996,btc_qm_engine,btc_leading_zeros,1.0000000000
788195,10246997978068,btc_qm_engine,btc_sha256_elapsed_ns,961.0000000000
788196,10246997978245,btc_qm_engine,btc_leading_zeros,4.0000000000
788197,10246997978355,btc_qm_engine,btc_sha256_nonce,2081616052.0000000000
788198,10246997978436,btc_qm_engine,btc_leading_zeros,0.0000000000
788199,10246997978615,btc_qm_engine,btc_sha256_nonce,1918305014.0000000000
788200,10246997978830,btc_qm_engine,btc_sha256_elapsed_ns,1060.0000000000
788201,10246997979082,btc_qm_engine,btc_sha256_elapsed_ns,1092.0000000000
788202,10246997979227,btc_qm_engine,btc_leading_zeros,1.0000000000
788203,10246997979315,btc_qm_engine,btc_sha256_elapsed_ns,1080.0000000000
788204,10246997979503,btc_qm_engine,btc_leading_zeros,4.0000000000
788205,10246997979586,btc_qm_engine,btc_sha256_elapsed_ns,982.0000000000
788206,10246997979703,btc_qm_engine,btc_sha256_nonce,1213114150.0000000000
788207,10246997980030,btc_qm_engine,btc_sha256_elapsed_ns,1063.0000000000
788208,10246997980387,btc_qm_engine,btc_leading_zeros,0.0000000000
788209,10246997980520,btc_qm_engine,btc_sha256_nonce,462494181.0000000000
788210,10246997980600,btc_qm_engine,btc_leading_zeros,0.0000000000
788211,10246997980668,btc_qm_engine,btc_sha256_elapsed_ns,1062.0000000000
788212,10246997980823,btc_qm_engine,btc_sha256_elapsed_ns,1045.0000000000
788213,10246997980989,btc_qm_engine,btc_sha256_nonce,2487842552.0000000000
788214,10246997981073,btc_qm_engine,btc_leading_zeros,2.0000000000
788215,10246997981142,btc_qm_engine,btc_sha256_elapsed_ns,1091.0000000000
788216,10246997981358,btc_qm_engine,btc_sha256_nonce,150066006.0000000000
788217,10246997981452,btc_qm_engine,btc_sha256_nonce,1730162040.0000000000
788218,10246997981643,btc_qm_engine,btc_sha256_nonce,2246446855.0000000000
788219,10246997981920,btc_qm_engine,btc_leading_zeros,0.0000000000
788220,10246997982037,btc_qm_engine,btc_sha256_nonce,855336659.0000000000
788221,10246997982109,btc_qm_engine,btc_leading_zeros,2.0000000000
788222,10246997982256,btc_qm_engine,btc_sha256_nonce,617386998.0000000000
788223,10246997982377,btc_qm_engine,btc_leading_zeros,0.0000000000
788224,10246997982653,btc_qm_engine,btc_sha256_nonce,476144238.0000000000
788225,10246997982752,btc_qm_engine,btc_leading_zeros,1.0000000000
788226,10246997982814,btc_qm_engine,btc_sha256_elapsed_ns,938.0000000000
788227,10246997982911,btc_qm_engine,btc_sha256_elapsed_ns,1059.0000000000
788228,10246997983132,btc_qm_engine,btc_leading_zeros,2.0000000000
788229,10246997983194,btc_qm_engine,btc_sha256_elapsed_ns,1090.0000000000
788230,10246997984055,btc_qm_engine,btc_sha256_elapsed_ns,1083.0000000000
788231,10246997984200,btc_qm_engine,btc_sha256_nonce,2225029212.0000000000
788232,10246997984274,btc_qm_engine,btc_leading_zeros,0.0000000000
788233,10246997984342,btc_qm_engine,btc_sha256_elapsed_ns,1129.0000000000
788234,10246997984744,btc_qm_engine,btc_sha256_elapsed_ns,1135.0000000000
788235,10246997985301,btc_qm_engine,btc_sha256_elapsed_ns,1103.0000000000
788236,10246997985383,btc_qm_engine,btc_sha256_nonce,291649919.0000000000
788237,10246997985456,btc_qm_engine,btc_leading_zeros,1.0000000000
788238,10246997985606,btc_qm_engine,btc_sha256_elapsed_ns,1029.0000000000
788239,10246997986023,btc_qm_engine,btc_sha256_nonce,3847308286.0000000000
788240,10246997986489,btc_qm_engine,btc_sha256_nonce,1679406409.0000000000
788241,10246997986569,btc_qm_engine,btc_leading_zeros,0.0000000000
788242,10246997986634,btc_qm_engine,btc_sha256_elapsed_ns,912.0000000000
788243,10246997986796,btc_qm_engine,btc_sha256_nonce,1233037252.0000000000
788244,10246997987114,btc_qm_engine,btc_leading_zeros,1.0000000000
788245,10246997987347,btc_qm_engine,btc_leading_zeros,0.0000000000
788246,10246997987575,btc_qm_engine,btc_sha256_elapsed_ns,1033.0000000000
788247,10246997987680,btc_qm_engine,btc_sha256_nonce,3041733451.0000000000
788248,10246997987762,btc_qm_engine,btc_leading_zeros,0.0000000000
788249,10246997987815,btc_qm_engine,btc_sha256_elapsed_ns,727.0000000000
788250,10246997988129,btc_qm_engine,btc_sha256_nonce,1782313431.0000000000
788251,10246997988483,btc_qm_engine,btc_leading_zeros,2.0000000000
788252,10246997988554,btc_qm_engine,btc_sha256_elapsed_ns,1102.0000000000
788253,10246997988988,btc_qm_engine,btc_sha256_nonce,2486938098.0000000000
788254,10246997989368,btc_qm_engine,btc_leading_zeros,0.0000000000
788255,10246997989479,btc_qm_engine,btc_sha256_nonce,930228378.0000000000
788256,10246997989817,btc_qm_engine,btc_sha256_nonce,568108808.0000000000
788257,10246997990005,btc_qm_engine,btc_sha256_elapsed_ns,1106.0000000000
788258,10246997990217,btc_qm_engine,btc_sha256_elapsed_ns,990.0000000000
788259,10246997991017,btc_qm_engine,btc_leading_zeros,1.0000000000
788260,10246997991222,btc_qm_engine,btc_leading_zeros,1.0000000000
788261,10246997991453,btc_qm_engine,btc_sha256_elapsed_ns,924.0000000000
788262,10246997991557,btc_qm_engine,btc_sha256_elapsed_ns,935.0000000000
788263,10246997991816,btc_qm_engine,btc_sha256_nonce,2766271759.0000000000
788264,10246997992207,btc_qm_engine,btc_leading_zeros,4.0000000000
788265,10246997992275,btc_qm_engine,btc_sha256_elapsed_ns,1052.0000000000
788266,10246997992371,btc_qm_engine,btc_sha256_nonce,3083790590.0000000000
788267,10246997992697,btc_qm_engine,btc_leading_zeros,0.0000000000
788268,10246997992772,btc_qm_engine,btc_sha256_elapsed_ns,1057.0000000000
788269,10246997992962,btc_qm_engine,btc_leading_zeros,1.0000000000
788270,10246997993458,btc_qm_engine,btc_sha256_nonce,1398389374.0000000000
788271,10246997993534,btc_qm_engine,btc_sha256_nonce,1858764767.0000000000
788272,10246997993673,btc_qm_engine,btc_sha256_nonce,3122069839.0000000000
788273,10246997993820,btc_qm_engine,btc_leading_zeros,4.0000000000
788274,10246997993972,btc_qm_engine,btc_leading_zeros,0.0000000000
788275,10246997994167,btc_qm_engine,btc_sha256_nonce,4162676550.0000000000
788276,10246997994382,btc_qm_engine,btc_leading_zeros,0.0000000000
788277,10246997994489,btc_qm_engine,btc_sha256_elapsed_ns,1117.0000000000
788278,10246997994799,btc_qm_engine,btc_sha256_elapsed_ns,1097.0000000000
788279,10246997994916,btc_qm_engine,btc_sha256_nonce,1157513637.0000000000
788280,10246997995425,btc_qm_engine,btc_leading_zeros,4.0000000000
788281,10246997995485,btc_qm_engine,btc_sha256_elapsed_ns,935.0000000000
788282,10246997995977,btc_qm_engine,btc_sha256_nonce,466821287.0000000000
788283,10246997996135,btc_qm_engine,btc_leading_zeros,1.0000000000
788284,10246997996387,btc_qm_engine,btc_leading_zeros,0.0000000000
788285,10246997996571,btc_qm_engine,btc_sha256_elapsed_ns,946.0000000000
788286,10246997997209,btc_qm_engine,btc_sha256_nonce,1292561619.0000000000
788287,10246997997478,btc_qm_engine,btc_sha256_elapsed_ns,1044.0000000000
788288,10246997997690,btc_qm_engine,btc_sha256_nonce,646222606.0000000000
788289,10246997998047,btc_qm_engine,btc_leading_zeros,0.0000000000
788290,10246997998210,btc_qm_engine,btc_sha256_nonce,2726932024.0000000000
788291,10246997998294,btc_qm_engine,btc_leading_zeros,2.0000000000
788292,10246997998343,btc_qm_engine,btc_sha256_elapsed_ns,739.0000000000
788293,10246997998565,btc_qm_engine,btc_leading_zeros,0.0000000000
788294,10246997998890,btc_qm_engine,btc_sha256_nonce,3083002199.0000000000
788295,10246997999064,btc_qm_engine,btc_sha256_elapsed_ns,1112.0000000000
788296,10246997999484,btc_qm_engine,btc_sha256_elapsed_ns,1038.0000000000
788297,10246997999923,btc_qm_engine,btc_sha256_elapsed_ns,1103.0000000000
788298,10246998004613,btc_qm_engine,btc_sha256_elapsed_ns,1070.0000000000
788299,10246998005346,btc_qm_engine,btc_sha256_nonce,474731537.0000000000
788300,10246998005430,btc_qm_engine,btc_leading_zeros,1.0000000000
788301,10246998005497,btc_qm_engine,btc_sha256_elapsed_ns,1120.0000000000
788302,10246998005757,btc_qm_engine,btc_sha256_nonce,627911129.0000000000
788303,10246998006120,btc_qm_engine,btc_leading_zeros,0.0000000000
788304,10246998006193,btc_qm_engine,btc_sha256_elapsed_ns,962.0000000000
788305,10246998006836,btc_qm_engine,btc_sha256_nonce,2313000635.0000000000
788306,10246998007101,btc_qm_engine,btc_sha256_nonce,2771624729.0000000000
788307,10246998007341,btc_qm_engine,btc_sha256_nonce,2333362843.0000000000
788308,10246998007536,btc_qm_engine,btc_sha256_nonce,1652543319.0000000000
788309,10246998007639,btc_qm_engine,btc_leading_zeros,0.0000000000
788310,10246998007710,btc_qm_engine,btc_sha256_elapsed_ns,1052.0000000000
788311,10246998008197,btc_qm_engine,btc_leading_zeros,2.0000000000
788312,10246998008398,btc_qm_engine,btc_leading_zeros,0.0000000000
788313,10246998008501,btc_qm_engine,btc_sha256_elapsed_ns,1187.0000000000
788314,10246998008721,btc_qm_engine,btc_sha256_nonce,3873701660.0000000000
788315,10246998008895,btc_qm_engine,btc_sha256_elapsed_ns,1081.0000000000
788316,10246998009120,btc_qm_engine,btc_leading_zeros,1.0000000000
788317,10246998009201,btc_qm_engine,btc_sha256_elapsed_ns,1148.0000000000
788318,10246998009411,btc_qm_engine,btc_sha256_nonce,627457275.0000000000
788319,10246998009696,btc_qm_engine,btc_leading_zeros,0.0000000000
788320,10246998009895,btc_qm_engine,btc_leading_zeros,0.0000000000
788321,10246998010271,btc_qm_engine,btc_sha256_nonce,3242588048.0000000000
788322,10246998010346,btc_qm_engine,btc_leading_zeros,2.0000000000
788323,10246998011078,btc_qm_engine,btc_sha256_elapsed_ns,1108.0000000000
788324,10246998011295,btc_qm_engine,btc_sha256_nonce,2360676981.0000000000
788325,10246998011661,btc_qm_engine,btc_leading_zeros,0.0000000000
788326,10246998011731,btc_qm_engine,btc_sha256_elapsed_ns,985.0000000000
788327,10246998012504,btc_qm_engine,btc_sha256_nonce,3744022260.0000000000
788328,10246998012950,btc_qm_engine,btc_sha256_elapsed_ns,747.0000000000
788329,10246998013131,btc_qm_engine,btc_sha256_nonce,508353947.0000000000
788330,10246998013280,btc_qm_engine,btc_leading_zeros,4.0000000000
788331,10246998013355,btc_qm_engine,btc_sha256_elapsed_ns,822.0000000000
788332,10246998013652,btc_qm_engine,btc_sha256_nonce,3953643827.0000000000
788333,10246998013766,btc_qm_engine,btc_leading_zeros,0.0000000000
788334,10246998013916,btc_qm_engine,btc_sha256_elapsed_ns,1119.0000000000
788335,10246998014121,btc_qm_engine,btc_sha256_nonce,1317334750.0000000000
788336,10246998014438,btc_qm_engine,btc_sha256_elapsed_ns,747.0000000000
788337,10246998014560,btc_qm_engine,btc_leading_zeros,1.0000000000
788338,10246998014635,btc_qm_engine,btc_sha256_elapsed_ns,929.0000000000
788339,10246998014790,btc_qm_engine,btc_sha256_nonce,11877226.0000000000
788340,10246998014866,btc_qm_engine,btc_leading_zeros,0.0000000000
788341,10246998014943,btc_qm_engine,btc_sha256_elapsed_ns,1156.0000000000
788342,10246998015648,btc_qm_engine,btc_sha256_nonce,899952482.0000000000
788343,10246998015800,btc_qm_engine,btc_sha256_nonce,2120092303.0000000000
788344,10246998016207,btc_qm_engine,btc_sha256_nonce,2139878155.0000000000
788345,10246998016329,btc_qm_engine,btc_leading_zeros,0.0000000000
788346,10246998016380,btc_qm_engine,btc_sha256_elapsed_ns,1004.0000000000
788347,10246998016478,btc_qm_engine,btc_leading_zeros,0.0000000000
788348,10246998016618,btc_qm_engine,btc_leading_zeros,0.0000000000
788349,10246998016731,btc_qm_engine,btc_leading_zeros,0.0000000000
788350,10246998016972,btc_qm_engine,btc_sha256_elapsed_ns,1130.0000000000
788351,10246998017189,btc_qm_engine,btc_sha256_nonce,4165658631.0000000000
788352,10246998017562,btc_qm_engine,btc_sha256_nonce,1213811612.0000000000
788353,10246998017959,btc_qm_engine,btc_leading_zeros,0.0000000000
788354,10246998018105,btc_qm_engine,btc_leading_zeros,4.0000000000
788355,10246998018196,btc_qm_engine,btc_sha256_elapsed_ns,1088.0000000000
788356,10246998018397,btc_qm_engine,btc_sha256_elapsed_ns,1068.0000000000
788357,10246998018877,btc_qm_engine,btc_sha256_nonce,4226323045.0000000000
788358,10246998019287,btc_qm_engine,btc_leading_zeros,2.0000000000
788359,10246998019433,btc_qm_engine,btc_sha256_elapsed_ns,947.0000000000
788360,10246998019608,btc_qm_engine,btc_sha256_nonce,2244814063.0000000000
788361,10246998019729,btc_qm_engine,btc_leading_zeros,0.0000000000
788362,10246998019797,btc_qm_engine,btc_sha256_elapsed_ns,1123.0000000000
788363,10246998019981,btc_qm_engine,btc_sha256_nonce,805027443.0000000000
788364,10246998020435,btc_qm_engine,btc_sha256_elapsed_ns,1012.0000000000
788365,10246998020660,btc_qm_engine,btc_leading_zeros,2.0000000000
788366,10246998020882,btc_qm_engine,btc_leading_zeros,0.0000000000
788367,10246998020962,btc_qm_engine,btc_sha256_elapsed_ns,1033.0000000000
788368,10246998021112,btc_qm_engine,btc_sha256_nonce,1203676393.0000000000
788369,10246998021343,btc_qm_engine,btc_sha256_nonce,2313085390.0000000000
788370,10246998021439,btc_qm_engine,btc_leading_zeros,1.0000000000
788371,10246998021518,btc_qm_engine,btc_sha256_elapsed_ns,1079.0000000000
788372,10246998021758,btc_qm_engine,btc_leading_zeros,1.0000000000
788373,10246998022039,btc_qm_engine,btc_sha256_nonce,563949749.0000000000
788374,10246998022119,btc_qm_engine,btc_leading_zeros,0.0000000000
788375,10246998022392,btc_qm_engine,btc_sha256_elapsed_ns,965.0000000000
788376,10246998022873,btc_qm_engine,btc_sha256_elapsed_ns,1056.0000000000
788377,10246998023013,btc_qm_engine,btc_sha256_nonce,683018101.0000000000
788378,10246998023089,btc_qm_engine,btc_leading_zeros,0.0000000000
788379,10246998023150,btc_qm_engine,btc_sha256_elapsed_ns,928.0000000000
788380,10246998023567,btc_qm_engine,btc_sha256_nonce,1213000594.0000000000
788381,10246998023712,btc_qm_engine,btc_leading_zeros,0.0000000000
788382,10246998023788,btc_qm_engine,btc_sha256_elapsed_ns,792.0000000000
788383,10246998024176,btc_qm_engine,btc_sha256_elapsed_ns,765.0000000000
788384,10246998025187,btc_qm_engine,btc_sha256_nonce,1971687201.0000000000
788385,10246998025362,btc_qm_engine,btc_sha256_elapsed_ns,1076.0000000000
788386,10246998025605,btc_qm_engine,btc_sha256_nonce,2996173654.0000000000
788387,10246998025819,btc_qm_engine,btc_leading_zeros,0.0000000000
788388,10246998026310,btc_qm_engine,btc_sha256_nonce,2360591297.0000000000
788389,10246998026426,btc_qm_engine,btc_sha256_nonce,3439770523.0000000000
788390,10246998026595,btc_qm_engine,btc_leading_zeros,1.0000000000
788391,10246998026810,btc_qm_engine,btc_leading_zeros,0.0000000000
788392,10246998027262,btc_qm_engine,btc_sha256_elapsed_ns,1056.0000000000
788393,10246998027403,btc_qm_engine,btc_sha256_elapsed_ns,1059.0000000000
788394,10246998027599,btc_qm_engine,btc_sha256_nonce,3984208195.0000000000
788395,10246998027679,btc_qm_engine,btc_leading_zeros,0.0000000000
788396,10246998027732,btc_qm_engine,btc_sha256_elapsed_ns,825.0000000000
788397,10246998028068,btc_qm_engine,btc_sha256_nonce,1871462444.0000000000
788398,10246998028420,btc_qm_engine,btc_leading_zeros,2.0000000000
788399,10246998028492,btc_qm_engine,btc_sha256_elapsed_ns,996.0000000000
788400,10246998028586,btc_qm_engine,btc_sha256_nonce,2007751576.0000000000
788401,10246998028706,btc_qm_engine,btc_sha256_nonce,113778762.0000000000
788402,10246998029020,btc_qm_engine,btc_sha256_nonce,2560168292.0000000000
788403,10246998029359,btc_qm_engine,btc_leading_zeros,1.0000000000
788404,10246998029563,btc_qm_engine,btc_leading_zeros,4.0000000000
788405,10246998029680,btc_qm_engine,btc_sha256_nonce,3847590321.0000000000
788406,10246998029763,btc_qm_engine,btc_leading_zeros,4.0000000000
788407,10246998029830,btc_qm_engine,btc_sha256_elapsed_ns,937.0000000000
788408,10246998030251,btc_qm_engine,btc_sha256_elapsed_ns,791.0000000000
788409,10246998030328,btc_qm_engine,btc_leading_zeros,1.0000000000
788410,10246998030460,btc_qm_engine,btc_sha256_elapsed_ns,1085.0000000000
788411,10246998030744,btc_qm_engine,btc_sha256_elapsed_ns,737.0000000000
788412,10246998031010,btc_qm_engine,btc_sha256_nonce,3847831887.0000000000
788413,10246998031088,btc_qm_engine,btc_leading_zeros,0.0000000000
788414,10246998031154,btc_qm_engine,btc_sha256_elapsed_ns,941.0000000000
788415,10246998031508,btc_qm_engine,btc_leading_zeros,1.0000000000
788416,10246998031863,btc_qm_engine,btc_sha256_nonce,3991355195.0000000000
788417,10246998032004,btc_qm_engine,btc_sha256_elapsed_ns,986.0000000000
788418,10246998032414,btc_qm_engine,btc_sha256_elapsed_ns,1104.0000000000
788419,10246998033267,btc_qm_engine,btc_sha256_nonce,4101808591.0000000000
788420,10246998033505,btc_qm_engine,btc_sha256_nonce,3349558827.0000000000
788421,10246998033869,btc_qm_engine,btc_leading_zeros,0.0000000000
788422,10246998034074,btc_qm_engine,btc_leading_zeros,3.0000000000
788423,10246998034419,btc_qm_engine,btc_sha256_nonce,1540801706.0000000000
788424,10246998034985,btc_qm_engine,btc_leading_zeros,2.0000000000
788425,10246998035072,btc_qm_engine,btc_sha256_elapsed_ns,1132.0000000000
788426,10246998035476,btc_qm_engine,btc_sha256_nonce,3106769240.0000000000
788427,10246998035736,btc_qm_engine,btc_leading_zeros,0.0000000000
788428,10246998035793,btc_qm_engine,btc_sha256_elapsed_ns,1033.0000000000
788429,10246998036705,btc_qm_engine,btc_sha256_nonce,789066290.0000000000
788430,10246998036781,btc_qm_engine,btc_leading_zeros,1.0000000000
788431,10246998036899,btc_qm_engine,btc_sha256_elapsed_ns,1058.0000000000
788432,10246998037099,btc_qm_engine,btc_sha256_nonce,2361638247.0000000000
788433,10246998037185,btc_qm_engine,btc_sha256_nonce,1130466660.0000000000
788434,10246998037300,btc_qm_engine,btc_leading_zeros,1.0000000000
788435,10246998037452,btc_qm_engine,btc_sha256_nonce,2722878402.0000000000
788436,10246998037632,btc_qm_engine,btc_leading_zeros,1.0000000000
788437,10246998037699,btc_qm_engine,btc_sha256_elapsed_ns,1091.0000000000
788438,10246998037851,btc_qm_engine,btc_sha256_elapsed_ns,1139.0000000000
788439,10246998038254,btc_qm_engine,btc_sha256_elapsed_ns,1101.0000000000
788440,10246998038484,btc_qm_engine,btc_sha256_nonce,2065605594.0000000000
788441,10246998038811,btc_qm_engine,btc_leading_zeros,0.0000000000
788442,10246998038927,btc_qm_engine,btc_leading_zeros,0.0000000000
788443,10246998039199,btc_qm_engine,btc_leading_zeros,0.0000000000
788444,10246998039452,btc_qm_engine,btc_sha256_elapsed_ns,1027.0000000000
788445,10246998039670,btc_qm_engine,btc_sha256_nonce,3051000730.0000000000
788446,10246998039800,btc_qm_engine,btc_leading_zeros,0.0000000000
788447,10246998039976,btc_qm_engine,btc_sha256_nonce,1359411851.0000000000
788448,10246998040393,btc_qm_engine,btc_sha256_elapsed_ns,987.0000000000
788449,10246998040567,btc_qm_engine,btc_sha256_elapsed_ns,869.0000000000
788450,10246998041057,btc_qm_engine,btc_leading_zeros,2.0000000000
788451,10246998041130,btc_qm_engine,btc_sha256_elapsed_ns,1025.0000000000
788452,10246998041754,btc_qm_engine,btc_sha256_nonce,934448397.0000000000
788453,10246998041845,btc_qm_engine,btc_leading_zeros,0.0000000000
788454,10246998041918,btc_qm_engine,btc_sha256_elapsed_ns,1118.0000000000
788455,10246998042220,btc_qm_engine,btc_sha256_nonce,3309633100.0000000000
788456,10246998042292,btc_qm_engine,btc_leading_zeros,1.0000000000
788457,10246998042377,btc_qm_engine,btc_sha256_elapsed_ns,1128.0000000000
788458,10246998042501,btc_qm_engine,btc_sha256_nonce,508032085.0000000000
788459,10246998042587,btc_qm_engine,btc_leading_zeros,2.0000000000
788460,10246998042656,btc_qm_engine,btc_sha256_elapsed_ns,1096.0000000000
788461,10246998042956,btc_qm_engine,btc_sha256_elapsed_ns,1102.0000000000
788462,10246998043316,btc_qm_engine,btc_sha256_nonce,2191252609.0000000000
788463,10246998043631,btc_qm_engine,btc_sha256_nonce,861927545.0000000000
788464,10246998043735,btc_qm_engine,btc_leading_zeros,0.0000000000
788465,10246998043794,btc_qm_engine,btc_sha256_elapsed_ns,1053.0000000000
788466,10246998043921,btc_qm_engine,btc_leading_zeros,0.0000000000
788467,10246998044107,btc_qm_engine,btc_sha256_elapsed_ns,1127.0000000000
788468,10246998044310,btc_qm_engine,btc_sha256_nonce,4110489213.0000000000
788469,10246998044390,btc_qm_engine,btc_leading_zeros,1.0000000000
788470,10246998044457,btc_qm_engine,btc_sha256_elapsed_ns,1053.0000000000
788471,10246998044663,btc_qm_engine,btc_sha256_nonce,3083877432.0000000000
788472,10246998045013,btc_qm_engine,btc_leading_zeros,1.0000000000
788473,10246998045075,btc_qm_engine,btc_sha256_elapsed_ns,1059.0000000000
788474,10246998045193,btc_qm_engine,btc_sha256_nonce,2487149801.0000000000
788475,10246998045273,btc_qm_engine,btc_leading_zeros,0.0000000000
788476,10246998045331,btc_qm_engine,btc_sha256_elapsed_ns,825.0000000000
788477,10246998045446,btc_qm_engine,btc_sha256_nonce,1213874008.0000000000
788478,10246998045795,btc_qm_engine,btc_sha256_nonce,2600552711.0000000000
788479,10246998046216,btc_qm_engine,btc_leading_zeros,1.0000000000
788480,10246998046333,btc_qm_engine,btc_sha256_nonce,4159644282.0000000000
788481,10246998046565,btc_qm_engine,btc_sha256_nonce,263377356.0000000000
788482,10246998047257,btc_qm_engine,btc_sha256_nonce,2281562881.0000000000
788483,10246998047506,btc_qm_engine,btc_sha256_elapsed_ns,1073.0000000000
788484,10246998047603,btc_qm_engine,btc_sha256_elapsed_ns,1107.0000000000
788485,10246998047753,btc_qm_engine,btc_leading_zeros,1.0000000000
788486,10246998047860,btc_qm_engine,btc_sha256_elapsed_ns,1043.0000000000
788487,10246998047986,btc_qm_engine,btc_leading_zeros,1.0000000000
788488,10246998048433,btc_qm_engine,btc_sha256_elapsed_ns,815.0000000000
788489,10246998048601,btc_qm_engine,btc_leading_zeros,1.0000000000
788490,10246998048957,btc_qm_engine,btc_sha256_elapsed_ns,1133.0000000000
788491,10246998049212,btc_qm_engine,btc_sha256_nonce,3730440385.0000000000
788492,10246998049746,btc_qm_engine,btc_sha256_nonce,1567879350.0000000000
788493,10246998049818,btc_qm_engine,btc_leading_zeros,4.0000000000
788494,10246998049922,btc_qm_engine,btc_sha256_elapsed_ns,1037.0000000000
788495,10246998050027,btc_qm_engine,btc_sha256_nonce,3249504289.0000000000
788496,10246998050358,btc_qm_engine,btc_sha256_nonce,2259691182.0000000000
788497,10246998050541,btc_qm_engine,btc_leading_zeros,3.0000000000
788498,10246998050794,btc_qm_engine,btc_leading_zeros,4.0000000000
788499,10246998050928,btc_qm_engine,btc_sha256_elapsed_ns,1097.0000000000
788500,10246998051312,btc_qm_engine,btc_leading_zeros,0.0000000000
788501,10246998051424,btc_qm_engine,btc_sha256_nonce,358659298.0000000000
788502,10246998051507,btc_qm_engine,btc_leading_zeros,1.0000000000
788503,10246998051658,btc_qm_engine,btc_leading_zeros,1.0000000000
788504,10246998052009,btc_qm_engine,btc_sha256_elapsed_ns,988.0000000000
788505,10246998052128,btc_qm_engine,btc_sha256_elapsed_ns,1085.0000000000
788506,10246998053278,btc_qm_engine,btc_sha256_nonce,1526658513.0000000000
788507,10246998053361,btc_qm_engine,btc_leading_zeros,0.0000000000
788508,10246998053433,btc_qm_engine,btc_sha256_elapsed_ns,844.0000000000
788509,10246998053643,btc_qm_engine,btc_sha256_nonce,2342877641.0000000000
788510,10246998053998,btc_qm_engine,btc_sha256_elapsed_ns,1055.0000000000
788511,10246998054179,btc_qm_engine,btc_leading_zeros,1.0000000000
788512,10246998054249,btc_qm_engine,btc_sha256_elapsed_ns,1105.0000000000
788513,10246998054547,btc_qm_engine,btc_sha256_nonce,1714130534.0000000000
788514,10246998054717,btc_qm_engine,btc_sha256_nonce,1924089.0000000000
788515,10246998054988,btc_qm_engine,btc_leading_zeros,0.0000000000
788516,10246998055074,btc_qm_engine,btc_sha256_elapsed_ns,1174.0000000000
788517,10246998055238,btc_qm_engine,btc_leading_zeros,0.0000000000
788518,10246998055621,btc_qm_engine,btc_sha256_nonce,4224938562.0000000000
788519,10246998056227,btc_qm_engine,btc_sha256_elapsed_ns,1043.0000000000
788520,10246998056524,btc_qm_engine,btc_sha256_nonce,1743357819.0000000000
788521,10246998056602,btc_qm_engine,btc_leading_zeros,3.0000000000
788522,10246998056712,btc_qm_engine,btc_sha256_nonce,2229943608.0000000000
788523,10246998057282,btc_qm_engine,btc_sha256_nonce,365673339.0000000000
788524,10246998057396,btc_qm_engine,btc_leading_zeros,1.0000000000
788525,10246998057467,btc_qm_engine,btc_sha256_elapsed_ns,1091.0000000000
788526,10246998057618,btc_qm_engine,btc_leading_zeros,3.0000000000
788527,10246998057684,btc_qm_engine,btc_sha256_elapsed_ns,1117.0000000000
788528,10246998058132,btc_qm_engine,btc_leading_zeros,1.0000000000
788529,10246998058629,btc_qm_engine,btc_sha256_nonce,2017925839.0000000000
788530,10246998058819,btc_qm_engine,btc_sha256_elapsed_ns,1066.0000000000
788531,10246998059104,btc_qm_engine,btc_sha256_nonce,3195369128.0000000000
788532,10246998059250,btc_qm_engine,btc_leading_zeros,1.0000000000
788533,10246998059395,btc_qm_engine,btc_sha256_elapsed_ns,1128.0000000000
788534,10246998059589,btc_qm_engine,btc_leading_zeros,1.0000000000
788535,10246998059659,btc_qm_engine,btc_sha256_elapsed_ns,753.0000000000
788536,10246998060092,btc_qm_engine,btc_sha256_nonce,2190387340.0000000000
788537,10246998060487,btc_qm_engine,btc_sha256_elapsed_ns,1082.0000000000
788538,10246998060653,btc_qm_engine,btc_leading_zeros,1.0000000000
788539,10246998060814,btc_qm_engine,btc_sha256_nonce,2488024748.0000000000
788540,10246998060953,btc_qm_engine,btc_sha256_nonce,2050494825.0000000000
788541,10246998061243,btc_qm_engine,btc_sha256_elapsed_ns,1092.0000000000
788542,10246998061545,btc_qm_engine,btc_leading_zeros,1.0000000000
788543,10246998061663,btc_qm_engine,btc_leading_zeros,0.0000000000
788544,10246998061768,btc_qm_engine,btc_sha256_elapsed_ns,1001.0000000000
788545,10246998061882,btc_qm_engine,btc_sha256_nonce,139420192.0000000000
788546,10246998062057,btc_qm_engine,btc_sha256_elapsed_ns,1057.0000000000
788547,10246998062289,btc_qm_engine,btc_leading_zeros,0.0000000000
788548,10246998062382,btc_qm_engine,btc_sha256_elapsed_ns,1031.0000000000
788549,10246998062626,btc_qm_engine,btc_sha256_nonce,2898859440.0000000000
788550,10246998062714,btc_qm_engine,btc_leading_zeros,1.0000000000
788551,10246998062799,btc_qm_engine,btc_sha256_elapsed_ns,1094.0000000000
788552,10246998062919,btc_qm_engine,btc_sha256_nonce,4288861364.0000000000
788553,10246998063057,btc_qm_engine,btc_sha256_nonce,433807357.0000000000
788554,10246998063133,btc_qm_engine,btc_leading_zeros,2.0000000000
788555,10246998063201,btc_qm_engine,btc_sha256_elapsed_ns,1021.0000000000
788556,10246998063341,btc_qm_engine,btc_leading_zeros,1.0000000000
788557,10246998063415,btc_qm_engine,btc_sha256_elapsed_ns,1107.0000000000
788558,10246998063525,btc_qm_engine,btc_sha256_nonce,4208243993.0000000000
788559,10246998063610,btc_qm_engine,btc_leading_zeros,1.0000000000
788560,10246998063682,btc_qm_engine,btc_sha256_elapsed_ns,1053.0000000000
788561,10246998064100,btc_qm_engine,btc_sha256_nonce,2635384460.0000000000
788562,10246998064295,btc_qm_engine,btc_sha256_nonce,265607949.0000000000
788563,10246998064376,btc_qm_engine,btc_leading_zeros,3.0000000000
788564,10246998064457,btc_qm_engine,btc_sha256_elapsed_ns,1108.0000000000
788565,10246998064559,btc_qm_engine,btc_sha256_nonce,264830958.0000000000
788566,10246998064683,btc_qm_engine,btc_sha256_nonce,863432176.0000000000
788567,10246998064829,btc_qm_engine,btc_leading_zeros,2.0000000000
788568,10246998065077,btc_qm_engine,btc_sha256_nonce,293995527.0000000000
788569,10246998065434,btc_qm_engine,btc_sha256_nonce,1213498260.0000000000
788570,10246998065614,btc_qm_engine,btc_leading_zeros,0.0000000000
788571,10246998065774,btc_qm_engine,btc_leading_zeros,0.0000000000
788572,10246998066295,btc_qm_engine,btc_sha256_elapsed_ns,1089.0000000000
788573,10246998066613,btc_qm_engine,btc_sha256_nonce,2630212376.0000000000
788574,10246998066898,btc_qm_engine,btc_sha256_elapsed_ns,981.0000000000
788575,10246998067063,btc_qm_engine,btc_leading_zeros,1.0000000000
788576,10246998067140,btc_qm_engine,btc_sha256_elapsed_ns,930.0000000000
788577,10246998067393,btc_qm_engine,btc_leading_zeros,1.0000000000
788578,10246998067747,btc_qm_engine,btc_sha256_elapsed_ns,1156.0000000000
788579,10246998068313,btc_qm_engine,btc_sha256_elapsed_ns,1090.0000000000
788580,10246998068410,btc_qm_engine,btc_sha256_nonce,999231452.0000000000
788581,10246998068980,btc_qm_engine,btc_sha256_nonce,1061503775.0000000000
788582,10246998069058,btc_qm_engine,btc_leading_zeros,0.0000000000
788583,10246998069116,btc_qm_engine,btc_sha256_nonce,1628893236.0000000000
788584,10246998069270,btc_qm_engine,btc_leading_zeros,2.0000000000
788585,10246998069368,btc_qm_engine,btc_sha256_elapsed_ns,855.0000000000
788586,10246998069622,btc_qm_engine,btc_leading_zeros,1.0000000000
788587,10246998069875,btc_qm_engine,btc_leading_zeros,1.0000000000
788588,10246998070260,btc_qm_engine,btc_sha256_nonce,2637795347.0000000000
788589,10246998070490,btc_qm_engine,btc_sha256_elapsed_ns,1126.0000000000
788590,10246998070708,btc_qm_engine,btc_leading_zeros,3.0000000000
788591,10246998071005,btc_qm_engine,btc_sha256_elapsed_ns,903.0000000000
788592,10246998071234,btc_qm_engine,btc_sha256_nonce,1799263747.0000000000
788593,10246998071351,btc_qm_engine,btc_sha256_elapsed_ns,1042.0000000000
788594,10246998071447,btc_qm_engine,btc_sha256_elapsed_ns,1098.0000000000
788595,10246998071555,btc_qm_engine,btc_leading_zeros,0.0000000000
788596,10246998071631,btc_qm_engine,btc_sha256_elapsed_ns,1125.0000000000
788597,10246998071860,btc_qm_engine,btc_sha256_nonce,533293429.0000000000
788598,10246998071946,btc_qm_engine,btc_leading_zeros,1.0000000000
788599,10246998072016,btc_qm_engine,btc_sha256_elapsed_ns,1103.0000000000
788600,10246998072217,btc_qm_engine,btc_sha256_nonce,627480423.0000000000
788601,10246998072295,btc_qm_engine,btc_leading_zeros,0.0000000000
788602,10246998072366,btc_qm_engine,btc_sha256_elapsed_ns,939.0000000000
788603,10246998073022,btc_qm_engine,btc_sha256_nonce,2757670456.0000000000
788604,10246998073147,btc_qm_engine,btc_sha256_nonce,2961866618.0000000000
788605,10246998073256,btc_qm_engine,btc_sha256_nonce,2563455694.0000000000
788606,10246998073602,btc_qm_engine,btc_sha256_nonce,1904454510.0000000000
788607,10246998073700,btc_qm_engine,btc_leading_zeros,0.0000000000
788608,10246998073796,btc_qm_engine,btc_sha256_elapsed_ns,1034.0000000000
788609,10246998073956,btc_qm_engine,btc_leading_zeros,3.0000000000
788610,10246998074140,btc_qm_engine,btc_leading_zeros,0.0000000000
788611,10246998074232,btc_qm_engine,btc_sha256_nonce,3084067507.0000000000
788612,10246998074389,btc_qm_engine,btc_sha256_elapsed_ns,1116.0000000000
788613,10246998074569,btc_qm_engine,btc_sha256_elapsed_ns,998.0000000000
788614,10246998074846,btc_qm_engine,btc_sha256_elapsed_ns,1099.0000000000
788615,10246998074992,btc_qm_engine,btc_sha256_nonce,627355246.0000000000
788616,10246998075069,btc_qm_engine,btc_leading_zeros,0.0000000000
788617,10246998075158,btc_qm_engine,btc_sha256_elapsed_ns,943.0000000000
788618,10246998075699,btc_qm_engine,btc_sha256_nonce,2360871529.0000000000
788619,10246998075787,btc_qm_engine,btc_leading_zeros,0.0000000000
788620,10246998075847,btc_qm_engine,btc_sha256_elapsed_ns,826.0000000000
788621,10246998076199,btc_qm_engine,btc_sha256_nonce,2221822285.0000000000
788622,10246998076546,btc_qm_engine,btc_leading_zeros,0.0000000000
788623,10246998076609,btc_qm_engine,btc_sha256_elapsed_ns,747.0000000000
788624,10246998076717,btc_qm_engine,btc_leading_zeros,2.0000000000
788625,10246998077296,btc_qm_engine,btc_sha256_nonce,1708488565.0000000000
788626,10246998077897,btc_qm_engine,btc_sha256_nonce,2696429458.0000000000
788627,10246998078400,btc_qm_engine,btc_sha256_elapsed_ns,1116.0000000000
788628,10246998078576,btc_qm_engine,btc_sha256_nonce,2488056377.0000000000
788629,10246998078975,btc_qm_engine,btc_sha256_nonce,2312517421.0000000000
788630,10246998079203,btc_qm_engine,btc_leading_zeros,2.0000000000
788631,10246998079282,btc_qm_engine,btc_sha256_elapsed_ns,930.0000000000
788632,10246998079579,btc_qm_engine,btc_sha256_nonce,4214042053.0000000000
788633,10246998079952,btc_qm_engine,btc_leading_zeros,0.0000000000
788634,10246998080053,btc_qm_engine,btc_leading_zeros,0.0000000000
788635,10246998080378,btc_qm_engine,btc_sha256_elapsed_ns,1134.0000000000
788636,10246998080461,btc_qm_engine,btc_sha256_elapsed_ns,1064.0000000000
788637,10246998080606,btc_qm_engine,btc_sha256_nonce,621392386.0000000000
788638,10246998080686,btc_qm_engine,btc_leading_zeros,4.0000000000
788639,10246998080761,btc_qm_engine,btc_sha256_elapsed_ns,1052.0000000000
788640,10246998081521,btc_qm_engine,btc_leading_zeros,1.0000000000
788641,10246998081863,btc_qm_engine,btc_sha256_nonce,749842784.0000000000
788642,10246998081988,btc_qm_engine,btc_sha256_nonce,1214036402.0000000000
788643,10246998082157,btc_qm_engine,btc_sha256_elapsed_ns,1116.0000000000
788644,10246998082510,btc_qm_engine,btc_leading_zeros,2.0000000000
788645,10246998082649,btc_qm_engine,btc_leading_zeros,0.0000000000
788646,10246998083088,btc_qm_engine,btc_sha256_nonce,2180816549.0000000000
788647,10246998083401,btc_qm_engine,btc_leading_zeros,0.0000000000
788648,10246998083638,btc_qm_engine,btc_leading_zeros,0.0000000000
788649,10246998083829,btc_qm_engine,btc_sha256_elapsed_ns,1097.0000000000
788650,10246998084024,btc_qm_engine,btc_leading_zeros,0.0000000000
788651,10246998084964,btc_qm_engine,btc_sha256_elapsed_ns,1121.0000000000
788652,10246998085103,btc_qm_engine,btc_sha256_elapsed_ns,968.0000000000
788653,10246998085966,btc_qm_engine,btc_sha256_nonce,3083717983.0000000000
788654,10246998086037,btc_qm_engine,btc_leading_zeros,4.0000000000
788655,10246998086087,btc_qm_engine,btc_sha256_elapsed_ns,749.0000000000
788656,10246998086209,btc_qm_engine,btc_sha256_nonce,1114516987.0000000000
788657,10246998086277,btc_qm_engine,btc_sha256_elapsed_ns,1014.0000000000
788658,10246998086632,btc_qm_engine,btc_leading_zeros,1.0000000000
788659,10246998086961,btc_qm_engine,btc_sha256_elapsed_ns,840.0000000000
788660,10246998087339,btc_qm_engine,btc_sha256_nonce,4033520417.0000000000
788661,10246998087416,btc_qm_engine,btc_leading_zeros,1.0000000000
788662,10246998087484,btc_qm_engine,btc_sha256_elapsed_ns,1000.0000000000
788663,10246998087748,btc_qm_engine,btc_sha256_nonce,3770612062.0000000000
788664,10246998088008,btc_qm_engine,btc_sha256_nonce,2487975853.0000000000
788665,10246998088162,btc_qm_engine,btc_sha256_nonce,1476099829.0000000000
788666,10246998088335,btc_qm_engine,btc_leading_zeros,3.0000000000
788667,10246998088637,btc_qm_engine,btc_leading_zeros,0.0000000000
788668,10246998088817,btc_qm_engine,btc_leading_zeros,0.0000000000
788669,10246998088955,btc_qm_engine,btc_sha256_elapsed_ns,1122.0000000000
788670,10246998089296,btc_qm_engine,btc_sha256_elapsed_ns,941.0000000000
788671,10246998089400,btc_qm_engine,btc_sha256_nonce,2435049179.0000000000
788672,10246998089551,btc_qm_engine,btc_sha256_elapsed_ns,1141.0000000000
788673,10246998089757,btc_qm_engine,btc_leading_zeros,0.0000000000
788674,10246998089826,btc_qm_engine,btc_sha256_elapsed_ns,998.0000000000
788675,10246998090306,btc_qm_engine,btc_sha256_nonce,2313074650.0000000000
788676,10246998090630,btc_qm_engine,btc_leading_zeros,1.0000000000
788677,10246998090717,btc_qm_engine,btc_sha256_elapsed_ns,1112.0000000000
788678,10246998090987,btc_qm_engine,btc_sha256_nonce,2989932890.0000000000
788679,10246998091122,btc_qm_engine,btc_sha256_nonce,17390777.0000000000
788680,10246998091198,btc_qm_engine,btc_leading_zeros,0.0000000000
788681,10246998091333,btc_qm_engine,btc_sha256_elapsed_ns,1083.0000000000
788682,10246998091731,btc_qm_engine,btc_sha256_nonce,4008290225.0000000000
788683,10246998091849,btc_qm_engine,btc_sha256_elapsed_ns,787.0000000000
788684,10246998092168,btc_qm_engine,btc_leading_zeros,3.0000000000
788685,10246998092241,btc_qm_engine,btc_sha256_elapsed_ns,1067.0000000000
788686,10246998092542,btc_qm_engine,btc_sha256_nonce,172041145.0000000000
788687,10246998092624,btc_qm_engine,btc_leading_zeros,0.0000000000
788688,10246998092698,btc_qm_engine,btc_sha256_elapsed_ns,1124.0000000000
788689,10246998093200,btc_qm_engine,btc_sha256_nonce,2331266146.0000000000
788690,10246998093538,btc_qm_engine,btc_leading_zeros,1.0000000000
788691,10246998093604,btc_qm_engine,btc_sha256_elapsed_ns,1142.0000000000
788692,10246998093731,btc_qm_engine,btc_leading_zeros,0.0000000000
788693,10246998094032,btc_qm_engine,btc_sha256_nonce,2546887905.0000000000
788694,10246998094122,btc_qm_engine,btc_leading_zeros,0.0000000000
788695,10246998094260,btc_qm_engine,btc_sha256_elapsed_ns,1079.0000000000
788696,10246998094850,btc_qm_engine,btc_sha256_nonce,1947580162.0000000000
788697,10246998094929,btc_qm_engine,btc_leading_zeros,0.0000000000
788698,10246998095128,btc_qm_engine,btc_sha256_nonce,304216143.0000000000
788699,10246998095335,btc_qm_engine,btc_sha256_elapsed_ns,956.0000000000
788700,10246998095641,btc_qm_engine,btc_leading_zeros,2.0000000000
788701,10246998095713,btc_qm_engine,btc_sha256_elapsed_ns,1141.0000000000
788702,10246998095860,btc_qm_engine,btc_sha256_nonce,1845246986.0000000000
788703,10246998096415,btc_qm_engine,btc_sha256_nonce,4224960192.0000000000
788704,10246998096573,btc_qm_engine,btc_sha256_nonce,892591016.0000000000
788705,10246998096776,btc_qm_engine,btc_leading_zeros,0.0000000000
788706,10246998096913,btc_qm_engine,btc_leading_zeros,2.0000000000
788707,10246998097194,btc_qm_engine,btc_sha256_nonce,547747797.0000000000
788708,10246998097494,btc_qm_engine,btc_sha256_elapsed_ns,1146.0000000000
788709,10246998098013,btc_qm_engine,btc_leading_zeros,1.0000000000
788710,10246998098396,btc_qm_engine,btc_sha256_elapsed_ns,1172.0000000000
788711,10246998098540,btc_qm_engine,btc_sha256_elapsed_ns,1084.0000000000
788712,10246998098700,btc_qm_engine,btc_leading_zeros,0.0000000000
788713,10246998098875,btc_qm_engine,btc_sha256_nonce,627489781.0000000000
788714,10246998099033,btc_qm_engine,btc_sha256_elapsed_ns,971.0000000000
788715,10246998099306,btc_qm_engine,btc_leading_zeros,0.0000000000
788716,10246998099388,btc_qm_engine,btc_sha256_elapsed_ns,1067.0000000000
788717,10246998099896,btc_qm_engine,btc_sha256_nonce,3419201324.0000000000
788718,10246998100039,btc_qm_engine,btc_sha256_nonce,2236932479.0000000000
788719,10246998100278,btc_qm_engine,btc_sha256_nonce,2186926120.0000000000
788720,10246998100412,btc_qm_engine,btc_sha256_nonce,2915338572.0000000000
788721,10246998100568,btc_qm_engine,btc_leading_zeros,1.0000000000
788722,10246998100736,btc_qm_engine,btc_sha256_nonce,2716711717.0000000000
788723,10246998100929,btc_qm_engine,btc_leading_zeros,0.0000000000
788724,10246998101224,btc_qm_engine,btc_leading_zeros,0.0000000000
788725,10246998101406,btc_qm_engine,btc_sha256_elapsed_ns,1066.0000000000
788726,10246998101936,btc_qm_engine,btc_leading_zeros,2.0000000000
788727,10246998102525,btc_qm_engine,btc_sha256_elapsed_ns,1122.0000000000
788728,10246998102667,btc_qm_engine,btc_sha256_elapsed_ns,1083.0000000000
788729,10246998103005,btc_qm_engine,btc_leading_zeros,0.0000000000
788730,10246998103089,btc_qm_engine,btc_sha256_elapsed_ns,821.0000000000
788731,10246998103661,btc_qm_engine,btc_sha256_nonce,3675320275.0000000000
788732,10246998103998,btc_qm_engine,btc_sha256_elapsed_ns,970.0000000000
788733,10246998104132,btc_qm_engine,btc_leading_zeros,1.0000000000
788734,10246998104285,btc_qm_engine,btc_sha256_nonce,2608139695.0000000000
788735,10246998104371,btc_qm_engine,btc_leading_zeros,0.0000000000
788736,10246998104611,btc_qm_engine,btc_sha256_nonce,2351142264.0000000000
788737,10246998104820,btc_qm_engine,btc_sha256_elapsed_ns,1124.0000000000
788738,10246998105214,btc_qm_engine,btc_sha256_nonce,478751169.0000000000
788739,10246998105292,btc_qm_engine,btc_leading_zeros,0.0000000000
788740,10246998105364,btc_qm_engine,btc_sha256_elapsed_ns,954.0000000000
788741,10246998105656,btc_qm_engine,btc_sha256_nonce,3108108659.0000000000
788742,10246998106036,btc_qm_engine,btc_sha256_elapsed_ns,1085.0000000000
788743,10246998106316,btc_qm_engine,btc_sha256_nonce,2542015365.0000000000
788744,10246998106403,btc_qm_engine,btc_leading_zeros,0.0000000000
788745,10246998106750,btc_qm_engine,btc_sha256_nonce,3083189915.0000000000
788746,10246998106830,btc_qm_engine,btc_leading_zeros,1.0000000000
788747,10246998106895,btc_qm_engine,btc_sha256_elapsed_ns,1072.0000000000
788748,10246998107036,btc_qm_engine,btc_sha256_elapsed_ns,1126.0000000000
788749,10246998107170,btc_qm_engine,btc_sha256_elapsed_ns,738.0000000000
788750,10246998107535,btc_qm_engine,btc_leading_zeros,2.0000000000
788751,10246998107701,btc_qm_engine,btc_sha256_nonce,3846737920.0000000000
788752,10246998107807,btc_qm_engine,btc_leading_zeros,1.0000000000
788753,10246998107882,btc_qm_engine,btc_sha256_elapsed_ns,974.0000000000
788754,10246998108150,btc_qm_engine,btc_sha256_nonce,2211302683.0000000000
788755,10246998108235,btc_qm_engine,btc_leading_zeros,0.0000000000
788756,10246998108305,btc_qm_engine,btc_sha256_elapsed_ns,1005.0000000000
788757,10246998108577,btc_qm_engine,btc_sha256_nonce,3464729815.0000000000
788758,10246998108682,btc_qm_engine,btc_leading_zeros,1.0000000000
788759,10246998108965,btc_qm_engine,btc_sha256_elapsed_ns,822.0000000000
788760,10246998109162,btc_qm_engine,btc_sha256_nonce,4141809787.0000000000
788761,10246998109480,btc_qm_engine,btc_leading_zeros,2.0000000000
788762,10246998109556,btc_qm_engine,btc_sha256_elapsed_ns,1043.0000000000
788763,10246998109722,btc_qm_engine,btc_sha256_nonce,3462361313.0000000000
788764,10246998109809,btc_qm_engine,btc_leading_zeros,4.0000000000
788765,10246998110017,btc_qm_engine,btc_sha256_elapsed_ns,1093.0000000000
788766,10246998110182,btc_qm_engine,btc_sha256_nonce,1213584592.0000000000
788767,10246998110393,btc_qm_engine,btc_sha256_elapsed_ns,768.0000000000
788768,10246998110547,btc_qm_engine,btc_sha256_nonce,3783881481.0000000000
788769,10246998110727,btc_qm_engine,btc_leading_zeros,0.0000000000
788770,10246998110979,btc_qm_engine,btc_leading_zeros,0.0000000000
788771,10246998111091,btc_qm_engine,btc_sha256_nonce,115055098.0000000000
788772,10246998111214,btc_qm_engine,btc_sha256_nonce,627217778.0000000000
788773,10246998111498,btc_qm_engine,btc_sha256_elapsed_ns,1107.0000000000
788774,10246998111655,btc_qm_engine,btc_leading_zeros,0.0000000000
788775,10246998111919,btc_qm_engine,btc_leading_zeros,1.0000000000
788776,10246998112063,btc_qm_engine,btc_sha256_nonce,559104492.0000000000
788777,10246998112278,btc_qm_engine,btc_leading_zeros,4.0000000000
788778,10246998112668,btc_qm_engine,btc_sha256_elapsed_ns,1077.0000000000
788779,10246998112925,btc_qm_engine,btc_sha256_elapsed_ns,972.0000000000
788780,10246998113063,btc_qm_engine,btc_sha256_nonce,2359898756.0000000000
788781,10246998113374,btc_qm_engine,btc_sha256_nonce,3371660234.0000000000
788782,10246998113871,btc_qm_engine,btc_leading_zeros,0.0000000000
788783,10246998113999,btc_qm_engine,btc_sha256_nonce,1741988759.0000000000
788784,10246998114074,btc_qm_engine,btc_leading_zeros,0.0000000000
788785,10246998114126,btc_qm_engine,btc_sha256_elapsed_ns,799.0000000000
788786,10246998114526,btc_qm_engine,btc_leading_zeros,4.0000000000
788787,10246998114678,btc_qm_engine,btc_sha256_elapsed_ns,1083.0000000000
788788,10246998115126,btc_qm_engine,btc_sha256_nonce,753928462.0000000000
788789,10246998115720,btc_qm_engine,btc_leading_zeros,2.0000000000
788790,10246998116215,btc_qm_engine,btc_sha256_elapsed_ns,1004.0000000000
788791,10246998116478,btc_qm_engine,btc_sha256_nonce,2544307970.0000000000
788792,10246998116732,btc_qm_engine,btc_leading_zeros,0.0000000000
788793,10246998116856,btc_qm_engine,btc_sha256_elapsed_ns,808.0000000000
788794,10246998117050,btc_qm_engine,btc_sha256_nonce,2312745789.0000000000
788795,10246998117243,btc_qm_engine,btc_sha256_elapsed_ns,939.0000000000
788796,10246998117341,btc_qm_engine,btc_leading_zeros,1.0000000000
788797,10246998117445,btc_qm_engine,btc_leading_zeros,0.0000000000
788798,10246998117515,btc_qm_engine,btc_sha256_elapsed_ns,1118.0000000000
788799,10246998117745,btc_qm_engine,btc_sha256_elapsed_ns,978.0000000000
788800,10246998117878,btc_qm_engine,btc_sha256_elapsed_ns,997.0000000000
788801,10246998118453,btc_qm_engine,btc_sha256_nonce,96491186.0000000000
788802,10246998118696,btc_qm_engine,btc_sha256_nonce,3084205939.0000000000
788803,10246998118939,btc_qm_engine,btc_sha256_elapsed_ns,864.0000000000
788804,10246998119103,btc_qm_engine,btc_sha256_nonce,2107703583.0000000000
788805,10246998119238,btc_qm_engine,btc_leading_zeros,0.0000000000
788806,10246998119311,btc_qm_engine,btc_sha256_elapsed_ns,1090.0000000000
788807,10246998119413,btc_qm_engine,btc_sha256_nonce,2638790999.0000000000
788808,10246998119610,btc_qm_engine,btc_leading_zeros,0.0000000000
788809,10246998119764,btc_qm_engine,btc_sha256_nonce,1479350313.0000000000
788810,10246998120351,btc_qm_engine,btc_leading_zeros,0.0000000000
788811,10246998120402,btc_qm_engine,btc_sha256_elapsed_ns,996.0000000000
788812,10246998120556,btc_qm_engine,btc_sha256_elapsed_ns,1096.0000000000
788813,10246998120728,btc_qm_engine,btc_sha256_nonce,3233222954.0000000000
788814,10246998120973,btc_qm_engine,btc_sha256_nonce,627130922.0000000000
788815,10246998121077,btc_qm_engine,btc_leading_zeros,1.0000000000
788816,10246998121168,btc_qm_engine,btc_leading_zeros,1.0000000000
788817,10246998121459,btc_qm_engine,btc_sha256_elapsed_ns,1072.0000000000
788818,10246998121672,btc_qm_engine,btc_leading_zeros,1.0000000000
788819,10246998121874,btc_qm_engine,btc_sha256_nonce,3083959574.0000000000
788820,10246998122186,btc_qm_engine,btc_sha256_elapsed_ns,858.0000000000
788821,10246998122441,btc_qm_engine,btc_leading_zeros,1.0000000000
788822,10246998122578,btc_qm_engine,btc_sha256_nonce,627266469.0000000000
788823,10246998122651,btc_qm_engine,btc_leading_zeros,4.0000000000
788824,10246998122702,btc_qm_engine,btc_sha256_elapsed_ns,883.0000000000
788825,10246998122808,btc_qm_engine,btc_sha256_elapsed_ns,1049.0000000000
788826,10246998123200,btc_qm_engine,btc_leading_zeros,0.0000000000
788827,10246998123557,btc_qm_engine,btc_sha256_elapsed_ns,739.0000000000
788828,10246998123688,btc_qm_engine,btc_sha256_nonce,628318904.0000000000
788829,10246998123759,btc_qm_engine,btc_leading_zeros,1.0000000000
788830,10246998124348,btc_qm_engine,btc_sha256_nonce,802916041.0000000000
788831,10246998124501,btc_qm_engine,btc_sha256_nonce,1213887236.0000000000
788832,10246998124692,btc_qm_engine,btc_sha256_elapsed_ns,1093.0000000000
788833,10246998124920,btc_qm_engine,btc_sha256_nonce,730756160.0000000000
788834,10246998125069,btc_qm_engine,btc_sha256_elapsed_ns,732.0000000000
788835,10246998125720,btc_qm_engine,btc_sha256_nonce,2455896303.0000000000
788836,10246998126304,btc_qm_engine,btc_leading_zeros,1.0000000000
788837,10246998126431,btc_qm_engine,btc_leading_zeros,0.0000000000
788838,10246998126503,btc_qm_engine,btc_sha256_elapsed_ns,759.0000000000
788839,10246998126726,btc_qm_engine,btc_sha256_elapsed_ns,1055.0000000000
788840,10246998127569,btc_qm_engine,btc_sha256_nonce,2252479120.0000000000
788841,10246998127639,btc_qm_engine,btc_leading_zeros,0.0000000000
788842,10246998127691,btc_qm_engine,btc_sha256_elapsed_ns,798.0000000000
788843,10246998127796,btc_qm_engine,btc_sha256_nonce,1265599903.0000000000
788844,10246998128111,btc_qm_engine,btc_sha256_nonce,3837422169.0000000000
788845,10246998128232,btc_qm_engine,btc_leading_zeros,1.0000000000
788846,10246998128653,btc_qm_engine,btc_sha256_nonce,3500512144.0000000000
788847,10246998128825,btc_qm_engine,btc_sha256_elapsed_ns,1102.0000000000
788848,10246998129098,btc_qm_engine,btc_sha256_nonce,3421469920.0000000000
788849,10246998129232,btc_qm_engine,btc_sha256_nonce,1236672338.0000000000
788850,10246998129302,btc_qm_engine,btc_leading_zeros,0.0000000000
788851,10246998129414,btc_qm_engine,btc_sha256_elapsed_ns,1079.0000000000
788852,10246998129597,btc_qm_engine,btc_leading_zeros,2.0000000000
788853,10246998129758,btc_qm_engine,btc_leading_zeros,0.0000000000
788854,10246998129852,btc_qm_engine,btc_leading_zeros,1.0000000000
788855,10246998130318,btc_qm_engine,btc_sha256_nonce,3083245470.0000000000
788856,10246998130459,btc_qm_engine,btc_sha256_elapsed_ns,768.0000000000
788857,10246998130708,btc_qm_engine,btc_leading_zeros,0.0000000000
788858,10246998131774,btc_qm_engine,btc_sha256_elapsed_ns,980.0000000000
788859,10246998131896,btc_qm_engine,btc_leading_zeros,0.0000000000
788860,10246998131969,btc_qm_engine,btc_sha256_elapsed_ns,1138.0000000000
788861,10246998132905,btc_qm_engine,btc_sha256_nonce,733878439.0000000000
788862,10246998132959,btc_qm_engine,btc_leading_zeros,1.0000000000
788863,10246998133011,btc_qm_engine,btc_sha256_elapsed_ns,734.0000000000
788864,10246998133533,btc_qm_engine,btc_sha256_nonce,3314421742.0000000000
788865,10246998133621,btc_qm_engine,btc_leading_zeros,0.0000000000
788866,10246998133689,btc_qm_engine,btc_sha256_elapsed_ns,1113.0000000000
788867,10246998134003,btc_qm_engine,btc_sha256_nonce,1860278156.0000000000
788868,10246998134075,btc_qm_engine,btc_leading_zeros,0.0000000000
788869,10246998134154,btc_qm_engine,btc_sha256_elapsed_ns,780.0000000000
788870,10246998134488,btc_qm_engine,btc_sha256_nonce,1582083887.0000000000
788871,10246998135070,btc_qm_engine,btc_sha256_nonce,293742177.0000000000
788872,10246998135168,btc_qm_engine,btc_leading_zeros,2.0000000000
788873,10246998135263,btc_qm_engine,btc_sha256_elapsed_ns,1117.0000000000
788874,10246998135371,btc_qm_engine,btc_leading_zeros,2.0000000000
788875,10246998135741,btc_qm_engine,btc_sha256_elapsed_ns,1127.0000000000
788876,10246998135925,btc_qm_engine,btc_sha256_nonce,942695180.0000000000
788877,10246998136274,btc_qm_engine,btc_leading_zeros,2.0000000000
788878,10246998136343,btc_qm_engine,btc_sha256_elapsed_ns,1134.0000000000
788879,10246998136640,btc_qm_engine,btc_sha256_nonce,2360023127.0000000000
788880,10246998136774,btc_qm_engine,btc_leading_zeros,1.0000000000
788881,10246998136924,btc_qm_engine,btc_sha256_elapsed_ns,1036.0000000000
788882,10246998137171,btc_qm_engine,btc_sha256_nonce,3847121945.0000000000
788883,10246998137282,btc_qm_engine,btc_leading_zeros,1.0000000000
788884,10246998137625,btc_qm_engine,btc_sha256_nonce,2046388427.0000000000
788885,10246998137790,btc_qm_engine,btc_sha256_nonce,4239637795.0000000000
788886,10246998137941,btc_qm_engine,btc_sha256_elapsed_ns,1084.0000000000
788887,10246998138286,btc_qm_engine,btc_leading_zeros,2.0000000000
788888,10246998138703,btc_qm_engine,btc_sha256_nonce,3530492174.0000000000
788889,10246998139164,btc_qm_engine,btc_leading_zeros,1.0000000000
788890,10246998139424,btc_qm_engine,btc_sha256_nonce,1948372092.0000000000
788891,10246998139833,btc_qm_engine,btc_sha256_elapsed_ns,1014.0000000000
788892,10246998140136,btc_qm_engine,btc_sha256_elapsed_ns,1087.0000000000
788893,10246998140544,btc_qm_engine,btc_leading_zeros,0.0000000000
788894,10246998140682,btc_qm_engine,btc_leading_zeros,4.0000000000
788895,10246998141126,btc_qm_engine,btc_sha256_elapsed_ns,1090.0000000000
788896,10246998141218,btc_qm_engine,btc_sha256_elapsed_ns,879.0000000000
788897,10246998142015,btc_qm_engine,btc_sha256_nonce,2503296459.0000000000
788898,10246998142096,btc_qm_engine,btc_sha256_nonce,1213081449.0000000000
788899,10246998142424,btc_qm_engine,btc_leading_zeros,2.0000000000
788900,10246998142872,btc_qm_engine,btc_leading_zeros,0.0000000000
788901,10246998143147,btc_qm_engine,btc_sha256_elapsed_ns,1105.0000000000
788902,10246998143299,btc_qm_engine,btc_sha256_elapsed_ns,1124.0000000000
788903,10246998143735,btc_qm_engine,btc_sha256_nonce,3847512131.0000000000
788904,10246998144146,btc_qm_engine,btc_leading_zeros,4.0000000000
788905,10246998144369,btc_qm_engine,btc_leading_zeros,1.0000000000
788906,10246998144565,btc_qm_engine,btc_sha256_elapsed_ns,1106.0000000000
788907,10246998144777,btc_qm_engine,btc_sha256_elapsed_ns,845.0000000000
788908,10246998145019,btc_qm_engine,btc_sha256_elapsed_ns,1120.0000000000
788909,10246998145353,btc_qm_engine,btc_sha256_nonce,3510612987.0000000000
788910,10246998145701,btc_qm_engine,btc_leading_zeros,0.0000000000
788911,10246998145773,btc_qm_engine,btc_sha256_elapsed_ns,834.0000000000
788912,10246998145931,btc_qm_engine,btc_sha256_nonce,2360941444.0000000000
788913,10246998146014,btc_qm_engine,btc_leading_zeros,1.0000000000
788914,10246998146087,btc_qm_engine,btc_sha256_elapsed_ns,1079.0000000000
788915,10246998146335,btc_qm_engine,btc_sha256_nonce,2341535214.0000000000
788916,10246998146415,btc_qm_engine,btc_leading_zeros,1.0000000000
788917,10246998146491,btc_qm_engine,btc_sha256_elapsed_ns,1094.0000000000
788918,10246998146739,btc_qm_engine,btc_sha256_nonce,1283511093.0000000000
788919,10246998147079,btc_qm_engine,btc_sha256_nonce,4285147640.0000000000
788920,10246998147193,btc_qm_engine,btc_leading_zeros,0.0000000000
788921,10246998147268,btc_qm_engine,btc_sha256_elapsed_ns,1052.0000000000
788922,10246998147397,btc_qm_engine,btc_sha256_nonce,40596348.0000000000
788923,10246998147516,btc_qm_engine,btc_sha256_nonce,3641008597.0000000000
788924,10246998147633,btc_qm_engine,btc_leading_zeros,1.0000000000
788925,10246998147829,btc_qm_engine,btc_sha256_elapsed_ns,1116.0000000000
788926,10246998148067,btc_qm_engine,btc_sha256_elapsed_ns,1127.0000000000
788927,10246998148437,btc_qm_engine,btc_sha256_nonce,2007950956.0000000000
788928,10246998148556,btc_qm_engine,btc_leading_zeros,1.0000000000
788929,10246998148852,btc_qm_engine,btc_sha256_nonce,507908924.0000000000
788930,10246998149145,btc_qm_engine,btc_sha256_nonce,4108982442.0000000000
788931,10246998149220,btc_qm_engine,btc_leading_zeros,1.0000000000
788932,10246998149275,btc_qm_engine,btc_sha256_elapsed_ns,866.0000000000
788933,10246998149422,btc_qm_engine,btc_sha256_nonce,1663335450.0000000000
788934,10246998149566,btc_qm_engine,btc_leading_zeros,0.0000000000
788935,10246998149719,btc_qm_engine,btc_leading_zeros,3.0000000000
788936,10246998149898,btc_qm_engine,btc_leading_zeros,0.0000000000
788937,10246998150402,btc_qm_engine,btc_sha256_elapsed_ns,951.0000000000
788938,10246998151172,btc_qm_engine,btc_sha256_nonce,4176154007.0000000000
788939,10246998151788,btc_qm_engine,btc_leading_zeros,1.0000000000
788940,10246998151850,btc_qm_engine,btc_sha256_elapsed_ns,991.0000000000
788941,10246998152053,btc_qm_engine,btc_sha256_nonce,2891555832.0000000000
788942,10246998152141,btc_qm_engine,btc_leading_zeros,1.0000000000
788943,10246998152211,btc_qm_engine,btc_sha256_elapsed_ns,1086.0000000000
788944,10246998152906,btc_qm_engine,btc_sha256_nonce,2359848121.0000000000
788945,10246998152986,btc_qm_engine,btc_leading_zeros,0.0000000000
788946,10246998153231,btc_qm_engine,btc_leading_zeros,1.0000000000
788947,10246998153466,btc_qm_engine,btc_sha256_nonce,2752278690.0000000000
788948,10246998153544,btc_qm_engine,btc_leading_zeros,1.0000000000
788949,10246998153644,btc_qm_engine,btc_sha256_elapsed_ns,1004.0000000000
788950,10246998153737,btc_qm_engine,btc_sha256_elapsed_ns,817.0000000000
788951,10246998155047,btc_qm_engine,btc_sha256_nonce,2813445122.0000000000
788952,10246998155132,btc_qm_engine,btc_leading_zeros,0.0000000000
788953,10246998155228,btc_qm_engine,btc_sha256_elapsed_ns,1147.0000000000
788954,10246998155467,btc_qm_engine,btc_sha256_nonce,1807041722.0000000000
788955,10246998155724,btc_qm_engine,btc_sha256_elapsed_ns,1080.0000000000
788956,10246998155858,btc_qm_engine,btc_sha256_elapsed_ns,1111.0000000000
788957,10246998156035,btc_qm_engine,btc_leading_zeros,0.0000000000
788958,10246998156119,btc_qm_engine,btc_sha256_elapsed_ns,1089.0000000000
788959,10246998156297,btc_qm_engine,btc_sha256_elapsed_ns,938.0000000000
788960,10246998157021,btc_qm_engine,btc_sha256_nonce,1958858042.0000000000
788961,10246998157089,btc_qm_engine,btc_leading_zeros,0.0000000000
788962,10246998157140,btc_qm_engine,btc_sha256_elapsed_ns,756.0000000000
788963,10246998157241,btc_qm_engine,btc_sha256_nonce,1637404143.0000000000
788964,10246998157320,btc_qm_engine,btc_leading_zeros,1.0000000000
788965,10246998157394,btc_qm_engine,btc_sha256_elapsed_ns,1077.0000000000
788966,10246998157522,btc_qm_engine,btc_sha256_nonce,180848882.0000000000
788967,10246998157606,btc_qm_engine,btc_leading_zeros,3.0000000000
788968,10246998157676,btc_qm_engine,btc_sha256_elapsed_ns,1103.0000000000
788969,10246998157990,btc_qm_engine,btc_sha256_nonce,1322607585.0000000000
788970,10246998158114,btc_qm_engine,btc_sha256_nonce,628089762.0000000000
788971,10246998158301,btc_qm_engine,btc_leading_zeros,0.0000000000
788972,10246998158597,btc_qm_engine,btc_sha256_nonce,1213637344.0000000000
788973,10246998158710,btc_qm_engine,btc_leading_zeros,0.0000000000
788974,10246998158826,btc_qm_engine,btc_sha256_elapsed_ns,1107.0000000000
788975,10246998159033,btc_qm_engine,btc_sha256_nonce,3989902165.0000000000
788976,10246998159154,btc_qm_engine,btc_leading_zeros,2.0000000000
788977,10246998159212,btc_qm_engine,btc_sha256_elapsed_ns,1041.0000000000
788978,10246998159855,btc_qm_engine,btc_sha256_nonce,3742877892.0000000000
788979,10246998160255,btc_qm_engine,btc_leading_zeros,1.0000000000
788980,10246998160430,btc_qm_engine,btc_leading_zeros,1.0000000000
788981,10246998160898,btc_qm_engine,btc_sha256_elapsed_ns,813.0000000000
788982,10246998161075,btc_qm_engine,btc_sha256_elapsed_ns,733.0000000000
788983,10246998161255,btc_qm_engine,btc_sha256_nonce,1154175556.0000000000
788984,10246998161519,btc_qm_engine,btc_sha256_elapsed_ns,969.0000000000
788985,10246998161700,btc_qm_engine,btc_leading_zeros,0.0000000000
788986,10246998162173,btc_qm_engine,btc_sha256_nonce,80424315.0000000000
788987,10246998162392,btc_qm_engine,btc_sha256_elapsed_ns,941.0000000000
788988,10246998162584,btc_qm_engine,btc_leading_zeros,3.0000000000
788989,10246998162934,btc_qm_engine,btc_sha256_nonce,3620466796.0000000000
788990,10246998163337,btc_qm_engine,btc_sha256_nonce,1161671097.0000000000
788991,10246998163766,btc_qm_engine,btc_sha256_nonce,4098068555.0000000000
788992,10246998164393,btc_qm_engine,btc_sha256_nonce,1213714942.0000000000
788993,10246998164737,btc_qm_engine,btc_sha256_elapsed_ns,1032.0000000000
788994,10246998164972,btc_qm_engine,btc_leading_zeros,1.0000000000
788995,10246998165283,btc_qm_engine,btc_leading_zeros,3.0000000000
788996,10246998165395,btc_qm_engine,btc_leading_zeros,2.0000000000
788997,10246998165515,btc_qm_engine,btc_sha256_elapsed_ns,983.0000000000
788998,10246998165780,btc_qm_engine,btc_sha256_elapsed_ns,1098.0000000000
788999,10246998165942,btc_qm_engine,btc_leading_zeros,1.0000000000
789000,10246998166013,btc_qm_engine,btc_sha256_elapsed_ns,1153.0000000000
789001,10246998166093,btc_qm_engine,btc_sha256_elapsed_ns,1112.0000000000
789002,10246998166379,btc_qm_engine,btc_sha256_nonce,485350918.0000000000
789003,10246998166465,btc_qm_engine,btc_leading_zeros,1.0000000000
789004,10246998166535,btc_qm_engine,btc_sha256_elapsed_ns,1019.0000000000
789005,10246998167159,btc_qm_engine,btc_sha256_nonce,3420301417.0000000000
789006,10246998167243,btc_qm_engine,btc_leading_zeros,1.0000000000
789007,10246998167310,btc_qm_engine,btc_sha256_elapsed_ns,1122.0000000000
789008,10246998167533,btc_qm_engine,btc_sha256_nonce,3585229941.0000000000
789009,10246998167622,btc_qm_engine,btc_leading_zeros,0.0000000000
789010,10246998167881,btc_qm_engine,btc_sha256_nonce,3061130290.0000000000
789011,10246998167960,btc_qm_engine,btc_leading_zeros,1.0000000000
789012,10246998168059,btc_qm_engine,btc_sha256_elapsed_ns,1110.0000000000
789013,10246998168264,btc_qm_engine,btc_sha256_nonce,2165990620.0000000000
789014,10246998168638,btc_qm_engine,btc_sha256_elapsed_ns,1105.0000000000
789015,10246998168858,btc_qm_engine,btc_sha256_nonce,3746925281.0000000000
789016,10246998169205,btc_qm_engine,btc_sha256_nonce,3468977067.0000000000
789017,10246998169437,btc_qm_engine,btc_leading_zeros,1.0000000000
789018,10246998169999,btc_qm_engine,btc_sha256_nonce,2303015295.0000000000
789019,10246998170167,btc_qm_engine,btc_sha256_elapsed_ns,882.0000000000
789020,10246998170458,btc_qm_engine,btc_sha256_nonce,4027389098.0000000000
789021,10246998170736,btc_qm_engine,btc_sha256_elapsed_ns,1064.0000000000
789022,10246998171552,btc_qm_engine,btc_leading_zeros,0.0000000000
789023,10246998171890,btc_qm_engine,btc_sha256_nonce,3053465543.0000000000
789024,10246998172104,btc_qm_engine,btc_sha256_nonce,1483952915.0000000000
789025,10246998172439,btc_qm_engine,btc_leading_zeros,0.0000000000
789026,10246998172610,btc_qm_engine,btc_leading_zeros,3.0000000000
789027,10246998172858,btc_qm_engine,btc_sha256_elapsed_ns,1028.0000000000
789028,10246998173210,btc_qm_engine,btc_leading_zeros,2.0000000000
789029,10246998173608,btc_qm_engine,btc_sha256_elapsed_ns,1006.0000000000
789030,10246998173861,btc_qm_engine,btc_leading_zeros,4.0000000000
789031,10246998174212,btc_qm_engine,btc_sha256_nonce,813986315.0000000000
789032,10246998174415,btc_qm_engine,btc_sha256_elapsed_ns,1058.0000000000
789033,10246998174857,btc_qm_engine,btc_sha256_nonce,3420230153.0000000000
789034,10246998174937,btc_qm_engine,btc_leading_zeros,0.0000000000
789035,10246998175214,btc_qm_engine,btc_sha256_elapsed_ns,1117.0000000000
789036,10246998175474,btc_qm_engine,btc_sha256_elapsed_ns,996.0000000000
789037,10246998175598,btc_qm_engine,btc_leading_zeros,0.0000000000
789038,10246998175707,btc_qm_engine,btc_leading_zeros,4.0000000000
789039,10246998176069,btc_qm_engine,btc_sha256_elapsed_ns,1057.0000000000
789040,10246998176201,btc_qm_engine,btc_sha256_elapsed_ns,951.0000000000
789041,10246998176385,btc_qm_engine,btc_sha256_nonce,4283032475.0000000000
789042,10246998176744,btc_qm_engine,btc_leading_zeros,2.0000000000
789043,10246998176851,btc_qm_engine,btc_sha256_elapsed_ns,967.0000000000
789044,10246998177245,btc_qm_engine,btc_sha256_nonce,3421146166.0000000000
789045,10246998177440,btc_qm_engine,btc_sha256_elapsed_ns,1056.0000000000
789046,10246998177597,btc_qm_engine,btc_sha256_nonce,2617624468.0000000000
789047,10246998177705,btc_qm_engine,btc_leading_zeros,0.0000000000
789048,10246998177845,btc_qm_engine,btc_leading_zeros,1.0000000000
789049,10246998178122,btc_qm_engine,btc_sha256_nonce,2522339441.0000000000
789050,10246998178194,btc_qm_engine,btc_sha256_elapsed_ns,1089.0000000000
789051,10246998178374,btc_qm_engine,btc_leading_zeros,3.0000000000
789052,10246998178630,btc_qm_engine,btc_sha256_elapsed_ns,1034.0000000000
789053,10246998178992,btc_qm_engine,btc_sha256_nonce,2111132271.0000000000
789054,10246998179072,btc_qm_engine,btc_leading_zeros,0.0000000000
789055,10246998179146,btc_qm_engine,btc_sha256_elapsed_ns,977.0000000000
789056,10246998179579,btc_qm_engine,btc_sha256_nonce,628240589.0000000000
789057,10246998179647,btc_qm_engine,btc_leading_zeros,1.0000000000
789058,10246998179701,btc_qm_engine,btc_sha256_elapsed_ns,734.0000000000
789059,10246998179845,btc_qm_engine,btc_sha256_nonce,462593673.0000000000
789060,10246998180004,btc_qm_engine,btc_sha256_nonce,2369180183.0000000000
789061,10246998180396,btc_qm_engine,btc_sha256_nonce,3808846541.0000000000
789062,10246998180478,btc_qm_engine,btc_leading_zeros,0.0000000000
789063,10246998180663,btc_qm_engine,btc_sha256_elapsed_ns,1016.0000000000
789064,10246998180792,btc_qm_engine,btc_sha256_nonce,627903643.0000000000
789065,10246998181056,btc_qm_engine,btc_leading_zeros,0.0000000000
789066,10246998181464,btc_qm_engine,btc_leading_zeros,2.0000000000
789067,10246998181827,btc_qm_engine,btc_sha256_nonce,386965198.0000000000
789068,10246998181900,btc_qm_engine,btc_leading_zeros,3.0000000000
789069,10246998181994,btc_qm_engine,btc_sha256_elapsed_ns,890.0000000000
789070,10246998182167,btc_qm_engine,btc_sha256_elapsed_ns,1071.0000000000
789071,10246998182357,btc_qm_engine,btc_sha256_elapsed_ns,1096.0000000000
789072,10246998182812,btc_qm_engine,btc_sha256_nonce,2182523846.0000000000
789073,10246998183315,btc_qm_engine,btc_sha256_nonce,1761475883.0000000000
789074,10246998183447,btc_qm_engine,btc_leading_zeros,0.0000000000
789075,10246998183560,btc_qm_engine,btc_sha256_elapsed_ns,944.0000000000
789076,10246998183726,btc_qm_engine,btc_sha256_elapsed_ns,913.0000000000
789077,10246998183890,btc_qm_engine,btc_sha256_nonce,1826337415.0000000000
789078,10246998184054,btc_qm_engine,btc_sha256_nonce,2028494599.0000000000
789079,10246998184141,btc_qm_engine,btc_leading_zeros,1.0000000000
789080,10246998184506,btc_qm_engine,btc_leading_zeros,1.0000000000
789081,10246998184597,btc_qm_engine,btc_sha256_elapsed_ns,1060.0000000000
789082,10246998184823,btc_qm_engine,btc_sha256_elapsed_ns,1035.0000000000
789083,10246998184962,btc_qm_engine,btc_sha256_nonce,3769144895.0000000000
789084,10246998185056,btc_qm_engine,btc_leading_zeros,4.0000000000
789085,10246998185500,btc_qm_engine,btc_leading_zeros,0.0000000000
789086,10246998185654,btc_qm_engine,btc_sha256_elapsed_ns,1083.0000000000
789087,10246998185840,btc_qm_engine,btc_sha256_elapsed_ns,748.0000000000
789088,10246998186113,btc_qm_engine,btc_leading_zeros,1.0000000000
789089,10246998186428,btc_qm_engine,btc_sha256_nonce,2796222506.0000000000
789090,10246998186605,btc_qm_engine,btc_sha256_elapsed_ns,1021.0000000000
789091,10246998186903,btc_qm_engine,btc_sha256_nonce,3334220133.0000000000
789092,10246998187166,btc_qm_engine,btc_sha256_nonce,1547870217.0000000000
789093,10246998187245,btc_qm_engine,btc_leading_zeros,0.0000000000
789094,10246998187321,btc_qm_engine,btc_sha256_elapsed_ns,1073.0000000000
789095,10246998187548,btc_qm_engine,btc_leading_zeros,1.0000000000
789096,10246998187731,btc_qm_engine,btc_sha256_nonce,1489872706.0000000000
789097,10246998188263,btc_qm_engine,btc_sha256_nonce,1666892611.0000000000
789098,10246998188544,btc_qm_engine,btc_sha256_nonce,2065917767.0000000000
789099,10246998188735,btc_qm_engine,btc_sha256_elapsed_ns,1069.0000000000
789100,10246998188869,btc_qm_engine,btc_leading_zeros,1.0000000000
789101,10246998189155,btc_qm_engine,btc_leading_zeros,1.0000000000
789102,10246998189409,btc_qm_engine,btc_sha256_nonce,2732375775.0000000000
789103,10246998190061,btc_qm_engine,btc_sha256_elapsed_ns,1094.0000000000
789104,10246998190287,btc_qm_engine,btc_leading_zeros,2.0000000000
789105,10246998190679,btc_qm_engine,btc_sha256_elapsed_ns,1126.0000000000
789106,10246998190782,btc_qm_engine,btc_sha256_nonce,2950211303.0000000000
789107,10246998191123,btc_qm_engine,btc_sha256_nonce,2545421746.0000000000
789108,10246998191268,btc_qm_engine,btc_sha256_nonce,2487623504.0000000000
789109,10246998191450,btc_qm_engine,btc_leading_zeros,0.0000000000
789110,10246998191531,btc_qm_engine,btc_sha256_elapsed_ns,1054.0000000000
789111,10246998191707,btc_qm_engine,btc_leading_zeros,2.0000000000
789112,10246998191878,btc_qm_engine,btc_leading_zeros,0.0000000000
789113,10246998191971,btc_qm_engine,btc_sha256_elapsed_ns,5948.0000000000
789114,10246998192199,btc_qm_engine,btc_sha256_nonce,4107238089.0000000000
789115,10246998192642,btc_qm_engine,btc_sha256_nonce,2885835330.0000000000
789116,10246998192811,btc_qm_engine,btc_sha256_nonce,1213987854.0000000000
789117,10246998192938,btc_qm_engine,btc_leading_zeros,0.0000000000
789118,10246998193187,btc_qm_engine,btc_leading_zeros,1.0000000000
789119,10246998193348,btc_qm_engine,btc_sha256_elapsed_ns,1065.0000000000
789120,10246998194332,btc_qm_engine,btc_sha256_elapsed_ns,948.0000000000
789121,10246998194781,btc_qm_engine,btc_sha256_nonce,2976455024.0000000000
789122,10246998195361,btc_qm_engine,btc_leading_zeros,0.0000000000
789123,10246998195421,btc_qm_engine,btc_sha256_elapsed_ns,938.0000000000
789124,10246998195703,btc_qm_engine,btc_sha256_elapsed_ns,1062.0000000000
789125,10246998196709,btc_qm_engine,btc_sha256_nonce,2486960159.0000000000
789126,10246998196785,btc_qm_engine,btc_leading_zeros,0.0000000000
789127,10246998196860,btc_qm_engine,btc_sha256_elapsed_ns,1106.0000000000
789128,10246998197068,btc_qm_engine,btc_sha256_nonce,740416400.0000000000
789129,10246998197159,btc_qm_engine,btc_leading_zeros,0.0000000000
789130,10246998197232,btc_qm_engine,btc_sha256_elapsed_ns,1143.0000000000
789131,10246998197429,btc_qm_engine,btc_sha256_nonce,247322742.0000000000
789132,10246998197532,btc_qm_engine,btc_leading_zeros,1.0000000000
789133,10246998197603,btc_qm_engine,btc_sha256_elapsed_ns,1128.0000000000
789134,10246998198227,btc_qm_engine,btc_sha256_nonce,167429629.0000000000
789135,10246998198307,btc_qm_engine,btc_leading_zeros,0.0000000000
789136,10246998198380,btc_qm_engine,btc_sha256_elapsed_ns,1098.0000000000
789137,10246998198539,btc_qm_engine,btc_sha256_nonce,658830111.0000000000
789138,10246998198692,btc_qm_engine,btc_sha256_nonce,1626391765.0000000000
789139,10246998198810,btc_qm_engine,btc_leading_zeros,1.0000000000
789140,10246998198882,btc_qm_engine,btc_sha256_elapsed_ns,974.0000000000
789141,10246998199152,btc_qm_engine,btc_leading_zeros,0.0000000000
789142,10246998199229,btc_qm_engine,btc_sha256_elapsed_ns,1092.0000000000
789143,10246998199559,btc_qm_engine,btc_sha256_nonce,3213330234.0000000000
789144,10246998199784,btc_qm_engine,btc_sha256_nonce,478279016.0000000000
789145,10246998200316,btc_qm_engine,btc_leading_zeros,0.0000000000
789146,10246998200499,btc_qm_engine,btc_sha256_nonce,389381571.0000000000
789147,10246998200672,btc_qm_engine,btc_leading_zeros,0.0000000000
789148,10246998201297,btc_qm_engine,btc_leading_zeros,2.0000000000
789149,10246998201478,btc_qm_engine,btc_sha256_elapsed_ns,978.0000000000
789150,10246998201626,btc_qm_engine,btc_sha256_elapsed_ns,1078.0000000000
789151,10246998201887,btc_qm_engine,btc_leading_zeros,0.0000000000
789152,10246998202246,btc_qm_engine,btc_sha256_elapsed_ns,906.0000000000
789153,10246998202567,btc_qm_engine,btc_sha256_nonce,3156608953.0000000000
789154,10246998202649,btc_qm_engine,btc_leading_zeros,1.0000000000
789155,10246998202709,btc_qm_engine,btc_sha256_elapsed_ns,735.0000000000
789156,10246998202946,btc_qm_engine,btc_sha256_nonce,3130552956.0000000000
789157,10246998203058,btc_qm_engine,btc_leading_zeros,0.0000000000
789158,10246998203231,btc_qm_engine,btc_sha256_nonce,2486819505.0000000000
789159,10246998203309,btc_qm_engine,btc_leading_zeros,1.0000000000
789160,10246998203385,btc_qm_engine,btc_sha256_elapsed_ns,1097.0000000000
789161,10246998203543,btc_qm_engine,btc_sha256_nonce,2137580023.0000000000
789162,10246998203616,btc_qm_engine,btc_leading_zeros,3.0000000000
789163,10246998203918,btc_qm_engine,btc_sha256_nonce,54178173.0000000000
789164,10246998204069,btc_qm_engine,btc_leading_zeros,1.0000000000
789165,10246998204121,btc_qm_engine,btc_sha256_elapsed_ns,961.0000000000
789166,10246998204225,btc_qm_engine,btc_sha256_elapsed_ns,938.0000000000
789167,10246998204386,btc_qm_engine,btc_sha256_elapsed_ns,952.0000000000
789168,10246998204615,btc_qm_engine,btc_sha256_elapsed_ns,1069.0000000000
789169,10246998204969,btc_qm_engine,btc_leading_zeros,0.0000000000
789170,10246998205268,btc_qm_engine,btc_sha256_nonce,2487833329.0000000000
789171,10246998205435,btc_qm_engine,btc_sha256_elapsed_ns,1107.0000000000
789172,10246998205603,btc_qm_engine,btc_sha256_elapsed_ns,1085.0000000000
789173,10246998205731,btc_qm_engine,btc_sha256_nonce,2305107747.0000000000
789174,10246998206160,btc_qm_engine,btc_sha256_nonce,3068895663.0000000000
789175,10246998206301,btc_qm_engine,btc_sha256_nonce,3957845273.0000000000
789176,10246998206481,btc_qm_engine,btc_leading_zeros,0.0000000000
789177,10246998206818,btc_qm_engine,btc_leading_zeros,0.0000000000
789178,10246998206923,btc_qm_engine,btc_leading_zeros,2.0000000000
789179,10246998207214,btc_qm_engine,btc_leading_zeros,1.0000000000
789180,10246998207421,btc_qm_engine,btc_sha256_elapsed_ns,970.0000000000
789181,10246998207653,btc_qm_engine,btc_sha256_elapsed_ns,956.0000000000
789182,10246998208047,btc_qm_engine,btc_sha256_elapsed_ns,925.0000000000
789183,10246998208212,btc_qm_engine,btc_sha256_nonce,1296106218.0000000000
789184,10246998208376,btc_qm_engine,btc_sha256_elapsed_ns,977.0000000000
789185,10246998208617,btc_qm_engine,btc_leading_zeros,0.0000000000
789186,10246998208700,btc_qm_engine,btc_sha256_elapsed_ns,898.0000000000
789187,10246998208822,btc_qm_engine,btc_sha256_nonce,618869206.0000000000
789188,10246998208898,btc_qm_engine,btc_leading_zeros,0.0000000000
789189,10246998208970,btc_qm_engine,btc_sha256_elapsed_ns,1039.0000000000
789190,10246998209314,btc_qm_engine,btc_sha256_nonce,1492361236.0000000000
789191,10246998209391,btc_qm_engine,btc_leading_zeros,1.0000000000
789192,10246998209460,btc_qm_engine,btc_sha256_elapsed_ns,1072.0000000000
789193,10246998209578,btc_qm_engine,btc_sha256_nonce,2312730087.0000000000
789194,10246998209686,btc_qm_engine,btc_leading_zeros,0.0000000000
789195,10246998210040,btc_qm_engine,btc_sha256_nonce,2346571978.0000000000
789196,10246998210263,btc_qm_engine,btc_leading_zeros,0.0000000000
789197,10246998210443,btc_qm_engine,btc_sha256_nonce,1416496113.0000000000
789198,10246998210738,btc_qm_engine,btc_sha256_nonce,529716944.0000000000
789199,10246998210869,btc_qm_engine,btc_leading_zeros,0.0000000000
789200,10246998211075,btc_qm_engine,btc_sha256_elapsed_ns,897.0000000000
789201,10246998211782,btc_qm_engine,btc_leading_zeros,1.0000000000
789202,10246998211857,btc_qm_engine,btc_sha256_elapsed_ns,1006.0000000000
789203,10246998212069,btc_qm_engine,btc_sha256_nonce,675754331.0000000000
789204,10246998212260,btc_qm_engine,btc_sha256_nonce,3280998121.0000000000
789205,10246998212638,btc_qm_engine,btc_leading_zeros,0.0000000000
789206,10246998212701,btc_qm_engine,btc_sha256_elapsed_ns,948.0000000000
789207,10246998212977,btc_qm_engine,btc_leading_zeros,0.0000000000
789208,10246998213288,btc_qm_engine,btc_sha256_nonce,2312945488.0000000000
789209,10246998213504,btc_qm_engine,btc_leading_zeros,2.0000000000
789210,10246998213825,btc_qm_engine,btc_sha256_nonce,3578562097.0000000000
789211,10246998213899,btc_qm_engine,btc_leading_zeros,1.0000000000
789212,10246998214111,btc_qm_engine,btc_sha256_elapsed_ns,964.0000000000
789213,10246998214384,btc_qm_engine,btc_sha256_elapsed_ns,991.0000000000
789214,10246998214651,btc_qm_engine,btc_sha256_nonce,1759337181.0000000000
789215,10246998214775,btc_qm_engine,btc_leading_zeros,0.0000000000
789216,10246998215071,btc_qm_engine,btc_sha256_elapsed_ns,939.0000000000
789217,10246998215346,btc_qm_engine,btc_leading_zeros,0.0000000000
789218,10246998215646,btc_qm_engine,btc_sha256_nonce,627079082.0000000000
789219,10246998215733,btc_qm_engine,btc_sha256_elapsed_ns,1106.0000000000
789220,10246998215909,btc_qm_engine,btc_sha256_elapsed_ns,1008.0000000000
789221,10246998216141,btc_qm_engine,btc_sha256_nonce,3603418665.0000000000
789222,10246998216218,btc_qm_engine,btc_leading_zeros,0.0000000000
789223,10246998216556,btc_qm_engine,btc_sha256_elapsed_ns,1074.0000000000
789224,10246998216743,btc_qm_engine,btc_sha256_nonce,2297506289.0000000000
789225,10246998216941,btc_qm_engine,btc_leading_zeros,0.0000000000
789226,10246998217132,btc_qm_engine,btc_sha256_nonce,2376179398.0000000000
789227,10246998217380,btc_qm_engine,btc_sha256_nonce,1839977130.0000000000
789228,10246998217572,btc_qm_engine,btc_leading_zeros,0.0000000000
789229,10246998217746,btc_qm_engine,btc_sha256_nonce,2488092852.0000000000
789230,10246998218067,btc_qm_engine,btc_sha256_nonce,628326359.0000000000
789231,10246998218146,btc_qm_engine,btc_leading_zeros,0.0000000000
789232,10246998218364,btc_qm_engine,btc_leading_zeros,1.0000000000
789233,10246998218496,btc_qm_engine,btc_leading_zeros,0.0000000000
789234,10246998218662,btc_qm_engine,btc_sha256_elapsed_ns,942.0000000000
789235,10246998218873,btc_qm_engine,btc_sha256_elapsed_ns,1080.0000000000
789236,10246998219053,btc_qm_engine,btc_sha256_elapsed_ns,990.0000000000
789237,10246998219215,btc_qm_engine,btc_leading_zeros,1.0000000000
789238,10246998219672,btc_qm_engine,btc_sha256_elapsed_ns,1029.0000000000
789239,10246998220146,btc_qm_engine,btc_sha256_elapsed_ns,972.0000000000
789240,10246998220531,btc_qm_engine,btc_sha256_nonce,316028387.0000000000
789241,10246998220652,btc_qm_engine,btc_sha256_nonce,4174983338.0000000000
789242,10246998221105,btc_qm_engine,btc_sha256_nonce,3495418722.0000000000
789243,10246998221183,btc_qm_engine,btc_leading_zeros,1.0000000000
789244,10246998221310,btc_qm_engine,btc_sha256_elapsed_ns,1082.0000000000
789245,10246998221385,btc_qm_engine,btc_leading_zeros,0.0000000000
789246,10246998221719,btc_qm_engine,btc_sha256_nonce,2613375632.0000000000
789247,10246998221912,btc_qm_engine,btc_sha256_nonce,3128528461.0000000000
789248,10246998221997,btc_qm_engine,btc_leading_zeros,1.0000000000
789249,10246998222067,btc_qm_engine,btc_sha256_elapsed_ns,1033.0000000000
789250,10246998222400,btc_qm_engine,btc_sha256_elapsed_ns,1058.0000000000
789251,10246998222658,btc_qm_engine,btc_leading_zeros,1.0000000000
789252,10246998222887,btc_qm_engine,btc_sha256_elapsed_ns,1080.0000000000
789253,10246998223319,btc_qm_engine,btc_sha256_nonce,3491487949.0000000000
789254,10246998223851,btc_qm_engine,btc_sha256_elapsed_ns,881.0000000000
789255,10246998224061,btc_qm_engine,btc_leading_zeros,1.0000000000
789256,10246998224586,btc_qm_engine,btc_sha256_nonce,2487785461.0000000000
789257,10246998224737,btc_qm_engine,btc_sha256_elapsed_ns,994.0000000000
789258,10246998224966,btc_qm_engine,btc_leading_zeros,0.0000000000
789259,10246998225409,btc_qm_engine,btc_sha256_elapsed_ns,859.0000000000
789260,10246998225522,btc_qm_engine,btc_sha256_nonce,4255217226.0000000000
789261,10246998225601,btc_qm_engine,btc_leading_zeros,2.0000000000
789262,10246998225674,btc_qm_engine,btc_sha256_elapsed_ns,1046.0000000000
789263,10246998225846,btc_qm_engine,btc_sha256_elapsed_ns,986.0000000000
789264,10246998226566,btc_qm_engine,btc_sha256_nonce,2591289996.0000000000
789265,10246998227070,btc_qm_engine,btc_sha256_nonce,2360469543.0000000000
789266,10246998227345,btc_qm_engine,btc_sha256_nonce,2894385415.0000000000
789267,10246998227426,btc_qm_engine,btc_leading_zeros,3.0000000000
789268,10246998227489,btc_qm_engine,btc_sha256_elapsed_ns,1062.0000000000
789269,10246998227657,btc_qm_engine,btc_sha256_nonce,3315772010.0000000000
789270,10246998227798,btc_qm_engine,btc_leading_zeros,1.0000000000
789271,10246998228123,btc_qm_engine,btc_leading_zeros,3.0000000000
789272,10246998228347,btc_qm_engine,btc_sha256_elapsed_ns,1110.0000000000
789273,10246998228551,btc_qm_engine,btc_leading_zeros,1.0000000000
789274,10246998228807,btc_qm_engine,btc_sha256_nonce,4291790551.0000000000
789275,10246998229298,btc_qm_engine,btc_sha256_elapsed_ns,996.0000000000
789276,10246998229481,btc_qm_engine,btc_leading_zeros,1.0000000000
789277,10246998229615,btc_qm_engine,btc_leading_zeros,0.0000000000
789278,10246998229882,btc_qm_engine,btc_sha256_elapsed_ns,931.0000000000
789279,10246998230095,btc_qm_engine,btc_sha256_elapsed_ns,1033.0000000000
789280,10246998230219,btc_qm_engine,btc_sha256_elapsed_ns,934.0000000000
789281,10246998230894,btc_qm_engine,btc_sha256_nonce,2377209179.0000000000
789282,10246998230969,btc_qm_engine,btc_leading_zeros,0.0000000000
789283,10246998231057,btc_qm_engine,btc_sha256_elapsed_ns,1056.0000000000
789284,10246998231497,btc_qm_engine,btc_sha256_nonce,2741358599.0000000000
789285,10246998232055,btc_qm_engine,btc_leading_zeros,1.0000000000
789286,10246998232125,btc_qm_engine,btc_sha256_elapsed_ns,1068.0000000000
789287,10246998232410,btc_qm_engine,btc_sha256_nonce,2212822085.0000000000
789288,10246998232766,btc_qm_engine,btc_sha256_nonce,2525057988.0000000000
789289,10246998232889,btc_qm_engine,btc_sha256_nonce,3162242645.0000000000
789290,10246998233423,btc_qm_engine,btc_sha256_nonce,3152431283.0000000000
789291,10246998234033,btc_qm_engine,btc_leading_zeros,0.0000000000
789292,10246998234183,btc_qm_engine,btc_leading_zeros,0.0000000000
789293,10246998234333,btc_qm_engine,btc_leading_zeros,1.0000000000
789294,10246998234401,btc_qm_engine,btc_sha256_elapsed_ns,1025.0000000000
789295,10246998234567,btc_qm_engine,btc_sha256_elapsed_ns,920.0000000000
789296,10246998234711,btc_qm_engine,btc_sha256_elapsed_ns,1005.0000000000
789297,10246998235119,btc_qm_engine,btc_sha256_elapsed_ns,1155.0000000000
789298,10246998235603,btc_qm_engine,btc_leading_zeros,2.0000000000
789299,10246998235765,btc_qm_engine,btc_sha256_nonce,1044829411.0000000000
789300,10246998235843,btc_qm_engine,btc_leading_zeros,3.0000000000
789301,10246998235906,btc_qm_engine,btc_sha256_elapsed_ns,812.0000000000
789302,10246998236046,btc_qm_engine,btc_sha256_elapsed_ns,1111.0000000000
789303,10246998236388,btc_qm_engine,btc_sha256_nonce,2611343056.0000000000
789304,10246998236486,btc_qm_engine,btc_leading_zeros,1.0000000000
789305,10246998236568,btc_qm_engine,btc_sha256_nonce,2846757875.0000000000
789306,10246998236728,btc_qm_engine,btc_sha256_elapsed_ns,1121.0000000000
789307,10246998236944,btc_qm_engine,btc_sha256_nonce,65285385.0000000000
789308,10246998237130,btc_qm_engine,btc_leading_zeros,0.0000000000
789309,10246998237299,btc_qm_engine,btc_sha256_nonce,627073941.0000000000
789310,10246998237796,btc_qm_engine,btc_sha256_elapsed_ns,965.0000000000
789311,10246998237938,btc_qm_engine,btc_sha256_nonce,3868373075.0000000000
789312,10246998238110,btc_qm_engine,btc_sha256_nonce,3504775279.0000000000
789313,10246998238188,btc_qm_engine,btc_leading_zeros,0.0000000000
789314,10246998238250,btc_qm_engine,btc_sha256_elapsed_ns,863.0000000000
789315,10246998238548,btc_qm_engine,btc_leading_zeros,0.0000000000
789316,10246998239129,btc_qm_engine,btc_leading_zeros,0.0000000000
789317,10246998239195,btc_qm_engine,btc_sha256_elapsed_ns,1054.0000000000
789318,10246998239288,btc_qm_engine,btc_sha256_elapsed_ns,814.0000000000
789319,10246998239521,btc_qm_engine,btc_sha256_nonce,3704009730.0000000000
789320,10246998239600,btc_qm_engine,btc_leading_zeros,0.0000000000
789321,10246998239668,btc_qm_engine,btc_sha256_elapsed_ns,1047.0000000000
789322,10246998240176,btc_qm_engine,btc_sha256_nonce,2361120486.0000000000
789323,10246998240247,btc_qm_engine,btc_leading_zeros,1.0000000000
789324,10246998240318,btc_qm_engine,btc_sha256_elapsed_ns,741.0000000000
789325,10246998240458,btc_qm_engine,btc_sha256_nonce,3202415837.0000000000
789326,10246998240542,btc_qm_engine,btc_leading_zeros,0.0000000000
789327,10246998240615,btc_qm_engine,btc_sha256_elapsed_ns,910.0000000000
789328,10246998240923,btc_qm_engine,btc_sha256_nonce,4065087385.0000000000
789329,10246998241258,btc_qm_engine,btc_leading_zeros,1.0000000000
789330,10246998241348,btc_qm_engine,btc_sha256_nonce,2487481277.0000000000
789331,10246998241473,btc_qm_engine,btc_sha256_nonce,4100306367.0000000000
789332,10246998241544,btc_qm_engine,btc_leading_zeros,1.0000000000
789333,10246998241711,btc_qm_engine,btc_sha256_elapsed_ns,927.0000000000
789334,10246998241903,btc_qm_engine,btc_leading_zeros,0.0000000000
789335,10246998242004,btc_qm_engine,btc_sha256_elapsed_ns,1044.0000000000
789336,10246998242338,btc_qm_engine,btc_sha256_nonce,3847544466.0000000000
789337,10246998242415,btc_qm_engine,btc_leading_zeros,0.0000000000
789338,10246998242700,btc_qm_engine,btc_sha256_elapsed_ns,1010.0000000000
789339,10246998242896,btc_qm_engine,btc_sha256_nonce,2135314480.0000000000
789340,10246998243231,btc_qm_engine,btc_leading_zeros,0.0000000000
789341,10246998243317,btc_qm_engine,btc_sha256_elapsed_ns,739.0000000000
789342,10246998243402,btc_qm_engine,btc_sha256_elapsed_ns,1019.0000000000
789343,10246998243772,btc_qm_engine,btc_sha256_nonce,2360133996.0000000000
789344,10246998243893,btc_qm_engine,btc_sha256_nonce,4267867830.0000000000
789345,10246998243973,btc_qm_engine,btc_leading_zeros,1.0000000000
789346,10246998244142,btc_qm_engine,btc_sha256_nonce,2893760180.0000000000
789347,10246998244520,btc_qm_engine,btc_sha256_nonce,2313676473.0000000000
789348,10246998244925,btc_qm_engine,btc_sha256_nonce,2053646676.0000000000
789349,10246998244997,btc_qm_engine,btc_leading_zeros,1.0000000000
789350,10246998245066,btc_qm_engine,btc_sha256_elapsed_ns,1019.0000000000
789351,10246998245380,btc_qm_engine,btc_sha256_nonce,3083355411.0000000000
789352,10246998245600,btc_qm_engine,btc_leading_zeros,1.0000000000
789353,10246998245686,btc_qm_engine,btc_sha256_elapsed_ns,765.0000000000
789354,10246998245862,btc_qm_engine,btc_sha256_nonce,360622360.0000000000
789355,10246998246222,btc_qm_engine,btc_leading_zeros,0.0000000000
789356,10246998246396,btc_qm_engine,btc_sha256_nonce,3847474745.0000000000
789357,10246998246466,btc_qm_engine,btc_leading_zeros,0.0000000000
789358,10246998246576,btc_qm_engine,btc_sha256_elapsed_ns,946.0000000000
789359,10246998246747,btc_qm_engine,btc_sha256_nonce,2258430282.0000000000
789360,10246998246816,btc_qm_engine,btc_leading_zeros,0.0000000000
789361,10246998246872,btc_qm_engine,btc_sha256_elapsed_ns,768.0000000000
789362,10246998247090,btc_qm_engine,btc_sha256_elapsed_ns,1068.0000000000
789363,10246998247526,btc_qm_engine,btc_leading_zeros,4.0000000000
789364,10246998247609,btc_qm_engine,btc_sha256_elapsed_ns,993.0000000000
789365,10246998247873,btc_qm_engine,btc_sha256_nonce,2313596871.0000000000
789366,10246998247954,btc_qm_engine,btc_leading_zeros,0.0000000000
789367,10246998248016,btc_qm_engine,btc_sha256_elapsed_ns,800.0000000000
789368,10246998248194,btc_qm_engine,btc_sha256_nonce,4238332898.0000000000
789369,10246998248406,btc_qm_engine,btc_leading_zeros,2.0000000000
789370,10246998248664,btc_qm_engine,btc_sha256_nonce,1423918931.0000000000
789371,10246998248770,btc_qm_engine,btc_leading_zeros,0.0000000000
789372,10246998248912,btc_qm_engine,btc_sha256_nonce,1087790659.0000000000
789373,10246998249375,btc_qm_engine,btc_leading_zeros,2.0000000000
789374,10246998249606,btc_qm_engine,btc_leading_zeros,1.0000000000
789375,10246998249682,btc_qm_engine,btc_sha256_elapsed_ns,985.0000000000
789376,10246998249906,btc_qm_engine,btc_sha256_nonce,1304167866.0000000000
789377,10246998249994,btc_qm_engine,btc_sha256_elapsed_ns,1069.0000000000
789378,10246998250323,btc_qm_engine,btc_leading_zeros,0.0000000000
789379,10246998250401,btc_qm_engine,btc_sha256_elapsed_ns,777.0000000000
789380,10246998250741,btc_qm_engine,btc_leading_zeros,2.0000000000
789381,10246998250988,btc_qm_engine,btc_sha256_nonce,1734312443.0000000000
789382,10246998251071,btc_qm_engine,btc_leading_zeros,0.0000000000
789383,10246998251140,btc_qm_engine,btc_sha256_elapsed_ns,1075.0000000000
789384,10246998251558,btc_qm_engine,btc_sha256_nonce,1778861255.0000000000
789385,10246998251682,btc_qm_engine,btc_leading_zeros,2.0000000000
789386,10246998252124,btc_qm_engine,btc_sha256_elapsed_ns,1058.0000000000
789387,10246998252302,btc_qm_engine,btc_sha256_elapsed_ns,1101.0000000000
789388,10246998252440,btc_qm_engine,btc_sha256_nonce,3421516103.0000000000
789389,10246998252537,btc_qm_engine,btc_sha256_nonce,3337247191.0000000000
789390,10246998252681,btc_qm_engine,btc_leading_zeros,0.0000000000
789391,10246998252928,btc_qm_engine,btc_leading_zeros,2.0000000000
789392,10246998253003,btc_qm_engine,btc_sha256_elapsed_ns,779.0000000000
789393,10246998253095,btc_qm_engine,btc_sha256_elapsed_ns,1001.0000000000
789394,10246998253290,btc_qm_engine,btc_sha256_elapsed_ns,1041.0000000000
789395,10246998253525,btc_qm_engine,btc_sha256_nonce,3539620590.0000000000
789396,10246998253668,btc_qm_engine,btc_leading_zeros,1.0000000000
789397,10246998254046,btc_qm_engine,btc_sha256_nonce,1245493141.0000000000
789398,10246998254124,btc_qm_engine,btc_leading_zeros,0.0000000000
789399,10246998254176,btc_qm_engine,btc_sha256_elapsed_ns,827.0000000000
789400,10246998254371,btc_qm_engine,btc_sha256_elapsed_ns,962.0000000000
789401,10246998254554,btc_qm_engine,btc_sha256_nonce,221714321.0000000000
789402,10246998254662,btc_qm_engine,btc_leading_zeros,0.0000000000
789403,10246998254871,btc_qm_engine,btc_sha256_nonce,3083020647.0000000000
789404,10246998254946,btc_qm_engine,btc_leading_zeros,1.0000000000
789405,10246998255162,btc_qm_engine,btc_sha256_elapsed_ns,1114.0000000000
789406,10246998255551,btc_qm_engine,btc_sha256_nonce,2312809306.0000000000
789407,10246998255726,btc_qm_engine,btc_sha256_nonce,288011577.0000000000
789408,10246998255841,btc_qm_engine,btc_sha256_elapsed_ns,1011.0000000000
789409,10246998256021,btc_qm_engine,btc_leading_zeros,0.0000000000
789410,10246998256437,btc_qm_engine,btc_leading_zeros,0.0000000000
789411,10246998256491,btc_qm_engine,btc_sha256_elapsed_ns,995.0000000000
789412,10246998256729,btc_qm_engine,btc_sha256_elapsed_ns,1004.0000000000
789413,10246998256924,btc_qm_engine,btc_sha256_nonce,1521929904.0000000000
789414,10246998257133,btc_qm_engine,btc_sha256_nonce,2774781701.0000000000
789415,10246998257215,btc_qm_engine,btc_leading_zeros,1.0000000000
789416,10246998257358,btc_qm_engine,btc_sha256_elapsed_ns,1080.0000000000
789417,10246998257791,btc_qm_engine,btc_sha256_nonce,3847372065.0000000000
789418,10246998258055,btc_qm_engine,btc_sha256_nonce,1887020490.0000000000
789419,10246998258162,btc_qm_engine,btc_leading_zeros,2.0000000000
789420,10246998258261,btc_qm_engine,btc_leading_zeros,1.0000000000
789421,10246998258507,btc_qm_engine,btc_leading_zeros,0.0000000000
789422,10246998258584,btc_qm_engine,btc_sha256_elapsed_ns,1101.0000000000
789423,10246998258682,btc_qm_engine,btc_sha256_elapsed_ns,1083.0000000000
789424,10246998259074,btc_qm_engine,btc_sha256_nonce,3421155536.0000000000
789425,10246998259162,btc_qm_engine,btc_leading_zeros,0.0000000000
789426,10246998259274,btc_qm_engine,btc_sha256_elapsed_ns,1012.0000000000
789427,10246998259662,btc_qm_engine,btc_sha256_nonce,4157250991.0000000000
789428,10246998259816,btc_qm_engine,btc_sha256_nonce,1665466060.0000000000
789429,10246998259889,btc_qm_engine,btc_leading_zeros,3.0000000000
789430,10246998260051,btc_qm_engine,btc_leading_zeros,3.0000000000
789431,10246998260353,btc_qm_engine,btc_sha256_elapsed_ns,987.0000000000
789432,10246998260520,btc_qm_engine,btc_sha256_elapsed_ns,975.0000000000
789433,10246998260992,btc_qm_engine,btc_sha256_nonce,1463341705.0000000000
789434,10246998261439,btc_qm_engine,btc_leading_zeros,1.0000000000
789435,10246998261684,btc_qm_engine,btc_sha256_elapsed_ns,1033.0000000000
789436,10246998262038,btc_qm_engine,btc_sha256_nonce,4021642489.0000000000
789437,10246998262147,btc_qm_engine,btc_leading_zeros,0.0000000000
789438,10246998262207,btc_qm_engine,btc_sha256_elapsed_ns,980.0000000000
789439,10246998262302,btc_qm_engine,btc_sha256_nonce,3273653213.0000000000
789440,10246998262586,btc_qm_engine,btc_sha256_elapsed_ns,913.0000000000
789441,10246998262731,btc_qm_engine,btc_leading_zeros,4.0000000000
789442,10246998262806,btc_qm_engine,btc_sha256_elapsed_ns,1094.0000000000
789443,10246998263234,btc_qm_engine,btc_sha256_nonce,1171297360.0000000000
789444,10246998263307,btc_qm_engine,btc_leading_zeros,0.0000000000
789445,10246998263373,btc_qm_engine,btc_sha256_elapsed_ns,747.0000000000
789446,10246998264001,btc_qm_engine,btc_sha256_nonce,1419971884.0000000000
789447,10246998264080,btc_qm_engine,btc_leading_zeros,0.0000000000
789448,10246998264225,btc_qm_engine,btc_leading_zeros,1.0000000000
789449,10246998264438,btc_qm_engine,btc_sha256_elapsed_ns,1121.0000000000
789450,10246998264832,btc_qm_engine,btc_sha256_elapsed_ns,1008.0000000000
789451,10246998265015,btc_qm_engine,btc_sha256_elapsed_ns,820.0000000000
789452,10246998265294,btc_qm_engine,btc_sha256_nonce,1419024588.0000000000
789453,10246998265576,btc_qm_engine,btc_sha256_nonce,288978746.0000000000
789454,10246998265758,btc_qm_engine,btc_leading_zeros,3.0000000000
789455,10246998265838,btc_qm_engine,btc_sha256_elapsed_ns,1088.0000000000
789456,10246998266014,btc_qm_engine,btc_leading_zeros,0.0000000000
789457,10246998266129,btc_qm_engine,btc_sha256_nonce,3308946683.0000000000
789458,10246998266200,btc_qm_engine,btc_leading_zeros,0.0000000000
789459,10246998266260,btc_qm_engine,btc_sha256_elapsed_ns,778.0000000000
789460,10246998266768,btc_qm_engine,btc_sha256_elapsed_ns,894.0000000000
789461,10246998267013,btc_qm_engine,btc_sha256_nonce,628183681.0000000000
789462,10246998267105,btc_qm_engine,btc_leading_zeros,0.0000000000
789463,10246998267174,btc_qm_engine,btc_sha256_elapsed_ns,1076.0000000000
789464,10246998267259,btc_qm_engine,btc_sha256_nonce,4281526610.0000000000
789465,10246998267684,btc_qm_engine,btc_sha256_nonce,3136613816.0000000000
789466,10246998267823,btc_qm_engine,btc_sha256_elapsed_ns,1111.0000000000
789467,10246998267955,btc_qm_engine,btc_sha256_nonce,2313547270.0000000000
789468,10246998268101,btc_qm_engine,btc_leading_zeros,0.0000000000
789469,10246998268174,btc_qm_engine,btc_sha256_elapsed_ns,1079.0000000000
789470,10246998268376,btc_qm_engine,btc_leading_zeros,0.0000000000
789471,10246998268629,btc_qm_engine,btc_leading_zeros,0.0000000000
789472,10246998268753,btc_qm_engine,btc_sha256_nonce,2093407164.0000000000
789473,10246998269070,btc_qm_engine,btc_sha256_nonce,1194372142.0000000000
789474,10246998269149,btc_qm_engine,btc_leading_zeros,1.0000000000
789475,10246998269213,btc_qm_engine,btc_sha256_elapsed_ns,999.0000000000
789476,10246998269368,btc_qm_engine,btc_sha256_elapsed_ns,853.0000000000
789477,10246998269539,btc_qm_engine,btc_leading_zeros,0.0000000000
789478,10246998269620,btc_qm_engine,btc_sha256_elapsed_ns,1029.0000000000
789479,10246998269751,btc_qm_engine,btc_sha256_nonce,3120825463.0000000000
789480,10246998270168,btc_qm_engine,btc_sha256_nonce,702531236.0000000000
789481,10246998270370,btc_qm_engine,btc_leading_zeros,2.0000000000
789482,10246998270627,btc_qm_engine,btc_leading_zeros,0.0000000000
789483,10246998270759,btc_qm_engine,btc_sha256_nonce,2432458593.0000000000
789484,10246998270832,btc_qm_engine,btc_leading_zeros,0.0000000000
789485,10246998270951,btc_qm_engine,btc_sha256_elapsed_ns,857.0000000000
789486,10246998271274,btc_qm_engine,btc_sha256_elapsed_ns,825.0000000000
789487,10246998271610,btc_qm_engine,btc_sha256_nonce,627315902.0000000000
789488,10246998272229,btc_qm_engine,btc_sha256_elapsed_ns,964.0000000000
789489,10246998272559,btc_qm_engine,btc_leading_zeros,0.0000000000
789490,10246998272629,btc_qm_engine,btc_sha256_elapsed_ns,998.0000000000
789491,10246998273803,btc_qm_engine,btc_sha256_nonce,829259164.0000000000
789492,10246998273876,btc_qm_engine,btc_leading_zeros,4.0000000000
789493,10246998273952,btc_qm_engine,btc_sha256_nonce,1089349654.0000000000
789494,10246998274387,btc_qm_engine,btc_sha256_nonce,2897747059.0000000000
789495,10246998274755,btc_qm_engine,btc_sha256_elapsed_ns,1112.0000000000
789496,10246998274908,btc_qm_engine,btc_leading_zeros,0.0000000000
789497,10246998275057,btc_qm_engine,btc_sha256_nonce,1783614786.0000000000
789498,10246998275360,btc_qm_engine,btc_leading_zeros,0.0000000000
789499,10246998275548,btc_qm_engine,btc_sha256_elapsed_ns,1105.0000000000
789500,10246998276279,btc_qm_engine,btc_sha256_nonce,3420726051.0000000000
789501,10246998276632,btc_qm_engine,btc_sha256_nonce,3426648955.0000000000
789502,10246998276788,btc_qm_engine,btc_leading_zeros,3.0000000000
789503,10246998276871,btc_qm_engine,btc_sha256_elapsed_ns,920.0000000000
789504,10246998277041,btc_qm_engine,btc_leading_zeros,0.0000000000
789505,10246998277311,btc_qm_engine,btc_sha256_nonce,1770791216.0000000000
789506,10246998277501,btc_qm_engine,btc_sha256_elapsed_ns,1047.0000000000
789507,10246998277830,btc_qm_engine,btc_leading_zeros,2.0000000000
789508,10246998278065,btc_qm_engine,btc_sha256_nonce,1099811123.0000000000
789509,10246998278472,btc_qm_engine,btc_sha256_nonce,4244067877.0000000000
789510,10246998278799,btc_qm_engine,btc_leading_zeros,3.0000000000
789511,10246998278988,btc_qm_engine,btc_leading_zeros,2.0000000000
789512,10246998279360,btc_qm_engine,btc_sha256_nonce,3308448124.0000000000
789513,10246998279474,btc_qm_engine,btc_sha256_elapsed_ns,1021.0000000000
789514,10246998279674,btc_qm_engine,btc_leading_zeros,1.0000000000
789515,10246998279744,btc_qm_engine,btc_sha256_elapsed_ns,839.0000000000
789516,10246998279988,btc_qm_engine,btc_sha256_elapsed_ns,963.0000000000
789517,10246998280396,btc_qm_engine,btc_sha256_elapsed_ns,1026.0000000000
789518,10246998280919,btc_qm_engine,btc_sha256_nonce,1582733961.0000000000
789519,10246998281001,btc_qm_engine,btc_leading_zeros,0.0000000000
789520,10246998281074,btc_qm_engine,btc_sha256_elapsed_ns,1020.0000000000
789521,10246998281440,btc_qm_engine,btc_sha256_nonce,1698719968.0000000000
789522,10246998281656,btc_qm_engine,btc_sha256_nonce,2487126099.0000000000
789523,10246998281739,btc_qm_engine,btc_leading_zeros,0.0000000000
789524,10246998281924,btc_qm_engine,btc_leading_zeros,1.0000000000
789525,10246998282265,btc_qm_engine,btc_sha256_elapsed_ns,899.0000000000
789526,10246998282414,btc_qm_engine,btc_sha256_nonce,2390963420.0000000000
789527,10246998282523,btc_qm_engine,btc_sha256_elapsed_ns,1101.0000000000
789528,10246998282760,btc_qm_engine,btc_leading_zeros,4.0000000000
789529,10246998282979,btc_qm_engine,btc_leading_zeros,1.0000000000
789530,10246998283180,btc_qm_engine,btc_sha256_nonce,1705148823.0000000000
789531,10246998283437,btc_qm_engine,btc_sha256_nonce,3940753873.0000000000
789532,10246998283988,btc_qm_engine,btc_sha256_elapsed_ns,749.0000000000
789533,10246998284351,btc_qm_engine,btc_sha256_nonce,3204962474.0000000000
789534,10246998284561,btc_qm_engine,btc_sha256_elapsed_ns,926.0000000000
789535,10246998284979,btc_qm_engine,btc_sha256_nonce,2487556856.0000000000
789536,10246998285094,btc_qm_engine,btc_leading_zeros,0.0000000000
789537,10246998285365,btc_qm_engine,btc_leading_zeros,0.0000000000
789538,10246998285434,btc_qm_engine,btc_sha256_elapsed_ns,995.0000000000
789539,10246998285615,btc_qm_engine,btc_sha256_elapsed_ns,861.0000000000
789540,10246998286080,btc_qm_engine,btc_leading_zeros,1.0000000000
789541,10246998286328,btc_qm_engine,btc_sha256_nonce,3676469213.0000000000
789542,10246998286403,btc_qm_engine,btc_leading_zeros,0.0000000000
789543,10246998286565,btc_qm_engine,btc_sha256_nonce,352958421.0000000000
789544,10246998286642,btc_qm_engine,btc_leading_zeros,2.0000000000
789545,10246998286708,btc_qm_engine,btc_sha256_elapsed_ns,883.0000000000
789546,10246998286828,btc_qm_engine,btc_sha256_elapsed_ns,1021.0000000000
789547,10246998287033,btc_qm_engine,btc_sha256_nonce,1543030325.0000000000
789548,10246998287112,btc_qm_engine,btc_leading_zeros,2.0000000000
789549,10246998287167,btc_qm_engine,btc_sha256_elapsed_ns,794.0000000000
789550,10246998287691,btc_qm_engine,btc_sha256_elapsed_ns,1141.0000000000
789551,10246998287912,btc_qm_engine,btc_sha256_nonce,4253238040.0000000000
789552,10246998287995,btc_qm_engine,btc_leading_zeros,0.0000000000
789553,10246998288372,btc_qm_engine,btc_sha256_elapsed_ns,1120.0000000000
789554,10246998288637,btc_qm_engine,btc_sha256_nonce,3420910415.0000000000
789555,10246998289125,btc_qm_engine,btc_sha256_elapsed_ns,1124.0000000000
789556,10246998289532,btc_qm_engine,btc_leading_zeros,0.0000000000
789557,10246998289671,btc_qm_engine,btc_leading_zeros,3.0000000000
789558,10246998290186,btc_qm_engine,btc_sha256_nonce,2819559564.0000000000
789559,10246998290346,btc_qm_engine,btc_sha256_elapsed_ns,1109.0000000000
789560,10246998290606,btc_qm_engine,btc_leading_zeros,2.0000000000
789561,10246998291046,btc_qm_engine,btc_sha256_elapsed_ns,1019.0000000000
789562,10246998292096,btc_qm_engine,btc_sha256_nonce,2564115225.0000000000
789563,10246998292443,btc_qm_engine,btc_leading_zeros,0.0000000000
789564,10246998292513,btc_qm_engine,btc_sha256_elapsed_ns,1140.0000000000
789565,10246998292834,btc_qm_engine,btc_sha256_nonce,2360891021.0000000000
789566,10246998293171,btc_qm_engine,btc_sha256_nonce,3391884798.0000000000
789567,10246998293267,btc_qm_engine,btc_leading_zeros,0.0000000000
789568,10246998293356,btc_qm_engine,btc_sha256_nonce,457813610.0000000000
789569,10246998293673,btc_qm_engine,btc_sha256_elapsed_ns,1086.0000000000
789570,10246998293864,btc_qm_engine,btc_leading_zeros,0.0000000000
789571,10246998293945,btc_qm_engine,btc_sha256_elapsed_ns,1149.0000000000
789572,10246998294035,btc_qm_engine,btc_sha256_nonce,3914039808.0000000000
789573,10246998294123,btc_qm_engine,btc_leading_zeros,0.0000000000
789574,10246998294326,btc_qm_engine,btc_leading_zeros,1.0000000000
789575,10246998294685,btc_qm_engine,btc_sha256_elapsed_ns,951.0000000000
789576,10246998294904,btc_qm_engine,btc_sha256_elapsed_ns,1000.0000000000
789577,10246998295212,btc_qm_engine,btc_sha256_nonce,2021892601.0000000000
789578,10246998295287,btc_qm_engine,btc_leading_zeros,0.0000000000
789579,10246998295457,btc_qm_engine,btc_sha256_nonce,687363521.0000000000
789580,10246998295540,btc_qm_engine,btc_leading_zeros,0.0000000000
789581,10246998295623,btc_qm_engine,btc_sha256_elapsed_ns,986.0000000000
789582,10246998295749,btc_qm_engine,btc_sha256_elapsed_ns,1063.0000000000
789583,10246998296105,btc_qm_engine,btc_sha256_nonce,2970470326.0000000000
789584,10246998296175,btc_qm_engine,btc_leading_zeros,0.0000000000
789585,10246998296229,btc_qm_engine,btc_sha256_elapsed_ns,910.0000000000
789586,10246998296377,btc_qm_engine,btc_sha256_nonce,3084180097.0000000000
789587,10246998296646,btc_qm_engine,btc_leading_zeros,0.0000000000
789588,10246998296694,btc_qm_engine,btc_sha256_elapsed_ns,876.0000000000
789589,10246998297006,btc_qm_engine,btc_sha256_elapsed_ns,1072.0000000000
789590,10246998297391,btc_qm_engine,btc_sha256_nonce,3250358810.0000000000
789591,10246998297560,btc_qm_engine,btc_sha256_nonce,2301910592.0000000000
789592,10246998297677,btc_qm_engine,btc_sha256_nonce,1427624377.0000000000
789593,10246998297788,btc_qm_engine,btc_leading_zeros,3.0000000000
789594,10246998298026,btc_qm_engine,btc_leading_zeros,1.0000000000
789595,10246998298272,btc_qm_engine,btc_sha256_elapsed_ns,1003.0000000000
789596,10246998298850,btc_qm_engine,btc_sha256_nonce,426463635.0000000000
789597,10246998298927,btc_qm_engine,btc_leading_zeros,0.0000000000
789598,10246998299130,btc_qm_engine,btc_sha256_elapsed_ns,1020.0000000000
789599,10246998299509,btc_qm_engine,btc_sha256_nonce,1782664945.0000000000
789600,10246998299984,btc_qm_engine,btc_leading_zeros,0.0000000000
789601,10246998300035,btc_qm_engine,btc_sha256_elapsed_ns,1063.0000000000
789602,10246998300333,btc_qm_engine,btc_sha256_nonce,756557195.0000000000
789603,10246998300412,btc_qm_engine,btc_leading_zeros,2.0000000000
789604,10246998300484,btc_qm_engine,btc_sha256_elapsed_ns,1063.0000000000
789605,10246998300634,btc_qm_engine,btc_sha256_nonce,1919148576.0000000000
789606,10246998300973,btc_qm_engine,btc_sha256_nonce,2354011020.0000000000
789607,10246998301051,btc_qm_engine,btc_leading_zeros,0.0000000000
789608,10246998301189,btc_qm_engine,btc_sha256_elapsed_ns,748.0000000000
789609,10246998301425,btc_qm_engine,btc_sha256_elapsed_ns,1102.0000000000
789610,10246998301650,btc_qm_engine,btc_leading_zeros,0.0000000000
789611,10246998301783,btc_qm_engine,btc_sha256_nonce,532161326.0000000000
789612,10246998301873,btc_qm_engine,btc_leading_zeros,0.0000000000
789613,10246998301939,btc_qm_engine,btc_sha256_elapsed_ns,1033.0000000000
789614,10246998302089,btc_qm_engine,btc_sha256_elapsed_ns,951.0000000000
789615,10246998302783,btc_qm_engine,btc_sha256_nonce,4275542705.0000000000
789616,10246998302864,btc_qm_engine,btc_leading_zeros,0.0000000000
789617,10246998302953,btc_qm_engine,btc_sha256_elapsed_ns,1095.0000000000
789618,10246998303098,btc_qm_engine,btc_sha256_nonce,3028271351.0000000000
789619,10246998303328,btc_qm_engine,btc_sha256_nonce,1779635801.0000000000
789620,10246998303440,btc_qm_engine,btc_leading_zeros,0.0000000000
789621,10246998303515,btc_qm_engine,btc_sha256_elapsed_ns,1099.0000000000
789622,10246998303673,btc_qm_engine,btc_leading_zeros,1.0000000000
789623,10246998304028,btc_qm_engine,btc_sha256_nonce,3114091959.0000000000
789624,10246998304163,btc_qm_engine,btc_sha256_elapsed_ns,1005.0000000000
789625,10246998304739,btc_qm_engine,btc_sha256_nonce,1810787767.0000000000
789626,10246998305144,btc_qm_engine,btc_sha256_nonce,3859016825.0000000000
789627,10246998305218,btc_qm_engine,btc_leading_zeros,0.0000000000
789628,10246998305269,btc_qm_engine,btc_sha256_elapsed_ns,858.0000000000
789629,10246998305403,btc_qm_engine,btc_leading_zeros,4.0000000000
789630,10246998305535,btc_qm_engine,btc_leading_zeros,0.0000000000
789631,10246998305609,btc_qm_engine,btc_sha256_elapsed_ns,965.0000000000
789632,10246998305819,btc_qm_engine,btc_sha256_elapsed_ns,733.0000000000
789633,10246998306459,btc_qm_engine,btc_leading_zeros,1.0000000000
789634,10246998306609,btc_qm_engine,btc_sha256_nonce,949124618.0000000000
789635,10246998306801,btc_qm_engine,btc_sha256_elapsed_ns,1100.0000000000
789636,10246998307144,btc_qm_engine,btc_sha256_nonce,2360226201.0000000000
789637,10246998307278,btc_qm_engine,btc_leading_zeros,2.0000000000
789638,10246998307538,btc_qm_engine,btc_sha256_nonce,125858746.0000000000
789639,10246998307713,btc_qm_engine,btc_leading_zeros,4.0000000000
789640,10246998307905,btc_qm_engine,btc_leading_zeros,3.0000000000
789641,10246998308009,btc_qm_engine,btc_sha256_elapsed_ns,1050.0000000000
789642,10246998308159,btc_qm_engine,btc_sha256_nonce,1801889011.0000000000
789643,10246998308346,btc_qm_engine,btc_sha256_nonce,2760715801.0000000000
789644,10246998308624,btc_qm_engine,btc_sha256_elapsed_ns,1043.0000000000
789645,10246998308812,btc_qm_engine,btc_leading_zeros,4.0000000000
789646,10246998308915,btc_qm_engine,btc_sha256_elapsed_ns,874.0000000000
789647,10246998309343,btc_qm_engine,btc_sha256_elapsed_ns,924.0000000000
789648,10246998309468,btc_qm_engine,btc_sha256_elapsed_ns,1001.0000000000
789649,10246998309946,btc_qm_engine,btc_leading_zeros,0.0000000000
789650,10246998310143,btc_qm_engine,btc_sha256_nonce,1392764614.0000000000
789651,10246998310292,btc_qm_engine,btc_leading_zeros,0.0000000000
789652,10246998310380,btc_qm_engine,btc_sha256_elapsed_ns,976.0000000000
789653,10246998310483,btc_qm_engine,btc_sha256_nonce,3475683110.0000000000
789654,10246998310639,btc_qm_engine,btc_sha256_elapsed_ns,839.0000000000
789655,10246998310828,btc_qm_engine,btc_sha256_nonce,2187476577.0000000000
789656,10246998310948,btc_qm_engine,btc_leading_zeros,0.0000000000
789657,10246998311188,btc_qm_engine,btc_sha256_nonce,66720357.0000000000
789658,10246998311438,btc_qm_engine,btc_leading_zeros,3.0000000000
789659,10246998311541,btc_qm_engine,btc_sha256_nonce,2360887492.0000000000
789660,10246998311780,btc_qm_engine,btc_sha256_nonce,583202666.0000000000
789661,10246998311940,btc_qm_engine,btc_sha256_elapsed_ns,1076.0000000000
789662,10246998312190,btc_qm_engine,btc_sha256_elapsed_ns,1040.0000000000
789663,10246998312321,btc_qm_engine,btc_sha256_nonce,2489699728.0000000000
789664,10246998312395,btc_qm_engine,btc_leading_zeros,1.0000000000
789665,10246998312464,btc_qm_engine,btc_sha256_elapsed_ns,1134.0000000000
789666,10246998312811,btc_qm_engine,btc_leading_zeros,2.0000000000
789667,10246998313175,btc_qm_engine,btc_sha256_elapsed_ns,1090.0000000000
789668,10246998313362,btc_qm_engine,btc_sha256_nonce,2265822143.0000000000
789669,10246998313479,btc_qm_engine,btc_sha256_nonce,1132114959.0000000000
789670,10246998313550,btc_qm_engine,btc_leading_zeros,0.0000000000
789671,10246998313621,btc_qm_engine,btc_sha256_elapsed_ns,847.0000000000
789672,10246998313747,btc_qm_engine,btc_leading_zeros,4.0000000000
789673,10246998313872,btc_qm_engine,btc_sha256_nonce,3083950088.0000000000
789674,10246998314137,btc_qm_engine,btc_sha256_nonce,3846794833.0000000000
789675,10246998314220,btc_qm_engine,btc_leading_zeros,1.0000000000
789676,10246998314462,btc_qm_engine,btc_leading_zeros,1.0000000000
789677,10246998314637,btc_qm_engine,btc_sha256_nonce,2360287274.0000000000
789678,10246998314775,btc_qm_engine,btc_leading_zeros,0.0000000000
789679,10246998314937,btc_qm_engine,btc_sha256_nonce,1845483042.0000000000
789680,10246998315381,btc_qm_engine,btc_leading_zeros,2.0000000000
789681,10246998315470,btc_qm_engine,btc_sha256_elapsed_ns,1053.0000000000
789682,10246998315591,btc_qm_engine,btc_sha256_elapsed_ns,1006.0000000000
789683,10246998315764,btc_qm_engine,btc_leading_zeros,0.0000000000
789684,10246998316135,btc_qm_engine,btc_sha256_elapsed_ns,970.0000000000
789685,10246998316776,btc_qm_engine,btc_sha256_nonce,2542550054.0000000000
789686,10246998316861,btc_qm_engine,btc_leading_zeros,4.0000000000
789687,10246998316928,btc_qm_engine,btc_sha256_elapsed_ns,1033.0000000000
789688,10246998317042,btc_qm_engine,btc_sha256_elapsed_ns,746.0000000000
789689,10246998317474,btc_qm_engine,btc_leading_zeros,0.0000000000
789690,10246998317974,btc_qm_engine,btc_sha256_nonce,3420896417.0000000000
789691,10246998318098,btc_qm_engine,btc_sha256_elapsed_ns,808.0000000000
789692,10246998318317,btc_qm_engine,btc_sha256_nonce,2849119035.0000000000
789693,10246998318455,btc_qm_engine,btc_leading_zeros,2.0000000000
789694,10246998318547,btc_qm_engine,btc_sha256_elapsed_ns,1097.0000000000
789695,10246998318734,btc_qm_engine,btc_leading_zeros,0.0000000000
789696,10246998318857,btc_qm_engine,btc_sha256_elapsed_ns,869.0000000000
789697,10246998319195,btc_qm_engine,btc_sha256_nonce,2427286405.0000000000
789698,10246998319308,btc_qm_engine,btc_sha256_nonce,3704936148.0000000000
789699,10246998319435,btc_qm_engine,btc_leading_zeros,0.0000000000
789700,10246998319571,btc_qm_engine,btc_leading_zeros,3.0000000000
789701,10246998319652,btc_qm_engine,btc_sha256_elapsed_ns,1007.0000000000
789702,10246998319875,btc_qm_engine,btc_sha256_nonce,4271919359.0000000000
789703,10246998320030,btc_qm_engine,btc_sha256_nonce,3811008123.0000000000
789704,10246998320123,btc_qm_engine,btc_leading_zeros,2.0000000000
789705,10246998320190,btc_qm_engine,btc_sha256_elapsed_ns,1159.0000000000
789706,10246998320420,btc_qm_engine,btc_sha256_elapsed_ns,1018.0000000000
789707,10246998320564,btc_qm_engine,btc_sha256_elapsed_ns,1005.0000000000
789708,10246998320862,btc_qm_engine,btc_leading_zeros,0.0000000000
789709,10246998321384,btc_qm_engine,btc_sha256_nonce,3325703854.0000000000
789710,10246998321529,btc_qm_engine,btc_sha256_elapsed_ns,942.0000000000
789711,10246998321843,btc_qm_engine,btc_sha256_nonce,2911627378.0000000000
789712,10246998321993,btc_qm_engine,btc_leading_zeros,1.0000000000
789713,10246998322253,btc_qm_engine,btc_sha256_nonce,2198614102.0000000000
789714,10246998322348,btc_qm_engine,btc_leading_zeros,2.0000000000
789715,10246998322438,btc_qm_engine,btc_sha256_elapsed_ns,1044.0000000000
789716,10246998322676,btc_qm_engine,btc_sha256_elapsed_ns,1002.0000000000
789717,10246998322866,btc_qm_engine,btc_sha256_nonce,1504198017.0000000000
789718,10246998322940,btc_qm_engine,btc_leading_zeros,0.0000000000
789719,10246998322993,btc_qm_engine,btc_sha256_elapsed_ns,785.0000000000
789720,10246998323960,btc_qm_engine,btc_sha256_nonce,443655009.0000000000
789721,10246998324027,btc_qm_engine,btc_leading_zeros,0.0000000000
789722,10246998324088,btc_qm_engine,btc_sha256_elapsed_ns,808.0000000000
789723,10246998324478,btc_qm_engine,btc_sha256_nonce,2487679129.0000000000
789724,10246998324884,btc_qm_engine,btc_leading_zeros,3.0000000000
789725,10246998325069,btc_qm_engine,btc_leading_zeros,4.0000000000
789726,10246998325200,btc_qm_engine,btc_sha256_nonce,2704170711.0000000000
789727,10246998325781,btc_qm_engine,btc_sha256_elapsed_ns,1078.0000000000
789728,10246998325904,btc_qm_engine,btc_leading_zeros,0.0000000000
789729,10246998326119,btc_qm_engine,btc_sha256_elapsed_ns,860.0000000000
789730,10246998326542,btc_qm_engine,btc_sha256_nonce,1652476369.0000000000
789731,10246998326904,btc_qm_engine,btc_leading_zeros,0.0000000000
789732,10246998326982,btc_qm_engine,btc_sha256_elapsed_ns,959.0000000000
789733,10246998327371,btc_qm_engine,btc_sha256_nonce,1845285392.0000000000
789734,10246998327617,btc_qm_engine,btc_sha256_elapsed_ns,982.0000000000
789735,10246998327802,btc_qm_engine,btc_sha256_nonce,911695899.0000000000
789736,10246998328201,btc_qm_engine,btc_sha256_nonce,350558085.0000000000
789737,10246998328450,btc_qm_engine,btc_leading_zeros,0.0000000000
789738,10246998328863,btc_qm_engine,btc_sha256_nonce,1316113474.0000000000
789739,10246998329205,btc_qm_engine,btc_sha256_elapsed_ns,1038.0000000000
789740,10246998329391,btc_qm_engine,btc_leading_zeros,0.0000000000
789741,10246998329871,btc_qm_engine,btc_sha256_nonce,3859213028.0000000000
789742,10246998330188,btc_qm_engine,btc_leading_zeros,0.0000000000
789743,10246998330289,btc_qm_engine,btc_sha256_elapsed_ns,929.0000000000
789744,10246998330629,btc_qm_engine,btc_sha256_nonce,56255371.0000000000
789745,10246998331311,btc_qm_engine,btc_sha256_nonce,2289537485.0000000000
789746,10246998331885,btc_qm_engine,btc_leading_zeros,1.0000000000
789747,10246998332138,btc_qm_engine,btc_sha256_elapsed_ns,1104.0000000000
789748,10246998333108,btc_qm_engine,btc_sha256_nonce,635628583.0000000000
789749,10246998333158,btc_qm_engine,btc_leading_zeros,1.0000000000
789750,10246998333209,btc_qm_engine,btc_sha256_elapsed_ns,810.0000000000
789751,10246998334031,btc_qm_engine,btc_sha256_nonce,1472982989.0000000000
789752,10246998334119,btc_qm_engine,btc_leading_zeros,0.0000000000
789753,10246998334216,btc_qm_engine,btc_sha256_elapsed_ns,768.0000000000
789754,10246998334393,btc_qm_engine,btc_leading_zeros,2.0000000000
789755,10246998334714,btc_qm_engine,btc_sha256_nonce,624492159.0000000000
789756,10246998335057,btc_qm_engine,btc_leading_zeros,0.0000000000
789757,10246998335404,btc_qm_engine,btc_sha256_elapsed_ns,816.0000000000
789758,10246998335647,btc_qm_engine,btc_leading_zeros,4.0000000000
789759,10246998335965,btc_qm_engine,btc_sha256_elapsed_ns,1011.0000000000
789760,10246998336570,btc_qm_engine,btc_sha256_elapsed_ns,1040.0000000000
789761,10246998336875,btc_qm_engine,btc_sha256_nonce,957037444.0000000000
789762,10246998337114,btc_qm_engine,btc_leading_zeros,0.0000000000
789763,10246998337465,btc_qm_engine,btc_sha256_elapsed_ns,794.0000000000
789764,10246998337623,btc_qm_engine,btc_sha256_nonce,3530495149.0000000000
789765,10246998337872,btc_qm_engine,btc_sha256_nonce,2781393387.0000000000
789766,10246998338063,btc_qm_engine,btc_sha256_nonce,3084081081.0000000000
789767,10246998338447,btc_qm_engine,btc_leading_zeros,4.0000000000
789768,10246998338646,btc_qm_engine,btc_leading_zeros,4.0000000000
789769,10246998338942,btc_qm_engine,btc_sha256_nonce,3953021610.0000000000
789770,10246998339094,btc_qm_engine,btc_sha256_nonce,1558874467.0000000000
789771,10246998339285,btc_qm_engine,btc_leading_zeros,1.0000000000
789772,10246998339639,btc_qm_engine,btc_leading_zeros,0.0000000000
789773,10246998340077,btc_qm_engine,btc_sha256_elapsed_ns,1085.0000000000
789774,10246998340344,btc_qm_engine,btc_leading_zeros,0.0000000000
789775,10246998340513,btc_qm_engine,btc_sha256_elapsed_ns,1067.0000000000
789776,10246998340643,btc_qm_engine,btc_sha256_elapsed_ns,1110.0000000000
789777,10246998340766,btc_qm_engine,btc_sha256_elapsed_ns,765.0000000000
789778,10246998341701,btc_qm_engine,btc_sha256_nonce,2751162950.0000000000
789779,10246998341813,btc_qm_engine,btc_sha256_nonce,3417344231.0000000000
789780,10246998342008,btc_qm_engine,btc_sha256_nonce,3545306680.0000000000
789781,10246998342359,btc_qm_engine,btc_leading_zeros,0.0000000000
789782,10246998342557,btc_qm_engine,btc_leading_zeros,3.0000000000
789783,10246998342690,btc_qm_engine,btc_leading_zeros,0.0000000000
789784,10246998342818,btc_qm_engine,btc_sha256_elapsed_ns,840.0000000000
789785,10246998342942,btc_qm_engine,btc_sha256_elapsed_ns,746.0000000000
789786,10246998343065,btc_qm_engine,btc_leading_zeros,2.0000000000
789787,10246998343494,btc_qm_engine,btc_sha256_elapsed_ns,1115.0000000000
789788,10246998343870,btc_qm_engine,btc_sha256_nonce,713866579.0000000000
789789,10246998343946,btc_qm_engine,btc_leading_zeros,3.0000000000
789790,10246998343999,btc_qm_engine,btc_sha256_elapsed_ns,797.0000000000
789791,10246998344249,btc_qm_engine,btc_sha256_nonce,1726027734.0000000000
789792,10246998344323,btc_qm_engine,btc_leading_zeros,0.0000000000
789793,10246998344393,btc_qm_engine,btc_sha256_elapsed_ns,1068.0000000000
789794,10246998344866,btc_qm_engine,btc_sha256_elapsed_ns,767.0000000000
789795,10246998345109,btc_qm_engine,btc_sha256_nonce,3399784328.0000000000
789796,10246998345589,btc_qm_engine,btc_sha256_nonce,736108025.0000000000
789797,10246998345663,btc_qm_engine,btc_leading_zeros,0.0000000000
789798,10246998345970,btc_qm_engine,btc_sha256_elapsed_ns,949.0000000000
789799,10246998346191,btc_qm_engine,btc_sha256_elapsed_ns,973.0000000000
789800,10246998347282,btc_qm_engine,btc_sha256_nonce,1848849413.0000000000
789801,10246998347346,btc_qm_engine,btc_leading_zeros,0.0000000000
789802,10246998347452,btc_qm_engine,btc_sha256_elapsed_ns,1133.0000000000
789803,10246998347802,btc_qm_engine,btc_sha256_nonce,848677749.0000000000
789804,10246998348335,btc_qm_engine,btc_sha256_nonce,2612500039.0000000000
789805,10246998348465,btc_qm_engine,btc_sha256_elapsed_ns,982.0000000000
789806,10246998348602,btc_qm_engine,btc_leading_zeros,3.0000000000
789807,10246998348683,btc_qm_engine,btc_sha256_elapsed_ns,1149.0000000000
789808,10246998348857,btc_qm_engine,btc_leading_zeros,1.0000000000
789809,10246998349051,btc_qm_engine,btc_sha256_nonce,3941456904.0000000000
789810,10246998349129,btc_qm_engine,btc_leading_zeros,2.0000000000
789811,10246998349263,btc_qm_engine,btc_sha256_elapsed_ns,783.0000000000
789812,10246998349447,btc_qm_engine,btc_sha256_elapsed_ns,1137.0000000000
789813,10246998349639,btc_qm_engine,btc_sha256_nonce,3083077750.0000000000
789814,10246998349796,btc_qm_engine,btc_sha256_nonce,3097865276.0000000000
789815,10246998349866,btc_qm_engine,btc_leading_zeros,0.0000000000
789816,10246998349939,btc_qm_engine,btc_sha256_elapsed_ns,781.0000000000
789817,10246998350214,btc_qm_engine,btc_sha256_nonce,3360866392.0000000000
789818,10246998350295,btc_qm_engine,btc_leading_zeros,1.0000000000
789819,10246998350379,btc_qm_engine,btc_sha256_nonce,3420831289.0000000000
789820,10246998350456,btc_qm_engine,btc_leading_zeros,0.0000000000
789821,10246998350592,btc_qm_engine,btc_sha256_nonce,754857403.0000000000
789822,10246998350671,btc_qm_engine,btc_leading_zeros,1.0000000000
789823,10246998350783,btc_qm_engine,btc_leading_zeros,0.0000000000
789824,10246998351041,btc_qm_engine,btc_sha256_nonce,3584898426.0000000000
789825,10246998351302,btc_qm_engine,btc_sha256_elapsed_ns,745.0000000000
789826,10246998351481,btc_qm_engine,btc_sha256_nonce,3858305460.0000000000
789827,10246998351674,btc_qm_engine,btc_sha256_elapsed_ns,1072.0000000000
789828,10246998352191,btc_qm_engine,btc_sha256_elapsed_ns,991.0000000000
789829,10246998352776,btc_qm_engine,btc_leading_zeros,1.0000000000
789830,10246998353102,btc_qm_engine,btc_sha256_elapsed_ns,972.0000000000
789831,10246998353228,btc_qm_engine,btc_sha256_nonce,2970712222.0000000000
789832,10246998353425,btc_qm_engine,btc_leading_zeros,4.0000000000
789833,10246998353482,btc_qm_engine,btc_sha256_elapsed_ns,754.0000000000
789834,10246998353591,btc_qm_engine,btc_sha256_nonce,120543366.0000000000
789835,10246998353671,btc_qm_engine,btc_leading_zeros,0.0000000000
789836,10246998353877,btc_qm_engine,btc_sha256_nonce,2616386279.0000000000
789837,10246998354133,btc_qm_engine,btc_leading_zeros,1.0000000000
789838,10246998354245,btc_qm_engine,btc_sha256_nonce,2487504554.0000000000
789839,10246998354466,btc_qm_engine,btc_sha256_nonce,2701911892.0000000000
789840,10246998354538,btc_qm_engine,btc_leading_zeros,0.0000000000
789841,10246998354619,btc_qm_engine,btc_sha256_elapsed_ns,730.0000000000
789842,10246998354843,btc_qm_engine,btc_sha256_elapsed_ns,845.0000000000
789843,10246998355017,btc_qm_engine,btc_leading_zeros,0.0000000000
789844,10246998355083,btc_qm_engine,btc_sha256_elapsed_ns,875.0000000000
789845,10246998355282,btc_qm_engine,btc_sha256_elapsed_ns,753.0000000000
789846,10246998355582,btc_qm_engine,btc_sha256_nonce,2360534262.0000000000
789847,10246998355663,btc_qm_engine,btc_leading_zeros,3.0000000000
789848,10246998355716,btc_qm_engine,btc_sha256_elapsed_ns,749.0000000000
789849,10246998356082,btc_qm_engine,btc_sha256_nonce,2487924581.0000000000
789850,10246998356167,btc_qm_engine,btc_leading_zeros,0.0000000000
789851,10246998356218,btc_qm_engine,btc_sha256_elapsed_ns,769.0000000000
789852,10246998356381,btc_qm_engine,btc_sha256_nonce,4261935544.0000000000
789853,10246998356581,btc_qm_engine,btc_sha256_nonce,3083240261.0000000000
789854,10246998356691,btc_qm_engine,btc_leading_zeros,1.0000000000
789855,10246998356844,btc_qm_engine,btc_leading_zeros,0.0000000000
789856,10246998356912,btc_qm_engine,btc_sha256_elapsed_ns,788.0000000000
789857,10246998357158,btc_qm_engine,btc_sha256_nonce,3441599368.0000000000
789858,10246998357296,btc_qm_engine,btc_sha256_elapsed_ns,834.0000000000
789859,10246998357476,btc_qm_engine,btc_sha256_nonce,1026936652.0000000000
789860,10246998357858,btc_qm_engine,btc_leading_zeros,0.0000000000
789861,10246998358058,btc_qm_engine,btc_leading_zeros,0.0000000000
789862,10246998358412,btc_qm_engine,btc_sha256_nonce,3288756109.0000000000
789863,10246998358518,btc_qm_engine,btc_leading_zeros,0.0000000000
789864,10246998358705,btc_qm_engine,btc_sha256_elapsed_ns,769.0000000000
789865,10246998358907,btc_qm_engine,btc_sha256_nonce,3555107771.0000000000
789866,10246998359084,btc_qm_engine,btc_sha256_elapsed_ns,911.0000000000
789867,10246998359298,btc_qm_engine,btc_leading_zeros,1.0000000000
789868,10246998359598,btc_qm_engine,btc_sha256_elapsed_ns,1005.0000000000
789869,10246998359753,btc_qm_engine,btc_sha256_elapsed_ns,851.0000000000
789870,10246998360062,btc_qm_engine,btc_sha256_nonce,697344189.0000000000
789871,10246998360153,btc_qm_engine,btc_sha256_nonce,765733126.0000000000
789872,10246998360907,btc_qm_engine,btc_sha256_nonce,1213909642.0000000000
789873,10246998361095,btc_qm_engine,btc_leading_zeros,1.0000000000
789874,10246998361169,btc_qm_engine,btc_sha256_elapsed_ns,810.0000000000
789875,10246998361535,btc_qm_engine,btc_sha256_elapsed_ns,1144.0000000000
789876,10246998361846,btc_qm_engine,btc_leading_zeros,0.0000000000
789877,10246998362181,btc_qm_engine,btc_sha256_nonce,2549722645.0000000000
789878,10246998362266,btc_qm_engine,btc_leading_zeros,0.0000000000
789879,10246998362317,btc_qm_engine,btc_sha256_elapsed_ns,797.0000000000
789880,10246998362445,btc_qm_engine,btc_sha256_elapsed_ns,823.0000000000
789881,10246998363332,btc_qm_engine,btc_sha256_nonce,2970255545.0000000000
789882,10246998363407,btc_qm_engine,btc_leading_zeros,1.0000000000
789883,10246998363478,btc_qm_engine,btc_sha256_elapsed_ns,769.0000000000
789884,10246998363674,btc_qm_engine,btc_leading_zeros,1.0000000000
789885,10246998363938,btc_qm_engine,btc_sha256_nonce,1214051226.0000000000
789886,10246998364390,btc_qm_engine,btc_sha256_nonce,1226958034.0000000000
789887,10246998364544,btc_qm_engine,btc_sha256_nonce,2156804815.0000000000
789888,10246998364677,btc_qm_engine,btc_leading_zeros,0.0000000000
789889,10246998364754,btc_qm_engine,btc_leading_zeros,3.0000000000
789890,10246998364899,btc_qm_engine,btc_leading_zeros,1.0000000000
789891,10246998365137,btc_qm_engine,btc_sha256_elapsed_ns,1130.0000000000
789892,10246998365301,btc_qm_engine,btc_sha256_elapsed_ns,795.0000000000
789893,10246998365461,btc_qm_engine,btc_leading_zeros,1.0000000000
789894,10246998366141,btc_qm_engine,btc_sha256_elapsed_ns,817.0000000000
789895,10246998366291,btc_qm_engine,btc_sha256_elapsed_ns,794.0000000000
789896,10246998366624,btc_qm_engine,btc_sha256_nonce,1009063743.0000000000
789897,10246998366794,btc_qm_engine,btc_sha256_nonce,2084411644.0000000000
789898,10246998367095,btc_qm_engine,btc_leading_zeros,0.0000000000
789899,10246998367320,btc_qm_engine,btc_sha256_elapsed_ns,968.0000000000
789900,10246998367768,btc_qm_engine,btc_leading_zeros,0.0000000000
789901,10246998367968,btc_qm_engine,btc_sha256_nonce,3534398204.0000000000
789902,10246998368190,btc_qm_engine,btc_sha256_elapsed_ns,1052.0000000000
789903,10246998368475,btc_qm_engine,btc_sha256_nonce,2249171742.0000000000
789904,10246998368737,btc_qm_engine,btc_leading_zeros,1.0000000000
789905,10246998368803,btc_qm_engine,btc_sha256_elapsed_ns,967.0000000000
789906,10246998368870,btc_qm_engine,btc_leading_zeros,0.0000000000
789907,10246998369270,btc_qm_engine,btc_sha256_elapsed_ns,978.0000000000
789908,10246998369606,btc_qm_engine,btc_sha256_nonce,383419188.0000000000
789909,10246998369832,btc_qm_engine,btc_sha256_nonce,4123344047.0000000000
789910,10246998369929,btc_qm_engine,btc_leading_zeros,0.0000000000
789911,10246998370099,btc_qm_engine,btc_leading_zeros,2.0000000000
789912,10246998370210,btc_qm_engine,btc_sha256_elapsed_ns,1143.0000000000
789913,10246998370335,btc_qm_engine,btc_sha256_nonce,3368366864.0000000000
789914,10246998370512,btc_qm_engine,btc_sha256_elapsed_ns,815.0000000000
789915,10246998370673,btc_qm_engine,btc_sha256_nonce,3892237160.0000000000
789916,10246998370836,btc_qm_engine,btc_leading_zeros,1.0000000000
789917,10246998370916,btc_qm_engine,btc_sha256_elapsed_ns,750.0000000000
789918,10246998371107,btc_qm_engine,btc_leading_zeros,4.0000000000
789919,10246998371426,btc_qm_engine,btc_sha256_elapsed_ns,817.0000000000
789920,10246998371564,btc_qm_engine,btc_sha256_nonce,1773755716.0000000000
789921,10246998371664,btc_qm_engine,btc_sha256_elapsed_ns,1121.0000000000
789922,10246998371991,btc_qm_engine,btc_leading_zeros,1.0000000000
789923,10246998372413,btc_qm_engine,btc_sha256_nonce,2075586215.0000000000
789924,10246998372618,btc_qm_engine,btc_sha256_elapsed_ns,1016.0000000000
789925,10246998373117,btc_qm_engine,btc_sha256_nonce,3792076744.0000000000
789926,10246998373253,btc_qm_engine,btc_leading_zeros,0.0000000000
789927,10246998373366,btc_qm_engine,btc_sha256_elapsed_ns,983.0000000000
789928,10246998373757,btc_qm_engine,btc_sha256_nonce,1235503212.0000000000
789929,10246998374125,btc_qm_engine,btc_leading_zeros,1.0000000000
789930,10246998374185,btc_qm_engine,btc_sha256_elapsed_ns,930.0000000000
789931,10246998374681,btc_qm_engine,btc_sha256_nonce,2632274563.0000000000
789932,10246998374757,btc_qm_engine,btc_leading_zeros,0.0000000000
789933,10246998374831,btc_qm_engine,btc_sha256_elapsed_ns,1075.0000000000
789934,10246998375029,btc_qm_engine,btc_sha256_nonce,1951775221.0000000000
789935,10246998375103,btc_qm_engine,btc_leading_zeros,0.0000000000
789936,10246998375242,btc_qm_engine,btc_sha256_elapsed_ns,1062.0000000000
789937,10246998375699,btc_qm_engine,btc_sha256_nonce,1219380683.0000000000
789938,10246998376000,btc_qm_engine,btc_leading_zeros,0.0000000000
789939,10246998376051,btc_qm_engine,btc_sha256_elapsed_ns,792.0000000000
789940,10246998376164,btc_qm_engine,btc_sha256_nonce,3319433687.0000000000
789941,10246998376745,btc_qm_engine,btc_leading_zeros,4.0000000000
789942,10246998376933,btc_qm_engine,btc_sha256_nonce,4155915737.0000000000
789943,10246998377014,btc_qm_engine,btc_leading_zeros,0.0000000000
789944,10246998377140,btc_qm_engine,btc_sha256_elapsed_ns,980.0000000000
789945,10246998377242,btc_qm_engine,btc_sha256_nonce,3269969303.0000000000
789946,10246998377404,btc_qm_engine,btc_sha256_elapsed_ns,1034.0000000000
789947,10246998377769,btc_qm_engine,btc_leading_zeros,0.0000000000
789948,10246998378114,btc_qm_engine,btc_sha256_elapsed_ns,740.0000000000
789949,10246998378291,btc_qm_engine,btc_leading_zeros,1.0000000000
789950,10246998378499,btc_qm_engine,btc_sha256_nonce,2946100589.0000000000
789951,10246998378599,btc_qm_engine,btc_leading_zeros,2.0000000000
789952,10246998378665,btc_qm_engine,btc_sha256_elapsed_ns,1096.0000000000
789953,10246998379104,btc_qm_engine,btc_sha256_nonce,1171704844.0000000000
789954,10246998379226,btc_qm_engine,btc_sha256_nonce,3178336687.0000000000
789955,10246998379305,btc_qm_engine,btc_leading_zeros,1.0000000000
789956,10246998379357,btc_qm_engine,btc_sha256_elapsed_ns,886.0000000000
789957,10246998379716,btc_qm_engine,btc_sha256_nonce,3083018059.0000000000
789958,10246998379836,btc_qm_engine,btc_leading_zeros,3.0000000000
789959,10246998379910,btc_qm_engine,btc_sha256_elapsed_ns,813.0000000000
789960,10246998380055,btc_qm_engine,btc_leading_zeros,0.0000000000
789961,10246998380122,btc_qm_engine,btc_sha256_elapsed_ns,1086.0000000000
789962,10246998380274,btc_qm_engine,btc_sha256_nonce,752922558.0000000000
789963,10246998380373,btc_qm_engine,btc_leading_zeros,0.0000000000
789964,10246998380426,btc_qm_engine,btc_sha256_elapsed_ns,719.0000000000
789965,10246998381005,btc_qm_engine,btc_sha256_nonce,2360748787.0000000000
789966,10246998381121,btc_qm_engine,btc_sha256_nonce,1721948510.0000000000
789967,10246998381476,btc_qm_engine,btc_sha256_nonce,64386979.0000000000
789968,10246998381629,btc_qm_engine,btc_leading_zeros,1.0000000000
789969,10246998381740,btc_qm_engine,btc_leading_zeros,1.0000000000
789970,10246998381957,btc_qm_engine,btc_leading_zeros,0.0000000000
789971,10246998382242,btc_qm_engine,btc_leading_zeros,0.0000000000
789972,10246998382657,btc_qm_engine,btc_sha256_elapsed_ns,754.0000000000
789973,10246998382996,btc_qm_engine,btc_sha256_elapsed_ns,767.0000000000
789974,10246998383647,btc_qm_engine,btc_sha256_nonce,3647227004.0000000000
789975,10246998383727,btc_qm_engine,btc_leading_zeros,0.0000000000
789976,10246998383794,btc_qm_engine,btc_sha256_elapsed_ns,1079.0000000000
789977,10246998384056,btc_qm_engine,btc_sha256_nonce,2190420385.0000000000
789978,10246998384124,btc_qm_engine,btc_leading_zeros,0.0000000000
789979,10246998384177,btc_qm_engine,btc_sha256_elapsed_ns,805.0000000000
789980,10246998384300,btc_qm_engine,btc_sha256_nonce,3083146183.0000000000
789981,10246998384373,btc_qm_engine,btc_leading_zeros,2.0000000000
789982,10246998384452,btc_qm_engine,btc_sha256_elapsed_ns,1085.0000000000
789983,10246998384620,btc_qm_engine,btc_sha256_elapsed_ns,799.0000000000
789984,10246998385127,btc_qm_engine,btc_sha256_nonce,1098460883.0000000000
789985,10246998385205,btc_qm_engine,btc_leading_zeros,1.0000000000
789986,10246998385264,btc_qm_engine,btc_sha256_elapsed_ns,1085.0000000000
789987,10246998385376,btc_qm_engine,btc_sha256_nonce,1575744461.0000000000
789988,10246998385457,btc_qm_engine,btc_leading_zeros,0.0000000000
789989,10246998385511,btc_qm_engine,btc_sha256_elapsed_ns,984.0000000000
789990,10246998385739,btc_qm_engine,btc_sha256_nonce,2382655531.0000000000
789991,10246998385926,btc_qm_engine,btc_sha256_nonce,3083515845.0000000000
789992,10246998386337,btc_qm_engine,btc_leading_zeros,2.0000000000
789993,10246998386524,btc_qm_engine,btc_sha256_nonce,1082144734.0000000000
789994,10246998386843,btc_qm_engine,btc_leading_zeros,2.0000000000
789995,10246998387019,btc_qm_engine,btc_sha256_elapsed_ns,1087.0000000000
789996,10246998387595,btc_qm_engine,btc_leading_zeros,1.0000000000
789997,10246998387712,btc_qm_engine,btc_sha256_elapsed_ns,820.0000000000
789998,10246998387992,btc_qm_engine,btc_sha256_elapsed_ns,1002.0000000000
789999,10246998388871,btc_qm_engine,btc_sha256_nonce,3189226033.0000000000
790000,10246998388954,btc_qm_engine,btc_leading_zeros,2.0000000000
790001,10246998389025,btc_qm_engine,btc_sha256_elapsed_ns,1114.0000000000
790002,10246998389259,btc_qm_engine,btc_sha256_nonce,2557037476.0000000000
790003,10246998389337,btc_qm_engine,btc_leading_zeros,0.0000000000
790004,10246998389396,btc_qm_engine,btc_sha256_elapsed_ns,905.0000000000
790005,10246998389517,btc_qm_engine,btc_sha256_nonce,1213663136.0000000000
790006,10246998389621,btc_qm_engine,btc_leading_zeros,4.0000000000
790007,10246998389701,btc_qm_engine,btc_sha256_elapsed_ns,1215.0000000000
790008,10246998389974,btc_qm_engine,btc_sha256_elapsed_ns,907.0000000000
790009,10246998390380,btc_qm_engine,btc_sha256_nonce,3083764162.0000000000
790010,10246998390917,btc_qm_engine,btc_sha256_nonce,3711807251.0000000000
790011,10246998391105,btc_qm_engine,btc_sha256_nonce,2106086521.0000000000
790012,10246998391304,btc_qm_engine,btc_leading_zeros,3.0000000000
790013,10246998391361,btc_qm_engine,btc_sha256_elapsed_ns,791.0000000000
790014,10246998391488,btc_qm_engine,btc_leading_zeros,0.0000000000
790015,10246998391623,btc_qm_engine,btc_sha256_nonce,2313555987.0000000000
790016,10246998391699,btc_qm_engine,btc_leading_zeros,0.0000000000
790017,10246998391785,btc_qm_engine,btc_sha256_elapsed_ns,1037.0000000000
790018,10246998391962,btc_qm_engine,btc_sha256_elapsed_ns,1043.0000000000
790019,10246998392275,btc_qm_engine,btc_leading_zeros,0.0000000000
790020,10246998392401,btc_qm_engine,btc_sha256_nonce,1869863724.0000000000
790021,10246998392472,btc_qm_engine,btc_leading_zeros,3.0000000000
790022,10246998392536,btc_qm_engine,btc_sha256_elapsed_ns,775.0000000000
790023,10246998392716,btc_qm_engine,btc_sha256_elapsed_ns,1087.0000000000
790024,10246998393215,btc_qm_engine,btc_sha256_elapsed_ns,858.0000000000
790025,10246998393422,btc_qm_engine,btc_sha256_nonce,1213223615.0000000000
790026,10246998393550,btc_qm_engine,btc_sha256_nonce,2746795509.0000000000
790027,10246998393621,btc_qm_engine,btc_leading_zeros,1.0000000000
790028,10246998393672,btc_qm_engine,btc_sha256_elapsed_ns,767.0000000000
790029,10246998393819,btc_qm_engine,btc_leading_zeros,0.0000000000
790030,10246998393907,btc_qm_engine,btc_sha256_elapsed_ns,1036.0000000000
790031,10246998393969,btc_qm_engine,btc_sha256_nonce,3033313205.0000000000
790032,10246998394048,btc_qm_engine,btc_leading_zeros,2.0000000000
790033,10246998394135,btc_qm_engine,btc_sha256_elapsed_ns,1038.0000000000
790034,10246998394663,btc_qm_engine,btc_sha256_nonce,3387481839.0000000000
790035,10246998394854,btc_qm_engine,btc_sha256_nonce,2565471852.0000000000
790036,10246998395205,btc_qm_engine,btc_leading_zeros,0.0000000000
790037,10246998395357,btc_qm_engine,btc_sha256_elapsed_ns,836.0000000000
790038,10246998395559,btc_qm_engine,btc_leading_zeros,0.0000000000
790039,10246998395942,btc_qm_engine,btc_sha256_nonce,2298474244.0000000000
790040,10246998396231,btc_qm_engine,btc_sha256_nonce,240044767.0000000000
790041,10246998396577,btc_qm_engine,btc_sha256_elapsed_ns,1066.0000000000
790042,10246998396784,btc_qm_engine,btc_leading_zeros,0.0000000000
790043,10246998396920,btc_qm_engine,btc_leading_zeros,0.0000000000
790044,10246998397203,btc_qm_engine,btc_sha256_nonce,2359941408.0000000000
790045,10246998397283,btc_qm_engine,btc_leading_zeros,0.0000000000
790046,10246998397350,btc_qm_engine,btc_sha256_elapsed_ns,761.0000000000
790047,10246998397423,btc_qm_engine,btc_sha256_elapsed_ns,833.0000000000
790048,10246998397574,btc_qm_engine,btc_sha256_elapsed_ns,1111.0000000000
790049,10246998397898,btc_qm_engine,btc_sha256_nonce,2315606715.0000000000
790050,10246998397975,btc_qm_engine,btc_leading_zeros,1.0000000000
790051,10246998398041,btc_qm_engine,btc_sha256_elapsed_ns,858.0000000000
790052,10246998398292,btc_qm_engine,btc_sha256_nonce,1609190855.0000000000
790053,10246998398362,btc_qm_engine,btc_leading_zeros,2.0000000000
790054,10246998398419,btc_qm_engine,btc_sha256_elapsed_ns,743.0000000000
790055,10246998398923,btc_qm_engine,btc_sha256_nonce,154090507.0000000000
790056,10246998399013,btc_qm_engine,btc_leading_zeros,0.0000000000
790057,10246998399187,btc_qm_engine,btc_sha256_nonce,63042675.0000000000
790058,10246998399382,btc_qm_engine,btc_sha256_nonce,2044666765.0000000000
790059,10246998399457,btc_qm_engine,btc_leading_zeros,0.0000000000
790060,10246998399513,btc_qm_engine,btc_sha256_elapsed_ns,746.0000000000
790061,10246998399607,btc_qm_engine,btc_leading_zeros,4.0000000000
790062,10246998399721,btc_qm_engine,btc_sha256_elapsed_ns,810.0000000000
790063,10246998400110,btc_qm_engine,btc_sha256_elapsed_ns,1070.0000000000
790064,10246998400470,btc_qm_engine,btc_sha256_nonce,2360099341.0000000000
790065,10246998400546,btc_qm_engine,btc_leading_zeros,1.0000000000
790066,10246998400602,btc_qm_engine,btc_sha256_elapsed_ns,743.0000000000
790067,10246998401095,btc_qm_engine,btc_sha256_nonce,2653928333.0000000000
790068,10246998401320,btc_qm_engine,btc_leading_zeros,0.0000000000
790069,10246998401601,btc_qm_engine,btc_sha256_nonce,768774276.0000000000
790070,10246998401673,btc_qm_engine,btc_leading_zeros,4.0000000000
790071,10246998401851,btc_qm_engine,btc_sha256_nonce,2935187058.0000000000
790072,10246998402175,btc_qm_engine,btc_sha256_nonce,563930617.0000000000
790073,10246998402320,btc_qm_engine,btc_leading_zeros,1.0000000000
790074,10246998402978,btc_qm_engine,btc_sha256_elapsed_ns,814.0000000000
790075,10246998403213,btc_qm_engine,btc_sha256_elapsed_ns,1125.0000000000
790076,10246998403512,btc_qm_engine,btc_sha256_nonce,4212754909.0000000000
790077,10246998403849,btc_qm_engine,btc_leading_zeros,0.0000000000
790078,10246998403923,btc_qm_engine,btc_sha256_elapsed_ns,1060.0000000000
790079,10246998404260,btc_qm_engine,btc_sha256_nonce,2360434762.0000000000
790080,10246998404333,btc_qm_engine,btc_leading_zeros,0.0000000000
790081,10246998404385,btc_qm_engine,btc_sha256_elapsed_ns,785.0000000000
790082,10246998404548,btc_qm_engine,btc_sha256_nonce,2213943558.0000000000
790083,10246998404629,btc_qm_engine,btc_leading_zeros,0.0000000000
790084,10246998404697,btc_qm_engine,btc_sha256_elapsed_ns,1082.0000000000
790085,10246998404943,btc_qm_engine,btc_leading_zeros,0.0000000000
790086,10246998405053,btc_qm_engine,btc_sha256_elapsed_ns,893.0000000000
790087,10246998405270,btc_qm_engine,btc_sha256_nonce,1666161365.0000000000
790088,10246998405729,btc_qm_engine,btc_leading_zeros,0.0000000000
790089,10246998405907,btc_qm_engine,btc_sha256_nonce,1214007295.0000000000
790090,10246998405987,btc_qm_engine,btc_leading_zeros,0.0000000000
790091,10246998406146,btc_qm_engine,btc_sha256_nonce,1158555126.0000000000
790092,10246998406445,btc_qm_engine,btc_sha256_nonce,1258500129.0000000000
790093,10246998406824,btc_qm_engine,btc_sha256_elapsed_ns,1012.0000000000
790094,10246998407432,btc_qm_engine,btc_sha256_nonce,2855754868.0000000000
790095,10246998407543,btc_qm_engine,btc_leading_zeros,1.0000000000
790096,10246998407592,btc_qm_engine,btc_sha256_elapsed_ns,1035.0000000000
790097,10246998407760,btc_qm_engine,btc_leading_zeros,3.0000000000
790098,10246998408085,btc_qm_engine,btc_sha256_elapsed_ns,758.0000000000
790099,10246998408630,btc_qm_engine,btc_sha256_elapsed_ns,935.0000000000
790100,10246998408781,btc_qm_engine,btc_sha256_nonce,627949230.0000000000
790101,10246998408850,btc_qm_engine,btc_leading_zeros,1.0000000000
790102,10246998408933,btc_qm_engine,btc_sha256_elapsed_ns,1026.0000000000
790103,10246998409038,btc_qm_engine,btc_sha256_nonce,2135996533.0000000000
790104,10246998409233,btc_qm_engine,btc_leading_zeros,0.0000000000
790105,10246998409348,btc_qm_engine,btc_sha256_elapsed_ns,723.0000000000
790106,10246998409475,btc_qm_engine,btc_leading_zeros,0.0000000000
790107,10246998409858,btc_qm_engine,btc_sha256_elapsed_ns,745.0000000000
790108,10246998409955,btc_qm_engine,btc_sha256_nonce,591370257.0000000000
790109,10246998410341,btc_qm_engine,btc_leading_zeros,1.0000000000
790110,10246998410576,btc_qm_engine,btc_sha256_nonce,1776812157.0000000000
790111,10246998410798,btc_qm_engine,btc_sha256_nonce,2486882277.0000000000
790112,10246998411104,btc_qm_engine,btc_sha256_nonce,2270296181.0000000000
790113,10246998411574,btc_qm_engine,btc_sha256_elapsed_ns,1098.0000000000
790114,10246998411686,btc_qm_engine,btc_sha256_elapsed_ns,1086.0000000000
790115,10246998411831,btc_qm_engine,btc_leading_zeros,1.0000000000
790116,10246998411901,btc_qm_engine,btc_sha256_elapsed_ns,722.0000000000
790117,10246998412176,btc_qm_engine,btc_leading_zeros,0.0000000000
790118,10246998412784,btc_qm_engine,btc_sha256_nonce,627628743.0000000000
790119,10246998413218,btc_qm_engine,btc_leading_zeros,0.0000000000
790120,10246998413290,btc_qm_engine,btc_sha256_elapsed_ns,1100.0000000000
790121,10246998413445,btc_qm_engine,btc_sha256_nonce,2487514453.0000000000
790122,10246998413518,btc_qm_engine,btc_leading_zeros,2.0000000000
790123,10246998413586,btc_qm_engine,btc_sha256_elapsed_ns,772.0000000000
790124,10246998413726,btc_qm_engine,btc_sha256_nonce,2140374183.0000000000
790125,10246998413804,btc_qm_engine,btc_leading_zeros,0.0000000000
790126,10246998414200,btc_qm_engine,btc_sha256_nonce,2854998657.0000000000
790127,10246998414514,btc_qm_engine,btc_sha256_nonce,2396144549.0000000000
790128,10246998414728,btc_qm_engine,btc_sha256_nonce,627202658.0000000000
790129,10246998414807,btc_qm_engine,btc_leading_zeros,0.0000000000
790130,10246998414872,btc_qm_engine,btc_sha256_elapsed_ns,1091.0000000000
790131,10246998415192,btc_qm_engine,btc_leading_zeros,0.0000000000
790132,10246998415300,btc_qm_engine,btc_leading_zeros,0.0000000000
790133,10246998415484,btc_qm_engine,btc_sha256_elapsed_ns,1116.0000000000
790134,10246998415700,btc_qm_engine,btc_sha256_elapsed_ns,722.0000000000
790135,10246998415785,btc_qm_engine,btc_sha256_elapsed_ns,846.0000000000
790136,10246998416159,btc_qm_engine,btc_sha256_nonce,4047434543.0000000000
790137,10246998416236,btc_qm_engine,btc_leading_zeros,3.0000000000
790138,10246998416311,btc_qm_engine,btc_sha256_elapsed_ns,1021.0000000000
790139,10246998416649,btc_qm_engine,btc_sha256_nonce,2720508350.0000000000
790140,10246998416719,btc_qm_engine,btc_leading_zeros,0.0000000000
790141,10246998416772,btc_qm_engine,btc_sha256_elapsed_ns,739.0000000000
790142,10246998417109,btc_qm_engine,btc_sha256_nonce,2118556835.0000000000
790143,10246998417184,btc_qm_engine,btc_leading_zeros,2.0000000000
790144,10246998417236,btc_qm_engine,btc_sha256_elapsed_ns,790.0000000000
790145,10246998417684,btc_qm_engine,btc_sha256_nonce,1110960131.0000000000
790146,10246998417855,btc_qm_engine,btc_sha256_nonce,3808656063.0000000000
790147,10246998418175,btc_qm_engine,btc_sha256_nonce,3079943528.0000000000
790148,10246998418247,btc_qm_engine,btc_leading_zeros,0.0000000000
790149,10246998418412,btc_qm_engine,btc_leading_zeros,0.0000000000
790150,10246998418533,btc_qm_engine,btc_sha256_elapsed_ns,799.0000000000
790151,10246998418817,btc_qm_engine,btc_sha256_nonce,788380474.0000000000
790152,10246998419030,btc_qm_engine,btc_sha256_elapsed_ns,738.0000000000
790153,10246998419502,btc_qm_engine,btc_leading_zeros,0.0000000000
790154,10246998419916,btc_qm_engine,btc_sha256_elapsed_ns,1115.0000000000
790155,10246998420342,btc_qm_engine,btc_leading_zeros,0.0000000000
790156,10246998420468,btc_qm_engine,btc_sha256_nonce,86538508.0000000000
790157,10246998420544,btc_qm_engine,btc_leading_zeros,0.0000000000
790158,10246998420606,btc_qm_engine,btc_sha256_elapsed_ns,846.0000000000
790159,10246998420721,btc_qm_engine,btc_sha256_elapsed_ns,1144.0000000000
790160,10246998421114,btc_qm_engine,btc_sha256_elapsed_ns,1093.0000000000
790161,10246998421583,btc_qm_engine,btc_sha256_nonce,190404267.0000000000
790162,10246998421800,btc_qm_engine,btc_sha256_nonce,2487266263.0000000000
790163,10246998421880,btc_qm_engine,btc_leading_zeros,1.0000000000
790164,10246998422069,btc_qm_engine,btc_sha256_nonce,1686019101.0000000000
790165,10246998422382,btc_qm_engine,btc_leading_zeros,2.0000000000
790166,10246998422489,btc_qm_engine,btc_sha256_nonce,114794065.0000000000
790167,10246998422649,btc_qm_engine,btc_leading_zeros,0.0000000000
790168,10246998423115,btc_qm_engine,btc_sha256_elapsed_ns,745.0000000000
790169,10246998423195,btc_qm_engine,btc_sha256_elapsed_ns,733.0000000000
790170,10246998423965,btc_qm_engine,btc_leading_zeros,1.0000000000
790171,10246998424128,btc_qm_engine,btc_leading_zeros,1.0000000000
790172,10246998424348,btc_qm_engine,btc_sha256_elapsed_ns,1125.0000000000
790173,10246998424461,btc_qm_engine,btc_sha256_elapsed_ns,1100.0000000000
790174,10246998424915,btc_qm_engine,btc_sha256_nonce,362333015.0000000000
790175,10246998424994,btc_qm_engine,btc_leading_zeros,0.0000000000
790176,10246998425050,btc_qm_engine,btc_sha256_elapsed_ns,779.0000000000
790177,10246998425232,btc_qm_engine,btc_sha256_nonce,1029626139.0000000000
790178,10246998425380,btc_qm_engine,btc_sha256_elapsed_ns,974.0000000000
790179,10246998425557,btc_qm_engine,btc_leading_zeros,0.0000000000
790180,10246998425668,btc_qm_engine,btc_sha256_elapsed_ns,859.0000000000
790181,10246998425863,btc_qm_engine,btc_sha256_nonce,64894311.0000000000
790182,10246998426161,btc_qm_engine,btc_sha256_nonce,435008735.0000000000
790183,10246998426361,btc_qm_engine,btc_leading_zeros,0.0000000000
790184,10246998426630,btc_qm_engine,btc_sha256_nonce,1163087529.0000000000
790185,10246998426751,btc_qm_engine,btc_leading_zeros,0.0000000000
790186,10246998426809,btc_qm_engine,btc_sha256_elapsed_ns,948.0000000000
790187,10246998426972,btc_qm_engine,btc_sha256_nonce,2360089771.0000000000
790188,10246998427125,btc_qm_engine,btc_sha256_elapsed_ns,1046.0000000000
790189,10246998427373,btc_qm_engine,btc_sha256_nonce,4213554248.0000000000
790190,10246998427592,btc_qm_engine,btc_sha256_nonce,3083337524.0000000000
790191,10246998427976,btc_qm_engine,btc_leading_zeros,0.0000000000
790192,10246998428284,btc_qm_engine,btc_sha256_nonce,628324500.0000000000
790193,10246998428487,btc_qm_engine,btc_leading_zeros,1.0000000000
790194,10246998428661,btc_qm_engine,btc_sha256_elapsed_ns,788.0000000000
790195,10246998428882,btc_qm_engine,btc_sha256_nonce,1214205930.0000000000
790196,10246998429114,btc_qm_engine,btc_sha256_elapsed_ns,1073.0000000000
790197,10246998429503,btc_qm_engine,btc_leading_zeros,1.0000000000
790198,10246998429657,btc_qm_engine,btc_leading_zeros,3.0000000000
790199,10246998429751,btc_qm_engine,btc_sha256_elapsed_ns,935.0000000000
790200,10246998429876,btc_qm_engine,btc_sha256_elapsed_ns,927.0000000000
790201,10246998430203,btc_qm_engine,btc_sha256_nonce,3392592323.0000000000
790202,10246998430277,btc_qm_engine,btc_leading_zeros,0.0000000000
790203,10246998430328,btc_qm_engine,btc_sha256_elapsed_ns,739.0000000000
790204,10246998430531,btc_qm_engine,btc_sha256_nonce,562510433.0000000000
790205,10246998430609,btc_qm_engine,btc_leading_zeros,1.0000000000
790206,10246998430661,btc_qm_engine,btc_sha256_elapsed_ns,38051.0000000000
790207,10246998430799,btc_qm_engine,btc_leading_zeros,1.0000000000
790208,10246998430874,btc_qm_engine,btc_sha256_elapsed_ns,916.0000000000
790209,10246998431062,btc_qm_engine,btc_sha256_nonce,1119714732.0000000000
790210,10246998431298,btc_qm_engine,btc_sha256_nonce,1213790363.0000000000
790211,10246998431651,btc_qm_engine,btc_sha256_nonce,1531502605.0000000000
790212,10246998431720,btc_qm_engine,btc_leading_zeros,0.0000000000
790213,10246998432054,btc_qm_engine,btc_leading_zeros,0.0000000000
790214,10246998432220,btc_qm_engine,btc_sha256_elapsed_ns,749.0000000000
790215,10246998432389,btc_qm_engine,btc_sha256_nonce,2496267002.0000000000
790216,10246998432566,btc_qm_engine,btc_leading_zeros,1.0000000000
790217,10246998432656,btc_qm_engine,btc_sha256_elapsed_ns,1100.0000000000
790218,10246998433201,btc_qm_engine,btc_sha256_nonce,3062960633.0000000000
790219,10246998433457,btc_qm_engine,btc_leading_zeros,3.0000000000
790220,10246998433507,btc_qm_engine,btc_sha256_elapsed_ns,813.0000000000
790221,10246998433651,btc_qm_engine,btc_sha256_nonce,3411372648.0000000000
790222,10246998433724,btc_qm_engine,btc_leading_zeros,0.0000000000
790223,10246998433775,btc_qm_engine,btc_sha256_elapsed_ns,736.0000000000
790224,10246998434479,btc_qm_engine,btc_sha256_nonce,1088957889.0000000000
790225,10246998434603,btc_qm_engine,btc_sha256_nonce,1213729352.0000000000
790226,10246998434786,btc_qm_engine,btc_sha256_nonce,2158767369.0000000000
790227,10246998434918,btc_qm_engine,btc_leading_zeros,0.0000000000
790228,10246998435160,btc_qm_engine,btc_leading_zeros,2.0000000000
790229,10246998435262,btc_qm_engine,btc_sha256_elapsed_ns,992.0000000000
790230,10246998435550,btc_qm_engine,btc_leading_zeros,0.0000000000
790231,10246998435803,btc_qm_engine,btc_sha256_nonce,1963284906.0000000000
790232,10246998436058,btc_qm_engine,btc_sha256_elapsed_ns,723.0000000000
790233,10246998436211,btc_qm_engine,btc_leading_zeros,4.0000000000
790234,10246998436285,btc_qm_engine,btc_sha256_elapsed_ns,1138.0000000000
790235,10246998436503,btc_qm_engine,btc_sha256_nonce,1318954215.0000000000
790236,10246998436576,btc_qm_engine,btc_leading_zeros,0.0000000000
790237,10246998436645,btc_qm_engine,btc_sha256_elapsed_ns,1026.0000000000
790238,10246998437017,btc_qm_engine,btc_sha256_nonce,3581342205.0000000000
790239,10246998437090,btc_qm_engine,btc_leading_zeros,0.0000000000
790240,10246998437160,btc_qm_engine,btc_sha256_elapsed_ns,745.0000000000
790241,10246998437704,btc_qm_engine,btc_sha256_nonce,311051050.0000000000
790242,10246998437797,btc_qm_engine,btc_leading_zeros,2.0000000000
790243,10246998437870,btc_qm_engine,btc_sha256_elapsed_ns,1130.0000000000
790244,10246998437939,btc_qm_engine,btc_sha256_nonce,3897249634.0000000000
790245,10246998438034,btc_qm_engine,btc_leading_zeros,3.0000000000
790246,10246998438164,btc_qm_engine,btc_sha256_nonce,3843756888.0000000000
790247,10246998438377,btc_qm_engine,btc_sha256_elapsed_ns,953.0000000000
790248,10246998438598,btc_qm_engine,btc_leading_zeros,0.0000000000
790249,10246998438674,btc_qm_engine,btc_sha256_elapsed_ns,738.0000000000
790250,10246998438744,btc_qm_engine,btc_sha256_elapsed_ns,1064.0000000000
790251,10246998439024,btc_qm_engine,btc_sha256_nonce,2631144342.0000000000
790252,10246998439095,btc_qm_engine,btc_leading_zeros,0.0000000000
790253,10246998439167,btc_qm_engine,btc_sha256_elapsed_ns,944.0000000000
790254,10246998439649,btc_qm_engine,btc_sha256_nonce,3960793368.0000000000
790255,10246998439722,btc_qm_engine,btc_leading_zeros,0.0000000000
790256,10246998439793,btc_qm_engine,btc_sha256_elapsed_ns,756.0000000000
790257,10246998439973,btc_qm_engine,btc_sha256_nonce,1558057839.0000000000
790258,10246998440053,btc_qm_engine,btc_leading_zeros,0.0000000000
790259,10246998440123,btc_qm_engine,btc_sha256_elapsed_ns,1059.0000000000
790260,10246998440440,btc_qm_engine,btc_sha256_nonce,1213963331.0000000000
790261,10246998440512,btc_qm_engine,btc_sha256_nonce,3084104200.0000000000
790262,10246998440663,btc_qm_engine,btc_leading_zeros,0.0000000000
790263,10246998440812,btc_qm_engine,btc_sha256_nonce,883160903.0000000000
790264,10246998440973,btc_qm_engine,btc_leading_zeros,0.0000000000
790265,10246998441121,btc_qm_engine,btc_sha256_elapsed_ns,785.0000000000
790266,10246998441263,btc_qm_engine,btc_sha256_nonce,1588441056.0000000000
790267,10246998441345,btc_qm_engine,btc_leading_zeros,1.0000000000
790268,10246998441419,btc_qm_engine,btc_sha256_elapsed_ns,883.0000000000
790269,10246998442014,btc_qm_engine,btc_leading_zeros,0.0000000000
790270,10246998442204,btc_qm_engine,btc_sha256_nonce,3724035585.0000000000
790271,10246998442275,btc_qm_engine,btc_leading_zeros,0.0000000000
790272,10246998442391,btc_qm_engine,btc_sha256_elapsed_ns,1166.0000000000
790273,10246998442866,btc_qm_engine,btc_sha256_elapsed_ns,837.0000000000
790274,10246998443429,btc_qm_engine,btc_sha256_nonce,3421383054.0000000000
790275,10246998443501,btc_qm_engine,btc_leading_zeros,1.0000000000
790276,10246998443559,btc_qm_engine,btc_sha256_elapsed_ns,1066.0000000000
790277,10246998443675,btc_qm_engine,btc_sha256_nonce,2620205261.0000000000
790278,10246998443750,btc_qm_engine,btc_leading_zeros,1.0000000000
790279,10246998443800,btc_qm_engine,btc_sha256_elapsed_ns,736.0000000000
790280,10246998444264,btc_qm_engine,btc_leading_zeros,0.0000000000
790281,10246998444539,btc_qm_engine,btc_sha256_nonce,1808930208.0000000000
790282,10246998444774,btc_qm_engine,btc_sha256_elapsed_ns,839.0000000000
790283,10246998444948,btc_qm_engine,btc_leading_zeros,0.0000000000
790284,10246998445701,btc_qm_engine,btc_sha256_nonce,1212953554.0000000000
790285,10246998445837,btc_qm_engine,btc_sha256_elapsed_ns,874.0000000000
790286,10246998446135,btc_qm_engine,btc_leading_zeros,0.0000000000
790287,10246998446221,btc_qm_engine,btc_sha256_elapsed_ns,972.0000000000
790288,10246998446806,btc_qm_engine,btc_sha256_elapsed_ns,1099.0000000000
790289,10246998446934,btc_qm_engine,btc_sha256_nonce,2359843024.0000000000
790290,10246998447010,btc_qm_engine,btc_leading_zeros,4.0000000000
790291,10246998447079,btc_qm_engine,btc_sha256_elapsed_ns,833.0000000000
790292,10246998447565,btc_qm_engine,btc_sha256_nonce,1213285349.0000000000
790293,10246998447648,btc_qm_engine,btc_leading_zeros,1.0000000000
790294,10246998447715,btc_qm_engine,btc_sha256_elapsed_ns,1091.0000000000
790295,10246998448108,btc_qm_engine,btc_sha256_nonce,3475153538.0000000000
790296,10246998448241,btc_qm_engine,btc_sha256_nonce,1615132260.0000000000
790297,10246998448766,btc_qm_engine,btc_leading_zeros,0.0000000000
790298,10246998448962,btc_qm_engine,btc_sha256_nonce,815598427.0000000000
790299,10246998449133,btc_qm_engine,btc_sha256_elapsed_ns,811.0000000000
790300,10246998449377,btc_qm_engine,btc_leading_zeros,2.0000000000
790301,10246998449918,btc_qm_engine,btc_leading_zeros,1.0000000000
790302,10246998450149,btc_qm_engine,btc_sha256_elapsed_ns,974.0000000000
790303,10246998450361,btc_qm_engine,btc_sha256_nonce,350137517.0000000000
790304,10246998450742,btc_qm_engine,btc_sha256_nonce,2043191945.0000000000
790305,10246998450887,btc_qm_engine,btc_leading_zeros,2.0000000000
790306,10246998450962,btc_qm_engine,btc_sha256_elapsed_ns,934.0000000000
790307,10246998451146,btc_qm_engine,btc_sha256_nonce,3383778242.0000000000
790308,10246998451498,btc_qm_engine,btc_leading_zeros,0.0000000000
790309,10246998451621,btc_qm_engine,btc_leading_zeros,0.0000000000
790310,10246998451731,btc_qm_engine,btc_sha256_elapsed_ns,743.0000000000
790311,10246998451839,btc_qm_engine,btc_sha256_elapsed_ns,758.0000000000
790312,10246998452285,btc_qm_engine,btc_sha256_nonce,1122301057.0000000000
790313,10246998452365,btc_qm_engine,btc_leading_zeros,1.0000000000
790314,10246998452431,btc_qm_engine,btc_sha256_elapsed_ns,1032.0000000000
790315,10246998452852,btc_qm_engine,btc_sha256_nonce,2864572399.0000000000
790316,10246998452986,btc_qm_engine,btc_sha256_nonce,2487186635.0000000000
790317,10246998453223,btc_qm_engine,btc_leading_zeros,1.0000000000
790318,10246998453457,btc_qm_engine,btc_sha256_nonce,1880182610.0000000000
790319,10246998453543,btc_qm_engine,btc_leading_zeros,0.0000000000
790320,10246998453686,btc_qm_engine,btc_sha256_elapsed_ns,799.0000000000
790321,10246998454119,btc_qm_engine,btc_sha256_nonce,242129314.0000000000
790322,10246998454262,btc_qm_engine,btc_sha256_elapsed_ns,1099.0000000000
790323,10246998454519,btc_qm_engine,btc_leading_zeros,2.0000000000
790324,10246998454604,btc_qm_engine,btc_sha256_elapsed_ns,1030.0000000000
790325,10246998454948,btc_qm_engine,btc_sha256_elapsed_ns,789.0000000000
790326,10246998455123,btc_qm_engine,btc_sha256_nonce,1963730671.0000000000
790327,10246998455551,btc_qm_engine,btc_leading_zeros,0.0000000000
790328,10246998455607,btc_qm_engine,btc_sha256_elapsed_ns,766.0000000000
790329,10246998455942,btc_qm_engine,btc_sha256_nonce,3151809673.0000000000
790330,10246998456315,btc_qm_engine,btc_leading_zeros,0.0000000000
790331,10246998456676,btc_qm_engine,btc_sha256_nonce,2784661800.0000000000
790332,10246998456814,btc_qm_engine,btc_sha256_nonce,524488261.0000000000
790333,10246998457093,btc_qm_engine,btc_leading_zeros,1.0000000000
790334,10246998457724,btc_qm_engine,btc_leading_zeros,3.0000000000
790335,10246998457860,btc_qm_engine,btc_sha256_elapsed_ns,761.0000000000
790336,10246998458056,btc_qm_engine,btc_leading_zeros,0.0000000000
790337,10246998458232,btc_qm_engine,btc_sha256_elapsed_ns,793.0000000000
790338,10246998458375,btc_qm_engine,btc_sha256_elapsed_ns,1111.0000000000
790339,10246998458482,btc_qm_engine,btc_sha256_elapsed_ns,1109.0000000000
790340,10246998459093,btc_qm_engine,btc_sha256_nonce,3420462853.0000000000
790341,10246998459162,btc_qm_engine,btc_leading_zeros,1.0000000000
790342,10246998459214,btc_qm_engine,btc_sha256_elapsed_ns,767.0000000000
790343,10246998459465,btc_qm_engine,btc_sha256_nonce,2360925276.0000000000
790344,10246998459542,btc_qm_engine,btc_leading_zeros,3.0000000000
790345,10246998459688,btc_qm_engine,btc_sha256_nonce,303751211.0000000000
790346,10246998459882,btc_qm_engine,btc_sha256_nonce,1132156459.0000000000
790347,10246998460011,btc_qm_engine,btc_sha256_nonce,1213871076.0000000000
790348,10246998460228,btc_qm_engine,btc_sha256_nonce,4226568611.0000000000
790349,10246998460623,btc_qm_engine,btc_sha256_elapsed_ns,789.0000000000
790350,10246998461086,btc_qm_engine,btc_leading_zeros,4.0000000000
790351,10246998461196,btc_qm_engine,btc_sha256_elapsed_ns,1080.0000000000
790352,10246998461638,btc_qm_engine,btc_leading_zeros,0.0000000000
790353,10246998461940,btc_qm_engine,btc_sha256_elapsed_ns,1066.0000000000
790354,10246998462262,btc_qm_engine,btc_sha256_nonce,1297014679.0000000000
790355,10246998462344,btc_qm_engine,btc_leading_zeros,0.0000000000
790356,10246998462394,btc_qm_engine,btc_sha256_elapsed_ns,835.0000000000
790357,10246998462581,btc_qm_engine,btc_leading_zeros,3.0000000000
790358,10246998462751,btc_qm_engine,btc_sha256_elapsed_ns,742.0000000000
790359,10246998462938,btc_qm_engine,btc_sha256_nonce,272416405.0000000000
790360,10246998463037,btc_qm_engine,btc_leading_zeros,0.0000000000
790361,10246998463124,btc_qm_engine,btc_sha256_elapsed_ns,754.0000000000
790362,10246998463244,btc_qm_engine,btc_sha256_nonce,1213674786.0000000000
790363,10246998463384,btc_qm_engine,btc_sha256_nonce,1634418535.0000000000
790364,10246998463464,btc_qm_engine,btc_leading_zeros,0.0000000000
790365,10246998463517,btc_qm_engine,btc_sha256_elapsed_ns,738.0000000000
790366,10246998463669,btc_qm_engine,btc_leading_zeros,0.0000000000
790367,10246998463744,btc_qm_engine,btc_sha256_elapsed_ns,1048.0000000000
790368,10246998464153,btc_qm_engine,btc_sha256_nonce,2604206893.0000000000
790369,10246998464224,btc_qm_engine,btc_leading_zeros,2.0000000000
790370,10246998464272,btc_qm_engine,btc_sha256_elapsed_ns,807.0000000000
790371,10246998464543,btc_qm_engine,btc_sha256_nonce,318015171.0000000000
790372,10246998465011,btc_qm_engine,btc_sha256_nonce,2360168367.0000000000
790373,10246998465168,btc_qm_engine,btc_sha256_nonce,1919652968.0000000000
790374,10246998465379,btc_qm_engine,btc_sha256_nonce,4218966175.0000000000
790375,10246998466109,btc_qm_engine,btc_leading_zeros,0.0000000000
790376,10246998466394,btc_qm_engine,btc_leading_zeros,3.0000000000
790377,10246998466487,btc_qm_engine,btc_sha256_elapsed_ns,747.0000000000
790378,10246998466641,btc_qm_engine,btc_sha256_elapsed_ns,842.0000000000
790379,10246998466977,btc_qm_engine,btc_leading_zeros,2.0000000000
790380,10246998467271,btc_qm_engine,btc_sha256_elapsed_ns,1087.0000000000
790381,10246998467395,btc_qm_engine,btc_leading_zeros,0.0000000000
790382,10246998467534,btc_qm_engine,btc_sha256_elapsed_ns,1103.0000000000
790383,10246998467714,btc_qm_engine,btc_sha256_nonce,4208831378.0000000000
790384,10246998467785,btc_qm_engine,btc_leading_zeros,0.0000000000
790385,10246998467839,btc_qm_engine,btc_sha256_elapsed_ns,760.0000000000
790386,10246998468323,btc_qm_engine,btc_sha256_nonce,2716316337.0000000000
790387,10246998468804,btc_qm_engine,btc_sha256_nonce,1265528941.0000000000
790388,10246998468940,btc_qm_engine,btc_sha256_nonce,3444951026.0000000000
790389,10246998469209,btc_qm_engine,btc_leading_zeros,1.0000000000
790390,10246998469428,btc_qm_engine,btc_leading_zeros,1.0000000000
790391,10246998469554,btc_qm_engine,btc_sha256_elapsed_ns,1119.0000000000
790392,10246998469787,btc_qm_engine,btc_leading_zeros,2.0000000000
790393,10246998470235,btc_qm_engine,btc_leading_zeros,0.0000000000
790394,10246998470392,btc_qm_engine,btc_sha256_elapsed_ns,1130.0000000000
790395,10246998470594,btc_qm_engine,btc_sha256_elapsed_ns,1082.0000000000
790396,10246998472174,btc_qm_engine,btc_sha256_elapsed_ns,769.0000000000
790397,10246998477308,btc_qm_engine,btc_leading_zeros,0.0000000000
790398,10246998477653,btc_qm_engine,btc_sha256_elapsed_ns,894.0000000000
790399,10246998531147,btc_qm_engine,btc_sha256_nonce,542692848.0000000000
790400,10246998531782,btc_qm_engine,btc_leading_zeros,1.0000000000
790401,10246998532883,btc_qm_engine,btc_sha256_elapsed_ns,800.0000000000
790402,10246998552830,btc_qm_engine,btc_sha256_elapsed_ns,1004.0000000000
790403,10246998826110,btc_qm_engine,btc_sha256_elapsed_ns,1133.0000000000
