seq,ts_ns,module,key,value
219258215,10842373595007,btc_qm_engine,btc_sha256_elapsed_ns,1462.0000000000
219258216,10842373595121,btc_qm_engine,btc_sha256_nonce,2759320444.0000000000
219258217,10842373595377,btc_qm_engine,btc_sha256_nonce,2246253629.0000000000
219258218,10842373595462,btc_qm_engine,btc_leading_zeros,1.0000000000
219258219,10842373595546,btc_qm_engine,btc_sha256_elapsed_ns,794.0000000000
219258220,10842373595798,btc_qm_engine,btc_leading_zeros,0.0000000000
219258221,10842373596408,btc_qm_engine,btc_sha256_elapsed_ns,1454.0000000000
219258222,10842373596556,btc_qm_engine,btc_sha256_nonce,4074300172.0000000000
219258223,10842373596661,btc_qm_engine,btc_leading_zeros,0.0000000000
219258224,10842373596837,btc_qm_engine,btc_sha256_elapsed_ns,1305.0000000000
219258225,10842373597040,btc_qm_engine,btc_lebesgue_scan_nonce,24.0000000000
219258226,10842373597189,btc_qm_engine,btc_orbital_scan_nonce,2246253191.0000000000
219258227,10842373598314,btc_qm_engine,btc_sha256_nonce,2246253191.0000000000
219258228,10842373598403,btc_qm_engine,btc_leading_zeros,0.0000000000
219258229,10842373598487,btc_qm_engine,btc_sha256_elapsed_ns,794.0000000000
219258230,10842373598653,btc_qm_engine,btc_lebesgue_scan_nonce,22.0000000000
219258231,10842373598879,btc_qm_engine,btc_sha256_nonce,2246268255.0000000000
219258232,10842373599387,btc_qm_engine,btc_sha256_nonce,498254697.0000000000
219258233,10842373599688,btc_qm_engine,btc_sha256_nonce,2246189484.0000000000
219258234,10842373599815,btc_qm_engine,btc_leading_zeros,1.0000000000
219258235,10842373600056,btc_qm_engine,btc_leading_zeros,1.0000000000
219258236,10842373600181,btc_qm_engine,btc_sha256_elapsed_ns,1434.0000000000
219258237,10842373600421,btc_qm_engine,btc_leading_zeros,0.0000000000
219258238,10842373600897,btc_qm_engine,btc_sha256_elapsed_ns,798.0000000000
219258239,10842373601064,btc_qm_engine,btc_sha256_elapsed_ns,1482.0000000000
219258240,10842373601966,btc_qm_engine,btc_sha256_nonce,1864664022.0000000000
219258241,10842373602059,btc_qm_engine,btc_leading_zeros,1.0000000000
219258242,10842373602266,btc_qm_engine,btc_sha256_elapsed_ns,1436.0000000000
219258243,10842373602663,btc_qm_engine,btc_sha256_nonce,80900062.0000000000
219258244,10842373602873,btc_qm_engine,btc_sha256_nonce,1743623065.0000000000
219258245,10842373602969,btc_qm_engine,btc_leading_zeros,0.0000000000
219258246,10842373603179,btc_qm_engine,btc_leading_zeros,4.0000000000
219258247,10842373603493,btc_qm_engine,btc_sha256_elapsed_ns,799.0000000000
219258248,10842373603753,btc_qm_engine,btc_sha256_elapsed_ns,1444.0000000000
219258249,10842373604369,btc_qm_engine,btc_sha256_nonce,934612719.0000000000
219258250,10842373604467,btc_qm_engine,btc_leading_zeros,0.0000000000
219258251,10842373604762,btc_qm_engine,btc_sha256_nonce,3562508088.0000000000
219258252,10842373605102,btc_qm_engine,btc_leading_zeros,1.0000000000
219258253,10842373605182,btc_qm_engine,btc_sha256_elapsed_ns,793.0000000000
219258254,10842373605299,btc_qm_engine,btc_sha256_elapsed_ns,1407.0000000000
219258255,10842373605724,btc_qm_engine,btc_sha256_nonce,200565347.0000000000
219258256,10842373605831,btc_qm_engine,btc_leading_zeros,0.0000000000
219258257,10842373605937,btc_qm_engine,btc_sha256_elapsed_ns,1357.0000000000
219258258,10842373606222,btc_qm_engine,btc_sha256_nonce,2388904058.0000000000
219258259,10842373606312,btc_qm_engine,btc_leading_zeros,1.0000000000
219258260,10842373606371,btc_qm_engine,btc_sha256_elapsed_ns,799.0000000000
219258261,10842373606524,btc_qm_engine,btc_lebesgue_scan_nonce,10.0000000000
219258262,10842373607488,btc_qm_engine,btc_sha256_nonce,2246402904.0000000000
219258263,10842373607710,btc_qm_engine,btc_sha256_nonce,2247358787.0000000000
219258264,10842373607827,btc_qm_engine,btc_leading_zeros,0.0000000000
219258265,10842373607998,btc_qm_engine,btc_sha256_nonce,1177809868.0000000000
219258266,10842373608111,btc_qm_engine,btc_sha256_elapsed_ns,1445.0000000000
219258267,10842373608437,btc_qm_engine,btc_leading_zeros,1.0000000000
219258268,10842373608677,btc_qm_engine,btc_leading_zeros,0.0000000000
219258269,10842373608970,btc_qm_engine,btc_sha256_elapsed_ns,1520.0000000000
219258270,10842373609304,btc_qm_engine,btc_sha256_elapsed_ns,797.0000000000
219258271,10842373609644,btc_qm_engine,btc_orbital_scan_nonce,2246277666.0000000000
219258272,10842373609764,btc_qm_engine,btc_sha256_nonce,1484524141.0000000000
219258273,10842373610190,btc_qm_engine,btc_leading_zeros,0.0000000000
219258274,10842373610294,btc_qm_engine,btc_sha256_elapsed_ns,1358.0000000000
219258275,10842373610512,btc_qm_engine,btc_orbital_scan_nonce,2246250137.0000000000
219258276,10842373610696,btc_qm_engine,btc_sha256_nonce,1249767072.0000000000
219258277,10842373611056,btc_qm_engine,btc_leading_zeros,0.0000000000
219258278,10842373611119,btc_qm_engine,btc_sha256_elapsed_ns,796.0000000000
219258279,10842373611242,btc_qm_engine,btc_orbital_scan_nonce,2246240986.0000000000
219258280,10842373611467,btc_qm_engine,btc_sha256_nonce,2246277666.0000000000
219258281,10842373611925,btc_qm_engine,btc_leading_zeros,4.0000000000
219258282,10842373612030,btc_qm_engine,btc_sha256_elapsed_ns,1447.0000000000
219258283,10842373612147,btc_qm_engine,btc_sha256_nonce,2246250137.0000000000
219258284,10842373612264,btc_qm_engine,btc_sha256_nonce,2246240986.0000000000
219258285,10842373612504,btc_qm_engine,btc_leading_zeros,3.0000000000
219258286,10842373612788,btc_qm_engine,btc_sha256_elapsed_ns,795.0000000000
219258287,10842373612953,btc_qm_engine,btc_orbital_scan_nonce,2246271293.0000000000
219258288,10842373613609,btc_qm_engine,btc_sha256_nonce,345453425.0000000000
219258289,10842373614059,btc_qm_engine,btc_leading_zeros,0.0000000000
219258290,10842373614155,btc_qm_engine,btc_leading_zeros,1.0000000000
219258291,10842373614783,btc_qm_engine,btc_sha256_nonce,2246271293.0000000000
219258292,10842373614959,btc_qm_engine,btc_sha256_elapsed_ns,1406.0000000000
219258293,10842373615182,btc_qm_engine,btc_leading_zeros,1.0000000000
219258294,10842373615270,btc_qm_engine,btc_sha256_elapsed_ns,794.0000000000
219258295,10842373615414,btc_qm_engine,btc_orbital_scan_nonce,2246248393.0000000000
219258296,10842373615553,btc_qm_engine,btc_sha256_elapsed_ns,1295.0000000000
219258297,10842373616116,btc_qm_engine,btc_lebesgue_scan_nonce,24.0000000000
219258298,10842373616371,btc_qm_engine,btc_sha256_nonce,2246248393.0000000000
219258299,10842373616460,btc_qm_engine,btc_leading_zeros,3.0000000000
219258300,10842373616519,btc_qm_engine,btc_sha256_elapsed_ns,795.0000000000
219258301,10842373617137,btc_qm_engine,btc_sha256_nonce,2246268255.0000000000
219258302,10842373617255,btc_qm_engine,btc_leading_zeros,0.0000000000
219258303,10842373617359,btc_qm_engine,btc_sha256_elapsed_ns,1474.0000000000
219258304,10842373617543,btc_qm_engine,btc_sha256_nonce,1002199326.0000000000
219258305,10842373617773,btc_qm_engine,btc_leading_zeros,1.0000000000
219258306,10842373618096,btc_qm_engine,btc_sha256_elapsed_ns,793.0000000000
219258307,10842373618271,btc_qm_engine,btc_orbital_scan_nonce,2246239477.0000000000
219258308,10842373618376,btc_qm_engine,btc_sha256_nonce,2246222650.0000000000
219258309,10842373618957,btc_qm_engine,btc_leading_zeros,0.0000000000
219258310,10842373619057,btc_qm_engine,btc_sha256_elapsed_ns,1425.0000000000
219258311,10842373619276,btc_qm_engine,btc_sha256_nonce,4052869216.0000000000
219258312,10842373619496,btc_qm_engine,btc_orbital_scan_nonce,2246256512.0000000000
219258313,10842373619743,btc_qm_engine,btc_leading_zeros,1.0000000000
219258314,10842373619833,btc_qm_engine,btc_sha256_elapsed_ns,795.0000000000
219258315,10842373619996,btc_qm_engine,btc_lebesgue_scan_nonce,3.0000000000
219258316,10842373620224,btc_qm_engine,btc_sha256_nonce,2246239477.0000000000
219258317,10842373620315,btc_qm_engine,btc_leading_zeros,1.0000000000
219258318,10842373620425,btc_qm_engine,btc_sha256_elapsed_ns,1412.0000000000
219258319,10842373620944,btc_qm_engine,btc_sha256_nonce,2246179450.0000000000
219258320,10842373621039,btc_qm_engine,btc_leading_zeros,0.0000000000
219258321,10842373621101,btc_qm_engine,btc_sha256_elapsed_ns,796.0000000000
219258322,10842373621546,btc_qm_engine,btc_sha256_nonce,2246256512.0000000000
219258323,10842373621643,btc_qm_engine,btc_leading_zeros,0.0000000000
219258324,10842373621742,btc_qm_engine,btc_sha256_elapsed_ns,1468.0000000000
219258325,10842373622138,btc_qm_engine,btc_sha256_nonce,2244454378.0000000000
219258326,10842373622339,btc_qm_engine,btc_leading_zeros,0.0000000000
219258327,10842373622633,btc_qm_engine,btc_sha256_elapsed_ns,794.0000000000
219258328,10842373622812,btc_qm_engine,btc_lebesgue_scan_nonce,17.0000000000
219258329,10842373622917,btc_qm_engine,btc_sha256_nonce,85954908.0000000000
219258330,10842373623379,btc_qm_engine,btc_sha256_nonce,3315345771.0000000000
219258331,10842373623766,btc_qm_engine,btc_sha256_nonce,2246329419.0000000000
219258332,10842373623912,btc_qm_engine,btc_leading_zeros,1.0000000000
219258333,10842373624681,btc_qm_engine,btc_leading_zeros,0.0000000000
219258334,10842373625197,btc_qm_engine,btc_sha256_elapsed_ns,1356.0000000000
219258335,10842373625339,btc_qm_engine,btc_leading_zeros,1.0000000000
219258336,10842373625931,btc_qm_engine,btc_sha256_elapsed_ns,793.0000000000
219258337,10842373626103,btc_qm_engine,btc_sha256_elapsed_ns,1489.0000000000
219258338,10842373626397,btc_qm_engine,btc_lebesgue_scan_nonce,8.0000000000
219258339,10842373627416,btc_qm_engine,btc_sha256_nonce,2246256025.0000000000
219258340,10842373627712,btc_qm_engine,btc_leading_zeros,2.0000000000
219258341,10842373627776,btc_qm_engine,btc_sha256_elapsed_ns,798.0000000000
219258342,10842373628051,btc_qm_engine,btc_sha256_nonce,3644828172.0000000000
219258343,10842373628437,btc_qm_engine,btc_sha256_nonce,1333495653.0000000000
219258344,10842373628952,btc_qm_engine,btc_leading_zeros,2.0000000000
219258345,10842373629038,btc_qm_engine,btc_sha256_elapsed_ns,1451.0000000000
219258346,10842373630236,btc_qm_engine,btc_sha256_nonce,1716815400.0000000000
219258347,10842373630300,btc_qm_engine,btc_leading_zeros,2.0000000000
219258348,10842373630379,btc_qm_engine,btc_sha256_elapsed_ns,989.0000000000
219258349,10842373630568,btc_qm_engine,btc_orbital_scan_nonce,2246261380.0000000000
219258350,10842373630957,btc_qm_engine,btc_leading_zeros,1.0000000000
219258351,10842373631066,btc_qm_engine,btc_sha256_elapsed_ns,1431.0000000000
219258352,10842373631284,btc_qm_engine,btc_orbital_scan_nonce,2246198869.0000000000
219258353,10842373632210,btc_qm_engine,btc_sha256_nonce,2246261380.0000000000
219258354,10842373632303,btc_qm_engine,btc_leading_zeros,2.0000000000
219258355,10842373632396,btc_qm_engine,btc_sha256_elapsed_ns,1500.0000000000
219258356,10842373632982,btc_qm_engine,btc_sha256_nonce,2246198869.0000000000
219258357,10842373633082,btc_qm_engine,btc_leading_zeros,4.0000000000
219258358,10842373633194,btc_qm_engine,btc_sha256_elapsed_ns,1486.0000000000
219258359,10842373633827,btc_qm_engine,btc_orbital_scan_nonce,2246247133.0000000000
219258360,10842373634280,btc_qm_engine,btc_sha256_nonce,1332258184.0000000000
219258361,10842373634389,btc_qm_engine,btc_leading_zeros,1.0000000000
219258362,10842373634484,btc_qm_engine,btc_sha256_elapsed_ns,1518.0000000000
219258363,10842373634694,btc_qm_engine,btc_orbital_scan_nonce,2246226032.0000000000
219258364,10842373634937,btc_qm_engine,btc_sha256_nonce,1393661523.0000000000
219258365,10842373635038,btc_qm_engine,btc_leading_zeros,0.0000000000
219258366,10842373635148,btc_qm_engine,btc_sha256_elapsed_ns,1462.0000000000
219258367,10842373635749,btc_qm_engine,btc_sha256_nonce,2246247133.0000000000
219258368,10842373635921,btc_qm_engine,btc_lebesgue_scan_nonce,4.0000000000
219258369,10842373636190,btc_qm_engine,btc_leading_zeros,2.0000000000
219258370,10842373636408,btc_qm_engine,btc_sha256_nonce,2246226032.0000000000
219258371,10842373636777,btc_qm_engine,btc_sha256_elapsed_ns,827.0000000000
219258372,10842373636922,btc_qm_engine,btc_leading_zeros,4.0000000000
219258373,10842373637023,btc_qm_engine,btc_sha256_elapsed_ns,1410.0000000000
219258374,10842373637196,btc_qm_engine,btc_lebesgue_scan_nonce,4.0000000000
219258375,10842373637526,btc_qm_engine,btc_sha256_nonce,2246226735.0000000000
219258376,10842373637646,btc_qm_engine,btc_leading_zeros,1.0000000000
219258377,10842373637758,btc_qm_engine,btc_sha256_elapsed_ns,1385.0000000000
219258378,10842373638198,btc_qm_engine,btc_sha256_nonce,2246239431.0000000000
219258379,10842373638284,btc_qm_engine,btc_leading_zeros,2.0000000000
219258380,10842373638345,btc_qm_engine,btc_sha256_elapsed_ns,799.0000000000
219258381,10842373638493,btc_qm_engine,btc_lebesgue_scan_nonce,11.0000000000
219258382,10842373638853,btc_qm_engine,btc_sha256_nonce,3100664497.0000000000
219258383,10842373638952,btc_qm_engine,btc_leading_zeros,2.0000000000
219258384,10842373639043,btc_qm_engine,btc_sha256_elapsed_ns,1475.0000000000
219258385,10842373639252,btc_qm_engine,btc_orbital_scan_nonce,2246266283.0000000000
219258386,10842373639452,btc_qm_engine,btc_sha256_nonce,2246305300.0000000000
219258387,10842373639720,btc_qm_engine,btc_leading_zeros,2.0000000000
219258388,10842373639992,btc_qm_engine,btc_sha256_elapsed_ns,794.0000000000
219258389,10842373640196,btc_qm_engine,btc_lebesgue_scan_nonce,11.0000000000
219258390,10842373640754,btc_qm_engine,btc_sha256_nonce,2246266283.0000000000
219258391,10842373641179,btc_qm_engine,btc_leading_zeros,1.0000000000
219258392,10842373641276,btc_qm_engine,btc_sha256_elapsed_ns,1322.0000000000
219258393,10842373641405,btc_qm_engine,btc_sha256_nonce,876995057.0000000000
219258394,10842373641654,btc_qm_engine,btc_orbital_scan_nonce,2246227870.0000000000
219258395,10842373642123,btc_qm_engine,btc_sha256_nonce,2246344868.0000000000
219258396,10842373642303,btc_qm_engine,btc_leading_zeros,4.0000000000
219258397,10842373642413,btc_qm_engine,btc_sha256_elapsed_ns,1459.0000000000
219258398,10842373642637,btc_qm_engine,btc_leading_zeros,0.0000000000
219258399,10842373642931,btc_qm_engine,btc_sha256_elapsed_ns,794.0000000000
219258400,10842373643073,btc_qm_engine,btc_orbital_scan_nonce,2246298869.0000000000
219258401,10842373643309,btc_qm_engine,btc_sha256_nonce,2246227870.0000000000
219258402,10842373643712,btc_qm_engine,btc_leading_zeros,0.0000000000
219258403,10842373643807,btc_qm_engine,btc_sha256_elapsed_ns,1293.0000000000
219258404,10842373644189,btc_qm_engine,btc_lebesgue_scan_nonce,23.0000000000
219258405,10842373644728,btc_qm_engine,btc_sha256_nonce,2246298869.0000000000
219258406,10842373645062,btc_qm_engine,btc_leading_zeros,2.0000000000
219258407,10842373645131,btc_qm_engine,btc_sha256_elapsed_ns,798.0000000000
219258408,10842373645288,btc_qm_engine,btc_lebesgue_scan_nonce,8.0000000000
219258409,10842373646182,btc_qm_engine,btc_sha256_nonce,2246362389.0000000000
219258410,10842373646247,btc_qm_engine,btc_leading_zeros,2.0000000000
219258411,10842373646513,btc_qm_engine,btc_sha256_elapsed_ns,792.0000000000
219258412,10842373647065,btc_qm_engine,btc_sha256_nonce,2246292803.0000000000
219258413,10842373647583,btc_qm_engine,btc_leading_zeros,1.0000000000
219258414,10842373647653,btc_qm_engine,btc_sha256_elapsed_ns,1434.0000000000
219258415,10842373647836,btc_qm_engine,btc_orbital_scan_nonce,2246283214.0000000000
219258416,10842373648009,btc_qm_engine,btc_sha256_nonce,3464513135.0000000000
219258417,10842373648099,btc_qm_engine,btc_leading_zeros,1.0000000000
219258418,10842373648158,btc_qm_engine,btc_sha256_elapsed_ns,794.0000000000
219258419,10842373648300,btc_qm_engine,btc_orbital_scan_nonce,2246256351.0000000000
219258420,10842373648959,btc_qm_engine,btc_sha256_nonce,2246283214.0000000000
219258421,10842373649040,btc_qm_engine,btc_leading_zeros,1.0000000000
219258422,10842373649101,btc_qm_engine,btc_sha256_elapsed_ns,962.0000000000
219258423,10842373649261,btc_qm_engine,btc_sha256_nonce,2246256351.0000000000
219258424,10842373649349,btc_qm_engine,btc_leading_zeros,2.0000000000
219258425,10842373649437,btc_qm_engine,btc_sha256_elapsed_ns,794.0000000000
219258426,10842373649572,btc_qm_engine,btc_orbital_scan_nonce,2246225415.0000000000
219258427,10842373650134,btc_qm_engine,btc_sha256_nonce,3845694827.0000000000
219258428,10842373650228,btc_qm_engine,btc_leading_zeros,1.0000000000
219258429,10842373650290,btc_qm_engine,btc_sha256_elapsed_ns,794.0000000000
219258430,10842373650556,btc_qm_engine,btc_sha256_nonce,2246225415.0000000000
219258431,10842373650644,btc_qm_engine,btc_leading_zeros,1.0000000000
219258432,10842373650728,btc_qm_engine,btc_sha256_elapsed_ns,793.0000000000
219258433,10842373651301,btc_qm_engine,btc_sha256_nonce,3780124540.0000000000
219258434,10842373651392,btc_qm_engine,btc_leading_zeros,3.0000000000
219258435,10842373651452,btc_qm_engine,btc_sha256_elapsed_ns,795.0000000000
219258436,10842373651786,btc_qm_engine,btc_sha256_nonce,2361925510.0000000000
219258437,10842373651869,btc_qm_engine,btc_leading_zeros,0.0000000000
219258438,10842373651950,btc_qm_engine,btc_sha256_elapsed_ns,793.0000000000
219258439,10842373652095,btc_qm_engine,btc_lebesgue_scan_nonce,9.0000000000
219258440,10842373652488,btc_qm_engine,btc_sha256_nonce,1333095201.0000000000
219258441,10842373652568,btc_qm_engine,btc_leading_zeros,1.0000000000
219258442,10842373652627,btc_qm_engine,btc_sha256_elapsed_ns,794.0000000000
219258443,10842373653074,btc_qm_engine,btc_sha256_nonce,2246080616.0000000000
219258444,10842373653162,btc_qm_engine,btc_leading_zeros,0.0000000000
219258445,10842373653249,btc_qm_engine,btc_sha256_elapsed_ns,796.0000000000
219258446,10842373653383,btc_qm_engine,btc_orbital_scan_nonce,2246298869.0000000000
219258447,10842373653663,btc_qm_engine,btc_sha256_nonce,3646456582.0000000000
219258448,10842373653756,btc_qm_engine,btc_leading_zeros,0.0000000000
219258449,10842373653818,btc_qm_engine,btc_sha256_elapsed_ns,796.0000000000
219258450,10842373654347,btc_qm_engine,btc_sha256_nonce,2246298869.0000000000
219258451,10842373654437,btc_qm_engine,btc_leading_zeros,2.0000000000
219258452,10842373654496,btc_qm_engine,btc_sha256_elapsed_ns,793.0000000000
219258453,10842373654639,btc_qm_engine,btc_lebesgue_scan_nonce,20.0000000000
219258454,10842373654858,btc_qm_engine,btc_sha256_nonce,1332533966.0000000000
219258455,10842373654950,btc_qm_engine,btc_leading_zeros,1.0000000000
219258456,10842373655019,btc_qm_engine,btc_sha256_elapsed_ns,796.0000000000
219258457,10842373655156,btc_qm_engine,btc_orbital_scan_nonce,2246240442.0000000000
219258458,10842373655582,btc_qm_engine,btc_sha256_nonce,2246254533.0000000000
219258459,10842373655679,btc_qm_engine,btc_leading_zeros,0.0000000000
219258460,10842373655738,btc_qm_engine,btc_sha256_elapsed_ns,795.0000000000
219258461,10842373656085,btc_qm_engine,btc_sha256_nonce,2246240442.0000000000
219258462,10842373656172,btc_qm_engine,btc_leading_zeros,0.0000000000
219258463,10842373656233,btc_qm_engine,btc_sha256_elapsed_ns,796.0000000000
219258464,10842373656752,btc_qm_engine,btc_sha256_nonce,4216813943.0000000000
219258465,10842373656832,btc_qm_engine,btc_leading_zeros,2.0000000000
219258466,10842373656891,btc_qm_engine,btc_sha256_elapsed_ns,794.0000000000
219258467,10842373657034,btc_qm_engine,btc_lebesgue_scan_nonce,11.0000000000
219258468,10842373657281,btc_qm_engine,btc_sha256_nonce,2108625255.0000000000
219258469,10842373657363,btc_qm_engine,btc_leading_zeros,1.0000000000
219258470,10842373657459,btc_qm_engine,btc_sha256_elapsed_ns,793.0000000000
219258471,10842373657989,btc_qm_engine,btc_sha256_nonce,2246306535.0000000000
219258472,10842373658075,btc_qm_engine,btc_leading_zeros,0.0000000000
219258473,10842373658161,btc_qm_engine,btc_sha256_elapsed_ns,795.0000000000
219258474,10842373658478,btc_qm_engine,btc_sha256_nonce,428907048.0000000000
219258475,10842373658567,btc_qm_engine,btc_leading_zeros,3.0000000000
219258476,10842373658630,btc_qm_engine,btc_sha256_elapsed_ns,797.0000000000
219258477,10842373658825,btc_qm_engine,btc_orbital_scan_nonce,2246228568.0000000000
219258478,10842373659191,btc_qm_engine,btc_sha256_nonce,657463456.0000000000
219258479,10842373659284,btc_qm_engine,btc_leading_zeros,0.0000000000
219258480,10842373659364,btc_qm_engine,btc_sha256_elapsed_ns,793.0000000000
219258481,10842373659806,btc_qm_engine,btc_sha256_nonce,2246228568.0000000000
219258482,10842373659893,btc_qm_engine,btc_leading_zeros,1.0000000000
219258483,10842373659983,btc_qm_engine,btc_sha256_elapsed_ns,794.0000000000
219258484,10842373660119,btc_qm_engine,btc_orbital_scan_nonce,2246251331.0000000000
219258485,10842373660409,btc_qm_engine,btc_sha256_nonce,2109130864.0000000000
219258486,10842373660497,btc_qm_engine,btc_leading_zeros,2.0000000000
219258487,10842373660557,btc_qm_engine,btc_sha256_elapsed_ns,793.0000000000
219258488,10842373661073,btc_qm_engine,btc_sha256_nonce,2246251331.0000000000
219258489,10842373661133,btc_qm_engine,btc_leading_zeros,0.0000000000
219258490,10842373661222,btc_qm_engine,btc_sha256_elapsed_ns,795.0000000000
219258491,10842373661367,btc_qm_engine,btc_orbital_scan_nonce,2246245438.0000000000
219258492,10842373661589,btc_qm_engine,btc_sha256_nonce,1574281875.0000000000
219258493,10842373661656,btc_qm_engine,btc_leading_zeros,0.0000000000
219258494,10842373661714,btc_qm_engine,btc_sha256_elapsed_ns,797.0000000000
219258495,10842373661847,btc_qm_engine,btc_orbital_scan_nonce,2246210443.0000000000
219258496,10842373662319,btc_qm_engine,btc_sha256_nonce,2246245438.0000000000
219258497,10842373662404,btc_qm_engine,btc_leading_zeros,0.0000000000
219258498,10842373662462,btc_qm_engine,btc_sha256_elapsed_ns,798.0000000000
219258499,10842373662790,btc_qm_engine,btc_sha256_nonce,2246210443.0000000000
219258500,10842373662883,btc_qm_engine,btc_leading_zeros,0.0000000000
219258501,10842373662944,btc_qm_engine,btc_sha256_elapsed_ns,793.0000000000
219258502,10842373663462,btc_qm_engine,btc_sha256_nonce,2632159117.0000000000
219258503,10842373663548,btc_qm_engine,btc_leading_zeros,0.0000000000
219258504,10842373663607,btc_qm_engine,btc_sha256_elapsed_ns,794.0000000000
219258505,10842373663754,btc_qm_engine,btc_lebesgue_scan_nonce,0.0000000000
219258506,10842373663971,btc_qm_engine,btc_sha256_nonce,1783802096.0000000000
219258507,10842373664085,btc_qm_engine,btc_leading_zeros,1.0000000000
219258508,10842373664151,btc_qm_engine,btc_sha256_elapsed_ns,793.0000000000
219258509,10842373664714,btc_qm_engine,btc_sha256_nonce,2246061743.0000000000
219258510,10842373664804,btc_qm_engine,btc_leading_zeros,0.0000000000
219258511,10842373664866,btc_qm_engine,btc_sha256_elapsed_ns,799.0000000000
219258512,10842373665012,btc_qm_engine,btc_lebesgue_scan_nonce,5.0000000000
219258513,10842373665189,btc_qm_engine,btc_sha256_nonce,1626118530.0000000000
219258514,10842373665276,btc_qm_engine,btc_leading_zeros,0.0000000000
219258515,10842373665359,btc_qm_engine,btc_sha256_elapsed_ns,798.0000000000
219258516,10842373665496,btc_qm_engine,btc_orbital_scan_nonce,2246283810.0000000000
219258517,10842373665975,btc_qm_engine,btc_sha256_nonce,2246288846.0000000000
219258518,10842373666072,btc_qm_engine,btc_leading_zeros,2.0000000000
219258519,10842373666131,btc_qm_engine,btc_sha256_elapsed_ns,797.0000000000
219258520,10842373666276,btc_qm_engine,btc_lebesgue_scan_nonce,2.0000000000
219258521,10842373666491,btc_qm_engine,btc_sha256_nonce,2246283810.0000000000
219258522,10842373666585,btc_qm_engine,btc_leading_zeros,2.0000000000
219258523,10842373666671,btc_qm_engine,btc_sha256_elapsed_ns,796.0000000000
219258524,10842373666811,btc_qm_engine,btc_lebesgue_scan_nonce,14.0000000000
219258525,10842373667231,btc_qm_engine,btc_sha256_nonce,2246111778.0000000000
219258526,10842373667323,btc_qm_engine,btc_leading_zeros,0.0000000000
219258527,10842373667403,btc_qm_engine,btc_sha256_elapsed_ns,795.0000000000
219258528,10842373667789,btc_qm_engine,btc_sha256_nonce,2246238462.0000000000
219258529,10842373667874,btc_qm_engine,btc_leading_zeros,0.0000000000
219258530,10842373667934,btc_qm_engine,btc_sha256_elapsed_ns,795.0000000000
219258531,10842373668467,btc_qm_engine,btc_sha256_nonce,1332353556.0000000000
219258532,10842373668553,btc_qm_engine,btc_leading_zeros,0.0000000000
219258533,10842373668619,btc_qm_engine,btc_sha256_elapsed_ns,796.0000000000
219258534,10842373668968,btc_qm_engine,btc_sha256_nonce,3528004505.0000000000
219258535,10842373669058,btc_qm_engine,btc_leading_zeros,0.0000000000
219258536,10842373669138,btc_qm_engine,btc_sha256_elapsed_ns,796.0000000000
219258537,10842373669622,btc_qm_engine,btc_sha256_nonce,1328590296.0000000000
219258538,10842373669712,btc_qm_engine,btc_leading_zeros,0.0000000000
219258539,10842373669771,btc_qm_engine,btc_sha256_elapsed_ns,798.0000000000
219258540,10842373670196,btc_qm_engine,btc_sha256_nonce,992621809.0000000000
219258541,10842373670278,btc_qm_engine,btc_leading_zeros,1.0000000000
219258542,10842373670357,btc_qm_engine,btc_sha256_elapsed_ns,795.0000000000
219258543,10842373670491,btc_qm_engine,btc_orbital_scan_nonce,2246222629.0000000000
219258544,10842373670809,btc_qm_engine,btc_sha256_nonce,1333982349.0000000000
219258545,10842373670891,btc_qm_engine,btc_leading_zeros,0.0000000000
219258546,10842373670953,btc_qm_engine,btc_sha256_elapsed_ns,796.0000000000
219258547,10842373671440,btc_qm_engine,btc_sha256_nonce,2246222629.0000000000
219258548,10842373671530,btc_qm_engine,btc_leading_zeros,0.0000000000
219258549,10842373671613,btc_qm_engine,btc_sha256_elapsed_ns,792.0000000000
219258550,10842373671960,btc_qm_engine,btc_sha256_nonce,1830351309.0000000000
219258551,10842373672059,btc_qm_engine,btc_leading_zeros,0.0000000000
219258552,10842373672138,btc_qm_engine,btc_sha256_elapsed_ns,795.0000000000
219258553,10842373672619,btc_qm_engine,btc_sha256_nonce,2110026192.0000000000
219258554,10842373672720,btc_qm_engine,btc_leading_zeros,0.0000000000
219258555,10842373672781,btc_qm_engine,btc_sha256_elapsed_ns,796.0000000000
219258556,10842373673142,btc_qm_engine,btc_sha256_nonce,331103944.0000000000
219258557,10842373673231,btc_qm_engine,btc_leading_zeros,0.0000000000
219258558,10842373673328,btc_qm_engine,btc_sha256_elapsed_ns,796.0000000000
219258559,10842373673780,btc_qm_engine,btc_sha256_nonce,1259364073.0000000000
219258560,10842373673877,btc_qm_engine,btc_leading_zeros,1.0000000000
219258561,10842373673938,btc_qm_engine,btc_sha256_elapsed_ns,796.0000000000
219258562,10842373674332,btc_qm_engine,btc_sha256_nonce,1121990172.0000000000
219258563,10842373674421,btc_qm_engine,btc_leading_zeros,0.0000000000
219258564,10842373674479,btc_qm_engine,btc_sha256_elapsed_ns,795.0000000000
219258565,10842373674968,btc_qm_engine,btc_sha256_nonce,2578950364.0000000000
219258566,10842373675059,btc_qm_engine,btc_leading_zeros,0.0000000000
219258567,10842373675121,btc_qm_engine,btc_sha256_elapsed_ns,796.0000000000
219258568,10842373675543,btc_qm_engine,btc_sha256_nonce,2828090002.0000000000
219258569,10842373675623,btc_qm_engine,btc_leading_zeros,0.0000000000
219258570,10842373675713,btc_qm_engine,btc_sha256_elapsed_ns,794.0000000000
219258571,10842373675869,btc_qm_engine,btc_lebesgue_scan_nonce,19.0000000000
219258572,10842373676158,btc_qm_engine,btc_sha256_nonce,1774464300.0000000000
219258573,10842373676243,btc_qm_engine,btc_leading_zeros,2.0000000000
219258574,10842373676322,btc_qm_engine,btc_sha256_elapsed_ns,794.0000000000
219258575,10842373676792,btc_qm_engine,btc_sha256_nonce,2246197403.0000000000
219258576,10842373676883,btc_qm_engine,btc_leading_zeros,1.0000000000
219258577,10842373676970,btc_qm_engine,btc_sha256_elapsed_ns,791.0000000000
219258578,10842373677353,btc_qm_engine,btc_sha256_nonce,2331416874.0000000000
219258579,10842373677441,btc_qm_engine,btc_leading_zeros,0.0000000000
219258580,10842373677504,btc_qm_engine,btc_sha256_elapsed_ns,795.0000000000
219258581,10842373677968,btc_qm_engine,btc_sha256_nonce,2639025836.0000000000
219258582,10842373678065,btc_qm_engine,btc_leading_zeros,0.0000000000
219258583,10842373678147,btc_qm_engine,btc_sha256_elapsed_ns,793.0000000000
219258584,10842373678565,btc_qm_engine,btc_sha256_nonce,1358067813.0000000000
219258585,10842373678643,btc_qm_engine,btc_leading_zeros,2.0000000000
219258586,10842373678707,btc_qm_engine,btc_sha256_elapsed_ns,789.0000000000
219258587,10842373679167,btc_qm_engine,btc_sha256_nonce,1409608843.0000000000
219258588,10842373679261,btc_qm_engine,btc_leading_zeros,1.0000000000
219258589,10842373679339,btc_qm_engine,btc_sha256_elapsed_ns,793.0000000000
219258590,10842373679474,btc_qm_engine,btc_orbital_scan_nonce,2246248335.0000000000
219258591,10842373679710,btc_qm_engine,btc_sha256_nonce,3660064478.0000000000
219258592,10842373679802,btc_qm_engine,btc_leading_zeros,1.0000000000
219258593,10842373679863,btc_qm_engine,btc_sha256_elapsed_ns,794.0000000000
219258594,10842373680423,btc_qm_engine,btc_sha256_nonce,2246248335.0000000000
219258595,10842373680512,btc_qm_engine,btc_leading_zeros,0.0000000000
219258596,10842373680572,btc_qm_engine,btc_sha256_elapsed_ns,793.0000000000
219258597,10842373680859,btc_qm_engine,btc_sha256_nonce,4224906705.0000000000
219258598,10842373680953,btc_qm_engine,btc_leading_zeros,0.0000000000
219258599,10842373681016,btc_qm_engine,btc_sha256_elapsed_ns,795.0000000000
219258600,10842373681147,btc_qm_engine,btc_orbital_scan_nonce,2246241766.0000000000
219258601,10842373681624,btc_qm_engine,btc_sha256_nonce,2942588934.0000000000
219258602,10842373681710,btc_qm_engine,btc_leading_zeros,1.0000000000
219258603,10842373681772,btc_qm_engine,btc_sha256_elapsed_ns,793.0000000000
219258604,10842373681917,btc_qm_engine,btc_lebesgue_scan_nonce,2.0000000000
219258605,10842373682099,btc_qm_engine,btc_sha256_nonce,2246241766.0000000000
219258606,10842373682186,btc_qm_engine,btc_leading_zeros,0.0000000000
219258607,10842373682252,btc_qm_engine,btc_sha256_elapsed_ns,795.0000000000
219258608,10842373682871,btc_qm_engine,btc_sha256_nonce,2246275789.0000000000
219258609,10842373682970,btc_qm_engine,btc_leading_zeros,0.0000000000
219258610,10842373683042,btc_qm_engine,btc_sha256_elapsed_ns,797.0000000000
219258611,10842373683272,btc_qm_engine,btc_sha256_nonce,3399788855.0000000000
219258612,10842373683367,btc_qm_engine,btc_leading_zeros,1.0000000000
219258613,10842373683428,btc_qm_engine,btc_sha256_elapsed_ns,790.0000000000
219258614,10842373683564,btc_qm_engine,btc_orbital_scan_nonce,2246276409.0000000000
219258615,10842373684066,btc_qm_engine,btc_sha256_nonce,2974795654.0000000000
219258616,10842373684164,btc_qm_engine,btc_leading_zeros,0.0000000000
219258617,10842373684226,btc_qm_engine,btc_sha256_elapsed_ns,791.0000000000
219258618,10842373684358,btc_qm_engine,btc_orbital_scan_nonce,2246251087.0000000000
219258619,10842373684512,btc_qm_engine,btc_sha256_nonce,2246276409.0000000000
219258620,10842373684603,btc_qm_engine,btc_leading_zeros,0.0000000000
219258621,10842373684665,btc_qm_engine,btc_sha256_elapsed_ns,794.0000000000
219258622,10842373684800,btc_qm_engine,btc_orbital_scan_nonce,2246229288.0000000000
219258623,10842373685314,btc_qm_engine,btc_sha256_nonce,2246251087.0000000000
219258624,10842373685403,btc_qm_engine,btc_leading_zeros,3.0000000000
219258625,10842373685485,btc_qm_engine,btc_sha256_elapsed_ns,791.0000000000
219258626,10842373685759,btc_qm_engine,btc_sha256_nonce,2246229288.0000000000
219258627,10842373685858,btc_qm_engine,btc_leading_zeros,3.0000000000
219258628,10842373685917,btc_qm_engine,btc_sha256_elapsed_ns,792.0000000000
219258629,10842373686485,btc_qm_engine,btc_sha256_nonce,200592481.0000000000
219258630,10842373686573,btc_qm_engine,btc_leading_zeros,1.0000000000
219258631,10842373686633,btc_qm_engine,btc_sha256_elapsed_ns,793.0000000000
219258632,10842373686966,btc_qm_engine,btc_sha256_nonce,434168743.0000000000
219258633,10842373687048,btc_qm_engine,btc_leading_zeros,1.0000000000
219258634,10842373687128,btc_qm_engine,btc_sha256_elapsed_ns,790.0000000000
219258635,10842373687693,btc_qm_engine,btc_sha256_nonce,278269890.0000000000
219258636,10842373687787,btc_qm_engine,btc_leading_zeros,2.0000000000
219258637,10842373687853,btc_qm_engine,btc_sha256_elapsed_ns,793.0000000000
219258638,10842373688016,btc_qm_engine,btc_lebesgue_scan_nonce,10.0000000000
219258639,10842373688154,btc_qm_engine,btc_sha256_nonce,506625527.0000000000
219258640,10842373688238,btc_qm_engine,btc_leading_zeros,0.0000000000
219258641,10842373688323,btc_qm_engine,btc_sha256_elapsed_ns,791.0000000000
219258642,10842373688463,btc_qm_engine,btc_lebesgue_scan_nonce,10.0000000000
219258643,10842373688988,btc_qm_engine,btc_sha256_nonce,2246224731.0000000000
219258644,10842373689074,btc_qm_engine,btc_leading_zeros,4.0000000000
219258645,10842373689156,btc_qm_engine,btc_sha256_elapsed_ns,792.0000000000
219258646,10842373689296,btc_qm_engine,btc_orbital_scan_nonce,2246285673.0000000000
219258647,10842373689418,btc_qm_engine,btc_sha256_nonce,2246315835.0000000000
219258648,10842373689512,btc_qm_engine,btc_leading_zeros,1.0000000000
219258649,10842373689573,btc_qm_engine,btc_sha256_elapsed_ns,794.0000000000
219258650,10842373689716,btc_qm_engine,btc_orbital_scan_nonce,2246253931.0000000000
219258651,10842373690245,btc_qm_engine,btc_sha256_nonce,2246285673.0000000000
219258652,10842373690337,btc_qm_engine,btc_leading_zeros,0.0000000000
219258653,10842373690414,btc_qm_engine,btc_sha256_elapsed_ns,796.0000000000
219258654,10842373690547,btc_qm_engine,btc_orbital_scan_nonce,2246290015.0000000000
219258655,10842373690667,btc_qm_engine,btc_sha256_nonce,2246253931.0000000000
219258656,10842373690756,btc_qm_engine,btc_leading_zeros,1.0000000000
219258657,10842373690818,btc_qm_engine,btc_sha256_elapsed_ns,793.0000000000
219258658,10842373690954,btc_qm_engine,btc_orbital_scan_nonce,2246211534.0000000000
219258659,10842373691520,btc_qm_engine,btc_sha256_nonce,2246290015.0000000000
219258660,10842373691606,btc_qm_engine,btc_leading_zeros,0.0000000000
219258661,10842373691673,btc_qm_engine,btc_sha256_elapsed_ns,795.0000000000
219258662,10842373691808,btc_qm_engine,btc_orbital_scan_nonce,2246247355.0000000000
219258663,10842373692009,btc_qm_engine,btc_sha256_nonce,2246211534.0000000000
219258664,10842373692339,btc_qm_engine,btc_leading_zeros,0.0000000000
219258665,10842373692406,btc_qm_engine,btc_sha256_elapsed_ns,795.0000000000
219258666,10842373692529,btc_qm_engine,btc_orbital_scan_nonce,2246269153.0000000000
219258667,10842373692863,btc_qm_engine,btc_sha256_nonce,2246247355.0000000000
219258668,10842373692953,btc_qm_engine,btc_leading_zeros,0.0000000000
219258669,10842373693038,btc_qm_engine,btc_sha256_elapsed_ns,792.0000000000
219258670,10842373693505,btc_qm_engine,btc_sha256_nonce,2246269153.0000000000
219258671,10842373693592,btc_qm_engine,btc_leading_zeros,4.0000000000
219258672,10842373693671,btc_qm_engine,btc_sha256_elapsed_ns,795.0000000000
219258673,10842373694089,btc_qm_engine,btc_sha256_nonce,1253919446.0000000000
219258674,10842373694181,btc_qm_engine,btc_leading_zeros,0.0000000000
219258675,10842373694263,btc_qm_engine,btc_sha256_elapsed_ns,794.0000000000
219258676,10842373694669,btc_qm_engine,btc_sha256_nonce,266799589.0000000000
219258677,10842373694729,btc_qm_engine,btc_leading_zeros,0.0000000000
219258678,10842373694789,btc_qm_engine,btc_sha256_elapsed_ns,795.0000000000
219258679,10842373694932,btc_qm_engine,btc_orbital_scan_nonce,2246211985.0000000000
219258680,10842373695262,btc_qm_engine,btc_sha256_nonce,1466440072.0000000000
219258681,10842373695381,btc_qm_engine,btc_leading_zeros,1.0000000000
219258682,10842373695441,btc_qm_engine,btc_sha256_elapsed_ns,795.0000000000
219258683,10842373695874,btc_qm_engine,btc_sha256_nonce,2246211985.0000000000
219258684,10842373695966,btc_qm_engine,btc_leading_zeros,1.0000000000
219258685,10842373696048,btc_qm_engine,btc_sha256_elapsed_ns,796.0000000000
219258686,10842373696512,btc_qm_engine,btc_sha256_nonce,431827500.0000000000
219258687,10842373696600,btc_qm_engine,btc_leading_zeros,2.0000000000
219258688,10842373696661,btc_qm_engine,btc_sha256_elapsed_ns,796.0000000000
219258689,10842373697102,btc_qm_engine,btc_sha256_nonce,2323844881.0000000000
219258690,10842373697192,btc_qm_engine,btc_leading_zeros,1.0000000000
219258691,10842373697255,btc_qm_engine,btc_sha256_elapsed_ns,794.0000000000
219258692,10842373697722,btc_qm_engine,btc_sha256_nonce,2156554190.0000000000
219258693,10842373697783,btc_qm_engine,btc_leading_zeros,0.0000000000
219258694,10842373697846,btc_qm_engine,btc_sha256_elapsed_ns,797.0000000000
219258695,10842373698279,btc_qm_engine,btc_sha256_nonce,102567253.0000000000
219258696,10842373698379,btc_qm_engine,btc_leading_zeros,1.0000000000
219258697,10842373698442,btc_qm_engine,btc_sha256_elapsed_ns,794.0000000000
219258698,10842373698850,btc_qm_engine,btc_sha256_nonce,1432392256.0000000000
219258699,10842373698946,btc_qm_engine,btc_leading_zeros,1.0000000000
219258700,10842373699006,btc_qm_engine,btc_sha256_elapsed_ns,794.0000000000
219258701,10842373699143,btc_qm_engine,btc_orbital_scan_nonce,2246278831.0000000000
219258702,10842373699485,btc_qm_engine,btc_sha256_nonce,1722838091.0000000000
219258703,10842373699578,btc_qm_engine,btc_leading_zeros,0.0000000000
219258704,10842373699638,btc_qm_engine,btc_sha256_elapsed_ns,799.0000000000
219258705,10842373700084,btc_qm_engine,btc_sha256_nonce,2246278831.0000000000
219258706,10842373700173,btc_qm_engine,btc_leading_zeros,2.0000000000
219258707,10842373700234,btc_qm_engine,btc_sha256_elapsed_ns,795.0000000000
219258708,10842373700372,btc_qm_engine,btc_orbital_scan_nonce,2246269420.0000000000
219258709,10842373700661,btc_qm_engine,btc_sha256_nonce,1324619887.0000000000
219258710,10842373700748,btc_qm_engine,btc_leading_zeros,2.0000000000
219258711,10842373700808,btc_qm_engine,btc_sha256_elapsed_ns,796.0000000000
219258712,10842373701324,btc_qm_engine,btc_sha256_nonce,2246269420.0000000000
219258713,10842373701408,btc_qm_engine,btc_leading_zeros,1.0000000000
219258714,10842373701469,btc_qm_engine,btc_sha256_elapsed_ns,796.0000000000
219258715,10842373701856,btc_qm_engine,btc_sha256_nonce,2245025482.0000000000
219258716,10842373701954,btc_qm_engine,btc_leading_zeros,1.0000000000
219258717,10842373702021,btc_qm_engine,btc_sha256_elapsed_ns,799.0000000000
219258718,10842373702487,btc_qm_engine,btc_sha256_nonce,4139805345.0000000000
219258719,10842373702582,btc_qm_engine,btc_leading_zeros,4.0000000000
219258720,10842373702661,btc_qm_engine,btc_sha256_elapsed_ns,792.0000000000
219258721,10842373703044,btc_qm_engine,btc_sha256_nonce,1557055474.0000000000
219258722,10842373703134,btc_qm_engine,btc_leading_zeros,2.0000000000
219258723,10842373703220,btc_qm_engine,btc_sha256_elapsed_ns,796.0000000000
219258724,10842373703367,btc_qm_engine,btc_lebesgue_scan_nonce,12.0000000000
219258725,10842373703733,btc_qm_engine,btc_sha256_nonce,1526561264.0000000000
219258726,10842373703833,btc_qm_engine,btc_leading_zeros,2.0000000000
219258727,10842373703893,btc_qm_engine,btc_sha256_elapsed_ns,794.0000000000
219258728,10842373704296,btc_qm_engine,btc_sha256_nonce,2246361730.0000000000
219258729,10842373704378,btc_qm_engine,btc_leading_zeros,1.0000000000
219258730,10842373704459,btc_qm_engine,btc_sha256_elapsed_ns,796.0000000000
219258731,10842373704601,btc_qm_engine,btc_orbital_scan_nonce,2246241298.0000000000
219258732,10842373704931,btc_qm_engine,btc_sha256_nonce,797377085.0000000000
219258733,10842373704992,btc_qm_engine,btc_leading_zeros,1.0000000000
219258734,10842373705072,btc_qm_engine,btc_sha256_elapsed_ns,798.0000000000
219258735,10842373705528,btc_qm_engine,btc_sha256_nonce,2246241298.0000000000
219258736,10842373705614,btc_qm_engine,btc_leading_zeros,1.0000000000
219258737,10842373705702,btc_qm_engine,btc_sha256_elapsed_ns,797.0000000000
219258738,10842373706078,btc_qm_engine,btc_sha256_nonce,1333952758.0000000000
219258739,10842373706181,btc_qm_engine,btc_leading_zeros,1.0000000000
219258740,10842373706244,btc_qm_engine,btc_sha256_elapsed_ns,799.0000000000
219258741,10842373706748,btc_qm_engine,btc_sha256_nonce,1657901430.0000000000
219258742,10842373706845,btc_qm_engine,btc_leading_zeros,4.0000000000
219258743,10842373706931,btc_qm_engine,btc_sha256_elapsed_ns,790.0000000000
219258744,10842373707254,btc_qm_engine,btc_sha256_nonce,1602430502.0000000000
219258745,10842373707342,btc_qm_engine,btc_leading_zeros,4.0000000000
219258746,10842373707401,btc_qm_engine,btc_sha256_elapsed_ns,794.0000000000
219258747,10842373707540,btc_qm_engine,btc_orbital_scan_nonce,2246236819.0000000000
219258748,10842373707989,btc_qm_engine,btc_sha256_nonce,53360523.0000000000
219258749,10842373708075,btc_qm_engine,btc_leading_zeros,0.0000000000
219258750,10842373708138,btc_qm_engine,btc_sha256_elapsed_ns,795.0000000000
219258751,10842373708507,btc_qm_engine,btc_sha256_nonce,2246236819.0000000000
219258752,10842373708594,btc_qm_engine,btc_leading_zeros,2.0000000000
219258753,10842373708654,btc_qm_engine,btc_sha256_elapsed_ns,798.0000000000
219258754,10842373708796,btc_qm_engine,btc_lebesgue_scan_nonce,18.0000000000
219258755,10842373709161,btc_qm_engine,btc_sha256_nonce,320739830.0000000000
219258756,10842373709256,btc_qm_engine,btc_leading_zeros,0.0000000000
219258757,10842373709316,btc_qm_engine,btc_sha256_elapsed_ns,790.0000000000
219258758,10842373709756,btc_qm_engine,btc_sha256_nonce,2246275147.0000000000
219258759,10842373709844,btc_qm_engine,btc_leading_zeros,2.0000000000
219258760,10842373709902,btc_qm_engine,btc_sha256_elapsed_ns,795.0000000000
219258761,10842373710057,btc_qm_engine,btc_lebesgue_scan_nonce,10.0000000000
219258762,10842373710342,btc_qm_engine,btc_sha256_nonce,934820917.0000000000
219258763,10842373710459,btc_qm_engine,btc_leading_zeros,0.0000000000
219258764,10842373710522,btc_qm_engine,btc_sha256_elapsed_ns,791.0000000000
219258765,10842373710661,btc_qm_engine,btc_orbital_scan_nonce,2246298869.0000000000
219258766,10842373711017,btc_qm_engine,btc_sha256_nonce,2246215638.0000000000
219258767,10842373711107,btc_qm_engine,btc_leading_zeros,4.0000000000
219258768,10842373711167,btc_qm_engine,btc_sha256_elapsed_ns,791.0000000000
219258769,10842373711306,btc_qm_engine,btc_orbital_scan_nonce,2246254985.0000000000
219258770,10842373711620,btc_qm_engine,btc_sha256_nonce,2246298869.0000000000
219258771,10842373711708,btc_qm_engine,btc_leading_zeros,2.0000000000
219258772,10842373711766,btc_qm_engine,btc_sha256_elapsed_ns,792.0000000000
219258773,10842373712266,btc_qm_engine,btc_sha256_nonce,2246254985.0000000000
219258774,10842373712371,btc_qm_engine,btc_leading_zeros,4.0000000000
219258775,10842373712431,btc_qm_engine,btc_sha256_elapsed_ns,795.0000000000
219258776,10842373712812,btc_qm_engine,btc_sha256_nonce,256744915.0000000000
219258777,10842373712905,btc_qm_engine,btc_leading_zeros,3.0000000000
219258778,10842373712964,btc_qm_engine,btc_sha256_elapsed_ns,791.0000000000
219258779,10842373713101,btc_qm_engine,btc_orbital_scan_nonce,2246241184.0000000000
219258780,10842373713457,btc_qm_engine,btc_sha256_nonce,223919798.0000000000
219258781,10842373713538,btc_qm_engine,btc_leading_zeros,1.0000000000
219258782,10842373713600,btc_qm_engine,btc_sha256_elapsed_ns,791.0000000000
219258783,10842373713764,btc_qm_engine,btc_lebesgue_scan_nonce,15.0000000000
219258784,10842373714046,btc_qm_engine,btc_sha256_nonce,2246241184.0000000000
219258785,10842373714132,btc_qm_engine,btc_leading_zeros,0.0000000000
219258786,10842373714192,btc_qm_engine,btc_sha256_elapsed_ns,791.0000000000
219258787,10842373714337,btc_qm_engine,btc_lebesgue_scan_nonce,8.0000000000
219258788,10842373714708,btc_qm_engine,btc_sha256_nonce,2246168194.0000000000
219258789,10842373714790,btc_qm_engine,btc_leading_zeros,0.0000000000
219258790,10842373714853,btc_qm_engine,btc_sha256_elapsed_ns,793.0000000000
219258791,10842373714996,btc_qm_engine,btc_lebesgue_scan_nonce,6.0000000000
219258792,10842373715282,btc_qm_engine,btc_sha256_nonce,2246276378.0000000000
219258793,10842373715368,btc_qm_engine,btc_leading_zeros,0.0000000000
219258794,10842373715426,btc_qm_engine,btc_sha256_elapsed_ns,794.0000000000
219258795,10842373715559,btc_qm_engine,btc_orbital_scan_nonce,2246278021.0000000000
219258796,10842373715941,btc_qm_engine,btc_sha256_nonce,2246233996.0000000000
219258797,10842373716024,btc_qm_engine,btc_leading_zeros,0.0000000000
219258798,10842373716083,btc_qm_engine,btc_sha256_elapsed_ns,792.0000000000
219258799,10842373716218,btc_qm_engine,btc_orbital_scan_nonce,2246203904.0000000000
219258800,10842373716502,btc_qm_engine,btc_sha256_nonce,2246278021.0000000000
219258801,10842373716589,btc_qm_engine,btc_leading_zeros,1.0000000000
219258802,10842373716648,btc_qm_engine,btc_sha256_elapsed_ns,793.0000000000
219258803,10842373717165,btc_qm_engine,btc_sha256_nonce,2246203904.0000000000
219258804,10842373717258,btc_qm_engine,btc_leading_zeros,1.0000000000
219258805,10842373717341,btc_qm_engine,btc_sha256_elapsed_ns,791.0000000000
219258806,10842373717647,btc_qm_engine,btc_sha256_nonce,272768759.0000000000
219258807,10842373717739,btc_qm_engine,btc_leading_zeros,1.0000000000
219258808,10842373717825,btc_qm_engine,btc_sha256_elapsed_ns,793.0000000000
219258809,10842373717967,btc_qm_engine,btc_lebesgue_scan_nonce,24.0000000000
219258810,10842373718369,btc_qm_engine,btc_sha256_nonce,3754387446.0000000000
219258811,10842373718462,btc_qm_engine,btc_leading_zeros,1.0000000000
219258812,10842373718522,btc_qm_engine,btc_sha256_elapsed_ns,794.0000000000
219258813,10842373718928,btc_qm_engine,btc_sha256_nonce,2246277527.0000000000
219258814,10842373719026,btc_qm_engine,btc_leading_zeros,2.0000000000
219258815,10842373719087,btc_qm_engine,btc_sha256_elapsed_ns,793.0000000000
219258816,10842373719231,btc_qm_engine,btc_lebesgue_scan_nonce,6.0000000000
219258817,10842373719520,btc_qm_engine,btc_sha256_nonce,2341699920.0000000000
219258818,10842373719619,btc_qm_engine,btc_leading_zeros,0.0000000000
219258819,10842373719679,btc_qm_engine,btc_sha256_elapsed_ns,792.0000000000
219258820,10842373719811,btc_qm_engine,btc_orbital_scan_nonce,2246246458.0000000000
219258821,10842373720175,btc_qm_engine,btc_sha256_nonce,2246296330.0000000000
219258822,10842373720266,btc_qm_engine,btc_leading_zeros,1.0000000000
219258823,10842373720325,btc_qm_engine,btc_sha256_elapsed_ns,794.0000000000
219258824,10842373720461,btc_qm_engine,btc_orbital_scan_nonce,2246263277.0000000000
219258825,10842373720766,btc_qm_engine,btc_sha256_nonce,2246246458.0000000000
219258826,10842373720852,btc_qm_engine,btc_leading_zeros,0.0000000000
219258827,10842373720918,btc_qm_engine,btc_sha256_elapsed_ns,794.0000000000
219258828,10842373721053,btc_qm_engine,btc_orbital_scan_nonce,2246241401.0000000000
219258829,10842373721412,btc_qm_engine,btc_sha256_nonce,2246263277.0000000000
219258830,10842373721514,btc_qm_engine,btc_leading_zeros,1.0000000000
219258831,10842373721575,btc_qm_engine,btc_sha256_elapsed_ns,795.0000000000
219258832,10842373721998,btc_qm_engine,btc_sha256_nonce,2246241401.0000000000
219258833,10842373722082,btc_qm_engine,btc_leading_zeros,0.0000000000
219258834,10842373722141,btc_qm_engine,btc_sha256_elapsed_ns,793.0000000000
219258835,10842373722284,btc_qm_engine,btc_orbital_scan_nonce,2246199898.0000000000
219258836,10842373722581,btc_qm_engine,btc_sha256_nonce,4254748538.0000000000
219258837,10842373722662,btc_qm_engine,btc_leading_zeros,0.0000000000
219258838,10842373722720,btc_qm_engine,btc_sha256_elapsed_ns,797.0000000000
219258839,10842373722863,btc_qm_engine,btc_lebesgue_scan_nonce,10.0000000000
219258840,10842373723234,btc_qm_engine,btc_sha256_nonce,2246199898.0000000000
219258841,10842373723319,btc_qm_engine,btc_leading_zeros,0.0000000000
219258842,10842373723379,btc_qm_engine,btc_sha256_elapsed_ns,794.0000000000
219258843,10842373723522,btc_qm_engine,btc_orbital_scan_nonce,2246278114.0000000000
219258844,10842373723811,btc_qm_engine,btc_sha256_nonce,2246154510.0000000000
219258845,10842373723893,btc_qm_engine,btc_leading_zeros,1.0000000000
219258846,10842373723952,btc_qm_engine,btc_sha256_elapsed_ns,796.0000000000
219258847,10842373724484,btc_qm_engine,btc_sha256_nonce,2246278114.0000000000
219258848,10842373724572,btc_qm_engine,btc_leading_zeros,3.0000000000
219258849,10842373724658,btc_qm_engine,btc_sha256_elapsed_ns,792.0000000000
219258850,10842373724954,btc_qm_engine,btc_sha256_nonce,2245821716.0000000000
219258851,10842373725040,btc_qm_engine,btc_leading_zeros,0.0000000000
219258852,10842373725099,btc_qm_engine,btc_sha256_elapsed_ns,794.0000000000
219258853,10842373725243,btc_qm_engine,btc_lebesgue_scan_nonce,12.0000000000
219258854,10842373725773,btc_qm_engine,btc_sha256_nonce,794130350.0000000000
219258855,10842373725871,btc_qm_engine,btc_leading_zeros,0.0000000000
219258856,10842373725950,btc_qm_engine,btc_sha256_elapsed_ns,794.0000000000
219258857,10842373726106,btc_qm_engine,btc_lebesgue_scan_nonce,14.0000000000
219258858,10842373726280,btc_qm_engine,btc_sha256_nonce,2246392633.0000000000
219258859,10842373726371,btc_qm_engine,btc_leading_zeros,0.0000000000
219258860,10842373726431,btc_qm_engine,btc_sha256_elapsed_ns,791.0000000000
219258861,10842373726584,btc_qm_engine,btc_lebesgue_scan_nonce,10.0000000000
219258862,10842373727127,btc_qm_engine,btc_sha256_nonce,2246340215.0000000000
219258863,10842373727216,btc_qm_engine,btc_leading_zeros,1.0000000000
219258864,10842373727276,btc_qm_engine,btc_sha256_elapsed_ns,792.0000000000
219258865,10842373727442,btc_qm_engine,btc_lebesgue_scan_nonce,9.0000000000
219258866,10842373727658,btc_qm_engine,btc_sha256_nonce,2246204730.0000000000
219258867,10842373727976,btc_qm_engine,btc_leading_zeros,1.0000000000
219258868,10842373728037,btc_qm_engine,btc_sha256_elapsed_ns,796.0000000000
219258869,10842373728522,btc_qm_engine,btc_sha256_nonce,2246268349.0000000000
219258870,10842373728610,btc_qm_engine,btc_leading_zeros,4.0000000000
219258871,10842373728671,btc_qm_engine,btc_sha256_elapsed_ns,793.0000000000
219258872,10842373729069,btc_qm_engine,btc_sha256_nonce,1000964551.0000000000
219258873,10842373729161,btc_qm_engine,btc_leading_zeros,1.0000000000
219258874,10842373729220,btc_qm_engine,btc_sha256_elapsed_ns,793.0000000000
219258875,10842373729354,btc_qm_engine,btc_orbital_scan_nonce,2246222597.0000000000
219258876,10842373729706,btc_qm_engine,btc_sha256_nonce,3374335551.0000000000
219258877,10842373729788,btc_qm_engine,btc_leading_zeros,0.0000000000
219258878,10842373729867,btc_qm_engine,btc_sha256_elapsed_ns,796.0000000000
219258879,10842373730306,btc_qm_engine,btc_sha256_nonce,2246222597.0000000000
219258880,10842373730408,btc_qm_engine,btc_leading_zeros,0.0000000000
219258881,10842373730470,btc_qm_engine,btc_sha256_elapsed_ns,794.0000000000
219258882,10842373730901,btc_qm_engine,btc_sha256_nonce,4069085537.0000000000
219258883,10842373730991,btc_qm_engine,btc_leading_zeros,0.0000000000
219258884,10842373731050,btc_qm_engine,btc_sha256_elapsed_ns,792.0000000000
219258885,10842373731192,btc_qm_engine,btc_orbital_scan_nonce,2246287797.0000000000
219258886,10842373731470,btc_qm_engine,btc_sha256_nonce,2077785604.0000000000
219258887,10842373731558,btc_qm_engine,btc_leading_zeros,0.0000000000
219258888,10842373731618,btc_qm_engine,btc_sha256_elapsed_ns,794.0000000000
219258889,10842373731754,btc_qm_engine,btc_orbital_scan_nonce,2246298869.0000000000
219258890,10842373732146,btc_qm_engine,btc_sha256_nonce,2246287797.0000000000
219258891,10842373732238,btc_qm_engine,btc_leading_zeros,0.0000000000
219258892,10842373732297,btc_qm_engine,btc_sha256_elapsed_ns,797.0000000000
219258893,10842373732714,btc_qm_engine,btc_sha256_nonce,2246298869.0000000000
219258894,10842373732803,btc_qm_engine,btc_leading_zeros,2.0000000000
219258895,10842373732864,btc_qm_engine,btc_sha256_elapsed_ns,793.0000000000
219258896,10842373733357,btc_qm_engine,btc_sha256_nonce,1654606691.0000000000
219258897,10842373733439,btc_qm_engine,btc_leading_zeros,1.0000000000
219258898,10842373733504,btc_qm_engine,btc_sha256_elapsed_ns,798.0000000000
219258899,10842373733642,btc_qm_engine,btc_orbital_scan_nonce,2246266692.0000000000
219258900,10842373733905,btc_qm_engine,btc_sha256_nonce,2373193908.0000000000
219258901,10842373733987,btc_qm_engine,btc_leading_zeros,2.0000000000
219258902,10842373734047,btc_qm_engine,btc_sha256_elapsed_ns,796.0000000000
219258903,10842373734567,btc_qm_engine,btc_sha256_nonce,2246266692.0000000000
219258904,10842373734654,btc_qm_engine,btc_leading_zeros,0.0000000000
219258905,10842373734736,btc_qm_engine,btc_sha256_elapsed_ns,797.0000000000
219258906,10842373735092,btc_qm_engine,btc_sha256_nonce,3725671550.0000000000
219258907,10842373735189,btc_qm_engine,btc_leading_zeros,3.0000000000
219258908,10842373735247,btc_qm_engine,btc_sha256_elapsed_ns,798.0000000000
219258909,10842373735778,btc_qm_engine,btc_sha256_nonce,4226104823.0000000000
219258910,10842373735866,btc_qm_engine,btc_leading_zeros,1.0000000000
219258911,10842373735925,btc_qm_engine,btc_sha256_elapsed_ns,797.0000000000
219258912,10842373736059,btc_qm_engine,btc_orbital_scan_nonce,2246212425.0000000000
219258913,10842373736290,btc_qm_engine,btc_sha256_nonce,3848643461.0000000000
219258914,10842373736379,btc_qm_engine,btc_leading_zeros,4.0000000000
219258915,10842373736444,btc_qm_engine,btc_sha256_elapsed_ns,795.0000000000
219258916,10842373736983,btc_qm_engine,btc_sha256_nonce,2246212425.0000000000
219258917,10842373737069,btc_qm_engine,btc_leading_zeros,0.0000000000
219258918,10842373737128,btc_qm_engine,btc_sha256_elapsed_ns,794.0000000000
219258919,10842373737474,btc_qm_engine,btc_sha256_nonce,579759953.0000000000
219258920,10842373737572,btc_qm_engine,btc_leading_zeros,0.0000000000
219258921,10842373737634,btc_qm_engine,btc_sha256_elapsed_ns,796.0000000000
219258922,10842373737767,btc_qm_engine,btc_orbital_scan_nonce,2246249374.0000000000
219258923,10842373738137,btc_qm_engine,btc_sha256_nonce,3600439389.0000000000
219258924,10842373738226,btc_qm_engine,btc_leading_zeros,1.0000000000
219258925,10842373738308,btc_qm_engine,btc_sha256_elapsed_ns,796.0000000000
219258926,10842373738691,btc_qm_engine,btc_sha256_nonce,2246249374.0000000000
219258927,10842373738784,btc_qm_engine,btc_leading_zeros,0.0000000000
219258928,10842373738866,btc_qm_engine,btc_sha256_elapsed_ns,797.0000000000
219258929,10842373739347,btc_qm_engine,btc_sha256_nonce,1333898345.0000000000
219258930,10842373739444,btc_qm_engine,btc_leading_zeros,2.0000000000
219258931,10842373739527,btc_qm_engine,btc_sha256_elapsed_ns,793.0000000000
219258932,10842373739894,btc_qm_engine,btc_sha256_nonce,2246292471.0000000000
219258933,10842373739952,btc_qm_engine,btc_leading_zeros,0.0000000000
219258934,10842373740018,btc_qm_engine,btc_sha256_elapsed_ns,793.0000000000
219258935,10842373740164,btc_qm_engine,btc_orbital_scan_nonce,2246241826.0000000000
219258936,10842373740556,btc_qm_engine,btc_sha256_nonce,4027660310.0000000000
219258937,10842373740639,btc_qm_engine,btc_leading_zeros,0.0000000000
219258938,10842373740697,btc_qm_engine,btc_sha256_elapsed_ns,795.0000000000
219258939,10842373741153,btc_qm_engine,btc_sha256_nonce,2246241826.0000000000
219258940,10842373741237,btc_qm_engine,btc_leading_zeros,4.0000000000
219258941,10842373741327,btc_qm_engine,btc_sha256_elapsed_ns,791.0000000000
219258942,10842373741468,btc_qm_engine,btc_orbital_scan_nonce,2246272963.0000000000
219258943,10842373741736,btc_qm_engine,btc_sha256_nonce,2854880729.0000000000
219258944,10842373741832,btc_qm_engine,btc_leading_zeros,4.0000000000
219258945,10842373741918,btc_qm_engine,btc_sha256_elapsed_ns,795.0000000000
219258946,10842373742437,btc_qm_engine,btc_sha256_nonce,2246272963.0000000000
219258947,10842373742526,btc_qm_engine,btc_leading_zeros,2.0000000000
219258948,10842373742604,btc_qm_engine,btc_sha256_elapsed_ns,797.0000000000
219258949,10842373742952,btc_qm_engine,btc_sha256_nonce,3754779421.0000000000
219258950,10842373743044,btc_qm_engine,btc_leading_zeros,0.0000000000
219258951,10842373743108,btc_qm_engine,btc_sha256_elapsed_ns,794.0000000000
219258952,10842373743238,btc_qm_engine,btc_orbital_scan_nonce,2246281764.0000000000
219258953,10842373743637,btc_qm_engine,btc_sha256_nonce,2664822410.0000000000
219258954,10842373743727,btc_qm_engine,btc_leading_zeros,0.0000000000
219258955,10842373743788,btc_qm_engine,btc_sha256_elapsed_ns,796.0000000000
219258956,10842373744197,btc_qm_engine,btc_sha256_nonce,2246281764.0000000000
219258957,10842373744256,btc_qm_engine,btc_leading_zeros,1.0000000000
219258958,10842373744315,btc_qm_engine,btc_sha256_elapsed_ns,793.0000000000
219258959,10842373744834,btc_qm_engine,btc_sha256_nonce,3813061464.0000000000
219258960,10842373744926,btc_qm_engine,btc_leading_zeros,1.0000000000
219258961,10842373744996,btc_qm_engine,btc_sha256_elapsed_ns,790.0000000000
219258962,10842373745339,btc_qm_engine,btc_sha256_nonce,165972175.0000000000
219258963,10842373745426,btc_qm_engine,btc_leading_zeros,0.0000000000
219258964,10842373745486,btc_qm_engine,btc_sha256_elapsed_ns,791.0000000000
219258965,10842373745629,btc_qm_engine,btc_orbital_scan_nonce,2246213638.0000000000
219258966,10842373745998,btc_qm_engine,btc_sha256_nonce,1695830126.0000000000
219258967,10842373746091,btc_qm_engine,btc_leading_zeros,0.0000000000
219258968,10842373746158,btc_qm_engine,btc_sha256_elapsed_ns,795.0000000000
219258969,10842373746572,btc_qm_engine,btc_sha256_nonce,2246213638.0000000000
219258970,10842373746664,btc_qm_engine,btc_leading_zeros,0.0000000000
219258971,10842373746726,btc_qm_engine,btc_sha256_elapsed_ns,794.0000000000
219258972,10842373746859,btc_qm_engine,btc_orbital_scan_nonce,2246212144.0000000000
219258973,10842373747222,btc_qm_engine,btc_sha256_nonce,423495560.0000000000
219258974,10842373747314,btc_qm_engine,btc_leading_zeros,0.0000000000
219258975,10842373747379,btc_qm_engine,btc_sha256_elapsed_ns,789.0000000000
219258976,10842373747809,btc_qm_engine,btc_sha256_nonce,2246212144.0000000000
219258977,10842373747894,btc_qm_engine,btc_leading_zeros,1.0000000000
219258978,10842373747953,btc_qm_engine,btc_sha256_elapsed_ns,790.0000000000
219258979,10842373748086,btc_qm_engine,btc_orbital_scan_nonce,2246277552.0000000000
219258980,10842373748413,btc_qm_engine,btc_sha256_nonce,2246263602.0000000000
219258981,10842373748496,btc_qm_engine,btc_leading_zeros,1.0000000000
219258982,10842373748563,btc_qm_engine,btc_sha256_elapsed_ns,791.0000000000
219258983,10842373748698,btc_qm_engine,btc_orbital_scan_nonce,2246251862.0000000000
219258984,10842373749032,btc_qm_engine,btc_sha256_nonce,2246277552.0000000000
219258985,10842373749119,btc_qm_engine,btc_leading_zeros,1.0000000000
219258986,10842373749178,btc_qm_engine,btc_sha256_elapsed_ns,791.0000000000
219258987,10842373749656,btc_qm_engine,btc_sha256_nonce,2246251862.0000000000
219258988,10842373749752,btc_qm_engine,btc_leading_zeros,2.0000000000
219258989,10842373749834,btc_qm_engine,btc_sha256_elapsed_ns,788.0000000000
219258990,10842373749969,btc_qm_engine,btc_orbital_scan_nonce,2246258805.0000000000
219258991,10842373750206,btc_qm_engine,btc_sha256_nonce,503580895.0000000000
219258992,10842373750293,btc_qm_engine,btc_leading_zeros,0.0000000000
219258993,10842373750354,btc_qm_engine,btc_sha256_elapsed_ns,794.0000000000
219258994,10842373750915,btc_qm_engine,btc_sha256_nonce,2246258805.0000000000
219258995,10842373751006,btc_qm_engine,btc_leading_zeros,1.0000000000
219258996,10842373751065,btc_qm_engine,btc_sha256_elapsed_ns,792.0000000000
219258997,10842373751210,btc_qm_engine,btc_orbital_scan_nonce,2246245624.0000000000
219258998,10842373751368,btc_qm_engine,btc_sha256_nonce,1332034815.0000000000
219258999,10842373751460,btc_qm_engine,btc_leading_zeros,2.0000000000
219259000,10842373751538,btc_qm_engine,btc_sha256_elapsed_ns,791.0000000000
219259001,10842373752184,btc_qm_engine,btc_sha256_nonce,2246245624.0000000000
219259002,10842373752271,btc_qm_engine,btc_leading_zeros,0.0000000000
219259003,10842373752353,btc_qm_engine,btc_sha256_elapsed_ns,791.0000000000
219259004,10842373752577,btc_qm_engine,btc_sha256_nonce,151498534.0000000000
219259005,10842373752636,btc_qm_engine,btc_leading_zeros,4.0000000000
219259006,10842373752700,btc_qm_engine,btc_sha256_elapsed_ns,796.0000000000
219259007,10842373752837,btc_qm_engine,btc_orbital_scan_nonce,2246215245.0000000000
219259008,10842373753387,btc_qm_engine,btc_sha256_nonce,2732371286.0000000000
219259009,10842373753470,btc_qm_engine,btc_leading_zeros,1.0000000000
219259010,10842373753530,btc_qm_engine,btc_sha256_elapsed_ns,797.0000000000
219259011,10842373753684,btc_qm_engine,btc_lebesgue_scan_nonce,10.0000000000
219259012,10842373753871,btc_qm_engine,btc_sha256_nonce,2246215245.0000000000
219259013,10842373754241,btc_qm_engine,btc_leading_zeros,0.0000000000
219259014,10842373754329,btc_qm_engine,btc_sha256_elapsed_ns,792.0000000000
219259015,10842373754469,btc_qm_engine,btc_orbital_scan_nonce,2246254488.0000000000
219259016,10842373754697,btc_qm_engine,btc_sha256_nonce,2246299562.0000000000
219259017,10842373754778,btc_qm_engine,btc_leading_zeros,1.0000000000
219259018,10842373754837,btc_qm_engine,btc_sha256_elapsed_ns,793.0000000000
219259019,10842373755014,btc_qm_engine,btc_lebesgue_scan_nonce,14.0000000000
219259020,10842373755427,btc_qm_engine,btc_sha256_nonce,2246254488.0000000000
219259021,10842373755512,btc_qm_engine,btc_leading_zeros,0.0000000000
219259022,10842373755571,btc_qm_engine,btc_sha256_elapsed_ns,801.0000000000
219259023,10842373755717,btc_qm_engine,btc_lebesgue_scan_nonce,9.0000000000
219259024,10842373755970,btc_qm_engine,btc_sha256_nonce,2246271086.0000000000
219259025,10842373756051,btc_qm_engine,btc_leading_zeros,1.0000000000
219259026,10842373756111,btc_qm_engine,btc_sha256_elapsed_ns,797.0000000000
219259027,10842373756668,btc_qm_engine,btc_sha256_nonce,2246195274.0000000000
219259028,10842373756756,btc_qm_engine,btc_leading_zeros,0.0000000000
219259029,10842373756817,btc_qm_engine,btc_sha256_elapsed_ns,798.0000000000
219259030,10842373756963,btc_qm_engine,btc_lebesgue_scan_nonce,1.0000000000
219259031,10842373757148,btc_qm_engine,btc_sha256_nonce,3321004443.0000000000
219259032,10842373757236,btc_qm_engine,btc_leading_zeros,4.0000000000
219259033,10842373757298,btc_qm_engine,btc_sha256_elapsed_ns,792.0000000000
219259034,10842373757911,btc_qm_engine,btc_sha256_nonce,2246276513.0000000000
219259035,10842373757998,btc_qm_engine,btc_leading_zeros,0.0000000000
219259036,10842373758059,btc_qm_engine,btc_sha256_elapsed_ns,793.0000000000
219259037,10842373758308,btc_qm_engine,btc_sha256_nonce,2243917534.0000000000
219259038,10842373758412,btc_qm_engine,btc_leading_zeros,1.0000000000
219259039,10842373758474,btc_qm_engine,btc_sha256_elapsed_ns,794.0000000000
219259040,10842373758606,btc_qm_engine,btc_orbital_scan_nonce,2246233012.0000000000
219259041,10842373759112,btc_qm_engine,btc_sha256_nonce,497750261.0000000000
219259042,10842373759198,btc_qm_engine,btc_leading_zeros,0.0000000000
219259043,10842373759282,btc_qm_engine,btc_sha256_elapsed_ns,794.0000000000
219259044,10842373759418,btc_qm_engine,btc_orbital_scan_nonce,2246253085.0000000000
219259045,10842373759565,btc_qm_engine,btc_sha256_nonce,2246233012.0000000000
219259046,10842373759655,btc_qm_engine,btc_leading_zeros,1.0000000000
219259047,10842373759720,btc_qm_engine,btc_sha256_elapsed_ns,799.0000000000
219259048,10842373760401,btc_qm_engine,btc_sha256_nonce,2246253085.0000000000
219259049,10842373760485,btc_qm_engine,btc_leading_zeros,0.0000000000
219259050,10842373760546,btc_qm_engine,btc_sha256_elapsed_ns,796.0000000000
219259051,10842373760783,btc_qm_engine,btc_sha256_nonce,3396422659.0000000000
219259052,10842373760872,btc_qm_engine,btc_leading_zeros,1.0000000000
219259053,10842373760933,btc_qm_engine,btc_sha256_elapsed_ns,796.0000000000
219259054,10842373761064,btc_qm_engine,btc_orbital_scan_nonce,2246230080.0000000000
219259055,10842373761618,btc_qm_engine,btc_sha256_nonce,205925617.0000000000
219259056,10842373761713,btc_qm_engine,btc_leading_zeros,2.0000000000
219259057,10842373761800,btc_qm_engine,btc_sha256_elapsed_ns,796.0000000000
219259058,10842373762018,btc_qm_engine,btc_sha256_nonce,2246230080.0000000000
219259059,10842373762104,btc_qm_engine,btc_leading_zeros,1.0000000000
219259060,10842373762164,btc_qm_engine,btc_sha256_elapsed_ns,793.0000000000
219259061,10842373762294,btc_qm_engine,btc_orbital_scan_nonce,2246212004.0000000000
219259062,10842373762804,btc_qm_engine,btc_sha256_nonce,1219277201.0000000000
219259063,10842373762904,btc_qm_engine,btc_leading_zeros,0.0000000000
219259064,10842373762964,btc_qm_engine,btc_sha256_elapsed_ns,793.0000000000
219259065,10842373763269,btc_qm_engine,btc_sha256_nonce,2246212004.0000000000
219259066,10842373763363,btc_qm_engine,btc_leading_zeros,0.0000000000
219259067,10842373763424,btc_qm_engine,btc_sha256_elapsed_ns,795.0000000000
219259068,10842373764004,btc_qm_engine,btc_sha256_nonce,1536970603.0000000000
219259069,10842373764086,btc_qm_engine,btc_leading_zeros,1.0000000000
219259070,10842373764183,btc_qm_engine,btc_sha256_elapsed_ns,798.0000000000
219259071,10842373764457,btc_qm_engine,btc_sha256_nonce,1612897141.0000000000
219259072,10842373764550,btc_qm_engine,btc_leading_zeros,0.0000000000
219259073,10842373764611,btc_qm_engine,btc_sha256_elapsed_ns,797.0000000000
219259074,10842373764744,btc_qm_engine,btc_orbital_scan_nonce,2246233402.0000000000
219259075,10842373765184,btc_qm_engine,btc_sha256_nonce,1704419311.0000000000
219259076,10842373765281,btc_qm_engine,btc_leading_zeros,1.0000000000
219259077,10842373765371,btc_qm_engine,btc_sha256_elapsed_ns,795.0000000000
219259078,10842373765702,btc_qm_engine,btc_sha256_nonce,2246233402.0000000000
219259079,10842373765790,btc_qm_engine,btc_leading_zeros,1.0000000000
219259080,10842373765869,btc_qm_engine,btc_sha256_elapsed_ns,799.0000000000
219259081,10842373766012,btc_qm_engine,btc_lebesgue_scan_nonce,17.0000000000
219259082,10842373766405,btc_qm_engine,btc_sha256_nonce,2610979397.0000000000
219259083,10842373766496,btc_qm_engine,btc_leading_zeros,0.0000000000
219259084,10842373766559,btc_qm_engine,btc_sha256_elapsed_ns,796.0000000000
219259085,10842373766701,btc_qm_engine,btc_orbital_scan_nonce,2246244675.0000000000
219259086,10842373766958,btc_qm_engine,btc_sha256_nonce,2246238200.0000000000
219259087,10842373767050,btc_qm_engine,btc_leading_zeros,1.0000000000
219259088,10842373767136,btc_qm_engine,btc_sha256_elapsed_ns,795.0000000000
219259089,10842373767629,btc_qm_engine,btc_sha256_nonce,2246244675.0000000000
219259090,10842373767724,btc_qm_engine,btc_leading_zeros,0.0000000000
219259091,10842373767807,btc_qm_engine,btc_sha256_elapsed_ns,792.0000000000
219259092,10842373768194,btc_qm_engine,btc_sha256_nonce,2245326333.0000000000
219259093,10842373768254,btc_qm_engine,btc_leading_zeros,0.0000000000
219259094,10842373768313,btc_qm_engine,btc_sha256_elapsed_ns,794.0000000000
219259095,10842373768851,btc_qm_engine,btc_sha256_nonce,2569343831.0000000000
219259096,10842373768938,btc_qm_engine,btc_leading_zeros,0.0000000000
219259097,10842373769001,btc_qm_engine,btc_sha256_elapsed_ns,796.0000000000
219259098,10842373769155,btc_qm_engine,btc_lebesgue_scan_nonce,8.0000000000
219259099,10842373769352,btc_qm_engine,btc_sha256_nonce,328261048.0000000000
219259100,10842373769447,btc_qm_engine,btc_leading_zeros,4.0000000000
219259101,10842373769531,btc_qm_engine,btc_sha256_elapsed_ns,795.0000000000
219259102,10842373769681,btc_qm_engine,btc_lebesgue_scan_nonce,22.0000000000
219259103,10842373770141,btc_qm_engine,btc_sha256_nonce,2246264764.0000000000
219259104,10842373770226,btc_qm_engine,btc_leading_zeros,0.0000000000
219259105,10842373770315,btc_qm_engine,btc_sha256_elapsed_ns,794.0000000000
219259106,10842373770631,btc_qm_engine,btc_sha256_nonce,2246295836.0000000000
219259107,10842373770726,btc_qm_engine,btc_leading_zeros,1.0000000000
219259108,10842373770791,btc_qm_engine,btc_sha256_elapsed_ns,790.0000000000
219259109,10842373770923,btc_qm_engine,btc_orbital_scan_nonce,2246298869.0000000000
219259110,10842373771317,btc_qm_engine,btc_sha256_nonce,699717136.0000000000
219259111,10842373771408,btc_qm_engine,btc_leading_zeros,0.0000000000
219259112,10842373771471,btc_qm_engine,btc_sha256_elapsed_ns,794.0000000000
219259113,10842373771607,btc_qm_engine,btc_orbital_scan_nonce,2246228547.0000000000
219259114,10842373771887,btc_qm_engine,btc_sha256_nonce,2246298869.0000000000
219259115,10842373771974,btc_qm_engine,btc_leading_zeros,2.0000000000
219259116,10842373772033,btc_qm_engine,btc_sha256_elapsed_ns,796.0000000000
219259117,10842373772174,btc_qm_engine,btc_lebesgue_scan_nonce,24.0000000000
219259118,10842373772587,btc_qm_engine,btc_sha256_nonce,2246228547.0000000000
219259119,10842373772673,btc_qm_engine,btc_leading_zeros,0.0000000000
219259120,10842373772753,btc_qm_engine,btc_sha256_elapsed_ns,794.0000000000
219259121,10842373772922,btc_qm_engine,btc_lebesgue_scan_nonce,19.0000000000
219259122,10842373773121,btc_qm_engine,btc_sha256_nonce,2246241253.0000000000
219259123,10842373773219,btc_qm_engine,btc_leading_zeros,0.0000000000
219259124,10842373773278,btc_qm_engine,btc_sha256_elapsed_ns,793.0000000000
219259125,10842373773411,btc_qm_engine,btc_orbital_scan_nonce,2246230247.0000000000
219259126,10842373773889,btc_qm_engine,btc_sha256_nonce,2246250202.0000000000
219259127,10842373773983,btc_qm_engine,btc_leading_zeros,3.0000000000
219259128,10842373774062,btc_qm_engine,btc_sha256_elapsed_ns,796.0000000000
219259129,10842373774353,btc_qm_engine,btc_sha256_nonce,2246230247.0000000000
219259130,10842373774440,btc_qm_engine,btc_leading_zeros,0.0000000000
219259131,10842373774522,btc_qm_engine,btc_sha256_elapsed_ns,794.0000000000
219259132,10842373775082,btc_qm_engine,btc_sha256_nonce,1333069444.0000000000
219259133,10842373775169,btc_qm_engine,btc_leading_zeros,2.0000000000
219259134,10842373775249,btc_qm_engine,btc_sha256_elapsed_ns,791.0000000000
219259135,10842373775384,btc_qm_engine,btc_orbital_scan_nonce,2246262299.0000000000
219259136,10842373775547,btc_qm_engine,btc_sha256_nonce,112216353.0000000000
219259137,10842373775633,btc_qm_engine,btc_leading_zeros,0.0000000000
219259138,10842373775698,btc_qm_engine,btc_sha256_elapsed_ns,793.0000000000
219259139,10842373775833,btc_qm_engine,btc_orbital_scan_nonce,2246218157.0000000000
219259140,10842373776384,btc_qm_engine,btc_sha256_nonce,2246262299.0000000000
219259141,10842373776467,btc_qm_engine,btc_leading_zeros,2.0000000000
219259142,10842373776548,btc_qm_engine,btc_sha256_elapsed_ns,792.0000000000
219259143,10842373776781,btc_qm_engine,btc_sha256_nonce,2246218157.0000000000
219259144,10842373776869,btc_qm_engine,btc_leading_zeros,0.0000000000
219259145,10842373776954,btc_qm_engine,btc_sha256_elapsed_ns,790.0000000000
219259146,10842373777085,btc_qm_engine,btc_orbital_scan_nonce,2246238603.0000000000
219259147,10842373777548,btc_qm_engine,btc_sha256_nonce,3954580931.0000000000
219259148,10842373777642,btc_qm_engine,btc_leading_zeros,0.0000000000
219259149,10842373777735,btc_qm_engine,btc_sha256_elapsed_ns,791.0000000000
219259150,10842373777882,btc_qm_engine,btc_lebesgue_scan_nonce,24.0000000000
219259151,10842373778037,btc_qm_engine,btc_sha256_nonce,2246238603.0000000000
219259152,10842373778133,btc_qm_engine,btc_leading_zeros,1.0000000000
219259153,10842373778218,btc_qm_engine,btc_sha256_elapsed_ns,794.0000000000
219259154,10842373779043,btc_qm_engine,btc_sha256_nonce,2246211491.0000000000
219259155,10842373779145,btc_qm_engine,btc_leading_zeros,0.0000000000
219259156,10842373779363,btc_qm_engine,btc_sha256_nonce,2785544598.0000000000
219259157,10842373779810,btc_qm_engine,btc_leading_zeros,0.0000000000
219259158,10842373779876,btc_qm_engine,btc_sha256_elapsed_ns,790.0000000000
219259159,10842373780117,btc_qm_engine,btc_sha256_elapsed_ns,958.0000000000
219259160,10842373780633,btc_qm_engine,btc_orbital_scan_nonce,2246282319.0000000000
219259161,10842373780878,btc_qm_engine,btc_sha256_nonce,99606589.0000000000
219259162,10842373780972,btc_qm_engine,btc_leading_zeros,0.0000000000
219259163,10842373781061,btc_qm_engine,btc_sha256_elapsed_ns,790.0000000000
219259164,10842373781196,btc_qm_engine,btc_orbital_scan_nonce,2246232151.0000000000
219259165,10842373782166,btc_qm_engine,btc_sha256_nonce,2246232151.0000000000
219259166,10842373782538,btc_qm_engine,btc_leading_zeros,1.0000000000
219259167,10842373782621,btc_qm_engine,btc_sha256_elapsed_ns,789.0000000000
219259168,10842373782746,btc_qm_engine,btc_sha256_nonce,2246282319.0000000000
219259169,10842373783178,btc_qm_engine,btc_leading_zeros,1.0000000000
219259170,10842373783266,btc_qm_engine,btc_sha256_elapsed_ns,1295.0000000000
219259171,10842373783656,btc_qm_engine,btc_sha256_nonce,374471631.0000000000
219259172,10842373783746,btc_qm_engine,btc_leading_zeros,0.0000000000
219259173,10842373783830,btc_qm_engine,btc_sha256_elapsed_ns,793.0000000000
219259174,10842373783967,btc_qm_engine,btc_orbital_scan_nonce,2246217735.0000000000
219259175,10842373784627,btc_qm_engine,btc_sha256_nonce,1457928316.0000000000
219259176,10842373784722,btc_qm_engine,btc_leading_zeros,1.0000000000
219259177,10842373784790,btc_qm_engine,btc_sha256_elapsed_ns,1084.0000000000
219259178,10842373784925,btc_qm_engine,btc_sha256_nonce,2246217735.0000000000
219259179,10842373785026,btc_qm_engine,btc_leading_zeros,2.0000000000
219259180,10842373785086,btc_qm_engine,btc_sha256_elapsed_ns,791.0000000000
219259181,10842373786050,btc_qm_engine,btc_sha256_nonce,1501021012.0000000000
219259182,10842373786288,btc_qm_engine,btc_sha256_nonce,2914815194.0000000000
219259183,10842373786821,btc_qm_engine,btc_leading_zeros,0.0000000000
219259184,10842373787008,btc_qm_engine,btc_leading_zeros,4.0000000000
219259185,10842373787103,btc_qm_engine,btc_sha256_elapsed_ns,1063.0000000000
219259186,10842373787349,btc_qm_engine,btc_sha256_elapsed_ns,792.0000000000
219259187,10842373788352,btc_qm_engine,btc_sha256_nonce,2920725409.0000000000
219259188,10842373788415,btc_qm_engine,btc_leading_zeros,1.0000000000
219259189,10842373788498,btc_qm_engine,btc_sha256_elapsed_ns,794.0000000000
219259190,10842373788635,btc_qm_engine,btc_orbital_scan_nonce,2246232869.0000000000
219259191,10842373788771,btc_qm_engine,btc_sha256_nonce,812810373.0000000000
219259192,10842373788871,btc_qm_engine,btc_leading_zeros,0.0000000000
219259193,10842373788955,btc_qm_engine,btc_sha256_elapsed_ns,1367.0000000000
219259194,10842373789155,btc_qm_engine,btc_orbital_scan_nonce,2246250933.0000000000
219259195,10842373789592,btc_qm_engine,btc_sha256_nonce,2246232869.0000000000
219259196,10842373789682,btc_qm_engine,btc_leading_zeros,0.0000000000
219259197,10842373789764,btc_qm_engine,btc_sha256_elapsed_ns,795.0000000000
219259198,10842373790582,btc_qm_engine,btc_sha256_nonce,2246250933.0000000000
219259199,10842373790712,btc_qm_engine,btc_leading_zeros,2.0000000000
219259200,10842373790968,btc_qm_engine,btc_sha256_nonce,2642106558.0000000000
219259201,10842373791328,btc_qm_engine,btc_leading_zeros,0.0000000000
219259202,10842373791393,btc_qm_engine,btc_sha256_elapsed_ns,798.0000000000
219259203,10842373791603,btc_qm_engine,btc_sha256_elapsed_ns,1211.0000000000
219259204,10842373792133,btc_qm_engine,btc_orbital_scan_nonce,2246235861.0000000000
219259205,10842373792459,btc_qm_engine,btc_sha256_nonce,2244088986.0000000000
219259206,10842373792547,btc_qm_engine,btc_leading_zeros,3.0000000000
219259207,10842373792610,btc_qm_engine,btc_sha256_elapsed_ns,795.0000000000
219259208,10842373792752,btc_qm_engine,btc_orbital_scan_nonce,2246260872.0000000000
219259209,10842373793780,btc_qm_engine,btc_sha256_nonce,2246235861.0000000000
219259210,10842373794404,btc_qm_engine,btc_sha256_nonce,2246260872.0000000000
219259211,10842373794680,btc_qm_engine,btc_leading_zeros,1.0000000000
219259212,10842373795000,btc_qm_engine,btc_leading_zeros,0.0000000000
219259213,10842373795286,btc_qm_engine,btc_sha256_elapsed_ns,796.0000000000
219259214,10842373795531,btc_qm_engine,btc_sha256_elapsed_ns,1383.0000000000
219259215,10842373796387,btc_qm_engine,btc_sha256_nonce,1627808397.0000000000
219259216,10842373796474,btc_qm_engine,btc_leading_zeros,1.0000000000
219259217,10842373796562,btc_qm_engine,btc_sha256_elapsed_ns,798.0000000000
219259218,10842373797578,btc_qm_engine,btc_sha256_nonce,4152464638.0000000000
219259219,10842373797782,btc_qm_engine,btc_sha256_nonce,2531202514.0000000000
219259220,10842373798008,btc_qm_engine,btc_leading_zeros,0.0000000000
219259221,10842373798231,btc_qm_engine,btc_leading_zeros,3.0000000000
219259222,10842373798320,btc_qm_engine,btc_sha256_elapsed_ns,795.0000000000
219259223,10842373798516,btc_qm_engine,btc_sha256_elapsed_ns,1114.0000000000
219259224,10842373799369,btc_qm_engine,btc_sha256_nonce,2712772103.0000000000
219259225,10842373799457,btc_qm_engine,btc_leading_zeros,3.0000000000
219259226,10842373799523,btc_qm_engine,btc_sha256_elapsed_ns,796.0000000000
219259227,10842373800272,btc_qm_engine,btc_sha256_nonce,2059200839.0000000000
219259228,10842373800379,btc_qm_engine,btc_leading_zeros,1.0000000000
219259229,10842373800474,btc_qm_engine,btc_sha256_elapsed_ns,1423.0000000000
219259230,10842373800724,btc_qm_engine,btc_sha256_nonce,416449794.0000000000
219259231,10842373801018,btc_qm_engine,btc_leading_zeros,2.0000000000
219259232,10842373801082,btc_qm_engine,btc_sha256_elapsed_ns,795.0000000000
219259233,10842373801220,btc_qm_engine,btc_orbital_scan_nonce,2246238243.0000000000
219259234,10842373802075,btc_qm_engine,btc_sha256_nonce,727725655.0000000000
219259235,10842373802383,btc_qm_engine,btc_sha256_nonce,2246238243.0000000000
219259236,10842373802725,btc_qm_engine,btc_leading_zeros,3.0000000000
219259237,10842373802815,btc_qm_engine,btc_sha256_elapsed_ns,799.0000000000
219259238,10842373802960,btc_qm_engine,btc_orbital_scan_nonce,2246218514.0000000000
219259239,10842373803631,btc_qm_engine,btc_leading_zeros,0.0000000000
219259240,10842373804076,btc_qm_engine,btc_sha256_elapsed_ns,1219.0000000000
219259241,10842373804394,btc_qm_engine,btc_sha256_nonce,2246218514.0000000000
219259242,10842373804741,btc_qm_engine,btc_leading_zeros,1.0000000000
219259243,10842373804834,btc_qm_engine,btc_sha256_elapsed_ns,792.0000000000
219259244,10842373804961,btc_qm_engine,btc_orbital_scan_nonce,2246198869.0000000000
219259245,10842373805877,btc_qm_engine,btc_sha256_nonce,3375962440.0000000000
219259246,10842373805967,btc_qm_engine,btc_leading_zeros,3.0000000000
219259247,10842373806026,btc_qm_engine,btc_sha256_elapsed_ns,791.0000000000
219259248,10842373806166,btc_qm_engine,btc_orbital_scan_nonce,2246243377.0000000000
219259249,10842373806735,btc_qm_engine,btc_sha256_nonce,2246198869.0000000000
219259250,10842373806838,btc_qm_engine,btc_leading_zeros,4.0000000000
219259251,10842373807248,btc_qm_engine,btc_sha256_elapsed_ns,1272.0000000000
219259252,10842373807638,btc_qm_engine,btc_sha256_nonce,2246243377.0000000000
219259253,10842373807921,btc_qm_engine,btc_leading_zeros,0.0000000000
219259254,10842373808014,btc_qm_engine,btc_sha256_elapsed_ns,790.0000000000
219259255,10842373808726,btc_qm_engine,btc_sha256_nonce,2496541590.0000000000
219259256,10842373808826,btc_qm_engine,btc_leading_zeros,2.0000000000
219259257,10842373808894,btc_qm_engine,btc_sha256_elapsed_ns,799.0000000000
219259258,10842373809064,btc_qm_engine,btc_orbital_scan_nonce,2246287519.0000000000
219259259,10842373809585,btc_qm_engine,btc_sha256_nonce,2093908656.0000000000
219259260,10842373809882,btc_qm_engine,btc_leading_zeros,3.0000000000
219259261,10842373809976,btc_qm_engine,btc_sha256_elapsed_ns,795.0000000000
219259262,10842373810113,btc_qm_engine,btc_orbital_scan_nonce,2246222125.0000000000
219259263,10842373810371,btc_qm_engine,btc_sha256_nonce,2246287519.0000000000
219259264,10842373810480,btc_qm_engine,btc_leading_zeros,1.0000000000
219259265,10842373810562,btc_qm_engine,btc_sha256_elapsed_ns,793.0000000000
219259266,10842373810711,btc_qm_engine,btc_lebesgue_scan_nonce,19.0000000000
219259267,10842373811062,btc_qm_engine,btc_sha256_nonce,2246222125.0000000000
219259268,10842373811154,btc_qm_engine,btc_leading_zeros,0.0000000000
219259269,10842373811217,btc_qm_engine,btc_sha256_elapsed_ns,793.0000000000
219259270,10842373811667,btc_qm_engine,btc_sha256_nonce,2246313144.0000000000
219259271,10842373811758,btc_qm_engine,btc_leading_zeros,0.0000000000
219259272,10842373811820,btc_qm_engine,btc_sha256_elapsed_ns,793.0000000000
219259273,10842373812250,btc_qm_engine,btc_sha256_nonce,2702348000.0000000000
219259274,10842373812337,btc_qm_engine,btc_leading_zeros,0.0000000000
219259275,10842373812430,btc_qm_engine,btc_sha256_elapsed_ns,793.0000000000
219259276,10842373812566,btc_qm_engine,btc_orbital_scan_nonce,2246290020.0000000000
219259277,10842373812847,btc_qm_engine,btc_sha256_nonce,3512707001.0000000000
219259278,10842373812940,btc_qm_engine,btc_leading_zeros,0.0000000000
219259279,10842373813002,btc_qm_engine,btc_sha256_elapsed_ns,793.0000000000
219259280,10842373813522,btc_qm_engine,btc_sha256_nonce,2246290020.0000000000
219259281,10842373813607,btc_qm_engine,btc_leading_zeros,1.0000000000
219259282,10842373813667,btc_qm_engine,btc_sha256_elapsed_ns,792.0000000000
219259283,10842373814045,btc_qm_engine,btc_sha256_nonce,4024149147.0000000000
219259284,10842373814136,btc_qm_engine,btc_leading_zeros,3.0000000000
219259285,10842373814205,btc_qm_engine,btc_sha256_elapsed_ns,792.0000000000
219259286,10842373814722,btc_qm_engine,btc_sha256_nonce,2260709206.0000000000
219259287,10842373814811,btc_qm_engine,btc_leading_zeros,0.0000000000
219259288,10842373814900,btc_qm_engine,btc_sha256_elapsed_ns,790.0000000000
219259289,10842373815055,btc_qm_engine,btc_orbital_scan_nonce,2246266382.0000000000
219259290,10842373815244,btc_qm_engine,btc_sha256_nonce,3545621816.0000000000
219259291,10842373815330,btc_qm_engine,btc_leading_zeros,2.0000000000
219259292,10842373815392,btc_qm_engine,btc_sha256_elapsed_ns,792.0000000000
219259293,10842373815529,btc_qm_engine,btc_orbital_scan_nonce,2246265566.0000000000
219259294,10842373815985,btc_qm_engine,btc_sha256_nonce,2246266382.0000000000
219259295,10842373816072,btc_qm_engine,btc_leading_zeros,0.0000000000
219259296,10842373816153,btc_qm_engine,btc_sha256_elapsed_ns,794.0000000000
219259297,10842373816453,btc_qm_engine,btc_sha256_nonce,2246265566.0000000000
219259298,10842373816545,btc_qm_engine,btc_leading_zeros,0.0000000000
219259299,10842373816606,btc_qm_engine,btc_sha256_elapsed_ns,794.0000000000
219259300,10842373817219,btc_qm_engine,btc_sha256_nonce,2243682929.0000000000
219259301,10842373817302,btc_qm_engine,btc_leading_zeros,0.0000000000
219259302,10842373817389,btc_qm_engine,btc_sha256_elapsed_ns,795.0000000000
219259303,10842373817645,btc_qm_engine,btc_sha256_nonce,1678064968.0000000000
219259304,10842373817744,btc_qm_engine,btc_leading_zeros,4.0000000000
219259305,10842373817807,btc_qm_engine,btc_sha256_elapsed_ns,795.0000000000
219259306,10842373818395,btc_qm_engine,btc_sha256_nonce,1291743762.0000000000
219259307,10842373818495,btc_qm_engine,btc_leading_zeros,1.0000000000
219259308,10842373818556,btc_qm_engine,btc_sha256_elapsed_ns,797.0000000000
219259309,10842373818820,btc_qm_engine,btc_sha256_nonce,3594844024.0000000000
219259310,10842373818915,btc_qm_engine,btc_leading_zeros,0.0000000000
219259311,10842373818976,btc_qm_engine,btc_sha256_elapsed_ns,793.0000000000
219259312,10842373819115,btc_qm_engine,btc_orbital_scan_nonce,2246241826.0000000000
219259313,10842373819622,btc_qm_engine,btc_sha256_nonce,359120226.0000000000
219259314,10842373819715,btc_qm_engine,btc_leading_zeros,0.0000000000
219259315,10842373819798,btc_qm_engine,btc_sha256_elapsed_ns,794.0000000000
219259316,10842373819938,btc_qm_engine,btc_orbital_scan_nonce,2246239914.0000000000
219259317,10842373820090,btc_qm_engine,btc_sha256_nonce,2246241826.0000000000
219259318,10842373820176,btc_qm_engine,btc_leading_zeros,4.0000000000
219259319,10842373820237,btc_qm_engine,btc_sha256_elapsed_ns,797.0000000000
219259320,10842373820903,btc_qm_engine,btc_sha256_nonce,2246239914.0000000000
219259321,10842373820984,btc_qm_engine,btc_leading_zeros,4.0000000000
219259322,10842373821043,btc_qm_engine,btc_sha256_elapsed_ns,794.0000000000
219259323,10842373821182,btc_qm_engine,btc_orbital_scan_nonce,2246198869.0000000000
219259324,10842373821408,btc_qm_engine,btc_sha256_nonce,2480684742.0000000000
219259325,10842373821758,btc_qm_engine,btc_leading_zeros,2.0000000000
219259326,10842373821835,btc_qm_engine,btc_sha256_elapsed_ns,794.0000000000
219259327,10842373822246,btc_qm_engine,btc_sha256_nonce,2246198869.0000000000
219259328,10842373822337,btc_qm_engine,btc_leading_zeros,4.0000000000
219259329,10842373822398,btc_qm_engine,btc_sha256_elapsed_ns,794.0000000000
219259330,10842373822873,btc_qm_engine,btc_sha256_nonce,1332269772.0000000000
219259331,10842373822972,btc_qm_engine,btc_leading_zeros,1.0000000000
219259332,10842373823032,btc_qm_engine,btc_sha256_elapsed_ns,796.0000000000
219259333,10842373823418,btc_qm_engine,btc_sha256_nonce,3989086139.0000000000
219259334,10842373823516,btc_qm_engine,btc_leading_zeros,3.0000000000
219259335,10842373823585,btc_qm_engine,btc_sha256_elapsed_ns,792.0000000000
219259336,10842373824097,btc_qm_engine,btc_sha256_nonce,3629892180.0000000000
219259337,10842373824178,btc_qm_engine,btc_leading_zeros,1.0000000000
219259338,10842373824260,btc_qm_engine,btc_sha256_elapsed_ns,795.0000000000
219259339,10842373824417,btc_qm_engine,btc_lebesgue_scan_nonce,5.0000000000
219259340,10842373824641,btc_qm_engine,btc_sha256_nonce,2244980950.0000000000
219259341,10842373824727,btc_qm_engine,btc_leading_zeros,1.0000000000
219259342,10842373824808,btc_qm_engine,btc_sha256_elapsed_ns,795.0000000000
219259343,10842373824946,btc_qm_engine,btc_orbital_scan_nonce,2246239845.0000000000
219259344,10842373825377,btc_qm_engine,btc_sha256_nonce,2246220010.0000000000
219259345,10842373825462,btc_qm_engine,btc_leading_zeros,0.0000000000
219259346,10842373825522,btc_qm_engine,btc_sha256_elapsed_ns,798.0000000000
219259347,10842373825668,btc_qm_engine,btc_orbital_scan_nonce,2246254671.0000000000
219259348,10842373825902,btc_qm_engine,btc_sha256_nonce,2246239845.0000000000
219259349,10842373825990,btc_qm_engine,btc_leading_zeros,0.0000000000
219259350,10842373826074,btc_qm_engine,btc_sha256_elapsed_ns,796.0000000000
219259351,10842373826611,btc_qm_engine,btc_sha256_nonce,2246254671.0000000000
219259352,10842373826700,btc_qm_engine,btc_leading_zeros,1.0000000000
219259353,10842373826783,btc_qm_engine,btc_sha256_elapsed_ns,795.0000000000
219259354,10842373826923,btc_qm_engine,btc_orbital_scan_nonce,2246269050.0000000000
219259355,10842373827110,btc_qm_engine,btc_sha256_nonce,982492315.0000000000
219259356,10842373827197,btc_qm_engine,btc_leading_zeros,0.0000000000
219259357,10842373827290,btc_qm_engine,btc_sha256_elapsed_ns,797.0000000000
219259358,10842373827893,btc_qm_engine,btc_sha256_nonce,2246269050.0000000000
219259359,10842373827981,btc_qm_engine,btc_leading_zeros,0.0000000000
219259360,10842373828062,btc_qm_engine,btc_sha256_elapsed_ns,794.0000000000
219259361,10842373828316,btc_qm_engine,btc_sha256_nonce,1090957416.0000000000
219259362,10842373828407,btc_qm_engine,btc_leading_zeros,1.0000000000
219259363,10842373828468,btc_qm_engine,btc_sha256_elapsed_ns,796.0000000000
219259364,10842373829141,btc_qm_engine,btc_sha256_nonce,927431095.0000000000
219259365,10842373829222,btc_qm_engine,btc_leading_zeros,2.0000000000
219259366,10842373829303,btc_qm_engine,btc_sha256_elapsed_ns,793.0000000000
219259367,10842373829440,btc_qm_engine,btc_orbital_scan_nonce,2246233838.0000000000
219259368,10842373829620,btc_qm_engine,btc_sha256_nonce,3793292870.0000000000
219259369,10842373829902,btc_qm_engine,btc_leading_zeros,0.0000000000
219259370,10842373829967,btc_qm_engine,btc_sha256_elapsed_ns,795.0000000000
219259371,10842373830090,btc_qm_engine,btc_orbital_scan_nonce,2246279474.0000000000
219259372,10842373830483,btc_qm_engine,btc_sha256_nonce,2246233838.0000000000
219259373,10842373830564,btc_qm_engine,btc_leading_zeros,2.0000000000
219259374,10842373830625,btc_qm_engine,btc_sha256_elapsed_ns,793.0000000000
219259375,10842373830762,btc_qm_engine,btc_orbital_scan_nonce,2246268713.0000000000
219259376,10842373831046,btc_qm_engine,btc_sha256_nonce,2246279474.0000000000
219259377,10842373831143,btc_qm_engine,btc_leading_zeros,0.0000000000
219259378,10842373831207,btc_qm_engine,btc_sha256_elapsed_ns,799.0000000000
219259379,10842373831707,btc_qm_engine,btc_sha256_nonce,2246268713.0000000000
219259380,10842373831798,btc_qm_engine,btc_leading_zeros,0.0000000000
219259381,10842373831861,btc_qm_engine,btc_sha256_elapsed_ns,794.0000000000
219259382,10842373832243,btc_qm_engine,btc_sha256_nonce,2308781723.0000000000
219259383,10842373832330,btc_qm_engine,btc_leading_zeros,0.0000000000
219259384,10842373832418,btc_qm_engine,btc_sha256_elapsed_ns,796.0000000000
219259385,10842373832574,btc_qm_engine,btc_lebesgue_scan_nonce,11.0000000000
219259386,10842373832893,btc_qm_engine,btc_sha256_nonce,3035517409.0000000000
219259387,10842373832984,btc_qm_engine,btc_leading_zeros,0.0000000000
219259388,10842373833045,btc_qm_engine,btc_sha256_elapsed_ns,795.0000000000
219259389,10842373833541,btc_qm_engine,btc_sha256_nonce,2246258687.0000000000
219259390,10842373833633,btc_qm_engine,btc_leading_zeros,3.0000000000
219259391,10842373833695,btc_qm_engine,btc_sha256_elapsed_ns,792.0000000000
219259392,10842373833836,btc_qm_engine,btc_orbital_scan_nonce,2246272392.0000000000
219259393,10842373834051,btc_qm_engine,btc_sha256_nonce,760119848.0000000000
219259394,10842373834152,btc_qm_engine,btc_leading_zeros,0.0000000000
219259395,10842373834213,btc_qm_engine,btc_sha256_elapsed_ns,796.0000000000
219259396,10842373834349,btc_qm_engine,btc_orbital_scan_nonce,2246234198.0000000000
219259397,10842373834816,btc_qm_engine,btc_sha256_nonce,2246272392.0000000000
219259398,10842373834904,btc_qm_engine,btc_leading_zeros,1.0000000000
219259399,10842373834965,btc_qm_engine,btc_sha256_elapsed_ns,794.0000000000
219259400,10842373835300,btc_qm_engine,btc_sha256_nonce,2246234198.0000000000
219259401,10842373835381,btc_qm_engine,btc_leading_zeros,0.0000000000
219259402,10842373835440,btc_qm_engine,btc_sha256_elapsed_ns,794.0000000000
219259403,10842373836023,btc_qm_engine,btc_sha256_nonce,779423762.0000000000
219259404,10842373836110,btc_qm_engine,btc_leading_zeros,1.0000000000
219259405,10842373836197,btc_qm_engine,btc_sha256_elapsed_ns,791.0000000000
219259406,10842373836335,btc_qm_engine,btc_orbital_scan_nonce,2246273789.0000000000
219259407,10842373836447,btc_qm_engine,btc_sha256_nonce,1475419945.0000000000
219259408,10842373836536,btc_qm_engine,btc_leading_zeros,1.0000000000
219259409,10842373836597,btc_qm_engine,btc_sha256_elapsed_ns,792.0000000000
219259410,10842373837257,btc_qm_engine,btc_sha256_nonce,2246273789.0000000000
219259411,10842373837347,btc_qm_engine,btc_leading_zeros,0.0000000000
219259412,10842373837407,btc_qm_engine,btc_sha256_elapsed_ns,793.0000000000
219259413,10842373837602,btc_qm_engine,btc_sha256_nonce,3726345913.0000000000
219259414,10842373837693,btc_qm_engine,btc_leading_zeros,0.0000000000
219259415,10842373837755,btc_qm_engine,btc_sha256_elapsed_ns,793.0000000000
219259416,10842373838481,btc_qm_engine,btc_sha256_nonce,3232460558.0000000000
219259417,10842373838564,btc_qm_engine,btc_leading_zeros,1.0000000000
219259418,10842373838625,btc_qm_engine,btc_sha256_elapsed_ns,794.0000000000
219259419,10842373838760,btc_qm_engine,btc_sha256_nonce,530755723.0000000000
219259420,10842373839011,btc_qm_engine,btc_leading_zeros,1.0000000000
219259421,10842373839494,btc_qm_engine,btc_sha256_elapsed_ns,789.0000000000
219259422,10842373839957,btc_qm_engine,btc_orbital_scan_nonce,2246274080.0000000000
219259423,10842373840095,btc_qm_engine,btc_orbital_scan_nonce,2246256378.0000000000
219259424,10842373841016,btc_qm_engine,btc_sha256_nonce,2246256378.0000000000
219259425,10842373841076,btc_qm_engine,btc_leading_zeros,1.0000000000
219259426,10842373841327,btc_qm_engine,btc_sha256_elapsed_ns,797.0000000000
219259427,10842373841781,btc_qm_engine,btc_sha256_nonce,2246274080.0000000000
219259428,10842373841957,btc_qm_engine,btc_orbital_scan_nonce,2246255620.0000000000
219259429,10842373842180,btc_qm_engine,btc_leading_zeros,1.0000000000
219259430,10842373842276,btc_qm_engine,btc_sha256_elapsed_ns,794.0000000000
219259431,10842373842931,btc_qm_engine,btc_sha256_nonce,2246255620.0000000000
219259432,10842373843023,btc_qm_engine,btc_leading_zeros,1.0000000000
219259433,10842373843109,btc_qm_engine,btc_sha256_elapsed_ns,795.0000000000
219259434,10842373843322,btc_qm_engine,btc_sha256_nonce,2243831516.0000000000
219259435,10842373843413,btc_qm_engine,btc_leading_zeros,0.0000000000
219259436,10842373843490,btc_qm_engine,btc_sha256_elapsed_ns,793.0000000000
219259437,10842373844110,btc_qm_engine,btc_sha256_nonce,1845205007.0000000000
219259438,10842373844197,btc_qm_engine,btc_leading_zeros,0.0000000000
219259439,10842373844258,btc_qm_engine,btc_sha256_elapsed_ns,792.0000000000
219259440,10842373844546,btc_qm_engine,btc_sha256_nonce,3011714616.0000000000
219259441,10842373844626,btc_qm_engine,btc_leading_zeros,1.0000000000
219259442,10842373844686,btc_qm_engine,btc_sha256_elapsed_ns,794.0000000000
219259443,10842373845320,btc_qm_engine,btc_sha256_nonce,3920568358.0000000000
219259444,10842373845405,btc_qm_engine,btc_leading_zeros,0.0000000000
219259445,10842373845488,btc_qm_engine,btc_sha256_elapsed_ns,797.0000000000
219259446,10842373845640,btc_qm_engine,btc_lebesgue_scan_nonce,20.0000000000
219259447,10842373845767,btc_qm_engine,btc_sha256_nonce,1937133096.0000000000
219259448,10842373845869,btc_qm_engine,btc_leading_zeros,0.0000000000
219259449,10842373845939,btc_qm_engine,btc_sha256_elapsed_ns,793.0000000000
219259450,10842373846081,btc_qm_engine,btc_orbital_scan_nonce,2246234769.0000000000
219259451,10842373846617,btc_qm_engine,btc_sha256_nonce,2246191349.0000000000
219259452,10842373846707,btc_qm_engine,btc_leading_zeros,0.0000000000
219259453,10842373846789,btc_qm_engine,btc_sha256_elapsed_ns,793.0000000000
219259454,10842373847061,btc_qm_engine,btc_sha256_nonce,2246234769.0000000000
219259455,10842373847148,btc_qm_engine,btc_leading_zeros,1.0000000000
219259456,10842373847208,btc_qm_engine,btc_sha256_elapsed_ns,793.0000000000
219259457,10842373847342,btc_qm_engine,btc_orbital_scan_nonce,2246293407.0000000000
219259458,10842373847820,btc_qm_engine,btc_sha256_nonce,1333189156.0000000000
219259459,10842373847918,btc_qm_engine,btc_leading_zeros,1.0000000000
219259460,10842373847980,btc_qm_engine,btc_sha256_elapsed_ns,794.0000000000
219259461,10842373848139,btc_qm_engine,btc_lebesgue_scan_nonce,3.0000000000
219259462,10842373848271,btc_qm_engine,btc_sha256_nonce,2246293407.0000000000
219259463,10842373848366,btc_qm_engine,btc_leading_zeros,0.0000000000
219259464,10842373848425,btc_qm_engine,btc_sha256_elapsed_ns,793.0000000000
219259465,10842373849116,btc_qm_engine,btc_sha256_nonce,2246276177.0000000000
219259466,10842373849205,btc_qm_engine,btc_leading_zeros,0.0000000000
219259467,10842373849286,btc_qm_engine,btc_sha256_elapsed_ns,795.0000000000
219259468,10842373849467,btc_qm_engine,btc_sha256_nonce,1779815852.0000000000
219259469,10842373849550,btc_qm_engine,btc_leading_zeros,0.0000000000
219259470,10842373849611,btc_qm_engine,btc_sha256_elapsed_ns,796.0000000000
219259471,10842373850316,btc_qm_engine,btc_sha256_nonce,340765510.0000000000
219259472,10842373850412,btc_qm_engine,btc_leading_zeros,0.0000000000
219259473,10842373850474,btc_qm_engine,btc_sha256_elapsed_ns,790.0000000000
219259474,10842373850646,btc_qm_engine,btc_sha256_nonce,1623370477.0000000000
219259475,10842373850736,btc_qm_engine,btc_leading_zeros,1.0000000000
219259476,10842373850802,btc_qm_engine,btc_sha256_elapsed_ns,791.0000000000
219259477,10842373850937,btc_qm_engine,btc_orbital_scan_nonce,2246265016.0000000000
219259478,10842373851506,btc_qm_engine,btc_sha256_nonce,1453837275.0000000000
219259479,10842373851595,btc_qm_engine,btc_leading_zeros,0.0000000000
219259480,10842373851677,btc_qm_engine,btc_sha256_elapsed_ns,794.0000000000
219259481,10842373851903,btc_qm_engine,btc_sha256_nonce,2246265016.0000000000
219259482,10842373851994,btc_qm_engine,btc_leading_zeros,2.0000000000
219259483,10842373852061,btc_qm_engine,btc_sha256_elapsed_ns,794.0000000000
219259484,10842373852185,btc_qm_engine,btc_orbital_scan_nonce,2246232035.0000000000
219259485,10842373852715,btc_qm_engine,btc_sha256_nonce,2930182057.0000000000
219259486,10842373852803,btc_qm_engine,btc_leading_zeros,0.0000000000
219259487,10842373852866,btc_qm_engine,btc_sha256_elapsed_ns,794.0000000000
219259488,10842373853151,btc_qm_engine,btc_sha256_nonce,2246232035.0000000000
219259489,10842373853241,btc_qm_engine,btc_leading_zeros,3.0000000000
219259490,10842373853301,btc_qm_engine,btc_sha256_elapsed_ns,795.0000000000
219259491,10842373853426,btc_qm_engine,btc_orbital_scan_nonce,2246206214.0000000000
219259492,10842373853930,btc_qm_engine,btc_sha256_nonce,177651553.0000000000
219259493,10842373854012,btc_qm_engine,btc_leading_zeros,3.0000000000
219259494,10842373854102,btc_qm_engine,btc_sha256_elapsed_ns,793.0000000000
219259495,10842373854236,btc_qm_engine,btc_orbital_scan_nonce,2246235267.0000000000
219259496,10842373854377,btc_qm_engine,btc_sha256_nonce,2246206214.0000000000
219259497,10842373854462,btc_qm_engine,btc_leading_zeros,0.0000000000
219259498,10842373854522,btc_qm_engine,btc_sha256_elapsed_ns,794.0000000000
219259499,10842373855188,btc_qm_engine,btc_sha256_nonce,2246235267.0000000000
219259500,10842373855281,btc_qm_engine,btc_leading_zeros,0.0000000000
219259501,10842373855369,btc_qm_engine,btc_sha256_elapsed_ns,794.0000000000
219259502,10842373855538,btc_qm_engine,btc_sha256_nonce,3445351557.0000000000
219259503,10842373855785,btc_qm_engine,btc_leading_zeros,3.0000000000
219259504,10842373856216,btc_qm_engine,btc_lebesgue_scan_nonce,21.0000000000
219259505,10842373856752,btc_qm_engine,btc_sha256_elapsed_ns,794.0000000000
219259506,10842373857156,btc_qm_engine,btc_orbital_scan_nonce,2246267912.0000000000
219259507,10842373857540,btc_qm_engine,btc_sha256_nonce,2246214530.0000000000
219259508,10842373857628,btc_qm_engine,btc_leading_zeros,3.0000000000
219259509,10842373857711,btc_qm_engine,btc_sha256_elapsed_ns,798.0000000000
219259510,10842373857868,btc_qm_engine,btc_lebesgue_scan_nonce,1.0000000000
219259511,10842373858116,btc_qm_engine,btc_sha256_nonce,2246267912.0000000000
219259512,10842373858210,btc_qm_engine,btc_leading_zeros,0.0000000000
219259513,10842373858272,btc_qm_engine,btc_sha256_elapsed_ns,797.0000000000
219259514,10842373858798,btc_qm_engine,btc_sha256_nonce,2246136252.0000000000
219259515,10842373858887,btc_qm_engine,btc_leading_zeros,0.0000000000
219259516,10842373858947,btc_qm_engine,btc_sha256_elapsed_ns,796.0000000000
219259517,10842373859108,btc_qm_engine,btc_lebesgue_scan_nonce,0.0000000000
219259518,10842373859325,btc_qm_engine,btc_sha256_nonce,3484885958.0000000000
219259519,10842373859414,btc_qm_engine,btc_leading_zeros,1.0000000000
219259520,10842373859506,btc_qm_engine,btc_sha256_elapsed_ns,795.0000000000
219259521,10842373859633,btc_qm_engine,btc_orbital_scan_nonce,2246254353.0000000000
219259522,10842373860084,btc_qm_engine,btc_sha256_nonce,2246141574.0000000000
219259523,10842373860178,btc_qm_engine,btc_leading_zeros,1.0000000000
219259524,10842373860244,btc_qm_engine,btc_sha256_elapsed_ns,795.0000000000
219259525,10842373860383,btc_qm_engine,btc_orbital_scan_nonce,2246248801.0000000000
219259526,10842373860592,btc_qm_engine,btc_sha256_nonce,2246254353.0000000000
219259527,10842373860678,btc_qm_engine,btc_leading_zeros,1.0000000000
219259528,10842373860740,btc_qm_engine,btc_sha256_elapsed_ns,798.0000000000
219259529,10842373861330,btc_qm_engine,btc_sha256_nonce,2246248801.0000000000
219259530,10842373861418,btc_qm_engine,btc_leading_zeros,0.0000000000
219259531,10842373861518,btc_qm_engine,btc_sha256_elapsed_ns,795.0000000000
219259532,10842373861786,btc_qm_engine,btc_sha256_nonce,727669564.0000000000
219259533,10842373861869,btc_qm_engine,btc_leading_zeros,2.0000000000
219259534,10842373861935,btc_qm_engine,btc_sha256_elapsed_ns,794.0000000000
219259535,10842373862521,btc_qm_engine,btc_sha256_nonce,2295326946.0000000000
219259536,10842373862610,btc_qm_engine,btc_leading_zeros,1.0000000000
219259537,10842373862697,btc_qm_engine,btc_sha256_elapsed_ns,795.0000000000
219259538,10842373862977,btc_qm_engine,btc_sha256_nonce,536351071.0000000000
219259539,10842373863071,btc_qm_engine,btc_leading_zeros,2.0000000000
219259540,10842373863131,btc_qm_engine,btc_sha256_elapsed_ns,795.0000000000
219259541,10842373863272,btc_qm_engine,btc_orbital_scan_nonce,2246286036.0000000000
219259542,10842373863743,btc_qm_engine,btc_sha256_nonce,3221962604.0000000000
219259543,10842373863831,btc_qm_engine,btc_leading_zeros,2.0000000000
219259544,10842373863911,btc_qm_engine,btc_sha256_elapsed_ns,796.0000000000
219259545,10842373864077,btc_qm_engine,btc_lebesgue_scan_nonce,16.0000000000
219259546,10842373864243,btc_qm_engine,btc_sha256_nonce,2246286036.0000000000
219259547,10842373864335,btc_qm_engine,btc_leading_zeros,2.0000000000
219259548,10842373864395,btc_qm_engine,btc_sha256_elapsed_ns,795.0000000000
219259549,10842373865040,btc_qm_engine,btc_sha256_nonce,2246271372.0000000000
219259550,10842373865129,btc_qm_engine,btc_leading_zeros,0.0000000000
219259551,10842373865195,btc_qm_engine,btc_sha256_elapsed_ns,797.0000000000
219259552,10842373865345,btc_qm_engine,btc_orbital_scan_nonce,2246198869.0000000000
219259553,10842373865807,btc_qm_engine,btc_sha256_nonce,3506646130.0000000000
219259554,10842373866189,btc_qm_engine,btc_leading_zeros,0.0000000000
219259555,10842373866253,btc_qm_engine,btc_sha256_elapsed_ns,795.0000000000
219259556,10842373866425,btc_qm_engine,btc_lebesgue_scan_nonce,15.0000000000
219259557,10842373866720,btc_qm_engine,btc_sha256_nonce,2246198869.0000000000
219259558,10842373866810,btc_qm_engine,btc_leading_zeros,4.0000000000
219259559,10842373866871,btc_qm_engine,btc_sha256_elapsed_ns,793.0000000000
219259560,10842373867379,btc_qm_engine,btc_sha256_nonce,2246252352.0000000000
219259561,10842373867462,btc_qm_engine,btc_leading_zeros,1.0000000000
219259562,10842373867522,btc_qm_engine,btc_sha256_elapsed_ns,799.0000000000
219259563,10842373867670,btc_qm_engine,btc_lebesgue_scan_nonce,18.0000000000
219259564,10842373867924,btc_qm_engine,btc_sha256_nonce,533319678.0000000000
219259565,10842373868004,btc_qm_engine,btc_leading_zeros,1.0000000000
219259566,10842373868083,btc_qm_engine,btc_sha256_elapsed_ns,797.0000000000
219259567,10842373868230,btc_qm_engine,btc_lebesgue_scan_nonce,13.0000000000
219259568,10842373868627,btc_qm_engine,btc_sha256_nonce,2246171330.0000000000
219259569,10842373868711,btc_qm_engine,btc_leading_zeros,2.0000000000
219259570,10842373868772,btc_qm_engine,btc_sha256_elapsed_ns,793.0000000000
219259571,10842373869227,btc_qm_engine,btc_sha256_nonce,2246359535.0000000000
219259572,10842373869317,btc_qm_engine,btc_leading_zeros,3.0000000000
219259573,10842373869387,btc_qm_engine,btc_sha256_elapsed_ns,796.0000000000
219259574,10842373869807,btc_qm_engine,btc_sha256_nonce,3765015372.0000000000
219259575,10842373869911,btc_qm_engine,btc_leading_zeros,1.0000000000
219259576,10842373869992,btc_qm_engine,btc_sha256_elapsed_ns,792.0000000000
219259577,10842373870421,btc_qm_engine,btc_sha256_nonce,2910044685.0000000000
219259578,10842373870520,btc_qm_engine,btc_leading_zeros,2.0000000000
219259579,10842373870605,btc_qm_engine,btc_sha256_elapsed_ns,793.0000000000
219259580,10842373871036,btc_qm_engine,btc_sha256_nonce,1529309644.0000000000
219259581,10842373871095,btc_qm_engine,btc_leading_zeros,2.0000000000
219259582,10842373871193,btc_qm_engine,btc_sha256_elapsed_ns,793.0000000000
219259583,10842373871338,btc_qm_engine,btc_lebesgue_scan_nonce,7.0000000000
219259584,10842373871647,btc_qm_engine,btc_sha256_nonce,3413409924.0000000000
219259585,10842373871741,btc_qm_engine,btc_leading_zeros,0.0000000000
219259586,10842373871800,btc_qm_engine,btc_sha256_elapsed_ns,798.0000000000
219259587,10842373872288,btc_qm_engine,btc_sha256_nonce,2246064783.0000000000
219259588,10842373872372,btc_qm_engine,btc_leading_zeros,0.0000000000
219259589,10842373872457,btc_qm_engine,btc_sha256_elapsed_ns,792.0000000000
219259590,10842373872606,btc_qm_engine,btc_lebesgue_scan_nonce,1.0000000000
219259591,10842373872821,btc_qm_engine,btc_sha256_nonce,3201562708.0000000000
219259592,10842373872913,btc_qm_engine,btc_leading_zeros,3.0000000000
219259593,10842373872980,btc_qm_engine,btc_sha256_elapsed_ns,794.0000000000
219259594,10842373873118,btc_qm_engine,btc_orbital_scan_nonce,2246280059.0000000000
219259595,10842373873556,btc_qm_engine,btc_sha256_nonce,2246460499.0000000000
219259596,10842373873647,btc_qm_engine,btc_leading_zeros,0.0000000000
219259597,10842373873731,btc_qm_engine,btc_sha256_elapsed_ns,794.0000000000
219259598,10842373873883,btc_qm_engine,btc_lebesgue_scan_nonce,22.0000000000
219259599,10842373874077,btc_qm_engine,btc_sha256_nonce,2246280059.0000000000
219259600,10842373874163,btc_qm_engine,btc_leading_zeros,0.0000000000
219259601,10842373874255,btc_qm_engine,btc_sha256_elapsed_ns,795.0000000000
219259602,10842373874393,btc_qm_engine,btc_orbital_scan_nonce,2246288423.0000000000
219259603,10842373874832,btc_qm_engine,btc_sha256_nonce,2246244153.0000000000
219259604,10842373874923,btc_qm_engine,btc_leading_zeros,0.0000000000
219259605,10842373875012,btc_qm_engine,btc_sha256_elapsed_ns,791.0000000000
219259606,10842373875166,btc_qm_engine,btc_lebesgue_scan_nonce,5.0000000000
219259607,10842373875317,btc_qm_engine,btc_sha256_nonce,2246288423.0000000000
219259608,10842373875403,btc_qm_engine,btc_leading_zeros,0.0000000000
219259609,10842373875466,btc_qm_engine,btc_sha256_elapsed_ns,791.0000000000
219259610,10842373875606,btc_qm_engine,btc_orbital_scan_nonce,2246239870.0000000000
219259611,10842373876113,btc_qm_engine,btc_sha256_nonce,2246076719.0000000000
219259612,10842373876200,btc_qm_engine,btc_leading_zeros,1.0000000000
219259613,10842373876283,btc_qm_engine,btc_sha256_elapsed_ns,793.0000000000
219259614,10842373876597,btc_qm_engine,btc_sha256_nonce,2246239870.0000000000
219259615,10842373876700,btc_qm_engine,btc_leading_zeros,8.0000000000
219259616,10842373876760,btc_qm_engine,btc_sha256_elapsed_ns,790.0000000000
219259617,10842373877327,btc_qm_engine,btc_sha256_nonce,3347378333.0000000000
219259618,10842373877423,btc_qm_engine,btc_leading_zeros,0.0000000000
219259619,10842373877503,btc_qm_engine,btc_sha256_elapsed_ns,791.0000000000
219259620,10842373877645,btc_qm_engine,btc_lebesgue_scan_nonce,20.0000000000
219259621,10842373877791,btc_qm_engine,btc_sha256_nonce,2797119060.0000000000
219259622,10842373877877,btc_qm_engine,btc_leading_zeros,0.0000000000
219259623,10842373877939,btc_qm_engine,btc_sha256_elapsed_ns,794.0000000000
219259624,10842373878627,btc_qm_engine,btc_sha256_nonce,2246212202.0000000000
219259625,10842373878710,btc_qm_engine,btc_leading_zeros,3.0000000000
219259626,10842373878775,btc_qm_engine,btc_sha256_elapsed_ns,793.0000000000
219259627,10842373878939,btc_qm_engine,btc_sha256_nonce,73861532.0000000000
219259628,10842373879026,btc_qm_engine,btc_leading_zeros,0.0000000000
219259629,10842373879088,btc_qm_engine,btc_sha256_elapsed_ns,791.0000000000
219259630,10842373879817,btc_qm_engine,btc_sha256_nonce,110990680.0000000000
219259631,10842373879907,btc_qm_engine,btc_leading_zeros,3.0000000000
219259632,10842373879967,btc_qm_engine,btc_sha256_elapsed_ns,795.0000000000
219259633,10842373880183,btc_qm_engine,btc_sha256_nonce,4177191694.0000000000
219259634,10842373880736,btc_qm_engine,btc_lebesgue_scan_nonce,10.0000000000
219259635,10842373880889,btc_qm_engine,btc_leading_zeros,0.0000000000
219259636,10842373880981,btc_qm_engine,btc_sha256_elapsed_ns,794.0000000000
219259637,10842373881996,btc_qm_engine,btc_sha256_nonce,2246409273.0000000000
219259638,10842373882200,btc_qm_engine,btc_sha256_nonce,4029465442.0000000000
219259639,10842373882582,btc_qm_engine,btc_leading_zeros,2.0000000000
219259640,10842373883105,btc_qm_engine,btc_leading_zeros,1.0000000000
219259641,10842373883300,btc_qm_engine,btc_sha256_elapsed_ns,795.0000000000
219259642,10842373883494,btc_qm_engine,btc_lebesgue_scan_nonce,9.0000000000
219259643,10842373884085,btc_qm_engine,btc_sha256_elapsed_ns,796.0000000000
219259644,10842373885005,btc_qm_engine,btc_sha256_nonce,2246338199.0000000000
219259645,10842373885091,btc_qm_engine,btc_leading_zeros,2.0000000000
219259646,10842373885168,btc_qm_engine,btc_sha256_elapsed_ns,796.0000000000
219259647,10842373885306,btc_qm_engine,btc_orbital_scan_nonce,2246290542.0000000000
219259648,10842373885458,btc_qm_engine,btc_sha256_nonce,2244750502.0000000000
219259649,10842373885542,btc_qm_engine,btc_leading_zeros,0.0000000000
219259650,10842373885602,btc_qm_engine,btc_sha256_elapsed_ns,797.0000000000
219259651,10842373886307,btc_qm_engine,btc_sha256_nonce,2246290542.0000000000
219259652,10842373886396,btc_qm_engine,btc_leading_zeros,0.0000000000
219259653,10842373886478,btc_qm_engine,btc_sha256_elapsed_ns,796.0000000000
219259654,10842373886647,btc_qm_engine,btc_sha256_nonce,3991847201.0000000000
219259655,10842373886741,btc_qm_engine,btc_leading_zeros,2.0000000000
219259656,10842373886799,btc_qm_engine,btc_sha256_elapsed_ns,793.0000000000
219259657,10842373887545,btc_qm_engine,btc_sha256_nonce,312132668.0000000000
219259658,10842373887637,btc_qm_engine,btc_leading_zeros,3.0000000000
219259659,10842373887724,btc_qm_engine,btc_sha256_elapsed_ns,791.0000000000
219259660,10842373887849,btc_qm_engine,btc_sha256_nonce,3788432074.0000000000
219259661,10842373888119,btc_qm_engine,btc_leading_zeros,4.0000000000
219259662,10842373888548,btc_qm_engine,btc_orbital_scan_nonce,2246265239.0000000000
219259663,10842373888722,btc_qm_engine,btc_sha256_elapsed_ns,793.0000000000
219259664,10842373888889,btc_qm_engine,btc_orbital_scan_nonce,2246242677.0000000000
219259665,10842373889807,btc_qm_engine,btc_sha256_nonce,2246242677.0000000000
219259666,10842373889866,btc_qm_engine,btc_leading_zeros,0.0000000000
219259667,10842373889932,btc_qm_engine,btc_sha256_elapsed_ns,799.0000000000
219259668,10842373890146,btc_qm_engine,btc_sha256_nonce,2246265239.0000000000
219259669,10842373890242,btc_qm_engine,btc_leading_zeros,1.0000000000
219259670,10842373890338,btc_qm_engine,btc_sha256_elapsed_ns,1199.0000000000
219259671,10842373890992,btc_qm_engine,btc_sha256_nonce,762092703.0000000000
219259672,10842373891101,btc_qm_engine,btc_leading_zeros,3.0000000000
219259673,10842373891163,btc_qm_engine,btc_sha256_elapsed_ns,795.0000000000
219259674,10842373892133,btc_qm_engine,btc_sha256_nonce,3030402786.0000000000
219259675,10842373892199,btc_qm_engine,btc_leading_zeros,0.0000000000
219259676,10842373892258,btc_qm_engine,btc_sha256_elapsed_ns,794.0000000000
219259677,10842373893238,btc_qm_engine,btc_sha256_nonce,2246004276.0000000000
219259678,10842373893303,btc_qm_engine,btc_leading_zeros,4.0000000000
219259679,10842373893369,btc_qm_engine,btc_sha256_elapsed_ns,794.0000000000
219259680,10842373893505,btc_qm_engine,btc_orbital_scan_nonce,2246274197.0000000000
219259681,10842373894393,btc_qm_engine,btc_sha256_nonce,2246274197.0000000000
219259682,10842373894452,btc_qm_engine,btc_leading_zeros,0.0000000000
219259683,10842373894514,btc_qm_engine,btc_sha256_elapsed_ns,792.0000000000
219259684,10842373894647,btc_qm_engine,btc_orbital_scan_nonce,2246235171.0000000000
219259685,10842373895337,btc_qm_engine,btc_lebesgue_scan_nonce,2.0000000000
219259686,10842373895609,btc_qm_engine,btc_sha256_nonce,2246235171.0000000000
219259687,10842373895702,btc_qm_engine,btc_leading_zeros,0.0000000000
219259688,10842373895785,btc_qm_engine,btc_sha256_elapsed_ns,796.0000000000
219259689,10842373896887,btc_qm_engine,btc_sha256_nonce,1697966821.0000000000
219259690,10842373897186,btc_qm_engine,btc_leading_zeros,2.0000000000
219259691,10842373897270,btc_qm_engine,btc_sha256_elapsed_ns,795.0000000000
219259692,10842373897776,btc_qm_engine,btc_sha256_nonce,2246060723.0000000000
219259693,10842373897913,btc_qm_engine,btc_orbital_scan_nonce,2246239938.0000000000
219259694,10842373898221,btc_qm_engine,btc_leading_zeros,4.0000000000
219259695,10842373898313,btc_qm_engine,btc_sha256_elapsed_ns,1210.0000000000
219259696,10842373898908,btc_qm_engine,btc_sha256_nonce,2246239938.0000000000
219259697,10842373898995,btc_qm_engine,btc_leading_zeros,1.0000000000
219259698,10842373899057,btc_qm_engine,btc_sha256_elapsed_ns,795.0000000000
219259699,10842373899211,btc_qm_engine,btc_orbital_scan_nonce,2246218426.0000000000
219259700,10842373899349,btc_qm_engine,btc_sha256_nonce,853049330.0000000000
219259701,10842373899431,btc_qm_engine,btc_leading_zeros,0.0000000000
219259702,10842373899493,btc_qm_engine,btc_sha256_elapsed_ns,799.0000000000
219259703,10842373900173,btc_qm_engine,btc_sha256_nonce,2246218426.0000000000
219259704,10842373900262,btc_qm_engine,btc_leading_zeros,3.0000000000
219259705,10842373900357,btc_qm_engine,btc_sha256_elapsed_ns,794.0000000000
219259706,10842373900590,btc_qm_engine,btc_lebesgue_scan_nonce,16.0000000000
219259707,10842373901138,btc_qm_engine,btc_sha256_nonce,2246214629.0000000000
219259708,10842373901471,btc_qm_engine,btc_leading_zeros,1.0000000000
219259709,10842373901535,btc_qm_engine,btc_sha256_elapsed_ns,796.0000000000
219259710,10842373901681,btc_qm_engine,btc_lebesgue_scan_nonce,13.0000000000
219259711,10842373902085,btc_qm_engine,btc_sha256_nonce,2246179340.0000000000
219259712,10842373902176,btc_qm_engine,btc_leading_zeros,0.0000000000
219259713,10842373902260,btc_qm_engine,btc_sha256_elapsed_ns,796.0000000000
219259714,10842373902645,btc_qm_engine,btc_sha256_nonce,2246305759.0000000000
219259715,10842373902736,btc_qm_engine,btc_leading_zeros,2.0000000000
219259716,10842373902796,btc_qm_engine,btc_sha256_elapsed_ns,794.0000000000
219259717,10842373902938,btc_qm_engine,btc_orbital_scan_nonce,2246276731.0000000000
219259718,10842373903261,btc_qm_engine,btc_sha256_nonce,1623309615.0000000000
219259719,10842373903352,btc_qm_engine,btc_leading_zeros,0.0000000000
219259720,10842373903435,btc_qm_engine,btc_sha256_elapsed_ns,793.0000000000
219259721,10842373903570,btc_qm_engine,btc_orbital_scan_nonce,2246228787.0000000000
219259722,10842373903892,btc_qm_engine,btc_sha256_nonce,2246276731.0000000000
219259723,10842373903978,btc_qm_engine,btc_leading_zeros,0.0000000000
219259724,10842373904037,btc_qm_engine,btc_sha256_elapsed_ns,797.0000000000
219259725,10842373904562,btc_qm_engine,btc_sha256_nonce,2246228787.0000000000
219259726,10842373904655,btc_qm_engine,btc_leading_zeros,2.0000000000
219259727,10842373904717,btc_qm_engine,btc_sha256_elapsed_ns,794.0000000000
219259728,10842373905085,btc_qm_engine,btc_sha256_nonce,2246457183.0000000000
219259729,10842373905171,btc_qm_engine,btc_leading_zeros,0.0000000000
219259730,10842373905231,btc_qm_engine,btc_sha256_elapsed_ns,795.0000000000
219259731,10842373905367,btc_qm_engine,btc_orbital_scan_nonce,2246272131.0000000000
219259732,10842373905761,btc_qm_engine,btc_sha256_nonce,2243595263.0000000000
219259733,10842373905846,btc_qm_engine,btc_leading_zeros,1.0000000000
219259734,10842373905910,btc_qm_engine,btc_sha256_elapsed_ns,789.0000000000
219259735,10842373906057,btc_qm_engine,btc_lebesgue_scan_nonce,21.0000000000
219259736,10842373906341,btc_qm_engine,btc_sha256_nonce,2246272131.0000000000
219259737,10842373906431,btc_qm_engine,btc_leading_zeros,0.0000000000
219259738,10842373906490,btc_qm_engine,btc_sha256_elapsed_ns,796.0000000000
219259739,10842373906998,btc_qm_engine,btc_sha256_nonce,2246201905.0000000000
219259740,10842373907084,btc_qm_engine,btc_leading_zeros,0.0000000000
219259741,10842373907163,btc_qm_engine,btc_sha256_elapsed_ns,794.0000000000
219259742,10842373907498,btc_qm_engine,btc_sha256_nonce,2398640155.0000000000
219259743,10842373907585,btc_qm_engine,btc_leading_zeros,1.0000000000
219259744,10842373907663,btc_qm_engine,btc_sha256_elapsed_ns,795.0000000000
219259745,10842373908197,btc_qm_engine,btc_sha256_nonce,3417791904.0000000000
219259746,10842373908285,btc_qm_engine,btc_leading_zeros,4.0000000000
219259747,10842373908367,btc_qm_engine,btc_sha256_elapsed_ns,790.0000000000
219259748,10842373908512,btc_qm_engine,btc_lebesgue_scan_nonce,14.0000000000
219259749,10842373908713,btc_qm_engine,btc_sha256_nonce,3334895927.0000000000
219259750,10842373908805,btc_qm_engine,btc_leading_zeros,0.0000000000
219259751,10842373908866,btc_qm_engine,btc_sha256_elapsed_ns,789.0000000000
219259752,10842373909494,btc_qm_engine,btc_sha256_nonce,2246172594.0000000000
219259753,10842373909572,btc_qm_engine,btc_leading_zeros,0.0000000000
219259754,10842373909652,btc_qm_engine,btc_sha256_elapsed_ns,793.0000000000
219259755,10842373909935,btc_qm_engine,btc_sha256_nonce,1176374261.0000000000
219259756,10842373910020,btc_qm_engine,btc_leading_zeros,2.0000000000
219259757,10842373910087,btc_qm_engine,btc_sha256_elapsed_ns,790.0000000000
219259758,10842373910691,btc_qm_engine,btc_sha256_nonce,2245441927.0000000000
219259759,10842373910789,btc_qm_engine,btc_leading_zeros,3.0000000000
219259760,10842373910852,btc_qm_engine,btc_sha256_elapsed_ns,789.0000000000
219259761,10842373911101,btc_qm_engine,btc_sha256_nonce,3301758711.0000000000
219259762,10842373911190,btc_qm_engine,btc_leading_zeros,3.0000000000
219259763,10842373911252,btc_qm_engine,btc_sha256_elapsed_ns,794.0000000000
219259764,10842373911388,btc_qm_engine,btc_orbital_scan_nonce,2246236736.0000000000
219259765,10842373911930,btc_qm_engine,btc_sha256_nonce,3665657363.0000000000
219259766,10842373912018,btc_qm_engine,btc_leading_zeros,3.0000000000
219259767,10842373912078,btc_qm_engine,btc_sha256_elapsed_ns,794.0000000000
219259768,10842373912222,btc_qm_engine,btc_lebesgue_scan_nonce,5.0000000000
219259769,10842373912373,btc_qm_engine,btc_sha256_nonce,2246236736.0000000000
219259770,10842373912467,btc_qm_engine,btc_leading_zeros,0.0000000000
219259771,10842373912527,btc_qm_engine,btc_sha256_elapsed_ns,798.0000000000
219259772,10842373913202,btc_qm_engine,btc_sha256_nonce,2246061599.0000000000
219259773,10842373913283,btc_qm_engine,btc_leading_zeros,1.0000000000
219259774,10842373913343,btc_qm_engine,btc_sha256_elapsed_ns,793.0000000000
219259775,10842373913481,btc_qm_engine,btc_orbital_scan_nonce,2246243019.0000000000
219259776,10842373913667,btc_qm_engine,btc_sha256_nonce,771853452.0000000000
219259777,10842373913952,btc_qm_engine,btc_leading_zeros,2.0000000000
219259778,10842373914017,btc_qm_engine,btc_sha256_elapsed_ns,793.0000000000
219259779,10842373914163,btc_qm_engine,btc_lebesgue_scan_nonce,9.0000000000
219259780,10842373914518,btc_qm_engine,btc_sha256_nonce,2246243019.0000000000
219259781,10842373914601,btc_qm_engine,btc_leading_zeros,3.0000000000
219259782,10842373914661,btc_qm_engine,btc_sha256_elapsed_ns,794.0000000000
219259783,10842373914806,btc_qm_engine,btc_orbital_scan_nonce,2246222830.0000000000
219259784,10842373915119,btc_qm_engine,btc_sha256_nonce,2246151593.0000000000
219259785,10842373915176,btc_qm_engine,btc_leading_zeros,1.0000000000
219259786,10842373915242,btc_qm_engine,btc_sha256_elapsed_ns,795.0000000000
219259787,10842373915389,btc_qm_engine,btc_orbital_scan_nonce,2246239011.0000000000
219259788,10842373915768,btc_qm_engine,btc_sha256_nonce,2246222830.0000000000
219259789,10842373915852,btc_qm_engine,btc_leading_zeros,8.0000000000
219259790,10842373915913,btc_qm_engine,btc_sha256_elapsed_ns,794.0000000000
219259791,10842373916062,btc_qm_engine,btc_lebesgue_scan_nonce,17.0000000000
219259792,10842373916343,btc_qm_engine,btc_sha256_nonce,2246239011.0000000000
219259793,10842373916428,btc_qm_engine,btc_leading_zeros,0.0000000000
219259794,10842373916488,btc_qm_engine,btc_sha256_elapsed_ns,796.0000000000
219259795,10842373916623,btc_qm_engine,btc_orbital_scan_nonce,2246289308.0000000000
219259796,10842373917027,btc_qm_engine,btc_sha256_nonce,2246262013.0000000000
219259797,10842373917111,btc_qm_engine,btc_leading_zeros,3.0000000000
219259798,10842373917172,btc_qm_engine,btc_sha256_elapsed_ns,799.0000000000
219259799,10842373917580,btc_qm_engine,btc_sha256_nonce,2246289308.0000000000
219259800,10842373917665,btc_qm_engine,btc_leading_zeros,0.0000000000
219259801,10842373917752,btc_qm_engine,btc_sha256_elapsed_ns,798.0000000000
219259802,10842373917877,btc_qm_engine,btc_orbital_scan_nonce,2246240548.0000000000
219259803,10842373918200,btc_qm_engine,btc_sha256_nonce,1008686355.0000000000
219259804,10842373918293,btc_qm_engine,btc_leading_zeros,1.0000000000
219259805,10842373918356,btc_qm_engine,btc_sha256_elapsed_ns,792.0000000000
219259806,10842373918826,btc_qm_engine,btc_sha256_nonce,2246240548.0000000000
219259807,10842373918915,btc_qm_engine,btc_leading_zeros,1.0000000000
219259808,10842373918992,btc_qm_engine,btc_sha256_elapsed_ns,794.0000000000
219259809,10842373919986,btc_qm_engine,btc_sha256_nonce,2748090837.0000000000
219259810,10842373920049,btc_qm_engine,btc_leading_zeros,0.0000000000
219259811,10842373920133,btc_qm_engine,btc_sha256_elapsed_ns,795.0000000000
219259812,10842373921107,btc_qm_engine,btc_sha256_nonce,2726517645.0000000000
219259813,10842373921172,btc_qm_engine,btc_leading_zeros,2.0000000000
219259814,10842373921234,btc_qm_engine,btc_sha256_elapsed_ns,793.0000000000
219259815,10842373922205,btc_qm_engine,btc_sha256_nonce,3424447174.0000000000
219259816,10842373922267,btc_qm_engine,btc_leading_zeros,1.0000000000
219259817,10842373922328,btc_qm_engine,btc_sha256_elapsed_ns,796.0000000000
219259818,10842373922463,btc_qm_engine,btc_orbital_scan_nonce,2246223368.0000000000
219259819,10842373923358,btc_qm_engine,btc_sha256_nonce,2246223368.0000000000
219259820,10842373923421,btc_qm_engine,btc_leading_zeros,0.0000000000
219259821,10842373923481,btc_qm_engine,btc_sha256_elapsed_ns,796.0000000000
219259822,10842373923615,btc_qm_engine,btc_orbital_scan_nonce,2246238438.0000000000
219259823,10842373924510,btc_qm_engine,btc_sha256_nonce,2246238438.0000000000
219259824,10842373924572,btc_qm_engine,btc_leading_zeros,0.0000000000
219259825,10842373924633,btc_qm_engine,btc_sha256_elapsed_ns,796.0000000000
219259826,10842373925613,btc_qm_engine,btc_sha256_nonce,2247160427.0000000000
219259827,10842373925678,btc_qm_engine,btc_leading_zeros,1.0000000000
219259828,10842373925742,btc_qm_engine,btc_sha256_elapsed_ns,794.0000000000
219259829,10842373925879,btc_qm_engine,btc_orbital_scan_nonce,2246237740.0000000000
219259830,10842373926773,btc_qm_engine,btc_sha256_nonce,2246237740.0000000000
219259831,10842373926840,btc_qm_engine,btc_leading_zeros,0.0000000000
219259832,10842373926897,btc_qm_engine,btc_sha256_elapsed_ns,798.0000000000
219259833,10842373927053,btc_qm_engine,btc_lebesgue_scan_nonce,18.0000000000
219259834,10842373927943,btc_qm_engine,btc_sha256_nonce,2246167236.0000000000
219259835,10842373928004,btc_qm_engine,btc_leading_zeros,0.0000000000
219259836,10842373928062,btc_qm_engine,btc_sha256_elapsed_ns,796.0000000000
219259837,10842373929027,btc_qm_engine,btc_sha256_nonce,328055907.0000000000
219259838,10842373929117,btc_qm_engine,btc_leading_zeros,0.0000000000
219259839,10842373929220,btc_qm_engine,btc_sha256_elapsed_ns,797.0000000000
219259840,10842373930191,btc_qm_engine,btc_sha256_nonce,4109809316.0000000000
219259841,10842373930262,btc_qm_engine,btc_leading_zeros,1.0000000000
219259842,10842373930324,btc_qm_engine,btc_sha256_elapsed_ns,798.0000000000
219259843,10842373931296,btc_qm_engine,btc_sha256_nonce,1641678956.0000000000
219259844,10842373931359,btc_qm_engine,btc_leading_zeros,1.0000000000
219259845,10842373931423,btc_qm_engine,btc_sha256_elapsed_ns,795.0000000000
219259846,10842373932407,btc_qm_engine,btc_sha256_nonce,2732631090.0000000000
219259847,10842373932472,btc_qm_engine,btc_leading_zeros,4.0000000000
219259848,10842373932536,btc_qm_engine,btc_sha256_elapsed_ns,793.0000000000
219259849,10842373933500,btc_qm_engine,btc_sha256_nonce,1565846313.0000000000
219259850,10842373933563,btc_qm_engine,btc_leading_zeros,0.0000000000
219259851,10842373933623,btc_qm_engine,btc_sha256_elapsed_ns,794.0000000000
219259852,10842373934609,btc_qm_engine,btc_sha256_nonce,166197294.0000000000
219259853,10842373934671,btc_qm_engine,btc_leading_zeros,4.0000000000
219259854,10842373934731,btc_qm_engine,btc_sha256_elapsed_ns,794.0000000000
219259855,10842373935713,btc_qm_engine,btc_sha256_nonce,3281013798.0000000000
219259856,10842373935778,btc_qm_engine,btc_leading_zeros,3.0000000000
219259857,10842373935838,btc_qm_engine,btc_sha256_elapsed_ns,796.0000000000
219259858,10842373936812,btc_qm_engine,btc_sha256_nonce,579458036.0000000000
219259859,10842373936877,btc_qm_engine,btc_leading_zeros,1.0000000000
219259860,10842373936937,btc_qm_engine,btc_sha256_elapsed_ns,795.0000000000
219259861,10842373937068,btc_qm_engine,btc_orbital_scan_nonce,2246253574.0000000000
219259862,10842373937958,btc_qm_engine,btc_sha256_nonce,2246253574.0000000000
219259863,10842373938019,btc_qm_engine,btc_leading_zeros,0.0000000000
219259864,10842373938078,btc_qm_engine,btc_sha256_elapsed_ns,792.0000000000
219259865,10842373939038,btc_qm_engine,btc_sha256_nonce,112933794.0000000000
219259866,10842373939102,btc_qm_engine,btc_leading_zeros,0.0000000000
219259867,10842373939164,btc_qm_engine,btc_sha256_elapsed_ns,790.0000000000
219259868,10842373939300,btc_qm_engine,btc_orbital_scan_nonce,2246235235.0000000000
219259869,10842373940189,btc_qm_engine,btc_sha256_nonce,2246235235.0000000000
219259870,10842373940246,btc_qm_engine,btc_leading_zeros,0.0000000000
219259871,10842373940307,btc_qm_engine,btc_sha256_elapsed_ns,792.0000000000
219259872,10842373940445,btc_qm_engine,btc_orbital_scan_nonce,2246211683.0000000000
219259873,10842373941332,btc_qm_engine,btc_sha256_nonce,2246211683.0000000000
219259874,10842373941390,btc_qm_engine,btc_leading_zeros,0.0000000000
219259875,10842373941474,btc_qm_engine,btc_sha256_elapsed_ns,790.0000000000
219259876,10842373941594,btc_qm_engine,btc_orbital_scan_nonce,2246267150.0000000000
219259877,10842373942478,btc_qm_engine,btc_sha256_nonce,2246267150.0000000000
219259878,10842373942538,btc_qm_engine,btc_leading_zeros,0.0000000000
219259879,10842373942598,btc_qm_engine,btc_sha256_elapsed_ns,793.0000000000
219259880,10842373943572,btc_qm_engine,btc_sha256_nonce,3393288747.0000000000
219259881,10842373943636,btc_qm_engine,btc_leading_zeros,4.0000000000
219259882,10842373943695,btc_qm_engine,btc_sha256_elapsed_ns,794.0000000000
219259883,10842373943817,btc_qm_engine,btc_orbital_scan_nonce,2246248160.0000000000
219259884,10842373944717,btc_qm_engine,btc_sha256_nonce,2246248160.0000000000
219259885,10842373944778,btc_qm_engine,btc_leading_zeros,2.0000000000
219259886,10842373944836,btc_qm_engine,btc_sha256_elapsed_ns,794.0000000000
219259887,10842373945814,btc_qm_engine,btc_sha256_nonce,1480962635.0000000000
219259888,10842373945878,btc_qm_engine,btc_leading_zeros,2.0000000000
219259889,10842373945962,btc_qm_engine,btc_sha256_elapsed_ns,796.0000000000
219259890,10842373946086,btc_qm_engine,btc_orbital_scan_nonce,2246268675.0000000000
219259891,10842373946977,btc_qm_engine,btc_sha256_nonce,2246268675.0000000000
219259892,10842373947036,btc_qm_engine,btc_leading_zeros,1.0000000000
219259893,10842373947097,btc_qm_engine,btc_sha256_elapsed_ns,794.0000000000
219259894,10842373948063,btc_qm_engine,btc_sha256_nonce,3546336639.0000000000
219259895,10842373948128,btc_qm_engine,btc_leading_zeros,0.0000000000
219259896,10842373948187,btc_qm_engine,btc_sha256_elapsed_ns,796.0000000000
219259897,10842373949154,btc_qm_engine,btc_sha256_nonce,3671128835.0000000000
219259898,10842373949218,btc_qm_engine,btc_leading_zeros,0.0000000000
219259899,10842373949279,btc_qm_engine,btc_sha256_elapsed_ns,795.0000000000
219259900,10842373949416,btc_qm_engine,btc_lebesgue_scan_nonce,20.0000000000
219259901,10842373950308,btc_qm_engine,btc_sha256_nonce,2246317921.0000000000
219259902,10842373950367,btc_qm_engine,btc_leading_zeros,0.0000000000
219259903,10842373950427,btc_qm_engine,btc_sha256_elapsed_ns,794.0000000000
219259904,10842373950564,btc_qm_engine,btc_orbital_scan_nonce,2246274534.0000000000
219259905,10842373951452,btc_qm_engine,btc_sha256_nonce,2246274534.0000000000
219259906,10842373951512,btc_qm_engine,btc_leading_zeros,0.0000000000
219259907,10842373951573,btc_qm_engine,btc_sha256_elapsed_ns,798.0000000000
219259908,10842373952535,btc_qm_engine,btc_sha256_nonce,2156815270.0000000000
219259909,10842373952599,btc_qm_engine,btc_leading_zeros,0.0000000000
219259910,10842373952658,btc_qm_engine,btc_sha256_elapsed_ns,794.0000000000
219259911,10842373952796,btc_qm_engine,btc_orbital_scan_nonce,2246246130.0000000000
219259912,10842373953700,btc_qm_engine,btc_sha256_nonce,2246246130.0000000000
219259913,10842373953758,btc_qm_engine,btc_leading_zeros,3.0000000000
219259914,10842373953818,btc_qm_engine,btc_sha256_elapsed_ns,797.0000000000
219259915,10842373953971,btc_qm_engine,btc_lebesgue_scan_nonce,10.0000000000
219259916,10842373954860,btc_qm_engine,btc_sha256_nonce,2246165807.0000000000
219259917,10842373954921,btc_qm_engine,btc_leading_zeros,0.0000000000
219259918,10842373954980,btc_qm_engine,btc_sha256_elapsed_ns,800.0000000000
219259919,10842373955949,btc_qm_engine,btc_sha256_nonce,3021551634.0000000000
219259920,10842373956013,btc_qm_engine,btc_leading_zeros,1.0000000000
219259921,10842373956074,btc_qm_engine,btc_sha256_elapsed_ns,795.0000000000
219259922,10842373956208,btc_qm_engine,btc_orbital_scan_nonce,2246234701.0000000000
219259923,10842373957100,btc_qm_engine,btc_sha256_nonce,2246234701.0000000000
219259924,10842373957163,btc_qm_engine,btc_leading_zeros,1.0000000000
219259925,10842373957224,btc_qm_engine,btc_sha256_elapsed_ns,794.0000000000
219259926,10842373957370,btc_qm_engine,btc_lebesgue_scan_nonce,24.0000000000
219259927,10842373958258,btc_qm_engine,btc_sha256_nonce,2246280108.0000000000
219259928,10842373958316,btc_qm_engine,btc_leading_zeros,0.0000000000
219259929,10842373958378,btc_qm_engine,btc_sha256_elapsed_ns,795.0000000000
219259930,10842373959342,btc_qm_engine,btc_sha256_nonce,1956942346.0000000000
219259931,10842373959408,btc_qm_engine,btc_leading_zeros,0.0000000000
219259932,10842373959470,btc_qm_engine,btc_sha256_elapsed_ns,794.0000000000
219259933,10842373960437,btc_qm_engine,btc_sha256_nonce,613767709.0000000000
219259934,10842373960502,btc_qm_engine,btc_leading_zeros,0.0000000000
219259935,10842373960562,btc_qm_engine,btc_sha256_elapsed_ns,795.0000000000
219259936,10842373961537,btc_qm_engine,btc_sha256_nonce,2246228381.0000000000
219259937,10842373961602,btc_qm_engine,btc_leading_zeros,1.0000000000
219259938,10842373961662,btc_qm_engine,btc_sha256_elapsed_ns,795.0000000000
219259939,10842373962631,btc_qm_engine,btc_sha256_nonce,1929200115.0000000000
219259940,10842373962693,btc_qm_engine,btc_leading_zeros,0.0000000000
219259941,10842373962796,btc_qm_engine,btc_sha256_elapsed_ns,792.0000000000
219259942,10842373962937,btc_qm_engine,btc_lebesgue_scan_nonce,22.0000000000
219259943,10842373963833,btc_qm_engine,btc_sha256_nonce,2246312587.0000000000
219259944,10842373963892,btc_qm_engine,btc_leading_zeros,1.0000000000
219259945,10842373963952,btc_qm_engine,btc_sha256_elapsed_ns,799.0000000000
219259946,10842373964918,btc_qm_engine,btc_sha256_nonce,1539054073.0000000000
219259947,10842373964984,btc_qm_engine,btc_leading_zeros,1.0000000000
219259948,10842373965043,btc_qm_engine,btc_sha256_elapsed_ns,795.0000000000
219259949,10842373966018,btc_qm_engine,btc_sha256_nonce,2112803189.0000000000
219259950,10842373966080,btc_qm_engine,btc_leading_zeros,3.0000000000
219259951,10842373966142,btc_qm_engine,btc_sha256_elapsed_ns,794.0000000000
219259952,10842373966275,btc_qm_engine,btc_orbital_scan_nonce,2246261233.0000000000
219259953,10842373967163,btc_qm_engine,btc_sha256_nonce,2246261233.0000000000
219259954,10842373967221,btc_qm_engine,btc_leading_zeros,0.0000000000
219259955,10842373967283,btc_qm_engine,btc_sha256_elapsed_ns,792.0000000000
219259956,10842373967407,btc_qm_engine,btc_orbital_scan_nonce,2246257294.0000000000
219259957,10842373968333,btc_qm_engine,btc_sha256_nonce,2246257294.0000000000
219259958,10842373968392,btc_qm_engine,btc_leading_zeros,12.0000000000
219259959,10842373968453,btc_qm_engine,btc_sha256_elapsed_ns,793.0000000000
219259960,10842373969414,btc_qm_engine,btc_sha256_nonce,3073238428.0000000000
219259961,10842373969481,btc_qm_engine,btc_leading_zeros,0.0000000000
219259962,10842373969540,btc_qm_engine,btc_sha256_elapsed_ns,793.0000000000
219259963,10842373969689,btc_qm_engine,btc_lebesgue_scan_nonce,24.0000000000
219259964,10842373970577,btc_qm_engine,btc_sha256_nonce,2246199564.0000000000
219259965,10842373970637,btc_qm_engine,btc_leading_zeros,0.0000000000
219259966,10842373970697,btc_qm_engine,btc_sha256_elapsed_ns,793.0000000000
219259967,10842373970840,btc_qm_engine,btc_lebesgue_scan_nonce,17.0000000000
219259968,10842373971732,btc_qm_engine,btc_sha256_nonce,2246184945.0000000000
219259969,10842373971791,btc_qm_engine,btc_leading_zeros,2.0000000000
219259970,10842373971854,btc_qm_engine,btc_sha256_elapsed_ns,791.0000000000
219259971,10842373972819,btc_qm_engine,btc_sha256_nonce,2286413328.0000000000
219259972,10842373972882,btc_qm_engine,btc_leading_zeros,0.0000000000
219259973,10842373972944,btc_qm_engine,btc_sha256_elapsed_ns,791.0000000000
219259974,10842373973075,btc_qm_engine,btc_orbital_scan_nonce,2246289928.0000000000
219259975,10842373973983,btc_qm_engine,btc_sha256_nonce,2246289928.0000000000
219259976,10842373974042,btc_qm_engine,btc_leading_zeros,2.0000000000
219259977,10842373974134,btc_qm_engine,btc_sha256_elapsed_ns,791.0000000000
219259978,10842373975095,btc_qm_engine,btc_sha256_nonce,3764326518.0000000000
219259979,10842373975161,btc_qm_engine,btc_leading_zeros,0.0000000000
219259980,10842373975220,btc_qm_engine,btc_sha256_elapsed_ns,794.0000000000
219259981,10842373975352,btc_qm_engine,btc_orbital_scan_nonce,2246252268.0000000000
219259982,10842373976251,btc_qm_engine,btc_sha256_nonce,2246252268.0000000000
219259983,10842373976312,btc_qm_engine,btc_leading_zeros,4.0000000000
219259984,10842373976371,btc_qm_engine,btc_sha256_elapsed_ns,791.0000000000
219259985,10842373977341,btc_qm_engine,btc_sha256_nonce,1900896085.0000000000
219259986,10842373977404,btc_qm_engine,btc_leading_zeros,3.0000000000
219259987,10842373977466,btc_qm_engine,btc_sha256_elapsed_ns,791.0000000000
219259988,10842373978480,btc_qm_engine,btc_sha256_nonce,1688302346.0000000000
219259989,10842373978546,btc_qm_engine,btc_leading_zeros,1.0000000000
219259990,10842373978604,btc_qm_engine,btc_sha256_elapsed_ns,795.0000000000
219259991,10842373979981,btc_qm_engine,btc_sha256_nonce,1854010122.0000000000
219259992,10842373980096,btc_qm_engine,btc_leading_zeros,1.0000000000
219259993,10842373980173,btc_qm_engine,btc_sha256_elapsed_ns,1176.0000000000
219259994,10842373980356,btc_qm_engine,btc_orbital_scan_nonce,2246268891.0000000000
219259995,10842373981913,btc_qm_engine,btc_sha256_nonce,2246268891.0000000000
219259996,10842373982006,btc_qm_engine,btc_leading_zeros,0.0000000000
219259997,10842373982102,btc_qm_engine,btc_sha256_elapsed_ns,1415.0000000000
219259998,10842373983739,btc_qm_engine,btc_sha256_nonce,2247340536.0000000000
219259999,10842373983842,btc_qm_engine,btc_leading_zeros,3.0000000000
219260000,10842373983934,btc_qm_engine,btc_sha256_elapsed_ns,1349.0000000000
219260001,10842373984145,btc_qm_engine,btc_lebesgue_scan_nonce,21.0000000000
219260002,10842373985548,btc_qm_engine,btc_sha256_nonce,2246274087.0000000000
219260003,10842373985616,btc_qm_engine,btc_leading_zeros,2.0000000000
219260004,10842373985701,btc_qm_engine,btc_sha256_elapsed_ns,1261.0000000000
219260005,10842373987412,btc_qm_engine,btc_sha256_nonce,2652615298.0000000000
219260006,10842373987506,btc_qm_engine,btc_leading_zeros,1.0000000000
219260007,10842373987599,btc_qm_engine,btc_sha256_elapsed_ns,1458.0000000000
219260008,10842373989312,btc_qm_engine,btc_sha256_nonce,3379590765.0000000000
219260009,10842373989391,btc_qm_engine,btc_leading_zeros,0.0000000000
219260010,10842373989475,btc_qm_engine,btc_sha256_elapsed_ns,1440.0000000000
219260011,10842373989667,btc_qm_engine,btc_orbital_scan_nonce,2246275153.0000000000
219260012,10842373991061,btc_qm_engine,btc_sha256_nonce,2246275153.0000000000
219260013,10842373991121,btc_qm_engine,btc_leading_zeros,1.0000000000
219260014,10842373991181,btc_qm_engine,btc_sha256_elapsed_ns,1262.0000000000
219260015,10842373992147,btc_qm_engine,btc_sha256_nonce,1142009395.0000000000
219260016,10842373992211,btc_qm_engine,btc_leading_zeros,1.0000000000
219260017,10842373992272,btc_qm_engine,btc_sha256_elapsed_ns,794.0000000000
219260018,10842373993241,btc_qm_engine,btc_sha256_nonce,975650476.0000000000
219260019,10842373993313,btc_qm_engine,btc_leading_zeros,1.0000000000
219260020,10842373993372,btc_qm_engine,btc_sha256_elapsed_ns,791.0000000000
219260021,10842373993512,btc_qm_engine,btc_orbital_scan_nonce,2246225553.0000000000
219260022,10842373994416,btc_qm_engine,btc_sha256_nonce,2246225553.0000000000
219260023,10842373994477,btc_qm_engine,btc_leading_zeros,2.0000000000
219260024,10842373994541,btc_qm_engine,btc_sha256_elapsed_ns,799.0000000000
219260025,10842373995503,btc_qm_engine,btc_sha256_nonce,1567145982.0000000000
219260026,10842373995565,btc_qm_engine,btc_leading_zeros,1.0000000000
219260027,10842373995627,btc_qm_engine,btc_sha256_elapsed_ns,791.0000000000
219260028,10842373995763,btc_qm_engine,btc_orbital_scan_nonce,2246277750.0000000000
219260029,10842373996655,btc_qm_engine,btc_sha256_nonce,2246277750.0000000000
219260030,10842373996715,btc_qm_engine,btc_leading_zeros,1.0000000000
219260031,10842373996776,btc_qm_engine,btc_sha256_elapsed_ns,797.0000000000
219260032,10842373996922,btc_qm_engine,btc_lebesgue_scan_nonce,19.0000000000
219260033,10842373997810,btc_qm_engine,btc_sha256_nonce,2246168941.0000000000
219260034,10842373997868,btc_qm_engine,btc_leading_zeros,1.0000000000
219260035,10842373997929,btc_qm_engine,btc_sha256_elapsed_ns,795.0000000000
219260036,10842373998063,btc_qm_engine,btc_orbital_scan_nonce,2246265927.0000000000
219260037,10842373998949,btc_qm_engine,btc_sha256_nonce,2246265927.0000000000
219260038,10842373999007,btc_qm_engine,btc_leading_zeros,1.0000000000
219260039,10842373999069,btc_qm_engine,btc_sha256_elapsed_ns,794.0000000000
219260040,10842374008375,btc_qm_engine,btc_sha256_nonce,3010774841.0000000000
219260041,10842374008582,btc_qm_engine,btc_leading_zeros,3.0000000000
219260042,10842374008669,btc_qm_engine,btc_sha256_elapsed_ns,792.0000000000
219260043,10842374010528,btc_qm_engine,btc_sha256_nonce,3062122678.0000000000
219260044,10842374010599,btc_qm_engine,btc_leading_zeros,1.0000000000
219260045,10842374010671,btc_qm_engine,btc_sha256_elapsed_ns,1568.0000000000
219260046,10842374010843,btc_qm_engine,btc_lebesgue_scan_nonce,10.0000000000
219260047,10842374012236,btc_qm_engine,btc_sha256_nonce,2246292636.0000000000
219260048,10842374012296,btc_qm_engine,btc_leading_zeros,4.0000000000
219260049,10842374012359,btc_qm_engine,btc_sha256_elapsed_ns,1258.0000000000
219260050,10842374012504,btc_qm_engine,btc_orbital_scan_nonce,2246224632.0000000000
219260051,10842374013392,btc_qm_engine,btc_sha256_nonce,2246224632.0000000000
219260052,10842374013450,btc_qm_engine,btc_leading_zeros,0.0000000000
219260053,10842374013513,btc_qm_engine,btc_sha256_elapsed_ns,795.0000000000
219260054,10842374014479,btc_qm_engine,btc_sha256_nonce,1768268150.0000000000
219260055,10842374014544,btc_qm_engine,btc_leading_zeros,0.0000000000
219260056,10842374014601,btc_qm_engine,btc_sha256_elapsed_ns,796.0000000000
219260057,10842374014749,btc_qm_engine,btc_lebesgue_scan_nonce,0.0000000000
219260058,10842374015639,btc_qm_engine,btc_sha256_nonce,2246218973.0000000000
219260059,10842374015700,btc_qm_engine,btc_leading_zeros,0.0000000000
219260060,10842374015759,btc_qm_engine,btc_sha256_elapsed_ns,797.0000000000
219260061,10842374016740,btc_qm_engine,btc_sha256_nonce,2657168264.0000000000
219260062,10842374016804,btc_qm_engine,btc_leading_zeros,3.0000000000
219260063,10842374016864,btc_qm_engine,btc_sha256_elapsed_ns,799.0000000000
219260064,10842374017832,btc_qm_engine,btc_sha256_nonce,602057736.0000000000
219260065,10842374017896,btc_qm_engine,btc_leading_zeros,0.0000000000
219260066,10842374017955,btc_qm_engine,btc_sha256_elapsed_ns,796.0000000000
219260067,10842374018927,btc_qm_engine,btc_sha256_nonce,3546800518.0000000000
219260068,10842374018990,btc_qm_engine,btc_leading_zeros,1.0000000000
219260069,10842374019057,btc_qm_engine,btc_sha256_elapsed_ns,797.0000000000
219260070,10842374020024,btc_qm_engine,btc_sha256_nonce,2246015413.0000000000
219260071,10842374020089,btc_qm_engine,btc_leading_zeros,0.0000000000
219260072,10842374020151,btc_qm_engine,btc_sha256_elapsed_ns,796.0000000000
219260073,10842374020288,btc_qm_engine,btc_orbital_scan_nonce,2246205664.0000000000
219260074,10842374021185,btc_qm_engine,btc_sha256_nonce,2246205664.0000000000
219260075,10842374021250,btc_qm_engine,btc_leading_zeros,0.0000000000
219260076,10842374021324,btc_qm_engine,btc_sha256_elapsed_ns,799.0000000000
219260077,10842374022290,btc_qm_engine,btc_sha256_nonce,1270664914.0000000000
219260078,10842374022379,btc_qm_engine,btc_leading_zeros,0.0000000000
219260079,10842374022440,btc_qm_engine,btc_sha256_elapsed_ns,795.0000000000
219260080,10842374023409,btc_qm_engine,btc_sha256_nonce,2678188168.0000000000
219260081,10842374023472,btc_qm_engine,btc_leading_zeros,1.0000000000
219260082,10842374023534,btc_qm_engine,btc_sha256_elapsed_ns,794.0000000000
219260083,10842374024506,btc_qm_engine,btc_sha256_nonce,3424546827.0000000000
219260084,10842374024570,btc_qm_engine,btc_leading_zeros,0.0000000000
219260085,10842374024634,btc_qm_engine,btc_sha256_elapsed_ns,794.0000000000
219260086,10842374024769,btc_qm_engine,btc_orbital_scan_nonce,2246232513.0000000000
219260087,10842374025665,btc_qm_engine,btc_sha256_nonce,2246232513.0000000000
219260088,10842374025727,btc_qm_engine,btc_leading_zeros,0.0000000000
219260089,10842374025790,btc_qm_engine,btc_sha256_elapsed_ns,797.0000000000
219260090,10842374025932,btc_qm_engine,btc_lebesgue_scan_nonce,13.0000000000
219260091,10842374026832,btc_qm_engine,btc_sha256_nonce,2246139696.0000000000
219260092,10842374026891,btc_qm_engine,btc_leading_zeros,3.0000000000
219260093,10842374026952,btc_qm_engine,btc_sha256_elapsed_ns,797.0000000000
219260094,10842374027945,btc_qm_engine,btc_sha256_nonce,1846240853.0000000000
219260095,10842374028011,btc_qm_engine,btc_leading_zeros,0.0000000000
219260096,10842374028071,btc_qm_engine,btc_sha256_elapsed_ns,793.0000000000
219260097,10842374029040,btc_qm_engine,btc_sha256_nonce,1854078738.0000000000
219260098,10842374029104,btc_qm_engine,btc_leading_zeros,0.0000000000
219260099,10842374029165,btc_qm_engine,btc_sha256_elapsed_ns,799.0000000000
219260100,10842374030142,btc_qm_engine,btc_sha256_nonce,3478376848.0000000000
219260101,10842374030204,btc_qm_engine,btc_leading_zeros,2.0000000000
219260102,10842374030268,btc_qm_engine,btc_sha256_elapsed_ns,793.0000000000
219260103,10842374030403,btc_qm_engine,btc_orbital_scan_nonce,2246261847.0000000000
219260104,10842374031304,btc_qm_engine,btc_sha256_nonce,2246261847.0000000000
219260105,10842374031364,btc_qm_engine,btc_leading_zeros,2.0000000000
219260106,10842374031424,btc_qm_engine,btc_sha256_elapsed_ns,795.0000000000
219260107,10842374031557,btc_qm_engine,btc_orbital_scan_nonce,2246246683.0000000000
219260108,10842374032439,btc_qm_engine,btc_sha256_nonce,2246246683.0000000000
219260109,10842374032503,btc_qm_engine,btc_leading_zeros,1.0000000000
219260110,10842374032563,btc_qm_engine,btc_sha256_elapsed_ns,791.0000000000
219260111,10842374033544,btc_qm_engine,btc_sha256_nonce,3977350899.0000000000
219260112,10842374033607,btc_qm_engine,btc_leading_zeros,2.0000000000
219260113,10842374033670,btc_qm_engine,btc_sha256_elapsed_ns,796.0000000000
219260114,10842374034627,btc_qm_engine,btc_sha256_nonce,1007005260.0000000000
219260115,10842374034695,btc_qm_engine,btc_leading_zeros,0.0000000000
219260116,10842374034757,btc_qm_engine,btc_sha256_elapsed_ns,790.0000000000
219260117,10842374034891,btc_qm_engine,btc_orbital_scan_nonce,2246235379.0000000000
219260118,10842374035782,btc_qm_engine,btc_sha256_nonce,2246235379.0000000000
219260119,10842374035843,btc_qm_engine,btc_leading_zeros,1.0000000000
219260120,10842374035902,btc_qm_engine,btc_sha256_elapsed_ns,795.0000000000
219260121,10842374036866,btc_qm_engine,btc_sha256_nonce,194300355.0000000000
219260122,10842374036929,btc_qm_engine,btc_leading_zeros,1.0000000000
219260123,10842374036990,btc_qm_engine,btc_sha256_elapsed_ns,794.0000000000
219260124,10842374037127,btc_qm_engine,btc_orbital_scan_nonce,2246225926.0000000000
219260125,10842374038014,btc_qm_engine,btc_sha256_nonce,2246225926.0000000000
219260126,10842374038072,btc_qm_engine,btc_leading_zeros,0.0000000000
219260127,10842374038134,btc_qm_engine,btc_sha256_elapsed_ns,792.0000000000
219260128,10842374039099,btc_qm_engine,btc_sha256_nonce,2246669049.0000000000
219260129,10842374039172,btc_qm_engine,btc_leading_zeros,0.0000000000
219260130,10842374039231,btc_qm_engine,btc_sha256_elapsed_ns,791.0000000000
219260131,10842374040200,btc_qm_engine,btc_sha256_nonce,4026749559.0000000000
219260132,10842374040262,btc_qm_engine,btc_leading_zeros,0.0000000000
219260133,10842374040324,btc_qm_engine,btc_sha256_elapsed_ns,790.0000000000
219260134,10842374041294,btc_qm_engine,btc_sha256_nonce,2084811649.0000000000
219260135,10842374041358,btc_qm_engine,btc_leading_zeros,0.0000000000
219260136,10842374041419,btc_qm_engine,btc_sha256_elapsed_ns,792.0000000000
219260137,10842374042385,btc_qm_engine,btc_sha256_nonce,366922447.0000000000
219260138,10842374042449,btc_qm_engine,btc_leading_zeros,0.0000000000
219260139,10842374042509,btc_qm_engine,btc_sha256_elapsed_ns,794.0000000000
219260140,10842374043476,btc_qm_engine,btc_sha256_nonce,389420627.0000000000
219260141,10842374043540,btc_qm_engine,btc_leading_zeros,0.0000000000
219260142,10842374043600,btc_qm_engine,btc_sha256_elapsed_ns,792.0000000000
219260143,10842374044564,btc_qm_engine,btc_sha256_nonce,1743753826.0000000000
219260144,10842374044627,btc_qm_engine,btc_leading_zeros,1.0000000000
219260145,10842374044724,btc_qm_engine,btc_sha256_elapsed_ns,792.0000000000
219260146,10842374045700,btc_qm_engine,btc_sha256_nonce,3611110765.0000000000
219260147,10842374045766,btc_qm_engine,btc_leading_zeros,2.0000000000
219260148,10842374045829,btc_qm_engine,btc_sha256_elapsed_ns,797.0000000000
219260149,10842374045970,btc_qm_engine,btc_lebesgue_scan_nonce,12.0000000000
219260150,10842374046861,btc_qm_engine,btc_sha256_nonce,2246305858.0000000000
219260151,10842374046925,btc_qm_engine,btc_leading_zeros,1.0000000000
219260152,10842374046985,btc_qm_engine,btc_sha256_elapsed_ns,794.0000000000
219260153,10842374047122,btc_qm_engine,btc_orbital_scan_nonce,2246270778.0000000000
219260154,10842374048016,btc_qm_engine,btc_sha256_nonce,2246270778.0000000000
219260155,10842374048075,btc_qm_engine,btc_leading_zeros,0.0000000000
219260156,10842374048134,btc_qm_engine,btc_sha256_elapsed_ns,797.0000000000
219260157,10842374048270,btc_qm_engine,btc_orbital_scan_nonce,2246257634.0000000000
219260158,10842374049169,btc_qm_engine,btc_sha256_nonce,2246257634.0000000000
219260159,10842374049229,btc_qm_engine,btc_leading_zeros,4.0000000000
219260160,10842374049288,btc_qm_engine,btc_sha256_elapsed_ns,796.0000000000
219260161,10842374050261,btc_qm_engine,btc_sha256_nonce,3323376403.0000000000
219260162,10842374050325,btc_qm_engine,btc_leading_zeros,3.0000000000
219260163,10842374050386,btc_qm_engine,btc_sha256_elapsed_ns,798.0000000000
219260164,10842374050524,btc_qm_engine,btc_orbital_scan_nonce,2246277448.0000000000
219260165,10842374051413,btc_qm_engine,btc_sha256_nonce,2246277448.0000000000
219260166,10842374051475,btc_qm_engine,btc_leading_zeros,0.0000000000
219260167,10842374051536,btc_qm_engine,btc_sha256_elapsed_ns,791.0000000000
219260168,10842374052504,btc_qm_engine,btc_sha256_nonce,3742212711.0000000000
219260169,10842374052569,btc_qm_engine,btc_leading_zeros,1.0000000000
219260170,10842374052628,btc_qm_engine,btc_sha256_elapsed_ns,798.0000000000
219260171,10842374053595,btc_qm_engine,btc_sha256_nonce,4032904098.0000000000
219260172,10842374053657,btc_qm_engine,btc_leading_zeros,0.0000000000
219260173,10842374053719,btc_qm_engine,btc_sha256_elapsed_ns,795.0000000000
219260174,10842374054686,btc_qm_engine,btc_sha256_nonce,374179511.0000000000
219260175,10842374054751,btc_qm_engine,btc_leading_zeros,1.0000000000
219260176,10842374054814,btc_qm_engine,btc_sha256_elapsed_ns,796.0000000000
219260177,10842374055780,btc_qm_engine,btc_sha256_nonce,3394980442.0000000000
219260178,10842374055844,btc_qm_engine,btc_leading_zeros,0.0000000000
219260179,10842374055910,btc_qm_engine,btc_sha256_elapsed_ns,794.0000000000
219260180,10842374056881,btc_qm_engine,btc_sha256_nonce,1493757338.0000000000
219260181,10842374056947,btc_qm_engine,btc_leading_zeros,1.0000000000
219260182,10842374057018,btc_qm_engine,btc_sha256_elapsed_ns,793.0000000000
219260183,10842374057153,btc_qm_engine,btc_orbital_scan_nonce,2246248526.0000000000
219260184,10842374058044,btc_qm_engine,btc_sha256_nonce,2246248526.0000000000
219260185,10842374058102,btc_qm_engine,btc_leading_zeros,0.0000000000
219260186,10842374058162,btc_qm_engine,btc_sha256_elapsed_ns,795.0000000000
219260187,10842374058284,btc_qm_engine,btc_orbital_scan_nonce,2246210934.0000000000
219260188,10842374059171,btc_qm_engine,btc_sha256_nonce,2246210934.0000000000
219260189,10842374059232,btc_qm_engine,btc_leading_zeros,0.0000000000
219260190,10842374059290,btc_qm_engine,btc_sha256_elapsed_ns,794.0000000000
219260191,10842374060267,btc_qm_engine,btc_sha256_nonce,3736778171.0000000000
219260192,10842374060331,btc_qm_engine,btc_leading_zeros,4.0000000000
219260193,10842374060392,btc_qm_engine,btc_sha256_elapsed_ns,793.0000000000
219260194,10842374061369,btc_qm_engine,btc_sha256_nonce,120992140.0000000000
219260195,10842374061435,btc_qm_engine,btc_leading_zeros,2.0000000000
219260196,10842374061494,btc_qm_engine,btc_sha256_elapsed_ns,796.0000000000
219260197,10842374062487,btc_qm_engine,btc_sha256_nonce,3453440594.0000000000
219260198,10842374062551,btc_qm_engine,btc_leading_zeros,4.0000000000
219260199,10842374062611,btc_qm_engine,btc_sha256_elapsed_ns,796.0000000000
219260200,10842374063577,btc_qm_engine,btc_sha256_nonce,2646641062.0000000000
219260201,10842374063643,btc_qm_engine,btc_leading_zeros,0.0000000000
219260202,10842374063706,btc_qm_engine,btc_sha256_elapsed_ns,792.0000000000
219260203,10842374063846,btc_qm_engine,btc_lebesgue_scan_nonce,9.0000000000
219260204,10842374064749,btc_qm_engine,btc_sha256_nonce,2246158632.0000000000
219260205,10842374064809,btc_qm_engine,btc_leading_zeros,4.0000000000
219260206,10842374064868,btc_qm_engine,btc_sha256_elapsed_ns,797.0000000000
219260207,10842374064997,btc_qm_engine,btc_orbital_scan_nonce,2246276755.0000000000
219260208,10842374065890,btc_qm_engine,btc_sha256_nonce,2246276755.0000000000
219260209,10842374065949,btc_qm_engine,btc_leading_zeros,4.0000000000
219260210,10842374066007,btc_qm_engine,btc_sha256_elapsed_ns,792.0000000000
219260211,10842374066142,btc_qm_engine,btc_orbital_scan_nonce,2246288522.0000000000
219260212,10842374067022,btc_qm_engine,btc_sha256_nonce,2246288522.0000000000
219260213,10842374067082,btc_qm_engine,btc_leading_zeros,0.0000000000
219260214,10842374067141,btc_qm_engine,btc_sha256_elapsed_ns,792.0000000000
219260215,10842374068105,btc_qm_engine,btc_sha256_nonce,1627694458.0000000000
219260216,10842374068167,btc_qm_engine,btc_leading_zeros,0.0000000000
219260217,10842374068234,btc_qm_engine,btc_sha256_elapsed_ns,790.0000000000
219260218,10842374069195,btc_qm_engine,btc_sha256_nonce,1237475285.0000000000
219260219,10842374069261,btc_qm_engine,btc_leading_zeros,0.0000000000
219260220,10842374069320,btc_qm_engine,btc_sha256_elapsed_ns,792.0000000000
219260221,10842374069459,btc_qm_engine,btc_lebesgue_scan_nonce,10.0000000000
219260222,10842374070347,btc_qm_engine,btc_sha256_nonce,2246218638.0000000000
219260223,10842374070407,btc_qm_engine,btc_leading_zeros,0.0000000000
219260224,10842374070467,btc_qm_engine,btc_sha256_elapsed_ns,791.0000000000
219260225,10842374070608,btc_qm_engine,btc_lebesgue_scan_nonce,19.0000000000
219260226,10842374071491,btc_qm_engine,btc_sha256_nonce,2246250521.0000000000
219260227,10842374071551,btc_qm_engine,btc_leading_zeros,0.0000000000
219260228,10842374071611,btc_qm_engine,btc_sha256_elapsed_ns,792.0000000000
219260229,10842374071744,btc_qm_engine,btc_orbital_scan_nonce,2246297141.0000000000
219260230,10842374072628,btc_qm_engine,btc_sha256_nonce,2246297141.0000000000
219260231,10842374072692,btc_qm_engine,btc_leading_zeros,0.0000000000
219260232,10842374072752,btc_qm_engine,btc_sha256_elapsed_ns,791.0000000000
219260233,10842374072884,btc_qm_engine,btc_orbital_scan_nonce,2246249645.0000000000
219260234,10842374073770,btc_qm_engine,btc_sha256_nonce,2246249645.0000000000
219260235,10842374073831,btc_qm_engine,btc_leading_zeros,0.0000000000
219260236,10842374073891,btc_qm_engine,btc_sha256_elapsed_ns,793.0000000000
219260237,10842374075012,btc_qm_engine,btc_sha256_nonce,3048521225.0000000000
219260238,10842374075090,btc_qm_engine,btc_leading_zeros,1.0000000000
219260239,10842374075165,btc_qm_engine,btc_sha256_elapsed_ns,931.0000000000
219260240,10842374076555,btc_qm_engine,btc_sha256_nonce,3497668255.0000000000
219260241,10842374076643,btc_qm_engine,btc_leading_zeros,4.0000000000
219260242,10842374076732,btc_qm_engine,btc_sha256_elapsed_ns,1166.0000000000
219260243,10842374076952,btc_qm_engine,btc_lebesgue_scan_nonce,0.0000000000
219260244,10842374078484,btc_qm_engine,btc_sha256_nonce,2246182927.0000000000
219260245,10842374078570,btc_qm_engine,btc_leading_zeros,1.0000000000
219260246,10842374078647,btc_qm_engine,btc_sha256_elapsed_ns,1383.0000000000
219260247,10842374080264,btc_qm_engine,btc_sha256_nonce,126503757.0000000000
219260248,10842374080349,btc_qm_engine,btc_leading_zeros,0.0000000000
219260249,10842374080425,btc_qm_engine,btc_sha256_elapsed_ns,1377.0000000000
219260250,10842374081839,btc_qm_engine,btc_sha256_nonce,1533213186.0000000000
219260251,10842374081926,btc_qm_engine,btc_leading_zeros,0.0000000000
219260252,10842374082011,btc_qm_engine,btc_sha256_elapsed_ns,1187.0000000000
219260253,10842374082195,btc_qm_engine,btc_lebesgue_scan_nonce,16.0000000000
219260254,10842374083716,btc_qm_engine,btc_sha256_nonce,2778455420.0000000000
219260255,10842374083836,btc_qm_engine,btc_leading_zeros,2.0000000000
219260256,10842374084230,btc_qm_engine,btc_sha256_elapsed_ns,1499.0000000000
219260257,10842374084388,btc_qm_engine,btc_sha256_nonce,2246355330.0000000000
219260258,10842374084831,btc_qm_engine,btc_leading_zeros,0.0000000000
219260259,10842374084937,btc_qm_engine,btc_sha256_elapsed_ns,1472.0000000000
219260260,10842374086016,btc_qm_engine,btc_sha256_nonce,1958186029.0000000000
219260261,10842374086112,btc_qm_engine,btc_leading_zeros,0.0000000000
219260262,10842374086225,btc_qm_engine,btc_sha256_elapsed_ns,1523.0000000000
219260263,10842374086767,btc_qm_engine,btc_sha256_nonce,3539877549.0000000000
219260264,10842374086869,btc_qm_engine,btc_leading_zeros,2.0000000000
219260265,10842374086965,btc_qm_engine,btc_sha256_elapsed_ns,1529.0000000000
219260266,10842374087181,btc_qm_engine,btc_orbital_scan_nonce,2246226822.0000000000
219260267,10842374088018,btc_qm_engine,btc_sha256_nonce,3418968485.0000000000
219260268,10842374088127,btc_qm_engine,btc_leading_zeros,2.0000000000
219260269,10842374088233,btc_qm_engine,btc_sha256_elapsed_ns,1497.0000000000
219260270,10842374088447,btc_qm_engine,btc_orbital_scan_nonce,2246275688.0000000000
219260271,10842374088820,btc_qm_engine,btc_sha256_nonce,2246226822.0000000000
219260272,10842374088923,btc_qm_engine,btc_leading_zeros,0.0000000000
219260273,10842374089025,btc_qm_engine,btc_sha256_elapsed_ns,1486.0000000000
219260274,10842374089242,btc_qm_engine,btc_orbital_scan_nonce,2246271564.0000000000
219260275,10842374090116,btc_qm_engine,btc_sha256_nonce,2246275688.0000000000
219260276,10842374090200,btc_qm_engine,btc_leading_zeros,0.0000000000
219260277,10842374090296,btc_qm_engine,btc_sha256_elapsed_ns,1519.0000000000
219260278,10842374090881,btc_qm_engine,btc_sha256_nonce,2246271564.0000000000
219260279,10842374090976,btc_qm_engine,btc_leading_zeros,2.0000000000
219260280,10842374091071,btc_qm_engine,btc_sha256_elapsed_ns,1480.0000000000
219260281,10842374091288,btc_qm_engine,btc_orbital_scan_nonce,2246222162.0000000000
219260282,10842374092097,btc_qm_engine,btc_sha256_nonce,1333678317.0000000000
219260283,10842374092195,btc_qm_engine,btc_leading_zeros,3.0000000000
219260284,10842374092290,btc_qm_engine,btc_sha256_elapsed_ns,1486.0000000000
219260285,10842374092915,btc_qm_engine,btc_sha256_nonce,2246222162.0000000000
219260286,10842374093014,btc_qm_engine,btc_leading_zeros,0.0000000000
219260287,10842374093119,btc_qm_engine,btc_sha256_elapsed_ns,1484.0000000000
219260288,10842374093331,btc_qm_engine,btc_orbital_scan_nonce,2246262499.0000000000
219260289,10842374094073,btc_qm_engine,btc_sha256_nonce,2083669213.0000000000
219260290,10842374094169,btc_qm_engine,btc_leading_zeros,0.0000000000
219260291,10842374094270,btc_qm_engine,btc_sha256_elapsed_ns,1490.0000000000
219260292,10842374094505,btc_qm_engine,btc_lebesgue_scan_nonce,19.0000000000
219260293,10842374094967,btc_qm_engine,btc_sha256_nonce,2246262499.0000000000
219260294,10842374095062,btc_qm_engine,btc_leading_zeros,1.0000000000
219260295,10842374095153,btc_qm_engine,btc_sha256_elapsed_ns,1492.0000000000
219260296,10842374096170,btc_qm_engine,btc_sha256_nonce,2246313995.0000000000
219260297,10842374096259,btc_qm_engine,btc_leading_zeros,0.0000000000
219260298,10842374096367,btc_qm_engine,btc_sha256_elapsed_ns,1513.0000000000
219260299,10842374096925,btc_qm_engine,btc_sha256_nonce,2723578543.0000000000
219260300,10842374097025,btc_qm_engine,btc_leading_zeros,2.0000000000
219260301,10842374097122,btc_qm_engine,btc_sha256_elapsed_ns,1489.0000000000
219260302,10842374098204,btc_qm_engine,btc_sha256_nonce,2679498909.0000000000
219260303,10842374098297,btc_qm_engine,btc_leading_zeros,1.0000000000
219260304,10842374098405,btc_qm_engine,btc_sha256_elapsed_ns,1552.0000000000
219260305,10842374098914,btc_qm_engine,btc_sha256_nonce,797661218.0000000000
219260306,10842374099006,btc_qm_engine,btc_leading_zeros,0.0000000000
219260307,10842374099105,btc_qm_engine,btc_sha256_elapsed_ns,1514.0000000000
219260308,10842374100217,btc_qm_engine,btc_sha256_nonce,1333871095.0000000000
219260309,10842374100309,btc_qm_engine,btc_leading_zeros,0.0000000000
219260310,10842374100413,btc_qm_engine,btc_sha256_elapsed_ns,1519.0000000000
219260311,10842374100876,btc_qm_engine,btc_sha256_nonce,573408926.0000000000
219260312,10842374100971,btc_qm_engine,btc_leading_zeros,2.0000000000
219260313,10842374101062,btc_qm_engine,btc_sha256_elapsed_ns,1491.0000000000
219260314,10842374102210,btc_qm_engine,btc_sha256_nonce,1332650182.0000000000
219260315,10842374102309,btc_qm_engine,btc_leading_zeros,4.0000000000
219260316,10842374102414,btc_qm_engine,btc_sha256_elapsed_ns,1501.0000000000
219260317,10842374102849,btc_qm_engine,btc_sha256_nonce,2247411334.0000000000
219260318,10842374102945,btc_qm_engine,btc_leading_zeros,0.0000000000
219260319,10842374103042,btc_qm_engine,btc_sha256_elapsed_ns,1504.0000000000
219260320,10842374104199,btc_qm_engine,btc_sha256_nonce,1332776148.0000000000
219260321,10842374104294,btc_qm_engine,btc_leading_zeros,0.0000000000
219260322,10842374104396,btc_qm_engine,btc_sha256_elapsed_ns,1505.0000000000
219260323,10842374104850,btc_qm_engine,btc_sha256_nonce,2245171329.0000000000
219260324,10842374104941,btc_qm_engine,btc_leading_zeros,2.0000000000
219260325,10842374105038,btc_qm_engine,btc_sha256_elapsed_ns,1506.0000000000
219260326,10842374105246,btc_qm_engine,btc_orbital_scan_nonce,2246271565.0000000000
219260327,10842374106200,btc_qm_engine,btc_sha256_nonce,2636213840.0000000000
219260328,10842374106281,btc_qm_engine,btc_leading_zeros,3.0000000000
219260329,10842374106387,btc_qm_engine,btc_sha256_elapsed_ns,1532.0000000000
219260330,10842374106597,btc_qm_engine,btc_orbital_scan_nonce,2246234612.0000000000
219260331,10842374106912,btc_qm_engine,btc_sha256_nonce,2246271565.0000000000
219260332,10842374107009,btc_qm_engine,btc_leading_zeros,3.0000000000
219260333,10842374107106,btc_qm_engine,btc_sha256_elapsed_ns,1510.0000000000
219260334,10842374107314,btc_qm_engine,btc_orbital_scan_nonce,2246250496.0000000000
219260335,10842374108272,btc_qm_engine,btc_sha256_nonce,2246234612.0000000000
219260336,10842374108362,btc_qm_engine,btc_leading_zeros,0.0000000000
219260337,10842374108466,btc_qm_engine,btc_sha256_elapsed_ns,1533.0000000000
219260338,10842374108989,btc_qm_engine,btc_sha256_nonce,2246250496.0000000000
219260339,10842374109084,btc_qm_engine,btc_leading_zeros,4.0000000000
219260340,10842374109179,btc_qm_engine,btc_sha256_elapsed_ns,1506.0000000000
219260341,10842374109396,btc_qm_engine,btc_lebesgue_scan_nonce,9.0000000000
219260342,10842374110267,btc_qm_engine,btc_sha256_nonce,2799318590.0000000000
219260343,10842374110352,btc_qm_engine,btc_leading_zeros,3.0000000000
219260344,10842374110456,btc_qm_engine,btc_sha256_elapsed_ns,1520.0000000000
219260345,10842374111034,btc_qm_engine,btc_sha256_nonce,2246086027.0000000000
219260346,10842374111132,btc_qm_engine,btc_leading_zeros,0.0000000000
219260347,10842374111236,btc_qm_engine,btc_sha256_elapsed_ns,1486.0000000000
219260348,10842374112279,btc_qm_engine,btc_sha256_nonce,1331391636.0000000000
219260349,10842374112368,btc_qm_engine,btc_leading_zeros,0.0000000000
219260350,10842374112470,btc_qm_engine,btc_sha256_elapsed_ns,1549.0000000000
219260351,10842374113016,btc_qm_engine,btc_sha256_nonce,993036027.0000000000
219260352,10842374113112,btc_qm_engine,btc_leading_zeros,0.0000000000
219260353,10842374113207,btc_qm_engine,btc_sha256_elapsed_ns,1502.0000000000
219260354,10842374114274,btc_qm_engine,btc_sha256_nonce,58621845.0000000000
219260355,10842374114357,btc_qm_engine,btc_leading_zeros,1.0000000000
219260356,10842374114460,btc_qm_engine,btc_sha256_elapsed_ns,1535.0000000000
219260357,10842374114986,btc_qm_engine,btc_sha256_nonce,2076122308.0000000000
219260358,10842374115082,btc_qm_engine,btc_leading_zeros,0.0000000000
219260359,10842374115185,btc_qm_engine,btc_sha256_elapsed_ns,1510.0000000000
219260360,10842374115405,btc_qm_engine,btc_orbital_scan_nonce,2246232477.0000000000
219260361,10842374116237,btc_qm_engine,btc_sha256_nonce,1331842001.0000000000
219260362,10842374116325,btc_qm_engine,btc_leading_zeros,0.0000000000
219260363,10842374116423,btc_qm_engine,btc_sha256_elapsed_ns,1503.0000000000
219260364,10842374117032,btc_qm_engine,btc_sha256_nonce,2246232477.0000000000
219260365,10842374117128,btc_qm_engine,btc_leading_zeros,0.0000000000
219260366,10842374117227,btc_qm_engine,btc_sha256_elapsed_ns,1480.0000000000
219260367,10842374118226,btc_qm_engine,btc_sha256_nonce,3652753195.0000000000
219260368,10842374118320,btc_qm_engine,btc_leading_zeros,2.0000000000
219260369,10842374118419,btc_qm_engine,btc_sha256_elapsed_ns,1517.0000000000
219260370,10842374118637,btc_qm_engine,btc_lebesgue_scan_nonce,0.0000000000
219260371,10842374118981,btc_qm_engine,btc_sha256_nonce,271315765.0000000000
219260372,10842374119080,btc_qm_engine,btc_leading_zeros,1.0000000000
219260373,10842374119179,btc_qm_engine,btc_sha256_elapsed_ns,1471.0000000000
219260374,10842374119384,btc_qm_engine,btc_orbital_scan_nonce,2246198869.0000000000
219260375,10842374120323,btc_qm_engine,btc_sha256_nonce,2246430616.0000000000
219260376,10842374120411,btc_qm_engine,btc_leading_zeros,2.0000000000
219260377,10842374120517,btc_qm_engine,btc_sha256_elapsed_ns,1529.0000000000
219260378,10842374121038,btc_qm_engine,btc_sha256_nonce,2246198869.0000000000
219260379,10842374121137,btc_qm_engine,btc_leading_zeros,4.0000000000
219260380,10842374121226,btc_qm_engine,btc_sha256_elapsed_ns,1496.0000000000
219260381,10842374121430,btc_qm_engine,btc_orbital_scan_nonce,2246241573.0000000000
219260382,10842374122294,btc_qm_engine,btc_sha256_nonce,1803342238.0000000000
219260383,10842374122389,btc_qm_engine,btc_leading_zeros,0.0000000000
219260384,10842374122491,btc_qm_engine,btc_sha256_elapsed_ns,1519.0000000000
219260385,10842374123069,btc_qm_engine,btc_sha256_nonce,2246241573.0000000000
219260386,10842374123161,btc_qm_engine,btc_leading_zeros,0.0000000000
219260387,10842374123253,btc_qm_engine,btc_sha256_elapsed_ns,1492.0000000000
219260388,10842374123481,btc_qm_engine,btc_lebesgue_scan_nonce,10.0000000000
219260389,10842374124254,btc_qm_engine,btc_sha256_nonce,2638245858.0000000000
219260390,10842374124356,btc_qm_engine,btc_leading_zeros,1.0000000000
219260391,10842374124455,btc_qm_engine,btc_sha256_elapsed_ns,1486.0000000000
219260392,10842374124671,btc_qm_engine,btc_lebesgue_scan_nonce,15.0000000000
219260393,10842374125117,btc_qm_engine,btc_sha256_nonce,2246399902.0000000000
219260394,10842374125218,btc_qm_engine,btc_leading_zeros,0.0000000000
219260395,10842374125317,btc_qm_engine,btc_sha256_elapsed_ns,1488.0000000000
219260396,10842374126302,btc_qm_engine,btc_sha256_nonce,2246345901.0000000000
219260397,10842374126394,btc_qm_engine,btc_leading_zeros,0.0000000000
219260398,10842374126491,btc_qm_engine,btc_sha256_elapsed_ns,1489.0000000000
219260399,10842374126696,btc_qm_engine,btc_orbital_scan_nonce,2246244037.0000000000
219260400,10842374127099,btc_qm_engine,btc_sha256_nonce,2246261646.0000000000
219260401,10842374127207,btc_qm_engine,btc_leading_zeros,0.0000000000
219260402,10842374127298,btc_qm_engine,btc_sha256_elapsed_ns,1482.0000000000
219260403,10842374128374,btc_qm_engine,btc_sha256_nonce,2246244037.0000000000
219260404,10842374128462,btc_qm_engine,btc_leading_zeros,1.0000000000
219260405,10842374128565,btc_qm_engine,btc_sha256_elapsed_ns,1536.0000000000
219260406,10842374129076,btc_qm_engine,btc_sha256_nonce,2642397254.0000000000
219260407,10842374129174,btc_qm_engine,btc_leading_zeros,1.0000000000
219260408,10842374129276,btc_qm_engine,btc_sha256_elapsed_ns,1500.0000000000
219260409,10842374130351,btc_qm_engine,btc_sha256_nonce,1619918846.0000000000
219260410,10842374130438,btc_qm_engine,btc_leading_zeros,1.0000000000
219260411,10842374130546,btc_qm_engine,btc_sha256_elapsed_ns,1519.0000000000
219260412,10842374131060,btc_qm_engine,btc_sha256_nonce,3515913242.0000000000
219260413,10842374131155,btc_qm_engine,btc_leading_zeros,2.0000000000
219260414,10842374131256,btc_qm_engine,btc_sha256_elapsed_ns,1493.0000000000
219260415,10842374132351,btc_qm_engine,btc_sha256_nonce,2635040374.0000000000
219260416,10842374132440,btc_qm_engine,btc_leading_zeros,0.0000000000
219260417,10842374132547,btc_qm_engine,btc_sha256_elapsed_ns,1539.0000000000
219260418,10842374132761,btc_qm_engine,btc_lebesgue_scan_nonce,10.0000000000
219260419,10842374133067,btc_qm_engine,btc_sha256_nonce,2246937520.0000000000
219260420,10842374133171,btc_qm_engine,btc_leading_zeros,1.0000000000
219260421,10842374133270,btc_qm_engine,btc_sha256_elapsed_ns,1518.0000000000
219260422,10842374133475,btc_qm_engine,btc_orbital_scan_nonce,2246233429.0000000000
219260423,10842374134445,btc_qm_engine,btc_sha256_nonce,2246250412.0000000000
219260424,10842374134539,btc_qm_engine,btc_leading_zeros,2.0000000000
219260425,10842374134653,btc_qm_engine,btc_sha256_elapsed_ns,1517.0000000000
219260426,10842374135145,btc_qm_engine,btc_sha256_nonce,2246233429.0000000000
219260427,10842374135242,btc_qm_engine,btc_leading_zeros,0.0000000000
219260428,10842374135343,btc_qm_engine,btc_sha256_elapsed_ns,1516.0000000000
219260429,10842374136436,btc_qm_engine,btc_sha256_nonce,3352903596.0000000000
219260430,10842374136526,btc_qm_engine,btc_leading_zeros,0.0000000000
219260431,10842374136642,btc_qm_engine,btc_sha256_elapsed_ns,1506.0000000000
219260432,10842374137114,btc_qm_engine,btc_sha256_nonce,3614470559.0000000000
219260433,10842374137210,btc_qm_engine,btc_leading_zeros,0.0000000000
219260434,10842374137305,btc_qm_engine,btc_sha256_elapsed_ns,1486.0000000000
219260435,10842374138430,btc_qm_engine,btc_sha256_nonce,1667344350.0000000000
219260436,10842374138532,btc_qm_engine,btc_leading_zeros,0.0000000000
219260437,10842374138643,btc_qm_engine,btc_sha256_elapsed_ns,1505.0000000000
219260438,10842374138855,btc_qm_engine,btc_orbital_scan_nonce,2246250552.0000000000
219260439,10842374139080,btc_qm_engine,btc_sha256_nonce,3381537681.0000000000
219260440,10842374139175,btc_qm_engine,btc_leading_zeros,0.0000000000
219260441,10842374139271,btc_qm_engine,btc_sha256_elapsed_ns,1497.0000000000
219260442,10842374140522,btc_qm_engine,btc_sha256_nonce,2246250552.0000000000
219260443,10842374140620,btc_qm_engine,btc_leading_zeros,2.0000000000
219260444,10842374140731,btc_qm_engine,btc_sha256_elapsed_ns,1499.0000000000
219260445,10842374140945,btc_qm_engine,btc_orbital_scan_nonce,2246228442.0000000000
219260446,10842374141041,btc_qm_engine,btc_sha256_nonce,3677094369.0000000000
219260447,10842374141134,btc_qm_engine,btc_leading_zeros,0.0000000000
219260448,10842374141239,btc_qm_engine,btc_sha256_elapsed_ns,1480.0000000000
219260449,10842374142593,btc_qm_engine,btc_sha256_nonce,2246228442.0000000000
219260450,10842374142692,btc_qm_engine,btc_leading_zeros,0.0000000000
219260451,10842374142792,btc_qm_engine,btc_sha256_elapsed_ns,1488.0000000000
219260452,10842374143032,btc_qm_engine,btc_sha256_nonce,2247550712.0000000000
219260453,10842374143132,btc_qm_engine,btc_leading_zeros,2.0000000000
219260454,10842374143230,btc_qm_engine,btc_sha256_elapsed_ns,1493.0000000000
219260455,10842374144574,btc_qm_engine,btc_sha256_nonce,912613618.0000000000
219260456,10842374144676,btc_qm_engine,btc_leading_zeros,0.0000000000
219260457,10842374144779,btc_qm_engine,btc_sha256_elapsed_ns,1505.0000000000
219260458,10842374145007,btc_qm_engine,btc_lebesgue_scan_nonce,20.0000000000
219260459,10842374145502,btc_qm_engine,btc_sha256_nonce,2246834053.0000000000
219260460,10842374146085,btc_qm_engine,btc_leading_zeros,1.0000000000
219260461,10842374146189,btc_qm_engine,btc_sha256_elapsed_ns,1495.0000000000
219260462,10842374146972,btc_qm_engine,btc_sha256_nonce,2246179693.0000000000
219260463,10842374147076,btc_qm_engine,btc_leading_zeros,0.0000000000
219260464,10842374147171,btc_qm_engine,btc_sha256_elapsed_ns,1469.0000000000
219260465,10842374147965,btc_qm_engine,btc_sha256_nonce,4014648048.0000000000
219260466,10842374148064,btc_qm_engine,btc_leading_zeros,0.0000000000
219260467,10842374148163,btc_qm_engine,btc_sha256_elapsed_ns,1490.0000000000
219260468,10842374148385,btc_qm_engine,btc_lebesgue_scan_nonce,6.0000000000
219260469,10842374148934,btc_qm_engine,btc_sha256_nonce,4204002954.0000000000
219260470,10842374149032,btc_qm_engine,btc_leading_zeros,1.0000000000
219260471,10842374149130,btc_qm_engine,btc_sha256_elapsed_ns,1496.0000000000
219260472,10842374149343,btc_qm_engine,btc_orbital_scan_nonce,2246235667.0000000000
219260473,10842374150024,btc_qm_engine,btc_sha256_nonce,2246173724.0000000000
219260474,10842374150121,btc_qm_engine,btc_leading_zeros,0.0000000000
219260475,10842374150217,btc_qm_engine,btc_sha256_elapsed_ns,1489.0000000000
219260476,10842374151017,btc_qm_engine,btc_sha256_nonce,2246235667.0000000000
219260477,10842374151115,btc_qm_engine,btc_leading_zeros,0.0000000000
219260478,10842374151212,btc_qm_engine,btc_sha256_elapsed_ns,1514.0000000000
219260479,10842374151407,btc_qm_engine,btc_orbital_scan_nonce,2246208732.0000000000
219260480,10842374152006,btc_qm_engine,btc_sha256_nonce,702242270.0000000000
219260481,10842374152107,btc_qm_engine,btc_leading_zeros,1.0000000000
219260482,10842374152205,btc_qm_engine,btc_sha256_elapsed_ns,1511.0000000000
219260483,10842374152424,btc_qm_engine,btc_lebesgue_scan_nonce,0.0000000000
219260484,10842374153064,btc_qm_engine,btc_sha256_nonce,2246208732.0000000000
219260485,10842374153157,btc_qm_engine,btc_leading_zeros,0.0000000000
219260486,10842374153250,btc_qm_engine,btc_sha256_elapsed_ns,1508.0000000000
219260487,10842374153462,btc_qm_engine,btc_lebesgue_scan_nonce,10.0000000000
219260488,10842374154090,btc_qm_engine,btc_sha256_nonce,2246361025.0000000000
219260489,10842374154190,btc_qm_engine,btc_leading_zeros,0.0000000000
219260490,10842374154290,btc_qm_engine,btc_sha256_elapsed_ns,1505.0000000000
219260491,10842374155121,btc_qm_engine,btc_sha256_nonce,2246394680.0000000000
219260492,10842374155219,btc_qm_engine,btc_leading_zeros,0.0000000000
219260493,10842374155312,btc_qm_engine,btc_sha256_elapsed_ns,1504.0000000000
219260494,10842374155511,btc_qm_engine,btc_orbital_scan_nonce,2246247040.0000000000
219260495,10842374156096,btc_qm_engine,btc_sha256_nonce,3541863656.0000000000
219260496,10842374156192,btc_qm_engine,btc_leading_zeros,1.0000000000
219260497,10842374156292,btc_qm_engine,btc_sha256_elapsed_ns,1514.0000000000
219260498,10842374156500,btc_qm_engine,btc_orbital_scan_nonce,2246251308.0000000000
219260499,10842374157150,btc_qm_engine,btc_sha256_nonce,2246247040.0000000000
219260500,10842374157246,btc_qm_engine,btc_leading_zeros,0.0000000000
219260501,10842374157349,btc_qm_engine,btc_sha256_elapsed_ns,1484.0000000000
219260502,10842374158172,btc_qm_engine,btc_sha256_nonce,2246251308.0000000000
219260503,10842374158269,btc_qm_engine,btc_leading_zeros,2.0000000000
219260504,10842374158366,btc_qm_engine,btc_sha256_elapsed_ns,1507.0000000000
219260505,10842374159125,btc_qm_engine,btc_sha256_nonce,1514817570.0000000000
219260506,10842374159222,btc_qm_engine,btc_leading_zeros,1.0000000000
219260507,10842374159324,btc_qm_engine,btc_sha256_elapsed_ns,1506.0000000000
219260508,10842374159537,btc_qm_engine,btc_orbital_scan_nonce,2246239323.0000000000
219260509,10842374160145,btc_qm_engine,btc_sha256_nonce,4003644448.0000000000
219260510,10842374160246,btc_qm_engine,btc_leading_zeros,0.0000000000
219260511,10842374160344,btc_qm_engine,btc_sha256_elapsed_ns,1496.0000000000
219260512,10842374160572,btc_qm_engine,btc_lebesgue_scan_nonce,6.0000000000
219260513,10842374161186,btc_qm_engine,btc_sha256_nonce,2246239323.0000000000
219260514,10842374161284,btc_qm_engine,btc_leading_zeros,0.0000000000
219260515,10842374161386,btc_qm_engine,btc_sha256_elapsed_ns,1499.0000000000
219260516,10842374161595,btc_qm_engine,btc_orbital_scan_nonce,2246288729.0000000000
219260517,10842374162216,btc_qm_engine,btc_sha256_nonce,2246303278.0000000000
219260518,10842374162314,btc_qm_engine,btc_leading_zeros,0.0000000000
219260519,10842374162413,btc_qm_engine,btc_sha256_elapsed_ns,1494.0000000000
219260520,10842374162625,btc_qm_engine,btc_orbital_scan_nonce,2246257071.0000000000
219260521,10842374163266,btc_qm_engine,btc_sha256_nonce,2246288729.0000000000
219260522,10842374163360,btc_qm_engine,btc_leading_zeros,2.0000000000
219260523,10842374163458,btc_qm_engine,btc_sha256_elapsed_ns,1506.0000000000
219260524,10842374164290,btc_qm_engine,btc_sha256_nonce,2246257071.0000000000
219260525,10842374164387,btc_qm_engine,btc_leading_zeros,0.0000000000
219260526,10842374164486,btc_qm_engine,btc_sha256_elapsed_ns,1517.0000000000
219260527,10842374165234,btc_qm_engine,btc_sha256_nonce,1332753529.0000000000
219260528,10842374165338,btc_qm_engine,btc_leading_zeros,0.0000000000
219260529,10842374165434,btc_qm_engine,btc_sha256_elapsed_ns,1493.0000000000
219260530,10842374165638,btc_qm_engine,btc_orbital_scan_nonce,2246241627.0000000000
219260531,10842374166248,btc_qm_engine,btc_sha256_nonce,2321912493.0000000000
219260532,10842374166344,btc_qm_engine,btc_leading_zeros,0.0000000000
219260533,10842374166444,btc_qm_engine,btc_sha256_elapsed_ns,1479.0000000000
219260534,10842374167288,btc_qm_engine,btc_sha256_nonce,2246241627.0000000000
219260535,10842374167379,btc_qm_engine,btc_leading_zeros,0.0000000000
219260536,10842374167474,btc_qm_engine,btc_sha256_elapsed_ns,1497.0000000000
219260537,10842374168224,btc_qm_engine,btc_sha256_nonce,2247073064.0000000000
219260538,10842374168319,btc_qm_engine,btc_leading_zeros,0.0000000000
219260539,10842374168413,btc_qm_engine,btc_sha256_elapsed_ns,1492.0000000000
219260540,10842374168621,btc_qm_engine,btc_orbital_scan_nonce,2246214546.0000000000
219260541,10842374169259,btc_qm_engine,btc_sha256_nonce,1332486229.0000000000
219260542,10842374169350,btc_qm_engine,btc_leading_zeros,2.0000000000
219260543,10842374169443,btc_qm_engine,btc_sha256_elapsed_ns,1494.0000000000
219260544,10842374170274,btc_qm_engine,btc_sha256_nonce,2246214546.0000000000
219260545,10842374170366,btc_qm_engine,btc_leading_zeros,2.0000000000
219260546,10842374170459,btc_qm_engine,btc_sha256_elapsed_ns,1494.0000000000
219260547,10842374171224,btc_qm_engine,btc_sha256_nonce,1333297040.0000000000
219260548,10842374171319,btc_qm_engine,btc_leading_zeros,1.0000000000
219260549,10842374171409,btc_qm_engine,btc_sha256_elapsed_ns,1507.0000000000
219260550,10842374172286,btc_qm_engine,btc_sha256_nonce,1124548368.0000000000
219260551,10842374172379,btc_qm_engine,btc_leading_zeros,2.0000000000
219260552,10842374172473,btc_qm_engine,btc_sha256_elapsed_ns,1544.0000000000
219260553,10842374172693,btc_qm_engine,btc_lebesgue_scan_nonce,11.0000000000
219260554,10842374173229,btc_qm_engine,btc_sha256_nonce,1332007607.0000000000
219260555,10842374173338,btc_qm_engine,btc_leading_zeros,0.0000000000
219260556,10842374173434,btc_qm_engine,btc_sha256_elapsed_ns,1535.0000000000
219260557,10842374173649,btc_qm_engine,btc_orbital_scan_nonce,2246241502.0000000000
219260558,10842374174357,btc_qm_engine,btc_sha256_nonce,2246254225.0000000000
219260559,10842374174453,btc_qm_engine,btc_leading_zeros,3.0000000000
219260560,10842374174551,btc_qm_engine,btc_sha256_elapsed_ns,1500.0000000000
219260561,10842374175288,btc_qm_engine,btc_sha256_nonce,2246241502.0000000000
219260562,10842374175387,btc_qm_engine,btc_leading_zeros,3.0000000000
219260563,10842374175481,btc_qm_engine,btc_sha256_elapsed_ns,1486.0000000000
219260564,10842374176346,btc_qm_engine,btc_sha256_nonce,2245744373.0000000000
219260565,10842374176443,btc_qm_engine,btc_leading_zeros,1.0000000000
219260566,10842374176537,btc_qm_engine,btc_sha256_elapsed_ns,1498.0000000000
219260567,10842374177273,btc_qm_engine,btc_sha256_nonce,353391815.0000000000
219260568,10842374177369,btc_qm_engine,btc_leading_zeros,1.0000000000
219260569,10842374177463,btc_qm_engine,btc_sha256_elapsed_ns,1516.0000000000
219260570,10842374178305,btc_qm_engine,btc_sha256_nonce,2806467835.0000000000
219260571,10842374178400,btc_qm_engine,btc_leading_zeros,1.0000000000
219260572,10842374178494,btc_qm_engine,btc_sha256_elapsed_ns,1496.0000000000
219260573,10842374179225,btc_qm_engine,btc_sha256_nonce,1560861029.0000000000
219260574,10842374179324,btc_qm_engine,btc_leading_zeros,0.0000000000
219260575,10842374179415,btc_qm_engine,btc_sha256_elapsed_ns,1497.0000000000
219260576,10842374180310,btc_qm_engine,btc_sha256_nonce,4159371035.0000000000
219260577,10842374180408,btc_qm_engine,btc_leading_zeros,2.0000000000
219260578,10842374180496,btc_qm_engine,btc_sha256_elapsed_ns,1524.0000000000
219260579,10842374181188,btc_qm_engine,btc_sha256_nonce,559659060.0000000000
219260580,10842374181284,btc_qm_engine,btc_leading_zeros,4.0000000000
219260581,10842374181381,btc_qm_engine,btc_sha256_elapsed_ns,1490.0000000000
219260582,10842374182268,btc_qm_engine,btc_sha256_nonce,2105821821.0000000000
219260583,10842374182369,btc_qm_engine,btc_leading_zeros,1.0000000000
219260584,10842374182460,btc_qm_engine,btc_sha256_elapsed_ns,1492.0000000000
219260585,10842374182685,btc_qm_engine,btc_lebesgue_scan_nonce,18.0000000000
219260586,10842374183139,btc_qm_engine,btc_sha256_nonce,1581080640.0000000000
219260587,10842374183234,btc_qm_engine,btc_leading_zeros,0.0000000000
219260588,10842374183333,btc_qm_engine,btc_sha256_elapsed_ns,1493.0000000000
219260589,10842374184340,btc_qm_engine,btc_sha256_nonce,2246341957.0000000000
219260590,10842374184429,btc_qm_engine,btc_leading_zeros,0.0000000000
219260591,10842374184521,btc_qm_engine,btc_sha256_elapsed_ns,1509.0000000000
219260592,10842374185145,btc_qm_engine,btc_sha256_nonce,1333205324.0000000000
219260593,10842374185244,btc_qm_engine,btc_leading_zeros,2.0000000000
219260594,10842374185343,btc_qm_engine,btc_sha256_elapsed_ns,1497.0000000000
219260595,10842374185572,btc_qm_engine,btc_lebesgue_scan_nonce,8.0000000000
219260596,10842374186322,btc_qm_engine,btc_sha256_nonce,1281259252.0000000000
219260597,10842374186418,btc_qm_engine,btc_leading_zeros,3.0000000000
219260598,10842374186513,btc_qm_engine,btc_sha256_elapsed_ns,1506.0000000000
219260599,10842374186730,btc_qm_engine,btc_orbital_scan_nonce,2246245461.0000000000
219260600,10842374187210,btc_qm_engine,btc_sha256_nonce,2246365113.0000000000
219260601,10842374187308,btc_qm_engine,btc_leading_zeros,0.0000000000
219260602,10842374187403,btc_qm_engine,btc_sha256_elapsed_ns,1493.0000000000
219260603,10842374187608,btc_qm_engine,btc_orbital_scan_nonce,2246221372.0000000000
219260604,10842374188364,btc_qm_engine,btc_sha256_nonce,2246245461.0000000000
219260605,10842374188457,btc_qm_engine,btc_leading_zeros,0.0000000000
219260606,10842374188553,btc_qm_engine,btc_sha256_elapsed_ns,1483.0000000000
219260607,10842374188763,btc_qm_engine,btc_orbital_scan_nonce,2246244217.0000000000
219260608,10842374189229,btc_qm_engine,btc_sha256_nonce,2246221372.0000000000
219260609,10842374189322,btc_qm_engine,btc_leading_zeros,1.0000000000
219260610,10842374189414,btc_qm_engine,btc_sha256_elapsed_ns,1478.0000000000
219260611,10842374189628,btc_qm_engine,btc_orbital_scan_nonce,2246295749.0000000000
219260612,10842374190431,btc_qm_engine,btc_sha256_nonce,2246244217.0000000000
219260613,10842374190529,btc_qm_engine,btc_leading_zeros,2.0000000000
219260614,10842374190623,btc_qm_engine,btc_sha256_elapsed_ns,1499.0000000000
219260615,10842374190854,btc_qm_engine,btc_lebesgue_scan_nonce,21.0000000000
219260616,10842374191260,btc_qm_engine,btc_sha256_nonce,2246295749.0000000000
219260617,10842374191354,btc_qm_engine,btc_leading_zeros,1.0000000000
219260618,10842374191449,btc_qm_engine,btc_sha256_elapsed_ns,1488.0000000000
219260619,10842374192526,btc_qm_engine,btc_sha256_nonce,2246210996.0000000000
219260620,10842374192615,btc_qm_engine,btc_leading_zeros,0.0000000000
219260621,10842374192710,btc_qm_engine,btc_sha256_elapsed_ns,1534.0000000000
219260622,10842374193229,btc_qm_engine,btc_sha256_nonce,2657841135.0000000000
219260623,10842374193326,btc_qm_engine,btc_leading_zeros,2.0000000000
219260624,10842374193421,btc_qm_engine,btc_sha256_elapsed_ns,1491.0000000000
219260625,10842374194511,btc_qm_engine,btc_sha256_nonce,1231108423.0000000000
219260626,10842374194604,btc_qm_engine,btc_leading_zeros,4.0000000000
219260627,10842374194699,btc_qm_engine,btc_sha256_elapsed_ns,1517.0000000000
219260628,10842374194933,btc_qm_engine,btc_lebesgue_scan_nonce,11.0000000000
219260629,10842374195185,btc_qm_engine,btc_sha256_nonce,1572486581.0000000000
219260630,10842374195273,btc_qm_engine,btc_leading_zeros,2.0000000000
219260631,10842374195371,btc_qm_engine,btc_sha256_elapsed_ns,1484.0000000000
219260632,10842374196578,btc_qm_engine,btc_sha256_nonce,2246354235.0000000000
219260633,10842374196669,btc_qm_engine,btc_leading_zeros,1.0000000000
219260634,10842374196767,btc_qm_engine,btc_sha256_elapsed_ns,1493.0000000000
219260635,10842374197169,btc_qm_engine,btc_sha256_nonce,2179214855.0000000000
219260636,10842374197264,btc_qm_engine,btc_leading_zeros,2.0000000000
219260637,10842374197363,btc_qm_engine,btc_sha256_elapsed_ns,1511.0000000000
219260638,10842374197579,btc_qm_engine,btc_orbital_scan_nonce,2246262754.0000000000
219260639,10842374198544,btc_qm_engine,btc_sha256_nonce,2340376251.0000000000
219260640,10842374198634,btc_qm_engine,btc_leading_zeros,0.0000000000
219260641,10842374198731,btc_qm_engine,btc_sha256_elapsed_ns,1500.0000000000
219260642,10842374198945,btc_qm_engine,btc_orbital_scan_nonce,2246242416.0000000000
219260643,10842374199215,btc_qm_engine,btc_sha256_nonce,2246262754.0000000000
219260644,10842374199311,btc_qm_engine,btc_leading_zeros,0.0000000000
219260645,10842374199416,btc_qm_engine,btc_sha256_elapsed_ns,1490.0000000000
219260646,10842374199642,btc_qm_engine,btc_lebesgue_scan_nonce,15.0000000000
219260647,10842374200624,btc_qm_engine,btc_sha256_nonce,2246242416.0000000000
219260648,10842374200720,btc_qm_engine,btc_leading_zeros,0.0000000000
219260649,10842374200814,btc_qm_engine,btc_sha256_elapsed_ns,1526.0000000000
219260650,10842374201289,btc_qm_engine,btc_sha256_nonce,2246259745.0000000000
219260651,10842374201383,btc_qm_engine,btc_leading_zeros,4.0000000000
219260652,10842374201481,btc_qm_engine,btc_sha256_elapsed_ns,1481.0000000000
219260653,10842374201704,btc_qm_engine,btc_lebesgue_scan_nonce,21.0000000000
219260654,10842374202617,btc_qm_engine,btc_sha256_nonce,229895502.0000000000
219260655,10842374202700,btc_qm_engine,btc_leading_zeros,1.0000000000
219260656,10842374202794,btc_qm_engine,btc_sha256_elapsed_ns,1523.0000000000
219260657,10842374203034,btc_qm_engine,btc_lebesgue_scan_nonce,18.0000000000
219260658,10842374203341,btc_qm_engine,btc_sha256_nonce,2246215028.0000000000
219260659,10842374203434,btc_qm_engine,btc_leading_zeros,0.0000000000
219260660,10842374203536,btc_qm_engine,btc_sha256_elapsed_ns,1488.0000000000
219260661,10842374204690,btc_qm_engine,btc_sha256_nonce,2246317597.0000000000
219260662,10842374204786,btc_qm_engine,btc_leading_zeros,0.0000000000
219260663,10842374204878,btc_qm_engine,btc_sha256_elapsed_ns,1514.0000000000
219260664,10842374205320,btc_qm_engine,btc_sha256_nonce,1669079402.0000000000
219260665,10842374205415,btc_qm_engine,btc_leading_zeros,3.0000000000
219260666,10842374205509,btc_qm_engine,btc_sha256_elapsed_ns,1500.0000000000
219260667,10842374206666,btc_qm_engine,btc_sha256_nonce,2247270983.0000000000
219260668,10842374206762,btc_qm_engine,btc_leading_zeros,3.0000000000
219260669,10842374206861,btc_qm_engine,btc_sha256_elapsed_ns,1485.0000000000
219260670,10842374207079,btc_qm_engine,btc_orbital_scan_nonce,2246249238.0000000000
219260671,10842374207268,btc_qm_engine,btc_sha256_nonce,3715872303.0000000000
219260672,10842374207359,btc_qm_engine,btc_leading_zeros,0.0000000000
219260673,10842374207455,btc_qm_engine,btc_sha256_elapsed_ns,1484.0000000000
219260674,10842374208739,btc_qm_engine,btc_sha256_nonce,2246249238.0000000000
219260675,10842374208838,btc_qm_engine,btc_leading_zeros,1.0000000000
219260676,10842374208937,btc_qm_engine,btc_sha256_elapsed_ns,1509.0000000000
219260677,10842374209254,btc_qm_engine,btc_sha256_nonce,1333895629.0000000000
219260678,10842374209354,btc_qm_engine,btc_leading_zeros,0.0000000000
219260679,10842374209444,btc_qm_engine,btc_sha256_elapsed_ns,1516.0000000000
219260680,10842374210755,btc_qm_engine,btc_sha256_nonce,2245430957.0000000000
219260681,10842374210854,btc_qm_engine,btc_leading_zeros,0.0000000000
219260682,10842374210950,btc_qm_engine,btc_sha256_elapsed_ns,1519.0000000000
219260683,10842374211248,btc_qm_engine,btc_sha256_nonce,1333341020.0000000000
219260684,10842374211338,btc_qm_engine,btc_leading_zeros,0.0000000000
219260685,10842374211433,btc_qm_engine,btc_sha256_elapsed_ns,1508.0000000000
219260686,10842374212719,btc_qm_engine,btc_sha256_nonce,2811374546.0000000000
219260687,10842374212811,btc_qm_engine,btc_leading_zeros,0.0000000000
219260688,10842374212905,btc_qm_engine,btc_sha256_elapsed_ns,1492.0000000000
219260689,10842374213221,btc_qm_engine,btc_sha256_nonce,1333467287.0000000000
219260690,10842374213316,btc_qm_engine,btc_leading_zeros,0.0000000000
219260691,10842374213415,btc_qm_engine,btc_sha256_elapsed_ns,1501.0000000000
219260692,10842374213624,btc_qm_engine,btc_orbital_scan_nonce,2246298869.0000000000
219260693,10842374214669,btc_qm_engine,btc_sha256_nonce,1310561587.0000000000
219260694,10842374214768,btc_qm_engine,btc_leading_zeros,3.0000000000
219260695,10842374214864,btc_qm_engine,btc_sha256_elapsed_ns,1477.0000000000
219260696,10842374215278,btc_qm_engine,btc_sha256_nonce,2246298869.0000000000
219260697,10842374215374,btc_qm_engine,btc_leading_zeros,2.0000000000
219260698,10842374215479,btc_qm_engine,btc_sha256_elapsed_ns,1499.0000000000
219260699,10842374216651,btc_qm_engine,btc_sha256_nonce,2550592924.0000000000
219260700,10842374216748,btc_qm_engine,btc_leading_zeros,2.0000000000
219260701,10842374216846,btc_qm_engine,btc_sha256_elapsed_ns,1495.0000000000
219260702,10842374217073,btc_qm_engine,btc_lebesgue_scan_nonce,17.0000000000
219260703,10842374217252,btc_qm_engine,btc_sha256_nonce,4030809703.0000000000
219260704,10842374217345,btc_qm_engine,btc_leading_zeros,0.0000000000
219260705,10842374217447,btc_qm_engine,btc_sha256_elapsed_ns,1493.0000000000
219260706,10842374217653,btc_qm_engine,btc_orbital_scan_nonce,2246274901.0000000000
219260707,10842374218707,btc_qm_engine,btc_sha256_nonce,2246281828.0000000000
219260708,10842374218797,btc_qm_engine,btc_leading_zeros,2.0000000000
219260709,10842374218889,btc_qm_engine,btc_sha256_elapsed_ns,1486.0000000000
219260710,10842374219104,btc_qm_engine,btc_orbital_scan_nonce,2246253347.0000000000
219260711,10842374219289,btc_qm_engine,btc_sha256_nonce,2246274901.0000000000
219260712,10842374219392,btc_qm_engine,btc_leading_zeros,1.0000000000
219260713,10842374219493,btc_qm_engine,btc_sha256_elapsed_ns,1477.0000000000
219260714,10842374219710,btc_qm_engine,btc_orbital_scan_nonce,2246275962.0000000000
219260715,10842374220750,btc_qm_engine,btc_sha256_nonce,2246253347.0000000000
219260716,10842374220848,btc_qm_engine,btc_leading_zeros,3.0000000000
219260717,10842374220947,btc_qm_engine,btc_sha256_elapsed_ns,1491.0000000000
219260718,10842374221364,btc_qm_engine,btc_sha256_nonce,2246275962.0000000000
219260719,10842374221463,btc_qm_engine,btc_leading_zeros,1.0000000000
219260720,10842374221564,btc_qm_engine,btc_sha256_elapsed_ns,1502.0000000000
219260721,10842374222708,btc_qm_engine,btc_sha256_nonce,2645034692.0000000000
219260722,10842374222800,btc_qm_engine,btc_leading_zeros,1.0000000000
219260723,10842374222901,btc_qm_engine,btc_sha256_elapsed_ns,1484.0000000000
219260724,10842374223126,btc_qm_engine,btc_lebesgue_scan_nonce,2.0000000000
219260725,10842374223341,btc_qm_engine,btc_sha256_nonce,997047879.0000000000
219260726,10842374223435,btc_qm_engine,btc_leading_zeros,0.0000000000
219260727,10842374223536,btc_qm_engine,btc_sha256_elapsed_ns,1498.0000000000
219260728,10842374224738,btc_qm_engine,btc_sha256_nonce,2246348855.0000000000
219260729,10842374224832,btc_qm_engine,btc_leading_zeros,0.0000000000
219260730,10842374224929,btc_qm_engine,btc_sha256_elapsed_ns,1467.0000000000
219260731,10842374225158,btc_qm_engine,btc_lebesgue_scan_nonce,15.0000000000
219260732,10842374225300,btc_qm_engine,btc_sha256_nonce,167304722.0000000000
219260733,10842374225398,btc_qm_engine,btc_leading_zeros,0.0000000000
219260734,10842374225498,btc_qm_engine,btc_sha256_elapsed_ns,1488.0000000000
219260735,10842374226842,btc_qm_engine,btc_sha256_nonce,2246313188.0000000000
219260736,10842374226936,btc_qm_engine,btc_leading_zeros,2.0000000000
219260737,10842374227034,btc_qm_engine,btc_sha256_elapsed_ns,1523.0000000000
219260738,10842374227285,btc_qm_engine,btc_sha256_nonce,3993068920.0000000000
219260739,10842374227384,btc_qm_engine,btc_leading_zeros,1.0000000000
219260740,10842374227481,btc_qm_engine,btc_sha256_elapsed_ns,1503.0000000000
219260741,10842374228538,btc_qm_engine,btc_sha256_nonce,738729831.0000000000
219260742,10842374228613,btc_qm_engine,btc_leading_zeros,0.0000000000
219260743,10842374228701,btc_qm_engine,btc_sha256_elapsed_ns,1229.0000000000
219260744,10842374228913,btc_qm_engine,btc_lebesgue_scan_nonce,2.0000000000
219260745,10842374230499,btc_qm_engine,btc_sha256_nonce,2246190849.0000000000
219260746,10842374230585,btc_qm_engine,btc_leading_zeros,0.0000000000
219260747,10842374230670,btc_qm_engine,btc_sha256_elapsed_ns,1451.0000000000
219260748,10842374230895,btc_qm_engine,btc_lebesgue_scan_nonce,14.0000000000
219260749,10842374232516,btc_qm_engine,btc_sha256_nonce,2246281430.0000000000
219260750,10842374232609,btc_qm_engine,btc_leading_zeros,0.0000000000
219260751,10842374232687,btc_qm_engine,btc_sha256_elapsed_ns,1487.0000000000
219260752,10842374232863,btc_qm_engine,btc_orbital_scan_nonce,2246226068.0000000000
219260753,10842374234144,btc_qm_engine,btc_sha256_nonce,2246226068.0000000000
219260754,10842374234413,btc_qm_engine,btc_leading_zeros,0.0000000000
219260755,10842374234474,btc_qm_engine,btc_sha256_elapsed_ns,1167.0000000000
219260756,10842374235447,btc_qm_engine,btc_sha256_nonce,1344738668.0000000000
219260757,10842374235511,btc_qm_engine,btc_leading_zeros,0.0000000000
219260758,10842374235571,btc_qm_engine,btc_sha256_elapsed_ns,801.0000000000
219260759,10842374236538,btc_qm_engine,btc_sha256_nonce,1760663238.0000000000
219260760,10842374236617,btc_qm_engine,btc_leading_zeros,0.0000000000
219260761,10842374236685,btc_qm_engine,btc_sha256_elapsed_ns,794.0000000000
219260762,10842374236823,btc_qm_engine,btc_orbital_scan_nonce,2246286340.0000000000
219260763,10842374237716,btc_qm_engine,btc_sha256_nonce,2246286340.0000000000
219260764,10842374237775,btc_qm_engine,btc_leading_zeros,1.0000000000
219260765,10842374237838,btc_qm_engine,btc_sha256_elapsed_ns,795.0000000000
219260766,10842374238801,btc_qm_engine,btc_sha256_nonce,3666914692.0000000000
219260767,10842374238867,btc_qm_engine,btc_leading_zeros,0.0000000000
219260768,10842374238928,btc_qm_engine,btc_sha256_elapsed_ns,795.0000000000
219260769,10842374239064,btc_qm_engine,btc_orbital_scan_nonce,2246217065.0000000000
219260770,10842374239953,btc_qm_engine,btc_sha256_nonce,2246217065.0000000000
219260771,10842374240014,btc_qm_engine,btc_leading_zeros,1.0000000000
219260772,10842374240074,btc_qm_engine,btc_sha256_elapsed_ns,793.0000000000
219260773,10842374241044,btc_qm_engine,btc_sha256_nonce,97048977.0000000000
219260774,10842374241114,btc_qm_engine,btc_leading_zeros,1.0000000000
219260775,10842374241174,btc_qm_engine,btc_sha256_elapsed_ns,796.0000000000
219260776,10842374241311,btc_qm_engine,btc_orbital_scan_nonce,2246236550.0000000000
219260777,10842374242213,btc_qm_engine,btc_sha256_nonce,2246236550.0000000000
219260778,10842374242270,btc_qm_engine,btc_leading_zeros,3.0000000000
219260779,10842374242332,btc_qm_engine,btc_sha256_elapsed_ns,796.0000000000
219260780,10842374242469,btc_qm_engine,btc_orbital_scan_nonce,2246259640.0000000000
219260781,10842374243361,btc_qm_engine,btc_sha256_nonce,2246259640.0000000000
219260782,10842374243422,btc_qm_engine,btc_leading_zeros,0.0000000000
219260783,10842374243484,btc_qm_engine,btc_sha256_elapsed_ns,795.0000000000
219260784,10842374243606,btc_qm_engine,btc_orbital_scan_nonce,2246240044.0000000000
219260785,10842374244492,btc_qm_engine,btc_sha256_nonce,2246240044.0000000000
219260786,10842374244550,btc_qm_engine,btc_leading_zeros,0.0000000000
219260787,10842374244611,btc_qm_engine,btc_sha256_elapsed_ns,796.0000000000
219260788,10842374244768,btc_qm_engine,btc_lebesgue_scan_nonce,22.0000000000
219260789,10842374245655,btc_qm_engine,btc_sha256_nonce,2246249359.0000000000
219260790,10842374245713,btc_qm_engine,btc_leading_zeros,0.0000000000
219260791,10842374245773,btc_qm_engine,btc_sha256_elapsed_ns,796.0000000000
219260792,10842374246748,btc_qm_engine,btc_sha256_nonce,3699623765.0000000000
219260793,10842374246812,btc_qm_engine,btc_leading_zeros,2.0000000000
219260794,10842374246871,btc_qm_engine,btc_sha256_elapsed_ns,794.0000000000
219260795,10842374247016,btc_qm_engine,btc_lebesgue_scan_nonce,13.0000000000
219260796,10842374247903,btc_qm_engine,btc_sha256_nonce,2246316163.0000000000
219260797,10842374247966,btc_qm_engine,btc_leading_zeros,0.0000000000
219260798,10842374248026,btc_qm_engine,btc_sha256_elapsed_ns,793.0000000000
219260799,10842374248161,btc_qm_engine,btc_orbital_scan_nonce,2246218162.0000000000
219260800,10842374249049,btc_qm_engine,btc_sha256_nonce,2246218162.0000000000
219260801,10842374249109,btc_qm_engine,btc_leading_zeros,0.0000000000
219260802,10842374249169,btc_qm_engine,btc_sha256_elapsed_ns,798.0000000000
219260803,10842374249322,btc_qm_engine,btc_lebesgue_scan_nonce,13.0000000000
219260804,10842374250210,btc_qm_engine,btc_sha256_nonce,2246246394.0000000000
219260805,10842374250270,btc_qm_engine,btc_leading_zeros,0.0000000000
219260806,10842374250329,btc_qm_engine,btc_sha256_elapsed_ns,798.0000000000
219260807,10842374251304,btc_qm_engine,btc_sha256_nonce,1925247863.0000000000
219260808,10842374251367,btc_qm_engine,btc_leading_zeros,3.0000000000
219260809,10842374251428,btc_qm_engine,btc_sha256_elapsed_ns,794.0000000000
219260810,10842374252403,btc_qm_engine,btc_sha256_nonce,436933007.0000000000
219260811,10842374252492,btc_qm_engine,btc_leading_zeros,2.0000000000
219260812,10842374252558,btc_qm_engine,btc_sha256_elapsed_ns,795.0000000000
219260813,10842374253521,btc_qm_engine,btc_sha256_nonce,1071528548.0000000000
219260814,10842374253585,btc_qm_engine,btc_leading_zeros,0.0000000000
219260815,10842374253651,btc_qm_engine,btc_sha256_elapsed_ns,794.0000000000
219260816,10842374254621,btc_qm_engine,btc_sha256_nonce,2247252721.0000000000
219260817,10842374254685,btc_qm_engine,btc_leading_zeros,1.0000000000
219260818,10842374254749,btc_qm_engine,btc_sha256_elapsed_ns,798.0000000000
219260819,10842374255729,btc_qm_engine,btc_sha256_nonce,1404194986.0000000000
219260820,10842374255793,btc_qm_engine,btc_leading_zeros,4.0000000000
219260821,10842374255858,btc_qm_engine,btc_sha256_elapsed_ns,794.0000000000
219260822,10842374256825,btc_qm_engine,btc_sha256_nonce,3143997686.0000000000
219260823,10842374256891,btc_qm_engine,btc_leading_zeros,3.0000000000
219260824,10842374256954,btc_qm_engine,btc_sha256_elapsed_ns,791.0000000000
219260825,10842374257915,btc_qm_engine,btc_sha256_nonce,3090486491.0000000000
219260826,10842374257979,btc_qm_engine,btc_leading_zeros,0.0000000000
219260827,10842374258043,btc_qm_engine,btc_sha256_elapsed_ns,792.0000000000
219260828,10842374259019,btc_qm_engine,btc_sha256_nonce,3002505954.0000000000
219260829,10842374259083,btc_qm_engine,btc_leading_zeros,4.0000000000
219260830,10842374259145,btc_qm_engine,btc_sha256_elapsed_ns,796.0000000000
219260831,10842374259281,btc_qm_engine,btc_orbital_scan_nonce,2246282577.0000000000
219260832,10842374260170,btc_qm_engine,btc_sha256_nonce,2246282577.0000000000
219260833,10842374260234,btc_qm_engine,btc_leading_zeros,1.0000000000
219260834,10842374260294,btc_qm_engine,btc_sha256_elapsed_ns,793.0000000000
219260835,10842374260426,btc_qm_engine,btc_orbital_scan_nonce,2246276982.0000000000
219260836,10842374261312,btc_qm_engine,btc_sha256_nonce,2246276982.0000000000
219260837,10842374261373,btc_qm_engine,btc_leading_zeros,0.0000000000
219260838,10842374261431,btc_qm_engine,btc_sha256_elapsed_ns,789.0000000000
219260839,10842374262393,btc_qm_engine,btc_sha256_nonce,1449992375.0000000000
219260840,10842374262457,btc_qm_engine,btc_leading_zeros,0.0000000000
219260841,10842374262518,btc_qm_engine,btc_sha256_elapsed_ns,792.0000000000
219260842,10842374262654,btc_qm_engine,btc_orbital_scan_nonce,2246265703.0000000000
219260843,10842374263544,btc_qm_engine,btc_sha256_nonce,2246265703.0000000000
219260844,10842374263601,btc_qm_engine,btc_leading_zeros,1.0000000000
219260845,10842374263669,btc_qm_engine,btc_sha256_elapsed_ns,792.0000000000
219260846,10842374264629,btc_qm_engine,btc_sha256_nonce,401560496.0000000000
219260847,10842374264694,btc_qm_engine,btc_leading_zeros,0.0000000000
219260848,10842374264758,btc_qm_engine,btc_sha256_elapsed_ns,792.0000000000
219260849,10842374265724,btc_qm_engine,btc_sha256_nonce,3195296789.0000000000
219260850,10842374265787,btc_qm_engine,btc_leading_zeros,1.0000000000
219260851,10842374265848,btc_qm_engine,btc_sha256_elapsed_ns,796.0000000000
219260852,10842374266809,btc_qm_engine,btc_sha256_nonce,263341198.0000000000
219260853,10842374266874,btc_qm_engine,btc_leading_zeros,0.0000000000
219260854,10842374266937,btc_qm_engine,btc_sha256_elapsed_ns,793.0000000000
219260855,10842374267082,btc_qm_engine,btc_lebesgue_scan_nonce,24.0000000000
219260856,10842374267971,btc_qm_engine,btc_sha256_nonce,2246198923.0000000000
219260857,10842374268036,btc_qm_engine,btc_leading_zeros,0.0000000000
219260858,10842374268095,btc_qm_engine,btc_sha256_elapsed_ns,796.0000000000
219260859,10842374269068,btc_qm_engine,btc_sha256_nonce,3966702487.0000000000
219260860,10842374269131,btc_qm_engine,btc_leading_zeros,2.0000000000
219260861,10842374269193,btc_qm_engine,btc_sha256_elapsed_ns,793.0000000000
219260862,10842374270183,btc_qm_engine,btc_sha256_nonce,2649757664.0000000000
219260863,10842374270249,btc_qm_engine,btc_leading_zeros,3.0000000000
219260864,10842374270308,btc_qm_engine,btc_sha256_elapsed_ns,795.0000000000
219260865,10842374271275,btc_qm_engine,btc_sha256_nonce,1590772752.0000000000
219260866,10842374271339,btc_qm_engine,btc_leading_zeros,0.0000000000
219260867,10842374271399,btc_qm_engine,btc_sha256_elapsed_ns,791.0000000000
219260868,10842374271536,btc_qm_engine,btc_orbital_scan_nonce,2246245901.0000000000
219260869,10842374272434,btc_qm_engine,btc_sha256_nonce,2246245901.0000000000
219260870,10842374272496,btc_qm_engine,btc_leading_zeros,2.0000000000
219260871,10842374272561,btc_qm_engine,btc_sha256_elapsed_ns,794.0000000000
219260872,10842374272704,btc_qm_engine,btc_lebesgue_scan_nonce,17.0000000000
219260873,10842374273596,btc_qm_engine,btc_sha256_nonce,2246295030.0000000000
219260874,10842374273654,btc_qm_engine,btc_leading_zeros,0.0000000000
219260875,10842374273715,btc_qm_engine,btc_sha256_elapsed_ns,800.0000000000
219260876,10842374273851,btc_qm_engine,btc_orbital_scan_nonce,2246232027.0000000000
219260877,10842374274738,btc_qm_engine,btc_sha256_nonce,2246232027.0000000000
219260878,10842374274797,btc_qm_engine,btc_leading_zeros,1.0000000000
219260879,10842374274858,btc_qm_engine,btc_sha256_elapsed_ns,796.0000000000
219260880,10842374274999,btc_qm_engine,btc_lebesgue_scan_nonce,24.0000000000
219260881,10842374275891,btc_qm_engine,btc_sha256_nonce,2246236974.0000000000
219260882,10842374275953,btc_qm_engine,btc_leading_zeros,0.0000000000
219260883,10842374276012,btc_qm_engine,btc_sha256_elapsed_ns,801.0000000000
219260884,10842374276146,btc_qm_engine,btc_orbital_scan_nonce,2246250432.0000000000
219260885,10842374277034,btc_qm_engine,btc_sha256_nonce,2246250432.0000000000
219260886,10842374277092,btc_qm_engine,btc_leading_zeros,1.0000000000
219260887,10842374277153,btc_qm_engine,btc_sha256_elapsed_ns,795.0000000000
219260888,10842374277286,btc_qm_engine,btc_orbital_scan_nonce,2246240584.0000000000
219260889,10842374278180,btc_qm_engine,btc_sha256_nonce,2246240584.0000000000
219260890,10842374278240,btc_qm_engine,btc_leading_zeros,0.0000000000
219260891,10842374278300,btc_qm_engine,btc_sha256_elapsed_ns,795.0000000000
219260892,10842374279274,btc_qm_engine,btc_sha256_nonce,393295106.0000000000
219260893,10842374279340,btc_qm_engine,btc_leading_zeros,2.0000000000
219260894,10842374279399,btc_qm_engine,btc_sha256_elapsed_ns,793.0000000000
219260895,10842374280379,btc_qm_engine,btc_sha256_nonce,3177769031.0000000000
219260896,10842374280444,btc_qm_engine,btc_leading_zeros,4.0000000000
219260897,10842374280509,btc_qm_engine,btc_sha256_elapsed_ns,798.0000000000
219260898,10842374280643,btc_qm_engine,btc_orbital_scan_nonce,2246234449.0000000000
219260899,10842374281544,btc_qm_engine,btc_sha256_nonce,2246234449.0000000000
219260900,10842374281607,btc_qm_engine,btc_leading_zeros,0.0000000000
219260901,10842374281669,btc_qm_engine,btc_sha256_elapsed_ns,795.0000000000
219260902,10842374281790,btc_qm_engine,btc_orbital_scan_nonce,2246275622.0000000000
219260903,10842374282683,btc_qm_engine,btc_sha256_nonce,2246275622.0000000000
219260904,10842374282741,btc_qm_engine,btc_leading_zeros,1.0000000000
219260905,10842374282803,btc_qm_engine,btc_sha256_elapsed_ns,794.0000000000
219260906,10842374282956,btc_qm_engine,btc_lebesgue_scan_nonce,14.0000000000
219260907,10842374283854,btc_qm_engine,btc_sha256_nonce,2246175504.0000000000
219260908,10842374283911,btc_qm_engine,btc_leading_zeros,2.0000000000
219260909,10842374283973,btc_qm_engine,btc_sha256_elapsed_ns,796.0000000000
219260910,10842374284935,btc_qm_engine,btc_sha256_nonce,2349869843.0000000000
219260911,10842374285001,btc_qm_engine,btc_leading_zeros,0.0000000000
219260912,10842374285060,btc_qm_engine,btc_sha256_elapsed_ns,794.0000000000
219260913,10842374285217,btc_qm_engine,btc_lebesgue_scan_nonce,15.0000000000
219260914,10842374286116,btc_qm_engine,btc_sha256_nonce,2246212826.0000000000
219260915,10842374286178,btc_qm_engine,btc_leading_zeros,4.0000000000
219260916,10842374286236,btc_qm_engine,btc_sha256_elapsed_ns,795.0000000000
219260917,10842374286374,btc_qm_engine,btc_orbital_scan_nonce,2246256450.0000000000
219260918,10842374287259,btc_qm_engine,btc_sha256_nonce,2246256450.0000000000
219260919,10842374287320,btc_qm_engine,btc_leading_zeros,1.0000000000
219260920,10842374287379,btc_qm_engine,btc_sha256_elapsed_ns,794.0000000000
219260921,10842374288354,btc_qm_engine,btc_sha256_nonce,3038682337.0000000000
219260922,10842374288418,btc_qm_engine,btc_leading_zeros,2.0000000000
219260923,10842374288479,btc_qm_engine,btc_sha256_elapsed_ns,793.0000000000
219260924,10842374288620,btc_qm_engine,btc_lebesgue_scan_nonce,16.0000000000
219260925,10842374289514,btc_qm_engine,btc_sha256_nonce,2246260235.0000000000
219260926,10842374289573,btc_qm_engine,btc_leading_zeros,0.0000000000
219260927,10842374289634,btc_qm_engine,btc_sha256_elapsed_ns,794.0000000000
219260928,10842374290596,btc_qm_engine,btc_sha256_nonce,384193583.0000000000
219260929,10842374290661,btc_qm_engine,btc_leading_zeros,1.0000000000
219260930,10842374290720,btc_qm_engine,btc_sha256_elapsed_ns,791.0000000000
219260931,10842374290854,btc_qm_engine,btc_orbital_scan_nonce,2246250739.0000000000
219260932,10842374291753,btc_qm_engine,btc_sha256_nonce,2246250739.0000000000
219260933,10842374291812,btc_qm_engine,btc_leading_zeros,4.0000000000
219260934,10842374291871,btc_qm_engine,btc_sha256_elapsed_ns,794.0000000000
219260935,10842374292839,btc_qm_engine,btc_sha256_nonce,3570169057.0000000000
219260936,10842374292902,btc_qm_engine,btc_leading_zeros,0.0000000000
219260937,10842374292964,btc_qm_engine,btc_sha256_elapsed_ns,795.0000000000
219260938,10842374293940,btc_qm_engine,btc_sha256_nonce,2245704387.0000000000
219260939,10842374294006,btc_qm_engine,btc_leading_zeros,4.0000000000
219260940,10842374294068,btc_qm_engine,btc_sha256_elapsed_ns,792.0000000000
219260941,10842374294211,btc_qm_engine,btc_lebesgue_scan_nonce,1.0000000000
219260942,10842374295101,btc_qm_engine,btc_sha256_nonce,2246323522.0000000000
219260943,10842374295162,btc_qm_engine,btc_leading_zeros,1.0000000000
219260944,10842374295221,btc_qm_engine,btc_sha256_elapsed_ns,794.0000000000
219260945,10842374296184,btc_qm_engine,btc_sha256_nonce,1871432325.0000000000
219260946,10842374296246,btc_qm_engine,btc_leading_zeros,0.0000000000
219260947,10842374296308,btc_qm_engine,btc_sha256_elapsed_ns,794.0000000000
219260948,10842374296448,btc_qm_engine,btc_lebesgue_scan_nonce,13.0000000000
219260949,10842374297335,btc_qm_engine,btc_sha256_nonce,2246214100.0000000000
219260950,10842374297401,btc_qm_engine,btc_leading_zeros,0.0000000000
219260951,10842374297463,btc_qm_engine,btc_sha256_elapsed_ns,793.0000000000
219260952,10842374298423,btc_qm_engine,btc_sha256_nonce,3542188025.0000000000
219260953,10842374298489,btc_qm_engine,btc_leading_zeros,1.0000000000
219260954,10842374298548,btc_qm_engine,btc_sha256_elapsed_ns,792.0000000000
219260955,10842374298691,btc_qm_engine,btc_lebesgue_scan_nonce,11.0000000000
219260956,10842374299582,btc_qm_engine,btc_sha256_nonce,2246391607.0000000000
219260957,10842374299641,btc_qm_engine,btc_leading_zeros,1.0000000000
219260958,10842374299700,btc_qm_engine,btc_sha256_elapsed_ns,797.0000000000
219260959,10842374299842,btc_qm_engine,btc_lebesgue_scan_nonce,8.0000000000
219260960,10842374300738,btc_qm_engine,btc_sha256_nonce,2246089947.0000000000
219260961,10842374300797,btc_qm_engine,btc_leading_zeros,2.0000000000
219260962,10842374300856,btc_qm_engine,btc_sha256_elapsed_ns,795.0000000000
219260963,10842374300992,btc_qm_engine,btc_orbital_scan_nonce,2246287707.0000000000
219260964,10842374301887,btc_qm_engine,btc_sha256_nonce,2246287707.0000000000
219260965,10842374301970,btc_qm_engine,btc_leading_zeros,2.0000000000
219260966,10842374302029,btc_qm_engine,btc_sha256_elapsed_ns,795.0000000000
219260967,10842374303008,btc_qm_engine,btc_sha256_nonce,3477320280.0000000000
219260968,10842374303070,btc_qm_engine,btc_leading_zeros,3.0000000000
219260969,10842374303131,btc_qm_engine,btc_sha256_elapsed_ns,795.0000000000
219260970,10842374304099,btc_qm_engine,btc_sha256_nonce,1676536186.0000000000
219260971,10842374304164,btc_qm_engine,btc_leading_zeros,1.0000000000
219260972,10842374304223,btc_qm_engine,btc_sha256_elapsed_ns,798.0000000000
219260973,10842374305188,btc_qm_engine,btc_sha256_nonce,3168761968.0000000000
219260974,10842374305252,btc_qm_engine,btc_leading_zeros,0.0000000000
219260975,10842374305312,btc_qm_engine,btc_sha256_elapsed_ns,797.0000000000
219260976,10842374306287,btc_qm_engine,btc_sha256_nonce,1597675317.0000000000
219260977,10842374306351,btc_qm_engine,btc_leading_zeros,4.0000000000
219260978,10842374306418,btc_qm_engine,btc_sha256_elapsed_ns,794.0000000000
219260979,10842374307395,btc_qm_engine,btc_sha256_nonce,3798325893.0000000000
219260980,10842374307460,btc_qm_engine,btc_leading_zeros,3.0000000000
219260981,10842374307525,btc_qm_engine,btc_sha256_elapsed_ns,797.0000000000
219260982,10842374308493,btc_qm_engine,btc_sha256_nonce,2246170879.0000000000
219260983,10842374308559,btc_qm_engine,btc_leading_zeros,1.0000000000
219260984,10842374308621,btc_qm_engine,btc_sha256_elapsed_ns,792.0000000000
219260985,10842374308756,btc_qm_engine,btc_orbital_scan_nonce,2246207534.0000000000
219260986,10842374309661,btc_qm_engine,btc_sha256_nonce,2246207534.0000000000
219260987,10842374309726,btc_qm_engine,btc_leading_zeros,4.0000000000
219260988,10842374309785,btc_qm_engine,btc_sha256_elapsed_ns,798.0000000000
219260989,10842374310749,btc_qm_engine,btc_sha256_nonce,3304073491.0000000000
219260990,10842374310812,btc_qm_engine,btc_leading_zeros,0.0000000000
219260991,10842374310878,btc_qm_engine,btc_sha256_elapsed_ns,793.0000000000
219260992,10842374311845,btc_qm_engine,btc_sha256_nonce,1289095706.0000000000
219260993,10842374311909,btc_qm_engine,btc_leading_zeros,0.0000000000
219260994,10842374311973,btc_qm_engine,btc_sha256_elapsed_ns,798.0000000000
219260995,10842374312109,btc_qm_engine,btc_orbital_scan_nonce,2246261015.0000000000
219260996,10842374313001,btc_qm_engine,btc_sha256_nonce,2246261015.0000000000
219260997,10842374313064,btc_qm_engine,btc_leading_zeros,1.0000000000
219260998,10842374313124,btc_qm_engine,btc_sha256_elapsed_ns,796.0000000000
219260999,10842374313268,btc_qm_engine,btc_lebesgue_scan_nonce,17.0000000000
219261000,10842374314193,btc_qm_engine,btc_sha256_nonce,2246180108.0000000000
219261001,10842374314259,btc_qm_engine,btc_leading_zeros,9.0000000000
219261002,10842374314319,btc_qm_engine,btc_sha256_elapsed_ns,797.0000000000
219261003,10842374314454,btc_qm_engine,btc_orbital_scan_nonce,2246256120.0000000000
219261004,10842374315339,btc_qm_engine,btc_sha256_nonce,2246256120.0000000000
219261005,10842374315399,btc_qm_engine,btc_leading_zeros,0.0000000000
219261006,10842374315457,btc_qm_engine,btc_sha256_elapsed_ns,794.0000000000
219261007,10842374315591,btc_qm_engine,btc_orbital_scan_nonce,2246271520.0000000000
219261008,10842374316476,btc_qm_engine,btc_sha256_nonce,2246271520.0000000000
219261009,10842374316535,btc_qm_engine,btc_leading_zeros,0.0000000000
219261010,10842374316594,btc_qm_engine,btc_sha256_elapsed_ns,794.0000000000
219261011,10842374317558,btc_qm_engine,btc_sha256_nonce,236082432.0000000000
219261012,10842374317620,btc_qm_engine,btc_leading_zeros,0.0000000000
219261013,10842374317681,btc_qm_engine,btc_sha256_elapsed_ns,793.0000000000
219261014,10842374317819,btc_qm_engine,btc_orbital_scan_nonce,2246198869.0000000000
219261015,10842374318718,btc_qm_engine,btc_sha256_nonce,2246198869.0000000000
219261016,10842374318794,btc_qm_engine,btc_leading_zeros,4.0000000000
219261017,10842374318858,btc_qm_engine,btc_sha256_elapsed_ns,792.0000000000
219261018,10842374318982,btc_qm_engine,btc_orbital_scan_nonce,2246202719.0000000000
219261019,10842374319877,btc_qm_engine,btc_sha256_nonce,2246202719.0000000000
219261020,10842374319935,btc_qm_engine,btc_leading_zeros,3.0000000000
219261021,10842374319996,btc_qm_engine,btc_sha256_elapsed_ns,794.0000000000
219261022,10842374320958,btc_qm_engine,btc_sha256_nonce,1638179561.0000000000
219261023,10842374321023,btc_qm_engine,btc_leading_zeros,0.0000000000
219261024,10842374321082,btc_qm_engine,btc_sha256_elapsed_ns,791.0000000000
219261025,10842374322044,btc_qm_engine,btc_sha256_nonce,1144397327.0000000000
219261026,10842374322107,btc_qm_engine,btc_leading_zeros,0.0000000000
219261027,10842374322168,btc_qm_engine,btc_sha256_elapsed_ns,792.0000000000
219261028,10842374323126,btc_qm_engine,btc_sha256_nonce,2815308048.0000000000
219261029,10842374323189,btc_qm_engine,btc_leading_zeros,1.0000000000
219261030,10842374323258,btc_qm_engine,btc_sha256_elapsed_ns,789.0000000000
219261031,10842374323401,btc_qm_engine,btc_lebesgue_scan_nonce,4.0000000000
219261032,10842374324287,btc_qm_engine,btc_sha256_nonce,2246326390.0000000000
219261033,10842374324350,btc_qm_engine,btc_leading_zeros,0.0000000000
219261034,10842374324410,btc_qm_engine,btc_sha256_elapsed_ns,791.0000000000
219261035,10842374325379,btc_qm_engine,btc_sha256_nonce,2100970544.0000000000
219261036,10842374325443,btc_qm_engine,btc_leading_zeros,2.0000000000
219261037,10842374325504,btc_qm_engine,btc_sha256_elapsed_ns,791.0000000000
219261038,10842374325648,btc_qm_engine,btc_lebesgue_scan_nonce,3.0000000000
219261039,10842374326551,btc_qm_engine,btc_sha256_nonce,2246444429.0000000000
219261040,10842374326617,btc_qm_engine,btc_leading_zeros,3.0000000000
219261041,10842374326678,btc_qm_engine,btc_sha256_elapsed_ns,793.0000000000
219261042,10842374326814,btc_qm_engine,btc_orbital_scan_nonce,2246252617.0000000000
219261043,10842374327703,btc_qm_engine,btc_sha256_nonce,2246252617.0000000000
219261044,10842374327766,btc_qm_engine,btc_leading_zeros,0.0000000000
219261045,10842374327828,btc_qm_engine,btc_sha256_elapsed_ns,792.0000000000
219261046,10842374328790,btc_qm_engine,btc_sha256_nonce,3851682840.0000000000
219261047,10842374328855,btc_qm_engine,btc_leading_zeros,0.0000000000
219261048,10842374328918,btc_qm_engine,btc_sha256_elapsed_ns,793.0000000000
219261049,10842374329880,btc_qm_engine,btc_sha256_nonce,1389253700.0000000000
219261050,10842374329951,btc_qm_engine,btc_leading_zeros,1.0000000000
219261051,10842374330018,btc_qm_engine,btc_sha256_elapsed_ns,793.0000000000
219261052,10842374330981,btc_qm_engine,btc_sha256_nonce,3549363807.0000000000
219261053,10842374331054,btc_qm_engine,btc_leading_zeros,1.0000000000
219261054,10842374331117,btc_qm_engine,btc_sha256_elapsed_ns,794.0000000000
219261055,10842374332085,btc_qm_engine,btc_sha256_nonce,2246949586.0000000000
219261056,10842374332149,btc_qm_engine,btc_leading_zeros,0.0000000000
219261057,10842374332213,btc_qm_engine,btc_sha256_elapsed_ns,796.0000000000
219261058,10842374332346,btc_qm_engine,btc_orbital_scan_nonce,2246252888.0000000000
219261059,10842374333233,btc_qm_engine,btc_sha256_nonce,2246252888.0000000000
219261060,10842374333290,btc_qm_engine,btc_leading_zeros,0.0000000000
219261061,10842374333353,btc_qm_engine,btc_sha256_elapsed_ns,795.0000000000
219261062,10842374334318,btc_qm_engine,btc_sha256_nonce,2774314740.0000000000
219261063,10842374334384,btc_qm_engine,btc_leading_zeros,0.0000000000
219261064,10842374334443,btc_qm_engine,btc_sha256_elapsed_ns,796.0000000000
219261065,10842374335408,btc_qm_engine,btc_sha256_nonce,4263101116.0000000000
219261066,10842374335471,btc_qm_engine,btc_leading_zeros,0.0000000000
219261067,10842374335555,btc_qm_engine,btc_sha256_elapsed_ns,795.0000000000
219261068,10842374336526,btc_qm_engine,btc_sha256_nonce,712839621.0000000000
219261069,10842374336592,btc_qm_engine,btc_leading_zeros,1.0000000000
219261070,10842374336651,btc_qm_engine,btc_sha256_elapsed_ns,797.0000000000
219261071,10842374337627,btc_qm_engine,btc_sha256_nonce,1960927571.0000000000
219261072,10842374337690,btc_qm_engine,btc_leading_zeros,3.0000000000
219261073,10842374337756,btc_qm_engine,btc_sha256_elapsed_ns,796.0000000000
219261074,10842374338721,btc_qm_engine,btc_sha256_nonce,3374895679.0000000000
219261075,10842374338787,btc_qm_engine,btc_leading_zeros,0.0000000000
219261076,10842374338849,btc_qm_engine,btc_sha256_elapsed_ns,796.0000000000
219261077,10842374338984,btc_qm_engine,btc_orbital_scan_nonce,2246241977.0000000000
219261078,10842374339881,btc_qm_engine,btc_sha256_nonce,2246241977.0000000000
219261079,10842374339947,btc_qm_engine,btc_leading_zeros,1.0000000000
219261080,10842374340006,btc_qm_engine,btc_sha256_elapsed_ns,798.0000000000
219261081,10842374340978,btc_qm_engine,btc_sha256_nonce,3795497284.0000000000
219261082,10842374341040,btc_qm_engine,btc_leading_zeros,1.0000000000
219261083,10842374341101,btc_qm_engine,btc_sha256_elapsed_ns,794.0000000000
219261084,10842374342072,btc_qm_engine,btc_sha256_nonce,3235770508.0000000000
219261085,10842374342136,btc_qm_engine,btc_leading_zeros,0.0000000000
219261086,10842374342195,btc_qm_engine,btc_sha256_elapsed_ns,795.0000000000
219261087,10842374342332,btc_qm_engine,btc_orbital_scan_nonce,2246246576.0000000000
219261088,10842374343223,btc_qm_engine,btc_sha256_nonce,2246246576.0000000000
219261089,10842374343286,btc_qm_engine,btc_leading_zeros,0.0000000000
219261090,10842374343345,btc_qm_engine,btc_sha256_elapsed_ns,796.0000000000
219261091,10842374344321,btc_qm_engine,btc_sha256_nonce,1064932764.0000000000
219261092,10842374344385,btc_qm_engine,btc_leading_zeros,4.0000000000
219261093,10842374344448,btc_qm_engine,btc_sha256_elapsed_ns,794.0000000000
219261094,10842374345414,btc_qm_engine,btc_sha256_nonce,47739764.0000000000
219261095,10842374345480,btc_qm_engine,btc_leading_zeros,0.0000000000
219261096,10842374345543,btc_qm_engine,btc_sha256_elapsed_ns,796.0000000000
219261097,10842374346506,btc_qm_engine,btc_sha256_nonce,3659492655.0000000000
219261098,10842374346570,btc_qm_engine,btc_leading_zeros,0.0000000000
219261099,10842374346635,btc_qm_engine,btc_sha256_elapsed_ns,794.0000000000
219261100,10842374347627,btc_qm_engine,btc_sha256_nonce,3406703237.0000000000
219261101,10842374347693,btc_qm_engine,btc_leading_zeros,1.0000000000
219261102,10842374347752,btc_qm_engine,btc_sha256_elapsed_ns,792.0000000000
219261103,10842374348741,btc_qm_engine,btc_sha256_nonce,2245285010.0000000000
219261104,10842374348808,btc_qm_engine,btc_leading_zeros,0.0000000000
219261105,10842374348869,btc_qm_engine,btc_sha256_elapsed_ns,795.0000000000
219261106,10842374349011,btc_qm_engine,btc_lebesgue_scan_nonce,0.0000000000
219261107,10842374349901,btc_qm_engine,btc_sha256_nonce,2246048611.0000000000
219261108,10842374349960,btc_qm_engine,btc_leading_zeros,1.0000000000
219261109,10842374350022,btc_qm_engine,btc_sha256_elapsed_ns,794.0000000000
219261110,10842374350985,btc_qm_engine,btc_sha256_nonce,2245964685.0000000000
219261111,10842374351050,btc_qm_engine,btc_leading_zeros,0.0000000000
219261112,10842374351110,btc_qm_engine,btc_sha256_elapsed_ns,792.0000000000
219261113,10842374351244,btc_qm_engine,btc_orbital_scan_nonce,2246247970.0000000000
219261114,10842374352134,btc_qm_engine,btc_sha256_nonce,2246247970.0000000000
219261115,10842374352195,btc_qm_engine,btc_leading_zeros,1.0000000000
219261116,10842374352254,btc_qm_engine,btc_sha256_elapsed_ns,795.0000000000
219261117,10842374352385,btc_qm_engine,btc_orbital_scan_nonce,2246289554.0000000000
219261118,10842374353288,btc_qm_engine,btc_sha256_nonce,2246289554.0000000000
219261119,10842374353349,btc_qm_engine,btc_leading_zeros,3.0000000000
219261120,10842374353409,btc_qm_engine,btc_sha256_elapsed_ns,793.0000000000
219261121,10842374353545,btc_qm_engine,btc_orbital_scan_nonce,2246248664.0000000000
219261122,10842374354428,btc_qm_engine,btc_sha256_nonce,2246248664.0000000000
219261123,10842374354488,btc_qm_engine,btc_leading_zeros,1.0000000000
219261124,10842374354547,btc_qm_engine,btc_sha256_elapsed_ns,791.0000000000
219261125,10842374354683,btc_qm_engine,btc_orbital_scan_nonce,2246234200.0000000000
219261126,10842374355565,btc_qm_engine,btc_sha256_nonce,2246234200.0000000000
219261127,10842374355626,btc_qm_engine,btc_leading_zeros,1.0000000000
219261128,10842374355685,btc_qm_engine,btc_sha256_elapsed_ns,793.0000000000
219261129,10842374355820,btc_qm_engine,btc_orbital_scan_nonce,2246217164.0000000000
219261130,10842374356702,btc_qm_engine,btc_sha256_nonce,2246217164.0000000000
219261131,10842374356762,btc_qm_engine,btc_leading_zeros,1.0000000000
219261132,10842374356822,btc_qm_engine,btc_sha256_elapsed_ns,792.0000000000
219261133,10842374357786,btc_qm_engine,btc_sha256_nonce,1683721261.0000000000
219261134,10842374357848,btc_qm_engine,btc_leading_zeros,1.0000000000
219261135,10842374357909,btc_qm_engine,btc_sha256_elapsed_ns,795.0000000000
219261136,10842374358869,btc_qm_engine,btc_sha256_nonce,4151906837.0000000000
219261137,10842374358934,btc_qm_engine,btc_leading_zeros,1.0000000000
219261138,10842374358993,btc_qm_engine,btc_sha256_elapsed_ns,791.0000000000
219261139,10842374359973,btc_qm_engine,btc_sha256_nonce,611212987.0000000000
219261140,10842374360038,btc_qm_engine,btc_leading_zeros,2.0000000000
219261141,10842374360102,btc_qm_engine,btc_sha256_elapsed_ns,793.0000000000
219261142,10842374360247,btc_qm_engine,btc_lebesgue_scan_nonce,22.0000000000
219261143,10842374361139,btc_qm_engine,btc_sha256_nonce,2246259192.0000000000
219261144,10842374361202,btc_qm_engine,btc_leading_zeros,0.0000000000
219261145,10842374361263,btc_qm_engine,btc_sha256_elapsed_ns,794.0000000000
219261146,10842374362238,btc_qm_engine,btc_sha256_nonce,3664711060.0000000000
219261147,10842374362304,btc_qm_engine,btc_leading_zeros,4.0000000000
219261148,10842374362367,btc_qm_engine,btc_sha256_elapsed_ns,796.0000000000
219261149,10842374363328,btc_qm_engine,btc_sha256_nonce,3059031330.0000000000
219261150,10842374363392,btc_qm_engine,btc_leading_zeros,1.0000000000
219261151,10842374363457,btc_qm_engine,btc_sha256_elapsed_ns,794.0000000000
219261152,10842374364434,btc_qm_engine,btc_sha256_nonce,2244957422.0000000000
219261153,10842374364508,btc_qm_engine,btc_leading_zeros,2.0000000000
219261154,10842374364572,btc_qm_engine,btc_sha256_elapsed_ns,793.0000000000
219261155,10842374365544,btc_qm_engine,btc_sha256_nonce,3714945826.0000000000
219261156,10842374365606,btc_qm_engine,btc_leading_zeros,0.0000000000
219261157,10842374365673,btc_qm_engine,btc_sha256_elapsed_ns,794.0000000000
219261158,10842374365819,btc_qm_engine,btc_lebesgue_scan_nonce,19.0000000000
219261159,10842374366710,btc_qm_engine,btc_sha256_nonce,2246221290.0000000000
219261160,10842374366768,btc_qm_engine,btc_leading_zeros,0.0000000000
219261161,10842374366829,btc_qm_engine,btc_sha256_elapsed_ns,795.0000000000
219261162,10842374367796,btc_qm_engine,btc_sha256_nonce,2390442507.0000000000
219261163,10842374367862,btc_qm_engine,btc_leading_zeros,0.0000000000
219261164,10842374367921,btc_qm_engine,btc_sha256_elapsed_ns,796.0000000000
219261165,10842374368887,btc_qm_engine,btc_sha256_nonce,243070243.0000000000
219261166,10842374368950,btc_qm_engine,btc_leading_zeros,0.0000000000
219261167,10842374369011,btc_qm_engine,btc_sha256_elapsed_ns,796.0000000000
219261168,10842374369144,btc_qm_engine,btc_orbital_scan_nonce,2246298869.0000000000
219261169,10842374370081,btc_qm_engine,btc_sha256_nonce,2246298869.0000000000
219261170,10842374370152,btc_qm_engine,btc_leading_zeros,2.0000000000
219261171,10842374370213,btc_qm_engine,btc_sha256_elapsed_ns,797.0000000000
219261172,10842374370349,btc_qm_engine,btc_orbital_scan_nonce,2246221719.0000000000
219261173,10842374371239,btc_qm_engine,btc_sha256_nonce,2246221719.0000000000
219261174,10842374371302,btc_qm_engine,btc_leading_zeros,0.0000000000
219261175,10842374371364,btc_qm_engine,btc_sha256_elapsed_ns,794.0000000000
219261176,10842374371509,btc_qm_engine,btc_lebesgue_scan_nonce,8.0000000000
219261177,10842374372407,btc_qm_engine,btc_sha256_nonce,2246183504.0000000000
219261178,10842374372466,btc_qm_engine,btc_leading_zeros,1.0000000000
219261179,10842374372530,btc_qm_engine,btc_sha256_elapsed_ns,798.0000000000
219261180,10842374372667,btc_qm_engine,btc_orbital_scan_nonce,2246226596.0000000000
219261181,10842374373554,btc_qm_engine,btc_sha256_nonce,2246226596.0000000000
219261182,10842374373613,btc_qm_engine,btc_leading_zeros,0.0000000000
219261183,10842374373675,btc_qm_engine,btc_sha256_elapsed_ns,796.0000000000
219261184,10842374374639,btc_qm_engine,btc_sha256_nonce,2168205269.0000000000
219261185,10842374374703,btc_qm_engine,btc_leading_zeros,0.0000000000
219261186,10842374374762,btc_qm_engine,btc_sha256_elapsed_ns,795.0000000000
219261187,10842374375730,btc_qm_engine,btc_sha256_nonce,645285455.0000000000
219261188,10842374375793,btc_qm_engine,btc_leading_zeros,0.0000000000
219261189,10842374375854,btc_qm_engine,btc_sha256_elapsed_ns,796.0000000000
219261190,10842374376824,btc_qm_engine,btc_sha256_nonce,2245726060.0000000000
219261191,10842374376889,btc_qm_engine,btc_leading_zeros,0.0000000000
219261192,10842374376953,btc_qm_engine,btc_sha256_elapsed_ns,794.0000000000
219261193,10842374377087,btc_qm_engine,btc_orbital_scan_nonce,2246224528.0000000000
219261194,10842374377985,btc_qm_engine,btc_sha256_nonce,2246224528.0000000000
219261195,10842374378053,btc_qm_engine,btc_leading_zeros,4.0000000000
219261196,10842374378112,btc_qm_engine,btc_sha256_elapsed_ns,793.0000000000
219261197,10842374379090,btc_qm_engine,btc_sha256_nonce,2245896817.0000000000
219261198,10842374379152,btc_qm_engine,btc_leading_zeros,0.0000000000
219261199,10842374379212,btc_qm_engine,btc_sha256_elapsed_ns,797.0000000000
219261200,10842374379348,btc_qm_engine,btc_orbital_scan_nonce,2246281311.0000000000
219261201,10842374380241,btc_qm_engine,btc_sha256_nonce,2246281311.0000000000
219261202,10842374380299,btc_qm_engine,btc_leading_zeros,0.0000000000
219261203,10842374380359,btc_qm_engine,btc_sha256_elapsed_ns,799.0000000000
219261204,10842374381331,btc_qm_engine,btc_sha256_nonce,31480711.0000000000
219261205,10842374381395,btc_qm_engine,btc_leading_zeros,0.0000000000
219261206,10842374381463,btc_qm_engine,btc_sha256_elapsed_ns,797.0000000000
219261207,10842374381595,btc_qm_engine,btc_orbital_scan_nonce,2246280561.0000000000
219261208,10842374382487,btc_qm_engine,btc_sha256_nonce,2246280561.0000000000
219261209,10842374382547,btc_qm_engine,btc_leading_zeros,0.0000000000
219261210,10842374382606,btc_qm_engine,btc_sha256_elapsed_ns,795.0000000000
219261211,10842374383580,btc_qm_engine,btc_sha256_nonce,2246280802.0000000000
219261212,10842374383643,btc_qm_engine,btc_leading_zeros,1.0000000000
219261213,10842374383705,btc_qm_engine,btc_sha256_elapsed_ns,792.0000000000
219261214,10842374384669,btc_qm_engine,btc_sha256_nonce,1181332964.0000000000
219261215,10842374384733,btc_qm_engine,btc_leading_zeros,0.0000000000
219261216,10842374384793,btc_qm_engine,btc_sha256_elapsed_ns,795.0000000000
219261217,10842374384930,btc_qm_engine,btc_orbital_scan_nonce,2246265170.0000000000
219261218,10842374385822,btc_qm_engine,btc_sha256_nonce,2246265170.0000000000
219261219,10842374385883,btc_qm_engine,btc_leading_zeros,2.0000000000
219261220,10842374385942,btc_qm_engine,btc_sha256_elapsed_ns,791.0000000000
219261221,10842374386079,btc_qm_engine,btc_orbital_scan_nonce,2246285812.0000000000
219261222,10842374386962,btc_qm_engine,btc_sha256_nonce,2246285812.0000000000
219261223,10842374387023,btc_qm_engine,btc_leading_zeros,0.0000000000
219261224,10842374387082,btc_qm_engine,btc_sha256_elapsed_ns,791.0000000000
219261225,10842374388043,btc_qm_engine,btc_sha256_nonce,295922058.0000000000
219261226,10842374388106,btc_qm_engine,btc_leading_zeros,0.0000000000
219261227,10842374388167,btc_qm_engine,btc_sha256_elapsed_ns,792.0000000000
219261228,10842374389125,btc_qm_engine,btc_sha256_nonce,775612802.0000000000
219261229,10842374389188,btc_qm_engine,btc_leading_zeros,0.0000000000
219261230,10842374389247,btc_qm_engine,btc_sha256_elapsed_ns,790.0000000000
219261231,10842374390216,btc_qm_engine,btc_sha256_nonce,2596746728.0000000000
219261232,10842374390278,btc_qm_engine,btc_leading_zeros,1.0000000000
219261233,10842374390339,btc_qm_engine,btc_sha256_elapsed_ns,791.0000000000
219261234,10842374391309,btc_qm_engine,btc_sha256_nonce,3590047936.0000000000
219261235,10842374391376,btc_qm_engine,btc_leading_zeros,3.0000000000
219261236,10842374391439,btc_qm_engine,btc_sha256_elapsed_ns,792.0000000000
219261237,10842374392411,btc_qm_engine,btc_sha256_nonce,1998703375.0000000000
219261238,10842374392475,btc_qm_engine,btc_leading_zeros,2.0000000000
219261239,10842374392540,btc_qm_engine,btc_sha256_elapsed_ns,794.0000000000
219261240,10842374393504,btc_qm_engine,btc_sha256_nonce,3348201551.0000000000
219261241,10842374393572,btc_qm_engine,btc_leading_zeros,1.0000000000
219261242,10842374393635,btc_qm_engine,btc_sha256_elapsed_ns,796.0000000000
219261243,10842374393778,btc_qm_engine,btc_lebesgue_scan_nonce,4.0000000000
219261244,10842374394667,btc_qm_engine,btc_sha256_nonce,2246159285.0000000000
219261245,10842374394732,btc_qm_engine,btc_leading_zeros,0.0000000000
219261246,10842374394792,btc_qm_engine,btc_sha256_elapsed_ns,794.0000000000
219261247,10842374394933,btc_qm_engine,btc_lebesgue_scan_nonce,15.0000000000
219261248,10842374395835,btc_qm_engine,btc_sha256_nonce,2246143492.0000000000
219261249,10842374395900,btc_qm_engine,btc_leading_zeros,2.0000000000
219261250,10842374395958,btc_qm_engine,btc_sha256_elapsed_ns,799.0000000000
219261251,10842374396927,btc_qm_engine,btc_sha256_nonce,3806052412.0000000000
219261252,10842374396989,btc_qm_engine,btc_leading_zeros,0.0000000000
219261253,10842374397050,btc_qm_engine,btc_sha256_elapsed_ns,795.0000000000
219261254,10842374398016,btc_qm_engine,btc_sha256_nonce,2246575568.0000000000
219261255,10842374398088,btc_qm_engine,btc_leading_zeros,1.0000000000
219261256,10842374398151,btc_qm_engine,btc_sha256_elapsed_ns,793.0000000000
219261257,10842374398290,btc_qm_engine,btc_lebesgue_scan_nonce,12.0000000000
219261258,10842374399185,btc_qm_engine,btc_sha256_nonce,2246257301.0000000000
219261259,10842374399251,btc_qm_engine,btc_leading_zeros,0.0000000000
219261260,10842374399310,btc_qm_engine,btc_sha256_elapsed_ns,799.0000000000
219261261,10842374399452,btc_qm_engine,btc_lebesgue_scan_nonce,22.0000000000
219261262,10842374400342,btc_qm_engine,btc_sha256_nonce,2246257383.0000000000
219261263,10842374400403,btc_qm_engine,btc_leading_zeros,0.0000000000
219261264,10842374400463,btc_qm_engine,btc_sha256_elapsed_ns,793.0000000000
219261265,10842374401433,btc_qm_engine,btc_sha256_nonce,2246920376.0000000000
219261266,10842374401497,btc_qm_engine,btc_leading_zeros,0.0000000000
219261267,10842374401558,btc_qm_engine,btc_sha256_elapsed_ns,797.0000000000
219261268,10842374402520,btc_qm_engine,btc_sha256_nonce,873257845.0000000000
219261269,10842374402584,btc_qm_engine,btc_leading_zeros,1.0000000000
219261270,10842374402643,btc_qm_engine,btc_sha256_elapsed_ns,795.0000000000
219261271,10842374403612,btc_qm_engine,btc_sha256_nonce,789531196.0000000000
219261272,10842374403698,btc_qm_engine,btc_leading_zeros,0.0000000000
219261273,10842374403770,btc_qm_engine,btc_sha256_elapsed_ns,797.0000000000
219261274,10842374404749,btc_qm_engine,btc_sha256_nonce,2008062239.0000000000
219261275,10842374404814,btc_qm_engine,btc_leading_zeros,2.0000000000
219261276,10842374404877,btc_qm_engine,btc_sha256_elapsed_ns,798.0000000000
219261277,10842374405841,btc_qm_engine,btc_sha256_nonce,2818114578.0000000000
219261278,10842374405905,btc_qm_engine,btc_leading_zeros,0.0000000000
219261279,10842374405970,btc_qm_engine,btc_sha256_elapsed_ns,792.0000000000
219261280,10842374406104,btc_qm_engine,btc_orbital_scan_nonce,2246225493.0000000000
219261281,10842374406999,btc_qm_engine,btc_sha256_nonce,2246225493.0000000000
219261282,10842374407062,btc_qm_engine,btc_leading_zeros,0.0000000000
219261283,10842374407127,btc_qm_engine,btc_sha256_elapsed_ns,797.0000000000
219261284,10842374408102,btc_qm_engine,btc_sha256_nonce,1475070570.0000000000
219261285,10842374408165,btc_qm_engine,btc_leading_zeros,4.0000000000
219261286,10842374408224,btc_qm_engine,btc_sha256_elapsed_ns,796.0000000000
219261287,10842374409198,btc_qm_engine,btc_sha256_nonce,2390611824.0000000000
219261288,10842374409261,btc_qm_engine,btc_leading_zeros,1.0000000000
219261289,10842374409322,btc_qm_engine,btc_sha256_elapsed_ns,796.0000000000
219261290,10842374409460,btc_qm_engine,btc_orbital_scan_nonce,2246204459.0000000000
219261291,10842374410354,btc_qm_engine,btc_sha256_nonce,2246204459.0000000000
219261292,10842374410417,btc_qm_engine,btc_leading_zeros,1.0000000000
219261293,10842374410483,btc_qm_engine,btc_sha256_elapsed_ns,796.0000000000
219261294,10842374411448,btc_qm_engine,btc_sha256_nonce,1406804508.0000000000
219261295,10842374411513,btc_qm_engine,btc_leading_zeros,0.0000000000
219261296,10842374411575,btc_qm_engine,btc_sha256_elapsed_ns,795.0000000000
219261297,10842374412582,btc_qm_engine,btc_sha256_nonce,4144482938.0000000000
219261298,10842374412644,btc_qm_engine,btc_leading_zeros,0.0000000000
219261299,10842374412705,btc_qm_engine,btc_sha256_elapsed_ns,796.0000000000
219261300,10842374413684,btc_qm_engine,btc_sha256_nonce,2246996955.0000000000
219261301,10842374413749,btc_qm_engine,btc_leading_zeros,3.0000000000
219261302,10842374413812,btc_qm_engine,btc_sha256_elapsed_ns,796.0000000000
219261303,10842374413956,btc_qm_engine,btc_lebesgue_scan_nonce,4.0000000000
219261304,10842374414844,btc_qm_engine,btc_sha256_nonce,2246418993.0000000000
219261305,10842374414908,btc_qm_engine,btc_leading_zeros,0.0000000000
219261306,10842374414969,btc_qm_engine,btc_sha256_elapsed_ns,795.0000000000
219261307,10842374415112,btc_qm_engine,btc_lebesgue_scan_nonce,13.0000000000
219261308,10842374416009,btc_qm_engine,btc_sha256_nonce,2246215807.0000000000
219261309,10842374416099,btc_qm_engine,btc_leading_zeros,3.0000000000
219261310,10842374416159,btc_qm_engine,btc_sha256_elapsed_ns,795.0000000000
219261311,10842374416299,btc_qm_engine,btc_lebesgue_scan_nonce,6.0000000000
219261312,10842374417186,btc_qm_engine,btc_sha256_nonce,2246119646.0000000000
219261313,10842374417251,btc_qm_engine,btc_leading_zeros,1.0000000000
219261314,10842374417310,btc_qm_engine,btc_sha256_elapsed_ns,793.0000000000
219261315,10842374417445,btc_qm_engine,btc_orbital_scan_nonce,2246284381.0000000000
219261316,10842374418331,btc_qm_engine,btc_sha256_nonce,2246284381.0000000000
219261317,10842374418394,btc_qm_engine,btc_leading_zeros,0.0000000000
219261318,10842374418453,btc_qm_engine,btc_sha256_elapsed_ns,790.0000000000
219261319,10842374418594,btc_qm_engine,btc_lebesgue_scan_nonce,18.0000000000
219261320,10842374419481,btc_qm_engine,btc_sha256_nonce,2246161945.0000000000
219261321,10842374419539,btc_qm_engine,btc_leading_zeros,0.0000000000
219261322,10842374419597,btc_qm_engine,btc_sha256_elapsed_ns,791.0000000000
219261323,10842374420600,btc_qm_engine,btc_sha256_nonce,602396891.0000000000
219261324,10842374420663,btc_qm_engine,btc_leading_zeros,0.0000000000
219261325,10842374420724,btc_qm_engine,btc_sha256_elapsed_ns,793.0000000000
219261326,10842374421695,btc_qm_engine,btc_sha256_nonce,2797230505.0000000000
219261327,10842374421761,btc_qm_engine,btc_leading_zeros,2.0000000000
219261328,10842374421822,btc_qm_engine,btc_sha256_elapsed_ns,791.0000000000
219261329,10842374422792,btc_qm_engine,btc_sha256_nonce,4222300436.0000000000
219261330,10842374422856,btc_qm_engine,btc_leading_zeros,0.0000000000
219261331,10842374422914,btc_qm_engine,btc_sha256_elapsed_ns,793.0000000000
219261332,10842374423056,btc_qm_engine,btc_lebesgue_scan_nonce,1.0000000000
219261333,10842374423952,btc_qm_engine,btc_sha256_nonce,2246046971.0000000000
219261334,10842374424016,btc_qm_engine,btc_leading_zeros,2.0000000000
219261335,10842374424077,btc_qm_engine,btc_sha256_elapsed_ns,791.0000000000
219261336,10842374425036,btc_qm_engine,btc_sha256_nonce,4196936218.0000000000
219261337,10842374425106,btc_qm_engine,btc_leading_zeros,1.0000000000
219261338,10842374425165,btc_qm_engine,btc_sha256_elapsed_ns,790.0000000000
219261339,10842374426127,btc_qm_engine,btc_sha256_nonce,4120075319.0000000000
219261340,10842374426189,btc_qm_engine,btc_leading_zeros,0.0000000000
219261341,10842374426257,btc_qm_engine,btc_sha256_elapsed_ns,793.0000000000
219261342,10842374426393,btc_qm_engine,btc_orbital_scan_nonce,2246212868.0000000000
219261343,10842374427286,btc_qm_engine,btc_sha256_nonce,2246212868.0000000000
219261344,10842374427349,btc_qm_engine,btc_leading_zeros,1.0000000000
219261345,10842374427411,btc_qm_engine,btc_sha256_elapsed_ns,794.0000000000
219261346,10842374427548,btc_qm_engine,btc_orbital_scan_nonce,2246253147.0000000000
219261347,10842374428450,btc_qm_engine,btc_sha256_nonce,2246253147.0000000000
219261348,10842374428513,btc_qm_engine,btc_leading_zeros,2.0000000000
219261349,10842374428575,btc_qm_engine,btc_sha256_elapsed_ns,793.0000000000
219261350,10842374429540,btc_qm_engine,btc_sha256_nonce,1541472499.0000000000
219261351,10842374429606,btc_qm_engine,btc_leading_zeros,0.0000000000
219261352,10842374429671,btc_qm_engine,btc_sha256_elapsed_ns,797.0000000000
219261353,10842374429808,btc_qm_engine,btc_orbital_scan_nonce,2246245124.0000000000
219261354,10842374430708,btc_qm_engine,btc_sha256_nonce,2246245124.0000000000
219261355,10842374430773,btc_qm_engine,btc_leading_zeros,2.0000000000
219261356,10842374430832,btc_qm_engine,btc_sha256_elapsed_ns,792.0000000000
219261357,10842374430975,btc_qm_engine,btc_lebesgue_scan_nonce,4.0000000000
219261358,10842374431865,btc_qm_engine,btc_sha256_nonce,2246173771.0000000000
219261359,10842374431924,btc_qm_engine,btc_leading_zeros,0.0000000000
219261360,10842374431989,btc_qm_engine,btc_sha256_elapsed_ns,793.0000000000
219261361,10842374432124,btc_qm_engine,btc_orbital_scan_nonce,2246260547.0000000000
219261362,10842374433020,btc_qm_engine,btc_sha256_nonce,2246260547.0000000000
219261363,10842374433081,btc_qm_engine,btc_leading_zeros,4.0000000000
219261364,10842374433139,btc_qm_engine,btc_sha256_elapsed_ns,795.0000000000
219261365,10842374433277,btc_qm_engine,btc_orbital_scan_nonce,2246207178.0000000000
219261366,10842374434171,btc_qm_engine,btc_sha256_nonce,2246207178.0000000000
219261367,10842374434237,btc_qm_engine,btc_leading_zeros,2.0000000000
219261368,10842374434296,btc_qm_engine,btc_sha256_elapsed_ns,795.0000000000
219261369,10842374435264,btc_qm_engine,btc_sha256_nonce,3855743191.0000000000
219261370,10842374435328,btc_qm_engine,btc_leading_zeros,0.0000000000
219261371,10842374435388,btc_qm_engine,btc_sha256_elapsed_ns,798.0000000000
219261372,10842374436356,btc_qm_engine,btc_sha256_nonce,2246173362.0000000000
219261373,10842374436421,btc_qm_engine,btc_leading_zeros,1.0000000000
219261374,10842374436492,btc_qm_engine,btc_sha256_elapsed_ns,797.0000000000
219261375,10842374436633,btc_qm_engine,btc_lebesgue_scan_nonce,20.0000000000
219261376,10842374437526,btc_qm_engine,btc_sha256_nonce,2246194433.0000000000
219261377,10842374437590,btc_qm_engine,btc_leading_zeros,0.0000000000
219261378,10842374437649,btc_qm_engine,btc_sha256_elapsed_ns,800.0000000000
219261379,10842374438627,btc_qm_engine,btc_sha256_nonce,3222782921.0000000000
219261380,10842374438690,btc_qm_engine,btc_leading_zeros,2.0000000000
219261381,10842374438757,btc_qm_engine,btc_sha256_elapsed_ns,793.0000000000
219261382,10842374439719,btc_qm_engine,btc_sha256_nonce,598505970.0000000000
219261383,10842374439784,btc_qm_engine,btc_leading_zeros,0.0000000000
219261384,10842374439848,btc_qm_engine,btc_sha256_elapsed_ns,792.0000000000
219261385,10842374440815,btc_qm_engine,btc_sha256_nonce,331862010.0000000000
219261386,10842374440879,btc_qm_engine,btc_leading_zeros,0.0000000000
219261387,10842374440945,btc_qm_engine,btc_sha256_elapsed_ns,800.0000000000
219261388,10842374441914,btc_qm_engine,btc_sha256_nonce,2246507467.0000000000
219261389,10842374441978,btc_qm_engine,btc_leading_zeros,1.0000000000
219261390,10842374442040,btc_qm_engine,btc_sha256_elapsed_ns,796.0000000000
219261391,10842374443007,btc_qm_engine,btc_sha256_nonce,2245357921.0000000000
219261392,10842374443070,btc_qm_engine,btc_leading_zeros,0.0000000000
219261393,10842374443135,btc_qm_engine,btc_sha256_elapsed_ns,792.0000000000
219261394,10842374443268,btc_qm_engine,btc_orbital_scan_nonce,2246246846.0000000000
219261395,10842374444161,btc_qm_engine,btc_sha256_nonce,2246246846.0000000000
219261396,10842374444224,btc_qm_engine,btc_leading_zeros,0.0000000000
219261397,10842374444286,btc_qm_engine,btc_sha256_elapsed_ns,796.0000000000
219261398,10842374445257,btc_qm_engine,btc_sha256_nonce,1586831355.0000000000
219261399,10842374445322,btc_qm_engine,btc_leading_zeros,3.0000000000
219261400,10842374445384,btc_qm_engine,btc_sha256_elapsed_ns,793.0000000000
219261401,10842374445523,btc_qm_engine,btc_orbital_scan_nonce,2246298869.0000000000
219261402,10842374446425,btc_qm_engine,btc_sha256_nonce,2246298869.0000000000
219261403,10842374446491,btc_qm_engine,btc_leading_zeros,2.0000000000
219261404,10842374446550,btc_qm_engine,btc_sha256_elapsed_ns,794.0000000000
219261405,10842374446684,btc_qm_engine,btc_orbital_scan_nonce,2246298869.0000000000
219261406,10842374447587,btc_qm_engine,btc_sha256_nonce,2246298869.0000000000
219261407,10842374447648,btc_qm_engine,btc_leading_zeros,2.0000000000
219261408,10842374447707,btc_qm_engine,btc_sha256_elapsed_ns,796.0000000000
219261409,10842374448675,btc_qm_engine,btc_sha256_nonce,564170504.0000000000
219261410,10842374448739,btc_qm_engine,btc_leading_zeros,0.0000000000
219261411,10842374448806,btc_qm_engine,btc_sha256_elapsed_ns,792.0000000000
219261412,10842374448940,btc_qm_engine,btc_orbital_scan_nonce,2246207257.0000000000
219261413,10842374449831,btc_qm_engine,btc_sha256_nonce,2246207257.0000000000
219261414,10842374449891,btc_qm_engine,btc_leading_zeros,0.0000000000
219261415,10842374449952,btc_qm_engine,btc_sha256_elapsed_ns,797.0000000000
219261416,10842374450077,btc_qm_engine,btc_orbital_scan_nonce,2246244024.0000000000
219261417,10842374450956,btc_qm_engine,btc_sha256_nonce,2246244024.0000000000
219261418,10842374451016,btc_qm_engine,btc_leading_zeros,0.0000000000
219261419,10842374451077,btc_qm_engine,btc_sha256_elapsed_ns,792.0000000000
219261420,10842374452036,btc_qm_engine,btc_sha256_nonce,686926618.0000000000
219261421,10842374452099,btc_qm_engine,btc_leading_zeros,0.0000000000
219261422,10842374452159,btc_qm_engine,btc_sha256_elapsed_ns,789.0000000000
219261423,10842374453137,btc_qm_engine,btc_sha256_nonce,2247636268.0000000000
219261424,10842374453199,btc_qm_engine,btc_leading_zeros,0.0000000000
219261425,10842374453283,btc_qm_engine,btc_sha256_elapsed_ns,795.0000000000
219261426,10842374454248,btc_qm_engine,btc_sha256_nonce,2246760382.0000000000
219261427,10842374454313,btc_qm_engine,btc_leading_zeros,0.0000000000
219261428,10842374454376,btc_qm_engine,btc_sha256_elapsed_ns,793.0000000000
219261429,10842374455335,btc_qm_engine,btc_sha256_nonce,3807022777.0000000000
219261430,10842374455399,btc_qm_engine,btc_leading_zeros,0.0000000000
219261431,10842374455465,btc_qm_engine,btc_sha256_elapsed_ns,793.0000000000
219261432,10842374456437,btc_qm_engine,btc_sha256_nonce,2048068431.0000000000
219261433,10842374456501,btc_qm_engine,btc_leading_zeros,2.0000000000
219261434,10842374456564,btc_qm_engine,btc_sha256_elapsed_ns,794.0000000000
219261435,10842374457525,btc_qm_engine,btc_sha256_nonce,1153066212.0000000000
219261436,10842374457588,btc_qm_engine,btc_leading_zeros,0.0000000000
219261437,10842374457652,btc_qm_engine,btc_sha256_elapsed_ns,790.0000000000
219261438,10842374457786,btc_qm_engine,btc_orbital_scan_nonce,2246248804.0000000000
219261439,10842374458675,btc_qm_engine,btc_sha256_nonce,2246248804.0000000000
219261440,10842374458739,btc_qm_engine,btc_leading_zeros,0.0000000000
219261441,10842374458800,btc_qm_engine,btc_sha256_elapsed_ns,793.0000000000
219261442,10842374458940,btc_qm_engine,btc_lebesgue_scan_nonce,20.0000000000
219261443,10842374459835,btc_qm_engine,btc_sha256_nonce,2246324008.0000000000
219261444,10842374459898,btc_qm_engine,btc_leading_zeros,1.0000000000
219261445,10842374459959,btc_qm_engine,btc_sha256_elapsed_ns,796.0000000000
219261446,10842374460092,btc_qm_engine,btc_orbital_scan_nonce,2246223275.0000000000
219261447,10842374460994,btc_qm_engine,btc_sha256_nonce,2246223275.0000000000
219261448,10842374461058,btc_qm_engine,btc_leading_zeros,4.0000000000
219261449,10842374461119,btc_qm_engine,btc_sha256_elapsed_ns,794.0000000000
219261450,10842374462083,btc_qm_engine,btc_sha256_nonce,4170143613.0000000000
219261451,10842374462148,btc_qm_engine,btc_leading_zeros,0.0000000000
219261452,10842374462210,btc_qm_engine,btc_sha256_elapsed_ns,794.0000000000
219261453,10842374463174,btc_qm_engine,btc_sha256_nonce,2181248574.0000000000
219261454,10842374463239,btc_qm_engine,btc_leading_zeros,1.0000000000
219261455,10842374463304,btc_qm_engine,btc_sha256_elapsed_ns,794.0000000000
219261456,10842374463436,btc_qm_engine,btc_orbital_scan_nonce,2246248270.0000000000
219261457,10842374464339,btc_qm_engine,btc_sha256_nonce,2246248270.0000000000
219261458,10842374464403,btc_qm_engine,btc_leading_zeros,4.0000000000
219261459,10842374464464,btc_qm_engine,btc_sha256_elapsed_ns,795.0000000000
219261460,10842374465444,btc_qm_engine,btc_sha256_nonce,3912206420.0000000000
219261461,10842374465509,btc_qm_engine,btc_leading_zeros,0.0000000000
219261462,10842374465568,btc_qm_engine,btc_sha256_elapsed_ns,797.0000000000
219261463,10842374465713,btc_qm_engine,btc_lebesgue_scan_nonce,2.0000000000
219261464,10842374466614,btc_qm_engine,btc_sha256_nonce,2246036546.0000000000
219261465,10842374466680,btc_qm_engine,btc_leading_zeros,2.0000000000
219261466,10842374466739,btc_qm_engine,btc_sha256_elapsed_ns,797.0000000000
219261467,10842374467705,btc_qm_engine,btc_sha256_nonce,3259807008.0000000000
219261468,10842374467769,btc_qm_engine,btc_leading_zeros,0.0000000000
219261469,10842374467834,btc_qm_engine,btc_sha256_elapsed_ns,795.0000000000
219261470,10842374467973,btc_qm_engine,btc_orbital_scan_nonce,2246284017.0000000000
219261471,10842374468867,btc_qm_engine,btc_sha256_nonce,2246284017.0000000000
219261472,10842374468930,btc_qm_engine,btc_leading_zeros,1.0000000000
219261473,10842374468991,btc_qm_engine,btc_sha256_elapsed_ns,799.0000000000
219261474,10842374469956,btc_qm_engine,btc_sha256_nonce,2017448738.0000000000
219261475,10842374470023,btc_qm_engine,btc_leading_zeros,1.0000000000
219261476,10842374470085,btc_qm_engine,btc_sha256_elapsed_ns,796.0000000000
219261477,10842374470220,btc_qm_engine,btc_orbital_scan_nonce,2246246263.0000000000
219261478,10842374471110,btc_qm_engine,btc_sha256_nonce,2246246263.0000000000
219261479,10842374471175,btc_qm_engine,btc_leading_zeros,0.0000000000
219261480,10842374471234,btc_qm_engine,btc_sha256_elapsed_ns,795.0000000000
219261481,10842374471359,btc_qm_engine,btc_orbital_scan_nonce,2246223169.0000000000
219261482,10842374472251,btc_qm_engine,btc_sha256_nonce,2246223169.0000000000
219261483,10842374472312,btc_qm_engine,btc_leading_zeros,0.0000000000
219261484,10842374472372,btc_qm_engine,btc_sha256_elapsed_ns,796.0000000000
219261485,10842374472497,btc_qm_engine,btc_orbital_scan_nonce,2246209869.0000000000
219261486,10842374473387,btc_qm_engine,btc_sha256_nonce,2246209869.0000000000
219261487,10842374473448,btc_qm_engine,btc_leading_zeros,4.0000000000
219261488,10842374473508,btc_qm_engine,btc_sha256_elapsed_ns,793.0000000000
219261489,10842374474484,btc_qm_engine,btc_sha256_nonce,2245570849.0000000000
219261490,10842374474548,btc_qm_engine,btc_leading_zeros,0.0000000000
219261491,10842374474609,btc_qm_engine,btc_sha256_elapsed_ns,794.0000000000
219261492,10842374475575,btc_qm_engine,btc_sha256_nonce,2351460690.0000000000
219261493,10842374475641,btc_qm_engine,btc_leading_zeros,1.0000000000
219261494,10842374475700,btc_qm_engine,btc_sha256_elapsed_ns,796.0000000000
219261495,10842374476677,btc_qm_engine,btc_sha256_nonce,1933817178.0000000000
219261496,10842374476740,btc_qm_engine,btc_leading_zeros,2.0000000000
219261497,10842374476802,btc_qm_engine,btc_sha256_elapsed_ns,793.0000000000
219261498,10842374477769,btc_qm_engine,btc_sha256_nonce,8326905.0000000000
219261499,10842374477835,btc_qm_engine,btc_leading_zeros,1.0000000000
219261500,10842374477894,btc_qm_engine,btc_sha256_elapsed_ns,793.0000000000
219261501,10842374478040,btc_qm_engine,btc_lebesgue_scan_nonce,2.0000000000
219261502,10842374478937,btc_qm_engine,btc_sha256_nonce,2246037115.0000000000
219261503,10842374478998,btc_qm_engine,btc_leading_zeros,2.0000000000
219261504,10842374479058,btc_qm_engine,btc_sha256_elapsed_ns,793.0000000000
219261505,10842374480018,btc_qm_engine,btc_sha256_nonce,655725443.0000000000
219261506,10842374480082,btc_qm_engine,btc_leading_zeros,0.0000000000
219261507,10842374480143,btc_qm_engine,btc_sha256_elapsed_ns,793.0000000000
219261508,10842374481109,btc_qm_engine,btc_sha256_nonce,3774918420.0000000000
219261509,10842374481174,btc_qm_engine,btc_leading_zeros,0.0000000000
219261510,10842374481234,btc_qm_engine,btc_sha256_elapsed_ns,794.0000000000
219261511,10842374482205,btc_qm_engine,btc_sha256_nonce,1418937884.0000000000
219261512,10842374482267,btc_qm_engine,btc_leading_zeros,0.0000000000
219261513,10842374482335,btc_qm_engine,btc_sha256_elapsed_ns,790.0000000000
219261514,10842374483294,btc_qm_engine,btc_sha256_nonce,3264451423.0000000000
219261515,10842374483359,btc_qm_engine,btc_leading_zeros,1.0000000000
219261516,10842374483422,btc_qm_engine,btc_sha256_elapsed_ns,789.0000000000
219261517,10842374483560,btc_qm_engine,btc_orbital_scan_nonce,2246263780.0000000000
219261518,10842374484455,btc_qm_engine,btc_sha256_nonce,2246263780.0000000000
219261519,10842374484522,btc_qm_engine,btc_leading_zeros,3.0000000000
219261520,10842374484581,btc_qm_engine,btc_sha256_elapsed_ns,790.0000000000
219261521,10842374484713,btc_qm_engine,btc_orbital_scan_nonce,2246228594.0000000000
219261522,10842374485604,btc_qm_engine,btc_sha256_nonce,2246228594.0000000000
219261523,10842374485663,btc_qm_engine,btc_leading_zeros,0.0000000000
219261524,10842374485723,btc_qm_engine,btc_sha256_elapsed_ns,795.0000000000
219261525,10842374486685,btc_qm_engine,btc_sha256_nonce,2690411851.0000000000
219261526,10842374486747,btc_qm_engine,btc_leading_zeros,0.0000000000
219261527,10842374486808,btc_qm_engine,btc_sha256_elapsed_ns,793.0000000000
219261528,10842374486945,btc_qm_engine,btc_orbital_scan_nonce,2246221613.0000000000
219261529,10842374487828,btc_qm_engine,btc_sha256_nonce,2246221613.0000000000
219261530,10842374487891,btc_qm_engine,btc_leading_zeros,0.0000000000
219261531,10842374487952,btc_qm_engine,btc_sha256_elapsed_ns,791.0000000000
219261532,10842374488915,btc_qm_engine,btc_sha256_nonce,1821467466.0000000000
219261533,10842374488979,btc_qm_engine,btc_leading_zeros,1.0000000000
219261534,10842374489042,btc_qm_engine,btc_sha256_elapsed_ns,794.0000000000
219261535,10842374489177,btc_qm_engine,btc_orbital_scan_nonce,2246242616.0000000000
219261536,10842374490065,btc_qm_engine,btc_sha256_nonce,2246242616.0000000000
219261537,10842374490132,btc_qm_engine,btc_leading_zeros,0.0000000000
219261538,10842374490190,btc_qm_engine,btc_sha256_elapsed_ns,794.0000000000
219261539,10842374490314,btc_qm_engine,btc_orbital_scan_nonce,2246236198.0000000000
219261540,10842374491202,btc_qm_engine,btc_sha256_nonce,2246236198.0000000000
219261541,10842374491262,btc_qm_engine,btc_leading_zeros,0.0000000000
219261542,10842374491321,btc_qm_engine,btc_sha256_elapsed_ns,794.0000000000
219261543,10842374492287,btc_qm_engine,btc_sha256_nonce,2185499090.0000000000
219261544,10842374492349,btc_qm_engine,btc_leading_zeros,0.0000000000
219261545,10842374492411,btc_qm_engine,btc_sha256_elapsed_ns,792.0000000000
219261546,10842374492535,btc_qm_engine,btc_orbital_scan_nonce,2246233114.0000000000
219261547,10842374493438,btc_qm_engine,btc_sha256_nonce,2246233114.0000000000
219261548,10842374493500,btc_qm_engine,btc_leading_zeros,4.0000000000
219261549,10842374493562,btc_qm_engine,btc_sha256_elapsed_ns,797.0000000000
219261550,10842374494527,btc_qm_engine,btc_sha256_nonce,834804884.0000000000
219261551,10842374494592,btc_qm_engine,btc_leading_zeros,1.0000000000
219261552,10842374494651,btc_qm_engine,btc_sha256_elapsed_ns,797.0000000000
219261553,10842374495618,btc_qm_engine,btc_sha256_nonce,2283743894.0000000000
219261554,10842374495681,btc_qm_engine,btc_leading_zeros,1.0000000000
219261555,10842374495741,btc_qm_engine,btc_sha256_elapsed_ns,798.0000000000
219261556,10842374496718,btc_qm_engine,btc_sha256_nonce,3300483937.0000000000
219261557,10842374496782,btc_qm_engine,btc_leading_zeros,2.0000000000
219261558,10842374496847,btc_qm_engine,btc_sha256_elapsed_ns,798.0000000000
219261559,10842374496989,btc_qm_engine,btc_lebesgue_scan_nonce,21.0000000000
219261560,10842374497887,btc_qm_engine,btc_sha256_nonce,2246246572.0000000000
219261561,10842374497952,btc_qm_engine,btc_leading_zeros,2.0000000000
219261562,10842374498011,btc_qm_engine,btc_sha256_elapsed_ns,795.0000000000
219261563,10842374498978,btc_qm_engine,btc_sha256_nonce,799241958.0000000000
219261564,10842374499040,btc_qm_engine,btc_leading_zeros,1.0000000000
219261565,10842374499114,btc_qm_engine,btc_sha256_elapsed_ns,794.0000000000
219261566,10842374499247,btc_qm_engine,btc_orbital_scan_nonce,2246283933.0000000000
219261567,10842374500139,btc_qm_engine,btc_sha256_nonce,2246283933.0000000000
219261568,10842374500204,btc_qm_engine,btc_leading_zeros,1.0000000000
219261569,10842374500266,btc_qm_engine,btc_sha256_elapsed_ns,795.0000000000
219261570,10842374500419,btc_qm_engine,btc_lebesgue_scan_nonce,7.0000000000
219261571,10842374501320,btc_qm_engine,btc_sha256_nonce,2246317403.0000000000
219261572,10842374501384,btc_qm_engine,btc_leading_zeros,2.0000000000
219261573,10842374501446,btc_qm_engine,btc_sha256_elapsed_ns,797.0000000000
219261574,10842374502413,btc_qm_engine,btc_sha256_nonce,797796613.0000000000
219261575,10842374502479,btc_qm_engine,btc_leading_zeros,1.0000000000
219261576,10842374502540,btc_qm_engine,btc_sha256_elapsed_ns,798.0000000000
219261577,10842374502685,btc_qm_engine,btc_lebesgue_scan_nonce,4.0000000000
219261578,10842374503574,btc_qm_engine,btc_sha256_nonce,2246258161.0000000000
219261579,10842374503668,btc_qm_engine,btc_leading_zeros,1.0000000000
219261580,10842374503733,btc_qm_engine,btc_sha256_elapsed_ns,795.0000000000
219261581,10842374503870,btc_qm_engine,btc_orbital_scan_nonce,2246242687.0000000000
219261582,10842374504770,btc_qm_engine,btc_sha256_nonce,2246242687.0000000000
219261583,10842374504832,btc_qm_engine,btc_leading_zeros,4.0000000000
219261584,10842374504891,btc_qm_engine,btc_sha256_elapsed_ns,795.0000000000
219261585,10842374505036,btc_qm_engine,btc_lebesgue_scan_nonce,6.0000000000
219261586,10842374505919,btc_qm_engine,btc_sha256_nonce,2246149264.0000000000
219261587,10842374505979,btc_qm_engine,btc_leading_zeros,1.0000000000
219261588,10842374506038,btc_qm_engine,btc_sha256_elapsed_ns,793.0000000000
219261589,10842374507004,btc_qm_engine,btc_sha256_nonce,3485807141.0000000000
219261590,10842374507068,btc_qm_engine,btc_leading_zeros,0.0000000000
219261591,10842374507127,btc_qm_engine,btc_sha256_elapsed_ns,796.0000000000
219261592,10842374508092,btc_qm_engine,btc_sha256_nonce,905990243.0000000000
219261593,10842374508167,btc_qm_engine,btc_leading_zeros,0.0000000000
219261594,10842374508229,btc_qm_engine,btc_sha256_elapsed_ns,796.0000000000
219261595,10842374508373,btc_qm_engine,btc_lebesgue_scan_nonce,15.0000000000
219261596,10842374509262,btc_qm_engine,btc_sha256_nonce,2246251093.0000000000
219261597,10842374509322,btc_qm_engine,btc_leading_zeros,0.0000000000
219261598,10842374509382,btc_qm_engine,btc_sha256_elapsed_ns,795.0000000000
219261599,10842374510348,btc_qm_engine,btc_sha256_nonce,2102654694.0000000000
219261600,10842374510411,btc_qm_engine,btc_leading_zeros,0.0000000000
219261601,10842374510473,btc_qm_engine,btc_sha256_elapsed_ns,796.0000000000
219261602,10842374511435,btc_qm_engine,btc_sha256_nonce,2537313818.0000000000
219261603,10842374511499,btc_qm_engine,btc_leading_zeros,0.0000000000
219261604,10842374511558,btc_qm_engine,btc_sha256_elapsed_ns,793.0000000000
219261605,10842374512520,btc_qm_engine,btc_sha256_nonce,534738022.0000000000
219261606,10842374512583,btc_qm_engine,btc_leading_zeros,0.0000000000
219261607,10842374512643,btc_qm_engine,btc_sha256_elapsed_ns,793.0000000000
219261608,10842374513605,btc_qm_engine,btc_sha256_nonce,1196509864.0000000000
219261609,10842374513671,btc_qm_engine,btc_leading_zeros,1.0000000000
219261610,10842374513730,btc_qm_engine,btc_sha256_elapsed_ns,791.0000000000
219261611,10842374513862,btc_qm_engine,btc_orbital_scan_nonce,2246264054.0000000000
219261612,10842374514749,btc_qm_engine,btc_sha256_nonce,2246264054.0000000000
219261613,10842374514821,btc_qm_engine,btc_leading_zeros,0.0000000000
219261614,10842374514880,btc_qm_engine,btc_sha256_elapsed_ns,793.0000000000
219261615,10842374515852,btc_qm_engine,btc_sha256_nonce,2204616834.0000000000
219261616,10842374515923,btc_qm_engine,btc_leading_zeros,3.0000000000
219261617,10842374515987,btc_qm_engine,btc_sha256_elapsed_ns,795.0000000000
219261618,10842374516946,btc_qm_engine,btc_sha256_nonce,2143922588.0000000000
219261619,10842374517012,btc_qm_engine,btc_leading_zeros,1.0000000000
219261620,10842374517074,btc_qm_engine,btc_sha256_elapsed_ns,791.0000000000
219261621,10842374517208,btc_qm_engine,btc_orbital_scan_nonce,2246266635.0000000000
219261622,10842374518097,btc_qm_engine,btc_sha256_nonce,2246266635.0000000000
219261623,10842374518162,btc_qm_engine,btc_leading_zeros,0.0000000000
219261624,10842374518222,btc_qm_engine,btc_sha256_elapsed_ns,792.0000000000
219261625,10842374518358,btc_qm_engine,btc_orbital_scan_nonce,2246279120.0000000000
219261626,10842374519261,btc_qm_engine,btc_sha256_nonce,2246279120.0000000000
219261627,10842374519327,btc_qm_engine,btc_leading_zeros,4.0000000000
219261628,10842374519384,btc_qm_engine,btc_sha256_elapsed_ns,796.0000000000
219261629,10842374520348,btc_qm_engine,btc_sha256_nonce,2128814236.0000000000
219261630,10842374520421,btc_qm_engine,btc_leading_zeros,1.0000000000
219261631,10842374520487,btc_qm_engine,btc_sha256_elapsed_ns,794.0000000000
219261632,10842374521448,btc_qm_engine,btc_sha256_nonce,4059719710.0000000000
219261633,10842374521512,btc_qm_engine,btc_leading_zeros,0.0000000000
219261634,10842374521575,btc_qm_engine,btc_sha256_elapsed_ns,794.0000000000
219261635,10842374522540,btc_qm_engine,btc_sha256_nonce,1089040504.0000000000
219261636,10842374522604,btc_qm_engine,btc_leading_zeros,0.0000000000
219261637,10842374522668,btc_qm_engine,btc_sha256_elapsed_ns,793.0000000000
219261638,10842374523629,btc_qm_engine,btc_sha256_nonce,2160037345.0000000000
219261639,10842374523694,btc_qm_engine,btc_leading_zeros,0.0000000000
219261640,10842374523757,btc_qm_engine,btc_sha256_elapsed_ns,792.0000000000
219261641,10842374523887,btc_qm_engine,btc_orbital_scan_nonce,2246248464.0000000000
219261642,10842374524778,btc_qm_engine,btc_sha256_nonce,2246248464.0000000000
219261643,10842374524842,btc_qm_engine,btc_leading_zeros,1.0000000000
219261644,10842374524902,btc_qm_engine,btc_sha256_elapsed_ns,795.0000000000
219261645,10842374525036,btc_qm_engine,btc_orbital_scan_nonce,2246290585.0000000000
219261646,10842374525925,btc_qm_engine,btc_sha256_nonce,2246290585.0000000000
219261647,10842374525992,btc_qm_engine,btc_leading_zeros,0.0000000000
219261648,10842374526050,btc_qm_engine,btc_sha256_elapsed_ns,795.0000000000
219261649,10842374526204,btc_qm_engine,btc_lebesgue_scan_nonce,8.0000000000
219261650,10842374527107,btc_qm_engine,btc_sha256_nonce,2246258430.0000000000
219261651,10842374527171,btc_qm_engine,btc_leading_zeros,2.0000000000
219261652,10842374527230,btc_qm_engine,btc_sha256_elapsed_ns,797.0000000000
219261653,10842374527365,btc_qm_engine,btc_orbital_scan_nonce,2246285111.0000000000
219261654,10842374528250,btc_qm_engine,btc_sha256_nonce,2246285111.0000000000
219261655,10842374528310,btc_qm_engine,btc_leading_zeros,0.0000000000
219261656,10842374528369,btc_qm_engine,btc_sha256_elapsed_ns,793.0000000000
219261657,10842374529333,btc_qm_engine,btc_sha256_nonce,1120822447.0000000000
219261658,10842374529397,btc_qm_engine,btc_leading_zeros,0.0000000000
219261659,10842374529457,btc_qm_engine,btc_sha256_elapsed_ns,794.0000000000
219261660,10842374529602,btc_qm_engine,btc_lebesgue_scan_nonce,19.0000000000
219261661,10842374530493,btc_qm_engine,btc_sha256_nonce,2246214219.0000000000
219261662,10842374530553,btc_qm_engine,btc_leading_zeros,1.0000000000
219261663,10842374530613,btc_qm_engine,btc_sha256_elapsed_ns,796.0000000000
219261664,10842374530747,btc_qm_engine,btc_orbital_scan_nonce,2246235302.0000000000
219261665,10842374531639,btc_qm_engine,btc_sha256_nonce,2246235302.0000000000
219261666,10842374531697,btc_qm_engine,btc_leading_zeros,0.0000000000
219261667,10842374531763,btc_qm_engine,btc_sha256_elapsed_ns,796.0000000000
219261668,10842374532731,btc_qm_engine,btc_sha256_nonce,1849346011.0000000000
219261669,10842374532795,btc_qm_engine,btc_leading_zeros,0.0000000000
219261670,10842374532854,btc_qm_engine,btc_sha256_elapsed_ns,799.0000000000
219261671,10842374533824,btc_qm_engine,btc_sha256_nonce,3337259485.0000000000
219261672,10842374533888,btc_qm_engine,btc_leading_zeros,0.0000000000
219261673,10842374533949,btc_qm_engine,btc_sha256_elapsed_ns,796.0000000000
219261674,10842374534087,btc_qm_engine,btc_orbital_scan_nonce,2246208973.0000000000
219261675,10842374534977,btc_qm_engine,btc_sha256_nonce,2246208973.0000000000
219261676,10842374535034,btc_qm_engine,btc_leading_zeros,1.0000000000
219261677,10842374535095,btc_qm_engine,btc_sha256_elapsed_ns,792.0000000000
219261678,10842374535233,btc_qm_engine,btc_orbital_scan_nonce,2246237945.0000000000
219261679,10842374536118,btc_qm_engine,btc_sha256_nonce,2246237945.0000000000
219261680,10842374536177,btc_qm_engine,btc_leading_zeros,1.0000000000
219261681,10842374536260,btc_qm_engine,btc_sha256_elapsed_ns,794.0000000000
219261682,10842374537225,btc_qm_engine,btc_sha256_nonce,3774801826.0000000000
219261683,10842374537290,btc_qm_engine,btc_leading_zeros,1.0000000000
219261684,10842374537353,btc_qm_engine,btc_sha256_elapsed_ns,796.0000000000
219261685,10842374538328,btc_qm_engine,btc_sha256_nonce,4279695560.0000000000
219261686,10842374538392,btc_qm_engine,btc_leading_zeros,4.0000000000
219261687,10842374538453,btc_qm_engine,btc_sha256_elapsed_ns,795.0000000000
219261688,10842374539414,btc_qm_engine,btc_sha256_nonce,1427731127.0000000000
219261689,10842374539480,btc_qm_engine,btc_leading_zeros,0.0000000000
219261690,10842374539545,btc_qm_engine,btc_sha256_elapsed_ns,794.0000000000
219261691,10842374540514,btc_qm_engine,btc_sha256_nonce,3029537545.0000000000
219261692,10842374540578,btc_qm_engine,btc_leading_zeros,0.0000000000
219261693,10842374540643,btc_qm_engine,btc_sha256_elapsed_ns,798.0000000000
219261694,10842374540779,btc_qm_engine,btc_orbital_scan_nonce,2246276244.0000000000
219261695,10842374541671,btc_qm_engine,btc_sha256_nonce,2246276244.0000000000
219261696,10842374541744,btc_qm_engine,btc_leading_zeros,0.0000000000
219261697,10842374541809,btc_qm_engine,btc_sha256_elapsed_ns,793.0000000000
219261698,10842374542781,btc_qm_engine,btc_sha256_nonce,2519590964.0000000000
219261699,10842374542846,btc_qm_engine,btc_leading_zeros,4.0000000000
219261700,10842374542906,btc_qm_engine,btc_sha256_elapsed_ns,792.0000000000
219261701,10842374543877,btc_qm_engine,btc_sha256_nonce,2489150873.0000000000
219261702,10842374543943,btc_qm_engine,btc_leading_zeros,2.0000000000
219261703,10842374544009,btc_qm_engine,btc_sha256_elapsed_ns,792.0000000000
219261704,10842374544971,btc_qm_engine,btc_sha256_nonce,4288324256.0000000000
219261705,10842374545036,btc_qm_engine,btc_leading_zeros,0.0000000000
219261706,10842374545099,btc_qm_engine,btc_sha256_elapsed_ns,792.0000000000
219261707,10842374546064,btc_qm_engine,btc_sha256_nonce,2247215497.0000000000
219261708,10842374546127,btc_qm_engine,btc_leading_zeros,1.0000000000
219261709,10842374546191,btc_qm_engine,btc_sha256_elapsed_ns,792.0000000000
219261710,10842374546327,btc_qm_engine,btc_orbital_scan_nonce,2246256112.0000000000
219261711,10842374547217,btc_qm_engine,btc_sha256_nonce,2246256112.0000000000
219261712,10842374547278,btc_qm_engine,btc_leading_zeros,0.0000000000
219261713,10842374547340,btc_qm_engine,btc_sha256_elapsed_ns,793.0000000000
219261714,10842374548305,btc_qm_engine,btc_sha256_nonce,2246393204.0000000000
219261715,10842374548372,btc_qm_engine,btc_leading_zeros,0.0000000000
219261716,10842374548441,btc_qm_engine,btc_sha256_elapsed_ns,793.0000000000
219261717,10842374549402,btc_qm_engine,btc_sha256_nonce,2216469758.0000000000
219261718,10842374549473,btc_qm_engine,btc_leading_zeros,1.0000000000
219261719,10842374549538,btc_qm_engine,btc_sha256_elapsed_ns,793.0000000000
219261720,10842374550501,btc_qm_engine,btc_sha256_nonce,245208883.0000000000
219261721,10842374550567,btc_qm_engine,btc_leading_zeros,0.0000000000
219261722,10842374550632,btc_qm_engine,btc_sha256_elapsed_ns,795.0000000000
219261723,10842374551608,btc_qm_engine,btc_sha256_nonce,3830703516.0000000000
219261724,10842374551672,btc_qm_engine,btc_leading_zeros,2.0000000000
219261725,10842374551737,btc_qm_engine,btc_sha256_elapsed_ns,792.0000000000
219261726,10842374552707,btc_qm_engine,btc_sha256_nonce,1213525981.0000000000
219261727,10842374552773,btc_qm_engine,btc_leading_zeros,3.0000000000
219261728,10842374552836,btc_qm_engine,btc_sha256_elapsed_ns,791.0000000000
219261729,10842374552971,btc_qm_engine,btc_orbital_scan_nonce,2246222288.0000000000
219261730,10842374553858,btc_qm_engine,btc_sha256_nonce,2246222288.0000000000
219261731,10842374553923,btc_qm_engine,btc_leading_zeros,0.0000000000
219261732,10842374553982,btc_qm_engine,btc_sha256_elapsed_ns,793.0000000000
219261733,10842374554965,btc_qm_engine,btc_sha256_nonce,1140485589.0000000000
219261734,10842374555027,btc_qm_engine,btc_leading_zeros,1.0000000000
219261735,10842374555088,btc_qm_engine,btc_sha256_elapsed_ns,796.0000000000
219261736,10842374556055,btc_qm_engine,btc_sha256_nonce,2997296982.0000000000
219261737,10842374556119,btc_qm_engine,btc_leading_zeros,0.0000000000
219261738,10842374556179,btc_qm_engine,btc_sha256_elapsed_ns,797.0000000000
219261739,10842374557152,btc_qm_engine,btc_sha256_nonce,41484385.0000000000
219261740,10842374557215,btc_qm_engine,btc_leading_zeros,3.0000000000
219261741,10842374557277,btc_qm_engine,btc_sha256_elapsed_ns,794.0000000000
219261742,10842374557413,btc_qm_engine,btc_orbital_scan_nonce,2246275929.0000000000
219261743,10842374558308,btc_qm_engine,btc_sha256_nonce,2246275929.0000000000
219261744,10842374558371,btc_qm_engine,btc_leading_zeros,1.0000000000
219261745,10842374558433,btc_qm_engine,btc_sha256_elapsed_ns,795.0000000000
219261746,10842374559396,btc_qm_engine,btc_sha256_nonce,2840369543.0000000000
219261747,10842374559459,btc_qm_engine,btc_leading_zeros,0.0000000000
219261748,10842374559522,btc_qm_engine,btc_sha256_elapsed_ns,794.0000000000
219261749,10842374559663,btc_qm_engine,btc_lebesgue_scan_nonce,3.0000000000
219261750,10842374560554,btc_qm_engine,btc_sha256_nonce,2246372129.0000000000
219261751,10842374560619,btc_qm_engine,btc_leading_zeros,0.0000000000
219261752,10842374560678,btc_qm_engine,btc_sha256_elapsed_ns,795.0000000000
219261753,10842374561663,btc_qm_engine,btc_sha256_nonce,2247477694.0000000000
219261754,10842374561727,btc_qm_engine,btc_leading_zeros,4.0000000000
219261755,10842374561794,btc_qm_engine,btc_sha256_elapsed_ns,795.0000000000
219261756,10842374561937,btc_qm_engine,btc_lebesgue_scan_nonce,6.0000000000
219261757,10842374562838,btc_qm_engine,btc_sha256_nonce,2246119676.0000000000
219261758,10842374562902,btc_qm_engine,btc_leading_zeros,2.0000000000
219261759,10842374562963,btc_qm_engine,btc_sha256_elapsed_ns,795.0000000000
219261760,10842374563099,btc_qm_engine,btc_orbital_scan_nonce,2246211162.0000000000
219261761,10842374563994,btc_qm_engine,btc_sha256_nonce,2246211162.0000000000
219261762,10842374564060,btc_qm_engine,btc_leading_zeros,0.0000000000
219261763,10842374564119,btc_qm_engine,btc_sha256_elapsed_ns,796.0000000000
219261764,10842374564258,btc_qm_engine,btc_orbital_scan_nonce,2246271086.0000000000
219261765,10842374565148,btc_qm_engine,btc_sha256_nonce,2246271086.0000000000
219261766,10842374565212,btc_qm_engine,btc_leading_zeros,1.0000000000
219261767,10842374565274,btc_qm_engine,btc_sha256_elapsed_ns,794.0000000000
219261768,10842374565419,btc_qm_engine,btc_lebesgue_scan_nonce,7.0000000000
219261769,10842374566314,btc_qm_engine,btc_sha256_nonce,2246166121.0000000000
219261770,10842374566378,btc_qm_engine,btc_leading_zeros,0.0000000000
219261771,10842374566437,btc_qm_engine,btc_sha256_elapsed_ns,796.0000000000
219261772,10842374567402,btc_qm_engine,btc_sha256_nonce,110700977.0000000000
219261773,10842374567465,btc_qm_engine,btc_leading_zeros,0.0000000000
219261774,10842374567525,btc_qm_engine,btc_sha256_elapsed_ns,795.0000000000
219261775,10842374567661,btc_qm_engine,btc_orbital_scan_nonce,2246221047.0000000000
219261776,10842374568564,btc_qm_engine,btc_sha256_nonce,2246221047.0000000000
219261777,10842374568624,btc_qm_engine,btc_leading_zeros,2.0000000000
219261778,10842374568683,btc_qm_engine,btc_sha256_elapsed_ns,801.0000000000
219261779,10842374569650,btc_qm_engine,btc_sha256_nonce,382917876.0000000000
219261780,10842374569713,btc_qm_engine,btc_leading_zeros,0.0000000000
219261781,10842374569774,btc_qm_engine,btc_sha256_elapsed_ns,797.0000000000
219261782,10842374569910,btc_qm_engine,btc_orbital_scan_nonce,2246234431.0000000000
219261783,10842374570804,btc_qm_engine,btc_sha256_nonce,2246234431.0000000000
219261784,10842374570877,btc_qm_engine,btc_leading_zeros,0.0000000000
219261785,10842374570942,btc_qm_engine,btc_sha256_elapsed_ns,795.0000000000
219261786,10842374571910,btc_qm_engine,btc_sha256_nonce,2591435701.0000000000
219261787,10842374571974,btc_qm_engine,btc_leading_zeros,0.0000000000
219261788,10842374572034,btc_qm_engine,btc_sha256_elapsed_ns,799.0000000000
219261789,10842374572994,btc_qm_engine,btc_sha256_nonce,3774846775.0000000000
219261790,10842374573058,btc_qm_engine,btc_leading_zeros,0.0000000000
219261791,10842374573118,btc_qm_engine,btc_sha256_elapsed_ns,792.0000000000
219261792,10842374573254,btc_qm_engine,btc_orbital_scan_nonce,2246268095.0000000000
219261793,10842374574144,btc_qm_engine,btc_sha256_nonce,2246268095.0000000000
219261794,10842374574203,btc_qm_engine,btc_leading_zeros,0.0000000000
219261795,10842374574263,btc_qm_engine,btc_sha256_elapsed_ns,793.0000000000
219261796,10842374574403,btc_qm_engine,btc_lebesgue_scan_nonce,18.0000000000
219261797,10842374575287,btc_qm_engine,btc_sha256_nonce,2246343258.0000000000
219261798,10842374575354,btc_qm_engine,btc_leading_zeros,1.0000000000
219261799,10842374575416,btc_qm_engine,btc_sha256_elapsed_ns,793.0000000000
219261800,10842374576386,btc_qm_engine,btc_sha256_nonce,4103721095.0000000000
219261801,10842374576449,btc_qm_engine,btc_leading_zeros,2.0000000000
219261802,10842374576509,btc_qm_engine,btc_sha256_elapsed_ns,790.0000000000
219261803,10842374577483,btc_qm_engine,btc_sha256_nonce,3578784547.0000000000
219261804,10842374577547,btc_qm_engine,btc_leading_zeros,2.0000000000
219261805,10842374577609,btc_qm_engine,btc_sha256_elapsed_ns,793.0000000000
219261806,10842374578572,btc_qm_engine,btc_sha256_nonce,455496397.0000000000
219261807,10842374578637,btc_qm_engine,btc_leading_zeros,1.0000000000
219261808,10842374578701,btc_qm_engine,btc_sha256_elapsed_ns,792.0000000000
219261809,10842374578838,btc_qm_engine,btc_orbital_scan_nonce,2246227881.0000000000
219261810,10842374579729,btc_qm_engine,btc_sha256_nonce,2246227881.0000000000
219261811,10842374579795,btc_qm_engine,btc_leading_zeros,0.0000000000
219261812,10842374579854,btc_qm_engine,btc_sha256_elapsed_ns,796.0000000000
219261813,10842374580816,btc_qm_engine,btc_sha256_nonce,2843279938.0000000000
219261814,10842374580879,btc_qm_engine,btc_leading_zeros,0.0000000000
219261815,10842374580945,btc_qm_engine,btc_sha256_elapsed_ns,792.0000000000
219261816,10842374581077,btc_qm_engine,btc_orbital_scan_nonce,2246198869.0000000000
219261817,10842374581977,btc_qm_engine,btc_sha256_nonce,2246198869.0000000000
219261818,10842374582051,btc_qm_engine,btc_leading_zeros,4.0000000000
219261819,10842374582109,btc_qm_engine,btc_sha256_elapsed_ns,794.0000000000
219261820,10842374583072,btc_qm_engine,btc_sha256_nonce,3089977831.0000000000
219261821,10842374583146,btc_qm_engine,btc_leading_zeros,0.0000000000
219261822,10842374583211,btc_qm_engine,btc_sha256_elapsed_ns,794.0000000000
219261823,10842374584173,btc_qm_engine,btc_sha256_nonce,811190433.0000000000
219261824,10842374584237,btc_qm_engine,btc_leading_zeros,0.0000000000
219261825,10842374584302,btc_qm_engine,btc_sha256_elapsed_ns,793.0000000000
219261826,10842374584445,btc_qm_engine,btc_lebesgue_scan_nonce,24.0000000000
219261827,10842374585347,btc_qm_engine,btc_sha256_nonce,2246242207.0000000000
219261828,10842374585410,btc_qm_engine,btc_leading_zeros,4.0000000000
219261829,10842374585472,btc_qm_engine,btc_sha256_elapsed_ns,793.0000000000
219261830,10842374585606,btc_qm_engine,btc_orbital_scan_nonce,2246262641.0000000000
219261831,10842374586509,btc_qm_engine,btc_sha256_nonce,2246262641.0000000000
219261832,10842374586571,btc_qm_engine,btc_leading_zeros,4.0000000000
219261833,10842374586633,btc_qm_engine,btc_sha256_elapsed_ns,795.0000000000
219261834,10842374587598,btc_qm_engine,btc_sha256_nonce,1514812905.0000000000
219261835,10842374587685,btc_qm_engine,btc_leading_zeros,0.0000000000
219261836,10842374587752,btc_qm_engine,btc_sha256_elapsed_ns,795.0000000000
219261837,10842374587889,btc_qm_engine,btc_orbital_scan_nonce,2246209544.0000000000
219261838,10842374588779,btc_qm_engine,btc_sha256_nonce,2246209544.0000000000
219261839,10842374588846,btc_qm_engine,btc_leading_zeros,1.0000000000
219261840,10842374588904,btc_qm_engine,btc_sha256_elapsed_ns,794.0000000000
219261841,10842374589048,btc_qm_engine,btc_lebesgue_scan_nonce,11.0000000000
219261842,10842374589937,btc_qm_engine,btc_sha256_nonce,2246241859.0000000000
219261843,10842374590002,btc_qm_engine,btc_leading_zeros,0.0000000000
219261844,10842374590061,btc_qm_engine,btc_sha256_elapsed_ns,793.0000000000
219261845,10842374591031,btc_qm_engine,btc_sha256_nonce,2244958940.0000000000
219261846,10842374591093,btc_qm_engine,btc_leading_zeros,0.0000000000
219261847,10842374591154,btc_qm_engine,btc_sha256_elapsed_ns,796.0000000000
219261848,10842374591294,btc_qm_engine,btc_lebesgue_scan_nonce,12.0000000000
219261849,10842374592184,btc_qm_engine,btc_sha256_nonce,2246156282.0000000000
219261850,10842374592243,btc_qm_engine,btc_leading_zeros,0.0000000000
219261851,10842374592306,btc_qm_engine,btc_sha256_elapsed_ns,792.0000000000
219261852,10842374593272,btc_qm_engine,btc_sha256_nonce,2276430939.0000000000
219261853,10842374593338,btc_qm_engine,btc_leading_zeros,0.0000000000
219261854,10842374593397,btc_qm_engine,btc_sha256_elapsed_ns,798.0000000000
219261855,10842374594374,btc_qm_engine,btc_sha256_nonce,784130056.0000000000
219261856,10842374594438,btc_qm_engine,btc_leading_zeros,2.0000000000
219261857,10842374594499,btc_qm_engine,btc_sha256_elapsed_ns,796.0000000000
219261858,10842374595465,btc_qm_engine,btc_sha256_nonce,1532623103.0000000000
219261859,10842374595531,btc_qm_engine,btc_leading_zeros,0.0000000000
219261860,10842374595592,btc_qm_engine,btc_sha256_elapsed_ns,796.0000000000
219261861,10842374596568,btc_qm_engine,btc_sha256_nonce,3940696679.0000000000
219261862,10842374596632,btc_qm_engine,btc_leading_zeros,2.0000000000
219261863,10842374596697,btc_qm_engine,btc_sha256_elapsed_ns,793.0000000000
219261864,10842374597664,btc_qm_engine,btc_sha256_nonce,2261191709.0000000000
219261865,10842374597728,btc_qm_engine,btc_leading_zeros,1.0000000000
219261866,10842374597791,btc_qm_engine,btc_sha256_elapsed_ns,797.0000000000
219261867,10842374598758,btc_qm_engine,btc_sha256_nonce,1045812303.0000000000
219261868,10842374598820,btc_qm_engine,btc_leading_zeros,1.0000000000
219261869,10842374598894,btc_qm_engine,btc_sha256_elapsed_ns,796.0000000000
219261870,10842374599859,btc_qm_engine,btc_sha256_nonce,1511084799.0000000000
219261871,10842374599924,btc_qm_engine,btc_leading_zeros,0.0000000000
219261872,10842374599997,btc_qm_engine,btc_sha256_elapsed_ns,796.0000000000
219261873,10842374600132,btc_qm_engine,btc_orbital_scan_nonce,2246233871.0000000000
219261874,10842374601022,btc_qm_engine,btc_sha256_nonce,2246233871.0000000000
219261875,10842374601087,btc_qm_engine,btc_leading_zeros,1.0000000000
219261876,10842374601146,btc_qm_engine,btc_sha256_elapsed_ns,795.0000000000
219261877,10842374601278,btc_qm_engine,btc_orbital_scan_nonce,2246214685.0000000000
219261878,10842374602169,btc_qm_engine,btc_sha256_nonce,2246214685.0000000000
219261879,10842374602233,btc_qm_engine,btc_leading_zeros,1.0000000000
219261880,10842374602293,btc_qm_engine,btc_sha256_elapsed_ns,795.0000000000
219261881,10842374603260,btc_qm_engine,btc_sha256_nonce,2381514772.0000000000
219261882,10842374603322,btc_qm_engine,btc_leading_zeros,1.0000000000
219261883,10842374603387,btc_qm_engine,btc_sha256_elapsed_ns,798.0000000000
219261884,10842374604354,btc_qm_engine,btc_sha256_nonce,284191442.0000000000
219261885,10842374604416,btc_qm_engine,btc_leading_zeros,0.0000000000
219261886,10842374604490,btc_qm_engine,btc_sha256_elapsed_ns,796.0000000000
219261887,10842374604625,btc_qm_engine,btc_orbital_scan_nonce,2246274603.0000000000
219261888,10842374605514,btc_qm_engine,btc_sha256_nonce,2246274603.0000000000
219261889,10842374605580,btc_qm_engine,btc_leading_zeros,0.0000000000
219261890,10842374605637,btc_qm_engine,btc_sha256_elapsed_ns,794.0000000000
219261891,10842374606612,btc_qm_engine,btc_sha256_nonce,2245188882.0000000000
219261892,10842374606673,btc_qm_engine,btc_leading_zeros,0.0000000000
219261893,10842374606739,btc_qm_engine,btc_sha256_elapsed_ns,794.0000000000
219261894,10842374606874,btc_qm_engine,btc_orbital_scan_nonce,2246206032.0000000000
219261895,10842374607764,btc_qm_engine,btc_sha256_nonce,2246206032.0000000000
219261896,10842374607827,btc_qm_engine,btc_leading_zeros,0.0000000000
219261897,10842374607888,btc_qm_engine,btc_sha256_elapsed_ns,792.0000000000
219261898,10842374608851,btc_qm_engine,btc_sha256_nonce,2402960858.0000000000
219261899,10842374608916,btc_qm_engine,btc_leading_zeros,0.0000000000
219261900,10842374608979,btc_qm_engine,btc_sha256_elapsed_ns,794.0000000000
219261901,10842374609112,btc_qm_engine,btc_orbital_scan_nonce,2246277514.0000000000
219261902,10842374610000,btc_qm_engine,btc_sha256_nonce,2246277514.0000000000
219261903,10842374610066,btc_qm_engine,btc_leading_zeros,0.0000000000
219261904,10842374610125,btc_qm_engine,btc_sha256_elapsed_ns,794.0000000000
219261905,10842374611092,btc_qm_engine,btc_sha256_nonce,1603104194.0000000000
219261906,10842374611154,btc_qm_engine,btc_leading_zeros,0.0000000000
219261907,10842374611216,btc_qm_engine,btc_sha256_elapsed_ns,796.0000000000
219261908,10842374612196,btc_qm_engine,btc_sha256_nonce,2247424725.0000000000
219261909,10842374612259,btc_qm_engine,btc_leading_zeros,2.0000000000
219261910,10842374612322,btc_qm_engine,btc_sha256_elapsed_ns,792.0000000000
219261911,10842374613284,btc_qm_engine,btc_sha256_nonce,2150935804.0000000000
219261912,10842374613347,btc_qm_engine,btc_leading_zeros,1.0000000000
219261913,10842374613413,btc_qm_engine,btc_sha256_elapsed_ns,792.0000000000
219261914,10842374614387,btc_qm_engine,btc_sha256_nonce,786556688.0000000000
219261915,10842374614453,btc_qm_engine,btc_leading_zeros,4.0000000000
219261916,10842374614516,btc_qm_engine,btc_sha256_elapsed_ns,794.0000000000
219261917,10842374615479,btc_qm_engine,btc_sha256_nonce,458825887.0000000000
219261918,10842374615543,btc_qm_engine,btc_leading_zeros,0.0000000000
219261919,10842374615608,btc_qm_engine,btc_sha256_elapsed_ns,792.0000000000
219261920,10842374615740,btc_qm_engine,btc_orbital_scan_nonce,2246243519.0000000000
219261921,10842374616648,btc_qm_engine,btc_sha256_nonce,2246243519.0000000000
219261922,10842374616713,btc_qm_engine,btc_leading_zeros,2.0000000000
219261923,10842374616779,btc_qm_engine,btc_sha256_elapsed_ns,794.0000000000
219261924,10842374617743,btc_qm_engine,btc_sha256_nonce,2440122001.0000000000
219261925,10842374617806,btc_qm_engine,btc_leading_zeros,0.0000000000
219261926,10842374617869,btc_qm_engine,btc_sha256_elapsed_ns,795.0000000000
219261927,10842374618007,btc_qm_engine,btc_orbital_scan_nonce,2246266986.0000000000
219261928,10842374618910,btc_qm_engine,btc_sha256_nonce,2246266986.0000000000
219261929,10842374618974,btc_qm_engine,btc_leading_zeros,4.0000000000
219261930,10842374619033,btc_qm_engine,btc_sha256_elapsed_ns,798.0000000000
219261931,10842374620002,btc_qm_engine,btc_sha256_nonce,2363893021.0000000000
219261932,10842374620066,btc_qm_engine,btc_leading_zeros,0.0000000000
219261933,10842374620131,btc_qm_engine,btc_sha256_elapsed_ns,797.0000000000
219261934,10842374621104,btc_qm_engine,btc_sha256_nonce,366058955.0000000000
219261935,10842374621170,btc_qm_engine,btc_leading_zeros,2.0000000000
219261936,10842374621232,btc_qm_engine,btc_sha256_elapsed_ns,794.0000000000
219261937,10842374622234,btc_qm_engine,btc_sha256_nonce,2848827496.0000000000
219261938,10842374622304,btc_qm_engine,btc_leading_zeros,4.0000000000
219261939,10842374622369,btc_qm_engine,btc_sha256_elapsed_ns,796.0000000000
219261940,10842374623338,btc_qm_engine,btc_sha256_nonce,2245818409.0000000000
219261941,10842374623403,btc_qm_engine,btc_leading_zeros,0.0000000000
219261942,10842374623467,btc_qm_engine,btc_sha256_elapsed_ns,795.0000000000
219261943,10842374623604,btc_qm_engine,btc_orbital_scan_nonce,2246280534.0000000000
219261944,10842374624494,btc_qm_engine,btc_sha256_nonce,2246280534.0000000000
219261945,10842374624559,btc_qm_engine,btc_leading_zeros,1.0000000000
219261946,10842374624619,btc_qm_engine,btc_sha256_elapsed_ns,796.0000000000
219261947,10842374624773,btc_qm_engine,btc_lebesgue_scan_nonce,23.0000000000
219261948,10842374625661,btc_qm_engine,btc_sha256_nonce,2246303537.0000000000
219261949,10842374625721,btc_qm_engine,btc_leading_zeros,1.0000000000
219261950,10842374625781,btc_qm_engine,btc_sha256_elapsed_ns,793.0000000000
219261951,10842374625917,btc_qm_engine,btc_orbital_scan_nonce,2246269512.0000000000
219261952,10842374626802,btc_qm_engine,btc_sha256_nonce,2246269512.0000000000
219261953,10842374626862,btc_qm_engine,btc_leading_zeros,0.0000000000
219261954,10842374626922,btc_qm_engine,btc_sha256_elapsed_ns,794.0000000000
219261955,10842374627046,btc_qm_engine,btc_orbital_scan_nonce,2246211777.0000000000
219261956,10842374627943,btc_qm_engine,btc_sha256_nonce,2246211777.0000000000
219261957,10842374628007,btc_qm_engine,btc_leading_zeros,2.0000000000
219261958,10842374628066,btc_qm_engine,btc_sha256_elapsed_ns,797.0000000000
219261959,10842374629045,btc_qm_engine,btc_sha256_nonce,2246013077.0000000000
219261960,10842374629107,btc_qm_engine,btc_leading_zeros,0.0000000000
219261961,10842374629169,btc_qm_engine,btc_sha256_elapsed_ns,798.0000000000
219261962,10842374630134,btc_qm_engine,btc_sha256_nonce,2379920443.0000000000
219261963,10842374630199,btc_qm_engine,btc_leading_zeros,1.0000000000
219261964,10842374630259,btc_qm_engine,btc_sha256_elapsed_ns,794.0000000000
219261965,10842374630401,btc_qm_engine,btc_lebesgue_scan_nonce,5.0000000000
219261966,10842374631294,btc_qm_engine,btc_sha256_nonce,2246241854.0000000000
219261967,10842374631354,btc_qm_engine,btc_leading_zeros,1.0000000000
219261968,10842374631414,btc_qm_engine,btc_sha256_elapsed_ns,797.0000000000
219261969,10842374632393,btc_qm_engine,btc_sha256_nonce,2246148799.0000000000
219261970,10842374632457,btc_qm_engine,btc_leading_zeros,4.0000000000
219261971,10842374632518,btc_qm_engine,btc_sha256_elapsed_ns,795.0000000000
219261972,10842374632654,btc_qm_engine,btc_orbital_scan_nonce,2246245522.0000000000
219261973,10842374633546,btc_qm_engine,btc_sha256_nonce,2246245522.0000000000
219261974,10842374633612,btc_qm_engine,btc_leading_zeros,0.0000000000
219261975,10842374633671,btc_qm_engine,btc_sha256_elapsed_ns,795.0000000000
219261976,10842374633796,btc_qm_engine,btc_orbital_scan_nonce,2246253659.0000000000
219261977,10842374634681,btc_qm_engine,btc_sha256_nonce,2246253659.0000000000
219261978,10842374634740,btc_qm_engine,btc_leading_zeros,1.0000000000
219261979,10842374634801,btc_qm_engine,btc_sha256_elapsed_ns,792.0000000000
219261980,10842374635768,btc_qm_engine,btc_sha256_nonce,331005814.0000000000
219261981,10842374635831,btc_qm_engine,btc_leading_zeros,1.0000000000
219261982,10842374635889,btc_qm_engine,btc_sha256_elapsed_ns,796.0000000000
219261983,10842374636041,btc_qm_engine,btc_lebesgue_scan_nonce,1.0000000000
219261984,10842374636931,btc_qm_engine,btc_sha256_nonce,2246105827.0000000000
219261985,10842374636990,btc_qm_engine,btc_leading_zeros,1.0000000000
219261986,10842374637049,btc_qm_engine,btc_sha256_elapsed_ns,796.0000000000
219261987,10842374638016,btc_qm_engine,btc_sha256_nonce,1968593601.0000000000
219261988,10842374638078,btc_qm_engine,btc_leading_zeros,0.0000000000
219261989,10842374638159,btc_qm_engine,btc_sha256_elapsed_ns,793.0000000000
219261990,10842374639132,btc_qm_engine,btc_sha256_nonce,2072731640.0000000000
219261991,10842374639198,btc_qm_engine,btc_leading_zeros,2.0000000000
219261992,10842374639258,btc_qm_engine,btc_sha256_elapsed_ns,790.0000000000
219261993,10842374639391,btc_qm_engine,btc_orbital_scan_nonce,2246233921.0000000000
219261994,10842374640279,btc_qm_engine,btc_sha256_nonce,2246233921.0000000000
219261995,10842374640340,btc_qm_engine,btc_leading_zeros,0.0000000000
219261996,10842374640399,btc_qm_engine,btc_sha256_elapsed_ns,794.0000000000
219261997,10842374641382,btc_qm_engine,btc_sha256_nonce,2246621525.0000000000
219261998,10842374641445,btc_qm_engine,btc_leading_zeros,4.0000000000
219261999,10842374641506,btc_qm_engine,btc_sha256_elapsed_ns,791.0000000000
219262000,10842374642477,btc_qm_engine,btc_sha256_nonce,2179117092.0000000000
219262001,10842374642541,btc_qm_engine,btc_leading_zeros,2.0000000000
219262002,10842374642601,btc_qm_engine,btc_sha256_elapsed_ns,792.0000000000
219262003,10842374643566,btc_qm_engine,btc_sha256_nonce,1428156092.0000000000
219262004,10842374643628,btc_qm_engine,btc_leading_zeros,0.0000000000
219262005,10842374643693,btc_qm_engine,btc_sha256_elapsed_ns,793.0000000000
219262006,10842374644663,btc_qm_engine,btc_sha256_nonce,413200861.0000000000
219262007,10842374644729,btc_qm_engine,btc_leading_zeros,2.0000000000
219262008,10842374644793,btc_qm_engine,btc_sha256_elapsed_ns,793.0000000000
219262009,10842374645762,btc_qm_engine,btc_sha256_nonce,3968117808.0000000000
219262010,10842374645826,btc_qm_engine,btc_leading_zeros,0.0000000000
219262011,10842374645891,btc_qm_engine,btc_sha256_elapsed_ns,792.0000000000
219262012,10842374646856,btc_qm_engine,btc_sha256_nonce,2247388997.0000000000
219262013,10842374646919,btc_qm_engine,btc_leading_zeros,1.0000000000
219262014,10842374646982,btc_qm_engine,btc_sha256_elapsed_ns,792.0000000000
219262015,10842374647946,btc_qm_engine,btc_sha256_nonce,3308198481.0000000000
219262016,10842374648009,btc_qm_engine,btc_leading_zeros,0.0000000000
219262017,10842374648073,btc_qm_engine,btc_sha256_elapsed_ns,794.0000000000
219262018,10842374648211,btc_qm_engine,btc_orbital_scan_nonce,2246295582.0000000000
219262019,10842374649101,btc_qm_engine,btc_sha256_nonce,2246295582.0000000000
219262020,10842374649163,btc_qm_engine,btc_leading_zeros,0.0000000000
219262021,10842374649224,btc_qm_engine,btc_sha256_elapsed_ns,793.0000000000
219262022,10842374649377,btc_qm_engine,btc_lebesgue_scan_nonce,19.0000000000
219262023,10842374650288,btc_qm_engine,btc_sha256_nonce,2246255658.0000000000
219262024,10842374650352,btc_qm_engine,btc_leading_zeros,4.0000000000
219262025,10842374650421,btc_qm_engine,btc_sha256_elapsed_ns,794.0000000000
219262026,10842374651399,btc_qm_engine,btc_sha256_nonce,2873131659.0000000000
219262027,10842374651465,btc_qm_engine,btc_leading_zeros,4.0000000000
219262028,10842374651528,btc_qm_engine,btc_sha256_elapsed_ns,799.0000000000
219262029,10842374652503,btc_qm_engine,btc_sha256_nonce,636462412.0000000000
219262030,10842374652568,btc_qm_engine,btc_leading_zeros,4.0000000000
219262031,10842374652633,btc_qm_engine,btc_sha256_elapsed_ns,793.0000000000
219262032,10842374652776,btc_qm_engine,btc_lebesgue_scan_nonce,3.0000000000
219262033,10842374653668,btc_qm_engine,btc_sha256_nonce,2246069425.0000000000
219262034,10842374653731,btc_qm_engine,btc_leading_zeros,0.0000000000
219262035,10842374653792,btc_qm_engine,btc_sha256_elapsed_ns,795.0000000000
219262036,10842374654766,btc_qm_engine,btc_sha256_nonce,3853014387.0000000000
219262037,10842374654831,btc_qm_engine,btc_leading_zeros,4.0000000000
219262038,10842374654894,btc_qm_engine,btc_sha256_elapsed_ns,794.0000000000
219262039,10842374655861,btc_qm_engine,btc_sha256_nonce,3024915243.0000000000
219262040,10842374655934,btc_qm_engine,btc_leading_zeros,0.0000000000
219262041,10842374656006,btc_qm_engine,btc_sha256_elapsed_ns,794.0000000000
219262042,10842374656147,btc_qm_engine,btc_lebesgue_scan_nonce,0.0000000000
219262043,10842374657047,btc_qm_engine,btc_sha256_nonce,2246038295.0000000000
219262044,10842374657112,btc_qm_engine,btc_leading_zeros,2.0000000000
219262045,10842374657173,btc_qm_engine,btc_sha256_elapsed_ns,796.0000000000
219262046,10842374657318,btc_qm_engine,btc_lebesgue_scan_nonce,5.0000000000
219262047,10842374658209,btc_qm_engine,btc_sha256_nonce,2246352727.0000000000
219262048,10842374658273,btc_qm_engine,btc_leading_zeros,1.0000000000
219262049,10842374658334,btc_qm_engine,btc_sha256_elapsed_ns,796.0000000000
219262050,10842374659301,btc_qm_engine,btc_sha256_nonce,143381673.0000000000
219262051,10842374659366,btc_qm_engine,btc_leading_zeros,0.0000000000
219262052,10842374659429,btc_qm_engine,btc_sha256_elapsed_ns,795.0000000000
219262053,10842374660398,btc_qm_engine,btc_sha256_nonce,2245737389.0000000000
219262054,10842374660467,btc_qm_engine,btc_leading_zeros,0.0000000000
219262055,10842374660534,btc_qm_engine,btc_sha256_elapsed_ns,796.0000000000
219262056,10842374661498,btc_qm_engine,btc_sha256_nonce,1184277242.0000000000
219262057,10842374661561,btc_qm_engine,btc_leading_zeros,1.0000000000
219262058,10842374661624,btc_qm_engine,btc_sha256_elapsed_ns,795.0000000000
219262059,10842374662592,btc_qm_engine,btc_sha256_nonce,2486762013.0000000000
219262060,10842374662653,btc_qm_engine,btc_leading_zeros,1.0000000000
219262061,10842374662721,btc_qm_engine,btc_sha256_elapsed_ns,792.0000000000
219262062,10842374663694,btc_qm_engine,btc_sha256_nonce,1361041840.0000000000
219262063,10842374663759,btc_qm_engine,btc_leading_zeros,2.0000000000
219262064,10842374663823,btc_qm_engine,btc_sha256_elapsed_ns,795.0000000000
219262065,10842374664787,btc_qm_engine,btc_sha256_nonce,2691800535.0000000000
219262066,10842374664852,btc_qm_engine,btc_leading_zeros,0.0000000000
219262067,10842374664917,btc_qm_engine,btc_sha256_elapsed_ns,794.0000000000
219262068,10842374665882,btc_qm_engine,btc_sha256_nonce,2158152186.0000000000
219262069,10842374665945,btc_qm_engine,btc_leading_zeros,0.0000000000
219262070,10842374666008,btc_qm_engine,btc_sha256_elapsed_ns,795.0000000000
219262071,10842374666151,btc_qm_engine,btc_lebesgue_scan_nonce,11.0000000000
219262072,10842374667048,btc_qm_engine,btc_sha256_nonce,2246201716.0000000000
219262073,10842374667113,btc_qm_engine,btc_leading_zeros,2.0000000000
219262074,10842374667172,btc_qm_engine,btc_sha256_elapsed_ns,793.0000000000
219262075,10842374668139,btc_qm_engine,btc_sha256_nonce,2246263678.0000000000
219262076,10842374668203,btc_qm_engine,btc_leading_zeros,0.0000000000
219262077,10842374668274,btc_qm_engine,btc_sha256_elapsed_ns,793.0000000000
219262078,10842374668414,btc_qm_engine,btc_lebesgue_scan_nonce,12.0000000000
219262079,10842374669318,btc_qm_engine,btc_sha256_nonce,2246255531.0000000000
219262080,10842374669382,btc_qm_engine,btc_leading_zeros,2.0000000000
219262081,10842374669443,btc_qm_engine,btc_sha256_elapsed_ns,794.0000000000
219262082,10842374670410,btc_qm_engine,btc_sha256_nonce,2246619723.0000000000
219262083,10842374670476,btc_qm_engine,btc_leading_zeros,0.0000000000
219262084,10842374670538,btc_qm_engine,btc_sha256_elapsed_ns,795.0000000000
219262085,10842374670679,btc_qm_engine,btc_lebesgue_scan_nonce,21.0000000000
219262086,10842374671570,btc_qm_engine,btc_sha256_nonce,2246196941.0000000000
219262087,10842374671636,btc_qm_engine,btc_leading_zeros,0.0000000000
219262088,10842374671695,btc_qm_engine,btc_sha256_elapsed_ns,795.0000000000
219262089,10842374671836,btc_qm_engine,btc_lebesgue_scan_nonce,12.0000000000
219262090,10842374672737,btc_qm_engine,btc_sha256_nonce,2246179411.0000000000
219262091,10842374672824,btc_qm_engine,btc_leading_zeros,2.0000000000
219262092,10842374672906,btc_qm_engine,btc_sha256_elapsed_ns,794.0000000000
219262093,10842374673874,btc_qm_engine,btc_sha256_nonce,2349830625.0000000000
219262094,10842374673939,btc_qm_engine,btc_leading_zeros,0.0000000000
219262095,10842374674007,btc_qm_engine,btc_sha256_elapsed_ns,791.0000000000
219262096,10842374674139,btc_qm_engine,btc_orbital_scan_nonce,2246265064.0000000000
219262097,10842374675037,btc_qm_engine,btc_sha256_nonce,2246265064.0000000000
219262098,10842374675099,btc_qm_engine,btc_leading_zeros,0.0000000000
219262099,10842374675161,btc_qm_engine,btc_sha256_elapsed_ns,794.0000000000
219262100,10842374676139,btc_qm_engine,btc_sha256_nonce,2245527108.0000000000
219262101,10842374676205,btc_qm_engine,btc_leading_zeros,3.0000000000
219262102,10842374676263,btc_qm_engine,btc_sha256_elapsed_ns,793.0000000000
219262103,10842374677229,btc_qm_engine,btc_sha256_nonce,857976310.0000000000
219262104,10842374677289,btc_qm_engine,btc_leading_zeros,0.0000000000
219262105,10842374677352,btc_qm_engine,btc_sha256_elapsed_ns,791.0000000000
219262106,10842374678316,btc_qm_engine,btc_sha256_nonce,1255450819.0000000000
219262107,10842374678381,btc_qm_engine,btc_leading_zeros,0.0000000000
219262108,10842374678445,btc_qm_engine,btc_sha256_elapsed_ns,794.0000000000
219262109,10842374679413,btc_qm_engine,btc_sha256_nonce,2246509391.0000000000
219262110,10842374679477,btc_qm_engine,btc_leading_zeros,0.0000000000
219262111,10842374679542,btc_qm_engine,btc_sha256_elapsed_ns,794.0000000000
219262112,10842374679686,btc_qm_engine,btc_lebesgue_scan_nonce,9.0000000000
219262113,10842374680576,btc_qm_engine,btc_sha256_nonce,2246408345.0000000000
219262114,10842374680638,btc_qm_engine,btc_leading_zeros,0.0000000000
219262115,10842374680699,btc_qm_engine,btc_sha256_elapsed_ns,794.0000000000
219262116,10842374680841,btc_qm_engine,btc_lebesgue_scan_nonce,11.0000000000
219262117,10842374681731,btc_qm_engine,btc_sha256_nonce,2246318506.0000000000
219262118,10842374681791,btc_qm_engine,btc_leading_zeros,0.0000000000
219262119,10842374681852,btc_qm_engine,btc_sha256_elapsed_ns,797.0000000000
219262120,10842374682813,btc_qm_engine,btc_sha256_nonce,3490389654.0000000000
219262121,10842374682877,btc_qm_engine,btc_leading_zeros,1.0000000000
219262122,10842374682935,btc_qm_engine,btc_sha256_elapsed_ns,794.0000000000
219262123,10842374683070,btc_qm_engine,btc_orbital_scan_nonce,2246278149.0000000000
219262124,10842374683961,btc_qm_engine,btc_sha256_nonce,2246278149.0000000000
219262125,10842374684025,btc_qm_engine,btc_leading_zeros,0.0000000000
219262126,10842374684083,btc_qm_engine,btc_sha256_elapsed_ns,796.0000000000
219262127,10842374685049,btc_qm_engine,btc_sha256_nonce,1144094861.0000000000
219262128,10842374685117,btc_qm_engine,btc_leading_zeros,1.0000000000
219262129,10842374685179,btc_qm_engine,btc_sha256_elapsed_ns,794.0000000000
219262130,10842374685317,btc_qm_engine,btc_orbital_scan_nonce,2246225225.0000000000
219262131,10842374686211,btc_qm_engine,btc_sha256_nonce,2246225225.0000000000
219262132,10842374686268,btc_qm_engine,btc_leading_zeros,0.0000000000
219262133,10842374686330,btc_qm_engine,btc_sha256_elapsed_ns,797.0000000000
219262134,10842374687294,btc_qm_engine,btc_sha256_nonce,570915394.0000000000
219262135,10842374687359,btc_qm_engine,btc_leading_zeros,0.0000000000
219262136,10842374687419,btc_qm_engine,btc_sha256_elapsed_ns,794.0000000000
219262137,10842374688382,btc_qm_engine,btc_sha256_nonce,136256254.0000000000
219262138,10842374688446,btc_qm_engine,btc_leading_zeros,1.0000000000
219262139,10842374688507,btc_qm_engine,btc_sha256_elapsed_ns,793.0000000000
219262140,10842374689469,btc_qm_engine,btc_sha256_nonce,3421628733.0000000000
219262141,10842374689533,btc_qm_engine,btc_leading_zeros,0.0000000000
219262142,10842374689602,btc_qm_engine,btc_sha256_elapsed_ns,795.0000000000
219262143,10842374690592,btc_qm_engine,btc_sha256_nonce,2849875364.0000000000
219262144,10842374690658,btc_qm_engine,btc_leading_zeros,4.0000000000
219262145,10842374690724,btc_qm_engine,btc_sha256_elapsed_ns,795.0000000000
219262146,10842374690867,btc_qm_engine,btc_lebesgue_scan_nonce,0.0000000000
219262147,10842374691771,btc_qm_engine,btc_sha256_nonce,2246032786.0000000000
219262148,10842374691836,btc_qm_engine,btc_leading_zeros,3.0000000000
219262149,10842374691897,btc_qm_engine,btc_sha256_elapsed_ns,798.0000000000
219262150,10842374692864,btc_qm_engine,btc_sha256_nonce,2247567428.0000000000
219262151,10842374692929,btc_qm_engine,btc_leading_zeros,1.0000000000
219262152,10842374692992,btc_qm_engine,btc_sha256_elapsed_ns,797.0000000000
219262153,10842374693126,btc_qm_engine,btc_orbital_scan_nonce,2246240998.0000000000
219262154,10842374694017,btc_qm_engine,btc_sha256_nonce,2246240998.0000000000
219262155,10842374694082,btc_qm_engine,btc_leading_zeros,0.0000000000
219262156,10842374694142,btc_qm_engine,btc_sha256_elapsed_ns,796.0000000000
219262157,10842374695109,btc_qm_engine,btc_sha256_nonce,2869146675.0000000000
219262158,10842374695173,btc_qm_engine,btc_leading_zeros,0.0000000000
219262159,10842374695238,btc_qm_engine,btc_sha256_elapsed_ns,798.0000000000
219262160,10842374696201,btc_qm_engine,btc_sha256_nonce,2246431167.0000000000
219262161,10842374696266,btc_qm_engine,btc_leading_zeros,0.0000000000
219262162,10842374696330,btc_qm_engine,btc_sha256_elapsed_ns,792.0000000000
219262163,10842374697309,btc_qm_engine,btc_sha256_nonce,182183487.0000000000
219262164,10842374697373,btc_qm_engine,btc_leading_zeros,2.0000000000
219262165,10842374697437,btc_qm_engine,btc_sha256_elapsed_ns,793.0000000000
219262166,10842374697580,btc_qm_engine,btc_lebesgue_scan_nonce,0.0000000000
219262167,10842374698473,btc_qm_engine,btc_sha256_nonce,2246272144.0000000000
219262168,10842374698536,btc_qm_engine,btc_leading_zeros,1.0000000000
219262169,10842374698596,btc_qm_engine,btc_sha256_elapsed_ns,795.0000000000
219262170,10842374699560,btc_qm_engine,btc_sha256_nonce,225123234.0000000000
219262171,10842374699625,btc_qm_engine,btc_leading_zeros,0.0000000000
219262172,10842374699688,btc_qm_engine,btc_sha256_elapsed_ns,794.0000000000
219262173,10842374700663,btc_qm_engine,btc_sha256_nonce,1853182623.0000000000
219262174,10842374700727,btc_qm_engine,btc_leading_zeros,2.0000000000
219262175,10842374700792,btc_qm_engine,btc_sha256_elapsed_ns,794.0000000000
219262176,10842374701762,btc_qm_engine,btc_sha256_nonce,2199188613.0000000000
219262177,10842374701836,btc_qm_engine,btc_leading_zeros,4.0000000000
219262178,10842374701898,btc_qm_engine,btc_sha256_elapsed_ns,789.0000000000
219262179,10842374702887,btc_qm_engine,btc_sha256_nonce,2246311639.0000000000
219262180,10842374702952,btc_qm_engine,btc_leading_zeros,2.0000000000
219262181,10842374703017,btc_qm_engine,btc_sha256_elapsed_ns,798.0000000000
219262182,10842374703983,btc_qm_engine,btc_sha256_nonce,2247663465.0000000000
219262183,10842374704048,btc_qm_engine,btc_leading_zeros,0.0000000000
219262184,10842374704112,btc_qm_engine,btc_sha256_elapsed_ns,795.0000000000
219262185,10842374705087,btc_qm_engine,btc_sha256_nonce,762892910.0000000000
219262186,10842374705150,btc_qm_engine,btc_leading_zeros,3.0000000000
219262187,10842374705216,btc_qm_engine,btc_sha256_elapsed_ns,795.0000000000
219262188,10842374705348,btc_qm_engine,btc_orbital_scan_nonce,2246217486.0000000000
219262189,10842374706237,btc_qm_engine,btc_sha256_nonce,2246217486.0000000000
219262190,10842374706301,btc_qm_engine,btc_leading_zeros,0.0000000000
219262191,10842374706361,btc_qm_engine,btc_sha256_elapsed_ns,793.0000000000
219262192,10842374707321,btc_qm_engine,btc_sha256_nonce,2965337402.0000000000
219262193,10842374707406,btc_qm_engine,btc_leading_zeros,0.0000000000
219262194,10842374707469,btc_qm_engine,btc_sha256_elapsed_ns,791.0000000000
219262195,10842374707607,btc_qm_engine,btc_orbital_scan_nonce,2246216210.0000000000
219262196,10842374708494,btc_qm_engine,btc_sha256_nonce,2246216210.0000000000
219262197,10842374708558,btc_qm_engine,btc_leading_zeros,0.0000000000
219262198,10842374708617,btc_qm_engine,btc_sha256_elapsed_ns,792.0000000000
219262199,10842374708759,btc_qm_engine,btc_lebesgue_scan_nonce,19.0000000000
219262200,10842374709646,btc_qm_engine,btc_sha256_nonce,2246245893.0000000000
219262201,10842374709705,btc_qm_engine,btc_leading_zeros,0.0000000000
219262202,10842374709764,btc_qm_engine,btc_sha256_elapsed_ns,792.0000000000
219262203,10842374710727,btc_qm_engine,btc_sha256_nonce,3400593119.0000000000
219262204,10842374710791,btc_qm_engine,btc_leading_zeros,0.0000000000
219262205,10842374710852,btc_qm_engine,btc_sha256_elapsed_ns,793.0000000000
219262206,10842374710991,btc_qm_engine,btc_orbital_scan_nonce,2246241420.0000000000
219262207,10842374711879,btc_qm_engine,btc_sha256_nonce,2246241420.0000000000
219262208,10842374711938,btc_qm_engine,btc_leading_zeros,1.0000000000
219262209,10842374711999,btc_qm_engine,btc_sha256_elapsed_ns,793.0000000000
219262210,10842374712135,btc_qm_engine,btc_orbital_scan_nonce,2246249345.0000000000
219262211,10842374713021,btc_qm_engine,btc_sha256_nonce,2246249345.0000000000
219262212,10842374713078,btc_qm_engine,btc_leading_zeros,0.0000000000
219262213,10842374713139,btc_qm_engine,btc_sha256_elapsed_ns,793.0000000000
219262214,10842374713284,btc_qm_engine,btc_lebesgue_scan_nonce,5.0000000000
219262215,10842374714173,btc_qm_engine,btc_sha256_nonce,2246050968.0000000000
219262216,10842374714231,btc_qm_engine,btc_leading_zeros,0.0000000000
219262217,10842374714294,btc_qm_engine,btc_sha256_elapsed_ns,797.0000000000
219262218,10842374714424,btc_qm_engine,btc_orbital_scan_nonce,2246231722.0000000000
219262219,10842374715322,btc_qm_engine,btc_sha256_nonce,2246231722.0000000000
219262220,10842374715382,btc_qm_engine,btc_leading_zeros,2.0000000000
219262221,10842374715443,btc_qm_engine,btc_sha256_elapsed_ns,795.0000000000
219262222,10842374716409,btc_qm_engine,btc_sha256_nonce,768220186.0000000000
219262223,10842374716473,btc_qm_engine,btc_leading_zeros,0.0000000000
219262224,10842374716533,btc_qm_engine,btc_sha256_elapsed_ns,791.0000000000
219262225,10842374717499,btc_qm_engine,btc_sha256_nonce,1993311679.0000000000
219262226,10842374717563,btc_qm_engine,btc_leading_zeros,1.0000000000
219262227,10842374717624,btc_qm_engine,btc_sha256_elapsed_ns,794.0000000000
219262228,10842374717759,btc_qm_engine,btc_orbital_scan_nonce,2246266135.0000000000
219262229,10842374718648,btc_qm_engine,btc_sha256_nonce,2246266135.0000000000
219262230,10842374718717,btc_qm_engine,btc_leading_zeros,0.0000000000
219262231,10842374718778,btc_qm_engine,btc_sha256_elapsed_ns,794.0000000000
219262232,10842374719749,btc_qm_engine,btc_sha256_nonce,341096036.0000000000
219262233,10842374719814,btc_qm_engine,btc_leading_zeros,0.0000000000
219262234,10842374719879,btc_qm_engine,btc_sha256_elapsed_ns,797.0000000000
219262235,10842374720010,btc_qm_engine,btc_orbital_scan_nonce,2246277279.0000000000
219262236,10842374720901,btc_qm_engine,btc_sha256_nonce,2246277279.0000000000
219262237,10842374720965,btc_qm_engine,btc_leading_zeros,0.0000000000
219262238,10842374721024,btc_qm_engine,btc_sha256_elapsed_ns,797.0000000000
219262239,10842374721158,btc_qm_engine,btc_orbital_scan_nonce,2246277924.0000000000
219262240,10842374722046,btc_qm_engine,btc_sha256_nonce,2246277924.0000000000
219262241,10842374722112,btc_qm_engine,btc_leading_zeros,0.0000000000
219262242,10842374722172,btc_qm_engine,btc_sha256_elapsed_ns,793.0000000000
219262243,10842374723141,btc_qm_engine,btc_sha256_nonce,1412948979.0000000000
219262244,10842374723203,btc_qm_engine,btc_leading_zeros,0.0000000000
219262245,10842374723282,btc_qm_engine,btc_sha256_elapsed_ns,795.0000000000
219262246,10842374724249,btc_qm_engine,btc_sha256_nonce,3326103509.0000000000
219262247,10842374724316,btc_qm_engine,btc_leading_zeros,0.0000000000
219262248,10842374724379,btc_qm_engine,btc_sha256_elapsed_ns,792.0000000000
219262249,10842374725348,btc_qm_engine,btc_sha256_nonce,1586641854.0000000000
219262250,10842374725412,btc_qm_engine,btc_leading_zeros,1.0000000000
219262251,10842374725477,btc_qm_engine,btc_sha256_elapsed_ns,798.0000000000
219262252,10842374726443,btc_qm_engine,btc_sha256_nonce,3620571753.0000000000
219262253,10842374726507,btc_qm_engine,btc_leading_zeros,0.0000000000
219262254,10842374726572,btc_qm_engine,btc_sha256_elapsed_ns,797.0000000000
219262255,10842374726715,btc_qm_engine,btc_lebesgue_scan_nonce,7.0000000000
219262256,10842374727606,btc_qm_engine,btc_sha256_nonce,2246198761.0000000000
219262257,10842374727669,btc_qm_engine,btc_leading_zeros,0.0000000000
219262258,10842374727729,btc_qm_engine,btc_sha256_elapsed_ns,795.0000000000
219262259,10842374728702,btc_qm_engine,btc_sha256_nonce,309226598.0000000000
219262260,10842374728766,btc_qm_engine,btc_leading_zeros,4.0000000000
219262261,10842374728827,btc_qm_engine,btc_sha256_elapsed_ns,794.0000000000
219262262,10842374728958,btc_qm_engine,btc_orbital_scan_nonce,2246260411.0000000000
219262263,10842374729851,btc_qm_engine,btc_sha256_nonce,2246260411.0000000000
219262264,10842374729913,btc_qm_engine,btc_leading_zeros,0.0000000000
219262265,10842374729980,btc_qm_engine,btc_sha256_elapsed_ns,796.0000000000
219262266,10842374730115,btc_qm_engine,btc_orbital_scan_nonce,2246245632.0000000000
219262267,10842374731009,btc_qm_engine,btc_sha256_nonce,2246245632.0000000000
219262268,10842374731070,btc_qm_engine,btc_leading_zeros,0.0000000000
219262269,10842374731132,btc_qm_engine,btc_sha256_elapsed_ns,795.0000000000
219262270,10842374731262,btc_qm_engine,btc_orbital_scan_nonce,2246237102.0000000000
219262271,10842374732165,btc_qm_engine,btc_sha256_nonce,2246237102.0000000000
219262272,10842374732228,btc_qm_engine,btc_leading_zeros,3.0000000000
219262273,10842374732288,btc_qm_engine,btc_sha256_elapsed_ns,795.0000000000
219262274,10842374732411,btc_qm_engine,btc_orbital_scan_nonce,2246265340.0000000000
219262275,10842374733301,btc_qm_engine,btc_sha256_nonce,2246265340.0000000000
219262276,10842374733364,btc_qm_engine,btc_leading_zeros,0.0000000000
219262277,10842374733426,btc_qm_engine,btc_sha256_elapsed_ns,793.0000000000
219262278,10842374733578,btc_qm_engine,btc_lebesgue_scan_nonce,1.0000000000
219262279,10842374734480,btc_qm_engine,btc_sha256_nonce,2246258245.0000000000
219262280,10842374734543,btc_qm_engine,btc_leading_zeros,0.0000000000
219262281,10842374734611,btc_qm_engine,btc_sha256_elapsed_ns,793.0000000000
219262282,10842374734733,btc_qm_engine,btc_orbital_scan_nonce,2246248361.0000000000
219262283,10842374735623,btc_qm_engine,btc_sha256_nonce,2246248361.0000000000
219262284,10842374735686,btc_qm_engine,btc_leading_zeros,0.0000000000
219262285,10842374735747,btc_qm_engine,btc_sha256_elapsed_ns,792.0000000000
219262286,10842374736711,btc_qm_engine,btc_sha256_nonce,1343008134.0000000000
219262287,10842374736776,btc_qm_engine,btc_leading_zeros,1.0000000000
219262288,10842374736839,btc_qm_engine,btc_sha256_elapsed_ns,793.0000000000
219262289,10842374737830,btc_qm_engine,btc_sha256_nonce,401668151.0000000000
219262290,10842374737895,btc_qm_engine,btc_leading_zeros,12.0000000000
219262291,10842374737958,btc_qm_engine,btc_sha256_elapsed_ns,793.0000000000
219262292,10842374738975,btc_qm_engine,btc_sha256_nonce,2449458735.0000000000
219262293,10842374739037,btc_qm_engine,btc_leading_zeros,11.0000000000
219262294,10842374739100,btc_qm_engine,btc_sha256_elapsed_ns,793.0000000000
219262295,10842374739242,btc_qm_engine,btc_lebesgue_scan_nonce,20.0000000000
219262296,10842374740132,btc_qm_engine,btc_sha256_nonce,2246203270.0000000000
219262297,10842374740197,btc_qm_engine,btc_leading_zeros,1.0000000000
219262298,10842374740257,btc_qm_engine,btc_sha256_elapsed_ns,792.0000000000
219262299,10842374741229,btc_qm_engine,btc_sha256_nonce,920981619.0000000000
219262300,10842374741294,btc_qm_engine,btc_leading_zeros,2.0000000000
219262301,10842374741356,btc_qm_engine,btc_sha256_elapsed_ns,792.0000000000
219262302,10842374742330,btc_qm_engine,btc_sha256_nonce,3901664030.0000000000
219262303,10842374742397,btc_qm_engine,btc_leading_zeros,2.0000000000
219262304,10842374742460,btc_qm_engine,btc_sha256_elapsed_ns,796.0000000000
219262305,10842374743419,btc_qm_engine,btc_sha256_nonce,2340277931.0000000000
219262306,10842374743481,btc_qm_engine,btc_leading_zeros,1.0000000000
219262307,10842374743546,btc_qm_engine,btc_sha256_elapsed_ns,789.0000000000
219262308,10842374744515,btc_qm_engine,btc_sha256_nonce,2095350153.0000000000
219262309,10842374744580,btc_qm_engine,btc_leading_zeros,4.0000000000
219262310,10842374744648,btc_qm_engine,btc_sha256_elapsed_ns,792.0000000000
