{
  "mode": "deterministic_seeded",
  "seed": 19,
  "scenarios": 360,
  "steps": 1400,
  "nqubits_simulated": 504000,
  "nqubits_per_sec": 8547455.140,
  "nqubit_avg_score": 0.962257402639,
  "baseline_qubit_avg_score": 0.938759157356,
  "nqubit_win_rate": 0.683333333333,
  "nqubit_wins": 246,
  "baseline_wins": 114,
  "elapsed_ns": 58964919,
  "used_hardware_entropy": false,
  "latency_p50_ns": 144540,
  "latency_p95_ns": 195210,
  "latency_p99_ns": 214830
}
