{
  "mode": "deterministic_seeded",
  "seed": 21,
  "scenarios": 360,
  "steps": 1400,
  "nqubits_simulated": 504000,
  "nqubits_per_sec": 7898130.539,
  "nqubit_avg_score": 0.962514471869,
  "baseline_qubit_avg_score": 0.937252273122,
  "nqubit_win_rate": 0.655555555556,
  "nqubit_wins": 236,
  "baseline_wins": 124,
  "elapsed_ns": 63812569,
  "used_hardware_entropy": false,
  "latency_p50_ns": 179290,
  "latency_p95_ns": 210640,
  "latency_p99_ns": 222340
}
