{
  "mode": "deterministic_seeded",
  "seed": 4,
  "scenarios": 360,
  "steps": 1400,
  "nqubits_simulated": 504000,
  "nqubits_per_sec": 7388314.522,
  "nqubit_avg_score": 0.961752171061,
  "baseline_qubit_avg_score": 0.939304730635,
  "nqubit_win_rate": 0.661111111111,
  "nqubit_wins": 238,
  "baseline_wins": 122,
  "elapsed_ns": 68215829,
  "used_hardware_entropy": false,
  "latency_p50_ns": 181200,
  "latency_p95_ns": 232990,
  "latency_p99_ns": 299390
}
