{
  "mode": "deterministic_seeded",
  "seed": 5,
  "scenarios": 360,
  "steps": 1400,
  "nqubits_simulated": 504000,
  "nqubits_per_sec": 8284153.023,
  "nqubit_avg_score": 0.960279671985,
  "baseline_qubit_avg_score": 0.942190655381,
  "nqubit_win_rate": 0.636111111111,
  "nqubit_wins": 229,
  "baseline_wins": 131,
  "elapsed_ns": 60839050,
  "used_hardware_entropy": false,
  "latency_p50_ns": 157170,
  "latency_p95_ns": 197750,
  "latency_p99_ns": 229110
}
