{
  "mode": "deterministic_seeded",
  "seed": 8,
  "scenarios": 360,
  "steps": 1400,
  "nqubits_simulated": 504000,
  "nqubits_per_sec": 8058223.865,
  "nqubit_avg_score": 0.961466249830,
  "baseline_qubit_avg_score": 0.936531921430,
  "nqubit_win_rate": 0.688888888889,
  "nqubit_wins": 248,
  "baseline_wins": 112,
  "elapsed_ns": 62544800,
  "used_hardware_entropy": false,
  "latency_p50_ns": 170900,
  "latency_p95_ns": 191720,
  "latency_p99_ns": 226880
}
