{
  "mode": "deterministic_seeded",
  "seed": 13,
  "scenarios": 360,
  "steps": 1400,
  "nqubits_simulated": 504000,
  "nqubits_per_sec": 7771112.490,
  "nqubit_avg_score": 0.962719753170,
  "baseline_qubit_avg_score": 0.938727938494,
  "nqubit_win_rate": 0.636111111111,
  "nqubit_wins": 229,
  "baseline_wins": 131,
  "elapsed_ns": 64855579,
  "used_hardware_entropy": false,
  "latency_p50_ns": 180990,
  "latency_p95_ns": 218310,
  "latency_p99_ns": 251210
}
