{
  "mode": "deterministic_seeded",
  "seed": 18,
  "scenarios": 360,
  "steps": 1400,
  "nqubits_simulated": 504000,
  "nqubits_per_sec": 8722566.468,
  "nqubit_avg_score": 0.959741274732,
  "baseline_qubit_avg_score": 0.936014624942,
  "nqubit_win_rate": 0.658333333333,
  "nqubit_wins": 237,
  "baseline_wins": 123,
  "elapsed_ns": 57781159,
  "used_hardware_entropy": false,
  "latency_p50_ns": 140440,
  "latency_p95_ns": 192100,
  "latency_p99_ns": 219350
}
