{
  "mode": "deterministic_seeded",
  "seed": 17,
  "scenarios": 360,
  "steps": 1400,
  "nqubits_simulated": 504000,
  "nqubits_per_sec": 8167101.489,
  "nqubit_avg_score": 0.960884716809,
  "baseline_qubit_avg_score": 0.938694710925,
  "nqubit_win_rate": 0.622222222222,
  "nqubit_wins": 224,
  "baseline_wins": 136,
  "elapsed_ns": 61711000,
  "used_hardware_entropy": false,
  "latency_p50_ns": 155990,
  "latency_p95_ns": 197050,
  "latency_p99_ns": 225970
}
