{
  "mode": "hardware_preferred",
  "seed": 0,
  "scenarios": 360,
  "steps": 1400,
  "nqubits_simulated": 504000,
  "nqubits_per_sec": 8652307.042,
  "nqubit_avg_score": 0.961308614194,
  "baseline_qubit_avg_score": 0.937619089563,
  "nqubit_win_rate": 0.655555555556,
  "nqubit_wins": 236,
  "baseline_wins": 124,
  "elapsed_ns": 58250360,
  "used_hardware_entropy": true,
  "latency_p50_ns": 138160,
  "latency_p95_ns": 207670,
  "latency_p99_ns": 241930
}
