{
  "mode": "hardware_preferred",
  "seed": 0,
  "scenarios": 360,
  "steps": 1400,
  "nqubits_simulated": 504000,
  "nqubits_per_sec": 7459348.769,
  "nqubit_avg_score": 0.963960667503,
  "baseline_qubit_avg_score": 0.937556386361,
  "nqubit_win_rate": 0.697222222222,
  "nqubit_wins": 251,
  "baseline_wins": 109,
  "elapsed_ns": 67566220,
  "used_hardware_entropy": true,
  "latency_p50_ns": 180400,
  "latency_p95_ns": 222790,
  "latency_p99_ns": 251810
}
