{
  "mode": "hardware_preferred",
  "seed": 0,
  "scenarios": 360,
  "steps": 1400,
  "nqubits_simulated": 504000,
  "nqubits_per_sec": 8920342.931,
  "nqubit_avg_score": 0.963491298825,
  "baseline_qubit_avg_score": 0.938260004153,
  "nqubit_win_rate": 0.686111111111,
  "nqubit_wins": 247,
  "baseline_wins": 113,
  "elapsed_ns": 56500070,
  "used_hardware_entropy": true,
  "latency_p50_ns": 132170,
  "latency_p95_ns": 187150,
  "latency_p99_ns": 224270
}
