{
  "mode": "hardware_preferred",
  "seed": 0,
  "scenarios": 360,
  "steps": 1400,
  "nqubits_simulated": 504000,
  "nqubits_per_sec": 7376878.579,
  "nqubit_avg_score": 0.962604543115,
  "baseline_qubit_avg_score": 0.940437936595,
  "nqubit_win_rate": 0.661111111111,
  "nqubit_wins": 238,
  "baseline_wins": 122,
  "elapsed_ns": 68321580,
  "used_hardware_entropy": true,
  "latency_p50_ns": 180060,
  "latency_p95_ns": 228890,
  "latency_p99_ns": 277000
}
