{
  "mode": "hardware_preferred",
  "seed": 0,
  "scenarios": 360,
  "steps": 1400,
  "nqubits_simulated": 504000,
  "nqubits_per_sec": 8159101.178,
  "nqubit_avg_score": 0.963140584267,
  "baseline_qubit_avg_score": 0.938320784103,
  "nqubit_win_rate": 0.688888888889,
  "nqubit_wins": 248,
  "baseline_wins": 112,
  "elapsed_ns": 61771510,
  "used_hardware_entropy": true,
  "latency_p50_ns": 160140,
  "latency_p95_ns": 219990,
  "latency_p99_ns": 224060
}
