{
  "mode": "hardware_preferred",
  "seed": 0,
  "scenarios": 360,
  "steps": 1400,
  "nqubits_simulated": 504000,
  "nqubits_per_sec": 9339831.608,
  "nqubit_avg_score": 0.960592556635,
  "baseline_qubit_avg_score": 0.938438885173,
  "nqubit_win_rate": 0.638888888889,
  "nqubit_wins": 230,
  "baseline_wins": 130,
  "elapsed_ns": 53962429,
  "used_hardware_entropy": true,
  "latency_p50_ns": 129200,
  "latency_p95_ns": 179550,
  "latency_p99_ns": 205420
}
