{
  "mode": "hardware_preferred",
  "seed": 0,
  "scenarios": 360,
  "steps": 1400,
  "nqubits_simulated": 504000,
  "nqubits_per_sec": 7599063.862,
  "nqubit_avg_score": 0.959241830126,
  "baseline_qubit_avg_score": 0.939360905322,
  "nqubit_win_rate": 0.641666666667,
  "nqubit_wins": 231,
  "baseline_wins": 129,
  "elapsed_ns": 66323959,
  "used_hardware_entropy": true,
  "latency_p50_ns": 177750,
  "latency_p95_ns": 222520,
  "latency_p99_ns": 268150
}
