{
  "mode": "hardware_preferred",
  "seed": 0,
  "scenarios": 360,
  "steps": 1400,
  "nqubits_simulated": 504000,
  "nqubits_per_sec": 8202070.372,
  "nqubit_avg_score": 0.961362592519,
  "baseline_qubit_avg_score": 0.938041601833,
  "nqubit_win_rate": 0.638888888889,
  "nqubit_wins": 230,
  "baseline_wins": 130,
  "elapsed_ns": 61447900,
  "used_hardware_entropy": true,
  "latency_p50_ns": 161430,
  "latency_p95_ns": 203380,
  "latency_p99_ns": 228340
}
