{
  "mode": "hardware_preferred",
  "seed": 0,
  "scenarios": 360,
  "steps": 1400,
  "nqubits_simulated": 504000,
  "nqubits_per_sec": 8546972.311,
  "nqubit_avg_score": 0.962485395436,
  "baseline_qubit_avg_score": 0.937159317245,
  "nqubit_win_rate": 0.672222222222,
  "nqubit_wins": 242,
  "baseline_wins": 118,
  "elapsed_ns": 58968250,
  "used_hardware_entropy": true,
  "latency_p50_ns": 150680,
  "latency_p95_ns": 197300,
  "latency_p99_ns": 222050
}
