{
  "mode": "hardware_preferred",
  "seed": 0,
  "scenarios": 360,
  "steps": 1400,
  "nqubits_simulated": 504000,
  "nqubits_per_sec": 8436483.714,
  "nqubit_avg_score": 0.963476396472,
  "baseline_qubit_avg_score": 0.937921818315,
  "nqubit_win_rate": 0.675000000000,
  "nqubit_wins": 243,
  "baseline_wins": 117,
  "elapsed_ns": 59740529,
  "used_hardware_entropy": true,
  "latency_p50_ns": 149210,
  "latency_p95_ns": 194481,
  "latency_p99_ns": 227750
}
