{
  "mode": "hardware_preferred",
  "seed": 0,
  "scenarios": 360,
  "steps": 1400,
  "nqubits_simulated": 504000,
  "nqubits_per_sec": 5925193.724,
  "nqubit_avg_score": 0.962280125207,
  "baseline_qubit_avg_score": 0.935477200965,
  "nqubit_win_rate": 0.663888888889,
  "nqubit_wins": 239,
  "baseline_wins": 121,
  "elapsed_ns": 85060510,
  "used_hardware_entropy": true,
  "latency_p50_ns": 181880,
  "latency_p95_ns": 269280,
  "latency_p99_ns": 538060
}
