{
  "mode": "hardware_preferred",
  "seed": 0,
  "scenarios": 360,
  "steps": 1400,
  "nqubits_simulated": 504000,
  "nqubits_per_sec": 8942874.197,
  "nqubit_avg_score": 0.962636755011,
  "baseline_qubit_avg_score": 0.937923760861,
  "nqubit_win_rate": 0.666666666667,
  "nqubit_wins": 240,
  "baseline_wins": 120,
  "elapsed_ns": 56357720,
  "used_hardware_entropy": true,
  "latency_p50_ns": 135030,
  "latency_p95_ns": 195060,
  "latency_p99_ns": 211390
}
