{
  "mode": "hardware_preferred",
  "seed": 0,
  "scenarios": 360,
  "steps": 1400,
  "nqubits_simulated": 504000,
  "nqubits_per_sec": 7524916.207,
  "nqubit_avg_score": 0.962959023652,
  "baseline_qubit_avg_score": 0.936963939875,
  "nqubit_win_rate": 0.688888888889,
  "nqubit_wins": 248,
  "baseline_wins": 112,
  "elapsed_ns": 66977490,
  "used_hardware_entropy": true,
  "latency_p50_ns": 176470,
  "latency_p95_ns": 223930,
  "latency_p99_ns": 327740
}
