{
  "mode": "hardware_preferred",
  "seed": 0,
  "scenarios": 360,
  "steps": 1400,
  "nqubits_simulated": 504000,
  "nqubits_per_sec": 8610702.601,
  "nqubit_avg_score": 0.962864151415,
  "baseline_qubit_avg_score": 0.936983266475,
  "nqubit_win_rate": 0.686111111111,
  "nqubit_wins": 247,
  "baseline_wins": 113,
  "elapsed_ns": 58531809,
  "used_hardware_entropy": true,
  "latency_p50_ns": 141850,
  "latency_p95_ns": 194740,
  "latency_p99_ns": 223930
}
