{
  "mode": "hardware_preferred",
  "seed": 0,
  "scenarios": 360,
  "steps": 1400,
  "nqubits_simulated": 504000,
  "nqubits_per_sec": 7790581.864,
  "nqubit_avg_score": 0.960407446895,
  "baseline_qubit_avg_score": 0.941414129900,
  "nqubit_win_rate": 0.641666666667,
  "nqubit_wins": 231,
  "baseline_wins": 129,
  "elapsed_ns": 64693499,
  "used_hardware_entropy": true,
  "latency_p50_ns": 157440,
  "latency_p95_ns": 239500,
  "latency_p99_ns": 434050
}
