{
  "mode": "hardware_preferred",
  "seed": 0,
  "scenarios": 360,
  "steps": 1400,
  "nqubits_simulated": 504000,
  "nqubits_per_sec": 8010012.516,
  "nqubit_avg_score": 0.958658217107,
  "baseline_qubit_avg_score": 0.935137477404,
  "nqubit_win_rate": 0.627777777778,
  "nqubit_wins": 226,
  "baseline_wins": 134,
  "elapsed_ns": 62921250,
  "used_hardware_entropy": true,
  "latency_p50_ns": 170940,
  "latency_p95_ns": 207530,
  "latency_p99_ns": 247900
}
