{
  "mode": "hardware_preferred",
  "seed": 0,
  "scenarios": 360,
  "steps": 1400,
  "nqubits_simulated": 504000,
  "nqubits_per_sec": 8642538.585,
  "nqubit_avg_score": 0.960621870802,
  "baseline_qubit_avg_score": 0.940149832576,
  "nqubit_win_rate": 0.641666666667,
  "nqubit_wins": 231,
  "baseline_wins": 129,
  "elapsed_ns": 58316199,
  "used_hardware_entropy": true,
  "latency_p50_ns": 141590,
  "latency_p95_ns": 195500,
  "latency_p99_ns": 222160
}
