{
  "mode": "hardware_preferred",
  "seed": 0,
  "scenarios": 360,
  "steps": 1400,
  "nqubits_simulated": 504000,
  "nqubits_per_sec": 8981464.503,
  "nqubit_avg_score": 0.962270344071,
  "baseline_qubit_avg_score": 0.937466243962,
  "nqubit_win_rate": 0.658333333333,
  "nqubit_wins": 237,
  "baseline_wins": 123,
  "elapsed_ns": 56115570,
  "used_hardware_entropy": true,
  "latency_p50_ns": 135830,
  "latency_p95_ns": 183080,
  "latency_p99_ns": 216600
}
