{
  "mode": "hardware_preferred",
  "seed": 0,
  "scenarios": 360,
  "steps": 1400,
  "nqubits_simulated": 504000,
  "nqubits_per_sec": 6978647.374,
  "nqubit_avg_score": 0.961221144679,
  "baseline_qubit_avg_score": 0.941019600312,
  "nqubit_win_rate": 0.622222222222,
  "nqubit_wins": 224,
  "baseline_wins": 136,
  "elapsed_ns": 72220299,
  "used_hardware_entropy": true,
  "latency_p50_ns": 179870,
  "latency_p95_ns": 234040,
  "latency_p99_ns": 345600
}
