{
  "mode": "hardware_preferred",
  "seed": 0,
  "scenarios": 360,
  "steps": 1400,
  "nqubits_simulated": 504000,
  "nqubits_per_sec": 7891295.649,
  "nqubit_avg_score": 0.962890545003,
  "baseline_qubit_avg_score": 0.938663427151,
  "nqubit_win_rate": 0.633333333333,
  "nqubit_wins": 228,
  "baseline_wins": 132,
  "elapsed_ns": 63867839,
  "used_hardware_entropy": true,
  "latency_p50_ns": 139550,
  "latency_p95_ns": 210019,
  "latency_p99_ns": 267160
}
