{
  "mode": "hardware_preferred",
  "seed": 0,
  "scenarios": 360,
  "steps": 1400,
  "nqubits_simulated": 504000,
  "nqubits_per_sec": 8998319.243,
  "nqubit_avg_score": 0.961345421268,
  "baseline_qubit_avg_score": 0.940409565772,
  "nqubit_win_rate": 0.641666666667,
  "nqubit_wins": 231,
  "baseline_wins": 129,
  "elapsed_ns": 56010460,
  "used_hardware_entropy": true,
  "latency_p50_ns": 140120,
  "latency_p95_ns": 185450,
  "latency_p99_ns": 209380
}
