{
  "mode": "deterministic_seeded",
  "seed": 15,
  "scenarios": 360,
  "steps": 1400,
  "nqubits_simulated": 504000,
  "nqubits_per_sec": 7541623.703,
  "nqubit_avg_score": 0.959922500896,
  "baseline_qubit_avg_score": 0.936318099014,
  "nqubit_win_rate": 0.647222222222,
  "nqubit_wins": 233,
  "baseline_wins": 127,
  "elapsed_ns": 66829110,
  "used_hardware_entropy": false,
  "latency_p50_ns": 176420,
  "latency_p95_ns": 235030,
  "latency_p99_ns": 278950
}
