{
  "mode": "deterministic_seeded",
  "seed": 19,
  "scenarios": 360,
  "steps": 1400,
  "nqubits_simulated": 504000,
  "nqubits_per_sec": 7336632.198,
  "nqubit_avg_score": 0.962257402639,
  "baseline_qubit_avg_score": 0.938759157356,
  "nqubit_win_rate": 0.683333333333,
  "nqubit_wins": 246,
  "baseline_wins": 114,
  "elapsed_ns": 68696370,
  "used_hardware_entropy": false,
  "latency_p50_ns": 178240,
  "latency_p95_ns": 202420,
  "latency_p99_ns": 241670
}
