{
  "mode": "deterministic_seeded",
  "seed": 17,
  "scenarios": 360,
  "steps": 1400,
  "nqubits_simulated": 504000,
  "nqubits_per_sec": 6373611.307,
  "nqubit_avg_score": 0.960884716809,
  "baseline_qubit_avg_score": 0.938694710925,
  "nqubit_win_rate": 0.622222222222,
  "nqubit_wins": 224,
  "baseline_wins": 136,
  "elapsed_ns": 79076049,
  "used_hardware_entropy": false,
  "latency_p50_ns": 181140,
  "latency_p95_ns": 204650,
  "latency_p99_ns": 1162520
}
