{
  "mode": "deterministic_seeded",
  "seed": 11,
  "scenarios": 360,
  "steps": 1400,
  "nqubits_simulated": 504000,
  "nqubits_per_sec": 5908601.046,
  "nqubit_avg_score": 0.960595824205,
  "baseline_qubit_avg_score": 0.937016257483,
  "nqubit_win_rate": 0.661111111111,
  "nqubit_wins": 238,
  "baseline_wins": 122,
  "elapsed_ns": 85299379,
  "used_hardware_entropy": false,
  "latency_p50_ns": 180980,
  "latency_p95_ns": 269770,
  "latency_p99_ns": 1205100
}
