{
  "mode": "deterministic_seeded",
  "seed": 4,
  "scenarios": 360,
  "steps": 1400,
  "nqubits_simulated": 504000,
  "nqubits_per_sec": 6516463.898,
  "nqubit_avg_score": 0.961752171061,
  "baseline_qubit_avg_score": 0.939304730635,
  "nqubit_win_rate": 0.661111111111,
  "nqubit_wins": 238,
  "baseline_wins": 122,
  "elapsed_ns": 77342560,
  "used_hardware_entropy": false,
  "latency_p50_ns": 180160,
  "latency_p95_ns": 269310,
  "latency_p99_ns": 900110
}
