{
  "mode": "hardware_preferred",
  "seed": 0,
  "scenarios": 360,
  "steps": 1400,
  "nqubits_simulated": 504000,
  "nqubits_per_sec": 7437829.925,
  "nqubit_avg_score": 0.962652632282,
  "baseline_qubit_avg_score": 0.938637318889,
  "nqubit_win_rate": 0.652777777778,
  "nqubit_wins": 235,
  "baseline_wins": 125,
  "elapsed_ns": 67761700,
  "used_hardware_entropy": true,
  "latency_p50_ns": 179930,
  "latency_p95_ns": 230310,
  "latency_p99_ns": 366900
}
