{
  "mode": "hardware_preferred",
  "seed": 0,
  "scenarios": 360,
  "steps": 1400,
  "nqubits_simulated": 504000,
  "nqubits_per_sec": 8458084.627,
  "nqubit_avg_score": 0.964153140032,
  "baseline_qubit_avg_score": 0.939456280070,
  "nqubit_win_rate": 0.686111111111,
  "nqubit_wins": 247,
  "baseline_wins": 113,
  "elapsed_ns": 59587959,
  "used_hardware_entropy": true,
  "latency_p50_ns": 145560,
  "latency_p95_ns": 199460,
  "latency_p99_ns": 222880
}
