{
  "mode": "hardware_preferred",
  "seed": 0,
  "scenarios": 360,
  "steps": 1400,
  "nqubits_simulated": 504000,
  "nqubits_per_sec": 5169605.155,
  "nqubit_avg_score": 0.961891830177,
  "baseline_qubit_avg_score": 0.940636083021,
  "nqubit_win_rate": 0.655555555556,
  "nqubit_wins": 236,
  "baseline_wins": 124,
  "elapsed_ns": 97492939,
  "used_hardware_entropy": true,
  "latency_p50_ns": 184460,
  "latency_p95_ns": 340670,
  "latency_p99_ns": 1576550
}
