{
  "mode": "hardware_preferred",
  "seed": 0,
  "scenarios": 360,
  "steps": 1400,
  "nqubits_simulated": 504000,
  "nqubits_per_sec": 6879778.827,
  "nqubit_avg_score": 0.964353638075,
  "baseline_qubit_avg_score": 0.940672554444,
  "nqubit_win_rate": 0.677777777778,
  "nqubit_wins": 244,
  "baseline_wins": 116,
  "elapsed_ns": 73258169,
  "used_hardware_entropy": true,
  "latency_p50_ns": 178980,
  "latency_p95_ns": 242130,
  "latency_p99_ns": 295500
}
