{
  "mode": "hardware_preferred",
  "seed": 0,
  "scenarios": 360,
  "steps": 1400,
  "nqubits_simulated": 504000,
  "nqubits_per_sec": 6797312.726,
  "nqubit_avg_score": 0.960466382439,
  "baseline_qubit_avg_score": 0.934636380126,
  "nqubit_win_rate": 0.658333333333,
  "nqubit_wins": 237,
  "baseline_wins": 123,
  "elapsed_ns": 74146949,
  "used_hardware_entropy": true,
  "latency_p50_ns": 181780,
  "latency_p95_ns": 254500,
  "latency_p99_ns": 407570
}
