{
  "mode": "hardware_preferred",
  "seed": 0,
  "scenarios": 360,
  "steps": 1400,
  "nqubits_simulated": 504000,
  "nqubits_per_sec": 5769040.647,
  "nqubit_avg_score": 0.962402883984,
  "baseline_qubit_avg_score": 0.939007422251,
  "nqubit_win_rate": 0.661111111111,
  "nqubit_wins": 238,
  "baseline_wins": 122,
  "elapsed_ns": 87362879,
  "used_hardware_entropy": true,
  "latency_p50_ns": 181270,
  "latency_p95_ns": 294390,
  "latency_p99_ns": 1027800
}
