{
  "mode": "hardware_preferred",
  "seed": 0,
  "scenarios": 360,
  "steps": 1400,
  "nqubits_simulated": 504000,
  "nqubits_per_sec": 6853725.412,
  "nqubit_avg_score": 0.961130059797,
  "baseline_qubit_avg_score": 0.937251822635,
  "nqubit_win_rate": 0.641666666667,
  "nqubit_wins": 231,
  "baseline_wins": 129,
  "elapsed_ns": 73536649,
  "used_hardware_entropy": true,
  "latency_p50_ns": 178830,
  "latency_p95_ns": 243810,
  "latency_p99_ns": 581549
}
