{
  "mode": "hardware_preferred",
  "seed": 0,
  "scenarios": 360,
  "steps": 1400,
  "nqubits_simulated": 504000,
  "nqubits_per_sec": 7711029.771,
  "nqubit_avg_score": 0.965159322721,
  "baseline_qubit_avg_score": 0.936296529376,
  "nqubit_win_rate": 0.713888888889,
  "nqubit_wins": 257,
  "baseline_wins": 103,
  "elapsed_ns": 65360920,
  "used_hardware_entropy": true,
  "latency_p50_ns": 174220,
  "latency_p95_ns": 220530,
  "latency_p99_ns": 240690
}
