{
  "mode": "hardware_preferred",
  "seed": 0,
  "scenarios": 360,
  "steps": 1400,
  "nqubits_simulated": 504000,
  "nqubits_per_sec": 6472448.770,
  "nqubit_avg_score": 0.960467732795,
  "baseline_qubit_avg_score": 0.940972600172,
  "nqubit_win_rate": 0.611111111111,
  "nqubit_wins": 220,
  "baseline_wins": 140,
  "elapsed_ns": 77868519,
  "used_hardware_entropy": true,
  "latency_p50_ns": 189090,
  "latency_p95_ns": 279850,
  "latency_p99_ns": 389520
}
