{
  "mode": "hardware_preferred",
  "seed": 0,
  "scenarios": 360,
  "steps": 1400,
  "nqubits_simulated": 504000,
  "nqubits_per_sec": 8358705.210,
  "nqubit_avg_score": 0.962061214319,
  "baseline_qubit_avg_score": 0.941714644473,
  "nqubit_win_rate": 0.655555555556,
  "nqubit_wins": 236,
  "baseline_wins": 124,
  "elapsed_ns": 60296420,
  "used_hardware_entropy": true,
  "latency_p50_ns": 149670,
  "latency_p95_ns": 203540,
  "latency_p99_ns": 235730
}
