{
  "mode": "hardware_preferred",
  "seed": 0,
  "scenarios": 360,
  "steps": 1400,
  "nqubits_simulated": 504000,
  "nqubits_per_sec": 6874325.866,
  "nqubit_avg_score": 0.962154269727,
  "baseline_qubit_avg_score": 0.939231690987,
  "nqubit_win_rate": 0.661111111111,
  "nqubit_wins": 238,
  "baseline_wins": 122,
  "elapsed_ns": 73316280,
  "used_hardware_entropy": true,
  "latency_p50_ns": 180430,
  "latency_p95_ns": 245280,
  "latency_p99_ns": 482710
}
