{
  "mode": "hardware_preferred",
  "seed": 0,
  "scenarios": 360,
  "steps": 1400,
  "nqubits_simulated": 504000,
  "nqubits_per_sec": 6924673.117,
  "nqubit_avg_score": 0.965123087384,
  "baseline_qubit_avg_score": 0.937614483479,
  "nqubit_win_rate": 0.694444444444,
  "nqubit_wins": 250,
  "baseline_wins": 110,
  "elapsed_ns": 72783219,
  "used_hardware_entropy": true,
  "latency_p50_ns": 181690,
  "latency_p95_ns": 222200,
  "latency_p99_ns": 311320
}
