{
  "mode": "hardware_preferred",
  "seed": 0,
  "scenarios": 360,
  "steps": 1400,
  "nqubits_simulated": 504000,
  "nqubits_per_sec": 7558940.728,
  "nqubit_avg_score": 0.961891096685,
  "baseline_qubit_avg_score": 0.938263121712,
  "nqubit_win_rate": 0.655555555556,
  "nqubit_wins": 236,
  "baseline_wins": 124,
  "elapsed_ns": 66676009,
  "used_hardware_entropy": true,
  "latency_p50_ns": 178160,
  "latency_p95_ns": 209930,
  "latency_p99_ns": 291410
}
