{
  "mode": "hardware_preferred",
  "seed": 0,
  "scenarios": 360,
  "steps": 1400,
  "nqubits_simulated": 504000,
  "nqubits_per_sec": 8859267.529,
  "nqubit_avg_score": 0.963110359141,
  "baseline_qubit_avg_score": 0.937737954067,
  "nqubit_win_rate": 0.683333333333,
  "nqubit_wins": 246,
  "baseline_wins": 114,
  "elapsed_ns": 56889579,
  "used_hardware_entropy": true,
  "latency_p50_ns": 137340,
  "latency_p95_ns": 187340,
  "latency_p99_ns": 221550
}
