{
  "mode": "hardware_preferred",
  "seed": 0,
  "scenarios": 360,
  "steps": 1400,
  "nqubits_simulated": 504000,
  "nqubits_per_sec": 7842933.553,
  "nqubit_avg_score": 0.962625035068,
  "baseline_qubit_avg_score": 0.939827316362,
  "nqubit_win_rate": 0.650000000000,
  "nqubit_wins": 234,
  "baseline_wins": 126,
  "elapsed_ns": 64261669,
  "used_hardware_entropy": true,
  "latency_p50_ns": 167320,
  "latency_p95_ns": 216410,
  "latency_p99_ns": 234910
}
