{
  "mode": "hardware_preferred",
  "seed": 0,
  "scenarios": 360,
  "steps": 1400,
  "nqubits_simulated": 504000,
  "nqubits_per_sec": 7218827.734,
  "nqubit_avg_score": 0.962548661265,
  "baseline_qubit_avg_score": 0.940371956187,
  "nqubit_win_rate": 0.641666666667,
  "nqubit_wins": 231,
  "baseline_wins": 129,
  "elapsed_ns": 69817430,
  "used_hardware_entropy": true,
  "latency_p50_ns": 178920,
  "latency_p95_ns": 246330,
  "latency_p99_ns": 313540
}
