{
  "mode": "hardware_preferred",
  "seed": 0,
  "scenarios": 360,
  "steps": 1400,
  "nqubits_simulated": 504000,
  "nqubits_per_sec": 9472647.917,
  "nqubit_avg_score": 0.964005237105,
  "baseline_qubit_avg_score": 0.940689824092,
  "nqubit_win_rate": 0.663888888889,
  "nqubit_wins": 239,
  "baseline_wins": 121,
  "elapsed_ns": 53205820,
  "used_hardware_entropy": true,
  "latency_p50_ns": 128510,
  "latency_p95_ns": 176470,
  "latency_p99_ns": 209420
}
