{
  "mode": "hardware_preferred",
  "seed": 0,
  "scenarios": 360,
  "steps": 1400,
  "nqubits_simulated": 504000,
  "nqubits_per_sec": 9153570.764,
  "nqubit_avg_score": 0.963260256047,
  "baseline_qubit_avg_score": 0.936641332239,
  "nqubit_win_rate": 0.675000000000,
  "nqubit_wins": 243,
  "baseline_wins": 117,
  "elapsed_ns": 55060480,
  "used_hardware_entropy": true,
  "latency_p50_ns": 130060,
  "latency_p95_ns": 193970,
  "latency_p99_ns": 217140
}
