{
  "mode": "hardware_preferred",
  "seed": 0,
  "scenarios": 360,
  "steps": 1400,
  "nqubits_simulated": 504000,
  "nqubits_per_sec": 8708656.560,
  "nqubit_avg_score": 0.962931673162,
  "baseline_qubit_avg_score": 0.935834736376,
  "nqubit_win_rate": 0.672222222222,
  "nqubit_wins": 242,
  "baseline_wins": 118,
  "elapsed_ns": 57873450,
  "used_hardware_entropy": true,
  "latency_p50_ns": 137070,
  "latency_p95_ns": 197390,
  "latency_p99_ns": 226460
}
