{
  "mode": "hardware_preferred",
  "seed": 0,
  "scenarios": 360,
  "steps": 1400,
  "nqubits_simulated": 504000,
  "nqubits_per_sec": 6721448.248,
  "nqubit_avg_score": 0.961447229496,
  "baseline_qubit_avg_score": 0.938025816822,
  "nqubit_win_rate": 0.686111111111,
  "nqubit_wins": 247,
  "baseline_wins": 113,
  "elapsed_ns": 74983840,
  "used_hardware_entropy": true,
  "latency_p50_ns": 183340,
  "latency_p95_ns": 262130,
  "latency_p99_ns": 385210
}
