{
  "mode": "hardware_preferred",
  "seed": 0,
  "scenarios": 360,
  "steps": 1400,
  "nqubits_simulated": 504000,
  "nqubits_per_sec": 6380692.632,
  "nqubit_avg_score": 0.961394162003,
  "baseline_qubit_avg_score": 0.938417769456,
  "nqubit_win_rate": 0.677777777778,
  "nqubit_wins": 244,
  "baseline_wins": 116,
  "elapsed_ns": 78988290,
  "used_hardware_entropy": true,
  "latency_p50_ns": 178930,
  "latency_p95_ns": 293070,
  "latency_p99_ns": 647440
}
