{
  "mode": "hardware_preferred",
  "seed": 0,
  "scenarios": 360,
  "steps": 1400,
  "nqubits_simulated": 504000,
  "nqubits_per_sec": 8323500.235,
  "nqubit_avg_score": 0.960565975558,
  "baseline_qubit_avg_score": 0.935750879498,
  "nqubit_win_rate": 0.666666666667,
  "nqubit_wins": 240,
  "baseline_wins": 120,
  "elapsed_ns": 60551449,
  "used_hardware_entropy": true,
  "latency_p50_ns": 159760,
  "latency_p95_ns": 191020,
  "latency_p99_ns": 224890
}
