{
  "mode": "hardware_preferred",
  "seed": 0,
  "scenarios": 360,
  "steps": 1400,
  "nqubits_simulated": 504000,
  "nqubits_per_sec": 7900632.615,
  "nqubit_avg_score": 0.964423484107,
  "baseline_qubit_avg_score": 0.937929420242,
  "nqubit_win_rate": 0.677777777778,
  "nqubit_wins": 244,
  "baseline_wins": 116,
  "elapsed_ns": 63792360,
  "used_hardware_entropy": true,
  "latency_p50_ns": 162680,
  "latency_p95_ns": 228210,
  "latency_p99_ns": 399590
}
