seq,ts_ns,module,key,value
153884162,16908109695505,btc_qm_engine,btc_leading_zeros,0.0000000000
153884163,16908109696139,btc_qm_engine,btc_sha256_elapsed_ns,1716.0000000000
153884164,16908109696513,btc_qm_engine,btc_sha256_nonce,189603383.0000000000
153884165,16908109696654,btc_qm_engine,btc_leading_zeros,2.0000000000
153884166,16908109696826,btc_qm_engine,btc_sha256_elapsed_ns,2053.0000000000
153884167,16908109696981,btc_qm_engine,btc_orbital_scan_nonce,189577011.0000000000
153884168,16908109697645,btc_qm_engine,btc_orbital_scan_nonce,189598149.0000000000
153884169,16908109699436,btc_qm_engine,btc_sha256_nonce,2612971765.0000000000
153884170,16908109699571,btc_qm_engine,btc_leading_zeros,1.0000000000
153884171,16908109699707,btc_qm_engine,btc_sha256_elapsed_ns,2084.0000000000
153884172,16908109700041,btc_qm_engine,btc_sha256_nonce,189577011.0000000000
153884173,16908109700179,btc_qm_engine,btc_leading_zeros,1.0000000000
153884174,16908109700334,btc_qm_engine,btc_sha256_elapsed_ns,2129.0000000000
153884175,16908109700760,btc_qm_engine,btc_sha256_nonce,1967145096.0000000000
153884176,16908109701576,btc_qm_engine,btc_sha256_nonce,189598149.0000000000
153884177,16908109701833,btc_qm_engine,btc_leading_zeros,2.0000000000
153884178,16908109701993,btc_qm_engine,btc_sha256_elapsed_ns,2202.0000000000
153884179,16908109702398,btc_qm_engine,btc_orbital_scan_nonce,189616116.0000000000
153884180,16908109702826,btc_qm_engine,btc_leading_zeros,1.0000000000
153884181,16908109703229,btc_qm_engine,btc_sha256_nonce,2696962163.0000000000
153884182,16908109703842,btc_qm_engine,btc_sha256_nonce,2720412585.0000000000
153884183,16908109704481,btc_qm_engine,btc_leading_zeros,0.0000000000
153884184,16908109704898,btc_qm_engine,btc_sha256_elapsed_ns,1995.0000000000
153884185,16908109705946,btc_qm_engine,btc_leading_zeros,4.0000000000
153884186,16908109706846,btc_qm_engine,btc_sha256_nonce,189616116.0000000000
153884187,16908109707211,btc_qm_engine,btc_sha256_elapsed_ns,2122.0000000000
153884188,16908109707537,btc_qm_engine,btc_sha256_elapsed_ns,1810.0000000000
153884189,16908109708241,btc_qm_engine,btc_lebesgue_scan_nonce,24.0000000000
153884190,16908109708664,btc_qm_engine,btc_sha256_nonce,1007874293.0000000000
153884191,16908109708810,btc_qm_engine,btc_leading_zeros,1.0000000000
153884192,16908109708943,btc_qm_engine,btc_sha256_elapsed_ns,2017.0000000000
153884193,16908109709283,btc_qm_engine,btc_leading_zeros,1.0000000000
153884194,16908109709922,btc_qm_engine,btc_sha256_elapsed_ns,1716.0000000000
153884195,16908109710592,btc_qm_engine,btc_sha256_nonce,2997923090.0000000000
153884196,16908109710734,btc_qm_engine,btc_leading_zeros,1.0000000000
153884197,16908109710882,btc_qm_engine,btc_sha256_elapsed_ns,2052.0000000000
153884198,16908109711257,btc_qm_engine,btc_orbital_scan_nonce,189606902.0000000000
153884199,16908109711770,btc_qm_engine,btc_sha256_nonce,2936561854.0000000000
153884200,16908109711919,btc_qm_engine,btc_leading_zeros,0.0000000000
153884201,16908109712110,btc_qm_engine,btc_sha256_elapsed_ns,2209.0000000000
153884202,16908109712539,btc_qm_engine,btc_sha256_nonce,1440651028.0000000000
153884203,16908109713078,btc_qm_engine,btc_sha256_nonce,189527237.0000000000
153884204,16908109714051,btc_qm_engine,btc_sha256_nonce,189606902.0000000000
153884205,16908109714823,btc_qm_engine,btc_leading_zeros,0.0000000000
153884206,16908109714954,btc_qm_engine,btc_sha256_elapsed_ns,1894.0000000000
153884207,16908109715135,btc_qm_engine,btc_leading_zeros,0.0000000000
153884208,16908109715387,btc_qm_engine,btc_sha256_nonce,2528169728.0000000000
153884209,16908109715523,btc_qm_engine,btc_leading_zeros,0.0000000000
153884210,16908109715666,btc_qm_engine,btc_sha256_elapsed_ns,2026.0000000000
153884211,16908109715978,btc_qm_engine,btc_lebesgue_scan_nonce,25.0000000000
153884212,16908109716737,btc_qm_engine,btc_sha256_nonce,2033451445.0000000000
153884213,16908109716943,btc_qm_engine,btc_sha256_elapsed_ns,2146.0000000000
153884214,16908109717560,btc_qm_engine,btc_leading_zeros,0.0000000000
153884215,16908109718215,btc_qm_engine,btc_sha256_elapsed_ns,2118.0000000000
153884216,16908109718963,btc_qm_engine,btc_leading_zeros,1.0000000000
153884217,16908109719201,btc_qm_engine,btc_sha256_nonce,189657550.0000000000
153884218,16908109719354,btc_qm_engine,btc_leading_zeros,3.0000000000
153884219,16908109719488,btc_qm_engine,btc_sha256_elapsed_ns,2040.0000000000
153884220,16908109719940,btc_qm_engine,btc_sha256_elapsed_ns,1434.0000000000
153884221,16908109720195,btc_qm_engine,btc_sha256_nonce,3987635934.0000000000
153884222,16908109720342,btc_qm_engine,btc_leading_zeros,4.0000000000
153884223,16908109720488,btc_qm_engine,btc_sha256_elapsed_ns,2101.0000000000
153884224,16908109720889,btc_qm_engine,btc_orbital_scan_nonce,189644104.0000000000
153884225,16908109721227,btc_qm_engine,btc_sha256_nonce,3860753764.0000000000
153884226,16908109721373,btc_qm_engine,btc_leading_zeros,0.0000000000
153884227,16908109721557,btc_qm_engine,btc_sha256_elapsed_ns,1994.0000000000
153884228,16908109721918,btc_qm_engine,btc_lebesgue_scan_nonce,6.0000000000
153884229,16908109722458,btc_qm_engine,btc_leading_zeros,2.0000000000
153884230,16908109723311,btc_qm_engine,btc_sha256_nonce,1332523976.0000000000
153884231,16908109723975,btc_qm_engine,btc_leading_zeros,0.0000000000
153884232,16908109724459,btc_qm_engine,btc_sha256_nonce,2819576879.0000000000
153884233,16908109724614,btc_qm_engine,btc_sha256_nonce,189569543.0000000000
153884234,16908109724758,btc_qm_engine,btc_leading_zeros,0.0000000000
153884235,16908109725120,btc_qm_engine,btc_sha256_elapsed_ns,2072.0000000000
153884236,16908109726482,btc_qm_engine,btc_sha256_elapsed_ns,2020.0000000000
153884237,16908109727060,btc_qm_engine,btc_sha256_elapsed_ns,2076.0000000000
153884238,16908109728043,btc_qm_engine,btc_orbital_scan_nonce,189591392.0000000000
153884239,16908109728563,btc_qm_engine,btc_lebesgue_scan_nonce,13.0000000000
153884240,16908109728813,btc_qm_engine,btc_sha256_nonce,391238218.0000000000
153884241,16908109728940,btc_qm_engine,btc_leading_zeros,0.0000000000
153884242,16908109729068,btc_qm_engine,btc_sha256_elapsed_ns,1429.0000000000
153884243,16908109729357,btc_qm_engine,btc_leading_zeros,0.0000000000
153884244,16908109729490,btc_qm_engine,btc_sha256_elapsed_ns,2178.0000000000
153884245,16908109730954,btc_qm_engine,btc_sha256_nonce,189591392.0000000000
153884246,16908109731743,btc_qm_engine,btc_sha256_nonce,4030791366.0000000000
153884247,16908109731899,btc_qm_engine,btc_leading_zeros,0.0000000000
153884248,16908109732259,btc_qm_engine,btc_sha256_nonce,189551070.0000000000
153884249,16908109733212,btc_qm_engine,btc_sha256_nonce,1282020293.0000000000
153884250,16908109734196,btc_qm_engine,btc_sha256_elapsed_ns,2177.0000000000
153884251,16908109734336,btc_qm_engine,btc_leading_zeros,0.0000000000
153884252,16908109734481,btc_qm_engine,btc_sha256_elapsed_ns,2106.0000000000
153884253,16908109734669,btc_qm_engine,btc_sha256_nonce,189644104.0000000000
153884254,16908109734918,btc_qm_engine,btc_orbital_scan_nonce,189626262.0000000000
153884255,16908109735352,btc_qm_engine,btc_leading_zeros,0.0000000000
153884256,16908109735475,btc_qm_engine,btc_sha256_elapsed_ns,1918.0000000000
153884257,16908109736084,btc_qm_engine,btc_orbital_scan_nonce,189550273.0000000000
153884258,16908109737120,btc_qm_engine,btc_sha256_elapsed_ns,2181.0000000000
153884259,16908109737418,btc_qm_engine,btc_sha256_nonce,1462757486.0000000000
153884260,16908109738116,btc_qm_engine,btc_sha256_nonce,189550273.0000000000
153884261,16908109738497,btc_qm_engine,btc_leading_zeros,0.0000000000
153884262,16908109738784,btc_qm_engine,btc_leading_zeros,0.0000000000
153884263,16908109738919,btc_qm_engine,btc_sha256_elapsed_ns,2113.0000000000
153884264,16908109739259,btc_qm_engine,btc_leading_zeros,3.0000000000
153884265,16908109739530,btc_qm_engine,btc_sha256_nonce,189626262.0000000000
153884266,16908109739750,btc_qm_engine,btc_sha256_elapsed_ns,1775.0000000000
153884267,16908109740023,btc_qm_engine,btc_sha256_elapsed_ns,2233.0000000000
153884268,16908109740517,btc_qm_engine,btc_leading_zeros,0.0000000000
153884269,16908109741104,btc_qm_engine,btc_orbital_scan_nonce,189585701.0000000000
153884270,16908109741405,btc_qm_engine,btc_sha256_elapsed_ns,2209.0000000000
153884271,16908109741799,btc_qm_engine,btc_orbital_scan_nonce,189583577.0000000000
153884272,16908109742373,btc_qm_engine,btc_sha256_nonce,1656065196.0000000000
153884273,16908109742839,btc_qm_engine,btc_leading_zeros,0.0000000000
153884274,16908109742932,btc_qm_engine,btc_sha256_elapsed_ns,1894.0000000000
153884275,16908109743258,btc_qm_engine,btc_orbital_scan_nonce,189584125.0000000000
153884276,16908109744185,btc_qm_engine,btc_sha256_nonce,13744983.0000000000
153884277,16908109744343,btc_qm_engine,btc_leading_zeros,2.0000000000
153884278,16908109744493,btc_qm_engine,btc_sha256_elapsed_ns,2131.0000000000
153884279,16908109744702,btc_qm_engine,btc_sha256_nonce,189583577.0000000000
153884280,16908109744834,btc_qm_engine,btc_leading_zeros,1.0000000000
153884281,16908109745663,btc_qm_engine,btc_orbital_scan_nonce,189619539.0000000000
153884282,16908109745840,btc_qm_engine,btc_sha256_nonce,189584125.0000000000
153884283,16908109746175,btc_qm_engine,btc_sha256_elapsed_ns,2110.0000000000
153884284,16908109746638,btc_qm_engine,btc_leading_zeros,0.0000000000
153884285,16908109747575,btc_qm_engine,btc_leading_zeros,3.0000000000
153884286,16908109747833,btc_qm_engine,btc_sha256_elapsed_ns,1434.0000000000
153884287,16908109748337,btc_qm_engine,btc_sha256_elapsed_ns,2099.0000000000
153884288,16908109748576,btc_qm_engine,btc_sha256_nonce,189619539.0000000000
153884289,16908109748738,btc_qm_engine,btc_sha256_nonce,1813247176.0000000000
153884290,16908109749359,btc_qm_engine,btc_leading_zeros,4.0000000000
153884291,16908109749524,btc_qm_engine,btc_leading_zeros,0.0000000000
153884292,16908109750212,btc_qm_engine,btc_sha256_elapsed_ns,2141.0000000000
153884293,16908109750477,btc_qm_engine,btc_sha256_elapsed_ns,2151.0000000000
153884294,16908109751016,btc_qm_engine,btc_sha256_nonce,2813296710.0000000000
153884295,16908109751221,btc_qm_engine,btc_leading_zeros,4.0000000000
153884296,16908109751323,btc_qm_engine,btc_sha256_elapsed_ns,2145.0000000000
153884297,16908109751708,btc_qm_engine,btc_sha256_nonce,189585701.0000000000
153884298,16908109752153,btc_qm_engine,btc_sha256_nonce,1691530727.0000000000
153884299,16908109752465,btc_qm_engine,btc_leading_zeros,1.0000000000
153884300,16908109752973,btc_qm_engine,btc_leading_zeros,0.0000000000
153884301,16908109753130,btc_qm_engine,btc_sha256_elapsed_ns,2128.0000000000
153884302,16908109753493,btc_qm_engine,btc_sha256_nonce,3791278755.0000000000
153884303,16908109753746,btc_qm_engine,btc_sha256_elapsed_ns,2149.0000000000
153884304,16908109754044,btc_qm_engine,btc_orbital_scan_nonce,189615838.0000000000
153884305,16908109754245,btc_qm_engine,btc_sha256_nonce,3819118793.0000000000
153884306,16908109754401,btc_qm_engine,btc_leading_zeros,0.0000000000
153884307,16908109754545,btc_qm_engine,btc_sha256_elapsed_ns,2036.0000000000
153884308,16908109754778,btc_qm_engine,btc_orbital_scan_nonce,189596064.0000000000
153884309,16908109754945,btc_qm_engine,btc_leading_zeros,0.0000000000
153884310,16908109755579,btc_qm_engine,btc_sha256_elapsed_ns,2064.0000000000
153884311,16908109755916,btc_qm_engine,btc_sha256_nonce,189615838.0000000000
153884312,16908109756039,btc_qm_engine,btc_leading_zeros,3.0000000000
153884313,16908109756172,btc_qm_engine,btc_sha256_elapsed_ns,1578.0000000000
153884314,16908109757260,btc_qm_engine,btc_sha256_nonce,189596064.0000000000
153884315,16908109757414,btc_qm_engine,btc_leading_zeros,3.0000000000
153884316,16908109757565,btc_qm_engine,btc_sha256_elapsed_ns,2164.0000000000
153884317,16908109757862,btc_qm_engine,btc_orbital_scan_nonce,189580172.0000000000
153884318,16908109758086,btc_qm_engine,btc_sha256_nonce,1675646410.0000000000
153884319,16908109758445,btc_qm_engine,btc_leading_zeros,0.0000000000
153884320,16908109759902,btc_qm_engine,btc_sha256_nonce,381548577.0000000000
153884321,16908109760837,btc_qm_engine,btc_sha256_elapsed_ns,1443.0000000000
153884322,16908109761505,btc_qm_engine,btc_sha256_nonce,1010179938.0000000000
153884323,16908109761649,btc_qm_engine,btc_leading_zeros,1.0000000000
153884324,16908109761798,btc_qm_engine,btc_sha256_elapsed_ns,1855.0000000000
153884325,16908109761987,btc_qm_engine,btc_sha256_nonce,189580172.0000000000
153884326,16908109762624,btc_qm_engine,btc_leading_zeros,3.0000000000
153884327,16908109762769,btc_qm_engine,btc_sha256_elapsed_ns,1930.0000000000
153884328,16908109764398,btc_qm_engine,btc_leading_zeros,1.0000000000
153884329,16908109764856,btc_qm_engine,btc_sha256_nonce,1006436450.0000000000
153884330,16908109765209,btc_qm_engine,btc_sha256_nonce,1368384836.0000000000
153884331,16908109765348,btc_qm_engine,btc_leading_zeros,2.0000000000
153884332,16908109765618,btc_qm_engine,btc_sha256_elapsed_ns,2160.0000000000
153884333,16908109765943,btc_qm_engine,btc_sha256_elapsed_ns,1953.0000000000
153884334,16908109767232,btc_qm_engine,btc_orbital_scan_nonce,189616804.0000000000
153884335,16908109768995,btc_qm_engine,btc_sha256_nonce,565900699.0000000000
153884336,16908109769701,btc_qm_engine,btc_leading_zeros,3.0000000000
153884337,16908109769797,btc_qm_engine,btc_sha256_elapsed_ns,2107.0000000000
153884338,16908109771071,btc_qm_engine,btc_sha256_nonce,189616804.0000000000
153884339,16908109771451,btc_qm_engine,btc_orbital_scan_nonce,189544104.0000000000
153884340,16908109771814,btc_qm_engine,btc_orbital_scan_nonce,189563117.0000000000
153884341,16908109772061,btc_qm_engine,btc_sha256_nonce,1461650877.0000000000
153884342,16908109772248,btc_qm_engine,btc_leading_zeros,0.0000000000
153884343,16908109772470,btc_qm_engine,btc_leading_zeros,1.0000000000
153884344,16908109773178,btc_qm_engine,btc_sha256_elapsed_ns,2051.0000000000
153884345,16908109773451,btc_qm_engine,btc_sha256_elapsed_ns,1771.0000000000
153884346,16908109774009,btc_qm_engine,btc_sha256_nonce,189563117.0000000000
153884347,16908109774177,btc_qm_engine,btc_leading_zeros,1.0000000000
153884348,16908109774313,btc_qm_engine,btc_sha256_elapsed_ns,1970.0000000000
153884349,16908109775029,btc_qm_engine,btc_sha256_nonce,189544104.0000000000
153884350,16908109775859,btc_qm_engine,btc_sha256_nonce,138037548.0000000000
153884351,16908109776014,btc_qm_engine,btc_leading_zeros,1.0000000000
153884352,16908109776909,btc_qm_engine,btc_leading_zeros,2.0000000000
153884353,16908109777190,btc_qm_engine,btc_lebesgue_scan_nonce,20.0000000000
153884354,16908109777504,btc_qm_engine,btc_sha256_elapsed_ns,2094.0000000000
153884355,16908109777760,btc_qm_engine,btc_leading_zeros,0.0000000000
153884356,16908109778090,btc_qm_engine,btc_sha256_nonce,1589964014.0000000000
153884357,16908109779514,btc_qm_engine,btc_sha256_elapsed_ns,2157.0000000000
153884358,16908109779738,btc_qm_engine,btc_leading_zeros,0.0000000000
153884359,16908109779885,btc_qm_engine,btc_sha256_elapsed_ns,2131.0000000000
153884360,16908109780368,btc_qm_engine,btc_sha256_nonce,189616977.0000000000
153884361,16908109780520,btc_qm_engine,btc_leading_zeros,0.0000000000
153884362,16908109780674,btc_qm_engine,btc_sha256_elapsed_ns,2075.0000000000
153884363,16908109781054,btc_qm_engine,btc_lebesgue_scan_nonce,24.0000000000
153884364,16908109781355,btc_qm_engine,btc_orbital_scan_nonce,189625739.0000000000
153884365,16908109782070,btc_qm_engine,btc_lebesgue_scan_nonce,20.0000000000
153884366,16908109782942,btc_qm_engine,btc_sha256_elapsed_ns,2117.0000000000
153884367,16908109783760,btc_qm_engine,btc_sha256_nonce,189625739.0000000000
153884368,16908109783898,btc_qm_engine,btc_leading_zeros,2.0000000000
153884369,16908109784228,btc_qm_engine,btc_orbital_scan_nonce,189622866.0000000000
153884370,16908109784460,btc_qm_engine,btc_sha256_nonce,189651093.0000000000
153884371,16908109784809,btc_qm_engine,btc_sha256_elapsed_ns,2064.0000000000
153884372,16908109785389,btc_qm_engine,btc_sha256_nonce,2839724426.0000000000
153884373,16908109785707,btc_qm_engine,btc_leading_zeros,2.0000000000
153884374,16908109786030,btc_qm_engine,btc_sha256_nonce,189633976.0000000000
153884375,16908109824981,btc_qm_engine,btc_leading_zeros,1.0000000000
153884376,16908109825559,btc_qm_engine,btc_orbital_scan_nonce,189639653.0000000000
153884377,16908109825799,btc_qm_engine,btc_sha256_elapsed_ns,2059.0000000000
153884378,16908109826247,btc_qm_engine,btc_sha256_elapsed_ns,2132.0000000000
153884379,16908109826797,btc_qm_engine,btc_leading_zeros,0.0000000000
153884380,16908109827159,btc_qm_engine,btc_sha256_nonce,1886961079.0000000000
153884381,16908109827363,btc_qm_engine,btc_sha256_elapsed_ns,2046.0000000000
153884382,16908109827827,btc_qm_engine,btc_sha256_nonce,3902071300.0000000000
153884383,16908109827968,btc_qm_engine,btc_leading_zeros,2.0000000000
153884384,16908109828086,btc_qm_engine,btc_sha256_elapsed_ns,1524.0000000000
153884385,16908109828350,btc_qm_engine,btc_leading_zeros,0.0000000000
153884386,16908109828493,btc_qm_engine,btc_sha256_elapsed_ns,1898.0000000000
153884387,16908109828835,btc_qm_engine,btc_lebesgue_scan_nonce,4.0000000000
153884388,16908109830014,btc_qm_engine,btc_sha256_nonce,1001919732.0000000000
153884389,16908109830917,btc_qm_engine,btc_orbital_scan_nonce,189579613.0000000000
153884390,16908109831184,btc_qm_engine,btc_sha256_nonce,1463169422.0000000000
153884391,16908109831337,btc_qm_engine,btc_leading_zeros,1.0000000000
153884392,16908109831703,btc_qm_engine,btc_sha256_elapsed_ns,2051.0000000000
153884393,16908109832753,btc_qm_engine,btc_leading_zeros,1.0000000000
153884394,16908109833545,btc_qm_engine,btc_sha256_elapsed_ns,1983.0000000000
153884395,16908109834086,btc_qm_engine,btc_sha256_nonce,189639653.0000000000
153884396,16908109835201,btc_qm_engine,btc_sha256_nonce,4210965201.0000000000
153884397,16908109835388,btc_qm_engine,btc_leading_zeros,2.0000000000
153884398,16908109835637,btc_qm_engine,btc_sha256_nonce,189579613.0000000000
153884399,16908109836080,btc_qm_engine,btc_sha256_elapsed_ns,1879.0000000000
153884400,16908109836548,btc_qm_engine,btc_leading_zeros,0.0000000000
153884401,16908109836859,btc_qm_engine,btc_leading_zeros,1.0000000000
153884402,16908109837007,btc_qm_engine,btc_sha256_elapsed_ns,2113.0000000000
153884403,16908109837616,btc_qm_engine,btc_sha256_nonce,189622866.0000000000
153884404,16908109837960,btc_qm_engine,btc_sha256_nonce,3962389825.0000000000
153884405,16908109838094,btc_qm_engine,btc_leading_zeros,1.0000000000
153884406,16908109838211,btc_qm_engine,btc_sha256_elapsed_ns,1426.0000000000
153884407,16908109838551,btc_qm_engine,btc_lebesgue_scan_nonce,14.0000000000
153884408,16908109839027,btc_qm_engine,btc_leading_zeros,0.0000000000
153884409,16908109839238,btc_qm_engine,btc_sha256_elapsed_ns,40508.0000000000
153884410,16908109839558,btc_qm_engine,btc_sha256_elapsed_ns,1907.0000000000
153884411,16908109839932,btc_qm_engine,btc_sha256_nonce,1392284780.0000000000
153884412,16908109840590,btc_qm_engine,btc_leading_zeros,0.0000000000
153884413,16908109841044,btc_qm_engine,btc_sha256_nonce,1192678190.0000000000
153884414,16908109841194,btc_qm_engine,btc_leading_zeros,1.0000000000
153884415,16908109841378,btc_qm_engine,btc_sha256_elapsed_ns,2073.0000000000
153884416,16908109841746,btc_qm_engine,btc_lebesgue_scan_nonce,5.0000000000
153884417,16908109842154,btc_qm_engine,btc_sha256_nonce,3386693990.0000000000
153884418,16908109842734,btc_qm_engine,btc_sha256_elapsed_ns,2090.0000000000
153884419,16908109843054,btc_qm_engine,btc_sha256_nonce,189462787.0000000000
153884420,16908109843362,btc_qm_engine,btc_leading_zeros,1.0000000000
153884421,16908109843504,btc_qm_engine,btc_sha256_elapsed_ns,2038.0000000000
153884422,16908109843694,btc_qm_engine,btc_sha256_nonce,189572965.0000000000
153884423,16908109843977,btc_qm_engine,btc_sha256_nonce,3988063458.0000000000
153884424,16908109844595,btc_qm_engine,btc_leading_zeros,2.0000000000
153884425,16908109844983,btc_qm_engine,btc_leading_zeros,0.0000000000
153884426,16908109845401,btc_qm_engine,btc_sha256_nonce,189675911.0000000000
153884427,16908109845576,btc_qm_engine,btc_leading_zeros,2.0000000000
153884428,16908109845692,btc_qm_engine,btc_sha256_elapsed_ns,1927.0000000000
153884429,16908109846032,btc_qm_engine,btc_orbital_scan_nonce,189635807.0000000000
153884430,16908109847673,btc_qm_engine,btc_sha256_nonce,189635807.0000000000
153884431,16908109847772,btc_qm_engine,btc_leading_zeros,1.0000000000
153884432,16908109847868,btc_qm_engine,btc_sha256_elapsed_ns,1456.0000000000
153884433,16908109848102,btc_qm_engine,btc_lebesgue_scan_nonce,27.0000000000
153884434,16908109848403,btc_qm_engine,btc_sha256_elapsed_ns,1869.0000000000
153884435,16908109849211,btc_qm_engine,btc_sha256_elapsed_ns,1845.0000000000
153884436,16908109849614,btc_qm_engine,btc_lebesgue_scan_nonce,25.0000000000
153884437,16908109850233,btc_qm_engine,btc_sha256_nonce,189643266.0000000000
153884438,16908109850375,btc_qm_engine,btc_leading_zeros,3.0000000000
153884439,16908109850526,btc_qm_engine,btc_sha256_elapsed_ns,1935.0000000000
153884440,16908109851176,btc_qm_engine,btc_sha256_nonce,3730646663.0000000000
153884441,16908109851332,btc_qm_engine,btc_leading_zeros,3.0000000000
153884442,16908109851472,btc_qm_engine,btc_sha256_elapsed_ns,2189.0000000000
153884443,16908109851852,btc_qm_engine,btc_lebesgue_scan_nonce,6.0000000000
153884444,16908109852098,btc_qm_engine,btc_sha256_nonce,189563939.0000000000
153884445,16908109852264,btc_qm_engine,btc_leading_zeros,0.0000000000
153884446,16908109852417,btc_qm_engine,btc_sha256_elapsed_ns,2164.0000000000
153884447,16908109852732,btc_qm_engine,btc_orbital_scan_nonce,189644104.0000000000
153884448,16908109853093,btc_qm_engine,btc_sha256_nonce,2569883142.0000000000
153884449,16908109853875,btc_qm_engine,btc_leading_zeros,0.0000000000
153884450,16908109854239,btc_qm_engine,btc_sha256_nonce,189683612.0000000000
153884451,16908109854717,btc_qm_engine,btc_sha256_elapsed_ns,2108.0000000000
153884452,16908109854993,btc_qm_engine,btc_sha256_nonce,189644104.0000000000
153884453,16908109855295,btc_qm_engine,btc_orbital_scan_nonce,189603677.0000000000
153884454,16908109856068,btc_qm_engine,btc_leading_zeros,0.0000000000
153884455,16908109856883,btc_qm_engine,btc_leading_zeros,0.0000000000
153884456,16908109857100,btc_qm_engine,btc_sha256_elapsed_ns,2072.0000000000
153884457,16908109857497,btc_qm_engine,btc_lebesgue_scan_nonce,4.0000000000
153884458,16908109857790,btc_qm_engine,btc_sha256_elapsed_ns,2062.0000000000
153884459,16908109858470,btc_qm_engine,btc_sha256_nonce,531047216.0000000000
153884460,16908109858711,btc_qm_engine,btc_lebesgue_scan_nonce,5.0000000000
153884461,16908109859090,btc_qm_engine,btc_leading_zeros,0.0000000000
153884462,16908109859232,btc_qm_engine,btc_sha256_elapsed_ns,1812.0000000000
153884463,16908109859532,btc_qm_engine,btc_orbital_scan_nonce,189604248.0000000000
153884464,16908109859969,btc_qm_engine,btc_sha256_nonce,189491717.0000000000
153884465,16908109860107,btc_qm_engine,btc_leading_zeros,4.0000000000
153884466,16908109860247,btc_qm_engine,btc_sha256_elapsed_ns,2036.0000000000
153884467,16908109861123,btc_qm_engine,btc_sha256_nonce,189772651.0000000000
153884468,16908109861264,btc_qm_engine,btc_leading_zeros,0.0000000000
153884469,16908109861426,btc_qm_engine,btc_sha256_elapsed_ns,2109.0000000000
153884470,16908109861875,btc_qm_engine,btc_sha256_nonce,189604248.0000000000
153884471,16908109862256,btc_qm_engine,btc_sha256_nonce,189603677.0000000000
153884472,16908109862895,btc_qm_engine,btc_sha256_nonce,1994990889.0000000000
153884473,16908109863869,btc_qm_engine,btc_sha256_nonce,3593918155.0000000000
153884474,16908109864018,btc_qm_engine,btc_leading_zeros,2.0000000000
153884475,16908109864162,btc_qm_engine,btc_sha256_elapsed_ns,1908.0000000000
153884476,16908109864495,btc_qm_engine,btc_leading_zeros,1.0000000000
153884477,16908109865179,btc_qm_engine,btc_leading_zeros,0.0000000000
153884478,16908109866034,btc_qm_engine,btc_leading_zeros,0.0000000000
153884479,16908109867033,btc_qm_engine,btc_sha256_elapsed_ns,2040.0000000000
153884480,16908109867451,btc_qm_engine,btc_orbital_scan_nonce,189622338.0000000000
153884481,16908109869109,btc_qm_engine,btc_sha256_nonce,189622338.0000000000
153884482,16908109869252,btc_qm_engine,btc_leading_zeros,1.0000000000
153884483,16908109869397,btc_qm_engine,btc_sha256_elapsed_ns,1500.0000000000
153884484,16908109869663,btc_qm_engine,btc_orbital_scan_nonce,189562222.0000000000
153884485,16908109870412,btc_qm_engine,btc_sha256_elapsed_ns,1929.0000000000
153884486,16908109871447,btc_qm_engine,btc_sha256_elapsed_ns,2135.0000000000
153884487,16908109871893,btc_qm_engine,btc_orbital_scan_nonce,189584573.0000000000
153884488,16908109872445,btc_qm_engine,btc_sha256_nonce,189562222.0000000000
153884489,16908109873110,btc_qm_engine,btc_leading_zeros,1.0000000000
153884490,16908109873811,btc_qm_engine,btc_sha256_elapsed_ns,1999.0000000000
153884491,16908109874239,btc_qm_engine,btc_sha256_nonce,189584573.0000000000
153884492,16908109874493,btc_qm_engine,btc_leading_zeros,0.0000000000
153884493,16908109874909,btc_qm_engine,btc_orbital_scan_nonce,189582303.0000000000
153884494,16908109875930,btc_qm_engine,btc_orbital_scan_nonce,189556398.0000000000
153884495,16908109876805,btc_qm_engine,btc_leading_zeros,2.0000000000
153884496,16908109877481,btc_qm_engine,btc_sha256_elapsed_ns,2108.0000000000
153884497,16908109877913,btc_qm_engine,btc_sha256_nonce,189582303.0000000000
153884498,16908109878070,btc_qm_engine,btc_leading_zeros,0.0000000000
153884499,16908109878219,btc_qm_engine,btc_sha256_elapsed_ns,2103.0000000000
153884500,16908109878954,btc_qm_engine,btc_sha256_nonce,189556398.0000000000
153884501,16908109879074,btc_qm_engine,btc_leading_zeros,0.0000000000
153884502,16908109879235,btc_qm_engine,btc_sha256_elapsed_ns,2126.0000000000
153884503,16908109879838,btc_qm_engine,btc_sha256_elapsed_ns,2077.0000000000
153884504,16908109880105,btc_qm_engine,btc_sha256_nonce,367945673.0000000000
153884505,16908109880252,btc_qm_engine,btc_leading_zeros,0.0000000000
153884506,16908109880743,btc_qm_engine,btc_sha256_nonce,2377087677.0000000000
153884507,16908109880893,btc_qm_engine,btc_leading_zeros,8.0000000000
153884508,16908109881009,btc_qm_engine,btc_sha256_elapsed_ns,2018.0000000000
153884509,16908109881302,btc_qm_engine,btc_lebesgue_scan_nonce,20.0000000000
153884510,16908109881547,btc_qm_engine,btc_orbital_scan_nonce,189602394.0000000000
153884511,16908109881832,btc_qm_engine,btc_sha256_nonce,2148907029.0000000000
153884512,16908109883999,btc_qm_engine,btc_sha256_nonce,189673095.0000000000
153884513,16908109884310,btc_qm_engine,btc_sha256_nonce,189602394.0000000000
153884514,16908109885249,btc_qm_engine,btc_leading_zeros,1.0000000000
153884515,16908109885697,btc_qm_engine,btc_orbital_scan_nonce,189604982.0000000000
153884516,16908109886407,btc_qm_engine,btc_leading_zeros,1.0000000000
153884517,16908109886738,btc_qm_engine,btc_sha256_elapsed_ns,1877.0000000000
153884518,16908109887138,btc_qm_engine,btc_sha256_elapsed_ns,1833.0000000000
153884519,16908109887717,btc_qm_engine,btc_leading_zeros,0.0000000000
153884520,16908109888412,btc_qm_engine,btc_sha256_elapsed_ns,2120.0000000000
153884521,16908109888595,btc_qm_engine,btc_sha256_nonce,189604982.0000000000
153884522,16908109889196,btc_qm_engine,btc_leading_zeros,0.0000000000
153884523,16908109889379,btc_qm_engine,btc_sha256_elapsed_ns,2037.0000000000
153884524,16908109889729,btc_qm_engine,btc_sha256_nonce,3981516186.0000000000
153884525,16908109889872,btc_qm_engine,btc_leading_zeros,0.0000000000
153884526,16908109890062,btc_qm_engine,btc_sha256_elapsed_ns,1987.0000000000
153884527,16908109890405,btc_qm_engine,btc_sha256_nonce,1822849289.0000000000
153884528,16908109890967,btc_qm_engine,btc_sha256_elapsed_ns,2061.0000000000
153884529,16908109891465,btc_qm_engine,btc_sha256_nonce,13068646.0000000000
153884530,16908109891780,btc_qm_engine,btc_sha256_nonce,2084797717.0000000000
153884531,16908109891930,btc_qm_engine,btc_leading_zeros,0.0000000000
153884532,16908109892062,btc_qm_engine,btc_sha256_elapsed_ns,1961.0000000000
153884533,16908109892565,btc_qm_engine,btc_leading_zeros,1.0000000000
153884534,16908109893630,btc_qm_engine,btc_orbital_scan_nonce,189607806.0000000000
153884535,16908109893848,btc_qm_engine,btc_sha256_elapsed_ns,2138.0000000000
153884536,16908109894165,btc_qm_engine,btc_orbital_scan_nonce,189644104.0000000000
153884537,16908109894638,btc_qm_engine,btc_sha256_nonce,4027840924.0000000000
153884538,16908109894780,btc_qm_engine,btc_leading_zeros,0.0000000000
153884539,16908109894928,btc_qm_engine,btc_sha256_elapsed_ns,2056.0000000000
153884540,16908109895176,btc_qm_engine,btc_orbital_scan_nonce,189616160.0000000000
153884541,16908109895544,btc_qm_engine,btc_orbital_scan_nonce,189588056.0000000000
153884542,16908109896401,btc_qm_engine,btc_sha256_nonce,189607806.0000000000
153884543,16908109896702,btc_qm_engine,btc_leading_zeros,0.0000000000
153884544,16908109897270,btc_qm_engine,btc_sha256_elapsed_ns,1963.0000000000
153884545,16908109897598,btc_qm_engine,btc_sha256_nonce,189644104.0000000000
153884546,16908109897994,btc_qm_engine,btc_sha256_nonce,189616160.0000000000
153884547,16908109898276,btc_qm_engine,btc_leading_zeros,0.0000000000
153884548,16908109898708,btc_qm_engine,btc_orbital_scan_nonce,189615766.0000000000
153884549,16908109898914,btc_qm_engine,btc_leading_zeros,0.0000000000
153884550,16908109899735,btc_qm_engine,btc_sha256_elapsed_ns,2082.0000000000
153884551,16908109899984,btc_qm_engine,btc_sha256_nonce,189588056.0000000000
153884552,16908109900147,btc_qm_engine,btc_orbital_scan_nonce,189621015.0000000000
153884553,16908109900624,btc_qm_engine,btc_leading_zeros,1.0000000000
153884554,16908109900769,btc_qm_engine,btc_sha256_elapsed_ns,1884.0000000000
153884555,16908109901184,btc_qm_engine,btc_sha256_elapsed_ns,2232.0000000000
153884556,16908109901478,btc_qm_engine,btc_sha256_nonce,189615766.0000000000
153884557,16908109901622,btc_qm_engine,btc_leading_zeros,4.0000000000
153884558,16908109901748,btc_qm_engine,btc_sha256_elapsed_ns,1961.0000000000
153884559,16908109903447,btc_qm_engine,btc_sha256_nonce,3678663001.0000000000
153884560,16908109903586,btc_qm_engine,btc_leading_zeros,1.0000000000
153884561,16908109904267,btc_qm_engine,btc_sha256_nonce,3144274007.0000000000
153884562,16908109904539,btc_qm_engine,btc_sha256_elapsed_ns,2134.0000000000
153884563,16908109904927,btc_qm_engine,btc_sha256_nonce,189621015.0000000000
153884564,16908109905266,btc_qm_engine,btc_leading_zeros,3.0000000000
153884565,16908109905747,btc_qm_engine,btc_leading_zeros,2.0000000000
153884566,16908109905979,btc_qm_engine,btc_sha256_elapsed_ns,2039.0000000000
153884567,16908109906270,btc_qm_engine,btc_sha256_elapsed_ns,2101.0000000000
153884568,16908109906835,btc_qm_engine,btc_sha256_nonce,3126712773.0000000000
153884569,16908109906980,btc_qm_engine,btc_leading_zeros,3.0000000000
153884570,16908109907125,btc_qm_engine,btc_sha256_elapsed_ns,2212.0000000000
153884571,16908109907560,btc_qm_engine,btc_sha256_nonce,1093989946.0000000000
153884572,16908109907968,btc_qm_engine,btc_lebesgue_scan_nonce,3.0000000000
153884573,16908109908165,btc_qm_engine,btc_leading_zeros,1.0000000000
153884574,16908109908311,btc_qm_engine,btc_sha256_elapsed_ns,1954.0000000000
153884575,16908109908534,btc_qm_engine,btc_sha256_nonce,801237554.0000000000
153884576,16908109908692,btc_qm_engine,btc_leading_zeros,1.0000000000
153884577,16908109908801,btc_qm_engine,btc_sha256_elapsed_ns,1999.0000000000
153884578,16908109909496,btc_qm_engine,btc_leading_zeros,0.0000000000
153884579,16908109910197,btc_qm_engine,btc_sha256_elapsed_ns,2230.0000000000
153884580,16908109910418,btc_qm_engine,btc_sha256_nonce,2345547619.0000000000
153884581,16908109910533,btc_qm_engine,btc_leading_zeros,0.0000000000
153884582,16908109910670,btc_qm_engine,btc_sha256_elapsed_ns,2074.0000000000
153884583,16908109911115,btc_qm_engine,btc_lebesgue_scan_nonce,6.0000000000
153884584,16908109911390,btc_qm_engine,btc_sha256_nonce,3238252012.0000000000
153884585,16908109911528,btc_qm_engine,btc_leading_zeros,0.0000000000
153884586,16908109911664,btc_qm_engine,btc_sha256_elapsed_ns,2067.0000000000
153884587,16908109912033,btc_qm_engine,btc_orbital_scan_nonce,189577697.0000000000
153884588,16908109912287,btc_qm_engine,btc_sha256_nonce,2101281908.0000000000
153884589,16908109912759,btc_qm_engine,btc_sha256_nonce,609203668.0000000000
153884590,16908109912914,btc_qm_engine,btc_leading_zeros,0.0000000000
153884591,16908109914045,btc_qm_engine,btc_sha256_nonce,189567255.0000000000
153884592,16908109914284,btc_qm_engine,btc_sha256_elapsed_ns,1992.0000000000
153884593,16908109914428,btc_qm_engine,btc_sha256_nonce,189557241.0000000000
153884594,16908109914578,btc_qm_engine,btc_leading_zeros,0.0000000000
153884595,16908109914705,btc_qm_engine,btc_sha256_elapsed_ns,1910.0000000000
153884596,16908109915023,btc_qm_engine,btc_lebesgue_scan_nonce,26.0000000000
153884597,16908109915300,btc_qm_engine,btc_sha256_nonce,189577697.0000000000
153884598,16908109915451,btc_qm_engine,btc_leading_zeros,0.0000000000
153884599,16908109915569,btc_qm_engine,btc_sha256_elapsed_ns,1974.0000000000
153884600,16908109915919,btc_qm_engine,btc_orbital_scan_nonce,189620326.0000000000
153884601,16908109917103,btc_qm_engine,btc_sha256_nonce,1006140311.0000000000
153884602,16908109917254,btc_qm_engine,btc_leading_zeros,0.0000000000
153884603,16908109917594,btc_qm_engine,btc_leading_zeros,1.0000000000
153884604,16908109918163,btc_qm_engine,btc_sha256_nonce,189620326.0000000000
153884605,16908109918427,btc_qm_engine,btc_leading_zeros,1.0000000000
153884606,16908109918836,btc_qm_engine,btc_sha256_elapsed_ns,2169.0000000000
153884607,16908109919923,btc_qm_engine,btc_sha256_elapsed_ns,2150.0000000000
153884608,16908109920465,btc_qm_engine,btc_sha256_nonce,189561192.0000000000
153884609,16908109921096,btc_qm_engine,btc_leading_zeros,4.0000000000
153884610,16908109921190,btc_qm_engine,btc_sha256_elapsed_ns,2097.0000000000
153884611,16908109921483,btc_qm_engine,btc_orbital_scan_nonce,189575027.0000000000
153884612,16908109922201,btc_qm_engine,btc_leading_zeros,1.0000000000
153884613,16908109922864,btc_qm_engine,btc_sha256_elapsed_ns,2207.0000000000
153884614,16908109923176,btc_qm_engine,btc_sha256_nonce,3787943913.0000000000
153884615,16908109923409,btc_qm_engine,btc_lebesgue_scan_nonce,24.0000000000
153884616,16908109923975,btc_qm_engine,btc_leading_zeros,0.0000000000
153884617,16908109924109,btc_qm_engine,btc_sha256_elapsed_ns,1450.0000000000
153884618,16908109924567,btc_qm_engine,btc_sha256_nonce,189575027.0000000000
153884619,16908109924705,btc_qm_engine,btc_leading_zeros,3.0000000000
153884620,16908109924845,btc_qm_engine,btc_sha256_elapsed_ns,2073.0000000000
153884621,16908109925149,btc_qm_engine,btc_orbital_scan_nonce,189569445.0000000000
153884622,16908109925769,btc_qm_engine,btc_sha256_nonce,189573276.0000000000
153884623,16908109925916,btc_qm_engine,btc_leading_zeros,0.0000000000
153884624,16908109926068,btc_qm_engine,btc_sha256_elapsed_ns,2091.0000000000
153884625,16908109926746,btc_qm_engine,btc_sha256_nonce,2599139968.0000000000
153884626,16908109926899,btc_qm_engine,btc_leading_zeros,0.0000000000
153884627,16908109927029,btc_qm_engine,btc_sha256_elapsed_ns,2131.0000000000
153884628,16908109927182,btc_qm_engine,btc_sha256_nonce,2094473530.0000000000
153884629,16908109927608,btc_qm_engine,btc_sha256_nonce,189569445.0000000000
153884630,16908109927762,btc_qm_engine,btc_leading_zeros,0.0000000000
153884631,16908109928076,btc_qm_engine,btc_leading_zeros,0.0000000000
153884632,16908109928686,btc_qm_engine,btc_sha256_nonce,3586776004.0000000000
153884633,16908109929555,btc_qm_engine,btc_sha256_elapsed_ns,2125.0000000000
153884634,16908109929821,btc_qm_engine,btc_leading_zeros,0.0000000000
153884635,16908109930655,btc_qm_engine,btc_sha256_elapsed_ns,1960.0000000000
153884636,16908109931273,btc_qm_engine,btc_sha256_nonce,2347905589.0000000000
153884637,16908109931643,btc_qm_engine,btc_sha256_elapsed_ns,2072.0000000000
153884638,16908109931948,btc_qm_engine,btc_orbital_scan_nonce,189598060.0000000000
153884639,16908109932188,btc_qm_engine,btc_leading_zeros,0.0000000000
153884640,16908109932343,btc_qm_engine,btc_sha256_elapsed_ns,2007.0000000000
153884641,16908109934344,btc_qm_engine,btc_sha256_nonce,2432635329.0000000000
153884642,16908109934899,btc_qm_engine,btc_sha256_nonce,2398435993.0000000000
153884643,16908109935233,btc_qm_engine,btc_sha256_nonce,189598060.0000000000
153884644,16908109935778,btc_qm_engine,btc_leading_zeros,0.0000000000
153884645,16908109936123,btc_qm_engine,btc_leading_zeros,1.0000000000
153884646,16908109936685,btc_qm_engine,btc_sha256_nonce,43357432.0000000000
153884647,16908109937792,btc_qm_engine,btc_leading_zeros,1.0000000000
153884648,16908109937938,btc_qm_engine,btc_sha256_elapsed_ns,2019.0000000000
153884649,16908109938104,btc_qm_engine,btc_sha256_elapsed_ns,2025.0000000000
153884650,16908109938400,btc_qm_engine,btc_lebesgue_scan_nonce,15.0000000000
153884651,16908109939052,btc_qm_engine,btc_orbital_scan_nonce,189589105.0000000000
153884652,16908109939400,btc_qm_engine,btc_sha256_elapsed_ns,2128.0000000000
153884653,16908109940332,btc_qm_engine,btc_lebesgue_scan_nonce,2.0000000000
153884654,16908109940619,btc_qm_engine,btc_sha256_nonce,189515071.0000000000
153884655,16908109940818,btc_qm_engine,btc_leading_zeros,1.0000000000
153884656,16908109940933,btc_qm_engine,btc_sha256_elapsed_ns,1480.0000000000
153884657,16908109941069,btc_qm_engine,btc_sha256_elapsed_ns,1809.0000000000
153884658,16908109941529,btc_qm_engine,btc_lebesgue_scan_nonce,9.0000000000
153884659,16908109942458,btc_qm_engine,btc_sha256_nonce,189589105.0000000000
153884660,16908109943193,btc_qm_engine,btc_sha256_nonce,189725290.0000000000
153884661,16908109943520,btc_qm_engine,btc_sha256_nonce,1814633626.0000000000
153884662,16908109943670,btc_qm_engine,btc_leading_zeros,0.0000000000
153884663,16908109943914,btc_qm_engine,btc_leading_zeros,0.0000000000
153884664,16908109944498,btc_qm_engine,btc_sha256_nonce,189443522.0000000000
153884665,16908109944674,btc_qm_engine,btc_leading_zeros,0.0000000000
153884666,16908109944884,btc_qm_engine,btc_leading_zeros,0.0000000000
153884667,16908109945187,btc_qm_engine,btc_sha256_elapsed_ns,2012.0000000000
153884668,16908109945387,btc_qm_engine,btc_sha256_elapsed_ns,2152.0000000000
153884669,16908109945599,btc_qm_engine,btc_lebesgue_scan_nonce,19.0000000000
153884670,16908109946073,btc_qm_engine,btc_leading_zeros,4.0000000000
153884671,16908109946776,btc_qm_engine,btc_sha256_elapsed_ns,1982.0000000000
153884672,16908109947402,btc_qm_engine,btc_sha256_nonce,189545962.0000000000
153884673,16908109947532,btc_qm_engine,btc_leading_zeros,0.0000000000
153884674,16908109947629,btc_qm_engine,btc_sha256_elapsed_ns,1472.0000000000
153884675,16908109947914,btc_qm_engine,btc_orbital_scan_nonce,189608274.0000000000
153884676,16908109948777,btc_qm_engine,btc_sha256_nonce,2963375795.0000000000
153884677,16908109948915,btc_qm_engine,btc_leading_zeros,0.0000000000
153884678,16908109949057,btc_qm_engine,btc_sha256_elapsed_ns,2127.0000000000
153884679,16908109949460,btc_qm_engine,btc_sha256_nonce,260950008.0000000000
153884680,16908109949603,btc_qm_engine,btc_leading_zeros,0.0000000000
153884681,16908109949707,btc_qm_engine,btc_sha256_elapsed_ns,2088.0000000000
153884682,16908109950079,btc_qm_engine,btc_sha256_elapsed_ns,2114.0000000000
153884683,16908109950715,btc_qm_engine,btc_sha256_nonce,189608274.0000000000
153884684,16908109951004,btc_qm_engine,btc_orbital_scan_nonce,189608758.0000000000
153884685,16908109951368,btc_qm_engine,btc_leading_zeros,3.0000000000
153884686,16908109951507,btc_qm_engine,btc_sha256_elapsed_ns,1654.0000000000
153884687,16908109951815,btc_qm_engine,btc_sha256_nonce,1010139372.0000000000
153884688,16908109952369,btc_qm_engine,btc_sha256_nonce,798894184.0000000000
153884689,16908109952569,btc_qm_engine,btc_leading_zeros,0.0000000000
153884690,16908109953305,btc_qm_engine,btc_sha256_elapsed_ns,1991.0000000000
153884691,16908109953659,btc_qm_engine,btc_leading_zeros,0.0000000000
153884692,16908109954092,btc_qm_engine,btc_sha256_nonce,3000316379.0000000000
153884693,16908109954244,btc_qm_engine,btc_leading_zeros,0.0000000000
153884694,16908109954381,btc_qm_engine,btc_sha256_elapsed_ns,2023.0000000000
153884695,16908109954633,btc_qm_engine,btc_sha256_elapsed_ns,2047.0000000000
153884696,16908109955034,btc_qm_engine,btc_orbital_scan_nonce,189584360.0000000000
153884697,16908109955207,btc_qm_engine,btc_sha256_nonce,189608758.0000000000
153884698,16908109955853,btc_qm_engine,btc_sha256_elapsed_ns,2086.0000000000
153884699,16908109956242,btc_qm_engine,btc_leading_zeros,0.0000000000
153884700,16908109957074,btc_qm_engine,btc_sha256_nonce,188157892.0000000000
153884701,16908109957324,btc_qm_engine,btc_sha256_elapsed_ns,2126.0000000000
153884702,16908109957635,btc_qm_engine,btc_sha256_nonce,189584360.0000000000
153884703,16908109957843,btc_qm_engine,btc_leading_zeros,2.0000000000
153884704,16908109959194,btc_qm_engine,btc_sha256_nonce,427801698.0000000000
153884705,16908109960051,btc_qm_engine,btc_leading_zeros,0.0000000000
153884706,16908109960142,btc_qm_engine,btc_sha256_elapsed_ns,1960.0000000000
153884707,16908109960437,btc_qm_engine,btc_orbital_scan_nonce,189627510.0000000000
153884708,16908109962428,btc_qm_engine,btc_sha256_nonce,189627510.0000000000
153884709,16908109962586,btc_qm_engine,btc_leading_zeros,0.0000000000
153884710,16908109962727,btc_qm_engine,btc_sha256_elapsed_ns,1800.0000000000
153884711,16908109963748,btc_qm_engine,btc_sha256_elapsed_ns,1815.0000000000
153884712,16908109964198,btc_qm_engine,btc_orbital_scan_nonce,189593626.0000000000
153884713,16908109964565,btc_qm_engine,btc_sha256_nonce,4244729741.0000000000
153884714,16908109965215,btc_qm_engine,btc_sha256_nonce,2062279417.0000000000
153884715,16908109965856,btc_qm_engine,btc_leading_zeros,0.0000000000
153884716,16908109966507,btc_qm_engine,btc_orbital_scan_nonce,189600618.0000000000
153884717,16908109966826,btc_qm_engine,btc_sha256_nonce,189593626.0000000000
153884718,16908109967523,btc_qm_engine,btc_sha256_elapsed_ns,2083.0000000000
153884719,16908109967899,btc_qm_engine,btc_leading_zeros,3.0000000000
153884720,16908109968044,btc_qm_engine,btc_sha256_elapsed_ns,2140.0000000000
153884721,16908109968188,btc_qm_engine,btc_leading_zeros,0.0000000000
153884722,16908109968826,btc_qm_engine,btc_sha256_elapsed_ns,2207.0000000000
153884723,16908109969996,btc_qm_engine,btc_leading_zeros,1.0000000000
153884724,16908109970818,btc_qm_engine,btc_sha256_nonce,2867851762.0000000000
153884725,16908109971780,btc_qm_engine,btc_sha256_nonce,1816426282.0000000000
153884726,16908109972048,btc_qm_engine,btc_sha256_elapsed_ns,2057.0000000000
153884727,16908109972485,btc_qm_engine,btc_sha256_nonce,3573940430.0000000000
153884728,16908109973228,btc_qm_engine,btc_leading_zeros,2.0000000000
153884729,16908109973356,btc_qm_engine,btc_sha256_elapsed_ns,1950.0000000000
153884730,16908109974078,btc_qm_engine,btc_orbital_scan_nonce,189594780.0000000000
153884731,16908109974232,btc_qm_engine,btc_leading_zeros,1.0000000000
153884732,16908109974912,btc_qm_engine,btc_sha256_elapsed_ns,2160.0000000000
153884733,16908109975264,btc_qm_engine,btc_orbital_scan_nonce,189589755.0000000000
153884734,16908109975608,btc_qm_engine,btc_sha256_nonce,1261575738.0000000000
153884735,16908109975755,btc_qm_engine,btc_leading_zeros,0.0000000000
153884736,16908109976002,btc_qm_engine,btc_sha256_nonce,189594780.0000000000
153884737,16908109976301,btc_qm_engine,btc_sha256_elapsed_ns,1869.0000000000
153884738,16908109977305,btc_qm_engine,btc_leading_zeros,1.0000000000
153884739,16908109977658,btc_qm_engine,btc_sha256_nonce,189589755.0000000000
153884740,16908109977795,btc_qm_engine,btc_leading_zeros,1.0000000000
153884741,16908109977942,btc_qm_engine,btc_sha256_elapsed_ns,2106.0000000000
153884742,16908109978295,btc_qm_engine,btc_orbital_scan_nonce,189570626.0000000000
153884743,16908109979718,btc_qm_engine,btc_sha256_nonce,1552974959.0000000000
153884744,16908109979865,btc_qm_engine,btc_leading_zeros,1.0000000000
153884745,16908109980015,btc_qm_engine,btc_sha256_elapsed_ns,1980.0000000000
153884746,16908109980440,btc_qm_engine,btc_orbital_scan_nonce,189544104.0000000000
153884747,16908109980748,btc_qm_engine,btc_sha256_elapsed_ns,1513.0000000000
153884748,16908109981504,btc_qm_engine,btc_sha256_nonce,189600618.0000000000
153884749,16908109981770,btc_qm_engine,btc_sha256_nonce,189570626.0000000000
153884750,16908109982257,btc_qm_engine,btc_lebesgue_scan_nonce,2.0000000000
153884751,16908109982640,btc_qm_engine,btc_sha256_nonce,189544104.0000000000
153884752,16908109982784,btc_qm_engine,btc_leading_zeros,0.0000000000
153884753,16908109982952,btc_qm_engine,btc_sha256_elapsed_ns,1820.0000000000
153884754,16908109983221,btc_qm_engine,btc_leading_zeros,0.0000000000
153884755,16908109983363,btc_qm_engine,btc_leading_zeros,0.0000000000
153884756,16908109983926,btc_qm_engine,btc_sha256_elapsed_ns,2123.0000000000
153884757,16908109984702,btc_qm_engine,btc_sha256_elapsed_ns,2181.0000000000
153884758,16908109985318,btc_qm_engine,btc_sha256_nonce,2805390393.0000000000
153884759,16908109985480,btc_qm_engine,btc_leading_zeros,0.0000000000
153884760,16908109985803,btc_qm_engine,btc_sha256_elapsed_ns,1908.0000000000
153884761,16908109986103,btc_qm_engine,btc_lebesgue_scan_nonce,10.0000000000
153884762,16908109986635,btc_qm_engine,btc_leading_zeros,2.0000000000
153884763,16908109986818,btc_qm_engine,btc_sha256_nonce,189569570.0000000000
153884764,16908109987018,btc_qm_engine,btc_sha256_nonce,3276236649.0000000000
153884765,16908109987185,btc_qm_engine,btc_leading_zeros,4.0000000000
153884766,16908109987390,btc_qm_engine,btc_sha256_elapsed_ns,2000.0000000000
153884767,16908109988326,btc_qm_engine,btc_sha256_nonce,189639570.0000000000
153884768,16908109988419,btc_qm_engine,btc_leading_zeros,0.0000000000
153884769,16908109988643,btc_qm_engine,btc_sha256_elapsed_ns,2064.0000000000
153884770,16908109989150,btc_qm_engine,btc_sha256_nonce,3608337086.0000000000
153884771,16908109990443,btc_qm_engine,btc_leading_zeros,1.0000000000
153884772,16908109990749,btc_qm_engine,btc_leading_zeros,0.0000000000
153884773,16908109991289,btc_qm_engine,btc_sha256_elapsed_ns,2047.0000000000
153884774,16908109991550,btc_qm_engine,btc_sha256_nonce,1274182830.0000000000
153884775,16908109991958,btc_qm_engine,btc_sha256_elapsed_ns,1929.0000000000
153884776,16908109992143,btc_qm_engine,btc_sha256_nonce,3752557568.0000000000
153884777,16908109993175,btc_qm_engine,btc_leading_zeros,1.0000000000
153884778,16908109993299,btc_qm_engine,btc_sha256_elapsed_ns,1728.0000000000
153884779,16908109993495,btc_qm_engine,btc_sha256_nonce,2349075718.0000000000
153884780,16908109993628,btc_qm_engine,btc_leading_zeros,1.0000000000
153884781,16908109994028,btc_qm_engine,btc_sha256_elapsed_ns,1669.0000000000
153884782,16908109994535,btc_qm_engine,btc_sha256_nonce,1821525354.0000000000
153884783,16908109994813,btc_qm_engine,btc_orbital_scan_nonce,189559527.0000000000
153884784,16908109995979,btc_qm_engine,btc_lebesgue_scan_nonce,9.0000000000
153884785,16908109996835,btc_qm_engine,btc_leading_zeros,0.0000000000
153884786,16908109996982,btc_qm_engine,btc_sha256_elapsed_ns,1854.0000000000
153884787,16908109997390,btc_qm_engine,btc_sha256_nonce,189559527.0000000000
153884788,16908109997525,btc_qm_engine,btc_leading_zeros,1.0000000000
153884789,16908109997663,btc_qm_engine,btc_sha256_elapsed_ns,1802.0000000000
153884790,16908109999594,btc_qm_engine,btc_sha256_nonce,1004972549.0000000000
153884791,16908109999755,btc_qm_engine,btc_leading_zeros,2.0000000000
153884792,16908109999902,btc_qm_engine,btc_sha256_elapsed_ns,2156.0000000000
153884793,16908110009070,btc_qm_engine,btc_sha256_nonce,142855401.0000000000
153884794,16908110009213,btc_qm_engine,btc_leading_zeros,0.0000000000
153884795,16908110009354,btc_qm_engine,btc_sha256_elapsed_ns,11007.0000000000
153884796,16908110009673,btc_qm_engine,btc_orbital_scan_nonce,189587226.0000000000
153884797,16908110010243,btc_qm_engine,btc_sha256_elapsed_ns,2000.0000000000
153884798,16908110011360,btc_qm_engine,btc_sha256_nonce,415576843.0000000000
153884799,16908110011516,btc_qm_engine,btc_leading_zeros,0.0000000000
153884800,16908110011659,btc_qm_engine,btc_sha256_elapsed_ns,2167.0000000000
153884801,16908110011988,btc_qm_engine,btc_sha256_nonce,189587226.0000000000
153884802,16908110013087,btc_qm_engine,btc_sha256_nonce,189667384.0000000000
153884803,16908110013558,btc_qm_engine,btc_sha256_nonce,311655300.0000000000
153884804,16908110013915,btc_qm_engine,btc_leading_zeros,2.0000000000
153884805,16908110014220,btc_qm_engine,btc_sha256_nonce,3172554458.0000000000
153884806,16908110014730,btc_qm_engine,btc_leading_zeros,0.0000000000
153884807,16908110015545,btc_qm_engine,btc_sha256_elapsed_ns,2102.0000000000
153884808,16908110015713,btc_qm_engine,btc_leading_zeros,0.0000000000
153884809,16908110016420,btc_qm_engine,btc_sha256_elapsed_ns,2024.0000000000
153884810,16908110017343,btc_qm_engine,btc_sha256_nonce,3486665972.0000000000
153884811,16908110017480,btc_qm_engine,btc_leading_zeros,0.0000000000
153884812,16908110017582,btc_qm_engine,btc_sha256_elapsed_ns,1434.0000000000
153884813,16908110017803,btc_qm_engine,btc_orbital_scan_nonce,189612006.0000000000
153884814,16908110018920,btc_qm_engine,btc_sha256_nonce,4083858635.0000000000
153884815,16908110019061,btc_qm_engine,btc_leading_zeros,0.0000000000
153884816,16908110019186,btc_qm_engine,btc_sha256_elapsed_ns,2026.0000000000
153884817,16908110019515,btc_qm_engine,btc_orbital_scan_nonce,189591813.0000000000
153884818,16908110019813,btc_qm_engine,btc_sha256_nonce,189612006.0000000000
153884819,16908110020482,btc_qm_engine,btc_leading_zeros,1.0000000000
153884820,16908110021142,btc_qm_engine,btc_leading_zeros,3.0000000000
153884821,16908110021289,btc_qm_engine,btc_sha256_elapsed_ns,1611.0000000000
153884822,16908110021605,btc_qm_engine,btc_orbital_scan_nonce,189555280.0000000000
153884823,16908110021801,btc_qm_engine,btc_sha256_elapsed_ns,1905.0000000000
153884824,16908110022116,btc_qm_engine,btc_sha256_nonce,189591813.0000000000
153884825,16908110022829,btc_qm_engine,btc_leading_zeros,0.0000000000
153884826,16908110022957,btc_qm_engine,btc_sha256_elapsed_ns,2007.0000000000
153884827,16908110023269,btc_qm_engine,btc_orbital_scan_nonce,189566381.0000000000
153884828,16908110024016,btc_qm_engine,btc_sha256_nonce,189555280.0000000000
153884829,16908110024154,btc_qm_engine,btc_leading_zeros,0.0000000000
153884830,16908110024300,btc_qm_engine,btc_sha256_elapsed_ns,2118.0000000000
153884831,16908110025060,btc_qm_engine,btc_sha256_nonce,2728642578.0000000000
153884832,16908110025727,btc_qm_engine,btc_sha256_nonce,189566381.0000000000
153884833,16908110026005,btc_qm_engine,btc_leading_zeros,1.0000000000
153884834,16908110026493,btc_qm_engine,btc_sha256_elapsed_ns,2121.0000000000
153884835,16908110026965,btc_qm_engine,btc_leading_zeros,0.0000000000
153884836,16908110027202,btc_qm_engine,btc_sha256_elapsed_ns,2127.0000000000
153884837,16908110027615,btc_qm_engine,btc_sha256_elapsed_ns,2164.0000000000
153884838,16908110028032,btc_qm_engine,btc_orbital_scan_nonce,189622168.0000000000
153884839,16908110028277,btc_qm_engine,btc_sha256_nonce,2265544503.0000000000
153884840,16908110028512,btc_qm_engine,btc_leading_zeros,0.0000000000
153884841,16908110029025,btc_qm_engine,btc_leading_zeros,0.0000000000
153884842,16908110029172,btc_qm_engine,btc_sha256_elapsed_ns,1957.0000000000
153884843,16908110029447,btc_qm_engine,btc_sha256_elapsed_ns,1994.0000000000
153884844,16908110029639,btc_qm_engine,btc_orbital_scan_nonce,189604898.0000000000
153884845,16908110029942,btc_qm_engine,btc_sha256_nonce,502110204.0000000000
153884846,16908110030283,btc_qm_engine,btc_sha256_nonce,2022481886.0000000000
153884847,16908110030979,btc_qm_engine,btc_orbital_scan_nonce,189638913.0000000000
153884848,16908110031371,btc_qm_engine,btc_leading_zeros,0.0000000000
153884849,16908110031978,btc_qm_engine,btc_sha256_nonce,189604898.0000000000
153884850,16908110032118,btc_qm_engine,btc_leading_zeros,0.0000000000
153884851,16908110032910,btc_qm_engine,btc_sha256_elapsed_ns,2153.0000000000
153884852,16908110033154,btc_qm_engine,btc_leading_zeros,0.0000000000
153884853,16908110033409,btc_qm_engine,btc_sha256_elapsed_ns,1977.0000000000
153884854,16908110034034,btc_qm_engine,btc_sha256_elapsed_ns,2079.0000000000
153884855,16908110034447,btc_qm_engine,btc_orbital_scan_nonce,189554809.0000000000
153884856,16908110035402,btc_qm_engine,btc_sha256_nonce,1352627060.0000000000
153884857,16908110035561,btc_qm_engine,btc_leading_zeros,3.0000000000
153884858,16908110035712,btc_qm_engine,btc_sha256_elapsed_ns,2028.0000000000
153884859,16908110036000,btc_qm_engine,btc_sha256_nonce,3516027518.0000000000
153884860,16908110036870,btc_qm_engine,btc_sha256_nonce,189554809.0000000000
153884861,16908110037213,btc_qm_engine,btc_leading_zeros,0.0000000000
153884862,16908110037670,btc_qm_engine,btc_lebesgue_scan_nonce,3.0000000000
153884863,16908110038039,btc_qm_engine,btc_sha256_nonce,189638913.0000000000
153884864,16908110039102,btc_qm_engine,btc_sha256_elapsed_ns,2049.0000000000
153884865,16908110039525,btc_qm_engine,btc_leading_zeros,1.0000000000
153884866,16908110040092,btc_qm_engine,btc_sha256_elapsed_ns,2062.0000000000
153884867,16908110040307,btc_qm_engine,btc_lebesgue_scan_nonce,15.0000000000
153884868,16908110041422,btc_qm_engine,btc_sha256_nonce,189622168.0000000000
153884869,16908110042124,btc_qm_engine,btc_leading_zeros,1.0000000000
153884870,16908110042264,btc_qm_engine,btc_sha256_elapsed_ns,1973.0000000000
153884871,16908110042464,btc_qm_engine,btc_sha256_nonce,131722856.0000000000
153884872,16908110042730,btc_qm_engine,btc_sha256_nonce,189565165.0000000000
153884873,16908110043718,btc_qm_engine,btc_leading_zeros,2.0000000000
153884874,16908110044009,btc_qm_engine,btc_leading_zeros,0.0000000000
153884875,16908110044424,btc_qm_engine,btc_sha256_elapsed_ns,2045.0000000000
153884876,16908110044665,btc_qm_engine,btc_sha256_elapsed_ns,1796.0000000000
153884877,16908110045057,btc_qm_engine,btc_sha256_nonce,1268629617.0000000000
153884878,16908110045330,btc_qm_engine,btc_sha256_nonce,189379975.0000000000
153884879,16908110045808,btc_qm_engine,btc_leading_zeros,0.0000000000
153884880,16908110045951,btc_qm_engine,btc_sha256_elapsed_ns,1867.0000000000
153884881,16908110046873,btc_qm_engine,btc_leading_zeros,0.0000000000
153884882,16908110047190,btc_qm_engine,btc_sha256_nonce,2788670267.0000000000
153884883,16908110047352,btc_qm_engine,btc_leading_zeros,0.0000000000
153884884,16908110047487,btc_qm_engine,btc_sha256_elapsed_ns,1965.0000000000
153884885,16908110047857,btc_qm_engine,btc_leading_zeros,1.0000000000
153884886,16908110048495,btc_qm_engine,btc_sha256_elapsed_ns,2127.0000000000
153884887,16908110049006,btc_qm_engine,btc_sha256_elapsed_ns,2204.0000000000
153884888,16908110049845,btc_qm_engine,btc_sha256_nonce,229058174.0000000000
153884889,16908110050215,btc_qm_engine,btc_sha256_nonce,1319020856.0000000000
153884890,16908110050857,btc_qm_engine,btc_leading_zeros,4.0000000000
153884891,16908110051195,btc_qm_engine,btc_sha256_nonce,2901144534.0000000000
153884892,16908110051338,btc_qm_engine,btc_leading_zeros,1.0000000000
153884893,16908110051493,btc_qm_engine,btc_sha256_elapsed_ns,1953.0000000000
153884894,16908110051809,btc_qm_engine,btc_sha256_nonce,2434922860.0000000000
153884895,16908110052907,btc_qm_engine,btc_leading_zeros,1.0000000000
153884896,16908110053197,btc_qm_engine,btc_leading_zeros,1.0000000000
153884897,16908110053650,btc_qm_engine,btc_sha256_elapsed_ns,1954.0000000000
153884898,16908110053912,btc_qm_engine,btc_sha256_elapsed_ns,2125.0000000000
153884899,16908110055283,btc_qm_engine,btc_orbital_scan_nonce,189612660.0000000000
153884900,16908110055743,btc_qm_engine,btc_sha256_elapsed_ns,1877.0000000000
153884901,16908110056337,btc_qm_engine,btc_orbital_scan_nonce,189584463.0000000000
153884902,16908110056545,btc_qm_engine,btc_orbital_scan_nonce,189606938.0000000000
153884903,16908110057462,btc_qm_engine,btc_orbital_scan_nonce,189550736.0000000000
153884904,16908110058420,btc_qm_engine,btc_sha256_nonce,189612660.0000000000
153884905,16908110058576,btc_qm_engine,btc_leading_zeros,1.0000000000
153884906,16908110058704,btc_qm_engine,btc_sha256_elapsed_ns,2195.0000000000
153884907,16908110058924,btc_qm_engine,btc_sha256_nonce,189584463.0000000000
153884908,16908110059061,btc_qm_engine,btc_leading_zeros,0.0000000000
153884909,16908110059516,btc_qm_engine,btc_sha256_nonce,189606938.0000000000
153884910,16908110059659,btc_qm_engine,btc_leading_zeros,0.0000000000
153884911,16908110059877,btc_qm_engine,btc_sha256_elapsed_ns,2174.0000000000
153884912,16908110060210,btc_qm_engine,btc_lebesgue_scan_nonce,11.0000000000
153884913,16908110060829,btc_qm_engine,btc_sha256_elapsed_ns,1832.0000000000
153884914,16908110061915,btc_qm_engine,btc_orbital_scan_nonce,189598136.0000000000
153884915,16908110063208,btc_qm_engine,btc_sha256_nonce,189528198.0000000000
153884916,16908110064387,btc_qm_engine,btc_leading_zeros,0.0000000000
153884917,16908110064727,btc_qm_engine,btc_sha256_nonce,189598136.0000000000
153884918,16908110064868,btc_qm_engine,btc_leading_zeros,1.0000000000
153884919,16908110065078,btc_qm_engine,btc_sha256_elapsed_ns,1981.0000000000
153884920,16908110065247,btc_qm_engine,btc_sha256_nonce,165788819.0000000000
153884921,16908110065667,btc_qm_engine,btc_lebesgue_scan_nonce,13.0000000000
153884922,16908110066100,btc_qm_engine,btc_sha256_elapsed_ns,1968.0000000000
153884923,16908110067073,btc_qm_engine,btc_leading_zeros,2.0000000000
153884924,16908110067728,btc_qm_engine,btc_sha256_elapsed_ns,2097.0000000000
153884925,16908110067981,btc_qm_engine,btc_sha256_nonce,189631486.0000000000
153884926,16908110068215,btc_qm_engine,btc_sha256_nonce,1430842400.0000000000
153884927,16908110069059,btc_qm_engine,btc_leading_zeros,1.0000000000
153884928,16908110069318,btc_qm_engine,btc_sha256_nonce,1765414153.0000000000
153884929,16908110070135,btc_qm_engine,btc_leading_zeros,1.0000000000
153884930,16908110070541,btc_qm_engine,btc_sha256_elapsed_ns,1983.0000000000
153884931,16908110071037,btc_qm_engine,btc_sha256_elapsed_ns,2012.0000000000
153884932,16908110071387,btc_qm_engine,btc_leading_zeros,0.0000000000
153884933,16908110071657,btc_qm_engine,btc_sha256_nonce,189550736.0000000000
153884934,16908110072880,btc_qm_engine,btc_leading_zeros,1.0000000000
153884935,16908110073017,btc_qm_engine,btc_sha256_elapsed_ns,2069.0000000000
153884936,16908110073471,btc_qm_engine,btc_sha256_nonce,1580519194.0000000000
153884937,16908110073888,btc_qm_engine,btc_sha256_nonce,1452429587.0000000000
153884938,16908110074989,btc_qm_engine,btc_lebesgue_scan_nonce,12.0000000000
153884939,16908110075337,btc_qm_engine,btc_leading_zeros,1.0000000000
153884940,16908110075461,btc_qm_engine,btc_sha256_elapsed_ns,1513.0000000000
153884941,16908110076073,btc_qm_engine,btc_leading_zeros,4.0000000000
153884942,16908110076387,btc_qm_engine,btc_sha256_elapsed_ns,2062.0000000000
153884943,16908110076788,btc_qm_engine,btc_sha256_elapsed_ns,1892.0000000000
153884944,16908110078000,btc_qm_engine,btc_sha256_nonce,3603954579.0000000000
153884945,16908110078151,btc_qm_engine,btc_leading_zeros,4.0000000000
153884946,16908110078292,btc_qm_engine,btc_sha256_elapsed_ns,2081.0000000000
153884947,16908110078873,btc_qm_engine,btc_sha256_nonce,2145562533.0000000000
153884948,16908110079057,btc_qm_engine,btc_leading_zeros,0.0000000000
153884949,16908110079356,btc_qm_engine,btc_sha256_nonce,189617454.0000000000
153884950,16908110079936,btc_qm_engine,btc_sha256_elapsed_ns,2044.0000000000
153884951,16908110080289,btc_qm_engine,btc_leading_zeros,2.0000000000
153884952,16908110080430,btc_qm_engine,btc_sha256_elapsed_ns,2007.0000000000
153884953,16908110080787,btc_qm_engine,btc_sha256_nonce,598475076.0000000000
153884954,16908110081534,btc_qm_engine,btc_sha256_nonce,2600272997.0000000000
153884955,16908110082429,btc_qm_engine,btc_leading_zeros,0.0000000000
153884956,16908110082741,btc_qm_engine,btc_leading_zeros,0.0000000000
153884957,16908110083099,btc_qm_engine,btc_sha256_nonce,11515517.0000000000
153884958,16908110083356,btc_qm_engine,btc_sha256_elapsed_ns,1748.0000000000
153884959,16908110083965,btc_qm_engine,btc_sha256_nonce,1132323197.0000000000
153884960,16908110084347,btc_qm_engine,btc_leading_zeros,0.0000000000
153884961,16908110084477,btc_qm_engine,btc_sha256_elapsed_ns,2091.0000000000
153884962,16908110084924,btc_qm_engine,btc_sha256_elapsed_ns,2065.0000000000
153884963,16908110085528,btc_qm_engine,btc_leading_zeros,0.0000000000
153884964,16908110085645,btc_qm_engine,btc_sha256_elapsed_ns,1886.0000000000
153884965,16908110085922,btc_qm_engine,btc_sha256_nonce,1721763804.0000000000
153884966,16908110086818,btc_qm_engine,btc_leading_zeros,0.0000000000
153884967,16908110086964,btc_qm_engine,btc_sha256_elapsed_ns,2162.0000000000
153884968,16908110087369,btc_qm_engine,btc_lebesgue_scan_nonce,22.0000000000
153884969,16908110087647,btc_qm_engine,btc_sha256_nonce,1308739286.0000000000
153884970,16908110088313,btc_qm_engine,btc_sha256_nonce,4028225647.0000000000
153884971,16908110088780,btc_qm_engine,btc_leading_zeros,1.0000000000
153884972,16908110089243,btc_qm_engine,btc_leading_zeros,1.0000000000
153884973,16908110089809,btc_qm_engine,btc_sha256_nonce,189616477.0000000000
153884974,16908110091275,btc_qm_engine,btc_sha256_nonce,4160328419.0000000000
153884975,16908110091525,btc_qm_engine,btc_leading_zeros,1.0000000000
153884976,16908110091703,btc_qm_engine,btc_sha256_elapsed_ns,2012.0000000000
153884977,16908110092026,btc_qm_engine,btc_leading_zeros,0.0000000000
153884978,16908110092150,btc_qm_engine,btc_sha256_elapsed_ns,2107.0000000000
153884979,16908110092558,btc_qm_engine,btc_sha256_elapsed_ns,2062.0000000000
153884980,16908110092792,btc_qm_engine,btc_lebesgue_scan_nonce,23.0000000000
153884981,16908110094246,btc_qm_engine,btc_sha256_nonce,14971108.0000000000
153884982,16908110094393,btc_qm_engine,btc_leading_zeros,0.0000000000
153884983,16908110095004,btc_qm_engine,btc_sha256_elapsed_ns,1603.0000000000
153884984,16908110095394,btc_qm_engine,btc_sha256_nonce,189605166.0000000000
153884985,16908110095650,btc_qm_engine,btc_sha256_nonce,798293549.0000000000
153884986,16908110095795,btc_qm_engine,btc_leading_zeros,0.0000000000
153884987,16908110096272,btc_qm_engine,btc_orbital_scan_nonce,189606723.0000000000
153884988,16908110097885,btc_qm_engine,btc_leading_zeros,0.0000000000
153884989,16908110098535,btc_qm_engine,btc_sha256_elapsed_ns,2054.0000000000
153884990,16908110099877,btc_qm_engine,btc_sha256_nonce,189606723.0000000000
153884991,16908110100734,btc_qm_engine,btc_sha256_elapsed_ns,1989.0000000000
153884992,16908110101135,btc_qm_engine,btc_sha256_nonce,3239470876.0000000000
153884993,16908110101276,btc_qm_engine,btc_leading_zeros,3.0000000000
153884994,16908110101370,btc_qm_engine,btc_sha256_elapsed_ns,2036.0000000000
153884995,16908110101596,btc_qm_engine,btc_sha256_nonce,1547255741.0000000000
153884996,16908110101828,btc_qm_engine,btc_leading_zeros,2.0000000000
153884997,16908110102530,btc_qm_engine,btc_sha256_elapsed_ns,2134.0000000000
153884998,16908110103463,btc_qm_engine,btc_leading_zeros,0.0000000000
153884999,16908110103743,btc_qm_engine,btc_sha256_nonce,2350069826.0000000000
153885000,16908110103887,btc_qm_engine,btc_leading_zeros,1.0000000000
153885001,16908110104018,btc_qm_engine,btc_sha256_elapsed_ns,1979.0000000000
153885002,16908110104195,btc_qm_engine,btc_sha256_elapsed_ns,2066.0000000000
153885003,16908110104337,btc_qm_engine,btc_orbital_scan_nonce,189578755.0000000000
153885004,16908110105307,btc_qm_engine,btc_sha256_nonce,2977821604.0000000000
153885005,16908110105894,btc_qm_engine,btc_leading_zeros,0.0000000000
153885006,16908110106339,btc_qm_engine,btc_sha256_elapsed_ns,2150.0000000000
153885007,16908110107116,btc_qm_engine,btc_sha256_elapsed_ns,2006.0000000000
153885008,16908110107552,btc_qm_engine,btc_sha256_nonce,189578755.0000000000
153885009,16908110108289,btc_qm_engine,btc_leading_zeros,0.0000000000
153885010,16908110108860,btc_qm_engine,btc_sha256_nonce,1779406855.0000000000
153885011,16908110109215,btc_qm_engine,btc_sha256_elapsed_ns,2160.0000000000
153885012,16908110109522,btc_qm_engine,btc_sha256_nonce,15848030.0000000000
153885013,16908110109901,btc_qm_engine,btc_orbital_scan_nonce,189618179.0000000000
153885014,16908110110939,btc_qm_engine,btc_leading_zeros,0.0000000000
153885015,16908110111401,btc_qm_engine,btc_sha256_elapsed_ns,2157.0000000000
153885016,16908110113378,btc_qm_engine,btc_sha256_nonce,1005549858.0000000000
153885017,16908110113540,btc_qm_engine,btc_leading_zeros,0.0000000000
153885018,16908110113672,btc_qm_engine,btc_sha256_elapsed_ns,1629.0000000000
153885019,16908110115659,btc_qm_engine,btc_sha256_nonce,189618179.0000000000
153885020,16908110115805,btc_qm_engine,btc_leading_zeros,2.0000000000
153885021,16908110115958,btc_qm_engine,btc_sha256_elapsed_ns,2155.0000000000
153885022,16908110116228,btc_qm_engine,btc_leading_zeros,0.0000000000
153885023,16908110117409,btc_qm_engine,btc_orbital_scan_nonce,189581823.0000000000
153885024,16908110118489,btc_qm_engine,btc_sha256_nonce,3754294021.0000000000
153885025,16908110119174,btc_qm_engine,btc_leading_zeros,2.0000000000
153885026,16908110119845,btc_qm_engine,btc_sha256_elapsed_ns,2093.0000000000
153885027,16908110119961,btc_qm_engine,btc_sha256_elapsed_ns,1763.0000000000
153885028,16908110120336,btc_qm_engine,btc_orbital_scan_nonce,189603148.0000000000
153885029,16908110120967,btc_qm_engine,btc_lebesgue_scan_nonce,27.0000000000
153885030,16908110122533,btc_qm_engine,btc_orbital_scan_nonce,189561858.0000000000
153885031,16908110122822,btc_qm_engine,btc_sha256_nonce,189603148.0000000000
153885032,16908110123138,btc_qm_engine,btc_sha256_nonce,189581823.0000000000
153885033,16908110124222,btc_qm_engine,btc_leading_zeros,0.0000000000
153885034,16908110124496,btc_qm_engine,btc_leading_zeros,0.0000000000
153885035,16908110124648,btc_qm_engine,btc_sha256_elapsed_ns,2263.0000000000
153885036,16908110124912,btc_qm_engine,btc_sha256_elapsed_ns,2172.0000000000
153885037,16908110125743,btc_qm_engine,btc_sha256_nonce,518705161.0000000000
153885038,16908110126595,btc_qm_engine,btc_sha256_nonce,189564629.0000000000
153885039,16908110126970,btc_qm_engine,btc_sha256_nonce,515778193.0000000000
153885040,16908110127120,btc_qm_engine,btc_leading_zeros,1.0000000000
153885041,16908110127219,btc_qm_engine,btc_sha256_elapsed_ns,1817.0000000000
153885042,16908110127423,btc_qm_engine,btc_leading_zeros,0.0000000000
153885043,16908110127578,btc_qm_engine,btc_sha256_elapsed_ns,2061.0000000000
153885044,16908110127850,btc_qm_engine,btc_sha256_nonce,38750012.0000000000
153885045,16908110128023,btc_qm_engine,btc_orbital_scan_nonce,189547816.0000000000
153885046,16908110128642,btc_qm_engine,btc_leading_zeros,1.0000000000
153885047,16908110129115,btc_qm_engine,btc_sha256_nonce,3397597217.0000000000
153885048,16908110129245,btc_qm_engine,btc_leading_zeros,0.0000000000
153885049,16908110129557,btc_qm_engine,btc_sha256_elapsed_ns,1960.0000000000
153885050,16908110130525,btc_qm_engine,btc_sha256_elapsed_ns,1433.0000000000
153885051,16908110130791,btc_qm_engine,btc_sha256_nonce,189547816.0000000000
153885052,16908110131108,btc_qm_engine,btc_leading_zeros,0.0000000000
153885053,16908110131255,btc_qm_engine,btc_sha256_elapsed_ns,2153.0000000000
153885054,16908110131588,btc_qm_engine,btc_lebesgue_scan_nonce,9.0000000000
153885055,16908110132393,btc_qm_engine,btc_leading_zeros,2.0000000000
153885056,16908110133048,btc_qm_engine,btc_sha256_elapsed_ns,1871.0000000000
153885057,16908110133650,btc_qm_engine,btc_sha256_nonce,230313597.0000000000
153885058,16908110133801,btc_qm_engine,btc_leading_zeros,1.0000000000
153885059,16908110133961,btc_qm_engine,btc_sha256_nonce,898866662.0000000000
153885060,16908110134513,btc_qm_engine,btc_sha256_nonce,189586265.0000000000
153885061,16908110134873,btc_qm_engine,btc_leading_zeros,4.0000000000
153885062,16908110135659,btc_qm_engine,btc_sha256_nonce,933173728.0000000000
153885063,16908110135850,btc_qm_engine,btc_leading_zeros,0.0000000000
153885064,16908110136493,btc_qm_engine,btc_sha256_nonce,189561858.0000000000
153885065,16908110136903,btc_qm_engine,btc_sha256_elapsed_ns,2129.0000000000
153885066,16908110137719,btc_qm_engine,btc_sha256_elapsed_ns,2138.0000000000
153885067,16908110138477,btc_qm_engine,btc_leading_zeros,0.0000000000
153885068,16908110138850,btc_qm_engine,btc_orbital_scan_nonce,189592003.0000000000
153885069,16908110139155,btc_qm_engine,btc_sha256_elapsed_ns,2029.0000000000
153885070,16908110141080,btc_qm_engine,btc_sha256_nonce,4030755108.0000000000
153885071,16908110141378,btc_qm_engine,btc_sha256_nonce,189592003.0000000000
153885072,16908110142852,btc_qm_engine,btc_leading_zeros,0.0000000000
153885073,16908110143194,btc_qm_engine,btc_leading_zeros,0.0000000000
153885074,16908110143788,btc_qm_engine,btc_sha256_nonce,635999148.0000000000
153885075,16908110144186,btc_qm_engine,btc_sha256_elapsed_ns,2117.0000000000
153885076,16908110145260,btc_qm_engine,btc_leading_zeros,0.0000000000
153885077,16908110145400,btc_qm_engine,btc_sha256_elapsed_ns,2024.0000000000
153885078,16908110145729,btc_qm_engine,btc_sha256_elapsed_ns,2105.0000000000
153885079,16908110146003,btc_qm_engine,btc_orbital_scan_nonce,189630126.0000000000
153885080,16908110146753,btc_qm_engine,btc_orbital_scan_nonce,189600144.0000000000
153885081,16908110148078,btc_qm_engine,btc_sha256_nonce,3183928088.0000000000
153885082,16908110148540,btc_qm_engine,btc_sha256_nonce,189630126.0000000000
153885083,16908110148818,btc_qm_engine,btc_sha256_nonce,189600144.0000000000
153885084,16908110148973,btc_qm_engine,btc_leading_zeros,0.0000000000
153885085,16908110149114,btc_qm_engine,btc_sha256_elapsed_ns,2127.0000000000
153885086,16908110150218,btc_qm_engine,btc_sha256_elapsed_ns,1671.0000000000
153885087,16908110152893,btc_qm_engine,btc_sha256_nonce,2798496322.0000000000
153885088,16908110153033,btc_qm_engine,btc_leading_zeros,2.0000000000
153885089,16908110153174,btc_qm_engine,btc_sha256_elapsed_ns,2183.0000000000
153885090,16908110153640,btc_qm_engine,btc_leading_zeros,2.0000000000
153885091,16908110154115,btc_qm_engine,btc_sha256_nonce,45927697.0000000000
153885092,16908110154404,btc_qm_engine,btc_leading_zeros,1.0000000000
153885093,16908110154629,btc_qm_engine,btc_sha256_elapsed_ns,1995.0000000000
153885094,16908110154964,btc_qm_engine,btc_sha256_elapsed_ns,2065.0000000000
153885095,16908110155620,btc_qm_engine,btc_orbital_scan_nonce,189549509.0000000000
153885096,16908110157149,btc_qm_engine,btc_orbital_scan_nonce,189576333.0000000000
153885097,16908110159496,btc_qm_engine,btc_sha256_nonce,189549509.0000000000
153885098,16908110159652,btc_qm_engine,btc_leading_zeros,0.0000000000
153885099,16908110159804,btc_qm_engine,btc_sha256_elapsed_ns,2024.0000000000
153885100,16908110160780,btc_qm_engine,btc_sha256_nonce,189576333.0000000000
153885101,16908110161602,btc_qm_engine,btc_leading_zeros,3.0000000000
153885102,16908110161740,btc_qm_engine,btc_sha256_elapsed_ns,1975.0000000000
153885103,16908110162232,btc_qm_engine,btc_leading_zeros,0.0000000000
153885104,16908110162429,btc_qm_engine,btc_sha256_nonce,4191121746.0000000000
153885105,16908110162571,btc_qm_engine,btc_leading_zeros,0.0000000000
153885106,16908110162711,btc_qm_engine,btc_sha256_elapsed_ns,1998.0000000000
153885107,16908110163032,btc_qm_engine,btc_sha256_elapsed_ns,2112.0000000000
153885108,16908110163298,btc_qm_engine,btc_sha256_nonce,3703222960.0000000000
153885109,16908110163449,btc_qm_engine,btc_leading_zeros,3.0000000000
153885110,16908110163595,btc_qm_engine,btc_sha256_elapsed_ns,2203.0000000000
153885111,16908110163955,btc_qm_engine,btc_orbital_scan_nonce,189644104.0000000000
153885112,16908110164182,btc_qm_engine,btc_sha256_nonce,4094045952.0000000000
153885113,16908110164328,btc_qm_engine,btc_leading_zeros,0.0000000000
153885114,16908110164443,btc_qm_engine,btc_sha256_elapsed_ns,1973.0000000000
153885115,16908110164791,btc_qm_engine,btc_orbital_scan_nonce,189619009.0000000000
153885116,16908110165409,btc_qm_engine,btc_leading_zeros,1.0000000000
153885117,16908110165744,btc_qm_engine,btc_sha256_nonce,1678043663.0000000000
153885118,16908110165951,btc_qm_engine,btc_leading_zeros,1.0000000000
153885119,16908110166074,btc_qm_engine,btc_sha256_elapsed_ns,2100.0000000000
153885120,16908110166339,btc_qm_engine,btc_sha256_elapsed_ns,2164.0000000000
153885121,16908110167058,btc_qm_engine,btc_sha256_nonce,189619009.0000000000
153885122,16908110167246,btc_qm_engine,btc_sha256_nonce,3664863942.0000000000
153885123,16908110167683,btc_qm_engine,btc_lebesgue_scan_nonce,10.0000000000
153885124,16908110168340,btc_qm_engine,btc_leading_zeros,1.0000000000
153885125,16908110168884,btc_qm_engine,btc_sha256_nonce,4141999579.0000000000
153885126,16908110169284,btc_qm_engine,btc_leading_zeros,2.0000000000
153885127,16908110169710,btc_qm_engine,btc_sha256_elapsed_ns,1790.0000000000
153885128,16908110170033,btc_qm_engine,btc_sha256_elapsed_ns,2009.0000000000
153885129,16908110170403,btc_qm_engine,btc_sha256_nonce,189481707.0000000000
153885130,16908110170562,btc_qm_engine,btc_leading_zeros,0.0000000000
153885131,16908110170668,btc_qm_engine,btc_sha256_elapsed_ns,2137.0000000000
153885132,16908110170943,btc_qm_engine,btc_lebesgue_scan_nonce,9.0000000000
153885133,16908110171232,btc_qm_engine,btc_lebesgue_scan_nonce,1.0000000000
153885134,16908110171947,btc_qm_engine,btc_leading_zeros,2.0000000000
153885135,16908110172095,btc_qm_engine,btc_sha256_elapsed_ns,2129.0000000000
153885136,16908110173326,btc_qm_engine,btc_sha256_nonce,798412450.0000000000
153885137,16908110173475,btc_qm_engine,btc_leading_zeros,0.0000000000
153885138,16908110174044,btc_qm_engine,btc_sha256_nonce,189675940.0000000000
153885139,16908110174598,btc_qm_engine,btc_sha256_nonce,4026736241.0000000000
153885140,16908110174935,btc_qm_engine,btc_leading_zeros,0.0000000000
153885141,16908110175336,btc_qm_engine,btc_leading_zeros,1.0000000000
153885142,16908110175667,btc_qm_engine,btc_sha256_elapsed_ns,2102.0000000000
153885143,16908110175826,btc_qm_engine,btc_sha256_elapsed_ns,2044.0000000000
153885144,16908110176189,btc_qm_engine,btc_sha256_elapsed_ns,2023.0000000000
153885145,16908110177141,btc_qm_engine,btc_orbital_scan_nonce,189627563.0000000000
153885146,16908110177998,btc_qm_engine,btc_sha256_nonce,189644104.0000000000
153885147,16908110178479,btc_qm_engine,btc_sha256_nonce,189744403.0000000000
153885148,16908110178881,btc_qm_engine,btc_leading_zeros,0.0000000000
153885149,16908110179158,btc_qm_engine,btc_leading_zeros,2.0000000000
153885150,16908110179298,btc_qm_engine,btc_sha256_elapsed_ns,2026.0000000000
153885151,16908110179990,btc_qm_engine,btc_sha256_elapsed_ns,2096.0000000000
153885152,16908110180388,btc_qm_engine,btc_sha256_nonce,189627563.0000000000
153885153,16908110180666,btc_qm_engine,btc_orbital_scan_nonce,189595990.0000000000
153885154,16908110181669,btc_qm_engine,btc_sha256_nonce,4055867647.0000000000
153885155,16908110182490,btc_qm_engine,btc_leading_zeros,3.0000000000
153885156,16908110182659,btc_qm_engine,btc_leading_zeros,0.0000000000
153885157,16908110182802,btc_qm_engine,btc_sha256_elapsed_ns,2028.0000000000
153885158,16908110183095,btc_qm_engine,btc_sha256_elapsed_ns,1898.0000000000
153885159,16908110183969,btc_qm_engine,btc_sha256_nonce,189595990.0000000000
153885160,16908110184105,btc_qm_engine,btc_leading_zeros,0.0000000000
153885161,16908110184203,btc_qm_engine,btc_sha256_elapsed_ns,1453.0000000000
153885162,16908110184429,btc_qm_engine,btc_orbital_scan_nonce,189600348.0000000000
153885163,16908110185534,btc_qm_engine,btc_sha256_nonce,3926290942.0000000000
153885164,16908110185670,btc_qm_engine,btc_sha256_nonce,4027490030.0000000000
153885165,16908110186518,btc_qm_engine,btc_leading_zeros,1.0000000000
153885166,16908110187258,btc_qm_engine,btc_sha256_elapsed_ns,2171.0000000000
153885167,16908110187592,btc_qm_engine,btc_sha256_nonce,189600348.0000000000
153885168,16908110188253,btc_qm_engine,btc_sha256_nonce,3425907141.0000000000
153885169,16908110188394,btc_qm_engine,btc_leading_zeros,0.0000000000
153885170,16908110188507,btc_qm_engine,btc_sha256_elapsed_ns,1924.0000000000
153885171,16908110188727,btc_qm_engine,btc_leading_zeros,0.0000000000
153885172,16908110188879,btc_qm_engine,btc_sha256_elapsed_ns,1737.0000000000
153885173,16908110189268,btc_qm_engine,btc_orbital_scan_nonce,189583302.0000000000
153885174,16908110189446,btc_qm_engine,btc_leading_zeros,2.0000000000
153885175,16908110190113,btc_qm_engine,btc_sha256_elapsed_ns,2119.0000000000
153885176,16908110190863,btc_qm_engine,btc_sha256_nonce,1349407320.0000000000
153885177,16908110191339,btc_qm_engine,btc_sha256_nonce,3057710465.0000000000
153885178,16908110191890,btc_qm_engine,btc_sha256_nonce,4147239019.0000000000
153885179,16908110192249,btc_qm_engine,btc_leading_zeros,2.0000000000
153885180,16908110192387,btc_qm_engine,btc_sha256_elapsed_ns,1938.0000000000
153885181,16908110192768,btc_qm_engine,btc_sha256_nonce,189583302.0000000000
153885182,16908110192980,btc_qm_engine,btc_leading_zeros,1.0000000000
153885183,16908110193255,btc_qm_engine,btc_leading_zeros,0.0000000000
153885184,16908110193399,btc_qm_engine,btc_sha256_elapsed_ns,2230.0000000000
153885185,16908110193605,btc_qm_engine,btc_leading_zeros,4.0000000000
153885186,16908110194470,btc_qm_engine,btc_sha256_elapsed_ns,1900.0000000000
153885187,16908110194770,btc_qm_engine,btc_sha256_elapsed_ns,2230.0000000000
153885188,16908110195044,btc_qm_engine,btc_sha256_nonce,880972994.0000000000
153885189,16908110195164,btc_qm_engine,btc_leading_zeros,1.0000000000
153885190,16908110195263,btc_qm_engine,btc_sha256_elapsed_ns,2040.0000000000
153885191,16908110195527,btc_qm_engine,btc_sha256_nonce,3406809375.0000000000
153885192,16908110195937,btc_qm_engine,btc_sha256_nonce,1223213657.0000000000
153885193,16908110196088,btc_qm_engine,btc_leading_zeros,1.0000000000
153885194,16908110196359,btc_qm_engine,btc_sha256_elapsed_ns,1995.0000000000
153885195,16908110197340,btc_qm_engine,btc_leading_zeros,0.0000000000
153885196,16908110197748,btc_qm_engine,btc_sha256_nonce,2419579497.0000000000
153885197,16908110197888,btc_qm_engine,btc_leading_zeros,0.0000000000
153885198,16908110198055,btc_qm_engine,btc_sha256_elapsed_ns,1935.0000000000
153885199,16908110198264,btc_qm_engine,btc_sha256_nonce,1007730369.0000000000
153885200,16908110198622,btc_qm_engine,btc_sha256_elapsed_ns,1858.0000000000
153885201,16908110199460,btc_qm_engine,btc_sha256_nonce,3452703638.0000000000
153885202,16908110199599,btc_qm_engine,btc_leading_zeros,0.0000000000
153885203,16908110199719,btc_qm_engine,btc_sha256_elapsed_ns,1828.0000000000
153885204,16908110199884,btc_qm_engine,btc_lebesgue_scan_nonce,19.0000000000
153885205,16908110200446,btc_qm_engine,btc_sha256_nonce,2587845826.0000000000
153885206,16908110200585,btc_qm_engine,btc_leading_zeros,0.0000000000
153885207,16908110200719,btc_qm_engine,btc_sha256_elapsed_ns,1985.0000000000
153885208,16908110201592,btc_qm_engine,btc_sha256_nonce,824345901.0000000000
153885209,16908110201723,btc_qm_engine,btc_leading_zeros,3.0000000000
153885210,16908110201838,btc_qm_engine,btc_sha256_elapsed_ns,1431.0000000000
153885211,16908110202255,btc_qm_engine,btc_sha256_nonce,189677932.0000000000
153885212,16908110202402,btc_qm_engine,btc_leading_zeros,0.0000000000
153885213,16908110202534,btc_qm_engine,btc_sha256_elapsed_ns,2054.0000000000
153885214,16908110202734,btc_qm_engine,btc_leading_zeros,1.0000000000
153885215,16908110202884,btc_qm_engine,btc_sha256_elapsed_ns,1967.0000000000
153885216,16908110203312,btc_qm_engine,btc_lebesgue_scan_nonce,14.0000000000
153885217,16908110204034,btc_qm_engine,btc_sha256_nonce,4084011166.0000000000
153885218,16908110204237,btc_qm_engine,btc_orbital_scan_nonce,189605335.0000000000
153885219,16908110204743,btc_qm_engine,btc_leading_zeros,0.0000000000
153885220,16908110205047,btc_qm_engine,btc_sha256_nonce,3493136113.0000000000
153885221,16908110205923,btc_qm_engine,btc_sha256_elapsed_ns,1928.0000000000
153885222,16908110206174,btc_qm_engine,btc_leading_zeros,0.0000000000
153885223,16908110206327,btc_qm_engine,btc_sha256_elapsed_ns,1938.0000000000
153885224,16908110206709,btc_qm_engine,btc_sha256_nonce,189653618.0000000000
153885225,16908110206957,btc_qm_engine,btc_sha256_nonce,189605335.0000000000
153885226,16908110207104,btc_qm_engine,btc_leading_zeros,1.0000000000
153885227,16908110207241,btc_qm_engine,btc_sha256_elapsed_ns,1842.0000000000
153885228,16908110207491,btc_qm_engine,btc_leading_zeros,0.0000000000
153885229,16908110208292,btc_qm_engine,btc_sha256_elapsed_ns,2198.0000000000
153885230,16908110208627,btc_qm_engine,btc_sha256_nonce,51082701.0000000000
153885231,16908110208978,btc_qm_engine,btc_sha256_nonce,2347807772.0000000000
153885232,16908110210182,btc_qm_engine,btc_sha256_nonce,1626326693.0000000000
153885233,16908110210493,btc_qm_engine,btc_leading_zeros,3.0000000000
153885234,16908110211114,btc_qm_engine,btc_leading_zeros,0.0000000000
153885235,16908110211303,btc_qm_engine,btc_sha256_elapsed_ns,1897.0000000000
153885236,16908110211618,btc_qm_engine,btc_sha256_elapsed_ns,1899.0000000000
153885237,16908110211965,btc_qm_engine,btc_lebesgue_scan_nonce,3.0000000000
153885238,16908110212269,btc_qm_engine,btc_sha256_nonce,3415906759.0000000000
153885239,16908110212677,btc_qm_engine,btc_lebesgue_scan_nonce,7.0000000000
153885240,16908110213076,btc_qm_engine,btc_leading_zeros,2.0000000000
153885241,16908110213740,btc_qm_engine,btc_leading_zeros,0.0000000000
153885242,16908110213866,btc_qm_engine,btc_sha256_elapsed_ns,1934.0000000000
153885243,16908110214274,btc_qm_engine,btc_sha256_nonce,189558497.0000000000
153885244,16908110215076,btc_qm_engine,btc_sha256_nonce,189632763.0000000000
153885245,16908110215217,btc_qm_engine,btc_leading_zeros,0.0000000000
153885246,16908110215549,btc_qm_engine,btc_leading_zeros,0.0000000000
153885247,16908110216118,btc_qm_engine,btc_sha256_elapsed_ns,1679.0000000000
153885248,16908110216448,btc_qm_engine,btc_sha256_nonce,3677233798.0000000000
153885249,16908110217098,btc_qm_engine,btc_sha256_elapsed_ns,1926.0000000000
153885250,16908110218405,btc_qm_engine,btc_lebesgue_scan_nonce,2.0000000000
153885251,16908110218800,btc_qm_engine,btc_sha256_nonce,763692622.0000000000
153885252,16908110218932,btc_qm_engine,btc_leading_zeros,3.0000000000
153885253,16908110219051,btc_qm_engine,btc_sha256_elapsed_ns,1596.0000000000
153885254,16908110220162,btc_qm_engine,btc_sha256_nonce,2296525753.0000000000
153885255,16908110220334,btc_qm_engine,btc_leading_zeros,2.0000000000
153885256,16908110220490,btc_qm_engine,btc_sha256_elapsed_ns,1980.0000000000
153885257,16908110220915,btc_qm_engine,btc_sha256_nonce,3862973437.0000000000
153885258,16908110221063,btc_qm_engine,btc_leading_zeros,2.0000000000
153885259,16908110221252,btc_qm_engine,btc_sha256_elapsed_ns,1458.0000000000
153885260,16908110221457,btc_qm_engine,btc_sha256_nonce,189464860.0000000000
153885261,16908110221593,btc_qm_engine,btc_leading_zeros,0.0000000000
153885262,16908110222701,btc_qm_engine,btc_leading_zeros,0.0000000000
153885263,16908110223034,btc_qm_engine,btc_sha256_elapsed_ns,2119.0000000000
153885264,16908110223419,btc_qm_engine,btc_sha256_elapsed_ns,1971.0000000000
153885265,16908110223590,btc_qm_engine,btc_sha256_nonce,4272469378.0000000000
153885266,16908110223805,btc_qm_engine,btc_lebesgue_scan_nonce,4.0000000000
153885267,16908110223981,btc_qm_engine,btc_sha256_nonce,4021810797.0000000000
153885268,16908110224993,btc_qm_engine,btc_leading_zeros,0.0000000000
153885269,16908110225996,btc_qm_engine,btc_sha256_elapsed_ns,1996.0000000000
153885270,16908110226343,btc_qm_engine,btc_sha256_nonce,189701389.0000000000
153885271,16908110226489,btc_qm_engine,btc_leading_zeros,0.0000000000
153885272,16908110226635,btc_qm_engine,btc_sha256_elapsed_ns,1862.0000000000
153885273,16908110227069,btc_qm_engine,btc_lebesgue_scan_nonce,24.0000000000
153885274,16908110227369,btc_qm_engine,btc_sha256_elapsed_ns,1994.0000000000
153885275,16908110228590,btc_qm_engine,btc_sha256_nonce,1744227233.0000000000
153885276,16908110228733,btc_qm_engine,btc_leading_zeros,0.0000000000
153885277,16908110228894,btc_qm_engine,btc_sha256_elapsed_ns,2104.0000000000
153885278,16908110229207,btc_qm_engine,btc_orbital_scan_nonce,189573145.0000000000
153885279,16908110229438,btc_qm_engine,btc_sha256_nonce,189537330.0000000000
153885280,16908110229732,btc_qm_engine,btc_leading_zeros,2.0000000000
153885281,16908110230544,btc_qm_engine,btc_sha256_nonce,3127887554.0000000000
153885282,16908110230728,btc_qm_engine,btc_leading_zeros,0.0000000000
153885283,16908110231219,btc_qm_engine,btc_sha256_nonce,189573145.0000000000
153885284,16908110231355,btc_qm_engine,btc_leading_zeros,1.0000000000
153885285,16908110231504,btc_qm_engine,btc_sha256_elapsed_ns,1804.0000000000
153885286,16908110231972,btc_qm_engine,btc_orbital_scan_nonce,189616552.0000000000
153885287,16908110232164,btc_qm_engine,btc_sha256_elapsed_ns,1976.0000000000
153885288,16908110232510,btc_qm_engine,btc_sha256_elapsed_ns,2138.0000000000
153885289,16908110233164,btc_qm_engine,btc_leading_zeros,1.0000000000
153885290,16908110233629,btc_qm_engine,btc_lebesgue_scan_nonce,7.0000000000
153885291,16908110233904,btc_qm_engine,btc_sha256_nonce,189616552.0000000000
153885292,16908110234696,btc_qm_engine,btc_leading_zeros,0.0000000000
153885293,16908110235946,btc_qm_engine,btc_sha256_elapsed_ns,2009.0000000000
153885294,16908110236336,btc_qm_engine,btc_sha256_elapsed_ns,1657.0000000000
153885295,16908110237357,btc_qm_engine,btc_sha256_nonce,189544007.0000000000
153885296,16908110237964,btc_qm_engine,btc_orbital_scan_nonce,189598019.0000000000
153885297,16908110238243,btc_qm_engine,btc_leading_zeros,4.0000000000
153885298,16908110238820,btc_qm_engine,btc_sha256_elapsed_ns,1948.0000000000
153885299,16908110239138,btc_qm_engine,btc_lebesgue_scan_nonce,24.0000000000
153885300,16908110239990,btc_qm_engine,btc_sha256_nonce,189598019.0000000000
153885301,16908110240114,btc_qm_engine,btc_leading_zeros,1.0000000000
153885302,16908110240214,btc_qm_engine,btc_sha256_elapsed_ns,1626.0000000000
153885303,16908110240470,btc_qm_engine,btc_orbital_scan_nonce,189583114.0000000000
153885304,16908110241328,btc_qm_engine,btc_sha256_nonce,189520550.0000000000
153885305,16908110241468,btc_qm_engine,btc_leading_zeros,1.0000000000
153885306,16908110241599,btc_qm_engine,btc_sha256_elapsed_ns,1924.0000000000
153885307,16908110242155,btc_qm_engine,btc_sha256_nonce,189583114.0000000000
153885308,16908110242294,btc_qm_engine,btc_leading_zeros,0.0000000000
153885309,16908110242534,btc_qm_engine,btc_sha256_elapsed_ns,1429.0000000000
153885310,16908110243246,btc_qm_engine,btc_orbital_scan_nonce,189594952.0000000000
153885311,16908110243452,btc_qm_engine,btc_sha256_nonce,2339644380.0000000000
153885312,16908110243880,btc_qm_engine,btc_sha256_nonce,132468435.0000000000
153885313,16908110244027,btc_qm_engine,btc_leading_zeros,0.0000000000
153885314,16908110244288,btc_qm_engine,btc_leading_zeros,0.0000000000
153885315,16908110244544,btc_qm_engine,btc_lebesgue_scan_nonce,2.0000000000
153885316,16908110244925,btc_qm_engine,btc_sha256_nonce,189594952.0000000000
153885317,16908110245329,btc_qm_engine,btc_leading_zeros,0.0000000000
153885318,16908110246284,btc_qm_engine,btc_sha256_elapsed_ns,1824.0000000000
153885319,16908110246544,btc_qm_engine,btc_sha256_elapsed_ns,1427.0000000000
153885320,16908110246847,btc_qm_engine,btc_sha256_elapsed_ns,2301.0000000000
153885321,16908110247104,btc_qm_engine,btc_sha256_nonce,189366018.0000000000
153885322,16908110247249,btc_qm_engine,btc_leading_zeros,1.0000000000
153885323,16908110247391,btc_qm_engine,btc_sha256_elapsed_ns,1752.0000000000
153885324,16908110247791,btc_qm_engine,btc_orbital_scan_nonce,189644035.0000000000
153885325,16908110248380,btc_qm_engine,btc_sha256_nonce,2329848544.0000000000
153885326,16908110248518,btc_qm_engine,btc_leading_zeros,0.0000000000
153885327,16908110248621,btc_qm_engine,btc_sha256_elapsed_ns,1423.0000000000
153885328,16908110248962,btc_qm_engine,btc_orbital_scan_nonce,189554437.0000000000
153885329,16908110249238,btc_qm_engine,btc_sha256_nonce,390090159.0000000000
153885330,16908110249393,btc_qm_engine,btc_leading_zeros,0.0000000000
153885331,16908110249493,btc_qm_engine,btc_sha256_elapsed_ns,1923.0000000000
153885332,16908110250148,btc_qm_engine,btc_sha256_nonce,3474437410.0000000000
153885333,16908110250637,btc_qm_engine,btc_sha256_nonce,189554437.0000000000
153885334,16908110250898,btc_qm_engine,btc_leading_zeros,1.0000000000
153885335,16908110251874,btc_qm_engine,btc_leading_zeros,0.0000000000
153885336,16908110252159,btc_qm_engine,btc_sha256_nonce,801043654.0000000000
153885337,16908110252520,btc_qm_engine,btc_sha256_elapsed_ns,2166.0000000000
153885338,16908110253709,btc_qm_engine,btc_sha256_elapsed_ns,1433.0000000000
153885339,16908110257823,btc_qm_engine,btc_sha256_nonce,1046446573.0000000000
153885340,16908110257964,btc_qm_engine,btc_leading_zeros,0.0000000000
153885341,16908110258113,btc_qm_engine,btc_sha256_elapsed_ns,2139.0000000000
153885342,16908110258432,btc_qm_engine,btc_orbital_scan_nonce,189597242.0000000000
153885343,16908110258734,btc_qm_engine,btc_orbital_scan_nonce,189639679.0000000000
153885344,16908110260342,btc_qm_engine,btc_sha256_nonce,189639679.0000000000
153885345,16908110260445,btc_qm_engine,btc_leading_zeros,0.0000000000
153885346,16908110260545,btc_qm_engine,btc_sha256_elapsed_ns,1434.0000000000
153885347,16908110260784,btc_qm_engine,btc_orbital_scan_nonce,189599580.0000000000
153885348,16908110261034,btc_qm_engine,btc_sha256_nonce,189597242.0000000000
153885349,16908110261164,btc_qm_engine,btc_leading_zeros,3.0000000000
153885350,16908110261310,btc_qm_engine,btc_sha256_elapsed_ns,2174.0000000000
153885351,16908110262068,btc_qm_engine,btc_sha256_nonce,189644035.0000000000
153885352,16908110262247,btc_qm_engine,btc_orbital_scan_nonce,189581014.0000000000
153885353,16908110262555,btc_qm_engine,btc_sha256_nonce,189599580.0000000000
153885354,16908110262872,btc_qm_engine,btc_leading_zeros,0.0000000000
153885355,16908110263659,btc_qm_engine,btc_leading_zeros,3.0000000000
153885356,16908110263914,btc_qm_engine,btc_sha256_elapsed_ns,2163.0000000000
153885357,16908110264329,btc_qm_engine,btc_leading_zeros,0.0000000000
153885358,16908110264912,btc_qm_engine,btc_sha256_elapsed_ns,1425.0000000000
153885359,16908110265160,btc_qm_engine,btc_sha256_nonce,189581014.0000000000
153885360,16908110265773,btc_qm_engine,btc_lebesgue_scan_nonce,3.0000000000
153885361,16908110266033,btc_qm_engine,btc_leading_zeros,2.0000000000
153885362,16908110266359,btc_qm_engine,btc_sha256_nonce,2871120587.0000000000
153885363,16908110266504,btc_qm_engine,btc_leading_zeros,2.0000000000
153885364,16908110266775,btc_qm_engine,btc_sha256_elapsed_ns,1982.0000000000
153885365,16908110267041,btc_qm_engine,btc_sha256_elapsed_ns,2025.0000000000
153885366,16908110267398,btc_qm_engine,btc_orbital_scan_nonce,189604933.0000000000
153885367,16908110267690,btc_qm_engine,btc_sha256_elapsed_ns,2028.0000000000
153885368,16908110268461,btc_qm_engine,btc_sha256_nonce,189601381.0000000000
153885369,16908110268974,btc_qm_engine,btc_orbital_scan_nonce,189562247.0000000000
153885370,16908110269223,btc_qm_engine,btc_leading_zeros,4.0000000000
153885371,16908110269378,btc_qm_engine,btc_sha256_elapsed_ns,1418.0000000000
153885372,16908110269628,btc_qm_engine,btc_orbital_scan_nonce,189572881.0000000000
153885373,16908110270004,btc_qm_engine,btc_sha256_nonce,189604933.0000000000
153885374,16908110270653,btc_qm_engine,btc_leading_zeros,3.0000000000
153885375,16908110271457,btc_qm_engine,btc_sha256_nonce,189562247.0000000000
153885376,16908110272430,btc_qm_engine,btc_sha256_nonce,189572881.0000000000
153885377,16908110272773,btc_qm_engine,btc_sha256_elapsed_ns,2205.0000000000
153885378,16908110274355,btc_qm_engine,btc_leading_zeros,0.0000000000
153885379,16908110275164,btc_qm_engine,btc_sha256_elapsed_ns,1979.0000000000
153885380,16908110275464,btc_qm_engine,btc_orbital_scan_nonce,189606489.0000000000
153885381,16908110276618,btc_qm_engine,btc_sha256_nonce,4174044698.0000000000
153885382,16908110276770,btc_qm_engine,btc_leading_zeros,0.0000000000
153885383,16908110276905,btc_qm_engine,btc_sha256_elapsed_ns,2127.0000000000
153885384,16908110277483,btc_qm_engine,btc_leading_zeros,0.0000000000
153885385,16908110277594,btc_qm_engine,btc_sha256_elapsed_ns,1445.0000000000
153885386,16908110277913,btc_qm_engine,btc_sha256_nonce,189606489.0000000000
153885387,16908110278564,btc_qm_engine,btc_leading_zeros,0.0000000000
153885388,16908110278673,btc_qm_engine,btc_sha256_elapsed_ns,1963.0000000000
153885389,16908110279272,btc_qm_engine,btc_sha256_nonce,3796153827.0000000000
153885390,16908110279593,btc_qm_engine,btc_leading_zeros,3.0000000000
153885391,16908110280054,btc_qm_engine,btc_sha256_elapsed_ns,1153.0000000000
153885392,16908110280260,btc_qm_engine,btc_orbital_scan_nonce,189580453.0000000000
153885393,16908110280430,btc_qm_engine,btc_sha256_nonce,3145204668.0000000000
153885394,16908110280912,btc_qm_engine,btc_sha256_nonce,801099970.0000000000
153885395,16908110281121,btc_qm_engine,btc_leading_zeros,1.0000000000
153885396,16908110281679,btc_qm_engine,btc_sha256_nonce,189580453.0000000000
153885397,16908110281794,btc_qm_engine,btc_leading_zeros,3.0000000000
153885398,16908110282094,btc_qm_engine,btc_sha256_elapsed_ns,1150.0000000000
153885399,16908110282468,btc_qm_engine,btc_sha256_nonce,3299304617.0000000000
153885400,16908110282988,btc_qm_engine,btc_leading_zeros,1.0000000000
153885401,16908110283328,btc_qm_engine,btc_orbital_scan_nonce,189561470.0000000000
153885402,16908110283507,btc_qm_engine,btc_sha256_elapsed_ns,1795.0000000000
153885403,16908110283756,btc_qm_engine,btc_sha256_elapsed_ns,2069.0000000000
153885404,16908110284369,btc_qm_engine,btc_orbital_scan_nonce,189552215.0000000000
153885405,16908110284540,btc_qm_engine,btc_leading_zeros,1.0000000000
153885406,16908110284917,btc_qm_engine,btc_sha256_nonce,189561470.0000000000
153885407,16908110285413,btc_qm_engine,btc_sha256_elapsed_ns,2166.0000000000
153885408,16908110286272,btc_qm_engine,btc_leading_zeros,0.0000000000
153885409,16908110286472,btc_qm_engine,btc_sha256_nonce,189552215.0000000000
153885410,16908110286618,btc_qm_engine,btc_leading_zeros,0.0000000000
153885411,16908110286824,btc_qm_engine,btc_sha256_elapsed_ns,1154.0000000000
153885412,16908110287052,btc_qm_engine,btc_sha256_elapsed_ns,1813.0000000000
153885413,16908110287352,btc_qm_engine,btc_sha256_nonce,2351111201.0000000000
153885414,16908110288181,btc_qm_engine,btc_leading_zeros,1.0000000000
153885415,16908110288349,btc_qm_engine,btc_sha256_elapsed_ns,2070.0000000000
153885416,16908110288613,btc_qm_engine,btc_sha256_nonce,1010050015.0000000000
153885417,16908110288773,btc_qm_engine,btc_leading_zeros,0.0000000000
153885418,16908110288914,btc_qm_engine,btc_sha256_elapsed_ns,1959.0000000000
153885419,16908110289426,btc_qm_engine,btc_orbital_scan_nonce,189560812.0000000000
153885420,16908110290034,btc_qm_engine,btc_sha256_nonce,4029944890.0000000000
153885421,16908110290401,btc_qm_engine,btc_sha256_nonce,2294366002.0000000000
153885422,16908110290717,btc_qm_engine,btc_leading_zeros,0.0000000000
153885423,16908110290848,btc_qm_engine,btc_sha256_elapsed_ns,1149.0000000000
153885424,16908110291168,btc_qm_engine,btc_lebesgue_scan_nonce,1.0000000000
153885425,16908110291959,btc_qm_engine,btc_sha256_nonce,759303556.0000000000
153885426,16908110292329,btc_qm_engine,btc_sha256_nonce,189560812.0000000000
153885427,16908110292483,btc_qm_engine,btc_leading_zeros,0.0000000000
153885428,16908110292619,btc_qm_engine,btc_sha256_elapsed_ns,2079.0000000000
153885429,16908110292971,btc_qm_engine,btc_sha256_nonce,189583602.0000000000
153885430,16908110293245,btc_qm_engine,btc_lebesgue_scan_nonce,21.0000000000
153885431,16908110294314,btc_qm_engine,btc_leading_zeros,0.0000000000
153885432,16908110294487,btc_qm_engine,btc_leading_zeros,0.0000000000
153885433,16908110295121,btc_qm_engine,btc_sha256_elapsed_ns,2039.0000000000
153885434,16908110295403,btc_qm_engine,btc_sha256_elapsed_ns,1152.0000000000
153885435,16908110295732,btc_qm_engine,btc_lebesgue_scan_nonce,11.0000000000
153885436,16908110296344,btc_qm_engine,btc_orbital_scan_nonce,189615152.0000000000
153885437,16908110297949,btc_qm_engine,btc_sha256_nonce,189615152.0000000000
153885438,16908110298072,btc_qm_engine,btc_leading_zeros,1.0000000000
153885439,16908110298162,btc_qm_engine,btc_sha256_elapsed_ns,1151.0000000000
153885440,16908110298363,btc_qm_engine,btc_orbital_scan_nonce,189553277.0000000000
153885441,16908110298664,btc_qm_engine,btc_sha256_nonce,189723026.0000000000
153885442,16908110299157,btc_qm_engine,btc_leading_zeros,4.0000000000
153885443,16908110299252,btc_qm_engine,btc_sha256_elapsed_ns,1799.0000000000
153885444,16908110299512,btc_qm_engine,btc_lebesgue_scan_nonce,5.0000000000
153885445,16908110299890,btc_qm_engine,btc_sha256_nonce,189553277.0000000000
153885446,16908110300032,btc_qm_engine,btc_leading_zeros,0.0000000000
153885447,16908110300120,btc_qm_engine,btc_sha256_elapsed_ns,1151.0000000000
153885448,16908110300416,btc_qm_engine,btc_sha256_nonce,189546308.0000000000
153885449,16908110301397,btc_qm_engine,btc_orbital_scan_nonce,189544104.0000000000
153885450,16908110301658,btc_qm_engine,btc_sha256_nonce,189649423.0000000000
153885451,16908110302464,btc_qm_engine,btc_leading_zeros,1.0000000000
153885452,16908110302650,btc_qm_engine,btc_sha256_elapsed_ns,1894.0000000000
153885453,16908110302847,btc_qm_engine,btc_leading_zeros,0.0000000000
153885454,16908110303130,btc_qm_engine,btc_leading_zeros,0.0000000000
153885455,16908110303422,btc_qm_engine,btc_sha256_elapsed_ns,2222.0000000000
153885456,16908110303909,btc_qm_engine,btc_sha256_nonce,189544104.0000000000
153885457,16908110304128,btc_qm_engine,btc_sha256_elapsed_ns,2162.0000000000
153885458,16908110304411,btc_qm_engine,btc_leading_zeros,0.0000000000
153885459,16908110304722,btc_qm_engine,btc_lebesgue_scan_nonce,18.0000000000
153885460,16908110305221,btc_qm_engine,btc_sha256_nonce,3886454604.0000000000
153885461,16908110306051,btc_qm_engine,btc_sha256_elapsed_ns,1141.0000000000
153885462,16908110306374,btc_qm_engine,btc_leading_zeros,0.0000000000
153885463,16908110306971,btc_qm_engine,btc_sha256_nonce,735741171.0000000000
153885464,16908110307401,btc_qm_engine,btc_sha256_elapsed_ns,2137.0000000000
153885465,16908110307841,btc_qm_engine,btc_leading_zeros,0.0000000000
153885466,16908110308101,btc_qm_engine,btc_sha256_elapsed_ns,2028.0000000000
153885467,16908110308277,btc_qm_engine,btc_sha256_nonce,189510063.0000000000
153885468,16908110308629,btc_qm_engine,btc_sha256_nonce,4007048224.0000000000
153885469,16908110309246,btc_qm_engine,btc_leading_zeros,0.0000000000
153885470,16908110310059,btc_qm_engine,btc_leading_zeros,0.0000000000
153885471,16908110310482,btc_qm_engine,btc_sha256_nonce,3755339616.0000000000
153885472,16908110311085,btc_qm_engine,btc_sha256_nonce,3189789424.0000000000
153885473,16908110311254,btc_qm_engine,btc_leading_zeros,2.0000000000
153885474,16908110311389,btc_qm_engine,btc_sha256_elapsed_ns,2162.0000000000
153885475,16908110311723,btc_qm_engine,btc_sha256_elapsed_ns,1155.0000000000
153885476,16908110312088,btc_qm_engine,btc_leading_zeros,2.0000000000
153885477,16908110313588,btc_qm_engine,btc_orbital_scan_nonce,189584455.0000000000
153885478,16908110314524,btc_qm_engine,btc_sha256_elapsed_ns,1929.0000000000
153885479,16908110315462,btc_qm_engine,btc_sha256_nonce,189584455.0000000000
153885480,16908110315589,btc_qm_engine,btc_leading_zeros,0.0000000000
153885481,16908110315711,btc_qm_engine,btc_sha256_elapsed_ns,1153.0000000000
153885482,16908110315962,btc_qm_engine,btc_lebesgue_scan_nonce,1.0000000000
153885483,16908110317249,btc_qm_engine,btc_sha256_nonce,189471110.0000000000
153885484,16908110317335,btc_qm_engine,btc_leading_zeros,0.0000000000
153885485,16908110317427,btc_qm_engine,btc_sha256_elapsed_ns,1152.0000000000
153885486,16908110317724,btc_qm_engine,btc_sha256_nonce,2279370759.0000000000
153885487,16908110317868,btc_qm_engine,btc_leading_zeros,2.0000000000
153885488,16908110318049,btc_qm_engine,btc_sha256_elapsed_ns,2145.0000000000
153885489,16908110318888,btc_qm_engine,btc_sha256_nonce,1834522366.0000000000
153885490,16908110319024,btc_qm_engine,btc_leading_zeros,0.0000000000
153885491,16908110319142,btc_qm_engine,btc_sha256_elapsed_ns,1150.0000000000
153885492,16908110319504,btc_qm_engine,btc_orbital_scan_nonce,189575870.0000000000
153885493,16908110320004,btc_qm_engine,btc_orbital_scan_nonce,189630432.0000000000
153885494,16908110321098,btc_qm_engine,btc_sha256_nonce,2050199587.0000000000
153885495,16908110321234,btc_qm_engine,btc_leading_zeros,0.0000000000
153885496,16908110321348,btc_qm_engine,btc_sha256_elapsed_ns,1153.0000000000
153885497,16908110321549,btc_qm_engine,btc_orbital_scan_nonce,189553612.0000000000
153885498,16908110322024,btc_qm_engine,btc_sha256_nonce,189575870.0000000000
153885499,16908110322174,btc_qm_engine,btc_leading_zeros,1.0000000000
153885500,16908110322301,btc_qm_engine,btc_sha256_elapsed_ns,2222.0000000000
153885501,16908110322591,btc_qm_engine,btc_orbital_scan_nonce,189579311.0000000000
153885502,16908110322798,btc_qm_engine,btc_sha256_nonce,189630432.0000000000
153885503,16908110323060,btc_qm_engine,btc_sha256_nonce,189553612.0000000000
153885504,16908110323241,btc_qm_engine,btc_sha256_elapsed_ns,1904.0000000000
153885505,16908110323821,btc_qm_engine,btc_leading_zeros,0.0000000000
153885506,16908110324107,btc_qm_engine,btc_leading_zeros,0.0000000000
153885507,16908110324384,btc_qm_engine,btc_orbital_scan_nonce,189565983.0000000000
153885508,16908110324777,btc_qm_engine,btc_sha256_elapsed_ns,1147.0000000000
153885509,16908110325604,btc_qm_engine,btc_sha256_elapsed_ns,1990.0000000000
153885510,16908110326714,btc_qm_engine,btc_sha256_nonce,189565983.0000000000
153885511,16908110326867,btc_qm_engine,btc_leading_zeros,0.0000000000
153885512,16908110327009,btc_qm_engine,btc_sha256_elapsed_ns,1871.0000000000
153885513,16908110327258,btc_qm_engine,btc_sha256_nonce,1863604220.0000000000
153885514,16908110327382,btc_qm_engine,btc_leading_zeros,0.0000000000
153885515,16908110327469,btc_qm_engine,btc_sha256_elapsed_ns,1155.0000000000
153885516,16908110328906,btc_qm_engine,btc_sha256_nonce,2032105619.0000000000
153885517,16908110329007,btc_qm_engine,btc_leading_zeros,4.0000000000
153885518,16908110329094,btc_qm_engine,btc_sha256_elapsed_ns,1146.0000000000
153885519,16908110329300,btc_qm_engine,btc_orbital_scan_nonce,189544104.0000000000
153885520,16908110329632,btc_qm_engine,btc_sha256_nonce,2345199836.0000000000
153885521,16908110329784,btc_qm_engine,btc_leading_zeros,2.0000000000
153885522,16908110329921,btc_qm_engine,btc_sha256_elapsed_ns,2053.0000000000
153885523,16908110330254,btc_qm_engine,btc_orbital_scan_nonce,189545787.0000000000
153885524,16908110330654,btc_qm_engine,btc_sha256_nonce,189544104.0000000000
153885525,16908110330743,btc_qm_engine,btc_leading_zeros,0.0000000000
153885526,16908110330845,btc_qm_engine,btc_sha256_elapsed_ns,1145.0000000000
153885527,16908110332284,btc_qm_engine,btc_sha256_nonce,3351690802.0000000000
153885528,16908110332368,btc_qm_engine,btc_leading_zeros,2.0000000000
153885529,16908110332588,btc_qm_engine,btc_sha256_elapsed_ns,1147.0000000000
153885530,16908110332863,btc_qm_engine,btc_sha256_nonce,1824174928.0000000000
153885531,16908110333053,btc_qm_engine,btc_leading_zeros,0.0000000000
153885532,16908110333153,btc_qm_engine,btc_sha256_elapsed_ns,1798.0000000000
153885533,16908110333659,btc_qm_engine,btc_sha256_nonce,189545787.0000000000
153885534,16908110333901,btc_qm_engine,btc_lebesgue_scan_nonce,11.0000000000
153885535,16908110334479,btc_qm_engine,btc_leading_zeros,2.0000000000
153885536,16908110334648,btc_qm_engine,btc_sha256_elapsed_ns,1977.0000000000
153885537,16908110335306,btc_qm_engine,btc_sha256_nonce,189594269.0000000000
153885538,16908110335648,btc_qm_engine,btc_leading_zeros,1.0000000000
153885539,16908110336069,btc_qm_engine,btc_sha256_elapsed_ns,1148.0000000000
153885540,16908110336372,btc_qm_engine,btc_sha256_nonce,798421684.0000000000
153885541,16908110337005,btc_qm_engine,btc_sha256_nonce,189579311.0000000000
153885542,16908110337302,btc_qm_engine,btc_sha256_nonce,1935742705.0000000000
153885543,16908110337461,btc_qm_engine,btc_leading_zeros,0.0000000000
153885544,16908110337596,btc_qm_engine,btc_sha256_elapsed_ns,2036.0000000000
153885545,16908110338056,btc_qm_engine,btc_sha256_nonce,4124437080.0000000000
153885546,16908110338361,btc_qm_engine,btc_leading_zeros,1.0000000000
153885547,16908110338507,btc_qm_engine,btc_sha256_elapsed_ns,1972.0000000000
153885548,16908110338738,btc_qm_engine,btc_leading_zeros,1.0000000000
153885549,16908110338881,btc_qm_engine,btc_leading_zeros,0.0000000000
153885550,16908110339313,btc_qm_engine,btc_orbital_scan_nonce,189574591.0000000000
153885551,16908110339856,btc_qm_engine,btc_sha256_elapsed_ns,1149.0000000000
153885552,16908110340211,btc_qm_engine,btc_sha256_nonce,3147802381.0000000000
153885553,16908110340989,btc_qm_engine,btc_sha256_elapsed_ns,1785.0000000000
153885554,16908110341269,btc_qm_engine,btc_leading_zeros,0.0000000000
153885555,16908110341467,btc_qm_engine,btc_sha256_elapsed_ns,1936.0000000000
153885556,16908110341779,btc_qm_engine,btc_sha256_nonce,950508323.0000000000
153885557,16908110342054,btc_qm_engine,btc_leading_zeros,0.0000000000
153885558,16908110342290,btc_qm_engine,btc_sha256_nonce,189574591.0000000000
153885559,16908110342447,btc_qm_engine,btc_leading_zeros,2.0000000000
153885560,16908110342872,btc_qm_engine,btc_sha256_elapsed_ns,1970.0000000000
153885561,16908110343400,btc_qm_engine,btc_sha256_elapsed_ns,1185.0000000000
153885562,16908110343896,btc_qm_engine,btc_sha256_nonce,2978516416.0000000000
153885563,16908110344039,btc_qm_engine,btc_leading_zeros,0.0000000000
153885564,16908110344136,btc_qm_engine,btc_sha256_elapsed_ns,1934.0000000000
153885565,16908110344483,btc_qm_engine,btc_lebesgue_scan_nonce,11.0000000000
153885566,16908110346085,btc_qm_engine,btc_sha256_nonce,1887617281.0000000000
153885567,16908110346237,btc_qm_engine,btc_leading_zeros,4.0000000000
153885568,16908110346353,btc_qm_engine,btc_sha256_elapsed_ns,2176.0000000000
153885569,16908110346589,btc_qm_engine,btc_sha256_nonce,189463250.0000000000
153885570,16908110346737,btc_qm_engine,btc_leading_zeros,0.0000000000
153885571,16908110346873,btc_qm_engine,btc_sha256_elapsed_ns,1848.0000000000
153885572,16908110347241,btc_qm_engine,btc_lebesgue_scan_nonce,4.0000000000
153885573,16908110348870,btc_qm_engine,btc_sha256_nonce,1304305482.0000000000
153885574,16908110349021,btc_qm_engine,btc_leading_zeros,4.0000000000
153885575,16908110349159,btc_qm_engine,btc_sha256_elapsed_ns,1987.0000000000
153885576,16908110349669,btc_qm_engine,btc_sha256_nonce,773068140.0000000000
153885577,16908110350924,btc_qm_engine,btc_lebesgue_scan_nonce,26.0000000000
153885578,16908110351859,btc_qm_engine,btc_leading_zeros,2.0000000000
153885579,16908110352711,btc_qm_engine,btc_sha256_elapsed_ns,1158.0000000000
153885580,16908110352903,btc_qm_engine,btc_orbital_scan_nonce,189579221.0000000000
153885581,16908110353071,btc_qm_engine,btc_orbital_scan_nonce,189566253.0000000000
153885582,16908110354297,btc_qm_engine,btc_sha256_nonce,189579221.0000000000
153885583,16908110354419,btc_qm_engine,btc_leading_zeros,0.0000000000
153885584,16908110354507,btc_qm_engine,btc_sha256_elapsed_ns,1146.0000000000
153885585,16908110355266,btc_qm_engine,btc_sha256_nonce,189566253.0000000000
153885586,16908110355392,btc_qm_engine,btc_leading_zeros,1.0000000000
153885587,16908110355483,btc_qm_engine,btc_sha256_elapsed_ns,1438.0000000000
153885588,16908110356012,btc_qm_engine,btc_sha256_nonce,2829352476.0000000000
153885589,16908110356136,btc_qm_engine,btc_leading_zeros,0.0000000000
153885590,16908110356248,btc_qm_engine,btc_sha256_elapsed_ns,1142.0000000000
153885591,16908110357669,btc_qm_engine,btc_sha256_nonce,1491770243.0000000000
153885592,16908110357786,btc_qm_engine,btc_leading_zeros,1.0000000000
153885593,16908110357918,btc_qm_engine,btc_sha256_elapsed_ns,1152.0000000000
153885594,16908110358086,btc_qm_engine,btc_sha256_nonce,2979010907.0000000000
153885595,16908110358243,btc_qm_engine,btc_leading_zeros,1.0000000000
153885596,16908110358390,btc_qm_engine,btc_sha256_elapsed_ns,2107.0000000000
153885597,16908110358637,btc_qm_engine,btc_sha256_nonce,189559330.0000000000
153885598,16908110358784,btc_qm_engine,btc_leading_zeros,1.0000000000
153885599,16908110358915,btc_qm_engine,btc_sha256_elapsed_ns,2110.0000000000
153885600,16908110359401,btc_qm_engine,btc_sha256_nonce,4030974371.0000000000
153885601,16908110359524,btc_qm_engine,btc_leading_zeros,0.0000000000
153885602,16908110359609,btc_qm_engine,btc_sha256_elapsed_ns,1142.0000000000
153885603,16908110359826,btc_qm_engine,btc_lebesgue_scan_nonce,13.0000000000
153885604,16908110361081,btc_qm_engine,btc_sha256_nonce,3673415158.0000000000
153885605,16908110361439,btc_qm_engine,btc_sha256_nonce,189523827.0000000000
153885606,16908110361949,btc_qm_engine,btc_leading_zeros,1.0000000000
153885607,16908110362036,btc_qm_engine,btc_sha256_elapsed_ns,1140.0000000000
153885608,16908110362425,btc_qm_engine,btc_leading_zeros,0.0000000000
153885609,16908110363201,btc_qm_engine,btc_lebesgue_scan_nonce,5.0000000000
153885610,16908110363871,btc_qm_engine,btc_sha256_nonce,1005870613.0000000000
153885611,16908110364407,btc_qm_engine,btc_leading_zeros,4.0000000000
153885612,16908110364497,btc_qm_engine,btc_sha256_elapsed_ns,2082.0000000000
153885613,16908110365404,btc_qm_engine,btc_sha256_nonce,189481093.0000000000
153885614,16908110365538,btc_qm_engine,btc_leading_zeros,0.0000000000
153885615,16908110365626,btc_qm_engine,btc_sha256_elapsed_ns,1151.0000000000
153885616,16908110366326,btc_qm_engine,btc_sha256_nonce,1553875154.0000000000
153885617,16908110366466,btc_qm_engine,btc_leading_zeros,3.0000000000
153885618,16908110366583,btc_qm_engine,btc_sha256_elapsed_ns,1450.0000000000
153885619,16908110367149,btc_qm_engine,btc_sha256_nonce,4030239806.0000000000
153885620,16908110367283,btc_qm_engine,btc_leading_zeros,1.0000000000
153885621,16908110367648,btc_qm_engine,btc_sha256_elapsed_ns,1149.0000000000
153885622,16908110368371,btc_qm_engine,btc_sha256_elapsed_ns,2164.0000000000
153885623,16908110368833,btc_qm_engine,btc_sha256_nonce,1004933865.0000000000
153885624,16908110368989,btc_qm_engine,btc_leading_zeros,0.0000000000
153885625,16908110369147,btc_qm_engine,btc_sha256_elapsed_ns,1875.0000000000
153885626,16908110369470,btc_qm_engine,btc_sha256_nonce,4031622473.0000000000
153885627,16908110369604,btc_qm_engine,btc_leading_zeros,2.0000000000
153885628,16908110369691,btc_qm_engine,btc_sha256_elapsed_ns,1145.0000000000
153885629,16908110369983,btc_qm_engine,btc_lebesgue_scan_nonce,12.0000000000
153885630,16908110371264,btc_qm_engine,btc_sha256_nonce,189505756.0000000000
153885631,16908110371353,btc_qm_engine,btc_leading_zeros,1.0000000000
153885632,16908110371441,btc_qm_engine,btc_sha256_elapsed_ns,1144.0000000000
153885633,16908110371613,btc_qm_engine,btc_sha256_nonce,4236705666.0000000000
153885634,16908110372264,btc_qm_engine,btc_leading_zeros,0.0000000000
153885635,16908110372856,btc_qm_engine,btc_sha256_nonce,189544170.0000000000
153885636,16908110374409,btc_qm_engine,btc_sha256_elapsed_ns,2188.0000000000
153885637,16908110374786,btc_qm_engine,btc_sha256_nonce,4098693190.0000000000
153885638,16908110375212,btc_qm_engine,btc_leading_zeros,0.0000000000
153885639,16908110375303,btc_qm_engine,btc_sha256_elapsed_ns,1152.0000000000
153885640,16908110375618,btc_qm_engine,btc_lebesgue_scan_nonce,11.0000000000
153885641,16908110376275,btc_qm_engine,btc_orbital_scan_nonce,189638218.0000000000
153885642,16908110377019,btc_qm_engine,btc_leading_zeros,1.0000000000
153885643,16908110377218,btc_qm_engine,btc_sha256_elapsed_ns,2049.0000000000
153885644,16908110378069,btc_qm_engine,btc_sha256_nonce,189638218.0000000000
153885645,16908110378197,btc_qm_engine,btc_leading_zeros,1.0000000000
153885646,16908110378316,btc_qm_engine,btc_sha256_elapsed_ns,1155.0000000000
153885647,16908110378497,btc_qm_engine,btc_sha256_nonce,189624946.0000000000
153885648,16908110378837,btc_qm_engine,btc_orbital_scan_nonce,189597396.0000000000
153885649,16908110379174,btc_qm_engine,btc_leading_zeros,2.0000000000
153885650,16908110379838,btc_qm_engine,btc_sha256_elapsed_ns,2009.0000000000
153885651,16908110380122,btc_qm_engine,btc_sha256_nonce,1336166954.0000000000
153885652,16908110380373,btc_qm_engine,btc_lebesgue_scan_nonce,1.0000000000
153885653,16908110381473,btc_qm_engine,btc_sha256_nonce,189597396.0000000000
153885654,16908110381664,btc_qm_engine,btc_leading_zeros,0.0000000000
153885655,16908110382051,btc_qm_engine,btc_leading_zeros,0.0000000000
153885656,16908110382189,btc_qm_engine,btc_sha256_elapsed_ns,1144.0000000000
153885657,16908110382452,btc_qm_engine,btc_sha256_elapsed_ns,2293.0000000000
153885658,16908110383309,btc_qm_engine,btc_orbital_scan_nonce,189633299.0000000000
153885659,16908110383861,btc_qm_engine,btc_sha256_nonce,189407108.0000000000
153885660,16908110384002,btc_qm_engine,btc_leading_zeros,1.0000000000
153885661,16908110384128,btc_qm_engine,btc_sha256_elapsed_ns,1862.0000000000
153885662,16908110384495,btc_qm_engine,btc_orbital_scan_nonce,189552294.0000000000
153885663,16908110385553,btc_qm_engine,btc_sha256_nonce,189633299.0000000000
153885664,16908110385691,btc_qm_engine,btc_leading_zeros,3.0000000000
153885665,16908110385812,btc_qm_engine,btc_sha256_elapsed_ns,1151.0000000000
153885666,16908110386013,btc_qm_engine,btc_orbital_scan_nonce,189592755.0000000000
153885667,16908110386938,btc_qm_engine,btc_sha256_nonce,189552294.0000000000
153885668,16908110387088,btc_qm_engine,btc_leading_zeros,3.0000000000
153885669,16908110387222,btc_qm_engine,btc_sha256_elapsed_ns,2128.0000000000
153885670,16908110387538,btc_qm_engine,btc_sha256_nonce,189592755.0000000000
153885671,16908110387874,btc_qm_engine,btc_orbital_scan_nonce,189607069.0000000000
153885672,16908110388254,btc_qm_engine,btc_leading_zeros,0.0000000000
153885673,16908110388366,btc_qm_engine,btc_sha256_elapsed_ns,1146.0000000000
153885674,16908110388576,btc_qm_engine,btc_orbital_scan_nonce,189616806.0000000000
153885675,16908110389017,btc_qm_engine,btc_lebesgue_scan_nonce,25.0000000000
153885676,16908110390006,btc_qm_engine,btc_sha256_nonce,189616806.0000000000
153885677,16908110390128,btc_qm_engine,btc_leading_zeros,0.0000000000
153885678,16908110390214,btc_qm_engine,btc_sha256_elapsed_ns,1147.0000000000
153885679,16908110391556,btc_qm_engine,btc_sha256_nonce,189607069.0000000000
153885680,16908110392277,btc_qm_engine,btc_sha256_nonce,189634884.0000000000
153885681,16908110392422,btc_qm_engine,btc_leading_zeros,0.0000000000
153885682,16908110392749,btc_qm_engine,btc_leading_zeros,0.0000000000
153885683,16908110392953,btc_qm_engine,btc_sha256_elapsed_ns,2275.0000000000
153885684,16908110393320,btc_qm_engine,btc_lebesgue_scan_nonce,13.0000000000
153885685,16908110393676,btc_qm_engine,btc_sha256_elapsed_ns,2173.0000000000
153885686,16908110394143,btc_qm_engine,btc_sha256_nonce,736985790.0000000000
153885687,16908110395022,btc_qm_engine,btc_leading_zeros,0.0000000000
153885688,16908110395156,btc_qm_engine,btc_sha256_elapsed_ns,2139.0000000000
153885689,16908110395589,btc_qm_engine,btc_orbital_scan_nonce,189601730.0000000000
153885690,16908110396096,btc_qm_engine,btc_sha256_nonce,189454346.0000000000
153885691,16908110396241,btc_qm_engine,btc_leading_zeros,0.0000000000
153885692,16908110396384,btc_qm_engine,btc_sha256_elapsed_ns,2009.0000000000
153885693,16908110397990,btc_qm_engine,btc_sha256_nonce,189601730.0000000000
153885694,16908110398139,btc_qm_engine,btc_leading_zeros,2.0000000000
153885695,16908110398287,btc_qm_engine,btc_sha256_elapsed_ns,2161.0000000000
153885696,16908110398954,btc_qm_engine,btc_sha256_nonce,1720611689.0000000000
153885697,16908110399102,btc_qm_engine,btc_leading_zeros,0.0000000000
153885698,16908110399246,btc_qm_engine,btc_sha256_elapsed_ns,2161.0000000000
153885699,16908110399562,btc_qm_engine,btc_lebesgue_scan_nonce,20.0000000000
153885700,16908110400130,btc_qm_engine,btc_sha256_nonce,3741580393.0000000000
153885701,16908110400273,btc_qm_engine,btc_leading_zeros,0.0000000000
153885702,16908110400409,btc_qm_engine,btc_sha256_elapsed_ns,1872.0000000000
153885703,16908110400758,btc_qm_engine,btc_lebesgue_scan_nonce,8.0000000000
153885704,16908110401038,btc_qm_engine,btc_sha256_nonce,1006390637.0000000000
153885705,16908110401191,btc_qm_engine,btc_leading_zeros,0.0000000000
153885706,16908110401332,btc_qm_engine,btc_sha256_elapsed_ns,2222.0000000000
153885707,16908110401915,btc_qm_engine,btc_sha256_nonce,189688931.0000000000
153885708,16908110402061,btc_qm_engine,btc_leading_zeros,0.0000000000
153885709,16908110402831,btc_qm_engine,btc_sha256_nonce,2920044590.0000000000
153885710,16908110403201,btc_qm_engine,btc_sha256_nonce,189650081.0000000000
153885711,16908110403479,btc_qm_engine,btc_leading_zeros,1.0000000000
153885712,16908110403605,btc_qm_engine,btc_sha256_elapsed_ns,1145.0000000000
153885713,16908110403877,btc_qm_engine,btc_orbital_scan_nonce,189586677.0000000000
153885714,16908110404239,btc_qm_engine,btc_sha256_elapsed_ns,2135.0000000000
153885715,16908110405142,btc_qm_engine,btc_leading_zeros,8.0000000000
153885716,16908110405433,btc_qm_engine,btc_sha256_nonce,189586677.0000000000
153885717,16908110405553,btc_qm_engine,btc_leading_zeros,0.0000000000
153885718,16908110405640,btc_qm_engine,btc_sha256_elapsed_ns,1170.0000000000
153885719,16908110405892,btc_qm_engine,btc_lebesgue_scan_nonce,10.0000000000
153885720,16908110407195,btc_qm_engine,btc_sha256_nonce,189450429.0000000000
153885721,16908110407303,btc_qm_engine,btc_leading_zeros,4.0000000000
153885722,16908110407388,btc_qm_engine,btc_sha256_elapsed_ns,1157.0000000000
153885723,16908110407595,btc_qm_engine,btc_lebesgue_scan_nonce,1.0000000000
153885724,16908110407886,btc_qm_engine,btc_sha256_nonce,52115503.0000000000
153885725,16908110408561,btc_qm_engine,btc_leading_zeros,0.0000000000
153885726,16908110408707,btc_qm_engine,btc_sha256_elapsed_ns,2065.0000000000
153885727,16908110409085,btc_qm_engine,btc_sha256_nonce,189471166.0000000000
153885728,16908110409232,btc_qm_engine,btc_leading_zeros,0.0000000000
153885729,16908110409321,btc_qm_engine,btc_sha256_elapsed_ns,1147.0000000000
153885730,16908110409552,btc_qm_engine,btc_orbital_scan_nonce,189595699.0000000000
153885731,16908110409844,btc_qm_engine,btc_sha256_elapsed_ns,2114.0000000000
153885732,16908110411061,btc_qm_engine,btc_sha256_nonce,189595699.0000000000
153885733,16908110411417,btc_qm_engine,btc_leading_zeros,1.0000000000
153885734,16908110411852,btc_qm_engine,btc_sha256_elapsed_ns,1151.0000000000
153885735,16908110412077,btc_qm_engine,btc_lebesgue_scan_nonce,28.0000000000
153885736,16908110412388,btc_qm_engine,btc_sha256_nonce,3318251812.0000000000
153885737,16908110412550,btc_qm_engine,btc_leading_zeros,1.0000000000
153885738,16908110412687,btc_qm_engine,btc_sha256_elapsed_ns,1932.0000000000
153885739,16908110413104,btc_qm_engine,btc_sha256_nonce,3274814356.0000000000
153885740,16908110413936,btc_qm_engine,btc_leading_zeros,0.0000000000
153885741,16908110414064,btc_qm_engine,btc_sha256_elapsed_ns,2000.0000000000
153885742,16908110414413,btc_qm_engine,btc_sha256_nonce,189555052.0000000000
153885743,16908110414544,btc_qm_engine,btc_leading_zeros,0.0000000000
153885744,16908110414701,btc_qm_engine,btc_sha256_elapsed_ns,1156.0000000000
153885745,16908110414818,btc_qm_engine,btc_sha256_nonce,1688612838.0000000000
153885746,16908110415570,btc_qm_engine,btc_leading_zeros,0.0000000000
153885747,16908110415708,btc_qm_engine,btc_sha256_elapsed_ns,2098.0000000000
153885748,16908110415914,btc_qm_engine,btc_orbital_scan_nonce,189622444.0000000000
153885749,16908110416291,btc_qm_engine,btc_orbital_scan_nonce,189579118.0000000000
153885750,16908110417049,btc_qm_engine,btc_sha256_nonce,3656311087.0000000000
153885751,16908110417607,btc_qm_engine,btc_sha256_nonce,1782986328.0000000000
153885752,16908110418136,btc_qm_engine,btc_leading_zeros,0.0000000000
153885753,16908110418526,btc_qm_engine,btc_leading_zeros,0.0000000000
153885754,16908110418856,btc_qm_engine,btc_sha256_nonce,189622444.0000000000
153885755,16908110419003,btc_qm_engine,btc_leading_zeros,2.0000000000
153885756,16908110419240,btc_qm_engine,btc_sha256_nonce,189579118.0000000000
153885757,16908110419560,btc_qm_engine,btc_sha256_elapsed_ns,2069.0000000000
153885758,16908110419844,btc_qm_engine,btc_sha256_elapsed_ns,1147.0000000000
153885759,16908110420321,btc_qm_engine,btc_sha256_elapsed_ns,2011.0000000000
153885760,16908110420548,btc_qm_engine,btc_leading_zeros,3.0000000000
153885761,16908110420707,btc_qm_engine,btc_sha256_elapsed_ns,1977.0000000000
153885762,16908110421027,btc_qm_engine,btc_lebesgue_scan_nonce,19.0000000000
153885763,16908110421931,btc_qm_engine,btc_sha256_nonce,519817539.0000000000
153885764,16908110422293,btc_qm_engine,btc_leading_zeros,1.0000000000
153885765,16908110423236,btc_qm_engine,btc_sha256_elapsed_ns,1153.0000000000
153885766,16908110423626,btc_qm_engine,btc_sha256_nonce,3483985808.0000000000
153885767,16908110424890,btc_qm_engine,btc_sha256_nonce,189491023.0000000000
153885768,16908110425192,btc_qm_engine,btc_leading_zeros,1.0000000000
153885769,16908110425349,btc_qm_engine,btc_sha256_elapsed_ns,1998.0000000000
153885770,16908110425664,btc_qm_engine,btc_leading_zeros,1.0000000000
153885771,16908110425803,btc_qm_engine,btc_sha256_elapsed_ns,1924.0000000000
153885772,16908110427856,btc_qm_engine,btc_sha256_nonce,3050971453.0000000000
153885773,16908110428001,btc_qm_engine,btc_leading_zeros,1.0000000000
153885774,16908110428143,btc_qm_engine,btc_sha256_elapsed_ns,2081.0000000000
153885775,16908110428335,btc_qm_engine,btc_sha256_nonce,1007233784.0000000000
153885776,16908110428506,btc_qm_engine,btc_leading_zeros,1.0000000000
153885777,16908110428628,btc_qm_engine,btc_sha256_elapsed_ns,2067.0000000000
153885778,16908110429564,btc_qm_engine,btc_sha256_nonce,3169572429.0000000000
153885779,16908110429697,btc_qm_engine,btc_leading_zeros,0.0000000000
153885780,16908110429784,btc_qm_engine,btc_sha256_elapsed_ns,1161.0000000000
153885781,16908110430484,btc_qm_engine,btc_sha256_nonce,800171768.0000000000
153885782,16908110430650,btc_qm_engine,btc_leading_zeros,0.0000000000
153885783,16908110430763,btc_qm_engine,btc_sha256_elapsed_ns,1812.0000000000
153885784,16908110431371,btc_qm_engine,btc_sha256_nonce,2069302955.0000000000
153885785,16908110431953,btc_qm_engine,btc_sha256_nonce,2972803716.0000000000
153885786,16908110432214,btc_qm_engine,btc_leading_zeros,0.0000000000
153885787,16908110432362,btc_qm_engine,btc_sha256_elapsed_ns,2179.0000000000
153885788,16908110432578,btc_qm_engine,btc_leading_zeros,0.0000000000
153885789,16908110432695,btc_qm_engine,btc_sha256_elapsed_ns,1147.0000000000
153885790,16908110433019,btc_qm_engine,btc_orbital_scan_nonce,189596671.0000000000
153885791,16908110433282,btc_qm_engine,btc_sha256_nonce,800594576.0000000000
153885792,16908110433445,btc_qm_engine,btc_leading_zeros,0.0000000000
153885793,16908110433550,btc_qm_engine,btc_sha256_elapsed_ns,2027.0000000000
153885794,16908110433818,btc_qm_engine,btc_sha256_nonce,2554517868.0000000000
153885795,16908110434102,btc_qm_engine,btc_lebesgue_scan_nonce,1.0000000000
153885796,16908110434334,btc_qm_engine,btc_sha256_nonce,525263683.0000000000
153885797,16908110434447,btc_qm_engine,btc_leading_zeros,4.0000000000
153885798,16908110434539,btc_qm_engine,btc_sha256_elapsed_ns,1152.0000000000
153885799,16908110434855,btc_qm_engine,btc_leading_zeros,0.0000000000
153885800,16908110435456,btc_qm_engine,btc_lebesgue_scan_nonce,4.0000000000
153885801,16908110435665,btc_qm_engine,btc_sha256_elapsed_ns,2008.0000000000
153885802,16908110436417,btc_qm_engine,btc_sha256_nonce,189753603.0000000000
153885803,16908110437127,btc_qm_engine,btc_sha256_nonce,189676902.0000000000
153885804,16908110437254,btc_qm_engine,btc_leading_zeros,0.0000000000
153885805,16908110437534,btc_qm_engine,btc_leading_zeros,0.0000000000
153885806,16908110437678,btc_qm_engine,btc_sha256_elapsed_ns,2010.0000000000
153885807,16908110437894,btc_qm_engine,btc_sha256_elapsed_ns,1157.0000000000
153885808,16908110438130,btc_qm_engine,btc_orbital_scan_nonce,189639004.0000000000
153885809,16908110438451,btc_qm_engine,btc_orbital_scan_nonce,189575845.0000000000
153885810,16908110438796,btc_qm_engine,btc_sha256_nonce,2212961105.0000000000
153885811,16908110438934,btc_qm_engine,btc_leading_zeros,0.0000000000
153885812,16908110439047,btc_qm_engine,btc_sha256_elapsed_ns,1993.0000000000
153885813,16908110439832,btc_qm_engine,btc_sha256_nonce,189596671.0000000000
153885814,16908110440557,btc_qm_engine,btc_sha256_nonce,189575845.0000000000
153885815,16908110441434,btc_qm_engine,btc_sha256_nonce,189639004.0000000000
153885816,16908110441699,btc_qm_engine,btc_leading_zeros,1.0000000000
153885817,16908110441828,btc_qm_engine,btc_sha256_elapsed_ns,1160.0000000000
153885818,16908110442027,btc_qm_engine,btc_sha256_nonce,1959824549.0000000000
153885819,16908110442452,btc_qm_engine,btc_leading_zeros,1.0000000000
153885820,16908110442988,btc_qm_engine,btc_orbital_scan_nonce,189574127.0000000000
153885821,16908110443336,btc_qm_engine,btc_leading_zeros,1.0000000000
153885822,16908110443509,btc_qm_engine,btc_leading_zeros,3.0000000000
153885823,16908110443861,btc_qm_engine,btc_sha256_elapsed_ns,2016.0000000000
153885824,16908110444173,btc_qm_engine,btc_sha256_elapsed_ns,1912.0000000000
153885825,16908110444980,btc_qm_engine,btc_sha256_nonce,189574127.0000000000
153885826,16908110445228,btc_qm_engine,btc_orbital_scan_nonce,189607736.0000000000
153885827,16908110445781,btc_qm_engine,btc_sha256_elapsed_ns,1969.0000000000
153885828,16908110446482,btc_qm_engine,btc_leading_zeros,2.0000000000
153885829,16908110446847,btc_qm_engine,btc_orbital_scan_nonce,189626654.0000000000
153885830,16908110447141,btc_qm_engine,btc_sha256_elapsed_ns,1155.0000000000
153885831,16908110447411,btc_qm_engine,btc_sha256_nonce,189607736.0000000000
153885832,16908110447568,btc_qm_engine,btc_leading_zeros,0.0000000000
153885833,16908110447990,btc_qm_engine,btc_orbital_scan_nonce,189603004.0000000000
153885834,16908110448775,btc_qm_engine,btc_sha256_elapsed_ns,1888.0000000000
153885835,16908110449071,btc_qm_engine,btc_sha256_nonce,189626654.0000000000
153885836,16908110449217,btc_qm_engine,btc_leading_zeros,2.0000000000
153885837,16908110449368,btc_qm_engine,btc_sha256_elapsed_ns,1917.0000000000
153885838,16908110449616,btc_qm_engine,btc_orbital_scan_nonce,189544104.0000000000
153885839,16908110449921,btc_qm_engine,btc_orbital_scan_nonce,189592528.0000000000
153885840,16908110450728,btc_qm_engine,btc_sha256_nonce,189603004.0000000000
153885841,16908110451122,btc_qm_engine,btc_sha256_nonce,846491594.0000000000
153885842,16908110451408,btc_qm_engine,btc_leading_zeros,0.0000000000
153885843,16908110452174,btc_qm_engine,btc_sha256_elapsed_ns,1148.0000000000
153885844,16908110452484,btc_qm_engine,btc_sha256_nonce,189592528.0000000000
153885845,16908110452648,btc_qm_engine,btc_sha256_nonce,189544104.0000000000
153885846,16908110453262,btc_qm_engine,btc_leading_zeros,2.0000000000
153885847,16908110453587,btc_qm_engine,btc_leading_zeros,1.0000000000
153885848,16908110453736,btc_qm_engine,btc_sha256_elapsed_ns,2141.0000000000
153885849,16908110454034,btc_qm_engine,btc_sha256_elapsed_ns,6690.0000000000
153885850,16908110454408,btc_qm_engine,btc_leading_zeros,0.0000000000
153885851,16908110454772,btc_qm_engine,btc_sha256_nonce,3512538010.0000000000
153885852,16908110454915,btc_qm_engine,btc_leading_zeros,0.0000000000
153885853,16908110455056,btc_qm_engine,btc_sha256_elapsed_ns,2045.0000000000
153885854,16908110455296,btc_qm_engine,btc_sha256_elapsed_ns,2089.0000000000
153885855,16908110455607,btc_qm_engine,btc_orbital_scan_nonce,189587571.0000000000
153885856,16908110456140,btc_qm_engine,btc_sha256_nonce,216025753.0000000000
153885857,16908110456313,btc_qm_engine,btc_lebesgue_scan_nonce,23.0000000000
153885858,16908110456718,btc_qm_engine,btc_leading_zeros,0.0000000000
153885859,16908110457441,btc_qm_engine,btc_orbital_scan_nonce,189560519.0000000000
153885860,16908110458228,btc_qm_engine,btc_sha256_elapsed_ns,1868.0000000000
153885861,16908110458554,btc_qm_engine,btc_sha256_nonce,189587571.0000000000
153885862,16908110458695,btc_qm_engine,btc_leading_zeros,0.0000000000
153885863,16908110458806,btc_qm_engine,btc_sha256_elapsed_ns,2019.0000000000
153885864,16908110459076,btc_qm_engine,btc_lebesgue_scan_nonce,13.0000000000
153885865,16908110459274,btc_qm_engine,btc_sha256_nonce,189521830.0000000000
153885866,16908110459418,btc_qm_engine,btc_leading_zeros,0.0000000000
153885867,16908110459532,btc_qm_engine,btc_sha256_elapsed_ns,2005.0000000000
153885868,16908110459896,btc_qm_engine,btc_orbital_scan_nonce,189554997.0000000000
153885869,16908110460371,btc_qm_engine,btc_sha256_nonce,189560519.0000000000
153885870,16908110460522,btc_qm_engine,btc_leading_zeros,0.0000000000
153885871,16908110460665,btc_qm_engine,btc_sha256_elapsed_ns,2128.0000000000
153885872,16908110460962,btc_qm_engine,btc_sha256_nonce,189471053.0000000000
153885873,16908110461480,btc_qm_engine,btc_sha256_nonce,901832532.0000000000
153885874,16908110462175,btc_qm_engine,btc_sha256_nonce,189554997.0000000000
153885875,16908110462365,btc_qm_engine,btc_leading_zeros,4.0000000000
153885876,16908110462728,btc_qm_engine,btc_leading_zeros,1.0000000000
153885877,16908110462870,btc_qm_engine,btc_sha256_elapsed_ns,2052.0000000000
153885878,16908110463115,btc_qm_engine,btc_sha256_nonce,2641760014.0000000000
153885879,16908110463263,btc_qm_engine,btc_leading_zeros,0.0000000000
153885880,16908110463755,btc_qm_engine,btc_sha256_elapsed_ns,1985.0000000000
153885881,16908110464064,btc_qm_engine,btc_sha256_elapsed_ns,1895.0000000000
153885882,16908110465093,btc_qm_engine,btc_leading_zeros,0.0000000000
153885883,16908110465357,btc_qm_engine,btc_sha256_nonce,3684496765.0000000000
153885884,16908110465502,btc_qm_engine,btc_leading_zeros,0.0000000000
153885885,16908110465631,btc_qm_engine,btc_sha256_elapsed_ns,2010.0000000000
153885886,16908110465953,btc_qm_engine,btc_sha256_elapsed_ns,1448.0000000000
153885887,16908110466928,btc_qm_engine,btc_sha256_nonce,2530349646.0000000000
153885888,16908110467644,btc_qm_engine,btc_leading_zeros,3.0000000000
153885889,16908110467945,btc_qm_engine,btc_sha256_nonce,1895618897.0000000000
153885890,16908110468194,btc_qm_engine,btc_sha256_nonce,3988064368.0000000000
153885891,16908110468337,btc_qm_engine,btc_leading_zeros,0.0000000000
153885892,16908110468473,btc_qm_engine,btc_sha256_elapsed_ns,2008.0000000000
153885893,16908110468858,btc_qm_engine,btc_sha256_nonce,4163221086.0000000000
153885894,16908110469046,btc_qm_engine,btc_leading_zeros,3.0000000000
153885895,16908110470095,btc_qm_engine,btc_sha256_elapsed_ns,1767.0000000000
153885896,16908110470343,btc_qm_engine,btc_sha256_elapsed_ns,1519.0000000000
153885897,16908110470540,btc_qm_engine,btc_leading_zeros,1.0000000000
153885898,16908110470896,btc_qm_engine,btc_sha256_nonce,2347907915.0000000000
153885899,16908110471042,btc_qm_engine,btc_leading_zeros,0.0000000000
153885900,16908110471191,btc_qm_engine,btc_sha256_elapsed_ns,1892.0000000000
153885901,16908110471957,btc_qm_engine,btc_sha256_elapsed_ns,2096.0000000000
153885902,16908110472419,btc_qm_engine,btc_sha256_nonce,2552981863.0000000000
153885903,16908110472566,btc_qm_engine,btc_leading_zeros,1.0000000000
153885904,16908110472659,btc_qm_engine,btc_sha256_elapsed_ns,1549.0000000000
153885905,16908110472983,btc_qm_engine,btc_sha256_nonce,534844065.0000000000
153885906,16908110473241,btc_qm_engine,btc_orbital_scan_nonce,189597912.0000000000
153885907,16908110474198,btc_qm_engine,btc_leading_zeros,0.0000000000
153885908,16908110474428,btc_qm_engine,btc_sha256_nonce,972919922.0000000000
153885909,16908110474569,btc_qm_engine,btc_leading_zeros,0.0000000000
153885910,16908110474883,btc_qm_engine,btc_sha256_elapsed_ns,2228.0000000000
153885911,16908110475718,btc_qm_engine,btc_sha256_nonce,189597912.0000000000
153885912,16908110476227,btc_qm_engine,btc_orbital_scan_nonce,189559387.0000000000
153885913,16908110476764,btc_qm_engine,btc_sha256_nonce,1007514705.0000000000
153885914,16908110477014,btc_qm_engine,btc_leading_zeros,2.0000000000
153885915,16908110477505,btc_qm_engine,btc_leading_zeros,0.0000000000
153885916,16908110477647,btc_qm_engine,btc_sha256_elapsed_ns,2059.0000000000
153885917,16908110478027,btc_qm_engine,btc_sha256_elapsed_ns,1597.0000000000
153885918,16908110478363,btc_qm_engine,btc_lebesgue_scan_nonce,20.0000000000
153885919,16908110479889,btc_qm_engine,btc_sha256_nonce,189559387.0000000000
153885920,16908110480539,btc_qm_engine,btc_leading_zeros,1.0000000000
153885921,16908110480687,btc_qm_engine,btc_sha256_elapsed_ns,1969.0000000000
153885922,16908110481929,btc_qm_engine,btc_sha256_nonce,189523232.0000000000
153885923,16908110482086,btc_qm_engine,btc_leading_zeros,0.0000000000
153885924,16908110482222,btc_qm_engine,btc_sha256_elapsed_ns,2148.0000000000
153885925,16908110483233,btc_qm_engine,btc_sha256_nonce,3314694728.0000000000
153885926,16908110483380,btc_qm_engine,btc_leading_zeros,3.0000000000
153885927,16908110483528,btc_qm_engine,btc_sha256_elapsed_ns,2130.0000000000
153885928,16908110483831,btc_qm_engine,btc_lebesgue_scan_nonce,19.0000000000
153885929,16908110484794,btc_qm_engine,btc_sha256_nonce,110583388.0000000000
153885930,16908110484953,btc_qm_engine,btc_leading_zeros,2.0000000000
153885931,16908110485086,btc_qm_engine,btc_sha256_elapsed_ns,2166.0000000000
153885932,16908110485479,btc_qm_engine,btc_orbital_scan_nonce,189633310.0000000000
153885933,16908110486178,btc_qm_engine,btc_sha256_nonce,189616291.0000000000
153885934,16908110486320,btc_qm_engine,btc_leading_zeros,1.0000000000
153885935,16908110486471,btc_qm_engine,btc_sha256_elapsed_ns,2054.0000000000
153885936,16908110487701,btc_qm_engine,btc_sha256_nonce,3475706671.0000000000
153885937,16908110487858,btc_qm_engine,btc_leading_zeros,1.0000000000
153885938,16908110488229,btc_qm_engine,btc_sha256_nonce,189633310.0000000000
153885939,16908110489031,btc_qm_engine,btc_sha256_nonce,3086609520.0000000000
153885940,16908110489284,btc_qm_engine,btc_sha256_elapsed_ns,2099.0000000000
153885941,16908110489898,btc_qm_engine,btc_leading_zeros,0.0000000000
153885942,16908110490179,btc_qm_engine,btc_leading_zeros,0.0000000000
153885943,16908110490337,btc_qm_engine,btc_sha256_elapsed_ns,1962.0000000000
153885944,16908110490598,btc_qm_engine,btc_sha256_elapsed_ns,1709.0000000000
153885945,16908110492034,btc_qm_engine,btc_sha256_elapsed_ns,1903.0000000000
153885946,16908110492577,btc_qm_engine,btc_sha256_nonce,754446420.0000000000
153885947,16908110492747,btc_qm_engine,btc_leading_zeros,0.0000000000
153885948,16908110493094,btc_qm_engine,btc_sha256_nonce,1940098170.0000000000
153885949,16908110493409,btc_qm_engine,btc_orbital_scan_nonce,189576088.0000000000
153885950,16908110493716,btc_qm_engine,btc_leading_zeros,1.0000000000
153885951,16908110493859,btc_qm_engine,btc_sha256_elapsed_ns,1994.0000000000
153885952,16908110494149,btc_qm_engine,btc_orbital_scan_nonce,189593973.0000000000
153885953,16908110494446,btc_qm_engine,btc_sha256_elapsed_ns,2149.0000000000
153885954,16908110495333,btc_qm_engine,btc_lebesgue_scan_nonce,23.0000000000
153885955,16908110496152,btc_qm_engine,btc_sha256_nonce,189593973.0000000000
153885956,16908110496282,btc_qm_engine,btc_leading_zeros,1.0000000000
153885957,16908110496379,btc_qm_engine,btc_sha256_elapsed_ns,1742.0000000000
153885958,16908110497717,btc_qm_engine,btc_sha256_nonce,189670740.0000000000
153885959,16908110497864,btc_qm_engine,btc_leading_zeros,0.0000000000
153885960,16908110498008,btc_qm_engine,btc_sha256_elapsed_ns,2086.0000000000
153885961,16908110498374,btc_qm_engine,btc_sha256_nonce,950502680.0000000000
153885962,16908110498529,btc_qm_engine,btc_leading_zeros,0.0000000000
153885963,16908110498663,btc_qm_engine,btc_sha256_elapsed_ns,1597.0000000000
153885964,16908110499900,btc_qm_engine,btc_sha256_nonce,189576088.0000000000
153885965,16908110500036,btc_qm_engine,btc_leading_zeros,0.0000000000
153885966,16908110500161,btc_qm_engine,btc_sha256_elapsed_ns,2030.0000000000
153885967,16908110500551,btc_qm_engine,btc_lebesgue_scan_nonce,16.0000000000
153885968,16908110500859,btc_qm_engine,btc_sha256_nonce,2688457552.0000000000
153885969,16908110501579,btc_qm_engine,btc_sha256_nonce,3254692234.0000000000
153885970,16908110501832,btc_qm_engine,btc_leading_zeros,1.0000000000
153885971,16908110501980,btc_qm_engine,btc_sha256_elapsed_ns,2022.0000000000
153885972,16908110502219,btc_qm_engine,btc_leading_zeros,0.0000000000
153885973,16908110502536,btc_qm_engine,btc_orbital_scan_nonce,189597149.0000000000
153885974,16908110502979,btc_qm_engine,btc_sha256_nonce,189511327.0000000000
153885975,16908110503118,btc_qm_engine,btc_leading_zeros,4.0000000000
153885976,16908110503233,btc_qm_engine,btc_sha256_elapsed_ns,2073.0000000000
153885977,16908110503753,btc_qm_engine,btc_sha256_nonce,989630383.0000000000
153885978,16908110505038,btc_qm_engine,btc_leading_zeros,1.0000000000
153885979,16908110505177,btc_qm_engine,btc_sha256_elapsed_ns,2084.0000000000
153885980,16908110505302,btc_qm_engine,btc_sha256_nonce,189597149.0000000000
153885981,16908110505444,btc_qm_engine,btc_leading_zeros,0.0000000000
153885982,16908110505588,btc_qm_engine,btc_sha256_elapsed_ns,1928.0000000000
153885983,16908110505898,btc_qm_engine,btc_orbital_scan_nonce,189636482.0000000000
153885984,16908110510221,btc_qm_engine,btc_sha256_nonce,885481354.0000000000
153885985,16908110510453,btc_qm_engine,btc_leading_zeros,1.0000000000
153885986,16908110511101,btc_qm_engine,btc_sha256_elapsed_ns,4443.0000000000
153885987,16908110511382,btc_qm_engine,btc_sha256_nonce,189636482.0000000000
153885988,16908110511581,btc_qm_engine,btc_lebesgue_scan_nonce,1.0000000000
153885989,16908110512083,btc_qm_engine,btc_leading_zeros,0.0000000000
153885990,16908110512226,btc_qm_engine,btc_sha256_elapsed_ns,4355.0000000000
153885991,16908110513229,btc_qm_engine,btc_lebesgue_scan_nonce,26.0000000000
153885992,16908110513527,btc_qm_engine,btc_orbital_scan_nonce,189630321.0000000000
153885993,16908110513838,btc_qm_engine,btc_sha256_nonce,189681408.0000000000
153885994,16908110513967,btc_qm_engine,btc_leading_zeros,0.0000000000
153885995,16908110514116,btc_qm_engine,btc_sha256_elapsed_ns,2029.0000000000
153885996,16908110515936,btc_qm_engine,btc_sha256_nonce,189630321.0000000000
153885997,16908110516269,btc_qm_engine,btc_leading_zeros,4.0000000000
153885998,16908110516612,btc_qm_engine,btc_sha256_nonce,1704846839.0000000000
153885999,16908110516738,btc_qm_engine,btc_leading_zeros,0.0000000000
153886000,16908110516859,btc_qm_engine,btc_sha256_elapsed_ns,2097.0000000000
153886001,16908110517321,btc_qm_engine,btc_sha256_nonce,189564537.0000000000
153886002,16908110517663,btc_qm_engine,btc_orbital_scan_nonce,189621833.0000000000
153886003,16908110518531,btc_qm_engine,btc_sha256_elapsed_ns,1652.0000000000
153886004,16908110519239,btc_qm_engine,btc_sha256_elapsed_ns,2141.0000000000
153886005,16908110520237,btc_qm_engine,btc_orbital_scan_nonce,189620039.0000000000
153886006,16908110520898,btc_qm_engine,btc_sha256_nonce,189621833.0000000000
153886007,16908110521041,btc_qm_engine,btc_leading_zeros,0.0000000000
153886008,16908110521191,btc_qm_engine,btc_sha256_elapsed_ns,2081.0000000000
153886009,16908110521548,btc_qm_engine,btc_lebesgue_scan_nonce,24.0000000000
153886010,16908110522623,btc_qm_engine,btc_sha256_nonce,189620039.0000000000
153886011,16908110522786,btc_qm_engine,btc_leading_zeros,1.0000000000
153886012,16908110522911,btc_qm_engine,btc_sha256_elapsed_ns,2167.0000000000
153886013,16908110523917,btc_qm_engine,btc_sha256_nonce,189636961.0000000000
153886014,16908110524061,btc_qm_engine,btc_leading_zeros,0.0000000000
153886015,16908110524214,btc_qm_engine,btc_sha256_elapsed_ns,2150.0000000000
153886016,16908110524653,btc_qm_engine,btc_orbital_scan_nonce,189613179.0000000000
153886017,16908110525570,btc_qm_engine,btc_sha256_nonce,2959916827.0000000000
153886018,16908110525714,btc_qm_engine,btc_leading_zeros,0.0000000000
153886019,16908110525853,btc_qm_engine,btc_sha256_elapsed_ns,2170.0000000000
153886020,16908110526559,btc_qm_engine,btc_sha256_nonce,189613179.0000000000
153886021,16908110526681,btc_qm_engine,btc_leading_zeros,0.0000000000
153886022,16908110526945,btc_qm_engine,btc_sha256_nonce,3549867143.0000000000
153886023,16908110527716,btc_qm_engine,btc_sha256_elapsed_ns,1606.0000000000
153886024,16908110527959,btc_qm_engine,btc_leading_zeros,3.0000000000
153886025,16908110528103,btc_qm_engine,btc_sha256_elapsed_ns,2123.0000000000
153886026,16908110528331,btc_qm_engine,btc_sha256_nonce,3718995044.0000000000
153886027,16908110528620,btc_qm_engine,btc_lebesgue_scan_nonce,5.0000000000
153886028,16908110529445,btc_qm_engine,btc_leading_zeros,1.0000000000
153886029,16908110530118,btc_qm_engine,btc_leading_zeros,4.0000000000
153886030,16908110530427,btc_qm_engine,btc_sha256_elapsed_ns,2079.0000000000
153886031,16908110530807,btc_qm_engine,btc_sha256_nonce,189396929.0000000000
153886032,16908110530951,btc_qm_engine,btc_leading_zeros,0.0000000000
153886033,16908110531386,btc_qm_engine,btc_sha256_nonce,311552798.0000000000
153886034,16908110532032,btc_qm_engine,btc_sha256_elapsed_ns,2063.0000000000
153886035,16908110532351,btc_qm_engine,btc_leading_zeros,2.0000000000
153886036,16908110533231,btc_qm_engine,btc_sha256_elapsed_ns,1550.0000000000
153886037,16908110533586,btc_qm_engine,btc_sha256_nonce,1009176756.0000000000
153886038,16908110534538,btc_qm_engine,btc_sha256_elapsed_ns,1945.0000000000
153886039,16908110534714,btc_qm_engine,btc_leading_zeros,1.0000000000
153886040,16908110534857,btc_qm_engine,btc_sha256_elapsed_ns,1976.0000000000
153886041,16908110535206,btc_qm_engine,btc_orbital_scan_nonce,189628627.0000000000
153886042,16908110535351,btc_qm_engine,btc_orbital_scan_nonce,189614227.0000000000
153886043,16908110537592,btc_qm_engine,btc_sha256_nonce,189628627.0000000000
153886044,16908110537719,btc_qm_engine,btc_sha256_nonce,189614227.0000000000
153886045,16908110538326,btc_qm_engine,btc_leading_zeros,1.0000000000
153886046,16908110538466,btc_qm_engine,btc_leading_zeros,0.0000000000
153886047,16908110539130,btc_qm_engine,btc_sha256_elapsed_ns,2147.0000000000
153886048,16908110539284,btc_qm_engine,btc_sha256_elapsed_ns,2168.0000000000
153886049,16908110539982,btc_qm_engine,btc_lebesgue_scan_nonce,11.0000000000
153886050,16908110540707,btc_qm_engine,btc_sha256_nonce,107660303.0000000000
153886051,16908110540866,btc_qm_engine,btc_leading_zeros,1.0000000000
153886052,16908110540987,btc_qm_engine,btc_sha256_elapsed_ns,2008.0000000000
153886053,16908110541300,btc_qm_engine,btc_orbital_scan_nonce,189644104.0000000000
153886054,16908110541900,btc_qm_engine,btc_sha256_nonce,2878946849.0000000000
153886055,16908110542062,btc_qm_engine,btc_leading_zeros,0.0000000000
153886056,16908110542207,btc_qm_engine,btc_sha256_elapsed_ns,2142.0000000000
153886057,16908110542396,btc_qm_engine,btc_sha256_nonce,189747186.0000000000
153886058,16908110543003,btc_qm_engine,btc_leading_zeros,1.0000000000
153886059,16908110543152,btc_qm_engine,btc_sha256_elapsed_ns,2115.0000000000
153886060,16908110543413,btc_qm_engine,btc_lebesgue_scan_nonce,0.0000000000
153886061,16908110543681,btc_qm_engine,btc_sha256_nonce,189644104.0000000000
153886062,16908110543809,btc_qm_engine,btc_leading_zeros,0.0000000000
153886063,16908110543941,btc_qm_engine,btc_sha256_elapsed_ns,2077.0000000000
153886064,16908110544243,btc_qm_engine,btc_orbital_scan_nonce,189573494.0000000000
153886065,16908110544898,btc_qm_engine,btc_sha256_nonce,281934869.0000000000
153886066,16908110545044,btc_qm_engine,btc_leading_zeros,0.0000000000
153886067,16908110545193,btc_qm_engine,btc_sha256_elapsed_ns,2202.0000000000
153886068,16908110545495,btc_qm_engine,btc_orbital_scan_nonce,189611696.0000000000
153886069,16908110545737,btc_qm_engine,btc_sha256_nonce,1114692947.0000000000
153886070,16908110545888,btc_qm_engine,btc_leading_zeros,3.0000000000
153886071,16908110546034,btc_qm_engine,btc_sha256_elapsed_ns,2109.0000000000
153886072,16908110546564,btc_qm_engine,btc_orbital_scan_nonce,189603510.0000000000
153886073,16908110546802,btc_qm_engine,btc_sha256_nonce,189573494.0000000000
153886074,16908110546935,btc_qm_engine,btc_leading_zeros,1.0000000000
153886075,16908110547047,btc_qm_engine,btc_sha256_elapsed_ns,2090.0000000000
153886076,16908110547329,btc_qm_engine,btc_orbital_scan_nonce,189587306.0000000000
153886077,16908110547495,btc_qm_engine,btc_sha256_nonce,189729627.0000000000
153886078,16908110547817,btc_qm_engine,btc_sha256_nonce,189611696.0000000000
153886079,16908110547970,btc_qm_engine,btc_leading_zeros,0.0000000000
153886080,16908110548272,btc_qm_engine,btc_leading_zeros,0.0000000000
153886081,16908110549174,btc_qm_engine,btc_sha256_nonce,189587306.0000000000
153886082,16908110549673,btc_qm_engine,btc_sha256_nonce,189603510.0000000000
153886083,16908110549831,btc_qm_engine,btc_leading_zeros,0.0000000000
153886084,16908110550704,btc_qm_engine,btc_sha256_elapsed_ns,1942.0000000000
153886085,16908110551006,btc_qm_engine,btc_orbital_scan_nonce,189587669.0000000000
153886086,16908110551823,btc_qm_engine,btc_leading_zeros,2.0000000000
153886087,16908110552357,btc_qm_engine,btc_sha256_elapsed_ns,2079.0000000000
153886088,16908110553962,btc_qm_engine,btc_sha256_nonce,189587669.0000000000
153886089,16908110554123,btc_qm_engine,btc_leading_zeros,4.0000000000
153886090,16908110554265,btc_qm_engine,btc_sha256_elapsed_ns,1964.0000000000
153886091,16908110554838,btc_qm_engine,btc_sha256_nonce,1516136927.0000000000
153886092,16908110555017,btc_qm_engine,btc_leading_zeros,0.0000000000
153886093,16908110555159,btc_qm_engine,btc_sha256_elapsed_ns,1928.0000000000
153886094,16908110556826,btc_qm_engine,btc_sha256_nonce,411890163.0000000000
153886095,16908110556976,btc_qm_engine,btc_leading_zeros,1.0000000000
153886096,16908110557094,btc_qm_engine,btc_sha256_elapsed_ns,2062.0000000000
153886097,16908110557388,btc_qm_engine,btc_lebesgue_scan_nonce,15.0000000000
153886098,16908110557884,btc_qm_engine,btc_sha256_nonce,1828181833.0000000000
153886099,16908110558799,btc_qm_engine,btc_sha256_elapsed_ns,1520.0000000000
153886100,16908110559630,btc_qm_engine,btc_sha256_nonce,189505879.0000000000
153886101,16908110559799,btc_qm_engine,btc_leading_zeros,0.0000000000
153886102,16908110560359,btc_qm_engine,btc_sha256_elapsed_ns,2259.0000000000
153886103,16908110560768,btc_qm_engine,btc_leading_zeros,1.0000000000
153886104,16908110561442,btc_qm_engine,btc_sha256_elapsed_ns,1992.0000000000
153886105,16908110561649,btc_qm_engine,btc_sha256_nonce,3470125700.0000000000
153886106,16908110561810,btc_qm_engine,btc_leading_zeros,0.0000000000
153886107,16908110561918,btc_qm_engine,btc_sha256_elapsed_ns,1723.0000000000
153886108,16908110562286,btc_qm_engine,btc_lebesgue_scan_nonce,21.0000000000
153886109,16908110562809,btc_qm_engine,btc_sha256_nonce,4276255474.0000000000
153886110,16908110562968,btc_qm_engine,btc_leading_zeros,1.0000000000
153886111,16908110563111,btc_qm_engine,btc_sha256_elapsed_ns,2050.0000000000
153886112,16908110564138,btc_qm_engine,btc_sha256_nonce,2347132373.0000000000
153886113,16908110564271,btc_qm_engine,btc_leading_zeros,1.0000000000
153886114,16908110564614,btc_qm_engine,btc_sha256_nonce,189684028.0000000000
153886115,16908110564765,btc_qm_engine,btc_leading_zeros,1.0000000000
153886116,16908110564959,btc_qm_engine,btc_sha256_elapsed_ns,2127.0000000000
153886117,16908110565720,btc_qm_engine,btc_sha256_elapsed_ns,2002.0000000000
153886118,16908110566743,btc_qm_engine,btc_sha256_nonce,225354178.0000000000
153886119,16908110567387,btc_qm_engine,btc_leading_zeros,1.0000000000
153886120,16908110567522,btc_qm_engine,btc_sha256_elapsed_ns,2133.0000000000
153886121,16908110567754,btc_qm_engine,btc_sha256_nonce,3768731762.0000000000
153886122,16908110568047,btc_qm_engine,btc_orbital_scan_nonce,189598374.0000000000
153886123,16908110568316,btc_qm_engine,btc_leading_zeros,4.0000000000
153886124,16908110568829,btc_qm_engine,btc_sha256_elapsed_ns,1689.0000000000
153886125,16908110569089,btc_qm_engine,btc_lebesgue_scan_nonce,27.0000000000
153886126,16908110570203,btc_qm_engine,btc_sha256_nonce,189598374.0000000000
153886127,16908110570348,btc_qm_engine,btc_leading_zeros,0.0000000000
153886128,16908110570480,btc_qm_engine,btc_sha256_elapsed_ns,1780.0000000000
153886129,16908110570844,btc_qm_engine,btc_orbital_scan_nonce,189613230.0000000000
153886130,16908110571289,btc_qm_engine,btc_sha256_nonce,189639398.0000000000
153886131,16908110571434,btc_qm_engine,btc_leading_zeros,0.0000000000
153886132,16908110571573,btc_qm_engine,btc_sha256_elapsed_ns,1913.0000000000
153886133,16908110572761,btc_qm_engine,btc_sha256_nonce,1083195753.0000000000
153886134,16908110572916,btc_qm_engine,btc_leading_zeros,1.0000000000
153886135,16908110573837,btc_qm_engine,btc_sha256_elapsed_ns,2127.0000000000
153886136,16908110574092,btc_qm_engine,btc_sha256_nonce,1751349119.0000000000
153886137,16908110574892,btc_qm_engine,btc_sha256_nonce,189613230.0000000000
153886138,16908110575167,btc_qm_engine,btc_leading_zeros,0.0000000000
153886139,16908110575320,btc_qm_engine,btc_sha256_elapsed_ns,2025.0000000000
153886140,16908110575546,btc_qm_engine,btc_leading_zeros,1.0000000000
153886141,16908110575686,btc_qm_engine,btc_sha256_elapsed_ns,1959.0000000000
153886142,16908110576104,btc_qm_engine,btc_lebesgue_scan_nonce,9.0000000000
153886143,16908110577144,btc_qm_engine,btc_sha256_elapsed_ns,2042.0000000000
153886144,16908110577482,btc_qm_engine,btc_sha256_nonce,1026254172.0000000000
153886145,16908110577634,btc_qm_engine,btc_leading_zeros,4.0000000000
153886146,16908110577782,btc_qm_engine,btc_sha256_elapsed_ns,2163.0000000000
153886147,16908110577945,btc_qm_engine,btc_sha256_nonce,2353069132.0000000000
153886148,16908110578128,btc_qm_engine,btc_lebesgue_scan_nonce,12.0000000000
153886149,16908110578539,btc_qm_engine,btc_leading_zeros,0.0000000000
153886150,16908110578689,btc_qm_engine,btc_sha256_elapsed_ns,2128.0000000000
153886151,16908110579073,btc_qm_engine,btc_sha256_nonce,189655919.0000000000
153886152,16908110579343,btc_qm_engine,btc_lebesgue_scan_nonce,4.0000000000
153886153,16908110579592,btc_qm_engine,btc_sha256_nonce,3132024186.0000000000
153886154,16908110579711,btc_qm_engine,btc_leading_zeros,0.0000000000
153886155,16908110579799,btc_qm_engine,btc_sha256_elapsed_ns,1200.0000000000
153886156,16908110579998,btc_qm_engine,btc_leading_zeros,2.0000000000
153886157,16908110580146,btc_qm_engine,btc_sha256_elapsed_ns,1856.0000000000
153886158,16908110580519,btc_qm_engine,btc_sha256_nonce,189739792.0000000000
153886159,16908110580675,btc_qm_engine,btc_leading_zeros,1.0000000000
153886160,16908110580813,btc_qm_engine,btc_sha256_elapsed_ns,2063.0000000000
153886161,16908110581147,btc_qm_engine,btc_lebesgue_scan_nonce,26.0000000000
153886162,16908110581384,btc_qm_engine,btc_sha256_nonce,1124299132.0000000000
153886163,16908110581506,btc_qm_engine,btc_leading_zeros,0.0000000000
153886164,16908110581593,btc_qm_engine,btc_sha256_elapsed_ns,1152.0000000000
153886165,16908110581893,btc_qm_engine,btc_lebesgue_scan_nonce,15.0000000000
153886166,16908110582544,btc_qm_engine,btc_sha256_nonce,351666114.0000000000
153886167,16908110582689,btc_qm_engine,btc_leading_zeros,0.0000000000
153886168,16908110582806,btc_qm_engine,btc_sha256_elapsed_ns,1882.0000000000
153886169,16908110583532,btc_qm_engine,btc_sha256_nonce,189639024.0000000000
153886170,16908110583841,btc_qm_engine,btc_sha256_nonce,189784617.0000000000
153886171,16908110584376,btc_qm_engine,btc_sha256_nonce,189504715.0000000000
153886172,16908110584659,btc_qm_engine,btc_leading_zeros,1.0000000000
153886173,16908110584936,btc_qm_engine,btc_leading_zeros,1.0000000000
153886174,16908110585059,btc_qm_engine,btc_sha256_elapsed_ns,1145.0000000000
153886175,16908110585306,btc_qm_engine,btc_sha256_elapsed_ns,2065.0000000000
153886176,16908110586034,btc_qm_engine,btc_leading_zeros,0.0000000000
153886177,16908110586387,btc_qm_engine,btc_sha256_nonce,798318154.0000000000
153886178,16908110586649,btc_qm_engine,btc_sha256_nonce,1351481319.0000000000
153886179,16908110587130,btc_qm_engine,btc_sha256_elapsed_ns,2106.0000000000
153886180,16908110587467,btc_qm_engine,btc_leading_zeros,2.0000000000
153886181,16908110587585,btc_qm_engine,btc_sha256_elapsed_ns,1149.0000000000
153886182,16908110587702,btc_qm_engine,btc_leading_zeros,0.0000000000
153886183,16908110587929,btc_qm_engine,btc_orbital_scan_nonce,189557105.0000000000
153886184,16908110588498,btc_qm_engine,btc_sha256_elapsed_ns,1955.0000000000
153886185,16908110589326,btc_qm_engine,btc_sha256_nonce,189557105.0000000000
153886186,16908110589907,btc_qm_engine,btc_leading_zeros,1.0000000000
153886187,16908110590001,btc_qm_engine,btc_sha256_elapsed_ns,1148.0000000000
153886188,16908110590246,btc_qm_engine,btc_sha256_nonce,3942723411.0000000000
153886189,16908110590896,btc_qm_engine,btc_sha256_nonce,487338646.0000000000
153886190,16908110591507,btc_qm_engine,btc_leading_zeros,1.0000000000
153886191,16908110591831,btc_qm_engine,btc_sha256_nonce,4104047643.0000000000
153886192,16908110592954,btc_qm_engine,btc_leading_zeros,3.0000000000
153886193,16908110593134,btc_qm_engine,btc_sha256_nonce,4025871669.0000000000
153886194,16908110593593,btc_qm_engine,btc_sha256_elapsed_ns,1964.0000000000
153886195,16908110593822,btc_qm_engine,btc_leading_zeros,0.0000000000
153886196,16908110594303,btc_qm_engine,btc_sha256_elapsed_ns,1989.0000000000
153886197,16908110595128,btc_qm_engine,btc_leading_zeros,4.0000000000
153886198,16908110596196,btc_qm_engine,btc_sha256_elapsed_ns,2163.0000000000
153886199,16908110596396,btc_qm_engine,btc_sha256_nonce,3351047981.0000000000
153886200,16908110596551,btc_qm_engine,btc_leading_zeros,0.0000000000
153886201,16908110596926,btc_qm_engine,btc_orbital_scan_nonce,189544104.0000000000
153886202,16908110597800,btc_qm_engine,btc_sha256_elapsed_ns,1784.0000000000
153886203,16908110598726,btc_qm_engine,btc_orbital_scan_nonce,189553103.0000000000
153886204,16908110600241,btc_qm_engine,btc_sha256_nonce,189544104.0000000000
153886205,16908110600381,btc_qm_engine,btc_leading_zeros,0.0000000000
153886206,16908110600511,btc_qm_engine,btc_sha256_elapsed_ns,2011.0000000000
153886207,16908110600816,btc_qm_engine,btc_sha256_nonce,383423422.0000000000
153886208,16908110601230,btc_qm_engine,btc_sha256_nonce,189553103.0000000000
153886209,16908110601454,btc_qm_engine,btc_sha256_elapsed_ns,1149.0000000000
153886210,16908110602175,btc_qm_engine,btc_lebesgue_scan_nonce,11.0000000000
153886211,16908110602589,btc_qm_engine,btc_leading_zeros,0.0000000000
153886212,16908110603261,btc_qm_engine,btc_sha256_elapsed_ns,2170.0000000000
153886213,16908110603923,btc_qm_engine,btc_sha256_nonce,4031370419.0000000000
153886214,16908110604167,btc_qm_engine,btc_leading_zeros,0.0000000000
153886215,16908110604877,btc_qm_engine,btc_sha256_nonce,189541510.0000000000
153886216,16908110605015,btc_qm_engine,btc_leading_zeros,0.0000000000
153886217,16908110605154,btc_qm_engine,btc_sha256_elapsed_ns,1953.0000000000
153886218,16908110605446,btc_qm_engine,btc_sha256_elapsed_ns,2087.0000000000
153886219,16908110605995,btc_qm_engine,btc_leading_zeros,1.0000000000
153886220,16908110606419,btc_qm_engine,btc_orbital_scan_nonce,189609137.0000000000
153886221,16908110606706,btc_qm_engine,btc_sha256_elapsed_ns,1167.0000000000
153886222,16908110607013,btc_qm_engine,btc_orbital_scan_nonce,189607413.0000000000
153886223,16908110608389,btc_qm_engine,btc_sha256_nonce,1080885823.0000000000
153886224,16908110608532,btc_qm_engine,btc_leading_zeros,1.0000000000
153886225,16908110608622,btc_qm_engine,btc_sha256_elapsed_ns,1154.0000000000
153886226,16908110610034,btc_qm_engine,btc_sha256_nonce,4029609940.0000000000
153886227,16908110610122,btc_qm_engine,btc_leading_zeros,0.0000000000
153886228,16908110610374,btc_qm_engine,btc_sha256_nonce,189607413.0000000000
153886229,16908110610615,btc_qm_engine,btc_sha256_elapsed_ns,1145.0000000000
153886230,16908110610914,btc_qm_engine,btc_leading_zeros,1.0000000000
153886231,16908110611335,btc_qm_engine,btc_orbital_scan_nonce,189591190.0000000000
153886232,16908110611653,btc_qm_engine,btc_sha256_elapsed_ns,2057.0000000000
153886233,16908110611971,btc_qm_engine,btc_orbital_scan_nonce,189644104.0000000000
153886234,16908110612788,btc_qm_engine,btc_sha256_nonce,189591190.0000000000
153886235,16908110612914,btc_qm_engine,btc_leading_zeros,0.0000000000
153886236,16908110613002,btc_qm_engine,btc_sha256_elapsed_ns,1147.0000000000
153886237,16908110614206,btc_qm_engine,btc_sha256_nonce,189609137.0000000000
153886238,16908110614554,btc_qm_engine,btc_sha256_nonce,1519193151.0000000000
153886239,16908110614683,btc_qm_engine,btc_leading_zeros,1.0000000000
153886240,16908110614769,btc_qm_engine,btc_sha256_elapsed_ns,1149.0000000000
153886241,16908110615036,btc_qm_engine,btc_lebesgue_scan_nonce,15.0000000000
153886242,16908110615413,btc_qm_engine,btc_sha256_nonce,189644104.0000000000
153886243,16908110615951,btc_qm_engine,btc_leading_zeros,0.0000000000
153886244,16908110616209,btc_qm_engine,btc_leading_zeros,0.0000000000
153886245,16908110616349,btc_qm_engine,btc_sha256_elapsed_ns,2041.0000000000
153886246,16908110616615,btc_qm_engine,btc_sha256_elapsed_ns,1893.0000000000
153886247,16908110616927,btc_qm_engine,btc_sha256_nonce,189495321.0000000000
153886248,16908110617059,btc_qm_engine,btc_leading_zeros,0.0000000000
153886249,16908110617151,btc_qm_engine,btc_sha256_elapsed_ns,1147.0000000000
153886250,16908110618560,btc_qm_engine,btc_sha256_nonce,601055850.0000000000
153886251,16908110618651,btc_qm_engine,btc_leading_zeros,0.0000000000
153886252,16908110619046,btc_qm_engine,btc_sha256_nonce,1006760863.0000000000
153886253,16908110619607,btc_qm_engine,btc_lebesgue_scan_nonce,1.0000000000
153886254,16908110620299,btc_qm_engine,btc_sha256_nonce,304651183.0000000000
153886255,16908110621488,btc_qm_engine,btc_leading_zeros,0.0000000000
153886256,16908110621817,btc_qm_engine,btc_leading_zeros,1.0000000000
153886257,16908110621964,btc_qm_engine,btc_sha256_elapsed_ns,1904.0000000000
153886258,16908110622308,btc_qm_engine,btc_sha256_elapsed_ns,2042.0000000000
153886259,16908110622552,btc_qm_engine,btc_orbital_scan_nonce,189577555.0000000000
153886260,16908110624151,btc_qm_engine,btc_sha256_nonce,189577555.0000000000
153886261,16908110624243,btc_qm_engine,btc_leading_zeros,0.0000000000
153886262,16908110624338,btc_qm_engine,btc_sha256_elapsed_ns,1420.0000000000
153886263,16908110625367,btc_qm_engine,btc_sha256_nonce,856732356.0000000000
153886264,16908110625521,btc_qm_engine,btc_leading_zeros,2.0000000000
153886265,16908110629554,btc_qm_engine,btc_sha256_elapsed_ns,2063.0000000000
153886266,16908110629936,btc_qm_engine,btc_lebesgue_scan_nonce,11.0000000000
153886267,16908110632346,btc_qm_engine,btc_sha256_nonce,189510540.0000000000
153886268,16908110632490,btc_qm_engine,btc_leading_zeros,0.0000000000
153886269,16908110632630,btc_qm_engine,btc_sha256_elapsed_ns,2209.0000000000
153886270,16908110634536,btc_qm_engine,btc_sha256_nonce,189502223.0000000000
153886271,16908110635173,btc_qm_engine,btc_sha256_nonce,366563112.0000000000
153886272,16908110635298,btc_qm_engine,btc_leading_zeros,0.0000000000
153886273,16908110635423,btc_qm_engine,btc_sha256_elapsed_ns,2161.0000000000
153886274,16908110635706,btc_qm_engine,btc_orbital_scan_nonce,189598181.0000000000
153886275,16908110636288,btc_qm_engine,btc_leading_zeros,1.0000000000
153886276,16908110636435,btc_qm_engine,btc_sha256_elapsed_ns,2075.0000000000
153886277,16908110638052,btc_qm_engine,btc_sha256_nonce,189598181.0000000000
153886278,16908110638189,btc_qm_engine,btc_leading_zeros,2.0000000000
153886279,16908110639019,btc_qm_engine,btc_sha256_nonce,2861871171.0000000000
153886280,16908110639277,btc_qm_engine,btc_sha256_elapsed_ns,2144.0000000000
153886281,16908110639663,btc_qm_engine,btc_orbital_scan_nonce,189622661.0000000000
153886282,16908110640132,btc_qm_engine,btc_sha256_elapsed_ns,1139.0000000000
153886283,16908110640901,btc_qm_engine,btc_leading_zeros,3.0000000000
153886284,16908110641746,btc_qm_engine,btc_sha256_elapsed_ns,2092.0000000000
153886285,16908110642012,btc_qm_engine,btc_sha256_nonce,189622661.0000000000
153886286,16908110642156,btc_qm_engine,btc_leading_zeros,2.0000000000
153886287,16908110642314,btc_qm_engine,btc_sha256_elapsed_ns,2105.0000000000
153886288,16908110642597,btc_qm_engine,btc_orbital_scan_nonce,189571239.0000000000
153886289,16908110643304,btc_qm_engine,btc_sha256_nonce,2112221074.0000000000
153886290,16908110643733,btc_qm_engine,btc_leading_zeros,0.0000000000
153886291,16908110643821,btc_qm_engine,btc_sha256_elapsed_ns,1159.0000000000
153886292,16908110644107,btc_qm_engine,btc_orbital_scan_nonce,189578579.0000000000
153886293,16908110644309,btc_qm_engine,btc_sha256_nonce,4069242608.0000000000
153886294,16908110644478,btc_qm_engine,btc_leading_zeros,0.0000000000
153886295,16908110644621,btc_qm_engine,btc_sha256_elapsed_ns,2059.0000000000
153886296,16908110645493,btc_qm_engine,btc_sha256_nonce,189578579.0000000000
153886297,16908110645622,btc_qm_engine,btc_leading_zeros,0.0000000000
153886298,16908110645894,btc_qm_engine,btc_sha256_nonce,189571239.0000000000
153886299,16908110646816,btc_qm_engine,btc_sha256_elapsed_ns,1152.0000000000
153886300,16908110647062,btc_qm_engine,btc_leading_zeros,1.0000000000
153886301,16908110647493,btc_qm_engine,btc_orbital_scan_nonce,189609104.0000000000
153886302,16908110647701,btc_qm_engine,btc_sha256_elapsed_ns,2086.0000000000
153886303,16908110648425,btc_qm_engine,btc_sha256_nonce,2062488806.0000000000
153886304,16908110648607,btc_qm_engine,btc_orbital_scan_nonce,189589266.0000000000
153886305,16908110648894,btc_qm_engine,btc_sha256_nonce,189609104.0000000000
153886306,16908110649017,btc_qm_engine,btc_leading_zeros,0.0000000000
153886307,16908110649756,btc_qm_engine,btc_sha256_elapsed_ns,1144.0000000000
153886308,16908110650021,btc_qm_engine,btc_lebesgue_scan_nonce,22.0000000000
153886309,16908110650431,btc_qm_engine,btc_sha256_nonce,797392076.0000000000
153886310,16908110650843,btc_qm_engine,btc_sha256_nonce,189589266.0000000000
153886311,16908110650995,btc_qm_engine,btc_leading_zeros,1.0000000000
153886312,16908110651345,btc_qm_engine,btc_leading_zeros,1.0000000000
153886313,16908110651605,btc_qm_engine,btc_sha256_elapsed_ns,1425.0000000000
153886314,16908110651957,btc_qm_engine,btc_sha256_elapsed_ns,1897.0000000000
153886315,16908110655899,btc_qm_engine,btc_orbital_scan_nonce,189588552.0000000000
153886316,16908110657964,btc_qm_engine,btc_sha256_nonce,189588552.0000000000
153886317,16908110658059,btc_qm_engine,btc_leading_zeros,1.0000000000
153886318,16908110658159,btc_qm_engine,btc_sha256_elapsed_ns,1824.0000000000
153886319,16908110659036,btc_qm_engine,btc_sha256_nonce,3895783766.0000000000
153886320,16908110659188,btc_qm_engine,btc_leading_zeros,2.0000000000
153886321,16908110659383,btc_qm_engine,btc_sha256_elapsed_ns,2184.0000000000
153886322,16908110659710,btc_qm_engine,btc_orbital_scan_nonce,189574561.0000000000
153886323,16908110660357,btc_qm_engine,btc_sha256_nonce,189610080.0000000000
153886324,16908110660659,btc_qm_engine,btc_sha256_nonce,796936567.0000000000
153886325,16908110660811,btc_qm_engine,btc_leading_zeros,0.0000000000
153886326,16908110660909,btc_qm_engine,btc_sha256_elapsed_ns,2005.0000000000
153886327,16908110661299,btc_qm_engine,btc_leading_zeros,0.0000000000
153886328,16908110661836,btc_qm_engine,btc_leading_zeros,1.0000000000
153886329,16908110662079,btc_qm_engine,btc_sha256_nonce,189574561.0000000000
153886330,16908110662311,btc_qm_engine,btc_sha256_elapsed_ns,1988.0000000000
153886331,16908110663143,btc_qm_engine,btc_sha256_elapsed_ns,1148.0000000000
153886332,16908110663761,btc_qm_engine,btc_sha256_nonce,3505883663.0000000000
153886333,16908110664824,btc_qm_engine,btc_orbital_scan_nonce,189603870.0000000000
153886334,16908110665099,btc_qm_engine,btc_leading_zeros,2.0000000000
153886335,16908110665274,btc_qm_engine,btc_sha256_elapsed_ns,2041.0000000000
153886336,16908110667022,btc_qm_engine,btc_sha256_nonce,3513865750.0000000000
153886337,16908110667163,btc_qm_engine,btc_leading_zeros,1.0000000000
153886338,16908110667307,btc_qm_engine,btc_sha256_elapsed_ns,1393.0000000000
153886339,16908110667640,btc_qm_engine,btc_lebesgue_scan_nonce,11.0000000000
153886340,16908110667923,btc_qm_engine,btc_sha256_nonce,189603870.0000000000
153886341,16908110668604,btc_qm_engine,btc_orbital_scan_nonce,189603556.0000000000
153886342,16908110668925,btc_qm_engine,btc_leading_zeros,0.0000000000
153886343,16908110669502,btc_qm_engine,btc_sha256_nonce,189739290.0000000000
153886344,16908110669802,btc_qm_engine,btc_sha256_elapsed_ns,2071.0000000000
153886345,16908110670374,btc_qm_engine,btc_sha256_nonce,189603556.0000000000
153886346,16908110670541,btc_qm_engine,btc_leading_zeros,0.0000000000
153886347,16908110671345,btc_qm_engine,btc_leading_zeros,0.0000000000
153886348,16908110673883,btc_qm_engine,btc_leading_zeros,0.0000000000
153886349,16908110675684,btc_qm_engine,btc_sha256_elapsed_ns,1547.0000000000
153886350,16908110677146,btc_qm_engine,btc_sha256_elapsed_ns,2077.0000000000
153886351,16908110678181,btc_qm_engine,btc_sha256_nonce,985140346.0000000000
153886352,16908110678321,btc_qm_engine,btc_leading_zeros,0.0000000000
153886353,16908110678435,btc_qm_engine,btc_sha256_elapsed_ns,1972.0000000000
153886354,16908110680082,btc_qm_engine,btc_sha256_nonce,1007733479.0000000000
153886355,16908110680237,btc_qm_engine,btc_leading_zeros,3.0000000000
153886356,16908110680378,btc_qm_engine,btc_sha256_elapsed_ns,2173.0000000000
153886357,16908110680916,btc_qm_engine,btc_sha256_nonce,483315751.0000000000
153886358,16908110681051,btc_qm_engine,btc_leading_zeros,0.0000000000
153886359,16908110681143,btc_qm_engine,btc_sha256_elapsed_ns,1996.0000000000
153886360,16908110682359,btc_qm_engine,btc_sha256_nonce,4291996019.0000000000
153886361,16908110682890,btc_qm_engine,btc_sha256_nonce,1160201360.0000000000
153886362,16908110683025,btc_qm_engine,btc_leading_zeros,8.0000000000
153886363,16908110683149,btc_qm_engine,btc_sha256_elapsed_ns,2073.0000000000
153886364,16908110683650,btc_qm_engine,btc_sha256_elapsed_ns,1164.0000000000
153886365,16908110684521,btc_qm_engine,btc_sha256_nonce,3789407951.0000000000
153886366,16908110684982,btc_qm_engine,btc_orbital_scan_nonce,189574667.0000000000
153886367,16908110685194,btc_qm_engine,btc_leading_zeros,3.0000000000
153886368,16908110685334,btc_qm_engine,btc_sha256_elapsed_ns,1923.0000000000
153886369,16908110686453,btc_qm_engine,btc_sha256_nonce,189574667.0000000000
153886370,16908110686585,btc_qm_engine,btc_leading_zeros,0.0000000000
153886371,16908110686674,btc_qm_engine,btc_sha256_elapsed_ns,1162.0000000000
153886372,16908110687460,btc_qm_engine,btc_sha256_nonce,2086840927.0000000000
153886373,16908110687596,btc_qm_engine,btc_leading_zeros,0.0000000000
153886374,16908110687721,btc_qm_engine,btc_sha256_elapsed_ns,1697.0000000000
153886375,16908110688166,btc_qm_engine,btc_sha256_nonce,2319473065.0000000000
153886376,16908110688309,btc_qm_engine,btc_leading_zeros,1.0000000000
153886377,16908110688398,btc_qm_engine,btc_sha256_elapsed_ns,1143.0000000000
153886378,16908110689253,btc_qm_engine,btc_sha256_nonce,2202218501.0000000000
153886379,16908110689404,btc_qm_engine,btc_leading_zeros,0.0000000000
153886380,16908110689544,btc_qm_engine,btc_sha256_elapsed_ns,2232.0000000000
153886381,16908110689824,btc_qm_engine,btc_sha256_nonce,1397461050.0000000000
153886382,16908110690699,btc_qm_engine,btc_sha256_nonce,715227900.0000000000
153886383,16908110691001,btc_qm_engine,btc_leading_zeros,1.0000000000
153886384,16908110691557,btc_qm_engine,btc_leading_zeros,4.0000000000
153886385,16908110692150,btc_qm_engine,btc_sha256_nonce,2138961995.0000000000
153886386,16908110692366,btc_qm_engine,btc_sha256_elapsed_ns,2171.0000000000
153886387,16908110692843,btc_qm_engine,btc_leading_zeros,3.0000000000
153886388,16908110694115,btc_qm_engine,btc_sha256_elapsed_ns,1147.0000000000
153886389,16908110694388,btc_qm_engine,btc_leading_zeros,1.0000000000
153886390,16908110694822,btc_qm_engine,btc_sha256_elapsed_ns,2075.0000000000
153886391,16908110695082,btc_qm_engine,btc_lebesgue_scan_nonce,9.0000000000
153886392,16908110695659,btc_qm_engine,btc_sha256_nonce,820712260.0000000000
153886393,16908110695782,btc_qm_engine,btc_leading_zeros,1.0000000000
153886394,16908110695868,btc_qm_engine,btc_sha256_elapsed_ns,1157.0000000000
153886395,16908110696784,btc_qm_engine,btc_sha256_nonce,189484750.0000000000
153886396,16908110696923,btc_qm_engine,btc_leading_zeros,0.0000000000
153886397,16908110697062,btc_qm_engine,btc_sha256_elapsed_ns,1430.0000000000
153886398,16908110697316,btc_qm_engine,btc_sha256_nonce,2444364234.0000000000
153886399,16908110697458,btc_qm_engine,btc_leading_zeros,1.0000000000
153886400,16908110697543,btc_qm_engine,btc_sha256_elapsed_ns,1151.0000000000
153886401,16908110699130,btc_qm_engine,btc_sha256_nonce,4029789969.0000000000
153886402,16908110699230,btc_qm_engine,btc_leading_zeros,11.0000000000
153886403,16908110699316,btc_qm_engine,btc_sha256_elapsed_ns,1186.0000000000
153886404,16908110699684,btc_qm_engine,btc_sha256_nonce,2492453619.0000000000
153886405,16908110699817,btc_qm_engine,btc_leading_zeros,0.0000000000
153886406,16908110699957,btc_qm_engine,btc_sha256_nonce,3464494784.0000000000
153886407,16908110700569,btc_qm_engine,btc_leading_zeros,2.0000000000
153886408,16908110700775,btc_qm_engine,btc_sha256_nonce,2968281890.0000000000
153886409,16908110700893,btc_qm_engine,btc_leading_zeros,1.0000000000
153886410,16908110700978,btc_qm_engine,btc_sha256_elapsed_ns,1146.0000000000
153886411,16908110701177,btc_qm_engine,btc_orbital_scan_nonce,189619755.0000000000
153886412,16908110701431,btc_qm_engine,btc_sha256_elapsed_ns,2171.0000000000
153886413,16908110702046,btc_qm_engine,btc_sha256_elapsed_ns,2132.0000000000
153886414,16908110702267,btc_qm_engine,btc_orbital_scan_nonce,189636443.0000000000
153886415,16908110702661,btc_qm_engine,btc_sha256_nonce,189619755.0000000000
153886416,16908110702787,btc_qm_engine,btc_leading_zeros,0.0000000000
153886417,16908110703049,btc_qm_engine,btc_orbital_scan_nonce,189604629.0000000000
153886418,16908110703361,btc_qm_engine,btc_sha256_elapsed_ns,1622.0000000000
153886419,16908110704014,btc_qm_engine,btc_sha256_elapsed_ns,1149.0000000000
153886420,16908110704432,btc_qm_engine,btc_sha256_nonce,189636443.0000000000
153886421,16908110704562,btc_qm_engine,btc_leading_zeros,1.0000000000
153886422,16908110704693,btc_qm_engine,btc_sha256_elapsed_ns,1871.0000000000
153886423,16908110705011,btc_qm_engine,btc_orbital_scan_nonce,189573812.0000000000
153886424,16908110705906,btc_qm_engine,btc_sha256_nonce,1450903681.0000000000
153886425,16908110706025,btc_qm_engine,btc_leading_zeros,2.0000000000
153886426,16908110706112,btc_qm_engine,btc_sha256_elapsed_ns,1154.0000000000
153886427,16908110706594,btc_qm_engine,btc_sha256_nonce,189604629.0000000000
153886428,16908110706752,btc_qm_engine,btc_leading_zeros,1.0000000000
153886429,16908110707028,btc_qm_engine,btc_sha256_nonce,356064137.0000000000
153886430,16908110707319,btc_qm_engine,btc_sha256_elapsed_ns,2115.0000000000
153886431,16908110707668,btc_qm_engine,btc_sha256_nonce,3346202925.0000000000
153886432,16908110707803,btc_qm_engine,btc_leading_zeros,1.0000000000
153886433,16908110707928,btc_qm_engine,btc_sha256_elapsed_ns,1143.0000000000
153886434,16908110709228,btc_qm_engine,btc_sha256_nonce,189573812.0000000000
153886435,16908110709926,btc_qm_engine,btc_leading_zeros,0.0000000000
153886436,16908110710076,btc_qm_engine,btc_sha256_elapsed_ns,2023.0000000000
153886437,16908110710337,btc_qm_engine,btc_sha256_nonce,3683871242.0000000000
153886438,16908110711031,btc_qm_engine,btc_leading_zeros,3.0000000000
153886439,16908110711686,btc_qm_engine,btc_sha256_elapsed_ns,1988.0000000000
153886440,16908110712428,btc_qm_engine,btc_lebesgue_scan_nonce,22.0000000000
153886441,16908110713571,btc_qm_engine,btc_sha256_nonce,1124039607.0000000000
153886442,16908110713702,btc_qm_engine,btc_leading_zeros,0.0000000000
153886443,16908110713791,btc_qm_engine,btc_sha256_elapsed_ns,1156.0000000000
153886444,16908110714865,btc_qm_engine,btc_sha256_nonce,2346572437.0000000000
153886445,16908110715006,btc_qm_engine,btc_leading_zeros,3.0000000000
153886446,16908110715148,btc_qm_engine,btc_sha256_elapsed_ns,2163.0000000000
153886447,16908110715493,btc_qm_engine,btc_sha256_nonce,189530648.0000000000
153886448,16908110716114,btc_qm_engine,btc_sha256_nonce,2485194129.0000000000
153886449,16908110716343,btc_qm_engine,btc_leading_zeros,0.0000000000
153886450,16908110716493,btc_qm_engine,btc_sha256_elapsed_ns,2099.0000000000
153886451,16908110716890,btc_qm_engine,btc_orbital_scan_nonce,189603209.0000000000
153886452,16908110717176,btc_qm_engine,btc_leading_zeros,0.0000000000
153886453,16908110717734,btc_qm_engine,btc_sha256_nonce,2351910175.0000000000
153886454,16908110717882,btc_qm_engine,btc_leading_zeros,1.0000000000
153886455,16908110718011,btc_qm_engine,btc_sha256_elapsed_ns,2055.0000000000
153886456,16908110718338,btc_qm_engine,btc_lebesgue_scan_nonce,4.0000000000
153886457,16908110719314,btc_qm_engine,btc_sha256_elapsed_ns,2170.0000000000
153886458,16908110721393,btc_qm_engine,btc_sha256_nonce,189407852.0000000000
153886459,16908110721554,btc_qm_engine,btc_leading_zeros,0.0000000000
153886460,16908110721688,btc_qm_engine,btc_sha256_elapsed_ns,1895.0000000000
153886461,16908110722015,btc_qm_engine,btc_orbital_scan_nonce,189636741.0000000000
153886462,16908110722507,btc_qm_engine,btc_sha256_nonce,2144347433.0000000000
153886463,16908110722796,btc_qm_engine,btc_leading_zeros,0.0000000000
153886464,16908110723370,btc_qm_engine,btc_sha256_elapsed_ns,2116.0000000000
153886465,16908110723828,btc_qm_engine,btc_leading_zeros,0.0000000000
153886466,16908110724278,btc_qm_engine,btc_sha256_nonce,189636741.0000000000
153886467,16908110724468,btc_qm_engine,btc_leading_zeros,0.0000000000
153886468,16908110724583,btc_qm_engine,btc_sha256_elapsed_ns,1967.0000000000
153886469,16908110724859,btc_qm_engine,btc_sha256_elapsed_ns,1142.0000000000
153886470,16908110725497,btc_qm_engine,btc_sha256_nonce,189603209.0000000000
153886471,16908110725767,btc_qm_engine,btc_sha256_nonce,2686700605.0000000000
153886472,16908110725922,btc_qm_engine,btc_leading_zeros,0.0000000000
153886473,16908110726088,btc_qm_engine,btc_sha256_elapsed_ns,1982.0000000000
153886474,16908110726223,btc_qm_engine,btc_lebesgue_scan_nonce,16.0000000000
153886475,16908110726496,btc_qm_engine,btc_sha256_nonce,3807076701.0000000000
153886476,16908110726983,btc_qm_engine,btc_leading_zeros,0.0000000000
153886477,16908110727211,btc_qm_engine,btc_leading_zeros,1.0000000000
153886478,16908110727347,btc_qm_engine,btc_sha256_elapsed_ns,1167.0000000000
153886479,16908110727479,btc_qm_engine,btc_lebesgue_scan_nonce,23.0000000000
153886480,16908110727754,btc_qm_engine,btc_sha256_elapsed_ns,2041.0000000000
153886481,16908110728863,btc_qm_engine,btc_sha256_nonce,614224286.0000000000
153886482,16908110728989,btc_qm_engine,btc_leading_zeros,0.0000000000
153886483,16908110729076,btc_qm_engine,btc_sha256_elapsed_ns,1158.0000000000
153886484,16908110729292,btc_qm_engine,btc_sha256_nonce,189681240.0000000000
153886485,16908110729436,btc_qm_engine,btc_leading_zeros,2.0000000000
153886486,16908110729581,btc_qm_engine,btc_sha256_elapsed_ns,2084.0000000000
153886487,16908110730496,btc_qm_engine,btc_sha256_nonce,1006759638.0000000000
153886488,16908110730821,btc_qm_engine,btc_sha256_nonce,550621280.0000000000
153886489,16908110731402,btc_qm_engine,btc_sha256_nonce,189554752.0000000000
153886490,16908110731752,btc_qm_engine,btc_leading_zeros,0.0000000000
153886491,16908110732187,btc_qm_engine,btc_sha256_nonce,153206279.0000000000
153886492,16908110732656,btc_qm_engine,btc_sha256_elapsed_ns,1148.0000000000
153886493,16908110733092,btc_qm_engine,btc_leading_zeros,0.0000000000
153886494,16908110733363,btc_qm_engine,btc_leading_zeros,0.0000000000
153886495,16908110734134,btc_qm_engine,btc_leading_zeros,0.0000000000
153886496,16908110734476,btc_qm_engine,btc_sha256_nonce,3777121047.0000000000
153886497,16908110734809,btc_qm_engine,btc_sha256_elapsed_ns,2072.0000000000
153886498,16908110735130,btc_qm_engine,btc_leading_zeros,0.0000000000
153886499,16908110735352,btc_qm_engine,btc_sha256_elapsed_ns,1155.0000000000
153886500,16908110735579,btc_qm_engine,btc_sha256_elapsed_ns,2069.0000000000
153886501,16908110736161,btc_qm_engine,btc_sha256_elapsed_ns,2085.0000000000
153886502,16908110736487,btc_qm_engine,btc_orbital_scan_nonce,189596112.0000000000
153886503,16908110736711,btc_qm_engine,btc_orbital_scan_nonce,189586039.0000000000
153886504,16908110737038,btc_qm_engine,btc_orbital_scan_nonce,189569391.0000000000
153886505,16908110737486,btc_qm_engine,btc_sha256_nonce,2162565718.0000000000
153886506,16908110737636,btc_qm_engine,btc_leading_zeros,3.0000000000
153886507,16908110737775,btc_qm_engine,btc_sha256_elapsed_ns,2105.0000000000
153886508,16908110738004,btc_qm_engine,btc_sha256_nonce,189596112.0000000000
153886509,16908110738122,btc_qm_engine,btc_leading_zeros,0.0000000000
153886510,16908110738486,btc_qm_engine,btc_sha256_elapsed_ns,1154.0000000000
153886511,16908110739157,btc_qm_engine,btc_sha256_nonce,189586039.0000000000
153886512,16908110739432,btc_qm_engine,btc_sha256_nonce,189569391.0000000000
153886513,16908110739576,btc_qm_engine,btc_leading_zeros,3.0000000000
153886514,16908110739722,btc_qm_engine,btc_sha256_elapsed_ns,2123.0000000000
153886515,16908110739951,btc_qm_engine,btc_leading_zeros,0.0000000000
153886516,16908110740169,btc_qm_engine,btc_sha256_elapsed_ns,2165.0000000000
153886517,16908110740687,btc_qm_engine,btc_sha256_nonce,1025070892.0000000000
153886518,16908110740831,btc_qm_engine,btc_leading_zeros,0.0000000000
153886519,16908110740919,btc_qm_engine,btc_sha256_elapsed_ns,1160.0000000000
153886520,16908110741159,btc_qm_engine,btc_lebesgue_scan_nonce,5.0000000000
153886521,16908110741470,btc_qm_engine,btc_orbital_scan_nonce,189633359.0000000000
153886522,16908110741838,btc_qm_engine,btc_orbital_scan_nonce,189624720.0000000000
153886523,16908110742392,btc_qm_engine,btc_sha256_nonce,1307271263.0000000000
153886524,16908110742523,btc_qm_engine,btc_leading_zeros,0.0000000000
153886525,16908110742611,btc_qm_engine,btc_sha256_elapsed_ns,1150.0000000000
153886526,16908110743922,btc_qm_engine,btc_sha256_nonce,189633359.0000000000
153886527,16908110744255,btc_qm_engine,btc_sha256_nonce,189486541.0000000000
153886528,16908110744525,btc_qm_engine,btc_sha256_nonce,2202192925.0000000000
153886529,16908110744803,btc_qm_engine,btc_sha256_nonce,189624720.0000000000
153886530,16908110746054,btc_qm_engine,btc_leading_zeros,1.0000000000
153886531,16908110746319,btc_qm_engine,btc_leading_zeros,1.0000000000
153886532,16908110746462,btc_qm_engine,btc_sha256_elapsed_ns,1991.0000000000
153886533,16908110746689,btc_qm_engine,btc_sha256_elapsed_ns,1147.0000000000
153886534,16908110747043,btc_qm_engine,btc_orbital_scan_nonce,189603729.0000000000
153886535,16908110747787,btc_qm_engine,btc_lebesgue_scan_nonce,11.0000000000
153886536,16908110749268,btc_qm_engine,btc_leading_zeros,0.0000000000
153886537,16908110749552,btc_qm_engine,btc_sha256_nonce,189649200.0000000000
153886538,16908110749926,btc_qm_engine,btc_sha256_nonce,189603729.0000000000
153886539,16908110750074,btc_qm_engine,btc_leading_zeros,0.0000000000
153886540,16908110750497,btc_qm_engine,btc_sha256_elapsed_ns,1895.0000000000
153886541,16908110751142,btc_qm_engine,btc_leading_zeros,0.0000000000
153886542,16908110751403,btc_qm_engine,btc_sha256_elapsed_ns,1992.0000000000
153886543,16908110751784,btc_qm_engine,btc_lebesgue_scan_nonce,20.0000000000
153886544,16908110752544,btc_qm_engine,btc_sha256_elapsed_ns,1151.0000000000
153886545,16908110753087,btc_qm_engine,btc_orbital_scan_nonce,189606358.0000000000
153886546,16908110754251,btc_qm_engine,btc_sha256_nonce,3583210772.0000000000
153886547,16908110754563,btc_qm_engine,btc_leading_zeros,2.0000000000
153886548,16908110755096,btc_qm_engine,btc_sha256_nonce,189606358.0000000000
153886549,16908110755478,btc_qm_engine,btc_sha256_elapsed_ns,2221.0000000000
153886550,16908110755856,btc_qm_engine,btc_leading_zeros,0.0000000000
153886551,16908110756116,btc_qm_engine,btc_leading_zeros,2.0000000000
153886552,16908110756266,btc_qm_engine,btc_sha256_elapsed_ns,1153.0000000000
153886553,16908110756464,btc_qm_engine,btc_orbital_scan_nonce,189616343.0000000000
153886554,16908110756583,btc_qm_engine,btc_orbital_scan_nonce,189597459.0000000000
153886555,16908110757839,btc_qm_engine,btc_sha256_nonce,189616343.0000000000
153886556,16908110757960,btc_qm_engine,btc_leading_zeros,0.0000000000
153886557,16908110758079,btc_qm_engine,btc_sha256_elapsed_ns,1153.0000000000
153886558,16908110758296,btc_qm_engine,btc_lebesgue_scan_nonce,11.0000000000
153886559,16908110758701,btc_qm_engine,btc_sha256_nonce,189597459.0000000000
153886560,16908110758836,btc_qm_engine,btc_leading_zeros,1.0000000000
153886561,16908110758941,btc_qm_engine,btc_sha256_elapsed_ns,1454.0000000000
153886562,16908110759693,btc_qm_engine,btc_sha256_nonce,189667741.0000000000
153886563,16908110759817,btc_qm_engine,btc_leading_zeros,0.0000000000
153886564,16908110759906,btc_qm_engine,btc_sha256_elapsed_ns,1153.0000000000
153886565,16908110760553,btc_qm_engine,btc_sha256_elapsed_ns,2137.0000000000
153886566,16908110761081,btc_qm_engine,btc_sha256_nonce,3264472255.0000000000
153886567,16908110761226,btc_qm_engine,btc_leading_zeros,4.0000000000
153886568,16908110761499,btc_qm_engine,btc_sha256_elapsed_ns,1791.0000000000
153886569,16908110762234,btc_qm_engine,btc_sha256_nonce,4122077697.0000000000
153886570,16908110762598,btc_qm_engine,btc_lebesgue_scan_nonce,9.0000000000
153886571,16908110762909,btc_qm_engine,btc_leading_zeros,1.0000000000
153886572,16908110763166,btc_qm_engine,btc_sha256_nonce,3651344755.0000000000
153886573,16908110763306,btc_qm_engine,btc_leading_zeros,1.0000000000
153886574,16908110764062,btc_qm_engine,btc_sha256_elapsed_ns,1152.0000000000
153886575,16908110764313,btc_qm_engine,btc_sha256_elapsed_ns,2041.0000000000
153886576,16908110764651,btc_qm_engine,btc_lebesgue_scan_nonce,9.0000000000
153886577,16908110764923,btc_qm_engine,btc_sha256_nonce,189470157.0000000000
153886578,16908110765058,btc_qm_engine,btc_leading_zeros,2.0000000000
153886579,16908110765207,btc_qm_engine,btc_sha256_elapsed_ns,1957.0000000000
153886580,16908110766073,btc_qm_engine,btc_sha256_nonce,4028200690.0000000000
153886581,16908110766191,btc_qm_engine,btc_leading_zeros,1.0000000000
153886582,16908110766301,btc_qm_engine,btc_sha256_elapsed_ns,1151.0000000000
153886583,16908110766789,btc_qm_engine,btc_sha256_nonce,189650276.0000000000
153886584,16908110767108,btc_qm_engine,btc_sha256_nonce,189715452.0000000000
153886585,16908110767263,btc_qm_engine,btc_leading_zeros,1.0000000000
153886586,16908110767399,btc_qm_engine,btc_sha256_elapsed_ns,2157.0000000000
153886587,16908110767618,btc_qm_engine,btc_leading_zeros,2.0000000000
153886588,16908110767857,btc_qm_engine,btc_sha256_nonce,3374905756.0000000000
153886589,16908110768333,btc_qm_engine,btc_lebesgue_scan_nonce,23.0000000000
153886590,16908110768647,btc_qm_engine,btc_leading_zeros,1.0000000000
153886591,16908110768783,btc_qm_engine,btc_sha256_elapsed_ns,1149.0000000000
153886592,16908110769268,btc_qm_engine,btc_sha256_elapsed_ns,2036.0000000000
153886593,16908110770244,btc_qm_engine,btc_sha256_nonce,2805851217.0000000000
153886594,16908110771152,btc_qm_engine,btc_sha256_nonce,189652474.0000000000
153886595,16908110771605,btc_qm_engine,btc_sha256_nonce,4026852863.0000000000
153886596,16908110771861,btc_qm_engine,btc_leading_zeros,4.0000000000
153886597,16908110772005,btc_qm_engine,btc_sha256_elapsed_ns,1972.0000000000
153886598,16908110772332,btc_qm_engine,btc_sha256_nonce,515248037.0000000000
153886599,16908110772498,btc_qm_engine,btc_leading_zeros,0.0000000000
153886600,16908110772640,btc_qm_engine,btc_sha256_elapsed_ns,1901.0000000000
153886601,16908110774656,btc_qm_engine,btc_sha256_nonce,3982305911.0000000000
153886602,16908110774816,btc_qm_engine,btc_leading_zeros,0.0000000000
153886603,16908110774934,btc_qm_engine,btc_sha256_elapsed_ns,2096.0000000000
153886604,16908110775302,btc_qm_engine,btc_sha256_nonce,3850748975.0000000000
153886605,16908110775441,btc_qm_engine,btc_leading_zeros,1.0000000000
153886606,16908110775569,btc_qm_engine,btc_sha256_elapsed_ns,2103.0000000000
153886607,16908110775996,btc_qm_engine,btc_leading_zeros,0.0000000000
153886608,16908110776172,btc_qm_engine,btc_sha256_elapsed_ns,1152.0000000000
153886609,16908110776372,btc_qm_engine,btc_orbital_scan_nonce,189610263.0000000000
153886610,16908110777413,btc_qm_engine,btc_sha256_nonce,868253432.0000000000
153886611,16908110777559,btc_qm_engine,btc_leading_zeros,0.0000000000
153886612,16908110777743,btc_qm_engine,btc_sha256_elapsed_ns,1991.0000000000
153886613,16908110778096,btc_qm_engine,btc_sha256_nonce,317535727.0000000000
153886614,16908110778257,btc_qm_engine,btc_leading_zeros,0.0000000000
153886615,16908110778810,btc_qm_engine,btc_orbital_scan_nonce,189567817.0000000000
153886616,16908110779179,btc_qm_engine,btc_sha256_elapsed_ns,1971.0000000000
153886617,16908110779502,btc_qm_engine,btc_sha256_nonce,189610263.0000000000
153886618,16908110780057,btc_qm_engine,btc_leading_zeros,3.0000000000
153886619,16908110780144,btc_qm_engine,btc_sha256_elapsed_ns,1156.0000000000
153886620,16908110780354,btc_qm_engine,btc_orbital_scan_nonce,189556163.0000000000
153886621,16908110781524,btc_qm_engine,btc_leading_zeros,0.0000000000
153886622,16908110781781,btc_qm_engine,btc_sha256_nonce,189556163.0000000000
153886623,16908110782297,btc_qm_engine,btc_sha256_nonce,2279769516.0000000000
153886624,16908110782620,btc_qm_engine,btc_leading_zeros,0.0000000000
153886625,16908110782800,btc_qm_engine,btc_sha256_elapsed_ns,1145.0000000000
153886626,16908110782969,btc_qm_engine,btc_sha256_elapsed_ns,2098.0000000000
153886627,16908110784291,btc_qm_engine,btc_sha256_nonce,3659527993.0000000000
153886628,16908110784425,btc_qm_engine,btc_leading_zeros,1.0000000000
153886629,16908110784537,btc_qm_engine,btc_sha256_elapsed_ns,1150.0000000000
153886630,16908110785937,btc_qm_engine,btc_sha256_nonce,4023868698.0000000000
153886631,16908110786028,btc_qm_engine,btc_leading_zeros,1.0000000000
153886632,16908110786259,btc_qm_engine,btc_sha256_nonce,4248508622.0000000000
153886633,16908110786793,btc_qm_engine,btc_leading_zeros,0.0000000000
153886634,16908110787124,btc_qm_engine,btc_leading_zeros,1.0000000000
153886635,16908110787357,btc_qm_engine,btc_sha256_elapsed_ns,2132.0000000000
153886636,16908110787651,btc_qm_engine,btc_sha256_elapsed_ns,2199.0000000000
153886637,16908110788195,btc_qm_engine,btc_sha256_elapsed_ns,1150.0000000000
153886638,16908110788664,btc_qm_engine,btc_lebesgue_scan_nonce,12.0000000000
153886639,16908110790197,btc_qm_engine,btc_sha256_nonce,3010053322.0000000000
153886640,16908110790623,btc_qm_engine,btc_leading_zeros,1.0000000000
153886641,16908110790803,btc_qm_engine,btc_sha256_elapsed_ns,1152.0000000000
153886642,16908110790972,btc_qm_engine,btc_sha256_nonce,277007664.0000000000
153886643,16908110791379,btc_qm_engine,btc_orbital_scan_nonce,189606931.0000000000
153886644,16908110791766,btc_qm_engine,btc_leading_zeros,0.0000000000
153886645,16908110791913,btc_qm_engine,btc_sha256_elapsed_ns,1973.0000000000
153886646,16908110792336,btc_qm_engine,btc_sha256_nonce,189678776.0000000000
153886647,16908110792990,btc_qm_engine,btc_leading_zeros,0.0000000000
153886648,16908110794002,btc_qm_engine,btc_sha256_elapsed_ns,2189.0000000000
153886649,16908110794191,btc_qm_engine,btc_sha256_nonce,189606931.0000000000
153886650,16908110794411,btc_qm_engine,btc_sha256_nonce,189567817.0000000000
153886651,16908110794754,btc_qm_engine,btc_leading_zeros,0.0000000000
153886652,16908110794881,btc_qm_engine,btc_sha256_elapsed_ns,1153.0000000000
153886653,16908110795267,btc_qm_engine,btc_leading_zeros,1.0000000000
153886654,16908110796096,btc_qm_engine,btc_sha256_elapsed_ns,2075.0000000000
153886655,16908110796382,btc_qm_engine,btc_sha256_nonce,2958090727.0000000000
153886656,16908110797098,btc_qm_engine,btc_sha256_nonce,800334118.0000000000
153886657,16908110797392,btc_qm_engine,btc_leading_zeros,1.0000000000
153886658,16908110797605,btc_qm_engine,btc_orbital_scan_nonce,189600305.0000000000
153886659,16908110798357,btc_qm_engine,btc_sha256_elapsed_ns,1976.0000000000
153886660,16908110800284,btc_qm_engine,btc_leading_zeros,0.0000000000
153886661,16908110800619,btc_qm_engine,btc_sha256_elapsed_ns,2038.0000000000
153886662,16908110801351,btc_qm_engine,btc_sha256_nonce,4187085143.0000000000
153886663,16908110801627,btc_qm_engine,btc_orbital_scan_nonce,189576863.0000000000
153886664,16908110802041,btc_qm_engine,btc_leading_zeros,0.0000000000
153886665,16908110802717,btc_qm_engine,btc_sha256_elapsed_ns,2020.0000000000
153886666,16908110802963,btc_qm_engine,btc_sha256_nonce,189600305.0000000000
153886667,16908110803471,btc_qm_engine,btc_sha256_nonce,482521268.0000000000
153886668,16908110803804,btc_qm_engine,btc_leading_zeros,0.0000000000
153886669,16908110804457,btc_qm_engine,btc_sha256_nonce,189576863.0000000000
153886670,16908110804879,btc_qm_engine,btc_leading_zeros,0.0000000000
153886671,16908110806259,btc_qm_engine,btc_sha256_elapsed_ns,2187.0000000000
153886672,16908110806556,btc_qm_engine,btc_sha256_elapsed_ns,1153.0000000000
153886673,16908110808556,btc_qm_engine,btc_sha256_nonce,3357596324.0000000000
153886674,16908110808948,btc_qm_engine,btc_leading_zeros,0.0000000000
153886675,16908110809509,btc_qm_engine,btc_sha256_elapsed_ns,1160.0000000000
153886676,16908110810369,btc_qm_engine,btc_sha256_nonce,1196454131.0000000000
153886677,16908110811408,btc_qm_engine,btc_sha256_nonce,391247669.0000000000
153886678,16908110811531,btc_qm_engine,btc_leading_zeros,2.0000000000
153886679,16908110811618,btc_qm_engine,btc_sha256_elapsed_ns,1146.0000000000
153886680,16908110813012,btc_qm_engine,btc_sha256_nonce,1112709928.0000000000
153886681,16908110813101,btc_qm_engine,btc_leading_zeros,0.0000000000
153886682,16908110813196,btc_qm_engine,btc_sha256_elapsed_ns,1145.0000000000
153886683,16908110813412,btc_qm_engine,btc_orbital_scan_nonce,189608007.0000000000
153886684,16908110813582,btc_qm_engine,btc_lebesgue_scan_nonce,5.0000000000
153886685,16908110814794,btc_qm_engine,btc_sha256_nonce,189608007.0000000000
153886686,16908110814918,btc_qm_engine,btc_leading_zeros,1.0000000000
153886687,16908110815288,btc_qm_engine,btc_sha256_elapsed_ns,1148.0000000000
153886688,16908110816009,btc_qm_engine,btc_leading_zeros,1.0000000000
153886689,16908110816386,btc_qm_engine,btc_sha256_nonce,189709433.0000000000
153886690,16908110816534,btc_qm_engine,btc_leading_zeros,0.0000000000
153886691,16908110816674,btc_qm_engine,btc_sha256_elapsed_ns,1945.0000000000
153886692,16908110816834,btc_qm_engine,btc_sha256_elapsed_ns,1999.0000000000
153886693,16908110817157,btc_qm_engine,btc_orbital_scan_nonce,189609476.0000000000
153886694,16908110817399,btc_qm_engine,btc_sha256_nonce,512434521.0000000000
153886695,16908110817522,btc_qm_engine,btc_leading_zeros,0.0000000000
153886696,16908110817608,btc_qm_engine,btc_sha256_elapsed_ns,1156.0000000000
153886697,16908110817820,btc_qm_engine,btc_orbital_scan_nonce,189632025.0000000000
153886698,16908110819118,btc_qm_engine,btc_sha256_nonce,189632025.0000000000
153886699,16908110819206,btc_qm_engine,btc_leading_zeros,4.0000000000
153886700,16908110819292,btc_qm_engine,btc_sha256_elapsed_ns,1148.0000000000
153886701,16908110819468,btc_qm_engine,btc_sha256_nonce,184224075.0000000000
153886702,16908110820148,btc_qm_engine,btc_leading_zeros,4.0000000000
153886703,16908110820542,btc_qm_engine,btc_leading_zeros,1.0000000000
153886704,16908110820818,btc_qm_engine,btc_sha256_nonce,3232105618.0000000000
153886705,16908110821407,btc_qm_engine,btc_leading_zeros,0.0000000000
153886706,16908110821787,btc_qm_engine,btc_sha256_elapsed_ns,1154.0000000000
153886707,16908110822873,btc_qm_engine,btc_sha256_elapsed_ns,1643.0000000000
153886708,16908110823482,btc_qm_engine,btc_sha256_elapsed_ns,2178.0000000000
153886709,16908110826331,btc_qm_engine,btc_sha256_nonce,801778892.0000000000
153886710,16908110826534,btc_qm_engine,btc_leading_zeros,1.0000000000
153886711,16908110826816,btc_qm_engine,btc_sha256_nonce,3716408386.0000000000
153886712,16908110827159,btc_qm_engine,btc_sha256_nonce,1089490563.0000000000
153886713,16908110827845,btc_qm_engine,btc_sha256_elapsed_ns,2220.0000000000
153886714,16908110828143,btc_qm_engine,btc_leading_zeros,4.0000000000
153886715,16908110828327,btc_qm_engine,btc_sha256_elapsed_ns,2062.0000000000
153886716,16908110828779,btc_qm_engine,btc_leading_zeros,2.0000000000
153886717,16908110829175,btc_qm_engine,btc_orbital_scan_nonce,189558642.0000000000
153886718,16908110829393,btc_qm_engine,btc_sha256_elapsed_ns,1195.0000000000
153886719,16908110830167,btc_qm_engine,btc_sha256_nonce,189609476.0000000000
153886720,16908110830861,btc_qm_engine,btc_leading_zeros,0.0000000000
153886721,16908110831389,btc_qm_engine,btc_sha256_nonce,189558642.0000000000
153886722,16908110831536,btc_qm_engine,btc_leading_zeros,0.0000000000
153886723,16908110831682,btc_qm_engine,btc_sha256_nonce,1951925635.0000000000
153886724,16908110832079,btc_qm_engine,btc_sha256_elapsed_ns,1885.0000000000
153886725,16908110832372,btc_qm_engine,btc_leading_zeros,0.0000000000
153886726,16908110832506,btc_qm_engine,btc_sha256_elapsed_ns,1157.0000000000
153886727,16908110832717,btc_qm_engine,btc_orbital_scan_nonce,189558168.0000000000
153886728,16908110832979,btc_qm_engine,btc_sha256_elapsed_ns,2164.0000000000
153886729,16908110833397,btc_qm_engine,btc_lebesgue_scan_nonce,24.0000000000
153886730,16908110834109,btc_qm_engine,btc_orbital_scan_nonce,189613717.0000000000
153886731,16908110835046,btc_qm_engine,btc_sha256_nonce,189558168.0000000000
153886732,16908110835512,btc_qm_engine,btc_leading_zeros,2.0000000000
153886733,16908110835601,btc_qm_engine,btc_sha256_elapsed_ns,1152.0000000000
153886734,16908110835892,btc_qm_engine,btc_sha256_nonce,189651672.0000000000
153886735,16908110836542,btc_qm_engine,btc_leading_zeros,0.0000000000
153886736,16908110836682,btc_qm_engine,btc_sha256_elapsed_ns,1991.0000000000
153886737,16908110837204,btc_qm_engine,btc_sha256_nonce,189613717.0000000000
153886738,16908110838069,btc_qm_engine,btc_sha256_nonce,2506355701.0000000000
153886739,16908110838772,btc_qm_engine,btc_leading_zeros,3.0000000000
153886740,16908110838859,btc_qm_engine,btc_sha256_elapsed_ns,1144.0000000000
153886741,16908110840309,btc_qm_engine,btc_sha256_nonce,1362338560.0000000000
153886742,16908110840398,btc_qm_engine,btc_leading_zeros,3.0000000000
153886743,16908110840487,btc_qm_engine,btc_sha256_elapsed_ns,1146.0000000000
153886744,16908110841881,btc_qm_engine,btc_sha256_nonce,586940366.0000000000
153886745,16908110841978,btc_qm_engine,btc_leading_zeros,1.0000000000
153886746,16908110842287,btc_qm_engine,btc_leading_zeros,1.0000000000
153886747,16908110843071,btc_qm_engine,btc_sha256_elapsed_ns,1150.0000000000
153886748,16908110843409,btc_qm_engine,btc_sha256_elapsed_ns,1778.0000000000
153886749,16908110844032,btc_qm_engine,btc_orbital_scan_nonce,189592006.0000000000
153886750,16908110845054,btc_qm_engine,btc_sha256_nonce,2596750214.0000000000
153886751,16908110845188,btc_qm_engine,btc_leading_zeros,1.0000000000
153886752,16908110845275,btc_qm_engine,btc_sha256_elapsed_ns,1152.0000000000
153886753,16908110845442,btc_qm_engine,btc_sha256_nonce,189592006.0000000000
153886754,16908110845673,btc_qm_engine,btc_orbital_scan_nonce,189576901.0000000000
153886755,16908110846459,btc_qm_engine,btc_leading_zeros,0.0000000000
153886756,16908110846922,btc_qm_engine,btc_sha256_elapsed_ns,1164.0000000000
153886757,16908110847230,btc_qm_engine,btc_lebesgue_scan_nonce,1.0000000000
153886758,16908110847788,btc_qm_engine,btc_orbital_scan_nonce,189630915.0000000000
153886759,16908110848397,btc_qm_engine,btc_sha256_nonce,189576901.0000000000
153886760,16908110848616,btc_qm_engine,btc_sha256_nonce,189402647.0000000000
153886761,16908110848742,btc_qm_engine,btc_leading_zeros,0.0000000000
153886762,16908110848827,btc_qm_engine,btc_sha256_elapsed_ns,1167.0000000000
153886763,16908110849094,btc_qm_engine,btc_leading_zeros,1.0000000000
153886764,16908110849648,btc_qm_engine,btc_sha256_elapsed_ns,1150.0000000000
153886765,16908110849851,btc_qm_engine,btc_orbital_scan_nonce,189632142.0000000000
153886766,16908110849981,btc_qm_engine,btc_orbital_scan_nonce,189585142.0000000000
153886767,16908110850977,btc_qm_engine,btc_sha256_nonce,189630915.0000000000
153886768,16908110851149,btc_qm_engine,btc_leading_zeros,2.0000000000
153886769,16908110851722,btc_qm_engine,btc_sha256_nonce,189585142.0000000000
153886770,16908110851857,btc_qm_engine,btc_leading_zeros,0.0000000000
153886771,16908110851971,btc_qm_engine,btc_sha256_elapsed_ns,1158.0000000000
153886772,16908110852113,btc_qm_engine,btc_sha256_nonce,189632142.0000000000
153886773,16908110852438,btc_qm_engine,btc_sha256_elapsed_ns,1971.0000000000
153886774,16908110852758,btc_qm_engine,btc_leading_zeros,1.0000000000
153886775,16908110852942,btc_qm_engine,btc_sha256_elapsed_ns,1160.0000000000
153886776,16908110853187,btc_qm_engine,btc_lebesgue_scan_nonce,8.0000000000
153886777,16908110853556,btc_qm_engine,btc_orbital_scan_nonce,189624175.0000000000
153886778,16908110854504,btc_qm_engine,btc_sha256_nonce,3921098491.0000000000
153886779,16908110854650,btc_qm_engine,btc_leading_zeros,2.0000000000
153886780,16908110854733,btc_qm_engine,btc_sha256_elapsed_ns,1158.0000000000
153886781,16908110854921,btc_qm_engine,btc_sha256_nonce,189547346.0000000000
153886782,16908110855071,btc_qm_engine,btc_leading_zeros,1.0000000000
153886783,16908110855161,btc_qm_engine,btc_sha256_elapsed_ns,1158.0000000000
153886784,16908110855951,btc_qm_engine,btc_sha256_nonce,189624175.0000000000
153886785,16908110856086,btc_qm_engine,btc_leading_zeros,0.0000000000
153886786,16908110856335,btc_qm_engine,btc_sha256_elapsed_ns,2067.0000000000
153886787,16908110856789,btc_qm_engine,btc_sha256_nonce,2257524318.0000000000
153886788,16908110856918,btc_qm_engine,btc_leading_zeros,0.0000000000
153886789,16908110857038,btc_qm_engine,btc_sha256_elapsed_ns,1165.0000000000
153886790,16908110857419,btc_qm_engine,btc_orbital_scan_nonce,189604884.0000000000
153886791,16908110857934,btc_qm_engine,btc_sha256_nonce,4049495770.0000000000
153886792,16908110858404,btc_qm_engine,btc_leading_zeros,0.0000000000
153886793,16908110858494,btc_qm_engine,btc_sha256_elapsed_ns,1147.0000000000
153886794,16908110859517,btc_qm_engine,btc_sha256_nonce,1585787853.0000000000
153886795,16908110859961,btc_qm_engine,btc_leading_zeros,2.0000000000
153886796,16908110860181,btc_qm_engine,btc_sha256_nonce,2684635406.0000000000
153886797,16908110860266,btc_qm_engine,btc_leading_zeros,0.0000000000
153886798,16908110860355,btc_qm_engine,btc_sha256_elapsed_ns,1158.0000000000
153886799,16908110860602,btc_qm_engine,btc_lebesgue_scan_nonce,20.0000000000
153886800,16908110860784,btc_qm_engine,btc_sha256_nonce,189604884.0000000000
153886801,16908110861006,btc_qm_engine,btc_sha256_elapsed_ns,1150.0000000000
153886802,16908110861236,btc_qm_engine,btc_lebesgue_scan_nonce,22.0000000000
153886803,16908110861495,btc_qm_engine,btc_leading_zeros,0.0000000000
153886804,16908110861628,btc_qm_engine,btc_sha256_elapsed_ns,1984.0000000000
153886805,16908110861980,btc_qm_engine,btc_sha256_nonce,189517399.0000000000
153886806,16908110862126,btc_qm_engine,btc_leading_zeros,0.0000000000
153886807,16908110862214,btc_qm_engine,btc_sha256_elapsed_ns,1152.0000000000
153886808,16908110862597,btc_qm_engine,btc_sha256_nonce,189623029.0000000000
153886809,16908110862723,btc_qm_engine,btc_leading_zeros,1.0000000000
153886810,16908110862810,btc_qm_engine,btc_sha256_elapsed_ns,1153.0000000000
153886811,16908110863717,btc_qm_engine,btc_sha256_nonce,1731063019.0000000000
153886812,16908110863842,btc_qm_engine,btc_leading_zeros,2.0000000000
153886813,16908110864449,btc_qm_engine,btc_sha256_nonce,563607128.0000000000
153886814,16908110864810,btc_qm_engine,btc_sha256_nonce,2414956695.0000000000
153886815,16908110865132,btc_qm_engine,btc_leading_zeros,4.0000000000
153886816,16908110865505,btc_qm_engine,btc_leading_zeros,1.0000000000
153886817,16908110865691,btc_qm_engine,btc_sha256_elapsed_ns,1827.0000000000
153886818,16908110866003,btc_qm_engine,btc_sha256_elapsed_ns,1148.0000000000
153886819,16908110866458,btc_qm_engine,btc_lebesgue_scan_nonce,2.0000000000
153886820,16908110867196,btc_qm_engine,btc_sha256_elapsed_ns,1154.0000000000
153886821,16908110868054,btc_qm_engine,btc_sha256_nonce,4028976587.0000000000
153886822,16908110868234,btc_qm_engine,btc_leading_zeros,0.0000000000
153886823,16908110868322,btc_qm_engine,btc_sha256_elapsed_ns,1150.0000000000
153886824,16908110869071,btc_qm_engine,btc_sha256_nonce,803092011.0000000000
153886825,16908110869184,btc_qm_engine,btc_leading_zeros,0.0000000000
153886826,16908110869269,btc_qm_engine,btc_sha256_elapsed_ns,1170.0000000000
153886827,16908110869572,btc_qm_engine,btc_orbital_scan_nonce,189599074.0000000000
153886828,16908110869909,btc_qm_engine,btc_sha256_nonce,250250833.0000000000
153886829,16908110870025,btc_qm_engine,btc_leading_zeros,0.0000000000
153886830,16908110870201,btc_qm_engine,btc_sha256_elapsed_ns,1145.0000000000
153886831,16908110870400,btc_qm_engine,btc_sha256_nonce,189813754.0000000000
153886832,16908110871255,btc_qm_engine,btc_sha256_nonce,189599074.0000000000
153886833,16908110871540,btc_qm_engine,btc_leading_zeros,0.0000000000
153886834,16908110871691,btc_qm_engine,btc_sha256_elapsed_ns,2048.0000000000
153886835,16908110872134,btc_qm_engine,btc_orbital_scan_nonce,189624025.0000000000
153886836,16908110872470,btc_qm_engine,btc_leading_zeros,0.0000000000
153886837,16908110872881,btc_qm_engine,btc_sha256_elapsed_ns,1149.0000000000
153886838,16908110873990,btc_qm_engine,btc_sha256_nonce,189624025.0000000000
153886839,16908110874118,btc_qm_engine,btc_leading_zeros,0.0000000000
153886840,16908110874419,btc_qm_engine,btc_sha256_nonce,2928322186.0000000000
153886841,16908110875244,btc_qm_engine,btc_sha256_nonce,3661646204.0000000000
153886842,16908110875505,btc_qm_engine,btc_sha256_elapsed_ns,1148.0000000000
153886843,16908110875748,btc_qm_engine,btc_leading_zeros,0.0000000000
153886844,16908110876196,btc_qm_engine,btc_lebesgue_scan_nonce,25.0000000000
153886845,16908110876606,btc_qm_engine,btc_leading_zeros,1.0000000000
153886846,16908110876863,btc_qm_engine,btc_sha256_elapsed_ns,1954.0000000000
153886847,16908110877303,btc_qm_engine,btc_sha256_elapsed_ns,1145.0000000000
153886848,16908110877650,btc_qm_engine,btc_sha256_nonce,189631719.0000000000
153886849,16908110877769,btc_qm_engine,btc_leading_zeros,1.0000000000
153886850,16908110877854,btc_qm_engine,btc_sha256_elapsed_ns,1148.0000000000
153886851,16908110878909,btc_qm_engine,btc_sha256_nonce,1009926071.0000000000
153886852,16908110879039,btc_qm_engine,btc_leading_zeros,1.0000000000
153886853,16908110879130,btc_qm_engine,btc_sha256_elapsed_ns,1151.0000000000
153886854,16908110879311,btc_qm_engine,btc_sha256_nonce,2014945829.0000000000
153886855,16908110879626,btc_qm_engine,btc_orbital_scan_nonce,189599506.0000000000
153886856,16908110880531,btc_qm_engine,btc_sha256_nonce,4028750231.0000000000
153886857,16908110880762,btc_qm_engine,btc_leading_zeros,2.0000000000
153886858,16908110881121,btc_qm_engine,btc_leading_zeros,1.0000000000
153886859,16908110881258,btc_qm_engine,btc_sha256_elapsed_ns,1149.0000000000
153886860,16908110881451,btc_qm_engine,btc_sha256_elapsed_ns,1877.0000000000
153886861,16908110881816,btc_qm_engine,btc_orbital_scan_nonce,189580287.0000000000
153886862,16908110882054,btc_qm_engine,btc_sha256_nonce,189599506.0000000000
153886863,16908110882202,btc_qm_engine,btc_leading_zeros,0.0000000000
153886864,16908110882289,btc_qm_engine,btc_sha256_elapsed_ns,1150.0000000000
153886865,16908110882742,btc_qm_engine,btc_sha256_nonce,1652523361.0000000000
153886866,16908110882871,btc_qm_engine,btc_leading_zeros,0.0000000000
153886867,16908110882983,btc_qm_engine,btc_sha256_elapsed_ns,1146.0000000000
153886868,16908110883819,btc_qm_engine,btc_sha256_nonce,3377025552.0000000000
153886869,16908110883933,btc_qm_engine,btc_leading_zeros,1.0000000000
153886870,16908110884224,btc_qm_engine,btc_sha256_nonce,189580287.0000000000
153886871,16908110884499,btc_qm_engine,btc_sha256_nonce,4217670895.0000000000
153886872,16908110884633,btc_qm_engine,btc_leading_zeros,0.0000000000
153886873,16908110884776,btc_qm_engine,btc_sha256_elapsed_ns,1147.0000000000
153886874,16908110885089,btc_qm_engine,btc_sha256_elapsed_ns,1146.0000000000
153886875,16908110885643,btc_qm_engine,btc_orbital_scan_nonce,189603351.0000000000
153886876,16908110885949,btc_qm_engine,btc_orbital_scan_nonce,189626153.0000000000
153886877,16908110887237,btc_qm_engine,btc_sha256_nonce,189626153.0000000000
153886878,16908110887322,btc_qm_engine,btc_leading_zeros,0.0000000000
153886879,16908110887411,btc_qm_engine,btc_sha256_elapsed_ns,1152.0000000000
153886880,16908110888817,btc_qm_engine,btc_sha256_nonce,589954325.0000000000
153886881,16908110888906,btc_qm_engine,btc_leading_zeros,0.0000000000
153886882,16908110888993,btc_qm_engine,btc_sha256_elapsed_ns,1147.0000000000
153886883,16908110890404,btc_qm_engine,btc_sha256_nonce,3387463928.0000000000
153886884,16908110890494,btc_qm_engine,btc_leading_zeros,3.0000000000
153886885,16908110890586,btc_qm_engine,btc_sha256_elapsed_ns,1147.0000000000
153886886,16908110890817,btc_qm_engine,btc_lebesgue_scan_nonce,26.0000000000
153886887,16908110891434,btc_qm_engine,btc_sha256_nonce,189603351.0000000000
153886888,16908110891554,btc_qm_engine,btc_leading_zeros,0.0000000000
153886889,16908110891644,btc_qm_engine,btc_sha256_elapsed_ns,1215.0000000000
153886890,16908110892211,btc_qm_engine,btc_sha256_nonce,189639341.0000000000
153886891,16908110892336,btc_qm_engine,btc_leading_zeros,4.0000000000
153886892,16908110892424,btc_qm_engine,btc_sha256_elapsed_ns,1156.0000000000
153886893,16908110893148,btc_qm_engine,btc_sha256_nonce,4026176722.0000000000
153886894,16908110893271,btc_qm_engine,btc_leading_zeros,0.0000000000
153886895,16908110893359,btc_qm_engine,btc_sha256_elapsed_ns,1145.0000000000
153886896,16908110893943,btc_qm_engine,btc_sha256_nonce,2833340507.0000000000
153886897,16908110894064,btc_qm_engine,btc_leading_zeros,1.0000000000
153886898,16908110894156,btc_qm_engine,btc_sha256_elapsed_ns,1147.0000000000
153886899,16908110894351,btc_qm_engine,btc_orbital_scan_nonce,189570899.0000000000
153886900,16908110894848,btc_qm_engine,btc_sha256_nonce,915153389.0000000000
153886901,16908110894960,btc_qm_engine,btc_leading_zeros,0.0000000000
153886902,16908110895049,btc_qm_engine,btc_sha256_elapsed_ns,1149.0000000000
153886903,16908110895248,btc_qm_engine,btc_orbital_scan_nonce,189620130.0000000000
153886904,16908110895765,btc_qm_engine,btc_sha256_nonce,189570899.0000000000
153886905,16908110895884,btc_qm_engine,btc_leading_zeros,2.0000000000
153886906,16908110896097,btc_qm_engine,btc_leading_zeros,0.0000000000
153886907,16908110896642,btc_qm_engine,btc_sha256_nonce,189620130.0000000000
153886908,16908110897097,btc_qm_engine,btc_sha256_elapsed_ns,1951.0000000000
153886909,16908110897495,btc_qm_engine,btc_sha256_elapsed_ns,1146.0000000000
153886910,16908110898571,btc_qm_engine,btc_leading_zeros,0.0000000000
153886911,16908110899322,btc_qm_engine,btc_orbital_scan_nonce,189583204.0000000000
153886912,16908110899858,btc_qm_engine,btc_sha256_elapsed_ns,1159.0000000000
153886913,16908110900213,btc_qm_engine,btc_sha256_nonce,1159605235.0000000000
153886914,16908110900338,btc_qm_engine,btc_leading_zeros,0.0000000000
153886915,16908110900454,btc_qm_engine,btc_sha256_elapsed_ns,1152.0000000000
153886916,16908110900656,btc_qm_engine,btc_orbital_scan_nonce,189557463.0000000000
153886917,16908110902028,btc_qm_engine,btc_sha256_nonce,4025875563.0000000000
153886918,16908110903111,btc_qm_engine,btc_leading_zeros,3.0000000000
153886919,16908110904437,btc_qm_engine,btc_sha256_nonce,189583204.0000000000
153886920,16908110905093,btc_qm_engine,btc_leading_zeros,1.0000000000
153886921,16908110905213,btc_qm_engine,btc_sha256_elapsed_ns,1851.0000000000
153886922,16908110905608,btc_qm_engine,btc_orbital_scan_nonce,189578404.0000000000
153886923,16908110906424,btc_qm_engine,btc_sha256_elapsed_ns,1151.0000000000
153886924,16908110906693,btc_qm_engine,btc_lebesgue_scan_nonce,4.0000000000
153886925,16908110907869,btc_qm_engine,btc_sha256_nonce,189578404.0000000000
153886926,16908110908199,btc_qm_engine,btc_sha256_nonce,189539297.0000000000
153886927,16908110908631,btc_qm_engine,btc_leading_zeros,0.0000000000
153886928,16908110908796,btc_qm_engine,btc_sha256_elapsed_ns,1152.0000000000
153886929,16908110908984,btc_qm_engine,btc_leading_zeros,0.0000000000
153886930,16908110909659,btc_qm_engine,btc_sha256_elapsed_ns,1944.0000000000
153886931,16908110910337,btc_qm_engine,btc_sha256_nonce,1297989451.0000000000
153886932,16908110910876,btc_qm_engine,btc_leading_zeros,4.0000000000
153886933,16908110911038,btc_qm_engine,btc_sha256_elapsed_ns,1149.0000000000
153886934,16908110911256,btc_qm_engine,btc_sha256_nonce,189557463.0000000000
153886935,16908110911737,btc_qm_engine,btc_leading_zeros,0.0000000000
153886936,16908110911841,btc_qm_engine,btc_sha256_elapsed_ns,1147.0000000000
153886937,16908110912081,btc_qm_engine,btc_sha256_nonce,796088505.0000000000
153886938,16908110912608,btc_qm_engine,btc_sha256_nonce,3423730904.0000000000
153886939,16908110912738,btc_qm_engine,btc_leading_zeros,0.0000000000
153886940,16908110912823,btc_qm_engine,btc_sha256_elapsed_ns,1147.0000000000
153886941,16908110913087,btc_qm_engine,btc_leading_zeros,0.0000000000
153886942,16908110913240,btc_qm_engine,btc_sha256_elapsed_ns,1938.0000000000
153886943,16908110913636,btc_qm_engine,btc_orbital_scan_nonce,189623317.0000000000
153886944,16908110913876,btc_qm_engine,btc_orbital_scan_nonce,189627738.0000000000
153886945,16908110914281,btc_qm_engine,btc_lebesgue_scan_nonce,5.0000000000
153886946,16908110915284,btc_qm_engine,btc_sha256_nonce,189627738.0000000000
153886947,16908110915419,btc_qm_engine,btc_leading_zeros,0.0000000000
153886948,16908110915506,btc_qm_engine,btc_sha256_elapsed_ns,1152.0000000000
153886949,16908110915720,btc_qm_engine,btc_lebesgue_scan_nonce,4.0000000000
153886950,16908110916064,btc_qm_engine,btc_sha256_nonce,189629171.0000000000
153886951,16908110916207,btc_qm_engine,btc_leading_zeros,8.0000000000
153886952,16908110916294,btc_qm_engine,btc_sha256_elapsed_ns,1192.0000000000
153886953,16908110916505,btc_qm_engine,btc_sha256_nonce,189623317.0000000000
153886954,16908110916650,btc_qm_engine,btc_leading_zeros,1.0000000000
153886955,16908110916784,btc_qm_engine,btc_sha256_elapsed_ns,1920.0000000000
153886956,16908110917189,btc_qm_engine,btc_sha256_nonce,189553688.0000000000
153886957,16908110917636,btc_qm_engine,btc_leading_zeros,0.0000000000
153886958,16908110917723,btc_qm_engine,btc_sha256_elapsed_ns,1150.0000000000
153886959,16908110918003,btc_qm_engine,btc_orbital_scan_nonce,189574740.0000000000
153886960,16908110918801,btc_qm_engine,btc_sha256_nonce,1526632296.0000000000
153886961,16908110919448,btc_qm_engine,btc_sha256_nonce,3761449567.0000000000
153886962,16908110919903,btc_qm_engine,btc_leading_zeros,2.0000000000
153886963,16908110920041,btc_qm_engine,btc_sha256_elapsed_ns,1147.0000000000
153886964,16908110920165,btc_qm_engine,btc_leading_zeros,1.0000000000
153886965,16908110920582,btc_qm_engine,btc_sha256_elapsed_ns,1149.0000000000
153886966,16908110921093,btc_qm_engine,btc_sha256_nonce,189574740.0000000000
153886967,16908110921264,btc_qm_engine,btc_leading_zeros,2.0000000000
153886968,16908110921428,btc_qm_engine,btc_sha256_elapsed_ns,2007.0000000000
153886969,16908110921624,btc_qm_engine,btc_sha256_nonce,1917084028.0000000000
153886970,16908110921748,btc_qm_engine,btc_leading_zeros,2.0000000000
153886971,16908110921845,btc_qm_engine,btc_sha256_elapsed_ns,1148.0000000000
153886972,16908110922120,btc_qm_engine,btc_sha256_nonce,1531225766.0000000000
153886973,16908110922234,btc_qm_engine,btc_leading_zeros,1.0000000000
153886974,16908110922320,btc_qm_engine,btc_sha256_elapsed_ns,1146.0000000000
153886975,16908110922529,btc_qm_engine,btc_lebesgue_scan_nonce,12.0000000000
153886976,16908110923338,btc_qm_engine,btc_sha256_nonce,4026674746.0000000000
153886977,16908110923451,btc_qm_engine,btc_leading_zeros,0.0000000000
153886978,16908110923539,btc_qm_engine,btc_sha256_elapsed_ns,1150.0000000000
153886979,16908110923911,btc_qm_engine,btc_sha256_nonce,189585436.0000000000
153886980,16908110924033,btc_qm_engine,btc_leading_zeros,0.0000000000
153886981,16908110924359,btc_qm_engine,btc_sha256_nonce,798701757.0000000000
153886982,16908110924994,btc_qm_engine,btc_sha256_elapsed_ns,1153.0000000000
153886983,16908110925322,btc_qm_engine,btc_leading_zeros,2.0000000000
153886984,16908110925474,btc_qm_engine,btc_sha256_elapsed_ns,2152.0000000000
153886985,16908110925728,btc_qm_engine,btc_lebesgue_scan_nonce,10.0000000000
153886986,16908110926493,btc_qm_engine,btc_sha256_nonce,1295472912.0000000000
153886987,16908110927813,btc_qm_engine,btc_sha256_nonce,189715921.0000000000
153886988,16908110927944,btc_qm_engine,btc_leading_zeros,2.0000000000
153886989,16908110928064,btc_qm_engine,btc_sha256_elapsed_ns,1157.0000000000
153886990,16908110928362,btc_qm_engine,btc_orbital_scan_nonce,189581309.0000000000
153886991,16908110929642,btc_qm_engine,btc_sha256_nonce,189581309.0000000000
153886992,16908110929729,btc_qm_engine,btc_leading_zeros,1.0000000000
153886993,16908110929818,btc_qm_engine,btc_sha256_elapsed_ns,1146.0000000000
153886994,16908110930935,btc_qm_engine,btc_leading_zeros,2.0000000000
153886995,16908110931092,btc_qm_engine,btc_sha256_elapsed_ns,1150.0000000000
153886996,16908110931274,btc_qm_engine,btc_sha256_nonce,1006569737.0000000000
153886997,16908110931389,btc_qm_engine,btc_leading_zeros,0.0000000000
153886998,16908110931474,btc_qm_engine,btc_sha256_elapsed_ns,1142.0000000000
153886999,16908110931683,btc_qm_engine,btc_lebesgue_scan_nonce,26.0000000000
153887000,16908110932595,btc_qm_engine,btc_sha256_nonce,220979653.0000000000
153887001,16908110932720,btc_qm_engine,btc_leading_zeros,0.0000000000
153887002,16908110932807,btc_qm_engine,btc_sha256_elapsed_ns,1154.0000000000
153887003,16908110933046,btc_qm_engine,btc_sha256_nonce,189564092.0000000000
153887004,16908110933163,btc_qm_engine,btc_leading_zeros,0.0000000000
153887005,16908110933261,btc_qm_engine,btc_sha256_elapsed_ns,1145.0000000000
153887006,16908110934300,btc_qm_engine,btc_sha256_nonce,1174309896.0000000000
153887007,16908110934423,btc_qm_engine,btc_leading_zeros,0.0000000000
153887008,16908110934509,btc_qm_engine,btc_sha256_elapsed_ns,1151.0000000000
153887009,16908110934738,btc_qm_engine,btc_sha256_nonce,1863407021.0000000000
153887010,16908110934862,btc_qm_engine,btc_leading_zeros,0.0000000000
153887011,16908110935007,btc_qm_engine,btc_sha256_elapsed_ns,1146.0000000000
153887012,16908110935993,btc_qm_engine,btc_sha256_nonce,2312591862.0000000000
153887013,16908110936118,btc_qm_engine,btc_leading_zeros,1.0000000000
153887014,16908110936204,btc_qm_engine,btc_sha256_elapsed_ns,1147.0000000000
153887015,16908110936504,btc_qm_engine,btc_sha256_nonce,1007479266.0000000000
153887016,16908110937088,btc_qm_engine,btc_leading_zeros,0.0000000000
153887017,16908110937236,btc_qm_engine,btc_sha256_elapsed_ns,1150.0000000000
153887018,16908110937447,btc_qm_engine,btc_lebesgue_scan_nonce,18.0000000000
153887019,16908110937751,btc_qm_engine,btc_sha256_nonce,2556106512.0000000000
153887020,16908110937876,btc_qm_engine,btc_leading_zeros,1.0000000000
153887021,16908110937964,btc_qm_engine,btc_sha256_elapsed_ns,1148.0000000000
153887022,16908110938154,btc_qm_engine,btc_orbital_scan_nonce,189557675.0000000000
153887023,16908110938739,btc_qm_engine,btc_sha256_nonce,1005203904.0000000000
153887024,16908110938864,btc_qm_engine,btc_leading_zeros,4.0000000000
153887025,16908110938986,btc_qm_engine,btc_sha256_elapsed_ns,1148.0000000000
153887026,16908110939525,btc_qm_engine,btc_sha256_nonce,189557675.0000000000
153887027,16908110939684,btc_qm_engine,btc_leading_zeros,0.0000000000
153887028,16908110939771,btc_qm_engine,btc_sha256_elapsed_ns,1143.0000000000
153887029,16908110940472,btc_qm_engine,btc_sha256_nonce,3851974751.0000000000
153887030,16908110940594,btc_qm_engine,btc_leading_zeros,3.0000000000
153887031,16908110940971,btc_qm_engine,btc_sha256_elapsed_ns,1142.0000000000
153887032,16908110941281,btc_qm_engine,btc_sha256_nonce,972479473.0000000000
153887033,16908110941392,btc_qm_engine,btc_leading_zeros,1.0000000000
153887034,16908110941538,btc_qm_engine,btc_sha256_elapsed_ns,1144.0000000000
153887035,16908110941779,btc_qm_engine,btc_sha256_nonce,189676592.0000000000
153887036,16908110942373,btc_qm_engine,btc_leading_zeros,0.0000000000
153887037,16908110942470,btc_qm_engine,btc_sha256_elapsed_ns,2114.0000000000
153887038,16908110943067,btc_qm_engine,btc_sha256_nonce,3276351570.0000000000
153887039,16908110943448,btc_qm_engine,btc_leading_zeros,0.0000000000
153887040,16908110944048,btc_qm_engine,btc_sha256_nonce,1347401169.0000000000
153887041,16908110944349,btc_qm_engine,btc_sha256_elapsed_ns,1145.0000000000
153887042,16908110944761,btc_qm_engine,btc_leading_zeros,0.0000000000
153887043,16908110944898,btc_qm_engine,btc_sha256_elapsed_ns,1145.0000000000
153887044,16908110945227,btc_qm_engine,btc_sha256_nonce,3191022970.0000000000
153887045,16908110945527,btc_qm_engine,btc_lebesgue_scan_nonce,12.0000000000
153887046,16908110946005,btc_qm_engine,btc_leading_zeros,0.0000000000
153887047,16908110946258,btc_qm_engine,btc_sha256_nonce,1469258207.0000000000
153887048,16908110946583,btc_qm_engine,btc_leading_zeros,1.0000000000
153887049,16908110947009,btc_qm_engine,btc_sha256_elapsed_ns,1148.0000000000
153887050,16908110947369,btc_qm_engine,btc_sha256_nonce,189600316.0000000000
153887051,16908110948310,btc_qm_engine,btc_orbital_scan_nonce,189614910.0000000000
153887052,16908110950447,btc_qm_engine,btc_sha256_nonce,189614910.0000000000
153887053,16908110950560,btc_qm_engine,btc_leading_zeros,4.0000000000
153887054,16908110950647,btc_qm_engine,btc_sha256_elapsed_ns,1154.0000000000
153887055,16908110950843,btc_qm_engine,btc_orbital_scan_nonce,189565115.0000000000
153887056,16908110952129,btc_qm_engine,btc_sha256_nonce,189565115.0000000000
153887057,16908110952217,btc_qm_engine,btc_leading_zeros,0.0000000000
153887058,16908110952302,btc_qm_engine,btc_sha256_elapsed_ns,1155.0000000000
153887059,16908110952495,btc_qm_engine,btc_orbital_scan_nonce,189557584.0000000000
153887060,16908110952857,btc_qm_engine,btc_leading_zeros,0.0000000000
153887061,16908110953008,btc_qm_engine,btc_sha256_elapsed_ns,1155.0000000000
153887062,16908110953238,btc_qm_engine,btc_orbital_scan_nonce,189586444.0000000000
153887063,16908110953858,btc_qm_engine,btc_sha256_nonce,189557584.0000000000
153887064,16908110953992,btc_qm_engine,btc_leading_zeros,0.0000000000
153887065,16908110954079,btc_qm_engine,btc_sha256_elapsed_ns,1150.0000000000
153887066,16908110954272,btc_qm_engine,btc_orbital_scan_nonce,189620464.0000000000
153887067,16908110954611,btc_qm_engine,btc_sha256_nonce,189586444.0000000000
153887068,16908110954730,btc_qm_engine,btc_leading_zeros,0.0000000000
153887069,16908110954843,btc_qm_engine,btc_sha256_elapsed_ns,1157.0000000000
153887070,16908110955051,btc_qm_engine,btc_lebesgue_scan_nonce,16.0000000000
153887071,16908110955646,btc_qm_engine,btc_sha256_nonce,189620464.0000000000
153887072,16908110955781,btc_qm_engine,btc_leading_zeros,0.0000000000
153887073,16908110955899,btc_qm_engine,btc_sha256_elapsed_ns,1152.0000000000
153887074,16908110956415,btc_qm_engine,btc_sha256_nonce,189567997.0000000000
153887075,16908110956539,btc_qm_engine,btc_leading_zeros,1.0000000000
153887076,16908110956651,btc_qm_engine,btc_sha256_elapsed_ns,1148.0000000000
153887077,16908110957390,btc_qm_engine,btc_sha256_nonce,4030145117.0000000000
153887078,16908110957543,btc_qm_engine,btc_leading_zeros,0.0000000000
153887079,16908110957662,btc_qm_engine,btc_sha256_elapsed_ns,1147.0000000000
153887080,16908110958183,btc_qm_engine,btc_sha256_nonce,1471268429.0000000000
153887081,16908110958293,btc_qm_engine,btc_leading_zeros,4.0000000000
153887082,16908110958380,btc_qm_engine,btc_sha256_elapsed_ns,1148.0000000000
153887083,16908110958663,btc_qm_engine,btc_sha256_elapsed_ns,1985.0000000000
153887084,16908110959184,btc_qm_engine,btc_sha256_nonce,2684727983.0000000000
153887085,16908110959303,btc_qm_engine,btc_leading_zeros,1.0000000000
153887086,16908110959390,btc_qm_engine,btc_sha256_elapsed_ns,1147.0000000000
153887087,16908110959888,btc_qm_engine,btc_sha256_nonce,629170156.0000000000
153887088,16908110960007,btc_qm_engine,btc_leading_zeros,2.0000000000
153887089,16908110960101,btc_qm_engine,btc_sha256_elapsed_ns,1147.0000000000
153887090,16908110960318,btc_qm_engine,btc_orbital_scan_nonce,189600706.0000000000
153887091,16908110960901,btc_qm_engine,btc_sha256_nonce,1271783790.0000000000
153887092,16908110961023,btc_qm_engine,btc_leading_zeros,0.0000000000
153887093,16908110961143,btc_qm_engine,btc_sha256_elapsed_ns,1146.0000000000
153887094,16908110961435,btc_qm_engine,btc_sha256_nonce,1082827531.0000000000
153887095,16908110961564,btc_qm_engine,btc_leading_zeros,2.0000000000
153887096,16908110961718,btc_qm_engine,btc_sha256_elapsed_ns,1701.0000000000
153887097,16908110962568,btc_qm_engine,btc_sha256_nonce,189600706.0000000000
153887098,16908110963176,btc_qm_engine,btc_leading_zeros,2.0000000000
153887099,16908110963354,btc_qm_engine,btc_sha256_elapsed_ns,1152.0000000000
153887100,16908110963482,btc_qm_engine,btc_sha256_nonce,4029706777.0000000000
153887101,16908110963904,btc_qm_engine,btc_leading_zeros,0.0000000000
153887102,16908110963997,btc_qm_engine,btc_sha256_elapsed_ns,1146.0000000000
153887103,16908110964838,btc_qm_engine,btc_sha256_nonce,3918608220.0000000000
153887104,16908110965114,btc_qm_engine,btc_sha256_nonce,3888850916.0000000000
153887105,16908110965351,btc_qm_engine,btc_leading_zeros,1.0000000000
153887106,16908110965701,btc_qm_engine,btc_sha256_nonce,2787384403.0000000000
153887107,16908110965856,btc_qm_engine,btc_leading_zeros,0.0000000000
153887108,16908110965942,btc_qm_engine,btc_sha256_elapsed_ns,1150.0000000000
153887109,16908110966194,btc_qm_engine,btc_sha256_elapsed_ns,1147.0000000000
153887110,16908110966481,btc_qm_engine,btc_leading_zeros,3.0000000000
153887111,16908110967034,btc_qm_engine,btc_sha256_elapsed_ns,1980.0000000000
153887112,16908110967400,btc_qm_engine,btc_orbital_scan_nonce,189594032.0000000000
153887113,16908110967806,btc_qm_engine,btc_sha256_nonce,1006831328.0000000000
153887114,16908110967977,btc_qm_engine,btc_leading_zeros,0.0000000000
153887115,16908110968064,btc_qm_engine,btc_sha256_elapsed_ns,1147.0000000000
153887116,16908110968404,btc_qm_engine,btc_sha256_nonce,3171879978.0000000000
153887117,16908110968880,btc_qm_engine,btc_leading_zeros,3.0000000000
153887118,16908110968968,btc_qm_engine,btc_sha256_elapsed_ns,1148.0000000000
153887119,16908110969576,btc_qm_engine,btc_sha256_nonce,4086986403.0000000000
153887120,16908110969707,btc_qm_engine,btc_leading_zeros,0.0000000000
153887121,16908110969832,btc_qm_engine,btc_sha256_elapsed_ns,1140.0000000000
153887122,16908110970033,btc_qm_engine,btc_orbital_scan_nonce,189619440.0000000000
153887123,16908110970452,btc_qm_engine,btc_sha256_nonce,4018379395.0000000000
153887124,16908110970856,btc_qm_engine,btc_sha256_nonce,189594032.0000000000
153887125,16908110971355,btc_qm_engine,btc_leading_zeros,0.0000000000
153887126,16908110971728,btc_qm_engine,btc_leading_zeros,3.0000000000
153887127,16908110972218,btc_qm_engine,btc_sha256_nonce,189619440.0000000000
153887128,16908110972553,btc_qm_engine,btc_sha256_elapsed_ns,1906.0000000000
153887129,16908110973111,btc_qm_engine,btc_sha256_elapsed_ns,1148.0000000000
153887130,16908110973327,btc_qm_engine,btc_leading_zeros,0.0000000000
153887131,16908110973451,btc_qm_engine,btc_sha256_elapsed_ns,1150.0000000000
153887132,16908110974884,btc_qm_engine,btc_sha256_nonce,1346456762.0000000000
153887133,16908110975196,btc_qm_engine,btc_sha256_nonce,2580589707.0000000000
153887134,16908110976158,btc_qm_engine,btc_sha256_nonce,4283026508.0000000000
153887135,16908110977117,btc_qm_engine,btc_leading_zeros,4.0000000000
153887136,16908110977202,btc_qm_engine,btc_sha256_elapsed_ns,1152.0000000000
153887137,16908110978602,btc_qm_engine,btc_sha256_nonce,2912399949.0000000000
153887138,16908110978692,btc_qm_engine,btc_leading_zeros,0.0000000000
153887139,16908110978779,btc_qm_engine,btc_sha256_elapsed_ns,1146.0000000000
153887140,16908110978979,btc_qm_engine,btc_orbital_scan_nonce,189584947.0000000000
153887141,16908110979779,btc_qm_engine,btc_leading_zeros,1.0000000000
153887142,16908110979981,btc_qm_engine,btc_sha256_elapsed_ns,2023.0000000000
153887143,16908110980354,btc_qm_engine,btc_sha256_nonce,189584947.0000000000
153887144,16908110980882,btc_qm_engine,btc_leading_zeros,0.0000000000
153887145,16908110981006,btc_qm_engine,btc_sha256_elapsed_ns,1150.0000000000
153887146,16908110981338,btc_qm_engine,btc_lebesgue_scan_nonce,25.0000000000
153887147,16908110982525,btc_qm_engine,btc_sha256_nonce,3355215515.0000000000
153887148,16908110982650,btc_qm_engine,btc_leading_zeros,2.0000000000
153887149,16908110982772,btc_qm_engine,btc_sha256_elapsed_ns,1153.0000000000
153887150,16908110984219,btc_qm_engine,btc_sha256_nonce,220952484.0000000000
153887151,16908110985202,btc_qm_engine,btc_leading_zeros,0.0000000000
153887152,16908110985723,btc_qm_engine,btc_sha256_elapsed_ns,1151.0000000000
153887153,16908110986136,btc_qm_engine,btc_leading_zeros,0.0000000000
153887154,16908110986798,btc_qm_engine,btc_sha256_nonce,189613445.0000000000
153887155,16908110987047,btc_qm_engine,btc_sha256_elapsed_ns,1151.0000000000
153887156,16908110987282,btc_qm_engine,btc_sha256_nonce,1055401499.0000000000
153887157,16908110987513,btc_qm_engine,btc_lebesgue_scan_nonce,14.0000000000
153887158,16908110988453,btc_qm_engine,btc_leading_zeros,0.0000000000
153887159,16908110989081,btc_qm_engine,btc_leading_zeros,0.0000000000
153887160,16908110989314,btc_qm_engine,btc_sha256_elapsed_ns,1156.0000000000
153887161,16908110989818,btc_qm_engine,btc_sha256_elapsed_ns,2052.0000000000
153887162,16908110990204,btc_qm_engine,btc_sha256_nonce,189703264.0000000000
153887163,16908110990640,btc_qm_engine,btc_leading_zeros,1.0000000000
153887164,16908110990727,btc_qm_engine,btc_sha256_elapsed_ns,1160.0000000000
153887165,16908110991134,btc_qm_engine,btc_sha256_nonce,1682257782.0000000000
153887166,16908110991284,btc_qm_engine,btc_leading_zeros,0.0000000000
153887167,16908110991370,btc_qm_engine,btc_sha256_elapsed_ns,1153.0000000000
153887168,16908110991574,btc_qm_engine,btc_orbital_scan_nonce,189597897.0000000000
153887169,16908110992328,btc_qm_engine,btc_sha256_nonce,1014446442.0000000000
153887170,16908110992460,btc_qm_engine,btc_leading_zeros,3.0000000000
153887171,16908110992876,btc_qm_engine,btc_sha256_elapsed_ns,1150.0000000000
153887172,16908110993988,btc_qm_engine,btc_sha256_nonce,2182859338.0000000000
153887173,16908110995464,btc_qm_engine,btc_sha256_nonce,1008007873.0000000000
153887174,16908110995613,btc_qm_engine,btc_leading_zeros,1.0000000000
153887175,16908110995699,btc_qm_engine,btc_sha256_elapsed_ns,1149.0000000000
153887176,16908110995903,btc_qm_engine,btc_orbital_scan_nonce,189575865.0000000000
153887177,16908110997326,btc_qm_engine,btc_sha256_nonce,189575865.0000000000
153887178,16908110997804,btc_qm_engine,btc_leading_zeros,0.0000000000
153887179,16908110997958,btc_qm_engine,btc_sha256_elapsed_ns,1144.0000000000
153887180,16908110998316,btc_qm_engine,btc_leading_zeros,2.0000000000
153887181,16908110998897,btc_qm_engine,btc_sha256_elapsed_ns,2174.0000000000
153887182,16908110999460,btc_qm_engine,btc_sha256_nonce,3648417903.0000000000
153887183,16908110999591,btc_qm_engine,btc_leading_zeros,0.0000000000
153887184,16908110999703,btc_qm_engine,btc_sha256_elapsed_ns,1149.0000000000
153887185,16908110999932,btc_qm_engine,btc_lebesgue_scan_nonce,8.0000000000
153887186,16908111010851,btc_qm_engine,btc_sha256_nonce,189597897.0000000000
153887187,16908111011150,btc_qm_engine,btc_sha256_nonce,189591759.0000000000
153887188,16908111011310,btc_qm_engine,btc_leading_zeros,1.0000000000
153887189,16908111011415,btc_qm_engine,btc_sha256_elapsed_ns,10821.0000000000
153887190,16908111011688,btc_qm_engine,btc_lebesgue_scan_nonce,4.0000000000
153887191,16908111012070,btc_qm_engine,btc_leading_zeros,0.0000000000
153887192,16908111012949,btc_qm_engine,btc_sha256_nonce,3613919360.0000000000
153887193,16908111013199,btc_qm_engine,btc_sha256_elapsed_ns,1149.0000000000
153887194,16908111013784,btc_qm_engine,btc_orbital_scan_nonce,189604612.0000000000
153887195,16908111014219,btc_qm_engine,btc_sha256_nonce,189537470.0000000000
153887196,16908111014380,btc_qm_engine,btc_leading_zeros,3.0000000000
153887197,16908111014503,btc_qm_engine,btc_sha256_elapsed_ns,2078.0000000000
153887198,16908111014662,btc_qm_engine,btc_leading_zeros,2.0000000000
153887199,16908111014953,btc_qm_engine,btc_orbital_scan_nonce,189575614.0000000000
153887200,16908111015415,btc_qm_engine,btc_sha256_elapsed_ns,12350.0000000000
153887201,16908111016408,btc_qm_engine,btc_sha256_nonce,189604612.0000000000
153887202,16908111016559,btc_qm_engine,btc_leading_zeros,0.0000000000
153887203,16908111016674,btc_qm_engine,btc_sha256_elapsed_ns,1881.0000000000
153887204,16908111017368,btc_qm_engine,btc_sha256_nonce,189575614.0000000000
153887205,16908111017499,btc_qm_engine,btc_leading_zeros,1.0000000000
153887206,16908111017608,btc_qm_engine,btc_sha256_elapsed_ns,2130.0000000000
153887207,16908111018151,btc_qm_engine,btc_sha256_nonce,2913669408.0000000000
153887208,16908111018301,btc_qm_engine,btc_leading_zeros,0.0000000000
153887209,16908111018444,btc_qm_engine,btc_sha256_elapsed_ns,2179.0000000000
153887210,16908111018816,btc_qm_engine,btc_orbital_scan_nonce,189548623.0000000000
153887211,16908111019094,btc_qm_engine,btc_sha256_nonce,1114678417.0000000000
153887212,16908111019477,btc_qm_engine,btc_sha256_nonce,3550478479.0000000000
153887213,16908111019592,btc_qm_engine,btc_leading_zeros,0.0000000000
153887214,16908111019932,btc_qm_engine,btc_sha256_elapsed_ns,1448.0000000000
153887215,16908111020429,btc_qm_engine,btc_leading_zeros,1.0000000000
153887216,16908111020876,btc_qm_engine,btc_sha256_elapsed_ns,1815.0000000000
153887217,16908111021403,btc_qm_engine,btc_sha256_nonce,189548623.0000000000
153887218,16908111021566,btc_qm_engine,btc_leading_zeros,0.0000000000
153887219,16908111021710,btc_qm_engine,btc_sha256_elapsed_ns,2199.0000000000
153887220,16908111022063,btc_qm_engine,btc_orbital_scan_nonce,189585462.0000000000
153887221,16908111022389,btc_qm_engine,btc_sha256_nonce,933550363.0000000000
153887222,16908111022534,btc_qm_engine,btc_leading_zeros,1.0000000000
153887223,16908111022662,btc_qm_engine,btc_sha256_elapsed_ns,1150.0000000000
153887224,16908111022826,btc_qm_engine,btc_sha256_nonce,481461704.0000000000
153887225,16908111023304,btc_qm_engine,btc_leading_zeros,0.0000000000
153887226,16908111023391,btc_qm_engine,btc_sha256_elapsed_ns,1154.0000000000
153887227,16908111024202,btc_qm_engine,btc_sha256_nonce,1218188613.0000000000
153887228,16908111024329,btc_qm_engine,btc_leading_zeros,3.0000000000
153887229,16908111024448,btc_qm_engine,btc_sha256_elapsed_ns,1151.0000000000
153887230,16908111024652,btc_qm_engine,btc_orbital_scan_nonce,189644104.0000000000
153887231,16908111024929,btc_qm_engine,btc_sha256_nonce,3215943974.0000000000
153887232,16908111025059,btc_qm_engine,btc_leading_zeros,1.0000000000
153887233,16908111025159,btc_qm_engine,btc_sha256_elapsed_ns,1164.0000000000
153887234,16908111025404,btc_qm_engine,btc_sha256_nonce,189585462.0000000000
153887235,16908111025556,btc_qm_engine,btc_leading_zeros,4.0000000000
153887236,16908111025699,btc_qm_engine,btc_sha256_elapsed_ns,2252.0000000000
153887237,16908111026036,btc_qm_engine,btc_sha256_nonce,189644104.0000000000
153887238,16908111026247,btc_qm_engine,btc_lebesgue_scan_nonce,24.0000000000
153887239,16908111026675,btc_qm_engine,btc_sha256_nonce,328085000.0000000000
153887240,16908111026799,btc_qm_engine,btc_leading_zeros,1.0000000000
153887241,16908111026889,btc_qm_engine,btc_sha256_elapsed_ns,1157.0000000000
153887242,16908111027333,btc_qm_engine,btc_leading_zeros,0.0000000000
153887243,16908111027817,btc_qm_engine,btc_sha256_elapsed_ns,1149.0000000000
153887244,16908111028034,btc_qm_engine,btc_lebesgue_scan_nonce,23.0000000000
153887245,16908111028468,btc_qm_engine,btc_sha256_nonce,1895805492.0000000000
153887246,16908111028595,btc_qm_engine,btc_leading_zeros,0.0000000000
153887247,16908111028684,btc_qm_engine,btc_sha256_elapsed_ns,1157.0000000000
153887248,16908111029399,btc_qm_engine,btc_sha256_nonce,189562395.0000000000
153887249,16908111029519,btc_qm_engine,btc_leading_zeros,1.0000000000
153887250,16908111029605,btc_qm_engine,btc_sha256_elapsed_ns,1150.0000000000
153887251,16908111029938,btc_qm_engine,btc_sha256_nonce,189545339.0000000000
153887252,16908111030085,btc_qm_engine,btc_leading_zeros,2.0000000000
153887253,16908111030336,btc_qm_engine,btc_sha256_elapsed_ns,2167.0000000000
153887254,16908111031062,btc_qm_engine,btc_sha256_nonce,1008237776.0000000000
153887255,16908111031412,btc_qm_engine,btc_sha256_nonce,454227447.0000000000
153887256,16908111031628,btc_qm_engine,btc_leading_zeros,1.0000000000
153887257,16908111031742,btc_qm_engine,btc_sha256_elapsed_ns,1162.0000000000
153887258,16908111031937,btc_qm_engine,btc_leading_zeros,0.0000000000
153887259,16908111032071,btc_qm_engine,btc_sha256_elapsed_ns,1149.0000000000
153887260,16908111032233,btc_qm_engine,btc_lebesgue_scan_nonce,17.0000000000
153887261,16908111033323,btc_qm_engine,btc_sha256_nonce,396180633.0000000000
153887262,16908111033458,btc_qm_engine,btc_leading_zeros,0.0000000000
153887263,16908111033736,btc_qm_engine,btc_sha256_nonce,1150321735.0000000000
153887264,16908111034012,btc_qm_engine,btc_sha256_elapsed_ns,1157.0000000000
153887265,16908111034337,btc_qm_engine,btc_leading_zeros,0.0000000000
153887266,16908111034460,btc_qm_engine,btc_sha256_elapsed_ns,1140.0000000000
153887267,16908111035226,btc_qm_engine,btc_sha256_nonce,189494647.0000000000
153887268,16908111035388,btc_qm_engine,btc_leading_zeros,1.0000000000
153887269,16908111035534,btc_qm_engine,btc_sha256_elapsed_ns,2168.0000000000
153887270,16908111035856,btc_qm_engine,btc_sha256_nonce,1538028705.0000000000
153887271,16908111036201,btc_qm_engine,btc_leading_zeros,0.0000000000
153887272,16908111036838,btc_qm_engine,btc_sha256_nonce,336710630.0000000000
153887273,16908111037147,btc_qm_engine,btc_sha256_elapsed_ns,1157.0000000000
153887274,16908111037509,btc_qm_engine,btc_leading_zeros,0.0000000000
153887275,16908111037646,btc_qm_engine,btc_sha256_elapsed_ns,1142.0000000000
153887276,16908111038214,btc_qm_engine,btc_sha256_nonce,1303744582.0000000000
153887277,16908111038359,btc_qm_engine,btc_leading_zeros,0.0000000000
153887278,16908111038505,btc_qm_engine,btc_sha256_elapsed_ns,2181.0000000000
153887279,16908111039070,btc_qm_engine,btc_sha256_nonce,1008235049.0000000000
153887280,16908111039193,btc_qm_engine,btc_leading_zeros,0.0000000000
153887281,16908111039284,btc_qm_engine,btc_sha256_elapsed_ns,1153.0000000000
153887282,16908111040759,btc_qm_engine,btc_sha256_nonce,1743723996.0000000000
153887283,16908111040851,btc_qm_engine,btc_leading_zeros,1.0000000000
153887284,16908111040937,btc_qm_engine,btc_sha256_elapsed_ns,1155.0000000000
153887285,16908111041323,btc_qm_engine,btc_sha256_nonce,1647922995.0000000000
153887286,16908111041926,btc_qm_engine,btc_leading_zeros,0.0000000000
153887287,16908111042073,btc_qm_engine,btc_sha256_elapsed_ns,2067.0000000000
153887288,16908111042652,btc_qm_engine,btc_orbital_scan_nonce,189584074.0000000000
153887289,16908111044283,btc_qm_engine,btc_sha256_nonce,189584074.0000000000
153887290,16908111044374,btc_qm_engine,btc_leading_zeros,1.0000000000
153887291,16908111044493,btc_qm_engine,btc_sha256_elapsed_ns,1166.0000000000
153887292,16908111045118,btc_qm_engine,btc_sha256_nonce,2354204431.0000000000
153887293,16908111045269,btc_qm_engine,btc_leading_zeros,0.0000000000
153887294,16908111045399,btc_qm_engine,btc_sha256_elapsed_ns,1969.0000000000
153887295,16908111046162,btc_qm_engine,btc_sha256_nonce,1003160882.0000000000
153887296,16908111046287,btc_qm_engine,btc_leading_zeros,2.0000000000
153887297,16908111046413,btc_qm_engine,btc_sha256_elapsed_ns,1156.0000000000
153887298,16908111047678,btc_qm_engine,btc_sha256_nonce,832686465.0000000000
153887299,16908111047812,btc_qm_engine,btc_leading_zeros,0.0000000000
153887300,16908111048021,btc_qm_engine,btc_sha256_nonce,4045153927.0000000000
153887301,16908111048640,btc_qm_engine,btc_leading_zeros,1.0000000000
153887302,16908111048752,btc_qm_engine,btc_sha256_elapsed_ns,1161.0000000000
153887303,16908111049550,btc_qm_engine,btc_sha256_elapsed_ns,1815.0000000000
153887304,16908111050498,btc_qm_engine,btc_orbital_scan_nonce,189597327.0000000000
153887305,16908111052749,btc_qm_engine,btc_sha256_nonce,189597327.0000000000
153887306,16908111052867,btc_qm_engine,btc_leading_zeros,1.0000000000
153887307,16908111052997,btc_qm_engine,btc_sha256_elapsed_ns,2055.0000000000
153887308,16908111055142,btc_qm_engine,btc_sha256_nonce,1831664687.0000000000
153887309,16908111055297,btc_qm_engine,btc_leading_zeros,1.0000000000
153887310,16908111055441,btc_qm_engine,btc_sha256_elapsed_ns,1794.0000000000
153887311,16908111057881,btc_qm_engine,btc_sha256_nonce,1906306891.0000000000
153887312,16908111058023,btc_qm_engine,btc_leading_zeros,1.0000000000
153887313,16908111058157,btc_qm_engine,btc_sha256_elapsed_ns,2090.0000000000
153887314,16908111058478,btc_qm_engine,btc_lebesgue_scan_nonce,19.0000000000
153887315,16908111060657,btc_qm_engine,btc_sha256_nonce,189705278.0000000000
153887316,16908111060757,btc_qm_engine,btc_leading_zeros,2.0000000000
153887317,16908111060858,btc_qm_engine,btc_sha256_elapsed_ns,1974.0000000000
153887318,16908111061149,btc_qm_engine,btc_orbital_scan_nonce,189579727.0000000000
153887319,16908111063150,btc_qm_engine,btc_sha256_nonce,189579727.0000000000
153887320,16908111063267,btc_qm_engine,btc_leading_zeros,2.0000000000
153887321,16908111063368,btc_qm_engine,btc_sha256_elapsed_ns,1809.0000000000
153887322,16908111065834,btc_qm_engine,btc_sha256_nonce,3989483598.0000000000
153887323,16908111065986,btc_qm_engine,btc_leading_zeros,0.0000000000
153887324,16908111066126,btc_qm_engine,btc_sha256_elapsed_ns,2058.0000000000
153887325,16908111066441,btc_qm_engine,btc_orbital_scan_nonce,189644104.0000000000
153887326,16908111068569,btc_qm_engine,btc_sha256_nonce,189644104.0000000000
153887327,16908111068684,btc_qm_engine,btc_leading_zeros,0.0000000000
153887328,16908111068798,btc_qm_engine,btc_sha256_elapsed_ns,1923.0000000000
153887329,16908111071137,btc_qm_engine,btc_sha256_nonce,1402631499.0000000000
153887330,16908111071272,btc_qm_engine,btc_leading_zeros,0.0000000000
153887331,16908111071392,btc_qm_engine,btc_sha256_elapsed_ns,1963.0000000000
153887332,16908111073786,btc_qm_engine,btc_sha256_nonce,797046616.0000000000
153887333,16908111073925,btc_qm_engine,btc_leading_zeros,0.0000000000
153887334,16908111074061,btc_qm_engine,btc_sha256_elapsed_ns,1990.0000000000
153887335,16908111076457,btc_qm_engine,btc_sha256_nonce,2218237996.0000000000
153887336,16908111076597,btc_qm_engine,btc_leading_zeros,1.0000000000
153887337,16908111076730,btc_qm_engine,btc_sha256_elapsed_ns,2068.0000000000
153887338,16908111079068,btc_qm_engine,btc_sha256_nonce,2319895524.0000000000
153887339,16908111079175,btc_qm_engine,btc_leading_zeros,1.0000000000
153887340,16908111079284,btc_qm_engine,btc_sha256_elapsed_ns,1957.0000000000
153887341,16908111081601,btc_qm_engine,btc_sha256_nonce,278099917.0000000000
153887342,16908111081733,btc_qm_engine,btc_leading_zeros,0.0000000000
153887343,16908111081877,btc_qm_engine,btc_sha256_elapsed_ns,2000.0000000000
153887344,16908111084226,btc_qm_engine,btc_sha256_nonce,1986952934.0000000000
153887345,16908111084377,btc_qm_engine,btc_leading_zeros,0.0000000000
153887346,16908111084516,btc_qm_engine,btc_sha256_elapsed_ns,1959.0000000000
153887347,16908111086935,btc_qm_engine,btc_sha256_nonce,3844715244.0000000000
153887348,16908111087071,btc_qm_engine,btc_leading_zeros,0.0000000000
153887349,16908111087208,btc_qm_engine,btc_sha256_elapsed_ns,2093.0000000000
153887350,16908111089524,btc_qm_engine,btc_sha256_nonce,918083964.0000000000
153887351,16908111089634,btc_qm_engine,btc_leading_zeros,2.0000000000
153887352,16908111089748,btc_qm_engine,btc_sha256_elapsed_ns,1958.0000000000
153887353,16908111092243,btc_qm_engine,btc_sha256_nonce,800059792.0000000000
153887354,16908111092380,btc_qm_engine,btc_leading_zeros,1.0000000000
153887355,16908111092526,btc_qm_engine,btc_sha256_elapsed_ns,2087.0000000000
153887356,16908111092834,btc_qm_engine,btc_orbital_scan_nonce,189551973.0000000000
153887357,16908111095103,btc_qm_engine,btc_sha256_nonce,189551973.0000000000
153887358,16908111095243,btc_qm_engine,btc_leading_zeros,0.0000000000
153887359,16908111095386,btc_qm_engine,btc_sha256_elapsed_ns,2076.0000000000
153887360,16908111095665,btc_qm_engine,btc_orbital_scan_nonce,189584926.0000000000
153887361,16908111097976,btc_qm_engine,btc_sha256_nonce,189584926.0000000000
153887362,16908111098121,btc_qm_engine,btc_leading_zeros,1.0000000000
153887363,16908111098258,btc_qm_engine,btc_sha256_elapsed_ns,2089.0000000000
153887364,16908111100551,btc_qm_engine,btc_sha256_nonce,1013840347.0000000000
153887365,16908111100692,btc_qm_engine,btc_leading_zeros,0.0000000000
153887366,16908111100832,btc_qm_engine,btc_sha256_elapsed_ns,1994.0000000000
153887367,16908111103284,btc_qm_engine,btc_sha256_nonce,3880586881.0000000000
153887368,16908111103412,btc_qm_engine,btc_leading_zeros,4.0000000000
153887369,16908111103602,btc_qm_engine,btc_sha256_elapsed_ns,2061.0000000000
153887370,16908111103880,btc_qm_engine,btc_orbital_scan_nonce,189548975.0000000000
153887371,16908111105921,btc_qm_engine,btc_sha256_nonce,189548975.0000000000
153887372,16908111106028,btc_qm_engine,btc_leading_zeros,1.0000000000
153887373,16908111106159,btc_qm_engine,btc_sha256_elapsed_ns,1858.0000000000
153887374,16908111108372,btc_qm_engine,btc_sha256_nonce,3635207496.0000000000
153887375,16908111108508,btc_qm_engine,btc_leading_zeros,1.0000000000
153887376,16908111108638,btc_qm_engine,btc_sha256_elapsed_ns,1851.0000000000
153887377,16908111110681,btc_qm_engine,btc_sha256_nonce,2076894687.0000000000
153887378,16908111110816,btc_qm_engine,btc_leading_zeros,0.0000000000
153887379,16908111110961,btc_qm_engine,btc_sha256_elapsed_ns,1670.0000000000
153887380,16908111113539,btc_qm_engine,btc_sha256_nonce,2930752795.0000000000
153887381,16908111113682,btc_qm_engine,btc_leading_zeros,0.0000000000
153887382,16908111113818,btc_qm_engine,btc_sha256_elapsed_ns,2198.0000000000
153887383,16908111116287,btc_qm_engine,btc_sha256_nonce,798171668.0000000000
153887384,16908111116441,btc_qm_engine,btc_leading_zeros,3.0000000000
153887385,16908111116594,btc_qm_engine,btc_sha256_elapsed_ns,2074.0000000000
153887386,16908111119034,btc_qm_engine,btc_sha256_nonce,1794569916.0000000000
153887387,16908111119154,btc_qm_engine,btc_leading_zeros,3.0000000000
153887388,16908111119265,btc_qm_engine,btc_sha256_elapsed_ns,2032.0000000000
153887389,16908111121685,btc_qm_engine,btc_sha256_nonce,2014697081.0000000000
153887390,16908111121823,btc_qm_engine,btc_leading_zeros,1.0000000000
153887391,16908111121958,btc_qm_engine,btc_sha256_elapsed_ns,2089.0000000000
153887392,16908111124416,btc_qm_engine,btc_sha256_nonce,3796888658.0000000000
153887393,16908111124561,btc_qm_engine,btc_leading_zeros,1.0000000000
153887394,16908111124694,btc_qm_engine,btc_sha256_elapsed_ns,2077.0000000000
153887395,16908111125027,btc_qm_engine,btc_orbital_scan_nonce,189616249.0000000000
153887396,16908111127343,btc_qm_engine,btc_sha256_nonce,189616249.0000000000
153887397,16908111127476,btc_qm_engine,btc_leading_zeros,4.0000000000
153887398,16908111127620,btc_qm_engine,btc_sha256_elapsed_ns,2086.0000000000
153887399,16908111130131,btc_qm_engine,btc_sha256_nonce,798665220.0000000000
153887400,16908111130269,btc_qm_engine,btc_leading_zeros,0.0000000000
153887401,16908111130387,btc_qm_engine,btc_sha256_elapsed_ns,2099.0000000000
153887402,16908111130681,btc_qm_engine,btc_orbital_scan_nonce,189603798.0000000000
153887403,16908111132661,btc_qm_engine,btc_sha256_nonce,189603798.0000000000
153887404,16908111132797,btc_qm_engine,btc_leading_zeros,1.0000000000
153887405,16908111132934,btc_qm_engine,btc_sha256_elapsed_ns,1769.0000000000
153887406,16908111135428,btc_qm_engine,btc_sha256_nonce,4272009116.0000000000
153887407,16908111135571,btc_qm_engine,btc_leading_zeros,1.0000000000
153887408,16908111135711,btc_qm_engine,btc_sha256_elapsed_ns,2092.0000000000
153887409,16908111136038,btc_qm_engine,btc_lebesgue_scan_nonce,8.0000000000
153887410,16908111138334,btc_qm_engine,btc_sha256_nonce,189735576.0000000000
153887411,16908111138463,btc_qm_engine,btc_leading_zeros,1.0000000000
153887412,16908111138589,btc_qm_engine,btc_sha256_elapsed_ns,2089.0000000000
153887413,16908111138915,btc_qm_engine,btc_orbital_scan_nonce,189563395.0000000000
153887414,16908111141226,btc_qm_engine,btc_sha256_nonce,189563395.0000000000
153887415,16908111141368,btc_qm_engine,btc_leading_zeros,0.0000000000
153887416,16908111141508,btc_qm_engine,btc_sha256_elapsed_ns,2098.0000000000
153887417,16908111144211,btc_qm_engine,btc_sha256_nonce,798105783.0000000000
153887418,16908111144359,btc_qm_engine,btc_leading_zeros,2.0000000000
153887419,16908111144518,btc_qm_engine,btc_sha256_elapsed_ns,2266.0000000000
153887420,16908111144826,btc_qm_engine,btc_orbital_scan_nonce,189595724.0000000000
153887421,16908111147062,btc_qm_engine,btc_sha256_nonce,189595724.0000000000
153887422,16908111147194,btc_qm_engine,btc_leading_zeros,0.0000000000
153887423,16908111147337,btc_qm_engine,btc_sha256_elapsed_ns,2027.0000000000
153887424,16908111147647,btc_qm_engine,btc_orbital_scan_nonce,189555140.0000000000
153887425,16908111150023,btc_qm_engine,btc_sha256_nonce,189555140.0000000000
153887426,16908111150173,btc_qm_engine,btc_leading_zeros,2.0000000000
153887427,16908111150316,btc_qm_engine,btc_sha256_elapsed_ns,2129.0000000000
153887428,16908111150619,btc_qm_engine,btc_lebesgue_scan_nonce,18.0000000000
153887429,16908111152517,btc_qm_engine,btc_sha256_nonce,189560612.0000000000
153887430,16908111152633,btc_qm_engine,btc_leading_zeros,0.0000000000
153887431,16908111152759,btc_qm_engine,btc_sha256_elapsed_ns,1740.0000000000
153887432,16908111155240,btc_qm_engine,btc_sha256_nonce,796891185.0000000000
153887433,16908111155380,btc_qm_engine,btc_leading_zeros,0.0000000000
153887434,16908111155532,btc_qm_engine,btc_sha256_elapsed_ns,2157.0000000000
153887435,16908111155854,btc_qm_engine,btc_lebesgue_scan_nonce,12.0000000000
153887436,16908111158174,btc_qm_engine,btc_sha256_nonce,189580584.0000000000
153887437,16908111158313,btc_qm_engine,btc_leading_zeros,0.0000000000
153887438,16908111158453,btc_qm_engine,btc_sha256_elapsed_ns,2133.0000000000
153887439,16908111158726,btc_qm_engine,btc_orbital_scan_nonce,189544104.0000000000
153887440,16908111161046,btc_qm_engine,btc_sha256_nonce,189544104.0000000000
153887441,16908111161185,btc_qm_engine,btc_leading_zeros,0.0000000000
153887442,16908111161319,btc_qm_engine,btc_sha256_elapsed_ns,2124.0000000000
153887443,16908111163879,btc_qm_engine,btc_sha256_nonce,2866585418.0000000000
153887444,16908111164012,btc_qm_engine,btc_leading_zeros,3.0000000000
153887445,16908111164152,btc_qm_engine,btc_sha256_elapsed_ns,2143.0000000000
153887446,16908111164402,btc_qm_engine,btc_orbital_scan_nonce,189565042.0000000000
153887447,16908111166278,btc_qm_engine,btc_sha256_nonce,189565042.0000000000
153887448,16908111166409,btc_qm_engine,btc_leading_zeros,0.0000000000
153887449,16908111166542,btc_qm_engine,btc_sha256_elapsed_ns,1700.0000000000
153887450,16908111168726,btc_qm_engine,btc_sha256_nonce,2635022500.0000000000
153887451,16908111168851,btc_qm_engine,btc_leading_zeros,0.0000000000
153887452,16908111168966,btc_qm_engine,btc_sha256_elapsed_ns,1861.0000000000
153887453,16908111171362,btc_qm_engine,btc_sha256_nonce,799305159.0000000000
153887454,16908111171501,btc_qm_engine,btc_leading_zeros,0.0000000000
153887455,16908111171616,btc_qm_engine,btc_sha256_elapsed_ns,2039.0000000000
153887456,16908111174114,btc_qm_engine,btc_sha256_nonce,2355312337.0000000000
153887457,16908111174267,btc_qm_engine,btc_leading_zeros,0.0000000000
153887458,16908111174412,btc_qm_engine,btc_sha256_elapsed_ns,2074.0000000000
153887459,16908111174706,btc_qm_engine,btc_lebesgue_scan_nonce,2.0000000000
153887460,16908111177008,btc_qm_engine,btc_sha256_nonce,189412444.0000000000
153887461,16908111177156,btc_qm_engine,btc_leading_zeros,0.0000000000
153887462,16908111177299,btc_qm_engine,btc_sha256_elapsed_ns,2100.0000000000
153887463,16908111177623,btc_qm_engine,btc_lebesgue_scan_nonce,25.0000000000
153887464,16908111179951,btc_qm_engine,btc_sha256_nonce,189590899.0000000000
153887465,16908111180093,btc_qm_engine,btc_leading_zeros,1.0000000000
153887466,16908111180240,btc_qm_engine,btc_sha256_elapsed_ns,2100.0000000000
153887467,16908111182691,btc_qm_engine,btc_sha256_nonce,3872947611.0000000000
153887468,16908111182836,btc_qm_engine,btc_leading_zeros,4.0000000000
153887469,16908111182976,btc_qm_engine,btc_sha256_elapsed_ns,2029.0000000000
153887470,16908111185459,btc_qm_engine,btc_sha256_nonce,2658062391.0000000000
153887471,16908111185604,btc_qm_engine,btc_leading_zeros,0.0000000000
153887472,16908111185755,btc_qm_engine,btc_sha256_elapsed_ns,2090.0000000000
153887473,16908111188232,btc_qm_engine,btc_sha256_nonce,3931277399.0000000000
153887474,16908111188401,btc_qm_engine,btc_leading_zeros,3.0000000000
153887475,16908111188519,btc_qm_engine,btc_sha256_elapsed_ns,2074.0000000000
153887476,16908111191019,btc_qm_engine,btc_sha256_nonce,799769284.0000000000
153887477,16908111191152,btc_qm_engine,btc_leading_zeros,0.0000000000
153887478,16908111191298,btc_qm_engine,btc_sha256_elapsed_ns,2108.0000000000
153887479,16908111191630,btc_qm_engine,btc_orbital_scan_nonce,189620362.0000000000
153887480,16908111193884,btc_qm_engine,btc_sha256_nonce,189620362.0000000000
153887481,16908111194019,btc_qm_engine,btc_leading_zeros,1.0000000000
153887482,16908111194161,btc_qm_engine,btc_sha256_elapsed_ns,2046.0000000000
153887483,16908111196653,btc_qm_engine,btc_sha256_nonce,800175554.0000000000
153887484,16908111196799,btc_qm_engine,btc_leading_zeros,1.0000000000
153887485,16908111196947,btc_qm_engine,btc_sha256_elapsed_ns,2091.0000000000
153887486,16908111197246,btc_qm_engine,btc_orbital_scan_nonce,189621260.0000000000
153887487,16908111199543,btc_qm_engine,btc_sha256_nonce,189621260.0000000000
153887488,16908111199648,btc_qm_engine,btc_leading_zeros,2.0000000000
153887489,16908111199800,btc_qm_engine,btc_sha256_elapsed_ns,2079.0000000000
153887490,16908111202310,btc_qm_engine,btc_sha256_nonce,3941709573.0000000000
153887491,16908111202451,btc_qm_engine,btc_leading_zeros,0.0000000000
153887492,16908111202587,btc_qm_engine,btc_sha256_elapsed_ns,2126.0000000000
153887493,16908111202903,btc_qm_engine,btc_lebesgue_scan_nonce,6.0000000000
153887494,16908111205208,btc_qm_engine,btc_sha256_nonce,189748282.0000000000
153887495,16908111205354,btc_qm_engine,btc_leading_zeros,0.0000000000
153887496,16908111205476,btc_qm_engine,btc_sha256_elapsed_ns,2101.0000000000
153887497,16908111205779,btc_qm_engine,btc_orbital_scan_nonce,189581739.0000000000
153887498,16908111207987,btc_qm_engine,btc_sha256_nonce,189581739.0000000000
153887499,16908111208136,btc_qm_engine,btc_leading_zeros,4.0000000000
153887500,16908111208275,btc_qm_engine,btc_sha256_elapsed_ns,1971.0000000000
153887501,16908111210727,btc_qm_engine,btc_sha256_nonce,3585516118.0000000000
153887502,16908111210883,btc_qm_engine,btc_leading_zeros,0.0000000000
153887503,16908111211021,btc_qm_engine,btc_sha256_elapsed_ns,2043.0000000000
153887504,16908111211323,btc_qm_engine,btc_orbital_scan_nonce,189601142.0000000000
153887505,16908111213649,btc_qm_engine,btc_sha256_nonce,189601142.0000000000
153887506,16908111213792,btc_qm_engine,btc_leading_zeros,0.0000000000
153887507,16908111213939,btc_qm_engine,btc_sha256_elapsed_ns,2123.0000000000
153887508,16908111216458,btc_qm_engine,btc_sha256_nonce,3159640393.0000000000
153887509,16908111216598,btc_qm_engine,btc_leading_zeros,2.0000000000
153887510,16908111216733,btc_qm_engine,btc_sha256_elapsed_ns,2114.0000000000
153887511,16908111219278,btc_qm_engine,btc_sha256_nonce,1299076732.0000000000
153887512,16908111219417,btc_qm_engine,btc_leading_zeros,3.0000000000
153887513,16908111219549,btc_qm_engine,btc_sha256_elapsed_ns,2152.0000000000
153887514,16908111222098,btc_qm_engine,btc_sha256_nonce,1183972603.0000000000
153887515,16908111222243,btc_qm_engine,btc_leading_zeros,3.0000000000
153887516,16908111222380,btc_qm_engine,btc_sha256_elapsed_ns,2158.0000000000
153887517,16908111222687,btc_qm_engine,btc_lebesgue_scan_nonce,14.0000000000
153887518,16908111225034,btc_qm_engine,btc_sha256_nonce,189507026.0000000000
153887519,16908111225179,btc_qm_engine,btc_leading_zeros,1.0000000000
153887520,16908111225326,btc_qm_engine,btc_sha256_elapsed_ns,2136.0000000000
153887521,16908111227739,btc_qm_engine,btc_sha256_nonce,796859525.0000000000
153887522,16908111227882,btc_qm_engine,btc_leading_zeros,0.0000000000
153887523,16908111228064,btc_qm_engine,btc_sha256_elapsed_ns,1995.0000000000
153887524,16908111228363,btc_qm_engine,btc_orbital_scan_nonce,189629524.0000000000
153887525,16908111230632,btc_qm_engine,btc_sha256_nonce,189629524.0000000000
153887526,16908111230766,btc_qm_engine,btc_leading_zeros,2.0000000000
153887527,16908111230904,btc_qm_engine,btc_sha256_elapsed_ns,2046.0000000000
153887528,16908111233479,btc_qm_engine,btc_sha256_nonce,3278933535.0000000000
153887529,16908111233627,btc_qm_engine,btc_leading_zeros,4.0000000000
153887530,16908111233731,btc_qm_engine,btc_sha256_elapsed_ns,2158.0000000000
153887531,16908111236069,btc_qm_engine,btc_sha256_nonce,798660528.0000000000
153887532,16908111236208,btc_qm_engine,btc_leading_zeros,0.0000000000
153887533,16908111236362,btc_qm_engine,btc_sha256_elapsed_ns,1986.0000000000
153887534,16908111238737,btc_qm_engine,btc_sha256_nonce,4115111414.0000000000
153887535,16908111238871,btc_qm_engine,btc_leading_zeros,1.0000000000
153887536,16908111238997,btc_qm_engine,btc_sha256_elapsed_ns,1991.0000000000
153887537,16908111241451,btc_qm_engine,btc_sha256_nonce,1528693075.0000000000
153887538,16908111241594,btc_qm_engine,btc_leading_zeros,4.0000000000
153887539,16908111241729,btc_qm_engine,btc_sha256_elapsed_ns,2106.0000000000
153887540,16908111244083,btc_qm_engine,btc_sha256_nonce,3166834114.0000000000
153887541,16908111244212,btc_qm_engine,btc_leading_zeros,1.0000000000
153887542,16908111244342,btc_qm_engine,btc_sha256_elapsed_ns,1970.0000000000
153887543,16908111244636,btc_qm_engine,btc_orbital_scan_nonce,189587468.0000000000
153887544,16908111246999,btc_qm_engine,btc_sha256_nonce,189587468.0000000000
153887545,16908111247138,btc_qm_engine,btc_leading_zeros,2.0000000000
153887546,16908111247284,btc_qm_engine,btc_sha256_elapsed_ns,2130.0000000000
153887547,16908111247601,btc_qm_engine,btc_orbital_scan_nonce,189617759.0000000000
153887548,16908111249928,btc_qm_engine,btc_sha256_nonce,189617759.0000000000
153887549,16908111250057,btc_qm_engine,btc_leading_zeros,0.0000000000
153887550,16908111250150,btc_qm_engine,btc_sha256_elapsed_ns,2122.0000000000
153887551,16908111252409,btc_qm_engine,btc_sha256_nonce,583736490.0000000000
153887552,16908111252547,btc_qm_engine,btc_leading_zeros,0.0000000000
153887553,16908111252653,btc_qm_engine,btc_sha256_elapsed_ns,1955.0000000000
153887554,16908111252909,btc_qm_engine,btc_orbital_scan_nonce,189594869.0000000000
153887555,16908111255002,btc_qm_engine,btc_sha256_nonce,189594869.0000000000
153887556,16908111255126,btc_qm_engine,btc_leading_zeros,1.0000000000
153887557,16908111255258,btc_qm_engine,btc_sha256_elapsed_ns,1920.0000000000
153887558,16908111257613,btc_qm_engine,btc_sha256_nonce,1357635024.0000000000
153887559,16908111257742,btc_qm_engine,btc_leading_zeros,1.0000000000
153887560,16908111257876,btc_qm_engine,btc_sha256_elapsed_ns,2011.0000000000
153887561,16908111260402,btc_qm_engine,btc_sha256_nonce,3285853783.0000000000
153887562,16908111260534,btc_qm_engine,btc_leading_zeros,0.0000000000
153887563,16908111260659,btc_qm_engine,btc_sha256_elapsed_ns,2152.0000000000
153887564,16908111260956,btc_qm_engine,btc_orbital_scan_nonce,189565321.0000000000
153887565,16908111262968,btc_qm_engine,btc_sha256_nonce,189565321.0000000000
153887566,16908111263083,btc_qm_engine,btc_leading_zeros,1.0000000000
153887567,16908111263193,btc_qm_engine,btc_sha256_elapsed_ns,1826.0000000000
153887568,16908111265646,btc_qm_engine,btc_sha256_nonce,3705184858.0000000000
153887569,16908111265776,btc_qm_engine,btc_leading_zeros,0.0000000000
153887570,16908111265919,btc_qm_engine,btc_sha256_elapsed_ns,2099.0000000000
153887571,16908111266209,btc_qm_engine,btc_orbital_scan_nonce,189587920.0000000000
153887572,16908111268553,btc_qm_engine,btc_sha256_nonce,189587920.0000000000
153887573,16908111268669,btc_qm_engine,btc_leading_zeros,1.0000000000
153887574,16908111268827,btc_qm_engine,btc_sha256_elapsed_ns,2143.0000000000
153887575,16908111271361,btc_qm_engine,btc_sha256_nonce,3109006710.0000000000
153887576,16908111271505,btc_qm_engine,btc_leading_zeros,0.0000000000
153887577,16908111271643,btc_qm_engine,btc_sha256_elapsed_ns,2154.0000000000
153887578,16908111271960,btc_qm_engine,btc_lebesgue_scan_nonce,11.0000000000
153887579,16908111274239,btc_qm_engine,btc_sha256_nonce,189704628.0000000000
153887580,16908111274381,btc_qm_engine,btc_leading_zeros,0.0000000000
153887581,16908111274524,btc_qm_engine,btc_sha256_elapsed_ns,2052.0000000000
153887582,16908111274827,btc_qm_engine,btc_orbital_scan_nonce,189575629.0000000000
153887583,16908111277159,btc_qm_engine,btc_sha256_nonce,189575629.0000000000
153887584,16908111277276,btc_qm_engine,btc_leading_zeros,0.0000000000
153887585,16908111277394,btc_qm_engine,btc_sha256_elapsed_ns,2138.0000000000
153887586,16908111279913,btc_qm_engine,btc_sha256_nonce,511673916.0000000000
153887587,16908111280052,btc_qm_engine,btc_leading_zeros,2.0000000000
153887588,16908111280156,btc_qm_engine,btc_sha256_elapsed_ns,2108.0000000000
153887589,16908111282595,btc_qm_engine,btc_sha256_nonce,3967873244.0000000000
153887590,16908111282738,btc_qm_engine,btc_leading_zeros,0.0000000000
153887591,16908111282868,btc_qm_engine,btc_sha256_elapsed_ns,2041.0000000000
153887592,16908111283138,btc_qm_engine,btc_orbital_scan_nonce,189602528.0000000000
153887593,16908111285216,btc_qm_engine,btc_sha256_nonce,189602528.0000000000
153887594,16908111285333,btc_qm_engine,btc_leading_zeros,1.0000000000
153887595,16908111285471,btc_qm_engine,btc_sha256_elapsed_ns,1895.0000000000
153887596,16908111287901,btc_qm_engine,btc_sha256_nonce,3915728533.0000000000
153887597,16908111288042,btc_qm_engine,btc_leading_zeros,1.0000000000
153887598,16908111288182,btc_qm_engine,btc_sha256_elapsed_ns,2045.0000000000
153887599,16908111288481,btc_qm_engine,btc_orbital_scan_nonce,189633030.0000000000
153887600,16908111290738,btc_qm_engine,btc_sha256_nonce,189633030.0000000000
153887601,16908111290849,btc_qm_engine,btc_leading_zeros,3.0000000000
153887602,16908111290993,btc_qm_engine,btc_sha256_elapsed_ns,2034.0000000000
153887603,16908111291282,btc_qm_engine,btc_orbital_scan_nonce,189589640.0000000000
153887604,16908111293624,btc_qm_engine,btc_sha256_nonce,189589640.0000000000
153887605,16908111293764,btc_qm_engine,btc_leading_zeros,0.0000000000
153887606,16908111293906,btc_qm_engine,btc_sha256_elapsed_ns,2133.0000000000
153887607,16908111294220,btc_qm_engine,btc_orbital_scan_nonce,189601614.0000000000
153887608,16908111296498,btc_qm_engine,btc_sha256_nonce,189601614.0000000000
153887609,16908111296638,btc_qm_engine,btc_leading_zeros,1.0000000000
153887610,16908111296774,btc_qm_engine,btc_sha256_elapsed_ns,2037.0000000000
153887611,16908111297096,btc_qm_engine,btc_lebesgue_scan_nonce,15.0000000000
153887612,16908111299317,btc_qm_engine,btc_sha256_nonce,189502350.0000000000
153887613,16908111299447,btc_qm_engine,btc_leading_zeros,0.0000000000
153887614,16908111299591,btc_qm_engine,btc_sha256_elapsed_ns,2009.0000000000
153887615,16908111302167,btc_qm_engine,btc_sha256_nonce,4234401855.0000000000
153887616,16908111302307,btc_qm_engine,btc_leading_zeros,0.0000000000
153887617,16908111302447,btc_qm_engine,btc_sha256_elapsed_ns,2182.0000000000
153887618,16908111304736,btc_qm_engine,btc_sha256_nonce,2318592623.0000000000
153887619,16908111304879,btc_qm_engine,btc_leading_zeros,0.0000000000
153887620,16908111305023,btc_qm_engine,btc_sha256_elapsed_ns,1940.0000000000
153887621,16908111307621,btc_qm_engine,btc_sha256_nonce,796194501.0000000000
153887622,16908111307756,btc_qm_engine,btc_leading_zeros,8.0000000000
153887623,16908111307902,btc_qm_engine,btc_sha256_elapsed_ns,2106.0000000000
153887624,16908111310397,btc_qm_engine,btc_sha256_nonce,2204902869.0000000000
153887625,16908111310553,btc_qm_engine,btc_leading_zeros,1.0000000000
153887626,16908111310675,btc_qm_engine,btc_sha256_elapsed_ns,2050.0000000000
153887627,16908111310956,btc_qm_engine,btc_lebesgue_scan_nonce,20.0000000000
153887628,16908111313287,btc_qm_engine,btc_sha256_nonce,189591280.0000000000
153887629,16908111313388,btc_qm_engine,btc_leading_zeros,4.0000000000
153887630,16908111313528,btc_qm_engine,btc_sha256_elapsed_ns,2112.0000000000
153887631,16908111316018,btc_qm_engine,btc_sha256_nonce,798313058.0000000000
153887632,16908111316164,btc_qm_engine,btc_leading_zeros,0.0000000000
153887633,16908111316307,btc_qm_engine,btc_sha256_elapsed_ns,2081.0000000000
153887634,16908111318901,btc_qm_engine,btc_sha256_nonce,799411623.0000000000
153887635,16908111319037,btc_qm_engine,btc_leading_zeros,0.0000000000
153887636,16908111319176,btc_qm_engine,btc_sha256_elapsed_ns,2155.0000000000
153887637,16908111319480,btc_qm_engine,btc_orbital_scan_nonce,189611102.0000000000
153887638,16908111321835,btc_qm_engine,btc_sha256_nonce,189611102.0000000000
153887639,16908111321978,btc_qm_engine,btc_leading_zeros,4.0000000000
153887640,16908111322114,btc_qm_engine,btc_sha256_elapsed_ns,2133.0000000000
153887641,16908111324608,btc_qm_engine,btc_sha256_nonce,3913286151.0000000000
153887642,16908111324714,btc_qm_engine,btc_leading_zeros,3.0000000000
153887643,16908111324836,btc_qm_engine,btc_sha256_elapsed_ns,2158.0000000000
153887644,16908111327299,btc_qm_engine,btc_sha256_nonce,799656226.0000000000
153887645,16908111327433,btc_qm_engine,btc_leading_zeros,4.0000000000
153887646,16908111327572,btc_qm_engine,btc_sha256_elapsed_ns,2092.0000000000
153887647,16908111327839,btc_qm_engine,btc_orbital_scan_nonce,189608866.0000000000
153887648,16908111330169,btc_qm_engine,btc_sha256_nonce,189608866.0000000000
153887649,16908111330301,btc_qm_engine,btc_leading_zeros,0.0000000000
153887650,16908111330402,btc_qm_engine,btc_sha256_elapsed_ns,2104.0000000000
153887651,16908111332812,btc_qm_engine,btc_sha256_nonce,3526503723.0000000000
153887652,16908111332961,btc_qm_engine,btc_leading_zeros,1.0000000000
153887653,16908111333092,btc_qm_engine,btc_sha256_elapsed_ns,2070.0000000000
153887654,16908111335498,btc_qm_engine,btc_sha256_nonce,2455182134.0000000000
153887655,16908111335623,btc_qm_engine,btc_leading_zeros,4.0000000000
153887656,16908111335736,btc_qm_engine,btc_sha256_elapsed_ns,2026.0000000000
153887657,16908111337799,btc_qm_engine,btc_sha256_nonce,3512352753.0000000000
153887658,16908111337903,btc_qm_engine,btc_leading_zeros,0.0000000000
153887659,16908111338012,btc_qm_engine,btc_sha256_elapsed_ns,1695.0000000000
153887660,16908111339763,btc_qm_engine,btc_sha256_nonce,998199009.0000000000
153887661,16908111339866,btc_qm_engine,btc_leading_zeros,1.0000000000
153887662,16908111339988,btc_qm_engine,btc_sha256_elapsed_ns,1460.0000000000
153887663,16908111342272,btc_qm_engine,btc_sha256_nonce,614554476.0000000000
153887664,16908111342414,btc_qm_engine,btc_leading_zeros,0.0000000000
153887665,16908111342539,btc_qm_engine,btc_sha256_elapsed_ns,1939.0000000000
153887666,16908111342837,btc_qm_engine,btc_lebesgue_scan_nonce,15.0000000000
153887667,16908111345252,btc_qm_engine,btc_sha256_nonce,189671109.0000000000
153887668,16908111345389,btc_qm_engine,btc_leading_zeros,0.0000000000
153887669,16908111345528,btc_qm_engine,btc_sha256_elapsed_ns,2168.0000000000
153887670,16908111345839,btc_qm_engine,btc_lebesgue_scan_nonce,16.0000000000
153887671,16908111348195,btc_qm_engine,btc_sha256_nonce,189464493.0000000000
153887672,16908111348335,btc_qm_engine,btc_leading_zeros,0.0000000000
153887673,16908111348480,btc_qm_engine,btc_sha256_elapsed_ns,2154.0000000000
153887674,16908111348784,btc_qm_engine,btc_orbital_scan_nonce,189637125.0000000000
153887675,16908111351150,btc_qm_engine,btc_sha256_nonce,189637125.0000000000
153887676,16908111351284,btc_qm_engine,btc_leading_zeros,2.0000000000
153887677,16908111351421,btc_qm_engine,btc_sha256_elapsed_ns,2143.0000000000
153887678,16908111353966,btc_qm_engine,btc_sha256_nonce,797212575.0000000000
153887679,16908111354111,btc_qm_engine,btc_leading_zeros,0.0000000000
153887680,16908111354236,btc_qm_engine,btc_sha256_elapsed_ns,2138.0000000000
153887681,16908111354539,btc_qm_engine,btc_orbital_scan_nonce,189601079.0000000000
153887682,16908111356827,btc_qm_engine,btc_sha256_nonce,189601079.0000000000
153887683,16908111356956,btc_qm_engine,btc_leading_zeros,0.0000000000
153887684,16908111357070,btc_qm_engine,btc_sha256_elapsed_ns,2078.0000000000
153887685,16908111357370,btc_qm_engine,btc_lebesgue_scan_nonce,14.0000000000
153887686,16908111359632,btc_qm_engine,btc_sha256_nonce,189727611.0000000000
153887687,16908111359773,btc_qm_engine,btc_leading_zeros,0.0000000000
153887688,16908111359909,btc_qm_engine,btc_sha256_elapsed_ns,2067.0000000000
153887689,16908111362387,btc_qm_engine,btc_sha256_nonce,800925171.0000000000
153887690,16908111362524,btc_qm_engine,btc_leading_zeros,1.0000000000
153887691,16908111362661,btc_qm_engine,btc_sha256_elapsed_ns,2070.0000000000
153887692,16908111365138,btc_qm_engine,btc_sha256_nonce,2416949072.0000000000
153887693,16908111365287,btc_qm_engine,btc_leading_zeros,1.0000000000
153887694,16908111365429,btc_qm_engine,btc_sha256_elapsed_ns,2092.0000000000
153887695,16908111367936,btc_qm_engine,btc_sha256_nonce,91233094.0000000000
153887696,16908111368078,btc_qm_engine,btc_leading_zeros,3.0000000000
153887697,16908111368231,btc_qm_engine,btc_sha256_elapsed_ns,2096.0000000000
153887698,16908111368557,btc_qm_engine,btc_lebesgue_scan_nonce,2.0000000000
153887699,16908111370869,btc_qm_engine,btc_sha256_nonce,189529481.0000000000
153887700,16908111371006,btc_qm_engine,btc_leading_zeros,0.0000000000
153887701,16908111371137,btc_qm_engine,btc_sha256_elapsed_ns,2115.0000000000
153887702,16908111371429,btc_qm_engine,btc_lebesgue_scan_nonce,28.0000000000
153887703,16908111373695,btc_qm_engine,btc_sha256_nonce,189554364.0000000000
153887704,16908111373824,btc_qm_engine,btc_leading_zeros,1.0000000000
153887705,16908111373952,btc_qm_engine,btc_sha256_elapsed_ns,2063.0000000000
153887706,16908111376436,btc_qm_engine,btc_sha256_nonce,796059976.0000000000
153887707,16908111376577,btc_qm_engine,btc_leading_zeros,1.0000000000
153887708,16908111376717,btc_qm_engine,btc_sha256_elapsed_ns,2088.0000000000
153887709,16908111377037,btc_qm_engine,btc_lebesgue_scan_nonce,15.0000000000
153887710,16908111379347,btc_qm_engine,btc_sha256_nonce,189615965.0000000000
153887711,16908111379473,btc_qm_engine,btc_leading_zeros,1.0000000000
153887712,16908111379602,btc_qm_engine,btc_sha256_elapsed_ns,2109.0000000000
153887713,16908111379909,btc_qm_engine,btc_orbital_scan_nonce,189637697.0000000000
153887714,16908111382189,btc_qm_engine,btc_sha256_nonce,189637697.0000000000
153887715,16908111382303,btc_qm_engine,btc_leading_zeros,0.0000000000
153887716,16908111382413,btc_qm_engine,btc_sha256_elapsed_ns,2054.0000000000
153887717,16908111382679,btc_qm_engine,btc_orbital_scan_nonce,189589417.0000000000
153887718,16908111384977,btc_qm_engine,btc_sha256_nonce,189589417.0000000000
153887719,16908111385092,btc_qm_engine,btc_leading_zeros,2.0000000000
153887720,16908111385216,btc_qm_engine,btc_sha256_elapsed_ns,2074.0000000000
153887721,16908111387525,btc_qm_engine,btc_sha256_nonce,801664335.0000000000
153887722,16908111387643,btc_qm_engine,btc_leading_zeros,4.0000000000
153887723,16908111387740,btc_qm_engine,btc_sha256_elapsed_ns,1887.0000000000
153887724,16908111388049,btc_qm_engine,btc_lebesgue_scan_nonce,8.0000000000
153887725,16908111390267,btc_qm_engine,btc_sha256_nonce,189771898.0000000000
153887726,16908111390444,btc_qm_engine,btc_leading_zeros,3.0000000000
153887727,16908111390578,btc_qm_engine,btc_sha256_elapsed_ns,1996.0000000000
153887728,16908111393078,btc_qm_engine,btc_sha256_nonce,798193475.0000000000
153887729,16908111393216,btc_qm_engine,btc_leading_zeros,0.0000000000
153887730,16908111393326,btc_qm_engine,btc_sha256_elapsed_ns,2103.0000000000
153887731,16908111395453,btc_qm_engine,btc_sha256_nonce,181493812.0000000000
153887732,16908111395557,btc_qm_engine,btc_leading_zeros,1.0000000000
153887733,16908111395689,btc_qm_engine,btc_sha256_elapsed_ns,1801.0000000000
153887734,16908111395958,btc_qm_engine,btc_lebesgue_scan_nonce,3.0000000000
153887735,16908111398112,btc_qm_engine,btc_sha256_nonce,189528102.0000000000
153887736,16908111398251,btc_qm_engine,btc_leading_zeros,1.0000000000
153887737,16908111398396,btc_qm_engine,btc_sha256_elapsed_ns,1972.0000000000
153887738,16908111398698,btc_qm_engine,btc_orbital_scan_nonce,189581443.0000000000
153887739,16908111400913,btc_qm_engine,btc_sha256_nonce,189581443.0000000000
153887740,16908111401057,btc_qm_engine,btc_leading_zeros,1.0000000000
153887741,16908111401202,btc_qm_engine,btc_sha256_elapsed_ns,2021.0000000000
153887742,16908111403595,btc_qm_engine,btc_sha256_nonce,4042775417.0000000000
153887743,16908111403737,btc_qm_engine,btc_leading_zeros,1.0000000000
153887744,16908111403879,btc_qm_engine,btc_sha256_elapsed_ns,2001.0000000000
153887745,16908111406249,btc_qm_engine,btc_sha256_nonce,2238950106.0000000000
153887746,16908111406387,btc_qm_engine,btc_leading_zeros,0.0000000000
153887747,16908111406501,btc_qm_engine,btc_sha256_elapsed_ns,1985.0000000000
153887748,16908111406819,btc_qm_engine,btc_lebesgue_scan_nonce,10.0000000000
153887749,16908111409034,btc_qm_engine,btc_sha256_nonce,189719593.0000000000
153887750,16908111409181,btc_qm_engine,btc_leading_zeros,2.0000000000
153887751,16908111409328,btc_qm_engine,btc_sha256_elapsed_ns,1994.0000000000
153887752,16908111409638,btc_qm_engine,btc_orbital_scan_nonce,189579361.0000000000
153887753,16908111411710,btc_qm_engine,btc_sha256_nonce,189579361.0000000000
153887754,16908111411819,btc_qm_engine,btc_leading_zeros,0.0000000000
153887755,16908111411949,btc_qm_engine,btc_sha256_elapsed_ns,1877.0000000000
153887756,16908111412236,btc_qm_engine,btc_orbital_scan_nonce,189552975.0000000000
153887757,16908111414564,btc_qm_engine,btc_sha256_nonce,189552975.0000000000
153887758,16908111414694,btc_qm_engine,btc_leading_zeros,2.0000000000
153887759,16908111414843,btc_qm_engine,btc_sha256_elapsed_ns,2108.0000000000
153887760,16908111417335,btc_qm_engine,btc_sha256_nonce,339582801.0000000000
153887761,16908111417483,btc_qm_engine,btc_leading_zeros,0.0000000000
153887762,16908111417628,btc_qm_engine,btc_sha256_elapsed_ns,2094.0000000000
153887763,16908111417874,btc_qm_engine,btc_orbital_scan_nonce,189614375.0000000000
153887764,16908111420218,btc_qm_engine,btc_sha256_nonce,189614375.0000000000
153887765,16908111420368,btc_qm_engine,btc_leading_zeros,1.0000000000
153887766,16908111420511,btc_qm_engine,btc_sha256_elapsed_ns,2120.0000000000
153887767,16908111422909,btc_qm_engine,btc_sha256_nonce,2497974197.0000000000
153887768,16908111423040,btc_qm_engine,btc_leading_zeros,0.0000000000
153887769,16908111423178,btc_qm_engine,btc_sha256_elapsed_ns,2003.0000000000
153887770,16908111423469,btc_qm_engine,btc_orbital_scan_nonce,189555627.0000000000
153887771,16908111425872,btc_qm_engine,btc_sha256_nonce,189555627.0000000000
153887772,16908111426027,btc_qm_engine,btc_leading_zeros,0.0000000000
153887773,16908111426176,btc_qm_engine,btc_sha256_elapsed_ns,2212.0000000000
153887774,16908111426466,btc_qm_engine,btc_orbital_scan_nonce,189578190.0000000000
153887775,16908111428854,btc_qm_engine,btc_sha256_nonce,189578190.0000000000
153887776,16908111428996,btc_qm_engine,btc_leading_zeros,4.0000000000
153887777,16908111429134,btc_qm_engine,btc_sha256_elapsed_ns,2156.0000000000
153887778,16908111431710,btc_qm_engine,btc_sha256_nonce,796680458.0000000000
153887779,16908111431881,btc_qm_engine,btc_leading_zeros,2.0000000000
153887780,16908111432021,btc_qm_engine,btc_sha256_elapsed_ns,2136.0000000000
153887781,16908111432310,btc_qm_engine,btc_orbital_scan_nonce,189583853.0000000000
153887782,16908111434582,btc_qm_engine,btc_sha256_nonce,189583853.0000000000
153887783,16908111434732,btc_qm_engine,btc_leading_zeros,4.0000000000
153887784,16908111434869,btc_qm_engine,btc_sha256_elapsed_ns,2039.0000000000
153887785,16908111437427,btc_qm_engine,btc_sha256_nonce,3217564656.0000000000
153887786,16908111437579,btc_qm_engine,btc_leading_zeros,0.0000000000
153887787,16908111437707,btc_qm_engine,btc_sha256_elapsed_ns,2140.0000000000
153887788,16908111438034,btc_qm_engine,btc_lebesgue_scan_nonce,25.0000000000
153887789,16908111440269,btc_qm_engine,btc_sha256_nonce,189540459.0000000000
153887790,16908111440418,btc_qm_engine,btc_leading_zeros,3.0000000000
153887791,16908111440568,btc_qm_engine,btc_sha256_elapsed_ns,1998.0000000000
153887792,16908111443073,btc_qm_engine,btc_sha256_nonce,3695897674.0000000000
153887793,16908111443213,btc_qm_engine,btc_leading_zeros,1.0000000000
153887794,16908111443345,btc_qm_engine,btc_sha256_elapsed_ns,2119.0000000000
153887795,16908111445775,btc_qm_engine,btc_sha256_nonce,2447992772.0000000000
153887796,16908111445899,btc_qm_engine,btc_leading_zeros,4.0000000000
153887797,16908111446040,btc_qm_engine,btc_sha256_elapsed_ns,2052.0000000000
153887798,16908111448461,btc_qm_engine,btc_sha256_nonce,3659226435.0000000000
153887799,16908111448598,btc_qm_engine,btc_leading_zeros,0.0000000000
153887800,16908111448754,btc_qm_engine,btc_sha256_elapsed_ns,2057.0000000000
153887801,16908111451249,btc_qm_engine,btc_sha256_nonce,801404970.0000000000
153887802,16908111451370,btc_qm_engine,btc_leading_zeros,0.0000000000
153887803,16908111451509,btc_qm_engine,btc_sha256_elapsed_ns,2075.0000000000
153887804,16908111453999,btc_qm_engine,btc_sha256_nonce,660919899.0000000000
153887805,16908111454139,btc_qm_engine,btc_leading_zeros,1.0000000000
153887806,16908111454263,btc_qm_engine,btc_sha256_elapsed_ns,2107.0000000000
153887807,16908111456732,btc_qm_engine,btc_sha256_nonce,796945608.0000000000
153887808,16908111456884,btc_qm_engine,btc_leading_zeros,0.0000000000
153887809,16908111457014,btc_qm_engine,btc_sha256_elapsed_ns,2077.0000000000
153887810,16908111457336,btc_qm_engine,btc_lebesgue_scan_nonce,10.0000000000
153887811,16908111459691,btc_qm_engine,btc_sha256_nonce,189575917.0000000000
153887812,16908111459829,btc_qm_engine,btc_leading_zeros,4.0000000000
153887813,16908111459957,btc_qm_engine,btc_sha256_elapsed_ns,2123.0000000000
153887814,16908111462473,btc_qm_engine,btc_sha256_nonce,3143910844.0000000000
153887815,16908111462595,btc_qm_engine,btc_leading_zeros,0.0000000000
153887816,16908111462716,btc_qm_engine,btc_sha256_elapsed_ns,2159.0000000000
153887817,16908111465206,btc_qm_engine,btc_sha256_nonce,406174515.0000000000
153887818,16908111465353,btc_qm_engine,btc_leading_zeros,0.0000000000
153887819,16908111465490,btc_qm_engine,btc_sha256_elapsed_ns,2101.0000000000
153887820,16908111468005,btc_qm_engine,btc_sha256_nonce,1928786748.0000000000
153887821,16908111468144,btc_qm_engine,btc_leading_zeros,0.0000000000
153887822,16908111468291,btc_qm_engine,btc_sha256_elapsed_ns,2143.0000000000
153887823,16908111468599,btc_qm_engine,btc_orbital_scan_nonce,189635276.0000000000
153887824,16908111470964,btc_qm_engine,btc_sha256_nonce,189635276.0000000000
153887825,16908111471079,btc_qm_engine,btc_leading_zeros,2.0000000000
153887826,16908111471198,btc_qm_engine,btc_sha256_elapsed_ns,2143.0000000000
153887827,16908111473691,btc_qm_engine,btc_sha256_nonce,226986313.0000000000
153887828,16908111473837,btc_qm_engine,btc_leading_zeros,2.0000000000
153887829,16908111473980,btc_qm_engine,btc_sha256_elapsed_ns,2118.0000000000
153887830,16908111476448,btc_qm_engine,btc_sha256_nonce,320819507.0000000000
153887831,16908111476581,btc_qm_engine,btc_leading_zeros,1.0000000000
153887832,16908111476718,btc_qm_engine,btc_sha256_elapsed_ns,2075.0000000000
153887833,16908111479251,btc_qm_engine,btc_sha256_nonce,798028259.0000000000
153887834,16908111479388,btc_qm_engine,btc_leading_zeros,4.0000000000
153887835,16908111479532,btc_qm_engine,btc_sha256_elapsed_ns,2145.0000000000
153887836,16908111482066,btc_qm_engine,btc_sha256_nonce,2811181609.0000000000
153887837,16908111482194,btc_qm_engine,btc_leading_zeros,1.0000000000
153887838,16908111482333,btc_qm_engine,btc_sha256_elapsed_ns,2139.0000000000
153887839,16908111484717,btc_qm_engine,btc_sha256_nonce,2014267969.0000000000
153887840,16908111484857,btc_qm_engine,btc_leading_zeros,3.0000000000
153887841,16908111484989,btc_qm_engine,btc_sha256_elapsed_ns,2003.0000000000
153887842,16908111487474,btc_qm_engine,btc_sha256_nonce,2305752604.0000000000
153887843,16908111487612,btc_qm_engine,btc_leading_zeros,2.0000000000
153887844,16908111487749,btc_qm_engine,btc_sha256_elapsed_ns,2104.0000000000
153887845,16908111488031,btc_qm_engine,btc_orbital_scan_nonce,189552430.0000000000
153887846,16908111490335,btc_qm_engine,btc_sha256_nonce,189552430.0000000000
153887847,16908111490483,btc_qm_engine,btc_leading_zeros,0.0000000000
153887848,16908111490594,btc_qm_engine,btc_sha256_elapsed_ns,2093.0000000000
153887849,16908111490892,btc_qm_engine,btc_orbital_scan_nonce,189610834.0000000000
153887850,16908111493121,btc_qm_engine,btc_sha256_nonce,189610834.0000000000
153887851,16908111493264,btc_qm_engine,btc_leading_zeros,0.0000000000
153887852,16908111493406,btc_qm_engine,btc_sha256_elapsed_ns,2020.0000000000
153887853,16908111493712,btc_qm_engine,btc_orbital_scan_nonce,189608106.0000000000
153887854,16908111496113,btc_qm_engine,btc_sha256_nonce,189608106.0000000000
153887855,16908111496258,btc_qm_engine,btc_leading_zeros,0.0000000000
153887856,16908111496401,btc_qm_engine,btc_sha256_elapsed_ns,2185.0000000000
153887857,16908111498710,btc_qm_engine,btc_sha256_nonce,1068059413.0000000000
153887858,16908111498844,btc_qm_engine,btc_leading_zeros,1.0000000000
153887859,16908111498994,btc_qm_engine,btc_sha256_elapsed_ns,1943.0000000000
153887860,16908111500987,btc_qm_engine,btc_sha256_nonce,2359946490.0000000000
153887861,16908111501105,btc_qm_engine,btc_leading_zeros,0.0000000000
153887862,16908111501202,btc_qm_engine,btc_sha256_elapsed_ns,1607.0000000000
153887863,16908111502997,btc_qm_engine,btc_sha256_nonce,782560480.0000000000
153887864,16908111503128,btc_qm_engine,btc_leading_zeros,4.0000000000
153887865,16908111503269,btc_qm_engine,btc_sha256_elapsed_ns,1483.0000000000
153887866,16908111503534,btc_qm_engine,btc_orbital_scan_nonce,189611694.0000000000
153887867,16908111505299,btc_qm_engine,btc_sha256_nonce,189611694.0000000000
153887868,16908111505436,btc_qm_engine,btc_leading_zeros,0.0000000000
153887869,16908111505563,btc_qm_engine,btc_sha256_elapsed_ns,1562.0000000000
153887870,16908111505865,btc_qm_engine,btc_orbital_scan_nonce,189597132.0000000000
153887871,16908111507631,btc_qm_engine,btc_sha256_nonce,189597132.0000000000
153887872,16908111507764,btc_qm_engine,btc_leading_zeros,1.0000000000
153887873,16908111507862,btc_qm_engine,btc_sha256_elapsed_ns,1571.0000000000
153887874,16908111509668,btc_qm_engine,btc_sha256_nonce,407646060.0000000000
153887875,16908111509767,btc_qm_engine,btc_leading_zeros,1.0000000000
153887876,16908111509863,btc_qm_engine,btc_sha256_elapsed_ns,1530.0000000000
153887877,16908111511778,btc_qm_engine,btc_sha256_nonce,386817386.0000000000
153887878,16908111511876,btc_qm_engine,btc_leading_zeros,0.0000000000
153887879,16908111511974,btc_qm_engine,btc_sha256_elapsed_ns,1643.0000000000
153887880,16908111513974,btc_qm_engine,btc_sha256_nonce,478542822.0000000000
153887881,16908111514143,btc_qm_engine,btc_leading_zeros,4.0000000000
153887882,16908111514258,btc_qm_engine,btc_sha256_elapsed_ns,1598.0000000000
153887883,16908111516168,btc_qm_engine,btc_sha256_nonce,2964829250.0000000000
153887884,16908111516277,btc_qm_engine,btc_leading_zeros,0.0000000000
153887885,16908111516416,btc_qm_engine,btc_sha256_elapsed_ns,1632.0000000000
153887886,16908111516734,btc_qm_engine,btc_lebesgue_scan_nonce,26.0000000000
153887887,16908111518432,btc_qm_engine,btc_sha256_nonce,189578932.0000000000
153887888,16908111518552,btc_qm_engine,btc_leading_zeros,1.0000000000
153887889,16908111518663,btc_qm_engine,btc_sha256_elapsed_ns,1461.0000000000
153887890,16908111520712,btc_qm_engine,btc_sha256_nonce,2239375265.0000000000
153887891,16908111520831,btc_qm_engine,btc_leading_zeros,3.0000000000
153887892,16908111520951,btc_qm_engine,btc_sha256_elapsed_ns,1685.0000000000
153887893,16908111521243,btc_qm_engine,btc_lebesgue_scan_nonce,12.0000000000
153887894,16908111523203,btc_qm_engine,btc_sha256_nonce,189583977.0000000000
153887895,16908111523319,btc_qm_engine,btc_leading_zeros,1.0000000000
153887896,16908111523448,btc_qm_engine,btc_sha256_elapsed_ns,1769.0000000000
153887897,16908111523783,btc_qm_engine,btc_orbital_scan_nonce,189574958.0000000000
153887898,16908111526199,btc_qm_engine,btc_sha256_nonce,189574958.0000000000
153887899,16908111526326,btc_qm_engine,btc_leading_zeros,4.0000000000
153887900,16908111526419,btc_qm_engine,btc_sha256_elapsed_ns,2194.0000000000
153887901,16908111526675,btc_qm_engine,btc_orbital_scan_nonce,189571570.0000000000
153887902,16908111528720,btc_qm_engine,btc_sha256_nonce,189571570.0000000000
153887903,16908111528829,btc_qm_engine,btc_leading_zeros,0.0000000000
153887904,16908111528947,btc_qm_engine,btc_sha256_elapsed_ns,1843.0000000000
153887905,16908111530969,btc_qm_engine,btc_sha256_nonce,2343067308.0000000000
153887906,16908111531105,btc_qm_engine,btc_leading_zeros,0.0000000000
153887907,16908111531238,btc_qm_engine,btc_sha256_elapsed_ns,1702.0000000000
153887908,16908111533171,btc_qm_engine,btc_sha256_nonce,2642738971.0000000000
153887909,16908111533273,btc_qm_engine,btc_leading_zeros,0.0000000000
153887910,16908111533371,btc_qm_engine,btc_sha256_elapsed_ns,1620.0000000000
153887911,16908111533613,btc_qm_engine,btc_lebesgue_scan_nonce,18.0000000000
153887912,16908111535198,btc_qm_engine,btc_sha256_nonce,189679254.0000000000
153887913,16908111535293,btc_qm_engine,btc_leading_zeros,0.0000000000
153887914,16908111535390,btc_qm_engine,btc_sha256_elapsed_ns,1424.0000000000
153887915,16908111535706,btc_qm_engine,btc_lebesgue_scan_nonce,13.0000000000
153887916,16908111537899,btc_qm_engine,btc_sha256_nonce,189582529.0000000000
153887917,16908111538046,btc_qm_engine,btc_leading_zeros,0.0000000000
153887918,16908111538186,btc_qm_engine,btc_sha256_elapsed_ns,1987.0000000000
153887919,16908111538488,btc_qm_engine,btc_orbital_scan_nonce,189565696.0000000000
153887920,16908111540737,btc_qm_engine,btc_sha256_nonce,189565696.0000000000
153887921,16908111540873,btc_qm_engine,btc_leading_zeros,1.0000000000
153887922,16908111541011,btc_qm_engine,btc_sha256_elapsed_ns,2032.0000000000
153887923,16908111541311,btc_qm_engine,btc_orbital_scan_nonce,189544104.0000000000
153887924,16908111543638,btc_qm_engine,btc_sha256_nonce,189544104.0000000000
153887925,16908111543781,btc_qm_engine,btc_leading_zeros,0.0000000000
153887926,16908111543899,btc_qm_engine,btc_sha256_elapsed_ns,2121.0000000000
153887927,16908111544175,btc_qm_engine,btc_orbital_scan_nonce,189569972.0000000000
153887928,16908111546507,btc_qm_engine,btc_sha256_nonce,189569972.0000000000
153887929,16908111546653,btc_qm_engine,btc_leading_zeros,2.0000000000
153887930,16908111546810,btc_qm_engine,btc_sha256_elapsed_ns,2105.0000000000
153887931,16908111547079,btc_qm_engine,btc_orbital_scan_nonce,189603986.0000000000
153887932,16908111549505,btc_qm_engine,btc_sha256_nonce,189603986.0000000000
153887933,16908111549647,btc_qm_engine,btc_leading_zeros,0.0000000000
153887934,16908111549794,btc_qm_engine,btc_sha256_elapsed_ns,2193.0000000000
153887935,16908111551939,btc_qm_engine,btc_sha256_nonce,676925985.0000000000
153887936,16908111552079,btc_qm_engine,btc_leading_zeros,0.0000000000
153887937,16908111552201,btc_qm_engine,btc_sha256_elapsed_ns,1731.0000000000
153887938,16908111552476,btc_qm_engine,btc_orbital_scan_nonce,189556984.0000000000
153887939,16908111554834,btc_qm_engine,btc_sha256_nonce,189556984.0000000000
153887940,16908111554962,btc_qm_engine,btc_leading_zeros,0.0000000000
153887941,16908111555059,btc_qm_engine,btc_sha256_elapsed_ns,2149.0000000000
153887942,16908111557533,btc_qm_engine,btc_sha256_nonce,168359211.0000000000
153887943,16908111557679,btc_qm_engine,btc_leading_zeros,0.0000000000
153887944,16908111557828,btc_qm_engine,btc_sha256_elapsed_ns,2055.0000000000
153887945,16908111558123,btc_qm_engine,btc_orbital_scan_nonce,189622882.0000000000
153887946,16908111560494,btc_qm_engine,btc_sha256_nonce,189622882.0000000000
153887947,16908111560627,btc_qm_engine,btc_leading_zeros,1.0000000000
153887948,16908111560764,btc_qm_engine,btc_sha256_elapsed_ns,2156.0000000000
153887949,16908111563101,btc_qm_engine,btc_sha256_nonce,3872923167.0000000000
153887950,16908111563224,btc_qm_engine,btc_leading_zeros,1.0000000000
153887951,16908111563376,btc_qm_engine,btc_sha256_elapsed_ns,1916.0000000000
153887952,16908111565915,btc_qm_engine,btc_sha256_nonce,2448424624.0000000000
153887953,16908111566059,btc_qm_engine,btc_leading_zeros,0.0000000000
153887954,16908111566198,btc_qm_engine,btc_sha256_elapsed_ns,2151.0000000000
153887955,16908111568727,btc_qm_engine,btc_sha256_nonce,1471381783.0000000000
153887956,16908111568862,btc_qm_engine,btc_leading_zeros,0.0000000000
153887957,16908111568999,btc_qm_engine,btc_sha256_elapsed_ns,2164.0000000000
153887958,16908111571286,btc_qm_engine,btc_sha256_nonce,1046412818.0000000000
153887959,16908111571436,btc_qm_engine,btc_leading_zeros,0.0000000000
153887960,16908111571582,btc_qm_engine,btc_sha256_elapsed_ns,1899.0000000000
153887961,16908111571913,btc_qm_engine,btc_lebesgue_scan_nonce,7.0000000000
153887962,16908111574275,btc_qm_engine,btc_sha256_nonce,189538631.0000000000
153887963,16908111574390,btc_qm_engine,btc_leading_zeros,0.0000000000
153887964,16908111574517,btc_qm_engine,btc_sha256_elapsed_ns,2143.0000000000
153887965,16908111577021,btc_qm_engine,btc_sha256_nonce,1260383732.0000000000
153887966,16908111577156,btc_qm_engine,btc_leading_zeros,3.0000000000
153887967,16908111577303,btc_qm_engine,btc_sha256_elapsed_ns,2103.0000000000
153887968,16908111579656,btc_qm_engine,btc_sha256_nonce,311763121.0000000000
153887969,16908111579789,btc_qm_engine,btc_leading_zeros,3.0000000000
153887970,16908111579938,btc_qm_engine,btc_sha256_elapsed_ns,1989.0000000000
153887971,16908111580232,btc_qm_engine,btc_orbital_scan_nonce,189587867.0000000000
153887972,16908111582537,btc_qm_engine,btc_sha256_nonce,189587867.0000000000
153887973,16908111582653,btc_qm_engine,btc_leading_zeros,2.0000000000
153887974,16908111582772,btc_qm_engine,btc_sha256_elapsed_ns,2103.0000000000
153887975,16908111583079,btc_qm_engine,btc_orbital_scan_nonce,189602483.0000000000
153887976,16908111585439,btc_qm_engine,btc_sha256_nonce,189602483.0000000000
153887977,16908111585550,btc_qm_engine,btc_leading_zeros,0.0000000000
153887978,16908111585688,btc_qm_engine,btc_sha256_elapsed_ns,2166.0000000000
153887979,16908111588204,btc_qm_engine,btc_sha256_nonce,2580315837.0000000000
153887980,16908111588346,btc_qm_engine,btc_leading_zeros,0.0000000000
153887981,16908111588487,btc_qm_engine,btc_sha256_elapsed_ns,2143.0000000000
153887982,16908111590994,btc_qm_engine,btc_sha256_nonce,797494518.0000000000
153887983,16908111591131,btc_qm_engine,btc_leading_zeros,1.0000000000
153887984,16908111591299,btc_qm_engine,btc_sha256_elapsed_ns,2138.0000000000
153887985,16908111593812,btc_qm_engine,btc_sha256_nonce,799857296.0000000000
153887986,16908111593924,btc_qm_engine,btc_leading_zeros,0.0000000000
153887987,16908111594052,btc_qm_engine,btc_sha256_elapsed_ns,2111.0000000000
153887988,16908111594355,btc_qm_engine,btc_orbital_scan_nonce,189574529.0000000000
153887989,16908111596678,btc_qm_engine,btc_sha256_nonce,189574529.0000000000
153887990,16908111596820,btc_qm_engine,btc_leading_zeros,4.0000000000
153887991,16908111596958,btc_qm_engine,btc_sha256_elapsed_ns,2093.0000000000
153887992,16908111599434,btc_qm_engine,btc_sha256_nonce,2025228573.0000000000
153887993,16908111599570,btc_qm_engine,btc_leading_zeros,0.0000000000
153887994,16908111599710,btc_qm_engine,btc_sha256_elapsed_ns,2118.0000000000
153887995,16908111602201,btc_qm_engine,btc_sha256_nonce,800273815.0000000000
153887996,16908111602342,btc_qm_engine,btc_leading_zeros,2.0000000000
153887997,16908111602479,btc_qm_engine,btc_sha256_elapsed_ns,2126.0000000000
153887998,16908111605040,btc_qm_engine,btc_sha256_nonce,1831848195.0000000000
153887999,16908111605181,btc_qm_engine,btc_leading_zeros,3.0000000000
153888000,16908111605326,btc_qm_engine,btc_sha256_elapsed_ns,2161.0000000000
153888001,16908111607650,btc_qm_engine,btc_sha256_nonce,1299908989.0000000000
153888002,16908111607784,btc_qm_engine,btc_leading_zeros,0.0000000000
153888003,16908111607928,btc_qm_engine,btc_sha256_elapsed_ns,1968.0000000000
153888004,16908111610414,btc_qm_engine,btc_sha256_nonce,236539887.0000000000
153888005,16908111610552,btc_qm_engine,btc_leading_zeros,0.0000000000
153888006,16908111610694,btc_qm_engine,btc_sha256_elapsed_ns,2132.0000000000
153888007,16908111613077,btc_qm_engine,btc_sha256_nonce,190012541.0000000000
153888008,16908111613211,btc_qm_engine,btc_leading_zeros,0.0000000000
153888009,16908111613377,btc_qm_engine,btc_sha256_elapsed_ns,1996.0000000000
153888010,16908111615791,btc_qm_engine,btc_sha256_nonce,3718294094.0000000000
153888011,16908111615906,btc_qm_engine,btc_leading_zeros,0.0000000000
153888012,16908111616026,btc_qm_engine,btc_sha256_elapsed_ns,2044.0000000000
153888013,16908111616343,btc_qm_engine,btc_orbital_scan_nonce,189577004.0000000000
153888014,16908111618638,btc_qm_engine,btc_sha256_nonce,189577004.0000000000
153888015,16908111618772,btc_qm_engine,btc_leading_zeros,0.0000000000
153888016,16908111618915,btc_qm_engine,btc_sha256_elapsed_ns,2087.0000000000
153888017,16908111619209,btc_qm_engine,btc_orbital_scan_nonce,189568076.0000000000
153888018,16908111621593,btc_qm_engine,btc_sha256_nonce,189568076.0000000000
153888019,16908111621741,btc_qm_engine,btc_leading_zeros,3.0000000000
153888020,16908111621871,btc_qm_engine,btc_sha256_elapsed_ns,2177.0000000000
153888021,16908111622194,btc_qm_engine,btc_orbital_scan_nonce,189596502.0000000000
153888022,16908111624437,btc_qm_engine,btc_sha256_nonce,189596502.0000000000
153888023,16908111624573,btc_qm_engine,btc_leading_zeros,3.0000000000
153888024,16908111624713,btc_qm_engine,btc_sha256_elapsed_ns,2006.0000000000
153888025,16908111627271,btc_qm_engine,btc_sha256_nonce,3039872527.0000000000
153888026,16908111627412,btc_qm_engine,btc_leading_zeros,2.0000000000
153888027,16908111627542,btc_qm_engine,btc_sha256_elapsed_ns,2140.0000000000
153888028,16908111629976,btc_qm_engine,btc_sha256_nonce,1591733515.0000000000
153888029,16908111630103,btc_qm_engine,btc_leading_zeros,0.0000000000
153888030,16908111630242,btc_qm_engine,btc_sha256_elapsed_ns,2053.0000000000
153888031,16908111630518,btc_qm_engine,btc_lebesgue_scan_nonce,8.0000000000
153888032,16908111632836,btc_qm_engine,btc_sha256_nonce,189714146.0000000000
153888033,16908111632974,btc_qm_engine,btc_leading_zeros,3.0000000000
153888034,16908111633108,btc_qm_engine,btc_sha256_elapsed_ns,2043.0000000000
153888035,16908111633429,btc_qm_engine,btc_orbital_scan_nonce,189571639.0000000000
153888036,16908111635346,btc_qm_engine,btc_sha256_nonce,189571639.0000000000
153888037,16908111635482,btc_qm_engine,btc_leading_zeros,2.0000000000
153888038,16908111635595,btc_qm_engine,btc_sha256_elapsed_ns,1709.0000000000
153888039,16908111635848,btc_qm_engine,btc_lebesgue_scan_nonce,3.0000000000
153888040,16908111637737,btc_qm_engine,btc_sha256_nonce,189626859.0000000000
153888041,16908111637837,btc_qm_engine,btc_leading_zeros,0.0000000000
153888042,16908111637946,btc_qm_engine,btc_sha256_elapsed_ns,1710.0000000000
153888043,16908111638247,btc_qm_engine,btc_lebesgue_scan_nonce,2.0000000000
153888044,16908111640165,btc_qm_engine,btc_sha256_nonce,189781151.0000000000
153888045,16908111640282,btc_qm_engine,btc_leading_zeros,0.0000000000
153888046,16908111640378,btc_qm_engine,btc_sha256_elapsed_ns,1732.0000000000
153888047,16908111642333,btc_qm_engine,btc_sha256_nonce,1308661685.0000000000
153888048,16908111642432,btc_qm_engine,btc_leading_zeros,0.0000000000
153888049,16908111642547,btc_qm_engine,btc_sha256_elapsed_ns,1675.0000000000
153888050,16908111642856,btc_qm_engine,btc_lebesgue_scan_nonce,19.0000000000
153888051,16908111644801,btc_qm_engine,btc_sha256_nonce,189664357.0000000000
153888052,16908111644931,btc_qm_engine,btc_leading_zeros,0.0000000000
153888053,16908111645052,btc_qm_engine,btc_sha256_elapsed_ns,1753.0000000000
153888054,16908111645356,btc_qm_engine,btc_orbital_scan_nonce,189590171.0000000000
153888055,16908111647489,btc_qm_engine,btc_sha256_nonce,189590171.0000000000
153888056,16908111647642,btc_qm_engine,btc_leading_zeros,0.0000000000
153888057,16908111647776,btc_qm_engine,btc_sha256_elapsed_ns,1916.0000000000
153888058,16908111650132,btc_qm_engine,btc_sha256_nonce,798721454.0000000000
153888059,16908111650261,btc_qm_engine,btc_leading_zeros,0.0000000000
153888060,16908111650363,btc_qm_engine,btc_sha256_elapsed_ns,1959.0000000000
153888061,16908111652568,btc_qm_engine,btc_sha256_nonce,797165999.0000000000
153888062,16908111652665,btc_qm_engine,btc_leading_zeros,1.0000000000
153888063,16908111652762,btc_qm_engine,btc_sha256_elapsed_ns,1835.0000000000
153888064,16908111653024,btc_qm_engine,btc_orbital_scan_nonce,189620070.0000000000
153888065,16908111654818,btc_qm_engine,btc_sha256_nonce,189620070.0000000000
153888066,16908111654914,btc_qm_engine,btc_leading_zeros,1.0000000000
153888067,16908111655016,btc_qm_engine,btc_sha256_elapsed_ns,1631.0000000000
153888068,16908111657208,btc_qm_engine,btc_sha256_nonce,429845075.0000000000
153888069,16908111657332,btc_qm_engine,btc_leading_zeros,1.0000000000
153888070,16908111657458,btc_qm_engine,btc_sha256_elapsed_ns,1896.0000000000
153888071,16908111657737,btc_qm_engine,btc_orbital_scan_nonce,189561161.0000000000
153888072,16908111659788,btc_qm_engine,btc_sha256_nonce,189561161.0000000000
153888073,16908111659943,btc_qm_engine,btc_leading_zeros,1.0000000000
153888074,16908111660041,btc_qm_engine,btc_sha256_elapsed_ns,1875.0000000000
153888075,16908111660307,btc_qm_engine,btc_orbital_scan_nonce,189593259.0000000000
153888076,16908111662026,btc_qm_engine,btc_sha256_nonce,189593259.0000000000
153888077,16908111662123,btc_qm_engine,btc_leading_zeros,1.0000000000
153888078,16908111662237,btc_qm_engine,btc_sha256_elapsed_ns,1531.0000000000
153888079,16908111664217,btc_qm_engine,btc_sha256_nonce,3110989358.0000000000
153888080,16908111664346,btc_qm_engine,btc_leading_zeros,0.0000000000
153888081,16908111664469,btc_qm_engine,btc_sha256_elapsed_ns,1660.0000000000
153888082,16908111666425,btc_qm_engine,btc_sha256_nonce,600844302.0000000000
153888083,16908111666549,btc_qm_engine,btc_leading_zeros,0.0000000000
153888084,16908111666691,btc_qm_engine,btc_sha256_elapsed_ns,1650.0000000000
153888085,16908111668828,btc_qm_engine,btc_sha256_nonce,3834985673.0000000000
153888086,16908111668998,btc_qm_engine,btc_leading_zeros,0.0000000000
153888087,16908111669114,btc_qm_engine,btc_sha256_elapsed_ns,1771.0000000000
153888088,16908111671256,btc_qm_engine,btc_sha256_nonce,796352461.0000000000
153888089,16908111671391,btc_qm_engine,btc_leading_zeros,4.0000000000
153888090,16908111671523,btc_qm_engine,btc_sha256_elapsed_ns,1741.0000000000
153888091,16908111671791,btc_qm_engine,btc_orbital_scan_nonce,189621074.0000000000
153888092,16908111673890,btc_qm_engine,btc_sha256_nonce,189621074.0000000000
153888093,16908111674034,btc_qm_engine,btc_leading_zeros,0.0000000000
153888094,16908111674136,btc_qm_engine,btc_sha256_elapsed_ns,1887.0000000000
153888095,16908111674441,btc_qm_engine,btc_lebesgue_scan_nonce,4.0000000000
153888096,16908111676489,btc_qm_engine,btc_sha256_nonce,189562753.0000000000
153888097,16908111676586,btc_qm_engine,btc_leading_zeros,1.0000000000
153888098,16908111676689,btc_qm_engine,btc_sha256_elapsed_ns,1864.0000000000
153888099,16908111676919,btc_qm_engine,btc_orbital_scan_nonce,189609419.0000000000
153888100,16908111678620,btc_qm_engine,btc_sha256_nonce,189609419.0000000000
153888101,16908111678727,btc_qm_engine,btc_leading_zeros,0.0000000000
153888102,16908111678871,btc_qm_engine,btc_sha256_elapsed_ns,1530.0000000000
153888103,16908111679113,btc_qm_engine,btc_orbital_scan_nonce,189628876.0000000000
153888104,16908111681029,btc_qm_engine,btc_sha256_nonce,189628876.0000000000
153888105,16908111681124,btc_qm_engine,btc_leading_zeros,4.0000000000
153888106,16908111681232,btc_qm_engine,btc_sha256_elapsed_ns,1709.0000000000
153888107,16908111681493,btc_qm_engine,btc_orbital_scan_nonce,189626798.0000000000
153888108,16908111683534,btc_qm_engine,btc_sha256_nonce,189626798.0000000000
153888109,16908111683644,btc_qm_engine,btc_leading_zeros,0.0000000000
153888110,16908111683741,btc_qm_engine,btc_sha256_elapsed_ns,1859.0000000000
153888111,16908111683977,btc_qm_engine,btc_orbital_scan_nonce,189588178.0000000000
153888112,16908111686081,btc_qm_engine,btc_sha256_nonce,189588178.0000000000
153888113,16908111686196,btc_qm_engine,btc_leading_zeros,0.0000000000
153888114,16908111686313,btc_qm_engine,btc_sha256_elapsed_ns,1928.0000000000
153888115,16908111686563,btc_qm_engine,btc_orbital_scan_nonce,189616725.0000000000
153888116,16908111688696,btc_qm_engine,btc_sha256_nonce,189616725.0000000000
153888117,16908111688831,btc_qm_engine,btc_leading_zeros,0.0000000000
153888118,16908111688960,btc_qm_engine,btc_sha256_elapsed_ns,1935.0000000000
153888119,16908111691245,btc_qm_engine,btc_sha256_nonce,4127507321.0000000000
153888120,16908111691384,btc_qm_engine,btc_leading_zeros,0.0000000000
153888121,16908111691483,btc_qm_engine,btc_sha256_elapsed_ns,1968.0000000000
153888122,16908111693581,btc_qm_engine,btc_sha256_nonce,2624874774.0000000000
153888123,16908111693701,btc_qm_engine,btc_leading_zeros,3.0000000000
153888124,16908111693820,btc_qm_engine,btc_sha256_elapsed_ns,1786.0000000000
153888125,16908111695951,btc_qm_engine,btc_sha256_nonce,4291456332.0000000000
153888126,16908111696083,btc_qm_engine,btc_leading_zeros,1.0000000000
153888127,16908111696203,btc_qm_engine,btc_sha256_elapsed_ns,1804.0000000000
153888128,16908111696429,btc_qm_engine,btc_orbital_scan_nonce,189567157.0000000000
153888129,16908111698373,btc_qm_engine,btc_sha256_nonce,189567157.0000000000
153888130,16908111698513,btc_qm_engine,btc_leading_zeros,0.0000000000
153888131,16908111698652,btc_qm_engine,btc_sha256_elapsed_ns,1746.0000000000
153888132,16908111698921,btc_qm_engine,btc_orbital_scan_nonce,189597217.0000000000
153888133,16908111700903,btc_qm_engine,btc_sha256_nonce,189597217.0000000000
153888134,16908111701031,btc_qm_engine,btc_leading_zeros,3.0000000000
153888135,16908111701176,btc_qm_engine,btc_sha256_elapsed_ns,1764.0000000000
153888136,16908111701509,btc_qm_engine,btc_lebesgue_scan_nonce,19.0000000000
153888137,16908111703490,btc_qm_engine,btc_sha256_nonce,189678896.0000000000
153888138,16908111703587,btc_qm_engine,btc_leading_zeros,0.0000000000
153888139,16908111703687,btc_qm_engine,btc_sha256_elapsed_ns,1766.0000000000
153888140,16908111703960,btc_qm_engine,btc_orbital_scan_nonce,189594870.0000000000
153888141,16908111706012,btc_qm_engine,btc_sha256_nonce,189594870.0000000000
153888142,16908111706118,btc_qm_engine,btc_leading_zeros,4.0000000000
153888143,16908111706243,btc_qm_engine,btc_sha256_elapsed_ns,1848.0000000000
153888144,16908111708515,btc_qm_engine,btc_sha256_nonce,274167094.0000000000
153888145,16908111708637,btc_qm_engine,btc_leading_zeros,0.0000000000
153888146,16908111708763,btc_qm_engine,btc_sha256_elapsed_ns,1927.0000000000
153888147,16908111711077,btc_qm_engine,btc_sha256_nonce,799192854.0000000000
153888148,16908111711201,btc_qm_engine,btc_leading_zeros,2.0000000000
153888149,16908111711317,btc_qm_engine,btc_sha256_elapsed_ns,1917.0000000000
153888150,16908111711606,btc_qm_engine,btc_lebesgue_scan_nonce,8.0000000000
153888151,16908111713764,btc_qm_engine,btc_sha256_nonce,189430210.0000000000
153888152,16908111713863,btc_qm_engine,btc_leading_zeros,0.0000000000
153888153,16908111714022,btc_qm_engine,btc_sha256_elapsed_ns,1979.0000000000
153888154,16908111714292,btc_qm_engine,btc_lebesgue_scan_nonce,13.0000000000
153888155,16908111716238,btc_qm_engine,btc_sha256_nonce,189746258.0000000000
153888156,16908111716378,btc_qm_engine,btc_leading_zeros,1.0000000000
153888157,16908111716490,btc_qm_engine,btc_sha256_elapsed_ns,1731.0000000000
153888158,16908111716733,btc_qm_engine,btc_orbital_scan_nonce,189595738.0000000000
153888159,16908111718820,btc_qm_engine,btc_sha256_nonce,189595738.0000000000
153888160,16908111718919,btc_qm_engine,btc_leading_zeros,1.0000000000
153888161,16908111719042,btc_qm_engine,btc_sha256_elapsed_ns,1889.0000000000
153888162,16908111719327,btc_qm_engine,btc_orbital_scan_nonce,189601092.0000000000
153888163,16908111721368,btc_qm_engine,btc_sha256_nonce,189601092.0000000000
153888164,16908111721503,btc_qm_engine,btc_leading_zeros,2.0000000000
153888165,16908111721609,btc_qm_engine,btc_sha256_elapsed_ns,1813.0000000000
153888166,16908111723684,btc_qm_engine,btc_sha256_nonce,2631708016.0000000000
153888167,16908111723813,btc_qm_engine,btc_leading_zeros,0.0000000000
153888168,16908111723948,btc_qm_engine,btc_sha256_elapsed_ns,1780.0000000000
153888169,16908111724244,btc_qm_engine,btc_orbital_scan_nonce,189555748.0000000000
153888170,16908111726506,btc_qm_engine,btc_sha256_nonce,189555748.0000000000
153888171,16908111726662,btc_qm_engine,btc_leading_zeros,0.0000000000
153888172,16908111726809,btc_qm_engine,btc_sha256_elapsed_ns,2061.0000000000
153888173,16908111727087,btc_qm_engine,btc_orbital_scan_nonce,189596610.0000000000
153888174,16908111729348,btc_qm_engine,btc_sha256_nonce,189596610.0000000000
153888175,16908111729486,btc_qm_engine,btc_leading_zeros,1.0000000000
153888176,16908111729633,btc_qm_engine,btc_sha256_elapsed_ns,2054.0000000000
153888177,16908111729962,btc_qm_engine,btc_lebesgue_scan_nonce,25.0000000000
153888178,16908111732177,btc_qm_engine,btc_sha256_nonce,189633102.0000000000
153888179,16908111732322,btc_qm_engine,btc_leading_zeros,0.0000000000
153888180,16908111732460,btc_qm_engine,btc_sha256_elapsed_ns,2015.0000000000
153888181,16908111734972,btc_qm_engine,btc_sha256_nonce,3967962451.0000000000
153888182,16908111735115,btc_qm_engine,btc_leading_zeros,2.0000000000
153888183,16908111735253,btc_qm_engine,btc_sha256_elapsed_ns,2121.0000000000
153888184,16908111735557,btc_qm_engine,btc_orbital_scan_nonce,189644104.0000000000
153888185,16908111737874,btc_qm_engine,btc_sha256_nonce,189644104.0000000000
153888186,16908111738028,btc_qm_engine,btc_leading_zeros,0.0000000000
153888187,16908111738167,btc_qm_engine,btc_sha256_elapsed_ns,2105.0000000000
153888188,16908111738426,btc_qm_engine,btc_orbital_scan_nonce,189575458.0000000000
153888189,16908111740608,btc_qm_engine,btc_sha256_nonce,189575458.0000000000
153888190,16908111740749,btc_qm_engine,btc_leading_zeros,1.0000000000
153888191,16908111740863,btc_qm_engine,btc_sha256_elapsed_ns,1888.0000000000
153888192,16908111743137,btc_qm_engine,btc_sha256_nonce,3016161125.0000000000
153888193,16908111743268,btc_qm_engine,btc_leading_zeros,0.0000000000
153888194,16908111743411,btc_qm_engine,btc_sha256_elapsed_ns,1902.0000000000
153888195,16908111743695,btc_qm_engine,btc_orbital_scan_nonce,189556374.0000000000
153888196,16908111745707,btc_qm_engine,btc_sha256_nonce,189556374.0000000000
153888197,16908111745818,btc_qm_engine,btc_leading_zeros,2.0000000000
153888198,16908111745928,btc_qm_engine,btc_sha256_elapsed_ns,1794.0000000000
153888199,16908111748006,btc_qm_engine,btc_sha256_nonce,4083724481.0000000000
153888200,16908111748133,btc_qm_engine,btc_leading_zeros,1.0000000000
153888201,16908111748268,btc_qm_engine,btc_sha256_elapsed_ns,1715.0000000000
153888202,16908111750390,btc_qm_engine,btc_sha256_nonce,485162243.0000000000
153888203,16908111750521,btc_qm_engine,btc_leading_zeros,8.0000000000
153888204,16908111750615,btc_qm_engine,btc_sha256_elapsed_ns,1732.0000000000
153888205,16908111752877,btc_qm_engine,btc_sha256_nonce,347757161.0000000000
153888206,16908111752993,btc_qm_engine,btc_leading_zeros,0.0000000000
153888207,16908111753121,btc_qm_engine,btc_sha256_elapsed_ns,1928.0000000000
153888208,16908111755508,btc_qm_engine,btc_sha256_nonce,799451727.0000000000
153888209,16908111755653,btc_qm_engine,btc_leading_zeros,0.0000000000
153888210,16908111755796,btc_qm_engine,btc_sha256_elapsed_ns,2009.0000000000
153888211,16908111756106,btc_qm_engine,btc_orbital_scan_nonce,189616589.0000000000
153888212,16908111758093,btc_qm_engine,btc_sha256_nonce,189616589.0000000000
153888213,16908111758201,btc_qm_engine,btc_leading_zeros,0.0000000000
153888214,16908111758314,btc_qm_engine,btc_sha256_elapsed_ns,1784.0000000000
153888215,16908111760507,btc_qm_engine,btc_sha256_nonce,1257081193.0000000000
153888216,16908111760623,btc_qm_engine,btc_leading_zeros,0.0000000000
153888217,16908111760767,btc_qm_engine,btc_sha256_elapsed_ns,1827.0000000000
153888218,16908111763022,btc_qm_engine,btc_sha256_nonce,1633600683.0000000000
153888219,16908111763146,btc_qm_engine,btc_leading_zeros,1.0000000000
153888220,16908111763282,btc_qm_engine,btc_sha256_elapsed_ns,1920.0000000000
153888221,16908111763609,btc_qm_engine,btc_lebesgue_scan_nonce,15.0000000000
153888222,16908111765777,btc_qm_engine,btc_sha256_nonce,189501579.0000000000
153888223,16908111765878,btc_qm_engine,btc_leading_zeros,1.0000000000
153888224,16908111765971,btc_qm_engine,btc_sha256_elapsed_ns,1964.0000000000
153888225,16908111766233,btc_qm_engine,btc_orbital_scan_nonce,189629088.0000000000
153888226,16908111768227,btc_qm_engine,btc_sha256_nonce,189629088.0000000000
153888227,16908111768356,btc_qm_engine,btc_leading_zeros,0.0000000000
153888228,16908111768472,btc_qm_engine,btc_sha256_elapsed_ns,1811.0000000000
153888229,16908111770524,btc_qm_engine,btc_sha256_nonce,1000555181.0000000000
153888230,16908111770629,btc_qm_engine,btc_leading_zeros,2.0000000000
153888231,16908111770743,btc_qm_engine,btc_sha256_elapsed_ns,1733.0000000000
153888232,16908111771013,btc_qm_engine,btc_lebesgue_scan_nonce,9.0000000000
153888233,16908111773033,btc_qm_engine,btc_sha256_nonce,189620504.0000000000
153888234,16908111773154,btc_qm_engine,btc_leading_zeros,0.0000000000
153888235,16908111773300,btc_qm_engine,btc_sha256_elapsed_ns,1840.0000000000
153888236,16908111773551,btc_qm_engine,btc_lebesgue_scan_nonce,4.0000000000
153888237,16908111775579,btc_qm_engine,btc_sha256_nonce,189391923.0000000000
153888238,16908111775721,btc_qm_engine,btc_leading_zeros,1.0000000000
153888239,16908111775845,btc_qm_engine,btc_sha256_elapsed_ns,1827.0000000000
153888240,16908111778209,btc_qm_engine,btc_sha256_nonce,2461581495.0000000000
153888241,16908111778321,btc_qm_engine,btc_leading_zeros,4.0000000000
153888242,16908111778448,btc_qm_engine,btc_sha256_elapsed_ns,1979.0000000000
153888243,16908111778718,btc_qm_engine,btc_orbital_scan_nonce,189629091.0000000000
153888244,16908111780919,btc_qm_engine,btc_sha256_nonce,189629091.0000000000
153888245,16908111781050,btc_qm_engine,btc_leading_zeros,0.0000000000
153888246,16908111781164,btc_qm_engine,btc_sha256_elapsed_ns,2003.0000000000
153888247,16908111781472,btc_qm_engine,btc_orbital_scan_nonce,189558477.0000000000
153888248,16908111783643,btc_qm_engine,btc_sha256_nonce,189558477.0000000000
153888249,16908111783782,btc_qm_engine,btc_leading_zeros,1.0000000000
153888250,16908111783916,btc_qm_engine,btc_sha256_elapsed_ns,1929.0000000000
153888251,16908111784212,btc_qm_engine,btc_orbital_scan_nonce,189564986.0000000000
153888252,16908111786386,btc_qm_engine,btc_sha256_nonce,189564986.0000000000
153888253,16908111786505,btc_qm_engine,btc_leading_zeros,0.0000000000
153888254,16908111786623,btc_qm_engine,btc_sha256_elapsed_ns,1959.0000000000
153888255,16908111788773,btc_qm_engine,btc_sha256_nonce,796562669.0000000000
153888256,16908111788902,btc_qm_engine,btc_leading_zeros,0.0000000000
153888257,16908111789005,btc_qm_engine,btc_sha256_elapsed_ns,1817.0000000000
