seq,ts_ns,module,key,value
10492,20439558998647,PoH,sequence,3493000.0000000000
10493,20439558998859,PoH,total_ticks,3493000.0000000000
10494,20439561009464,PoH,tick_latency_ns,14037.0000000000
10495,20439561010558,PoH,sequence,3494000.0000000000
10496,20439561010776,PoH,total_ticks,3494000.0000000000
10497,20439562986120,PoH,tick_latency_ns,4562.0000000000
10498,20439562986835,PoH,sequence,3495000.0000000000
10499,20439562987080,PoH,total_ticks,3495000.0000000000
10500,20439564970728,PoH,tick_latency_ns,5864.0000000000
10501,20439564971191,PoH,sequence,3496000.0000000000
10502,20439564971417,PoH,total_ticks,3496000.0000000000
10503,20439567030285,PoH,tick_latency_ns,6768.0000000000
10504,20439567031341,PoH,sequence,3497000.0000000000
10505,20439567031707,PoH,total_ticks,3497000.0000000000
10506,20439568992733,PoH,tick_latency_ns,6240.0000000000
10507,20439568993458,PoH,sequence,3498000.0000000000
10508,20439568993710,PoH,total_ticks,3498000.0000000000
10509,20439571017143,PoH,tick_latency_ns,18522.0000000000
10510,20439571019023,PoH,sequence,3499000.0000000000
10511,20439571019365,PoH,total_ticks,3499000.0000000000
10512,20439572980560,PoH,tick_latency_ns,7896.0000000000
10513,20439572981570,PoH,sequence,3500000.0000000000
10514,20439572981835,PoH,total_ticks,3500000.0000000000
10515,20439574958106,PoH,tick_latency_ns,4716.0000000000
10516,20439574958837,PoH,sequence,3501000.0000000000
10517,20439574959153,PoH,total_ticks,3501000.0000000000
10518,20439577032982,PoH,tick_latency_ns,5411.0000000000
10519,20439577033518,PoH,sequence,3502000.0000000000
10520,20439577034026,PoH,total_ticks,3502000.0000000000
10521,20439579008728,PoH,tick_latency_ns,8959.0000000000
10522,20439579009381,PoH,sequence,3503000.0000000000
10523,20439579009524,PoH,total_ticks,3503000.0000000000
10524,20439581094308,PoH,tick_latency_ns,4638.0000000000
10525,20439581095129,PoH,sequence,3504000.0000000000
10526,20439581095333,PoH,total_ticks,3504000.0000000000
10527,20439583105803,PoH,tick_latency_ns,4083.0000000000
10528,20439583107098,PoH,sequence,3505000.0000000000
10529,20439583107459,PoH,total_ticks,3505000.0000000000
10530,20439585021492,PoH,tick_latency_ns,3692.0000000000
10531,20439585022550,PoH,sequence,3506000.0000000000
10532,20439585022702,PoH,total_ticks,3506000.0000000000
10533,20439587022912,PoH,tick_latency_ns,6005.0000000000
10534,20439587023524,PoH,sequence,3507000.0000000000
10535,20439587023727,PoH,total_ticks,3507000.0000000000
10536,20439589054217,PoH,tick_latency_ns,5523.0000000000
10537,20439589054845,PoH,sequence,3508000.0000000000
10538,20439589055103,PoH,total_ticks,3508000.0000000000
10539,20439591026691,PoH,tick_latency_ns,4126.0000000000
10540,20439591027201,PoH,sequence,3509000.0000000000
10541,20439591027547,PoH,total_ticks,3509000.0000000000
10542,20439593012611,PoH,tick_latency_ns,15556.0000000000
10543,20439593013364,PoH,sequence,3510000.0000000000
10544,20439593013568,PoH,total_ticks,3510000.0000000000
10545,20439594975021,PoH,tick_latency_ns,4970.0000000000
10546,20439594976046,PoH,sequence,3511000.0000000000
10547,20439594976251,PoH,total_ticks,3511000.0000000000
10548,20439596944973,PoH,tick_latency_ns,5278.0000000000
10549,20439596945504,PoH,sequence,3512000.0000000000
10550,20439596945719,PoH,total_ticks,3512000.0000000000
10551,20439598924825,PoH,tick_latency_ns,4882.0000000000
10552,20439598925383,PoH,sequence,3513000.0000000000
10553,20439598925682,PoH,total_ticks,3513000.0000000000
10554,20439600963240,PoH,tick_latency_ns,6216.0000000000
10555,20439600963956,PoH,sequence,3514000.0000000000
10556,20439600964147,PoH,total_ticks,3514000.0000000000
10557,20439602916936,PoH,tick_latency_ns,5414.0000000000
10558,20439602917286,PoH,sequence,3515000.0000000000
10559,20439602917458,PoH,total_ticks,3515000.0000000000
10560,20439604905880,PoH,tick_latency_ns,4204.0000000000
10561,20439604906328,PoH,sequence,3516000.0000000000
10562,20439604906503,PoH,total_ticks,3516000.0000000000
10563,20439606984554,PoH,tick_latency_ns,4106.0000000000
10564,20439606985159,PoH,sequence,3517000.0000000000
10565,20439606985268,PoH,total_ticks,3517000.0000000000
10566,20439608969658,PoH,tick_latency_ns,4751.0000000000
10567,20439608970379,PoH,sequence,3518000.0000000000
10568,20439608970516,PoH,total_ticks,3518000.0000000000
10569,20439610965586,PoH,tick_latency_ns,3867.0000000000
10570,20439610966205,PoH,sequence,3519000.0000000000
10571,20439610966393,PoH,total_ticks,3519000.0000000000
10572,20439612938473,PoH,tick_latency_ns,5257.0000000000
10573,20439612939839,PoH,sequence,3520000.0000000000
10574,20439612940113,PoH,total_ticks,3520000.0000000000
10575,20439614908964,PoH,tick_latency_ns,6296.0000000000
10576,20439614909995,PoH,sequence,3521000.0000000000
10577,20439614910177,PoH,total_ticks,3521000.0000000000
10578,20439616987251,PoH,tick_latency_ns,9032.0000000000
10579,20439616988605,PoH,sequence,3522000.0000000000
10580,20439616989089,PoH,total_ticks,3522000.0000000000
10581,20439618977391,PoH,tick_latency_ns,5688.0000000000
10582,20439618978018,PoH,sequence,3523000.0000000000
10583,20439618978229,PoH,total_ticks,3523000.0000000000
10584,20439621014103,PoH,tick_latency_ns,13481.0000000000
10585,20439621014958,PoH,sequence,3524000.0000000000
10586,20439621015188,PoH,total_ticks,3524000.0000000000
10587,20439622953928,PoH,tick_latency_ns,6068.0000000000
10588,20439622954360,PoH,sequence,3525000.0000000000
10589,20439622954565,PoH,total_ticks,3525000.0000000000
10590,20439624913989,PoH,tick_latency_ns,9524.0000000000
10591,20439624915324,PoH,sequence,3526000.0000000000
10592,20439624915648,PoH,total_ticks,3526000.0000000000
10593,20439626984069,PoH,tick_latency_ns,5054.0000000000
10594,20439626984575,PoH,sequence,3527000.0000000000
10595,20439626984889,PoH,total_ticks,3527000.0000000000
10596,20439628967358,PoH,tick_latency_ns,4246.0000000000
10597,20439628968108,PoH,sequence,3528000.0000000000
10598,20439628968483,PoH,total_ticks,3528000.0000000000
10599,20439630985540,PoH,tick_latency_ns,5989.0000000000
10600,20439630986269,PoH,sequence,3529000.0000000000
10601,20439630986649,PoH,total_ticks,3529000.0000000000
10602,20439633026842,PoH,tick_latency_ns,8780.0000000000
10603,20439633027951,PoH,sequence,3530000.0000000000
10604,20439633028076,PoH,total_ticks,3530000.0000000000
10605,20439634959726,PoH,tick_latency_ns,7102.0000000000
10606,20439634960425,PoH,sequence,3531000.0000000000
10607,20439634960704,PoH,total_ticks,3531000.0000000000
10608,20439637033142,PoH,tick_latency_ns,6574.0000000000
10609,20439637033933,PoH,sequence,3532000.0000000000
10610,20439637034247,PoH,total_ticks,3532000.0000000000
10611,20439638984699,PoH,tick_latency_ns,7713.0000000000
10612,20439638985435,PoH,sequence,3533000.0000000000
10613,20439638985775,PoH,total_ticks,3533000.0000000000
10614,20439641024345,PoH,tick_latency_ns,3820.0000000000
10615,20439641024809,PoH,sequence,3534000.0000000000
10616,20439641025048,PoH,total_ticks,3534000.0000000000
10617,20439643016794,PoH,tick_latency_ns,7789.0000000000
10618,20439643017502,PoH,sequence,3535000.0000000000
10619,20439643017843,PoH,total_ticks,3535000.0000000000
10620,20439644956866,PoH,ticks_per_second,504475.9425412653
10621,20439644957964,PoH,uptime_seconds,7.0092539640
10622,20439645034991,PoH,tick_latency_ns,7525.0000000000
10623,20439645035392,PoH,sequence,3536000.0000000000
10624,20439645035754,PoH,total_ticks,3536000.0000000000
10625,20439646961747,PoH,tick_latency_ns,6298.0000000000
10626,20439646962112,PoH,sequence,3537000.0000000000
10627,20439646962261,PoH,total_ticks,3537000.0000000000
10628,20439648956933,PoH,tick_latency_ns,5627.0000000000
10629,20439648957761,PoH,sequence,3538000.0000000000
10630,20439648958062,PoH,total_ticks,3538000.0000000000
10631,20439651025618,PoH,tick_latency_ns,8459.0000000000
10632,20439651026278,PoH,sequence,3539000.0000000000
10633,20439651026475,PoH,total_ticks,3539000.0000000000
10634,20439652999601,PoH,tick_latency_ns,6916.0000000000
10635,20439653009346,PoH,sequence,3540000.0000000000
10636,20439653009689,PoH,total_ticks,3540000.0000000000
10637,20439655030711,PoH,tick_latency_ns,7914.0000000000
10638,20439655031480,PoH,sequence,3541000.0000000000
10639,20439655032078,PoH,total_ticks,3541000.0000000000
10640,20439657041511,PoH,tick_latency_ns,9260.0000000000
10641,20439657043245,PoH,sequence,3542000.0000000000
10642,20439657043536,PoH,total_ticks,3542000.0000000000
10643,20439659019792,PoH,tick_latency_ns,4618.0000000000
10644,20439659020367,PoH,sequence,3543000.0000000000
10645,20439659020588,PoH,total_ticks,3543000.0000000000
10646,20439661023125,PoH,tick_latency_ns,5908.0000000000
10647,20439661023619,PoH,sequence,3544000.0000000000
10648,20439661023834,PoH,total_ticks,3544000.0000000000
10649,20439662989469,PoH,tick_latency_ns,5076.0000000000
10650,20439662990263,PoH,sequence,3545000.0000000000
10651,20439662990492,PoH,total_ticks,3545000.0000000000
10652,20439665021563,PoH,tick_latency_ns,11067.0000000000
10653,20439665022911,PoH,sequence,3546000.0000000000
10654,20439665023132,PoH,total_ticks,3546000.0000000000
10655,20439666977218,PoH,tick_latency_ns,4047.0000000000
10656,20439666977764,PoH,sequence,3547000.0000000000
10657,20439666977899,PoH,total_ticks,3547000.0000000000
10658,20439668971630,PoH,tick_latency_ns,6818.0000000000
10659,20439668972235,PoH,sequence,3548000.0000000000
10660,20439668972550,PoH,total_ticks,3548000.0000000000
10661,20439671022309,PoH,tick_latency_ns,6256.0000000000
10662,20439671022875,PoH,sequence,3549000.0000000000
10663,20439671023402,PoH,total_ticks,3549000.0000000000
10664,20439672968459,PoH,tick_latency_ns,5487.0000000000
10665,20439672968924,PoH,sequence,3550000.0000000000
10666,20439672969119,PoH,total_ticks,3550000.0000000000
10667,20439675024025,PoH,tick_latency_ns,8936.0000000000
10668,20439675024636,PoH,sequence,3551000.0000000000
10669,20439675024775,PoH,total_ticks,3551000.0000000000
10670,20439677026686,PoH,tick_latency_ns,7017.0000000000
10671,20439677027426,PoH,sequence,3552000.0000000000
10672,20439677027640,PoH,total_ticks,3552000.0000000000
10673,20439678973042,PoH,tick_latency_ns,5539.0000000000
10674,20439678973902,PoH,sequence,3553000.0000000000
10675,20439678974143,PoH,total_ticks,3553000.0000000000
10676,20439681030505,PoH,tick_latency_ns,7552.0000000000
10677,20439681031521,PoH,sequence,3554000.0000000000
10678,20439681031826,PoH,total_ticks,3554000.0000000000
10679,20439682989523,PoH,tick_latency_ns,5030.0000000000
10680,20439682990205,PoH,sequence,3555000.0000000000
10681,20439682990377,PoH,total_ticks,3555000.0000000000
10682,20439684958738,PoH,tick_latency_ns,7168.0000000000
10683,20439684959589,PoH,sequence,3556000.0000000000
10684,20439684960152,PoH,total_ticks,3556000.0000000000
10685,20439687027131,PoH,tick_latency_ns,6950.0000000000
10686,20439687028405,PoH,sequence,3557000.0000000000
10687,20439687028682,PoH,total_ticks,3557000.0000000000
10688,20439688973144,PoH,tick_latency_ns,4047.0000000000
10689,20439688973471,PoH,sequence,3558000.0000000000
10690,20439688973682,PoH,total_ticks,3558000.0000000000
10691,20439690995502,PoH,tick_latency_ns,3980.0000000000
10692,20439690996029,PoH,sequence,3559000.0000000000
10693,20439690996233,PoH,total_ticks,3559000.0000000000
10694,20439692975336,PoH,tick_latency_ns,6143.0000000000
10695,20439692976346,PoH,sequence,3560000.0000000000
10696,20439692976598,PoH,total_ticks,3560000.0000000000
10697,20439695018925,PoH,tick_latency_ns,7964.0000000000
10698,20439695019809,PoH,sequence,3561000.0000000000
10699,20439695019997,PoH,total_ticks,3561000.0000000000
10700,20439696982786,PoH,tick_latency_ns,4745.0000000000
10701,20439696983273,PoH,sequence,3562000.0000000000
10702,20439696983524,PoH,total_ticks,3562000.0000000000
10703,20439698968810,PoH,tick_latency_ns,6395.0000000000
10704,20439698969486,PoH,sequence,3563000.0000000000
10705,20439698969697,PoH,total_ticks,3563000.0000000000
10706,20439701032709,PoH,tick_latency_ns,6388.0000000000
10707,20439701033525,PoH,sequence,3564000.0000000000
10708,20439701033726,PoH,total_ticks,3564000.0000000000
10709,20439702986886,PoH,tick_latency_ns,4105.0000000000
10710,20439702987508,PoH,sequence,3565000.0000000000
10711,20439702987734,PoH,total_ticks,3565000.0000000000
10712,20439705054642,PoH,tick_latency_ns,15827.0000000000
10713,20439705055894,PoH,sequence,3566000.0000000000
10714,20439705056152,PoH,total_ticks,3566000.0000000000
10715,20439707025723,PoH,tick_latency_ns,5601.0000000000
10716,20439707026359,PoH,sequence,3567000.0000000000
10717,20439707026520,PoH,total_ticks,3567000.0000000000
10718,20439708965194,PoH,tick_latency_ns,3996.0000000000
10719,20439708965705,PoH,sequence,3568000.0000000000
10720,20439708965916,PoH,total_ticks,3568000.0000000000
10721,20439711020267,PoH,tick_latency_ns,3833.0000000000
10722,20439711020859,PoH,sequence,3569000.0000000000
10723,20439711021044,PoH,total_ticks,3569000.0000000000
10724,20439713015277,PoH,tick_latency_ns,6461.0000000000
10725,20439713016173,PoH,sequence,3570000.0000000000
10726,20439713016392,PoH,total_ticks,3570000.0000000000
10727,20439715104268,PoH,tick_latency_ns,4408.0000000000
10728,20439715105198,PoH,sequence,3571000.0000000000
10729,20439715105395,PoH,total_ticks,3571000.0000000000
10730,20439717081866,PoH,tick_latency_ns,7615.0000000000
10731,20439717083022,PoH,sequence,3572000.0000000000
10732,20439717083247,PoH,total_ticks,3572000.0000000000
10733,20439719124954,PoH,tick_latency_ns,11171.0000000000
10734,20439719126923,PoH,sequence,3573000.0000000000
10735,20439719127134,PoH,total_ticks,3573000.0000000000
10736,20439721106282,PoH,tick_latency_ns,5834.0000000000
10737,20439721107154,PoH,sequence,3574000.0000000000
10738,20439721107306,PoH,total_ticks,3574000.0000000000
10739,20439723023394,PoH,tick_latency_ns,5935.0000000000
10740,20439723024213,PoH,sequence,3575000.0000000000
10741,20439723024646,PoH,total_ticks,3575000.0000000000
10742,20439725102063,PoH,tick_latency_ns,6050.0000000000
10743,20439725102987,PoH,sequence,3576000.0000000000
10744,20439725103202,PoH,total_ticks,3576000.0000000000
10745,20439727021569,PoH,tick_latency_ns,5744.0000000000
10746,20439727022191,PoH,sequence,3577000.0000000000
10747,20439727022350,PoH,total_ticks,3577000.0000000000
10748,20439729020589,PoH,tick_latency_ns,11455.0000000000
10749,20439729021347,PoH,sequence,3578000.0000000000
10750,20439729021573,PoH,total_ticks,3578000.0000000000
10751,20439730910435,PoH,tick_latency_ns,6300.0000000000
10752,20439730911879,PoH,sequence,3579000.0000000000
10753,20439730912169,PoH,total_ticks,3579000.0000000000
10754,20439732868370,PoH,tick_latency_ns,5510.0000000000
10755,20439732868836,PoH,sequence,3580000.0000000000
10756,20439732869030,PoH,total_ticks,3580000.0000000000
10757,20439734933013,PoH,tick_latency_ns,4348.0000000000
10758,20439734933716,PoH,sequence,3581000.0000000000
10759,20439734933920,PoH,total_ticks,3581000.0000000000
10760,20439736896155,PoH,tick_latency_ns,5445.0000000000
10761,20439736897046,PoH,sequence,3582000.0000000000
10762,20439736897290,PoH,total_ticks,3582000.0000000000
10763,20439738854872,PoH,tick_latency_ns,3562.0000000000
10764,20439738856017,PoH,sequence,3583000.0000000000
10765,20439738856147,PoH,total_ticks,3583000.0000000000
10766,20439740885885,PoH,tick_latency_ns,4882.0000000000
10767,20439740886305,PoH,sequence,3584000.0000000000
10768,20439740886469,PoH,total_ticks,3584000.0000000000
10769,20439742816119,PoH,tick_latency_ns,3927.0000000000
10770,20439742817164,PoH,sequence,3585000.0000000000
10771,20439742817377,PoH,total_ticks,3585000.0000000000
10772,20439744770969,PoH,tick_latency_ns,4565.0000000000
10773,20439744771552,PoH,sequence,3586000.0000000000
10774,20439744771726,PoH,total_ticks,3586000.0000000000
10775,20439746723299,PoH,tick_latency_ns,5009.0000000000
10776,20439746724784,PoH,sequence,3587000.0000000000
10777,20439746724969,PoH,total_ticks,3587000.0000000000
10778,20439748695291,PoH,tick_latency_ns,7383.0000000000
10779,20439748696368,PoH,sequence,3588000.0000000000
10780,20439748696606,PoH,total_ticks,3588000.0000000000
10781,20439750697457,PoH,tick_latency_ns,3917.0000000000
10782,20439750697963,PoH,sequence,3589000.0000000000
10783,20439750698060,PoH,total_ticks,3589000.0000000000
10784,20439752662643,PoH,tick_latency_ns,4855.0000000000
10785,20439752663268,PoH,sequence,3590000.0000000000
10786,20439752663383,PoH,total_ticks,3590000.0000000000
10787,20439754675935,PoH,tick_latency_ns,12476.0000000000
10788,20439754677954,PoH,sequence,3591000.0000000000
10789,20439754678345,PoH,total_ticks,3591000.0000000000
10790,20439756651540,PoH,tick_latency_ns,4549.0000000000
10791,20439756652201,PoH,sequence,3592000.0000000000
10792,20439756652309,PoH,total_ticks,3592000.0000000000
10793,20439758629564,PoH,tick_latency_ns,5397.0000000000
10794,20439758630810,PoH,sequence,3593000.0000000000
10795,20439758631002,PoH,total_ticks,3593000.0000000000
10796,20439760619547,PoH,tick_latency_ns,4847.0000000000
10797,20439760620153,PoH,sequence,3594000.0000000000
10798,20439760620321,PoH,total_ticks,3594000.0000000000
10799,20439762550015,PoH,tick_latency_ns,4138.0000000000
10800,20439762550992,PoH,sequence,3595000.0000000000
10801,20439762551233,PoH,total_ticks,3595000.0000000000
10802,20439764425557,PoH,tick_latency_ns,4818.0000000000
10803,20439764426050,PoH,sequence,3596000.0000000000
10804,20439764426307,PoH,total_ticks,3596000.0000000000
10805,20439766385953,PoH,tick_latency_ns,5319.0000000000
10806,20439766386464,PoH,sequence,3597000.0000000000
10807,20439766386645,PoH,total_ticks,3597000.0000000000
10808,20439768319266,PoH,tick_latency_ns,5073.0000000000
10809,20439768320137,PoH,sequence,3598000.0000000000
10810,20439768320450,PoH,total_ticks,3598000.0000000000
10811,20439770290338,PoH,tick_latency_ns,5611.0000000000
10812,20439770291050,PoH,sequence,3599000.0000000000
10813,20439770291249,PoH,total_ticks,3599000.0000000000
10814,20439772179800,PoH,tick_latency_ns,3686.0000000000
10815,20439772180604,PoH,sequence,3600000.0000000000
10816,20439772180780,PoH,total_ticks,3600000.0000000000
10817,20439774045077,PoH,tick_latency_ns,5922.0000000000
10818,20439774045952,PoH,sequence,3601000.0000000000
10819,20439774046280,PoH,total_ticks,3601000.0000000000
10820,20439775987914,PoH,tick_latency_ns,5342.0000000000
10821,20439775988336,PoH,sequence,3602000.0000000000
10822,20439775988642,PoH,total_ticks,3602000.0000000000
10823,20439777889272,PoH,tick_latency_ns,5800.0000000000
10824,20439777890182,PoH,sequence,3603000.0000000000
10825,20439777890403,PoH,total_ticks,3603000.0000000000
10826,20439779803248,PoH,tick_latency_ns,11734.0000000000
10827,20439779804698,PoH,sequence,3604000.0000000000
10828,20439779805038,PoH,total_ticks,3604000.0000000000
10829,20439781629676,PoH,tick_latency_ns,4550.0000000000
10830,20439781630332,PoH,sequence,3605000.0000000000
10831,20439781630458,PoH,total_ticks,3605000.0000000000
10832,20439783491793,PoH,tick_latency_ns,4178.0000000000
10833,20439783492285,PoH,sequence,3606000.0000000000
10834,20439783492575,PoH,total_ticks,3606000.0000000000
10835,20439785394869,PoH,tick_latency_ns,5764.0000000000
10836,20439785395611,PoH,sequence,3607000.0000000000
10837,20439785395881,PoH,total_ticks,3607000.0000000000
10838,20439787298555,PoH,tick_latency_ns,4163.0000000000
10839,20439787298944,PoH,sequence,3608000.0000000000
10840,20439787299186,PoH,total_ticks,3608000.0000000000
10841,20439789174419,PoH,tick_latency_ns,5701.0000000000
10842,20439789175206,PoH,sequence,3609000.0000000000
10843,20439789175599,PoH,total_ticks,3609000.0000000000
10844,20439791132405,PoH,tick_latency_ns,5115.0000000000
10845,20439791133021,PoH,sequence,3610000.0000000000
10846,20439791133274,PoH,total_ticks,3610000.0000000000
10847,20439793024212,PoH,tick_latency_ns,4958.0000000000
10848,20439793025376,PoH,sequence,3611000.0000000000
10849,20439793025508,PoH,total_ticks,3611000.0000000000
10850,20439794932850,PoH,tick_latency_ns,9443.0000000000
10851,20439794934139,PoH,sequence,3612000.0000000000
10852,20439794934335,PoH,total_ticks,3612000.0000000000
10853,20439796853705,PoH,tick_latency_ns,6228.0000000000
10854,20439796854604,PoH,sequence,3613000.0000000000
10855,20439796854807,PoH,total_ticks,3613000.0000000000
10856,20439798733400,PoH,tick_latency_ns,3885.0000000000
10857,20439798733946,PoH,sequence,3614000.0000000000
10858,20439798734646,PoH,total_ticks,3614000.0000000000
10859,20439800687136,PoH,tick_latency_ns,4737.0000000000
10860,20439800687675,PoH,sequence,3615000.0000000000
10861,20439800687868,PoH,total_ticks,3615000.0000000000
10862,20439802606326,PoH,tick_latency_ns,5417.0000000000
10863,20439802607200,PoH,sequence,3616000.0000000000
10864,20439802607369,PoH,total_ticks,3616000.0000000000
10865,20439804510628,PoH,tick_latency_ns,4339.0000000000
10866,20439804511184,PoH,sequence,3617000.0000000000
10867,20439804511406,PoH,total_ticks,3617000.0000000000
10868,20439806444415,PoH,tick_latency_ns,3924.0000000000
10869,20439806445065,PoH,sequence,3618000.0000000000
10870,20439806445203,PoH,total_ticks,3618000.0000000000
10871,20439808307775,PoH,tick_latency_ns,5259.0000000000
10872,20439808308491,PoH,sequence,3619000.0000000000
10873,20439808308657,PoH,total_ticks,3619000.0000000000
10874,20439810256161,PoH,tick_latency_ns,5020.0000000000
10875,20439810257451,PoH,sequence,3620000.0000000000
10876,20439810257752,PoH,total_ticks,3620000.0000000000
10877,20439812140197,PoH,tick_latency_ns,3497.0000000000
10878,20439812140527,PoH,sequence,3621000.0000000000
10879,20439812140659,PoH,total_ticks,3621000.0000000000
10880,20439814019111,PoH,tick_latency_ns,6930.0000000000
10881,20439814020396,PoH,sequence,3622000.0000000000
10882,20439814020795,PoH,total_ticks,3622000.0000000000
10883,20439815994091,PoH,tick_latency_ns,7648.0000000000
10884,20439815995110,PoH,sequence,3623000.0000000000
10885,20439815995427,PoH,total_ticks,3623000.0000000000
10886,20439817877394,PoH,tick_latency_ns,5220.0000000000
10887,20439817877814,PoH,sequence,3624000.0000000000
10888,20439817877991,PoH,total_ticks,3624000.0000000000
10889,20439819857307,PoH,tick_latency_ns,4553.0000000000
10890,20439819857959,PoH,sequence,3625000.0000000000
10891,20439819858275,PoH,total_ticks,3625000.0000000000
10892,20439821752752,PoH,tick_latency_ns,6426.0000000000
10893,20439821753587,PoH,sequence,3626000.0000000000
10894,20439821753857,PoH,total_ticks,3626000.0000000000
10895,20439823606386,PoH,tick_latency_ns,4969.0000000000
10896,20439823606942,PoH,sequence,3627000.0000000000
10897,20439823607160,PoH,total_ticks,3627000.0000000000
10898,20439825473145,PoH,tick_latency_ns,4052.0000000000
10899,20439825474511,PoH,sequence,3628000.0000000000
10900,20439825474604,PoH,total_ticks,3628000.0000000000
10901,20439827400248,PoH,tick_latency_ns,6052.0000000000
10902,20439827400811,PoH,sequence,3629000.0000000000
10903,20439827401002,PoH,total_ticks,3629000.0000000000
10904,20439829362372,PoH,tick_latency_ns,6051.0000000000
10905,20439829363057,PoH,sequence,3630000.0000000000
10906,20439829363257,PoH,total_ticks,3630000.0000000000
10907,20439831296540,PoH,tick_latency_ns,3619.0000000000
10908,20439831297841,PoH,sequence,3631000.0000000000
10909,20439831298013,PoH,total_ticks,3631000.0000000000
10910,20439833160179,PoH,tick_latency_ns,3823.0000000000
10911,20439833160820,PoH,sequence,3632000.0000000000
10912,20439833160996,PoH,total_ticks,3632000.0000000000
10913,20439835080871,PoH,tick_latency_ns,3301.0000000000
10914,20439835081312,PoH,sequence,3633000.0000000000
10915,20439835081525,PoH,total_ticks,3633000.0000000000
10916,20439836979669,PoH,tick_latency_ns,4777.0000000000
10917,20439836980346,PoH,sequence,3634000.0000000000
10918,20439836980656,PoH,total_ticks,3634000.0000000000
10919,20439838917685,PoH,tick_latency_ns,10200.0000000000
10920,20439838918622,PoH,sequence,3635000.0000000000
10921,20439838918821,PoH,total_ticks,3635000.0000000000
10922,20439840822825,PoH,tick_latency_ns,4199.0000000000
10923,20439840824700,PoH,sequence,3636000.0000000000
10924,20439840824832,PoH,total_ticks,3636000.0000000000
10925,20439842705155,PoH,tick_latency_ns,6850.0000000000
10926,20439842705542,PoH,sequence,3637000.0000000000
10927,20439842705765,PoH,total_ticks,3637000.0000000000
10928,20439844694741,PoH,tick_latency_ns,4652.0000000000
10929,20439844695512,PoH,sequence,3638000.0000000000
10930,20439844695786,PoH,total_ticks,3638000.0000000000
10931,20439846572679,PoH,tick_latency_ns,7094.0000000000
10932,20439846574384,PoH,sequence,3639000.0000000000
10933,20439846574604,PoH,total_ticks,3639000.0000000000
10934,20439848465609,PoH,tick_latency_ns,4950.0000000000
10935,20439848465929,PoH,sequence,3640000.0000000000
10936,20439848466114,PoH,total_ticks,3640000.0000000000
10937,20439850454911,PoH,tick_latency_ns,7203.0000000000
10938,20439850455920,PoH,sequence,3641000.0000000000
10939,20439850456687,PoH,total_ticks,3641000.0000000000
10940,20439852380972,PoH,tick_latency_ns,5988.0000000000
10941,20439852382204,PoH,sequence,3642000.0000000000
10942,20439852382519,PoH,total_ticks,3642000.0000000000
10943,20439854322132,PoH,tick_latency_ns,4862.0000000000
10944,20439854322478,PoH,sequence,3643000.0000000000
10945,20439854322613,PoH,total_ticks,3643000.0000000000
10946,20439856255314,PoH,tick_latency_ns,5111.0000000000
10947,20439856256271,PoH,sequence,3644000.0000000000
10948,20439856256446,PoH,total_ticks,3644000.0000000000
10949,20439858206288,PoH,tick_latency_ns,5261.0000000000
10950,20439858206746,PoH,sequence,3645000.0000000000
10951,20439858206932,PoH,total_ticks,3645000.0000000000
10952,20439860097005,PoH,tick_latency_ns,3675.0000000000
10953,20439860097603,PoH,sequence,3646000.0000000000
10954,20439860097804,PoH,total_ticks,3646000.0000000000
10955,20439861978987,PoH,tick_latency_ns,6050.0000000000
10956,20439861979484,PoH,sequence,3647000.0000000000
10957,20439861979790,PoH,total_ticks,3647000.0000000000
10958,20439863924405,PoH,tick_latency_ns,3401.0000000000
10959,20439863924959,PoH,sequence,3648000.0000000000
10960,20439863925242,PoH,total_ticks,3648000.0000000000
10961,20439865824544,PoH,tick_latency_ns,3787.0000000000
10962,20439865825051,PoH,sequence,3649000.0000000000
10963,20439865825282,PoH,total_ticks,3649000.0000000000
10964,20439867684199,PoH,tick_latency_ns,4369.0000000000
10965,20439867684722,PoH,sequence,3650000.0000000000
10966,20439867684941,PoH,total_ticks,3650000.0000000000
10967,20439869653753,PoH,tick_latency_ns,5518.0000000000
10968,20439869654413,PoH,sequence,3651000.0000000000
10969,20439869654585,PoH,total_ticks,3651000.0000000000
10970,20439871569665,PoH,tick_latency_ns,4907.0000000000
10971,20439871570364,PoH,sequence,3652000.0000000000
10972,20439871570680,PoH,total_ticks,3652000.0000000000
10973,20439873577859,PoH,tick_latency_ns,15144.0000000000
10974,20439873579966,PoH,sequence,3653000.0000000000
10975,20439873580381,PoH,total_ticks,3653000.0000000000
10976,20439875442143,PoH,tick_latency_ns,4254.0000000000
10977,20439875443012,PoH,sequence,3654000.0000000000
10978,20439875443175,PoH,total_ticks,3654000.0000000000
10979,20439877417230,PoH,tick_latency_ns,6090.0000000000
10980,20439877418031,PoH,sequence,3655000.0000000000
10981,20439877418217,PoH,total_ticks,3655000.0000000000
10982,20439879305784,PoH,tick_latency_ns,5793.0000000000
10983,20439879306178,PoH,sequence,3656000.0000000000
10984,20439879306302,PoH,total_ticks,3656000.0000000000
10985,20439881234294,PoH,tick_latency_ns,5617.0000000000
10986,20439881235145,PoH,sequence,3657000.0000000000
10987,20439881235351,PoH,total_ticks,3657000.0000000000
10988,20439883127122,PoH,tick_latency_ns,4968.0000000000
10989,20439883127674,PoH,sequence,3658000.0000000000
10990,20439883127801,PoH,total_ticks,3658000.0000000000
10991,20439884987929,PoH,tick_latency_ns,4688.0000000000
10992,20439884988439,PoH,sequence,3659000.0000000000
10993,20439884988578,PoH,total_ticks,3659000.0000000000
10994,20439886886793,PoH,tick_latency_ns,5851.0000000000
10995,20439886887532,PoH,sequence,3660000.0000000000
10996,20439886887667,PoH,total_ticks,3660000.0000000000
10997,20439888790816,PoH,tick_latency_ns,5033.0000000000
10998,20439888791619,PoH,sequence,3661000.0000000000
10999,20439888791965,PoH,total_ticks,3661000.0000000000
11000,20439890684804,PoH,tick_latency_ns,5493.0000000000
11001,20439890685618,PoH,sequence,3662000.0000000000
11002,20439890685870,PoH,total_ticks,3662000.0000000000
11003,20439892648803,PoH,tick_latency_ns,10554.0000000000
11004,20439892655457,PoH,sequence,3663000.0000000000
11005,20439892657557,PoH,total_ticks,3663000.0000000000
11006,20439894600663,PoH,tick_latency_ns,5246.0000000000
11007,20439894601408,PoH,sequence,3664000.0000000000
11008,20439894601641,PoH,total_ticks,3664000.0000000000
11009,20439896458292,PoH,tick_latency_ns,4238.0000000000
11010,20439896458871,PoH,sequence,3665000.0000000000
11011,20439896458998,PoH,total_ticks,3665000.0000000000
11012,20439898434393,PoH,tick_latency_ns,5320.0000000000
11013,20439898435011,PoH,sequence,3666000.0000000000
11014,20439898435181,PoH,total_ticks,3666000.0000000000
11015,20439900286036,PoH,tick_latency_ns,5193.0000000000
11016,20439900286937,PoH,sequence,3667000.0000000000
11017,20439900287214,PoH,total_ticks,3667000.0000000000
11018,20439902226750,PoH,tick_latency_ns,5301.0000000000
11019,20439902227841,PoH,sequence,3668000.0000000000
11020,20439902228052,PoH,total_ticks,3668000.0000000000
11021,20439904129615,PoH,tick_latency_ns,4992.0000000000
11022,20439904130268,PoH,sequence,3669000.0000000000
11023,20439904130401,PoH,total_ticks,3669000.0000000000
11024,20439906022868,PoH,tick_latency_ns,6267.0000000000
11025,20439906023782,PoH,sequence,3670000.0000000000
11026,20439906024103,PoH,total_ticks,3670000.0000000000
11027,20439907963459,PoH,tick_latency_ns,4583.0000000000
11028,20439907963917,PoH,sequence,3671000.0000000000
11029,20439907964139,PoH,total_ticks,3671000.0000000000
11030,20439909818586,PoH,tick_latency_ns,4513.0000000000
11031,20439909819092,PoH,sequence,3672000.0000000000
11032,20439909819216,PoH,total_ticks,3672000.0000000000
11033,20439911798033,PoH,tick_latency_ns,10665.0000000000
11034,20439911798705,PoH,sequence,3673000.0000000000
11035,20439911798991,PoH,total_ticks,3673000.0000000000
11036,20439913668170,PoH,tick_latency_ns,10758.0000000000
11037,20439913670823,PoH,sequence,3674000.0000000000
11038,20439913671288,PoH,total_ticks,3674000.0000000000
11039,20439915546776,PoH,tick_latency_ns,5280.0000000000
11040,20439915548040,PoH,sequence,3675000.0000000000
11041,20439915548248,PoH,total_ticks,3675000.0000000000
11042,20439917384352,PoH,tick_latency_ns,4513.0000000000
11043,20439917384745,PoH,sequence,3676000.0000000000
11044,20439917384870,PoH,total_ticks,3676000.0000000000
11045,20439919256295,PoH,tick_latency_ns,4672.0000000000
11046,20439919256985,PoH,sequence,3677000.0000000000
11047,20439919257182,PoH,total_ticks,3677000.0000000000
11048,20439921158113,PoH,tick_latency_ns,5068.0000000000
11049,20439921158703,PoH,sequence,3678000.0000000000
11050,20439921158924,PoH,total_ticks,3678000.0000000000
11051,20439923186290,PoH,tick_latency_ns,6927.0000000000
11052,20439923187397,PoH,sequence,3679000.0000000000
11053,20439923187646,PoH,total_ticks,3679000.0000000000
11054,20439925024655,PoH,tick_latency_ns,6323.0000000000
11055,20439925025331,PoH,sequence,3680000.0000000000
11056,20439925025533,PoH,total_ticks,3680000.0000000000
11057,20439927021158,PoH,tick_latency_ns,4977.0000000000
11058,20439927021659,PoH,sequence,3681000.0000000000
11059,20439927021867,PoH,total_ticks,3681000.0000000000
11060,20439928926446,PoH,tick_latency_ns,6685.0000000000
11061,20439928927328,PoH,sequence,3682000.0000000000
11062,20439928927604,PoH,total_ticks,3682000.0000000000
11063,20439930809665,PoH,tick_latency_ns,4721.0000000000
11064,20439930810255,PoH,sequence,3683000.0000000000
11065,20439930810398,PoH,total_ticks,3683000.0000000000
11066,20439932753861,PoH,tick_latency_ns,5094.0000000000
11067,20439932754371,PoH,sequence,3684000.0000000000
11068,20439932754513,PoH,total_ticks,3684000.0000000000
11069,20439934671142,PoH,tick_latency_ns,31977.0000000000
11070,20439934676181,PoH,sequence,3685000.0000000000
11071,20439934677940,PoH,total_ticks,3685000.0000000000
11072,20439936584094,PoH,tick_latency_ns,4667.0000000000
11073,20439936584739,PoH,sequence,3686000.0000000000
11074,20439936584901,PoH,total_ticks,3686000.0000000000
11075,20439938457025,PoH,tick_latency_ns,5269.0000000000
11076,20439938458124,PoH,sequence,3687000.0000000000
11077,20439938458260,PoH,total_ticks,3687000.0000000000
11078,20439940321116,PoH,tick_latency_ns,5118.0000000000
11079,20439940321909,PoH,sequence,3688000.0000000000
11080,20439940322145,PoH,total_ticks,3688000.0000000000
11081,20439942259639,PoH,tick_latency_ns,4493.0000000000
11082,20439942260507,PoH,sequence,3689000.0000000000
11083,20439942260663,PoH,total_ticks,3689000.0000000000
11084,20439944204095,PoH,tick_latency_ns,3529.0000000000
11085,20439944204899,PoH,sequence,3690000.0000000000
11086,20439944205046,PoH,total_ticks,3690000.0000000000
11087,20439946189942,PoH,tick_latency_ns,4213.0000000000
11088,20439946190384,PoH,sequence,3691000.0000000000
11089,20439946190582,PoH,total_ticks,3691000.0000000000
11090,20439948095853,PoH,tick_latency_ns,5471.0000000000
11091,20439948096653,PoH,sequence,3692000.0000000000
11092,20439948096843,PoH,total_ticks,3692000.0000000000
11093,20439949959469,PoH,tick_latency_ns,4601.0000000000
11094,20439949959946,PoH,sequence,3693000.0000000000
11095,20439949960239,PoH,total_ticks,3693000.0000000000
11096,20439951948089,PoH,tick_latency_ns,5943.0000000000
11097,20439951948823,PoH,sequence,3694000.0000000000
11098,20439951948969,PoH,total_ticks,3694000.0000000000
11099,20439953849645,PoH,tick_latency_ns,5418.0000000000
11100,20439953850784,PoH,sequence,3695000.0000000000
11101,20439953850979,PoH,total_ticks,3695000.0000000000
11102,20439955778823,PoH,tick_latency_ns,11004.0000000000
11103,20439955779577,PoH,sequence,3696000.0000000000
11104,20439955779874,PoH,total_ticks,3696000.0000000000
11105,20439957699520,PoH,tick_latency_ns,6930.0000000000
11106,20439957701134,PoH,sequence,3697000.0000000000
11107,20439957701260,PoH,total_ticks,3697000.0000000000
11108,20439959658688,PoH,tick_latency_ns,5790.0000000000
11109,20439959660092,PoH,sequence,3698000.0000000000
11110,20439959660412,PoH,total_ticks,3698000.0000000000
11111,20439961608917,PoH,tick_latency_ns,4085.0000000000
11112,20439961609319,PoH,sequence,3699000.0000000000
11113,20439961609454,PoH,total_ticks,3699000.0000000000
11114,20439963574330,PoH,tick_latency_ns,5251.0000000000
11115,20439963574914,PoH,sequence,3700000.0000000000
11116,20439963575254,PoH,total_ticks,3700000.0000000000
11117,20439965598335,PoH,tick_latency_ns,3999.0000000000
11118,20439965599018,PoH,sequence,3701000.0000000000
11119,20439965599637,PoH,total_ticks,3701000.0000000000
11120,20439967544143,PoH,tick_latency_ns,3720.0000000000
11121,20439967544481,PoH,sequence,3702000.0000000000
11122,20439967544619,PoH,total_ticks,3702000.0000000000
11123,20439969496274,PoH,tick_latency_ns,4914.0000000000
11124,20439969496810,PoH,sequence,3703000.0000000000
11125,20439969496979,PoH,total_ticks,3703000.0000000000
11126,20439971557868,PoH,tick_latency_ns,6459.0000000000
11127,20439971558661,PoH,sequence,3704000.0000000000
11128,20439971559106,PoH,total_ticks,3704000.0000000000
11129,20439973561041,PoH,tick_latency_ns,10844.0000000000
11130,20439973566271,PoH,sequence,3705000.0000000000
11131,20439973568065,PoH,total_ticks,3705000.0000000000
11132,20439975587430,PoH,tick_latency_ns,4124.0000000000
11133,20439975588192,PoH,sequence,3706000.0000000000
11134,20439975588328,PoH,total_ticks,3706000.0000000000
11135,20439977562436,PoH,tick_latency_ns,6189.0000000000
11136,20439977563167,PoH,sequence,3707000.0000000000
11137,20439977563514,PoH,total_ticks,3707000.0000000000
11138,20439979543634,PoH,tick_latency_ns,3760.0000000000
11139,20439979544246,PoH,sequence,3708000.0000000000
11140,20439979544396,PoH,total_ticks,3708000.0000000000
11141,20439981526753,PoH,tick_latency_ns,4634.0000000000
11142,20439981527629,PoH,sequence,3709000.0000000000
11143,20439981527848,PoH,total_ticks,3709000.0000000000
11144,20439983501661,PoH,tick_latency_ns,6348.0000000000
11145,20439983502352,PoH,sequence,3710000.0000000000
11146,20439983502562,PoH,total_ticks,3710000.0000000000
11147,20439985466028,PoH,tick_latency_ns,4695.0000000000
11148,20439985466625,PoH,sequence,3711000.0000000000
11149,20439985466832,PoH,total_ticks,3711000.0000000000
11150,20439987533645,PoH,tick_latency_ns,4670.0000000000
11151,20439987534333,PoH,sequence,3712000.0000000000
11152,20439987534540,PoH,total_ticks,3712000.0000000000
11153,20439989489340,PoH,tick_latency_ns,6041.0000000000
11154,20439989490099,PoH,sequence,3713000.0000000000
11155,20439989490283,PoH,total_ticks,3713000.0000000000
11156,20439991506111,PoH,tick_latency_ns,4770.0000000000
11157,20439991506524,PoH,sequence,3714000.0000000000
11158,20439991506709,PoH,total_ticks,3714000.0000000000
11159,20439993464263,PoH,tick_latency_ns,5600.0000000000
11160,20439993464946,PoH,sequence,3715000.0000000000
11161,20439993465202,PoH,total_ticks,3715000.0000000000
11162,20439995535147,PoH,tick_latency_ns,6130.0000000000
11163,20439995535835,PoH,sequence,3716000.0000000000
11164,20439995536090,PoH,total_ticks,3716000.0000000000
11165,20439997490347,PoH,tick_latency_ns,5199.0000000000
11166,20439997491330,PoH,sequence,3717000.0000000000
11167,20439997491514,PoH,total_ticks,3717000.0000000000
11168,20439999464061,PoH,tick_latency_ns,5834.0000000000
11169,20439999464831,PoH,sequence,3718000.0000000000
11170,20439999465041,PoH,total_ticks,3718000.0000000000
11171,20440001506267,PoH,tick_latency_ns,4666.0000000000
11172,20440001506740,PoH,sequence,3719000.0000000000
11173,20440001507541,PoH,total_ticks,3719000.0000000000
11174,20440003476627,PoH,tick_latency_ns,4125.0000000000
11175,20440003477535,PoH,sequence,3720000.0000000000
11176,20440003477740,PoH,total_ticks,3720000.0000000000
11177,20440005512302,PoH,tick_latency_ns,4798.0000000000
11178,20440005513082,PoH,sequence,3721000.0000000000
11179,20440005513311,PoH,total_ticks,3721000.0000000000
11180,20440007451485,PoH,tick_latency_ns,3815.0000000000
11181,20440007452050,PoH,sequence,3722000.0000000000
11182,20440007452660,PoH,total_ticks,3722000.0000000000
11183,20440009426196,PoH,tick_latency_ns,6480.0000000000
11184,20440009426886,PoH,sequence,3723000.0000000000
11185,20440009427073,PoH,total_ticks,3723000.0000000000
11186,20440011473030,PoH,tick_latency_ns,4608.0000000000
11187,20440011473535,PoH,sequence,3724000.0000000000
11188,20440011473750,PoH,total_ticks,3724000.0000000000
11189,20440013408278,PoH,tick_latency_ns,5081.0000000000
11190,20440013408790,PoH,sequence,3725000.0000000000
11191,20440013409071,PoH,total_ticks,3725000.0000000000
11192,20440015429376,PoH,tick_latency_ns,4903.0000000000
11193,20440015430082,PoH,sequence,3726000.0000000000
11194,20440015430402,PoH,total_ticks,3726000.0000000000
11195,20440017403332,PoH,tick_latency_ns,4781.0000000000
11196,20440017403942,PoH,sequence,3727000.0000000000
11197,20440017404105,PoH,total_ticks,3727000.0000000000
11198,20440019348004,PoH,tick_latency_ns,5215.0000000000
11199,20440019348685,PoH,sequence,3728000.0000000000
11200,20440019348918,PoH,total_ticks,3728000.0000000000
11201,20440021468500,PoH,tick_latency_ns,7065.0000000000
11202,20440021469947,PoH,sequence,3729000.0000000000
11203,20440021470578,PoH,total_ticks,3729000.0000000000
11204,20440023400572,PoH,tick_latency_ns,4288.0000000000
11205,20440023400902,PoH,sequence,3730000.0000000000
11206,20440023401180,PoH,total_ticks,3730000.0000000000
11207,20440025442106,PoH,tick_latency_ns,5269.0000000000
11208,20440025442756,PoH,sequence,3731000.0000000000
11209,20440025442963,PoH,total_ticks,3731000.0000000000
11210,20440027418090,PoH,tick_latency_ns,5358.0000000000
11211,20440027418626,PoH,sequence,3732000.0000000000
11212,20440027418862,PoH,total_ticks,3732000.0000000000
11213,20440029460350,PoH,tick_latency_ns,24055.0000000000
11214,20440029465593,PoH,sequence,3733000.0000000000
11215,20440029466925,PoH,total_ticks,3733000.0000000000
11216,20440031463327,PoH,tick_latency_ns,6495.0000000000
11217,20440031463909,PoH,sequence,3734000.0000000000
11218,20440031464064,PoH,total_ticks,3734000.0000000000
11219,20440033446481,PoH,tick_latency_ns,4348.0000000000
11220,20440033447959,PoH,sequence,3735000.0000000000
11221,20440033448251,PoH,total_ticks,3735000.0000000000
11222,20440035469322,PoH,tick_latency_ns,5606.0000000000
11223,20440035469758,PoH,sequence,3736000.0000000000
11224,20440035469930,PoH,total_ticks,3736000.0000000000
11225,20440037427659,PoH,tick_latency_ns,4479.0000000000
11226,20440037428518,PoH,sequence,3737000.0000000000
11227,20440037428674,PoH,total_ticks,3737000.0000000000
11228,20440039430505,PoH,tick_latency_ns,6199.0000000000
11229,20440039431548,PoH,sequence,3738000.0000000000
11230,20440039431878,PoH,total_ticks,3738000.0000000000
11231,20440041418762,PoH,tick_latency_ns,5171.0000000000
11232,20440041419629,PoH,sequence,3739000.0000000000
11233,20440041419869,PoH,total_ticks,3739000.0000000000
11234,20440043373691,PoH,tick_latency_ns,4835.0000000000
11235,20440043374180,PoH,sequence,3740000.0000000000
11236,20440043374405,PoH,total_ticks,3740000.0000000000
11237,20440045428626,PoH,tick_latency_ns,5485.0000000000
11238,20440045429470,PoH,sequence,3741000.0000000000
11239,20440045429800,PoH,total_ticks,3741000.0000000000
11240,20440047382141,PoH,tick_latency_ns,5198.0000000000
11241,20440047382634,PoH,sequence,3742000.0000000000
11242,20440047382781,PoH,total_ticks,3742000.0000000000
11243,20440049408389,PoH,tick_latency_ns,7093.0000000000
11244,20440049408942,PoH,sequence,3743000.0000000000
11245,20440049409153,PoH,total_ticks,3743000.0000000000
11246,20440051439225,PoH,tick_latency_ns,8486.0000000000
11247,20440051440171,PoH,sequence,3744000.0000000000
11248,20440051440502,PoH,total_ticks,3744000.0000000000
11249,20440053409952,PoH,tick_latency_ns,4756.0000000000
11250,20440053411455,PoH,sequence,3745000.0000000000
11251,20440053411664,PoH,total_ticks,3745000.0000000000
11252,20440055469237,PoH,tick_latency_ns,6942.0000000000
11253,20440055469860,PoH,sequence,3746000.0000000000
11254,20440055470172,PoH,total_ticks,3746000.0000000000
11255,20440057438942,PoH,tick_latency_ns,6399.0000000000
11256,20440057440477,PoH,sequence,3747000.0000000000
11257,20440057440796,PoH,total_ticks,3747000.0000000000
11258,20440059481852,PoH,tick_latency_ns,10862.0000000000
11259,20440059482805,PoH,sequence,3748000.0000000000
11260,20440059483010,PoH,total_ticks,3748000.0000000000
11261,20440061455676,PoH,tick_latency_ns,6236.0000000000
11262,20440061456243,PoH,sequence,3749000.0000000000
11263,20440061456431,PoH,total_ticks,3749000.0000000000
11264,20440063410948,PoH,tick_latency_ns,4937.0000000000
11265,20440063411771,PoH,sequence,3750000.0000000000
11266,20440063412099,PoH,total_ticks,3750000.0000000000
11267,20440065327033,PoH,tick_latency_ns,4889.0000000000
11268,20440065327529,PoH,sequence,3751000.0000000000
11269,20440065327734,PoH,total_ticks,3751000.0000000000
11270,20440067288651,PoH,tick_latency_ns,4949.0000000000
11271,20440067289421,PoH,sequence,3752000.0000000000
11272,20440067289566,PoH,total_ticks,3752000.0000000000
11273,20440069257583,PoH,tick_latency_ns,7465.0000000000
11274,20440069258363,PoH,sequence,3753000.0000000000
11275,20440069258945,PoH,total_ticks,3753000.0000000000
11276,20440071262609,PoH,tick_latency_ns,4726.0000000000
11277,20440071263296,PoH,sequence,3754000.0000000000
11278,20440071263479,PoH,total_ticks,3754000.0000000000
11279,20440073201710,PoH,tick_latency_ns,5775.0000000000
11280,20440073202586,PoH,sequence,3755000.0000000000
11281,20440073202806,PoH,total_ticks,3755000.0000000000
11282,20440075267818,PoH,tick_latency_ns,4648.0000000000
11283,20440075268227,PoH,sequence,3756000.0000000000
11284,20440075268406,PoH,total_ticks,3756000.0000000000
11285,20440077236309,PoH,tick_latency_ns,4352.0000000000
11286,20440077237015,PoH,sequence,3757000.0000000000
11287,20440077237221,PoH,total_ticks,3757000.0000000000
11288,20440079258548,PoH,tick_latency_ns,8789.0000000000
11289,20440079259432,PoH,sequence,3758000.0000000000
11290,20440079259635,PoH,total_ticks,3758000.0000000000
11291,20440081289516,PoH,tick_latency_ns,4901.0000000000
11292,20440081290853,PoH,sequence,3759000.0000000000
11293,20440081291138,PoH,total_ticks,3759000.0000000000
11294,20440083251914,PoH,tick_latency_ns,3949.0000000000
11295,20440083252700,PoH,sequence,3760000.0000000000
11296,20440083252842,PoH,total_ticks,3760000.0000000000
11297,20440085335956,PoH,tick_latency_ns,5975.0000000000
11298,20440085336720,PoH,sequence,3761000.0000000000
11299,20440085337168,PoH,total_ticks,3761000.0000000000
11300,20440087300710,PoH,tick_latency_ns,5738.0000000000
11301,20440087301298,PoH,sequence,3762000.0000000000
11302,20440087301509,PoH,total_ticks,3762000.0000000000
11303,20440089336394,PoH,tick_latency_ns,7241.0000000000
11304,20440089337458,PoH,sequence,3763000.0000000000
11305,20440089337638,PoH,total_ticks,3763000.0000000000
11306,20440091288315,PoH,tick_latency_ns,5149.0000000000
11307,20440091288872,PoH,sequence,3764000.0000000000
11308,20440091288997,PoH,total_ticks,3764000.0000000000
11309,20440093248049,PoH,tick_latency_ns,3810.0000000000
11310,20440093248457,PoH,sequence,3765000.0000000000
11311,20440093248660,PoH,total_ticks,3765000.0000000000
11312,20440095193530,PoH,tick_latency_ns,4934.0000000000
11313,20440095194165,PoH,sequence,3766000.0000000000
11314,20440095194291,PoH,total_ticks,3766000.0000000000
11315,20440097185757,PoH,tick_latency_ns,3912.0000000000
11316,20440097186281,PoH,sequence,3767000.0000000000
11317,20440097186494,PoH,total_ticks,3767000.0000000000
11318,20440099227578,PoH,tick_latency_ns,10799.0000000000
11319,20440099228439,PoH,sequence,3768000.0000000000
11320,20440099228628,PoH,total_ticks,3768000.0000000000
11321,20440101222859,PoH,tick_latency_ns,8151.0000000000
11322,20440101223963,PoH,sequence,3769000.0000000000
11323,20440101224614,PoH,total_ticks,3769000.0000000000
11324,20440103186449,PoH,tick_latency_ns,3300.0000000000
11325,20440103186944,PoH,sequence,3770000.0000000000
11326,20440103187040,PoH,total_ticks,3770000.0000000000
11327,20440105159622,PoH,tick_latency_ns,5148.0000000000
11328,20440105160173,PoH,sequence,3771000.0000000000
11329,20440105160346,PoH,total_ticks,3771000.0000000000
11330,20440107122033,PoH,tick_latency_ns,5544.0000000000
11331,20440107122535,PoH,sequence,3772000.0000000000
11332,20440107122740,PoH,total_ticks,3772000.0000000000
11333,20440109165216,PoH,tick_latency_ns,5440.0000000000
11334,20440109165863,PoH,sequence,3773000.0000000000
11335,20440109166056,PoH,total_ticks,3773000.0000000000
11336,20440111131195,PoH,tick_latency_ns,4892.0000000000
11337,20440111132045,PoH,sequence,3774000.0000000000
11338,20440111132153,PoH,total_ticks,3774000.0000000000
11339,20440113117643,PoH,tick_latency_ns,4772.0000000000
11340,20440113118457,PoH,sequence,3775000.0000000000
11341,20440113118589,PoH,total_ticks,3775000.0000000000
11342,20440115160968,PoH,tick_latency_ns,3789.0000000000
11343,20440115161743,PoH,sequence,3776000.0000000000
11344,20440115161917,PoH,total_ticks,3776000.0000000000
11345,20440117140436,PoH,tick_latency_ns,4292.0000000000
11346,20440117141191,PoH,sequence,3777000.0000000000
11347,20440117141396,PoH,total_ticks,3777000.0000000000
11348,20440119182497,PoH,tick_latency_ns,4295.0000000000
11349,20440119183565,PoH,sequence,3778000.0000000000
11350,20440119183838,PoH,total_ticks,3778000.0000000000
11351,20440121164914,PoH,tick_latency_ns,4457.0000000000
11352,20440121165484,PoH,sequence,3779000.0000000000
11353,20440121165734,PoH,total_ticks,3779000.0000000000
11354,20440123153796,PoH,tick_latency_ns,5205.0000000000
11355,20440123154596,PoH,sequence,3780000.0000000000
11356,20440123154826,PoH,total_ticks,3780000.0000000000
11357,20440125147513,PoH,tick_latency_ns,3566.0000000000
11358,20440125147853,PoH,sequence,3781000.0000000000
11359,20440125148017,PoH,total_ticks,3781000.0000000000
11360,20440127116015,PoH,tick_latency_ns,4649.0000000000
11361,20440127116514,PoH,sequence,3782000.0000000000
11362,20440127116690,PoH,total_ticks,3782000.0000000000
11363,20440129169493,PoH,tick_latency_ns,5102.0000000000
11364,20440129170335,PoH,sequence,3783000.0000000000
11365,20440129170560,PoH,total_ticks,3783000.0000000000
11366,20440131191129,PoH,tick_latency_ns,19489.0000000000
11367,20440131196690,PoH,sequence,3784000.0000000000
11368,20440131197970,PoH,total_ticks,3784000.0000000000
11369,20440133159791,PoH,tick_latency_ns,5235.0000000000
11370,20440133160358,PoH,sequence,3785000.0000000000
11371,20440133160564,PoH,total_ticks,3785000.0000000000
11372,20440135173125,PoH,tick_latency_ns,4452.0000000000
11373,20440135173751,PoH,sequence,3786000.0000000000
11374,20440135173962,PoH,total_ticks,3786000.0000000000
11375,20440137138892,PoH,tick_latency_ns,4175.0000000000
11376,20440137140110,PoH,sequence,3787000.0000000000
11377,20440137140316,PoH,total_ticks,3787000.0000000000
11378,20440139111457,PoH,tick_latency_ns,4899.0000000000
11379,20440139112051,PoH,sequence,3788000.0000000000
11380,20440139112269,PoH,total_ticks,3788000.0000000000
11381,20440141148741,PoH,tick_latency_ns,5277.0000000000
11382,20440141149204,PoH,sequence,3789000.0000000000
11383,20440141149547,PoH,total_ticks,3789000.0000000000
11384,20440143144049,PoH,tick_latency_ns,3978.0000000000
11385,20440143144753,PoH,sequence,3790000.0000000000
11386,20440143144973,PoH,total_ticks,3790000.0000000000
11387,20440145174641,PoH,tick_latency_ns,3398.0000000000
11388,20440145175406,PoH,sequence,3791000.0000000000
11389,20440145175522,PoH,total_ticks,3791000.0000000000
11390,20440147162579,PoH,tick_latency_ns,4278.0000000000
11391,20440147163319,PoH,sequence,3792000.0000000000
11392,20440147163520,PoH,total_ticks,3792000.0000000000
11393,20440149086086,PoH,tick_latency_ns,5392.0000000000
11394,20440149086813,PoH,sequence,3793000.0000000000
11395,20440149087016,PoH,total_ticks,3793000.0000000000
11396,20440151127261,PoH,tick_latency_ns,4034.0000000000
11397,20440151127988,PoH,sequence,3794000.0000000000
11398,20440151128196,PoH,total_ticks,3794000.0000000000
11399,20440153081466,PoH,tick_latency_ns,3433.0000000000
11400,20440153082795,PoH,sequence,3795000.0000000000
11401,20440153083014,PoH,total_ticks,3795000.0000000000
11402,20440155084218,PoH,tick_latency_ns,4828.0000000000
11403,20440155084860,PoH,sequence,3796000.0000000000
11404,20440155085153,PoH,total_ticks,3796000.0000000000
11405,20440157022941,PoH,tick_latency_ns,5531.0000000000
11406,20440157023985,PoH,sequence,3797000.0000000000
11407,20440157024211,PoH,total_ticks,3797000.0000000000
11408,20440158986792,PoH,tick_latency_ns,3739.0000000000
11409,20440158987260,PoH,sequence,3798000.0000000000
11410,20440158987395,PoH,total_ticks,3798000.0000000000
11411,20440161153613,PoH,tick_latency_ns,5592.0000000000
11412,20440161155000,PoH,sequence,3799000.0000000000
11413,20440161155160,PoH,total_ticks,3799000.0000000000
11414,20440163117576,PoH,tick_latency_ns,3761.0000000000
11415,20440163118688,PoH,sequence,3800000.0000000000
11416,20440163118966,PoH,total_ticks,3800000.0000000000
11417,20440165092945,PoH,tick_latency_ns,4411.0000000000
11418,20440165093479,PoH,sequence,3801000.0000000000
11419,20440165093684,PoH,total_ticks,3801000.0000000000
11420,20440167136737,PoH,tick_latency_ns,5091.0000000000
11421,20440167137768,PoH,sequence,3802000.0000000000
11422,20440167138002,PoH,total_ticks,3802000.0000000000
11423,20440169116999,PoH,tick_latency_ns,7428.0000000000
11424,20440169117724,PoH,sequence,3803000.0000000000
11425,20440169117942,PoH,total_ticks,3803000.0000000000
11426,20440171112620,PoH,tick_latency_ns,5966.0000000000
11427,20440171113158,PoH,sequence,3804000.0000000000
11428,20440171113357,PoH,total_ticks,3804000.0000000000
11429,20440173027472,PoH,tick_latency_ns,6506.0000000000
11430,20440173028200,PoH,sequence,3805000.0000000000
11431,20440173028348,PoH,total_ticks,3805000.0000000000
11432,20440175018428,PoH,tick_latency_ns,4400.0000000000
11433,20440175019029,PoH,sequence,3806000.0000000000
11434,20440175019225,PoH,total_ticks,3806000.0000000000
11435,20440177011481,PoH,tick_latency_ns,11793.0000000000
11436,20440177012231,PoH,sequence,3807000.0000000000
11437,20440177012470,PoH,total_ticks,3807000.0000000000
11438,20440179042141,PoH,tick_latency_ns,5515.0000000000
11439,20440179043410,PoH,sequence,3808000.0000000000
11440,20440179043564,PoH,total_ticks,3808000.0000000000
11441,20440180984956,PoH,tick_latency_ns,4934.0000000000
11442,20440180985767,PoH,sequence,3809000.0000000000
11443,20440180985914,PoH,total_ticks,3809000.0000000000
11444,20440182967386,PoH,tick_latency_ns,4433.0000000000
11445,20440182967902,PoH,sequence,3810000.0000000000
11446,20440182968121,PoH,total_ticks,3810000.0000000000
11447,20440185027720,PoH,tick_latency_ns,6607.0000000000
11448,20440185028593,PoH,sequence,3811000.0000000000
11449,20440185028813,PoH,total_ticks,3811000.0000000000
11450,20440186960966,PoH,tick_latency_ns,5447.0000000000
11451,20440186961491,PoH,sequence,3812000.0000000000
11452,20440186961679,PoH,total_ticks,3812000.0000000000
11453,20440189026017,PoH,tick_latency_ns,5583.0000000000
11454,20440189026667,PoH,sequence,3813000.0000000000
11455,20440189026858,PoH,total_ticks,3813000.0000000000
11456,20440191007779,PoH,tick_latency_ns,12639.0000000000
11457,20440191008305,PoH,sequence,3814000.0000000000
11458,20440191008439,PoH,total_ticks,3814000.0000000000
11459,20440192934821,PoH,tick_latency_ns,5182.0000000000
11460,20440192935801,PoH,sequence,3815000.0000000000
11461,20440192935933,PoH,total_ticks,3815000.0000000000
11462,20440195022759,PoH,tick_latency_ns,6096.0000000000
11463,20440195023437,PoH,sequence,3816000.0000000000
11464,20440195023651,PoH,total_ticks,3816000.0000000000
11465,20440197013188,PoH,tick_latency_ns,13792.0000000000
11466,20440197014261,PoH,sequence,3817000.0000000000
11467,20440197014546,PoH,total_ticks,3817000.0000000000
11468,20440199034254,PoH,tick_latency_ns,7734.0000000000
11469,20440199035474,PoH,sequence,3818000.0000000000
11470,20440199035853,PoH,total_ticks,3818000.0000000000
11471,20440200908368,PoH,tick_latency_ns,5206.0000000000
11472,20440200909150,PoH,sequence,3819000.0000000000
11473,20440200909363,PoH,total_ticks,3819000.0000000000
11474,20440202801154,PoH,tick_latency_ns,6440.0000000000
11475,20440202802017,PoH,sequence,3820000.0000000000
11476,20440202802341,PoH,total_ticks,3820000.0000000000
11477,20440204715435,PoH,tick_latency_ns,6046.0000000000
11478,20440204715936,PoH,sequence,3821000.0000000000
11479,20440204716144,PoH,total_ticks,3821000.0000000000
11480,20440206618103,PoH,tick_latency_ns,3510.0000000000
11481,20440206618870,PoH,sequence,3822000.0000000000
11482,20440206619171,PoH,total_ticks,3822000.0000000000
11483,20440208576932,PoH,tick_latency_ns,8525.0000000000
11484,20440208578363,PoH,sequence,3823000.0000000000
11485,20440208578621,PoH,total_ticks,3823000.0000000000
11486,20440210476321,PoH,tick_latency_ns,5448.0000000000
11487,20440210476927,PoH,sequence,3824000.0000000000
11488,20440210477075,PoH,total_ticks,3824000.0000000000
11489,20440212388345,PoH,tick_latency_ns,5477.0000000000
11490,20440212389001,PoH,sequence,3825000.0000000000
11491,20440212389223,PoH,total_ticks,3825000.0000000000
11492,20440214354745,PoH,tick_latency_ns,4849.0000000000
11493,20440214355157,PoH,sequence,3826000.0000000000
11494,20440214355391,PoH,total_ticks,3826000.0000000000
11495,20440216258174,PoH,tick_latency_ns,4019.0000000000
11496,20440216259097,PoH,sequence,3827000.0000000000
11497,20440216259403,PoH,total_ticks,3827000.0000000000
11498,20440218162094,PoH,tick_latency_ns,3982.0000000000
11499,20440218162821,PoH,sequence,3828000.0000000000
11500,20440218163030,PoH,total_ticks,3828000.0000000000
11501,20440220023401,PoH,tick_latency_ns,3842.0000000000
11502,20440220023991,PoH,sequence,3829000.0000000000
11503,20440220024134,PoH,total_ticks,3829000.0000000000
11504,20440221951097,PoH,tick_latency_ns,6214.0000000000
11505,20440221952004,PoH,sequence,3830000.0000000000
11506,20440221952211,PoH,total_ticks,3830000.0000000000
11507,20440223892890,PoH,tick_latency_ns,8236.0000000000
11508,20440223893513,PoH,sequence,3831000.0000000000
11509,20440223893869,PoH,total_ticks,3831000.0000000000
11510,20440225752354,PoH,tick_latency_ns,4043.0000000000
11511,20440225752910,PoH,sequence,3832000.0000000000
11512,20440225753008,PoH,total_ticks,3832000.0000000000
11513,20440227666776,PoH,tick_latency_ns,5148.0000000000
11514,20440227667737,PoH,sequence,3833000.0000000000
11515,20440227667891,PoH,total_ticks,3833000.0000000000
11516,20440229624596,PoH,tick_latency_ns,5994.0000000000
11517,20440229624982,PoH,sequence,3834000.0000000000
11518,20440229625214,PoH,total_ticks,3834000.0000000000
11519,20440231490771,PoH,tick_latency_ns,4816.0000000000
11520,20440231491362,PoH,sequence,3835000.0000000000
11521,20440231491459,PoH,total_ticks,3835000.0000000000
11522,20440233407274,PoH,tick_latency_ns,11455.0000000000
11523,20440233408711,PoH,sequence,3836000.0000000000
11524,20440233409128,PoH,total_ticks,3836000.0000000000
11525,20440235338257,PoH,tick_latency_ns,7122.0000000000
11526,20440235339247,PoH,sequence,3837000.0000000000
11527,20440235339376,PoH,total_ticks,3837000.0000000000
11528,20440237233182,PoH,tick_latency_ns,10142.0000000000
11529,20440237234311,PoH,sequence,3838000.0000000000
11530,20440237234627,PoH,total_ticks,3838000.0000000000
11531,20440239207258,PoH,tick_latency_ns,6601.0000000000
11532,20440239208367,PoH,sequence,3839000.0000000000
11533,20440239208640,PoH,total_ticks,3839000.0000000000
11534,20440241092524,PoH,tick_latency_ns,5809.0000000000
11535,20440241093410,PoH,sequence,3840000.0000000000
11536,20440241093713,PoH,total_ticks,3840000.0000000000
11537,20440243035261,PoH,tick_latency_ns,13381.0000000000
11538,20440243036531,PoH,sequence,3841000.0000000000
11539,20440243036923,PoH,total_ticks,3841000.0000000000
11540,20440244927693,PoH,tick_latency_ns,6279.0000000000
11541,20440244928479,PoH,sequence,3842000.0000000000
11542,20440244928719,PoH,total_ticks,3842000.0000000000
11543,20440246803508,PoH,tick_latency_ns,8152.0000000000
11544,20440246804724,PoH,sequence,3843000.0000000000
11545,20440246805158,PoH,total_ticks,3843000.0000000000
11546,20440248795945,PoH,tick_latency_ns,5323.0000000000
11547,20440248796469,PoH,sequence,3844000.0000000000
11548,20440248796601,PoH,total_ticks,3844000.0000000000
11549,20440250718956,PoH,tick_latency_ns,4511.0000000000
11550,20440250719558,PoH,sequence,3845000.0000000000
11551,20440250719770,PoH,total_ticks,3845000.0000000000
11552,20440252618609,PoH,tick_latency_ns,9154.0000000000
11553,20440252619149,PoH,sequence,3846000.0000000000
11554,20440252619304,PoH,total_ticks,3846000.0000000000
11555,20440254528253,PoH,tick_latency_ns,4460.0000000000
11556,20440254528695,PoH,sequence,3847000.0000000000
11557,20440254528855,PoH,total_ticks,3847000.0000000000
11558,20440256412857,PoH,tick_latency_ns,5307.0000000000
11559,20440256413327,PoH,sequence,3848000.0000000000
11560,20440256413533,PoH,total_ticks,3848000.0000000000
11561,20440258342817,PoH,tick_latency_ns,4408.0000000000
11562,20440258343419,PoH,sequence,3849000.0000000000
11563,20440258343623,PoH,total_ticks,3849000.0000000000
11564,20440260256351,PoH,tick_latency_ns,4697.0000000000
11565,20440260256875,PoH,sequence,3850000.0000000000
11566,20440260256998,PoH,total_ticks,3850000.0000000000
11567,20440262136799,PoH,tick_latency_ns,9473.0000000000
11568,20440262137815,PoH,sequence,3851000.0000000000
11569,20440262138316,PoH,total_ticks,3851000.0000000000
11570,20440264024956,PoH,tick_latency_ns,7047.0000000000
11571,20440264025870,PoH,sequence,3852000.0000000000
11572,20440264026009,PoH,total_ticks,3852000.0000000000
11573,20440265898547,PoH,tick_latency_ns,5109.0000000000
11574,20440265899608,PoH,sequence,3853000.0000000000
11575,20440265899851,PoH,total_ticks,3853000.0000000000
11576,20440267847738,PoH,tick_latency_ns,4908.0000000000
11577,20440267848549,PoH,sequence,3854000.0000000000
11578,20440267848772,PoH,total_ticks,3854000.0000000000
11579,20440269777659,PoH,tick_latency_ns,10200.0000000000
11580,20440269778767,PoH,sequence,3855000.0000000000
11581,20440269779028,PoH,total_ticks,3855000.0000000000
11582,20440271668842,PoH,tick_latency_ns,3830.0000000000
11583,20440271670237,PoH,sequence,3856000.0000000000
11584,20440271670476,PoH,total_ticks,3856000.0000000000
11585,20440273615543,PoH,tick_latency_ns,5866.0000000000
11586,20440273616568,PoH,sequence,3857000.0000000000
11587,20440273616808,PoH,total_ticks,3857000.0000000000
11588,20440275516527,PoH,tick_latency_ns,4973.0000000000
11589,20440275517749,PoH,sequence,3858000.0000000000
11590,20440275517948,PoH,total_ticks,3858000.0000000000
11591,20440277475172,PoH,tick_latency_ns,12968.0000000000
11592,20440277476948,PoH,sequence,3859000.0000000000
11593,20440277477362,PoH,total_ticks,3859000.0000000000
11594,20440279300425,PoH,tick_latency_ns,4238.0000000000
11595,20440279300795,PoH,sequence,3860000.0000000000
11596,20440279300998,PoH,total_ticks,3860000.0000000000
11597,20440281202205,PoH,tick_latency_ns,3682.0000000000
11598,20440281203286,PoH,sequence,3861000.0000000000
11599,20440281204079,PoH,total_ticks,3861000.0000000000
11600,20440283197319,PoH,tick_latency_ns,6044.0000000000
11601,20440283197956,PoH,sequence,3862000.0000000000
11602,20440283198070,PoH,total_ticks,3862000.0000000000
11603,20440285081415,PoH,tick_latency_ns,4887.0000000000
11604,20440285081928,PoH,sequence,3863000.0000000000
11605,20440285082178,PoH,total_ticks,3863000.0000000000
11606,20440286994703,PoH,tick_latency_ns,6557.0000000000
11607,20440286996050,PoH,sequence,3864000.0000000000
11608,20440286996319,PoH,total_ticks,3864000.0000000000
11609,20440288958966,PoH,tick_latency_ns,7609.0000000000
11610,20440288959355,PoH,sequence,3865000.0000000000
11611,20440288959521,PoH,total_ticks,3865000.0000000000
11612,20440290856331,PoH,tick_latency_ns,5344.0000000000
11613,20440290857100,PoH,sequence,3866000.0000000000
11614,20440290857230,PoH,total_ticks,3866000.0000000000
11615,20440292775690,PoH,tick_latency_ns,9265.0000000000
11616,20440292776490,PoH,sequence,3867000.0000000000
11617,20440292776796,PoH,total_ticks,3867000.0000000000
11618,20440294698787,PoH,tick_latency_ns,3553.0000000000
11619,20440294699431,PoH,sequence,3868000.0000000000
11620,20440294699605,PoH,total_ticks,3868000.0000000000
11621,20440296591206,PoH,tick_latency_ns,4406.0000000000
11622,20440296592127,PoH,sequence,3869000.0000000000
11623,20440296592270,PoH,total_ticks,3869000.0000000000
11624,20440298604620,PoH,tick_latency_ns,4853.0000000000
11625,20440298605162,PoH,sequence,3870000.0000000000
11626,20440298605391,PoH,total_ticks,3870000.0000000000
11627,20440300488420,PoH,tick_latency_ns,4828.0000000000
11628,20440300488958,PoH,sequence,3871000.0000000000
11629,20440300489123,PoH,total_ticks,3871000.0000000000
11630,20440302393887,PoH,tick_latency_ns,9494.0000000000
11631,20440302394690,PoH,sequence,3872000.0000000000
11632,20440302394852,PoH,total_ticks,3872000.0000000000
11633,20440304362555,PoH,tick_latency_ns,4882.0000000000
11634,20440304363242,PoH,sequence,3873000.0000000000
11635,20440304363537,PoH,total_ticks,3873000.0000000000
11636,20440306243912,PoH,tick_latency_ns,5015.0000000000
11637,20440306245212,PoH,sequence,3874000.0000000000
11638,20440306245383,PoH,total_ticks,3874000.0000000000
11639,20440308225208,PoH,tick_latency_ns,4431.0000000000
11640,20440308226038,PoH,sequence,3875000.0000000000
11641,20440308226326,PoH,total_ticks,3875000.0000000000
11642,20440310115593,PoH,tick_latency_ns,6189.0000000000
11643,20440310116353,PoH,sequence,3876000.0000000000
11644,20440310116555,PoH,total_ticks,3876000.0000000000
11645,20440312111330,PoH,tick_latency_ns,4605.0000000000
11646,20440312111835,PoH,sequence,3877000.0000000000
11647,20440312112022,PoH,total_ticks,3877000.0000000000
11648,20440313980990,PoH,tick_latency_ns,5977.0000000000
11649,20440313982084,PoH,sequence,3878000.0000000000
11650,20440313982414,PoH,total_ticks,3878000.0000000000
11651,20440315860485,PoH,tick_latency_ns,5951.0000000000
11652,20440315861209,PoH,sequence,3879000.0000000000
11653,20440315861408,PoH,total_ticks,3879000.0000000000
11654,20440317705792,PoH,tick_latency_ns,4597.0000000000
11655,20440317706175,PoH,sequence,3880000.0000000000
11656,20440317706358,PoH,total_ticks,3880000.0000000000
11657,20440319547758,PoH,tick_latency_ns,6445.0000000000
11658,20440319549468,PoH,sequence,3881000.0000000000
11659,20440319549639,PoH,total_ticks,3881000.0000000000
11660,20440321446982,PoH,tick_latency_ns,6310.0000000000
11661,20440321448288,PoH,sequence,3882000.0000000000
11662,20440321448875,PoH,total_ticks,3882000.0000000000
11663,20440323325065,PoH,tick_latency_ns,4861.0000000000
11664,20440323325670,PoH,sequence,3883000.0000000000
11665,20440323325858,PoH,total_ticks,3883000.0000000000
11666,20440325221414,PoH,tick_latency_ns,3707.0000000000
11667,20440325221992,PoH,sequence,3884000.0000000000
11668,20440325222171,PoH,total_ticks,3884000.0000000000
11669,20440327198036,PoH,tick_latency_ns,3680.0000000000
11670,20440327198692,PoH,sequence,3885000.0000000000
11671,20440327198886,PoH,total_ticks,3885000.0000000000
11672,20440329104080,PoH,tick_latency_ns,3977.0000000000
11673,20440329104744,PoH,sequence,3886000.0000000000
11674,20440329104902,PoH,total_ticks,3886000.0000000000
11675,20440330981704,PoH,tick_latency_ns,3886.0000000000
11676,20440330982308,PoH,sequence,3887000.0000000000
11677,20440330982610,PoH,total_ticks,3887000.0000000000
11678,20440332971735,PoH,tick_latency_ns,5219.0000000000
11679,20440332972288,PoH,sequence,3888000.0000000000
11680,20440332972489,PoH,total_ticks,3888000.0000000000
11681,20440334848749,PoH,tick_latency_ns,7555.0000000000
11682,20440334850767,PoH,sequence,3889000.0000000000
11683,20440334851130,PoH,total_ticks,3889000.0000000000
11684,20440336807550,PoH,tick_latency_ns,3646.0000000000
11685,20440336807852,PoH,sequence,3890000.0000000000
11686,20440336808047,PoH,total_ticks,3890000.0000000000
11687,20440338670153,PoH,tick_latency_ns,7007.0000000000
11688,20440338671187,PoH,sequence,3891000.0000000000
11689,20440338671387,PoH,total_ticks,3891000.0000000000
11690,20440340574466,PoH,tick_latency_ns,5753.0000000000
11691,20440340575378,PoH,sequence,3892000.0000000000
11692,20440340575520,PoH,total_ticks,3892000.0000000000
11693,20440342587822,PoH,tick_latency_ns,5847.0000000000
11694,20440342588937,PoH,sequence,3893000.0000000000
11695,20440342589312,PoH,total_ticks,3893000.0000000000
11696,20440344469082,PoH,tick_latency_ns,4965.0000000000
11697,20440344470006,PoH,sequence,3894000.0000000000
11698,20440344470211,PoH,total_ticks,3894000.0000000000
11699,20440346399691,PoH,tick_latency_ns,8039.0000000000
11700,20440346400774,PoH,sequence,3895000.0000000000
11701,20440346401073,PoH,total_ticks,3895000.0000000000
11702,20440348285406,PoH,tick_latency_ns,4975.0000000000
11703,20440348286015,PoH,sequence,3896000.0000000000
11704,20440348286146,PoH,total_ticks,3896000.0000000000
11705,20440350164959,PoH,tick_latency_ns,6906.0000000000
11706,20440350165757,PoH,sequence,3897000.0000000000
11707,20440350166243,PoH,total_ticks,3897000.0000000000
11708,20440352077137,PoH,tick_latency_ns,4806.0000000000
11709,20440352077723,PoH,sequence,3898000.0000000000
11710,20440352077923,PoH,total_ticks,3898000.0000000000
11711,20440353988214,PoH,tick_latency_ns,5289.0000000000
11712,20440353988881,PoH,sequence,3899000.0000000000
11713,20440353989064,PoH,total_ticks,3899000.0000000000
11714,20440355863016,PoH,tick_latency_ns,6936.0000000000
11715,20440355863511,PoH,sequence,3900000.0000000000
11716,20440355863802,PoH,total_ticks,3900000.0000000000
11717,20440357767061,PoH,tick_latency_ns,6569.0000000000
11718,20440357768160,PoH,sequence,3901000.0000000000
11719,20440357768531,PoH,total_ticks,3901000.0000000000
11720,20440359623480,PoH,tick_latency_ns,4023.0000000000
11721,20440359623829,PoH,sequence,3902000.0000000000
11722,20440359624043,PoH,total_ticks,3902000.0000000000
11723,20440361595511,PoH,tick_latency_ns,4042.0000000000
11724,20440361596163,PoH,sequence,3903000.0000000000
11725,20440361596354,PoH,total_ticks,3903000.0000000000
11726,20440363476204,PoH,tick_latency_ns,6487.0000000000
11727,20440363477142,PoH,sequence,3904000.0000000000
11728,20440363477402,PoH,total_ticks,3904000.0000000000
11729,20440365404069,PoH,tick_latency_ns,9440.0000000000
11730,20440365405536,PoH,sequence,3905000.0000000000
11731,20440365405695,PoH,total_ticks,3905000.0000000000
11732,20440367287377,PoH,tick_latency_ns,2981.0000000000
11733,20440367287879,PoH,sequence,3906000.0000000000
11734,20440367288103,PoH,total_ticks,3906000.0000000000
11735,20440369211163,PoH,tick_latency_ns,7163.0000000000
11736,20440369212594,PoH,sequence,3907000.0000000000
11737,20440369213248,PoH,total_ticks,3907000.0000000000
11738,20440371161948,PoH,tick_latency_ns,3953.0000000000
11739,20440371162297,PoH,sequence,3908000.0000000000
11740,20440371162475,PoH,total_ticks,3908000.0000000000
11741,20440373026894,PoH,tick_latency_ns,8064.0000000000
11742,20440373027481,PoH,sequence,3909000.0000000000
11743,20440373027734,PoH,total_ticks,3909000.0000000000
11744,20440374924374,PoH,tick_latency_ns,12625.0000000000
11745,20440374925882,PoH,sequence,3910000.0000000000
11746,20440374926382,PoH,total_ticks,3910000.0000000000
11747,20440376812624,PoH,tick_latency_ns,20148.0000000000
11748,20440376821128,PoH,sequence,3911000.0000000000
11749,20440376824516,PoH,total_ticks,3911000.0000000000
11750,20440378682195,PoH,tick_latency_ns,5015.0000000000
11751,20440378682639,PoH,sequence,3912000.0000000000
11752,20440378682842,PoH,total_ticks,3912000.0000000000
11753,20440380664211,PoH,tick_latency_ns,5320.0000000000
11754,20440380664984,PoH,sequence,3913000.0000000000
11755,20440380665152,PoH,total_ticks,3913000.0000000000
11756,20440382527997,PoH,tick_latency_ns,5366.0000000000
11757,20440382528467,PoH,sequence,3914000.0000000000
11758,20440382528569,PoH,total_ticks,3914000.0000000000
11759,20440384389630,PoH,tick_latency_ns,4843.0000000000
11760,20440384390242,PoH,sequence,3915000.0000000000
11761,20440384390572,PoH,total_ticks,3915000.0000000000
11762,20440386377559,PoH,tick_latency_ns,3589.0000000000
11763,20440386378274,PoH,sequence,3916000.0000000000
11764,20440386378476,PoH,total_ticks,3916000.0000000000
11765,20440388316403,PoH,tick_latency_ns,6054.0000000000
11766,20440388317344,PoH,sequence,3917000.0000000000
11767,20440388317449,PoH,total_ticks,3917000.0000000000
11768,20440390391793,PoH,tick_latency_ns,6396.0000000000
11769,20440390392429,PoH,sequence,3918000.0000000000
11770,20440390392762,PoH,total_ticks,3918000.0000000000
11771,20440392341404,PoH,tick_latency_ns,5472.0000000000
11772,20440392342769,PoH,sequence,3919000.0000000000
11773,20440392343068,PoH,total_ticks,3919000.0000000000
11774,20440394310031,PoH,tick_latency_ns,4781.0000000000
11775,20440394310756,PoH,sequence,3920000.0000000000
11776,20440394311026,PoH,total_ticks,3920000.0000000000
11777,20440396361927,PoH,tick_latency_ns,4163.0000000000
11778,20440396363064,PoH,sequence,3921000.0000000000
11779,20440396363247,PoH,total_ticks,3921000.0000000000
11780,20440398334938,PoH,tick_latency_ns,4921.0000000000
11781,20440398336053,PoH,sequence,3922000.0000000000
11782,20440398336387,PoH,total_ticks,3922000.0000000000
11783,20440400298264,PoH,tick_latency_ns,3876.0000000000
11784,20440400299130,PoH,sequence,3923000.0000000000
11785,20440400299399,PoH,total_ticks,3923000.0000000000
11786,20440402235578,PoH,tick_latency_ns,5182.0000000000
11787,20440402236019,PoH,sequence,3924000.0000000000
11788,20440402236250,PoH,total_ticks,3924000.0000000000
11789,20440404193793,PoH,tick_latency_ns,3933.0000000000
11790,20440404194403,PoH,sequence,3925000.0000000000
11791,20440404194639,PoH,total_ticks,3925000.0000000000
11792,20440406274748,PoH,tick_latency_ns,5458.0000000000
11793,20440406275327,PoH,sequence,3926000.0000000000
11794,20440406275667,PoH,total_ticks,3926000.0000000000
11795,20440408253926,PoH,tick_latency_ns,5155.0000000000
11796,20440408254626,PoH,sequence,3927000.0000000000
11797,20440408254838,PoH,total_ticks,3927000.0000000000
11798,20440410304482,PoH,tick_latency_ns,4480.0000000000
11799,20440410304919,PoH,sequence,3928000.0000000000
11800,20440410305111,PoH,total_ticks,3928000.0000000000
11801,20440412307072,PoH,tick_latency_ns,5275.0000000000
11802,20440412307804,PoH,sequence,3929000.0000000000
11803,20440412308025,PoH,total_ticks,3929000.0000000000
11804,20440414252230,PoH,tick_latency_ns,4863.0000000000
11805,20440414252893,PoH,sequence,3930000.0000000000
11806,20440414253015,PoH,total_ticks,3930000.0000000000
11807,20440416358471,PoH,tick_latency_ns,4845.0000000000
11808,20440416359635,PoH,sequence,3931000.0000000000
11809,20440416359744,PoH,total_ticks,3931000.0000000000
11810,20440418324643,PoH,tick_latency_ns,4843.0000000000
11811,20440418325302,PoH,sequence,3932000.0000000000
11812,20440418325575,PoH,total_ticks,3932000.0000000000
11813,20440420350743,PoH,tick_latency_ns,3820.0000000000
11814,20440420351468,PoH,sequence,3933000.0000000000
11815,20440420351646,PoH,total_ticks,3933000.0000000000
11816,20440422338584,PoH,tick_latency_ns,7635.0000000000
11817,20440422339352,PoH,sequence,3934000.0000000000
11818,20440422339607,PoH,total_ticks,3934000.0000000000
11819,20440424292301,PoH,tick_latency_ns,5213.0000000000
11820,20440424293082,PoH,sequence,3935000.0000000000
11821,20440424293297,PoH,total_ticks,3935000.0000000000
11822,20440426270336,PoH,tick_latency_ns,3884.0000000000
11823,20440426270988,PoH,sequence,3936000.0000000000
11824,20440426271624,PoH,total_ticks,3936000.0000000000
11825,20440428237534,PoH,tick_latency_ns,6171.0000000000
11826,20440428238265,PoH,sequence,3937000.0000000000
11827,20440428238467,PoH,total_ticks,3937000.0000000000
11828,20440430306595,PoH,tick_latency_ns,11011.0000000000
11829,20440430307313,PoH,sequence,3938000.0000000000
11830,20440430307526,PoH,total_ticks,3938000.0000000000
11831,20440432285757,PoH,tick_latency_ns,3708.0000000000
11832,20440432286215,PoH,sequence,3939000.0000000000
11833,20440432286445,PoH,total_ticks,3939000.0000000000
11834,20440434232169,PoH,tick_latency_ns,4671.0000000000
11835,20440434232887,PoH,sequence,3940000.0000000000
11836,20440434233142,PoH,total_ticks,3940000.0000000000
11837,20440436240618,PoH,tick_latency_ns,3985.0000000000
11838,20440436241118,PoH,sequence,3941000.0000000000
11839,20440436241329,PoH,total_ticks,3941000.0000000000
11840,20440438206820,PoH,tick_latency_ns,3625.0000000000
11841,20440438207851,PoH,sequence,3942000.0000000000
11842,20440438208093,PoH,total_ticks,3942000.0000000000
11843,20440440266950,PoH,tick_latency_ns,3494.0000000000
11844,20440440267634,PoH,sequence,3943000.0000000000
11845,20440440268187,PoH,total_ticks,3943000.0000000000
11846,20440442219733,PoH,tick_latency_ns,6526.0000000000
11847,20440442220376,PoH,sequence,3944000.0000000000
11848,20440442220574,PoH,total_ticks,3944000.0000000000
11849,20440444190517,PoH,tick_latency_ns,4816.0000000000
11850,20440444191601,PoH,sequence,3945000.0000000000
11851,20440444191726,PoH,total_ticks,3945000.0000000000
11852,20440446253123,PoH,tick_latency_ns,5162.0000000000
11853,20440446253937,PoH,sequence,3946000.0000000000
11854,20440446254216,PoH,total_ticks,3946000.0000000000
11855,20440448227280,PoH,tick_latency_ns,4554.0000000000
11856,20440448228213,PoH,sequence,3947000.0000000000
11857,20440448228359,PoH,total_ticks,3947000.0000000000
11858,20440450194876,PoH,tick_latency_ns,4540.0000000000
11859,20440450195334,PoH,sequence,3948000.0000000000
11860,20440450195573,PoH,total_ticks,3948000.0000000000
11861,20440452160082,PoH,tick_latency_ns,4618.0000000000
11862,20440452160490,PoH,sequence,3949000.0000000000
11863,20440452160602,PoH,total_ticks,3949000.0000000000
11864,20440454125886,PoH,tick_latency_ns,4425.0000000000
11865,20440454126481,PoH,sequence,3950000.0000000000
11866,20440454126735,PoH,total_ticks,3950000.0000000000
11867,20440456159706,PoH,tick_latency_ns,5100.0000000000
11868,20440456160464,PoH,sequence,3951000.0000000000
11869,20440456160651,PoH,total_ticks,3951000.0000000000
11870,20440458139857,PoH,tick_latency_ns,4710.0000000000
11871,20440458140447,PoH,sequence,3952000.0000000000
11872,20440458140672,PoH,total_ticks,3952000.0000000000
11873,20440460168036,PoH,tick_latency_ns,4234.0000000000
11874,20440460168873,PoH,sequence,3953000.0000000000
11875,20440460169076,PoH,total_ticks,3953000.0000000000
11876,20440462156561,PoH,tick_latency_ns,4701.0000000000
11877,20440462157268,PoH,sequence,3954000.0000000000
11878,20440462157369,PoH,total_ticks,3954000.0000000000
11879,20440464132094,PoH,tick_latency_ns,6322.0000000000
11880,20440464133464,PoH,sequence,3955000.0000000000
11881,20440464133643,PoH,total_ticks,3955000.0000000000
11882,20440466144330,PoH,tick_latency_ns,4333.0000000000
11883,20440466144974,PoH,sequence,3956000.0000000000
11884,20440466145182,PoH,total_ticks,3956000.0000000000
11885,20440468108857,PoH,tick_latency_ns,5956.0000000000
11886,20440468110452,PoH,sequence,3957000.0000000000
11887,20440468110653,PoH,total_ticks,3957000.0000000000
11888,20440470185333,PoH,tick_latency_ns,4653.0000000000
11889,20440470185805,PoH,sequence,3958000.0000000000
11890,20440470186000,PoH,total_ticks,3958000.0000000000
11891,20440472158688,PoH,tick_latency_ns,5939.0000000000
11892,20440472160115,PoH,sequence,3959000.0000000000
11893,20440472160265,PoH,total_ticks,3959000.0000000000
11894,20440474212220,PoH,tick_latency_ns,6774.0000000000
11895,20440474212798,PoH,sequence,3960000.0000000000
11896,20440474213075,PoH,total_ticks,3960000.0000000000
11897,20440476229010,PoH,tick_latency_ns,7892.0000000000
11898,20440476229821,PoH,sequence,3961000.0000000000
11899,20440476230022,PoH,total_ticks,3961000.0000000000
11900,20440478199109,PoH,tick_latency_ns,4031.0000000000
11901,20440478200066,PoH,sequence,3962000.0000000000
11902,20440478200403,PoH,total_ticks,3962000.0000000000
11903,20440480188385,PoH,tick_latency_ns,5038.0000000000
11904,20440480188935,PoH,sequence,3963000.0000000000
11905,20440480189173,PoH,total_ticks,3963000.0000000000
11906,20440482170575,PoH,tick_latency_ns,4382.0000000000
11907,20440482171610,PoH,sequence,3964000.0000000000
11908,20440482171863,PoH,total_ticks,3964000.0000000000
11909,20440484232414,PoH,tick_latency_ns,5245.0000000000
11910,20440484233107,PoH,sequence,3965000.0000000000
11911,20440484233343,PoH,total_ticks,3965000.0000000000
11912,20440486190616,PoH,tick_latency_ns,5306.0000000000
11913,20440486191894,PoH,sequence,3966000.0000000000
11914,20440486192139,PoH,total_ticks,3966000.0000000000
11915,20440488133845,PoH,tick_latency_ns,3670.0000000000
11916,20440488135159,PoH,sequence,3967000.0000000000
11917,20440488135266,PoH,total_ticks,3967000.0000000000
11918,20440490199510,PoH,tick_latency_ns,3192.0000000000
11919,20440490200303,PoH,sequence,3968000.0000000000
11920,20440490200690,PoH,total_ticks,3968000.0000000000
11921,20440492200674,PoH,tick_latency_ns,6373.0000000000
11922,20440492201347,PoH,sequence,3969000.0000000000
11923,20440492201693,PoH,total_ticks,3969000.0000000000
11924,20440494246270,PoH,tick_latency_ns,8063.0000000000
11925,20440494247620,PoH,sequence,3970000.0000000000
11926,20440494247822,PoH,total_ticks,3970000.0000000000
11927,20440496233915,PoH,tick_latency_ns,9613.0000000000
11928,20440496235274,PoH,sequence,3971000.0000000000
11929,20440496235671,PoH,total_ticks,3971000.0000000000
11930,20440498242381,PoH,tick_latency_ns,6115.0000000000
11931,20440498243347,PoH,sequence,3972000.0000000000
11932,20440498243526,PoH,total_ticks,3972000.0000000000
11933,20440500286548,PoH,tick_latency_ns,5195.0000000000
11934,20440500287130,PoH,sequence,3973000.0000000000
11935,20440500287377,PoH,total_ticks,3973000.0000000000
11936,20440502265979,PoH,tick_latency_ns,4202.0000000000
11937,20440502266942,PoH,sequence,3974000.0000000000
11938,20440502267184,PoH,total_ticks,3974000.0000000000
11939,20440504294862,PoH,tick_latency_ns,12209.0000000000
11940,20440504296457,PoH,sequence,3975000.0000000000
11941,20440504296844,PoH,total_ticks,3975000.0000000000
11942,20440506229943,PoH,tick_latency_ns,4789.0000000000
11943,20440506230435,PoH,sequence,3976000.0000000000
11944,20440506230710,PoH,total_ticks,3976000.0000000000
11945,20440508195052,PoH,tick_latency_ns,5772.0000000000
11946,20440508195909,PoH,sequence,3977000.0000000000
11947,20440508196169,PoH,total_ticks,3977000.0000000000
11948,20440510200509,PoH,tick_latency_ns,5382.0000000000
11949,20440510201348,PoH,sequence,3978000.0000000000
11950,20440510201479,PoH,total_ticks,3978000.0000000000
11951,20440512175639,PoH,tick_latency_ns,4820.0000000000
11952,20440512176289,PoH,sequence,3979000.0000000000
11953,20440512176598,PoH,total_ticks,3979000.0000000000
11954,20440514152142,PoH,tick_latency_ns,4461.0000000000
11955,20440514152934,PoH,sequence,3980000.0000000000
11956,20440514153068,PoH,total_ticks,3980000.0000000000
11957,20440516085511,PoH,tick_latency_ns,4810.0000000000
11958,20440516086031,PoH,sequence,3981000.0000000000
11959,20440516086235,PoH,total_ticks,3981000.0000000000
11960,20440518022586,PoH,tick_latency_ns,4144.0000000000
11961,20440518023027,PoH,sequence,3982000.0000000000
11962,20440518023141,PoH,total_ticks,3982000.0000000000
11963,20440520021563,PoH,tick_latency_ns,5905.0000000000
11964,20440520022509,PoH,sequence,3983000.0000000000
11965,20440520022847,PoH,total_ticks,3983000.0000000000
11966,20440522009458,PoH,tick_latency_ns,13570.0000000000
11967,20440522010390,PoH,sequence,3984000.0000000000
11968,20440522010752,PoH,total_ticks,3984000.0000000000
11969,20440524010106,PoH,tick_latency_ns,12402.0000000000
11970,20440524010714,PoH,sequence,3985000.0000000000
11971,20440524010817,PoH,total_ticks,3985000.0000000000
11972,20440526095353,PoH,tick_latency_ns,6241.0000000000
11973,20440526096073,PoH,sequence,3986000.0000000000
11974,20440526096411,PoH,total_ticks,3986000.0000000000
11975,20440528021411,PoH,tick_latency_ns,5439.0000000000
11976,20440528021864,PoH,sequence,3987000.0000000000
11977,20440528022088,PoH,total_ticks,3987000.0000000000
11978,20440530020048,PoH,tick_latency_ns,3860.0000000000
11979,20440530020583,PoH,sequence,3988000.0000000000
11980,20440530020792,PoH,total_ticks,3988000.0000000000
11981,20440532028213,PoH,tick_latency_ns,6819.0000000000
11982,20440532028600,PoH,sequence,3989000.0000000000
11983,20440532028841,PoH,total_ticks,3989000.0000000000
11984,20440533996068,PoH,tick_latency_ns,5698.0000000000
11985,20440533996678,PoH,sequence,3990000.0000000000
11986,20440533996888,PoH,total_ticks,3990000.0000000000
11987,20440536011704,PoH,tick_latency_ns,5272.0000000000
11988,20440536012113,PoH,sequence,3991000.0000000000
11989,20440536012314,PoH,total_ticks,3991000.0000000000
11990,20440537982350,PoH,tick_latency_ns,4812.0000000000
11991,20440537983168,PoH,sequence,3992000.0000000000
11992,20440537983395,PoH,total_ticks,3992000.0000000000
11993,20440539978265,PoH,tick_latency_ns,5495.0000000000
11994,20440539978759,PoH,sequence,3993000.0000000000
11995,20440539978981,PoH,total_ticks,3993000.0000000000
11996,20440541950117,PoH,tick_latency_ns,6029.0000000000
11997,20440541950680,PoH,sequence,3994000.0000000000
11998,20440541950973,PoH,total_ticks,3994000.0000000000
11999,20440543937094,PoH,tick_latency_ns,6023.0000000000
12000,20440543937579,PoH,sequence,3995000.0000000000
12001,20440543937775,PoH,total_ticks,3995000.0000000000
12002,20440545972525,PoH,tick_latency_ns,3869.0000000000
12003,20440545973122,PoH,sequence,3996000.0000000000
12004,20440545973404,PoH,total_ticks,3996000.0000000000
12005,20440547884208,PoH,tick_latency_ns,5333.0000000000
12006,20440547884933,PoH,sequence,3997000.0000000000
12007,20440547885182,PoH,total_ticks,3997000.0000000000
12008,20440549908942,PoH,tick_latency_ns,5479.0000000000
12009,20440549909407,PoH,sequence,3998000.0000000000
12010,20440549909626,PoH,total_ticks,3998000.0000000000
12011,20440551902029,PoH,tick_latency_ns,5391.0000000000
12012,20440551902584,PoH,sequence,3999000.0000000000
12013,20440551902798,PoH,total_ticks,3999000.0000000000
12014,20440553859398,PoH,tick_latency_ns,5134.0000000000
12015,20440553860646,PoH,sequence,4000000.0000000000
12016,20440553860831,PoH,total_ticks,4000000.0000000000
12017,20440555881818,PoH,tick_latency_ns,5006.0000000000
12018,20440555882267,PoH,sequence,4001000.0000000000
12019,20440555882843,PoH,total_ticks,4001000.0000000000
12020,20440557867741,PoH,tick_latency_ns,4451.0000000000
12021,20440557868250,PoH,sequence,4002000.0000000000
12022,20440557868475,PoH,total_ticks,4002000.0000000000
12023,20440559876307,PoH,tick_latency_ns,4707.0000000000
12024,20440559877124,PoH,sequence,4003000.0000000000
12025,20440559877315,PoH,total_ticks,4003000.0000000000
12026,20440561864153,PoH,tick_latency_ns,12416.0000000000
12027,20440561868172,PoH,sequence,4004000.0000000000
12028,20440561868425,PoH,total_ticks,4004000.0000000000
12029,20440563811206,PoH,tick_latency_ns,5142.0000000000
12030,20440563812058,PoH,sequence,4005000.0000000000
12031,20440563812589,PoH,total_ticks,4005000.0000000000
12032,20440565872781,PoH,tick_latency_ns,4580.0000000000
12033,20440565873246,PoH,sequence,4006000.0000000000
12034,20440565873469,PoH,total_ticks,4006000.0000000000
12035,20440567789184,PoH,tick_latency_ns,5056.0000000000
12036,20440567789680,PoH,sequence,4007000.0000000000
12037,20440567789934,PoH,total_ticks,4007000.0000000000
12038,20440569749405,PoH,tick_latency_ns,5338.0000000000
12039,20440569750520,PoH,sequence,4008000.0000000000
12040,20440569750627,PoH,total_ticks,4008000.0000000000
12041,20440571702230,PoH,tick_latency_ns,3575.0000000000
12042,20440571702856,PoH,sequence,4009000.0000000000
12043,20440571703077,PoH,total_ticks,4009000.0000000000
12044,20440573664808,PoH,tick_latency_ns,4686.0000000000
12045,20440573665716,PoH,sequence,4010000.0000000000
12046,20440573665941,PoH,total_ticks,4010000.0000000000
12047,20440575680531,PoH,tick_latency_ns,4832.0000000000
12048,20440575681203,PoH,sequence,4011000.0000000000
12049,20440575681415,PoH,total_ticks,4011000.0000000000
12050,20440577684477,PoH,tick_latency_ns,13746.0000000000
12051,20440577685149,PoH,sequence,4012000.0000000000
12052,20440577685365,PoH,total_ticks,4012000.0000000000
12053,20440579752381,PoH,tick_latency_ns,5213.0000000000
12054,20440579752821,PoH,sequence,4013000.0000000000
12055,20440579753074,PoH,total_ticks,4013000.0000000000
12056,20440581703620,PoH,tick_latency_ns,4614.0000000000
12057,20440581704137,PoH,sequence,4014000.0000000000
12058,20440581704293,PoH,total_ticks,4014000.0000000000
12059,20440583737153,PoH,tick_latency_ns,20229.0000000000
12060,20440583738249,PoH,sequence,4015000.0000000000
12061,20440583739252,PoH,total_ticks,4015000.0000000000
12062,20440585776927,PoH,tick_latency_ns,3783.0000000000
12063,20440585777409,PoH,sequence,4016000.0000000000
12064,20440585777662,PoH,total_ticks,4016000.0000000000
12065,20440587737004,PoH,tick_latency_ns,4031.0000000000
12066,20440587737437,PoH,sequence,4017000.0000000000
12067,20440587737656,PoH,total_ticks,4017000.0000000000
12068,20440589826472,PoH,tick_latency_ns,7185.0000000000
12069,20440589827313,PoH,sequence,4018000.0000000000
12070,20440589827568,PoH,total_ticks,4018000.0000000000
12071,20440591760981,PoH,tick_latency_ns,6537.0000000000
12072,20440591761749,PoH,sequence,4019000.0000000000
12073,20440591761940,PoH,total_ticks,4019000.0000000000
12074,20440593740637,PoH,tick_latency_ns,8155.0000000000
12075,20440593741503,PoH,sequence,4020000.0000000000
12076,20440593741734,PoH,total_ticks,4020000.0000000000
12077,20440595701507,PoH,tick_latency_ns,7573.0000000000
12078,20440595702456,PoH,sequence,4021000.0000000000
12079,20440595702783,PoH,total_ticks,4021000.0000000000
12080,20440597647365,PoH,tick_latency_ns,5538.0000000000
12081,20440597647732,PoH,sequence,4022000.0000000000
12082,20440597648000,PoH,total_ticks,4022000.0000000000
12083,20440599711899,PoH,tick_latency_ns,5758.0000000000
12084,20440599713028,PoH,sequence,4023000.0000000000
12085,20440599713298,PoH,total_ticks,4023000.0000000000
12086,20440601674855,PoH,tick_latency_ns,4422.0000000000
12087,20440601675544,PoH,sequence,4024000.0000000000
12088,20440601675732,PoH,total_ticks,4024000.0000000000
12089,20440603675403,PoH,tick_latency_ns,10542.0000000000
12090,20440603676166,PoH,sequence,4025000.0000000000
12091,20440603676340,PoH,total_ticks,4025000.0000000000
12092,20440605583837,PoH,tick_latency_ns,3919.0000000000
12093,20440605584415,PoH,sequence,4026000.0000000000
12094,20440605584604,PoH,total_ticks,4026000.0000000000
12095,20440607445210,PoH,tick_latency_ns,4993.0000000000
12096,20440607446069,PoH,sequence,4027000.0000000000
12097,20440607446261,PoH,total_ticks,4027000.0000000000
12098,20440609374706,PoH,tick_latency_ns,3731.0000000000
12099,20440609375130,PoH,sequence,4028000.0000000000
12100,20440609375634,PoH,total_ticks,4028000.0000000000
12101,20440611303223,PoH,tick_latency_ns,6346.0000000000
12102,20440611304103,PoH,sequence,4029000.0000000000
12103,20440611304242,PoH,total_ticks,4029000.0000000000
12104,20440613173901,PoH,tick_latency_ns,6448.0000000000
12105,20440613174622,PoH,sequence,4030000.0000000000
12106,20440613174809,PoH,total_ticks,4030000.0000000000
12107,20440615161904,PoH,tick_latency_ns,4850.0000000000
12108,20440615162793,PoH,sequence,4031000.0000000000
12109,20440615163093,PoH,total_ticks,4031000.0000000000
12110,20440617024124,PoH,tick_latency_ns,5512.0000000000
12111,20440617024481,PoH,sequence,4032000.0000000000
12112,20440617024692,PoH,total_ticks,4032000.0000000000
12113,20440618984346,PoH,tick_latency_ns,5309.0000000000
12114,20440618985533,PoH,sequence,4033000.0000000000
12115,20440618985737,PoH,total_ticks,4033000.0000000000
12116,20440620871334,PoH,tick_latency_ns,4018.0000000000
12117,20440620871726,PoH,sequence,4034000.0000000000
12118,20440620871979,PoH,total_ticks,4034000.0000000000
12119,20440622755163,PoH,tick_latency_ns,5458.0000000000
12120,20440622755573,PoH,sequence,4035000.0000000000
12121,20440622756355,PoH,total_ticks,4035000.0000000000
12122,20440624700573,PoH,tick_latency_ns,5836.0000000000
12123,20440624701858,PoH,sequence,4036000.0000000000
12124,20440624702104,PoH,total_ticks,4036000.0000000000
12125,20440626595871,PoH,tick_latency_ns,7386.0000000000
12126,20440626596676,PoH,sequence,4037000.0000000000
12127,20440626596858,PoH,total_ticks,4037000.0000000000
12128,20440628548240,PoH,tick_latency_ns,11667.0000000000
12129,20440628548891,PoH,sequence,4038000.0000000000
12130,20440628549147,PoH,total_ticks,4038000.0000000000
12131,20440630492384,PoH,tick_latency_ns,5200.0000000000
12132,20440630493410,PoH,sequence,4039000.0000000000
12133,20440630493519,PoH,total_ticks,4039000.0000000000
12134,20440632365084,PoH,tick_latency_ns,5614.0000000000
12135,20440632365674,PoH,sequence,4040000.0000000000
12136,20440632366293,PoH,total_ticks,4040000.0000000000
12137,20440634259773,PoH,tick_latency_ns,4572.0000000000
12138,20440634260386,PoH,sequence,4041000.0000000000
12139,20440634260646,PoH,total_ticks,4041000.0000000000
12140,20440636130108,PoH,tick_latency_ns,3756.0000000000
12141,20440636130773,PoH,sequence,4042000.0000000000
12142,20440636130950,PoH,total_ticks,4042000.0000000000
12143,20440638145873,PoH,tick_latency_ns,6169.0000000000
12144,20440638146652,PoH,sequence,4043000.0000000000
12145,20440638146874,PoH,total_ticks,4043000.0000000000
12146,20440640026096,PoH,tick_latency_ns,5927.0000000000
12147,20440640026536,PoH,sequence,4044000.0000000000
12148,20440640026651,PoH,total_ticks,4044000.0000000000
12149,20440641945829,PoH,tick_latency_ns,3270.0000000000
12150,20440641946284,PoH,sequence,4045000.0000000000
12151,20440641946403,PoH,total_ticks,4045000.0000000000
12152,20440643862805,PoH,tick_latency_ns,4323.0000000000
12153,20440643863245,PoH,sequence,4046000.0000000000
12154,20440643863466,PoH,total_ticks,4046000.0000000000
12155,20440645702850,PoH,ticks_per_second,505243.9715629202
12156,20440645703378,PoH,uptime_seconds,8.0099916630
12157,20440645773391,PoH,tick_latency_ns,4100.0000000000
12158,20440645773581,PoH,sequence,4047000.0000000000
12159,20440645773780,PoH,total_ticks,4047000.0000000000
12160,20440647716362,PoH,tick_latency_ns,9473.0000000000
12161,20440647716971,PoH,sequence,4048000.0000000000
12162,20440647717531,PoH,total_ticks,4048000.0000000000
12163,20440649658766,PoH,tick_latency_ns,4812.0000000000
12164,20440649659604,PoH,sequence,4049000.0000000000
12165,20440649659765,PoH,total_ticks,4049000.0000000000
12166,20440651559619,PoH,tick_latency_ns,4926.0000000000
12167,20440651560235,PoH,sequence,4050000.0000000000
12168,20440651560457,PoH,total_ticks,4050000.0000000000
12169,20440653480404,PoH,tick_latency_ns,4817.0000000000
12170,20440653480892,PoH,sequence,4051000.0000000000
12171,20440653481068,PoH,total_ticks,4051000.0000000000
12172,20440655356260,PoH,tick_latency_ns,5275.0000000000
12173,20440655357358,PoH,sequence,4052000.0000000000
12174,20440655357491,PoH,total_ticks,4052000.0000000000
12175,20440657248878,PoH,tick_latency_ns,5098.0000000000
12176,20440657249252,PoH,sequence,4053000.0000000000
12177,20440657249945,PoH,total_ticks,4053000.0000000000
12178,20440659196396,PoH,tick_latency_ns,4599.0000000000
12179,20440659196883,PoH,sequence,4054000.0000000000
12180,20440659197008,PoH,total_ticks,4054000.0000000000
12181,20440661124147,PoH,tick_latency_ns,5402.0000000000
12182,20440661125165,PoH,sequence,4055000.0000000000
12183,20440661125389,PoH,total_ticks,4055000.0000000000
12184,20440663029656,PoH,tick_latency_ns,4253.0000000000
12185,20440663030236,PoH,sequence,4056000.0000000000
12186,20440663030487,PoH,total_ticks,4056000.0000000000
12187,20440664945484,PoH,tick_latency_ns,7640.0000000000
12188,20440664946489,PoH,sequence,4057000.0000000000
12189,20440664946885,PoH,total_ticks,4057000.0000000000
12190,20440666793936,PoH,tick_latency_ns,4468.0000000000
12191,20440666794689,PoH,sequence,4058000.0000000000
12192,20440666794936,PoH,total_ticks,4058000.0000000000
12193,20440668799047,PoH,tick_latency_ns,4732.0000000000
12194,20440668799876,PoH,sequence,4059000.0000000000
12195,20440668800222,PoH,total_ticks,4059000.0000000000
12196,20440670693722,PoH,tick_latency_ns,7857.0000000000
12197,20440670694436,PoH,sequence,4060000.0000000000
12198,20440670694926,PoH,total_ticks,4060000.0000000000
12199,20440672598688,PoH,tick_latency_ns,5373.0000000000
12200,20440672599164,PoH,sequence,4061000.0000000000
12201,20440672600119,PoH,total_ticks,4061000.0000000000
12202,20440674460499,PoH,tick_latency_ns,4600.0000000000
12203,20440674461023,PoH,sequence,4062000.0000000000
12204,20440674461239,PoH,total_ticks,4062000.0000000000
12205,20440676348185,PoH,tick_latency_ns,6333.0000000000
12206,20440676349580,PoH,sequence,4063000.0000000000
12207,20440676349913,PoH,total_ticks,4063000.0000000000
12208,20440678290545,PoH,tick_latency_ns,4556.0000000000
12209,20440678291220,PoH,sequence,4064000.0000000000
12210,20440678291621,PoH,total_ticks,4064000.0000000000
12211,20440680180099,PoH,tick_latency_ns,6213.0000000000
12212,20440680181275,PoH,sequence,4065000.0000000000
12213,20440680181509,PoH,total_ticks,4065000.0000000000
12214,20440682012229,PoH,tick_latency_ns,3145.0000000000
12215,20440682012844,PoH,sequence,4066000.0000000000
12216,20440682012958,PoH,total_ticks,4066000.0000000000
12217,20440683956161,PoH,tick_latency_ns,4766.0000000000
12218,20440683956460,PoH,sequence,4067000.0000000000
12219,20440683956814,PoH,total_ticks,4067000.0000000000
12220,20440685823197,PoH,tick_latency_ns,5776.0000000000
12221,20440685824086,PoH,sequence,4068000.0000000000
12222,20440685824409,PoH,total_ticks,4068000.0000000000
12223,20440687792507,PoH,tick_latency_ns,5995.0000000000
12224,20440687792972,PoH,sequence,4069000.0000000000
12225,20440687793208,PoH,total_ticks,4069000.0000000000
12226,20440689685511,PoH,tick_latency_ns,6238.0000000000
12227,20440689685981,PoH,sequence,4070000.0000000000
12228,20440689686102,PoH,total_ticks,4070000.0000000000
12229,20440691556610,PoH,tick_latency_ns,5503.0000000000
12230,20440691557674,PoH,sequence,4071000.0000000000
12231,20440691558099,PoH,total_ticks,4071000.0000000000
12232,20440693390595,PoH,tick_latency_ns,5514.0000000000
12233,20440693391368,PoH,sequence,4072000.0000000000
12234,20440693391650,PoH,total_ticks,4072000.0000000000
12235,20440695257071,PoH,tick_latency_ns,4725.0000000000
12236,20440695257546,PoH,sequence,4073000.0000000000
12237,20440695257771,PoH,total_ticks,4073000.0000000000
12238,20440697185268,PoH,tick_latency_ns,9328.0000000000
12239,20440697186561,PoH,sequence,4074000.0000000000
12240,20440697187219,PoH,total_ticks,4074000.0000000000
12241,20440699097438,PoH,tick_latency_ns,4915.0000000000
12242,20440699098065,PoH,sequence,4075000.0000000000
12243,20440699098310,PoH,total_ticks,4075000.0000000000
12244,20440700988399,PoH,tick_latency_ns,4766.0000000000
12245,20440700988806,PoH,sequence,4076000.0000000000
12246,20440700988995,PoH,total_ticks,4076000.0000000000
12247,20440702925983,PoH,tick_latency_ns,4510.0000000000
12248,20440702926561,PoH,sequence,4077000.0000000000
12249,20440702927215,PoH,total_ticks,4077000.0000000000
12250,20440704829078,PoH,tick_latency_ns,4812.0000000000
12251,20440704829598,PoH,sequence,4078000.0000000000
12252,20440704829812,PoH,total_ticks,4078000.0000000000
12253,20440706723080,PoH,tick_latency_ns,18036.0000000000
12254,20440706723981,PoH,sequence,4079000.0000000000
12255,20440706724107,PoH,total_ticks,4079000.0000000000
12256,20440708612608,PoH,tick_latency_ns,4512.0000000000
12257,20440708613114,PoH,sequence,4080000.0000000000
12258,20440708613331,PoH,total_ticks,4080000.0000000000
12259,20440710513908,PoH,tick_latency_ns,4895.0000000000
12260,20440710515268,PoH,sequence,4081000.0000000000
12261,20440710515487,PoH,total_ticks,4081000.0000000000
12262,20440712452454,PoH,tick_latency_ns,3806.0000000000
12263,20440712453544,PoH,sequence,4082000.0000000000
12264,20440712453791,PoH,total_ticks,4082000.0000000000
12265,20440714327777,PoH,tick_latency_ns,4560.0000000000
12266,20440714328237,PoH,sequence,4083000.0000000000
12267,20440714328380,PoH,total_ticks,4083000.0000000000
12268,20440716232035,PoH,tick_latency_ns,4483.0000000000
12269,20440716232454,PoH,sequence,4084000.0000000000
12270,20440716232606,PoH,total_ticks,4084000.0000000000
12271,20440718191402,PoH,tick_latency_ns,6022.0000000000
12272,20440718192213,PoH,sequence,4085000.0000000000
12273,20440718192606,PoH,total_ticks,4085000.0000000000
12274,20440720103484,PoH,tick_latency_ns,3509.0000000000
12275,20440720104058,PoH,sequence,4086000.0000000000
12276,20440720104303,PoH,total_ticks,4086000.0000000000
12277,20440721968574,PoH,tick_latency_ns,9598.0000000000
12278,20440721969286,PoH,sequence,4087000.0000000000
12279,20440721969655,PoH,total_ticks,4087000.0000000000
12280,20440723898742,PoH,tick_latency_ns,5714.0000000000
12281,20440723899502,PoH,sequence,4088000.0000000000
12282,20440723899735,PoH,total_ticks,4088000.0000000000
12283,20440725758711,PoH,tick_latency_ns,5137.0000000000
12284,20440725759498,PoH,sequence,4089000.0000000000
12285,20440725759624,PoH,total_ticks,4089000.0000000000
12286,20440727669122,PoH,tick_latency_ns,5525.0000000000
12287,20440727669901,PoH,sequence,4090000.0000000000
12288,20440727670066,PoH,total_ticks,4090000.0000000000
12289,20440729542943,PoH,tick_latency_ns,4623.0000000000
12290,20440729543619,PoH,sequence,4091000.0000000000
12291,20440729543820,PoH,total_ticks,4091000.0000000000
12292,20440731429199,PoH,tick_latency_ns,4974.0000000000
12293,20440731430349,PoH,sequence,4092000.0000000000
12294,20440731430611,PoH,total_ticks,4092000.0000000000
12295,20440733338185,PoH,tick_latency_ns,5303.0000000000
12296,20440733339085,PoH,sequence,4093000.0000000000
12297,20440733339408,PoH,total_ticks,4093000.0000000000
12298,20440735236878,PoH,tick_latency_ns,4071.0000000000
12299,20440735237730,PoH,sequence,4094000.0000000000
12300,20440735237989,PoH,total_ticks,4094000.0000000000
12301,20440737197678,PoH,tick_latency_ns,11554.0000000000
12302,20440737198558,PoH,sequence,4095000.0000000000
12303,20440737199242,PoH,total_ticks,4095000.0000000000
12304,20440739160920,PoH,tick_latency_ns,5443.0000000000
12305,20440739162150,PoH,sequence,4096000.0000000000
12306,20440739162430,PoH,total_ticks,4096000.0000000000
12307,20440741031127,PoH,tick_latency_ns,6835.0000000000
12308,20440741032726,PoH,sequence,4097000.0000000000
12309,20440741033081,PoH,total_ticks,4097000.0000000000
12310,20440743009908,PoH,tick_latency_ns,9750.0000000000
12311,20440743010685,PoH,sequence,4098000.0000000000
12312,20440743010877,PoH,total_ticks,4098000.0000000000
12313,20440744911957,PoH,tick_latency_ns,5428.0000000000
12314,20440744912770,PoH,sequence,4099000.0000000000
12315,20440744912892,PoH,total_ticks,4099000.0000000000
12316,20440746791623,PoH,tick_latency_ns,9159.0000000000
12317,20440746792104,PoH,sequence,4100000.0000000000
12318,20440746792456,PoH,total_ticks,4100000.0000000000
12319,20440748726545,PoH,tick_latency_ns,5326.0000000000
12320,20440748727241,PoH,sequence,4101000.0000000000
12321,20440748727381,PoH,total_ticks,4101000.0000000000
12322,20440750647991,PoH,tick_latency_ns,5570.0000000000
12323,20440750649636,PoH,sequence,4102000.0000000000
12324,20440750649965,PoH,total_ticks,4102000.0000000000
12325,20440752635536,PoH,tick_latency_ns,6045.0000000000
12326,20440752635944,PoH,sequence,4103000.0000000000
12327,20440752636270,PoH,total_ticks,4103000.0000000000
12328,20440754533942,PoH,tick_latency_ns,3417.0000000000
12329,20440754535100,PoH,sequence,4104000.0000000000
12330,20440754535306,PoH,total_ticks,4104000.0000000000
12331,20440756393148,PoH,tick_latency_ns,4585.0000000000
12332,20440756394674,PoH,sequence,4105000.0000000000
12333,20440756395412,PoH,total_ticks,4105000.0000000000
12334,20440758368737,PoH,tick_latency_ns,12576.0000000000
12335,20440758373048,PoH,sequence,4106000.0000000000
12336,20440758373458,PoH,total_ticks,4106000.0000000000
12337,20440760266342,PoH,tick_latency_ns,3264.0000000000
12338,20440760267407,PoH,sequence,4107000.0000000000
12339,20440760267616,PoH,total_ticks,4107000.0000000000
12340,20440762235507,PoH,tick_latency_ns,3779.0000000000
12341,20440762236561,PoH,sequence,4108000.0000000000
12342,20440762236866,PoH,total_ticks,4108000.0000000000
12343,20440764132390,PoH,tick_latency_ns,5426.0000000000
12344,20440764133116,PoH,sequence,4109000.0000000000
12345,20440764133364,PoH,total_ticks,4109000.0000000000
12346,20440765996153,PoH,tick_latency_ns,7150.0000000000
12347,20440765996990,PoH,sequence,4110000.0000000000
12348,20440765997310,PoH,total_ticks,4110000.0000000000
12349,20440767929244,PoH,tick_latency_ns,5541.0000000000
12350,20440767929513,PoH,sequence,4111000.0000000000
12351,20440767929718,PoH,total_ticks,4111000.0000000000
12352,20440769803538,PoH,tick_latency_ns,6571.0000000000
12353,20440769804320,PoH,sequence,4112000.0000000000
12354,20440769804676,PoH,total_ticks,4112000.0000000000
12355,20440771724133,PoH,tick_latency_ns,9355.0000000000
12356,20440771725108,PoH,sequence,4113000.0000000000
12357,20440771725459,PoH,total_ticks,4113000.0000000000
12358,20440773588610,PoH,tick_latency_ns,4521.0000000000
12359,20440773588926,PoH,sequence,4114000.0000000000
12360,20440773589047,PoH,total_ticks,4114000.0000000000
12361,20440775459154,PoH,tick_latency_ns,4339.0000000000
12362,20440775459843,PoH,sequence,4115000.0000000000
12363,20440775459954,PoH,total_ticks,4115000.0000000000
12364,20440777459485,PoH,tick_latency_ns,6260.0000000000
12365,20440777460315,PoH,sequence,4116000.0000000000
12366,20440777460600,PoH,total_ticks,4116000.0000000000
12367,20440779368711,PoH,tick_latency_ns,13729.0000000000
12368,20440779374171,PoH,sequence,4117000.0000000000
12369,20440779374259,PoH,total_ticks,4117000.0000000000
12370,20440781265065,PoH,tick_latency_ns,5039.0000000000
12371,20440781266075,PoH,sequence,4118000.0000000000
12372,20440781266267,PoH,total_ticks,4118000.0000000000
12373,20440783170231,PoH,tick_latency_ns,6599.0000000000
12374,20440783171151,PoH,sequence,4119000.0000000000
12375,20440783171304,PoH,total_ticks,4119000.0000000000
12376,20440785030115,PoH,tick_latency_ns,6949.0000000000
12377,20440785030951,PoH,sequence,4120000.0000000000
12378,20440785031084,PoH,total_ticks,4120000.0000000000
12379,20440786963721,PoH,tick_latency_ns,8773.0000000000
12380,20440786965017,PoH,sequence,4121000.0000000000
12381,20440786965535,PoH,total_ticks,4121000.0000000000
12382,20440788968283,PoH,tick_latency_ns,6643.0000000000
12383,20440788969060,PoH,sequence,4122000.0000000000
12384,20440788969486,PoH,total_ticks,4122000.0000000000
12385,20440790860943,PoH,tick_latency_ns,5056.0000000000
12386,20440790861535,PoH,sequence,4123000.0000000000
12387,20440790861630,PoH,total_ticks,4123000.0000000000
12388,20440792871780,PoH,tick_latency_ns,5161.0000000000
12389,20440792872920,PoH,sequence,4124000.0000000000
12390,20440792873223,PoH,total_ticks,4124000.0000000000
12391,20440794748080,PoH,tick_latency_ns,5422.0000000000
12392,20440794748753,PoH,sequence,4125000.0000000000
12393,20440794748870,PoH,total_ticks,4125000.0000000000
12394,20440796603358,PoH,tick_latency_ns,4721.0000000000
12395,20440796604224,PoH,sequence,4126000.0000000000
12396,20440796604605,PoH,total_ticks,4126000.0000000000
12397,20440798669140,PoH,tick_latency_ns,6859.0000000000
12398,20440798669852,PoH,sequence,4127000.0000000000
12399,20440798670147,PoH,total_ticks,4127000.0000000000
12400,20440800621723,PoH,tick_latency_ns,6123.0000000000
12401,20440800622527,PoH,sequence,4128000.0000000000
12402,20440800622629,PoH,total_ticks,4128000.0000000000
12403,20440802662013,PoH,tick_latency_ns,5980.0000000000
12404,20440802662851,PoH,sequence,4129000.0000000000
12405,20440802662994,PoH,total_ticks,4129000.0000000000
12406,20440804659972,PoH,tick_latency_ns,7256.0000000000
12407,20440804661838,PoH,sequence,4130000.0000000000
12408,20440804662752,PoH,total_ticks,4130000.0000000000
12409,20440806626106,PoH,tick_latency_ns,11579.0000000000
12410,20440806626728,PoH,sequence,4131000.0000000000
12411,20440806627067,PoH,total_ticks,4131000.0000000000
12412,20440808649492,PoH,tick_latency_ns,4487.0000000000
12413,20440808650799,PoH,sequence,4132000.0000000000
12414,20440808651001,PoH,total_ticks,4132000.0000000000
12415,20440810647819,PoH,tick_latency_ns,6297.0000000000
12416,20440810648709,PoH,sequence,4133000.0000000000
12417,20440810648859,PoH,total_ticks,4133000.0000000000
12418,20440812732015,PoH,tick_latency_ns,5010.0000000000
12419,20440812732714,PoH,sequence,4134000.0000000000
12420,20440812733400,PoH,total_ticks,4134000.0000000000
12421,20440814697615,PoH,tick_latency_ns,4368.0000000000
12422,20440814698520,PoH,sequence,4135000.0000000000
12423,20440814698648,PoH,total_ticks,4135000.0000000000
12424,20440816659639,PoH,tick_latency_ns,5398.0000000000
12425,20440816660494,PoH,sequence,4136000.0000000000
12426,20440816660822,PoH,total_ticks,4136000.0000000000
12427,20440818639321,PoH,tick_latency_ns,5726.0000000000
12428,20440818640101,PoH,sequence,4137000.0000000000
12429,20440818640905,PoH,total_ticks,4137000.0000000000
12430,20440820614173,PoH,tick_latency_ns,4789.0000000000
12431,20440820614887,PoH,sequence,4138000.0000000000
12432,20440820615112,PoH,total_ticks,4138000.0000000000
12433,20440822675291,PoH,tick_latency_ns,7703.0000000000
12434,20440822676348,PoH,sequence,4139000.0000000000
12435,20440822676710,PoH,total_ticks,4139000.0000000000
12436,20440824642365,PoH,tick_latency_ns,5562.0000000000
12437,20440824643070,PoH,sequence,4140000.0000000000
12438,20440824643276,PoH,total_ticks,4140000.0000000000
12439,20440826656759,PoH,tick_latency_ns,4813.0000000000
12440,20440826657432,PoH,sequence,4141000.0000000000
12441,20440826657548,PoH,total_ticks,4141000.0000000000
12442,20440828706999,PoH,tick_latency_ns,5892.0000000000
12443,20440828708282,PoH,sequence,4142000.0000000000
12444,20440828708532,PoH,total_ticks,4142000.0000000000
12445,20440830633922,PoH,tick_latency_ns,5487.0000000000
12446,20440830634451,PoH,sequence,4143000.0000000000
12447,20440830634649,PoH,total_ticks,4143000.0000000000
12448,20440832672066,PoH,tick_latency_ns,4645.0000000000
12449,20440832672679,PoH,sequence,4144000.0000000000
12450,20440832672871,PoH,total_ticks,4144000.0000000000
12451,20440834669345,PoH,tick_latency_ns,6319.0000000000
12452,20440834669978,PoH,sequence,4145000.0000000000
12453,20440834670335,PoH,total_ticks,4145000.0000000000
12454,20440836633603,PoH,tick_latency_ns,5256.0000000000
12455,20440836634991,PoH,sequence,4146000.0000000000
12456,20440836635193,PoH,total_ticks,4146000.0000000000
12457,20440838700535,PoH,tick_latency_ns,4808.0000000000
12458,20440838701035,PoH,sequence,4147000.0000000000
12459,20440838701328,PoH,total_ticks,4147000.0000000000
12460,20440840665776,PoH,tick_latency_ns,5232.0000000000
12461,20440840666670,PoH,sequence,4148000.0000000000
12462,20440840666860,PoH,total_ticks,4148000.0000000000
12463,20440842769276,PoH,tick_latency_ns,6345.0000000000
12464,20440842769803,PoH,sequence,4149000.0000000000
12465,20440842770000,PoH,total_ticks,4149000.0000000000
12466,20440844715545,PoH,tick_latency_ns,4150.0000000000
12467,20440844715928,PoH,sequence,4150000.0000000000
12468,20440844716131,PoH,total_ticks,4150000.0000000000
12469,20440846749842,PoH,tick_latency_ns,11488.0000000000
12470,20440846751451,PoH,sequence,4151000.0000000000
12471,20440846751745,PoH,total_ticks,4151000.0000000000
12472,20440848759008,PoH,tick_latency_ns,6730.0000000000
12473,20440848759582,PoH,sequence,4152000.0000000000
12474,20440848759918,PoH,total_ticks,4152000.0000000000
12475,20440850705953,PoH,tick_latency_ns,5376.0000000000
12476,20440850706458,PoH,sequence,4153000.0000000000
12477,20440850706661,PoH,total_ticks,4153000.0000000000
12478,20440852759339,PoH,tick_latency_ns,6521.0000000000
12479,20440852760141,PoH,sequence,4154000.0000000000
12480,20440852760446,PoH,total_ticks,4154000.0000000000
12481,20440854754527,PoH,tick_latency_ns,5638.0000000000
12482,20440854755428,PoH,sequence,4155000.0000000000
12483,20440854755585,PoH,total_ticks,4155000.0000000000
12484,20440856772452,PoH,tick_latency_ns,12255.0000000000
12485,20440856773976,PoH,sequence,4156000.0000000000
12486,20440856774744,PoH,total_ticks,4156000.0000000000
12487,20440858781227,PoH,tick_latency_ns,7161.0000000000
12488,20440858782477,PoH,sequence,4157000.0000000000
12489,20440858783137,PoH,total_ticks,4157000.0000000000
12490,20440860758277,PoH,tick_latency_ns,5065.0000000000
12491,20440860759048,PoH,sequence,4158000.0000000000
12492,20440860759768,PoH,total_ticks,4158000.0000000000
12493,20440862712880,PoH,tick_latency_ns,9128.0000000000
12494,20440862713752,PoH,sequence,4159000.0000000000
12495,20440862713978,PoH,total_ticks,4159000.0000000000
12496,20440864689533,PoH,tick_latency_ns,4045.0000000000
12497,20440864690652,PoH,sequence,4160000.0000000000
12498,20440864690765,PoH,total_ticks,4160000.0000000000
12499,20440866703771,PoH,tick_latency_ns,4626.0000000000
12500,20440866704260,PoH,sequence,4161000.0000000000
12501,20440866704423,PoH,total_ticks,4161000.0000000000
12502,20440868683563,PoH,tick_latency_ns,4304.0000000000
12503,20440868683867,PoH,sequence,4162000.0000000000
12504,20440868684003,PoH,total_ticks,4162000.0000000000
12505,20440870623647,PoH,tick_latency_ns,6089.0000000000
12506,20440870624236,PoH,sequence,4163000.0000000000
12507,20440870624356,PoH,total_ticks,4163000.0000000000
12508,20440872678462,PoH,tick_latency_ns,6771.0000000000
12509,20440872679274,PoH,sequence,4164000.0000000000
12510,20440872679481,PoH,total_ticks,4164000.0000000000
12511,20440874628684,PoH,tick_latency_ns,6785.0000000000
12512,20440874629376,PoH,sequence,4165000.0000000000
12513,20440874629733,PoH,total_ticks,4165000.0000000000
12514,20440876705279,PoH,tick_latency_ns,6383.0000000000
12515,20440876706024,PoH,sequence,4166000.0000000000
12516,20440876706398,PoH,total_ticks,4166000.0000000000
12517,20440878684158,PoH,tick_latency_ns,5929.0000000000
12518,20440878684842,PoH,sequence,4167000.0000000000
12519,20440878685067,PoH,total_ticks,4167000.0000000000
12520,20440880658994,PoH,tick_latency_ns,6671.0000000000
12521,20440880659846,PoH,sequence,4168000.0000000000
12522,20440880660090,PoH,total_ticks,4168000.0000000000
12523,20440882691972,PoH,tick_latency_ns,4683.0000000000
12524,20440882692674,PoH,sequence,4169000.0000000000
12525,20440882692968,PoH,total_ticks,4169000.0000000000
12526,20440884702467,PoH,tick_latency_ns,10057.0000000000
12527,20440884704495,PoH,sequence,4170000.0000000000
12528,20440884704754,PoH,total_ticks,4170000.0000000000
12529,20440886755745,PoH,tick_latency_ns,4674.0000000000
12530,20440886756267,PoH,sequence,4171000.0000000000
12531,20440886756689,PoH,total_ticks,4171000.0000000000
12532,20440888751609,PoH,tick_latency_ns,6202.0000000000
12533,20440888752493,PoH,sequence,4172000.0000000000
12534,20440888752655,PoH,total_ticks,4172000.0000000000
12535,20440890781301,PoH,tick_latency_ns,5203.0000000000
12536,20440890782157,PoH,sequence,4173000.0000000000
12537,20440890782930,PoH,total_ticks,4173000.0000000000
12538,20440892772302,PoH,tick_latency_ns,4713.0000000000
12539,20440892772750,PoH,sequence,4174000.0000000000
12540,20440892773049,PoH,total_ticks,4174000.0000000000
12541,20440898034025,PoH,tick_latency_ns,14081.0000000000
12542,20440898034967,PoH,sequence,4175000.0000000000
12543,20440898035104,PoH,total_ticks,4175000.0000000000
12544,20440903045001,PoH,tick_latency_ns,20103.0000000000
12545,20440903046337,PoH,sequence,4176000.0000000000
12546,20440903046543,PoH,total_ticks,4176000.0000000000
12547,20440908083009,PoH,tick_latency_ns,31033.0000000000
12548,20440908084119,PoH,sequence,4177000.0000000000
12549,20440908084256,PoH,total_ticks,4177000.0000000000
12550,20440910182996,PoH,tick_latency_ns,6108.0000000000
12551,20440910183526,PoH,sequence,4178000.0000000000
12552,20440910183873,PoH,total_ticks,4178000.0000000000
12553,20440912195415,PoH,tick_latency_ns,4755.0000000000
12554,20440912196216,PoH,sequence,4179000.0000000000
12555,20440912196410,PoH,total_ticks,4179000.0000000000
12556,20440914211464,PoH,tick_latency_ns,5087.0000000000
12557,20440914212286,PoH,sequence,4180000.0000000000
12558,20440914212523,PoH,total_ticks,4180000.0000000000
12559,20440916545486,PoH,tick_latency_ns,8325.0000000000
12560,20440916546552,PoH,sequence,4181000.0000000000
12561,20440916546654,PoH,total_ticks,4181000.0000000000
12562,20440918561073,PoH,tick_latency_ns,4145.0000000000
12563,20440918561523,PoH,sequence,4182000.0000000000
12564,20440918561738,PoH,total_ticks,4182000.0000000000
12565,20440920697455,PoH,tick_latency_ns,4381.0000000000
12566,20440920698281,PoH,sequence,4183000.0000000000
12567,20440920698513,PoH,total_ticks,4183000.0000000000
12568,20440922737582,PoH,tick_latency_ns,5206.0000000000
12569,20440922738065,PoH,sequence,4184000.0000000000
12570,20440922738183,PoH,total_ticks,4184000.0000000000
12571,20440924801295,PoH,tick_latency_ns,8111.0000000000
12572,20440924802127,PoH,sequence,4185000.0000000000
12573,20440924802356,PoH,total_ticks,4185000.0000000000
12574,20440926891770,PoH,tick_latency_ns,4402.0000000000
12575,20440926892390,PoH,sequence,4186000.0000000000
12576,20440926892577,PoH,total_ticks,4186000.0000000000
12577,20440928876339,PoH,tick_latency_ns,4914.0000000000
12578,20440928877002,PoH,sequence,4187000.0000000000
12579,20440928877133,PoH,total_ticks,4187000.0000000000
12580,20440930899767,PoH,tick_latency_ns,4180.0000000000
12581,20440930900239,PoH,sequence,4188000.0000000000
12582,20440930900345,PoH,total_ticks,4188000.0000000000
12583,20440932939359,PoH,tick_latency_ns,5559.0000000000
12584,20440932940326,PoH,sequence,4189000.0000000000
12585,20440932941062,PoH,total_ticks,4189000.0000000000
12586,20440934970549,PoH,tick_latency_ns,5685.0000000000
12587,20440934972109,PoH,sequence,4190000.0000000000
12588,20440934972279,PoH,total_ticks,4190000.0000000000
12589,20440937437071,PoH,tick_latency_ns,4982.0000000000
12590,20440937438328,PoH,sequence,4191000.0000000000
12591,20440937438471,PoH,total_ticks,4191000.0000000000
12592,20440939418183,PoH,tick_latency_ns,4426.0000000000
12593,20440939418623,PoH,sequence,4192000.0000000000
12594,20440939418942,PoH,total_ticks,4192000.0000000000
12595,20440941560151,PoH,tick_latency_ns,6531.0000000000
12596,20440941561512,PoH,sequence,4193000.0000000000
12597,20440941561845,PoH,total_ticks,4193000.0000000000
12598,20440943945388,PoH,tick_latency_ns,4306.0000000000
12599,20440943946608,PoH,sequence,4194000.0000000000
12600,20440943946754,PoH,total_ticks,4194000.0000000000
12601,20440946049736,PoH,tick_latency_ns,4889.0000000000
12602,20440946050486,PoH,sequence,4195000.0000000000
12603,20440946050701,PoH,total_ticks,4195000.0000000000
12604,20440948112563,PoH,tick_latency_ns,11263.0000000000
12605,20440948113858,PoH,sequence,4196000.0000000000
12606,20440948114050,PoH,total_ticks,4196000.0000000000
12607,20440952479939,PoH,tick_latency_ns,19507.0000000000
12608,20440952480954,PoH,sequence,4197000.0000000000
12609,20440952481112,PoH,total_ticks,4197000.0000000000
12610,20440958056856,PoH,tick_latency_ns,12875.0000000000
12611,20440958057697,PoH,sequence,4198000.0000000000
12612,20440958057808,PoH,total_ticks,4198000.0000000000
12613,20440962038146,PoH,tick_latency_ns,14887.0000000000
12614,20440962039193,PoH,sequence,4199000.0000000000
12615,20440962039316,PoH,total_ticks,4199000.0000000000
12616,20440966359167,PoH,tick_latency_ns,10868.0000000000
12617,20440966360302,PoH,sequence,4200000.0000000000
12618,20440966360619,PoH,total_ticks,4200000.0000000000
12619,20440971187795,PoH,tick_latency_ns,23618.0000000000
12620,20440971188597,PoH,sequence,4201000.0000000000
12621,20440971188749,PoH,total_ticks,4201000.0000000000
12622,20440974637472,PoH,tick_latency_ns,5901.0000000000
12623,20440974638632,PoH,sequence,4202000.0000000000
12624,20440974638752,PoH,total_ticks,4202000.0000000000
12625,20440979384294,PoH,tick_latency_ns,5609.0000000000
12626,20440979385676,PoH,sequence,4203000.0000000000
12627,20440979385824,PoH,total_ticks,4203000.0000000000
12628,20440983575174,PoH,tick_latency_ns,6491.0000000000
12629,20440983575934,PoH,sequence,4204000.0000000000
12630,20440983576098,PoH,total_ticks,4204000.0000000000
12631,20440987916257,PoH,tick_latency_ns,7110.0000000000
12632,20440987916940,PoH,sequence,4205000.0000000000
12633,20440987917100,PoH,total_ticks,4205000.0000000000
12634,20440992180992,PoH,tick_latency_ns,6552.0000000000
12635,20440992181822,PoH,sequence,4206000.0000000000
12636,20440992182074,PoH,total_ticks,4206000.0000000000
12637,20440996492269,PoH,tick_latency_ns,6439.0000000000
12638,20440996493099,PoH,sequence,4207000.0000000000
12639,20440996493263,PoH,total_ticks,4207000.0000000000
12640,20440999962579,PoH,tick_latency_ns,3312.0000000000
12641,20440999963525,PoH,sequence,4208000.0000000000
12642,20440999963669,PoH,total_ticks,4208000.0000000000
12643,20441001699463,PoH,tick_latency_ns,4721.0000000000
12644,20441001700007,PoH,sequence,4209000.0000000000
12645,20441001700098,PoH,total_ticks,4209000.0000000000
12646,20441003427080,PoH,tick_latency_ns,6138.0000000000
12647,20441003427930,PoH,sequence,4210000.0000000000
12648,20441003428046,PoH,total_ticks,4210000.0000000000
12649,20441005433835,PoH,tick_latency_ns,3979.0000000000
12650,20441005434596,PoH,sequence,4211000.0000000000
12651,20441005434722,PoH,total_ticks,4211000.0000000000
12652,20441007943909,PoH,tick_latency_ns,12052.0000000000
12653,20441007944504,PoH,sequence,4212000.0000000000
12654,20441007944626,PoH,total_ticks,4212000.0000000000
12655,20441011216727,PoH,tick_latency_ns,11067.0000000000
12656,20441011217857,PoH,sequence,4213000.0000000000
12657,20441011217952,PoH,total_ticks,4213000.0000000000
12658,20441014468783,PoH,tick_latency_ns,9989.0000000000
12659,20441014469414,PoH,sequence,4214000.0000000000
12660,20441014469535,PoH,total_ticks,4214000.0000000000
12661,20441018832836,PoH,tick_latency_ns,31028.0000000000
12662,20441018833882,PoH,sequence,4215000.0000000000
12663,20441018834004,PoH,total_ticks,4215000.0000000000
12664,20441021703723,PoH,tick_latency_ns,7876.0000000000
12665,20441021704646,PoH,sequence,4216000.0000000000
12666,20441021704750,PoH,total_ticks,4216000.0000000000
12667,20441025572021,PoH,tick_latency_ns,6436.0000000000
12668,20441025573057,PoH,sequence,4217000.0000000000
12669,20441025573201,PoH,total_ticks,4217000.0000000000
12670,20441028523184,PoH,tick_latency_ns,11299.0000000000
12671,20441028524150,PoH,sequence,4218000.0000000000
12672,20441028524291,PoH,total_ticks,4218000.0000000000
12673,20441032020451,PoH,tick_latency_ns,4653.0000000000
12674,20441032021214,PoH,sequence,4219000.0000000000
12675,20441032021372,PoH,total_ticks,4219000.0000000000
12676,20441036185400,PoH,tick_latency_ns,39993.0000000000
12677,20441036186540,PoH,sequence,4220000.0000000000
12678,20441036186743,PoH,total_ticks,4220000.0000000000
12679,20441039369780,PoH,tick_latency_ns,15846.0000000000
12680,20441039371170,PoH,sequence,4221000.0000000000
12681,20441039371307,PoH,total_ticks,4221000.0000000000
12682,20441044020421,PoH,tick_latency_ns,8018.0000000000
12683,20441044021318,PoH,sequence,4222000.0000000000
12684,20441044021458,PoH,total_ticks,4222000.0000000000
12685,20441048036959,PoH,tick_latency_ns,10206.0000000000
12686,20441048038020,PoH,sequence,4223000.0000000000
12687,20441048038173,PoH,total_ticks,4223000.0000000000
12688,20441052095979,PoH,tick_latency_ns,63200.0000000000
12689,20441052096987,PoH,sequence,4224000.0000000000
12690,20441052097107,PoH,total_ticks,4224000.0000000000
12691,20441055569462,PoH,tick_latency_ns,9031.0000000000
12692,20441055570192,PoH,sequence,4225000.0000000000
12693,20441055570332,PoH,total_ticks,4225000.0000000000
12694,20441059025037,PoH,tick_latency_ns,4230.0000000000
12695,20441059026028,PoH,sequence,4226000.0000000000
12696,20441059026118,PoH,total_ticks,4226000.0000000000
12697,20441063061828,PoH,tick_latency_ns,24348.0000000000
12698,20441063063091,PoH,sequence,4227000.0000000000
12699,20441063063303,PoH,total_ticks,4227000.0000000000
12700,20441066392408,PoH,tick_latency_ns,8548.0000000000
12701,20441066393008,PoH,sequence,4228000.0000000000
12702,20441066393235,PoH,total_ticks,4228000.0000000000
12703,20441070843418,PoH,tick_latency_ns,46513.0000000000
12704,20441070844822,PoH,sequence,4229000.0000000000
12705,20441070845032,PoH,total_ticks,4229000.0000000000
12706,20441075103576,PoH,tick_latency_ns,24573.0000000000
12707,20441075104331,PoH,sequence,4230000.0000000000
12708,20441075104489,PoH,total_ticks,4230000.0000000000
12709,20441079432613,PoH,tick_latency_ns,24882.0000000000
12710,20441079433784,PoH,sequence,4231000.0000000000
12711,20441079433949,PoH,total_ticks,4231000.0000000000
12712,20441082499015,PoH,tick_latency_ns,6086.0000000000
12713,20441082499754,PoH,sequence,4232000.0000000000
12714,20441082499910,PoH,total_ticks,4232000.0000000000
12715,20441086953549,PoH,tick_latency_ns,15881.0000000000
12716,20441086954498,PoH,sequence,4233000.0000000000
12717,20441086954644,PoH,total_ticks,4233000.0000000000
12718,20441091313836,PoH,tick_latency_ns,32874.0000000000
12719,20441091314629,PoH,sequence,4234000.0000000000
12720,20441091314878,PoH,total_ticks,4234000.0000000000
12721,20441095028884,PoH,tick_latency_ns,10030.0000000000
12722,20441095029543,PoH,sequence,4235000.0000000000
12723,20441095029680,PoH,total_ticks,4235000.0000000000
12724,20441099288704,PoH,tick_latency_ns,7320.0000000000
12725,20441099289748,PoH,sequence,4236000.0000000000
12726,20441099289948,PoH,total_ticks,4236000.0000000000
12727,20441103591325,PoH,tick_latency_ns,5558.0000000000
12728,20441103592147,PoH,sequence,4237000.0000000000
12729,20441103592332,PoH,total_ticks,4237000.0000000000
12730,20441107563435,PoH,tick_latency_ns,14756.0000000000
12731,20441107564063,PoH,sequence,4238000.0000000000
12732,20441107564189,PoH,total_ticks,4238000.0000000000
12733,20441110641733,PoH,tick_latency_ns,7026.0000000000
12734,20441110642317,PoH,sequence,4239000.0000000000
12735,20441110642589,PoH,total_ticks,4239000.0000000000
12736,20441114922247,PoH,tick_latency_ns,7143.0000000000
12737,20441114922877,PoH,sequence,4240000.0000000000
12738,20441114923058,PoH,total_ticks,4240000.0000000000
12739,20441119149502,PoH,tick_latency_ns,6000.0000000000
12740,20441119150143,PoH,sequence,4241000.0000000000
12741,20441119150453,PoH,total_ticks,4241000.0000000000
12742,20441123765562,PoH,tick_latency_ns,25396.0000000000
12743,20441123766674,PoH,sequence,4242000.0000000000
12744,20441123766979,PoH,total_ticks,4242000.0000000000
12745,20441125704777,PoH,tick_latency_ns,4833.0000000000
12746,20441125705396,PoH,sequence,4243000.0000000000
12747,20441125705538,PoH,total_ticks,4243000.0000000000
12748,20441127634609,PoH,tick_latency_ns,2941.0000000000
12749,20441127635155,PoH,sequence,4244000.0000000000
12750,20441127635302,PoH,total_ticks,4244000.0000000000
12751,20441129524286,PoH,tick_latency_ns,4130.0000000000
12752,20441129524748,PoH,sequence,4245000.0000000000
12753,20441129524900,PoH,total_ticks,4245000.0000000000
12754,20441132365266,PoH,tick_latency_ns,12126.0000000000
12755,20441132365878,PoH,sequence,4246000.0000000000
12756,20441132366009,PoH,total_ticks,4246000.0000000000
12757,20441135413382,PoH,tick_latency_ns,8868.0000000000
12758,20441135414417,PoH,sequence,4247000.0000000000
12759,20441135414545,PoH,total_ticks,4247000.0000000000
12760,20441139584012,PoH,tick_latency_ns,6601.0000000000
12761,20441139584801,PoH,sequence,4248000.0000000000
12762,20441139584961,PoH,total_ticks,4248000.0000000000
12763,20441143253055,PoH,tick_latency_ns,30035.0000000000
12764,20441143254449,PoH,sequence,4249000.0000000000
12765,20441143254911,PoH,total_ticks,4249000.0000000000
12766,20441147544920,PoH,tick_latency_ns,14485.0000000000
12767,20441147545540,PoH,sequence,4250000.0000000000
12768,20441147545699,PoH,total_ticks,4250000.0000000000
12769,20441151898946,PoH,tick_latency_ns,17283.0000000000
12770,20441151899561,PoH,sequence,4251000.0000000000
12771,20441151899682,PoH,total_ticks,4251000.0000000000
12772,20441154968938,PoH,tick_latency_ns,7697.0000000000
12773,20441154969678,PoH,sequence,4252000.0000000000
12774,20441154970103,PoH,total_ticks,4252000.0000000000
12775,20441159284192,PoH,tick_latency_ns,8021.0000000000
12776,20441159284829,PoH,sequence,4253000.0000000000
12777,20441159284965,PoH,total_ticks,4253000.0000000000
12778,20441163744297,PoH,tick_latency_ns,17630.0000000000
12779,20441163744888,PoH,sequence,4254000.0000000000
12780,20441163745030,PoH,total_ticks,4254000.0000000000
12781,20441168058196,PoH,tick_latency_ns,19290.0000000000
12782,20441168058804,PoH,sequence,4255000.0000000000
12783,20441168058962,PoH,total_ticks,4255000.0000000000
12784,20441171335514,PoH,tick_latency_ns,17489.0000000000
12785,20441171336578,PoH,sequence,4256000.0000000000
12786,20441171336811,PoH,total_ticks,4256000.0000000000
12787,20441175891711,PoH,tick_latency_ns,5943.0000000000
12788,20441175892350,PoH,sequence,4257000.0000000000
12789,20441175892817,PoH,total_ticks,4257000.0000000000
12790,20441179311849,PoH,tick_latency_ns,5561.0000000000
12791,20441179313459,PoH,sequence,4258000.0000000000
12792,20441179313541,PoH,total_ticks,4258000.0000000000
12793,20441183430844,PoH,tick_latency_ns,5047.0000000000
12794,20441183431419,PoH,sequence,4259000.0000000000
12795,20441183431571,PoH,total_ticks,4259000.0000000000
12796,20441187600425,PoH,tick_latency_ns,5701.0000000000
12797,20441187601589,PoH,sequence,4260000.0000000000
12798,20441187601756,PoH,total_ticks,4260000.0000000000
12799,20441191543742,PoH,tick_latency_ns,21382.0000000000
12800,20441191544967,PoH,sequence,4261000.0000000000
12801,20441191545126,PoH,total_ticks,4261000.0000000000
12802,20441195838505,PoH,tick_latency_ns,19466.0000000000
12803,20441195839139,PoH,sequence,4262000.0000000000
12804,20441195839292,PoH,total_ticks,4262000.0000000000
12805,20441198947743,PoH,tick_latency_ns,6846.0000000000
12806,20441198948417,PoH,sequence,4263000.0000000000
12807,20441198948558,PoH,total_ticks,4263000.0000000000
12808,20441203033300,PoH,tick_latency_ns,13867.0000000000
12809,20441203034048,PoH,sequence,4264000.0000000000
12810,20441203034500,PoH,total_ticks,4264000.0000000000
12811,20441207024372,PoH,tick_latency_ns,6891.0000000000
12812,20441207025090,PoH,sequence,4265000.0000000000
12813,20441207025234,PoH,total_ticks,4265000.0000000000
12814,20441209174255,PoH,tick_latency_ns,6411.0000000000
12815,20441209180427,PoH,sequence,4266000.0000000000
12816,20441209181305,PoH,total_ticks,4266000.0000000000
12817,20441211101169,PoH,tick_latency_ns,5302.0000000000
12818,20441211101561,PoH,sequence,4267000.0000000000
12819,20441211101745,PoH,total_ticks,4267000.0000000000
12820,20441213031367,PoH,tick_latency_ns,3844.0000000000
12821,20441213032404,PoH,sequence,4268000.0000000000
12822,20441213032528,PoH,total_ticks,4268000.0000000000
12823,20441215899117,PoH,tick_latency_ns,18190.0000000000
12824,20441215900125,PoH,sequence,4269000.0000000000
12825,20441215900257,PoH,total_ticks,4269000.0000000000
12826,20441217961025,PoH,tick_latency_ns,6350.0000000000
12827,20441217961774,PoH,sequence,4270000.0000000000
12828,20441217961925,PoH,total_ticks,4270000.0000000000
12829,20441219936827,PoH,tick_latency_ns,6776.0000000000
12830,20441219937753,PoH,sequence,4271000.0000000000
12831,20441219938013,PoH,total_ticks,4271000.0000000000
12832,20441221903349,PoH,tick_latency_ns,5535.0000000000
12833,20441221904972,PoH,sequence,4272000.0000000000
12834,20441221905169,PoH,total_ticks,4272000.0000000000
12835,20441223917173,PoH,tick_latency_ns,6323.0000000000
12836,20441223917819,PoH,sequence,4273000.0000000000
12837,20441223918041,PoH,total_ticks,4273000.0000000000
12838,20441229049764,PoH,tick_latency_ns,25166.0000000000
12839,20441229050497,PoH,sequence,4274000.0000000000
12840,20441229051011,PoH,total_ticks,4274000.0000000000
12841,20441231040507,PoH,tick_latency_ns,18787.0000000000
12842,20441231044040,PoH,sequence,4275000.0000000000
12843,20441231044393,PoH,total_ticks,4275000.0000000000
12844,20441233008640,PoH,tick_latency_ns,13358.0000000000
12845,20441233009999,PoH,sequence,4276000.0000000000
12846,20441233010295,PoH,total_ticks,4276000.0000000000
12847,20441234905183,PoH,tick_latency_ns,5016.0000000000
12848,20441234905882,PoH,sequence,4277000.0000000000
12849,20441234906007,PoH,total_ticks,4277000.0000000000
12850,20441236806024,PoH,tick_latency_ns,5111.0000000000
12851,20441236806515,PoH,sequence,4278000.0000000000
12852,20441236806729,PoH,total_ticks,4278000.0000000000
12853,20441242052699,PoH,tick_latency_ns,28023.0000000000
12854,20441242053540,PoH,sequence,4279000.0000000000
12855,20441242053711,PoH,total_ticks,4279000.0000000000
12856,20441247148793,PoH,tick_latency_ns,6808.0000000000
12857,20441247149519,PoH,sequence,4280000.0000000000
12858,20441247149831,PoH,total_ticks,4280000.0000000000
12859,20441249211064,PoH,tick_latency_ns,7747.0000000000
12860,20441249211738,PoH,sequence,4281000.0000000000
12861,20441249211932,PoH,total_ticks,4281000.0000000000
12862,20441254046448,PoH,tick_latency_ns,23264.0000000000
12863,20441254047265,PoH,sequence,4282000.0000000000
12864,20441254047395,PoH,total_ticks,4282000.0000000000
12865,20441256941902,PoH,tick_latency_ns,15975.0000000000
12866,20441256942651,PoH,sequence,4283000.0000000000
12867,20441256942794,PoH,total_ticks,4283000.0000000000
12868,20441262072751,PoH,tick_latency_ns,35520.0000000000
12869,20441262074369,PoH,sequence,4284000.0000000000
12870,20441262074508,PoH,total_ticks,4284000.0000000000
12871,20441264087210,PoH,tick_latency_ns,20254.0000000000
12872,20441264088140,PoH,sequence,4285000.0000000000
12873,20441264088465,PoH,total_ticks,4285000.0000000000
12874,20441266035713,PoH,tick_latency_ns,4112.0000000000
12875,20441266036273,PoH,sequence,4286000.0000000000
12876,20441266036494,PoH,total_ticks,4286000.0000000000
12877,20441268033798,PoH,tick_latency_ns,15899.0000000000
12878,20441268034752,PoH,sequence,4287000.0000000000
12879,20441268035150,PoH,total_ticks,4287000.0000000000
12880,20441269991898,PoH,tick_latency_ns,4701.0000000000
12881,20441269992287,PoH,sequence,4288000.0000000000
12882,20441269992485,PoH,total_ticks,4288000.0000000000
12883,20441271919816,PoH,tick_latency_ns,6295.0000000000
12884,20441271920328,PoH,sequence,4289000.0000000000
12885,20441271920443,PoH,total_ticks,4289000.0000000000
12886,20441273971079,PoH,tick_latency_ns,5826.0000000000
12887,20441273971704,PoH,sequence,4290000.0000000000
12888,20441273971890,PoH,total_ticks,4290000.0000000000
12889,20441275917077,PoH,tick_latency_ns,3536.0000000000
12890,20441275917491,PoH,sequence,4291000.0000000000
12891,20441275917806,PoH,total_ticks,4291000.0000000000
12892,20441278819967,PoH,tick_latency_ns,5155.0000000000
12893,20441278820737,PoH,sequence,4292000.0000000000
12894,20441278820879,PoH,total_ticks,4292000.0000000000
12895,20441280784065,PoH,tick_latency_ns,5787.0000000000
12896,20441280785030,PoH,sequence,4293000.0000000000
12897,20441280785410,PoH,total_ticks,4293000.0000000000
12898,20441283369226,PoH,tick_latency_ns,3271.0000000000
12899,20441283370808,PoH,sequence,4294000.0000000000
12900,20441283370917,PoH,total_ticks,4294000.0000000000
12901,20441285288867,PoH,tick_latency_ns,4299.0000000000
12902,20441285289759,PoH,sequence,4295000.0000000000
12903,20441285289951,PoH,total_ticks,4295000.0000000000
12904,20441287193093,PoH,tick_latency_ns,4352.0000000000
12905,20441287193491,PoH,sequence,4296000.0000000000
12906,20441287193647,PoH,total_ticks,4296000.0000000000
12907,20441290370848,PoH,tick_latency_ns,5365.0000000000
12908,20441290371963,PoH,sequence,4297000.0000000000
12909,20441290372199,PoH,total_ticks,4297000.0000000000
12910,20441293504243,PoH,tick_latency_ns,16416.0000000000
12911,20441293505120,PoH,sequence,4298000.0000000000
12912,20441293505319,PoH,total_ticks,4298000.0000000000
12913,20441295263179,PoH,tick_latency_ns,3092.0000000000
12914,20441295263604,PoH,sequence,4299000.0000000000
12915,20441295263749,PoH,total_ticks,4299000.0000000000
12916,20441297033404,PoH,tick_latency_ns,5435.0000000000
12917,20441297034770,PoH,sequence,4300000.0000000000
12918,20441297035035,PoH,total_ticks,4300000.0000000000
12919,20441299632793,PoH,tick_latency_ns,4798.0000000000
12920,20441299633556,PoH,sequence,4301000.0000000000
12921,20441299633718,PoH,total_ticks,4301000.0000000000
12922,20441301559175,PoH,tick_latency_ns,5514.0000000000
12923,20441301559831,PoH,sequence,4302000.0000000000
12924,20441301559971,PoH,total_ticks,4302000.0000000000
12925,20441303551245,PoH,tick_latency_ns,7910.0000000000
12926,20441303552062,PoH,sequence,4303000.0000000000
12927,20441303552282,PoH,total_ticks,4303000.0000000000
12928,20441305509232,PoH,tick_latency_ns,5784.0000000000
12929,20441305510116,PoH,sequence,4304000.0000000000
12930,20441305510359,PoH,total_ticks,4304000.0000000000
12931,20441307415906,PoH,tick_latency_ns,7527.0000000000
12932,20441307416764,PoH,sequence,4305000.0000000000
12933,20441307417030,PoH,total_ticks,4305000.0000000000
12934,20441309417085,PoH,tick_latency_ns,4712.0000000000
12935,20441309417999,PoH,sequence,4306000.0000000000
12936,20441309418345,PoH,total_ticks,4306000.0000000000
12937,20441311227215,PoH,tick_latency_ns,5109.0000000000
12938,20441311227916,PoH,sequence,4307000.0000000000
12939,20441311228045,PoH,total_ticks,4307000.0000000000
12940,20441312926541,PoH,tick_latency_ns,4678.0000000000
12941,20441312926774,PoH,sequence,4308000.0000000000
12942,20441312926883,PoH,total_ticks,4308000.0000000000
12943,20441314767195,PoH,tick_latency_ns,7200.0000000000
12944,20441314767792,PoH,sequence,4309000.0000000000
12945,20441314768060,PoH,total_ticks,4309000.0000000000
12946,20441316564548,PoH,tick_latency_ns,6597.0000000000
12947,20441316565386,PoH,sequence,4310000.0000000000
12948,20441316565503,PoH,total_ticks,4310000.0000000000
12949,20441318312312,PoH,tick_latency_ns,4804.0000000000
12950,20441318312629,PoH,sequence,4311000.0000000000
12951,20441318312819,PoH,total_ticks,4311000.0000000000
12952,20441323059047,PoH,tick_latency_ns,23756.0000000000
12953,20441323060280,PoH,sequence,4312000.0000000000
12954,20441323060434,PoH,total_ticks,4312000.0000000000
12955,20441324816929,PoH,tick_latency_ns,4270.0000000000
12956,20441324817248,PoH,sequence,4313000.0000000000
12957,20441324817373,PoH,total_ticks,4313000.0000000000
12958,20441326630488,PoH,tick_latency_ns,4180.0000000000
12959,20441326631182,PoH,sequence,4314000.0000000000
12960,20441326631357,PoH,total_ticks,4314000.0000000000
12961,20441330052165,PoH,tick_latency_ns,24983.0000000000
12962,20441330053769,PoH,sequence,4315000.0000000000
12963,20441330053914,PoH,total_ticks,4315000.0000000000
12964,20441335057827,PoH,tick_latency_ns,27894.0000000000
12965,20441335058657,PoH,sequence,4316000.0000000000
12966,20441335058999,PoH,total_ticks,4316000.0000000000
12967,20441336834919,PoH,tick_latency_ns,4236.0000000000
12968,20441336835274,PoH,sequence,4317000.0000000000
12969,20441336835548,PoH,total_ticks,4317000.0000000000
12970,20441338773787,PoH,tick_latency_ns,5479.0000000000
12971,20441338774107,PoH,sequence,4318000.0000000000
12972,20441338774264,PoH,total_ticks,4318000.0000000000
12973,20441342536087,PoH,tick_latency_ns,3224.0000000000
12974,20441342537394,PoH,sequence,4319000.0000000000
12975,20441342537676,PoH,total_ticks,4319000.0000000000
12976,20441347059095,PoH,tick_latency_ns,26914.0000000000
12977,20441347060712,PoH,sequence,4320000.0000000000
12978,20441347060915,PoH,total_ticks,4320000.0000000000
12979,20441350038046,PoH,tick_latency_ns,14800.0000000000
12980,20441350038544,PoH,sequence,4321000.0000000000
12981,20441350038742,PoH,total_ticks,4321000.0000000000
12982,20441353054358,PoH,tick_latency_ns,23664.0000000000
12983,20441353054946,PoH,sequence,4322000.0000000000
12984,20441353055139,PoH,total_ticks,4322000.0000000000
12985,20441358057981,PoH,tick_latency_ns,27607.0000000000
12986,20441358059020,PoH,sequence,4323000.0000000000
12987,20441358059180,PoH,total_ticks,4323000.0000000000
12988,20441363923707,PoH,tick_latency_ns,21520.0000000000
12989,20441363924514,PoH,sequence,4324000.0000000000
12990,20441363924725,PoH,total_ticks,4324000.0000000000
12991,20441367752108,PoH,tick_latency_ns,3020.0000000000
12992,20441367752709,PoH,sequence,4325000.0000000000
12993,20441367752889,PoH,total_ticks,4325000.0000000000
12994,20441371036328,PoH,tick_latency_ns,14434.0000000000
12995,20441371037047,PoH,sequence,4326000.0000000000
12996,20441371037268,PoH,total_ticks,4326000.0000000000
12997,20441374033410,PoH,tick_latency_ns,13822.0000000000
12998,20441374034099,PoH,sequence,4327000.0000000000
12999,20441374034355,PoH,total_ticks,4327000.0000000000
13000,20441379040719,PoH,tick_latency_ns,16235.0000000000
13001,20441379041203,PoH,sequence,4328000.0000000000
13002,20441379041334,PoH,total_ticks,4328000.0000000000
13003,20441382035828,PoH,tick_latency_ns,15109.0000000000
13004,20441382036412,PoH,sequence,4329000.0000000000
13005,20441382036660,PoH,total_ticks,4329000.0000000000
13006,20441385029883,PoH,tick_latency_ns,12419.0000000000
13007,20441385030377,PoH,sequence,4330000.0000000000
13008,20441385030522,PoH,total_ticks,4330000.0000000000
13009,20441388027906,PoH,tick_latency_ns,12053.0000000000
13010,20441388028358,PoH,sequence,4331000.0000000000
13011,20441388028524,PoH,total_ticks,4331000.0000000000
13012,20441392041758,PoH,tick_latency_ns,16720.0000000000
13013,20441392042404,PoH,sequence,4332000.0000000000
13014,20441392042639,PoH,total_ticks,4332000.0000000000
13015,20441395045352,PoH,tick_latency_ns,19738.0000000000
13016,20441395045910,PoH,sequence,4333000.0000000000
13017,20441395046033,PoH,total_ticks,4333000.0000000000
13018,20441398033474,PoH,tick_latency_ns,13438.0000000000
13019,20441398034063,PoH,sequence,4334000.0000000000
13020,20441398034231,PoH,total_ticks,4334000.0000000000
13021,20441401060236,PoH,tick_latency_ns,24789.0000000000
13022,20441401061003,PoH,sequence,4335000.0000000000
13023,20441401061181,PoH,total_ticks,4335000.0000000000
13024,20441405039049,PoH,tick_latency_ns,16839.0000000000
13025,20441405039739,PoH,sequence,4336000.0000000000
13026,20441405039925,PoH,total_ticks,4336000.0000000000
13027,20441406692237,PoH,tick_latency_ns,4926.0000000000
13028,20441406693216,PoH,sequence,4337000.0000000000
13029,20441406693316,PoH,total_ticks,4337000.0000000000
13030,20441408504114,PoH,tick_latency_ns,4955.0000000000
13031,20441408504909,PoH,sequence,4338000.0000000000
13032,20441408505021,PoH,total_ticks,4338000.0000000000
13033,20441410317730,PoH,tick_latency_ns,5270.0000000000
13034,20441410318114,PoH,sequence,4339000.0000000000
13035,20441410318195,PoH,total_ticks,4339000.0000000000
13036,20441412008708,PoH,tick_latency_ns,10029.0000000000
13037,20441412009147,PoH,sequence,4340000.0000000000
13038,20441412009300,PoH,total_ticks,4340000.0000000000
13039,20441413607948,PoH,tick_latency_ns,4305.0000000000
13040,20441413608323,PoH,sequence,4341000.0000000000
13041,20441413608485,PoH,total_ticks,4341000.0000000000
13042,20441415283176,PoH,tick_latency_ns,3503.0000000000
13043,20441415283492,PoH,sequence,4342000.0000000000
13044,20441415283655,PoH,total_ticks,4342000.0000000000
13045,20441417028679,PoH,tick_latency_ns,5428.0000000000
13046,20441417029121,PoH,sequence,4343000.0000000000
13047,20441417029216,PoH,total_ticks,4343000.0000000000
13048,20441418894118,PoH,tick_latency_ns,4928.0000000000
13049,20441418894647,PoH,sequence,4344000.0000000000
13050,20441418894845,PoH,total_ticks,4344000.0000000000
13051,20441420794468,PoH,tick_latency_ns,4164.0000000000
13052,20441420794884,PoH,sequence,4345000.0000000000
13053,20441420794981,PoH,total_ticks,4345000.0000000000
13054,20441422584025,PoH,tick_latency_ns,9460.0000000000
13055,20441422585140,PoH,sequence,4346000.0000000000
13056,20441422585512,PoH,total_ticks,4346000.0000000000
13057,20441424439677,PoH,tick_latency_ns,4192.0000000000
13058,20441424440332,PoH,sequence,4347000.0000000000
13059,20441424440539,PoH,total_ticks,4347000.0000000000
13060,20441426016981,PoH,tick_latency_ns,4194.0000000000
13061,20441426017426,PoH,sequence,4348000.0000000000
13062,20441426017514,PoH,total_ticks,4348000.0000000000
13063,20441427509912,PoH,tick_latency_ns,3056.0000000000
13064,20441427510350,PoH,sequence,4349000.0000000000
13065,20441427510438,PoH,total_ticks,4349000.0000000000
13066,20441430071401,PoH,tick_latency_ns,21807.0000000000
13067,20441430072599,PoH,sequence,4350000.0000000000
13068,20441430072862,PoH,total_ticks,4350000.0000000000
13069,20441435081690,PoH,tick_latency_ns,37260.0000000000
13070,20441435082703,PoH,sequence,4351000.0000000000
13071,20441435082983,PoH,total_ticks,4351000.0000000000
13072,20441440103813,PoH,tick_latency_ns,42040.0000000000
13073,20441440104794,PoH,sequence,4352000.0000000000
13074,20441440104897,PoH,total_ticks,4352000.0000000000
13075,20441442028598,PoH,tick_latency_ns,7179.0000000000
13076,20441442029214,PoH,sequence,4353000.0000000000
13077,20441442029432,PoH,total_ticks,4353000.0000000000
13078,20441447059608,PoH,tick_latency_ns,28609.0000000000
13079,20441447060812,PoH,sequence,4354000.0000000000
13080,20441447061108,PoH,total_ticks,4354000.0000000000
13081,20441449155009,PoH,tick_latency_ns,13489.0000000000
13082,20441449155945,PoH,sequence,4355000.0000000000
13083,20441449156069,PoH,total_ticks,4355000.0000000000
13084,20441454056783,PoH,tick_latency_ns,27046.0000000000
13085,20441454057898,PoH,sequence,4356000.0000000000
13086,20441454058250,PoH,total_ticks,4356000.0000000000
13087,20441457696728,PoH,tick_latency_ns,28987.0000000000
13088,20441457697703,PoH,sequence,4357000.0000000000
13089,20441457697873,PoH,total_ticks,4357000.0000000000
13090,20441461611133,PoH,tick_latency_ns,5256.0000000000
13091,20441461612229,PoH,sequence,4358000.0000000000
13092,20441461612435,PoH,total_ticks,4358000.0000000000
13093,20441467057042,PoH,tick_latency_ns,27802.0000000000
13094,20441467058101,PoH,sequence,4359000.0000000000
13095,20441467058327,PoH,total_ticks,4359000.0000000000
13096,20441469118526,PoH,tick_latency_ns,7816.0000000000
13097,20441469119265,PoH,sequence,4360000.0000000000
13098,20441469119666,PoH,total_ticks,4360000.0000000000
13099,20441474052161,PoH,tick_latency_ns,24347.0000000000
13100,20441474052994,PoH,sequence,4361000.0000000000
13101,20441474053298,PoH,total_ticks,4361000.0000000000
13102,20441475944039,PoH,tick_latency_ns,8012.0000000000
13103,20441475944687,PoH,sequence,4362000.0000000000
13104,20441475944806,PoH,total_ticks,4362000.0000000000
13105,20441481087038,PoH,tick_latency_ns,27360.0000000000
13106,20441481088243,PoH,sequence,4363000.0000000000
13107,20441481088445,PoH,total_ticks,4363000.0000000000
13108,20441486057301,PoH,tick_latency_ns,29966.0000000000
13109,20441486058499,PoH,sequence,4364000.0000000000
13110,20441486058730,PoH,total_ticks,4364000.0000000000
13111,20441487977007,PoH,tick_latency_ns,7502.0000000000
13112,20441487977810,PoH,sequence,4365000.0000000000
13113,20441487977963,PoH,total_ticks,4365000.0000000000
13114,20441493074195,PoH,tick_latency_ns,35352.0000000000
13115,20441493075304,PoH,sequence,4366000.0000000000
13116,20441493075554,PoH,total_ticks,4366000.0000000000
13117,20441495022839,PoH,tick_latency_ns,8954.0000000000
13118,20441495023479,PoH,sequence,4367000.0000000000
13119,20441495023647,PoH,total_ticks,4367000.0000000000
13120,20441499109323,PoH,tick_latency_ns,35263.0000000000
13121,20441499110261,PoH,sequence,4368000.0000000000
13122,20441499110406,PoH,total_ticks,4368000.0000000000
13123,20441500975575,PoH,tick_latency_ns,4336.0000000000
13124,20441500976022,PoH,sequence,4369000.0000000000
13125,20441500976228,PoH,total_ticks,4369000.0000000000
13126,20441505066621,PoH,tick_latency_ns,33447.0000000000
13127,20441505068349,PoH,sequence,4370000.0000000000
13128,20441505068737,PoH,total_ticks,4370000.0000000000
13129,20441509015264,PoH,tick_latency_ns,6882.0000000000
13130,20441509016257,PoH,sequence,4371000.0000000000
13131,20441509016393,PoH,total_ticks,4371000.0000000000
13132,20441510621931,PoH,tick_latency_ns,14274.0000000000
13133,20441510623021,PoH,sequence,4372000.0000000000
13134,20441510623128,PoH,total_ticks,4372000.0000000000
13135,20441512406112,PoH,tick_latency_ns,5453.0000000000
13136,20441512406999,PoH,sequence,4373000.0000000000
13137,20441512407141,PoH,total_ticks,4373000.0000000000
13138,20441514407342,PoH,tick_latency_ns,4784.0000000000
13139,20441514407952,PoH,sequence,4374000.0000000000
13140,20441514408174,PoH,total_ticks,4374000.0000000000
13141,20441516292600,PoH,tick_latency_ns,5156.0000000000
13142,20441516293925,PoH,sequence,4375000.0000000000
13143,20441516294067,PoH,total_ticks,4375000.0000000000
13144,20441518156972,PoH,tick_latency_ns,5666.0000000000
13145,20441518157842,PoH,sequence,4376000.0000000000
13146,20441518158069,PoH,total_ticks,4376000.0000000000
13147,20441520102478,PoH,tick_latency_ns,4414.0000000000
13148,20441520102939,PoH,sequence,4377000.0000000000
13149,20441520103120,PoH,total_ticks,4377000.0000000000
13150,20441521941126,PoH,tick_latency_ns,5168.0000000000
13151,20441521942033,PoH,sequence,4378000.0000000000
13152,20441521942294,PoH,total_ticks,4378000.0000000000
13153,20441523877656,PoH,tick_latency_ns,5641.0000000000
13154,20441523878216,PoH,sequence,4379000.0000000000
13155,20441523878543,PoH,total_ticks,4379000.0000000000
13156,20441525743330,PoH,tick_latency_ns,5316.0000000000
13157,20441525743793,PoH,sequence,4380000.0000000000
13158,20441525744030,PoH,total_ticks,4380000.0000000000
13159,20441527637708,PoH,tick_latency_ns,5768.0000000000
13160,20441527638268,PoH,sequence,4381000.0000000000
13161,20441527638457,PoH,total_ticks,4381000.0000000000
13162,20441529611680,PoH,tick_latency_ns,9577.0000000000
13163,20441529612727,PoH,sequence,4382000.0000000000
13164,20441529613180,PoH,total_ticks,4382000.0000000000
13165,20441531598831,PoH,tick_latency_ns,5585.0000000000
13166,20441531599303,PoH,sequence,4383000.0000000000
13167,20441531599542,PoH,total_ticks,4383000.0000000000
13168,20441533643225,PoH,tick_latency_ns,4448.0000000000
13169,20441533644101,PoH,sequence,4384000.0000000000
13170,20441533644293,PoH,total_ticks,4384000.0000000000
13171,20441535602460,PoH,tick_latency_ns,6980.0000000000
13172,20441535603539,PoH,sequence,4385000.0000000000
13173,20441535603654,PoH,total_ticks,4385000.0000000000
13174,20441537568014,PoH,tick_latency_ns,6375.0000000000
13175,20441537568857,PoH,sequence,4386000.0000000000
13176,20441537569102,PoH,total_ticks,4386000.0000000000
13177,20441539647903,PoH,tick_latency_ns,5743.0000000000
13178,20441539648561,PoH,sequence,4387000.0000000000
13179,20441539648757,PoH,total_ticks,4387000.0000000000
13180,20441541632833,PoH,tick_latency_ns,4831.0000000000
13181,20441541633862,PoH,sequence,4388000.0000000000
13182,20441541634064,PoH,total_ticks,4388000.0000000000
13183,20441543658755,PoH,tick_latency_ns,5333.0000000000
13184,20441543659885,PoH,sequence,4389000.0000000000
13185,20441543660077,PoH,total_ticks,4389000.0000000000
13186,20441545599758,PoH,tick_latency_ns,4343.0000000000
13187,20441545600590,PoH,sequence,4390000.0000000000
13188,20441545600697,PoH,total_ticks,4390000.0000000000
13189,20441547586077,PoH,tick_latency_ns,13491.0000000000
13190,20441547587317,PoH,sequence,4391000.0000000000
13191,20441547587729,PoH,total_ticks,4391000.0000000000
13192,20441550117017,PoH,tick_latency_ns,4710.0000000000
13193,20441550117689,PoH,sequence,4392000.0000000000
13194,20441550117835,PoH,total_ticks,4392000.0000000000
13195,20441552089739,PoH,tick_latency_ns,5452.0000000000
13196,20441552090263,PoH,sequence,4393000.0000000000
13197,20441552090406,PoH,total_ticks,4393000.0000000000
13198,20441554206037,PoH,tick_latency_ns,5488.0000000000
13199,20441554207258,PoH,sequence,4394000.0000000000
13200,20441554207563,PoH,total_ticks,4394000.0000000000
13201,20441556131788,PoH,tick_latency_ns,4113.0000000000
13202,20441556132524,PoH,sequence,4395000.0000000000
13203,20441556132672,PoH,total_ticks,4395000.0000000000
13204,20441558795065,PoH,tick_latency_ns,4200.0000000000
13205,20441558795598,PoH,sequence,4396000.0000000000
13206,20441558795764,PoH,total_ticks,4396000.0000000000
13207,20441560744634,PoH,tick_latency_ns,5653.0000000000
13208,20441560745638,PoH,sequence,4397000.0000000000
13209,20441560745789,PoH,total_ticks,4397000.0000000000
13210,20441562672033,PoH,tick_latency_ns,5129.0000000000
13211,20441562672577,PoH,sequence,4398000.0000000000
13212,20441562672770,PoH,total_ticks,4398000.0000000000
13213,20441564707739,PoH,tick_latency_ns,4066.0000000000
13214,20441564708255,PoH,sequence,4399000.0000000000
13215,20441564708453,PoH,total_ticks,4399000.0000000000
13216,20441566657676,PoH,tick_latency_ns,4461.0000000000
13217,20441566658205,PoH,sequence,4400000.0000000000
13218,20441566658419,PoH,total_ticks,4400000.0000000000
13219,20441568688985,PoH,tick_latency_ns,5590.0000000000
13220,20441568689331,PoH,sequence,4401000.0000000000
13221,20441568689620,PoH,total_ticks,4401000.0000000000
13222,20441570644876,PoH,tick_latency_ns,6413.0000000000
13223,20441570645797,PoH,sequence,4402000.0000000000
13224,20441570645947,PoH,total_ticks,4402000.0000000000
13225,20441572712697,PoH,tick_latency_ns,9410.0000000000
13226,20441572713988,PoH,sequence,4403000.0000000000
13227,20441572714165,PoH,total_ticks,4403000.0000000000
13228,20441574850298,PoH,tick_latency_ns,5044.0000000000
13229,20441574850870,PoH,sequence,4404000.0000000000
13230,20441574851032,PoH,total_ticks,4404000.0000000000
13231,20441576851455,PoH,tick_latency_ns,4204.0000000000
13232,20441576852014,PoH,sequence,4405000.0000000000
13233,20441576852240,PoH,total_ticks,4405000.0000000000
13234,20441578845642,PoH,tick_latency_ns,6819.0000000000
13235,20441578846423,PoH,sequence,4406000.0000000000
13236,20441578846705,PoH,total_ticks,4406000.0000000000
13237,20441580781214,PoH,tick_latency_ns,6291.0000000000
13238,20441580781839,PoH,sequence,4407000.0000000000
13239,20441580782312,PoH,total_ticks,4407000.0000000000
13240,20441582789166,PoH,tick_latency_ns,5036.0000000000
13241,20441582790088,PoH,sequence,4408000.0000000000
13242,20441582790739,PoH,total_ticks,4408000.0000000000
13243,20441585042917,PoH,tick_latency_ns,8051.0000000000
13244,20441585043964,PoH,sequence,4409000.0000000000
13245,20441585044081,PoH,total_ticks,4409000.0000000000
13246,20441586961168,PoH,tick_latency_ns,4610.0000000000
13247,20441586961718,PoH,sequence,4410000.0000000000
13248,20441586961853,PoH,total_ticks,4410000.0000000000
13249,20441588938963,PoH,tick_latency_ns,4230.0000000000
13250,20441588940200,PoH,sequence,4411000.0000000000
13251,20441588940432,PoH,total_ticks,4411000.0000000000
13252,20441590896766,PoH,tick_latency_ns,5732.0000000000
13253,20441590897536,PoH,sequence,4412000.0000000000
13254,20441590897681,PoH,total_ticks,4412000.0000000000
13255,20441592854640,PoH,tick_latency_ns,5070.0000000000
13256,20441592855339,PoH,sequence,4413000.0000000000
13257,20441592855537,PoH,total_ticks,4413000.0000000000
13258,20441594912813,PoH,tick_latency_ns,5695.0000000000
13259,20441594913570,PoH,sequence,4414000.0000000000
13260,20441594913773,PoH,total_ticks,4414000.0000000000
13261,20441596913826,PoH,tick_latency_ns,5825.0000000000
13262,20441596914398,PoH,sequence,4415000.0000000000
13263,20441596914545,PoH,total_ticks,4415000.0000000000
13264,20441598931449,PoH,tick_latency_ns,5780.0000000000
13265,20441598932069,PoH,sequence,4416000.0000000000
13266,20441598932288,PoH,total_ticks,4416000.0000000000
13267,20441600934124,PoH,tick_latency_ns,4540.0000000000
13268,20441600934934,PoH,sequence,4417000.0000000000
13269,20441600935139,PoH,total_ticks,4417000.0000000000
13270,20441602880665,PoH,tick_latency_ns,5424.0000000000
13271,20441602881348,PoH,sequence,4418000.0000000000
13272,20441602881556,PoH,total_ticks,4418000.0000000000
13273,20441604872188,PoH,tick_latency_ns,5186.0000000000
13274,20441604872823,PoH,sequence,4419000.0000000000
13275,20441604873045,PoH,total_ticks,4419000.0000000000
13276,20441606812056,PoH,tick_latency_ns,7323.0000000000
13277,20441606812686,PoH,sequence,4420000.0000000000
13278,20441606813054,PoH,total_ticks,4420000.0000000000
13279,20441608889493,PoH,tick_latency_ns,6687.0000000000
13280,20441608889958,PoH,sequence,4421000.0000000000
13281,20441608890238,PoH,total_ticks,4421000.0000000000
13282,20441610930944,PoH,tick_latency_ns,4061.0000000000
13283,20441610931744,PoH,sequence,4422000.0000000000
13284,20441610931940,PoH,total_ticks,4422000.0000000000
13285,20441612906158,PoH,tick_latency_ns,4869.0000000000
13286,20441612906742,PoH,sequence,4423000.0000000000
13287,20441612906919,PoH,total_ticks,4423000.0000000000
13288,20441614946781,PoH,tick_latency_ns,5636.0000000000
13289,20441614947081,PoH,sequence,4424000.0000000000
13290,20441614947306,PoH,total_ticks,4424000.0000000000
13291,20441616870559,PoH,tick_latency_ns,5217.0000000000
13292,20441616871650,PoH,sequence,4425000.0000000000
13293,20441616871887,PoH,total_ticks,4425000.0000000000
13294,20441618906451,PoH,tick_latency_ns,6544.0000000000
13295,20441618906997,PoH,sequence,4426000.0000000000
13296,20441618907213,PoH,total_ticks,4426000.0000000000
13297,20441620848653,PoH,tick_latency_ns,4857.0000000000
13298,20441620849051,PoH,sequence,4427000.0000000000
13299,20441620849159,PoH,total_ticks,4427000.0000000000
13300,20441622849737,PoH,tick_latency_ns,11990.0000000000
13301,20441622850368,PoH,sequence,4428000.0000000000
13302,20441622850540,PoH,total_ticks,4428000.0000000000
13303,20441624794302,PoH,tick_latency_ns,4873.0000000000
13304,20441624795062,PoH,sequence,4429000.0000000000
13305,20441624795845,PoH,total_ticks,4429000.0000000000
13306,20441626718168,PoH,tick_latency_ns,4850.0000000000
13307,20441626719218,PoH,sequence,4430000.0000000000
13308,20441626719349,PoH,total_ticks,4430000.0000000000
13309,20441628751146,PoH,tick_latency_ns,4234.0000000000
13310,20441628751765,PoH,sequence,4431000.0000000000
13311,20441628751994,PoH,total_ticks,4431000.0000000000
13312,20441630739518,PoH,tick_latency_ns,7898.0000000000
13313,20441630740570,PoH,sequence,4432000.0000000000
13314,20441630740707,PoH,total_ticks,4432000.0000000000
13315,20441632778663,PoH,tick_latency_ns,6326.0000000000
13316,20441632779439,PoH,sequence,4433000.0000000000
13317,20441632779735,PoH,total_ticks,4433000.0000000000
13318,20441634774163,PoH,tick_latency_ns,5058.0000000000
13319,20441634775128,PoH,sequence,4434000.0000000000
13320,20441634775271,PoH,total_ticks,4434000.0000000000
13321,20441636765504,PoH,tick_latency_ns,8946.0000000000
13322,20441636766980,PoH,sequence,4435000.0000000000
13323,20441636767391,PoH,total_ticks,4435000.0000000000
13324,20441638816611,PoH,tick_latency_ns,4716.0000000000
13325,20441638817216,PoH,sequence,4436000.0000000000
13326,20441638817403,PoH,total_ticks,4436000.0000000000
13327,20441640801420,PoH,tick_latency_ns,3943.0000000000
13328,20441640801865,PoH,sequence,4437000.0000000000
13329,20441640802075,PoH,total_ticks,4437000.0000000000
13330,20441642839234,PoH,tick_latency_ns,13805.0000000000
13331,20441642840331,PoH,sequence,4438000.0000000000
13332,20441642840661,PoH,total_ticks,4438000.0000000000
13333,20441644839014,PoH,tick_latency_ns,5570.0000000000
13334,20441644839512,PoH,sequence,4439000.0000000000
13335,20441644839762,PoH,total_ticks,4439000.0000000000
13336,20441646721364,PoH,ticks_per_second,492731.0704453397
13337,20441646722508,PoH,uptime_seconds,9.0110006580
13338,20441646825738,PoH,tick_latency_ns,6876.0000000000
13339,20441646825989,PoH,sequence,4440000.0000000000
13340,20441646826118,PoH,total_ticks,4440000.0000000000
13341,20441648849684,PoH,tick_latency_ns,5587.0000000000
13342,20441648850889,PoH,sequence,4441000.0000000000
13343,20441648851159,PoH,total_ticks,4441000.0000000000
13344,20441650805393,PoH,tick_latency_ns,3728.0000000000
13345,20441650805994,PoH,sequence,4442000.0000000000
13346,20441650806223,PoH,total_ticks,4442000.0000000000
13347,20441652805075,PoH,tick_latency_ns,10898.0000000000
13348,20441652806705,PoH,sequence,4443000.0000000000
13349,20441652807091,PoH,total_ticks,4443000.0000000000
13350,20441654781922,PoH,tick_latency_ns,5747.0000000000
13351,20441654782761,PoH,sequence,4444000.0000000000
13352,20441654782967,PoH,total_ticks,4444000.0000000000
13353,20441656738158,PoH,tick_latency_ns,4147.0000000000
13354,20441656738518,PoH,sequence,4445000.0000000000
13355,20441656738851,PoH,total_ticks,4445000.0000000000
13356,20441659160235,PoH,tick_latency_ns,4211.0000000000
13357,20441659161640,PoH,sequence,4446000.0000000000
13358,20441659161808,PoH,total_ticks,4446000.0000000000
13359,20441661821297,PoH,tick_latency_ns,6083.0000000000
13360,20441661822216,PoH,sequence,4447000.0000000000
13361,20441661822362,PoH,total_ticks,4447000.0000000000
13362,20441663791624,PoH,tick_latency_ns,6372.0000000000
13363,20441663792369,PoH,sequence,4448000.0000000000
13364,20441663792486,PoH,total_ticks,4448000.0000000000
13365,20441665648190,PoH,tick_latency_ns,9278.0000000000
13366,20441665649008,PoH,sequence,4449000.0000000000
13367,20441665649130,PoH,total_ticks,4449000.0000000000
13368,20441667552105,PoH,tick_latency_ns,5174.0000000000
13369,20441667552848,PoH,sequence,4450000.0000000000
13370,20441667552941,PoH,total_ticks,4450000.0000000000
13371,20441669539664,PoH,tick_latency_ns,12261.0000000000
13372,20441669540267,PoH,sequence,4451000.0000000000
13373,20441669540387,PoH,total_ticks,4451000.0000000000
13374,20441671406555,PoH,tick_latency_ns,5053.0000000000
13375,20441671407084,PoH,sequence,4452000.0000000000
13376,20441671407216,PoH,total_ticks,4452000.0000000000
13377,20441673393256,PoH,tick_latency_ns,4359.0000000000
13378,20441673394241,PoH,sequence,4453000.0000000000
13379,20441673394429,PoH,total_ticks,4453000.0000000000
13380,20441675332354,PoH,tick_latency_ns,5176.0000000000
13381,20441675332698,PoH,sequence,4454000.0000000000
13382,20441675332806,PoH,total_ticks,4454000.0000000000
13383,20441677376382,PoH,tick_latency_ns,5178.0000000000
13384,20441677376921,PoH,sequence,4455000.0000000000
13385,20441677377117,PoH,total_ticks,4455000.0000000000
13386,20441679353850,PoH,tick_latency_ns,5989.0000000000
13387,20441679355158,PoH,sequence,4456000.0000000000
13388,20441679355379,PoH,total_ticks,4456000.0000000000
13389,20441681409348,PoH,tick_latency_ns,5665.0000000000
13390,20441681410050,PoH,sequence,4457000.0000000000
13391,20441681410245,PoH,total_ticks,4457000.0000000000
13392,20441683366318,PoH,tick_latency_ns,4996.0000000000
13393,20441683366732,PoH,sequence,4458000.0000000000
13394,20441683367318,PoH,total_ticks,4458000.0000000000
13395,20441685350857,PoH,tick_latency_ns,5998.0000000000
13396,20441685352224,PoH,sequence,4459000.0000000000
13397,20441685352533,PoH,total_ticks,4459000.0000000000
13398,20441687343754,PoH,tick_latency_ns,5857.0000000000
13399,20441687344296,PoH,sequence,4460000.0000000000
13400,20441687344424,PoH,total_ticks,4460000.0000000000
13401,20441689264081,PoH,tick_latency_ns,4395.0000000000
13402,20441689264600,PoH,sequence,4461000.0000000000
13403,20441689264802,PoH,total_ticks,4461000.0000000000
13404,20441691326085,PoH,tick_latency_ns,11924.0000000000
13405,20441691328639,PoH,sequence,4462000.0000000000
13406,20441691329114,PoH,total_ticks,4462000.0000000000
13407,20441693270176,PoH,tick_latency_ns,3863.0000000000
13408,20441693270574,PoH,sequence,4463000.0000000000
13409,20441693270676,PoH,total_ticks,4463000.0000000000
13410,20441697602688,PoH,tick_latency_ns,27773.0000000000
13411,20441697603607,PoH,sequence,4464000.0000000000
13412,20441697603761,PoH,total_ticks,4464000.0000000000
13413,20441699582524,PoH,tick_latency_ns,7008.0000000000
13414,20441699583259,PoH,sequence,4465000.0000000000
13415,20441699583419,PoH,total_ticks,4465000.0000000000
13416,20441701516345,PoH,tick_latency_ns,5158.0000000000
13417,20441701516923,PoH,sequence,4466000.0000000000
13418,20441701517093,PoH,total_ticks,4466000.0000000000
13419,20441703538640,PoH,tick_latency_ns,4888.0000000000
13420,20441703539264,PoH,sequence,4467000.0000000000
13421,20441703539597,PoH,total_ticks,4467000.0000000000
13422,20441705509017,PoH,tick_latency_ns,5313.0000000000
13423,20441705509790,PoH,sequence,4468000.0000000000
13424,20441705509929,PoH,total_ticks,4468000.0000000000
13425,20441707493489,PoH,tick_latency_ns,5043.0000000000
13426,20441707493925,PoH,sequence,4469000.0000000000
13427,20441707494252,PoH,total_ticks,4469000.0000000000
13428,20441709478600,PoH,tick_latency_ns,6517.0000000000
13429,20441709479361,PoH,sequence,4470000.0000000000
13430,20441709479713,PoH,total_ticks,4470000.0000000000
13431,20441711461712,PoH,tick_latency_ns,5152.0000000000
13432,20441711462235,PoH,sequence,4471000.0000000000
13433,20441711462498,PoH,total_ticks,4471000.0000000000
13434,20441713490690,PoH,tick_latency_ns,3915.0000000000
13435,20441713491517,PoH,sequence,4472000.0000000000
13436,20441713491725,PoH,total_ticks,4472000.0000000000
13437,20441715445017,PoH,tick_latency_ns,4677.0000000000
13438,20441715445716,PoH,sequence,4473000.0000000000
13439,20441715445903,PoH,total_ticks,4473000.0000000000
13440,20441717403952,PoH,tick_latency_ns,5643.0000000000
13441,20441717405432,PoH,sequence,4474000.0000000000
13442,20441717405969,PoH,total_ticks,4474000.0000000000
13443,20441719354226,PoH,tick_latency_ns,5363.0000000000
13444,20441719354806,PoH,sequence,4475000.0000000000
13445,20441719354938,PoH,total_ticks,4475000.0000000000
13446,20441721326740,PoH,tick_latency_ns,5542.0000000000
13447,20441721328480,PoH,sequence,4476000.0000000000
13448,20441721329032,PoH,total_ticks,4476000.0000000000
13449,20441723374161,PoH,tick_latency_ns,5716.0000000000
13450,20441723374941,PoH,sequence,4477000.0000000000
13451,20441723375090,PoH,total_ticks,4477000.0000000000
13452,20441728320305,PoH,tick_latency_ns,5935.0000000000
13453,20441728321360,PoH,sequence,4478000.0000000000
13454,20441728321500,PoH,total_ticks,4478000.0000000000
13455,20441731158782,PoH,tick_latency_ns,13866.0000000000
13456,20441731159410,PoH,sequence,4479000.0000000000
13457,20441731159613,PoH,total_ticks,4479000.0000000000
13458,20441733191574,PoH,tick_latency_ns,4987.0000000000
13459,20441733192149,PoH,sequence,4480000.0000000000
13460,20441733192334,PoH,total_ticks,4480000.0000000000
13461,20441735034720,PoH,tick_latency_ns,3921.0000000000
13462,20441735035730,PoH,sequence,4481000.0000000000
13463,20441735035876,PoH,total_ticks,4481000.0000000000
13464,20441736996683,PoH,tick_latency_ns,4869.0000000000
13465,20441736997236,PoH,sequence,4482000.0000000000
13466,20441736997465,PoH,total_ticks,4482000.0000000000
13467,20441738846301,PoH,tick_latency_ns,6254.0000000000
13468,20441738847567,PoH,sequence,4483000.0000000000
13469,20441738847778,PoH,total_ticks,4483000.0000000000
13470,20441740751715,PoH,tick_latency_ns,5095.0000000000
13471,20441740752750,PoH,sequence,4484000.0000000000
13472,20441740752966,PoH,total_ticks,4484000.0000000000
13473,20441742699508,PoH,tick_latency_ns,3701.0000000000
13474,20441742699954,PoH,sequence,4485000.0000000000
13475,20441742700266,PoH,total_ticks,4485000.0000000000
13476,20441744571424,PoH,tick_latency_ns,5425.0000000000
13477,20441744572056,PoH,sequence,4486000.0000000000
13478,20441744572250,PoH,total_ticks,4486000.0000000000
13479,20441746465822,PoH,tick_latency_ns,8665.0000000000
13480,20441746467491,PoH,sequence,4487000.0000000000
13481,20441746467742,PoH,total_ticks,4487000.0000000000
13482,20441748349190,PoH,tick_latency_ns,5173.0000000000
13483,20441748349572,PoH,sequence,4488000.0000000000
13484,20441748349778,PoH,total_ticks,4488000.0000000000
13485,20441750204195,PoH,tick_latency_ns,5251.0000000000
13486,20441750205035,PoH,sequence,4489000.0000000000
13487,20441750205259,PoH,total_ticks,4489000.0000000000
13488,20441752144034,PoH,tick_latency_ns,4896.0000000000
13489,20441752144425,PoH,sequence,4490000.0000000000
13490,20441752144560,PoH,total_ticks,4490000.0000000000
13491,20441754030531,PoH,tick_latency_ns,7485.0000000000
13492,20441754031314,PoH,sequence,4491000.0000000000
13493,20441754031614,PoH,total_ticks,4491000.0000000000
13494,20441755867947,PoH,tick_latency_ns,5805.0000000000
13495,20441755868590,PoH,sequence,4492000.0000000000
13496,20441755868699,PoH,total_ticks,4492000.0000000000
13497,20441757804245,PoH,tick_latency_ns,7630.0000000000
13498,20441757805516,PoH,sequence,4493000.0000000000
13499,20441757805641,PoH,total_ticks,4493000.0000000000
13500,20441759886561,PoH,tick_latency_ns,10298.0000000000
13501,20441759887392,PoH,sequence,4494000.0000000000
13502,20441759887512,PoH,total_ticks,4494000.0000000000
13503,20441761893367,PoH,tick_latency_ns,5727.0000000000
13504,20441761893912,PoH,sequence,4495000.0000000000
13505,20441761894073,PoH,total_ticks,4495000.0000000000
13506,20441763756419,PoH,tick_latency_ns,5587.0000000000
13507,20441763757304,PoH,sequence,4496000.0000000000
13508,20441763757572,PoH,total_ticks,4496000.0000000000
13509,20441765663153,PoH,tick_latency_ns,7824.0000000000
13510,20441765664043,PoH,sequence,4497000.0000000000
13511,20441765664221,PoH,total_ticks,4497000.0000000000
13512,20441767544822,PoH,tick_latency_ns,5009.0000000000
13513,20441767545423,PoH,sequence,4498000.0000000000
13514,20441767545652,PoH,total_ticks,4498000.0000000000
13515,20441769418390,PoH,tick_latency_ns,6032.0000000000
13516,20441769419321,PoH,sequence,4499000.0000000000
13517,20441769419720,PoH,total_ticks,4499000.0000000000
13518,20441771386630,PoH,tick_latency_ns,5838.0000000000
13519,20441771387293,PoH,sequence,4500000.0000000000
13520,20441771387525,PoH,total_ticks,4500000.0000000000
13521,20441773290735,PoH,tick_latency_ns,4893.0000000000
13522,20441773291540,PoH,sequence,4501000.0000000000
13523,20441773292237,PoH,total_ticks,4501000.0000000000
13524,20441775278716,PoH,tick_latency_ns,5192.0000000000
13525,20441775280136,PoH,sequence,4502000.0000000000
13526,20441775280536,PoH,total_ticks,4502000.0000000000
13527,20441777175113,PoH,tick_latency_ns,5574.0000000000
13528,20441777176152,PoH,sequence,4503000.0000000000
13529,20441777176467,PoH,total_ticks,4503000.0000000000
13530,20441779028933,PoH,tick_latency_ns,6638.0000000000
13531,20441779029956,PoH,sequence,4504000.0000000000
13532,20441779030124,PoH,total_ticks,4504000.0000000000
13533,20441781027398,PoH,tick_latency_ns,5850.0000000000
13534,20441781028305,PoH,sequence,4505000.0000000000
13535,20441781028599,PoH,total_ticks,4505000.0000000000
13536,20441782922734,PoH,tick_latency_ns,6088.0000000000
13537,20441782923617,PoH,sequence,4506000.0000000000
13538,20441782923919,PoH,total_ticks,4506000.0000000000
13539,20441784835942,PoH,tick_latency_ns,9453.0000000000
13540,20441784836729,PoH,sequence,4507000.0000000000
13541,20441784836938,PoH,total_ticks,4507000.0000000000
13542,20441786716573,PoH,tick_latency_ns,5204.0000000000
13543,20441786717191,PoH,sequence,4508000.0000000000
13544,20441786717400,PoH,total_ticks,4508000.0000000000
13545,20441788633447,PoH,tick_latency_ns,6024.0000000000
13546,20441788634802,PoH,sequence,4509000.0000000000
13547,20441788635024,PoH,total_ticks,4509000.0000000000
13548,20441790653974,PoH,tick_latency_ns,4312.0000000000
13549,20441790654696,PoH,sequence,4510000.0000000000
13550,20441790654894,PoH,total_ticks,4510000.0000000000
13551,20441792553462,PoH,tick_latency_ns,5488.0000000000
13552,20441792554463,PoH,sequence,4511000.0000000000
13553,20441792554601,PoH,total_ticks,4511000.0000000000
13554,20441794528225,PoH,tick_latency_ns,4971.0000000000
13555,20441794528740,PoH,sequence,4512000.0000000000
13556,20441794528932,PoH,total_ticks,4512000.0000000000
13557,20441796400251,PoH,tick_latency_ns,6260.0000000000
13558,20441796401144,PoH,sequence,4513000.0000000000
13559,20441796401274,PoH,total_ticks,4513000.0000000000
13560,20441798217025,PoH,tick_latency_ns,5258.0000000000
13561,20441798217497,PoH,sequence,4514000.0000000000
13562,20441798217800,PoH,total_ticks,4514000.0000000000
13563,20441800697127,PoH,tick_latency_ns,13023.0000000000
13564,20441800698079,PoH,sequence,4515000.0000000000
13565,20441800698198,PoH,total_ticks,4515000.0000000000
13566,20441802599793,PoH,tick_latency_ns,7888.0000000000
13567,20441802601371,PoH,sequence,4516000.0000000000
13568,20441802601715,PoH,total_ticks,4516000.0000000000
13569,20441804513478,PoH,tick_latency_ns,8343.0000000000
13570,20441804514239,PoH,sequence,4517000.0000000000
13571,20441804514539,PoH,total_ticks,4517000.0000000000
13572,20441806441880,PoH,tick_latency_ns,5553.0000000000
13573,20441806443168,PoH,sequence,4518000.0000000000
13574,20441806443335,PoH,total_ticks,4518000.0000000000
13575,20441808325710,PoH,tick_latency_ns,4521.0000000000
13576,20441808326108,PoH,sequence,4519000.0000000000
13577,20441808326423,PoH,total_ticks,4519000.0000000000
13578,20441810318708,PoH,tick_latency_ns,5590.0000000000
13579,20441810319402,PoH,sequence,4520000.0000000000
13580,20441810319663,PoH,total_ticks,4520000.0000000000
13581,20441812182657,PoH,tick_latency_ns,5627.0000000000
13582,20441812183279,PoH,sequence,4521000.0000000000
13583,20441812183422,PoH,total_ticks,4521000.0000000000
13584,20441814030091,PoH,tick_latency_ns,6305.0000000000
13585,20441814030788,PoH,sequence,4522000.0000000000
13586,20441814031013,PoH,total_ticks,4522000.0000000000
13587,20441815972376,PoH,tick_latency_ns,4185.0000000000
13588,20441815972802,PoH,sequence,4523000.0000000000
13589,20441815973059,PoH,total_ticks,4523000.0000000000
13590,20441817862141,PoH,tick_latency_ns,5843.0000000000
13591,20441817862980,PoH,sequence,4524000.0000000000
13592,20441817863298,PoH,total_ticks,4524000.0000000000
13593,20441819966399,PoH,tick_latency_ns,5681.0000000000
13594,20441819967178,PoH,sequence,4525000.0000000000
13595,20441819967286,PoH,total_ticks,4525000.0000000000
13596,20441821862446,PoH,tick_latency_ns,5488.0000000000
13597,20441821862915,PoH,sequence,4526000.0000000000
13598,20441821863129,PoH,total_ticks,4526000.0000000000
13599,20441823765304,PoH,tick_latency_ns,6821.0000000000
13600,20441823766802,PoH,sequence,4527000.0000000000
13601,20441823767002,PoH,total_ticks,4527000.0000000000
13602,20441825655896,PoH,tick_latency_ns,5023.0000000000
13603,20441825656294,PoH,sequence,4528000.0000000000
13604,20441825656419,PoH,total_ticks,4528000.0000000000
13605,20441827536715,PoH,tick_latency_ns,4996.0000000000
13606,20441827537044,PoH,sequence,4529000.0000000000
13607,20441827537189,PoH,total_ticks,4529000.0000000000
13608,20441829551754,PoH,tick_latency_ns,4832.0000000000
13609,20441829552835,PoH,sequence,4530000.0000000000
13610,20441829553021,PoH,total_ticks,4530000.0000000000
13611,20441831415339,PoH,tick_latency_ns,4286.0000000000
13612,20441831415909,PoH,sequence,4531000.0000000000
13613,20441831416005,PoH,total_ticks,4531000.0000000000
13614,20441833342793,PoH,tick_latency_ns,9236.0000000000
13615,20441833343764,PoH,sequence,4532000.0000000000
13616,20441833344073,PoH,total_ticks,4532000.0000000000
13617,20441835274643,PoH,tick_latency_ns,7310.0000000000
13618,20441835279455,PoH,sequence,4533000.0000000000
13619,20441835281091,PoH,total_ticks,4533000.0000000000
13620,20441837192610,PoH,tick_latency_ns,4189.0000000000
13621,20441837193774,PoH,sequence,4534000.0000000000
13622,20441837193995,PoH,total_ticks,4534000.0000000000
13623,20441839132943,PoH,tick_latency_ns,3664.0000000000
13624,20441839133678,PoH,sequence,4535000.0000000000
13625,20441839133904,PoH,total_ticks,4535000.0000000000
13626,20441841034533,PoH,tick_latency_ns,12796.0000000000
13627,20441841035812,PoH,sequence,4536000.0000000000
13628,20441841036108,PoH,total_ticks,4536000.0000000000
13629,20441842919946,PoH,tick_latency_ns,7716.0000000000
13630,20441842921100,PoH,sequence,4537000.0000000000
13631,20441842921270,PoH,total_ticks,4537000.0000000000
13632,20441844789972,PoH,tick_latency_ns,5579.0000000000
13633,20441844790424,PoH,sequence,4538000.0000000000
13634,20441844790604,PoH,total_ticks,4538000.0000000000
13635,20441846682866,PoH,tick_latency_ns,6607.0000000000
13636,20441846683727,PoH,sequence,4539000.0000000000
13637,20441846683834,PoH,total_ticks,4539000.0000000000
13638,20441848626551,PoH,tick_latency_ns,4245.0000000000
13639,20441848627724,PoH,sequence,4540000.0000000000
13640,20441848627948,PoH,total_ticks,4540000.0000000000
13641,20441850454451,PoH,tick_latency_ns,4029.0000000000
13642,20441850455014,PoH,sequence,4541000.0000000000
13643,20441850455135,PoH,total_ticks,4541000.0000000000
13644,20441852325095,PoH,tick_latency_ns,4379.0000000000
13645,20441852325756,PoH,sequence,4542000.0000000000
13646,20441852325977,PoH,total_ticks,4542000.0000000000
13647,20441854252098,PoH,tick_latency_ns,5459.0000000000
13648,20441854252847,PoH,sequence,4543000.0000000000
13649,20441854253068,PoH,total_ticks,4543000.0000000000
13650,20441856115738,PoH,tick_latency_ns,4412.0000000000
13651,20441856116753,PoH,sequence,4544000.0000000000
13652,20441856116886,PoH,total_ticks,4544000.0000000000
13653,20441858030470,PoH,tick_latency_ns,6522.0000000000
13654,20441858031049,PoH,sequence,4545000.0000000000
13655,20441858031251,PoH,total_ticks,4545000.0000000000
13656,20441860224220,PoH,tick_latency_ns,15471.0000000000
13657,20441860225149,PoH,sequence,4546000.0000000000
13658,20441860225339,PoH,total_ticks,4546000.0000000000
13659,20441862101478,PoH,tick_latency_ns,5004.0000000000
13660,20441862102019,PoH,sequence,4547000.0000000000
13661,20441862102303,PoH,total_ticks,4547000.0000000000
13662,20441864015633,PoH,tick_latency_ns,2964.0000000000
13663,20441864015991,PoH,sequence,4548000.0000000000
13664,20441864016414,PoH,total_ticks,4548000.0000000000
13665,20441865883715,PoH,tick_latency_ns,5531.0000000000
13666,20441865884420,PoH,sequence,4549000.0000000000
13667,20441865884592,PoH,total_ticks,4549000.0000000000
13668,20441867860022,PoH,tick_latency_ns,11159.0000000000
13669,20441867860762,PoH,sequence,4550000.0000000000
13670,20441867860944,PoH,total_ticks,4550000.0000000000
13671,20441869768120,PoH,tick_latency_ns,6143.0000000000
13672,20441869768523,PoH,sequence,4551000.0000000000
13673,20441869768880,PoH,total_ticks,4551000.0000000000
13674,20441871649351,PoH,tick_latency_ns,8594.0000000000
13675,20441871650219,PoH,sequence,4552000.0000000000
13676,20441871650428,PoH,total_ticks,4552000.0000000000
13677,20441873511940,PoH,tick_latency_ns,4566.0000000000
13678,20441873512236,PoH,sequence,4553000.0000000000
13679,20441873512330,PoH,total_ticks,4553000.0000000000
13680,20441875379494,PoH,tick_latency_ns,4685.0000000000
13681,20441875379993,PoH,sequence,4554000.0000000000
13682,20441875380109,PoH,total_ticks,4554000.0000000000
13683,20441877328506,PoH,tick_latency_ns,10778.0000000000
13684,20441877330822,PoH,sequence,4555000.0000000000
13685,20441877331585,PoH,total_ticks,4555000.0000000000
13686,20441879194916,PoH,tick_latency_ns,4891.0000000000
13687,20441879195454,PoH,sequence,4556000.0000000000
13688,20441879195553,PoH,total_ticks,4556000.0000000000
13689,20441881081285,PoH,tick_latency_ns,4119.0000000000
13690,20441881082104,PoH,sequence,4557000.0000000000
13691,20441881082261,PoH,total_ticks,4557000.0000000000
13692,20441883030460,PoH,tick_latency_ns,5642.0000000000
13693,20441883030896,PoH,sequence,4558000.0000000000
13694,20441883031165,PoH,total_ticks,4558000.0000000000
13695,20441884894439,PoH,tick_latency_ns,4406.0000000000
13696,20441884895210,PoH,sequence,4559000.0000000000
13697,20441884895543,PoH,total_ticks,4559000.0000000000
13698,20441886788806,PoH,tick_latency_ns,10060.0000000000
13699,20441886789531,PoH,sequence,4560000.0000000000
13700,20441886789725,PoH,total_ticks,4560000.0000000000
13701,20441888718639,PoH,tick_latency_ns,4170.0000000000
13702,20441888719472,PoH,sequence,4561000.0000000000
13703,20441888719584,PoH,total_ticks,4561000.0000000000
13704,20441890594732,PoH,tick_latency_ns,4456.0000000000
13705,20441890595234,PoH,sequence,4562000.0000000000
13706,20441890595362,PoH,total_ticks,4562000.0000000000
13707,20441892571867,PoH,tick_latency_ns,5291.0000000000
13708,20441892572700,PoH,sequence,4563000.0000000000
13709,20441892572908,PoH,total_ticks,4563000.0000000000
13710,20441894422133,PoH,tick_latency_ns,5261.0000000000
13711,20441894422862,PoH,sequence,4564000.0000000000
13712,20441894423053,PoH,total_ticks,4564000.0000000000
13713,20441896345041,PoH,tick_latency_ns,4979.0000000000
13714,20441896345798,PoH,sequence,4565000.0000000000
13715,20441896345906,PoH,total_ticks,4565000.0000000000
13716,20441898288862,PoH,tick_latency_ns,3662.0000000000
13717,20441898289332,PoH,sequence,4566000.0000000000
13718,20441898289481,PoH,total_ticks,4566000.0000000000
13719,20441900188106,PoH,tick_latency_ns,4222.0000000000
13720,20441900188690,PoH,sequence,4567000.0000000000
13721,20441900189355,PoH,total_ticks,4567000.0000000000
13722,20441902096958,PoH,tick_latency_ns,4167.0000000000
13723,20441902098179,PoH,sequence,4568000.0000000000
13724,20441902098452,PoH,total_ticks,4568000.0000000000
13725,20441903960511,PoH,tick_latency_ns,5147.0000000000
13726,20441903961115,PoH,sequence,4569000.0000000000
13727,20441903961335,PoH,total_ticks,4569000.0000000000
13728,20441905862078,PoH,tick_latency_ns,12435.0000000000
13729,20441905863420,PoH,sequence,4570000.0000000000
13730,20441905863729,PoH,total_ticks,4570000.0000000000
13731,20441907736664,PoH,tick_latency_ns,8582.0000000000
13732,20441907738289,PoH,sequence,4571000.0000000000
13733,20441907738809,PoH,total_ticks,4571000.0000000000
13734,20441909616643,PoH,tick_latency_ns,4669.0000000000
13735,20441909617090,PoH,sequence,4572000.0000000000
13736,20441909617217,PoH,total_ticks,4572000.0000000000
13737,20441911577138,PoH,tick_latency_ns,4494.0000000000
13738,20441911578221,PoH,sequence,4573000.0000000000
13739,20441911578395,PoH,total_ticks,4573000.0000000000
13740,20441913464371,PoH,tick_latency_ns,4553.0000000000
13741,20441913465029,PoH,sequence,4574000.0000000000
13742,20441913465169,PoH,total_ticks,4574000.0000000000
13743,20441915336119,PoH,tick_latency_ns,3893.0000000000
13744,20441915336908,PoH,sequence,4575000.0000000000
13745,20441915337090,PoH,total_ticks,4575000.0000000000
13746,20441917311862,PoH,tick_latency_ns,4944.0000000000
13747,20441917312249,PoH,sequence,4576000.0000000000
13748,20441917312477,PoH,total_ticks,4576000.0000000000
13749,20441919188675,PoH,tick_latency_ns,4529.0000000000
13750,20441919189222,PoH,sequence,4577000.0000000000
13751,20441919189425,PoH,total_ticks,4577000.0000000000
13752,20441921036983,PoH,tick_latency_ns,4508.0000000000
13753,20441921037602,PoH,sequence,4578000.0000000000
13754,20441921037799,PoH,total_ticks,4578000.0000000000
13755,20441922907481,PoH,tick_latency_ns,5799.0000000000
13756,20441922908014,PoH,sequence,4579000.0000000000
13757,20441922908120,PoH,total_ticks,4579000.0000000000
13758,20441924770363,PoH,tick_latency_ns,5862.0000000000
13759,20441924771026,PoH,sequence,4580000.0000000000
13760,20441924771204,PoH,total_ticks,4580000.0000000000
13761,20441926749663,PoH,tick_latency_ns,6026.0000000000
13762,20441926750287,PoH,sequence,4581000.0000000000
13763,20441926750678,PoH,total_ticks,4581000.0000000000
13764,20441928621130,PoH,tick_latency_ns,6178.0000000000
13765,20441928621457,PoH,sequence,4582000.0000000000
13766,20441928621853,PoH,total_ticks,4582000.0000000000
13767,20441930580467,PoH,tick_latency_ns,13827.0000000000
13768,20441930581795,PoH,sequence,4583000.0000000000
13769,20441930582520,PoH,total_ticks,4583000.0000000000
13770,20441932434662,PoH,tick_latency_ns,6741.0000000000
13771,20441932435396,PoH,sequence,4584000.0000000000
13772,20441932435625,PoH,total_ticks,4584000.0000000000
13773,20441934305497,PoH,tick_latency_ns,5544.0000000000
13774,20441934306160,PoH,sequence,4585000.0000000000
13775,20441934306383,PoH,total_ticks,4585000.0000000000
13776,20441936237075,PoH,tick_latency_ns,3663.0000000000
13777,20441936237612,PoH,sequence,4586000.0000000000
13778,20441936237741,PoH,total_ticks,4586000.0000000000
13779,20441938148826,PoH,tick_latency_ns,5540.0000000000
13780,20441938149646,PoH,sequence,4587000.0000000000
13781,20441938149956,PoH,total_ticks,4587000.0000000000
13782,20441940024671,PoH,tick_latency_ns,6002.0000000000
13783,20441940025689,PoH,sequence,4588000.0000000000
13784,20441940026150,PoH,total_ticks,4588000.0000000000
13785,20441942030426,PoH,tick_latency_ns,4861.0000000000
13786,20441942030957,PoH,sequence,4589000.0000000000
13787,20441942031183,PoH,total_ticks,4589000.0000000000
13788,20441943970007,PoH,tick_latency_ns,4669.0000000000
13789,20441943970459,PoH,sequence,4590000.0000000000
13790,20441943970686,PoH,total_ticks,4590000.0000000000
13791,20441945978265,PoH,tick_latency_ns,6505.0000000000
13792,20441945979165,PoH,sequence,4591000.0000000000
13793,20441945979445,PoH,total_ticks,4591000.0000000000
13794,20441947931388,PoH,tick_latency_ns,6836.0000000000
13795,20441947932422,PoH,sequence,4592000.0000000000
13796,20441947932521,PoH,total_ticks,4592000.0000000000
13797,20441949849481,PoH,tick_latency_ns,6091.0000000000
13798,20441949850314,PoH,sequence,4593000.0000000000
13799,20441949850411,PoH,total_ticks,4593000.0000000000
13800,20441951880590,PoH,tick_latency_ns,6081.0000000000
13801,20441951881367,PoH,sequence,4594000.0000000000
13802,20441951881823,PoH,total_ticks,4594000.0000000000
13803,20441953801864,PoH,tick_latency_ns,7014.0000000000
13804,20441953802557,PoH,sequence,4595000.0000000000
13805,20441953802950,PoH,total_ticks,4595000.0000000000
13806,20441955713051,PoH,tick_latency_ns,5854.0000000000
13807,20441955713683,PoH,sequence,4596000.0000000000
13808,20441955713857,PoH,total_ticks,4596000.0000000000
13809,20441957736322,PoH,tick_latency_ns,5486.0000000000
13810,20441957736907,PoH,sequence,4597000.0000000000
13811,20441957737284,PoH,total_ticks,4597000.0000000000
13812,20441959677613,PoH,tick_latency_ns,5471.0000000000
13813,20441959678385,PoH,sequence,4598000.0000000000
13814,20441959678586,PoH,total_ticks,4598000.0000000000
13815,20441962024278,PoH,tick_latency_ns,7139.0000000000
13816,20441962024992,PoH,sequence,4599000.0000000000
13817,20441962025109,PoH,total_ticks,4599000.0000000000
13818,20441963983029,PoH,tick_latency_ns,5213.0000000000
13819,20441963984338,PoH,sequence,4600000.0000000000
13820,20441963984448,PoH,total_ticks,4600000.0000000000
13821,20441965934361,PoH,tick_latency_ns,5522.0000000000
13822,20441965935311,PoH,sequence,4601000.0000000000
13823,20441965935444,PoH,total_ticks,4601000.0000000000
13824,20441967981859,PoH,tick_latency_ns,5513.0000000000
13825,20441967983192,PoH,sequence,4602000.0000000000
13826,20441967983380,PoH,total_ticks,4602000.0000000000
13827,20441969921870,PoH,tick_latency_ns,6268.0000000000
13828,20441969922868,PoH,sequence,4603000.0000000000
13829,20441969923229,PoH,total_ticks,4603000.0000000000
13830,20441971954984,PoH,tick_latency_ns,6410.0000000000
13831,20441971955603,PoH,sequence,4604000.0000000000
13832,20441971955844,PoH,total_ticks,4604000.0000000000
13833,20441973878475,PoH,tick_latency_ns,4860.0000000000
13834,20441973879090,PoH,sequence,4605000.0000000000
13835,20441973879272,PoH,total_ticks,4605000.0000000000
13836,20441975821614,PoH,tick_latency_ns,6197.0000000000
13837,20441975822311,PoH,sequence,4606000.0000000000
13838,20441975822600,PoH,total_ticks,4606000.0000000000
13839,20441977879181,PoH,tick_latency_ns,4176.0000000000
13840,20441977879725,PoH,sequence,4607000.0000000000
13841,20441977879946,PoH,total_ticks,4607000.0000000000
13842,20441979826358,PoH,tick_latency_ns,6344.0000000000
13843,20441979826916,PoH,sequence,4608000.0000000000
13844,20441979827132,PoH,total_ticks,4608000.0000000000
13845,20441981854691,PoH,tick_latency_ns,5765.0000000000
13846,20441981855286,PoH,sequence,4609000.0000000000
13847,20441981855634,PoH,total_ticks,4609000.0000000000
13848,20441983799454,PoH,tick_latency_ns,5122.0000000000
13849,20441983799889,PoH,sequence,4610000.0000000000
13850,20441983800040,PoH,total_ticks,4610000.0000000000
13851,20441985731685,PoH,tick_latency_ns,7559.0000000000
13852,20441985732357,PoH,sequence,4611000.0000000000
13853,20441985732525,PoH,total_ticks,4611000.0000000000
13854,20441987738048,PoH,tick_latency_ns,10810.0000000000
13855,20441987738764,PoH,sequence,4612000.0000000000
13856,20441987739155,PoH,total_ticks,4612000.0000000000
13857,20441989693404,PoH,tick_latency_ns,4937.0000000000
13858,20441989693768,PoH,sequence,4613000.0000000000
13859,20441989693939,PoH,total_ticks,4613000.0000000000
13860,20441991707885,PoH,tick_latency_ns,8630.0000000000
13861,20441991708385,PoH,sequence,4614000.0000000000
13862,20441991708684,PoH,total_ticks,4614000.0000000000
13863,20441993657560,PoH,tick_latency_ns,4678.0000000000
13864,20441993658132,PoH,sequence,4615000.0000000000
13865,20441993658363,PoH,total_ticks,4615000.0000000000
13866,20441995623041,PoH,tick_latency_ns,6857.0000000000
13867,20441995623770,PoH,sequence,4616000.0000000000
13868,20441995624076,PoH,total_ticks,4616000.0000000000
13869,20441997666909,PoH,tick_latency_ns,4404.0000000000
13870,20441997667458,PoH,sequence,4617000.0000000000
13871,20441997667663,PoH,total_ticks,4617000.0000000000
13872,20441999624441,PoH,tick_latency_ns,4706.0000000000
13873,20441999625466,PoH,sequence,4618000.0000000000
13874,20441999625708,PoH,total_ticks,4618000.0000000000
13875,20442001646800,PoH,tick_latency_ns,4661.0000000000
13876,20442001647920,PoH,sequence,4619000.0000000000
13877,20442001648095,PoH,total_ticks,4619000.0000000000
13878,20442003607759,PoH,tick_latency_ns,6287.0000000000
13879,20442003608577,PoH,sequence,4620000.0000000000
13880,20442003609167,PoH,total_ticks,4620000.0000000000
13881,20442005533137,PoH,tick_latency_ns,4620.0000000000
13882,20442005533565,PoH,sequence,4621000.0000000000
13883,20442005533688,PoH,total_ticks,4621000.0000000000
13884,20442007527367,PoH,tick_latency_ns,5594.0000000000
13885,20442007528213,PoH,sequence,4622000.0000000000
13886,20442007528617,PoH,total_ticks,4622000.0000000000
13887,20442009456012,PoH,tick_latency_ns,4384.0000000000
13888,20442009457103,PoH,sequence,4623000.0000000000
13889,20442009457227,PoH,total_ticks,4623000.0000000000
13890,20442011492664,PoH,tick_latency_ns,7507.0000000000
13891,20442011493856,PoH,sequence,4624000.0000000000
13892,20442011494149,PoH,total_ticks,4624000.0000000000
13893,20442013456202,PoH,tick_latency_ns,5032.0000000000
13894,20442013456994,PoH,sequence,4625000.0000000000
13895,20442013457145,PoH,total_ticks,4625000.0000000000
13896,20442015376399,PoH,tick_latency_ns,4828.0000000000
13897,20442015376749,PoH,sequence,4626000.0000000000
13898,20442015376891,PoH,total_ticks,4626000.0000000000
13899,20442017470906,PoH,tick_latency_ns,4378.0000000000
13900,20442017471840,PoH,sequence,4627000.0000000000
13901,20442017471965,PoH,total_ticks,4627000.0000000000
13902,20442019419871,PoH,tick_latency_ns,5630.0000000000
13903,20442019421018,PoH,sequence,4628000.0000000000
13904,20442019421275,PoH,total_ticks,4628000.0000000000
13905,20442021463046,PoH,tick_latency_ns,4343.0000000000
13906,20442021463568,PoH,sequence,4629000.0000000000
13907,20442021463748,PoH,total_ticks,4629000.0000000000
13908,20442023407320,PoH,tick_latency_ns,5994.0000000000
13909,20442023408226,PoH,sequence,4630000.0000000000
13910,20442023408681,PoH,total_ticks,4630000.0000000000
13911,20442025364851,PoH,tick_latency_ns,5846.0000000000
13912,20442025365731,PoH,sequence,4631000.0000000000
13913,20442025366021,PoH,total_ticks,4631000.0000000000
13914,20442027398759,PoH,tick_latency_ns,4821.0000000000
13915,20442027399110,PoH,sequence,4632000.0000000000
13916,20442027399335,PoH,total_ticks,4632000.0000000000
13917,20442029380283,PoH,tick_latency_ns,6764.0000000000
13918,20442029381035,PoH,sequence,4633000.0000000000
13919,20442029381479,PoH,total_ticks,4633000.0000000000
13920,20442031418449,PoH,tick_latency_ns,6150.0000000000
13921,20442031418894,PoH,sequence,4634000.0000000000
13922,20442031419089,PoH,total_ticks,4634000.0000000000
13923,20442033381603,PoH,tick_latency_ns,5292.0000000000
13924,20442033382140,PoH,sequence,4635000.0000000000
13925,20442033382375,PoH,total_ticks,4635000.0000000000
13926,20442035355028,PoH,tick_latency_ns,5866.0000000000
13927,20442035355687,PoH,sequence,4636000.0000000000
13928,20442035355835,PoH,total_ticks,4636000.0000000000
13929,20442037385452,PoH,tick_latency_ns,6636.0000000000
13930,20442037386364,PoH,sequence,4637000.0000000000
13931,20442037386688,PoH,total_ticks,4637000.0000000000
13932,20442039320213,PoH,tick_latency_ns,4606.0000000000
13933,20442039320991,PoH,sequence,4638000.0000000000
13934,20442039321254,PoH,total_ticks,4638000.0000000000
13935,20442041345549,PoH,tick_latency_ns,5090.0000000000
13936,20442041346078,PoH,sequence,4639000.0000000000
13937,20442041346269,PoH,total_ticks,4639000.0000000000
13938,20442043309690,PoH,tick_latency_ns,3033.0000000000
13939,20442043310690,PoH,sequence,4640000.0000000000
13940,20442043310912,PoH,total_ticks,4640000.0000000000
13941,20442045282275,PoH,tick_latency_ns,5273.0000000000
13942,20442045282734,PoH,sequence,4641000.0000000000
13943,20442045282987,PoH,total_ticks,4641000.0000000000
13944,20442054063219,PoH,tick_latency_ns,31357.0000000000
13945,20442054064032,PoH,sequence,4642000.0000000000
13946,20442054064208,PoH,total_ticks,4642000.0000000000
13947,20442064131818,PoH,tick_latency_ns,38318.0000000000
13948,20442064132884,PoH,sequence,4643000.0000000000
13949,20442064133112,PoH,total_ticks,4643000.0000000000
13950,20442070070351,PoH,tick_latency_ns,39693.0000000000
13951,20442070071543,PoH,sequence,4644000.0000000000
13952,20442070071710,PoH,total_ticks,4644000.0000000000
13953,20442074402732,PoH,tick_latency_ns,36289.0000000000
13954,20442074404137,PoH,sequence,4645000.0000000000
13955,20442074404462,PoH,total_ticks,4645000.0000000000
13956,20442077041830,PoH,tick_latency_ns,18000.0000000000
13957,20442077042819,PoH,sequence,4646000.0000000000
13958,20442077043061,PoH,total_ticks,4646000.0000000000
13959,20442086116142,PoH,tick_latency_ns,8415.0000000000
13960,20442086122266,PoH,sequence,4647000.0000000000
13961,20442086123785,PoH,total_ticks,4647000.0000000000
13962,20442091073447,PoH,tick_latency_ns,37543.0000000000
13963,20442091074370,PoH,sequence,4648000.0000000000
13964,20442091074620,PoH,total_ticks,4648000.0000000000
13965,20442096109405,PoH,tick_latency_ns,10552.0000000000
13966,20442096110298,PoH,sequence,4649000.0000000000
13967,20442096110433,PoH,total_ticks,4649000.0000000000
13968,20442097826282,PoH,tick_latency_ns,6167.0000000000
13969,20442097827503,PoH,sequence,4650000.0000000000
13970,20442097827621,PoH,total_ticks,4650000.0000000000
13971,20442103065065,PoH,tick_latency_ns,33173.0000000000
13972,20442103066021,PoH,sequence,4651000.0000000000
13973,20442103066128,PoH,total_ticks,4651000.0000000000
13974,20442104803813,PoH,tick_latency_ns,11017.0000000000
13975,20442104804349,PoH,sequence,4652000.0000000000
13976,20442104804623,PoH,total_ticks,4652000.0000000000
13977,20442110046022,PoH,tick_latency_ns,22120.0000000000
13978,20442110046882,PoH,sequence,4653000.0000000000
13979,20442110047003,PoH,total_ticks,4653000.0000000000
13980,20442111909968,PoH,tick_latency_ns,6276.0000000000
13981,20442111910582,PoH,sequence,4654000.0000000000
13982,20442111910746,PoH,total_ticks,4654000.0000000000
13983,20442117054361,PoH,tick_latency_ns,24966.0000000000
13984,20442117055092,PoH,sequence,4655000.0000000000
13985,20442117055228,PoH,total_ticks,4655000.0000000000
13986,20442118920154,PoH,tick_latency_ns,7432.0000000000
13987,20442118920676,PoH,sequence,4656000.0000000000
13988,20442118920826,PoH,total_ticks,4656000.0000000000
13989,20442123163529,PoH,tick_latency_ns,23675.0000000000
13990,20442123164322,PoH,sequence,4657000.0000000000
13991,20442123164450,PoH,total_ticks,4657000.0000000000
13992,20442125105116,PoH,tick_latency_ns,9049.0000000000
13993,20442125106491,PoH,sequence,4658000.0000000000
13994,20442125106621,PoH,total_ticks,4658000.0000000000
13995,20442129178240,PoH,tick_latency_ns,21270.0000000000
13996,20442129178923,PoH,sequence,4659000.0000000000
13997,20442129179058,PoH,total_ticks,4659000.0000000000
13998,20442136133497,PoH,tick_latency_ns,5600.0000000000
13999,20442136136733,PoH,sequence,4660000.0000000000
14000,20442136136891,PoH,total_ticks,4660000.0000000000
14001,20442140035667,PoH,tick_latency_ns,14423.0000000000
14002,20442140036315,PoH,sequence,4661000.0000000000
14003,20442140036447,PoH,total_ticks,4661000.0000000000
14004,20442145726315,PoH,tick_latency_ns,20273.0000000000
14005,20442145727753,PoH,sequence,4662000.0000000000
14006,20442145727893,PoH,total_ticks,4662000.0000000000
14007,20442152066004,PoH,tick_latency_ns,31816.0000000000
14008,20442152066943,PoH,sequence,4663000.0000000000
14009,20442152067708,PoH,total_ticks,4663000.0000000000
14010,20442158041959,PoH,tick_latency_ns,19106.0000000000
14011,20442158042658,PoH,sequence,4664000.0000000000
14012,20442158042786,PoH,total_ticks,4664000.0000000000
14013,20442162782401,PoH,tick_latency_ns,31045.0000000000
14014,20442162783419,PoH,sequence,4665000.0000000000
14015,20442162783540,PoH,total_ticks,4665000.0000000000
14016,20442168711912,PoH,tick_latency_ns,5211.0000000000
14017,20442168712544,PoH,sequence,4666000.0000000000
14018,20442168712777,PoH,total_ticks,4666000.0000000000
14019,20442174036689,PoH,tick_latency_ns,15204.0000000000
14020,20442174037787,PoH,sequence,4667000.0000000000
14021,20442174038078,PoH,total_ticks,4667000.0000000000
14022,20442182040441,PoH,tick_latency_ns,16733.0000000000
14023,20442182041226,PoH,sequence,4668000.0000000000
14024,20442182041357,PoH,total_ticks,4668000.0000000000
14025,20442189059574,PoH,tick_latency_ns,28404.0000000000
14026,20442189060520,PoH,sequence,4669000.0000000000
14027,20442189060664,PoH,total_ticks,4669000.0000000000
14028,20442195067374,PoH,tick_latency_ns,24045.0000000000
14029,20442195068048,PoH,sequence,4670000.0000000000
14030,20442195068464,PoH,total_ticks,4670000.0000000000
14031,20442199053437,PoH,tick_latency_ns,28928.0000000000
14032,20442199054558,PoH,sequence,4671000.0000000000
14033,20442199054671,PoH,total_ticks,4671000.0000000000
14034,20442206045896,PoH,tick_latency_ns,20630.0000000000
14035,20442206046575,PoH,sequence,4672000.0000000000
14036,20442206046688,PoH,total_ticks,4672000.0000000000
14037,20442209083381,PoH,tick_latency_ns,58449.0000000000
14038,20442209084410,PoH,sequence,4673000.0000000000
14039,20442209084560,PoH,total_ticks,4673000.0000000000
14040,20442217046730,PoH,tick_latency_ns,19178.0000000000
14041,20442217047585,PoH,sequence,4674000.0000000000
14042,20442217048187,PoH,total_ticks,4674000.0000000000
14043,20442221040136,PoH,tick_latency_ns,18303.0000000000
14044,20442221040701,PoH,sequence,4675000.0000000000
14045,20442221040937,PoH,total_ticks,4675000.0000000000
14046,20442225057386,PoH,tick_latency_ns,20820.0000000000
14047,20442225058188,PoH,sequence,4676000.0000000000
14048,20442225058447,PoH,total_ticks,4676000.0000000000
14049,20442227944980,PoH,tick_latency_ns,7150.0000000000
14050,20442227945671,PoH,sequence,4677000.0000000000
14051,20442227945953,PoH,total_ticks,4677000.0000000000
14052,20442231912627,PoH,tick_latency_ns,6827.0000000000
14053,20442231913265,PoH,sequence,4678000.0000000000
14054,20442231913415,PoH,total_ticks,4678000.0000000000
14055,20442236033237,PoH,tick_latency_ns,14371.0000000000
14056,20442236033929,PoH,sequence,4679000.0000000000
14057,20442236034065,PoH,total_ticks,4679000.0000000000
14058,20442238018792,PoH,tick_latency_ns,4921.0000000000
14059,20442238019372,PoH,sequence,4680000.0000000000
14060,20442238019546,PoH,total_ticks,4680000.0000000000
14061,20442243037534,PoH,tick_latency_ns,15061.0000000000
14062,20442243038246,PoH,sequence,4681000.0000000000
14063,20442243038359,PoH,total_ticks,4681000.0000000000
14064,20442247135710,PoH,tick_latency_ns,10923.0000000000
14065,20442247136346,PoH,sequence,4682000.0000000000
14066,20442247136621,PoH,total_ticks,4682000.0000000000
14067,20442251269339,PoH,tick_latency_ns,6866.0000000000
14068,20442251270274,PoH,sequence,4683000.0000000000
14069,20442251270509,PoH,total_ticks,4683000.0000000000
14070,20442255337497,PoH,tick_latency_ns,6224.0000000000
14071,20442255339657,PoH,sequence,4684000.0000000000
14072,20442255339804,PoH,total_ticks,4684000.0000000000
14073,20442259344442,PoH,tick_latency_ns,7334.0000000000
14074,20442259345402,PoH,sequence,4685000.0000000000
14075,20442259345664,PoH,total_ticks,4685000.0000000000
14076,20442263356455,PoH,tick_latency_ns,5783.0000000000
14077,20442263357369,PoH,sequence,4686000.0000000000
14078,20442263357624,PoH,total_ticks,4686000.0000000000
14079,20442266677765,PoH,tick_latency_ns,10630.0000000000
14080,20442266678322,PoH,sequence,4687000.0000000000
14081,20442266678518,PoH,total_ticks,4687000.0000000000
14082,20442268712549,PoH,tick_latency_ns,4841.0000000000
14083,20442268713620,PoH,sequence,4688000.0000000000
14084,20442268713764,PoH,total_ticks,4688000.0000000000
14085,20442270991019,PoH,tick_latency_ns,3967.0000000000
14086,20442270991887,PoH,sequence,4689000.0000000000
14087,20442270992210,PoH,total_ticks,4689000.0000000000
14088,20442273026468,PoH,tick_latency_ns,4428.0000000000
14089,20442273027519,PoH,sequence,4690000.0000000000
14090,20442273027708,PoH,total_ticks,4690000.0000000000
14091,20442275018403,PoH,tick_latency_ns,6274.0000000000
14092,20442275019951,PoH,sequence,4691000.0000000000
14093,20442275020208,PoH,total_ticks,4691000.0000000000
14094,20442277020970,PoH,tick_latency_ns,4964.0000000000
14095,20442277021746,PoH,sequence,4692000.0000000000
14096,20442277021991,PoH,total_ticks,4692000.0000000000
14097,20442278977353,PoH,tick_latency_ns,8761.0000000000
14098,20442278977809,PoH,sequence,4693000.0000000000
14099,20442278978082,PoH,total_ticks,4693000.0000000000
14100,20442281045442,PoH,tick_latency_ns,10379.0000000000
14101,20442281047373,PoH,sequence,4694000.0000000000
14102,20442281048295,PoH,total_ticks,4694000.0000000000
14103,20442282976317,PoH,tick_latency_ns,5456.0000000000
14104,20442282976882,PoH,sequence,4695000.0000000000
14105,20442282977021,PoH,total_ticks,4695000.0000000000
14106,20442284920979,PoH,tick_latency_ns,3662.0000000000
14107,20442284921708,PoH,sequence,4696000.0000000000
14108,20442284921912,PoH,total_ticks,4696000.0000000000
14109,20442287015918,PoH,tick_latency_ns,5012.0000000000
14110,20442287017384,PoH,sequence,4697000.0000000000
14111,20442287017564,PoH,total_ticks,4697000.0000000000
14112,20442288981135,PoH,tick_latency_ns,6203.0000000000
14113,20442288982274,PoH,sequence,4698000.0000000000
14114,20442288982403,PoH,total_ticks,4698000.0000000000
14115,20442291066320,PoH,tick_latency_ns,14540.0000000000
14116,20442291066934,PoH,sequence,4699000.0000000000
14117,20442291067149,PoH,total_ticks,4699000.0000000000
14118,20442293167977,PoH,tick_latency_ns,4458.0000000000
14119,20442293169355,PoH,sequence,4700000.0000000000
14120,20442293169812,PoH,total_ticks,4700000.0000000000
14121,20442295154628,PoH,tick_latency_ns,5295.0000000000
14122,20442295155984,PoH,sequence,4701000.0000000000
14123,20442295156129,PoH,total_ticks,4701000.0000000000
14124,20442300809714,PoH,tick_latency_ns,12939.0000000000
14125,20442300811703,PoH,sequence,4702000.0000000000
14126,20442300811831,PoH,total_ticks,4702000.0000000000
14127,20442306069646,PoH,tick_latency_ns,28911.0000000000
14128,20442306070381,PoH,sequence,4703000.0000000000
14129,20442306070525,PoH,total_ticks,4703000.0000000000
14130,20442307972921,PoH,tick_latency_ns,7614.0000000000
14131,20442307973410,PoH,sequence,4704000.0000000000
14132,20442307973525,PoH,total_ticks,4704000.0000000000
14133,20442311487695,PoH,tick_latency_ns,9711.0000000000
14134,20442311488662,PoH,sequence,4705000.0000000000
14135,20442311489193,PoH,total_ticks,4705000.0000000000
14136,20442313437559,PoH,tick_latency_ns,5080.0000000000
14137,20442313438413,PoH,sequence,4706000.0000000000
14138,20442313438743,PoH,total_ticks,4706000.0000000000
14139,20442315315394,PoH,tick_latency_ns,4894.0000000000
14140,20442315315845,PoH,sequence,4707000.0000000000
14141,20442315316159,PoH,total_ticks,4707000.0000000000
14142,20442317237543,PoH,tick_latency_ns,9752.0000000000
14143,20442317238115,PoH,sequence,4708000.0000000000
14144,20442317238375,PoH,total_ticks,4708000.0000000000
14145,20442319110902,PoH,tick_latency_ns,4507.0000000000
14146,20442319111312,PoH,sequence,4709000.0000000000
14147,20442319111519,PoH,total_ticks,4709000.0000000000
14148,20442320940872,PoH,tick_latency_ns,4230.0000000000
14149,20442320941257,PoH,sequence,4710000.0000000000
14150,20442320941534,PoH,total_ticks,4710000.0000000000
14151,20442324238280,PoH,tick_latency_ns,17044.0000000000
14152,20442324239657,PoH,sequence,4711000.0000000000
14153,20442324239795,PoH,total_ticks,4711000.0000000000
14154,20442325672632,PoH,tick_latency_ns,7133.0000000000
14155,20442325673307,PoH,sequence,4712000.0000000000
14156,20442325673503,PoH,total_ticks,4712000.0000000000
14157,20442327532835,PoH,tick_latency_ns,5412.0000000000
14158,20442327533221,PoH,sequence,4713000.0000000000
14159,20442327533512,PoH,total_ticks,4713000.0000000000
14160,20442329452877,PoH,tick_latency_ns,7354.0000000000
14161,20442329453774,PoH,sequence,4714000.0000000000
14162,20442329454641,PoH,total_ticks,4714000.0000000000
14163,20442331356917,PoH,tick_latency_ns,4835.0000000000
14164,20442331357544,PoH,sequence,4715000.0000000000
14165,20442331357725,PoH,total_ticks,4715000.0000000000
14166,20442333214722,PoH,tick_latency_ns,5122.0000000000
14167,20442333215576,PoH,sequence,4716000.0000000000
14168,20442333215709,PoH,total_ticks,4716000.0000000000
14169,20442338031008,PoH,tick_latency_ns,10029.0000000000
14170,20442338032393,PoH,sequence,4717000.0000000000
14171,20442338032536,PoH,total_ticks,4717000.0000000000
14172,20442343063448,PoH,tick_latency_ns,32027.0000000000
14173,20442343064702,PoH,sequence,4718000.0000000000
14174,20442343064836,PoH,total_ticks,4718000.0000000000
14175,20442344807170,PoH,tick_latency_ns,6174.0000000000
14176,20442344807692,PoH,sequence,4719000.0000000000
14177,20442344807936,PoH,total_ticks,4719000.0000000000
14178,20442350059804,PoH,tick_latency_ns,28892.0000000000
14179,20442350060528,PoH,sequence,4720000.0000000000
14180,20442350060649,PoH,total_ticks,4720000.0000000000
14181,20442351750190,PoH,tick_latency_ns,6175.0000000000
14182,20442351750672,PoH,sequence,4721000.0000000000
14183,20442351750818,PoH,total_ticks,4721000.0000000000
14184,20442357075602,PoH,tick_latency_ns,39275.0000000000
14185,20442357077037,PoH,sequence,4722000.0000000000
14186,20442357077157,PoH,total_ticks,4722000.0000000000
14187,20442358864779,PoH,tick_latency_ns,8200.0000000000
14188,20442358865578,PoH,sequence,4723000.0000000000
14189,20442358865711,PoH,total_ticks,4723000.0000000000
14190,20442364042124,PoH,tick_latency_ns,20327.0000000000
14191,20442364042778,PoH,sequence,4724000.0000000000
14192,20442364042897,PoH,total_ticks,4724000.0000000000
14193,20442365766982,PoH,tick_latency_ns,4367.0000000000
14194,20442365767421,PoH,sequence,4725000.0000000000
14195,20442365767518,PoH,total_ticks,4725000.0000000000
14196,20442367308471,PoH,tick_latency_ns,3984.0000000000
14197,20442367308861,PoH,sequence,4726000.0000000000
14198,20442367308952,PoH,total_ticks,4726000.0000000000
14199,20442371486013,PoH,tick_latency_ns,17454.0000000000
14200,20442371486740,PoH,sequence,4727000.0000000000
14201,20442371486868,PoH,total_ticks,4727000.0000000000
14202,20442373082395,PoH,tick_latency_ns,3806.0000000000
14203,20442373082673,PoH,sequence,4728000.0000000000
14204,20442373082843,PoH,total_ticks,4728000.0000000000
14205,20442374750050,PoH,tick_latency_ns,3260.0000000000
14206,20442374750420,PoH,sequence,4729000.0000000000
14207,20442374750570,PoH,total_ticks,4729000.0000000000
14208,20442376371924,PoH,tick_latency_ns,3194.0000000000
14209,20442376372197,PoH,sequence,4730000.0000000000
14210,20442376372349,PoH,total_ticks,4730000.0000000000
14211,20442377925721,PoH,tick_latency_ns,3086.0000000000
14212,20442377925997,PoH,sequence,4731000.0000000000
14213,20442377926154,PoH,total_ticks,4731000.0000000000
14214,20442379644755,PoH,tick_latency_ns,3942.0000000000
14215,20442379645099,PoH,sequence,4732000.0000000000
14216,20442379645196,PoH,total_ticks,4732000.0000000000
14217,20442382027506,PoH,tick_latency_ns,9699.0000000000
14218,20442382028175,PoH,sequence,4733000.0000000000
14219,20442382028272,PoH,total_ticks,4733000.0000000000
14220,20442386049671,PoH,tick_latency_ns,26195.0000000000
14221,20442386050527,PoH,sequence,4734000.0000000000
14222,20442386050766,PoH,total_ticks,4734000.0000000000
14223,20442387711469,PoH,tick_latency_ns,3383.0000000000
14224,20442387711746,PoH,sequence,4735000.0000000000
14225,20442387711848,PoH,total_ticks,4735000.0000000000
14226,20442389393509,PoH,tick_latency_ns,6113.0000000000
14227,20442389395021,PoH,sequence,4736000.0000000000
14228,20442389395235,PoH,total_ticks,4736000.0000000000
14229,20442393045170,PoH,tick_latency_ns,19031.0000000000
14230,20442393045544,PoH,sequence,4737000.0000000000
14231,20442393045697,PoH,total_ticks,4737000.0000000000
14232,20442394696419,PoH,tick_latency_ns,4562.0000000000
14233,20442394696844,PoH,sequence,4738000.0000000000
14234,20442394697010,PoH,total_ticks,4738000.0000000000
14235,20442397523763,PoH,tick_latency_ns,13578.0000000000
14236,20442397524465,PoH,sequence,4739000.0000000000
14237,20442397524618,PoH,total_ticks,4739000.0000000000
14238,20442401347418,PoH,tick_latency_ns,4038.0000000000
14239,20442401348028,PoH,sequence,4740000.0000000000
14240,20442401348156,PoH,total_ticks,4740000.0000000000
14241,20442403151525,PoH,tick_latency_ns,3470.0000000000
14242,20442403151891,PoH,sequence,4741000.0000000000
14243,20442403152010,PoH,total_ticks,4741000.0000000000
14244,20442406057948,PoH,tick_latency_ns,26000.0000000000
14245,20442406059604,PoH,sequence,4742000.0000000000
14246,20442406059842,PoH,total_ticks,4742000.0000000000
14247,20442410729361,PoH,tick_latency_ns,20607.0000000000
14248,20442410730065,PoH,sequence,4743000.0000000000
14249,20442410730181,PoH,total_ticks,4743000.0000000000
14250,20442412541697,PoH,tick_latency_ns,2999.0000000000
14251,20442412542049,PoH,sequence,4744000.0000000000
14252,20442412542179,PoH,total_ticks,4744000.0000000000
14253,20442414292685,PoH,tick_latency_ns,3228.0000000000
14254,20442414293559,PoH,sequence,4745000.0000000000
14255,20442414293658,PoH,total_ticks,4745000.0000000000
14256,20442415998572,PoH,tick_latency_ns,3030.0000000000
14257,20442415998832,PoH,sequence,4746000.0000000000
14258,20442415998922,PoH,total_ticks,4746000.0000000000
14259,20442417711114,PoH,tick_latency_ns,7865.0000000000
14260,20442417712024,PoH,sequence,4747000.0000000000
14261,20442417712110,PoH,total_ticks,4747000.0000000000
14262,20442419502897,PoH,tick_latency_ns,6084.0000000000
14263,20442419504191,PoH,sequence,4748000.0000000000
14264,20442419504378,PoH,total_ticks,4748000.0000000000
14265,20442421409577,PoH,tick_latency_ns,6816.0000000000
14266,20442421410220,PoH,sequence,4749000.0000000000
14267,20442421410348,PoH,total_ticks,4749000.0000000000
14268,20442426043587,PoH,tick_latency_ns,22106.0000000000
14269,20442426044440,PoH,sequence,4750000.0000000000
14270,20442426044586,PoH,total_ticks,4750000.0000000000
14271,20442431040233,PoH,tick_latency_ns,21213.0000000000
14272,20442431040941,PoH,sequence,4751000.0000000000
14273,20442431041132,PoH,total_ticks,4751000.0000000000
14274,20442432737453,PoH,tick_latency_ns,6488.0000000000
14275,20442432738187,PoH,sequence,4752000.0000000000
14276,20442432738476,PoH,total_ticks,4752000.0000000000
14277,20442438080009,PoH,tick_latency_ns,36883.0000000000
14278,20442438081295,PoH,sequence,4753000.0000000000
14279,20442438081608,PoH,total_ticks,4753000.0000000000
14280,20442439798456,PoH,tick_latency_ns,5258.0000000000
14281,20442439798844,PoH,sequence,4754000.0000000000
14282,20442439799049,PoH,total_ticks,4754000.0000000000
14283,20442441575713,PoH,tick_latency_ns,5759.0000000000
14284,20442441576268,PoH,sequence,4755000.0000000000
14285,20442441576414,PoH,total_ticks,4755000.0000000000
14286,20442446048000,PoH,tick_latency_ns,25101.0000000000
14287,20442446048848,PoH,sequence,4756000.0000000000
14288,20442446049087,PoH,total_ticks,4756000.0000000000
14289,20442448430814,PoH,tick_latency_ns,32996.0000000000
14290,20442448433233,PoH,sequence,4757000.0000000000
14291,20442448433551,PoH,total_ticks,4757000.0000000000
14292,20442452052818,PoH,tick_latency_ns,22800.0000000000
14293,20442452053408,PoH,sequence,4758000.0000000000
14294,20442452053498,PoH,total_ticks,4758000.0000000000
14295,20442453979524,PoH,tick_latency_ns,3757.0000000000
14296,20442453979913,PoH,sequence,4759000.0000000000
14297,20442453980071,PoH,total_ticks,4759000.0000000000
14298,20442455965410,PoH,tick_latency_ns,4779.0000000000
14299,20442455965673,PoH,sequence,4760000.0000000000
14300,20442455965810,PoH,total_ticks,4760000.0000000000
14301,20442458096345,PoH,tick_latency_ns,11985.0000000000
14302,20442458097738,PoH,sequence,4761000.0000000000
14303,20442458098028,PoH,total_ticks,4761000.0000000000
14304,20442461142897,PoH,tick_latency_ns,2979.0000000000
14305,20442461143478,PoH,sequence,4762000.0000000000
14306,20442461143681,PoH,total_ticks,4762000.0000000000
14307,20442464158023,PoH,tick_latency_ns,21322.0000000000
14308,20442464159804,PoH,sequence,4763000.0000000000
14309,20442464159937,PoH,total_ticks,4763000.0000000000
14310,20442466031193,PoH,tick_latency_ns,6249.0000000000
14311,20442466031805,PoH,sequence,4764000.0000000000
14312,20442466031942,PoH,total_ticks,4764000.0000000000
14313,20442467921646,PoH,tick_latency_ns,7090.0000000000
14314,20442467923129,PoH,sequence,4765000.0000000000
14315,20442467923240,PoH,total_ticks,4765000.0000000000
14316,20442469796970,PoH,tick_latency_ns,6888.0000000000
14317,20442469797455,PoH,sequence,4766000.0000000000
14318,20442469797582,PoH,total_ticks,4766000.0000000000
14319,20442471631087,PoH,tick_latency_ns,4610.0000000000
14320,20442471631945,PoH,sequence,4767000.0000000000
14321,20442471632063,PoH,total_ticks,4767000.0000000000
14322,20442473532724,PoH,tick_latency_ns,10796.0000000000
14323,20442473534536,PoH,sequence,4768000.0000000000
14324,20442473534736,PoH,total_ticks,4768000.0000000000
14325,20442475380328,PoH,tick_latency_ns,4394.0000000000
14326,20442475381435,PoH,sequence,4769000.0000000000
14327,20442475381562,PoH,total_ticks,4769000.0000000000
14328,20442477246074,PoH,tick_latency_ns,5611.0000000000
14329,20442477246532,PoH,sequence,4770000.0000000000
14330,20442477246757,PoH,total_ticks,4770000.0000000000
14331,20442479202145,PoH,tick_latency_ns,8993.0000000000
14332,20442479203009,PoH,sequence,4771000.0000000000
14333,20442479203388,PoH,total_ticks,4771000.0000000000
14334,20442481088665,PoH,tick_latency_ns,5577.0000000000
14335,20442481089591,PoH,sequence,4772000.0000000000
14336,20442481089722,PoH,total_ticks,4772000.0000000000
14337,20442482925938,PoH,tick_latency_ns,6544.0000000000
14338,20442482926402,PoH,sequence,4773000.0000000000
14339,20442482926550,PoH,total_ticks,4773000.0000000000
14340,20442484936751,PoH,tick_latency_ns,5191.0000000000
14341,20442484937861,PoH,sequence,4774000.0000000000
14342,20442484938058,PoH,total_ticks,4774000.0000000000
14343,20442486897798,PoH,tick_latency_ns,7360.0000000000
14344,20442486898570,PoH,sequence,4775000.0000000000
14345,20442486898805,PoH,total_ticks,4775000.0000000000
14346,20442488826467,PoH,tick_latency_ns,5153.0000000000
14347,20442488827209,PoH,sequence,4776000.0000000000
14348,20442488827403,PoH,total_ticks,4776000.0000000000
14349,20442490878575,PoH,tick_latency_ns,7745.0000000000
14350,20442490879285,PoH,sequence,4777000.0000000000
14351,20442490879401,PoH,total_ticks,4777000.0000000000
14352,20442492810812,PoH,tick_latency_ns,5020.0000000000
14353,20442492811602,PoH,sequence,4778000.0000000000
14354,20442492811716,PoH,total_ticks,4778000.0000000000
14355,20442494750401,PoH,tick_latency_ns,15228.0000000000
14356,20442494751406,PoH,sequence,4779000.0000000000
14357,20442494751604,PoH,total_ticks,4779000.0000000000
14358,20442496604700,PoH,tick_latency_ns,5151.0000000000
14359,20442496605182,PoH,sequence,4780000.0000000000
14360,20442496605319,PoH,total_ticks,4780000.0000000000
14361,20442498520967,PoH,tick_latency_ns,5092.0000000000
14362,20442498521465,PoH,sequence,4781000.0000000000
14363,20442498521608,PoH,total_ticks,4781000.0000000000
14364,20442500537217,PoH,tick_latency_ns,11971.0000000000
14365,20442500539134,PoH,sequence,4782000.0000000000
14366,20442500539425,PoH,total_ticks,4782000.0000000000
14367,20442502502397,PoH,tick_latency_ns,5158.0000000000
14368,20442502502813,PoH,sequence,4783000.0000000000
14369,20442502502950,PoH,total_ticks,4783000.0000000000
14370,20442504470265,PoH,tick_latency_ns,18994.0000000000
14371,20442504477109,PoH,sequence,4784000.0000000000
14372,20442504478093,PoH,total_ticks,4784000.0000000000
14373,20442506504070,PoH,tick_latency_ns,5932.0000000000
14374,20442506504779,PoH,sequence,4785000.0000000000
14375,20442506504878,PoH,total_ticks,4785000.0000000000
14376,20442508420428,PoH,tick_latency_ns,5915.0000000000
14377,20442508421893,PoH,sequence,4786000.0000000000
14378,20442508421993,PoH,total_ticks,4786000.0000000000
14379,20442510390525,PoH,tick_latency_ns,7192.0000000000
14380,20442510391703,PoH,sequence,4787000.0000000000
14381,20442510391856,PoH,total_ticks,4787000.0000000000
14382,20442512392783,PoH,tick_latency_ns,7400.0000000000
14383,20442512393319,PoH,sequence,4788000.0000000000
14384,20442512393767,PoH,total_ticks,4788000.0000000000
14385,20442514341672,PoH,tick_latency_ns,5501.0000000000
14386,20442514342043,PoH,sequence,4789000.0000000000
14387,20442514342167,PoH,total_ticks,4789000.0000000000
14388,20442516367959,PoH,tick_latency_ns,5078.0000000000
14389,20442516368716,PoH,sequence,4790000.0000000000
14390,20442516369017,PoH,total_ticks,4790000.0000000000
14391,20442518295852,PoH,tick_latency_ns,5698.0000000000
14392,20442518296452,PoH,sequence,4791000.0000000000
14393,20442518296682,PoH,total_ticks,4791000.0000000000
14394,20442520215808,PoH,tick_latency_ns,5022.0000000000
14395,20442520216233,PoH,sequence,4792000.0000000000
14396,20442520216443,PoH,total_ticks,4792000.0000000000
14397,20442522158344,PoH,tick_latency_ns,4629.0000000000
14398,20442522158854,PoH,sequence,4793000.0000000000
14399,20442522158967,PoH,total_ticks,4793000.0000000000
14400,20442524098381,PoH,tick_latency_ns,5656.0000000000
14401,20442524099600,PoH,sequence,4794000.0000000000
14402,20442524099879,PoH,total_ticks,4794000.0000000000
14403,20442526222267,PoH,tick_latency_ns,13551.0000000000
14404,20442526223117,PoH,sequence,4795000.0000000000
14405,20442526223249,PoH,total_ticks,4795000.0000000000
14406,20442528445709,PoH,tick_latency_ns,16050.0000000000
14407,20442528446672,PoH,sequence,4796000.0000000000
14408,20442528446821,PoH,total_ticks,4796000.0000000000
14409,20442531015197,PoH,tick_latency_ns,6696.0000000000
14410,20442531016114,PoH,sequence,4797000.0000000000
14411,20442531016254,PoH,total_ticks,4797000.0000000000
14412,20442533028009,PoH,tick_latency_ns,6028.0000000000
14413,20442533028717,PoH,sequence,4798000.0000000000
14414,20442533028892,PoH,total_ticks,4798000.0000000000
14415,20442534944174,PoH,tick_latency_ns,6571.0000000000
14416,20442534945021,PoH,sequence,4799000.0000000000
14417,20442534945162,PoH,total_ticks,4799000.0000000000
14418,20442536880591,PoH,tick_latency_ns,4663.0000000000
14419,20442536881334,PoH,sequence,4800000.0000000000
14420,20442536881483,PoH,total_ticks,4800000.0000000000
14421,20442538899114,PoH,tick_latency_ns,9278.0000000000
14422,20442538899669,PoH,sequence,4801000.0000000000
14423,20442538899923,PoH,total_ticks,4801000.0000000000
14424,20442540812092,PoH,tick_latency_ns,6346.0000000000
14425,20442540812983,PoH,sequence,4802000.0000000000
14426,20442540813118,PoH,total_ticks,4802000.0000000000
14427,20442543312421,PoH,tick_latency_ns,9142.0000000000
14428,20442543313682,PoH,sequence,4803000.0000000000
14429,20442543314068,PoH,total_ticks,4803000.0000000000
14430,20442545288607,PoH,tick_latency_ns,4993.0000000000
14431,20442545289405,PoH,sequence,4804000.0000000000
14432,20442545289647,PoH,total_ticks,4804000.0000000000
14433,20442547224411,PoH,tick_latency_ns,3702.0000000000
14434,20442547224980,PoH,sequence,4805000.0000000000
14435,20442547225115,PoH,total_ticks,4805000.0000000000
14436,20442549150800,PoH,tick_latency_ns,3736.0000000000
14437,20442549151183,PoH,sequence,4806000.0000000000
14438,20442549151372,PoH,total_ticks,4806000.0000000000
14439,20442551117946,PoH,tick_latency_ns,5416.0000000000
14440,20442551118708,PoH,sequence,4807000.0000000000
14441,20442551118938,PoH,total_ticks,4807000.0000000000
14442,20442553027093,PoH,tick_latency_ns,7133.0000000000
14443,20442553028487,PoH,sequence,4808000.0000000000
14444,20442553028807,PoH,total_ticks,4808000.0000000000
14445,20442554972273,PoH,tick_latency_ns,6713.0000000000
14446,20442554973359,PoH,sequence,4809000.0000000000
14447,20442554973537,PoH,total_ticks,4809000.0000000000
14448,20442556894451,PoH,tick_latency_ns,5312.0000000000
14449,20442556894837,PoH,sequence,4810000.0000000000
14450,20442556894985,PoH,total_ticks,4810000.0000000000
14451,20442558833760,PoH,tick_latency_ns,5513.0000000000
14452,20442558834408,PoH,sequence,4811000.0000000000
14453,20442558834558,PoH,total_ticks,4811000.0000000000
14454,20442560894915,PoH,tick_latency_ns,7921.0000000000
14455,20442560895631,PoH,sequence,4812000.0000000000
14456,20442560895776,PoH,total_ticks,4812000.0000000000
14457,20442562840503,PoH,tick_latency_ns,6953.0000000000
14458,20442562841156,PoH,sequence,4813000.0000000000
14459,20442562841496,PoH,total_ticks,4813000.0000000000
14460,20442564805271,PoH,tick_latency_ns,7720.0000000000
14461,20442564806201,PoH,sequence,4814000.0000000000
14462,20442564806658,PoH,total_ticks,4814000.0000000000
14463,20442566839615,PoH,tick_latency_ns,10320.0000000000
14464,20442566840538,PoH,sequence,4815000.0000000000
14465,20442566840892,PoH,total_ticks,4815000.0000000000
14466,20442568792815,PoH,tick_latency_ns,5524.0000000000
14467,20442568793568,PoH,sequence,4816000.0000000000
14468,20442568793791,PoH,total_ticks,4816000.0000000000
14469,20442570814840,PoH,tick_latency_ns,6947.0000000000
14470,20442570815559,PoH,sequence,4817000.0000000000
14471,20442570815675,PoH,total_ticks,4817000.0000000000
14472,20442572775432,PoH,tick_latency_ns,5549.0000000000
14473,20442572775976,PoH,sequence,4818000.0000000000
14474,20442572776083,PoH,total_ticks,4818000.0000000000
14475,20442574678016,PoH,tick_latency_ns,7935.0000000000
14476,20442574678802,PoH,sequence,4819000.0000000000
14477,20442574679084,PoH,total_ticks,4819000.0000000000
14478,20442576622287,PoH,tick_latency_ns,6725.0000000000
14479,20442576623111,PoH,sequence,4820000.0000000000
14480,20442576623334,PoH,total_ticks,4820000.0000000000
14481,20442578559513,PoH,tick_latency_ns,5727.0000000000
14482,20442578560219,PoH,sequence,4821000.0000000000
14483,20442578560447,PoH,total_ticks,4821000.0000000000
14484,20442580515530,PoH,tick_latency_ns,4920.0000000000
14485,20442580516185,PoH,sequence,4822000.0000000000
14486,20442580516332,PoH,total_ticks,4822000.0000000000
14487,20442582583381,PoH,tick_latency_ns,5720.0000000000
14488,20442582583793,PoH,sequence,4823000.0000000000
14489,20442582584082,PoH,total_ticks,4823000.0000000000
14490,20442584523492,PoH,tick_latency_ns,4452.0000000000
14491,20442584524118,PoH,sequence,4824000.0000000000
14492,20442584524328,PoH,total_ticks,4824000.0000000000
14493,20442586518902,PoH,tick_latency_ns,7220.0000000000
14494,20442586519549,PoH,sequence,4825000.0000000000
14495,20442586519760,PoH,total_ticks,4825000.0000000000
14496,20442588473279,PoH,tick_latency_ns,5770.0000000000
14497,20442588473759,PoH,sequence,4826000.0000000000
14498,20442588473870,PoH,total_ticks,4826000.0000000000
14499,20442590413124,PoH,tick_latency_ns,9617.0000000000
14500,20442590414254,PoH,sequence,4827000.0000000000
14501,20442590414644,PoH,total_ticks,4827000.0000000000
14502,20442592452962,PoH,tick_latency_ns,5696.0000000000
14503,20442592453752,PoH,sequence,4828000.0000000000
14504,20442592454045,PoH,total_ticks,4828000.0000000000
14505,20442594413139,PoH,tick_latency_ns,5834.0000000000
14506,20442594413754,PoH,sequence,4829000.0000000000
14507,20442594414164,PoH,total_ticks,4829000.0000000000
14508,20442596376282,PoH,tick_latency_ns,4819.0000000000
14509,20442596376747,PoH,sequence,4830000.0000000000
14510,20442596376927,PoH,total_ticks,4830000.0000000000
14511,20442598303623,PoH,tick_latency_ns,4290.0000000000
14512,20442598304130,PoH,sequence,4831000.0000000000
14513,20442598304262,PoH,total_ticks,4831000.0000000000
14514,20442600275251,PoH,tick_latency_ns,6199.0000000000
14515,20442600275934,PoH,sequence,4832000.0000000000
14516,20442600276126,PoH,total_ticks,4832000.0000000000
14517,20442602228989,PoH,tick_latency_ns,5000.0000000000
14518,20442602229349,PoH,sequence,4833000.0000000000
14519,20442602229559,PoH,total_ticks,4833000.0000000000
14520,20442604278207,PoH,tick_latency_ns,6029.0000000000
14521,20442604278873,PoH,sequence,4834000.0000000000
14522,20442604279088,PoH,total_ticks,4834000.0000000000
14523,20442606220532,PoH,tick_latency_ns,5746.0000000000
14524,20442606220994,PoH,sequence,4835000.0000000000
14525,20442606221105,PoH,total_ticks,4835000.0000000000
14526,20442608235675,PoH,tick_latency_ns,5982.0000000000
14527,20442608236300,PoH,sequence,4836000.0000000000
14528,20442608236416,PoH,total_ticks,4836000.0000000000
14529,20442610218775,PoH,tick_latency_ns,7115.0000000000
14530,20442610219705,PoH,sequence,4837000.0000000000
14531,20442610219975,PoH,total_ticks,4837000.0000000000
14532,20442612157832,PoH,tick_latency_ns,4431.0000000000
14533,20442612158280,PoH,sequence,4838000.0000000000
14534,20442612158392,PoH,total_ticks,4838000.0000000000
14535,20442614169599,PoH,tick_latency_ns,5157.0000000000
14536,20442614170150,PoH,sequence,4839000.0000000000
14537,20442614170304,PoH,total_ticks,4839000.0000000000
14538,20442616118533,PoH,tick_latency_ns,5148.0000000000
14539,20442616119423,PoH,sequence,4840000.0000000000
14540,20442616119651,PoH,total_ticks,4840000.0000000000
14541,20442618042525,PoH,tick_latency_ns,5580.0000000000
14542,20442618043179,PoH,sequence,4841000.0000000000
14543,20442618043432,PoH,total_ticks,4841000.0000000000
14544,20442620027025,PoH,tick_latency_ns,7388.0000000000
14545,20442620027936,PoH,sequence,4842000.0000000000
14546,20442620028058,PoH,total_ticks,4842000.0000000000
14547,20442621936599,PoH,tick_latency_ns,4333.0000000000
14548,20442621936992,PoH,sequence,4843000.0000000000
14549,20442621937138,PoH,total_ticks,4843000.0000000000
14550,20442623885342,PoH,tick_latency_ns,9610.0000000000
14551,20442623886446,PoH,sequence,4844000.0000000000
14552,20442623886798,PoH,total_ticks,4844000.0000000000
14553,20442625807985,PoH,tick_latency_ns,5077.0000000000
14554,20442625808798,PoH,sequence,4845000.0000000000
14555,20442625808892,PoH,total_ticks,4845000.0000000000
14556,20442627771959,PoH,tick_latency_ns,7332.0000000000
14557,20442627772923,PoH,sequence,4846000.0000000000
14558,20442627773235,PoH,total_ticks,4846000.0000000000
14559,20442629797177,PoH,tick_latency_ns,5568.0000000000
14560,20442629797586,PoH,sequence,4847000.0000000000
14561,20442629797725,PoH,total_ticks,4847000.0000000000
14562,20442631760366,PoH,tick_latency_ns,14498.0000000000
14563,20442631763954,PoH,sequence,4848000.0000000000
14564,20442631764292,PoH,total_ticks,4848000.0000000000
14565,20442633692129,PoH,tick_latency_ns,4894.0000000000
14566,20442633693104,PoH,sequence,4849000.0000000000
14567,20442633693316,PoH,total_ticks,4849000.0000000000
14568,20442635730272,PoH,tick_latency_ns,5216.0000000000
14569,20442635731072,PoH,sequence,4850000.0000000000
14570,20442635731302,PoH,total_ticks,4850000.0000000000
14571,20442637990083,PoH,tick_latency_ns,14179.0000000000
14572,20442637990742,PoH,sequence,4851000.0000000000
14573,20442637991093,PoH,total_ticks,4851000.0000000000
14574,20442639939628,PoH,tick_latency_ns,4694.0000000000
14575,20442639940039,PoH,sequence,4852000.0000000000
14576,20442639940127,PoH,total_ticks,4852000.0000000000
14577,20442641986467,PoH,tick_latency_ns,5474.0000000000
14578,20442641987510,PoH,sequence,4853000.0000000000
14579,20442641987707,PoH,total_ticks,4853000.0000000000
14580,20442644431124,PoH,tick_latency_ns,20994.0000000000
14581,20442644431810,PoH,sequence,4854000.0000000000
14582,20442644431960,PoH,total_ticks,4854000.0000000000
14583,20442646508082,PoH,tick_latency_ns,5998.0000000000
14584,20442646508696,PoH,sequence,4855000.0000000000
14585,20442646508972,PoH,total_ticks,4855000.0000000000
14586,20442648394274,PoH,ticks_per_second,484985.7982715291
14587,20442648397400,PoH,uptime_seconds,10.0126643240
