module,observable,t_k,u_over_t,value,err
correlated_fermions_non_hubbard,energy_eV,95.000000,7.170000,2.1300000000,0.1300000000
far_from_equilibrium_kinetic_lattices,energy_eV,95.000000,8.000000,1.9800000000,0.1980000000
hubbard_hts_core,pairing,95.000000,8.000000,0.7400000000,0.0200000000
hubbard_hts_core,energy_eV,95.000000,8.000000,1.9856000000,0.0050000000
multi_correlated_fermion_boson_networks,energy_eV,95.000000,8.000000,1.8400000000,0.1800000000
multiscale_nonlinear_field_models,energy_eV,95.000000,8.000000,2.2900000000,0.2000000000
topological_correlated_materials,energy_eV,0.000000,0.000000,1.9400000000,0.1000000000
